Date,Open,High,Low,Close,Adj Close,Volume
2000-01-04,9.0,9.0,8.75,8.75,3.3894355297088623,782000
2000-01-05,8.300000190734863,8.5,8.300000190734863,8.399999618530273,3.2538578510284424,1964000
2000-01-06,8.5,8.600000381469727,8.050000190734863,8.199999809265137,3.1763858795166016,1385000
2000-01-07,8.300000190734863,8.550000190734863,8.199999809265137,8.25,3.1957530975341797,1860275
2000-01-10,8.300000190734863,8.399999618530273,8.100000381469727,8.100000381469727,3.137648344039917,963019
2000-01-11,8.199999809265137,8.449999809265137,8.149999618530273,8.199999809265137,3.1763858795166016,1589000
2000-01-12,8.050000190734863,8.149999618530273,8.0,8.0,3.0989127159118652,1679000
2000-01-13,8.100000381469727,8.100000381469727,7.800000190734863,7.849999904632568,3.0408074855804443,2400575
2000-01-14,7.849999904632568,8.0,7.800000190734863,7.800000190734863,3.0214388370513916,2584000
2000-01-17,7.800000190734863,8.300000190734863,7.800000190734863,8.199999809265137,3.1763858795166016,1076000
2000-01-18,8.25,8.25,7.900000095367432,7.900000095367432,3.0601749420166016,1248000
2000-01-19,7.900000095367432,7.900000095367432,7.75,7.800000190734863,3.0214388370513916,1367000
2000-01-20,7.800000190734863,7.949999809265137,7.75,7.800000190734863,3.0214388370513916,734225
2000-01-21,7.699999809265137,7.900000095367432,7.699999809265137,7.699999809265137,2.982703447341919,712000
2000-01-24,7.800000190734863,7.900000095367432,7.650000095367432,7.75,3.0020720958709717,563100
2000-01-25,7.550000190734863,7.75,7.550000190734863,7.599999904632568,2.9439663887023926,380000
2000-01-26,7.75,7.75,7.599999904632568,7.650000095367432,2.963336229324341,620000
2000-01-27,7.800000190734863,7.949999809265137,7.650000095367432,7.800000190734863,3.0214388370513916,1393500
2000-01-28,7.900000095367432,7.900000095367432,7.449999809265137,7.449999809265137,2.885861873626709,3317000
2000-01-31,7.199999809265137,7.400000095367432,7.199999809265137,7.25,2.808389902114868,2141478
2000-02-01,7.300000190734863,7.300000190734863,7.099999904632568,7.150000095367432,2.7696521282196045,2512000
2000-02-02,7.25,7.25,7.050000190734863,7.099999904632568,2.750284433364868,1626000
2000-02-03,7.099999904632568,7.199999809265137,7.050000190734863,7.199999809265137,2.7890207767486572,1157000
2000-02-04,7.199999809265137,7.199999809265137,7.199999809265137,7.199999809265137,2.7890207767486572,0
2000-02-07,7.199999809265137,7.199999809265137,7.199999809265137,7.199999809265137,2.7890207767486572,0
2000-02-08,7.199999809265137,7.199999809265137,6.900000095367432,7.0,2.7115490436553955,866000
2000-02-09,7.050000190734863,7.050000190734863,6.800000190734863,6.900000095367432,2.6728122234344482,1939750
2000-02-10,6.900000095367432,6.900000095367432,6.699999809265137,6.699999809265137,2.595338821411133,1826000
2000-02-11,6.650000095367432,6.699999809265137,6.349999904632568,6.349999904632568,2.459760904312134,6788000
2000-02-14,6.400000095367432,6.5,6.300000190734863,6.349999904632568,2.459760904312134,2749000
2000-02-15,6.400000095367432,6.599999904632568,6.300000190734863,6.5,2.5178661346435547,2614000
2000-02-16,6.599999904632568,7.25,6.599999904632568,6.800000190734863,2.63407564163208,4094000
2000-02-17,6.849999904632568,7.099999904632568,6.75,6.75,2.6147069931030273,5336000
2000-02-18,6.699999809265137,7.0,6.650000095367432,6.900000095367432,2.6728122234344482,2535000
2000-02-21,6.900000095367432,7.0,6.75,6.849999904632568,2.6534438133239746,1241500
2000-02-22,6.949999809265137,7.0,6.599999904632568,6.699999809265137,2.595338821411133,2107000
2000-02-23,6.800000190734863,6.900000095367432,6.699999809265137,6.75,2.6147069931030273,1397500
2000-02-24,6.75,6.849999904632568,6.599999904632568,6.699999809265137,2.595338821411133,1776000
2000-02-25,6.699999809265137,6.75,6.449999809265137,6.599999904632568,2.556602716445923,1497110
2000-02-28,6.599999904632568,6.599999904632568,6.349999904632568,6.400000095367432,2.479130506515503,1675000
2000-02-29,6.300000190734863,6.400000095367432,5.900000095367432,6.050000190734863,2.343552827835083,9009000
2000-03-01,6.099999904632568,6.199999809265137,6.0,6.150000095367432,2.382289409637451,1894000
2000-03-02,6.0,6.199999809265137,6.0,6.099999904632568,2.3629202842712402,1327951
2000-03-03,6.099999904632568,6.199999809265137,5.949999809265137,6.050000190734863,2.343552827835083,1283000
2000-03-06,6.099999904632568,6.25,6.099999904632568,6.199999809265137,2.40165638923645,1037000
2000-03-07,6.199999809265137,6.25,6.150000095367432,6.25,2.421025514602661,962630
2000-03-08,6.050000190734863,6.25,6.050000190734863,6.25,2.421025514602661,563000
2000-03-09,6.25,6.25,6.099999904632568,6.099999904632568,2.3629202842712402,1262000
2000-03-10,6.099999904632568,6.199999809265137,6.050000190734863,6.099999904632568,2.3629202842712402,845666
2000-03-13,6.099999904632568,6.349999904632568,6.0,6.300000190734863,2.4403934478759766,2119007
2000-03-14,6.349999904632568,6.599999904632568,6.300000190734863,6.449999809265137,2.498497486114502,1557250
2000-03-15,6.300000190734863,6.449999809265137,6.300000190734863,6.400000095367432,2.479130506515503,1312000
2000-03-16,6.349999904632568,6.449999809265137,6.300000190734863,6.349999904632568,2.459760904312134,1041000
2000-03-17,6.449999809265137,6.599999904632568,6.300000190734863,6.550000190734863,2.537233591079712,1299000
2000-03-20,6.300000190734863,6.5,6.300000190734863,6.349999904632568,2.459760904312134,793612
2000-03-21,6.349999904632568,6.400000095367432,6.300000190734863,6.349999904632568,2.459760904312134,1046000
2000-03-22,6.300000190734863,6.5,6.300000190734863,6.5,2.5178661346435547,855000
2000-03-23,6.599999904632568,6.599999904632568,6.300000190734863,6.300000190734863,2.4403934478759766,1136000
2000-03-24,6.449999809265137,6.550000190734863,6.400000095367432,6.400000095367432,2.479130506515503,1608300
2000-03-27,6.400000095367432,6.449999809265137,6.300000190734863,6.400000095367432,2.479130506515503,1690334
2000-03-28,6.349999904632568,6.5,6.300000190734863,6.5,2.5178661346435547,708000
2000-03-29,6.449999809265137,6.5,6.25,6.349999904632568,2.459760904312134,996000
2000-03-30,6.300000190734863,6.550000190734863,6.300000190734863,6.550000190734863,2.537233591079712,1111700
2000-03-31,6.550000190734863,6.599999904632568,6.349999904632568,6.400000095367432,2.479130506515503,1283000
2000-04-03,6.5,6.75,6.5,6.550000190734863,2.537233591079712,2298000
2000-04-04,6.550000190734863,6.550000190734863,6.550000190734863,6.550000190734863,2.537233591079712,0
2000-04-05,6.400000095367432,6.800000190734863,6.400000095367432,6.449999809265137,2.498497486114502,1752610
2000-04-06,6.599999904632568,6.599999904632568,6.349999904632568,6.599999904632568,2.556602716445923,1152000
2000-04-07,6.400000095367432,6.5,6.400000095367432,6.400000095367432,2.479130506515503,615000
2000-04-10,6.400000095367432,6.400000095367432,6.25,6.300000190734863,2.4403934478759766,556466
2000-04-11,6.25,6.349999904632568,6.199999809265137,6.25,2.421025514602661,1136000
2000-04-12,6.300000190734863,6.300000190734863,6.25,6.25,2.421025514602661,2455000
2000-04-13,6.099999904632568,6.25,6.050000190734863,6.25,2.468419313430786,3469000
2000-04-14,6.25,6.550000190734863,6.150000095367432,6.550000190734863,2.586902379989624,4085200
2000-04-17,6.150000095367432,6.349999904632568,5.800000190734863,6.349999904632568,2.5079128742218018,3803000
2000-04-18,6.400000095367432,6.5,6.25,6.300000190734863,2.488166332244873,1123500
2000-04-19,6.400000095367432,6.400000095367432,6.199999809265137,6.199999809265137,2.4486708641052246,525300
2000-04-20,6.199999809265137,6.25,6.050000190734863,6.150000095367432,2.428924560546875,1189000
2000-04-21,6.150000095367432,6.150000095367432,6.150000095367432,6.150000095367432,2.428924560546875,0
2000-04-24,6.150000095367432,6.150000095367432,6.150000095367432,6.150000095367432,2.428924560546875,0
2000-04-25,6.099999904632568,6.349999904632568,6.050000190734863,6.300000190734863,2.488166332244873,1094500
2000-04-26,6.400000095367432,6.5,6.050000190734863,6.199999809265137,2.4486708641052246,1300635
2000-04-27,6.199999809265137,6.199999809265137,6.050000190734863,6.099999904632568,2.4091765880584717,1377300
2000-04-28,6.150000095367432,6.150000095367432,6.050000190734863,6.050000190734863,2.389430046081543,1626000
2000-05-01,6.050000190734863,6.050000190734863,6.050000190734863,6.050000190734863,2.389430046081543,0
2000-05-02,6.099999904632568,6.199999809265137,6.050000190734863,6.050000190734863,2.389430046081543,2019000
2000-05-03,6.0,6.150000095367432,5.949999809265137,6.099999904632568,2.4091765880584717,1749300
2000-05-04,6.0,6.0,5.949999809265137,5.949999809265137,2.3499345779418945,1509000
2000-05-05,6.099999904632568,6.150000095367432,6.050000190734863,6.050000190734863,2.389430046081543,1725000
2000-05-08,6.099999904632568,6.150000095367432,5.949999809265137,6.0,2.3696815967559814,1175571
2000-05-09,6.0,6.0,6.0,6.0,2.3696815967559814,0
2000-05-10,5.800000190734863,5.800000190734863,5.599999904632568,5.650000095367432,2.231450319290161,2067000
2000-05-11,5.650000095367432,5.650000095367432,5.650000095367432,5.650000095367432,2.231450319290161,0
2000-05-12,5.650000095367432,5.75,5.449999809265137,5.650000095367432,2.231450319290161,8170000
2000-05-15,5.800000190734863,5.800000190734863,5.599999904632568,5.599999904632568,2.211703062057495,1062000
2000-05-16,5.599999904632568,5.599999904632568,5.5,5.550000190734863,2.1919562816619873,2193000
2000-05-17,5.599999904632568,5.699999809265137,5.5,5.5,2.172208547592163,1425000
2000-05-18,5.449999809265137,5.5,5.300000190734863,5.349999904632568,2.112966299057007,1837000
2000-05-19,5.300000190734863,5.300000190734863,5.0,5.099999904632568,2.014230251312256,6407000
2000-05-22,5.0,5.050000190734863,4.949999809265137,5.050000190734863,1.9944825172424316,2511500
2000-05-23,5.099999904632568,5.25,5.050000190734863,5.25,2.0734713077545166,1348830
2000-05-24,5.099999904632568,5.150000095367432,5.0,5.099999904632568,2.014230251312256,1355000
2000-05-25,5.050000190734863,5.150000095367432,4.949999809265137,5.050000190734863,1.9944825172424316,1662300
2000-05-26,4.949999809265137,4.949999809265137,4.824999809265137,4.900000095367432,1.9352400302886963,3167000
2000-05-29,4.824999809265137,4.925000190734863,4.824999809265137,4.875,1.9253671169281006,927000
2000-05-30,4.875,4.875,4.875,4.875,1.9253671169281006,0
2000-05-31,5.099999904632568,5.099999904632568,4.800000190734863,4.900000095367432,1.9352400302886963,2040000
2000-06-01,4.900000095367432,5.099999904632568,4.900000095367432,5.0,1.974734902381897,1119000
2000-06-02,5.099999904632568,5.099999904632568,4.925000190734863,4.949999809265137,1.95498788356781,1949000
2000-06-05,5.0,5.25,5.0,5.150000095367432,2.033977508544922,2116000
2000-06-06,5.150000095367432,5.150000095367432,5.150000095367432,5.150000095367432,2.033977508544922,0
2000-06-07,5.199999809265137,5.699999809265137,5.199999809265137,5.699999809265137,2.2511982917785645,3335000
2000-06-08,5.75,5.75,5.400000095367432,5.449999809265137,2.152461290359497,956000
2000-06-09,5.349999904632568,5.5,5.300000190734863,5.5,2.172208547592163,834500
2000-06-12,5.300000190734863,5.599999904632568,5.300000190734863,5.400000095367432,2.132713556289673,1510545
2000-06-13,5.449999809265137,5.449999809265137,5.25,5.300000190734863,2.093219041824341,1459000
2000-06-14,5.349999904632568,5.349999904632568,5.199999809265137,5.300000190734863,2.093219041824341,1639000
2000-06-15,5.25,5.5,5.25,5.5,2.172208547592163,1479200
2000-06-16,5.650000095367432,5.800000190734863,5.449999809265137,5.800000190734863,2.290692090988159,2663000
2000-06-19,5.800000190734863,5.949999809265137,5.599999904632568,5.900000095367432,2.3301873207092285,2934000
2000-06-20,6.0,6.099999904632568,5.849999904632568,5.900000095367432,2.3301873207092285,2527000
2000-06-21,5.900000095367432,5.900000095367432,5.699999809265137,5.900000095367432,2.3301873207092285,275000
2000-06-22,5.949999809265137,5.949999809265137,5.699999809265137,5.699999809265137,2.2511982917785645,2618000
2000-06-23,5.650000095367432,5.849999904632568,5.599999904632568,5.849999904632568,2.3104405403137207,1708000
2000-06-26,5.800000190734863,5.949999809265137,5.800000190734863,5.949999809265137,2.3499345779418945,1568880
2000-06-27,5.900000095367432,6.0,5.900000095367432,6.0,2.3696815967559814,1986000
2000-06-28,5.949999809265137,6.0,5.849999904632568,5.949999809265137,2.3499345779418945,878163
2000-06-29,6.0,6.099999904632568,5.800000190734863,6.050000190734863,2.389430046081543,4088367
2000-06-30,6.0,6.150000095367432,5.949999809265137,6.050000190734863,2.389430046081543,920000
2000-07-03,6.050000190734863,6.25,6.050000190734863,6.099999904632568,2.4091765880584717,2053000
2000-07-04,6.0,6.25,6.0,6.099999904632568,2.4091765880584717,855570
2000-07-05,6.099999904632568,6.199999809265137,6.0,6.099999904632568,2.4091765880584717,1844700
2000-07-06,6.150000095367432,6.199999809265137,6.0,6.199999809265137,2.4486708641052246,1888000
2000-07-07,6.199999809265137,6.300000190734863,6.099999904632568,6.25,2.468419313430786,1292100
2000-07-10,6.300000190734863,6.699999809265137,6.25,6.550000190734863,2.586902379989624,4822189
2000-07-11,6.550000190734863,7.0,6.550000190734863,6.949999809265137,2.7448816299438477,8685950
2000-07-12,7.099999904632568,7.5,7.099999904632568,7.349999904632568,2.9028608798980713,7245508
2000-07-13,7.400000095367432,7.5,6.949999809265137,7.0,2.76462984085083,5550600
2000-07-14,6.800000190734863,6.900000095367432,6.400000095367432,6.550000190734863,2.586902379989624,4627800
2000-07-17,6.699999809265137,6.900000095367432,6.699999809265137,6.699999809265137,2.6461448669433594,2950000
2000-07-18,6.699999809265137,6.699999809265137,6.550000190734863,6.599999904632568,2.6066503524780273,2720000
2000-07-19,6.699999809265137,6.699999809265137,6.550000190734863,6.599999904632568,2.6066503524780273,2720000
2000-07-20,6.550000190734863,6.550000190734863,6.400000095367432,6.550000190734863,2.586902379989624,1293000
2000-07-21,6.599999904632568,6.699999809265137,6.550000190734863,6.599999904632568,2.6066503524780273,3627000
2000-07-24,6.5,6.650000095367432,6.5,6.5,2.5671558380126953,1414500
2000-07-25,6.599999904632568,6.599999904632568,6.25,6.25,2.468419313430786,4207000
2000-07-26,6.300000190734863,6.349999904632568,6.150000095367432,6.25,2.468419313430786,2178680
2000-07-27,6.099999904632568,6.199999809265137,5.900000095367432,6.0,2.3696815967559814,3578386
2000-07-28,5.900000095367432,6.150000095367432,5.849999904632568,6.050000190734863,2.389430046081543,7279000
2000-07-31,6.0,6.050000190734863,5.900000095367432,5.949999809265137,2.3499345779418945,1558490
2000-08-01,6.150000095367432,6.150000095367432,6.0,6.0,2.3696815967559814,2803000
2000-08-02,5.949999809265137,6.099999904632568,5.949999809265137,6.050000190734863,2.389430046081543,3018620
2000-08-03,6.050000190734863,6.150000095367432,6.0,6.050000190734863,2.389430046081543,1808600
2000-08-04,6.150000095367432,6.199999809265137,6.050000190734863,6.150000095367432,2.428924560546875,2218817
2000-08-07,6.199999809265137,6.449999809265137,6.199999809265137,6.449999809265137,2.547407627105713,3555000
2000-08-08,6.449999809265137,6.900000095367432,6.400000095367432,6.800000190734863,2.6856398582458496,12185500
2000-08-09,6.849999904632568,6.849999904632568,6.449999809265137,6.5,2.5671558380126953,4511061
2000-08-10,6.599999904632568,6.599999904632568,6.400000095367432,6.449999809265137,2.547407627105713,4115000
2000-08-11,6.449999809265137,6.699999809265137,6.449999809265137,6.699999809265137,2.6461448669433594,3167750
2000-08-14,6.699999809265137,7.050000190734863,6.699999809265137,6.949999809265137,2.7448816299438477,6642000
2000-08-15,7.0,7.400000095367432,7.0,7.300000190734863,2.8831136226654053,10726250
2000-08-16,7.349999904632568,7.449999809265137,7.25,7.449999809265137,2.942355155944824,7565200
2000-08-17,7.449999809265137,7.449999809265137,7.150000095367432,7.300000190734863,2.8831136226654053,2610000
2000-08-18,7.25,7.400000095367432,7.150000095367432,7.199999809265137,2.843618392944336,4236000
2000-08-21,7.300000190734863,7.5,7.25,7.349999904632568,2.9028608798980713,5139200
2000-08-22,7.449999809265137,7.699999809265137,7.349999904632568,7.650000095367432,3.021346092224121,3479215
2000-08-23,7.650000095367432,7.75,7.5,7.599999904632568,3.0015971660614014,3372000
2000-08-24,7.599999904632568,7.650000095367432,7.449999809265137,7.650000095367432,3.021346092224121,4170115
2000-08-25,7.650000095367432,7.650000095367432,7.25,7.5,2.962102174758911,1458000
2000-08-28,7.349999904632568,7.449999809265137,7.300000190734863,7.400000095367432,2.9226086139678955,564000
2000-08-29,7.449999809265137,7.5,7.300000190734863,7.449999809265137,2.942355155944824,666000
2000-08-30,7.400000095367432,7.400000095367432,7.199999809265137,7.199999809265137,2.843618392944336,1336000
2000-08-31,7.300000190734863,7.400000095367432,7.25,7.25,2.8633668422698975,1676000
2000-09-01,7.25,7.650000095367432,7.25,7.599999904632568,3.0015971660614014,2353800
2000-09-04,7.449999809265137,7.900000095367432,7.449999809265137,7.800000190734863,3.0805859565734863,4936000
2000-09-05,7.75,7.900000095367432,7.75,7.849999904632568,3.1003341674804688,2797265
2000-09-06,7.849999904632568,8.050000190734863,7.849999904632568,8.0,3.159576892852783,3465500
2000-09-07,8.050000190734863,8.100000381469727,7.949999809265137,8.050000190734863,3.17932391166687,2552000
2000-09-08,8.050000190734863,8.100000381469727,7.849999904632568,7.900000095367432,3.1200804710388184,1657100
2000-09-11,7.849999904632568,7.900000095367432,7.800000190734863,7.900000095367432,3.1200804710388184,3099000
2000-09-12,7.699999809265137,7.699999809265137,7.400000095367432,7.550000190734863,2.9818503856658936,1589000
2000-09-13,7.550000190734863,7.550000190734863,7.550000190734863,7.550000190734863,2.9818503856658936,0
2000-09-14,7.449999809265137,7.550000190734863,7.300000190734863,7.449999809265137,2.942355155944824,2378000
2000-09-15,7.349999904632568,7.449999809265137,7.300000190734863,7.349999904632568,2.9028608798980713,1941000
2000-09-18,7.150000095367432,7.150000095367432,6.849999904632568,6.900000095367432,2.72513484954834,2517000
2000-09-19,6.900000095367432,6.949999809265137,6.75,6.849999904632568,2.7053871154785156,1746880
2000-09-20,6.849999904632568,7.099999904632568,6.849999904632568,7.050000190734863,2.784377336502075,547520
2000-09-21,6.900000095367432,6.900000095367432,6.650000095367432,6.800000190734863,2.6856398582458496,1718546
2000-09-22,6.800000190734863,6.849999904632568,6.650000095367432,6.650000095367432,2.6263973712921143,2012700
2000-09-25,6.699999809265137,7.050000190734863,6.699999809265137,7.050000190734863,2.784377336502075,867000
2000-09-26,7.0,7.099999904632568,6.949999809265137,7.099999904632568,2.804123640060425,756000
2000-09-27,7.099999904632568,7.400000095367432,7.0,7.300000190734863,2.8831136226654053,1182998
2000-09-28,7.400000095367432,7.699999809265137,7.400000095367432,7.650000095367432,3.021346092224121,1736000
2000-09-29,7.699999809265137,7.900000095367432,7.699999809265137,7.900000095367432,3.1200804710388184,2166000
2000-10-02,7.900000095367432,7.900000095367432,7.900000095367432,7.900000095367432,3.1200804710388184,0
2000-10-03,7.800000190734863,8.050000190734863,7.800000190734863,8.050000190734863,3.17932391166687,2944500
2000-10-04,8.0,8.050000190734863,7.900000095367432,7.949999809265137,3.1398284435272217,935510
2000-10-05,8.0,8.0,7.800000190734863,7.849999904632568,3.1003341674804688,967000
2000-10-06,7.849999904632568,7.849999904632568,7.849999904632568,7.849999904632568,3.1003341674804688,0
2000-10-09,7.650000095367432,7.650000095367432,7.349999904632568,7.349999904632568,2.9028608798980713,3575201
2000-10-10,7.25,7.400000095367432,7.199999809265137,7.25,2.8633668422698975,2022060
2000-10-11,7.199999809265137,7.300000190734863,7.199999809265137,7.25,2.8633668422698975,778111
2000-10-12,7.199999809265137,7.349999904632568,7.099999904632568,7.300000190734863,2.8831136226654053,906000
2000-10-13,7.0,7.300000190734863,7.0,7.300000190734863,2.8831136226654053,776000
2000-10-16,7.300000190734863,7.300000190734863,7.300000190734863,7.300000190734863,2.8831136226654053,0
2000-10-17,7.400000095367432,7.400000095367432,7.300000190734863,7.400000095367432,2.9226086139678955,954208
2000-10-18,7.300000190734863,7.400000095367432,7.150000095367432,7.400000095367432,2.9226086139678955,1074000
2000-10-19,7.300000190734863,7.300000190734863,7.0,7.099999904632568,2.804123640060425,2519000
2000-10-20,7.199999809265137,7.300000190734863,7.099999904632568,7.25,2.8633668422698975,2725000
2000-10-23,7.25,7.25,7.150000095367432,7.199999809265137,2.843618392944336,1164621
2000-10-24,7.150000095367432,7.25,7.0,7.050000190734863,2.784377336502075,3094000
2000-10-25,7.050000190734863,7.150000095367432,7.050000190734863,7.150000095367432,2.8238704204559326,938000
2000-10-26,7.050000190734863,7.150000095367432,7.0,7.150000095367432,2.8238704204559326,1076823
2000-10-27,7.150000095367432,7.150000095367432,7.150000095367432,7.150000095367432,2.8238704204559326,0
2000-10-30,7.0,7.0,6.900000095367432,7.0,2.76462984085083,1063000
2000-10-31,6.900000095367432,7.099999904632568,6.900000095367432,7.0,2.76462984085083,3228000
2000-11-01,7.0,7.199999809265137,7.0,7.150000095367432,2.8238704204559326,3010691
2000-11-02,7.150000095367432,7.25,7.150000095367432,7.199999809265137,2.843618392944336,1572000
2000-11-03,7.199999809265137,7.199999809265137,7.150000095367432,7.150000095367432,2.8238704204559326,1892600
2000-11-06,7.199999809265137,7.199999809265137,7.0,7.099999904632568,2.804123640060425,2203000
2000-11-07,7.099999904632568,7.199999809265137,7.099999904632568,7.099999904632568,2.804123640060425,3365540
2000-11-08,7.150000095367432,7.199999809265137,7.099999904632568,7.099999904632568,2.804123640060425,6935100
2000-11-09,6.800000190734863,6.800000190734863,6.599999904632568,6.699999809265137,2.806217908859253,1266000
2000-11-10,6.699999809265137,6.699999809265137,6.349999904632568,6.400000095367432,2.6805672645568848,4914000
2000-11-13,6.050000190734863,6.099999904632568,5.900000095367432,6.0,2.513030767440796,3399257
2000-11-14,6.0,6.5,6.0,6.25,2.617741107940674,3427000
2000-11-15,6.400000095367432,6.400000095367432,6.099999904632568,6.199999809265137,2.5967986583709717,990088
2000-11-16,6.150000095367432,6.150000095367432,6.099999904632568,6.099999904632568,2.5549144744873047,1287626
2000-11-17,6.199999809265137,6.199999809265137,6.0,6.099999904632568,2.5549144744873047,1743000
2000-11-20,6.050000190734863,6.300000190734863,6.050000190734863,6.25,2.617741107940674,736000
2000-11-21,6.099999904632568,6.25,6.099999904632568,6.25,2.617741107940674,733000
2000-11-22,6.25,6.25,6.099999904632568,6.150000095367432,2.575856924057007,1793000
2000-11-23,6.050000190734863,6.199999809265137,6.050000190734863,6.050000190734863,2.5339736938476562,2462000
2000-11-24,6.150000095367432,6.150000095367432,6.099999904632568,6.150000095367432,2.575856924057007,1029892
2000-11-27,6.199999809265137,6.25,6.150000095367432,6.150000095367432,2.575856924057007,3098430
2000-11-28,6.199999809265137,6.349999904632568,6.150000095367432,6.25,2.617741107940674,1289000
2000-11-29,6.150000095367432,6.150000095367432,6.050000190734863,6.099999904632568,2.5549144744873047,1206000
2000-11-30,6.099999904632568,6.199999809265137,5.849999904632568,5.849999904632568,2.4502055644989014,2642917
2000-12-01,5.849999904632568,6.099999904632568,5.849999904632568,6.099999904632568,2.5549144744873047,2271100
2000-12-04,6.050000190734863,6.150000095367432,6.050000190734863,6.050000190734863,2.5339736938476562,1252225
2000-12-05,6.150000095367432,6.150000095367432,6.0,6.0,2.513030767440796,1398150
2000-12-06,6.199999809265137,6.449999809265137,6.199999809265137,6.349999904632568,2.6596245765686035,4942000
2000-12-07,6.349999904632568,6.599999904632568,6.300000190734863,6.550000190734863,2.743391513824463,2747000
2000-12-08,6.5,6.550000190734863,6.449999809265137,6.550000190734863,2.743391513824463,2025000
2000-12-11,6.550000190734863,6.650000095367432,6.449999809265137,6.599999904632568,2.764334201812744,3122000
2000-12-12,6.650000095367432,6.699999809265137,6.5,6.599999904632568,2.764334201812744,2348000
2000-12-13,6.599999904632568,6.699999809265137,6.550000190734863,6.699999809265137,2.806217908859253,1655000
2000-12-14,6.699999809265137,6.75,6.699999809265137,6.75,2.827159881591797,1787000
2000-12-15,6.75,6.75,6.550000190734863,6.599999904632568,2.764334201812744,2138000
2000-12-18,6.5,6.650000095367432,6.5,6.650000095367432,2.7852752208709717,917000
2000-12-19,6.599999904632568,6.699999809265137,6.599999904632568,6.699999809265137,2.806217908859253,915000
2000-12-20,6.599999904632568,6.800000190734863,6.550000190734863,6.800000190734863,2.8481013774871826,2195775
2000-12-21,6.599999904632568,6.949999809265137,6.599999904632568,6.949999809265137,2.9109275341033936,1576207
2000-12-22,7.0,7.050000190734863,6.849999904632568,6.900000095367432,2.8899857997894287,1401375
2000-12-25,6.900000095367432,6.900000095367432,6.900000095367432,6.900000095367432,2.8899857997894287,0
2000-12-26,6.900000095367432,6.900000095367432,6.900000095367432,6.900000095367432,2.8899857997894287,0
2000-12-27,6.900000095367432,7.0,6.849999904632568,6.949999809265137,2.9109275341033936,788527
2000-12-28,6.949999809265137,7.0,6.900000095367432,7.0,2.9318699836730957,1263000
2000-12-29,7.0,7.050000190734863,6.900000095367432,6.900000095367432,2.8899857997894287,1249000
2001-01-01,6.900000095367432,6.900000095367432,6.900000095367432,6.900000095367432,2.8899857997894287,0
2001-01-02,7.0,7.099999904632568,6.900000095367432,7.099999904632568,2.9737534523010254,1267000
2001-01-03,6.849999904632568,7.150000095367432,6.849999904632568,7.150000095367432,2.994694948196411,2333250
2001-01-04,7.199999809265137,7.900000095367432,7.199999809265137,7.800000190734863,3.266939401626587,11413875
2001-01-05,7.699999809265137,8.100000381469727,7.650000095367432,8.0,3.3507087230682373,11332000
2001-01-08,7.699999809265137,8.050000190734863,7.650000095367432,8.0,3.3507087230682373,5968000
2001-01-09,7.900000095367432,7.949999809265137,7.650000095367432,7.75,3.245999336242676,6089000
2001-01-10,7.699999809265137,7.800000190734863,7.550000190734863,7.75,3.245999336242676,4014225
2001-01-11,7.75,7.849999904632568,7.599999904632568,7.75,3.245999336242676,2516600
2001-01-12,7.699999809265137,7.900000095367432,7.550000190734863,7.849999904632568,3.287882089614868,2735492
2001-01-15,7.849999904632568,8.050000190734863,7.800000190734863,8.050000190734863,3.371650457382202,4175000
2001-01-16,8.0,8.100000381469727,7.900000095367432,8.100000381469727,3.3925912380218506,3952500
2001-01-17,8.100000381469727,8.100000381469727,7.800000190734863,7.900000095367432,3.308823347091675,1319698
2001-01-18,7.900000095367432,7.900000095367432,7.800000190734863,7.900000095367432,3.308823347091675,711800
2001-01-19,8.0,8.149999618530273,8.0,8.0,3.3507087230682373,3112400
2001-01-22,8.0,8.050000190734863,7.800000190734863,8.0,3.3507087230682373,900774
2001-01-23,7.800000190734863,7.949999809265137,7.75,7.949999809265137,3.329766035079956,977556
2001-01-24,7.949999809265137,7.949999809265137,7.949999809265137,7.949999809265137,3.329766035079956,0
2001-01-25,7.949999809265137,7.949999809265137,7.949999809265137,7.949999809265137,3.329766035079956,0
2001-01-26,7.949999809265137,7.949999809265137,7.949999809265137,7.949999809265137,3.329766035079956,0
2001-01-29,7.849999904632568,7.849999904632568,7.699999809265137,7.849999904632568,3.287882089614868,1001874
2001-01-30,7.75,7.849999904632568,7.699999809265137,7.800000190734863,3.266939401626587,920584
2001-01-31,7.800000190734863,7.849999904632568,7.699999809265137,7.699999809265137,3.2250568866729736,1293339
2001-02-01,7.699999809265137,7.849999904632568,7.650000095367432,7.800000190734863,3.266939401626587,1702000
2001-02-02,7.800000190734863,8.100000381469727,7.800000190734863,7.849999904632568,3.287882089614868,2488500
2001-02-05,7.900000095367432,7.900000095367432,7.75,7.849999904632568,3.287882089614868,1349000
2001-02-06,7.849999904632568,8.0,7.800000190734863,7.949999809265137,3.329766035079956,971164
2001-02-07,7.949999809265137,8.050000190734863,7.949999809265137,8.0,3.3507087230682373,1242200
2001-02-08,8.0,8.0,7.800000190734863,7.800000190734863,3.266939401626587,1257000
2001-02-09,7.75,8.0,7.699999809265137,8.0,3.3507087230682373,1256000
2001-02-12,7.849999904632568,8.0,7.800000190734863,7.900000095367432,3.308823347091675,771000
2001-02-13,8.050000190734863,8.199999809265137,8.050000190734863,8.199999809265137,3.434476613998413,2682800
2001-02-14,8.199999809265137,8.350000381469727,8.100000381469727,8.300000190734863,3.4763596057891846,1930000
2001-02-15,8.300000190734863,8.350000381469727,8.100000381469727,8.199999809265137,3.434476613998413,677000
2001-02-16,8.100000381469727,8.149999618530273,7.900000095367432,7.949999809265137,3.329766035079956,968000
2001-02-19,8.0,8.100000381469727,7.949999809265137,8.100000381469727,3.3925912380218506,468000
2001-02-20,8.050000190734863,8.100000381469727,8.050000190734863,8.100000381469727,3.3925912380218506,331721
2001-02-21,7.949999809265137,8.149999618530273,7.949999809265137,8.100000381469727,3.3925912380218506,953580
2001-02-22,8.0,8.149999618530273,8.0,8.149999618530273,3.413534641265869,696200
2001-02-23,8.100000381469727,8.149999618530273,8.050000190734863,8.149999618530273,3.413534641265869,2018507
2001-02-26,8.149999618530273,8.399999618530273,8.100000381469727,8.399999618530273,3.5182435512542725,2304000
2001-02-27,8.449999809265137,8.600000381469727,8.399999618530273,8.550000190734863,3.5810697078704834,3941000
2001-02-28,8.550000190734863,8.600000381469727,8.350000381469727,8.350000381469727,3.4973015785217285,3298500
2001-03-01,8.300000190734863,8.699999809265137,8.300000190734863,8.350000381469727,3.4973015785217285,5680573
2001-03-02,8.300000190734863,8.5,8.050000190734863,8.050000190734863,3.371650457382202,4570100
2001-03-05,8.100000381469727,8.100000381469727,7.599999904632568,7.599999904632568,3.1831717491149902,3389050
2001-03-06,7.800000190734863,7.949999809265137,7.699999809265137,7.949999809265137,3.329766035079956,3025000
2001-03-07,7.949999809265137,8.100000381469727,7.800000190734863,7.900000095367432,3.308823347091675,2382000
2001-03-08,8.050000190734863,8.050000190734863,7.800000190734863,8.0,3.3507087230682373,2333000
2001-03-09,7.949999809265137,8.149999618530273,7.800000190734863,8.149999618530273,3.413534641265869,1861000
2001-03-12,8.100000381469727,8.100000381469727,7.650000095367432,7.849999904632568,3.287882089614868,1891000
2001-03-13,7.5,7.699999809265137,7.300000190734863,7.599999904632568,3.1831717491149902,761000
2001-03-14,7.599999904632568,7.599999904632568,7.599999904632568,7.599999904632568,3.1831717491149902,0
2001-03-15,7.25,7.5,7.199999809265137,7.349999904632568,3.0784640312194824,1774000
2001-03-16,7.300000190734863,7.5,7.300000190734863,7.5,3.1412882804870605,481000
2001-03-19,7.449999809265137,7.75,7.449999809265137,7.650000095367432,3.204115629196167,791100
2001-03-20,7.650000095367432,7.900000095367432,7.400000095367432,7.5,3.1412882804870605,1410000
2001-03-21,7.349999904632568,7.449999809265137,7.25,7.400000095367432,3.099405288696289,1267600
2001-03-22,7.150000095367432,7.25,7.099999904632568,7.25,3.0365800857543945,2255000
2001-03-23,7.099999904632568,7.400000095367432,7.050000190734863,7.199999809265137,3.015636920928955,2499000
2001-03-26,7.300000190734863,7.400000095367432,7.199999809265137,7.400000095367432,3.099405288696289,797000
2001-03-27,7.5,7.5,7.199999809265137,7.199999809265137,3.015636920928955,379200
2001-03-28,7.199999809265137,7.349999904632568,7.099999904632568,7.150000095367432,2.994694948196411,1096381
2001-03-29,7.050000190734863,7.050000190734863,6.75,6.849999904632568,2.8690435886383057,3472840
2001-03-30,6.949999809265137,7.0,6.800000190734863,6.800000190734863,2.8481013774871826,3603583
2001-04-02,6.849999904632568,6.900000095367432,6.75,6.849999904632568,2.8690435886383057,1850000
2001-04-03,6.800000190734863,6.849999904632568,6.75,6.849999904632568,2.8690435886383057,1821500
2001-04-04,6.599999904632568,6.75,6.5,6.75,2.8775694370269775,2143000
2001-04-05,6.75,6.75,6.75,6.75,2.8775694370269775,0
2001-04-06,6.849999904632568,6.849999904632568,6.650000095367432,6.699999809265137,2.8562545776367188,862349
2001-04-09,6.699999809265137,6.699999809265137,6.5,6.5,2.7709929943084717,1612000
2001-04-10,6.599999904632568,6.599999904632568,6.449999809265137,6.5,2.7709929943084717,800000
2001-04-11,6.5,6.699999809265137,6.5,6.699999809265137,2.8562545776367188,860000
2001-04-12,6.800000190734863,6.800000190734863,6.599999904632568,6.800000190734863,2.898885726928711,1246200
2001-04-13,6.800000190734863,6.800000190734863,6.800000190734863,6.800000190734863,2.898885726928711,0
2001-04-16,6.800000190734863,6.800000190734863,6.800000190734863,6.800000190734863,2.898885726928711,0
2001-04-17,6.699999809265137,6.75,6.400000095367432,6.5,2.7709929943084717,2693250
2001-04-18,6.699999809265137,6.699999809265137,6.449999809265137,6.449999809265137,2.7496776580810547,1254000
2001-04-19,6.800000190734863,7.0,6.599999904632568,6.699999809265137,2.8562545776367188,2872200
2001-04-20,6.699999809265137,6.699999809265137,6.599999904632568,6.650000095367432,2.8349385261535645,832000
2001-04-23,6.650000095367432,6.75,6.550000190734863,6.650000095367432,2.8349385261535645,606000
2001-04-24,6.599999904632568,6.650000095367432,6.550000190734863,6.650000095367432,2.8349385261535645,589000
2001-04-25,6.550000190734863,6.599999904632568,6.5,6.550000190734863,2.7923080921173096,666870
2001-04-26,6.550000190734863,6.599999904632568,6.5,6.550000190734863,2.7923080921173096,666870
2001-04-27,6.599999904632568,6.75,6.449999809265137,6.75,2.8775694370269775,2820000
2001-04-30,6.75,6.75,6.75,6.75,2.8775694370269775,0
2001-05-01,6.75,6.75,6.75,6.75,2.8775694370269775,0
2001-05-02,6.949999809265137,6.949999809265137,6.650000095367432,6.75,2.8775694370269775,1692454
2001-05-03,6.900000095367432,6.900000095367432,6.650000095367432,6.699999809265137,2.8562545776367188,1239000
2001-05-04,6.699999809265137,6.800000190734863,6.599999904632568,6.650000095367432,2.8349385261535645,1805900
2001-05-07,6.699999809265137,6.699999809265137,6.550000190734863,6.599999904632568,2.8136239051818848,1681600
2001-05-08,6.550000190734863,6.599999904632568,6.550000190734863,6.550000190734863,2.7923080921173096,1755000
2001-05-09,6.550000190734863,6.699999809265137,6.449999809265137,6.699999809265137,2.8562545776367188,2191553
2001-05-10,6.699999809265137,6.800000190734863,6.699999809265137,6.699999809265137,2.8562545776367188,1567000
2001-05-11,6.800000190734863,7.050000190734863,6.699999809265137,7.0,2.9841465950012207,3792000
2001-05-14,7.0,7.0,6.699999809265137,6.699999809265137,2.8562545776367188,1766000
2001-05-15,6.800000190734863,6.900000095367432,6.75,6.800000190734863,2.898885726928711,1137000
2001-05-16,6.900000095367432,7.0,6.800000190734863,6.800000190734863,2.898885726928711,2462000
2001-05-17,7.0,7.0,6.900000095367432,6.900000095367432,2.9415156841278076,1608374
2001-05-18,6.849999904632568,6.849999904632568,6.699999809265137,6.699999809265137,2.8562545776367188,1506000
2001-05-21,6.75,6.849999904632568,6.650000095367432,6.849999904632568,2.920201301574707,1793000
2001-05-22,6.849999904632568,7.099999904632568,6.849999904632568,7.099999904632568,3.0267772674560547,2677000
2001-05-23,7.150000095367432,7.449999809265137,7.099999904632568,7.400000095367432,3.1546685695648193,10402000
2001-05-24,7.349999904632568,7.550000190734863,7.300000190734863,7.5,3.1972992420196533,4374000
2001-05-25,7.400000095367432,7.550000190734863,7.400000095367432,7.550000190734863,3.218615770339966,2045225
2001-05-28,7.5,7.599999904632568,7.449999809265137,7.550000190734863,3.218615770339966,2716725
2001-05-29,7.550000190734863,7.550000190734863,7.400000095367432,7.5,3.1972992420196533,1601000
2001-05-30,7.400000095367432,7.5,7.300000190734863,7.400000095367432,3.1546685695648193,2752975
2001-05-31,7.300000190734863,7.400000095367432,7.199999809265137,7.300000190734863,3.1120383739471436,2392549
2001-06-01,7.300000190734863,7.449999809265137,7.300000190734863,7.449999809265137,3.1759843826293945,4179143
2001-06-04,7.5,7.5,7.349999904632568,7.400000095367432,3.1546685695648193,878000
2001-06-05,7.400000095367432,7.650000095367432,7.300000190734863,7.5,3.1972992420196533,1709000
2001-06-06,7.599999904632568,7.650000095367432,7.5,7.5,3.1972992420196533,1295000
2001-06-07,7.550000190734863,7.599999904632568,7.5,7.550000190734863,3.218615770339966,1092329
2001-06-08,7.599999904632568,7.650000095367432,7.550000190734863,7.650000095367432,3.261246919631958,2604797
2001-06-11,7.550000190734863,7.699999809265137,7.550000190734863,7.599999904632568,3.23992919921875,1201000
2001-06-12,7.550000190734863,7.650000095367432,7.550000190734863,7.599999904632568,3.23992919921875,879000
2001-06-13,7.650000095367432,7.900000095367432,7.599999904632568,7.900000095367432,3.3678221702575684,3905000
2001-06-14,7.949999809265137,8.050000190734863,7.550000190734863,7.599999904632568,3.23992919921875,900500
2001-06-15,7.449999809265137,7.75,7.449999809265137,7.599999904632568,3.23992919921875,1854000
2001-06-18,7.599999904632568,7.75,7.5,7.75,3.3038768768310547,1160999
2001-06-19,7.75,7.900000095367432,7.699999809265137,7.900000095367432,3.3678221702575684,1739000
2001-06-20,7.900000095367432,7.900000095367432,7.5,7.550000190734863,3.218615770339966,1735900
2001-06-21,7.550000190734863,7.650000095367432,7.449999809265137,7.5,3.1972992420196533,2757847
2001-06-22,7.550000190734863,7.550000190734863,7.300000190734863,7.5,3.1972992420196533,2546000
2001-06-25,7.5,7.5,7.5,7.5,3.1972992420196533,0
2001-06-26,7.449999809265137,7.599999904632568,7.300000190734863,7.400000095367432,3.1546685695648193,893900
2001-06-27,7.699999809265137,7.849999904632568,7.550000190734863,7.849999904632568,3.346506357192993,2027722
2001-06-28,7.699999809265137,7.699999809265137,7.449999809265137,7.599999904632568,3.23992919921875,1928773
2001-06-29,7.800000190734863,7.800000190734863,7.400000095367432,7.599999904632568,3.23992919921875,2106471
2001-07-02,7.599999904632568,7.599999904632568,7.599999904632568,7.599999904632568,3.23992919921875,0
2001-07-03,7.449999809265137,7.650000095367432,7.449999809265137,7.650000095367432,3.261246919631958,1913000
2001-07-04,7.75,7.800000190734863,7.650000095367432,7.75,3.3038768768310547,1614000
2001-07-05,7.650000095367432,7.800000190734863,7.599999904632568,7.699999809265137,3.2825608253479004,1338000
2001-07-06,7.699999809265137,7.699999809265137,7.699999809265137,7.699999809265137,3.2825608253479004,0
2001-07-09,7.699999809265137,7.699999809265137,7.349999904632568,7.5,3.1972992420196533,1237882
2001-07-10,7.5,7.550000190734863,7.400000095367432,7.449999809265137,3.1759843826293945,1311000
2001-07-11,7.400000095367432,7.449999809265137,7.400000095367432,7.400000095367432,3.1546685695648193,622000
2001-07-12,7.699999809265137,7.699999809265137,7.349999904632568,7.400000095367432,3.1546685695648193,707000
2001-07-13,7.699999809265137,7.699999809265137,7.449999809265137,7.5,3.1972992420196533,655000
2001-07-16,7.5,7.650000095367432,7.5,7.650000095367432,3.261246919631958,360000
2001-07-17,7.400000095367432,7.599999904632568,7.400000095367432,7.599999904632568,3.23992919921875,577500
2001-07-18,7.5,7.650000095367432,7.5,7.599999904632568,3.23992919921875,508000
2001-07-19,7.550000190734863,7.650000095367432,7.449999809265137,7.599999904632568,3.23992919921875,1049500
2001-07-20,7.599999904632568,7.599999904632568,7.5,7.5,3.1972992420196533,718000
2001-07-23,7.550000190734863,7.650000095367432,7.550000190734863,7.650000095367432,3.261246919631958,690000
2001-07-24,7.599999904632568,7.75,7.599999904632568,7.699999809265137,3.2825608253479004,1558528
2001-07-25,7.699999809265137,7.699999809265137,7.699999809265137,7.699999809265137,3.2825608253479004,0
2001-07-26,7.599999904632568,7.650000095367432,7.550000190734863,7.550000190734863,3.218615770339966,1225100
2001-07-27,7.550000190734863,7.599999904632568,7.5,7.550000190734863,3.218615770339966,976000
2001-07-30,7.550000190734863,7.599999904632568,7.449999809265137,7.550000190734863,3.218615770339966,1027000
2001-07-31,7.599999904632568,7.75,7.599999904632568,7.699999809265137,3.2825608253479004,1459656
2001-08-01,7.800000190734863,7.800000190734863,7.650000095367432,7.699999809265137,3.2825608253479004,1648600
2001-08-02,7.800000190734863,7.800000190734863,7.699999809265137,7.75,3.3038768768310547,3044097
2001-08-03,7.800000190734863,7.800000190734863,7.599999904632568,7.699999809265137,3.2825608253479004,1287000
2001-08-06,7.699999809265137,7.75,7.599999904632568,7.699999809265137,3.2825608253479004,651500
2001-08-07,7.699999809265137,7.849999904632568,7.550000190734863,7.849999904632568,3.346506357192993,3264947
2001-08-08,7.849999904632568,7.849999904632568,7.650000095367432,7.650000095367432,3.261246919631958,1292100
2001-08-09,7.599999904632568,7.599999904632568,7.449999809265137,7.5,3.1972992420196533,1471000
2001-08-10,7.599999904632568,7.599999904632568,7.349999904632568,7.449999809265137,3.1759843826293945,1581000
2001-08-13,7.599999904632568,7.650000095367432,7.5,7.650000095367432,3.261246919631958,1699000
2001-08-14,7.599999904632568,7.599999904632568,7.5,7.550000190734863,3.218615770339966,4156000
2001-08-15,7.449999809265137,7.550000190734863,7.349999904632568,7.5,3.1972992420196533,2042000
2001-08-16,7.449999809265137,7.599999904632568,7.400000095367432,7.599999904632568,3.23992919921875,1026000
2001-08-17,7.599999904632568,7.650000095367432,7.550000190734863,7.650000095367432,3.261246919631958,998000
2001-08-20,7.5,7.650000095367432,7.5,7.550000190734863,3.218615770339966,446000
2001-08-21,7.5,7.599999904632568,7.5,7.550000190734863,3.218615770339966,1180000
2001-08-22,7.5,7.550000190734863,7.300000190734863,7.400000095367432,3.1546685695648193,2097000
2001-08-23,7.449999809265137,7.5,7.400000095367432,7.449999809265137,3.1759843826293945,620000
2001-08-24,7.5,7.599999904632568,7.449999809265137,7.550000190734863,3.218615770339966,1315900
2001-08-27,7.550000190734863,7.550000190734863,7.400000095367432,7.550000190734863,3.218615770339966,648500
2001-08-28,7.5,7.550000190734863,7.349999904632568,7.550000190734863,3.218615770339966,2088000
2001-08-29,7.5,7.650000095367432,7.449999809265137,7.650000095367432,3.261246919631958,1586200
2001-08-30,7.550000190734863,7.75,7.5,7.699999809265137,3.2825608253479004,1759000
2001-08-31,7.5,7.650000095367432,7.5,7.599999904632568,3.23992919921875,1374000
2001-09-03,7.75,7.75,7.550000190734863,7.599999904632568,3.23992919921875,1015384
2001-09-04,7.699999809265137,7.849999904632568,7.599999904632568,7.800000190734863,3.3251917362213135,3010000
2001-09-05,7.75,7.800000190734863,7.699999809265137,7.800000190734863,3.3251917362213135,2090000
2001-09-06,7.75,7.800000190734863,7.699999809265137,7.75,3.3038768768310547,1532000
2001-09-07,7.599999904632568,7.75,7.5,7.75,3.3038768768310547,2745200
2001-09-10,7.599999904632568,7.75,7.599999904632568,7.699999809265137,3.2825608253479004,2226000
2001-09-11,7.650000095367432,7.650000095367432,7.599999904632568,7.650000095367432,3.261246919631958,635000
2001-09-12,7.199999809265137,7.5,7.0,7.25,3.0907232761383057,1485000
2001-09-13,7.25,7.25,7.0,7.150000095367432,3.0480918884277344,1372000
2001-09-14,7.199999809265137,7.349999904632568,7.150000095367432,7.349999904632568,3.1333541870117188,1222000
2001-09-17,7.25,7.25,6.599999904632568,6.699999809265137,2.8562545776367188,1876000
2001-09-18,6.900000095367432,6.900000095367432,6.650000095367432,6.800000190734863,2.898885726928711,2522000
2001-09-19,6.800000190734863,6.800000190734863,6.650000095367432,6.699999809265137,2.8562545776367188,1458000
2001-09-20,6.599999904632568,6.599999904632568,6.5,6.5,2.7709929943084717,1495000
2001-09-21,6.449999809265137,6.449999809265137,6.099999904632568,6.099999904632568,2.6004703044891357,1575612
2001-09-24,6.099999904632568,6.099999904632568,6.099999904632568,6.099999904632568,2.6004703044891357,0
2001-09-25,6.400000095367432,6.599999904632568,6.25,6.25,2.664416551589966,4636154
2001-09-26,6.300000190734863,6.5,6.199999809265137,6.349999904632568,2.7070467472076416,3922000
2001-09-27,6.25,6.400000095367432,6.25,6.349999904632568,2.7070467472076416,2112130
2001-09-28,6.349999904632568,6.349999904632568,6.349999904632568,6.349999904632568,2.7070467472076416,0
2001-10-01,6.349999904632568,6.349999904632568,6.349999904632568,6.349999904632568,2.7070467472076416,0
2001-10-02,6.349999904632568,6.349999904632568,6.349999904632568,6.349999904632568,2.7070467472076416,0
2001-10-03,6.400000095367432,6.5,6.400000095367432,6.449999809265137,2.7496776580810547,1930000
2001-10-04,6.449999809265137,6.699999809265137,6.449999809265137,6.699999809265137,2.8562545776367188,3736000
2001-10-05,6.599999904632568,6.699999809265137,6.550000190734863,6.650000095367432,2.8349385261535645,1475000
2001-10-08,6.449999809265137,6.5,6.349999904632568,6.5,2.7709929943084717,1559000
2001-10-09,6.5,6.699999809265137,6.5,6.599999904632568,2.8136239051818848,2100000
2001-10-10,6.650000095367432,6.699999809265137,6.400000095367432,6.449999809265137,2.7496776580810547,4417000
2001-10-11,6.550000190734863,6.650000095367432,6.400000095367432,6.5,2.7709929943084717,4564344
2001-10-12,6.5,6.5,6.349999904632568,6.400000095367432,2.728363037109375,4701000
2001-10-15,6.400000095367432,6.400000095367432,6.300000190734863,6.349999904632568,2.7070467472076416,2907000
2001-10-16,6.349999904632568,6.400000095367432,6.300000190734863,6.349999904632568,2.7070467472076416,1624000
2001-10-17,6.349999904632568,6.449999809265137,6.349999904632568,6.400000095367432,2.728363037109375,2968000
2001-10-18,6.349999904632568,6.349999904632568,6.25,6.300000190734863,2.6857316493988037,5055000
2001-10-19,6.300000190734863,6.400000095367432,6.300000190734863,6.349999904632568,2.7070467472076416,2067000
2001-10-22,6.349999904632568,6.349999904632568,6.25,6.300000190734863,2.6857316493988037,3632000
2001-10-23,6.400000095367432,6.5,6.349999904632568,6.5,2.7709929943084717,3142456
2001-10-24,6.400000095367432,6.650000095367432,6.400000095367432,6.550000190734863,2.7923080921173096,5154000
2001-10-25,6.550000190734863,6.550000190734863,6.550000190734863,6.550000190734863,2.7923080921173096,0
2001-10-26,6.699999809265137,6.699999809265137,6.550000190734863,6.550000190734863,2.7923080921173096,4161000
2001-10-29,6.550000190734863,6.599999904632568,6.449999809265137,6.5,2.7709929943084717,2521000
2001-10-30,6.400000095367432,6.550000190734863,6.400000095367432,6.449999809265137,2.7496776580810547,3042974
2001-10-31,6.449999809265137,6.599999904632568,6.449999809265137,6.550000190734863,2.7923080921173096,3450400
2001-11-01,6.550000190734863,6.599999904632568,6.550000190734863,6.550000190734863,2.7923080921173096,1106930
2001-11-02,6.550000190734863,6.599999904632568,6.5,6.550000190734863,2.7923080921173096,3453000
2001-11-05,6.550000190734863,6.650000095367432,6.550000190734863,6.599999904632568,2.8136239051818848,4600000
2001-11-06,6.650000095367432,6.699999809265137,6.599999904632568,6.599999904632568,2.8136239051818848,3937000
2001-11-07,6.650000095367432,6.75,6.650000095367432,6.699999809265137,2.8562545776367188,4253520
2001-11-08,6.449999809265137,6.5,6.349999904632568,6.400000095367432,2.8652091026306152,5477500
2001-11-09,6.400000095367432,6.400000095367432,6.400000095367432,6.400000095367432,2.8652091026306152,0
2001-11-12,6.449999809265137,6.449999809265137,6.349999904632568,6.349999904632568,2.8428232669830322,2734000
2001-11-13,6.300000190734863,6.349999904632568,6.199999809265137,6.199999809265137,2.7756705284118652,3721000
2001-11-14,6.349999904632568,6.449999809265137,6.300000190734863,6.449999809265137,2.887592077255249,4728200
2001-11-15,6.300000190734863,6.650000095367432,6.300000190734863,6.550000190734863,2.932361364364624,6441876
2001-11-16,6.650000095367432,6.900000095367432,6.599999904632568,6.75,3.0218987464904785,7418000
2001-11-19,6.800000190734863,6.849999904632568,6.75,6.800000190734863,3.044283628463745,2183000
2001-11-20,6.800000190734863,6.900000095367432,6.699999809265137,6.800000190734863,3.044283628463745,4553100
2001-11-21,6.849999904632568,6.900000095367432,6.650000095367432,6.75,3.0218987464904785,3617000
2001-11-22,6.75,6.849999904632568,6.699999809265137,6.75,3.0218987464904785,2081000
2001-11-23,6.800000190734863,6.800000190734863,6.699999809265137,6.75,3.0218987464904785,1278000
2001-11-26,6.849999904632568,7.050000190734863,6.800000190734863,7.050000190734863,3.1562068462371826,6094000
2001-11-27,7.099999904632568,7.099999904632568,6.900000095367432,7.0,3.133821964263916,3600000
2001-11-28,6.900000095367432,6.949999809265137,6.75,6.800000190734863,3.044283628463745,2233200
2001-11-29,6.699999809265137,6.800000190734863,6.599999904632568,6.699999809265137,2.9995150566101074,3445500
2001-11-30,6.699999809265137,6.900000095367432,6.599999904632568,6.599999904632568,2.9547462463378906,6686857
2001-12-03,6.699999809265137,6.699999809265137,6.5,6.599999904632568,2.9547462463378906,2998055
2001-12-04,6.599999904632568,6.800000190734863,6.550000190734863,6.800000190734863,3.044283628463745,5678000
2001-12-05,6.900000095367432,7.050000190734863,6.849999904632568,7.050000190734863,3.1562068462371826,6200417
2001-12-06,7.150000095367432,7.199999809265137,7.0,7.099999904632568,3.1785902976989746,5779000
2001-12-07,7.099999904632568,7.199999809265137,7.050000190734863,7.199999809265137,3.2233588695526123,3320200
2001-12-10,7.199999809265137,7.25,7.150000095367432,7.199999809265137,3.2233588695526123,1853000
2001-12-11,7.099999904632568,7.150000095367432,7.050000190734863,7.150000095367432,3.200974225997925,1807000
2001-12-12,7.199999809265137,7.199999809265137,7.050000190734863,7.050000190734863,3.1562068462371826,1995000
2001-12-13,7.050000190734863,7.150000095367432,6.900000095367432,7.050000190734863,3.1562068462371826,2787000
2001-12-14,6.900000095367432,7.0,6.849999904632568,7.0,3.133821964263916,763267
2001-12-17,6.949999809265137,7.0,6.900000095367432,6.900000095367432,3.089053153991699,685000
2001-12-18,6.949999809265137,7.0,6.800000190734863,6.849999904632568,3.0666680335998535,725000
2001-12-19,7.0,7.050000190734863,6.900000095367432,7.0,3.133821964263916,980000
2001-12-20,6.949999809265137,7.199999809265137,6.949999809265137,7.199999809265137,3.2233588695526123,2560000
2001-12-21,7.0,7.050000190734863,6.900000095367432,6.949999809265137,3.1114370822906494,1854000
2001-12-24,7.0,7.0,6.949999809265137,7.0,3.133821964263916,321000
2001-12-25,7.0,7.0,7.0,7.0,3.133821964263916,0
2001-12-26,7.0,7.0,7.0,7.0,3.133821964263916,0
2001-12-27,7.0,7.099999904632568,7.0,7.050000190734863,3.1562068462371826,1070989
2001-12-28,7.0,7.050000190734863,6.949999809265137,6.949999809265137,3.1114370822906494,1041000
2001-12-31,6.949999809265137,6.949999809265137,6.900000095367432,6.900000095367432,3.089053153991699,501000
2002-01-01,6.900000095367432,6.900000095367432,6.900000095367432,6.900000095367432,3.089053153991699,0
2002-01-02,7.0,7.050000190734863,6.900000095367432,6.949999809265137,3.1114370822906494,452000
2002-01-03,6.949999809265137,6.949999809265137,6.949999809265137,6.949999809265137,3.1114370822906494,0
2002-01-04,7.099999904632568,7.150000095367432,7.0,7.150000095367432,3.200974225997925,3967000
2002-01-07,7.150000095367432,7.300000190734863,7.150000095367432,7.300000190734863,3.2681283950805664,4542000
2002-01-08,7.25,7.349999904632568,7.199999809265137,7.349999904632568,3.290513038635254,2861005
2002-01-09,7.349999904632568,7.400000095367432,7.150000095367432,7.199999809265137,3.2233588695526123,5045000
2002-01-10,7.199999809265137,7.25,7.099999904632568,7.25,3.245743989944458,2271500
2002-01-11,7.25,7.25,7.050000190734863,7.099999904632568,3.1785902976989746,2500000
2002-01-14,7.099999904632568,7.150000095367432,6.900000095367432,6.900000095367432,3.089053153991699,2181500
2002-01-15,6.949999809265137,6.949999809265137,6.800000190734863,6.849999904632568,3.0666680335998535,1455100
2002-01-16,6.849999904632568,6.949999809265137,6.800000190734863,6.800000190734863,3.044283628463745,1789000
2002-01-17,6.75,6.849999904632568,6.699999809265137,6.849999904632568,3.0666680335998535,1406000
2002-01-18,6.849999904632568,6.849999904632568,6.75,6.800000190734863,3.044283628463745,1043000
2002-01-21,6.699999809265137,6.900000095367432,6.699999809265137,6.75,3.0218987464904785,865000
2002-01-22,6.800000190734863,6.800000190734863,6.650000095367432,6.699999809265137,2.9995150566101074,1679000
2002-01-23,6.650000095367432,6.900000095367432,6.650000095367432,6.75,3.0218987464904785,1945500
2002-01-24,6.800000190734863,6.900000095367432,6.699999809265137,6.75,3.0218987464904785,7057500
2002-01-25,6.800000190734863,6.800000190734863,6.699999809265137,6.75,3.0218987464904785,7219500
2002-01-28,6.800000190734863,6.900000095367432,6.800000190734863,6.800000190734863,3.044283628463745,5208000
2002-01-29,6.849999904632568,6.949999809265137,6.849999904632568,6.949999809265137,3.1114370822906494,4103000
2002-01-30,6.849999904632568,6.900000095367432,6.699999809265137,6.75,3.0218987464904785,2346875
2002-01-31,6.75,6.75,6.75,6.75,3.0218987464904785,0
2002-02-01,6.849999904632568,6.900000095367432,6.75,6.800000190734863,3.044283628463745,607000
2002-02-04,6.800000190734863,6.949999809265137,6.75,6.900000095367432,3.089053153991699,1566000
2002-02-05,6.849999904632568,6.849999904632568,6.75,6.849999904632568,3.0666680335998535,2956287
2002-02-06,6.849999904632568,6.900000095367432,6.800000190734863,6.900000095367432,3.089053153991699,1748500
2002-02-07,6.900000095367432,6.949999809265137,6.800000190734863,6.900000095367432,3.089053153991699,2881000
2002-02-08,6.849999904632568,6.900000095367432,6.800000190734863,6.900000095367432,3.089053153991699,2554025
2002-02-11,6.949999809265137,7.0,6.800000190734863,7.0,3.133821964263916,3530000
2002-02-12,7.0,7.0,7.0,7.0,3.133821964263916,0
2002-02-13,7.0,7.0,7.0,7.0,3.133821964263916,0
2002-02-14,7.0,7.0,7.0,7.0,3.133821964263916,0
2002-02-15,7.0,7.099999904632568,6.900000095367432,6.949999809265137,3.1114370822906494,1617000
2002-02-18,6.900000095367432,6.949999809265137,6.849999904632568,6.900000095367432,3.089053153991699,1565810
2002-02-19,6.900000095367432,6.949999809265137,6.849999904632568,6.900000095367432,3.089053153991699,1033552
2002-02-20,6.849999904632568,6.900000095367432,6.800000190734863,6.849999904632568,3.0666680335998535,1570000
2002-02-21,6.900000095367432,6.949999809265137,6.800000190734863,6.800000190734863,3.044283628463745,1678000
2002-02-22,6.800000190734863,6.800000190734863,6.75,6.800000190734863,3.044283628463745,1883000
2002-02-25,6.800000190734863,6.800000190734863,6.699999809265137,6.75,3.0218987464904785,1000136
2002-02-26,6.849999904632568,6.849999904632568,6.699999809265137,6.699999809265137,2.9995150566101074,878500
2002-02-27,6.75,6.849999904632568,6.75,6.75,3.0218987464904785,3091000
2002-02-28,6.75,6.75,6.650000095367432,6.650000095367432,2.9771296977996826,2607000
2002-03-01,6.699999809265137,6.75,6.5,6.550000190734863,2.932361364364624,3839000
2002-03-04,6.550000190734863,6.650000095367432,6.5,6.550000190734863,2.932361364364624,3139000
2002-03-05,6.599999904632568,6.699999809265137,6.550000190734863,6.650000095367432,2.9771296977996826,4130000
2002-03-06,6.699999809265137,6.900000095367432,6.699999809265137,6.800000190734863,3.044283628463745,5424000
2002-03-07,6.75,7.0,6.75,6.900000095367432,3.089053153991699,5856492
2002-03-08,6.949999809265137,7.0,6.849999904632568,7.0,3.133821964263916,3864000
2002-03-11,7.0,7.0,6.949999809265137,7.0,3.133821964263916,963383
2002-03-12,6.949999809265137,7.050000190734863,6.849999904632568,6.900000095367432,3.089053153991699,2507950
2002-03-13,7.0,7.0,6.849999904632568,6.900000095367432,3.089053153991699,2139000
2002-03-14,6.900000095367432,7.0,6.849999904632568,6.949999809265137,3.1114370822906494,2224581
2002-03-15,6.849999904632568,6.900000095367432,6.75,6.800000190734863,3.097770929336548,987800
2002-03-18,6.800000190734863,6.849999904632568,6.800000190734863,6.800000190734863,3.097770929336548,1060000
2002-03-19,6.800000190734863,6.800000190734863,6.650000095367432,6.699999809265137,3.0522143840789795,1165000
2002-03-20,6.699999809265137,6.800000190734863,6.650000095367432,6.650000095367432,3.029437303543091,1173000
2002-03-21,6.599999904632568,6.699999809265137,6.599999904632568,6.699999809265137,3.0522143840789795,375000
2002-03-22,6.699999809265137,6.75,6.599999904632568,6.650000095367432,3.029437303543091,1277000
2002-03-25,6.650000095367432,6.800000190734863,6.650000095367432,6.699999809265137,3.0522143840789795,2242346
2002-03-26,6.650000095367432,6.699999809265137,6.599999904632568,6.650000095367432,3.029437303543091,1205000
2002-03-27,6.699999809265137,6.75,6.650000095367432,6.699999809265137,3.0522143840789795,2198000
2002-03-28,6.699999809265137,6.800000190734863,6.550000190734863,6.650000095367432,3.029437303543091,3259000
2002-03-29,6.650000095367432,6.650000095367432,6.650000095367432,6.650000095367432,3.029437303543091,0
2002-04-01,6.650000095367432,6.650000095367432,6.650000095367432,6.650000095367432,3.029437303543091,0
2002-04-02,6.699999809265137,6.75,6.650000095367432,6.699999809265137,3.0522143840789795,2862262
2002-04-03,6.800000190734863,6.800000190734863,6.650000095367432,6.650000095367432,3.029437303543091,801000
2002-04-04,6.650000095367432,6.650000095367432,6.550000190734863,6.550000190734863,2.983881950378418,3574000
2002-04-05,6.550000190734863,6.550000190734863,6.550000190734863,6.550000190734863,2.983881950378418,0
2002-04-08,6.599999904632568,6.699999809265137,6.550000190734863,6.699999809265137,3.0522143840789795,2868850
2002-04-09,6.699999809265137,6.699999809265137,6.599999904632568,6.599999904632568,3.006659746170044,714743
2002-04-10,6.599999904632568,6.599999904632568,6.550000190734863,6.599999904632568,3.006659746170044,985000
2002-04-11,6.650000095367432,6.650000095367432,6.550000190734863,6.550000190734863,2.983881950378418,1458000
2002-04-12,6.5,6.650000095367432,6.5,6.650000095367432,3.029437303543091,1038000
2002-04-15,6.650000095367432,6.75,6.650000095367432,6.650000095367432,3.029437303543091,1311568
2002-04-16,6.699999809265137,6.75,6.550000190734863,6.75,3.074993133544922,2655000
2002-04-17,6.75,6.900000095367432,6.75,6.849999904632568,3.120548963546753,2695000
2002-04-18,6.849999904632568,6.949999809265137,6.800000190734863,6.900000095367432,3.1433262825012207,1148000
2002-04-19,6.900000095367432,7.0,6.849999904632568,6.900000095367432,3.1433262825012207,2122000
2002-04-22,7.0,7.050000190734863,6.949999809265137,7.050000190734863,3.2116591930389404,1669000
2002-04-23,7.0,7.199999809265137,6.949999809265137,7.199999809265137,3.279991865158081,2720986
2002-04-24,7.199999809265137,7.25,7.150000095367432,7.199999809265137,3.279991865158081,2650000
2002-04-25,7.199999809265137,7.300000190734863,7.099999904632568,7.25,3.3027708530426025,2140500
2002-04-26,7.300000190734863,7.300000190734863,7.150000095367432,7.25,3.3027708530426025,2378651
2002-04-29,7.25,7.25,7.099999904632568,7.150000095367432,3.2572145462036133,1982000
2002-04-30,7.25,7.300000190734863,7.050000190734863,7.199999809265137,3.279991865158081,1907000
2002-05-01,7.199999809265137,7.199999809265137,7.199999809265137,7.199999809265137,3.279991865158081,0
2002-05-02,7.300000190734863,7.75,7.300000190734863,7.650000095367432,3.484992027282715,6225000
2002-05-03,7.75,7.849999904632568,7.699999809265137,7.849999904632568,3.576104164123535,8942475
2002-05-06,7.800000190734863,7.800000190734863,7.650000095367432,7.699999809265137,3.507770299911499,1405000
2002-05-07,7.650000095367432,7.800000190734863,7.599999904632568,7.75,3.5305471420288086,2611745
2002-05-08,7.849999904632568,7.849999904632568,7.599999904632568,7.650000095367432,3.484992027282715,2474000
2002-05-09,7.699999809265137,7.800000190734863,7.599999904632568,7.650000095367432,3.484992027282715,1810440
2002-05-10,7.650000095367432,7.699999809265137,7.550000190734863,7.699999809265137,3.507770299911499,2523500
2002-05-13,7.699999809265137,7.800000190734863,7.699999809265137,7.800000190734863,3.5533249378204346,1395000
2002-05-14,7.800000190734863,7.900000095367432,7.75,7.849999904632568,3.576104164123535,1301974
2002-05-15,7.849999904632568,7.900000095367432,7.75,7.900000095367432,3.5988810062408447,1182271
2002-05-16,7.800000190734863,7.849999904632568,7.75,7.849999904632568,3.576104164123535,550000
2002-05-17,7.849999904632568,7.900000095367432,7.75,7.800000190734863,3.5533249378204346,1402850
2002-05-20,7.800000190734863,7.800000190734863,7.800000190734863,7.800000190734863,3.5533249378204346,0
2002-05-21,7.800000190734863,7.849999904632568,7.400000095367432,7.449999809265137,3.3938801288604736,3023650
2002-05-22,7.5,7.650000095367432,7.449999809265137,7.599999904632568,3.462214469909668,1033149
2002-05-23,7.599999904632568,7.699999809265137,7.449999809265137,7.550000190734863,3.4394359588623047,1313076
2002-05-24,7.650000095367432,7.650000095367432,7.449999809265137,7.5,3.4166579246520996,962345
2002-05-27,7.5,7.5,7.300000190734863,7.349999904632568,3.348325490951538,2223558
2002-05-28,7.199999809265137,7.349999904632568,7.199999809265137,7.25,3.3027708530426025,1341238
2002-05-29,7.25,7.449999809265137,7.25,7.400000095367432,3.3711044788360596,2508225
2002-05-30,7.349999904632568,7.349999904632568,7.150000095367432,7.300000190734863,3.325547456741333,1976997
2002-05-31,7.400000095367432,7.400000095367432,7.300000190734863,7.300000190734863,3.325547456741333,1004200
2002-06-03,7.400000095367432,7.449999809265137,7.349999904632568,7.349999904632568,3.348325490951538,1206149
2002-06-04,7.5,7.5,7.300000190734863,7.400000095367432,3.3711044788360596,1383583
2002-06-05,7.449999809265137,7.550000190734863,7.449999809265137,7.449999809265137,3.3938801288604736,2011386
2002-06-06,7.599999904632568,7.800000190734863,7.550000190734863,7.800000190734863,3.5533249378204346,2244899
2002-06-07,7.75,7.75,7.599999904632568,7.650000095367432,3.484992027282715,595000
2002-06-10,7.650000095367432,7.699999809265137,7.599999904632568,7.699999809265137,3.507770299911499,1410794
2002-06-11,7.699999809265137,7.699999809265137,7.550000190734863,7.650000095367432,3.484992027282715,422327
2002-06-12,7.650000095367432,7.75,7.599999904632568,7.699999809265137,3.507770299911499,780047
2002-06-13,7.75,7.75,7.599999904632568,7.699999809265137,3.507770299911499,485920
2002-06-14,7.699999809265137,7.699999809265137,7.550000190734863,7.599999904632568,3.462214469909668,1121000
2002-06-17,7.599999904632568,7.650000095367432,7.5,7.550000190734863,3.4394359588623047,1238472
2002-06-18,7.599999904632568,7.599999904632568,7.400000095367432,7.400000095367432,3.3711044788360596,1494000
2002-06-19,7.449999809265137,7.5,7.25,7.25,3.3027708530426025,2739152
2002-06-20,7.25,7.400000095367432,7.199999809265137,7.300000190734863,3.325547456741333,1640074
2002-06-21,7.199999809265137,7.349999904632568,7.199999809265137,7.349999904632568,3.348325490951538,1175368
2002-06-24,7.300000190734863,7.400000095367432,7.25,7.349999904632568,3.348325490951538,2673074
2002-06-25,7.349999904632568,7.400000095367432,7.199999809265137,7.25,3.3027708530426025,930150
2002-06-26,7.199999809265137,7.25,7.050000190734863,7.150000095367432,3.2572145462036133,2891000
2002-06-27,7.150000095367432,7.400000095367432,7.150000095367432,7.349999904632568,3.348325490951538,726332
2002-06-28,7.449999809265137,7.449999809265137,7.349999904632568,7.349999904632568,3.348325490951538,560866
2002-07-01,7.349999904632568,7.349999904632568,7.349999904632568,7.349999904632568,3.348325490951538,0
2002-07-02,7.300000190734863,7.349999904632568,7.199999809265137,7.25,3.3027708530426025,2494524
2002-07-03,7.150000095367432,7.400000095367432,7.150000095367432,7.300000190734863,3.325547456741333,1443667
2002-07-04,7.349999904632568,7.650000095367432,7.349999904632568,7.650000095367432,3.484992027282715,1231676
2002-07-05,7.599999904632568,7.650000095367432,7.5,7.5,3.4166579246520996,301000
2002-07-08,7.650000095367432,7.699999809265137,7.400000095367432,7.5,3.4166579246520996,1328059
2002-07-09,7.449999809265137,7.5,7.449999809265137,7.5,3.4166579246520996,321430
2002-07-10,7.449999809265137,7.449999809265137,7.400000095367432,7.400000095367432,3.3711044788360596,592051
2002-07-11,7.400000095367432,7.400000095367432,7.199999809265137,7.199999809265137,3.279991865158081,2046218
2002-07-12,7.25,7.300000190734863,7.25,7.300000190734863,3.325547456741333,690851
2002-07-15,7.300000190734863,7.349999904632568,7.25,7.300000190734863,3.325547456741333,1740487
2002-07-16,7.300000190734863,7.550000190734863,7.199999809265137,7.25,3.3027708530426025,835861
2002-07-17,7.199999809265137,7.25,7.150000095367432,7.25,3.3027708530426025,1868843
2002-07-18,7.300000190734863,7.349999904632568,7.199999809265137,7.349999904632568,3.348325490951538,1465298
2002-07-19,7.199999809265137,7.300000190734863,7.199999809265137,7.199999809265137,3.279991865158081,1587330
2002-07-22,7.099999904632568,7.150000095367432,6.949999809265137,7.150000095367432,3.2572145462036133,1977000
2002-07-23,7.150000095367432,7.300000190734863,7.099999904632568,7.300000190734863,3.325547456741333,2503425
2002-07-24,7.25,7.25,6.949999809265137,7.050000190734863,3.2116591930389404,1994102
2002-07-25,7.199999809265137,7.25,7.050000190734863,7.050000190734863,3.2116591930389404,1101498
2002-07-26,6.949999809265137,7.150000095367432,6.949999809265137,7.050000190734863,3.2116591930389404,2283265
2002-07-29,7.0,7.050000190734863,6.900000095367432,7.0,3.1888821125030518,2225867
2002-07-30,7.099999904632568,7.25,7.099999904632568,7.199999809265137,3.279991865158081,1255102
2002-07-31,7.199999809265137,7.25,7.099999904632568,7.199999809265137,3.279991865158081,791140
2002-08-01,7.099999904632568,7.199999809265137,7.050000190734863,7.099999904632568,3.2344374656677246,2280153
2002-08-02,6.949999809265137,7.099999904632568,6.949999809265137,7.099999904632568,3.2344374656677246,985472
2002-08-05,6.949999809265137,7.050000190734863,6.949999809265137,7.050000190734863,3.2116591930389404,1490876
2002-08-06,6.900000095367432,6.900000095367432,6.849999904632568,6.849999904632568,3.120548963546753,975000
2002-08-07,7.0,7.099999904632568,6.949999809265137,7.099999904632568,3.2344374656677246,607263
2002-08-08,7.099999904632568,7.099999904632568,6.949999809265137,7.050000190734863,3.2116591930389404,262099
2002-08-09,7.150000095367432,7.199999809265137,7.050000190734863,7.050000190734863,3.2116591930389404,463405
2002-08-12,7.0,7.050000190734863,7.0,7.050000190734863,3.2116591930389404,275153
2002-08-13,7.050000190734863,7.150000095367432,7.0,7.099999904632568,3.2344374656677246,785409
2002-08-14,7.050000190734863,7.099999904632568,6.900000095367432,7.099999904632568,3.2344374656677246,662216
2002-08-15,7.150000095367432,7.25,7.150000095367432,7.199999809265137,3.279991865158081,917902
2002-08-16,7.199999809265137,7.25,7.150000095367432,7.199999809265137,3.279991865158081,163204
2002-08-19,7.199999809265137,7.199999809265137,7.099999904632568,7.199999809265137,3.279991865158081,165400
2002-08-20,7.300000190734863,7.300000190734863,7.099999904632568,7.099999904632568,3.2344374656677246,378170
2002-08-21,7.150000095367432,7.199999809265137,7.150000095367432,7.150000095367432,3.2572145462036133,279960
2002-08-22,7.199999809265137,7.199999809265137,7.099999904632568,7.099999904632568,3.2344374656677246,330051
2002-08-23,7.099999904632568,7.099999904632568,7.099999904632568,7.099999904632568,3.2344374656677246,0
2002-08-26,7.199999809265137,7.25,7.199999809265137,7.199999809265137,3.279991865158081,87204
2002-08-27,7.25,7.300000190734863,7.150000095367432,7.199999809265137,3.279991865158081,606352
2002-08-28,7.199999809265137,7.199999809265137,7.199999809265137,7.199999809265137,3.279991865158081,0
2002-08-29,7.199999809265137,7.300000190734863,7.0,7.150000095367432,3.2572145462036133,3103379
2002-08-30,7.099999904632568,7.150000095367432,7.0,7.050000190734863,3.2116591930389404,4660068
2002-09-02,7.050000190734863,7.25,7.0,7.050000190734863,3.2116591930389404,801750
2002-09-03,7.150000095367432,7.150000095367432,7.0,7.0,3.1888821125030518,1370153
2002-09-04,6.949999809265137,7.099999904632568,6.900000095367432,7.050000190734863,3.2116591930389404,1347556
2002-09-05,7.050000190734863,7.150000095367432,7.0,7.099999904632568,3.2344374656677246,793466
2002-09-06,7.050000190734863,7.099999904632568,7.0,7.0,3.1888821125030518,1498066
2002-09-09,7.0,7.099999904632568,7.0,7.099999904632568,3.2344374656677246,529000
2002-09-10,7.099999904632568,7.25,7.099999904632568,7.25,3.3027708530426025,846323
2002-09-11,7.300000190734863,7.300000190734863,7.199999809265137,7.25,3.3027708530426025,297985
2002-09-12,7.25,7.300000190734863,7.199999809265137,7.25,3.3027708530426025,1692091
2002-09-13,7.199999809265137,7.199999809265137,7.099999904632568,7.150000095367432,3.2572145462036133,2417189
2002-09-16,7.099999904632568,7.099999904632568,6.949999809265137,6.949999809265137,3.166104316711426,2994000
2002-09-17,7.050000190734863,7.25,7.050000190734863,7.199999809265137,3.279991865158081,1733102
2002-09-18,7.050000190734863,7.050000190734863,7.0,7.0,3.1888821125030518,1881491
2002-09-19,7.050000190734863,7.099999904632568,6.949999809265137,6.949999809265137,3.166104316711426,5923109
2002-09-20,6.849999904632568,7.0,6.849999904632568,7.0,3.1888821125030518,2034751
2002-09-23,6.949999809265137,7.0,6.900000095367432,6.900000095367432,3.1433262825012207,519767
2002-09-24,6.800000190734863,6.849999904632568,6.75,6.75,3.074993133544922,1787153
2002-09-25,6.75,6.800000190734863,6.650000095367432,6.699999809265137,3.0522143840789795,2017102
2002-09-26,6.849999904632568,6.900000095367432,6.75,6.75,3.074993133544922,1760959
2002-09-27,6.849999904632568,6.849999904632568,6.699999809265137,6.699999809265137,3.0522143840789795,2303051
2002-09-30,6.599999904632568,6.650000095367432,6.449999809265137,6.5,2.961104393005371,3775571
2002-10-01,6.5,6.5,6.5,6.5,2.961104393005371,0
2002-10-02,6.599999904632568,6.650000095367432,6.349999904632568,6.349999904632568,2.892771005630493,4624916
2002-10-03,6.349999904632568,6.5,6.300000190734863,6.5,2.961104393005371,782656
2002-10-04,6.5,6.599999904632568,6.5,6.550000190734863,2.983881950378418,1992382
2002-10-07,6.449999809265137,6.5,6.449999809265137,6.5,2.961104393005371,426112
2002-10-08,6.5,6.5,6.400000095367432,6.400000095367432,2.915548801422119,1845306
2002-10-09,6.449999809265137,6.449999809265137,6.300000190734863,6.449999809265137,2.938326597213745,2034763
2002-10-10,6.300000190734863,6.400000095367432,6.300000190734863,6.400000095367432,2.915548801422119,1250000
2002-10-11,6.5,6.599999904632568,6.449999809265137,6.5,2.961104393005371,1524890
2002-10-14,6.5,6.5,6.5,6.5,2.961104393005371,0
2002-10-15,6.650000095367432,6.650000095367432,6.599999904632568,6.650000095367432,3.029437303543091,1763396
2002-10-16,6.75,6.800000190734863,6.699999809265137,6.699999809265137,3.0522143840789795,1198141
2002-10-17,6.75,6.949999809265137,6.75,6.900000095367432,3.1433262825012207,1142153
2002-10-18,6.900000095367432,6.949999809265137,6.800000190734863,6.800000190734863,3.097770929336548,1301306
2002-10-21,6.849999904632568,6.900000095367432,6.75,6.800000190734863,3.097770929336548,310154
2002-10-22,6.849999904632568,6.900000095367432,6.800000190734863,6.900000095367432,3.1433262825012207,1019500
2002-10-23,6.949999809265137,7.199999809265137,6.949999809265137,7.199999809265137,3.279991865158081,3420806
2002-10-24,7.150000095367432,7.150000095367432,7.050000190734863,7.150000095367432,3.2572145462036133,1702136
2002-10-25,7.050000190734863,7.150000095367432,7.050000190734863,7.150000095367432,3.2572145462036133,672612
2002-10-28,7.199999809265137,7.199999809265137,7.150000095367432,7.199999809265137,3.279991865158081,640153
2002-10-29,7.199999809265137,7.199999809265137,7.099999904632568,7.099999904632568,3.2344374656677246,618153
2002-10-30,7.099999904632568,7.150000095367432,7.099999904632568,7.099999904632568,3.2344374656677246,637085
2002-10-31,7.150000095367432,7.150000095367432,7.0,7.099999904632568,3.2344374656677246,977306
2002-11-01,7.0,7.050000190734863,7.0,7.050000190734863,3.2116591930389404,390153
2002-11-04,7.050000190734863,7.150000095367432,7.050000190734863,7.150000095367432,3.2572145462036133,1304153
2002-11-05,7.150000095367432,7.199999809265137,7.050000190734863,7.099999904632568,3.2344374656677246,341356
2002-11-06,7.150000095367432,7.199999809265137,7.099999904632568,7.199999809265137,3.279991865158081,2402806
2002-11-07,7.199999809265137,7.25,7.150000095367432,7.199999809265137,3.279991865158081,1745875
2002-11-08,7.099999904632568,7.300000190734863,7.099999904632568,7.300000190734863,3.325547456741333,2339153
2002-11-11,6.75,6.800000190734863,6.650000095367432,6.800000190734863,3.2397897243499756,2370000
2002-11-12,6.699999809265137,6.75,6.650000095367432,6.699999809265137,3.192145586013794,963000
2002-11-13,6.699999809265137,6.699999809265137,6.599999904632568,6.650000095367432,3.168322801589966,1918844
2002-11-14,6.75,6.800000190734863,6.650000095367432,6.699999809265137,3.192145586013794,1932909
2002-11-15,6.699999809265137,6.800000190734863,6.699999809265137,6.75,3.215965747833252,1773153
2002-11-18,6.800000190734863,6.800000190734863,6.5,6.5,3.0968570709228516,1999153
2002-11-19,6.550000190734863,6.650000095367432,6.449999809265137,6.650000095367432,3.168322801589966,2429306
2002-11-20,6.650000095367432,6.650000095367432,6.550000190734863,6.599999904632568,3.144500494003296,228936
2002-11-21,6.650000095367432,6.650000095367432,6.550000190734863,6.599999904632568,3.144500494003296,940076
2002-11-22,6.650000095367432,6.650000095367432,6.550000190734863,6.599999904632568,3.144500494003296,1331306
2002-11-25,6.599999904632568,6.650000095367432,6.599999904632568,6.599999904632568,3.144500494003296,930153
2002-11-26,6.550000190734863,6.599999904632568,6.5,6.550000190734863,3.120678663253784,1260540
2002-11-27,6.5,6.550000190734863,6.400000095367432,6.449999809265137,3.0730347633361816,3191553
2002-11-28,6.5,6.550000190734863,6.449999809265137,6.449999809265137,3.0730347633361816,4885000
2002-11-29,6.5,6.75,6.449999809265137,6.550000190734863,3.120678663253784,14133878
2002-12-02,6.550000190734863,6.550000190734863,6.550000190734863,6.550000190734863,3.120678663253784,0
2002-12-03,6.699999809265137,6.900000095367432,6.650000095367432,6.800000190734863,3.2397897243499756,2932437
2002-12-04,6.800000190734863,6.800000190734863,6.699999809265137,6.75,3.215965747833252,3885153
2002-12-05,6.75,6.800000190734863,6.699999809265137,6.800000190734863,3.2397897243499756,1716000
2002-12-06,6.800000190734863,6.800000190734863,6.650000095367432,6.650000095367432,3.168322801589966,1333001
2002-12-09,6.699999809265137,6.699999809265137,6.599999904632568,6.599999904632568,3.144500494003296,1900912
2002-12-10,6.599999904632568,6.699999809265137,6.550000190734863,6.699999809265137,3.192145586013794,2676000
2002-12-11,6.650000095367432,6.650000095367432,6.550000190734863,6.599999904632568,3.144500494003296,1577863
2002-12-12,6.599999904632568,6.75,6.599999904632568,6.650000095367432,3.168322801589966,1827209
2002-12-13,6.650000095367432,6.699999809265137,6.599999904632568,6.650000095367432,3.168322801589966,943262
2002-12-16,6.650000095367432,6.650000095367432,6.599999904632568,6.599999904632568,3.144500494003296,161320
2002-12-17,6.699999809265137,6.75,6.650000095367432,6.699999809265137,3.192145586013794,592153
2002-12-18,6.599999904632568,6.650000095367432,6.550000190734863,6.599999904632568,3.144500494003296,346160
2002-12-19,6.599999904632568,6.650000095367432,6.550000190734863,6.550000190734863,3.120678663253784,1013000
2002-12-20,6.599999904632568,6.699999809265137,6.599999904632568,6.599999904632568,3.144500494003296,669192
2002-12-23,6.599999904632568,6.599999904632568,6.599999904632568,6.599999904632568,3.144500494003296,164169
2002-12-24,6.599999904632568,6.650000095367432,6.599999904632568,6.599999904632568,3.144500494003296,104153
2002-12-25,6.599999904632568,6.599999904632568,6.599999904632568,6.599999904632568,3.144500494003296,0
2002-12-26,6.599999904632568,6.599999904632568,6.599999904632568,6.599999904632568,3.144500494003296,0
2002-12-27,6.599999904632568,6.599999904632568,6.550000190734863,6.550000190734863,3.120678663253784,76906
2002-12-30,6.550000190734863,6.550000190734863,6.5,6.5,3.0968570709228516,549306
2002-12-31,6.5,6.550000190734863,6.349999904632568,6.349999904632568,3.025391101837158,688892
2003-01-01,6.349999904632568,6.349999904632568,6.349999904632568,6.349999904632568,3.025391101837158,0
2003-01-02,6.400000095367432,6.650000095367432,6.400000095367432,6.599999904632568,3.144500494003296,602306
2003-01-03,6.650000095367432,6.650000095367432,6.599999904632568,6.650000095367432,3.168322801589966,1072000
2003-01-06,6.550000190734863,6.650000095367432,6.449999809265137,6.449999809265137,3.0730347633361816,1505737
2003-01-07,6.550000190734863,6.550000190734863,6.449999809265137,6.550000190734863,3.120678663253784,2310000
2003-01-08,6.5,6.599999904632568,6.5,6.599999904632568,3.144500494003296,1799856
2003-01-09,6.550000190734863,6.599999904632568,6.550000190734863,6.550000190734863,3.120678663253784,171000
2003-01-10,6.599999904632568,6.650000095367432,6.550000190734863,6.599999904632568,3.144500494003296,1650000
2003-01-13,6.599999904632568,6.650000095367432,6.550000190734863,6.599999904632568,3.144500494003296,776210
2003-01-14,6.599999904632568,6.699999809265137,6.599999904632568,6.699999809265137,3.192145586013794,1570000
2003-01-15,6.75,6.849999904632568,6.75,6.800000190734863,3.2397897243499756,3056984
2003-01-16,6.650000095367432,6.800000190734863,6.650000095367432,6.75,3.215965747833252,463000
2003-01-17,6.699999809265137,6.800000190734863,6.699999809265137,6.800000190734863,3.2397897243499756,1750250
2003-01-20,6.699999809265137,6.75,6.699999809265137,6.75,3.215965747833252,218000
2003-01-21,6.650000095367432,6.650000095367432,6.650000095367432,6.650000095367432,3.168322801589966,46000
2003-01-22,6.599999904632568,6.650000095367432,6.599999904632568,6.599999904632568,3.144500494003296,244000
2003-01-23,6.650000095367432,6.650000095367432,6.650000095367432,6.650000095367432,3.168322801589966,193770
2003-01-24,6.699999809265137,6.699999809265137,6.599999904632568,6.699999809265137,3.192145586013794,778000
2003-01-27,6.550000190734863,6.650000095367432,6.5,6.650000095367432,3.168322801589966,1834000
2003-01-28,6.599999904632568,6.599999904632568,6.5,6.5,3.0968570709228516,716249
2003-01-29,6.550000190734863,6.650000095367432,6.550000190734863,6.650000095367432,3.168322801589966,1170500
2003-01-30,6.550000190734863,6.599999904632568,6.550000190734863,6.599999904632568,3.144500494003296,47067
2003-01-31,6.599999904632568,6.599999904632568,6.599999904632568,6.599999904632568,3.144500494003296,0
2003-02-03,6.599999904632568,6.599999904632568,6.599999904632568,6.599999904632568,3.144500494003296,0
2003-02-04,6.599999904632568,6.800000190734863,6.599999904632568,6.599999904632568,3.144500494003296,787950
2003-02-05,6.599999904632568,6.599999904632568,6.550000190734863,6.599999904632568,3.144500494003296,200000
2003-02-06,6.550000190734863,6.550000190734863,6.550000190734863,6.550000190734863,3.120678663253784,1075000
2003-02-07,6.550000190734863,6.699999809265137,6.550000190734863,6.699999809265137,3.192145586013794,322320
2003-02-10,6.650000095367432,6.650000095367432,6.550000190734863,6.599999904632568,3.144500494003296,822000
2003-02-11,6.599999904632568,6.599999904632568,6.550000190734863,6.550000190734863,3.120678663253784,272000
2003-02-12,6.599999904632568,6.699999809265137,6.599999904632568,6.699999809265137,3.192145586013794,734006
2003-02-13,6.650000095367432,6.650000095367432,6.599999904632568,6.599999904632568,3.144500494003296,362973
2003-02-14,6.599999904632568,6.599999904632568,6.550000190734863,6.550000190734863,3.120678663253784,327000
2003-02-17,6.599999904632568,6.699999809265137,6.599999904632568,6.699999809265137,3.192145586013794,323000
2003-02-18,6.650000095367432,6.699999809265137,6.650000095367432,6.699999809265137,3.192145586013794,65000
2003-02-19,6.75,6.849999904632568,6.75,6.849999904632568,3.263611316680908,1170000
2003-02-20,6.800000190734863,6.849999904632568,6.75,6.75,3.215965747833252,1089000
2003-02-21,6.75,6.75,6.650000095367432,6.650000095367432,3.168322801589966,452000
2003-02-24,6.699999809265137,6.699999809265137,6.650000095367432,6.650000095367432,3.168322801589966,139000
2003-02-25,6.650000095367432,6.75,6.650000095367432,6.75,3.215965747833252,591500
2003-02-26,6.699999809265137,6.75,6.699999809265137,6.75,3.215965747833252,498000
2003-02-27,6.699999809265137,6.699999809265137,6.650000095367432,6.650000095367432,3.168322801589966,579000
2003-02-28,6.650000095367432,6.650000095367432,6.599999904632568,6.599999904632568,3.144500494003296,197100
2003-03-03,6.650000095367432,6.800000190734863,6.650000095367432,6.650000095367432,3.168322801589966,695850
2003-03-04,6.650000095367432,6.699999809265137,6.650000095367432,6.650000095367432,3.168322801589966,331183
2003-03-05,6.75,6.75,6.650000095367432,6.699999809265137,3.192145586013794,150469
2003-03-06,6.650000095367432,6.699999809265137,6.650000095367432,6.650000095367432,3.168322801589966,245085
2003-03-07,6.599999904632568,6.650000095367432,6.599999904632568,6.650000095367432,3.168322801589966,149000
2003-03-10,6.599999904632568,6.599999904632568,6.449999809265137,6.5,3.0968570709228516,394000
2003-03-11,6.5,6.599999904632568,6.5,6.550000190734863,3.120678663253784,229000
2003-03-12,6.550000190734863,6.75,6.550000190734863,6.699999809265137,3.192145586013794,2423067
2003-03-13,6.650000095367432,6.75,6.599999904632568,6.699999809265137,3.192145586013794,1685675
2003-03-14,6.699999809265137,6.800000190734863,6.650000095367432,6.800000190734863,3.2397897243499756,1467330
2003-03-17,6.800000190734863,6.800000190734863,6.650000095367432,6.650000095367432,3.168322801589966,225165
2003-03-18,6.650000095367432,6.75,6.650000095367432,6.699999809265137,3.192145586013794,240201
2003-03-19,6.75,6.800000190734863,6.699999809265137,6.699999809265137,3.192145586013794,671000
2003-03-20,6.699999809265137,6.800000190734863,6.699999809265137,6.800000190734863,3.2397897243499756,471310
2003-03-21,6.75,6.75,6.699999809265137,6.699999809265137,3.192145586013794,657000
2003-03-24,6.699999809265137,6.75,6.699999809265137,6.75,3.215965747833252,869000
2003-03-25,6.699999809265137,6.75,6.650000095367432,6.699999809265137,3.192145586013794,180000
2003-03-26,6.699999809265137,6.75,6.699999809265137,6.75,3.215965747833252,945000
2003-03-27,6.699999809265137,6.75,6.650000095367432,6.75,3.215965747833252,386381
2003-03-28,6.650000095367432,6.849999904632568,6.599999904632568,6.650000095367432,3.168322801589966,700800
2003-03-31,6.599999904632568,6.650000095367432,6.400000095367432,6.400000095367432,3.049213171005249,1746275
2003-04-01,6.400000095367432,6.449999809265137,6.300000190734863,6.400000095367432,3.049213171005249,1651000
2003-04-02,6.349999904632568,6.400000095367432,6.300000190734863,6.349999904632568,3.025391101837158,831600
2003-04-03,6.400000095367432,6.449999809265137,6.400000095367432,6.449999809265137,3.0730347633361816,566162
2003-04-04,6.449999809265137,6.599999904632568,6.449999809265137,6.599999904632568,3.144500494003296,450000
2003-04-07,6.5,6.699999809265137,6.5,6.699999809265137,3.192145586013794,645000
2003-04-08,6.550000190734863,6.599999904632568,6.449999809265137,6.5,3.0968570709228516,995424
2003-04-09,6.400000095367432,6.400000095367432,6.199999809265137,6.349999904632568,3.025391101837158,2828000
2003-04-10,6.300000190734863,6.300000190734863,6.199999809265137,6.199999809265137,2.9539246559143066,3248000
2003-04-11,6.150000095367432,6.150000095367432,6.0,6.099999904632568,2.9636428356170654,774400
2003-04-14,6.099999904632568,6.099999904632568,6.050000190734863,6.050000190734863,2.939350128173828,1161000
2003-04-15,6.099999904632568,6.25,6.050000190734863,6.199999809265137,3.012225866317749,599319
2003-04-16,6.099999904632568,6.150000095367432,6.0,6.050000190734863,2.939350128173828,399000
2003-04-17,6.050000190734863,6.050000190734863,6.0,6.050000190734863,2.939350128173828,368000
2003-04-18,6.050000190734863,6.050000190734863,6.050000190734863,6.050000190734863,2.939350128173828,0
2003-04-21,6.050000190734863,6.050000190734863,6.050000190734863,6.050000190734863,2.939350128173828,0
2003-04-22,6.0,6.099999904632568,5.900000095367432,5.900000095367432,2.866473436355591,1118289
2003-04-23,6.050000190734863,6.099999904632568,6.0,6.050000190734863,2.939350128173828,1097000
2003-04-24,5.900000095367432,5.949999809265137,5.800000190734863,5.849999904632568,2.8421804904937744,1420000
2003-04-25,5.849999904632568,5.849999904632568,5.800000190734863,5.849999904632568,2.8421804904937744,224000
2003-04-28,5.75,5.849999904632568,5.75,5.800000190734863,2.8178889751434326,666752
2003-04-29,5.900000095367432,6.199999809265137,5.900000095367432,6.150000095367432,2.987934112548828,2400534
2003-04-30,6.300000190734863,6.300000190734863,6.050000190734863,6.099999904632568,2.9636428356170654,1403000
2003-05-01,6.099999904632568,6.099999904632568,6.099999904632568,6.099999904632568,2.9636428356170654,0
2003-05-02,6.099999904632568,6.199999809265137,6.099999904632568,6.150000095367432,2.987934112548828,1512875
2003-05-05,6.150000095367432,6.25,6.099999904632568,6.150000095367432,2.987934112548828,1298000
2003-05-06,6.150000095367432,6.199999809265137,6.150000095367432,6.150000095367432,2.987934112548828,1533875
2003-05-07,6.199999809265137,6.199999809265137,6.150000095367432,6.199999809265137,3.012225866317749,662000
2003-05-08,6.199999809265137,6.199999809265137,6.199999809265137,6.199999809265137,3.012225866317749,0
2003-05-09,6.199999809265137,6.349999904632568,6.150000095367432,6.199999809265137,3.012225866317749,1489000
2003-05-12,6.25,6.349999904632568,6.25,6.300000190734863,3.0608108043670654,518000
2003-05-13,6.300000190734863,6.349999904632568,6.300000190734863,6.349999904632568,3.085102081298828,598770
2003-05-14,6.349999904632568,6.400000095367432,6.300000190734863,6.300000190734863,3.0608108043670654,718307
2003-05-15,6.300000190734863,6.349999904632568,6.25,6.349999904632568,3.085102081298828,1166000
2003-05-16,6.300000190734863,6.449999809265137,6.300000190734863,6.400000095367432,3.109395742416382,492000
2003-05-19,6.449999809265137,6.699999809265137,6.449999809265137,6.699999809265137,3.255147695541382,2167000
2003-05-20,6.5,6.5,6.449999809265137,6.5,3.1579782962799072,939000
2003-05-21,6.5,6.5,6.400000095367432,6.400000095367432,3.109395742416382,113000
2003-05-22,6.400000095367432,6.449999809265137,6.400000095367432,6.449999809265137,3.1336872577667236,246000
2003-05-23,6.449999809265137,6.5,6.449999809265137,6.5,3.1579782962799072,151000
2003-05-26,6.5,6.550000190734863,6.449999809265137,6.550000190734863,3.1822710037231445,1424719
2003-05-27,6.550000190734863,6.550000190734863,6.449999809265137,6.449999809265137,3.1336872577667236,897000
2003-05-28,6.5,6.550000190734863,6.5,6.550000190734863,3.1822710037231445,2057000
2003-05-29,6.550000190734863,6.599999904632568,6.449999809265137,6.599999904632568,3.2065632343292236,2147001
2003-05-30,6.550000190734863,6.599999904632568,6.5,6.5,3.1579782962799072,530191
2003-06-02,6.550000190734863,6.550000190734863,6.5,6.5,3.1579782962799072,462000
2003-06-03,6.5,6.550000190734863,6.5,6.5,3.1579782962799072,797248
2003-06-04,6.5,6.5,6.5,6.5,3.1579782962799072,0
2003-06-05,6.550000190734863,6.599999904632568,6.5,6.550000190734863,3.1822710037231445,1697802
2003-06-06,6.550000190734863,6.599999904632568,6.550000190734863,6.599999904632568,3.2065632343292236,341402
2003-06-09,6.599999904632568,6.599999904632568,6.550000190734863,6.599999904632568,3.2065632343292236,1590000
2003-06-10,6.550000190734863,6.650000095367432,6.5,6.550000190734863,3.1822710037231445,2070000
2003-06-11,6.599999904632568,6.650000095367432,6.599999904632568,6.599999904632568,3.2065632343292236,877086
2003-06-12,6.599999904632568,6.650000095367432,6.599999904632568,6.650000095367432,3.230855941772461,1763598
2003-06-13,6.599999904632568,6.650000095367432,6.550000190734863,6.599999904632568,3.2065632343292236,5090295
2003-06-16,6.550000190734863,6.699999809265137,6.550000190734863,6.599999904632568,3.2065632343292236,798000
2003-06-17,6.699999809265137,6.699999809265137,6.650000095367432,6.650000095367432,3.230855941772461,2495000
2003-06-18,6.699999809265137,6.699999809265137,6.650000095367432,6.650000095367432,3.230855941772461,2097960
2003-06-19,6.650000095367432,6.699999809265137,6.650000095367432,6.699999809265137,3.255147695541382,816000
2003-06-20,6.650000095367432,6.650000095367432,6.550000190734863,6.650000095367432,3.230855941772461,2082000
2003-06-23,6.650000095367432,6.650000095367432,6.599999904632568,6.599999904632568,3.2065632343292236,1561717
2003-06-24,6.599999904632568,6.599999904632568,6.550000190734863,6.599999904632568,3.2065632343292236,879673
2003-06-25,6.550000190734863,6.599999904632568,6.550000190734863,6.599999904632568,3.2065632343292236,1107712
2003-06-26,6.599999904632568,6.650000095367432,6.599999904632568,6.650000095367432,3.230855941772461,765958
2003-06-27,6.650000095367432,6.650000095367432,6.599999904632568,6.599999904632568,3.2065632343292236,5696000
2003-06-30,6.599999904632568,6.650000095367432,6.349999904632568,6.349999904632568,3.085102081298828,2240576
2003-07-01,6.349999904632568,6.349999904632568,6.349999904632568,6.349999904632568,3.085102081298828,0
2003-07-02,6.400000095367432,6.75,6.400000095367432,6.599999904632568,3.2065632343292236,3792446
2003-07-03,6.650000095367432,6.650000095367432,6.599999904632568,6.599999904632568,3.2065632343292236,1833000
2003-07-04,6.550000190734863,6.599999904632568,6.5,6.550000190734863,3.1822710037231445,165000
2003-07-07,6.599999904632568,6.75,6.550000190734863,6.699999809265137,3.255147695541382,991000
2003-07-08,6.75,6.849999904632568,6.699999809265137,6.75,3.2794406414031982,3062800
2003-07-09,6.800000190734863,6.800000190734863,6.699999809265137,6.699999809265137,3.255147695541382,1237000
2003-07-10,6.75,6.75,6.699999809265137,6.75,3.2794406414031982,524348
2003-07-11,6.699999809265137,6.75,6.650000095367432,6.699999809265137,3.255147695541382,963845
2003-07-14,6.699999809265137,6.800000190734863,6.699999809265137,6.800000190734863,3.3037333488464355,608000
2003-07-15,6.800000190734863,6.900000095367432,6.800000190734863,6.800000190734863,3.3037333488464355,1932000
2003-07-16,6.900000095367432,6.900000095367432,6.800000190734863,6.800000190734863,3.3037333488464355,1432000
2003-07-17,6.849999904632568,6.949999809265137,6.800000190734863,6.949999809265137,3.376608371734619,1896100
2003-07-18,6.900000095367432,7.0,6.849999904632568,7.0,3.4009010791778564,2004100
2003-07-21,7.0,7.300000190734863,7.0,7.150000095367432,3.473778247833252,3506000
2003-07-22,7.099999904632568,7.099999904632568,7.050000190734863,7.050000190734863,3.4251925945281982,2162614
2003-07-23,7.099999904632568,7.099999904632568,7.0,7.0,3.4009010791778564,2842000
2003-07-24,7.0,7.25,7.0,7.25,3.5223612785339355,3005107
2003-07-25,7.199999809265137,7.25,7.150000095367432,7.25,3.5223612785339355,3815000
2003-07-28,7.25,7.25,7.199999809265137,7.199999809265137,3.4980692863464355,1810076
2003-07-29,7.199999809265137,7.199999809265137,7.150000095367432,7.150000095367432,3.473778247833252,3290173
2003-07-30,7.050000190734863,7.150000095367432,7.050000190734863,7.099999904632568,3.4494848251342773,1043000
2003-07-31,7.099999904632568,7.25,7.099999904632568,7.199999809265137,3.4980692863464355,1555000
2003-08-01,7.25,7.449999809265137,7.25,7.449999809265137,3.61953067779541,3395217
2003-08-04,7.400000095367432,7.550000190734863,7.400000095367432,7.550000190734863,3.66811466217041,2082200
2003-08-05,7.449999809265137,7.550000190734863,7.400000095367432,7.449999809265137,3.61953067779541,802250
2003-08-06,7.25,7.300000190734863,7.25,7.25,3.5223612785339355,478379
2003-08-07,7.25,7.300000190734863,7.25,7.25,3.5223612785339355,1228000
2003-08-08,7.349999904632568,7.449999809265137,7.300000190734863,7.400000095367432,3.595237970352173,774060
2003-08-11,7.349999904632568,7.449999809265137,7.349999904632568,7.349999904632568,3.570945978164673,729000
2003-08-12,7.400000095367432,7.5,7.400000095367432,7.5,3.64382266998291,1980297
2003-08-13,7.5,7.550000190734863,7.199999809265137,7.300000190734863,3.5466532707214355,1773808
2003-08-14,7.449999809265137,7.449999809265137,7.400000095367432,7.400000095367432,3.595237970352173,824000
2003-08-15,7.599999904632568,7.599999904632568,7.550000190734863,7.550000190734863,3.66811466217041,2130000
2003-08-18,7.5,7.650000095367432,7.5,7.599999904632568,3.69240665435791,811000
2003-08-19,7.599999904632568,7.650000095367432,7.599999904632568,7.650000095367432,3.7166988849639893,978406
2003-08-20,7.550000190734863,7.650000095367432,7.550000190734863,7.650000095367432,3.7166988849639893,288252
2003-08-21,7.599999904632568,8.199999809265137,7.599999904632568,8.199999809265137,3.983912706375122,3028171
2003-08-22,8.199999809265137,8.199999809265137,8.0,8.149999618530273,3.959620237350464,1702000
2003-08-25,8.100000381469727,8.149999618530273,8.0,8.050000190734863,3.9110357761383057,2274000
2003-08-26,8.0,8.199999809265137,8.0,8.199999809265137,3.983912706375122,4343350
2003-08-27,8.199999809265137,8.199999809265137,8.149999618530273,8.149999618530273,3.959620237350464,1646000
2003-08-28,8.149999618530273,8.199999809265137,7.949999809265137,8.100000381469727,3.9353272914886475,2579634
2003-08-29,8.149999618530273,8.199999809265137,8.0,8.0,3.8867430686950684,3231543
2003-09-01,8.100000381469727,8.399999618530273,8.100000381469727,8.350000381469727,4.056788444519043,3198748
2003-09-02,8.399999618530273,8.5,8.399999618530273,8.5,4.129665374755859,4369000
2003-09-03,8.600000381469727,8.850000381469727,8.550000190734863,8.850000381469727,4.299710273742676,5276486
2003-09-04,8.75,8.899999618530273,8.649999618530273,8.699999809265137,4.226833820343018,2341000
2003-09-05,8.699999809265137,8.75,8.449999809265137,8.5,4.129665374755859,2423250
2003-09-08,8.399999618530273,8.699999809265137,8.399999618530273,8.649999618530273,4.202540874481201,2093752
2003-09-09,8.649999618530273,8.75,8.5,8.5,4.129665374755859,1285500
2003-09-10,8.350000381469727,8.449999809265137,8.25,8.399999618530273,4.081080913543701,1444085
2003-09-11,8.350000381469727,8.5,8.300000190734863,8.449999809265137,4.105373382568359,1410688
2003-09-12,8.449999809265137,8.449999809265137,8.449999809265137,8.449999809265137,4.105373382568359,0
2003-09-15,8.5,8.649999618530273,8.5,8.550000190734863,4.153956890106201,2344903
2003-09-16,8.550000190734863,8.75,8.449999809265137,8.75,4.251123905181885,2483910
2003-09-17,8.75,8.800000190734863,8.600000381469727,8.600000381469727,4.178249835968018,1156000
2003-09-18,8.600000381469727,8.850000381469727,8.600000381469727,8.850000381469727,4.299710273742676,3851000
2003-09-19,8.800000190734863,8.850000381469727,8.350000381469727,8.5,4.129665374755859,2926000
2003-09-22,8.5,8.550000190734863,8.449999809265137,8.449999809265137,4.105373382568359,1426875
2003-09-23,8.550000190734863,8.600000381469727,8.5,8.550000190734863,4.153956890106201,943045
2003-09-24,8.600000381469727,8.949999809265137,8.600000381469727,8.850000381469727,4.299710273742676,4289866
2003-09-25,8.850000381469727,9.199999809265137,8.75,8.899999618530273,4.324002265930176,5723877
2003-09-26,8.899999618530273,9.199999809265137,8.899999618530273,9.0,4.372585773468018,5545000
2003-09-29,9.0,9.199999809265137,9.0,9.199999809265137,4.469754695892334,6261125
2003-09-30,9.25,9.449999809265137,9.25,9.300000190734863,4.518340587615967,7993296
2003-10-01,9.300000190734863,9.300000190734863,9.300000190734863,9.300000190734863,4.518340587615967,0
2003-10-02,9.5,9.649999618530273,9.350000381469727,9.550000190734863,4.639800071716309,11871150
2003-10-03,9.600000381469727,10.0,9.600000381469727,9.949999809265137,4.834138870239258,7090250
2003-10-06,10.050000190734863,10.149999618530273,9.850000381469727,9.899999618530273,4.809846878051758,2984000
2003-10-07,9.800000190734863,9.899999618530273,9.449999809265137,9.449999809265137,4.59121561050415,2029000
2003-10-08,9.600000381469727,9.600000381469727,9.25,9.350000381469727,4.54263162612915,4220000
2003-10-09,9.350000381469727,9.649999618530273,9.300000190734863,9.600000381469727,4.66409158706665,2149650
2003-10-10,9.600000381469727,9.800000190734863,9.600000381469727,9.800000190734863,4.761260986328125,4695593
2003-10-13,9.699999809265137,9.949999809265137,9.699999809265137,9.949999809265137,4.834138870239258,2389969
2003-10-14,9.800000190734863,9.899999618530273,9.75,9.899999618530273,4.809846878051758,2498900
2003-10-15,9.899999618530273,9.949999809265137,9.850000381469727,9.899999618530273,4.809846878051758,1752000
2003-10-16,9.800000190734863,9.949999809265137,9.75,9.899999618530273,4.809846878051758,3425500
2003-10-17,9.800000190734863,10.25,9.800000190734863,10.199999809265137,4.955597400665283,4675796
2003-10-20,10.199999809265137,10.25,10.100000381469727,10.100000381469727,4.907012462615967,3298185
2003-10-21,10.100000381469727,10.350000381469727,10.100000381469727,10.350000381469727,5.028475284576416,997532
2003-10-22,10.300000190734863,10.350000381469727,10.199999809265137,10.25,4.979889392852783,2578500
2003-10-23,10.199999809265137,10.199999809265137,9.800000190734863,9.800000190734863,4.761260986328125,1780065
2003-10-24,9.850000381469727,9.899999618530273,9.600000381469727,9.850000381469727,4.785553455352783,1509000
2003-10-27,9.800000190734863,10.0,9.800000190734863,9.949999809265137,4.834138870239258,1474600
2003-10-28,9.899999618530273,10.050000190734863,9.899999618530273,10.0,4.858429908752441,4631800
2003-10-29,10.050000190734863,10.100000381469727,9.949999809265137,10.0,4.858429908752441,2364000
2003-10-30,10.0,10.0,9.850000381469727,10.0,4.858429908752441,855000
2003-10-31,10.0,10.050000190734863,9.949999809265137,9.949999809265137,4.834138870239258,1255108
2003-11-03,9.699999809265137,9.800000190734863,9.649999618530273,9.699999809265137,4.869275093078613,349000
2003-11-04,9.800000190734863,9.800000190734863,9.350000381469727,9.350000381469727,4.693581581115723,2086000
2003-11-05,9.350000381469727,9.699999809265137,9.350000381469727,9.699999809265137,4.869275093078613,2416000
2003-11-06,9.600000381469727,9.699999809265137,9.399999618530273,9.449999809265137,4.743780612945557,909000
2003-11-07,9.449999809265137,9.600000381469727,9.449999809265137,9.600000381469727,4.8190789222717285,1348315
2003-11-10,9.5,9.5,9.149999618530273,9.149999618530273,4.593182563781738,1615650
2003-11-11,9.199999809265137,9.25,8.949999809265137,9.199999809265137,4.618283271789551,1155000
2003-11-12,9.199999809265137,9.300000190734863,9.149999618530273,9.300000190734863,4.668482303619385,563347
2003-11-13,9.350000381469727,9.5,9.350000381469727,9.449999809265137,4.743780612945557,1866035
2003-11-14,9.449999809265137,9.5,9.399999618530273,9.449999809265137,4.743780612945557,983000
2003-11-17,9.300000190734863,9.399999618530273,9.300000190734863,9.399999618530273,4.718679428100586,2096000
2003-11-18,9.350000381469727,9.350000381469727,9.050000190734863,9.350000381469727,4.693581581115723,1809000
2003-11-19,9.25,9.25,9.149999618530273,9.149999618530273,4.593182563781738,700000
2003-11-20,9.199999809265137,9.199999809265137,9.149999618530273,9.149999618530273,4.593182563781738,167000
2003-11-21,9.0,9.199999809265137,9.0,9.149999618530273,4.593182563781738,865526
2003-11-24,9.050000190734863,9.199999809265137,9.050000190734863,9.199999809265137,4.618283271789551,867000
2003-11-25,9.300000190734863,9.350000381469727,9.25,9.350000381469727,4.693581581115723,731000
2003-11-26,9.350000381469727,9.550000190734863,9.300000190734863,9.399999618530273,4.718679428100586,2593000
2003-11-27,9.449999809265137,9.449999809265137,9.300000190734863,9.350000381469727,4.693581581115723,438000
2003-11-28,9.350000381469727,9.5,9.300000190734863,9.399999618530273,4.718679428100586,1474000
2003-12-01,9.350000381469727,9.550000190734863,9.350000381469727,9.449999809265137,4.743780612945557,2070000
2003-12-02,9.550000190734863,9.649999618530273,9.350000381469727,9.399999618530273,4.718679428100586,1772185
2003-12-03,9.5,9.550000190734863,9.350000381469727,9.449999809265137,4.743780612945557,3212000
2003-12-04,9.5,9.5,9.350000381469727,9.350000381469727,4.693581581115723,476000
2003-12-05,9.350000381469727,9.5,9.350000381469727,9.449999809265137,4.743780612945557,771336
2003-12-08,9.399999618530273,9.399999618530273,9.300000190734863,9.399999618530273,4.718679428100586,612000
2003-12-09,9.350000381469727,9.550000190734863,9.350000381469727,9.449999809265137,4.743780612945557,1040825
2003-12-10,9.399999618530273,9.449999809265137,9.350000381469727,9.350000381469727,4.693581581115723,1059000
2003-12-11,9.399999618530273,9.449999809265137,9.350000381469727,9.350000381469727,4.693581581115723,1735230
2003-12-12,9.350000381469727,9.550000190734863,9.350000381469727,9.449999809265137,4.743780612945557,846000
2003-12-15,9.550000190734863,9.600000381469727,9.449999809265137,9.449999809265137,4.743780612945557,1027000
2003-12-16,9.449999809265137,9.449999809265137,9.350000381469727,9.350000381469727,4.693581581115723,847500
2003-12-17,9.449999809265137,9.5,9.399999618530273,9.449999809265137,4.743780612945557,2209200
2003-12-18,9.5,9.600000381469727,9.5,9.550000190734863,4.793978691101074,1191000
2003-12-19,9.600000381469727,9.75,9.600000381469727,9.699999809265137,4.869275093078613,2498000
2003-12-22,9.699999809265137,9.850000381469727,9.699999809265137,9.800000190734863,4.919475555419922,1576900
2003-12-23,9.75,9.800000190734863,9.699999809265137,9.75,4.894374847412109,668100
2003-12-24,9.75,9.899999618530273,9.75,9.899999618530273,4.969674587249756,1571000
2003-12-25,9.899999618530273,9.899999618530273,9.899999618530273,9.899999618530273,4.969674587249756,0
2003-12-26,9.899999618530273,9.899999618530273,9.899999618530273,9.899999618530273,4.969674587249756,0
2003-12-29,9.800000190734863,9.949999809265137,9.75,9.899999618530273,4.969674587249756,946425
2003-12-30,10.0,10.0,9.75,9.899999618530273,4.969674587249756,594000
2003-12-31,9.899999618530273,9.899999618530273,9.600000381469727,9.699999809265137,4.869275093078613,1124126
2004-01-01,9.699999809265137,9.699999809265137,9.699999809265137,9.699999809265137,4.869275093078613,0
2004-01-02,9.800000190734863,10.0,9.800000190734863,9.850000381469727,4.94457483291626,861000
2004-01-05,9.800000190734863,10.649999618530273,9.800000190734863,10.600000381469727,5.321065425872803,4278140
2004-01-06,10.699999809265137,10.850000381469727,10.399999618530273,10.5,5.2708659172058105,3609000
2004-01-07,10.600000381469727,10.699999809265137,10.399999618530273,10.550000190734863,5.295965194702148,2978250
2004-01-08,10.550000190734863,10.649999618530273,10.25,10.550000190734863,5.295965194702148,2355000
2004-01-09,10.800000190734863,10.800000190734863,10.5,10.800000190734863,5.421462059020996,2575500
2004-01-12,10.949999809265137,11.449999809265137,10.949999809265137,11.399999618530273,5.722654819488525,6444000
2004-01-13,11.5,11.800000190734863,11.449999809265137,11.800000190734863,5.923449516296387,7191616
2004-01-14,11.699999809265137,12.5,11.649999618530273,12.350000381469727,6.199542999267578,7560612
2004-01-15,12.050000190734863,12.350000381469727,12.050000190734863,12.199999809265137,6.124246120452881,4705625
2004-01-16,11.899999618530273,12.300000190734863,11.899999618530273,12.25,6.149343967437744,4038200
2004-01-19,12.199999809265137,12.399999618530273,12.149999618530273,12.399999618530273,6.224640846252441,2726000
2004-01-20,12.5,13.25,12.5,13.0,6.525834083557129,3948000
2004-01-21,13.0,13.050000190734863,12.75,12.800000190734863,6.425436019897461,3603850
2004-01-22,12.800000190734863,12.800000190734863,12.800000190734863,12.800000190734863,6.425436019897461,0
2004-01-23,12.800000190734863,12.800000190734863,12.800000190734863,12.800000190734863,6.425436019897461,0
2004-01-26,13.0,13.0,12.600000381469727,12.600000381469727,6.325039863586426,2217000
2004-01-27,12.699999809265137,12.850000381469727,11.899999618530273,12.100000381469727,6.074045181274414,5752000
2004-01-28,12.100000381469727,12.149999618530273,11.800000190734863,11.949999809265137,5.998747825622559,2889374
2004-01-29,11.899999618530273,12.199999809265137,11.699999809265137,11.850000381469727,5.948548316955566,3703000
2004-01-30,11.850000381469727,12.449999809265137,11.800000190734863,12.399999618530273,6.224640846252441,2803000
2004-02-02,12.399999618530273,12.449999809265137,12.0,12.350000381469727,6.199542999267578,2503500
2004-02-03,12.399999618530273,12.550000190734863,12.25,12.399999618530273,6.224640846252441,4043634
2004-02-04,12.399999618530273,12.5,12.399999618530273,12.5,6.274842262268066,1634000
2004-02-05,12.449999809265137,12.449999809265137,12.149999618530273,12.149999618530273,6.0991435050964355,1868584
2004-02-06,12.300000190734863,12.75,12.300000190734863,12.649999618530273,6.35014009475708,1958000
2004-02-09,12.800000190734863,12.850000381469727,12.350000381469727,12.550000190734863,6.299941539764404,3384000
2004-02-10,12.550000190734863,12.649999618530273,12.5,12.600000381469727,6.325039863586426,1625060
2004-02-11,12.600000381469727,12.649999618530273,12.350000381469727,12.5,6.274842262268066,2792816
2004-02-12,12.550000190734863,12.600000381469727,12.449999809265137,12.449999809265137,6.249742031097412,1021000
2004-02-13,12.5,12.5,12.199999809265137,12.350000381469727,6.199542999267578,1009000
2004-02-16,12.5,12.550000190734863,12.399999618530273,12.449999809265137,6.249742031097412,1619000
2004-02-17,12.5,12.550000190734863,12.399999618530273,12.449999809265137,6.249742031097412,2325460
2004-02-18,12.649999618530273,12.75,12.25,12.449999809265137,6.249742031097412,8153100
2004-02-19,12.399999618530273,12.5,12.300000190734863,12.300000190734863,6.174442768096924,2529000
2004-02-20,12.300000190734863,12.300000190734863,12.100000381469727,12.149999618530273,6.0991435050964355,1189000
2004-02-23,12.199999809265137,12.350000381469727,12.100000381469727,12.25,6.149343967437744,3120000
2004-02-24,12.199999809265137,12.25,12.050000190734863,12.050000190734863,6.048945903778076,1191000
2004-02-25,12.0,12.050000190734863,11.899999618530273,12.050000190734863,6.048945903778076,1039000
2004-02-26,11.949999809265137,12.100000381469727,11.949999809265137,12.0,6.023849964141846,1592733
2004-02-27,12.100000381469727,12.25,12.050000190734863,12.25,6.149343967437744,1444000
2004-03-01,12.550000190734863,12.550000190734863,12.399999618530273,12.399999618530273,6.224640846252441,2712375
2004-03-02,12.350000381469727,12.449999809265137,12.300000190734863,12.350000381469727,6.199542999267578,1171000
2004-03-03,12.350000381469727,12.350000381469727,11.899999618530273,12.0,6.023849964141846,1824000
2004-03-04,12.050000190734863,12.050000190734863,11.850000381469727,11.899999618530273,5.973646640777588,789000
2004-03-05,11.699999809265137,11.800000190734863,11.600000381469727,11.75,5.898350715637207,3905000
2004-03-08,11.850000381469727,12.050000190734863,11.850000381469727,11.949999809265137,5.998747825622559,9206000
2004-03-09,12.0,12.100000381469727,11.899999618530273,12.0,6.023849964141846,2918000
2004-03-10,11.850000381469727,11.949999809265137,11.800000190734863,11.800000190734863,5.923449516296387,1269000
2004-03-11,11.649999618530273,11.649999618530273,11.350000381469727,11.449999809265137,5.806807518005371,1277868
2004-03-12,11.0,11.449999809265137,10.899999618530273,11.300000190734863,5.730733871459961,2503930
2004-03-15,11.350000381469727,11.350000381469727,11.100000381469727,11.199999809265137,5.680020809173584,1321000
2004-03-16,11.0,11.300000190734863,11.0,11.25,5.705379962921143,938000
2004-03-17,11.350000381469727,11.649999618530273,11.350000381469727,11.5,5.832164764404297,1874000
2004-03-18,11.550000190734863,11.699999809265137,11.399999618530273,11.399999618530273,5.781449317932129,1613370
2004-03-19,11.399999618530273,11.699999809265137,11.399999618530273,11.5,5.832164764404297,925500
2004-03-22,11.25,11.600000381469727,11.25,11.350000381469727,5.756091594696045,900000
2004-03-23,11.5,11.600000381469727,11.449999809265137,11.5,5.832164764404297,1430000
2004-03-24,11.300000190734863,11.699999809265137,11.300000190734863,11.649999618530273,5.908235549926758,1099612
2004-03-25,11.600000381469727,11.75,11.5,11.75,5.95894718170166,2720000
2004-03-26,11.850000381469727,11.850000381469727,11.699999809265137,11.699999809265137,5.933591842651367,909514
2004-03-29,11.699999809265137,11.899999618530273,11.449999809265137,11.5,5.832164764404297,1935000
2004-03-30,11.550000190734863,11.550000190734863,11.5,11.5,5.832164764404297,1215000
2004-03-31,11.550000190734863,11.75,11.5,11.600000381469727,5.882880210876465,1088000
2004-04-01,11.75,11.800000190734863,11.649999618530273,11.800000190734863,5.984306335449219,954125
2004-04-02,11.850000381469727,11.949999809265137,11.699999809265137,11.899999618530273,6.035022258758545,607000
2004-04-05,11.899999618530273,11.899999618530273,11.899999618530273,11.899999618530273,6.035022258758545,0
2004-04-06,12.0,12.300000190734863,12.0,12.25,6.212522983551025,1395000
2004-04-07,12.25,12.300000190734863,12.199999809265137,12.300000190734863,6.237878799438477,1092576
2004-04-08,12.300000190734863,12.300000190734863,12.25,12.25,6.212522983551025,591100
2004-04-09,12.25,12.25,12.25,12.25,6.212522983551025,0
2004-04-12,12.25,12.25,12.25,12.25,6.212522983551025,0
2004-04-13,12.350000381469727,12.399999618530273,12.25,12.25,6.212522983551025,494000
2004-04-14,12.25,12.350000381469727,12.100000381469727,12.100000381469727,6.136451244354248,2129000
2004-04-15,12.199999809265137,12.199999809265137,11.649999618530273,11.850000381469727,6.009665489196777,820122
2004-04-16,12.0,12.0,11.699999809265137,11.699999809265137,5.933591842651367,706000
2004-04-19,11.850000381469727,11.850000381469727,11.800000190734863,11.800000190734863,5.984306335449219,230584
2004-04-20,11.800000190734863,11.800000190734863,11.699999809265137,11.800000190734863,5.984306335449219,169000
2004-04-21,11.600000381469727,11.649999618530273,11.5,11.600000381469727,5.882880210876465,352934
2004-04-22,11.600000381469727,11.75,11.050000190734863,11.149999618530273,5.654664516448975,2374600
2004-04-23,11.25,11.350000381469727,11.199999809265137,11.300000190734863,5.730733871459961,2353000
2004-04-26,11.100000381469727,11.199999809265137,11.0,11.149999618530273,5.654664516448975,1282000
2004-04-27,11.050000190734863,11.25,11.050000190734863,11.199999809265137,5.680020809173584,2662000
2004-04-28,11.199999809265137,11.25,11.0,11.0,5.578592300415039,576000
2004-04-29,11.0,11.0,10.649999618530273,10.699999809265137,5.42644739151001,3448084
2004-04-30,10.550000190734863,10.899999618530273,10.550000190734863,10.899999618530273,5.527877330780029,1994000
2004-05-03,10.699999809265137,10.800000190734863,10.600000381469727,10.600000381469727,5.375734329223633,395000
2004-05-04,10.699999809265137,10.899999618530273,10.600000381469727,10.800000190734863,5.477163791656494,1091000
2004-05-05,10.800000190734863,10.800000190734863,10.600000381469727,10.699999809265137,5.42644739151001,1529000
2004-05-06,10.800000190734863,10.850000381469727,10.649999618530273,10.800000190734863,5.477163791656494,1442300
2004-05-07,10.800000190734863,10.800000190734863,10.300000190734863,10.350000381469727,5.248948097229004,1878000
2004-05-10,10.199999809265137,10.199999809265137,9.399999618530273,9.399999618530273,4.767159461975098,1564000
2004-05-11,9.25,9.600000381469727,9.100000381469727,9.550000190734863,4.843231201171875,2438000
2004-05-12,9.699999809265137,10.350000381469727,9.699999809265137,10.149999618530273,5.147517204284668,3248662
2004-05-13,9.899999618530273,9.899999618530273,9.699999809265137,9.75,4.94465970993042,1718152
2004-05-14,9.699999809265137,9.699999809265137,9.350000381469727,9.399999618530273,4.767159461975098,862250
2004-05-17,9.399999618530273,9.399999618530273,8.899999618530273,9.050000190734863,4.58966064453125,1510000
2004-05-18,9.050000190734863,9.199999809265137,9.050000190734863,9.149999618530273,4.640374183654785,4859225
2004-05-19,9.25,9.699999809265137,9.25,9.649999618530273,4.893945217132568,1549000
2004-05-20,9.5,9.699999809265137,9.449999809265137,9.449999809265137,4.79251766204834,361000
2004-05-21,9.550000190734863,10.0,9.5,10.0,5.071444988250732,1170000
2004-05-24,10.050000190734863,10.399999618530273,10.050000190734863,10.399999618530273,5.274303436279297,992000
2004-05-25,10.5,10.5,10.149999618530273,10.25,5.198233604431152,1423000
2004-05-26,10.25,10.25,10.25,10.25,5.198233604431152,0
2004-05-27,10.600000381469727,10.600000381469727,10.25,10.449999809265137,5.299662113189697,1026000
2004-05-28,10.350000381469727,10.649999618530273,10.350000381469727,10.600000381469727,5.375734329223633,1288000
2004-05-31,10.399999618530273,10.600000381469727,10.350000381469727,10.5,5.325017929077148,370000
2004-06-01,10.5,10.550000190734863,10.350000381469727,10.399999618530273,5.274303436279297,900000
2004-06-02,10.300000190734863,10.350000381469727,10.0,10.050000190734863,5.096804618835449,1519000
2004-06-03,10.25,10.25,9.75,9.899999618530273,5.020732879638672,2348000
2004-06-04,9.949999809265137,10.0,9.800000190734863,10.0,5.071444988250732,1392000
2004-06-07,10.25,10.300000190734863,10.149999618530273,10.149999618530273,5.147517204284668,2519946
2004-06-08,10.25,10.300000190734863,10.149999618530273,10.25,5.198233604431152,2192000
2004-06-09,10.25,10.300000190734863,10.149999618530273,10.300000190734863,5.223589897155762,1335500
2004-06-10,10.050000190734863,10.300000190734863,10.050000190734863,10.300000190734863,5.223589897155762,1461000
2004-06-11,10.300000190734863,10.449999809265137,10.25,10.449999809265137,5.299662113189697,620455
2004-06-14,10.449999809265137,10.5,10.149999618530273,10.149999618530273,5.147517204284668,1192000
2004-06-15,10.199999809265137,10.399999618530273,10.199999809265137,10.350000381469727,5.248948097229004,1789000
2004-06-16,10.449999809265137,10.449999809265137,10.300000190734863,10.350000381469727,5.248948097229004,1409900
2004-06-17,10.350000381469727,10.350000381469727,10.050000190734863,10.100000381469727,5.122161388397217,1177000
2004-06-18,10.0,10.100000381469727,9.800000190734863,9.949999809265137,5.046089172363281,2409000
2004-06-21,10.199999809265137,10.199999809265137,10.050000190734863,10.050000190734863,5.096804618835449,632000
2004-06-22,10.050000190734863,10.050000190734863,10.050000190734863,10.050000190734863,5.096804618835449,0
2004-06-23,10.050000190734863,10.399999618530273,10.0,10.25,5.198233604431152,914000
2004-06-24,10.300000190734863,10.449999809265137,10.300000190734863,10.399999618530273,5.274303436279297,3743000
2004-06-25,10.449999809265137,10.699999809265137,10.449999809265137,10.649999618530273,5.401088237762451,2737704
2004-06-28,10.649999618530273,10.75,10.5,10.699999809265137,5.42644739151001,1020000
2004-06-29,10.699999809265137,10.699999809265137,10.449999809265137,10.550000190734863,5.350377082824707,2104000
2004-06-30,10.600000381469727,10.699999809265137,10.449999809265137,10.5,5.325017929077148,1157638
2004-07-01,10.5,10.5,10.5,10.5,5.325017929077148,0
2004-07-02,10.300000190734863,10.550000190734863,10.25,10.550000190734863,5.350377082824707,559000
2004-07-05,10.449999809265137,10.949999809265137,10.449999809265137,10.850000381469727,5.50252103805542,1325800
2004-07-06,10.850000381469727,11.300000190734863,10.850000381469727,11.300000190734863,5.730733871459961,1846000
2004-07-07,11.100000381469727,11.75,11.100000381469727,11.5,5.832164764404297,2668600
2004-07-08,11.399999618530273,11.600000381469727,11.300000190734863,11.399999618530273,5.781449317932129,2113337
2004-07-09,11.399999618530273,11.5,11.25,11.25,5.705379962921143,918000
2004-07-12,11.300000190734863,11.350000381469727,11.100000381469727,11.100000381469727,5.629305362701416,774000
2004-07-13,11.25,11.25,10.949999809265137,11.0,5.578592300415039,714531
2004-07-14,11.050000190734863,11.25,11.0,11.100000381469727,5.629305362701416,343000
2004-07-15,11.0,11.050000190734863,10.899999618530273,10.949999809265137,5.553234577178955,251028
2004-07-16,11.0,11.149999618530273,11.0,11.100000381469727,5.629305362701416,140972
2004-07-19,11.100000381469727,11.25,11.100000381469727,11.199999809265137,5.680020809173584,519300
2004-07-20,11.199999809265137,11.25,11.149999618530273,11.25,5.705379962921143,803000
2004-07-21,11.399999618530273,11.449999809265137,11.350000381469727,11.399999618530273,5.781449317932129,337000
2004-07-22,11.399999618530273,11.449999809265137,11.25,11.449999809265137,5.806807518005371,500000
2004-07-23,11.449999809265137,11.649999618530273,11.449999809265137,11.550000190734863,5.857520580291748,900450
2004-07-26,11.649999618530273,11.649999618530273,11.5,11.600000381469727,5.882880210876465,263750
2004-07-27,11.550000190734863,11.550000190734863,11.300000190734863,11.449999809265137,5.806807518005371,122000
2004-07-28,11.399999618530273,11.449999809265137,11.300000190734863,11.449999809265137,5.806807518005371,106000
2004-07-29,11.199999809265137,11.300000190734863,11.149999618530273,11.300000190734863,5.730733871459961,308000
2004-07-30,11.25,11.350000381469727,11.149999618530273,11.149999618530273,5.654664516448975,201712
2004-08-02,11.149999618530273,11.199999809265137,11.100000381469727,11.199999809265137,5.680020809173584,89900
2004-08-03,11.350000381469727,11.350000381469727,11.149999618530273,11.199999809265137,5.680020809173584,817000
2004-08-04,11.5,11.5,11.149999618530273,11.149999618530273,5.654664516448975,325000
2004-08-05,11.149999618530273,11.350000381469727,11.050000190734863,11.25,5.705379962921143,1634000
2004-08-06,11.149999618530273,11.300000190734863,11.100000381469727,11.25,5.705379962921143,916000
2004-08-09,11.199999809265137,11.25,11.199999809265137,11.199999809265137,5.680020809173584,662500
2004-08-10,11.199999809265137,11.25,11.0,11.100000381469727,5.629305362701416,463000
2004-08-11,11.25,11.25,11.0,11.0,5.578592300415039,573522
2004-08-12,10.949999809265137,11.199999809265137,10.949999809265137,11.149999618530273,5.654664516448975,302000
2004-08-13,11.0,11.199999809265137,11.0,11.149999618530273,5.654664516448975,305000
2004-08-16,11.0,11.0,10.75,10.800000190734863,5.477163791656494,1933000
2004-08-17,10.800000190734863,10.949999809265137,10.75,10.800000190734863,5.477163791656494,1483000
2004-08-18,10.800000190734863,11.100000381469727,10.800000190734863,11.0,5.578592300415039,1731000
2004-08-19,11.100000381469727,11.300000190734863,11.050000190734863,11.300000190734863,5.730733871459961,864000
2004-08-20,11.199999809265137,11.25,11.149999618530273,11.149999618530273,5.654664516448975,104000
2004-08-23,11.199999809265137,11.350000381469727,11.199999809265137,11.300000190734863,5.730733871459961,584000
2004-08-24,11.399999618530273,11.75,11.300000190734863,11.75,5.95894718170166,1514100
2004-08-25,11.699999809265137,11.949999809265137,11.649999618530273,11.899999618530273,6.035022258758545,2608000
2004-08-26,11.899999618530273,12.0,11.899999618530273,11.949999809265137,6.060377597808838,2068000
2004-08-27,12.0,12.100000381469727,12.0,12.050000190734863,6.1110920906066895,1971775
2004-08-30,12.0,12.149999618530273,11.949999809265137,11.949999809265137,6.060377597808838,1464000
2004-08-31,12.0,12.100000381469727,11.949999809265137,12.0,6.085736274719238,726000
2004-09-01,12.0,12.199999809265137,12.0,12.149999618530273,6.161807060241699,1138000
2004-09-02,12.050000190734863,12.399999618530273,12.050000190734863,12.25,6.212522983551025,2238000
2004-09-03,12.25,12.300000190734863,12.0,12.199999809265137,6.1871657371521,2311600
2004-09-06,12.199999809265137,12.899999618530273,12.199999809265137,12.75,6.466095447540283,4114500
2004-09-07,12.75,12.949999809265137,12.649999618530273,12.699999809265137,6.440736770629883,3380900
2004-09-08,12.699999809265137,12.800000190734863,12.350000381469727,12.399999618530273,6.288593769073486,4194000
2004-09-09,12.25,12.449999809265137,12.100000381469727,12.149999618530273,6.161807060241699,5434000
2004-09-10,12.0,12.149999618530273,11.850000381469727,12.050000190734863,6.1110920906066895,3095000
2004-09-13,12.100000381469727,12.350000381469727,12.100000381469727,12.300000190734863,6.237878799438477,1243674
2004-09-14,12.449999809265137,12.449999809265137,12.0,12.100000381469727,6.136451244354248,3150000
2004-09-15,12.100000381469727,12.199999809265137,12.050000190734863,12.199999809265137,6.1871657371521,1173000
2004-09-16,12.149999618530273,12.300000190734863,12.100000381469727,12.300000190734863,6.237878799438477,2715000
2004-09-17,12.149999618530273,12.350000381469727,12.050000190734863,12.25,6.212522983551025,2904000
2004-09-20,12.350000381469727,12.350000381469727,12.149999618530273,12.300000190734863,6.237878799438477,563900
2004-09-21,12.300000190734863,12.350000381469727,12.149999618530273,12.300000190734863,6.237878799438477,585000
2004-09-22,12.25,12.25,12.149999618530273,12.199999809265137,6.1871657371521,500000
2004-09-23,12.050000190734863,12.149999618530273,12.0,12.050000190734863,6.1110920906066895,919000
2004-09-24,12.149999618530273,12.149999618530273,11.949999809265137,12.0,6.085736274719238,435500
2004-09-27,11.899999618530273,11.949999809265137,11.800000190734863,11.899999618530273,6.035022258758545,795000
2004-09-28,11.899999618530273,11.899999618530273,11.800000190734863,11.850000381469727,6.009665489196777,476500
2004-09-29,11.850000381469727,11.850000381469727,11.850000381469727,11.850000381469727,6.009665489196777,0
2004-09-30,11.899999618530273,12.25,11.899999618530273,12.199999809265137,6.1871657371521,1718000
2004-10-01,12.199999809265137,12.199999809265137,12.199999809265137,12.199999809265137,6.1871657371521,0
2004-10-04,12.399999618530273,12.550000190734863,12.399999618530273,12.5,6.339308261871338,2072258
2004-10-05,12.550000190734863,12.75,12.5,12.649999618530273,6.415379524230957,2658000
2004-10-06,12.699999809265137,12.75,12.600000381469727,12.600000381469727,6.3900227546691895,2286310
2004-10-07,12.600000381469727,12.75,12.600000381469727,12.699999809265137,6.440736770629883,2628250
2004-10-08,12.600000381469727,12.699999809265137,12.550000190734863,12.649999618530273,6.415379524230957,1171000
2004-10-11,12.550000190734863,12.600000381469727,12.449999809265137,12.5,6.339308261871338,3308000
2004-10-12,12.550000190734863,12.800000190734863,12.399999618530273,12.649999618530273,6.415379524230957,1201000
2004-10-13,12.649999618530273,12.699999809265137,12.5,12.649999618530273,6.415379524230957,2703787
2004-10-14,12.550000190734863,12.649999618530273,12.399999618530273,12.600000381469727,6.3900227546691895,1959000
2004-10-15,12.600000381469727,12.699999809265137,12.5,12.699999809265137,6.440736770629883,511000
2004-10-18,12.649999618530273,12.850000381469727,12.649999618530273,12.850000381469727,6.516810417175293,2090510
2004-10-19,12.850000381469727,12.850000381469727,12.699999809265137,12.800000190734863,6.491451740264893,1111000
2004-10-20,12.699999809265137,12.75,12.649999618530273,12.75,6.466095447540283,1106000
2004-10-21,12.75,12.75,12.600000381469727,12.699999809265137,6.440736770629883,264000
2004-10-22,12.699999809265137,12.699999809265137,12.699999809265137,12.699999809265137,6.440736770629883,0
2004-10-25,12.5,12.5,12.350000381469727,12.5,6.339308261871338,1496000
2004-10-26,12.5,12.550000190734863,12.350000381469727,12.5,6.339308261871338,973200
2004-10-27,12.5,12.550000190734863,12.449999809265137,12.5,6.339308261871338,694000
2004-10-28,12.5,12.800000190734863,12.5,12.75,6.466095447540283,811000
2004-10-29,12.600000381469727,12.800000190734863,12.600000381469727,12.800000190734863,6.491451740264893,513000
2004-11-01,12.699999809265137,12.75,12.649999618530273,12.699999809265137,6.440736770629883,652000
2004-11-02,12.800000190734863,13.0,12.800000190734863,12.949999809265137,6.5675225257873535,2857000
2004-11-03,13.0,13.350000381469727,13.0,13.350000381469727,6.770382881164551,2707225
2004-11-04,13.100000381469727,13.399999618530273,13.0,13.300000190734863,6.93195104598999,4548000
2004-11-05,13.399999618530273,13.399999618530273,13.149999618530273,13.199999809265137,6.879833698272705,710000
2004-11-08,13.199999809265137,13.350000381469727,12.949999809265137,13.350000381469727,6.95801305770874,755320
2004-11-09,13.300000190734863,13.300000190734863,13.050000190734863,13.149999618530273,6.853772163391113,596500
2004-11-10,13.149999618530273,13.300000190734863,13.149999618530273,13.25,6.905893802642822,2450840
2004-11-11,13.25,13.350000381469727,13.25,13.350000381469727,6.95801305770874,2206162
2004-11-12,13.350000381469727,13.550000190734863,13.350000381469727,13.5,7.036191463470459,3363000
2004-11-15,13.550000190734863,13.699999809265137,13.449999809265137,13.449999809265137,7.0101318359375,1522000
2004-11-16,13.5,13.699999809265137,13.5,13.699999809265137,7.140432834625244,1613900
2004-11-17,13.649999618530273,14.100000381469727,13.649999618530273,14.0,7.296792030334473,2629500
2004-11-18,14.149999618530273,14.300000190734863,14.100000381469727,14.300000190734863,7.453153133392334,2145960
2004-11-19,14.25,14.300000190734863,14.050000190734863,14.199999809265137,7.401034355163574,1290000
2004-11-22,14.199999809265137,14.399999618530273,14.0,14.399999618530273,7.505272388458252,2358625
2004-11-23,14.399999618530273,15.0,14.399999618530273,14.899999618530273,7.765873432159424,5974000
2004-11-24,14.850000381469727,15.25,14.800000190734863,14.800000190734863,7.713752269744873,3800120
2004-11-25,14.800000190734863,15.0,14.800000190734863,14.899999618530273,7.765873432159424,2079000
2004-11-26,15.0,15.100000381469727,14.899999618530273,14.899999618530273,7.765873432159424,1893000
2004-11-29,14.899999618530273,15.0,14.899999618530273,14.899999618530273,7.765873432159424,270099
2004-11-30,14.850000381469727,14.850000381469727,14.300000190734863,14.600000381469727,7.609514236450195,3193000
2004-12-01,14.5,14.75,14.350000381469727,14.649999618530273,7.635571479797363,2724000
2004-12-02,14.899999618530273,14.949999809265137,14.699999809265137,14.75,7.687694072723389,4612000
2004-12-03,14.899999618530273,14.899999618530273,14.350000381469727,14.449999809265137,7.531332015991211,2585000
2004-12-06,14.600000381469727,15.199999809265137,14.399999618530273,15.199999809265137,7.922231674194336,2056000
2004-12-07,14.850000381469727,14.850000381469727,14.600000381469727,14.800000190734863,7.713752269744873,2137500
2004-12-08,14.75,14.850000381469727,14.699999809265137,14.800000190734863,7.713752269744873,1894000
2004-12-09,14.550000190734863,14.800000190734863,14.300000190734863,14.800000190734863,7.713752269744873,3473987
2004-12-10,14.699999809265137,14.75,14.600000381469727,14.75,7.687694072723389,1378900
2004-12-13,14.649999618530273,14.800000190734863,14.5,14.800000190734863,7.713752269744873,492363
2004-12-14,14.800000190734863,14.899999618530273,14.600000381469727,14.850000381469727,7.73981237411499,3058000
2004-12-15,14.850000381469727,14.899999618530273,14.800000190734863,14.850000381469727,7.73981237411499,380884
2004-12-16,14.850000381469727,15.149999618530273,14.850000381469727,15.149999618530273,7.896173000335693,1300200
2004-12-17,15.149999618530273,15.350000381469727,15.149999618530273,15.350000381469727,8.000411033630371,1509944
2004-12-20,15.25,15.600000381469727,15.100000381469727,15.600000381469727,8.130711555480957,1693000
2004-12-21,15.600000381469727,15.649999618530273,15.350000381469727,15.649999618530273,8.156770706176758,1214260
2004-12-22,15.699999809265137,15.699999809265137,15.100000381469727,15.100000381469727,7.87011194229126,252000
2004-12-23,15.25,15.300000190734863,15.100000381469727,15.199999809265137,7.922231674194336,463376
2004-12-24,15.199999809265137,15.25,15.149999618530273,15.25,7.948288440704346,28000
2004-12-27,15.25,15.25,15.25,15.25,7.948288440704346,0
2004-12-28,15.25,15.399999618530273,15.25,15.399999618530273,8.026470184326172,458000
2004-12-29,15.399999618530273,15.600000381469727,15.399999618530273,15.600000381469727,8.130711555480957,869000
2004-12-30,15.5,15.5,15.25,15.350000381469727,8.000411033630371,298000
2004-12-31,15.300000190734863,15.350000381469727,15.300000190734863,15.300000190734863,7.974351406097412,385000
2005-01-03,15.300000190734863,15.399999618530273,15.149999618530273,15.300000190734863,7.974351406097412,1453000
2005-01-04,15.149999618530273,15.350000381469727,15.100000381469727,15.300000190734863,7.974351406097412,1270894
2005-01-05,15.199999809265137,15.199999809265137,14.899999618530273,15.100000381469727,7.87011194229126,2165712
2005-01-06,15.0,15.100000381469727,14.800000190734863,15.050000190734863,7.844052791595459,2171000
2005-01-07,15.050000190734863,15.050000190734863,14.5,14.5,7.557394504547119,1161000
2005-01-10,14.5,14.5,13.899999618530273,14.0,7.296792030334473,4089000
2005-01-11,14.0,14.149999618530273,13.949999809265137,14.050000190734863,7.322852611541748,3220000
2005-01-12,13.899999618530273,14.050000190734863,13.649999618530273,13.899999618530273,7.2446699142456055,2245988
2005-01-13,14.0,14.5,14.0,14.5,7.557394504547119,1366000
2005-01-14,14.399999618530273,14.399999618530273,14.149999618530273,14.399999618530273,7.505272388458252,1078100
2005-01-17,14.300000190734863,14.649999618530273,14.300000190734863,14.649999618530273,7.635571479797363,2002000
2005-01-18,14.649999618530273,15.0,14.550000190734863,14.649999618530273,7.635571479797363,1698000
2005-01-19,14.649999618530273,14.75,14.5,14.550000190734863,7.583450794219971,1084100
2005-01-20,14.550000190734863,15.0,13.899999618530273,14.050000190734863,7.322852611541748,2827000
2005-01-21,14.0,14.0,13.850000381469727,13.949999809265137,7.270732879638672,2804600
2005-01-24,13.850000381469727,13.850000381469727,13.399999618530273,13.449999809265137,7.0101318359375,1040000
2005-01-25,13.449999809265137,13.649999618530273,13.399999618530273,13.5,7.036191463470459,2270500
2005-01-26,13.550000190734863,13.649999618530273,13.5,13.5,7.036191463470459,2382000
2005-01-27,13.5,13.550000190734863,13.399999618530273,13.449999809265137,7.0101318359375,2103000
2005-01-28,13.449999809265137,13.550000190734863,13.449999809265137,13.550000190734863,7.062252998352051,555000
2005-01-31,13.5,13.600000381469727,13.5,13.600000381469727,7.088311672210693,3045500
2005-02-01,13.649999618530273,13.649999618530273,13.449999809265137,13.5,7.036191463470459,4492000
2005-02-02,13.399999618530273,13.399999618530273,13.100000381469727,13.199999809265137,6.879833698272705,2576000
2005-02-03,13.199999809265137,13.399999618530273,13.199999809265137,13.350000381469727,6.95801305770874,642000
2005-02-04,13.350000381469727,13.399999618530273,13.25,13.300000190734863,6.93195104598999,3405625
2005-02-07,13.300000190734863,13.550000190734863,13.300000190734863,13.550000190734863,7.062252998352051,1147625
2005-02-08,13.550000190734863,13.649999618530273,13.5,13.600000381469727,7.088311672210693,2975000
2005-02-14,13.649999618530273,13.699999809265137,13.600000381469727,13.699999809265137,7.140432834625244,2347000
2005-02-15,13.699999809265137,13.800000190734863,13.699999809265137,13.800000190734863,7.192551612854004,2049000
2005-02-16,13.850000381469727,13.949999809265137,13.800000190734863,13.949999809265137,7.270732879638672,2145344
2005-02-17,13.949999809265137,14.0,13.899999618530273,13.949999809265137,7.270732879638672,3256547
2005-02-18,13.899999618530273,14.100000381469727,13.850000381469727,14.0,7.296792030334473,1666200
2005-02-21,14.0,14.199999809265137,14.0,14.100000381469727,7.348913192749023,2412000
2005-02-22,14.100000381469727,14.100000381469727,13.949999809265137,14.050000190734863,7.322852611541748,4805405
2005-02-23,13.850000381469727,14.100000381469727,13.850000381469727,14.050000190734863,7.322852611541748,3914000
2005-02-24,14.050000190734863,14.199999809265137,14.050000190734863,14.100000381469727,7.348913192749023,2850000
2005-02-25,14.100000381469727,14.25,14.100000381469727,14.149999618530273,7.374974727630615,4908000
2005-02-28,14.25,14.25,14.199999809265137,14.199999809265137,7.401034355163574,3807800
2005-03-01,14.149999618530273,14.25,14.050000190734863,14.050000190734863,7.322852611541748,1495000
2005-03-02,14.050000190734863,14.199999809265137,14.050000190734863,14.100000381469727,7.348913192749023,4812000
2005-03-03,14.149999618530273,14.300000190734863,14.050000190734863,14.199999809265137,7.401034355163574,2234550
2005-03-04,14.300000190734863,14.300000190734863,13.699999809265137,13.850000381469727,7.218611240386963,2156000
2005-03-07,13.949999809265137,14.050000190734863,13.899999618530273,13.949999809265137,7.270732879638672,320000
2005-03-08,14.0,14.199999809265137,13.949999809265137,13.949999809265137,7.270732879638672,1095740
2005-03-09,14.0,14.149999618530273,14.0,14.100000381469727,7.348913192749023,765000
2005-03-10,14.100000381469727,14.100000381469727,13.899999618530273,14.0,7.296792030334473,218000
2005-03-11,14.0,14.0,13.899999618530273,13.899999618530273,7.2446699142456055,631615
2005-03-14,13.899999618530273,14.050000190734863,13.899999618530273,14.050000190734863,7.322852611541748,312500
2005-03-15,14.0,14.0,13.699999809265137,13.699999809265137,7.140432834625244,717290
2005-03-16,13.75,14.050000190734863,13.75,14.050000190734863,7.322852611541748,469000
2005-03-17,14.0,14.050000190734863,13.75,13.75,7.166492462158203,18596330
2005-03-18,13.899999618530273,14.050000190734863,13.850000381469727,13.899999618530273,7.2446699142456055,491000
2005-03-21,14.050000190734863,14.050000190734863,13.850000381469727,14.0,7.296792030334473,547000
2005-03-22,14.0,14.0,13.899999618530273,14.0,7.296792030334473,1399500
2005-03-23,14.0,14.25,13.800000190734863,13.949999809265137,7.346826076507568,16917600
2005-03-24,14.0,14.0,13.600000381469727,13.850000381469727,7.294158458709717,2405000
2005-03-29,13.899999618530273,13.899999618530273,13.75,13.850000381469727,7.294158458709717,5603000
2005-03-30,13.850000381469727,13.850000381469727,13.75,13.800000190734863,7.267825603485107,1406000
2005-03-31,13.75,13.800000190734863,13.5,13.649999618530273,7.1888275146484375,6769000
2005-04-01,13.600000381469727,13.649999618530273,13.399999618530273,13.449999809265137,7.083497047424316,634000
2005-04-04,13.5,13.850000381469727,13.5,13.75,7.2414937019348145,7424000
2005-04-06,13.649999618530273,13.699999809265137,13.550000190734863,13.600000381469727,7.1624956130981445,821000
2005-04-07,13.649999618530273,13.800000190734863,13.600000381469727,13.800000190734863,7.267825603485107,603300
2005-04-08,13.800000190734863,13.800000190734863,13.699999809265137,13.75,7.2414937019348145,299000
2005-04-11,13.649999618530273,13.699999809265137,13.550000190734863,13.600000381469727,7.1624956130981445,982750
2005-04-12,13.600000381469727,13.649999618530273,13.5,13.649999618530273,7.1888275146484375,3231800
2005-04-13,13.649999618530273,13.899999618530273,13.649999618530273,13.899999618530273,7.32049036026001,1151747
2005-04-14,13.850000381469727,13.899999618530273,13.75,13.75,7.2414937019348145,495000
2005-04-15,13.800000190734863,13.949999809265137,13.600000381469727,13.949999809265137,7.346826076507568,287000
2005-04-18,13.649999618530273,13.899999618530273,13.649999618530273,13.699999809265137,7.215160846710205,1368000
2005-04-19,13.899999618530273,13.949999809265137,13.850000381469727,13.899999618530273,7.32049036026001,279000
2005-04-20,14.0,14.0,13.75,13.899999618530273,7.32049036026001,1506500
2005-04-21,13.850000381469727,14.100000381469727,13.800000190734863,14.0,7.373157024383545,956002
2005-04-22,14.050000190734863,14.149999618530273,14.050000190734863,14.149999618530273,7.452157020568848,531498
2005-04-25,14.050000190734863,14.199999809265137,14.050000190734863,14.100000381469727,7.425822734832764,947500
2005-04-26,14.100000381469727,14.199999809265137,13.899999618530273,14.149999618530273,7.452157020568848,569000
2005-04-27,14.149999618530273,14.149999618530273,14.050000190734863,14.100000381469727,7.425822734832764,1336000
2005-04-28,14.050000190734863,14.100000381469727,14.050000190734863,14.050000190734863,7.399491310119629,1525000
2005-04-29,14.100000381469727,14.100000381469727,14.0,14.050000190734863,7.399491310119629,358000
2005-05-03,14.100000381469727,14.149999618530273,13.949999809265137,13.949999809265137,7.346826076507568,785000
2005-05-04,14.0,14.0,13.899999618530273,13.899999618530273,7.32049036026001,479000
2005-05-05,14.0,14.050000190734863,14.0,14.050000190734863,7.399491310119629,533000
2005-05-06,14.0,14.0,13.899999618530273,14.0,7.373157024383545,851000
2005-05-09,14.050000190734863,14.050000190734863,13.899999618530273,14.0,7.373157024383545,1089638
2005-05-10,14.0,14.0,13.949999809265137,13.949999809265137,7.346826076507568,882500
2005-05-11,13.899999618530273,14.050000190734863,13.850000381469727,14.050000190734863,7.399491310119629,997416
2005-05-12,14.0,14.0,13.899999618530273,14.0,7.373157024383545,236000
2005-05-13,13.949999809265137,13.949999809265137,13.800000190734863,13.949999809265137,7.346826076507568,108500
2005-05-17,14.0,14.0,13.75,13.800000190734863,7.267825603485107,679000
2005-05-18,13.75,13.75,13.350000381469727,13.399999618530273,7.057165145874023,1014500
2005-05-19,13.449999809265137,13.449999809265137,12.949999809265137,13.0,6.846504211425781,2485000
2005-05-20,13.0,13.100000381469727,12.899999618530273,13.100000381469727,6.899171352386475,1051000
2005-05-23,13.050000190734863,13.199999809265137,13.050000190734863,13.050000190734863,6.872837543487549,126500
2005-05-24,13.100000381469727,13.25,13.050000190734863,13.25,6.978167533874512,294600
2005-05-25,13.050000190734863,13.149999618530273,13.050000190734863,13.149999618530273,6.925500869750977,125000
2005-05-26,13.149999618530273,13.149999618530273,13.100000381469727,13.100000381469727,6.899171352386475,635000
2005-05-27,13.199999809265137,13.300000190734863,13.100000381469727,13.199999809265137,6.951834678649902,757000
2005-05-30,13.199999809265137,13.399999618530273,13.100000381469727,13.399999618530273,7.057165145874023,466500
2005-05-31,13.399999618530273,13.399999618530273,13.300000190734863,13.300000190734863,7.00449800491333,62000
2005-06-01,13.25,13.600000381469727,13.25,13.550000190734863,7.136163234710693,643000
2005-06-02,13.550000190734863,13.550000190734863,13.399999618530273,13.5,7.109829902648926,236000
2005-06-03,13.5,13.699999809265137,13.399999618530273,13.399999618530273,7.057165145874023,1202000
2005-06-06,13.600000381469727,13.850000381469727,13.600000381469727,13.800000190734863,7.267825603485107,2038000
2005-06-07,13.850000381469727,14.0,13.850000381469727,14.0,7.373157024383545,2740287
2005-06-08,13.949999809265137,14.0,13.649999618530273,13.649999618530273,7.1888275146484375,4451138
2005-06-09,13.649999618530273,13.649999618530273,13.350000381469727,13.350000381469727,7.030832290649414,1243000
2005-06-10,13.449999809265137,13.550000190734863,13.149999618530273,13.199999809265137,6.951834678649902,917000
2005-06-13,13.199999809265137,13.300000190734863,13.100000381469727,13.100000381469727,6.899171352386475,629925
2005-06-14,13.25,13.800000190734863,13.25,13.800000190734863,7.267825603485107,831000
2005-06-15,13.5,13.649999618530273,13.350000381469727,13.399999618530273,7.057165145874023,960300
2005-06-16,13.350000381469727,13.449999809265137,13.350000381469727,13.399999618530273,7.057165145874023,379000
2005-06-17,13.199999809265137,13.5,13.199999809265137,13.399999618530273,7.057165145874023,1347000
2005-06-20,13.399999618530273,13.449999809265137,13.399999618530273,13.399999618530273,7.057165145874023,665000
2005-06-21,13.449999809265137,13.449999809265137,13.399999618530273,13.399999618530273,7.057165145874023,486700
2005-06-22,13.449999809265137,13.600000381469727,13.300000190734863,13.300000190734863,7.00449800491333,2207030
2005-06-23,13.399999618530273,13.600000381469727,13.350000381469727,13.5,7.109829902648926,2446265
2005-06-24,13.5,13.800000190734863,13.449999809265137,13.699999809265137,7.215160846710205,380000
2005-06-27,13.699999809265137,13.800000190734863,13.550000190734863,13.600000381469727,7.1624956130981445,213000
2005-06-28,13.600000381469727,13.75,13.550000190734863,13.699999809265137,7.215160846710205,838320
2005-06-29,13.75,13.800000190734863,13.600000381469727,13.75,7.2414937019348145,628000
2005-06-30,13.800000190734863,13.800000190734863,13.649999618530273,13.699999809265137,7.215160846710205,941000
2005-07-04,13.800000190734863,13.800000190734863,13.649999618530273,13.800000190734863,7.267825603485107,643000
2005-07-05,13.800000190734863,13.800000190734863,13.600000381469727,13.699999809265137,7.215160846710205,1112000
2005-07-06,13.699999809265137,13.850000381469727,13.699999809265137,13.850000381469727,7.294158458709717,1121000
2005-07-07,13.800000190734863,13.800000190734863,13.649999618530273,13.75,7.2414937019348145,1040000
2005-07-08,13.699999809265137,13.800000190734863,13.699999809265137,13.800000190734863,7.267825603485107,549000
2005-07-11,13.800000190734863,13.949999809265137,13.75,13.75,7.2414937019348145,1087000
2005-07-12,13.949999809265137,14.300000190734863,13.949999809265137,14.100000381469727,7.425822734832764,3741334
2005-07-13,14.149999618530273,14.199999809265137,14.100000381469727,14.149999618530273,7.452157020568848,2126100
2005-07-14,14.149999618530273,14.300000190734863,14.100000381469727,14.100000381469727,7.425822734832764,827475
2005-07-15,14.199999809265137,14.399999618530273,14.050000190734863,14.199999809265137,7.478488922119141,3117815
2005-07-18,14.149999618530273,14.300000190734863,14.149999618530273,14.25,7.504820346832275,1812000
2005-07-19,14.199999809265137,14.550000190734863,14.149999618530273,14.449999809265137,7.610152244567871,3900000
2005-07-20,14.5,15.050000190734863,14.5,14.850000381469727,7.820815086364746,3531500
2005-07-21,14.899999618530273,15.0,14.850000381469727,14.899999618530273,7.847146511077881,3442037
2005-07-22,14.949999809265137,15.5,14.899999618530273,15.399999618530273,8.110474586486816,2798650
2005-07-25,15.399999618530273,15.550000190734863,15.149999618530273,15.350000381469727,8.084139823913574,2097000
2005-07-26,15.399999618530273,15.399999618530273,15.0,15.050000190734863,7.926141738891602,2395654
2005-07-27,15.050000190734863,15.199999809265137,15.0,15.149999618530273,7.9788103103637695,811000
2005-07-28,15.149999618530273,15.399999618530273,15.149999618530273,15.350000381469727,8.084139823913574,1652000
2005-07-29,15.399999618530273,15.649999618530273,15.399999618530273,15.5,8.163139343261719,1810100
2005-08-01,15.149999618530273,15.550000190734863,15.149999618530273,15.399999618530273,8.110474586486816,1195000
2005-08-02,15.25,15.75,15.25,15.75,8.294804573059082,1368000
2005-08-03,15.75,15.800000190734863,15.600000381469727,15.699999809265137,8.268470764160156,1084000
2005-08-04,15.699999809265137,15.800000190734863,15.550000190734863,15.649999618530273,8.242134094238281,408000
2005-08-05,15.649999618530273,15.800000190734863,15.5,15.550000190734863,8.189472198486328,707400
2005-08-08,15.550000190734863,15.649999618530273,15.5,15.5,8.163139343261719,675000
2005-08-09,15.5,15.600000381469727,15.449999809265137,15.449999809265137,8.136808395385742,702500
2005-08-10,15.449999809265137,15.449999809265137,15.300000190734863,15.449999809265137,8.136808395385742,592000
2005-08-11,15.449999809265137,15.699999809265137,15.399999618530273,15.699999809265137,8.268470764160156,214346
2005-08-12,15.699999809265137,15.699999809265137,15.399999618530273,15.399999618530273,8.110474586486816,323000
2005-08-15,15.550000190734863,15.550000190734863,15.050000190734863,15.350000381469727,8.084139823913574,336210
2005-08-16,15.5,15.5,15.25,15.300000190734863,8.057806015014648,671400
2005-08-17,15.300000190734863,15.850000381469727,15.300000190734863,15.800000190734863,8.321134567260742,798722
2005-08-18,15.800000190734863,15.800000190734863,15.25,15.300000190734863,8.057806015014648,2075000
2005-08-19,15.199999809265137,15.399999618530273,15.0,15.399999618530273,8.110474586486816,917000
2005-08-22,15.300000190734863,15.5,15.300000190734863,15.5,8.163139343261719,225000
2005-08-23,15.5,15.5,15.149999618530273,15.25,8.031472206115723,1534445
2005-08-24,15.300000190734863,15.75,15.199999809265137,15.199999809265137,8.005142211914062,1573200
2005-08-25,15.199999809265137,15.199999809265137,14.649999618530273,15.0,7.899808883666992,1065000
2005-08-26,15.0,15.0,14.550000190734863,14.899999618530273,7.847146511077881,760000
2005-08-29,14.899999618530273,14.899999618530273,14.5,14.850000381469727,7.820815086364746,1489000
2005-08-30,14.649999618530273,14.800000190734863,14.600000381469727,14.800000190734863,7.794482707977295,991600
2005-08-31,14.800000190734863,14.800000190734863,14.350000381469727,14.550000190734863,7.662815570831299,1851612
2005-09-01,14.800000190734863,15.25,14.699999809265137,15.199999809265137,8.005142211914062,1115000
2005-09-02,15.149999618530273,15.699999809265137,15.149999618530273,15.600000381469727,8.215805053710938,1008500
2005-09-05,15.600000381469727,15.649999618530273,15.5,15.600000381469727,8.215805053710938,793000
2005-09-06,15.5,15.600000381469727,15.449999809265137,15.550000190734863,8.189472198486328,791900
2005-09-07,15.550000190734863,15.550000190734863,15.449999809265137,15.5,8.163139343261719,774100
2005-09-08,15.5,15.5,15.25,15.350000381469727,8.084139823913574,1089000
2005-09-09,15.300000190734863,15.449999809265137,15.25,15.399999618530273,8.110474586486816,963000
2005-09-12,15.350000381469727,15.699999809265137,15.350000381469727,15.699999809265137,8.268470764160156,402000
2005-09-13,15.649999618530273,15.649999618530273,15.300000190734863,15.300000190734863,8.057806015014648,880426
2005-09-14,15.25,15.25,15.050000190734863,15.050000190734863,7.926141738891602,813000
2005-09-15,15.199999809265137,15.199999809265137,15.100000381469727,15.100000381469727,7.95247745513916,830000
2005-09-16,15.100000381469727,15.350000381469727,15.050000190734863,15.300000190734863,8.057806015014648,561000
2005-09-20,15.25,15.5,15.100000381469727,15.399999618530273,8.110474586486816,501263
2005-09-21,15.699999809265137,15.699999809265137,15.399999618530273,15.399999618530273,8.110474586486816,809000
2005-09-22,15.399999618530273,15.399999618530273,14.899999618530273,15.100000381469727,7.95247745513916,1191000
2005-09-23,14.800000190734863,15.25,14.800000190734863,15.149999618530273,7.9788103103637695,154980
2005-09-26,15.100000381469727,15.149999618530273,14.949999809265137,15.050000190734863,7.926141738891602,951000
2005-09-27,15.100000381469727,15.100000381469727,14.899999618530273,14.949999809265137,7.873477935791016,1797000
2005-09-28,15.0,15.050000190734863,14.899999618530273,14.949999809265137,7.873477935791016,2158000
2005-09-29,15.199999809265137,15.199999809265137,14.850000381469727,15.100000381469727,7.95247745513916,2654000
2005-09-30,15.100000381469727,15.100000381469727,14.850000381469727,14.949999809265137,7.873477935791016,1049000
2005-10-03,15.050000190734863,15.149999618530273,15.0,15.100000381469727,7.95247745513916,2125697
2005-10-04,15.100000381469727,15.149999618530273,15.050000190734863,15.100000381469727,7.95247745513916,1210000
2005-10-05,15.100000381469727,15.100000381469727,14.949999809265137,15.050000190734863,7.926141738891602,1743500
2005-10-06,15.0,15.149999618530273,14.899999618530273,14.899999618530273,7.847146511077881,1463200
2005-10-07,15.100000381469727,15.100000381469727,15.0,15.0,7.899808883666992,1058000
2005-10-10,15.0,15.199999809265137,14.550000190734863,14.800000190734863,7.794482707977295,1103146
2005-10-12,14.899999618530273,15.149999618530273,14.699999809265137,15.0,7.899808883666992,2374023
2005-10-13,14.850000381469727,14.949999809265137,14.800000190734863,14.850000381469727,7.820815086364746,953259
2005-10-14,14.850000381469727,14.850000381469727,14.449999809265137,14.5,7.6364874839782715,1267000
2005-10-17,14.5,15.0,14.5,14.899999618530273,7.847146511077881,448000
2005-10-18,15.0,15.100000381469727,15.0,15.050000190734863,7.926141738891602,749391
2005-10-19,14.800000190734863,14.899999618530273,14.800000190734863,14.899999618530273,7.847146511077881,286060
2005-10-20,14.899999618530273,14.899999618530273,14.75,14.75,7.768149375915527,352000
2005-10-21,14.399999618530273,14.649999618530273,14.399999618530273,14.600000381469727,7.689151287078857,270400
2005-10-24,14.600000381469727,15.100000381469727,14.600000381469727,15.100000381469727,7.95247745513916,680655
2005-10-25,14.800000190734863,14.850000381469727,14.449999809265137,14.550000190734863,7.662815570831299,1116000
2005-10-26,14.550000190734863,14.75,14.550000190734863,14.649999618530273,7.715482711791992,98000
2005-10-27,14.699999809265137,14.75,14.600000381469727,14.75,7.768149375915527,1084000
2005-10-28,14.649999618530273,14.949999809265137,14.649999618530273,14.850000381469727,7.820815086364746,813000
2005-10-31,14.5,14.5,14.300000190734863,14.300000190734863,7.739628314971924,1184688
2005-11-01,14.5,14.800000190734863,14.449999809265137,14.699999809265137,7.956122398376465,850000
2005-11-02,14.699999809265137,14.699999809265137,14.449999809265137,14.699999809265137,7.956122398376465,89000
2005-11-03,14.699999809265137,14.850000381469727,14.600000381469727,14.850000381469727,8.03730583190918,1184000
2005-11-04,14.850000381469727,14.899999618530273,14.699999809265137,14.800000190734863,8.01024341583252,2521000
2005-11-07,14.649999618530273,15.100000381469727,14.649999618530273,14.949999809265137,8.0914306640625,3105700
2005-11-08,14.949999809265137,14.949999809265137,14.699999809265137,14.800000190734863,8.01024341583252,705000
2005-11-09,14.899999618530273,14.899999618530273,14.5,14.850000381469727,8.03730583190918,2936112
2005-11-10,14.800000190734863,14.800000190734863,13.899999618530273,14.100000381469727,7.631381988525391,2949000
2005-11-11,14.149999618530273,14.25,14.149999618530273,14.149999618530273,7.658442974090576,2811495
2005-11-14,14.199999809265137,14.25,14.199999809265137,14.25,7.712567329406738,665000
2005-11-15,14.25,14.25,14.199999809265137,14.199999809265137,7.685506343841553,633000
2005-11-16,14.199999809265137,14.350000381469727,14.199999809265137,14.300000190734863,7.739628314971924,1155000
2005-11-17,14.350000381469727,14.800000190734863,14.350000381469727,14.699999809265137,7.956122398376465,1023300
2005-11-18,14.699999809265137,14.949999809265137,14.699999809265137,14.850000381469727,8.03730583190918,1188000
2005-11-21,14.949999809265137,15.399999618530273,14.949999809265137,15.399999618530273,8.334985733032227,3028000
2005-11-22,15.149999618530273,15.149999618530273,14.850000381469727,14.949999809265137,8.0914306640625,992052
2005-11-23,14.949999809265137,15.25,14.949999809265137,15.199999809265137,8.226736068725586,671000
2005-11-24,15.300000190734863,15.300000190734863,15.25,15.300000190734863,8.280863761901855,1260000
2005-11-25,15.350000381469727,15.399999618530273,15.25,15.300000190734863,8.280863761901855,2678980
2005-11-28,15.199999809265137,15.199999809265137,14.949999809265137,15.0,8.118491172790527,1112000
2005-11-29,15.0,15.199999809265137,15.0,15.199999809265137,8.226736068725586,686000
2005-11-30,15.25,15.300000190734863,15.0,15.0,8.118491172790527,611000
2005-12-01,15.100000381469727,15.25,15.0,15.149999618530273,8.199676513671875,2415003
2005-12-02,15.199999809265137,15.350000381469727,15.050000190734863,15.050000190734863,8.145552635192871,2714080
2005-12-05,15.100000381469727,15.399999618530273,15.100000381469727,15.399999618530273,8.334985733032227,2183650
2005-12-06,15.199999809265137,15.399999618530273,15.0,15.25,8.253798484802246,557000
2005-12-07,15.350000381469727,15.5,15.350000381469727,15.5,8.389110565185547,1379500
2005-12-08,15.550000190734863,15.949999809265137,15.399999618530273,15.800000190734863,8.551477432250977,1571837
2005-12-09,15.699999809265137,15.850000381469727,15.649999618530273,15.850000381469727,8.578540802001953,1513000
2005-12-12,15.850000381469727,16.0,15.850000381469727,15.949999809265137,8.632661819458008,1026100
2005-12-13,15.899999618530273,16.049999237060547,15.5,15.5,8.389110565185547,1175511
2005-12-14,16.0,16.299999237060547,15.649999618530273,16.299999237060547,8.822093963623047,1028700
2005-12-15,16.299999237060547,17.0,16.299999237060547,16.799999237060547,9.092707633972168,2024000
2005-12-16,16.549999237060547,16.600000381469727,16.200000762939453,16.5,8.930341720581055,888200
2005-12-19,16.350000381469727,16.350000381469727,16.049999237060547,16.299999237060547,8.822093963623047,554000
2005-12-20,16.299999237060547,16.75,16.299999237060547,16.5,8.930341720581055,1622000
2005-12-21,16.700000762939453,16.75,16.5,16.700000762939453,9.038588523864746,1999350
2005-12-22,16.350000381469727,17.0,16.350000381469727,16.950000762939453,9.173895835876465,920000
2005-12-23,16.950000762939453,16.950000762939453,16.5,16.5,8.930341720581055,79580
2005-12-28,16.450000762939453,16.600000381469727,15.600000381469727,16.5,8.930341720581055,970558
2005-12-29,16.5,16.5,16.299999237060547,16.399999618530273,8.876215934753418,332000
2005-12-30,16.399999618530273,16.5,16.25,16.450000762939453,8.903279304504395,1587000
2006-01-03,16.0,16.5,16.0,16.299999237060547,8.822093963623047,920000
2006-01-04,16.5,16.700000762939453,16.450000762939453,16.5,8.930341720581055,774000
2006-01-05,16.5,17.0,16.5,17.0,9.200956344604492,2098000
2006-01-06,17.0,17.350000381469727,16.899999618530273,17.049999237060547,9.228021621704102,1710182
2006-01-09,17.200000762939453,17.549999237060547,17.200000762939453,17.549999237060547,9.498634338378906,636001
2006-01-10,17.100000381469727,17.450000762939453,17.049999237060547,17.049999237060547,9.228021621704102,1970333
2006-01-11,17.299999237060547,18.0,17.299999237060547,18.0,9.74219036102295,1994504
2006-01-12,18.100000381469727,18.100000381469727,17.399999618530273,17.799999237060547,9.633940696716309,1372545
2006-01-13,17.399999618530273,17.600000381469727,17.200000762939453,17.350000381469727,9.39039134979248,1044556
2006-01-16,17.399999618530273,17.399999618530273,17.149999618530273,17.200000762939453,9.309205055236816,819000
2006-01-17,17.399999618530273,17.399999618530273,16.549999237060547,16.549999237060547,8.957405090332031,665990
2006-01-18,17.0,17.0,16.25,16.25,8.795031547546387,1461000
2006-01-19,16.399999618530273,16.600000381469727,16.399999618530273,16.549999237060547,8.957405090332031,442000
2006-01-20,16.600000381469727,16.899999618530273,16.549999237060547,16.899999618530273,9.146835327148438,594000
2006-01-23,16.700000762939453,16.700000762939453,16.299999237060547,16.399999618530273,8.876215934753418,462073
2006-01-24,16.399999618530273,16.649999618530273,16.399999618530273,16.600000381469727,8.98446273803711,250000
2006-01-25,16.600000381469727,17.0,16.600000381469727,16.850000381469727,9.119776725769043,656000
2006-01-26,16.950000762939453,17.149999618530273,16.850000381469727,16.850000381469727,9.119776725769043,869000
2006-01-27,16.850000381469727,18.100000381469727,16.850000381469727,17.399999618530273,9.417448997497559,2643225
2006-02-01,17.700000762939453,18.0,17.5,17.549999237060547,9.498634338378906,2458617
2006-02-02,17.600000381469727,17.700000762939453,17.350000381469727,17.350000381469727,9.39039134979248,1079243
2006-02-03,17.100000381469727,17.299999237060547,17.0,17.100000381469727,9.255081176757812,615000
2006-02-06,17.0,17.049999237060547,16.899999618530273,16.899999618530273,9.146835327148438,85000
2006-02-07,17.049999237060547,17.399999618530273,17.049999237060547,17.350000381469727,9.39039134979248,1816445
2006-02-08,17.350000381469727,17.600000381469727,17.0,17.149999618530273,9.282140731811523,834000
2006-02-09,17.399999618530273,17.799999237060547,17.350000381469727,17.799999237060547,9.633940696716309,1568452
2006-02-10,17.600000381469727,17.600000381469727,17.399999618530273,17.5,9.471573829650879,558423
2006-02-13,17.049999237060547,17.100000381469727,16.649999618530273,17.0,9.200956344604492,465673
2006-02-14,17.0,17.450000762939453,17.0,17.299999237060547,9.363325119018555,896000
2006-02-15,17.399999618530273,17.850000381469727,17.399999618530273,17.600000381469727,9.5256986618042,1281900
2006-02-16,17.799999237060547,17.799999237060547,17.450000762939453,17.450000762939453,9.444511413574219,318000
2006-02-17,17.200000762939453,17.799999237060547,17.200000762939453,17.549999237060547,9.498634338378906,414000
2006-02-20,17.600000381469727,17.850000381469727,17.600000381469727,17.600000381469727,9.5256986618042,1798374
2006-02-21,17.5,17.5,16.5,16.5,8.930341720581055,1321000
2006-02-22,16.5,16.649999618530273,16.299999237060547,16.549999237060547,8.957405090332031,1195600
2006-02-23,16.549999237060547,17.399999618530273,16.549999237060547,17.399999618530273,9.417448997497559,1595600
2006-02-24,17.5,17.700000762939453,17.399999618530273,17.549999237060547,9.498634338378906,1849800
2006-02-27,17.799999237060547,17.799999237060547,17.5,17.600000381469727,9.5256986618042,607200
2006-02-28,16.450000762939453,17.399999618530273,16.450000762939453,17.149999618530273,9.282140731811523,780347
2006-03-01,17.100000381469727,17.399999618530273,17.100000381469727,17.149999618530273,9.282140731811523,415000
2006-03-02,17.149999618530273,17.399999618530273,17.149999618530273,17.299999237060547,9.363325119018555,608000
2006-03-03,17.299999237060547,17.299999237060547,16.549999237060547,17.049999237060547,9.228021621704102,1440000
2006-03-06,17.049999237060547,17.049999237060547,16.950000762939453,17.0,9.200956344604492,552000
2006-03-07,16.799999237060547,17.049999237060547,16.75,16.899999618530273,9.146835327148438,1064000
2006-03-08,16.899999618530273,17.0,16.600000381469727,17.0,9.200956344604492,1281400
2006-03-09,16.899999618530273,16.899999618530273,16.600000381469727,16.649999618530273,9.011528015136719,396464
2006-03-10,16.649999618530273,16.799999237060547,16.649999618530273,16.799999237060547,9.092707633972168,140000
2006-03-13,16.75,17.299999237060547,16.75,17.25,9.336265563964844,430445
2006-03-14,17.200000762939453,17.299999237060547,16.700000762939453,16.700000762939453,9.038588523864746,770000
2006-03-15,16.700000762939453,17.5,16.700000762939453,17.5,9.471573829650879,828984
2006-03-16,17.350000381469727,17.600000381469727,17.350000381469727,17.5,9.471573829650879,793000
2006-03-17,17.549999237060547,17.549999237060547,17.299999237060547,17.299999237060547,9.363325119018555,985728
2006-03-20,17.299999237060547,17.450000762939453,17.299999237060547,17.450000762939453,9.444511413574219,646900
2006-03-21,17.399999618530273,17.600000381469727,17.350000381469727,17.600000381469727,9.5256986618042,408537
2006-03-22,17.549999237060547,17.799999237060547,17.549999237060547,17.799999237060547,9.633940696716309,1870200
2006-03-23,17.75,17.75,17.450000762939453,17.600000381469727,9.5256986618042,874000
2006-03-24,17.600000381469727,17.600000381469727,17.399999618530273,17.450000762939453,9.444511413574219,496000
2006-03-27,17.350000381469727,17.799999237060547,17.25,17.799999237060547,9.714664459228516,261000
2006-03-28,17.799999237060547,17.799999237060547,17.350000381469727,17.399999618530273,9.496357917785645,894525
2006-03-29,17.399999618530273,17.5,17.299999237060547,17.450000762939453,9.523649215698242,1592000
2006-03-30,17.450000762939453,17.649999618530273,17.450000762939453,17.600000381469727,9.605515480041504,1571100
2006-03-31,17.700000762939453,17.799999237060547,17.149999618530273,17.75,9.687379837036133,1166500
2006-04-03,17.899999618530273,18.0,17.5,18.0,9.823822021484375,2324500
2006-04-04,18.0,19.0,17.950000762939453,19.0,10.369585990905762,2170400
2006-04-06,19.0,19.049999237060547,18.549999237060547,18.899999618530273,10.315011024475098,940584
2006-04-07,18.799999237060547,19.5,18.799999237060547,19.399999618530273,10.587896347045898,1613
2006-04-10,19.350000381469727,19.5,19.0,19.450000762939453,10.61518669128418,631071
2006-04-11,19.450000762939453,19.600000381469727,19.200000762939453,19.5,10.642472267150879,1054575
2006-04-12,19.600000381469727,19.600000381469727,18.549999237060547,18.799999237060547,10.260436058044434,1038394
2006-04-13,18.75,19.200000762939453,18.600000381469727,18.899999618530273,10.315011024475098,576677
2006-04-18,18.899999618530273,18.899999618530273,18.399999618530273,18.700000762939453,10.205857276916504,164000
2006-04-19,18.649999618530273,18.899999618530273,18.450000762939453,18.649999618530273,10.178569793701172,1654670
2006-04-20,18.799999237060547,19.700000762939453,18.600000381469727,18.950000762939453,10.342304229736328,1441600
2006-04-21,19.600000381469727,19.600000381469727,18.950000762939453,19.25,10.506032943725586,663000
2006-04-24,19.200000762939453,19.600000381469727,18.799999237060547,19.299999237060547,10.533318519592285,1141080
2006-04-25,18.899999618530273,18.950000762939453,18.25,18.299999237060547,9.987552642822266,419500
2006-04-26,18.149999618530273,18.350000381469727,17.950000762939453,18.25,9.960261344909668,740500
2006-04-27,18.399999618530273,19.799999237060547,18.399999618530273,18.700000762939453,10.205857276916504,467797
2006-04-28,18.700000762939453,18.700000762939453,18.200000762939453,18.399999618530273,10.04212760925293,2605000
2006-05-02,18.450000762939453,19.100000381469727,18.450000762939453,19.0,10.369585990905762,1524000
2006-05-03,18.799999237060547,19.5,18.799999237060547,19.350000381469727,10.56060791015625,909250
2006-05-04,19.350000381469727,19.350000381469727,19.0,19.100000381469727,10.424164772033691,576476
2006-05-08,19.5,20.25,19.049999237060547,20.049999237060547,10.942643165588379,2721950
2006-05-09,20.0,20.0,19.0,19.049999237060547,10.39687442779541,1611000
2006-05-10,19.549999237060547,19.549999237060547,18.850000381469727,18.850000381469727,10.287725448608398,1925000
2006-05-11,19.0,19.649999618530273,18.950000762939453,19.049999237060547,10.39687442779541,1785316
2006-05-12,18.75,19.149999618530273,18.549999237060547,19.149999618530273,10.451455116271973,1479000
2006-05-15,19.0,19.0,18.200000762939453,18.649999618530273,10.178569793701172,1727820
2006-05-16,17.700000762939453,19.5,17.700000762939453,18.0,9.823822021484375,895700
2006-05-17,18.5,18.5,17.850000381469727,17.850000381469727,9.741957664489746,770812
2006-05-18,17.549999237060547,17.799999237060547,17.049999237060547,17.149999618530273,9.359917640686035,667179
2006-05-19,17.200000762939453,17.799999237060547,17.200000762939453,17.700000762939453,9.660090446472168,414000
2006-05-22,17.649999618530273,17.649999618530273,17.200000762939453,17.299999237060547,9.441781997680664,898049
2006-05-23,17.200000762939453,17.200000762939453,16.600000381469727,17.0,9.27805233001709,2758000
2006-05-24,17.0,17.75,17.0,17.600000381469727,9.605515480041504,2022440
2006-05-25,17.549999237060547,17.899999618530273,17.299999237060547,17.700000762939453,9.660090446472168,2491211
2006-05-26,17.950000762939453,18.0,17.600000381469727,17.899999618530273,9.769246101379395,459210
2006-05-29,18.5,18.5,18.0,18.200000762939453,9.932974815368652,1548000
2006-05-30,18.200000762939453,18.350000381469727,17.950000762939453,17.950000762939453,9.79653263092041,905000
2006-06-01,19.0,19.0,17.950000762939453,18.149999618530273,9.905688285827637,3289000
2006-06-02,18.600000381469727,18.600000381469727,17.5,18.149999618530273,9.905688285827637,2358000
2006-06-05,18.149999618530273,18.25,18.0,18.0,9.823822021484375,747
2006-06-06,17.950000762939453,17.950000762939453,17.299999237060547,17.600000381469727,9.605515480041504,2224000
2006-06-07,17.600000381469727,18.200000762939453,17.600000381469727,17.700000762939453,9.660090446472168,718000
2006-06-08,17.5,18.049999237060547,17.200000762939453,18.0,9.823822021484375,2257231
2006-06-09,17.549999237060547,17.549999237060547,16.850000381469727,17.0,9.27805233001709,2271769
2006-06-12,16.899999618530273,17.100000381469727,16.799999237060547,17.0,9.27805233001709,152000
2006-06-13,16.950000762939453,16.950000762939453,16.25,16.549999237060547,9.032459259033203,673403
2006-06-14,16.5,16.700000762939453,15.899999618530273,16.100000381469727,8.786863327026367,1132314
2006-06-15,16.600000381469727,16.600000381469727,15.649999618530273,15.949999809265137,8.704995155334473,1247000
2006-06-16,16.149999618530273,16.5,16.049999237060547,16.350000381469727,8.923304557800293,2984250
2006-06-19,16.5,16.5,16.0,16.350000381469727,8.923304557800293,955138
2006-06-20,16.0,16.399999618530273,15.949999809265137,16.149999618530273,8.814149856567383,1284000
2006-06-21,16.0,16.0,15.449999809265137,15.899999618530273,8.677709579467773,830333
2006-06-22,16.100000381469727,16.549999237060547,15.949999809265137,16.149999618530273,8.814149856567383,3285000
2006-06-23,15.899999618530273,16.5,15.850000381469727,16.399999618530273,8.950590133666992,3122000
2006-06-26,16.399999618530273,16.399999618530273,16.0,16.100000381469727,8.786863327026367,3137000
2006-06-27,16.0,16.100000381469727,15.800000190734863,15.899999618530273,8.677709579467773,1315456
2006-06-28,15.899999618530273,15.899999618530273,15.600000381469727,15.699999809265137,8.568554878234863,591000
2006-06-29,16.0,16.149999618530273,15.75,16.049999237060547,8.75957202911377,1221000
2006-06-30,16.5,16.799999237060547,16.299999237060547,16.799999237060547,9.168896675109863,1346000
2006-07-03,16.799999237060547,17.200000762939453,16.799999237060547,17.049999237060547,9.305343627929688,363000
2006-07-04,17.100000381469727,17.100000381469727,16.700000762939453,16.850000381469727,9.196191787719727,680872
2006-07-05,16.950000762939453,17.049999237060547,16.700000762939453,16.850000381469727,9.196191787719727,787000
2006-07-06,16.850000381469727,17.100000381469727,16.850000381469727,17.049999237060547,9.305343627929688,903000
2006-07-07,16.899999618530273,17.100000381469727,16.799999237060547,17.049999237060547,9.305343627929688,533000
2006-07-10,16.700000762939453,17.5,16.700000762939453,17.450000762939453,9.523649215698242,821000
2006-07-11,17.200000762939453,17.399999618530273,17.200000762939453,17.399999618530273,9.496357917785645,461600
2006-07-12,17.0,17.5,16.799999237060547,17.399999618530273,9.496357917785645,182449
2006-07-13,17.0,17.350000381469727,17.0,17.25,9.414494514465332,1153000
2006-07-14,16.850000381469727,16.899999618530273,16.700000762939453,16.799999237060547,9.168896675109863,1791000
2006-07-17,16.700000762939453,16.700000762939453,16.450000762939453,16.600000381469727,9.059744834899902,944000
2006-07-18,16.600000381469727,17.0,16.549999237060547,16.600000381469727,9.059744834899902,484000
2006-07-19,16.649999618530273,16.799999237060547,16.549999237060547,16.649999618530273,9.087037086486816,172725
2006-07-20,17.0,17.399999618530273,17.0,17.299999237060547,9.441781997680664,887334
2006-07-21,17.25,17.75,17.200000762939453,17.700000762939453,9.660090446472168,606700
2006-07-24,17.700000762939453,18.280000686645508,17.540000915527344,18.18000030517578,9.922060012817383,1643100
2006-07-25,18.299999237060547,18.68000030517578,18.299999237060547,18.559999465942383,10.129451751708984,1518300
2006-07-26,18.559999465942383,19.299999237060547,18.559999465942383,19.280000686645508,10.522403717041016,2555750
2006-07-27,19.200000762939453,19.399999618530273,19.200000762939453,19.299999237060547,10.533318519592285,1857791
2006-07-28,19.200000762939453,19.3799991607666,19.100000381469727,19.31999969482422,10.544233322143555,1176700
2006-07-31,19.360000610351562,20.0,19.360000610351562,19.600000381469727,10.697047233581543,2274000
2006-08-01,19.440000534057617,19.440000534057617,19.239999771118164,19.280000686645508,10.522403717041016,964339
2006-08-02,18.84000015258789,19.600000381469727,18.600000381469727,19.0,10.369585990905762,1564200
2006-08-03,19.5,19.5,19.260000228881836,19.299999237060547,10.533318519592285,1174000
2006-08-04,19.299999237060547,19.3799991607666,19.200000762939453,19.200000762939453,10.478744506835938,677000
2006-08-07,19.200000762939453,19.440000534057617,19.0,19.260000228881836,10.51148796081543,1092750
2006-08-08,19.299999237060547,19.440000534057617,19.15999984741211,19.299999237060547,10.533318519592285,347485
2006-08-09,19.34000015258789,20.149999618530273,19.34000015258789,19.940000534057617,10.882610321044922,2670500
2006-08-10,19.920000076293945,20.0,19.84000015258789,19.860000610351562,10.838948249816895,2292500
2006-08-11,19.860000610351562,19.940000534057617,19.860000610351562,19.8799991607666,10.849864959716797,323281
2006-08-14,20.0,20.100000381469727,19.8799991607666,20.0,10.915358543395996,669250
2006-08-15,20.0,20.850000381469727,20.0,20.799999237060547,11.351968765258789,3191839
2006-08-16,20.799999237060547,21.25,20.799999237060547,21.149999618530273,11.542987823486328,1594300
2006-08-17,21.149999618530273,21.149999618530273,20.549999237060547,20.700000762939453,11.297390937805176,1778000
2006-08-18,20.75,20.75,20.25,20.25,11.051796913146973,1142000
2006-08-21,20.25,20.25,18.799999237060547,18.860000610351562,10.293181419372559,3015000
2006-08-22,18.84000015258789,19.559999465942383,18.84000015258789,19.559999465942383,10.675217628479004,1043000
2006-08-23,19.6200008392334,19.860000610351562,19.280000686645508,19.860000610351562,10.838948249816895,538000
2006-08-24,20.399999618530273,20.450000762939453,19.540000915527344,19.899999618530273,10.860780715942383,1045057
2006-08-25,20.200000762939453,20.350000381469727,19.959999084472656,20.299999237060547,11.079087257385254,611000
2006-08-28,20.600000381469727,20.600000381469727,19.959999084472656,20.0,10.915358543395996,1732000
2006-08-29,20.100000381469727,20.700000762939453,20.0,20.649999618530273,11.27010440826416,1695821
2006-08-30,20.799999237060547,21.0,20.700000762939453,21.0,11.461125373840332,399150
2006-08-31,21.200000762939453,21.200000762939453,20.75,20.75,11.32468318939209,1134575
2006-09-01,21.049999237060547,21.600000381469727,21.0,21.200000762939453,11.570279121398926,1617068
2006-09-04,21.600000381469727,21.799999237060547,21.149999618530273,21.149999618530273,11.542987823486328,792600
2006-09-05,21.049999237060547,21.25,21.0,21.100000381469727,11.515700340270996,1109000
2006-09-06,21.049999237060547,21.149999618530273,20.899999618530273,21.100000381469727,11.515700340270996,799000
2006-09-07,21.0,21.100000381469727,20.399999618530273,21.0,11.461125373840332,778546
2006-09-08,20.75,21.149999618530273,20.700000762939453,20.700000762939453,11.297390937805176,366000
2006-09-11,20.450000762939453,21.0,20.350000381469727,20.399999618530273,11.133665084838867,476000
2006-09-12,20.25,20.5,20.149999618530273,20.350000381469727,11.106376647949219,490454
2006-09-13,20.5,21.100000381469727,20.350000381469727,20.5,11.188241004943848,1154771
2006-09-14,20.649999618530273,20.799999237060547,20.25,20.350000381469727,11.106376647949219,1069000
2006-09-15,20.350000381469727,20.350000381469727,20.100000381469727,20.200000762939453,11.024508476257324,756694
2006-09-18,20.25,20.700000762939453,20.200000762939453,20.5,11.188241004943848,4390191
2006-09-19,20.850000381469727,21.0,20.600000381469727,20.649999618530273,11.27010440826416,225000
2006-09-20,21.0,21.0,20.5,20.549999237060547,11.215527534484863,427000
2006-09-21,20.75,20.799999237060547,20.5,20.549999237060547,11.215527534484863,675000
2006-09-22,20.549999237060547,20.549999237060547,20.0,20.100000381469727,10.969935417175293,621750
2006-09-25,20.299999237060547,20.850000381469727,20.149999618530273,20.5,11.188241004943848,1007250
2006-09-26,20.700000762939453,20.700000762939453,20.399999618530273,20.450000762939453,11.160954475402832,263930
2006-09-27,20.5,20.600000381469727,20.399999618530273,20.399999618530273,11.133665084838867,1407000
2006-09-28,20.350000381469727,20.350000381469727,19.959999084472656,19.979999542236328,10.904438018798828,1824000
2006-09-29,19.979999542236328,20.450000762939453,19.920000076293945,19.979999542236328,10.904438018798828,1509000
2006-10-03,20.100000381469727,20.75,20.100000381469727,20.5,11.188241004943848,3731000
2006-10-04,20.350000381469727,20.649999618530273,20.350000381469727,20.5,11.188241004943848,429908
2006-10-05,20.799999237060547,20.799999237060547,20.5,20.600000381469727,11.242818832397461,1011390
2006-10-06,20.549999237060547,20.549999237060547,20.350000381469727,20.5,11.188241004943848,848100
2006-10-09,20.299999237060547,20.5,20.100000381469727,20.5,11.188241004943848,769000
2006-10-10,20.399999618530273,21.100000381469727,20.200000762939453,21.100000381469727,11.515700340270996,335333
2006-10-11,20.850000381469727,20.950000762939453,20.549999237060547,20.950000762939453,11.433835983276367,876242
2006-10-12,20.75,20.75,20.200000762939453,20.299999237060547,11.079087257385254,646000
2006-10-13,20.450000762939453,20.450000762939453,20.0,20.100000381469727,10.969935417175293,979000
2006-10-16,20.5,20.5,19.600000381469727,19.719999313354492,10.76253890991211,1552000
2006-10-17,19.860000610351562,19.860000610351562,19.420000076293945,19.520000457763672,10.653388023376465,894000
2006-10-18,19.600000381469727,20.75,19.579999923706055,20.0,10.915358543395996,874880
2006-10-19,20.0,20.350000381469727,20.0,20.299999237060547,11.079087257385254,998100
2006-10-20,20.299999237060547,20.850000381469727,20.0,20.799999237060547,11.351968765258789,3425400
2006-10-23,21.0,21.100000381469727,20.0,20.950000762939453,11.433835983276367,1188500
2006-10-24,20.950000762939453,21.200000762939453,20.899999618530273,21.0,11.461125373840332,813593
2006-10-25,20.5,20.5,20.049999237060547,20.149999618530273,10.99721908569336,43636300
2006-10-26,20.100000381469727,20.299999237060547,20.100000381469727,20.25,11.051796913146973,2260000
2006-10-27,20.25,20.549999237060547,20.100000381469727,20.200000762939453,11.024508476257324,1685800
2006-10-31,20.200000762939453,20.299999237060547,19.760000228881836,19.780000686645508,10.795289993286133,3371534
2006-11-01,20.100000381469727,20.299999237060547,19.899999618530273,20.25,11.051796913146973,2653611
2006-11-02,19.899999618530273,20.049999237060547,19.799999237060547,19.8799991607666,11.074078559875488,2297000
2006-11-03,20.0,20.5,19.8799991607666,20.399999618530273,11.36374568939209,2430000
2006-11-06,20.299999237060547,20.950000762939453,20.149999618530273,20.649999618530273,11.503007888793945,1472000
2006-11-07,20.799999237060547,20.799999237060547,20.799999237060547,20.799999237060547,11.586565971374512,181000
2006-11-08,20.75,20.75,20.0,20.200000762939453,11.252335548400879,3637500
2006-11-09,20.450000762939453,20.450000762939453,20.100000381469727,20.200000762939453,11.252335548400879,2581000
2006-11-10,20.25,20.450000762939453,20.25,20.299999237060547,11.308039665222168,1648500
2006-11-13,20.299999237060547,20.5,20.100000381469727,20.5,11.419445037841797,924314
2006-11-14,20.450000762939453,20.649999618530273,20.299999237060547,20.600000381469727,11.475152015686035,1094993
2006-11-15,20.600000381469727,20.799999237060547,20.450000762939453,20.600000381469727,11.475152015686035,243016
2006-11-16,20.850000381469727,20.850000381469727,20.350000381469727,20.350000381469727,11.335891723632812,266000
2006-11-17,20.700000762939453,20.700000762939453,20.299999237060547,20.600000381469727,11.475152015686035,728000
2006-11-20,20.700000762939453,20.700000762939453,20.25,20.299999237060547,11.308039665222168,1162000
2006-11-21,20.549999237060547,20.549999237060547,20.299999237060547,20.399999618530273,11.36374568939209,656000
2006-11-22,20.299999237060547,20.549999237060547,20.0,20.049999237060547,11.168778419494629,3262172
2006-11-23,20.100000381469727,20.600000381469727,19.959999084472656,20.200000762939453,11.252335548400879,5383820
2006-11-24,20.200000762939453,20.350000381469727,19.959999084472656,19.979999542236328,11.129785537719727,3598000
2006-11-27,19.979999542236328,20.049999237060547,19.959999084472656,19.979999542236328,11.129785537719727,1460000
2006-11-28,20.0,20.0,19.520000457763672,19.600000381469727,10.918109893798828,2103400
2006-11-29,19.420000076293945,19.700000762939453,19.280000686645508,19.440000534057617,10.8289794921875,4065678
2006-11-30,19.8799991607666,20.0,19.5,19.84000015258789,11.051796913146973,1509650
2006-12-01,19.799999237060547,20.100000381469727,19.780000686645508,20.0,11.140922546386719,2400000
2006-12-04,20.0,20.149999618530273,19.979999542236328,20.100000381469727,11.196632385253906,1601000
2006-12-05,20.200000762939453,20.450000762939453,20.149999618530273,20.399999618530273,11.36374568939209,1637100
2006-12-06,20.350000381469727,20.549999237060547,20.0,20.399999618530273,11.36374568939209,1835950
2006-12-07,20.399999618530273,20.649999618530273,20.299999237060547,20.450000762939453,11.391597747802734,1984770
2006-12-08,20.75,20.75,20.049999237060547,20.399999618530273,11.36374568939209,2741000
2006-12-11,20.399999618530273,20.700000762939453,20.399999618530273,20.649999618530273,11.503007888793945,3019207
2006-12-12,20.649999618530273,20.850000381469727,20.600000381469727,20.799999237060547,11.586565971374512,1453475
2006-12-13,20.649999618530273,20.700000762939453,19.5,20.25,11.280191421508789,1474473
2006-12-14,20.549999237060547,21.100000381469727,20.549999237060547,21.0,11.69797420501709,2762730
2006-12-15,21.0,21.5,21.0,21.0,11.69797420501709,619300
2006-12-18,21.299999237060547,21.299999237060547,21.0,21.100000381469727,11.753678321838379,424000
2006-12-19,21.5,21.600000381469727,21.0,21.399999618530273,11.920787811279297,1182100
2006-12-20,21.350000381469727,21.950000762939453,21.350000381469727,21.950000762939453,12.227168083190918,2168447
2006-12-21,22.0,22.0,21.5,21.950000762939453,12.227168083190918,885900
2006-12-22,21.950000762939453,22.049999237060547,21.799999237060547,22.0,12.255021095275879,977675
2006-12-27,22.200000762939453,23.299999237060547,22.200000762939453,23.25,12.951324462890625,1363325
2006-12-28,23.399999618530273,23.649999618530273,23.299999237060547,23.549999237060547,13.118441581726074,718707
2006-12-29,23.549999237060547,23.799999237060547,23.549999237060547,23.649999618530273,13.17414665222168,715064
2007-01-02,23.799999237060547,23.799999237060547,23.700000762939453,23.799999237060547,13.25770092010498,578000
2007-01-03,23.850000381469727,23.950000762939453,23.0,23.049999237060547,12.839914321899414,2604500
2007-01-04,23.25,23.399999618530273,23.0,23.0,12.812066078186035,1986000
2007-01-05,23.049999237060547,23.299999237060547,22.799999237060547,22.799999237060547,12.70065689086914,2960000
2007-01-08,22.950000762939453,23.0,22.399999618530273,22.450000762939453,12.505688667297363,4359765
2007-01-09,22.799999237060547,23.25,22.799999237060547,22.950000762939453,12.784214973449707,2057700
2007-01-10,23.0,23.100000381469727,22.950000762939453,23.049999237060547,12.839914321899414,1091800
2007-01-11,23.5,23.700000762939453,23.399999618530273,23.600000381469727,13.146289825439453,2280737
2007-01-12,23.950000762939453,24.299999237060547,23.950000762939453,24.200000762939453,13.480520248413086,2245068
2007-01-15,24.350000381469727,24.600000381469727,24.299999237060547,24.549999237060547,13.675481796264648,1173000
2007-01-16,24.549999237060547,25.200000762939453,24.5,25.0,13.926156997680664,2154600
2007-01-17,25.200000762939453,25.600000381469727,24.200000762939453,25.399999618530273,14.148977279663086,1095250
2007-01-18,26.200000762939453,26.200000762939453,25.5,25.549999237060547,14.232531547546387,1638800
2007-01-19,26.899999618530273,26.899999618530273,25.899999618530273,26.600000381469727,14.81743049621582,1243083
2007-01-22,26.850000381469727,27.5,26.549999237060547,26.549999237060547,14.789576530456543,1004287
2007-01-23,26.600000381469727,27.0,26.0,26.5,14.761728286743164,1419200
2007-01-24,26.600000381469727,26.600000381469727,25.700000762939453,26.549999237060547,14.789576530456543,2296942
2007-01-25,26.950000762939453,26.950000762939453,26.549999237060547,26.950000762939453,15.012399673461914,338000
2007-01-26,26.600000381469727,26.600000381469727,26.350000381469727,26.399999618530273,14.706022262573242,1610000
2007-01-29,26.399999618530273,26.399999618530273,25.799999237060547,26.100000381469727,14.538908958435059,861000
2007-01-30,26.950000762939453,26.950000762939453,26.399999618530273,26.600000381469727,14.81743049621582,1508000
2007-01-31,26.950000762939453,27.149999618530273,26.549999237060547,26.700000762939453,14.873139381408691,2024000
2007-02-01,26.799999237060547,27.75,26.549999237060547,27.5,15.318770408630371,3658000
2007-02-02,27.899999618530273,29.100000381469727,27.600000381469727,28.799999237060547,16.042932510375977,3822860
2007-02-05,29.399999618530273,29.399999618530273,27.0,27.350000381469727,15.235213279724121,544000
2007-02-06,27.350000381469727,27.450000762939453,26.600000381469727,27.0,15.040251731872559,3173000
2007-02-07,26.5,26.950000762939453,26.5,26.600000381469727,14.81743049621582,1546433
2007-02-08,27.0,27.950000762939453,26.549999237060547,27.850000381469727,15.513742446899414,1545000
2007-02-09,27.850000381469727,27.850000381469727,26.799999237060547,27.049999237060547,15.06810188293457,2323000
2007-02-12,27.049999237060547,27.100000381469727,26.399999618530273,26.600000381469727,14.81743049621582,1190100
2007-02-13,26.799999237060547,26.799999237060547,25.950000762939453,26.149999618530273,14.566761016845703,2148189
2007-02-14,26.200000762939453,26.5,26.149999618530273,26.399999618530273,14.706022262573242,1388141
2007-02-15,26.75,26.799999237060547,26.549999237060547,26.649999618530273,14.84528636932373,704197
2007-02-16,26.649999618530273,27.549999237060547,26.649999618530273,27.549999237060547,15.346624374389648,740500
2007-02-21,27.600000381469727,27.799999237060547,26.799999237060547,26.850000381469727,14.956694602966309,896300
2007-02-22,27.100000381469727,27.450000762939453,27.049999237060547,27.100000381469727,15.09595775604248,991000
2007-02-23,27.100000381469727,27.450000762939453,26.899999618530273,27.049999237060547,15.06810188293457,1237000
2007-02-26,27.100000381469727,27.450000762939453,26.799999237060547,27.350000381469727,15.235213279724121,2556750
2007-02-27,27.5,27.5,26.399999618530273,26.700000762939453,14.873139381408691,634207
2007-02-28,26.5,26.5,24.100000381469727,25.600000381469727,14.260387420654297,2304000
2007-03-01,26.299999237060547,26.299999237060547,25.700000762939453,25.700000762939453,14.31609058380127,4367000
2007-03-02,26.5,26.5,24.799999237060547,25.600000381469727,14.260387420654297,1994069
2007-03-05,25.399999618530273,25.450000762939453,24.450000762939453,24.649999618530273,13.731194496154785,4600353
2007-03-06,25.600000381469727,25.600000381469727,24.100000381469727,24.549999237060547,13.675481796264648,2017500
2007-03-07,25.149999618530273,25.200000762939453,24.899999618530273,25.0,13.926156997680664,2018000
2007-03-08,25.049999237060547,25.5,24.799999237060547,25.450000762939453,14.176830291748047,2580000
2007-03-09,25.799999237060547,26.0,25.049999237060547,25.200000762939453,14.037569999694824,2193001
2007-03-12,26.549999237060547,26.799999237060547,25.549999237060547,25.899999618530273,14.427496910095215,3250000
2007-03-13,26.25,26.5,25.700000762939453,26.200000762939453,14.59461784362793,1593695
2007-03-14,26.0,26.149999618530273,24.850000381469727,25.5,14.204679489135742,2853500
2007-03-15,26.0,26.299999237060547,25.200000762939453,25.700000762939453,14.31609058380127,1672000
2007-03-16,25.899999618530273,26.399999618530273,25.649999618530273,26.0,14.483205795288086,3936230
2007-03-19,26.0,26.049999237060547,25.25,25.75,14.34394359588623,1737000
2007-03-20,26.299999237060547,26.350000381469727,25.850000381469727,26.299999237060547,14.65031909942627,1005000
2007-03-21,26.299999237060547,26.850000381469727,25.850000381469727,26.75,14.900988578796387,1129800
2007-03-22,26.799999237060547,27.799999237060547,26.799999237060547,27.5,15.318770408630371,1694167
2007-03-23,27.399999618530273,27.700000762939453,27.299999237060547,27.700000762939453,15.430181503295898,434000
2007-03-26,28.0,29.450000762939453,27.799999237060547,28.75,16.01508331298828,2527300
2007-03-27,29.0,29.0,28.149999618530273,28.700000762939453,15.98723030090332,1037000
2007-03-28,28.149999618530273,28.649999618530273,27.0,27.799999237060547,15.485886573791504,1631000
2007-03-29,27.799999237060547,27.850000381469727,27.0,27.399999618530273,15.343095779418945,823000
2007-03-30,28.0,28.049999237060547,26.799999237060547,27.700000762939453,15.511086463928223,634600
2007-04-02,27.100000381469727,27.350000381469727,26.549999237060547,27.100000381469727,15.175105094909668,642705
2007-04-03,27.299999237060547,28.299999237060547,27.25,27.799999237060547,15.567081451416016,550644
2007-04-04,28.0,29.200000762939453,28.0,28.950000762939453,16.211048126220703,1025960
2007-04-10,29.100000381469727,29.600000381469727,28.950000762939453,29.350000381469727,16.435033798217773,1146000
2007-04-11,29.299999237060547,30.549999237060547,29.200000762939453,29.5,16.519025802612305,1029950
2007-04-12,30.700000762939453,30.700000762939453,27.0,30.0,16.79901123046875,630995
2007-04-13,30.5,30.5,29.0,29.399999618530273,16.463029861450195,1048000
2007-04-16,29.299999237060547,30.25,29.100000381469727,29.299999237060547,16.407032012939453,994050
2007-04-17,28.700000762939453,29.899999618530273,28.700000762939453,29.899999618530273,16.743013381958008,545400
2007-04-18,30.200000762939453,30.200000762939453,29.0,29.049999237060547,16.26704216003418,816599
2007-04-19,29.5,29.5,28.549999237060547,28.549999237060547,15.987059593200684,1404000
2007-04-20,29.950000762939453,29.950000762939453,29.149999618530273,29.5,16.519025802612305,1655500
2007-04-23,30.149999618530273,30.5,29.899999618530273,30.399999618530273,17.022998809814453,813500
2007-04-24,30.0,30.5,29.649999618530273,30.25,16.939002990722656,2271500
2007-04-25,30.149999618530273,30.149999618530273,29.600000381469727,29.899999618530273,16.743013381958008,1523000
2007-04-26,30.350000381469727,30.5,30.049999237060547,30.25,16.939002990722656,907266
2007-04-27,30.5,30.5,29.850000381469727,30.350000381469727,16.9949951171875,1875200
2007-04-30,30.5,30.5,29.700000762939453,30.100000381469727,16.855009078979492,1022000
2007-05-02,30.700000762939453,30.700000762939453,30.200000762939453,30.700000762939453,17.190988540649414,2998827
2007-05-03,30.5,31.049999237060547,30.5,30.850000381469727,17.27498435974121,1486800
2007-05-04,30.649999618530273,31.5,30.5,31.299999237060547,17.526968002319336,1116500
2007-05-07,31.5,32.0,31.100000381469727,31.5,17.638959884643555,1840125
2007-05-08,31.0,31.700000762939453,30.950000762939453,31.100000381469727,17.414976119995117,832000
2007-05-09,31.149999618530273,31.950000762939453,31.149999618530273,31.450000762939453,17.6109619140625,1104000
2007-05-10,31.450000762939453,31.799999237060547,31.350000381469727,31.5,17.638959884643555,661250
2007-05-11,30.5,31.25,29.950000762939453,31.200000762939453,17.47097396850586,32043658
2007-05-14,31.399999618530273,31.5,30.950000762939453,31.399999618530273,17.582962036132812,2819765
2007-05-15,31.5,31.799999237060547,31.299999237060547,31.299999237060547,17.526968002319336,624000
2007-05-16,31.399999618530273,31.399999618530273,30.950000762939453,31.200000762939453,17.47097396850586,1689064
2007-05-17,31.200000762939453,31.5,31.100000381469727,31.350000381469727,17.554964065551758,1207000
2007-05-18,31.299999237060547,31.299999237060547,29.5,30.600000381469727,17.134992599487305,2047000
2007-05-21,30.0,31.799999237060547,30.0,31.799999237060547,17.80695343017578,1953100
2007-05-22,31.75,31.950000762939453,30.700000762939453,31.5,17.638959884643555,1645000
2007-05-23,31.950000762939453,31.950000762939453,31.0,31.049999237060547,17.386974334716797,1118200
2007-05-25,30.850000381469727,30.950000762939453,30.049999237060547,30.100000381469727,16.855009078979492,2051000
2007-05-28,30.100000381469727,30.549999237060547,29.75,30.100000381469727,16.855009078979492,1682000
2007-05-29,30.049999237060547,30.5,29.799999237060547,30.299999237060547,16.966999053955078,1744400
2007-05-30,30.049999237060547,30.399999618530273,29.899999618530273,30.299999237060547,16.966999053955078,1132000
2007-05-31,30.600000381469727,31.5,30.0,31.399999618530273,17.582962036132812,1719600
2007-06-01,31.5,32.70000076293945,31.450000762939453,32.650001525878906,18.282922744750977,1519861
2007-06-04,33.0,33.5,32.79999923706055,32.900001525878906,18.422914505004883,1260300
2007-06-05,32.900001525878906,33.400001525878906,31.5,32.79999923706055,18.36691665649414,2556650
2007-06-06,32.54999923706055,33.20000076293945,32.099998474121094,33.20000076293945,18.590904235839844,1442855
2007-06-07,32.79999923706055,33.0,31.850000381469727,32.79999923706055,18.36691665649414,1557000
2007-06-08,32.0,32.5,31.5,31.700000762939453,17.750957489013672,1808000
2007-06-11,32.0,32.849998474121094,32.0,32.70000076293945,18.31092071533203,2755000
2007-06-12,32.70000076293945,32.70000076293945,32.349998474121094,32.650001525878906,18.282922744750977,1521000
2007-06-13,32.79999923706055,33.04999923706055,32.29999923706055,32.70000076293945,18.31092071533203,1242661
2007-06-14,33.0,33.599998474121094,33.0,33.29999923706055,18.64690399169922,1062000
2007-06-15,33.70000076293945,37.0,33.099998474121094,34.79999923706055,19.48685073852539,2847900
2007-06-18,35.75,35.75,34.04999923706055,35.599998474121094,19.934823989868164,1704200
2007-06-20,36.0,36.0,35.400001525878906,35.70000076293945,19.99082374572754,2735900
2007-06-21,35.95000076293945,37.25,35.900001525878906,37.25,20.858768463134766,1481707
2007-06-22,36.95000076293945,37.150001525878906,36.0,36.400001525878906,20.382801055908203,2328775
2007-06-25,36.29999923706055,36.349998474121094,35.599998474121094,35.650001525878906,19.96282196044922,3235203
2007-06-26,35.599998474121094,35.599998474121094,35.04999923706055,35.25,19.738828659057617,2663490
2007-06-27,35.150001525878906,35.150001525878906,33.849998474121094,34.150001525878906,19.12287139892578,3338411
2007-06-28,34.25,35.25,34.150001525878906,35.0,19.598846435546875,1138034
2007-06-29,35.0,35.5,33.70000076293945,35.29999923706055,19.766836166381836,2546200
2007-07-03,35.349998474121094,36.400001525878906,35.20000076293945,36.150001525878906,20.242807388305664,1328240
2007-07-04,35.650001525878906,35.75,34.849998474121094,35.400001525878906,19.822832107543945,1514090
2007-07-05,35.79999923706055,36.349998474121094,35.45000076293945,36.349998474121094,20.35479736328125,225750
2007-07-06,36.349998474121094,36.54999923706055,35.79999923706055,36.099998474121094,20.214805603027344,867000
2007-07-09,38.5,38.5,37.25,37.599998474121094,21.054763793945312,2774000
2007-07-10,37.75,37.75,36.79999923706055,36.95000076293945,20.690780639648438,1455000
2007-07-11,36.900001525878906,37.5,36.45000076293945,37.099998474121094,20.774782180786133,2360797
2007-07-12,36.900001525878906,37.45000076293945,36.849998474121094,37.04999923706055,20.746774673461914,868207
2007-07-13,37.75,38.5,37.75,38.5,21.558727264404297,996325
2007-07-16,39.0,39.349998474121094,38.900001525878906,39.04999923706055,21.86670684814453,1443566
2007-07-17,39.349998474121094,39.54999923706055,39.0,39.54999923706055,22.14668846130371,400400
2007-07-18,39.0,39.0,37.75,38.349998474121094,21.474735260009766,3199084
2007-07-19,37.900001525878906,38.349998474121094,37.70000076293945,37.79999923706055,21.166746139526367,1236000
2007-07-20,38.150001525878906,39.0,37.79999923706055,38.45000076293945,21.530731201171875,790400
2007-07-23,39.5,39.5,38.29999923706055,39.25,21.978700637817383,2228000
2007-07-24,39.099998474121094,40.5,39.099998474121094,40.20000076293945,22.51067543029785,2318917
2007-07-25,40.0,40.0,39.20000076293945,39.400001525878906,22.062700271606445,3640966
2007-07-26,39.400001525878906,39.400001525878906,38.04999923706055,38.45000076293945,21.530731201171875,4740500
2007-07-27,37.5,37.70000076293945,37.0,37.54999923706055,21.026756286621094,2219000
2007-07-30,37.349998474121094,38.0,37.25,37.349998474121094,20.914764404296875,816000
2007-07-31,37.5,39.5,37.349998474121094,38.70000076293945,21.67072105407715,2902
2007-08-01,38.0,39.0,37.75,37.900001525878906,21.222753524780273,1193000
2007-08-02,37.54999923706055,38.04999923706055,36.79999923706055,37.0,20.718782424926758,3112255
2007-08-03,36.70000076293945,36.849998474121094,36.099998474121094,36.5,20.438798904418945,3422670
2007-08-06,36.0,36.0,34.75,34.79999923706055,19.48685073852539,2039117
2007-08-07,35.0,35.650001525878906,34.599998474121094,34.900001525878906,19.542850494384766,1539500
2007-08-08,35.0,35.20000076293945,34.400001525878906,34.650001525878906,19.40285301208496,3027000
2007-08-09,35.0,36.400001525878906,35.0,35.0,19.598846435546875,6535493
2007-08-10,34.599998474121094,34.70000076293945,31.799999237060547,32.79999923706055,18.36691665649414,3284300
2007-08-13,32.900001525878906,34.099998474121094,32.849998474121094,33.400001525878906,18.702899932861328,1760890
2007-08-14,33.54999923706055,33.650001525878906,32.900001525878906,33.349998474121094,18.674896240234375,677000
2007-08-15,32.70000076293945,33.099998474121094,32.5,33.0,18.478912353515625,1606300
2007-08-16,32.0,32.400001525878906,30.450000762939453,32.0,17.918943405151367,4662373
2007-08-17,32.5,32.599998474121094,29.100000381469727,31.299999237060547,17.526968002319336,3602
2007-08-20,32.099998474121094,34.0,32.0,32.70000076293945,18.31092071533203,1650000
2007-08-21,33.0,34.900001525878906,33.0,34.04999923706055,19.066879272460938,1512612
2007-08-22,34.20000076293945,35.0,33.95000076293945,34.900001525878906,19.542850494384766,2563817
2007-08-23,35.900001525878906,39.70000076293945,35.400001525878906,36.099998474121094,20.214805603027344,1140156
2007-08-24,36.0,36.25,34.5,35.79999923706055,20.046817779541016,352200
2007-08-27,37.099998474121094,37.20000076293945,35.400001525878906,36.29999923706055,20.326805114746094,1634100
2007-08-28,36.79999923706055,37.20000076293945,35.75,35.900001525878906,20.102811813354492,1167000
2007-08-29,34.5,35.5,34.25,35.150001525878906,19.682838439941406,782484
2007-08-30,35.599998474121094,36.849998474121094,35.400001525878906,35.849998474121094,20.074811935424805,1436043
2007-08-31,35.349998474121094,37.400001525878906,35.349998474121094,37.25,20.858768463134766,844500
2007-09-03,36.79999923706055,37.25,36.45000076293945,36.849998474121094,20.634782791137695,484820
2007-09-04,37.150001525878906,38.79999923706055,36.79999923706055,38.0,21.278743743896484,843800
2007-09-05,38.0,39.79999923706055,38.0,39.5,22.118701934814453,1538763
2007-09-06,39.349998474121094,39.79999923706055,39.0,39.5,22.118701934814453,399115
2007-09-07,39.79999923706055,40.29999923706055,38.29999923706055,39.04999923706055,21.86670684814453,1948250
2007-09-10,38.95000076293945,38.95000076293945,35.650001525878906,38.650001525878906,21.642717361450195,1735000
2007-09-11,38.400001525878906,39.75,37.5,38.25,21.418733596801758,2160500
2007-09-12,39.79999923706055,41.0,38.95000076293945,40.900001525878906,22.902652740478516,2353873
2007-09-13,41.0,43.95000076293945,41.0,42.099998474121094,23.574613571166992,2282700
2007-09-14,42.20000076293945,44.150001525878906,42.0,42.0,23.518613815307617,1887349
2007-09-17,41.5,42.650001525878906,40.70000076293945,40.900001525878906,22.902652740478516,842685
2007-09-18,39.70000076293945,40.0,38.599998474121094,39.599998474121094,22.17469596862793,1375325
2007-09-19,40.0,44.20000076293945,39.95000076293945,42.599998474121094,23.85459327697754,2401250
2007-09-20,43.0,43.95000076293945,41.79999923706055,41.79999923706055,23.406614303588867,786000
2007-09-21,42.5,42.5,40.70000076293945,40.849998474121094,22.87464714050293,1468000
2007-09-24,41.79999923706055,44.650001525878906,41.79999923706055,41.900001525878906,23.46261978149414,1460084
2007-09-25,43.0,43.400001525878906,42.25,42.54999923706055,23.826595306396484,1223000
2007-09-27,42.099998474121094,43.099998474121094,41.79999923706055,42.04999923706055,23.54660987854004,1808585
2007-09-28,43.0,45.0,42.650001525878906,44.45000076293945,24.890531539916992,2492880
2007-10-02,44.5,45.5,43.5,44.599998474121094,24.974529266357422,2108500
2007-10-03,44.0,45.45000076293945,43.70000076293945,43.79999923706055,24.526552200317383,1567012
2007-10-04,43.70000076293945,43.70000076293945,40.0,41.0,22.958646774291992,1791000
2007-10-05,40.70000076293945,42.5,40.70000076293945,41.650001525878906,23.322620391845703,2747000
2007-10-08,42.5,44.29999923706055,41.599998474121094,43.150001525878906,24.162580490112305,1570000
2007-10-09,43.25,44.0,42.45000076293945,43.599998474121094,24.41455841064453,2855000
2007-10-10,44.79999923706055,47.70000076293945,44.79999923706055,47.0,26.31845474243164,3133850
2007-10-11,46.5,46.849998474121094,43.79999923706055,44.95000076293945,25.170515060424805,1988564
2007-10-12,44.95000076293945,45.150001525878906,43.599998474121094,44.400001525878906,24.862533569335938,1265800
2007-10-15,44.400001525878906,45.0,42.95000076293945,44.0,24.638553619384766,1365500
2007-10-16,43.79999923706055,43.95000076293945,42.5,43.0,24.078582763671875,682600
2007-10-17,43.54999923706055,43.54999923706055,41.5,42.900001525878906,24.022584915161133,1465885
2007-10-18,43.0,43.400001525878906,41.5,41.5,23.23863410949707,1227000
2007-10-22,39.0,41.0,39.0,41.0,22.958646774291992,2913800
2007-10-23,40.79999923706055,42.599998474121094,40.599998474121094,41.400001525878906,23.182636260986328,2401000
2007-10-24,42.400001525878906,42.900001525878906,42.0,42.0,23.518613815307617,2798084
2007-10-25,41.400001525878906,43.0,40.349998474121094,41.70000076293945,23.35062599182129,2881000
2007-10-26,42.5,45.0,42.0,43.400001525878906,24.30256462097168,6775851
2007-10-29,43.95000076293945,48.400001525878906,43.5,46.04999923706055,26.06575584411621,5235502
2007-10-30,46.5,46.5,44.70000076293945,45.79999923706055,25.92424964904785,1274000
2007-10-31,46.20000076293945,46.20000076293945,42.20000076293945,45.79999923706055,25.92424964904785,3900883
2007-11-01,45.599998474121094,45.900001525878906,44.25,44.75,25.329914093017578,772724
2007-11-02,44.04999923706055,44.25,42.54999923706055,42.54999923706055,24.08464813232422,1227622
2007-11-05,42.54999923706055,42.70000076293945,39.29999923706055,39.79999923706055,22.528057098388672,1674395
2007-11-06,39.5,39.900001525878906,37.54999923706055,39.400001525878906,22.301647186279297,7420000
2007-11-07,41.45000076293945,43.79999923706055,41.04999923706055,42.150001525878906,23.858232498168945,4018101
2007-11-08,41.400001525878906,42.900001525878906,40.70000076293945,41.54999923706055,23.518613815307617,3920624
2007-11-09,42.29999923706055,43.04999923706055,41.400001525878906,42.70000076293945,24.169553756713867,2034297
2007-11-12,40.150001525878906,40.5,38.79999923706055,39.900001525878906,22.584665298461914,2244000
2007-11-13,40.70000076293945,40.70000076293945,38.5,39.70000076293945,22.471452713012695,1621862
2007-11-14,41.95000076293945,42.25,39.95000076293945,40.5,22.924285888671875,3472000
2007-11-15,40.79999923706055,41.650001525878906,40.04999923706055,41.20000076293945,23.32050132751465,1943500
2007-11-16,40.099998474121094,40.099998474121094,39.0,39.099998474121094,22.1318359375,2059000
2007-11-19,39.20000076293945,39.599998474121094,38.0,38.5,21.792217254638672,2149000
2007-11-20,37.29999923706055,39.0,36.70000076293945,38.5,21.792217254638672,3655916
2007-11-21,36.650001525878906,39.0,36.650001525878906,37.099998474121094,20.999774932861328,1297769
2007-11-22,36.099998474121094,38.29999923706055,36.099998474121094,36.79999923706055,20.8299617767334,1938451
2007-11-23,37.20000076293945,38.650001525878906,37.20000076293945,38.349998474121094,21.707317352294922,1301000
2007-11-26,38.099998474121094,39.79999923706055,38.0,39.79999923706055,22.528057098388672,2440200
2007-11-27,39.79999923706055,40.70000076293945,39.150001525878906,39.70000076293945,22.471452713012695,2087820
2007-11-28,40.5,41.79999923706055,39.150001525878906,41.29999923706055,23.37710952758789,3947058
2007-11-29,42.25,44.04999923706055,41.75,43.45000076293945,24.594078063964844,6692810
2007-11-30,44.400001525878906,46.0,43.400001525878906,44.20000076293945,25.018590927124023,14973872
2007-12-03,45.400001525878906,45.79999923706055,42.5,45.349998474121094,25.66953468322754,4711376
2007-12-04,44.54499053955078,47.0,42.900001525878906,45.5,25.754436492919922,4377000
2007-12-05,46.29999923706055,46.29999923706055,43.650001525878906,45.04999923706055,25.499723434448242,3535913
2007-12-06,45.5,46.5,45.099998474121094,45.900001525878906,25.980854034423828,2610883
2007-12-07,45.400001525878906,46.95000076293945,44.79999923706055,46.54999923706055,26.34876823425293,2535175
2007-12-10,45.79999923706055,46.900001525878906,45.29999923706055,45.95000076293945,26.009153366088867,2311043
2007-12-11,45.650001525878906,45.79999923706055,44.20000076293945,44.95000076293945,25.443124771118164,2251618
2007-12-12,46.72200012207031,46.72200012207031,42.75,43.45000076293945,24.594078063964844,2266180
2007-12-13,43.79999923706055,43.900001525878906,41.79999923706055,41.849998474121094,23.688419342041016,2255053
2007-12-14,42.5,43.0,40.0,42.20000076293945,23.88653564453125,2004000
2007-12-17,40.95000076293945,40.95000076293945,38.20000076293945,39.5,22.358243942260742,1258000
2007-12-18,38.0,39.599998474121094,37.20000076293945,38.54999923706055,21.820526123046875,1462889
2007-12-19,38.79999923706055,39.849998474121094,38.79999923706055,39.79999923706055,22.528057098388672,1205758
2007-12-20,40.75,40.75,39.20000076293945,40.45000076293945,22.89598274230957,1224032
2007-12-21,40.25,41.45000076293945,40.0,40.0,22.641267776489258,1121700
2007-12-24,40.70000076293945,41.650001525878906,40.70000076293945,41.400001525878906,23.43370819091797,516000
2007-12-27,41.400001525878906,42.900001525878906,40.900001525878906,41.95000076293945,23.745023727416992,570000
2007-12-28,41.650001525878906,41.75,40.349998474121094,40.400001525878906,22.867677688598633,1091892
2007-12-31,40.5,42.849998474121094,40.20000076293945,42.849998474121094,24.254453659057617,312000
2008-01-02,40.70000076293945,43.45000076293945,40.70000076293945,41.599998474121094,23.546924591064453,727000
2008-01-03,40.70000076293945,41.95000076293945,40.400001525878906,41.04999923706055,23.2356014251709,494000
2008-01-04,42.04999923706055,42.5,41.29999923706055,41.70000076293945,23.603519439697266,535207
2008-01-07,41.79999923706055,42.0,40.20000076293945,41.79999923706055,23.66012191772461,964458
2008-01-08,42.5,43.04999923706055,41.25,41.25,23.348800659179688,2519000
2008-01-09,41.349998474121094,42.0,40.70000076293945,41.5,23.490320205688477,948000
2008-01-10,41.400001525878906,41.849998474121094,41.04999923706055,41.25,23.348800659179688,782000
2008-01-11,41.0,42.20000076293945,40.599998474121094,40.70000076293945,23.037487030029297,689199
2008-01-14,41.0,41.0,38.54999923706055,38.650001525878906,21.877124786376953,1297008
2008-01-15,39.7140007019043,40.0,38.25,38.349998474121094,21.707317352294922,3147515
2008-01-16,37.79999923706055,38.29999923706055,36.400001525878906,38.099998474121094,21.56580352783203,4678393
2008-01-17,37.54999923706055,38.599998474121094,36.650001525878906,38.25,21.650707244873047,2926491
2008-01-18,37.95000076293945,38.45000076293945,36.5,37.79999923706055,21.39598846435547,3907048
2008-01-21,38.0,38.0,36.45000076293945,36.45000076293945,20.631853103637695,1839000
2008-01-22,34.20000076293945,35.099998474121094,33.04999923706055,34.349998474121094,19.443185806274414,2978500
2008-01-23,34.20000076293945,40.0,34.0,37.150001525878906,21.0280818939209,1502500
2008-01-24,37.29999923706055,39.75,36.04999923706055,36.20000076293945,20.49034309387207,3130837
2008-01-25,40.0,40.0,37.70000076293945,39.849998474121094,22.55636215209961,1791500
2008-01-28,39.099998474121094,39.099998474121094,36.5,36.849998474121094,20.858264923095703,1111000
2008-01-29,37.400001525878906,37.400001525878906,35.70000076293945,36.70000076293945,20.773361206054688,4970315
2008-01-30,36.79999923706055,37.25,35.0,35.70000076293945,20.207334518432617,1550280
2008-01-31,36.20000076293945,36.29999923706055,34.70000076293945,35.849998474121094,20.29222869873047,1830133
2008-02-01,36.20000076293945,36.400001525878906,35.599998474121094,36.20000076293945,20.49034309387207,1452267
2008-02-04,37.0,37.849998474121094,36.400001525878906,37.5,21.226184844970703,1371087
2008-02-05,36.5,37.79999923706055,36.099998474121094,37.099998474121094,20.999774932861328,1292989
2008-02-06,36.099998474121094,36.29999923706055,35.5,36.0,20.37714195251465,1042000
2008-02-11,36.04999923706055,36.04999923706055,34.150001525878906,34.400001525878906,19.47149085998535,1816477
2008-02-12,34.400001525878906,35.349998474121094,34.150001525878906,35.20000076293945,19.924318313598633,1923864
2008-02-13,35.0,36.75,35.0,35.599998474121094,20.15072250366211,847426
2008-02-14,37.0,38.29999923706055,37.0,37.849998474121094,21.424299240112305,2011000
2008-02-15,37.20000076293945,39.70000076293945,37.20000076293945,39.70000076293945,22.471452713012695,1961358
2008-02-18,39.900001525878906,40.0,38.54999923706055,39.0,22.075233459472656,862635
2008-02-19,39.900001525878906,41.0,39.25,39.29999923706055,22.24504280090332,582110
2008-02-20,39.849998474121094,39.849998474121094,37.5,38.5,21.792217254638672,976216
2008-02-21,39.20000076293945,39.45000076293945,37.0,37.0,20.943172454833984,3209688
2008-02-22,36.20000076293945,36.70000076293945,35.20000076293945,36.099998474121094,20.433738708496094,966017
2008-02-25,36.29999923706055,37.0,36.150001525878906,36.650001525878906,20.745058059692383,801000
2008-02-26,37.0,38.099998474121094,36.599998474121094,37.20000076293945,21.056371688842773,1051650
2008-02-27,37.70000076293945,39.29999923706055,37.349998474121094,37.900001525878906,21.452604293823242,1416216
2008-02-28,38.849998474121094,38.849998474121094,37.54999923706055,38.25,21.650707244873047,904000
2008-02-29,38.54999923706055,38.54999923706055,36.25,36.349998474121094,20.575246810913086,1701750
2008-03-03,37.099998474121094,37.099998474121094,35.400001525878906,36.0,20.37714195251465,2824617
2008-03-04,36.20000076293945,36.79999923706055,35.099998474121094,35.79999923706055,20.263927459716797,2270000
2008-03-05,35.849998474121094,36.150001525878906,35.099998474121094,35.95000076293945,20.34883689880371,1428288
2008-03-06,36.0,37.0,35.849998474121094,36.70000076293945,20.773361206054688,1179220
2008-03-07,35.20000076293945,36.099998474121094,35.150001525878906,35.650001525878906,20.17902946472168,3046000
2008-03-10,35.599998474121094,36.349998474121094,34.099998474121094,34.79999923706055,19.69790267944336,3923064
2008-03-11,35.0,36.20000076293945,34.900001525878906,35.29999923706055,19.980915069580078,4826801
2008-03-12,34.79999923706055,36.900001525878906,34.79999923706055,35.400001525878906,20.037525177001953,1741728
2008-03-13,35.20000076293945,35.599998474121094,34.099998474121094,34.45000076293945,19.499788284301758,1386000
2008-03-14,34.150001525878906,34.900001525878906,33.400001525878906,34.25,19.386581420898438,1325000
2008-03-17,33.349998474121094,34.45000076293945,32.95000076293945,33.5,18.96206283569336,3027000
2008-03-18,35.95000076293945,35.95000076293945,33.20000076293945,33.79999923706055,19.131866455078125,1622000
2008-03-19,34.79999923706055,36.0,33.04999923706055,34.0,19.245073318481445,1466000
2008-03-20,34.106990814208984,34.106990814208984,31.25,31.700000762939453,17.94320297241211,1216020
2008-03-25,33.25,35.099998474121094,33.25,35.099998474121094,19.867706298828125,1529097
2008-03-26,36.650001525878906,37.400001525878906,35.79999923706055,37.0,20.943172454833984,1367400
2008-03-27,36.0,38.0,36.0,37.45000076293945,21.19788360595703,1439872
2008-03-28,37.20000076293945,38.70000076293945,36.45000076293945,37.0,21.035850524902344,463000
2008-03-31,37.099998474121094,37.849998474121094,36.20000076293945,36.75,20.893712997436523,859430
2008-04-01,37.0,39.0,37.0,37.599998474121094,21.376970291137695,913000
2008-04-02,39.0,40.25,39.0,40.0,22.7414608001709,2041000
2008-04-03,39.0,40.0,38.29999923706055,40.0,22.7414608001709,1422875
2008-04-07,39.5,40.79999923706055,39.5,39.95000076293945,22.71303367614746,2039812
2008-04-08,40.0,40.0,39.25,39.75,22.599327087402344,2262000
2008-04-09,40.0,40.75,39.75,39.75,22.599327087402344,2415300
2008-04-10,40.349998474121094,40.400001525878906,38.75,38.95000076293945,22.144493103027344,871064
2008-04-11,39.75,40.79999923706055,39.599998474121094,39.599998474121094,22.514041900634766,867240
2008-04-14,39.599998474121094,39.599998474121094,38.54999923706055,39.0,22.172927856445312,862000
2008-04-15,39.29999923706055,39.70000076293945,37.04999923706055,37.04999923706055,21.064281463623047,1137000
2008-04-16,37.849998474121094,39.25,37.849998474121094,38.5,21.888656616210938,669000
2008-04-17,38.79999923706055,39.5,38.599998474121094,38.849998474121094,22.08763885498047,933000
2008-04-18,39.29999923706055,39.349998474121094,38.54999923706055,39.0,22.172927856445312,677000
2008-04-21,39.0,39.849998474121094,38.79999923706055,39.5,22.457195281982422,789000
2008-04-22,39.0,40.79999923706055,38.45000076293945,40.599998474121094,23.08258819580078,695000
2008-04-23,39.900001525878906,40.70000076293945,39.599998474121094,40.70000076293945,23.13943862915039,1444107
2008-04-24,40.400001525878906,40.75,40.04999923706055,40.04999923706055,22.76988983154297,1401000
2008-04-25,39.70000076293945,41.45000076293945,39.70000076293945,40.70000076293945,23.13943862915039,1447200
2008-04-28,40.349998474121094,42.54999923706055,40.349998474121094,41.75,23.73639678955078,797000
2008-04-29,41.099998474121094,42.5,41.0,42.5,24.162803649902344,1235916
2008-04-30,42.0,42.75,41.099998474121094,41.95000076293945,23.850109100341797,1807529
2008-05-02,43.0,43.25,42.29999923706055,42.349998474121094,24.077526092529297,1559628
2008-05-05,42.349998474121094,43.0,41.79999923706055,43.0,24.44706916809082,1172367
2008-05-06,42.79999923706055,44.70000076293945,42.75,43.900001525878906,24.95875358581543,2024584
2008-05-07,43.95000076293945,43.95000076293945,40.70000076293945,40.70000076293945,23.13943862915039,3250000
2008-05-08,40.79999923706055,40.849998474121094,39.95000076293945,40.0,22.7414608001709,926000
2008-05-09,40.099998474121094,40.79999923706055,39.79999923706055,39.95000076293945,22.71303367614746,1574000
2008-05-13,39.599998474121094,41.25,39.599998474121094,41.0,23.309999465942383,1131527
2008-05-14,40.650001525878906,43.0,40.54999923706055,42.79999923706055,24.33336067199707,2426833
2008-05-15,42.099998474121094,42.29999923706055,40.95000076293945,41.45000076293945,23.56584358215332,1798343
2008-05-16,41.20000076293945,42.400001525878906,41.0,41.0,23.309999465942383,2004490
2008-05-19,41.95000076293945,43.54999923706055,41.900001525878906,42.0,23.8785343170166,927375
2008-05-20,42.099998474121094,42.099998474121094,39.900001525878906,41.0,23.309999465942383,1961000
2008-05-21,40.95000076293945,40.95000076293945,38.599998474121094,39.150001525878906,22.258209228515625,2715063
2008-05-22,38.0,39.0,38.0,38.599998474121094,21.945510864257812,795320
2008-05-23,39.0,39.5,38.599998474121094,38.95000076293945,22.144493103027344,1820000
2008-05-26,38.900001525878906,39.650001525878906,38.900001525878906,39.0,22.172927856445312,1674731
2008-05-27,39.79999923706055,41.0,39.099998474121094,40.29999923706055,22.912017822265625,2396000
2008-05-28,40.75,40.79999923706055,39.599998474121094,40.349998474121094,22.940452575683594,2596310
2008-05-29,40.5,40.900001525878906,39.29999923706055,40.849998474121094,23.22471809387207,2685117
2008-05-30,40.150001525878906,42.0,40.04999923706055,40.20000076293945,22.85517120361328,10981726
2008-06-02,40.849998474121094,41.95000076293945,40.29999923706055,41.5,23.594266891479492,8051000
2008-06-03,41.5,41.75,40.29999923706055,40.650001525878906,23.111003875732422,2348877
2008-06-04,40.599998474121094,40.650001525878906,39.0,39.20000076293945,22.286630630493164,1603420
2008-06-05,38.849998474121094,39.04999923706055,38.0,38.29999923706055,21.77495002746582,1252000
2008-06-06,38.599998474121094,39.5,38.04999923706055,39.099998474121094,22.229780197143555,2171100
2008-06-10,40.599998474121094,40.599998474121094,36.400001525878906,37.099998474121094,21.09270477294922,2824565
2008-06-11,36.25,36.79999923706055,36.0,36.150001525878906,20.552595138549805,1336989
2008-06-12,34.5,35.650001525878906,34.5,35.650001525878906,20.26833152770996,1672796
2008-06-13,35.95000076293945,36.20000076293945,35.650001525878906,35.95000076293945,20.43888282775879,2106084
2008-06-16,37.349998474121094,38.0,37.0,37.29999923706055,21.206411361694336,1059863
2008-06-17,37.20000076293945,37.849998474121094,36.5,37.849998474121094,21.519105911254883,1262000
2008-06-18,37.70000076293945,37.70000076293945,37.0,37.5,21.32012367248535,2242000
2008-06-19,37.650001525878906,37.650001525878906,35.25,35.25,20.04090690612793,1797159
2008-06-20,35.54999923706055,36.25,35.20000076293945,35.20000076293945,20.012487411499023,2466000
2008-06-23,35.0,35.20000076293945,34.099998474121094,34.20000076293945,19.443952560424805,1146000
2008-06-24,34.70000076293945,34.75,34.150001525878906,34.599998474121094,19.671363830566406,964000
2008-06-25,34.599998474121094,36.20000076293945,34.599998474121094,35.099998474121094,19.955629348754883,1183600
2008-06-26,36.0,36.0,35.099998474121094,35.45000076293945,20.154621124267578,1581000
2008-06-27,34.400001525878906,35.95000076293945,33.25,35.95000076293945,20.43888282775879,2574400
2008-06-30,36.0,36.0,34.54999923706055,34.650001525878906,19.69979476928711,2200710
2008-07-02,35.650001525878906,35.650001525878906,33.0,33.04999923706055,18.790132522583008,3397000
2008-07-03,32.599998474121094,33.25,32.599998474121094,32.95000076293945,18.733278274536133,1287238
2008-07-04,32.95000076293945,33.349998474121094,32.650001525878906,32.70000076293945,18.591142654418945,851000
2008-07-07,32.650001525878906,33.599998474121094,32.650001525878906,33.400001525878906,18.98912239074707,1125000
2008-07-08,32.650001525878906,32.849998474121094,32.099998474121094,32.400001525878906,18.420581817626953,1711000
2008-07-09,33.25,33.349998474121094,32.400001525878906,32.900001525878906,18.70484733581543,1801000
2008-07-10,32.900001525878906,33.849998474121094,32.849998474121094,33.54999923706055,19.074399948120117,1475000
2008-07-11,33.25,34.849998474121094,32.900001525878906,34.75,19.756637573242188,441714
2008-07-14,34.79999923706055,34.900001525878906,33.20000076293945,34.0,19.330245971679688,1837708
2008-07-15,32.95000076293945,32.95000076293945,30.75,31.25,17.766765594482422,2941000
2008-07-16,31.299999237060547,31.5,30.700000762939453,31.299999237060547,17.79519271850586,1869500
2008-07-17,32.95000076293945,32.95000076293945,32.0,32.20000076293945,18.3068790435791,1021000
2008-07-18,32.5,33.5,32.5,33.0,18.761707305908203,1240344
2008-07-21,33.5,35.70000076293945,33.400001525878906,34.79999923706055,19.78506851196289,1239629
2008-07-22,34.150001525878906,34.5,33.5,33.54999923706055,19.074399948120117,680000
2008-07-23,33.54999923706055,34.95000076293945,33.400001525878906,34.95000076293945,19.870349884033203,2030830
2008-07-24,35.75,35.75,34.70000076293945,35.25,20.04090690612793,687413
2008-07-25,35.0,35.900001525878906,34.900001525878906,35.5,20.18304443359375,1111000
2008-07-28,34.79999923706055,35.79999923706055,34.79999923706055,35.20000076293945,20.012487411499023,292983
2008-07-29,34.400001525878906,34.400001525878906,33.349998474121094,33.5,19.045974731445312,748200
2008-07-30,34.0,34.5,33.45000076293945,33.75,19.188108444213867,796300
2008-07-31,33.79999923706055,35.400001525878906,33.79999923706055,34.95000076293945,19.870349884033203,1733000
2008-08-01,34.349998474121094,35.5,33.5,35.099998474121094,19.955629348754883,1343400
2008-08-04,34.400001525878906,35.20000076293945,34.099998474121094,34.79999923706055,19.78506851196289,864000
2008-08-05,34.70000076293945,34.70000076293945,32.79999923706055,32.79999923706055,18.647993087768555,3000100
2008-08-06,32.79999923706055,32.79999923706055,32.79999923706055,32.79999923706055,18.647993087768555,0
2008-08-07,34.29999923706055,34.29999923706055,32.5,32.5,18.477439880371094,1481100
2008-08-08,32.20000076293945,33.25,32.20000076293945,32.70000076293945,18.591142654418945,463400
2008-08-11,32.599998474121094,33.75,32.599998474121094,33.400001525878906,18.98912239074707,809800
2008-08-12,33.400001525878906,34.5,33.20000076293945,33.45000076293945,19.017547607421875,719000
2008-08-13,32.5,33.400001525878906,32.29999923706055,33.0,18.761707305908203,1257200
2008-08-14,32.95000076293945,33.5,32.5,33.5,19.045974731445312,576100
2008-08-15,34.29999923706055,34.29999923706055,32.54999923706055,33.349998474121094,18.960693359375,525000
2008-08-18,32.900001525878906,32.900001525878906,32.400001525878906,32.54999923706055,18.50586700439453,1650000
2008-08-19,31.0,32.54999923706055,30.700000762939453,31.100000381469727,17.681482315063477,2958820
2008-08-20,30.799999237060547,31.950000762939453,30.799999237060547,31.5,17.90890121459961,1640700
2008-08-21,30.899999618530273,30.950000762939453,29.850000381469727,29.899999618530273,16.99924087524414,933300
2008-08-22,29.899999618530273,29.899999618530273,29.899999618530273,29.899999618530273,16.99924087524414,0
2008-08-25,30.700000762939453,32.0,30.299999237060547,31.200000762939453,17.73833656311035,702000
2008-08-26,31.200000762939453,31.600000381469727,30.75,31.200000762939453,17.73833656311035,845542
2008-08-27,31.149999618530273,32.900001525878906,30.850000381469727,32.900001525878906,18.70484733581543,2513882
2008-08-28,33.0,33.599998474121094,32.45000076293945,33.04999923706055,18.790132522583008,713000
2008-08-29,32.5,33.599998474121094,32.5,33.5,19.045974731445312,1214000
2008-09-01,33.5,34.150001525878906,32.400001525878906,33.0,18.761707305908203,462000
2008-09-02,33.349998474121094,33.45000076293945,31.899999618530273,32.70000076293945,18.591142654418945,423000
2008-09-03,32.400001525878906,33.599998474121094,32.400001525878906,33.599998474121094,19.102827072143555,518295
2008-09-04,33.099998474121094,33.45000076293945,32.04999923706055,32.04999923706055,18.22159767150879,761000
2008-09-05,31.899999618530273,31.899999618530273,30.899999618530273,31.899999618530273,18.13631248474121,880000
2008-09-08,33.150001525878906,33.150001525878906,31.549999237060547,33.099998474121094,18.818559646606445,493200
2008-09-09,33.599998474121094,33.599998474121094,32.95000076293945,32.95000076293945,18.733278274536133,739400
2008-09-10,32.70000076293945,32.70000076293945,31.0,31.25,17.766765594482422,948400
2008-09-11,30.25,31.200000762939453,30.100000381469727,30.649999618530273,17.42563819885254,1851039
2008-09-12,30.649999618530273,30.649999618530273,30.100000381469727,30.200000762939453,17.169801712036133,1679834
2008-09-16,29.399999618530273,30.450000762939453,28.899999618530273,29.5,16.771831512451172,1976938
2008-09-17,30.100000381469727,30.100000381469727,26.5,27.0,15.350488662719727,3507000
2008-09-18,25.600000381469727,27.799999237060547,25.549999237060547,27.0,15.350488662719727,2974764
2008-09-19,28.049999237060547,30.200000762939453,27.549999237060547,27.700000762939453,15.74846076965332,2228118
2008-09-22,30.172000885009766,30.5,28.700000762939453,29.549999237060547,16.80025863647461,1604500
2008-09-23,28.399999618530273,29.0,27.149999618530273,27.149999618530273,15.435765266418457,2257444
2008-09-24,26.600000381469727,27.299999237060547,26.200000762939453,26.5,15.066213607788086,1595000
2008-09-25,26.5,26.950000762939453,25.950000762939453,26.0,14.781949996948242,1334000
2008-09-26,26.299999237060547,26.899999618530273,25.700000762939453,26.649999618530273,15.151494979858398,1199100
2008-09-29,26.5,26.5,24.350000381469727,25.0,14.21341609954834,1100000
2008-09-30,23.100000381469727,25.350000381469727,23.100000381469727,24.200000762939453,13.75858211517334,1949000
2008-10-02,23.950000762939453,25.700000762939453,23.450000762939453,24.549999237060547,13.957571029663086,3079650
2008-10-03,24.799999237060547,25.200000762939453,23.700000762939453,24.600000381469727,13.98599910736084,388898
2008-10-06,23.700000762939453,24.399999618530273,23.200000762939453,24.0,13.644877433776855,356410
2008-10-08,21.399999618530273,22.700000762939453,21.399999618530273,21.5,12.22353458404541,2532170
2008-10-09,20.299999237060547,22.75,20.299999237060547,21.899999618530273,12.450950622558594,2155320
2008-10-10,21.899999618530273,22.0,19.979999542236328,20.799999237060547,11.825560569763184,1493771
2008-10-13,20.899999618530273,24.75,20.899999618530273,23.5,13.36060905456543,3000913
2008-10-14,23.75,26.850000381469727,23.75,25.25,14.355551719665527,1582261
2008-10-15,26.549999237060547,26.600000381469727,23.200000762939453,24.5,13.929146766662598,1564000
2008-10-16,21.5,22.5,21.25,22.200000762939453,12.621509552001953,1618104
2008-10-17,23.0,24.0,22.049999237060547,23.149999618530273,13.161623001098633,1921000
2008-10-20,23.149999618530273,26.0,22.950000762939453,23.5,13.36060905456543,1254882
2008-10-21,23.850000381469727,23.950000762939453,22.899999618530273,23.25,13.218472480773926,3394165
2008-10-22,23.5,24.0,21.549999237060547,21.600000381469727,12.280386924743652,1249756
2008-10-23,21.600000381469727,22.350000381469727,20.5,20.5,11.654999732971191,2367000
2008-10-24,20.899999618530273,21.399999618530273,20.700000762939453,20.899999618530273,11.882413864135742,2259000
2008-10-27,20.700000762939453,20.700000762939453,19.520000457763672,19.799999237060547,11.55558967590332,1515300
2008-10-28,19.799999237060547,21.799999237060547,19.15999984741211,21.799999237060547,12.722818374633789,2896570
2008-10-29,23.149999618530273,24.5,22.299999237060547,23.450000762939453,13.685783386230469,1358000
2008-10-30,24.799999237060547,24.799999237060547,22.700000762939453,23.899999618530273,13.948412895202637,1757100
2008-10-31,24.350000381469727,24.75,23.25,24.200000762939453,14.123499870300293,1073545
2008-11-03,24.200000762939453,25.799999237060547,24.200000762939453,25.799999237060547,15.057280540466309,1546322
2008-11-04,27.5,27.5,24.0,24.0,14.0067777633667,868538
2008-11-05,24.5,25.399999618530273,24.299999237060547,24.399999618530273,14.24022102355957,1036586
2008-11-06,24.0,25.0,21.899999618530273,25.0,14.590388298034668,1393370
2008-11-07,25.0,25.0,22.5,24.0,14.0067777633667,1598000
2008-11-10,25.049999237060547,25.350000381469727,24.149999618530273,24.799999237060547,14.473665237426758,1026882
2008-11-11,23.850000381469727,24.350000381469727,22.399999618530273,22.399999618530273,13.072988510131836,869000
2008-11-12,22.399999618530273,22.799999237060547,22.049999237060547,22.75,13.27725601196289,1554502
2008-11-13,21.100000381469727,22.25,21.0,21.850000381469727,12.751997947692871,1257854
2008-11-14,21.533000946044922,23.5,21.533000946044922,22.799999237060547,13.306432723999023,1340000
2008-11-17,22.799999237060547,23.299999237060547,21.899999618530273,22.399999618530273,13.072988510131836,1566700
2008-11-18,21.600000381469727,22.25,20.600000381469727,20.600000381469727,12.022480964660645,2553000
2008-11-19,20.299999237060547,21.649999618530273,20.200000762939453,21.0,12.255929946899414,2290024
2008-11-20,20.049999237060547,20.049999237060547,19.079999923706055,19.5,11.380505561828613,1965800
2008-11-21,18.700000762939453,24.0,18.0,20.899999618530273,12.197566986083984,1396800
2008-11-24,21.200000762939453,21.600000381469727,20.399999618530273,21.25,12.40183162689209,1320000
2008-11-25,21.299999237060547,23.200000762939453,21.299999237060547,23.200000762939453,13.539880752563477,1864500
2008-11-26,23.200000762939453,23.200000762939453,21.600000381469727,23.0,13.423157691955566,1208688
2008-11-27,24.600000381469727,25.700000762939453,23.399999618530273,24.549999237060547,14.32776165008545,1397810
2008-11-28,25.600000381469727,25.600000381469727,24.649999618530273,25.600000381469727,14.940559387207031,783943
2008-12-01,26.200000762939453,26.799999237060547,25.600000381469727,25.799999237060547,15.057280540466309,918266
2008-12-02,26.0,26.0,23.149999618530273,23.5,13.71496295928955,1342300
2008-12-03,24.0,24.75,22.5,22.549999237060547,13.160529136657715,2120795
2008-12-04,22.549999237060547,22.75,20.950000762939453,21.200000762939453,12.372654914855957,1697796
2008-12-05,21.25,22.200000762939453,20.649999618530273,21.600000381469727,12.606097221374512,1994000
2008-12-08,22.25,23.399999618530273,21.700000762939453,23.299999237060547,13.598241806030273,3010000
2008-12-09,23.149999618530273,24.549999237060547,23.0,23.25,13.569064140319824,3966747
2008-12-10,23.75,25.0,23.399999618530273,24.5,14.298583030700684,2314456
2008-12-11,24.5,24.799999237060547,22.600000381469727,23.049999237060547,13.452340126037598,4517162
2008-12-12,22.799999237060547,23.049999237060547,21.850000381469727,23.0,13.423157691955566,1369000
2008-12-15,22.80500030517578,24.5,22.80500030517578,24.0,14.0067777633667,1438141
2008-12-16,24.5,24.5,22.5,23.5,13.71496295928955,747150
2008-12-17,24.0,24.299999237060547,23.350000381469727,24.299999237060547,14.181857109069824,2173866
2008-12-18,23.799999237060547,25.75,23.700000762939453,25.100000381469727,14.64875316619873,1533000
2008-12-19,24.799999237060547,27.149999618530273,23.799999237060547,26.0,15.174001693725586,2995911
2008-12-22,27.799999237060547,27.799999237060547,25.75,26.049999237060547,15.203186988830566,1351150
2008-12-23,25.549999237060547,25.549999237060547,24.200000762939453,24.649999618530273,14.386125564575195,1224250
2008-12-24,23.149999618530273,23.850000381469727,23.149999618530273,23.600000381469727,13.77332878112793,1325723
2008-12-29,23.600000381469727,24.600000381469727,23.299999237060547,24.399999618530273,14.24022102355957,272950
2008-12-30,24.0,24.600000381469727,23.299999237060547,23.299999237060547,13.598241806030273,914000
2008-12-31,23.899999618530273,23.899999618530273,23.100000381469727,23.450000762939453,13.685783386230469,438000
2009-01-02,23.549999237060547,24.5,23.299999237060547,24.5,14.298583030700684,360000
2009-01-05,24.649999618530273,25.5,24.5,25.450000762939453,14.853017807006836,554400
2009-01-06,25.5,26.799999237060547,25.5,26.799999237060547,15.640899658203125,791400
2009-01-07,27.799999237060547,28.799999237060547,27.600000381469727,28.100000381469727,16.399599075317383,3142000
2009-01-08,27.700000762939453,27.700000762939453,25.649999618530273,26.350000381469727,15.378271102905273,1194650
2009-01-09,27.149999618530273,27.350000381469727,25.5,25.549999237060547,14.911373138427734,541659
2009-01-12,26.0,26.350000381469727,24.700000762939453,24.700000762939453,14.415308952331543,623055
2009-01-13,25.799999237060547,25.799999237060547,23.299999237060547,23.549999237060547,13.744146347045898,734762
2009-01-14,23.649999618530273,24.399999618530273,23.299999237060547,23.649999618530273,13.802508354187012,699000
2009-01-15,22.799999237060547,23.899999618530273,21.850000381469727,23.799999237060547,13.89005184173584,879400
2009-01-16,21.799999237060547,24.700000762939453,21.799999237060547,24.649999618530273,14.386125564575195,326000
2009-01-19,25.450000762939453,25.450000762939453,24.5,25.049999237060547,14.619568824768066,338200
2009-01-20,24.5,25.0,23.850000381469727,24.899999618530273,14.532029151916504,313000
2009-01-21,24.649999618530273,25.0,23.700000762939453,25.0,14.590388298034668,1248234
2009-01-22,23.950000762939453,25.450000762939453,23.950000762939453,24.299999237060547,14.181857109069824,1201900
2009-01-23,24.299999237060547,25.049999237060547,23.799999237060547,25.049999237060547,14.619568824768066,436000
2009-01-29,25.049999237060547,26.899999618530273,24.5,24.700000762939453,14.415308952331543,1779692
2009-01-30,24.600000381469727,25.799999237060547,24.600000381469727,25.5,14.882196426391602,1721859
2009-02-02,25.600000381469727,25.799999237060547,24.700000762939453,24.950000762939453,14.561208724975586,1033367
2009-02-03,25.0,25.0,22.799999237060547,22.850000381469727,13.335614204406738,1644752
2009-02-04,25.0,25.0,22.549999237060547,22.549999237060547,13.160529136657715,1449805
2009-02-05,22.600000381469727,22.850000381469727,21.600000381469727,21.75,12.69364070892334,1184175
2009-02-06,22.25,22.25,21.25,21.75,12.69364070892334,1747420
2009-02-09,22.149999618530273,22.700000762939453,21.799999237060547,22.200000762939453,12.956266403198242,1885000
2009-02-10,22.299999237060547,22.799999237060547,22.200000762939453,22.549999237060547,13.160529136657715,796000
2009-02-11,21.649999618530273,22.149999618530273,21.350000381469727,21.549999237060547,12.576915740966797,1690812
2009-02-12,21.549999237060547,21.75,20.600000381469727,20.600000381469727,12.022480964660645,1319000
2009-02-13,21.0,21.600000381469727,20.799999237060547,21.299999237060547,12.431011199951172,655000
2009-02-16,21.299999237060547,21.299999237060547,20.25,20.600000381469727,12.022480964660645,2255000
2009-02-17,20.350000381469727,20.450000762939453,19.899999618530273,20.299999237060547,11.847395896911621,2269000
2009-02-18,19.959999084472656,20.049999237060547,19.219999313354492,19.84000015258789,11.578934669494629,2099700
2009-02-19,19.3799991607666,19.860000610351562,18.799999237060547,18.799999237060547,10.971973419189453,4675460
2009-02-20,18.600000381469727,18.780000686645508,18.299999237060547,18.459999084472656,10.773540496826172,3947797
2009-02-23,18.559999465942383,19.479999542236328,18.559999465942383,19.399999618530273,11.322141647338867,1787250
2009-02-24,18.6200008392334,18.860000610351562,18.5,18.65999984741211,10.890265464782715,1472473
2009-02-25,18.959999084472656,19.5,18.780000686645508,19.479999542236328,11.368830680847168,1864134
2009-02-26,19.600000381469727,19.799999237060547,19.100000381469727,19.479999542236328,11.368830680847168,2076000
2009-02-27,19.579999923706055,21.0,19.420000076293945,21.0,12.255929946899414,3438000
2009-03-02,20.25,20.25,18.84000015258789,19.1200008392334,11.158729553222656,2113403
2009-03-03,18.899999618530273,19.34000015258789,18.31999969482422,19.040000915527344,11.112039566040039,2104872
2009-03-04,18.899999618530273,20.350000381469727,18.739999771118164,20.350000381469727,11.876574516296387,1275175
2009-03-05,19.780000686645508,19.780000686645508,18.899999618530273,19.139999389648438,11.170402526855469,1589000
2009-03-06,18.799999237060547,19.459999084472656,18.799999237060547,19.020000457763672,11.100370407104492,912935
2009-03-09,18.959999084472656,18.979999542236328,17.6200008392334,18.219999313354492,10.633476257324219,864250
2009-03-10,18.3799991607666,18.899999618530273,18.299999237060547,18.559999465942383,10.831905364990234,1066000
2009-03-11,18.719999313354492,19.65999984741211,18.719999313354492,19.399999618530273,11.322141647338867,1332149
2009-03-12,19.799999237060547,19.799999237060547,19.5,19.520000457763672,11.39217472076416,340059
2009-03-13,20.0,20.5,19.899999618530273,20.25,11.818218231201172,1130963
2009-03-16,20.799999237060547,21.700000762939453,20.5,21.399999618530273,12.489371299743652,1326071
2009-03-17,21.350000381469727,22.049999237060547,20.799999237060547,22.0,12.839544296264648,1628500
2009-03-18,22.0,22.549999237060547,21.450000762939453,22.25,12.985447883605957,1121348
2009-03-19,23.0,23.0,22.200000762939453,22.899999618530273,13.364794731140137,1897560
2009-03-20,22.5,22.950000762939453,21.649999618530273,21.850000381469727,12.751997947692871,1285000
2009-03-23,22.350000381469727,23.899999618530273,22.299999237060547,23.700000762939453,13.831687927246094,1253025
2009-03-24,23.799999237060547,26.0,23.399999618530273,25.450000762939453,14.853017807006836,2314998
2009-03-25,25.100000381469727,26.799999237060547,24.0,24.049999237060547,14.0359525680542,741564
2009-03-26,24.149999618530273,25.200000762939453,23.950000762939453,24.899999618530273,14.532029151916504,968000
2009-03-27,25.049999237060547,25.899999618530273,24.649999618530273,24.850000381469727,14.50284481048584,1175285
2009-03-30,24.799999237060547,24.899999618530273,23.899999618530273,24.100000381469727,14.159150123596191,640000
2009-03-31,24.100000381469727,24.600000381469727,23.399999618530273,23.600000381469727,13.865394592285156,1204000
2009-04-01,24.399999618530273,24.399999618530273,23.100000381469727,23.399999618530273,13.747883796691895,2172300
2009-04-02,23.549999237060547,25.75,23.5,25.450000762939453,14.952300071716309,1630213
2009-04-03,25.399999618530273,25.950000762939453,25.100000381469727,25.549999237060547,15.011043548583984,1947305
2009-04-06,26.0,26.5,25.549999237060547,26.049999237060547,15.30480670928955,764000
2009-04-07,26.100000381469727,26.549999237060547,25.200000762939453,26.5,15.569191932678223,961900
2009-04-08,26.25,26.649999618530273,25.5,26.450000762939453,15.539813041687012,1047500
2009-04-09,26.450000762939453,28.049999237060547,26.100000381469727,27.799999237060547,16.332962036132812,909568
2009-04-14,27.183000564575195,30.200000762939453,27.183000564575195,29.200000762939453,17.15548324584961,1862400
2009-04-15,28.450000762939453,29.200000762939453,27.600000381469727,28.200000762939453,16.567968368530273,1380173
2009-04-16,28.799999237060547,29.149999618530273,27.350000381469727,28.0,16.45046615600586,1290300
2009-04-17,28.5,29.5,27.850000381469727,29.049999237060547,17.067359924316406,1002000
2009-04-20,29.0,29.799999237060547,28.549999237060547,29.5,17.33173942565918,1154000
2009-04-21,29.049999237060547,29.049999237060547,27.100000381469727,28.149999618530273,16.538597106933594,1008814
2009-04-22,27.549999237060547,28.25,26.950000762939453,27.100000381469727,15.921700477600098,516000
2009-04-23,27.700000762939453,28.350000381469727,27.450000762939453,28.200000762939453,16.567968368530273,1164000
2009-04-24,28.299999237060547,28.299999237060547,27.0,27.600000381469727,16.2154598236084,1101264
2009-04-27,26.799999237060547,26.799999237060547,25.799999237060547,26.149999618530273,15.363558769226074,521300
2009-04-28,25.75,26.600000381469727,25.299999237060547,25.950000762939453,15.24605655670166,603000
2009-04-29,25.850000381469727,27.100000381469727,25.850000381469727,26.950000762939453,15.833572387695312,1058800
2009-04-30,27.700000762939453,28.75,27.649999618530273,28.649999618530273,16.83234977722168,3124775
2009-05-04,28.649999618530273,31.0,28.649999618530273,30.100000381469727,17.684249877929688,1636300
2009-05-05,31.100000381469727,31.100000381469727,29.0,30.350000381469727,17.83112907409668,645000
2009-05-06,30.0,30.649999618530273,29.850000381469727,30.25,17.772375106811523,506000
2009-05-07,31.0,31.0,29.100000381469727,30.049999237060547,17.654876708984375,1617324
2009-05-08,29.5,30.25,29.5,30.049999237060547,17.654876708984375,878100
2009-05-11,30.5,30.700000762939453,29.899999618530273,30.25,17.772375106811523,1254346
2009-05-12,30.75,30.75,29.299999237060547,29.799999237060547,17.50799560546875,1903000
2009-05-13,29.799999237060547,31.549999237060547,29.600000381469727,31.5,18.506771087646484,2051191
2009-05-14,30.649999618530273,30.649999618530273,29.700000762939453,30.299999237060547,17.801755905151367,1171486
2009-05-15,31.0,31.799999237060547,29.600000381469727,30.649999618530273,18.00738525390625,2650500
2009-05-18,30.5,31.600000381469727,29.799999237060547,31.350000381469727,18.41864585876465,854000
2009-05-19,32.5,33.650001525878906,32.0,32.900001525878906,19.329294204711914,1538600
2009-05-20,33.0,34.0,32.099998474121094,33.400001525878906,19.62305450439453,2028200
2009-05-21,34.0,34.0,32.04999923706055,32.099998474121094,18.85927963256836,1396660
2009-05-22,32.20000076293945,32.400001525878906,30.5,31.25,18.359888076782227,1332000
2009-05-25,31.100000381469727,32.54999923706055,30.549999237060547,32.099998474121094,18.85927963256836,948700
2009-05-26,32.099998474121094,32.95000076293945,31.899999618530273,32.349998474121094,19.00615882873535,828000
2009-05-27,33.0,35.0,32.45000076293945,33.75,19.828685760498047,2140759
2009-05-29,33.70000076293945,35.349998474121094,32.849998474121094,35.04999923706055,20.592453002929688,3667422
2009-06-01,34.441001892089844,37.5,33.650001525878906,36.5,21.44435691833496,2491840
2009-06-02,38.04999923706055,38.04999923706055,35.75,36.5,21.44435691833496,1457258
2009-06-03,36.5,37.900001525878906,36.400001525878906,37.29999923706055,21.91436767578125,2574367
2009-06-04,36.79999923706055,36.79999923706055,34.95000076293945,35.5,20.856836318969727,1679021
2009-06-05,35.79999923706055,36.0,35.45000076293945,35.75,21.00371742248535,1842363
2009-06-08,35.5,36.45000076293945,35.099998474121094,35.45000076293945,20.82746696472168,1994000
2009-06-09,35.45000076293945,36.54999923706055,34.04999923706055,34.400001525878906,20.2105655670166,1228000
2009-06-10,35.0,36.20000076293945,34.79999923706055,36.150001525878906,21.238725662231445,1031225
2009-06-11,36.0,37.599998474121094,34.900001525878906,36.20000076293945,21.268104553222656,2557426
2009-06-12,35.95000076293945,36.849998474121094,35.79999923706055,36.099998474121094,21.209348678588867,962095
2009-06-15,35.349998474121094,37.20000076293945,35.29999923706055,35.70000076293945,20.974346160888672,527430
2009-06-16,35.5,35.900001525878906,32.79999923706055,33.099998474121094,19.446800231933594,814800
2009-06-17,33.04999923706055,33.79999923706055,32.54999923706055,33.20000076293945,19.505550384521484,1149459
2009-06-18,33.849998474121094,33.849998474121094,32.849998474121094,33.349998474121094,19.593679428100586,1462400
2009-06-19,33.20000076293945,33.70000076293945,32.79999923706055,33.29999923706055,19.564300537109375,1156000
2009-06-22,33.150001525878906,34.45000076293945,33.099998474121094,33.5,19.681804656982422,912500
2009-06-23,33.45000076293945,34.75,32.650001525878906,34.29999923706055,20.15181541442871,1974698
2009-06-24,33.75,34.95000076293945,33.349998474121094,34.599998474121094,20.328075408935547,914760
2009-06-25,35.5,36.75,34.599998474121094,36.04999923706055,21.179977416992188,1464998
2009-06-26,35.900001525878906,37.400001525878906,35.599998474121094,37.25,21.884994506835938,1150563
2009-06-29,37.29999923706055,38.29999923706055,36.95000076293945,37.900001525878906,22.266876220703125,523436
2009-06-30,38.5,39.0,35.599998474121094,36.5,21.44435691833496,1502831
2009-07-02,36.54999923706055,37.20000076293945,35.650001525878906,35.79999923706055,21.033092498779297,1553600
2009-07-03,34.79999923706055,35.29999923706055,34.099998474121094,34.75,20.41619873046875,997000
2009-07-06,34.20000076293945,35.599998474121094,33.95000076293945,34.900001525878906,20.50432777404785,408000
2009-07-07,35.04999923706055,35.349998474121094,34.5,34.75,20.41619873046875,516000
2009-07-08,34.650001525878906,34.650001525878906,33.5,33.70000076293945,19.79930877685547,823000
2009-07-09,33.70000076293945,33.849998474121094,32.849998474121094,33.0,19.388046264648438,1426000
2009-07-10,32.650001525878906,33.25,32.29999923706055,33.04999923706055,19.41742515563965,1166111
2009-07-13,32.54999923706055,32.79999923706055,31.850000381469727,32.599998474121094,19.153039932250977,1036347
2009-07-14,33.0,34.75,32.900001525878906,34.54999923706055,20.29869842529297,1329100
2009-07-15,35.099998474121094,36.400001525878906,35.099998474121094,35.900001525878906,21.09184455871582,758100
2009-07-16,37.349998474121094,37.5,36.5,37.0,21.738115310668945,1485724
2009-07-17,36.75,37.29999923706055,36.20000076293945,37.25,21.884994506835938,522597
2009-07-20,37.349998474121094,38.79999923706055,37.349998474121094,38.349998474121094,22.531265258789062,476000
2009-07-21,38.849998474121094,38.849998474121094,37.29999923706055,37.900001525878906,22.266876220703125,383000
2009-07-22,38.20000076293945,38.349998474121094,37.25,38.0,22.325632095336914,272380
2009-07-23,37.900001525878906,38.79999923706055,37.20000076293945,38.75,22.766265869140625,938135
2009-07-24,38.900001525878906,39.0,38.29999923706055,38.599998474121094,22.678142547607422,667575
2009-07-27,39.0,39.400001525878906,38.099998474121094,38.95000076293945,22.883771896362305,368801
2009-07-28,38.95000076293945,40.599998474121094,38.849998474121094,40.20000076293945,23.61817169189453,606392
2009-07-29,40.54999923706055,40.54999923706055,38.599998474121094,38.70000076293945,22.736886978149414,1230283
2009-07-30,38.70000076293945,39.099998474121094,37.900001525878906,38.20000076293945,22.44313621520996,507349
2009-07-31,38.900001525878906,40.650001525878906,38.349998474121094,40.150001525878906,23.588794708251953,1334500
2009-08-03,39.849998474121094,40.95000076293945,39.29999923706055,40.45000076293945,23.765043258666992,339000
2009-08-04,41.5,41.5,39.25,39.5,23.206905364990234,548683
2009-08-05,39.95000076293945,40.20000076293945,38.75,38.79999923706055,22.795642852783203,1861024
2009-08-06,39.20000076293945,39.5,38.349998474121094,38.75,22.766265869140625,656000
2009-08-07,39.5,40.0,37.04999923706055,37.349998474121094,21.943742752075195,641607
2009-08-10,38.5,38.849998474121094,38.400001525878906,38.599998474121094,22.678142547607422,950000
2009-08-11,38.5,39.150001525878906,38.45000076293945,39.04999923706055,22.942523956298828,632396
2009-08-12,39.900001525878906,39.900001525878906,37.5,37.54999923706055,22.061248779296875,1659127
2009-08-13,37.79999923706055,38.20000076293945,36.95000076293945,37.29999923706055,21.91436767578125,1250100
2009-08-14,37.0,38.04999923706055,36.400001525878906,37.150001525878906,21.82624626159668,965000
2009-08-17,36.29999923706055,36.75,35.79999923706055,36.45000076293945,21.414976119995117,739873
2009-08-18,37.0,37.0,35.70000076293945,36.54999923706055,21.473730087280273,964000
2009-08-19,36.54999923706055,38.0,35.349998474121094,36.650001525878906,21.532482147216797,715700
2009-08-20,37.0,38.5,37.0,38.04999923706055,22.355009078979492,1077102
2009-08-21,37.95000076293945,38.54999923706055,37.70000076293945,38.0,22.325632095336914,1375273
2009-08-24,38.79999923706055,39.20000076293945,37.70000076293945,37.75,22.178747177124023,853000
2009-08-25,37.75,38.29999923706055,36.849998474121094,37.349998474121094,21.943742752075195,1150000
2009-08-26,37.5,38.29999923706055,36.900001525878906,37.599998474121094,22.09062385559082,461000
2009-08-27,37.5,38.150001525878906,37.45000076293945,37.5,22.031871795654297,1213022
2009-08-28,37.70000076293945,37.900001525878906,36.5,36.849998474121094,21.649991989135742,2698000
2009-08-31,36.400001525878906,36.599998474121094,35.5,35.70000076293945,20.974346160888672,1840430
2009-09-01,35.75,36.20000076293945,35.20000076293945,36.0,21.150602340698242,609792
2009-09-02,35.79999923706055,35.79999923706055,34.79999923706055,35.20000076293945,20.68058204650879,445075
2009-09-03,34.95000076293945,36.150001525878906,34.95000076293945,36.099998474121094,21.209348678588867,650000
2009-09-04,36.349998474121094,37.45000076293945,35.75,36.75,21.591236114501953,897551
2009-09-07,37.20000076293945,37.900001525878906,36.79999923706055,37.25,21.884994506835938,491400
2009-09-08,37.5,38.900001525878906,37.29999923706055,38.349998474121094,22.531265258789062,866250
2009-09-09,38.29999923706055,38.79999923706055,37.45000076293945,37.70000076293945,22.14937400817871,1513000
2009-09-10,38.25,39.0,38.25,38.45000076293945,22.59000587463379,599000
2009-09-11,38.900001525878906,39.0,38.45000076293945,38.75,22.766265869140625,1218797
2009-09-14,39.0,39.0,37.70000076293945,37.70000076293945,22.14937400817871,995343
2009-09-15,37.45000076293945,39.0,36.79999923706055,37.20000076293945,21.855615615844727,1126313
2009-09-16,37.349998474121094,39.20000076293945,36.849998474121094,38.849998474121094,22.82501983642578,1004000
2009-09-17,38.849998474121094,40.0,38.849998474121094,39.5,23.206905364990234,772215
2009-09-18,39.45000076293945,39.5,37.400001525878906,37.79999923706055,22.208120346069336,1976900
2009-09-21,37.29999923706055,37.95000076293945,37.0,37.599998474121094,22.09062385559082,740687
2009-09-22,37.599998474121094,38.25,37.25,37.75,22.178747177124023,595000
2009-09-23,37.599998474121094,37.70000076293945,37.150001525878906,37.5,22.031871795654297,339674
2009-09-24,37.599998474121094,37.95000076293945,37.0,37.04999923706055,21.76749038696289,723000
2009-09-25,36.900001525878906,37.5,36.54999923706055,37.349998474121094,21.943742752075195,1941105
2009-09-28,37.0,37.0,36.400001525878906,36.79999923706055,21.62061309814453,302000
2009-09-29,37.04999923706055,38.29999923706055,37.0,37.900001525878906,22.266876220703125,1190677
2009-09-30,38.0,39.150001525878906,38.0,38.79999923706055,22.795642852783203,2103359
2009-10-02,37.849998474121094,38.349998474121094,36.849998474121094,37.5,22.031871795654297,3421600
2009-10-05,37.79999923706055,38.70000076293945,37.099998474121094,37.29999923706055,21.91436767578125,836375
2009-10-06,37.400001525878906,38.400001525878906,37.400001525878906,38.099998474121094,22.38437843322754,5842900
2009-10-07,38.599998474121094,39.5,38.54999923706055,39.0,22.91314697265625,2370125
2009-10-08,39.5,39.849998474121094,38.95000076293945,39.20000076293945,23.030649185180664,1124000
2009-10-09,39.599998474121094,39.900001525878906,39.0,39.349998474121094,23.1187744140625,1482000
2009-10-12,39.5,39.79999923706055,38.5,39.0,22.91314697265625,966340
2009-10-13,38.70000076293945,39.25,38.349998474121094,38.75,22.766265869140625,1644043
2009-10-14,38.75,39.20000076293945,38.099998474121094,39.0,23.23695945739746,1185000
2009-10-15,39.599998474121094,39.650001525878906,38.400001525878906,38.45000076293945,22.909263610839844,506900
2009-10-16,38.20000076293945,38.54999923706055,37.75,37.79999923706055,22.52198028564453,2747000
2009-10-19,37.75,39.04999923706055,37.75,38.650001525878906,23.028427124023438,802103
2009-10-20,38.75,39.900001525878906,38.25,39.45000076293945,23.50508689880371,716670
2009-10-21,39.349998474121094,42.20000076293945,39.349998474121094,40.900001525878906,24.369028091430664,2365078
2009-10-22,41.0,41.95000076293945,40.54999923706055,41.25,24.577564239501953,1008700
2009-10-23,42.099998474121094,42.20000076293945,41.099998474121094,42.099998474121094,25.08400535583496,981012
2009-10-27,41.79999923706055,41.79999923706055,39.75,40.04999923706055,23.86256980895996,2076100
2009-10-28,39.599998474121094,40.150001525878906,38.54999923706055,39.099998474121094,23.29654312133789,515000
2009-10-29,38.0,38.54999923706055,37.75,38.150001525878906,22.73052406311035,841759
2009-10-30,38.849998474121094,40.150001525878906,38.849998474121094,39.599998474121094,23.594453811645508,1021230
2009-11-02,38.900001525878906,39.75,37.900001525878906,39.70000076293945,23.654037475585938,694000
2009-11-03,40.5,40.5,37.849998474121094,39.29999923706055,23.41570472717285,521500
2009-11-04,39.29999923706055,40.150001525878906,38.95000076293945,40.04999923706055,23.86256980895996,373773
2009-11-05,39.79999923706055,40.25,39.5,40.0,23.832786560058594,938057
2009-11-06,40.20000076293945,40.54999923706055,39.29999923706055,39.599998474121094,23.594453811645508,1549000
2009-11-09,39.599998474121094,40.0,39.099998474121094,39.54999923706055,23.564666748046875,565000
2009-11-10,40.45000076293945,40.5,39.599998474121094,40.04999923706055,23.86256980895996,666465
2009-11-11,40.20000076293945,40.5,39.650001525878906,40.099998474121094,23.892370223999023,1079118
2009-11-12,39.400001525878906,40.099998474121094,39.400001525878906,39.849998474121094,23.743410110473633,847308
2009-11-13,39.79999923706055,40.599998474121094,39.79999923706055,40.099998474121094,23.892370223999023,1327700
2009-11-16,40.0,42.20000076293945,40.0,41.400001525878906,24.66693115234375,2029800
2009-11-17,41.849998474121094,42.150001525878906,40.5,41.349998474121094,24.637142181396484,877825
2009-11-18,41.900001525878906,41.900001525878906,40.0,40.400001525878906,24.071117401123047,3332000
2009-11-19,40.849998474121094,40.900001525878906,39.29999923706055,40.20000076293945,23.95195770263672,691656
2009-11-20,39.79999923706055,41.45000076293945,39.650001525878906,39.650001525878906,23.62425422668457,795822
2009-11-23,39.650001525878906,40.25,39.25,39.29999923706055,23.41570472717285,992550
2009-11-24,39.29999923706055,39.599998474121094,37.95000076293945,38.0,22.641143798828125,723000
2009-11-25,38.45000076293945,38.650001525878906,38.20000076293945,38.400001525878906,22.879472732543945,820000
2009-11-26,38.25,38.54999923706055,37.95000076293945,38.29999923706055,22.81988525390625,327100
2009-11-27,37.849998474121094,38.0,36.70000076293945,36.75,21.896371841430664,649000
2009-11-30,37.75,38.20000076293945,37.400001525878906,37.95000076293945,22.611352920532227,1820000
2009-12-01,37.79999923706055,38.900001525878906,37.25,38.5,22.939054489135742,1186798
2009-12-02,39.29999923706055,39.29999923706055,38.099998474121094,38.900001525878906,23.17738151550293,541192
2009-12-03,38.79999923706055,39.95000076293945,38.79999923706055,39.900001525878906,23.773210525512695,4669000
2009-12-04,40.25,40.5,39.45000076293945,40.400001525878906,24.071117401123047,2899931
2009-12-07,40.400001525878906,41.0,40.099998474121094,40.5,24.130693435668945,643000
2009-12-08,40.349998474121094,41.0,39.79999923706055,40.20000076293945,23.95195770263672,524000
2009-12-09,39.29999923706055,40.20000076293945,38.400001525878906,39.349998474121094,23.44550323486328,738562
2009-12-10,39.900001525878906,40.099998474121094,39.04999923706055,39.599998474121094,23.594453811645508,785894
2009-12-11,39.900001525878906,40.79999923706055,39.650001525878906,39.900001525878906,23.773210525512695,960737
2009-12-14,39.900001525878906,39.900001525878906,39.0,39.25,23.38591766357422,215100
2009-12-15,39.04999923706055,39.20000076293945,38.400001525878906,38.45000076293945,22.909263610839844,1343000
2009-12-16,38.25,38.75,37.95000076293945,38.04999923706055,22.67093276977539,895000
2009-12-17,38.04999923706055,38.25,37.04999923706055,37.70000076293945,22.462400436401367,800400
2009-12-18,37.0,38.599998474121094,37.0,37.45000076293945,22.313446044921875,1804000
2009-12-21,38.20000076293945,39.79999923706055,36.5,36.599998474121094,21.8070011138916,875970
2009-12-22,37.099998474121094,37.75,37.0,37.54999923706055,22.37302589416504,1043597
2009-12-23,37.29999923706055,37.29999923706055,36.5,37.20000076293945,22.164487838745117,1381058
2009-12-24,37.29999923706055,37.5,37.099998474121094,37.150001525878906,22.134700775146484,215000
2009-12-28,37.5,37.95000076293945,37.29999923706055,37.849998474121094,22.55177879333496,245000
2009-12-29,38.20000076293945,38.400001525878906,37.349998474121094,38.099998474121094,22.700725555419922,932000
2009-12-30,37.54999923706055,38.150001525878906,37.45000076293945,37.900001525878906,22.581562042236328,243000
2009-12-31,37.900001525878906,37.900001525878906,38.599998474121094,39.099998474121094,23.29654312133789,1043668
2010-01-04,38.650001525878906,39.70000076293945,38.5,39.599998474121094,23.594453811645508,963000
2010-01-05,39.849998474121094,40.900001525878906,39.400001525878906,40.79999923706055,24.3094425201416,707000
2010-01-06,40.95000076293945,41.400001525878906,40.25,41.0,24.42860221862793,1016600
2010-01-07,41.150001525878906,41.150001525878906,40.04999923706055,40.5,24.130693435668945,1673250
2010-01-08,40.5,40.5,39.20000076293945,39.599998474121094,23.594453811645508,674000
2010-01-11,39.849998474121094,40.25,39.5,39.599998474121094,23.594453811645508,576800
2010-01-12,39.45000076293945,40.400001525878906,38.849998474121094,40.29999923706055,24.011531829833984,1387959
2010-01-13,39.150001525878906,39.70000076293945,38.400001525878906,38.5,22.939054489135742,1790381
2010-01-14,38.75,38.900001525878906,37.650001525878906,38.0,22.641143798828125,1311836
2010-01-15,37.849998474121094,37.25,37.650001525878906,38.0,22.641143798828125,970512
2010-01-18,37.0,37.75,37.0,37.599998474121094,22.402820587158203,1152230
2010-01-19,37.650001525878906,37.20000076293945,38.20000076293945,38.25,22.79010009765625,730768
2010-01-20,38.150001525878906,39.45000076293945,38.150001525878906,38.70000076293945,23.058216094970703,2866000
2010-01-21,38.25,38.79999923706055,36.95000076293945,37.04999923706055,22.075115203857422,753197
2010-01-22,36.900001525878906,37.5,35.45000076293945,37.45000076293945,22.313446044921875,1912000
2010-01-25,37.0,37.599998474121094,36.5,37.099998474121094,22.10491180419922,891530
2010-01-26,36.75,36.900001525878906,36.04999923706055,36.25,21.59846305847168,703662
2010-01-27,36.5,36.650001525878906,34.599998474121094,34.79999923706055,20.734519958496094,2477852
2010-01-28,35.0,36.099998474121094,34.79999923706055,35.5,21.151592254638672,2902067
2010-01-29,35.0,36.0,34.650001525878906,35.0,20.853687286376953,2994919
2010-02-01,35.5,35.599998474121094,32.849998474121094,34.29999923706055,20.436614990234375,1818897
2010-02-02,34.54999923706055,36.0,34.54999923706055,35.45000076293945,21.121809005737305,2664603
2010-02-03,35.95000076293945,36.150001525878906,35.04999923706055,35.95000076293945,21.419713973999023,2423824
2010-02-04,35.75,35.349998474121094,36.349998474121094,36.400001525878906,21.687833786010742,1478000
2010-02-05,34.849998474121094,35.75,34.650001525878906,35.150001525878906,20.943063735961914,1385274
2010-02-08,34.849998474121094,35.20000076293945,34.20000076293945,34.70000076293945,20.674942016601562,680000
2010-02-09,34.849998474121094,36.5,34.5,35.79999923706055,21.330337524414062,1136463
2010-02-10,36.099998474121094,36.900001525878906,35.75,36.650001525878906,21.8367862701416,655245
2010-02-11,36.5,36.75,35.70000076293945,36.70000076293945,21.980531692504883,1335032
2010-02-12,36.95000076293945,37.45000076293945,36.400001525878906,36.95000076293945,22.130260467529297,900100
2010-02-17,37.150001525878906,37.54999923706055,37.0,37.29999923706055,22.339885711669922,529000
2010-02-18,37.04999923706055,37.45000076293945,36.45000076293945,37.0,22.16021156311035,1593620
2010-02-19,37.0,37.29999923706055,36.70000076293945,37.29999923706055,22.339885711669922,3209000
2010-02-22,37.75,38.599998474121094,37.45000076293945,38.349998474121094,22.96875762939453,2186051
2010-02-23,39.0,39.0,38.25,38.75,23.20832633972168,1040500
2010-02-24,38.0,38.849998474121094,38.0,38.04999923706055,22.789073944091797,1068535
2010-02-25,38.04999923706055,38.75,38.0,38.150001525878906,22.84897232055664,1871700
2010-02-26,38.45000076293945,39.20000076293945,38.04999923706055,39.04999923706055,23.388002395629883,982751
2010-03-01,39.20000076293945,39.20000076293945,38.400001525878906,38.5,23.05859375,762151
2010-03-02,38.70000076293945,39.650001525878906,38.70000076293945,39.349998474121094,23.567684173583984,366000
2010-03-03,38.79999923706055,39.400001525878906,38.45000076293945,38.54999923706055,23.088542938232422,2400050
2010-03-04,38.900001525878906,39.150001525878906,38.25,38.599998474121094,23.118488311767578,1216000
2010-03-05,39.29999923706055,39.599998474121094,38.900001525878906,39.25,23.507789611816406,594677
2010-03-08,39.650001525878906,40.849998474121094,39.650001525878906,40.75,24.406177520751953,1560877
2010-03-09,40.79999923706055,40.900001525878906,40.349998474121094,40.849998474121094,24.466068267822266,1168500
2010-03-10,40.849998474121094,41.0,40.54999923706055,40.75,24.406177520751953,1119400
2010-03-11,41.0,41.0,40.650001525878906,40.849998474121094,24.466068267822266,344986
2010-03-12,41.04999923706055,41.04999923706055,40.79999923706055,40.79999923706055,24.436119079589844,302000
2010-03-15,40.849998474121094,41.0,40.599998474121094,40.75,24.406177520751953,263300
2010-03-16,40.95000076293945,41.0,40.5,40.599998474121094,24.31633949279785,690493
2010-03-17,41.29999923706055,42.95000076293945,41.0,42.5,25.45429039001465,1124935
2010-03-18,42.5,42.5,40.95000076293945,41.400001525878906,24.795473098754883,446500
2010-03-19,41.599998474121094,42.150001525878906,41.20000076293945,41.650001525878906,24.945205688476562,976308
2010-03-22,41.650001525878906,41.650001525878906,39.70000076293945,40.25,24.106714248657227,800854
2010-03-23,41.0,41.29999923706055,40.20000076293945,40.25,24.106714248657227,477140
2010-03-24,40.29999923706055,41.5,40.29999923706055,41.20000076293945,24.67569351196289,700452
2010-03-25,41.0,41.099998474121094,40.0,41.04999923706055,24.58584976196289,1000431
2010-03-26,41.099998474121094,42.5,41.04999923706055,42.20000076293945,25.27461814880371,729710
2010-03-29,42.150001525878906,42.150001525878906,41.29999923706055,41.79999923706055,25.035049438476562,448000
2010-03-30,41.900001525878906,42.25,41.599998474121094,42.04999923706055,25.18478012084961,477300
2010-03-31,41.5,41.849998474121094,41.04999923706055,41.20000076293945,24.67569351196289,983485
2010-04-01,41.900001525878906,42.29999923706055,41.25,42.20000076293945,25.27461814880371,669914
2010-04-07,43.599998474121094,43.599998474121094,42.79999923706055,43.20000076293945,25.87354278564453,1004710
2010-04-08,42.79999923706055,42.95000076293945,42.349998474121094,42.75,25.604026794433594,1152440
2010-04-09,42.45000076293945,43.0,42.45000076293945,42.900001525878906,25.693864822387695,542840
2010-04-12,42.900001525878906,42.900001525878906,42.04999923706055,42.45000076293945,25.42435073852539,229000
2010-04-13,42.45000076293945,42.650001525878906,41.5,42.0,25.15483283996582,416659
2010-04-14,42.25,42.29999923706055,41.599998474121094,41.75,25.005096435546875,407000
2010-04-15,41.900001525878906,41.900001525878906,41.20000076293945,41.45000076293945,24.825424194335938,1104324
2010-04-16,41.45000076293945,41.45000076293945,40.349998474121094,40.70000076293945,24.37623405456543,610000
2010-04-19,40.599998474121094,41.54999923706055,40.599998474121094,41.0,24.555906295776367,970226
2010-04-20,41.0,41.0,40.400001525878906,40.650001525878906,24.346282958984375,315000
2010-04-21,40.900001525878906,41.150001525878906,40.5,40.79999923706055,24.436119079589844,658000
2010-04-22,40.29999923706055,40.599998474121094,39.79999923706055,40.0,23.956985473632812,184900
2010-04-23,39.79999923706055,39.900001525878906,39.099998474121094,39.25,23.507789611816406,1014910
2010-04-26,40.900001525878906,40.900001525878906,39.900001525878906,40.349998474121094,24.16660499572754,1603000
2010-04-27,39.5,39.54999923706055,38.599998474121094,39.0,23.358055114746094,1010900
2010-04-28,38.75,39.150001525878906,38.45000076293945,38.900001525878906,23.298166275024414,984100
2010-04-29,39.5,39.5,38.20000076293945,38.75,23.20832633972168,597965
2010-04-30,39.45000076293945,39.5,38.29999923706055,38.5,23.05859375,842487
2010-05-03,38.349998474121094,38.599998474121094,38.0,38.400001525878906,22.998699188232422,533900
2010-05-04,39.25,39.45000076293945,38.29999923706055,38.650001525878906,23.148433685302734,2230380
2010-05-05,38.25,38.25,37.20000076293945,37.79999923706055,22.639341354370117,1065295
2010-05-06,37.599998474121094,37.75,36.45000076293945,37.45000076293945,22.429723739624023,2710014
2010-05-07,36.79999923706055,39.0,36.70000076293945,38.900001525878906,23.298166275024414,1694436
2010-05-10,38.900001525878906,39.20000076293945,37.599998474121094,38.599998474121094,23.118488311767578,1594400
2010-05-11,38.66600036621094,38.75,37.400001525878906,37.75,22.609399795532227,852000
2010-05-12,38.20000076293945,38.45000076293945,37.75,38.349998474121094,22.96875762939453,440937
2010-05-13,39.349998474121094,40.650001525878906,38.849998474121094,39.75,23.807249069213867,439225
2010-05-14,39.76100158691406,39.849998474121094,39.04999923706055,39.70000076293945,23.777301788330078,1266700
2010-05-17,39.150001525878906,39.650001525878906,38.400001525878906,38.849998474121094,23.268217086791992,816883
2010-05-18,38.67900085449219,39.5,38.04999923706055,38.70000076293945,23.178380966186523,1126000
2010-05-19,38.099998474121094,39.349998474121094,37.599998474121094,38.650001525878906,23.148433685302734,911500
2010-05-20,37.599998474121094,39.04999923706055,37.5,38.54999923706055,23.088542938232422,1153589
2010-05-24,38.099998474121094,39.900001525878906,37.25,39.349998474121094,23.567684173583984,773527
2010-05-25,38.20000076293945,38.5,37.04999923706055,37.95000076293945,22.729183197021484,553603
2010-05-26,37.150001525878906,37.599998474121094,36.25,36.29999923706055,21.7409610748291,1613998
2010-05-27,35.20000076293945,37.25,35.20000076293945,37.0,22.16021156311035,1158959
2010-05-28,38.0,38.0,36.79999923706055,37.04999923706055,22.19015121459961,606195
2010-05-31,37.04999923706055,37.95000076293945,36.70000076293945,37.75,22.609399795532227,823000
2010-06-01,38.0,38.099998474121094,36.45000076293945,37.25,22.309940338134766,839000
2010-06-02,38.900001525878906,38.900001525878906,37.54999923706055,37.75,22.609399795532227,650753
2010-06-03,38.349998474121094,38.349998474121094,37.349998474121094,37.650001525878906,22.549510955810547,975200
2010-06-04,37.650001525878906,39.099998474121094,37.400001525878906,38.25,22.908864974975586,1650000
2010-06-07,37.650001525878906,38.54999923706055,37.25,38.54999923706055,23.088542938232422,1439158
2010-06-08,38.54999923706055,39.04999923706055,38.400001525878906,38.5,23.05859375,901000
2010-06-09,38.75,40.79999923706055,38.25,39.400001525878906,23.597620010375977,738000
2010-06-10,38.849998474121094,39.29999923706055,38.5,38.75,23.20832633972168,814176
2010-06-11,39.0,39.70000076293945,39.0,39.650001525878906,23.747360229492188,647192
2010-06-14,39.95000076293945,40.5,39.95000076293945,40.349998474121094,24.16660499572754,460020
2010-06-15,41.0,41.0,40.0,40.099998474121094,24.01688003540039,783700
2010-06-17,41.099998474121094,41.79999923706055,39.599998474121094,40.099998474121094,24.01688003540039,823115
2010-06-18,40.099998474121094,40.5,39.95000076293945,40.25,24.106714248657227,802000
2010-06-21,40.349998474121094,42.5,40.349998474121094,42.45000076293945,25.42435073852539,855530
2010-06-22,42.5,43.0,42.20000076293945,42.5,25.45429039001465,567065
2010-06-23,42.150001525878906,42.79999923706055,41.70000076293945,42.650001525878906,25.544137954711914,545680
2010-06-24,42.900001525878906,42.900001525878906,42.0,42.45000076293945,25.42435073852539,625530
2010-06-25,42.45000076293945,42.900001525878906,42.150001525878906,42.400001525878906,25.3944034576416,1336470
2010-06-28,42.5,42.95000076293945,42.45000076293945,42.5,25.45429039001465,315521
2010-06-29,42.5,42.70000076293945,41.70000076293945,42.400001525878906,25.3944034576416,907051
2010-06-30,41.849998474121094,42.45000076293945,41.20000076293945,42.29999923706055,25.334508895874023,1388350
2010-07-02,42.29999923706055,42.5,40.900001525878906,42.150001525878906,25.24466896057129,1352472
2010-07-05,42.150001525878906,42.150001525878906,41.25,41.75,25.005096435546875,201000
2010-07-06,41.5,43.04999923706055,41.5,42.900001525878906,25.693864822387695,454473
2010-07-07,43.79999923706055,43.79999923706055,42.5,42.54999923706055,25.48423957824707,467000
2010-07-08,43.599998474121094,43.79999923706055,42.04999923706055,42.5,25.45429039001465,363200
2010-07-09,42.75,43.599998474121094,42.0,43.20000076293945,25.87354278564453,765000
2010-07-12,43.099998474121094,43.400001525878906,42.79999923706055,43.29999923706055,25.933433532714844,222172
2010-07-13,43.400001525878906,43.599998474121094,43.099998474121094,43.29999923706055,25.933433532714844,522824
2010-07-14,42.900001525878906,44.400001525878906,42.900001525878906,43.900001525878906,26.292789459228516,203000
2010-07-15,44.5,44.5,43.75,44.04999923706055,26.38262939453125,344812
2010-07-16,44.20000076293945,44.20000076293945,43.70000076293945,44.0,26.352680206298828,182465
2010-07-19,43.70000076293945,43.849998474121094,43.70000076293945,43.75,26.20294952392578,288000
2010-07-20,43.849998474121094,46.04999923706055,43.849998474121094,45.04999923706055,26.98154640197754,801707
2010-07-21,45.0,45.95000076293945,44.20000076293945,44.79999923706055,26.831819534301758,642666
2010-07-22,45.79999923706055,45.79999923706055,44.20000076293945,45.5,27.251066207885742,527000
2010-07-23,45.75,46.20000076293945,45.54999923706055,46.099998474121094,27.61041831970215,557666
2010-07-26,45.900001525878906,46.849998474121094,45.79999923706055,46.20000076293945,27.670318603515625,901821
2010-07-27,46.79999923706055,46.79999923706055,45.650001525878906,45.900001525878906,27.49063491821289,1375401
2010-07-28,45.79999923706055,46.599998474121094,44.95000076293945,45.45000076293945,27.221120834350586,524531
2010-07-29,45.900001525878906,45.900001525878906,44.54999923706055,44.900001525878906,26.8917179107666,800528
2010-07-30,44.900001525878906,45.75,44.400001525878906,45.599998474121094,27.31096076965332,1318000
2010-08-02,46.150001525878906,47.0,45.650001525878906,46.79999923706055,28.0296688079834,1014200
2010-08-03,47.04999923706055,47.5,45.5,45.79999923706055,27.430744171142578,962087
2010-08-04,45.900001525878906,48.25,45.79999923706055,47.20000076293945,28.269237518310547,1980125
2010-08-05,47.04999923706055,47.599998474121094,46.150001525878906,46.349998474121094,27.76015281677246,1848898
2010-08-06,46.45000076293945,46.5,45.5,45.849998474121094,27.460689544677734,1156812
2010-08-09,45.400001525878906,46.20000076293945,45.400001525878906,45.75,27.400800704956055,368812
2010-08-10,46.20000076293945,46.20000076293945,45.25,45.29999923706055,27.13128089904785,886000
2010-08-11,45.599998474121094,46.099998474121094,44.75,45.150001525878906,27.04144287109375,2282714
2010-08-12,45.5,45.5,44.150001525878906,44.95000076293945,26.92165756225586,2257405
2010-08-13,45.04999923706055,45.95000076293945,44.900001525878906,45.45000076293945,27.221120834350586,1174407
2010-08-16,45.349998474121094,45.400001525878906,44.400001525878906,44.900001525878906,26.8917179107666,891535
2010-08-17,45.20000076293945,45.20000076293945,44.5,44.70000076293945,26.77193260192871,610656
2010-08-18,46.0,46.0,44.79999923706055,44.849998474121094,26.86176872253418,780000
2010-08-19,44.95000076293945,45.70000076293945,44.54999923706055,45.20000076293945,27.071393966674805,1322748
2010-08-20,45.25,45.5,44.54999923706055,45.04999923706055,26.98154640197754,379476
2010-08-23,45.75,46.0,44.79999923706055,45.95000076293945,27.520587921142578,647900
2010-08-24,46.0,46.0,45.54999923706055,45.95000076293945,27.520587921142578,723190
2010-08-25,45.54999923706055,47.29999923706055,45.54999923706055,46.54999923706055,27.879934310913086,898600
2010-08-26,47.5,47.5,45.849998474121094,46.150001525878906,27.64037322998047,1667020
2010-08-27,45.849998474121094,45.849998474121094,45.04999923706055,45.20000076293945,27.071393966674805,1343782
2010-08-30,45.45000076293945,45.900001525878906,45.25,45.70000076293945,27.37085723876953,970588
2010-08-31,45.29999923706055,46.95000076293945,45.20000076293945,46.5,27.849990844726562,2043140
2010-09-01,47.0,47.95000076293945,46.95000076293945,47.650001525878906,28.538761138916016,2381351
2010-09-02,48.20000076293945,48.400001525878906,47.349998474121094,47.79999923706055,28.628597259521484,1449499
2010-09-03,47.900001525878906,48.70000076293945,47.599998474121094,48.20000076293945,28.868167877197266,1007400
2010-09-06,48.400001525878906,48.75,48.150001525878906,48.70000076293945,29.167633056640625,675235
2010-09-07,49.0,49.20000076293945,48.20000076293945,48.70000076293945,29.167633056640625,230500
2010-09-08,48.150001525878906,48.849998474121094,47.349998474121094,47.900001525878906,28.688486099243164,1022000
2010-09-09,47.75,48.45000076293945,47.20000076293945,47.650001525878906,28.538761138916016,910000
2010-09-10,47.70000076293945,48.54999923706055,47.70000076293945,48.400001525878906,28.987951278686523,778300
2010-09-13,48.849998474121094,49.900001525878906,48.29999923706055,49.75,29.796489715576172,1245042
2010-09-14,49.599998474121094,49.95000076293945,49.150001525878906,49.75,29.796489715576172,484708
2010-09-15,49.75,50.5,49.400001525878906,50.0,29.946229934692383,446300
2010-09-16,51.0,51.0,49.150001525878906,49.20000076293945,29.467090606689453,752225
2010-09-17,49.75,50.599998474121094,49.25,49.849998474121094,29.856393814086914,779238
2010-09-20,49.849998474121094,50.400001525878906,49.849998474121094,50.400001525878906,30.185800552368164,369800
2010-09-21,51.20000076293945,51.20000076293945,50.54999923706055,50.900001525878906,30.485260009765625,555200
2010-09-22,50.400001525878906,51.45000076293945,50.400001525878906,50.900001525878906,30.485260009765625,1262365
2010-09-24,50.400001525878906,50.75,49.54999923706055,50.29999923706055,30.12589454650879,1377250
2010-09-27,51.75,51.75,49.75,49.75,29.796489715576172,1553598
2010-09-28,50.099998474121094,50.150001525878906,49.400001525878906,49.650001525878906,29.736608505249023,946000
2010-09-29,48.849998474121094,49.900001525878906,48.849998474121094,49.849998474121094,29.856393814086914,618000
2010-09-30,50.45000076293945,51.45000076293945,49.45000076293945,50.650001525878906,30.33552360534668,1249935
2010-10-04,50.70000076293945,52.0,50.70000076293945,51.29999923706055,30.72482681274414,575671
2010-10-05,51.0,51.45000076293945,50.099998474121094,50.849998474121094,30.4553165435791,1010497
2010-10-06,51.70000076293945,51.849998474121094,51.400001525878906,51.79999923706055,31.024282455444336,983703
2010-10-07,52.0,52.25,51.349998474121094,51.95000076293945,31.1141300201416,233100
2010-10-08,52.900001525878906,52.900001525878906,51.54999923706055,52.150001525878906,31.233915328979492,495067
2010-10-11,53.0,53.400001525878906,52.45000076293945,53.150001525878906,31.83283805847168,461636
2010-10-12,53.150001525878906,53.400001525878906,53.099998474121094,53.29999923706055,31.92267608642578,1357847
2010-10-13,54.0,54.0,52.0,53.75,32.19219970703125,1182183
2010-10-14,54.29999923706055,54.5,53.099998474121094,53.5,32.38591384887695,773585
2010-10-15,53.95000076293945,53.95000076293945,52.400001525878906,53.0,32.0832405090332,437295
2010-10-18,53.0,53.0,52.04999923706055,52.150001525878906,31.56869125366211,859000
2010-10-19,52.25,52.599998474121094,51.650001525878906,51.849998474121094,31.3870906829834,1196316
2010-10-20,51.20000076293945,51.849998474121094,51.20000076293945,51.75,31.32655906677246,788350
2010-10-21,51.95000076293945,52.20000076293945,51.75,51.900001525878906,31.417354583740234,802952
2010-10-22,51.900001525878906,52.70000076293945,51.900001525878906,52.349998474121094,31.68976402282715,532000
2010-10-25,52.04999923706055,52.20000076293945,50.20000076293945,51.849998474121094,31.3870906829834,881211
2010-10-26,51.650001525878906,52.150001525878906,51.45000076293945,51.5,31.175216674804688,469220
2010-10-27,51.400001525878906,53.79999923706055,51.400001525878906,53.29999923706055,32.26483917236328,1029000
2010-10-28,53.04999923706055,54.0,51.75,51.79999923706055,31.3568115234375,763970
2010-10-29,53.04999923706055,54.0,50.79999923706055,51.45000076293945,31.144943237304688,1087540
2010-11-01,51.45000076293945,53.5,51.29999923706055,52.5,31.78056526184082,470786
2010-11-02,53.79999923706055,53.79999923706055,52.25,53.150001525878906,32.17403793334961,713000
2010-11-03,53.45000076293945,53.79999923706055,52.5,53.45000076293945,32.35563659667969,903754
2010-11-04,53.79999923706055,54.5,53.25,54.099998474121094,32.749107360839844,1261920
2010-11-05,54.25,54.25,51.5,51.79999923706055,31.3568115234375,781413
2010-11-08,52.349998474121094,52.349998474121094,51.29999923706055,51.95000076293945,31.447620391845703,905000
2010-11-09,52.20000076293945,52.599998474121094,51.95000076293945,52.25,31.629226684570312,849085
2010-11-10,52.79999923706055,52.79999923706055,51.0,51.20000076293945,30.993610382080078,1003819
2010-11-11,51.79999923706055,51.79999923706055,50.95000076293945,51.04999923706055,30.902812957763672,893431
2010-11-12,50.400001525878906,51.0,49.5,50.04999923706055,30.297468185424805,1433000
2010-11-15,50.45000076293945,51.70000076293945,50.0,50.79999923706055,30.75147819519043,912000
2010-11-16,51.20000076293945,51.20000076293945,49.79999923706055,50.400001525878906,30.50933837890625,977000
2010-11-17,50.599998474121094,51.25,49.900001525878906,50.0,30.267202377319336,669002
2010-11-18,50.599998474121094,51.0,50.04999923706055,50.70000076293945,30.690946578979492,519663
2010-11-19,51.0,51.099998474121094,49.29999923706055,49.75,30.115861892700195,821893
2010-11-22,49.20000076293945,49.79999923706055,48.650001525878906,49.04999923706055,29.69212532043457,661000
2010-11-23,48.775001525878906,49.400001525878906,47.900001525878906,48.04999923706055,29.086782455444336,900532
2010-11-24,48.45000076293945,48.75,47.900001525878906,48.25,29.20785140991211,607000
2010-11-25,48.75,48.75,47.650001525878906,48.0,29.056514739990234,601572
2010-11-26,47.650001525878906,47.70000076293945,46.75,47.349998474121094,28.663034439086914,764000
2010-11-29,47.400001525878906,48.5,47.150001525878906,48.400001525878906,29.298660278320312,695030
2010-11-30,48.599998474121094,50.29999923706055,48.5,49.849998474121094,30.17640495300293,1412387
2010-12-01,50.0,50.04999923706055,49.349998474121094,50.0,30.267202377319336,653755
2010-12-02,50.5,51.20000076293945,50.150001525878906,51.150001525878906,30.96334457397461,1231449
2010-12-03,50.95000076293945,51.29999923706055,50.150001525878906,50.75,30.72121810913086,725798
2010-12-06,50.79999923706055,50.849998474121094,50.099998474121094,50.099998474121094,30.32772445678711,390819
2010-12-07,50.099998474121094,50.599998474121094,49.5,50.54999923706055,30.600133895874023,415000
2010-12-08,50.29999923706055,51.349998474121094,50.29999923706055,51.25,31.023880004882812,1494000
2010-12-09,51.349998474121094,51.349998474121094,49.599998474121094,50.150001525878906,30.357999801635742,536000
2010-12-10,50.400001525878906,50.599998474121094,49.54999923706055,50.45000076293945,30.53960418701172,259000
2010-12-13,50.5,52.150001525878906,49.75,52.150001525878906,31.56869125366211,2123194
2010-12-14,52.0,52.150001525878906,51.5,51.75,31.32655906677246,1425584
2010-12-15,51.599998474121094,51.599998474121094,50.20000076293945,50.54999923706055,30.600133895874023,1507519
2010-12-16,50.54999923706055,51.5,49.95000076293945,50.04999923706055,30.297468185424805,1045143
2010-12-17,51.75,51.75,50.20000076293945,50.900001525878906,30.812015533447266,1580395
2010-12-20,51.0,51.5,50.150001525878906,50.849998474121094,30.781749725341797,963130
2010-12-21,51.75,52.0,51.650001525878906,51.70000076293945,31.296287536621094,497379
2010-12-22,51.45000076293945,51.95000076293945,51.400001525878906,51.95000076293945,31.447620391845703,601000
2010-12-23,51.75,51.95000076293945,51.599998474121094,51.849998474121094,31.3870906829834,261400
2010-12-24,51.599998474121094,51.599998474121094,51.599998474121094,51.599998474121094,31.23575210571289,3000
2010-12-28,51.599998474121094,51.650001525878906,50.54999923706055,51.0,30.872549057006836,338000
2010-12-29,51.25,52.0,51.25,51.95000076293945,31.447620391845703,240059
2010-12-30,51.95000076293945,52.400001525878906,51.95000076293945,52.25,31.629226684570312,511500
2010-12-31,52.20000076293945,52.25,51.0,51.099998474121094,30.933082580566406,588000
2011-01-03,51.20000076293945,52.599998474121094,51.099998474121094,52.29999923706055,31.65949249267578,414375
2011-01-04,53.0,53.0,52.349998474121094,52.349998474121094,31.68976402282715,325322
2011-01-05,52.349998474121094,52.75,52.150001525878906,52.599998474121094,31.841089248657227,559300
2011-01-06,53.5,53.5,52.29999923706055,52.95000076293945,32.05296325683594,1309023
2011-01-07,53.20000076293945,53.20000076293945,52.29999923706055,52.95000076293945,32.05296325683594,568900
2011-01-10,52.349998474121094,52.95000076293945,52.150001525878906,52.29999923706055,31.65949249267578,1831000
2011-01-11,52.70000076293945,52.70000076293945,52.099998474121094,52.400001525878906,31.720029830932617,271000
2011-01-12,52.75,52.79999923706055,52.150001525878906,52.349998474121094,31.68976402282715,2012169
2011-01-13,54.95000076293945,54.95000076293945,51.650001525878906,53.150001525878906,32.17403793334961,1619475
2011-01-14,53.150001525878906,53.150001525878906,51.599998474121094,52.0,31.47789192199707,545000
2011-01-17,51.95000076293945,51.95000076293945,51.29999923706055,51.349998474121094,31.08441734313965,225111
2011-01-18,51.650001525878906,51.95000076293945,50.650001525878906,51.04999923706055,30.902812957763672,470468
2011-01-19,51.70000076293945,52.349998474121094,51.099998474121094,51.75,31.32655906677246,810450
2011-01-20,51.70000076293945,51.70000076293945,50.79999923706055,51.0,30.872549057006836,520000
2011-01-21,51.0,51.349998474121094,50.25,51.20000076293945,30.993610382080078,302000
2011-01-24,51.29999923706055,51.900001525878906,50.70000076293945,51.0,30.872549057006836,405393
2011-01-25,51.45000076293945,51.45000076293945,50.0,50.25,30.418537139892578,297625
2011-01-26,50.5,51.25,49.5,50.75,30.72121810913086,473820
2011-01-27,51.0,51.0,49.95000076293945,50.04999923706055,30.297468185424805,285457
2011-01-28,50.5,50.95000076293945,48.79999923706055,49.5,29.96453094482422,563603
2011-01-31,49.0,49.900001525878906,48.599998474121094,49.25,29.81319236755371,339344
2011-02-01,49.25,49.79999923706055,49.04999923706055,49.5,29.96453094482422,384000
2011-02-02,49.5,49.5,48.900001525878906,49.099998474121094,29.722387313842773,1144000
2011-02-07,49.27799987792969,48.900001525878906,47.5,48.0,29.056514739990234,1361935
2011-02-08,47.20000076293945,48.75,46.45000076293945,46.75,28.299833297729492,2033587
2011-02-09,46.5,46.5,45.29999923706055,45.79999923706055,27.724756240844727,946763
2011-02-10,45.400001525878906,46.04999923706055,44.79999923706055,45.099998474121094,27.41474151611328,712052
2011-02-11,45.099998474121094,45.849998474121094,44.70000076293945,45.04999923706055,27.38434410095215,3258189
2011-02-14,45.79999923706055,45.79999923706055,44.20000076293945,45.349998474121094,27.566707611083984,477784
2011-02-15,45.54999923706055,45.70000076293945,44.70000076293945,45.04999923706055,27.38434410095215,421000
2011-02-16,45.79999923706055,45.849998474121094,45.0,45.70000076293945,27.77947425842285,532000
2011-02-17,45.70000076293945,46.900001525878906,45.20000076293945,46.75,28.417722702026367,617000
2011-02-18,46.5,47.599998474121094,46.0,47.45000076293945,28.843233108520508,484000
2011-02-21,47.900001525878906,47.900001525878906,46.599998474121094,46.900001525878906,28.50890350341797,805000
2011-02-22,46.900001525878906,47.0,45.70000076293945,46.04999923706055,27.99222183227539,532000
2011-02-23,45.79999923706055,46.20000076293945,45.29999923706055,45.599998474121094,27.718673706054688,453765
2011-02-24,45.70000076293945,45.900001525878906,44.79999923706055,45.54999923706055,27.688276290893555,459049
2011-02-25,45.650001525878906,46.599998474121094,45.349998474121094,46.20000076293945,28.083406448364258,971512
2011-02-28,46.20000076293945,47.75,45.54999923706055,47.20000076293945,28.691265106201172,1185696
2011-03-01,47.099998474121094,48.099998474121094,47.099998474121094,47.75,29.02558708190918,910853
2011-03-02,48.45000076293945,48.45000076293945,47.25,48.099998474121094,29.23833656311035,1067100
2011-03-03,48.349998474121094,48.349998474121094,47.5,47.75,29.02558708190918,417286
2011-03-04,49.0,49.0,48.0,48.400001525878906,29.42070960998535,401125
2011-03-07,49.0,49.0,47.849998474121094,48.400001525878906,29.42070960998535,361000
2011-03-08,48.54999923706055,49.20000076293945,48.20000076293945,48.70000076293945,29.60306739807129,372237
2011-03-09,49.70000076293945,50.0,49.349998474121094,49.849998474121094,30.302112579345703,486000
2011-03-10,50.29999923706055,50.400001525878906,48.29999923706055,49.349998474121094,29.998180389404297,684999
2011-03-11,48.900001525878906,49.0,47.5,48.0,29.17755699157715,448724
2011-03-14,47.75,48.099998474121094,47.25,47.849998474121094,29.08637809753418,533000
2011-03-15,47.849998474121094,47.849998474121094,44.0,44.70000076293945,27.17159652709961,1138014
2011-03-16,45.650001525878906,46.54999923706055,44.349998474121094,46.0,27.961824417114258,1640800
2011-03-17,45.29999923706055,46.29999923706055,44.29999923706055,45.900001525878906,27.901039123535156,833000
2011-03-18,46.20000076293945,46.650001525878906,45.900001525878906,46.150001525878906,28.053007125854492,1413000
2011-03-21,46.79999923706055,47.349998474121094,46.400001525878906,47.20000076293945,28.691265106201172,322277
2011-03-22,48.599998474121094,48.599998474121094,46.150001525878906,46.79999923706055,28.44811248779297,806129
2011-03-23,46.29999923706055,47.54999923706055,46.29999923706055,47.54999923706055,28.904010772705078,388236
2011-03-24,47.54999923706055,47.599998474121094,46.75,47.20000076293945,28.691265106201172,447000
2011-03-25,47.45000076293945,48.0,47.45000076293945,47.599998474121094,28.934402465820312,301012
2011-03-28,47.45000076293945,48.45000076293945,47.400001525878906,47.70000076293945,28.995193481445312,338000
2011-03-29,47.45000076293945,48.400001525878906,47.20000076293945,47.5,28.873620986938477,429620
2011-03-30,47.5,48.650001525878906,47.29999923706055,47.95000076293945,29.147159576416016,833000
2011-03-31,47.95000076293945,48.75,47.95000076293945,48.150001525878906,29.268739700317383,1769500
2011-04-01,48.25,49.599998474121094,48.25,49.150001525878906,29.876602172851562,605003
2011-04-04,49.150001525878906,50.20000076293945,49.20000076293945,49.75,30.24131965637207,877900
2011-04-06,52.79999923706055,52.79999923706055,50.5,51.5,31.305084228515625,1691330
2011-04-07,51.599998474121094,51.900001525878906,51.400001525878906,51.599998474121094,31.365877151489258,1072285
2011-04-08,52.0,52.75,51.95000076293945,52.70000076293945,32.03453063964844,1832225
2011-04-11,52.70000076293945,53.45000076293945,52.70000076293945,53.04999923706055,32.247276306152344,1040915
2011-04-12,53.25,53.25,51.849998474121094,52.25,31.760982513427734,1205337
2011-04-13,52.650001525878906,53.29999923706055,52.599998474121094,52.79999923706055,32.09531021118164,836202
2011-04-14,52.349998474121094,53.45000076293945,52.150001525878906,52.25,31.760982513427734,547000
2011-04-15,53.349998474121094,53.349998474121094,52.70000076293945,53.0,32.216888427734375,850705
2011-04-18,53.400001525878906,53.45000076293945,52.75,53.20000076293945,32.33846664428711,421149
2011-04-19,53.29999923706055,53.29999923706055,51.04999923706055,51.29999923706055,31.183513641357422,903786
2011-04-20,51.5,52.29999923706055,51.0,52.0,31.60902214050293,976040
2011-04-21,52.04999923706055,52.04999923706055,50.849998474121094,51.0,31.001155853271484,767000
2011-04-26,50.45000076293945,50.599998474121094,49.900001525878906,50.150001525878906,30.484468460083008,899145
2011-04-27,50.45000076293945,51.599998474121094,50.099998474121094,50.400001525878906,30.636436462402344,945434
2011-04-28,50.5,51.95000076293945,50.5,51.75,31.45705795288086,750042
2011-04-29,51.849998474121094,52.5,51.79999923706055,52.29999923706055,31.791379928588867,768000
2011-05-03,53.400001525878906,53.400001525878906,52.599998474121094,52.900001525878906,32.156097412109375,1554338
2011-05-04,52.400001525878906,52.599998474121094,51.75,51.849998474121094,31.517841339111328,559802
2011-05-05,52.29999923706055,52.79999923706055,52.0,52.54999923706055,31.94334602355957,1078802
2011-05-06,52.29999923706055,53.04999923706055,51.79999923706055,53.0,32.216888427734375,1485000
2011-05-09,53.150001525878906,53.95000076293945,53.099998474121094,53.79999923706055,32.70317459106445,708000
2011-05-11,54.70000076293945,54.70000076293945,52.0,52.29999923706055,31.791379928588867,889102
2011-05-12,52.0,52.0,51.0,51.04999923706055,31.031545639038086,809107
2011-05-13,51.5,52.45000076293945,51.25,52.150001525878906,31.70020294189453,386000
2011-05-16,51.400001525878906,52.20000076293945,50.400001525878906,50.45000076293945,30.666826248168945,329000
2011-05-17,51.20000076293945,52.0,50.95000076293945,51.79999923706055,31.487438201904297,1606730
2011-05-18,52.349998474121094,53.150001525878906,52.04999923706055,52.04999923706055,31.639408111572266,845730
2011-05-19,52.0,52.04999923706055,51.25,51.650001525878906,31.396270751953125,1042000
2011-05-20,51.75,51.900001525878906,50.900001525878906,51.0,31.001155853271484,945697
2011-05-23,51.70000076293945,51.70000076293945,50.25,50.599998474121094,30.75800895690918,327000
2011-05-24,51.900001525878906,51.900001525878906,50.75,51.04999923706055,31.031545639038086,1271177
2011-05-25,51.29999923706055,51.54999923706055,49.900001525878906,49.95000076293945,30.36290740966797,1077479
2011-05-26,50.04999923706055,50.70000076293945,50.0,50.45000076293945,30.666826248168945,847000
2011-05-27,50.0,50.849998474121094,49.70000076293945,50.599998474121094,30.75800895690918,1163000
2011-05-30,50.45000076293945,50.45000076293945,49.54999923706055,50.400001525878906,30.636436462402344,620400
2011-05-31,50.900001525878906,50.900001525878906,50.04999923706055,50.400001525878906,30.636436462402344,3522892
2011-06-01,50.400001525878906,52.75,50.099998474121094,52.5,31.912952423095703,1704891
2011-06-02,51.900001525878906,52.45000076293945,51.70000076293945,51.95000076293945,31.578622817993164,1567592
2011-06-03,53.5,53.5,51.0,51.150001525878906,31.092330932617188,1160190
2011-06-07,51.25,51.25,50.099998474121094,50.150001525878906,30.484468460083008,1037033
2011-06-08,50.400001525878906,50.400001525878906,48.150001525878906,48.79999923706055,29.663848876953125,1256000
2011-06-09,48.54999923706055,49.5,48.400001525878906,49.25,29.937387466430664,393670
2011-06-10,49.54999923706055,49.54999923706055,47.900001525878906,47.95000076293945,29.147159576416016,346765
2011-06-13,47.599998474121094,48.0,47.29999923706055,47.849998474121094,29.08637809753418,251447
2011-06-14,47.849998474121094,48.54999923706055,47.849998474121094,48.04999923706055,29.207950592041016,802600
2011-06-15,48.400001525878906,48.75,47.349998474121094,47.54999923706055,28.904010772705078,371693
2011-06-16,47.099998474121094,47.849998474121094,46.849998474121094,47.5,28.873620986938477,345000
2011-06-17,47.5,48.45000076293945,46.5,46.849998474121094,28.478504180908203,966924
2011-06-20,47.099998474121094,47.45000076293945,46.400001525878906,46.849998474121094,28.478504180908203,457308
2011-06-21,47.70000076293945,48.29999923706055,46.95000076293945,47.25,28.721654891967773,796704
2011-06-22,47.79999923706055,48.70000076293945,47.25,47.599998474121094,28.934402465820312,959827
2011-06-23,47.5,48.099998474121094,47.0,47.349998474121094,28.782438278198242,1032744
2011-06-24,47.099998474121094,48.5,47.099998474121094,48.099998474121094,29.23833656311035,874655
2011-06-27,48.29999923706055,48.5,47.29999923706055,48.20000076293945,29.299131393432617,367300
2011-06-28,48.400001525878906,48.5,47.650001525878906,47.849998474121094,29.08637809753418,555220
2011-06-29,47.900001525878906,48.20000076293945,47.349998474121094,47.599998474121094,28.934402465820312,690000
2011-06-30,48.150001525878906,49.29999923706055,47.54999923706055,49.29999923706055,29.967784881591797,595656
2011-07-04,50.95000076293945,51.79999923706055,50.04999923706055,50.650001525878906,30.788400650024414,636544
2011-07-05,50.45000076293945,50.5,50.099998474121094,50.45000076293945,30.666826248168945,472202
2011-07-06,50.599998474121094,51.099998474121094,50.25,50.849998474121094,30.90997886657715,489965
2011-07-07,50.849998474121094,50.849998474121094,49.29999923706055,49.349998474121094,29.998180389404297,708900
2011-07-08,49.5,50.599998474121094,49.20000076293945,50.04999923706055,30.42367935180664,206618
2011-07-11,50.70000076293945,50.70000076293945,49.5,49.75,30.24131965637207,181000
2011-07-12,49.45000076293945,49.45000076293945,48.099998474121094,48.5,29.481491088867188,565097
2011-07-13,48.5,48.5,47.900001525878906,48.29999923706055,29.35991668701172,417834
2011-07-14,48.5,48.5,48.150001525878906,48.20000076293945,29.299131393432617,230000
2011-07-15,48.29999923706055,48.900001525878906,48.0,48.29999923706055,29.35991668701172,288000
2011-07-18,48.0,48.900001525878906,48.0,48.25,29.329526901245117,504493
2011-07-19,48.349998474121094,48.349998474121094,47.79999923706055,48.04999923706055,29.207950592041016,1183500
2011-07-20,48.25,48.650001525878906,47.900001525878906,48.25,29.329526901245117,499400
2011-07-21,48.0,48.5,47.29999923706055,47.650001525878906,28.964799880981445,955181
2011-07-22,47.79999923706055,48.20000076293945,47.75,48.0,29.17755699157715,412000
2011-07-25,47.900001525878906,48.0,47.349998474121094,47.70000076293945,28.995193481445312,602000
2011-07-26,47.70000076293945,48.29999923706055,47.650001525878906,48.29999923706055,29.35991668701172,425000
2011-07-27,48.25,48.29999923706055,47.900001525878906,48.0,29.17755699157715,491000
2011-07-28,47.79999923706055,48.099998474121094,47.79999923706055,48.04999923706055,29.207950592041016,387615
2011-07-29,47.70000076293945,48.04999923706055,46.900001525878906,46.900001525878906,28.50890350341797,990217
2011-08-01,47.20000076293945,48.54999923706055,47.20000076293945,48.29999923706055,29.35991668701172,371958
2011-08-02,48.349998474121094,49.849998474121094,48.0,49.54999923706055,30.119739532470703,1424000
2011-08-03,48.849998474121094,50.349998474121094,48.599998474121094,50.0,30.393287658691406,931500
2011-08-04,50.79999923706055,50.79999923706055,49.599998474121094,49.900001525878906,30.33249855041504,1210920
2011-08-05,48.599998474121094,48.599998474121094,46.599998474121094,47.849998474121094,29.08637809753418,1923295
2011-08-08,46.79999923706055,47.5,46.54999923706055,47.099998474121094,28.630477905273438,1423013
2011-08-09,46.650001525878906,46.95000076293945,43.099998474121094,44.599998474121094,27.110811233520508,1257143
2011-08-10,45.54999923706055,46.25,45.150001525878906,45.400001525878906,27.59711265563965,814382
2011-08-11,43.5,44.650001525878906,43.45000076293945,44.0,26.746089935302734,1300237
2011-08-12,44.20000076293945,44.5,43.150001525878906,43.95000076293945,26.715702056884766,1108316
2011-08-15,44.599998474121094,45.20000076293945,44.150001525878906,44.400001525878906,26.989240646362305,474500
2011-08-16,44.150001525878906,44.79999923706055,43.349998474121094,44.20000076293945,26.867664337158203,704000
2011-08-17,44.5,44.95000076293945,43.849998474121094,44.20000076293945,26.867664337158203,478818
2011-08-18,44.5,45.0,43.75,43.900001525878906,26.685304641723633,636662
2011-08-19,43.5,43.5,42.25,42.400001525878906,25.77351188659668,397451
2011-08-22,42.95000076293945,42.95000076293945,42.150001525878906,42.599998474121094,25.89507484436035,575533
2011-08-23,42.650001525878906,44.29999923706055,42.599998474121094,44.04999923706055,26.776487350463867,603800
2011-08-24,44.150001525878906,44.900001525878906,43.650001525878906,44.0,26.746089935302734,821000
2011-08-25,45.0,45.75,44.04999923706055,44.20000076293945,26.867664337158203,830800
2011-08-26,44.54999923706055,45.5,44.0,44.54999923706055,27.08041763305664,332000
2011-08-29,44.849998474121094,45.349998474121094,44.650001525878906,44.650001525878906,27.14120864868164,365192
2011-08-30,45.900001525878906,45.95000076293945,45.0,45.04999923706055,27.38434410095215,405000
2011-08-31,45.04999923706055,45.900001525878906,44.79999923706055,45.5,27.65789222717285,915851
2011-09-01,46.29999923706055,46.79999923706055,45.75,45.900001525878906,27.901039123535156,681976
2011-09-02,46.25,46.599998474121094,44.599998474121094,44.849998474121094,27.262775421142578,437525
2011-09-05,45.0,46.0,43.599998474121094,44.25,26.898059844970703,929775
2011-09-06,43.95000076293945,44.400001525878906,43.45000076293945,44.150001525878906,26.83727264404297,502000
2011-09-07,44.5,45.70000076293945,44.5,45.349998474121094,27.566707611083984,522486
2011-09-08,45.849998474121094,45.849998474121094,45.0,45.599998474121094,27.718673706054688,98090
2011-09-09,45.849998474121094,46.29999923706055,45.400001525878906,45.900001525878906,27.901039123535156,338000
2011-09-12,45.95000076293945,46.349998474121094,43.54999923706055,43.650001525878906,26.533340454101562,667000
2011-09-14,45.099998474121094,45.099998474121094,42.04999923706055,42.25,25.682323455810547,1035246
2011-09-15,42.349998474121094,43.25,42.04999923706055,42.25,25.682323455810547,577001
2011-09-16,43.099998474121094,43.25,40.75,40.75,24.77052879333496,1116447
2011-09-19,40.75,40.95000076293945,40.150001525878906,40.849998474121094,24.831314086914062,870893
2011-09-20,41.0,41.849998474121094,40.650001525878906,41.04999923706055,24.9528865814209,651611
2011-09-21,41.04999923706055,41.04999923706055,38.70000076293945,39.900001525878906,24.253849029541016,1097460
2011-09-22,38.95000076293945,39.0,37.95000076293945,38.650001525878906,23.494014739990234,807008
2011-09-23,38.95000076293945,40.75,38.900001525878906,40.349998474121094,24.527381896972656,1783250
2011-09-26,40.349998474121094,41.79999923706055,38.900001525878906,39.54999923706055,24.04109001159668,1320583
2011-09-27,40.400001525878906,41.29999923706055,39.650001525878906,40.54999923706055,24.648954391479492,879417
2011-09-28,40.0,40.95000076293945,39.20000076293945,39.400001525878906,23.949905395507812,1293450
2011-09-30,43.400001525878906,44.400001525878906,38.849998474121094,39.849998474121094,24.22344970703125,3812532
2011-10-03,39.20000076293945,39.20000076293945,37.79999923706055,38.25,23.250864028930664,1731373
2011-10-04,37.79999923706055,37.95000076293945,36.20000076293945,36.54999923706055,22.217485427856445,2204659
2011-10-06,37.599998474121094,41.599998474121094,37.599998474121094,39.349998474121094,23.919517517089844,1891267
2011-10-07,39.51300048828125,41.70000076293945,39.5,41.0,24.922494888305664,667000
2011-10-10,42.0,42.900001525878906,41.0,42.04999923706055,25.56075668334961,699603
2011-10-11,43.29999923706055,43.29999923706055,42.0,42.5,25.83428955078125,1111000
2011-10-12,41.900001525878906,44.099998474121094,41.900001525878906,44.0,26.746089935302734,1214889
2011-10-13,44.150001525878906,45.349998474121094,44.150001525878906,45.20000076293945,27.47553253173828,955000
2011-10-14,45.150001525878906,45.849998474121094,44.45000076293945,45.79999923706055,27.84025001525879,467000
2011-10-17,46.75,47.0,45.79999923706055,47.0,28.569692611694336,901223
2011-10-18,47.0,49.650001525878906,44.400001525878906,44.95000076293945,27.323566436767578,986000
2011-10-19,45.29999923706055,46.0,44.400001525878906,45.400001525878906,27.59711265563965,1022000
2011-10-20,46.099998474121094,46.099998474121094,43.54999923706055,43.75,26.93226432800293,542000
2011-10-21,44.29999923706055,44.400001525878906,42.599998474121094,43.25,26.624469757080078,402355
2011-10-24,43.650001525878906,46.54999923706055,43.650001525878906,45.45000076293945,27.978782653808594,712716
2011-10-25,45.04999923706055,46.900001525878906,45.0,46.70000076293945,28.748268127441406,470080
2011-10-26,46.599998474121094,46.599998474121094,45.04999923706055,46.099998474121094,28.378908157348633,611000
2011-10-27,45.900001525878906,46.70000076293945,45.900001525878906,46.650001525878906,28.717485427856445,481100
2011-10-28,47.150001525878906,49.45000076293945,47.0,49.04999923706055,30.194913864135742,758184
2011-10-31,47.599998474121094,49.79999923706055,47.29999923706055,47.70000076293945,29.363868713378906,1292329
2011-11-01,46.599998474121094,48.599998474121094,46.599998474121094,47.849998474121094,29.456193923950195,1021653
2011-11-02,47.5,48.0,46.650001525878906,47.599998474121094,29.30230140686035,1669000
2011-11-03,47.75,47.75,45.95000076293945,46.099998474121094,28.378908157348633,1326530
2011-11-04,47.04999923706055,48.349998474121094,47.0,47.75,29.394641876220703,924000
2011-11-07,47.95000076293945,49.150001525878906,47.95000076293945,48.599998474121094,29.917884826660156,631114
2011-11-08,49.0,49.0,48.04999923706055,48.349998474121094,29.764001846313477,1103000
2011-11-09,48.900001525878906,49.54999923706055,47.70000076293945,48.95000076293945,30.133352279663086,1240000
2011-11-10,47.0,47.0,45.599998474121094,46.20000076293945,28.44046974182129,1124642
2011-11-11,46.099998474121094,47.400001525878906,46.099998474121094,47.25,29.08684730529785,1305494
2011-11-14,48.0,48.599998474121094,47.150001525878906,47.20000076293945,29.056058883666992,1034500
2011-11-15,47.150001525878906,47.150001525878906,45.599998474121094,45.650001525878906,28.10189437866211,1262000
2011-11-16,45.599998474121094,45.75,43.75,44.25,27.24005889892578,572174
2011-11-17,43.5,45.0,43.349998474121094,44.099998474121094,27.14771842956543,713000
2011-11-18,44.04999923706055,44.650001525878906,43.349998474121094,44.0,27.086164474487305,724307
2011-11-21,43.849998474121094,43.849998474121094,42.20000076293945,42.54999923706055,26.193552017211914,1053515
2011-11-22,42.75,43.0,42.20000076293945,42.54999923706055,26.193552017211914,708443
2011-11-23,42.75,42.75,41.099998474121094,41.29999923706055,25.42405891418457,925722
2011-11-24,41.0,41.20000076293945,40.650001525878906,40.650001525878906,25.023923873901367,529000
2011-11-25,40.849998474121094,40.849998474121094,39.79999923706055,40.0,24.623779296875,419000
2011-11-28,40.900001525878906,42.54999923706055,39.79999923706055,41.900001525878906,25.793411254882812,275000
2011-11-29,42.0,42.650001525878906,41.45000076293945,41.95000076293945,25.824188232421875,529725
2011-11-30,41.45000076293945,41.599998474121094,40.20000076293945,40.650001525878906,25.023923873901367,1078100
2011-12-01,44.400001525878906,44.79999923706055,42.900001525878906,43.75,26.93226432800293,892750
2011-12-02,44.75,45.0,43.400001525878906,44.20000076293945,27.209287643432617,898041
2011-12-05,44.20000076293945,44.599998474121094,43.849998474121094,44.04999923706055,27.116945266723633,418050
2011-12-06,44.0,44.54999923706055,43.25,43.599998474121094,26.839921951293945,541163
2011-12-07,44.599998474121094,45.349998474121094,44.04999923706055,45.0,27.701745986938477,547000
2011-12-08,45.0,45.0,43.0,43.45000076293945,26.74757957458496,737083
2011-12-09,42.75,44.349998474121094,42.25,43.5,26.778358459472656,862817
2011-12-12,44.5,45.5,42.95000076293945,43.29999923706055,26.655242919921875,917820
2011-12-13,43.0,43.400001525878906,42.54999923706055,42.95000076293945,26.439786911010742,353413
2011-12-14,43.0,43.95000076293945,42.849998474121094,43.0,26.470563888549805,1638584
2011-12-15,42.400001525878906,42.400001525878906,41.20000076293945,41.400001525878906,25.485618591308594,812000
2011-12-16,41.5,42.95000076293945,40.79999923706055,42.20000076293945,25.97809600830078,1429084
2011-12-19,41.70000076293945,42.20000076293945,41.45000076293945,41.79999923706055,25.731857299804688,845979
2011-12-20,41.54999923706055,42.900001525878906,41.04999923706055,42.599998474121094,26.22432518005371,586000
2011-12-21,42.70000076293945,43.400001525878906,41.79999923706055,41.900001525878906,25.793411254882812,554140
2011-12-22,41.900001525878906,42.400001525878906,41.54999923706055,41.70000076293945,25.670297622680664,730375
2011-12-23,42.25,43.54999923706055,42.25,43.5,26.778358459472656,638000
2011-12-28,43.45000076293945,43.75,42.900001525878906,43.25,26.624469757080078,249122
2011-12-29,43.650001525878906,43.650001525878906,42.0,43.650001525878906,26.87070655822754,284688
2011-12-30,43.0,43.650001525878906,42.29999923706055,42.54999923706055,26.193552017211914,440682
2012-01-03,42.95000076293945,43.20000076293945,42.650001525878906,42.900001525878906,26.409015655517578,115669
2012-01-04,43.95000076293945,44.400001525878906,43.650001525878906,44.400001525878906,27.332399368286133,551720
2012-01-05,44.5,44.79999923706055,43.650001525878906,43.79999923706055,26.963041305541992,194092
2012-01-06,43.79999923706055,44.04999923706055,43.20000076293945,43.45000076293945,26.74757957458496,352917
2012-01-09,43.75,43.75,42.599998474121094,43.29999923706055,26.655242919921875,939000
2012-01-10,44.29999923706055,44.29999923706055,43.79999923706055,44.20000076293945,27.209287643432617,548600
2012-01-11,44.0,44.400001525878906,43.79999923706055,44.0,27.086164474487305,439384
2012-01-12,44.04999923706055,44.75,44.04999923706055,44.5,27.393957138061523,441000
2012-01-13,44.45000076293945,45.599998474121094,44.45000076293945,45.04999923706055,27.732528686523438,455904
2012-01-16,44.599998474121094,44.70000076293945,43.29999923706055,44.29999923706055,27.270843505859375,746000
2012-01-17,44.099998474121094,45.349998474121094,44.099998474121094,45.150001525878906,27.794095993041992,794000
2012-01-18,45.79999923706055,46.25,45.20000076293945,45.95000076293945,28.28657341003418,748946
2012-01-19,46.400001525878906,49.900001525878906,46.29999923706055,49.349998474121094,30.37959861755371,1087132
2012-01-20,49.150001525878906,49.599998474121094,47.849998474121094,48.150001525878906,29.64087677001953,1579700
2012-01-26,51.04999923706055,51.04999923706055,49.45000076293945,49.5,30.471933364868164,956894
2012-01-27,48.95000076293945,49.5,48.5,48.650001525878906,29.948678970336914,1756569
2012-01-30,47.95000076293945,49.150001525878906,47.70000076293945,48.5,29.856342315673828,697000
2012-01-31,48.45000076293945,49.25,47.79999923706055,49.25,30.318031311035156,783000
2012-02-01,49.25,49.25,47.400001525878906,48.5,29.856342315673828,1132049
2012-02-02,49.150001525878906,49.400001525878906,47.79999923706055,48.29999923706055,29.733217239379883,1238000
2012-02-03,48.54999923706055,48.849998474121094,47.70000076293945,48.0,29.548542022705078,693006
2012-02-06,48.150001525878906,50.45000076293945,48.150001525878906,49.900001525878906,30.718172073364258,850000
2012-02-07,50.25,50.95000076293945,49.599998474121094,50.20000076293945,30.902854919433594,751870
2012-02-08,50.25,50.54999923706055,49.349998474121094,50.099998474121094,30.841285705566406,720177
2012-02-09,51.599998474121094,51.599998474121094,49.95000076293945,50.150001525878906,30.8720760345459,878296
2012-02-10,50.349998474121094,51.0,50.0,50.349998474121094,30.99518394470215,661000
2012-02-13,50.0,50.400001525878906,49.599998474121094,50.0,30.77972412109375,582174
2012-02-14,49.54999923706055,50.79999923706055,49.54999923706055,50.400001525878906,31.025968551635742,476700
2012-02-15,50.29999923706055,53.400001525878906,50.29999923706055,53.0,32.62651062011719,1289155
2012-02-16,52.95000076293945,53.5,51.349998474121094,51.70000076293945,31.826234817504883,508200
2012-02-17,52.20000076293945,53.95000076293945,52.20000076293945,53.54999923706055,32.965087890625,945478
2012-02-20,53.849998474121094,54.95000076293945,53.5,54.0,33.24211120605469,832650
2012-02-21,53.5,54.20000076293945,52.70000076293945,53.45000076293945,32.90353012084961,127913
2012-02-22,52.70000076293945,53.900001525878906,52.70000076293945,53.79999923706055,33.11898422241211,551016
2012-02-23,52.75,53.79999923706055,52.5,53.75,33.08820343017578,227882
2012-02-24,53.04999923706055,53.70000076293945,52.75,53.650001525878906,33.026649475097656,623000
2012-02-27,53.650001525878906,53.650001525878906,53.099998474121094,53.349998474121094,32.84196853637695,666300
2012-02-28,53.0,54.5,52.900001525878906,54.04999923706055,33.27288818359375,397200
2012-02-29,53.849998474121094,53.849998474121094,52.25,52.599998474121094,32.38027572631836,1281243
2012-03-01,51.04999923706055,53.0,51.04999923706055,52.75,32.472618103027344,525506
2012-03-02,52.79999923706055,53.400001525878906,52.75,52.849998474121094,32.534175872802734,392329
2012-03-05,53.150001525878906,53.150001525878906,51.75,51.95000076293945,31.980133056640625,549535
2012-03-06,51.5,52.099998474121094,50.75,50.900001525878906,31.333770751953125,162994
2012-03-07,50.45000076293945,51.099998474121094,50.0,51.0,31.39531898498535,723862
2012-03-08,51.5,52.099998474121094,51.0,52.099998474121094,32.07247543334961,812800
2012-03-09,51.70000076293945,52.95000076293945,51.25,51.849998474121094,31.918582916259766,553038
2012-03-12,52.0,52.0,50.849998474121094,51.5,31.703126907348633,204400
2012-03-13,51.79999923706055,51.900001525878906,51.349998474121094,51.400001525878906,31.641559600830078,330469
2012-03-14,51.5,52.04999923706055,51.349998474121094,51.5,31.703126907348633,329333
2012-03-15,51.70000076293945,51.70000076293945,50.54999923706055,50.900001525878906,31.333770751953125,356000
2012-03-16,51.150001525878906,51.25,50.5,50.900001525878906,31.333770751953125,803379
2012-03-20,51.150001525878906,51.5,50.599998474121094,51.099998474121094,31.456878662109375,290887
2012-03-21,51.349998474121094,51.400001525878906,50.20000076293945,50.349998474121094,30.99518394470215,496000
2012-03-22,51.0,51.0,49.79999923706055,49.849998474121094,30.6873836517334,436811
2012-03-23,49.5,50.0,49.5,49.650001525878906,30.564279556274414,364020
2012-03-26,49.95000076293945,51.400001525878906,49.75,49.79999923706055,30.656606674194336,640120
2012-03-27,49.75,50.29999923706055,49.599998474121094,49.849998474121094,30.6873836517334,1193200
2012-03-28,50.099998474121094,50.650001525878906,49.75,50.599998474121094,31.14908790588379,552350
2012-03-29,50.95000076293945,50.95000076293945,50.150001525878906,50.650001525878906,31.179868698120117,411000
2012-03-30,49.099998474121094,50.349998474121094,48.599998474121094,50.25,30.933624267578125,1388252
2012-04-02,50.25,51.0,49.75,49.849998474121094,30.6873836517334,528964
2012-04-03,50.599998474121094,51.75,50.29999923706055,51.45000076293945,31.67234230041504,1047342
2012-04-05,51.0,51.0,50.150001525878906,50.70000076293945,31.210647583007812,664179
2012-04-10,50.20000076293945,50.45000076293945,49.0,49.29999923706055,30.34881591796875,563183
2012-04-11,49.0,50.099998474121094,48.54999923706055,49.75,30.625825881958008,227350
2012-04-12,51.0,51.04999923706055,49.29999923706055,49.45000076293945,30.44115447998047,556598
2012-04-13,50.099998474121094,50.099998474121094,49.25,49.400001525878906,30.410371780395508,331156
2012-04-16,49.349998474121094,49.650001525878906,48.79999923706055,49.5,30.471933364868164,135580
2012-04-17,49.70000076293945,49.900001525878906,49.29999923706055,49.650001525878906,30.564279556274414,199715
2012-04-18,49.95000076293945,50.54999923706055,49.650001525878906,49.95000076293945,30.748958587646484,434237
2012-04-19,49.75,50.29999923706055,49.75,50.0,30.77972412109375,453237
2012-04-20,49.75,49.95000076293945,49.400001525878906,49.45000076293945,30.674278259277344,173222
2012-04-23,49.45000076293945,49.70000076293945,48.54999923706055,48.650001525878906,30.178024291992188,108066
2012-04-24,49.599998474121094,49.599998474121094,48.20000076293945,48.849998474121094,30.302093505859375,209808
2012-04-25,49.45000076293945,49.45000076293945,48.599998474121094,48.599998474121094,30.14700698852539,276868
2012-04-26,49.04999923706055,49.099998474121094,48.70000076293945,48.900001525878906,30.333112716674805,174252
2012-04-27,49.0,49.25,47.75,47.79999923706055,29.650768280029297,286562
2012-04-30,48.20000076293945,49.150001525878906,48.150001525878906,48.70000076293945,30.209043502807617,541073
2012-05-02,50.45000076293945,50.45000076293945,48.45000076293945,48.900001525878906,30.333112716674805,685607
2012-05-03,49.0,49.099998474121094,48.400001525878906,48.599998474121094,30.14700698852539,541460
2012-05-04,48.29999923706055,48.29999923706055,47.70000076293945,48.29999923706055,29.960926055908203,317042
2012-05-07,48.0,48.5,47.900001525878906,48.04999923706055,29.80584144592285,570100
2012-05-08,48.45000076293945,48.45000076293945,47.29999923706055,48.0,29.774831771850586,194000
2012-05-09,48.29999923706055,48.29999923706055,47.5,47.5,29.464675903320312,185653
2012-05-10,47.95000076293945,48.79999923706055,47.29999923706055,47.54999923706055,29.495689392089844,1160000
2012-05-11,47.29999923706055,48.0,45.75,46.20000076293945,28.658279418945312,931170
2012-05-14,46.45000076293945,46.45000076293945,46.099998474121094,46.29999923706055,28.720300674438477,204000
2012-05-15,47.29999923706055,47.400001525878906,46.650001525878906,46.79999923706055,29.030452728271484,388646
2012-05-16,46.45000076293945,46.45000076293945,45.25,45.54999923706055,28.25507354736328,339409
2012-05-17,45.400001525878906,46.849998474121094,45.29999923706055,46.04999923706055,28.565223693847656,579484
2012-05-18,46.04999923706055,46.04999923706055,44.75,45.20000076293945,28.0379695892334,288402
2012-05-21,44.849998474121094,45.599998474121094,44.5,45.20000076293945,28.0379695892334,541223
2012-05-22,45.900001525878906,46.45000076293945,45.5,45.849998474121094,28.441160202026367,703733
2012-05-23,45.20000076293945,45.20000076293945,44.650001525878906,45.099998474121094,27.975934982299805,614684
2012-05-24,44.95000076293945,45.650001525878906,44.25,45.0,27.91389274597168,463133
2012-05-25,45.099998474121094,46.79999923706055,45.099998474121094,46.70000076293945,28.96843147277832,591423
2012-05-28,45.95000076293945,45.95000076293945,45.45000076293945,45.599998474121094,28.286087036132812,120000
2012-05-29,45.20000076293945,46.20000076293945,45.04999923706055,46.150001525878906,28.62725830078125,311828
2012-05-30,46.150001525878906,46.20000076293945,44.95000076293945,45.0,27.91389274597168,334235
2012-05-31,45.5,45.79999923706055,44.400001525878906,44.900001525878906,27.85188102722168,1101640
2012-06-01,45.79999923706055,45.95000076293945,44.099998474121094,44.70000076293945,27.727813720703125,706272
2012-06-04,44.04999923706055,44.650001525878906,43.650001525878906,44.349998474121094,27.51070785522461,365045
2012-06-05,44.70000076293945,45.599998474121094,44.54999923706055,45.0,27.91389274597168,296244
2012-06-06,45.20000076293945,45.5,44.599998474121094,44.95000076293945,27.882890701293945,412635
2012-06-07,45.400001525878906,45.599998474121094,45.0,45.29999923706055,28.100000381469727,233355
2012-06-08,45.150001525878906,45.70000076293945,44.650001525878906,45.650001525878906,28.31710433959961,352040
2012-06-11,46.45000076293945,47.45000076293945,46.25,47.349998474121094,29.371625900268555,208651
2012-06-12,46.849998474121094,47.0,46.25,46.45000076293945,28.813350677490234,360121
2012-06-13,46.70000076293945,46.70000076293945,45.79999923706055,46.599998474121094,28.906391143798828,374594
2012-06-14,45.900001525878906,46.900001525878906,45.650001525878906,45.75,28.379138946533203,308719
2012-06-15,46.349998474121094,46.95000076293945,45.849998474121094,46.29999923706055,28.720300674438477,437141
2012-06-18,46.75,46.75,46.20000076293945,46.45000076293945,28.813350677490234,111105
2012-06-19,46.45000076293945,46.45000076293945,46.099998474121094,46.20000076293945,28.658279418945312,253447
2012-06-20,47.5,47.5,45.900001525878906,46.650001525878906,28.937410354614258,342455
2012-06-21,46.54999923706055,46.54999923706055,44.54999923706055,44.70000076293945,27.727813720703125,758447
2012-06-22,44.099998474121094,45.20000076293945,44.099998474121094,45.099998474121094,27.975934982299805,915533
2012-06-25,44.75,45.599998474121094,44.54999923706055,45.54999923706055,28.25507354736328,408000
2012-06-26,45.45000076293945,46.0,45.29999923706055,45.900001525878906,28.472187042236328,389000
2012-06-27,45.79999923706055,46.70000076293945,45.150001525878906,46.599998474121094,28.906391143798828,219000
2012-06-28,47.29999923706055,47.29999923706055,46.70000076293945,46.900001525878906,29.09248924255371,686214
2012-06-29,47.349998474121094,48.150001525878906,47.20000076293945,47.54999923706055,29.495689392089844,630135
2012-07-03,48.29999923706055,49.349998474121094,48.0,49.150001525878906,30.488183975219727,615302
2012-07-04,48.95000076293945,49.20000076293945,48.54999923706055,48.900001525878906,30.333112716674805,312170
2012-07-05,48.70000076293945,49.849998474121094,48.599998474121094,49.45000076293945,30.674278259277344,593567
2012-07-06,48.5,50.150001525878906,48.5,50.0,31.01544761657715,461664
2012-07-09,49.0,49.400001525878906,48.29999923706055,48.70000076293945,30.209043502807617,170385
2012-07-10,49.0,49.0,47.95000076293945,48.150001525878906,29.867877960205078,177000
2012-07-11,48.5,49.0,47.70000076293945,48.75,30.240060806274414,332189
2012-07-12,48.400001525878906,48.75,47.04999923706055,47.25,29.309598922729492,245000
2012-07-13,47.5,48.25,47.349998474121094,47.75,29.619747161865234,260059
2012-07-16,48.349998474121094,48.45000076293945,47.5,47.900001525878906,29.712799072265625,84078
2012-07-17,47.95000076293945,49.900001525878906,47.95000076293945,49.599998474121094,30.767324447631836,425000
2012-07-18,49.54999923706055,49.75,48.099998474121094,49.29999923706055,30.58123207092285,824615
2012-07-19,49.900001525878906,49.900001525878906,48.400001525878906,48.900001525878906,30.333112716674805,514865
2012-07-20,48.849998474121094,49.099998474121094,48.400001525878906,48.45000076293945,30.0539608001709,299545
2012-07-23,48.20000076293945,48.20000076293945,47.0,47.400001525878906,29.40264320373535,126000
2012-07-24,47.25,47.25,45.79999923706055,46.400001525878906,28.782333374023438,209000
2012-07-25,45.79999923706055,47.099998474121094,45.79999923706055,46.900001525878906,29.09248924255371,192503
2012-07-26,46.5,47.04999923706055,46.29999923706055,46.75,28.999448776245117,338351
2012-07-27,47.45000076293945,47.45000076293945,46.599998474121094,47.0,29.154518127441406,240000
2012-07-30,47.70000076293945,47.79999923706055,46.79999923706055,47.75,29.619747161865234,174000
2012-07-31,48.599998474121094,51.75,48.400001525878906,50.29999923706055,31.201541900634766,902681
2012-08-01,49.70000076293945,50.0,48.650001525878906,48.900001525878906,30.333112716674805,346598
2012-08-02,49.0,50.849998474121094,47.54999923706055,49.29999923706055,30.58123207092285,914039
2012-08-03,48.75,49.04999923706055,48.45000076293945,49.0,30.395139694213867,194821
2012-08-06,50.0,50.70000076293945,49.650001525878906,49.849998474121094,30.922399520874023,430609
2012-08-07,49.79999923706055,50.0,49.45000076293945,49.79999923706055,30.89139175415039,189000
2012-08-08,50.0,50.900001525878906,49.0,49.45000076293945,30.674278259277344,362421
2012-08-09,49.400001525878906,50.349998474121094,49.29999923706055,49.650001525878906,30.79834747314453,214052
2012-08-10,49.29999923706055,49.95000076293945,49.20000076293945,49.650001525878906,30.79834747314453,265544
2012-08-13,49.900001525878906,50.099998474121094,49.20000076293945,50.099998474121094,31.077472686767578,289941
2012-08-14,50.150001525878906,50.150001525878906,49.599998474121094,49.900001525878906,30.95341682434082,141439
2012-08-15,50.29999923706055,50.29999923706055,48.79999923706055,49.04999923706055,30.426151275634766,78418
2012-08-16,49.849998474121094,49.95000076293945,48.900001525878906,49.04999923706055,30.426151275634766,306630
2012-08-17,49.5,49.5,48.400001525878906,48.5,30.08498764038086,313261
2012-08-20,49.0,49.20000076293945,48.400001525878906,49.0,30.395139694213867,119000
2012-08-21,50.0,50.25,49.75,50.20000076293945,31.13951301574707,379000
2012-08-22,50.20000076293945,50.25,50.0,50.04999923706055,31.046463012695312,91500
2012-08-23,50.04999923706055,50.5,49.79999923706055,50.25,31.170522689819336,200000
2012-08-24,50.150001525878906,50.150001525878906,49.95000076293945,50.0,31.01544761657715,126000
2012-08-27,50.25,50.25,50.0,50.0,31.133756637573242,36000
2012-08-28,50.25,50.25,48.70000076293945,49.04999923706055,30.542219161987305,423540
2012-08-29,49.0,49.0,47.79999923706055,48.04999923706055,29.91953468322754,389257
2012-08-30,48.150001525878906,48.150001525878906,47.099998474121094,47.599998474121094,29.63933563232422,335500
2012-08-31,47.54999923706055,48.79999923706055,47.54999923706055,48.400001525878906,30.137475967407227,498506
2012-09-03,48.400001525878906,48.75,47.95000076293945,48.70000076293945,30.32428550720215,255600
2012-09-04,48.25,48.95000076293945,48.04999923706055,48.849998474121094,30.41767692565918,110000
2012-09-05,48.75,48.849998474121094,48.099998474121094,48.400001525878906,30.137475967407227,231910
2012-09-06,48.099998474121094,48.79999923706055,47.54999923706055,48.0,29.888410568237305,290058
2012-09-07,48.5,49.349998474121094,48.29999923706055,49.25,30.666748046875,280000
2012-09-10,49.29999923706055,50.45000076293945,49.0,50.04999923706055,31.164886474609375,283262
2012-09-11,49.900001525878906,49.900001525878906,49.29999923706055,49.849998474121094,31.04035186767578,616000
2012-09-12,50.099998474121094,50.54999923706055,49.599998474121094,50.150001525878906,31.22715950012207,489235
2012-09-13,50.04999923706055,50.349998474121094,49.54999923706055,50.150001525878906,31.22715950012207,233644
2012-09-14,50.70000076293945,50.75,50.099998474121094,50.5,31.445093154907227,819000
2012-09-17,51.29999923706055,51.29999923706055,50.349998474121094,50.599998474121094,31.507356643676758,430000
2012-09-18,50.79999923706055,50.849998474121094,50.150001525878906,50.25,31.28942108154297,337000
2012-09-19,50.599998474121094,50.95000076293945,50.599998474121094,50.79999923706055,31.631895065307617,403200
2012-09-20,50.650001525878906,50.650001525878906,49.95000076293945,50.0,31.133756637573242,154000
2012-09-21,50.29999923706055,50.849998474121094,47.0,48.20000076293945,30.012941360473633,1207240
2012-09-24,48.20000076293945,49.150001525878906,47.79999923706055,48.900001525878906,30.44881820678711,695958
2012-09-25,48.599998474121094,48.95000076293945,48.29999923706055,48.54999923706055,30.230884552001953,398000
2012-09-26,47.79999923706055,48.900001525878906,47.79999923706055,48.70000076293945,30.32428550720215,349548
2012-09-27,48.95000076293945,49.099998474121094,48.599998474121094,48.849998474121094,30.41767692565918,302099
2012-09-28,48.79999923706055,49.5,48.599998474121094,49.150001525878906,30.604476928710938,565784
2012-10-03,50.599998474121094,51.0,50.150001525878906,50.95000076293945,31.725296020507812,1457000
2012-10-04,50.79999923706055,50.79999923706055,49.75,50.04999923706055,31.164886474609375,511001
2012-10-05,49.849998474121094,50.04999923706055,49.25,49.29999923706055,30.697879791259766,498216
2012-10-08,49.54999923706055,49.599998474121094,48.54999923706055,48.70000076293945,30.32428550720215,267000
2012-10-09,48.900001525878906,49.349998474121094,48.54999923706055,48.650001525878906,30.29314422607422,551040
2012-10-10,48.70000076293945,48.70000076293945,48.099998474121094,48.20000076293945,30.012941360473633,417355
2012-10-11,47.900001525878906,48.0,47.20000076293945,47.25,29.421401977539062,602247
2012-10-12,47.29999923706055,47.650001525878906,46.95000076293945,47.349998474121094,29.483661651611328,574000
2012-10-15,47.150001525878906,47.650001525878906,46.849998474121094,47.349998474121094,29.483661651611328,1245250
2012-10-16,47.5,48.04999923706055,47.400001525878906,47.900001525878906,29.82613754272461,905400
2012-10-17,48.0,48.04999923706055,47.29999923706055,47.400001525878906,29.514801025390625,1254974
2012-10-18,47.45000076293945,47.849998474121094,45.849998474121094,45.95000076293945,28.611923217773438,1996274
2012-10-19,46.29999923706055,46.5,45.95000076293945,46.099998474121094,28.7053165435791,1532067
2012-10-22,46.0,46.0,45.150001525878906,45.20000076293945,28.144916534423828,2540650
2012-10-24,45.150001525878906,46.20000076293945,45.04999923706055,45.75,28.487388610839844,2571348
2012-10-25,45.75,46.04999923706055,45.25,45.79999923706055,28.518512725830078,1724880
2012-10-26,46.0,46.25,45.70000076293945,45.849998474121094,28.54964828491211,2426037
2012-10-29,45.54999923706055,46.0,45.29999923706055,45.650001525878906,28.425119400024414,1019069
2012-10-30,45.95000076293945,46.04999923706055,45.400001525878906,45.5,28.331716537475586,617258
2012-10-31,45.79999923706055,46.20000076293945,45.599998474121094,45.900001525878906,28.580795288085938,892270
2012-11-01,46.25,47.099998474121094,45.70000076293945,47.0,29.265722274780273,1218577
2012-11-02,47.70000076293945,48.0,47.20000076293945,47.400001525878906,29.514801025390625,3075193
2012-11-05,47.400001525878906,47.54999923706055,47.0,47.0,29.265722274780273,2251600
2012-11-06,46.79999923706055,47.150001525878906,45.900001525878906,46.79999923706055,29.141197204589844,1616000
2012-11-07,46.79999923706055,46.900001525878906,46.29999923706055,46.349998474121094,28.860984802246094,1084350
2012-11-08,46.099998474121094,46.150001525878906,45.900001525878906,46.0,28.643054962158203,468742
2012-11-09,46.04999923706055,46.20000076293945,45.70000076293945,46.04999923706055,28.6741886138916,499000
2012-11-12,45.95000076293945,46.04999923706055,45.5,45.54999923706055,28.36285400390625,1068000
2012-11-13,45.599998474121094,45.75,44.95000076293945,45.5,28.331716537475586,1416659
2012-11-14,45.5,45.599998474121094,45.29999923706055,45.400001525878906,28.26944923400879,770092
2012-11-15,44.79999923706055,44.79999923706055,42.849998474121094,43.150001525878906,26.86843490600586,9397491
2012-11-16,43.29999923706055,43.29999923706055,41.79999923706055,42.54999923706055,26.494829177856445,8855570
2012-11-19,42.849998474121094,43.29999923706055,42.849998474121094,43.099998474121094,26.83729362487793,3369000
2012-11-20,43.150001525878906,44.099998474121094,43.04999923706055,43.54999923706055,27.11749839782715,4016000
2012-11-21,43.650001525878906,43.849998474121094,43.29999923706055,43.70000076293945,27.210901260375977,1292010
2012-11-22,43.5,44.150001525878906,43.400001525878906,43.79999923706055,27.273168563842773,2244582
2012-11-23,44.150001525878906,44.349998474121094,44.04999923706055,44.29999923706055,27.584505081176758,1757000
2012-11-26,44.400001525878906,44.5,43.0,43.04999923706055,26.806163787841797,3899054
2012-11-27,42.79999923706055,43.25,42.099998474121094,42.25,26.308015823364258,5816020
2012-11-28,41.79999923706055,42.70000076293945,41.79999923706055,42.54999923706055,26.494829177856445,4529788
2012-11-29,42.75,43.599998474121094,42.54999923706055,43.400001525878906,27.02410125732422,5497279
2012-11-30,43.400001525878906,45.20000076293945,42.75,43.20000076293945,26.899559020996094,52650217
2012-12-03,43.849998474121094,44.0,43.25,43.349998474121094,26.992961883544922,22510007
2012-12-04,43.5,44.400001525878906,43.29999923706055,43.599998474121094,27.14863395690918,4463506
2012-12-05,43.29999923706055,44.29999923706055,43.29999923706055,44.20000076293945,27.522245407104492,3214788
2012-12-06,44.0,44.45000076293945,43.849998474121094,44.20000076293945,27.522245407104492,5317400
2012-12-07,44.400001525878906,44.599998474121094,44.25,44.400001525878906,27.646772384643555,3063219
2012-12-10,44.5,44.5,43.849998474121094,44.0,27.39771270751953,2141016
2012-12-11,43.75,44.45000076293945,43.75,44.29999923706055,27.584505081176758,1502375
2012-12-12,44.099998474121094,44.349998474121094,43.900001525878906,44.29999923706055,27.584505081176758,1709858
2012-12-13,44.099998474121094,44.349998474121094,43.0,43.099998474121094,26.83729362487793,3584787
2012-12-14,42.79999923706055,44.04999923706055,42.79999923706055,43.79999923706055,27.273168563842773,2521520
2012-12-17,43.70000076293945,44.0,43.349998474121094,43.5,27.086360931396484,1125700
2012-12-18,43.79999923706055,43.95000076293945,43.70000076293945,43.79999923706055,27.273168563842773,2321301
2012-12-19,43.900001525878906,44.20000076293945,43.75,43.79999923706055,27.273168563842773,2793700
2012-12-20,44.0,44.54999923706055,43.5,44.5,27.709041595458984,1509000
2012-12-21,44.29999923706055,44.54999923706055,43.45000076293945,43.54999923706055,27.11749839782715,1941988
2012-12-24,44.099998474121094,44.150001525878906,43.70000076293945,44.04999923706055,27.4288330078125,259321
2012-12-27,43.95000076293945,44.25,43.650001525878906,43.79999923706055,27.273168563842773,1040000
2012-12-28,44.04999923706055,44.20000076293945,43.79999923706055,43.900001525878906,27.335433959960938,1278396
2012-12-31,43.900001525878906,44.25,43.79999923706055,44.04999923706055,27.4288330078125,963000
2013-01-02,44.150001525878906,45.25,44.04999923706055,44.900001525878906,27.958112716674805,3019049
2013-01-03,45.099998474121094,45.29999923706055,44.70000076293945,44.95000076293945,27.989248275756836,1352655
2013-01-04,45.04999923706055,45.349998474121094,44.650001525878906,45.150001525878906,28.11378288269043,1123034
2013-01-07,45.29999923706055,45.95000076293945,45.29999923706055,45.54999923706055,28.36285400390625,2047485
2013-01-08,45.25,45.650001525878906,45.0,45.20000076293945,28.144916534423828,1743247
2013-01-09,44.900001525878906,46.70000076293945,44.900001525878906,46.650001525878906,29.047794342041016,2578119
2013-01-10,46.79999923706055,47.0,45.95000076293945,46.04999923706055,28.6741886138916,3040510
2013-01-11,46.099998474121094,46.5,45.599998474121094,45.650001525878906,28.425119400024414,1241976
2013-01-14,45.150001525878906,45.650001525878906,45.150001525878906,45.349998474121094,28.238311767578125,708000
2013-01-15,45.650001525878906,45.650001525878906,45.150001525878906,45.349998474121094,28.238311767578125,850691
2013-01-16,45.349998474121094,45.400001525878906,44.70000076293945,45.25,28.176048278808594,524000
2013-01-17,45.349998474121094,45.599998474121094,44.599998474121094,45.0,28.020376205444336,674000
2013-01-18,45.45000076293945,45.5,45.0,45.400001525878906,28.26944923400879,563200
2013-01-21,45.5,46.25,45.5,45.900001525878906,28.580795288085938,1301000
2013-01-22,46.0,46.29999923706055,45.79999923706055,46.25,28.798725128173828,1476000
2013-01-23,46.349998474121094,46.599998474121094,45.650001525878906,46.400001525878906,28.892120361328125,2259830
2013-01-24,46.099998474121094,46.650001525878906,46.099998474121094,46.400001525878906,28.892120361328125,1034000
2013-01-25,46.349998474121094,46.45000076293945,45.849998474121094,46.0,28.643054962158203,1522484
2013-01-28,46.29999923706055,46.349998474121094,45.900001525878906,46.04999923706055,28.6741886138916,829030
2013-01-29,46.0,46.150001525878906,45.70000076293945,46.099998474121094,28.7053165435791,663000
2013-01-30,46.5,47.29999923706055,46.5,46.900001525878906,29.20345687866211,1208562
2013-01-31,46.79999923706055,47.349998474121094,46.349998474121094,47.04999923706055,29.29686737060547,1259748
2013-02-01,47.20000076293945,47.349998474121094,46.79999923706055,47.099998474121094,29.3279972076416,2037332
2013-02-04,47.0,47.25,46.54999923706055,46.900001525878906,29.20345687866211,1377000
2013-02-05,46.79999923706055,46.79999923706055,46.20000076293945,46.45000076293945,28.923263549804688,1409000
2013-02-06,46.400001525878906,47.099998474121094,46.400001525878906,47.0,29.265722274780273,890000
2013-02-07,47.099998474121094,47.70000076293945,46.650001525878906,47.54999923706055,29.60820770263672,1581000
2013-02-08,47.349998474121094,47.75,46.900001525878906,47.54999923706055,29.60820770263672,1834200
2013-02-14,47.849998474121094,47.849998474121094,47.29999923706055,47.650001525878906,29.67047119140625,897229
2013-02-15,47.650001525878906,48.04999923706055,47.650001525878906,47.900001525878906,29.82613754272461,595000
2013-02-18,47.79999923706055,48.04999923706055,47.54999923706055,48.0,29.888410568237305,1224736
2013-02-19,47.599998474121094,48.25,47.599998474121094,48.0,29.888410568237305,1431400
2013-02-20,48.099998474121094,48.20000076293945,48.0,48.20000076293945,30.012941360473633,705364
2013-02-21,47.650001525878906,48.20000076293945,47.650001525878906,48.04999923706055,29.91953468322754,1594447
2013-02-22,48.0,48.099998474121094,47.70000076293945,48.0,29.888410568237305,493000
2013-02-25,47.75,47.900001525878906,46.70000076293945,46.95000076293945,29.234594345092773,956300
2013-02-26,46.79999923706055,46.79999923706055,46.04999923706055,46.5,28.95439338684082,731000
2013-02-27,46.95000076293945,46.95000076293945,46.54999923706055,46.79999923706055,29.141197204589844,583000
2013-02-28,47.150001525878906,47.25,46.79999923706055,47.25,29.421401977539062,867082
2013-03-01,47.099998474121094,47.400001525878906,46.95000076293945,47.099998474121094,29.3279972076416,985000
2013-03-04,47.0,47.349998474121094,46.54999923706055,46.75,29.11005401611328,1181742
2013-03-05,46.25,46.349998474121094,45.20000076293945,45.650001525878906,28.425119400024414,804904
2013-03-06,46.0,46.5,45.599998474121094,46.45000076293945,28.923263549804688,572300
2013-03-07,46.5,46.650001525878906,46.150001525878906,46.400001525878906,28.892120361328125,412173
2013-03-08,46.650001525878906,46.79999923706055,46.150001525878906,46.650001525878906,29.047794342041016,386430
2013-03-11,46.650001525878906,46.75,46.25,46.650001525878906,29.047794342041016,500000
2013-03-12,46.900001525878906,46.900001525878906,46.29999923706055,46.400001525878906,28.892120361328125,684125
2013-03-13,47.0,47.0,45.900001525878906,46.04999923706055,28.6741886138916,859324
2013-03-14,45.900001525878906,46.400001525878906,45.849998474121094,46.0,28.643054962158203,462000
2013-03-15,46.45000076293945,46.45000076293945,45.349998474121094,45.650001525878906,28.425119400024414,1708843
2013-03-18,45.0,45.0,43.54999923706055,44.04999923706055,27.4288330078125,1195815
2013-03-19,44.45000076293945,45.20000076293945,44.04999923706055,45.0,28.020376205444336,1030700
2013-03-20,44.849998474121094,45.099998474121094,44.150001525878906,45.04999923706055,28.051511764526367,1382200
2013-03-21,44.70000076293945,45.0,43.79999923706055,44.0,27.39771270751953,543184
2013-03-22,44.04999923706055,44.400001525878906,43.650001525878906,43.900001525878906,27.335433959960938,1083000
2013-03-25,44.349998474121094,44.349998474121094,42.650001525878906,43.650001525878906,27.179765701293945,275000
2013-03-26,43.70000076293945,44.04999923706055,43.349998474121094,43.599998474121094,27.14863395690918,794030
2013-03-27,44.0,44.900001525878906,43.75,44.650001525878906,27.802446365356445,531004
2013-03-28,44.5,44.5,43.5,43.599998474121094,27.14863395690918,968628
2013-04-02,42.95000076293945,44.20000076293945,42.95000076293945,43.70000076293945,27.210901260375977,758000
2013-04-03,43.70000076293945,44.849998474121094,43.54999923706055,44.75,27.864709854125977,1425712
2013-04-05,44.70000076293945,45.099998474121094,43.349998474121094,45.04999923706055,28.051511764526367,1387000
2013-04-08,44.650001525878906,45.79999923706055,43.849998474121094,44.70000076293945,27.833576202392578,775000
2013-04-09,45.099998474121094,45.75,44.5,45.5,28.331716537475586,1183482
2013-04-10,45.25,46.20000076293945,45.099998474121094,46.0,28.643054962158203,992000
2013-04-11,46.900001525878906,47.70000076293945,46.400001525878906,47.099998474121094,29.3279972076416,1539197
2013-04-12,47.0,47.349998474121094,46.599998474121094,46.900001525878906,29.20345687866211,2117735
2013-04-15,47.20000076293945,47.29999923706055,46.45000076293945,46.900001525878906,29.20345687866211,1114200
2013-04-16,45.650001525878906,47.04999923706055,45.650001525878906,46.900001525878906,29.20345687866211,3004284
2013-04-17,46.900001525878906,47.20000076293945,46.54999923706055,46.95000076293945,29.234594345092773,1078812
2013-04-18,46.400001525878906,46.95000076293945,45.45000076293945,46.099998474121094,28.7053165435791,1836916
2013-04-19,46.599998474121094,46.70000076293945,45.70000076293945,46.599998474121094,29.016660690307617,410000
2013-04-22,45.75,47.25,45.75,46.79999923706055,29.52130126953125,909000
2013-04-23,46.599998474121094,46.75,45.900001525878906,46.04999923706055,29.048200607299805,575000
2013-04-24,46.20000076293945,46.79999923706055,46.0,46.650001525878906,29.426679611206055,548000
2013-04-25,46.849998474121094,46.95000076293945,46.45000076293945,46.900001525878906,29.58438491821289,465000
2013-04-26,46.849998474121094,47.04999923706055,46.5,46.849998474121094,29.55283546447754,322889
2013-04-29,46.79999923706055,47.20000076293945,46.400001525878906,46.54999923706055,29.363595962524414,456000
2013-04-30,46.54999923706055,46.650001525878906,45.599998474121094,45.70000076293945,28.827423095703125,792950
2013-05-02,46.5,47.0,46.0,46.70000076293945,29.45822525024414,1232320
2013-05-03,46.79999923706055,47.0,46.20000076293945,46.20000076293945,29.142818450927734,385000
2013-05-06,46.599998474121094,46.95000076293945,46.20000076293945,46.79999923706055,29.52130126953125,727100
2013-05-07,46.20000076293945,46.54999923706055,46.20000076293945,46.349998474121094,29.23743438720703,1186681
2013-05-08,46.29999923706055,46.45000076293945,45.95000076293945,46.45000076293945,29.300514221191406,791900
2013-05-09,46.45000076293945,46.45000076293945,45.900001525878906,46.04999923706055,29.048200607299805,481900
2013-05-10,46.349998474121094,46.349998474121094,45.849998474121094,46.0,29.016664505004883,558000
2013-05-13,45.70000076293945,45.75,45.0,45.0,28.385860443115234,695596
2013-05-14,45.20000076293945,45.650001525878906,44.75,45.0,28.385860443115234,1366000
2013-05-15,45.099998474121094,45.29999923706055,44.5,44.599998474121094,28.1335506439209,391105
2013-05-16,44.54999923706055,44.75,43.650001525878906,43.900001525878906,27.691987991333008,1826814
2013-05-20,43.95000076293945,44.95000076293945,43.95000076293945,44.20000076293945,27.881223678588867,3990000
2013-05-21,44.04999923706055,44.650001525878906,44.04999923706055,44.400001525878906,28.007383346557617,1143100
2013-05-22,44.45000076293945,44.95000076293945,44.400001525878906,44.900001525878906,28.32278823852539,449000
2013-05-23,44.900001525878906,44.900001525878906,44.20000076293945,44.29999923706055,27.94430160522461,993100
2013-05-24,44.5,44.54999923706055,44.099998474121094,44.25,27.912761688232422,573000
2013-05-27,44.349998474121094,44.75,43.5,43.599998474121094,27.50274658203125,381509
2013-05-28,43.849998474121094,44.400001525878906,43.849998474121094,44.29999923706055,27.94430160522461,349000
2013-05-29,44.20000076293945,44.45000076293945,43.599998474121094,44.0,27.755067825317383,724522
2013-05-30,44.0,44.0,42.79999923706055,43.45000076293945,27.408130645751953,960000
2013-05-31,43.54999923706055,43.54999923706055,42.45000076293945,42.54999923706055,26.840408325195312,758000
2013-06-03,42.400001525878906,43.099998474121094,42.349998474121094,42.599998474121094,26.871952056884766,382178
2013-06-04,42.5,42.5,42.0,42.400001525878906,26.745790481567383,405012
2013-06-05,42.45000076293945,42.54999923706055,41.79999923706055,42.0,26.493471145629883,502003
2013-06-06,41.79999923706055,42.0,41.5,41.54999923706055,26.209609985351562,798700
2013-06-07,41.54999923706055,41.79999923706055,41.0,41.29999923706055,26.051912307739258,619000
2013-06-10,41.54999923706055,43.5,40.849998474121094,41.349998474121094,26.083454132080078,736000
2013-06-11,41.349998474121094,41.349998474121094,39.900001525878906,40.0,25.23187828063965,363000
2013-06-13,39.650001525878906,41.0,38.900001525878906,40.099998474121094,25.294960021972656,1256011
2013-06-14,40.5,41.5,40.25,40.95000076293945,25.83113670349121,337000
2013-06-17,40.79999923706055,42.29999923706055,40.79999923706055,42.0,26.493471145629883,471920
2013-06-18,41.54999923706055,41.900001525878906,41.29999923706055,41.75,26.33577537536621,346000
2013-06-19,42.29999923706055,42.29999923706055,41.0,42.0,26.493471145629883,289000
2013-06-20,41.900001525878906,41.900001525878906,40.849998474121094,40.900001525878906,25.799592971801758,410000
2013-06-21,40.0,41.349998474121094,39.5,40.599998474121094,25.610361099243164,1253000
2013-06-24,40.150001525878906,41.099998474121094,40.150001525878906,40.95000076293945,25.83113670349121,893359
2013-06-25,40.75,40.75,38.5,40.5,25.547279357910156,1222008
2013-06-26,40.400001525878906,40.5,39.75,40.349998474121094,25.452659606933594,857000
2013-06-27,40.29999923706055,41.20000076293945,40.29999923706055,40.900001525878906,25.799592971801758,853654
2013-06-28,40.349998474121094,41.75,40.25,41.70000076293945,26.304231643676758,543000
2013-07-02,41.5,42.20000076293945,41.25,41.95000076293945,26.461933135986328,1042521
2013-07-03,41.95000076293945,41.95000076293945,40.70000076293945,41.349998474121094,26.083454132080078,1138000
2013-07-04,41.5,41.900001525878906,40.099998474121094,40.20000076293945,25.3580379486084,285000
2013-07-05,40.70000076293945,41.95000076293945,40.70000076293945,41.900001525878906,26.430397033691406,263001
2013-07-08,41.70000076293945,41.70000076293945,40.5,41.25,26.020374298095703,369000
2013-07-09,41.0,41.099998474121094,40.0,40.400001525878906,25.48419952392578,818600
2013-07-10,40.79999923706055,40.79999923706055,39.95000076293945,40.5,25.547279357910156,284000
2013-07-11,40.79999923706055,41.04999923706055,40.29999923706055,40.900001525878906,25.799592971801758,345438
2013-07-12,41.0,41.29999923706055,40.349998474121094,40.400001525878906,25.48419952392578,754000
2013-07-15,40.04999923706055,40.45000076293945,39.79999923706055,39.900001525878906,25.168800354003906,681000
2013-07-16,39.900001525878906,40.099998474121094,39.349998474121094,39.599998474121094,24.979557037353516,208000
2013-07-17,39.5,39.95000076293945,38.650001525878906,39.400001525878906,24.853397369384766,708714
2013-07-18,39.20000076293945,40.25,38.650001525878906,40.20000076293945,25.3580379486084,1242000
2013-07-19,40.0,40.20000076293945,39.54999923706055,40.04999923706055,25.263418197631836,219000
2013-07-22,40.099998474121094,40.29999923706055,39.75,39.849998474121094,25.13726234436035,253000
2013-07-23,40.0,40.29999923706055,39.79999923706055,40.150001525878906,25.326496124267578,646000
2013-07-24,40.20000076293945,40.20000076293945,39.900001525878906,40.04999923706055,25.263418197631836,684000
2013-07-25,39.95000076293945,40.04999923706055,39.849998474121094,39.95000076293945,25.200336456298828,228325
2013-07-26,40.20000076293945,40.20000076293945,39.54999923706055,39.650001525878906,25.0111026763916,217000
2013-07-29,39.650001525878906,39.75,38.79999923706055,39.099998474121094,24.664159774780273,579004
2013-07-30,39.20000076293945,39.70000076293945,39.20000076293945,39.5,24.916479110717773,242000
2013-07-31,39.70000076293945,40.150001525878906,39.45000076293945,39.95000076293945,25.200336456298828,263000
2013-08-01,40.0,40.349998474121094,39.900001525878906,40.25,25.389575958251953,1104264
2013-08-02,40.5,41.400001525878906,40.5,41.29999923706055,26.051912307739258,563339
2013-08-05,41.400001525878906,41.5,41.20000076293945,41.5,26.178077697753906,161000
2013-08-06,41.29999923706055,41.29999923706055,40.400001525878906,40.650001525878906,25.641897201538086,204000
2013-08-07,40.099998474121094,40.150001525878906,39.650001525878906,39.79999923706055,25.105716705322266,636354
2013-08-08,39.400001525878906,39.79999923706055,39.25,39.599998474121094,24.979557037353516,1276000
2013-08-09,39.79999923706055,40.0,39.70000076293945,39.900001525878906,25.168800354003906,827000
2013-08-12,40.099998474121094,40.349998474121094,39.900001525878906,40.29999923706055,25.42111587524414,810000
2013-08-13,40.0,40.70000076293945,40.0,40.599998474121094,25.610361099243164,251417
2013-08-14,40.599998474121094,40.599998474121094,40.599998474121094,40.599998474121094,25.610361099243164,0
2013-08-15,40.79999923706055,41.29999923706055,40.75,41.04999923706055,25.894216537475586,2310000
2013-08-16,40.79999923706055,41.04999923706055,39.79999923706055,40.95000076293945,25.83113670349121,1247200
2013-08-19,40.95000076293945,41.150001525878906,40.75,41.04999923706055,25.894216537475586,188000
2013-08-20,40.95000076293945,41.45000076293945,40.349998474121094,40.45000076293945,25.51573371887207,216000
2013-08-21,40.04999923706055,40.04999923706055,38.599998474121094,38.849998474121094,24.50646209716797,416000
2013-08-22,38.20000076293945,39.04999923706055,38.04999923706055,38.20000076293945,24.09644317626953,556697
2013-08-23,38.5,38.70000076293945,38.349998474121094,38.5,24.285682678222656,343000
2013-08-26,38.5,38.75,38.45000076293945,38.54999923706055,24.31722068786621,97000
2013-08-27,38.70000076293945,38.70000076293945,38.29999923706055,38.349998474121094,24.19106674194336,182000
2013-08-28,38.04999923706055,38.20000076293945,37.79999923706055,37.95000076293945,23.93874740600586,131000
2013-08-29,38.29999923706055,38.400001525878906,37.599998474121094,37.95000076293945,23.93874740600586,185000
2013-08-30,37.95000076293945,38.150001525878906,37.900001525878906,38.04999923706055,24.00182342529297,257000
2013-09-02,38.5,38.849998474121094,37.900001525878906,38.849998474121094,24.50646209716797,399200
2013-09-03,39.0,39.25,38.95000076293945,39.04999923706055,24.63261604309082,45536
2013-09-04,39.150001525878906,39.70000076293945,38.79999923706055,39.54999923706055,24.948017120361328,567000
2013-09-05,39.650001525878906,40.0,39.099998474121094,39.400001525878906,24.853397369384766,713000
2013-09-06,39.54999923706055,40.0,38.95000076293945,39.349998474121094,24.942136764526367,987174
2013-09-09,39.79999923706055,40.45000076293945,39.79999923706055,40.29999923706055,25.54429817199707,154000
2013-09-10,40.5,40.70000076293945,40.04999923706055,40.400001525878906,25.60768699645996,1544683
2013-09-11,40.70000076293945,42.0,40.5,41.45000076293945,26.273229598999023,1623437
2013-09-12,41.95000076293945,41.95000076293945,40.20000076293945,40.79999923706055,25.861225128173828,1288000
2013-09-13,40.599998474121094,41.29999923706055,39.25,40.900001525878906,25.92461395263672,1538626
2013-09-16,41.29999923706055,41.29999923706055,40.150001525878906,40.29999923706055,25.54429817199707,398000
2013-09-17,40.70000076293945,40.79999923706055,39.900001525878906,40.75,25.82953643798828,570921
2013-09-18,40.95000076293945,40.95000076293945,40.099998474121094,40.29999923706055,25.54429817199707,346250
2013-09-19,40.849998474121094,41.900001525878906,40.849998474121094,41.45000076293945,26.273229598999023,770530
2013-09-23,41.400001525878906,42.25,41.400001525878906,42.099998474121094,26.685232162475586,457000
2013-09-24,41.79999923706055,41.79999923706055,41.20000076293945,41.349998474121094,26.20984649658203,235800
2013-09-25,41.25,41.5,40.650001525878906,40.70000076293945,25.79783821105957,1079000
2013-09-26,40.79999923706055,41.400001525878906,40.70000076293945,41.0,25.987995147705078,525000
2013-09-27,41.0,41.5,41.0,41.400001525878906,26.241539001464844,75300
2013-09-30,40.75,41.45000076293945,40.70000076293945,41.400001525878906,26.241539001464844,143000
2013-10-02,41.099998474121094,41.5,40.70000076293945,40.900001525878906,25.92461395263672,543046
2013-10-03,40.79999923706055,41.0,40.599998474121094,40.650001525878906,25.766149520874023,572000
2013-10-04,40.5,40.849998474121094,40.0,40.04999923706055,25.385835647583008,238000
2013-10-07,40.0,41.04999923706055,39.849998474121094,40.5,25.67106819152832,536000
2013-10-08,40.79999923706055,41.25,40.599998474121094,40.79999923706055,25.861225128173828,867000
2013-10-09,40.5,41.54999923706055,40.5,41.45000076293945,26.273229598999023,670300
2013-10-10,41.400001525878906,41.45000076293945,40.75,41.150001525878906,26.08307456970215,283000
2013-10-11,41.54999923706055,41.54999923706055,40.900001525878906,41.29999923706055,26.178150177001953,612826
2013-10-15,41.70000076293945,41.70000076293945,40.849998474121094,41.099998474121094,26.051382064819336,410565
2013-10-16,41.0,41.29999923706055,40.70000076293945,41.099998474121094,26.051382064819336,848000
2013-10-17,40.75,41.25,40.75,41.20000076293945,26.114768981933594,665000
2013-10-18,41.29999923706055,41.79999923706055,41.25,41.75,26.463388442993164,352000
2013-10-21,42.0,42.0,41.150001525878906,41.25,26.14645767211914,929852
2013-10-22,41.04999923706055,41.45000076293945,41.04999923706055,41.150001525878906,26.08307456970215,159000
2013-10-23,41.599998474121094,42.20000076293945,41.400001525878906,41.54999923706055,26.336610794067383,681000
2013-10-24,41.400001525878906,41.400001525878906,41.0,41.20000076293945,26.114768981933594,192760
2013-10-25,41.29999923706055,41.5,40.75,40.900001525878906,25.92461395263672,724000
2013-10-28,41.0,41.349998474121094,40.900001525878906,41.04999923706055,26.01969337463379,505000
2013-10-29,41.29999923706055,41.29999923706055,41.0,41.0,25.987995147705078,980000
2013-10-30,41.20000076293945,41.54999923706055,41.0,41.04999923706055,26.01969337463379,202000
2013-10-31,40.75,41.150001525878906,40.5,41.0,25.987995147705078,1828000
2013-11-01,40.95000076293945,41.75,40.95000076293945,41.45000076293945,26.273229598999023,2670000
2013-11-04,42.0,42.599998474121094,41.45000076293945,42.0,26.621854782104492,1543000
2013-11-05,42.25,42.599998474121094,41.79999923706055,42.400001525878906,26.87539291381836,2334352
2013-11-06,42.25,42.54999923706055,41.900001525878906,42.20000076293945,26.748620986938477,2714274
2013-11-07,42.400001525878906,42.400001525878906,41.650001525878906,41.849998474121094,26.526779174804688,133620
2013-11-08,41.900001525878906,42.099998474121094,41.599998474121094,42.099998474121094,26.685232162475586,668300
2013-11-11,41.54999923706055,41.900001525878906,41.54999923706055,41.75,26.463388442993164,2545000
2013-11-12,42.400001525878906,42.400001525878906,41.599998474121094,42.0,26.621854782104492,112000
2013-11-13,41.349998474121094,42.0,41.349998474121094,41.849998474121094,26.526779174804688,394306
2013-11-14,41.54999923706055,41.79999923706055,41.45000076293945,41.650001525878906,26.399999618530273,225000
2013-11-15,42.400001525878906,42.400001525878906,41.400001525878906,41.70000076293945,26.431690216064453,739000
2013-11-18,41.95000076293945,42.400001525878906,41.599998474121094,42.150001525878906,26.716928482055664,676034
2013-11-19,42.650001525878906,42.650001525878906,42.04999923706055,42.20000076293945,26.748620986938477,152000
2013-11-20,42.29999923706055,42.599998474121094,42.04999923706055,42.5,26.93877410888672,851300
2013-11-21,42.900001525878906,42.900001525878906,42.0,42.5,26.93877410888672,396500
2013-11-22,42.900001525878906,42.900001525878906,42.54999923706055,42.599998474121094,27.00216293334961,1472000
2013-11-25,42.75,42.75,42.099998474121094,42.25,26.780311584472656,206500
2013-11-26,42.70000076293945,42.70000076293945,42.04999923706055,42.20000076293945,26.748620986938477,726000
2013-11-27,42.0,42.0,41.04999923706055,41.25,26.14645767211914,3023139
2013-11-28,41.45000076293945,41.70000076293945,41.04999923706055,41.20000076293945,26.114768981933594,247022
2013-11-29,41.25,41.25,40.79999923706055,41.04999923706055,26.01969337463379,116000
2013-12-02,41.25,41.25,40.599998474121094,40.70000076293945,25.79783821105957,1017000
2013-12-03,40.70000076293945,40.900001525878906,40.29999923706055,40.400001525878906,25.60768699645996,659929
2013-12-04,40.400001525878906,40.400001525878906,40.150001525878906,40.150001525878906,25.449216842651367,289000
2013-12-05,39.70000076293945,40.400001525878906,39.650001525878906,39.650001525878906,25.13229751586914,1150972
2013-12-06,39.70000076293945,40.04999923706055,39.599998474121094,39.75,25.195682525634766,2346611
2013-12-09,39.900001525878906,39.900001525878906,38.95000076293945,39.099998474121094,24.783676147460938,339759
2013-12-10,39.20000076293945,39.45000076293945,39.0,39.04999923706055,24.75197982788086,95156
2013-12-11,39.20000076293945,39.20000076293945,38.349998474121094,38.400001525878906,24.339982986450195,304066
2013-12-12,38.25,38.95000076293945,38.25,38.70000076293945,24.530136108398438,176956
2013-12-13,38.79999923706055,38.95000076293945,37.849998474121094,38.0,24.08643341064453,703881
2013-12-16,37.900001525878906,38.20000076293945,37.599998474121094,38.099998474121094,24.149818420410156,125116
2013-12-17,38.400001525878906,38.599998474121094,37.79999923706055,38.0,24.08643341064453,388045
2013-12-18,38.150001525878906,38.400001525878906,38.150001525878906,38.150001525878906,24.181509017944336,26000
2013-12-19,39.349998474121094,39.349998474121094,37.79999923706055,38.0,24.08643341064453,561492
2013-12-20,37.849998474121094,37.95000076293945,37.29999923706055,37.349998474121094,23.67443084716797,528000
2013-12-23,37.45000076293945,38.25,37.45000076293945,38.25,24.244897842407227,157000
2013-12-24,38.29999923706055,39.099998474121094,38.29999923706055,39.04999923706055,24.75197982788086,123993
2013-12-27,39.150001525878906,39.5,38.599998474121094,38.900001525878906,24.65690803527832,245565
2013-12-30,39.5,39.5,38.349998474121094,38.54999923706055,24.435056686401367,61000
2013-12-31,38.70000076293945,39.400001525878906,38.70000076293945,39.150001525878906,24.815366744995117,519000
2014-01-02,39.599998474121094,39.849998474121094,39.20000076293945,39.5,25.037216186523438,455250
2014-01-03,39.599998474121094,39.95000076293945,38.45000076293945,38.650001525878906,24.498443603515625,773139
2014-01-06,38.45000076293945,38.650001525878906,38.0,38.400001525878906,24.339982986450195,124142
2014-01-07,38.79999923706055,38.79999923706055,38.25,38.29999923706055,24.276586532592773,715709
2014-01-08,38.29999923706055,38.849998474121094,38.29999923706055,38.599998474121094,24.466745376586914,5156233
2014-01-09,38.70000076293945,39.349998474121094,38.70000076293945,39.25,24.878751754760742,963000
2014-01-10,39.25,39.45000076293945,39.099998474121094,39.349998474121094,24.942136764526367,1133948
2014-01-13,39.349998474121094,39.95000076293945,39.349998474121094,39.75,25.195682525634766,702350
2014-01-14,39.79999923706055,39.900001525878906,39.599998474121094,39.849998474121094,25.25907325744629,525123
2014-01-15,39.849998474121094,40.20000076293945,39.849998474121094,40.0,25.35414695739746,486246
2014-01-16,40.599998474121094,40.599998474121094,40.099998474121094,40.5,25.67106819152832,1531200
2014-01-17,40.400001525878906,40.5,39.5,40.04999923706055,25.385835647583008,1827000
2014-01-20,40.150001525878906,40.150001525878906,39.849998474121094,39.95000076293945,25.322450637817383,202000
2014-01-21,39.45000076293945,40.0,39.0,39.849998474121094,25.25907325744629,1810000
2014-01-22,40.0,40.25,39.650001525878906,39.75,25.195682525634766,1250000
2014-01-23,40.0,40.25,39.150001525878906,39.400001525878906,24.97382926940918,1737882
2014-01-24,39.400001525878906,39.45000076293945,39.25,39.29999923706055,24.91044807434082,877000
2014-01-27,38.70000076293945,38.75,37.400001525878906,37.599998474121094,23.83289337158203,800000
2014-01-28,37.70000076293945,37.70000076293945,36.29999923706055,36.5,23.135656356811523,818010
2014-01-29,36.79999923706055,37.04999923706055,36.5,36.75,23.29412078857422,478246
2014-01-30,36.04999923706055,36.45000076293945,35.25,35.599998474121094,22.565185546875,448070
2014-02-04,35.79999923706055,36.5,35.45000076293945,35.95000076293945,22.787036895751953,567328
2014-02-05,36.20000076293945,36.20000076293945,35.45000076293945,35.79999923706055,22.691959381103516,564139
2014-02-06,35.599998474121094,36.70000076293945,35.5,36.400001525878906,23.072275161743164,604445
2014-02-07,36.79999923706055,36.900001525878906,36.04999923706055,36.54999923706055,23.1673526763916,99857
2014-02-10,36.900001525878906,36.900001525878906,36.70000076293945,36.70000076293945,23.262426376342773,194000
2014-02-11,36.95000076293945,37.20000076293945,36.599998474121094,36.849998474121094,23.35750389099121,255000
2014-02-12,37.20000076293945,38.04999923706055,37.20000076293945,37.400001525878906,23.706125259399414,218824
2014-02-13,37.400001525878906,37.400001525878906,36.5,36.75,23.29412078857422,280000
2014-02-14,36.70000076293945,37.45000076293945,36.45000076293945,36.45000076293945,23.103960037231445,647426
2014-02-17,36.29999923706055,36.599998474121094,36.099998474121094,36.20000076293945,22.945505142211914,142000
2014-02-18,36.099998474121094,36.599998474121094,35.599998474121094,36.25,22.977190017700195,209000
2014-02-19,36.0,36.400001525878906,36.0,36.29999923706055,23.008886337280273,284000
2014-02-20,36.45000076293945,36.45000076293945,36.150001525878906,36.29999923706055,23.008886337280273,275000
2014-02-21,36.150001525878906,36.5,36.150001525878906,36.400001525878906,23.072275161743164,136000
2014-02-24,36.650001525878906,37.25,36.0,36.400001525878906,23.072275161743164,977426
2014-02-25,36.400001525878906,36.70000076293945,35.79999923706055,36.150001525878906,22.913806915283203,90000
2014-02-26,36.0,36.400001525878906,35.849998474121094,36.349998474121094,23.040573120117188,89000
2014-02-27,36.29999923706055,36.400001525878906,36.150001525878906,36.29999923706055,23.008886337280273,280000
2014-02-28,36.75,36.75,36.400001525878906,36.45000076293945,23.103960037231445,168414
2014-03-03,36.150001525878906,36.5,35.599998474121094,35.849998474121094,22.723651885986328,367446
2014-03-04,35.79999923706055,36.45000076293945,35.79999923706055,35.95000076293945,22.787036895751953,163000
2014-03-05,36.0,36.400001525878906,35.54999923706055,36.099998474121094,22.882112503051758,210200
2014-03-06,36.150001525878906,36.20000076293945,35.54999923706055,36.099998474121094,22.882112503051758,237000
2014-03-07,36.0,36.400001525878906,36.0,36.25,22.977190017700195,60000
2014-03-10,35.900001525878906,36.25,35.70000076293945,35.900001525878906,22.75534439086914,163000
2014-03-11,35.900001525878906,36.75,35.849998474121094,36.349998474121094,23.040573120117188,211700
2014-03-12,36.349998474121094,36.400001525878906,35.900001525878906,36.150001525878906,22.913806915283203,383718
2014-03-13,36.150001525878906,36.5,35.900001525878906,36.150001525878906,22.913806915283203,998000
2014-03-14,36.0,36.650001525878906,35.849998474121094,36.400001525878906,23.072275161743164,954000
2014-03-17,37.0,37.0,36.150001525878906,36.349998474121094,23.040573120117188,122000
2014-03-18,36.349998474121094,36.95000076293945,36.349998474121094,36.95000076293945,23.4208927154541,330000
2014-03-19,36.95000076293945,36.95000076293945,35.900001525878906,36.04999923706055,22.850421905517578,258000
2014-03-20,36.25,36.25,34.75,34.849998474121094,22.089797973632812,1094000
2014-03-21,34.900001525878906,35.04999923706055,34.599998474121094,34.75,22.026416778564453,961000
2014-03-24,34.95000076293945,36.099998474121094,34.75,35.79999923706055,22.691959381103516,385083
2014-03-25,36.099998474121094,36.349998474121094,35.45000076293945,36.0,22.8187313079834,491062
2014-03-26,36.400001525878906,36.650001525878906,36.150001525878906,36.45000076293945,23.103960037231445,448843
2014-03-27,36.45000076293945,37.45000076293945,36.0,36.54999923706055,23.1673526763916,417020
2014-03-28,37.0,37.45000076293945,36.95000076293945,37.349998474121094,23.67443084716797,182000
2014-03-31,37.349998474121094,39.599998474121094,37.349998474121094,39.04999923706055,24.75197982788086,791069
2014-04-01,38.849998474121094,39.20000076293945,38.25,39.099998474121094,24.783676147460938,488000
2014-04-02,39.5,40.20000076293945,39.5,40.099998474121094,25.41752815246582,674484
2014-04-03,39.95000076293945,40.5,39.70000076293945,40.0,25.35414695739746,269230
2014-04-04,40.29999923706055,40.29999923706055,39.79999923706055,39.95000076293945,25.322450637817383,268000
2014-04-07,40.0,40.5,40.0,40.25,25.512605667114258,178000
2014-04-08,40.400001525878906,40.900001525878906,40.150001525878906,40.400001525878906,25.60768699645996,60000
2014-04-09,40.400001525878906,40.79999923706055,40.25,40.45000076293945,25.639379501342773,127000
2014-04-10,41.45000076293945,41.54999923706055,40.400001525878906,41.5,26.304929733276367,201000
2014-04-11,42.0,42.0,40.70000076293945,40.849998474121094,25.892919540405273,184360
2014-04-14,40.849998474121094,40.849998474121094,40.5,40.75,25.82953643798828,165000
2014-04-15,40.849998474121094,40.849998474121094,40.25,40.650001525878906,25.766149520874023,1659000
2014-04-16,40.79999923706055,41.400001525878906,40.79999923706055,40.95000076293945,25.9563045501709,320000
2014-04-17,41.5,41.45000076293945,41.099998474121094,41.349998474121094,26.20984649658203,142000
2014-04-22,41.150001525878906,41.70000076293945,40.849998474121094,41.599998474121094,26.36831283569336,288000
2014-04-23,41.95000076293945,42.150001525878906,41.45000076293945,41.849998474121094,26.526779174804688,307064
2014-04-24,42.5,42.5,41.95000076293945,42.150001525878906,26.716928482055664,152894
2014-04-25,42.29999923706055,42.400001525878906,41.04999923706055,41.599998474121094,26.36831283569336,1171185
2014-04-28,40.900001525878906,41.29999923706055,40.79999923706055,40.95000076293945,26.34257698059082,153000
2014-04-29,40.95000076293945,42.150001525878906,40.54999923706055,42.099998474121094,27.082353591918945,653000
2014-04-30,41.95000076293945,42.20000076293945,40.150001525878906,42.04999923706055,27.050193786621094,186000
2014-05-02,42.20000076293945,42.400001525878906,41.45000076293945,42.29999923706055,27.211013793945312,289214
2014-05-05,42.29999923706055,42.900001525878906,42.20000076293945,42.849998474121094,27.5648193359375,377050
2014-05-07,43.349998474121094,43.349998474121094,42.54999923706055,42.79999923706055,27.532657623291016,1094895
2014-05-08,42.70000076293945,42.70000076293945,41.650001525878906,42.150001525878906,27.114521026611328,701062
2014-05-09,41.5,42.400001525878906,41.400001525878906,42.04999923706055,27.050193786621094,274000
2014-05-12,41.95000076293945,42.849998474121094,41.70000076293945,42.599998474121094,27.404001235961914,2001000
2014-05-13,44.650001525878906,44.650001525878906,42.54999923706055,43.150001525878906,27.757814407348633,878240
2014-05-14,43.04999923706055,43.5,42.54999923706055,43.04999923706055,27.693477630615234,802000
2014-05-15,43.5,43.5,42.849998474121094,43.04999923706055,27.693477630615234,231000
2014-05-16,43.04999923706055,43.349998474121094,42.75,43.150001525878906,27.757814407348633,1574000
2014-05-19,43.20000076293945,43.5,42.79999923706055,42.95000076293945,27.629152297973633,564897
2014-05-20,42.900001525878906,42.900001525878906,42.45000076293945,42.599998474121094,27.404001235961914,724000
2014-05-21,43.0,43.0,42.150001525878906,42.5,27.33966827392578,2857755
2014-05-22,42.54999923706055,42.70000076293945,42.099998474121094,42.5,27.33966827392578,468038
2014-05-23,42.70000076293945,43.5,42.70000076293945,43.0,27.66131591796875,133000
2014-05-26,42.95000076293945,43.150001525878906,42.54999923706055,42.849998474121094,27.5648193359375,254000
2014-05-27,42.900001525878906,42.79999923706055,42.29999923706055,42.79999923706055,27.532657623291016,238426
2014-05-28,42.900001525878906,43.45000076293945,42.900001525878906,43.400001525878906,27.918630599975586,613000
2014-05-29,43.95000076293945,44.0,43.0,43.45000076293945,27.9507999420166,615612
2014-05-30,43.5,43.79999923706055,43.400001525878906,43.650001525878906,28.079448699951172,304898
2014-06-03,45.0,45.0,44.150001525878906,44.25,28.465417861938477,601103
2014-06-04,44.650001525878906,44.650001525878906,43.75,43.900001525878906,28.240272521972656,133992
2014-06-05,44.0,44.25,43.599998474121094,43.599998474121094,28.047283172607422,361000
2014-06-06,44.150001525878906,44.45000076293945,43.849998474121094,44.25,28.465417861938477,111000
2014-06-09,44.29999923706055,44.400001525878906,43.400001525878906,43.54999923706055,28.015119552612305,222000
2014-06-10,43.79999923706055,44.150001525878906,43.599998474121094,43.79999923706055,28.175947189331055,127139
2014-06-11,44.25,44.29999923706055,43.599998474121094,44.0,28.304603576660156,157040
2014-06-12,43.70000076293945,43.79999923706055,43.45000076293945,43.79999923706055,28.175947189331055,283000
2014-06-13,43.900001525878906,43.900001525878906,43.29999923706055,43.5,27.98296356201172,259250
2014-06-16,43.54999923706055,43.900001525878906,43.25,43.29999923706055,27.854299545288086,758644
2014-06-17,43.599998474121094,43.599998474121094,42.75,43.0,27.66131591796875,303000
2014-06-18,42.95000076293945,42.95000076293945,42.150001525878906,42.650001525878906,27.436166763305664,2611354
2014-06-19,42.95000076293945,43.150001525878906,42.45000076293945,42.70000076293945,27.468332290649414,138000
2014-06-20,43.0,43.150001525878906,41.900001525878906,42.04999923706055,27.050193786621094,1631812
2014-06-23,42.29999923706055,42.79999923706055,41.54999923706055,41.650001525878906,26.792875289916992,1621258
2014-06-24,42.45000076293945,42.70000076293945,41.400001525878906,41.5,26.696392059326172,345208
2014-06-25,42.25,42.599998474121094,42.0,42.0,27.01803207397461,119048
2014-06-26,42.45000076293945,42.599998474121094,41.650001525878906,42.0,27.01803207397461,2021180
2014-06-27,42.0,42.45000076293945,41.849998474121094,42.20000076293945,27.146684646606445,143291
2014-06-30,42.400001525878906,42.400001525878906,41.650001525878906,41.95000076293945,26.985864639282227,511188
2014-07-02,42.45000076293945,43.150001525878906,42.20000076293945,42.95000076293945,27.629152297973633,3743929
2014-07-03,42.900001525878906,42.95000076293945,42.45000076293945,42.70000076293945,27.468332290649414,233000
2014-07-04,43.5,44.0,43.5,43.70000076293945,28.111614227294922,573002
2014-07-07,43.849998474121094,43.95000076293945,43.70000076293945,43.79999923706055,28.175947189331055,83000
2014-07-08,43.70000076293945,43.79999923706055,43.0,43.04999923706055,27.693477630615234,490000
2014-07-09,43.0,43.75,42.5,42.79999923706055,27.532657623291016,305000
2014-07-10,43.099998474121094,43.099998474121094,42.5,42.599998474121094,27.404001235961914,712000
2014-07-11,42.900001525878906,42.900001525878906,42.25,42.75,27.50049591064453,116325
2014-07-14,43.20000076293945,43.20000076293945,42.0,42.04999923706055,27.050193786621094,2660139
2014-07-15,42.45000076293945,43.20000076293945,42.04999923706055,42.70000076293945,27.468332290649414,285150
2014-07-16,43.29999923706055,43.45000076293945,42.95000076293945,43.099998474121094,27.72563934326172,646350
2014-07-17,43.45000076293945,43.5,43.099998474121094,43.150001525878906,27.757814407348633,101692
2014-07-18,43.0,43.099998474121094,42.349998474121094,42.95000076293945,27.629152297973633,767000
2014-07-21,43.5,43.5,42.650001525878906,42.900001525878906,27.59699249267578,68000
2014-07-22,43.900001525878906,43.900001525878906,42.95000076293945,43.20000076293945,27.78997039794922,317000
2014-07-23,43.900001525878906,43.900001525878906,42.75,42.849998474121094,27.5648193359375,515852
2014-07-24,42.75,43.5,42.75,43.25,27.822134017944336,223301
2014-07-25,42.79999923706055,43.650001525878906,42.79999923706055,43.29999923706055,27.854299545288086,184001
2014-07-28,43.900001525878906,43.900001525878906,42.95000076293945,43.29999923706055,27.854299545288086,287000
2014-07-29,43.5,43.5,42.5,42.54999923706055,27.37183952331543,232180
2014-07-30,42.900001525878906,43.0,42.349998474121094,42.54999923706055,27.37183952331543,734000
2014-07-31,42.79999923706055,42.79999923706055,41.5,41.70000076293945,26.82503890991211,977047
2014-08-01,41.70000076293945,42.0,41.5,41.900001525878906,26.95370101928711,806000
2014-08-04,41.900001525878906,42.29999923706055,41.79999923706055,42.04999923706055,27.050193786621094,2055000
2014-08-05,42.29999923706055,42.5,41.79999923706055,42.0,27.01803207397461,650000
2014-08-06,42.0,42.0,41.79999923706055,42.0,27.01803207397461,167300
2014-08-07,42.0,42.0,41.150001525878906,41.25,26.535560607910156,131000
2014-08-08,40.79999923706055,41.79999923706055,40.79999923706055,41.70000076293945,26.82503890991211,190965
2014-08-11,41.79999923706055,42.25,41.75,42.0,27.01803207397461,581000
2014-08-12,41.900001525878906,42.400001525878906,41.900001525878906,42.0,27.01803207397461,197000
2014-08-13,42.150001525878906,42.349998474121094,41.849998474121094,42.0,27.01803207397461,810606
2014-08-14,42.29999923706055,42.29999923706055,41.900001525878906,42.0,27.01803207397461,50000
2014-08-15,42.5,42.5,41.75,42.0,27.01803207397461,769920
2014-08-18,42.54999923706055,42.54999923706055,41.900001525878906,42.0,27.01803207397461,860000
2014-08-19,42.45000076293945,43.900001525878906,42.45000076293945,43.70000076293945,28.111614227294922,381600
2014-08-20,43.25,44.0,43.25,43.900001525878906,28.240272521972656,309139
2014-08-21,43.900001525878906,43.849998474121094,43.25,43.25,27.822134017944336,113000
2014-08-22,43.900001525878906,44.20000076293945,43.45000076293945,43.5,27.98296356201172,828521
2014-08-25,43.5,44.45000076293945,43.5,44.400001525878906,28.561918258666992,71500
2014-08-26,44.25,44.45000076293945,44.0,44.400001525878906,28.561918258666992,233100
2014-08-27,44.5,44.5,44.20000076293945,44.29999923706055,28.49758529663086,94000
2014-08-28,44.95000076293945,44.95000076293945,43.70000076293945,43.75,28.143781661987305,200000
2014-08-29,44.0,44.0,43.099998474121094,43.29999923706055,27.854299545288086,232779
2014-09-01,43.400001525878906,43.75,42.0,42.20000076293945,27.146684646606445,271000
2014-09-02,42.20000076293945,42.849998474121094,42.20000076293945,42.70000076293945,27.468332290649414,143525
2014-09-03,42.900001525878906,43.0,42.45000076293945,42.95000076293945,27.629152297973633,364539
2014-09-04,43.349998474121094,43.70000076293945,43.0,43.54999923706055,28.015119552612305,357539
2014-09-05,43.349998474121094,43.650001525878906,43.0,43.599998474121094,28.047283172607422,422852
2014-09-08,44.400001525878906,44.400001525878906,43.75,44.099998474121094,28.368932723999023,407247
2014-09-10,45.0,45.0,43.849998474121094,44.04999923706055,28.336767196655273,475075
2014-09-11,44.0,44.5,43.099998474121094,43.5,27.98296356201172,127648
2014-09-12,43.70000076293945,44.400001525878906,43.70000076293945,44.099998474121094,28.49338722229004,334317
2014-09-15,44.25,44.25,43.5,43.70000076293945,28.234941482543945,129000
2014-09-16,44.0,44.29999923706055,43.29999923706055,43.599998474121094,28.17032241821289,250000
2014-09-17,43.70000076293945,43.79999923706055,42.70000076293945,42.75,27.621135711669922,211070
2014-09-18,43.45000076293945,43.45000076293945,42.25,42.599998474121094,27.524219512939453,208000
2014-09-19,42.54999923706055,42.79999923706055,42.150001525878906,42.650001525878906,27.556529998779297,1357134
2014-09-22,42.650001525878906,42.650001525878906,41.0,41.099998474121094,26.555057525634766,346665
2014-09-23,40.79999923706055,41.04999923706055,40.099998474121094,40.20000076293945,25.97356414794922,589751
2014-09-24,40.349998474121094,40.45000076293945,39.75,40.400001525878906,26.102783203125,770298
2014-09-25,40.29999923706055,40.5,39.650001525878906,39.900001525878906,25.779733657836914,413000
2014-09-26,40.20000076293945,40.20000076293945,39.25,39.599998474121094,25.58589744567871,333000
2014-09-29,38.95000076293945,39.150001525878906,38.04999923706055,38.45000076293945,24.84287452697754,180200
2014-09-30,38.150001525878906,38.79999923706055,37.900001525878906,38.45000076293945,24.84287452697754,531037
2014-10-03,37.79999923706055,38.20000076293945,37.400001525878906,37.900001525878906,24.487510681152344,749000
2014-10-06,38.0,38.349998474121094,37.79999923706055,38.099998474121094,24.616731643676758,1556036
2014-10-07,38.04999923706055,38.400001525878906,37.650001525878906,38.400001525878906,24.81056785583496,797010
2014-10-08,38.20000076293945,38.29999923706055,37.900001525878906,38.0,24.552120208740234,930621
2014-10-09,38.400001525878906,38.70000076293945,38.099998474121094,38.349998474121094,24.778263092041016,169791
2014-10-10,38.349998474121094,38.349998474121094,37.79999923706055,38.150001525878906,24.64903450012207,123000
2014-10-13,37.650001525878906,38.04999923706055,37.45000076293945,38.0,24.552120208740234,101281
2014-10-14,37.75,38.099998474121094,37.54999923706055,37.70000076293945,24.358295440673828,88000
2014-10-15,37.5,38.400001525878906,37.5,37.95000076293945,24.519821166992188,611000
2014-10-16,37.70000076293945,37.900001525878906,37.5,37.79999923706055,24.42289924621582,117000
2014-10-17,37.70000076293945,38.0,37.400001525878906,37.79999923706055,24.42289924621582,188336
2014-10-20,38.25,38.25,37.79999923706055,37.849998474121094,24.45520782470703,2354089
2014-10-21,38.099998474121094,38.400001525878906,37.95000076293945,38.349998474121094,24.778263092041016,1422279
2014-10-22,39.0,39.0,38.349998474121094,38.45000076293945,24.84287452697754,359000
2014-10-23,38.150001525878906,38.849998474121094,37.849998474121094,38.75,25.036701202392578,491139
2014-10-24,39.150001525878906,39.20000076293945,38.25,38.349998474121094,24.778263092041016,561900
2014-10-27,38.20000076293945,38.25,37.599998474121094,37.650001525878906,24.325990676879883,135000
2014-10-28,37.599998474121094,38.150001525878906,37.54999923706055,38.04999923706055,24.584423065185547,130048
2014-10-29,38.20000076293945,38.29999923706055,38.0,38.04999923706055,24.584423065185547,145000
2014-10-30,38.400001525878906,38.70000076293945,38.29999923706055,38.650001525878906,24.97209358215332,224196
2014-10-31,38.75,39.20000076293945,38.29999923706055,39.0,25.198230743408203,675519
2014-11-03,38.95000076293945,39.349998474121094,38.599998474121094,39.099998474121094,25.262842178344727,175000
2014-11-04,38.849998474121094,39.349998474121094,38.849998474121094,39.0,25.198230743408203,121000
2014-11-05,38.849998474121094,39.20000076293945,38.20000076293945,38.349998474121094,24.778263092041016,117000
2014-11-06,38.25,38.70000076293945,38.099998474121094,38.25,24.71364974975586,93387
2014-11-07,38.25,38.400001525878906,37.70000076293945,37.95000076293945,24.519821166992188,970713
2014-11-10,38.29999923706055,38.29999923706055,37.900001525878906,37.900001525878906,24.487510681152344,483456
2014-11-11,37.95000076293945,38.0,37.099998474121094,37.20000076293945,24.035234451293945,244730
2014-11-12,37.45000076293945,37.54999923706055,37.349998474121094,37.5,24.22906494140625,118371
2014-11-13,37.70000076293945,37.70000076293945,36.70000076293945,36.849998474121094,23.809097290039062,479815
2014-11-14,36.900001525878906,37.0,36.79999923706055,36.849998474121094,23.809097290039062,962400
2014-11-17,37.29999923706055,37.29999923706055,36.849998474121094,37.099998474121094,23.970623016357422,123900
2014-11-18,37.0,37.0,36.099998474121094,36.599998474121094,23.647573471069336,248500
2014-11-19,36.349998474121094,36.95000076293945,35.900001525878906,36.04999923706055,23.29220962524414,228000
2014-11-20,36.400001525878906,36.5,35.900001525878906,36.25,23.421432495117188,336000
2014-11-21,36.5,36.54999923706055,35.900001525878906,36.29999923706055,23.453739166259766,242220
2014-11-24,36.849998474121094,37.400001525878906,36.70000076293945,37.150001525878906,24.002933502197266,423718
2014-11-25,37.0,37.400001525878906,36.75,36.900001525878906,23.841407775878906,489055
2014-11-26,36.849998474121094,37.25,36.849998474121094,37.0,23.9060115814209,558000
2014-11-27,37.45000076293945,37.45000076293945,36.900001525878906,37.349998474121094,24.132150650024414,266000
2014-11-28,37.25,37.400001525878906,37.099998474121094,37.349998474121094,24.132150650024414,323840
2014-12-01,37.54999923706055,37.54999923706055,36.650001525878906,36.95000076293945,23.873708724975586,1376015
2014-12-02,37.0,37.45000076293945,36.95000076293945,37.20000076293945,24.035234451293945,759500
2014-12-03,37.95000076293945,37.650001525878906,36.599998474121094,36.75,23.744489669799805,373000
2014-12-04,36.70000076293945,36.70000076293945,36.599998474121094,36.599998474121094,23.647573471069336,212008
2014-12-05,36.650001525878906,36.70000076293945,36.400001525878906,36.5,23.582962036132812,302000
2014-12-08,36.5,36.599998474121094,35.5,35.54999923706055,22.969154357910156,605000
2014-12-09,35.849998474121094,35.900001525878906,35.349998474121094,35.650001525878906,23.033769607543945,631334
2014-12-10,35.25,35.599998474121094,35.04999923706055,35.25,22.77532196044922,433365
2014-12-11,34.599998474121094,35.349998474121094,34.400001525878906,35.20000076293945,22.743019104003906,412942
2014-12-12,34.95000076293945,35.45000076293945,34.95000076293945,35.349998474121094,22.839935302734375,133860
2014-12-15,35.0,35.0,34.650001525878906,34.79999923706055,22.484569549560547,202000
2014-12-16,34.75,34.75,34.45000076293945,34.45000076293945,22.258434295654297,812554
2014-12-17,34.54999923706055,34.900001525878906,34.349998474121094,34.400001525878906,22.226131439208984,926400
2014-12-18,34.400001525878906,34.400001525878906,34.20000076293945,34.25,22.129215240478516,895000
2014-12-19,34.5,34.54999923706055,34.099998474121094,34.25,22.129215240478516,548854
2014-12-22,34.29999923706055,34.75,34.29999923706055,34.75,22.4522705078125,1135122
2014-12-23,34.650001525878906,35.29999923706055,34.650001525878906,35.04999923706055,22.64609718322754,195000
2014-12-24,34.900001525878906,34.95000076293945,34.5,34.849998474121094,22.51688003540039,294000
2014-12-29,35.5,35.5,35.20000076293945,35.29999923706055,22.807628631591797,279000
2014-12-30,35.25,35.45000076293945,35.0,35.25,22.77532196044922,486001
2014-12-31,35.79999923706055,35.79999923706055,35.0,35.20000076293945,22.743019104003906,31000
2015-01-02,35.400001525878906,35.5,35.20000076293945,35.349998474121094,22.839935302734375,431000
2015-01-05,35.25,35.54999923706055,34.75,35.5,22.93684959411621,310139
2015-01-06,35.25,35.25,34.54999923706055,34.599998474121094,22.3553524017334,2774000
2015-01-07,34.29999923706055,34.849998474121094,34.29999923706055,34.70000076293945,22.41996192932129,148750
2015-01-08,34.70000076293945,34.900001525878906,34.5,34.900001525878906,22.549190521240234,164000
2015-01-09,35.20000076293945,35.20000076293945,34.70000076293945,34.849998474121094,22.51688003540039,287000
2015-01-12,35.099998474121094,35.650001525878906,35.099998474121094,35.150001525878906,22.710718154907227,354854
2015-01-13,34.95000076293945,35.099998474121094,34.900001525878906,35.0,22.613798141479492,839341
2015-01-14,35.0,35.0,34.75,34.95000076293945,22.58148956298828,504196
2015-01-15,34.95000076293945,35.349998474121094,34.79999923706055,34.900001525878906,22.549190521240234,432905
2015-01-16,34.75,35.150001525878906,34.75,34.900001525878906,22.549190521240234,211155
2015-01-19,35.0,35.099998474121094,34.75,35.0,22.613798141479492,546900
2015-01-20,34.95000076293945,35.349998474121094,34.95000076293945,35.25,22.77532196044922,1076850
2015-01-21,35.400001525878906,35.75,35.0,35.650001525878906,23.033769607543945,580837
2015-01-22,35.599998474121094,36.0,35.29999923706055,35.54999923706055,22.969154357910156,782000
2015-01-23,36.0,36.599998474121094,36.0,36.599998474121094,23.647573471069336,2996000
2015-01-26,36.79999923706055,37.150001525878906,36.400001525878906,37.0,23.9060115814209,442493
2015-01-27,37.5,37.650001525878906,37.04999923706055,37.349998474121094,24.132150650024414,2632000
2015-01-28,37.75,37.79999923706055,37.25,37.45000076293945,24.196765899658203,625927
2015-01-29,37.650001525878906,37.650001525878906,36.75,36.95000076293945,23.873708724975586,523900
2015-01-30,36.95000076293945,37.45000076293945,36.79999923706055,36.900001525878906,23.841407775878906,268600
2015-02-02,36.75,36.75,36.349998474121094,36.45000076293945,23.5506534576416,429000
2015-02-03,36.400001525878906,36.900001525878906,36.25,36.650001525878906,23.67987632751465,603500
2015-02-04,37.20000076293945,37.20000076293945,36.54999923706055,36.75,23.744489669799805,1184927
2015-02-05,37.5,37.5,36.849998474121094,37.099998474121094,23.970623016357422,3012000
2015-02-06,37.099998474121094,37.349998474121094,36.95000076293945,37.0,23.9060115814209,425103
2015-02-09,37.349998474121094,37.349998474121094,36.650001525878906,36.900001525878906,23.841407775878906,237525
2015-02-10,37.29999923706055,37.29999923706055,36.5,36.70000076293945,23.71217918395996,276927
2015-02-11,36.79999923706055,37.150001525878906,35.849998474121094,35.95000076293945,23.227598190307617,349327
2015-02-12,35.849998474121094,36.849998474121094,35.70000076293945,35.900001525878906,23.195295333862305,661100
2015-02-13,36.0,36.75,35.95000076293945,36.150001525878906,23.356821060180664,961577
2015-02-16,36.400001525878906,36.45000076293945,36.0,36.29999923706055,23.453739166259766,239000
2015-02-17,36.04999923706055,36.349998474121094,35.900001525878906,36.29999923706055,23.453739166259766,200000
2015-02-18,36.349998474121094,36.349998474121094,36.0,36.150001525878906,23.356821060180664,828800
2015-02-23,36.650001525878906,36.650001525878906,36.0,36.25,23.421432495117188,2252954
2015-02-24,36.5,36.5,36.099998474121094,36.150001525878906,23.356821060180664,2296748
2015-02-25,36.20000076293945,36.5,35.95000076293945,36.349998474121094,23.486038208007812,806122
2015-02-26,36.29999923706055,36.400001525878906,36.0,36.25,23.421432495117188,2203750
2015-02-27,36.25,36.25,35.70000076293945,36.20000076293945,23.389131546020508,468100
2015-03-02,36.349998474121094,36.849998474121094,36.29999923706055,36.5,23.582962036132812,412000
2015-03-03,36.45000076293945,36.45000076293945,36.0,36.25,23.421432495117188,1058750
2015-03-04,36.349998474121094,36.75,36.0,36.099998474121094,23.324512481689453,1967000
2015-03-05,35.95000076293945,36.0,35.150001525878906,35.349998474121094,22.839935302734375,4234600
2015-03-06,36.29999923706055,36.29999923706055,35.5,35.599998474121094,23.0014591217041,1279489
2015-03-09,35.70000076293945,35.70000076293945,35.25,35.29999923706055,22.807628631591797,5132700
2015-03-10,35.25,35.650001525878906,35.25,35.5,22.93684959411621,1364854
2015-03-11,35.25,35.849998474121094,35.20000076293945,35.650001525878906,23.033769607543945,1098695
2015-03-12,36.0,36.5,35.79999923706055,36.099998474121094,23.324512481689453,952000
2015-03-13,36.5,36.5,35.79999923706055,35.849998474121094,23.162988662719727,204000
2015-03-16,36.45000076293945,36.45000076293945,34.900001525878906,35.0,22.613798141479492,1297000
2015-03-17,35.54999923706055,35.54999923706055,34.650001525878906,34.70000076293945,22.41996192932129,857845
2015-03-18,35.400001525878906,35.400001525878906,34.599998474121094,34.75,22.4522705078125,2647094
2015-03-19,34.75,34.79999923706055,34.20000076293945,34.5,22.290746688842773,2306500
2015-03-20,34.04999923706055,36.099998474121094,33.5,35.849998474121094,23.162988662719727,12009593
2015-03-23,35.79999923706055,36.0,35.5,35.79999923706055,23.130685806274414,5055106
2015-03-24,36.5,36.5,35.75,36.04999923706055,23.29220962524414,1488617
2015-03-25,35.900001525878906,36.29999923706055,35.75,35.95000076293945,23.227598190307617,978551
2015-03-26,36.5,36.5,35.650001525878906,35.79999923706055,23.130685806274414,578205
2015-03-27,36.20000076293945,36.20000076293945,35.650001525878906,35.95000076293945,23.227598190307617,1212794
2015-03-30,35.650001525878906,36.0,35.400001525878906,35.54999923706055,22.969154357910156,1230850
2015-03-31,35.29999923706055,35.79999923706055,35.29999923706055,35.349998474121094,22.839935302734375,1395978
2015-04-01,35.75,36.54999923706055,35.29999923706055,36.29999923706055,23.453739166259766,2789289
2015-04-02,36.599998474121094,36.79999923706055,36.25,36.54999923706055,23.61526870727539,459000
2015-04-08,37.150001525878906,37.150001525878906,36.29999923706055,36.79999923706055,23.776796340942383,1808114
2015-04-09,37.599998474121094,38.099998474121094,37.04999923706055,37.95000076293945,24.519821166992188,1293937
2015-04-10,38.29999923706055,38.70000076293945,37.599998474121094,38.29999923706055,24.745948791503906,1916108
2015-04-13,38.900001525878906,39.70000076293945,38.45000076293945,39.650001525878906,25.618206024169922,1457446
2015-04-14,40.0,40.0,38.900001525878906,39.04999923706055,25.230531692504883,2089478
2015-04-15,39.099998474121094,39.650001525878906,38.849998474121094,39.25,25.35975456237793,746346
2015-04-16,39.5,39.5,38.900001525878906,39.0,25.198230743408203,739361
2015-04-17,39.45000076293945,39.45000076293945,38.599998474121094,38.79999923706055,25.069011688232422,511332
2015-04-20,38.5,38.75,37.849998474121094,38.099998474121094,24.616731643676758,197000
2015-04-21,39.900001525878906,39.900001525878906,37.900001525878906,38.04999923706055,24.584423065185547,472717
2015-04-22,38.29999923706055,38.900001525878906,38.25,38.45000076293945,24.84287452697754,296683
2015-04-23,38.79999923706055,38.79999923706055,38.349998474121094,38.54999923706055,24.90748405456543,307978
2015-04-24,38.75,39.150001525878906,38.400001525878906,38.900001525878906,25.133625030517578,492644
2015-04-27,39.099998474121094,39.900001525878906,39.04999923706055,39.849998474121094,25.74742889404297,531279
2015-04-28,39.849998474121094,39.849998474121094,39.099998474121094,39.650001525878906,25.618206024169922,660410
2015-04-29,39.45000076293945,41.54999923706055,39.45000076293945,41.20000076293945,26.619670867919922,444404
2015-04-30,41.20000076293945,41.25,40.0,41.099998474121094,26.555057525634766,536300
2015-05-04,40.70000076293945,41.400001525878906,39.599998474121094,41.099998474121094,26.961780548095703,559156
2015-05-05,41.29999923706055,41.599998474121094,40.5,41.349998474121094,27.125783920288086,621708
2015-05-06,41.5,41.95000076293945,41.20000076293945,41.45000076293945,27.191383361816406,711044
2015-05-07,41.599998474121094,41.900001525878906,40.04999923706055,40.900001525878906,26.830575942993164,319956
2015-05-08,40.29999923706055,40.849998474121094,39.54999923706055,40.79999923706055,26.76498031616211,586846
2015-05-11,41.25,41.25,40.29999923706055,40.70000076293945,26.699378967285156,294978
2015-05-12,40.79999923706055,40.79999923706055,39.29999923706055,39.29999923706055,25.780973434448242,940378
2015-05-13,39.79999923706055,39.79999923706055,39.29999923706055,39.45000076293945,25.87937355041504,377096
2015-05-14,39.599998474121094,39.599998474121094,38.54999923706055,39.04999923706055,25.61697006225586,1199950
2015-05-15,39.20000076293945,39.95000076293945,39.20000076293945,39.599998474121094,25.977771759033203,731467
2015-05-18,39.599998474121094,40.400001525878906,39.5,40.0,26.24017906188965,1128989
2015-05-19,39.599998474121094,40.04999923706055,39.54999923706055,39.650001525878906,26.010578155517578,1191767
2015-05-20,39.95000076293945,40.45000076293945,39.599998474121094,40.04999923706055,26.272981643676758,1418700
2015-05-21,40.25,40.400001525878906,39.599998474121094,39.849998474121094,26.141773223876953,464467
2015-05-22,40.29999923706055,40.70000076293945,39.849998474121094,40.45000076293945,26.535381317138672,454561
2015-05-26,40.54999923706055,40.79999923706055,39.95000076293945,40.349998474121094,26.469785690307617,703490
2015-05-27,40.29999923706055,40.29999923706055,39.54999923706055,39.900001525878906,26.174575805664062,2800735
2015-05-28,40.099998474121094,40.25,39.349998474121094,39.70000076293945,26.043371200561523,288489
2015-05-29,39.150001525878906,39.70000076293945,38.95000076293945,39.20000076293945,25.71537208557129,656000
2015-06-01,39.20000076293945,39.45000076293945,38.900001525878906,39.0,25.584171295166016,236730
2015-06-02,39.20000076293945,39.150001525878906,37.79999923706055,37.95000076293945,24.895362854003906,502000
2015-06-03,37.95000076293945,38.0,37.650001525878906,37.75,24.764163970947266,806405
2015-06-04,37.79999923706055,37.900001525878906,37.0,37.29999923706055,24.468965530395508,1017000
2015-06-05,37.0,37.45000076293945,36.54999923706055,36.599998474121094,24.009761810302734,706978
2015-06-08,36.75,36.75,35.5,36.150001525878906,23.71455955505371,1695795
2015-06-09,36.29999923706055,36.599998474121094,35.70000076293945,35.70000076293945,23.419357299804688,1490086
2015-06-10,36.20000076293945,36.95000076293945,35.849998474121094,36.0,23.616161346435547,731138
2015-06-11,36.25,36.79999923706055,35.95000076293945,36.54999923706055,23.97696304321289,1814542
2015-06-12,36.95000076293945,37.0,36.29999923706055,36.849998474121094,24.17376136779785,453537
2015-06-15,37.0,37.0,36.20000076293945,36.5,23.944164276123047,477166
2015-06-16,36.900001525878906,36.900001525878906,35.75,35.95000076293945,23.58336067199707,390000
2015-06-17,35.70000076293945,35.95000076293945,35.54999923706055,35.70000076293945,23.419357299804688,497827
2015-06-18,35.70000076293945,35.79999923706055,35.5,35.70000076293945,23.419357299804688,175000
2015-06-19,35.900001525878906,36.150001525878906,35.20000076293945,35.29999923706055,23.156957626342773,423658
2015-06-22,35.20000076293945,36.0,35.20000076293945,35.95000076293945,23.58336067199707,226515
2015-06-23,35.70000076293945,36.25,35.349998474121094,36.20000076293945,23.74736213684082,517398
2015-06-24,36.0,36.20000076293945,35.29999923706055,35.599998474121094,23.353755950927734,422101
2015-06-25,35.599998474121094,36.150001525878906,35.45000076293945,36.0,23.616161346435547,719000
2015-06-26,36.0,36.0,34.25,34.849998474121094,22.861751556396484,585166
2015-06-29,34.349998474121094,34.650001525878906,33.70000076293945,33.95000076293945,22.27135467529297,463668
2015-06-30,34.0,34.400001525878906,33.79999923706055,34.150001525878906,22.402551651000977,1186578
2015-07-02,34.900001525878906,35.400001525878906,34.20000076293945,35.04999923706055,22.992950439453125,1057735
2015-07-03,35.20000076293945,35.20000076293945,34.25,34.349998474121094,22.53375244140625,514000
2015-07-06,34.20000076293945,34.45000076293945,33.150001525878906,33.599998474121094,22.041748046875,567000
2015-07-07,33.29999923706055,34.599998474121094,33.29999923706055,34.45000076293945,22.59935188293457,1214534
2015-07-08,34.20000076293945,34.20000076293945,29.799999237060547,31.149999618530273,20.434539794921875,1485911
2015-07-09,31.149999618530273,34.099998474121094,31.0,33.650001525878906,22.074548721313477,1734150
2015-07-10,33.70000076293945,34.5,33.599998474121094,34.400001525878906,22.566551208496094,975725
2015-07-13,34.599998474121094,35.900001525878906,33.75,35.70000076293945,23.419357299804688,1502571
2015-07-14,35.900001525878906,36.20000076293945,35.29999923706055,35.75,23.452157974243164,1868964
2015-07-15,36.29999923706055,36.29999923706055,35.45000076293945,35.79999923706055,23.484954833984375,1526767
2015-07-16,36.29999923706055,36.29999923706055,35.849998474121094,36.150001525878906,23.71455955505371,971975
2015-07-17,36.45000076293945,36.5,35.79999923706055,36.04999923706055,23.648954391479492,1391150
2015-07-20,35.29999923706055,36.54999923706055,35.29999923706055,36.0,23.616161346435547,6223090
2015-07-21,36.5,36.5,36.150001525878906,36.29999923706055,23.81296157836914,432210
2015-07-22,36.5,36.5,35.70000076293945,36.150001525878906,23.71455955505371,426387
2015-07-23,35.95000076293945,36.29999923706055,35.95000076293945,36.150001525878906,23.71455955505371,193000
2015-07-24,35.5,35.75,35.400001525878906,35.70000076293945,23.419357299804688,884767
2015-07-27,35.099998474121094,36.0,34.25,35.0,22.960155487060547,613178
2015-07-28,35.29999923706055,35.29999923706055,34.45000076293945,34.70000076293945,22.763357162475586,970000
2015-07-29,34.349998474121094,34.75,34.04999923706055,34.5,22.63215446472168,1220084
2015-07-30,34.349998474121094,34.95000076293945,34.349998474121094,34.599998474121094,22.69775390625,262006
2015-07-31,34.900001525878906,35.04999923706055,34.5,34.95000076293945,22.927356719970703,1135084
2015-08-03,35.400001525878906,35.400001525878906,34.79999923706055,34.95000076293945,22.927356719970703,548168
2015-08-04,35.45000076293945,35.70000076293945,34.599998474121094,34.95000076293945,22.927356719970703,947042
2015-08-05,35.20000076293945,35.79999923706055,35.20000076293945,35.25,23.124156951904297,1434000
2015-08-06,35.70000076293945,35.70000076293945,34.849998474121094,35.150001525878906,23.058555603027344,317000
2015-08-07,35.900001525878906,35.900001525878906,34.400001525878906,34.599998474121094,22.69775390625,412006
2015-08-10,34.70000076293945,34.70000076293945,33.75,34.099998474121094,22.3697509765625,1267767
2015-08-11,34.54999923706055,34.95000076293945,34.150001525878906,34.79999923706055,22.82895278930664,581000
2015-08-12,34.400001525878906,34.400001525878906,30.850000381469727,33.400001525878906,21.910547256469727,1148589
2015-08-13,33.599998474121094,33.599998474121094,32.599998474121094,33.599998474121094,22.041748046875,2246824
2015-08-14,33.79999923706055,34.0,33.29999923706055,33.45000076293945,21.94335174560547,490000
2015-08-17,33.25,33.599998474121094,33.0,33.400001525878906,21.910547256469727,906109
2015-08-18,33.75,33.79999923706055,33.099998474121094,33.25,21.81214714050293,975899
2015-08-19,33.04999923706055,33.29999923706055,32.04999923706055,32.5,21.32014274597168,730084
2015-08-20,32.349998474121094,32.79999923706055,31.799999237060547,32.349998474121094,21.221744537353516,815993
2015-08-21,31.899999618530273,33.0,31.700000762939453,31.899999618530273,20.926538467407227,1697056
2015-08-24,32.29999923706055,32.29999923706055,30.299999237060547,30.399999618530273,19.942537307739258,1181791
2015-08-25,30.5,31.0,29.75,29.75,19.516132354736328,1456343
2015-08-26,29.899999618530273,30.5,29.600000381469727,29.799999237060547,19.548933029174805,1017790
2015-08-27,29.950000762939453,30.75,30.0,30.75,20.172136306762695,985168
2015-08-28,30.75,31.450000762939453,30.299999237060547,30.299999237060547,19.876934051513672,1113168
2015-08-31,30.0,30.299999237060547,29.600000381469727,29.950000762939453,19.64733123779297,2026000
2015-09-01,29.799999237060547,30.0,29.75,29.799999237060547,19.548933029174805,1111018
2015-09-02,29.350000381469727,29.600000381469727,28.799999237060547,29.049999237060547,19.056928634643555,891000
2015-09-04,29.25,29.5,28.649999618530273,29.200000762939453,19.155332565307617,369000
2015-09-07,28.950000762939453,29.649999618530273,28.850000381469727,29.200000762939453,19.155332565307617,707100
2015-09-08,29.399999618530273,29.399999618530273,28.600000381469727,29.100000381469727,19.089731216430664,825279
2015-09-09,29.5,29.549999237060547,29.100000381469727,29.299999237060547,19.220930099487305,2058263
2015-09-10,29.049999237060547,29.25,27.649999618530273,27.700000762939453,18.171323776245117,1336855
2015-09-11,27.899999618530273,28.200000762939453,27.5,27.899999618530273,18.428930282592773,1104708
2015-09-14,28.100000381469727,28.100000381469727,27.299999237060547,27.350000381469727,18.065635681152344,1322000
2015-09-15,27.25,27.25,26.549999237060547,26.899999618530273,17.768396377563477,3269348
2015-09-16,27.700000762939453,27.700000762939453,26.899999618530273,27.149999618530273,17.933528900146484,2402000
2015-09-17,27.299999237060547,27.350000381469727,26.600000381469727,26.850000381469727,17.735368728637695,1616000
2015-09-18,27.049999237060547,28.5,26.899999618530273,27.700000762939453,18.296825408935547,9651506
2015-09-21,27.75,28.049999237060547,27.299999237060547,27.75,18.329849243164062,1543310
2015-09-22,27.899999618530273,28.450000762939453,27.75,27.899999618530273,18.428930282592773,1233770
2015-09-23,27.649999618530273,27.950000762939453,26.75,27.049999237060547,17.867475509643555,2058084
2015-09-24,26.850000381469727,27.299999237060547,26.649999618530273,26.75,17.6693172454834,1570084
2015-09-25,26.899999618530273,27.100000381469727,26.649999618530273,27.0,17.834447860717773,2409000
2015-09-29,26.600000381469727,26.700000762939453,25.799999237060547,26.350000381469727,17.405101776123047,876000
2015-09-30,26.799999237060547,27.299999237060547,26.149999618530273,26.299999237060547,17.372074127197266,2841856
2015-10-02,26.75,26.850000381469727,26.25,26.5,17.504180908203125,1884403
2015-10-05,26.899999618530273,27.549999237060547,26.899999618530273,27.5,18.164716720581055,1503670
2015-10-06,27.700000762939453,27.950000762939453,26.75,27.350000381469727,18.065635681152344,2122041
2015-10-07,27.200000762939453,27.899999618530273,27.200000762939453,27.75,18.329849243164062,10938523
2015-10-08,27.75,27.75,27.25,27.5,18.164716720581055,2153000
2015-10-09,27.600000381469727,27.899999618530273,27.399999618530273,27.450000762939453,18.131690979003906,1728678
2015-10-12,27.649999618530273,28.399999618530273,27.299999237060547,28.350000381469727,18.72616958618164,2261496
2015-10-13,28.899999618530273,28.899999618530273,27.850000381469727,28.200000762939453,18.627094268798828,1783460
2015-10-14,28.200000762939453,28.450000762939453,27.950000762939453,28.399999618530273,18.759197235107422,1754114
2015-10-15,28.700000762939453,29.100000381469727,28.549999237060547,28.799999237060547,19.023408889770508,2058500
2015-10-16,29.350000381469727,29.399999618530273,28.399999618530273,28.850000381469727,19.056440353393555,648000
2015-10-19,28.700000762939453,28.850000381469727,28.25,28.399999618530273,18.759197235107422,1426000
2015-10-20,28.450000762939453,29.0,28.450000762939453,28.649999618530273,18.924333572387695,652000
2015-10-22,28.5,28.75,28.100000381469727,28.450000762939453,18.792224884033203,957000
2015-10-23,28.450000762939453,29.399999618530273,28.450000762939453,29.049999237060547,19.188541412353516,1333000
2015-10-26,29.0,29.299999237060547,28.350000381469727,28.649999618530273,18.924333572387695,1299000
2015-10-27,28.799999237060547,28.850000381469727,28.200000762939453,28.399999618530273,18.759197235107422,762000
2015-10-28,28.200000762939453,28.649999618530273,28.149999618530273,28.149999618530273,18.59406089782715,464000
2015-10-29,28.5,28.75,28.25,28.399999618530273,18.759197235107422,717000
2015-10-30,28.25,28.700000762939453,28.100000381469727,28.149999618530273,18.59406089782715,480000
2015-11-02,27.799999237060547,27.899999618530273,27.049999237060547,27.049999237060547,17.867475509643555,564600
2015-11-03,27.049999237060547,27.799999237060547,27.049999237060547,27.350000381469727,18.065635681152344,253000
2015-11-04,27.549999237060547,28.700000762939453,27.450000762939453,27.899999618530273,18.428930282592773,687540
2015-11-05,27.549999237060547,28.049999237060547,27.5,27.899999618530273,18.428930282592773,789000
2015-11-06,27.950000762939453,28.0,27.299999237060547,27.5,18.164716720581055,341000
2015-11-09,27.25,27.649999618530273,27.049999237060547,27.100000381469727,17.90050506591797,441000
2015-11-10,26.799999237060547,27.149999618530273,26.649999618530273,26.799999237060547,17.70233726501465,562000
2015-11-11,26.700000762939453,26.850000381469727,26.200000762939453,26.299999237060547,17.372074127197266,796219
2015-11-12,26.299999237060547,26.799999237060547,26.100000381469727,26.700000762939453,17.636287689208984,925000
2015-11-13,26.549999237060547,26.549999237060547,26.200000762939453,26.299999237060547,17.372074127197266,326000
2015-11-16,25.899999618530273,26.350000381469727,25.799999237060547,26.350000381469727,17.405101776123047,608311
2015-11-17,26.600000381469727,26.799999237060547,26.399999618530273,26.700000762939453,17.636287689208984,1101000
2015-11-18,26.950000762939453,26.950000762939453,26.399999618530273,26.700000762939453,17.636287689208984,1038000
2015-11-19,26.799999237060547,27.049999237060547,26.799999237060547,26.950000762939453,17.801424026489258,734426
2015-11-20,26.850000381469727,27.25,26.899999618530273,27.100000381469727,17.90050506591797,1472000
2015-11-23,27.049999237060547,27.149999618530273,26.899999618530273,27.100000381469727,17.90050506591797,79000
2015-11-24,27.100000381469727,27.100000381469727,26.799999237060547,26.850000381469727,17.735368728637695,392000
2015-11-25,26.850000381469727,27.299999237060547,26.850000381469727,27.0,17.834447860717773,558804
2015-11-26,26.850000381469727,27.350000381469727,26.850000381469727,27.049999237060547,17.867475509643555,1351000
2015-11-27,27.049999237060547,27.049999237060547,26.649999618530273,26.75,17.6693172454834,529000
2015-11-30,26.600000381469727,26.600000381469727,26.25,26.450000762939453,17.471155166625977,921040
2015-12-01,26.549999237060547,26.75,26.299999237060547,26.700000762939453,17.636287689208984,2143060
2015-12-02,26.700000762939453,27.100000381469727,26.700000762939453,27.0,17.834447860717773,792000
2015-12-03,26.899999618530273,27.100000381469727,26.799999237060547,26.950000762939453,17.801424026489258,3146074
2015-12-04,26.649999618530273,27.100000381469727,26.549999237060547,26.950000762939453,17.801424026489258,787489
2015-12-07,27.100000381469727,27.5,26.299999237060547,26.399999618530273,17.438129425048828,2548000
2015-12-08,26.25,26.399999618530273,25.75,25.75,17.00878143310547,1058983
2015-12-09,25.600000381469727,25.75,25.25,25.350000381469727,16.744565963745117,1141041
2015-12-10,25.149999618530273,25.450000762939453,24.899999618530273,24.899999618530273,16.447322845458984,1725000
2015-12-11,24.75,25.100000381469727,24.649999618530273,24.850000381469727,16.414297103881836,1454069
2015-12-14,24.5,24.600000381469727,24.100000381469727,24.25,16.01797866821289,1317000
2015-12-15,24.100000381469727,25.049999237060547,24.100000381469727,24.25,16.01797866821289,405082
2015-12-16,24.350000381469727,24.75,24.299999237060547,24.549999237060547,16.216140747070312,667082
2015-12-17,24.549999237060547,24.850000381469727,24.350000381469727,24.600000381469727,16.24916648864746,765000
2015-12-18,24.350000381469727,24.950000762939453,24.350000381469727,24.75,16.348247528076172,939151
2015-12-21,24.5,25.0,24.399999618530273,24.700000762939453,16.315214157104492,425215
2015-12-22,24.700000762939453,25.25,24.700000762939453,25.25,16.678512573242188,361484
2015-12-23,25.0,25.0,24.75,24.899999618530273,16.447322845458984,568400
2015-12-24,25.0,25.450000762939453,24.5,25.399999618530273,16.777589797973633,343200
2015-12-28,25.200000762939453,25.75,25.200000762939453,25.600000381469727,16.909700393676758,388000
2015-12-29,25.700000762939453,25.700000762939453,25.350000381469727,25.450000762939453,16.810619354248047,326000
2015-12-30,25.399999618530273,25.399999618530273,24.799999237060547,24.899999618530273,16.447322845458984,681500
2015-12-31,24.700000762939453,25.399999618530273,24.700000762939453,25.200000762939453,16.645484924316406,334400
2016-01-04,25.200000762939453,25.200000762939453,24.5,24.649999618530273,16.282196044921875,204760
2016-01-05,24.299999237060547,25.100000381469727,24.299999237060547,24.950000762939453,16.4803524017334,618800
2016-01-06,24.899999618530273,25.100000381469727,24.350000381469727,25.049999237060547,16.546405792236328,1110000
2016-01-07,24.799999237060547,24.799999237060547,24.0,24.200000762939453,15.984951972961426,1210600
2016-01-08,24.0,24.299999237060547,23.700000762939453,24.149999618530273,15.951923370361328,975000
2016-01-11,24.0,24.0,23.350000381469727,23.450000762939453,15.48955249786377,873000
2016-01-12,23.649999618530273,23.649999618530273,22.950000762939453,23.049999237060547,15.225333213806152,1107000
2016-01-13,23.25,23.75,23.100000381469727,23.450000762939453,15.48955249786377,1849151
2016-01-14,23.0,23.350000381469727,22.850000381469727,23.100000381469727,15.258360862731934,2353754
2016-01-15,23.049999237060547,23.100000381469727,22.5,22.700000762939453,14.994149208068848,1377780
2016-01-18,22.299999237060547,22.5,21.850000381469727,21.899999618530273,14.465718269348145,958504
2016-01-19,22.0,22.649999618530273,21.799999237060547,22.5,14.862038612365723,1762019
2016-01-20,22.399999618530273,22.5,21.450000762939453,21.700000762939453,14.333614349365234,1974100
2016-01-21,21.600000381469727,22.100000381469727,21.0,21.0,13.871237754821777,4610320
2016-01-22,21.5,21.5,20.700000762939453,20.899999618530273,13.805185317993164,3413017
2016-01-25,21.25,21.600000381469727,21.0,21.299999237060547,14.069398880004883,1514000
2016-01-26,21.5,21.649999618530273,20.850000381469727,20.950000762939453,13.838212966918945,2495000
2016-01-27,21.450000762939453,21.5,20.899999618530273,20.950000762939453,13.838212966918945,1625378
2016-01-28,21.049999237060547,21.350000381469727,20.649999618530273,21.049999237060547,13.904266357421875,3037034
2016-01-29,21.200000762939453,21.5,20.799999237060547,21.350000381469727,14.102425575256348,2169000
2016-02-01,21.75,21.75,20.700000762939453,20.799999237060547,13.739130973815918,2357714
2016-02-02,21.200000762939453,21.200000762939453,20.299999237060547,20.399999618530273,13.4749174118042,1850000
2016-02-03,20.100000381469727,20.100000381469727,19.81999969482422,20.0,13.21070384979248,1840312
2016-02-04,20.299999237060547,20.450000762939453,19.959999084472656,20.399999618530273,13.4749174118042,2194225
2016-02-05,20.549999237060547,20.75,20.450000762939453,20.5,13.540968894958496,1100000
2016-02-11,19.8799991607666,20.0,19.600000381469727,19.940000534057617,13.171070098876953,1657160
2016-02-12,19.84000015258789,19.920000076293945,19.540000915527344,19.860000610351562,13.118229866027832,1856000
2016-02-15,19.979999542236328,20.100000381469727,19.780000686645508,19.860000610351562,13.118229866027832,1974451
2016-02-16,19.979999542236328,20.100000381469727,19.719999313354492,19.799999237060547,13.078595161437988,1950000
2016-02-17,19.860000610351562,19.979999542236328,19.459999084472656,19.579999923706055,12.933280944824219,1312000
2016-02-18,19.8799991607666,20.200000762939453,19.8799991607666,19.979999542236328,13.197493553161621,1306016
2016-02-19,20.0,20.049999237060547,19.84000015258789,19.979999542236328,13.197493553161621,1173989
2016-02-22,20.100000381469727,20.75,20.100000381469727,20.5,13.540968894958496,2078600
2016-02-23,20.700000762939453,20.700000762939453,20.350000381469727,20.450000762939453,13.507943153381348,1248000
2016-02-24,20.549999237060547,20.549999237060547,19.940000534057617,20.0,13.21070384979248,1386200
2016-02-25,20.0,20.5,19.860000610351562,19.8799991607666,13.131440162658691,1254000
2016-02-26,20.0,20.299999237060547,19.940000534057617,20.100000381469727,13.27675724029541,1584018
2016-02-29,20.25,20.350000381469727,20.049999237060547,20.25,13.375833511352539,1366000
2016-03-01,20.200000762939453,20.5,20.149999618530273,20.399999618530273,13.4749174118042,1996659
2016-03-02,20.75,21.450000762939453,20.700000762939453,21.299999237060547,14.069398880004883,2503543
2016-03-03,21.5,21.850000381469727,21.299999237060547,21.600000381469727,14.267557144165039,3962329
2016-03-04,21.5,21.899999618530273,21.450000762939453,21.700000762939453,14.333614349365234,2853996
2016-03-07,21.700000762939453,22.450000762939453,21.700000762939453,21.950000762939453,14.498745918273926,3916013
2016-03-08,22.049999237060547,22.200000762939453,21.700000762939453,21.950000762939453,14.498745918273926,1754962
2016-03-09,21.700000762939453,21.899999618530273,21.549999237060547,21.799999237060547,14.399664878845215,1449216
2016-03-10,21.75,22.0,21.5,21.700000762939453,14.333614349365234,938853
2016-03-11,21.799999237060547,22.0,21.649999618530273,21.850000381469727,14.432696342468262,1150409
2016-03-14,21.899999618530273,22.399999618530273,21.700000762939453,22.149999618530273,14.630850791931152,1949140
2016-03-15,22.25,22.399999618530273,21.649999618530273,21.700000762939453,14.333614349365234,2489000
2016-03-16,21.850000381469727,21.899999618530273,21.549999237060547,21.600000381469727,14.267557144165039,3025460
2016-03-17,21.75,21.950000762939453,21.600000381469727,21.700000762939453,14.333614349365234,4509486
2016-03-18,21.75,22.0,21.25,21.299999237060547,14.069398880004883,22948853
2016-03-21,21.549999237060547,21.850000381469727,21.5,21.649999618530273,14.300586700439453,5018326
2016-03-22,21.549999237060547,22.0,21.549999237060547,21.799999237060547,14.399664878845215,2591000
2016-03-23,21.899999618530273,22.100000381469727,21.649999618530273,21.850000381469727,14.432696342468262,3882681
2016-03-24,22.0,22.0,21.25,21.450000762939453,14.168479919433594,3840000
2016-03-29,21.399999618530273,21.75,21.200000762939453,21.600000381469727,14.267557144165039,2999720
2016-03-30,21.799999237060547,22.149999618530273,21.75,22.049999237060547,14.564801216125488,1576000
2016-03-31,22.100000381469727,22.399999618530273,22.100000381469727,22.25,14.696907043457031,2081350
2016-04-01,22.399999618530273,22.399999618530273,22.049999237060547,22.25,14.696907043457031,1493054
2016-04-05,21.850000381469727,21.850000381469727,21.350000381469727,21.5,14.20150375366211,1528106
2016-04-06,21.399999618530273,21.549999237060547,21.200000762939453,21.450000762939453,14.168479919433594,1919729
2016-04-07,21.399999618530273,21.450000762939453,21.350000381469727,21.399999618530273,14.13545036315918,1665000
2016-04-08,21.399999618530273,21.600000381469727,20.899999618530273,21.549999237060547,14.23453426361084,1184756
2016-04-11,21.600000381469727,21.799999237060547,21.450000762939453,21.649999618530273,14.300586700439453,1809000
2016-04-12,21.600000381469727,21.75,21.600000381469727,21.700000762939453,14.333614349365234,842850
2016-04-13,21.899999618530273,22.600000381469727,21.799999237060547,22.450000762939453,14.829015731811523,1866405
2016-04-14,22.700000762939453,23.399999618530273,22.600000381469727,23.350000381469727,15.423498153686523,1307300
2016-04-15,23.649999618530273,23.75,23.350000381469727,23.700000762939453,15.654685020446777,2005284
2016-04-18,23.799999237060547,23.799999237060547,23.299999237060547,23.649999618530273,15.62165641784668,2275000
2016-04-19,24.0,24.0,23.350000381469727,23.5,15.522575378417969,903536
2016-04-20,23.600000381469727,23.700000762939453,23.399999618530273,23.700000762939453,15.654685020446777,1237000
2016-04-21,23.75,23.950000762939453,23.549999237060547,23.700000762939453,15.654685020446777,1102822
2016-04-22,23.350000381469727,24.100000381469727,23.350000381469727,24.049999237060547,15.885871887207031,1203119
2016-04-25,24.049999237060547,24.399999618530273,23.850000381469727,24.25,16.01797866821289,1063000
2016-04-26,24.149999618530273,24.5,23.75,24.200000762939453,15.984951972961426,1850000
2016-04-27,24.299999237060547,24.350000381469727,24.0,24.0,15.852845191955566,1389373
2016-04-28,23.950000762939453,24.399999618530273,23.950000762939453,24.200000762939453,15.984951972961426,1106128
2016-04-29,23.899999618530273,24.149999618530273,23.299999237060547,23.850000381469727,15.753763198852539,1235440
2016-05-03,23.200000762939453,23.450000762939453,22.600000381469727,23.25,15.760539054870605,1339000
2016-05-04,23.200000762939453,24.0,22.899999618530273,22.950000762939453,15.557180404663086,2225000
2016-05-05,22.649999618530273,22.75,22.149999618530273,22.200000762939453,15.048776626586914,1565583
2016-05-06,22.200000762939453,22.25,21.399999618530273,21.450000762939453,14.540372848510742,1795307
2016-05-09,21.600000381469727,22.049999237060547,21.600000381469727,21.850000381469727,14.811521530151367,1761493
2016-05-10,21.700000762939453,21.799999237060547,21.450000762939453,21.700000762939453,14.709839820861816,1129000
2016-05-11,21.75,21.850000381469727,21.350000381469727,21.600000381469727,14.642051696777344,529417
2016-05-12,21.700000762939453,21.700000762939453,21.0,21.25,14.404797554016113,1086000
2016-05-13,21.049999237060547,21.049999237060547,20.600000381469727,21.0,14.235326766967773,2962250
2016-05-16,20.75,21.100000381469727,20.649999618530273,20.850000381469727,14.133646965026855,1331000
2016-05-17,21.0,21.0,20.100000381469727,20.799999237060547,14.099753379821777,1612177
2016-05-18,20.649999618530273,20.75,20.450000762939453,20.649999618530273,13.998072624206543,1905544
2016-05-19,20.350000381469727,20.549999237060547,20.049999237060547,20.200000762939453,13.693031311035156,1219000
2016-05-20,20.25,20.700000762939453,20.200000762939453,20.649999618530273,13.998072624206543,1304435
2016-05-23,20.75,21.0,20.600000381469727,20.700000762939453,14.031965255737305,1395000
2016-05-24,20.600000381469727,20.649999618530273,20.299999237060547,20.649999618530273,13.998072624206543,1616000
2016-05-25,20.600000381469727,21.200000762939453,20.600000381469727,21.0,14.235326766967773,387000
2016-05-26,20.899999618530273,21.25,20.600000381469727,21.100000381469727,14.303117752075195,1047375
2016-05-27,21.0,21.200000762939453,20.799999237060547,21.100000381469727,14.303117752075195,502281
2016-05-30,21.049999237060547,21.350000381469727,20.950000762939453,21.299999237060547,14.438690185546875,633000
2016-05-31,21.200000762939453,21.75,21.100000381469727,21.75,14.743733406066895,1343939
2016-06-01,21.700000762939453,21.700000762939453,21.450000762939453,21.549999237060547,14.608158111572266,625000
2016-06-02,21.600000381469727,21.75,21.450000762939453,21.649999618530273,14.675947189331055,316760
2016-06-03,21.600000381469727,21.850000381469727,21.399999618530273,21.75,14.743733406066895,632000
2016-06-06,21.649999618530273,22.049999237060547,21.549999237060547,21.950000762939453,14.879307746887207,2781000
2016-06-07,22.0,22.25,21.950000762939453,22.149999618530273,15.014883041381836,587000
2016-06-08,22.100000381469727,22.149999618530273,21.799999237060547,22.0,14.913199424743652,934000
2016-06-10,22.0,22.149999618530273,21.549999237060547,21.799999237060547,14.777626991271973,1116905
2016-06-13,21.549999237060547,21.549999237060547,21.049999237060547,21.100000381469727,14.303117752075195,547368
2016-06-14,21.200000762939453,21.399999618530273,20.899999618530273,21.25,14.404797554016113,890471
2016-06-15,21.149999618530273,21.700000762939453,20.899999618530273,21.450000762939453,14.540372848510742,1366000
2016-06-16,21.450000762939453,21.450000762939453,20.799999237060547,20.950000762939453,14.201436996459961,1024335
2016-06-17,21.149999618530273,22.0,20.799999237060547,21.200000762939453,14.370903968811035,1671790
2016-06-20,21.5,21.549999237060547,21.149999618530273,21.450000762939453,14.540372848510742,965000
2016-06-21,21.850000381469727,21.850000381469727,21.450000762939453,21.549999237060547,14.608158111572266,1257118
2016-06-22,21.600000381469727,22.200000762939453,21.399999618530273,21.950000762939453,14.879307746887207,744079
2016-06-23,21.899999618530273,22.049999237060547,21.549999237060547,21.899999618530273,14.845415115356445,2218000
2016-06-24,21.799999237060547,22.200000762939453,21.299999237060547,21.899999618530273,14.845415115356445,3511310
2016-06-27,22.049999237060547,22.649999618530273,21.600000381469727,22.450000762939453,15.218244552612305,802741
2016-06-28,22.350000381469727,22.450000762939453,22.049999237060547,22.350000381469727,15.150457382202148,659000
2016-06-29,22.549999237060547,23.450000762939453,22.549999237060547,23.25,15.760539054870605,1092406
2016-06-30,23.549999237060547,23.799999237060547,23.149999618530273,23.25,15.760539054870605,1232240
2016-07-04,22.799999237060547,24.100000381469727,22.700000762939453,23.850000381469727,16.167264938354492,618833
2016-07-05,23.899999618530273,24.100000381469727,23.549999237060547,23.700000762939453,16.065584182739258,846788
2016-07-06,23.299999237060547,23.450000762939453,22.799999237060547,23.299999237060547,15.794438362121582,679255
2016-07-07,23.350000381469727,23.649999618530273,23.200000762939453,23.299999237060547,15.794438362121582,652134
2016-07-08,23.350000381469727,23.950000762939453,23.0,23.799999237060547,16.13337516784668,1334947
2016-07-11,24.049999237060547,24.649999618530273,24.0,24.399999618530273,16.540098190307617,993000
2016-07-12,24.649999618530273,24.799999237060547,24.25,24.649999618530273,16.709564208984375,646000
2016-07-13,24.799999237060547,24.799999237060547,24.350000381469727,24.5,16.607887268066406,651801
2016-07-14,24.549999237060547,24.75,24.149999618530273,24.700000762939453,16.743457794189453,1443000
2016-07-15,24.600000381469727,25.649999618530273,24.399999618530273,25.600000381469727,17.35354232788086,1218558
2016-07-18,25.450000762939453,26.549999237060547,25.25,26.350000381469727,17.8619441986084,1403976
2016-07-19,26.399999618530273,26.399999618530273,25.700000762939453,26.0,17.62468910217285,433000
2016-07-20,25.850000381469727,26.399999618530273,25.700000762939453,26.25,17.794160842895508,793426
2016-07-21,26.450000762939453,27.0,26.25,26.899999618530273,18.234779357910156,1175797
2016-07-22,26.649999618530273,26.700000762939453,25.700000762939453,26.100000381469727,17.692480087280273,3439000
2016-07-25,26.100000381469727,26.100000381469727,25.899999618530273,25.950000762939453,17.59079933166504,297000
2016-07-26,25.899999618530273,26.0,25.549999237060547,25.549999237060547,17.31964874267578,614242
2016-07-27,25.75,25.75,25.350000381469727,25.549999237060547,17.31964874267578,646000
2016-07-28,25.450000762939453,25.799999237060547,24.950000762939453,25.350000381469727,17.18407440185547,2412000
2016-07-29,25.200000762939453,25.350000381469727,24.950000762939453,25.100000381469727,17.014606475830078,869000
2016-08-01,25.0,25.350000381469727,24.850000381469727,25.100000381469727,17.014606475830078,1194390
2016-08-02,25.100000381469727,25.100000381469727,25.100000381469727,25.100000381469727,17.014606475830078,0
2016-08-03,25.100000381469727,25.100000381469727,24.450000762939453,24.600000381469727,16.675670623779297,1024903
2016-08-04,24.700000762939453,25.100000381469727,24.350000381469727,25.0,16.946823120117188,783000
2016-08-05,24.950000762939453,25.450000762939453,24.899999618530273,25.350000381469727,17.18407440185547,655165
2016-08-08,25.399999618530273,26.0,25.399999618530273,25.950000762939453,17.59079933166504,596711
2016-08-09,26.0,26.350000381469727,25.75,26.25,17.794160842895508,261000
2016-08-10,26.450000762939453,26.5,25.850000381469727,26.049999237060547,17.658586502075195,602937
2016-08-11,26.149999618530273,26.149999618530273,25.700000762939453,25.899999618530273,17.556901931762695,440380
2016-08-12,26.399999618530273,26.450000762939453,25.899999618530273,26.100000381469727,17.692480087280273,916500
2016-08-15,26.25,26.5,26.149999618530273,26.399999618530273,17.895841598510742,513900
2016-08-16,26.450000762939453,26.5,25.950000762939453,26.049999237060547,17.658586502075195,1005000
2016-08-17,26.299999237060547,26.450000762939453,26.100000381469727,26.149999618530273,17.726369857788086,549000
2016-08-18,26.149999618530273,26.700000762939453,26.149999618530273,26.549999237060547,17.997522354125977,891263
2016-08-19,26.549999237060547,26.700000762939453,26.399999618530273,26.549999237060547,17.997522354125977,1143173
2016-08-22,26.149999618530273,26.75,26.149999618530273,26.75,18.133102416992188,761000
2016-08-23,26.850000381469727,26.850000381469727,26.5,26.75,18.133102416992188,826000
2016-08-24,26.649999618530273,27.0,26.5,26.799999237060547,18.1669921875,887000
2016-08-25,26.850000381469727,27.25,26.649999618530273,26.850000381469727,18.200885772705078,856333
2016-08-26,26.75,27.25,26.600000381469727,27.049999237060547,18.336456298828125,827600
2016-08-29,26.899999618530273,27.0,26.549999237060547,26.700000762939453,18.099205017089844,899100
2016-08-30,26.899999618530273,27.700000762939453,26.5,27.399999618530273,18.573715209960938,930400
2016-08-31,27.450000762939453,28.850000381469727,27.299999237060547,28.399999618530273,19.2515869140625,2909480
2016-09-01,27.899999618530273,28.350000381469727,27.899999618530273,28.350000381469727,19.217695236206055,1074452
2016-09-02,28.200000762939453,28.399999618530273,27.850000381469727,28.0,18.980438232421875,1410844
2016-09-05,28.200000762939453,28.950000762939453,27.899999618530273,28.049999237060547,19.01432991027832,2763000
2016-09-06,27.899999618530273,28.799999237060547,27.899999618530273,28.5,19.319374084472656,803629
2016-09-07,28.700000762939453,28.700000762939453,28.200000762939453,28.600000381469727,19.387161254882812,1029000
2016-09-08,28.450000762939453,29.100000381469727,28.200000762939453,29.100000381469727,19.726097106933594,1749100
2016-09-09,29.399999618530273,30.350000381469727,29.350000381469727,30.0,20.336181640625,1203937
2016-09-12,29.450000762939453,29.899999618530273,28.399999618530273,28.600000381469727,19.51072883605957,673643
2016-09-13,28.700000762939453,29.100000381469727,28.100000381469727,28.450000762939453,19.408401489257812,1379844
2016-09-14,28.200000762939453,28.549999237060547,28.149999618530273,28.299999237060547,19.30607032775879,913899
2016-09-15,28.200000762939453,29.100000381469727,28.149999618530273,29.0,19.783605575561523,1485409
2016-09-19,28.600000381469727,29.450000762939453,28.600000381469727,29.100000381469727,19.851825714111328,2882623
2016-09-20,30.0,30.0,29.299999237060547,29.700000762939453,20.261138916015625,759100
2016-09-21,29.700000762939453,30.049999237060547,29.299999237060547,29.75,20.295251846313477,3979996
2016-09-22,30.049999237060547,30.450000762939453,29.950000762939453,30.25,20.6363468170166,830000
2016-09-23,30.200000762939453,30.450000762939453,29.850000381469727,30.350000381469727,20.704570770263672,533000
2016-09-26,30.350000381469727,30.450000762939453,29.549999237060547,30.25,20.6363468170166,1437391
2016-09-27,30.25,30.600000381469727,29.950000762939453,30.299999237060547,20.670459747314453,1936000
2016-09-28,30.299999237060547,30.600000381469727,30.149999618530273,30.5,20.806896209716797,1009964
2016-09-29,30.549999237060547,30.950000762939453,30.100000381469727,30.350000381469727,20.704570770263672,805389
2016-09-30,30.149999618530273,30.299999237060547,29.399999618530273,29.5,20.124704360961914,1804850
2016-10-03,29.799999237060547,30.0,29.649999618530273,29.950000762939453,20.431690216064453,1641304
2016-10-04,29.950000762939453,30.350000381469727,29.950000762939453,30.350000381469727,20.704570770263672,931253
2016-10-05,30.5,30.950000762939453,30.200000762939453,30.899999618530273,21.079774856567383,1780224
2016-10-06,31.100000381469727,32.349998474121094,30.299999237060547,31.0,21.147994995117188,1828000
2016-10-07,30.899999618530273,30.950000762939453,30.399999618530273,30.600000381469727,20.87511444091797,1142000
2016-10-11,30.799999237060547,30.700000762939453,29.850000381469727,29.950000762939453,20.431690216064453,2274808
2016-10-12,29.950000762939453,29.950000762939453,29.299999237060547,29.649999618530273,20.227031707763672,2536425
2016-10-13,29.899999618530273,30.100000381469727,29.350000381469727,29.649999618530273,20.227031707763672,1657331
2016-10-14,29.600000381469727,30.149999618530273,29.450000762939453,29.700000762939453,20.261138916015625,1121000
2016-10-17,29.950000762939453,29.950000762939453,29.5,29.649999618530273,20.227031707763672,1187564
2016-10-18,29.799999237060547,29.850000381469727,29.399999618530273,29.600000381469727,20.192922592163086,2633000
2016-10-19,29.600000381469727,29.950000762939453,29.5,29.700000762939453,20.261138916015625,1568000
2016-10-20,29.950000762939453,29.950000762939453,29.149999618530273,29.25,19.95415496826172,1046365
2016-10-21,29.25,29.25,29.25,29.25,19.95415496826172,0
2016-10-24,29.75,30.0,29.200000762939453,29.75,20.295251846313477,3506224
2016-10-25,30.950000762939453,30.950000762939453,29.850000381469727,30.649999618530273,20.90922737121582,3030270
2016-10-26,30.649999618530273,31.0,30.5,30.799999237060547,21.011552810668945,1918000
2016-10-27,30.850000381469727,31.399999618530273,30.200000762939453,30.5,20.806896209716797,2303000
2016-10-28,30.600000381469727,30.799999237060547,29.850000381469727,30.100000381469727,20.534021377563477,2883440
2016-10-31,30.100000381469727,30.25,29.549999237060547,29.75,20.295251846313477,1295000
2016-11-01,30.100000381469727,30.950000762939453,29.950000762939453,30.049999237060547,20.49991226196289,2181467
2016-11-02,30.0,30.350000381469727,28.850000381469727,29.200000762939453,19.9200439453125,2922000
2016-11-03,29.25,29.5,28.350000381469727,29.100000381469727,19.851825714111328,1925937
2016-11-04,29.450000762939453,29.450000762939453,28.799999237060547,29.0,19.783605575561523,1829579
2016-11-07,28.799999237060547,28.799999237060547,27.799999237060547,28.200000762939453,19.237855911254883,1930692
2016-11-08,28.200000762939453,28.399999618530273,27.700000762939453,28.350000381469727,19.34018325805664,927000
2016-11-09,28.649999618530273,28.75,27.100000381469727,28.100000381469727,19.169633865356445,1855900
2016-11-10,28.600000381469727,29.049999237060547,28.350000381469727,29.049999237060547,19.817716598510742,2387000
2016-11-11,29.899999618530273,29.899999618530273,28.700000762939453,29.25,19.95415496826172,3054915
2016-11-14,28.75,28.899999618530273,28.25,28.649999618530273,19.544836044311523,1288908
2016-11-15,28.799999237060547,29.049999237060547,28.5,28.75,19.613056182861328,4455000
2016-11-16,28.75,29.25,27.75,29.200000762939453,19.9200439453125,5882358
2016-11-17,29.149999618530273,30.0,29.149999618530273,29.399999618530273,20.056486129760742,4174000
2016-11-18,29.600000381469727,29.950000762939453,29.149999618530273,29.549999237060547,20.158815383911133,5263000
2016-11-21,29.799999237060547,29.799999237060547,28.899999618530273,29.350000381469727,20.022375106811523,3783000
2016-11-22,29.5,29.799999237060547,29.049999237060547,29.75,20.295251846313477,4575200
2016-11-23,29.75,30.0,29.299999237060547,29.850000381469727,20.363475799560547,3163044
2016-11-24,29.799999237060547,29.899999618530273,29.350000381469727,29.5,20.124704360961914,2698000
2016-11-25,29.5,29.899999618530273,29.350000381469727,29.649999618530273,20.227031707763672,2928446
2016-11-28,29.5,29.950000762939453,29.5,29.899999618530273,20.397581100463867,4338816
2016-11-29,29.950000762939453,29.950000762939453,28.75,29.100000381469727,19.851825714111328,5515000
2016-11-30,29.100000381469727,29.100000381469727,28.399999618530273,28.5,19.4425106048584,58874444
2016-12-01,28.850000381469727,29.299999237060547,28.299999237060547,28.350000381469727,19.34018325805664,11187302
2016-12-02,28.399999618530273,28.600000381469727,27.649999618530273,27.799999237060547,18.964975357055664,2999065
2016-12-05,28.399999618530273,28.450000762939453,27.450000762939453,28.399999618530273,19.374290466308594,2678247
2016-12-06,28.950000762939453,29.200000762939453,28.399999618530273,29.0,19.783605575561523,2698149
2016-12-07,29.600000381469727,31.399999618530273,28.75,29.200000762939453,19.9200439453125,2003139
2016-12-08,29.600000381469727,30.049999237060547,29.5,29.950000762939453,20.431690216064453,2129596
2016-12-09,29.799999237060547,30.25,29.549999237060547,29.799999237060547,20.32935905456543,2171056
2016-12-12,29.850000381469727,30.149999618530273,28.950000762939453,29.100000381469727,19.851825714111328,977670
2016-12-13,29.350000381469727,29.700000762939453,29.100000381469727,29.700000762939453,20.261138916015625,2048202
2016-12-14,29.649999618530273,29.649999618530273,29.149999618530273,29.549999237060547,20.158815383911133,1074379
2016-12-15,29.399999618530273,29.600000381469727,28.399999618530273,28.600000381469727,19.51072883605957,1808100
2016-12-16,29.5,29.5,28.399999618530273,29.100000381469727,19.851825714111328,2373717
2016-12-19,29.899999618530273,29.899999618530273,28.0,28.299999237060547,19.30607032775879,1059000
2016-12-20,28.399999618530273,28.399999618530273,27.549999237060547,27.700000762939453,18.896757125854492,1400151
2016-12-21,27.549999237060547,28.0,27.5,27.600000381469727,18.828536987304688,1023000
2016-12-22,27.899999618530273,27.899999618530273,27.0,27.299999237060547,18.62388038635254,1140155
2016-12-23,27.100000381469727,27.299999237060547,26.649999618530273,26.700000762939453,18.214563369750977,1147468
2016-12-28,27.299999237060547,27.299999237060547,26.600000381469727,26.799999237060547,18.28278350830078,1449550
2016-12-29,26.5,26.75,26.149999618530273,26.5,18.078125,1882000
2016-12-30,26.399999618530273,27.149999618530273,26.399999618530273,27.0,18.419225692749023,786000
2017-01-03,26.75,27.649999618530273,26.75,27.399999618530273,18.69209861755371,1930320
2017-01-04,27.399999618530273,27.799999237060547,27.100000381469727,27.100000381469727,18.487438201904297,1413540
2017-01-05,27.049999237060547,27.450000762939453,26.75,27.100000381469727,18.487438201904297,1813574
2017-01-06,27.149999618530273,27.5,27.149999618530273,27.450000762939453,18.72620964050293,2041741
2017-01-09,27.399999618530273,27.700000762939453,27.0,27.350000381469727,18.65799331665039,1585970
2017-01-10,27.399999618530273,27.549999237060547,27.149999618530273,27.399999618530273,18.69209861755371,2332594
2017-01-11,27.75,28.200000762939453,27.649999618530273,27.899999618530273,19.03319549560547,1345389
2017-01-12,27.899999618530273,28.450000762939453,27.75,28.399999618530273,19.374290466308594,1890097
2017-01-13,28.600000381469727,28.700000762939453,28.0,28.299999237060547,19.30607032775879,1094516
2017-01-16,28.0,28.0,27.600000381469727,27.850000381469727,18.999086380004883,596000
2017-01-17,28.200000762939453,28.200000762939453,27.799999237060547,28.0,19.10141372680664,706167
2017-01-18,27.850000381469727,28.899999618530273,27.850000381469727,28.899999618530273,19.71538543701172,3607000
2017-01-19,28.950000762939453,28.950000762939453,28.299999237060547,28.549999237060547,19.47661781311035,2742279
2017-01-20,28.25,28.600000381469727,28.049999237060547,28.049999237060547,19.135520935058594,1255123
2017-01-23,28.25,28.450000762939453,27.799999237060547,28.299999237060547,19.30607032775879,615818
2017-01-24,28.350000381469727,29.100000381469727,28.149999618530273,28.700000762939453,19.57895278930664,1774562
2017-01-25,29.399999618530273,29.399999618530273,28.450000762939453,29.0,19.783605575561523,1230000
2017-01-26,29.200000762939453,29.899999618530273,29.200000762939453,29.899999618530273,20.397581100463867,1160354
2017-01-27,30.0,30.0,29.200000762939453,29.850000381469727,20.363475799560547,333000
2017-02-01,32.79999923706055,32.79999923706055,29.950000762939453,30.350000381469727,20.704570770263672,2969727
2017-02-02,29.850000381469727,30.600000381469727,29.850000381469727,30.399999618530273,20.738676071166992,967980
2017-02-03,30.299999237060547,30.549999237060547,29.950000762939453,30.399999618530273,20.738676071166992,1807744
2017-02-06,30.549999237060547,30.549999237060547,30.0,30.200000762939453,20.602243423461914,842965
2017-02-07,30.350000381469727,30.850000381469727,29.899999618530273,30.5,20.806896209716797,1345000
2017-02-08,30.649999618530273,31.600000381469727,30.200000762939453,31.5,21.489091873168945,1596089
2017-02-09,31.549999237060547,31.600000381469727,30.799999237060547,31.100000381469727,21.21621322631836,2052480
2017-02-10,31.299999237060547,31.600000381469727,30.75,31.200000762939453,21.284433364868164,709792
2017-02-13,31.299999237060547,31.399999618530273,30.600000381469727,31.25,21.318540573120117,490320
2017-02-14,31.0,31.049999237060547,30.450000762939453,31.0,21.147994995117188,668346
2017-02-15,31.200000762939453,31.299999237060547,30.850000381469727,31.200000762939453,21.284433364868164,435869
2017-02-16,31.25,32.45000076293945,31.25,32.25,22.000736236572266,1024526
2017-02-17,32.400001525878906,32.400001525878906,31.350000381469727,31.5,21.489091873168945,1032155
2017-02-20,31.75,31.700000762939453,31.149999618530273,31.350000381469727,21.386762619018555,142000
2017-02-21,31.5,31.799999237060547,31.25,31.549999237060547,21.523202896118164,483848
2017-02-22,31.799999237060547,32.04999923706055,31.450000762939453,31.950000762939453,21.79607582092285,748875
2017-02-23,31.950000762939453,32.150001525878906,31.600000381469727,32.04999923706055,21.86429214477539,448412
2017-02-24,32.20000076293945,32.54999923706055,31.399999618530273,31.75,21.659639358520508,658992
2017-02-27,31.649999618530273,31.799999237060547,31.149999618530273,31.700000762939453,21.625526428222656,513710
2017-02-28,31.75,32.29999923706055,31.350000381469727,32.25,22.000736236572266,1891605
2017-03-01,32.5,32.5,31.549999237060547,31.950000762939453,21.79607582092285,1139000
2017-03-02,32.099998474121094,32.79999923706055,31.649999618530273,31.899999618530273,21.7619686126709,717625
2017-03-03,32.0,32.0,30.799999237060547,31.299999237060547,21.352651596069336,650615
2017-03-06,31.25,32.150001525878906,30.600000381469727,31.200000762939453,21.284433364868164,724298
2017-03-07,31.0,32.0,31.0,31.600000381469727,21.557308197021484,295280
2017-03-08,32.20000076293945,32.20000076293945,31.5,31.850000381469727,21.72785758972168,642805
2017-03-09,31.899999618530273,31.899999618530273,31.0,31.700000762939453,21.625526428222656,423600
2017-03-10,31.799999237060547,32.25,31.75,32.25,22.000736236572266,545358
2017-03-13,32.45000076293945,32.95000076293945,32.29999923706055,32.650001525878906,22.27361297607422,479057
2017-03-14,32.45000076293945,32.54999923706055,31.5,31.899999618530273,21.7619686126709,760261
2017-03-15,31.899999618530273,31.899999618530273,31.399999618530273,31.799999237060547,21.693748474121094,443266
2017-03-16,32.0,32.54999923706055,31.850000381469727,32.0,21.83018684387207,675113
2017-03-17,32.0,32.75,31.899999618530273,32.29999923706055,22.03484535217285,2638533
2017-03-20,32.20000076293945,32.400001525878906,31.200000762939453,32.400001525878906,22.10306739807129,391000
2017-03-21,32.25,32.900001525878906,32.150001525878906,32.599998474121094,22.239503860473633,763585
2017-03-22,32.099998474121094,32.95000076293945,32.099998474121094,32.95000076293945,22.478271484375,1127315
2017-03-23,33.0,33.349998474121094,32.599998474121094,33.04999923706055,22.546489715576172,1241886
2017-03-24,33.150001525878906,33.599998474121094,33.0,33.599998474121094,22.92169761657715,962377
2017-03-27,33.54999923706055,35.900001525878906,33.150001525878906,33.95000076293945,23.160465240478516,881829
2017-03-28,34.25,34.54999923706055,33.45000076293945,33.79999923706055,23.058135986328125,1273268
2017-03-29,33.79999923706055,34.20000076293945,33.0,33.70000076293945,22.989917755126953,1587000
2017-03-30,33.599998474121094,33.75,33.349998474121094,33.70000076293945,22.989917755126953,538210
2017-03-31,33.849998474121094,33.95000076293945,33.150001525878906,33.150001525878906,22.614709854125977,884368
2017-04-03,34.75,34.75,32.650001525878906,33.25,22.682931900024414,1424137
2017-04-05,34.95000076293945,34.95000076293945,33.25,34.70000076293945,23.672109603881836,2006739
2017-04-06,34.849998474121094,34.849998474121094,34.099998474121094,34.75,23.70621681213379,483000
2017-04-07,34.95000076293945,34.95000076293945,33.79999923706055,34.54999923706055,23.56977653503418,575900
2017-04-10,34.70000076293945,34.70000076293945,34.150001525878906,34.45000076293945,23.501562118530273,399000
2017-04-11,34.45000076293945,34.45000076293945,33.54999923706055,34.45000076293945,23.501562118530273,772950
2017-04-12,34.5,34.5,33.95000076293945,34.5,23.535667419433594,722954
2017-04-13,34.45000076293945,34.45000076293945,34.0,34.25,23.365123748779297,471000
2017-04-18,33.95000076293945,34.150001525878906,33.5,33.70000076293945,22.989917755126953,479946
2017-04-19,33.54999923706055,33.599998474121094,32.79999923706055,33.599998474121094,22.92169761657715,1577539
2017-04-20,33.349998474121094,33.349998474121094,32.650001525878906,32.650001525878906,22.27361297607422,887426
2017-04-21,32.70000076293945,33.099998474121094,32.70000076293945,32.79999923706055,22.375940322875977,1622280
2017-04-24,33.099998474121094,33.29999923706055,32.5,32.650001525878906,22.27361297607422,872561
2017-04-25,32.70000076293945,33.70000076293945,32.650001525878906,33.599998474121094,22.92169761657715,931759
2017-04-26,33.849998474121094,33.849998474121094,32.900001525878906,33.25,22.682931900024414,704400
2017-04-27,33.25,33.29999923706055,32.70000076293945,33.0,22.512380599975586,543110
2017-04-28,33.0,33.0,32.45000076293945,32.45000076293945,22.137178421020508,808858
2017-05-02,32.79999923706055,32.79999923706055,31.700000762939453,31.799999237060547,22.109359741210938,647456
2017-05-04,31.850000381469727,32.599998474121094,31.600000381469727,31.850000381469727,22.144128799438477,652785
2017-05-05,31.899999618530273,31.899999618530273,31.25,31.5,21.900787353515625,454030
2017-05-08,31.799999237060547,31.799999237060547,31.350000381469727,31.600000381469727,21.970314025878906,648186
2017-05-09,31.649999618530273,32.150001525878906,31.100000381469727,32.150001525878906,22.35270881652832,737717
2017-05-10,32.25,32.54999923706055,32.099998474121094,32.400001525878906,22.52652359008789,894004
2017-05-11,32.849998474121094,32.849998474121094,32.29999923706055,32.400001525878906,22.52652359008789,2102530
2017-05-12,32.5,32.95000076293945,31.700000762939453,31.799999237060547,22.109359741210938,776796
2017-05-15,32.099998474121094,32.25,31.600000381469727,31.75,22.074600219726562,467483
2017-05-16,32.20000076293945,32.20000076293945,31.350000381469727,31.700000762939453,22.03983497619629,657067
2017-05-17,31.799999237060547,32.70000076293945,31.649999618530273,31.649999618530273,22.005075454711914,499502
2017-05-18,31.5,32.0,31.299999237060547,31.899999618530273,22.17888832092285,1132000
2017-05-19,32.04999923706055,32.849998474121094,32.04999923706055,32.54999923706055,22.630809783935547,903227
2017-05-22,32.75,32.75,31.700000762939453,31.950000762939453,22.21365737915039,731800
2017-05-23,32.0,32.0,31.049999237060547,31.049999237060547,21.587913513183594,675000
2017-05-24,31.200000762939453,31.649999618530273,31.200000762939453,31.649999618530273,22.005075454711914,264000
2017-05-25,31.850000381469727,31.850000381469727,31.399999618530273,31.700000762939453,22.03983497619629,462501
2017-05-26,31.799999237060547,31.950000762939453,31.450000762939453,31.799999237060547,22.109359741210938,340607
2017-05-29,31.75,31.75,31.399999618530273,31.75,22.074600219726562,278000
2017-05-31,31.799999237060547,32.29999923706055,31.299999237060547,32.29999923706055,22.45699691772461,1743623
2017-06-01,32.25,32.349998474121094,31.649999618530273,32.349998474121094,22.491756439208984,884704
2017-06-02,32.349998474121094,33.349998474121094,32.04999923706055,33.349998474121094,23.187021255493164,1299415
2017-06-05,33.5,33.5,32.650001525878906,32.70000076293945,22.7351016998291,600221
2017-06-06,32.900001525878906,33.599998474121094,32.79999923706055,33.349998474121094,23.187021255493164,529242
2017-06-07,33.45000076293945,33.75,32.95000076293945,33.0,22.943679809570312,1071641
2017-06-08,33.150001525878906,33.75,33.04999923706055,33.75,23.465124130249023,635110
2017-06-09,33.95000076293945,34.400001525878906,33.29999923706055,33.79999923706055,23.499889373779297,404693
2017-06-12,33.900001525878906,33.900001525878906,33.099998474121094,33.20000076293945,23.08272933959961,268012
2017-06-13,33.04999923706055,33.650001525878906,33.04999923706055,33.650001525878906,23.395599365234375,328444
2017-06-14,33.849998474121094,33.95000076293945,33.099998474121094,33.95000076293945,23.60418128967285,787700
2017-06-15,33.45000076293945,33.45000076293945,32.25,32.54999923706055,22.630809783935547,709200
2017-06-16,32.04999923706055,32.099998474121094,31.350000381469727,31.600000381469727,21.970314025878906,1512727
2017-06-19,31.75,32.0,31.450000762939453,31.899999618530273,22.17888832092285,643500
2017-06-20,32.099998474121094,32.45000076293945,31.950000762939453,32.099998474121094,22.317943572998047,1525000
2017-06-21,32.150001525878906,32.150001525878906,31.549999237060547,31.649999618530273,22.005075454711914,350090
2017-06-22,31.549999237060547,31.799999237060547,31.299999237060547,31.5,21.900787353515625,406721
2017-06-23,31.549999237060547,31.549999237060547,30.850000381469727,31.399999618530273,21.83125877380371,590250
2017-06-26,31.5,31.5,31.0,31.350000381469727,21.796497344970703,251200
2017-06-27,31.450000762939453,31.450000762939453,30.850000381469727,30.950000762939453,21.518390655517578,447700
2017-06-28,30.850000381469727,31.049999237060547,30.549999237060547,30.700000762939453,21.344573974609375,362000
2017-06-29,30.600000381469727,31.850000381469727,30.600000381469727,31.850000381469727,22.144128799438477,450633
2017-06-30,31.850000381469727,32.29999923706055,31.5,32.29999923706055,22.45699691772461,1169390
2017-07-03,32.29999923706055,32.5,32.099998474121094,32.29999923706055,22.45699691772461,1415629
2017-07-04,32.29999923706055,32.349998474121094,31.100000381469727,31.299999237060547,21.761734008789062,288209
2017-07-05,31.0,31.799999237060547,31.0,31.799999237060547,22.109359741210938,503000
2017-07-06,31.799999237060547,32.099998474121094,31.350000381469727,32.0,22.248416900634766,559354
2017-07-07,32.20000076293945,32.20000076293945,31.75,31.899999618530273,22.17888832092285,389511
2017-07-10,31.75,31.850000381469727,30.450000762939453,30.5,21.205520629882812,906888
2017-07-11,30.799999237060547,30.899999618530273,30.450000762939453,30.75,21.379337310791016,699571
2017-07-12,30.75,31.0,30.600000381469727,30.75,21.379337310791016,322518
2017-07-13,31.149999618530273,31.149999618530273,30.649999618530273,30.649999618530273,21.309812545776367,326932
2017-07-14,30.950000762939453,31.25,30.649999618530273,30.700000762939453,21.344573974609375,1335412
2017-07-17,30.950000762939453,31.200000762939453,30.700000762939453,30.950000762939453,21.518390655517578,630457
2017-07-18,31.149999618530273,31.5,30.799999237060547,31.5,21.900787353515625,553287
2017-07-19,31.450000762939453,31.649999618530273,31.200000762939453,31.299999237060547,21.761734008789062,518931
2017-07-20,31.25,31.549999237060547,31.149999618530273,31.5,21.900787353515625,299402
2017-07-21,31.850000381469727,31.899999618530273,30.899999618530273,31.149999618530273,21.657442092895508,237392
2017-07-24,31.350000381469727,31.350000381469727,30.600000381469727,30.700000762939453,21.344573974609375,416000
2017-07-25,30.5,30.899999618530273,30.399999618530273,30.75,21.379337310791016,687560
2017-07-26,30.850000381469727,31.0,30.600000381469727,31.0,21.55315399169922,4083050
2017-07-27,31.149999618530273,31.25,30.850000381469727,31.0,21.55315399169922,311132
2017-07-28,30.950000762939453,30.950000762939453,30.299999237060547,30.5,21.205520629882812,386000
2017-07-31,30.649999618530273,30.649999618530273,29.649999618530273,29.700000762939453,20.649309158325195,635277
2017-08-01,29.899999618530273,30.299999237060547,29.700000762939453,30.100000381469727,20.927417755126953,296986
2017-08-02,29.850000381469727,30.649999618530273,29.850000381469727,30.549999237060547,21.240283966064453,390000
2017-08-03,30.600000381469727,30.700000762939453,29.75,30.5,21.205520629882812,643640
2017-08-04,30.799999237060547,30.850000381469727,30.450000762939453,30.600000381469727,21.275049209594727,551000
2017-08-07,30.799999237060547,30.799999237060547,30.149999618530273,30.549999237060547,21.240283966064453,307205
2017-08-08,30.700000762939453,30.75,30.149999618530273,30.25,21.031707763671875,194635
2017-08-09,30.5,30.700000762939453,30.299999237060547,30.700000762939453,21.344573974609375,325082
2017-08-10,30.799999237060547,30.799999237060547,30.200000762939453,30.350000381469727,21.101234436035156,249000
2017-08-11,30.399999618530273,30.399999618530273,29.799999237060547,30.299999237060547,21.06647300720215,508795
2017-08-14,30.200000762939453,30.299999237060547,29.799999237060547,29.950000762939453,20.823129653930664,979900
2017-08-15,29.899999618530273,30.0,29.399999618530273,29.799999237060547,20.71883773803711,380000
2017-08-16,29.850000381469727,30.200000762939453,29.549999237060547,30.200000762939453,20.9969425201416,316000
2017-08-17,30.350000381469727,30.350000381469727,29.600000381469727,29.850000381469727,20.75360107421875,202000
2017-08-18,29.799999237060547,29.850000381469727,29.299999237060547,29.450000762939453,20.47549819946289,255000
2017-08-21,29.850000381469727,29.850000381469727,29.149999618530273,29.25,20.336442947387695,491512
2017-08-22,29.25,29.5,29.100000381469727,29.25,20.336442947387695,253256
2017-08-23,29.25,29.25,29.25,29.25,20.336442947387695,0
2017-08-24,29.399999618530273,29.700000762939453,29.049999237060547,29.200000762939453,20.301677703857422,1235782
2017-08-25,29.549999237060547,29.549999237060547,29.149999618530273,29.25,20.336442947387695,723000
2017-08-28,29.200000762939453,29.600000381469727,29.200000762939453,29.299999237060547,20.371206283569336,363895
2017-08-29,29.5,29.5,28.850000381469727,29.0,20.162630081176758,446000
2017-08-30,29.0,29.350000381469727,28.850000381469727,29.299999237060547,20.371206283569336,267000
2017-08-31,29.450000762939453,30.25,29.299999237060547,29.5,20.51026153564453,1041823
2017-09-01,29.700000762939453,29.700000762939453,29.299999237060547,29.600000381469727,20.579784393310547,541935
2017-09-04,29.549999237060547,29.549999237060547,29.100000381469727,29.149999618530273,20.26691436767578,159000
2017-09-05,29.149999618530273,29.399999618530273,28.899999618530273,28.950000762939453,20.12786865234375,876123
2017-09-06,29.100000381469727,29.100000381469727,28.700000762939453,28.899999618530273,20.093103408813477,1164000
2017-09-07,29.049999237060547,29.049999237060547,28.649999618530273,28.649999618530273,19.919282913208008,599530
2017-09-08,28.899999618530273,29.049999237060547,28.649999618530273,28.850000381469727,20.05833625793457,1420050
2017-09-11,28.799999237060547,28.850000381469727,28.649999618530273,28.75,20.12133026123047,582118
2017-09-12,28.899999618530273,29.049999237060547,28.649999618530273,28.850000381469727,20.191312789916992,724000
2017-09-13,28.75,28.75,28.049999237060547,28.450000762939453,19.911365509033203,676774
2017-09-14,28.649999618530273,28.649999618530273,28.149999618530273,28.149999618530273,19.70140266418457,269560
2017-09-15,28.399999618530273,28.399999618530273,27.5,27.899999618530273,19.52643394470215,1106477
2017-09-18,28.200000762939453,28.700000762939453,28.149999618530273,28.450000762939453,19.911365509033203,452653
2017-09-19,28.399999618530273,28.649999618530273,28.299999237060547,28.5,19.94635772705078,313138
2017-09-20,28.25,28.799999237060547,28.049999237060547,28.549999237060547,19.981351852416992,2964583
2017-09-21,28.5,28.950000762939453,28.350000381469727,28.450000762939453,19.911365509033203,434375
2017-09-22,28.25,28.700000762939453,28.0,28.649999618530273,20.05133628845215,1142997
2017-09-25,28.5,28.5,27.899999618530273,28.149999618530273,19.70140266418457,701584
2017-09-26,28.25,28.25,27.75,28.0,19.59642219543457,378956
2017-09-27,28.0,28.0,27.549999237060547,27.700000762939453,19.386463165283203,943800
2017-09-28,27.850000381469727,28.299999237060547,27.799999237060547,28.049999237060547,19.631412506103516,321000
2017-09-29,28.200000762939453,28.399999618530273,28.0,28.049999237060547,19.631412506103516,514028
2017-10-03,28.399999618530273,28.549999237060547,28.200000762939453,28.399999618530273,19.876375198364258,331554
2017-10-04,28.5,28.799999237060547,28.100000381469727,28.350000381469727,19.84137725830078,469379
2017-10-06,28.350000381469727,28.600000381469727,28.100000381469727,28.350000381469727,19.84137725830078,944920
2017-10-09,28.350000381469727,28.549999237060547,28.049999237060547,28.5,19.94635772705078,3435912
2017-10-10,28.25,28.5,27.899999618530273,28.5,19.94635772705078,1509320
2017-10-11,28.600000381469727,28.899999618530273,28.299999237060547,28.5,19.94635772705078,1137053
2017-10-12,28.799999237060547,29.25,28.5,28.950000762939453,20.261302947998047,515000
2017-10-13,28.950000762939453,29.200000762939453,28.700000762939453,28.700000762939453,20.086334228515625,393000
2017-10-16,28.700000762939453,29.0,28.200000762939453,28.200000762939453,19.73639678955078,418000
2017-10-17,28.200000762939453,28.700000762939453,28.200000762939453,28.549999237060547,19.981351852416992,504000
2017-10-18,28.850000381469727,28.850000381469727,28.299999237060547,28.350000381469727,19.84137725830078,638657
2017-10-19,28.350000381469727,28.600000381469727,28.25,28.399999618530273,19.876375198364258,296191
2017-10-20,28.350000381469727,28.5,28.25,28.25,19.771392822265625,432000
2017-10-23,28.25,28.5,28.049999237060547,28.350000381469727,19.84137725830078,379753
2017-10-24,28.350000381469727,28.649999618530273,28.200000762939453,28.25,19.771392822265625,2005000
2017-10-25,28.5,28.5,27.75,27.850000381469727,19.49144172668457,998068
2017-10-26,27.75,27.950000762939453,27.649999618530273,27.850000381469727,19.49144172668457,486716
2017-10-27,28.0,28.299999237060547,27.75,27.799999237060547,19.456445693969727,224378
2017-10-30,27.850000381469727,28.100000381469727,27.450000762939453,27.549999237060547,19.28148078918457,668125
2017-10-31,27.450000762939453,27.799999237060547,27.25,27.399999618530273,19.176498413085938,808664
2017-11-01,27.450000762939453,27.5,27.0,27.049999237060547,18.931547164916992,969638
2017-11-02,27.25,27.299999237060547,27.0,27.149999618530273,19.001529693603516,314175
2017-11-03,27.149999618530273,27.5,27.149999618530273,27.350000381469727,19.14150619506836,841745
2017-11-06,27.25,27.399999618530273,27.049999237060547,27.200000762939453,19.03652572631836,463478
2017-11-07,27.25,27.549999237060547,27.149999618530273,27.299999237060547,19.106510162353516,448316
2017-11-08,27.149999618530273,27.799999237060547,27.049999237060547,27.299999237060547,19.106510162353516,438946
2017-11-09,27.5,27.600000381469727,27.049999237060547,27.049999237060547,18.931547164916992,796623
2017-11-10,27.0,27.0,26.450000762939453,26.450000762939453,18.511619567871094,804655
2017-11-13,26.700000762939453,26.700000762939453,26.25,26.399999618530273,18.47662925720215,447987
2017-11-14,26.600000381469727,26.450000762939453,26.100000381469727,26.350000381469727,18.441635131835938,627062
2017-11-15,26.399999618530273,26.850000381469727,26.25,26.799999237060547,18.756574630737305,1775863
2017-11-16,27.0,27.149999618530273,26.399999618530273,26.600000381469727,18.616601943969727,608904
2017-11-17,26.700000762939453,27.299999237060547,26.600000381469727,27.200000762939453,19.03652572631836,1172018
2017-11-20,27.100000381469727,27.700000762939453,27.0,27.649999618530273,19.351469039916992,802670
2017-11-21,27.600000381469727,27.600000381469727,26.899999618530273,27.100000381469727,18.966537475585938,510078
2017-11-22,27.149999618530273,27.350000381469727,27.100000381469727,27.200000762939453,19.03652572631836,2205200
2017-11-23,27.200000762939453,27.450000762939453,26.899999618530273,27.25,19.071516036987305,585550
2017-11-24,27.100000381469727,27.25,27.0,27.0,18.89655113220215,998000
2017-11-27,27.200000762939453,27.350000381469727,27.049999237060547,27.149999618530273,19.001529693603516,416000
2017-11-28,27.049999237060547,27.299999237060547,26.350000381469727,26.549999237060547,18.581605911254883,831000
2017-11-29,26.549999237060547,27.0,26.200000762939453,27.0,18.89655113220215,2006536
2017-11-30,26.899999618530273,28.100000381469727,26.75,28.100000381469727,19.666412353515625,2870107
2017-12-01,27.850000381469727,28.5,27.399999618530273,28.350000381469727,19.84137725830078,1194704
2017-12-04,28.5,28.5,28.0,28.049999237060547,19.631412506103516,654820
2017-12-05,28.0,28.399999618530273,28.0,28.149999618530273,19.70140266418457,2019423
2017-12-06,28.450000762939453,28.450000762939453,27.75,28.049999237060547,19.631412506103516,831393
2017-12-07,28.149999618530273,28.299999237060547,27.850000381469727,28.0,19.59642219543457,654170
2017-12-08,28.049999237060547,28.299999237060547,27.5,27.899999618530273,19.52643394470215,448400
2017-12-11,28.149999618530273,28.5,27.799999237060547,28.100000381469727,19.666412353515625,470000
2017-12-12,28.0,28.350000381469727,27.799999237060547,28.25,19.771392822265625,1646910
2017-12-13,28.049999237060547,28.5,27.649999618530273,28.5,19.94635772705078,700259
2017-12-14,28.5,28.75,28.149999618530273,28.450000762939453,19.911365509033203,493060
2017-12-15,28.600000381469727,28.600000381469727,28.200000762939453,28.350000381469727,19.84137725830078,1083707
2017-12-18,28.799999237060547,28.799999237060547,28.0,28.149999618530273,19.70140266418457,426630
2017-12-19,28.100000381469727,28.200000762939453,27.899999618530273,28.049999237060547,19.631412506103516,269347
2017-12-20,28.049999237060547,28.799999237060547,28.049999237060547,28.799999237060547,20.15631866455078,498135
2017-12-21,28.549999237060547,28.649999618530273,28.399999618530273,28.399999618530273,19.876375198364258,179000
2017-12-22,28.350000381469727,28.75,28.350000381469727,28.700000762939453,20.086334228515625,686000
2017-12-27,28.700000762939453,28.950000762939453,28.5,28.600000381469727,20.016347885131836,322000
2017-12-28,28.350000381469727,28.799999237060547,28.350000381469727,28.75,20.12133026123047,332225
2017-12-29,28.549999237060547,29.0,28.549999237060547,28.75,20.12133026123047,432109
2018-01-02,28.799999237060547,29.200000762939453,28.799999237060547,29.100000381469727,20.366283416748047,318786
2018-01-03,29.049999237060547,29.200000762939453,28.899999618530273,29.200000762939453,20.436267852783203,153600
2018-01-04,29.049999237060547,29.899999618530273,28.950000762939453,29.899999618530273,20.926177978515625,438114
2018-01-05,29.399999618530273,30.450000762939453,29.399999618530273,30.399999618530273,21.2761173248291,1714000
2018-01-08,30.399999618530273,30.899999618530273,30.0,30.450000762939453,21.311105728149414,322700
2018-01-09,30.450000762939453,31.200000762939453,30.450000762939453,30.950000762939453,21.66104507446289,462400
2018-01-10,30.75,31.149999618530273,30.350000381469727,30.850000381469727,21.591060638427734,1185359
2018-01-11,30.700000762939453,30.950000762939453,30.5,30.600000381469727,21.41609001159668,2374721
2018-01-12,30.950000762939453,31.149999618530273,30.850000381469727,31.100000381469727,21.766027450561523,3153590
2018-01-15,31.149999618530273,31.200000762939453,30.549999237060547,30.700000762939453,21.4860782623291,198607
2018-01-16,30.899999618530273,31.149999618530273,30.700000762939453,30.899999618530273,21.626052856445312,2039581
2018-01-17,30.75,31.25,30.75,30.850000381469727,21.591060638427734,1737257
2018-01-18,31.0,31.0,30.399999618530273,30.600000381469727,21.41609001159668,2495672
2018-01-19,30.649999618530273,31.0,30.399999618530273,30.799999237060547,21.55606460571289,990461
2018-01-22,30.850000381469727,30.899999618530273,30.700000762939453,30.75,21.52107048034668,1686013
2018-01-23,30.950000762939453,30.950000762939453,30.75,30.799999237060547,21.55606460571289,923599
2018-01-24,30.799999237060547,31.5,30.700000762939453,31.0,21.6960391998291,517122
2018-01-25,31.149999618530273,31.149999618530273,30.899999618530273,30.899999618530273,21.626052856445312,1873961
2018-01-26,31.149999618530273,31.399999618530273,30.899999618530273,31.100000381469727,21.766027450561523,537936
2018-01-29,31.100000381469727,31.100000381469727,30.299999237060547,30.299999237060547,21.206130981445312,678200
2018-01-30,30.5,30.899999618530273,29.399999618530273,29.399999618530273,20.576242446899414,1094483
2018-01-31,29.5,30.049999237060547,29.100000381469727,29.75,20.82120132446289,2423000
2018-02-01,29.75,30.100000381469727,29.5,29.649999618530273,20.751211166381836,559804
2018-02-02,29.649999618530273,29.899999618530273,29.25,29.350000381469727,20.541250228881836,470894
2018-02-05,29.200000762939453,29.399999618530273,28.799999237060547,29.200000762939453,20.436267852783203,650807
2018-02-06,29.100000381469727,29.100000381469727,27.399999618530273,27.600000381469727,19.31647300720215,898210
2018-02-07,28.049999237060547,28.5,27.850000381469727,28.25,19.771392822265625,1264955
2018-02-08,28.25,28.25,27.600000381469727,27.75,19.421457290649414,679741
2018-02-09,27.5,27.5,26.850000381469727,27.25,19.071516036987305,742338
2018-02-12,27.450000762939453,27.450000762939453,26.549999237060547,26.850000381469727,18.79157066345215,262596
2018-02-13,27.0,27.350000381469727,26.799999237060547,27.0,18.89655113220215,408897
2018-02-14,26.649999618530273,27.25,26.100000381469727,26.899999618530273,18.826562881469727,711315
2018-02-15,26.799999237060547,27.399999618530273,26.700000762939453,26.700000762939453,18.68659019470215,331524
2018-02-20,26.600000381469727,26.850000381469727,26.299999237060547,26.5,18.546615600585938,424512
2018-02-21,26.649999618530273,27.200000762939453,26.649999618530273,27.200000762939453,19.03652572631836,415256
2018-02-22,27.149999618530273,27.450000762939453,27.049999237060547,27.049999237060547,18.931547164916992,435770
2018-02-23,27.450000762939453,27.600000381469727,27.25,27.5,19.24648666381836,288188
2018-02-26,27.5,27.700000762939453,27.350000381469727,27.600000381469727,19.31647300720215,612368
2018-02-27,27.850000381469727,27.899999618530273,27.149999618530273,27.25,19.071516036987305,432635
2018-02-28,27.399999618530273,27.399999618530273,26.5,26.5,18.546615600585938,1083290
2018-03-01,26.299999237060547,27.0,26.299999237060547,26.899999618530273,18.826562881469727,1254289
2018-03-02,26.799999237060547,27.0,26.5,26.850000381469727,18.79157066345215,220065
2018-03-05,26.850000381469727,26.899999618530273,26.399999618530273,26.5,18.546615600585938,272048
2018-03-06,27.0,27.0,26.549999237060547,26.700000762939453,18.68659019470215,306700
2018-03-07,26.399999618530273,26.899999618530273,26.200000762939453,26.200000762939453,18.336650848388672,606905
2018-03-08,26.299999237060547,26.950000762939453,26.149999618530273,26.75,18.72158432006836,447427
2018-03-09,27.0,27.049999237060547,26.899999618530273,26.899999618530273,18.826562881469727,258174
2018-03-12,26.899999618530273,27.5,26.899999618530273,27.450000762939453,19.21149253845215,525595
2018-03-13,27.399999618530273,27.850000381469727,27.100000381469727,27.850000381469727,19.49144172668457,4278633
2018-03-14,27.649999618530273,27.649999618530273,27.399999618530273,27.649999618530273,19.351469039916992,413318
2018-03-15,27.350000381469727,27.850000381469727,27.299999237060547,27.850000381469727,19.49144172668457,278400
2018-03-16,27.649999618530273,27.850000381469727,27.25,27.5,19.24648666381836,2444057
2018-03-19,27.450000762939453,27.649999618530273,27.25,27.350000381469727,19.14150619506836,297024
2018-03-20,27.450000762939453,27.450000762939453,26.899999618530273,27.049999237060547,18.931547164916992,570815
2018-03-21,27.149999618530273,27.149999618530273,26.549999237060547,26.549999237060547,18.581605911254883,567100
2018-03-22,26.600000381469727,26.799999237060547,26.5,26.600000381469727,18.616601943969727,810000
2018-03-23,26.299999237060547,26.350000381469727,25.75,26.0,18.19668197631836,1834900
2018-03-26,26.049999237060547,26.149999618530273,25.600000381469727,25.75,18.021711349487305,1100036
2018-03-27,25.850000381469727,26.049999237060547,25.850000381469727,25.899999618530273,18.126689910888672,482858
2018-03-28,25.899999618530273,26.399999618530273,25.649999618530273,25.850000381469727,18.091699600219727,1176017
2018-03-29,25.899999618530273,25.899999618530273,25.600000381469727,25.649999618530273,17.951723098754883,486774
2018-04-03,25.149999618530273,25.549999237060547,25.100000381469727,25.299999237060547,17.70676612854004,886435
2018-04-04,25.049999237060547,25.549999237060547,24.700000762939453,24.75,17.321840286254883,976730
2018-04-06,25.0,25.0,24.350000381469727,24.799999237060547,17.35683250427246,1626000
2018-04-09,24.899999618530273,25.0,24.549999237060547,24.799999237060547,17.35683250427246,12691270
2018-04-10,24.850000381469727,25.600000381469727,24.200000762939453,25.450000762939453,17.811748504638672,3089228
2018-04-11,25.75,25.950000762939453,25.350000381469727,25.850000381469727,18.091699600219727,2181082
2018-04-12,25.850000381469727,25.950000762939453,25.5,25.700000762939453,17.986719131469727,647001
2018-04-13,25.649999618530273,25.700000762939453,25.049999237060547,25.149999618530273,17.60178565979004,1345500
2018-04-16,25.0,25.149999618530273,24.850000381469727,24.899999618530273,17.42681884765625,870877
2018-04-17,25.0,25.399999618530273,24.450000762939453,24.450000762939453,17.11187744140625,723039
2018-04-18,24.600000381469727,24.700000762939453,24.399999618530273,24.549999237060547,17.18186378479004,808900
2018-04-19,24.700000762939453,24.899999618530273,24.549999237060547,24.75,17.321840286254883,1018000
2018-04-20,24.5,24.700000762939453,24.399999618530273,24.5,17.14687156677246,578000
2018-04-23,24.299999237060547,24.600000381469727,24.299999237060547,24.549999237060547,17.18186378479004,714900
2018-04-24,24.399999618530273,24.600000381469727,24.399999618530273,24.549999237060547,17.18186378479004,1371959
2018-04-25,24.350000381469727,24.549999237060547,24.049999237060547,24.200000762939453,16.936908721923828,1403000
2018-04-26,24.0,24.299999237060547,23.850000381469727,23.950000762939453,16.76194190979004,899518
2018-04-27,24.0,24.450000762939453,23.850000381469727,24.049999237060547,16.831926345825195,1403078
2018-04-30,23.5,24.049999237060547,23.5,23.799999237060547,17.090436935424805,2434755
2018-05-02,24.0,24.200000762939453,23.700000762939453,24.200000762939453,17.377674102783203,1559409
2018-05-03,24.200000762939453,24.299999237060547,23.799999237060547,23.899999618530273,17.16224479675293,788940
2018-05-04,23.899999618530273,24.0,23.700000762939453,23.75,17.054533004760742,1193000
2018-05-07,24.0,24.0,23.600000381469727,23.799999237060547,17.090436935424805,807842
2018-05-08,24.0,24.399999618530273,23.899999618530273,24.299999237060547,17.449480056762695,1795666
2018-05-09,24.049999237060547,24.200000762939453,23.899999618530273,24.149999618530273,17.341764450073242,1056605
2018-05-10,24.149999618530273,24.450000762939453,23.950000762939453,24.149999618530273,17.341764450073242,738000
2018-05-11,24.399999618530273,24.600000381469727,24.25,24.549999237060547,17.62900161743164,1487712
2018-05-14,24.450000762939453,25.700000762939453,24.399999618530273,25.5,18.31118392944336,1794000
2018-05-15,25.799999237060547,25.799999237060547,25.200000762939453,25.450000762939453,18.27528190612793,864639
2018-05-16,25.399999618530273,25.399999618530273,24.850000381469727,25.0,17.95214080810547,689824
2018-05-17,24.850000381469727,25.350000381469727,24.600000381469727,24.899999618530273,17.880332946777344,747000
2018-05-18,24.75,25.0,24.600000381469727,24.600000381469727,17.66490364074707,1307000
2018-05-21,24.649999618530273,24.799999237060547,24.649999618530273,24.75,17.77262306213379,864000
2018-05-23,24.700000762939453,24.75,24.299999237060547,24.350000381469727,17.485382080078125,878749
2018-05-24,24.649999618530273,24.649999618530273,24.25,24.299999237060547,17.449480056762695,1090518
2018-05-25,24.5,24.700000762939453,24.299999237060547,24.399999618530273,17.521289825439453,404075
2018-05-28,24.399999618530273,24.5,24.200000762939453,24.350000381469727,17.485382080078125,577510
2018-05-29,24.200000762939453,24.399999618530273,23.700000762939453,24.100000381469727,17.305864334106445,998248
2018-05-30,23.700000762939453,24.149999618530273,23.700000762939453,24.049999237060547,17.26995849609375,864000
2018-05-31,23.899999618530273,24.350000381469727,23.899999618530273,24.299999237060547,17.449480056762695,2719405
2018-06-01,24.0,24.25,23.950000762939453,24.100000381469727,17.305864334106445,922068
2018-06-04,24.049999237060547,24.649999618530273,24.049999237060547,24.350000381469727,17.485382080078125,555614
2018-06-05,24.200000762939453,24.600000381469727,24.200000762939453,24.399999618530273,17.521289825439453,557454
2018-06-06,24.399999618530273,24.600000381469727,24.350000381469727,24.5,17.59309959411621,1341220
2018-06-07,24.399999618530273,24.5,24.299999237060547,24.5,17.59309959411621,951600
2018-06-08,24.399999618530273,24.450000762939453,24.25,24.399999618530273,17.521289825439453,908666
2018-06-11,24.399999618530273,24.549999237060547,24.299999237060547,24.350000381469727,17.485382080078125,388830
2018-06-12,24.200000762939453,24.399999618530273,24.049999237060547,24.100000381469727,17.305864334106445,1183207
2018-06-13,24.100000381469727,24.200000762939453,23.850000381469727,23.850000381469727,17.126344680786133,811857
2018-06-14,23.600000381469727,23.899999618530273,23.549999237060547,23.649999618530273,16.982725143432617,1495036
2018-06-15,23.850000381469727,24.0,23.600000381469727,23.75,17.054533004760742,4814388
2018-06-19,23.75,23.75,22.850000381469727,23.0,16.51597023010254,4464963
2018-06-20,23.350000381469727,23.350000381469727,22.799999237060547,22.899999618530273,16.44415855407715,1874272
2018-06-21,22.950000762939453,22.950000762939453,22.600000381469727,22.700000762939453,16.30054473876953,456777
2018-06-22,22.899999618530273,22.899999618530273,22.450000762939453,22.850000381469727,16.408254623413086,1222259
2018-06-25,22.850000381469727,22.850000381469727,22.600000381469727,22.75,16.336448669433594,1520315
2018-06-26,22.600000381469727,22.600000381469727,22.200000762939453,22.350000381469727,16.049211502075195,1123213
2018-06-27,22.450000762939453,22.450000762939453,22.100000381469727,22.149999618530273,15.905594825744629,618000
2018-06-28,22.049999237060547,22.149999618530273,21.700000762939453,21.950000762939453,15.761979103088379,440241
2018-06-29,21.799999237060547,22.100000381469727,21.799999237060547,22.0,15.797881126403809,1630930
2018-07-03,22.0,22.0,21.350000381469727,21.600000381469727,15.51064682006836,1447028
2018-07-04,21.799999237060547,21.799999237060547,21.200000762939453,21.299999237060547,15.295225143432617,1303000
2018-07-05,21.350000381469727,21.450000762939453,20.950000762939453,21.100000381469727,15.151606559753418,1087150
2018-07-06,21.0,21.450000762939453,20.799999237060547,21.049999237060547,15.115701675415039,1226000
2018-07-09,21.5,21.5,21.200000762939453,21.5,15.438841819763184,1734142
2018-07-10,21.5,21.649999618530273,21.25,21.450000762939453,15.402938842773438,3317165
2018-07-11,21.299999237060547,21.350000381469727,21.0,21.350000381469727,15.331127166748047,1213158
2018-07-12,21.350000381469727,21.5,21.149999618530273,21.399999618530273,15.367033004760742,566998
2018-07-13,21.700000762939453,21.700000762939453,21.350000381469727,21.399999618530273,15.367033004760742,2043061
2018-07-16,21.5,21.549999237060547,21.25,21.350000381469727,15.331127166748047,530000
2018-07-17,21.299999237060547,21.700000762939453,21.200000762939453,21.350000381469727,15.331127166748047,897660
2018-07-18,21.299999237060547,21.450000762939453,21.200000762939453,21.350000381469727,15.331127166748047,635174
2018-07-19,21.350000381469727,21.450000762939453,21.25,21.25,15.259318351745605,955514
2018-07-20,21.149999618530273,21.549999237060547,20.950000762939453,21.5,15.438841819763184,834415
2018-07-23,21.299999237060547,21.649999618530273,21.299999237060547,21.5,15.438841819763184,1982606
2018-07-24,21.549999237060547,21.950000762939453,21.399999618530273,21.450000762939453,15.402938842773438,1102000
2018-07-25,21.649999618530273,21.75,21.450000762939453,21.649999618530273,15.546555519104004,1123200
2018-07-26,21.700000762939453,21.950000762939453,21.649999618530273,21.950000762939453,15.761979103088379,989564
2018-07-27,21.899999618530273,22.0,21.700000762939453,21.950000762939453,15.761979103088379,521150
2018-07-30,21.950000762939453,22.299999237060547,21.75,22.049999237060547,15.833785057067871,982300
2018-07-31,22.049999237060547,23.25,21.75,23.200000762939453,16.659589767456055,2513188
2018-08-01,23.299999237060547,23.299999237060547,22.649999618530273,22.700000762939453,16.30054473876953,2110866
2018-08-02,22.700000762939453,22.75,22.200000762939453,22.25,15.977408409118652,1516656
2018-08-03,22.100000381469727,22.149999618530273,21.899999618530273,22.149999618530273,15.905594825744629,1438000
2018-08-06,22.75,22.75,21.950000762939453,22.0,15.797881126403809,1125041
2018-08-07,22.0,22.5,22.0,22.25,15.977408409118652,1396856
2018-08-08,22.450000762939453,22.5,22.25,22.25,15.977408409118652,3018913
2018-08-09,22.25,22.450000762939453,22.100000381469727,22.25,15.977408409118652,1768000
2018-08-10,22.350000381469727,22.5,22.149999618530273,22.25,15.977408409118652,982290
2018-08-13,22.25,22.25,21.649999618530273,21.899999618530273,15.726075172424316,1485100
2018-08-14,21.75,21.899999618530273,21.399999618530273,21.850000381469727,15.690173149108887,333912
2018-08-15,21.950000762939453,21.950000762939453,21.549999237060547,21.75,15.618363380432129,653135
2018-08-16,21.649999618530273,21.75,21.350000381469727,21.700000762939453,15.582460403442383,610000
2018-08-17,22.100000381469727,22.100000381469727,21.700000762939453,21.850000381469727,15.690173149108887,1371000
2018-08-20,21.850000381469727,22.149999618530273,21.75,22.149999618530273,15.905594825744629,444000
2018-08-21,22.149999618530273,22.200000762939453,22.0,22.100000381469727,15.869690895080566,639828
2018-08-22,21.899999618530273,22.200000762939453,21.899999618530273,22.100000381469727,15.869690895080566,1935000
2018-08-23,22.100000381469727,22.100000381469727,21.899999618530273,22.100000381469727,15.869690895080566,1230593
2018-08-24,22.0,22.25,21.700000762939453,22.100000381469727,15.869690895080566,397515
2018-08-27,22.299999237060547,22.450000762939453,22.100000381469727,22.100000381469727,15.869690895080566,1758400
2018-08-28,22.5,22.5,22.25,22.350000381469727,16.049211502075195,312900
2018-08-29,22.399999618530273,22.399999618530273,22.100000381469727,22.25,15.977408409118652,746540
2018-08-30,22.350000381469727,22.350000381469727,21.799999237060547,21.799999237060547,15.654267311096191,310082
2018-08-31,22.049999237060547,22.100000381469727,21.649999618530273,22.0,15.797881126403809,996082
2018-09-03,22.0,22.200000762939453,21.899999618530273,22.0,15.797881126403809,451743
2018-09-04,22.149999618530273,22.149999618530273,21.700000762939453,21.799999237060547,15.654267311096191,670645
2018-09-05,21.5,21.799999237060547,21.100000381469727,21.200000762939453,15.223419189453125,869113
2018-09-06,21.600000381469727,21.600000381469727,20.75,20.899999618530273,15.007990837097168,854196
2018-09-07,21.299999237060547,21.299999237060547,20.600000381469727,21.0,15.07979679107666,820769
2018-09-10,20.850000381469727,20.850000381469727,20.399999618530273,20.5,14.855158805847168,376000
2018-09-11,20.700000762939453,20.799999237060547,20.450000762939453,20.600000381469727,14.927621841430664,1104768
2018-09-12,20.799999237060547,20.950000762939453,20.399999618530273,20.600000381469727,14.927621841430664,840967
2018-09-13,20.899999618530273,21.0,20.600000381469727,21.0,15.217479705810547,673017
2018-09-14,21.149999618530273,21.5,20.899999618530273,21.149999618530273,15.326173782348633,1456000
2018-09-17,21.799999237060547,21.799999237060547,20.950000762939453,21.149999618530273,15.326173782348633,575308
2018-09-18,20.899999618530273,21.049999237060547,20.649999618530273,20.950000762939453,15.181251525878906,992500
2018-09-19,20.850000381469727,21.200000762939453,20.799999237060547,21.0,15.217479705810547,1166500
2018-09-20,20.950000762939453,21.149999618530273,20.899999618530273,21.049999237060547,15.253711700439453,857000
2018-09-21,21.399999618530273,21.399999618530273,20.5,20.700000762939453,15.00008773803711,4411648
2018-09-24,20.950000762939453,20.950000762939453,20.399999618530273,20.5,14.855158805847168,577113
2018-09-26,20.75,20.850000381469727,20.450000762939453,20.5,14.855158805847168,1014218
2018-09-27,20.549999237060547,20.649999618530273,19.5,20.350000381469727,14.746461868286133,1105480
2018-09-28,20.600000381469727,20.799999237060547,20.25,20.799999237060547,15.072548866271973,1339282
2018-10-02,20.799999237060547,20.850000381469727,20.0,20.100000381469727,14.565302848815918,1816845
2018-10-03,20.350000381469727,20.5,19.81999969482422,20.049999237060547,14.529067993164062,1327802
2018-10-04,20.0,20.149999618530273,19.8799991607666,20.049999237060547,14.529067993164062,743900
2018-10-05,20.200000762939453,20.200000762939453,19.81999969482422,20.100000381469727,14.565302848815918,1129405
2018-10-08,20.350000381469727,20.350000381469727,19.979999542236328,20.0,14.492840766906738,911000
2018-10-09,20.100000381469727,20.399999618530273,20.0,20.350000381469727,14.746461868286133,1281082
2018-10-10,20.200000762939453,20.75,20.0,20.450000762939453,14.818926811218262,2620133
2018-10-11,20.200000762939453,20.200000762939453,19.459999084472656,19.5,14.130517959594727,2461574
2018-10-12,19.540000915527344,19.799999237060547,19.479999542236328,19.6200008392334,14.217476844787598,910983
2018-10-15,19.639999389648438,19.639999389648438,19.479999542236328,19.5,14.130517959594727,1139703
2018-10-16,19.520000457763672,19.540000915527344,19.280000686645508,19.540000915527344,14.159502983093262,2689113
2018-10-18,19.31999969482422,19.65999984741211,19.31999969482422,19.579999923706055,14.188488960266113,1261900
2018-10-19,19.600000381469727,19.639999389648438,19.280000686645508,19.579999923706055,14.188488960266113,1178824
2018-10-22,19.559999465942383,19.959999084472656,19.200000762939453,19.84000015258789,14.376898765563965,679000
2018-10-23,19.780000686645508,20.0,19.540000915527344,19.700000762939453,14.275446891784668,1029783
2018-10-24,19.860000610351562,19.8799991607666,19.420000076293945,19.5,14.130517959594727,1780752
2018-10-25,19.440000534057617,19.559999465942383,19.1200008392334,19.239999771118164,13.942111015319824,1506450
2018-10-26,19.280000686645508,19.459999084472656,19.139999389648438,19.3799991607666,14.043559074401855,998000
2018-10-29,19.3799991607666,19.600000381469727,19.15999984741211,19.299999237060547,13.985589027404785,903416
2018-10-30,19.31999969482422,19.600000381469727,19.15999984741211,19.299999237060547,13.985589027404785,1386149
2018-10-31,19.239999771118164,19.68000030517578,19.18000030517578,19.280000686645508,13.971095085144043,1157792
2018-11-01,19.299999237060547,19.739999771118164,19.299999237060547,19.700000762939453,14.275446891784668,2343223
2018-11-02,19.739999771118164,19.940000534057617,19.700000762939453,19.899999618530273,14.420374870300293,1260360
2018-11-05,19.899999618530273,19.959999084472656,19.739999771118164,19.860000610351562,14.391388893127441,794536
2018-11-06,19.899999618530273,19.899999618530273,19.420000076293945,19.739999771118164,14.304431915283203,1493000
2018-11-07,19.979999542236328,20.0,19.700000762939453,19.799999237060547,14.347906112670898,963245
2018-11-08,20.049999237060547,20.149999618530273,19.940000534057617,20.049999237060547,14.529067993164062,1883100
2018-11-09,20.100000381469727,20.100000381469727,19.6200008392334,19.739999771118164,14.304431915283203,799000
2018-11-12,19.68000030517578,19.760000228881836,19.34000015258789,19.600000381469727,14.202980995178223,913238
2018-11-13,19.520000457763672,19.719999313354492,19.3799991607666,19.540000915527344,14.159502983093262,2462633
2018-11-14,19.540000915527344,20.399999618530273,19.540000915527344,20.149999618530273,14.601532936096191,5856578
2018-11-15,20.200000762939453,21.100000381469727,20.200000762939453,21.100000381469727,15.289944648742676,1119700
2018-11-16,21.200000762939453,21.350000381469727,20.899999618530273,21.25,15.398639678955078,1364768
2018-11-19,21.299999237060547,21.799999237060547,21.299999237060547,21.649999618530273,15.688499450683594,1417000
2018-11-20,21.549999237060547,21.549999237060547,21.100000381469727,21.25,15.398639678955078,725000
2018-11-21,21.25,21.299999237060547,20.950000762939453,21.100000381469727,15.289944648742676,787349
2018-11-22,21.549999237060547,21.549999237060547,21.149999618530273,21.25,15.398639678955078,397661
2018-11-23,21.5,21.5,21.200000762939453,21.25,15.398639678955078,197750
2018-11-26,21.399999618530273,21.600000381469727,21.149999618530273,21.25,15.398639678955078,515395
2018-11-27,21.350000381469727,21.350000381469727,21.049999237060547,21.200000762939453,15.362411499023438,1039103
2018-11-28,21.25,21.5,21.149999618530273,21.399999618530273,15.50733757019043,672658
2018-11-29,21.350000381469727,21.450000762939453,21.149999618530273,21.350000381469727,15.47110366821289,340570
2018-11-30,21.25,21.850000381469727,21.200000762939453,21.700000762939453,15.724732398986816,5910409
2018-12-03,22.049999237060547,22.149999618530273,21.5,21.5,15.579801559448242,9048718
2018-12-04,21.649999618530273,21.649999618530273,20.899999618530273,21.600000381469727,15.652262687683105,2334703
2018-12-05,21.450000762939453,21.700000762939453,21.350000381469727,21.600000381469727,15.652262687683105,1835786
2018-12-06,21.549999237060547,21.600000381469727,20.850000381469727,21.100000381469727,15.289944648742676,887820
2018-12-07,21.75,21.75,21.25,21.299999237060547,15.434874534606934,1302551
2018-12-10,21.049999237060547,21.149999618530273,20.549999237060547,20.850000381469727,15.108783721923828,1609426
2018-12-11,20.850000381469727,21.100000381469727,20.649999618530273,20.799999237060547,15.072548866271973,421319
2018-12-12,20.850000381469727,21.25,20.850000381469727,21.049999237060547,15.253711700439453,1232289
2018-12-13,21.299999237060547,21.700000762939453,21.149999618530273,21.600000381469727,15.652262687683105,1423400
2018-12-14,21.600000381469727,21.600000381469727,20.850000381469727,21.350000381469727,15.47110366821289,1580070
2018-12-17,21.149999618530273,21.5,21.149999618530273,21.350000381469727,15.47110366821289,574133
2018-12-18,21.299999237060547,21.299999237060547,20.75,20.899999618530273,15.145017623901367,1526072
2018-12-19,20.950000762939453,20.950000762939453,20.600000381469727,20.649999618530273,14.963854789733887,1641825
2018-12-20,20.549999237060547,20.799999237060547,20.350000381469727,20.5,14.855158805847168,765286
2018-12-21,20.549999237060547,20.549999237060547,20.0,20.049999237060547,14.529067993164062,2832221
2018-12-24,20.0,20.0,19.559999465942383,19.780000686645508,14.333417892456055,483460
2018-12-27,19.899999618530273,20.450000762939453,19.700000762939453,19.860000610351562,14.391388893127441,1283322
2018-12-28,19.739999771118164,20.100000381469727,19.739999771118164,20.049999237060547,14.529067993164062,1097547
2018-12-31,19.940000534057617,20.25,19.940000534057617,19.940000534057617,14.449359893798828,1108528
2019-01-02,20.399999618530273,20.399999618530273,19.479999542236328,19.520000457763672,14.145011901855469,1198520
2019-01-03,19.3799991607666,19.65999984741211,19.260000228881836,19.34000015258789,14.014575958251953,1031046
2019-01-04,19.299999237060547,19.760000228881836,19.239999771118164,19.760000228881836,14.318922996520996,1911139
2019-01-07,19.8799991607666,20.25,19.8799991607666,20.200000762939453,14.63776683807373,1101900
2019-01-08,20.5,20.600000381469727,19.920000076293945,20.450000762939453,14.818926811218262,926106
2019-01-09,20.649999618530273,20.75,20.5,20.649999618530273,14.963854789733887,1438514
2019-01-10,20.75,20.950000762939453,20.549999237060547,20.850000381469727,15.108783721923828,819305
2019-01-11,20.950000762939453,21.100000381469727,20.549999237060547,21.0,15.217479705810547,763824
2019-01-14,21.100000381469727,21.100000381469727,20.649999618530273,20.850000381469727,15.108783721923828,660000
2019-01-15,21.100000381469727,21.600000381469727,20.950000762939453,21.100000381469727,15.289944648742676,1848103
2019-01-16,21.100000381469727,21.350000381469727,21.0,21.350000381469727,15.47110366821289,1573000
2019-01-17,21.350000381469727,21.350000381469727,20.75,20.799999237060547,15.072548866271973,1774217
2019-01-18,21.5,21.5,20.850000381469727,21.0,15.217479705810547,4730000
2019-01-21,21.149999618530273,21.350000381469727,21.100000381469727,21.25,15.398639678955078,387000
2019-01-22,21.5,21.5,21.049999237060547,21.149999618530273,15.326173782348633,2026285
2019-01-23,21.299999237060547,21.450000762939453,21.100000381469727,21.299999237060547,15.434874534606934,819771
2019-01-24,21.450000762939453,21.600000381469727,21.25,21.600000381469727,15.652262687683105,1054003
2019-01-25,21.700000762939453,21.799999237060547,21.5,21.700000762939453,15.724732398986816,741608
2019-01-28,22.0,22.0,21.549999237060547,21.850000381469727,15.833426475524902,803000
2019-01-29,21.950000762939453,22.399999618530273,21.700000762939453,22.399999618530273,16.231977462768555,1774651
2019-01-30,22.700000762939453,23.0,22.200000762939453,23.0,16.666767120361328,1867737
2019-01-31,23.299999237060547,23.5,22.799999237060547,23.0,16.666767120361328,2829073
2019-02-01,23.0,23.25,22.5,23.25,16.847923278808594,1214834
2019-02-04,23.25,23.350000381469727,22.899999618530273,23.049999237060547,16.7029972076416,753130
2019-02-08,23.0,23.200000762939453,22.600000381469727,22.799999237060547,16.521833419799805,1120978
2019-02-11,22.850000381469727,22.950000762939453,22.700000762939453,22.899999618530273,16.59429931640625,1106660
2019-02-12,22.899999618530273,23.25,22.899999618530273,23.149999618530273,16.77545928955078,830881
2019-02-13,23.299999237060547,23.850000381469727,23.0,23.75,17.21024513244629,1468931
2019-02-14,24.0,24.149999618530273,23.75,23.899999618530273,17.318939208984375,1752580
2019-02-15,23.700000762939453,24.0,23.549999237060547,23.600000381469727,17.10154914855957,1710490
2019-02-18,23.649999618530273,23.950000762939453,23.600000381469727,23.799999237060547,17.246475219726562,1400025
2019-02-19,23.799999237060547,24.100000381469727,23.649999618530273,24.0,17.39140510559082,1398500
2019-02-20,24.100000381469727,24.450000762939453,23.600000381469727,24.100000381469727,17.463871002197266,2213243
2019-02-21,24.200000762939453,24.350000381469727,23.649999618530273,24.100000381469727,17.463871002197266,2050781
2019-02-22,24.149999618530273,24.549999237060547,24.100000381469727,24.5,17.753726959228516,1140940
2019-02-25,24.600000381469727,24.75,24.299999237060547,24.450000762939453,17.717496871948242,858976
2019-02-26,24.5,24.649999618530273,24.299999237060547,24.600000381469727,17.826187133789062,2911824
2019-02-27,24.700000762939453,24.850000381469727,24.5,24.700000762939453,17.898658752441406,527235
2019-02-28,24.799999237060547,25.0,24.549999237060547,24.649999618530273,17.862422943115234,1939213
2019-03-01,24.600000381469727,24.600000381469727,24.200000762939453,24.350000381469727,17.64502716064453,1122692
2019-03-04,24.399999618530273,24.399999618530273,24.049999237060547,24.100000381469727,17.463871002197266,1059866
2019-03-05,24.100000381469727,24.350000381469727,24.0,24.0,17.39140510559082,863944
2019-03-06,24.200000762939453,24.299999237060547,24.049999237060547,24.25,17.57256507873535,477877
2019-03-07,24.100000381469727,24.25,23.899999618530273,24.0,17.39140510559082,643000
2019-03-08,23.850000381469727,24.0,23.600000381469727,23.799999237060547,17.246475219726562,782253
2019-03-11,23.799999237060547,23.950000762939453,23.450000762939453,23.799999237060547,17.246475219726562,546160
2019-03-12,24.149999618530273,24.399999618530273,24.0,24.25,17.57256507873535,305300
2019-03-13,24.149999618530273,24.25,23.850000381469727,24.0,17.39140510559082,357056
2019-03-14,24.25,24.25,23.649999618530273,23.75,17.21024513244629,431727
2019-03-15,23.75,24.299999237060547,23.75,24.25,17.57256507873535,1434885
2019-03-18,24.25,24.399999618530273,23.899999618530273,24.149999618530273,17.50010108947754,436300
2019-03-19,24.350000381469727,24.399999618530273,24.200000762939453,24.25,17.57256507873535,647000
2019-03-20,24.450000762939453,24.700000762939453,24.200000762939453,24.600000381469727,17.826187133789062,1199078
2019-03-21,24.700000762939453,24.75,24.5,24.700000762939453,17.898658752441406,825000
2019-03-22,25.0,25.0,24.549999237060547,24.649999618530273,17.862422943115234,629771
2019-03-25,24.149999618530273,24.450000762939453,24.100000381469727,24.25,17.57256507873535,743916
2019-03-26,24.5,24.549999237060547,24.149999618530273,24.5,17.753726959228516,1457129
2019-03-27,24.700000762939453,24.75,24.25,24.5,17.753726959228516,971977
2019-03-28,24.700000762939453,25.049999237060547,24.649999618530273,24.899999618530273,18.0435848236084,1436768
2019-03-29,25.25,25.25,24.799999237060547,25.200000762939453,18.260976791381836,759675
2019-04-01,25.100000381469727,26.149999618530273,24.799999237060547,26.049999237060547,18.876920700073242,1444718
2019-04-02,25.899999618530273,26.0,25.25,25.700000762939453,18.62329864501953,1881258
2019-04-03,25.700000762939453,25.700000762939453,25.25,25.549999237060547,18.51460075378418,1093622
2019-04-04,25.649999618530273,25.700000762939453,25.200000762939453,25.700000762939453,18.62329864501953,1389000
2019-04-08,25.600000381469727,25.600000381469727,25.100000381469727,25.149999618530273,18.224742889404297,1724391
2019-04-09,25.200000762939453,25.200000762939453,24.700000762939453,24.75,17.934890747070312,1554925
2019-04-10,24.75,24.799999237060547,24.299999237060547,24.5,17.753726959228516,3273483
2019-04-11,24.700000762939453,24.700000762939453,24.049999237060547,24.100000381469727,17.463871002197266,1361885
2019-04-12,24.100000381469727,24.25,24.0,24.149999618530273,17.50010108947754,1751633
2019-04-15,24.450000762939453,24.450000762939453,23.899999618530273,23.950000762939453,17.355175018310547,2293688
2019-04-16,24.100000381469727,24.100000381469727,23.5,23.899999618530273,17.318939208984375,1966100
2019-04-17,24.049999237060547,24.049999237060547,23.600000381469727,23.75,17.21024513244629,2250771
2019-04-18,23.75,23.75,23.25,23.299999237060547,16.8841552734375,661825
2019-04-23,23.299999237060547,23.600000381469727,23.049999237060547,23.200000762939453,16.811695098876953,2544416
2019-04-24,23.25,23.75,23.049999237060547,23.399999618530273,16.956619262695312,1714400
2019-04-25,23.049999237060547,23.399999618530273,22.799999237060547,23.299999237060547,16.8841552734375,1747443
2019-04-26,23.100000381469727,23.350000381469727,22.950000762939453,23.350000381469727,16.92038917541504,1836147
2019-04-29,23.600000381469727,23.649999618530273,23.399999618530273,23.5,17.02908706665039,362225
2019-04-30,23.5,23.600000381469727,23.299999237060547,23.350000381469727,16.92038917541504,2959000
2019-05-02,23.200000762939453,23.549999237060547,23.200000762939453,23.350000381469727,16.92038917541504,1603072
2019-05-03,23.100000381469727,23.350000381469727,22.799999237060547,22.950000762939453,17.076648712158203,892546
2019-05-06,22.899999618530273,22.899999618530273,22.100000381469727,22.149999618530273,16.481380462646484,506210
2019-05-07,22.149999618530273,22.450000762939453,21.799999237060547,21.899999618530273,16.295360565185547,2042116
2019-05-08,21.899999618530273,22.049999237060547,21.75,21.75,16.18375015258789,2169375
2019-05-09,21.75,21.75,21.399999618530273,21.450000762939453,15.960526466369629,2157762
2019-05-10,22.0,22.0,21.399999618530273,21.649999618530273,16.109342575073242,2173162
2019-05-14,21.950000762939453,21.950000762939453,21.0,21.25,15.811707496643066,8120001
2019-05-15,21.450000762939453,21.75,21.25,21.350000381469727,15.886115074157715,2159283
2019-05-16,21.399999618530273,21.75,21.049999237060547,21.600000381469727,16.072134017944336,2880080
2019-05-17,21.600000381469727,21.649999618530273,21.25,21.25,15.811707496643066,3229997
2019-05-20,21.549999237060547,21.549999237060547,21.0,21.049999237060547,15.66289234161377,3644119
2019-05-21,20.799999237060547,21.600000381469727,20.799999237060547,20.899999618530273,15.551281929016113,3960362
2019-05-22,21.049999237060547,21.049999237060547,20.700000762939453,20.850000381469727,15.514076232910156,3015893
2019-05-23,20.899999618530273,20.950000762939453,20.700000762939453,20.899999618530273,15.551281929016113,4911000
2019-05-24,20.75,21.100000381469727,20.549999237060547,21.100000381469727,15.70009708404541,3802657
2019-05-27,20.899999618530273,21.549999237060547,20.850000381469727,21.350000381469727,15.886115074157715,2267000
2019-05-28,21.299999237060547,21.549999237060547,20.899999618530273,21.049999237060547,15.66289234161377,55083047
2019-05-29,20.799999237060547,21.350000381469727,20.799999237060547,21.200000762939453,15.774507522583008,24475451
2019-05-30,20.899999618530273,21.350000381469727,20.899999618530273,21.299999237060547,15.84891414642334,3506402
2019-05-31,21.299999237060547,21.350000381469727,20.850000381469727,20.950000762939453,15.58848762512207,3623071
2019-06-03,21.149999618530273,21.149999618530273,20.700000762939453,20.950000762939453,15.58848762512207,1171620
2019-06-04,20.950000762939453,21.0,20.450000762939453,20.5,15.253647804260254,2392090
2019-06-05,20.649999618530273,20.850000381469727,20.399999618530273,20.649999618530273,15.365259170532227,1757207
2019-06-06,20.600000381469727,20.899999618530273,20.549999237060547,20.799999237060547,15.476869583129883,1909000
2019-06-10,21.0,21.149999618530273,20.549999237060547,20.899999618530273,15.551281929016113,2757087
2019-06-11,20.700000762939453,21.149999618530273,20.700000762939453,21.0,15.625687599182129,2223334
2019-06-12,21.149999618530273,21.149999618530273,20.399999618530273,20.399999618530273,15.179241180419922,1709302
2019-06-13,20.299999237060547,20.450000762939453,20.0,20.299999237060547,15.104830741882324,1894790
2019-06-14,20.299999237060547,20.450000762939453,20.200000762939453,20.25,15.067628860473633,2401073
2019-06-17,20.25,20.549999237060547,20.25,20.450000762939453,15.21644401550293,1465306
2019-06-18,20.299999237060547,20.549999237060547,20.0,20.450000762939453,15.21644401550293,2539000
2019-06-19,20.649999618530273,20.850000381469727,20.549999237060547,20.649999618530273,15.365259170532227,999002
2019-06-20,20.75,21.049999237060547,20.100000381469727,20.899999618530273,15.551281929016113,3153737
2019-06-21,20.799999237060547,21.200000762939453,20.75,20.850000381469727,15.514076232910156,2869748
2019-06-24,20.850000381469727,21.350000381469727,20.799999237060547,21.149999618530273,15.737298011779785,1110838
2019-06-25,20.950000762939453,21.100000381469727,20.799999237060547,20.899999618530273,15.551281929016113,1800801
2019-06-26,20.850000381469727,20.850000381469727,20.350000381469727,20.5,15.253647804260254,2765000
2019-06-27,20.5,21.200000762939453,20.5,21.149999618530273,15.737298011779785,2369003
2019-06-28,21.299999237060547,22.350000381469727,21.149999618530273,21.649999618530273,16.109342575073242,3337000
2019-07-02,21.850000381469727,22.049999237060547,21.649999618530273,21.75,16.18375015258789,1623088
2019-07-03,21.950000762939453,22.5,21.899999618530273,22.0,16.369766235351562,1378728
2019-07-04,22.25,22.450000762939453,22.149999618530273,22.200000762939453,16.518585205078125,546000
2019-07-05,22.25,22.25,22.049999237060547,22.200000762939453,16.518585205078125,379161
2019-07-08,21.899999618530273,22.200000762939453,21.700000762939453,21.799999237060547,16.2209529876709,1071165
2019-07-09,22.350000381469727,22.350000381469727,21.600000381469727,21.700000762939453,16.146547317504883,737600
2019-07-10,22.0,22.0,21.450000762939453,21.549999237060547,16.034931182861328,648000
2019-07-11,21.799999237060547,22.0,21.799999237060547,21.899999618530273,16.295360565185547,758984
2019-07-12,22.0,22.049999237060547,21.75,21.950000762939453,16.332563400268555,385220
2019-07-15,21.649999618530273,22.0,21.600000381469727,21.950000762939453,16.332563400268555,660862
2019-07-16,21.75,21.850000381469727,21.549999237060547,21.649999618530273,16.109342575073242,1685969
2019-07-17,21.549999237060547,22.100000381469727,21.549999237060547,21.950000762939453,16.332563400268555,1317500
2019-07-18,22.0,22.049999237060547,21.649999618530273,21.75,16.18375015258789,707000
2019-07-19,22.0,22.649999618530273,21.649999618530273,21.75,16.18375015258789,836836
2019-07-22,21.799999237060547,21.799999237060547,21.299999237060547,21.450000762939453,15.960526466369629,2051270
2019-07-23,21.549999237060547,21.75,21.450000762939453,21.600000381469727,16.072134017944336,811580
2019-07-24,21.649999618530273,21.649999618530273,21.149999618530273,21.25,15.811707496643066,520666
2019-07-25,21.450000762939453,21.5,21.100000381469727,21.25,15.811707496643066,599000
2019-07-26,21.25,21.25,20.75,20.75,15.439666748046875,1077830
2019-07-29,20.649999618530273,20.649999618530273,20.049999237060547,20.350000381469727,15.142035484313965,1110215
2019-07-30,20.299999237060547,20.549999237060547,20.25,20.450000762939453,15.21644401550293,751000
2019-07-31,20.5,20.649999618530273,20.049999237060547,20.200000762939453,15.030424118041992,1070000
2019-08-01,20.299999237060547,20.350000381469727,19.719999313354492,19.81999969482422,14.747673034667969,3385115
2019-08-02,19.639999389648438,20.100000381469727,19.520000457763672,20.049999237060547,14.91880989074707,2249860
2019-08-05,20.0,20.0,19.360000610351562,19.5,14.509568214416504,1788274
2019-08-06,19.399999618530273,19.479999542236328,18.84000015258789,18.979999542236328,14.122645378112793,2974000
2019-08-07,19.299999237060547,19.34000015258789,18.8799991607666,19.34000015258789,14.39051628112793,1742765
2019-08-08,19.34000015258789,19.719999313354492,19.34000015258789,19.6200008392334,14.598859786987305,1340000
2019-08-09,19.760000228881836,19.780000686645508,19.440000534057617,19.5,14.509568214416504,1048870
2019-08-12,19.639999389648438,19.760000228881836,19.280000686645508,19.31999969482422,14.375632286071777,1221000
2019-08-13,19.219999313354492,19.3799991607666,18.8799991607666,18.899999618530273,14.063117980957031,1139484
2019-08-14,19.34000015258789,19.34000015258789,18.739999771118164,18.899999618530273,14.063117980957031,2267000
2019-08-15,18.780000686645508,19.360000610351562,18.6200008392334,19.299999237060547,14.36075210571289,1942592
2019-08-16,19.299999237060547,19.579999923706055,18.979999542236328,19.540000915527344,14.539331436157227,1012500
2019-08-19,19.739999771118164,20.100000381469727,19.739999771118164,19.979999542236328,14.866724014282227,1075548
2019-08-20,19.940000534057617,20.200000762939453,19.799999237060547,19.899999618530273,14.80720043182373,946337
2019-08-21,19.799999237060547,20.0,19.719999313354492,19.940000534057617,14.836963653564453,1086728
2019-08-22,19.81999969482422,19.899999618530273,19.559999465942383,19.68000030517578,14.643503189086914,553000
2019-08-23,19.68000030517578,19.84000015258789,19.520000457763672,19.739999771118164,14.68814754486084,444164
2019-08-26,19.459999084472656,19.459999084472656,18.899999618530273,19.100000381469727,14.211934089660645,836000
2019-08-27,19.079999923706055,19.3799991607666,19.079999923706055,19.1200008392334,14.226816177368164,854540
2019-08-28,19.31999969482422,19.5,19.139999389648438,19.420000076293945,14.450039863586426,1087000
2019-08-29,19.360000610351562,19.479999542236328,19.219999313354492,19.420000076293945,14.450039863586426,519747
2019-08-30,19.459999084472656,19.600000381469727,19.239999771118164,19.479999542236328,14.494686126708984,1491649
2019-09-02,19.5,19.5,19.100000381469727,19.3799991607666,14.420276641845703,1110000
2019-09-03,19.579999923706055,19.579999923706055,19.200000762939453,19.299999237060547,14.36075210571289,676000
2019-09-04,19.479999542236328,20.350000381469727,19.399999618530273,20.200000762939453,15.030424118041992,1619149
2019-09-05,20.200000762939453,20.25,19.739999771118164,20.100000381469727,14.956016540527344,789119
2019-09-06,20.5,20.5,19.8799991607666,19.979999542236328,14.866724014282227,1098265
2019-09-09,20.049999237060547,20.149999618530273,19.860000610351562,19.940000534057617,14.836963653564453,531456
2019-09-10,19.719999313354492,19.81999969482422,19.6200008392334,19.65999984741211,14.769350051879883,1048278
2019-09-11,19.600000381469727,20.299999237060547,19.600000381469727,20.149999618530273,15.137456893920898,1597704
2019-09-12,20.350000381469727,20.5,20.200000762939453,20.200000762939453,15.175021171569824,1202220
2019-09-13,20.5,20.5,20.25,20.5,15.400392532348633,564000
2019-09-16,20.450000762939453,20.5,20.100000381469727,20.299999237060547,15.250143051147461,1498978
2019-09-17,20.25,20.25,19.899999618530273,19.979999542236328,15.009746551513672,691000
2019-09-18,20.0,20.200000762939453,19.899999618530273,19.979999542236328,15.009746551513672,2327800
2019-09-19,19.979999542236328,19.979999542236328,19.700000762939453,19.700000762939453,14.799402236938477,740982
2019-09-20,19.65999984741211,20.0,19.65999984741211,19.719999313354492,14.814428329467773,918517
2019-09-23,19.799999237060547,19.81999969482422,19.31999969482422,19.399999618530273,14.574030876159668,342429
2019-09-24,19.360000610351562,19.440000534057617,19.219999313354492,19.299999237060547,14.498907089233398,709628
2019-09-25,19.399999618530273,19.420000076293945,19.1200008392334,19.219999313354492,14.438804626464844,1655436
2019-09-26,19.299999237060547,19.31999969482422,19.1200008392334,19.15999984741211,14.393733978271484,964996
2019-09-27,19.399999618530273,19.399999618530273,19.15999984741211,19.3799991607666,14.559003829956055,724546
2019-09-30,19.440000534057617,19.579999923706055,19.299999237060547,19.520000457763672,14.664180755615234,417554
2019-10-02,19.5,19.84000015258789,19.5,19.799999237060547,14.874521255493164,875370
2019-10-03,19.799999237060547,19.799999237060547,19.219999313354492,19.600000381469727,14.72427749633789,595000
2019-10-04,19.600000381469727,19.780000686645508,19.299999237060547,19.360000610351562,14.543980598449707,826552
2019-10-08,19.600000381469727,19.600000381469727,19.139999389648438,19.139999389648438,14.378705978393555,1437000
2019-10-09,19.260000228881836,19.260000228881836,18.700000762939453,18.739999771118164,14.078211784362793,1508856
2019-10-10,18.760000228881836,18.780000686645508,18.520000457763672,18.639999389648438,14.003087997436523,2643373
2019-10-11,18.68000030517578,19.020000457763672,18.559999465942383,18.8799991607666,14.18338680267334,21473823
2019-10-14,18.920000076293945,19.280000686645508,18.899999618530273,19.059999465942383,14.318609237670898,871338
2019-10-15,19.100000381469727,19.15999984741211,18.920000076293945,19.0,14.27353286743164,998566
2019-10-16,19.0,19.579999923706055,19.0,19.399999618530273,14.574030876159668,19833683
2019-10-17,19.399999618530273,19.540000915527344,19.059999465942383,19.100000381469727,14.348655700683594,1708300
2019-10-18,19.100000381469727,19.100000381469727,18.780000686645508,18.799999237060547,14.123285293579102,3699000
2019-10-21,18.8799991607666,19.059999465942383,18.540000915527344,18.559999465942383,13.942987442016602,2755717
2019-10-22,18.559999465942383,19.260000228881836,18.520000457763672,19.18000030517578,14.408759117126465,26930581
2019-10-23,19.139999389648438,19.700000762939453,19.139999389648438,19.520000457763672,14.664180755615234,5303183
2019-10-24,19.5,19.8799991607666,19.5,19.780000686645508,14.859500885009766,2628503
2019-10-25,19.579999923706055,19.760000228881836,19.420000076293945,19.65999984741211,14.769350051879883,1862368
2019-10-28,19.780000686645508,19.959999084472656,19.65999984741211,19.799999237060547,14.874521255493164,2375368
2019-10-29,20.0,20.0,19.479999542236328,19.540000915527344,14.679203033447266,1493740
2019-10-30,19.579999923706055,19.65999984741211,19.31999969482422,19.559999465942383,14.694229125976562,894000
2019-10-31,19.520000457763672,19.860000610351562,19.479999542236328,19.65999984741211,14.769350051879883,2821420
2019-11-01,19.739999771118164,19.84000015258789,19.639999389648438,19.700000762939453,14.799402236938477,593618
2019-11-04,19.700000762939453,20.149999618530273,19.700000762939453,20.049999237060547,15.062333106994629,2156601
2019-11-05,20.049999237060547,20.399999618530273,20.0,20.200000762939453,15.175021171569824,944854
2019-11-06,20.200000762939453,20.350000381469727,20.100000381469727,20.149999618530273,15.137456893920898,1450411
2019-11-07,20.350000381469727,20.5,20.100000381469727,20.299999237060547,15.250143051147461,1185714
2019-11-08,20.200000762939453,20.299999237060547,19.920000076293945,20.100000381469727,15.099897384643555,1587323
2019-11-11,20.200000762939453,20.200000762939453,19.260000228881836,19.420000076293945,14.589052200317383,2338593
2019-11-12,19.31999969482422,19.579999923706055,19.31999969482422,19.559999465942383,14.694229125976562,1879100
2019-11-13,19.479999542236328,19.479999542236328,19.020000457763672,19.260000228881836,14.468855857849121,2380989
2019-11-14,19.280000686645508,19.3799991607666,19.079999923706055,19.200000762939453,14.423784255981445,1395000
2019-11-15,19.200000762939453,19.520000457763672,19.139999389648438,19.280000686645508,14.483880996704102,2107181
2019-11-18,19.280000686645508,19.65999984741211,19.280000686645508,19.5,14.649154663085938,1715378
2019-11-19,19.3799991607666,19.84000015258789,19.3799991607666,19.700000762939453,14.799402236938477,1506049
2019-11-20,19.559999465942383,19.81999969482422,19.559999465942383,19.81999969482422,14.889549255371094,1039250
2019-11-21,19.719999313354492,19.719999313354492,19.15999984741211,19.34000015258789,14.528955459594727,1875378
2019-11-22,19.280000686645508,19.280000686645508,18.899999618530273,19.059999465942383,14.318609237670898,1632526
2019-11-25,19.280000686645508,19.520000457763672,19.280000686645508,19.399999618530273,14.574030876159668,557666
2019-11-26,19.600000381469727,19.600000381469727,19.31999969482422,19.479999542236328,14.634127616882324,1196000
2019-11-27,19.540000915527344,19.540000915527344,19.280000686645508,19.3799991607666,14.559003829956055,642000
2019-11-28,19.399999618530273,19.399999618530273,19.1200008392334,19.399999618530273,14.574030876159668,344000
2019-11-29,19.440000534057617,19.440000534057617,18.860000610351562,18.940000534057617,14.2284574508667,2130874
2019-12-02,19.18000030517578,19.18000030517578,18.719999313354492,18.84000015258789,14.153335571289062,1706000
2019-12-03,18.920000076293945,18.979999542236328,18.559999465942383,18.8799991607666,14.18338680267334,1473070
2019-12-04,18.860000610351562,18.860000610351562,18.579999923706055,18.639999389648438,14.003087997436523,2382122
2019-12-05,18.860000610351562,18.940000534057617,18.559999465942383,18.860000610351562,14.16836166381836,1444206
2019-12-06,18.860000610351562,19.15999984741211,18.739999771118164,19.040000915527344,14.30358600616455,896681
2019-12-09,19.239999771118164,19.239999771118164,18.979999542236328,19.059999465942383,14.318609237670898,758480
2019-12-10,19.200000762939453,19.200000762939453,18.860000610351562,19.100000381469727,14.348655700683594,778384
2019-12-11,19.18000030517578,19.239999771118164,18.920000076293945,19.219999313354492,14.438804626464844,1215824
2019-12-12,19.15999984741211,19.31999969482422,19.079999923706055,19.299999237060547,14.498907089233398,682000
2019-12-13,19.399999618530273,19.579999923706055,19.34000015258789,19.579999923706055,14.70925235748291,746000
2019-12-16,19.360000610351562,19.5,19.31999969482422,19.360000610351562,14.543980598449707,906000
2019-12-17,19.360000610351562,19.360000610351562,19.1200008392334,19.31999969482422,14.51392936706543,1667582
2019-12-18,19.15999984741211,19.280000686645508,19.139999389648438,19.280000686645508,14.483880996704102,841732
2019-12-19,19.360000610351562,19.360000610351562,19.059999465942383,19.280000686645508,14.483880996704102,525155
2019-12-20,19.280000686645508,19.6200008392334,19.15999984741211,19.6200008392334,14.739304542541504,992153
2019-12-23,19.440000534057617,19.579999923706055,19.34000015258789,19.479999542236328,14.634127616882324,780843
2019-12-24,19.479999542236328,19.559999465942383,19.3799991607666,19.479999542236328,14.634127616882324,492849
2019-12-27,19.5,19.520000457763672,19.420000076293945,19.479999542236328,14.634127616882324,1139265
2019-12-30,19.459999084472656,19.479999542236328,19.15999984741211,19.18000030517578,14.408759117126465,3013240
2019-12-31,19.280000686645508,19.299999237060547,19.18000030517578,19.260000228881836,14.468855857849121,1095000
2020-01-02,19.360000610351562,19.559999465942383,19.360000610351562,19.5,14.649154663085938,954336
2020-01-03,19.65999984741211,20.549999237060547,19.65999984741211,20.399999618530273,15.32526969909668,1867115
2020-01-06,20.200000762939453,20.5,20.0,20.149999618530273,15.137456893920898,464421
2020-01-07,20.350000381469727,20.350000381469727,19.979999542236328,20.100000381469727,15.099897384643555,675322
2020-01-08,20.200000762939453,20.200000762939453,19.799999237060547,19.940000534057617,14.97969913482666,1009311
2020-01-09,20.100000381469727,20.25,19.899999618530273,20.200000762939453,15.175021171569824,675161
2020-01-10,20.200000762939453,20.5,20.100000381469727,20.5,15.400392532348633,1582574
2020-01-13,20.450000762939453,20.649999618530273,20.25,20.5,15.400392532348633,484566
2020-01-14,20.700000762939453,20.700000762939453,20.450000762939453,20.700000762939453,15.550640106201172,771162
2020-01-15,20.700000762939453,20.75,20.450000762939453,20.75,15.588200569152832,1839749
2020-01-16,20.75,20.899999618530273,20.649999618530273,20.75,15.588200569152832,598324
2020-01-17,20.899999618530273,21.149999618530273,20.799999237060547,20.899999618530273,15.700887680053711,2224000
2020-01-20,21.0,21.100000381469727,20.75,20.799999237060547,15.625761985778809,480000
2020-01-21,20.600000381469727,20.700000762939453,20.049999237060547,20.149999618530273,15.137456893920898,1965000
2020-01-22,20.200000762939453,20.399999618530273,19.920000076293945,20.25,15.2125825881958,2247586
2020-01-23,20.100000381469727,20.350000381469727,19.959999084472656,20.200000762939453,15.175021171569824,4833486
2020-01-24,20.200000762939453,20.549999237060547,20.100000381469727,20.549999237060547,15.43795108795166,560200
2020-01-29,20.299999237060547,20.299999237060547,19.65999984741211,19.719999313354492,14.814428329467773,1613412
2020-01-30,19.600000381469727,19.739999771118164,19.200000762939453,19.280000686645508,14.483880996704102,1651330
2020-01-31,19.440000534057617,19.440000534057617,19.260000228881836,19.34000015258789,14.528955459594727,1103167
2020-02-03,19.0,19.260000228881836,18.860000610351562,19.020000457763672,14.288558959960938,1334265
2020-02-04,19.34000015258789,19.34000015258789,19.059999465942383,19.1200008392334,14.363680839538574,1789250
2020-02-05,19.200000762939453,19.299999237060547,19.059999465942383,19.280000686645508,14.483880996704102,1045860
2020-02-06,19.31999969482422,19.760000228881836,19.31999969482422,19.760000228881836,14.844473838806152,3487420
2020-02-07,19.760000228881836,19.84000015258789,19.600000381469727,19.81999969482422,14.889549255371094,692500
2020-02-10,19.81999969482422,19.8799991607666,19.540000915527344,19.780000686645508,14.859500885009766,409500
2020-02-11,19.68000030517578,20.100000381469727,19.68000030517578,19.959999084472656,14.994722366333008,821702
2020-02-12,19.81999969482422,20.600000381469727,19.940000534057617,20.549999237060547,15.43795108795166,1332696
2020-02-13,20.5,20.799999237060547,20.399999618530273,20.75,15.588200569152832,1002000
2020-02-14,20.350000381469727,21.100000381469727,20.149999618530273,20.950000762939453,15.738451957702637,1167330
2020-02-17,20.700000762939453,21.350000381469727,20.700000762939453,21.0,15.776010513305664,750088
2020-02-18,21.0,21.200000762939453,20.75,20.899999618530273,15.700887680053711,593000
2020-02-19,20.799999237060547,21.200000762939453,20.799999237060547,21.200000762939453,15.926260948181152,1036304
2020-02-20,21.049999237060547,21.450000762939453,20.899999618530273,21.149999618530273,15.888694763183594,3644000
2020-02-21,20.899999618530273,21.100000381469727,20.850000381469727,20.950000762939453,15.738451957702637,1220326
2020-02-24,20.899999618530273,20.899999618530273,20.299999237060547,20.350000381469727,15.287704467773438,1214611
2020-02-25,20.149999618530273,20.549999237060547,19.739999771118164,20.299999237060547,15.250143051147461,896590
2020-02-26,20.049999237060547,20.25,20.049999237060547,20.25,15.2125825881958,612648
2020-02-27,20.25,20.399999618530273,19.959999084472656,20.350000381469727,15.287704467773438,657114
2020-02-28,20.0,20.149999618530273,19.579999923706055,19.639999389648438,14.754324913024902,945624
2020-03-02,19.600000381469727,19.959999084472656,19.600000381469727,19.8799991607666,14.934624671936035,1797456
2020-03-03,20.0,20.149999618530273,19.799999237060547,19.920000076293945,14.964672088623047,667000
2020-03-04,19.84000015258789,20.049999237060547,19.639999389648438,20.0,15.024775505065918,3551742
2020-03-05,19.940000534057617,20.149999618530273,19.940000534057617,20.0,15.024775505065918,1016568
2020-03-06,19.739999771118164,19.860000610351562,19.5,19.600000381469727,14.72427749633789,1877590
2020-03-09,19.139999389648438,19.15999984741211,18.579999923706055,18.579999923706055,13.958013534545898,2034024
2020-03-10,18.600000381469727,18.600000381469727,18.600000381469727,18.600000381469727,13.973038673400879,0
2020-03-11,18.8799991607666,19.15999984741211,18.540000915527344,18.600000381469727,13.973038673400879,1648697
2020-03-12,18.520000457763672,18.540000915527344,17.979999542236328,17.979999542236328,13.507268905639648,1870075
2020-03-13,17.440000534057617,17.440000534057617,16.3799991607666,17.18000030517578,12.906279563903809,4807486
2020-03-16,16.959999084472656,16.979999542236328,16.440000534057617,16.5,12.395437240600586,3311304
2020-03-17,16.540000915527344,16.540000915527344,16.540000915527344,16.540000915527344,12.425488471984863,0
2020-03-18,16.100000381469727,16.600000381469727,15.300000190734863,15.399999618530273,11.569075584411621,3115480
2020-03-19,15.220000267028809,15.920000076293945,14.0600004196167,14.220000267028809,10.682613372802734,3708375
2020-03-20,14.5,14.9399995803833,14.460000038146973,14.859999656677246,11.163406372070312,2165583
2020-03-23,14.380000114440918,14.640000343322754,14.020000457763672,14.5600004196167,10.938033103942871,2639001
2020-03-24,14.899999618530273,15.539999961853027,14.739999771118164,15.420000076293945,11.584099769592285,2344500
2020-03-25,15.819999694824219,16.18000030517578,15.739999771118164,16.139999389648438,12.124990463256836,2573198
2020-03-26,16.440000534057617,16.860000610351562,16.020000457763672,16.3799991607666,12.305286407470703,2896357
2020-03-27,16.700000762939453,16.700000762939453,15.9399995803833,16.100000381469727,12.09494400024414,2519445
2020-03-30,15.84000015258789,15.84000015258789,15.359999656677246,15.5600004196167,11.689273834228516,1722843
2020-03-31,15.600000381469727,16.34000015258789,15.600000381469727,16.34000015258789,12.275239944458008,1825394
2020-04-01,16.299999237060547,16.760000228881836,16.100000381469727,16.540000915527344,12.425488471984863,2465102
2020-04-02,16.360000610351562,16.540000915527344,15.960000038146973,16.540000915527344,12.425488471984863,976000
2020-04-03,16.540000915527344,16.780000686645508,16.219999313354492,16.479999542236328,12.380414009094238,862302
2020-04-06,16.5,16.860000610351562,16.399999618530273,16.84000015258789,12.650858879089355,892560
2020-04-07,17.0,17.299999237060547,16.719999313354492,17.239999771118164,12.95135498046875,1432079
2020-04-08,17.15999984741211,17.459999084472656,17.1200008392334,17.31999969482422,13.011451721191406,1126000
2020-04-09,17.399999618530273,17.700000762939453,17.239999771118164,17.399999618530273,13.071553230285645,1416968
2020-04-14,17.280000686645508,17.68000030517578,17.280000686645508,17.6200008392334,13.236824035644531,941281
2020-04-15,17.540000915527344,17.6200008392334,17.079999923706055,17.200000762939453,12.921305656433105,1642394
2020-04-16,16.979999542236328,17.31999969482422,16.84000015258789,17.1200008392334,12.861205101013184,1049000
2020-04-17,17.260000228881836,17.559999465942383,17.18000030517578,17.34000015258789,13.026477813720703,1201000
2020-04-20,17.200000762939453,17.600000381469727,17.1200008392334,17.440000534057617,13.101602554321289,1434000
2020-04-21,17.260000228881836,17.260000228881836,16.81999969482422,16.979999542236328,12.756030082702637,1801815
2020-04-22,16.799999237060547,16.899999618530273,16.520000457763672,16.81999969482422,12.635833740234375,2245108
2020-04-23,16.959999084472656,17.239999771118164,16.959999084472656,17.059999465942383,12.816131591796875,626168
2020-04-24,17.059999465942383,17.100000381469727,16.81999969482422,16.84000015258789,12.650858879089355,643000
2020-04-27,16.799999237060547,17.34000015258789,16.799999237060547,17.219999313354492,12.936328887939453,538000
2020-04-28,17.239999771118164,17.600000381469727,17.219999313354492,17.479999542236328,13.131650924682617,817000
2020-04-29,17.639999389648438,17.760000228881836,17.479999542236328,17.600000381469727,13.2218017578125,1272500
2020-05-04,17.3799991607666,17.399999618530273,17.100000381469727,17.280000686645508,12.981404304504395,2995144
2020-05-05,16.639999389648438,16.639999389648438,16.100000381469727,16.239999771118164,12.386486053466797,1191024
2020-05-06,16.280000686645508,16.799999237060547,16.280000686645508,16.479999542236328,12.569539070129395,1497247
2020-05-07,16.479999542236328,16.479999542236328,16.260000228881836,16.31999969482422,12.447504043579102,448672
2020-05-08,16.639999389648438,16.719999313354492,16.5,16.6200008392334,12.676318168640137,1077208
2020-05-11,16.700000762939453,17.200000762939453,16.700000762939453,17.020000457763672,12.981404304504395,1354000
2020-05-12,16.799999237060547,16.84000015258789,16.440000534057617,16.520000457763672,12.600046157836914,1382000
2020-05-13,16.34000015258789,16.479999542236328,16.15999984741211,16.31999969482422,12.447504043579102,857883
2020-05-14,16.200000762939453,16.219999313354492,16.0,16.059999465942383,12.24919605255127,747766
2020-05-15,16.0,16.360000610351562,16.0,16.1200008392334,12.294960975646973,552176
2020-05-18,16.0,16.31999969482422,16.0,16.020000457763672,12.21868896484375,723000
2020-05-19,16.219999313354492,16.5,16.15999984741211,16.34000015258789,12.46275806427002,615000
2020-05-20,16.31999969482422,16.360000610351562,16.219999313354492,16.260000228881836,12.401741027832031,304000
2020-05-21,16.200000762939453,16.31999969482422,16.100000381469727,16.15999984741211,12.325469970703125,715400
2020-05-22,15.899999618530273,15.899999618530273,14.920000076293945,14.960000038146973,11.410211563110352,1445800
2020-05-25,14.920000076293945,14.920000076293945,14.319999694824219,14.720000267028809,11.227160453796387,1161400
2020-05-26,14.779999732971191,15.15999984741211,14.619999885559082,14.9399995803833,11.394956588745117,916000
2020-05-27,14.880000114440918,15.100000381469727,14.739999771118164,14.819999694824219,11.30343246459961,864320
2020-05-28,14.720000267028809,14.9399995803833,14.300000190734863,14.5,11.05936336517334,1363510
2020-05-29,14.600000381469727,14.859999656677246,14.380000114440918,14.84000015258789,11.318684577941895,2502000
2020-06-01,14.84000015258789,15.460000038146973,14.84000015258789,15.399999618530273,11.745806694030762,1723000
2020-06-02,15.359999656677246,16.0,15.239999771118164,15.9399995803833,12.157672882080078,2188000
2020-06-03,16.020000457763672,16.219999313354492,15.800000190734863,15.920000076293945,12.142417907714844,1574000
2020-06-04,15.9399995803833,16.020000457763672,15.65999984741211,15.720000267028809,11.989874839782715,782000
2020-06-05,15.880000114440918,16.6200008392334,15.699999809265137,16.540000915527344,12.615302085876465,2426901
2020-06-08,16.600000381469727,16.719999313354492,16.15999984741211,16.360000610351562,12.478013038635254,689000
2020-06-09,16.280000686645508,16.540000915527344,16.200000762939453,16.459999084472656,12.55428409576416,608000
2020-06-10,16.559999465942383,16.6200008392334,16.34000015258789,16.540000915527344,12.615302085876465,839456
2020-06-11,16.440000534057617,16.5,16.1200008392334,16.18000030517578,12.340723037719727,1302065
2020-06-12,16.0,16.540000915527344,15.779999732971191,16.479999542236328,12.569539070129395,1290202
2020-06-15,16.399999618530273,16.65999984741211,16.299999237060547,16.299999237060547,12.432247161865234,5918000
2020-06-16,16.3799991607666,17.100000381469727,16.360000610351562,16.760000228881836,12.783097267150879,1596400
2020-06-17,17.200000762939453,17.719999313354492,16.81999969482422,17.459999084472656,13.316996574401855,3388996
2020-06-18,17.399999618530273,17.65999984741211,17.34000015258789,17.5,13.347506523132324,984559
2020-06-19,17.420000076293945,18.280000686645508,17.420000076293945,17.81999969482422,13.59157657623291,7328487
2020-06-22,17.700000762939453,17.719999313354492,17.440000534057617,17.479999542236328,13.33225154876709,1153123
2020-06-23,17.520000457763672,17.940000534057617,17.239999771118164,17.8799991607666,13.637337684631348,3701728
2020-06-24,17.81999969482422,18.34000015258789,17.520000457763672,18.18000030517578,13.866150856018066,2452016
2020-06-26,17.920000076293945,18.3799991607666,17.8799991607666,18.299999237060547,13.957676887512207,1647871
2020-06-29,18.260000228881836,18.260000228881836,18.0,18.059999465942383,13.774626731872559,1529782
2020-06-30,18.079999923706055,18.3799991607666,18.0,18.020000457763672,13.744119644165039,1893400
2020-07-02,18.200000762939453,18.8799991607666,18.200000762939453,18.739999771118164,14.293272972106934,1816000
2020-07-03,18.799999237060547,19.059999465942383,18.639999389648438,18.940000534057617,14.44581413269043,1618000
2020-07-06,18.940000534057617,19.479999542236328,18.940000534057617,19.34000015258789,14.75090217590332,1110129
2020-07-07,19.3799991607666,19.399999618530273,18.920000076293945,19.020000457763672,14.506834030151367,1801830
2020-07-08,19.200000762939453,19.299999237060547,19.0,19.200000762939453,14.644124031066895,1387514
2020-07-09,19.299999237060547,19.860000610351562,19.299999237060547,19.739999771118164,15.055988311767578,3367522
2020-07-10,19.540000915527344,19.579999923706055,19.1200008392334,19.15999984741211,14.613614082336426,2672000
2020-07-13,19.399999618530273,19.68000030517578,19.1200008392334,19.399999618530273,14.796666145324707,1613592
2020-07-14,19.020000457763672,19.139999389648438,18.860000610351562,18.979999542236328,14.476324081420898,1051000
2020-07-15,18.899999618530273,19.239999771118164,18.899999618530273,19.020000457763672,14.506834030151367,1595025
2020-07-16,19.020000457763672,19.079999923706055,18.65999984741211,18.68000030517578,14.247509956359863,1552275
2020-07-17,18.760000228881836,18.760000228881836,18.420000076293945,18.520000457763672,14.125475883483887,1453000
2020-07-20,18.5,18.719999313354492,18.440000534057617,18.68000030517578,14.247509956359863,865082
2020-07-21,18.719999313354492,18.760000228881836,18.520000457763672,18.579999923706055,14.17123794555664,873862
2020-07-22,18.459999084472656,18.68000030517578,18.18000030517578,18.200000762939453,13.88140869140625,977514
2020-07-23,18.139999389648438,18.540000915527344,18.139999389648438,18.459999084472656,14.079710960388184,1648800
2020-07-24,18.239999771118164,18.84000015258789,18.239999771118164,18.399999618530273,14.033949851989746,1285000
2020-07-27,18.31999969482422,18.700000762939453,18.18000030517578,18.239999771118164,13.911916732788086,833544
2020-07-28,18.18000030517578,18.479999542236328,18.15999984741211,18.18000030517578,13.866150856018066,685936
2020-07-29,17.8799991607666,18.420000076293945,17.8799991607666,18.34000015258789,13.988188743591309,555407
2020-07-30,18.299999237060547,18.799999237060547,18.299999237060547,18.559999465942383,14.155982971191406,938052
2020-07-31,18.399999618530273,19.040000915527344,18.399999618530273,18.739999771118164,14.293272972106934,1192719
2020-08-03,18.540000915527344,18.719999313354492,18.15999984741211,18.239999771118164,13.911916732788086,1576000
2020-08-04,18.18000030517578,18.65999984741211,18.18000030517578,18.600000381469727,14.186492919921875,680218
2020-08-05,18.3799991607666,18.559999465942383,18.260000228881836,18.420000076293945,14.049203872680664,1085354
2020-08-06,18.360000610351562,18.479999542236328,18.299999237060547,18.459999084472656,14.079710960388184,402000
2020-08-07,18.200000762939453,18.3799991607666,18.139999389648438,18.31999969482422,13.972931861877441,417200
2020-08-10,18.280000686645508,18.479999542236328,18.15999984741211,18.239999771118164,13.911916732788086,453000
2020-08-11,18.219999313354492,18.68000030517578,18.219999313354492,18.579999923706055,14.17123794555664,382300
2020-08-12,18.600000381469727,18.799999237060547,18.3799991607666,18.799999237060547,14.339035034179688,1188361
2020-08-13,18.719999313354492,18.860000610351562,18.520000457763672,18.84000015258789,14.36954402923584,362000
2020-08-14,18.579999923706055,19.15999984741211,18.579999923706055,18.8799991607666,14.400053977966309,564000
2020-08-17,18.65999984741211,19.139999389648438,18.65999984741211,19.059999465942383,14.537342071533203,643000
2020-08-18,19.0,19.5,18.959999084472656,19.31999969482422,14.735647201538086,912820
2020-08-19,19.1200008392334,19.31999969482422,19.040000915527344,19.200000762939453,14.644124031066895,530000
2020-08-20,18.899999618530273,19.020000457763672,18.719999313354492,18.780000686645508,14.32378101348877,293248
2020-08-21,18.719999313354492,19.15999984741211,18.719999313354492,18.899999618530273,14.415306091308594,435646
2020-08-24,18.899999618530273,19.479999542236328,18.899999618530273,19.479999542236328,14.857681274414062,678570
2020-08-25,19.34000015258789,19.780000686645508,19.34000015258789,19.459999084472656,14.842425346374512,847110
2020-08-26,19.3799991607666,19.579999923706055,19.31999969482422,19.360000610351562,14.766157150268555,469333
2020-08-27,19.1200008392334,19.31999969482422,19.0,19.059999465942383,14.537342071533203,694202
2020-08-28,18.979999542236328,20.049999237060547,18.979999542236328,19.600000381469727,14.949207305908203,1258000
2020-08-31,19.459999084472656,20.299999237060547,19.459999084472656,20.0,15.25429630279541,1138603
2020-09-01,19.899999618530273,20.0,19.579999923706055,19.68000030517578,15.010226249694824,1084000
2020-09-02,19.559999465942383,19.65999984741211,19.420000076293945,19.540000915527344,14.903444290161133,402041
2020-09-03,19.34000015258789,19.579999923706055,19.15999984741211,19.34000015258789,14.75090217590332,516612
2020-09-04,19.100000381469727,19.5,19.100000381469727,19.280000686645508,14.705138206481934,606000
2020-09-07,19.079999923706055,19.440000534057617,19.079999923706055,19.079999923706055,14.552597045898438,288155
2020-09-08,19.059999465942383,19.360000610351562,19.020000457763672,19.100000381469727,14.567848205566406,396500
2020-09-09,19.059999465942383,19.1200008392334,18.860000610351562,18.940000534057617,14.44581413269043,437284
2020-09-10,19.1200008392334,19.799999237060547,18.959999084472656,19.399999618530273,14.796666145324707,1035823
2020-09-11,19.399999618530273,19.399999618530273,18.739999771118164,18.780000686645508,14.465453147888184,831700
2020-09-14,19.0,19.059999465942383,18.719999313354492,18.920000076293945,14.573290824890137,279672
2020-09-15,18.8799991607666,19.059999465942383,18.780000686645508,19.040000915527344,14.665722846984863,306220
2020-09-16,19.100000381469727,19.34000015258789,19.020000457763672,19.18000030517578,14.773558616638184,730700
2020-09-17,19.479999542236328,19.579999923706055,19.059999465942383,19.280000686645508,14.850582122802734,520000
2020-09-18,19.200000762939453,19.200000762939453,18.559999465942383,18.739999771118164,14.434642791748047,2775040
2020-09-21,18.84000015258789,18.940000534057617,18.3799991607666,18.5,14.249780654907227,607230
2020-09-22,18.639999389648438,18.639999389648438,18.200000762939453,18.520000457763672,14.265186309814453,987846
2020-09-23,18.600000381469727,18.639999389648438,18.3799991607666,18.5,14.249780654907227,652077
2020-09-24,18.3799991607666,18.3799991607666,17.959999084472656,17.959999084472656,13.833840370178223,601771
2020-09-25,17.860000610351562,18.260000228881836,17.860000610351562,18.020000457763672,13.880058288574219,629119
2020-09-28,18.0,18.1200008392334,17.84000015258789,18.0,13.864652633666992,281740
2020-09-29,17.899999618530273,18.280000686645508,17.579999923706055,17.600000381469727,13.556550025939941,467285
2020-09-30,17.600000381469727,18.059999465942383,17.559999465942383,17.6200008392334,13.571952819824219,830514
2020-10-05,17.6200008392334,18.079999923706055,17.6200008392334,18.059999465942383,13.910867691040039,1810384
2020-10-06,18.239999771118164,18.299999237060547,18.18000030517578,18.239999771118164,14.049514770507812,360000
2020-10-07,18.280000686645508,18.280000686645508,17.940000534057617,18.0,13.864652633666992,1266028
2020-10-08,18.239999771118164,18.280000686645508,18.079999923706055,18.200000762939453,14.018705368041992,498028
2020-10-09,18.1200008392334,18.299999237060547,18.079999923706055,18.1200008392334,13.957082748413086,534150
2020-10-12,18.399999618530273,18.799999237060547,18.200000762939453,18.760000228881836,14.450048446655273,1437471
2020-10-14,18.719999313354492,18.860000610351562,18.459999084472656,18.68000030517578,14.388427734375,637908
2020-10-15,18.719999313354492,18.719999313354492,18.479999542236328,18.600000381469727,14.326807022094727,457000
2020-10-16,18.700000762939453,18.700000762939453,18.399999618530273,18.440000534057617,14.203567504882812,388000
2020-10-19,18.719999313354492,18.719999313354492,18.520000457763672,18.600000381469727,14.326807022094727,388510
2020-10-20,18.420000076293945,18.520000457763672,18.3799991607666,18.399999618530273,14.172755241394043,611461
2020-10-21,18.18000030517578,18.31999969482422,18.139999389648438,18.139999389648438,13.972488403320312,792610
2020-10-22,18.399999618530273,18.440000534057617,18.079999923706055,18.15999984741211,13.987893104553223,513800
2020-10-23,18.239999771118164,18.239999771118164,18.0,18.0,13.864652633666992,787000
2020-10-27,18.079999923706055,18.15999984741211,17.81999969482422,17.959999084472656,13.833840370178223,3026304
2020-10-28,18.0,18.0,17.440000534057617,17.5,13.479522705078125,2033754
2020-10-29,17.420000076293945,17.5,17.299999237060547,17.459999084472656,13.448710441589355,324969
2020-10-30,17.540000915527344,17.65999984741211,17.139999389648438,17.15999984741211,13.217635154724121,476000
2020-11-02,17.31999969482422,17.459999084472656,17.079999923706055,17.100000381469727,13.171419143676758,839000
2020-11-03,17.399999618530273,17.780000686645508,17.260000228881836,17.459999084472656,13.448710441589355,877300
2020-11-04,17.479999542236328,18.139999389648438,17.479999542236328,18.079999923706055,13.926273345947266,1056000
2020-11-05,18.399999618530273,18.579999923706055,18.079999923706055,18.579999923706055,14.3114013671875,866664
2020-11-06,18.68000030517578,18.700000762939453,18.5,18.540000915527344,14.280593872070312,1433206
2020-11-09,18.84000015258789,18.84000015258789,18.3799991607666,18.68000030517578,14.388427734375,440206
2020-11-10,18.959999084472656,19.31999969482422,18.799999237060547,19.31999969482422,14.881392478942871,4936300
2020-11-11,19.479999542236328,20.149999618530273,19.299999237060547,20.0,15.405171394348145,1330724
2020-11-12,19.520000457763672,19.959999084472656,19.420000076293945,19.520000457763672,15.035447120666504,486280
2020-11-13,19.299999237060547,19.719999313354492,19.239999771118164,19.700000762939453,15.174092292785645,1328478
2020-11-16,19.639999389648438,20.049999237060547,19.639999389648438,20.0,15.405171394348145,1111750
2020-11-17,20.0,20.5,19.979999542236328,20.5,15.790298461914062,869337
2020-11-18,20.600000381469727,20.600000381469727,19.739999771118164,19.760000228881836,15.220305442810059,831000
2020-11-19,19.799999237060547,19.81999969482422,19.399999618530273,19.459999084472656,14.989227294921875,1085600
2020-11-20,19.719999313354492,20.100000381469727,19.600000381469727,19.920000076293945,15.343546867370605,589740
2020-11-23,19.760000228881836,19.799999237060547,19.639999389648438,19.799999237060547,15.251113891601562,331332
2020-11-24,19.899999618530273,19.899999618530273,19.459999084472656,19.600000381469727,15.097064971923828,608482
2020-11-25,19.959999084472656,19.959999084472656,19.540000915527344,19.6200008392334,15.112472534179688,925785
2020-11-26,19.520000457763672,19.780000686645508,19.260000228881836,19.420000076293945,14.958416938781738,253000
2020-11-27,19.239999771118164,19.299999237060547,19.1200008392334,19.139999389648438,14.742745399475098,313162
2020-11-30,19.15999984741211,19.479999542236328,18.760000228881836,19.479999542236328,15.004633903503418,1931188
2020-12-01,19.260000228881836,19.479999542236328,19.0,19.479999542236328,15.004633903503418,1299250
2020-12-02,19.600000381469727,19.600000381469727,19.260000228881836,19.600000381469727,15.097064971923828,939000
2020-12-03,19.639999389648438,19.639999389648438,19.0,19.280000686645508,14.850582122802734,676592
2020-12-04,19.280000686645508,19.31999969482422,19.040000915527344,19.18000030517578,14.773558616638184,530000
2020-12-07,19.079999923706055,19.079999923706055,18.899999618530273,18.899999618530273,14.557883262634277,527270
2020-12-08,18.959999084472656,19.1200008392334,18.739999771118164,18.84000015258789,14.51166820526123,1186200
2020-12-09,19.020000457763672,19.440000534057617,18.979999542236328,19.299999237060547,14.865988731384277,1031142
2020-12-10,19.360000610351562,19.360000610351562,18.84000015258789,19.15999984741211,14.758152961730957,689432
2020-12-11,19.15999984741211,19.34000015258789,19.020000457763672,19.15999984741211,14.758152961730957,640076
2020-12-14,19.139999389648438,19.31999969482422,19.059999465942383,19.239999771118164,14.819772720336914,412234
2020-12-15,19.239999771118164,19.399999618530273,18.940000534057617,19.079999923706055,14.696532249450684,432181
2020-12-16,19.040000915527344,19.260000228881836,18.920000076293945,19.18000030517578,14.773558616638184,1429366
2020-12-17,19.18000030517578,19.600000381469727,19.15999984741211,19.3799991607666,14.927607536315918,867900
2020-12-18,19.280000686645508,19.280000686645508,18.979999542236328,19.15999984741211,14.758152961730957,1739300
2020-12-21,19.34000015258789,19.34000015258789,19.0,19.059999465942383,14.681126594543457,652230
2020-12-22,19.040000915527344,19.100000381469727,18.84000015258789,18.899999618530273,14.557883262634277,347163
2020-12-23,18.940000534057617,19.18000030517578,18.84000015258789,18.940000534057617,14.588692665100098,328066
2020-12-24,19.0,19.0,19.0,19.0,14.634909629821777,0
2020-12-28,18.979999542236328,18.979999542236328,18.760000228881836,18.8799991607666,14.54248046875,252000
2020-12-29,19.020000457763672,19.219999313354492,18.799999237060547,19.0,14.634909629821777,803000
2020-12-30,19.0,19.360000610351562,18.940000534057617,19.239999771118164,14.819772720336914,318000
2020-12-31,19.34000015258789,19.34000015258789,19.34000015258789,19.34000015258789,14.896799087524414,0
2021-01-04,19.299999237060547,19.280000686645508,18.959999084472656,18.959999084472656,14.604100227355957,1085000
2021-01-05,19.020000457763672,19.239999771118164,18.739999771118164,19.219999313354492,14.804365158081055,1685030
2021-01-06,19.0,19.31999969482422,19.0,19.239999771118164,14.819772720336914,615547
2021-01-07,19.31999969482422,19.31999969482422,18.81999969482422,18.940000534057617,14.588692665100098,475000
2021-01-08,19.1200008392334,19.1200008392334,18.8799991607666,19.020000457763672,14.65031623840332,283000
2021-01-11,18.959999084472656,19.15999984741211,18.899999618530273,19.040000915527344,14.665722846984863,543190
2021-01-12,19.200000762939453,19.739999771118164,19.1200008392334,19.600000381469727,15.097064971923828,895058
2021-01-13,19.700000762939453,20.200000762939453,19.5,20.0,15.405171394348145,2075825
2021-01-14,20.200000762939453,20.299999237060547,19.81999969482422,20.100000381469727,15.482194900512695,726596
2021-01-15,19.84000015258789,20.600000381469727,19.700000762939453,20.200000762939453,15.559221267700195,1321000
2021-01-18,20.100000381469727,20.649999618530273,19.899999618530273,20.100000381469727,15.482194900512695,647000
2021-01-19,20.149999618530273,20.75,19.979999542236328,20.549999237060547,15.828807830810547,670058
2021-01-20,20.549999237060547,21.049999237060547,20.549999237060547,20.950000762939453,16.136917114257812,908058
2021-01-21,21.0,21.049999237060547,20.799999237060547,21.0,16.175426483154297,820000
2021-01-22,21.0,21.0,20.450000762939453,20.649999618530273,15.905835151672363,537000
2021-01-25,20.700000762939453,20.700000762939453,20.100000381469727,20.5,15.790298461914062,788058
2021-01-26,20.200000762939453,20.450000762939453,20.049999237060547,20.450000762939453,15.751785278320312,1726896
2021-01-27,20.700000762939453,21.600000381469727,20.700000762939453,21.450000762939453,16.522045135498047,2060804
2021-01-28,21.450000762939453,21.450000762939453,19.81999969482422,20.0,15.405171394348145,2722058
2021-01-29,20.0,20.450000762939453,19.600000381469727,19.65999984741211,15.143279075622559,1726000
2021-02-01,19.6200008392334,20.25,19.6200008392334,20.0,15.405171394348145,1491048
2021-02-02,20.149999618530273,20.600000381469727,19.860000610351562,20.100000381469727,15.482194900512695,744048
2021-02-03,20.0,20.299999237060547,19.760000228881836,19.920000076293945,15.343546867370605,794000
2021-02-04,19.639999389648438,19.739999771118164,19.420000076293945,19.639999389648438,15.127873420715332,990771
2021-02-05,19.860000610351562,19.8799991607666,19.6200008392334,19.719999313354492,15.189498901367188,909825
2021-02-08,19.719999313354492,20.0,19.600000381469727,19.760000228881836,15.220305442810059,530000
2021-02-09,19.600000381469727,19.940000534057617,19.3799991607666,19.540000915527344,15.050849914550781,638000
2021-02-10,19.3799991607666,19.799999237060547,19.3799991607666,19.719999313354492,15.189498901367188,470916
2021-02-11,19.8799991607666,19.8799991607666,19.8799991607666,19.8799991607666,15.312738418579102,0
2021-02-16,20.399999618530273,20.75,20.25,20.700000762939453,15.944350242614746,863000
2021-02-17,20.450000762939453,20.799999237060547,20.299999237060547,20.399999618530273,15.713273048400879,342650
2021-02-18,20.25,20.299999237060547,19.8799991607666,19.920000076293945,15.343546867370605,1034090
2021-02-19,20.100000381469727,20.100000381469727,19.700000762939453,20.100000381469727,15.482194900512695,1428490
2021-02-22,20.25,20.350000381469727,19.899999618530273,20.0,15.405171394348145,1044396
2021-02-23,19.979999542236328,20.299999237060547,19.899999618530273,20.149999618530273,15.520706176757812,952060
2021-02-24,20.049999237060547,20.299999237060547,19.579999923706055,19.65999984741211,15.143279075622559,815060
2021-02-25,19.719999313354492,20.25,19.700000762939453,20.049999237060547,15.443679809570312,633250
2021-02-26,20.0,20.0,19.3799991607666,19.399999618530273,14.943015098571777,1188002
2021-03-01,19.719999313354492,19.739999771118164,19.31999969482422,19.479999542236328,15.004633903503418,984580
2021-03-02,19.68000030517578,19.68000030517578,19.100000381469727,19.200000762939453,14.78896427154541,703541
2021-03-03,19.420000076293945,19.719999313354492,19.139999389648438,19.280000686645508,14.850582122802734,580066
2021-03-04,19.280000686645508,19.84000015258789,19.139999389648438,19.18000030517578,14.773558616638184,574000
2021-03-05,19.200000762939453,19.799999237060547,18.8799991607666,19.360000610351562,14.91220474243164,841000
2021-03-08,19.299999237060547,19.34000015258789,19.1200008392334,19.239999771118164,14.819772720336914,547000
2021-03-09,19.200000762939453,19.459999084472656,19.079999923706055,19.440000534057617,14.973824501037598,497220
2021-03-10,19.3799991607666,19.559999465942383,19.239999771118164,19.31999969482422,14.881392478942871,696745
2021-03-11,19.520000457763672,19.700000762939453,19.420000076293945,19.559999465942383,15.066256523132324,427740
2021-03-12,19.760000228881836,19.760000228881836,19.299999237060547,19.459999084472656,14.989227294921875,645040
2021-03-15,19.579999923706055,19.579999923706055,19.260000228881836,19.360000610351562,14.91220474243164,527150
2021-03-16,19.360000610351562,19.600000381469727,19.360000610351562,19.399999618530273,14.943015098571777,778120
2021-03-17,19.479999542236328,19.6200008392334,19.3799991607666,19.540000915527344,15.050849914550781,921866
2021-03-18,19.639999389648438,19.540000915527344,19.280000686645508,19.459999084472656,14.989227294921875,687237
2021-03-19,19.520000457763672,19.520000457763672,19.1200008392334,19.18000030517578,14.773558616638184,2760826
2021-03-22,19.299999237060547,19.739999771118164,19.280000686645508,19.68000030517578,15.158687591552734,1418820
2021-03-23,19.780000686645508,19.799999237060547,19.5,19.639999389648438,15.127873420715332,849484
2021-03-24,19.68000030517578,19.68000030517578,19.18000030517578,19.239999771118164,14.819772720336914,713000
2021-03-25,19.200000762939453,19.31999969482422,19.020000457763672,19.239999771118164,14.819772720336914,667000
2021-03-26,19.219999313354492,19.440000534057617,19.219999313354492,19.440000534057617,14.973824501037598,348000
2021-03-29,19.200000762939453,19.5,19.200000762939453,19.420000076293945,14.958416938781738,774062
2021-03-30,19.420000076293945,19.65999984741211,19.420000076293945,19.6200008392334,15.112472534179688,375637
2021-03-31,19.65999984741211,19.68000030517578,19.459999084472656,19.68000030517578,15.158687591552734,801062
2021-04-01,19.639999389648438,19.940000534057617,19.639999389648438,19.799999237060547,15.251113891601562,1146962
2021-04-07,20.0,20.100000381469727,19.799999237060547,19.959999084472656,15.374357223510742,1006659
2021-04-08,19.959999084472656,20.25,19.860000610351562,20.25,15.597733497619629,793434
2021-04-09,20.049999237060547,20.25,20.0,20.149999618530273,15.520706176757812,439062
2021-04-12,20.049999237060547,20.049999237060547,19.799999237060547,19.979999542236328,15.389761924743652,748062
2021-04-13,19.979999542236328,20.299999237060547,19.979999542236328,20.149999618530273,15.520706176757812,317440
2021-04-14,20.299999237060547,20.299999237060547,20.049999237060547,20.299999237060547,15.636244773864746,408221
2021-04-15,20.100000381469727,20.350000381469727,20.0,20.350000381469727,15.674757957458496,204262
2021-04-16,20.350000381469727,20.5,20.100000381469727,20.450000762939453,15.751785278320312,454200
2021-04-19,20.299999237060547,20.600000381469727,20.299999237060547,20.399999618530273,15.713273048400879,431000
2021-04-20,20.5,20.75,20.100000381469727,20.649999618530273,15.905835151672363,671030
2021-04-21,20.299999237060547,20.549999237060547,20.149999618530273,20.399999618530273,15.713273048400879,609880
2021-04-22,20.350000381469727,20.5,20.350000381469727,20.399999618530273,15.713273048400879,337062
2021-04-23,20.399999618530273,20.399999618530273,20.100000381469727,20.200000762939453,15.559221267700195,344093
2021-04-26,20.200000762939453,20.450000762939453,20.100000381469727,20.399999618530273,15.713273048400879,179031
2021-04-27,20.399999618530273,20.450000762939453,20.25,20.299999237060547,15.636244773864746,197000
2021-04-28,20.299999237060547,20.399999618530273,20.25,20.399999618530273,15.713273048400879,259000
2021-04-29,20.549999237060547,20.549999237060547,20.25,20.5,15.790298461914062,151000
2021-04-30,20.450000762939453,20.450000762939453,20.299999237060547,20.450000762939453,15.751785278320312,280000
2021-05-03,20.299999237060547,20.350000381469727,20.100000381469727,20.299999237060547,15.636244773864746,661000
2021-05-04,19.68000030517578,19.68000030517578,19.219999313354492,19.420000076293945,15.437516212463379,573829
2021-05-05,19.399999618530273,19.399999618530273,19.100000381469727,19.139999389648438,15.214934349060059,692064
2021-05-06,19.3799991607666,19.3799991607666,19.059999465942383,19.219999313354492,15.278526306152344,469935
2021-05-07,19.3799991607666,19.600000381469727,19.299999237060547,19.600000381469727,15.580604553222656,416384
2021-05-10,19.700000762939453,19.719999313354492,19.34000015258789,19.479999542236328,15.485210418701172,583655
2021-05-11,19.3799991607666,19.3799991607666,19.020000457763672,19.059999465942383,15.151338577270508,519000
2021-05-12,19.059999465942383,19.299999237060547,18.780000686645508,19.079999923706055,15.167236328125,974808
2021-05-13,19.079999923706055,19.1200008392334,18.899999618530273,18.920000076293945,15.040050506591797,431032
2021-05-14,19.239999771118164,19.239999771118164,18.81999969482422,18.860000610351562,14.992355346679688,250607
2021-05-17,19.0,19.020000457763672,18.84000015258789,18.860000610351562,14.992355346679688,2093066
2021-05-18,18.8799991607666,19.34000015258789,19.0,19.239999771118164,15.294426918029785,491204
2021-05-20,19.200000762939453,19.260000228881836,18.920000076293945,19.0,15.103644371032715,856966
2021-05-21,19.020000457763672,19.059999465942383,18.8799991607666,18.920000076293945,15.040050506591797,854758
2021-05-24,18.860000610351562,19.020000457763672,18.860000610351562,18.860000610351562,14.992355346679688,438297
2021-05-25,19.020000457763672,19.15999984741211,18.8799991607666,19.139999389648438,15.214934349060059,942624
2021-05-26,19.200000762939453,19.5,19.200000762939453,19.399999618530273,15.421614646911621,709250
2021-05-27,19.399999618530273,19.5,18.959999084472656,18.959999084472656,15.071846961975098,3601575
2021-05-28,19.200000762939453,19.219999313354492,19.020000457763672,19.219999313354492,15.278526306152344,1588000
2021-05-31,19.219999313354492,19.360000610351562,19.18000030517578,19.299999237060547,15.342121124267578,355000
2021-06-01,19.299999237060547,19.440000534057617,19.260000228881836,19.420000076293945,15.437516212463379,567000
2021-06-02,19.479999542236328,19.799999237060547,19.100000381469727,19.639999389648438,15.612397193908691,887869
2021-06-03,19.579999923706055,19.639999389648438,19.459999084472656,19.540000915527344,15.532906532287598,544632
2021-06-04,19.579999923706055,19.739999771118164,19.260000228881836,19.700000762939453,15.66009521484375,811436
2021-06-07,19.799999237060547,20.049999237060547,19.579999923706055,19.979999542236328,15.882673263549805,707606
2021-06-08,19.940000534057617,20.200000762939453,19.84000015258789,20.149999618530273,16.017810821533203,669630
2021-06-09,20.200000762939453,20.350000381469727,19.700000762939453,20.25,16.097305297851562,451160
2021-06-10,20.299999237060547,20.399999618530273,20.200000762939453,20.350000381469727,16.17679786682129,449240
2021-06-11,20.399999618530273,20.450000762939453,20.25,20.399999618530273,16.216543197631836,377586
2021-06-15,20.399999618530273,20.399999618530273,19.8799991607666,20.049999237060547,15.93831729888916,607780
2021-06-16,20.149999618530273,20.200000762939453,19.899999618530273,19.940000534057617,15.850876808166504,653776
2021-06-17,19.899999618530273,20.049999237060547,19.860000610351562,19.940000534057617,15.850876808166504,507880
2021-06-18,20.0,20.049999237060547,19.920000076293945,20.0,15.89857292175293,1567908
2021-06-21,20.0,20.100000381469727,19.760000228881836,19.760000228881836,15.707789421081543,395100
2021-06-22,19.780000686645508,20.149999618530273,19.65999984741211,20.049999237060547,15.93831729888916,722674
2021-06-23,20.25,20.25,19.84000015258789,19.940000534057617,15.850876808166504,862350
2021-06-24,19.799999237060547,20.350000381469727,19.799999237060547,20.200000762939453,16.057558059692383,562281
2021-06-25,20.200000762939453,20.200000762939453,19.979999542236328,20.049999237060547,15.93831729888916,311509
2021-06-28,20.049999237060547,20.100000381469727,19.860000610351562,19.860000610351562,15.787284851074219,593152
2021-06-29,19.780000686645508,20.200000762939453,19.780000686645508,20.049999237060547,15.93831729888916,500081
2021-06-30,19.920000076293945,20.100000381469727,19.799999237060547,19.799999237060547,15.73958683013916,459054
2021-07-02,20.049999237060547,20.049999237060547,19.399999618530273,19.8799991607666,15.803179740905762,2102928
2021-07-05,19.8799991607666,20.350000381469727,19.760000228881836,20.200000762939453,16.057558059692383,687033
2021-07-06,20.200000762939453,20.200000762939453,19.940000534057617,20.0,15.89857292175293,437000
2021-07-07,19.899999618530273,20.100000381469727,19.780000686645508,20.100000381469727,15.978067398071289,605886
2021-07-08,19.84000015258789,20.200000762939453,19.799999237060547,19.959999084472656,15.866771697998047,742084
2021-07-09,19.700000762939453,20.0,19.68000030517578,19.739999771118164,15.691890716552734,482660
2021-07-12,19.739999771118164,20.100000381469727,19.68000030517578,19.899999618530273,15.819077491760254,203151
2021-07-13,19.920000076293945,20.100000381469727,19.899999618530273,20.049999237060547,15.93831729888916,403536
2021-07-14,20.049999237060547,20.100000381469727,19.81999969482422,19.81999969482422,15.755483627319336,362029
2021-07-15,19.899999618530273,20.200000762939453,19.860000610351562,20.149999618530273,16.017810821533203,560029
2021-07-16,20.200000762939453,20.200000762939453,19.84000015258789,19.84000015258789,15.771385192871094,317028
2021-07-19,19.940000534057617,19.940000534057617,19.479999542236328,19.5,15.501107215881348,567028
2021-07-20,19.520000457763672,19.520000457763672,19.1200008392334,19.219999313354492,15.278526306152344,507343
2021-07-21,19.100000381469727,19.459999084472656,18.959999084472656,19.0,15.103644371032715,702049
2021-07-22,19.360000610351562,19.360000610351562,18.959999084472656,19.200000762939453,15.262630462646484,618572
2021-07-23,19.3799991607666,19.3799991607666,19.100000381469727,19.1200008392334,15.19903564453125,316274
2021-07-26,19.139999389648438,19.65999984741211,18.959999084472656,19.0,15.103644371032715,547000
2021-07-27,19.219999313354492,19.299999237060547,18.68000030517578,18.899999618530273,15.024149894714355,709578
2021-07-28,19.18000030517578,19.239999771118164,18.700000762939453,18.940000534057617,15.055949211120605,752268
2021-07-29,19.479999542236328,19.479999542236328,18.84000015258789,19.200000762939453,15.262630462646484,785568
2021-07-30,19.420000076293945,19.420000076293945,19.0,19.0,15.103644371032715,907000
2021-08-02,19.280000686645508,19.399999618530273,19.020000457763672,19.399999618530273,15.421614646911621,1454000
2021-08-03,19.5,19.920000076293945,19.239999771118164,19.899999618530273,15.819077491760254,1144000
2021-08-04,19.799999237060547,20.100000381469727,19.799999237060547,20.049999237060547,15.93831729888916,1024330
2021-08-05,19.739999771118164,19.940000534057617,19.540000915527344,19.760000228881836,15.707789421081543,502068
2021-08-06,19.780000686645508,20.200000762939453,19.6200008392334,20.100000381469727,15.978067398071289,763000
2021-08-09,19.899999618530273,20.25,19.860000610351562,20.049999237060547,15.93831729888916,398000
2021-08-10,20.049999237060547,20.100000381469727,19.81999969482422,19.8799991607666,15.803179740905762,369000
2021-08-11,20.0,20.0,19.780000686645508,19.81999969482422,15.755483627319336,231550
2021-08-12,19.799999237060547,19.940000534057617,19.700000762939453,19.780000686645508,15.723689079284668,119424
2021-08-13,19.799999237060547,19.799999237060547,19.559999465942383,19.6200008392334,15.596500396728516,207052
2021-08-16,19.799999237060547,19.899999618530273,19.520000457763672,19.700000762939453,15.66009521484375,393052
2021-08-17,19.899999618530273,20.100000381469727,19.739999771118164,19.959999084472656,15.866771697998047,593500
2021-08-18,20.0,20.299999237060547,20.0,20.299999237060547,16.13705062866211,470400
2021-08-19,20.200000762939453,20.25,19.920000076293945,20.100000381469727,15.978067398071289,868956
2021-08-20,19.899999618530273,20.100000381469727,19.579999923706055,19.739999771118164,15.691890716552734,513300
2021-08-23,19.739999771118164,19.979999542236328,19.719999313354492,19.940000534057617,15.850876808166504,333425
2021-08-24,19.860000610351562,19.8799991607666,19.639999389648438,19.68000030517578,15.644194602966309,218000
2021-08-25,19.68000030517578,19.899999618530273,19.520000457763672,19.579999923706055,15.564701080322266,294151
2021-08-26,19.520000457763672,19.520000457763672,19.280000686645508,19.420000076293945,15.437516212463379,380054
2021-08-27,19.420000076293945,19.559999465942383,19.260000228881836,19.479999542236328,15.485210418701172,480000
2021-08-30,19.5,19.5,19.260000228881836,19.399999618530273,15.421614646911621,323027
2021-08-31,19.280000686645508,19.5,19.040000915527344,19.479999542236328,15.485210418701172,603027
2021-09-01,19.1200008392334,19.520000457763672,19.100000381469727,19.299999237060547,15.342121124267578,400471
2021-09-02,19.559999465942383,19.559999465942383,19.280000686645508,19.280000686645508,15.326224327087402,199081
2021-09-03,19.280000686645508,19.360000610351562,18.940000534057617,18.940000534057617,15.055949211120605,1270830
2021-09-06,19.0,19.079999923706055,18.739999771118164,19.020000457763672,15.119543075561523,417000
2021-09-07,19.020000457763672,19.059999465942383,18.920000076293945,18.959999084472656,15.071846961975098,206000
2021-09-08,19.0,19.0,18.799999237060547,18.799999237060547,14.944657325744629,998025
2021-09-09,18.739999771118164,18.979999542236328,18.719999313354492,18.84000015258789,14.97645378112793,935000
2021-09-10,18.739999771118164,18.920000076293945,18.65999984741211,18.860000610351562,15.161348342895508,955200
2021-09-13,18.65999984741211,18.799999237060547,18.540000915527344,18.600000381469727,14.952339172363281,615660
2021-09-14,18.579999923706055,18.760000228881836,18.520000457763672,18.579999923706055,14.936262130737305,615058
2021-09-15,18.5,18.639999389648438,18.31999969482422,18.34000015258789,14.743327140808105,1077083
2021-09-16,18.639999389648438,18.639999389648438,18.280000686645508,18.540000915527344,14.904104232788086,660000
2021-09-17,18.780000686645508,18.780000686645508,18.0,18.100000381469727,14.550394058227539,1289974
2021-09-20,17.920000076293945,17.920000076293945,17.34000015258789,17.5,14.068061828613281,385601
2021-09-21,17.540000915527344,17.68000030517578,17.31999969482422,17.540000915527344,14.100215911865234,1016500
2021-09-23,17.899999618530273,18.360000610351562,17.899999618530273,18.139999389648438,14.582551002502441,536158
2021-09-24,18.420000076293945,18.440000534057617,17.600000381469727,17.65999984741211,14.19668197631836,347000
2021-09-27,17.559999465942383,17.81999969482422,17.559999465942383,17.600000381469727,14.148449897766113,259550
2021-09-28,17.68000030517578,17.860000610351562,17.65999984741211,17.780000686645508,14.293149948120117,351564
2021-09-29,17.719999313354492,17.8799991607666,17.639999389648438,17.8799991607666,14.37353801727295,323064
2021-09-30,18.020000457763672,18.239999771118164,17.940000534057617,18.18000030517578,14.614704132080078,755355
2021-10-04,18.18000030517578,18.399999618530273,18.020000457763672,18.219999313354492,14.646860122680664,552058
2021-10-05,18.219999313354492,18.31999969482422,18.020000457763672,18.100000381469727,14.550394058227539,232000
2021-10-06,18.280000686645508,18.399999618530273,17.760000228881836,18.260000228881836,14.679017066955566,367770
2021-10-07,18.5,18.68000030517578,18.440000534057617,18.479999542236328,14.855871200561523,287000
2021-10-08,18.440000534057617,18.760000228881836,18.440000534057617,18.520000457763672,14.888029098510742,327000
2021-10-11,18.280000686645508,18.6200008392334,18.260000228881836,18.260000228881836,14.679017066955566,324000
2021-10-12,18.34000015258789,18.600000381469727,18.34000015258789,18.559999465942383,14.920182228088379,499000
2021-10-15,18.540000915527344,18.68000030517578,18.3799991607666,18.5,14.871949195861816,357789
2021-10-18,18.5,18.6200008392334,18.31999969482422,18.31999969482422,14.727248191833496,434000
2021-10-19,18.479999542236328,18.479999542236328,18.299999237060547,18.299999237060547,14.71117115020752,236696
2021-10-20,18.239999771118164,18.3799991607666,18.200000762939453,18.34000015258789,14.743327140808105,156000
2021-10-21,18.34000015258789,18.68000030517578,18.34000015258789,18.579999923706055,14.936262130737305,688000
2021-10-22,18.399999618530273,18.780000686645508,18.399999618530273,18.540000915527344,14.904104232788086,550500
2021-10-25,18.399999618530273,18.6200008392334,18.479999542236328,18.6200008392334,14.968417167663574,153000
2021-10-26,18.559999465942383,18.559999465942383,18.420000076293945,18.420000076293945,14.807637214660645,44000
2021-10-27,18.399999618530273,18.68000030517578,18.260000228881836,18.299999237060547,14.71117115020752,220093
2021-10-28,18.31999969482422,18.559999465942383,18.299999237060547,18.459999084472656,14.839795112609863,340355
2021-10-29,18.6200008392334,18.6200008392334,18.18000030517578,18.219999313354492,14.646860122680664,494012
2021-11-01,18.219999313354492,18.3799991607666,18.020000457763672,18.3799991607666,14.775483131408691,754400
2021-11-02,18.260000228881836,18.3799991607666,18.059999465942383,18.079999923706055,14.534317970275879,345117
2021-11-03,18.139999389648438,18.18000030517578,17.899999618530273,18.0,14.470005989074707,444000
2021-11-04,17.899999618530273,18.059999465942383,17.84000015258789,17.899999618530273,14.38961410522461,378041
2021-11-05,17.899999618530273,18.1200008392334,17.65999984741211,17.959999084472656,14.437848091125488,422392
2021-11-08,17.959999084472656,18.399999618530273,17.899999618530273,18.280000686645508,14.695094108581543,177186
2021-11-09,18.100000381469727,18.31999969482422,18.100000381469727,18.200000762939453,14.630784034729004,169398
2021-11-10,18.15999984741211,18.3799991607666,18.059999465942383,18.200000762939453,14.630784034729004,293570
2021-11-11,18.200000762939453,18.440000534057617,18.18000030517578,18.299999237060547,14.71117115020752,829214
2021-11-12,18.200000762939453,18.31999969482422,18.100000381469727,18.280000686645508,14.695094108581543,562000
2021-11-15,18.139999389648438,18.540000915527344,18.1200008392334,18.459999084472656,14.839795112609863,401000
2021-11-16,18.399999618530273,18.65999984741211,18.239999771118164,18.34000015258789,14.743327140808105,243062
2021-11-17,18.200000762939453,18.420000076293945,18.18000030517578,18.18000030517578,14.614704132080078,869062
2021-11-18,18.18000030517578,18.219999313354492,18.100000381469727,18.219999313354492,14.646860122680664,491022
2021-11-19,18.1200008392334,18.18000030517578,17.920000076293945,18.040000915527344,14.502161026000977,612000
2021-11-22,18.100000381469727,18.31999969482422,18.100000381469727,18.260000228881836,14.679017066955566,344000
2021-11-23,18.100000381469727,18.360000610351562,18.100000381469727,18.139999389648438,14.582551002502441,278000
2021-11-24,18.239999771118164,18.3799991607666,18.100000381469727,18.200000762939453,14.630784034729004,1062000
2021-11-25,18.200000762939453,18.200000762939453,18.0,18.079999923706055,14.534317970275879,204000
2021-11-26,17.899999618530273,17.899999618530273,17.700000762939453,17.719999313354492,14.244915962219238,329038
2021-11-29,17.719999313354492,17.719999313354492,17.559999465942383,17.6200008392334,14.164528846740723,357000
2021-11-30,17.6200008392334,17.6200008392334,17.219999313354492,17.260000228881836,13.875126838684082,1087227
2021-12-01,17.31999969482422,17.3799991607666,17.0,17.31999969482422,13.923357963562012,2209102
2021-12-02,17.280000686645508,17.299999237060547,17.020000457763672,17.260000228881836,13.875126838684082,962780
2021-12-03,17.280000686645508,17.399999618530273,17.1200008392334,17.280000686645508,13.891205787658691,1208444
2021-12-06,17.1200008392334,17.200000762939453,17.040000915527344,17.100000381469727,13.746504783630371,727054
2021-12-07,17.200000762939453,17.440000534057617,17.100000381469727,17.399999618530273,13.9876708984375,1979970
2021-12-08,17.520000457763672,17.65999984741211,17.139999389648438,17.15999984741211,13.794737815856934,696060
2021-12-09,17.299999237060547,17.459999084472656,17.299999237060547,17.3799991607666,13.971592903137207,654060
2021-12-10,17.420000076293945,17.440000534057617,17.200000762939453,17.260000228881836,13.875126838684082,401822
2021-12-13,17.420000076293945,17.420000076293945,17.139999389648438,17.139999389648438,13.778658866882324,203147
2021-12-14,17.299999237060547,17.299999237060547,16.81999969482422,16.899999618530273,13.58572769165039,843100
2021-12-15,17.079999923706055,17.15999984741211,16.899999618530273,16.899999618530273,13.58572769165039,744470
2021-12-16,16.979999542236328,16.979999542236328,16.84000015258789,16.979999542236328,13.650038719177246,803600
2021-12-17,16.899999618530273,16.8799991607666,15.920000076293945,15.920000076293945,12.797914505004883,5483184
2021-12-20,15.960000038146973,16.100000381469727,15.600000381469727,15.680000305175781,12.604982376098633,1967010
2021-12-21,15.800000190734863,16.280000686645508,15.539999961853027,16.059999465942383,12.910459518432617,1774587
2021-12-22,16.1200008392334,16.18000030517578,15.960000038146973,16.100000381469727,12.942615509033203,624587
2021-12-23,16.100000381469727,16.260000228881836,16.100000381469727,16.18000030517578,13.006925582885742,194530
2021-12-24,16.299999237060547,16.399999618530273,16.219999313354492,16.399999618530273,13.183781623840332,153030
2021-12-28,16.479999542236328,16.780000686645508,16.420000076293945,16.600000381469727,13.344560623168945,436000
2021-12-29,16.540000915527344,16.600000381469727,16.31999969482422,16.600000381469727,13.344560623168945,165000
2021-12-30,16.520000457763672,16.579999923706055,16.420000076293945,16.459999084472656,13.232014656066895,91000
2021-12-31,16.780000686645508,16.780000686645508,16.440000534057617,16.65999984741211,13.392793655395508,133056
2022-01-03,16.420000076293945,16.5,16.299999237060547,16.360000610351562,13.151626586914062,356056
2022-01-04,16.3799991607666,16.520000457763672,16.3799991607666,16.520000457763672,13.28024959564209,262429
2022-01-05,16.520000457763672,16.579999923706055,16.31999969482422,16.440000534057617,13.215937614440918,371868
2022-01-06,16.34000015258789,16.34000015258789,16.1200008392334,16.200000762939453,13.023005485534668,263058
2022-01-07,16.200000762939453,16.399999618530273,16.18000030517578,16.360000610351562,13.151626586914062,926423
2022-01-10,16.31999969482422,16.540000915527344,16.31999969482422,16.5,13.264171600341797,371000
2022-01-11,16.5,16.700000762939453,16.34000015258789,16.479999542236328,13.248093605041504,535000
2022-01-12,16.5,16.5,16.31999969482422,16.420000076293945,13.199859619140625,354604
2022-01-13,16.68000030517578,16.68000030517578,16.31999969482422,16.440000534057617,13.215937614440918,251843
2022-01-14,16.440000534057617,16.579999923706055,16.420000076293945,16.559999465942383,13.312403678894043,435000
2022-01-17,16.540000915527344,16.739999771118164,16.520000457763672,16.719999313354492,13.44102668762207,300000
2022-01-18,16.739999771118164,16.8799991607666,16.68000030517578,16.860000610351562,13.553572654724121,630280
2022-01-19,16.780000686645508,16.920000076293945,16.68000030517578,16.739999771118164,13.457104682922363,346000
2022-01-20,16.899999618530273,17.5,16.899999618530273,17.280000686645508,13.891205787658691,1087240
2022-01-21,17.280000686645508,17.559999465942383,17.280000686645508,17.520000457763672,14.084137916564941,446284
2022-01-24,17.399999618530273,17.600000381469727,17.239999771118164,17.299999237060547,13.907282829284668,639570
2022-01-25,17.280000686645508,17.31999969482422,17.040000915527344,17.200000762939453,13.82689380645752,351978
2022-01-26,17.479999542236328,17.5,17.139999389648438,17.200000762939453,13.82689380645752,245000
2022-01-27,17.280000686645508,17.280000686645508,16.84000015258789,16.940000534057617,13.617881774902344,294000
2022-01-28,17.1200008392334,17.31999969482422,17.040000915527344,17.079999923706055,13.730426788330078,413000
2022-01-31,17.219999313354492,17.219999313354492,17.219999313354492,17.219999313354492,13.842970848083496,0
2022-02-04,17.299999237060547,17.559999465942383,17.280000686645508,17.5,14.068061828613281,537366
2022-02-07,17.520000457763672,17.700000762939453,17.3799991607666,17.700000762939453,14.228837966918945,376032
2022-02-08,17.600000381469727,17.760000228881836,17.459999084472656,17.540000915527344,14.100215911865234,247167
2022-02-09,17.700000762939453,17.700000762939453,17.540000915527344,17.65999984741211,14.19668197631836,186000
2022-02-10,17.65999984741211,17.799999237060547,17.5,17.5,14.068061828613281,287783
2022-02-11,17.600000381469727,17.65999984741211,17.479999542236328,17.65999984741211,14.19668197631836,313960
2022-02-14,17.799999237060547,17.799999237060547,17.479999542236328,17.559999465942383,14.116293907165527,186000
2022-02-15,17.639999389648438,17.700000762939453,17.6200008392334,17.700000762939453,14.228837966918945,395000
2022-02-16,17.65999984741211,17.940000534057617,17.65999984741211,17.860000610351562,14.357461929321289,339500
2022-02-17,17.920000076293945,17.959999084472656,17.739999771118164,17.760000228881836,14.27707290649414,245825
2022-02-18,17.540000915527344,17.940000534057617,17.540000915527344,17.81999969482422,14.325304985046387,161385
2022-02-21,17.520000457763672,17.899999618530273,17.520000457763672,17.65999984741211,14.19668197631836,365060
2022-02-22,17.540000915527344,17.600000381469727,17.219999313354492,17.459999084472656,14.035903930664062,478000
2022-02-23,17.260000228881836,17.700000762939453,17.260000228881836,17.540000915527344,14.100215911865234,399662
2022-02-24,17.360000610351562,17.540000915527344,17.100000381469727,17.15999984741211,13.794737815856934,400000
2022-02-25,17.0,17.700000762939453,17.0,17.639999389648438,14.180603981018066,538000
2022-02-28,17.420000076293945,17.479999542236328,17.18000030517578,17.219999313354492,13.842970848083496,553062
2022-03-01,17.200000762939453,17.31999969482422,17.1200008392334,17.200000762939453,13.82689380645752,558315
2022-03-02,17.299999237060547,17.31999969482422,17.0,17.059999465942383,13.714347839355469,211000
2022-03-03,17.34000015258789,17.34000015258789,16.959999084472656,17.18000030517578,13.810816764831543,646000
2022-03-04,17.079999923706055,17.079999923706055,16.81999969482422,16.959999084472656,13.63395881652832,531000
2022-03-07,16.799999237060547,16.899999618530273,16.5,16.799999237060547,13.505337715148926,853119
2022-03-08,16.979999542236328,16.979999542236328,16.5,16.520000457763672,13.28024959564209,383000
2022-03-09,16.579999923706055,16.579999923706055,16.059999465942383,16.219999313354492,13.039081573486328,866370
2022-03-10,16.420000076293945,16.440000534057617,16.239999771118164,16.399999618530273,13.183781623840332,493191
2022-03-11,16.420000076293945,16.420000076293945,16.020000457763672,16.299999237060547,13.1033935546875,635105
2022-03-14,16.100000381469727,16.100000381469727,15.680000305175781,15.800000190734863,12.701448440551758,719999
2022-03-15,15.600000381469727,15.600000381469727,15.100000381469727,15.460000038146973,12.428126335144043,1247000
2022-03-16,15.460000038146973,15.760000228881836,15.119999885559082,15.4399995803833,12.41204833984375,810750
2022-03-17,16.200000762939453,16.219999313354492,15.800000190734863,16.079999923706055,12.92653751373291,615750
2022-03-18,16.100000381469727,16.420000076293945,15.979999542236328,16.200000762939453,13.023005485534668,2789308
2022-03-21,16.34000015258789,16.420000076293945,16.200000762939453,16.399999618530273,13.183781623840332,590341
2022-03-22,16.479999542236328,16.700000762939453,16.31999969482422,16.65999984741211,13.392793655395508,416224
2022-03-23,16.31999969482422,16.579999923706055,16.31999969482422,16.540000915527344,13.296327590942383,328000
2022-03-24,16.600000381469727,16.760000228881836,16.280000686645508,16.760000228881836,13.473182678222656,211000
2022-03-25,16.899999618530273,16.959999084472656,16.299999237060547,16.600000381469727,13.344560623168945,802099
2022-03-28,16.719999313354492,16.979999542236328,16.719999313354492,16.979999542236328,13.650038719177246,569000
2022-03-29,16.979999542236328,17.0,16.65999984741211,16.65999984741211,13.392793655395508,224027
2022-03-30,17.0,17.260000228881836,16.600000381469727,16.959999084472656,13.63395881652832,611000
2022-03-31,16.760000228881836,17.079999923706055,16.639999389648438,16.639999389648438,13.376715660095215,299227
2022-04-01,16.639999389648438,16.8799991607666,16.6200008392334,16.860000610351562,13.553572654724121,869750
2022-04-04,16.860000610351562,17.059999465942383,16.799999237060547,16.920000076293945,13.601804733276367,188000
2022-04-06,16.920000076293945,17.219999313354492,16.81999969482422,17.15999984741211,13.794737815856934,697000
2022-04-07,17.0,17.0,16.6200008392334,16.719999313354492,13.44102668762207,216000
2022-04-08,16.700000762939453,16.84000015258789,16.559999465942383,16.65999984741211,13.392793655395508,161000
2022-04-11,16.600000381469727,16.68000030517578,16.5,16.5,13.264171600341797,339000
2022-04-12,16.600000381469727,16.799999237060547,16.559999465942383,16.799999237060547,13.505337715148926,124000
2022-04-13,16.979999542236328,16.979999542236328,16.639999389648438,16.780000686645508,13.48926067352295,222064
2022-04-14,16.780000686645508,17.139999389648438,16.780000686645508,16.979999542236328,13.650038719177246,505000
2022-04-19,16.940000534057617,17.040000915527344,16.81999969482422,16.920000076293945,13.601804733276367,110000
2022-04-20,17.079999923706055,17.079999923706055,16.739999771118164,16.739999771118164,13.457104682922363,209301
2022-04-21,16.739999771118164,16.799999237060547,16.479999542236328,16.639999389648438,13.376715660095215,686230
2022-04-22,16.639999389648438,16.68000030517578,16.5,16.65999984741211,13.392793655395508,129056
2022-04-25,16.559999465942383,16.579999923706055,16.420000076293945,16.5,13.264171600341797,212056
2022-04-26,16.399999618530273,16.399999618530273,16.100000381469727,16.100000381469727,12.942615509033203,550000
2022-04-27,16.0,16.079999923706055,15.880000114440918,16.020000457763672,12.878304481506348,900285
2022-04-28,16.079999923706055,16.399999618530273,16.059999465942383,16.31999969482422,13.119470596313477,257000
2022-04-29,15.539999961853027,16.0,15.380000114440918,15.399999618530273,12.893417358398438,636284
2022-05-03,15.5,15.5,15.119999885559082,15.199999809265137,12.725970268249512,1107056
2022-05-04,15.279999732971191,15.279999732971191,15.140000343322754,15.220000267028809,12.742714881896973,273300
2022-05-05,15.300000190734863,15.359999656677246,15.119999885559082,15.279999732971191,12.792949676513672,180516
2022-05-06,15.100000381469727,15.180000305175781,15.020000457763672,15.079999923706055,12.625502586364746,197702
2022-05-10,15.0,15.0,14.720000267028809,14.739999771118164,12.340842247009277,316000
2022-05-11,14.699999809265137,14.899999618530273,14.5600004196167,14.600000381469727,12.223630905151367,654255
2022-05-12,14.600000381469727,14.699999809265137,14.359999656677246,14.359999656677246,12.022692680358887,361088
2022-05-13,14.319999694824219,14.460000038146973,14.319999694824219,14.399999618530273,12.056181907653809,519814
2022-05-16,14.5,14.600000381469727,14.420000076293945,14.539999961853027,12.173395156860352,169491
2022-05-17,14.4399995803833,14.800000190734863,14.4399995803833,14.680000305175781,12.290608406066895,180000
2022-05-18,14.680000305175781,14.720000267028809,14.579999923706055,14.680000305175781,12.290608406066895,244970
2022-05-19,14.5,14.65999984741211,14.5,14.5,12.13990592956543,369000
2022-05-20,14.5,14.739999771118164,14.5,14.739999771118164,12.340842247009277,1261000
2022-05-23,14.699999809265137,14.84000015258789,14.5600004196167,14.600000381469727,12.223630905151367,429814
2022-05-24,14.600000381469727,14.600000381469727,14.5,14.600000381469727,12.223630905151367,226060
2022-05-25,14.600000381469727,14.65999984741211,14.5,14.539999961853027,12.173395156860352,526060
2022-05-26,14.5600004196167,14.5600004196167,14.199999809265137,14.34000015258789,12.005949020385742,772000
2022-05-27,14.479999542236328,14.579999923706055,14.420000076293945,14.4399995803833,12.08967113494873,302200
2022-05-30,14.539999961853027,14.819999694824219,14.539999961853027,14.720000267028809,12.324097633361816,200000
2022-05-31,14.819999694824219,14.920000076293945,14.680000305175781,14.680000305175781,12.290608406066895,870000
2022-06-01,14.800000190734863,15.0,14.720000267028809,14.819999694824219,12.407820701599121,1211100
2022-06-02,14.960000038146973,14.960000038146973,14.460000038146973,14.5600004196167,12.190140724182129,776000
2022-06-06,14.65999984741211,14.779999732971191,14.460000038146973,14.699999809265137,12.307353019714355,755000
2022-06-07,14.720000267028809,14.859999656677246,14.539999961853027,14.739999771118164,12.340842247009277,400000
2022-06-08,14.800000190734863,15.0,14.760000228881836,14.800000190734863,12.391077041625977,620100
2022-06-09,14.819999694824219,15.079999923706055,14.800000190734863,14.979999542236328,12.541778564453125,837000
2022-06-10,14.979999542236328,15.020000457763672,14.800000190734863,14.84000015258789,12.424565315246582,596625
2022-06-13,14.84000015258789,14.9399995803833,14.5,14.520000457763672,12.15665054321289,403157
2022-06-14,14.5,14.5,14.300000190734863,14.34000015258789,12.005949020385742,892066
2022-06-15,14.420000076293945,14.5,14.359999656677246,14.380000114440918,12.039438247680664,708000
2022-06-16,14.460000038146973,14.460000038146973,14.260000228881836,14.34000015258789,12.005949020385742,6085560
2022-06-17,14.319999694824219,14.5,14.300000190734863,14.300000190734863,11.972458839416504,955145
2022-06-20,14.5,14.5,14.380000114440918,14.399999618530273,12.056181907653809,216145
2022-06-21,14.399999618530273,14.579999923706055,14.399999618530273,14.520000457763672,12.15665054321289,425000
2022-06-22,14.520000457763672,14.600000381469727,14.5,14.539999961853027,12.173395156860352,192000
2022-06-23,14.5,14.640000343322754,14.479999542236328,14.479999542236328,12.123162269592285,307000
2022-06-24,14.5600004196167,14.699999809265137,14.4399995803833,14.520000457763672,12.15665054321289,312800
2022-06-27,14.859999656677246,14.960000038146973,14.699999809265137,14.819999694824219,12.407820701599121,488630
2022-06-28,14.760000228881836,15.020000457763672,14.760000228881836,15.020000457763672,12.57526969909668,241210
2022-06-29,14.920000076293945,15.199999809265137,14.920000076293945,15.0600004196167,12.608757019042969,676251
2022-06-30,15.220000267028809,15.220000267028809,14.800000190734863,14.800000190734863,12.391077041625977,495984
2022-07-04,14.800000190734863,14.979999542236328,14.579999923706055,14.699999809265137,12.307353019714355,1562630
2022-07-05,14.680000305175781,14.960000038146973,14.640000343322754,14.960000038146973,12.525033950805664,293000
2022-07-06,14.899999618530273,15.180000305175781,14.880000114440918,15.0600004196167,12.608757019042969,689814
2022-07-07,15.0600004196167,15.119999885559082,14.819999694824219,14.920000076293945,12.491545677185059,554000
2022-07-08,14.819999694824219,15.020000457763672,14.819999694824219,15.020000457763672,12.57526969909668,220099
2022-07-11,15.020000457763672,15.020000457763672,14.65999984741211,14.739999771118164,12.340842247009277,332000
2022-07-12,14.880000114440918,14.880000114440918,14.520000457763672,14.579999923706055,12.20688533782959,237000
2022-07-13,14.800000190734863,14.800000190734863,14.5,14.65999984741211,12.273862838745117,824886
2022-07-14,14.579999923706055,14.579999923706055,14.100000381469727,14.239999771118164,11.922224998474121,1102000
2022-07-15,14.279999732971191,14.380000114440918,14.039999961853027,14.039999961853027,11.754778861999512,474000
2022-07-18,14.020000457763672,14.279999732971191,14.020000457763672,14.239999771118164,11.922224998474121,107352
2022-07-19,14.199999809265137,14.199999809265137,14.119999885559082,14.119999885559082,11.821757316589355,211095
2022-07-20,14.199999809265137,14.199999809265137,14.079999923706055,14.199999809265137,11.8887357711792,421814
2022-07-21,14.119999885559082,14.199999809265137,14.0,14.140000343322754,11.8385009765625,443000
2022-07-22,14.119999885559082,14.239999771118164,14.039999961853027,14.100000381469727,11.805011749267578,194000
2022-07-25,14.039999961853027,14.359999656677246,14.020000457763672,14.239999771118164,11.922224998474121,376000
2022-07-26,14.319999694824219,14.34000015258789,14.180000305175781,14.279999732971191,11.95571517944336,276000
2022-07-27,14.199999809265137,14.319999694824219,14.15999984741211,14.260000228881836,11.938970565795898,221000
2022-07-28,14.300000190734863,14.479999542236328,14.15999984741211,14.479999542236328,12.123162269592285,246201
2022-07-29,14.479999542236328,14.479999542236328,14.15999984741211,14.15999984741211,11.855246543884277,368000
2022-08-01,14.100000381469727,14.119999885559082,14.0,14.0,11.721287727355957,659250
2022-08-02,13.920000076293945,13.920000076293945,13.65999984741211,13.779999732971191,11.53709602355957,918878
2022-08-03,13.699999809265137,13.779999732971191,13.520000457763672,13.539999961853027,11.336161613464355,1329020
2022-08-04,13.640000343322754,13.720000267028809,13.539999961853027,13.600000381469727,11.386395454406738,409033
2022-08-05,13.600000381469727,13.920000076293945,13.600000381469727,13.880000114440918,11.620820045471191,629943
2022-08-08,13.640000343322754,13.920000076293945,13.640000343322754,13.720000267028809,11.486863136291504,380001
2022-08-09,13.640000343322754,13.859999656677246,13.640000343322754,13.819999694824219,11.570586204528809,200005
2022-08-10,13.760000228881836,13.84000015258789,13.539999961853027,13.600000381469727,11.386395454406738,814796
2022-08-11,13.680000305175781,13.84000015258789,13.680000305175781,13.760000228881836,11.520352363586426,395620
2022-08-12,13.9399995803833,13.9399995803833,13.699999809265137,13.800000190734863,11.553841590881348,631614
2022-08-15,13.800000190734863,13.800000190734863,13.539999961853027,13.5600004196167,11.3529052734375,782000
2022-08-16,13.600000381469727,13.699999809265137,13.5,13.619999885559082,11.403138160705566,1108000
2022-08-17,13.5600004196167,13.739999771118164,13.5600004196167,13.699999809265137,11.470117568969727,252000
2022-08-18,13.640000343322754,13.819999694824219,13.640000343322754,13.800000190734863,11.553841590881348,387000
2022-08-19,13.699999809265137,13.899999618530273,13.699999809265137,13.800000190734863,11.553841590881348,268013
2022-08-22,13.680000305175781,13.819999694824219,13.640000343322754,13.779999732971191,11.53709602355957,397000
2022-08-23,13.699999809265137,13.699999809265137,13.5,13.5,11.302671432495117,518000
2022-08-24,13.5,13.5,13.279999732971191,13.380000114440918,11.202203750610352,664000
2022-08-25,13.539999961853027,13.579999923706055,13.300000190734863,13.420000076293945,11.235692977905273,252000
2022-08-26,13.460000038146973,13.640000343322754,13.460000038146973,13.539999961853027,11.336161613464355,136500
2022-08-29,13.600000381469727,13.600000381469727,13.380000114440918,13.5600004196167,11.3529052734375,180000
2022-08-30,13.5,13.5600004196167,13.4399995803833,13.460000038146973,11.269181251525879,309823
2022-08-31,13.399999618530273,13.460000038146973,13.300000190734863,13.300000190734863,11.135224342346191,1003000
2022-09-01,13.260000228881836,13.300000190734863,13.039999961853027,13.199999809265137,11.051501274108887,932411
2022-09-02,13.300000190734863,13.380000114440918,13.220000267028809,13.359999656677246,11.185458183288574,250006
2022-09-05,13.279999732971191,13.279999732971191,13.180000305175781,13.239999771118164,11.084989547729492,382000
2022-09-06,13.239999771118164,13.460000038146973,13.239999771118164,13.319999694824219,11.151969909667969,662000
2022-09-07,13.319999694824219,13.420000076293945,13.239999771118164,13.300000190734863,11.135224342346191,516348
2022-09-08,13.279999732971191,13.5,13.279999732971191,13.4399995803833,11.252436637878418,869890
2022-09-09,13.220000267028809,13.460000038146973,13.220000267028809,13.399999618530273,11.397025108337402,802000
2022-09-13,13.5,13.699999809265137,13.4399995803833,13.600000381469727,11.567131996154785,1016773
2022-09-14,13.539999961853027,13.619999885559082,13.4399995803833,13.600000381469727,11.567131996154785,1167027
2022-09-15,13.619999885559082,13.619999885559082,13.4399995803833,13.5,11.482078552246094,643640
2022-09-16,13.520000457763672,13.619999885559082,13.399999618530273,13.399999618530273,11.397025108337402,1496343
2022-09-19,13.539999961853027,13.539999961853027,13.300000190734863,13.300000190734863,11.31197452545166,419000
2022-09-20,13.399999618530273,13.5,13.300000190734863,13.399999618530273,11.397025108337402,639834
2022-09-21,13.420000076293945,13.5,13.279999732971191,13.34000015258789,11.34599494934082,743084
2022-09-22,13.34000015258789,13.34000015258789,13.140000343322754,13.180000305175781,11.20991039276123,333022
2022-09-23,13.300000190734863,13.300000190734863,13.039999961853027,13.039999961853027,11.090838432312012,461842
2022-09-26,13.020000457763672,13.079999923706055,12.739999771118164,12.760000228881836,10.852690696716309,566000
2022-09-27,12.819999694824219,12.859999656677246,12.640000343322754,12.760000228881836,10.852690696716309,302000
2022-09-28,12.760000228881836,12.760000228881836,12.300000190734863,12.300000190734863,10.461450576782227,499999
2022-09-29,12.5,12.5,12.199999809265137,12.220000267028809,10.393407821655273,540999
2022-09-30,12.239999771118164,12.800000190734863,12.15999984741211,12.680000305175781,10.784649848937988,1566000
2022-10-03,12.5,12.84000015258789,12.5,12.600000381469727,10.716607093811035,1035000
2022-10-05,13.0,13.079999923706055,12.800000190734863,13.0600004196167,11.107848167419434,371959
2022-10-06,12.880000114440918,13.039999961853027,12.880000114440918,13.0,11.056817054748535,263300
2022-10-07,13.100000381469727,13.100000381469727,12.880000114440918,13.0,11.056817054748535,368000
2022-10-10,12.9399995803833,12.9399995803833,12.539999961853027,12.539999961853027,10.66557502746582,253191
2022-10-11,12.4399995803833,12.699999809265137,12.399999618530273,12.520000457763672,10.648565292358398,548000
2022-10-12,12.699999809265137,12.699999809265137,12.399999618530273,12.4399995803833,10.580522537231445,445354
2022-10-13,12.260000228881836,12.65999984741211,12.180000305175781,12.380000114440918,10.529491424560547,141000
2022-10-14,12.4399995803833,12.65999984741211,12.260000228881836,12.260000228881836,10.42742919921875,418575
2022-10-17,12.199999809265137,12.319999694824219,12.100000381469727,12.199999809265137,10.376397132873535,261228
2022-10-18,12.220000267028809,12.380000114440918,12.119999885559082,12.220000267028809,10.393407821655273,462775
2022-10-19,12.239999771118164,12.34000015258789,12.079999923706055,12.079999923706055,10.274334907531738,521000
2022-10-20,12.079999923706055,12.15999984741211,12.0,12.119999885559082,10.308355331420898,352463
2022-10-21,12.119999885559082,12.15999984741211,11.859999656677246,11.979999542236328,10.189281463623047,117000
2022-10-24,11.9399995803833,11.960000038146973,11.34000015258789,11.34000015258789,9.644946098327637,724790
2022-10-25,11.359999656677246,11.359999656677246,10.899999618530273,10.960000038146973,9.321746826171875,1018750
2022-10-26,10.960000038146973,11.279999732971191,10.699999809265137,10.819999694824219,9.202672958374023,1393570
2022-10-27,10.920000076293945,11.079999923706055,10.699999809265137,10.819999694824219,9.202672958374023,450311
2022-10-28,10.9399995803833,10.960000038146973,10.420000076293945,10.5600004196167,8.981537818908691,1026902
2022-10-31,10.5600004196167,10.5600004196167,10.15999984741211,10.180000305175781,8.65833854675293,1000000
2022-11-01,10.220000267028809,10.520000457763672,10.180000305175781,10.460000038146973,8.896485328674316,794500
2022-11-02,10.380000114440918,10.5,9.899999618530273,10.460000038146973,8.896485328674316,1028039
2022-11-03,10.319999694824219,10.4399995803833,10.15999984741211,10.279999732971191,8.743390083312988,825500
2022-11-04,10.119999885559082,10.920000076293945,10.119999885559082,10.720000267028809,9.117621421813965,1860000
2022-11-07,10.960000038146973,11.140000343322754,10.9399995803833,11.020000457763672,9.37277889251709,733197
2022-11-08,11.020000457763672,11.020000457763672,10.720000267028809,11.020000457763672,9.37277889251709,1959998
2022-11-09,10.960000038146973,11.180000305175781,10.800000190734863,10.9399995803833,9.304736137390137,1090470
2022-11-10,11.079999923706055,11.079999923706055,10.739999771118164,10.9399995803833,9.304736137390137,412386
2022-11-11,11.0600004196167,11.800000190734863,11.0600004196167,11.640000343322754,9.900103569030762,1113792
2022-11-14,11.9399995803833,12.15999984741211,11.899999618530273,12.119999885559082,10.308355331420898,605000
2022-11-15,12.220000267028809,12.579999923706055,12.15999984741211,12.5600004196167,10.682586669921875,482000
2022-11-16,12.5600004196167,12.979999542236328,12.5600004196167,12.800000190734863,10.886712074279785,880997
2022-11-17,12.800000190734863,12.880000114440918,12.600000381469727,12.779999732971191,10.869702339172363,813000
2022-11-18,12.779999732971191,12.819999694824219,12.579999923706055,12.680000305175781,10.784649848937988,617600
2022-11-21,12.680000305175781,12.760000228881836,12.359999656677246,12.600000381469727,10.716607093811035,619000
2022-11-22,12.600000381469727,12.9399995803833,12.460000038146973,12.65999984741211,10.767637252807617,373750
2022-11-23,12.739999771118164,12.800000190734863,12.399999618530273,12.640000343322754,10.750628471374512,361000
2022-11-24,12.600000381469727,12.979999542236328,12.600000381469727,12.819999694824219,10.903721809387207,245000
2022-11-25,12.819999694824219,13.220000267028809,12.800000190734863,13.199999809265137,11.226922035217285,379000
2022-11-28,13.199999809265137,13.199999809265137,12.739999771118164,13.0600004196167,11.107848167419434,179000
2022-11-29,13.119999885559082,13.260000228881836,12.960000038146973,13.199999809265137,11.226922035217285,342000
2022-11-30,13.199999809265137,13.699999809265137,12.920000076293945,13.699999809265137,11.652183532714844,898795
2022-12-01,13.600000381469727,13.859999656677246,13.15999984741211,13.760000228881836,11.703214645385742,1650000
2022-12-02,13.859999656677246,13.859999656677246,13.359999656677246,13.5,11.482078552246094,353504
2022-12-05,13.460000038146973,13.9399995803833,13.5,13.920000076293945,11.839298248291016,807504
2022-12-06,13.960000038146973,14.239999771118164,13.819999694824219,14.239999771118164,12.111466407775879,946999
2022-12-07,14.239999771118164,14.319999694824219,13.699999809265137,14.0600004196167,11.958373069763184,918150
2022-12-08,14.0,14.199999809265137,13.619999885559082,14.180000305175781,12.06043529510498,879187
2022-12-09,14.199999809265137,14.699999809265137,14.199999809265137,14.65999984741211,12.468687057495117,1130999
2022-12-12,14.65999984741211,14.65999984741211,14.140000343322754,14.34000015258789,12.19651985168457,325039
2022-12-13,14.199999809265137,14.5,14.039999961853027,14.5,12.332602500915527,375026
2022-12-14,14.199999809265137,14.5,14.199999809265137,14.220000267028809,12.094456672668457,864600
2022-12-15,14.199999809265137,14.199999809265137,13.899999618530273,14.039999961853027,11.941362380981445,684648
2022-12-16,14.0,14.260000228881836,13.84000015258789,14.220000267028809,12.094456672668457,1663999
2022-12-19,13.920000076293945,14.220000267028809,13.819999694824219,14.079999923706055,11.975382804870605,670400
2022-12-20,13.859999656677246,13.880000114440918,13.619999885559082,13.699999809265137,11.652183532714844,602000
2022-12-21,13.65999984741211,13.680000305175781,13.4399995803833,13.5600004196167,11.533110618591309,287493
2022-12-22,13.460000038146973,13.859999656677246,13.460000038146973,13.800000190734863,11.737236022949219,383000
2022-12-23,13.65999984741211,13.960000038146973,13.65999984741211,13.920000076293945,11.839298248291016,203000
2022-12-28,13.84000015258789,14.300000190734863,13.84000015258789,14.300000190734863,12.162498474121094,393000
2022-12-29,14.199999809265137,14.239999771118164,13.960000038146973,14.239999771118164,12.111466407775879,101000
2022-12-30,14.300000190734863,14.34000015258789,14.140000343322754,14.34000015258789,12.19651985168457,485000
2023-01-03,14.319999694824219,14.520000457763672,14.0600004196167,14.520000457763672,12.349614143371582,808000
2023-01-04,14.65999984741211,14.760000228881836,14.520000457763672,14.699999809265137,12.502708435058594,475117
2023-01-05,14.680000305175781,14.739999771118164,14.5,14.600000381469727,12.417656898498535,459074
2023-01-06,14.5600004196167,14.600000381469727,14.34000015258789,14.479999542236328,12.315593719482422,494488
2023-01-09,14.460000038146973,14.579999923706055,14.140000343322754,14.239999771118164,12.111466407775879,519100
2023-01-10,14.239999771118164,14.239999771118164,14.0,14.100000381469727,11.992392539978027,251000
2023-01-11,14.100000381469727,14.100000381469727,13.84000015258789,14.0,11.907341003417969,533066
2023-01-12,13.979999542236328,14.079999923706055,13.84000015258789,13.979999542236328,11.890329360961914,414242
2023-01-13,13.899999618530273,14.079999923706055,13.899999618530273,14.079999923706055,11.975382804870605,443000
2023-01-16,14.0600004196167,14.279999732971191,14.020000457763672,14.199999809265137,12.077445030212402,353000
2023-01-17,14.300000190734863,14.300000190734863,13.9399995803833,14.279999732971191,12.145487785339355,264938
2023-01-18,14.039999961853027,14.220000267028809,14.039999961853027,14.199999809265137,12.077445030212402,64000
2023-01-19,14.100000381469727,14.319999694824219,14.079999923706055,14.319999694824219,12.179508209228516,178165
2023-01-20,14.279999732971191,14.460000038146973,14.260000228881836,14.4399995803833,12.281571388244629,162000
2023-01-26,14.5,14.760000228881836,14.5,14.760000228881836,12.553739547729492,398650
2023-01-27,14.760000228881836,14.800000190734863,14.579999923706055,14.739999771118164,12.536728858947754,324000
2023-01-30,14.739999771118164,14.880000114440918,14.539999961853027,14.640000343322754,12.451676368713379,585000
2023-01-31,14.579999923706055,14.800000190734863,14.199999809265137,14.460000038146973,12.298582077026367,4831264
2023-02-01,14.539999961853027,14.859999656677246,14.34000015258789,14.859999656677246,12.638792037963867,706000
2023-02-02,14.859999656677246,15.34000015258789,14.800000190734863,15.100000381469727,12.842917442321777,2049820
2023-02-03,14.859999656677246,15.300000190734863,14.800000190734863,15.279999732971191,12.996011734008789,2167300
2023-02-06,15.260000228881836,15.260000228881836,14.859999656677246,15.039999961853027,12.791886329650879,449000
2023-02-07,15.0,15.220000267028809,14.9399995803833,15.140000343322754,12.876938819885254,533811
2023-02-08,15.079999923706055,15.140000343322754,14.9399995803833,14.960000038146973,12.723844528198242,243000
2023-02-09,15.100000381469727,15.100000381469727,15.0,15.020000457763672,12.774876594543457,175000
2023-02-10,15.039999961853027,15.039999961853027,14.899999618530273,15.0,12.757865905761719,261827
2023-02-13,15.0600004196167,15.0600004196167,14.760000228881836,14.84000015258789,12.621780395507812,430000
2023-02-14,15.0600004196167,15.0600004196167,14.640000343322754,14.720000267028809,12.519718170166016,320000
2023-02-15,14.880000114440918,14.880000114440918,14.600000381469727,14.720000267028809,12.519718170166016,174000
2023-02-16,14.84000015258789,14.979999542236328,14.680000305175781,14.720000267028809,12.519718170166016,394389
2023-02-17,14.779999732971191,14.800000190734863,14.600000381469727,14.65999984741211,12.468687057495117,322000
2023-02-20,14.859999656677246,14.859999656677246,14.600000381469727,14.760000228881836,12.553739547729492,832248
2023-02-21,14.819999694824219,14.819999694824219,14.5,14.640000343322754,12.451676368713379,456053
2023-02-22,14.5,14.699999809265137,14.359999656677246,14.5,12.332602500915527,430000
2023-02-23,14.359999656677246,14.5,14.300000190734863,14.420000076293945,12.26456069946289,372645
2023-02-24,14.279999732971191,14.420000076293945,14.260000228881836,14.399999618530273,12.247550010681152,289345
2023-02-27,14.380000114440918,14.380000114440918,14.15999984741211,14.199999809265137,12.077445030212402,143995
2023-02-28,14.460000038146973,14.460000038146973,14.180000305175781,14.260000228881836,12.128478050231934,232000
2023-03-01,14.399999618530273,14.479999542236328,14.34000015258789,14.399999618530273,12.247550010681152,844000
2023-03-02,14.5,14.5,14.100000381469727,14.5,12.332602500915527,268125
2023-03-03,14.420000076293945,14.420000076293945,14.260000228881836,14.380000114440918,12.230541229248047,369192
2023-03-06,14.359999656677246,14.520000457763672,14.260000228881836,14.5,12.332602500915527,259250
2023-03-07,14.600000381469727,14.699999809265137,14.5,14.680000305175781,12.485697746276855,276153
2023-03-08,14.399999618530273,14.460000038146973,14.260000228881836,14.300000190734863,12.162498474121094,365000
2023-03-09,14.420000076293945,14.460000038146973,14.220000267028809,14.380000114440918,12.230541229248047,311176
2023-03-10,14.380000114440918,14.380000114440918,13.65999984741211,13.65999984741211,11.61816120147705,982702
2023-03-13,13.680000305175781,14.100000381469727,13.5600004196167,13.899999618530273,11.822288513183594,965135
2023-03-14,13.880000114440918,13.880000114440918,13.579999923706055,13.619999885559082,11.58414077758789,705090
2023-03-15,13.779999732971191,13.859999656677246,13.539999961853027,13.760000228881836,11.703214645385742,68000
2023-03-16,13.84000015258789,13.880000114440918,13.640000343322754,13.699999809265137,11.652183532714844,175650
2023-03-17,13.600000381469727,14.020000457763672,13.579999923706055,14.020000457763672,11.924351692199707,2487794
2023-03-20,14.100000381469727,14.100000381469727,13.300000190734863,13.5,11.482078552246094,1086300
2023-03-21,13.520000457763672,13.539999961853027,13.260000228881836,13.399999618530273,11.397025108337402,529286
2023-03-22,13.5,13.880000114440918,13.380000114440918,13.819999694824219,11.754246711730957,442000
2023-03-23,13.84000015258789,13.84000015258789,13.5,13.600000381469727,11.567131996154785,370000
2023-03-24,13.600000381469727,13.899999618530273,13.600000381469727,13.779999732971191,11.72022533416748,442950
2023-03-27,13.899999618530273,13.819999694824219,13.5,13.5,11.482078552246094,453000
2023-03-28,13.600000381469727,13.619999885559082,13.420000076293945,13.600000381469727,11.567131996154785,218245
2023-03-29,13.720000267028809,13.720000267028809,13.5,13.539999961853027,11.51609992980957,213151
2023-03-30,13.579999923706055,13.600000381469727,13.380000114440918,13.579999923706055,11.55012035369873,236000
2023-03-31,13.739999771118164,13.979999542236328,13.720000267028809,13.859999656677246,11.788268089294434,479000
2023-04-03,13.960000038146973,14.140000343322754,13.680000305175781,13.800000190734863,11.737236022949219,988000
2023-04-04,13.899999618530273,14.0,13.819999694824219,13.819999694824219,11.754246711730957,94000
2023-04-06,13.84000015258789,14.079999923706055,13.84000015258789,14.079999923706055,11.975382804870605,192650
2023-04-11,14.079999923706055,14.260000228881836,14.0,14.140000343322754,12.026413917541504,243064
2023-04-12,14.220000267028809,14.239999771118164,14.020000457763672,14.220000267028809,12.094456672668457,313284
2023-04-13,14.140000343322754,14.100000381469727,13.960000038146973,14.079999923706055,11.975382804870605,476562
2023-04-14,14.199999809265137,14.199999809265137,13.899999618530273,14.079999923706055,11.975382804870605,344030
2023-04-17,14.0,14.140000343322754,13.920000076293945,14.140000343322754,12.026413917541504,191000
2023-04-18,14.079999923706055,14.079999923706055,13.899999618530273,13.9399995803833,11.856308937072754,371000
2023-04-19,13.960000038146973,14.020000457763672,13.720000267028809,13.739999771118164,11.686205863952637,561000
2023-04-20,13.819999694824219,13.880000114440918,13.779999732971191,13.84000015258789,11.771256446838379,117000
2023-04-21,13.880000114440918,13.920000076293945,13.720000267028809,13.720000267028809,11.669194221496582,421000
2023-04-24,13.720000267028809,13.720000267028809,13.600000381469727,13.640000343322754,11.601153373718262,454000
2023-04-25,13.680000305175781,13.779999732971191,13.619999885559082,13.680000305175781,11.635172843933105,417000
2023-04-26,13.819999694824219,13.880000114440918,13.65999984741211,13.699999809265137,11.652183532714844,438258
2023-04-27,13.760000228881836,13.899999618530273,13.65999984741211,13.779999732971191,11.72022533416748,575208
2023-04-28,13.899999618530273,13.899999618530273,13.739999771118164,13.779999732971191,11.72022533416748,547000
2023-05-02,13.880000114440918,14.0,13.699999809265137,14.0,11.907341003417969,894068
2023-05-03,13.539999961853027,13.539999961853027,13.020000457763672,13.039999961853027,11.630841255187988,1010000
2023-05-04,13.100000381469727,13.239999771118164,13.039999961853027,13.140000343322754,11.720033645629883,805000
2023-05-05,13.119999885559082,13.479999542236328,13.119999885559082,13.300000190734863,11.862744331359863,771000
2023-05-08,13.34000015258789,13.479999542236328,13.319999694824219,13.460000038146973,12.005453109741211,420139
2023-05-09,13.420000076293945,13.5,13.199999809265137,13.199999809265137,11.773550987243652,651000
2023-05-10,13.199999809265137,13.199999809265137,13.039999961853027,13.100000381469727,11.684357643127441,569284
2023-05-11,13.140000343322754,13.140000343322754,12.979999542236328,12.979999542236328,11.577323913574219,385000
2023-05-12,13.0,13.020000457763672,12.800000190734863,12.84000015258789,11.45245361328125,697000
2023-05-15,12.819999694824219,13.0,12.680000305175781,12.84000015258789,11.45245361328125,606000
2023-05-16,13.119999885559082,13.119999885559082,12.739999771118164,12.84000015258789,11.45245361328125,231000
2023-05-17,12.800000190734863,12.800000190734863,12.420000076293945,12.479999542236328,11.131357192993164,1056685
2023-05-18,12.760000228881836,12.760000228881836,12.380000114440918,12.460000038146973,11.113518714904785,766224
2023-05-19,12.380000114440918,12.399999618530273,12.279999732971191,12.300000190734863,10.970808982849121,384000
2023-05-22,12.399999618530273,12.600000381469727,12.399999618530273,12.520000457763672,11.167035102844238,449268
2023-05-23,12.579999923706055,12.600000381469727,12.4399995803833,12.539999961853027,11.1848726272583,171000
2023-05-24,12.5600004196167,12.699999809265137,12.420000076293945,12.579999923706055,11.220550537109375,716000
2023-05-25,12.520000457763672,12.520000457763672,12.260000228881836,12.260000228881836,10.935132026672363,465400
2023-05-29,12.260000228881836,12.319999694824219,12.100000381469727,12.100000381469727,10.792421340942383,308000
2023-05-30,12.100000381469727,12.300000190734863,12.0600004196167,12.180000305175781,10.863776206970215,507000
2023-05-31,12.100000381469727,12.180000305175781,11.65999984741211,11.65999984741211,10.399969100952148,2480816
2023-06-01,11.680000305175781,11.979999542236328,11.680000305175781,11.880000114440918,10.596195220947266,675000
2023-06-02,12.020000457763672,12.479999542236328,12.0,12.460000038146973,11.113518714904785,502092
2023-06-05,12.4399995803833,12.579999923706055,12.359999656677246,12.420000076293945,11.077840805053711,236000
2023-06-06,12.5600004196167,12.699999809265137,12.5,12.619999885559082,11.256227493286133,307750
2023-06-07,12.619999885559082,12.800000190734863,12.5,12.579999923706055,11.220550537109375,355241
2023-06-08,12.399999618530273,12.619999885559082,12.399999618530273,12.600000381469727,11.238389015197754,355573
2023-06-09,12.5,12.699999809265137,12.4399995803833,12.520000457763672,11.167035102844238,220000
2023-06-12,12.479999542236328,12.579999923706055,12.4399995803833,12.5,11.149194717407227,125640
2023-06-13,12.640000343322754,12.640000343322754,12.460000038146973,12.520000457763672,11.167035102844238,146000
2023-06-14,12.539999961853027,12.600000381469727,12.380000114440918,12.380000114440918,11.042162895202637,115000
2023-06-15,12.380000114440918,12.640000343322754,12.260000228881836,12.420000076293945,11.077840805053711,241306
2023-06-16,12.640000343322754,12.640000343322754,12.199999809265137,12.199999809265137,10.881614685058594,810637
2023-06-19,12.199999809265137,12.479999542236328,12.199999809265137,12.319999694824219,10.988646507263184,273637
2023-06-20,12.34000015258789,12.380000114440918,12.119999885559082,12.119999885559082,10.810259819030762,465000
2023-06-21,12.0600004196167,12.0600004196167,11.960000038146973,12.0,10.703227996826172,243379
2023-06-23,12.020000457763672,12.15999984741211,11.760000228881836,11.899999618530273,10.614033699035645,587000
2023-06-26,11.84000015258789,12.039999961853027,11.84000015258789,11.9399995803833,10.649711608886719,245812
2023-06-27,11.9399995803833,12.220000267028809,11.960000038146973,12.020000457763672,10.72106647491455,168000
2023-06-28,12.0,12.15999984741211,12.0,12.100000381469727,10.792421340942383,158510
2023-06-29,12.100000381469727,12.100000381469727,11.84000015258789,12.0,10.703227996826172,204156
2023-06-30,11.979999542236328,12.0,11.859999656677246,11.880000114440918,10.596195220947266,692635
2023-07-03,11.899999618530273,12.020000457763672,11.899999618530273,11.960000038146973,10.667550086975098,570011
2023-07-04,11.960000038146973,11.979999542236328,11.899999618530273,11.9399995803833,10.649711608886719,254000
2023-07-05,11.920000076293945,11.9399995803833,11.819999694824219,11.84000015258789,10.560518264770508,263000
2023-07-06,11.9399995803833,11.9399995803833,11.520000457763672,11.539999961853027,10.292936325073242,542000
2023-07-07,11.600000381469727,11.619999885559082,11.34000015258789,11.4399995803833,10.203743934631348,653147
2023-07-10,11.579999923706055,11.579999923706055,11.34000015258789,11.380000114440918,10.150227546691895,407314
2023-07-11,11.34000015258789,11.420000076293945,11.220000267028809,11.359999656677246,10.1323881149292,573000
2023-07-12,11.399999618530273,11.4399995803833,11.319999694824219,11.319999694824219,10.096710205078125,434698
2023-07-13,11.420000076293945,11.600000381469727,11.399999618530273,11.600000381469727,10.346453666687012,798000
2023-07-14,11.619999885559082,11.680000305175781,11.399999618530273,11.619999885559082,10.36429214477539,314000
2023-07-18,11.5,11.520000457763672,11.420000076293945,11.479999542236328,10.239420890808105,699000
2023-07-19,11.600000381469727,11.640000343322754,11.300000190734863,11.4399995803833,10.203743934631348,261615
2023-07-20,11.279999732971191,11.5,11.279999732971191,11.420000076293945,10.185904502868652,491000
2023-07-21,11.420000076293945,11.600000381469727,11.34000015258789,11.479999542236328,10.239420890808105,381889
2023-07-24,11.4399995803833,11.5,11.34000015258789,11.359999656677246,10.1323881149292,469650
2023-07-25,11.539999961853027,11.720000267028809,11.520000457763672,11.680000305175781,10.417808532714844,1164000
2023-07-26,11.619999885559082,12.180000305175781,11.619999885559082,12.180000305175781,10.863776206970215,742000
2023-07-27,12.140000343322754,12.579999923706055,12.140000343322754,12.420000076293945,11.077840805053711,953800
2023-07-28,12.319999694824219,12.319999694824219,12.079999923706055,12.239999771118164,10.917292594909668,427125
2023-07-31,12.359999656677246,12.420000076293945,12.140000343322754,12.15999984741211,10.845937728881836,691500
2023-08-01,12.260000228881836,12.260000228881836,11.720000267028809,11.880000114440918,10.596195220947266,1499000
2023-08-02,11.84000015258789,11.84000015258789,11.600000381469727,11.65999984741211,10.399969100952148,690455
2023-08-03,11.899999618530273,11.899999618530273,11.600000381469727,11.760000228881836,10.48916244506836,260000
2023-08-04,11.779999732971191,11.800000190734863,11.460000038146973,11.600000381469727,10.346453666687012,1302800
2023-08-07,11.619999885559082,11.600000381469727,11.420000076293945,11.520000457763672,10.275099754333496,309470
2023-08-08,11.520000457763672,11.520000457763672,11.239999771118164,11.380000114440918,10.150227546691895,636000
2023-08-09,11.300000190734863,11.399999618530273,11.239999771118164,11.399999618530273,10.168066024780273,390000
2023-08-10,11.399999618530273,11.399999618530273,11.260000228881836,11.300000190734863,10.078873634338379,386785
2023-08-11,11.300000190734863,11.399999618530273,11.239999771118164,11.300000190734863,10.078873634338379,292000
2023-08-14,11.319999694824219,11.319999694824219,11.020000457763672,11.039999961853027,9.846969604492188,940000
2023-08-15,11.220000267028809,11.220000267028809,10.819999694824219,10.880000114440918,9.704259872436523,749200
2023-08-16,10.819999694824219,10.880000114440918,10.720000267028809,10.800000190734863,9.632904052734375,940000
2023-08-17,10.859999656677246,10.859999656677246,10.680000305175781,10.739999771118164,9.579388618469238,658000
2023-08-18,10.699999809265137,10.699999809265137,10.600000381469727,10.619999885559082,9.472355842590332,721500
2023-08-21,10.640000343322754,10.640000343322754,10.460000038146973,10.479999542236328,9.347485542297363,925197
2023-08-22,10.5,10.800000190734863,10.5,10.800000190734863,9.632904052734375,590000
2023-08-23,10.760000228881836,10.880000114440918,10.640000343322754,10.760000228881836,9.597228050231934,366000
2023-08-24,10.739999771118164,10.9399995803833,10.739999771118164,10.880000114440918,9.704259872436523,304000
2023-08-25,10.880000114440918,10.880000114440918,10.720000267028809,10.720000267028809,9.56155014038086,434000
2023-08-28,10.880000114440918,10.979999542236328,10.65999984741211,10.720000267028809,9.56155014038086,514000
2023-08-29,10.720000267028809,10.880000114440918,10.640000343322754,10.800000190734863,9.632904052734375,516000
2023-08-30,10.819999694824219,11.020000457763672,10.760000228881836,10.760000228881836,9.597228050231934,523000
2023-08-31,10.819999694824219,10.9399995803833,10.779999732971191,10.819999694824219,9.65074348449707,459000
2023-09-04,10.880000114440918,11.199999809265137,10.880000114440918,11.079999923706055,9.882647514343262,993653
2023-09-05,10.920000076293945,11.039999961853027,10.899999618530273,10.979999542236328,9.793453216552734,382000
2023-09-06,10.920000076293945,11.239999771118164,10.920000076293945,11.220000267028809,10.00751781463623,329000
2023-09-07,11.279999732971191,11.300000190734863,11.079999923706055,11.260000228881836,10.043195724487305,380526
2023-09-11,11.260000228881836,11.300000190734863,11.119999885559082,11.15999984741211,9.954001426696777,839000
2023-09-12,10.920000076293945,10.960000038146973,10.800000190734863,10.880000114440918,9.890368461608887,813000
2023-09-13,10.9399995803833,10.960000038146973,10.819999694824219,10.859999656677246,9.872187614440918,349730
2023-09-14,11.0600004196167,11.0600004196167,10.859999656677246,10.899999618530273,9.908549308776855,498915
2023-09-15,10.960000038146973,11.100000381469727,10.9399995803833,11.100000381469727,10.090357780456543,430569
2023-09-18,11.100000381469727,11.100000381469727,10.859999656677246,10.880000114440918,9.890368461608887,393000
2023-09-19,10.859999656677246,11.100000381469727,10.859999656677246,11.079999923706055,10.072176933288574,154000
2023-09-20,11.199999809265137,11.199999809265137,11.0,11.0,9.9994535446167,432000
2023-09-21,10.899999618530273,10.920000076293945,10.779999732971191,10.800000190734863,9.817646026611328,351351
2023-09-22,10.800000190734863,11.239999771118164,10.760000228881836,11.220000267028809,10.199442863464355,581000
2023-09-25,11.020000457763672,11.239999771118164,10.859999656677246,10.979999542236328,9.981271743774414,300000
2023-09-26,10.9399995803833,10.979999542236328,10.800000190734863,10.819999694824219,9.83582592010498,172000
2023-09-27,10.899999618530273,10.920000076293945,10.819999694824219,10.899999618530273,9.908549308776855,379468
2023-09-28,10.880000114440918,10.899999618530273,10.800000190734863,10.880000114440918,9.890368461608887,305000
2023-09-29,10.779999732971191,11.140000343322754,10.779999732971191,11.039999961853027,10.035815238952637,535000
2023-10-03,10.819999694824219,11.039999961853027,10.779999732971191,11.020000457763672,10.017635345458984,942336
2023-10-04,11.079999923706055,11.079999923706055,10.920000076293945,10.960000038146973,9.963091850280762,296000
2023-10-05,10.899999618530273,11.0600004196167,10.859999656677246,11.0,9.9994535446167,249000
2023-10-06,11.0,11.15999984741211,11.0,11.079999923706055,10.072176933288574,176000
2023-10-09,11.079999923706055,11.180000305175781,11.020000457763672,11.15999984741211,10.14490032196045,67650
2023-10-10,11.15999984741211,11.279999732971191,11.0,11.0,9.9994535446167,178000
2023-10-11,11.039999961853027,11.15999984741211,10.819999694824219,10.920000076293945,9.92673110961914,351720
2023-10-12,11.0,11.140000343322754,10.899999618530273,10.899999618530273,9.908549308776855,960000
2023-10-13,10.899999618530273,10.9399995803833,10.739999771118164,10.760000228881836,9.78128433227539,427000
2023-10-16,10.760000228881836,10.800000190734863,10.600000381469727,10.619999885559082,9.654017448425293,693000
2023-10-17,10.680000305175781,10.760000228881836,10.600000381469727,10.699999809265137,9.726741790771484,444761
2023-10-18,10.699999809265137,10.859999656677246,10.619999885559082,10.619999885559082,9.654017448425293,479000
2023-10-19,10.600000381469727,10.600000381469727,10.460000038146973,10.479999542236328,9.526751518249512,324500
2023-10-20,10.460000038146973,10.520000457763672,10.399999618530273,10.479999542236328,9.526751518249512,441000
2023-10-24,10.479999542236328,10.479999542236328,10.300000190734863,10.380000114440918,9.435848236083984,944069
2023-10-25,10.4399995803833,10.680000305175781,10.420000076293945,10.539999961853027,9.581295013427734,455045
2023-10-26,10.539999961853027,10.539999961853027,10.199999809265137,10.300000190734863,9.36312484741211,565000
2023-10-27,10.34000015258789,10.579999923706055,10.039999961853027,10.5,9.54493236541748,344000
2023-10-30,10.5,10.5,10.199999809265137,10.420000076293945,9.472209930419922,883000
2023-10-31,10.5,10.600000381469727,10.34000015258789,10.420000076293945,9.472209930419922,443850
2023-11-01,10.619999885559082,10.619999885559082,10.319999694824219,10.359999656677246,9.4176664352417,1393305
2023-11-02,10.5,10.779999732971191,10.479999542236328,10.779999732971191,9.799464225769043,611000
2023-11-03,10.699999809265137,10.9399995803833,10.699999809265137,10.84000015258789,9.85400676727295,496000
2023-11-06,10.880000114440918,10.979999542236328,10.84000015258789,10.9399995803833,9.944911003112793,301000
2023-11-07,10.800000190734863,10.880000114440918,10.720000267028809,10.779999732971191,9.799464225769043,388419
2023-11-08,10.800000190734863,10.800000190734863,10.520000457763672,10.539999961853027,9.581295013427734,540000
2023-11-09,10.800000190734863,10.800000190734863,10.5,10.520000457763672,9.563114166259766,374000
2023-11-10,10.479999542236328,10.479999542236328,10.399999618530273,10.4399995803833,9.49039077758789,379571
2023-11-13,10.479999542236328,10.5,10.359999656677246,10.5,9.54493236541748,644500
2023-11-14,10.460000038146973,10.779999732971191,10.460000038146973,10.699999809265137,9.726741790771484,257000
2023-11-15,10.84000015258789,11.260000228881836,10.800000190734863,11.260000228881836,10.235804557800293,1002000
2023-11-16,11.260000228881836,11.260000228881836,11.0,11.0,9.9994535446167,262545
2023-11-17,10.979999542236328,10.979999542236328,10.800000190734863,10.819999694824219,9.83582592010498,156455
2023-11-20,10.800000190734863,10.880000114440918,10.699999809265137,10.880000114440918,9.890368461608887,683000
2023-11-21,10.880000114440918,11.220000267028809,10.880000114440918,11.079999923706055,10.072176933288574,461000
2023-11-22,11.039999961853027,11.140000343322754,10.960000038146973,11.079999923706055,10.072176933288574,311782
2023-11-23,11.039999961853027,11.140000343322754,10.899999618530273,11.140000343322754,10.12671947479248,272000
2023-11-24,11.119999885559082,11.079999923706055,10.9399995803833,11.079999923706055,10.072176933288574,118000
2023-11-27,11.020000457763672,11.020000457763672,10.859999656677246,10.859999656677246,9.872187614440918,278000
2023-11-28,10.880000114440918,10.960000038146973,10.819999694824219,10.859999656677246,9.872187614440918,334500
2023-11-29,10.819999694824219,10.819999694824219,10.5,10.5600004196167,9.599475860595703,503670
2023-11-30,10.520000457763672,10.640000343322754,10.4399995803833,10.460000038146973,9.50857162475586,895674
2023-12-01,10.4399995803833,10.600000381469727,10.420000076293945,10.5600004196167,9.599475860595703,305010
2023-12-04,10.539999961853027,10.600000381469727,10.359999656677246,10.5,9.54493236541748,528054
2023-12-05,10.460000038146973,10.460000038146973,10.34000015258789,10.34000015258789,9.399486541748047,379000
2023-12-06,10.359999656677246,10.600000381469727,10.359999656677246,10.520000457763672,9.563114166259766,352000
2023-12-07,10.34000015258789,10.4399995803833,10.34000015258789,10.34000015258789,9.399486541748047,504286
2023-12-08,10.579999923706055,10.579999923706055,10.359999656677246,10.399999618530273,9.454028129577637,273000
2023-12-11,10.319999694824219,10.4399995803833,10.279999732971191,10.359999656677246,9.4176664352417,513800
2023-12-12,10.34000015258789,10.4399995803833,10.34000015258789,10.4399995803833,9.49039077758789,248864
2023-12-13,10.4399995803833,10.4399995803833,10.359999656677246,10.399999618530273,9.454028129577637,256000
2023-12-14,10.4399995803833,10.65999984741211,10.4399995803833,10.5600004196167,9.599475860595703,1327730
2023-12-15,10.520000457763672,10.720000267028809,10.520000457763672,10.579999923706055,9.617656707763672,1579463
2023-12-18,10.65999984741211,10.680000305175781,10.399999618530273,10.479999542236328,9.526751518249512,381000
2023-12-19,10.479999542236328,10.479999542236328,10.300000190734863,10.380000114440918,9.435848236083984,715000
2023-12-20,10.5,10.5,10.34000015258789,10.399999618530273,9.454028129577637,548286
2023-12-21,10.380000114440918,10.460000038146973,10.359999656677246,10.460000038146973,9.50857162475586,707000
2023-12-22,10.460000038146973,10.5,10.380000114440918,10.399999618530273,9.454028129577637,433000
2023-12-27,10.399999618530273,10.479999542236328,10.34000015258789,10.420000076293945,9.472209930419922,274000
2023-12-28,10.420000076293945,10.619999885559082,10.420000076293945,10.600000381469727,9.63583755493164,1302000
2023-12-29,10.579999923706055,10.699999809265137,10.579999923706055,10.640000343322754,9.672199249267578,1090000
2024-01-02,10.640000343322754,10.699999809265137,10.579999923706055,10.619999885559082,9.654017448425293,1587000
2024-01-03,10.600000381469727,10.600000381469727,10.4399995803833,10.520000457763672,9.563114166259766,683000
2024-01-04,10.5,10.5,10.359999656677246,10.380000114440918,9.435848236083984,1832000
2024-01-05,10.399999618530273,10.399999618530273,10.220000267028809,10.220000267028809,9.29040241241455,2121000
2024-01-08,10.199999809265137,10.300000190734863,10.15999984741211,10.15999984741211,9.235858917236328,784939
2024-01-09,10.119999885559082,10.260000228881836,10.119999885559082,10.15999984741211,9.235858917236328,1214000
2024-01-10,10.15999984741211,10.15999984741211,10.079999923706055,10.100000381469727,9.181317329406738,600882
2024-01-11,10.15999984741211,10.279999732971191,10.140000343322754,10.220000267028809,9.29040241241455,1695000
2024-01-12,10.239999771118164,10.34000015258789,10.239999771118164,10.300000190734863,9.36312484741211,525000
2024-01-15,10.300000190734863,10.300000190734863,10.15999984741211,10.260000228881836,9.326763153076172,490142
2024-01-16,10.279999732971191,10.279999732971191,10.140000343322754,10.140000343322754,9.21767807006836,501100
2024-01-17,10.140000343322754,10.140000343322754,9.699999809265137,9.710000038146973,8.826789855957031,2814000
2024-01-18,9.850000381469727,9.979999542236328,9.699999809265137,9.90999984741211,9.008599281311035,1133000
2024-01-19,10.020000457763672,10.020000457763672,9.869999885559082,9.920000076293945,9.017688751220703,450452
2024-01-22,9.930000305175781,9.930000305175781,9.460000038146973,9.489999771118164,8.626800537109375,1695000
2024-01-23,9.510000228881836,9.640000343322754,9.470000267028809,9.539999961853027,8.672253608703613,1395000
2024-01-24,9.510000228881836,9.770000457763672,9.510000228881836,9.770000457763672,8.881333351135254,1302161
2024-01-25,9.850000381469727,9.970000267028809,9.84000015258789,9.899999618530273,8.999507904052734,638000
2024-01-26,9.960000038146973,10.15999984741211,9.899999618530273,9.989999771118164,9.081321716308594,1399000
2024-01-29,9.989999771118164,10.0,9.729999542236328,9.850000381469727,8.954056739807129,1108216
2024-01-30,9.8100004196167,9.899999618530273,9.600000381469727,9.600000381469727,8.72679615020752,2763000
2024-01-31,9.600000381469727,9.65999984741211,9.380000114440918,9.40999984741211,8.554078102111816,3978537
2024-02-01,9.520000457763672,9.710000038146973,9.40999984741211,9.670000076293945,8.79042911529541,2474000
2024-02-02,9.6899995803833,9.890000343322754,9.569999694824219,9.65999984741211,8.78133773803711,2599000
2024-02-05,9.649999618530273,9.670000076293945,9.350000381469727,9.539999961853027,8.672253608703613,2042000
2024-02-06,9.579999923706055,9.770000457763672,9.460000038146973,9.770000457763672,8.881333351135254,1109654
2024-02-07,9.8100004196167,9.880000114440918,9.6899995803833,9.729999542236328,8.844970703125,484456
2024-02-08,9.880000114440918,9.880000114440918,9.539999961853027,9.579999923706055,8.70861530303955,1228000
2024-02-09,9.550000190734863,9.550000190734863,9.399999618530273,9.5,8.635891914367676,883000
2024-02-14,9.529999732971191,9.529999732971191,9.170000076293945,9.460000038146973,8.599530220031738,2989110
2024-02-15,9.460000038146973,9.460000038146973,9.260000228881836,9.380000114440918,8.52680778503418,1651250
2024-02-16,9.380000114440918,9.550000190734863,9.010000228881836,9.550000190734863,8.681344032287598,3263500
2024-02-19,9.550000190734863,9.550000190734863,9.300000190734863,9.319999694824219,8.472264289855957,2274000
2024-02-20,9.40999984741211,9.40999984741211,9.0600004196167,9.119999885559082,8.29045581817627,3881000
2024-02-21,9.130000114440918,9.460000038146973,9.079999923706055,9.300000190734863,8.454083442687988,3713918
2024-02-22,9.300000190734863,9.449999809265137,9.199999809265137,9.430000305175781,8.572259902954102,2768315
2024-02-23,9.430000305175781,9.470000267028809,9.319999694824219,9.420000076293945,8.5631685256958,1546202
2024-02-26,9.420000076293945,9.460000038146973,9.329999923706055,9.350000381469727,8.49953556060791,2162000
2024-02-27,9.359999656677246,9.359999656677246,9.180000305175781,9.300000190734863,8.454083442687988,3162000
2024-02-28,9.329999923706055,9.489999771118164,9.260000228881836,9.3100004196167,8.463174819946289,3512000
2024-02-29,9.289999961853027,9.3100004196167,9.109999656677246,9.109999656677246,8.281365394592285,30068054
2024-03-01,9.130000114440918,9.239999771118164,9.09000015258789,9.199999809265137,8.363179206848145,5757304
2024-03-04,9.199999809265137,9.279999732971191,9.130000114440918,9.130000114440918,8.299546241760254,1666000
2024-03-05,9.130000114440918,9.130000114440918,8.859999656677246,8.890000343322754,8.081377029418945,4429000
2024-03-06,8.899999618530273,9.0,8.859999656677246,8.90999984741211,8.099556922912598,2267000
2024-03-07,8.979999542236328,9.050000190734863,8.920000076293945,8.920000076293945,8.108647346496582,2228711
2024-03-08,9.09000015258789,9.09000015258789,8.970000267028809,8.979999542236328,8.163189888000488,1472016
2024-03-11,9.0,9.069999694824219,8.970000267028809,9.0600004196167,8.23591423034668,1454606
2024-03-12,9.0600004196167,9.359999656677246,9.0600004196167,9.34000015258789,8.490445137023926,2012627
2024-03-13,9.34000015258789,9.34000015258789,9.1899995803833,9.1899995803833,8.35408878326416,1570479
2024-03-14,9.220000267028809,9.270000457763672,9.1899995803833,9.199999809265137,8.363179206848145,1202054
2024-03-15,9.149999618530273,9.289999961853027,9.069999694824219,9.069999694824219,8.245003700256348,2768101
2024-03-18,9.140000343322754,9.300000190734863,9.100000381469727,9.210000038146973,8.372269630432129,993477
2024-03-19,9.210000038146973,9.210000038146973,9.050000190734863,9.050000190734863,8.226823806762695,1327202
2024-03-20,9.069999694824219,9.15999984741211,9.010000228881836,9.039999961853027,8.217732429504395,1059000
2024-03-21,9.050000190734863,9.210000038146973,9.050000190734863,9.15999984741211,8.326817512512207,1647000
2024-03-22,9.109999656677246,9.109999656677246,9.0,9.039999961853027,8.217732429504395,1447000
2024-03-25,9.039999961853027,9.079999923706055,8.979999542236328,9.010000228881836,8.190461158752441,929667
2024-03-26,9.100000381469727,9.100000381469727,8.989999771118164,9.020000457763672,8.199552536010742,766000
2024-03-27,9.029999732971191,9.100000381469727,9.0,9.029999732971191,8.20864200592041,1587125
2024-03-28,9.039999961853027,9.0600004196167,8.970000267028809,9.010000228881836,8.190461158752441,1144000
2024-04-02,9.15999984741211,9.15999984741211,9.050000190734863,9.069999694824219,8.245003700256348,1667000
2024-04-03,9.09000015258789,9.119999885559082,9.079999923706055,9.100000381469727,8.272275924682617,801000
2024-04-05,9.149999618530273,9.149999618530273,9.010000228881836,9.010000228881836,8.190461158752441,1083640
2024-04-08,9.09000015258789,9.100000381469727,9.010000228881836,9.029999732971191,8.20864200592041,898457
2024-04-09,9.050000190734863,9.119999885559082,9.050000190734863,9.100000381469727,8.272275924682617,849698
2024-04-10,9.119999885559082,9.220000267028809,9.119999885559082,9.180000305175781,8.344998359680176,1823070
2024-04-11,9.180000305175781,9.180000305175781,9.029999732971191,9.079999923706055,8.254094123840332,1512000
2024-04-12,9.130000114440918,9.130000114440918,8.960000038146973,8.960000038146973,8.14500904083252,1626170
2024-04-15,8.949999809265137,8.949999809265137,8.869999885559082,8.869999885559082,8.06319522857666,1442300
2024-04-16,8.869999885559082,8.869999885559082,8.760000228881836,8.779999732971191,7.981381893157959,1484400
2024-04-17,8.789999961853027,8.819999694824219,8.770000457763672,8.800000190734863,7.999562740325928,508000
2024-04-18,8.800000190734863,8.90999984741211,8.779999732971191,8.819999694824219,8.017743110656738,385000
2024-04-19,8.819999694824219,8.850000381469727,8.729999542236328,8.819999694824219,8.017743110656738,659000
2024-04-22,8.899999618530273,9.020000457763672,8.899999618530273,8.989999771118164,8.172280311584473,644000
2024-04-23,8.989999771118164,9.010000228881836,8.899999618530273,8.920000076293945,8.108647346496582,1031211
2024-04-24,8.949999809265137,9.130000114440918,8.949999809265137,9.130000114440918,8.299546241760254,1023000
2024-04-25,9.109999656677246,9.1899995803833,9.079999923706055,9.140000343322754,8.308637619018555,766000
2024-04-26,9.0600004196167,9.220000267028809,9.0600004196167,9.1899995803833,8.35408878326416,1485000
2024-04-29,9.1899995803833,9.489999771118164,9.15999984741211,9.380000114440918,8.52680778503418,2588000
2024-04-30,9.399999618530273,9.4399995803833,9.25,9.319999694824219,8.472264289855957,1599000
2024-05-02,9.350000381469727,9.619999885559082,9.319999694824219,9.5,8.635891914367676,4540000
2024-05-03,9.529999732971191,9.600000381469727,9.470000267028809,9.5600004196167,8.690434455871582,3903000
2024-05-06,9.600000381469727,9.680000305175781,9.5,9.550000190734863,8.681344032287598,3217070
2024-05-07,9.550000190734863,9.609999656677246,9.470000267028809,9.529999732971191,8.663163185119629,1857196
2024-05-08,8.979999542236328,8.979999542236328,8.640000343322754,8.710000038146973,8.497314453125,2621611
2024-05-09,8.75,8.84000015258789,8.6899995803833,8.75,8.536336898803711,2400762
2024-05-10,8.800000190734863,9.039999961853027,8.800000190734863,9.0,8.780232429504395,3997210
2024-05-13,9.020000457763672,9.210000038146973,9.0,9.180000305175781,8.95583724975586,2914000
2024-05-14,9.229999542236328,9.359999656677246,9.010000228881836,9.0600004196167,8.838768005371094,2557125
2024-05-16,9.100000381469727,9.220000267028809,9.050000190734863,9.140000343322754,8.916814804077148,6144001
2024-05-17,9.1899995803833,9.229999542236328,9.100000381469727,9.210000038146973,8.98510456085205,2305500
2024-05-20,9.270000457763672,9.319999694824219,9.199999809265137,9.300000190734863,9.072907447814941,1822000
2024-05-21,9.300000190734863,9.300000190734863,9.020000457763672,9.0600004196167,8.838768005371094,2915086
2024-05-22,9.100000381469727,9.109999656677246,9.0,9.079999923706055,8.85827922821045,2440000
2024-05-23,9.079999923706055,9.079999923706055,8.880000114440918,8.920000076293945,8.702186584472656,2235000
2024-05-24,8.899999618530273,8.899999618530273,8.789999961853027,8.850000381469727,8.633895874023438,2634000
2024-05-27,8.800000190734863,8.850000381469727,8.680000305175781,8.8100004196167,8.59487247467041,1447000
2024-05-28,8.8100004196167,8.920000076293945,8.800000190734863,8.8100004196167,8.59487247467041,1183400
2024-05-29,8.829999923706055,8.829999923706055,8.75,8.8100004196167,8.59487247467041,860593
2024-05-30,8.829999923706055,8.829999923706055,8.699999809265137,8.720000267028809,8.507070541381836,1208000
2024-05-31,8.819999694824219,8.84000015258789,8.680000305175781,8.680000305175781,8.468047142028809,1838112
2024-06-03,8.680000305175781,8.880000114440918,8.680000305175781,8.779999732971191,8.565604209899902,1708794
2024-06-04,8.779999732971191,8.899999618530273,8.779999732971191,8.850000381469727,8.633895874023438,2924000
2024-06-05,8.850000381469727,8.949999809265137,8.829999923706055,8.890000343322754,8.672919273376465,1775867
2024-06-06,8.949999809265137,8.949999809265137,8.779999732971191,8.850000381469727,8.633895874023438,2605000
2024-06-07,8.880000114440918,8.930000305175781,8.850000381469727,8.869999885559082,8.653407096862793,1354021
2024-06-11,8.880000114440918,8.890000343322754,8.619999885559082,8.739999771118164,8.526580810546875,3094000
2024-06-12,8.819999694824219,8.819999694824219,8.600000381469727,8.649999618530273,8.4387788772583,2448400
2024-06-13,8.680000305175781,8.720000267028809,8.600000381469727,8.630000114440918,8.419267654418945,2516372
2024-06-14,8.649999618530273,8.729999542236328,8.649999618530273,8.670000076293945,8.458291053771973,843500
2024-06-17,8.699999809265137,8.720000267028809,8.569999694824219,8.6899995803833,8.477802276611328,2482500
2024-06-18,8.729999542236328,8.779999732971191,8.6899995803833,8.739999771118164,8.526580810546875,1033000
2024-06-19,8.739999771118164,8.84000015258789,8.739999771118164,8.819999694824219,8.60462760925293,1114500
2024-06-20,8.850000381469727,8.899999618530273,8.760000228881836,8.760000228881836,8.546092987060547,1073105
2024-06-21,8.710000038146973,8.800000190734863,8.619999885559082,8.680000305175781,8.468047142028809,1835313
2024-06-24,8.6899995803833,8.6899995803833,8.5,8.59000015258789,8.380244255065918,1782805
2024-06-25,8.600000381469727,8.75,8.59000015258789,8.65999984741211,8.448534965515137,2932000
2024-06-26,8.640000343322754,8.65999984741211,8.569999694824219,8.619999885559082,8.40951156616211,2347000
2024-06-27,8.579999923706055,8.600000381469727,8.460000038146973,8.479999542236328,8.272930145263672,1878000
2024-06-28,8.5,8.5600004196167,8.449999809265137,8.5,8.292442321777344,1697000
2024-07-02,8.5,8.550000190734863,8.470000267028809,8.489999771118164,8.282686233520508,2470440
2024-07-03,8.489999771118164,8.65999984741211,8.489999771118164,8.630000114440918,8.419267654418945,2856000
2024-07-04,8.619999885559082,8.75,8.619999885559082,8.649999618530273,8.4387788772583,1493400
2024-07-08,8.569999694824219,8.569999694824219,8.470000267028809,8.5,8.292442321777344,1525697
2024-07-09,8.470000267028809,8.510000228881836,8.470000267028809,8.5,8.292442321777344,911000
2024-07-10,8.489999771118164,8.529999732971191,8.470000267028809,8.5,8.292442321777344,985995
2024-07-11,8.550000190734863,8.609999656677246,8.550000190734863,8.600000381469727,8.390000343322754,1970400
2024-07-12,8.670000076293945,9.039999961853027,8.670000076293945,9.0,8.780232429504395,4246601
2024-07-15,8.949999809265137,9.029999732971191,8.819999694824219,8.880000114440918,8.663163185119629,897000
2024-07-16,8.899999618530273,8.970000267028809,8.850000381469727,8.9399995803833,8.721697807312012,901179
2024-07-17,8.930000305175781,9.020000457763672,8.930000305175781,8.960000038146973,8.741209030151367,592000
2024-07-18,9.0600004196167,9.100000381469727,8.970000267028809,9.069999694824219,8.848523139953613,861700
2024-07-19,9.069999694824219,9.069999694824219,8.869999885559082,8.9399995803833,8.721697807312012,449500
2024-07-22,8.9399995803833,8.9399995803833,8.819999694824219,8.84000015258789,8.624139785766602,916168
2024-07-23,8.829999923706055,8.920000076293945,8.770000457763672,8.789999961853027,8.575360298156738,1298000
2024-07-24,8.75,8.869999885559082,8.75,8.869999885559082,8.653407096862793,757700
2024-07-25,8.800000190734863,8.800000190734863,8.75,8.770000457763672,8.555849075317383,611000
2024-07-26,8.770000457763672,8.880000114440918,8.770000457763672,8.84000015258789,8.624139785766602,542000
2024-07-29,8.899999618530273,8.979999542236328,8.8100004196167,8.960000038146973,8.741209030151367,998300
2024-07-30,8.899999618530273,8.9399995803833,8.479999542236328,8.579999923706055,8.370488166809082,3418000
2024-07-31,8.579999923706055,8.600000381469727,8.0600004196167,8.5600004196167,8.350976943969727,2512000
2024-08-01,8.5600004196167,8.569999694824219,8.25,8.270000457763672,8.068058967590332,3367000
2024-08-02,8.210000038146973,8.210000038146973,8.079999923706055,8.1899995803833,7.990011215209961,2074800
2024-08-05,8.15999984741211,8.279999732971191,8.079999923706055,8.149999618530273,7.950988292694092,2086450
2024-08-06,8.1899995803833,8.270000457763672,8.15999984741211,8.229999542236328,8.029034614562988,996000
2024-08-07,8.260000228881836,8.390000343322754,8.210000038146973,8.390000343322754,8.185128211975098,1216799
2024-08-08,8.399999618530273,8.399999618530273,8.260000228881836,8.350000381469727,8.14610481262207,1270750
2024-08-09,8.399999618530273,8.520000457763672,8.399999618530273,8.479999542236328,8.272930145263672,1601000
2024-08-12,8.479999542236328,8.479999542236328,8.399999618530273,8.449999809265137,8.24366283416748,1030602
2024-08-13,8.4399995803833,8.600000381469727,8.420000076293945,8.600000381469727,8.390000343322754,1445948
2024-08-14,8.5,8.5,8.34000015258789,8.430000305175781,8.430000305175781,459200
2024-08-15,8.479999542236328,8.479999542236328,8.350000381469727,8.399999618530273,8.399999618530273,657000
2024-08-16,8.399999618530273,8.460000038146973,8.380000114440918,8.399999618530273,8.399999618530273,822000
2024-08-19,8.399999618530273,8.510000228881836,8.399999618530273,8.489999771118164,8.489999771118164,335600
2024-08-20,8.510000228881836,8.59000015258789,8.449999809265137,8.479999542236328,8.479999542236328,587300
2024-08-21,8.430000305175781,8.529999732971191,8.430000305175781,8.529999732971191,8.529999732971191,698228
2024-08-22,8.520000457763672,8.520000457763672,8.420000076293945,8.470000267028809,8.470000267028809,1040000
2024-08-23,8.420000076293945,8.449999809265137,8.40999984741211,8.420000076293945,8.420000076293945,568000
2024-08-26,8.4399995803833,8.65999984741211,8.4399995803833,8.619999885559082,8.619999885559082,1399000
2024-08-27,8.619999885559082,8.800000190734863,8.59000015258789,8.800000190734863,8.800000190734863,1284000
2024-08-28,8.829999923706055,8.930000305175781,8.800000190734863,8.880000114440918,8.880000114440918,1006000
2024-08-29,8.899999618530273,8.930000305175781,8.850000381469727,8.90999984741211,8.90999984741211,1800350
2024-08-30,8.949999809265137,9.050000190734863,8.84000015258789,8.90999984741211,8.90999984741211,4577027
2024-09-02,8.920000076293945,8.920000076293945,8.619999885559082,8.640000343322754,8.640000343322754,1411000
2024-09-03,8.649999618530273,8.720000267028809,8.510000228881836,8.699999809265137,8.699999809265137,818000
2024-09-04,8.619999885559082,8.670000076293945,8.569999694824219,8.65999984741211,8.65999984741211,738400
2024-09-05,8.65999984741211,8.710000038146973,8.609999656677246,8.65999984741211,8.65999984741211,683000
2024-09-09,8.600000381469727,8.640000343322754,8.489999771118164,8.609999656677246,8.609999656677246,1155000
2024-09-10,8.720000267028809,8.890000343322754,8.699999809265137,8.710000038146973,8.710000038146973,2931280
2024-09-11,8.729999542236328,8.779999732971191,8.510000228881836,8.520000457763672,8.520000457763672,1241580
2024-09-12,8.529999732971191,8.65999984741211,8.520000457763672,8.609999656677246,8.609999656677246,1167000
2024-09-13,8.609999656677246,8.829999923706055,8.609999656677246,8.760000228881836,8.760000228881836,1409585
2024-09-16,8.680000305175781,8.760000228881836,8.649999618530273,8.699999809265137,8.699999809265137,550000
2024-09-17,8.6899995803833,8.84000015258789,8.6899995803833,8.760000228881836,8.760000228881836,2250000
2024-09-19,8.859999656677246,8.989999771118164,8.800000190734863,8.960000038146973,8.960000038146973,1876900
2024-09-20,8.949999809265137,9.069999694824219,8.90999984741211,9.0600004196167,9.0600004196167,4277000
2024-09-23,8.920000076293945,9.15999984741211,8.920000076293945,9.010000228881836,9.010000228881836,2736163
2024-09-24,9.100000381469727,9.289999961853027,9.100000381469727,9.229999542236328,9.229999542236328,1870174
2024-09-25,9.279999732971191,9.539999961853027,9.260000228881836,9.279999732971191,9.279999732971191,2558198
2024-09-26,9.430000305175781,9.600000381469727,9.270000457763672,9.600000381469727,9.600000381469727,2204000
2024-09-27,9.600000381469727,10.039999961853027,9.600000381469727,9.960000038146973,9.960000038146973,4814667
2024-09-30,10.239999771118164,10.680000305175781,10.239999771118164,10.5,10.5,6421000
2024-10-02,10.520000457763672,11.279999732971191,10.5,11.279999732971191,11.279999732971191,9837580
2024-10-03,11.680000305175781,11.680000305175781,10.640000343322754,11.039999961853027,11.039999961853027,4289470
2024-10-04,11.079999923706055,11.119999885559082,10.84000015258789,11.039999961853027,11.039999961853027,2985662
