Date,Open,High,Low,Close,Adj Close,Volume
2005-09-29,6.5,6.5,6.5,6.5,6.5,0
2005-09-30,6.5,6.5,6.5,6.5,6.5,0
2005-10-03,6.5,6.5,6.5,6.5,6.5,0
2005-10-04,6.5,6.5,6.5,6.5,6.5,0
2005-10-05,6.5,6.5,6.5,6.5,6.5,0
2005-10-06,6.5,6.5,6.5,6.5,6.5,0
2005-10-07,6.5,6.5,6.5,6.5,6.5,0
2005-10-10,6.5,6.5,6.5,6.5,6.5,0
2005-10-12,6.5,6.5,6.5,6.5,6.5,0
2005-10-13,6.5,6.5,6.5,6.5,6.5,0
2005-10-14,6.5,6.5,6.5,6.5,6.5,0
2005-10-17,6.5,6.5,6.5,6.5,6.5,0
2005-10-18,6.5,6.5,6.5,6.5,6.5,0
2005-10-19,6.5,6.5,6.5,6.5,6.5,0
2005-10-20,6.5,6.5,6.5,6.5,6.5,0
2005-10-21,6.5,6.5,6.5,6.5,6.5,0
2005-10-24,6.5,6.5,6.5,6.5,6.5,0
2005-10-25,6.5,6.5,6.5,6.5,6.5,0
2005-10-26,6.5,6.5,6.5,6.5,6.5,0
2005-10-27,6.5,6.5,6.5,6.5,6.5,0
2005-10-28,6.5,6.5,6.5,6.5,6.5,0
2005-10-31,6.5,6.5,6.5,6.5,6.5,0
2005-11-01,6.5,6.5,6.5,6.5,6.5,0
2005-11-02,6.5,6.5,6.5,6.5,6.5,0
2005-11-03,6.5,6.5,6.5,6.5,6.5,0
2005-11-04,6.5,6.5,6.5,6.5,6.5,0
2005-11-07,6.5,6.5,6.5,6.5,6.5,0
2005-11-08,6.5,6.5,6.5,6.5,6.5,0
2005-11-09,6.5,6.5,6.5,6.5,6.5,0
2005-11-10,6.5,6.5,6.5,6.5,6.5,0
2005-11-11,6.5,6.5,6.5,6.5,6.5,0
2005-11-14,6.5,6.5,6.5,6.5,6.5,0
2005-11-15,6.5,6.5,6.5,6.5,6.5,0
2005-11-16,6.5,6.5,6.5,6.5,6.5,0
2005-11-17,6.5,6.5,6.5,6.5,6.5,0
2005-11-18,6.5,6.5,6.5,6.5,6.5,0
2005-11-21,6.5,6.5,6.5,6.5,6.5,0
2005-11-22,6.5,6.5,6.5,6.5,6.5,0
2005-11-23,6.5,6.5,6.5,6.5,6.5,0
2005-11-24,6.5,6.5,6.5,6.5,6.5,0
2005-11-25,6.5,6.5,6.5,6.5,6.5,0
2005-11-28,6.5,6.5,6.5,6.5,6.5,0
2005-11-29,6.5,6.5,6.5,6.5,6.5,0
2005-11-30,6.5,6.5,6.5,6.5,6.5,0
2005-12-01,6.5,6.5,6.5,6.5,6.5,0
2005-12-02,6.5,6.5,6.5,6.5,6.5,0
2005-12-05,6.5,6.5,6.5,6.5,6.5,0
2005-12-06,6.5,6.5,6.5,6.5,6.5,0
2005-12-07,6.5,6.5,6.5,6.5,6.5,0
2005-12-08,6.5,6.5,6.5,6.5,6.5,0
2005-12-09,6.5,6.5,6.5,6.5,6.5,0
2005-12-12,6.5,6.5,6.5,6.5,6.5,0
2005-12-13,6.5,6.5,6.5,6.5,6.5,0
2005-12-14,6.5,6.5,6.5,6.5,6.5,0
2005-12-15,6.5,6.5,6.5,6.5,6.5,0
2005-12-16,6.5,6.5,6.5,6.5,6.5,0
2005-12-19,6.5,6.5,6.5,6.5,6.5,0
2005-12-20,6.5,6.5,6.5,6.5,6.5,0
2005-12-21,6.5,6.5,6.5,6.5,6.5,0
2005-12-22,6.5,6.5,6.5,6.5,6.5,0
2005-12-23,6.5,6.5,6.5,6.5,6.5,0
2005-12-28,6.5,6.5,6.5,6.5,6.5,0
2005-12-29,6.5,6.5,6.5,6.5,6.5,0
2005-12-30,6.5,6.5,6.5,6.5,6.5,0
2006-01-03,6.5,6.5,6.5,6.5,6.5,0
2006-01-04,6.5,6.5,6.5,6.5,6.5,0
2006-01-05,6.5,6.5,6.5,6.5,6.5,0
2006-01-06,6.5,6.5,6.5,6.5,6.5,0
2006-01-09,6.5,6.5,6.5,6.5,6.5,0
2006-01-10,6.5,6.5,6.5,6.5,6.5,0
2006-01-11,6.5,6.5,6.5,6.5,6.5,0
2006-01-12,6.5,6.5,6.5,6.5,6.5,0
2006-01-13,6.5,6.5,6.5,6.5,6.5,0
2006-01-16,6.5,6.5,6.5,6.5,6.5,0
2006-01-17,6.5,6.5,6.5,6.5,6.5,0
2006-01-18,6.5,6.5,6.5,6.5,6.5,0
2006-01-19,6.5,6.5,6.5,6.5,6.5,0
2006-01-20,6.5,6.5,6.5,6.5,6.5,0
2006-01-23,6.5,6.5,6.5,6.5,6.5,0
2006-01-24,6.5,6.5,6.5,6.5,6.5,0
2006-01-25,6.5,6.5,6.5,6.5,6.5,0
2006-01-26,6.5,6.5,6.5,6.5,6.5,0
2006-01-27,6.5,6.5,6.5,6.5,6.5,0
2006-02-01,6.5,6.5,6.5,6.5,6.5,0
2006-02-02,6.5,6.5,6.5,6.5,6.5,0
2006-02-03,6.5,6.5,6.5,6.5,6.5,0
2006-02-06,6.5,6.5,6.5,6.5,6.5,0
2006-02-07,6.5,6.5,6.5,6.5,6.5,0
2006-02-08,6.5,6.5,6.5,6.5,6.5,0
2006-02-09,6.5,6.5,6.5,6.5,6.5,0
2006-02-10,6.5,6.5,6.5,6.5,6.5,0
2006-02-13,6.5,6.5,6.5,6.5,6.5,0
2006-02-14,6.5,6.5,6.5,6.5,6.5,0
2006-02-15,6.5,6.5,6.5,6.5,6.5,0
2006-02-16,6.5,6.5,6.5,6.5,6.5,0
2006-02-17,6.5,6.5,6.5,6.5,6.5,0
2006-02-20,6.5,6.5,6.5,6.5,6.5,0
2006-02-21,6.5,6.5,6.5,6.5,6.5,0
2006-02-22,6.5,6.5,6.5,6.5,6.5,0
2006-02-23,6.5,6.5,6.5,6.5,6.5,0
2006-02-24,6.5,6.5,6.5,6.5,6.5,0
2006-02-27,6.5,6.5,6.5,6.5,6.5,0
2006-02-28,6.5,6.5,6.5,6.5,6.5,0
2006-03-01,6.5,6.5,6.5,6.5,6.5,0
2006-03-02,6.5,6.5,6.5,6.5,6.5,0
2006-03-03,6.5,6.5,6.5,6.5,6.5,0
2006-03-06,6.5,6.5,6.5,6.5,6.5,0
2006-03-07,6.5,6.5,6.5,6.5,6.5,0
2006-03-08,6.5,6.5,6.5,6.5,6.5,0
2006-03-09,6.5,6.5,6.5,6.5,6.5,0
2006-03-10,6.5,6.5,6.5,6.5,6.5,0
2006-03-13,6.5,6.5,6.5,6.5,6.5,0
2006-03-14,6.5,6.5,6.5,6.5,6.5,0
2006-03-15,6.5,6.5,6.5,6.5,6.5,0
2006-03-16,6.5,6.5,6.5,6.5,6.5,0
2006-03-17,10.25,10.25,10.25,10.25,10.25,0
2006-03-20,10.25,10.25,10.25,10.25,10.25,19
2006-03-21,10.25,10.25,10.125,10.25,10.25,67
2006-03-22,10.25,10.25,10.25,10.25,10.25,53
2006-03-23,10.25,10.25,10.25,10.25,10.25,0
2006-03-24,10.25,10.25,10.25,10.25,10.25,0
2006-03-27,10.25,10.25,10.25,10.25,10.25,0
2006-03-28,10.25,10.25,10.25,10.25,10.25,0
2006-03-29,10.25,10.25,10.25,10.25,10.25,0
2006-03-30,10.25,10.25,10.25,10.25,10.25,0
2006-03-31,10.25,10.25,10.25,10.25,10.25,0
2006-04-03,10.25,10.25,10.25,10.25,10.25,0
2006-04-04,10.25,10.25,10.25,10.25,10.25,0
2006-04-06,11.375,12.5,11.375,11.625,11.625,26
2006-04-07,11.625,11.625,11.625,11.625,11.625,0
2006-04-10,11.625,11.625,11.625,11.625,11.625,0
2006-04-11,11.25,12.125,11.25,12.125,12.125,2
2006-04-12,12.125,12.125,12.125,12.125,12.125,0
2006-04-13,12.125,12.125,12.125,12.125,12.125,0
2006-04-18,12.125,12.125,12.125,12.125,12.125,0
2006-04-19,11.5,11.625,11.5,11.625,11.625,17
2006-04-20,11.5,11.625,11.5,11.625,11.625,3
2006-04-21,11.625,11.625,11.5,11.625,11.625,26
2006-04-24,11.625,11.625,11.625,11.625,11.625,27
2006-04-25,12.0,12.0,12.0,12.0,12.0,8
2006-04-26,12.0,12.0,12.0,12.0,12.0,0
2006-04-27,12.0,12.0,12.0,12.0,12.0,0
2006-04-28,12.0,12.0,12.0,12.0,12.0,0
2006-05-02,12.0,12.0,12.0,12.0,12.0,0
2006-05-03,12.0,12.0,12.0,12.0,12.0,0
2006-05-04,12.0,12.0,12.0,12.0,12.0,0
2006-05-08,12.0,12.0,12.0,12.0,12.0,0
2006-05-09,12.0,12.0,12.0,12.0,12.0,0
2006-05-10,12.0,12.0,12.0,12.0,12.0,0
2006-05-11,12.0,12.0,12.0,12.0,12.0,0
2006-05-12,12.0,12.0,12.0,12.0,12.0,0
2006-05-15,12.0,12.0,12.0,12.0,12.0,0
2006-05-16,12.0,12.0,12.0,12.0,12.0,0
2006-05-17,12.0,12.0,12.0,12.0,12.0,0
2006-05-18,12.0,12.0,12.0,12.0,12.0,0
2006-05-19,12.0,12.0,12.0,12.0,12.0,0
2006-05-22,12.0,12.0,12.0,12.0,12.0,0
2006-05-23,12.0,12.0,12.0,12.0,12.0,0
2006-05-24,12.0,12.0,12.0,12.0,12.0,0
2006-05-25,12.0,12.0,12.0,12.0,12.0,0
2006-05-26,12.0,12.0,12.0,12.0,12.0,0
2006-05-29,12.0,12.0,12.0,12.0,12.0,0
2006-05-30,12.0,12.0,12.0,12.0,12.0,0
2006-06-01,12.0,12.0,12.0,12.0,12.0,0
2006-06-02,12.0,12.0,12.0,12.0,12.0,0
2006-06-05,12.0,12.0,12.0,12.0,12.0,0
2006-06-06,12.0,12.0,12.0,12.0,12.0,0
2006-06-07,12.0,12.0,12.0,12.0,12.0,0
2006-06-08,12.0,12.0,12.0,12.0,12.0,0
2006-06-09,12.0,12.0,12.0,12.0,12.0,0
2006-06-12,12.0,12.0,12.0,12.0,12.0,0
2006-06-13,12.0,12.0,12.0,12.0,12.0,0
2006-06-14,12.0,12.0,12.0,12.0,12.0,0
2006-06-15,12.0,12.0,12.0,12.0,12.0,0
2006-06-16,12.0,12.0,12.0,12.0,12.0,0
2006-06-19,12.0,12.0,12.0,12.0,12.0,0
2006-06-20,12.0,12.0,12.0,12.0,12.0,0
2006-06-21,12.0,12.0,12.0,12.0,12.0,0
2006-06-22,12.0,12.0,12.0,12.0,12.0,0
2006-06-23,12.0,12.0,12.0,12.0,12.0,0
2006-06-26,12.0,12.0,12.0,12.0,12.0,0
2006-06-27,12.0,12.0,12.0,12.0,12.0,0
2006-06-28,12.0,12.0,12.0,12.0,12.0,0
2006-06-29,12.0,12.0,12.0,12.0,12.0,0
2006-06-30,12.0,12.0,12.0,12.0,12.0,0
2006-07-03,12.0,12.0,12.0,12.0,12.0,0
2006-07-04,12.0,12.0,12.0,12.0,12.0,0
2006-07-05,12.0,12.0,12.0,12.0,12.0,0
2006-07-06,12.0,12.0,12.0,12.0,12.0,0
2006-07-07,12.0,12.0,12.0,12.0,12.0,0
2006-07-10,12.0,12.0,12.0,12.0,12.0,0
2006-07-11,12.0,12.0,12.0,12.0,12.0,0
2006-07-12,12.0,12.0,12.0,12.0,12.0,0
2006-07-13,12.0,12.0,12.0,12.0,12.0,0
2006-07-14,12.0,12.0,12.0,12.0,12.0,0
2006-07-17,12.0,12.0,12.0,12.0,12.0,0
2006-07-18,12.0,12.0,12.0,12.0,12.0,0
2006-07-19,12.0,12.0,12.0,12.0,12.0,0
2006-07-20,12.0,12.0,12.0,12.0,12.0,0
2006-07-21,12.0,12.0,12.0,12.0,12.0,0
2006-07-24,12.0,12.0,12.0,12.0,12.0,0
2006-07-25,12.0,12.0,12.0,12.0,12.0,0
2006-07-26,12.0,12.0,12.0,12.0,12.0,0
2006-07-27,12.0,12.0,12.0,12.0,12.0,0
2006-07-28,12.0,12.0,12.0,12.0,12.0,0
2006-07-31,12.0,12.0,12.0,12.0,12.0,0
2006-08-01,12.0,12.0,12.0,12.0,12.0,0
2006-08-02,12.0,12.0,12.0,12.0,12.0,0
2006-08-03,12.0,12.0,12.0,12.0,12.0,0
2006-08-04,12.0,12.0,12.0,12.0,12.0,0
2006-08-07,12.0,12.0,12.0,12.0,12.0,0
2006-08-08,12.0,12.0,12.0,12.0,12.0,0
2006-08-09,12.0,12.0,12.0,12.0,12.0,0
2006-08-10,12.0,12.0,12.0,12.0,12.0,0
2006-08-11,12.0,12.0,12.0,12.0,12.0,0
2006-08-14,12.0,12.0,12.0,12.0,12.0,0
2006-08-15,12.0,12.0,12.0,12.0,12.0,0
2006-08-16,12.0,12.0,12.0,12.0,12.0,0
2006-08-17,12.0,12.0,12.0,12.0,12.0,0
2006-08-18,12.0,12.0,12.0,12.0,12.0,0
2006-08-21,12.0,12.0,12.0,12.0,12.0,0
2006-08-22,12.0,12.0,12.0,12.0,12.0,0
2006-08-23,12.0,12.0,12.0,12.0,12.0,0
2006-08-24,12.0,12.0,12.0,12.0,12.0,0
2006-08-25,12.0,12.0,12.0,12.0,12.0,0
2006-08-28,12.0,12.0,12.0,12.0,12.0,0
2006-08-29,12.0,12.0,12.0,12.0,12.0,0
2006-08-30,12.0,12.0,12.0,12.0,12.0,0
2006-08-31,12.0,12.0,12.0,12.0,12.0,0
2006-09-01,12.0,12.0,12.0,12.0,12.0,0
2006-09-04,12.0,12.0,12.0,12.0,12.0,0
2006-09-05,12.0,12.0,12.0,12.0,12.0,0
2006-09-06,12.0,12.0,12.0,12.0,12.0,0
2006-09-07,12.0,12.0,12.0,12.0,12.0,0
2006-09-08,12.0,12.0,12.0,12.0,12.0,0
2006-09-11,12.0,12.0,12.0,12.0,12.0,0
2006-09-12,12.0,12.0,12.0,12.0,12.0,0
2006-09-13,12.0,12.0,12.0,12.0,12.0,0
2006-09-14,12.0,12.0,12.0,12.0,12.0,0
2006-09-15,12.0,12.0,12.0,12.0,12.0,0
2006-09-18,12.0,12.0,12.0,12.0,12.0,0
2006-09-19,12.0,12.0,12.0,12.0,12.0,0
2006-09-20,12.0,12.0,12.0,12.0,12.0,0
2006-09-21,12.0,12.0,12.0,12.0,12.0,0
2006-09-22,12.0,12.0,12.0,12.0,12.0,0
2006-09-25,12.0,12.0,12.0,12.0,12.0,0
2006-09-26,12.0,12.0,12.0,12.0,12.0,0
2006-09-27,12.0,12.0,12.0,12.0,12.0,0
2006-09-28,12.0,12.0,12.0,12.0,12.0,0
2006-09-29,12.0,12.0,12.0,12.0,12.0,0
2006-10-03,12.0,12.0,12.0,12.0,12.0,0
2006-10-04,12.0,12.0,12.0,12.0,12.0,0
2006-10-05,12.0,12.0,12.0,12.0,12.0,0
2006-10-06,12.0,12.0,12.0,12.0,12.0,0
2006-10-09,12.0,12.0,12.0,12.0,12.0,0
2006-10-10,12.0,12.0,12.0,12.0,12.0,0
2006-10-11,12.0,12.0,12.0,12.0,12.0,0
2006-10-12,12.0,12.0,12.0,12.0,12.0,0
2006-10-13,12.0,12.0,12.0,12.0,12.0,0
2006-10-16,12.0,12.0,12.0,12.0,12.0,0
2006-10-17,12.0,12.0,12.0,12.0,12.0,0
2006-10-18,12.0,12.0,12.0,12.0,12.0,0
2006-10-19,12.0,12.0,12.0,12.0,12.0,0
2006-10-20,12.0,12.0,12.0,12.0,12.0,0
2006-10-23,12.0,12.0,12.0,12.0,12.0,0
2006-10-24,12.0,12.0,12.0,12.0,12.0,0
2006-10-25,12.0,12.0,12.0,12.0,12.0,0
2006-10-26,12.0,12.0,12.0,12.0,12.0,0
2006-10-27,12.0,12.0,12.0,12.0,12.0,0
2006-10-31,12.0,12.0,12.0,12.0,12.0,0
2006-11-01,12.0,12.0,12.0,12.0,12.0,0
2006-11-02,12.0,12.0,12.0,12.0,12.0,0
2006-11-03,12.0,12.0,12.0,12.0,12.0,0
2006-11-06,12.0,12.0,12.0,12.0,12.0,0
2006-11-07,12.0,12.0,12.0,12.0,12.0,0
2006-11-08,12.0,12.0,12.0,12.0,12.0,0
2006-11-09,12.0,12.0,12.0,12.0,12.0,0
2006-11-10,12.0,12.0,12.0,12.0,12.0,0
2006-11-13,12.0,12.0,12.0,12.0,12.0,0
2006-11-14,12.0,12.0,12.0,12.0,12.0,0
2006-11-15,12.0,12.0,12.0,12.0,12.0,0
2006-11-16,12.0,12.0,12.0,12.0,12.0,0
2006-11-17,12.0,12.0,12.0,12.0,12.0,0
2006-11-20,12.0,12.0,12.0,12.0,12.0,0
2006-11-21,12.0,12.0,12.0,12.0,12.0,0
2006-11-22,12.0,12.0,12.0,12.0,12.0,0
2006-11-23,12.0,12.0,12.0,12.0,12.0,0
2006-11-24,12.0,12.0,12.0,12.0,12.0,0
2006-11-27,12.0,12.0,12.0,12.0,12.0,0
2006-11-28,12.0,12.0,12.0,12.0,12.0,0
2006-11-29,12.0,12.0,12.0,12.0,12.0,0
2006-11-30,12.0,12.0,12.0,12.0,12.0,0
2006-12-01,12.0,12.0,12.0,12.0,12.0,0
2006-12-04,12.0,12.0,12.0,12.0,12.0,0
2006-12-05,12.0,12.0,12.0,12.0,12.0,0
2006-12-06,12.0,12.0,12.0,12.0,12.0,0
2006-12-07,12.0,12.0,12.0,12.0,12.0,0
2006-12-08,12.0,12.0,12.0,12.0,12.0,0
2006-12-11,12.0,12.0,12.0,12.0,12.0,0
2006-12-12,12.0,12.0,12.0,12.0,12.0,0
2006-12-13,12.0,12.0,12.0,12.0,12.0,0
2006-12-14,12.0,12.0,12.0,12.0,12.0,0
2006-12-15,12.0,12.0,12.0,12.0,12.0,0
2006-12-18,12.0,12.0,12.0,12.0,12.0,0
2006-12-19,12.0,12.0,12.0,12.0,12.0,0
2006-12-20,12.0,12.0,12.0,12.0,12.0,0
2006-12-21,12.0,12.0,12.0,12.0,12.0,0
2006-12-22,12.0,12.0,12.0,12.0,12.0,0
2006-12-27,12.0,12.0,12.0,12.0,12.0,0
2006-12-28,12.0,12.0,12.0,12.0,12.0,0
2006-12-29,12.0,12.0,12.0,12.0,12.0,0
2007-01-02,12.0,12.0,12.0,12.0,12.0,0
2007-01-03,12.0,12.0,12.0,12.0,12.0,0
2007-01-04,12.0,12.0,12.0,12.0,12.0,0
2007-01-05,12.0,12.0,12.0,12.0,12.0,0
2007-01-08,12.0,12.0,12.0,12.0,12.0,0
2007-01-09,12.0,12.0,12.0,12.0,12.0,0
2007-01-10,12.0,12.0,12.0,12.0,12.0,0
2007-01-11,12.0,12.0,12.0,12.0,12.0,0
2007-01-12,12.0,12.0,12.0,12.0,12.0,0
2007-01-15,12.0,12.0,12.0,12.0,12.0,0
2007-01-16,12.0,12.0,12.0,12.0,12.0,0
2007-01-17,12.0,12.0,12.0,12.0,12.0,0
2007-01-18,12.0,12.0,12.0,12.0,12.0,0
2007-01-19,12.0,12.0,12.0,12.0,12.0,0
2007-01-22,12.0,12.0,12.0,12.0,12.0,0
2007-01-23,12.0,12.0,12.0,12.0,12.0,0
2007-01-24,12.0,12.0,12.0,12.0,12.0,0
2007-01-25,12.0,12.0,12.0,12.0,12.0,0
2007-01-26,12.0,12.0,12.0,12.0,12.0,0
2007-01-29,12.0,12.0,12.0,12.0,12.0,0
2007-01-30,12.0,12.0,12.0,12.0,12.0,0
2007-01-31,12.0,12.0,12.0,12.0,12.0,0
2007-02-01,12.0,12.0,12.0,12.0,12.0,0
2007-02-02,12.0,12.0,12.0,12.0,12.0,0
2007-02-05,12.0,12.0,12.0,12.0,12.0,0
2007-02-06,12.0,12.0,12.0,12.0,12.0,0
2007-02-07,12.0,12.0,12.0,12.0,12.0,0
2007-02-08,12.0,12.0,12.0,12.0,12.0,0
2007-02-09,12.0,12.0,12.0,12.0,12.0,0
2007-02-12,12.0,12.0,12.0,12.0,12.0,0
2007-02-13,12.0,12.0,12.0,12.0,12.0,0
2007-02-14,12.0,12.0,12.0,12.0,12.0,0
2007-02-15,12.0,12.0,12.0,12.0,12.0,0
2007-02-16,12.0,12.0,12.0,12.0,12.0,0
2007-02-21,12.0,12.0,12.0,12.0,12.0,0
2007-02-22,12.0,12.0,12.0,12.0,12.0,0
2007-02-23,12.0,12.0,12.0,12.0,12.0,0
2007-02-26,12.0,12.0,12.0,12.0,12.0,0
2007-02-27,12.0,12.0,12.0,12.0,12.0,0
2007-02-28,12.0,12.0,12.0,12.0,12.0,0
2007-03-01,12.0,12.0,12.0,12.0,12.0,0
2007-03-02,12.0,12.0,12.0,12.0,12.0,0
2007-03-05,12.0,12.0,12.0,12.0,12.0,0
2007-03-06,12.0,12.0,12.0,12.0,12.0,0
2007-03-07,12.0,12.0,12.0,12.0,12.0,0
2007-03-08,12.0,12.0,12.0,12.0,12.0,0
2007-03-09,12.5,97.5,12.0,56.25,56.25,2317
2007-03-12,61.25,65.0,56.25,59.75,59.75,117
2007-03-13,60.0,60.0,59.75,60.0,60.0,20
2007-03-14,60.0,60.0,57.5,57.5,57.5,9
2007-03-15,59.0,59.0,59.0,59.0,59.0,0
2007-03-16,60.5,63.5,60.0,60.0,60.0,7
2007-03-19,60.25,61.25,57.5,58.75,58.75,17
2007-03-20,56.25,60.75,53.75,53.75,53.75,10
2007-03-21,57.5,62.5,49.5,56.25,56.25,30
2007-03-22,55.75,57.5,55.75,55.75,55.75,1
2007-03-23,58.25,58.25,58.25,58.25,58.25,0
2007-03-26,58.75,58.75,57.5,58.5,58.5,1
2007-03-27,58.0,58.0,50.0,50.0,50.0,7
2007-03-28,50.0,50.0,50.0,50.0,50.0,0
2007-03-29,53.75,53.75,52.5,52.5,52.5,0
2007-03-30,52.5,52.5,52.5,52.5,52.5,0
2007-04-02,61.25,97.5,61.25,93.75,93.75,4
2007-04-03,100.0,107.5,100.0,104.75,104.75,4
2007-04-04,104.75,104.75,104.75,104.75,104.75,0
2007-04-10,82.5,103.75,62.5,95.0,95.0,214
2007-04-11,99.75,100.0,80.0,86.0,86.0,45
2007-04-12,85.0,85.0,80.0,82.25,82.25,8
2007-04-13,82.25,87.25,80.5,86.25,86.25,2
2007-04-16,87.5,100.0,87.5,100.0,100.0,3
2007-04-17,100.0,106.0,100.0,106.0,106.0,3
2007-04-18,102.5,137.5,102.5,137.0,137.0,16
2007-04-19,142.0,155.0,136.25,147.5,147.5,24
2007-04-20,155.0,180.75,155.0,172.5,172.5,29
2007-04-23,176.25,195.75,173.0,181.5,181.5,17
2007-04-24,186.5,186.5,150.0,164.0,164.0,24
2007-04-25,167.5,172.25,157.5,172.25,172.25,7
2007-04-26,172.25,172.25,155.0,155.0,155.0,4
2007-04-27,159.0,162.5,157.5,162.5,162.5,10
2007-04-30,162.5,162.5,152.5,157.5,157.5,7
2007-05-02,162.5,162.5,155.0,162.5,162.5,5
2007-05-03,158.75,162.5,157.5,162.5,162.5,6
2007-05-04,162.5,167.0,162.5,167.0,167.0,1
2007-05-07,155.0,157.5,155.0,157.5,157.5,11
2007-05-08,157.5,163.5,157.5,158.75,158.75,27
2007-05-09,158.75,163.25,158.0,163.25,163.25,4
2007-05-10,165.75,190.0,165.75,190.0,190.0,3
2007-05-11,190.0,235.0,190.0,215.0,215.0,14
2007-05-14,212.5,235.0,212.5,232.25,232.25,5
2007-05-15,235.0,237.25,225.75,237.0,237.0,8
2007-05-16,240.0,240.0,230.0,235.0,235.0,7
2007-05-17,240.0,250.0,231.5,245.0,245.0,11
2007-05-18,245.0,245.0,232.5,235.0,235.0,3
2007-05-21,250.0,250.0,234.0,236.5,236.5,9
2007-05-22,235.0,236.25,230.0,232.5,232.5,18
2007-05-23,232.5,232.5,227.5,232.5,232.5,4
2007-05-25,232.5,232.5,222.75,230.0,230.0,13
2007-05-28,230.0,230.0,230.0,230.0,230.0,0
2007-05-29,230.0,230.0,230.0,230.0,230.0,0
2007-05-30,230.0,230.0,230.0,230.0,230.0,0
2007-05-31,230.0,230.0,230.0,230.0,230.0,0
2007-06-01,230.0,230.0,230.0,230.0,230.0,0
2007-06-04,230.0,230.0,230.0,230.0,230.0,0
2007-06-05,230.0,230.0,230.0,230.0,230.0,0
2007-06-06,230.0,230.0,230.0,230.0,230.0,0
2007-06-07,230.0,230.0,230.0,230.0,230.0,0
2007-06-08,230.0,230.0,230.0,230.0,230.0,0
2007-06-11,22.25,24.75,22.25,23.0,23.0,152
2007-06-12,22.5,23.0,21.0,22.25,22.25,255200
2007-06-13,23.25,23.25,20.5,20.75,20.75,184400
2007-06-14,20.75,21.75,20.0,21.75,21.75,162800
2007-06-15,21.25,22.5,20.75,21.25,21.25,130400
2007-06-18,21.5,22.25,18.75,18.75,18.75,40400
2007-06-20,18.5,22.5,18.5,20.25,20.25,238000
2007-06-21,19.5,21.0,18.25,20.0,20.0,57600
2007-06-22,20.25,20.25,20.25,20.25,20.25,24800
2007-06-25,20.0,21.25,18.75,20.25,20.25,171600
2007-06-26,20.25,21.75,20.25,21.25,21.25,42800
2007-06-27,22.25,22.25,19.75,22.25,22.25,85200
2007-06-28,22.5,33.0,22.5,29.5,29.5,336800
2007-06-29,29.5,33.25,25.0,33.25,33.25,88000
2007-07-03,33.5,38.25,33.5,34.5,34.5,156800
2007-07-04,37.0,37.0,35.0,36.75,36.75,66400
2007-07-05,36.75,36.75,34.5,34.5,34.5,27200
2007-07-06,36.25,40.0,36.25,37.5,37.5,73200
2007-07-09,37.5,42.0,37.5,42.0,42.0,229200
2007-07-10,44.5,57.25,43.75,55.0,55.0,220200
2007-07-11,55.0,55.0,55.0,55.0,55.0,0
2007-07-12,58.0,80.0,58.0,76.25,76.25,304400
2007-07-13,75.0,75.0,70.25,73.0,73.0,37200
2007-07-16,75.0,82.5,75.0,76.5,76.5,42800
2007-07-17,77.0,77.5,67.25,75.0,75.0,68000
2007-07-18,70.0,75.0,70.0,74.75,74.75,51200
2007-07-19,72.5,75.0,71.25,72.0,72.0,62400
2007-07-20,71.75,71.75,67.0,69.75,69.75,68400
2007-07-23,68.75,68.75,57.75,68.5,68.5,170000
2007-07-24,73.25,73.25,70.5,72.25,72.25,55200
2007-07-25,75.25,77.5,72.5,75.0,75.0,141120
2007-07-26,75.0,77.0,72.25,76.5,76.5,60000
2007-07-27,72.5,75.0,70.0,74.75,74.75,43600
2007-07-30,74.75,75.0,72.5,72.5,72.5,14800
2007-07-31,72.5,72.5,71.25,72.0,72.0,20000
2007-08-01,70.0,74.75,67.5,74.25,74.25,36800
2007-08-02,76.25,76.25,69.75,75.5,75.5,48000
2007-08-03,71.0,75.0,69.75,75.0,75.0,97600
2007-08-06,71.75,73.75,71.5,71.75,71.75,3600
2007-08-07,72.0,72.25,65.0,65.0,65.0,24000
2007-08-08,73.75,73.75,66.25,69.0,69.0,12
2007-08-09,67.5,72.0,67.5,71.25,71.25,6800
2007-08-10,71.5,71.75,67.5,68.0,68.0,3200
2007-08-13,68.75,71.25,66.25,66.25,66.25,4400
2007-08-14,70.0,70.0,66.25,67.5,67.5,8400
2007-08-15,70.0,70.0,62.5,67.5,67.5,12400
2007-08-16,62.5,65.0,52.5,62.5,62.5,55600
2007-08-17,59.5,60.0,50.0,57.5,57.5,62400
2007-08-20,62.5,69.75,58.75,63.75,63.75,14000
2007-08-21,64.5,70.0,57.5,64.5,64.5,40800
2007-08-22,63.5,63.5,57.5,57.5,57.5,13
2007-08-23,61.25,61.25,57.5,57.5,57.5,3200
2007-08-24,57.5,57.5,52.5,52.75,52.75,15200
2007-08-27,57.25,57.5,52.5,57.0,57.0,6400
2007-08-28,53.0,56.0,52.75,53.0,53.0,6800
2007-08-29,51.0,53.75,48.75,53.0,53.0,17200
2007-08-30,53.75,53.75,49.5,51.75,51.75,14400
2007-08-31,53.75,55.0,47.75,55.0,55.0,62400
2007-09-03,57.5,57.5,49.5,49.5,49.5,12000
2007-09-04,50.0,50.0,50.0,50.0,50.0,7200
2007-09-05,47.0,50.0,45.25,50.0,50.0,11600
2007-09-06,46.25,46.25,45.0,45.0,45.0,17200
2007-09-07,48.75,48.75,48.75,48.75,48.75,4400
2007-09-10,46.25,46.25,46.25,46.25,46.25,0
2007-09-11,47.75,47.75,42.75,42.75,42.75,6000
2007-09-12,47.5,47.5,45.0,45.0,45.0,4000
2007-09-13,48.5,48.5,42.5,42.5,42.5,4400
2007-09-14,46.25,46.25,40.25,40.25,40.25,11200
2007-09-17,46.25,46.25,38.0,38.0,38.0,19600
2007-09-18,37.5,42.0,37.25,40.0,40.0,21200
2007-09-19,39.0,40.0,38.75,38.75,38.75,8
2007-09-20,37.75,41.25,36.25,41.25,41.25,11200
2007-09-21,41.25,42.25,34.5,42.25,42.25,49200
2007-09-24,41.25,41.25,37.5,38.5,38.5,16
2007-09-25,37.5,40.25,32.5,37.5,37.5,100
2007-09-27,33.0,35.0,30.0,35.0,35.0,34000
2007-09-28,37.5,37.5,35.0,36.5,36.5,11200
2007-10-02,37.0,42.5,37.0,40.0,40.0,33600
2007-10-03,37.25,42.0,37.25,41.25,41.25,17600
2007-10-04,42.0,42.0,41.25,41.25,41.25,10800
2007-10-05,46.25,46.25,41.25,44.5,44.5,14400
2007-10-08,45.0,48.75,45.0,47.5,47.5,30400
2007-10-09,47.0,47.0,46.25,46.75,46.75,13600
2007-10-10,47.0,48.75,46.25,47.75,47.75,119
2007-10-11,48.75,51.75,47.5,50.25,50.25,25600
2007-10-12,50.0,51.25,48.75,50.0,50.0,52000
2007-10-15,51.25,51.5,50.0,50.0,50.0,52000
2007-10-16,48.75,48.75,48.75,48.75,48.75,28800
2007-10-17,43.25,49.0,42.5,46.25,46.25,16000
2007-10-18,43.5,43.75,42.5,42.5,42.5,7200
2007-10-22,43.75,45.0,42.5,45.0,45.0,6000
2007-10-23,48.0,48.0,41.25,44.75,44.75,27600
2007-10-24,46.0,46.0,40.75,41.5,41.5,27600
2007-10-25,41.25,41.25,40.25,41.0,41.0,30800
2007-10-26,41.25,42.75,41.25,42.5,42.5,24000
2007-10-29,41.75,42.25,40.75,41.0,41.0,19600
2007-10-30,41.25,43.75,40.0,40.5,40.5,13200
2007-10-31,40.5,40.5,40.5,40.5,40.5,0
2007-11-01,41.25,43.75,32.75,43.75,43.75,73600
2007-11-02,42.5,44.5,41.75,43.25,43.25,113600
2007-11-05,43.75,46.75,40.0,43.25,43.25,223600
2007-11-06,46.0,47.75,44.5,47.25,47.25,224800
2007-11-07,47.5,48.75,43.5,48.75,48.75,178000
2007-11-08,47.5,47.5,42.75,46.25,46.25,112800
2007-11-09,46.25,46.25,42.5,43.75,43.75,165200
2007-11-12,42.5,44.25,40.75,43.0,43.0,58000
2007-11-13,43.5,44.25,42.5,44.25,44.25,65200
2007-11-14,43.75,44.0,42.5,43.75,43.75,55600
2007-11-15,43.75,44.25,43.0,44.25,44.25,70800
2007-11-16,43.0,44.25,43.0,44.25,44.25,83200
2007-11-19,43.75,44.75,43.25,44.75,44.75,56000
2007-11-20,42.75,44.0,42.75,44.0,44.0,54400
2007-11-21,44.0,44.0,42.25,43.25,43.25,59600
2007-11-22,41.25,42.5,41.0,41.0,41.0,22400
2007-11-23,42.25,43.75,42.25,43.75,43.75,34200
2007-11-26,46.0,46.0,44.75,45.0,45.0,9200
2007-11-27,44.75,45.0,41.75,42.5,42.5,100000
2007-11-28,44.75,44.75,40.0,40.5,40.5,76000
2007-11-29,43.25,44.0,41.75,41.75,41.75,109600
2007-11-30,42.0,44.75,42.0,44.0,44.0,122400
2007-12-03,42.25,43.5,41.5,43.0,43.0,124400
2007-12-04,42.5,43.5,41.75,42.5,42.5,96800
2007-12-05,39.5,42.75,39.5,42.75,42.75,105200
2007-12-06,42.75,43.75,42.75,43.0,43.0,127600
2007-12-07,42.5,44.5,42.5,43.25,43.25,127600
2007-12-10,43.75,43.75,42.5,42.75,42.75,104000
2007-12-11,44.25,44.25,42.0,42.5,42.5,130400
2007-12-12,43.25,43.5,42.0,42.0,42.0,70400
2007-12-13,43.25,43.25,42.0,42.75,42.75,131600
2007-12-14,43.0,43.0,40.75,42.75,42.75,109600
2007-12-17,40.0,43.25,40.0,42.75,42.75,236400
2007-12-18,42.5,42.5,41.25,41.25,41.25,99243
2007-12-19,42.75,43.0,42.5,43.0,43.0,83200
2007-12-20,42.5,47.0,42.5,45.0,45.0,170600
2007-12-21,44.75,44.75,43.25,44.0,44.0,120400
2007-12-24,45.25,45.25,42.25,44.0,44.0,85600
2007-12-27,44.5,44.5,43.25,44.0,44.0,148400
2007-12-28,43.75,45.0,42.0,45.0,45.0,154400
2007-12-31,44.75,45.25,43.0,44.25,44.25,98000
2008-01-02,45.0,45.75,44.75,45.0,45.0,80800
2008-01-03,44.5,45.0,42.5,44.5,44.5,116400
2008-01-04,44.0,44.0,42.25,43.5,43.5,104000
2008-01-07,44.5,44.75,42.25,44.75,44.75,75200
2008-01-08,44.75,44.75,43.25,44.5,44.5,80000
2008-01-09,43.75,44.75,43.75,44.5,44.5,78800
2008-01-10,43.0,44.75,42.25,42.5,42.5,90000
2008-01-11,43.75,44.5,42.0,43.75,43.75,106000
2008-01-14,44.75,45.0,43.5,43.5,43.5,80000
2008-01-15,44.25,44.25,42.5,43.25,43.25,84800
2008-01-16,42.5,45.0,42.0,42.0,42.0,88800
2008-01-17,42.5,44.5,42.5,42.5,42.5,186000
2008-01-18,43.5,44.25,42.5,42.5,42.5,85600
2008-01-21,43.5,43.5,42.0,42.5,42.5,68400
2008-01-22,42.5,43.0,40.0,42.5,42.5,39600
2008-01-23,43.25,43.25,41.75,41.75,41.75,50000
2008-01-24,41.75,43.0,41.75,41.75,41.75,52000
2008-01-25,43.0,43.0,42.5,43.0,43.0,36800
2008-01-28,43.0,43.0,41.25,41.25,41.25,76800
2008-01-29,43.0,45.0,42.5,42.75,42.75,161200
2008-01-30,43.5,43.5,42.5,43.0,43.0,40400
2008-01-31,43.25,43.5,40.5,42.5,42.5,214000
2008-02-01,42.75,42.75,40.25,42.25,42.25,88000
2008-02-04,42.5,43.25,42.5,43.25,43.25,96400
2008-02-05,42.5,42.75,42.25,42.25,42.25,34000
2008-02-06,42.0,42.75,42.0,42.75,42.75,28000
2008-02-11,42.75,42.75,42.75,42.75,42.75,0
2008-02-12,42.75,42.75,42.75,42.75,42.75,0
2008-02-13,42.75,42.75,42.75,42.75,42.75,0
2008-02-14,42.75,42.75,42.75,42.75,42.75,0
2008-02-15,42.75,42.75,42.75,42.75,42.75,0
2008-02-18,49.0,77.5,48.75,63.5,63.5,90800
2008-02-19,63.5,67.0,59.0,66.0,66.0,89239
2008-02-20,63.0,66.25,63.0,66.25,66.25,17600
2008-02-21,65.0,66.5,63.25,66.5,66.5,59200
2008-02-22,66.0,72.0,64.5,72.0,72.0,60600
2008-02-25,72.5,73.0,70.0,72.5,72.5,33600
2008-02-26,72.25,72.25,71.5,71.75,71.75,24400
2008-02-27,71.25,71.75,69.25,69.25,69.25,84000
2008-02-28,69.5,71.5,68.5,70.0,70.0,51600
2008-02-29,70.0,70.0,68.75,69.75,69.75,41200
2008-03-03,69.75,70.5,68.75,69.5,69.5,74000
2008-03-04,69.5,70.0,68.25,69.5,69.5,20400
2008-03-05,69.5,70.0,66.75,67.5,67.5,56000
2008-03-06,68.0,70.75,68.0,68.5,68.5,88400
2008-03-07,70.0,70.25,67.5,67.5,67.5,38400
2008-03-10,68.75,68.75,65.0,66.5,66.5,49200
2008-03-11,66.5,66.75,63.0,64.0,64.0,45200
2008-03-12,65.0,65.0,63.75,63.75,63.75,42400
2008-03-13,64.25,65.0,62.5,63.75,63.75,57600
2008-03-14,63.25,64.25,62.5,63.25,63.25,51600
2008-03-17,61.25,62.75,60.0,60.0,60.0,18000
2008-03-18,61.25,61.25,55.75,57.25,57.25,6400
2008-03-19,62.0,62.0,58.5,59.75,59.75,110400
2008-03-20,57.5,58.5,57.5,57.75,57.75,92400
2008-03-25,53.75,58.5,53.5,53.5,53.5,78000
2008-03-26,58.25,58.25,56.25,56.25,56.25,40400
2008-03-27,56.25,58.0,55.75,56.5,56.5,54000
2008-03-28,60.0,60.0,54.75,55.5,55.5,51200
2008-03-31,57.25,57.25,55.25,55.25,55.25,9600
2008-04-01,57.0,57.5,54.25,54.25,54.25,9800
2008-04-02,56.25,57.0,52.5,52.5,52.5,11200
2008-04-03,53.0,53.0,46.0,50.0,50.0,18000
2008-04-07,50.0,50.0,47.5,47.5,47.5,15600
2008-04-08,47.5,47.5,45.5,46.5,46.5,3600
2008-04-09,47.5,47.5,47.25,47.5,47.5,1600
2008-04-10,48.25,49.5,48.25,49.5,49.5,6800
2008-04-11,50.0,52.5,50.0,52.5,52.5,4800
2008-04-14,50.0,50.0,48.5,48.5,48.5,4000
2008-04-15,49.0,49.5,48.75,49.25,49.25,10400
2008-04-16,49.5,50.0,49.5,50.0,50.0,7600
2008-04-17,48.75,49.5,48.75,49.5,49.5,5200
2008-04-18,49.5,50.0,49.25,49.5,49.5,4400
2008-04-21,47.5,48.75,47.5,48.75,48.75,3600
2008-04-22,47.5,49.0,47.25,48.75,48.75,2400
2008-04-23,47.5,47.5,47.25,47.25,47.25,1200
2008-04-24,50.0,51.25,47.5,47.5,47.5,5200
2008-04-25,47.0,47.0,46.5,46.75,46.75,2000
2008-04-28,48.25,49.0,48.25,48.5,48.5,4000
2008-04-29,48.5,48.5,46.5,47.5,47.5,9600
2008-04-30,46.25,47.5,42.5,45.0,45.0,11200
2008-05-02,45.0,45.5,42.75,44.75,44.75,7200
2008-05-05,45.0,45.5,45.0,45.5,45.5,3200
2008-05-06,45.75,46.25,45.75,46.25,46.25,4000
2008-05-07,46.25,46.25,45.25,45.25,45.25,2800
2008-05-08,46.25,47.25,45.75,45.75,45.75,3600
2008-05-09,45.5,45.5,44.75,44.75,44.75,2000
2008-05-13,45.0,45.5,44.25,44.25,44.25,3600
2008-05-14,45.5,45.5,45.0,45.0,45.0,1200
2008-05-15,45.5,45.5,44.5,45.0,45.0,7600
2008-05-16,45.0,45.5,45.0,45.0,45.0,28000
2008-05-19,45.5,45.5,45.0,45.0,45.0,4800
2008-05-20,44.75,45.0,44.75,44.75,44.75,8400
2008-05-21,45.25,45.25,44.5,44.5,44.5,3600
2008-05-22,45.0,45.0,44.5,44.5,44.5,1200
2008-05-23,44.75,44.75,44.5,44.5,44.5,5600
2008-05-26,44.75,45.5,44.5,45.5,45.5,6000
2008-05-27,45.5,47.25,45.5,47.25,47.25,10800
2008-05-28,46.75,48.0,46.5,48.0,48.0,16000
2008-05-29,48.25,48.25,48.0,48.0,48.0,4000
2008-05-30,48.0,48.25,47.5,48.0,48.0,8400
2008-06-02,48.25,55.0,47.5,50.5,50.5,123600
2008-06-03,50.75,64.5,50.75,54.75,54.75,112000
2008-06-04,55.25,61.25,55.0,57.5,57.5,73600
2008-06-05,57.5,64.75,57.5,63.0,63.0,2252000
2008-06-06,66.25,85.0,66.25,70.75,70.75,4240000
2008-06-10,66.0,73.25,66.0,72.5,72.5,824000
2008-06-11,72.5,73.75,71.25,71.25,71.25,404000
2008-06-12,70.0,70.0,65.0,69.5,69.5,672000
2008-06-13,72.0,72.0,64.75,64.75,64.75,576000
2008-06-16,65.0,65.0,55.0,57.25,57.25,1304000
2008-06-17,59.5,59.5,50.5,57.0,57.0,876000
2008-06-18,58.75,65.0,58.75,62.5,62.5,680000
2008-06-19,64.5,65.5,61.25,62.5,62.5,576000
2008-06-20,64.5,64.5,61.25,64.25,64.25,288000
2008-06-23,60.0,66.25,60.0,64.25,64.25,672000
2008-06-24,64.5,64.5,56.0,60.5,60.5,824000
2008-06-25,62.5,62.5,61.25,61.25,61.25,64000
2008-06-26,60.75,62.5,58.25,58.25,58.25,313600
2008-06-27,58.25,58.25,53.25,54.25,54.25,211200
2008-06-30,56.0,56.0,53.75,55.5,55.5,96000
2008-07-02,55.75,56.0,53.5,55.0,55.0,76800
2008-07-03,52.5,53.5,51.75,52.0,52.0,83200
2008-07-04,55.0,56.25,55.0,55.0,55.0,6800
2008-07-07,56.25,60.0,55.0,57.5,57.5,102400
2008-07-08,59.5,61.25,54.0,57.5,57.5,185600
2008-07-09,60.0,60.75,58.5,60.75,60.75,185600
2008-07-10,60.0,60.0,57.5,59.5,59.5,76800
2008-07-11,61.25,61.25,56.75,57.5,57.5,300800
2008-07-14,54.0,58.75,49.0,54.75,54.75,556000
2008-07-15,52.5,52.5,50.75,52.5,52.5,281600
2008-07-16,50.75,52.0,48.75,50.0,50.0,536000
2008-07-17,50.0,53.75,49.0,50.25,50.25,468000
2008-07-18,50.0,51.75,48.75,51.75,51.75,73600
2008-07-21,51.75,51.75,51.75,51.75,51.75,0
2008-07-22,51.75,51.75,51.75,51.75,51.75,0
2008-07-23,51.75,51.75,51.75,51.75,51.75,0
2008-07-24,51.75,51.75,51.75,51.75,51.75,0
2008-07-25,51.75,51.75,51.75,51.75,51.75,0
2008-07-28,51.75,51.75,51.75,51.75,51.75,0
2008-07-29,51.75,51.75,51.75,51.75,51.75,0
2008-07-30,51.75,51.75,51.75,51.75,51.75,0
2008-07-31,51.75,51.75,51.75,51.75,51.75,0
2008-08-01,51.75,51.75,51.75,51.75,51.75,0
2008-08-04,52.0,56.0,52.0,54.0,54.0,11900
2008-08-05,52.0,54.0,49.5,50.0,50.0,92200
2008-08-06,50.0,50.0,50.0,50.0,50.0,0
2008-08-07,52.0,54.0,50.0,54.0,54.0,124400
2008-08-08,55.0,59.0,53.0,58.0,58.0,374500
2008-08-11,59.0,63.0,58.0,63.0,63.0,287400
2008-08-12,64.0,68.0,63.0,68.0,68.0,125000
2008-08-13,68.0,73.0,64.0,73.0,73.0,303600
2008-08-14,75.0,80.0,69.0,79.0,79.0,486900
2008-08-15,79.0,86.0,79.0,85.0,85.0,731800
2008-08-18,86.0,89.0,82.0,87.0,87.0,370200
2008-08-19,87.0,87.0,82.0,85.0,85.0,198000
2008-08-20,82.0,86.0,73.0,83.0,83.0,165000
2008-08-21,79.0,85.0,78.0,83.0,83.0,548000
2008-08-22,83.0,83.0,83.0,83.0,83.0,0
2008-08-25,84.0,84.0,78.0,81.0,81.0,220900
2008-08-26,81.0,82.0,79.0,81.0,81.0,132500
2008-08-27,82.0,82.0,78.0,81.0,81.0,189300
2008-08-28,81.0,82.0,78.0,82.0,82.0,155700
2008-08-29,83.0,83.0,78.0,81.0,81.0,170600
2008-09-01,81.0,90.0,80.0,83.0,83.0,224200
2008-09-02,84.0,86.0,81.0,83.0,83.0,353000
2008-09-03,84.0,84.0,74.0,77.0,77.0,217700
2008-09-04,80.0,80.0,77.0,78.0,78.0,193100
2008-09-05,77.0,80.0,76.0,78.0,78.0,136800
2008-09-08,80.0,81.0,76.0,79.0,79.0,64500
2008-09-09,80.0,80.0,77.0,78.0,78.0,94900
2008-09-10,78.0,79.0,77.0,78.0,78.0,283700
2008-09-11,78.0,78.0,73.0,77.0,77.0,239100
2008-09-12,77.0,77.0,75.0,76.0,76.0,67400
2008-09-16,72.0,77.0,70.0,70.0,70.0,240600
2008-09-17,70.0,76.0,67.0,70.0,70.0,27200
2008-09-18,70.0,70.0,50.0,70.0,70.0,199600
2008-09-19,70.0,73.0,65.0,71.0,71.0,153200
2008-09-22,70.0,71.0,65.0,70.0,70.0,81100
2008-09-23,70.0,70.0,55.0,60.0,60.0,71100
2008-09-24,64.0,68.0,51.0,59.0,59.0,236000
2008-09-25,62.0,63.0,55.0,60.0,60.0,241600
2008-09-26,60.0,61.0,24.0,36.5,36.5,1157700
2008-09-29,40.0,43.0,35.0,36.5,36.5,211100
2008-09-30,35.0,35.0,28.0,33.0,33.0,46900
2008-10-02,33.0,33.0,26.0,26.5,26.5,62100
2008-10-03,26.0,26.0,23.5,24.0,24.0,30600
2008-10-06,28.0,29.0,24.5,27.0,27.0,25300
2008-10-08,26.0,28.0,25.0,25.0,25.0,27600
2008-10-09,28.0,28.0,24.0,27.0,27.0,60600
2008-10-10,25.0,25.0,18.0,18.600000381469727,18.600000381469727,65400
2008-10-13,19.5,35.0,17.899999618530273,30.5,30.5,227600
2008-10-14,30.5,33.5,29.5,31.5,31.5,131400
2008-10-15,31.0,31.0,25.5,30.0,30.0,140400
2008-10-16,28.5,28.5,24.0,26.0,26.0,93700
2008-10-17,25.5,27.0,24.0,24.899999618530273,24.899999618530273,62200
2008-10-20,25.0,25.0,21.600000381469727,23.0,23.0,22400
2008-10-21,21.100000381469727,23.200000762939453,20.0,22.700000762939453,22.700000762939453,75700
2008-10-22,23.200000762939453,23.299999237060547,19.100000381469727,19.899999618530273,19.899999618530273,7700
2008-10-23,19.0,21.0,19.0,20.0,20.0,81400
2008-10-24,20.0,21.0,18.0,19.799999237060547,19.799999237060547,18700
2008-10-27,17.5,17.5,14.300000190734863,16.5,16.5,7700
2008-10-28,14.899999618530273,16.5,14.199999809265137,16.200000762939453,16.200000762939453,25100
2008-10-29,16.200000762939453,19.899999618530273,16.200000762939453,17.899999618530273,17.899999618530273,8100
2008-10-30,21.0,21.0,17.899999618530273,18.799999237060547,18.799999237060547,14800
2008-10-31,19.899999618530273,19.899999618530273,17.0,18.299999237060547,18.299999237060547,27200
2008-11-03,18.5,18.899999618530273,16.899999618530273,17.700000762939453,17.700000762939453,21300
2008-11-04,17.5,17.5,16.5,17.5,17.5,9100
2008-11-05,19.799999237060547,19.799999237060547,17.0,18.0,18.0,24200
2008-11-06,17.5,18.0,17.5,18.0,18.0,7500
2008-11-07,18.0,18.5,18.0,18.5,18.5,7200
2008-11-10,18.5,18.899999618530273,17.5,17.5,17.5,12500
2008-11-11,17.5,18.700000762939453,17.5,18.700000762939453,18.700000762939453,38400
2008-11-12,18.700000762939453,18.700000762939453,17.899999618530273,18.399999618530273,18.399999618530273,33800
2008-11-13,18.0,18.399999618530273,17.0,18.399999618530273,18.399999618530273,33300
2008-11-14,16.100000381469727,18.399999618530273,16.100000381469727,18.0,18.0,19800
2008-11-17,18.0,19.0,18.0,18.799999237060547,18.799999237060547,11400
2008-11-18,17.799999237060547,17.799999237060547,18.0,18.0,18.0,8800
2008-11-19,18.0,18.5,17.799999237060547,18.5,18.5,4900
2008-11-20,17.0,17.0,17.0,17.0,17.0,1200
2008-11-21,18.0,18.700000762939453,17.5,18.0,18.0,5900
2008-11-24,17.600000381469727,18.200000762939453,17.600000381469727,18.0,18.0,7600
2008-11-25,18.0,18.0,18.0,18.0,18.0,0
2008-11-26,18.0,18.5,18.0,18.299999237060547,18.299999237060547,9000
2008-11-27,18.700000762939453,19.0,16.200000762939453,18.0,18.0,54100
2008-11-28,18.0,18.600000381469727,18.0,18.600000381469727,18.600000381469727,112800
2008-12-01,18.899999618530273,18.899999618530273,18.5,18.899999618530273,18.899999618530273,11000
2008-12-02,18.0,18.0,18.0,18.0,18.0,300
2008-12-03,18.200000762939453,19.0,18.200000762939453,19.0,19.0,10800
2008-12-04,18.0,19.399999618530273,17.200000762939453,17.200000762939453,17.200000762939453,59650
2008-12-05,18.0,19.399999618530273,17.600000381469727,18.799999237060547,18.799999237060547,12100
2008-12-08,18.0,19.0,17.799999237060547,18.799999237060547,18.799999237060547,413300
2008-12-09,18.899999618530273,19.399999618530273,18.799999237060547,19.100000381469727,19.100000381469727,224700
2008-12-10,18.0,19.899999618530273,18.0,19.200000762939453,19.200000762939453,427700
2008-12-11,18.799999237060547,31.0,18.799999237060547,30.0,30.0,127600
2008-12-12,31.5,39.5,31.0,32.5,32.5,241800
2008-12-15,34.5,37.5,33.0,35.0,35.0,87900
2008-12-16,37.0,37.0,31.5,33.5,33.5,32200
2008-12-17,34.0,36.5,30.5,33.0,33.0,63600
2008-12-18,33.5,37.0,33.5,36.0,36.0,55900
2008-12-19,36.0,37.0,33.5,34.5,34.5,84000
2008-12-22,35.0,36.0,27.0,33.5,33.5,107600
2008-12-23,28.0,35.0,28.0,35.0,35.0,41400
2008-12-24,35.0,36.5,33.5,36.5,36.5,26300
2008-12-29,35.0,37.0,32.0,34.5,34.5,188100
2008-12-30,35.0,36.5,35.0,36.5,36.5,57900
2008-12-31,37.0,42.5,37.0,42.0,42.0,63800
2009-01-02,37.0,46.0,37.0,45.5,45.5,70600
2009-01-05,48.0,49.0,42.5,43.0,43.0,48000
2009-01-06,42.5,47.5,40.0,46.0,46.0,64100
2009-01-07,49.0,49.0,43.5,46.0,46.0,110000
2009-01-08,46.5,46.5,41.5,46.0,46.0,128000
2009-01-09,47.5,47.5,45.0,46.0,46.0,29300
2009-01-12,46.0,46.5,41.0,43.5,43.5,92900
2009-01-13,43.5,43.5,39.0,41.5,41.5,94200
2009-01-14,42.0,42.5,41.0,41.5,41.5,59400
2009-01-15,38.5,42.0,36.0,40.0,40.0,17300
2009-01-16,38.0,39.5,35.5,39.5,39.5,77000
2009-01-19,40.0,42.0,40.0,41.0,41.0,61600
2009-01-20,41.5,41.5,40.0,40.5,40.5,16800
2009-01-21,41.5,48.0,41.5,45.0,45.0,206000
2009-01-22,45.0,51.0,43.0,44.0,44.0,43694
2009-01-23,44.0,44.0,42.0,42.0,42.0,10200
2009-01-29,45.5,46.0,44.0,44.0,44.0,10600
2009-01-30,42.0,43.0,42.0,43.0,43.0,11700
2009-02-02,44.0,44.0,42.5,43.0,43.0,38500
2009-02-03,42.5,43.5,42.0,42.0,42.0,15900
2009-02-04,43.0,43.5,41.5,43.0,43.0,9200
2009-02-05,43.0,44.5,43.0,43.0,43.0,11800
2009-02-06,44.0,44.0,41.5,43.5,43.5,13000
2009-02-09,42.5,42.5,41.0,41.5,41.5,11900
2009-02-10,41.0,41.0,38.0,40.5,40.5,65900
2009-02-11,40.0,40.0,38.5,40.0,40.0,4400
2009-02-12,40.0,40.0,31.0,34.0,34.0,180300
2009-02-13,34.0,36.5,32.5,33.5,33.5,25400
2009-02-16,34.0,34.5,33.0,33.5,33.5,12900
2009-02-17,34.0,34.5,32.0,33.5,33.5,13600
2009-02-18,34.0,34.0,32.0,33.0,33.0,6700
2009-02-19,33.5,33.5,32.0,33.0,33.0,32800
2009-02-20,33.0,33.0,31.0,32.5,32.5,18100
2009-02-23,32.5,33.5,32.0,33.5,33.5,15100
2009-02-24,33.0,33.0,32.0,32.0,32.0,10900
2009-02-25,32.0,32.5,31.5,32.0,32.0,14200
2009-02-26,31.5,31.5,29.0,30.5,30.5,36100
2009-02-27,32.5,45.5,31.0,43.0,43.0,146200
2009-03-02,42.0,55.0,42.0,52.0,52.0,304119
2009-03-03,53.0,58.0,49.0,49.0,49.0,344300
2009-03-04,50.0,52.0,48.0,51.0,51.0,241700
2009-03-05,52.0,52.0,49.0,51.0,51.0,63500
2009-03-06,50.0,50.0,47.5,48.0,48.0,41500
2009-03-09,50.0,56.0,47.5,49.0,49.0,103700
2009-03-10,49.0,49.0,40.0,41.0,41.0,179100
2009-03-11,41.0,48.0,38.5,39.5,39.5,200300
2009-03-12,38.5,44.5,37.0,43.0,43.0,91600
2009-03-13,44.5,44.5,41.5,42.0,42.0,68800
2009-03-16,41.0,43.5,37.5,37.5,37.5,147500
2009-03-17,38.5,39.5,35.0,36.0,36.0,187200
2009-03-18,36.0,36.0,33.0,36.0,36.0,212700
2009-03-19,36.0,39.0,35.0,36.5,36.5,170200
2009-03-20,37.0,37.0,34.0,35.0,35.0,94000
2009-03-23,33.0,34.5,30.0,33.0,33.0,224200
2009-03-24,32.5,32.5,29.5,31.0,31.0,267900
2009-03-25,31.5,34.0,31.0,32.5,32.5,119400
2009-03-26,30.0,34.0,30.0,31.5,31.5,92578
2009-03-27,32.0,33.0,32.0,33.0,33.0,59600
2009-03-30,33.5,37.0,32.5,34.5,34.5,91500
2009-03-31,34.5,34.5,32.5,33.0,33.0,16200
2009-04-01,34.5,34.5,32.0,32.0,32.0,72700
2009-04-02,33.0,33.5,31.5,31.5,31.5,94997
2009-04-03,31.5,33.5,31.0,32.5,32.5,97800
2009-04-06,32.5,33.0,32.5,32.5,32.5,34100
2009-04-07,32.0,33.0,32.0,32.0,32.0,52600
2009-04-08,32.0,32.0,31.5,32.0,32.0,17300
2009-04-09,31.5,31.5,30.5,31.0,31.0,63600
2009-04-14,30.5,31.0,30.5,30.5,30.5,39800
2009-04-15,30.5,30.5,28.5,29.0,29.0,113297
2009-04-16,29.0,29.0,27.0,28.0,28.0,152200
2009-04-17,28.5,31.5,28.0,28.5,28.5,206500
2009-04-20,29.5,29.5,28.5,29.0,29.0,121400
2009-04-21,29.0,29.0,27.0,27.5,27.5,92500
2009-04-22,27.5,28.0,26.0,26.0,26.0,85400
2009-04-23,26.0,26.0,23.0,25.5,25.5,225300
2009-04-24,25.0,25.5,23.899999618530273,24.100000381469727,24.100000381469727,76200
2009-04-27,23.0,24.0,22.299999237060547,23.600000381469727,23.600000381469727,125300
2009-04-28,25.0,25.0,22.100000381469727,23.100000381469727,23.100000381469727,43500
2009-04-29,23.299999237060547,24.299999237060547,23.299999237060547,23.600000381469727,23.600000381469727,31800
2009-04-30,25.0,25.0,23.299999237060547,24.399999618530273,24.399999618530273,104000
2009-05-04,24.600000381469727,24.700000762939453,23.799999237060547,24.0,24.0,44600
2009-05-05,24.100000381469727,24.799999237060547,24.0,24.700000762939453,24.700000762939453,57100
2009-05-06,24.700000762939453,31.5,24.0,31.0,31.0,390900
2009-05-07,31.5,35.5,27.0,29.0,29.0,422400
2009-05-08,28.5,29.5,28.0,28.5,28.5,74300
2009-05-11,33.0,33.0,26.5,26.5,26.5,73100
2009-05-12,27.5,28.0,26.5,27.0,27.0,32400
2009-05-13,27.0,28.0,27.0,27.5,27.5,74800
2009-05-14,26.0,27.0,24.899999618530273,25.5,25.5,72700
2009-05-15,26.0,26.0,25.5,26.0,26.0,70300
2009-05-18,25.0,27.5,25.0,27.0,27.0,74800
2009-05-19,27.0,27.5,25.5,25.5,25.5,70400
2009-05-20,25.5,32.0,25.5,29.5,29.5,545400
2009-05-21,30.5,32.0,28.5,28.5,28.5,208600
2009-05-22,28.0,29.0,26.0,27.0,27.0,107500
2009-05-25,28.0,28.0,26.5,26.5,26.5,51900
2009-05-26,27.0,28.5,27.0,28.0,28.0,91000
2009-05-27,29.5,30.5,28.5,28.5,28.5,212800
2009-05-29,28.5,29.5,26.5,29.0,29.0,192480
2009-06-01,29.0,29.5,27.0,28.5,28.5,124700
2009-06-02,28.0,28.5,27.0,27.5,27.5,131400
2009-06-03,28.0,31.0,27.0,30.0,30.0,634600
2009-06-04,30.0,36.5,30.0,35.0,35.0,1322100
2009-06-05,36.5,39.0,33.5,34.5,34.5,1169700
2009-06-08,35.0,35.5,32.5,33.5,33.5,225500
2009-06-09,33.5,34.5,30.0,32.0,32.0,216700
2009-06-10,32.5,33.5,29.0,30.5,30.5,337000
2009-06-11,31.0,33.0,30.5,32.0,32.0,222000
2009-06-12,32.5,32.5,30.0,30.5,30.5,103100
2009-06-15,30.5,31.0,28.5,29.0,29.0,122600
2009-06-16,28.5,29.5,27.0,28.0,28.0,78700
2009-06-17,27.0,28.5,26.5,28.5,28.5,71200
2009-06-18,28.0,28.0,26.5,28.0,28.0,120300
2009-06-19,28.0,31.0,28.0,30.5,30.5,139400
2009-06-22,30.0,30.0,28.0,28.5,28.5,61200
2009-06-23,28.5,28.5,26.5,26.5,26.5,100900
2009-06-24,27.0,28.0,26.5,27.5,27.5,48300
2009-06-25,27.5,28.0,26.5,26.5,26.5,63900
2009-06-26,26.0,27.0,25.5,26.5,26.5,51600
2009-06-29,27.0,27.0,26.5,26.5,26.5,43300
2009-06-30,27.0,28.0,25.5,27.0,27.0,93900
2009-07-02,27.0,27.0,25.5,26.5,26.5,49100
2009-07-03,26.0,25.5,25.5,26.5,26.5,38900
2009-07-06,26.0,26.0,25.5,26.0,26.0,34200
2009-07-07,26.0,26.5,25.5,25.5,25.5,16700
2009-07-08,25.0,25.5,24.899999618530273,24.899999618530273,24.899999618530273,56600
2009-07-09,25.5,25.5,24.299999237060547,25.0,25.0,38400
2009-07-10,25.5,26.5,25.0,26.5,26.5,41100
2009-07-13,26.0,26.0,25.0,25.0,25.0,17600
2009-07-14,25.0,25.5,24.600000381469727,24.899999618530273,24.899999618530273,24300
2009-07-15,24.700000762939453,25.5,24.700000762939453,25.0,25.0,48800
2009-07-16,25.5,25.5,24.700000762939453,24.799999237060547,24.799999237060547,33700
2009-07-17,24.799999237060547,25.5,24.799999237060547,25.0,25.0,72600
2009-07-20,25.5,25.5,24.700000762939453,24.700000762939453,24.700000762939453,55200
2009-07-21,24.799999237060547,24.899999618530273,24.200000762939453,24.299999237060547,24.299999237060547,69900
2009-07-22,24.700000762939453,26.0,24.0,25.5,25.5,115000
2009-07-23,26.0,26.0,24.899999618530273,25.0,25.0,51000
2009-07-24,25.5,25.5,24.600000381469727,25.5,25.5,62000
2009-07-27,25.5,27.0,25.5,26.5,26.5,112900
2009-07-28,26.5,26.5,25.0,25.5,25.5,64500
2009-07-29,25.5,25.5,24.0,24.299999237060547,24.299999237060547,111300
2009-07-30,24.299999237060547,24.700000762939453,24.200000762939453,24.700000762939453,24.700000762939453,33100
2009-07-31,24.799999237060547,24.5,25.0,25.0,25.0,18100
2009-08-03,24.700000762939453,24.799999237060547,24.100000381469727,24.5,24.5,33400
2009-08-04,25.0,25.5,24.5,24.5,24.5,45000
2009-08-05,25.0,25.0,24.200000762939453,24.200000762939453,24.200000762939453,13400
2009-08-06,24.100000381469727,24.200000762939453,23.700000762939453,23.700000762939453,23.700000762939453,42200
2009-08-07,24.700000762939453,24.799999237060547,23.799999237060547,24.700000762939453,24.700000762939453,7300
2009-08-10,24.299999237060547,24.700000762939453,24.100000381469727,24.200000762939453,24.200000762939453,20400
2009-08-11,24.200000762939453,26.0,24.0,25.0,25.0,86200
2009-08-12,24.5,24.5,24.0,24.0,24.0,48600
2009-08-13,24.0,24.5,23.899999618530273,24.0,24.0,35300
2009-08-14,23.5,24.0,22.5,23.0,23.0,68600
2009-08-17,23.0,23.600000381469727,22.200000762939453,23.600000381469727,23.600000381469727,14000
2009-08-18,23.5,23.5,21.5,22.5,22.5,12600
2009-08-19,22.5,23.0,21.0,21.399999618530273,21.399999618530273,16300
2009-08-20,21.899999618530273,21.899999618530273,20.399999618530273,21.299999237060547,21.299999237060547,55700
2009-08-21,22.0,22.0,20.5,20.899999618530273,20.899999618530273,13200
2009-08-24,20.899999618530273,21.0,20.5,21.0,21.0,11100
2009-08-25,20.100000381469727,21.399999618530273,20.100000381469727,21.399999618530273,21.399999618530273,12400
2009-08-26,21.399999618530273,21.899999618530273,21.0,21.200000762939453,21.200000762939453,13300
2009-08-27,21.399999618530273,24.200000762939453,21.399999618530273,22.600000381469727,22.600000381469727,98600
2009-08-28,23.600000381469727,24.5,23.299999237060547,23.5,23.5,123100
2009-08-31,22.0,22.799999237060547,22.0,22.100000381469727,22.100000381469727,3500
2009-09-01,21.0,24.5,21.0,24.0,24.0,33440
2009-09-02,23.0,23.600000381469727,22.0,22.899999618530273,22.899999618530273,7500
2009-09-03,22.899999618530273,22.899999618530273,20.5,21.5,21.5,47000
2009-09-04,21.100000381469727,21.5,20.5,21.5,21.5,45900
2009-09-07,22.799999237060547,22.799999237060547,20.100000381469727,21.200000762939453,21.200000762939453,68100
2009-09-08,20.5,20.799999237060547,20.5,20.799999237060547,20.799999237060547,13300
2009-09-09,20.799999237060547,21.0,20.0,20.0,20.0,73400
2009-09-10,19.700000762939453,19.700000762939453,19.100000381469727,19.5,19.5,79100
2009-09-11,19.5,19.5,18.5,18.700000762939453,18.700000762939453,62100
2009-09-14,17.899999618530273,18.600000381469727,17.899999618530273,18.100000381469727,18.100000381469727,23400
2009-09-15,18.299999237060547,18.899999618530273,18.299999237060547,18.899999618530273,18.899999618530273,1000
2009-09-16,18.700000762939453,18.700000762939453,17.600000381469727,17.600000381469727,17.600000381469727,44500
2009-09-17,18.100000381469727,19.5,18.0,18.5,18.5,53900
2009-09-18,18.799999237060547,18.799999237060547,18.0,18.5,18.5,8400
2009-09-21,18.5,18.5,17.799999237060547,18.399999618530273,18.399999618530273,5000
2009-09-22,17.799999237060547,18.0,17.399999618530273,17.399999618530273,17.399999618530273,17600
2009-09-23,17.100000381469727,17.600000381469727,16.600000381469727,17.200000762939453,17.200000762939453,19000
2009-09-24,17.0,17.299999237060547,16.799999237060547,17.299999237060547,17.299999237060547,1300
2009-09-25,16.700000762939453,16.700000762939453,16.700000762939453,16.700000762939453,16.700000762939453,3000
2009-09-28,16.299999237060547,16.5,16.200000762939453,16.5,16.5,4500
2009-09-29,16.299999237060547,17.5,16.100000381469727,16.799999237060547,16.799999237060547,8200
2009-09-30,17.799999237060547,17.899999618530273,16.799999237060547,17.299999237060547,17.299999237060547,11600
2009-10-02,17.899999618530273,17.899999618530273,17.299999237060547,17.799999237060547,17.799999237060547,14700
2009-10-05,17.799999237060547,17.799999237060547,17.0,17.799999237060547,17.799999237060547,2600
2009-10-06,16.899999618530273,17.5,16.899999618530273,17.5,17.5,6100
2009-10-07,17.0,17.5,17.0,17.200000762939453,17.200000762939453,5700
2009-10-08,17.5,17.5,17.200000762939453,17.200000762939453,17.200000762939453,300
2009-10-09,17.0,17.0,16.5,16.600000381469727,16.600000381469727,3900
2009-10-12,16.600000381469727,16.899999618530273,16.399999618530273,16.899999618530273,16.899999618530273,24800
2009-10-13,16.899999618530273,16.899999618530273,16.299999237060547,16.600000381469727,16.600000381469727,4300
2009-10-14,16.799999237060547,16.700000762939453,17.399999618530273,17.5,17.5,23700
2009-10-15,16.100000381469727,17.100000381469727,16.100000381469727,17.0,17.0,4200
2009-10-16,16.0,17.0,16.0,16.5,16.5,8200
2009-10-19,15.399999618530273,16.799999237060547,15.399999618530273,16.799999237060547,16.799999237060547,16210
2009-10-20,16.799999237060547,16.799999237060547,16.799999237060547,16.799999237060547,16.799999237060547,100
2009-10-21,16.0,16.600000381469727,16.0,16.600000381469727,16.600000381469727,200
2009-10-22,16.299999237060547,18.899999618530273,16.299999237060547,18.700000762939453,18.700000762939453,27600
2009-10-23,16.799999237060547,18.700000762939453,16.799999237060547,17.700000762939453,17.700000762939453,19400
2009-10-27,17.600000381469727,17.700000762939453,17.0,17.399999618530273,17.399999618530273,7200
2009-10-28,16.899999618530273,17.299999237060547,16.899999618530273,17.299999237060547,17.299999237060547,6300
2009-10-29,16.600000381469727,17.200000762939453,16.5,16.5,16.5,4300
2009-10-30,16.899999618530273,16.899999618530273,15.5,16.100000381469727,16.100000381469727,9300
2009-11-02,16.5,16.899999618530273,16.5,16.600000381469727,16.600000381469727,10400
2009-11-03,17.5,17.5,16.799999237060547,16.899999618530273,16.899999618530273,2400
2009-11-04,16.899999618530273,17.299999237060547,16.0,17.299999237060547,17.299999237060547,14300
2009-11-05,16.200000762939453,17.100000381469727,16.200000762939453,17.100000381469727,17.100000381469727,3700
2009-11-06,17.700000762939453,17.700000762939453,16.799999237060547,16.899999618530273,16.899999618530273,11200
2009-11-09,17.0,17.0,17.600000381469727,17.799999237060547,17.799999237060547,39419
2009-11-10,17.200000762939453,18.299999237060547,17.200000762939453,18.200000762939453,18.200000762939453,23100
2009-11-11,17.5,18.5,17.5,17.799999237060547,17.799999237060547,33200
2009-11-12,17.799999237060547,18.299999237060547,16.399999618530273,16.5,16.5,92000
2009-11-13,18.0,18.0,17.0,17.100000381469727,17.100000381469727,40600
2009-11-16,17.799999237060547,17.399999618530273,17.600000381469727,17.799999237060547,17.799999237060547,21800
2009-11-17,17.5,17.5,16.799999237060547,17.200000762939453,17.200000762939453,20900
2009-11-18,17.0,17.5,16.799999237060547,16.899999618530273,16.899999618530273,6700
2009-11-19,16.899999618530273,17.0,16.5,17.0,17.0,42800
2009-11-20,16.700000762939453,17.299999237060547,16.700000762939453,17.200000762939453,17.200000762939453,8500
2009-11-23,16.700000762939453,17.5,16.700000762939453,17.299999237060547,17.299999237060547,22400
2009-11-24,17.5,17.899999618530273,17.0,17.0,17.0,28400
2009-11-25,17.700000762939453,17.700000762939453,17.0,17.0,17.0,9600
2009-11-26,16.600000381469727,17.0,16.600000381469727,17.0,17.0,11200
2009-11-27,16.200000762939453,16.799999237060547,15.699999809265137,16.600000381469727,16.600000381469727,17300
2009-11-30,16.0,16.600000381469727,16.0,16.100000381469727,16.100000381469727,5900
2009-12-01,15.699999809265137,16.600000381469727,15.699999809265137,16.5,16.5,11200
2009-12-02,16.5,16.600000381469727,15.800000190734863,16.100000381469727,16.100000381469727,24000
2009-12-03,16.100000381469727,16.200000762939453,16.100000381469727,16.100000381469727,16.100000381469727,4500
2009-12-04,15.800000190734863,16.0,14.100000381469727,15.699999809265137,15.699999809265137,20300
2009-12-07,15.0,15.5,14.0,15.0,15.0,43700
2009-12-08,14.399999618530273,15.0,14.399999618530273,15.0,15.0,11500
2009-12-09,15.0,15.0,15.0,15.0,15.0,0
2009-12-10,15.0,15.0,15.0,15.0,15.0,0
2009-12-11,16.0,18.100000381469727,15.0,17.100000381469727,17.100000381469727,161905
2009-12-14,16.799999237060547,16.799999237060547,15.300000190734863,16.200000762939453,16.200000762939453,49001
2009-12-15,15.800000190734863,16.5,15.399999618530273,16.299999237060547,16.299999237060547,31910
2009-12-16,16.0,16.100000381469727,15.699999809265137,15.800000190734863,15.800000190734863,15200
2009-12-17,16.200000762939453,16.200000762939453,15.300000190734863,15.300000190734863,15.300000190734863,29305
2009-12-18,15.100000381469727,15.100000381469727,14.300000190734863,14.5,14.5,10705
2009-12-21,15.0,15.199999809265137,14.699999809265137,15.100000381469727,15.100000381469727,9405
2009-12-22,15.800000190734863,15.800000190734863,14.300000190734863,15.0,15.0,21708
2009-12-23,15.199999809265137,15.199999809265137,14.699999809265137,15.0,15.0,28631
2009-12-24,14.899999618530273,15.199999809265137,14.800000190734863,15.100000381469727,15.100000381469727,10131
2009-12-28,15.100000381469727,15.300000190734863,15.0,15.100000381469727,15.100000381469727,35210
2009-12-29,15.100000381469727,15.399999618530273,15.0,15.399999618530273,15.399999618530273,55910
2009-12-30,13.0,14.300000190734863,13.0,13.5,13.5,43810
2009-12-31,13.399999618530273,14.0,13.399999618530273,13.600000381469727,13.600000381469727,23500
2010-01-04,13.5,13.899999618530273,13.5,13.899999618530273,13.899999618530273,25700
2010-01-05,13.800000190734863,13.800000190734863,13.199999809265137,13.300000190734863,13.300000190734863,46700
2010-01-06,13.5,13.800000190734863,13.5,13.800000190734863,13.800000190734863,9900
2010-01-07,13.699999809265137,13.699999809265137,13.300000190734863,13.5,13.5,21800
2010-01-08,13.5,13.899999618530273,13.399999618530273,13.600000381469727,13.600000381469727,20920
2010-01-11,13.600000381469727,13.800000190734863,13.199999809265137,13.5,13.5,17720
2010-01-12,13.300000190734863,13.699999809265137,12.899999618530273,13.399999618530273,13.399999618530273,59900
2010-01-13,13.100000381469727,13.199999809265137,12.800000190734863,12.800000190734863,12.800000190734863,47900
2010-01-14,13.100000381469727,13.199999809265137,12.899999618530273,13.199999809265137,13.199999809265137,41800
2010-01-15,13.0,12.899999618530273,13.100000381469727,13.300000190734863,13.300000190734863,32800
2010-01-18,12.699999809265137,13.300000190734863,12.600000381469727,13.100000381469727,13.100000381469727,17300
2010-01-19,13.0,13.0,13.0,13.0,13.0,3300
2010-01-20,13.0,13.399999618530273,12.199999809265137,12.899999618530273,12.899999618530273,22240
2010-01-21,13.0,12.800000190734863,13.100000381469727,13.199999809265137,13.199999809265137,24100
2010-01-22,13.0,15.800000190734863,12.5,15.699999809265137,15.699999809265137,162800
2010-01-25,15.199999809265137,16.5,15.0,16.0,16.0,190000
2010-01-26,16.5,19.299999237060547,15.5,16.0,16.0,449400
2010-01-27,16.0,16.0,14.5,15.0,15.0,38700
2010-01-28,15.0,16.399999618530273,15.0,15.800000190734863,15.800000190734863,68500
2010-01-29,16.0,18.200000762939453,16.0,17.899999618530273,17.899999618530273,157500
2010-02-01,17.399999618530273,17.600000381469727,15.699999809265137,16.799999237060547,16.799999237060547,97070
2010-02-02,16.399999618530273,16.399999618530273,15.600000381469727,16.0,16.0,91634
2010-02-03,15.399999618530273,15.800000190734863,14.899999618530273,15.600000381469727,15.600000381469727,92750
2010-02-04,15.399999618530273,16.0,15.0,15.100000381469727,15.100000381469727,25759
2010-02-05,15.0,15.899999618530273,15.0,15.600000381469727,15.600000381469727,66442
2010-02-08,15.699999809265137,16.0,15.199999809265137,16.0,16.0,76605
2010-02-09,15.399999618530273,15.899999618530273,15.0,15.5,15.5,29536
2010-02-10,15.5,15.300000190734863,15.899999618530273,15.899999618530273,15.899999618530273,22791
2010-02-11,15.800000190734863,16.600000381469727,15.699999809265137,16.399999618530273,16.399999618530273,51482
2010-02-12,16.399999618530273,16.5,16.100000381469727,16.399999618530273,16.399999618530273,11962
2010-02-17,16.399999618530273,16.399999618530273,16.399999618530273,16.399999618530273,16.399999618530273,0
2010-02-18,16.399999618530273,16.399999618530273,16.399999618530273,16.399999618530273,16.399999618530273,0
2010-02-19,16.0,16.0,15.600000381469727,15.800000190734863,15.800000190734863,7982
2010-02-22,15.899999618530273,15.899999618530273,15.100000381469727,15.800000190734863,15.800000190734863,49700
2010-02-23,15.800000190734863,16.0,15.600000381469727,16.0,16.0,33320
2010-02-24,15.300000190734863,15.199999809265137,15.699999809265137,15.899999618530273,15.899999618530273,41220
2010-02-25,15.600000381469727,15.600000381469727,15.699999809265137,16.100000381469727,16.100000381469727,60500
2010-02-26,15.899999618530273,16.299999237060547,15.800000190734863,16.0,16.0,39980
2010-03-01,15.300000190734863,16.0,15.300000190734863,15.5,15.5,29500
2010-03-02,15.5,16.100000381469727,15.5,16.100000381469727,16.100000381469727,56674
2010-03-03,15.800000190734863,15.699999809265137,16.200000762939453,16.200000762939453,16.200000762939453,25085
2010-03-04,15.5,15.800000190734863,15.5,15.800000190734863,15.800000190734863,15445
2010-03-05,15.699999809265137,15.800000190734863,15.600000381469727,15.800000190734863,15.800000190734863,13487
2010-03-08,15.699999809265137,15.5,15.5,16.0,16.0,45000
2010-03-09,15.399999618530273,15.600000381469727,15.0,15.100000381469727,15.100000381469727,44771
2010-03-10,15.399999618530273,15.399999618530273,15.300000190734863,15.399999618530273,15.399999618530273,12100
2010-03-11,15.5,15.899999618530273,15.399999618530273,15.600000381469727,15.600000381469727,51500
2010-03-12,15.699999809265137,15.699999809265137,15.0,15.199999809265137,15.199999809265137,55160
2010-03-15,15.100000381469727,15.399999618530273,14.800000190734863,14.899999618530273,14.899999618530273,51670
2010-03-16,15.100000381469727,15.100000381469727,14.0,14.199999809265137,14.199999809265137,76500
2010-03-17,14.300000190734863,14.300000190734863,13.600000381469727,13.699999809265137,13.699999809265137,57900
2010-03-18,13.699999809265137,14.199999809265137,13.600000381469727,14.0,14.0,30620
2010-03-19,14.0,14.0,13.5,14.0,14.0,46400
2010-03-22,13.699999809265137,13.899999618530273,13.300000190734863,13.800000190734863,13.800000190734863,19020
2010-03-23,14.0,14.199999809265137,13.600000381469727,14.199999809265137,14.199999809265137,14275
2010-03-24,14.399999618530273,14.399999618530273,13.800000190734863,14.0,14.0,15390
2010-03-25,13.800000190734863,14.0,13.699999809265137,13.899999618530273,13.899999618530273,18900
2010-03-26,14.0,13.600000381469727,13.899999618530273,14.100000381469727,14.100000381469727,7100
2010-03-29,14.0,14.300000190734863,13.600000381469727,14.300000190734863,14.300000190734863,21400
2010-03-30,14.300000190734863,14.300000190734863,13.899999618530273,13.899999618530273,13.899999618530273,820
2010-03-31,13.899999618530273,13.899999618530273,13.5,13.699999809265137,13.699999809265137,3700
2010-04-01,13.699999809265137,14.100000381469727,13.600000381469727,13.800000190734863,13.800000190734863,4460
2010-04-07,13.699999809265137,14.0,13.5,14.0,14.0,16103
2010-04-08,13.800000190734863,13.899999618530273,13.800000190734863,13.899999618530273,13.899999618530273,3300
2010-04-09,14.100000381469727,14.600000381469727,14.100000381469727,14.600000381469727,14.600000381469727,41180
2010-04-12,14.600000381469727,14.300000190734863,14.800000190734863,14.899999618530273,14.899999618530273,12800
2010-04-13,14.5,14.5,14.5,14.5,14.5,12500
2010-04-14,14.5,14.5,14.300000190734863,14.5,14.5,17700
2010-04-15,14.699999809265137,15.399999618530273,14.699999809265137,14.800000190734863,14.800000190734863,52520
2010-04-16,14.800000190734863,15.199999809265137,14.5,15.199999809265137,15.199999809265137,40100
2010-04-19,15.199999809265137,15.199999809265137,14.5,14.699999809265137,14.699999809265137,26600
2010-04-20,14.699999809265137,14.699999809265137,14.199999809265137,14.699999809265137,14.699999809265137,7000
2010-04-21,14.100000381469727,14.5,14.100000381469727,14.399999618530273,14.399999618530273,6200
2010-04-22,14.800000190734863,15.399999618530273,14.600000381469727,14.899999618530273,14.899999618530273,43760
2010-04-23,15.199999809265137,15.199999809265137,14.600000381469727,14.800000190734863,14.800000190734863,11121
2010-04-26,15.399999618530273,15.399999618530273,14.800000190734863,14.800000190734863,14.800000190734863,5100
2010-04-27,15.0,15.0,14.899999618530273,14.899999618530273,14.899999618530273,1300
2010-04-28,14.899999618530273,14.899999618530273,14.300000190734863,14.899999618530273,14.899999618530273,17005
2010-04-29,14.899999618530273,15.0,14.699999809265137,14.800000190734863,14.800000190734863,33000
2010-04-30,15.399999618530273,15.399999618530273,14.600000381469727,15.399999618530273,15.399999618530273,61380
2010-05-03,14.600000381469727,15.199999809265137,14.600000381469727,14.899999618530273,14.899999618530273,13000
2010-05-04,14.899999618530273,14.899999618530273,14.5,14.600000381469727,14.600000381469727,31305
2010-05-05,14.5,14.600000381469727,14.300000190734863,14.5,14.5,41340
2010-05-06,14.5,15.399999618530273,13.600000381469727,14.899999618530273,14.899999618530273,69703
2010-05-07,14.100000381469727,15.199999809265137,14.100000381469727,14.600000381469727,14.600000381469727,43580
2010-05-10,15.399999618530273,15.699999809265137,15.0,15.5,15.5,53600
2010-05-11,15.5,15.5,14.899999618530273,15.0,15.0,7200
2010-05-12,14.800000190734863,14.800000190734863,14.5,14.600000381469727,14.600000381469727,9180
2010-05-13,14.5,14.899999618530273,14.5,14.5,14.5,5900
2010-05-14,14.100000381469727,15.399999618530273,14.100000381469727,15.300000190734863,15.300000190734863,11100
2010-05-17,14.5,15.300000190734863,14.5,14.699999809265137,14.699999809265137,19800
2010-05-18,14.5,15.300000190734863,14.5,14.899999618530273,14.899999618530273,51700
2010-05-19,15.300000190734863,15.399999618530273,15.0,15.100000381469727,15.100000381469727,32431
2010-05-20,15.300000190734863,15.5,14.600000381469727,14.800000190734863,14.800000190734863,68206
2010-05-24,14.600000381469727,16.5,14.600000381469727,16.200000762939453,16.200000762939453,106841
2010-05-25,15.699999809265137,18.5,15.600000381469727,17.700000762939453,17.700000762939453,255371
2010-05-26,17.5,18.299999237060547,16.700000762939453,17.200000762939453,17.200000762939453,46320
2010-05-27,16.299999237060547,18.0,16.299999237060547,17.100000381469727,17.100000381469727,81500
2010-05-28,17.399999618530273,22.0,16.700000762939453,16.799999237060547,16.799999237060547,296225
2010-05-31,17.0,17.799999237060547,16.600000381469727,16.799999237060547,16.799999237060547,42720
2010-06-01,16.799999237060547,17.799999237060547,16.700000762939453,17.200000762939453,17.200000762939453,29900
2010-06-02,17.5,18.5,17.100000381469727,18.299999237060547,18.299999237060547,48201
2010-06-03,18.0,18.799999237060547,17.5,18.399999618530273,18.399999618530273,15000
2010-06-04,18.5,19.700000762939453,18.5,19.700000762939453,19.700000762939453,23600
2010-06-07,18.799999237060547,21.899999618530273,18.299999237060547,20.0,20.0,102403
2010-06-08,19.600000381469727,21.600000381469727,19.100000381469727,20.600000381469727,20.600000381469727,131680
2010-06-09,20.0,21.399999618530273,19.700000762939453,20.399999618530273,20.399999618530273,149420
2010-06-10,20.100000381469727,21.299999237060547,20.0,20.299999237060547,20.299999237060547,90520
2010-06-11,20.299999237060547,20.299999237060547,20.299999237060547,20.299999237060547,20.299999237060547,0
2010-06-14,20.299999237060547,20.299999237060547,20.299999237060547,20.299999237060547,20.299999237060547,0
2010-06-15,20.299999237060547,20.299999237060547,20.299999237060547,20.299999237060547,20.299999237060547,0
2010-06-17,20.299999237060547,20.299999237060547,20.299999237060547,20.299999237060547,20.299999237060547,0
2010-06-18,20.299999237060547,20.299999237060547,20.299999237060547,20.299999237060547,20.299999237060547,0
2010-06-21,20.299999237060547,20.299999237060547,20.299999237060547,20.299999237060547,20.299999237060547,0
2010-06-22,20.299999237060547,20.299999237060547,20.299999237060547,20.299999237060547,20.299999237060547,0
2010-06-23,20.299999237060547,20.299999237060547,20.299999237060547,20.299999237060547,20.299999237060547,0
2010-06-24,20.299999237060547,20.299999237060547,20.299999237060547,20.299999237060547,20.299999237060547,0
2010-06-25,20.299999237060547,20.299999237060547,20.299999237060547,20.299999237060547,20.299999237060547,0
2010-06-28,20.299999237060547,20.299999237060547,20.299999237060547,20.299999237060547,20.299999237060547,0
2010-06-29,20.299999237060547,20.299999237060547,20.299999237060547,20.299999237060547,20.299999237060547,0
2010-06-30,20.299999237060547,20.299999237060547,20.299999237060547,20.299999237060547,20.299999237060547,0
2010-07-02,20.299999237060547,20.299999237060547,20.299999237060547,20.299999237060547,20.299999237060547,0
2010-07-05,20.299999237060547,20.299999237060547,20.299999237060547,20.299999237060547,20.299999237060547,0
2010-07-06,20.299999237060547,20.299999237060547,20.299999237060547,20.299999237060547,20.299999237060547,0
2010-07-07,20.299999237060547,20.299999237060547,20.299999237060547,20.299999237060547,20.299999237060547,0
2010-07-08,20.299999237060547,20.299999237060547,20.299999237060547,20.299999237060547,20.299999237060547,0
2010-07-09,20.299999237060547,20.299999237060547,20.299999237060547,20.299999237060547,20.299999237060547,0
2010-07-12,20.299999237060547,20.299999237060547,20.299999237060547,20.299999237060547,20.299999237060547,0
2010-07-13,20.299999237060547,20.299999237060547,20.299999237060547,20.299999237060547,20.299999237060547,0
2010-07-14,20.299999237060547,20.299999237060547,20.299999237060547,20.299999237060547,20.299999237060547,0
2010-07-15,21.5,41.0,21.5,40.0,40.0,2903851
2010-07-16,38.5,48.0,37.0,39.0,39.0,3187328
2010-07-19,36.5,44.5,36.5,41.0,41.0,1131341
2010-07-20,39.5,41.5,37.0,37.5,37.5,314040
2010-07-21,37.0,47.0,37.0,45.5,45.5,1688789
2010-07-22,44.0,50.0,43.0,49.5,49.5,1551167
2010-07-23,49.5,53.0,42.5,43.0,43.0,1458361
2010-07-26,43.5,48.5,43.5,48.0,48.0,971860
2010-07-27,47.0,47.5,44.5,45.5,45.5,233060
2010-07-28,45.0,45.5,43.5,43.5,43.5,188300
2010-07-29,43.0,46.0,43.0,44.0,44.0,166053
2010-07-30,44.0,47.5,43.0,44.0,44.0,504200
2010-08-02,44.0,44.0,41.0,41.0,41.0,260080
2010-08-03,40.5,41.0,36.5,37.5,37.5,436631
2010-08-04,38.0,40.0,37.5,38.0,38.0,329681
2010-08-05,38.0,38.0,34.0,36.0,36.0,320340
2010-08-06,34.5,35.5,31.5,34.5,34.5,368200
2010-08-09,34.0,39.5,34.0,38.0,38.0,770301
2010-08-10,37.0,37.5,33.0,33.5,33.5,786700
2010-08-11,33.5,35.0,30.5,32.0,32.0,321140
2010-08-12,31.0,33.5,30.5,33.5,33.5,206900
2010-08-13,32.5,33.0,31.5,31.5,31.5,93060
2010-08-16,31.0,32.0,30.5,30.5,30.5,76500
2010-08-17,30.5,31.5,27.0,28.5,28.5,208100
2010-08-18,28.5,29.5,26.0,27.0,27.0,173060
2010-08-19,27.0,29.0,26.5,27.0,27.0,196800
2010-08-20,27.5,33.0,27.5,31.5,31.5,1359400
2010-08-23,31.0,31.5,28.5,29.0,29.0,409508
2010-08-24,29.0,29.0,27.5,27.5,27.5,120140
2010-08-25,28.0,28.0,27.0,27.0,27.0,75720
2010-08-26,27.0,27.5,26.0,26.5,26.5,66200
2010-08-27,25.5,26.0,24.399999618530273,24.600000381469727,24.600000381469727,172700
2010-08-30,24.600000381469727,26.5,23.5,26.0,26.0,96200
2010-08-31,25.0,26.5,25.0,26.5,26.5,86100
2010-09-01,26.0,26.5,25.0,25.5,25.5,113898
2010-09-02,25.5,26.0,24.399999618530273,24.600000381469727,24.600000381469727,84380
2010-09-03,25.0,30.5,24.399999618530273,28.0,28.0,766692
2010-09-06,28.0,28.0,26.0,28.0,28.0,228700
2010-09-07,27.5,28.5,26.5,27.0,27.0,133500
2010-09-08,27.0,28.5,27.0,28.0,28.0,113600
2010-09-09,28.5,31.0,28.0,29.5,29.5,413400
2010-09-10,30.0,31.5,29.0,29.5,29.5,184800
2010-09-13,29.5,30.0,28.0,28.5,28.5,126200
2010-09-14,28.5,29.0,27.5,28.0,28.0,62200
2010-09-15,28.0,32.5,28.0,30.0,30.0,686600
2010-09-16,31.0,31.0,28.5,29.5,29.5,115700
2010-09-17,29.0,30.0,29.0,29.0,29.0,43700
2010-09-20,29.0,29.5,28.0,28.5,28.5,95600
2010-09-21,28.5,28.5,27.0,27.5,27.5,133200
2010-09-22,27.5,28.5,27.5,28.0,28.0,37300
2010-09-24,27.5,27.5,26.5,26.5,26.5,101800
2010-09-27,27.0,27.0,25.5,25.5,25.5,106700
2010-09-28,26.0,27.5,25.5,26.5,26.5,161200
2010-09-29,26.5,26.5,24.299999237060547,24.899999618530273,24.899999618530273,258400
2010-09-30,25.0,25.0,23.5,24.399999618530273,24.399999618530273,230700
2010-10-04,24.799999237060547,26.0,24.700000762939453,24.799999237060547,24.799999237060547,82500
2010-10-05,24.600000381469727,25.0,23.799999237060547,24.0,24.0,121900
2010-10-06,24.100000381469727,24.700000762939453,23.600000381469727,24.299999237060547,24.299999237060547,82320
2010-10-07,24.100000381469727,24.799999237060547,24.100000381469727,24.799999237060547,24.799999237060547,46600
2010-10-08,24.5,24.700000762939453,24.299999237060547,24.299999237060547,24.299999237060547,29000
2010-10-11,24.299999237060547,24.299999237060547,23.799999237060547,23.899999618530273,23.899999618530273,45700
2010-10-12,23.899999618530273,24.700000762939453,23.799999237060547,23.799999237060547,23.799999237060547,12500
2010-10-13,24.299999237060547,24.299999237060547,23.600000381469727,23.799999237060547,23.799999237060547,54300
2010-10-14,23.600000381469727,25.5,23.5,25.5,25.5,193300
2010-10-15,26.0,26.5,24.200000762939453,24.299999237060547,24.299999237060547,129500
2010-10-18,24.100000381469727,24.200000762939453,23.899999618530273,24.0,24.0,15300
2010-10-19,24.5,25.0,24.100000381469727,24.5,24.5,44000
2010-10-20,24.799999237060547,24.799999237060547,23.799999237060547,24.299999237060547,24.299999237060547,45700
2010-10-21,24.5,24.600000381469727,23.799999237060547,24.100000381469727,24.100000381469727,90600
2010-10-22,23.899999618530273,24.600000381469727,23.700000762939453,24.0,24.0,54400
2010-10-25,24.0,24.799999237060547,24.0,24.0,24.0,24900
2010-10-26,24.5,24.899999618530273,24.100000381469727,24.5,24.5,54800
2010-10-27,24.700000762939453,24.799999237060547,24.0,24.5,24.5,63600
2010-10-28,24.600000381469727,27.5,24.600000381469727,27.0,27.0,310220
2010-10-29,24.600000381469727,27.5,24.600000381469727,25.0,25.0,87200
2010-11-01,25.5,25.5,23.799999237060547,24.700000762939453,24.700000762939453,57400
2010-11-02,24.700000762939453,24.700000762939453,24.0,24.5,24.5,40000
2010-11-03,24.899999618530273,24.899999618530273,24.200000762939453,24.200000762939453,24.200000762939453,45500
2010-11-04,24.299999237060547,24.5,24.100000381469727,24.299999237060547,24.299999237060547,25300
2010-11-05,24.5,24.799999237060547,24.299999237060547,24.5,24.5,19500
2010-11-08,24.5,24.700000762939453,24.5,24.600000381469727,24.600000381469727,23600
2010-11-09,24.100000381469727,24.700000762939453,24.100000381469727,24.700000762939453,24.700000762939453,11500
2010-11-10,24.700000762939453,25.5,24.600000381469727,25.5,25.5,38600
2010-11-11,25.0,26.0,24.899999618530273,26.0,26.0,106500
2010-11-12,25.5,27.0,25.0,26.0,26.0,134000
2010-11-15,25.5,25.5,24.899999618530273,25.0,25.0,72200
2010-11-16,25.5,26.0,24.899999618530273,25.5,25.5,73700
2010-11-17,25.0,25.5,24.600000381469727,24.700000762939453,24.700000762939453,50500
2010-11-18,24.5,25.0,24.5,24.899999618530273,24.899999618530273,33100
2010-11-19,24.299999237060547,25.0,24.299999237060547,25.0,25.0,14800
2010-11-22,25.0,25.0,25.0,25.0,25.0,0
2010-11-23,25.0,25.0,25.0,25.0,25.0,0
2010-11-24,25.0,25.0,25.0,25.0,25.0,0
2010-11-25,29.5,30.5,25.5,25.5,25.5,628800
2010-11-26,26.0,26.5,24.700000762939453,24.799999237060547,24.799999237060547,113900
2010-11-29,25.0,25.5,24.0,24.600000381469727,24.600000381469727,61300
2010-11-30,24.200000762939453,24.200000762939453,23.0,23.700000762939453,23.700000762939453,70700
2010-12-01,23.5,24.0,21.200000762939453,22.200000762939453,22.200000762939453,92864
2010-12-02,22.0,24.399999618530273,22.0,22.5,22.5,37000
2010-12-03,23.0,23.200000762939453,22.5,22.5,22.5,18100
2010-12-06,22.600000381469727,22.600000381469727,22.100000381469727,22.399999618530273,22.399999618530273,16400
2010-12-07,22.100000381469727,22.5,22.100000381469727,22.399999618530273,22.399999618530273,11200
2010-12-08,22.399999618530273,23.0,20.0,21.0,21.0,39300
2010-12-09,21.0,21.100000381469727,19.0,19.200000762939453,19.200000762939453,81700
2010-12-10,19.299999237060547,19.299999237060547,18.100000381469727,19.0,19.0,57300
2010-12-13,19.299999237060547,19.5,18.299999237060547,18.5,18.5,17600
2010-12-14,18.200000762939453,19.299999237060547,18.200000762939453,19.100000381469727,19.100000381469727,30500
2010-12-15,19.399999618530273,19.5,19.200000762939453,19.299999237060547,19.299999237060547,22000
2010-12-16,19.100000381469727,19.5,18.799999237060547,18.799999237060547,18.799999237060547,25300
2010-12-17,18.799999237060547,19.5,18.700000762939453,18.799999237060547,18.799999237060547,15400
2010-12-20,18.799999237060547,19.0,18.700000762939453,18.700000762939453,18.700000762939453,8800
2010-12-21,18.799999237060547,19.700000762939453,18.799999237060547,19.700000762939453,19.700000762939453,11660
2010-12-22,19.799999237060547,20.600000381469727,19.799999237060547,20.399999618530273,20.399999618530273,30600
2010-12-23,20.0,23.5,20.0,23.399999618530273,23.399999618530273,111800
2010-12-24,23.100000381469727,23.5,22.5,22.600000381469727,22.600000381469727,86600
2010-12-28,23.100000381469727,23.100000381469727,21.5,21.600000381469727,21.600000381469727,20600
2010-12-29,22.200000762939453,22.799999237060547,21.5,22.700000762939453,22.700000762939453,20800
2010-12-30,21.600000381469727,21.700000762939453,21.600000381469727,21.700000762939453,21.700000762939453,9500
2010-12-31,21.799999237060547,22.799999237060547,21.700000762939453,22.799999237060547,22.799999237060547,13700
2011-01-03,22.0,22.0,21.799999237060547,21.799999237060547,21.799999237060547,1150
2011-01-04,21.799999237060547,22.399999618530273,21.5,22.399999618530273,22.399999618530273,16300
2011-01-05,21.5,21.799999237060547,21.0,21.100000381469727,21.100000381469727,14500
2011-01-06,20.799999237060547,20.799999237060547,20.5,20.5,20.5,3800
2011-01-07,20.5,22.399999618530273,20.5,20.5,20.5,6920
2011-01-10,20.5,20.5,20.5,20.5,20.5,1000
2011-01-11,20.5,21.700000762939453,20.5,21.700000762939453,21.700000762939453,6000
2011-01-12,20.5,20.5,20.0,21.5,21.5,2200
2011-01-13,22.0,22.0,21.799999237060547,21.799999237060547,21.799999237060547,5100
2011-01-14,20.100000381469727,20.100000381469727,20.100000381469727,20.100000381469727,20.100000381469727,500
2011-01-17,20.200000762939453,20.200000762939453,20.0,20.200000762939453,20.200000762939453,5800
2011-01-18,20.0,20.0,20.0,20.0,20.0,5500
2011-01-19,20.0,20.0,20.0,20.0,20.0,0
2011-01-20,20.0,20.100000381469727,19.0,20.0,20.0,23400
2011-01-21,20.0,20.0,20.0,20.0,20.0,700
2011-01-24,20.0,20.0,20.0,20.0,20.0,5800
2011-01-25,19.5,19.600000381469727,19.5,19.5,19.5,1300
2011-01-26,19.5,20.0,19.5,20.0,20.0,3467
2011-01-27,20.0,20.0,20.0,20.0,20.0,3400
2011-01-28,20.0,22.0,20.0,20.899999618530273,20.899999618530273,21300
2011-01-31,20.899999618530273,20.899999618530273,20.0,20.0,20.0,780
2011-02-01,19.0,20.399999618530273,19.0,20.200000762939453,20.200000762939453,3200
2011-02-02,18.799999237060547,20.5,18.799999237060547,20.200000762939453,20.200000762939453,5320
2011-02-07,20.100000381469727,20.100000381469727,19.0,19.0,19.0,1500
2011-02-08,18.100000381469727,19.799999237060547,18.100000381469727,18.5,18.5,19600
2011-02-09,19.0,19.0,18.5,19.0,19.0,12600
2011-02-10,18.5,18.5,18.5,18.5,18.5,300
2011-02-11,20.0,20.0,19.100000381469727,19.5,19.5,14400
2011-02-14,21.5,21.5,20.0,20.0,20.0,4150
2011-02-15,20.0,20.0,19.0,19.0,19.0,7500
2011-02-16,19.0,19.0,19.0,19.0,19.0,0
2011-02-17,19.0,19.200000762939453,18.5,19.0,19.0,9500
2011-02-18,19.0,19.0,19.0,19.100000381469727,19.100000381469727,9400
2011-02-21,19.100000381469727,19.799999237060547,19.100000381469727,19.299999237060547,19.299999237060547,7800
2011-02-22,19.0,19.5,19.0,19.0,19.0,6601
2011-02-23,20.0,20.0,19.0,19.0,19.0,2200
2011-02-24,19.899999618530273,20.0,19.899999618530273,19.5,19.5,1000
2011-02-25,18.299999237060547,19.899999618530273,18.200000762939453,19.899999618530273,19.899999618530273,3800
2011-02-28,19.0,19.0,18.799999237060547,18.799999237060547,18.799999237060547,1100
2011-03-01,18.799999237060547,18.799999237060547,18.799999237060547,18.799999237060547,18.799999237060547,1900
2011-03-02,18.100000381469727,18.799999237060547,17.5,18.100000381469727,18.100000381469727,1100
2011-03-03,18.100000381469727,18.100000381469727,17.0,17.700000762939453,17.700000762939453,12500
2011-03-04,17.200000762939453,18.399999618530273,17.0,18.200000762939453,18.200000762939453,5800
2011-03-07,17.0,17.799999237060547,17.0,17.5,17.5,3560
2011-03-08,17.5,18.0,17.0,18.0,18.0,7300
2011-03-09,18.0,18.0,18.0,18.0,18.0,4600
2011-03-10,18.100000381469727,18.399999618530273,17.799999237060547,18.0,18.0,5800
2011-03-11,17.100000381469727,18.700000762939453,17.100000381469727,18.399999618530273,18.399999618530273,2400
2011-03-14,17.200000762939453,18.299999237060547,17.200000762939453,17.399999618530273,17.399999618530273,1840
2011-03-15,17.100000381469727,17.100000381469727,15.300000190734863,15.5,15.5,39800
2011-03-16,15.600000381469727,15.600000381469727,15.199999809265137,15.600000381469727,15.600000381469727,6400
2011-03-17,15.600000381469727,15.600000381469727,14.800000190734863,14.800000190734863,14.800000190734863,12200
2011-03-18,14.800000190734863,15.399999618530273,14.800000190734863,15.300000190734863,15.300000190734863,14400
2011-03-21,15.699999809265137,15.699999809265137,15.100000381469727,15.100000381469727,15.100000381469727,2701
2011-03-22,18.799999237060547,18.799999237060547,15.600000381469727,15.800000190734863,15.800000190734863,14900
2011-03-23,15.300000190734863,15.399999618530273,15.199999809265137,15.5,15.5,5400
2011-03-24,15.5,15.5,15.100000381469727,15.100000381469727,15.100000381469727,14700
2011-03-25,15.600000381469727,15.600000381469727,15.600000381469727,15.600000381469727,15.600000381469727,900
2011-03-28,15.600000381469727,15.800000190734863,15.600000381469727,15.600000381469727,15.600000381469727,3700
2011-03-29,17.600000381469727,17.600000381469727,16.799999237060547,16.600000381469727,16.600000381469727,4200
2011-03-30,15.600000381469727,15.600000381469727,15.600000381469727,15.600000381469727,15.600000381469727,4200
2011-03-31,15.600000381469727,15.600000381469727,15.600000381469727,15.600000381469727,15.600000381469727,2000
2011-04-01,16.299999237060547,16.299999237060547,16.299999237060547,16.0,16.0,1500
2011-04-04,16.200000762939453,16.0,15.300000190734863,15.300000190734863,15.300000190734863,900
2011-04-06,16.100000381469727,16.100000381469727,15.300000190734863,16.0,16.0,7400
2011-04-07,16.0,16.0,16.0,16.0,16.0,1400
2011-04-08,16.0,16.0,15.600000381469727,15.600000381469727,15.600000381469727,7700
2011-04-11,16.0,16.0,15.399999618530273,16.0,16.0,13000
2011-04-12,15.600000381469727,15.899999618530273,15.5,15.5,15.5,26100
2011-04-13,15.5,15.5,15.5,15.5,15.5,300
2011-04-14,15.5,16.200000762939453,15.5,16.200000762939453,16.200000762939453,13100
2011-04-15,15.100000381469727,16.0,15.100000381469727,15.600000381469727,15.600000381469727,3600
2011-04-18,16.200000762939453,16.200000762939453,15.600000381469727,16.200000762939453,16.200000762939453,14700
2011-04-19,16.200000762939453,16.200000762939453,16.200000762939453,16.200000762939453,16.200000762939453,600
2011-04-20,16.0,16.200000762939453,16.0,16.200000762939453,16.200000762939453,8500
2011-04-21,15.5,15.5,15.5,15.5,15.5,100
2011-04-26,15.5,16.100000381469727,15.5,15.800000190734863,15.800000190734863,13900
2011-04-27,15.800000190734863,15.800000190734863,15.800000190734863,15.800000190734863,15.800000190734863,7700
2011-04-28,15.199999809265137,15.199999809265137,15.199999809265137,15.199999809265137,15.199999809265137,300
2011-04-29,15.199999809265137,15.199999809265137,15.199999809265137,15.199999809265137,15.199999809265137,0
2011-05-03,15.0,15.199999809265137,15.0,15.199999809265137,15.199999809265137,3400
2011-05-04,15.0,15.0,15.0,15.0,15.0,100
2011-05-05,15.0,15.0,15.0,15.0,15.0,0
2011-05-06,14.899999618530273,14.899999618530273,14.899999618530273,14.899999618530273,14.899999618530273,1300
2011-05-09,15.0,15.0,14.100000381469727,15.0,15.0,2200
2011-05-11,15.0,15.0,15.0,15.0,15.0,0
2011-05-12,15.0,15.0,15.0,15.0,15.0,0
2011-05-13,14.300000190734863,15.0,14.300000190734863,15.0,15.0,1200
2011-05-16,14.699999809265137,14.800000190734863,14.699999809265137,14.800000190734863,14.800000190734863,1600
2011-05-17,14.800000190734863,14.800000190734863,14.800000190734863,14.800000190734863,14.800000190734863,0
2011-05-18,13.800000190734863,14.0,13.699999809265137,14.0,14.0,4040
2011-05-19,14.0,14.0,13.199999809265137,13.399999618530273,13.399999618530273,11300
2011-05-20,13.199999809265137,13.5,12.600000381469727,13.5,13.5,19200
2011-05-23,13.0,13.0,12.300000190734863,12.899999618530273,12.899999618530273,14000
2011-05-24,12.899999618530273,13.699999809265137,12.100000381469727,13.0,13.0,16200
2011-05-25,12.100000381469727,13.0,12.100000381469727,12.800000190734863,12.800000190734863,7600
2011-05-26,13.0,13.0,11.899999618530273,12.100000381469727,12.100000381469727,7300
2011-05-27,11.600000381469727,13.300000190734863,11.600000381469727,12.100000381469727,12.100000381469727,32456
2011-05-30,12.899999618530273,12.899999618530273,12.600000381469727,12.600000381469727,12.600000381469727,8855
2011-05-31,11.899999618530273,13.0,10.600000381469727,11.199999809265137,11.199999809265137,115955
2011-06-01,11.0,11.0,10.699999809265137,10.699999809265137,10.699999809265137,29500
2011-06-02,10.300000190734863,12.0,10.300000190734863,10.699999809265137,10.699999809265137,68861
2011-06-03,10.5,11.0,10.0,10.199999809265137,10.199999809265137,105300
2011-06-07,9.800000190734863,9.899999618530273,9.0,9.0,9.0,52500
2011-06-08,9.5,9.5,8.800000190734863,9.0,9.0,51600
2011-06-09,9.5,10.5,9.5,10.300000190734863,10.300000190734863,27814
2011-06-10,10.300000190734863,10.300000190734863,10.300000190734863,10.300000190734863,10.300000190734863,2000
2011-06-13,9.300000190734863,10.199999809265137,9.300000190734863,10.199999809265137,10.199999809265137,16400
2011-06-14,10.0,10.0,10.0,10.0,10.0,3900
2011-06-15,10.0,11.199999809265137,10.0,10.0,10.0,2900
2011-06-16,9.899999618530273,10.300000190734863,9.899999618530273,10.199999809265137,10.199999809265137,8300
2011-06-17,10.0,10.100000381469727,10.0,10.0,10.0,13400
2011-06-20,9.5,10.0,9.399999618530273,9.699999809265137,9.699999809265137,5700
2011-06-21,9.5,10.300000190734863,9.5,10.300000190734863,10.300000190734863,3400
2011-06-22,10.300000190734863,10.600000381469727,10.300000190734863,10.5,10.5,6900
2011-06-23,10.699999809265137,11.199999809265137,10.699999809265137,11.199999809265137,11.199999809265137,28300
2011-06-24,12.0,12.0,10.5,10.5,10.5,9500
2011-06-27,11.0,11.800000190734863,10.899999618530273,11.600000381469727,11.600000381469727,6900
2011-06-28,12.800000190734863,12.800000190734863,11.399999618530273,12.300000190734863,12.300000190734863,13700
2011-06-29,12.0,12.0,11.5,11.699999809265137,11.699999809265137,6800
2011-06-30,12.5,12.5,11.899999618530273,11.899999618530273,11.899999618530273,18200
2011-07-04,11.800000190734863,11.899999618530273,11.800000190734863,11.800000190734863,11.800000190734863,0
2011-07-05,11.800000190734863,12.399999618530273,11.800000190734863,11.800000190734863,11.800000190734863,2800
2011-07-06,11.5,11.899999618530273,10.600000381469727,10.800000190734863,10.800000190734863,13200
2011-07-07,11.100000381469727,11.100000381469727,11.100000381469727,11.100000381469727,11.100000381469727,1200
2011-07-08,12.0,12.300000190734863,11.899999618530273,12.199999809265137,12.199999809265137,27600
2011-07-11,12.199999809265137,12.199999809265137,10.300000190734863,12.199999809265137,12.199999809265137,38600
2011-07-12,11.100000381469727,12.199999809265137,11.0,11.100000381469727,11.100000381469727,25300
2011-07-13,11.699999809265137,12.199999809265137,11.100000381469727,12.199999809265137,12.199999809265137,16600
2011-07-14,12.199999809265137,12.199999809265137,12.199999809265137,12.199999809265137,12.199999809265137,0
2011-07-15,12.5,12.5,10.300000190734863,10.399999618530273,10.399999618530273,35000
2011-07-18,11.800000190734863,11.899999618530273,11.0,11.0,11.0,4300
2011-07-19,11.100000381469727,11.100000381469727,11.0,11.0,11.0,8400
2011-07-20,11.0,11.699999809265137,10.100000381469727,11.600000381469727,11.600000381469727,6500
2011-07-21,11.600000381469727,12.199999809265137,11.399999618530273,12.100000381469727,12.100000381469727,26200
2011-07-22,11.199999809265137,11.899999618530273,11.199999809265137,11.899999618530273,11.899999618530273,6000
2011-07-25,11.300000190734863,12.399999618530273,11.300000190734863,11.800000190734863,11.800000190734863,24200
2011-07-26,11.600000381469727,12.199999809265137,11.199999809265137,12.199999809265137,12.199999809265137,22660
2011-07-27,12.0,12.0,12.0,11.899999618530273,11.899999618530273,300
2011-07-28,11.899999618530273,11.899999618530273,11.899999618530273,11.899999618530273,11.899999618530273,0
2011-07-29,11.199999809265137,11.199999809265137,11.199999809265137,11.199999809265137,11.199999809265137,600
2011-08-01,11.199999809265137,11.300000190734863,11.0,11.199999809265137,11.199999809265137,4200
2011-08-02,11.100000381469727,11.100000381469727,11.0,11.0,11.0,5600
2011-08-03,11.0,11.0,10.399999618530273,10.699999809265137,10.699999809265137,7200
2011-08-04,10.699999809265137,10.699999809265137,10.699999809265137,10.699999809265137,10.699999809265137,0
2011-08-05,10.800000190734863,10.800000190734863,9.300000190734863,10.199999809265137,10.199999809265137,6700
2011-08-08,9.5,10.0,9.100000381469727,9.899999618530273,9.899999618530273,10000
2011-08-09,9.0,9.300000190734863,8.199999809265137,9.300000190734863,9.300000190734863,2700
2011-08-10,10.800000190734863,10.800000190734863,9.5,10.600000381469727,10.600000381469727,4400
2011-08-11,10.600000381469727,10.600000381469727,10.600000381469727,10.600000381469727,10.600000381469727,0
2011-08-12,10.199999809265137,10.199999809265137,10.199999809265137,10.199999809265137,10.199999809265137,2000
2011-08-15,10.199999809265137,10.199999809265137,10.199999809265137,10.199999809265137,10.199999809265137,0
2011-08-16,10.199999809265137,11.0,9.399999618530273,10.899999618530273,10.899999618530273,12350
2011-08-17,9.699999809265137,10.699999809265137,9.699999809265137,10.699999809265137,10.699999809265137,4600
2011-08-18,9.699999809265137,9.699999809265137,9.699999809265137,9.699999809265137,9.699999809265137,200
2011-08-19,9.699999809265137,10.5,9.699999809265137,10.5,10.5,2100
2011-08-22,9.600000381469727,9.600000381469727,9.5,9.5,9.5,800
2011-08-23,9.699999809265137,9.699999809265137,9.600000381469727,9.600000381469727,9.600000381469727,5100
2011-08-24,9.600000381469727,9.600000381469727,9.600000381469727,9.600000381469727,9.600000381469727,0
2011-08-25,9.399999618530273,10.5,9.300000190734863,10.199999809265137,10.199999809265137,8500
2011-08-26,10.0,10.699999809265137,10.0,10.600000381469727,10.600000381469727,1000
2011-08-29,10.5,10.899999618530273,9.699999809265137,10.800000190734863,10.800000190734863,5200
2011-08-30,10.800000190734863,10.800000190734863,10.800000190734863,10.800000190734863,10.800000190734863,400
2011-08-31,10.0,11.0,10.0,10.0,10.0,2600
2011-09-01,11.0,11.0,11.0,11.0,11.0,1200
2011-09-02,11.0,11.0,11.0,11.0,11.0,0
2011-09-05,10.100000381469727,10.300000190734863,10.100000381469727,10.199999809265137,10.199999809265137,4100
2011-09-06,9.5,11.199999809265137,9.5,9.699999809265137,9.699999809265137,22400
2011-09-07,9.699999809265137,9.699999809265137,9.699999809265137,9.699999809265137,9.699999809265137,0
2011-09-08,9.600000381469727,9.800000190734863,9.5,9.800000190734863,9.800000190734863,8100
2011-09-09,9.300000190734863,9.899999618530273,9.0,9.0,9.0,21600
2011-09-12,8.5,8.5,7.699999809265137,8.0,8.0,12600
2011-09-14,7.099999904632568,7.400000095367432,7.0,7.400000095367432,7.400000095367432,14300
2011-09-15,7.400000095367432,7.400000095367432,7.0,7.0,7.0,4600
2011-09-16,7.199999809265137,7.699999809265137,7.199999809265137,7.199999809265137,7.199999809265137,10300
2011-09-19,7.0,7.0,6.5,6.599999904632568,6.599999904632568,7800
2011-09-20,6.400000095367432,7.0,6.300000190734863,6.900000095367432,6.900000095367432,14600
2011-09-21,6.300000190734863,6.300000190734863,6.300000190734863,6.300000190734863,6.300000190734863,1800
2011-09-22,6.400000095367432,6.400000095367432,6.099999904632568,6.099999904632568,6.099999904632568,4200
2011-09-23,5.800000190734863,5.800000190734863,5.800000190734863,5.800000190734863,5.800000190734863,1640
2011-09-26,5.800000190734863,5.800000190734863,5.800000190734863,5.800000190734863,5.800000190734863,6500
2011-09-27,5.800000190734863,5.800000190734863,5.800000190734863,5.800000190734863,5.800000190734863,19600
2011-09-28,5.800000190734863,5.800000190734863,5.800000190734863,5.800000190734863,5.800000190734863,0
2011-09-30,5.800000190734863,5.800000190734863,5.800000190734863,5.800000190734863,5.800000190734863,0
2011-10-03,5.800000190734863,5.800000190734863,5.800000190734863,5.800000190734863,5.800000190734863,0
2011-10-04,5.800000190734863,5.800000190734863,5.800000190734863,5.800000190734863,5.800000190734863,0
2011-10-06,5.800000190734863,5.800000190734863,5.800000190734863,5.800000190734863,5.800000190734863,0
2011-10-07,5.800000190734863,5.800000190734863,5.800000190734863,5.800000190734863,5.800000190734863,0
2011-10-10,6.300000190734863,6.400000095367432,6.300000190734863,6.400000095367432,6.400000095367432,1500
2011-10-11,7.0,7.0,6.699999809265137,6.699999809265137,6.699999809265137,4800
2011-10-12,7.0,7.0,6.0,6.5,6.5,7600
2011-10-13,6.0,6.0,6.0,6.199999809265137,6.199999809265137,100
2011-10-14,6.300000190734863,6.300000190734863,6.300000190734863,6.300000190734863,6.300000190734863,100
2011-10-17,6.599999904632568,6.599999904632568,6.300000190734863,6.300000190734863,6.300000190734863,5800
2011-10-18,6.300000190734863,6.300000190734863,6.300000190734863,6.300000190734863,6.300000190734863,0
2011-10-19,6.300000190734863,6.300000190734863,6.300000190734863,6.300000190734863,6.300000190734863,0
2011-10-20,6.300000190734863,6.300000190734863,6.300000190734863,6.300000190734863,6.300000190734863,0
2011-10-21,6.300000190734863,6.5,6.300000190734863,6.5,6.5,300
2011-10-24,7.0,7.0,7.0,6.900000095367432,6.900000095367432,500
2011-10-25,6.900000095367432,6.900000095367432,6.900000095367432,6.900000095367432,6.900000095367432,0
2011-10-26,6.900000095367432,6.900000095367432,6.900000095367432,6.900000095367432,6.900000095367432,500
2011-10-27,6.900000095367432,6.900000095367432,6.900000095367432,6.900000095367432,6.900000095367432,0
2011-10-28,8.199999809265137,8.199999809265137,6.099999904632568,7.699999809265137,7.699999809265137,10400
2011-10-31,7.699999809265137,7.699999809265137,7.699999809265137,7.699999809265137,7.699999809265137,0
2011-11-01,7.699999809265137,7.699999809265137,7.699999809265137,7.699999809265137,7.699999809265137,0
2011-11-02,8.0,8.0,8.0,7.900000095367432,7.900000095367432,900
2011-11-03,7.900000095367432,7.900000095367432,7.900000095367432,7.900000095367432,7.900000095367432,0
2011-11-04,7.900000095367432,7.900000095367432,7.900000095367432,7.900000095367432,7.900000095367432,0
2011-11-07,8.199999809265137,8.199999809265137,8.199999809265137,8.199999809265137,8.199999809265137,300
2011-11-08,8.199999809265137,8.199999809265137,8.199999809265137,8.199999809265137,8.199999809265137,0
2011-11-09,8.199999809265137,8.199999809265137,8.199999809265137,8.199999809265137,8.199999809265137,0
2011-11-10,7.0,7.0,7.0,7.0,7.0,900
2011-11-11,7.0,7.0,7.0,7.0,7.0,0
2011-11-14,7.0,7.0,7.0,7.0,7.0,0
2011-11-15,7.0,7.0,7.0,7.0,7.0,0
2011-11-16,7.0,7.0,7.0,7.0,7.0,0
2011-11-17,7.0,7.0,7.0,7.0,7.0,0
2011-11-18,7.0,7.0,7.0,7.0,7.0,0
2011-11-21,7.0,7.0,7.0,7.0,7.0,0
2011-11-22,7.0,7.0,7.0,7.0,7.0,0
2011-11-23,6.0,6.300000190734863,6.0,6.300000190734863,6.300000190734863,5000
2011-11-24,6.099999904632568,6.300000190734863,6.099999904632568,6.300000190734863,6.300000190734863,1800
2011-11-25,6.300000190734863,6.300000190734863,6.300000190734863,6.300000190734863,6.300000190734863,0
2011-11-28,6.400000095367432,6.400000095367432,6.400000095367432,6.400000095367432,6.400000095367432,1000
2011-11-29,6.400000095367432,6.400000095367432,6.400000095367432,6.400000095367432,6.400000095367432,0
2011-11-30,6.400000095367432,6.400000095367432,6.400000095367432,6.400000095367432,6.400000095367432,0
2011-12-01,6.199999809265137,6.400000095367432,6.199999809265137,6.400000095367432,6.400000095367432,3500
2011-12-02,6.0,6.099999904632568,6.0,6.099999904632568,6.099999904632568,1440
2011-12-05,6.099999904632568,6.099999904632568,6.099999904632568,6.099999904632568,6.099999904632568,0
2011-12-06,6.099999904632568,6.099999904632568,6.099999904632568,6.099999904632568,6.099999904632568,0
2011-12-07,6.099999904632568,6.099999904632568,6.099999904632568,6.099999904632568,6.099999904632568,0
2011-12-08,5.800000190734863,6.599999904632568,5.800000190734863,6.599999904632568,6.599999904632568,6100
2011-12-09,6.599999904632568,6.599999904632568,6.599999904632568,6.599999904632568,6.599999904632568,400
2011-12-12,6.599999904632568,6.599999904632568,6.599999904632568,6.599999904632568,6.599999904632568,0
2011-12-13,6.599999904632568,6.599999904632568,6.599999904632568,6.599999904632568,6.599999904632568,0
2011-12-14,6.099999904632568,6.099999904632568,5.699999809265137,6.0,6.0,8300
2011-12-15,5.900000095367432,5.900000095367432,5.5,5.599999904632568,5.599999904632568,6000
2011-12-16,5.599999904632568,5.599999904632568,5.599999904632568,5.599999904632568,5.599999904632568,0
2011-12-19,5.599999904632568,5.599999904632568,5.599999904632568,5.599999904632568,5.599999904632568,0
2011-12-20,5.599999904632568,5.599999904632568,5.599999904632568,5.599999904632568,5.599999904632568,0
2011-12-21,5.599999904632568,5.599999904632568,5.099999904632568,5.400000095367432,5.400000095367432,5100
2011-12-22,5.400000095367432,5.400000095367432,5.400000095367432,5.400000095367432,5.400000095367432,0
2011-12-23,5.400000095367432,5.400000095367432,5.400000095367432,5.400000095367432,5.400000095367432,0
2011-12-28,5.400000095367432,5.400000095367432,5.400000095367432,5.400000095367432,5.400000095367432,0
2011-12-29,5.400000095367432,5.400000095367432,4.800000190734863,5.300000190734863,5.300000190734863,2700
2011-12-30,5.300000190734863,5.300000190734863,5.300000190734863,5.300000190734863,5.300000190734863,1000
2012-01-03,5.400000095367432,5.400000095367432,5.400000095367432,5.400000095367432,5.400000095367432,1000
2012-01-04,5.400000095367432,5.400000095367432,5.400000095367432,5.400000095367432,5.400000095367432,0
2012-01-05,5.400000095367432,5.400000095367432,5.400000095367432,5.400000095367432,5.400000095367432,0
2012-01-06,5.400000095367432,5.400000095367432,5.400000095367432,5.400000095367432,5.400000095367432,0
2012-01-09,5.400000095367432,5.400000095367432,5.400000095367432,5.400000095367432,5.400000095367432,800
2012-01-10,5.400000095367432,5.400000095367432,5.400000095367432,5.400000095367432,5.400000095367432,0
2012-01-11,4.699999809265137,5.0,4.699999809265137,5.0,5.0,8600
2012-01-12,5.0,5.5,5.0,5.400000095367432,5.400000095367432,10700
2012-01-13,5.5,5.5,5.5,5.5,5.5,2000
2012-01-16,5.0,5.400000095367432,5.0,5.400000095367432,5.400000095367432,5800
2012-01-17,5.400000095367432,5.400000095367432,5.400000095367432,5.400000095367432,5.400000095367432,0
2012-01-18,5.400000095367432,5.400000095367432,5.400000095367432,5.400000095367432,5.400000095367432,0
2012-01-19,5.400000095367432,5.400000095367432,5.400000095367432,5.400000095367432,5.400000095367432,0
2012-01-20,5.0,5.0,5.0,5.400000095367432,5.400000095367432,2000
2012-01-26,5.400000095367432,5.400000095367432,5.400000095367432,5.400000095367432,5.400000095367432,2100
2012-01-27,5.400000095367432,5.400000095367432,5.400000095367432,5.400000095367432,5.400000095367432,0
2012-01-30,5.400000095367432,5.400000095367432,5.400000095367432,5.400000095367432,5.400000095367432,0
2012-01-31,5.900000095367432,5.900000095367432,5.5,5.5,5.5,3500
2012-02-01,5.5,5.5,5.5,5.5,5.5,0
2012-02-02,5.900000095367432,6.099999904632568,5.5,6.0,6.0,10400
2012-02-03,6.0,6.0,6.0,6.0,6.0,2800
2012-02-06,6.5,6.5,6.0,6.5,6.5,4200
2012-02-07,6.099999904632568,7.0,6.0,7.0,7.0,14200
2012-02-08,6.400000095367432,6.900000095367432,6.400000095367432,6.599999904632568,6.599999904632568,3300
2012-02-09,6.099999904632568,6.900000095367432,5.900000095367432,6.5,6.5,16900
2012-02-10,5.900000095367432,6.5,5.900000095367432,6.5,6.5,1800
2012-02-13,6.5,6.5,6.5,6.5,6.5,0
2012-02-14,5.900000095367432,7.099999904632568,5.900000095367432,7.0,7.0,16900
2012-02-15,7.199999809265137,10.5,7.199999809265137,10.5,10.5,59200
2012-02-16,10.5,13.0,10.0,10.600000381469727,10.600000381469727,65500
2012-02-17,10.800000190734863,11.0,10.5,10.5,10.5,2400
2012-02-20,10.0,10.0,9.0,9.0,9.0,7400
2012-02-21,9.0,9.0,9.0,9.0,9.0,1000
2012-02-22,8.100000381469727,9.300000190734863,8.100000381469727,8.699999809265137,8.699999809265137,13400
2012-02-23,9.300000190734863,10.0,8.600000381469727,8.600000381469727,8.600000381469727,20100
2012-02-24,9.199999809265137,10.899999618530273,9.199999809265137,10.800000190734863,10.800000190734863,24500
2012-02-27,12.199999809265137,12.199999809265137,10.5,10.5,10.5,7200
2012-02-28,10.300000190734863,10.300000190734863,10.300000190734863,10.300000190734863,10.300000190734863,700
2012-02-29,10.300000190734863,10.300000190734863,10.300000190734863,10.300000190734863,10.300000190734863,0
2012-03-01,10.300000190734863,10.300000190734863,10.300000190734863,10.300000190734863,10.300000190734863,0
2012-03-02,10.300000190734863,10.300000190734863,10.300000190734863,10.300000190734863,10.300000190734863,0
2012-03-05,9.199999809265137,10.800000190734863,9.199999809265137,9.399999618530273,9.399999618530273,10400
2012-03-06,9.199999809265137,9.199999809265137,8.199999809265137,8.600000381469727,8.600000381469727,10900
2012-03-07,8.199999809265137,8.300000190734863,8.199999809265137,8.300000190734863,8.300000190734863,1300
2012-03-08,10.300000190734863,10.300000190734863,10.300000190734863,10.300000190734863,10.300000190734863,0
2012-03-09,8.0,8.199999809265137,7.800000190734863,7.800000190734863,7.800000190734863,3200
2012-03-12,7.800000190734863,7.800000190734863,7.800000190734863,7.800000190734863,7.800000190734863,0
2012-03-13,7.5,7.5,6.800000190734863,7.400000095367432,7.400000095367432,19200
2012-03-14,7.599999904632568,8.100000381469727,7.199999809265137,7.400000095367432,7.400000095367432,13600
2012-03-15,7.400000095367432,7.400000095367432,7.400000095367432,7.400000095367432,7.400000095367432,0
2012-03-16,6.800000190734863,8.5,6.800000190734863,8.399999618530273,8.399999618530273,13600
2012-03-20,10.0,10.0,7.5,7.5,7.5,4800
2012-03-21,7.5,7.5,7.099999904632568,7.099999904632568,7.099999904632568,3700
2012-03-22,7.699999809265137,7.699999809265137,7.0,7.300000190734863,7.300000190734863,2100
2012-03-23,7.599999904632568,7.599999904632568,7.0,7.300000190734863,7.300000190734863,200
2012-03-26,7.800000190734863,10.300000190734863,7.300000190734863,10.300000190734863,10.300000190734863,1100
2012-03-27,10.300000190734863,10.300000190734863,10.300000190734863,10.300000190734863,10.300000190734863,0
2012-03-28,10.300000190734863,10.300000190734863,10.300000190734863,10.300000190734863,10.300000190734863,0
2012-03-29,10.300000190734863,10.300000190734863,10.300000190734863,10.300000190734863,10.300000190734863,0
2012-03-30,7.300000190734863,8.800000190734863,7.300000190734863,8.800000190734863,8.800000190734863,2000
2012-04-02,8.800000190734863,8.800000190734863,8.800000190734863,8.800000190734863,8.800000190734863,0
2012-04-03,8.800000190734863,8.800000190734863,8.800000190734863,8.800000190734863,8.800000190734863,0
2012-04-05,7.199999809265137,8.300000190734863,7.0,8.300000190734863,8.300000190734863,4100
2012-04-10,7.400000095367432,8.0,7.0,8.0,8.0,9300
2012-04-11,8.0,8.0,8.0,8.0,8.0,1500
2012-04-12,8.0,8.0,8.0,8.0,8.0,0
2012-04-13,7.199999809265137,7.300000190734863,7.199999809265137,7.300000190734863,7.300000190734863,1600
2012-04-16,7.300000190734863,7.300000190734863,7.300000190734863,7.300000190734863,7.300000190734863,0
2012-04-17,7.300000190734863,7.300000190734863,7.300000190734863,7.300000190734863,7.300000190734863,200
2012-04-18,7.300000190734863,7.300000190734863,6.699999809265137,6.900000095367432,6.900000095367432,1700
2012-04-19,6.900000095367432,6.900000095367432,6.900000095367432,6.900000095367432,6.900000095367432,0
2012-04-20,6.900000095367432,6.900000095367432,6.900000095367432,6.900000095367432,6.900000095367432,0
2012-04-23,6.900000095367432,6.900000095367432,6.900000095367432,6.900000095367432,6.900000095367432,0
2012-04-24,6.900000095367432,6.900000095367432,6.900000095367432,6.900000095367432,6.900000095367432,0
2012-04-25,6.900000095367432,6.900000095367432,6.900000095367432,6.900000095367432,6.900000095367432,0
2012-04-26,6.900000095367432,6.900000095367432,6.900000095367432,6.900000095367432,6.900000095367432,0
2012-04-27,6.900000095367432,6.900000095367432,6.900000095367432,6.900000095367432,6.900000095367432,0
2012-04-30,6.900000095367432,6.900000095367432,6.900000095367432,6.900000095367432,6.900000095367432,0
2012-05-02,6.900000095367432,6.900000095367432,6.900000095367432,6.900000095367432,6.900000095367432,0
2012-05-03,6.400000095367432,6.5,6.400000095367432,6.5,6.5,1700
2012-05-04,6.099999904632568,6.900000095367432,6.0,6.900000095367432,6.900000095367432,6600
2012-05-07,6.900000095367432,6.900000095367432,6.900000095367432,6.900000095367432,6.900000095367432,0
2012-05-08,6.900000095367432,6.900000095367432,6.900000095367432,6.900000095367432,6.900000095367432,0
2012-05-09,6.300000190734863,6.400000095367432,6.300000190734863,6.400000095367432,6.400000095367432,2100
2012-05-10,6.099999904632568,6.400000095367432,6.099999904632568,6.400000095367432,6.400000095367432,1200
2012-05-11,6.400000095367432,6.400000095367432,6.400000095367432,6.400000095367432,6.400000095367432,0
2012-05-14,6.400000095367432,6.400000095367432,6.400000095367432,6.400000095367432,6.400000095367432,0
2012-05-15,6.900000095367432,7.0,6.900000095367432,7.0,7.0,400
2012-05-16,7.0,7.0,7.0,7.0,7.0,0
2012-05-17,7.0,7.0,7.0,7.0,7.0,0
2012-05-18,6.099999904632568,6.099999904632568,6.099999904632568,6.199999809265137,6.199999809265137,1100
2012-05-21,6.0,6.0,5.5,5.800000190734863,5.800000190734863,4100
2012-05-22,7.0,7.0,6.800000190734863,6.800000190734863,6.800000190734863,4500
2012-05-23,7.699999809265137,7.699999809265137,6.099999904632568,7.5,7.5,1300
2012-05-24,6.099999904632568,6.5,6.099999904632568,6.5,6.5,1500
2012-05-25,6.5,6.5,6.5,6.5,6.5,0
2012-05-28,6.5,6.5,6.5,6.5,6.5,1400
2012-05-29,6.099999904632568,6.5,6.0,6.5,6.5,4700
2012-05-30,6.800000190734863,6.800000190734863,6.800000190734863,6.800000190734863,6.800000190734863,2300
2012-05-31,6.300000190734863,6.5,6.300000190734863,6.5,6.5,1800
2012-06-01,6.5,6.5,6.5,6.5,6.5,0
2012-06-04,6.5,6.5,6.5,6.5,6.5,0
2012-06-05,6.5,6.5,6.5,6.5,6.5,0
2012-06-06,6.5,6.5,6.5,6.5,6.5,0
2012-06-07,6.5,6.5,6.5,6.5,6.5,0
2012-06-08,6.5,6.5,6.5,6.5,6.5,0
2012-06-11,6.5,8.0,6.5,8.0,8.0,800
2012-06-12,8.0,8.0,8.0,8.0,8.0,0
2012-06-13,8.0,8.0,8.0,8.0,8.0,0
2012-06-14,7.900000095367432,7.900000095367432,7.900000095367432,7.900000095367432,7.900000095367432,4100
2012-06-15,7.900000095367432,7.900000095367432,7.900000095367432,7.900000095367432,7.900000095367432,0
2012-06-18,8.0,8.0,8.0,8.0,8.0,1500
2012-06-19,6.599999904632568,6.599999904632568,6.599999904632568,6.699999809265137,6.699999809265137,100
2012-06-20,6.400000095367432,6.400000095367432,6.400000095367432,6.400000095367432,6.400000095367432,900
2012-06-21,6.400000095367432,6.400000095367432,6.400000095367432,6.400000095367432,6.400000095367432,0
2012-06-22,6.400000095367432,6.400000095367432,6.400000095367432,6.400000095367432,6.400000095367432,0
2012-06-25,6.0,6.0,6.0,6.0,6.0,100
2012-06-26,6.0,6.0,6.0,6.0,6.0,0
2012-06-27,7.599999904632568,9.5,7.599999904632568,8.100000381469727,8.100000381469727,16400
2012-06-28,10.0,12.5,9.0,9.5,9.5,155000
2012-06-29,8.699999809265137,8.800000190734863,8.0,8.399999618530273,8.399999618530273,8000
2012-07-03,8.0,8.0,7.800000190734863,8.0,8.0,1500
2012-07-04,8.0,8.0,8.0,8.0,8.0,600
2012-07-05,10.0,10.0,9.0,9.699999809265137,9.699999809265137,5500
2012-07-06,9.800000190734863,10.0,9.199999809265137,9.5,9.5,7000
2012-07-09,9.199999809265137,9.199999809265137,9.199999809265137,9.199999809265137,9.199999809265137,1000
2012-07-10,9.199999809265137,9.199999809265137,9.199999809265137,9.199999809265137,9.199999809265137,0
2012-07-11,9.199999809265137,9.199999809265137,9.199999809265137,9.199999809265137,9.199999809265137,0
2012-07-12,9.199999809265137,9.199999809265137,9.199999809265137,9.199999809265137,9.199999809265137,0
2012-07-13,9.199999809265137,9.199999809265137,9.199999809265137,9.199999809265137,9.199999809265137,0
2012-07-16,9.199999809265137,9.199999809265137,9.199999809265137,9.199999809265137,9.199999809265137,0
2012-07-17,9.0,9.0,9.0,9.199999809265137,9.199999809265137,2600
2012-07-18,8.0,8.899999618530273,8.0,8.899999618530273,8.899999618530273,1700
2012-07-19,7.300000190734863,8.899999618530273,7.300000190734863,8.899999618530273,8.899999618530273,3100
2012-07-20,7.400000095367432,7.400000095367432,7.400000095367432,7.800000190734863,7.800000190734863,400
2012-07-23,7.900000095367432,8.0,7.900000095367432,8.0,8.0,400
2012-07-24,8.0,8.0,8.0,8.0,8.0,0
2012-07-25,8.0,8.0,8.0,8.0,8.0,0
2012-07-26,8.0,8.0,8.0,8.0,8.0,0
2012-07-27,8.0,8.0,8.0,8.0,8.0,0
2012-07-30,7.900000095367432,7.900000095367432,7.900000095367432,7.800000190734863,7.800000190734863,500
2012-07-31,7.800000190734863,7.800000190734863,7.800000190734863,7.800000190734863,7.800000190734863,0
2012-08-01,7.800000190734863,7.800000190734863,7.800000190734863,7.800000190734863,7.800000190734863,0
2012-08-02,7.800000190734863,7.800000190734863,7.800000190734863,7.800000190734863,7.800000190734863,0
2012-08-03,7.699999809265137,7.699999809265137,7.699999809265137,7.699999809265137,7.699999809265137,2500
2012-08-06,6.5,7.699999809265137,6.5,7.5,7.5,2900
2012-08-07,7.0,7.599999904632568,7.0,7.599999904632568,7.599999904632568,6000
2012-08-08,7.599999904632568,7.599999904632568,7.599999904632568,7.599999904632568,7.599999904632568,0
2012-08-09,7.599999904632568,7.599999904632568,7.599999904632568,7.599999904632568,7.599999904632568,0
2012-08-10,7.599999904632568,7.599999904632568,7.599999904632568,7.599999904632568,7.599999904632568,0
2012-08-13,7.599999904632568,7.599999904632568,7.599999904632568,7.599999904632568,7.599999904632568,0
2012-08-14,6.5,7.199999809265137,6.5,7.199999809265137,7.199999809265137,1000
2012-08-15,7.199999809265137,7.199999809265137,7.199999809265137,7.199999809265137,7.199999809265137,0
2012-08-16,7.199999809265137,7.199999809265137,7.199999809265137,7.199999809265137,7.199999809265137,0
2012-08-17,7.199999809265137,7.199999809265137,7.199999809265137,7.199999809265137,7.199999809265137,3800
2012-08-20,8.399999618530273,8.399999618530273,8.399999618530273,8.399999618530273,8.399999618530273,400
2012-08-21,7.199999809265137,8.300000190734863,7.199999809265137,8.300000190734863,8.300000190734863,4000
2012-08-22,8.300000190734863,8.300000190734863,8.300000190734863,8.300000190734863,8.300000190734863,0
2012-08-23,8.300000190734863,8.600000381469727,8.300000190734863,8.600000381469727,8.600000381469727,13700
2012-08-24,8.600000381469727,8.600000381469727,8.600000381469727,8.600000381469727,8.600000381469727,0
2012-08-27,8.600000381469727,8.600000381469727,8.600000381469727,8.600000381469727,8.600000381469727,0
2012-08-28,8.600000381469727,8.600000381469727,8.600000381469727,8.600000381469727,8.600000381469727,0
2012-08-29,8.600000381469727,8.600000381469727,8.600000381469727,8.600000381469727,8.600000381469727,0
2012-08-30,8.600000381469727,8.600000381469727,8.600000381469727,8.600000381469727,8.600000381469727,0
2012-08-31,6.800000190734863,6.800000190734863,6.800000190734863,7.0,7.0,200
2012-09-03,7.099999904632568,7.099999904632568,7.099999904632568,7.099999904632568,7.099999904632568,200
2012-09-04,8.300000190734863,8.399999618530273,8.300000190734863,8.300000190734863,8.300000190734863,4000
2012-09-05,8.300000190734863,8.300000190734863,8.300000190734863,8.300000190734863,8.300000190734863,0
2012-09-06,7.199999809265137,7.300000190734863,7.099999904632568,7.300000190734863,7.300000190734863,1100
2012-09-07,7.300000190734863,7.300000190734863,7.300000190734863,7.300000190734863,7.300000190734863,500
2012-09-10,7.300000190734863,7.300000190734863,7.300000190734863,7.300000190734863,7.300000190734863,0
2012-09-11,7.300000190734863,7.300000190734863,7.300000190734863,7.300000190734863,7.300000190734863,0
2012-09-12,7.300000190734863,7.300000190734863,7.300000190734863,7.300000190734863,7.300000190734863,0
2012-09-13,7.300000190734863,7.300000190734863,7.300000190734863,7.300000190734863,7.300000190734863,0
2012-09-14,8.0,8.0,7.599999904632568,7.900000095367432,7.900000095367432,2200
2012-09-17,7.900000095367432,7.900000095367432,7.900000095367432,7.900000095367432,7.900000095367432,0
2012-09-18,7.900000095367432,7.900000095367432,7.900000095367432,7.900000095367432,7.900000095367432,0
2012-09-19,7.900000095367432,7.900000095367432,7.900000095367432,7.900000095367432,7.900000095367432,0
2012-09-20,7.900000095367432,7.900000095367432,7.900000095367432,7.900000095367432,7.900000095367432,0
2012-09-21,7.800000190734863,7.800000190734863,7.099999904632568,7.199999809265137,7.199999809265137,51100
2012-09-24,8.399999618530273,8.399999618530273,7.300000190734863,7.300000190734863,7.300000190734863,31000
2012-09-25,8.300000190734863,8.300000190734863,8.0,8.199999809265137,8.199999809265137,30600
2012-09-26,8.0,8.0,8.0,8.0,8.0,0
2012-09-27,7.599999904632568,7.599999904632568,7.599999904632568,7.599999904632568,7.599999904632568,0
2012-09-28,7.599999904632568,7.599999904632568,7.599999904632568,7.599999904632568,7.599999904632568,0
2012-10-03,7.400000095367432,7.400000095367432,7.400000095367432,7.400000095367432,7.400000095367432,0
2012-10-04,7.400000095367432,7.400000095367432,7.400000095367432,7.400000095367432,7.400000095367432,1100
2012-10-05,7.400000095367432,7.400000095367432,7.400000095367432,7.400000095367432,7.400000095367432,0
2012-10-08,7.300000190734863,7.300000190734863,7.300000190734863,7.300000190734863,7.300000190734863,10600
2012-10-09,7.0,7.0,7.0,7.300000190734863,7.300000190734863,500
2012-10-10,8.5,8.5,7.300000190734863,7.400000095367432,7.400000095367432,10700
2012-10-11,7.0,7.0,7.0,7.0,7.0,2600
2012-10-12,7.099999904632568,8.0,7.099999904632568,7.900000095367432,7.900000095367432,200
2012-10-15,7.699999809265137,7.699999809265137,7.699999809265137,7.699999809265137,7.699999809265137,0
2012-10-16,7.099999904632568,7.300000190734863,6.699999809265137,7.0,7.0,22600
2012-10-17,7.0,7.0,7.0,7.0,7.0,0
2012-10-18,7.0,7.699999809265137,7.0,7.599999904632568,7.599999904632568,5400
2012-10-19,7.400000095367432,7.400000095367432,7.400000095367432,7.400000095367432,7.400000095367432,0
2012-10-22,7.099999904632568,7.099999904632568,7.0,7.0,7.0,2400
2012-10-24,7.0,7.0,7.0,7.0,7.0,3000
2012-10-25,7.0,7.0,7.0,7.0,7.0,0
2012-10-26,7.0,7.0,7.0,7.0,7.0,0
2012-10-29,7.099999904632568,7.099999904632568,7.099999904632568,7.099999904632568,7.099999904632568,1000
2012-10-30,7.099999904632568,7.099999904632568,7.099999904632568,7.099999904632568,7.099999904632568,0
2012-10-31,7.099999904632568,7.099999904632568,7.099999904632568,7.099999904632568,7.099999904632568,0
2012-11-01,7.0,7.0,7.0,7.0,7.0,6106
2012-11-02,7.0,8.0,7.0,7.099999904632568,7.099999904632568,9600
2012-11-05,8.0,8.600000381469727,7.599999904632568,7.800000190734863,7.800000190734863,22700
2012-11-06,8.600000381469727,8.699999809265137,7.0,8.5,8.5,50700
2012-11-07,8.5,8.5,8.5,8.5,8.5,0
2012-11-08,8.399999618530273,8.399999618530273,8.399999618530273,8.399999618530273,8.399999618530273,0
2012-11-09,8.399999618530273,8.399999618530273,8.399999618530273,8.399999618530273,8.399999618530273,0
2012-11-12,7.5,7.5,7.400000095367432,7.400000095367432,7.400000095367432,200
2012-11-13,7.099999904632568,7.099999904632568,7.0,7.099999904632568,7.099999904632568,3700
2012-11-14,7.099999904632568,7.099999904632568,7.099999904632568,7.099999904632568,7.099999904632568,0
2012-11-15,7.0,7.300000190734863,7.0,7.300000190734863,7.300000190734863,9100
2012-11-16,7.199999809265137,7.199999809265137,7.199999809265137,7.199999809265137,7.199999809265137,6000
2012-11-19,7.5,7.5,7.5,7.5,7.5,1000
2012-11-20,7.5,7.5,7.5,7.5,7.5,0
2012-11-21,6.699999809265137,6.699999809265137,6.599999904632568,6.599999904632568,6.599999904632568,1440
2012-11-22,7.300000190734863,7.5,6.800000190734863,7.199999809265137,7.199999809265137,17800
2012-11-23,7.199999809265137,7.199999809265137,7.199999809265137,7.199999809265137,7.199999809265137,600
2012-11-26,7.199999809265137,7.199999809265137,7.199999809265137,7.199999809265137,7.199999809265137,0
2012-11-27,7.199999809265137,7.199999809265137,7.199999809265137,7.199999809265137,7.199999809265137,0
2012-11-28,7.300000190734863,7.300000190734863,7.300000190734863,7.300000190734863,7.300000190734863,500
2012-11-29,7.300000190734863,7.300000190734863,7.300000190734863,7.300000190734863,7.300000190734863,3200
2012-11-30,6.900000095367432,7.800000190734863,6.800000190734863,7.0,7.0,1400
2012-12-03,7.0,7.0,7.0,7.0,7.0,0
2012-12-04,7.0,7.0,7.0,7.0,7.0,20000
2012-12-05,7.0,7.0,7.0,7.0,7.0,3800
2012-12-06,7.0,7.0,7.0,7.0,7.0,0
2012-12-07,7.0,7.0,7.0,7.0,7.0,0
2012-12-10,6.400000095367432,6.5,6.400000095367432,6.5,6.5,17000
2012-12-11,7.0,7.199999809265137,7.0,7.199999809265137,7.199999809265137,2200
2012-12-12,7.300000190734863,7.300000190734863,7.300000190734863,7.300000190734863,7.300000190734863,0
2012-12-13,7.300000190734863,7.300000190734863,7.300000190734863,7.300000190734863,7.300000190734863,0
2012-12-14,7.199999809265137,7.199999809265137,7.199999809265137,7.199999809265137,7.199999809265137,7320
2012-12-17,7.900000095367432,7.900000095367432,7.0,7.099999904632568,7.099999904632568,3300
2012-12-18,7.199999809265137,7.199999809265137,7.199999809265137,7.199999809265137,7.199999809265137,0
2012-12-19,7.199999809265137,7.199999809265137,7.199999809265137,7.199999809265137,7.199999809265137,900
2012-12-20,7.900000095367432,7.900000095367432,7.900000095367432,7.900000095367432,7.900000095367432,2300
2012-12-21,7.199999809265137,7.199999809265137,7.0,7.0,7.0,12000
2012-12-24,7.0,7.0,7.0,7.0,7.0,0
2012-12-27,7.0,7.0,7.0,7.0,7.0,1600
2012-12-28,7.0,7.0,7.0,7.0,7.0,0
2012-12-31,7.0,7.0,7.0,7.0,7.0,2000
2013-01-02,7.0,7.300000190734863,7.0,7.300000190734863,7.300000190734863,500
2013-01-03,7.300000190734863,7.300000190734863,7.300000190734863,7.300000190734863,7.300000190734863,2000
2013-01-04,7.599999904632568,7.599999904632568,7.599999904632568,7.599999904632568,7.599999904632568,4200
2013-01-07,7.599999904632568,7.599999904632568,7.599999904632568,7.599999904632568,7.599999904632568,0
2013-01-08,7.599999904632568,7.599999904632568,7.599999904632568,7.599999904632568,7.599999904632568,0
2013-01-09,7.5,7.5,7.5,7.5,7.5,0
2013-01-10,7.5,7.5,7.5,7.5,7.5,1100
2013-01-11,7.199999809265137,7.199999809265137,7.099999904632568,7.099999904632568,7.099999904632568,3320
2013-01-14,7.0,7.900000095367432,7.0,7.900000095367432,7.900000095367432,7300
2013-01-15,7.099999904632568,7.099999904632568,7.099999904632568,7.099999904632568,7.099999904632568,500
2013-01-16,7.300000190734863,7.300000190734863,7.300000190734863,7.300000190734863,7.300000190734863,0
2013-01-17,7.300000190734863,7.5,7.300000190734863,7.5,7.5,1100
2013-01-18,7.300000190734863,7.300000190734863,7.199999809265137,7.199999809265137,7.199999809265137,2900
2013-01-21,7.199999809265137,7.199999809265137,7.199999809265137,7.199999809265137,7.199999809265137,0
2013-01-22,7.300000190734863,7.300000190734863,7.300000190734863,7.300000190734863,7.300000190734863,100
2013-01-23,7.800000190734863,8.0,7.699999809265137,7.699999809265137,7.699999809265137,8800
2013-01-24,7.699999809265137,7.699999809265137,7.699999809265137,7.699999809265137,7.699999809265137,500
2013-01-25,7.599999904632568,7.599999904632568,6.5,6.800000190734863,6.800000190734863,3100
2013-01-28,6.800000190734863,6.800000190734863,6.800000190734863,6.800000190734863,6.800000190734863,0
2013-01-29,7.0,7.0,7.0,7.0,7.0,100
2013-01-30,7.0,7.0,7.0,7.0,7.0,400
2013-01-31,7.0,7.0,7.0,7.0,7.0,500
2013-02-01,7.0,7.800000190734863,6.599999904632568,7.800000190734863,7.800000190734863,4400
2013-02-04,6.699999809265137,7.0,6.699999809265137,7.0,7.0,2000
2013-02-05,7.0,7.0,7.0,7.0,7.0,2800
2013-02-06,7.0,7.0,7.0,7.0,7.0,0
2013-02-07,7.0,7.0,7.0,7.0,7.0,0
2013-02-08,7.0,7.0,7.0,7.0,7.0,0
2013-02-14,7.0,7.0,7.0,7.0,7.0,0
2013-02-15,6.900000095367432,6.900000095367432,6.900000095367432,7.0,7.0,200
2013-02-18,7.0,7.0,7.0,7.0,7.0,1000
2013-02-19,6.900000095367432,6.900000095367432,6.900000095367432,6.900000095367432,6.900000095367432,2600
2013-02-20,7.0,7.0,7.0,7.0,7.0,19400
2013-02-21,7.0,7.0,7.0,7.0,7.0,100
2013-02-22,7.0,7.0,7.0,7.0,7.0,0
2013-02-25,7.0,7.0,7.0,7.0,7.0,0
2013-02-26,7.0,7.0,7.0,7.0,7.0,1400
2013-02-27,7.0,7.0,7.0,7.0,7.0,0
2013-02-28,7.0,7.0,7.0,7.0,7.0,0
2013-03-01,7.0,7.0,7.0,7.0,7.0,0
2013-03-04,7.0,7.0,7.0,7.0,7.0,0
2013-03-05,6.599999904632568,6.699999809265137,6.5,6.699999809265137,6.699999809265137,5500
2013-03-06,6.699999809265137,6.699999809265137,6.699999809265137,6.699999809265137,6.699999809265137,0
2013-03-07,6.699999809265137,6.699999809265137,6.699999809265137,6.699999809265137,6.699999809265137,0
2013-03-08,6.699999809265137,6.800000190734863,6.699999809265137,6.800000190734863,6.800000190734863,6300
2013-03-11,6.800000190734863,6.800000190734863,6.800000190734863,6.800000190734863,6.800000190734863,0
2013-03-12,6.800000190734863,6.800000190734863,6.800000190734863,6.800000190734863,6.800000190734863,0
2013-03-13,6.800000190734863,6.800000190734863,6.800000190734863,6.800000190734863,6.800000190734863,0
2013-03-14,6.800000190734863,6.800000190734863,6.800000190734863,6.800000190734863,6.800000190734863,0
2013-03-15,6.300000190734863,6.300000190734863,6.300000190734863,6.400000095367432,6.400000095367432,700
2013-03-18,6.300000190734863,6.300000190734863,6.300000190734863,6.300000190734863,6.300000190734863,200
2013-03-19,6.300000190734863,6.300000190734863,6.300000190734863,6.300000190734863,6.300000190734863,0
2013-03-20,6.900000095367432,6.900000095367432,6.900000095367432,6.900000095367432,6.900000095367432,11400
2013-03-21,6.900000095367432,6.900000095367432,6.900000095367432,6.900000095367432,6.900000095367432,0
2013-03-22,6.900000095367432,6.900000095367432,6.900000095367432,6.900000095367432,6.900000095367432,0
2013-03-25,6.900000095367432,6.900000095367432,6.900000095367432,6.900000095367432,6.900000095367432,0
2013-03-26,6.900000095367432,6.900000095367432,6.900000095367432,6.900000095367432,6.900000095367432,0
2013-03-27,6.400000095367432,6.400000095367432,6.400000095367432,6.400000095367432,6.400000095367432,0
2013-03-28,6.400000095367432,6.400000095367432,6.400000095367432,6.400000095367432,6.400000095367432,0
2013-04-02,6.400000095367432,6.400000095367432,6.400000095367432,6.400000095367432,6.400000095367432,0
2013-04-03,6.400000095367432,6.400000095367432,6.400000095367432,6.400000095367432,6.400000095367432,0
2013-04-05,6.400000095367432,6.400000095367432,5.599999904632568,5.800000190734863,5.800000190734863,5700
2013-04-08,5.800000190734863,5.800000190734863,5.800000190734863,5.800000190734863,5.800000190734863,0
2013-04-09,5.800000190734863,5.800000190734863,5.800000190734863,5.800000190734863,5.800000190734863,0
2013-04-10,5.699999809265137,6.0,5.699999809265137,6.0,6.0,6100
2013-04-11,6.0,6.0,6.0,6.0,6.0,0
2013-04-12,5.400000095367432,5.699999809265137,5.400000095367432,5.800000190734863,5.800000190734863,300
2013-04-15,5.800000190734863,5.800000190734863,5.800000190734863,5.800000190734863,5.800000190734863,0
2013-04-16,5.800000190734863,5.900000095367432,5.800000190734863,5.900000095367432,5.900000095367432,200
2013-04-17,5.900000095367432,5.900000095367432,5.900000095367432,5.900000095367432,5.900000095367432,0
2013-04-18,5.900000095367432,5.900000095367432,5.900000095367432,5.900000095367432,5.900000095367432,0
2013-04-19,5.400000095367432,6.199999809265137,5.400000095367432,5.900000095367432,5.900000095367432,2300
2013-04-22,5.900000095367432,5.900000095367432,5.900000095367432,5.900000095367432,5.900000095367432,0
2013-04-23,5.900000095367432,5.900000095367432,5.900000095367432,5.900000095367432,5.900000095367432,0
2013-04-24,5.900000095367432,5.900000095367432,5.900000095367432,5.900000095367432,5.900000095367432,0
2013-04-25,5.400000095367432,5.900000095367432,5.400000095367432,5.900000095367432,5.900000095367432,1400
2013-04-26,5.599999904632568,5.599999904632568,5.599999904632568,5.900000095367432,5.900000095367432,1000
2013-04-29,5.900000095367432,5.900000095367432,5.900000095367432,5.900000095367432,5.900000095367432,0
2013-04-30,5.900000095367432,5.900000095367432,5.900000095367432,5.900000095367432,5.900000095367432,0
2013-05-02,5.900000095367432,5.900000095367432,5.900000095367432,5.900000095367432,5.900000095367432,0
2013-05-03,5.900000095367432,5.900000095367432,5.900000095367432,5.900000095367432,5.900000095367432,0
2013-05-06,5.300000190734863,6.599999904632568,5.300000190734863,6.599999904632568,6.599999904632568,1600
2013-05-07,7.0,7.0,6.900000095367432,6.800000190734863,6.800000190734863,4900
2013-05-08,6.800000190734863,6.800000190734863,6.800000190734863,6.800000190734863,6.800000190734863,0
2013-05-09,6.699999809265137,6.699999809265137,6.699999809265137,6.699999809265137,6.699999809265137,0
2013-05-10,6.0,6.699999809265137,6.0,6.699999809265137,6.699999809265137,10200
2013-05-13,6.699999809265137,6.699999809265137,6.699999809265137,6.699999809265137,6.699999809265137,0
2013-05-14,6.699999809265137,6.699999809265137,6.699999809265137,6.699999809265137,6.699999809265137,0
2013-05-15,6.699999809265137,6.699999809265137,6.699999809265137,6.699999809265137,6.699999809265137,0
2013-05-16,6.0,6.699999809265137,6.0,6.699999809265137,6.699999809265137,1100
2013-05-20,6.599999904632568,6.599999904632568,6.599999904632568,6.599999904632568,6.599999904632568,0
2013-05-21,6.599999904632568,6.699999809265137,6.599999904632568,6.699999809265137,6.699999809265137,3400
2013-05-22,6.699999809265137,6.699999809265137,6.699999809265137,6.699999809265137,6.699999809265137,0
2013-05-23,6.699999809265137,6.699999809265137,6.0,6.5,6.5,4300
2013-05-24,6.5,6.5,6.5,6.5,6.5,0
2013-05-27,6.0,6.0,6.0,6.0,6.0,200
2013-05-28,6.0,6.0,5.900000095367432,6.0,6.0,12000
2013-05-29,5.900000095367432,6.099999904632568,5.900000095367432,6.0,6.0,34000
2013-05-30,5.900000095367432,6.199999809265137,5.800000190734863,6.0,6.0,51800
2013-05-31,5.900000095367432,6.0,5.900000095367432,6.0,6.0,19500
2013-06-03,5.5,6.0,5.400000095367432,6.0,6.0,6900
2013-06-04,6.0,6.099999904632568,5.900000095367432,6.0,6.0,36500
2013-06-05,5.5,6.0,5.5,5.900000095367432,5.900000095367432,26900
2013-06-06,5.900000095367432,6.0,5.900000095367432,6.0,6.0,5000
2013-06-07,6.0,6.0,6.0,6.0,6.0,0
2013-06-10,5.599999904632568,5.599999904632568,5.599999904632568,5.599999904632568,5.599999904632568,100
2013-06-11,5.599999904632568,5.599999904632568,5.599999904632568,5.599999904632568,5.599999904632568,1500
2013-06-13,5.599999904632568,5.599999904632568,5.599999904632568,5.599999904632568,5.599999904632568,0
2013-06-14,5.400000095367432,5.400000095367432,5.400000095367432,5.400000095367432,5.400000095367432,400
2013-06-17,5.699999809265137,5.800000190734863,5.699999809265137,5.800000190734863,5.800000190734863,600
2013-06-18,6.099999904632568,6.099999904632568,6.099999904632568,6.099999904632568,6.099999904632568,200
2013-06-19,6.099999904632568,6.099999904632568,6.099999904632568,6.099999904632568,6.099999904632568,0
2013-06-20,6.099999904632568,6.099999904632568,6.099999904632568,6.099999904632568,6.099999904632568,0
2013-06-21,6.099999904632568,6.099999904632568,6.099999904632568,6.099999904632568,6.099999904632568,0
2013-06-24,5.099999904632568,5.599999904632568,5.0,5.599999904632568,5.599999904632568,16000
2013-06-25,5.599999904632568,5.599999904632568,5.599999904632568,5.599999904632568,5.599999904632568,0
2013-06-26,5.800000190734863,5.800000190734863,5.800000190734863,5.699999809265137,5.699999809265137,100
2013-06-27,5.699999809265137,5.699999809265137,5.699999809265137,5.699999809265137,5.699999809265137,0
2013-06-28,5.699999809265137,5.699999809265137,5.699999809265137,5.699999809265137,5.699999809265137,0
2013-07-02,5.699999809265137,5.699999809265137,5.699999809265137,5.699999809265137,5.699999809265137,6000
2013-07-03,5.699999809265137,5.699999809265137,5.699999809265137,5.699999809265137,5.699999809265137,0
2013-07-04,5.699999809265137,5.699999809265137,5.699999809265137,5.699999809265137,5.699999809265137,0
2013-07-05,5.699999809265137,5.699999809265137,5.699999809265137,5.699999809265137,5.699999809265137,0
2013-07-08,5.699999809265137,5.699999809265137,5.5,5.5,5.5,6600
2013-07-09,5.599999904632568,5.699999809265137,5.599999904632568,5.699999809265137,5.699999809265137,5500
2013-07-10,5.699999809265137,5.699999809265137,5.699999809265137,5.699999809265137,5.699999809265137,0
2013-07-11,5.699999809265137,5.699999809265137,5.699999809265137,5.699999809265137,5.699999809265137,0
2013-07-12,5.699999809265137,5.699999809265137,5.699999809265137,5.699999809265137,5.699999809265137,0
2013-07-15,5.699999809265137,5.699999809265137,5.699999809265137,5.699999809265137,5.699999809265137,0
2013-07-16,5.699999809265137,5.699999809265137,5.699999809265137,5.699999809265137,5.699999809265137,0
2013-07-17,5.699999809265137,5.699999809265137,5.699999809265137,5.699999809265137,5.699999809265137,0
2013-07-18,5.699999809265137,5.699999809265137,5.699999809265137,5.699999809265137,5.699999809265137,1500
2013-07-19,5.699999809265137,5.699999809265137,5.400000095367432,5.400000095367432,5.400000095367432,4000
2013-07-22,5.599999904632568,5.599999904632568,5.599999904632568,5.599999904632568,5.599999904632568,3200
2013-07-23,5.599999904632568,5.599999904632568,5.599999904632568,5.599999904632568,5.599999904632568,0
2013-07-24,5.599999904632568,5.599999904632568,5.599999904632568,5.599999904632568,5.599999904632568,0
2013-07-25,5.599999904632568,5.599999904632568,5.599999904632568,5.599999904632568,5.599999904632568,0
2013-07-26,6.0,6.0,5.5,5.599999904632568,5.599999904632568,28300
2013-07-29,5.800000190734863,5.800000190734863,5.800000190734863,5.800000190734863,5.800000190734863,0
2013-07-30,5.800000190734863,5.800000190734863,5.800000190734863,5.800000190734863,5.800000190734863,0
2013-07-31,5.800000190734863,5.800000190734863,5.800000190734863,5.800000190734863,5.800000190734863,200
2013-08-01,5.800000190734863,5.800000190734863,5.800000190734863,5.800000190734863,5.800000190734863,0
2013-08-02,5.599999904632568,5.599999904632568,5.5,5.5,5.5,13400
2013-08-05,5.5,5.5,5.5,5.5,5.5,0
2013-08-06,5.5,5.5,5.5,5.5,5.5,0
2013-08-07,5.699999809265137,5.699999809265137,5.5,5.5,5.5,7500
2013-08-08,5.800000190734863,5.800000190734863,5.800000190734863,5.800000190734863,5.800000190734863,5200
2013-08-09,7.900000095367432,7.900000095367432,6.199999809265137,6.300000190734863,6.300000190734863,63100
2013-08-12,5.699999809265137,6.199999809265137,5.699999809265137,6.199999809265137,6.199999809265137,20400
2013-08-13,6.199999809265137,6.199999809265137,6.199999809265137,6.199999809265137,6.199999809265137,0
2013-08-14,6.199999809265137,6.199999809265137,6.199999809265137,6.199999809265137,6.199999809265137,0
2013-08-15,6.199999809265137,6.199999809265137,6.199999809265137,6.199999809265137,6.199999809265137,0
2013-08-16,6.199999809265137,6.199999809265137,6.199999809265137,6.199999809265137,6.199999809265137,0
2013-08-19,5.800000190734863,5.900000095367432,5.800000190734863,5.900000095367432,5.900000095367432,700
2013-08-20,5.900000095367432,5.900000095367432,5.900000095367432,5.900000095367432,5.900000095367432,0
2013-08-21,5.599999904632568,5.699999809265137,5.599999904632568,5.699999809265137,5.699999809265137,400
2013-08-22,5.699999809265137,5.699999809265137,5.699999809265137,5.699999809265137,5.699999809265137,0
2013-08-23,5.599999904632568,5.599999904632568,5.0,5.199999809265137,5.199999809265137,79200
2013-08-26,5.199999809265137,5.300000190734863,5.099999904632568,5.300000190734863,5.300000190734863,38400
2013-08-27,5.5,5.5,5.5,5.5,5.5,6000
2013-08-28,5.5,5.5,5.0,5.0,5.0,14000
2013-08-29,5.099999904632568,5.099999904632568,5.099999904632568,5.099999904632568,5.099999904632568,0
2013-08-30,5.0,5.0,5.0,5.0,5.0,100
2013-09-02,5.0,5.5,5.0,5.099999904632568,5.099999904632568,11700
2013-09-03,5.400000095367432,5.400000095367432,5.300000190734863,5.300000190734863,5.300000190734863,2300
2013-09-04,5.099999904632568,6.900000095367432,5.099999904632568,5.800000190734863,5.800000190734863,56600
2013-09-05,5.800000190734863,5.800000190734863,5.300000190734863,5.300000190734863,5.300000190734863,19600
2013-09-06,5.400000095367432,5.400000095367432,5.400000095367432,5.400000095367432,5.400000095367432,3300
2013-09-09,5.199999809265137,5.199999809265137,5.099999904632568,5.199999809265137,5.199999809265137,600
2013-09-10,5.099999904632568,5.099999904632568,5.099999904632568,5.099999904632568,5.099999904632568,1000
2013-09-11,5.099999904632568,6.300000190734863,5.099999904632568,5.900000095367432,5.900000095367432,32500
2013-09-12,6.5,6.5,5.199999809265137,5.599999904632568,5.599999904632568,13800
2013-09-13,5.599999904632568,5.599999904632568,5.599999904632568,5.599999904632568,5.599999904632568,3900
2013-09-16,5.599999904632568,5.599999904632568,5.599999904632568,5.599999904632568,5.599999904632568,0
2013-09-17,5.199999809265137,5.599999904632568,5.0,5.5,5.5,6300
2013-09-18,5.099999904632568,5.400000095367432,5.0,5.300000190734863,5.300000190734863,11700
2013-09-19,5.800000190734863,10.0,5.800000190734863,7.0,7.0,474600
2013-09-23,6.400000095367432,6.800000190734863,6.0,6.099999904632568,6.099999904632568,18800
2013-09-24,6.0,7.0,6.0,6.5,6.5,13900
2013-09-25,6.800000190734863,7.0,6.199999809265137,6.400000095367432,6.400000095367432,19800
2013-09-26,6.099999904632568,6.5,6.099999904632568,6.400000095367432,6.400000095367432,4500
2013-09-27,6.199999809265137,6.5,6.0,6.300000190734863,6.300000190734863,12900
2013-09-30,6.0,6.699999809265137,6.0,6.400000095367432,6.400000095367432,7500
2013-10-02,6.400000095367432,6.400000095367432,6.400000095367432,6.400000095367432,6.400000095367432,0
2013-10-03,6.099999904632568,6.5,6.099999904632568,6.5,6.5,13200
2013-10-04,6.099999904632568,6.400000095367432,5.900000095367432,6.099999904632568,6.099999904632568,18900
2013-10-07,6.099999904632568,6.099999904632568,6.099999904632568,6.0,6.0,1800
2013-10-08,6.0,6.0,6.0,6.0,6.0,2300
2013-10-09,6.0,6.0,6.0,6.0,6.0,0
2013-10-10,6.0,6.0,6.0,6.0,6.0,0
2013-10-11,6.0,6.0,6.0,6.0,6.0,1600
2013-10-15,5.800000190734863,5.800000190734863,5.800000190734863,5.800000190734863,5.800000190734863,600
2013-10-16,5.5,5.599999904632568,5.199999809265137,5.599999904632568,5.599999904632568,9700
2013-10-17,5.599999904632568,5.599999904632568,5.5,5.5,5.5,7800
2013-10-18,5.5,5.5,5.5,5.5,5.5,5100
2013-10-21,5.599999904632568,5.599999904632568,5.599999904632568,5.599999904632568,5.599999904632568,0
2013-10-22,6.199999809265137,6.300000190734863,6.0,6.0,6.0,5700
2013-10-23,6.0,6.0,6.0,6.0,6.0,0
2013-10-24,5.599999904632568,6.400000095367432,5.300000190734863,5.599999904632568,5.599999904632568,12700
2013-10-25,6.0,6.0,6.0,6.0,6.0,3400
2013-10-28,6.0,6.0,6.0,6.0,6.0,0
2013-10-29,6.0,6.0,6.0,6.0,6.0,0
2013-10-30,6.0,6.0,6.0,6.0,6.0,0
2013-10-31,6.099999904632568,6.099999904632568,6.099999904632568,6.099999904632568,6.099999904632568,1000
2013-11-01,6.900000095367432,6.900000095367432,6.0,6.199999809265137,6.199999809265137,21200
2013-11-04,6.0,6.699999809265137,6.0,6.5,6.5,4300
2013-11-05,6.099999904632568,6.5,6.099999904632568,6.5,6.5,11700
2013-11-06,6.400000095367432,6.400000095367432,6.400000095367432,6.400000095367432,6.400000095367432,0
2013-11-07,6.099999904632568,6.599999904632568,6.0,6.599999904632568,6.599999904632568,5600
2013-11-08,6.099999904632568,6.400000095367432,6.0,6.400000095367432,6.400000095367432,500
2013-11-11,6.400000095367432,6.400000095367432,6.400000095367432,6.400000095367432,6.400000095367432,0
2013-11-12,6.400000095367432,6.400000095367432,6.400000095367432,6.400000095367432,6.400000095367432,0
2013-11-13,6.800000190734863,7.0,6.400000095367432,6.400000095367432,6.400000095367432,18400
2013-11-14,6.800000190734863,7.800000190734863,6.800000190734863,7.300000190734863,7.300000190734863,111435
2013-11-15,8.199999809265137,8.199999809265137,6.400000095367432,7.0,7.0,33320
2013-11-18,6.400000095367432,6.599999904632568,6.400000095367432,6.599999904632568,6.599999904632568,3800
2013-11-19,6.300000190734863,6.5,6.099999904632568,6.300000190734863,6.300000190734863,2600
2013-11-20,6.300000190734863,6.400000095367432,6.300000190734863,6.400000095367432,6.400000095367432,7000
2013-11-21,6.300000190734863,6.300000190734863,6.300000190734863,6.300000190734863,6.300000190734863,500
2013-11-22,6.300000190734863,6.400000095367432,6.099999904632568,6.400000095367432,6.400000095367432,7201
2013-11-25,6.800000190734863,6.900000095367432,6.400000095367432,6.5,6.5,1300
2013-11-26,6.5,6.5,6.5,6.5,6.5,0
2013-11-27,6.5,6.5,6.5,6.5,6.5,0
2013-11-28,6.5,6.5,6.5,6.5,6.5,0
2013-11-29,6.199999809265137,6.199999809265137,6.199999809265137,6.300000190734863,6.300000190734863,2358
2013-12-02,6.099999904632568,6.800000190734863,6.099999904632568,6.800000190734863,6.800000190734863,3700
2013-12-03,6.300000190734863,7.300000190734863,6.300000190734863,7.199999809265137,7.199999809265137,10600
2013-12-04,6.400000095367432,6.400000095367432,6.300000190734863,6.5,6.5,1500
2013-12-05,6.199999809265137,6.300000190734863,5.800000190734863,6.099999904632568,6.099999904632568,157100
2013-12-06,5.800000190734863,6.099999904632568,5.699999809265137,5.800000190734863,5.800000190734863,31780
2013-12-09,5.800000190734863,5.900000095367432,5.5,5.800000190734863,5.800000190734863,35600
2013-12-10,5.5,5.599999904632568,4.900000095367432,4.900000095367432,4.900000095367432,668500
2013-12-11,5.099999904632568,5.400000095367432,5.0,5.099999904632568,5.099999904632568,191500
2013-12-12,5.0,5.0,4.5,4.800000190734863,4.800000190734863,281600
2013-12-13,4.5,4.800000190734863,4.5,4.800000190734863,4.800000190734863,56700
2013-12-16,4.599999904632568,5.0,4.599999904632568,4.699999809265137,4.699999809265137,28100
2013-12-17,4.699999809265137,4.699999809265137,4.5,4.599999904632568,4.599999904632568,54400
2013-12-18,4.599999904632568,4.599999904632568,4.5,4.599999904632568,4.599999904632568,13500
2013-12-19,4.5,4.5,4.400000095367432,4.5,4.5,39900
2013-12-20,4.599999904632568,4.599999904632568,4.300000190734863,4.5,4.5,30700
2013-12-23,4.5,4.5,4.5,4.5,4.5,12100
2013-12-24,4.599999904632568,4.599999904632568,4.599999904632568,4.599999904632568,4.599999904632568,400
2013-12-27,4.5,4.599999904632568,4.5,4.5,4.5,4720
2013-12-30,4.300000190734863,4.400000095367432,4.099999904632568,4.300000190734863,4.300000190734863,47800
2013-12-31,4.300000190734863,4.300000190734863,4.199999809265137,4.300000190734863,4.300000190734863,18900
2014-01-02,4.400000095367432,4.5,4.400000095367432,4.400000095367432,4.400000095367432,35900
2014-01-03,4.300000190734863,4.599999904632568,3.799999952316284,3.799999952316284,3.799999952316284,477500
2014-01-06,3.799999952316284,4.0,3.700000047683716,3.799999952316284,3.799999952316284,80200
2014-01-07,3.799999952316284,4.0,3.799999952316284,4.0,4.0,21800
2014-01-08,4.0,4.199999809265137,4.0,4.199999809265137,4.199999809265137,64800
2014-01-09,4.199999809265137,4.199999809265137,4.099999904632568,4.099999904632568,4.099999904632568,39700
2014-01-10,4.0,4.0,3.9000000953674316,3.9000000953674316,3.9000000953674316,5300
2014-01-13,4.0,4.199999809265137,4.0,4.099999904632568,4.099999904632568,37800
2014-01-14,4.099999904632568,4.199999809265137,4.0,4.0,4.0,5700
2014-01-15,4.0,4.199999809265137,3.799999952316284,4.199999809265137,4.199999809265137,36360
2014-01-16,4.099999904632568,4.099999904632568,4.099999904632568,4.099999904632568,4.099999904632568,3100
2014-01-17,3.9000000953674316,4.0,3.799999952316284,4.0,4.0,2100
2014-01-20,4.0,4.0,3.9000000953674316,3.9000000953674316,3.9000000953674316,9500
2014-01-21,4.300000190734863,4.400000095367432,4.0,4.099999904632568,4.099999904632568,53600
2014-01-22,4.0,4.400000095367432,3.9000000953674316,4.400000095367432,4.400000095367432,2500
2014-01-23,4.199999809265137,4.800000190734863,4.199999809265137,4.599999904632568,4.599999904632568,67300
2014-01-24,4.599999904632568,4.599999904632568,4.599999904632568,4.599999904632568,4.599999904632568,0
2014-01-27,4.199999809265137,4.5,4.199999809265137,4.5,4.5,39800
2014-01-28,4.400000095367432,4.400000095367432,4.300000190734863,4.400000095367432,4.400000095367432,3900
2014-01-29,4.400000095367432,4.400000095367432,4.199999809265137,4.300000190734863,4.300000190734863,9700
2014-01-30,4.300000190734863,4.300000190734863,4.300000190734863,4.300000190734863,4.300000190734863,0
2014-02-04,4.300000190734863,4.300000190734863,4.300000190734863,4.300000190734863,4.300000190734863,0
2014-02-05,4.300000190734863,4.300000190734863,4.300000190734863,4.300000190734863,4.300000190734863,4800
2014-02-06,4.099999904632568,4.099999904632568,4.0,4.0,4.0,2500
2014-02-07,4.199999809265137,4.300000190734863,4.099999904632568,4.199999809265137,4.199999809265137,5200
2014-02-10,4.199999809265137,4.199999809265137,4.199999809265137,4.199999809265137,4.199999809265137,0
2014-02-11,4.199999809265137,4.400000095367432,4.099999904632568,4.300000190734863,4.300000190734863,10800
2014-02-12,4.099999904632568,4.400000095367432,4.099999904632568,4.400000095367432,4.400000095367432,3800
2014-02-13,4.300000190734863,4.5,4.300000190734863,4.400000095367432,4.400000095367432,7200
2014-02-14,4.400000095367432,6.5,4.400000095367432,4.599999904632568,4.599999904632568,591000
2014-02-17,4.599999904632568,5.300000190734863,4.5,5.199999809265137,5.199999809265137,261400
2014-02-18,5.0,5.5,4.900000095367432,5.400000095367432,5.400000095367432,95100
2014-02-19,5.400000095367432,5.400000095367432,5.199999809265137,5.199999809265137,5.199999809265137,32600
2014-02-20,5.199999809265137,5.599999904632568,5.199999809265137,5.199999809265137,5.199999809265137,26600
2014-02-21,5.199999809265137,5.400000095367432,5.199999809265137,5.300000190734863,5.300000190734863,27500
2014-02-24,5.199999809265137,5.599999904632568,5.199999809265137,5.199999809265137,5.199999809265137,18620
2014-02-25,5.400000095367432,5.400000095367432,5.099999904632568,5.199999809265137,5.199999809265137,3480
2014-02-26,5.099999904632568,5.199999809265137,5.099999904632568,5.199999809265137,5.199999809265137,3600
2014-02-27,5.099999904632568,5.099999904632568,5.099999904632568,5.099999904632568,5.099999904632568,13800
2014-02-28,5.099999904632568,5.099999904632568,5.0,5.0,5.0,16000
2014-03-03,5.0,5.5,5.0,5.5,5.5,17200
2014-03-04,5.5,5.5,5.099999904632568,5.300000190734863,5.300000190734863,9300
2014-03-05,5.300000190734863,5.300000190734863,5.300000190734863,5.300000190734863,5.300000190734863,2000
2014-03-06,5.199999809265137,5.199999809265137,5.099999904632568,5.199999809265137,5.199999809265137,21200
2014-03-07,5.099999904632568,5.199999809265137,5.099999904632568,5.199999809265137,5.199999809265137,3600
2014-03-10,5.0,5.0,4.900000095367432,4.900000095367432,4.900000095367432,18000
2014-03-11,5.199999809265137,6.300000190734863,5.0,5.900000095367432,5.900000095367432,293400
2014-03-12,5.900000095367432,5.900000095367432,5.199999809265137,5.599999904632568,5.599999904632568,54800
2014-03-13,5.199999809265137,5.800000190734863,5.199999809265137,5.800000190734863,5.800000190734863,21400
2014-03-14,5.699999809265137,5.800000190734863,5.300000190734863,5.800000190734863,5.800000190734863,27500
2014-03-17,5.800000190734863,5.800000190734863,5.800000190734863,5.699999809265137,5.699999809265137,5700
2014-03-18,5.699999809265137,5.699999809265137,5.300000190734863,5.300000190734863,5.300000190734863,9000
2014-03-19,5.400000095367432,5.900000095367432,5.099999904632568,5.800000190734863,5.800000190734863,10800
2014-03-20,5.199999809265137,5.599999904632568,5.199999809265137,5.599999904632568,5.599999904632568,12300
2014-03-21,5.400000095367432,6.199999809265137,5.199999809265137,5.400000095367432,5.400000095367432,9100
2014-03-24,5.300000190734863,5.400000095367432,5.300000190734863,5.400000095367432,5.400000095367432,280
2014-03-25,5.400000095367432,5.400000095367432,5.400000095367432,5.400000095367432,5.400000095367432,0
2014-03-26,5.400000095367432,5.599999904632568,5.0,5.099999904632568,5.099999904632568,18800
2014-03-27,5.099999904632568,5.099999904632568,5.0,5.099999904632568,5.099999904632568,13100
2014-03-28,5.0,5.699999809265137,5.0,5.5,5.5,1400
2014-03-31,5.5,5.5,5.099999904632568,5.099999904632568,5.099999904632568,5200
2014-04-01,5.199999809265137,5.300000190734863,5.199999809265137,5.300000190734863,5.300000190734863,2000
2014-04-02,5.300000190734863,5.599999904632568,5.099999904632568,5.599999904632568,5.599999904632568,8700
2014-04-03,5.099999904632568,5.099999904632568,5.099999904632568,5.099999904632568,5.099999904632568,1000
2014-04-04,5.099999904632568,5.099999904632568,5.099999904632568,5.099999904632568,5.099999904632568,200
2014-04-07,5.199999809265137,5.199999809265137,5.099999904632568,5.099999904632568,5.099999904632568,4200
2014-04-08,5.099999904632568,5.099999904632568,5.099999904632568,5.099999904632568,5.099999904632568,2000
2014-04-09,5.0,5.5,5.0,5.300000190734863,5.300000190734863,11500
2014-04-10,5.300000190734863,5.300000190734863,5.300000190734863,5.300000190734863,5.300000190734863,0
2014-04-11,5.300000190734863,5.300000190734863,5.300000190734863,5.300000190734863,5.300000190734863,0
2014-04-14,5.300000190734863,5.300000190734863,5.0,5.099999904632568,5.099999904632568,4281
2014-04-15,5.099999904632568,5.099999904632568,5.099999904632568,5.099999904632568,5.099999904632568,2000
2014-04-16,5.0,5.199999809265137,5.0,5.199999809265137,5.199999809265137,2900
2014-04-17,4.900000095367432,5.0,4.800000190734863,4.800000190734863,4.800000190734863,16000
2014-04-22,4.800000190734863,4.800000190734863,4.699999809265137,4.800000190734863,4.800000190734863,4400
2014-04-23,4.900000095367432,5.400000095367432,4.800000190734863,5.199999809265137,5.199999809265137,3300
2014-04-24,5.199999809265137,5.199999809265137,5.199999809265137,5.099999904632568,5.099999904632568,100
2014-04-25,5.099999904632568,5.099999904632568,5.099999904632568,5.099999904632568,5.099999904632568,0
2014-04-28,4.900000095367432,4.900000095367432,4.900000095367432,4.900000095367432,4.900000095367432,1600
2014-04-29,4.5,5.0,4.5,5.0,5.0,820
2014-04-30,5.0,5.0,5.0,5.0,5.0,0
2014-05-02,5.400000095367432,5.400000095367432,5.400000095367432,5.099999904632568,5.099999904632568,600
2014-05-05,4.599999904632568,4.900000095367432,4.599999904632568,4.800000190734863,4.800000190734863,3400
2014-05-07,4.800000190734863,4.800000190734863,4.599999904632568,4.599999904632568,4.599999904632568,5500
2014-05-08,4.599999904632568,4.599999904632568,4.599999904632568,4.599999904632568,4.599999904632568,0
2014-05-09,4.599999904632568,4.599999904632568,4.599999904632568,4.599999904632568,4.599999904632568,0
2014-05-12,4.800000190734863,4.800000190734863,4.800000190734863,4.800000190734863,4.800000190734863,0
2014-05-13,4.800000190734863,4.800000190734863,4.800000190734863,4.800000190734863,4.800000190734863,0
2014-05-14,4.800000190734863,4.800000190734863,4.800000190734863,4.800000190734863,4.800000190734863,5300
2014-05-15,4.5,4.5,4.400000095367432,4.400000095367432,4.400000095367432,2200
2014-05-16,4.599999904632568,5.099999904632568,4.599999904632568,5.099999904632568,5.099999904632568,2000
2014-05-19,5.0,5.0,5.0,5.0,5.0,0
2014-05-20,4.599999904632568,4.599999904632568,4.599999904632568,4.599999904632568,4.599999904632568,20000
2014-05-21,4.400000095367432,4.599999904632568,3.799999952316284,4.5,4.5,32600
2014-05-22,4.5,4.599999904632568,4.5,4.599999904632568,4.599999904632568,12900
2014-05-23,4.599999904632568,4.599999904632568,4.599999904632568,4.599999904632568,4.599999904632568,0
2014-05-26,4.599999904632568,4.599999904632568,4.599999904632568,4.599999904632568,4.599999904632568,13000
2014-05-27,4.599999904632568,4.599999904632568,4.599999904632568,4.599999904632568,4.599999904632568,0
2014-05-28,4.900000095367432,4.900000095367432,4.199999809265137,4.400000095367432,4.400000095367432,20200
2014-05-29,4.199999809265137,4.800000190734863,4.199999809265137,4.5,4.5,42900
2014-05-30,4.5,4.5,4.5,4.5,4.5,0
2014-06-03,4.5,4.599999904632568,4.5,4.599999904632568,4.599999904632568,10500
2014-06-04,4.599999904632568,4.599999904632568,4.5,4.5,4.5,17000
2014-06-05,4.5,4.5,4.5,4.5,4.5,0
2014-06-06,4.5,4.5,4.5,4.5,4.5,0
2014-06-09,4.199999809265137,5.699999809265137,4.199999809265137,5.199999809265137,5.199999809265137,7965
2014-06-10,5.099999904632568,5.599999904632568,5.099999904632568,5.099999904632568,5.099999904632568,27900
2014-06-11,5.099999904632568,5.099999904632568,5.099999904632568,5.099999904632568,5.099999904632568,0
2014-06-12,4.5,5.099999904632568,4.5,4.800000190734863,4.800000190734863,34000
2014-06-13,4.900000095367432,4.900000095367432,4.800000190734863,4.800000190734863,4.800000190734863,8100
2014-06-16,4.800000190734863,4.800000190734863,4.800000190734863,5.0,5.0,100
2014-06-17,5.0,5.0,5.0,5.0,5.0,17500
2014-06-18,5.0,5.099999904632568,5.0,5.099999904632568,5.099999904632568,2000
2014-06-19,5.0,5.0,5.0,5.0,5.0,1000
2014-06-20,4.800000190734863,4.800000190734863,4.800000190734863,4.800000190734863,4.800000190734863,3000
2014-06-23,4.800000190734863,4.800000190734863,4.800000190734863,4.800000190734863,4.800000190734863,4000
2014-06-24,4.599999904632568,4.599999904632568,4.599999904632568,4.599999904632568,4.599999904632568,6300
2014-06-25,4.5,5.0,4.5,4.5,4.5,1100
2014-06-26,4.5,4.5,4.5,4.5,4.5,0
2014-06-27,4.5,4.5,4.5,4.5,4.5,0
2014-06-30,4.400000095367432,4.800000190734863,4.300000190734863,4.800000190734863,4.800000190734863,9900
2014-07-02,4.800000190734863,4.800000190734863,4.800000190734863,4.800000190734863,4.800000190734863,0
2014-07-03,4.800000190734863,4.800000190734863,4.800000190734863,4.800000190734863,4.800000190734863,0
2014-07-04,4.699999809265137,5.800000190734863,4.699999809265137,5.400000095367432,5.400000095367432,53600
2014-07-07,5.300000190734863,5.400000095367432,4.599999904632568,5.400000095367432,5.400000095367432,18500
2014-07-08,5.199999809265137,5.400000095367432,5.099999904632568,5.400000095367432,5.400000095367432,22400
2014-07-09,5.400000095367432,5.400000095367432,5.300000190734863,5.300000190734863,5.300000190734863,9100
2014-07-10,5.300000190734863,5.300000190734863,5.300000190734863,5.300000190734863,5.300000190734863,1000
2014-07-11,5.300000190734863,5.300000190734863,5.300000190734863,5.300000190734863,5.300000190734863,400
2014-07-14,5.300000190734863,5.300000190734863,5.300000190734863,5.300000190734863,5.300000190734863,0
2014-07-15,5.300000190734863,5.300000190734863,5.300000190734863,5.300000190734863,5.300000190734863,1000
2014-07-16,4.800000190734863,5.199999809265137,4.800000190734863,5.0,5.0,3600
2014-07-17,5.099999904632568,5.099999904632568,5.099999904632568,5.199999809265137,5.199999809265137,500
2014-07-18,5.300000190734863,5.699999809265137,5.300000190734863,5.5,5.5,14200
2014-07-21,5.599999904632568,5.599999904632568,5.599999904632568,5.599999904632568,5.599999904632568,500
2014-07-22,5.599999904632568,5.599999904632568,5.599999904632568,5.599999904632568,5.599999904632568,0
2014-07-23,5.699999809265137,5.699999809265137,5.5,5.5,5.5,14200
2014-07-24,5.5,5.5,5.5,5.5,5.5,3000
2014-07-25,5.5,5.699999809265137,5.300000190734863,5.400000095367432,5.400000095367432,36200
2014-07-28,5.599999904632568,6.0,5.599999904632568,5.800000190734863,5.800000190734863,68600
2014-07-29,5.400000095367432,5.400000095367432,5.400000095367432,5.5,5.5,800
2014-07-30,5.300000190734863,5.400000095367432,5.099999904632568,5.400000095367432,5.400000095367432,26000
2014-07-31,5.400000095367432,5.400000095367432,5.400000095367432,5.400000095367432,5.400000095367432,1500
2014-08-01,5.5,5.5,5.199999809265137,5.199999809265137,5.199999809265137,1500
2014-08-04,5.099999904632568,5.099999904632568,5.099999904632568,5.099999904632568,5.099999904632568,3000
2014-08-05,6.0,6.0,5.5,5.5,5.5,6800
2014-08-06,5.699999809265137,5.699999809265137,5.199999809265137,5.599999904632568,5.599999904632568,13500
2014-08-07,5.5,5.5,5.199999809265137,5.199999809265137,5.199999809265137,2500
2014-08-08,5.300000190734863,5.699999809265137,5.300000190734863,5.300000190734863,5.300000190734863,3400
2014-08-11,5.5,5.5,5.400000095367432,5.400000095367432,5.400000095367432,15200
2014-08-12,5.400000095367432,5.5,5.099999904632568,5.400000095367432,5.400000095367432,26500
2014-08-13,5.099999904632568,5.400000095367432,4.699999809265137,4.900000095367432,4.900000095367432,100800
2014-08-14,4.800000190734863,5.800000190734863,4.800000190734863,5.300000190734863,5.300000190734863,166100
2014-08-15,5.199999809265137,5.800000190734863,5.099999904632568,5.199999809265137,5.199999809265137,93900
2014-08-18,5.400000095367432,5.400000095367432,5.0,5.199999809265137,5.199999809265137,32400
2014-08-19,5.0,5.300000190734863,4.900000095367432,5.099999904632568,5.099999904632568,33300
2014-08-20,5.0,5.199999809265137,5.0,5.099999904632568,5.099999904632568,27800
2014-08-21,4.900000095367432,5.099999904632568,4.900000095367432,4.900000095367432,4.900000095367432,28700
2014-08-22,5.0,5.099999904632568,4.900000095367432,5.099999904632568,5.099999904632568,10700
2014-08-25,4.900000095367432,5.0,4.900000095367432,4.900000095367432,4.900000095367432,1300
2014-08-26,4.900000095367432,5.0,4.800000190734863,4.900000095367432,4.900000095367432,34000
2014-08-27,4.900000095367432,4.900000095367432,4.900000095367432,4.900000095367432,4.900000095367432,0
2014-08-28,4.699999809265137,4.900000095367432,4.699999809265137,4.900000095367432,4.900000095367432,2700
2014-08-29,4.699999809265137,4.900000095367432,4.699999809265137,4.900000095367432,4.900000095367432,1200
2014-09-01,4.699999809265137,4.900000095367432,4.599999904632568,4.800000190734863,4.800000190734863,19300
2014-09-02,4.699999809265137,4.699999809265137,4.699999809265137,4.699999809265137,4.699999809265137,2500
2014-09-03,4.699999809265137,4.699999809265137,4.699999809265137,4.699999809265137,4.699999809265137,0
2014-09-04,4.5,4.699999809265137,4.5,4.699999809265137,4.699999809265137,2100
2014-09-05,4.5,5.199999809265137,4.5,4.900000095367432,4.900000095367432,38700
2014-09-08,4.900000095367432,4.900000095367432,4.900000095367432,4.900000095367432,4.900000095367432,0
2014-09-10,4.900000095367432,4.900000095367432,4.900000095367432,4.900000095367432,4.900000095367432,4400
2014-09-11,4.900000095367432,4.900000095367432,4.699999809265137,4.900000095367432,4.900000095367432,61600
2014-09-12,5.0,5.0,5.0,5.0,5.0,1500
2014-09-15,5.099999904632568,5.199999809265137,4.900000095367432,5.099999904632568,5.099999904632568,11100
2014-09-16,4.900000095367432,4.900000095367432,4.699999809265137,4.699999809265137,4.699999809265137,5100
2014-09-17,4.900000095367432,5.699999809265137,4.900000095367432,5.0,5.0,171700
2014-09-18,5.099999904632568,5.099999904632568,4.800000190734863,4.900000095367432,4.900000095367432,23100
2014-09-19,4.800000190734863,4.800000190734863,4.800000190734863,4.800000190734863,4.800000190734863,15000
2014-09-22,4.900000095367432,4.900000095367432,4.800000190734863,4.900000095367432,4.900000095367432,15000
2014-09-23,5.0,5.400000095367432,5.0,5.300000190734863,5.300000190734863,39600
2014-09-24,5.300000190734863,5.300000190734863,5.0,5.0,5.0,5000
2014-09-25,5.0,5.0,4.800000190734863,4.800000190734863,4.800000190734863,5500
2014-09-26,4.699999809265137,5.0,4.699999809265137,4.800000190734863,4.800000190734863,14800
2014-09-29,4.699999809265137,4.800000190734863,4.599999904632568,4.599999904632568,4.599999904632568,6300
2014-09-30,4.5,4.699999809265137,4.5,4.699999809265137,4.699999809265137,1300
2014-10-03,4.599999904632568,4.800000190734863,4.599999904632568,4.800000190734863,4.800000190734863,5702
2014-10-06,4.800000190734863,4.800000190734863,4.800000190734863,4.800000190734863,4.800000190734863,0
2014-10-07,4.800000190734863,4.800000190734863,4.800000190734863,4.800000190734863,4.800000190734863,500
2014-10-08,4.699999809265137,4.699999809265137,4.699999809265137,4.699999809265137,4.699999809265137,600
2014-10-09,4.699999809265137,4.699999809265137,4.699999809265137,4.699999809265137,4.699999809265137,200
2014-10-10,4.599999904632568,4.599999904632568,4.599999904632568,4.599999904632568,4.599999904632568,300
2014-10-13,4.900000095367432,5.0,4.900000095367432,5.0,5.0,2600
2014-10-14,5.0,5.0,5.0,5.0,5.0,4100
2014-10-15,5.0,5.0,5.0,5.0,5.0,0
2014-10-16,5.0,5.0,5.0,5.0,5.0,0
2014-10-17,4.900000095367432,4.900000095367432,4.900000095367432,4.900000095367432,4.900000095367432,0
2014-10-20,4.5,4.5,4.400000095367432,4.400000095367432,4.400000095367432,10000
2014-10-21,4.599999904632568,5.5,4.599999904632568,4.800000190734863,4.800000190734863,26700
2014-10-22,4.599999904632568,4.800000190734863,4.599999904632568,5.0,5.0,29200
2014-10-23,4.699999809265137,4.800000190734863,4.5,4.599999904632568,4.599999904632568,69900
2014-10-24,4.599999904632568,4.599999904632568,4.599999904632568,4.599999904632568,4.599999904632568,1000
2014-10-27,4.599999904632568,5.0,4.599999904632568,4.599999904632568,4.599999904632568,18900
2014-10-28,4.699999809265137,4.699999809265137,4.599999904632568,4.599999904632568,4.599999904632568,36700
2014-10-29,4.599999904632568,4.599999904632568,4.5,4.5,4.5,3000
2014-10-30,4.5,4.599999904632568,4.5,4.5,4.5,1500
2014-10-31,4.5,4.5,4.5,4.5,4.5,14200
2014-11-03,4.5,4.5,4.5,4.5,4.5,1900
2014-11-04,4.400000095367432,4.400000095367432,4.400000095367432,4.400000095367432,4.400000095367432,240
2014-11-05,4.400000095367432,4.599999904632568,4.300000190734863,4.5,4.5,5900
2014-11-06,5.199999809265137,5.199999809265137,4.400000095367432,4.599999904632568,4.599999904632568,21200
2014-11-07,4.5,4.599999904632568,4.400000095367432,4.599999904632568,4.599999904632568,12000
2014-11-10,4.599999904632568,4.599999904632568,4.599999904632568,4.599999904632568,4.599999904632568,0
2014-11-11,4.599999904632568,4.599999904632568,4.599999904632568,4.599999904632568,4.599999904632568,0
2014-11-12,4.5,4.5,4.5,4.5,4.5,5000
2014-11-13,4.5,4.5,4.5,4.5,4.5,0
2014-11-14,4.5,4.5,4.5,4.5,4.5,0
2014-11-17,4.400000095367432,4.5,4.300000190734863,4.5,4.5,4000
2014-11-18,4.5,4.5,4.5,4.5,4.5,0
2014-11-19,4.300000190734863,4.300000190734863,4.300000190734863,4.300000190734863,4.300000190734863,6700
2014-11-20,4.400000095367432,5.199999809265137,4.400000095367432,4.800000190734863,4.800000190734863,153700
2014-11-21,4.800000190734863,4.800000190734863,4.699999809265137,4.699999809265137,4.699999809265137,15000
2014-11-24,4.599999904632568,4.599999904632568,4.599999904632568,4.599999904632568,4.599999904632568,3700
2014-11-25,4.599999904632568,5.300000190734863,4.599999904632568,5.199999809265137,5.199999809265137,22600
2014-11-26,5.0,5.400000095367432,5.0,5.300000190734863,5.300000190734863,69600
2014-11-27,5.300000190734863,5.599999904632568,5.300000190734863,5.400000095367432,5.400000095367432,124000
2014-11-28,5.199999809265137,5.199999809265137,5.0,5.0,5.0,6800
2014-12-01,4.800000190734863,5.599999904632568,4.800000190734863,5.0,5.0,18700
2014-12-02,5.0,5.0,5.0,5.0,5.0,5000
2014-12-03,4.900000095367432,5.099999904632568,4.699999809265137,4.900000095367432,4.900000095367432,65700
2014-12-04,5.0,5.199999809265137,5.0,5.199999809265137,5.199999809265137,9600
2014-12-05,5.199999809265137,5.199999809265137,5.199999809265137,5.199999809265137,5.199999809265137,10000
2014-12-08,5.0,5.0,5.0,5.0,5.0,10100
2014-12-09,4.699999809265137,4.699999809265137,4.699999809265137,4.699999809265137,4.699999809265137,3600
2014-12-10,4.800000190734863,4.800000190734863,4.800000190734863,4.800000190734863,4.800000190734863,800
2014-12-11,5.0,5.300000190734863,5.0,5.199999809265137,5.199999809265137,3800
2014-12-12,4.800000190734863,5.300000190734863,4.800000190734863,4.900000095367432,4.900000095367432,12200
2014-12-15,5.199999809265137,6.199999809265137,5.199999809265137,6.0,6.0,168200
2014-12-16,5.300000190734863,7.0,5.300000190734863,6.0,6.0,56200
2014-12-17,6.0,6.5,5.699999809265137,5.699999809265137,5.699999809265137,50800
2014-12-18,5.900000095367432,6.099999904632568,5.599999904632568,6.099999904632568,6.099999904632568,12500
2014-12-19,5.699999809265137,5.699999809265137,5.5,5.5,5.5,18600
2014-12-22,5.5,5.5,5.300000190734863,5.300000190734863,5.300000190734863,14500
2014-12-23,5.300000190734863,7.300000190734863,5.300000190734863,5.5,5.5,42000
2014-12-24,5.599999904632568,6.0,5.599999904632568,5.900000095367432,5.900000095367432,22900
2014-12-29,5.599999904632568,5.900000095367432,5.5,5.900000095367432,5.900000095367432,2100
2014-12-30,5.699999809265137,5.699999809265137,5.699999809265137,5.699999809265137,5.699999809265137,2600
2014-12-31,5.699999809265137,5.699999809265137,5.699999809265137,5.699999809265137,5.699999809265137,0
2015-01-02,5.400000095367432,5.400000095367432,5.400000095367432,5.400000095367432,5.400000095367432,6000
2015-01-05,5.900000095367432,6.0,5.400000095367432,5.400000095367432,5.400000095367432,4400
2015-01-06,5.400000095367432,5.400000095367432,5.400000095367432,5.400000095367432,5.400000095367432,2100
2015-01-07,5.400000095367432,5.400000095367432,5.400000095367432,5.400000095367432,5.400000095367432,0
2015-01-08,5.400000095367432,5.400000095367432,4.900000095367432,5.099999904632568,5.099999904632568,23300
2015-01-09,5.099999904632568,5.099999904632568,5.099999904632568,5.099999904632568,5.099999904632568,0
2015-01-12,5.099999904632568,5.099999904632568,5.099999904632568,5.099999904632568,5.099999904632568,0
2015-01-13,5.099999904632568,5.099999904632568,5.099999904632568,5.099999904632568,5.099999904632568,0
2015-01-14,5.099999904632568,5.099999904632568,5.099999904632568,5.099999904632568,5.099999904632568,0
2015-01-15,6.0,6.0,4.400000095367432,4.900000095367432,4.900000095367432,55100
2015-01-16,4.699999809265137,5.699999809265137,4.699999809265137,5.599999904632568,5.599999904632568,139600
2015-01-19,5.099999904632568,5.5,5.0,5.5,5.5,42700
2015-01-20,5.5,5.699999809265137,4.900000095367432,5.099999904632568,5.099999904632568,88600
2015-01-21,5.199999809265137,5.199999809265137,4.900000095367432,5.099999904632568,5.099999904632568,34900
2015-01-22,5.400000095367432,5.400000095367432,4.900000095367432,5.300000190734863,5.300000190734863,18200
2015-01-23,5.300000190734863,5.900000095367432,5.199999809265137,5.300000190734863,5.300000190734863,35700
2015-01-26,5.699999809265137,10.899999618530273,5.699999809265137,10.800000190734863,10.800000190734863,885400
2015-01-27,11.5,27.0,11.5,17.899999618530273,17.899999618530273,4726581
2015-01-28,19.0,21.0,15.100000381469727,15.199999809265137,15.199999809265137,2027885
2015-01-29,15.300000190734863,16.799999237060547,14.300000190734863,15.699999809265137,15.699999809265137,488000
2015-01-30,15.699999809265137,16.0,13.399999618530273,13.899999618530273,13.899999618530273,266200
2015-02-02,13.899999618530273,13.899999618530273,13.899999618530273,13.899999618530273,13.899999618530273,0
2015-02-03,18.0,23.0,13.699999809265137,13.899999618530273,13.899999618530273,1487300
2015-02-04,14.699999809265137,14.699999809265137,12.5,13.100000381469727,13.100000381469727,306900
2015-02-05,13.100000381469727,13.100000381469727,10.100000381469727,10.699999809265137,10.699999809265137,494700
2015-02-06,10.699999809265137,13.399999618530273,10.0,12.300000190734863,12.300000190734863,896300
2015-02-09,12.300000190734863,13.0,11.699999809265137,12.800000190734863,12.800000190734863,83100
2015-02-10,17.0,17.0,13.800000190734863,13.899999618530273,13.899999618530273,856500
2015-02-11,14.0,14.0,12.800000190734863,13.199999809265137,13.199999809265137,285700
2015-02-12,13.199999809265137,13.199999809265137,12.100000381469727,13.0,13.0,160200
2015-02-13,13.5,13.5,12.0,12.300000190734863,12.300000190734863,81700
2015-02-16,12.399999618530273,12.399999618530273,11.699999809265137,11.800000190734863,11.800000190734863,77400
2015-02-17,11.800000190734863,12.199999809265137,11.699999809265137,11.699999809265137,11.699999809265137,40100
2015-02-18,11.699999809265137,12.0,11.600000381469727,11.600000381469727,11.600000381469727,8500
2015-02-23,11.300000190734863,14.800000190734863,11.300000190734863,12.600000381469727,12.600000381469727,362100
2015-02-24,12.5,13.300000190734863,12.5,13.100000381469727,13.100000381469727,108000
2015-02-25,12.899999618530273,13.0,12.5,12.800000190734863,12.800000190734863,29300
2015-02-26,12.5,12.800000190734863,12.0,12.600000381469727,12.600000381469727,52000
2015-02-27,12.600000381469727,12.600000381469727,11.899999618530273,12.0,12.0,106000
2015-03-02,12.0,12.0,11.600000381469727,11.600000381469727,11.600000381469727,41500
2015-03-03,11.300000190734863,12.5,10.800000190734863,11.899999618530273,11.899999618530273,11700
2015-03-04,11.699999809265137,11.600000381469727,11.0,11.100000381469727,11.100000381469727,37000
2015-03-05,10.699999809265137,11.399999618530273,10.699999809265137,10.800000190734863,10.800000190734863,85400
2015-03-06,10.699999809265137,11.600000381469727,10.800000190734863,11.300000190734863,11.300000190734863,79300
2015-03-09,11.399999618530273,11.399999618530273,10.5,10.699999809265137,10.699999809265137,29500
2015-03-10,11.0,13.399999618530273,9.800000190734863,12.5,12.5,401600
2015-03-11,12.5,13.800000190734863,11.100000381469727,12.0,12.0,293500
2015-03-12,12.100000381469727,13.0,11.5,11.699999809265137,11.699999809265137,127100
2015-03-13,12.199999809265137,13.199999809265137,11.600000381469727,11.800000190734863,11.800000190734863,679200
2015-03-16,12.0,12.0,11.100000381469727,11.199999809265137,11.199999809265137,199100
2015-03-17,11.0,11.100000381469727,10.800000190734863,11.0,11.0,82000
2015-03-18,10.699999809265137,11.199999809265137,10.5,10.5,10.5,103000
2015-03-19,10.600000381469727,11.100000381469727,10.100000381469727,10.100000381469727,10.100000381469727,89700
2015-03-20,10.399999618530273,10.800000190734863,10.0,10.399999618530273,10.399999618530273,86600
2015-03-23,10.199999809265137,10.199999809265137,9.5,9.800000190734863,9.800000190734863,106600
2015-03-24,9.800000190734863,10.5,9.399999618530273,9.800000190734863,9.800000190734863,141000
2015-03-25,10.199999809265137,11.0,10.0,10.0,10.0,189600
2015-03-26,9.899999618530273,10.399999618530273,9.699999809265137,9.699999809265137,9.699999809265137,155600
2015-03-27,9.699999809265137,10.600000381469727,9.699999809265137,9.899999618530273,9.899999618530273,95900
2015-03-30,9.800000190734863,10.199999809265137,9.600000381469727,9.699999809265137,9.699999809265137,86100
2015-03-31,9.600000381469727,10.0,9.5,9.800000190734863,9.800000190734863,191700
2015-04-01,10.0,10.600000381469727,9.899999618530273,9.899999618530273,9.899999618530273,370700
2015-04-02,10.0,10.5,10.0,10.100000381469727,10.100000381469727,173300
2015-04-08,10.5,10.5,10.0,10.399999618530273,10.399999618530273,131800
2015-04-09,10.399999618530273,10.800000190734863,9.600000381469727,9.899999618530273,9.899999618530273,178300
2015-04-10,10.0,10.199999809265137,9.699999809265137,10.199999809265137,10.199999809265137,132200
2015-04-13,10.199999809265137,12.0,10.0,11.699999809265137,11.699999809265137,621780
2015-04-14,12.0,12.0,11.300000190734863,11.699999809265137,11.699999809265137,222620
2015-04-15,11.899999618530273,15.300000190734863,11.899999618530273,13.699999809265137,13.699999809265137,1011700
2015-04-16,14.0,14.699999809265137,12.600000381469727,13.5,13.5,435600
2015-04-17,13.800000190734863,13.899999618530273,13.0,13.0,13.0,201500
2015-04-20,13.0,13.0,12.0,12.300000190734863,12.300000190734863,253500
2015-04-21,12.100000381469727,15.100000381469727,12.100000381469727,14.800000190734863,14.800000190734863,828000
2015-04-22,15.100000381469727,16.399999618530273,15.0,15.600000381469727,15.600000381469727,537500
2015-04-23,17.0,19.0,14.0,14.300000190734863,14.300000190734863,1555585
2015-04-24,14.800000190734863,15.600000381469727,14.399999618530273,15.300000190734863,15.300000190734863,280200
2015-04-27,15.399999618530273,15.699999809265137,14.800000190734863,14.899999618530273,14.899999618530273,166700
2015-04-28,14.899999618530273,15.100000381469727,14.0,14.399999618530273,14.399999618530273,217900
2015-04-29,14.199999809265137,14.800000190734863,14.0,14.600000381469727,14.600000381469727,268500
2015-04-30,14.800000190734863,15.899999618530273,14.100000381469727,15.300000190734863,15.300000190734863,504000
2015-05-04,15.199999809265137,16.799999237060547,14.5,16.600000381469727,16.600000381469727,580800
2015-05-05,17.399999618530273,18.899999618530273,16.0,16.700000762939453,16.700000762939453,1536500
2015-05-06,17.0,17.700000762939453,16.399999618530273,16.700000762939453,16.700000762939453,289400
2015-05-07,16.5,16.700000762939453,15.5,15.699999809265137,15.699999809265137,231600
2015-05-08,15.699999809265137,15.899999618530273,15.0,15.199999809265137,15.199999809265137,101400
2015-05-11,15.600000381469727,16.399999618530273,14.800000190734863,16.200000762939453,16.200000762939453,355600
2015-05-12,16.600000381469727,16.600000381469727,15.399999618530273,15.399999618530273,15.399999618530273,180800
2015-05-13,15.699999809265137,15.800000190734863,15.399999618530273,15.5,15.5,70300
2015-05-14,15.600000381469727,15.800000190734863,15.199999809265137,15.399999618530273,15.399999618530273,89069
2015-05-15,15.199999809265137,15.399999618530273,14.100000381469727,15.199999809265137,15.199999809265137,118100
2015-05-18,15.399999618530273,15.399999618530273,14.0,14.699999809265137,14.699999809265137,206200
2015-05-19,14.600000381469727,17.0,14.300000190734863,16.0,16.0,561800
2015-05-20,16.0,16.899999618530273,15.600000381469727,15.600000381469727,15.600000381469727,103500
2015-05-21,16.399999618530273,16.399999618530273,15.600000381469727,15.699999809265137,15.699999809265137,80100
2015-05-22,15.699999809265137,16.200000762939453,15.600000381469727,16.100000381469727,16.100000381469727,110700
2015-05-26,16.200000762939453,16.399999618530273,16.0,16.100000381469727,16.100000381469727,130100
2015-05-27,16.0,16.0,15.100000381469727,15.600000381469727,15.600000381469727,157500
2015-05-28,15.600000381469727,16.299999237060547,15.300000190734863,15.800000190734863,15.800000190734863,246000
2015-05-29,15.800000190734863,16.0,15.0,15.399999618530273,15.399999618530273,162480
2015-06-01,15.699999809265137,16.100000381469727,15.399999618530273,15.699999809265137,15.699999809265137,142800
2015-06-02,15.600000381469727,15.899999618530273,15.399999618530273,15.800000190734863,15.800000190734863,171200
2015-06-03,15.800000190734863,17.899999618530273,15.600000381469727,17.399999618530273,17.399999618530273,1055100
2015-06-04,17.799999237060547,17.799999237060547,16.0,16.600000381469727,16.600000381469727,323900
2015-06-05,16.700000762939453,17.100000381469727,16.299999237060547,16.799999237060547,16.799999237060547,216100
2015-06-08,17.200000762939453,24.5,16.899999618530273,22.799999237060547,22.799999237060547,3907580
2015-06-09,22.100000381469727,22.600000381469727,18.399999618530273,21.200000762939453,21.200000762939453,1416200
2015-06-10,21.200000762939453,22.899999618530273,19.5,19.799999237060547,19.799999237060547,685000
2015-06-11,20.600000381469727,21.399999618530273,18.899999618530273,20.0,20.0,185700
2015-06-12,20.399999618530273,20.700000762939453,19.700000762939453,20.299999237060547,20.299999237060547,193200
2015-06-15,21.5,21.5,19.0,19.200000762939453,19.200000762939453,196600
2015-06-16,19.200000762939453,19.200000762939453,17.799999237060547,18.200000762939453,18.200000762939453,162100
2015-06-17,17.899999618530273,18.0,17.0,18.0,18.0,124200
2015-06-18,17.5,19.399999618530273,17.200000762939453,18.200000762939453,18.200000762939453,88200
2015-06-19,18.799999237060547,18.899999618530273,17.700000762939453,18.0,18.0,46800
2015-06-22,18.0,18.299999237060547,17.299999237060547,17.399999618530273,17.399999618530273,45200
2015-06-23,17.299999237060547,18.0,17.299999237060547,17.399999618530273,17.399999618530273,53000
2015-06-24,17.299999237060547,18.299999237060547,17.200000762939453,17.899999618530273,17.899999618530273,84500
2015-06-25,17.899999618530273,18.0,17.0,17.299999237060547,17.299999237060547,115100
2015-06-26,17.0,17.5,17.0,17.0,17.0,30399
2015-06-29,17.5,17.5,15.0,15.699999809265137,15.699999809265137,83900
2015-06-30,15.399999618530273,16.399999618530273,14.399999618530273,16.299999237060547,16.299999237060547,497702
2015-07-02,15.399999618530273,15.800000190734863,15.199999809265137,15.399999618530273,15.399999618530273,276298
2015-07-03,15.199999809265137,15.199999809265137,13.699999809265137,13.699999809265137,13.699999809265137,219700
2015-07-06,14.699999809265137,14.699999809265137,10.0,11.100000381469727,11.100000381469727,196200
2015-07-07,11.399999618530273,14.0,10.0,10.300000190734863,10.300000190734863,96700
2015-07-08,9.399999618530273,9.600000381469727,8.5,8.899999618530273,8.899999618530273,171800
2015-07-09,9.300000190734863,11.899999618530273,9.300000190734863,11.100000381469727,11.100000381469727,93300
2015-07-10,11.800000190734863,13.5,11.800000190734863,12.600000381469727,12.600000381469727,82800
2015-07-13,12.5,13.199999809265137,12.5,13.100000381469727,13.100000381469727,61800
2015-07-14,13.0,13.5,12.100000381469727,13.300000190734863,13.300000190734863,33900
2015-07-15,14.699999809265137,14.699999809265137,12.5,13.100000381469727,13.100000381469727,29100
2015-07-16,13.0,13.0,12.899999618530273,13.0,13.0,4000
2015-07-17,13.0,13.800000190734863,13.0,13.600000381469727,13.600000381469727,61900
2015-07-20,13.600000381469727,13.600000381469727,12.5,13.199999809265137,13.199999809265137,17500
2015-07-21,13.899999618530273,13.899999618530273,11.899999618530273,12.399999618530273,12.399999618530273,246300
2015-07-22,13.0,13.0,12.199999809265137,12.600000381469727,12.600000381469727,25700
2015-07-23,12.5,13.0,12.100000381469727,12.800000190734863,12.800000190734863,39800
2015-07-24,12.300000190734863,13.0,12.300000190734863,13.0,13.0,6900
2015-07-27,12.300000190734863,12.399999618530273,12.0,12.199999809265137,12.199999809265137,19600
2015-07-28,12.199999809265137,12.399999618530273,11.399999618530273,12.0,12.0,79600
2015-07-29,12.0,12.100000381469727,11.699999809265137,11.800000190734863,11.800000190734863,12000
2015-07-30,11.699999809265137,12.199999809265137,11.699999809265137,11.699999809265137,11.699999809265137,22300
2015-07-31,11.399999618530273,11.899999618530273,11.300000190734863,11.5,11.5,5500
2015-08-03,11.100000381469727,11.600000381469727,10.300000190734863,10.699999809265137,10.699999809265137,37100
2015-08-04,10.100000381469727,10.699999809265137,10.0,10.600000381469727,10.600000381469727,15600
2015-08-05,10.699999809265137,10.899999618530273,10.699999809265137,10.800000190734863,10.800000190734863,14000
2015-08-06,10.699999809265137,10.699999809265137,10.699999809265137,10.699999809265137,10.699999809265137,6100
2015-08-07,10.5,10.5,10.100000381469727,10.399999618530273,10.399999618530273,17100
2015-08-10,10.399999618530273,10.399999618530273,10.100000381469727,10.399999618530273,10.399999618530273,5300
2015-08-11,10.199999809265137,11.199999809265137,10.199999809265137,10.699999809265137,10.699999809265137,7700
2015-08-12,10.100000381469727,10.199999809265137,10.100000381469727,10.199999809265137,10.199999809265137,3000
2015-08-13,10.899999618530273,11.300000190734863,10.300000190734863,10.300000190734863,10.300000190734863,7600
2015-08-14,10.300000190734863,10.399999618530273,10.300000190734863,10.399999618530273,10.399999618530273,5900
2015-08-17,10.300000190734863,10.300000190734863,10.199999809265137,10.199999809265137,10.199999809265137,200
2015-08-18,10.300000190734863,10.300000190734863,10.100000381469727,10.100000381469727,10.100000381469727,15000
2015-08-19,10.0,10.100000381469727,9.800000190734863,10.100000381469727,10.100000381469727,10100
2015-08-20,10.100000381469727,9.899999618530273,9.600000381469727,9.899999618530273,9.899999618530273,110500
2015-08-21,9.399999618530273,9.5,8.699999809265137,9.5,9.5,31200
2015-08-24,8.0,8.899999618530273,7.5,8.300000190734863,8.300000190734863,182200
2015-08-25,8.600000381469727,8.699999809265137,8.0,8.0,8.0,43100
2015-08-26,8.399999618530273,8.800000190734863,8.199999809265137,8.600000381469727,8.600000381469727,52800
2015-08-27,9.0,9.300000190734863,8.699999809265137,8.899999618530273,8.899999618530273,178500
2015-08-28,9.199999809265137,9.699999809265137,9.199999809265137,9.600000381469727,9.600000381469727,141300
2015-08-31,9.300000190734863,9.699999809265137,8.0,8.300000190734863,8.300000190734863,78100
2015-09-01,8.0,8.5,8.0,8.5,8.5,9200
2015-09-02,8.100000381469727,8.899999618530273,7.599999904632568,8.699999809265137,8.699999809265137,31800
2015-09-04,9.5,9.5,8.699999809265137,8.699999809265137,8.699999809265137,900
2015-09-07,8.5,8.5,8.5,8.5,8.5,0
2015-09-08,8.399999618530273,8.399999618530273,8.399999618530273,8.399999618530273,8.399999618530273,600
2015-09-09,8.399999618530273,9.5,8.399999618530273,9.300000190734863,9.300000190734863,23800
2015-09-10,9.300000190734863,9.5,9.0,9.0,9.0,9100
2015-09-11,9.300000190734863,9.300000190734863,8.5,9.0,9.0,1000
2015-09-14,8.399999618530273,8.800000190734863,8.100000381469727,8.800000190734863,8.800000190734863,3900
2015-09-15,9.699999809265137,9.699999809265137,8.399999618530273,8.800000190734863,8.800000190734863,10000
2015-09-16,8.800000190734863,8.800000190734863,8.199999809265137,8.800000190734863,8.800000190734863,16800
2015-09-17,8.399999618530273,8.899999618530273,8.399999618530273,8.899999618530273,8.899999618530273,2400
2015-09-18,8.100000381469727,8.800000190734863,7.800000190734863,8.600000381469727,8.600000381469727,10000
2015-09-21,8.199999809265137,8.800000190734863,7.800000190734863,8.600000381469727,8.600000381469727,800
2015-09-22,8.100000381469727,8.5,8.100000381469727,8.300000190734863,8.300000190734863,400
2015-09-23,8.100000381469727,9.0,7.900000095367432,8.800000190734863,8.800000190734863,16200
2015-09-24,8.800000190734863,8.800000190734863,8.800000190734863,8.800000190734863,8.800000190734863,0
2015-09-25,9.800000190734863,9.800000190734863,8.800000190734863,9.300000190734863,9.300000190734863,300
2015-09-29,8.0,8.5,8.0,8.899999618530273,8.899999618530273,800
2015-09-30,8.199999809265137,8.899999618530273,8.199999809265137,8.899999618530273,8.899999618530273,700
2015-10-02,8.899999618530273,8.899999618530273,8.100000381469727,8.199999809265137,8.199999809265137,1100
2015-10-05,8.199999809265137,8.399999618530273,8.199999809265137,8.399999618530273,8.399999618530273,1300
2015-10-06,8.199999809265137,8.800000190734863,8.0,8.5,8.5,6600
2015-10-07,8.600000381469727,9.5,8.600000381469727,8.899999618530273,8.899999618530273,12600
2015-10-08,8.300000190734863,8.800000190734863,8.100000381469727,8.300000190734863,8.300000190734863,39900
2015-10-09,8.899999618530273,9.5,8.399999618530273,8.399999618530273,8.399999618530273,15200
2015-10-12,9.0,8.5,8.399999618530273,8.5,8.5,4900
2015-10-13,8.199999809265137,8.600000381469727,8.100000381469727,8.5,8.5,10720
2015-10-14,8.5,8.5,8.399999618530273,8.399999618530273,8.399999618530273,5000
2015-10-15,8.199999809265137,8.5,8.100000381469727,8.5,8.5,11300
2015-10-16,8.5,8.600000381469727,8.199999809265137,8.300000190734863,8.300000190734863,20500
2015-10-19,8.600000381469727,8.600000381469727,7.599999904632568,8.0,8.0,15400
2015-10-20,8.0,8.899999618530273,8.0,8.199999809265137,8.199999809265137,14400
2015-10-22,8.199999809265137,8.199999809265137,7.900000095367432,8.0,8.0,16000
2015-10-23,8.0,8.300000190734863,8.0,8.100000381469727,8.100000381469727,26100
2015-10-26,8.399999618530273,8.5,7.900000095367432,8.0,8.0,19500
2015-10-27,7.699999809265137,7.800000190734863,7.5,7.800000190734863,7.800000190734863,14500
2015-10-28,7.5,7.900000095367432,7.5,7.699999809265137,7.699999809265137,3000
2015-10-29,7.699999809265137,9.600000381469727,7.599999904632568,8.300000190734863,8.300000190734863,63600
2015-10-30,8.0,8.800000190734863,8.0,8.5,8.5,56000
2015-11-02,8.5,8.5,8.199999809265137,8.300000190734863,8.300000190734863,9600
2015-11-03,8.300000190734863,8.800000190734863,8.100000381469727,8.600000381469727,8.600000381469727,12800
2015-11-04,8.800000190734863,8.800000190734863,8.600000381469727,8.600000381469727,8.600000381469727,18500
2015-11-05,8.600000381469727,8.800000190734863,8.199999809265137,8.199999809265137,8.199999809265137,25100
2015-11-06,8.5,9.399999618530273,8.5,9.0,9.0,127100
2015-11-09,8.699999809265137,9.399999618530273,8.5,8.800000190734863,8.800000190734863,29000
2015-11-10,8.199999809265137,8.600000381469727,8.199999809265137,8.5,8.5,6900
2015-11-11,8.300000190734863,8.600000381469727,8.199999809265137,8.600000381469727,8.600000381469727,3200
2015-11-12,8.399999618530273,8.399999618530273,8.300000190734863,8.5,8.5,6300
2015-11-13,8.399999618530273,8.399999618530273,8.300000190734863,8.300000190734863,8.300000190734863,5000
2015-11-16,8.300000190734863,8.300000190734863,8.300000190734863,8.300000190734863,8.300000190734863,0
2015-11-17,8.300000190734863,8.300000190734863,8.199999809265137,8.199999809265137,8.199999809265137,24000
2015-11-18,8.0,8.0,7.800000190734863,7.900000095367432,7.900000095367432,10000
2015-11-19,8.199999809265137,8.199999809265137,7.900000095367432,8.0,8.0,600
2015-11-20,8.100000381469727,8.399999618530273,8.0,8.199999809265137,8.199999809265137,2600
2015-11-23,8.100000381469727,8.100000381469727,7.5,7.800000190734863,7.800000190734863,9800
2015-11-24,7.900000095367432,8.0,7.900000095367432,7.900000095367432,7.900000095367432,1800
2015-11-25,7.800000190734863,8.0,7.699999809265137,7.699999809265137,7.699999809265137,14500
2015-11-26,7.699999809265137,7.699999809265137,7.599999904632568,7.599999904632568,7.599999904632568,18500
2015-11-27,7.599999904632568,7.900000095367432,7.5,7.900000095367432,7.900000095367432,42500
2015-11-30,7.400000095367432,7.5,7.400000095367432,7.5,7.5,2300
2015-12-01,7.5,7.5,7.199999809265137,7.199999809265137,7.199999809265137,26300
2015-12-02,7.199999809265137,7.800000190734863,7.099999904632568,7.699999809265137,7.699999809265137,61900
2015-12-03,7.5,7.5,7.099999904632568,7.099999904632568,7.099999904632568,15000
2015-12-04,7.099999904632568,7.400000095367432,7.099999904632568,7.199999809265137,7.199999809265137,7100
2015-12-07,7.199999809265137,7.199999809265137,7.199999809265137,7.199999809265137,7.199999809265137,0
2015-12-08,7.300000190734863,7.300000190734863,6.900000095367432,6.900000095367432,6.900000095367432,5100
2015-12-09,7.099999904632568,7.099999904632568,7.0,7.0,7.0,500
2015-12-10,6.800000190734863,7.0,6.599999904632568,6.800000190734863,6.800000190734863,1900
2015-12-11,6.900000095367432,6.800000190734863,6.800000190734863,6.800000190734863,6.800000190734863,800
2015-12-14,6.5,6.900000095367432,6.400000095367432,6.800000190734863,6.800000190734863,22600
2015-12-15,7.0,7.400000095367432,6.599999904632568,7.099999904632568,7.099999904632568,70000
2015-12-16,6.800000190734863,7.300000190734863,6.599999904632568,6.900000095367432,6.900000095367432,38000
2015-12-17,7.199999809265137,7.400000095367432,6.599999904632568,7.300000190734863,7.300000190734863,66200
2015-12-18,6.900000095367432,7.0,6.0,6.800000190734863,6.800000190734863,42900
2015-12-21,6.800000190734863,6.800000190734863,6.800000190734863,6.800000190734863,6.800000190734863,0
2015-12-22,6.699999809265137,6.699999809265137,6.699999809265137,6.699999809265137,6.699999809265137,2200
2015-12-23,6.900000095367432,7.099999904632568,6.300000190734863,6.800000190734863,6.800000190734863,14300
2015-12-24,7.099999904632568,7.099999904632568,7.099999904632568,7.099999904632568,7.099999904632568,0
2015-12-28,7.099999904632568,7.099999904632568,7.099999904632568,7.099999904632568,7.099999904632568,0
2015-12-29,6.5,7.099999904632568,6.5,6.699999809265137,6.699999809265137,7800
2015-12-30,7.099999904632568,7.099999904632568,6.599999904632568,6.699999809265137,6.699999809265137,33200
2015-12-31,7.199999809265137,7.199999809265137,7.199999809265137,7.199999809265137,7.199999809265137,0
2016-01-04,7.199999809265137,7.199999809265137,7.199999809265137,7.199999809265137,7.199999809265137,0
2016-01-05,7.400000095367432,7.400000095367432,6.5,7.099999904632568,7.099999904632568,300
2016-01-06,7.099999904632568,7.099999904632568,7.099999904632568,7.099999904632568,7.099999904632568,0
2016-01-07,7.099999904632568,7.099999904632568,7.099999904632568,7.099999904632568,7.099999904632568,0
2016-01-08,6.800000190734863,6.800000190734863,6.800000190734863,6.800000190734863,6.800000190734863,0
2016-01-11,6.199999809265137,6.5,6.199999809265137,6.5,6.5,2600
2016-01-12,6.5,6.599999904632568,6.099999904632568,6.599999904632568,6.599999904632568,2900
2016-01-13,6.900000095367432,6.900000095367432,6.900000095367432,6.699999809265137,6.699999809265137,100
2016-01-14,6.699999809265137,6.699999809265137,6.699999809265137,6.699999809265137,6.699999809265137,0
2016-01-15,6.5,6.800000190734863,6.5,6.800000190734863,6.800000190734863,1200
2016-01-18,6.0,6.199999809265137,5.400000095367432,5.400000095367432,5.400000095367432,99900
2016-01-19,5.0,5.099999904632568,4.5,4.900000095367432,4.900000095367432,88600
2016-01-20,4.800000190734863,4.800000190734863,4.199999809265137,4.699999809265137,4.699999809265137,58200
2016-01-21,4.300000190734863,4.300000190734863,4.199999809265137,4.199999809265137,4.199999809265137,15200
2016-01-22,4.199999809265137,4.199999809265137,4.199999809265137,4.199999809265137,4.199999809265137,4900
2016-01-25,3.5999999046325684,4.400000095367432,3.5999999046325684,3.799999952316284,3.799999952316284,23200
2016-01-26,3.700000047683716,3.700000047683716,3.700000047683716,3.799999952316284,3.799999952316284,2000
2016-01-27,4.0,4.199999809265137,3.700000047683716,3.799999952316284,3.799999952316284,34000
2016-01-28,4.199999809265137,4.199999809265137,3.5999999046325684,3.700000047683716,3.700000047683716,17200
2016-01-29,4.0,4.099999904632568,3.799999952316284,4.0,4.0,4200
2016-02-01,4.0,5.0,3.9000000953674316,5.0,5.0,39400
2016-02-02,5.0,6.400000095367432,5.0,6.099999904632568,6.099999904632568,160200
2016-02-03,6.099999904632568,7.0,5.800000190734863,6.800000190734863,6.800000190734863,89300
2016-02-04,6.699999809265137,7.800000190734863,6.699999809265137,7.800000190734863,7.800000190734863,69101
2016-02-05,7.900000095367432,9.899999618530273,7.900000095367432,9.100000381469727,9.100000381469727,269800
2016-02-11,8.399999618530273,9.899999618530273,8.399999618530273,9.600000381469727,9.600000381469727,59400
2016-02-12,9.899999618530273,12.0,9.600000381469727,10.600000381469727,10.600000381469727,456400
2016-02-15,11.0,11.199999809265137,9.899999618530273,9.899999618530273,9.899999618530273,183400
2016-02-16,9.600000381469727,10.300000190734863,8.899999618530273,9.0,9.0,111700
2016-02-17,9.100000381469727,9.199999809265137,8.5,8.699999809265137,8.699999809265137,95600
2016-02-18,9.0,10.5,9.0,10.100000381469727,10.100000381469727,60100
2016-02-19,10.0,11.0,9.899999618530273,10.199999809265137,10.199999809265137,40200
2016-02-22,10.5,10.5,10.100000381469727,10.399999618530273,10.399999618530273,26700
2016-02-23,10.5,10.899999618530273,10.199999809265137,10.399999618530273,10.399999618530273,20000
2016-02-24,10.399999618530273,10.800000190734863,10.0,10.399999618530273,10.399999618530273,34300
2016-02-25,10.399999618530273,10.699999809265137,10.100000381469727,10.5,10.5,20500
2016-02-26,10.399999618530273,10.800000190734863,10.199999809265137,10.600000381469727,10.600000381469727,6400
2016-02-29,10.5,10.899999618530273,10.399999618530273,10.800000190734863,10.800000190734863,58800
2016-03-01,10.800000190734863,10.899999618530273,10.699999809265137,10.800000190734863,10.800000190734863,25500
2016-03-02,10.800000190734863,11.0,10.600000381469727,11.0,11.0,41000
2016-03-03,10.600000381469727,11.0,10.600000381469727,11.0,11.0,29000
2016-03-04,10.800000190734863,11.0,10.800000190734863,11.0,11.0,4000
2016-03-07,10.899999618530273,11.0,10.800000190734863,11.0,11.0,32000
2016-03-08,10.899999618530273,11.0,10.699999809265137,11.0,11.0,35200
2016-03-09,11.0,11.100000381469727,10.699999809265137,11.0,11.0,13900
2016-03-10,10.699999809265137,11.0,10.600000381469727,11.0,11.0,38600
2016-03-11,10.899999618530273,11.0,10.600000381469727,11.0,11.0,28400
2016-03-14,10.800000190734863,10.899999618530273,10.699999809265137,10.800000190734863,10.800000190734863,13500
2016-03-15,10.800000190734863,10.800000190734863,10.5,10.699999809265137,10.699999809265137,100900
2016-03-16,10.699999809265137,10.800000190734863,10.600000381469727,10.699999809265137,10.699999809265137,8700
2016-03-17,10.699999809265137,10.800000190734863,10.199999809265137,10.699999809265137,10.699999809265137,52600
2016-03-18,10.699999809265137,10.699999809265137,10.5,10.699999809265137,10.699999809265137,19600
2016-03-21,10.699999809265137,10.800000190734863,10.600000381469727,10.699999809265137,10.699999809265137,17700
2016-03-22,10.699999809265137,10.800000190734863,10.600000381469727,10.800000190734863,10.800000190734863,5000
2016-03-23,10.800000190734863,11.0,10.699999809265137,10.899999618530273,10.899999618530273,13200
2016-03-24,10.800000190734863,12.100000381469727,10.600000381469727,11.199999809265137,11.199999809265137,47400
2016-03-29,11.399999618530273,11.399999618530273,10.899999618530273,11.199999809265137,11.199999809265137,21300
2016-03-30,11.399999618530273,11.399999618530273,11.100000381469727,11.399999618530273,11.399999618530273,5600
2016-03-31,11.300000190734863,11.399999618530273,11.100000381469727,11.300000190734863,11.300000190734863,15000
2016-04-01,11.300000190734863,11.300000190734863,10.600000381469727,11.0,11.0,52400
2016-04-05,11.0,11.0,11.0,11.0,11.0,2200
2016-04-06,10.800000190734863,10.800000190734863,10.199999809265137,10.800000190734863,10.800000190734863,53600
2016-04-07,10.699999809265137,10.800000190734863,10.5,10.800000190734863,10.800000190734863,10100
2016-04-08,10.300000190734863,10.300000190734863,10.300000190734863,10.300000190734863,10.300000190734863,10100
2016-04-11,10.800000190734863,10.800000190734863,10.199999809265137,10.5,10.5,11800
2016-04-12,10.5,10.800000190734863,10.5,10.699999809265137,10.699999809265137,6700
2016-04-13,11.0,11.0,10.600000381469727,10.800000190734863,10.800000190734863,8800
2016-04-14,10.800000190734863,10.800000190734863,10.399999618530273,10.699999809265137,10.699999809265137,15700
2016-04-15,10.800000190734863,10.800000190734863,10.300000190734863,10.600000381469727,10.600000381469727,23200
2016-04-18,10.600000381469727,10.800000190734863,10.300000190734863,10.399999618530273,10.399999618530273,24700
2016-04-19,10.399999618530273,10.600000381469727,10.100000381469727,10.600000381469727,10.600000381469727,31600
2016-04-20,10.5,10.699999809265137,10.300000190734863,10.600000381469727,10.600000381469727,8600
2016-04-21,10.600000381469727,10.699999809265137,10.199999809265137,10.699999809265137,10.699999809265137,9700
2016-04-22,10.600000381469727,10.600000381469727,10.199999809265137,10.5,10.5,11500
2016-04-25,10.5,10.5,9.800000190734863,10.5,10.5,55900
2016-04-26,10.800000190734863,10.899999618530273,10.300000190734863,10.899999618530273,10.899999618530273,69500
2016-04-27,10.899999618530273,10.899999618530273,10.199999809265137,10.800000190734863,10.800000190734863,15100
2016-04-28,10.899999618530273,10.899999618530273,10.5,10.800000190734863,10.800000190734863,36800
2016-04-29,10.699999809265137,10.899999618530273,10.600000381469727,10.699999809265137,10.699999809265137,15900
2016-05-03,10.800000190734863,11.100000381469727,10.699999809265137,10.800000190734863,10.800000190734863,24609
2016-05-04,10.699999809265137,10.899999618530273,10.600000381469727,10.899999618530273,10.899999618530273,16700
2016-05-05,10.899999618530273,10.899999618530273,10.699999809265137,10.899999618530273,10.899999618530273,7300
2016-05-06,10.800000190734863,10.899999618530273,10.600000381469727,10.699999809265137,10.699999809265137,9900
2016-05-09,10.699999809265137,10.800000190734863,10.5,10.699999809265137,10.699999809265137,13800
2016-05-10,10.699999809265137,10.800000190734863,10.199999809265137,10.5,10.5,78700
2016-05-11,10.5,10.5,10.0,10.300000190734863,10.300000190734863,44600
2016-05-12,10.300000190734863,10.5,10.0,10.5,10.5,23300
2016-05-13,10.600000381469727,10.600000381469727,10.399999618530273,10.399999618530273,10.399999618530273,1500
2016-05-16,10.300000190734863,10.5,10.0,10.5,10.5,33600
2016-05-17,10.399999618530273,10.5,10.0,10.399999618530273,10.399999618530273,48000
2016-05-18,10.399999618530273,10.399999618530273,10.399999618530273,10.399999618530273,10.399999618530273,10000
2016-05-19,10.300000190734863,11.399999618530273,10.300000190734863,10.899999618530273,10.899999618530273,89700
2016-05-20,10.800000190734863,11.0,10.300000190734863,10.899999618530273,10.899999618530273,51000
2016-05-23,10.600000381469727,10.600000381469727,10.399999618530273,10.5,10.5,7300
2016-05-24,10.5,10.800000190734863,10.5,10.800000190734863,10.800000190734863,2300
2016-05-25,10.699999809265137,10.699999809265137,10.699999809265137,10.699999809265137,10.699999809265137,1200
2016-05-26,10.600000381469727,10.600000381469727,10.399999618530273,10.5,10.5,5800
2016-05-27,10.5,10.600000381469727,10.100000381469727,10.199999809265137,10.199999809265137,24200
2016-05-30,10.300000190734863,11.5,10.0,11.199999809265137,11.199999809265137,127000
2016-05-31,11.600000381469727,13.399999618530273,11.399999618530273,13.100000381469727,13.100000381469727,475200
2016-06-01,13.699999809265137,13.899999618530273,12.300000190734863,12.399999618530273,12.399999618530273,136200
2016-06-02,12.5,12.600000381469727,12.0,12.300000190734863,12.300000190734863,30400
2016-06-03,12.800000190734863,12.800000190734863,12.100000381469727,12.300000190734863,12.300000190734863,32500
2016-06-06,12.800000190734863,12.800000190734863,12.199999809265137,12.5,12.5,697300
2016-06-07,13.100000381469727,13.100000381469727,10.5,11.100000381469727,11.100000381469727,809600
2016-06-08,10.399999618530273,10.899999618530273,10.0,10.300000190734863,10.300000190734863,93000
2016-06-10,10.699999809265137,10.699999809265137,9.899999618530273,10.0,10.0,40900
2016-06-13,9.800000190734863,10.699999809265137,9.800000190734863,10.199999809265137,10.199999809265137,120000
2016-06-14,10.300000190734863,10.5,10.199999809265137,10.199999809265137,10.199999809265137,6400
2016-06-15,10.100000381469727,10.5,9.399999618530273,10.5,10.5,139200
2016-06-16,10.699999809265137,10.699999809265137,10.100000381469727,10.5,10.5,68100
2016-06-17,10.699999809265137,10.699999809265137,10.399999618530273,10.600000381469727,10.600000381469727,19100
2016-06-20,10.899999618530273,11.199999809265137,10.800000190734863,11.100000381469727,11.100000381469727,228600
2016-06-21,11.199999809265137,11.199999809265137,10.5,10.5,10.5,6800
2016-06-22,10.699999809265137,11.300000190734863,10.699999809265137,11.0,11.0,33600
2016-06-23,10.600000381469727,12.0,10.600000381469727,12.0,12.0,249200
2016-06-24,12.5,12.5,11.399999618530273,11.899999618530273,11.899999618530273,165100
2016-06-27,11.899999618530273,14.899999618530273,11.600000381469727,14.800000190734863,14.800000190734863,700200
2016-06-28,14.600000381469727,18.399999618530273,13.899999618530273,17.200000762939453,17.200000762939453,1061100
2016-06-29,16.899999618530273,17.899999618530273,16.299999237060547,16.399999618530273,16.399999618530273,313600
2016-06-30,17.299999237060547,17.299999237060547,15.5,15.600000381469727,15.600000381469727,143360
2016-07-04,16.399999618530273,17.0,15.5,16.0,16.0,156500
2016-07-05,16.0,16.399999618530273,15.399999618530273,15.899999618530273,15.899999618530273,55300
2016-07-06,16.200000762939453,16.200000762939453,15.399999618530273,15.800000190734863,15.800000190734863,48200
2016-07-07,16.0,16.0,15.100000381469727,15.199999809265137,15.199999809265137,38100
2016-07-08,15.5,15.800000190734863,15.0,15.0,15.0,65400
2016-07-11,15.600000381469727,15.600000381469727,14.100000381469727,15.0,15.0,40900
2016-07-12,15.100000381469727,15.100000381469727,14.100000381469727,14.5,14.5,18000
2016-07-13,14.899999618530273,14.899999618530273,14.0,14.300000190734863,14.300000190734863,23000
2016-07-14,14.699999809265137,14.699999809265137,13.5,13.899999618530273,13.899999618530273,320900
2016-07-15,14.399999618530273,14.5,12.800000190734863,13.399999618530273,13.399999618530273,266300
2016-07-18,13.5,15.0,13.5,14.600000381469727,14.600000381469727,163300
2016-07-19,14.800000190734863,15.399999618530273,14.600000381469727,15.0,15.0,156400
2016-07-20,15.5,15.5,14.399999618530273,15.0,15.0,65900
2016-07-21,15.199999809265137,15.199999809265137,14.0,14.5,14.5,229100
2016-07-22,14.800000190734863,15.0,14.600000381469727,14.800000190734863,14.800000190734863,231200
2016-07-25,15.600000381469727,15.600000381469727,12.800000190734863,13.899999618530273,13.899999618530273,350600
2016-07-26,13.899999618530273,14.0,13.300000190734863,14.0,14.0,117500
2016-07-27,14.199999809265137,14.199999809265137,10.300000190734863,10.300000190734863,10.300000190734863,925700
2016-07-28,10.899999618530273,11.300000190734863,10.800000190734863,11.0,11.0,140800
2016-07-29,11.399999618530273,11.399999618530273,10.300000190734863,10.899999618530273,10.899999618530273,28100
2016-08-01,11.199999809265137,11.199999809265137,10.5,10.699999809265137,10.699999809265137,48200
2016-08-02,10.699999809265137,10.699999809265137,10.699999809265137,10.699999809265137,10.699999809265137,0
2016-08-03,10.600000381469727,11.100000381469727,10.600000381469727,11.100000381469727,11.100000381469727,40700
2016-08-04,11.100000381469727,11.100000381469727,10.199999809265137,10.5,10.5,492700
2016-08-05,10.199999809265137,10.5,8.800000190734863,9.0,9.0,309700
2016-08-08,8.899999618530273,9.300000190734863,8.899999618530273,9.0,9.0,53900
2016-08-09,9.199999809265137,9.300000190734863,9.0,9.199999809265137,9.199999809265137,28900
2016-08-10,9.300000190734863,9.300000190734863,8.699999809265137,9.100000381469727,9.100000381469727,30900
2016-08-11,9.300000190734863,9.300000190734863,9.0,9.199999809265137,9.199999809265137,400
2016-08-12,9.100000381469727,9.199999809265137,8.699999809265137,9.100000381469727,9.100000381469727,83000
2016-08-15,8.899999618530273,9.199999809265137,8.399999618530273,9.0,9.0,49500
2016-08-16,8.800000190734863,9.100000381469727,8.800000190734863,9.0,9.0,24900
2016-08-17,8.699999809265137,8.800000190734863,8.399999618530273,8.699999809265137,8.699999809265137,59700
2016-08-18,8.699999809265137,9.0,8.600000381469727,8.899999618530273,8.899999618530273,48900
2016-08-19,8.800000190734863,9.199999809265137,8.5,9.300000190734863,9.300000190734863,42800
2016-08-22,9.399999618530273,11.0,9.399999618530273,10.699999809265137,10.699999809265137,207200
2016-08-23,11.0,11.199999809265137,10.0,10.199999809265137,10.199999809265137,756300
2016-08-24,10.199999809265137,11.899999618530273,10.199999809265137,10.899999618530273,10.899999618530273,1264500
2016-08-25,11.199999809265137,11.199999809265137,10.300000190734863,10.399999618530273,10.399999618530273,62120
2016-08-26,10.399999618530273,10.399999618530273,10.0,10.300000190734863,10.300000190734863,102400
2016-08-29,10.0,10.199999809265137,10.0,10.100000381469727,10.100000381469727,14600
2016-08-30,10.0,11.300000190734863,10.0,11.0,11.0,236400
2016-08-31,11.0,11.800000190734863,10.600000381469727,10.800000190734863,10.800000190734863,50400
2016-09-01,11.199999809265137,11.300000190734863,10.600000381469727,11.100000381469727,11.100000381469727,62700
2016-09-02,10.899999618530273,11.100000381469727,10.600000381469727,10.899999618530273,10.899999618530273,65800
2016-09-05,11.0,12.0,10.5,12.0,12.0,386700
2016-09-06,12.399999618530273,12.600000381469727,11.600000381469727,12.199999809265137,12.199999809265137,477300
2016-09-07,12.100000381469727,12.199999809265137,11.399999618530273,11.800000190734863,11.800000190734863,117700
2016-09-08,11.699999809265137,11.699999809265137,11.199999809265137,11.399999618530273,11.399999618530273,14000
2016-09-09,11.0,11.899999618530273,10.399999618530273,11.899999618530273,11.899999618530273,168700
2016-09-12,12.0,12.0,11.0,11.0,11.0,112100
2016-09-13,10.800000190734863,11.5,10.600000381469727,11.399999618530273,11.399999618530273,99300
2016-09-14,12.199999809265137,12.199999809265137,11.300000190734863,11.899999618530273,11.899999618530273,113000
2016-09-15,12.0,12.0,11.399999618530273,11.5,11.5,51000
2016-09-19,11.399999618530273,11.399999618530273,11.100000381469727,11.399999618530273,11.399999618530273,9000
2016-09-20,11.0,11.100000381469727,10.699999809265137,11.0,11.0,22500
2016-09-21,10.800000190734863,11.399999618530273,10.5,11.0,11.0,96500
2016-09-22,11.899999618530273,11.899999618530273,10.899999618530273,11.199999809265137,11.199999809265137,111900
2016-09-23,11.199999809265137,11.199999809265137,10.800000190734863,11.199999809265137,11.199999809265137,6900
2016-09-26,10.800000190734863,10.899999618530273,10.600000381469727,10.899999618530273,10.899999618530273,7600
2016-09-27,10.800000190734863,10.800000190734863,10.800000190734863,10.800000190734863,10.800000190734863,0
2016-09-28,10.399999618530273,10.800000190734863,10.199999809265137,10.300000190734863,10.300000190734863,15900
2016-09-29,10.699999809265137,10.699999809265137,10.0,10.5,10.5,17700
2016-09-30,10.0,11.0,9.300000190734863,10.699999809265137,10.699999809265137,130700
2016-10-03,11.199999809265137,11.199999809265137,10.600000381469727,10.899999618530273,10.899999618530273,69300
2016-10-04,11.100000381469727,11.100000381469727,10.0,10.600000381469727,10.600000381469727,35500
2016-10-05,10.800000190734863,10.800000190734863,10.0,10.199999809265137,10.199999809265137,66100
2016-10-06,10.0,10.100000381469727,10.0,10.100000381469727,10.100000381469727,8900
2016-10-07,10.0,10.300000190734863,9.899999618530273,10.300000190734863,10.300000190734863,2200
2016-10-11,10.600000381469727,11.0,10.300000190734863,10.699999809265137,10.699999809265137,28400
2016-10-12,9.600000381469727,10.800000190734863,9.600000381469727,10.5,10.5,102700
2016-10-13,10.699999809265137,10.699999809265137,10.199999809265137,10.300000190734863,10.300000190734863,442718
2016-10-14,11.0,11.0,10.5,10.699999809265137,10.699999809265137,124000
2016-10-17,10.899999618530273,10.899999618530273,10.0,10.0,10.0,47100
2016-10-18,10.0,10.100000381469727,10.0,10.100000381469727,10.100000381469727,16400
2016-10-19,10.199999809265137,10.5,10.0,10.0,10.0,83800
2016-10-20,10.0,10.300000190734863,10.0,10.300000190734863,10.300000190734863,80800
2016-10-21,10.300000190734863,10.300000190734863,10.300000190734863,10.300000190734863,10.300000190734863,0
2016-10-24,10.399999618530273,10.399999618530273,9.800000190734863,9.899999618530273,9.899999618530273,26900
2016-10-25,10.100000381469727,10.300000190734863,9.600000381469727,9.800000190734863,9.800000190734863,625300
2016-10-26,9.800000190734863,9.800000190734863,9.199999809265137,9.399999618530273,9.399999618530273,31300
2016-10-27,9.300000190734863,9.399999618530273,8.800000190734863,9.199999809265137,9.199999809265137,27100
2016-10-28,8.699999809265137,9.5,9.0,9.5,9.5,308100
2016-10-31,9.100000381469727,9.100000381469727,9.0,8.899999618530273,8.899999618530273,24800
2016-11-01,8.899999618530273,9.399999618530273,8.899999618530273,8.899999618530273,8.899999618530273,26900
2016-11-02,9.399999618530273,9.600000381469727,9.0,9.199999809265137,9.199999809265137,235100
2016-11-03,9.300000190734863,9.300000190734863,9.0,9.100000381469727,9.100000381469727,8600
2016-11-04,9.100000381469727,9.199999809265137,9.0,9.0,9.0,15400
2016-11-07,9.100000381469727,9.199999809265137,9.100000381469727,9.100000381469727,9.100000381469727,109180
2016-11-08,9.100000381469727,9.100000381469727,9.0,9.0,9.0,5200
2016-11-09,8.899999618530273,8.899999618530273,8.300000190734863,8.600000381469727,8.600000381469727,4900
2016-11-10,8.699999809265137,9.199999809265137,8.699999809265137,9.199999809265137,9.199999809265137,13400
2016-11-11,9.0,9.100000381469727,9.0,9.0,9.0,265400
2016-11-14,8.899999618530273,8.899999618530273,8.899999618530273,8.899999618530273,8.899999618530273,6000
2016-11-15,8.899999618530273,9.0,8.899999618530273,8.800000190734863,8.800000190734863,9200
2016-11-16,8.800000190734863,9.5,8.100000381469727,9.5,9.5,88800
2016-11-17,9.800000190734863,9.800000190734863,9.100000381469727,9.100000381469727,9.100000381469727,64900
2016-11-18,9.100000381469727,9.100000381469727,9.100000381469727,9.100000381469727,9.100000381469727,145300
2016-11-21,9.0,9.0,8.800000190734863,8.800000190734863,8.800000190734863,2400
2016-11-22,8.699999809265137,8.800000190734863,8.600000381469727,8.600000381469727,8.600000381469727,6200
2016-11-23,8.600000381469727,8.899999618530273,8.300000190734863,8.399999618530273,8.399999618530273,8700
2016-11-24,8.300000190734863,8.5,8.300000190734863,8.5,8.5,4500
2016-11-25,8.5,8.5,8.5,8.5,8.5,210400
2016-11-28,8.100000381469727,8.699999809265137,8.0,8.600000381469727,8.600000381469727,86200
2016-11-29,8.800000190734863,8.800000190734863,8.5,8.699999809265137,8.699999809265137,97000
2016-11-30,8.5,8.600000381469727,8.300000190734863,8.300000190734863,8.300000190734863,327100
2016-12-01,8.300000190734863,8.699999809265137,8.300000190734863,8.5,8.5,373700
2016-12-02,8.5,8.5,8.5,8.5,8.5,11900
2016-12-05,8.300000190734863,8.300000190734863,8.300000190734863,8.300000190734863,8.300000190734863,1800
2016-12-06,8.300000190734863,8.300000190734863,8.100000381469727,8.100000381469727,8.100000381469727,9900
2016-12-07,8.300000190734863,10.600000381469727,8.300000190734863,9.100000381469727,9.100000381469727,445600
2016-12-08,9.300000190734863,9.300000190734863,8.600000381469727,8.600000381469727,8.600000381469727,55900
2016-12-09,8.399999618530273,8.5,8.399999618530273,8.399999618530273,8.399999618530273,26800
2016-12-12,8.399999618530273,8.699999809265137,8.399999618530273,8.699999809265137,8.699999809265137,11100
2016-12-13,8.399999618530273,8.699999809265137,8.399999618530273,8.5,8.5,5600
2016-12-14,8.5,8.5,8.5,8.5,8.5,1000
2016-12-15,8.399999618530273,8.399999618530273,8.199999809265137,8.199999809265137,8.199999809265137,5300
2016-12-16,8.199999809265137,8.600000381469727,8.100000381469727,8.199999809265137,8.199999809265137,418000
2016-12-19,8.0,8.0,8.0,8.199999809265137,8.199999809265137,1400
2016-12-20,8.0,8.100000381469727,8.0,8.0,8.0,4800
2016-12-21,8.0,8.100000381469727,8.0,8.0,8.0,5600
2016-12-22,8.300000190734863,8.399999618530273,8.300000190734863,8.300000190734863,8.300000190734863,1100
2016-12-23,8.0,8.0,7.800000190734863,8.0,8.0,1000
2016-12-28,7.900000095367432,8.0,7.900000095367432,8.0,8.0,4000
2016-12-29,7.900000095367432,8.0,7.900000095367432,8.0,8.0,700
2016-12-30,8.0,8.199999809265137,7.900000095367432,8.199999809265137,8.199999809265137,88500
2017-01-03,8.199999809265137,8.199999809265137,8.199999809265137,8.199999809265137,8.199999809265137,0
2017-01-04,7.599999904632568,7.699999809265137,7.599999904632568,7.599999904632568,7.599999904632568,8000
2017-01-05,7.599999904632568,8.399999618530273,7.599999904632568,8.199999809265137,8.199999809265137,311800
2017-01-06,8.399999618530273,8.800000190734863,8.100000381469727,8.399999618530273,8.399999618530273,270600
2017-01-09,8.199999809265137,8.800000190734863,8.199999809265137,8.800000190734863,8.800000190734863,65600
2017-01-10,8.800000190734863,8.800000190734863,8.800000190734863,8.800000190734863,8.800000190734863,0
2017-01-11,8.300000190734863,8.300000190734863,8.199999809265137,8.199999809265137,8.199999809265137,5200
2017-01-12,8.199999809265137,8.199999809265137,8.199999809265137,8.199999809265137,8.199999809265137,500
2017-01-13,8.100000381469727,8.699999809265137,8.100000381469727,8.699999809265137,8.699999809265137,1300
2017-01-16,8.100000381469727,9.199999809265137,8.100000381469727,9.199999809265137,9.199999809265137,23300
2017-01-17,9.100000381469727,9.300000190734863,9.100000381469727,9.199999809265137,9.199999809265137,15600
2017-01-18,9.399999618530273,9.399999618530273,9.399999618530273,9.399999618530273,9.399999618530273,100
2017-01-19,9.100000381469727,9.300000190734863,9.0,9.199999809265137,9.199999809265137,29400
2017-01-20,9.100000381469727,9.100000381469727,8.800000190734863,8.800000190734863,8.800000190734863,11900
2017-01-23,8.5,9.5,8.600000381469727,9.5,9.5,140400
2017-01-24,9.800000190734863,9.800000190734863,9.0,9.199999809265137,9.199999809265137,102600
2017-01-25,9.699999809265137,9.699999809265137,9.199999809265137,9.199999809265137,9.199999809265137,42900
2017-01-26,8.399999618530273,8.600000381469727,8.399999618530273,8.600000381469727,8.600000381469727,3400
2017-01-27,8.600000381469727,8.600000381469727,8.600000381469727,8.600000381469727,8.600000381469727,0
2017-02-01,8.199999809265137,9.399999618530273,8.199999809265137,9.399999618530273,9.399999618530273,103600
2017-02-02,9.899999618530273,9.899999618530273,9.100000381469727,9.399999618530273,9.399999618530273,107200
2017-02-03,9.199999809265137,9.199999809265137,9.199999809265137,9.199999809265137,9.199999809265137,1000
2017-02-06,9.0,9.600000381469727,8.899999618530273,9.300000190734863,9.300000190734863,320100
2017-02-07,8.899999618530273,9.800000190734863,8.899999618530273,9.399999618530273,9.399999618530273,429800
2017-02-08,9.300000190734863,9.5,9.199999809265137,9.5,9.5,18000
2017-02-09,9.600000381469727,9.699999809265137,9.399999618530273,9.5,9.5,74300
2017-02-10,9.5,9.5,9.5,9.5,9.5,200
2017-02-13,9.699999809265137,9.699999809265137,9.100000381469727,9.300000190734863,9.300000190734863,15000
2017-02-14,9.300000190734863,9.5,9.0,9.399999618530273,9.399999618530273,6400
2017-02-15,9.699999809265137,9.699999809265137,9.300000190734863,9.300000190734863,9.300000190734863,2100
2017-02-16,9.399999618530273,9.399999618530273,9.0,9.0,9.0,15900
2017-02-17,9.0,9.399999618530273,9.0,9.0,9.0,14000
2017-02-20,9.0,9.0,9.0,9.0,9.0,0
2017-02-21,9.0,9.0,9.0,9.0,9.0,0
2017-02-22,9.0,9.0,9.0,9.0,9.0,0
2017-02-23,9.0,9.5,8.899999618530273,9.199999809265137,9.199999809265137,18500
2017-02-24,9.0,9.0,8.399999618530273,8.800000190734863,8.800000190734863,15800
2017-02-27,8.600000381469727,8.800000190734863,8.5,8.699999809265137,8.699999809265137,2100
2017-02-28,8.699999809265137,8.899999618530273,8.699999809265137,8.800000190734863,8.800000190734863,7600
2017-03-01,9.300000190734863,9.300000190734863,9.199999809265137,9.199999809265137,9.199999809265137,25800
2017-03-02,9.199999809265137,9.199999809265137,9.199999809265137,9.199999809265137,9.199999809265137,0
2017-03-03,9.199999809265137,9.199999809265137,9.199999809265137,9.199999809265137,9.199999809265137,0
2017-03-06,9.5,9.5,9.5,9.300000190734863,9.300000190734863,5000
2017-03-07,9.300000190734863,9.300000190734863,9.300000190734863,9.199999809265137,9.199999809265137,2300
2017-03-08,8.800000190734863,8.800000190734863,8.800000190734863,8.800000190734863,8.800000190734863,10400
2017-03-09,8.800000190734863,8.800000190734863,8.800000190734863,8.800000190734863,8.800000190734863,1900
2017-03-10,8.899999618530273,8.899999618530273,8.800000190734863,8.800000190734863,8.800000190734863,11900
2017-03-13,9.399999618530273,9.399999618530273,8.800000190734863,8.899999618530273,8.899999618530273,3100
2017-03-14,8.899999618530273,9.199999809265137,8.899999618530273,9.100000381469727,9.100000381469727,4300
2017-03-15,9.100000381469727,9.5,9.100000381469727,9.199999809265137,9.199999809265137,1300
2017-03-16,8.899999618530273,8.899999618530273,8.800000190734863,8.899999618530273,8.899999618530273,9500
2017-03-17,9.0,9.0,9.0,9.0,9.0,1500
2017-03-20,9.0,9.0,9.0,9.0,9.0,12000
2017-03-21,9.0,9.0,9.0,9.0,9.0,0
2017-03-22,9.0,9.0,9.0,9.0,9.0,0
2017-03-23,8.100000381469727,8.699999809265137,8.100000381469727,8.600000381469727,8.600000381469727,7800
2017-03-24,8.300000190734863,8.699999809265137,8.100000381469727,8.600000381469727,8.600000381469727,1000
2017-03-27,8.600000381469727,8.600000381469727,8.600000381469727,8.600000381469727,8.600000381469727,0
2017-03-28,8.600000381469727,8.800000190734863,8.600000381469727,8.800000190734863,8.800000190734863,6900
2017-03-29,9.100000381469727,9.199999809265137,8.800000190734863,8.800000190734863,8.800000190734863,38100
2017-03-30,8.800000190734863,8.800000190734863,8.800000190734863,8.800000190734863,8.800000190734863,500
2017-03-31,8.899999618530273,9.100000381469727,8.899999618530273,8.899999618530273,8.899999618530273,13200
2017-04-03,8.899999618530273,8.899999618530273,8.899999618530273,8.899999618530273,8.899999618530273,0
2017-04-05,8.899999618530273,8.899999618530273,8.899999618530273,8.899999618530273,8.899999618530273,0
2017-04-06,8.899999618530273,8.899999618530273,8.899999618530273,8.899999618530273,8.899999618530273,0
2017-04-07,8.600000381469727,9.0,8.600000381469727,8.899999618530273,8.899999618530273,3100
2017-04-10,8.699999809265137,8.699999809265137,8.699999809265137,8.699999809265137,8.699999809265137,4800
2017-04-11,8.5,8.5,8.300000190734863,8.300000190734863,8.300000190734863,30600
2017-04-12,9.100000381469727,9.100000381469727,8.300000190734863,8.300000190734863,8.300000190734863,23000
2017-04-13,8.300000190734863,8.300000190734863,8.199999809265137,8.199999809265137,8.199999809265137,5900
2017-04-18,7.400000095367432,7.400000095367432,7.099999904632568,7.099999904632568,7.099999904632568,4000
2017-04-19,8.0,8.0,7.800000190734863,7.800000190734863,7.800000190734863,5700
2017-04-20,7.199999809265137,7.599999904632568,7.199999809265137,7.300000190734863,7.300000190734863,6300
2017-04-21,7.0,7.0,7.0,7.400000095367432,7.400000095367432,500
2017-04-24,8.199999809265137,8.899999618530273,7.800000190734863,8.5,8.5,70500
2017-04-25,8.5,8.699999809265137,7.599999904632568,8.399999618530273,8.399999618530273,4200
2017-04-26,8.0,8.699999809265137,7.800000190734863,8.600000381469727,8.600000381469727,72200
2017-04-27,8.5,8.5,8.5,8.5,8.5,900
2017-04-28,8.5,8.5,8.5,8.5,8.5,52000
2017-05-02,8.5,8.5,8.5,8.5,8.5,0
2017-05-04,7.699999809265137,8.5,7.599999904632568,7.800000190734863,7.800000190734863,17100
2017-05-05,7.599999904632568,8.0,7.599999904632568,8.0,8.0,15300
2017-05-08,8.100000381469727,8.100000381469727,8.100000381469727,8.0,8.0,45000
2017-05-09,8.0,8.0,7.5,7.800000190734863,7.800000190734863,61100
2017-05-10,7.800000190734863,7.800000190734863,7.5,7.800000190734863,7.800000190734863,15200
2017-05-11,7.800000190734863,7.800000190734863,7.599999904632568,7.800000190734863,7.800000190734863,3600
2017-05-12,7.800000190734863,7.800000190734863,7.800000190734863,7.800000190734863,7.800000190734863,500
2017-05-15,7.900000095367432,7.900000095367432,7.599999904632568,7.699999809265137,7.699999809265137,3600
2017-05-16,7.5,7.5,7.5,7.5,7.5,1500
2017-05-17,7.599999904632568,7.699999809265137,7.599999904632568,7.699999809265137,7.699999809265137,9000
2017-05-18,7.400000095367432,8.5,7.5,7.900000095367432,7.900000095367432,126600
2017-05-19,7.800000190734863,7.900000095367432,7.800000190734863,7.800000190734863,7.800000190734863,58000
2017-05-22,7.800000190734863,7.900000095367432,7.800000190734863,7.800000190734863,7.800000190734863,55500
2017-05-23,7.699999809265137,7.900000095367432,7.5,7.5,7.5,64400
2017-05-24,7.5,7.5,7.0,7.300000190734863,7.300000190734863,102800
2017-05-25,7.300000190734863,7.300000190734863,7.300000190734863,7.300000190734863,7.300000190734863,4100
2017-05-26,7.300000190734863,7.300000190734863,7.300000190734863,7.300000190734863,7.300000190734863,2000
2017-05-29,8.199999809265137,8.199999809265137,7.699999809265137,7.699999809265137,7.699999809265137,700
2017-05-31,7.199999809265137,7.400000095367432,7.199999809265137,7.400000095367432,7.400000095367432,4700
2017-06-01,7.400000095367432,7.400000095367432,7.400000095367432,7.400000095367432,7.400000095367432,0
2017-06-02,7.800000190734863,7.800000190734863,7.800000190734863,7.800000190734863,7.800000190734863,100
2017-06-05,7.300000190734863,8.0,7.199999809265137,8.0,8.0,22500
2017-06-06,8.0,8.199999809265137,7.900000095367432,7.900000095367432,7.900000095367432,843300
2017-06-07,8.399999618530273,8.399999618530273,8.399999618530273,8.399999618530273,8.399999618530273,1000
2017-06-08,8.0,8.300000190734863,7.699999809265137,8.300000190734863,8.300000190734863,70600
2017-06-09,7.800000190734863,7.800000190734863,7.800000190734863,7.800000190734863,7.800000190734863,1600
2017-06-12,8.399999618530273,8.5,7.900000095367432,7.900000095367432,7.900000095367432,7900
2017-06-13,8.600000381469727,8.600000381469727,7.800000190734863,7.800000190734863,7.800000190734863,49000
2017-06-14,7.699999809265137,7.699999809265137,7.599999904632568,7.599999904632568,7.599999904632568,26200
2017-06-15,7.900000095367432,7.900000095367432,7.900000095367432,7.900000095367432,7.900000095367432,3500
2017-06-16,7.800000190734863,7.800000190734863,7.800000190734863,7.800000190734863,7.800000190734863,7500
2017-06-19,7.800000190734863,7.800000190734863,7.5,7.5,7.5,11200
2017-06-20,7.800000190734863,7.800000190734863,7.800000190734863,7.800000190734863,7.800000190734863,10000
2017-06-21,8.199999809265137,8.300000190734863,8.199999809265137,8.100000381469727,8.100000381469727,11600
2017-06-22,8.0,8.0,8.0,8.0,8.0,0
2017-06-23,8.0,8.0,8.0,8.0,8.0,400
2017-06-26,7.900000095367432,7.900000095367432,7.900000095367432,7.900000095367432,7.900000095367432,0
2017-06-27,7.900000095367432,8.0,6.800000190734863,7.900000095367432,7.900000095367432,67600
2017-06-28,7.0,7.699999809265137,7.0,7.5,7.5,14600
2017-06-29,7.699999809265137,8.0,7.0,8.0,8.0,57200
2017-06-30,7.300000190734863,7.900000095367432,7.300000190734863,7.900000095367432,7.900000095367432,1000
2017-07-03,8.0,8.800000190734863,8.0,8.0,8.0,8200
2017-07-04,8.199999809265137,8.199999809265137,7.900000095367432,7.900000095367432,7.900000095367432,2400
2017-07-05,7.099999904632568,7.800000190734863,7.0,7.699999809265137,7.699999809265137,14000
2017-07-06,7.699999809265137,8.199999809265137,7.699999809265137,8.100000381469727,8.100000381469727,2599500
2017-07-07,7.900000095367432,8.399999618530273,7.900000095367432,8.199999809265137,8.199999809265137,495400
2017-07-10,8.199999809265137,8.300000190734863,8.199999809265137,8.300000190734863,8.300000190734863,1400
2017-07-11,8.300000190734863,8.300000190734863,8.300000190734863,8.300000190734863,8.300000190734863,0
2017-07-12,8.300000190734863,8.300000190734863,8.300000190734863,8.300000190734863,8.300000190734863,0
2017-07-13,7.5,7.5,7.5,7.5,7.5,8000
2017-07-14,7.300000190734863,7.599999904632568,7.199999809265137,7.5,7.5,4400
2017-07-17,7.599999904632568,7.599999904632568,7.599999904632568,7.599999904632568,7.599999904632568,1700
2017-07-18,7.300000190734863,7.800000190734863,7.099999904632568,7.800000190734863,7.800000190734863,2700
2017-07-19,7.800000190734863,7.800000190734863,7.800000190734863,7.800000190734863,7.800000190734863,100
2017-07-20,7.300000190734863,7.599999904632568,7.0,7.599999904632568,7.599999904632568,65900
2017-07-21,7.099999904632568,7.5,7.099999904632568,7.5,7.5,500
2017-07-24,7.199999809265137,7.400000095367432,7.099999904632568,7.199999809265137,7.199999809265137,9500
2017-07-25,7.199999809265137,7.199999809265137,7.199999809265137,7.199999809265137,7.199999809265137,800
2017-07-26,7.400000095367432,8.100000381469727,7.400000095367432,8.0,8.0,647800
2017-07-27,8.100000381469727,8.100000381469727,7.199999809265137,8.0,8.0,37200
2017-07-28,7.699999809265137,7.800000190734863,7.699999809265137,7.800000190734863,7.800000190734863,1800
2017-07-31,8.0,8.0,8.0,8.0,8.0,200
2017-08-01,7.599999904632568,7.800000190734863,7.800000190734863,7.800000190734863,7.800000190734863,10000
2017-08-02,7.800000190734863,7.800000190734863,7.800000190734863,7.800000190734863,7.800000190734863,3300
2017-08-03,8.199999809265137,8.199999809265137,7.800000190734863,7.800000190734863,7.800000190734863,2500
2017-08-04,8.0,8.0,7.300000190734863,7.5,7.5,20700
2017-08-07,7.400000095367432,8.0,7.0,8.0,8.0,119200
2017-08-08,7.800000190734863,7.800000190734863,7.800000190734863,7.800000190734863,7.800000190734863,0
2017-08-09,7.699999809265137,8.0,7.699999809265137,7.900000095367432,7.900000095367432,899000
2017-08-10,7.5,7.5,7.5,7.5,7.5,4000
2017-08-11,7.5,7.800000190734863,7.5,7.800000190734863,7.800000190734863,1200
2017-08-14,7.699999809265137,7.699999809265137,7.199999809265137,7.199999809265137,7.199999809265137,400
2017-08-15,7.400000095367432,8.399999618530273,7.400000095367432,7.5,7.5,1089000
2017-08-16,7.599999904632568,8.5,7.400000095367432,8.199999809265137,8.199999809265137,820100
2017-08-17,8.0,8.300000190734863,7.900000095367432,8.0,8.0,1203100
2017-08-18,8.0,8.0,8.0,8.0,8.0,0
2017-08-21,7.599999904632568,7.599999904632568,7.599999904632568,7.599999904632568,7.599999904632568,2000
2017-08-22,7.599999904632568,7.599999904632568,7.599999904632568,7.599999904632568,7.599999904632568,10000
2017-08-23,7.599999904632568,7.599999904632568,7.599999904632568,7.599999904632568,7.599999904632568,0
2017-08-24,7.599999904632568,7.599999904632568,7.599999904632568,7.599999904632568,7.599999904632568,8500
2017-08-25,7.5,7.5,7.199999809265137,7.300000190734863,7.300000190734863,17500
2017-08-28,7.400000095367432,7.699999809265137,7.300000190734863,7.699999809265137,7.699999809265137,8600
2017-08-29,7.900000095367432,8.5,7.900000095367432,8.5,8.5,452600
2017-08-30,8.199999809265137,8.199999809265137,7.800000190734863,8.0,8.0,311000
2017-08-31,7.599999904632568,7.599999904632568,7.599999904632568,7.599999904632568,7.599999904632568,200
2017-09-01,7.5,8.600000381469727,7.5,8.100000381469727,8.100000381469727,111440
2017-09-04,8.600000381469727,8.600000381469727,8.199999809265137,8.199999809265137,8.199999809265137,31900
2017-09-05,8.199999809265137,8.199999809265137,8.199999809265137,8.199999809265137,8.199999809265137,0
2017-09-06,8.199999809265137,8.199999809265137,8.199999809265137,8.199999809265137,8.199999809265137,0
2017-09-07,8.100000381469727,8.5,8.100000381469727,8.399999618530273,8.399999618530273,34900
2017-09-08,8.399999618530273,8.399999618530273,8.399999618530273,8.399999618530273,8.399999618530273,0
2017-09-11,8.199999809265137,8.199999809265137,8.0,8.0,8.0,8400
2017-09-12,8.0,8.100000381469727,7.900000095367432,8.0,8.0,622400
2017-09-13,8.0,8.199999809265137,8.0,8.199999809265137,8.199999809265137,552900
2017-09-14,8.100000381469727,8.199999809265137,8.100000381469727,8.199999809265137,8.199999809265137,2200
2017-09-15,8.199999809265137,8.199999809265137,8.100000381469727,8.100000381469727,8.100000381469727,2000
2017-09-18,8.100000381469727,8.100000381469727,8.100000381469727,8.100000381469727,8.100000381469727,2500
2017-09-19,8.100000381469727,8.100000381469727,8.100000381469727,8.100000381469727,8.100000381469727,0
2017-09-20,8.100000381469727,8.100000381469727,8.0,8.0,8.0,12500
2017-09-21,8.100000381469727,8.100000381469727,7.900000095367432,8.0,8.0,58000
2017-09-22,8.0,8.0,8.0,8.0,8.0,20000
2017-09-25,8.199999809265137,8.199999809265137,7.800000190734863,7.800000190734863,7.800000190734863,65300
2017-09-26,8.0,8.0,7.800000190734863,7.800000190734863,7.800000190734863,25000
2017-09-27,7.800000190734863,8.199999809265137,7.599999904632568,8.100000381469727,8.100000381469727,18000
2017-09-28,7.900000095367432,7.900000095367432,7.900000095367432,7.900000095367432,7.900000095367432,1500
2017-09-29,8.199999809265137,8.199999809265137,7.800000190734863,7.900000095367432,7.900000095367432,10300
2017-10-03,7.900000095367432,7.900000095367432,7.900000095367432,7.900000095367432,7.900000095367432,0
2017-10-04,7.900000095367432,7.900000095367432,7.900000095367432,7.900000095367432,7.900000095367432,0
2017-10-06,8.199999809265137,8.199999809265137,8.100000381469727,8.100000381469727,8.100000381469727,3400
2017-10-09,7.699999809265137,7.800000190734863,7.599999904632568,7.699999809265137,7.699999809265137,15000
2017-10-10,7.900000095367432,8.5,7.900000095367432,7.800000190734863,7.800000190734863,12400
2017-10-11,8.5,8.5,7.800000190734863,7.800000190734863,7.800000190734863,5698
2017-10-12,7.800000190734863,7.800000190734863,7.800000190734863,7.800000190734863,7.800000190734863,1200
2017-10-13,8.300000190734863,8.300000190734863,8.300000190734863,8.0,8.0,100
2017-10-16,7.599999904632568,7.599999904632568,7.599999904632568,7.599999904632568,7.599999904632568,1500
2017-10-17,7.599999904632568,7.900000095367432,7.599999904632568,7.699999809265137,7.699999809265137,2600
2017-10-18,7.699999809265137,8.300000190734863,7.699999809265137,7.699999809265137,7.699999809265137,20400
2017-10-19,7.599999904632568,7.599999904632568,7.599999904632568,7.599999904632568,7.599999904632568,0
2017-10-20,7.599999904632568,8.100000381469727,7.599999904632568,7.800000190734863,7.800000190734863,648800
2017-10-23,7.599999904632568,7.599999904632568,7.199999809265137,7.400000095367432,7.400000095367432,33400
2017-10-24,7.400000095367432,7.400000095367432,7.300000190734863,7.400000095367432,7.400000095367432,10000
2017-10-25,7.099999904632568,7.5,7.099999904632568,7.5,7.5,715000
2017-10-26,7.5,8.399999618530273,7.300000190734863,7.699999809265137,7.699999809265137,118400
2017-10-27,7.400000095367432,7.400000095367432,7.199999809265137,7.400000095367432,7.400000095367432,18540
2017-10-30,7.199999809265137,7.400000095367432,7.199999809265137,7.400000095367432,7.400000095367432,5500
2017-10-31,7.099999904632568,7.400000095367432,7.099999904632568,7.400000095367432,7.400000095367432,6300
2017-11-01,7.099999904632568,7.099999904632568,7.099999904632568,7.099999904632568,7.099999904632568,300
2017-11-02,7.199999809265137,7.199999809265137,7.099999904632568,7.099999904632568,7.099999904632568,3800
2017-11-03,7.099999904632568,7.099999904632568,7.099999904632568,7.099999904632568,7.099999904632568,0
2017-11-06,7.099999904632568,7.099999904632568,6.900000095367432,7.099999904632568,7.099999904632568,35400
2017-11-07,6.900000095367432,7.099999904632568,6.900000095367432,7.099999904632568,7.099999904632568,8800
2017-11-08,6.699999809265137,7.400000095367432,6.699999809265137,7.0,7.0,23300
2017-11-09,7.0,7.099999904632568,7.0,7.0,7.0,200
2017-11-10,7.0,7.0,7.0,7.0,7.0,0
2017-11-13,7.0,7.099999904632568,6.800000190734863,7.099999904632568,7.099999904632568,30700
2017-11-14,7.0,7.099999904632568,6.900000095367432,7.099999904632568,7.099999904632568,5100
2017-11-15,7.0,7.0,7.0,7.0,7.0,5200
2017-11-16,7.0,7.0,7.0,7.0,7.0,0
2017-11-17,6.699999809265137,7.300000190734863,6.5,6.800000190734863,6.800000190734863,10800
2017-11-20,6.800000190734863,6.800000190734863,6.800000190734863,6.800000190734863,6.800000190734863,10000
2017-11-21,6.800000190734863,6.800000190734863,6.800000190734863,6.800000190734863,6.800000190734863,12000
2017-11-22,6.5,6.599999904632568,6.300000190734863,6.599999904632568,6.599999904632568,39100
2017-11-23,7.0,7.0,6.0,6.300000190734863,6.300000190734863,82900
2017-11-24,6.900000095367432,6.900000095367432,6.5,6.5,6.5,10700
2017-11-27,6.800000190734863,6.800000190734863,6.5,6.5,6.5,300
2017-11-28,6.199999809265137,6.400000095367432,6.199999809265137,6.199999809265137,6.199999809265137,202300
2017-11-29,6.599999904632568,6.599999904632568,6.300000190734863,6.300000190734863,6.300000190734863,202100
2017-11-30,6.0,6.800000190734863,5.800000190734863,6.599999904632568,6.599999904632568,1265400
2017-12-01,6.0,7.0,6.0,7.0,7.0,77300
2017-12-04,6.900000095367432,7.0,6.900000095367432,7.0,7.0,6400
2017-12-05,6.900000095367432,6.900000095367432,6.5,6.800000190734863,6.800000190734863,290500
2017-12-06,6.800000190734863,6.800000190734863,6.800000190734863,6.800000190734863,6.800000190734863,0
2017-12-07,6.800000190734863,6.800000190734863,6.800000190734863,6.800000190734863,6.800000190734863,0
2017-12-08,6.800000190734863,6.800000190734863,6.800000190734863,6.800000190734863,6.800000190734863,600
2017-12-11,6.699999809265137,6.699999809265137,6.699999809265137,6.699999809265137,6.699999809265137,0
2017-12-12,6.400000095367432,6.400000095367432,6.400000095367432,6.400000095367432,6.400000095367432,0
2017-12-13,6.300000190734863,7.0,6.300000190734863,6.400000095367432,6.400000095367432,18100
2017-12-14,6.400000095367432,6.400000095367432,6.400000095367432,6.400000095367432,6.400000095367432,0
2017-12-15,6.900000095367432,6.900000095367432,6.099999904632568,6.699999809265137,6.699999809265137,7600
2017-12-18,6.099999904632568,6.599999904632568,6.099999904632568,6.599999904632568,6.599999904632568,93700
2017-12-19,6.199999809265137,6.5,6.199999809265137,6.5,6.5,6300
2017-12-20,6.5,6.5,6.5,6.5,6.5,100
2017-12-21,6.5,6.5,6.5,6.5,6.5,0
2017-12-22,6.800000190734863,6.800000190734863,6.800000190734863,6.800000190734863,6.800000190734863,0
2017-12-27,6.800000190734863,6.800000190734863,6.800000190734863,6.800000190734863,6.800000190734863,0
2017-12-28,6.300000190734863,6.300000190734863,6.300000190734863,6.300000190734863,6.300000190734863,10900
2017-12-29,6.800000190734863,6.800000190734863,6.800000190734863,6.800000190734863,6.800000190734863,0
2018-01-02,6.599999904632568,6.599999904632568,6.599999904632568,6.5,6.5,400
2018-01-03,6.199999809265137,6.5,6.199999809265137,6.5,6.5,10100
2018-01-04,6.199999809265137,6.199999809265137,6.199999809265137,6.199999809265137,6.199999809265137,4000
2018-01-05,6.199999809265137,6.5,6.0,6.300000190734863,6.300000190734863,24200
2018-01-08,6.300000190734863,6.300000190734863,6.300000190734863,6.300000190734863,6.300000190734863,0
2018-01-09,6.099999904632568,6.199999809265137,6.0,6.199999809265137,6.199999809265137,15000
2018-01-10,5.599999904632568,5.599999904632568,5.599999904632568,5.800000190734863,5.800000190734863,1500
2018-01-11,6.099999904632568,6.099999904632568,6.099999904632568,6.099999904632568,6.099999904632568,0
2018-01-12,5.800000190734863,5.900000095367432,5.800000190734863,5.900000095367432,5.900000095367432,13100
2018-01-15,5.800000190734863,6.300000190734863,5.800000190734863,5.900000095367432,5.900000095367432,2527
2018-01-16,5.699999809265137,6.0,5.400000095367432,5.900000095367432,5.900000095367432,461240
2018-01-17,5.699999809265137,5.699999809265137,5.699999809265137,5.699999809265137,5.699999809265137,0
2018-01-18,5.900000095367432,7.0,5.900000095367432,5.900000095367432,5.900000095367432,321300
2018-01-19,6.099999904632568,6.800000190734863,5.800000190734863,6.199999809265137,6.199999809265137,1044900
2018-01-22,6.5,6.599999904632568,6.5,6.400000095367432,6.400000095367432,331600
2018-01-23,6.5,6.5,6.5,6.5,6.5,408100
2018-01-24,6.5,6.5,6.5,6.5,6.5,3600
2018-01-25,6.5,6.5,6.5,6.5,6.5,0
2018-01-26,6.099999904632568,6.199999809265137,6.099999904632568,6.199999809265137,6.199999809265137,800
2018-01-29,6.300000190734863,6.300000190734863,6.300000190734863,6.300000190734863,6.300000190734863,100200
2018-01-30,6.300000190734863,6.300000190734863,6.0,6.0,6.0,6900
2018-01-31,6.199999809265137,6.400000095367432,5.900000095367432,5.900000095367432,5.900000095367432,260860
2018-02-01,5.900000095367432,5.900000095367432,5.900000095367432,5.900000095367432,5.900000095367432,0
2018-02-02,6.5,6.5,6.5,6.5,6.5,0
2018-02-05,6.5,6.5,6.5,6.5,6.5,0
2018-02-06,5.800000190734863,5.900000095367432,5.400000095367432,5.599999904632568,5.599999904632568,28800
2018-02-07,6.300000190734863,6.300000190734863,6.300000190734863,6.300000190734863,6.300000190734863,0
2018-02-08,6.300000190734863,6.300000190734863,6.300000190734863,6.300000190734863,6.300000190734863,0
2018-02-09,6.300000190734863,6.300000190734863,6.300000190734863,6.300000190734863,6.300000190734863,0
2018-02-12,6.300000190734863,6.300000190734863,6.300000190734863,6.300000190734863,6.300000190734863,0
2018-02-13,6.300000190734863,6.300000190734863,6.300000190734863,6.300000190734863,6.300000190734863,0
2018-02-14,6.300000190734863,6.300000190734863,6.300000190734863,6.300000190734863,6.300000190734863,0
2018-02-15,6.199999809265137,7.5,6.199999809265137,6.699999809265137,6.699999809265137,312800
2018-02-20,6.900000095367432,6.900000095367432,6.900000095367432,6.900000095367432,6.900000095367432,0
2018-02-21,6.699999809265137,6.699999809265137,6.699999809265137,6.699999809265137,6.699999809265137,0
2018-02-22,6.199999809265137,7.300000190734863,6.099999904632568,6.699999809265137,6.699999809265137,4700
2018-02-23,6.199999809265137,6.599999904632568,6.199999809265137,6.5,6.5,204700
2018-02-26,6.099999904632568,6.300000190734863,5.800000190734863,6.300000190734863,6.300000190734863,18200
2018-02-27,6.5,6.5,6.5,6.5,6.5,0
2018-02-28,7.199999809265137,7.199999809265137,6.300000190734863,6.699999809265137,6.699999809265137,4500
2018-03-01,7.400000095367432,7.400000095367432,6.400000095367432,6.400000095367432,6.400000095367432,259100
2018-03-02,6.5,6.5,6.0,6.300000190734863,6.300000190734863,3300
2018-03-05,6.300000190734863,6.300000190734863,6.300000190734863,6.300000190734863,6.300000190734863,0
2018-03-06,6.400000095367432,6.400000095367432,6.400000095367432,6.400000095367432,6.400000095367432,0
2018-03-07,6.900000095367432,7.0,6.099999904632568,6.199999809265137,6.199999809265137,3480
2018-03-08,6.0,6.0,6.0,6.0,6.0,0
2018-03-09,7.0,7.0,6.400000095367432,6.400000095367432,6.400000095367432,10600
2018-03-12,6.300000190734863,6.300000190734863,6.300000190734863,6.300000190734863,6.300000190734863,0
2018-03-13,6.099999904632568,6.099999904632568,6.099999904632568,6.099999904632568,6.099999904632568,0
2018-03-14,6.099999904632568,6.099999904632568,6.099999904632568,6.099999904632568,6.099999904632568,0
2018-03-15,6.199999809265137,6.199999809265137,5.800000190734863,5.800000190734863,5.800000190734863,30200
2018-03-16,5.599999904632568,5.800000190734863,5.5,5.5,5.5,25000
2018-03-19,5.400000095367432,5.599999904632568,5.400000095367432,5.5,5.5,7600
2018-03-20,5.5,5.599999904632568,5.5,5.599999904632568,5.599999904632568,4400
2018-03-21,5.5,5.5,5.5,5.5,5.5,0
2018-03-22,5.599999904632568,5.800000190734863,5.599999904632568,5.699999809265137,5.699999809265137,4900
2018-03-23,5.5,5.5,5.5,5.5,5.5,2100
2018-03-26,5.5,5.5,5.5,5.5,5.5,0
2018-03-27,5.5,5.699999809265137,5.5,5.699999809265137,5.699999809265137,3022100
2018-03-28,5.699999809265137,5.699999809265137,5.699999809265137,5.699999809265137,5.699999809265137,11400
2018-03-29,5.5,5.5,5.5,5.5,5.5,5000
2018-04-03,5.5,5.5,5.5,5.5,5.5,0
2018-04-04,5.099999904632568,5.099999904632568,5.099999904632568,5.199999809265137,5.199999809265137,1200
2018-04-06,5.199999809265137,5.199999809265137,5.199999809265137,5.199999809265137,5.199999809265137,4500
2018-04-09,5.099999904632568,5.099999904632568,5.0,5.099999904632568,5.099999904632568,3000
2018-04-10,5.099999904632568,5.099999904632568,5.099999904632568,5.099999904632568,5.099999904632568,0
2018-04-11,5.099999904632568,5.099999904632568,5.099999904632568,5.099999904632568,5.099999904632568,0
2018-04-12,5.099999904632568,5.099999904632568,5.099999904632568,5.099999904632568,5.099999904632568,0
2018-04-13,5.5,6.400000095367432,5.5,6.0,6.0,485000
2018-04-16,6.0,6.0,5.800000190734863,5.800000190734863,5.800000190734863,3700
2018-04-17,5.800000190734863,5.800000190734863,5.800000190734863,5.800000190734863,5.800000190734863,0
2018-04-18,5.400000095367432,5.400000095367432,5.300000190734863,5.300000190734863,5.300000190734863,3900
2018-04-19,5.5,5.5,5.5,5.5,5.5,0
2018-04-20,5.300000190734863,5.599999904632568,5.300000190734863,5.599999904632568,5.599999904632568,3300
2018-04-23,5.599999904632568,5.599999904632568,5.599999904632568,5.599999904632568,5.599999904632568,0
2018-04-24,5.599999904632568,5.599999904632568,5.599999904632568,5.599999904632568,5.599999904632568,0
2018-04-25,5.300000190734863,5.5,4.900000095367432,5.099999904632568,5.099999904632568,102600
2018-04-26,5.400000095367432,6.0,4.300000190734863,6.0,6.0,241000
2018-04-27,6.800000190734863,6.800000190734863,6.800000190734863,6.800000190734863,6.800000190734863,2400
2018-04-30,6.699999809265137,6.699999809265137,6.0,6.0,6.0,83400
2018-05-02,6.0,6.0,6.0,6.0,6.0,0
2018-05-03,6.0,6.699999809265137,6.0,6.5,6.5,502900
2018-05-04,6.400000095367432,6.400000095367432,6.400000095367432,6.400000095367432,6.400000095367432,500000
2018-05-07,6.400000095367432,6.400000095367432,6.400000095367432,6.400000095367432,6.400000095367432,100000
2018-05-08,6.400000095367432,6.400000095367432,5.5,5.900000095367432,5.900000095367432,42600
2018-05-09,5.900000095367432,6.199999809265137,5.900000095367432,6.199999809265137,6.199999809265137,453400
2018-05-10,6.199999809265137,6.199999809265137,6.199999809265137,6.199999809265137,6.199999809265137,0
2018-05-11,6.199999809265137,6.199999809265137,6.199999809265137,6.199999809265137,6.199999809265137,0
2018-05-14,6.300000190734863,6.300000190734863,6.300000190734863,6.300000190734863,6.300000190734863,402000
2018-05-15,6.199999809265137,6.199999809265137,6.199999809265137,6.199999809265137,6.199999809265137,302000
2018-05-16,6.099999904632568,6.099999904632568,6.099999904632568,6.099999904632568,6.099999904632568,200000
2018-05-17,6.099999904632568,6.099999904632568,6.099999904632568,6.099999904632568,6.099999904632568,1016700
2018-05-18,6.0,6.0,6.0,6.0,6.0,0
2018-05-21,5.800000190734863,5.800000190734863,5.800000190734863,5.800000190734863,5.800000190734863,0
2018-05-23,5.800000190734863,5.800000190734863,5.800000190734863,5.800000190734863,5.800000190734863,81800
2018-05-24,5.800000190734863,5.800000190734863,5.800000190734863,5.800000190734863,5.800000190734863,0
2018-05-25,5.599999904632568,5.599999904632568,5.599999904632568,5.599999904632568,5.599999904632568,0
2018-05-28,5.5,5.5,5.5,5.5,5.5,1000
2018-05-29,5.5,5.5,5.5,5.5,5.5,0
2018-05-30,5.5,5.5,5.5,5.5,5.5,0
2018-05-31,5.5,5.5,5.5,5.5,5.5,0
2018-06-01,5.5,5.5,5.5,5.5,5.5,0
2018-06-04,5.5,5.5,5.5,5.5,5.5,0
2018-06-05,5.5,5.5,5.5,5.5,5.5,0
2018-06-06,5.599999904632568,5.599999904632568,5.599999904632568,5.599999904632568,5.599999904632568,5000
2018-06-07,5.599999904632568,5.599999904632568,5.599999904632568,5.599999904632568,5.599999904632568,0
2018-06-08,5.300000190734863,5.400000095367432,5.300000190734863,5.400000095367432,5.400000095367432,400
2018-06-11,5.400000095367432,5.400000095367432,5.400000095367432,5.400000095367432,5.400000095367432,0
2018-06-12,5.300000190734863,5.300000190734863,5.300000190734863,5.300000190734863,5.300000190734863,1021
2018-06-13,5.300000190734863,5.300000190734863,5.300000190734863,5.300000190734863,5.300000190734863,4000
2018-06-14,5.300000190734863,5.300000190734863,5.300000190734863,5.300000190734863,5.300000190734863,10000
2018-06-15,5.300000190734863,5.300000190734863,5.300000190734863,5.300000190734863,5.300000190734863,0
2018-06-19,5.099999904632568,5.099999904632568,5.099999904632568,5.099999904632568,5.099999904632568,0
2018-06-20,5.099999904632568,5.099999904632568,5.099999904632568,5.099999904632568,5.099999904632568,5000
2018-06-21,5.900000095367432,6.0,5.800000190734863,5.900000095367432,5.900000095367432,60900
2018-06-22,5.199999809265137,5.900000095367432,5.199999809265137,5.800000190734863,5.800000190734863,6400
2018-06-25,5.800000190734863,6.0,5.800000190734863,6.0,6.0,15100
2018-06-26,6.0,6.5,5.199999809265137,6.199999809265137,6.199999809265137,46500
2018-06-27,5.599999904632568,6.5,5.5,6.5,6.5,162100
2018-06-28,6.099999904632568,6.900000095367432,5.800000190734863,6.900000095367432,6.900000095367432,160500
2018-06-29,6.699999809265137,6.699999809265137,6.300000190734863,6.599999904632568,6.599999904632568,28200
2018-07-03,6.599999904632568,7.0,6.400000095367432,6.800000190734863,6.800000190734863,55600
2018-07-04,6.800000190734863,7.0,6.699999809265137,7.0,7.0,179200
2018-07-05,7.0,7.0,6.5,7.0,7.0,231600
2018-07-06,7.0,7.099999904632568,6.699999809265137,7.099999904632568,7.099999904632568,69000
2018-07-09,7.099999904632568,7.099999904632568,7.099999904632568,7.099999904632568,7.099999904632568,10200
2018-07-10,7.099999904632568,7.099999904632568,6.699999809265137,6.699999809265137,6.699999809265137,28900
2018-07-11,6.699999809265137,7.199999809265137,6.699999809265137,7.099999904632568,7.099999904632568,53300
2018-07-12,7.199999809265137,7.199999809265137,7.099999904632568,7.199999809265137,7.199999809265137,12300
2018-07-13,7.199999809265137,7.199999809265137,7.0,7.0,7.0,14700
2018-07-16,7.199999809265137,7.199999809265137,7.0,7.199999809265137,7.199999809265137,48600
2018-07-17,7.0,7.0,7.0,7.0,7.0,5200
2018-07-18,7.199999809265137,7.199999809265137,6.800000190734863,7.099999904632568,7.099999904632568,17100
2018-07-19,7.199999809265137,7.199999809265137,6.199999809265137,7.099999904632568,7.099999904632568,3500
2018-07-20,7.0,7.0,7.0,7.0,7.0,200
2018-07-23,7.0,7.099999904632568,7.0,7.0,7.0,200
2018-07-24,6.300000190734863,7.0,6.300000190734863,7.0,7.0,2000
2018-07-25,7.0,7.0,6.900000095367432,7.0,7.0,14900
2018-07-26,6.400000095367432,7.0,6.300000190734863,7.0,7.0,2100
2018-07-27,7.0,7.0,7.0,7.0,7.0,0
2018-07-30,6.400000095367432,6.900000095367432,6.400000095367432,6.900000095367432,6.900000095367432,1800
2018-07-31,7.0,7.0,7.0,7.0,7.0,0
2018-08-01,7.0,7.0,7.0,7.0,7.0,200
2018-08-02,7.0,7.0,7.0,7.0,7.0,100
2018-08-03,7.0,7.0,7.0,7.0,7.0,0
2018-08-06,6.900000095367432,7.0,6.900000095367432,7.0,7.0,2200
2018-08-07,6.900000095367432,7.0,6.900000095367432,7.0,7.0,1100
2018-08-08,7.199999809265137,7.199999809265137,7.099999904632568,7.099999904632568,7.099999904632568,3100
2018-08-09,7.0,7.099999904632568,6.900000095367432,7.099999904632568,7.099999904632568,14000
2018-08-10,7.199999809265137,7.199999809265137,7.0,7.0,7.0,200
2018-08-13,6.900000095367432,7.199999809265137,6.900000095367432,7.0,7.0,13200
2018-08-14,6.300000190734863,7.0,6.300000190734863,7.0,7.0,1100
2018-08-15,7.099999904632568,7.199999809265137,6.900000095367432,7.099999904632568,7.099999904632568,2300
2018-08-16,6.400000095367432,7.0,6.099999904632568,7.0,7.0,10500
2018-08-17,7.0,7.0,7.0,7.0,7.0,100
2018-08-20,6.400000095367432,7.099999904632568,6.400000095367432,7.099999904632568,7.099999904632568,4700
2018-08-21,7.099999904632568,7.099999904632568,7.099999904632568,7.099999904632568,7.099999904632568,100
2018-08-22,7.099999904632568,7.099999904632568,6.300000190734863,6.900000095367432,6.900000095367432,8800
2018-08-23,6.300000190734863,6.900000095367432,6.300000190734863,6.699999809265137,6.699999809265137,17100
2018-08-24,6.800000190734863,6.800000190734863,6.800000190734863,6.800000190734863,6.800000190734863,0
2018-08-27,6.599999904632568,7.0,6.5,6.800000190734863,6.800000190734863,26800
2018-08-28,7.0,7.0,7.0,7.0,7.0,0
2018-08-29,7.0,7.0,7.0,7.0,7.0,100
2018-08-30,6.599999904632568,6.800000190734863,6.599999904632568,6.800000190734863,6.800000190734863,7300
2018-08-31,7.0,7.0,7.0,7.0,7.0,0
2018-09-03,6.900000095367432,7.0,6.900000095367432,7.0,7.0,300
2018-09-04,6.5,7.0,6.5,6.900000095367432,6.900000095367432,63900
2018-09-05,7.099999904632568,7.099999904632568,6.400000095367432,6.900000095367432,6.900000095367432,15600
2018-09-06,6.699999809265137,6.800000190734863,6.699999809265137,6.800000190734863,6.800000190734863,9500
2018-09-07,7.0,7.0,6.0,6.800000190734863,6.800000190734863,21200
2018-09-10,6.099999904632568,7.0,6.0,7.0,7.0,157100
2018-09-11,6.5,6.699999809265137,5.800000190734863,6.599999904632568,6.599999904632568,184600
2018-09-12,6.300000190734863,6.599999904632568,6.0,6.099999904632568,6.099999904632568,150300
2018-09-13,5.5,6.099999904632568,5.199999809265137,5.800000190734863,5.800000190734863,29700
2018-09-14,5.800000190734863,6.400000095367432,5.5,5.599999904632568,5.599999904632568,240500
2018-09-17,5.699999809265137,6.599999904632568,5.699999809265137,6.300000190734863,6.300000190734863,70400
2018-09-18,6.300000190734863,6.300000190734863,6.300000190734863,6.300000190734863,6.300000190734863,0
2018-09-19,6.0,6.0,5.900000095367432,6.0,6.0,6100
2018-09-20,6.0,6.199999809265137,6.0,6.199999809265137,6.199999809265137,6500
2018-09-21,6.199999809265137,6.199999809265137,6.199999809265137,6.199999809265137,6.199999809265137,0
2018-09-24,6.300000190734863,6.300000190734863,6.300000190734863,6.300000190734863,6.300000190734863,8800
2018-09-26,6.199999809265137,6.199999809265137,6.199999809265137,6.199999809265137,6.199999809265137,10800
2018-09-27,6.300000190734863,6.300000190734863,6.199999809265137,6.199999809265137,6.199999809265137,28900
2018-09-28,6.199999809265137,6.199999809265137,6.099999904632568,6.099999904632568,6.099999904632568,100600
2018-10-02,6.099999904632568,6.099999904632568,6.0,6.0,6.0,190200
2018-10-03,6.099999904632568,6.400000095367432,6.099999904632568,6.199999809265137,6.199999809265137,44800
2018-10-04,6.300000190734863,6.300000190734863,6.300000190734863,6.300000190734863,6.300000190734863,34700
2018-10-05,6.300000190734863,6.300000190734863,6.300000190734863,6.300000190734863,6.300000190734863,0
2018-10-08,6.400000095367432,6.400000095367432,6.300000190734863,6.300000190734863,6.300000190734863,46000
2018-10-09,6.300000190734863,6.400000095367432,6.300000190734863,6.400000095367432,6.400000095367432,13900
2018-10-10,6.400000095367432,6.599999904632568,6.300000190734863,6.599999904632568,6.599999904632568,36300
2018-10-11,6.699999809265137,6.699999809265137,6.400000095367432,6.400000095367432,6.400000095367432,258200
2018-10-12,6.699999809265137,6.699999809265137,6.5,6.5,6.5,492600
2018-10-15,6.5,6.5,6.5,6.5,6.5,110000
2018-10-16,6.5,6.5,6.5,6.5,6.5,218000
2018-10-18,6.5,6.5,6.5,6.5,6.5,90200
2018-10-19,6.5,6.5,6.5,6.5,6.5,336400
2018-10-22,6.5,6.599999904632568,6.5,6.5,6.5,97200
2018-10-23,6.5,6.5,6.5,6.5,6.5,0
2018-10-24,6.5,6.5,6.5,6.5,6.5,0
2018-10-25,6.5,6.5,6.5,6.5,6.5,0
2018-10-26,5.900000095367432,6.800000190734863,5.900000095367432,6.800000190734863,6.800000190734863,5000
2018-10-29,6.099999904632568,6.5,6.099999904632568,6.5,6.5,7400
2018-10-30,6.800000190734863,6.800000190734863,6.800000190734863,6.800000190734863,6.800000190734863,200
2018-10-31,6.5,6.5,6.5,6.5,6.5,0
2018-11-01,6.5,6.5,6.5,6.5,6.5,0
2018-11-02,6.5,6.5,6.5,6.5,6.5,0
2018-11-05,6.400000095367432,6.400000095367432,5.5,6.0,6.0,12700
2018-11-06,6.400000095367432,6.400000095367432,6.099999904632568,6.400000095367432,6.400000095367432,3400
2018-11-07,6.400000095367432,6.400000095367432,6.400000095367432,6.400000095367432,6.400000095367432,0
2018-11-08,6.400000095367432,6.400000095367432,6.400000095367432,6.400000095367432,6.400000095367432,0
2018-11-09,6.400000095367432,6.400000095367432,6.400000095367432,6.400000095367432,6.400000095367432,0
2018-11-12,6.400000095367432,6.400000095367432,6.400000095367432,6.400000095367432,6.400000095367432,4200
2018-11-13,6.300000190734863,6.400000095367432,6.300000190734863,6.400000095367432,6.400000095367432,400
2018-11-14,6.400000095367432,6.400000095367432,6.400000095367432,6.400000095367432,6.400000095367432,0
2018-11-15,6.400000095367432,6.400000095367432,6.400000095367432,6.400000095367432,6.400000095367432,0
2018-11-16,5.699999809265137,6.0,5.699999809265137,6.0,6.0,15600
2018-11-19,6.0,6.0,5.699999809265137,5.699999809265137,5.699999809265137,8100
2018-11-20,6.0,6.0,6.0,6.0,6.0,0
2018-11-21,6.0,6.0,6.0,6.0,6.0,0
2018-11-22,6.099999904632568,6.099999904632568,6.099999904632568,6.099999904632568,6.099999904632568,0
2018-11-23,5.699999809265137,6.0,5.5,5.800000190734863,5.800000190734863,43300
2018-11-26,6.300000190734863,6.400000095367432,6.300000190734863,6.400000095367432,6.400000095367432,3400
2018-11-27,6.400000095367432,6.400000095367432,6.400000095367432,6.400000095367432,6.400000095367432,0
2018-11-28,6.099999904632568,6.300000190734863,6.099999904632568,6.300000190734863,6.300000190734863,200
2018-11-29,6.5,6.5,6.5,6.5,6.5,200
2018-11-30,6.300000190734863,6.300000190734863,6.300000190734863,6.300000190734863,6.300000190734863,0
2018-12-03,6.199999809265137,6.400000095367432,6.199999809265137,6.400000095367432,6.400000095367432,160100
2018-12-04,6.300000190734863,6.400000095367432,5.699999809265137,6.199999809265137,6.199999809265137,102700
2018-12-05,6.099999904632568,6.099999904632568,6.099999904632568,6.099999904632568,6.099999904632568,1800
2018-12-06,6.0,6.0,6.0,6.0,6.0,0
2018-12-07,5.699999809265137,6.0,5.199999809265137,5.900000095367432,5.900000095367432,39600
2018-12-10,5.599999904632568,5.900000095367432,5.5,5.800000190734863,5.800000190734863,8000
2018-12-11,5.300000190734863,5.900000095367432,5.300000190734863,5.599999904632568,5.599999904632568,17500
2018-12-12,5.300000190734863,5.5,4.800000190734863,5.5,5.5,134600
2018-12-13,5.5,5.5,5.300000190734863,5.5,5.5,400
2018-12-14,5.5,5.5,5.5,5.5,5.5,0
2018-12-17,5.599999904632568,5.599999904632568,5.099999904632568,5.300000190734863,5.300000190734863,47000
2018-12-18,5.400000095367432,5.800000190734863,5.400000095367432,5.800000190734863,5.800000190734863,5400
2018-12-19,5.699999809265137,5.699999809265137,5.699999809265137,5.699999809265137,5.699999809265137,0
2018-12-20,6.0,6.0,5.900000095367432,5.699999809265137,5.699999809265137,4000
2018-12-21,5.900000095367432,5.900000095367432,5.5,5.5,5.5,2000
2018-12-24,5.900000095367432,5.900000095367432,5.900000095367432,5.699999809265137,5.699999809265137,120000
2018-12-27,5.699999809265137,5.800000190734863,5.0,5.5,5.5,16800
2018-12-28,5.0,5.300000190734863,2.799999952316284,3.5,3.5,1942500
2018-12-31,3.5,3.5,3.0,3.0999999046325684,3.0999999046325684,852700
2019-01-02,3.0999999046325684,3.0999999046325684,2.799999952316284,3.0,3.0,773800
2019-01-03,3.0999999046325684,3.0999999046325684,2.799999952316284,2.9000000953674316,2.9000000953674316,890600
2019-01-04,3.0,3.5999999046325684,3.0,3.4000000953674316,3.4000000953674316,590700
2019-01-07,3.200000047683716,3.799999952316284,3.200000047683716,3.799999952316284,3.799999952316284,737700
2019-01-08,3.799999952316284,4.300000190734863,3.700000047683716,4.0,4.0,485300
2019-01-09,4.099999904632568,4.400000095367432,4.0,4.099999904632568,4.099999904632568,116800
2019-01-10,4.099999904632568,4.300000190734863,4.099999904632568,4.199999809265137,4.199999809265137,9300
2019-01-11,3.799999952316284,4.199999809265137,3.799999952316284,4.099999904632568,4.099999904632568,184900
2019-01-14,3.700000047683716,4.0,3.700000047683716,4.0,4.0,12100
2019-01-15,4.099999904632568,4.099999904632568,3.799999952316284,4.099999904632568,4.099999904632568,27700
2019-01-16,4.099999904632568,4.300000190734863,4.0,4.099999904632568,4.099999904632568,66100
2019-01-17,4.400000095367432,4.5,4.099999904632568,4.400000095367432,4.400000095367432,76800
2019-01-18,4.400000095367432,4.699999809265137,4.300000190734863,4.300000190734863,4.300000190734863,23000
2019-01-21,4.199999809265137,4.699999809265137,3.799999952316284,3.799999952316284,3.799999952316284,8300
2019-01-22,3.9000000953674316,4.599999904632568,3.9000000953674316,4.0,4.0,7000
2019-01-23,3.9000000953674316,3.9000000953674316,3.9000000953674316,3.9000000953674316,3.9000000953674316,0
2019-01-24,4.0,4.599999904632568,3.9000000953674316,4.0,4.0,13500
2019-01-25,4.0,4.199999809265137,4.0,4.199999809265137,4.199999809265137,9700
2019-01-28,4.199999809265137,4.199999809265137,4.199999809265137,4.199999809265137,4.199999809265137,0
2019-01-29,4.099999904632568,4.400000095367432,4.099999904632568,4.300000190734863,4.300000190734863,2200
2019-01-30,4.300000190734863,4.300000190734863,4.300000190734863,4.300000190734863,4.300000190734863,0
2019-01-31,4.0,4.199999809265137,4.0,4.199999809265137,4.199999809265137,10900
2019-02-01,3.9000000953674316,4.199999809265137,3.9000000953674316,4.199999809265137,4.199999809265137,4100
2019-02-04,3.9000000953674316,3.9000000953674316,3.9000000953674316,3.9000000953674316,3.9000000953674316,2000
2019-02-08,3.9000000953674316,4.5,3.799999952316284,4.199999809265137,4.199999809265137,30800
2019-02-11,4.0,4.5,4.0,4.400000095367432,4.400000095367432,21500
2019-02-12,4.099999904632568,4.400000095367432,4.0,4.400000095367432,4.400000095367432,3105200
2019-02-13,4.0,4.400000095367432,3.799999952316284,4.400000095367432,4.400000095367432,22600
2019-02-14,4.099999904632568,4.199999809265137,4.0,4.099999904632568,4.099999904632568,5500
2019-02-15,4.099999904632568,4.300000190734863,4.099999904632568,4.099999904632568,4.099999904632568,958600
2019-02-18,4.0,4.199999809265137,3.9000000953674316,4.199999809265137,4.199999809265137,18000
2019-02-19,4.0,4.199999809265137,4.0,4.199999809265137,4.199999809265137,5300
2019-02-20,4.199999809265137,4.300000190734863,4.199999809265137,4.300000190734863,4.300000190734863,3100
2019-02-21,4.300000190734863,4.300000190734863,4.300000190734863,4.300000190734863,4.300000190734863,700
2019-02-22,4.199999809265137,4.199999809265137,4.199999809265137,4.199999809265137,4.199999809265137,4500
2019-02-25,4.199999809265137,4.199999809265137,4.199999809265137,4.199999809265137,4.199999809265137,0
2019-02-26,4.300000190734863,4.300000190734863,3.799999952316284,4.0,4.0,2200
2019-02-27,4.199999809265137,4.400000095367432,4.199999809265137,4.300000190734863,4.300000190734863,31200
2019-02-28,4.300000190734863,4.300000190734863,4.0,4.099999904632568,4.099999904632568,12000
2019-03-01,4.099999904632568,4.099999904632568,4.099999904632568,4.099999904632568,4.099999904632568,0
2019-03-04,4.099999904632568,4.099999904632568,4.099999904632568,4.099999904632568,4.099999904632568,0
2019-03-05,4.0,4.300000190734863,4.0,4.199999809265137,4.199999809265137,21100
2019-03-06,4.099999904632568,4.099999904632568,4.099999904632568,4.099999904632568,4.099999904632568,0
2019-03-07,4.0,4.099999904632568,3.9000000953674316,4.099999904632568,4.099999904632568,15500
2019-03-08,4.099999904632568,4.099999904632568,4.0,4.0,4.0,700
2019-03-11,3.799999952316284,4.199999809265137,3.799999952316284,4.099999904632568,4.099999904632568,4500
2019-03-12,4.099999904632568,4.099999904632568,4.099999904632568,4.099999904632568,4.099999904632568,0
2019-03-13,4.0,4.0,4.0,4.0,4.0,1000
2019-03-14,4.0,4.099999904632568,4.0,4.099999904632568,4.099999904632568,1594700
2019-03-15,4.099999904632568,4.400000095367432,4.099999904632568,4.400000095367432,4.400000095367432,51600
2019-03-18,4.400000095367432,4.400000095367432,4.400000095367432,4.400000095367432,4.400000095367432,0
2019-03-19,4.400000095367432,4.800000190734863,4.400000095367432,4.699999809265137,4.699999809265137,74200
2019-03-20,4.0,4.800000190734863,4.0,4.699999809265137,4.699999809265137,600
2019-03-21,4.699999809265137,4.699999809265137,4.699999809265137,4.699999809265137,4.699999809265137,0
2019-03-22,4.699999809265137,4.699999809265137,4.699999809265137,4.699999809265137,4.699999809265137,0
2019-03-25,4.699999809265137,4.699999809265137,4.699999809265137,4.699999809265137,4.699999809265137,0
2019-03-26,4.599999904632568,4.599999904632568,4.599999904632568,4.599999904632568,4.599999904632568,0
2019-03-27,4.5,4.5,4.5,4.5,4.5,40200
2019-03-28,4.5,4.5,4.5,4.5,4.5,0
2019-03-29,4.0,4.5,4.0,4.5,4.5,3100
2019-04-01,4.5,4.599999904632568,4.5,4.599999904632568,4.599999904632568,2400
2019-04-02,4.599999904632568,4.599999904632568,4.599999904632568,4.599999904632568,4.599999904632568,0
2019-04-03,4.300000190734863,4.599999904632568,4.300000190734863,4.300000190734863,4.300000190734863,13800
2019-04-04,4.300000190734863,4.5,4.300000190734863,4.5,4.5,46400
2019-04-08,4.5,4.5,4.5,4.5,4.5,0
2019-04-09,4.5,4.5,4.5,4.5,4.5,1820
2019-04-10,4.5,4.5,4.5,4.5,4.5,0
2019-04-11,4.5,4.5,4.5,4.5,4.5,0
2019-04-12,4.5,4.5,4.5,4.5,4.5,0
2019-04-15,4.5,4.5,4.5,4.5,4.5,0
2019-04-16,4.699999809265137,4.699999809265137,3.799999952316284,4.099999904632568,4.099999904632568,132821
2019-04-17,4.099999904632568,4.099999904632568,4.0,4.0,4.0,7300
2019-04-18,3.9000000953674316,4.5,3.9000000953674316,4.5,4.5,101700
2019-04-23,4.5,4.5,4.5,4.5,4.5,0
2019-04-24,4.5,4.5,4.5,4.5,4.5,0
2019-04-25,4.099999904632568,4.199999809265137,4.099999904632568,4.199999809265137,4.199999809265137,300
2019-04-26,4.199999809265137,4.199999809265137,4.199999809265137,4.199999809265137,4.199999809265137,0
2019-04-29,4.199999809265137,4.199999809265137,4.199999809265137,4.199999809265137,4.199999809265137,0
2019-04-30,4.300000190734863,4.300000190734863,4.300000190734863,4.300000190734863,4.300000190734863,0
2019-05-02,4.300000190734863,4.300000190734863,4.300000190734863,4.300000190734863,4.300000190734863,0
2019-05-03,4.099999904632568,4.099999904632568,4.099999904632568,4.099999904632568,4.099999904632568,400
2019-05-06,4.099999904632568,4.099999904632568,4.099999904632568,4.099999904632568,4.099999904632568,0
2019-05-07,4.5,4.5,4.300000190734863,4.400000095367432,4.400000095367432,1656300
2019-05-08,4.300000190734863,4.300000190734863,4.300000190734863,4.300000190734863,4.300000190734863,0
2019-05-09,4.5,4.5,4.0,4.300000190734863,4.300000190734863,21400
2019-05-10,4.199999809265137,4.400000095367432,4.199999809265137,4.400000095367432,4.400000095367432,20200
2019-05-14,4.099999904632568,4.699999809265137,4.0,4.599999904632568,4.599999904632568,183278
2019-05-15,4.599999904632568,5.300000190734863,4.599999904632568,5.199999809265137,5.199999809265137,152400
2019-05-16,5.199999809265137,5.5,5.199999809265137,5.5,5.5,68100
2019-05-17,5.400000095367432,5.400000095367432,5.0,5.0,5.0,4600
2019-05-20,5.0,5.0,5.0,5.0,5.0,0
2019-05-21,4.900000095367432,5.0,4.900000095367432,5.0,5.0,202000
2019-05-22,5.0,5.0,5.0,5.0,5.0,0
2019-05-23,5.0,5.0,5.0,5.0,5.0,0
2019-05-24,5.0,5.0,5.0,5.0,5.0,0
2019-05-27,4.900000095367432,4.900000095367432,4.900000095367432,4.900000095367432,4.900000095367432,0
2019-05-28,4.5,4.699999809265137,4.5,4.699999809265137,4.699999809265137,2800
2019-05-29,4.699999809265137,4.699999809265137,4.699999809265137,4.699999809265137,4.699999809265137,0
2019-05-30,4.5,4.5,4.5,4.5,4.5,0
2019-05-31,4.599999904632568,5.099999904632568,4.400000095367432,5.0,5.0,22900
2019-06-03,4.900000095367432,5.099999904632568,4.400000095367432,4.400000095367432,4.400000095367432,11900
2019-06-04,5.199999809265137,5.199999809265137,4.300000190734863,4.699999809265137,4.699999809265137,177300
2019-06-05,4.300000190734863,4.599999904632568,4.300000190734863,4.599999904632568,4.599999904632568,1800
2019-06-06,4.699999809265137,4.699999809265137,4.699999809265137,4.699999809265137,4.699999809265137,0
2019-06-10,4.599999904632568,4.599999904632568,4.599999904632568,4.599999904632568,4.599999904632568,2600
2019-06-11,4.5,4.5,4.5,4.5,4.5,200
2019-06-12,4.599999904632568,5.099999904632568,4.599999904632568,4.800000190734863,4.800000190734863,2100
2019-06-13,4.5,4.599999904632568,4.5,4.599999904632568,4.599999904632568,237300
2019-06-14,4.599999904632568,4.599999904632568,4.599999904632568,4.599999904632568,4.599999904632568,0
2019-06-17,4.699999809265137,4.699999809265137,4.699999809265137,4.699999809265137,4.699999809265137,0
2019-06-18,4.5,4.800000190734863,4.5,4.699999809265137,4.699999809265137,5100
2019-06-19,4.599999904632568,4.599999904632568,4.599999904632568,4.599999904632568,4.599999904632568,0
2019-06-20,4.5,5.400000095367432,4.5,5.0,5.0,10200
2019-06-21,5.400000095367432,5.400000095367432,4.5,4.699999809265137,4.699999809265137,8700
2019-06-24,5.5,5.5,4.400000095367432,4.400000095367432,4.400000095367432,12800
2019-06-25,5.0,5.0,4.800000190734863,4.800000190734863,4.800000190734863,80300
2019-06-26,5.0,5.0,4.5,4.800000190734863,4.800000190734863,1400
2019-06-27,4.5,4.800000190734863,4.300000190734863,4.400000095367432,4.400000095367432,27400
2019-06-28,4.599999904632568,5.400000095367432,4.400000095367432,4.5,4.5,10700
2019-07-02,5.300000190734863,5.300000190734863,4.5,4.5,4.5,50200
2019-07-03,4.800000190734863,5.199999809265137,4.599999904632568,5.0,5.0,73300
2019-07-04,4.800000190734863,4.800000190734863,4.800000190734863,4.800000190734863,4.800000190734863,14460
2019-07-05,5.0,5.0,5.0,4.800000190734863,4.800000190734863,100
2019-07-08,4.599999904632568,4.599999904632568,4.599999904632568,4.599999904632568,4.599999904632568,6500
2019-07-09,4.599999904632568,4.699999809265137,4.699999809265137,4.699999809265137,4.699999809265137,13100
2019-07-10,4.900000095367432,4.900000095367432,4.599999904632568,4.699999809265137,4.699999809265137,300
2019-07-11,4.900000095367432,4.900000095367432,4.699999809265137,4.699999809265137,4.699999809265137,3600
2019-07-12,4.699999809265137,4.699999809265137,4.599999904632568,4.599999904632568,4.599999904632568,10300
2019-07-15,4.599999904632568,4.599999904632568,4.599999904632568,4.599999904632568,4.599999904632568,0
2019-07-16,4.900000095367432,4.900000095367432,4.900000095367432,4.900000095367432,4.900000095367432,0
2019-07-17,4.900000095367432,4.900000095367432,4.900000095367432,4.900000095367432,4.900000095367432,0
2019-07-18,4.599999904632568,4.599999904632568,4.599999904632568,4.599999904632568,4.599999904632568,200
2019-07-19,4.900000095367432,4.900000095367432,4.800000190734863,4.800000190734863,4.800000190734863,2200
2019-07-22,4.699999809265137,4.699999809265137,4.400000095367432,4.699999809265137,4.699999809265137,5260
2019-07-23,4.699999809265137,4.699999809265137,4.699999809265137,4.699999809265137,4.699999809265137,0
2019-07-24,4.400000095367432,4.699999809265137,4.400000095367432,4.699999809265137,4.699999809265137,34900
2019-07-25,4.400000095367432,4.599999904632568,4.400000095367432,4.400000095367432,4.400000095367432,11895
2019-07-26,4.5,4.599999904632568,4.5,4.599999904632568,4.599999904632568,800
2019-07-29,4.599999904632568,4.599999904632568,4.599999904632568,4.599999904632568,4.599999904632568,0
2019-07-30,4.599999904632568,4.599999904632568,4.599999904632568,4.599999904632568,4.599999904632568,0
2019-07-31,4.599999904632568,4.599999904632568,4.599999904632568,4.599999904632568,4.599999904632568,0
2019-08-01,4.599999904632568,4.599999904632568,4.599999904632568,4.599999904632568,4.599999904632568,0
2019-08-02,4.599999904632568,4.599999904632568,4.599999904632568,4.599999904632568,4.599999904632568,0
2019-08-05,4.599999904632568,4.900000095367432,4.599999904632568,4.599999904632568,4.599999904632568,2600
2019-08-06,4.800000190734863,4.800000190734863,4.800000190734863,4.800000190734863,4.800000190734863,0
2019-08-07,4.599999904632568,4.699999809265137,4.5,4.699999809265137,4.699999809265137,3100
2019-08-08,4.699999809265137,4.699999809265137,4.699999809265137,4.699999809265137,4.699999809265137,0
2019-08-09,4.199999809265137,4.800000190734863,4.199999809265137,4.800000190734863,4.800000190734863,28400
2019-08-12,4.800000190734863,4.800000190734863,4.699999809265137,4.699999809265137,4.699999809265137,300
2019-08-13,4.699999809265137,4.699999809265137,4.699999809265137,4.699999809265137,4.699999809265137,0
2019-08-14,4.900000095367432,4.900000095367432,4.900000095367432,4.900000095367432,4.900000095367432,0
2019-08-15,4.800000190734863,4.800000190734863,4.800000190734863,4.800000190734863,4.800000190734863,0
2019-08-16,4.400000095367432,5.0,4.300000190734863,5.0,5.0,4379
2019-08-19,5.0,5.0,4.099999904632568,4.300000190734863,4.300000190734863,22600
2019-08-20,4.099999904632568,4.5,4.099999904632568,4.300000190734863,4.300000190734863,8500
2019-08-21,4.400000095367432,4.400000095367432,4.199999809265137,4.400000095367432,4.400000095367432,3200
2019-08-22,4.199999809265137,4.5,4.199999809265137,4.5,4.5,109100
2019-08-23,4.400000095367432,4.5,4.199999809265137,4.5,4.5,15400
2019-08-26,4.599999904632568,4.599999904632568,4.300000190734863,4.599999904632568,4.599999904632568,1200
2019-08-27,4.5,4.5,4.400000095367432,4.5,4.5,14900
2019-08-28,4.300000190734863,4.5,4.199999809265137,4.5,4.5,2500
2019-08-29,4.5,4.5,4.5,4.5,4.5,0
2019-08-30,4.0,4.5,4.0,4.5,4.5,4700
2019-09-02,4.5,4.5,4.5,4.5,4.5,0
2019-09-03,4.300000190734863,4.699999809265137,4.300000190734863,4.699999809265137,4.699999809265137,5100
2019-09-04,4.099999904632568,5.0,4.099999904632568,4.800000190734863,4.800000190734863,800
2019-09-05,4.099999904632568,4.400000095367432,4.0,4.400000095367432,4.400000095367432,42500
2019-09-06,4.599999904632568,4.599999904632568,4.599999904632568,4.599999904632568,4.599999904632568,0
2019-09-09,4.5,4.5,4.5,4.5,4.5,0
2019-09-10,4.400000095367432,4.400000095367432,4.400000095367432,4.400000095367432,4.400000095367432,0
2019-09-11,4.5,4.599999904632568,4.300000190734863,4.400000095367432,4.400000095367432,3700
2019-09-12,4.300000190734863,4.300000190734863,4.099999904632568,4.300000190734863,4.300000190734863,3800
2019-09-13,4.300000190734863,4.699999809265137,4.199999809265137,4.699999809265137,4.699999809265137,4100
2019-09-16,4.300000190734863,4.400000095367432,4.199999809265137,4.400000095367432,4.400000095367432,11100
2019-09-17,4.400000095367432,4.400000095367432,4.400000095367432,4.400000095367432,4.400000095367432,0
2019-09-18,4.400000095367432,4.400000095367432,4.400000095367432,4.400000095367432,4.400000095367432,0
2019-09-19,4.099999904632568,4.300000190734863,4.0,4.300000190734863,4.300000190734863,39500
2019-09-20,4.300000190734863,4.300000190734863,4.300000190734863,4.300000190734863,4.300000190734863,0
2019-09-23,4.099999904632568,4.300000190734863,3.9000000953674316,4.300000190734863,4.300000190734863,34000
2019-09-24,4.0,4.199999809265137,4.0,4.199999809265137,4.199999809265137,10300
2019-09-25,4.0,4.199999809265137,4.0,4.199999809265137,4.199999809265137,10900
2019-09-26,4.099999904632568,4.099999904632568,4.099999904632568,4.099999904632568,4.099999904632568,0
2019-09-27,4.0,4.599999904632568,3.799999952316284,4.199999809265137,4.199999809265137,35400
2019-09-30,3.799999952316284,4.300000190734863,3.5999999046325684,4.300000190734863,4.300000190734863,25400
2019-10-02,4.300000190734863,4.300000190734863,4.300000190734863,4.300000190734863,4.300000190734863,0
2019-10-03,4.300000190734863,4.300000190734863,4.300000190734863,4.300000190734863,4.300000190734863,0
2019-10-04,4.300000190734863,4.300000190734863,4.300000190734863,4.300000190734863,4.300000190734863,0
2019-10-08,4.400000095367432,4.400000095367432,4.400000095367432,4.400000095367432,4.400000095367432,0
2019-10-09,4.300000190734863,4.300000190734863,4.300000190734863,4.300000190734863,4.300000190734863,0
2019-10-10,4.199999809265137,4.199999809265137,4.199999809265137,4.199999809265137,4.199999809265137,300
2019-10-11,4.199999809265137,4.199999809265137,4.199999809265137,4.199999809265137,4.199999809265137,0
2019-10-14,4.199999809265137,4.199999809265137,4.199999809265137,4.199999809265137,4.199999809265137,0
2019-10-15,4.300000190734863,4.5,3.799999952316284,4.300000190734863,4.300000190734863,5000
2019-10-16,4.099999904632568,4.099999904632568,3.799999952316284,4.0,4.0,3600
2019-10-17,4.0,4.0,4.0,4.0,4.0,1700
2019-10-18,3.799999952316284,4.400000095367432,3.799999952316284,4.400000095367432,4.400000095367432,1800
2019-10-21,4.199999809265137,4.199999809265137,4.199999809265137,4.199999809265137,4.199999809265137,0
2019-10-22,4.099999904632568,4.099999904632568,4.099999904632568,4.099999904632568,4.099999904632568,0
2019-10-23,4.0,4.0,4.0,4.0,4.0,0
2019-10-24,4.0,4.0,4.0,4.0,4.0,0
2019-10-25,3.9000000953674316,4.199999809265137,3.9000000953674316,4.199999809265137,4.199999809265137,12200
2019-10-28,4.099999904632568,4.099999904632568,4.0,4.0,4.0,3000
2019-10-29,4.0,4.0,4.0,4.0,4.0,0
2019-10-30,4.099999904632568,4.099999904632568,4.099999904632568,4.099999904632568,4.099999904632568,0
2019-10-31,4.099999904632568,4.099999904632568,4.099999904632568,4.099999904632568,4.099999904632568,0
2019-11-01,4.0,4.400000095367432,3.9000000953674316,4.199999809265137,4.199999809265137,31900
2019-11-04,4.0,4.0,4.0,4.0,4.0,0
2019-11-05,3.799999952316284,4.099999904632568,3.799999952316284,4.099999904632568,4.099999904632568,600
2019-11-06,4.099999904632568,4.099999904632568,4.099999904632568,4.099999904632568,4.099999904632568,0
2019-11-07,4.099999904632568,4.099999904632568,4.099999904632568,4.099999904632568,4.099999904632568,0
2019-11-08,4.099999904632568,4.099999904632568,4.099999904632568,4.099999904632568,4.099999904632568,0
2019-11-11,4.0,4.0,4.0,4.0,4.0,0
2019-11-12,4.0,4.0,4.0,4.0,4.0,0
2019-11-13,3.799999952316284,4.5,3.700000047683716,4.5,4.5,7400
2019-11-14,4.300000190734863,4.300000190734863,4.300000190734863,4.300000190734863,4.300000190734863,0
2019-11-15,3.9000000953674316,3.9000000953674316,3.799999952316284,3.9000000953674316,3.9000000953674316,5300
2019-11-18,3.700000047683716,4.400000095367432,3.5999999046325684,4.400000095367432,4.400000095367432,21300
2019-11-19,3.9000000953674316,3.9000000953674316,3.9000000953674316,3.9000000953674316,3.9000000953674316,0
2019-11-20,3.9000000953674316,3.9000000953674316,3.9000000953674316,3.9000000953674316,3.9000000953674316,0
2019-11-21,3.9000000953674316,3.9000000953674316,3.9000000953674316,3.9000000953674316,3.9000000953674316,0
2019-11-22,4.0,4.0,4.0,4.0,4.0,0
2019-11-25,4.300000190734863,4.300000190734863,4.300000190734863,4.099999904632568,4.099999904632568,400
2019-11-26,4.099999904632568,4.099999904632568,4.099999904632568,4.099999904632568,4.099999904632568,0
2019-11-27,3.9000000953674316,3.9000000953674316,3.9000000953674316,3.9000000953674316,3.9000000953674316,300
2019-11-28,3.9000000953674316,3.9000000953674316,3.9000000953674316,3.9000000953674316,3.9000000953674316,0
2019-11-29,3.9000000953674316,3.9000000953674316,3.9000000953674316,3.9000000953674316,3.9000000953674316,0
2019-12-02,3.799999952316284,3.799999952316284,3.799999952316284,3.799999952316284,3.799999952316284,0
2019-12-03,3.799999952316284,3.799999952316284,3.5999999046325684,3.799999952316284,3.799999952316284,1700
2019-12-04,3.799999952316284,3.799999952316284,3.799999952316284,3.799999952316284,3.799999952316284,0
2019-12-05,3.799999952316284,3.799999952316284,3.799999952316284,3.799999952316284,3.799999952316284,0
2019-12-06,3.799999952316284,3.799999952316284,3.700000047683716,3.700000047683716,3.700000047683716,4500
2019-12-09,3.700000047683716,3.700000047683716,3.700000047683716,3.700000047683716,3.700000047683716,0
2019-12-10,3.799999952316284,3.799999952316284,3.799999952316284,3.799999952316284,3.799999952316284,0
2019-12-11,3.799999952316284,3.799999952316284,3.799999952316284,3.799999952316284,3.799999952316284,0
2019-12-12,4.099999904632568,4.199999809265137,4.099999904632568,4.099999904632568,4.099999904632568,33600
2019-12-13,4.099999904632568,4.099999904632568,4.099999904632568,4.099999904632568,4.099999904632568,0
2019-12-16,3.799999952316284,3.799999952316284,3.799999952316284,3.799999952316284,3.799999952316284,4700
2019-12-17,3.799999952316284,3.799999952316284,3.799999952316284,3.799999952316284,3.799999952316284,0
2019-12-18,3.799999952316284,3.799999952316284,3.799999952316284,3.799999952316284,3.799999952316284,0
2019-12-19,3.799999952316284,3.799999952316284,3.799999952316284,3.799999952316284,3.799999952316284,0
2019-12-20,3.799999952316284,3.799999952316284,3.799999952316284,3.799999952316284,3.799999952316284,300
2019-12-23,3.799999952316284,3.799999952316284,3.799999952316284,3.799999952316284,3.799999952316284,8600
2019-12-24,3.799999952316284,3.799999952316284,3.799999952316284,3.799999952316284,3.799999952316284,3000
2019-12-27,3.799999952316284,3.799999952316284,3.799999952316284,3.799999952316284,3.799999952316284,0
2019-12-30,3.5,3.5,3.5,3.5999999046325684,3.5999999046325684,500
2019-12-31,3.5999999046325684,3.5999999046325684,3.5999999046325684,3.5999999046325684,3.5999999046325684,0
2020-01-02,3.5999999046325684,3.5999999046325684,3.5999999046325684,3.5999999046325684,3.5999999046325684,0
2020-01-03,3.5999999046325684,3.5999999046325684,3.5999999046325684,3.5999999046325684,3.5999999046325684,0
2020-01-06,3.5999999046325684,3.5999999046325684,3.5999999046325684,3.5999999046325684,3.5999999046325684,0
2020-01-07,3.5999999046325684,3.5999999046325684,3.5999999046325684,3.5999999046325684,3.5999999046325684,0
2020-01-08,3.5999999046325684,3.5999999046325684,3.5999999046325684,3.5999999046325684,3.5999999046325684,0
2020-01-09,3.5999999046325684,3.5999999046325684,3.5999999046325684,3.5999999046325684,3.5999999046325684,0
2020-01-10,3.5999999046325684,3.5999999046325684,3.5999999046325684,3.5999999046325684,3.5999999046325684,0
2020-01-13,3.5999999046325684,3.5999999046325684,3.5999999046325684,3.5999999046325684,3.5999999046325684,0
2020-01-14,3.5999999046325684,3.5999999046325684,3.5999999046325684,3.5999999046325684,3.5999999046325684,0
2020-01-15,3.5999999046325684,3.5999999046325684,3.5999999046325684,3.5999999046325684,3.5999999046325684,0
2020-01-16,3.5999999046325684,3.5999999046325684,3.5999999046325684,3.5999999046325684,3.5999999046325684,0
2020-01-17,3.5999999046325684,3.5999999046325684,3.5999999046325684,3.5999999046325684,3.5999999046325684,0
2020-01-20,3.5999999046325684,3.5999999046325684,3.5999999046325684,3.5999999046325684,3.5999999046325684,0
2020-01-21,3.5999999046325684,3.5999999046325684,3.5999999046325684,3.5999999046325684,3.5999999046325684,0
2020-01-22,4.0,4.0,3.5,3.5,3.5,115400
2020-01-23,3.5,3.9000000953674316,3.200000047683716,3.9000000953674316,3.9000000953674316,22200
2020-01-24,3.4000000953674316,3.4000000953674316,3.4000000953674316,3.4000000953674316,3.4000000953674316,8400
2020-01-29,3.5,3.5,3.200000047683716,3.200000047683716,3.200000047683716,1300
2020-01-30,3.4000000953674316,3.4000000953674316,2.799999952316284,3.0999999046325684,3.0999999046325684,7600
2020-01-31,3.0,3.0,2.9000000953674316,3.0,3.0,200
2020-02-03,3.0,3.0999999046325684,2.5999999046325684,3.0,3.0,4700
2020-02-04,3.0,3.0,3.0,3.0,3.0,0
2020-02-05,3.0,3.4000000953674316,3.0,3.4000000953674316,3.4000000953674316,3400
2020-02-06,3.4000000953674316,3.5999999046325684,3.4000000953674316,3.5999999046325684,3.5999999046325684,2000
2020-02-07,3.5999999046325684,3.5999999046325684,3.5999999046325684,3.5999999046325684,3.5999999046325684,0
2020-02-10,3.5999999046325684,3.5999999046325684,3.5999999046325684,3.5999999046325684,3.5999999046325684,0
2020-02-11,3.5999999046325684,3.5999999046325684,3.5999999046325684,3.5999999046325684,3.5999999046325684,0
2020-02-12,3.5999999046325684,3.5999999046325684,3.5999999046325684,3.5999999046325684,3.5999999046325684,0
2020-02-13,3.5999999046325684,3.5999999046325684,3.5999999046325684,3.5999999046325684,3.5999999046325684,0
2020-02-14,3.5999999046325684,3.5999999046325684,3.5999999046325684,3.5999999046325684,3.5999999046325684,0
2020-02-17,3.200000047683716,3.5999999046325684,3.200000047683716,3.5999999046325684,3.5999999046325684,2100
2020-02-18,3.5999999046325684,3.5999999046325684,3.5999999046325684,3.5999999046325684,3.5999999046325684,0
2020-02-19,3.5999999046325684,3.5999999046325684,3.5999999046325684,3.5999999046325684,3.5999999046325684,0
2020-02-20,3.299999952316284,3.299999952316284,3.299999952316284,3.299999952316284,3.299999952316284,0
2020-02-21,3.299999952316284,3.799999952316284,3.299999952316284,3.5999999046325684,3.5999999046325684,800
2020-02-24,3.200000047683716,3.799999952316284,3.200000047683716,3.799999952316284,3.799999952316284,28300
2020-02-25,3.299999952316284,3.5999999046325684,3.200000047683716,3.5999999046325684,3.5999999046325684,2300
2020-02-26,3.5999999046325684,3.5999999046325684,3.5999999046325684,3.5999999046325684,3.5999999046325684,0
2020-02-27,3.5999999046325684,3.5999999046325684,3.5999999046325684,3.5999999046325684,3.5999999046325684,0
2020-02-28,3.5999999046325684,3.5999999046325684,3.5999999046325684,3.5999999046325684,3.5999999046325684,0
2020-03-02,3.5999999046325684,4.0,3.5999999046325684,4.0,4.0,3600
2020-03-03,3.799999952316284,3.799999952316284,3.799999952316284,3.799999952316284,3.799999952316284,0
2020-03-04,3.799999952316284,3.799999952316284,3.799999952316284,3.799999952316284,3.799999952316284,0
2020-03-05,3.5999999046325684,3.9000000953674316,3.5999999046325684,3.9000000953674316,3.9000000953674316,26300
2020-03-06,3.700000047683716,3.700000047683716,3.700000047683716,3.700000047683716,3.700000047683716,0
2020-03-09,3.700000047683716,4.0,3.5,3.799999952316284,3.799999952316284,45200
2020-03-10,3.700000047683716,3.700000047683716,3.5999999046325684,3.700000047683716,3.700000047683716,500
2020-03-11,3.700000047683716,3.799999952316284,3.700000047683716,3.799999952316284,3.799999952316284,300
2020-03-12,3.5999999046325684,3.799999952316284,3.0999999046325684,3.799999952316284,3.799999952316284,41900
2020-03-13,3.5999999046325684,3.5999999046325684,3.4000000953674316,3.5,3.5,2500
2020-03-16,3.5,3.5999999046325684,3.5,3.5999999046325684,3.5999999046325684,700
2020-03-17,3.4000000953674316,3.4000000953674316,3.4000000953674316,3.4000000953674316,3.4000000953674316,800
2020-03-18,3.4000000953674316,3.5,3.0,3.5,3.5,26700
2020-03-19,3.4000000953674316,3.4000000953674316,3.4000000953674316,3.4000000953674316,3.4000000953674316,0
2020-03-20,3.299999952316284,3.299999952316284,3.299999952316284,3.299999952316284,3.299999952316284,0
2020-03-23,3.5,3.5,3.0999999046325684,3.4000000953674316,3.4000000953674316,34400
2020-03-24,3.299999952316284,3.4000000953674316,3.0,3.4000000953674316,3.4000000953674316,3500
2020-03-25,3.299999952316284,3.4000000953674316,3.0,3.4000000953674316,3.4000000953674316,92500
2020-03-26,3.299999952316284,3.4000000953674316,3.200000047683716,3.4000000953674316,3.4000000953674316,10300
2020-03-27,3.299999952316284,3.4000000953674316,3.0999999046325684,3.4000000953674316,3.4000000953674316,4900
2020-03-30,3.299999952316284,3.4000000953674316,2.5999999046325684,2.700000047683716,2.700000047683716,14000
2020-03-31,2.799999952316284,3.0,2.799999952316284,3.0,3.0,4200
2020-04-01,3.0,3.0,3.0,3.0,3.0,0
2020-04-02,3.0,3.0,3.0,3.0,3.0,0
2020-04-03,3.0,3.0,3.0,3.0,3.0,0
2020-04-06,3.0,3.0,3.0,3.0,3.0,0
2020-04-07,3.0,3.0,3.0,3.0,3.0,0
2020-04-08,3.0,3.0,3.0,3.0,3.0,0
2020-04-09,3.0,3.0,3.0,3.0,3.0,0
2020-04-14,3.0,3.0,3.0,3.0,3.0,0
2020-04-15,3.0,3.0,3.0,3.0,3.0,0
2020-04-16,3.0,3.0,3.0,3.0,3.0,0
2020-04-17,3.0,3.0,3.0,3.0,3.0,0
2020-04-20,3.0,3.0,3.0,3.0,3.0,0
2020-04-21,3.0,3.0,3.0,3.0,3.0,0
2020-04-22,3.0,3.0,3.0,3.0,3.0,0
2020-04-23,3.0,3.0,3.0,3.0,3.0,0
2020-04-24,3.0,3.0,3.0,3.0,3.0,0
2020-04-27,3.0,3.0,3.0,3.0,3.0,0
2020-04-28,3.0,3.0,3.0,3.0,3.0,0
2020-04-29,3.0,3.0,3.0,3.0,3.0,0
2020-05-04,3.0,3.0,3.0,3.0,3.0,0
2020-05-05,3.0,3.0,3.0,3.0,3.0,0
2020-05-06,3.0,3.0,3.0,3.0,3.0,0
2020-05-07,3.0,3.0,3.0,3.0,3.0,0
2020-05-08,3.0,3.0,3.0,3.0,3.0,0
2020-05-11,3.0,3.0,3.0,3.0,3.0,0
2020-05-12,3.0,3.0,3.0,3.0,3.0,0
2020-05-13,3.0,3.0,3.0,3.0,3.0,0
2020-05-14,3.0,3.0,3.0,3.0,3.0,0
2020-05-15,3.0,3.0,3.0,3.0,3.0,0
2020-05-18,3.0,3.0,3.0,3.0,3.0,0
2020-05-19,3.0,3.0,3.0,3.0,3.0,0
2020-05-20,3.0,3.0,3.0,3.0,3.0,0
2020-05-21,3.0,3.0,3.0,3.0,3.0,0
2020-05-22,3.0,3.0,3.0,3.0,3.0,0
2020-05-25,3.0,3.0,3.0,3.0,3.0,0
2020-05-26,3.0,3.0,3.0,3.0,3.0,0
2020-05-27,3.0,3.0,3.0,3.0,3.0,0
2020-05-28,3.0,3.0,3.0,3.0,3.0,0
2020-05-29,3.0,3.0,3.0,3.0,3.0,0
2020-06-01,3.0,3.0,3.0,3.0,3.0,0
2020-06-02,3.0,3.0,3.0,3.0,3.0,0
2020-06-03,3.0,3.0,3.0,3.0,3.0,0
2020-06-04,3.0,3.0,3.0,3.0,3.0,0
2020-06-05,3.0,3.0,3.0,3.0,3.0,0
2020-06-08,3.0,3.0,3.0,3.0,3.0,0
2020-06-09,3.0,3.0,3.0,3.0,3.0,0
2020-06-10,3.0,3.0,3.0,3.0,3.0,0
2020-06-11,3.0,3.0,3.0,3.0,3.0,0
2020-06-12,3.0,3.0,3.0,3.0,3.0,0
2020-06-15,3.0,3.0,3.0,3.0,3.0,0
2020-06-16,3.0,3.0,3.0,3.0,3.0,0
2020-06-17,3.0,3.0,3.0,3.0,3.0,0
2020-06-18,3.0,3.0,3.0,3.0,3.0,0
2020-06-19,3.0,3.0,3.0,3.0,3.0,0
2020-06-22,3.0,3.0,3.0,3.0,3.0,0
2020-06-23,3.799999952316284,3.799999952316284,2.5999999046325684,3.0,3.0,13200
2020-06-24,3.0,3.0,3.0,3.0,3.0,0
2020-06-26,3.0,3.0,3.0,3.0,3.0,0
2020-06-29,3.0,3.0,3.0,3.0,3.0,0
2020-06-30,2.5999999046325684,2.9000000953674316,2.299999952316284,2.9000000953674316,2.9000000953674316,16400
2020-07-02,2.9000000953674316,2.9000000953674316,2.5,2.799999952316284,2.799999952316284,56505
2020-07-03,2.700000047683716,2.9000000953674316,1.600000023841858,1.7999999523162842,1.7999999523162842,780700
2020-07-06,1.899999976158142,2.299999952316284,1.7999999523162842,1.899999976158142,1.899999976158142,211500
2020-07-07,2.0,2.200000047683716,1.899999976158142,2.0999999046325684,2.0999999046325684,69300
2020-07-08,2.200000047683716,5.5,2.0,5.300000190734863,5.300000190734863,2930003
2020-07-09,6.0,9.5,5.699999809265137,8.0,8.0,3822200
2020-07-10,8.899999618530273,8.899999618530273,2.299999952316284,2.9000000953674316,2.9000000953674316,17565102
2020-07-13,2.9000000953674316,3.0,2.0,2.4000000953674316,2.4000000953674316,4654200
2020-07-14,2.5,2.5,2.0,2.200000047683716,2.200000047683716,3217597
2020-07-15,2.200000047683716,2.200000047683716,1.899999976158142,2.0999999046325684,2.0999999046325684,2093600
2020-07-16,2.0999999046325684,2.4000000953674316,2.0,2.200000047683716,2.200000047683716,1934300
2020-07-17,2.200000047683716,2.200000047683716,2.0,2.0,2.0,583200
2020-07-20,2.0999999046325684,2.299999952316284,1.899999976158142,2.200000047683716,2.200000047683716,2896900
2020-07-21,2.200000047683716,3.0999999046325684,2.200000047683716,2.799999952316284,2.799999952316284,7752600
2020-07-22,2.799999952316284,2.9000000953674316,2.4000000953674316,2.5,2.5,2127700
2020-07-23,2.5,2.5,2.299999952316284,2.4000000953674316,2.4000000953674316,899600
2020-07-24,2.299999952316284,2.299999952316284,2.0999999046325684,2.200000047683716,2.200000047683716,892100
2020-07-27,2.200000047683716,2.4000000953674316,2.0999999046325684,2.200000047683716,2.200000047683716,643100
2020-07-28,2.0999999046325684,2.200000047683716,2.0,2.0999999046325684,2.0999999046325684,321100
2020-07-29,2.0999999046325684,2.299999952316284,2.0999999046325684,2.200000047683716,2.200000047683716,374900
2020-07-30,2.0999999046325684,2.5,2.0999999046325684,2.4000000953674316,2.4000000953674316,1059900
2020-07-31,2.200000047683716,2.4000000953674316,2.200000047683716,2.200000047683716,2.200000047683716,319200
2020-08-03,2.299999952316284,2.299999952316284,2.200000047683716,2.200000047683716,2.200000047683716,169800
2020-08-04,2.299999952316284,2.299999952316284,2.200000047683716,2.200000047683716,2.200000047683716,445500
2020-08-05,2.200000047683716,2.200000047683716,2.0999999046325684,2.0999999046325684,2.0999999046325684,364000
2020-08-06,2.0999999046325684,2.200000047683716,2.0,2.0999999046325684,2.0999999046325684,485400
2020-08-07,2.0999999046325684,2.299999952316284,2.0999999046325684,2.200000047683716,2.200000047683716,385900
2020-08-10,2.200000047683716,2.299999952316284,2.0999999046325684,2.200000047683716,2.200000047683716,198300
2020-08-11,2.200000047683716,2.200000047683716,2.0,2.0999999046325684,2.0999999046325684,591600
2020-08-12,2.0999999046325684,2.0999999046325684,1.899999976158142,2.0,2.0,619500
2020-08-13,2.0,2.0,1.899999976158142,1.899999976158142,1.899999976158142,591600
2020-08-14,1.899999976158142,2.0,1.899999976158142,1.899999976158142,1.899999976158142,39300
2020-08-17,2.0,2.0,1.899999976158142,2.0,2.0,348800
2020-08-18,1.899999976158142,2.0,1.899999976158142,1.899999976158142,1.899999976158142,36900
2020-08-19,1.899999976158142,1.899999976158142,1.7999999523162842,1.899999976158142,1.899999976158142,137100
2020-08-20,1.899999976158142,2.0,1.7999999523162842,1.899999976158142,1.899999976158142,189700
2020-08-21,1.7999999523162842,1.899999976158142,1.7000000476837158,1.7999999523162842,1.7999999523162842,256600
2020-08-24,1.899999976158142,1.899999976158142,1.5,1.5,1.5,1934100
2020-08-25,1.600000023841858,1.7999999523162842,1.5,1.7000000476837158,1.7000000476837158,452900
2020-08-26,1.7000000476837158,1.7000000476837158,1.5,1.600000023841858,1.600000023841858,345900
2020-08-27,1.5,1.7000000476837158,1.5,1.600000023841858,1.600000023841858,505700
2020-08-28,1.600000023841858,1.7000000476837158,1.600000023841858,1.600000023841858,1.600000023841858,163200
2020-08-31,1.600000023841858,1.7000000476837158,1.5,1.600000023841858,1.600000023841858,195500
2020-09-01,1.600000023841858,1.7000000476837158,1.600000023841858,1.7000000476837158,1.7000000476837158,118500
2020-09-02,1.7000000476837158,1.7000000476837158,1.5,1.600000023841858,1.600000023841858,121300
2020-09-03,1.600000023841858,1.7000000476837158,1.5,1.7000000476837158,1.7000000476837158,194700
2020-09-04,1.600000023841858,1.600000023841858,1.5,1.5,1.5,220700
2020-09-07,1.600000023841858,1.600000023841858,1.5,1.600000023841858,1.600000023841858,244800
2020-09-08,1.600000023841858,1.600000023841858,1.5,1.600000023841858,1.600000023841858,119500
2020-09-09,1.5,1.600000023841858,1.5,1.600000023841858,1.600000023841858,217300
2020-09-10,1.600000023841858,1.600000023841858,1.399999976158142,1.5,1.5,71800
2020-09-11,1.399999976158142,1.5,1.399999976158142,1.399999976158142,1.399999976158142,79300
2020-09-14,1.399999976158142,1.399999976158142,1.2999999523162842,1.399999976158142,1.399999976158142,218400
2020-09-15,1.2999999523162842,1.2999999523162842,1.2000000476837158,1.2999999523162842,1.2999999523162842,856200
2020-09-16,1.2000000476837158,1.2999999523162842,1.2000000476837158,1.2999999523162842,1.2999999523162842,273200
2020-09-17,1.2000000476837158,1.2999999523162842,1.2000000476837158,1.2999999523162842,1.2999999523162842,44000
2020-09-18,1.2999999523162842,1.2999999523162842,1.2000000476837158,1.2999999523162842,1.2999999523162842,164300
2020-09-21,1.2999999523162842,1.2999999523162842,1.2000000476837158,1.2000000476837158,1.2000000476837158,89500
2020-09-22,1.2999999523162842,1.2999999523162842,1.2000000476837158,1.2000000476837158,1.2000000476837158,90900
2020-09-23,1.2000000476837158,1.2999999523162842,1.2000000476837158,1.2999999523162842,1.2999999523162842,79100
2020-09-24,1.2999999523162842,1.2999999523162842,1.2000000476837158,1.2000000476837158,1.2000000476837158,47600
2020-09-25,1.2999999523162842,1.2999999523162842,1.100000023841858,1.2000000476837158,1.2000000476837158,131400
2020-09-28,1.2000000476837158,1.2000000476837158,1.2000000476837158,1.2000000476837158,1.2000000476837158,30100
2020-09-29,1.2999999523162842,1.399999976158142,1.2000000476837158,1.2000000476837158,1.2000000476837158,185800
2020-09-30,1.2000000476837158,1.2999999523162842,1.2000000476837158,1.2999999523162842,1.2999999523162842,17300
2020-10-05,1.2999999523162842,1.2999999523162842,1.2000000476837158,1.2000000476837158,1.2000000476837158,28300
2020-10-06,1.2000000476837158,1.2000000476837158,1.2000000476837158,1.2000000476837158,1.2000000476837158,10400
2020-10-07,1.2999999523162842,1.2999999523162842,1.100000023841858,1.2000000476837158,1.2000000476837158,88900
2020-10-08,1.2000000476837158,1.2000000476837158,1.100000023841858,1.2000000476837158,1.2000000476837158,42500
2020-10-09,1.100000023841858,1.2000000476837158,1.100000023841858,1.2000000476837158,1.2000000476837158,26100
2020-10-12,1.2000000476837158,1.2000000476837158,1.100000023841858,1.100000023841858,1.100000023841858,26400
2020-10-14,1.100000023841858,1.2000000476837158,1.100000023841858,1.2000000476837158,1.2000000476837158,51000
2020-10-15,1.100000023841858,1.100000023841858,1.100000023841858,1.100000023841858,1.100000023841858,4200
2020-10-16,1.100000023841858,1.100000023841858,1.100000023841858,1.100000023841858,1.100000023841858,76400
2020-10-19,1.100000023841858,1.100000023841858,1.100000023841858,1.100000023841858,1.100000023841858,19900
2020-10-20,1.100000023841858,1.100000023841858,1.100000023841858,1.100000023841858,1.100000023841858,28000
2020-10-21,1.100000023841858,1.100000023841858,1.100000023841858,1.100000023841858,1.100000023841858,58200
2020-10-22,1.100000023841858,1.2000000476837158,1.100000023841858,1.100000023841858,1.100000023841858,25000
2020-10-23,1.2000000476837158,1.2000000476837158,1.100000023841858,1.100000023841858,1.100000023841858,145600
2020-10-27,1.100000023841858,1.2000000476837158,1.0,1.2000000476837158,1.2000000476837158,75600
2020-10-28,1.100000023841858,1.100000023841858,1.0,1.0,1.0,516400
2020-10-29,1.0,1.0,1.0,1.0,1.0,24000
2020-10-30,1.0,1.0,1.0,1.0,1.0,16900
2020-11-02,1.0,1.0,1.0,1.0,1.0,23200
2020-11-03,1.0,1.0,1.0,1.0,1.0,21500
2020-11-04,1.0,1.0,1.0,1.0,1.0,35900
2020-11-05,1.0,1.0,1.0,1.0,1.0,4200
2020-11-06,1.0,1.0,1.0,1.0,1.0,1000
2020-11-09,1.0,1.0,1.0,1.0,1.0,1500
2020-11-10,1.0,1.0,1.0,1.0,1.0,1200
2020-11-11,1.0,1.0,1.0,1.0,1.0,53000
2020-11-12,1.0,1.0,1.0,1.0,1.0,100
2020-11-13,1.0,1.0,1.0,1.0,1.0,17000
2020-11-16,1.0,1.0,1.0,1.0,1.0,141000
2020-11-17,1.0,1.0,1.0,1.0,1.0,9000
2020-11-18,1.0,1.0,1.0,1.0,1.0,12000
2020-11-19,1.0,1.0,1.0,1.0,1.0,6600
2020-11-20,1.0,1.0,1.0,1.0,1.0,0
2020-11-23,1.0,1.0,1.0,1.0,1.0,5000
2020-11-24,1.0,1.0,1.0,1.0,1.0,34300
2020-11-25,1.0,1.0,1.0,1.0,1.0,0
2020-11-26,1.0,1.0,1.0,1.0,1.0,47500
2020-11-27,1.0,1.0,1.0,1.0,1.0,0
2020-11-30,0.800000011920929,0.8999999761581421,0.7300000190734863,0.8100000023841858,0.8100000023841858,271900
2020-12-01,0.800000011920929,0.800000011920929,0.6800000071525574,0.7200000286102295,0.7200000286102295,143260
2020-12-02,0.699999988079071,0.800000011920929,0.6100000143051147,0.8100000023841858,0.8100000023841858,450000
2020-12-03,0.7900000214576721,0.8799999952316284,0.75,0.75,0.75,34300
2020-12-04,0.7099999785423279,0.75,0.699999988079071,0.699999988079071,0.699999988079071,33100
2020-12-07,0.6399999856948853,0.6899999976158142,0.6299999952316284,0.6600000262260437,0.6600000262260437,71500
2020-12-08,0.6600000262260437,0.7599999904632568,0.5699999928474426,0.7599999904632568,0.7599999904632568,96800
2020-12-09,0.6200000047683716,0.7200000286102295,0.6499999761581421,0.7200000286102295,0.7200000286102295,25500
2020-12-10,0.7200000286102295,0.7200000286102295,0.6899999976158142,0.7200000286102295,0.7200000286102295,26000
2020-12-11,0.20999999344348907,0.6299999952316284,0.20999999344348907,0.6200000047683716,0.6200000047683716,60700
2020-12-14,0.6499999761581421,0.6499999761581421,0.6499999761581421,0.6499999761581421,0.6499999761581421,0
2020-12-15,0.6700000166893005,0.6600000262260437,0.6499999761581421,0.6499999761581421,0.6499999761581421,36400
2020-12-16,0.6700000166893005,0.7799999713897705,0.6700000166893005,0.7799999713897705,0.7799999713897705,37000
2020-12-17,0.7799999713897705,0.7799999713897705,0.7799999713897705,0.7799999713897705,0.7799999713897705,0
2020-12-18,0.699999988079071,0.699999988079071,0.6499999761581421,0.6800000071525574,0.6800000071525574,191300
2020-12-21,0.6800000071525574,0.6800000071525574,0.6399999856948853,0.6499999761581421,0.6499999761581421,68300
2020-12-22,0.6299999952316284,0.7400000095367432,0.6100000143051147,0.7300000190734863,0.7300000190734863,440700
2020-12-23,0.699999988079071,0.7200000286102295,0.699999988079071,0.699999988079071,0.699999988079071,39000
2020-12-24,0.6600000262260437,0.6600000262260437,0.6600000262260437,0.6600000262260437,0.6600000262260437,0
2020-12-28,0.6200000047683716,0.6600000262260437,0.6100000143051147,0.6200000047683716,0.6200000047683716,91000
2020-12-29,0.6100000143051147,0.6600000262260437,0.6100000143051147,0.6200000047683716,0.6200000047683716,179200
2020-12-30,0.6200000047683716,0.6800000071525574,0.6200000047683716,0.6700000166893005,0.6700000166893005,286800
2020-12-31,0.8100000023841858,0.8100000023841858,0.8100000023841858,0.8100000023841858,0.8100000023841858,0
2021-01-04,0.8100000023841858,0.8100000023841858,0.7099999785423279,0.7099999785423279,0.7099999785423279,150800
2021-01-05,0.7099999785423279,0.7099999785423279,0.7099999785423279,0.7099999785423279,0.7099999785423279,4400
2021-01-06,0.6600000262260437,0.699999988079071,0.6600000262260437,0.6800000071525574,0.6800000071525574,73000
2021-01-07,0.6499999761581421,0.699999988079071,0.6299999952316284,0.6899999976158142,0.6899999976158142,89800
2021-01-08,0.6600000262260437,0.6700000166893005,0.6600000262260437,0.6700000166893005,0.6700000166893005,76500
2021-01-11,0.6299999952316284,0.6700000166893005,0.6299999952316284,0.6499999761581421,0.6499999761581421,36000
2021-01-12,0.6299999952316284,0.6299999952316284,0.6100000143051147,0.6299999952316284,0.6299999952316284,53300
2021-01-13,0.6299999952316284,0.6800000071525574,0.6000000238418579,0.6800000071525574,0.6800000071525574,34300
2021-01-14,0.6800000071525574,0.6899999976158142,0.6800000071525574,0.6899999976158142,0.6899999976158142,61000
2021-01-15,0.6899999976158142,0.6899999976158142,0.6499999761581421,0.6499999761581421,0.6499999761581421,12000
2021-01-18,0.6200000047683716,0.6200000047683716,0.6200000047683716,0.6399999856948853,0.6399999856948853,2000
2021-01-19,0.7200000286102295,0.7200000286102295,0.6299999952316284,0.6299999952316284,0.6299999952316284,37300
2021-01-20,0.6000000238418579,0.7300000190734863,0.5899999737739563,0.6499999761581421,0.6499999761581421,170700
2021-01-21,0.6000000238418579,0.6100000143051147,0.6000000238418579,0.6100000143051147,0.6100000143051147,6000
2021-01-22,0.6299999952316284,0.6299999952316284,0.6299999952316284,0.6299999952316284,0.6299999952316284,0
2021-01-25,0.6399999856948853,0.6600000262260437,0.6399999856948853,0.6600000262260437,0.6600000262260437,80200
2021-01-26,0.6499999761581421,0.6499999761581421,0.6200000047683716,0.6299999952316284,0.6299999952316284,89000
2021-01-27,0.6299999952316284,0.6299999952316284,0.6299999952316284,0.6299999952316284,0.6299999952316284,5000
2021-01-28,0.6200000047683716,0.6200000047683716,0.6200000047683716,0.6200000047683716,0.6200000047683716,8000
2021-01-29,0.6299999952316284,0.6299999952316284,0.6299999952316284,0.6299999952316284,0.6299999952316284,0
2021-02-01,0.6399999856948853,0.6399999856948853,0.6399999856948853,0.6399999856948853,0.6399999856948853,40300
2021-02-02,0.6299999952316284,0.6299999952316284,0.5699999928474426,0.6000000238418579,0.6000000238418579,52200
2021-02-03,0.6000000238418579,0.6499999761581421,0.6000000238418579,0.6499999761581421,0.6499999761581421,16000
2021-02-04,0.6499999761581421,0.6899999976158142,0.6499999761581421,0.6499999761581421,0.6499999761581421,21500
2021-02-05,0.5799999833106995,0.6000000238418579,0.5699999928474426,0.6000000238418579,0.6000000238418579,41500
2021-02-08,0.6000000238418579,0.6000000238418579,0.5799999833106995,0.5799999833106995,0.5799999833106995,8000
2021-02-09,0.6000000238418579,0.6000000238418579,0.550000011920929,0.6000000238418579,0.6000000238418579,60900
2021-02-10,0.6000000238418579,0.6000000238418579,0.5699999928474426,0.6000000238418579,0.6000000238418579,112600
2021-02-11,0.6299999952316284,0.6299999952316284,0.6299999952316284,0.6299999952316284,0.6299999952316284,0
2021-02-16,0.6200000047683716,0.699999988079071,0.6200000047683716,0.6899999976158142,0.6899999976158142,138400
2021-02-17,0.6899999976158142,0.699999988079071,0.6299999952316284,0.6499999761581421,0.6499999761581421,187100
2021-02-18,0.7099999785423279,0.7099999785423279,0.6399999856948853,0.6800000071525574,0.6800000071525574,48000
2021-02-19,0.6800000071525574,0.699999988079071,0.6700000166893005,0.6700000166893005,0.6700000166893005,57400
2021-02-22,0.6200000047683716,0.6200000047683716,0.5699999928474426,0.6000000238418579,0.6000000238418579,102000
2021-02-23,0.6299999952316284,1.0499999523162842,0.6299999952316284,1.0,1.0,2175800
2021-02-24,1.149999976158142,1.7000000476837158,1.0399999618530273,1.1100000143051147,1.1100000143051147,4427600
2021-02-25,1.1200000047683716,1.1200000047683716,0.8799999952316284,0.8999999761581421,0.8999999761581421,495200
2021-02-26,0.8500000238418579,0.8600000143051147,0.8100000023841858,0.8100000023841858,0.8100000023841858,308000
2021-03-01,0.7799999713897705,0.8399999737739563,0.7799999713897705,0.8399999737739563,0.8399999737739563,122000
2021-03-02,0.8700000047683716,0.8700000047683716,0.7799999713897705,0.800000011920929,0.800000011920929,132000
2021-03-03,0.800000011920929,0.800000011920929,0.800000011920929,0.800000011920929,0.800000011920929,0
2021-03-04,0.8999999761581421,0.8999999761581421,0.7799999713897705,0.800000011920929,0.800000011920929,113300
2021-03-05,0.800000011920929,0.9300000071525574,0.800000011920929,0.8299999833106995,0.8299999833106995,74000
2021-03-08,0.8299999833106995,0.8299999833106995,0.7200000286102295,0.7599999904632568,0.7599999904632568,22000
2021-03-09,0.699999988079071,0.7099999785423279,0.699999988079071,0.699999988079071,0.699999988079071,44000
2021-03-10,0.699999988079071,0.7300000190734863,0.699999988079071,0.7300000190734863,0.7300000190734863,36000
2021-03-11,0.7300000190734863,0.7699999809265137,0.7300000190734863,0.7699999809265137,0.7699999809265137,40000
2021-03-12,0.800000011920929,0.8500000238418579,0.800000011920929,0.8199999928474426,0.8199999928474426,84000
2021-03-15,0.8299999833106995,0.8299999833106995,0.7799999713897705,0.7799999713897705,0.7799999713897705,33800
2021-03-16,0.7699999809265137,0.800000011920929,0.7599999904632568,0.800000011920929,0.800000011920929,118000
2021-03-17,0.8999999761581421,1.0099999904632568,0.8100000023841858,0.8700000047683716,0.8700000047683716,375000
2021-03-18,1.0199999809265137,1.0199999809265137,0.8100000023841858,0.8199999928474426,0.8199999928474426,58000
2021-03-19,0.8199999928474426,0.8700000047683716,0.7599999904632568,0.8700000047683716,0.8700000047683716,214000
2021-03-22,0.8600000143051147,0.8700000047683716,0.7799999713897705,0.8199999928474426,0.8199999928474426,60500
2021-03-23,0.8100000023841858,0.8100000023841858,0.8100000023841858,0.8100000023841858,0.8100000023841858,0
2021-03-24,0.8100000023841858,0.8399999737739563,0.7699999809265137,0.800000011920929,0.800000011920929,68000
2021-03-25,0.7300000190734863,0.7300000190734863,0.7300000190734863,0.7599999904632568,0.7599999904632568,2000
2021-03-26,0.7699999809265137,0.8399999737739563,0.7699999809265137,0.8199999928474426,0.8199999928474426,6060
2021-03-29,0.8500000238418579,0.8799999952316284,0.8299999833106995,0.8100000023841858,0.8100000023841858,58000
2021-03-30,0.8100000023841858,0.8100000023841858,0.8100000023841858,0.800000011920929,0.800000011920929,38000
2021-03-31,0.8100000023841858,0.8100000023841858,0.8100000023841858,0.8100000023841858,0.8100000023841858,0
2021-04-01,0.75,0.7699999809265137,0.75,0.7900000214576721,0.7900000214576721,111800
2021-04-07,0.7699999809265137,0.7699999809265137,0.7699999809265137,0.7699999809265137,0.7699999809265137,8200
2021-04-08,0.7699999809265137,0.7699999809265137,0.7699999809265137,0.7699999809265137,0.7699999809265137,10600
2021-04-09,0.8399999737739563,0.8399999737739563,0.7099999785423279,0.7400000095367432,0.7400000095367432,50000
2021-04-12,0.7599999904632568,0.7599999904632568,0.7099999785423279,0.7099999785423279,0.7099999785423279,8000
2021-04-13,0.7099999785423279,0.7099999785423279,0.7099999785423279,0.7099999785423279,0.7099999785423279,30000
2021-04-14,0.7099999785423279,0.7099999785423279,0.7099999785423279,0.7099999785423279,0.7099999785423279,44000
2021-04-15,0.6399999856948853,0.699999988079071,0.6399999856948853,0.699999988079071,0.699999988079071,67000
2021-04-16,0.7300000190734863,0.7599999904632568,0.6800000071525574,0.7400000095367432,0.7400000095367432,25000
2021-04-19,0.7400000095367432,0.7400000095367432,0.7400000095367432,0.7300000190734863,0.7300000190734863,2000
2021-04-20,0.699999988079071,0.7300000190734863,0.6700000166893005,0.7300000190734863,0.7300000190734863,15000
2021-04-21,0.7300000190734863,0.7300000190734863,0.7300000190734863,0.7300000190734863,0.7300000190734863,0
2021-04-22,0.7300000190734863,0.7300000190734863,0.7300000190734863,0.7300000190734863,0.7300000190734863,0
2021-04-23,0.7300000190734863,0.7300000190734863,0.7300000190734863,0.7300000190734863,0.7300000190734863,0
2021-04-26,0.7099999785423279,0.7099999785423279,0.699999988079071,0.699999988079071,0.699999988079071,78400
2021-04-27,0.7099999785423279,0.800000011920929,0.7099999785423279,0.800000011920929,0.800000011920929,227000
2021-04-28,0.800000011920929,0.8299999833106995,0.8299999833106995,0.8299999833106995,0.8299999833106995,8000
2021-04-29,0.8299999833106995,0.8299999833106995,0.8299999833106995,0.8299999833106995,0.8299999833106995,0
2021-04-30,0.8100000023841858,0.8100000023841858,0.7099999785423279,0.7099999785423279,0.7099999785423279,72000
2021-05-03,0.7799999713897705,1.1699999570846558,0.7799999713897705,0.8600000143051147,0.8600000143051147,971400
2021-05-04,0.8600000143051147,0.8600000143051147,0.7400000095367432,0.800000011920929,0.800000011920929,256000
2021-05-05,0.7799999713897705,0.7799999713897705,0.7200000286102295,0.7799999713897705,0.7799999713897705,18000
2021-05-06,0.7799999713897705,0.7799999713897705,0.7400000095367432,0.7599999904632568,0.7599999904632568,17287
2021-05-07,0.7599999904632568,0.7599999904632568,0.7599999904632568,0.7599999904632568,0.7599999904632568,0
2021-05-10,0.7599999904632568,0.7599999904632568,0.7599999904632568,0.7599999904632568,0.7599999904632568,0
2021-05-11,0.7599999904632568,0.7599999904632568,0.7599999904632568,0.7599999904632568,0.7599999904632568,15960
2021-05-12,0.7599999904632568,0.7599999904632568,0.7599999904632568,0.7599999904632568,0.7599999904632568,0
2021-05-13,0.7599999904632568,0.7599999904632568,0.7599999904632568,0.7599999904632568,0.7599999904632568,0
2021-05-14,0.7599999904632568,0.7599999904632568,0.7599999904632568,0.7599999904632568,0.7599999904632568,16000
2021-05-17,0.7599999904632568,0.7599999904632568,0.7599999904632568,0.7599999904632568,0.7599999904632568,0
2021-05-18,0.8199999928474426,0.8199999928474426,0.6499999761581421,0.7300000190734863,0.7300000190734863,72000
2021-05-20,0.7099999785423279,0.7200000286102295,0.7099999785423279,0.7200000286102295,0.7200000286102295,21000
2021-05-21,0.7200000286102295,0.800000011920929,0.7200000286102295,0.7200000286102295,0.7200000286102295,42000
2021-05-24,0.7200000286102295,0.7200000286102295,0.7200000286102295,0.7200000286102295,0.7200000286102295,0
2021-05-25,0.7200000286102295,0.7799999713897705,0.7099999785423279,0.7799999713897705,0.7799999713897705,76000
2021-05-26,0.7799999713897705,0.7799999713897705,0.7799999713897705,0.7799999713897705,0.7799999713897705,0
2021-05-27,0.7200000286102295,0.7300000190734863,0.7200000286102295,0.7300000190734863,0.7300000190734863,16700
2021-05-28,0.7300000190734863,0.800000011920929,0.7300000190734863,0.7900000214576721,0.7900000214576721,4000
2021-05-31,0.7799999713897705,0.7799999713897705,0.7400000095367432,0.75,0.75,32200
2021-06-01,0.7599999904632568,0.7599999904632568,0.7599999904632568,0.7599999904632568,0.7599999904632568,26000
2021-06-02,0.7699999809265137,0.7699999809265137,0.7699999809265137,0.7699999809265137,0.7699999809265137,0
2021-06-03,0.7699999809265137,0.7699999809265137,0.7699999809265137,0.7699999809265137,0.7699999809265137,42000
2021-06-04,0.7699999809265137,0.7699999809265137,0.7400000095367432,0.7400000095367432,0.7400000095367432,12900
2021-06-07,0.7400000095367432,0.7400000095367432,0.7400000095367432,0.7400000095367432,0.7400000095367432,0
2021-06-08,0.75,0.75,0.75,0.75,0.75,4000
2021-06-09,0.75,0.75,0.7200000286102295,0.7200000286102295,0.7200000286102295,14000
2021-06-10,0.7300000190734863,0.7300000190734863,0.7300000190734863,0.7300000190734863,0.7300000190734863,35000
2021-06-11,0.7200000286102295,0.7200000286102295,0.7200000286102295,0.7200000286102295,0.7200000286102295,0
2021-06-15,0.6800000071525574,0.6800000071525574,0.6800000071525574,0.7200000286102295,0.7200000286102295,6000
2021-06-16,0.7200000286102295,0.7200000286102295,0.7200000286102295,0.7200000286102295,0.7200000286102295,20000
2021-06-17,0.7200000286102295,0.7200000286102295,0.7200000286102295,0.7200000286102295,0.7200000286102295,0
2021-06-18,0.7200000286102295,0.7200000286102295,0.7099999785423279,0.7099999785423279,0.7099999785423279,16000
2021-06-21,0.7099999785423279,0.7099999785423279,0.7099999785423279,0.7099999785423279,0.7099999785423279,0
2021-06-22,0.6800000071525574,0.6800000071525574,0.6700000166893005,0.6700000166893005,0.6700000166893005,30500
2021-06-23,0.6700000166893005,0.6700000166893005,0.6600000262260437,0.6700000166893005,0.6700000166893005,98200
2021-06-24,0.6700000166893005,0.6700000166893005,0.6700000166893005,0.6700000166893005,0.6700000166893005,0
2021-06-25,0.6700000166893005,0.6700000166893005,0.6700000166893005,0.6700000166893005,0.6700000166893005,0
2021-06-28,0.6700000166893005,0.6700000166893005,0.6700000166893005,0.6700000166893005,0.6700000166893005,0
2021-06-29,0.699999988079071,0.800000011920929,0.6899999976158142,0.75,0.75,1054300
2021-06-30,0.7200000286102295,0.7300000190734863,0.7200000286102295,0.7400000095367432,0.7400000095367432,4500
2021-07-02,0.7200000286102295,0.7200000286102295,0.7200000286102295,0.7200000286102295,0.7200000286102295,0
2021-07-05,0.7400000095367432,0.7400000095367432,0.7200000286102295,0.7200000286102295,0.7200000286102295,26000
2021-07-06,0.699999988079071,0.7200000286102295,0.699999988079071,0.7200000286102295,0.7200000286102295,21300
2021-07-07,0.7099999785423279,0.7099999785423279,0.7099999785423279,0.7099999785423279,0.7099999785423279,0
2021-07-08,0.7099999785423279,0.7099999785423279,0.7099999785423279,0.7099999785423279,0.7099999785423279,0
2021-07-09,0.6800000071525574,0.6800000071525574,0.6700000166893005,0.6800000071525574,0.6800000071525574,98000
2021-07-12,0.7099999785423279,0.7200000286102295,0.7099999785423279,0.7200000286102295,0.7200000286102295,123700
2021-07-13,0.699999988079071,0.699999988079071,0.6899999976158142,0.6899999976158142,0.6899999976158142,22000
2021-07-14,0.6899999976158142,0.6899999976158142,0.6899999976158142,0.6899999976158142,0.6899999976158142,0
2021-07-15,0.6899999976158142,0.7200000286102295,0.6899999976158142,0.6899999976158142,0.6899999976158142,35400
2021-07-16,0.6200000047683716,0.6399999856948853,0.6200000047683716,0.6399999856948853,0.6399999856948853,5700
2021-07-19,0.6700000166893005,0.699999988079071,0.6700000166893005,0.6800000071525574,0.6800000071525574,22000
2021-07-20,0.6800000071525574,0.6800000071525574,0.6800000071525574,0.6800000071525574,0.6800000071525574,0
2021-07-21,0.6200000047683716,0.6200000047683716,0.6200000047683716,0.6299999952316284,0.6299999952316284,4400
2021-07-22,0.6600000262260437,0.6600000262260437,0.6600000262260437,0.6600000262260437,0.6600000262260437,0
2021-07-23,0.7200000286102295,0.7300000190734863,0.6800000071525574,0.7300000190734863,0.7300000190734863,33900
2021-07-26,0.6700000166893005,0.6700000166893005,0.6700000166893005,0.6899999976158142,0.6899999976158142,2000
2021-07-27,0.6800000071525574,0.6800000071525574,0.6700000166893005,0.6700000166893005,0.6700000166893005,6000
2021-07-28,0.6700000166893005,0.6700000166893005,0.6700000166893005,0.6700000166893005,0.6700000166893005,0
2021-07-29,0.6700000166893005,0.6700000166893005,0.6700000166893005,0.6700000166893005,0.6700000166893005,10000
2021-07-30,0.6700000166893005,0.6700000166893005,0.6700000166893005,0.6700000166893005,0.6700000166893005,0
2021-08-02,0.6700000166893005,0.6700000166893005,0.6700000166893005,0.6700000166893005,0.6700000166893005,0
2021-08-03,0.699999988079071,0.699999988079071,0.6800000071525574,0.699999988079071,0.699999988079071,62700
2021-08-04,0.699999988079071,0.699999988079071,0.699999988079071,0.699999988079071,0.699999988079071,0
2021-08-05,0.699999988079071,0.699999988079071,0.699999988079071,0.699999988079071,0.699999988079071,38000
2021-08-06,0.699999988079071,0.699999988079071,0.699999988079071,0.699999988079071,0.699999988079071,94000
2021-08-09,0.6499999761581421,0.6600000262260437,0.6100000143051147,0.6600000262260437,0.6600000262260437,41500
2021-08-10,0.6600000262260437,0.6600000262260437,0.6600000262260437,0.6600000262260437,0.6600000262260437,0
2021-08-11,0.6600000262260437,0.6600000262260437,0.6600000262260437,0.6600000262260437,0.6600000262260437,0
2021-08-12,0.6600000262260437,0.6600000262260437,0.6600000262260437,0.6600000262260437,0.6600000262260437,0
2021-08-13,0.6700000166893005,0.6700000166893005,0.6700000166893005,0.6700000166893005,0.6700000166893005,0
2021-08-16,0.6700000166893005,0.6700000166893005,0.6700000166893005,0.6700000166893005,0.6700000166893005,0
2021-08-17,0.6200000047683716,0.6600000262260437,0.6200000047683716,0.6600000262260437,0.6600000262260437,14100
2021-08-18,0.6499999761581421,0.6499999761581421,0.6499999761581421,0.6499999761581421,0.6499999761581421,8000
2021-08-19,0.6200000047683716,0.6200000047683716,0.6200000047683716,0.6200000047683716,0.6200000047683716,0
2021-08-20,0.6200000047683716,0.6200000047683716,0.6200000047683716,0.6200000047683716,0.6200000047683716,0
2021-08-23,0.6000000238418579,0.6000000238418579,0.6000000238418579,0.6000000238418579,0.6000000238418579,2000
2021-08-24,0.6100000143051147,0.6100000143051147,0.6100000143051147,0.6100000143051147,0.6100000143051147,0
2021-08-25,0.6299999952316284,0.6299999952316284,0.6299999952316284,0.6299999952316284,0.6299999952316284,0
2021-08-26,0.6299999952316284,0.6299999952316284,0.6299999952316284,0.6299999952316284,0.6299999952316284,10000
2021-08-27,0.6299999952316284,0.6299999952316284,0.6299999952316284,0.6299999952316284,0.6299999952316284,23000
2021-08-30,0.6200000047683716,0.6200000047683716,0.6200000047683716,0.6200000047683716,0.6200000047683716,0
2021-08-31,0.6200000047683716,0.6200000047683716,0.6200000047683716,0.6200000047683716,0.6200000047683716,0
2021-09-01,0.550000011920929,0.6299999952316284,0.550000011920929,0.6000000238418579,0.6000000238418579,15000
2021-09-02,0.6000000238418579,0.6000000238418579,0.6000000238418579,0.6000000238418579,0.6000000238418579,0
2021-09-03,0.6000000238418579,0.6000000238418579,0.6000000238418579,0.6000000238418579,0.6000000238418579,0
2021-09-06,0.6000000238418579,0.6000000238418579,0.6000000238418579,0.6000000238418579,0.6000000238418579,0
2021-09-07,0.6000000238418579,0.6000000238418579,0.6000000238418579,0.6000000238418579,0.6000000238418579,0
2021-09-08,0.5600000023841858,0.6200000047683716,0.5600000023841858,0.5600000023841858,0.5600000023841858,27500
2021-09-09,0.6499999761581421,0.6600000262260437,0.6000000238418579,0.6299999952316284,0.6299999952316284,53000
2021-09-10,0.6299999952316284,0.6299999952316284,0.6299999952316284,0.6299999952316284,0.6299999952316284,0
2021-09-13,0.6299999952316284,0.6299999952316284,0.6299999952316284,0.6200000047683716,0.6200000047683716,30000
2021-09-14,0.6200000047683716,0.6200000047683716,0.6200000047683716,0.6200000047683716,0.6200000047683716,0
2021-09-15,0.6200000047683716,0.6200000047683716,0.6200000047683716,0.6200000047683716,0.6200000047683716,0
2021-09-16,0.6200000047683716,0.6200000047683716,0.6200000047683716,0.6200000047683716,0.6200000047683716,0
2021-09-17,0.6100000143051147,0.6100000143051147,0.6100000143051147,0.6100000143051147,0.6100000143051147,0
2021-09-20,0.5899999737739563,0.6399999856948853,0.5699999928474426,0.5699999928474426,0.5699999928474426,18500
2021-09-21,0.5699999928474426,0.5699999928474426,0.5699999928474426,0.5699999928474426,0.5699999928474426,0
2021-09-23,0.5699999928474426,0.5699999928474426,0.5600000023841858,0.5600000023841858,0.5600000023841858,31500
2021-09-24,0.550000011920929,0.6899999976158142,0.550000011920929,0.6600000262260437,0.6600000262260437,149100
2021-09-27,0.6800000071525574,0.6800000071525574,0.6800000071525574,0.6800000071525574,0.6800000071525574,0
2021-09-28,0.7799999713897705,0.7799999713897705,0.6299999952316284,0.6899999976158142,0.6899999976158142,98000
2021-09-29,0.6299999952316284,0.6299999952316284,0.6200000047683716,0.6200000047683716,0.6200000047683716,28900
2021-09-30,0.6200000047683716,0.6200000047683716,0.5299999713897705,0.5400000214576721,0.5400000214576721,6000
2021-10-04,0.5799999833106995,0.5799999833106995,0.5799999833106995,0.5799999833106995,0.5799999833106995,10000
2021-10-05,0.6000000238418579,0.6000000238418579,0.6000000238418579,0.6000000238418579,0.6000000238418579,0
2021-10-06,0.6100000143051147,0.6100000143051147,0.6100000143051147,0.6100000143051147,0.6100000143051147,0
2021-10-07,0.6100000143051147,0.6100000143051147,0.6100000143051147,0.6100000143051147,0.6100000143051147,3400
2021-10-08,0.6100000143051147,0.6100000143051147,0.6100000143051147,0.6100000143051147,0.6100000143051147,0
2021-10-11,0.6399999856948853,0.6399999856948853,0.6399999856948853,0.6399999856948853,0.6399999856948853,0
2021-10-12,0.6399999856948853,0.6399999856948853,0.6399999856948853,0.6399999856948853,0.6399999856948853,0
2021-10-15,0.6600000262260437,0.6600000262260437,0.6600000262260437,0.6600000262260437,0.6600000262260437,0
2021-10-18,0.6000000238418579,0.6600000262260437,0.6399999856948853,0.6399999856948853,0.6399999856948853,108000
2021-10-19,0.5600000023841858,0.6000000238418579,0.550000011920929,0.6000000238418579,0.6000000238418579,42000
2021-10-20,0.5600000023841858,0.5600000023841858,0.5600000023841858,0.5600000023841858,0.5600000023841858,0
2021-10-21,0.5600000023841858,0.5600000023841858,0.47999998927116394,0.5400000214576721,0.5400000214576721,104000
2021-10-22,0.6000000238418579,0.6000000238418579,0.44999998807907104,0.5,0.5,374000
2021-10-25,0.5400000214576721,0.5600000023841858,0.5400000214576721,0.550000011920929,0.550000011920929,86000
2021-10-26,0.5299999713897705,0.5899999737739563,0.5199999809265137,0.5799999833106995,0.5799999833106995,10000
2021-10-27,0.6000000238418579,0.6499999761581421,0.6000000238418579,0.6399999856948853,0.6399999856948853,202000
2021-10-28,0.6399999856948853,0.6399999856948853,0.6399999856948853,0.6399999856948853,0.6399999856948853,0
2021-10-29,0.6399999856948853,0.6399999856948853,0.6399999856948853,0.6399999856948853,0.6399999856948853,0
2021-11-01,0.6000000238418579,0.6700000166893005,0.6299999952316284,0.6700000166893005,0.6700000166893005,132500
2021-11-02,0.6700000166893005,0.6700000166893005,0.6700000166893005,0.6700000166893005,0.6700000166893005,0
2021-11-03,0.6100000143051147,0.6100000143051147,0.6000000238418579,0.6100000143051147,0.6100000143051147,16000
2021-11-04,0.6100000143051147,0.6100000143051147,0.5899999737739563,0.6100000143051147,0.6100000143051147,107002
2021-11-05,0.550000011920929,0.550000011920929,0.5400000214576721,0.5400000214576721,0.5400000214576721,14000
2021-11-08,0.5600000023841858,0.5600000023841858,0.5600000023841858,0.5600000023841858,0.5600000023841858,0
2021-11-09,0.5400000214576721,0.5400000214576721,0.5400000214576721,0.5400000214576721,0.5400000214576721,2000
2021-11-10,0.5400000214576721,0.5400000214576721,0.5400000214576721,0.5400000214576721,0.5400000214576721,0
2021-11-11,0.5699999928474426,0.5699999928474426,0.5699999928474426,0.5699999928474426,0.5699999928474426,2000
2021-11-12,0.5699999928474426,0.5699999928474426,0.5699999928474426,0.5699999928474426,0.5699999928474426,0
2021-11-15,0.5600000023841858,0.5600000023841858,0.5600000023841858,0.5600000023841858,0.5600000023841858,0
2021-11-16,0.5699999928474426,0.5699999928474426,0.5699999928474426,0.5699999928474426,0.5699999928474426,0
2021-11-17,0.550000011920929,0.550000011920929,0.550000011920929,0.550000011920929,0.550000011920929,12000
2021-11-18,0.550000011920929,0.550000011920929,0.550000011920929,0.550000011920929,0.550000011920929,0
2021-11-19,0.5299999713897705,0.550000011920929,0.5299999713897705,0.550000011920929,0.550000011920929,7600
2021-11-22,0.5600000023841858,0.5600000023841858,0.5600000023841858,0.5600000023841858,0.5600000023841858,3900
2021-11-23,0.5600000023841858,0.5600000023841858,0.5600000023841858,0.5600000023841858,0.5600000023841858,0
2021-11-24,0.5600000023841858,0.5600000023841858,0.5600000023841858,0.5600000023841858,0.5600000023841858,0
2021-11-25,0.5899999737739563,0.5899999737739563,0.5899999737739563,0.5899999737739563,0.5899999737739563,20000
2021-11-26,0.5600000023841858,0.5600000023841858,0.5600000023841858,0.5600000023841858,0.5600000023841858,0
2021-11-29,0.5600000023841858,0.5600000023841858,0.5299999713897705,0.5299999713897705,0.5299999713897705,42000
2021-11-30,0.5299999713897705,0.5299999713897705,0.5299999713897705,0.5299999713897705,0.5299999713897705,10000
2021-12-01,0.5199999809265137,0.5199999809265137,0.5199999809265137,0.5199999809265137,0.5199999809265137,0
2021-12-02,0.5400000214576721,0.5400000214576721,0.5400000214576721,0.5400000214576721,0.5400000214576721,0
2021-12-03,0.5400000214576721,0.5400000214576721,0.5400000214576721,0.5400000214576721,0.5400000214576721,0
2021-12-06,0.550000011920929,0.550000011920929,0.550000011920929,0.550000011920929,0.550000011920929,12000
2021-12-07,0.550000011920929,0.550000011920929,0.550000011920929,0.550000011920929,0.550000011920929,0
2021-12-08,0.5400000214576721,0.5400000214576721,0.5400000214576721,0.5400000214576721,0.5400000214576721,0
2021-12-09,0.5400000214576721,0.5400000214576721,0.5400000214576721,0.5400000214576721,0.5400000214576721,10000
2021-12-10,0.5400000214576721,0.5400000214576721,0.5400000214576721,0.5400000214576721,0.5400000214576721,0
2021-12-13,0.5400000214576721,0.5400000214576721,0.5400000214576721,0.5400000214576721,0.5400000214576721,0
2021-12-14,0.5400000214576721,0.5400000214576721,0.5400000214576721,0.5400000214576721,0.5400000214576721,0
2021-12-15,0.5400000214576721,0.5400000214576721,0.5400000214576721,0.5400000214576721,0.5400000214576721,4000
2021-12-16,0.550000011920929,0.550000011920929,0.550000011920929,0.550000011920929,0.550000011920929,0
2021-12-17,0.550000011920929,0.550000011920929,0.550000011920929,0.550000011920929,0.550000011920929,8000
2021-12-20,0.550000011920929,0.550000011920929,0.550000011920929,0.550000011920929,0.550000011920929,48000
2021-12-21,0.550000011920929,0.550000011920929,0.550000011920929,0.550000011920929,0.550000011920929,0
2021-12-22,0.550000011920929,0.550000011920929,0.550000011920929,0.550000011920929,0.550000011920929,0
2021-12-23,0.5199999809265137,0.5199999809265137,0.5199999809265137,0.5199999809265137,0.5199999809265137,6000
2021-12-24,0.5199999809265137,0.5199999809265137,0.5199999809265137,0.5199999809265137,0.5199999809265137,0
2021-12-28,0.5600000023841858,0.5600000023841858,0.5600000023841858,0.5600000023841858,0.5600000023841858,4000
2021-12-29,0.5400000214576721,0.5400000214576721,0.5400000214576721,0.5400000214576721,0.5400000214576721,0
2021-12-30,0.5400000214576721,0.5400000214576721,0.5400000214576721,0.5400000214576721,0.5400000214576721,0
2021-12-31,0.5600000023841858,0.5600000023841858,0.5600000023841858,0.5600000023841858,0.5600000023841858,2000
2022-01-03,0.5600000023841858,0.5600000023841858,0.5600000023841858,0.5600000023841858,0.5600000023841858,0
2022-01-04,0.5600000023841858,0.5600000023841858,0.5600000023841858,0.5600000023841858,0.5600000023841858,0
2022-01-05,0.5600000023841858,0.5600000023841858,0.5600000023841858,0.5600000023841858,0.5600000023841858,0
2022-01-06,0.6000000238418579,0.6000000238418579,0.6000000238418579,0.6000000238418579,0.6000000238418579,0
2022-01-07,0.6000000238418579,0.6000000238418579,0.6000000238418579,0.6000000238418579,0.6000000238418579,6060
2022-01-10,0.5600000023841858,0.5699999928474426,0.5600000023841858,0.5699999928474426,0.5699999928474426,12000
2022-01-11,0.5299999713897705,0.5299999713897705,0.44999998807907104,0.5199999809265137,0.5199999809265137,264000
2022-01-12,0.5199999809265137,0.5199999809265137,0.5199999809265137,0.5199999809265137,0.5199999809265137,0
2022-01-13,0.5199999809265137,0.5199999809265137,0.5199999809265137,0.5199999809265137,0.5199999809265137,0
2022-01-14,0.5400000214576721,0.5400000214576721,0.5400000214576721,0.5400000214576721,0.5400000214576721,30000
2022-01-17,0.5400000214576721,0.5400000214576721,0.5400000214576721,0.5400000214576721,0.5400000214576721,0
2022-01-18,0.5400000214576721,0.5400000214576721,0.5400000214576721,0.5400000214576721,0.5400000214576721,0
2022-01-19,0.5400000214576721,0.5400000214576721,0.5400000214576721,0.5400000214576721,0.5400000214576721,0
2022-01-20,0.5400000214576721,0.5400000214576721,0.5400000214576721,0.5400000214576721,0.5400000214576721,4000
2022-01-21,0.5,0.5199999809265137,0.5,0.5199999809265137,0.5199999809265137,95000
2022-01-24,0.4699999988079071,0.4699999988079071,0.4699999988079071,0.4699999988079071,0.4699999988079071,24000
2022-01-25,0.4699999988079071,0.4699999988079071,0.4699999988079071,0.4699999988079071,0.4699999988079071,0
2022-01-26,0.4699999988079071,0.5,0.46000000834465027,0.5,0.5,63000
2022-01-27,0.5,0.5,0.5,0.5,0.5,0
2022-01-28,0.5,0.5,0.5,0.5,0.5,0
2022-01-31,0.5,0.5,0.5,0.5,0.5,0
2022-02-04,0.5,0.5,0.5,0.5,0.5,0
2022-02-07,0.5,0.5,0.5,0.5,0.5,0
2022-02-08,0.47999998927116394,0.5,0.46000000834465027,0.5,0.5,2500
2022-02-09,0.5,0.5,0.5,0.5,0.5,0
2022-02-10,0.5,0.5,0.5,0.5,0.5,0
2022-02-11,0.5,0.5,0.5,0.5,0.5,0
2022-02-14,0.4699999988079071,0.4699999988079071,0.4699999988079071,0.4699999988079071,0.4699999988079071,6000
2022-02-15,0.4699999988079071,0.4699999988079071,0.4699999988079071,0.4699999988079071,0.4699999988079071,0
2022-02-16,0.4699999988079071,0.4699999988079071,0.46000000834465027,0.4699999988079071,0.4699999988079071,16000
2022-02-17,0.4699999988079071,0.4699999988079071,0.4699999988079071,0.4699999988079071,0.4699999988079071,0
2022-02-18,0.4699999988079071,0.4699999988079071,0.4699999988079071,0.4699999988079071,0.4699999988079071,0
2022-02-21,0.46000000834465027,0.46000000834465027,0.46000000834465027,0.46000000834465027,0.46000000834465027,2800
2022-02-22,0.46000000834465027,0.46000000834465027,0.44999998807907104,0.44999998807907104,0.44999998807907104,23200
2022-02-23,0.44999998807907104,0.44999998807907104,0.44999998807907104,0.44999998807907104,0.44999998807907104,0
2022-02-24,0.44999998807907104,0.44999998807907104,0.41999998688697815,0.41999998688697815,0.41999998688697815,12000
2022-02-25,0.41999998688697815,0.41999998688697815,0.41999998688697815,0.41999998688697815,0.41999998688697815,0
2022-02-28,0.41999998688697815,0.41999998688697815,0.41999998688697815,0.41999998688697815,0.41999998688697815,0
2022-03-01,0.4000000059604645,0.44999998807907104,0.4000000059604645,0.4099999964237213,0.4099999964237213,29000
2022-03-02,0.4099999964237213,0.41999998688697815,0.4099999964237213,0.41999998688697815,0.41999998688697815,64000
2022-03-03,0.4000000059604645,0.4000000059604645,0.4000000059604645,0.4000000059604645,0.4000000059604645,0
2022-03-04,0.38999998569488525,0.38999998569488525,0.3799999952316284,0.38999998569488525,0.38999998569488525,14000
2022-03-07,0.38999998569488525,0.38999998569488525,0.38999998569488525,0.38999998569488525,0.38999998569488525,0
2022-03-08,0.38999998569488525,0.38999998569488525,0.38999998569488525,0.38999998569488525,0.38999998569488525,0
2022-03-09,0.38999998569488525,0.38999998569488525,0.38999998569488525,0.38999998569488525,0.38999998569488525,0
2022-03-10,0.4000000059604645,0.4000000059604645,0.4000000059604645,0.4000000059604645,0.4000000059604645,0
2022-03-11,0.4000000059604645,0.4000000059604645,0.4000000059604645,0.4000000059604645,0.4000000059604645,0
2022-03-14,0.36000001430511475,0.3799999952316284,0.3400000035762787,0.3700000047683716,0.3700000047683716,340600
2022-03-15,0.3400000035762787,0.3400000035762787,0.3400000035762787,0.3700000047683716,0.3700000047683716,12000
2022-03-16,0.33000001311302185,0.3400000035762787,0.3199999928474426,0.3400000035762787,0.3400000035762787,16500
2022-03-17,0.3400000035762787,0.3400000035762787,0.3400000035762787,0.3400000035762787,0.3400000035762787,2900
2022-03-18,0.3400000035762787,0.3499999940395355,0.3400000035762787,0.3499999940395355,0.3499999940395355,5600
2022-03-21,0.3400000035762787,0.3499999940395355,0.30000001192092896,0.3499999940395355,0.3499999940395355,254000
2022-03-22,0.3499999940395355,0.3499999940395355,0.3499999940395355,0.3499999940395355,0.3499999940395355,0
2022-03-23,0.38999998569488525,0.4300000071525574,0.38999998569488525,0.4300000071525574,0.4300000071525574,10000
2022-03-24,0.4300000071525574,0.46000000834465027,0.4099999964237213,0.4099999964237213,0.4099999964237213,145700
2022-03-25,0.41999998688697815,0.41999998688697815,0.41999998688697815,0.41999998688697815,0.41999998688697815,38000
2022-03-28,0.46000000834465027,0.5,0.46000000834465027,0.49000000953674316,0.49000000953674316,94000
2022-03-29,0.4099999964237213,0.4099999964237213,0.4099999964237213,0.4300000071525574,0.4300000071525574,3800
2022-03-30,0.4300000071525574,0.4300000071525574,0.4300000071525574,0.4300000071525574,0.4300000071525574,0
2022-03-31,0.4300000071525574,0.4300000071525574,0.4300000071525574,0.4300000071525574,0.4300000071525574,0
2022-04-01,0.4300000071525574,0.4300000071525574,0.4300000071525574,0.4300000071525574,0.4300000071525574,0
2022-04-04,0.41999998688697815,0.4300000071525574,0.41999998688697815,0.41999998688697815,0.41999998688697815,12500
2022-04-06,0.4300000071525574,0.4300000071525574,0.4300000071525574,0.4300000071525574,0.4300000071525574,12000
2022-04-07,0.4300000071525574,0.4300000071525574,0.4300000071525574,0.4300000071525574,0.4300000071525574,6000
2022-04-08,0.4300000071525574,0.4300000071525574,0.4300000071525574,0.4300000071525574,0.4300000071525574,0
2022-04-11,0.4000000059604645,0.4000000059604645,0.38999998569488525,0.4000000059604645,0.4000000059604645,90000
2022-04-12,0.4000000059604645,0.4000000059604645,0.4000000059604645,0.4000000059604645,0.4000000059604645,0
2022-04-13,0.4300000071525574,0.4300000071525574,0.4300000071525574,0.4300000071525574,0.4300000071525574,283000
2022-04-14,0.4000000059604645,0.4000000059604645,0.4000000059604645,0.4000000059604645,0.4000000059604645,0
2022-04-19,0.44999998807907104,0.44999998807907104,0.44999998807907104,0.44999998807907104,0.44999998807907104,20000
2022-04-20,0.44999998807907104,0.44999998807907104,0.44999998807907104,0.44999998807907104,0.44999998807907104,0
2022-04-21,0.4300000071525574,0.4300000071525574,0.4300000071525574,0.4300000071525574,0.4300000071525574,0
2022-04-22,0.3799999952316284,0.3799999952316284,0.3799999952316284,0.3799999952316284,0.3799999952316284,85000
2022-04-25,0.3700000047683716,0.3700000047683716,0.3700000047683716,0.3700000047683716,0.3700000047683716,0
2022-04-26,0.38999998569488525,0.38999998569488525,0.38999998569488525,0.3799999952316284,0.3799999952316284,24000
2022-04-27,0.3799999952316284,0.3799999952316284,0.3799999952316284,0.3799999952316284,0.3799999952316284,0
2022-04-28,0.3400000035762787,0.3400000035762787,0.3400000035762787,0.3400000035762787,0.3400000035762787,23500
2022-04-29,0.36000001430511475,0.36000001430511475,0.36000001430511475,0.36000001430511475,0.36000001430511475,0
2022-05-03,0.3799999952316284,0.3799999952316284,0.3799999952316284,0.3799999952316284,0.3799999952316284,0
2022-05-04,0.3799999952316284,0.3799999952316284,0.3799999952316284,0.3799999952316284,0.3799999952316284,0
2022-05-05,0.3400000035762787,0.3400000035762787,0.3400000035762787,0.38999998569488525,0.38999998569488525,6000
2022-05-06,0.38999998569488525,0.38999998569488525,0.38999998569488525,0.38999998569488525,0.38999998569488525,0
2022-05-10,0.38999998569488525,0.38999998569488525,0.38999998569488525,0.38999998569488525,0.38999998569488525,0
2022-05-11,0.3700000047683716,0.3700000047683716,0.3700000047683716,0.3700000047683716,0.3700000047683716,34000
2022-05-12,0.3700000047683716,0.3700000047683716,0.3700000047683716,0.3700000047683716,0.3700000047683716,0
2022-05-13,0.3700000047683716,0.3700000047683716,0.3700000047683716,0.3700000047683716,0.3700000047683716,0
2022-05-16,0.36000001430511475,0.3799999952316284,0.3499999940395355,0.3799999952316284,0.3799999952316284,24000
2022-05-17,0.3799999952316284,0.3799999952316284,0.3799999952316284,0.3799999952316284,0.3799999952316284,0
2022-05-18,0.3799999952316284,0.3799999952316284,0.3799999952316284,0.3799999952316284,0.3799999952316284,0
2022-05-19,0.3799999952316284,0.3799999952316284,0.3799999952316284,0.3799999952316284,0.3799999952316284,0
2022-05-20,0.38999998569488525,0.38999998569488525,0.3499999940395355,0.3499999940395355,0.3499999940395355,19200
2022-05-23,0.3499999940395355,0.3499999940395355,0.3499999940395355,0.3499999940395355,0.3499999940395355,0
2022-05-24,0.3499999940395355,0.3499999940395355,0.3499999940395355,0.3499999940395355,0.3499999940395355,0
2022-05-25,0.3499999940395355,0.3499999940395355,0.3499999940395355,0.3499999940395355,0.3499999940395355,0
2022-05-26,0.3499999940395355,0.3499999940395355,0.3499999940395355,0.3499999940395355,0.3499999940395355,0
2022-05-27,0.3499999940395355,0.3499999940395355,0.3499999940395355,0.3499999940395355,0.3499999940395355,0
2022-05-30,0.36000001430511475,0.36000001430511475,0.3499999940395355,0.3499999940395355,0.3499999940395355,14000
2022-05-31,0.3499999940395355,0.3499999940395355,0.3499999940395355,0.3499999940395355,0.3499999940395355,0
2022-06-01,0.3499999940395355,0.3499999940395355,0.3499999940395355,0.3499999940395355,0.3499999940395355,0
2022-06-02,0.3499999940395355,0.3499999940395355,0.3499999940395355,0.3499999940395355,0.3499999940395355,0
2022-06-06,0.3499999940395355,0.3499999940395355,0.3499999940395355,0.3499999940395355,0.3499999940395355,0
2022-06-07,0.3499999940395355,0.3499999940395355,0.3499999940395355,0.3499999940395355,0.3499999940395355,4000
2022-06-08,0.4399999976158142,0.4399999976158142,0.4300000071525574,0.4300000071525574,0.4300000071525574,6000
2022-06-09,0.4300000071525574,0.4300000071525574,0.4300000071525574,0.4300000071525574,0.4300000071525574,0
2022-06-10,0.4300000071525574,0.4300000071525574,0.4300000071525574,0.4300000071525574,0.4300000071525574,0
2022-06-13,0.4300000071525574,0.4300000071525574,0.4300000071525574,0.4300000071525574,0.4300000071525574,0
2022-06-14,0.4300000071525574,0.4300000071525574,0.4300000071525574,0.4300000071525574,0.4300000071525574,0
2022-06-15,0.4300000071525574,0.4300000071525574,0.4300000071525574,0.4300000071525574,0.4300000071525574,0
2022-06-16,0.41999998688697815,0.41999998688697815,0.41999998688697815,0.41999998688697815,0.41999998688697815,0
2022-06-17,0.36000001430511475,0.36000001430511475,0.36000001430511475,0.36000001430511475,0.36000001430511475,2000
2022-06-20,0.36000001430511475,0.36000001430511475,0.36000001430511475,0.36000001430511475,0.36000001430511475,0
2022-06-21,0.4000000059604645,0.41999998688697815,0.4000000059604645,0.41999998688697815,0.41999998688697815,28000
2022-06-22,0.4300000071525574,0.47999998927116394,0.4300000071525574,0.46000000834465027,0.46000000834465027,117000
2022-06-23,0.46000000834465027,0.46000000834465027,0.46000000834465027,0.46000000834465027,0.46000000834465027,0
2022-06-24,0.4399999976158142,0.4399999976158142,0.4399999976158142,0.4399999976158142,0.4399999976158142,2100
2022-06-27,0.4399999976158142,0.4399999976158142,0.4399999976158142,0.4399999976158142,0.4399999976158142,0
2022-06-28,0.4000000059604645,0.4000000059604645,0.4000000059604645,0.4000000059604645,0.4000000059604645,0
2022-06-29,0.4000000059604645,0.4000000059604645,0.4000000059604645,0.4000000059604645,0.4000000059604645,0
2022-06-30,0.4000000059604645,0.4000000059604645,0.4000000059604645,0.4000000059604645,0.4000000059604645,6900
2022-07-04,0.3799999952316284,0.3799999952316284,0.3799999952316284,0.3799999952316284,0.3799999952316284,0
2022-07-05,0.3700000047683716,0.3700000047683716,0.3700000047683716,0.3700000047683716,0.3700000047683716,11557
2022-07-06,0.4000000059604645,0.4099999964237213,0.3700000047683716,0.4099999964237213,0.4099999964237213,30000
2022-07-07,0.3700000047683716,0.3799999952316284,0.3700000047683716,0.3799999952316284,0.3799999952316284,4000
2022-07-08,0.3799999952316284,0.3799999952316284,0.3799999952316284,0.3799999952316284,0.3799999952316284,0
2022-07-11,0.3700000047683716,0.3700000047683716,0.3700000047683716,0.3700000047683716,0.3700000047683716,4000
2022-07-12,0.3700000047683716,0.3700000047683716,0.3700000047683716,0.3700000047683716,0.3700000047683716,0
2022-07-13,0.3499999940395355,0.3499999940395355,0.3499999940395355,0.3499999940395355,0.3499999940395355,3500
2022-07-14,0.38999998569488525,0.44999998807907104,0.38999998569488525,0.38999998569488525,0.38999998569488525,41000
2022-07-15,0.44999998807907104,0.44999998807907104,0.4300000071525574,0.4300000071525574,0.4300000071525574,6000
2022-07-18,0.3799999952316284,0.3799999952316284,0.3799999952316284,0.3799999952316284,0.3799999952316284,8000
2022-07-19,0.3799999952316284,0.36000001430511475,0.36000001430511475,0.36000001430511475,0.36000001430511475,33000
2022-07-20,0.36000001430511475,0.36000001430511475,0.36000001430511475,0.36000001430511475,0.36000001430511475,12400
2022-07-21,0.36000001430511475,0.36000001430511475,0.36000001430511475,0.36000001430511475,0.36000001430511475,51000
2022-07-22,0.36000001430511475,0.36000001430511475,0.36000001430511475,0.36000001430511475,0.36000001430511475,0
2022-07-25,0.36000001430511475,0.36000001430511475,0.36000001430511475,0.36000001430511475,0.36000001430511475,0
2022-07-26,0.36000001430511475,0.36000001430511475,0.36000001430511475,0.36000001430511475,0.36000001430511475,0
2022-07-27,0.36000001430511475,0.36000001430511475,0.36000001430511475,0.36000001430511475,0.36000001430511475,0
2022-07-28,0.36000001430511475,0.36000001430511475,0.36000001430511475,0.36000001430511475,0.36000001430511475,0
2022-07-29,0.38999998569488525,0.4099999964237213,0.3799999952316284,0.3799999952316284,0.3799999952316284,30000
2022-08-01,0.3799999952316284,0.3799999952316284,0.3799999952316284,0.3799999952316284,0.3799999952316284,0
2022-08-02,0.3799999952316284,0.3799999952316284,0.3799999952316284,0.3799999952316284,0.3799999952316284,0
2022-08-03,0.3799999952316284,0.3799999952316284,0.3499999940395355,0.3499999940395355,0.3499999940395355,17000
2022-08-04,0.36000001430511475,0.36000001430511475,0.36000001430511475,0.36000001430511475,0.36000001430511475,0
2022-08-05,0.36000001430511475,0.36000001430511475,0.36000001430511475,0.36000001430511475,0.36000001430511475,0
2022-08-08,0.36000001430511475,0.36000001430511475,0.36000001430511475,0.36000001430511475,0.36000001430511475,0
2022-08-09,0.36000001430511475,0.36000001430511475,0.36000001430511475,0.36000001430511475,0.36000001430511475,4000
2022-08-10,0.36000001430511475,0.36000001430511475,0.36000001430511475,0.36000001430511475,0.36000001430511475,0
2022-08-11,0.36000001430511475,0.36000001430511475,0.36000001430511475,0.36000001430511475,0.36000001430511475,0
2022-08-12,0.36000001430511475,0.36000001430511475,0.36000001430511475,0.36000001430511475,0.36000001430511475,0
2022-08-15,0.36000001430511475,0.36000001430511475,0.36000001430511475,0.36000001430511475,0.36000001430511475,0
2022-08-16,0.3700000047683716,0.3700000047683716,0.3700000047683716,0.3700000047683716,0.3700000047683716,0
2022-08-17,0.3799999952316284,0.3799999952316284,0.3499999940395355,0.36000001430511475,0.36000001430511475,9000
2022-08-18,0.3799999952316284,0.4000000059604645,0.3799999952316284,0.3799999952316284,0.3799999952316284,18000
2022-08-19,0.3799999952316284,0.3799999952316284,0.3799999952316284,0.3799999952316284,0.3799999952316284,0
2022-08-22,0.3700000047683716,0.3700000047683716,0.3700000047683716,0.3700000047683716,0.3700000047683716,0
2022-08-23,0.3700000047683716,0.3700000047683716,0.3700000047683716,0.3700000047683716,0.3700000047683716,0
2022-08-24,0.3700000047683716,0.3700000047683716,0.3700000047683716,0.3700000047683716,0.3700000047683716,0
2022-08-25,0.3499999940395355,0.3499999940395355,0.3499999940395355,0.3499999940395355,0.3499999940395355,26000
2022-08-26,0.36000001430511475,0.36000001430511475,0.36000001430511475,0.36000001430511475,0.36000001430511475,0
2022-08-29,0.36000001430511475,0.36000001430511475,0.36000001430511475,0.36000001430511475,0.36000001430511475,0
2022-08-30,0.36000001430511475,0.36000001430511475,0.36000001430511475,0.36000001430511475,0.36000001430511475,0
2022-08-31,0.36000001430511475,0.36000001430511475,0.36000001430511475,0.36000001430511475,0.36000001430511475,0
2022-09-01,0.36000001430511475,0.36000001430511475,0.36000001430511475,0.36000001430511475,0.36000001430511475,0
2022-09-02,0.36000001430511475,0.36000001430511475,0.36000001430511475,0.36000001430511475,0.36000001430511475,0
2022-09-05,0.36000001430511475,0.36000001430511475,0.36000001430511475,0.36000001430511475,0.36000001430511475,0
2022-09-06,0.36000001430511475,0.36000001430511475,0.36000001430511475,0.36000001430511475,0.36000001430511475,0
2022-09-07,0.36000001430511475,0.36000001430511475,0.36000001430511475,0.36000001430511475,0.36000001430511475,0
2022-09-08,0.36000001430511475,0.36000001430511475,0.36000001430511475,0.36000001430511475,0.36000001430511475,0
2022-09-09,0.3700000047683716,0.3700000047683716,0.3700000047683716,0.3700000047683716,0.3700000047683716,7000
2022-09-13,0.4000000059604645,0.3799999952316284,0.3199999928474426,0.3799999952316284,0.3799999952316284,306000
2022-09-14,0.4000000059604645,0.4000000059604645,0.38999998569488525,0.4000000059604645,0.4000000059604645,108000
2022-09-15,0.4399999976158142,0.5,0.4399999976158142,0.44999998807907104,0.44999998807907104,114000
2022-09-16,0.4399999976158142,0.4399999976158142,0.4399999976158142,0.4399999976158142,0.4399999976158142,0
2022-09-19,0.47999998927116394,0.550000011920929,0.4699999988079071,0.5,0.5,98000
2022-09-20,0.5400000214576721,0.5400000214576721,0.5400000214576721,0.5400000214576721,0.5400000214576721,0
2022-09-21,0.4699999988079071,0.4699999988079071,0.46000000834465027,0.46000000834465027,0.46000000834465027,18000
2022-09-22,0.4699999988079071,0.4699999988079071,0.4699999988079071,0.4699999988079071,0.4699999988079071,4000
2022-09-23,0.4699999988079071,0.4699999988079071,0.4699999988079071,0.4699999988079071,0.4699999988079071,0
2022-09-26,0.4699999988079071,0.4699999988079071,0.4699999988079071,0.4699999988079071,0.4699999988079071,0
2022-09-27,0.4699999988079071,0.4699999988079071,0.4699999988079071,0.4699999988079071,0.4699999988079071,0
2022-09-28,0.4699999988079071,0.4699999988079071,0.4699999988079071,0.4699999988079071,0.4699999988079071,0
2022-09-29,0.4300000071525574,0.4300000071525574,0.41999998688697815,0.46000000834465027,0.46000000834465027,6000
2022-09-30,0.46000000834465027,0.46000000834465027,0.46000000834465027,0.46000000834465027,0.46000000834465027,0
2022-10-03,0.46000000834465027,0.46000000834465027,0.46000000834465027,0.46000000834465027,0.46000000834465027,0
2022-10-05,0.4000000059604645,0.44999998807907104,0.4000000059604645,0.44999998807907104,0.44999998807907104,18000
2022-10-06,0.4300000071525574,0.4300000071525574,0.4300000071525574,0.4300000071525574,0.4300000071525574,0
2022-10-07,0.4300000071525574,0.4300000071525574,0.4300000071525574,0.4300000071525574,0.4300000071525574,0
2022-10-10,0.4300000071525574,0.4300000071525574,0.4300000071525574,0.4300000071525574,0.4300000071525574,0
2022-10-11,0.3799999952316284,0.4699999988079071,0.3700000047683716,0.4699999988079071,0.4699999988079071,34000
2022-10-12,0.4699999988079071,0.4699999988079071,0.3799999952316284,0.4300000071525574,0.4300000071525574,42000
2022-10-13,0.47999998927116394,0.47999998927116394,0.47999998927116394,0.47999998927116394,0.47999998927116394,8000
2022-10-14,0.4699999988079071,0.4699999988079071,0.4699999988079071,0.4699999988079071,0.4699999988079071,0
2022-10-17,0.4699999988079071,0.4699999988079071,0.4699999988079071,0.4699999988079071,0.4699999988079071,0
2022-10-18,0.4699999988079071,0.4699999988079071,0.4699999988079071,0.4699999988079071,0.4699999988079071,0
2022-10-19,0.4699999988079071,0.4699999988079071,0.4699999988079071,0.4699999988079071,0.4699999988079071,0
2022-10-20,0.4699999988079071,0.4699999988079071,0.4699999988079071,0.4699999988079071,0.4699999988079071,0
2022-10-21,0.4699999988079071,0.4699999988079071,0.4699999988079071,0.4699999988079071,0.4699999988079071,4000
2022-10-24,0.4699999988079071,0.4699999988079071,0.4699999988079071,0.4699999988079071,0.4699999988079071,0
2022-10-25,0.4699999988079071,0.4699999988079071,0.4699999988079071,0.4699999988079071,0.4699999988079071,6000
2022-10-26,0.3799999952316284,0.4699999988079071,0.3799999952316284,0.4699999988079071,0.4699999988079071,14000
2022-10-27,0.4699999988079071,0.4699999988079071,0.4699999988079071,0.4699999988079071,0.4699999988079071,2000
2022-10-28,0.3799999952316284,0.3799999952316284,0.3199999928474426,0.3199999928474426,0.3199999928474426,458000
2022-10-31,0.30000001192092896,0.30000001192092896,0.25999999046325684,0.28999999165534973,0.28999999165534973,202000
2022-11-01,0.30000001192092896,0.30000001192092896,0.28999999165534973,0.28999999165534973,0.28999999165534973,22000
2022-11-02,0.28999999165534973,0.28999999165534973,0.28999999165534973,0.28999999165534973,0.28999999165534973,0
2022-11-03,0.28999999165534973,0.28999999165534973,0.28999999165534973,0.28999999165534973,0.28999999165534973,0
2022-11-04,0.30000001192092896,0.30000001192092896,0.30000001192092896,0.30000001192092896,0.30000001192092896,17000
2022-11-07,0.3100000023841858,0.3100000023841858,0.3100000023841858,0.3100000023841858,0.3100000023841858,0
2022-11-08,0.3199999928474426,0.3199999928474426,0.3199999928474426,0.3199999928474426,0.3199999928474426,2000
2022-11-09,0.3199999928474426,0.33000001311302185,0.3199999928474426,0.33000001311302185,0.33000001311302185,106000
2022-11-10,0.33000001311302185,0.33000001311302185,0.33000001311302185,0.33000001311302185,0.33000001311302185,0
2022-11-11,0.3799999952316284,0.3799999952316284,0.36000001430511475,0.3799999952316284,0.3799999952316284,14000
2022-11-14,0.3799999952316284,0.3799999952316284,0.3799999952316284,0.3799999952316284,0.3799999952316284,0
2022-11-15,0.3799999952316284,0.3799999952316284,0.3799999952316284,0.3799999952316284,0.3799999952316284,2500
2022-11-16,0.3499999940395355,0.3499999940395355,0.3499999940395355,0.3499999940395355,0.3499999940395355,0
2022-11-17,0.3799999952316284,0.4000000059604645,0.3499999940395355,0.3499999940395355,0.3499999940395355,40000
2022-11-18,0.3499999940395355,0.3499999940395355,0.3499999940395355,0.3499999940395355,0.3499999940395355,0
2022-11-21,0.3400000035762787,0.3400000035762787,0.3400000035762787,0.3400000035762787,0.3400000035762787,0
2022-11-22,0.30000001192092896,0.3199999928474426,0.2800000011920929,0.3199999928474426,0.3199999928474426,172000
2022-11-23,0.28999999165534973,0.28999999165534973,0.23999999463558197,0.25,0.25,919000
2022-11-24,0.2800000011920929,0.2800000011920929,0.2800000011920929,0.2800000011920929,0.2800000011920929,60000
2022-11-25,0.2800000011920929,0.2800000011920929,0.2800000011920929,0.2800000011920929,0.2800000011920929,0
2022-11-28,0.25,0.2800000011920929,0.23999999463558197,0.2800000011920929,0.2800000011920929,34000
2022-11-29,0.2800000011920929,0.2800000011920929,0.2800000011920929,0.2800000011920929,0.2800000011920929,210000
2022-11-30,0.28999999165534973,0.30000001192092896,0.28999999165534973,0.30000001192092896,0.30000001192092896,46000
2022-12-01,0.30000001192092896,0.30000001192092896,0.30000001192092896,0.30000001192092896,0.30000001192092896,0
2022-12-02,0.30000001192092896,0.30000001192092896,0.30000001192092896,0.30000001192092896,0.30000001192092896,0
2022-12-05,0.30000001192092896,0.30000001192092896,0.30000001192092896,0.30000001192092896,0.30000001192092896,0
2022-12-06,0.30000001192092896,0.30000001192092896,0.30000001192092896,0.30000001192092896,0.30000001192092896,0
2022-12-07,0.28999999165534973,0.28999999165534973,0.28999999165534973,0.28999999165534973,0.28999999165534973,0
2022-12-08,0.28999999165534973,0.28999999165534973,0.28999999165534973,0.28999999165534973,0.28999999165534973,0
2022-12-09,0.27000001072883606,0.27000001072883606,0.27000001072883606,0.27000001072883606,0.27000001072883606,12000
2022-12-12,0.27000001072883606,0.27000001072883606,0.27000001072883606,0.27000001072883606,0.27000001072883606,0
2022-12-13,0.27000001072883606,0.27000001072883606,0.27000001072883606,0.27000001072883606,0.27000001072883606,0
2022-12-14,0.25999999046325684,0.25999999046325684,0.20000000298023224,0.2199999988079071,0.2199999988079071,2470000
2022-12-15,0.2199999988079071,0.23000000417232513,0.18000000715255737,0.1899999976158142,0.1899999976158142,1040000
2022-12-16,0.1899999976158142,0.20000000298023224,0.1899999976158142,0.1899999976158142,0.1899999976158142,117000
2022-12-19,0.20000000298023224,0.20000000298023224,0.20000000298023224,0.20000000298023224,0.20000000298023224,90000
2022-12-20,0.1899999976158142,0.20000000298023224,0.1899999976158142,0.20000000298023224,0.20000000298023224,116000
2022-12-21,0.1899999976158142,0.20000000298023224,0.1599999964237213,0.1599999964237213,0.1599999964237213,512000
2022-12-22,0.17000000178813934,0.20000000298023224,0.17000000178813934,0.20000000298023224,0.20000000298023224,260000
2022-12-23,0.2199999988079071,0.2199999988079071,0.1599999964237213,0.17000000178813934,0.17000000178813934,460000
2022-12-28,0.1599999964237213,0.1599999964237213,0.14000000059604645,0.15000000596046448,0.15000000596046448,3570000
2022-12-29,0.14000000059604645,0.15000000596046448,0.14000000059604645,0.14000000059604645,0.14000000059604645,292000
2022-12-30,0.14000000059604645,0.15000000596046448,0.14000000059604645,0.14000000059604645,0.14000000059604645,234000
2023-01-03,0.15000000596046448,0.15000000596046448,0.14000000059604645,0.14000000059604645,0.14000000059604645,414000
2023-01-04,0.14000000059604645,0.14000000059604645,0.14000000059604645,0.14000000059604645,0.14000000059604645,1050000
2023-01-05,0.15000000596046448,0.18000000715255737,0.15000000596046448,0.1599999964237213,0.1599999964237213,960000
2023-01-06,0.18000000715255737,0.18000000715255737,0.17000000178813934,0.17000000178813934,0.17000000178813934,846000
2023-01-09,0.1899999976158142,0.1899999976158142,0.15000000596046448,0.1599999964237213,0.1599999964237213,1118000
2023-01-10,0.1599999964237213,0.1899999976158142,0.15000000596046448,0.1599999964237213,0.1599999964237213,2528120
2023-01-11,0.1599999964237213,0.1599999964237213,0.14000000059604645,0.14000000059604645,0.14000000059604645,2876000
2023-01-12,0.14000000059604645,0.28999999165534973,0.14000000059604645,0.2199999988079071,0.2199999988079071,14799085
2023-01-13,0.2199999988079071,0.25,0.1599999964237213,0.18000000715255737,0.18000000715255737,3338800
2023-01-16,0.1599999964237213,0.18000000715255737,0.15000000596046448,0.1599999964237213,0.1599999964237213,2126000
2023-01-17,0.1599999964237213,0.1599999964237213,0.15000000596046448,0.1599999964237213,0.1599999964237213,1114500
2023-01-18,0.15000000596046448,0.1599999964237213,0.15000000596046448,0.1599999964237213,0.1599999964237213,294000
2023-01-19,0.1599999964237213,0.17000000178813934,0.1599999964237213,0.1599999964237213,0.1599999964237213,198000
2023-01-20,0.1599999964237213,0.1599999964237213,0.1599999964237213,0.1599999964237213,0.1599999964237213,162000
2023-01-26,0.1599999964237213,0.1599999964237213,0.15000000596046448,0.1599999964237213,0.1599999964237213,594000
2023-01-27,0.15000000596046448,0.1599999964237213,0.15000000596046448,0.15000000596046448,0.15000000596046448,230000
2023-01-30,0.1599999964237213,0.1599999964237213,0.15000000596046448,0.15000000596046448,0.15000000596046448,202000
2023-01-31,0.15000000596046448,0.15000000596046448,0.15000000596046448,0.15000000596046448,0.15000000596046448,357500
2023-02-01,0.15000000596046448,0.1599999964237213,0.15000000596046448,0.1599999964237213,0.1599999964237213,384000
2023-02-02,0.1599999964237213,0.18000000715255737,0.1599999964237213,0.17000000178813934,0.17000000178813934,410000
2023-02-03,0.1599999964237213,0.17000000178813934,0.1599999964237213,0.17000000178813934,0.17000000178813934,106000
2023-02-06,0.1599999964237213,0.1599999964237213,0.1599999964237213,0.1599999964237213,0.1599999964237213,0
2023-02-07,0.1599999964237213,0.1599999964237213,0.1599999964237213,0.1599999964237213,0.1599999964237213,0
2023-02-08,0.1599999964237213,0.1599999964237213,0.1599999964237213,0.1599999964237213,0.1599999964237213,0
2023-02-09,0.17000000178813934,0.17000000178813934,0.15000000596046448,0.1599999964237213,0.1599999964237213,96000
2023-02-10,0.1599999964237213,0.1599999964237213,0.15000000596046448,0.15000000596046448,0.15000000596046448,950000
2023-02-13,0.15000000596046448,0.15000000596046448,0.15000000596046448,0.15000000596046448,0.15000000596046448,70000
2023-02-14,0.15000000596046448,0.15000000596046448,0.14000000059604645,0.14000000059604645,0.14000000059604645,704000
2023-02-15,0.14000000059604645,0.15000000596046448,0.14000000059604645,0.15000000596046448,0.15000000596046448,56000
2023-02-16,0.14000000059604645,0.15000000596046448,0.11999999731779099,0.14000000059604645,0.14000000059604645,1588000
2023-02-17,0.12999999523162842,0.12999999523162842,0.10999999940395355,0.11999999731779099,0.11999999731779099,6176600
2023-02-20,0.11999999731779099,0.12999999523162842,0.11999999731779099,0.11999999731779099,0.11999999731779099,322000
2023-02-21,0.11999999731779099,0.12999999523162842,0.10999999940395355,0.11999999731779099,0.11999999731779099,496400
2023-02-22,0.12999999523162842,0.12999999523162842,0.12999999523162842,0.12999999523162842,0.12999999523162842,262000
2023-02-23,0.12999999523162842,0.12999999523162842,0.11999999731779099,0.12999999523162842,0.12999999523162842,150000
2023-02-24,0.11999999731779099,0.12999999523162842,0.11999999731779099,0.12999999523162842,0.12999999523162842,678000
2023-02-27,0.11999999731779099,0.12999999523162842,0.11999999731779099,0.11999999731779099,0.11999999731779099,252000
2023-02-28,0.11999999731779099,0.12999999523162842,0.11999999731779099,0.11999999731779099,0.11999999731779099,714000
2023-03-01,0.11999999731779099,0.11999999731779099,0.11999999731779099,0.11999999731779099,0.11999999731779099,256000
2023-03-02,0.11999999731779099,0.11999999731779099,0.11999999731779099,0.11999999731779099,0.11999999731779099,114500
2023-03-03,0.10999999940395355,0.12999999523162842,0.10999999940395355,0.12999999523162842,0.12999999523162842,192000
2023-03-06,0.12999999523162842,0.12999999523162842,0.12999999523162842,0.12999999523162842,0.12999999523162842,140000
2023-03-07,0.11999999731779099,0.11999999731779099,0.11999999731779099,0.11999999731779099,0.11999999731779099,232000
2023-03-08,0.11999999731779099,0.11999999731779099,0.11999999731779099,0.11999999731779099,0.11999999731779099,0
2023-03-09,0.11999999731779099,0.12999999523162842,0.11999999731779099,0.12999999523162842,0.12999999523162842,602000
2023-03-10,0.15000000596046448,0.15000000596046448,0.12999999523162842,0.12999999523162842,0.12999999523162842,1011000
2023-03-13,0.12999999523162842,0.12999999523162842,0.12999999523162842,0.12999999523162842,0.12999999523162842,0
2023-03-14,0.10499999672174454,0.1120000034570694,0.10499999672174454,0.1120000034570694,0.1120000034570694,5000
2023-03-15,0.11500000208616257,0.14000000059604645,0.11500000208616257,0.12399999797344208,0.12399999797344208,438000
2023-03-16,0.11800000071525574,0.11800000071525574,0.11599999666213989,0.11599999666213989,0.11599999666213989,18000
2023-03-17,0.11599999666213989,0.11599999666213989,0.10000000149011612,0.10899999737739563,0.10899999737739563,170000
2023-03-20,0.10700000077486038,0.10700000077486038,0.10700000077486038,0.10700000077486038,0.10700000077486038,10200
2023-03-21,0.10700000077486038,0.10700000077486038,0.10700000077486038,0.10700000077486038,0.10700000077486038,30000
2023-03-22,0.10499999672174454,0.11999999731779099,0.10199999809265137,0.11400000005960464,0.11400000005960464,400000
2023-03-23,0.11400000005960464,0.11400000005960464,0.11400000005960464,0.11400000005960464,0.11400000005960464,0
2023-03-24,0.11400000005960464,0.11400000005960464,0.11400000005960464,0.11400000005960464,0.11400000005960464,0
2023-03-27,0.11400000005960464,0.11400000005960464,0.11400000005960464,0.11400000005960464,0.11400000005960464,0
2023-03-28,0.11400000005960464,0.11400000005960464,0.11400000005960464,0.11400000005960464,0.11400000005960464,0
2023-03-29,0.11400000005960464,0.11400000005960464,0.11400000005960464,0.11400000005960464,0.11400000005960464,0
2023-03-30,0.10000000149011612,0.1289999932050705,0.10000000149011612,0.1289999932050705,0.1289999932050705,258000
2023-03-31,0.12800000607967377,0.12800000607967377,0.12800000607967377,0.12800000607967377,0.12800000607967377,0
2023-04-03,0.12800000607967377,0.12800000607967377,0.12800000607967377,0.12800000607967377,0.12800000607967377,0
2023-04-04,0.10000000149011612,0.12700000405311584,0.10000000149011612,0.12600000202655792,0.12600000202655792,588000
2023-04-06,0.12600000202655792,0.12600000202655792,0.12600000202655792,0.12600000202655792,0.12600000202655792,0
2023-04-11,0.125,0.125,0.125,0.125,0.125,0
2023-04-12,0.11500000208616257,0.11500000208616257,0.10499999672174454,0.10599999874830246,0.10599999874830246,360100
2023-04-13,0.10599999874830246,0.10599999874830246,0.10599999874830246,0.10599999874830246,0.10599999874830246,0
2023-04-14,0.10599999874830246,0.10599999874830246,0.10599999874830246,0.10599999874830246,0.10599999874830246,0
2023-04-17,0.10599999874830246,0.10599999874830246,0.10599999874830246,0.10599999874830246,0.10599999874830246,0
2023-04-18,0.11699999868869781,0.11699999868869781,0.11699999868869781,0.11699999868869781,0.11699999868869781,80000
2023-04-19,0.11699999868869781,0.11699999868869781,0.11699999868869781,0.11699999868869781,0.11699999868869781,0
2023-04-20,0.10199999809265137,0.10999999940395355,0.10100000351667404,0.10100000351667404,0.10100000351667404,120000
2023-04-21,0.10000000149011612,0.10199999809265137,0.10000000149011612,0.10199999809265137,0.10199999809265137,104000
2023-04-24,0.10199999809265137,0.10199999809265137,0.10199999809265137,0.10199999809265137,0.10199999809265137,0
2023-04-25,0.10000000149011612,0.10000000149011612,0.09799999743700027,0.09799999743700027,0.09799999743700027,100000
2023-04-26,0.10000000149011612,0.10000000149011612,0.10000000149011612,0.10000000149011612,0.10000000149011612,30000
2023-04-27,0.10000000149011612,0.10000000149011612,0.10000000149011612,0.10000000149011612,0.10000000149011612,0
2023-04-28,0.10999999940395355,0.10999999940395355,0.10999999940395355,0.10999999940395355,0.10999999940395355,0
2023-05-02,0.10999999940395355,0.10999999940395355,0.10999999940395355,0.10999999940395355,0.10999999940395355,0
2023-05-03,0.10999999940395355,0.10999999940395355,0.10999999940395355,0.10999999940395355,0.10999999940395355,0
2023-05-04,0.10999999940395355,0.10999999940395355,0.10999999940395355,0.10999999940395355,0.10999999940395355,0
2023-05-05,0.10999999940395355,0.10999999940395355,0.10999999940395355,0.10999999940395355,0.10999999940395355,0
2023-05-08,0.10999999940395355,0.10999999940395355,0.10999999940395355,0.10999999940395355,0.10999999940395355,0
2023-05-09,0.10000000149011612,0.10000000149011612,0.10000000149011612,0.10000000149011612,0.10000000149011612,50000
2023-05-10,0.10000000149011612,0.10000000149011612,0.10000000149011612,0.10000000149011612,0.10000000149011612,280000
2023-05-11,0.10000000149011612,0.10000000149011612,0.10000000149011612,0.10000000149011612,0.10000000149011612,0
2023-05-12,0.10000000149011612,0.10000000149011612,0.0949999988079071,0.10000000149011612,0.10000000149011612,120000
2023-05-15,0.09600000083446503,0.09600000083446503,0.09399999678134918,0.09700000286102295,0.09700000286102295,380000
2023-05-16,0.09700000286102295,0.09700000286102295,0.09700000286102295,0.09700000286102295,0.09700000286102295,0
2023-05-17,0.09200000017881393,0.09600000083446503,0.09399999678134918,0.09700000286102295,0.09700000286102295,220000
2023-05-18,0.08799999952316284,0.08799999952316284,0.08799999952316284,0.08799999952316284,0.08799999952316284,0
2023-05-19,0.08799999952316284,0.08799999952316284,0.08799999952316284,0.08900000154972076,0.08900000154972076,34000
2023-05-22,0.08900000154972076,0.08900000154972076,0.08900000154972076,0.08900000154972076,0.08900000154972076,0
2023-05-23,0.08900000154972076,0.08900000154972076,0.08900000154972076,0.08900000154972076,0.08900000154972076,0
2023-05-24,0.08900000154972076,0.08900000154972076,0.08900000154972076,0.08900000154972076,0.08900000154972076,0
2023-05-25,0.08900000154972076,0.08900000154972076,0.08900000154972076,0.08900000154972076,0.08900000154972076,0
2023-05-29,0.08900000154972076,0.08900000154972076,0.08900000154972076,0.08900000154972076,0.08900000154972076,0
2023-05-30,0.08900000154972076,0.08900000154972076,0.08900000154972076,0.08900000154972076,0.08900000154972076,0
2023-05-31,0.0989999994635582,0.10700000077486038,0.09300000220537186,0.10000000149011612,0.10000000149011612,703180
2023-06-01,0.10000000149011612,0.10000000149011612,0.10000000149011612,0.10000000149011612,0.10000000149011612,0
2023-06-02,0.10000000149011612,0.10000000149011612,0.10000000149011612,0.10000000149011612,0.10000000149011612,0
2023-06-05,0.10000000149011612,0.10000000149011612,0.10000000149011612,0.10000000149011612,0.10000000149011612,0
2023-06-06,0.0949999988079071,0.0949999988079071,0.09000000357627869,0.09000000357627869,0.09000000357627869,380000
2023-06-07,0.09099999815225601,0.09099999815225601,0.09099999815225601,0.09099999815225601,0.09099999815225601,0
2023-06-08,0.0860000029206276,0.08699999749660492,0.0860000029206276,0.08799999952316284,0.08799999952316284,80520
2023-06-09,0.10000000149011612,0.10000000149011612,0.08799999952316284,0.08799999952316284,0.08799999952316284,60000
2023-06-12,0.08799999952316284,0.08799999952316284,0.08799999952316284,0.08799999952316284,0.08799999952316284,0
2023-06-13,0.08799999952316284,0.08799999952316284,0.08799999952316284,0.08799999952316284,0.08799999952316284,0
2023-06-14,0.08699999749660492,0.08699999749660492,0.08699999749660492,0.08699999749660492,0.08699999749660492,0
2023-06-15,0.08699999749660492,0.08699999749660492,0.08699999749660492,0.08699999749660492,0.08699999749660492,0
2023-06-16,0.08699999749660492,0.08699999749660492,0.08699999749660492,0.08699999749660492,0.08699999749660492,0
2023-06-19,0.08699999749660492,0.08699999749660492,0.08699999749660492,0.08699999749660492,0.08699999749660492,0
2023-06-20,0.08699999749660492,0.08699999749660492,0.08699999749660492,0.08699999749660492,0.08699999749660492,0
2023-06-21,0.0860000029206276,0.0860000029206276,0.08500000089406967,0.08500000089406967,0.08500000089406967,640000
2023-06-23,0.08500000089406967,0.08500000089406967,0.08500000089406967,0.08500000089406967,0.08500000089406967,0
2023-06-26,0.07699999958276749,0.07699999958276749,0.07599999755620956,0.07599999755620956,0.07599999755620956,130000
2023-06-27,0.07699999958276749,0.08699999749660492,0.07699999958276749,0.08699999749660492,0.08699999749660492,220000
2023-06-28,0.08699999749660492,0.08699999749660492,0.08699999749660492,0.08699999749660492,0.08699999749660492,0
2023-06-29,0.08699999749660492,0.08699999749660492,0.08699999749660492,0.08699999749660492,0.08699999749660492,0
2023-06-30,0.09399999678134918,0.10199999809265137,0.09399999678134918,0.10199999809265137,0.10199999809265137,420000
2023-07-03,0.10199999809265137,0.10199999809265137,0.10199999809265137,0.10199999809265137,0.10199999809265137,0
2023-07-04,0.10199999809265137,0.10199999809265137,0.10199999809265137,0.10199999809265137,0.10199999809265137,0
2023-07-05,0.10199999809265137,0.10199999809265137,0.10199999809265137,0.10199999809265137,0.10199999809265137,0
2023-07-06,0.10199999809265137,0.10199999809265137,0.10199999809265137,0.10199999809265137,0.10199999809265137,0
2023-07-07,0.10199999809265137,0.10199999809265137,0.10199999809265137,0.10199999809265137,0.10199999809265137,0
2023-07-10,0.10199999809265137,0.10199999809265137,0.10199999809265137,0.10199999809265137,0.10199999809265137,0
2023-07-11,0.10199999809265137,0.10199999809265137,0.10199999809265137,0.10199999809265137,0.10199999809265137,0
2023-07-12,0.08900000154972076,0.08900000154972076,0.08900000154972076,0.08900000154972076,0.08900000154972076,24000
2023-07-13,0.09099999815225601,0.09099999815225601,0.09099999815225601,0.09099999815225601,0.09099999815225601,63200
2023-07-14,0.09099999815225601,0.09099999815225601,0.09099999815225601,0.09099999815225601,0.09099999815225601,0
2023-07-18,0.09099999815225601,0.09099999815225601,0.09099999815225601,0.09099999815225601,0.09099999815225601,0
2023-07-19,0.09099999815225601,0.09099999815225601,0.09099999815225601,0.09099999815225601,0.09099999815225601,0
2023-07-20,0.09000000357627869,0.09000000357627869,0.09000000357627869,0.09000000357627869,0.09000000357627869,0
2023-07-21,0.09000000357627869,0.09000000357627869,0.09000000357627869,0.09000000357627869,0.09000000357627869,0
2023-07-24,0.09600000083446503,0.09600000083446503,0.09600000083446503,0.09600000083446503,0.09600000083446503,0
2023-07-25,0.09600000083446503,0.09600000083446503,0.09600000083446503,0.09600000083446503,0.09600000083446503,0
2023-07-26,0.09600000083446503,0.09600000083446503,0.09600000083446503,0.09600000083446503,0.09600000083446503,0
2023-07-27,0.09600000083446503,0.09600000083446503,0.09600000083446503,0.09600000083446503,0.09600000083446503,0
2023-07-28,0.09600000083446503,0.09600000083446503,0.09600000083446503,0.09600000083446503,0.09600000083446503,0
2023-07-31,0.10000000149011612,0.10000000149011612,0.10000000149011612,0.10000000149011612,0.10000000149011612,0
2023-08-01,0.10000000149011612,0.10000000149011612,0.10000000149011612,0.10000000149011612,0.10000000149011612,0
2023-08-02,0.10000000149011612,0.10000000149011612,0.10000000149011612,0.10000000149011612,0.10000000149011612,0
2023-08-03,0.10000000149011612,0.10000000149011612,0.10000000149011612,0.10000000149011612,0.10000000149011612,0
2023-08-04,0.10000000149011612,0.10000000149011612,0.10000000149011612,0.10000000149011612,0.10000000149011612,0
2023-08-07,0.10000000149011612,0.10000000149011612,0.10000000149011612,0.10000000149011612,0.10000000149011612,0
2023-08-08,0.10000000149011612,0.10000000149011612,0.10000000149011612,0.10000000149011612,0.10000000149011612,0
2023-08-09,0.10000000149011612,0.10000000149011612,0.10000000149011612,0.10000000149011612,0.10000000149011612,0
2023-08-10,0.10000000149011612,0.10000000149011612,0.10000000149011612,0.10000000149011612,0.10000000149011612,0
2023-08-11,0.10000000149011612,0.10000000149011612,0.10000000149011612,0.10000000149011612,0.10000000149011612,0
2023-08-14,0.10000000149011612,0.10000000149011612,0.10000000149011612,0.10000000149011612,0.10000000149011612,0
2023-08-15,0.0860000029206276,0.0860000029206276,0.0860000029206276,0.0860000029206276,0.0860000029206276,40000
2023-08-16,0.0989999994635582,0.0989999994635582,0.0989999994635582,0.0989999994635582,0.0989999994635582,0
2023-08-17,0.0989999994635582,0.0989999994635582,0.0989999994635582,0.0989999994635582,0.0989999994635582,0
2023-08-18,0.0989999994635582,0.0989999994635582,0.0989999994635582,0.0989999994635582,0.0989999994635582,0
2023-08-21,0.0989999994635582,0.0989999994635582,0.0989999994635582,0.0989999994635582,0.0989999994635582,0
2023-08-22,0.0989999994635582,0.0989999994635582,0.0989999994635582,0.0989999994635582,0.0989999994635582,0
2023-08-23,0.0989999994635582,0.0989999994635582,0.0989999994635582,0.0989999994635582,0.0989999994635582,0
2023-08-24,0.0989999994635582,0.0989999994635582,0.0989999994635582,0.0989999994635582,0.0989999994635582,0
2023-08-25,0.08299999684095383,0.0860000029206276,0.08299999684095383,0.09000000357627869,0.09000000357627869,60000
2023-08-28,0.09000000357627869,0.09300000220537186,0.09000000357627869,0.09600000083446503,0.09600000083446503,42000
2023-08-29,0.09600000083446503,0.09600000083446503,0.09600000083446503,0.09600000083446503,0.09600000083446503,0
2023-08-30,0.09600000083446503,0.09600000083446503,0.09600000083446503,0.09600000083446503,0.09600000083446503,0
2023-08-31,0.09700000286102295,0.09700000286102295,0.09700000286102295,0.09700000286102295,0.09700000286102295,0
2023-09-04,0.09700000286102295,0.09700000286102295,0.09700000286102295,0.09700000286102295,0.09700000286102295,0
2023-09-05,0.09700000286102295,0.09700000286102295,0.09700000286102295,0.09700000286102295,0.09700000286102295,0
2023-09-06,0.10000000149011612,0.10000000149011612,0.10000000149011612,0.10000000149011612,0.10000000149011612,0
2023-09-07,0.08500000089406967,0.08500000089406967,0.08500000089406967,0.10000000149011612,0.10000000149011612,20000
2023-09-11,0.10000000149011612,0.10000000149011612,0.10000000149011612,0.10000000149011612,0.10000000149011612,0
2023-09-12,0.10000000149011612,0.10000000149011612,0.10000000149011612,0.10000000149011612,0.10000000149011612,0
2023-09-13,0.10100000351667404,0.10100000351667404,0.10100000351667404,0.10100000351667404,0.10100000351667404,34100
2023-09-14,0.10199999809265137,0.10199999809265137,0.10199999809265137,0.10199999809265137,0.10199999809265137,20000
2023-09-15,0.10499999672174454,0.10499999672174454,0.10499999672174454,0.10499999672174454,0.10499999672174454,20000
2023-09-18,0.1080000028014183,0.1080000028014183,0.1080000028014183,0.1080000028014183,0.1080000028014183,20080
2023-09-19,0.1080000028014183,0.1080000028014183,0.1080000028014183,0.1080000028014183,0.1080000028014183,0
2023-09-20,0.1080000028014183,0.1080000028014183,0.1080000028014183,0.1080000028014183,0.1080000028014183,0
2023-09-21,0.1080000028014183,0.1080000028014183,0.1080000028014183,0.1080000028014183,0.1080000028014183,0
2023-09-22,0.1080000028014183,0.1080000028014183,0.1080000028014183,0.1080000028014183,0.1080000028014183,0
2023-09-25,0.09000000357627869,0.09200000017881393,0.09000000357627869,0.09200000017881393,0.09200000017881393,40000
2023-09-26,0.09200000017881393,0.09200000017881393,0.09200000017881393,0.09200000017881393,0.09200000017881393,0
2023-09-27,0.09200000017881393,0.09200000017881393,0.09200000017881393,0.09200000017881393,0.09200000017881393,0
2023-09-28,0.09200000017881393,0.09200000017881393,0.09200000017881393,0.09200000017881393,0.09200000017881393,0
2023-09-29,0.09200000017881393,0.09200000017881393,0.09200000017881393,0.09200000017881393,0.09200000017881393,0
2023-10-03,0.09200000017881393,0.09200000017881393,0.09200000017881393,0.09200000017881393,0.09200000017881393,0
2023-10-04,0.09799999743700027,0.09799999743700027,0.09799999743700027,0.09799999743700027,0.09799999743700027,0
2023-10-05,0.10700000077486038,0.22200000286102295,0.1080000028014183,0.1599999964237213,0.1599999964237213,6269200
2023-10-06,0.15000000596046448,0.1899999976158142,0.12600000202655792,0.12999999523162842,0.12999999523162842,1119900
2023-10-09,0.12999999523162842,0.12999999523162842,0.12999999523162842,0.12999999523162842,0.12999999523162842,0
2023-10-10,0.11100000143051147,0.12300000339746475,0.11100000143051147,0.12300000339746475,0.12300000339746475,60000
2023-10-11,0.12099999934434891,0.12200000137090683,0.12099999934434891,0.12200000137090683,0.12200000137090683,90000
2023-10-12,0.12200000137090683,0.12200000137090683,0.12200000137090683,0.12200000137090683,0.12200000137090683,20000
2023-10-13,0.12099999934434891,0.12099999934434891,0.12099999934434891,0.12099999934434891,0.12099999934434891,0
2023-10-16,0.11900000274181366,0.11900000274181366,0.11900000274181366,0.11900000274181366,0.11900000274181366,0
2023-10-17,0.10400000214576721,0.1120000034570694,0.10300000011920929,0.10499999672174454,0.10499999672174454,681000
2023-10-18,0.10499999672174454,0.10499999672174454,0.10499999672174454,0.10499999672174454,0.10499999672174454,100000
2023-10-19,0.10499999672174454,0.10499999672174454,0.10499999672174454,0.10499999672174454,0.10499999672174454,0
2023-10-20,0.1080000028014183,0.1080000028014183,0.1080000028014183,0.1080000028014183,0.1080000028014183,0
2023-10-24,0.10400000214576721,0.10400000214576721,0.10400000214576721,0.10999999940395355,0.10999999940395355,60000
2023-10-25,0.10999999940395355,0.10999999940395355,0.10999999940395355,0.10999999940395355,0.10999999940395355,0
2023-10-26,0.10999999940395355,0.10999999940395355,0.10999999940395355,0.10999999940395355,0.10999999940395355,0
2023-10-27,0.13300000131130219,0.16699999570846558,0.12999999523162842,0.164000004529953,0.164000004529953,4963000
2023-10-30,0.164000004529953,0.164000004529953,0.1420000046491623,0.14399999380111694,0.14399999380111694,230000
2023-10-31,0.1420000046491623,0.1420000046491623,0.1420000046491623,0.1420000046491623,0.1420000046491623,77500
2023-11-01,0.12099999934434891,0.14000000059604645,0.11999999731779099,0.12700000405311584,0.12700000405311584,498600
2023-11-02,0.12700000405311584,0.20000000298023224,0.12700000405311584,0.17000000178813934,0.17000000178813934,4600000
2023-11-03,0.16500000655651093,0.16500000655651093,0.16500000655651093,0.16500000655651093,0.16500000655651093,0
2023-11-06,0.1420000046491623,0.14499999582767487,0.1420000046491623,0.14499999582767487,0.14499999582767487,180000
2023-11-07,0.16500000655651093,0.16500000655651093,0.16500000655651093,0.16500000655651093,0.16500000655651093,0
2023-11-08,0.15000000596046448,0.15000000596046448,0.15000000596046448,0.15000000596046448,0.15000000596046448,32300
2023-11-09,0.15000000596046448,0.15000000596046448,0.15000000596046448,0.15000000596046448,0.15000000596046448,0
2023-11-10,0.15000000596046448,0.15000000596046448,0.15000000596046448,0.15000000596046448,0.15000000596046448,0
2023-11-13,0.15000000596046448,0.15000000596046448,0.15000000596046448,0.15000000596046448,0.15000000596046448,0
2023-11-14,0.15000000596046448,0.20900000631809235,0.13099999725818634,0.19499999284744263,0.19499999284744263,10184000
2023-11-15,0.1899999976158142,0.1899999976158142,0.14100000262260437,0.17000000178813934,0.17000000178813934,3080000
2023-11-16,0.17000000178813934,0.17000000178813934,0.17000000178813934,0.17000000178813934,0.17000000178813934,0
2023-11-17,0.15000000596046448,0.15700000524520874,0.14900000393390656,0.15700000524520874,0.15700000524520874,141000
2023-11-20,0.15000000596046448,0.164000004529953,0.15000000596046448,0.164000004529953,0.164000004529953,200000
2023-11-21,0.164000004529953,0.1679999977350235,0.164000004529953,0.1679999977350235,0.1679999977350235,160000
2023-11-22,0.1550000011920929,0.164000004529953,0.1550000011920929,0.164000004529953,0.164000004529953,60000
2023-11-23,0.15600000321865082,0.15600000321865082,0.15600000321865082,0.15600000321865082,0.15600000321865082,0
2023-11-24,0.1589999943971634,0.1599999964237213,0.14399999380111694,0.1459999978542328,0.1459999978542328,146000
2023-11-27,0.1459999978542328,0.1459999978542328,0.1459999978542328,0.1459999978542328,0.1459999978542328,0
2023-11-28,0.1459999978542328,0.1459999978542328,0.1459999978542328,0.1459999978542328,0.1459999978542328,0
2023-11-29,0.1459999978542328,0.1459999978542328,0.1459999978542328,0.1459999978542328,0.1459999978542328,100000
2023-11-30,0.16300000250339508,0.16300000250339508,0.16300000250339508,0.16300000250339508,0.16300000250339508,0
2023-12-01,0.16300000250339508,0.16300000250339508,0.16300000250339508,0.16300000250339508,0.16300000250339508,0
2023-12-04,0.16300000250339508,0.16300000250339508,0.16300000250339508,0.16300000250339508,0.16300000250339508,0
2023-12-05,0.1469999998807907,0.1469999998807907,0.14499999582767487,0.14499999582767487,0.14499999582767487,241000
2023-12-06,0.14499999582767487,0.14499999582767487,0.14499999582767487,0.14499999582767487,0.14499999582767487,0
2023-12-07,0.14499999582767487,0.14499999582767487,0.14499999582767487,0.14499999582767487,0.14499999582767487,40000
2023-12-08,0.14499999582767487,0.14499999582767487,0.14499999582767487,0.14499999582767487,0.14499999582767487,0
2023-12-11,0.14499999582767487,0.14499999582767487,0.14499999582767487,0.14399999380111694,0.14399999380111694,20000
2023-12-12,0.14399999380111694,0.14399999380111694,0.14399999380111694,0.14399999380111694,0.14399999380111694,0
2023-12-13,0.14399999380111694,0.14399999380111694,0.14000000059604645,0.14000000059604645,0.14000000059604645,40000
2023-12-14,0.14000000059604645,0.14000000059604645,0.14000000059604645,0.14000000059604645,0.14000000059604645,0
2023-12-15,0.14000000059604645,0.14000000059604645,0.14000000059604645,0.14000000059604645,0.14000000059604645,0
2023-12-18,0.14000000059604645,0.14000000059604645,0.14000000059604645,0.14000000059604645,0.14000000059604645,0
2023-12-19,0.14000000059604645,0.14000000059604645,0.14000000059604645,0.14000000059604645,0.14000000059604645,0
2023-12-20,0.14000000059604645,0.14000000059604645,0.14000000059604645,0.14000000059604645,0.14000000059604645,0
2023-12-21,0.14000000059604645,0.14000000059604645,0.14000000059604645,0.14000000059604645,0.14000000059604645,0
2023-12-22,0.14000000059604645,0.14000000059604645,0.14000000059604645,0.14000000059604645,0.14000000059604645,0
2023-12-27,0.14000000059604645,0.14000000059604645,0.14000000059604645,0.14000000059604645,0.14000000059604645,0
2023-12-28,0.13500000536441803,0.14399999380111694,0.13500000536441803,0.14399999380111694,0.14399999380111694,241000
2023-12-29,0.14399999380111694,0.14399999380111694,0.14399999380111694,0.14399999380111694,0.14399999380111694,0
2024-01-02,0.14399999380111694,0.14399999380111694,0.14399999380111694,0.14399999380111694,0.14399999380111694,0
2024-01-03,0.14399999380111694,0.14399999380111694,0.14399999380111694,0.14399999380111694,0.14399999380111694,0
2024-01-04,0.14399999380111694,0.14399999380111694,0.14399999380111694,0.14399999380111694,0.14399999380111694,0
2024-01-05,0.14399999380111694,0.14399999380111694,0.14399999380111694,0.14399999380111694,0.14399999380111694,0
2024-01-08,0.14399999380111694,0.14399999380111694,0.14399999380111694,0.14399999380111694,0.14399999380111694,0
2024-01-09,0.14399999380111694,0.14399999380111694,0.14399999380111694,0.14399999380111694,0.14399999380111694,0
2024-01-10,0.14399999380111694,0.14399999380111694,0.14399999380111694,0.14399999380111694,0.14399999380111694,0
2024-01-11,0.14399999380111694,0.14399999380111694,0.14399999380111694,0.14399999380111694,0.14399999380111694,0
2024-01-12,0.14399999380111694,0.14399999380111694,0.14399999380111694,0.14399999380111694,0.14399999380111694,0
2024-01-15,0.14399999380111694,0.14399999380111694,0.14399999380111694,0.14399999380111694,0.14399999380111694,0
2024-01-16,0.14399999380111694,0.14399999380111694,0.14399999380111694,0.14399999380111694,0.14399999380111694,0
2024-01-17,0.14399999380111694,0.14399999380111694,0.14399999380111694,0.14399999380111694,0.14399999380111694,0
2024-01-18,0.14399999380111694,0.14399999380111694,0.14399999380111694,0.14399999380111694,0.14399999380111694,0
2024-01-19,0.14399999380111694,0.14399999380111694,0.14399999380111694,0.14399999380111694,0.14399999380111694,0
2024-01-22,0.14399999380111694,0.14399999380111694,0.14399999380111694,0.14399999380111694,0.14399999380111694,0
2024-01-23,0.14399999380111694,0.14399999380111694,0.14399999380111694,0.14399999380111694,0.14399999380111694,0
2024-01-24,0.14399999380111694,0.14399999380111694,0.14399999380111694,0.14399999380111694,0.14399999380111694,0
2024-01-25,0.14399999380111694,0.14399999380111694,0.14399999380111694,0.14399999380111694,0.14399999380111694,0
2024-01-26,0.14399999380111694,0.14399999380111694,0.14399999380111694,0.14399999380111694,0.14399999380111694,0
2024-01-29,0.14399999380111694,0.14399999380111694,0.14399999380111694,0.14399999380111694,0.14399999380111694,0
2024-01-30,0.1589999943971634,0.1589999943971634,0.1589999943971634,0.1509999930858612,0.1509999930858612,22200
2024-01-31,0.1509999930858612,0.1509999930858612,0.1509999930858612,0.1509999930858612,0.1509999930858612,0
2024-02-01,0.1509999930858612,0.1509999930858612,0.1509999930858612,0.1509999930858612,0.1509999930858612,0
2024-02-02,0.1509999930858612,0.1509999930858612,0.1509999930858612,0.1509999930858612,0.1509999930858612,0
2024-02-05,0.1509999930858612,0.1509999930858612,0.1509999930858612,0.1509999930858612,0.1509999930858612,0
2024-02-06,0.1509999930858612,0.1509999930858612,0.1509999930858612,0.1509999930858612,0.1509999930858612,0
2024-02-07,0.1509999930858612,0.1509999930858612,0.1509999930858612,0.1509999930858612,0.1509999930858612,0
2024-02-08,0.1509999930858612,0.1509999930858612,0.1509999930858612,0.1509999930858612,0.1509999930858612,0
2024-02-09,0.1509999930858612,0.1509999930858612,0.1509999930858612,0.1509999930858612,0.1509999930858612,0
2024-02-14,0.1509999930858612,0.1509999930858612,0.1509999930858612,0.1509999930858612,0.1509999930858612,0
2024-02-15,0.1509999930858612,0.1509999930858612,0.1509999930858612,0.1509999930858612,0.1509999930858612,0
2024-02-16,0.1509999930858612,0.1509999930858612,0.1509999930858612,0.1509999930858612,0.1509999930858612,0
2024-02-19,0.1509999930858612,0.1509999930858612,0.1509999930858612,0.1509999930858612,0.1509999930858612,0
2024-02-20,0.1509999930858612,0.1509999930858612,0.1509999930858612,0.1509999930858612,0.1509999930858612,0
2024-02-21,0.15000000596046448,0.15000000596046448,0.15000000596046448,0.15000000596046448,0.15000000596046448,0
2024-02-22,0.15000000596046448,0.15000000596046448,0.15000000596046448,0.15000000596046448,0.15000000596046448,0
2024-02-23,0.1469999998807907,0.1469999998807907,0.1469999998807907,0.1469999998807907,0.1469999998807907,0
2024-02-26,0.1459999978542328,0.1459999978542328,0.1459999978542328,0.1459999978542328,0.1459999978542328,0
2024-02-27,0.1459999978542328,0.1459999978542328,0.1459999978542328,0.1459999978542328,0.1459999978542328,0
2024-02-28,0.14399999380111694,0.14399999380111694,0.14399999380111694,0.14399999380111694,0.14399999380111694,0
2024-02-29,0.14399999380111694,0.14399999380111694,0.14399999380111694,0.14399999380111694,0.14399999380111694,0
2024-03-01,0.14399999380111694,0.14399999380111694,0.14399999380111694,0.14399999380111694,0.14399999380111694,0
2024-03-04,0.14399999380111694,0.14399999380111694,0.14399999380111694,0.14399999380111694,0.14399999380111694,0
2024-03-05,0.14399999380111694,0.14399999380111694,0.14399999380111694,0.14399999380111694,0.14399999380111694,0
2024-03-06,0.14399999380111694,0.14399999380111694,0.14399999380111694,0.14399999380111694,0.14399999380111694,0
2024-03-07,0.14399999380111694,0.14399999380111694,0.14399999380111694,0.14399999380111694,0.14399999380111694,0
2024-03-08,0.14100000262260437,0.14100000262260437,0.14100000262260437,0.14499999582767487,0.14499999582767487,20000
2024-03-11,0.14499999582767487,0.14499999582767487,0.14499999582767487,0.14499999582767487,0.14499999582767487,60000
2024-03-12,0.14499999582767487,0.14499999582767487,0.13899999856948853,0.13899999856948853,0.13899999856948853,100000
2024-03-13,0.13899999856948853,0.13899999856948853,0.13899999856948853,0.13899999856948853,0.13899999856948853,0
2024-03-14,0.14100000262260437,0.14100000262260437,0.13699999451637268,0.13699999451637268,0.13699999451637268,80000
2024-03-15,0.13699999451637268,0.13699999451637268,0.13699999451637268,0.13699999451637268,0.13699999451637268,0
2024-03-18,0.12999999523162842,0.13099999725818634,0.12999999523162842,0.13099999725818634,0.13099999725818634,130000
2024-03-19,0.13099999725818634,0.13099999725818634,0.13099999725818634,0.13099999725818634,0.13099999725818634,0
2024-03-20,0.13099999725818634,0.13099999725818634,0.13099999725818634,0.13099999725818634,0.13099999725818634,60000
2024-03-21,0.12999999523162842,0.12999999523162842,0.12999999523162842,0.12999999523162842,0.12999999523162842,20000
2024-03-22,0.12999999523162842,0.12999999523162842,0.12999999523162842,0.12999999523162842,0.12999999523162842,0
2024-03-25,0.12999999523162842,0.12999999523162842,0.12999999523162842,0.12999999523162842,0.12999999523162842,0
2024-03-26,0.14900000393390656,0.14900000393390656,0.14900000393390656,0.14900000393390656,0.14900000393390656,25000
2024-03-27,0.10599999874830246,0.10599999874830246,0.10599999874830246,0.12999999523162842,0.12999999523162842,20000
2024-03-28,0.13300000131130219,0.13300000131130219,0.13300000131130219,0.13300000131130219,0.13300000131130219,0
2024-04-02,0.13300000131130219,0.13300000131130219,0.13300000131130219,0.13300000131130219,0.13300000131130219,0
2024-04-03,0.13300000131130219,0.13300000131130219,0.13300000131130219,0.13300000131130219,0.13300000131130219,0
2024-04-05,0.13300000131130219,0.13300000131130219,0.13300000131130219,0.13300000131130219,0.13300000131130219,0
2024-04-08,0.12999999523162842,0.12999999523162842,0.12999999523162842,0.12999999523162842,0.12999999523162842,0
2024-04-09,0.11100000143051147,0.12399999797344208,0.11100000143051147,0.12399999797344208,0.12399999797344208,42000
2024-04-10,0.12399999797344208,0.12399999797344208,0.12399999797344208,0.12399999797344208,0.12399999797344208,0
2024-04-11,0.12399999797344208,0.1379999965429306,0.12399999797344208,0.1379999965429306,0.1379999965429306,55300
2024-04-12,0.1379999965429306,0.1379999965429306,0.1379999965429306,0.1379999965429306,0.1379999965429306,0
2024-04-15,0.1379999965429306,0.1379999965429306,0.1379999965429306,0.1379999965429306,0.1379999965429306,0
2024-04-16,0.1379999965429306,0.1379999965429306,0.1379999965429306,0.1379999965429306,0.1379999965429306,0
2024-04-17,0.1379999965429306,0.1379999965429306,0.1379999965429306,0.1379999965429306,0.1379999965429306,0
2024-04-18,0.1379999965429306,0.1379999965429306,0.1379999965429306,0.1379999965429306,0.1379999965429306,0
2024-04-19,0.1379999965429306,0.1379999965429306,0.1379999965429306,0.1379999965429306,0.1379999965429306,0
2024-04-22,0.1379999965429306,0.1379999965429306,0.1379999965429306,0.1379999965429306,0.1379999965429306,0
2024-04-23,0.11699999868869781,0.11699999868869781,0.11500000208616257,0.11500000208616257,0.11500000208616257,100000
2024-04-24,0.10100000351667404,0.10100000351667404,0.0949999988079071,0.0949999988079071,0.0949999988079071,82800
2024-04-25,0.09000000357627869,0.09000000357627869,0.08299999684095383,0.08500000089406967,0.08500000089406967,350000
2024-04-26,0.0820000022649765,0.10000000149011612,0.07599999755620956,0.10000000149011612,0.10000000149011612,335000
2024-04-29,0.10000000149011612,0.10000000149011612,0.10000000149011612,0.10000000149011612,0.10000000149011612,0
2024-04-30,0.10000000149011612,0.10000000149011612,0.08699999749660492,0.10000000149011612,0.10000000149011612,140000
2024-05-02,0.1080000028014183,0.2800000011920929,0.1080000028014183,0.17800000309944153,0.17800000309944153,700000
2024-05-03,0.14499999582767487,0.1509999930858612,0.14499999582767487,0.14499999582767487,0.14499999582767487,260000
2024-05-06,0.14499999582767487,0.14499999582767487,0.14499999582767487,0.14499999582767487,0.14499999582767487,0
2024-05-07,0.1120000034570694,0.12399999797344208,0.09099999815225601,0.11400000005960464,0.11400000005960464,420000
2024-05-08,0.10999999940395355,0.10999999940395355,0.10999999940395355,0.10999999940395355,0.10999999940395355,32500
2024-05-09,0.11500000208616257,0.12200000137090683,0.11500000208616257,0.12200000137090683,0.12200000137090683,80000
2024-05-10,0.12200000137090683,0.12200000137090683,0.12200000137090683,0.12200000137090683,0.12200000137090683,0
2024-05-13,0.12200000137090683,0.12200000137090683,0.12200000137090683,0.12200000137090683,0.12200000137090683,0
2024-05-14,0.12200000137090683,0.12200000137090683,0.12200000137090683,0.12200000137090683,0.12200000137090683,0
2024-05-16,0.1289999932050705,0.1289999932050705,0.1289999932050705,0.1289999932050705,0.1289999932050705,20000
2024-05-17,0.13500000536441803,0.13500000536441803,0.13500000536441803,0.13500000536441803,0.13500000536441803,20300
2024-05-20,0.1589999943971634,0.1589999943971634,0.1589999943971634,0.1589999943971634,0.1589999943971634,20000
2024-05-21,0.1550000011920929,0.1550000011920929,0.1550000011920929,0.1550000011920929,0.1550000011920929,0
2024-05-22,0.1550000011920929,0.1550000011920929,0.1550000011920929,0.1550000011920929,0.1550000011920929,0
2024-05-23,0.15000000596046448,0.15000000596046448,0.15000000596046448,0.15000000596046448,0.15000000596046448,0
2024-05-24,0.14000000059604645,0.14000000059604645,0.14000000059604645,0.14000000059604645,0.14000000059604645,20000
2024-05-27,0.14000000059604645,0.14000000059604645,0.14000000059604645,0.14000000059604645,0.14000000059604645,0
2024-05-28,0.14000000059604645,0.14000000059604645,0.14000000059604645,0.14000000059604645,0.14000000059604645,0
2024-05-29,0.14000000059604645,0.14000000059604645,0.14000000059604645,0.14000000059604645,0.14000000059604645,0
2024-05-30,0.14000000059604645,0.14000000059604645,0.14000000059604645,0.14000000059604645,0.14000000059604645,0
2024-05-31,0.10100000351667404,0.12200000137090683,0.10000000149011612,0.12200000137090683,0.12200000137090683,60000
2024-06-03,0.12200000137090683,0.12200000137090683,0.12200000137090683,0.12200000137090683,0.12200000137090683,0
2024-06-04,0.12200000137090683,0.12200000137090683,0.12200000137090683,0.12200000137090683,0.12200000137090683,0
2024-06-05,0.12200000137090683,0.12200000137090683,0.12200000137090683,0.12200000137090683,0.12200000137090683,0
2024-06-06,0.12999999523162842,0.12999999523162842,0.12999999523162842,0.12999999523162842,0.12999999523162842,0
2024-06-07,0.11599999666213989,0.125,0.11599999666213989,0.125,0.125,40840
2024-06-11,0.125,0.125,0.125,0.125,0.125,0
2024-06-12,0.125,0.125,0.125,0.125,0.125,0
2024-06-13,0.125,0.125,0.125,0.125,0.125,0
2024-06-14,0.125,0.125,0.125,0.125,0.125,0
2024-06-17,0.125,0.125,0.125,0.125,0.125,0
2024-06-18,0.125,0.125,0.125,0.125,0.125,0
2024-06-19,0.125,0.125,0.125,0.125,0.125,0
2024-06-20,0.125,0.125,0.125,0.125,0.125,0
2024-06-21,0.125,0.125,0.125,0.125,0.125,0
2024-06-24,0.125,0.125,0.125,0.125,0.125,0
2024-06-25,0.125,0.125,0.125,0.125,0.125,0
2024-06-26,0.125,0.125,0.125,0.125,0.125,0
2024-06-27,0.125,0.125,0.125,0.125,0.125,0
2024-06-28,0.125,0.125,0.125,0.125,0.125,0
2024-07-02,0.10599999874830246,0.10599999874830246,0.10300000011920929,0.10300000011920929,0.10300000011920929,80000
2024-07-03,0.10300000011920929,0.10300000011920929,0.10300000011920929,0.10300000011920929,0.10300000011920929,0
2024-07-04,0.09700000286102295,0.10300000011920929,0.09700000286102295,0.10300000011920929,0.10300000011920929,240000
2024-07-08,0.09600000083446503,0.09600000083446503,0.09600000083446503,0.09600000083446503,0.09600000083446503,0
2024-07-09,0.10300000011920929,0.10300000011920929,0.10199999809265137,0.10300000011920929,0.10300000011920929,361200
2024-07-10,0.10300000011920929,0.10300000011920929,0.10300000011920929,0.10300000011920929,0.10300000011920929,0
2024-07-11,0.10300000011920929,0.10300000011920929,0.10300000011920929,0.10300000011920929,0.10300000011920929,0
2024-07-12,0.10300000011920929,0.10300000011920929,0.10300000011920929,0.10300000011920929,0.10300000011920929,0
2024-07-15,0.10300000011920929,0.10300000011920929,0.10300000011920929,0.10300000011920929,0.10300000011920929,0
2024-07-16,0.10300000011920929,0.10300000011920929,0.10300000011920929,0.10300000011920929,0.10300000011920929,0
2024-07-17,0.10300000011920929,0.10300000011920929,0.10300000011920929,0.10300000011920929,0.10300000011920929,0
2024-07-18,0.10300000011920929,0.10300000011920929,0.10300000011920929,0.10300000011920929,0.10300000011920929,0
2024-07-19,0.10000000149011612,0.10000000149011612,0.10000000149011612,0.10000000149011612,0.10000000149011612,26000
2024-07-22,0.10000000149011612,0.10000000149011612,0.10000000149011612,0.10000000149011612,0.10000000149011612,0
2024-07-23,0.10000000149011612,0.10000000149011612,0.10000000149011612,0.10000000149011612,0.10000000149011612,0
2024-07-24,0.10199999809265137,0.10199999809265137,0.10199999809265137,0.10199999809265137,0.10199999809265137,0
2024-07-25,0.10199999809265137,0.10199999809265137,0.10199999809265137,0.10199999809265137,0.10199999809265137,0
2024-07-26,0.10000000149011612,0.10000000149011612,0.10000000149011612,0.10199999809265137,0.10199999809265137,244000
2024-07-29,0.10000000149011612,0.10000000149011612,0.10000000149011612,0.10000000149011612,0.10000000149011612,80000
2024-07-30,0.10000000149011612,0.10000000149011612,0.10000000149011612,0.10000000149011612,0.10000000149011612,0
2024-07-31,0.10000000149011612,0.10000000149011612,0.10000000149011612,0.10000000149011612,0.10000000149011612,420000
2024-08-01,0.10000000149011612,0.10000000149011612,0.10000000149011612,0.10000000149011612,0.10000000149011612,40000
2024-08-02,0.10000000149011612,0.10000000149011612,0.10000000149011612,0.10000000149011612,0.10000000149011612,0
2024-08-05,0.10000000149011612,0.10000000149011612,0.10000000149011612,0.10000000149011612,0.10000000149011612,0
2024-08-06,0.10000000149011612,0.10000000149011612,0.10000000149011612,0.10000000149011612,0.10000000149011612,0
2024-08-07,0.10000000149011612,0.10000000149011612,0.10000000149011612,0.10000000149011612,0.10000000149011612,0
2024-08-08,0.10000000149011612,0.10000000149011612,0.10000000149011612,0.10000000149011612,0.10000000149011612,0
2024-08-09,0.10000000149011612,0.10000000149011612,0.10000000149011612,0.10000000149011612,0.10000000149011612,0
2024-08-12,0.10000000149011612,0.10000000149011612,0.10000000149011612,0.10000000149011612,0.10000000149011612,0
2024-08-13,0.10000000149011612,0.10000000149011612,0.10000000149011612,0.10000000149011612,0.10000000149011612,0
2024-08-14,0.10000000149011612,0.10000000149011612,0.10000000149011612,0.10000000149011612,0.10000000149011612,0
2024-08-15,0.10000000149011612,0.10000000149011612,0.10000000149011612,0.10000000149011612,0.10000000149011612,0
2024-08-16,0.10000000149011612,0.10000000149011612,0.10000000149011612,0.10000000149011612,0.10000000149011612,0
2024-08-19,0.10000000149011612,0.10000000149011612,0.10000000149011612,0.10000000149011612,0.10000000149011612,0
2024-08-20,0.10000000149011612,0.10000000149011612,0.10000000149011612,0.10000000149011612,0.10000000149011612,0
2024-08-21,0.10000000149011612,0.10000000149011612,0.10000000149011612,0.10000000149011612,0.10000000149011612,0
2024-08-22,0.10000000149011612,0.10000000149011612,0.10000000149011612,0.10000000149011612,0.10000000149011612,0
2024-08-23,0.10000000149011612,0.10000000149011612,0.10000000149011612,0.10000000149011612,0.10000000149011612,0
2024-08-26,0.10000000149011612,0.10000000149011612,0.10000000149011612,0.10000000149011612,0.10000000149011612,0
2024-08-27,0.09600000083446503,0.09600000083446503,0.09600000083446503,0.09600000083446503,0.09600000083446503,0
2024-08-28,0.08699999749660492,0.08699999749660492,0.08699999749660492,0.08699999749660492,0.08699999749660492,0
2024-08-29,0.0860000029206276,0.0860000029206276,0.0820000022649765,0.0820000022649765,0.0820000022649765,81500
2024-08-30,0.08699999749660492,0.08699999749660492,0.08699999749660492,0.08699999749660492,0.08699999749660492,25800
2024-09-02,0.08699999749660492,0.08699999749660492,0.08699999749660492,0.08699999749660492,0.08699999749660492,0
2024-09-03,0.08699999749660492,0.08699999749660492,0.08699999749660492,0.08699999749660492,0.08699999749660492,0
2024-09-04,0.07999999821186066,0.07999999821186066,0.07999999821186066,0.07999999821186066,0.07999999821186066,0
2024-09-05,0.07999999821186066,0.07999999821186066,0.07999999821186066,0.07999999821186066,0.07999999821186066,0
2024-09-09,0.07999999821186066,0.07999999821186066,0.07999999821186066,0.07999999821186066,0.07999999821186066,0
2024-09-10,0.07999999821186066,0.07999999821186066,0.07999999821186066,0.07999999821186066,0.07999999821186066,0
2024-09-11,0.07999999821186066,0.07999999821186066,0.07999999821186066,0.07999999821186066,0.07999999821186066,0
2024-09-12,0.07999999821186066,0.07999999821186066,0.07999999821186066,0.07999999821186066,0.07999999821186066,0
2024-09-13,0.07999999821186066,0.07999999821186066,0.07999999821186066,0.07999999821186066,0.07999999821186066,0
2024-09-16,0.07999999821186066,0.07999999821186066,0.07999999821186066,0.07999999821186066,0.07999999821186066,0
2024-09-17,0.07999999821186066,0.07999999821186066,0.07999999821186066,0.07999999821186066,0.07999999821186066,0
2024-09-19,0.07999999821186066,0.07999999821186066,0.07999999821186066,0.07999999821186066,0.07999999821186066,0
2024-09-20,0.07999999821186066,0.07999999821186066,0.07999999821186066,0.07999999821186066,0.07999999821186066,0
2024-09-23,0.07999999821186066,0.07999999821186066,0.07999999821186066,0.07999999821186066,0.07999999821186066,0
2024-09-24,0.07999999821186066,0.07999999821186066,0.07999999821186066,0.07999999821186066,0.07999999821186066,0
2024-09-25,0.07699999958276749,0.07699999958276749,0.07699999958276749,0.07699999958276749,0.07699999958276749,140000
2024-09-26,0.07800000160932541,0.08100000023841858,0.07800000160932541,0.08100000023841858,0.08100000023841858,141000
2024-09-27,0.06800000369548798,0.07500000298023224,0.06800000369548798,0.06800000369548798,0.06800000369548798,1440000
2024-09-30,0.0689999982714653,0.07699999958276749,0.054999999701976776,0.07400000095367432,0.07400000095367432,389400
2024-10-02,0.07400000095367432,0.07400000095367432,0.07400000095367432,0.07400000095367432,0.07400000095367432,0
2024-10-03,0.07400000095367432,0.07400000095367432,0.07400000095367432,0.07400000095367432,0.07400000095367432,0
2024-10-04,0.07400000095367432,0.07400000095367432,0.07400000095367432,0.07400000095367432,0.07400000095367432,0
