Date,Open,High,Low,Close,Adj Close,Volume
2005-09-29,235.3852081298828,241.74696350097656,187.67198181152344,190.8528594970703,155.5402069091797,125
2005-09-30,194.03375244140625,206.7572784423828,194.03375244140625,206.7572784423828,168.5019073486328,48
2005-10-03,203.57638549804688,206.7572784423828,194.03375244140625,197.21463012695312,160.72488403320312,20
2005-10-04,197.21463012695312,197.21463012695312,190.8528594970703,190.8528594970703,155.5402069091797,26
2005-10-05,190.8528594970703,194.03375244140625,171.767578125,178.1293487548828,145.17088317871094,66
2005-10-06,181.3102264404297,190.8528594970703,181.3102264404297,190.8528594970703,155.5402069091797,32
2005-10-07,190.8528594970703,190.8528594970703,181.3102264404297,190.8528594970703,155.5402069091797,28
2005-10-10,187.67198181152344,200.3955078125,184.49110412597656,187.67198181152344,152.9478759765625,30
2005-10-12,190.8528594970703,194.03375244140625,187.67198181152344,190.8528594970703,155.5402069091797,26
2005-10-13,187.67198181152344,190.8528594970703,184.49110412597656,187.67198181152344,152.9478759765625,8
2005-10-14,184.49110412597656,184.49110412597656,181.3102264404297,184.49110412597656,150.35552978515625,4
2005-10-17,184.49110412597656,184.49110412597656,181.3102264404297,181.3102264404297,147.76321411132812,5
2005-10-18,178.1293487548828,181.3102264404297,162.2249298095703,168.58670043945312,137.3938446044922,21
2005-10-19,168.58670043945312,168.58670043945312,165.40582275390625,168.58670043945312,137.3938446044922,4
2005-10-20,168.58670043945312,174.94845581054688,168.58670043945312,171.767578125,139.9862060546875,5
2005-10-21,171.767578125,171.767578125,159.04405212402344,165.40582275390625,134.80154418945312,8
2005-10-24,159.04405212402344,165.40582275390625,143.1396484375,155.86317443847656,127.0245132446289,15
2005-10-25,159.04405212402344,159.04405212402344,149.5014190673828,155.86317443847656,127.0245132446289,9
2005-10-26,155.86317443847656,155.86317443847656,143.1396484375,152.6822967529297,124.43217468261719,19
2005-10-27,146.32052612304688,149.5014190673828,120.87348175048828,124.05435943603516,101.10113525390625,18
2005-10-28,111.33084106445312,162.2249298095703,95.42642974853516,159.04405212402344,129.61685180664062,80
2005-10-31,159.04405212402344,162.2249298095703,149.5014190673828,152.6822967529297,124.43217468261719,10
2005-11-01,152.6822967529297,159.04405212402344,149.5014190673828,155.86317443847656,127.0245132446289,5
2005-11-02,146.32052612304688,155.86317443847656,146.32052612304688,149.5014190673828,121.83983612060547,5
2005-11-03,155.86317443847656,155.86317443847656,152.6822967529297,155.86317443847656,127.0245132446289,5
2005-11-04,159.04405212402344,159.04405212402344,152.6822967529297,159.04405212402344,129.61685180664062,6
2005-11-07,165.40582275390625,165.40582275390625,159.04405212402344,162.2249298095703,132.2091827392578,4
2005-11-08,171.767578125,171.767578125,162.2249298095703,168.58670043945312,137.3938446044922,3
2005-11-09,171.767578125,181.3102264404297,171.767578125,181.3102264404297,147.76321411132812,9
2005-11-10,181.3102264404297,184.49110412597656,174.94845581054688,184.49110412597656,150.35552978515625,6
2005-11-11,187.67198181152344,187.67198181152344,181.3102264404297,184.49110412597656,150.35552978515625,6
2005-11-14,184.49110412597656,187.67198181152344,181.3102264404297,187.67198181152344,152.9478759765625,5
2005-11-15,187.67198181152344,190.8528594970703,184.49110412597656,190.8528594970703,155.5402069091797,6
2005-11-16,194.03375244140625,197.21463012695312,184.49110412597656,187.67198181152344,152.9478759765625,9
2005-11-17,187.67198181152344,194.03375244140625,187.67198181152344,194.03375244140625,158.132568359375,3
2005-11-18,194.03375244140625,194.03375244140625,184.49110412597656,190.8528594970703,155.5402069091797,2
2005-11-21,190.8528594970703,190.8528594970703,181.3102264404297,184.49110412597656,150.35552978515625,4
2005-11-22,184.49110412597656,187.67198181152344,174.94845581054688,187.67198181152344,152.9478759765625,3
2005-11-23,187.67198181152344,187.67198181152344,181.3102264404297,184.49110412597656,150.35552978515625,1
2005-11-24,184.49110412597656,184.49110412597656,178.1293487548828,181.3102264404297,147.76321411132812,3
2005-11-25,181.3102264404297,184.49110412597656,178.1293487548828,184.49110412597656,150.35552978515625,1
2005-11-28,184.49110412597656,184.49110412597656,178.1293487548828,184.49110412597656,150.35552978515625,4
2005-11-29,184.49110412597656,187.67198181152344,184.49110412597656,187.67198181152344,152.9478759765625,3
2005-11-30,184.49110412597656,187.67198181152344,184.49110412597656,187.67198181152344,152.9478759765625,2
2005-12-01,187.67198181152344,187.67198181152344,184.49110412597656,187.67198181152344,152.9478759765625,0
2005-12-02,187.67198181152344,187.67198181152344,184.49110412597656,184.49110412597656,150.35552978515625,2
2005-12-05,184.49110412597656,184.49110412597656,181.3102264404297,184.49110412597656,150.35552978515625,1
2005-12-06,184.49110412597656,184.49110412597656,181.3102264404297,184.49110412597656,150.35552978515625,1
2005-12-07,184.49110412597656,184.49110412597656,178.1293487548828,178.1293487548828,145.17088317871094,0
2005-12-08,181.3102264404297,181.3102264404297,174.94845581054688,181.3102264404297,147.76321411132812,1
2005-12-09,181.3102264404297,181.3102264404297,174.94845581054688,174.94845581054688,142.57852172851562,1
2005-12-12,178.1293487548828,178.1293487548828,165.40582275390625,171.767578125,139.9862060546875,2
2005-12-13,171.767578125,171.767578125,165.40582275390625,165.40582275390625,134.80154418945312,0
2005-12-14,171.767578125,171.767578125,171.767578125,171.767578125,139.9862060546875,0
2005-12-15,165.40582275390625,171.767578125,165.40582275390625,165.40582275390625,134.80154418945312,1
2005-12-16,165.40582275390625,168.58670043945312,162.2249298095703,165.40582275390625,134.80154418945312,1
2005-12-19,171.767578125,174.94845581054688,168.58670043945312,174.94845581054688,142.57852172851562,0
2005-12-20,178.1293487548828,184.49110412597656,178.1293487548828,181.3102264404297,147.76321411132812,2
2005-12-21,181.3102264404297,181.3102264404297,165.40582275390625,178.1293487548828,145.17088317871094,2
2005-12-22,178.1293487548828,178.1293487548828,178.1293487548828,178.1293487548828,145.17088317871094,0
2005-12-23,168.58670043945312,168.58670043945312,165.40582275390625,165.40582275390625,134.80154418945312,2
2005-12-28,162.2249298095703,168.58670043945312,162.2249298095703,168.58670043945312,137.3938446044922,1
2005-12-29,165.40582275390625,168.58670043945312,165.40582275390625,168.58670043945312,137.3938446044922,1
2005-12-30,159.04405212402344,168.58670043945312,159.04405212402344,168.58670043945312,137.3938446044922,3
2006-01-03,168.58670043945312,184.49110412597656,165.40582275390625,178.1293487548828,145.17088317871094,3
2006-01-04,174.94845581054688,178.1293487548828,171.767578125,171.767578125,139.9862060546875,2
2006-01-05,178.1293487548828,178.1293487548828,171.767578125,171.767578125,139.9862060546875,2
2006-01-06,168.58670043945312,171.767578125,168.58670043945312,171.767578125,139.9862060546875,0
2006-01-09,171.767578125,178.1293487548828,171.767578125,174.94845581054688,142.57852172851562,3
2006-01-10,171.767578125,181.3102264404297,171.767578125,178.1293487548828,145.17088317871094,4
2006-01-11,181.3102264404297,181.3102264404297,174.94845581054688,174.94845581054688,142.57852172851562,7
2006-01-12,174.94845581054688,174.94845581054688,171.767578125,171.767578125,139.9862060546875,2
2006-01-13,171.767578125,174.94845581054688,171.767578125,174.94845581054688,142.57852172851562,0
2006-01-16,168.58670043945312,171.767578125,168.58670043945312,171.767578125,139.9862060546875,1
2006-01-17,171.767578125,171.767578125,159.04405212402344,162.2249298095703,132.2091827392578,3
2006-01-18,162.2249298095703,165.40582275390625,162.2249298095703,162.2249298095703,132.2091827392578,4
2006-01-19,165.40582275390625,165.40582275390625,162.2249298095703,165.40582275390625,134.80154418945312,2
2006-01-20,165.40582275390625,178.1293487548828,162.2249298095703,168.58670043945312,137.3938446044922,21
2006-01-23,155.86317443847656,194.03375244140625,155.86317443847656,184.49110412597656,150.35552978515625,36
2006-01-24,187.67198181152344,190.8528594970703,181.3102264404297,184.49110412597656,150.35552978515625,8
2006-01-25,184.49110412597656,187.67198181152344,178.1293487548828,184.49110412597656,150.35552978515625,8
2006-01-26,184.49110412597656,184.49110412597656,184.49110412597656,184.49110412597656,150.35552978515625,0
2006-01-27,184.49110412597656,184.49110412597656,184.49110412597656,184.49110412597656,150.35552978515625,0
2006-02-01,184.49110412597656,184.49110412597656,184.49110412597656,184.49110412597656,150.35552978515625,0
2006-02-02,184.49110412597656,184.49110412597656,184.49110412597656,184.49110412597656,150.35552978515625,0
2006-02-03,184.49110412597656,184.49110412597656,184.49110412597656,184.49110412597656,150.35552978515625,0
2006-02-06,197.21463012695312,200.3955078125,184.49110412597656,190.8528594970703,155.5402069091797,34
2006-02-07,194.03375244140625,194.03375244140625,181.3102264404297,181.3102264404297,147.76321411132812,7
2006-02-08,181.3102264404297,184.49110412597656,174.94845581054688,178.1293487548828,145.17088317871094,6
2006-02-09,178.1293487548828,181.3102264404297,174.94845581054688,174.94845581054688,142.57852172851562,4
2006-02-10,174.94845581054688,178.1293487548828,171.767578125,174.94845581054688,142.57852172851562,8
2006-02-13,174.94845581054688,174.94845581054688,171.767578125,174.94845581054688,142.57852172851562,4
2006-02-14,171.767578125,174.94845581054688,165.40582275390625,168.58670043945312,137.3938446044922,8
2006-02-15,165.40582275390625,168.58670043945312,165.40582275390625,165.40582275390625,134.80154418945312,5
2006-02-16,165.40582275390625,165.40582275390625,159.04405212402344,165.40582275390625,134.80154418945312,4
2006-02-17,165.40582275390625,168.58670043945312,165.40582275390625,168.58670043945312,137.3938446044922,6
2006-02-20,171.767578125,171.767578125,165.40582275390625,165.40582275390625,134.80154418945312,4
2006-02-21,168.58670043945312,168.58670043945312,149.5014190673828,152.6822967529297,124.43217468261719,17
2006-02-22,152.6822967529297,159.04405212402344,136.77789306640625,139.95877075195312,114.06283569335938,23
2006-02-23,139.95877075195312,197.21463012695312,120.87348175048828,194.03375244140625,158.132568359375,69
2006-02-24,194.03375244140625,194.03375244140625,194.03375244140625,194.03375244140625,158.132568359375,0
2006-02-27,194.03375244140625,194.03375244140625,194.03375244140625,194.03375244140625,158.132568359375,0
2006-02-28,194.03375244140625,194.03375244140625,194.03375244140625,194.03375244140625,158.132568359375,0
2006-03-01,194.03375244140625,194.03375244140625,194.03375244140625,194.03375244140625,158.132568359375,0
2006-03-02,257.6513671875,257.6513671875,197.21463012695312,209.9381561279297,171.09423828125,631
2006-03-03,216.29991149902344,216.29991149902344,194.03375244140625,197.21463012695312,160.72488403320312,43
2006-03-06,203.57638549804688,209.9381561279297,197.21463012695312,200.3955078125,163.31723022460938,26
2006-03-07,203.57638549804688,203.57638549804688,184.49110412597656,190.8528594970703,155.5402069091797,22
2006-03-08,181.3102264404297,181.3102264404297,165.40582275390625,171.767578125,139.9862060546875,18
2006-03-09,171.767578125,171.767578125,162.2249298095703,168.58670043945312,137.3938446044922,7
2006-03-10,165.40582275390625,229.0234375,165.40582275390625,216.29991149902344,176.2789306640625,105
2006-03-13,222.66168212890625,235.3852081298828,206.7572784423828,222.66168212890625,181.46359252929688,108
2006-03-14,216.29991149902344,219.48080444335938,203.57638549804688,203.57638549804688,165.90956115722656,17
2006-03-15,203.57638549804688,216.29991149902344,203.57638549804688,206.7572784423828,168.5019073486328,23
2006-03-16,203.57638549804688,225.84255981445312,203.57638549804688,225.84255981445312,184.05593872070312,29
2006-03-17,229.0234375,235.3852081298828,216.29991149902344,219.48080444335938,178.87124633789062,31
2006-03-20,219.48080444335938,225.84255981445312,216.29991149902344,222.66168212890625,181.46359252929688,9
2006-03-21,222.66168212890625,222.66168212890625,209.9381561279297,209.9381561279297,171.09423828125,14
2006-03-22,209.9381561279297,219.48080444335938,206.7572784423828,209.9381561279297,171.09423828125,7
2006-03-23,216.29991149902344,219.48080444335938,209.9381561279297,209.9381561279297,171.09423828125,10
2006-03-24,213.11903381347656,213.11903381347656,200.3955078125,203.57638549804688,165.90956115722656,16
2006-03-27,206.7572784423828,213.11903381347656,197.21463012695312,206.7572784423828,168.5019073486328,22
2006-03-28,209.9381561279297,209.9381561279297,197.21463012695312,197.21463012695312,160.72488403320312,24
2006-03-29,200.3955078125,203.57638549804688,190.8528594970703,194.03375244140625,158.132568359375,16
2006-03-30,194.03359985351562,194.03359985351562,194.03359985351562,194.03359985351562,158.13243103027344,0
2006-03-31,194.03359985351562,194.03359985351562,194.03359985351562,194.03359985351562,158.13243103027344,0
2006-04-03,194.03359985351562,194.03359985351562,194.03359985351562,194.03359985351562,158.13243103027344,0
2006-04-04,194.03359985351562,194.03359985351562,194.03359985351562,194.03359985351562,158.13243103027344,0
2006-04-06,194.03359985351562,194.03359985351562,194.03359985351562,194.03359985351562,158.13243103027344,0
2006-04-07,194.03359985351562,194.03359985351562,194.03359985351562,194.03359985351562,158.13243103027344,0
2006-04-10,194.03359985351562,194.03359985351562,194.03359985351562,194.03359985351562,158.13243103027344,0
2006-04-11,194.03359985351562,194.03359985351562,194.03359985351562,194.03359985351562,158.13243103027344,0
2006-04-12,194.03359985351562,194.03359985351562,194.03359985351562,194.03359985351562,158.13243103027344,0
2006-04-13,194.03359985351562,194.03359985351562,194.03359985351562,194.03359985351562,158.13243103027344,0
2006-04-18,196.15472412109375,214.70989990234375,193.5039825439453,209.40841674804688,170.6625213623047,14
2006-04-19,206.75767517089844,209.40841674804688,198.8054656982422,209.40841674804688,170.6625213623047,11210
2006-04-20,204.10693359375,217.3606414794922,204.10693359375,206.75767517089844,168.50222778320312,20174
2006-04-21,201.45619201660156,204.10693359375,196.15472412109375,201.45619201660156,164.18167114257812,10462
2006-04-24,196.15472412109375,196.15472412109375,190.85324096679688,193.5039825439453,157.7008056640625,4690
2006-04-25,193.5039825439453,193.5039825439453,182.90101623535156,190.85324096679688,155.54051208496094,7705
2006-04-26,188.20249938964844,193.5039825439453,185.5517578125,188.20249938964844,153.38021850585938,6187
2006-04-27,188.20249938964844,188.20249938964844,185.5517578125,188.20249938964844,153.38021850585938,3828
2006-04-28,188.20249938964844,188.20249938964844,180.2502899169922,182.90101623535156,149.05966186523438,6722
2006-05-02,182.90101623535156,193.5039825439453,182.90101623535156,193.5039825439453,157.7008056640625,13843
2006-05-03,201.45619201660156,204.10693359375,190.85324096679688,190.85324096679688,155.54051208496094,14565
2006-05-04,190.85324096679688,190.85324096679688,182.90101623535156,185.5517578125,151.21995544433594,16056
2006-05-08,185.5517578125,188.20249938964844,185.5517578125,188.20249938964844,153.38021850585938,8919
2006-05-09,185.5517578125,185.5517578125,177.59954833984375,180.2502899169922,146.89938354492188,10710
2006-05-10,180.2502899169922,180.2502899169922,174.9488067626953,174.9488067626953,142.57882690429688,8870
2006-05-11,174.9488067626953,180.2502899169922,166.99658203125,172.29806518554688,140.4185333251953,7500
2006-05-12,172.29806518554688,172.29806518554688,166.99658203125,169.64732360839844,138.25823974609375,4596
2006-05-15,166.99658203125,174.9488067626953,159.04437255859375,161.6951141357422,131.77740478515625,7992
2006-05-16,172.29806518554688,174.9488067626953,161.6951141357422,164.34584045410156,133.9376678466797,5222
2006-05-17,161.6951141357422,180.2502899169922,156.3936309814453,180.2502899169922,146.89938354492188,11
2006-05-18,164.34584045410156,172.29806518554688,161.6951141357422,164.34584045410156,133.9376678466797,1735
2006-05-19,161.6951141357422,169.64732360839844,159.04437255859375,159.04437255859375,129.6171112060547,3329
2006-05-22,164.34584045410156,164.34584045410156,145.79066467285156,153.74288940429688,125.29652404785156,3131
2006-05-23,145.79066467285156,153.74288940429688,145.79066467285156,151.09214782714844,123.13624572753906,2717
2006-05-24,148.44140625,151.09214782714844,145.79066467285156,151.09214782714844,123.13624572753906,2452
2006-05-25,151.09214782714844,153.74288940429688,132.53697204589844,143.1399383544922,116.65541076660156,2970
2006-05-26,143.1399383544922,148.44140625,135.18771362304688,145.79066467285156,118.81566619873047,14618
2006-05-29,143.1399383544922,143.1399383544922,143.1399383544922,143.1399383544922,116.65541076660156,585
2006-05-30,143.1399383544922,143.1399383544922,132.53697204589844,137.8384552001953,112.33482360839844,10674
2006-06-01,132.53697204589844,135.18771362304688,127.2354965209961,127.2354965209961,103.69368743896484,8093
2006-06-02,130.4163818359375,130.4163818359375,119.28327941894531,124.58475494384766,101.53340148925781,9605
2006-06-05,121.93401336669922,122.46416473388672,118.22297668457031,119.81342315673828,97.64488220214844,6175
2006-06-06,112.39134979248047,116.10238647460938,105.49942779541016,106.02957916259766,86.4113998413086,15271
2006-06-07,106.02957916259766,106.02957916259766,95.42662048339844,100.72809600830078,82.09083557128906,27256
2006-06-08,100.72809600830078,100.72809600830078,96.4869155883789,97.54721069335938,79.49848937988281,7549
2006-06-09,97.0170669555664,104.96928405761719,94.36632537841797,104.96928405761719,85.54729461669922,17796
2006-06-12,105.49942779541016,105.49942779541016,100.72809600830078,101.25824737548828,82.52288818359375,6874
2006-06-13,94.89646911621094,95.9567642211914,92.77587890625,95.9567642211914,78.20232391357422,5347
2006-06-14,95.9567642211914,97.54721069335938,92.77587890625,97.54721069335938,79.49848937988281,1678
2006-06-15,99.66780090332031,99.66780090332031,95.9567642211914,95.9567642211914,78.20232391357422,686
2006-06-16,97.0170669555664,99.66780090332031,97.0170669555664,99.13765716552734,80.7946548461914,6300
2006-06-19,94.89646911621094,98.07736206054688,94.89646911621094,95.42662048339844,77.77025604248047,1868
2006-06-20,95.42662048339844,97.0170669555664,94.89646911621094,96.4869155883789,78.6343765258789,4187
2006-06-21,96.4869155883789,100.19795227050781,96.4869155883789,100.19795227050781,81.65877532958984,3055
2006-06-22,100.72809600830078,101.25824737548828,98.60750579833984,98.60750579833984,80.36260223388672,2452
2006-06-23,96.4869155883789,101.78839874267578,96.4869155883789,100.72809600830078,82.09083557128906,1263
2006-06-26,100.72809600830078,100.72809600830078,100.72809600830078,100.72809600830078,82.09083557128906,320
2006-06-27,98.07736206054688,100.72809600830078,98.07736206054688,100.19795227050781,81.65877532958984,1253
2006-06-28,100.19795227050781,100.19795227050781,100.19795227050781,100.19795227050781,81.65877532958984,0
2006-06-29,98.07736206054688,98.07736206054688,98.07736206054688,98.07736206054688,79.93055725097656,50
2006-06-30,106.02957916259766,110.80091094970703,100.19795227050781,110.80091094970703,90.29991149902344,2527
2006-07-03,111.3310546875,111.3310546875,108.6803207397461,108.6803207397461,88.57168579101562,1546
2006-07-04,106.02957916259766,108.6803207397461,100.72809600830078,108.6803207397461,88.57168579101562,1810
2006-07-05,100.72809600830078,106.02957916259766,100.72809600830078,101.78839874267578,82.95494842529297,966
2006-07-06,101.78839874267578,101.78839874267578,101.78839874267578,101.78839874267578,82.95494842529297,6
2006-07-07,98.60750579833984,98.60750579833984,96.4869155883789,98.07736206054688,79.93055725097656,0
2006-07-10,106.02957916259766,106.02957916259766,106.02957916259766,106.02957916259766,86.4113998413086,0
2006-07-11,95.9567642211914,100.19795227050781,95.9567642211914,98.07736206054688,79.93055725097656,1274
2006-07-12,106.02957916259766,108.1501693725586,105.49942779541016,106.02957916259766,86.4113998413086,830
2006-07-13,106.02957916259766,106.02957916259766,99.66780090332031,99.66780090332031,81.22671508789062,1833
2006-07-14,102.84869384765625,102.84869384765625,100.72809600830078,102.84869384765625,83.81906127929688,0
2006-07-17,102.84869384765625,102.84869384765625,96.4869155883789,97.0170669555664,79.06643676757812,1131
2006-07-18,95.42662048339844,96.4869155883789,95.42662048339844,96.4869155883789,78.6343765258789,180
2006-07-19,95.9567642211914,99.66780090332031,95.9567642211914,98.07736206054688,79.93055725097656,200
2006-07-20,102.31854248046875,102.84869384765625,100.72809600830078,100.72809600830078,82.09083557128906,1584
2006-07-21,102.31854248046875,106.02957916259766,100.72809600830078,104.43913269042969,85.11522674560547,6226
2006-07-24,103.37883758544922,124.05460357666016,103.37883758544922,115.0420913696289,93.7563705444336,13
2006-07-25,127.2354965209961,135.18771362304688,121.93401336669922,126.17520141601562,102.82957458496094,22105
2006-07-26,127.2354965209961,135.18771362304688,121.93401336669922,128.29579162597656,104.55780029296875,33337
2006-07-27,128.29579162597656,128.29579162597656,115.5722427368164,118.75312805175781,96.78076934814453,10045
2006-07-28,113.98179626464844,116.63253784179688,106.02957916259766,116.63253784179688,95.05255126953125,7807
2006-07-31,116.63253784179688,118.22297668457031,110.27075958251953,117.16268157958984,95.4845962524414,1
2006-08-01,121.40386962890625,121.40386962890625,116.63253784179688,116.63253784179688,95.05255126953125,3734
2006-08-02,116.63253784179688,116.63253784179688,115.0420913696289,115.0420913696289,93.7563705444336,542
2006-08-03,112.92150115966797,116.63253784179688,112.92150115966797,116.63253784179688,95.05255126953125,565
2006-08-04,116.63253784179688,118.75312805175781,110.27075958251953,117.69283294677734,95.91665649414062,1115
2006-08-07,117.69283294677734,117.69283294677734,109.74061584472656,115.0420913696289,93.7563705444336,1318
2006-08-08,111.3310546875,116.63253784179688,111.3310546875,115.0420913696289,93.7563705444336,0
2006-08-09,109.74061584472656,111.3310546875,103.90898895263672,103.90898895263672,84.68317413330078,5653
2006-08-10,103.90898895263672,105.49942779541016,101.25824737548828,101.78839874267578,82.95494842529297,1584
2006-08-11,99.66780090332031,100.72809600830078,94.36632537841797,94.36632537841797,76.90614318847656,3471
2006-08-14,95.42662048339844,98.07736206054688,94.36632537841797,94.36632537841797,76.90614318847656,7953
2006-08-15,97.54721069335938,97.54721069335938,94.36632537841797,94.36632537841797,76.90614318847656,2149
2006-08-16,94.89646911621094,99.66780090332031,94.89646911621094,98.60750579833984,80.36260223388672,1203
2006-08-17,100.72809600830078,100.72809600830078,94.89646911621094,94.89646911621094,77.33819580078125,3300
2006-08-18,94.89646911621094,94.89646911621094,94.36632537841797,94.36632537841797,76.90614318847656,2122
2006-08-21,94.36632537841797,94.89646911621094,94.36632537841797,94.89646911621094,77.33819580078125,748
2006-08-22,93.3060302734375,93.3060302734375,92.77587890625,92.77587890625,75.60997772216797,1659
2006-08-23,92.77587890625,95.42662048339844,91.71558380126953,92.77587890625,75.60997772216797,3942
2006-08-24,92.77587890625,95.42662048339844,92.77587890625,95.42662048339844,77.77025604248047,226
2006-08-25,95.42662048339844,95.42662048339844,92.77587890625,92.77587890625,75.60997772216797,2433
2006-08-28,95.42662048339844,98.07736206054688,95.42662048339844,97.54721069335938,79.49848937988281,3206
2006-08-29,95.42662048339844,97.0170669555664,95.42662048339844,97.0170669555664,79.06643676757812,1603
2006-08-30,94.36632537841797,94.36632537841797,94.36632537841797,94.36632537841797,76.90614318847656,943
2006-08-31,93.83617401123047,97.0170669555664,93.83617401123047,94.36632537841797,76.90614318847656,152
2006-09-01,100.72809600830078,100.72809600830078,93.83617401123047,93.83617401123047,76.47409057617188,622
2006-09-04,95.42662048339844,98.07736206054688,93.83617401123047,93.83617401123047,76.47409057617188,1075
2006-09-05,93.3060302734375,93.3060302734375,93.3060302734375,93.3060302734375,76.04203796386719,204
2006-09-06,95.42662048339844,96.4869155883789,94.36632537841797,96.4869155883789,78.6343765258789,424
2006-09-07,100.72809600830078,100.72809600830078,94.36632537841797,97.54721069335938,79.49848937988281,7777
2006-09-08,96.4869155883789,97.0170669555664,92.77587890625,93.3060302734375,76.04203796386719,1754
2006-09-11,94.36632537841797,94.36632537841797,91.18544006347656,93.3060302734375,76.04203796386719,1419
2006-09-12,92.77587890625,94.89646911621094,92.77587890625,92.77587890625,75.60997772216797,1
2006-09-13,92.77587890625,92.77587890625,92.77587890625,92.77587890625,75.60997772216797,378
2006-09-14,92.77587890625,94.89646911621094,92.77587890625,92.77587890625,75.60997772216797,250
2006-09-15,94.36632537841797,99.13765716552734,92.77587890625,98.60750579833984,80.36260223388672,1534
2006-09-18,99.13765716552734,99.13765716552734,95.9567642211914,99.13765716552734,80.7946548461914,875
2006-09-19,97.0170669555664,97.0170669555664,93.3060302734375,96.4869155883789,78.6343765258789,114
2006-09-20,97.0170669555664,106.02957916259766,94.36632537841797,103.37883758544922,84.25111389160156,19749
2006-09-21,103.90898895263672,106.02957916259766,97.54721069335938,103.37883758544922,84.25111389160156,11488
2006-09-22,102.84869384765625,106.02957916259766,97.54721069335938,105.49942779541016,85.97933959960938,16328
2006-09-25,105.49942779541016,105.49942779541016,98.07736206054688,104.43913269042969,85.11522674560547,3518
2006-09-26,100.72809600830078,100.72809600830078,98.07736206054688,99.66780090332031,81.22671508789062,1461
2006-09-27,98.07736206054688,101.78839874267578,98.07736206054688,101.78839874267578,82.95494842529297,509
2006-09-28,95.9567642211914,102.84869384765625,95.9567642211914,95.9567642211914,78.20232391357422,1131
2006-09-29,95.9567642211914,100.72809600830078,93.3060302734375,100.19795227050781,81.65877532958984,936
2006-10-03,100.19795227050781,100.19795227050781,95.42662048339844,100.19795227050781,81.65877532958984,5055
2006-10-04,97.0170669555664,98.07736206054688,92.77587890625,92.77587890625,75.60997772216797,3057
2006-10-05,92.24573516845703,106.02957916259766,89.0648422241211,101.78839874267578,82.95494842529297,26077
2006-10-06,99.66780090332031,106.02957916259766,98.07736206054688,98.07736206054688,79.93055725097656,23502
2006-10-09,98.07736206054688,100.72809600830078,98.07736206054688,100.72809600830078,82.09083557128906,1244
2006-10-10,98.07736206054688,105.49942779541016,97.54721069335938,100.72809600830078,82.09083557128906,16642
2006-10-11,100.72809600830078,105.49942779541016,98.60750579833984,100.72809600830078,82.09083557128906,13016
2006-10-12,100.72809600830078,105.49942779541016,98.60750579833984,105.49942779541016,85.97933959960938,13999
2006-10-13,101.78839874267578,159.04437255859375,101.78839874267578,143.1399383544922,116.65541076660156,118532
2006-10-16,153.74288940429688,153.74288940429688,99.66780090332031,103.37883758544922,84.25111389160156,84679
2006-10-17,102.31854248046875,102.31854248046875,92.24573516845703,92.77587890625,75.60997772216797,42356
2006-10-18,91.71558380126953,93.83617401123047,89.0648422241211,89.0648422241211,72.58557891845703,33481
2006-10-19,90.12513732910156,91.71558380126953,81.64277648925781,83.23321533203125,67.83295440673828,22982
2006-10-20,83.23321533203125,87.47440338134766,81.11262512207031,87.47440338134766,71.28941345214844,9006
2006-10-23,87.47440338134766,90.12513732910156,82.70307159423828,86.41410827636719,70.42530059814453,4489
2006-10-24,89.5949935913086,92.77587890625,87.47440338134766,88.53469848632812,72.15351867675781,4466
2006-10-25,89.0648422241211,90.65528869628906,87.47440338134766,88.00454711914062,71.72146606445312,2701
2006-10-26,88.00454711914062,90.12513732910156,87.47440338134766,87.47440338134766,71.28941345214844,2120
2006-10-27,87.47440338134766,90.65528869628906,85.88395690917969,87.47440338134766,71.28941345214844,5036
2006-10-31,88.53469848632812,90.12513732910156,88.53469848632812,90.12513732910156,73.4496841430664,5974
2006-11-01,88.53469848632812,91.18544006347656,88.53469848632812,89.5949935913086,73.01763153076172,10504
2006-11-02,88.53469848632812,95.42662048339844,88.53469848632812,94.36632537841797,76.90614318847656,15675
2006-11-03,92.77587890625,92.77587890625,91.18544006347656,92.77587890625,75.60997772216797,4289
2006-11-06,92.77587890625,92.77587890625,88.00454711914062,90.65528869628906,73.88174438476562,6517
2006-11-07,91.71558380126953,91.71558380126953,88.53469848632812,89.5949935913086,73.01763153076172,5881
2006-11-08,88.53469848632812,91.71558380126953,88.00454711914062,90.12513732910156,73.4496841430664,9720
2006-11-09,92.24573516845703,112.92150115966797,92.24573516845703,106.55972290039062,86.84345245361328,117810
2006-11-10,110.27075958251953,110.27075958251953,101.78839874267578,103.37883758544922,84.25111389160156,24432
2006-11-13,109.21046447753906,109.21046447753906,101.78839874267578,106.55972290039062,86.84345245361328,15528
2006-11-14,106.55972290039062,106.55972290039062,97.54721069335938,100.19795227050781,81.65877532958984,13
2006-11-15,103.37883758544922,103.90898895263672,100.19795227050781,103.90898895263672,84.68317413330078,12883
2006-11-16,103.90898895263672,108.6803207397461,86.94425201416016,89.5949935913086,73.01763153076172,100908
2006-11-17,90.12513732910156,90.65528869628906,79.52218627929688,84.82366180419922,69.12911987304688,62
2006-11-20,82.17292022705078,86.94425201416016,71.56996154785156,85.88395690917969,69.99323272705078,26219
2006-11-21,86.41410827636719,86.41410827636719,84.29351806640625,84.82366180419922,69.12911987304688,17806
2006-11-22,84.82366180419922,84.82366180419922,82.17292022705078,83.76336669921875,68.2650146484375,9997
2006-11-23,82.70307159423828,87.47440338134766,81.64277648925781,84.29351806640625,68.69706726074219,8922
2006-11-24,87.47440338134766,91.18544006347656,86.94425201416016,86.94425201416016,70.85734558105469,16794
2006-11-27,87.47440338134766,87.47440338134766,78.99203491210938,79.52218627929688,64.80855560302734,57918
2006-11-28,80.05233001708984,81.64277648925781,77.9317398071289,79.52218627929688,64.80855560302734,11437
2006-11-29,79.52218627929688,82.70307159423828,79.52218627929688,81.11262512207031,66.10472106933594,2735
2006-11-30,80.58248138427734,80.58248138427734,78.4618911743164,80.58248138427734,65.67266845703125,14819
2006-12-01,79.52218627929688,79.52218627929688,78.4618911743164,79.52218627929688,64.80855560302734,4995
2006-12-04,78.99203491210938,78.99203491210938,77.9317398071289,78.4618911743164,63.94443893432617,3055
2006-12-05,76.87144470214844,78.4618911743164,76.87144470214844,77.4015884399414,63.08032989501953,1854
2006-12-06,77.4015884399414,77.4015884399414,75.81114959716797,77.4015884399414,63.08032989501953,5042
2006-12-07,76.34129333496094,77.4015884399414,74.220703125,74.7508544921875,60.9200439453125,2867
2006-12-08,74.7508544921875,77.9317398071289,68.91922760009766,77.4015884399414,63.08032989501953,14892
2006-12-11,77.4015884399414,78.99203491210938,74.220703125,77.4015884399414,63.08032989501953,513
2006-12-12,78.4618911743164,79.52218627929688,73.69055938720703,77.9317398071289,63.51238250732422,14856
2006-12-13,72.10011291503906,74.7508544921875,72.10011291503906,73.69055938720703,60.0559196472168,3678
2006-12-14,75.28099822998047,78.99203491210938,75.28099822998047,77.4015884399414,63.08032989501953,7318
2006-12-15,77.4015884399414,77.4015884399414,75.28099822998047,75.28099822998047,61.35210037231445,1290
2006-12-18,74.220703125,77.9317398071289,74.220703125,75.81114959716797,61.784156799316406,1
2006-12-19,72.63026428222656,73.16040802001953,71.0398178100586,71.0398178100586,57.89563751220703,2784
2006-12-20,69.97952270507812,73.69055938720703,69.97952270507812,71.56996154785156,58.32769775390625,3463
2006-12-21,69.97952270507812,73.69055938720703,68.91922760009766,68.91922760009766,56.16741180419922,12239
2006-12-22,68.91922760009766,71.0398178100586,66.26848602294922,66.79863739013672,54.439186096191406,5206
2006-12-27,67.85893249511719,71.56996154785156,58.31626892089844,71.56996154785156,58.32769775390625,11720
2006-12-28,68.91922760009766,72.63026428222656,68.91922760009766,69.97952270507812,57.031524658203125,6282
2006-12-29,69.97952270507812,71.56996154785156,66.79863739013672,71.56996154785156,58.32769775390625,10722
2007-01-02,68.91922760009766,77.4015884399414,68.91922760009766,77.4015884399414,63.08032989501953,12515
2007-01-03,77.4015884399414,83.76336669921875,76.87144470214844,80.58248138427734,65.67266845703125,31729
2007-01-04,82.70307159423828,89.0648422241211,82.17292022705078,84.82366180419922,69.12911987304688,35515
2007-01-05,84.82366180419922,84.82366180419922,81.11262512207031,83.76336669921875,68.2650146484375,11997
2007-01-08,84.82366180419922,86.94425201416016,82.17292022705078,82.70307159423828,67.40089416503906,9449
2007-01-09,82.70307159423828,86.94425201416016,82.70307159423828,84.82366180419922,69.12911987304688,9511
2007-01-10,84.82366180419922,86.94425201416016,84.82366180419922,85.35381317138672,69.56117248535156,15230
2007-01-11,85.35381317138672,86.41410827636719,84.29351806640625,85.88395690917969,69.99323272705078,10050
2007-01-12,87.47440338134766,98.60750579833984,85.88395690917969,93.3060302734375,76.04203796386719,69337
2007-01-15,93.3060302734375,97.0170669555664,92.77587890625,93.3060302734375,76.04203796386719,20894
2007-01-16,93.83617401123047,95.42662048339844,90.12513732910156,91.18544006347656,74.31380462646484,19390
2007-01-17,90.65528869628906,92.24573516845703,89.0648422241211,89.5949935913086,73.01763153076172,8058
2007-01-18,89.0648422241211,89.0648422241211,83.76336669921875,83.76336669921875,68.2650146484375,17759
2007-01-19,83.23321533203125,86.94425201416016,83.23321533203125,85.35381317138672,69.56117248535156,8668
2007-01-22,86.41410827636719,88.00454711914062,85.88395690917969,86.94425201416016,70.85734558105469,8739
2007-01-23,86.94425201416016,86.94425201416016,82.70307159423828,84.29351806640625,68.69706726074219,4345
2007-01-24,84.82366180419922,84.82366180419922,82.70307159423828,82.70307159423828,67.40089416503906,5376
2007-01-25,82.70307159423828,82.70307159423828,81.11262512207031,81.11262512207031,66.10472106933594,6931
2007-01-26,79.52218627929688,80.58248138427734,77.4015884399414,77.4015884399414,63.08032989501953,9
2007-01-29,77.4015884399414,84.82366180419922,76.87144470214844,84.82366180419922,69.12911987304688,10175
2007-01-30,84.82366180419922,84.82366180419922,80.58248138427734,81.11262512207031,66.10472106933594,7629
2007-01-31,84.29351806640625,84.82366180419922,79.52218627929688,80.05233001708984,65.24060821533203,4395
2007-02-01,80.05233001708984,84.29351806640625,79.52218627929688,82.17292022705078,66.96883392333984,6386
2007-02-02,82.70307159423828,83.23321533203125,80.58248138427734,81.11262512207031,66.10472106933594,5398
2007-02-05,78.4618911743164,82.17292022705078,75.28099822998047,80.58248138427734,65.67266845703125,3742
2007-02-06,82.70307159423828,84.29351806640625,81.64277648925781,81.64277648925781,66.53677368164062,6759
2007-02-07,81.64277648925781,86.41410827636719,81.64277648925781,86.41410827636719,70.42530059814453,9472
2007-02-08,86.41410827636719,92.24573516845703,84.82366180419922,87.47440338134766,71.28941345214844,23912
2007-02-09,88.53469848632812,93.83617401123047,86.94425201416016,91.71558380126953,74.74586486816406,42120
2007-02-12,91.71558380126953,93.3060302734375,86.94425201416016,89.5949935913086,73.01763153076172,21542
2007-02-13,89.0648422241211,89.0648422241211,84.82366180419922,85.35381317138672,69.56117248535156,9644
2007-02-14,86.41410827636719,92.77587890625,86.41410827636719,89.5949935913086,73.01763153076172,27124
2007-02-15,92.77587890625,92.77587890625,88.53469848632812,88.53469848632812,72.15351867675781,15853
2007-02-16,88.53469848632812,90.65528869628906,86.41410827636719,88.53469848632812,72.15351867675781,16665
2007-02-21,95.42662048339844,97.0170669555664,89.0648422241211,95.42662048339844,77.77025604248047,34499
2007-02-22,95.42662048339844,107.08987426757812,95.42662048339844,102.31854248046875,83.38700103759766,115403
2007-02-23,102.31854248046875,104.96928405761719,92.77587890625,98.07736206054688,79.93055725097656,38344
2007-02-26,100.19795227050781,102.84869384765625,98.07736206054688,101.78839874267578,82.95494842529297,30048
2007-02-27,101.25824737548828,108.6803207397461,101.25824737548828,106.55972290039062,86.84345245361328,49637
2007-02-28,100.72809600830078,106.02957916259766,95.42662048339844,104.43913269042969,85.11522674560547,30361
2007-03-01,104.43913269042969,132.00682067871094,102.84869384765625,124.58475494384766,101.53340148925781,213539
2007-03-02,130.946533203125,137.8384552001953,101.25824737548828,108.6803207397461,88.57168579101562,166763
2007-03-05,106.02957916259766,106.02957916259766,91.71558380126953,99.13765716552734,80.7946548461914,52850
2007-03-06,102.84869384765625,105.49942779541016,100.72809600830078,103.90898895263672,84.68317413330078,21899
2007-03-07,103.90898895263672,117.16268157958984,103.90898895263672,115.0420913696289,93.7563705444336,69964
2007-03-08,116.63253784179688,127.2354965209961,115.0420913696289,122.46416473388672,99.80516815185547,45875
2007-03-09,124.58475494384766,126.7053451538086,117.16268157958984,119.28327941894531,97.21282958984375,42950
2007-03-12,121.40386962890625,130.4163818359375,121.40386962890625,127.2354965209961,103.69368743896484,65623
2007-03-13,129.88623046875,132.00682067871094,116.63253784179688,121.40386962890625,98.9410629272461,31542
2007-03-14,119.28327941894531,119.28327941894531,113.98179626464844,116.63253784179688,95.05255126953125,18142
2007-03-15,121.93401336669922,135.18771362304688,121.93401336669922,123.52445983886719,100.66928100585938,74192
2007-03-16,126.7053451538086,127.2354965209961,122.46416473388672,125.11489868164062,101.96544647216797,20470
2007-03-19,125.11489868164062,125.11489868164062,120.34357452392578,122.46416473388672,99.80516815185547,20004
2007-03-20,122.99430847167969,125.11489868164062,120.87371826171875,124.58475494384766,101.53340148925781,21890
2007-03-21,122.46416473388672,124.58475494384766,121.40386962890625,121.93401336669922,99.37311553955078,19914
2007-03-22,126.17520141601562,126.17520141601562,116.10238647460938,116.63253784179688,95.05255126953125,39441
2007-03-23,116.63253784179688,116.63253784179688,107.08987426757812,112.39134979248047,91.5960922241211,19961
2007-03-26,111.3310546875,111.3310546875,107.08987426757812,107.08987426757812,87.27552032470703,15809
2007-03-27,107.08987426757812,107.62002563476562,99.66780090332031,102.84869384765625,83.81906127929688,29630
2007-03-28,100.72809600830078,111.3310546875,100.72809600830078,108.6803207397461,88.57168579101562,40168
2007-03-29,109.74061584472656,140.48919677734375,109.74061584472656,130.4163818359375,106.28602600097656,168393
2007-03-30,132.53697204589844,137.8384552001953,127.2354965209961,132.00682067871094,107.58219146728516,49949
2007-04-02,132.53697204589844,135.18771362304688,120.87371826171875,121.93401336669922,99.37311553955078,26936
2007-04-03,129.3560791015625,129.88623046875,121.40386962890625,124.58475494384766,101.53340148925781,35160
2007-04-04,127.2354965209961,166.99658203125,127.2354965209961,156.3936309814453,127.4568099975586,296128
2007-04-10,164.34584045410156,198.8054656982422,161.6951141357422,169.64732360839844,138.25823974609375,319149
2007-04-11,174.9488067626953,182.90101623535156,159.04437255859375,159.04437255859375,129.6171112060547,113526
2007-04-12,159.04437255859375,177.59954833984375,148.44140625,153.74288940429688,125.29652404785156,115237
2007-04-13,159.04437255859375,190.85324096679688,151.09214782714844,161.6951141357422,131.77740478515625,227782
2007-04-16,161.6951141357422,161.6951141357422,161.6951141357422,161.6951141357422,131.77740478515625,0
2007-04-17,196.15472412109375,222.662109375,159.04437255859375,214.70989990234375,174.9830780029297,677110
2007-04-18,212.0591583251953,212.0591583251953,188.20249938964844,198.8054656982422,162.02137756347656,303899
2007-04-19,196.15472412109375,198.8054656982422,180.2502899169922,185.5517578125,151.21995544433594,88143
2007-04-20,190.85324096679688,196.15472412109375,185.5517578125,188.20249938964844,153.38021850585938,76812
2007-04-23,190.85324096679688,193.5039825439453,177.59954833984375,180.2502899169922,146.89938354492188,68523
2007-04-24,177.59954833984375,182.90101623535156,164.34584045410156,177.59954833984375,144.73910522460938,93018
2007-04-25,177.59954833984375,180.2502899169922,161.6951141357422,169.64732360839844,138.25823974609375,48142
2007-04-26,174.9488067626953,180.2502899169922,161.6951141357422,172.29806518554688,140.4185333251953,68477
2007-04-27,169.64732360839844,185.5517578125,164.34584045410156,182.90101623535156,149.05966186523438,126619
2007-04-30,185.5517578125,190.85324096679688,182.90101623535156,185.5517578125,151.21995544433594,132984
2007-05-02,185.5517578125,188.20249938964844,172.29806518554688,188.20249938964844,153.38021850585938,88087
2007-05-03,188.20249938964844,188.20249938964844,174.9488067626953,177.59954833984375,144.73910522460938,60851
2007-05-04,177.59954833984375,180.2502899169922,172.29806518554688,177.59954833984375,144.73910522460938,35369
2007-05-07,180.2502899169922,188.20249938964844,180.2502899169922,185.5517578125,151.21995544433594,99885
2007-05-08,185.5517578125,185.5517578125,174.9488067626953,177.59954833984375,144.73910522460938,48438
2007-05-09,177.59954833984375,180.2502899169922,172.29806518554688,172.29806518554688,140.4185333251953,47009
2007-05-10,172.29806518554688,180.2502899169922,172.29806518554688,177.59954833984375,144.73910522460938,43186
2007-05-11,159.04437255859375,169.64732360839844,143.1399383544922,156.3936309814453,127.4568099975586,319510
2007-05-14,161.6951141357422,161.6951141357422,129.88623046875,140.48919677734375,114.49510192871094,243412
2007-05-15,145.79066467285156,159.04437255859375,137.8384552001953,148.44140625,120.97595977783203,265
2007-05-16,153.74288940429688,161.6951141357422,153.74288940429688,161.6951141357422,131.77740478515625,204996
2007-05-17,164.34584045410156,166.99658203125,151.09214782714844,159.04437255859375,129.6171112060547,107365
2007-05-18,161.6951141357422,161.6951141357422,148.44140625,156.3936309814453,127.4568099975586,83872
2007-05-21,161.6951141357422,169.64732360839844,153.74288940429688,169.64732360839844,138.25823974609375,156340
2007-05-22,182.90101623535156,182.90101623535156,172.29806518554688,182.90101623535156,149.05966186523438,159759
2007-05-23,182.90101623535156,182.90101623535156,182.90101623535156,182.90101623535156,149.05966186523438,0
2007-05-25,182.90101623535156,182.90101623535156,182.90101623535156,182.90101623535156,149.05966186523438,0
2007-05-28,209.40841674804688,214.70989990234375,182.90101623535156,190.85324096679688,155.54051208496094,399019
2007-05-29,193.5039825439453,196.15472412109375,169.64732360839844,177.59954833984375,144.73910522460938,209082
2007-05-30,174.9488067626953,193.5039825439453,166.99658203125,188.20249938964844,153.38021850585938,145
2007-05-31,201.45619201660156,209.40841674804688,196.15472412109375,201.45619201660156,164.18167114257812,278219
2007-06-01,204.10693359375,243.86802673339844,204.10693359375,230.6143341064453,187.94479370117188,951584
2007-06-04,241.21728515625,243.86802673339844,212.0591583251953,220.01136779785156,179.30364990234375,307448
2007-06-05,222.662109375,225.31285095214844,193.5039825439453,209.40841674804688,170.6625213623047,190790
2007-06-06,206.75767517089844,217.3606414794922,204.10693359375,206.75767517089844,168.50222778320312,62478
2007-06-07,201.45619201660156,222.662109375,196.15472412109375,212.0591583251953,172.8227996826172,139136
2007-06-08,209.40841674804688,235.9158172607422,206.75767517089844,233.26507568359375,190.1051025390625,284031
2007-06-11,254.4709930419922,376.4049987792969,251.82025146484375,355.1990966796875,289.47821044921875,880
2007-06-12,355.1990966796875,355.1990966796875,355.1990966796875,355.1990966796875,289.47821044921875,0
2007-06-13,355.1990966796875,355.1990966796875,355.1990966796875,355.1990966796875,289.47821044921875,0
2007-06-14,355.1990966796875,355.1990966796875,355.1990966796875,355.1990966796875,289.47821044921875,0
2007-06-15,355.1990966796875,355.1990966796875,355.1990966796875,355.1990966796875,289.47821044921875,0
2007-06-18,355.1990966796875,355.1990966796875,355.1990966796875,355.1990966796875,289.47821044921875,0
2007-06-20,355.1990966796875,355.1990966796875,355.1990966796875,355.1990966796875,289.47821044921875,0
2007-06-21,355.1990966796875,355.1990966796875,355.1990966796875,355.1990966796875,289.47821044921875,0
2007-06-22,355.1990966796875,355.1990966796875,355.1990966796875,355.1990966796875,289.47821044921875,0
2007-06-25,355.1990966796875,355.1990966796875,355.1990966796875,355.1990966796875,289.47821044921875,0
2007-06-26,355.1990966796875,355.1990966796875,355.1990966796875,355.1990966796875,289.47821044921875,0
2007-06-27,318.0887451171875,339.2946472167969,259.7724609375,328.6916809082031,267.8753356933594,584178
2007-06-28,344.59613037109375,397.6109313964844,339.2946472167969,376.4049987792969,306.76043701171875,437777
2007-06-29,387.0079650878906,387.0079650878906,333.9931640625,344.59613037109375,280.8370666503906,273479
2007-07-03,349.8976135253906,365.8020324707031,328.6916809082031,339.2946472167969,276.5164794921875,137874
2007-07-04,339.2946472167969,339.2946472167969,291.5813293457031,323.3902282714844,263.5548095703125,108251
2007-07-05,328.6916809082031,333.9931640625,312.7872619628906,318.0887451171875,259.2342224121094,49216
2007-07-06,318.0887451171875,349.8976135253906,318.0887451171875,344.59613037109375,280.8370666503906,112988
2007-07-09,360.5005798339844,381.70648193359375,333.9931640625,333.9931640625,272.1959228515625,140402
2007-07-10,344.59613037109375,349.8976135253906,328.6916809082031,344.59613037109375,280.8370666503906,55768
2007-07-11,349.8976135253906,349.8976135253906,323.3902282714844,339.2946472167969,276.5164794921875,50842
2007-07-12,339.2946472167969,365.8020324707031,323.3902282714844,344.59613037109375,280.8370666503906,191806
2007-07-13,360.5005798339844,360.5005798339844,333.9931640625,333.9931640625,272.1959228515625,83779
2007-07-16,344.59613037109375,349.8976135253906,323.3902282714844,349.8976135253906,285.15765380859375,127996
2007-07-17,349.8976135253906,365.8020324707031,344.59613037109375,349.8976135253906,285.15765380859375,155664
2007-07-18,349.8976135253906,349.8976135253906,349.8976135253906,349.8976135253906,285.15765380859375,0
2007-07-19,349.8976135253906,349.8976135253906,349.8976135253906,349.8976135253906,285.15765380859375,0
2007-07-20,349.8976135253906,349.8976135253906,349.8976135253906,349.8976135253906,285.15765380859375,0
2007-07-23,339.2946472167969,360.5005798339844,328.6916809082031,339.2946472167969,276.5164794921875,161896
2007-07-24,344.59613037109375,344.59613037109375,323.3902282714844,333.9931640625,272.1959228515625,88451
2007-07-25,333.9931640625,339.2946472167969,323.3902282714844,333.9931640625,272.1959228515625,96425
2007-07-26,339.2946472167969,339.2946472167969,323.3902282714844,328.6916809082031,267.8753356933594,93758
2007-07-27,312.7872619628906,328.6916809082031,291.5813293457031,307.48577880859375,250.59304809570312,110919
2007-07-30,296.8828125,318.0887451171875,296.8828125,302.1842956542969,246.27249145507812,43
2007-07-31,312.7872619628906,318.0887451171875,307.48577880859375,312.7872619628906,254.9136199951172,45190
2007-08-01,307.48577880859375,312.7872619628906,275.6769104003906,291.5813293457031,237.63133239746094,48770
2007-08-02,291.5813293457031,296.8828125,233.26507568359375,270.37542724609375,220.34906005859375,131674
2007-08-03,280.9783935546875,286.2798767089844,270.37542724609375,280.9783935546875,228.99020385742188,41196
2007-08-06,265.0739440917969,286.2798767089844,259.7724609375,262.4232177734375,213.86822509765625,76720
2007-08-07,270.37542724609375,275.6769104003906,193.5039825439453,206.75767517089844,168.50222778320312,111659
2007-08-08,212.0591583251953,238.56655883789062,206.75767517089844,214.70989990234375,174.9830780029297,54
2007-08-09,227.96359252929688,227.96359252929688,201.45619201660156,214.70989990234375,174.9830780029297,34330
2007-08-10,196.15472412109375,206.75767517089844,185.5517578125,201.45619201660156,164.18167114257812,14394
2007-08-13,206.75767517089844,227.96359252929688,206.75767517089844,214.70989990234375,174.9830780029297,19971
2007-08-14,217.3606414794922,243.86802673339844,214.70989990234375,243.86802673339844,198.74623107910156,44666
2007-08-15,233.26507568359375,233.26507568359375,220.01136779785156,225.31285095214844,183.6242218017578,47345
2007-08-16,217.3606414794922,217.3606414794922,193.5039825439453,206.75767517089844,168.50222778320312,52
2007-08-17,212.0591583251953,212.0591583251953,166.99658203125,196.15472412109375,159.86111450195312,63402
2007-08-20,206.75767517089844,217.3606414794922,201.45619201660156,201.45619201660156,164.18167114257812,22559
2007-08-21,201.45619201660156,209.40841674804688,185.5517578125,204.10693359375,166.34193420410156,23750
2007-08-22,206.75767517089844,206.75767517089844,193.5039825439453,198.8054656982422,162.02137756347656,12740
2007-08-23,204.10693359375,217.3606414794922,204.10693359375,214.70989990234375,174.9830780029297,33962
2007-08-24,214.70989990234375,230.6143341064453,206.75767517089844,227.96359252929688,185.78451538085938,43950
2007-08-27,238.56655883789062,243.86802673339844,227.96359252929688,227.96359252929688,185.78451538085938,39252
2007-08-28,233.26507568359375,233.26507568359375,206.75767517089844,209.40841674804688,170.6625213623047,33368
2007-08-29,206.75767517089844,209.40841674804688,193.5039825439453,206.75767517089844,168.50222778320312,31029
2007-08-30,212.0591583251953,222.662109375,204.10693359375,206.75767517089844,168.50222778320312,22176
2007-08-31,212.0591583251953,217.3606414794922,212.0591583251953,212.0591583251953,172.8227996826172,16710
2007-09-03,212.0591583251953,227.96359252929688,212.0591583251953,222.662109375,181.46392822265625,27180
2007-09-04,227.96359252929688,257.1217346191406,222.662109375,246.51876831054688,200.906494140625,140617
2007-09-05,254.4709930419922,270.37542724609375,249.1695098876953,254.4709930419922,207.3873748779297,97833
2007-09-06,251.82025146484375,254.4709930419922,241.21728515625,251.82025146484375,205.22706604003906,31613
2007-09-07,254.4709930419922,270.37542724609375,251.82025146484375,270.37542724609375,220.34906005859375,58444
2007-09-10,262.4232177734375,286.2798767089844,238.56655883789062,286.2798767089844,233.31082153320312,117642
2007-09-11,291.5813293457031,312.7872619628906,286.2798767089844,291.5813293457031,237.63133239746094,107668
2007-09-12,296.8828125,307.48577880859375,280.9783935546875,286.2798767089844,233.31082153320312,63237
2007-09-13,291.5813293457031,291.5813293457031,291.5813293457031,291.5813293457031,237.63133239746094,0
2007-09-14,291.5813293457031,291.5813293457031,291.5813293457031,291.5813293457031,237.63133239746094,0
2007-09-17,280.9783935546875,286.2798767089844,259.7724609375,270.37542724609375,220.34906005859375,65120
2007-09-18,275.6769104003906,312.7872619628906,270.37542724609375,312.7872619628906,254.9136199951172,90786
2007-09-19,307.48577880859375,307.48577880859375,307.48577880859375,307.48577880859375,250.59304809570312,0
2007-09-20,291.5813293457031,323.3902282714844,251.82025146484375,262.4232177734375,213.86822509765625,213544
2007-09-21,265.0739440917969,265.0739440917969,217.3606414794922,227.96359252929688,185.78451538085938,125426
2007-09-24,238.56655883789062,238.56655883789062,196.15472412109375,209.40841674804688,170.6625213623047,57076
2007-09-25,212.0591583251953,251.82025146484375,209.40841674804688,220.01136779785156,179.30364990234375,132516
2007-09-27,225.31285095214844,225.31285095214844,204.10693359375,212.0591583251953,172.8227996826172,48948
2007-09-28,212.0591583251953,214.70989990234375,201.45619201660156,201.45619201660156,164.18167114257812,23839
2007-10-02,209.40841674804688,225.31285095214844,204.10693359375,212.0591583251953,172.8227996826172,32581
2007-10-03,204.10693359375,206.75767517089844,196.15472412109375,198.8054656982422,162.02137756347656,249302
2007-10-04,198.8054656982422,220.01136779785156,196.15472412109375,212.0591583251953,172.8227996826172,51265
2007-10-05,217.3606414794922,259.7724609375,212.0591583251953,241.21728515625,196.58592224121094,179572
2007-10-08,241.21728515625,249.1695098876953,212.0591583251953,220.01136779785156,179.30364990234375,48491
2007-10-09,214.70989990234375,227.96359252929688,212.0591583251953,217.3606414794922,177.14337158203125,18787
2007-10-10,222.662109375,222.662109375,214.70989990234375,217.3606414794922,177.14337158203125,16247
2007-10-11,222.662109375,233.26507568359375,212.0591583251953,212.0591583251953,172.8227996826172,46098
2007-10-12,212.0591583251953,217.3606414794922,209.40841674804688,212.0591583251953,172.8227996826172,17744
2007-10-15,217.3606414794922,220.01136779785156,206.75767517089844,212.0591583251953,172.8227996826172,30790
2007-10-16,217.3606414794922,225.31285095214844,196.15472412109375,209.40841674804688,170.6625213623047,88522
2007-10-17,209.40841674804688,209.40841674804688,193.5039825439453,196.15472412109375,159.86111450195312,52325
2007-10-18,196.15472412109375,204.10693359375,196.15472412109375,198.8054656982422,162.02137756347656,27062
2007-10-22,198.8054656982422,198.8054656982422,174.9488067626953,190.85324096679688,155.54051208496094,23634
2007-10-23,190.85324096679688,190.85324096679688,190.85324096679688,190.85324096679688,155.54051208496094,0
2007-10-24,227.96359252929688,230.6143341064453,193.5039825439453,198.8054656982422,162.02137756347656,141430
2007-10-25,201.45619201660156,206.75767517089844,196.15472412109375,201.45619201660156,164.18167114257812,48590
2007-10-26,204.10693359375,206.75767517089844,198.8054656982422,201.45619201660156,164.18167114257812,34531
2007-10-29,204.10693359375,204.10693359375,193.5039825439453,201.45619201660156,164.18167114257812,37650
2007-10-30,201.45619201660156,214.70989990234375,196.15472412109375,212.0591583251953,172.8227996826172,123431
2007-10-31,217.3606414794922,217.3606414794922,201.45619201660156,206.75767517089844,168.50222778320312,53381
2007-11-01,212.0591583251953,217.3606414794922,204.10693359375,204.10693359375,166.34193420410156,144807
2007-11-02,201.45619201660156,212.0591583251953,198.8054656982422,204.10693359375,166.34193420410156,36675
2007-11-05,204.10693359375,204.10693359375,185.5517578125,190.85324096679688,155.54051208496094,67528
2007-11-06,188.20249938964844,193.5039825439453,185.5517578125,188.20249938964844,153.38021850585938,22137
2007-11-07,193.5039825439453,198.8054656982422,190.85324096679688,193.5039825439453,157.7008056640625,24206
2007-11-08,188.20249938964844,188.20249938964844,182.90101623535156,182.90101623535156,149.05966186523438,18089
2007-11-09,182.90101623535156,185.5517578125,177.59954833984375,180.2502899169922,146.89938354492188,19918
2007-11-12,177.59954833984375,185.5517578125,159.04437255859375,169.64732360839844,138.25823974609375,40336
2007-11-13,164.34584045410156,172.29806518554688,143.1399383544922,166.99658203125,136.09796142578125,48609
2007-11-14,169.64732360839844,177.59954833984375,148.44140625,153.74288940429688,125.29652404785156,110676
2007-11-15,159.04437255859375,159.04437255859375,132.53697204589844,140.48919677734375,114.49510192871094,93638
2007-11-16,135.18771362304688,140.48919677734375,121.93401336669922,137.8384552001953,112.33482360839844,87399
2007-11-19,140.48919677734375,148.44140625,132.53697204589844,148.44140625,120.97595977783203,54249
2007-11-20,140.48919677734375,148.44140625,137.8384552001953,145.79066467285156,118.81566619873047,35389
2007-11-21,148.44140625,148.44140625,137.8384552001953,145.79066467285156,118.81566619873047,31425
2007-11-22,143.1399383544922,145.79066467285156,135.18771362304688,143.1399383544922,116.65541076660156,16221
2007-11-23,145.79066467285156,145.79066467285156,137.8384552001953,143.1399383544922,116.65541076660156,23823
2007-11-26,145.79066467285156,145.79066467285156,135.18771362304688,140.48919677734375,114.49510192871094,25125
2007-11-27,135.18771362304688,137.8384552001953,131.4766845703125,135.18771362304688,110.17453002929688,24201
2007-11-28,135.18771362304688,135.18771362304688,129.88623046875,135.18771362304688,110.17453002929688,12015
2007-11-29,135.18771362304688,135.18771362304688,130.4163818359375,135.18771362304688,110.17453002929688,19111
2007-11-30,130.4163818359375,135.18771362304688,130.4163818359375,135.18771362304688,110.17453002929688,12500
2007-12-03,135.18771362304688,137.8384552001953,127.2354965209961,132.00682067871094,107.58219146728516,23034
2007-12-04,131.4766845703125,135.18771362304688,131.4766845703125,135.18771362304688,110.17453002929688,10786
2007-12-05,135.18771362304688,135.18771362304688,130.946533203125,132.53697204589844,108.0142593383789,7828
2007-12-06,132.53697204589844,135.18771362304688,132.53697204589844,135.18771362304688,110.17453002929688,4451
2007-12-07,132.53697204589844,135.18771362304688,130.4163818359375,135.18771362304688,110.17453002929688,6602
2007-12-10,130.946533203125,135.18771362304688,130.946533203125,135.18771362304688,110.17453002929688,8639
2007-12-11,135.18771362304688,159.04437255859375,135.18771362304688,137.8384552001953,112.33482360839844,125059
2007-12-12,135.18771362304688,137.8384552001953,132.00682067871094,135.18771362304688,110.17453002929688,10827
2007-12-13,135.18771362304688,137.8384552001953,131.4766845703125,137.8384552001953,112.33482360839844,19041
2007-12-14,132.53697204589844,135.18771362304688,131.4766845703125,132.53697204589844,108.0142593383789,12732
2007-12-17,132.53697204589844,135.18771362304688,129.3560791015625,135.18771362304688,110.17453002929688,23804
2007-12-18,128.29579162597656,132.00682067871094,128.29579162597656,132.00682067871094,107.58219146728516,13298
2007-12-19,132.53697204589844,135.18771362304688,129.88623046875,131.4766845703125,107.150146484375,13203
2007-12-20,128.82594299316406,132.00682067871094,127.76564025878906,132.00682067871094,107.58219146728516,12340
2007-12-21,132.53697204589844,135.18771362304688,131.4766845703125,132.53697204589844,108.0142593383789,23484
2007-12-24,140.48919677734375,140.48919677734375,132.53697204589844,135.18771362304688,110.17453002929688,10148
2007-12-27,135.18771362304688,137.8384552001953,131.4766845703125,132.53697204589844,108.0142593383789,8320
2007-12-28,129.88623046875,132.53697204589844,127.2354965209961,132.53697204589844,108.0142593383789,11657
2007-12-31,130.4163818359375,132.53697204589844,129.3560791015625,132.53697204589844,108.0142593383789,6773
2008-01-02,132.00682067871094,135.18771362304688,130.4163818359375,132.53697204589844,108.0142593383789,15778
2008-01-03,130.946533203125,140.48919677734375,129.88623046875,137.8384552001953,112.33482360839844,38347
2008-01-04,137.8384552001953,140.48919677734375,132.53697204589844,132.53697204589844,108.0142593383789,15071
2008-01-07,132.53697204589844,140.48919677734375,132.00682067871094,132.53697204589844,108.0142593383789,43893
2008-01-08,132.00682067871094,135.18771362304688,132.00682067871094,132.53697204589844,108.0142593383789,9929
2008-01-09,132.53697204589844,132.53697204589844,130.946533203125,132.53697204589844,108.0142593383789,6903
2008-01-10,132.53697204589844,132.53697204589844,130.946533203125,132.00682067871094,107.58219146728516,17504
2008-01-11,132.53697204589844,132.53697204589844,129.88623046875,132.00682067871094,107.58219146728516,20428
2008-01-14,132.53697204589844,132.53697204589844,129.88623046875,132.53697204589844,108.0142593383789,10949
2008-01-15,132.53697204589844,132.53697204589844,129.3560791015625,132.53697204589844,108.0142593383789,19919
2008-01-16,132.00682067871094,135.18771362304688,126.17520141601562,135.18771362304688,110.17453002929688,23031
2008-01-17,130.4163818359375,132.53697204589844,129.3560791015625,132.53697204589844,108.0142593383789,17497
2008-01-18,128.29579162597656,132.53697204589844,127.2354965209961,132.53697204589844,108.0142593383789,20763
2008-01-21,135.18771362304688,143.1399383544922,132.53697204589844,137.8384552001953,112.33482360839844,43222
2008-01-22,132.53697204589844,135.18771362304688,121.93401336669922,130.946533203125,106.71808624267578,39965
2008-01-23,132.53697204589844,135.18771362304688,121.93401336669922,124.58475494384766,101.53340148925781,40875
2008-01-24,124.58475494384766,132.53697204589844,106.02957916259766,122.99430847167969,100.23721313476562,52325
2008-01-25,121.93401336669922,130.4163818359375,120.87371826171875,126.7053451538086,103.26162719726562,20560
2008-01-28,121.93401336669922,126.7053451538086,121.93401336669922,124.58475494384766,101.53340148925781,16976
2008-01-29,122.46416473388672,125.11489868164062,122.46416473388672,125.11489868164062,101.96544647216797,3961
2008-01-30,122.99430847167969,122.99430847167969,116.63253784179688,121.93401336669922,99.37311553955078,12355
2008-01-31,117.16268157958984,121.93401336669922,116.63253784179688,121.40386962890625,98.9410629272461,20560
2008-02-01,124.58475494384766,124.58475494384766,116.63253784179688,121.93401336669922,99.37311553955078,6847
2008-02-04,121.93401336669922,124.58475494384766,117.16268157958984,121.93401336669922,99.37311553955078,13901
2008-02-05,121.93401336669922,121.93401336669922,117.69283294677734,121.93401336669922,99.37311553955078,3451
2008-02-06,116.63253784179688,116.63253784179688,105.49942779541016,107.08987426757812,87.27552032470703,22936
2008-02-11,107.08987426757812,107.08987426757812,94.36632537841797,106.02957916259766,86.4113998413086,14301
2008-02-12,100.72809600830078,106.02957916259766,95.42662048339844,95.9567642211914,78.20232391357422,27426
2008-02-13,95.9567642211914,99.66780090332031,93.83617401123047,95.9567642211914,78.20232391357422,14448
2008-02-14,94.36632537841797,96.4869155883789,94.36632537841797,95.9567642211914,78.20232391357422,7774
2008-02-15,84.82366180419922,96.4869155883789,84.82366180419922,94.89646911621094,77.33819580078125,4036
2008-02-18,94.89646911621094,95.42662048339844,89.5949935913086,95.42662048339844,77.77025604248047,22031
2008-02-19,97.0170669555664,102.84869384765625,96.4869155883789,102.84869384765625,83.81906127929688,23672
2008-02-20,105.49942779541016,127.2354965209961,103.37883758544922,116.10238647460938,94.6204833984375,61077
2008-02-21,120.87371826171875,124.05460357666016,108.6803207397461,115.5722427368164,94.18843078613281,24917
2008-02-22,115.0420913696289,117.16268157958984,106.02957916259766,107.08987426757812,87.27552032470703,27124
2008-02-25,108.6803207397461,111.3310546875,103.90898895263672,107.08987426757812,87.27552032470703,11450
2008-02-26,106.02957916259766,111.3310546875,106.02957916259766,107.62002563476562,87.70758056640625,4756
2008-02-27,107.62002563476562,107.62002563476562,107.62002563476562,107.62002563476562,87.70758056640625,0
2008-02-28,107.62002563476562,107.62002563476562,107.62002563476562,107.62002563476562,87.70758056640625,0
2008-02-29,107.62002563476562,107.62002563476562,107.62002563476562,107.62002563476562,87.70758056640625,0
2008-03-03,107.62002563476562,107.62002563476562,107.62002563476562,107.62002563476562,87.70758056640625,0
2008-03-04,107.62002563476562,107.62002563476562,107.62002563476562,107.62002563476562,87.70758056640625,0
2008-03-05,107.62002563476562,107.62002563476562,107.62002563476562,107.62002563476562,87.70758056640625,0
2008-03-06,132.53697204589844,140.48919677734375,118.22297668457031,122.46416473388672,99.80516815185547,127681
2008-03-07,121.93401336669922,122.99430847167969,110.80091094970703,112.39134979248047,91.5960922241211,24747
2008-03-10,111.3310546875,111.3310546875,95.42662048339844,96.4869155883789,78.6343765258789,20447
2008-03-11,102.31854248046875,107.08987426757812,102.31854248046875,104.43913269042969,85.11522674560547,19217
2008-03-12,106.02957916259766,115.5722427368164,100.72809600830078,101.78839874267578,82.95494842529297,20986
2008-03-13,106.02957916259766,106.55972290039062,96.4869155883789,96.4869155883789,78.6343765258789,6922
2008-03-14,101.78839874267578,101.78839874267578,94.89646911621094,95.42662048339844,77.77025604248047,17073
2008-03-17,87.47440338134766,95.42662048339844,83.76336669921875,83.76336669921875,68.2650146484375,19164
2008-03-18,82.17292022705078,82.70307159423828,73.69055938720703,81.64277648925781,66.53677368164062,22512
2008-03-19,76.87144470214844,82.17292022705078,75.81114959716797,77.4015884399414,63.08032989501953,18202
2008-03-20,74.220703125,87.47440338134766,74.220703125,85.88395690917969,69.99323272705078,15354
2008-03-25,87.47440338134766,87.47440338134766,76.87144470214844,86.94425201416016,70.85734558105469,8469
2008-03-26,81.11262512207031,86.94425201416016,81.11262512207031,86.94425201416016,70.85734558105469,3395
2008-03-27,82.17292022705078,85.88395690917969,80.58248138427734,84.82366180419922,69.12911987304688,4432
2008-03-28,84.82366180419922,89.0648422241211,81.11262512207031,86.94425201416016,70.85734558105469,5111
2008-03-31,88.53469848632812,89.0648422241211,84.82366180419922,85.35381317138672,69.56117248535156,3433
2008-04-01,86.94425201416016,89.0648422241211,84.82366180419922,88.53469848632812,72.15351867675781,5489
2008-04-02,90.12513732910156,90.12513732910156,86.41410827636719,88.00454711914062,71.72146606445312,3451
2008-04-03,90.12513732910156,98.07736206054688,89.0648422241211,93.83617401123047,76.47409057617188,17278
2008-04-07,98.07736206054688,98.07736206054688,92.77587890625,97.0170669555664,79.06643676757812,5130
2008-04-08,95.42662048339844,95.42662048339844,93.83617401123047,95.42662048339844,77.77025604248047,1226
2008-04-09,92.77587890625,95.9567642211914,92.77587890625,93.83617401123047,76.47409057617188,3527
2008-04-10,92.77587890625,94.89646911621094,90.65528869628906,91.71558380126953,74.74586486816406,961
2008-04-11,95.42662048339844,96.4869155883789,91.71558380126953,91.71558380126953,74.74586486816406,5319
2008-04-14,94.36632537841797,95.42662048339844,90.12513732910156,91.18544006347656,74.31380462646484,3357
2008-04-15,95.9567642211914,99.66780090332031,92.77587890625,99.66780090332031,81.22671508789062,15071
2008-04-16,99.66780090332031,111.3310546875,99.66780090332031,108.6803207397461,88.57168579101562,31691
2008-04-17,109.74061584472656,135.18771362304688,109.74061584472656,124.58475494384766,101.53340148925781,127270
2008-04-18,124.58475494384766,124.58475494384766,124.58475494384766,124.58475494384766,101.53340148925781,0
2008-04-21,124.58475494384766,124.58475494384766,124.58475494384766,124.58475494384766,101.53340148925781,0
2008-04-22,124.58475494384766,124.58475494384766,124.58475494384766,124.58475494384766,101.53340148925781,0
2008-04-23,125.64505004882812,135.18771362304688,111.3310546875,118.75312805175781,96.78076934814453,65199
2008-04-24,127.2354965209961,127.2354965209961,118.22297668457031,122.46416473388672,99.80516815185547,24144
2008-04-25,124.05460357666016,124.05460357666016,116.63253784179688,118.22297668457031,96.34870910644531,12732
2008-04-28,116.63253784179688,118.22297668457031,109.74061584472656,110.80091094970703,90.29991149902344,14712
2008-04-29,111.3310546875,111.3310546875,106.02957916259766,107.08987426757812,87.27552032470703,15298
2008-04-30,104.96928405761719,106.02957916259766,102.84869384765625,104.43913269042969,85.11522674560547,9035
2008-05-02,104.43913269042969,109.74061584472656,103.90898895263672,107.62002563476562,87.70758056640625,4527
2008-05-05,100.72809600830078,111.3310546875,100.72809600830078,103.90898895263672,84.68317413330078,5771
2008-05-06,106.02957916259766,110.80091094970703,104.96928405761719,110.80091094970703,90.29991149902344,16441
2008-05-07,106.55972290039062,115.5722427368164,106.55972290039062,110.80091094970703,90.29991149902344,19711
2008-05-08,110.80091094970703,110.80091094970703,105.49942779541016,108.6803207397461,88.57168579101562,3659
2008-05-09,111.3310546875,111.3310546875,106.55972290039062,111.3310546875,90.73196411132812,9148
2008-05-13,111.3310546875,111.3310546875,104.96928405761719,106.55972290039062,86.84345245361328,10864
2008-05-14,106.02957916259766,106.02957916259766,103.37883758544922,103.37883758544922,84.25111389160156,12770
2008-05-15,103.37883758544922,103.37883758544922,100.72809600830078,101.25824737548828,82.52288818359375,8529
2008-05-16,101.25824737548828,105.49942779541016,100.72809600830078,101.78839874267578,82.95494842529297,1980
2008-05-19,101.78839874267578,102.31854248046875,98.07736206054688,102.31854248046875,83.38700103759766,7571
2008-05-20,97.0170669555664,105.49942779541016,97.0170669555664,100.72809600830078,82.09083557128906,2754
2008-05-21,98.60750579833984,102.31854248046875,98.60750579833984,102.31854248046875,83.38700103759766,1301
2008-05-22,99.13765716552734,100.72809600830078,98.60750579833984,100.19795227050781,81.65877532958984,1341
2008-05-23,100.72809600830078,101.78839874267578,100.19795227050781,100.72809600830078,82.09083557128906,2716
2008-05-26,102.84869384765625,103.37883758544922,97.0170669555664,100.72809600830078,82.09083557128906,3925
2008-05-27,97.0170669555664,100.72809600830078,92.77587890625,97.0170669555664,79.06643676757812,12845
2008-05-28,98.07736206054688,98.60750579833984,93.83617401123047,97.0170669555664,79.06643676757812,5111
2008-05-29,94.89646911621094,97.0170669555664,94.36632537841797,95.42662048339844,77.77025604248047,4090
2008-05-30,93.83617401123047,95.42662048339844,93.3060302734375,93.3060302734375,76.04203796386719,5602
2008-06-02,93.83617401123047,95.9567642211914,93.83617401123047,95.42662048339844,77.77025604248047,1150
2008-06-03,92.77587890625,100.19795227050781,92.77587890625,96.4869155883789,78.6343765258789,9194
2008-06-04,90.12513732910156,99.66780090332031,90.12513732910156,97.54721069335938,79.49848937988281,20786
2008-06-05,97.54721069335938,97.54721069335938,93.3060302734375,93.3060302734375,76.04203796386719,1659
2008-06-06,93.3060302734375,95.42662048339844,93.3060302734375,94.36632537841797,76.90614318847656,8582
2008-06-10,91.18544006347656,94.36632537841797,90.12513732910156,91.18544006347656,74.31380462646484,9733
2008-06-11,97.0170669555664,97.0170669555664,89.0648422241211,91.18544006347656,74.31380462646484,2810
2008-06-12,107.62002563476562,107.62002563476562,82.17292022705078,89.0648422241211,72.58557891845703,46826
2008-06-13,89.0648422241211,89.0648422241211,83.23321533203125,84.82366180419922,69.12911987304688,1452
2008-06-16,87.47440338134766,87.47440338134766,82.70307159423828,84.82366180419922,69.12911987304688,4237
2008-06-17,84.82366180419922,85.35381317138672,83.23321533203125,83.76336669921875,68.2650146484375,2263
2008-06-18,80.05233001708984,85.88395690917969,80.05233001708984,85.88395690917969,69.99323272705078,2489
2008-06-19,83.76336669921875,83.76336669921875,79.52218627929688,80.05233001708984,65.24060821533203,4640
2008-06-20,83.23321533203125,83.23321533203125,80.05233001708984,80.58248138427734,65.67266845703125,4413
2008-06-23,79.52218627929688,80.05233001708984,76.87144470214844,78.99203491210938,64.3764877319336,2621
2008-06-24,75.81114959716797,84.82366180419922,74.220703125,77.9317398071289,63.51238250732422,2801
2008-06-25,84.82366180419922,84.82366180419922,75.28099822998047,79.52218627929688,64.80855560302734,1018
2008-06-26,76.34129333496094,82.17292022705078,74.7508544921875,77.9317398071289,63.51238250732422,4889
2008-06-27,77.9317398071289,77.9317398071289,77.9317398071289,77.9317398071289,63.51238250732422,836
2008-06-30,75.81114959716797,77.9317398071289,74.220703125,77.9317398071289,63.51238250732422,7809
2008-07-02,75.28099822998047,84.29351806640625,74.7508544921875,81.11262512207031,66.10472106933594,7361
2008-07-03,75.28099822998047,75.28099822998047,74.220703125,74.7508544921875,60.9200439453125,5356
2008-07-04,73.69055938720703,73.69055938720703,67.85893249511719,72.10011291503906,58.759761810302734,6677
2008-07-07,72.10011291503906,78.4618911743164,68.91922760009766,78.4618911743164,63.94443893432617,4866
2008-07-08,74.7508544921875,77.9317398071289,74.220703125,74.7508544921875,60.9200439453125,4602
2008-07-09,68.91922760009766,78.99203491210938,68.91922760009766,75.81114959716797,61.784156799316406,2074
2008-07-10,72.63026428222656,76.87144470214844,72.10011291503906,74.220703125,60.487979888916016,7828
2008-07-11,71.0398178100586,75.28099822998047,71.0398178100586,74.220703125,60.487979888916016,3980
2008-07-14,72.10011291503906,74.220703125,71.56996154785156,73.69055938720703,60.0559196472168,4583
2008-07-15,74.220703125,74.220703125,71.0398178100586,73.16040802001953,59.623870849609375,2320
2008-07-16,73.16040802001953,73.16040802001953,68.38907623291016,68.91922760009766,56.16741180419922,1509
2008-07-17,74.220703125,76.87144470214844,71.56996154785156,71.56996154785156,58.32769775390625,2037
2008-07-18,71.56996154785156,74.220703125,71.0398178100586,74.220703125,60.487979888916016,2999
2008-07-21,74.220703125,74.220703125,66.79863739013672,74.220703125,60.487979888916016,3018
2008-07-22,74.220703125,77.4015884399414,69.44937133789062,75.28099822998047,61.35210037231445,1915
2008-07-23,71.56996154785156,75.28099822998047,70.5096664428711,73.69055938720703,60.0559196472168,792
2008-07-24,73.16040802001953,73.69055938720703,70.5096664428711,73.69055938720703,60.0559196472168,1037
2008-07-25,69.97952270507812,73.16040802001953,68.91922760009766,73.16040802001953,59.623870849609375,2697
2008-07-28,71.56996154785156,73.16040802001953,69.97952270507812,71.56996154785156,58.32769775390625,1320
2008-07-29,71.56996154785156,73.69055938720703,71.56996154785156,73.69055938720703,60.0559196472168,2282
2008-07-30,69.97952270507812,73.69055938720703,69.97952270507812,73.69055938720703,60.0559196472168,4621
2008-07-31,69.97952270507812,73.16040802001953,69.97952270507812,73.16040802001953,59.623870849609375,56
2008-08-01,73.16040802001953,73.16040802001953,68.38907623291016,68.38907623291016,55.7353515625,1433
2008-08-04,59.90671157836914,68.91922760009766,59.90671157836914,67.32878112792969,54.871238708496094,8884
2008-08-05,62.55744934082031,62.55744934082031,53.01478958129883,55.66552734375,45.36598205566406,3866
2008-08-06,55.66552734375,55.66552734375,55.66552734375,55.66552734375,45.36598205566406,0
2008-08-07,64.14789581298828,64.14789581298828,53.01478958129883,59.376564025878906,48.390384674072266,10129
2008-08-08,57.7861213684082,68.38907623291016,53.54493713378906,67.32878112792969,54.871238708496094,7224
2008-08-11,66.79863739013672,67.32878112792969,55.66552734375,66.26848602294922,54.00712966918945,4602
2008-08-12,62.55744934082031,64.14789581298828,56.72582244873047,56.72582244873047,46.23009490966797,1414
2008-08-13,59.90671157836914,62.55744934082031,55.66552734375,62.55744934082031,50.982723236083984,1754
2008-08-14,57.25597381591797,62.55744934082031,57.25597381591797,60.96700668334961,49.68655776977539,3055
2008-08-15,56.72582244873047,60.96700668334961,56.72582244873047,60.436859130859375,49.25450134277344,434
2008-08-18,54.60523223876953,59.90671157836914,53.54493713378906,53.54493713378906,43.637760162353516,4909
2008-08-19,57.25597381591797,57.25597381591797,53.54493713378906,53.54493713378906,43.637760162353516,3451
2008-08-20,60.436859130859375,60.436859130859375,53.01478958129883,59.376564025878906,48.390384674072266,3358
2008-08-21,50.36404800415039,58.84641647338867,50.36404800415039,57.7861213684082,47.094215393066406,4074
2008-08-22,57.7861213684082,57.7861213684082,57.7861213684082,57.7861213684082,47.094215393066406,0
2008-08-25,58.31626892089844,61.497154235839844,55.135379791259766,55.135379791259766,44.933929443359375,2433
2008-08-26,53.01478958129883,60.436859130859375,53.01478958129883,57.25597381591797,46.66215515136719,11034
2008-08-27,57.7861213684082,58.31626892089844,54.0750846862793,55.135379791259766,44.933929443359375,2414
2008-08-28,54.0750846862793,55.66552734375,53.01478958129883,55.66552734375,45.36598205566406,8073
2008-08-29,56.72582244873047,56.72582244873047,53.01478958129883,56.72582244873047,46.23009490966797,5475
2008-09-01,54.60523223876953,56.195674896240234,54.0750846862793,56.195674896240234,45.79804611206055,6601
2008-09-02,59.376564025878906,59.376564025878906,53.01478958129883,56.195674896240234,45.79804611206055,622
2008-09-03,53.01478958129883,55.135379791259766,53.01478958129883,55.135379791259766,44.933929443359375,3508
2008-09-04,51.95449447631836,53.01478958129883,51.95449447631836,53.01478958129883,43.2056999206543,1565
2008-09-05,57.25597381591797,57.25597381591797,49.30375289916992,54.60523223876953,44.501869201660156,3678
2008-09-08,53.01478958129883,53.01478958129883,51.95449447631836,53.01478958129883,43.2056999206543,8175
2008-09-09,52.484642028808594,53.01478958129883,50.36404800415039,53.01478958129883,43.2056999206543,4652
2008-09-10,54.0750846862793,54.0750846862793,49.30375289916992,52.484642028808594,42.77364730834961,12529
2008-09-11,51.42434310913086,51.42434310913086,47.71331024169922,49.833900451660156,40.61335754394531,10110
2008-09-12,52.484642028808594,52.484642028808594,49.833900451660156,50.894195556640625,41.47747039794922,7960
2008-09-16,57.25597381591797,57.25597381591797,37.1103515625,50.36404800415039,41.04541778564453,8865
2008-09-17,44.00227355957031,48.24345779418945,42.41183090209961,48.24345779418945,39.31718826293945,7413
2008-09-18,37.1103515625,50.894195556640625,31.80887222290039,50.894195556640625,41.47747039794922,22637
2008-09-19,42.41183090209961,50.894195556640625,42.41183090209961,47.183162689208984,38.45307159423828,4339
2008-09-22,44.53242111206055,44.53242111206055,42.41183090209961,44.53242111206055,36.292789459228516,2640
2008-09-23,39.76109313964844,40.821388244628906,38.7007942199707,38.7007942199707,31.540164947509766,7224
2008-09-24,34.45961380004883,42.41183090209961,34.45961380004883,41.881683349609375,34.13250732421875,1905
2008-09-25,37.1103515625,41.35153579711914,37.1103515625,40.29124069213867,32.836334228515625,7733
2008-09-26,39.76109313964844,39.76109313964844,36.580204010009766,36.580204010009766,29.811935424804688,7865
2008-09-29,36.05005645751953,39.76109313964844,35.5199089050293,37.1103515625,30.243989944458008,4885
2008-09-30,34.45961380004883,36.580204010009766,30.218429565429688,36.580204010009766,29.811935424804688,2584
2008-10-02,36.580204010009766,36.580204010009766,31.80887222290039,34.45961380004883,28.08370590209961,7469
2008-10-03,31.80887222290039,33.929466247558594,30.748577117919922,31.278724670410156,25.491361618041992,9242
2008-10-06,34.45961380004883,34.45961380004883,28.097837448120117,30.748577117919922,25.059303283691406,3225
2008-10-08,26.507394790649414,26.507394790649414,21.205915451049805,21.205915451049805,17.28227996826172,18721
2008-10-09,19.6154727935791,21.205915451049805,18.025028228759766,20.145618438720703,16.41816520690918,39455
2008-10-10,19.085323333740234,20.145618438720703,16.964731216430664,17.49488067626953,14.257881164550781,12751
2008-10-13,17.49488067626953,21.205915451049805,15.904436111450195,21.205915451049805,17.28227996826172,6469
2008-10-14,22.266210556030273,22.266210556030273,17.49488067626953,21.205915451049805,17.28227996826172,15769
2008-10-15,20.67576789855957,20.67576789855957,18.55517578125,20.67576789855957,16.850223541259766,5187
2008-10-16,18.025028228759766,20.67576789855957,18.025028228759766,20.67576789855957,16.850223541259766,1131
2008-10-17,19.085323333740234,20.145618438720703,19.085323333740234,19.085323333740234,15.55405044555664,565
2008-10-20,22.266210556030273,22.266210556030273,16.43458366394043,20.145618438720703,16.41816520690918,1527
2008-10-21,25.977245330810547,25.977245330810547,20.145618438720703,20.145618438720703,16.41816520690918,584
2008-10-22,16.964731216430664,20.145618438720703,16.43458366394043,20.145618438720703,16.41816520690918,1024
2008-10-23,14.844141006469727,20.145618438720703,13.253697395324707,20.145618438720703,16.41816520690918,2885
2008-10-24,15.904436111450195,20.145618438720703,15.904436111450195,19.6154727935791,15.986109733581543,150
2008-10-27,12.723548889160156,19.6154727935791,12.723548889160156,17.49488067626953,14.257881164550781,608
2008-10-28,7.952218055725098,18.025028228759766,7.952218055725098,18.025028228759766,14.689940452575684,1630
2008-10-29,13.253697395324707,18.025028228759766,13.253697395324707,16.964731216430664,13.825823783874512,5244
2008-10-30,16.964731216430664,26.507394790649414,16.43458366394043,19.085323333740234,15.55405044555664,2772
2008-10-31,20.145618438720703,20.145618438720703,14.844141006469727,19.085323333740234,15.55405044555664,4376
2008-11-03,18.55517578125,18.55517578125,17.49488067626953,18.025028228759766,14.689940452575684,999
2008-11-04,18.025028228759766,21.73606300354004,18.025028228759766,21.73606300354004,17.714336395263672,5621
2008-11-05,21.205915451049805,22.796358108520508,20.145618438720703,22.266210556030273,18.146394729614258,5470
2008-11-06,19.085323333740234,21.205915451049805,18.025028228759766,21.205915451049805,17.28227996826172,2546
2008-11-07,22.796358108520508,63.61774826049805,21.73606300354004,29.688282012939453,24.195192337036133,12449
2008-11-10,29.688282012939453,31.278724670410156,25.447097778320312,30.748577117919922,25.059303283691406,4055
2008-11-11,32.339019775390625,32.339019775390625,29.15813446044922,29.15813446044922,23.763137817382812,3263
2008-11-12,31.80887222290039,33.39931869506836,28.627986907958984,32.86916732788086,26.787532806396484,5432
2008-11-13,32.339019775390625,32.86916732788086,30.218429565429688,32.86916732788086,26.787532806396484,1584
2008-11-14,32.86916732788086,37.1103515625,31.80887222290039,31.80887222290039,25.923419952392578,2131
2008-11-17,36.580204010009766,36.580204010009766,30.748577117919922,30.748577117919922,25.059303283691406,2471
2008-11-18,32.86916732788086,32.86916732788086,26.507394790649414,26.507394790649414,21.60284996032715,3168
2008-11-19,26.507394790649414,26.507394790649414,23.85665512084961,26.507394790649414,21.60284996032715,7809
2008-11-20,23.85665512084961,25.447097778320312,23.85665512084961,25.447097778320312,20.73873519897461,5187
2008-11-21,23.85665512084961,25.977245330810547,22.796358108520508,25.977245330810547,21.170793533325195,264
2008-11-24,26.507394790649414,30.748577117919922,26.507394790649414,26.507394790649414,21.60284996032715,396
2008-11-25,31.80887222290039,31.80887222290039,24.386802673339844,26.507394790649414,21.60284996032715,433
2008-11-26,26.507394790649414,27.03754234313965,26.507394790649414,27.03754234313965,22.034908294677734,584
2008-11-27,29.15813446044922,29.15813446044922,22.796358108520508,23.85665512084961,19.442564010620117,377
2008-11-28,23.85665512084961,23.85665512084961,23.85665512084961,23.85665512084961,19.442564010620117,0
2008-12-01,25.447097778320312,25.447097778320312,25.447097778320312,25.447097778320312,20.73873519897461,1886
2008-12-02,24.386802673339844,25.977245330810547,21.73606300354004,25.977245330810547,21.170793533325195,5790
2008-12-03,27.567689895629883,27.567689895629883,26.507394790649414,26.507394790649414,21.60284996032715,18
2008-12-04,28.627986907958984,28.627986907958984,25.977245330810547,25.977245330810547,21.170793533325195,1716
2008-12-05,23.326507568359375,23.85665512084961,22.796358108520508,23.326507568359375,19.010509490966797,4300
2008-12-08,25.977245330810547,25.977245330810547,21.73606300354004,23.85665512084961,19.442564010620117,7903
2008-12-09,15.904436111450195,23.85665512084961,15.904436111450195,23.85665512084961,19.442564010620117,817
2008-12-10,23.85665512084961,25.977245330810547,22.266210556030273,24.386802673339844,19.874622344970703,4753
2008-12-11,22.796358108520508,24.386802673339844,22.796358108520508,23.85665512084961,19.442564010620117,716
2008-12-12,17.49488067626953,24.386802673339844,17.49488067626953,24.386802673339844,19.874622344970703,381
2008-12-15,22.796358108520508,25.977245330810547,22.796358108520508,24.386802673339844,19.874622344970703,5356
2008-12-16,23.326507568359375,25.447097778320312,23.326507568359375,24.916950225830078,20.306678771972656,1905
2008-12-17,25.977245330810547,26.507394790649414,22.796358108520508,23.85665512084961,19.442564010620117,3885
2008-12-18,22.796358108520508,24.916950225830078,22.796358108520508,24.916950225830078,20.306678771972656,528
2008-12-19,29.15813446044922,29.15813446044922,23.85665512084961,23.85665512084961,19.442564010620117,3018
2008-12-22,26.507394790649414,26.507394790649414,25.447097778320312,25.447097778320312,20.73873519897461,207
2008-12-23,20.145618438720703,24.386802673339844,20.145618438720703,22.796358108520508,18.578449249267578,3893
2008-12-24,23.326507568359375,23.85665512084961,23.326507568359375,23.85665512084961,19.442564010620117,2829
2008-12-29,23.326507568359375,25.447097778320312,23.326507568359375,24.386802673339844,19.874622344970703,1886
2008-12-30,23.85665512084961,23.85665512084961,23.85665512084961,23.85665512084961,19.442564010620117,0
2008-12-31,23.85665512084961,24.386802673339844,23.85665512084961,24.386802673339844,19.874622344970703,980
2009-01-02,24.916950225830078,25.447097778320312,24.916950225830078,25.447097778320312,20.73873519897461,1150
2009-01-05,25.447097778320312,25.977245330810547,22.796358108520508,25.977245330810547,21.170793533325195,4055
2009-01-06,25.447097778320312,27.567689895629883,21.205915451049805,23.85665512084961,19.442564010620117,41001
2009-01-07,25.977245330810547,26.507394790649414,23.326507568359375,23.326507568359375,19.010509490966797,19956
2009-01-08,24.386802673339844,24.386802673339844,23.326507568359375,23.326507568359375,19.010509490966797,6356
2009-01-09,23.326507568359375,24.916950225830078,23.326507568359375,24.386802673339844,19.874622344970703,7092
2009-01-12,24.386802673339844,24.386802673339844,22.796358108520508,22.796358108520508,18.578449249267578,5074
2009-01-13,22.266210556030273,23.85665512084961,19.085323333740234,20.145618438720703,16.41816520690918,10695
2009-01-14,21.205915451049805,22.266210556030273,18.025028228759766,18.55517578125,15.121994972229004,16750
2009-01-15,18.55517578125,21.205915451049805,18.55517578125,18.55517578125,15.121994972229004,6205
2009-01-16,19.085323333740234,21.205915451049805,19.085323333740234,20.145618438720703,16.41816520690918,2848
2009-01-19,20.145618438720703,20.145618438720703,19.6154727935791,19.6154727935791,15.986109733581543,2093
2009-01-20,19.6154727935791,19.6154727935791,19.6154727935791,19.6154727935791,15.986109733581543,188
2009-01-21,10.602956771850586,20.145618438720703,10.602956771850586,20.145618438720703,16.41816520690918,113
2009-01-22,18.025028228759766,19.6154727935791,17.49488067626953,19.6154727935791,15.986109733581543,2377
2009-01-23,20.145618438720703,20.145618438720703,18.025028228759766,18.025028228759766,14.689940452575684,2640
2009-01-29,16.964731216430664,20.145618438720703,16.964731216430664,20.145618438720703,16.41816520690918,377
2009-01-30,21.205915451049805,23.326507568359375,21.205915451049805,22.266210556030273,18.146394729614258,452
2009-02-02,22.796358108520508,22.796358108520508,19.085323333740234,22.266210556030273,18.146394729614258,4489
2009-02-03,19.6154727935791,20.67576789855957,19.6154727935791,20.67576789855957,16.850223541259766,1999
2009-02-04,21.73606300354004,21.73606300354004,19.085323333740234,21.73606300354004,17.714336395263672,1678
2009-02-05,19.085323333740234,21.73606300354004,18.025028228759766,21.205915451049805,17.28227996826172,3131
2009-02-06,21.205915451049805,21.73606300354004,19.6154727935791,21.205915451049805,17.28227996826172,528
2009-02-09,19.085323333740234,21.205915451049805,18.55517578125,20.67576789855957,16.850223541259766,1905
2009-02-10,21.205915451049805,22.266210556030273,20.67576789855957,21.205915451049805,17.28227996826172,4527
2009-02-11,18.025028228759766,22.266210556030273,18.025028228759766,22.266210556030273,18.146394729614258,94
2009-02-12,22.266210556030273,22.266210556030273,22.266210556030273,22.266210556030273,18.146394729614258,94
2009-02-13,21.205915451049805,23.85665512084961,20.67576789855957,23.85665512084961,19.442564010620117,13401
2009-02-16,23.85665512084961,24.386802673339844,23.326507568359375,23.326507568359375,19.010509490966797,1848
2009-02-17,23.326507568359375,23.326507568359375,21.73606300354004,21.73606300354004,17.714336395263672,3640
2009-02-18,23.85665512084961,23.85665512084961,22.796358108520508,22.796358108520508,18.578449249267578,679
2009-02-19,22.796358108520508,26.507394790649414,20.67576789855957,24.386802673339844,19.874622344970703,6564
2009-02-20,24.386802673339844,24.916950225830078,22.266210556030273,22.266210556030273,18.146394729614258,3451
2009-02-23,23.85665512084961,24.916950225830078,20.145618438720703,21.73606300354004,17.714336395263672,1584
2009-02-24,20.67576789855957,21.73606300354004,20.67576789855957,20.67576789855957,16.850223541259766,1433
2009-02-25,21.73606300354004,23.326507568359375,21.73606300354004,23.326507568359375,19.010509490966797,188
2009-02-26,21.205915451049805,22.266210556030273,21.205915451049805,22.266210556030273,18.146394729614258,3470
2009-02-27,21.73606300354004,21.73606300354004,20.145618438720703,20.145618438720703,16.41816520690918,4413
2009-03-02,20.145618438720703,20.145618438720703,20.145618438720703,20.145618438720703,16.41816520690918,1886
2009-03-03,16.43458366394043,22.796358108520508,16.43458366394043,20.67576789855957,16.850223541259766,8800
2009-03-04,21.205915451049805,21.205915451049805,19.6154727935791,20.145618438720703,16.41816520690918,4809
2009-03-05,20.67576789855957,20.67576789855957,18.55517578125,20.67576789855957,16.850223541259766,3248
2009-03-06,15.904436111450195,19.085323333740234,15.904436111450195,18.55517578125,15.121994972229004,10723
2009-03-09,18.025028228759766,18.025028228759766,16.43458366394043,17.49488067626953,14.257881164550781,23597
2009-03-10,20.145618438720703,20.145618438720703,16.964731216430664,17.49488067626953,14.257881164550781,21411
2009-03-11,13.253697395324707,18.025028228759766,13.253697395324707,18.025028228759766,14.689940452575684,6004
2009-03-12,18.025028228759766,18.025028228759766,16.964731216430664,17.49488067626953,14.257881164550781,4791
2009-03-13,17.49488067626953,18.025028228759766,15.904436111450195,18.025028228759766,14.689940452575684,10808
2009-03-16,16.43458366394043,18.025028228759766,16.43458366394043,16.964731216430664,13.825823783874512,10600
2009-03-17,17.49488067626953,17.49488067626953,16.964731216430664,16.964731216430664,13.825823783874512,2716
2009-03-18,16.43458366394043,17.49488067626953,16.43458366394043,17.49488067626953,14.257881164550781,10166
2009-03-19,18.55517578125,18.55517578125,17.49488067626953,17.49488067626953,14.257881164550781,4413
2009-03-20,17.49488067626953,18.55517578125,17.49488067626953,18.025028228759766,14.689940452575684,4168
2009-03-23,17.49488067626953,20.145618438720703,17.49488067626953,19.6154727935791,15.986109733581543,6960
2009-03-24,20.67576789855957,21.205915451049805,19.6154727935791,21.205915451049805,17.28227996826172,24464
2009-03-25,21.205915451049805,23.85665512084961,21.205915451049805,23.326507568359375,19.010509490966797,31726
2009-03-26,23.326507568359375,31.278724670410156,22.796358108520508,29.15813446044922,23.763137817382812,45119
2009-03-27,30.218429565429688,52.484642028808594,30.218429565429688,49.30375289916992,40.18130111694336,173424
2009-03-30,55.135379791259766,71.56996154785156,54.0750846862793,56.72582244873047,46.23009490966797,274472
2009-03-31,60.436859130859375,67.32878112792969,58.31626892089844,63.61774826049805,51.84684371948242,125354
2009-04-01,66.26848602294922,66.26848602294922,53.54493713378906,54.60523223876953,44.501869201660156,53268
2009-04-02,54.60523223876953,60.96700668334961,54.60523223876953,57.25597381591797,46.66215515136719,43818
2009-04-03,57.25597381591797,60.436859130859375,56.72582244873047,57.7861213684082,47.094215393066406,19390
2009-04-06,58.31626892089844,75.28099822998047,57.7861213684082,68.91922760009766,56.16741180419922,582141
2009-04-07,71.56996154785156,72.63026428222656,65.20819091796875,68.91922760009766,56.16741180419922,181892
2009-04-08,67.32878112792969,70.5096664428711,65.73833465576172,66.79863739013672,54.439186096191406,66464
2009-04-09,69.44937133789062,69.44937133789062,63.08760070800781,65.20819091796875,53.14301300048828,66226
2009-04-14,68.38907623291016,68.38907623291016,63.61774826049805,65.20819091796875,53.14301300048828,42459
2009-04-15,64.67803955078125,66.26848602294922,62.55744934082031,62.55744934082031,50.982723236083984,26072
2009-04-16,64.67803955078125,64.67803955078125,57.7861213684082,59.90671157836914,48.82244110107422,89286
2009-04-17,60.96700668334961,61.497154235839844,53.01478958129883,57.7861213684082,47.094215393066406,68150
2009-04-20,58.31626892089844,58.84641647338867,56.195674896240234,56.72582244873047,46.23009490966797,45326
2009-04-21,54.60523223876953,54.60523223876953,48.24345779418945,48.77360534667969,39.749244689941406,85799
2009-04-22,48.77360534667969,48.77360534667969,39.76109313964844,41.881683349609375,34.13250732421875,142960
2009-04-23,42.941978454589844,47.183162689208984,41.35153579711914,45.06256866455078,36.7248420715332,89069
2009-04-24,44.00227355957031,49.30375289916992,41.881683349609375,48.77360534667969,39.749244689941406,83938
2009-04-27,46.65301513671875,46.65301513671875,46.65301513671875,46.65301513671875,38.021018981933594,0
2009-04-28,46.65301513671875,46.65301513671875,46.65301513671875,46.65301513671875,38.021018981933594,0
2009-04-29,46.65301513671875,46.65301513671875,46.65301513671875,46.65301513671875,38.021018981933594,0
2009-04-30,46.65301513671875,46.65301513671875,46.65301513671875,46.65301513671875,38.021018981933594,0
2009-05-04,46.65301513671875,46.65301513671875,46.65301513671875,46.65301513671875,38.021018981933594,0
2009-05-05,46.65301513671875,46.65301513671875,46.65301513671875,46.65301513671875,38.021018981933594,0
2009-05-06,46.65301513671875,46.65301513671875,46.65301513671875,46.65301513671875,38.021018981933594,0
2009-05-07,46.65301513671875,46.65301513671875,46.65301513671875,46.65301513671875,38.021018981933594,0
2009-05-08,46.65301513671875,46.65301513671875,46.65301513671875,46.65301513671875,38.021018981933594,0
2009-05-11,46.65301513671875,46.65301513671875,46.65301513671875,46.65301513671875,38.021018981933594,0
2009-05-12,46.65301513671875,46.65301513671875,46.65301513671875,46.65301513671875,38.021018981933594,0
2009-05-13,46.65301513671875,79.52218627929688,46.65301513671875,65.73833465576172,53.57506561279297,500724
2009-05-14,65.73833465576172,70.5096664428711,64.67803955078125,67.85893249511719,55.30330276489258,323614
2009-05-15,74.220703125,82.17292022705078,73.16040802001953,80.58248138427734,65.67266845703125,687938
2009-05-18,79.52218627929688,110.80091094970703,78.4618911743164,101.78839874267578,82.95494842529297,1109273
2009-05-19,107.62002563476562,113.45165252685547,91.71558380126953,95.42662048339844,77.77025604248047,665733
2009-05-20,100.19795227050781,106.55972290039062,97.0170669555664,99.13765716552734,80.7946548461914,350521
2009-05-21,100.19795227050781,101.78839874267578,92.24573516845703,93.3060302734375,76.04203796386719,294403
2009-05-22,95.42662048339844,95.42662048339844,73.69055938720703,79.52218627929688,64.80855560302734,580018
2009-05-25,79.52218627929688,79.52218627929688,79.52218627929688,79.52218627929688,64.80855560302734,0
2009-05-26,106.02957916259766,106.55972290039062,94.36632537841797,95.42662048339844,77.77025604248047,894587
2009-05-27,99.13765716552734,99.13765716552734,85.88395690917969,88.53469848632812,72.15351867675781,653529
2009-05-29,88.53469848632812,88.53469848632812,88.53469848632812,88.53469848632812,72.15351867675781,445916
2009-06-01,88.00455474853516,88.00455474853516,88.00455474853516,88.00455474853516,71.72146606445312,0
2009-06-02,88.00455474853516,88.00455474853516,88.00455474853516,88.00455474853516,71.72146606445312,0
2009-06-03,88.00455474853516,88.00455474853516,88.00455474853516,88.00455474853516,71.72146606445312,0
2009-06-04,88.00455474853516,88.00455474853516,88.00455474853516,88.00455474853516,71.72146606445312,0
2009-06-05,88.00455474853516,88.00455474853516,88.00455474853516,88.00455474853516,71.72146606445312,0
2009-06-08,88.00455474853516,88.00455474853516,88.00455474853516,88.00455474853516,71.72146606445312,0
2009-06-09,88.00455474853516,88.00455474853516,88.00455474853516,88.00455474853516,71.72146606445312,0
2009-06-10,88.00455474853516,88.00455474853516,88.00455474853516,88.00455474853516,71.72146606445312,0
2009-06-11,88.00455474853516,88.00455474853516,88.00455474853516,88.00455474853516,71.72146606445312,0
2009-06-12,88.00455474853516,88.00455474853516,88.00455474853516,88.00455474853516,71.72146606445312,0
2009-06-15,89.06484985351562,90.1251449584961,84.82366180419922,87.47440338134766,71.28941345214844,53268
2009-06-16,84.82366180419922,86.94425964355469,83.23322296142578,84.82366180419922,69.12911987304688,257317
2009-06-17,83.23322296142578,83.76336669921875,80.58248138427734,82.17292785644531,66.96884155273438,561976
2009-06-18,82.17292785644531,92.24573516845703,81.64277648925781,86.94425964355469,70.85735321044922,848198
2009-06-19,89.5949935913086,89.5949935913086,82.70307159423828,84.29351806640625,68.69706726074219,588232
2009-06-22,85.88395690917969,85.88395690917969,80.05233001708984,81.11263275146484,66.10472869873047,934927
2009-06-23,78.4618911743164,79.52218627929688,73.69055938720703,79.52218627929688,64.80855560302734,687166
2009-06-24,76.87144470214844,79.52218627929688,76.34130096435547,78.4618911743164,63.94443893432617,664795
2009-06-25,78.99203491210938,81.64277648925781,77.9317398071289,80.58248138427734,65.67266845703125,721918
2009-06-26,79.52218627929688,80.58248138427734,77.40159606933594,78.4618911743164,63.94443893432617,879829
2009-06-29,78.4618911743164,85.88395690917969,76.87144470214844,83.76336669921875,68.2650146484375,799948
2009-06-30,33.929466247558594,35.5199089050293,26.507394790649414,28.627986907958984,23.331077575683594,21323785
2009-07-02,30.218429565429688,30.748577117919922,22.796358108520508,23.061433792114258,18.79448127746582,24505517
2009-07-03,29.15813446044922,29.15813446044922,19.6154727935791,20.940841674804688,17.066253662109375,27515999
2009-07-06,20.940841674804688,25.182025909423828,20.940841674804688,24.121728897094727,19.658594131469727,31043440
2009-07-07,24.65187644958496,25.447099685668945,23.061433792114258,23.591581344604492,19.22653579711914,12822274
2009-07-08,23.061433792114258,23.85665512084961,22.796358108520508,23.061433792114258,18.79448127746582,7377695
2009-07-09,22.796358108520508,23.061433792114258,21.470989227294922,21.736064910888672,17.714338302612305,5908313
2009-07-10,22.00113868713379,23.326507568359375,21.470989227294922,22.796358108520508,18.578449249267578,12174038
2009-07-13,22.796358108520508,22.796358108520508,21.736064910888672,22.266212463378906,18.14639663696289,2948590
2009-07-14,22.53128433227539,22.796358108520508,21.736064910888672,22.00113868713379,17.93036651611328,2543920
2009-07-15,22.266212463378906,22.266212463378906,21.470989227294922,21.736064910888672,17.714338302612305,2742648
2009-07-16,22.00113868713379,23.591581344604492,22.00113868713379,22.00113868713379,17.93036651611328,17348045
2009-07-17,22.266212463378906,22.53128433227539,22.00113868713379,22.00113868713379,17.93036651611328,2775371
2009-07-20,22.266212463378906,22.796358108520508,22.00113868713379,22.266212463378906,18.14639663696289,3974477
2009-07-21,22.266212463378906,22.796358108520508,21.736064910888672,22.00113868713379,17.93036651611328,3496373
2009-07-22,22.266212463378906,22.53128433227539,21.736064910888672,22.00113868713379,17.93036651611328,3366588
2009-07-23,24.386802673339844,31.27872657775879,24.121728897094727,30.748577117919922,25.059303283691406,61690417
2009-07-24,31.808874130249023,34.98976135253906,31.27872657775879,32.33902359008789,26.355478286743164,38039789
2009-07-27,33.39931869506836,33.929466247558594,29.688282012939453,31.27872657775879,25.491363525390625,18097698
2009-07-28,31.27872657775879,32.33902359008789,30.218429565429688,31.808874130249023,25.92342185974121,11426443
2009-07-29,31.27872657775879,32.33902359008789,29.15813446044922,30.748577117919922,25.059303283691406,13112906
2009-07-30,30.218429565429688,31.27872657775879,28.627986907958984,30.218429565429688,24.62725067138672,8420574
2009-07-31,30.748577117919922,34.98976135253906,30.218429565429688,33.929466247558594,27.65165138244629,33855203
2009-08-03,33.929466247558594,37.1103515625,32.869171142578125,36.580204010009766,29.811935424804688,34324936
2009-08-04,36.580204010009766,37.640499114990234,33.929466247558594,34.98976135253906,28.515762329101562,24054917
2009-08-05,34.98976135253906,35.5199089050293,33.39931869506836,33.39931869506836,27.219593048095703,11292111
2009-08-06,33.39931869506836,36.580204010009766,33.39931869506836,35.5199089050293,28.947818756103516,21904641
2009-08-07,34.98976135253906,35.5199089050293,33.929466247558594,34.45961380004883,28.08370590209961,9965542
2009-08-10,35.5199089050293,35.5199089050293,34.45961380004883,34.98976135253906,28.515762329101562,5475717
2009-08-11,34.98976135253906,35.5199089050293,34.45961380004883,35.5199089050293,28.947818756103516,6930839
2009-08-12,34.98976135253906,34.98976135253906,33.929466247558594,34.45961380004883,28.08370590209961,6140381
2009-08-13,34.45961380004883,34.98976135253906,31.808874130249023,32.33902359008789,26.355478286743164,10702413
2009-08-14,32.33902359008789,32.869171142578125,29.688282012939453,30.218429565429688,24.62725067138672,14111569
2009-08-17,29.15813446044922,29.688282012939453,27.03754234313965,27.567691802978516,22.46696662902832,9289784
2009-08-18,27.567691802978516,28.627986907958984,25.712173461914062,27.03754234313965,22.034908294677734,12830081
2009-08-19,27.567691802978516,27.567691802978516,22.53128433227539,23.061433792114258,18.79448127746582,13503448
2009-08-20,23.85665512084961,27.03754234313965,23.85665512084961,26.507394790649414,21.60284996032715,17458405
2009-08-21,26.242321014404297,27.567691802978516,25.182025909423828,26.507394790649414,21.60284996032715,5923814
2009-08-24,28.097837448120117,28.627986907958984,26.507394790649414,27.567691802978516,22.46696662902832,3376163
2009-08-25,26.507394790649414,29.688282012939453,26.242321014404297,29.15813446044922,23.763137817382812,7935955
2009-08-26,29.688282012939453,31.808874130249023,29.688282012939453,30.748577117919922,25.059303283691406,12783338
2009-08-27,29.688282012939453,31.27872657775879,24.916950225830078,28.097837448120117,22.899023056030273,45448247
2009-08-28,26.507394790649414,27.03754234313965,25.447099685668945,25.97724723815918,21.170793533325195,16317107
2009-08-31,25.447099685668945,25.712173461914062,24.65187644958496,25.182025909423828,20.5227108001709,5683542
2009-09-01,25.712173461914062,25.97724723815918,25.182025909423828,25.447099685668945,20.738737106323242,2924957
2009-09-02,25.447099685668945,27.03754234313965,24.916950225830078,25.97724723815918,21.170793533325195,5426485
2009-09-03,27.03754234313965,28.097837448120117,26.507394790649414,26.507394790649414,21.60284996032715,7080080
2009-09-04,27.03754234313965,28.097837448120117,26.242321014404297,26.507394790649414,21.60284996032715,3518660
2009-09-07,27.03754234313965,27.567691802978516,26.507394790649414,27.03754234313965,22.034908294677734,4785093
2009-09-08,27.03754234313965,27.567691802978516,26.507394790649414,27.567691802978516,22.46696662902832,4162234
2009-09-09,27.03754234313965,27.567691802978516,26.242321014404297,26.507394790649414,21.60284996032715,2246071
2009-09-10,26.242321014404297,27.03754234313965,25.447099685668945,25.712173461914062,20.95476531982422,4781435
2009-09-11,25.712173461914062,25.97724723815918,25.447099685668945,25.712173461914062,20.95476531982422,1961147
2009-09-14,25.712173461914062,25.712173461914062,24.65187644958496,25.447099685668945,20.738737106323242,3099512
2009-09-15,25.712173461914062,27.567691802978516,25.712173461914062,26.507394790649414,21.60284996032715,5049163
2009-09-16,26.507394790649414,27.03754234313965,25.712173461914062,26.507394790649414,21.60284996032715,5225728
2009-09-17,27.03754234313965,27.567691802978516,25.97724723815918,26.242321014404297,21.386823654174805,3025761
2009-09-18,26.242321014404297,26.507394790649414,25.447099685668945,25.97724723815918,21.170793533325195,3166833
2009-09-21,25.97724723815918,26.242321014404297,24.916950225830078,25.182025909423828,20.5227108001709,2846394
2009-09-22,25.182025909423828,25.447099685668945,24.65187644958496,24.916950225830078,20.306678771972656,1886303
2009-09-23,25.447099685668945,25.712173461914062,24.916950225830078,25.447099685668945,20.738737106323242,2354091
2009-09-24,24.916950225830078,25.182025909423828,24.121728897094727,24.386802673339844,19.874622344970703,3052734
2009-09-25,24.386802673339844,24.65187644958496,23.326507568359375,24.65187644958496,20.09065055847168,3772211
2009-09-28,24.386802673339844,24.65187644958496,22.796358108520508,23.326507568359375,19.010509490966797,4322887
2009-09-29,23.591581344604492,24.121728897094727,23.061433792114258,23.591581344604492,19.22653579711914,1809872
2009-09-30,24.121728897094727,23.591581344604492,24.65187644958496,24.65187644958496,20.09065055847168,2201159
2009-10-02,23.591581344604492,23.591581344604492,22.796358108520508,23.326507568359375,19.010509490966797,2514837
2009-10-05,23.591581344604492,23.591581344604492,22.00113868713379,22.796358108520508,18.578449249267578,2785034
2009-10-06,23.061433792114258,23.061433792114258,22.266212463378906,22.53128433227539,18.3624210357666,1599874
2009-10-07,23.326507568359375,25.712173461914062,23.061433792114258,25.712173461914062,20.95476531982422,10168388
2009-10-08,25.712173461914062,25.97724723815918,24.65187644958496,24.916950225830078,20.306678771972656,4597081
2009-10-09,25.182025909423828,25.447099685668945,24.65187644958496,24.916950225830078,20.306678771972656,2264952
2009-10-12,25.182025909423828,25.182025909423828,23.85665512084961,24.121728897094727,19.658594131469727,1352394
2009-10-13,24.121728897094727,25.712173461914062,24.121728897094727,24.916950225830078,20.306678771972656,3947200
2009-10-14,24.916950225830078,25.182025909423828,24.386802673339844,24.916950225830078,20.306678771972656,1652912
2009-10-15,24.916950225830078,25.182025909423828,24.121728897094727,24.65187644958496,20.09065055847168,2723562
2009-10-16,24.65187644958496,25.182025909423828,24.386802673339844,24.65187644958496,20.09065055847168,1694130
2009-10-19,24.65187644958496,25.447099685668945,24.386802673339844,25.182025909423828,20.5227108001709,2323634
2009-10-20,25.447099685668945,26.242321014404297,25.182025909423828,25.447099685668945,20.738737106323242,7539277
2009-10-21,25.447099685668945,25.712173461914062,25.182025909423828,25.712173461914062,20.95476531982422,2244468
2009-10-22,25.447099685668945,28.627986907958984,25.447099685668945,28.627986907958984,23.331077575683594,14974215
2009-10-23,28.627986907958984,29.15813446044922,27.03754234313965,27.567691802978516,22.46696662902832,9097767
2009-10-27,27.567691802978516,27.567691802978516,26.507394790649414,27.03754234313965,22.034908294677734,3726187
2009-10-28,27.03754234313965,27.567691802978516,25.712173461914062,26.242321014404297,21.386823654174805,3522881
2009-10-29,25.447099685668945,25.712173461914062,24.916950225830078,25.182025909423828,20.5227108001709,3074821
2009-10-30,25.712173461914062,26.242321014404297,25.712173461914062,25.97724723815918,21.170793533325195,1990944
2009-11-02,25.447099685668945,27.03754234313965,25.182025909423828,26.507394790649414,21.60284996032715,2468424
2009-11-03,26.507394790649414,27.03754234313965,25.97724723815918,26.242321014404297,21.386823654174805,2115994
2009-11-04,26.507394790649414,27.567691802978516,26.507394790649414,27.03754234313965,22.034908294677734,1927575
2009-11-05,26.507394790649414,27.03754234313965,25.97724723815918,26.507394790649414,21.60284996032715,1247821
2009-11-06,27.03754234313965,27.03754234313965,26.242321014404297,26.507394790649414,21.60284996032715,1846145
2009-11-09,27.03754234313965,27.567691802978516,26.507394790649414,27.567691802978516,22.46696662902832,2420198
2009-11-10,27.567691802978516,28.627986907958984,27.03754234313965,27.567691802978516,22.46696662902832,4282906
2009-11-11,27.567691802978516,29.688282012939453,27.03754234313965,29.688282012939453,24.195192337036133,16782638
2009-11-12,29.688282012939453,30.218429565429688,27.567691802978516,28.627986907958984,23.331077575683594,8293894
2009-11-13,28.627986907958984,29.688282012939453,28.097837448120117,29.15813446044922,23.763137817382812,4585644
2009-11-16,29.15813446044922,29.15813446044922,28.097837448120117,28.097837448120117,22.899023056030273,2480943
2009-11-17,28.627986907958984,29.688282012939453,27.567691802978516,29.15813446044922,23.763137817382812,4792521
2009-11-18,28.627986907958984,29.15813446044922,27.567691802978516,28.627986907958984,23.331077575683594,3333387
2009-11-19,28.097837448120117,28.627986907958984,27.567691802978516,28.097837448120117,22.899023056030273,1592385
2009-11-20,27.567691802978516,28.627986907958984,27.567691802978516,28.627986907958984,23.331077575683594,1568354
2009-11-23,28.627986907958984,29.15813446044922,27.567691802978516,28.627986907958984,23.331077575683594,2043278
2009-11-24,28.627986907958984,28.627986907958984,27.567691802978516,28.627986907958984,23.331077575683594,3294885
2009-11-25,28.627986907958984,28.627986907958984,27.567691802978516,28.097837448120117,22.899023056030273,3383038
2009-11-26,28.097837448120117,28.097837448120117,27.03754234313965,27.03754234313965,22.034908294677734,4426066
2009-11-27,26.507394790649414,27.03754234313965,25.712173461914062,25.97724723815918,21.170793533325195,5290297
2009-11-30,26.507394790649414,27.03754234313965,26.242321014404297,26.507394790649414,21.60284996032715,2477764
2009-12-01,26.507394790649414,27.03754234313965,25.97724723815918,26.507394790649414,21.60284996032715,3218620
2009-12-02,27.03754234313965,27.03754234313965,26.242321014404297,27.03754234313965,22.034908294677734,3122826
2009-12-03,26.507394790649414,27.567691802978516,26.507394790649414,27.567691802978516,22.46696662902832,3930846
2009-12-04,27.03754234313965,27.567691802978516,26.507394790649414,27.567691802978516,22.46696662902832,2425251
2009-12-07,27.03754234313965,27.567691802978516,26.242321014404297,26.507394790649414,21.60284996032715,3912662
2009-12-08,26.242321014404297,26.507394790649414,25.712173461914062,25.97724723815918,21.170793533325195,3641436
2009-12-09,25.97724723815918,26.507394790649414,25.447099685668945,25.97724723815918,21.170793533325195,4254757
2009-12-10,25.97724723815918,26.242321014404297,25.447099685668945,25.712173461914062,20.95476531982422,2458578
2009-12-11,25.97724723815918,26.507394790649414,25.97724723815918,26.507394790649414,21.60284996032715,2190558
2009-12-14,26.242321014404297,26.507394790649414,25.97724723815918,26.507394790649414,21.60284996032715,2059003
2009-12-15,26.242321014404297,26.507394790649414,25.97724723815918,26.507394790649414,21.60284996032715,1794456
2009-12-16,26.242321014404297,26.507394790649414,25.447099685668945,25.712173461914062,20.95476531982422,2726446
2009-12-17,25.712173461914062,26.242321014404297,25.447099685668945,25.712173461914062,20.95476531982422,4154308
2009-12-18,25.447099685668945,25.712173461914062,24.916950225830078,25.447099685668945,20.738737106323242,3221799
2009-12-21,25.447099685668945,25.447099685668945,24.916950225830078,24.916950225830078,20.306678771972656,1613153
2009-12-22,25.182025909423828,25.447099685668945,24.916950225830078,25.447099685668945,20.738737106323242,1384240
2009-12-23,25.182025909423828,26.242321014404297,25.182025909423828,25.712173461914062,20.95476531982422,2231340
2009-12-24,25.712173461914062,25.97724723815918,25.182025909423828,25.712173461914062,20.95476531982422,1253933
2009-12-28,25.97724723815918,26.242321014404297,25.712173461914062,25.97724723815918,21.170793533325195,1300859
2009-12-29,25.97724723815918,26.242321014404297,25.712173461914062,25.712173461914062,20.95476531982422,1140059
2009-12-30,25.97724723815918,26.242321014404297,25.712173461914062,26.242321014404297,21.386823654174805,1575748
2009-12-31,25.97724723815918,26.242321014404297,25.712173461914062,25.97724723815918,21.170793533325195,1343337
2010-01-04,25.97724723815918,26.242321014404297,25.712173461914062,25.97724723815918,21.170793533325195,1359417
2010-01-05,25.97724723815918,26.242321014404297,25.712173461914062,26.242321014404297,21.386823654174805,2095591
2010-01-06,26.242321014404297,28.097837448120117,25.97724723815918,28.097837448120117,22.899023056030273,7013410
2010-01-07,28.097837448120117,29.15813446044922,27.567691802978516,28.097837448120117,22.899023056030273,5401058
2010-01-08,28.627986907958984,28.627986907958984,27.03754234313965,27.567691802978516,22.46696662902832,2525816
2010-01-11,27.567691802978516,28.097837448120117,27.03754234313965,28.097837448120117,22.899023056030273,2672537
2010-01-12,27.567691802978516,28.097837448120117,27.03754234313965,27.567691802978516,22.46696662902832,1933592
2010-01-13,27.567691802978516,27.567691802978516,26.507394790649414,27.03754234313965,22.034908294677734,2500510
2010-01-14,27.03754234313965,27.567691802978516,27.03754234313965,27.567691802978516,22.46696662902832,1505749
2010-01-15,27.567691802978516,27.03754234313965,27.567691802978516,28.097837448120117,22.899023056030273,1975374
2010-01-18,27.567691802978516,27.567691802978516,26.507394790649414,27.03754234313965,22.034908294677734,2138214
2010-01-19,27.03754234313965,27.567691802978516,26.507394790649414,26.507394790649414,21.60284996032715,1923257
2010-01-20,27.03754234313965,27.03754234313965,26.242321014404297,26.507394790649414,21.60284996032715,2320163
2010-01-21,26.507394790649414,26.507394790649414,25.97724723815918,25.97724723815918,21.170793533325195,2142082
2010-01-22,25.447099685668945,25.712173461914062,24.65187644958496,25.182025909423828,20.5227108001709,3155402
2010-01-25,24.916950225830078,26.242321014404297,24.916950225830078,25.97724723815918,21.170793533325195,2529482
2010-01-26,25.97724723815918,26.242321014404297,25.182025909423828,25.182025909423828,20.5227108001709,2195613
2010-01-27,25.447099685668945,25.712173461914062,24.386802673339844,24.916950225830078,20.306678771972656,2541749
2010-01-28,25.182025909423828,25.712173461914062,25.182025909423828,25.182025909423828,20.5227108001709,1834525
2010-01-29,25.182025909423828,25.447099685668945,24.65187644958496,24.916950225830078,20.306678771972656,1982503
2010-02-01,24.65187644958496,24.916950225830078,24.121728897094727,24.65187644958496,20.09065055847168,1934290
2010-02-02,24.65187644958496,25.182025909423828,24.386802673339844,24.65187644958496,20.09065055847168,1635940
2010-02-03,24.916950225830078,25.182025909423828,24.65187644958496,24.916950225830078,20.306678771972656,1205927
2010-02-04,24.916950225830078,25.97724723815918,24.916950225830078,25.712173461914062,20.95476531982422,2452466
2010-02-05,24.65187644958496,25.447099685668945,24.386802673339844,25.182025909423828,20.5227108001709,4007456
2010-02-08,25.182025909423828,25.447099685668945,24.65187644958496,24.916950225830078,20.306678771972656,1789349
2010-02-09,24.916950225830078,25.447099685668945,24.65187644958496,25.182025909423828,20.5227108001709,1759301
2010-02-10,25.182025909423828,25.712173461914062,25.182025909423828,25.182025909423828,20.5227108001709,1566657
2010-02-11,25.182025909423828,25.447099685668945,24.916950225830078,25.447099685668945,20.738737106323242,1309219
2010-02-12,25.447099685668945,28.627986907958984,25.447099685668945,25.712173461914062,20.95476531982422,697349
2010-02-17,25.97724723815918,26.242321014404297,25.712173461914062,25.712173461914062,20.95476531982422,811169
2010-02-18,25.97724723815918,26.242321014404297,25.712173461914062,25.97724723815918,21.170793533325195,649592
2010-02-19,25.97724723815918,25.97724723815918,25.182025909423828,25.447099685668945,20.738737106323242,645161
2010-02-22,25.97724723815918,26.242321014404297,25.712173461914062,25.97724723815918,21.170793533325195,1420414
2010-02-23,25.712173461914062,26.507394790649414,25.712173461914062,26.242321014404297,21.386823654174805,1412039
2010-02-24,25.712173461914062,25.97724723815918,25.447099685668945,25.712173461914062,20.95476531982422,1145680
2010-02-25,25.97724723815918,25.97724723815918,25.712173461914062,25.97724723815918,21.170793533325195,423508
2010-02-26,25.97724723815918,26.242321014404297,25.712173461914062,25.712173461914062,20.95476531982422,1773600
2010-03-01,25.97724723815918,26.242321014404297,25.712173461914062,25.97724723815918,21.170793533325195,1966036
2010-03-02,25.97724723815918,25.97724723815918,25.447099685668945,25.97724723815918,21.170793533325195,906426
2010-03-03,25.97724723815918,28.097837448120117,25.97724723815918,28.097837448120117,22.899023056030273,5239878
2010-03-04,28.097837448120117,28.097837448120117,26.507394790649414,27.567691802978516,22.46696662902832,3519878
2010-03-05,27.567691802978516,28.097837448120117,27.03754234313965,27.03754234313965,22.034908294677734,1143153
2010-03-08,27.567691802978516,28.627986907958984,27.03754234313965,28.097837448120117,22.899023056030273,5168086
2010-03-09,28.097837448120117,28.627986907958984,27.567691802978516,28.097837448120117,22.899023056030273,2263975
2010-03-10,28.097837448120117,28.627986907958984,28.097837448120117,28.097837448120117,22.899023056030273,2744477
2010-03-11,28.627986907958984,29.688282012939453,28.627986907958984,29.15813446044922,23.763137817382812,4337619
2010-03-12,29.15813446044922,29.15813446044922,28.097837448120117,29.15813446044922,23.763137817382812,1956850
2010-03-15,29.15813446044922,29.15813446044922,28.097837448120117,28.627986907958984,23.331077575683594,1946626
2010-03-16,28.627986907958984,28.627986907958984,27.567691802978516,28.097837448120117,22.899023056030273,2842282
2010-03-17,28.097837448120117,28.627986907958984,27.567691802978516,28.097837448120117,22.899023056030273,708670
2010-03-18,29.15813446044922,29.688282012939453,28.627986907958984,29.15813446044922,23.763137817382812,2316964
2010-03-19,29.15813446044922,29.688282012939453,28.627986907958984,29.15813446044922,23.763137817382812,3480236
2010-03-22,28.627986907958984,28.627986907958984,27.567691802978516,28.097837448120117,22.899023056030273,2146269
2010-03-23,28.097837448120117,28.627986907958984,27.567691802978516,28.097837448120117,22.899023056030273,2298012
2010-03-24,28.097837448120117,28.627986907958984,27.567691802978516,28.097837448120117,22.899023056030273,658570
2010-03-25,27.567691802978516,28.097837448120117,27.03754234313965,27.03754234313965,22.034908294677734,2084162
2010-03-26,27.567691802978516,27.567691802978516,27.03754234313965,27.567691802978516,22.46696662902832,835616
2010-03-29,27.567691802978516,27.567691802978516,26.507394790649414,27.03754234313965,22.034908294677734,1362638
2010-03-30,27.03754234313965,27.03754234313965,26.507394790649414,27.03754234313965,22.034908294677734,676320
2010-03-31,27.03754234313965,27.03754234313965,25.97724723815918,26.242321014404297,21.386823654174805,1663120
2010-04-01,26.242321014404297,27.03754234313965,25.97724723815918,26.507394790649414,21.60284996032715,935942
2010-04-07,26.507394790649414,27.03754234313965,26.507394790649414,26.507394790649414,21.60284996032715,950527
2010-04-08,27.03754234313965,27.03754234313965,26.242321014404297,26.507394790649414,21.60284996032715,896825
2010-04-09,27.03754234313965,27.03754234313965,26.242321014404297,26.507394790649414,21.60284996032715,750837
2010-04-12,26.507394790649414,27.03754234313965,26.242321014404297,26.242321014404297,21.386823654174805,1960459
2010-04-13,26.242321014404297,26.507394790649414,26.242321014404297,26.507394790649414,21.60284996032715,667118
2010-04-14,26.507394790649414,27.567691802978516,26.242321014404297,27.03754234313965,22.034908294677734,2357775
2010-04-15,27.03754234313965,26.242321014404297,26.242321014404297,27.03754234313965,22.034908294677734,3806679
2010-04-16,26.507394790649414,26.507394790649414,25.97724723815918,26.242321014404297,21.386823654174805,1118765
2010-04-19,25.97724723815918,25.97724723815918,25.447099685668945,25.97724723815918,21.170793533325195,823788
2010-04-20,25.97724723815918,26.242321014404297,25.447099685668945,25.97724723815918,21.170793533325195,1003136
2010-04-21,25.97724723815918,25.97724723815918,25.447099685668945,25.447099685668945,20.738737106323242,1010982
2010-04-22,25.447099685668945,25.712173461914062,25.182025909423828,25.712173461914062,20.95476531982422,944774
2010-04-23,25.712173461914062,25.712173461914062,24.916950225830078,25.447099685668945,20.738737106323242,1090299
2010-04-26,25.447099685668945,25.712173461914062,25.182025909423828,25.182025909423828,20.5227108001709,2655409
2010-04-27,25.182025909423828,25.97724723815918,25.182025909423828,25.712173461914062,20.95476531982422,2952119
2010-04-28,25.182025909423828,25.712173461914062,25.182025909423828,25.712173461914062,20.95476531982422,1829123
2010-04-29,25.712173461914062,25.712173461914062,25.182025909423828,25.182025909423828,20.5227108001709,1563569
2010-04-30,25.447099685668945,25.97724723815918,25.447099685668945,25.712173461914062,20.95476531982422,1581032
2010-05-03,25.447099685668945,25.712173461914062,24.916950225830078,25.447099685668945,20.738737106323242,1265588
2010-05-04,25.447099685668945,25.712173461914062,25.182025909423828,25.447099685668945,20.738737106323242,1349887
2010-05-05,24.916950225830078,25.182025909423828,24.65187644958496,24.65187644958496,20.09065055847168,1922001
2010-05-06,24.65187644958496,24.916950225830078,22.53128433227539,22.796358108520508,18.578449249267578,2569792
2010-05-07,21.736064910888672,23.326507568359375,21.205915451049805,23.061433792114258,18.79448127746582,3057652
2010-05-10,23.061433792114258,24.386802673339844,23.061433792114258,24.121728897094727,19.658594131469727,1585099
2010-05-11,24.386802673339844,24.65187644958496,23.326507568359375,23.85665512084961,19.442564010620117,1457178
2010-05-12,24.121728897094727,24.386802673339844,23.326507568359375,23.85665512084961,19.442564010620117,1993802
2010-05-13,23.85665512084961,25.447099685668945,23.85665512084961,25.182025909423828,20.5227108001709,2426285
2010-05-14,25.182025909423828,26.507394790649414,24.916950225830078,25.97724723815918,21.170793533325195,3216140
2010-05-17,25.712173461914062,25.712173461914062,24.65187644958496,24.916950225830078,20.306678771972656,1893584
2010-05-18,24.916950225830078,26.242321014404297,24.916950225830078,25.182025909423828,20.5227108001709,1183763
2010-05-19,24.916950225830078,24.916950225830078,24.121728897094727,24.386802673339844,19.874622344970703,581498
2010-05-20,24.386802673339844,24.65187644958496,22.796358108520508,23.85665512084961,19.442564010620117,1024299
2010-05-24,23.85665512084961,23.85665512084961,23.061433792114258,23.326507568359375,19.010509490966797,338296
2010-05-25,23.061433792114258,23.326507568359375,22.266212463378906,22.53128433227539,18.3624210357666,663088
2010-05-26,22.796358108520508,26.507394790649414,22.53128433227539,26.242321014404297,21.386823654174805,1265854
2010-05-27,23.85665512084961,25.712173461914062,23.85665512084961,25.182025909423828,20.5227108001709,1279140
2010-05-28,25.712173461914062,25.97724723815918,24.386802673339844,24.65187644958496,20.09065055847168,663846
2010-05-31,24.65187644958496,24.65187644958496,23.85665512084961,24.121728897094727,19.658594131469727,458192
2010-06-01,24.121728897094727,24.386802673339844,23.591581344604492,23.591581344604492,19.22653579711914,219675
2010-06-02,23.591581344604492,24.121728897094727,23.061433792114258,23.326507568359375,19.010509490966797,459984
2010-06-03,23.85665512084961,23.85665512084961,23.326507568359375,23.591581344604492,19.22653579711914,482525
2010-06-04,23.326507568359375,23.591581344604492,23.061433792114258,23.061433792114258,18.79448127746582,389325
2010-06-07,22.266212463378906,23.061433792114258,22.266212463378906,22.53128433227539,18.3624210357666,603080
2010-06-08,22.53128433227539,23.326507568359375,22.53128433227539,23.061433792114258,18.79448127746582,437989
2010-06-09,23.061433792114258,23.326507568359375,22.796358108520508,23.061433792114258,18.79448127746582,162997
2010-06-10,23.326507568359375,23.591581344604492,23.061433792114258,23.061433792114258,18.79448127746582,508359
2010-06-11,23.591581344604492,23.85665512084961,23.061433792114258,23.591581344604492,19.22653579711914,356542
2010-06-14,23.591581344604492,24.386802673339844,23.591581344604492,24.121728897094727,19.658594131469727,522552
2010-06-15,23.85665512084961,24.121728897094727,23.591581344604492,23.85665512084961,19.442564010620117,214185
2010-06-17,23.85665512084961,24.121728897094727,23.061433792114258,23.591581344604492,19.22653579711914,307893
2010-06-18,23.591581344604492,24.121728897094727,23.326507568359375,24.121728897094727,19.658594131469727,499049
2010-06-21,24.386802673339844,24.386802673339844,23.85665512084961,24.121728897094727,19.658594131469727,308291
2010-06-22,23.85665512084961,24.121728897094727,23.591581344604492,24.121728897094727,19.658594131469727,239612
2010-06-23,23.85665512084961,24.121728897094727,23.326507568359375,23.591581344604492,19.22653579711914,414742
2010-06-24,23.591581344604492,23.591581344604492,23.061433792114258,23.591581344604492,19.22653579711914,210469
2010-06-25,23.326507568359375,23.326507568359375,22.796358108520508,23.061433792114258,18.79448127746582,329323
2010-06-28,23.326507568359375,23.326507568359375,22.53128433227539,22.796358108520508,18.578449249267578,519100
2010-06-29,22.796358108520508,23.061433792114258,22.266212463378906,23.061433792114258,18.79448127746582,882771
2010-06-30,22.796358108520508,22.796358108520508,22.266212463378906,22.796358108520508,18.578449249267578,215108
2010-07-02,23.061433792114258,23.061433792114258,22.266212463378906,22.53128433227539,18.3624210357666,167726
2010-07-05,22.53128433227539,22.796358108520508,22.00113868713379,22.266212463378906,18.14639663696289,281732
2010-07-06,22.266212463378906,22.266212463378906,21.736064910888672,22.00113868713379,17.93036651611328,336300
2010-07-07,22.00113868713379,22.00113868713379,21.736064910888672,21.736064910888672,17.714338302612305,129793
2010-07-08,22.00113868713379,22.266212463378906,21.736064910888672,21.736064910888672,17.714338302612305,245264
2010-07-09,22.00113868713379,22.53128433227539,21.736064910888672,22.00113868713379,17.93036651611328,210829
2010-07-12,22.53128433227539,22.53128433227539,22.266212463378906,22.266212463378906,18.14639663696289,103208
2010-07-13,22.266212463378906,22.53128433227539,21.736064910888672,22.00113868713379,17.93036651611328,147638
2010-07-14,22.00113868713379,22.266212463378906,21.736064910888672,22.00113868713379,17.93036651611328,707783
2010-07-15,22.00113868713379,22.00113868713379,21.205915451049805,21.470989227294922,17.498308181762695,270264
2010-07-16,21.470989227294922,21.736064910888672,21.205915451049805,21.470989227294922,17.498308181762695,340074
2010-07-19,21.205915451049805,21.205915451049805,20.410694122314453,20.410694122314453,16.634193420410156,668398
2010-07-20,20.67576789855957,20.940841674804688,19.88054656982422,20.410694122314453,16.634193420410156,645914
2010-07-21,20.67576789855957,20.67576789855957,18.55517578125,19.085323333740234,15.55405044555664,2031187
2010-07-22,19.085323333740234,19.88054656982422,18.820249557495117,19.6154727935791,15.986109733581543,1082622
2010-07-23,19.88054656982422,19.88054656982422,18.820249557495117,18.820249557495117,15.338025093078613,897277
2010-07-26,19.085323333740234,19.88054656982422,18.820249557495117,19.88054656982422,16.202138900756836,2250466
2010-07-27,20.67576789855957,22.00113868713379,20.145620346069336,21.470989227294922,17.498308181762695,3792508
2010-07-28,21.470989227294922,21.736064910888672,20.67576789855957,20.940841674804688,17.066253662109375,1616397
2010-07-29,21.205915451049805,21.736064910888672,20.67576789855957,21.470989227294922,17.498308181762695,771596
2010-07-30,21.470989227294922,21.736064910888672,20.940841674804688,21.205915451049805,17.28227996826172,563391
2010-08-02,21.470989227294922,21.736064910888672,20.940841674804688,21.205915451049805,17.28227996826172,896900
2010-08-03,21.205915451049805,21.736064910888672,20.940841674804688,21.205915451049805,17.28227996826172,608547
2010-08-04,21.205915451049805,21.205915451049805,20.410694122314453,20.67576789855957,16.850223541259766,782344
2010-08-05,20.940841674804688,20.940841674804688,20.410694122314453,20.410694122314453,16.634193420410156,349129
2010-08-06,20.410694122314453,20.940841674804688,20.410694122314453,20.67576789855957,16.850223541259766,337867
2010-08-09,20.67576789855957,21.205915451049805,20.67576789855957,21.205915451049805,17.28227996826172,426409
2010-08-10,21.470989227294922,21.470989227294922,20.67576789855957,20.67576789855957,16.850223541259766,1459290
2010-08-11,20.67576789855957,20.940841674804688,20.410694122314453,20.67576789855957,16.850223541259766,236688
2010-08-12,20.145620346069336,20.67576789855957,20.145620346069336,20.410694122314453,16.634193420410156,266774
2010-08-13,20.410694122314453,20.67576789855957,20.145620346069336,20.410694122314453,16.634193420410156,203188
2010-08-16,20.410694122314453,20.67576789855957,20.145620346069336,20.145620346069336,16.418167114257812,224327
2010-08-17,20.145620346069336,20.410694122314453,19.88054656982422,19.88054656982422,16.202138900756836,306518
2010-08-18,20.145620346069336,20.145620346069336,19.6154727935791,19.88054656982422,16.202138900756836,551355
2010-08-19,20.145620346069336,20.410694122314453,19.88054656982422,20.145620346069336,16.418167114257812,287617
2010-08-20,20.145620346069336,20.410694122314453,19.88054656982422,20.410694122314453,16.634193420410156,214279
2010-08-23,20.410694122314453,20.410694122314453,20.145620346069336,20.145620346069336,16.418167114257812,416110
2010-08-24,20.410694122314453,20.67576789855957,19.88054656982422,20.145620346069336,16.418167114257812,303028
2010-08-25,20.145620346069336,20.410694122314453,19.88054656982422,20.145620346069336,16.418167114257812,376083
2010-08-26,20.145620346069336,20.67576789855957,20.145620346069336,20.67576789855957,16.850223541259766,388797
2010-08-27,20.410694122314453,20.410694122314453,19.35039710998535,20.145620346069336,16.418167114257812,212921
2010-08-30,20.145620346069336,20.410694122314453,20.145620346069336,20.410694122314453,16.634193420410156,149335
2010-08-31,20.145620346069336,20.410694122314453,19.88054656982422,20.145620346069336,16.418167114257812,507198
2010-09-01,20.145620346069336,20.145620346069336,19.88054656982422,20.145620346069336,16.418167114257812,388306
2010-09-02,20.145620346069336,20.410694122314453,19.88054656982422,19.88054656982422,16.202138900756836,278469
2010-09-03,20.145620346069336,20.410694122314453,19.88054656982422,20.145620346069336,16.418167114257812,357654
2010-09-06,20.410694122314453,20.67576789855957,20.145620346069336,20.410694122314453,16.634193420410156,356145
2010-09-07,20.410694122314453,23.061433792114258,20.145620346069336,22.53128433227539,18.3624210357666,4214635
2010-09-08,22.53128433227539,22.796358108520508,21.470989227294922,22.266212463378906,18.14639663696289,1623565
2010-09-09,22.266212463378906,23.061433792114258,22.266212463378906,22.796358108520508,18.578449249267578,1007162
2010-09-10,22.796358108520508,22.796358108520508,22.266212463378906,22.53128433227539,18.3624210357666,292503
2010-09-13,22.53128433227539,22.796358108520508,22.266212463378906,22.53128433227539,18.3624210357666,433303
2010-09-14,22.796358108520508,22.796358108520508,22.266212463378906,22.53128433227539,18.3624210357666,660117
2010-09-15,22.53128433227539,23.326507568359375,22.266212463378906,23.326507568359375,19.010509490966797,1178105
2010-09-16,23.326507568359375,23.326507568359375,22.796358108520508,23.061433792114258,18.79448127746582,255152
2010-09-17,23.326507568359375,24.386802673339844,23.326507568359375,23.85665512084961,19.442564010620117,1589936
2010-09-20,24.121728897094727,24.121728897094727,23.591581344604492,23.591581344604492,19.22653579711914,271056
2010-09-21,23.591581344604492,24.121728897094727,23.591581344604492,23.85665512084961,19.442564010620117,536753
2010-09-22,23.85665512084961,26.242321014404297,23.85665512084961,25.97724723815918,21.170793533325195,6341322
2010-09-24,26.242321014404297,27.567691802978516,25.97724723815918,27.567691802978516,22.46696662902832,8170754
2010-09-27,27.567691802978516,28.627986907958984,27.567691802978516,28.097837448120117,22.899023056030273,4973501
2010-09-28,28.097837448120117,28.627986907958984,26.507394790649414,27.03754234313965,22.034908294677734,1251594
2010-09-29,27.03754234313965,28.097837448120117,26.507394790649414,28.097837448120117,22.899023056030273,1934675
2010-09-30,27.567691802978516,31.27872657775879,27.03754234313965,27.567691802978516,22.46696662902832,1497896
2010-10-04,27.03754234313965,27.567691802978516,27.03754234313965,27.03754234313965,22.034908294677734,413469
2010-10-05,27.03754234313965,27.567691802978516,26.507394790649414,27.567691802978516,22.46696662902832,737850
2010-10-06,28.097837448120117,28.627986907958984,27.567691802978516,28.097837448120117,22.899023056030273,2440218
2010-10-07,28.627986907958984,28.627986907958984,27.567691802978516,28.097837448120117,22.899023056030273,808416
2010-10-08,28.097837448120117,28.097837448120117,27.03754234313965,27.03754234313965,22.034908294677734,563182
2010-10-11,27.567691802978516,28.627986907958984,27.03754234313965,27.567691802978516,22.46696662902832,1018093
2010-10-12,28.097837448120117,28.097837448120117,27.03754234313965,27.567691802978516,22.46696662902832,454524
2010-10-13,28.097837448120117,28.097837448120117,27.03754234313965,27.567691802978516,22.46696662902832,538538
2010-10-14,27.567691802978516,28.097837448120117,27.567691802978516,28.097837448120117,22.899023056030273,575575
2010-10-15,28.097837448120117,28.097837448120117,26.507394790649414,27.03754234313965,22.034908294677734,1044145
2010-10-18,26.507394790649414,27.03754234313965,24.916950225830078,25.182025909423828,20.5227108001709,1783091
2010-10-19,25.182025909423828,25.712173461914062,25.182025909423828,25.712173461914062,20.95476531982422,516914
2010-10-20,25.182025909423828,25.447099685668945,24.65187644958496,24.65187644958496,20.09065055847168,1037653
2010-10-21,25.182025909423828,25.182025909423828,24.65187644958496,24.916950225830078,20.306678771972656,379441
2010-10-22,25.182025909423828,25.447099685668945,24.916950225830078,25.182025909423828,20.5227108001709,416619
2010-10-25,25.182025909423828,25.97724723815918,25.182025909423828,25.97724723815918,21.170793533325195,631314
2010-10-26,25.97724723815918,25.97724723815918,25.182025909423828,25.447099685668945,20.738737106323242,376806
2010-10-27,25.712173461914062,25.712173461914062,24.916950225830078,25.447099685668945,20.738737106323242,852008
2010-10-28,25.447099685668945,25.447099685668945,24.916950225830078,25.182025909423828,20.5227108001709,500747
2010-10-29,25.447099685668945,25.447099685668945,24.916950225830078,25.182025909423828,20.5227108001709,487947
2010-11-01,24.916950225830078,26.507394790649414,24.916950225830078,25.712173461914062,20.95476531982422,1221336
2010-11-02,25.712173461914062,26.507394790649414,25.447099685668945,26.242321014404297,21.386823654174805,1047640
2010-11-03,26.507394790649414,26.507394790649414,25.447099685668945,25.97724723815918,21.170793533325195,419977
2010-11-04,25.97724723815918,25.97724723815918,25.447099685668945,25.712173461914062,20.95476531982422,400693
2010-11-05,25.97724723815918,27.03754234313965,25.97724723815918,26.507394790649414,21.60284996032715,1714276
2010-11-08,27.03754234313965,28.097837448120117,26.507394790649414,27.567691802978516,22.46696662902832,1957573
2010-11-09,27.567691802978516,28.097837448120117,27.03754234313965,27.567691802978516,22.46696662902832,799078
2010-11-10,27.567691802978516,28.627986907958984,27.03754234313965,28.627986907958984,23.331077575683594,2196311
2010-11-11,28.627986907958984,28.627986907958984,27.567691802978516,27.567691802978516,22.46696662902832,978645
2010-11-12,27.567691802978516,28.097837448120117,26.507394790649414,26.507394790649414,21.60284996032715,822562
2010-11-15,26.507394790649414,26.507394790649414,25.97724723815918,26.242321014404297,21.386823654174805,429797
2010-11-16,26.242321014404297,26.507394790649414,25.97724723815918,26.507394790649414,21.60284996032715,370141
2010-11-17,26.242321014404297,26.507394790649414,25.712173461914062,25.97724723815918,21.170793533325195,978849
2010-11-18,25.97724723815918,26.507394790649414,25.712173461914062,26.507394790649414,21.60284996032715,343780
2010-11-19,26.507394790649414,27.03754234313965,26.242321014404297,26.507394790649414,21.60284996032715,441129
2010-11-22,26.507394790649414,27.03754234313965,26.242321014404297,26.507394790649414,21.60284996032715,215651
2010-11-23,27.03754234313965,27.567691802978516,26.507394790649414,27.03754234313965,22.034908294677734,981009
2010-11-24,27.567691802978516,27.567691802978516,27.03754234313965,27.03754234313965,22.034908294677734,235500
2010-11-25,27.03754234313965,27.567691802978516,27.03754234313965,27.567691802978516,22.46696662902832,190852
2010-11-26,27.03754234313965,27.567691802978516,26.507394790649414,26.507394790649414,21.60284996032715,398558
2010-11-29,26.507394790649414,27.567691802978516,26.507394790649414,27.03754234313965,22.034908294677734,234406
2010-11-30,27.567691802978516,27.567691802978516,27.03754234313965,27.03754234313965,22.034908294677734,436238
2010-12-01,27.03754234313965,27.567691802978516,27.03754234313965,27.567691802978516,22.46696662902832,249126
2010-12-02,28.097837448120117,29.688282012939453,27.567691802978516,29.688282012939453,24.195192337036133,4692747
2010-12-03,29.15813446044922,29.688282012939453,28.097837448120117,29.15813446044922,23.763137817382812,2122715
2010-12-06,29.15813446044922,29.15813446044922,28.097837448120117,28.627986907958984,23.331077575683594,1119687
2010-12-07,28.097837448120117,29.15813446044922,28.097837448120117,28.627986907958984,23.331077575683594,371454
2010-12-08,28.627986907958984,29.15813446044922,28.097837448120117,28.627986907958984,23.331077575683594,1919861
2010-12-09,28.627986907958984,29.15813446044922,27.567691802978516,29.15813446044922,23.763137817382812,1055912
2010-12-10,29.15813446044922,29.15813446044922,28.097837448120117,28.627986907958984,23.331077575683594,610754
2010-12-13,29.15813446044922,30.748577117919922,28.627986907958984,30.218429565429688,24.62725067138672,2540577
2010-12-14,30.218429565429688,33.39931869506836,30.218429565429688,32.869171142578125,26.78753662109375,5231343
2010-12-15,32.869171142578125,32.869171142578125,30.748577117919922,31.808874130249023,25.92342185974121,3166363
2010-12-16,31.808874130249023,32.33902359008789,30.748577117919922,31.27872657775879,25.491363525390625,1043297
2010-12-17,31.808874130249023,31.808874130249023,30.218429565429688,31.27872657775879,25.491363525390625,885724
2010-12-20,31.27872657775879,31.808874130249023,30.218429565429688,31.27872657775879,25.491363525390625,809253
2010-12-21,31.27872657775879,31.808874130249023,30.218429565429688,31.808874130249023,25.92342185974121,684226
2010-12-22,31.808874130249023,32.33902359008789,31.27872657775879,31.808874130249023,25.92342185974121,662518
2010-12-23,31.808874130249023,33.929466247558594,31.808874130249023,32.33902359008789,26.355478286743164,1687283
2010-12-24,32.869171142578125,32.869171142578125,31.808874130249023,32.33902359008789,26.355478286743164,236179
2010-12-28,31.808874130249023,32.33902359008789,31.27872657775879,31.27872657775879,25.491363525390625,686078
2010-12-29,31.808874130249023,32.33902359008789,31.27872657775879,32.33902359008789,26.355478286743164,453145
2010-12-30,32.33902359008789,32.869171142578125,31.808874130249023,32.869171142578125,26.78753662109375,1003740
2010-12-31,32.869171142578125,32.869171142578125,31.808874130249023,32.33902359008789,26.355478286743164,179048
2011-01-03,32.869171142578125,32.869171142578125,32.33902359008789,32.869171142578125,26.78753662109375,580499
2011-01-04,32.869171142578125,33.929466247558594,32.869171142578125,33.39931869506836,27.219593048095703,1424698
2011-01-05,32.869171142578125,33.39931869506836,32.33902359008789,32.869171142578125,26.78753662109375,780580
2011-01-06,32.869171142578125,32.869171142578125,31.27872657775879,31.808874130249023,25.92342185974121,1696573
2011-01-07,31.808874130249023,31.808874130249023,31.27872657775879,31.808874130249023,25.92342185974121,558827
2011-01-10,31.27872657775879,31.808874130249023,30.748577117919922,30.748577117919922,25.059303283691406,194741
2011-01-11,31.27872657775879,31.808874130249023,30.748577117919922,31.808874130249023,25.92342185974121,208962
2011-01-12,31.808874130249023,31.808874130249023,30.748577117919922,31.27872657775879,25.491363525390625,473452
2011-01-13,31.27872657775879,31.808874130249023,30.748577117919922,31.27872657775879,25.491363525390625,252250
2011-01-14,31.27872657775879,32.33902359008789,31.27872657775879,31.27872657775879,25.491363525390625,512988
2011-01-17,31.808874130249023,32.33902359008789,31.27872657775879,31.808874130249023,25.92342185974121,369293
2011-01-18,31.808874130249023,31.808874130249023,31.27872657775879,31.808874130249023,25.92342185974121,523363
2011-01-19,31.808874130249023,31.808874130249023,31.27872657775879,31.808874130249023,25.92342185974121,318571
2011-01-20,30.748577117919922,31.27872657775879,30.748577117919922,30.748577117919922,25.059303283691406,806831
2011-01-21,30.748577117919922,30.748577117919922,29.688282012939453,30.218429565429688,24.62725067138672,734413
2011-01-24,30.218429565429688,30.218429565429688,29.15813446044922,29.688282012939453,24.195192337036133,765411
2011-01-25,29.688282012939453,30.218429565429688,29.15813446044922,29.688282012939453,24.195192337036133,668200
2011-01-26,29.688282012939453,30.748577117919922,29.688282012939453,30.218429565429688,24.62725067138672,273772
2011-01-27,30.748577117919922,31.808874130249023,30.218429565429688,31.808874130249023,25.92342185974121,457259
2011-01-28,31.27872657775879,31.808874130249023,30.748577117919922,30.748577117919922,25.059303283691406,271414
2011-01-31,30.748577117919922,31.808874130249023,30.748577117919922,31.27872657775879,25.491363525390625,451647
2011-02-01,31.27872657775879,32.33902359008789,31.27872657775879,31.808874130249023,25.92342185974121,1174917
2011-02-02,32.33902359008789,32.33902359008789,31.27872657775879,31.27872657775879,25.491363525390625,303500
2011-02-07,31.808874130249023,32.33902359008789,30.748577117919922,30.748577117919922,25.059303283691406,339107
2011-02-08,31.27872657775879,31.808874130249023,30.748577117919922,31.808874130249023,25.92342185974121,199246
2011-02-09,31.808874130249023,31.808874130249023,31.27872657775879,31.808874130249023,25.92342185974121,292220
2011-02-10,31.808874130249023,31.808874130249023,30.748577117919922,31.27872657775879,25.491363525390625,211186
2011-02-11,31.27872657775879,31.27872657775879,30.748577117919922,30.748577117919922,25.059303283691406,316359
2011-02-14,31.27872657775879,31.27872657775879,30.218429565429688,30.748577117919922,25.059303283691406,856613
2011-02-15,30.218429565429688,30.748577117919922,30.218429565429688,30.218429565429688,24.62725067138672,185948
2011-02-16,30.748577117919922,31.27872657775879,29.688282012939453,31.27872657775879,25.491363525390625,415325
2011-02-17,30.748577117919922,31.27872657775879,30.218429565429688,30.748577117919922,25.059303283691406,124985
2011-02-18,30.218429565429688,31.27872657775879,30.218429565429688,30.748577117919922,25.059303283691406,283373
2011-02-21,30.748577117919922,30.748577117919922,30.218429565429688,30.748577117919922,25.059303283691406,287329
2011-02-22,30.748577117919922,30.748577117919922,29.688282012939453,30.218429565429688,24.62725067138672,603661
2011-02-23,30.218429565429688,30.748577117919922,30.218429565429688,30.748577117919922,25.059303283691406,224810
2011-02-24,30.218429565429688,30.748577117919922,29.688282012939453,29.688282012939453,24.195192337036133,433992
2011-02-25,30.218429565429688,30.218429565429688,29.15813446044922,30.218429565429688,24.62725067138672,554769
2011-02-28,30.218429565429688,30.218429565429688,29.688282012939453,29.688282012939453,24.195192337036133,207999
2011-03-01,29.688282012939453,30.218429565429688,28.627986907958984,29.15813446044922,23.763137817382812,1194528
2011-03-02,29.15813446044922,29.15813446044922,28.627986907958984,28.627986907958984,23.331077575683594,529041
2011-03-03,28.627986907958984,29.15813446044922,28.627986907958984,28.627986907958984,23.331077575683594,426579
2011-03-04,29.15813446044922,29.688282012939453,28.627986907958984,29.688282012939453,24.195192337036133,1030674
2011-03-07,29.688282012939453,29.688282012939453,29.15813446044922,29.688282012939453,24.195192337036133,473207
2011-03-08,29.688282012939453,29.688282012939453,29.15813446044922,29.15813446044922,23.763137817382812,187685
2011-03-09,29.15813446044922,29.688282012939453,28.627986907958984,29.688282012939453,24.195192337036133,303085
2011-03-10,29.15813446044922,29.688282012939453,28.627986907958984,29.688282012939453,24.195192337036133,414356
2011-03-11,29.15813446044922,29.688282012939453,28.627986907958984,29.688282012939453,24.195192337036133,374556
2011-03-14,29.15813446044922,29.688282012939453,28.627986907958984,29.15813446044922,23.763137817382812,417723
2011-03-15,29.15813446044922,29.15813446044922,28.097837448120117,28.627986907958984,23.331077575683594,763293
2011-03-16,28.627986907958984,29.15813446044922,28.097837448120117,28.627986907958984,23.331077575683594,894429
2011-03-17,28.097837448120117,28.627986907958984,27.03754234313965,27.567691802978516,22.46696662902832,1767187
2011-03-18,27.567691802978516,27.567691802978516,26.507394790649414,26.507394790649414,21.60284996032715,586364
2011-03-21,27.03754234313965,27.567691802978516,27.03754234313965,27.567691802978516,22.46696662902832,353957
2011-03-22,27.567691802978516,28.097837448120117,27.03754234313965,28.097837448120117,22.899023056030273,87786
2011-03-23,28.097837448120117,28.097837448120117,27.567691802978516,27.567691802978516,22.46696662902832,81222
2011-03-24,27.567691802978516,29.15813446044922,27.567691802978516,28.627986907958984,23.331077575683594,355202
2011-03-25,28.627986907958984,30.218429565429688,28.627986907958984,30.218429565429688,24.62725067138672,681520
2011-03-28,30.218429565429688,30.748577117919922,29.688282012939453,30.218429565429688,24.62725067138672,618242
2011-03-29,30.218429565429688,31.808874130249023,30.218429565429688,31.27872657775879,25.491363525390625,1013622
2011-03-30,31.808874130249023,31.808874130249023,30.218429565429688,30.748577117919922,25.059303283691406,336302
2011-03-31,30.748577117919922,30.748577117919922,29.688282012939453,30.218429565429688,24.62725067138672,286410
2011-04-01,30.218429565429688,30.748577117919922,29.688282012939453,30.218429565429688,24.62725067138672,209149
2011-04-04,30.748577117919922,30.748577117919922,29.688282012939453,30.218429565429688,24.62725067138672,153579
2011-04-06,30.748577117919922,31.27872657775879,30.218429565429688,30.748577117919922,25.059303283691406,503388
2011-04-07,31.27872657775879,31.27872657775879,30.748577117919922,31.27872657775879,25.491363525390625,138018
2011-04-08,30.748577117919922,31.27872657775879,30.748577117919922,30.748577117919922,25.059303283691406,180176
2011-04-11,30.748577117919922,31.27872657775879,30.218429565429688,30.218429565429688,24.62725067138672,339622
2011-04-12,30.218429565429688,30.748577117919922,29.688282012939453,30.218429565429688,24.62725067138672,236820
2011-04-13,29.688282012939453,30.218429565429688,29.688282012939453,29.688282012939453,24.195192337036133,141130
2011-04-14,29.688282012939453,30.748577117919922,29.688282012939453,30.748577117919922,25.059303283691406,275772
2011-04-15,30.748577117919922,31.808874130249023,30.218429565429688,30.748577117919922,25.059303283691406,594947
2011-04-18,30.748577117919922,30.748577117919922,30.218429565429688,30.748577117919922,25.059303283691406,370877
2011-04-19,30.218429565429688,30.748577117919922,29.688282012939453,30.218429565429688,24.62725067138672,175733
2011-04-20,30.748577117919922,31.27872657775879,30.218429565429688,31.27872657775879,25.491363525390625,459344
2011-04-21,31.808874130249023,32.869171142578125,31.27872657775879,32.33902359008789,26.355478286743164,1837166
2011-04-26,32.869171142578125,32.869171142578125,31.27872657775879,32.33902359008789,26.355478286743164,656670
2011-04-27,32.33902359008789,32.33902359008789,31.27872657775879,31.808874130249023,25.92342185974121,311833
2011-04-28,31.808874130249023,32.869171142578125,31.808874130249023,31.808874130249023,25.92342185974121,575973
2011-04-29,32.33902359008789,32.33902359008789,31.808874130249023,31.808874130249023,25.92342185974121,218410
2011-05-03,32.33902359008789,33.39931869506836,31.27872657775879,32.33902359008789,26.355478286743164,1931027
2011-05-04,32.33902359008789,32.33902359008789,30.748577117919922,31.808874130249023,25.92342185974121,4215441
2011-05-05,31.27872657775879,31.808874130249023,30.748577117919922,31.27872657775879,25.491363525390625,888944
2011-05-06,31.27872657775879,31.27872657775879,30.218429565429688,30.748577117919922,25.059303283691406,704916
2011-05-09,30.748577117919922,30.748577117919922,30.218429565429688,30.748577117919922,25.059303283691406,253740
2011-05-11,30.748577117919922,31.808874130249023,30.748577117919922,31.808874130249023,25.92342185974121,464626
2011-05-12,31.27872657775879,31.808874130249023,30.748577117919922,31.808874130249023,25.92342185974121,477894
2011-05-13,32.869171142578125,32.869171142578125,31.808874130249023,32.33902359008789,26.355478286743164,988799
2011-05-16,32.33902359008789,32.33902359008789,31.27872657775879,31.808874130249023,25.92342185974121,3080820
2011-05-17,31.27872657775879,31.808874130249023,30.748577117919922,31.808874130249023,25.92342185974121,1008925
2011-05-18,31.808874130249023,32.33902359008789,31.27872657775879,31.808874130249023,25.92342185974121,1423489
2011-05-19,32.33902359008789,32.33902359008789,31.27872657775879,32.33902359008789,26.355478286743164,326720
2011-05-20,32.33902359008789,32.869171142578125,31.808874130249023,32.33902359008789,26.355478286743164,324947
2011-05-23,31.808874130249023,32.33902359008789,31.27872657775879,31.808874130249023,25.92342185974121,873397
2011-05-24,31.808874130249023,32.869171142578125,31.27872657775879,32.869171142578125,26.78753662109375,2734690
2011-05-25,32.33902359008789,33.39931869506836,32.33902359008789,33.39931869506836,27.219593048095703,1058602
2011-05-26,33.39931869506836,35.5199089050293,33.39931869506836,35.5199089050293,28.947818756103516,3294325
2011-05-27,35.5199089050293,36.05005645751953,34.45961380004883,34.98976135253906,28.515762329101562,1308684
2011-05-30,34.98976135253906,36.580204010009766,34.98976135253906,36.580204010009766,29.811935424804688,1575598
2011-05-31,37.1103515625,38.70079803466797,37.1103515625,38.170650482177734,31.108104705810547,3044287
2011-06-01,38.170650482177734,38.70079803466797,36.580204010009766,37.1103515625,30.243989944458008,2082149
2011-06-02,36.580204010009766,37.1103515625,35.5199089050293,36.580204010009766,29.811935424804688,1588819
2011-06-03,36.580204010009766,36.580204010009766,35.5199089050293,35.5199089050293,28.947818756103516,830929
2011-06-07,35.5199089050293,38.170650482177734,35.5199089050293,38.170650482177734,31.108104705810547,1512602
2011-06-08,38.170650482177734,38.170650482177734,36.580204010009766,37.1103515625,30.243989944458008,1824450
2011-06-09,36.580204010009766,37.640499114990234,36.05005645751953,37.1103515625,30.243989944458008,772436
2011-06-10,37.1103515625,37.640499114990234,36.05005645751953,36.05005645751953,29.379880905151367,656306
2011-06-13,36.05005645751953,36.580204010009766,35.5199089050293,36.05005645751953,29.379880905151367,697737
2011-06-14,36.05005645751953,37.1103515625,35.5199089050293,37.1103515625,30.243989944458008,1469244
2011-06-15,37.1103515625,37.640499114990234,36.05005645751953,36.580204010009766,29.811935424804688,298219
2011-06-16,36.580204010009766,36.580204010009766,35.5199089050293,36.05005645751953,29.379880905151367,429789
2011-06-17,36.05005645751953,36.580204010009766,35.5199089050293,36.05005645751953,29.379880905151367,366048
2011-06-20,36.05005645751953,36.580204010009766,32.33902359008789,33.39931869506836,27.219593048095703,2630039
2011-06-21,33.39931869506836,34.98976135253906,33.39931869506836,34.45961380004883,28.08370590209961,741689
2011-06-22,34.98976135253906,35.5199089050293,33.929466247558594,34.98976135253906,28.515762329101562,563062
2011-06-23,34.98976135253906,34.98976135253906,34.45961380004883,34.45961380004883,28.08370590209961,208281
2011-06-24,34.45961380004883,36.05005645751953,34.45961380004883,35.5199089050293,28.947818756103516,735983
2011-06-27,34.98976135253906,35.5199089050293,33.39931869506836,34.45961380004883,28.08370590209961,713046
2011-06-28,33.929466247558594,34.45961380004883,33.39931869506836,34.45961380004883,28.08370590209961,154976
2011-06-29,34.45961380004883,34.45961380004883,33.39931869506836,34.45961380004883,28.08370590209961,130812
2011-06-30,34.45961380004883,34.45961380004883,33.39931869506836,33.39931869506836,27.219593048095703,682623
2011-07-04,33.929466247558594,34.45961380004883,33.39931869506836,33.929466247558594,27.65165138244629,371103
2011-07-05,33.929466247558594,34.45961380004883,33.39931869506836,33.929466247558594,27.65165138244629,103688
2011-07-06,33.929466247558594,34.45961380004883,33.39931869506836,34.45961380004883,28.08370590209961,122003
2011-07-07,34.45961380004883,34.45961380004883,33.39931869506836,33.929466247558594,27.65165138244629,207564
2011-07-08,34.45961380004883,34.98976135253906,33.929466247558594,33.929466247558594,27.65165138244629,238405
2011-07-11,33.929466247558594,34.45961380004883,33.39931869506836,33.929466247558594,27.65165138244629,93936
2011-07-12,33.929466247558594,33.929466247558594,32.869171142578125,32.869171142578125,26.78753662109375,333510
2011-07-13,33.39931869506836,33.929466247558594,33.39931869506836,33.929466247558594,27.65165138244629,134091
2011-07-14,33.929466247558594,34.45961380004883,33.39931869506836,33.929466247558594,27.65165138244629,197059
2011-07-15,33.929466247558594,33.929466247558594,33.39931869506836,33.39931869506836,27.219593048095703,206764
2011-07-18,33.929466247558594,35.5199089050293,33.929466247558594,35.5199089050293,28.947818756103516,479073
2011-07-19,34.98976135253906,35.5199089050293,33.929466247558594,34.45961380004883,28.08370590209961,350977
2011-07-20,34.45961380004883,34.98976135253906,33.929466247558594,34.45961380004883,28.08370590209961,153655
2011-07-21,33.929466247558594,34.45961380004883,33.929466247558594,33.929466247558594,27.65165138244629,125851
2011-07-22,34.45961380004883,34.45961380004883,33.39931869506836,33.39931869506836,27.219593048095703,235670
2011-07-25,33.39931869506836,35.5199089050293,33.39931869506836,34.98976135253906,28.515762329101562,460230
2011-07-26,34.98976135253906,34.98976135253906,33.929466247558594,34.98976135253906,28.515762329101562,637142
2011-07-27,34.98976135253906,34.98976135253906,34.98976135253906,34.98976135253906,28.515762329101562,0
2011-07-28,33.39931869506836,33.39931869506836,32.33902359008789,32.869171142578125,26.78753662109375,1634513
2011-07-29,32.869171142578125,33.39931869506836,32.869171142578125,32.869171142578125,26.78753662109375,181986
2011-08-01,32.869171142578125,33.39931869506836,32.33902359008789,32.869171142578125,26.78753662109375,621411
2011-08-02,32.33902359008789,32.869171142578125,31.27872657775879,31.808874130249023,25.92342185974121,869607
2011-08-03,31.27872657775879,31.808874130249023,30.218429565429688,30.748577117919922,25.059303283691406,1751492
2011-08-04,30.748577117919922,31.27872657775879,29.688282012939453,30.748577117919922,25.059303283691406,1234768
2011-08-05,28.627986907958984,30.748577117919922,28.097837448120117,28.627986907958984,23.331077575683594,2037035
2011-08-08,28.627986907958984,30.218429565429688,26.507394790649414,29.688282012939453,24.195192337036133,1830250
2011-08-09,28.627986907958984,28.627986907958984,27.03754234313965,28.627986907958984,23.331077575683594,2031706
2011-08-10,29.15813446044922,29.688282012939453,28.627986907958984,29.15813446044922,23.763137817382812,1529469
2011-08-11,28.627986907958984,30.218429565429688,28.627986907958984,30.218429565429688,24.62725067138672,1901998
2011-08-12,30.748577117919922,30.748577117919922,29.688282012939453,29.688282012939453,24.195192337036133,1312463
2011-08-15,29.688282012939453,30.218429565429688,29.688282012939453,29.688282012939453,24.195192337036133,138814
2011-08-16,30.218429565429688,30.748577117919922,29.688282012939453,30.218429565429688,24.62725067138672,408376
2011-08-17,30.218429565429688,30.748577117919922,29.688282012939453,30.218429565429688,24.62725067138672,338358
2011-08-18,30.218429565429688,30.748577117919922,29.15813446044922,29.688282012939453,24.195192337036133,462323
2011-08-19,29.15813446044922,29.15813446044922,28.097837448120117,28.627986907958984,23.331077575683594,544395
2011-08-22,29.15813446044922,29.688282012939453,28.627986907958984,29.688282012939453,24.195192337036133,593136
2011-08-23,30.218429565429688,32.33902359008789,29.15813446044922,32.33902359008789,26.355478286743164,1177973
2011-08-24,32.33902359008789,32.33902359008789,30.218429565429688,30.748577117919922,25.059303283691406,534115
2011-08-25,30.748577117919922,31.27872657775879,29.688282012939453,29.688282012939453,24.195192337036133,263850
2011-08-26,29.688282012939453,30.218429565429688,28.097837448120117,28.097837448120117,22.899023056030273,632040
2011-08-29,28.627986907958984,29.15813446044922,28.627986907958984,29.15813446044922,23.763137817382812,176757
2011-08-30,29.15813446044922,29.688282012939453,29.15813446044922,29.688282012939453,24.195192337036133,86692
2011-08-31,29.15813446044922,31.27872657775879,29.15813446044922,30.748577117919922,25.059303283691406,427258
2011-09-01,31.27872657775879,32.33902359008789,29.688282012939453,30.748577117919922,25.059303283691406,1960245
2011-09-02,30.218429565429688,30.748577117919922,29.688282012939453,30.748577117919922,25.059303283691406,342753
2011-09-05,30.218429565429688,31.27872657775879,30.218429565429688,30.748577117919922,25.059303283691406,768464
2011-09-06,30.748577117919922,30.748577117919922,29.688282012939453,30.748577117919922,25.059303283691406,484600
2011-09-07,30.218429565429688,30.748577117919922,29.688282012939453,30.218429565429688,24.62725067138672,217392
2011-09-08,30.748577117919922,30.748577117919922,29.688282012939453,30.218429565429688,24.62725067138672,283241
2011-09-09,30.218429565429688,30.748577117919922,29.688282012939453,30.218429565429688,24.62725067138672,747074
2011-09-12,29.688282012939453,29.688282012939453,28.097837448120117,29.688282012939453,24.195192337036133,829579
2011-09-14,29.15813446044922,29.688282012939453,28.097837448120117,29.15813446044922,23.763137817382812,769665
2011-09-15,29.15813446044922,29.15813446044922,28.627986907958984,28.627986907958984,23.331077575683594,230671
2011-09-16,28.627986907958984,29.15813446044922,28.097837448120117,29.15813446044922,23.763137817382812,1009250
2011-09-19,29.15813446044922,29.15813446044922,27.567691802978516,28.097837448120117,22.899023056030273,568700
2011-09-20,28.097837448120117,28.627986907958984,27.03754234313965,27.03754234313965,22.034908294677734,313610
2011-09-21,27.03754234313965,28.097837448120117,27.03754234313965,28.097837448120117,22.899023056030273,227936
2011-09-22,27.03754234313965,27.03754234313965,24.386802673339844,24.916950225830078,20.306678771972656,1001380
2011-09-23,24.386802673339844,25.447099685668945,22.266212463378906,23.326507568359375,19.010509490966797,1724990
2011-09-26,23.326507568359375,23.85665512084961,19.35039710998535,20.145620346069336,16.418167114257812,1241181
2011-09-27,20.940841674804688,21.736064910888672,20.410694122314453,21.470989227294922,17.498308181762695,522514
2011-09-28,21.736064910888672,23.061433792114258,21.470989227294922,22.53128433227539,18.3624210357666,477545
2011-09-30,22.266212463378906,22.266212463378906,19.88054656982422,20.145620346069336,16.418167114257812,4434741
2011-10-03,19.6154727935791,19.6154727935791,16.964731216430664,18.55517578125,15.121994972229004,2145960
2011-10-04,18.025028228759766,19.085323333740234,18.025028228759766,18.820249557495117,15.338025093078613,998036
2011-10-06,19.35039710998535,19.88054656982422,19.085323333740234,19.35039710998535,15.770082473754883,1133759
2011-10-07,19.35039710998535,22.53128433227539,19.88054656982422,22.266212463378906,18.14639663696289,1555528
2011-10-10,22.00113868713379,23.591581344604492,22.00113868713379,23.591581344604492,19.22653579711914,1400552
2011-10-11,24.386802673339844,25.447099685668945,24.121728897094727,25.447099685668945,20.738737106323242,750356
2011-10-12,25.182025909423828,27.567691802978516,24.916950225830078,27.03754234313965,22.034908294677734,2838622
2011-10-13,27.567691802978516,27.567691802978516,26.242321014404297,27.567691802978516,22.46696662902832,1541646
2011-10-14,27.03754234313965,27.03754234313965,25.447099685668945,25.712173461914062,20.95476531982422,630088
2011-10-17,26.242321014404297,26.507394790649414,24.65187644958496,24.916950225830078,20.306678771972656,641912
2011-10-18,24.386802673339844,24.916950225830078,24.386802673339844,24.65187644958496,20.09065055847168,376215
2011-10-19,24.916950225830078,25.182025909423828,24.916950225830078,24.916950225830078,20.306678771972656,156878
2011-10-20,24.386802673339844,24.65187644958496,23.85665512084961,24.386802673339844,19.874622344970703,252325
2011-10-21,24.386802673339844,24.916950225830078,23.85665512084961,24.65187644958496,20.09065055847168,119287
2011-10-24,24.916950225830078,25.182025909423828,24.65187644958496,24.916950225830078,20.306678771972656,418996
2011-10-25,25.182025909423828,25.182025909423828,24.65187644958496,25.182025909423828,20.5227108001709,153372
2011-10-26,24.916950225830078,24.916950225830078,24.65187644958496,24.65187644958496,20.09065055847168,197378
2011-10-27,24.916950225830078,27.03754234313965,24.65187644958496,26.507394790649414,21.60284996032715,1139587
2011-10-28,27.03754234313965,27.567691802978516,24.916950225830078,25.447099685668945,20.738737106323242,1155135
2011-10-31,25.712173461914062,25.712173461914062,24.916950225830078,25.182025909423828,20.5227108001709,323211
2011-11-01,24.916950225830078,25.182025909423828,24.386802673339844,24.65187644958496,20.09065055847168,332624
2011-11-02,24.121728897094727,24.916950225830078,23.85665512084961,24.916950225830078,20.306678771972656,646498
2011-11-03,24.916950225830078,25.97724723815918,24.65187644958496,25.447099685668945,20.738737106323242,386929
2011-11-04,25.97724723815918,26.242321014404297,25.447099685668945,25.712173461914062,20.95476531982422,317949
2011-11-07,25.447099685668945,25.447099685668945,24.916950225830078,25.182025909423828,20.5227108001709,427484
2011-11-08,25.447099685668945,26.507394790649414,25.447099685668945,26.242321014404297,21.386823654174805,542848
2011-11-09,26.507394790649414,28.097837448120117,26.507394790649414,27.567691802978516,22.46696662902832,2002403
2011-11-10,26.242321014404297,27.03754234313965,25.712173461914062,26.507394790649414,21.60284996032715,767389
2011-11-11,26.507394790649414,27.03754234313965,25.712173461914062,25.97724723815918,21.170793533325195,303481
2011-11-14,26.242321014404297,26.507394790649414,25.97724723815918,26.242321014404297,21.386823654174805,94483
2011-11-15,25.97724723815918,26.507394790649414,25.97724723815918,26.242321014404297,21.386823654174805,204112
2011-11-16,26.242321014404297,26.507394790649414,25.712173461914062,25.97724723815918,21.170793533325195,117646
2011-11-17,25.712173461914062,25.97724723815918,25.447099685668945,25.97724723815918,21.170793533325195,104782
2011-11-18,25.447099685668945,25.712173461914062,25.182025909423828,25.447099685668945,20.738737106323242,161052
2011-11-21,25.182025909423828,25.447099685668945,24.916950225830078,25.447099685668945,20.738737106323242,70734
2011-11-22,25.182025909423828,25.447099685668945,24.916950225830078,25.447099685668945,20.738737106323242,98670
2011-11-23,25.447099685668945,25.712173461914062,24.916950225830078,25.712173461914062,20.95476531982422,490372
2011-11-24,25.182025909423828,25.447099685668945,25.182025909423828,25.447099685668945,20.738737106323242,78034
2011-11-25,25.447099685668945,25.447099685668945,24.916950225830078,25.182025909423828,20.5227108001709,231954
2011-11-28,25.182025909423828,25.712173461914062,25.182025909423828,25.712173461914062,20.95476531982422,240178
2011-11-29,25.97724723815918,25.97724723815918,25.447099685668945,25.712173461914062,20.95476531982422,194587
2011-11-30,25.712173461914062,25.712173461914062,24.916950225830078,25.182025909423828,20.5227108001709,331511
2011-12-01,25.97724723815918,25.97724723815918,25.182025909423828,25.97724723815918,21.170793533325195,284714
2011-12-02,25.712173461914062,25.712173461914062,25.182025909423828,25.447099685668945,20.738737106323242,142035
2011-12-05,25.447099685668945,25.97724723815918,25.447099685668945,25.447099685668945,20.738737106323242,165519
2011-12-06,25.447099685668945,25.712173461914062,25.182025909423828,25.182025909423828,20.5227108001709,241687
2011-12-07,25.447099685668945,25.447099685668945,24.916950225830078,25.447099685668945,20.738737106323242,235198
2011-12-08,25.182025909423828,25.182025909423828,24.65187644958496,24.65187644958496,20.09065055847168,488176
2011-12-09,24.65187644958496,24.916950225830078,24.386802673339844,24.386802673339844,19.874622344970703,203867
2011-12-12,24.65187644958496,24.916950225830078,24.65187644958496,24.65187644958496,20.09065055847168,210262
2011-12-13,24.65187644958496,24.916950225830078,24.121728897094727,24.386802673339844,19.874622344970703,236764
2011-12-14,24.65187644958496,24.65187644958496,24.121728897094727,24.386802673339844,19.874622344970703,401076
2011-12-15,24.121728897094727,24.386802673339844,23.326507568359375,23.326507568359375,19.010509490966797,434822
2011-12-16,23.591581344604492,24.386802673339844,23.326507568359375,24.121728897094727,19.658594131469727,551733
2011-12-19,23.85665512084961,23.85665512084961,22.53128433227539,23.061433792114258,18.79448127746582,190950
2011-12-20,23.061433792114258,23.326507568359375,22.53128433227539,22.796358108520508,18.578449249267578,64623
2011-12-21,23.326507568359375,23.326507568359375,22.796358108520508,23.061433792114258,18.79448127746582,42139
2011-12-22,23.061433792114258,23.061433792114258,22.53128433227539,22.796358108520508,18.578449249267578,49740
2011-12-23,23.061433792114258,23.326507568359375,22.796358108520508,23.326507568359375,19.010509490966797,32292
2011-12-28,23.591581344604492,23.591581344604492,22.796358108520508,23.326507568359375,19.010509490966797,94596
2011-12-29,23.061433792114258,23.061433792114258,22.266212463378906,22.266212463378906,18.14639663696289,98048
2011-12-30,22.53128433227539,23.326507568359375,22.266212463378906,23.326507568359375,19.010509490966797,229879
2012-01-03,23.326507568359375,23.326507568359375,22.796358108520508,23.326507568359375,19.010509490966797,63227
2012-01-04,23.326507568359375,23.326507568359375,22.796358108520508,23.061433792114258,18.79448127746582,60209
2012-01-05,23.326507568359375,23.326507568359375,22.796358108520508,22.796358108520508,18.578449249267578,27775
2012-01-06,22.796358108520508,22.796358108520508,21.736064910888672,22.00113868713379,17.93036651611328,136527
2012-01-09,22.266212463378906,22.266212463378906,21.470989227294922,21.470989227294922,17.498308181762695,114609
2012-01-10,22.00113868713379,22.53128433227539,21.470989227294922,22.00113868713379,17.93036651611328,216675
2012-01-11,22.266212463378906,23.326507568359375,22.00113868713379,23.061433792114258,18.79448127746582,225412
2012-01-12,23.326507568359375,25.97724723815918,23.326507568359375,25.97724723815918,21.170793533325195,1466835
2012-01-13,26.507394790649414,26.507394790649414,24.916950225830078,25.182025909423828,20.5227108001709,758731
2012-01-16,25.182025909423828,25.447099685668945,24.916950225830078,25.182025909423828,20.5227108001709,409283
2012-01-17,25.447099685668945,25.97724723815918,25.182025909423828,25.97724723815918,21.170793533325195,339376
2012-01-18,26.242321014404297,26.242321014404297,24.916950225830078,25.182025909423828,20.5227108001709,410828
2012-01-19,25.182025909423828,25.447099685668945,24.916950225830078,25.447099685668945,20.738737106323242,134056
2012-01-20,25.447099685668945,25.447099685668945,24.916950225830078,25.182025909423828,20.5227108001709,378511
2012-01-26,25.447099685668945,25.712173461914062,25.182025909423828,25.712173461914062,20.95476531982422,784739
2012-01-27,25.712173461914062,26.242321014404297,25.447099685668945,26.242321014404297,21.386823654174805,782140
2012-01-30,26.507394790649414,27.03754234313965,24.65187644958496,25.182025909423828,20.5227108001709,1173519
2012-01-31,25.182025909423828,25.712173461914062,24.65187644958496,25.447099685668945,20.738737106323242,644332
2012-02-01,25.447099685668945,25.712173461914062,24.916950225830078,25.182025909423828,20.5227108001709,271716
2012-02-02,25.182025909423828,26.242321014404297,25.182025909423828,25.712173461914062,20.95476531982422,606227
2012-02-03,25.712173461914062,25.97724723815918,25.447099685668945,25.712173461914062,20.95476531982422,223390
2012-02-06,25.712173461914062,25.712173461914062,24.916950225830078,25.447099685668945,20.738737106323242,437594
2012-02-07,25.712173461914062,25.712173461914062,25.182025909423828,25.182025909423828,20.5227108001709,220089
2012-02-08,25.447099685668945,26.507394790649414,25.182025909423828,26.242321014404297,21.386823654174805,1032732
2012-02-09,26.242321014404297,26.507394790649414,25.712173461914062,25.97724723815918,21.170793533325195,448327
2012-02-10,26.242321014404297,29.688282012939453,26.242321014404297,28.097837448120117,22.899023056030273,4488898
2012-02-13,27.567691802978516,29.15813446044922,27.567691802978516,28.627986907958984,23.331077575683594,1210696
2012-02-14,28.627986907958984,28.627986907958984,27.03754234313965,27.567691802978516,22.46696662902832,360673
2012-02-15,27.567691802978516,28.627986907958984,27.03754234313965,28.097837448120117,22.899023056030273,1345624
2012-02-16,28.097837448120117,28.097837448120117,27.03754234313965,27.567691802978516,22.46696662902832,721760
2012-02-17,27.567691802978516,28.097837448120117,27.567691802978516,27.567691802978516,22.46696662902832,375423
2012-02-20,28.097837448120117,28.627986907958984,27.567691802978516,27.567691802978516,22.46696662902832,252523
2012-02-21,27.567691802978516,29.15813446044922,27.567691802978516,28.627986907958984,23.331077575683594,911934
2012-02-22,28.627986907958984,29.15813446044922,28.097837448120117,29.15813446044922,23.763137817382812,474104
2012-02-23,28.097837448120117,28.627986907958984,27.03754234313965,28.097837448120117,22.899023056030273,1382972
2012-02-24,28.097837448120117,28.627986907958984,27.567691802978516,28.097837448120117,22.899023056030273,929216
2012-02-27,28.097837448120117,28.627986907958984,27.567691802978516,28.627986907958984,23.331077575683594,696088
2012-02-28,28.097837448120117,28.627986907958984,28.097837448120117,28.097837448120117,22.899023056030273,242907
2012-02-29,28.097837448120117,29.15813446044922,28.097837448120117,28.097837448120117,22.899023056030273,341055
2012-03-01,28.097837448120117,28.097837448120117,27.03754234313965,28.097837448120117,22.899023056030273,971445
2012-03-02,27.567691802978516,28.097837448120117,27.567691802978516,27.567691802978516,22.46696662902832,131544
2012-03-05,28.097837448120117,28.627986907958984,27.567691802978516,28.097837448120117,22.899023056030273,501765
2012-03-06,28.097837448120117,28.097837448120117,27.03754234313965,27.03754234313965,22.034908294677734,340774
2012-03-07,27.03754234313965,27.567691802978516,27.03754234313965,27.567691802978516,22.46696662902832,441228
2012-03-08,28.097837448120117,28.097837448120117,27.03754234313965,27.03754234313965,22.034908294677734,189154
2012-03-09,27.567691802978516,28.097837448120117,27.03754234313965,27.567691802978516,22.46696662902832,249798
2012-03-12,28.097837448120117,28.097837448120117,27.03754234313965,27.03754234313965,22.034908294677734,436633
2012-03-13,27.567691802978516,27.567691802978516,27.03754234313965,27.567691802978516,22.46696662902832,146826
2012-03-14,28.097837448120117,28.097837448120117,27.03754234313965,27.567691802978516,22.46696662902832,608949
2012-03-15,27.03754234313965,27.567691802978516,27.03754234313965,27.567691802978516,22.46696662902832,126608
2012-03-16,27.03754234313965,28.097837448120117,27.03754234313965,28.097837448120117,22.899023056030273,2175845
2012-03-20,27.567691802978516,27.567691802978516,26.242321014404297,26.507394790649414,21.60284996032715,1688943
2012-03-21,26.507394790649414,26.507394790649414,25.182025909423828,25.712173461914062,20.95476531982422,632219
2012-03-22,25.712173461914062,25.712173461914062,25.182025909423828,25.182025909423828,20.5227108001709,358503
2012-03-23,25.182025909423828,25.447099685668945,24.65187644958496,25.182025909423828,20.5227108001709,327337
2012-03-26,25.447099685668945,25.712173461914062,24.916950225830078,24.916950225830078,20.306678771972656,571915
2012-03-27,25.182025909423828,25.712173461914062,24.65187644958496,25.182025909423828,20.5227108001709,435652
2012-03-28,25.182025909423828,25.447099685668945,24.65187644958496,25.182025909423828,20.5227108001709,264907
2012-03-29,25.182025909423828,25.182025909423828,24.65187644958496,25.182025909423828,20.5227108001709,940699
2012-03-30,24.916950225830078,25.447099685668945,24.916950225830078,25.182025909423828,20.5227108001709,472831
2012-04-02,25.447099685668945,25.712173461914062,24.65187644958496,24.916950225830078,20.306678771972656,506669
2012-04-03,25.182025909423828,25.447099685668945,24.65187644958496,24.65187644958496,20.09065055847168,733700
2012-04-05,24.65187644958496,24.65187644958496,23.591581344604492,24.121728897094727,19.658594131469727,1064164
2012-04-10,23.591581344604492,24.121728897094727,23.591581344604492,23.591581344604492,19.22653579711914,471738
2012-04-11,23.85665512084961,24.121728897094727,23.326507568359375,23.591581344604492,19.22653579711914,912122
2012-04-12,23.591581344604492,24.386802673339844,23.061433792114258,23.591581344604492,19.22653579711914,1016395
2012-04-13,24.386802673339844,24.65187644958496,23.85665512084961,24.386802673339844,19.874622344970703,551371
2012-04-16,24.386802673339844,24.65187644958496,23.85665512084961,24.121728897094727,19.658594131469727,172291
2012-04-17,24.386802673339844,24.386802673339844,23.591581344604492,23.85665512084961,19.442564010620117,400336
2012-04-18,24.121728897094727,24.65187644958496,23.85665512084961,24.65187644958496,20.09065055847168,663159
2012-04-19,24.65187644958496,24.65187644958496,24.386802673339844,24.386802673339844,19.874622344970703,183938
2012-04-20,24.386802673339844,24.916950225830078,24.121728897094727,24.65187644958496,20.09065055847168,120739
2012-04-23,24.65187644958496,25.182025909423828,24.386802673339844,24.916950225830078,20.306678771972656,65858
2012-04-24,24.65187644958496,25.182025909423828,24.386802673339844,24.65187644958496,20.09065055847168,55775
2012-04-25,24.916950225830078,25.182025909423828,24.386802673339844,24.916950225830078,20.306678771972656,438425
2012-04-26,24.916950225830078,25.712173461914062,24.916950225830078,25.712173461914062,20.95476531982422,208188
2012-04-27,25.712173461914062,26.242321014404297,25.182025909423828,25.97724723815918,21.170793533325195,260493
2012-04-30,25.97724723815918,27.03754234313965,25.712173461914062,26.507394790649414,21.60284996032715,477979
2012-05-02,26.507394790649414,26.507394790649414,25.97724723815918,26.507394790649414,21.60284996032715,498865
2012-05-03,26.507394790649414,27.03754234313965,26.242321014404297,26.507394790649414,21.60284996032715,615631
2012-05-04,26.242321014404297,26.507394790649414,25.97724723815918,26.242321014404297,21.386823654174805,249612
2012-05-07,25.712173461914062,25.97724723815918,24.916950225830078,25.182025909423828,20.5227108001709,371576
2012-05-08,25.182025909423828,25.97724723815918,25.182025909423828,25.712173461914062,20.95476531982422,350147
2012-05-09,25.447099685668945,25.97724723815918,25.182025909423828,25.447099685668945,20.738737106323242,432476
2012-05-10,25.447099685668945,25.712173461914062,24.386802673339844,24.916950225830078,20.306678771972656,539830
2012-05-11,24.386802673339844,24.386802673339844,24.121728897094727,24.386802673339844,19.874622344970703,344847
2012-05-14,24.386802673339844,24.386802673339844,24.121728897094727,24.386802673339844,19.874622344970703,60249
2012-05-15,24.121728897094727,24.121728897094727,23.591581344604492,24.121728897094727,19.658594131469727,221335
2012-05-16,23.85665512084961,23.85665512084961,23.061433792114258,23.326507568359375,19.010509490966797,234182
2012-05-17,23.326507568359375,23.591581344604492,22.796358108520508,23.326507568359375,19.010509490966797,223301
2012-05-18,23.061433792114258,23.061433792114258,22.266212463378906,22.53128433227539,18.3624210357666,1200602
2012-05-21,22.53128433227539,23.061433792114258,22.266212463378906,23.061433792114258,18.79448127746582,407547
2012-05-22,23.061433792114258,23.061433792114258,22.796358108520508,22.796358108520508,18.578449249267578,213959
2012-05-23,22.796358108520508,23.061433792114258,22.00113868713379,22.00113868713379,17.93036651611328,397908
2012-05-24,22.00113868713379,22.53128433227539,22.00113868713379,22.266212463378906,18.14639663696289,280622
2012-05-25,22.53128433227539,22.53128433227539,21.470989227294922,21.470989227294922,17.498308181762695,282997
2012-05-28,21.470989227294922,21.736064910888672,21.205915451049805,21.470989227294922,17.498308181762695,191588
2012-05-29,21.470989227294922,22.266212463378906,21.470989227294922,22.00113868713379,17.93036651611328,654792
2012-05-30,22.00113868713379,22.00113868713379,21.470989227294922,21.470989227294922,17.498308181762695,146050
2012-05-31,21.470989227294922,23.591581344604492,21.470989227294922,22.53128433227539,18.3624210357666,709710
2012-06-01,22.53128433227539,22.796358108520508,22.266212463378906,22.266212463378906,18.14639663696289,160936
2012-06-04,22.266212463378906,22.266212463378906,21.470989227294922,21.736064910888672,17.714338302612305,685918
2012-06-05,21.736064910888672,22.53128433227539,21.736064910888672,22.266212463378906,18.14639663696289,164182
2012-06-06,22.266212463378906,23.061433792114258,22.266212463378906,22.796358108520508,18.578449249267578,298242
2012-06-07,22.796358108520508,23.591581344604492,22.796358108520508,22.796358108520508,18.578449249267578,465819
2012-06-08,22.796358108520508,22.796358108520508,21.736064910888672,22.266212463378906,18.14639663696289,368161
2012-06-11,22.53128433227539,22.796358108520508,22.266212463378906,22.53128433227539,18.3624210357666,92107
2012-06-12,22.266212463378906,22.53128433227539,22.00113868713379,22.53128433227539,18.3624210357666,124749
2012-06-13,22.53128433227539,24.121728897094727,22.266212463378906,23.85665512084961,19.442564010620117,330652
2012-06-14,23.85665512084961,23.85665512084961,23.061433792114258,23.326507568359375,19.010509490966797,234634
2012-06-15,23.326507568359375,23.591581344604492,22.266212463378906,23.061433792114258,18.79448127746582,370653
2012-06-18,23.326507568359375,23.591581344604492,22.796358108520508,23.061433792114258,18.79448127746582,295845
2012-06-19,23.061433792114258,23.85665512084961,22.53128433227539,23.591581344604492,19.22653579711914,601454
2012-06-20,23.85665512084961,23.85665512084961,23.326507568359375,23.326507568359375,19.010509490966797,220768
2012-06-21,23.326507568359375,23.591581344604492,22.796358108520508,22.796358108520508,18.578449249267578,143997
2012-06-22,22.53128433227539,23.061433792114258,22.53128433227539,22.796358108520508,18.578449249267578,206492
2012-06-25,22.796358108520508,23.061433792114258,22.53128433227539,22.796358108520508,18.578449249267578,244836
2012-06-26,23.061433792114258,23.061433792114258,22.796358108520508,22.796358108520508,18.578449249267578,256905
2012-06-27,22.796358108520508,23.061433792114258,22.53128433227539,22.796358108520508,18.578449249267578,280872
2012-06-28,23.061433792114258,23.061433792114258,22.53128433227539,22.796358108520508,18.578449249267578,355883
2012-06-29,22.53128433227539,23.326507568359375,22.53128433227539,23.061433792114258,18.79448127746582,387840
2012-07-03,23.326507568359375,24.121728897094727,23.061433792114258,23.591581344604492,19.22653579711914,976523
2012-07-04,23.85665512084961,24.121728897094727,23.591581344604492,23.591581344604492,19.22653579711914,540472
2012-07-05,23.85665512084961,24.386802673339844,23.591581344604492,24.121728897094727,19.658594131469727,1542192
2012-07-06,24.121728897094727,24.65187644958496,23.85665512084961,24.121728897094727,19.658594131469727,587310
2012-07-09,24.121728897094727,24.121728897094727,23.85665512084961,23.85665512084961,19.442564010620117,279147
2012-07-10,24.121728897094727,24.386802673339844,23.85665512084961,24.121728897094727,19.658594131469727,156465
2012-07-11,24.121728897094727,24.916950225830078,24.121728897094727,24.65187644958496,20.09065055847168,524683
2012-07-12,24.65187644958496,24.916950225830078,24.121728897094727,24.386802673339844,19.874622344970703,515648
2012-07-13,24.386802673339844,24.916950225830078,24.121728897094727,24.386802673339844,19.874622344970703,458683
2012-07-16,24.65187644958496,24.916950225830078,24.386802673339844,24.65187644958496,20.09065055847168,143620
2012-07-17,24.65187644958496,24.65187644958496,24.386802673339844,24.65187644958496,20.09065055847168,104518
2012-07-18,24.65187644958496,24.65187644958496,24.386802673339844,24.386802673339844,19.874622344970703,112855
2012-07-19,24.65187644958496,24.65187644958496,24.386802673339844,24.65187644958496,20.09065055847168,365633
2012-07-20,24.65187644958496,24.65187644958496,24.386802673339844,24.386802673339844,19.874622344970703,102663
2012-07-23,24.386802673339844,24.386802673339844,23.326507568359375,23.591581344604492,19.22653579711914,562258
2012-07-24,23.326507568359375,23.591581344604492,23.061433792114258,23.591581344604492,19.22653579711914,199831
2012-07-25,23.326507568359375,24.916950225830078,23.326507568359375,24.65187644958496,20.09065055847168,1575937
2012-07-26,24.916950225830078,25.97724723815918,24.916950225830078,25.447099685668945,20.738737106323242,1997622
2012-07-27,25.712173461914062,25.712173461914062,24.65187644958496,24.916950225830078,20.306678771972656,757411
2012-07-30,24.916950225830078,25.447099685668945,24.386802673339844,24.916950225830078,20.306678771972656,427295
2012-07-31,24.916950225830078,24.916950225830078,23.591581344604492,23.85665512084961,19.442564010620117,656175
2012-08-01,23.85665512084961,23.85665512084961,23.326507568359375,23.326507568359375,19.010509490966797,299243
2012-08-02,23.326507568359375,23.591581344604492,23.061433792114258,23.061433792114258,18.79448127746582,418700
2012-08-03,23.061433792114258,23.061433792114258,22.53128433227539,22.53128433227539,18.3624210357666,402752
2012-08-06,23.061433792114258,23.061433792114258,22.53128433227539,22.53128433227539,18.3624210357666,384210
2012-08-07,22.53128433227539,22.796358108520508,21.736064910888672,22.00113868713379,17.93036651611328,894883
2012-08-08,22.00113868713379,22.53128433227539,21.736064910888672,22.00113868713379,17.93036651611328,647861
2012-08-09,22.00113868713379,22.266212463378906,21.736064910888672,22.266212463378906,18.14639663696289,621789
2012-08-10,22.266212463378906,22.266212463378906,21.736064910888672,22.266212463378906,18.14639663696289,327361
2012-08-13,22.266212463378906,23.85665512084961,22.00113868713379,23.85665512084961,19.442564010620117,1267155
2012-08-14,24.386802673339844,24.386802673339844,23.326507568359375,24.121728897094727,19.658594131469727,1190578
2012-08-15,24.121728897094727,24.121728897094727,22.796358108520508,23.061433792114258,18.79448127746582,372028
2012-08-16,23.061433792114258,23.061433792114258,23.061433792114258,23.061433792114258,18.79448127746582,0
2012-08-17,21.205915451049805,21.205915451049805,19.6154727935791,19.88054656982422,16.202138900756836,4674255
2012-08-20,19.88054656982422,20.940841674804688,19.88054656982422,20.410694122314453,16.634193420410156,1716446
2012-08-21,20.410694122314453,20.67576789855957,20.145620346069336,20.410694122314453,16.634193420410156,736756
2012-08-22,20.145620346069336,20.410694122314453,19.88054656982422,20.145620346069336,16.418167114257812,593721
2012-08-23,19.88054656982422,20.67576789855957,19.88054656982422,20.410694122314453,16.634193420410156,709991
2012-08-24,20.145620346069336,20.410694122314453,19.88054656982422,20.145620346069336,16.418167114257812,647800
2012-08-27,20.145620346069336,20.410694122314453,19.88054656982422,20.145620346069336,16.418167114257812,322438
2012-08-28,20.145620346069336,20.410694122314453,20.145620346069336,20.410694122314453,16.634193420410156,94784
2012-08-29,20.410694122314453,20.410694122314453,19.6154727935791,19.6154727935791,15.986109733581543,746904
2012-08-30,19.6154727935791,19.88054656982422,18.55517578125,19.085323333740234,15.55405044555664,716234
2012-08-31,18.820249557495117,19.35039710998535,18.290102005004883,18.820249557495117,15.338025093078613,506852
2012-09-03,18.820249557495117,19.085323333740234,18.290102005004883,19.085323333740234,15.55405044555664,390036
2012-09-04,19.085323333740234,19.88054656982422,18.820249557495117,19.35039710998535,15.770082473754883,649762
2012-09-05,19.6154727935791,19.6154727935791,19.085323333740234,19.085323333740234,15.55405044555664,105318
2012-09-06,19.35039710998535,20.410694122314453,19.085323333740234,20.145620346069336,16.418167114257812,799466
2012-09-07,20.410694122314453,20.940841674804688,20.410694122314453,20.410694122314453,16.634193420410156,782555
2012-09-10,20.67576789855957,20.940841674804688,20.410694122314453,20.940841674804688,17.066253662109375,268792
2012-09-11,20.67576789855957,20.940841674804688,20.410694122314453,20.67576789855957,16.850223541259766,539377
2012-09-12,20.67576789855957,20.940841674804688,20.145620346069336,20.410694122314453,16.634193420410156,320118
2012-09-13,20.410694122314453,20.940841674804688,20.145620346069336,20.410694122314453,16.634193420410156,673793
2012-09-14,20.67576789855957,21.736064910888672,20.410694122314453,21.470989227294922,17.498308181762695,2871444
2012-09-17,21.470989227294922,21.736064910888672,19.6154727935791,19.88054656982422,16.202138900756836,2189558
2012-09-18,19.88054656982422,20.410694122314453,19.6154727935791,20.145620346069336,16.418167114257812,776934
2012-09-19,20.145620346069336,20.410694122314453,19.6154727935791,20.410694122314453,16.634193420410156,705803
2012-09-20,20.410694122314453,20.410694122314453,19.6154727935791,20.145620346069336,16.418167114257812,412243
2012-09-21,19.6154727935791,19.6154727935791,18.025028228759766,18.820249557495117,15.338025093078613,3389765
2012-09-24,18.55517578125,18.820249557495117,16.964731216430664,17.229806900024414,14.041852951049805,1474852
2012-09-25,16.964731216430664,17.75995445251465,16.964731216430664,17.229806900024414,14.041852951049805,1756358
2012-09-26,16.964731216430664,17.229806900024414,15.374288558959961,15.904437065124512,12.961710929870605,2898651
2012-09-27,15.904437065124512,17.229806900024414,15.904437065124512,16.69965934753418,13.609796524047852,2365660
2012-09-28,16.69965934753418,18.290102005004883,16.69965934753418,17.75995445251465,14.473909378051758,2319660
2012-10-03,16.964731216430664,16.964731216430664,15.374288558959961,15.639363288879395,12.745681762695312,4185301
2012-10-04,15.639363288879395,16.69965934753418,15.374288558959961,16.69965934753418,13.609796524047852,1908581
2012-10-05,16.69965934753418,18.025028228759766,16.434585571289062,17.75995445251465,14.473909378051758,1800864
2012-10-08,18.025028228759766,19.88054656982422,17.75995445251465,19.35039710998535,15.770082473754883,4966657
2012-10-09,19.085323333740234,19.35039710998535,16.964731216430664,18.290102005004883,14.905967712402344,2704245
2012-10-10,18.025028228759766,18.55517578125,17.49488067626953,17.49488067626953,14.257881164550781,876038
2012-10-11,17.229806900024414,18.290102005004883,17.229806900024414,18.025028228759766,14.689940452575684,1180953
2012-10-12,18.025028228759766,18.025028228759766,17.49488067626953,18.025028228759766,14.689940452575684,552940
2012-10-15,18.025028228759766,18.025028228759766,17.49488067626953,18.025028228759766,14.689940452575684,415865
2012-10-16,18.025028228759766,18.025028228759766,17.49488067626953,17.49488067626953,14.257881164550781,445007
2012-10-17,17.75995445251465,18.025028228759766,17.49488067626953,17.49488067626953,14.257881164550781,1097938
2012-10-18,17.75995445251465,18.025028228759766,17.49488067626953,17.75995445251465,14.473909378051758,1453009
2012-10-19,17.75995445251465,18.290102005004883,17.49488067626953,17.75995445251465,14.473909378051758,744471
2012-10-22,17.75995445251465,18.025028228759766,17.49488067626953,17.75995445251465,14.473909378051758,709693
2012-10-24,17.75995445251465,18.025028228759766,17.229806900024414,17.49488067626953,14.257881164550781,1456404
2012-10-25,17.49488067626953,17.75995445251465,17.229806900024414,17.49488067626953,14.257881164550781,453348
2012-10-26,17.49488067626953,17.75995445251465,17.229806900024414,17.49488067626953,14.257881164550781,480997
2012-10-29,17.49488067626953,17.75995445251465,17.229806900024414,17.49488067626953,14.257881164550781,721062
2012-10-30,17.49488067626953,19.085323333740234,17.229806900024414,18.820249557495117,15.338025093078613,2556720
2012-10-31,19.085323333740234,20.410694122314453,19.085323333740234,19.6154727935791,15.986109733581543,2449986
2012-11-01,19.88054656982422,19.88054656982422,18.55517578125,18.820249557495117,15.338025093078613,2173362
2012-11-02,18.820249557495117,19.6154727935791,18.820249557495117,19.35039710998535,15.770082473754883,875765
2012-11-05,19.35039710998535,19.35039710998535,18.820249557495117,19.085323333740234,15.55405044555664,439860
2012-11-06,19.085323333740234,19.085323333740234,18.55517578125,18.55517578125,15.121994972229004,600360
2012-11-07,18.820249557495117,19.6154727935791,18.55517578125,19.6154727935791,15.986109733581543,1939873
2012-11-08,19.35039710998535,19.88054656982422,18.820249557495117,19.6154727935791,15.986109733581543,1191591
2012-11-09,19.6154727935791,19.88054656982422,19.085323333740234,19.085323333740234,15.55405044555664,327493
2012-11-12,19.085323333740234,19.6154727935791,19.085323333740234,19.085323333740234,15.55405044555664,248533
2012-11-13,19.085323333740234,19.35039710998535,18.290102005004883,18.290102005004883,14.905967712402344,613318
2012-11-14,18.55517578125,18.820249557495117,18.55517578125,18.55517578125,15.121994972229004,145884
2012-11-15,18.55517578125,18.55517578125,18.025028228759766,18.55517578125,15.121994972229004,290937
2012-11-16,18.290102005004883,18.55517578125,18.290102005004883,18.55517578125,15.121994972229004,52721
2012-11-19,18.55517578125,18.820249557495117,18.290102005004883,18.55517578125,15.121994972229004,99142
2012-11-20,18.820249557495117,18.820249557495117,18.290102005004883,18.55517578125,15.121994972229004,195794
2012-11-21,18.55517578125,18.820249557495117,18.290102005004883,18.820249557495117,15.338025093078613,71753
2012-11-22,18.820249557495117,18.820249557495117,18.55517578125,18.820249557495117,15.338025093078613,140998
2012-11-23,18.820249557495117,19.35039710998535,18.55517578125,19.35039710998535,15.770082473754883,457230
2012-11-26,19.35039710998535,19.35039710998535,18.820249557495117,19.085323333740234,15.55405044555664,142394
2012-11-27,19.085323333740234,19.35039710998535,18.820249557495117,19.085323333740234,15.55405044555664,124267
2012-11-28,19.085323333740234,19.35039710998535,18.820249557495117,19.085323333740234,15.55405044555664,199208
2012-11-29,19.085323333740234,19.085323333740234,18.55517578125,19.085323333740234,15.55405044555664,579008
2012-11-30,19.085323333740234,19.35039710998535,18.820249557495117,19.35039710998535,15.770082473754883,526004
2012-12-03,19.085323333740234,19.35039710998535,18.820249557495117,19.085323333740234,15.55405044555664,183514
2012-12-04,19.085323333740234,19.085323333740234,18.55517578125,19.085323333740234,15.55405044555664,373500
2012-12-05,19.085323333740234,19.6154727935791,18.820249557495117,19.6154727935791,15.986109733581543,556090
2012-12-06,19.6154727935791,19.6154727935791,19.085323333740234,19.6154727935791,15.986109733581543,176177
2012-12-07,19.6154727935791,19.6154727935791,19.085323333740234,19.35039710998535,15.770082473754883,219712
2012-12-10,19.35039710998535,19.88054656982422,19.085323333740234,19.35039710998535,15.770082473754883,737851
2012-12-11,19.6154727935791,19.6154727935791,19.085323333740234,19.35039710998535,15.770082473754883,169621
2012-12-12,19.35039710998535,19.6154727935791,19.085323333740234,19.35039710998535,15.770082473754883,210224
2012-12-13,19.6154727935791,19.6154727935791,19.35039710998535,19.6154727935791,15.986109733581543,468051
2012-12-14,19.35039710998535,19.35039710998535,18.820249557495117,19.35039710998535,15.770082473754883,725684
2012-12-17,19.35039710998535,19.35039710998535,18.820249557495117,19.085323333740234,15.55405044555664,414912
2012-12-18,19.35039710998535,19.6154727935791,19.085323333740234,19.6154727935791,15.986109733581543,528447
2012-12-19,19.35039710998535,19.6154727935791,19.085323333740234,19.6154727935791,15.986109733581543,540827
2012-12-20,19.35039710998535,19.35039710998535,18.820249557495117,19.085323333740234,15.55405044555664,534190
2012-12-21,19.085323333740234,19.085323333740234,18.820249557495117,18.820249557495117,15.338025093078613,370670
2012-12-24,18.820249557495117,19.085323333740234,18.820249557495117,19.085323333740234,15.55405044555664,106509
2012-12-27,19.085323333740234,19.35039710998535,19.085323333740234,19.35039710998535,15.770082473754883,225899
2012-12-28,19.35039710998535,19.35039710998535,19.085323333740234,19.085323333740234,15.55405044555664,173684
2012-12-31,18.820249557495117,19.35039710998535,18.820249557495117,19.35039710998535,15.770082473754883,147638
2013-01-02,19.35039710998535,19.6154727935791,19.085323333740234,19.35039710998535,15.770082473754883,358010
2013-01-03,19.6154727935791,20.410694122314453,19.085323333740234,20.410694122314453,16.634193420410156,2344383
2013-01-04,20.410694122314453,20.67576789855957,19.88054656982422,20.67576789855957,16.850223541259766,1103710
2013-01-07,20.410694122314453,20.67576789855957,20.145620346069336,20.410694122314453,16.634193420410156,512253
2013-01-08,20.145620346069336,21.205915451049805,19.88054656982422,20.940841674804688,17.066253662109375,1619560
2013-01-09,20.940841674804688,22.266212463378906,20.67576789855957,21.736064910888672,17.714338302612305,3171719
2013-01-10,22.00113868713379,22.00113868713379,20.940841674804688,21.205915451049805,17.28227996826172,1345296
2013-01-11,21.205915451049805,21.470989227294922,20.410694122314453,20.67576789855957,16.850223541259766,622279
2013-01-14,20.940841674804688,20.940841674804688,20.410694122314453,20.67576789855957,16.850223541259766,418996
2013-01-15,20.940841674804688,21.205915451049805,20.410694122314453,20.940841674804688,17.066253662109375,534813
2013-01-16,20.940841674804688,21.205915451049805,20.67576789855957,21.205915451049805,17.28227996826172,438273
2013-01-17,21.205915451049805,21.736064910888672,21.205915451049805,21.470989227294922,17.498308181762695,1095052
2013-01-18,21.470989227294922,22.796358108520508,21.470989227294922,22.266212463378906,18.14639663696289,1762470
2013-01-21,22.53128433227539,22.796358108520508,22.00113868713379,22.53128433227539,18.3624210357666,623279
2013-01-22,22.53128433227539,22.53128433227539,21.470989227294922,22.00113868713379,17.93036651611328,716748
2013-01-23,22.00113868713379,22.266212463378906,21.736064910888672,21.736064910888672,17.714338302612305,482601
2013-01-24,21.736064910888672,22.00113868713379,21.470989227294922,21.470989227294922,17.498308181762695,1018027
2013-01-25,21.736064910888672,22.00113868713379,20.940841674804688,21.470989227294922,17.498308181762695,709217
2013-01-28,21.736064910888672,22.00113868713379,21.470989227294922,22.00113868713379,17.93036651611328,290108
2013-01-29,21.736064910888672,22.00113868713379,21.205915451049805,21.470989227294922,17.498308181762695,414840
2013-01-30,22.00113868713379,22.53128433227539,21.736064910888672,22.53128433227539,18.3624210357666,1822106
2013-01-31,22.53128433227539,22.796358108520508,22.266212463378906,22.796358108520508,18.578449249267578,906577
2013-02-01,22.796358108520508,24.916950225830078,22.53128433227539,24.65187644958496,20.09065055847168,3202895
2013-02-04,24.386802673339844,24.386802673339844,23.591581344604492,24.121728897094727,19.658594131469727,1308505
2013-02-05,23.85665512084961,24.121728897094727,23.591581344604492,24.121728897094727,19.658594131469727,539377
2013-02-06,24.121728897094727,24.386802673339844,23.85665512084961,24.121728897094727,19.658594131469727,555200
2013-02-07,24.121728897094727,24.386802673339844,23.85665512084961,23.85665512084961,19.442564010620117,224427
2013-02-08,23.85665512084961,24.121728897094727,23.326507568359375,23.326507568359375,19.010509490966797,498936
2013-02-14,23.591581344604492,24.121728897094727,23.591581344604492,23.591581344604492,19.22653579711914,915257
2013-02-15,23.85665512084961,24.386802673339844,23.591581344604492,24.121728897094727,19.658594131469727,751771
2013-02-18,24.121728897094727,24.65187644958496,23.85665512084961,24.386802673339844,19.874622344970703,710311
2013-02-19,24.386802673339844,25.447099685668945,24.121728897094727,24.916950225830078,20.306678771972656,2054910
2013-02-20,25.182025909423828,25.182025909423828,24.121728897094727,24.65187644958496,20.09065055847168,1710288
2013-02-21,24.386802673339844,24.386802673339844,23.061433792114258,23.591581344604492,19.22653579711914,1239817
2013-02-22,23.591581344604492,23.591581344604492,22.53128433227539,22.796358108520508,18.578449249267578,739623
2013-02-25,23.061433792114258,23.061433792114258,22.266212463378906,22.53128433227539,18.3624210357666,701489
2013-02-26,22.00113868713379,22.796358108520508,22.00113868713379,22.53128433227539,18.3624210357666,404727
2013-02-27,22.796358108520508,23.061433792114258,22.53128433227539,23.061433792114258,18.79448127746582,234858
2013-02-28,23.326507568359375,23.85665512084961,23.061433792114258,23.326507568359375,19.010509490966797,599474
2013-03-01,23.326507568359375,23.326507568359375,21.736064910888672,22.00113868713379,17.93036651611328,946213
2013-03-04,22.266212463378906,22.53128433227539,21.470989227294922,22.266212463378906,18.14639663696289,383198
2013-03-05,22.266212463378906,22.796358108520508,21.736064910888672,22.00113868713379,17.93036651611328,458387
2013-03-06,22.266212463378906,22.266212463378906,21.470989227294922,22.00113868713379,17.93036651611328,353542
2013-03-07,22.00113868713379,22.53128433227539,22.00113868713379,22.266212463378906,18.14639663696289,285429
2013-03-08,22.266212463378906,22.53128433227539,21.736064910888672,22.00113868713379,17.93036651611328,251250
2013-03-11,22.00113868713379,22.266212463378906,21.736064910888672,22.00113868713379,17.93036651611328,200421
2013-03-12,22.00113868713379,22.266212463378906,21.205915451049805,21.470989227294922,17.498308181762695,455948
2013-03-13,21.736064910888672,21.736064910888672,20.940841674804688,21.205915451049805,17.28227996826172,312365
2013-03-14,21.205915451049805,21.470989227294922,20.67576789855957,21.205915451049805,17.28227996826172,284052
2013-03-15,21.205915451049805,21.470989227294922,20.940841674804688,21.205915451049805,17.28227996826172,421757
2013-03-18,20.940841674804688,21.205915451049805,20.145620346069336,20.940841674804688,17.066253662109375,285691
2013-03-19,20.940841674804688,21.736064910888672,20.940841674804688,21.205915451049805,17.28227996826172,104469
2013-03-20,21.470989227294922,22.00113868713379,21.205915451049805,22.00113868713379,17.93036651611328,336155
2013-03-21,22.00113868713379,22.266212463378906,21.736064910888672,22.266212463378906,18.14639663696289,232567
2013-03-22,22.00113868713379,22.266212463378906,21.736064910888672,21.736064910888672,17.714338302612305,188852
2013-03-25,22.00113868713379,22.00113868713379,21.470989227294922,21.736064910888672,17.714338302612305,261625
2013-03-26,21.736064910888672,21.736064910888672,21.470989227294922,21.470989227294922,17.498308181762695,202434
2013-03-27,21.736064910888672,22.00113868713379,21.470989227294922,22.00113868713379,17.93036651611328,242316
2013-03-28,21.470989227294922,22.00113868713379,21.470989227294922,21.470989227294922,17.498308181762695,232161
2013-04-02,21.736064910888672,21.736064910888672,21.470989227294922,21.470989227294922,17.498308181762695,265473
2013-04-03,21.470989227294922,21.736064910888672,20.940841674804688,21.205915451049805,17.28227996826172,730022
2013-04-05,21.205915451049805,21.205915451049805,20.410694122314453,20.410694122314453,16.634193420410156,821145
2013-04-08,20.67576789855957,20.67576789855957,20.145620346069336,20.67576789855957,16.850223541259766,411960
2013-04-09,20.940841674804688,21.205915451049805,20.67576789855957,20.940841674804688,17.066253662109375,181760
2013-04-10,20.940841674804688,21.205915451049805,20.67576789855957,20.940841674804688,17.066253662109375,78959
2013-04-11,20.940841674804688,20.940841674804688,20.410694122314453,20.67576789855957,16.850223541259766,302896
2013-04-12,20.67576789855957,20.67576789855957,20.410694122314453,20.67576789855957,16.850223541259766,87975
2013-04-15,20.145620346069336,20.145620346069336,18.820249557495117,18.820249557495117,15.338025093078613,699314
2013-04-16,17.75995445251465,18.55517578125,17.229806900024414,18.025028228759766,14.689940452575684,594984
2013-04-17,18.55517578125,18.820249557495117,18.290102005004883,18.820249557495117,15.338025093078613,296653
2013-04-18,18.820249557495117,18.820249557495117,18.025028228759766,18.290102005004883,14.905967712402344,471302
2013-04-19,18.290102005004883,19.6154727935791,18.290102005004883,19.6154727935791,15.986109733581543,631465
2013-04-22,19.6154727935791,19.6154727935791,18.55517578125,18.820249557495117,15.338025093078613,212243
2013-04-23,19.085323333740234,19.085323333740234,18.290102005004883,18.55517578125,15.121994972229004,169254
2013-04-24,18.55517578125,18.820249557495117,18.290102005004883,18.55517578125,15.121994972229004,238203
2013-04-25,18.55517578125,19.6154727935791,18.55517578125,19.085323333740234,15.55405044555664,462389
2013-04-26,19.6154727935791,20.410694122314453,19.6154727935791,20.145620346069336,16.418167114257812,594298
2013-04-29,20.145620346069336,20.410694122314453,19.085323333740234,19.6154727935791,15.986109733581543,224330
2013-04-30,19.6154727935791,19.88054656982422,19.085323333740234,19.35039710998535,15.770082473754883,135547
2013-05-02,19.085323333740234,19.35039710998535,18.820249557495117,19.085323333740234,15.55405044555664,134735
2013-05-03,19.085323333740234,19.6154727935791,19.085323333740234,19.085323333740234,15.55405044555664,267626
2013-05-06,19.35039710998535,19.88054656982422,19.085323333740234,19.085323333740234,15.55405044555664,298539
2013-05-07,19.35039710998535,19.6154727935791,19.085323333740234,19.35039710998535,15.770082473754883,183345
2013-05-08,19.35039710998535,19.6154727935791,19.085323333740234,19.085323333740234,15.55405044555664,144286
2013-05-09,19.35039710998535,19.35039710998535,19.085323333740234,19.085323333740234,15.55405044555664,163604
2013-05-10,19.085323333740234,19.35039710998535,18.820249557495117,19.085323333740234,15.55405044555664,271773
2013-05-13,18.820249557495117,19.085323333740234,18.55517578125,18.820249557495117,15.338025093078613,239253
2013-05-14,19.085323333740234,19.085323333740234,18.290102005004883,18.55517578125,15.121994972229004,323766
2013-05-15,18.820249557495117,18.820249557495117,18.290102005004883,18.290102005004883,14.905967712402344,395325
2013-05-16,18.290102005004883,18.55517578125,18.025028228759766,18.290102005004883,14.905967712402344,253118
2013-05-20,18.290102005004883,18.55517578125,17.75995445251465,18.025028228759766,14.689940452575684,578612
2013-05-21,17.75995445251465,18.025028228759766,17.49488067626953,17.75995445251465,14.473909378051758,479451
2013-05-22,17.75995445251465,17.75995445251465,16.69965934753418,17.229806900024414,14.041852951049805,551581
2013-05-23,16.964731216430664,17.229806900024414,16.434585571289062,16.69965934753418,13.609796524047852,800561
2013-05-24,16.964731216430664,17.75995445251465,16.69965934753418,16.964731216430664,13.825823783874512,528871
2013-05-27,17.49488067626953,17.75995445251465,16.964731216430664,16.964731216430664,13.825823783874512,327361
2013-05-28,16.964731216430664,17.229806900024414,16.69965934753418,16.964731216430664,13.825823783874512,377102
2013-05-29,16.964731216430664,16.964731216430664,16.169511795043945,16.434585571289062,13.393768310546875,471906
2013-05-30,16.434585571289062,16.69965934753418,16.169511795043945,16.434585571289062,13.393768310546875,283694
2013-05-31,16.69965934753418,16.964731216430664,16.434585571289062,16.69965934753418,13.609796524047852,352940
2013-06-03,16.434585571289062,16.69965934753418,15.904437065124512,16.169511795043945,13.177739143371582,429535
2013-06-04,16.434585571289062,16.964731216430664,16.169511795043945,16.964731216430664,13.825823783874512,377441
2013-06-05,16.964731216430664,16.964731216430664,15.904437065124512,16.169511795043945,13.177739143371582,582045
2013-06-06,16.169511795043945,16.434585571289062,15.109214782714844,15.904437065124512,12.961710929870605,1122271
2013-06-07,16.169511795043945,16.169511795043945,15.109214782714844,15.639363288879395,12.745681762695312,734836
2013-06-10,15.904437065124512,15.904437065124512,15.109214782714844,15.639363288879395,12.745681762695312,318886
2013-06-11,15.374288558959961,15.904437065124512,15.109214782714844,15.639363288879395,12.745681762695312,328832
2013-06-13,15.374288558959961,15.639363288879395,15.109214782714844,15.374288558959961,12.529651641845703,435320
2013-06-14,15.374288558959961,15.904437065124512,15.374288558959961,15.374288558959961,12.529651641845703,273980
2013-06-17,15.374288558959961,15.639363288879395,15.109214782714844,15.639363288879395,12.745681762695312,311535
2013-06-18,15.374288558959961,15.904437065124512,15.374288558959961,15.904437065124512,12.961710929870605,401340
2013-06-19,15.904437065124512,15.904437065124512,15.374288558959961,15.639363288879395,12.745681762695312,208998
2013-06-20,15.374288558959961,15.639363288879395,15.109214782714844,15.639363288879395,12.745681762695312,332454
2013-06-21,15.109214782714844,15.374288558959961,14.57906723022461,14.844141006469727,12.097596168518066,747008
2013-06-24,15.109214782714844,15.109214782714844,13.518771171569824,14.048918724060059,11.449511528015137,661531
2013-06-25,13.518771171569824,13.783844947814941,12.511489868164062,13.253697395324707,10.801424980163574,683747
2013-06-26,13.253697395324707,13.518771171569824,12.405460357666016,12.82957935333252,10.455780029296875,584384
2013-06-27,12.988622665405273,13.253697395324707,12.723548889160156,12.988622665405273,10.585396766662598,428993
2013-06-28,12.93560791015625,14.313993453979492,12.723548889160156,14.048918724060059,11.449511528015137,647405
2013-07-02,14.048918724060059,15.109214782714844,14.048918724060059,15.109214782714844,12.31362533569336,489034
2013-07-03,14.57906723022461,14.844141006469727,13.783844947814941,14.313993453979492,11.665538787841797,205810
2013-07-04,14.313993453979492,14.844141006469727,13.783844947814941,14.57906723022461,11.881568908691406,165139
2013-07-05,14.57906723022461,14.57906723022461,14.048918724060059,14.048918724060059,11.449511528015137,98349
2013-07-08,14.048918724060059,14.048918724060059,13.253697395324707,13.253697395324707,10.801424980163574,195681
2013-07-09,13.518771171569824,13.783844947814941,13.253697395324707,13.518771171569824,11.017454147338867,118436
2013-07-10,13.253697395324707,13.518771171569824,13.253697395324707,13.518771171569824,11.017454147338867,88413
2013-07-11,13.518771171569824,14.844141006469727,13.518771171569824,14.57906723022461,11.881568908691406,804058
2013-07-12,14.57906723022461,14.57906723022461,14.048918724060059,14.313993453979492,11.665538787841797,80034
2013-07-15,14.313993453979492,14.313993453979492,14.048918724060059,14.048918724060059,11.449511528015137,57719
2013-07-16,14.048918724060059,14.048918724060059,13.253697395324707,13.783844947814941,11.233482360839844,517259
2013-07-17,13.783844947814941,14.048918724060059,13.518771171569824,13.783844947814941,11.233482360839844,195940
2013-07-18,13.783844947814941,13.783844947814941,13.518771171569824,13.783844947814941,11.233482360839844,58134
2013-07-19,13.783844947814941,14.313993453979492,13.783844947814941,13.783844947814941,11.233482360839844,142771
2013-07-22,14.313993453979492,14.313993453979492,13.518771171569824,13.783844947814941,11.233482360839844,156182
2013-07-23,13.783844947814941,14.313993453979492,13.783844947814941,13.783844947814941,11.233482360839844,444593
2013-07-24,14.048918724060059,14.313993453979492,14.048918724060059,14.048918724060059,11.449511528015137,131340
2013-07-25,13.783844947814941,14.844141006469727,13.783844947814941,14.57906723022461,11.881568908691406,462531
2013-07-26,14.57906723022461,14.844141006469727,14.048918724060059,14.313993453979492,11.665538787841797,159464
2013-07-29,14.313993453979492,14.57906723022461,13.783844947814941,14.048918724060059,11.449511528015137,220693
2013-07-30,14.048918724060059,15.374288558959961,13.783844947814941,14.313993453979492,11.665538787841797,1087847
2013-07-31,14.57906723022461,15.109214782714844,14.57906723022461,14.57906723022461,11.881568908691406,341560
2013-08-01,14.844141006469727,14.844141006469727,14.313993453979492,14.57906723022461,11.881568908691406,171631
2013-08-02,14.844141006469727,15.109214782714844,14.57906723022461,14.844141006469727,12.097596168518066,69830
2013-08-05,14.844141006469727,15.374288558959961,14.313993453979492,14.57906723022461,11.881568908691406,732191
2013-08-06,14.57906723022461,14.57906723022461,13.518771171569824,14.048918724060059,11.449511528015137,960392
2013-08-07,13.783844947814941,13.783844947814941,13.253697395324707,13.783844947814941,11.233482360839844,631748
2013-08-08,13.783844947814941,14.048918724060059,13.518771171569824,14.048918724060059,11.449511528015137,105404
2013-08-09,14.048918724060059,14.844141006469727,14.048918724060059,14.844141006469727,12.097596168518066,497295
2013-08-12,14.844141006469727,15.374288558959961,14.57906723022461,15.374288558959961,12.529651641845703,607739
2013-08-13,15.374288558959961,15.374288558959961,14.57906723022461,15.109214782714844,12.31362533569336,286938
2013-08-14,15.109214782714844,15.109214782714844,15.109214782714844,15.109214782714844,12.31362533569336,0
2013-08-15,14.844141006469727,15.904437065124512,14.844141006469727,15.904437065124512,12.961710929870605,777500
2013-08-16,15.639363288879395,16.434585571289062,15.374288558959961,16.169511795043945,13.177739143371582,936587
2013-08-19,16.169511795043945,16.169511795043945,15.639363288879395,15.904437065124512,12.961710929870605,188495
2013-08-20,15.374288558959961,15.904437065124512,15.109214782714844,15.109214782714844,12.31362533569336,277337
2013-08-21,15.374288558959961,15.639363288879395,15.109214782714844,15.374288558959961,12.529651641845703,102028
2013-08-22,15.109214782714844,15.374288558959961,15.109214782714844,15.374288558959961,12.529651641845703,160596
2013-08-23,15.374288558959961,15.639363288879395,15.109214782714844,15.109214782714844,12.31362533569336,206866
2013-08-26,15.374288558959961,15.904437065124512,15.374288558959961,15.639363288879395,12.745681762695312,214374
2013-08-27,15.639363288879395,15.904437065124512,15.374288558959961,15.639363288879395,12.745681762695312,225333
2013-08-28,15.639363288879395,16.964731216430664,15.374288558959961,16.964731216430664,13.825823783874512,1095599
2013-08-29,16.434585571289062,16.964731216430664,13.518771171569824,14.57906723022461,11.881568908691406,3623108
2013-08-30,14.313993453979492,15.109214782714844,13.253697395324707,14.844141006469727,12.097596168518066,4445516
2013-09-02,15.374288558959961,15.374288558959961,14.048918724060059,14.313993453979492,11.665538787841797,2999196
2013-09-03,14.879701614379883,15.299694061279297,14.27971363067627,14.339713096618652,11.68649959564209,1139918
2013-09-04,14.339713096618652,14.339713096618652,13.679725646972656,13.859722137451172,11.295319557189941,1108655
2013-09-05,13.799723625183105,14.519708633422852,13.61972713470459,14.27971363067627,11.637602806091309,948518
2013-09-06,14.15971565246582,14.27971363067627,13.799723625183105,13.919720649719238,11.344217300415039,506777
2013-09-09,13.919720649719238,14.039718627929688,13.679725646972656,13.799723625183105,11.246421813964844,664679
2013-09-10,13.799723625183105,13.859722137451172,13.679725646972656,13.739725112915039,11.197524070739746,259288
2013-09-11,13.739725112915039,13.799723625183105,13.559727668762207,13.679725646972656,11.148627281188965,292039
2013-09-12,13.559727668762207,13.919720649719238,13.379732131958008,13.739725112915039,11.197524070739746,547094
2013-09-13,13.559727668762207,13.859722137451172,13.079737663269043,13.139737129211426,10.708550453186035,1005148
2013-09-16,14.999699592590332,15.599687576293945,13.979720115661621,14.219715118408203,11.588705062866211,7492323
2013-09-17,14.219715118408203,14.399711608886719,13.799723625183105,13.919720649719238,11.344217300415039,6131469
2013-09-18,13.919720649719238,14.219715118408203,13.61972713470459,14.15971565246582,11.539807319641113,3415378
2013-09-19,14.999699592590332,16.799663543701172,14.459710121154785,16.499670028686523,13.446809768676758,15808230
2013-09-23,15.599687576293945,15.89968204498291,14.759703636169434,15.599687576293945,12.713346481323242,3397836
2013-09-24,15.89968204498291,16.199676513671875,15.299694061279297,15.599687576293945,12.713346481323242,1379188
2013-09-25,15.599687576293945,15.89968204498291,14.999699592590332,15.599687576293945,12.713346481323242,1092644
2013-09-26,15.599687576293945,15.599687576293945,14.879701614379883,15.299694061279297,12.468859672546387,1116877
2013-09-27,15.599687576293945,15.599687576293945,14.999699592590332,15.299694061279297,12.468859672546387,402258
2013-09-30,15.299694061279297,15.299694061279297,14.759703636169434,15.299694061279297,12.468859672546387,799299
2013-10-02,14.939701080322266,14.999699592590332,14.519708633422852,14.579708099365234,11.882091522216797,730821
2013-10-03,14.579708099365234,14.939701080322266,14.519708633422852,14.579708099365234,11.882091522216797,568528
2013-10-04,14.459710121154785,14.699706077575684,14.15971565246582,14.519708633422852,11.833191871643066,489603
2013-10-07,14.039718627929688,14.09971809387207,13.139737129211426,13.499730110168457,11.001935958862305,2989755
2013-10-08,13.199735641479492,14.15971565246582,13.079737663269043,14.09971809387207,11.490910530090332,3420428
2013-10-09,13.859722137451172,14.09971809387207,13.559727668762207,13.739725112915039,11.197524070739746,1027450
2013-10-10,13.739725112915039,13.739725112915039,13.439730644226074,13.439730644226074,10.953038215637207,1198869
2013-10-11,13.559727668762207,13.559727668762207,13.259734153747559,13.319732666015625,10.855242729187012,818865
2013-10-15,13.199735641479492,13.199735641479492,12.839742660522461,12.899742126464844,10.512960433959961,1419767
2013-10-16,12.899742126464844,13.679725646972656,12.599747657775879,13.499730110168457,11.001935958862305,1724757
2013-10-17,13.679725646972656,13.739725112915039,13.319732666015625,13.439730644226074,10.953038215637207,801375
2013-10-18,13.679725646972656,14.6397066116333,13.61972713470459,13.799723625183105,11.246421813964844,2005519
2013-10-21,14.039718627929688,14.09971809387207,13.799723625183105,13.799723625183105,11.246421813964844,651455
2013-10-22,13.979720115661621,14.15971565246582,13.799723625183105,13.979720115661621,11.393115997314453,626183
2013-10-23,14.09971809387207,14.459710121154785,13.979720115661621,14.339713096618652,11.68649959564209,1971050
2013-10-24,14.27971363067627,14.339713096618652,13.799723625183105,13.979720115661621,11.393115997314453,973602
2013-10-25,13.979720115661621,14.15971565246582,13.799723625183105,13.919720649719238,11.344217300415039,423729
2013-10-28,14.039718627929688,14.399711608886719,13.739725112915039,14.219715118408203,11.588705062866211,934527
2013-10-29,14.219715118408203,14.699706077575684,14.09971809387207,14.15971565246582,11.539807319641113,703539
2013-10-30,14.039718627929688,14.27971363067627,13.859722137451172,13.979720115661621,11.393115997314453,915194
2013-10-31,14.039718627929688,14.219715118408203,13.859722137451172,13.919720649719238,11.344217300415039,644785
2013-11-01,14.039718627929688,14.09971809387207,13.919720649719238,13.919720649719238,11.344217300415039,284623
2013-11-04,13.919720649719238,14.15971565246582,13.379732131958008,14.039718627929688,11.442011833190918,914991
2013-11-05,14.039718627929688,14.27971363067627,13.799723625183105,14.039718627929688,11.442011833190918,629883
2013-11-06,14.039718627929688,14.039718627929688,13.799723625183105,13.799723625183105,11.246421813964844,358672
2013-11-07,13.979720115661621,13.979720115661621,13.679725646972656,13.799723625183105,11.246421813964844,337178
2013-11-08,13.799723625183105,13.859722137451172,13.199735641479492,13.199735641479492,10.757448196411133,778510
2013-11-11,13.079737663269043,13.61972713470459,13.019739151000977,13.439730644226074,10.953038215637207,525700
2013-11-12,13.379732131958008,13.559727668762207,13.319732666015625,13.319732666015625,10.855242729187012,456242
2013-11-13,13.439730644226074,13.499730110168457,13.079737663269043,13.079737663269043,10.659653663635254,444337
2013-11-14,13.139737129211426,13.319732666015625,13.079737663269043,13.139737129211426,10.708550453186035,214363
2013-11-15,13.259734153747559,13.799723625183105,13.139737129211426,13.739725112915039,11.197524070739746,590697
2013-11-18,13.739725112915039,13.979720115661621,13.559727668762207,13.679725646972656,11.148627281188965,467408
2013-11-19,13.559727668762207,13.739725112915039,13.439730644226074,13.559727668762207,11.050832748413086,428559
2013-11-20,13.499730110168457,13.859722137451172,13.319732666015625,13.559727668762207,11.050832748413086,568336
2013-11-21,13.499730110168457,13.559727668762207,13.259734153747559,13.259734153747559,10.806344985961914,516310
2013-11-22,13.379732131958008,13.499730110168457,13.319732666015625,13.379732131958008,10.90414047241211,361588
2013-11-25,13.439730644226074,13.499730110168457,13.259734153747559,13.259734153747559,10.806344985961914,417252
2013-11-26,13.319732666015625,13.439730644226074,12.959739685058594,13.139737129211426,10.708550453186035,678280
2013-11-27,13.319732666015625,13.379732131958008,13.079737663269043,13.199735641479492,10.757448196411133,511586
2013-11-28,13.199735641479492,13.259734153747559,13.019739151000977,13.079737663269043,10.659653663635254,643279
2013-11-29,13.079737663269043,13.139737129211426,12.839742660522461,12.899742126464844,10.512960433959961,607312
2013-12-02,12.899742126464844,13.139737129211426,12.899742126464844,13.019739151000977,10.610755920410156,573698
2013-12-03,12.959739685058594,12.959739685058594,12.719744682312012,12.719744682312012,10.366268157958984,729797
2013-12-04,12.779744148254395,13.319732666015625,12.779744148254395,13.079737663269043,10.659653663635254,1176808
2013-12-05,13.079737663269043,13.319732666015625,13.079737663269043,13.319732666015625,10.855242729187012,843735
2013-12-06,13.199735641479492,13.259734153747559,13.079737663269043,13.199735641479492,10.757448196411133,382119
2013-12-09,13.199735641479492,13.259734153747559,12.959739685058594,13.079737663269043,10.659653663635254,234765
2013-12-10,13.079737663269043,13.199735641479492,13.019739151000977,13.139737129211426,10.708550453186035,438475
2013-12-11,13.139737129211426,13.139737129211426,12.959739685058594,13.079737663269043,10.659653663635254,410490
2013-12-12,13.139737129211426,13.139737129211426,12.779744148254395,12.899742126464844,10.512960433959961,556344
2013-12-13,12.899742126464844,12.899742126464844,12.539749145507812,12.599747657775879,10.268472671508789,719278
2013-12-16,12.47974967956543,12.599747657775879,12.059758186340332,12.419751167297363,10.121780395507812,370725
2013-12-17,12.539749145507812,12.899742126464844,12.419751167297363,12.839742660522461,10.464062690734863,672264
2013-12-18,12.839742660522461,12.839742660522461,12.599747657775879,12.839742660522461,10.464062690734863,295070
2013-12-19,12.839742660522461,12.839742660522461,12.179756164550781,12.179756164550781,9.926190376281738,542729
2013-12-20,12.119756698608398,12.29975414276123,11.099778175354004,11.159775733947754,9.094932556152344,3558096
2013-12-23,11.339773178100586,11.519768714904785,10.67978572845459,10.979780197143555,8.948240280151367,601449
2013-12-24,10.979780197143555,11.219775199890137,10.799783706665039,11.219775199890137,9.143830299377441,304593
2013-12-27,11.279773712158203,11.399771690368652,11.099778175354004,11.399771690368652,9.290522575378418,232704
2013-12-30,11.399771690368652,11.459770202636719,11.099778175354004,11.399771690368652,9.290522575378418,284404
2013-12-31,11.339773178100586,11.339773178100586,11.039778709411621,11.219775199890137,9.143830299377441,269542
2014-01-02,11.219775199890137,11.399771690368652,11.039778709411621,11.279773712158203,9.192728042602539,416874
2014-01-03,11.279773712158203,11.399771690368652,11.039778709411621,11.099778175354004,9.046035766601562,395238
2014-01-06,11.219775199890137,12.419751167297363,11.039778709411621,11.999759674072266,9.779498100280762,1236225
2014-01-07,11.999759674072266,12.35975170135498,11.459770202636719,11.579768180847168,9.437215805053711,490610
2014-01-08,11.9397611618042,11.9397611618042,11.219775199890137,11.399771690368652,9.290522575378418,511220
2014-01-09,11.399771690368652,11.579768180847168,11.219775199890137,11.279773712158203,9.192728042602539,241549
2014-01-10,11.399771690368652,11.399771690368652,10.799783706665039,11.279773712158203,9.192728042602539,1000056
2014-01-13,11.339773178100586,11.399771690368652,11.099778175354004,11.219775199890137,9.143830299377441,456851
2014-01-14,10.979780197143555,11.459770202636719,10.979780197143555,11.399771690368652,9.290522575378418,462305
2014-01-15,11.399771690368652,11.399771690368652,10.919780731201172,10.979780197143555,8.948240280151367,502540
2014-01-16,11.099778175354004,11.279773712158203,11.039778709411621,11.219775199890137,9.143830299377441,391667
2014-01-17,11.159775733947754,11.339773178100586,11.099778175354004,11.159775733947754,9.094932556152344,309272
2014-01-20,11.099778175354004,11.459770202636719,11.099778175354004,11.279773712158203,9.192728042602539,377198
2014-01-21,11.219775199890137,11.399771690368652,11.099778175354004,11.339773178100586,9.241626739501953,329566
2014-01-22,11.399771690368652,11.9397611618042,11.339773178100586,11.879761695861816,9.681702613830566,1002180
2014-01-23,12.599747657775879,12.779744148254395,11.699766159057617,11.81976318359375,9.632805824279785,1304086
2014-01-24,11.879761695861816,12.179756164550781,11.639766693115234,11.699766159057617,9.535011291503906,415135
2014-01-27,11.399771690368652,11.9397611618042,11.339773178100586,11.879761695861816,9.681702613830566,464789
2014-01-28,11.879761695861816,11.879761695861816,11.459770202636719,11.699766159057617,9.535011291503906,627262
2014-01-29,11.759763717651367,11.879761695861816,11.639766693115234,11.759763717651367,9.583907127380371,135803
2014-01-30,11.579768180847168,11.879761695861816,11.279773712158203,11.879761695861816,9.681702613830566,196612
2014-02-04,11.81976318359375,11.879761695861816,11.459770202636719,11.81976318359375,9.632805824279785,436378
2014-02-05,11.879761695861816,12.47974967956543,11.759763717651367,12.059758186340332,9.82839584350586,667518
2014-02-06,11.999759674072266,12.119756698608398,11.699766159057617,11.81976318359375,9.632805824279785,245654
2014-02-07,11.879761695861816,11.999759674072266,11.759763717651367,11.879761695861816,9.681702613830566,138569
2014-02-10,11.879761695861816,11.879761695861816,11.639766693115234,11.639766693115234,9.486114501953125,233388
2014-02-11,11.81976318359375,12.539749145507812,11.699766159057617,12.35975170135498,10.072881698608398,1639464
2014-02-12,12.35975170135498,12.539749145507812,11.9397611618042,12.059758186340332,9.82839584350586,835012
2014-02-13,12.059758186340332,12.119756698608398,11.879761695861816,11.9397611618042,9.73060131072998,575432
2014-02-14,12.059758186340332,12.719744682312012,12.059758186340332,12.599747657775879,10.268472671508789,2353081
2014-02-17,12.779744148254395,13.439730644226074,12.779744148254395,13.139737129211426,10.708550453186035,2226502
2014-02-18,13.019739151000977,13.199735641479492,12.899742126464844,13.139737129211426,10.708550453186035,775620
2014-02-19,13.139737129211426,13.139737129211426,12.719744682312012,12.899742126464844,10.512960433959961,470610
2014-02-20,12.599747657775879,13.259734153747559,12.599747657775879,13.079737663269043,10.659653663635254,920679
2014-02-21,13.199735641479492,13.739725112915039,13.199735641479492,13.679725646972656,11.148627281188965,1138614
2014-02-24,13.679725646972656,14.6397066116333,13.679725646972656,14.399711608886719,11.735398292541504,2016276
2014-02-25,14.6397066116333,14.699706077575684,13.499730110168457,13.739725112915039,11.197524070739746,798089
2014-02-26,13.739725112915039,13.919720649719238,13.379732131958008,13.559727668762207,11.050832748413086,398010
2014-02-27,14.15971565246582,14.27971363067627,13.739725112915039,14.15971565246582,11.539807319641113,822544
2014-02-28,14.09971809387207,14.15971565246582,13.61972713470459,14.039718627929688,11.442011833190918,363067
2014-03-03,14.27971363067627,14.999699592590332,14.15971565246582,14.699706077575684,11.979886054992676,1365072
2014-03-04,14.939701080322266,14.999699592590332,14.09971809387207,14.15971565246582,11.539807319641113,531492
2014-03-05,14.219715118408203,14.27971363067627,13.799723625183105,14.039718627929688,11.442011833190918,280756
2014-03-06,13.799723625183105,14.27971363067627,13.679725646972656,14.039718627929688,11.442011833190918,804582
2014-03-07,14.219715118408203,14.759703636169434,13.919720649719238,14.27971363067627,11.637602806091309,630748
2014-03-10,14.27971363067627,14.519708633422852,14.039718627929688,14.219715118408203,11.588705062866211,609995
2014-03-11,14.399711608886719,14.6397066116333,14.339713096618652,14.519708633422852,11.833191871643066,482202
2014-03-12,14.27971363067627,14.699706077575684,14.27971363067627,14.579708099365234,11.882091522216797,489202
2014-03-13,14.699706077575684,14.939701080322266,14.579708099365234,14.819703102111816,12.077679634094238,727258
2014-03-14,14.879701614379883,14.939701080322266,14.399711608886719,14.579708099365234,11.882091522216797,583805
2014-03-17,14.759703636169434,14.819703102111816,14.09971809387207,14.219715118408203,11.588705062866211,672480
2014-03-18,14.27971363067627,14.27971363067627,13.499730110168457,13.559727668762207,11.050832748413086,761165
2014-03-19,13.919720649719238,13.979720115661621,13.61972713470459,13.679725646972656,11.148627281188965,502946
2014-03-20,13.439730644226074,13.61972713470459,13.259734153747559,13.259734153747559,10.806344985961914,556563
2014-03-21,13.199735641479492,14.27971363067627,13.199735641479492,13.61972713470459,11.099730491638184,2572156
2014-03-24,13.679725646972656,14.039718627929688,13.439730644226074,13.679725646972656,11.148627281188965,1421953
2014-03-25,13.61972713470459,13.61972713470459,12.959739685058594,13.019739151000977,10.610755920410156,490782
2014-03-26,13.259734153747559,13.259734153747559,12.719744682312012,12.959739685058594,10.561857223510742,1601664
2014-03-27,12.779744148254395,12.899742126464844,12.35975170135498,12.719744682312012,10.366268157958984,806913
2014-03-28,12.719744682312012,13.199735641479492,12.419751167297363,13.139737129211426,10.708550453186035,348624
2014-03-31,13.439730644226074,13.739725112915039,12.719744682312012,13.739725112915039,11.197524070739746,454909
2014-04-01,13.499730110168457,13.679725646972656,12.959739685058594,13.199735641479492,10.757448196411133,310998
2014-04-02,13.199735641479492,13.499730110168457,12.899742126464844,13.439730644226074,10.953038215637207,474780
2014-04-03,13.499730110168457,13.499730110168457,12.779744148254395,13.019739151000977,10.610755920410156,752595
2014-04-04,12.899742126464844,13.139737129211426,12.779744148254395,12.899742126464844,10.512960433959961,290642
2014-04-07,12.959739685058594,13.079737663269043,12.779744148254395,12.779744148254395,10.415165901184082,353007
2014-04-08,12.899742126464844,13.079737663269043,12.719744682312012,13.019739151000977,10.610755920410156,430859
2014-04-09,12.959739685058594,13.199735641479492,12.899742126464844,12.899742126464844,10.512960433959961,399624
2014-04-10,13.079737663269043,13.079737663269043,12.719744682312012,12.959739685058594,10.561857223510742,365742
2014-04-11,12.959739685058594,13.019739151000977,12.779744148254395,12.839742660522461,10.464062690734863,289916
2014-04-14,12.959739685058594,12.959739685058594,12.29975414276123,12.899742126464844,10.512960433959961,434575
2014-04-15,12.659746170043945,12.959739685058594,12.659746170043945,12.839742660522461,10.464062690734863,618628
2014-04-16,12.599747657775879,12.779744148254395,12.539749145507812,12.719744682312012,10.366268157958984,244402
2014-04-17,12.839742660522461,12.899742126464844,12.599747657775879,12.779744148254395,10.415165901184082,567822
2014-04-22,12.719744682312012,12.839742660522461,12.47974967956543,12.719744682312012,10.366268157958984,369250
2014-04-23,12.599747657775879,12.779744148254395,12.47974967956543,12.599747657775879,10.268472671508789,101202
2014-04-24,12.599747657775879,13.019739151000977,12.599747657775879,13.019739151000977,10.610755920410156,258830
2014-04-25,12.959739685058594,13.019739151000977,12.659746170043945,12.779744148254395,10.415165901184082,413841
2014-04-28,12.779744148254395,13.019739151000977,12.779744148254395,12.959739685058594,10.561857223510742,374957
2014-04-29,12.959739685058594,12.959739685058594,12.539749145507812,12.599747657775879,10.268472671508789,674604
2014-04-30,12.779744148254395,12.839742660522461,12.599747657775879,12.779744148254395,10.415165901184082,309016
2014-05-02,12.719744682312012,12.719744682312012,12.47974967956543,12.599747657775879,10.268472671508789,301922
2014-05-05,12.779744148254395,12.779744148254395,12.419751167297363,12.539749145507812,10.219575881958008,124224
2014-05-07,12.599747657775879,12.659746170043945,12.29975414276123,12.419751167297363,10.121780395507812,330194
2014-05-08,12.35975170135498,12.539749145507812,12.119756698608398,12.239754676818848,9.975088119506836,288489
2014-05-09,12.179756164550781,12.35975170135498,12.119756698608398,12.35975170135498,10.072881698608398,139069
2014-05-12,12.179756164550781,12.179756164550781,11.81976318359375,11.879761695861816,9.681702613830566,588199
2014-05-13,11.999759674072266,12.239754676818848,11.999759674072266,12.179756164550781,9.926190376281738,232191
2014-05-14,12.599747657775879,12.779744148254395,11.999759674072266,12.179756164550781,9.926190376281738,431088
2014-05-15,12.179756164550781,12.35975170135498,12.059758186340332,12.179756164550781,9.926190376281738,259468
2014-05-16,12.119756698608398,12.29975414276123,12.059758186340332,12.239754676818848,9.975088119506836,136884
2014-05-19,12.29975414276123,12.29975414276123,12.059758186340332,12.179756164550781,9.926190376281738,299910
2014-05-20,12.119756698608398,12.239754676818848,11.9397611618042,11.9397611618042,9.73060131072998,156134
2014-05-21,11.9397611618042,12.059758186340332,11.879761695861816,11.9397611618042,9.73060131072998,77938
2014-05-22,11.879761695861816,12.119756698608398,11.879761695861816,11.9397611618042,9.73060131072998,117865
2014-05-23,11.879761695861816,11.999759674072266,11.759763717651367,11.81976318359375,9.632805824279785,249004
2014-05-26,11.759763717651367,12.059758186340332,11.759763717651367,11.999759674072266,9.779498100280762,115908
2014-05-27,11.999759674072266,12.119756698608398,11.81976318359375,12.059758186340332,9.82839584350586,141602
2014-05-28,11.879761695861816,11.9397611618042,11.759763717651367,11.879761695861816,9.681702613830566,258172
2014-05-29,11.9397611618042,12.119756698608398,11.879761695861816,11.9397611618042,9.73060131072998,455794
2014-05-30,11.9397611618042,12.119756698608398,11.759763717651367,11.81976318359375,9.632805824279785,463867
2014-06-03,11.81976318359375,11.9397611618042,11.519768714904785,11.579768180847168,9.437215805053711,431275
2014-06-04,11.699766159057617,11.879761695861816,11.519768714904785,11.699766159057617,9.535011291503906,354743
2014-06-05,11.579768180847168,11.579768180847168,11.399771690368652,11.459770202636719,9.339420318603516,327416
2014-06-06,11.519768714904785,11.639766693115234,11.399771690368652,11.459770202636719,9.339420318603516,230704
2014-06-09,11.519768714904785,11.519768714904785,11.219775199890137,11.339773178100586,9.241626739501953,470752
2014-06-10,11.339773178100586,11.399771690368652,11.159775733947754,11.399771690368652,9.290522575378418,150971
2014-06-11,11.399771690368652,11.639766693115234,11.339773178100586,11.579768180847168,9.437215805053711,325577
2014-06-12,11.519768714904785,11.579768180847168,11.339773178100586,11.399771690368652,9.290522575378418,139364
2014-06-13,11.459770202636719,11.579768180847168,11.399771690368652,11.459770202636719,9.339420318603516,185570
2014-06-16,11.579768180847168,11.579768180847168,11.219775199890137,11.399771690368652,9.290522575378418,431998
2014-06-17,11.339773178100586,11.339773178100586,11.099778175354004,11.159775733947754,9.094932556152344,302716
2014-06-18,11.099778175354004,11.399771690368652,11.099778175354004,11.279773712158203,9.192728042602539,224862
2014-06-19,11.279773712158203,11.879761695861816,11.219775199890137,11.459770202636719,9.339420318603516,1155216
2014-06-20,11.759763717651367,12.419751167297363,11.759763717651367,12.119756698608398,9.877293586730957,2257825
2014-06-23,12.179756164550781,12.179756164550781,11.339773178100586,11.339773178100586,9.241626739501953,869717
2014-06-24,11.459770202636719,11.699766159057617,11.399771690368652,11.399771690368652,9.290522575378418,314906
2014-06-25,11.459770202636719,11.579768180847168,11.219775199890137,11.279773712158203,9.192728042602539,426825
2014-06-26,11.399771690368652,11.699766159057617,11.339773178100586,11.579768180847168,9.437215805053711,287546
2014-06-27,11.639766693115234,12.059758186340332,11.639766693115234,11.879761695861816,9.681702613830566,624936
2014-06-30,11.999759674072266,12.059758186340332,11.639766693115234,11.639766693115234,9.486114501953125,197224
2014-07-02,11.9397611618042,11.999759674072266,11.759763717651367,11.9397611618042,9.73060131072998,257841
2014-07-03,11.879761695861816,11.9397611618042,11.699766159057617,11.81976318359375,9.632805824279785,302056
2014-07-04,11.81976318359375,11.999759674072266,11.81976318359375,11.9397611618042,9.73060131072998,301056
2014-07-07,11.879761695861816,12.29975414276123,11.879761695861816,12.119756698608398,9.877293586730957,392408
2014-07-08,11.999759674072266,12.119756698608398,11.9397611618042,11.999759674072266,9.779498100280762,661704
2014-07-09,12.059758186340332,12.059758186340332,11.9397611618042,11.999759674072266,9.779498100280762,358734
2014-07-10,12.059758186340332,12.29975414276123,11.999759674072266,12.119756698608398,9.877293586730957,589582
2014-07-11,12.179756164550781,12.29975414276123,11.879761695861816,12.059758186340332,9.82839584350586,531202
2014-07-14,12.119756698608398,12.419751167297363,11.999759674072266,12.239754676818848,9.975088119506836,402831
2014-07-15,12.29975414276123,12.419751167297363,12.179756164550781,12.35975170135498,10.072881698608398,310169
2014-07-16,12.419751167297363,12.419751167297363,11.9397611618042,12.179756164550781,9.926190376281738,774383
2014-07-17,12.059758186340332,12.35975170135498,12.059758186340332,12.119756698608398,9.877293586730957,303756
2014-07-18,12.179756164550781,13.139737129211426,12.179756164550781,12.959739685058594,10.561857223510742,1570240
2014-07-21,13.199735641479492,13.199735641479492,12.659746170043945,12.839742660522461,10.464062690734863,356832
2014-07-22,12.959739685058594,13.319732666015625,12.839742660522461,13.199735641479492,10.757448196411133,501777
2014-07-23,13.259734153747559,13.61972713470459,13.079737663269043,13.439730644226074,10.953038215637207,967598
2014-07-24,13.499730110168457,13.679725646972656,13.259734153747559,13.679725646972656,11.148627281188965,519162
2014-07-25,13.499730110168457,13.61972713470459,13.079737663269043,13.199735641479492,10.757448196411133,267613
2014-07-28,13.319732666015625,13.679725646972656,13.199735641479492,13.499730110168457,11.001935958862305,268896
2014-07-29,13.499730110168457,13.499730110168457,13.319732666015625,13.439730644226074,10.953038215637207,110052
2014-07-30,13.379732131958008,13.379732131958008,13.079737663269043,13.319732666015625,10.855242729187012,305093
2014-07-31,13.199735641479492,13.439730644226074,13.199735641479492,13.439730644226074,10.953038215637207,244872
2014-08-01,13.439730644226074,13.439730644226074,12.839742660522461,13.019739151000977,10.610755920410156,366345
2014-08-04,13.199735641479492,13.319732666015625,13.019739151000977,13.139737129211426,10.708550453186035,161954
2014-08-05,13.259734153747559,13.259734153747559,12.839742660522461,12.959739685058594,10.561857223510742,158603
2014-08-06,12.839742660522461,13.079737663269043,12.599747657775879,12.659746170043945,10.31736946105957,513643
2014-08-07,12.899742126464844,13.199735641479492,12.839742660522461,12.959739685058594,10.561857223510742,392409
2014-08-08,13.019739151000977,13.139737129211426,12.899742126464844,12.959739685058594,10.561857223510742,272312
2014-08-11,12.959739685058594,13.079737663269043,12.899742126464844,13.019739151000977,10.610755920410156,169193
2014-08-12,13.139737129211426,13.379732131958008,13.019739151000977,13.199735641479492,10.757448196411133,465719
2014-08-13,13.199735641479492,13.319732666015625,13.079737663269043,13.199735641479492,10.757448196411133,577912
2014-08-14,13.199735641479492,13.259734153747559,13.079737663269043,13.139737129211426,10.708550453186035,200508
2014-08-15,13.199735641479492,13.199735641479492,12.899742126464844,12.959739685058594,10.561857223510742,328088
2014-08-18,13.079737663269043,13.199735641479492,12.959739685058594,13.079737663269043,10.659653663635254,404816
2014-08-19,13.199735641479492,13.199735641479492,12.659746170043945,12.719744682312012,10.366268157958984,375717
2014-08-20,12.719744682312012,12.719744682312012,12.35975170135498,12.419751167297363,10.121780395507812,599669
2014-08-21,12.47974967956543,12.47974967956543,12.119756698608398,12.179756164550781,9.926190376281738,556104
2014-08-22,12.29975414276123,12.35975170135498,12.119756698608398,12.239754676818848,9.975088119506836,505880
2014-08-25,12.29975414276123,12.47974967956543,12.29975414276123,12.35975170135498,10.072881698608398,318507
2014-08-26,12.419751167297363,12.539749145507812,11.999759674072266,12.29975414276123,10.023984909057617,450501
2014-08-27,12.29975414276123,12.419751167297363,12.179756164550781,12.239754676818848,9.975088119506836,130532
2014-08-28,12.35975170135498,12.599747657775879,12.29975414276123,12.35975170135498,10.072881698608398,406923
2014-08-29,12.35975170135498,12.659746170043945,12.29975414276123,12.539749145507812,10.219575881958008,346052
2014-09-01,12.419751167297363,12.419751167297363,11.999759674072266,12.119756698608398,9.877293586730957,275843
2014-09-02,12.179756164550781,12.35975170135498,11.999759674072266,12.35975170135498,10.072881698608398,173036
2014-09-03,12.35975170135498,12.419751167297363,12.179756164550781,12.239754676818848,9.975088119506836,213020
2014-09-04,12.239754676818848,12.719744682312012,12.239754676818848,12.419751167297363,10.121780395507812,601944
2014-09-05,12.47974967956543,12.539749145507812,12.119756698608398,12.179756164550781,9.926190376281738,377369
2014-09-08,12.239754676818848,12.419751167297363,12.179756164550781,12.29975414276123,10.023984909057617,487793
2014-09-10,12.35975170135498,13.61972713470459,12.29975414276123,13.079737663269043,10.659653663635254,1725308
2014-09-11,13.139737129211426,13.259734153747559,12.779744148254395,13.139737129211426,10.708550453186035,552444
2014-09-12,13.079737663269043,13.199735641479492,12.899742126464844,13.019739151000977,10.610755920410156,652407
2014-09-15,13.079737663269043,13.079737663269043,12.719744682312012,12.719744682312012,10.366268157958984,202864
2014-09-16,13.319732666015625,13.319732666015625,12.29975414276123,12.539749145507812,10.219575881958008,640412
2014-09-17,12.599747657775879,12.659746170043945,12.539749145507812,12.659746170043945,10.31736946105957,352910
2014-09-18,12.719744682312012,12.719744682312012,12.35975170135498,12.35975170135498,10.072881698608398,436499
2014-09-19,12.47974967956543,12.659746170043945,12.29975414276123,12.419751167297363,10.121780395507812,562788
2014-09-22,12.119756698608398,12.239754676818848,11.9397611618042,12.119756698608398,9.877293586730957,931920
2014-09-23,12.179756164550781,12.29975414276123,12.119756698608398,12.239754676818848,9.975088119506836,290772
2014-09-24,12.29975414276123,12.29975414276123,12.119756698608398,12.119756698608398,9.877293586730957,5970173
2014-09-25,12.29975414276123,12.539749145507812,12.119756698608398,12.239754676818848,9.975088119506836,1392434
2014-09-26,12.35975170135498,12.35975170135498,12.059758186340332,12.239754676818848,9.975088119506836,927557
2014-09-29,12.29975414276123,12.29975414276123,11.879761695861816,12.119756698608398,9.877293586730957,357845
2014-09-30,11.759763717651367,12.119756698608398,11.699766159057617,11.81976318359375,9.632805824279785,245800
2014-10-03,11.639766693115234,11.81976318359375,11.279773712158203,11.339773178100586,9.241626739501953,465288
2014-10-06,11.579768180847168,11.81976318359375,11.519768714904785,11.699766159057617,9.535011291503906,963606
2014-10-07,11.9397611618042,11.9397611618042,11.639766693115234,11.759763717651367,9.583907127380371,2203388
2014-10-08,11.81976318359375,11.81976318359375,11.459770202636719,11.519768714904785,9.388317108154297,215840
2014-10-09,11.519768714904785,11.999759674072266,11.519768714904785,11.699766159057617,9.535011291503906,848731
2014-10-10,11.639766693115234,11.81976318359375,11.399771690368652,11.639766693115234,9.486114501953125,652303
2014-10-13,11.399771690368652,11.699766159057617,11.399771690368652,11.459770202636719,9.339420318603516,800416
2014-10-14,11.519768714904785,11.759763717651367,11.519768714904785,11.699766159057617,9.535011291503906,174603
2014-10-15,11.699766159057617,11.9397611618042,11.699766159057617,11.81976318359375,9.632805824279785,12195149
2014-10-16,12.059758186340332,12.599747657775879,11.699766159057617,11.759763717651367,9.583907127380371,973815
2014-10-17,11.999759674072266,12.29975414276123,11.999759674072266,12.059758186340332,9.82839584350586,940749
2014-10-20,12.059758186340332,12.119756698608398,11.9397611618042,12.059758186340332,9.82839584350586,344572
2014-10-21,11.81976318359375,12.419751167297363,11.81976318359375,12.35975170135498,10.072881698608398,429235
2014-10-22,12.419751167297363,12.47974967956543,12.179756164550781,12.419751167297363,10.121780395507812,573544
2014-10-23,12.29975414276123,12.29975414276123,11.9397611618042,11.999759674072266,9.779498100280762,542652
2014-10-24,11.9397611618042,11.999759674072266,11.759763717651367,11.9397611618042,9.73060131072998,151269
2014-10-27,11.879761695861816,11.9397611618042,11.459770202636719,11.579768180847168,9.437215805053711,266817
2014-10-28,11.519768714904785,11.759763717651367,11.519768714904785,11.639766693115234,9.486114501953125,229742
2014-10-29,11.639766693115234,11.9397611618042,11.579768180847168,11.579768180847168,9.437215805053711,495259
2014-10-30,11.579768180847168,11.9397611618042,11.459770202636719,11.519768714904785,9.388317108154297,299008
2014-10-31,11.639766693115234,11.639766693115234,11.399771690368652,11.399771690368652,9.290522575378418,369215
2014-11-03,11.399771690368652,11.579768180847168,11.399771690368652,11.459770202636719,9.339420318603516,168554
2014-11-04,11.579768180847168,11.579768180847168,11.339773178100586,11.399771690368652,9.290522575378418,105408
2014-11-05,11.399771690368652,11.399771690368652,11.219775199890137,11.279773712158203,9.192728042602539,371001
2014-11-06,11.219775199890137,11.279773712158203,10.799783706665039,10.919780731201172,8.89934253692627,606857
2014-11-07,10.919780731201172,11.039778709411621,10.739785194396973,10.799783706665039,8.801547050476074,482754
2014-11-10,10.919780731201172,11.219775199890137,10.739785194396973,11.099778175354004,9.046035766601562,898123
2014-11-11,11.159775733947754,11.159775733947754,10.739785194396973,10.799783706665039,8.801547050476074,776730
2014-11-12,10.859782218933105,10.859782218933105,10.619787216186523,10.619787216186523,8.65485668182373,383557
2014-11-13,10.739785194396973,10.859782218933105,10.55978775024414,10.859782218933105,8.850445747375488,375290
2014-11-14,10.67978572845459,10.859782218933105,10.619787216186523,10.859782218933105,8.850445747375488,263505
2014-11-17,10.919780731201172,11.039778709411621,10.859782218933105,11.039778709411621,8.997138023376465,221958
2014-11-18,11.099778175354004,11.639766693115234,11.099778175354004,11.519768714904785,9.388317108154297,880928
2014-11-19,11.699766159057617,11.879761695861816,11.639766693115234,11.759763717651367,9.583907127380371,658278
2014-11-20,11.81976318359375,11.81976318359375,11.279773712158203,11.399771690368652,9.290522575378418,239621
2014-11-21,11.399771690368652,11.699766159057617,11.399771690368652,11.699766159057617,9.535011291503906,252105
2014-11-24,12.29975414276123,12.29975414276123,11.759763717651367,11.9397611618042,9.73060131072998,894164
2014-11-25,11.81976318359375,11.9397611618042,11.399771690368652,11.639766693115234,9.486114501953125,403244
2014-11-26,11.81976318359375,12.179756164550781,11.639766693115234,11.999759674072266,9.779498100280762,715107
2014-11-27,11.879761695861816,12.119756698608398,11.879761695861816,11.9397611618042,9.73060131072998,83351
2014-11-28,11.9397611618042,11.9397611618042,11.699766159057617,11.699766159057617,9.535011291503906,126450
2014-12-01,11.699766159057617,11.759763717651367,11.399771690368652,11.699766159057617,9.535011291503906,1062968
2014-12-02,11.9397611618042,11.999759674072266,11.759763717651367,11.9397611618042,9.73060131072998,428150
2014-12-03,11.9397611618042,12.239754676818848,11.81976318359375,12.179756164550781,9.926190376281738,757876
2014-12-04,12.239754676818848,12.29975414276123,11.879761695861816,12.239754676818848,9.975088119506836,569149
2014-12-05,11.999759674072266,12.29975414276123,11.879761695861816,12.179756164550781,9.926190376281738,1787132
2014-12-08,11.999759674072266,12.29975414276123,11.999759674072266,12.179756164550781,9.926190376281738,834270
2014-12-09,12.29975414276123,12.47974967956543,12.179756164550781,12.419751167297363,10.121780395507812,656530
2014-12-10,12.539749145507812,12.659746170043945,11.999759674072266,12.059758186340332,9.82839584350586,1440604
2014-12-11,11.999759674072266,11.999759674072266,11.81976318359375,11.81976318359375,9.632805824279785,504476
2014-12-12,11.759763717651367,11.879761695861816,11.459770202636719,11.759763717651367,9.583907127380371,864510
2014-12-15,11.759763717651367,11.879761695861816,11.339773178100586,11.579768180847168,9.437215805053711,1258235
2014-12-16,11.399771690368652,11.519768714904785,11.219775199890137,11.339773178100586,9.241626739501953,1031853
2014-12-17,11.159775733947754,11.219775199890137,10.739785194396973,10.799783706665039,8.801547050476074,1201141
2014-12-18,10.67978572845459,11.039778709411621,10.619787216186523,10.799783706665039,8.801547050476074,621145
2014-12-19,10.919780731201172,11.399771690368652,10.619787216186523,10.979780197143555,8.948240280151367,8087494
2014-12-22,10.859782218933105,11.159775733947754,10.859782218933105,11.099778175354004,9.046035766601562,751576
2014-12-23,10.859782218933105,10.979780197143555,10.799783706665039,10.919780731201172,8.89934253692627,531110
2014-12-24,10.919780731201172,11.039778709411621,10.799783706665039,10.919780731201172,8.89934253692627,204820
2014-12-29,11.099778175354004,11.399771690368652,10.979780197143555,11.279773712158203,9.192728042602539,228058
2014-12-30,11.159775733947754,11.519768714904785,11.039778709411621,11.039778709411621,8.997138023376465,416394
2014-12-31,11.039778709411621,11.159775733947754,10.919780731201172,11.039778709411621,8.997138023376465,342326
2015-01-02,11.339773178100586,11.339773178100586,10.979780197143555,11.039778709411621,8.997138023376465,344893
2015-01-05,11.039778709411621,11.279773712158203,11.039778709411621,11.159775733947754,9.094932556152344,203353
2015-01-06,11.099778175354004,11.459770202636719,11.099778175354004,11.459770202636719,9.339420318603516,370287
2015-01-07,11.339773178100586,11.699766159057617,11.339773178100586,11.519768714904785,9.388317108154297,501942
2015-01-08,11.579768180847168,11.639766693115234,11.279773712158203,11.519768714904785,9.388317108154297,228514
2015-01-09,11.519768714904785,11.759763717651367,11.219775199890137,11.759763717651367,9.583907127380371,395396
2015-01-12,11.699766159057617,11.81976318359375,11.519768714904785,11.699766159057617,9.535011291503906,373518
2015-01-13,11.699766159057617,12.239754676818848,11.699766159057617,12.239754676818848,9.975088119506836,729052
2015-01-14,12.059758186340332,12.599747657775879,12.059758186340332,12.539749145507812,10.219575881958008,1024952
2015-01-15,12.47974967956543,12.779744148254395,12.419751167297363,12.719744682312012,10.366268157958984,1656377
2015-01-16,12.839742660522461,13.559727668762207,12.659746170043945,13.199735641479492,10.757448196411133,1437128
2015-01-19,13.379732131958008,13.679725646972656,13.259734153747559,13.379732131958008,10.90414047241211,1078597
2015-01-20,13.319732666015625,13.499730110168457,12.899742126464844,13.439730644226074,10.953038215637207,594352
2015-01-21,13.379732131958008,13.919720649719238,13.379732131958008,13.739725112915039,11.197524070739746,1251399
2015-01-22,14.09971809387207,14.219715118408203,13.739725112915039,13.859722137451172,11.295319557189941,1701328
2015-01-23,13.979720115661621,13.979720115661621,13.559727668762207,13.739725112915039,11.197524070739746,936278
2015-01-26,13.679725646972656,13.679725646972656,12.959739685058594,13.199735641479492,10.757448196411133,242331
2015-01-27,12.959739685058594,14.039718627929688,12.899742126464844,13.919720649719238,11.344217300415039,1481461
2015-01-28,14.09971809387207,14.519708633422852,13.799723625183105,14.039718627929688,11.442011833190918,991017
2015-01-29,13.979720115661621,14.15971565246582,13.079737663269043,13.379732131958008,10.90414047241211,795232
2015-01-30,13.499730110168457,13.61972713470459,13.019739151000977,13.259734153747559,10.806344985961914,2270038
2015-02-02,13.199735641479492,13.979720115661621,13.019739151000977,13.859722137451172,11.295319557189941,1300527
2015-02-03,13.61972713470459,13.979720115661621,13.559727668762207,13.859722137451172,11.295319557189941,1701293
2015-02-04,13.919720649719238,13.919720649719238,13.559727668762207,13.679725646972656,11.148627281188965,777175
2015-02-05,13.799723625183105,14.09971809387207,13.439730644226074,14.039718627929688,11.442011833190918,687276
2015-02-06,14.09971809387207,14.6397066116333,13.979720115661621,14.219715118408203,11.588705062866211,692709
2015-02-09,13.979720115661621,14.699706077575684,13.919720649719238,14.699706077575684,11.979886054992676,927939
2015-02-10,14.399711608886719,14.699706077575684,13.979720115661621,14.219715118408203,11.588705062866211,362187
2015-02-11,14.27971363067627,14.27971363067627,13.319732666015625,13.979720115661621,11.393115997314453,580625
2015-02-12,13.859722137451172,14.09971809387207,13.559727668762207,13.799723625183105,11.246421813964844,521844
2015-02-13,13.919720649719238,13.919720649719238,13.559727668762207,13.739725112915039,11.197524070739746,425702
2015-02-16,13.919720649719238,14.039718627929688,13.799723625183105,13.919720649719238,11.344217300415039,179472
2015-02-17,13.919720649719238,13.919720649719238,13.679725646972656,13.859722137451172,11.295319557189941,219680
2015-02-18,14.039718627929688,14.09971809387207,13.799723625183105,13.979720115661621,11.393115997314453,52391
2015-02-23,13.859722137451172,14.09971809387207,13.799723625183105,14.09971809387207,11.490910530090332,250617
2015-02-24,14.09971809387207,14.699706077575684,14.039718627929688,14.6397066116333,11.930987358093262,549803
2015-02-25,14.459710121154785,14.699706077575684,13.919720649719238,14.399711608886719,11.735398292541504,673007
2015-02-26,14.399711608886719,14.459710121154785,14.09971809387207,14.09971809387207,11.490910530090332,301059
2015-02-27,14.09971809387207,14.399711608886719,13.979720115661621,14.399711608886719,11.735398292541504,1906604
2015-03-02,14.219715118408203,14.699706077575684,14.219715118408203,14.519708633422852,11.833191871643066,244516
2015-03-03,14.399711608886719,15.299694061279297,14.27971363067627,15.299694061279297,12.468859672546387,1266709
2015-03-04,14.999699592590332,14.999699592590332,14.6397066116333,14.939701080322266,12.17547607421875,473202
2015-03-05,14.879701614379883,14.879701614379883,13.799723625183105,14.15971565246582,11.539807319641113,575156
2015-03-06,14.039718627929688,14.15971565246582,13.559727668762207,13.739725112915039,11.197524070739746,326586
2015-03-09,13.799723625183105,13.799723625183105,12.239754676818848,12.599747657775879,10.268472671508789,707940
2015-03-10,12.29975414276123,12.779744148254395,11.879761695861816,11.9397611618042,9.73060131072998,1184197
2015-03-11,11.9397611618042,12.179756164550781,11.759763717651367,11.999759674072266,9.779498100280762,613518
2015-03-12,12.059758186340332,12.659746170043945,11.81976318359375,12.419751167297363,10.121780395507812,650589
2015-03-13,12.47974967956543,13.259734153747559,12.35975170135498,13.019739151000977,10.610755920410156,753235
2015-03-16,13.139737129211426,13.319732666015625,12.779744148254395,13.199735641479492,10.757448196411133,532789
2015-03-17,13.379732131958008,13.61972713470459,13.319732666015625,13.439730644226074,10.953038215637207,494656
2015-03-18,13.499730110168457,13.559727668762207,13.199735641479492,13.319732666015625,10.855242729187012,384428
2015-03-19,13.319732666015625,14.219715118408203,13.319732666015625,14.15971565246582,11.539807319641113,487708
2015-03-20,14.039718627929688,14.09971809387207,13.139737129211426,13.919720649719238,11.344217300415039,2956761
2015-03-23,14.09971809387207,14.219715118408203,13.799723625183105,13.979720115661621,11.393115997314453,554791
2015-03-24,13.979720115661621,14.27971363067627,13.859722137451172,13.919720649719238,11.344217300415039,633018
2015-03-25,13.859722137451172,14.09971809387207,13.559727668762207,13.859722137451172,11.295319557189941,457208
2015-03-26,13.799723625183105,13.979720115661621,13.799723625183105,13.859722137451172,11.295319557189941,292914
2015-03-27,13.859722137451172,13.979720115661621,13.799723625183105,13.859722137451172,11.295319557189941,463633
2015-03-30,13.859722137451172,14.09971809387207,13.559727668762207,13.679725646972656,11.148627281188965,370383
2015-03-31,13.559727668762207,13.799723625183105,13.439730644226074,13.61972713470459,11.099730491638184,208599
2015-04-01,13.559727668762207,13.679725646972656,13.259734153747559,13.439730644226074,10.953038215637207,521993
2015-04-02,13.439730644226074,14.039718627929688,13.439730644226074,13.859722137451172,11.295319557189941,524830
2015-04-08,13.799723625183105,13.799723625183105,12.179756164550781,13.379732131958008,10.90414047241211,817729
2015-04-09,13.499730110168457,13.799723625183105,13.019739151000977,13.499730110168457,11.001935958862305,1434513
2015-04-10,13.559727668762207,13.859722137451172,13.499730110168457,13.739725112915039,11.197524070739746,503522
2015-04-13,13.799723625183105,13.799723625183105,13.019739151000977,13.799723625183105,11.246421813964844,1101275
2015-04-14,13.799723625183105,13.799723625183105,13.379732131958008,13.439730644226074,10.953038215637207,1230234
2015-04-15,13.439730644226074,13.739725112915039,13.379732131958008,13.559727668762207,11.050832748413086,363849
2015-04-16,13.739725112915039,13.979720115661621,13.499730110168457,13.919720649719238,11.344217300415039,782617
2015-04-17,13.799723625183105,13.919720649719238,13.559727668762207,13.61972713470459,11.099730491638184,525833
2015-04-20,13.61972713470459,13.679725646972656,13.199735641479492,13.259734153747559,10.806344985961914,632010
2015-04-21,13.319732666015625,13.679725646972656,13.259734153747559,13.319732666015625,10.855242729187012,354010
2015-04-22,13.319732666015625,13.919720649719238,13.259734153747559,13.679725646972656,11.148627281188965,814170
2015-04-23,13.679725646972656,13.919720649719238,13.379732131958008,13.499730110168457,11.001935958862305,583139
2015-04-24,13.61972713470459,13.799723625183105,13.559727668762207,13.739725112915039,11.197524070739746,494312
2015-04-27,13.739725112915039,13.859722137451172,13.61972713470459,13.739725112915039,11.197524070739746,967570
2015-04-28,13.799723625183105,16.199676513671875,13.799723625183105,16.199676513671875,13.202322959899902,4588811
2015-04-29,16.199676513671875,17.69964599609375,15.89968204498291,16.199676513671875,13.202322959899902,2910638
2015-04-30,15.89968204498291,16.199676513671875,14.999699592590332,15.299694061279297,12.468859672546387,1346137
2015-05-04,15.599687576293945,16.499670028686523,14.999699592590332,16.499670028686523,13.446809768676758,1023672
2015-05-05,16.799663543701172,17.3996524810791,15.599687576293945,15.89968204498291,12.95783519744873,917902
2015-05-06,16.199676513671875,16.199676513671875,14.999699592590332,15.299694061279297,12.468859672546387,1891925
2015-05-07,15.599687576293945,15.599687576293945,13.919720649719238,14.27971363067627,11.637602806091309,1306499
2015-05-08,14.399711608886719,15.599687576293945,14.399711608886719,15.599687576293945,12.713346481323242,672788
2015-05-11,15.599687576293945,15.599687576293945,14.999699592590332,15.599687576293945,12.713346481323242,445398
2015-05-12,15.299694061279297,15.599687576293945,14.999699592590332,15.299694061279297,12.468859672546387,409525
2015-05-13,15.599687576293945,15.599687576293945,14.939701080322266,15.299694061279297,12.468859672546387,637692
2015-05-14,15.599687576293945,15.599687576293945,14.999699592590332,15.299694061279297,12.468859672546387,666363
2015-05-15,15.299694061279297,15.599687576293945,14.999699592590332,15.299694061279297,12.468859672546387,369593
2015-05-18,15.599687576293945,15.599687576293945,14.999699592590332,15.299694061279297,12.468859672546387,743764
2015-05-19,15.299694061279297,16.499670028686523,15.299694061279297,16.199676513671875,13.202322959899902,1521223
2015-05-20,16.199676513671875,16.499670028686523,15.89968204498291,16.199676513671875,13.202322959899902,589138
2015-05-21,16.199676513671875,17.3996524810791,15.89968204498291,16.499670028686523,13.446809768676758,1100548
2015-05-22,16.499670028686523,16.499670028686523,15.89968204498291,16.499670028686523,13.446809768676758,418864
2015-05-26,16.499670028686523,16.499670028686523,15.89968204498291,16.499670028686523,13.446809768676758,810237
2015-05-27,16.499670028686523,17.3996524810791,15.89968204498291,17.3996524810791,14.180273056030273,1213207
2015-05-28,17.9996395111084,19.199615478515625,17.3996524810791,17.69964599609375,14.424759864807129,2426298
2015-05-29,17.9996395111084,18.599628448486328,17.3996524810791,17.9996395111084,14.669245719909668,1634816
2015-06-01,17.9996395111084,18.599628448486328,17.69964599609375,18.599628448486328,15.158222198486328,2186326
2015-06-02,18.599628448486328,18.899621963500977,18.29963493347168,18.599628448486328,15.158222198486328,1725813
2015-06-03,18.599628448486328,18.599628448486328,17.3996524810791,17.9996395111084,14.669245719909668,1287709
2015-06-04,17.69964599609375,17.9996395111084,16.499670028686523,17.3996524810791,14.180273056030273,749514
2015-06-05,17.09965705871582,17.69964599609375,16.799663543701172,17.3996524810791,14.180273056030273,722715
2015-06-08,17.09965705871582,17.3996524810791,16.799663543701172,17.09965705871582,13.935783386230469,690227
2015-06-09,17.3996524810791,17.3996524810791,16.799663543701172,17.09965705871582,13.935783386230469,1542975
2015-06-10,17.09965705871582,17.69964599609375,16.799663543701172,17.09965705871582,13.935783386230469,1480473
2015-06-11,17.09965705871582,17.9996395111084,16.799663543701172,17.69964599609375,14.424759864807129,1969860
2015-06-12,17.69964599609375,17.69964599609375,17.09965705871582,17.69964599609375,14.424759864807129,1255924
2015-06-15,17.9996395111084,18.899621963500977,17.3996524810791,17.69964599609375,14.663350105285645,4590978
2015-06-16,17.9996395111084,18.599628448486328,17.69964599609375,17.9996395111084,14.911879539489746,3958404
2015-06-17,17.9996395111084,18.599628448486328,17.69964599609375,17.9996395111084,14.911879539489746,3732695
2015-06-18,17.9996395111084,18.29963493347168,17.69964599609375,17.9996395111084,14.911879539489746,1967477
2015-06-19,18.29963493347168,18.599628448486328,15.89968204498291,17.09965705871582,14.166285514831543,12882019
2015-06-22,16.499670028686523,16.799663543701172,15.299694061279297,15.599687576293945,12.923629760742188,10666801
2015-06-23,15.89968204498291,16.199676513671875,15.599687576293945,16.199676513671875,13.420693397521973,732909
2015-06-24,15.89968204498291,16.199676513671875,15.299694061279297,15.89968204498291,13.172162055969238,794432
2015-06-25,15.89968204498291,15.89968204498291,15.299694061279297,15.599687576293945,12.923629760742188,473907
2015-06-26,15.599687576293945,15.89968204498291,14.819703102111816,14.999699592590332,12.426567077636719,853136
2015-06-29,14.999699592590332,15.299694061279297,13.859722137451172,14.399711608886719,11.92950439453125,811876
2015-06-30,14.399711608886719,15.599687576293945,13.859722137451172,14.999699592590332,12.426567077636719,964003
2015-07-02,14.999699592590332,15.299694061279297,14.519708633422852,14.999699592590332,12.426567077636719,884817
2015-07-03,14.999699592590332,14.999699592590332,14.219715118408203,14.339713096618652,11.879798889160156,1406725
2015-07-06,14.15971565246582,14.15971565246582,13.199735641479492,13.919720649719238,11.531854629516602,917232
2015-07-07,13.799723625183105,14.399711608886719,13.559727668762207,13.679725646972656,11.333028793334961,917020
2015-07-08,13.739725112915039,13.739725112915039,12.35975170135498,12.959739685058594,10.736553192138672,1221197
2015-07-09,13.199735641479492,14.399711608886719,12.599747657775879,14.219715118408203,11.780386924743652,742833
2015-07-10,14.039718627929688,14.6397066116333,14.039718627929688,14.399711608886719,11.92950439453125,1073443
2015-07-13,13.079737663269043,14.399711608886719,12.899742126464844,14.399711608886719,11.92950439453125,431055
2015-07-14,14.27971363067627,14.699706077575684,14.15971565246582,14.339713096618652,11.879798889160156,792409
2015-07-15,14.339713096618652,14.399711608886719,14.15971565246582,14.339713096618652,11.879798889160156,215410
2015-07-16,14.039718627929688,14.399711608886719,14.039718627929688,14.27971363067627,11.830092430114746,215012
2015-07-17,14.699706077575684,15.299694061279297,14.339713096618652,14.939701080322266,12.376861572265625,694532
2015-07-20,14.759703636169434,14.819703102111816,13.679725646972656,13.679725646972656,11.333028793334961,703355
2015-07-21,13.079737663269043,13.439730644226074,12.599747657775879,12.959739685058594,10.736553192138672,1302348
2015-07-22,12.659746170043945,13.139737129211426,12.659746170043945,13.019739151000977,10.786260604858398,425208
2015-07-23,12.779744148254395,14.339713096618652,12.779744148254395,14.219715118408203,11.780386924743652,763923
2015-07-24,13.919720649719238,14.039718627929688,12.959739685058594,12.959739685058594,10.736553192138672,1162484
2015-07-27,12.959739685058594,14.339713096618652,12.899742126464844,13.559727668762207,11.23361587524414,1689729
2015-07-28,13.439730644226074,13.859722137451172,13.319732666015625,13.61972713470459,11.283323287963867,358658
2015-07-29,13.859722137451172,13.859722137451172,13.499730110168457,13.499730110168457,11.183911323547363,131324
2015-07-30,13.799723625183105,14.459710121154785,13.739725112915039,14.15971565246582,11.730679512023926,1088838
2015-07-31,14.039718627929688,14.09971809387207,13.499730110168457,13.559727668762207,11.23361587524414,453398
2015-08-03,13.559727668762207,14.15971565246582,13.259734153747559,13.919720649719238,11.531854629516602,282830
2015-08-04,13.739725112915039,14.09971809387207,13.559727668762207,14.039718627929688,11.631266593933105,251705
2015-08-05,13.799723625183105,14.15971565246582,13.61972713470459,13.679725646972656,11.333028793334961,397246
2015-08-06,13.61972713470459,14.09971809387207,13.61972713470459,13.859722137451172,11.482149124145508,175426
2015-08-07,13.859722137451172,14.09971809387207,13.739725112915039,13.799723625183105,11.432441711425781,292905
2015-08-10,13.979720115661621,13.979720115661621,13.499730110168457,13.799723625183105,11.432441711425781,239104
2015-08-11,13.859722137451172,14.519708633422852,13.799723625183105,14.27971363067627,11.830092430114746,2367512
2015-08-12,14.27971363067627,15.299694061279297,13.919720649719238,14.27971363067627,11.830092430114746,4471529
2015-08-13,14.27971363067627,14.939701080322266,14.15971565246582,14.27971363067627,11.830092430114746,2709565
2015-08-14,14.27971363067627,14.27971363067627,13.559727668762207,13.679725646972656,11.333028793334961,496964
2015-08-17,13.799723625183105,13.859722137451172,13.259734153747559,13.439730644226074,11.134204864501953,646936
2015-08-18,13.739725112915039,13.859722137451172,13.559727668762207,13.739725112915039,11.382735252380371,783525
2015-08-19,13.739725112915039,13.739725112915039,13.559727668762207,13.739725112915039,11.382735252380371,429348
2015-08-20,13.799723625183105,14.459710121154785,13.679725646972656,13.799723625183105,11.432441711425781,1544775
2015-08-21,13.799723625183105,14.15971565246582,13.559727668762207,13.61972713470459,11.283323287963867,1302756
2015-08-24,13.439730644226074,13.499730110168457,12.179756164550781,12.239754676818848,10.1400785446167,588236
2015-08-25,11.999759674072266,12.419751167297363,11.339773178100586,11.339773178100586,9.394486427307129,1127350
2015-08-26,11.699766159057617,12.719744682312012,11.339773178100586,12.599747657775879,10.438316345214844,626029
2015-08-27,12.539749145507812,12.539749145507812,11.699766159057617,11.9397611618042,9.891548156738281,604012
2015-08-28,12.059758186340332,12.539749145507812,11.9397611618042,12.119756698608398,10.040666580200195,419268
2015-08-31,12.35975170135498,12.899742126464844,12.239754676818848,12.35975170135498,10.239490509033203,835222
2015-09-01,12.29975414276123,12.839742660522461,12.179756164550781,12.47974967956543,10.33890438079834,727706
2015-09-02,12.539749145507812,12.719744682312012,12.239754676818848,12.47974967956543,10.33890438079834,330456
2015-09-04,12.539749145507812,12.779744148254395,12.47974967956543,12.599747657775879,10.438316345214844,411124
2015-09-07,12.599747657775879,13.199735641479492,12.599747657775879,13.139737129211426,10.885672569274902,852157
2015-09-08,13.139737129211426,13.199735641479492,12.779744148254395,12.959739685058594,10.736553192138672,259603
2015-09-09,13.019739151000977,13.199735641479492,12.839742660522461,12.959739685058594,10.736553192138672,354107
2015-09-10,12.599747657775879,12.779744148254395,12.179756164550781,12.29975414276123,10.18978500366211,366107
2015-09-11,12.539749145507812,12.539749145507812,12.179756164550781,12.29975414276123,10.18978500366211,483390
2015-09-14,12.47974967956543,12.599747657775879,11.999759674072266,12.47974967956543,10.33890438079834,1580948
2015-09-15,12.29975414276123,12.47974967956543,11.9397611618042,12.059758186340332,9.990960121154785,426308
2015-09-16,12.29975414276123,12.35975170135498,12.059758186340332,12.119756698608398,10.040666580200195,463712
2015-09-17,12.29975414276123,12.659746170043945,12.119756698608398,12.179756164550781,10.090373039245605,929372
2015-09-18,12.35975170135498,13.199735641479492,12.179756164550781,13.079737663269043,10.835967063903809,4140807
2015-09-21,13.019739151000977,13.139737129211426,12.539749145507812,12.839742660522461,10.637141227722168,1247291
2015-09-22,12.959739685058594,12.959739685058594,12.419751167297363,12.47974967956543,10.33890438079834,600662
2015-09-23,12.419751167297363,12.599747657775879,11.999759674072266,12.059758186340332,9.990960121154785,394068
2015-09-24,12.29975414276123,12.539749145507812,12.239754676818848,12.47974967956543,10.33890438079834,259671
2015-09-25,12.719744682312012,12.719744682312012,12.239754676818848,12.29975414276123,10.18978500366211,309870
2015-09-29,12.29975414276123,12.29975414276123,11.579768180847168,11.639766693115234,9.643016815185547,723264
2015-09-30,11.999759674072266,12.059758186340332,11.519768714904785,12.059758186340332,9.990960121154785,174361
2015-10-02,12.29975414276123,12.29975414276123,11.639766693115234,11.699766159057617,9.692723274230957,528340
2015-10-05,12.059758186340332,12.119756698608398,11.9397611618042,12.059758186340332,9.990960121154785,309292
2015-10-06,11.999759674072266,12.239754676818848,11.099778175354004,11.519768714904785,9.54360294342041,1034191
2015-10-07,11.879761695861816,12.239754676818848,11.81976318359375,11.999759674072266,9.941253662109375,692347
2015-10-08,11.9397611618042,11.999759674072266,11.579768180847168,11.699766159057617,9.692723274230957,790980
2015-10-09,11.879761695861816,11.879761695861816,11.519768714904785,11.759763717651367,9.74242877960205,831999
2015-10-12,11.9397611618042,11.999759674072266,11.639766693115234,11.879761695861816,9.841840744018555,493309
2015-10-13,11.879761695861816,11.9397611618042,11.81976318359375,11.879761695861816,9.841840744018555,199003
2015-10-14,11.879761695861816,11.9397611618042,11.699766159057617,11.81976318359375,9.792134284973145,545827
2015-10-15,11.879761695861816,12.119756698608398,11.81976318359375,11.9397611618042,9.891548156738281,466097
2015-10-16,11.9397611618042,11.9397611618042,11.519768714904785,11.639766693115234,9.643016815185547,527268
2015-10-19,11.579768180847168,11.699766159057617,11.519768714904785,11.579768180847168,9.593310356140137,299319
2015-10-20,11.579768180847168,11.639766693115234,11.099778175354004,11.099778175354004,9.195659637451172,1255156
2015-10-22,11.219775199890137,11.639766693115234,11.219775199890137,11.279773712158203,9.344779014587402,650928
2015-10-23,11.399771690368652,11.519768714904785,11.159775733947754,11.219775199890137,9.295072555541992,467898
2015-10-26,11.339773178100586,11.399771690368652,11.099778175354004,11.159775733947754,9.245365142822266,516396
2015-10-27,11.279773712158203,11.339773178100586,11.099778175354004,11.219775199890137,9.295072555541992,297114
2015-10-28,11.279773712158203,11.399771690368652,11.159775733947754,11.339773178100586,9.394486427307129,320175
2015-10-29,11.279773712158203,11.279773712158203,10.67978572845459,10.739785194396973,8.897422790527344,1139161
2015-10-30,10.739785194396973,10.739785194396973,10.379792213439941,10.439790725708008,8.64889144897461,737359
2015-11-02,10.49979019165039,10.859782218933105,10.49979019165039,10.739785194396973,8.897422790527344,294759
2015-11-03,10.799783706665039,10.799783706665039,10.49979019165039,10.55978775024414,8.748302459716797,358293
2015-11-04,10.55978775024414,10.55978775024414,10.55978775024414,10.55978775024414,8.748302459716797,0
2015-11-05,10.55978775024414,10.55978775024414,10.55978775024414,10.55978775024414,8.748302459716797,0
2015-11-06,10.55978775024414,10.55978775024414,10.55978775024414,10.55978775024414,8.748302459716797,0
2015-11-09,10.55978775024414,10.55978775024414,10.55978775024414,10.55978775024414,8.748302459716797,0
2015-11-10,10.55978775024414,10.55978775024414,10.55978775024414,10.55978775024414,8.748302459716797,0
2015-11-11,10.55978775024414,10.55978775024414,10.55978775024414,10.55978775024414,8.748302459716797,0
2015-11-12,10.55978775024414,10.55978775024414,10.55978775024414,10.55978775024414,8.748302459716797,0
2015-11-13,10.55978775024414,10.55978775024414,10.55978775024414,10.55978775024414,8.748302459716797,0
2015-11-16,10.55978775024414,10.55978775024414,10.55978775024414,10.55978775024414,8.748302459716797,0
2015-11-17,10.55978775024414,10.55978775024414,10.55978775024414,10.55978775024414,8.748302459716797,0
2015-11-18,10.55978775024414,10.55978775024414,10.55978775024414,10.55978775024414,8.748302459716797,0
2015-11-19,10.55978775024414,10.55978775024414,10.55978775024414,10.55978775024414,8.748302459716797,0
2015-11-20,10.55978775024414,10.55978775024414,10.55978775024414,10.55978775024414,8.748302459716797,0
2015-11-23,11.999759674072266,12.29975414276123,10.739785194396973,10.859782218933105,8.996834754943848,2827459
2015-11-24,11.099778175354004,11.159775733947754,10.199795722961426,10.379792213439941,8.5991849899292,1320649
2015-11-25,10.379792213439941,10.67978572845459,10.319792747497559,10.55978775024414,8.748302459716797,371335
2015-11-26,10.55978775024414,10.55978775024414,10.259794235229492,10.49979019165039,8.698596954345703,328325
2015-11-27,10.49979019165039,10.49979019165039,10.259794235229492,10.319792747497559,8.549477577209473,174503
2015-11-30,10.379792213439941,10.379792213439941,9.239814758300781,9.659806251525879,8.00270938873291,599584
2015-12-01,9.599807739257812,9.599807739257812,8.7598237991333,9.059818267822266,7.505646705627441,968301
2015-12-02,9.059818267822266,9.899802207946777,8.639826774597168,9.239814758300781,7.6547651290893555,917351
2015-12-03,9.239814758300781,9.299814224243164,9.119816780090332,9.179816246032715,7.605059623718262,258919
2015-12-04,9.119816780090332,9.359811782836914,8.87982177734375,9.239814758300781,7.6547651290893555,307622
2015-12-07,9.479809761047363,9.539809226989746,9.059818267822266,9.059818267822266,7.505646705627441,383097
2015-12-08,9.239814758300781,9.299814224243164,8.819823265075684,9.179816246032715,7.605059623718262,703125
2015-12-09,9.239814758300781,9.659806251525879,9.119816780090332,9.539809226989746,7.9032979011535645,1690603
2015-12-10,9.539809226989746,9.659806251525879,9.239814758300781,9.659806251525879,8.00270938873291,1158639
2015-12-11,9.659806251525879,9.719804763793945,9.539809226989746,9.719804763793945,8.052414894104004,559281
2015-12-14,9.839802742004395,11.219775199890137,9.719804763793945,10.799783706665039,8.947128295898438,1295357
2015-12-15,10.619787216186523,10.619787216186523,10.13979721069336,10.319792747497559,8.549477577209473,1044093
2015-12-16,10.259794235229492,10.49979019165039,10.13979721069336,10.49979019165039,8.698596954345703,467009
2015-12-17,10.619787216186523,10.799783706665039,10.379792213439941,10.799783706665039,8.947128295898438,802939
2015-12-18,10.619787216186523,11.099778175354004,10.259794235229492,10.55978775024414,8.748302459716797,1322899
2015-12-21,10.55978775024414,10.67978572845459,10.439790725708008,10.49979019165039,8.698596954345703,919568
2015-12-22,10.619787216186523,10.979780197143555,10.619787216186523,10.799783706665039,8.947128295898438,299505
2015-12-23,10.55978775024414,11.039778709411621,10.55978775024414,11.039778709411621,9.145953178405762,478909
2015-12-24,11.039778709411621,11.039778709411621,10.799783706665039,10.979780197143555,9.096247673034668,221077
2015-12-28,11.039778709411621,11.159775733947754,10.859782218933105,10.979780197143555,9.096247673034668,385910
2015-12-29,10.979780197143555,11.159775733947754,10.919780731201172,11.099778175354004,9.195659637451172,233954
2015-12-30,10.979780197143555,11.039778709411621,10.67978572845459,10.859782218933105,8.996834754943848,541894
2015-12-31,10.919780731201172,11.099778175354004,10.859782218933105,11.039778709411621,9.145953178405762,147925
2016-01-04,10.919780731201172,11.039778709411621,10.739785194396973,10.859782218933105,8.996834754943848,152633
2016-01-05,11.039778709411621,11.81976318359375,10.739785194396973,11.759763717651367,9.74242877960205,972730
2016-01-06,11.879761695861816,11.879761695861816,11.399771690368652,11.81976318359375,9.792134284973145,457236
2016-01-07,11.639766693115234,11.81976318359375,11.339773178100586,11.759763717651367,9.74242877960205,479426
2016-01-08,11.9397611618042,12.179756164550781,11.639766693115234,11.999759674072266,9.941253662109375,661829
2016-01-11,11.9397611618042,12.179756164550781,11.639766693115234,11.879761695861816,9.841840744018555,711529
2016-01-12,11.999759674072266,12.179756164550781,11.639766693115234,11.879761695861816,9.841840744018555,1047179
2016-01-13,11.9397611618042,12.119756698608398,11.9397611618042,11.999759674072266,9.941253662109375,580498
2016-01-14,11.81976318359375,12.539749145507812,11.639766693115234,12.419751167297363,10.28919792175293,1047930
2016-01-15,12.539749145507812,12.539749145507812,12.059758186340332,12.119756698608398,10.040666580200195,668823
2016-01-18,11.9397611618042,12.29975414276123,11.699766159057617,12.119756698608398,10.040666580200195,699787
2016-01-19,11.999759674072266,12.419751167297363,11.999759674072266,12.419751167297363,10.28919792175293,618599
2016-01-20,12.239754676818848,12.419751167297363,11.039778709411621,11.039778709411621,9.145953178405762,913333
2016-01-21,11.219775199890137,11.519768714904785,11.039778709411621,11.279773712158203,9.344779014587402,687897
2016-01-22,11.339773178100586,11.81976318359375,11.219775199890137,11.519768714904785,9.54360294342041,454219
2016-01-25,11.699766159057617,11.699766159057617,11.339773178100586,11.399771690368652,9.444190979003906,159580
2016-01-26,11.219775199890137,11.459770202636719,11.159775733947754,11.339773178100586,9.394486427307129,100188
2016-01-27,11.339773178100586,11.339773178100586,10.55978775024414,10.67978572845459,8.847715377807617,513010
2016-01-28,10.799783706665039,11.159775733947754,10.55978775024414,10.67978572845459,8.847715377807617,390491
2016-01-29,10.619787216186523,10.919780731201172,10.55978775024414,10.67978572845459,8.847715377807617,673419
2016-02-01,10.619787216186523,11.039778709411621,10.619787216186523,10.799783706665039,8.947128295898438,244466
2016-02-02,10.799783706665039,10.799783706665039,10.259794235229492,10.319792747497559,8.549477577209473,298804
2016-02-03,10.079797744750977,10.739785194396973,10.079797744750977,10.619787216186523,8.798009872436523,247826
2016-02-04,11.099778175354004,11.099778175354004,10.13979721069336,10.319792747497559,8.549477577209473,656334
2016-02-05,10.49979019165039,10.859782218933105,10.13979721069336,10.67978572845459,8.847715377807617,435826
2016-02-11,10.259794235229492,10.979780197143555,10.199795722961426,10.859782218933105,8.996834754943848,623224
2016-02-12,10.919780731201172,12.839742660522461,10.739785194396973,11.81976318359375,9.792134284973145,2808820
2016-02-15,11.759763717651367,12.959739685058594,11.639766693115234,12.659746170043945,10.488022804260254,1710488
2016-02-16,12.719744682312012,12.839742660522461,12.059758186340332,12.659746170043945,10.488022804260254,405694
2016-02-17,12.599747657775879,14.399711608886719,12.47974967956543,13.379732131958008,11.084498405456543,1726916
2016-02-18,13.319732666015625,13.379732131958008,12.119756698608398,12.539749145507812,10.38861083984375,785726
2016-02-19,12.659746170043945,13.499730110168457,12.599747657775879,13.199735641479492,10.935379028320312,1019463
2016-02-22,12.779744148254395,12.899742126464844,12.539749145507812,12.659746170043945,10.488022804260254,818133
2016-02-23,12.719744682312012,12.959739685058594,12.47974967956543,12.719744682312012,10.537729263305664,653509
2016-02-24,12.899742126464844,13.679725646972656,12.899742126464844,13.379732131958008,11.084498405456543,966465
2016-02-25,13.499730110168457,13.499730110168457,13.019739151000977,13.379732131958008,11.084498405456543,434571
2016-02-26,13.499730110168457,13.679725646972656,13.259734153747559,13.439730644226074,11.134204864501953,358741
2016-02-29,13.439730644226074,13.679725646972656,13.079737663269043,13.199735641479492,10.935379028320312,370894
2016-03-01,13.199735641479492,13.679725646972656,13.079737663269043,13.679725646972656,11.333028793334961,524550
2016-03-02,13.559727668762207,13.559727668762207,12.659746170043945,12.779744148254395,10.587435722351074,1155553
2016-03-03,12.959739685058594,13.079737663269043,12.839742660522461,12.959739685058594,10.736553192138672,290975
2016-03-04,13.139737129211426,13.799723625183105,13.079737663269043,13.139737129211426,10.885672569274902,1254711
2016-03-07,13.319732666015625,13.319732666015625,12.719744682312012,12.899742126464844,10.686848640441895,1162350
2016-03-08,13.079737663269043,13.61972713470459,12.839742660522461,13.199735641479492,10.935379028320312,995125
2016-03-09,12.599747657775879,12.659746170043945,11.219775199890137,11.219775199890137,9.295072555541992,4725879
2016-03-10,11.219775199890137,11.519768714904785,11.219775199890137,11.399771690368652,9.444190979003906,1582302
2016-03-11,11.519768714904785,11.879761695861816,11.459770202636719,11.699766159057617,9.692723274230957,1125794
2016-03-14,11.459770202636719,11.459770202636719,10.13979721069336,10.13979721069336,8.400360107421875,6219861
2016-03-15,10.13979721069336,10.13979721069336,9.539809226989746,9.599807739257812,7.9530029296875,3440102
2016-03-16,9.599807739257812,9.599807739257812,9.539809226989746,9.599807739257812,7.9530029296875,1797985
2016-03-17,9.599807739257812,9.599807739257812,9.539809226989746,9.599807739257812,7.9530029296875,1777885
2016-03-18,10.01979923248291,10.01979923248291,8.399831771850586,9.179816246032715,7.605059623718262,48577226
2016-03-21,9.239814758300781,10.079797744750977,9.059818267822266,9.959799766540527,8.251239776611328,3098294
2016-03-22,9.959799766540527,9.959799766540527,9.419811248779297,9.899802207946777,8.201534271240234,1266895
2016-03-23,9.899802207946777,10.259794235229492,9.779804229736328,9.959799766540527,8.251239776611328,1179950
2016-03-24,9.959799766540527,9.959799766540527,9.419811248779297,9.659806251525879,8.00270938873291,1174505
2016-03-29,9.719804763793945,9.779804229736328,9.239814758300781,9.359811782836914,7.754176616668701,576290
2016-03-30,9.359811782836914,9.599807739257812,9.299814224243164,9.359811782836914,7.754176616668701,1827536
2016-03-31,9.359811782836914,9.419811248779297,9.179816246032715,9.239814758300781,7.6547651290893555,687540
2016-04-01,9.119816780090332,9.299814224243164,8.819823265075684,9.059818267822266,7.505646705627441,921034
2016-04-05,9.119816780090332,9.239814758300781,8.9998197555542,9.059818267822266,7.505646705627441,825599
2016-04-06,9.239814758300781,9.239814758300781,8.87982177734375,8.9998197555542,7.455939769744873,962535
2016-04-07,8.87982177734375,9.179816246032715,8.399831771850586,8.87982177734375,7.356527805328369,1712534
2016-04-08,8.9998197555542,9.059818267822266,8.639826774597168,8.7598237991333,7.257114410400391,824480
2016-04-11,8.87982177734375,8.87982177734375,8.639826774597168,8.639826774597168,7.1577019691467285,1201964
2016-04-12,8.7598237991333,8.9998197555542,8.579828262329102,8.87982177734375,7.356527805328369,2062240
2016-04-13,9.059818267822266,9.239814758300781,8.939821243286133,9.119816780090332,7.555352687835693,1147536
2016-04-14,9.299814224243164,9.299814224243164,8.9998197555542,9.239814758300781,7.6547651290893555,917025
2016-04-15,9.119816780090332,9.719804763793945,9.059818267822266,9.659806251525879,8.00270938873291,922037
2016-04-18,9.599807739257812,9.959799766540527,9.419811248779297,9.959799766540527,8.251239776611328,895353
2016-04-19,9.959799766540527,10.13979721069336,9.779804229736328,10.079797744750977,8.350653648376465,729714
2016-04-20,10.079797744750977,10.13979721069336,9.779804229736328,9.839802742004395,8.15182876586914,593851
2016-04-21,9.899802207946777,10.079797744750977,9.719804763793945,10.01979923248291,8.300947189331055,741864
2016-04-22,9.899802207946777,10.079797744750977,9.719804763793945,9.899802207946777,8.201534271240234,475559
2016-04-25,9.959799766540527,9.959799766540527,9.719804763793945,9.839802742004395,8.15182876586914,277855
2016-04-26,9.839802742004395,10.13979721069336,9.539809226989746,10.079797744750977,8.350653648376465,896227
2016-04-27,10.01979923248291,10.49979019165039,9.959799766540527,10.439790725708008,8.64889144897461,1455522
2016-04-28,10.49979019165039,10.919780731201172,10.439790725708008,10.859782218933105,8.996834754943848,1197866
2016-04-29,10.979780197143555,10.979780197143555,10.55978775024414,10.67978572845459,8.847715377807617,726741
2016-05-03,10.619787216186523,10.919780731201172,10.319792747497559,10.799783706665039,8.947128295898438,686889
2016-05-04,10.619787216186523,10.859782218933105,10.619787216186523,10.67978572845459,8.847715377807617,765234
2016-05-05,10.619787216186523,10.799783706665039,10.55978775024414,10.67978572845459,8.847715377807617,291605
2016-05-06,10.619787216186523,10.619787216186523,10.13979721069336,10.199795722961426,8.450065612792969,526133
2016-05-09,10.199795722961426,10.439790725708008,9.779804229736328,9.839802742004395,8.15182876586914,466758
2016-05-10,9.839802742004395,10.079797744750977,9.419811248779297,9.539809226989746,7.9032979011535645,739094
2016-05-11,9.779804229736328,9.839802742004395,9.359811782836914,9.719804763793945,8.052414894104004,414808
2016-05-12,9.719804763793945,9.839802742004395,9.599807739257812,9.599807739257812,7.9530029296875,173736
2016-05-13,9.599807739257812,9.719804763793945,9.419811248779297,9.539809226989746,7.9032979011535645,438883
2016-05-16,9.599807739257812,9.839802742004395,9.539809226989746,9.599807739257812,7.9530029296875,89415
2016-05-17,9.659806251525879,9.779804229736328,9.479809761047363,9.539809226989746,7.9032979011535645,194193
2016-05-18,9.479809761047363,9.539809226989746,9.239814758300781,9.359811782836914,7.754176616668701,617735
2016-05-19,9.299814224243164,9.359811782836914,9.179816246032715,9.239814758300781,7.6547651290893555,531065
2016-05-20,9.179816246032715,9.419811248779297,9.179816246032715,9.239814758300781,7.6547651290893555,276501
2016-05-23,9.239814758300781,9.359811782836914,9.059818267822266,9.179816246032715,7.605059623718262,344860
2016-05-24,9.179816246032715,9.299814224243164,8.9998197555542,9.119816780090332,7.555352687835693,418133
2016-05-25,9.179816246032715,9.359811782836914,9.059818267822266,9.179816246032715,7.605059623718262,348412
2016-05-26,9.179816246032715,9.479809761047363,9.119816780090332,9.359811782836914,7.754176616668701,249780
2016-05-27,9.299814224243164,9.359811782836914,9.239814758300781,9.299814224243164,7.704471111297607,150926
2016-05-30,9.299814224243164,9.419811248779297,9.239814758300781,9.299814224243164,7.704471111297607,190676
2016-05-31,9.299814224243164,9.479809761047363,9.239814758300781,9.359811782836914,7.754176616668701,389669
2016-06-01,9.239814758300781,9.359811782836914,9.179816246032715,9.239814758300781,7.6547651290893555,260104
2016-06-02,9.239814758300781,9.479809761047363,9.239814758300781,9.299814224243164,7.704471111297607,349962
2016-06-03,9.359811782836914,9.539809226989746,9.359811782836914,9.479809761047363,7.853590488433838,669859
2016-06-06,9.419811248779297,9.959799766540527,9.359811782836914,9.719804763793945,8.052414894104004,785025
2016-06-07,9.839802742004395,10.01979923248291,9.839802742004395,9.899802207946777,8.201534271240234,581600
2016-06-08,9.899802207946777,9.899802207946777,9.659806251525879,9.719804763793945,8.052414894104004,579074
2016-06-10,9.599807739257812,9.839802742004395,9.599807739257812,9.659806251525879,8.00270938873291,109652
2016-06-13,9.659806251525879,9.719804763793945,9.299814224243164,9.299814224243164,7.704471111297607,237654
2016-06-14,9.119816780090332,9.239814758300781,8.9998197555542,9.059818267822266,7.724936008453369,223249
2016-06-15,9.119816780090332,9.119816780090332,8.819823265075684,8.939821243286133,7.622618675231934,624712
2016-06-16,8.9998197555542,9.059818267822266,8.579828262329102,8.579828262329102,7.315667152404785,853823
2016-06-17,8.69982624053955,8.819823265075684,7.799843788146973,8.21983528137207,7.008716583251953,664715
2016-06-20,8.33983325958252,8.579828262329102,8.159835815429688,8.459830284118652,7.213350296020508,351081
2016-06-21,8.459830284118652,8.459830284118652,8.279833793640137,8.33983325958252,7.1110334396362305,289336
2016-06-22,8.399831771850586,8.519828796386719,8.279833793640137,8.459830284118652,7.213350296020508,224054
2016-06-23,8.519828796386719,8.69982624053955,8.399831771850586,8.639826774597168,7.366825580596924,72054
2016-06-24,8.399831771850586,8.459830284118652,8.21983528137207,8.33983325958252,7.1110334396362305,253105
2016-06-27,8.459830284118652,8.819823265075684,8.459830284118652,8.639826774597168,7.366825580596924,440998
2016-06-28,8.639826774597168,8.819823265075684,8.519828796386719,8.7598237991333,7.469142436981201,257146
2016-06-29,8.69982624053955,8.87982177734375,8.579828262329102,8.69982624053955,7.417984962463379,120952
2016-06-30,8.7598237991333,8.9998197555542,8.69982624053955,8.87982177734375,7.5714592933654785,217404
2016-07-04,8.939821243286133,8.9998197555542,8.639826774597168,8.87982177734375,7.5714592933654785,201592
2016-07-05,8.87982177734375,9.359811782836914,8.7598237991333,8.939821243286133,7.622618675231934,259102
2016-07-06,8.87982177734375,9.059818267822266,8.69982624053955,8.939821243286133,7.622618675231934,246081
2016-07-07,9.059818267822266,9.179816246032715,8.939821243286133,8.939821243286133,7.622618675231934,304089
2016-07-08,8.87982177734375,8.9998197555542,8.87982177734375,8.939821243286133,7.622618675231934,656958
2016-07-11,8.939821243286133,8.9998197555542,8.819823265075684,8.819823265075684,7.520301342010498,217655
2016-07-12,8.7598237991333,8.939821243286133,8.519828796386719,8.639826774597168,7.366825580596924,552494
2016-07-13,8.579828262329102,8.579828262329102,8.399831771850586,8.459830284118652,7.213350296020508,409048
2016-07-14,8.579828262329102,8.7598237991333,8.519828796386719,8.7598237991333,7.469142436981201,273255
2016-07-15,8.639826774597168,8.7598237991333,8.459830284118652,8.459830284118652,7.213350296020508,289179
2016-07-18,8.459830284118652,8.69982624053955,8.399831771850586,8.579828262329102,7.315667152404785,372357
2016-07-19,8.399831771850586,8.639826774597168,8.33983325958252,8.399831771850586,7.162191867828369,371141
2016-07-20,8.459830284118652,8.519828796386719,8.279833793640137,8.33983325958252,7.1110334396362305,194053
2016-07-21,8.33983325958252,8.459830284118652,8.159835815429688,8.21983528137207,7.008716583251953,237145
2016-07-22,8.21983528137207,8.279833793640137,8.099838256835938,8.21983528137207,7.008716583251953,428545
2016-07-25,8.159835815429688,8.33983325958252,8.159835815429688,8.279833793640137,7.059874534606934,86275
2016-07-26,8.279833793640137,8.399831771850586,8.21983528137207,8.33983325958252,7.1110334396362305,129386
2016-07-27,8.279833793640137,8.33983325958252,8.21983528137207,8.33983325958252,7.1110334396362305,101272
2016-07-28,8.33983325958252,8.519828796386719,8.279833793640137,8.33983325958252,7.1110334396362305,291347
2016-07-29,8.33983325958252,8.399831771850586,8.159835815429688,8.159835815429688,6.95755672454834,261564
2016-08-01,8.21983528137207,8.279833793640137,8.099838256835938,8.159835815429688,6.95755672454834,106037
2016-08-02,8.159835815429688,8.159835815429688,8.159835815429688,8.159835815429688,6.95755672454834,0
2016-08-03,8.279833793640137,8.279833793640137,8.159835815429688,8.21983528137207,7.008716583251953,430769
2016-08-04,8.279833793640137,8.279833793640137,8.159835815429688,8.159835815429688,6.95755672454834,170803
2016-08-05,8.159835815429688,8.279833793640137,8.039838790893555,8.21983528137207,7.008716583251953,189633
2016-08-08,8.21983528137207,8.279833793640137,8.099838256835938,8.099838256835938,6.906399250030518,146772
2016-08-09,8.159835815429688,8.279833793640137,8.099838256835938,8.159835815429688,6.95755672454834,250944
2016-08-10,8.159835815429688,8.159835815429688,8.039838790893555,8.039838790893555,6.855240821838379,137170
2016-08-11,8.159835815429688,8.159835815429688,8.039838790893555,8.039838790893555,6.855240821838379,249428
2016-08-12,8.099838256835938,8.21983528137207,8.039838790893555,8.099838256835938,6.906399250030518,147064
2016-08-15,8.099838256835938,8.21983528137207,8.099838256835938,8.099838256835938,6.906399250030518,220404
2016-08-16,8.099838256835938,8.159835815429688,7.97983980178833,7.97983980178833,6.804081439971924,411008
2016-08-17,8.87982177734375,8.9998197555542,8.459830284118652,8.579828262329102,7.315667152404785,2930869
2016-08-18,8.579828262329102,8.819823265075684,8.459830284118652,8.519828796386719,7.264508247375488,569761
2016-08-19,8.459830284118652,8.519828796386719,8.279833793640137,8.33983325958252,7.1110334396362305,196570
2016-08-22,8.399831771850586,8.459830284118652,8.279833793640137,8.33983325958252,7.1110334396362305,95433
2016-08-23,8.399831771850586,8.459830284118652,8.279833793640137,8.399831771850586,7.162191867828369,207551
2016-08-24,8.399831771850586,8.459830284118652,8.279833793640137,8.279833793640137,7.059874534606934,268455
2016-08-25,8.279833793640137,8.399831771850586,8.099838256835938,8.21983528137207,7.008716583251953,216338
2016-08-26,8.33983325958252,8.399831771850586,8.279833793640137,8.279833793640137,7.059874534606934,265285
2016-08-29,8.33983325958252,8.399831771850586,8.21983528137207,8.21983528137207,7.008716583251953,317486
2016-08-30,8.21983528137207,8.33983325958252,8.21983528137207,8.279833793640137,7.059874534606934,172853
2016-08-31,8.279833793640137,8.819823265075684,8.21983528137207,8.519828796386719,7.264508247375488,2029653
2016-09-01,8.459830284118652,8.459830284118652,8.099838256835938,8.099838256835938,6.906399250030518,954427
2016-09-02,8.159835815429688,8.279833793640137,8.039838790893555,8.099838256835938,6.906399250030518,663720
2016-09-05,8.159835815429688,8.33983325958252,8.099838256835938,8.279833793640137,7.059874534606934,263965
2016-09-06,8.33983325958252,8.399831771850586,8.159835815429688,8.21983528137207,7.008716583251953,269995
2016-09-07,8.279833793640137,8.33983325958252,8.159835815429688,8.21983528137207,7.008716583251953,346124
2016-09-08,8.21983528137207,8.33983325958252,8.159835815429688,8.279833793640137,7.059874534606934,516007
2016-09-09,8.279833793640137,8.279833793640137,8.099838256835938,8.21983528137207,7.008716583251953,659050
2016-09-12,8.159835815429688,8.159835815429688,7.9198408126831055,7.97983980178833,6.804081439971924,806366
2016-09-13,7.97983980178833,8.099838256835938,7.9198408126831055,8.039838790893555,6.855240821838379,426499
2016-09-14,8.039838790893555,8.039838790893555,7.9198408126831055,8.039838790893555,6.855240821838379,449467
2016-09-15,8.039838790893555,8.099838256835938,7.9198408126831055,7.9198408126831055,6.752923488616943,419063
2016-09-19,7.9198408126831055,8.039838790893555,7.9198408126831055,7.97983980178833,6.804081439971924,153498
2016-09-20,7.97983980178833,8.039838790893555,7.97983980178833,7.97983980178833,6.804081439971924,152803
2016-09-21,8.039838790893555,8.519828796386719,8.039838790893555,8.519828796386719,7.264508247375488,1429292
2016-09-22,8.579828262329102,8.819823265075684,8.579828262329102,8.69982624053955,7.417984962463379,1046356
2016-09-23,8.579828262329102,8.819823265075684,8.459830284118652,8.7598237991333,7.469142436981201,359357
2016-09-26,8.69982624053955,8.819823265075684,8.519828796386719,8.69982624053955,7.417984962463379,561458
2016-09-27,8.519828796386719,8.819823265075684,8.519828796386719,8.69982624053955,7.417984962463379,397048
2016-09-28,8.639826774597168,8.7598237991333,8.639826774597168,8.69982624053955,7.417984962463379,394977
2016-09-29,8.819823265075684,8.819823265075684,8.579828262329102,8.7598237991333,7.469142436981201,345699
2016-09-30,8.69982624053955,8.69982624053955,8.33983325958252,8.579828262329102,7.315667152404785,581011
2016-10-03,8.639826774597168,8.639826774597168,8.459830284118652,8.459830284118652,7.213350296020508,255795
2016-10-04,8.519828796386719,8.639826774597168,8.459830284118652,8.579828262329102,7.315667152404785,151226
2016-10-05,8.579828262329102,8.639826774597168,8.399831771850586,8.579828262329102,7.315667152404785,301057
2016-10-06,8.639826774597168,8.639826774597168,8.33983325958252,8.579828262329102,7.315667152404785,371390
2016-10-07,8.579828262329102,8.579828262329102,8.399831771850586,8.519828796386719,7.264508247375488,128505
2016-10-11,8.519828796386719,8.579828262329102,8.399831771850586,8.579828262329102,7.315667152404785,186859
2016-10-12,8.579828262329102,8.579828262329102,8.399831771850586,8.459830284118652,7.213350296020508,119369
2016-10-13,8.519828796386719,8.519828796386719,8.099838256835938,8.21983528137207,7.008716583251953,528510
2016-10-14,8.279833793640137,8.279833793640137,8.159835815429688,8.21983528137207,7.008716583251953,179507
2016-10-17,8.21983528137207,8.21983528137207,7.97983980178833,8.099838256835938,6.906399250030518,215342
2016-10-18,8.159835815429688,8.21983528137207,8.099838256835938,8.159835815429688,6.95755672454834,270711
2016-10-19,8.21983528137207,8.21983528137207,7.97983980178833,7.97983980178833,6.804081439971924,263068
2016-10-20,8.039838790893555,8.159835815429688,7.9198408126831055,8.099838256835938,6.906399250030518,474194
2016-10-21,8.099838256835938,8.099838256835938,8.099838256835938,8.099838256835938,6.906399250030518,0
2016-10-24,8.099838256835938,8.7598237991333,8.039838790893555,8.639826774597168,7.366825580596924,742639
2016-10-25,8.459830284118652,8.69982624053955,8.459830284118652,8.579828262329102,7.315667152404785,417515
2016-10-26,8.519828796386719,8.579828262329102,8.399831771850586,8.399831771850586,7.162191867828369,189003
2016-10-27,8.33983325958252,8.399831771850586,8.159835815429688,8.399831771850586,7.162191867828369,293331
2016-10-28,8.459830284118652,8.459830284118652,8.21983528137207,8.21983528137207,7.008716583251953,123322
2016-10-31,8.159835815429688,8.279833793640137,8.159835815429688,8.159835815429688,6.95755672454834,168332
2016-11-01,8.099838256835938,8.279833793640137,8.099838256835938,8.21983528137207,7.008716583251953,90561
2016-11-02,8.099838256835938,8.279833793640137,8.099838256835938,8.21983528137207,7.008716583251953,111062
2016-11-03,8.21983528137207,8.33983325958252,8.159835815429688,8.33983325958252,7.1110334396362305,106452
2016-11-04,8.33983325958252,8.33983325958252,8.159835815429688,8.21983528137207,7.008716583251953,158403
2016-11-07,8.159835815429688,8.279833793640137,8.099838256835938,8.279833793640137,7.059874534606934,100052
2016-11-08,8.279833793640137,8.33983325958252,8.159835815429688,8.279833793640137,7.059874534606934,186203
2016-11-09,8.279833793640137,8.33983325958252,8.099838256835938,8.21983528137207,7.008716583251953,460759
2016-11-10,8.21983528137207,8.819823265075684,8.21983528137207,8.7598237991333,7.469142436981201,1281372
2016-11-11,8.69982624053955,8.939821243286133,8.279833793640137,8.639826774597168,7.366825580596924,1654333
2016-11-14,8.519828796386719,10.439790725708008,8.399831771850586,10.01979923248291,8.543471336364746,7376427
2016-11-15,10.199795722961426,10.799783706665039,9.659806251525879,10.01979923248291,8.543471336364746,4052342
2016-11-16,9.899802207946777,11.039778709411621,9.779804229736328,10.799783706665039,9.208531379699707,2627811
2016-11-17,10.859782218933105,11.459770202636719,10.439790725708008,10.55978775024414,9.003897666931152,3224244
2016-11-18,10.619787216186523,10.799783706665039,9.659806251525879,10.319792747497559,8.799263954162598,2225215
2016-11-21,10.199795722961426,10.619787216186523,10.079797744750977,10.199795722961426,8.69694709777832,664565
2016-11-22,10.079797744750977,10.259794235229492,9.899802207946777,10.01979923248291,8.543471336364746,638142
2016-11-23,10.079797744750977,10.49979019165039,9.899802207946777,10.199795722961426,8.69694709777832,537196
2016-11-24,10.199795722961426,10.199795722961426,9.719804763793945,9.839802742004395,8.389996528625488,603452
2016-11-25,9.899802207946777,10.01979923248291,9.719804763793945,9.779804229736328,8.338838577270508,546210
2016-11-28,9.779804229736328,9.899802207946777,9.599807739257812,9.779804229736328,8.338838577270508,478686
2016-11-29,9.779804229736328,9.779804229736328,9.299814224243164,9.479809761047363,8.08304500579834,794187
2016-11-30,9.479809761047363,9.959799766540527,8.69982624053955,8.819823265075684,7.520301342010498,3285677
2016-12-01,9.119816780090332,9.119816780090332,8.87982177734375,8.939821243286133,7.622618675231934,1179743
2016-12-02,9.059818267822266,9.059818267822266,8.519828796386719,8.639826774597168,7.366825580596924,540109
2016-12-05,8.69982624053955,8.819823265075684,8.519828796386719,8.579828262329102,7.315667152404785,519110
2016-12-06,8.579828262329102,8.939821243286133,8.579828262329102,8.69982624053955,7.417984962463379,457960
2016-12-07,8.69982624053955,8.819823265075684,8.579828262329102,8.639826774597168,7.366825580596924,320040
2016-12-08,8.639826774597168,9.119816780090332,8.639826774597168,8.639826774597168,7.366825580596924,10312985
2016-12-09,8.69982624053955,9.239814758300781,8.69982624053955,9.059818267822266,7.724936008453369,2682001
2016-12-12,9.119816780090332,9.239814758300781,8.7598237991333,8.7598237991333,7.469142436981201,684055
2016-12-13,8.69982624053955,8.87982177734375,8.69982624053955,8.819823265075684,7.520301342010498,333740
2016-12-14,8.819823265075684,8.939821243286133,8.69982624053955,8.69982624053955,7.417984962463379,334407
2016-12-15,8.639826774597168,8.819823265075684,8.459830284118652,8.639826774597168,7.366825580596924,754665
2016-12-16,8.579828262329102,8.69982624053955,8.399831771850586,8.399831771850586,7.162191867828369,518526
2016-12-19,8.399831771850586,8.459830284118652,8.159835815429688,8.279833793640137,7.059874534606934,471320
2016-12-20,8.33983325958252,8.399831771850586,8.039838790893555,8.099838256835938,6.906399250030518,742364
2016-12-21,8.099838256835938,8.33983325958252,8.099838256835938,8.099838256835938,6.906399250030518,654365
2016-12-22,8.159835815429688,8.159835815429688,7.739844799041748,8.039838790893555,6.855240821838379,578861
2016-12-23,7.9198408126831055,8.159835815429688,7.859841823577881,8.099838256835938,6.906399250030518,261019
2016-12-28,8.099838256835938,8.21983528137207,7.97983980178833,8.159835815429688,6.95755672454834,225751
2016-12-29,8.099838256835938,8.33983325958252,8.099838256835938,8.279833793640137,7.059874534606934,131336
2016-12-30,8.279833793640137,8.579828262329102,8.21983528137207,8.519828796386719,7.264508247375488,762712
2017-01-03,8.579828262329102,8.579828262329102,8.21983528137207,8.279833793640137,7.059874534606934,203343
2017-01-04,8.399831771850586,8.69982624053955,8.399831771850586,8.69982624053955,7.417984962463379,533583
2017-01-05,8.819823265075684,8.819823265075684,8.519828796386719,8.639826774597168,7.366825580596924,362052
2017-01-06,8.639826774597168,8.819823265075684,8.399831771850586,8.579828262329102,7.315667152404785,404115
2017-01-09,8.579828262329102,8.579828262329102,8.33983325958252,8.33983325958252,7.1110334396362305,269355
2017-01-10,8.33983325958252,8.399831771850586,8.33983325958252,8.399831771850586,7.162191867828369,157133
2017-01-11,8.399831771850586,8.399831771850586,8.279833793640137,8.33983325958252,7.1110334396362305,230301
2017-01-12,8.33983325958252,8.33983325958252,8.039838790893555,8.159835815429688,6.95755672454834,581244
2017-01-13,8.099838256835938,8.159835815429688,8.039838790893555,8.159835815429688,6.95755672454834,489043
2017-01-16,8.099838256835938,8.159835815429688,8.039838790893555,8.039838790893555,6.855240821838379,324526
2017-01-17,8.099838256835938,8.21983528137207,8.099838256835938,8.159835815429688,6.95755672454834,267722
2017-01-18,8.099838256835938,8.279833793640137,8.039838790893555,8.21983528137207,7.008716583251953,813994
2017-01-19,8.279833793640137,8.33983325958252,8.159835815429688,8.279833793640137,7.059874534606934,318156
2017-01-20,8.21983528137207,8.279833793640137,8.159835815429688,8.279833793640137,7.059874534606934,185305
2017-01-23,8.21983528137207,8.279833793640137,8.099838256835938,8.21983528137207,7.008716583251953,340156
2017-01-24,8.279833793640137,8.279833793640137,8.21983528137207,8.279833793640137,7.059874534606934,199618
2017-01-25,8.279833793640137,8.279833793640137,8.159835815429688,8.279833793640137,7.059874534606934,152686
2017-01-26,8.279833793640137,8.279833793640137,8.159835815429688,8.159835815429688,6.95755672454834,235955
2017-01-27,8.21983528137207,8.279833793640137,8.159835815429688,8.279833793640137,7.059874534606934,100351
2017-02-01,8.21983528137207,8.279833793640137,8.039838790893555,8.21983528137207,7.008716583251953,211883
2017-02-02,8.279833793640137,8.279833793640137,8.099838256835938,8.159835815429688,6.95755672454834,175922
2017-02-03,8.21983528137207,8.279833793640137,8.159835815429688,8.21983528137207,7.008716583251953,312152
2017-02-06,8.21983528137207,8.69982624053955,8.21983528137207,8.69982624053955,7.417984962463379,1009067
2017-02-07,8.69982624053955,8.69982624053955,8.459830284118652,8.579828262329102,7.315667152404785,402208
2017-02-08,8.519828796386719,8.939821243286133,8.459830284118652,8.939821243286133,7.622618675231934,1009389
2017-02-09,9.119816780090332,9.299814224243164,8.87982177734375,8.87982177734375,7.5714592933654785,1209607
2017-02-10,8.819823265075684,8.9998197555542,8.7598237991333,8.87982177734375,7.5714592933654785,350969
2017-02-13,9.119816780090332,9.419811248779297,8.9998197555542,9.059818267822266,7.724936008453369,2141040
2017-02-14,9.059818267822266,9.119816780090332,8.87982177734375,8.939821243286133,7.622618675231934,636262
2017-02-15,8.9998197555542,8.9998197555542,8.69982624053955,8.87982177734375,7.5714592933654785,710947
2017-02-16,8.87982177734375,8.939821243286133,8.579828262329102,8.579828262329102,7.315667152404785,521234
2017-02-17,8.579828262329102,8.7598237991333,8.459830284118652,8.519828796386719,7.264508247375488,516853
2017-02-20,8.579828262329102,8.87982177734375,8.579828262329102,8.639826774597168,7.366825580596924,432092
2017-02-21,8.639826774597168,8.69982624053955,8.519828796386719,8.519828796386719,7.264508247375488,309906
2017-02-22,8.519828796386719,8.639826774597168,8.459830284118652,8.579828262329102,7.315667152404785,221387
2017-02-23,8.579828262329102,8.69982624053955,8.519828796386719,8.579828262329102,7.315667152404785,201804
2017-02-24,8.519828796386719,8.639826774597168,8.459830284118652,8.519828796386719,7.264508247375488,163430
2017-02-27,8.519828796386719,8.9998197555542,8.399831771850586,8.69982624053955,7.417984962463379,464123
2017-02-28,8.69982624053955,8.7598237991333,8.579828262329102,8.639826774597168,7.366825580596924,180203
2017-03-01,8.639826774597168,8.639826774597168,8.519828796386719,8.519828796386719,7.264508247375488,174548
2017-03-02,8.639826774597168,8.7598237991333,8.459830284118652,8.639826774597168,7.366825580596924,321170
2017-03-03,8.69982624053955,8.69982624053955,8.459830284118652,8.519828796386719,7.264508247375488,234008
2017-03-06,8.579828262329102,8.639826774597168,8.459830284118652,8.519828796386719,7.264508247375488,190993
2017-03-07,8.519828796386719,8.639826774597168,8.399831771850586,8.519828796386719,7.264508247375488,279430
2017-03-08,8.519828796386719,8.519828796386719,8.279833793640137,8.459830284118652,7.213350296020508,402122
2017-03-09,8.33983325958252,8.399831771850586,8.279833793640137,8.279833793640137,7.059874534606934,328964
2017-03-10,8.279833793640137,8.399831771850586,8.099838256835938,8.21983528137207,7.008716583251953,596096
2017-03-13,8.21983528137207,8.579828262329102,8.21983528137207,8.459830284118652,7.213350296020508,560672
2017-03-14,8.519828796386719,8.639826774597168,8.399831771850586,8.519828796386719,7.264508247375488,428796
2017-03-15,8.519828796386719,8.519828796386719,8.33983325958252,8.33983325958252,7.1110334396362305,259721
2017-03-16,8.399831771850586,8.519828796386719,8.399831771850586,8.459830284118652,7.213350296020508,187667
2017-03-17,8.579828262329102,8.7598237991333,8.459830284118652,8.579828262329102,7.315667152404785,637482
2017-03-20,8.639826774597168,8.639826774597168,8.399831771850586,8.519828796386719,7.264508247375488,267123
2017-03-21,8.519828796386719,8.519828796386719,8.399831771850586,8.459830284118652,7.213350296020508,240302
2017-03-22,8.459830284118652,8.519828796386719,8.399831771850586,8.519828796386719,7.264508247375488,337713
2017-03-23,8.579828262329102,8.7598237991333,8.459830284118652,8.639826774597168,7.366825580596924,1015150
2017-03-24,8.639826774597168,8.639826774597168,8.519828796386719,8.579828262329102,7.315667152404785,103318
2017-03-27,8.69982624053955,9.119816780090332,8.69982624053955,8.87982177734375,7.5714592933654785,2164859
2017-03-28,9.119816780090332,9.119816780090332,8.7598237991333,8.7598237991333,7.469142436981201,1872487
2017-03-29,8.87982177734375,8.87982177734375,8.69982624053955,8.819823265075684,7.520301342010498,494659
2017-03-30,8.87982177734375,8.87982177734375,8.69982624053955,8.7598237991333,7.469142436981201,472399
2017-03-31,8.7598237991333,8.819823265075684,8.69982624053955,8.819823265075684,7.520301342010498,344659
2017-04-03,8.579828262329102,8.579828262329102,8.099838256835938,8.33983325958252,7.1110334396362305,980530
2017-04-05,8.159835815429688,8.33983325958252,8.159835815429688,8.279833793640137,7.059874534606934,570008
2017-04-06,8.279833793640137,8.399831771850586,8.099838256835938,8.279833793640137,7.059874534606934,389107
2017-04-07,8.33983325958252,8.33983325958252,7.97983980178833,8.159835815429688,6.95755672454834,909819
2017-04-10,8.099838256835938,8.159835815429688,8.039838790893555,8.159835815429688,6.95755672454834,459209
2017-04-11,8.159835815429688,8.159835815429688,7.97983980178833,8.099838256835938,6.906399250030518,407674
2017-04-12,8.039838790893555,8.099838256835938,7.9198408126831055,8.039838790893555,6.855240821838379,585696
2017-04-13,8.039838790893555,8.039838790893555,7.9198408126831055,8.039838790893555,6.855240821838379,440258
2017-04-18,7.97983980178833,7.97983980178833,7.9198408126831055,7.9198408126831055,6.752923488616943,198053
2017-04-19,7.859841823577881,7.9198408126831055,7.859841823577881,7.9198408126831055,6.752923488616943,156671
2017-04-20,7.9198408126831055,7.97983980178833,7.799843788146973,7.859841823577881,6.7017645835876465,287987
2017-04-21,7.859841823577881,7.97983980178833,7.859841823577881,7.859841823577881,6.7017645835876465,123488
2017-04-24,7.9198408126831055,8.099838256835938,7.799843788146973,8.039838790893555,6.855240821838379,488260
2017-04-25,8.099838256835938,8.399831771850586,8.039838790893555,8.399831771850586,7.162191867828369,963789
2017-04-26,9.419811248779297,9.419811248779297,8.399831771850586,8.399831771850586,7.162191867828369,5538650
2017-04-27,8.399831771850586,8.399831771850586,8.099838256835938,8.21983528137207,7.008716583251953,844016
2017-04-28,8.279833793640137,8.279833793640137,8.099838256835938,8.21983528137207,7.008716583251953,407464
2017-05-02,8.279833793640137,8.279833793640137,8.099838256835938,8.21983528137207,7.008716583251953,296625
2017-05-04,8.159835815429688,8.159835815429688,7.97983980178833,8.159835815429688,6.95755672454834,400578
2017-05-05,8.099838256835938,8.099838256835938,7.9198408126831055,7.97983980178833,6.804081439971924,291389
2017-05-08,7.97983980178833,8.039838790893555,7.859841823577881,8.039838790893555,6.855240821838379,185610
2017-05-09,7.97983980178833,8.039838790893555,7.859841823577881,7.97983980178833,6.804081439971924,414435
2017-05-10,7.9198408126831055,7.97983980178833,7.859841823577881,7.859841823577881,6.7017645835876465,304572
2017-05-11,7.859841823577881,8.21983528137207,7.859841823577881,8.099838256835938,6.906399250030518,479690
2017-05-12,8.099838256835938,8.099838256835938,7.859841823577881,7.97983980178833,6.804081439971924,301986
2017-05-15,7.9198408126831055,8.099838256835938,7.859841823577881,7.9198408126831055,6.752923488616943,181153
2017-05-16,7.9198408126831055,8.039838790893555,7.9198408126831055,8.039838790893555,6.855240821838379,400913
2017-05-17,8.099838256835938,8.33983325958252,8.039838790893555,8.279833793640137,7.059874534606934,1550041
2017-05-18,8.21983528137207,8.21983528137207,8.039838790893555,8.099838256835938,6.906399250030518,351107
2017-05-19,8.099838256835938,8.159835815429688,7.9198408126831055,8.039838790893555,6.855240821838379,372340
2017-05-22,7.97983980178833,8.099838256835938,7.97983980178833,8.039838790893555,6.855240821838379,421658
2017-05-23,8.039838790893555,8.099838256835938,7.9198408126831055,8.039838790893555,6.855240821838379,243057
2017-05-24,7.97983980178833,8.039838790893555,7.9198408126831055,8.039838790893555,6.855240821838379,91756
2017-05-25,7.97983980178833,8.039838790893555,7.9198408126831055,8.039838790893555,6.855240821838379,113477
2017-05-26,8.039838790893555,8.039838790893555,7.9198408126831055,8.039838790893555,6.855240821838379,193312
2017-05-29,7.97983980178833,8.039838790893555,7.9198408126831055,8.039838790893555,6.855240821838379,111198
2017-05-31,7.97983980178833,8.039838790893555,7.859841823577881,7.859841823577881,6.7017645835876465,433445
2017-06-01,7.9198408126831055,7.97983980178833,7.799843788146973,7.97983980178833,6.804081439971924,268022
2017-06-02,7.9198408126831055,7.97983980178833,7.859841823577881,7.859841823577881,6.7017645835876465,364136
2017-06-05,7.859841823577881,7.9198408126831055,7.739844799041748,7.9198408126831055,6.752923488616943,350407
2017-06-06,7.9198408126831055,8.039838790893555,7.739844799041748,7.799843788146973,6.650606632232666,1331897
2017-06-07,7.799843788146973,7.9198408126831055,7.739844799041748,7.859841823577881,6.7017645835876465,1363302
2017-06-08,7.859841823577881,7.97983980178833,7.859841823577881,7.9198408126831055,6.752923488616943,219254
2017-06-09,7.859841823577881,7.9198408126831055,7.739844799041748,7.799843788146973,6.650606632232666,339173
2017-06-12,7.739844799041748,7.859841823577881,7.739844799041748,7.799843788146973,6.650606632232666,286189
2017-06-13,7.799843788146973,7.799843788146973,7.679845809936523,7.679845809936523,6.5482892990112305,426698
2017-06-14,7.679845809936523,7.739844799041748,7.379851818084717,7.499849796295166,6.394814491271973,608384
2017-06-15,7.499849796295166,7.499849796295166,7.199855804443359,7.439850807189941,6.343655109405518,617152
2017-06-16,7.439850807189941,7.439850807189941,6.719864845275879,6.839862823486328,5.832070350646973,688153
2017-06-19,6.7798638343811035,7.319852828979492,6.719864845275879,7.139856815338135,6.087862968444824,847461
2017-06-20,7.07985782623291,7.07985782623291,6.899861812591553,7.0198588371276855,5.985545635223389,177497
2017-06-21,7.07985782623291,7.07985782623291,6.959859848022461,7.07985782623291,6.0367045402526855,151104
2017-06-22,7.0198588371276855,7.07985782623291,6.959859848022461,7.0198588371276855,5.985545635223389,66517
2017-06-23,7.0198588371276855,7.07985782623291,6.7798638343811035,7.0198588371276855,5.985545635223389,163453
2017-06-26,7.0198588371276855,7.0198588371276855,6.839862823486328,6.959859848022461,5.93438720703125,50812
2017-06-27,6.959859848022461,7.0198588371276855,6.719864845275879,6.839862823486328,5.832070350646973,353303
2017-06-28,6.7798638343811035,6.839862823486328,6.479869842529297,6.719864845275879,5.729753017425537,731695
2017-06-29,6.659865856170654,6.899861812591553,6.659865856170654,6.839862823486328,5.832070350646973,412579
2017-06-30,6.719864845275879,6.839862823486328,6.599867820739746,6.839862823486328,5.832070350646973,358709
2017-07-03,6.839862823486328,6.839862823486328,6.719864845275879,6.839862823486328,5.832070350646973,58344
2017-07-04,6.839862823486328,6.899861812591553,6.659865856170654,6.839862823486328,5.832070350646973,214071
2017-07-05,6.839862823486328,6.839862823486328,6.659865856170654,6.7798638343811035,5.780911922454834,132778
2017-07-06,6.719864845275879,6.7798638343811035,6.659865856170654,6.719864845275879,5.729753017425537,123167
2017-07-07,6.719864845275879,6.7798638343811035,6.659865856170654,6.7798638343811035,5.780911922454834,160811
2017-07-10,6.839862823486328,6.839862823486328,6.659865856170654,6.7798638343811035,5.780911922454834,181373
2017-07-11,6.839862823486328,6.839862823486328,6.659865856170654,6.719864845275879,5.729753017425537,101382
2017-07-12,6.659865856170654,6.719864845275879,6.599867820739746,6.719864845275879,5.729753017425537,152626
2017-07-13,6.599867820739746,6.839862823486328,6.599867820739746,6.719864845275879,5.729753017425537,126769
2017-07-14,6.719864845275879,6.719864845275879,6.599867820739746,6.719864845275879,5.729753017425537,107612
2017-07-17,6.719864845275879,6.719864845275879,6.479869842529297,6.599867820739746,5.627436637878418,154821
2017-07-18,6.479869842529297,6.719864845275879,6.479869842529297,6.599867820739746,5.627436637878418,121264
2017-07-19,6.599867820739746,6.7798638343811035,6.419870853424072,6.5398688316345215,5.576277732849121,307656
2017-07-20,6.479869842529297,6.599867820739746,6.479869842529297,6.599867820739746,5.627436637878418,152164
2017-07-21,6.479869842529297,6.599867820739746,6.419870853424072,6.5398688316345215,5.576277732849121,236582
2017-07-24,6.479869842529297,6.5398688316345215,6.419870853424072,6.419870853424072,5.4739603996276855,304591
2017-07-25,6.2998738288879395,6.5398688316345215,6.2998738288879395,6.419870853424072,5.4739603996276855,168451
2017-07-26,6.419870853424072,6.419870853424072,6.17987585067749,6.239874839782715,5.3204851150512695,353159
2017-07-27,6.239874839782715,6.359871864318848,5.999879837036133,6.17987585067749,5.269326686859131,1548738
2017-07-28,6.059877872467041,6.119876861572266,6.059877872467041,6.059877872467041,5.167009353637695,319904
2017-07-31,6.059877872467041,6.2998738288879395,6.059877872467041,6.119876861572266,5.218167781829834,397541
2017-08-01,6.119876861572266,6.239874839782715,6.119876861572266,6.119876861572266,5.218167781829834,848933
2017-08-02,6.17987585067749,6.239874839782715,6.119876861572266,6.119876861572266,5.218167781829834,613013
2017-08-03,6.239874839782715,6.359871864318848,6.119876861572266,6.239874839782715,5.3204851150512695,1118266
2017-08-04,6.2998738288879395,6.359871864318848,6.239874839782715,6.359871864318848,5.422801971435547,150432
2017-08-07,6.359871864318848,6.419870853424072,6.17987585067749,6.2998738288879395,5.371643543243408,176094
2017-08-08,6.239874839782715,6.2998738288879395,6.17987585067749,6.2998738288879395,5.371643543243408,151799
2017-08-09,6.17987585067749,6.2998738288879395,6.119876861572266,6.239874839782715,5.3204851150512695,102989
2017-08-10,6.17987585067749,6.239874839782715,6.059877872467041,6.119876861572266,5.218167781829834,465488
2017-08-11,6.059877872467041,6.239874839782715,5.939880847930908,5.999879837036133,5.115851402282715,635203
2017-08-14,5.999879837036133,6.059877872467041,5.939880847930908,5.999879837036133,5.115851402282715,232430
2017-08-15,5.999879837036133,5.999879837036133,5.939880847930908,5.939880847930908,5.064692497253418,114502
2017-08-16,5.939880847930908,6.059877872467041,5.939880847930908,5.999879837036133,5.115851402282715,85851
2017-08-17,5.939880847930908,5.939880847930908,5.819882869720459,5.879881858825684,5.013534069061279,276358
2017-08-18,5.939880847930908,5.939880847930908,5.579887866973877,5.759883880615234,4.911216735839844,582181
2017-08-21,5.759883880615234,5.759883880615234,5.579887866973877,5.699885845184326,4.860058784484863,140945
2017-08-22,5.759883880615234,5.879881858825684,5.759883880615234,5.819882869720459,4.962375164031982,148609
2017-08-23,5.819882869720459,5.819882869720459,5.819882869720459,5.819882869720459,4.962375164031982,0
2017-08-24,5.879881858825684,5.939880847930908,5.819882869720459,5.879881858825684,5.013534069061279,182803
2017-08-25,5.819882869720459,5.999879837036133,5.819882869720459,5.819882869720459,4.962375164031982,148177
2017-08-28,5.879881858825684,5.999879837036133,5.819882869720459,5.939880847930908,5.064692497253418,208268
2017-08-29,5.879881858825684,5.879881858825684,5.699885845184326,5.819882869720459,4.962375164031982,575011
2017-08-30,5.699885845184326,5.819882869720459,5.699885845184326,5.699885845184326,4.860058784484863,179889
2017-08-31,5.699885845184326,5.759883880615234,5.699885845184326,5.759883880615234,4.911216735839844,120439
2017-09-01,5.759883880615234,6.119876861572266,5.759883880615234,5.939880847930908,5.064692497253418,415308
2017-09-04,5.999879837036133,6.059877872467041,5.939880847930908,6.059877872467041,5.167009353637695,77901
2017-09-05,5.999879837036133,6.059877872467041,5.999879837036133,5.999879837036133,5.115851402282715,61801
2017-09-06,5.999879837036133,5.999879837036133,5.819882869720459,5.939880847930908,5.064692497253418,142001
2017-09-07,5.939880847930908,5.939880847930908,5.639886856079102,5.819882869720459,4.962375164031982,594058
2017-09-08,5.699885845184326,5.819882869720459,5.699885845184326,5.819882869720459,4.962375164031982,145902
2017-09-11,5.759883880615234,5.879881858825684,5.699885845184326,5.879881858825684,5.013534069061279,209289
2017-09-12,5.879881858825684,5.999879837036133,5.819882869720459,5.939880847930908,5.064692497253418,181112
2017-09-13,5.939880847930908,5.999879837036133,5.879881858825684,5.879881858825684,5.013534069061279,113541
2017-09-14,5.939880847930908,5.999879837036133,5.819882869720459,5.879881858825684,5.013534069061279,183190
2017-09-15,5.879881858825684,5.999879837036133,5.699885845184326,5.699885845184326,4.860058784484863,640572
2017-09-18,5.699885845184326,6.17987585067749,5.699885845184326,6.17987585067749,5.269326686859131,975525
2017-09-19,6.17987585067749,6.17987585067749,5.819882869720459,5.879881858825684,5.013534069061279,481225
2017-09-20,5.879881858825684,5.999879837036133,5.759883880615234,5.999879837036133,5.115851402282715,468216
2017-09-21,6.059877872467041,6.599867820739746,6.059877872467041,6.599867820739746,5.627436637878418,2077736
2017-09-22,6.599867820739746,6.599867820739746,6.2998738288879395,6.419870853424072,5.4739603996276855,978122
2017-09-25,6.7798638343811035,7.07985782623291,6.7798638343811035,6.899861812591553,5.883228778839111,5043069
2017-09-26,6.959859848022461,7.0198588371276855,6.5398688316345215,6.599867820739746,5.627436637878418,1191087
2017-09-27,6.719864845275879,6.719864845275879,6.17987585067749,6.239874839782715,5.3204851150512695,1040332
2017-09-28,6.239874839782715,6.359871864318848,6.119876861572266,6.2998738288879395,5.371643543243408,533911
2017-09-29,6.2998738288879395,6.479869842529297,6.059877872467041,6.17987585067749,5.269326686859131,566022
2017-10-03,6.17987585067749,6.479869842529297,6.17987585067749,6.359871864318848,5.422801971435547,699080
2017-10-04,6.2998738288879395,6.479869842529297,6.239874839782715,6.359871864318848,5.422801971435547,464421
2017-10-06,6.359871864318848,6.5398688316345215,6.2998738288879395,6.419870853424072,5.4739603996276855,269757
2017-10-09,6.419870853424072,6.419870853424072,6.17987585067749,6.17987585067749,5.269326686859131,349161
2017-10-10,6.17987585067749,6.2998738288879395,6.119876861572266,6.239874839782715,5.3204851150512695,375556
2017-10-11,6.17987585067749,6.719864845275879,6.17987585067749,6.419870853424072,5.4739603996276855,689577
2017-10-12,6.419870853424072,6.839862823486328,6.2998738288879395,6.7798638343811035,5.780911922454834,1932101
2017-10-13,6.7798638343811035,6.7798638343811035,6.419870853424072,6.479869842529297,5.525119304656982,518351
2017-10-16,6.599867820739746,6.659865856170654,6.359871864318848,6.479869842529297,5.525119304656982,386821
2017-10-17,6.479869842529297,6.599867820739746,6.359871864318848,6.419870853424072,5.4739603996276855,394353
2017-10-18,6.479869842529297,6.5398688316345215,6.419870853424072,6.479869842529297,5.525119304656982,223114
2017-10-19,6.419870853424072,6.479869842529297,6.239874839782715,6.239874839782715,5.3204851150512695,261122
2017-10-20,6.239874839782715,6.359871864318848,6.239874839782715,6.2998738288879395,5.371643543243408,145533
2017-10-23,6.359871864318848,6.359871864318848,6.2998738288879395,6.2998738288879395,5.371643543243408,39684
2017-10-24,6.2998738288879395,6.359871864318848,6.2998738288879395,6.2998738288879395,5.371643543243408,118752
2017-10-25,6.359871864318848,6.419870853424072,6.239874839782715,6.2998738288879395,5.371643543243408,35188
2017-10-26,6.239874839782715,6.359871864318848,6.17987585067749,6.239874839782715,5.3204851150512695,209339
2017-10-27,6.2998738288879395,6.2998738288879395,6.17987585067749,6.17987585067749,5.269326686859131,316461
2017-10-30,6.17987585067749,6.239874839782715,6.119876861572266,6.17987585067749,5.269326686859131,75365
2017-10-31,6.17987585067749,6.419870853424072,6.119876861572266,6.17987585067749,5.269326686859131,126531
2017-11-01,6.17987585067749,6.359871864318848,6.17987585067749,6.239874839782715,5.3204851150512695,141040
2017-11-02,6.239874839782715,6.359871864318848,6.17987585067749,6.239874839782715,5.3204851150512695,103702
2017-11-03,6.2998738288879395,6.2998738288879395,6.17987585067749,6.239874839782715,5.3204851150512695,212218
2017-11-06,6.17987585067749,6.239874839782715,6.059877872467041,6.239874839782715,5.3204851150512695,125110
2017-11-07,6.17987585067749,6.359871864318848,6.059877872467041,6.17987585067749,5.269326686859131,328305
2017-11-08,6.119876861572266,6.17987585067749,6.119876861572266,6.119876861572266,5.218167781829834,80998
2017-11-09,6.119876861572266,6.239874839782715,6.059877872467041,6.119876861572266,5.218167781829834,111213
2017-11-10,6.119876861572266,6.119876861572266,5.999879837036133,6.059877872467041,5.167009353637695,249568
2017-11-13,6.239874839782715,6.239874839782715,5.999879837036133,5.999879837036133,5.115851402282715,126835
2017-11-14,6.059877872467041,6.059877872467041,5.939880847930908,5.939880847930908,5.064692497253418,207965
2017-11-15,5.939880847930908,6.059877872467041,5.879881858825684,5.999879837036133,5.115851402282715,240704
2017-11-16,5.999879837036133,6.059877872467041,5.879881858825684,6.059877872467041,5.167009353637695,72607
2017-11-17,6.059877872467041,6.17987585067749,5.939880847930908,6.119876861572266,5.218167781829834,173379
2017-11-20,6.239874839782715,6.239874839782715,6.059877872467041,6.119876861572266,5.218167781829834,128096
2017-11-21,6.119876861572266,6.17987585067749,5.939880847930908,6.059877872467041,5.167009353637695,296237
2017-11-22,6.119876861572266,6.2998738288879395,5.999879837036133,6.17987585067749,5.269326686859131,399869
2017-11-23,6.239874839782715,6.2998738288879395,6.119876861572266,6.119876861572266,5.218167781829834,196959
2017-11-24,6.119876861572266,6.239874839782715,6.119876861572266,6.17987585067749,5.269326686859131,246804
2017-11-27,6.239874839782715,6.239874839782715,6.119876861572266,6.17987585067749,5.269326686859131,146052
2017-11-28,6.119876861572266,6.17987585067749,6.059877872467041,6.119876861572266,5.218167781829834,303855
2017-11-29,6.059877872467041,6.239874839782715,6.059877872467041,6.17987585067749,5.269326686859131,204850
2017-11-30,6.119876861572266,6.359871864318848,6.059877872467041,6.359871864318848,5.422801971435547,410475
2017-12-01,6.239874839782715,6.359871864318848,6.17987585067749,6.239874839782715,5.3204851150512695,110628
2017-12-04,6.17987585067749,6.239874839782715,6.059877872467041,6.239874839782715,5.3204851150512695,192297
2017-12-05,6.17987585067749,6.239874839782715,6.059877872467041,6.059877872467041,5.167009353637695,194203
2017-12-06,6.059877872467041,6.119876861572266,5.939880847930908,5.939880847930908,5.064692497253418,419161
2017-12-07,5.999879837036133,5.999879837036133,5.759883880615234,5.819882869720459,4.962375164031982,338906
2017-12-08,5.879881858825684,5.999879837036133,5.759883880615234,5.879881858825684,5.013534069061279,333790
2017-12-11,5.759883880615234,5.879881858825684,5.639886856079102,5.819882869720459,4.962375164031982,63407
2017-12-12,5.699885845184326,5.879881858825684,5.699885845184326,5.819882869720459,4.962375164031982,104764
2017-12-13,5.759883880615234,5.879881858825684,5.699885845184326,5.819882869720459,4.962375164031982,374165
2017-12-14,5.819882869720459,5.819882869720459,5.699885845184326,5.819882869720459,4.962375164031982,73585
2017-12-15,5.819882869720459,5.879881858825684,5.699885845184326,5.879881858825684,5.013534069061279,230334
2017-12-18,5.759883880615234,5.879881858825684,5.699885845184326,5.699885845184326,4.860058784484863,253735
2017-12-19,5.759883880615234,5.819882869720459,5.699885845184326,5.819882869720459,4.962375164031982,127950
2017-12-20,5.759883880615234,5.819882869720459,5.699885845184326,5.699885845184326,4.860058784484863,120742
2017-12-21,5.699885845184326,5.879881858825684,5.699885845184326,5.879881858825684,5.013534069061279,220661
2017-12-22,5.759883880615234,5.939880847930908,5.759883880615234,5.819882869720459,4.962375164031982,76512
2017-12-27,5.879881858825684,5.879881858825684,5.759883880615234,5.759883880615234,4.911216735839844,126052
2017-12-28,5.819882869720459,5.819882869720459,5.759883880615234,5.759883880615234,4.911216735839844,137296
2017-12-29,5.819882869720459,5.939880847930908,5.759883880615234,5.819882869720459,4.962375164031982,350410
2018-01-02,5.819882869720459,5.879881858825684,5.819882869720459,5.879881858825684,5.013534069061279,179181
2018-01-03,5.879881858825684,5.939880847930908,5.879881858825684,5.939880847930908,5.064692497253418,52501
2018-01-04,5.939880847930908,6.17987585067749,5.939880847930908,6.119876861572266,5.218167781829834,503160
2018-01-05,6.17987585067749,6.17987585067749,6.059877872467041,6.059877872467041,5.167009353637695,126005
2018-01-08,5.999879837036133,6.119876861572266,5.999879837036133,6.059877872467041,5.167009353637695,120802
2018-01-09,5.999879837036133,6.119876861572266,5.999879837036133,6.059877872467041,5.167009353637695,61867
2018-01-10,5.999879837036133,6.119876861572266,5.939880847930908,6.119876861572266,5.218167781829834,141003
2018-01-11,6.119876861572266,6.119876861572266,5.999879837036133,5.999879837036133,5.115851402282715,170330
2018-01-12,5.999879837036133,6.119876861572266,5.999879837036133,6.119876861572266,5.218167781829834,105708
2018-01-15,6.119876861572266,6.17987585067749,6.059877872467041,6.059877872467041,5.167009353637695,117835
2018-01-16,5.999879837036133,6.059877872467041,5.939880847930908,6.059877872467041,5.167009353637695,288132
2018-01-17,5.939880847930908,6.059877872467041,5.759883880615234,5.879881858825684,5.013534069061279,903504
2018-01-18,5.879881858825684,5.999879837036133,5.819882869720459,5.879881858825684,5.013534069061279,246405
2018-01-19,5.879881858825684,5.939880847930908,5.819882869720459,5.879881858825684,5.013534069061279,155381
2018-01-22,5.819882869720459,5.879881858825684,5.759883880615234,5.879881858825684,5.013534069061279,165986
2018-01-23,5.819882869720459,5.879881858825684,5.759883880615234,5.879881858825684,5.013534069061279,163353
2018-01-24,5.819882869720459,5.879881858825684,5.759883880615234,5.819882869720459,4.962375164031982,232082
2018-01-25,5.759883880615234,5.819882869720459,5.759883880615234,5.819882869720459,4.962375164031982,660667
2018-01-26,5.819882869720459,5.879881858825684,5.759883880615234,5.759883880615234,4.911216735839844,493696
2018-01-29,5.759883880615234,5.819882869720459,5.579887866973877,5.759883880615234,4.911216735839844,348950
2018-01-30,5.699885845184326,5.759883880615234,5.639886856079102,5.759883880615234,4.911216735839844,176297
2018-01-31,5.639886856079102,5.759883880615234,5.579887866973877,5.759883880615234,4.911216735839844,128452
2018-02-01,5.759883880615234,5.759883880615234,5.639886856079102,5.639886856079102,4.808900356292725,174262
2018-02-02,5.639886856079102,5.759883880615234,5.579887866973877,5.759883880615234,4.911216735839844,70639
2018-02-05,5.639886856079102,5.639886856079102,5.519888877868652,5.519888877868652,4.706583023071289,147722
2018-02-06,5.459889888763428,5.519888877868652,5.159895896911621,5.27989387512207,4.501948833465576,502760
2018-02-07,5.27989387512207,5.3998918533325195,5.219894886016846,5.27989387512207,4.501948833465576,137746
2018-02-08,5.219894886016846,5.339892864227295,5.159895896911621,5.27989387512207,4.501948833465576,60255
2018-02-09,5.159895896911621,5.159895896911621,4.919900894165039,5.099897861480713,4.34847354888916,318917
2018-02-12,5.039898872375488,5.219894886016846,4.8599019050598145,4.979899883270264,4.246156215667725,122603
2018-02-13,5.159895896911621,5.159895896911621,4.979899883270264,5.159895896911621,4.399631500244141,191839
2018-02-14,5.159895896911621,5.219894886016846,5.039898872375488,5.099897861480713,4.34847354888916,74201
2018-02-15,5.099897861480713,5.339892864227295,5.099897861480713,5.27989387512207,4.501948833465576,117332
2018-02-20,5.219894886016846,5.27989387512207,5.099897861480713,5.219894886016846,4.450789928436279,185947
2018-02-21,5.159895896911621,5.519888877868652,5.159895896911621,5.459889888763428,4.655424118041992,437392
2018-02-22,5.3998918533325195,5.459889888763428,5.339892864227295,5.339892864227295,4.553107738494873,45587
2018-02-23,5.3998918533325195,5.519888877868652,5.339892864227295,5.339892864227295,4.553107738494873,231915
2018-02-26,5.339892864227295,5.3998918533325195,5.219894886016846,5.27989387512207,4.501948833465576,101632
2018-02-27,5.27989387512207,5.27989387512207,5.159895896911621,5.159895896911621,4.399631500244141,94951
2018-02-28,5.219894886016846,5.219894886016846,4.919900894165039,4.919900894165039,4.194997787475586,489959
2018-03-01,4.979899883270264,5.099897861480713,4.979899883270264,5.039898872375488,4.297314643859863,318367
2018-03-02,5.039898872375488,5.219894886016846,4.979899883270264,5.159895896911621,4.399631500244141,257248
2018-03-05,5.099897861480713,5.099897861480713,4.979899883270264,4.979899883270264,4.246156215667725,71759
2018-03-06,5.039898872375488,5.099897861480713,4.799903869628906,4.919900894165039,4.194997787475586,888999
2018-03-07,4.8599019050598145,4.919900894165039,4.799903869628906,4.8599019050598145,4.143838405609131,143952
2018-03-08,4.8599019050598145,4.979899883270264,4.739904880523682,4.8599019050598145,4.143838405609131,235533
2018-03-09,4.8599019050598145,4.919900894165039,4.799903869628906,4.799903869628906,4.092680931091309,154453
2018-03-12,4.8599019050598145,4.979899883270264,4.799903869628906,4.8599019050598145,4.143838405609131,125902
2018-03-13,4.919900894165039,4.919900894165039,4.799903869628906,4.799903869628906,4.092680931091309,46481
2018-03-14,4.8599019050598145,4.8599019050598145,4.739904880523682,4.799903869628906,4.092680931091309,78855
2018-03-15,4.739904880523682,4.919900894165039,4.739904880523682,4.919900894165039,4.194997787475586,163553
2018-03-16,4.8599019050598145,4.8599019050598145,4.619906902313232,4.739904880523682,4.04152250289917,324623
2018-03-19,4.739904880523682,4.739904880523682,4.619906902313232,4.739904880523682,4.04152250289917,83001
2018-03-20,4.679905891418457,4.739904880523682,4.619906902313232,4.679905891418457,3.990363359451294,55301
2018-03-21,4.739904880523682,4.799903869628906,4.679905891418457,4.739904880523682,4.04152250289917,242524
2018-03-22,4.679905891418457,4.739904880523682,4.619906902313232,4.619906902313232,3.9392051696777344,192487
2018-03-23,4.679905891418457,4.679905891418457,4.439910888671875,4.559907913208008,3.8880462646484375,418975
2018-03-26,4.439910888671875,4.559907913208008,4.439910888671875,4.4999098777771,3.836888074874878,378957
2018-03-27,4.619906902313232,4.619906902313232,4.439910888671875,4.4999098777771,3.836888074874878,253755
2018-03-28,4.439910888671875,4.619906902313232,4.439910888671875,4.4999098777771,3.836888074874878,306508
2018-03-29,4.559907913208008,4.619906902313232,4.319912910461426,4.37991189956665,3.7345712184906006,419798
2018-04-03,4.37991189956665,4.37991189956665,4.319912910461426,4.319912910461426,3.683412790298462,263028
2018-04-04,4.319912910461426,4.37991189956665,4.259913921356201,4.259913921356201,3.632253646850586,156823
2018-04-06,4.259913921356201,4.319912910461426,4.019918918609619,4.259913921356201,3.632253646850586,265968
2018-04-09,4.259913921356201,4.319912910461426,4.139916896820068,4.259913921356201,3.632253646850586,151281
2018-04-10,4.319912910461426,4.37991189956665,4.259913921356201,4.37991189956665,3.7345712184906006,809116
2018-04-11,4.37991189956665,4.439910888671875,4.259913921356201,4.319912910461426,3.683412790298462,64022
2018-04-12,4.259913921356201,4.259913921356201,4.199915885925293,4.259913921356201,3.632253646850586,314472
2018-04-13,4.259913921356201,4.259913921356201,4.139916896820068,4.139916896820068,3.529937267303467,228271
2018-04-16,4.139916896820068,4.199915885925293,4.019918918609619,4.079917907714844,3.47877836227417,90996
2018-04-17,4.139916896820068,4.139916896820068,3.9599199295043945,4.019918918609619,3.4276199340820312,157963
2018-04-18,4.019918918609619,4.019918918609619,3.8999218940734863,3.8999218940734863,3.325303316116333,119052
2018-04-19,3.8999218940734863,4.019918918609619,3.8399229049682617,3.9599199295043945,3.3764612674713135,189297
2018-04-20,3.9599199295043945,3.9599199295043945,3.8399229049682617,3.8399229049682617,3.2741446495056152,173936
2018-04-23,3.8399229049682617,3.8399229049682617,3.659925937652588,3.8399229049682617,3.2741446495056152,381812
2018-04-24,3.8399229049682617,3.8999218940734863,3.779923915863037,3.779923915863037,3.2229859828948975,69596
2018-04-25,3.7199249267578125,3.8999218940734863,3.7199249267578125,3.779923915863037,3.2229859828948975,152486
2018-04-26,3.8399229049682617,3.8399229049682617,3.659925937652588,3.779923915863037,3.2229859828948975,121119
2018-04-27,3.7199249267578125,3.8999218940734863,3.7199249267578125,3.779923915863037,3.2229859828948975,169553
2018-04-30,3.779923915863037,3.8999218940734863,3.779923915863037,3.8999218940734863,3.325303316116333,30716
2018-05-02,3.9599199295043945,4.079917907714844,3.8399229049682617,3.8999218940734863,3.325303316116333,441768
2018-05-03,3.8399229049682617,3.8999218940734863,3.779923915863037,3.779923915863037,3.2229859828948975,276355
2018-05-04,3.8399229049682617,3.8999218940734863,3.779923915863037,3.779923915863037,3.2229859828948975,229721
2018-05-07,3.779923915863037,3.779923915863037,3.7199249267578125,3.7199249267578125,3.1718273162841797,331773
2018-05-08,3.7199249267578125,3.7199249267578125,3.659925937652588,3.7199249267578125,3.1718273162841797,103702
2018-05-09,3.659925937652588,3.7199249267578125,3.659925937652588,3.659925937652588,3.120668649673462,80578
2018-05-10,3.659925937652588,3.779923915863037,3.659925937652588,3.659925937652588,3.120668649673462,117402
2018-05-11,3.7199249267578125,3.7199249267578125,3.659925937652588,3.659925937652588,3.120668649673462,136079
2018-05-14,3.5999279022216797,3.659925937652588,3.5999279022216797,3.5999279022216797,3.0695106983184814,338337
2018-05-15,3.659925937652588,3.659925937652588,3.4799299240112305,3.659925937652588,3.120668649673462,566734
2018-05-16,3.5999279022216797,3.5999279022216797,3.419930934906006,3.539928913116455,3.0183522701263428,730352
2018-05-17,3.539928913116455,3.539928913116455,3.3599319458007812,3.419930934906006,2.916034698486328,782298
2018-05-18,3.419930934906006,3.419930934906006,3.179935932159424,3.3599319458007812,2.8648760318756104,1404672
2018-05-21,3.3599319458007812,3.8399229049682617,3.2399349212646484,3.5999279022216797,3.0695106983184814,67317186
2018-05-23,3.779923915863037,4.319912910461426,3.779923915863037,4.079917907714844,3.47877836227417,6632433
2018-05-24,4.199915885925293,4.259913921356201,3.659925937652588,3.8999218940734863,3.325303316116333,1914864
2018-05-25,3.8999218940734863,3.8999218940734863,3.659925937652588,3.8399229049682617,3.2741446495056152,885017
2018-05-28,3.8399229049682617,4.199915885925293,3.5999279022216797,4.139916896820068,3.529937267303467,2202894
2018-05-29,4.139916896820068,4.199915885925293,3.9599199295043945,4.019918918609619,3.4276199340820312,668339
2018-05-30,3.9599199295043945,3.9599199295043945,3.7199249267578125,3.779923915863037,3.2229859828948975,1109072
2018-05-31,3.779923915863037,4.019918918609619,3.7199249267578125,3.9599199295043945,3.3764612674713135,3808904
2018-06-01,3.9599199295043945,5.27989387512207,3.9599199295043945,5.219894886016846,4.450789928436279,7310486
2018-06-04,5.27989387512207,5.459889888763428,4.679905891418457,4.919900894165039,4.194997787475586,2995121
2018-06-05,4.919900894165039,5.819882869720459,4.739904880523682,5.3998918533325195,4.6042656898498535,6460447
2018-06-06,5.579887866973877,5.699885845184326,5.219894886016846,5.3998918533325195,4.6042656898498535,2729581
2018-06-07,5.339892864227295,5.579887866973877,5.219894886016846,5.339892864227295,4.553107738494873,1821154
2018-06-08,5.339892864227295,5.3998918533325195,5.159895896911621,5.219894886016846,4.450789928436279,816166
2018-06-11,5.27989387512207,5.339892864227295,5.039898872375488,5.27989387512207,4.501948833465576,1063627
2018-06-12,5.339892864227295,5.579887866973877,5.099897861480713,5.459889888763428,4.655424118041992,1254975
2018-06-13,5.879881858825684,6.479869842529297,5.699885845184326,5.939880847930908,5.064692497253418,6365211
2018-06-14,5.939880847930908,6.119876861572266,5.699885845184326,6.119876861572266,5.218167781829834,3162718
2018-06-15,6.239874839782715,6.2998738288879395,5.999879837036133,6.119876861572266,5.218167781829834,2290743
2018-06-19,5.999879837036133,6.119876861572266,5.639886856079102,5.759883880615234,4.911216735839844,2206844
2018-06-20,5.759883880615234,5.819882869720459,5.099897861480713,5.3998918533325195,4.6042656898498535,2296779
2018-06-21,5.3998918533325195,5.459889888763428,5.159895896911621,5.159895896911621,4.399631500244141,1157928
2018-06-22,5.099897861480713,5.339892864227295,4.979899883270264,5.27989387512207,4.501948833465576,575626
2018-06-25,5.27989387512207,5.519888877868652,5.27989387512207,5.3998918533325195,4.6042656898498535,859700
2018-06-26,5.27989387512207,6.359871864318848,5.159895896911621,5.999879837036133,5.115851402282715,35453624
2018-06-27,6.059877872467041,6.239874839782715,5.339892864227295,5.3998918533325195,4.6042656898498535,2019831
2018-06-28,5.459889888763428,5.579887866973877,5.27989387512207,5.339892864227295,4.553107738494873,651763
2018-06-29,5.3998918533325195,5.519888877868652,5.339892864227295,5.339892864227295,4.553107738494873,350959
2018-07-03,5.27989387512207,5.579887866973877,5.159895896911621,5.3998918533325195,4.6042656898498535,1065270
2018-07-04,5.3998918533325195,5.3998918533325195,5.099897861480713,5.219894886016846,4.450789928436279,821516
2018-07-05,5.219894886016846,5.27989387512207,4.919900894165039,5.039898872375488,4.297314643859863,1120822
2018-07-06,5.039898872375488,5.099897861480713,4.8599019050598145,4.979899883270264,4.246156215667725,537263
2018-07-09,5.039898872375488,5.099897861480713,4.8599019050598145,4.979899883270264,4.246156215667725,275772
2018-07-10,5.039898872375488,5.039898872375488,4.919900894165039,5.039898872375488,4.297314643859863,187303
2018-07-11,4.979899883270264,4.979899883270264,4.799903869628906,4.8599019050598145,4.143838405609131,305221
2018-07-12,4.799903869628906,4.979899883270264,4.799903869628906,4.799903869628906,4.092680931091309,190135
2018-07-13,4.8599019050598145,5.099897861480713,4.799903869628906,5.039898872375488,4.297314643859863,375099
2018-07-16,4.979899883270264,5.039898872375488,4.799903869628906,4.799903869628906,4.092680931091309,734014
2018-07-17,4.799903869628906,4.919900894165039,4.739904880523682,4.8599019050598145,4.143838405609131,117759
2018-07-18,4.8599019050598145,4.919900894165039,4.739904880523682,4.799903869628906,4.092680931091309,199477
2018-07-19,4.8599019050598145,5.159895896911621,4.799903869628906,5.039898872375488,4.297314643859863,893817
2018-07-20,5.099897861480713,5.099897861480713,4.799903869628906,4.919900894165039,4.194997787475586,277896
2018-07-23,4.8599019050598145,5.039898872375488,4.8599019050598145,5.039898872375488,4.297314643859863,248315
2018-07-24,5.099897861480713,5.3998918533325195,4.979899883270264,5.339892864227295,4.553107738494873,835691
2018-07-25,5.3998918533325195,5.999879837036133,5.339892864227295,5.879881858825684,5.013534069061279,1884537
2018-07-26,5.939880847930908,5.999879837036133,5.639886856079102,5.639886856079102,4.808900356292725,1001990
2018-07-27,5.699885845184326,5.939880847930908,5.699885845184326,5.879881858825684,5.013534069061279,823066
2018-07-30,5.879881858825684,5.939880847930908,5.699885845184326,5.819882869720459,4.962375164031982,281905
2018-07-31,5.699885845184326,5.819882869720459,5.519888877868652,5.579887866973877,4.7577409744262695,578189
2018-08-01,5.639886856079102,5.699885845184326,5.339892864227295,5.459889888763428,4.655424118041992,411658
2018-08-02,5.339892864227295,5.339892864227295,5.219894886016846,5.339892864227295,4.553107738494873,199770
2018-08-03,5.27989387512207,5.3998918533325195,5.039898872375488,5.219894886016846,4.450789928436279,2387581
2018-08-06,5.219894886016846,5.339892864227295,5.159895896911621,5.27989387512207,4.501948833465576,2401716
2018-08-07,5.27989387512207,5.699885845184326,5.27989387512207,5.639886856079102,4.808900356292725,2539327
2018-08-08,5.639886856079102,5.639886856079102,5.3998918533325195,5.459889888763428,4.655424118041992,2380485
2018-08-09,5.3998918533325195,5.459889888763428,5.219894886016846,5.27989387512207,4.501948833465576,2504064
2018-08-10,5.339892864227295,5.339892864227295,5.099897861480713,5.27989387512207,4.501948833465576,2450617
2018-08-13,5.27989387512207,5.27989387512207,5.099897861480713,5.099897861480713,4.34847354888916,2325957
2018-08-14,5.219894886016846,5.219894886016846,4.619906902313232,4.799903869628906,4.092680931091309,2824659
2018-08-15,4.799903869628906,4.919900894165039,4.679905891418457,4.799903869628906,4.092680931091309,292692
2018-08-16,4.679905891418457,4.8599019050598145,4.619906902313232,4.679905891418457,3.990363359451294,275155
2018-08-17,4.679905891418457,4.8599019050598145,4.679905891418457,4.679905891418457,3.990363359451294,118269
2018-08-20,4.739904880523682,4.739904880523682,4.559907913208008,4.679905891418457,3.990363359451294,156660
2018-08-21,4.619906902313232,4.679905891418457,4.559907913208008,4.619906902313232,3.9392051696777344,230384
2018-08-22,4.559907913208008,4.619906902313232,4.4999098777771,4.559907913208008,3.8880462646484375,248488
2018-08-23,4.559907913208008,4.739904880523682,4.4999098777771,4.619906902313232,3.9392051696777344,284355
2018-08-24,4.559907913208008,4.919900894165039,4.4999098777771,4.8599019050598145,4.143838405609131,1080330
2018-08-27,4.919900894165039,5.039898872375488,4.739904880523682,5.039898872375488,4.297314643859863,973406
2018-08-28,5.099897861480713,5.159895896911621,4.979899883270264,5.099897861480713,4.34847354888916,840518
2018-08-29,5.099897861480713,5.099897861480713,4.799903869628906,4.8599019050598145,4.143838405609131,404278
2018-08-30,4.8599019050598145,4.8599019050598145,4.799903869628906,4.8599019050598145,4.143838405609131,150508
2018-08-31,4.799903869628906,4.8599019050598145,4.679905891418457,4.799903869628906,4.092680931091309,200334
2018-09-03,4.679905891418457,4.799903869628906,4.559907913208008,4.619906902313232,3.9392051696777344,160269
2018-09-04,4.619906902313232,4.739904880523682,4.619906902313232,4.739904880523682,4.04152250289917,212104
2018-09-05,4.799903869628906,4.799903869628906,4.4999098777771,4.619906902313232,3.9392051696777344,228140
2018-09-06,4.619906902313232,4.679905891418457,4.4999098777771,4.559907913208008,3.8880462646484375,164536
2018-09-07,4.559907913208008,4.559907913208008,4.439910888671875,4.4999098777771,3.836888074874878,62638
2018-09-10,4.4999098777771,4.559907913208008,4.319912910461426,4.37991189956665,3.7345712184906006,175178
2018-09-11,4.319912910461426,4.439910888671875,4.079917907714844,4.139916896820068,3.529937267303467,369740
2018-09-12,4.199915885925293,4.199915885925293,4.079917907714844,4.199915885925293,3.5810959339141846,90253
2018-09-13,4.139916896820068,4.199915885925293,4.079917907714844,4.079917907714844,3.47877836227417,78735
2018-09-14,4.139916896820068,4.259913921356201,4.079917907714844,4.259913921356201,3.632253646850586,136402
2018-09-17,4.259913921356201,4.259913921356201,4.139916896820068,4.259913921356201,3.632253646850586,43554
2018-09-18,4.139916896820068,4.259913921356201,4.079917907714844,4.259913921356201,3.632253646850586,85786
2018-09-19,4.259913921356201,4.439910888671875,4.199915885925293,4.439910888671875,3.7857296466827393,246903
2018-09-20,4.439910888671875,4.4999098777771,4.199915885925293,4.319912910461426,3.683412790298462,154888
2018-09-21,4.319912910461426,4.319912910461426,4.079917907714844,4.259913921356201,3.632253646850586,443340
2018-09-24,4.259913921356201,4.259913921356201,4.079917907714844,4.079917907714844,3.47877836227417,284439
2018-09-26,4.079917907714844,4.199915885925293,3.8999218940734863,4.019918918609619,3.4276199340820312,304589
2018-09-27,4.019918918609619,4.139916896820068,3.9599199295043945,4.079917907714844,3.47877836227417,186187
2018-09-28,3.9599199295043945,4.019918918609619,3.7199249267578125,3.9599199295043945,3.3764612674713135,528314
2018-10-02,4.019918918609619,4.019918918609619,3.7199249267578125,3.8399229049682617,3.2741446495056152,439687
2018-10-03,3.8999218940734863,3.9599199295043945,3.779923915863037,3.8399229049682617,3.2741446495056152,348006
2018-10-04,3.779923915863037,3.779923915863037,3.5999279022216797,3.659925937652588,3.120668649673462,267388
2018-10-05,3.5999279022216797,3.779923915863037,3.419930934906006,3.5999279022216797,3.0695106983184814,776624
2018-10-08,3.5999279022216797,3.659925937652588,3.3599319458007812,3.4799299240112305,2.967193603515625,622380
2018-10-09,3.5999279022216797,3.5999279022216797,3.3599319458007812,3.4799299240112305,2.967193603515625,423487
2018-10-10,3.419930934906006,3.539928913116455,3.3599319458007812,3.419930934906006,2.916034698486328,192953
2018-10-11,3.3599319458007812,3.3599319458007812,3.2399349212646484,3.3599319458007812,2.8648760318756104,295091
2018-10-12,3.419930934906006,3.4799299240112305,3.299933910369873,3.3599319458007812,2.8648760318756104,134835
2018-10-15,3.419930934906006,3.419930934906006,3.299933910369873,3.299933910369873,2.813718318939209,24030
2018-10-16,3.299933910369873,3.3599319458007812,3.2399349212646484,3.3599319458007812,2.8648760318756104,117752
2018-10-18,3.3599319458007812,3.419930934906006,3.179935932159424,3.2399349212646484,2.762559652328491,139836
2018-10-19,3.2399349212646484,3.3599319458007812,3.179935932159424,3.299933910369873,2.813718318939209,1079371
2018-10-22,3.299933910369873,3.419930934906006,3.299933910369873,3.3599319458007812,2.8648760318756104,92918
2018-10-23,3.299933910369873,3.3599319458007812,3.179935932159424,3.2399349212646484,2.762559652328491,214304
2018-10-24,3.179935932159424,3.179935932159424,2.9999399185180664,3.119936943054199,2.6602423191070557,1258862
2018-10-25,3.0599379539489746,3.0599379539489746,2.939940929412842,2.9999399185180664,2.5579257011413574,634047
2018-10-26,2.9999399185180664,3.119936943054199,2.9999399185180664,2.9999399185180664,2.5579257011413574,476109
2018-10-29,2.9999399185180664,3.0599379539489746,2.939940929412842,2.9999399185180664,2.5579257011413574,452709
2018-10-30,2.9999399185180664,2.9999399185180664,2.939940929412842,2.9999399185180664,2.5579257011413574,321783
2018-10-31,2.9999399185180664,3.0599379539489746,2.939940929412842,2.9999399185180664,2.5579257011413574,223054
2018-11-01,3.0599379539489746,3.3599319458007812,2.9999399185180664,3.299933910369873,2.813718318939209,555131
2018-11-02,3.3599319458007812,3.419930934906006,3.2399349212646484,3.419930934906006,2.916034698486328,609962
2018-11-05,3.3599319458007812,3.419930934906006,3.2399349212646484,3.299933910369873,2.813718318939209,197403
2018-11-06,3.299933910369873,3.299933910369873,3.2399349212646484,3.299933910369873,2.813718318939209,132102
2018-11-07,3.299933910369873,3.419930934906006,3.299933910369873,3.3599319458007812,2.8648760318756104,149190
2018-11-08,3.3599319458007812,3.3599319458007812,3.2399349212646484,3.299933910369873,2.813718318939209,134416
2018-11-09,3.179935932159424,3.2399349212646484,3.119936943054199,3.119936943054199,2.6602423191070557,159353
2018-11-12,3.0599379539489746,3.179935932159424,3.0599379539489746,3.119936943054199,2.6602423191070557,138502
2018-11-13,3.0599379539489746,3.179935932159424,3.0599379539489746,3.119936943054199,2.6602423191070557,75228
2018-11-14,3.119936943054199,3.119936943054199,3.0599379539489746,3.119936943054199,2.6602423191070557,83701
2018-11-15,3.119936943054199,3.2399349212646484,3.119936943054199,3.179935932159424,2.7114009857177734,125052
2018-11-16,3.179935932159424,3.179935932159424,3.119936943054199,3.179935932159424,2.7114009857177734,54887
2018-11-19,3.119936943054199,3.179935932159424,3.0599379539489746,3.179935932159424,2.7114009857177734,81654
2018-11-20,3.119936943054199,3.119936943054199,3.0599379539489746,3.0599379539489746,2.609083414077759,130965
2018-11-21,3.0599379539489746,3.2399349212646484,3.0599379539489746,3.179935932159424,2.7114009857177734,249386
2018-11-22,3.179935932159424,3.2399349212646484,3.119936943054199,3.119936943054199,2.6602423191070557,68451
2018-11-23,3.119936943054199,3.2399349212646484,3.119936943054199,3.119936943054199,2.6602423191070557,199403
2018-11-26,3.179935932159424,3.179935932159424,3.119936943054199,3.119936943054199,2.6602423191070557,27167
2018-11-27,3.119936943054199,3.179935932159424,3.119936943054199,3.119936943054199,2.6602423191070557,51501
2018-11-28,3.119936943054199,3.2399349212646484,3.119936943054199,3.119936943054199,2.6602423191070557,218725
2018-11-29,3.179935932159424,3.179935932159424,3.0599379539489746,3.119936943054199,2.6602423191070557,242215
2018-11-30,3.119936943054199,3.179935932159424,3.0599379539489746,3.179935932159424,2.7114009857177734,35150
2018-12-03,3.2399349212646484,3.299933910369873,3.119936943054199,3.2399349212646484,2.762559652328491,323758
2018-12-04,3.2399349212646484,3.2399349212646484,3.179935932159424,3.179935932159424,2.7114009857177734,140613
2018-12-05,3.119936943054199,3.2399349212646484,3.119936943054199,3.179935932159424,2.7114009857177734,148149
2018-12-06,3.179935932159424,3.2399349212646484,3.119936943054199,3.179935932159424,2.7114009857177734,161946
2018-12-07,3.179935932159424,3.2399349212646484,3.119936943054199,3.179935932159424,2.7114009857177734,62549
2018-12-10,3.119936943054199,3.179935932159424,3.0599379539489746,3.119936943054199,2.6602423191070557,135852
2018-12-11,3.179935932159424,3.2399349212646484,3.119936943054199,3.119936943054199,2.6602423191070557,213254
2018-12-12,3.2399349212646484,3.2399349212646484,3.119936943054199,3.179935932159424,2.7114009857177734,342456
2018-12-13,3.179935932159424,3.179935932159424,3.119936943054199,3.119936943054199,2.6602423191070557,66901
2018-12-14,3.179935932159424,3.179935932159424,3.119936943054199,3.179935932159424,2.7114009857177734,76651
2018-12-17,3.179935932159424,3.2399349212646484,3.119936943054199,3.2399349212646484,2.762559652328491,196236
2018-12-18,3.179935932159424,3.179935932159424,3.119936943054199,3.119936943054199,2.6602423191070557,53001
2018-12-19,3.179935932159424,3.179935932159424,3.0599379539489746,3.119936943054199,2.6602423191070557,269322
2018-12-20,3.119936943054199,3.119936943054199,2.9999399185180664,3.0599379539489746,2.609083414077759,138669
2018-12-21,3.0599379539489746,3.0599379539489746,2.9999399185180664,2.9999399185180664,2.5579257011413574,106502
2018-12-24,3.0599379539489746,3.0599379539489746,2.939940929412842,3.0599379539489746,2.609083414077759,111885
2018-12-27,3.0599379539489746,3.0599379539489746,2.9999399185180664,3.0599379539489746,2.609083414077759,133377
2018-12-28,2.9999399185180664,3.0599379539489746,2.879941940307617,2.939940929412842,2.5067670345306396,354843
2018-12-31,2.939940929412842,2.9999399185180664,2.879941940307617,2.939940929412842,2.5067670345306396,127265
2019-01-02,2.939940929412842,2.9999399185180664,2.879941940307617,2.939940929412842,2.5067670345306396,57201
2019-01-03,2.9999399185180664,2.9999399185180664,2.939940929412842,2.939940929412842,2.5067670345306396,62451
2019-01-04,2.939940929412842,2.9999399185180664,2.879941940307617,2.939940929412842,2.5067670345306396,138652
2019-01-07,2.939940929412842,2.939940929412842,2.879941940307617,2.879941940307617,2.455608367919922,197982
2019-01-08,2.939940929412842,2.9999399185180664,2.879941940307617,2.939940929412842,2.5067670345306396,125752
2019-01-09,2.9999399185180664,3.0599379539489746,2.939940929412842,2.9999399185180664,2.5579257011413574,183383
2019-01-10,2.9999399185180664,2.9999399185180664,2.939940929412842,2.939940929412842,2.5067670345306396,232657
2019-01-11,2.9999399185180664,3.179935932159424,2.9999399185180664,3.179935932159424,2.7114009857177734,426708
2019-01-14,3.0599379539489746,3.179935932159424,3.0599379539489746,3.179935932159424,2.7114009857177734,170203
2019-01-15,3.0599379539489746,3.299933910369873,3.0599379539489746,3.2399349212646484,2.762559652328491,237704
2019-01-16,3.2399349212646484,3.7199249267578125,3.119936943054199,3.5999279022216797,3.0695106983184814,1502496
2019-01-17,3.659925937652588,3.7199249267578125,3.4799299240112305,3.5999279022216797,3.0695106983184814,994869
2019-01-18,3.4799299240112305,3.779923915863037,3.4799299240112305,3.779923915863037,3.2229859828948975,500411
2019-01-21,3.779923915863037,3.8399229049682617,3.539928913116455,3.659925937652588,3.120668649673462,477888
2019-01-22,3.5999279022216797,3.659925937652588,3.419930934906006,3.4799299240112305,2.967193603515625,229554
2019-01-23,3.4799299240112305,3.5999279022216797,3.419930934906006,3.5999279022216797,3.0695106983184814,253868
2019-01-24,3.539928913116455,3.779923915863037,3.539928913116455,3.7199249267578125,3.1718273162841797,456015
2019-01-25,3.7199249267578125,3.779923915863037,3.539928913116455,3.659925937652588,3.120668649673462,551053
2019-01-28,3.539928913116455,3.659925937652588,3.539928913116455,3.5999279022216797,3.0695106983184814,94351
2019-01-29,3.539928913116455,3.539928913116455,3.4799299240112305,3.539928913116455,3.0183522701263428,222554
2019-01-30,3.4799299240112305,3.5999279022216797,3.419930934906006,3.539928913116455,3.0183522701263428,353257
2019-01-31,3.539928913116455,3.7199249267578125,3.4799299240112305,3.5999279022216797,3.0695106983184814,443267
2019-02-01,3.539928913116455,3.5999279022216797,3.4799299240112305,3.539928913116455,3.0183522701263428,133802
2019-02-04,3.539928913116455,3.659925937652588,3.539928913116455,3.5999279022216797,3.0695106983184814,58117
2019-02-08,3.5999279022216797,3.659925937652588,3.539928913116455,3.659925937652588,3.120668649673462,184903
2019-02-11,3.659925937652588,3.659925937652588,3.539928913116455,3.5999279022216797,3.0695106983184814,255105
2019-02-12,3.5999279022216797,3.5999279022216797,3.4799299240112305,3.539928913116455,3.0183522701263428,219892
2019-02-13,3.659925937652588,4.37991189956665,3.659925937652588,4.139916896820068,3.529937267303467,2944546
2019-02-14,4.139916896820068,4.319912910461426,3.8399229049682617,4.139916896820068,3.529937267303467,1322231
2019-02-15,4.199915885925293,4.199915885925293,3.9599199295043945,4.019918918609619,3.4276199340820312,522379
2019-02-18,4.079917907714844,4.139916896820068,4.019918918609619,4.139916896820068,3.529937267303467,258298
2019-02-19,4.139916896820068,4.139916896820068,3.9599199295043945,4.139916896820068,3.529937267303467,272894
2019-02-20,4.259913921356201,4.979899883270264,4.259913921356201,4.979899883270264,4.246156215667725,7023657
2019-02-21,4.979899883270264,4.979899883270264,4.619906902313232,4.799903869628906,4.092680931091309,2220083
2019-02-22,4.919900894165039,4.919900894165039,4.679905891418457,4.799903869628906,4.092680931091309,978980
2019-02-25,4.799903869628906,4.8599019050598145,4.559907913208008,4.739904880523682,4.04152250289917,1122622
2019-02-26,4.739904880523682,5.27989387512207,4.559907913208008,5.099897861480713,4.34847354888916,1881886
2019-02-27,5.099897861480713,5.099897861480713,4.919900894165039,4.979899883270264,4.246156215667725,1152927
2019-02-28,4.919900894165039,5.099897861480713,4.679905891418457,4.739904880523682,4.04152250289917,1664466
2019-03-01,4.799903869628906,5.099897861480713,4.739904880523682,5.099897861480713,4.34847354888916,1836753
2019-03-04,5.159895896911621,5.219894886016846,4.979899883270264,5.039898872375488,4.297314643859863,957669
2019-03-05,5.099897861480713,5.099897861480713,4.799903869628906,4.979899883270264,4.246156215667725,1139906
2019-03-06,4.979899883270264,5.099897861480713,4.799903869628906,4.8599019050598145,4.143838405609131,921201
2019-03-07,4.8599019050598145,4.919900894165039,4.619906902313232,4.679905891418457,3.990363359451294,1043387
2019-03-08,4.739904880523682,4.919900894165039,4.559907913208008,4.739904880523682,4.04152250289917,972299
2019-03-11,4.739904880523682,4.799903869628906,4.619906902313232,4.679905891418457,3.990363359451294,682456
2019-03-12,4.799903869628906,4.979899883270264,4.739904880523682,4.8599019050598145,4.143838405609131,1077152
2019-03-13,4.799903869628906,4.919900894165039,4.739904880523682,4.739904880523682,4.04152250289917,594453
2019-03-14,4.739904880523682,4.919900894165039,4.739904880523682,4.739904880523682,4.04152250289917,1043036
2019-03-15,4.8599019050598145,4.919900894165039,4.739904880523682,4.739904880523682,4.04152250289917,921579
2019-03-18,4.799903869628906,4.799903869628906,4.619906902313232,4.679905891418457,3.990363359451294,967769
2019-03-19,4.739904880523682,4.799903869628906,4.619906902313232,4.679905891418457,3.990363359451294,1065158
2019-03-20,4.739904880523682,4.739904880523682,4.559907913208008,4.679905891418457,3.990363359451294,644046
2019-03-21,4.679905891418457,4.739904880523682,4.619906902313232,4.679905891418457,3.990363359451294,588795
2019-03-22,4.679905891418457,4.799903869628906,4.619906902313232,4.679905891418457,3.990363359451294,648846
2019-03-25,4.679905891418457,4.679905891418457,4.559907913208008,4.679905891418457,3.990363359451294,623912
2019-03-26,4.679905891418457,4.739904880523682,4.559907913208008,4.619906902313232,3.9392051696777344,767153
2019-03-27,4.739904880523682,4.919900894165039,4.739904880523682,4.799903869628906,4.092680931091309,1057121
2019-03-28,4.739904880523682,5.039898872375488,4.679905891418457,4.979899883270264,4.246156215667725,1272299
2019-03-29,4.799903869628906,4.799903869628906,4.4999098777771,4.559907913208008,3.8880462646484375,1995897
2019-04-01,4.619906902313232,4.619906902313232,4.37991189956665,4.439910888671875,3.7857296466827393,1054521
2019-04-02,4.37991189956665,4.439910888671875,4.199915885925293,4.259913921356201,3.632253646850586,1248712
2019-04-03,4.259913921356201,4.619906902313232,4.199915885925293,4.559907913208008,3.8880462646484375,1285176
2019-04-04,4.559907913208008,4.559907913208008,4.37991189956665,4.559907913208008,3.8880462646484375,754288
2019-04-08,4.4999098777771,4.619906902313232,4.439910888671875,4.4999098777771,3.836888074874878,679105
2019-04-09,4.4999098777771,4.619906902313232,4.37991189956665,4.559907913208008,3.8880462646484375,974767
2019-04-10,4.4999098777771,4.559907913208008,4.37991189956665,4.439910888671875,3.7857296466827393,636346
2019-04-11,4.4999098777771,4.559907913208008,4.37991189956665,4.4999098777771,3.836888074874878,675609
2019-04-12,4.4999098777771,4.559907913208008,4.37991189956665,4.559907913208008,3.8880462646484375,781465
2019-04-15,4.559907913208008,4.559907913208008,4.37991189956665,4.439910888671875,3.7857296466827393,621695
2019-04-16,4.439910888671875,4.439910888671875,4.37991189956665,4.37991189956665,3.7345712184906006,680806
2019-04-17,4.439910888671875,4.439910888671875,4.319912910461426,4.37991189956665,3.7345712184906006,632664
2019-04-18,4.37991189956665,4.439910888671875,4.319912910461426,4.37991189956665,3.7345712184906006,663363
2019-04-23,4.319912910461426,4.439910888671875,4.319912910461426,4.439910888671875,3.7857296466827393,905468
2019-04-24,4.439910888671875,4.679905891418457,4.37991189956665,4.559907913208008,3.8880462646484375,993769
2019-04-25,4.559907913208008,4.619906902313232,4.4999098777771,4.559907913208008,3.8880462646484375,674313
2019-04-26,4.4999098777771,4.679905891418457,4.4999098777771,4.559907913208008,3.8880462646484375,900018
2019-04-29,4.559907913208008,4.619906902313232,4.4999098777771,4.559907913208008,3.8880462646484375,760081
2019-04-30,4.4999098777771,4.559907913208008,4.439910888671875,4.4999098777771,3.836888074874878,537087
2019-05-02,4.4999098777771,4.4999098777771,4.319912910461426,4.439910888671875,3.7857296466827393,1158674
2019-05-03,4.37991189956665,4.439910888671875,4.259913921356201,4.319912910461426,3.683412790298462,778038
2019-05-06,4.259913921356201,4.259913921356201,3.9599199295043945,4.079917907714844,3.47877836227417,783068
2019-05-07,4.079917907714844,4.139916896820068,4.019918918609619,4.079917907714844,3.47877836227417,176003
2019-05-08,4.019918918609619,4.019918918609619,3.8399229049682617,3.9599199295043945,3.3764612674713135,554574
2019-05-09,3.8399229049682617,3.9599199295043945,3.779923915863037,3.779923915863037,3.2229859828948975,269629
2019-05-10,3.779923915863037,3.9599199295043945,3.779923915863037,3.8399229049682617,3.2741446495056152,172353
2019-05-14,3.659925937652588,3.8399229049682617,3.659925937652588,3.8399229049682617,3.2741446495056152,182013
2019-05-15,3.8399229049682617,4.019918918609619,3.8399229049682617,3.9599199295043945,3.3764612674713135,144302
2019-05-16,3.8399229049682617,3.9599199295043945,3.8399229049682617,3.9599199295043945,3.3764612674713135,43584
2019-05-17,3.8999218940734863,3.9599199295043945,3.7199249267578125,3.779923915863037,3.2229859828948975,70751
2019-05-20,3.779923915863037,3.779923915863037,3.5999279022216797,3.7199249267578125,3.1718273162841797,166206
2019-05-21,3.7199249267578125,3.779923915863037,3.659925937652588,3.7199249267578125,3.1718273162841797,69011
2019-05-22,3.7199249267578125,3.779923915863037,3.7199249267578125,3.7199249267578125,3.1718273162841797,164263
2019-05-23,3.7199249267578125,3.779923915863037,3.659925937652588,3.7199249267578125,3.1718273162841797,116452
2019-05-24,3.659925937652588,3.7199249267578125,3.4799299240112305,3.659925937652588,3.120668649673462,153536
2019-05-27,3.5999279022216797,3.7199249267578125,3.539928913116455,3.5999279022216797,3.0695106983184814,74309
2019-05-28,3.659925937652588,3.779923915863037,3.5999279022216797,3.659925937652588,3.120668649673462,197690
2019-05-29,3.5999279022216797,3.659925937652588,3.539928913116455,3.5999279022216797,3.0695106983184814,155353
2019-05-30,3.539928913116455,3.659925937652588,3.539928913116455,3.5999279022216797,3.0695106983184814,229200
2019-05-31,3.539928913116455,3.5999279022216797,3.4799299240112305,3.5999279022216797,3.0695106983184814,142671
2019-06-03,3.5999279022216797,3.5999279022216797,3.419930934906006,3.4799299240112305,2.967193603515625,121552
2019-06-04,3.4799299240112305,3.539928913116455,3.419930934906006,3.419930934906006,2.916034698486328,300921
2019-06-05,3.419930934906006,3.4799299240112305,3.3599319458007812,3.419930934906006,2.916034698486328,127623
2019-06-06,3.419930934906006,3.4799299240112305,3.3599319458007812,3.4799299240112305,2.967193603515625,48234
2019-06-10,3.4799299240112305,3.4799299240112305,3.3599319458007812,3.419930934906006,2.916034698486328,102602
2019-06-11,3.3599319458007812,3.539928913116455,3.3599319458007812,3.4799299240112305,2.967193603515625,137903
2019-06-12,3.419930934906006,3.419930934906006,3.3599319458007812,3.419930934906006,2.916034698486328,135086
2019-06-13,3.3599319458007812,3.419930934906006,3.3599319458007812,3.419930934906006,2.916034698486328,93351
2019-06-14,3.419930934906006,3.4799299240112305,3.3599319458007812,3.3599319458007812,2.8648760318756104,79968
2019-06-17,3.419930934906006,3.419930934906006,3.3599319458007812,3.3599319458007812,2.8648760318756104,12440
2019-06-18,3.419930934906006,3.4799299240112305,3.3599319458007812,3.4799299240112305,2.967193603515625,119302
2019-06-19,3.4799299240112305,3.659925937652588,3.4799299240112305,3.5999279022216797,3.0695106983184814,230304
2019-06-20,3.5999279022216797,3.7199249267578125,3.5999279022216797,3.7199249267578125,3.1718273162841797,226711
2019-06-21,3.7199249267578125,3.7199249267578125,3.659925937652588,3.659925937652588,3.120668649673462,87201
2019-06-24,3.7199249267578125,3.779923915863037,3.659925937652588,3.659925937652588,3.120668649673462,93101
2019-06-25,3.659925937652588,3.659925937652588,3.5999279022216797,3.5999279022216797,3.0695106983184814,70491
2019-06-26,3.659925937652588,3.7199249267578125,3.659925937652588,3.659925937652588,3.120668649673462,117009
2019-06-27,3.7199249267578125,3.779923915863037,3.659925937652588,3.659925937652588,3.120668649673462,78125
2019-06-28,3.659925937652588,3.779923915863037,3.659925937652588,3.779923915863037,3.2229859828948975,80375
2019-07-02,3.7199249267578125,3.779923915863037,3.659925937652588,3.659925937652588,3.120668649673462,61101
2019-07-03,3.659925937652588,3.7199249267578125,3.659925937652588,3.659925937652588,3.120668649673462,100952
2019-07-04,3.659925937652588,3.7199249267578125,3.659925937652588,3.7199249267578125,3.1718273162841797,44150
2019-07-05,3.659925937652588,3.659925937652588,3.5999279022216797,3.659925937652588,3.120668649673462,196213
2019-07-08,3.5999279022216797,3.5999279022216797,3.539928913116455,3.539928913116455,3.0183522701263428,63501
2019-07-09,3.539928913116455,3.5999279022216797,3.4799299240112305,3.5999279022216797,3.0695106983184814,154503
2019-07-10,3.5999279022216797,3.5999279022216797,3.4799299240112305,3.5999279022216797,3.0695106983184814,50582
2019-07-11,3.5999279022216797,3.5999279022216797,3.539928913116455,3.539928913116455,3.0183522701263428,93901
2019-07-12,3.4799299240112305,3.539928913116455,3.4799299240112305,3.4799299240112305,2.967193603515625,8783
2019-07-15,3.4799299240112305,3.539928913116455,3.419930934906006,3.4799299240112305,2.967193603515625,92453
2019-07-16,3.4799299240112305,3.4799299240112305,3.4799299240112305,3.4799299240112305,2.967193603515625,47651
2019-07-17,3.4799299240112305,3.659925937652588,3.4799299240112305,3.539928913116455,3.0183522701263428,159590
2019-07-18,3.5999279022216797,3.5999279022216797,3.539928913116455,3.539928913116455,3.0183522701263428,59201
2019-07-19,3.539928913116455,3.659925937652588,3.539928913116455,3.5999279022216797,3.0695106983184814,93501
2019-07-22,3.5999279022216797,3.5999279022216797,3.4799299240112305,3.4799299240112305,2.967193603515625,36830
2019-07-23,3.4799299240112305,3.4799299240112305,3.4799299240112305,3.4799299240112305,2.967193603515625,28927
2019-07-24,3.4799299240112305,3.5999279022216797,3.4799299240112305,3.4799299240112305,2.967193603515625,128102
2019-07-25,3.5999279022216797,3.5999279022216797,3.4799299240112305,3.4799299240112305,2.967193603515625,62092
2019-07-26,3.4799299240112305,3.4799299240112305,3.419930934906006,3.4799299240112305,2.967193603515625,194053
2019-07-29,3.419930934906006,3.4799299240112305,3.3599319458007812,3.3599319458007812,2.8648760318756104,172953
2019-07-30,3.3599319458007812,3.4799299240112305,3.3599319458007812,3.419930934906006,2.916034698486328,72183
2019-07-31,3.3599319458007812,3.3599319458007812,3.299933910369873,3.3599319458007812,2.8648760318756104,96051
2019-08-01,3.3599319458007812,3.3599319458007812,3.179935932159424,3.299933910369873,2.813718318939209,219351
2019-08-02,3.119936943054199,3.2399349212646484,3.0599379539489746,3.2399349212646484,2.762559652328491,171553
2019-08-05,3.119936943054199,3.179935932159424,3.0599379539489746,3.119936943054199,2.6602423191070557,245754
2019-08-06,3.119936943054199,3.2399349212646484,3.119936943054199,3.179935932159424,2.7114009857177734,335756
2019-08-07,3.119936943054199,3.179935932159424,3.0599379539489746,3.179935932159424,2.7114009857177734,172086
2019-08-08,3.179935932159424,3.179935932159424,3.179935932159424,3.179935932159424,2.7114009857177734,90401
2019-08-09,3.179935932159424,3.179935932159424,3.119936943054199,3.179935932159424,2.7114009857177734,95562
2019-08-12,3.119936943054199,3.179935932159424,3.119936943054199,3.119936943054199,2.6602423191070557,48450
2019-08-13,3.119936943054199,3.119936943054199,2.9999399185180664,3.0599379539489746,2.609083414077759,342490
2019-08-14,3.0599379539489746,3.0599379539489746,2.939940929412842,2.939940929412842,2.5067670345306396,213704
2019-08-15,2.9999399185180664,2.9999399185180664,2.939940929412842,2.9999399185180664,2.5579257011413574,176003
2019-08-16,3.0599379539489746,3.0599379539489746,2.939940929412842,2.9999399185180664,2.5579257011413574,56801
2019-08-19,2.9999399185180664,3.0599379539489746,2.9999399185180664,2.9999399185180664,2.5579257011413574,114601
2019-08-20,2.9999399185180664,3.0599379539489746,2.939940929412842,2.9999399185180664,2.5579257011413574,48410
2019-08-21,2.939940929412842,2.9999399185180664,2.939940929412842,2.9999399185180664,2.5579257011413574,252835
2019-08-22,2.9999399185180664,3.119936943054199,2.939940929412842,3.0599379539489746,2.609083414077759,200904
2019-08-23,3.0599379539489746,3.0599379539489746,2.9999399185180664,3.0599379539489746,2.609083414077759,297739
2019-08-26,2.939940929412842,2.9999399185180664,2.939940929412842,2.9999399185180664,2.5579257011413574,87671
2019-08-27,2.939940929412842,2.9999399185180664,2.939940929412842,2.9999399185180664,2.5579257011413574,5350
2019-08-28,2.939940929412842,3.119936943054199,2.939940929412842,2.9999399185180664,2.5579257011413574,152203
2019-08-29,3.0599379539489746,3.0599379539489746,2.879941940307617,2.9999399185180664,2.5579257011413574,300006
2019-08-30,2.939940929412842,2.9999399185180664,2.879941940307617,2.9999399185180664,2.5579257011413574,117932
2019-09-02,2.939940929412842,2.9999399185180664,2.879941940307617,2.939940929412842,2.5067670345306396,31800
2019-09-03,2.9999399185180664,2.9999399185180664,2.879941940307617,2.939940929412842,2.5067670345306396,32500
2019-09-04,2.939940929412842,2.9999399185180664,2.939940929412842,2.939940929412842,2.5067670345306396,181994
2019-09-05,2.939940929412842,2.9999399185180664,2.939940929412842,2.939940929412842,2.5067670345306396,95963
2019-09-06,2.9999399185180664,3.119936943054199,2.939940929412842,3.0599379539489746,2.609083414077759,363617
2019-09-09,3.0599379539489746,3.0599379539489746,2.939940929412842,2.9999399185180664,2.5579257011413574,387811
2019-09-10,2.879941940307617,2.9999399185180664,2.879941940307617,2.939940929412842,2.5067670345306396,152303
2019-09-11,2.939940929412842,2.939940929412842,2.939940929412842,2.939940929412842,2.5067670345306396,66388
2019-09-12,3.0599379539489746,3.119936943054199,2.9999399185180664,3.0599379539489746,2.609083414077759,573343
2019-09-13,3.0599379539489746,3.119936943054199,3.0599379539489746,3.0599379539489746,2.609083414077759,208804
2019-09-16,3.0599379539489746,3.2399349212646484,3.0599379539489746,3.2399349212646484,2.762559652328491,354043
2019-09-17,3.2399349212646484,3.5999279022216797,3.2399349212646484,3.3599319458007812,2.8648760318756104,999019
2019-09-18,3.419930934906006,3.419930934906006,3.299933910369873,3.3599319458007812,2.8648760318756104,171903
2019-09-19,3.299933910369873,3.3599319458007812,3.179935932159424,3.3599319458007812,2.8648760318756104,242104
2019-09-20,3.3599319458007812,3.4799299240112305,2.939940929412842,2.9999399185180664,2.5579257011413574,639692
2019-09-23,2.9999399185180664,3.299933910369873,2.9999399185180664,3.2399349212646484,2.762559652328491,635089
2019-09-24,3.2399349212646484,3.299933910369873,3.119936943054199,3.119936943054199,2.6602423191070557,131469
2019-09-25,3.119936943054199,3.119936943054199,3.0599379539489746,3.0599379539489746,2.609083414077759,214454
2019-09-26,3.0599379539489746,3.119936943054199,3.0599379539489746,3.0599379539489746,2.609083414077759,173533
2019-09-27,3.0599379539489746,3.119936943054199,2.9999399185180664,3.119936943054199,2.6602423191070557,264887
2019-09-30,3.119936943054199,3.299933910369873,3.119936943054199,3.179935932159424,2.7114009857177734,467244
2019-10-02,3.119936943054199,3.179935932159424,3.0599379539489746,3.119936943054199,2.6602423191070557,38267
2019-10-03,3.119936943054199,3.119936943054199,2.9999399185180664,3.119936943054199,2.6602423191070557,247315
2019-10-04,3.119936943054199,3.119936943054199,2.9999399185180664,3.0599379539489746,2.609083414077759,279909
2019-10-08,3.0599379539489746,3.119936943054199,3.0599379539489746,3.119936943054199,2.6602423191070557,135858
2019-10-09,2.9999399185180664,3.0599379539489746,2.9999399185180664,3.0599379539489746,2.609083414077759,150993
2019-10-10,3.0599379539489746,3.0599379539489746,2.9999399185180664,3.0599379539489746,2.609083414077759,65949
2019-10-11,2.9999399185180664,3.119936943054199,2.9999399185180664,3.119936943054199,2.6602423191070557,331014
2019-10-14,2.9999399185180664,3.119936943054199,2.9999399185180664,3.119936943054199,2.6602423191070557,78314
2019-10-15,2.9999399185180664,3.119936943054199,2.9999399185180664,3.119936943054199,2.6602423191070557,226887
2019-10-16,3.0599379539489746,3.119936943054199,2.9999399185180664,2.9999399185180664,2.5579257011413574,316155
2019-10-17,2.9999399185180664,2.9999399185180664,2.939940929412842,2.9999399185180664,2.5579257011413574,817266
2019-10-18,2.939940929412842,2.9999399185180664,2.939940929412842,2.9999399185180664,2.5579257011413574,61457
2019-10-21,2.9999399185180664,3.0599379539489746,2.9999399185180664,3.0599379539489746,2.609083414077759,86701
2019-10-22,2.939940929412842,3.0599379539489746,2.939940929412842,2.9999399185180664,2.5579257011413574,68609
2019-10-23,2.9999399185180664,2.9999399185180664,2.939940929412842,2.9999399185180664,2.5579257011413574,285902
2019-10-24,2.939940929412842,2.9999399185180664,2.939940929412842,2.9999399185180664,2.5579257011413574,125202
2019-10-25,2.9999399185180664,2.9999399185180664,2.939940929412842,2.939940929412842,2.5067670345306396,264255
2019-10-28,2.9999399185180664,2.9999399185180664,2.939940929412842,2.939940929412842,2.5067670345306396,309106
2019-10-29,2.939940929412842,2.9999399185180664,2.939940929412842,2.9999399185180664,2.5579257011413574,55967
2019-10-30,2.939940929412842,2.9999399185180664,2.939940929412842,2.939940929412842,2.5067670345306396,100138
2019-10-31,2.939940929412842,3.0599379539489746,2.939940929412842,2.939940929412842,2.5067670345306396,186203
2019-11-01,2.9999399185180664,2.9999399185180664,2.939940929412842,2.9999399185180664,2.5579257011413574,77435
2019-11-04,2.939940929412842,2.9999399185180664,2.939940929412842,2.9999399185180664,2.5579257011413574,229932
2019-11-05,2.9999399185180664,2.9999399185180664,2.939940929412842,2.9999399185180664,2.5579257011413574,141253
2019-11-06,2.9999399185180664,3.119936943054199,2.9999399185180664,3.0599379539489746,2.609083414077759,279155
2019-11-07,3.0599379539489746,3.119936943054199,3.0599379539489746,3.0599379539489746,2.609083414077759,263205
2019-11-08,3.0599379539489746,3.119936943054199,3.0599379539489746,3.119936943054199,2.6602423191070557,316069
2019-11-11,3.0599379539489746,3.0599379539489746,2.9999399185180664,3.0599379539489746,2.609083414077759,61873
2019-11-12,3.0599379539489746,3.0599379539489746,2.9999399185180664,3.0599379539489746,2.609083414077759,114069
2019-11-13,3.0599379539489746,3.0599379539489746,2.9999399185180664,3.0599379539489746,2.609083414077759,339406
2019-11-14,3.179935932159424,3.3599319458007812,3.179935932159424,3.2399349212646484,2.762559652328491,1539180
2019-11-15,3.3599319458007812,3.3599319458007812,3.119936943054199,3.179935932159424,2.7114009857177734,386901
2019-11-18,3.119936943054199,3.179935932159424,3.119936943054199,3.179935932159424,2.7114009857177734,55917
2019-11-19,3.119936943054199,3.2399349212646484,3.119936943054199,3.2399349212646484,2.762559652328491,76711
2019-11-20,3.179935932159424,3.179935932159424,3.119936943054199,3.179935932159424,2.7114009857177734,128862
2019-11-21,3.179935932159424,3.179935932159424,3.119936943054199,3.179935932159424,2.7114009857177734,41317
2019-11-22,3.179935932159424,3.179935932159424,3.119936943054199,3.179935932159424,2.7114009857177734,117610
2019-11-25,3.179935932159424,3.179935932159424,3.0599379539489746,3.179935932159424,2.7114009857177734,109402
2019-11-26,3.119936943054199,3.179935932159424,3.119936943054199,3.179935932159424,2.7114009857177734,156353
2019-11-27,3.0599379539489746,3.2399349212646484,3.0599379539489746,3.179935932159424,2.7114009857177734,119932
2019-11-28,3.179935932159424,3.299933910369873,3.119936943054199,3.299933910369873,2.813718318939209,324976
2019-11-29,3.299933910369873,3.299933910369873,3.119936943054199,3.2399349212646484,2.762559652328491,119052
2019-12-02,3.2399349212646484,3.419930934906006,3.179935932159424,3.299933910369873,2.813718318939209,590281
2019-12-03,3.2399349212646484,3.2399349212646484,3.179935932159424,3.2399349212646484,2.762559652328491,296655
2019-12-04,3.119936943054199,3.2399349212646484,3.119936943054199,3.179935932159424,2.7114009857177734,112009
2019-12-05,3.179935932159424,3.2399349212646484,3.119936943054199,3.2399349212646484,2.762559652328491,50901
2019-12-06,3.2399349212646484,3.2399349212646484,3.179935932159424,3.2399349212646484,2.762559652328491,86868
2019-12-09,3.2399349212646484,3.2399349212646484,3.119936943054199,3.179935932159424,2.7114009857177734,177120
2019-12-10,3.179935932159424,3.2399349212646484,3.119936943054199,3.2399349212646484,2.762559652328491,308107
2019-12-11,3.119936943054199,3.2399349212646484,3.119936943054199,3.2399349212646484,2.762559652328491,38612
2019-12-12,3.179935932159424,3.299933910369873,3.179935932159424,3.299933910369873,2.813718318939209,319469
2019-12-13,3.299933910369873,3.299933910369873,3.179935932159424,3.299933910369873,2.813718318939209,86244
2019-12-16,3.299933910369873,3.299933910369873,3.2399349212646484,3.299933910369873,2.813718318939209,123702
2019-12-17,3.299933910369873,3.3599319458007812,3.2399349212646484,3.3599319458007812,2.8648760318756104,176470
2019-12-18,3.299933910369873,3.299933910369873,3.2399349212646484,3.299933910369873,2.813718318939209,63175
2019-12-19,3.2399349212646484,3.2399349212646484,3.179935932159424,3.2399349212646484,2.762559652328491,105913
2019-12-20,3.179935932159424,3.2399349212646484,3.119936943054199,3.2399349212646484,2.762559652328491,310929
2019-12-23,3.2399349212646484,3.3599319458007812,3.2399349212646484,3.299933910369873,2.813718318939209,113792
2019-12-24,3.299933910369873,3.3599319458007812,3.299933910369873,3.299933910369873,2.813718318939209,154553
2019-12-27,3.3599319458007812,3.419930934906006,3.3599319458007812,3.419930934906006,2.916034698486328,158186
2019-12-30,3.419930934906006,3.5999279022216797,3.419930934906006,3.539928913116455,3.0183522701263428,555877
2019-12-31,3.539928913116455,3.539928913116455,3.4799299240112305,3.4799299240112305,2.967193603515625,137552
2020-01-02,3.4799299240112305,3.539928913116455,3.419930934906006,3.539928913116455,3.0183522701263428,163408
2020-01-03,3.4799299240112305,3.539928913116455,3.419930934906006,3.4799299240112305,2.967193603515625,324104
2020-01-06,3.4799299240112305,3.4799299240112305,3.3599319458007812,3.3599319458007812,2.8648760318756104,230554
2020-01-07,3.3599319458007812,3.3599319458007812,3.299933910369873,3.3599319458007812,2.8648760318756104,332573
2020-01-08,3.299933910369873,3.299933910369873,3.179935932159424,3.2399349212646484,2.762559652328491,380907
2020-01-09,3.2399349212646484,3.3599319458007812,3.2399349212646484,3.3599319458007812,2.8648760318756104,221419
2020-01-10,3.3599319458007812,3.3599319458007812,3.2399349212646484,3.299933910369873,2.813718318939209,282531
2020-01-13,3.299933910369873,3.299933910369873,3.2399349212646484,3.299933910369873,2.813718318939209,203557
2020-01-14,3.299933910369873,3.299933910369873,3.179935932159424,3.2399349212646484,2.762559652328491,105057
2020-01-15,3.2399349212646484,3.2399349212646484,3.179935932159424,3.2399349212646484,2.762559652328491,8123
2020-01-16,3.2399349212646484,3.299933910369873,3.179935932159424,3.2399349212646484,2.762559652328491,150522
2020-01-17,3.2399349212646484,3.2399349212646484,3.179935932159424,3.179935932159424,2.7114009857177734,13276
2020-01-20,3.179935932159424,3.299933910369873,3.179935932159424,3.2399349212646484,2.762559652328491,99505
2020-01-21,3.2399349212646484,3.2399349212646484,3.119936943054199,3.179935932159424,2.7114009857177734,201884
2020-01-22,3.119936943054199,3.2399349212646484,3.119936943054199,3.2399349212646484,2.762559652328491,51051
2020-01-23,3.2399349212646484,3.2399349212646484,3.119936943054199,3.179935932159424,2.7114009857177734,125452
2020-01-24,3.179935932159424,3.2399349212646484,3.119936943054199,3.2399349212646484,2.762559652328491,87784
2020-01-29,3.119936943054199,3.179935932159424,2.9999399185180664,3.0599379539489746,2.609083414077759,386641
2020-01-30,2.9999399185180664,3.179935932159424,2.9999399185180664,3.0599379539489746,2.609083414077759,767592
2020-01-31,3.0599379539489746,3.119936943054199,3.0599379539489746,3.119936943054199,2.6602423191070557,103532
2020-02-03,3.119936943054199,3.119936943054199,3.0599379539489746,3.0599379539489746,2.609083414077759,99947
2020-02-04,3.0599379539489746,3.179935932159424,2.9999399185180664,3.119936943054199,2.6602423191070557,443075
2020-02-05,3.119936943054199,3.2399349212646484,3.119936943054199,3.179935932159424,2.7114009857177734,645414
2020-02-06,3.179935932159424,3.2399349212646484,3.119936943054199,3.2399349212646484,2.762559652328491,172603
2020-02-07,3.2399349212646484,3.2399349212646484,3.119936943054199,3.179935932159424,2.7114009857177734,104702
2020-02-10,3.119936943054199,3.179935932159424,3.0599379539489746,3.119936943054199,2.6602423191070557,99152
2020-02-11,3.119936943054199,3.179935932159424,3.119936943054199,3.119936943054199,2.6602423191070557,104652
2020-02-12,3.119936943054199,3.179935932159424,3.119936943054199,3.119936943054199,2.6602423191070557,58237
2020-02-13,3.0599379539489746,3.179935932159424,3.0599379539489746,3.0599379539489746,2.609083414077759,66501
2020-02-14,3.0599379539489746,3.299933910369873,3.0599379539489746,3.2399349212646484,2.762559652328491,375413
2020-02-17,3.2399349212646484,3.419930934906006,3.2399349212646484,3.299933910369873,2.813718318939209,555254
2020-02-18,3.299933910369873,3.299933910369873,3.179935932159424,3.299933910369873,2.813718318939209,106222
2020-02-19,3.2399349212646484,3.299933910369873,3.179935932159424,3.2399349212646484,2.762559652328491,274139
2020-02-20,3.2399349212646484,3.2399349212646484,3.179935932159424,3.2399349212646484,2.762559652328491,128202
2020-02-21,3.2399349212646484,3.2399349212646484,3.179935932159424,3.2399349212646484,2.762559652328491,35253
2020-02-24,3.2399349212646484,3.2399349212646484,3.179935932159424,3.2399349212646484,2.762559652328491,146186
2020-02-25,3.179935932159424,3.2399349212646484,3.179935932159424,3.179935932159424,2.7114009857177734,66523
2020-02-26,3.179935932159424,3.2399349212646484,3.179935932159424,3.2399349212646484,2.762559652328491,88953
2020-02-27,3.2399349212646484,3.2399349212646484,3.179935932159424,3.2399349212646484,2.762559652328491,42000
2020-02-28,3.179935932159424,3.179935932159424,3.0599379539489746,3.119936943054199,2.6602423191070557,450242
2020-03-02,3.0599379539489746,3.179935932159424,3.0599379539489746,3.119936943054199,2.6602423191070557,220464
2020-03-03,3.119936943054199,3.119936943054199,3.0599379539489746,3.119936943054199,2.6602423191070557,255005
2020-03-04,3.119936943054199,3.119936943054199,3.0599379539489746,3.0599379539489746,2.609083414077759,44950
2020-03-05,3.0599379539489746,3.179935932159424,3.0599379539489746,3.119936943054199,2.6602423191070557,158098
2020-03-06,3.119936943054199,3.179935932159424,3.0599379539489746,3.0599379539489746,2.609083414077759,44720
2020-03-09,3.0599379539489746,3.119936943054199,2.9999399185180664,3.0599379539489746,2.609083414077759,559676
2020-03-10,2.9999399185180664,3.0599379539489746,2.9999399185180664,2.9999399185180664,2.5579257011413574,242483
2020-03-11,3.0599379539489746,3.119936943054199,3.0599379539489746,3.0599379539489746,2.609083414077759,83700
2020-03-12,3.0599379539489746,3.119936943054199,2.9999399185180664,3.0599379539489746,2.609083414077759,390075
2020-03-13,2.9999399185180664,2.9999399185180664,2.879941940307617,2.939940929412842,2.5067670345306396,654450
2020-03-16,2.939940929412842,2.939940929412842,2.6999459266662598,2.759943962097168,2.3532910346984863,302956
2020-03-17,2.6999459266662598,2.6999459266662598,2.6999459266662598,2.6999459266662598,2.3021328449249268,0
2020-03-18,2.759943962097168,2.939940929412842,2.519948959350586,2.6999459266662598,2.3021328449249268,567296
2020-03-19,2.639946937561035,2.6999459266662598,2.4599499702453613,2.5799479484558105,2.1998157501220703,574168
2020-03-20,2.5799479484558105,2.8199429512023926,2.5799479484558105,2.8199429512023926,2.404449701309204,309149
2020-03-23,2.6999459266662598,2.6999459266662598,2.5799479484558105,2.6999459266662598,2.3021328449249268,140162
2020-03-24,2.759943962097168,2.759943962097168,2.639946937561035,2.759943962097168,2.3532910346984863,100926
2020-03-25,2.759943962097168,2.8199429512023926,2.759943962097168,2.759943962097168,2.3532910346984863,27887
2020-03-26,2.6999459266662598,2.8199429512023926,2.6999459266662598,2.759943962097168,2.3532910346984863,55101
2020-03-27,2.8199429512023926,2.939940929412842,2.759943962097168,2.8199429512023926,2.404449701309204,241105
2020-03-30,2.8199429512023926,2.8199429512023926,2.639946937561035,2.6999459266662598,2.3021328449249268,159153
2020-03-31,2.6999459266662598,2.759943962097168,2.639946937561035,2.6999459266662598,2.3021328449249268,181633
2020-04-01,2.6999459266662598,2.759943962097168,2.639946937561035,2.6999459266662598,2.3021328449249268,308250
2020-04-02,2.639946937561035,2.6999459266662598,2.639946937561035,2.6999459266662598,2.3021328449249268,168253
2020-04-03,2.639946937561035,2.6999459266662598,2.639946937561035,2.6999459266662598,2.3021328449249268,194713
2020-04-06,2.6999459266662598,2.759943962097168,2.639946937561035,2.639946937561035,2.250974416732788,217505
2020-04-07,2.639946937561035,2.6999459266662598,2.5799479484558105,2.639946937561035,2.250974416732788,179960
2020-04-08,2.5799479484558105,2.6999459266662598,2.5799479484558105,2.5799479484558105,2.1998157501220703,68005
2020-04-09,2.5799479484558105,2.6999459266662598,2.5799479484558105,2.639946937561035,2.250974416732788,67601
2020-04-14,2.639946937561035,2.6999459266662598,2.5799479484558105,2.6999459266662598,2.3021328449249268,225165
2020-04-15,2.639946937561035,2.6999459266662598,2.639946937561035,2.639946937561035,2.250974416732788,53339
2020-04-16,2.639946937561035,2.6999459266662598,2.5799479484558105,2.639946937561035,2.250974416732788,20617
2020-04-17,2.639946937561035,2.6999459266662598,2.639946937561035,2.6999459266662598,2.3021328449249268,107924
2020-04-20,2.6999459266662598,2.6999459266662598,2.639946937561035,2.639946937561035,2.250974416732788,102802
2020-04-21,2.639946937561035,2.6999459266662598,2.639946937561035,2.639946937561035,2.250974416732788,102152
2020-04-22,2.639946937561035,2.6999459266662598,2.639946937561035,2.639946937561035,2.250974416732788,132632
2020-04-23,2.639946937561035,2.6999459266662598,2.639946937561035,2.639946937561035,2.250974416732788,144072
2020-04-24,2.639946937561035,2.6999459266662598,2.5799479484558105,2.639946937561035,2.250974416732788,427764
2020-04-27,2.639946937561035,2.6999459266662598,2.639946937561035,2.639946937561035,2.250974416732788,52201
2020-04-28,2.639946937561035,2.639946937561035,2.519948959350586,2.639946937561035,2.250974416732788,188218
2020-04-29,2.519948959350586,2.639946937561035,2.519948959350586,2.639946937561035,2.250974416732788,9731
2020-05-04,2.519948959350586,2.5799479484558105,2.519948959350586,2.5799479484558105,2.1998157501220703,126789
2020-05-05,2.5799479484558105,2.639946937561035,2.5799479484558105,2.639946937561035,2.250974416732788,137052
2020-05-06,2.639946937561035,2.639946937561035,2.5799479484558105,2.639946937561035,2.250974416732788,85401
2020-05-07,2.5799479484558105,2.639946937561035,2.5799479484558105,2.639946937561035,2.250974416732788,82251
2020-05-08,2.5799479484558105,2.6999459266662598,2.5799479484558105,2.639946937561035,2.250974416732788,73018
2020-05-11,2.5799479484558105,2.6999459266662598,2.5799479484558105,2.6999459266662598,2.3021328449249268,200180
2020-05-12,2.6999459266662598,2.6999459266662598,2.639946937561035,2.6999459266662598,2.3021328449249268,71101
2020-05-13,2.639946937561035,2.759943962097168,2.639946937561035,2.759943962097168,2.3532910346984863,307193
2020-05-14,2.759943962097168,2.8199429512023926,2.6999459266662598,2.6999459266662598,2.3021328449249268,397370
2020-05-15,2.6999459266662598,2.8199429512023926,2.6999459266662598,2.6999459266662598,2.3021328449249268,70586
2020-05-18,2.6999459266662598,2.759943962097168,2.6999459266662598,2.759943962097168,2.3532910346984863,92951
2020-05-19,2.6999459266662598,2.759943962097168,2.6999459266662598,2.6999459266662598,2.3021328449249268,66994
2020-05-20,2.6999459266662598,2.759943962097168,2.6999459266662598,2.6999459266662598,2.3021328449249268,35850
2020-05-21,2.759943962097168,2.8199429512023926,2.759943962097168,2.759943962097168,2.3532910346984863,112102
2020-05-22,2.6999459266662598,2.6999459266662598,2.5799479484558105,2.5799479484558105,2.1998157501220703,388357
2020-05-25,2.5799479484558105,2.5799479484558105,2.519948959350586,2.5799479484558105,2.1998157501220703,318946
2020-05-26,2.5799479484558105,2.5799479484558105,2.519948959350586,2.5799479484558105,2.1998157501220703,78501
2020-05-27,2.519948959350586,2.5799479484558105,2.519948959350586,2.5799479484558105,2.1998157501220703,58057
2020-05-28,2.519948959350586,2.519948959350586,2.399951934814453,2.519948959350586,2.1486570835113525,273354
2020-05-29,2.519948959350586,2.519948959350586,2.399951934814453,2.399951934814453,2.0463404655456543,128230
2020-06-01,2.4599499702453613,2.5799479484558105,2.2199549674987793,2.399951934814453,2.0463404655456543,685684
2020-06-02,2.399951934814453,2.519948959350586,2.399951934814453,2.399951934814453,2.0463404655456543,97992
2020-06-03,2.399951934814453,2.519948959350586,2.3399529457092285,2.399951934814453,2.0463404655456543,222200
2020-06-04,2.4599499702453613,2.4599499702453613,2.3399529457092285,2.3399529457092285,1.995181679725647,165695
2020-06-05,2.3399529457092285,2.4599499702453613,2.3399529457092285,2.4599499702453613,2.0974984169006348,464213
2020-06-08,2.4599499702453613,2.519948959350586,2.399951934814453,2.4599499702453613,2.0974984169006348,101148
2020-06-09,2.399951934814453,2.4599499702453613,2.3399529457092285,2.4599499702453613,2.0974984169006348,201160
2020-06-10,2.4599499702453613,2.4599499702453613,2.3399529457092285,2.3399529457092285,1.995181679725647,52222
2020-06-11,2.3399529457092285,2.4599499702453613,2.2199549674987793,2.399951934814453,2.0463404655456543,526860
2020-06-12,2.3399529457092285,2.3399529457092285,2.279953956604004,2.3399529457092285,1.995181679725647,128405
2020-06-15,2.3399529457092285,2.399951934814453,2.279953956604004,2.3399529457092285,1.995181679725647,27783
2020-06-16,2.3399529457092285,2.399951934814453,2.279953956604004,2.399951934814453,2.0463404655456543,67168
2020-06-17,2.399951934814453,2.399951934814453,2.279953956604004,2.3399529457092285,1.995181679725647,114099
2020-06-18,2.3399529457092285,2.399951934814453,2.279953956604004,2.3399529457092285,1.995181679725647,136440
2020-06-19,2.399951934814453,2.399951934814453,2.279953956604004,2.3399529457092285,1.995181679725647,315993
2020-06-22,2.279953956604004,2.3399529457092285,2.2199549674987793,2.279953956604004,1.9440231323242188,268278
2020-06-23,2.2199549674987793,2.279953956604004,2.1599559783935547,2.279953956604004,1.9440231323242188,126602
2020-06-24,2.279953956604004,2.3399529457092285,2.279953956604004,2.3399529457092285,1.995181679725647,179038
2020-06-26,2.3399529457092285,2.3399529457092285,2.279953956604004,2.3399529457092285,1.995181679725647,38331
2020-06-29,2.279953956604004,2.279953956604004,2.2199549674987793,2.2199549674987793,1.892864465713501,39900
2020-06-30,2.279953956604004,2.279953956604004,2.279953956604004,2.279953956604004,1.9440231323242188,277610
2020-07-02,2.279953956604004,2.279953956604004,2.2199549674987793,2.279953956604004,1.9440231323242188,291196
2020-07-03,2.279953956604004,2.279953956604004,2.2199549674987793,2.2199549674987793,1.892864465713501,93238
2020-07-06,2.279953956604004,2.399951934814453,2.2199549674987793,2.3399529457092285,1.995181679725647,361841
2020-07-07,2.399951934814453,2.399951934814453,2.279953956604004,2.279953956604004,1.9440231323242188,339166
2020-07-08,2.279953956604004,2.3399529457092285,2.2199549674987793,2.3399529457092285,1.995181679725647,166372
2020-07-09,2.3399529457092285,2.639946937561035,2.3399529457092285,2.639946937561035,2.250974416732788,1550881
2020-07-10,2.5799479484558105,2.639946937561035,2.399951934814453,2.4599499702453613,2.0974984169006348,415458
2020-07-13,2.4599499702453613,2.6999459266662598,2.4599499702453613,2.5799479484558105,2.1998157501220703,526124
2020-07-14,2.5799479484558105,2.639946937561035,2.4599499702453613,2.639946937561035,2.250974416732788,168203
2020-07-15,2.639946937561035,2.879941940307617,2.639946937561035,2.759943962097168,2.3532910346984863,1118765
2020-07-16,2.6999459266662598,2.759943962097168,2.5799479484558105,2.6999459266662598,2.3021328449249268,469671
2020-07-17,2.6999459266662598,3.179935932159424,2.5799479484558105,3.179935932159424,2.7114009857177734,1952525
2020-07-20,3.299933910369873,3.4799299240112305,3.0599379539489746,3.179935932159424,2.7114009857177734,3392194
2020-07-21,3.179935932159424,3.2399349212646484,2.879941940307617,3.0599379539489746,2.609083414077759,1069455
2020-07-22,3.0599379539489746,3.0599379539489746,2.879941940307617,2.879941940307617,2.455608367919922,1093111
2020-07-23,2.939940929412842,2.9999399185180664,2.879941940307617,2.939940929412842,2.5067670345306396,210954
2020-07-24,2.939940929412842,2.939940929412842,2.6999459266662598,2.8199429512023926,2.404449701309204,1039745
2020-07-27,2.8199429512023926,2.879941940307617,2.6999459266662598,2.759943962097168,2.3532910346984863,505176
2020-07-28,2.759943962097168,2.879941940307617,2.6999459266662598,2.879941940307617,2.455608367919922,307724
2020-07-29,2.8199429512023926,2.879941940307617,2.759943962097168,2.8199429512023926,2.404449701309204,265520
2020-07-30,2.8199429512023926,2.9999399185180664,2.8199429512023926,2.939940929412842,2.5067670345306396,360075
2020-07-31,2.939940929412842,2.939940929412842,2.879941940307617,2.939940929412842,2.5067670345306396,46653
2020-08-03,2.939940929412842,2.939940929412842,2.8199429512023926,2.879941940307617,2.455608367919922,356997
2020-08-04,2.879941940307617,2.879941940307617,2.759943962097168,2.879941940307617,2.455608367919922,224117
2020-08-05,2.8199429512023926,2.879941940307617,2.8199429512023926,2.879941940307617,2.455608367919922,32700
2020-08-06,2.759943962097168,2.879941940307617,2.759943962097168,2.879941940307617,2.455608367919922,78101
2020-08-07,2.879941940307617,2.8199429512023926,2.759943962097168,2.8199429512023926,2.404449701309204,138686
2020-08-10,2.759943962097168,3.0599379539489746,2.759943962097168,3.0599379539489746,2.609083414077759,812033
2020-08-11,2.9999399185180664,3.119936943054199,2.939940929412842,2.9999399185180664,2.5579257011413574,606292
2020-08-12,2.939940929412842,2.939940929412842,2.879941940307617,2.939940929412842,2.5067670345306396,299772
2020-08-13,2.939940929412842,2.9999399185180664,2.939940929412842,2.9999399185180664,2.5579257011413574,105702
2020-08-14,2.939940929412842,3.0599379539489746,2.939940929412842,3.0599379539489746,2.609083414077759,149097
2020-08-17,2.9999399185180664,3.0599379539489746,2.939940929412842,2.9999399185180664,2.5579257011413574,283312
2020-08-18,2.9999399185180664,3.0599379539489746,2.9999399185180664,3.0599379539489746,2.609083414077759,346506
2020-08-19,2.9999399185180664,3.0599379539489746,2.939940929412842,3.0599379539489746,2.609083414077759,146202
2020-08-20,2.9999399185180664,2.9999399185180664,2.939940929412842,2.9999399185180664,2.5579257011413574,103168
2020-08-21,2.9999399185180664,2.9999399185180664,2.939940929412842,2.9999399185180664,2.5579257011413574,349712
2020-08-24,2.939940929412842,2.9999399185180664,2.939940929412842,2.9999399185180664,2.5579257011413574,198543
2020-08-25,3.0599379539489746,3.0599379539489746,2.939940929412842,2.939940929412842,2.5067670345306396,204122
2020-08-26,2.939940929412842,2.9999399185180664,2.939940929412842,2.9999399185180664,2.5579257011413574,99325
2020-08-27,2.9999399185180664,2.9999399185180664,2.939940929412842,2.9999399185180664,2.5579257011413574,202554
2020-08-28,2.939940929412842,2.9999399185180664,2.939940929412842,2.9999399185180664,2.5579257011413574,275322
2020-08-31,2.9999399185180664,2.9999399185180664,2.879941940307617,2.879941940307617,2.455608367919922,382146
2020-09-01,2.879941940307617,2.939940929412842,2.8199429512023926,2.939940929412842,2.5067670345306396,47900
2020-09-02,2.939940929412842,2.939940929412842,2.8199429512023926,2.879941940307617,2.455608367919922,271596
2020-09-03,2.8199429512023926,2.879941940307617,2.8199429512023926,2.879941940307617,2.455608367919922,41810
2020-09-04,2.8199429512023926,2.8199429512023926,2.759943962097168,2.8199429512023926,2.404449701309204,99351
2020-09-07,2.759943962097168,2.879941940307617,2.6999459266662598,2.8199429512023926,2.404449701309204,318526
2020-09-08,2.759943962097168,2.8199429512023926,2.6999459266662598,2.8199429512023926,2.404449701309204,122250
2020-09-09,2.759943962097168,2.8199429512023926,2.759943962097168,2.8199429512023926,2.404449701309204,161503
2020-09-10,2.8199429512023926,2.879941940307617,2.8199429512023926,2.879941940307617,2.455608367919922,335723
2020-09-11,2.879941940307617,2.9999399185180664,2.879941940307617,2.939940929412842,2.5067670345306396,304856
2020-09-14,2.939940929412842,2.9999399185180664,2.879941940307617,2.939940929412842,2.5067670345306396,83052
2020-09-15,2.879941940307617,2.939940929412842,2.8199429512023926,2.939940929412842,2.5067670345306396,57282
2020-09-16,2.8199429512023926,2.879941940307617,2.759943962097168,2.8199429512023926,2.404449701309204,846216
2020-09-17,2.8199429512023926,2.879941940307617,2.759943962097168,2.879941940307617,2.455608367919922,272575
2020-09-18,2.759943962097168,2.9999399185180664,2.759943962097168,2.879941940307617,2.455608367919922,1839723
2020-09-21,2.879941940307617,2.879941940307617,2.759943962097168,2.8199429512023926,2.404449701309204,179230
2020-09-22,2.8199429512023926,2.879941940307617,2.8199429512023926,2.8199429512023926,2.404449701309204,130172
2020-09-23,2.8199429512023926,2.8199429512023926,2.639946937561035,2.759943962097168,2.3532910346984863,413971
2020-09-24,2.6999459266662598,2.759943962097168,2.639946937561035,2.6999459266662598,2.3021328449249268,133085
2020-09-25,2.6999459266662598,2.759943962097168,2.639946937561035,2.6999459266662598,2.3021328449249268,190332
2020-09-28,2.6999459266662598,2.759943962097168,2.5799479484558105,2.759943962097168,2.3532910346984863,237154
2020-09-29,2.6999459266662598,2.6999459266662598,2.639946937561035,2.639946937561035,2.250974416732788,35550
2020-09-30,2.6999459266662598,2.6999459266662598,2.519948959350586,2.639946937561035,2.250974416732788,792059
2020-10-05,2.5799479484558105,2.639946937561035,2.519948959350586,2.5799479484558105,2.1998157501220703,133837
2020-10-06,2.5799479484558105,2.5799479484558105,2.519948959350586,2.519948959350586,2.1486570835113525,184610
2020-10-07,2.519948959350586,2.5799479484558105,2.4599499702453613,2.5799479484558105,2.1998157501220703,295405
2020-10-08,2.519948959350586,2.5799479484558105,2.4599499702453613,2.519948959350586,2.1486570835113525,155427
2020-10-09,2.4599499702453613,2.5799479484558105,2.4599499702453613,2.5799479484558105,2.1998157501220703,167239
2020-10-12,2.639946937561035,2.639946937561035,2.399951934814453,2.4599499702453613,2.0974984169006348,683397
2020-10-14,2.4599499702453613,2.519948959350586,2.399951934814453,2.4599499702453613,2.0974984169006348,111102
2020-10-15,2.4599499702453613,2.4599499702453613,2.3399529457092285,2.4599499702453613,2.0974984169006348,339686
2020-10-16,2.4599499702453613,2.4599499702453613,2.279953956604004,2.3399529457092285,1.995181679725647,578911
2020-10-19,2.3399529457092285,2.399951934814453,2.279953956604004,2.279953956604004,1.9440231323242188,552648
2020-10-20,2.279953956604004,2.399951934814453,2.279953956604004,2.399951934814453,2.0463404655456543,177353
2020-10-21,2.279953956604004,2.3399529457092285,2.279953956604004,2.279953956604004,1.9440231323242188,166419
2020-10-22,2.3399529457092285,2.3399529457092285,2.2199549674987793,2.279953956604004,1.9440231323242188,584345
2020-10-23,2.2199549674987793,2.3399529457092285,2.2199549674987793,2.3399529457092285,1.995181679725647,127279
2020-10-27,2.279953956604004,2.3399529457092285,2.2199549674987793,2.2199549674987793,1.892864465713501,507737
2020-10-28,2.279953956604004,2.279953956604004,2.1599559783935547,2.1599559783935547,1.8417059183120728,306106
2020-10-29,2.1599559783935547,2.279953956604004,2.0999579429626465,2.1599559783935547,1.8417059183120728,680184
2020-10-30,2.2199549674987793,2.2199549674987793,2.0999579429626465,2.1599559783935547,1.8417059183120728,355091
2020-11-02,2.1599559783935547,2.1599559783935547,2.0999579429626465,2.1599559783935547,1.8417059183120728,182553
2020-11-03,2.1599559783935547,2.1599559783935547,2.039958953857422,2.1599559783935547,1.8417059183120728,342058
2020-11-04,2.039958953857422,2.2199549674987793,2.039958953857422,2.1599559783935547,1.8417059183120728,254605
2020-11-05,2.1599559783935547,2.2199549674987793,2.0999579429626465,2.1599559783935547,1.8417059183120728,124709
2020-11-06,2.1599559783935547,2.2199549674987793,2.0999579429626465,2.1599559783935547,1.8417059183120728,143752
2020-11-09,2.2199549674987793,2.279953956604004,2.1599559783935547,2.2199549674987793,1.892864465713501,209971
2020-11-10,2.1599559783935547,2.279953956604004,2.1599559783935547,2.1599559783935547,1.8417059183120728,303456
2020-11-11,2.1599559783935547,2.1599559783935547,1.9799599647521973,2.039958953857422,1.739389181137085,2999810
2020-11-12,2.039958953857422,2.1599559783935547,2.039958953857422,2.1599559783935547,1.8417059183120728,763395
2020-11-13,2.1599559783935547,2.3399529457092285,2.0999579429626465,2.3399529457092285,1.995181679725647,1053291
2020-11-16,2.3399529457092285,2.3399529457092285,2.039958953857422,2.2199549674987793,1.892864465713501,3205650
2020-11-17,2.2199549674987793,2.279953956604004,2.1599559783935547,2.279953956604004,1.9440231323242188,636312
2020-11-18,2.279953956604004,2.279953956604004,2.1599559783935547,2.2199549674987793,1.892864465713501,197553
2020-11-19,2.2199549674987793,2.279953956604004,2.0999579429626465,2.279953956604004,1.9440231323242188,231214
2020-11-20,2.279953956604004,2.279953956604004,2.1599559783935547,2.279953956604004,1.9440231323242188,184603
2020-11-23,2.1599559783935547,2.3399529457092285,2.1599559783935547,2.3399529457092285,1.995181679725647,758768
2020-11-24,2.3399529457092285,2.399951934814453,2.279953956604004,2.399951934814453,2.0463404655456543,706464
2020-11-25,2.399951934814453,2.639946937561035,2.3399529457092285,2.519948959350586,2.1486570835113525,1118220
2020-11-26,2.4599499702453613,2.6999459266662598,2.4599499702453613,2.6999459266662598,2.3021328449249268,1386231
2020-11-27,2.8199429512023926,2.879941940307617,2.639946937561035,2.6999459266662598,2.3021328449249268,2549244
2020-11-30,2.6999459266662598,2.6999459266662598,2.519948959350586,2.519948959350586,2.1486570835113525,637523
2020-12-01,2.5799479484558105,2.639946937561035,2.519948959350586,2.5799479484558105,2.1998157501220703,376457
2020-12-02,2.5799479484558105,2.639946937561035,2.519948959350586,2.639946937561035,2.250974416732788,313253
2020-12-03,2.5799479484558105,2.639946937561035,2.519948959350586,2.639946937561035,2.250974416732788,119662
2020-12-04,2.639946937561035,2.6999459266662598,2.519948959350586,2.639946937561035,2.250974416732788,309405
2020-12-07,2.5799479484558105,2.5799479484558105,2.519948959350586,2.5799479484558105,2.1998157501220703,104285
2020-12-08,2.519948959350586,2.5799479484558105,2.4599499702453613,2.5799479484558105,2.1998157501220703,309731
2020-12-09,2.5799479484558105,2.5799479484558105,2.399951934814453,2.4599499702453613,2.0974984169006348,892167
2020-12-10,2.4599499702453613,2.4599499702453613,2.399951934814453,2.4599499702453613,2.0974984169006348,178533
2020-12-11,2.399951934814453,2.4599499702453613,2.399951934814453,2.4599499702453613,2.0974984169006348,73734
2020-12-14,2.399951934814453,2.4599499702453613,2.399951934814453,2.4599499702453613,2.0974984169006348,273305
2020-12-15,2.4599499702453613,2.4599499702453613,2.279953956604004,2.3399529457092285,1.995181679725647,423408
2020-12-16,2.399951934814453,2.399951934814453,2.279953956604004,2.279953956604004,1.9440231323242188,119294
2020-12-17,2.279953956604004,2.399951934814453,2.279953956604004,2.3399529457092285,1.995181679725647,132102
2020-12-18,2.3399529457092285,2.399951934814453,2.279953956604004,2.3399529457092285,1.995181679725647,96051
2020-12-21,2.3399529457092285,2.3399529457092285,2.2199549674987793,2.279953956604004,1.9440231323242188,167603
2020-12-22,2.279953956604004,2.6999459266662598,2.279953956604004,2.519948959350586,2.1486570835113525,2320129
2020-12-23,2.519948959350586,2.519948959350586,2.4599499702453613,2.519948959350586,2.1486570835113525,228921
2020-12-24,2.519948959350586,2.519948959350586,2.519948959350586,2.519948959350586,2.1486570835113525,0
2020-12-28,2.4599499702453613,2.6999459266662598,2.4599499702453613,2.6999459266662598,2.3021328449249268,1421068
2020-12-29,2.6999459266662598,2.6999459266662598,2.639946937561035,2.639946937561035,2.250974416732788,5032173
2020-12-30,2.6999459266662598,3.2399349212646484,2.639946937561035,3.179935932159424,2.7114009857177734,11270896
2020-12-31,2.879941940307617,2.879941940307617,2.879941940307617,2.879941940307617,2.455608367919922,0
2021-01-04,2.879941940307617,3.119936943054199,2.879941940307617,2.9999399185180664,2.5579257011413574,1426629
2021-01-05,2.939940929412842,2.9999399185180664,2.8199429512023926,2.939940929412842,2.5067670345306396,2569318
2021-01-06,2.9999399185180664,3.0599379539489746,2.939940929412842,2.9999399185180664,2.5579257011413574,7113208
2021-01-07,2.9999399185180664,3.0599379539489746,2.879941940307617,2.9999399185180664,2.5579257011413574,12305649
2021-01-08,2.9999399185180664,2.9999399185180664,2.879941940307617,2.879941940307617,2.455608367919922,817433
2021-01-11,2.939940929412842,2.939940929412842,2.6999459266662598,2.759943962097168,2.3532910346984863,1094943
2021-01-12,2.759943962097168,2.8199429512023926,2.639946937561035,2.6999459266662598,2.3021328449249268,653333
2021-01-13,2.6999459266662598,2.759943962097168,2.639946937561035,2.6999459266662598,2.3021328449249268,1150723
2021-01-14,2.6999459266662598,2.8199429512023926,2.6999459266662598,2.759943962097168,2.3532910346984863,826476
2021-01-15,2.759943962097168,2.759943962097168,2.639946937561035,2.639946937561035,2.250974416732788,514560
2021-01-18,2.639946937561035,2.6999459266662598,2.519948959350586,2.639946937561035,2.250974416732788,1423378
2021-01-19,2.639946937561035,2.639946937561035,2.4599499702453613,2.519948959350586,2.1486570835113525,2262326
2021-01-20,2.519948959350586,2.639946937561035,2.519948959350586,2.5799479484558105,2.1998157501220703,815520
2021-01-21,2.5799479484558105,2.639946937561035,2.519948959350586,2.5799479484558105,2.1998157501220703,603884
2021-01-22,2.5799479484558105,2.639946937561035,2.519948959350586,2.5799479484558105,2.1998157501220703,350707
2021-01-25,2.5799479484558105,2.639946937561035,2.519948959350586,2.519948959350586,2.1486570835113525,982809
2021-01-26,2.519948959350586,2.519948959350586,2.4599499702453613,2.519948959350586,2.1486570835113525,512560
2021-01-27,2.519948959350586,2.519948959350586,2.4599499702453613,2.519948959350586,2.1486570835113525,289455
2021-01-28,2.4599499702453613,2.5799479484558105,2.4599499702453613,2.519948959350586,2.1486570835113525,667116
2021-01-29,2.5799479484558105,2.5799479484558105,2.519948959350586,2.5799479484558105,2.1998157501220703,162053
2021-02-01,2.5799479484558105,2.639946937561035,2.519948959350586,2.639946937561035,2.250974416732788,344257
2021-02-02,2.639946937561035,2.639946937561035,2.5799479484558105,2.5799479484558105,2.1998157501220703,139375
2021-02-03,2.519948959350586,2.639946937561035,2.519948959350586,2.639946937561035,2.250974416732788,270605
2021-02-04,2.639946937561035,2.639946937561035,2.5799479484558105,2.639946937561035,2.250974416732788,504604
2021-02-05,2.639946937561035,2.6999459266662598,2.5799479484558105,2.6999459266662598,2.3021328449249268,357727
2021-02-08,2.639946937561035,2.6999459266662598,2.639946937561035,2.639946937561035,2.250974416732788,344954
2021-02-09,2.639946937561035,2.939940929412842,2.639946937561035,2.939940929412842,2.5067670345306396,3784250
2021-02-10,2.939940929412842,2.9999399185180664,2.759943962097168,2.879941940307617,2.455608367919922,2693253
2021-02-11,2.8199429512023926,2.8199429512023926,2.8199429512023926,2.8199429512023926,2.404449701309204,0
2021-02-16,2.879941940307617,2.879941940307617,2.759943962097168,2.8199429512023926,2.404449701309204,1338076
2021-02-17,2.8199429512023926,2.879941940307617,2.759943962097168,2.8199429512023926,2.404449701309204,1660353
2021-02-18,2.759943962097168,2.8199429512023926,2.6999459266662598,2.759943962097168,2.3532910346984863,557972
2021-02-19,2.8199429512023926,2.8199429512023926,2.6999459266662598,2.8199429512023926,2.404449701309204,368307
2021-02-22,2.759943962097168,2.879941940307617,2.759943962097168,2.8199429512023926,2.404449701309204,739936
2021-02-23,2.8199429512023926,2.8199429512023926,2.6999459266662598,2.8199429512023926,2.404449701309204,798365
2021-02-24,3.2399349212646484,3.419930934906006,2.939940929412842,3.179935932159424,2.7114009857177734,7296592
2021-02-25,3.179935932159424,3.2399349212646484,2.9999399185180664,3.0599379539489746,2.609083414077759,1685460
2021-02-26,3.0599379539489746,3.299933910369873,2.939940929412842,3.179935932159424,2.7114009857177734,2655053
2021-03-01,3.179935932159424,3.179935932159424,3.0599379539489746,3.119936943054199,2.6602423191070557,1052431
2021-03-02,3.119936943054199,3.179935932159424,2.9999399185180664,3.0599379539489746,2.609083414077759,1010067
2021-03-03,3.0599379539489746,3.0599379539489746,2.9999399185180664,3.0599379539489746,2.609083414077759,569111
2021-03-04,2.9999399185180664,3.0599379539489746,2.939940929412842,3.0599379539489746,2.609083414077759,738398
2021-03-05,2.9999399185180664,3.179935932159424,2.939940929412842,3.179935932159424,2.7114009857177734,3368869
2021-03-08,3.119936943054199,3.2399349212646484,3.0599379539489746,3.119936943054199,2.6602423191070557,3300049
2021-03-09,3.119936943054199,3.119936943054199,2.9999399185180664,3.119936943054199,2.6602423191070557,806516
2021-03-10,3.119936943054199,3.119936943054199,2.939940929412842,3.0599379539489746,2.609083414077759,3811625
2021-03-11,2.9999399185180664,3.0599379539489746,2.9999399185180664,3.0599379539489746,2.609083414077759,528310
2021-03-12,2.9999399185180664,3.0599379539489746,2.9999399185180664,2.9999399185180664,2.5579257011413574,247815
2021-03-15,3.0599379539489746,3.119936943054199,2.939940929412842,3.0599379539489746,2.609083414077759,2334268
2021-03-16,3.0599379539489746,3.179935932159424,2.9999399185180664,3.119936943054199,2.6602423191070557,1981707
2021-03-17,3.119936943054199,3.179935932159424,3.0599379539489746,3.119936943054199,2.6602423191070557,436433
2021-03-18,3.119936943054199,3.179935932159424,3.0599379539489746,3.119936943054199,2.6602423191070557,552827
2021-03-19,3.179935932159424,3.179935932159424,3.0599379539489746,3.119936943054199,2.6602423191070557,995836
2021-03-22,3.0599379539489746,3.119936943054199,3.0599379539489746,3.0599379539489746,2.609083414077759,272805
2021-03-23,3.119936943054199,3.119936943054199,2.879941940307617,2.9999399185180664,2.5579257011413574,1664983
2021-03-24,2.939940929412842,2.939940929412842,2.8199429512023926,2.879941940307617,2.455608367919922,720450
2021-03-25,2.8199429512023926,2.939940929412842,2.8199429512023926,2.939940929412842,2.5067670345306396,315856
2021-03-26,2.939940929412842,3.0599379539489746,2.879941940307617,3.0599379539489746,2.609083414077759,440208
2021-03-29,3.0599379539489746,3.0599379539489746,2.8199429512023926,2.939940929412842,2.5067670345306396,1595565
2021-03-30,2.939940929412842,2.9999399185180664,2.879941940307617,2.939940929412842,2.5067670345306396,1192073
2021-03-31,2.939940929412842,2.9999399185180664,2.879941940307617,2.879941940307617,2.455608367919922,460064
2021-04-01,2.939940929412842,2.939940929412842,2.879941940307617,2.939940929412842,2.5067670345306396,831060
2021-04-07,2.939940929412842,3.0599379539489746,2.879941940307617,2.9999399185180664,2.5579257011413574,686580
2021-04-08,3.0599379539489746,3.0599379539489746,2.9999399185180664,3.0599379539489746,2.609083414077759,404008
2021-04-09,2.9999399185180664,3.0599379539489746,2.939940929412842,2.9999399185180664,2.5579257011413574,231468
2021-04-12,2.9999399185180664,2.9999399185180664,2.879941940307617,2.939940929412842,2.5067670345306396,864984
2021-04-13,2.939940929412842,2.939940929412842,2.879941940307617,2.939940929412842,2.5067670345306396,1354403
2021-04-14,2.9999399185180664,2.9999399185180664,2.879941940307617,2.9999399185180664,2.5579257011413574,220304
2021-04-15,2.9999399185180664,2.9999399185180664,2.939940929412842,2.9999399185180664,2.5579257011413574,74372
2021-04-16,2.939940929412842,2.9999399185180664,2.939940929412842,2.9999399185180664,2.5579257011413574,107969
2021-04-19,2.9999399185180664,2.9999399185180664,2.939940929412842,2.9999399185180664,2.5579257011413574,72151
2021-04-20,2.9999399185180664,2.9999399185180664,2.879941940307617,2.939940929412842,2.5067670345306396,752434
2021-04-21,2.879941940307617,2.939940929412842,2.879941940307617,2.939940929412842,2.5067670345306396,53260
2021-04-22,2.939940929412842,2.939940929412842,2.879941940307617,2.939940929412842,2.5067670345306396,338597
2021-04-23,2.939940929412842,2.939940929412842,2.8199429512023926,2.879941940307617,2.455608367919922,372802
2021-04-26,2.879941940307617,2.879941940307617,2.8199429512023926,2.879941940307617,2.455608367919922,86851
2021-04-27,2.879941940307617,2.879941940307617,2.8199429512023926,2.879941940307617,2.455608367919922,162713
2021-04-28,2.879941940307617,2.879941940307617,2.8199429512023926,2.879941940307617,2.455608367919922,108815
2021-04-29,2.8199429512023926,2.879941940307617,2.8199429512023926,2.879941940307617,2.455608367919922,92297
2021-04-30,2.879941940307617,2.879941940307617,2.8199429512023926,2.879941940307617,2.455608367919922,130102
2021-05-03,2.879941940307617,2.879941940307617,2.759943962097168,2.879941940307617,2.455608367919922,358057
2021-05-04,2.879941940307617,2.879941940307617,2.8199429512023926,2.8199429512023926,2.404449701309204,53834
2021-05-05,2.8199429512023926,2.879941940307617,2.8199429512023926,2.879941940307617,2.455608367919922,280628
2021-05-06,2.879941940307617,2.879941940307617,2.8199429512023926,2.8199429512023926,2.404449701309204,123955
2021-05-07,2.8199429512023926,2.879941940307617,2.759943962097168,2.879941940307617,2.455608367919922,235454
2021-05-10,2.879941940307617,2.879941940307617,2.759943962097168,2.879941940307617,2.455608367919922,240754
2021-05-11,2.879941940307617,2.879941940307617,2.6999459266662598,2.8199429512023926,2.404449701309204,438092
2021-05-12,2.8199429512023926,2.8199429512023926,2.759943962097168,2.8199429512023926,2.404449701309204,490309
2021-05-13,2.759943962097168,2.759943962097168,2.6999459266662598,2.759943962097168,2.3532910346984863,300206
2021-05-14,2.759943962097168,2.759943962097168,2.6999459266662598,2.759943962097168,2.3532910346984863,89235
2021-05-17,2.759943962097168,2.879941940307617,2.759943962097168,2.879941940307617,2.455608367919922,421138
2021-05-18,2.8199429512023926,2.879941940307617,2.759943962097168,2.879941940307617,2.455608367919922,147406
2021-05-20,2.879941940307617,2.879941940307617,2.759943962097168,2.8199429512023926,2.404449701309204,106252
2021-05-21,2.8199429512023926,2.879941940307617,2.759943962097168,2.879941940307617,2.455608367919922,98751
2021-05-24,2.879941940307617,2.879941940307617,2.759943962097168,2.879941940307617,2.455608367919922,54887
2021-05-25,2.879941940307617,2.879941940307617,2.8199429512023926,2.8199429512023926,2.404449701309204,283405
2021-05-26,2.8199429512023926,2.8199429512023926,2.759943962097168,2.8199429512023926,2.404449701309204,48711
2021-05-27,2.8199429512023926,2.879941940307617,2.759943962097168,2.879941940307617,2.455608367919922,272755
2021-05-28,2.879941940307617,2.879941940307617,2.8199429512023926,2.8199429512023926,2.404449701309204,70022
2021-05-31,2.8199429512023926,2.879941940307617,2.8199429512023926,2.879941940307617,2.455608367919922,65809
2021-06-01,2.759943962097168,2.8199429512023926,2.5799479484558105,2.6999459266662598,2.3021328449249268,2800652
2021-06-02,2.6999459266662598,2.6999459266662598,2.5799479484558105,2.6999459266662598,2.3021328449249268,519088
2021-06-03,2.6999459266662598,2.6999459266662598,2.639946937561035,2.6999459266662598,2.3021328449249268,714236
2021-06-04,2.639946937561035,2.6999459266662598,2.639946937561035,2.6999459266662598,2.3021328449249268,401173
2021-06-07,2.6999459266662598,2.6999459266662598,2.5799479484558105,2.6999459266662598,2.3021328449249268,467732
2021-06-08,2.639946937561035,2.6999459266662598,2.5799479484558105,2.6999459266662598,2.3021328449249268,448103
2021-06-09,2.6999459266662598,2.759943962097168,2.639946937561035,2.759943962097168,2.3532910346984863,485891
2021-06-10,2.759943962097168,2.759943962097168,2.6999459266662598,2.759943962097168,2.3532910346984863,485690
2021-06-11,2.759943962097168,2.759943962097168,2.639946937561035,2.759943962097168,2.3532910346984863,385373
2021-06-15,2.639946937561035,2.6999459266662598,2.5799479484558105,2.639946937561035,2.250974416732788,474032
2021-06-16,2.639946937561035,2.6999459266662598,2.639946937561035,2.639946937561035,2.250974416732788,167425
2021-06-17,2.639946937561035,2.8199429512023926,2.5799479484558105,2.8199429512023926,2.404449701309204,1039315
2021-06-18,2.8199429512023926,2.8199429512023926,2.639946937561035,2.6999459266662598,2.3021328449249268,842009
2021-06-21,2.6999459266662598,2.6999459266662598,2.639946937561035,2.6999459266662598,2.3021328449249268,516231
2021-06-22,2.639946937561035,2.879941940307617,2.639946937561035,2.879941940307617,2.455608367919922,944233
2021-06-23,2.759943962097168,2.939940929412842,2.759943962097168,2.879941940307617,2.455608367919922,671291
2021-06-24,2.879941940307617,3.0599379539489746,2.879941940307617,3.0599379539489746,2.609083414077759,2027955
2021-06-25,3.0599379539489746,3.2399349212646484,2.9999399185180664,3.2399349212646484,2.762559652328491,2750962
2021-06-28,3.299999952316284,3.4000000953674316,3.0999999046325684,3.2200000286102295,2.7455618381500244,455876
2021-06-29,3.240000009536743,3.309999942779541,3.0299999713897705,3.140000104904175,2.677349328994751,643910
2021-06-30,3.130000114440918,3.140000104904175,3.0299999713897705,3.140000104904175,2.677349328994751,513635
2021-07-02,3.140000104904175,3.140000104904175,2.9600000381469727,3.0199999809265137,2.5750300884246826,515926
2021-07-05,3.0199999809265137,3.0199999809265137,2.8299999237060547,2.950000047683716,2.5153441429138184,373921
2021-07-06,2.8499999046325684,2.950000047683716,2.8399999141693115,2.930000066757202,2.498290538787842,167615
2021-07-07,2.930000066757202,3.049999952316284,2.9000000953674316,3.009999990463257,2.5665035247802734,112810
2021-07-08,2.930000066757202,3.049999952316284,2.880000114440918,3.009999990463257,2.5665035247802734,123458
2021-07-09,3.0,3.009999990463257,2.880000114440918,2.990000009536743,2.549450159072876,204232
2021-07-12,2.950000047683716,2.990000009536743,2.880000114440918,2.9100000858306885,2.4812376499176025,93989
2021-07-13,2.940000057220459,3.049999952316284,2.9000000953674316,2.950000047683716,2.5153441429138184,117506
2021-07-14,2.950000047683716,3.0399999618530273,2.8299999237060547,2.9100000858306885,2.4812376499176025,285742
2021-07-15,2.9000000953674316,2.950000047683716,2.9000000953674316,2.950000047683716,2.5153441429138184,93286
2021-07-16,2.9100000858306885,2.9600000381469727,2.8399999141693115,2.9000000953674316,2.4727110862731934,208726
2021-07-19,2.869999885559082,2.9600000381469727,2.859999895095825,2.950000047683716,2.5153441429138184,54591
2021-07-20,2.869999885559082,2.9000000953674316,2.819999933242798,2.880000114440918,2.455657958984375,126037
2021-07-21,2.819999933242798,2.859999895095825,2.799999952316284,2.8399999141693115,2.421551465988159,105211
2021-07-22,2.8499999046325684,2.8499999046325684,2.8299999237060547,2.8499999046325684,2.4300777912139893,23900
2021-07-23,2.8499999046325684,2.8499999046325684,2.75,2.8499999046325684,2.4300777912139893,96944
2021-07-26,2.7699999809265137,2.8299999237060547,2.759999990463257,2.819999933242798,2.4044981002807617,86050
2021-07-27,2.75,2.75,2.5999999046325684,2.740000009536743,2.336285352706909,422506
2021-07-28,2.609999895095825,2.6500000953674316,2.5799999237060547,2.6500000953674316,2.2595462799072266,155070
2021-07-29,2.6500000953674316,2.75,2.609999895095825,2.690000057220459,2.2936527729034424,88560
2021-07-30,2.75,2.9000000953674316,2.6500000953674316,2.8499999046325684,2.4300777912139893,184696
2021-08-02,2.7699999809265137,2.8499999046325684,2.759999990463257,2.8499999046325684,2.4300777912139893,190297
2021-08-03,2.7300000190734863,2.859999895095825,2.6500000953674316,2.859999895095825,2.4386043548583984,154000
2021-08-04,2.809999942779541,2.8499999046325684,2.700000047683716,2.8399999141693115,2.421551465988159,116085
2021-08-05,2.759999990463257,2.799999952316284,2.75,2.7799999713897705,2.370391845703125,169756
2021-08-06,2.7300000190734863,2.930000066757202,2.700000047683716,2.930000066757202,2.498290538787842,189000
2021-08-09,2.950000047683716,2.9600000381469727,2.9200000762939453,2.9600000381469727,2.5238707065582275,268646
2021-08-10,2.9700000286102295,2.9700000286102295,2.9000000953674316,2.9600000381469727,2.5238707065582275,46533
2021-08-11,2.890000104904175,2.9600000381469727,2.880000114440918,2.9600000381469727,2.5238707065582275,56045
2021-08-12,2.950000047683716,2.9700000286102295,2.880000114440918,2.940000057220459,2.506817579269409,100901
2021-08-13,2.950000047683716,2.9600000381469727,2.9000000953674316,2.930000066757202,2.498290538787842,88331
2021-08-16,2.9600000381469727,3.180000066757202,2.9600000381469727,3.1600000858306885,2.6944022178649902,1447677
2021-08-17,3.1700000762939453,3.25,3.0199999809265137,3.140000104904175,2.677349328994751,985750
2021-08-18,3.130000114440918,3.200000047683716,3.0399999618530273,3.200000047683716,2.728508710861206,296971
2021-08-19,3.200000047683716,3.200000047683716,3.069999933242798,3.130000114440918,2.668822765350342,103630
2021-08-20,3.059999942779541,3.059999942779541,2.9800000190734863,3.059999942779541,2.6091365814208984,118248
2021-08-23,3.2200000286102295,3.2300000190734863,3.0999999046325684,3.200000047683716,2.728508710861206,759950
2021-08-24,3.200000047683716,3.200000047683716,3.0999999046325684,3.200000047683716,2.728508710861206,220599
2021-08-25,3.200000047683716,3.2300000190734863,3.069999933242798,3.200000047683716,2.728508710861206,147290
2021-08-26,3.1500000953674316,3.4000000953674316,3.1500000953674316,3.4000000953674316,2.899040699005127,1705430
2021-08-27,3.359999895095825,3.390000104904175,3.240000009536743,3.369999885559082,2.873460531234741,672267
2021-08-30,3.299999952316284,3.380000114440918,3.2799999713897705,3.3299999237060547,2.8393542766571045,352260
2021-08-31,3.240000009536743,3.2699999809265137,3.200000047683716,3.25,2.771141767501831,368100
2021-09-01,3.25,3.25,3.180000066757202,3.240000009536743,2.7626149654388428,258092
2021-09-02,3.2100000381469727,3.2300000190734863,3.130000114440918,3.190000057220459,2.719982147216797,244663
2021-09-03,3.1700000762939453,3.25,3.140000104904175,3.200000047683716,2.728508710861206,200000
2021-09-06,3.119999885559082,3.180000066757202,3.0999999046325684,3.180000066757202,2.7114555835723877,132000
2021-09-07,3.240000009536743,3.240000009536743,3.109999895095825,3.180000066757202,2.7114555835723877,109502
2021-09-08,3.180000066757202,3.180000066757202,3.0799999237060547,3.130000114440918,2.668822765350342,204000
2021-09-09,3.069999933242798,3.140000104904175,3.069999933242798,3.0999999046325684,2.643242597579956,70369
2021-09-10,3.109999895095825,3.130000114440918,3.069999933242798,3.069999933242798,2.6176631450653076,76142
2021-09-13,3.059999942779541,3.200000047683716,3.059999942779541,3.200000047683716,2.728508710861206,41046
2021-09-14,3.130000114440918,3.180000066757202,3.059999942779541,3.1500000953674316,2.68587589263916,145929
2021-09-15,3.0999999046325684,3.0999999046325684,3.0199999809265137,3.069999933242798,2.6176631450653076,99636
2021-09-16,3.0199999809265137,3.049999952316284,2.9700000286102295,3.049999952316284,2.60060977935791,52950
2021-09-17,3.049999952316284,3.049999952316284,3.0,3.0399999618530273,2.592082977294922,8545
2021-09-20,3.0399999618530273,3.0399999618530273,2.7200000286102295,2.950000047683716,2.5153441429138184,152900
2021-09-21,3.1500000953674316,3.1500000953674316,2.8499999046325684,3.069999933242798,2.6176631450653076,46500
2021-09-23,3.109999895095825,3.109999895095825,2.990000009536743,3.049999952316284,2.60060977935791,71000
2021-09-24,2.9700000286102295,3.009999990463257,2.940000057220459,2.9800000190734863,2.540923595428467,15400
2021-09-27,2.9200000762939453,2.950000047683716,2.869999885559082,2.930000066757202,2.498290538787842,95554
2021-09-28,2.930000066757202,3.0,2.880000114440918,2.990000009536743,2.549450159072876,30191
2021-09-29,2.890000104904175,2.940000057220459,2.880000114440918,2.9200000762939453,2.4897642135620117,15500
2021-09-30,2.8299999237060547,2.950000047683716,2.809999942779541,2.950000047683716,2.5153441429138184,163800
2021-10-04,2.869999885559082,2.9600000381469727,2.8499999046325684,2.9200000762939453,2.4897642135620117,101250
2021-10-05,2.859999895095825,2.9700000286102295,2.859999895095825,2.9000000953674316,2.4727110862731934,16750
2021-10-06,2.8499999046325684,2.930000066757202,2.819999933242798,2.9000000953674316,2.4727110862731934,124000
2021-10-07,2.940000057220459,2.940000057220459,2.8399999141693115,2.9100000858306885,2.4812376499176025,53950
2021-10-08,2.9000000953674316,2.9100000858306885,2.8499999046325684,2.890000104904175,2.464184522628784,144750
2021-10-11,2.9000000953674316,2.940000057220459,2.8499999046325684,2.890000104904175,2.464184522628784,86433
2021-10-12,2.859999895095825,2.859999895095825,2.809999942779541,2.8499999046325684,2.4300777912139893,83500
2021-10-15,2.8499999046325684,3.0999999046325684,2.890000104904175,3.0999999046325684,2.643242597579956,22352707
2021-10-18,3.0999999046325684,3.25,3.059999942779541,3.1600000858306885,2.6944022178649902,564700
2021-10-19,3.140000104904175,3.140000104904175,3.0399999618530273,3.119999885559082,2.6602959632873535,390057
2021-10-20,3.119999885559082,3.119999885559082,3.049999952316284,3.0999999046325684,2.643242597579956,97120
2021-10-21,3.140000104904175,3.140000104904175,3.0299999713897705,3.0999999046325684,2.643242597579956,212290
2021-10-22,3.0399999618530273,3.0899999141693115,3.0399999618530273,3.069999933242798,2.6176631450653076,40582
2021-10-25,3.049999952316284,3.049999952316284,2.9200000762939453,3.0,2.5579769611358643,198000
2021-10-26,3.0,3.0,2.940000057220459,2.9700000286102295,2.5323970317840576,104700
2021-10-27,2.940000057220459,3.069999933242798,2.940000057220459,3.0399999618530273,2.592082977294922,560842
2021-10-28,2.940000057220459,3.0399999618530273,2.940000057220459,2.990000009536743,2.549450159072876,79717
2021-10-29,2.9100000858306885,2.9800000190734863,2.880000114440918,2.940000057220459,2.506817579269409,77100
2021-11-01,2.940000057220459,2.940000057220459,2.880000114440918,2.940000057220459,2.506817579269409,17266
2021-11-02,2.930000066757202,2.930000066757202,2.859999895095825,2.9200000762939453,2.4897642135620117,22000
2021-11-03,2.8399999141693115,3.0,2.8399999141693115,3.0,2.5579769611358643,140139
2021-11-04,2.9100000858306885,3.049999952316284,2.9100000858306885,3.049999952316284,2.60060977935791,109972
2021-11-05,2.990000009536743,3.009999990463257,2.9200000762939453,2.9200000762939453,2.4897642135620117,56000
2021-11-08,2.859999895095825,3.0,2.859999895095825,3.0,2.5579769611358643,20410
2021-11-09,2.9000000953674316,2.990000009536743,2.890000104904175,2.990000009536743,2.549450159072876,25800
2021-11-10,2.890000104904175,2.9700000286102295,2.890000104904175,2.9700000286102295,2.5323970317840576,14006
2021-11-11,2.9800000190734863,3.0,2.940000057220459,2.9700000286102295,2.5323970317840576,29350
2021-11-12,2.9200000762939453,2.9600000381469727,2.859999895095825,2.9600000381469727,2.5238707065582275,27650
2021-11-15,2.869999885559082,2.940000057220459,2.859999895095825,2.940000057220459,2.506817579269409,65510
2021-11-16,2.859999895095825,3.0,2.859999895095825,3.0,2.5579769611358643,44360
2021-11-17,2.890000104904175,3.0,2.890000104904175,2.9800000190734863,2.540923595428467,30484
2021-11-18,3.049999952316284,3.049999952316284,2.9000000953674316,2.9700000286102295,2.5323970317840576,35500
2021-11-19,2.9100000858306885,2.940000057220459,2.9100000858306885,2.940000057220459,2.506817579269409,26350
2021-11-22,2.8499999046325684,2.950000047683716,2.8499999046325684,2.950000047683716,2.5153441429138184,39930
2021-11-23,2.859999895095825,2.9100000858306885,2.859999895095825,2.880000114440918,2.455657958984375,42466
2021-11-24,2.859999895095825,2.9200000762939453,2.859999895095825,2.9200000762939453,2.4897642135620117,50516
2021-11-25,2.9000000953674316,2.9000000953674316,2.9000000953674316,2.9000000953674316,2.4727110862731934,0
2021-11-26,2.859999895095825,2.859999895095825,2.819999933242798,2.859999895095825,2.4386043548583984,31174
2021-11-29,2.9000000953674316,2.9000000953674316,2.9000000953674316,2.9000000953674316,2.4727110862731934,0
2021-11-30,2.9200000762939453,2.990000009536743,2.809999942779541,2.8299999237060547,2.41302490234375,42170
2021-12-01,2.880000114440918,2.880000114440918,2.799999952316284,2.859999895095825,2.4386043548583984,43434
2021-12-02,2.809999942779541,2.9000000953674316,2.799999952316284,2.809999942779541,2.3959717750549316,119683
2021-12-03,2.819999933242798,2.819999933242798,2.799999952316284,2.799999952316284,2.3874449729919434,65000
2021-12-06,2.7200000286102295,2.799999952316284,2.7200000286102295,2.799999952316284,2.3874449729919434,80500
2021-12-07,2.759999990463257,2.799999952316284,2.759999990463257,2.799999952316284,2.3874449729919434,57899
2021-12-08,2.7799999713897705,2.7799999713897705,2.700000047683716,2.7699999809265137,2.361865520477295,40850
2021-12-09,2.7699999809265137,2.7899999618530273,2.700000047683716,2.7899999618530273,2.378918409347534,38546
2021-12-10,2.7200000286102295,2.9000000953674316,2.7200000286102295,2.8499999046325684,2.4300777912139893,21967
2021-12-13,2.759999990463257,2.799999952316284,2.7300000190734863,2.799999952316284,2.3874449729919434,22867
2021-12-14,2.7300000190734863,2.7699999809265137,2.700000047683716,2.740000009536743,2.336285352706909,93000
2021-12-15,2.680000066757202,2.680000066757202,2.569999933242798,2.6500000953674316,2.2595462799072266,320699
2021-12-16,2.6500000953674316,2.7200000286102295,2.5799999237060547,2.700000047683716,2.3021790981292725,57291
2021-12-17,2.700000047683716,2.700000047683716,2.700000047683716,2.700000047683716,2.3021790981292725,0
2021-12-20,2.5799999237060547,2.75,2.5799999237060547,2.75,2.3448121547698975,47164
2021-12-21,2.75,2.75,2.6500000953674316,2.6500000953674316,2.2595462799072266,64509
2021-12-22,2.630000114440918,2.700000047683716,2.630000114440918,2.700000047683716,2.3021790981292725,33002
2021-12-23,2.609999895095825,2.700000047683716,2.5999999046325684,2.680000066757202,2.285125970840454,171708
2021-12-24,2.690000057220459,2.9000000953674316,2.6500000953674316,2.700000047683716,2.3021790981292725,16000
2021-12-28,2.700000047683716,2.7200000286102295,2.619999885559082,2.700000047683716,2.3021790981292725,159625
2021-12-29,2.7100000381469727,2.7200000286102295,2.6600000858306885,2.7100000381469727,2.3107059001922607,74750
2021-12-30,2.7100000381469727,2.799999952316284,2.700000047683716,2.799999952316284,2.3874449729919434,76360
2021-12-31,2.799999952316284,2.799999952316284,2.799999952316284,2.799999952316284,2.3874449729919434,0
2022-01-03,2.7799999713897705,2.799999952316284,2.740000009536743,2.75,2.3448121547698975,70550
2022-01-04,2.75,2.75,2.6500000953674316,2.75,2.3448121547698975,29331
2022-01-05,2.740000009536743,2.75,2.700000047683716,2.75,2.3448121547698975,76873
2022-01-06,2.700000047683716,2.740000009536743,2.6500000953674316,2.7300000190734863,2.327759027481079,13933
2022-01-07,2.6500000953674316,2.759999990463257,2.6500000953674316,2.759999990463257,2.3533387184143066,133000
2022-01-10,2.7200000286102295,2.7200000286102295,2.7200000286102295,2.7200000286102295,2.31923246383667,0
2022-01-11,2.6600000858306885,2.700000047683716,2.6600000858306885,2.700000047683716,2.3021790981292725,6494
2022-01-12,2.700000047683716,2.7699999809265137,2.680000066757202,2.75,2.3448121547698975,86069
2022-01-13,2.680000066757202,2.700000047683716,2.6600000858306885,2.700000047683716,2.3021790981292725,8117
2022-01-14,2.700000047683716,2.7300000190734863,2.6600000858306885,2.700000047683716,2.3021790981292725,10800
2022-01-17,2.6600000858306885,2.690000057220459,2.6500000953674316,2.690000057220459,2.2936527729034424,12000
2022-01-18,2.690000057220459,2.690000057220459,2.549999952316284,2.6500000953674316,2.2595462799072266,223400
2022-01-19,2.569999933242798,2.5999999046325684,2.569999933242798,2.5899999141693115,2.2083864212036133,78650
2022-01-20,2.5899999141693115,2.740000009536743,2.5899999141693115,2.700000047683716,2.3021790981292725,218840
2022-01-21,2.700000047683716,2.700000047683716,2.619999885559082,2.6600000858306885,2.2680728435516357,14583
2022-01-24,2.630000114440918,2.630000114440918,2.630000114440918,2.630000114440918,2.242493152618408,75000
2022-01-25,2.5999999046325684,2.630000114440918,2.559999942779541,2.630000114440918,2.242493152618408,189953
2022-01-26,2.630000114440918,2.7200000286102295,2.609999895095825,2.7200000286102295,2.31923246383667,71917
2022-01-27,2.6500000953674316,2.6500000953674316,2.569999933242798,2.6500000953674316,2.2595462799072266,106011
2022-01-28,2.5799999237060547,2.5999999046325684,2.5199999809265137,2.5899999141693115,2.2083864212036133,76000
2022-01-31,2.6500000953674316,2.6500000953674316,2.6500000953674316,2.6500000953674316,2.2595462799072266,0
2022-02-04,2.6600000858306885,2.6600000858306885,2.559999942779541,2.6500000953674316,2.2595462799072266,108587
2022-02-07,2.609999895095825,2.6700000762939453,2.5999999046325684,2.640000104904175,2.2510197162628174,186622
2022-02-08,2.5799999237060547,2.6500000953674316,2.5799999237060547,2.640000104904175,2.2510197162628174,106500
2022-02-09,2.690000057220459,2.690000057220459,2.5799999237060547,2.6500000953674316,2.2595462799072266,44000
2022-02-10,2.5999999046325684,2.6500000953674316,2.5799999237060547,2.619999885559082,2.233966588973999,99550
2022-02-11,2.5899999141693115,2.680000066757202,2.5899999141693115,2.680000066757202,2.285125970840454,25234
2022-02-14,2.5999999046325684,2.630000114440918,2.5899999141693115,2.630000114440918,2.242493152618408,67200
2022-02-15,2.5899999141693115,2.680000066757202,2.5899999141693115,2.680000066757202,2.285125970840454,88098
2022-02-16,2.640000104904175,2.940000057220459,2.630000114440918,2.9000000953674316,2.4727110862731934,963400
2022-02-17,2.809999942779541,2.8499999046325684,2.7200000286102295,2.8399999141693115,2.421551465988159,92920
2022-02-18,2.759999990463257,2.930000066757202,2.7200000286102295,2.930000066757202,2.498290538787842,222466
2022-02-21,2.799999952316284,2.880000114440918,2.799999952316284,2.880000114440918,2.455657958984375,174382
2022-02-22,2.7699999809265137,2.859999895095825,2.7200000286102295,2.859999895095825,2.4386043548583984,331122
2022-02-23,2.8299999237060547,2.890000104904175,2.75,2.890000104904175,2.464184522628784,147318
2022-02-24,2.799999952316284,2.8399999141693115,2.6700000762939453,2.6700000762939453,2.276599407196045,216750
2022-02-25,2.700000047683716,2.7699999809265137,2.6500000953674316,2.7699999809265137,2.361865520477295,143836
2022-02-28,2.7899999618530273,2.7899999618530273,2.680000066757202,2.7799999713897705,2.370391845703125,53587
2022-03-01,2.7100000381469727,2.759999990463257,2.680000066757202,2.759999990463257,2.3533387184143066,83100
2022-03-02,2.7200000286102295,2.7200000286102295,2.630000114440918,2.630000114440918,2.242493152618408,122569
2022-03-03,2.6700000762939453,2.700000047683716,2.630000114440918,2.700000047683716,2.3021790981292725,49700
2022-03-04,2.700000047683716,2.819999933242798,2.5799999237060547,2.6500000953674316,2.2595462799072266,353000
2022-03-07,2.5899999141693115,2.5899999141693115,2.490000009536743,2.5899999141693115,2.2083864212036133,64500
2022-03-08,2.559999942779541,2.559999942779541,2.4800000190734863,2.549999952316284,2.1742801666259766,54600
2022-03-09,2.5399999618530273,2.5399999618530273,2.4600000381469727,2.5399999618530273,2.1657538414001465,8000
2022-03-10,2.4200000762939453,2.5399999618530273,2.4200000762939453,2.5399999618530273,2.1657538414001465,20566
2022-03-11,2.440000057220459,2.440000057220459,2.380000114440918,2.390000104904175,2.0378551483154297,337823
2022-03-14,2.4100000858306885,2.4200000762939453,2.2100000381469727,2.2100000381469727,1.8843762874603271,229261
2022-03-15,2.0799999237060547,2.299999952316284,2.0399999618530273,2.25,1.9184824228286743,141044
2022-03-16,2.25,2.390000104904175,2.1700000762939453,2.25,1.9184824228286743,198454
2022-03-17,2.2699999809265137,2.359999895095825,2.259999990463257,2.359999895095825,2.012274742126465,75390
2022-03-18,2.359999895095825,2.440000057220459,2.359999895095825,2.440000057220459,2.0804879665374756,64580
2022-03-21,2.390000104904175,2.440000057220459,2.390000104904175,2.4200000762939453,2.063434600830078,25527
2022-03-22,2.4000000953674316,2.4000000953674316,2.140000104904175,2.4000000953674316,2.0463814735412598,33630
2022-03-23,2.4200000762939453,2.4200000762939453,2.2699999809265137,2.4100000858306885,2.054908037185669,29450
2022-03-24,2.450000047683716,2.450000047683716,2.259999990463257,2.4200000762939453,2.063434600830078,140657
2022-03-25,2.4600000381469727,2.509999990463257,2.3299999237060547,2.5,2.1316475868225098,107226
2022-03-28,2.490000009536743,2.5,2.490000009536743,2.5,2.1316475868225098,2168
2022-03-29,2.5,2.5,2.4700000286102295,2.5,2.1316475868225098,253949
2022-03-30,2.5399999618530273,2.549999952316284,2.5,2.549999952316284,2.1742801666259766,44811
2022-03-31,2.6500000953674316,2.700000047683716,2.4600000381469727,2.6500000953674316,2.2595462799072266,718270
2022-04-01,2.6500000953674316,2.6600000858306885,2.5899999141693115,2.6500000953674316,2.2595462799072266,179558
2022-04-04,2.559999942779541,2.799999952316284,2.559999942779541,2.799999952316284,2.3874449729919434,416736
2022-04-06,2.799999952316284,2.799999952316284,2.700000047683716,2.759999990463257,2.3533387184143066,43416
2022-04-07,2.7799999713897705,2.809999942779541,2.690000057220459,2.7799999713897705,2.370391845703125,171550
2022-04-08,2.7899999618530273,2.799999952316284,2.700000047683716,2.799999952316284,2.3874449729919434,65420
2022-04-11,2.700000047683716,2.700000047683716,2.680000066757202,2.680000066757202,2.285125970840454,30350
2022-04-12,2.700000047683716,2.700000047683716,2.700000047683716,2.700000047683716,2.3021790981292725,1000
2022-04-13,2.7799999713897705,2.7799999713897705,2.7200000286102295,2.7799999713897705,2.370391845703125,23000
2022-04-14,2.700000047683716,2.7200000286102295,2.680000066757202,2.7200000286102295,2.31923246383667,50500
2022-04-19,2.6500000953674316,2.6500000953674316,2.5799999237060547,2.6500000953674316,2.2595462799072266,69830
2022-04-20,2.6500000953674316,2.680000066757202,2.6500000953674316,2.680000066757202,2.285125970840454,2000
2022-04-21,2.5999999046325684,2.680000066757202,2.5799999237060547,2.6700000762939453,2.276599407196045,49745
2022-04-22,2.609999895095825,2.609999895095825,2.5999999046325684,2.609999895095825,2.2254397869110107,46336
2022-04-25,2.5799999237060547,2.5799999237060547,2.5,2.559999942779541,2.182806968688965,46000
2022-04-26,2.569999933242798,2.569999933242798,2.5,2.569999933242798,2.191333532333374,27000
2022-04-27,2.5399999618530273,2.5399999618530273,2.4700000286102295,2.5399999618530273,2.1657538414001465,38253
2022-04-28,2.5399999618530273,2.569999933242798,2.5199999809265137,2.5399999618530273,2.1657538414001465,42016
2022-04-29,2.5399999618530273,2.75,2.5299999713897705,2.75,2.3448121547698975,66850
2022-05-03,2.700000047683716,2.740000009536743,2.569999933242798,2.740000009536743,2.336285352706909,23963
2022-05-04,2.5999999046325684,2.700000047683716,2.5799999237060547,2.680000066757202,2.285125970840454,136661
2022-05-05,2.640000104904175,2.640000104904175,2.609999895095825,2.609999895095825,2.2254397869110107,3550
2022-05-06,2.5199999809265137,2.549999952316284,2.509999990463257,2.5399999618530273,2.1657538414001465,55695
2022-05-10,2.5299999713897705,2.549999952316284,2.509999990463257,2.5399999618530273,2.1657538414001465,21382
2022-05-11,2.549999952316284,2.5799999237060547,2.5399999618530273,2.5799999237060547,2.199860095977783,44966
2022-05-12,2.5,2.5999999046325684,2.5,2.5999999046325684,2.2169132232666016,13816
2022-05-13,2.559999942779541,2.6700000762939453,2.5,2.5799999237060547,2.199860095977783,389985
2022-05-16,2.5199999809265137,2.559999942779541,2.5,2.5,2.1316475868225098,74204
2022-05-17,2.5,2.549999952316284,2.490000009536743,2.549999952316284,2.1742801666259766,101527
2022-05-18,2.5999999046325684,2.609999895095825,2.490000009536743,2.5199999809265137,2.148700475692749,197774
2022-05-19,2.450000047683716,2.490000009536743,2.450000047683716,2.450000047683716,2.0890145301818848,42650
2022-05-20,2.4700000286102295,2.5299999713897705,2.450000047683716,2.5299999713897705,2.157227039337158,40990
2022-05-23,2.509999990463257,2.5199999809265137,2.509999990463257,2.5199999809265137,2.148700475692749,9000
2022-05-24,2.4700000286102295,2.490000009536743,2.4700000286102295,2.4800000190734863,2.1145942211151123,47083
2022-05-25,2.4800000190734863,2.4800000190734863,2.4700000286102295,2.4700000286102295,2.106067657470703,60500
2022-05-26,2.450000047683716,2.5,2.450000047683716,2.5,2.1316475868225098,27077
2022-05-27,2.450000047683716,2.549999952316284,2.450000047683716,2.549999952316284,2.1742801666259766,23978
2022-05-30,2.5,2.880000114440918,2.4800000190734863,2.640000104904175,2.2510197162628174,14274
2022-05-31,2.640000104904175,2.640000104904175,2.490000009536743,2.5799999237060547,2.199860095977783,71556
2022-06-01,2.4800000190734863,2.549999952316284,2.4700000286102295,2.5399999618530273,2.1657538414001465,50874
2022-06-02,2.4700000286102295,2.509999990463257,2.4700000286102295,2.509999990463257,2.14017391204834,18000
2022-06-06,2.5,2.5,2.4000000953674316,2.490000009536743,2.1231207847595215,205427
2022-06-07,2.5,2.5,2.430000066757202,2.490000009536743,2.1231207847595215,39734
2022-06-08,2.5,2.5999999046325684,2.4600000381469727,2.5999999046325684,2.2169132232666016,70550
2022-06-09,2.549999952316284,2.549999952316284,2.549999952316284,2.549999952316284,2.1742801666259766,0
2022-06-10,2.5799999237060547,2.5799999237060547,2.5299999713897705,2.5799999237060547,2.199860095977783,3949
2022-06-13,2.5,2.5,2.4700000286102295,2.5,2.1316475868225098,15239
2022-06-14,2.5,2.5,2.4700000286102295,2.5,2.1316475868225098,79013
2022-06-15,2.5,2.5999999046325684,2.4700000286102295,2.5999999046325684,2.2169132232666016,123974
2022-06-16,2.5,2.5,2.4800000190734863,2.5,2.1316475868225098,130000
2022-06-17,2.5,2.509999990463257,2.4700000286102295,2.5,2.1316475868225098,178338
2022-06-20,2.4700000286102295,2.5,2.4700000286102295,2.5,2.1316475868225098,90967
2022-06-21,2.5,2.5,2.490000009536743,2.5,2.1316475868225098,145500
2022-06-22,2.5,2.5,2.4800000190734863,2.5,2.1316475868225098,26150
2022-06-23,2.5,2.5,2.4800000190734863,2.5,2.1316475868225098,210854
2022-06-24,2.4800000190734863,2.5,2.4700000286102295,2.490000009536743,2.1231207847595215,314372
2022-06-27,2.5,2.5999999046325684,2.4700000286102295,2.5299999713897705,2.157227039337158,315331
2022-06-28,2.5399999618530273,2.5999999046325684,2.490000009536743,2.5,2.1316475868225098,23076900
2022-06-29,2.359999895095825,2.450000047683716,2.359999895095825,2.359999895095825,2.113734245300293,219075
2022-06-30,2.369999885559082,2.450000047683716,2.3499999046325684,2.4000000953674316,2.1495604515075684,124148
2022-07-04,2.440000057220459,2.440000057220459,2.440000057220459,2.440000057220459,2.1853864192962646,4117
2022-07-05,2.4200000762939453,2.440000057220459,2.4200000762939453,2.440000057220459,2.1853864192962646,19000
2022-07-06,2.380000114440918,2.4000000953674316,2.359999895095825,2.4000000953674316,2.1495604515075684,16628
2022-07-07,2.4000000953674316,2.4000000953674316,2.4000000953674316,2.4000000953674316,2.1495604515075684,0
2022-07-08,2.390000104904175,2.390000104904175,2.390000104904175,2.390000104904175,2.140604019165039,0
2022-07-11,2.369999885559082,2.4700000286102295,2.3399999141693115,2.4700000286102295,2.2122559547424316,96002
2022-07-12,2.369999885559082,2.369999885559082,2.3499999046325684,2.4000000953674316,2.1495604515075684,4033
2022-07-13,2.4000000953674316,2.4000000953674316,2.3499999046325684,2.3499999046325684,2.1047778129577637,5214
2022-07-14,2.25,2.3399999141693115,2.2200000286102295,2.2200000286102295,1.9883432388305664,150952
2022-07-15,2.2200000286102295,2.25,2.200000047683716,2.2200000286102295,1.9883432388305664,68467
2022-07-18,2.2200000286102295,2.3299999237060547,2.180000066757202,2.319999933242798,2.0779082775115967,44100
2022-07-19,2.309999942779541,2.4000000953674316,2.299999952316284,2.4000000953674316,2.1495604515075684,108474
2022-07-20,2.319999933242798,2.440000057220459,2.319999933242798,2.359999895095825,2.113734245300293,100337
2022-07-21,2.359999895095825,2.359999895095825,2.359999895095825,2.359999895095825,2.113734245300293,0
2022-07-22,2.3399999141693115,2.440000057220459,2.309999942779541,2.440000057220459,2.1853864192962646,14802
2022-07-25,2.359999895095825,2.430000066757202,2.359999895095825,2.430000066757202,2.1764299869537354,3107
2022-07-26,2.359999895095825,2.4000000953674316,2.359999895095825,2.4000000953674316,2.1495604515075684,7089
2022-07-27,2.309999942779541,2.3499999046325684,2.309999942779541,2.3299999237060547,2.086864709854126,7200
2022-07-28,2.319999933242798,2.4100000858306885,2.259999990463257,2.4000000953674316,2.1495604515075684,76913
2022-07-29,2.2799999713897705,2.2799999713897705,2.2799999713897705,2.2799999713897705,2.0420823097229004,13880
2022-08-01,2.2899999618530273,2.440000057220459,2.2899999618530273,2.299999952316284,2.059995412826538,37713
2022-08-02,2.2799999713897705,2.2799999713897705,2.200000047683716,2.25,2.0152127742767334,68721
2022-08-03,2.2300000190734863,2.380000114440918,2.180000066757202,2.380000114440918,2.1316475868225098,65000
2022-08-04,2.2300000190734863,2.2799999713897705,2.2300000190734863,2.2799999713897705,2.0420823097229004,8201
2022-08-05,2.2799999713897705,2.3399999141693115,2.2799999713897705,2.3399999141693115,2.0958213806152344,18520
2022-08-08,2.369999885559082,2.4000000953674316,2.2200000286102295,2.3399999141693115,2.0958213806152344,48500
2022-08-09,2.2300000190734863,2.3299999237060547,2.200000047683716,2.25,2.0152127742767334,38860
2022-08-10,2.190000057220459,2.240000009536743,2.180000066757202,2.240000009536743,2.006256341934204,13550
2022-08-11,2.240000009536743,2.25,2.200000047683716,2.240000009536743,2.006256341934204,89841
2022-08-12,2.200000047683716,2.200000047683716,2.1500000953674316,2.1700000762939453,1.9435609579086304,151300
2022-08-15,2.119999885559082,2.119999885559082,2.0,2.049999952316284,1.8360828161239624,192011
2022-08-16,2.0299999713897705,2.0399999618530273,2.009999990463257,2.0199999809265137,1.8092132806777954,110691
2022-08-17,2.0,2.0799999237060547,1.809999942779541,2.069999933242798,1.8539958000183105,153053
2022-08-18,2.0,2.0399999618530273,2.0,2.0399999618530273,1.8271262645721436,4178
2022-08-19,2.0199999809265137,2.0299999713897705,2.0199999809265137,2.049999952316284,1.8360828161239624,4200
2022-08-22,1.9600000381469727,2.059999942779541,1.9600000381469727,2.059999942779541,1.8450392484664917,25666
2022-08-23,2.0,2.0,1.9500000476837158,2.0,1.7913002967834473,32810
2022-08-24,1.9500000476837158,1.9600000381469727,1.899999976158142,1.940000057220459,1.7375613451004028,36200
2022-08-25,1.940000057220459,1.9900000095367432,1.940000057220459,1.9900000095367432,1.7823437452316284,23000
2022-08-26,2.0,2.049999952316284,1.9900000095367432,2.049999952316284,1.8360828161239624,13294
2022-08-29,1.9600000381469727,2.009999990463257,1.9600000381469727,2.0,1.7913002967834473,35510
2022-08-30,2.0199999809265137,2.0199999809265137,2.0199999809265137,2.0199999809265137,1.8092132806777954,0
2022-08-31,1.9500000476837158,1.9700000286102295,1.909999966621399,1.909999966621399,1.7106916904449463,109000
2022-09-01,1.909999966621399,1.909999966621399,1.8799999952316284,1.899999976158142,1.701735258102417,256400
2022-09-02,1.899999976158142,1.899999976158142,1.8799999952316284,1.8899999856948853,1.6927788257598877,59700
2022-09-05,1.840000033378601,1.8700000047683716,1.7300000190734863,1.8700000047683716,1.6748658418655396,39110
2022-09-06,1.809999942779541,1.840000033378601,1.7799999713897705,1.809999942779541,1.6211267709732056,43713
2022-09-07,1.7799999713897705,1.7799999713897705,1.7799999713897705,1.8300000429153442,1.6390398740768433,1303
2022-09-08,1.850000023841858,1.8899999856948853,1.850000023841858,1.8899999856948853,1.6927788257598877,5000
2022-09-09,1.7899999618530273,1.899999976158142,1.7799999713897705,1.899999976158142,1.701735258102417,60000
2022-09-13,1.899999976158142,1.899999976158142,1.8600000143051147,1.8700000047683716,1.6748658418655396,95151
2022-09-14,1.8300000429153442,1.8300000429153442,1.7999999523162842,1.809999942779541,1.6211267709732056,30500
2022-09-15,1.809999942779541,1.809999942779541,1.809999942779541,1.809999942779541,1.6211267709732056,0
2022-09-16,1.6799999475479126,1.8700000047683716,1.6799999475479126,1.75,1.5673877000808716,16850
2022-09-19,1.7599999904632568,1.7799999713897705,1.7599999904632568,1.7799999713897705,1.5942572355270386,2700
2022-09-20,1.809999942779541,1.8799999952316284,1.7400000095367432,1.8799999952316284,1.6838222742080688,90351
2022-09-21,1.850000023841858,1.850000023841858,1.850000023841858,1.850000023841858,1.6569528579711914,0
2022-09-22,1.7999999523162842,1.7999999523162842,1.7999999523162842,1.7999999523162842,1.6121702194213867,58300
2022-09-23,1.7400000095367432,1.75,1.6799999475479126,1.7200000286102295,1.5405182838439941,102000
2022-09-26,1.7200000286102295,1.7200000286102295,1.6799999475479126,1.6799999475479126,1.5046921968460083,16120
2022-09-27,1.6799999475479126,1.6799999475479126,1.6699999570846558,1.6799999475479126,1.5046921968460083,15000
2022-09-28,1.6799999475479126,1.7400000095367432,1.5800000429153442,1.7400000095367432,1.5584312677383423,30750
2022-09-29,1.7400000095367432,1.75,1.600000023841858,1.6399999856948853,1.468866229057312,106083
2022-09-30,1.6399999856948853,1.6399999856948853,1.6399999856948853,1.6399999856948853,1.468866229057312,5300
2022-10-03,1.600000023841858,1.7000000476837158,1.5800000429153442,1.7000000476837158,1.522605299949646,128800
2022-10-05,1.7000000476837158,1.75,1.7000000476837158,1.75,1.5673877000808716,4000
2022-10-06,1.7400000095367432,1.75,1.649999976158142,1.7000000476837158,1.522605299949646,272416
2022-10-07,1.649999976158142,1.75,1.6399999856948853,1.6699999570846558,1.495735764503479,233000
2022-10-10,1.75,1.75,1.600000023841858,1.600000023841858,1.4330402612686157,98794
2022-10-11,1.600000023841858,1.7100000381469727,1.590000033378601,1.7100000381469727,1.5315617322921753,57500
2022-10-12,1.6299999952316284,1.7200000286102295,1.6299999952316284,1.7200000286102295,1.5405182838439941,181088
2022-10-13,1.6799999475479126,1.6799999475479126,1.6799999475479126,1.6799999475479126,1.5046921968460083,0
2022-10-14,1.659999966621399,1.7300000190734863,1.659999966621399,1.7300000190734863,1.5494747161865234,29020
2022-10-17,1.7300000190734863,1.75,1.649999976158142,1.7300000190734863,1.5494747161865234,126304
2022-10-18,1.649999976158142,1.7999999523162842,1.649999976158142,1.7799999713897705,1.5942572355270386,76889
2022-10-19,1.840000033378601,1.840000033378601,1.840000033378601,1.840000033378601,1.6479963064193726,0
2022-10-20,1.8799999952316284,1.899999976158142,1.6100000143051147,1.7000000476837158,1.522605299949646,351200
2022-10-21,1.690000057220459,1.8700000047683716,1.690000057220459,1.7300000190734863,1.5494747161865234,232253
2022-10-24,1.75,1.8200000524520874,1.7100000381469727,1.8200000524520874,1.6300833225250244,105406
2022-10-25,1.809999942779541,1.9299999475479126,1.75,1.9299999475479126,1.7286046743392944,278558
2022-10-26,1.9299999475479126,2.0,1.9299999475479126,2.0,1.7913002967834473,171816
2022-10-27,1.9700000286102295,2.0,1.9299999475479126,2.0,1.7913002967834473,85150
2022-10-28,1.9900000095367432,2.0,1.9900000095367432,1.9900000095367432,1.7823437452316284,38000
2022-10-31,2.0,2.049999952316284,1.8799999952316284,1.9900000095367432,1.7823437452316284,475217
2022-11-01,1.9900000095367432,1.9900000095367432,1.9900000095367432,1.9900000095367432,1.7823437452316284,0
2022-11-02,1.899999976158142,2.049999952316284,1.899999976158142,1.9900000095367432,1.7823437452316284,31892
2022-11-03,1.9500000476837158,2.059999942779541,1.940000057220459,1.940000057220459,1.7375613451004028,131000
2022-11-04,2.0299999713897705,2.1500000953674316,2.0,2.049999952316284,1.8360828161239624,773969
2022-11-07,2.0299999713897705,2.0899999141693115,2.0299999713897705,2.0799999237060547,1.8629522323608398,111000
2022-11-08,2.049999952316284,2.0899999141693115,2.0399999618530273,2.0899999141693115,1.8719087839126587,13227
2022-11-09,2.0199999809265137,2.130000114440918,2.0199999809265137,2.130000114440918,1.907734990119934,12800
2022-11-10,2.0199999809265137,2.0999999046325684,2.0,2.0999999046325684,1.880865216255188,78851
2022-11-11,2.009999990463257,2.180000066757202,1.9299999475479126,2.1600000858306885,1.9346044063568115,333330
2022-11-14,2.1500000953674316,2.299999952316284,2.0199999809265137,2.240000009536743,2.006256341934204,538650
2022-11-15,2.299999952316284,2.299999952316284,2.0999999046325684,2.2300000190734863,1.9972997903823853,32410
2022-11-16,2.190000057220459,2.190000057220459,2.190000057220459,2.190000057220459,1.961473822593689,0
2022-11-17,2.190000057220459,2.190000057220459,2.190000057220459,2.190000057220459,1.961473822593689,0
2022-11-18,2.109999895095825,2.1700000762939453,2.0399999618530273,2.1500000953674316,1.9256478548049927,173000
2022-11-21,2.140000104904175,2.299999952316284,2.0999999046325684,2.200000047683716,1.9704303741455078,888683
2022-11-22,2.109999895095825,2.1500000953674316,2.0399999618530273,2.1500000953674316,1.9256478548049927,272500
2022-11-23,2.190000057220459,2.2799999713897705,2.109999895095825,2.25,2.0152127742767334,52955
2022-11-24,2.259999990463257,2.3499999046325684,2.25,2.319999933242798,2.0779082775115967,572050
2022-11-25,2.309999942779541,2.309999942779541,2.309999942779541,2.309999942779541,2.0689516067504883,0
2022-11-28,2.190000057220459,2.240000009536743,2.190000057220459,2.240000009536743,2.006256341934204,4150
2022-11-29,2.299999952316284,2.299999952316284,2.180000066757202,2.2799999713897705,2.0420823097229004,36763
2022-11-30,2.200000047683716,2.299999952316284,2.140000104904175,2.1700000762939453,1.9435609579086304,21251748
2022-12-01,2.299999952316284,2.299999952316284,1.9800000190734863,2.190000057220459,1.961473822593689,1333558
2022-12-02,2.200000047683716,2.25,2.119999885559082,2.25,2.0152127742767334,484000
2022-12-05,2.2799999713897705,2.369999885559082,2.2300000190734863,2.369999885559082,2.1226906776428223,584710
2022-12-06,2.309999942779541,2.3399999141693115,2.2699999809265137,2.3399999141693115,2.0958213806152344,19780
2022-12-07,2.2100000381469727,2.3399999141693115,2.2100000381469727,2.3399999141693115,2.0958213806152344,25565
2022-12-08,2.3299999237060547,2.380000114440918,2.2899999618530273,2.380000114440918,2.1316475868225098,1417228
2022-12-09,2.2799999713897705,2.380000114440918,2.2799999713897705,2.380000114440918,2.1316475868225098,43016
2022-12-12,2.4000000953674316,2.4000000953674316,2.2799999713897705,2.390000104904175,2.140604019165039,41685
2022-12-13,2.3299999237060547,2.380000114440918,2.299999952316284,2.3499999046325684,2.1047778129577637,537836
2022-12-14,2.299999952316284,2.4000000953674316,2.2799999713897705,2.4000000953674316,2.1495604515075684,1612290
2022-12-15,2.380000114440918,2.380000114440918,2.380000114440918,2.380000114440918,2.1316475868225098,0
2022-12-16,2.299999952316284,2.440000057220459,2.299999952316284,2.4000000953674316,2.1495604515075684,1349121
2022-12-19,2.4000000953674316,2.4200000762939453,2.299999952316284,2.4000000953674316,2.1495604515075684,53135
2022-12-20,2.4000000953674316,2.4000000953674316,2.380000114440918,2.380000114440918,2.1316475868225098,6000
2022-12-21,2.369999885559082,2.369999885559082,2.369999885559082,2.369999885559082,2.1226906776428223,0
2022-12-22,2.369999885559082,2.390000104904175,2.3299999237060547,2.380000114440918,2.1316475868225098,2022000
2022-12-23,2.259999990463257,2.2899999618530273,2.1500000953674316,2.200000047683716,1.9704303741455078,488050
2022-12-28,2.200000047683716,2.319999933242798,2.190000057220459,2.299999952316284,2.059995412826538,506500
2022-12-29,2.2200000286102295,2.3499999046325684,2.2200000286102295,2.319999933242798,2.0779082775115967,1924000
2022-12-30,2.240000009536743,2.2799999713897705,2.130000114440918,2.1700000762939453,1.9435609579086304,604167
2023-01-03,2.190000057220459,2.240000009536743,2.1700000762939453,2.200000047683716,1.9704303741455078,294500
2023-01-04,2.180000066757202,2.2200000286102295,2.0999999046325684,2.2200000286102295,1.9883432388305664,2821450
2023-01-05,2.2200000286102295,2.2200000286102295,2.0999999046325684,2.200000047683716,1.9704303741455078,323333
2023-01-06,2.200000047683716,2.200000047683716,2.0999999046325684,2.140000104904175,1.9166913032531738,360000
2023-01-09,2.140000104904175,2.309999942779541,2.0,2.1600000858306885,1.9346044063568115,2024000
2023-01-10,2.180000066757202,2.200000047683716,2.0999999046325684,2.200000047683716,1.9704303741455078,233560
2023-01-11,2.25,2.25,2.119999885559082,2.1700000762939453,1.9435609579086304,72291
2023-01-12,2.1700000762939453,2.180000066757202,2.1600000858306885,2.180000066757202,1.9525172710418701,1973000
2023-01-13,2.2300000190734863,2.299999952316284,2.180000066757202,2.2200000286102295,1.9883432388305664,119300
2023-01-16,2.25,2.2899999618530273,2.130000114440918,2.2899999618530273,2.0510387420654297,269045
2023-01-17,2.190000057220459,2.259999990463257,2.190000057220459,2.240000009536743,2.006256341934204,1388890
2023-01-18,2.200000047683716,2.2799999713897705,2.1500000953674316,2.25,2.0152127742767334,126685
2023-01-19,2.109999895095825,2.259999990463257,2.109999895095825,2.25,2.0152127742767334,1372883
2023-01-20,2.259999990463257,2.380000114440918,2.259999990463257,2.380000114440918,2.1316475868225098,877858
2023-01-26,2.380000114440918,2.430000066757202,2.380000114440918,2.4100000858306885,2.1585168838500977,3011000
2023-01-27,2.4100000858306885,2.4100000858306885,2.2699999809265137,2.3399999141693115,2.0958213806152344,1362884
2023-01-30,2.390000104904175,2.4700000286102295,2.369999885559082,2.450000047683716,2.194342851638794,881648
2023-01-31,2.4000000953674316,2.4100000858306885,2.3499999046325684,2.4100000858306885,2.1585168838500977,205527
2023-02-01,2.4000000953674316,2.4000000953674316,2.369999885559082,2.4000000953674316,2.1495604515075684,279440
2023-02-02,2.4000000953674316,2.4000000953674316,2.3499999046325684,2.390000104904175,2.140604019165039,312000
2023-02-03,2.3499999046325684,2.369999885559082,2.3299999237060547,2.359999895095825,2.113734245300293,91800
2023-02-06,2.3499999046325684,2.3499999046325684,2.309999942779541,2.3499999046325684,2.1047778129577637,132133
2023-02-07,2.369999885559082,2.390000104904175,2.3299999237060547,2.390000104904175,2.140604019165039,68783
2023-02-08,2.3499999046325684,2.380000114440918,2.309999942779541,2.369999885559082,2.1226906776428223,12701
2023-02-09,2.309999942779541,2.369999885559082,2.309999942779541,2.369999885559082,2.1226906776428223,7390
2023-02-10,2.3299999237060547,2.359999895095825,2.309999942779541,2.3299999237060547,2.086864709854126,169013
2023-02-13,2.299999952316284,2.319999933242798,2.25,2.2699999809265137,2.033125638961792,84000
2023-02-14,2.2799999713897705,2.3399999141693115,2.2699999809265137,2.3399999141693115,2.0958213806152344,16000
2023-02-15,2.3399999141693115,2.3399999141693115,2.299999952316284,2.309999942779541,2.0689516067504883,33000
2023-02-16,2.309999942779541,2.369999885559082,2.2300000190734863,2.369999885559082,2.1226906776428223,65432
2023-02-17,2.369999885559082,2.369999885559082,2.369999885559082,2.369999885559082,2.1226906776428223,18051
2023-02-20,2.369999885559082,2.369999885559082,2.2899999618530273,2.359999895095825,2.113734245300293,132000
2023-02-21,2.2799999713897705,2.299999952316284,2.25,2.2699999809265137,2.033125638961792,26393
2023-02-22,2.2100000381469727,2.2200000286102295,2.2100000381469727,2.2200000286102295,1.9883432388305664,76169
2023-02-23,2.319999933242798,2.3399999141693115,2.2300000190734863,2.259999990463257,2.024169445037842,30133
2023-02-24,2.2699999809265137,2.2699999809265137,2.2100000381469727,2.2699999809265137,2.033125638961792,27150
2023-02-27,2.2799999713897705,2.309999942779541,2.2100000381469727,2.2699999809265137,2.033125638961792,40378
2023-02-28,2.2699999809265137,2.2699999809265137,2.190000057220459,2.190000057220459,1.961473822593689,23980
2023-03-01,2.25,2.25,2.200000047683716,2.200000047683716,1.9704303741455078,29450
2023-03-02,2.200000047683716,2.200000047683716,2.1600000858306885,2.1700000762939453,1.9435609579086304,96723
2023-03-03,2.1600000858306885,2.25,2.140000104904175,2.25,2.0152127742767334,36000
2023-03-06,2.299999952316284,2.299999952316284,2.1600000858306885,2.180000066757202,1.9525172710418701,57017
2023-03-07,2.130000114440918,2.200000047683716,2.069999933242798,2.200000047683716,1.9704303741455078,131514
2023-03-08,2.0899999141693115,2.119999885559082,2.0799999237060547,2.109999895095825,1.8898217678070068,17858
2023-03-09,2.069999933242798,2.0999999046325684,2.0399999618530273,2.0999999046325684,1.880865216255188,18450
2023-03-10,2.0799999237060547,2.0799999237060547,2.009999990463257,2.0199999809265137,1.8092132806777954,21016
2023-03-13,2.0,2.0999999046325684,1.9500000476837158,2.059999942779541,1.8450392484664917,83502
2023-03-14,1.9700000286102295,2.0799999237060547,1.9700000286102295,2.0799999237060547,1.8629522323608398,7615
2023-03-15,2.049999952316284,2.049999952316284,2.049999952316284,2.049999952316284,1.8360828161239624,0
2023-03-16,2.0399999618530273,2.0399999618530273,1.9199999570846558,2.009999990463257,1.8002568483352661,131010
2023-03-17,2.0899999141693115,2.0899999141693115,1.9299999475479126,2.059999942779541,1.8450392484664917,35000
2023-03-20,1.9700000286102295,1.9800000190734863,1.9299999475479126,1.9500000476837158,1.7465177774429321,55028
2023-03-21,1.9600000381469727,2.0399999618530273,1.9299999475479126,2.0399999618530273,1.8271262645721436,19706
2023-03-22,1.940000057220459,2.0199999809265137,1.940000057220459,2.0199999809265137,1.8092132806777954,44066
2023-03-23,2.009999990463257,2.0799999237060547,1.9700000286102295,2.0799999237060547,1.8629522323608398,21650
2023-03-24,2.059999942779541,2.059999942779541,1.9199999570846558,1.9800000190734863,1.7733873128890991,31267
2023-03-27,1.9299999475479126,1.9700000286102295,1.8899999856948853,1.899999976158142,1.701735258102417,194879
2023-03-28,1.9199999570846558,1.9199999570846558,1.8799999952316284,1.8799999952316284,1.6838222742080688,29017
2023-03-29,1.850000023841858,1.9500000476837158,1.850000023841858,1.9199999570846558,1.7196482419967651,12289
2023-03-30,1.8899999856948853,1.9800000190734863,1.840000033378601,1.850000023841858,1.6569528579711914,149824
2023-03-31,1.850000023841858,1.9700000286102295,1.850000023841858,1.9500000476837158,1.7465177774429321,62700
2023-04-03,1.9800000190734863,1.9800000190734863,1.8799999952316284,1.9800000190734863,1.7733873128890991,85075
2023-04-04,1.9199999570846558,1.9700000286102295,1.8899999856948853,1.9600000381469727,1.755474328994751,59000
2023-04-06,1.9700000286102295,1.9700000286102295,1.9500000476837158,1.9700000286102295,1.7644307613372803,6000
2023-04-11,1.9700000286102295,2.0,1.909999966621399,2.0,1.7913002967834473,105250
2023-04-12,2.0,2.049999952316284,1.9700000286102295,1.9900000095367432,1.7823437452316284,58733
2023-04-13,1.9900000095367432,2.0,1.9600000381469727,2.0,1.7913002967834473,19500
2023-04-14,1.9700000286102295,2.0899999141693115,1.9700000286102295,2.0899999141693115,1.8719087839126587,69250
2023-04-17,2.0799999237060547,2.1500000953674316,1.9900000095367432,2.0999999046325684,1.880865216255188,129500
2023-04-18,2.0899999141693115,2.0899999141693115,2.009999990463257,2.0899999141693115,1.8719087839126587,58260
2023-04-19,2.0199999809265137,2.049999952316284,2.009999990463257,2.049999952316284,1.8360828161239624,38144
2023-04-20,2.049999952316284,2.0799999237060547,2.049999952316284,2.0799999237060547,1.8629522323608398,35500
2023-04-21,2.0199999809265137,2.0799999237060547,2.009999990463257,2.009999990463257,1.8002568483352661,87483
2023-04-24,2.0,2.059999942779541,1.9800000190734863,2.059999942779541,1.8450392484664917,6500
2023-04-25,2.0199999809265137,2.0199999809265137,1.9500000476837158,1.9800000190734863,1.7733873128890991,16213
2023-04-26,2.0,2.1500000953674316,2.0,2.1500000953674316,1.9256478548049927,50416
2023-04-27,2.0899999141693115,2.0999999046325684,2.0799999237060547,2.0999999046325684,1.880865216255188,33000
2023-04-28,2.009999990463257,2.0999999046325684,2.009999990463257,2.0999999046325684,1.880865216255188,12166
2023-05-02,2.009999990463257,2.0999999046325684,2.009999990463257,2.0899999141693115,1.8719087839126587,65930
2023-05-03,2.059999942779541,2.0999999046325684,2.059999942779541,2.0899999141693115,1.8719087839126587,27200
2023-05-04,2.0899999141693115,2.180000066757202,2.0899999141693115,2.1600000858306885,1.9346044063568115,109650
2023-05-05,2.1500000953674316,2.200000047683716,2.1500000953674316,2.200000047683716,1.9704303741455078,15056
2023-05-08,2.130000114440918,2.200000047683716,2.130000114440918,2.180000066757202,1.9525172710418701,22423
2023-05-09,2.180000066757202,2.200000047683716,2.119999885559082,2.200000047683716,1.9704303741455078,82100
2023-05-10,2.009999990463257,2.190000057220459,2.009999990463257,2.190000057220459,1.961473822593689,46726
2023-05-11,2.0899999141693115,2.180000066757202,2.0799999237060547,2.180000066757202,1.9525172710418701,38420
2023-05-12,2.140000104904175,2.140000104904175,2.140000104904175,2.140000104904175,1.9166913032531738,0
2023-05-15,2.069999933242798,2.1500000953674316,2.069999933242798,2.1500000953674316,1.9256478548049927,15900
2023-05-16,2.140000104904175,2.140000104904175,2.140000104904175,2.140000104904175,1.9166913032531738,2000
2023-05-17,2.0199999809265137,2.130000114440918,2.0199999809265137,2.130000114440918,1.907734990119934,8190
2023-05-18,2.0299999713897705,2.130000114440918,2.0299999713897705,2.130000114440918,1.907734990119934,5000
2023-05-19,2.0399999618530273,2.119999885559082,2.0399999618530273,2.119999885559082,1.8987782001495361,27823
2023-05-22,2.069999933242798,2.0799999237060547,1.9800000190734863,2.009999990463257,1.8002568483352661,46416
2023-05-23,2.009999990463257,2.0299999713897705,1.9900000095367432,2.0299999713897705,1.8181698322296143,10650
2023-05-24,1.9800000190734863,2.0299999713897705,1.8600000143051147,2.0299999713897705,1.8181698322296143,55633
2023-05-25,1.899999976158142,2.0,1.8899999856948853,2.0,1.7913002967834473,21000
2023-05-29,2.0,2.0,2.0,2.0,1.7913002967834473,8000
2023-05-30,2.0,2.0,2.0,1.9900000095367432,1.7823437452316284,50000
2023-05-31,1.9600000381469727,2.0,1.7999999523162842,1.7999999523162842,1.6121702194213867,135347
2023-06-01,1.909999966621399,1.9199999570846558,1.909999966621399,1.9199999570846558,1.7196482419967651,123000
2023-06-02,1.9500000476837158,1.9900000095367432,1.8799999952316284,1.9900000095367432,1.7823437452316284,20700
2023-06-05,1.9900000095367432,2.0799999237060547,1.9900000095367432,2.0799999237060547,1.8629522323608398,8000
2023-06-06,1.9299999475479126,2.0399999618530273,1.9299999475479126,2.0399999618530273,1.8271262645721436,113680
2023-06-07,1.9600000381469727,2.0,1.909999966621399,2.0,1.7913002967834473,38000
2023-06-08,1.9199999570846558,1.9900000095367432,1.9199999570846558,1.9700000286102295,1.7644307613372803,56733
2023-06-09,1.9500000476837158,2.0299999713897705,1.940000057220459,1.9500000476837158,1.7465177774429321,39294
2023-06-12,1.9600000381469727,2.0199999809265137,1.9199999570846558,1.9199999570846558,1.7196482419967651,180450
2023-06-13,1.9700000286102295,1.9700000286102295,1.899999976158142,1.9600000381469727,1.755474328994751,36450
2023-06-14,1.899999976158142,1.9500000476837158,1.8899999856948853,1.9500000476837158,1.7465177774429321,13550
2023-06-15,1.9500000476837158,2.0,1.909999966621399,2.0,1.7913002967834473,37050
2023-06-16,1.9199999570846558,1.9500000476837158,1.9199999570846558,1.940000057220459,1.7375613451004028,405916
2023-06-19,1.940000057220459,1.9700000286102295,1.940000057220459,1.9500000476837158,1.7465177774429321,21582
2023-06-20,1.9500000476837158,1.9500000476837158,1.9199999570846558,1.9500000476837158,1.7465177774429321,42700
2023-06-21,1.909999966621399,2.0,1.909999966621399,2.0,1.7913002967834473,12003
2023-06-23,1.9299999475479126,1.9900000095367432,1.9299999475479126,1.9900000095367432,1.7823437452316284,9724
2023-06-26,1.9299999475479126,1.9299999475479126,1.8799999952316284,1.8899999856948853,1.8014062643051147,30007
2023-06-27,1.840000033378601,1.8600000143051147,1.840000033378601,1.8600000143051147,1.7728124856948853,28250
2023-06-28,1.850000023841858,1.940000057220459,1.850000023841858,1.9299999475479126,1.8395311832427979,20033
2023-06-29,1.850000023841858,1.9299999475479126,1.850000023841858,1.9299999475479126,1.8395311832427979,22500
2023-06-30,1.909999966621399,1.909999966621399,1.909999966621399,1.909999966621399,1.8204686641693115,0
2023-07-03,1.9299999475479126,1.9299999475479126,1.9299999475479126,1.9299999475479126,1.8395311832427979,1201
2023-07-04,1.8700000047683716,1.899999976158142,1.850000023841858,1.899999976158142,1.810937523841858,59000
2023-07-05,1.850000023841858,1.8899999856948853,1.850000023841858,1.8799999952316284,1.7918750047683716,8650
2023-07-06,1.8300000429153442,1.899999976158142,1.8200000524520874,1.8200000524520874,1.7346875667572021,33191
2023-07-07,1.8300000429153442,1.8300000429153442,1.7799999713897705,1.7899999618530273,1.706093668937683,68604
2023-07-10,1.75,1.75,1.7300000190734863,1.7300000190734863,1.6489062309265137,37000
2023-07-11,1.7400000095367432,1.7400000095367432,1.7200000286102295,1.7400000095367432,1.6584374904632568,132950
2023-07-12,1.7000000476837158,1.75,1.7000000476837158,1.7400000095367432,1.6584374904632568,235117
2023-07-13,1.75,1.7699999809265137,1.7200000286102295,1.75,1.66796875,104700
2023-07-14,1.7200000286102295,1.7300000190734863,1.7100000381469727,1.7200000286102295,1.6393749713897705,61060
2023-07-18,1.75,1.7799999713897705,1.7100000381469727,1.7300000190734863,1.6489062309265137,123500
2023-07-19,1.7200000286102295,1.7300000190734863,1.7000000476837158,1.7200000286102295,1.6393749713897705,87592
2023-07-20,1.7100000381469727,1.7200000286102295,1.7000000476837158,1.7200000286102295,1.6393749713897705,121205
2023-07-21,1.649999976158142,1.7200000286102295,1.6399999856948853,1.7200000286102295,1.6393749713897705,60250
2023-07-24,1.659999966621399,1.659999966621399,1.600000023841858,1.6100000143051147,1.5345312356948853,112500
2023-07-25,1.6799999475479126,1.6799999475479126,1.6299999952316284,1.6799999475479126,1.6012499332427979,35250
2023-07-26,1.6799999475479126,1.6799999475479126,1.6299999952316284,1.649999976158142,1.572656273841858,166000
2023-07-27,1.649999976158142,1.6799999475479126,1.6399999856948853,1.649999976158142,1.572656273841858,100270
2023-07-28,1.6299999952316284,1.690000057220459,1.600000023841858,1.6399999856948853,1.5631250143051147,216661
2023-07-31,1.6799999475479126,1.6799999475479126,1.6399999856948853,1.659999966621399,1.5821874141693115,53233
2023-08-01,1.6299999952316284,1.6799999475479126,1.6299999952316284,1.649999976158142,1.572656273841858,37069
2023-08-02,1.6799999475479126,1.6799999475479126,1.6399999856948853,1.6799999475479126,1.6012499332427979,195039
2023-08-03,1.659999966621399,1.7000000476837158,1.6299999952316284,1.6699999570846558,1.5917186737060547,108000
2023-08-04,1.649999976158142,1.7000000476837158,1.649999976158142,1.6799999475479126,1.6012499332427979,168042
2023-08-07,1.690000057220459,1.75,1.600000023841858,1.7400000095367432,1.6584374904632568,1462683
2023-08-08,1.649999976158142,1.7400000095367432,1.6399999856948853,1.7400000095367432,1.6584374904632568,41000
2023-08-09,1.7400000095367432,1.7400000095367432,1.649999976158142,1.7200000286102295,1.6393749713897705,11760
2023-08-10,1.7000000476837158,1.7300000190734863,1.649999976158142,1.7300000190734863,1.6489062309265137,14060
2023-08-11,1.659999966621399,1.7400000095367432,1.649999976158142,1.7200000286102295,1.6393749713897705,98000
2023-08-14,1.659999966621399,1.7100000381469727,1.659999966621399,1.659999966621399,1.5821874141693115,8200
2023-08-15,1.6399999856948853,1.690000057220459,1.6399999856948853,1.690000057220459,1.6107813119888306,9311
2023-08-16,1.6299999952316284,1.7000000476837158,1.6299999952316284,1.7000000476837158,1.6203125715255737,10750
2023-08-17,1.7000000476837158,1.7000000476837158,1.7000000476837158,1.7000000476837158,1.6203125715255737,0
2023-08-18,1.7000000476837158,1.7000000476837158,1.7000000476837158,1.7000000476837158,1.6203125715255737,0
2023-08-21,1.6299999952316284,1.7000000476837158,1.6100000143051147,1.7000000476837158,1.6203125715255737,29124
2023-08-22,1.659999966621399,1.659999966621399,1.659999966621399,1.659999966621399,1.5821874141693115,5000
2023-08-23,1.6200000047683716,1.690000057220459,1.6200000047683716,1.6299999952316284,1.5535937547683716,54120
2023-08-24,1.659999966621399,1.7000000476837158,1.649999976158142,1.7000000476837158,1.6203125715255737,7850
2023-08-25,1.690000057220459,1.7100000381469727,1.649999976158142,1.7100000381469727,1.629843831062317,154389
2023-08-28,1.7200000286102295,1.7200000286102295,1.7000000476837158,1.7100000381469727,1.629843831062317,3355
2023-08-29,1.6799999475479126,1.75,1.649999976158142,1.75,1.66796875,129150
2023-08-30,1.75,1.7599999904632568,1.6699999570846558,1.7400000095367432,1.6584374904632568,17943
2023-08-31,1.7400000095367432,1.7400000095367432,1.7400000095367432,1.7400000095367432,1.6584374904632568,0
2023-09-04,1.659999966621399,1.7400000095367432,1.659999966621399,1.7400000095367432,1.6584374904632568,24000
2023-09-05,1.7300000190734863,1.7999999523162842,1.7200000286102295,1.7400000095367432,1.6584374904632568,93851
2023-09-06,1.809999942779541,1.809999942779541,1.690000057220459,1.7899999618530273,1.706093668937683,46620
2023-09-07,1.7000000476837158,1.7699999809265137,1.6799999475479126,1.7699999809265137,1.6870312690734863,49000
2023-09-11,1.7100000381469727,1.7599999904632568,1.6799999475479126,1.6799999475479126,1.6012499332427979,35950
2023-09-12,1.7000000476837158,1.7699999809265137,1.6799999475479126,1.7599999904632568,1.6775000095367432,72219
2023-09-13,1.7400000095367432,1.75,1.7200000286102295,1.75,1.66796875,65500
2023-09-14,1.7100000381469727,1.7699999809265137,1.7100000381469727,1.7699999809265137,1.6870312690734863,46900
2023-09-15,1.7200000286102295,1.7899999618530273,1.7100000381469727,1.7899999618530273,1.706093668937683,37000
2023-09-18,1.7599999904632568,1.7599999904632568,1.6799999475479126,1.690000057220459,1.6107813119888306,179000
2023-09-19,1.7200000286102295,1.7699999809265137,1.690000057220459,1.7699999809265137,1.6870312690734863,62150
2023-09-20,1.7699999809265137,1.7699999809265137,1.7699999809265137,1.7699999809265137,1.6870312690734863,0
2023-09-21,1.7200000286102295,1.7899999618530273,1.7200000286102295,1.7599999904632568,1.6775000095367432,30500
2023-09-22,1.7599999904632568,1.7699999809265137,1.7300000190734863,1.7699999809265137,1.6870312690734863,7175
2023-09-25,1.75,1.7899999618530273,1.75,1.7899999618530273,1.706093668937683,15380
2023-09-26,1.7200000286102295,1.7599999904632568,1.7100000381469727,1.7599999904632568,1.6775000095367432,59000
2023-09-27,1.7699999809265137,1.7699999809265137,1.7699999809265137,1.7699999809265137,1.6870312690734863,1202
2023-09-28,1.7400000095367432,1.7400000095367432,1.7100000381469727,1.7300000190734863,1.6489062309265137,101000
2023-09-29,1.7200000286102295,1.7699999809265137,1.7200000286102295,1.7699999809265137,1.6870312690734863,29000
2023-10-03,1.75,1.75,1.75,1.75,1.66796875,0
2023-10-04,1.7000000476837158,1.75,1.6699999570846558,1.75,1.66796875,189400
2023-10-05,1.7200000286102295,1.7699999809265137,1.7200000286102295,1.7699999809265137,1.6870312690734863,16000
2023-10-06,1.7200000286102295,1.809999942779541,1.7200000286102295,1.7899999618530273,1.706093668937683,150816
2023-10-09,1.8200000524520874,1.8200000524520874,1.8200000524520874,1.8200000524520874,1.7346875667572021,2700
2023-10-10,1.8200000524520874,1.8200000524520874,1.8200000524520874,1.8200000524520874,1.7346875667572021,1000
2023-10-11,1.7699999809265137,1.8200000524520874,1.7699999809265137,1.8200000524520874,1.7346875667572021,184200
2023-10-12,1.7999999523162842,1.840000033378601,1.7400000095367432,1.840000033378601,1.7537500858306885,716300
2023-10-13,1.7799999713897705,1.8200000524520874,1.7699999809265137,1.7799999713897705,1.6965625286102295,15814
2023-10-16,1.7599999904632568,1.8200000524520874,1.7400000095367432,1.8200000524520874,1.7346875667572021,54100
2023-10-17,1.7999999523162842,1.840000033378601,1.7699999809265137,1.7999999523162842,1.7156249284744263,42200
2023-10-18,1.7799999713897705,1.7799999713897705,1.7699999809265137,1.7699999809265137,1.6870312690734863,22000
2023-10-19,1.7599999904632568,1.8300000429153442,1.7599999904632568,1.8300000429153442,1.7442188262939453,76147
2023-10-20,1.7999999523162842,1.7999999523162842,1.7999999523162842,1.7999999523162842,1.7156249284744263,0
2023-10-24,1.7599999904632568,1.7999999523162842,1.6799999475479126,1.7999999523162842,1.7156249284744263,447666
2023-10-25,1.7899999618530273,1.7899999618530273,1.75,1.7899999618530273,1.706093668937683,18000
2023-10-26,1.7799999713897705,1.7999999523162842,1.7799999713897705,1.7899999618530273,1.706093668937683,10000
2023-10-27,1.7799999713897705,1.8300000429153442,1.7200000286102295,1.8300000429153442,1.7442188262939453,93720
2023-10-30,1.8300000429153442,1.850000023841858,1.8300000429153442,1.850000023841858,1.763281226158142,122400
2023-10-31,1.850000023841858,1.850000023841858,1.8200000524520874,1.8200000524520874,1.7346875667572021,13000
2023-11-01,1.840000033378601,1.850000023841858,1.840000033378601,1.850000023841858,1.763281226158142,3000
2023-11-02,1.8200000524520874,1.840000033378601,1.7799999713897705,1.840000033378601,1.7537500858306885,59250
2023-11-03,1.850000023841858,1.850000023841858,1.7999999523162842,1.850000023841858,1.763281226158142,9050
2023-11-06,1.809999942779541,1.850000023841858,1.7999999523162842,1.850000023841858,1.763281226158142,62000
2023-11-07,1.8300000429153442,1.8300000429153442,1.8300000429153442,1.8300000429153442,1.7442188262939453,0
2023-11-08,1.7699999809265137,1.809999942779541,1.7599999904632568,1.7999999523162842,1.7156249284744263,51941
2023-11-09,1.7699999809265137,1.809999942779541,1.7699999809265137,1.809999942779541,1.7251561880111694,7900
2023-11-10,1.7999999523162842,1.7999999523162842,1.7699999809265137,1.7999999523162842,1.7156249284744263,48574
2023-11-13,1.7699999809265137,1.7799999713897705,1.7100000381469727,1.7799999713897705,1.6965625286102295,62116
2023-11-14,1.7799999713897705,1.809999942779541,1.7799999713897705,1.809999942779541,1.7251561880111694,6003
2023-11-15,1.809999942779541,1.8600000143051147,1.7999999523162842,1.8300000429153442,1.7442188262939453,148233
2023-11-16,1.850000023841858,1.850000023841858,1.8200000524520874,1.8300000429153442,1.7442188262939453,120778
2023-11-17,1.8300000429153442,1.850000023841858,1.7799999713897705,1.850000023841858,1.763281226158142,136200
2023-11-20,1.8600000143051147,1.8700000047683716,1.840000033378601,1.850000023841858,1.763281226158142,31317
2023-11-21,1.840000033378601,1.8700000047683716,1.840000033378601,1.8700000047683716,1.7823437452316284,174966
2023-11-22,1.8600000143051147,1.8799999952316284,1.850000023841858,1.8799999952316284,1.7918750047683716,73650
2023-11-23,1.8600000143051147,1.8700000047683716,1.8600000143051147,1.8700000047683716,1.7823437452316284,3617
2023-11-24,1.850000023841858,1.8700000047683716,1.850000023841858,1.8700000047683716,1.7823437452316284,64000
2023-11-27,1.850000023841858,1.8799999952316284,1.850000023841858,1.8799999952316284,1.7918750047683716,95100
2023-11-28,1.850000023841858,1.8799999952316284,1.840000033378601,1.8799999952316284,1.7918750047683716,60001
2023-11-29,1.850000023841858,1.8700000047683716,1.840000033378601,1.8700000047683716,1.7823437452316284,71025
2023-11-30,1.8600000143051147,1.8700000047683716,1.850000023841858,1.850000023841858,1.763281226158142,60000
2023-12-01,1.850000023841858,1.8799999952316284,1.809999942779541,1.809999942779541,1.7251561880111694,19080
2023-12-04,1.809999942779541,1.850000023841858,1.809999942779541,1.850000023841858,1.763281226158142,4650
2023-12-05,1.8300000429153442,1.9299999475479126,1.8300000429153442,1.850000023841858,1.763281226158142,445010
2023-12-06,1.9199999570846558,2.0,1.9199999570846558,1.9600000381469727,1.868125081062317,441960
2023-12-07,1.9600000381469727,1.9800000190734863,1.8700000047683716,1.9800000190734863,1.8871874809265137,148702
2023-12-08,1.899999976158142,1.940000057220459,1.8300000429153442,1.940000057220459,1.8490625619888306,130000
2023-12-11,1.850000023841858,1.9199999570846558,1.840000033378601,1.850000023841858,1.763281226158142,151610
2023-12-12,1.8300000429153442,1.940000057220459,1.7999999523162842,1.9199999570846558,1.8299999237060547,72000
2023-12-13,1.899999976158142,1.940000057220459,1.899999976158142,1.9299999475479126,1.8395311832427979,12013
2023-12-14,1.899999976158142,1.9800000190734863,1.899999976158142,1.9800000190734863,1.8871874809265137,4233982
2023-12-15,1.940000057220459,1.9800000190734863,1.9299999475479126,1.9800000190734863,1.8871874809265137,54025
2023-12-18,1.9600000381469727,1.9800000190734863,1.8799999952316284,1.9600000381469727,1.868125081062317,15000
2023-12-19,1.940000057220459,1.9500000476837158,1.940000057220459,1.9500000476837158,1.8585938215255737,42500
2023-12-20,1.8799999952316284,1.9500000476837158,1.8700000047683716,1.9299999475479126,1.8395311832427979,479700
2023-12-21,1.9299999475479126,1.9299999475479126,1.9299999475479126,1.9299999475479126,1.8395311832427979,0
2023-12-22,1.899999976158142,1.9199999570846558,1.840000033378601,1.9199999570846558,1.8299999237060547,67035
2023-12-27,1.8600000143051147,1.9199999570846558,1.7699999809265137,1.9199999570846558,1.8299999237060547,1848210
2023-12-28,1.8300000429153442,1.9199999570846558,1.8200000524520874,1.9199999570846558,1.8299999237060547,1203605
2023-12-29,1.8600000143051147,1.9500000476837158,1.850000023841858,1.9500000476837158,1.8585938215255737,1409460
2024-01-02,1.9299999475479126,1.9500000476837158,1.8700000047683716,1.9299999475479126,1.8395311832427979,23033
2024-01-03,1.8799999952316284,1.899999976158142,1.8799999952316284,1.8899999856948853,1.8014062643051147,273350
2024-01-04,1.8899999856948853,1.909999966621399,1.8799999952316284,1.909999966621399,1.8204686641693115,165400
2024-01-05,1.850000023841858,1.909999966621399,1.8300000429153442,1.8899999856948853,1.8014062643051147,882854
2024-01-08,1.899999976158142,1.940000057220459,1.899999976158142,1.940000057220459,1.8490625619888306,288000
2024-01-09,1.9299999475479126,1.9299999475479126,1.9299999475479126,1.9299999475479126,1.8395311832427979,0
2024-01-10,1.909999966621399,1.909999966621399,1.8799999952316284,1.899999976158142,1.810937523841858,227000
2024-01-11,1.8799999952316284,1.899999976158142,1.8799999952316284,1.8799999952316284,1.7918750047683716,52453
2024-01-12,1.899999976158142,1.899999976158142,1.8700000047683716,1.8799999952316284,1.7918750047683716,83696
2024-01-15,1.8700000047683716,1.9299999475479126,1.8700000047683716,1.9299999475479126,1.8395311832427979,25100
2024-01-16,1.909999966621399,1.9299999475479126,1.8700000047683716,1.8700000047683716,1.7823437452316284,80050
2024-01-17,1.850000023841858,1.8700000047683716,1.850000023841858,1.850000023841858,1.763281226158142,299050
2024-01-18,1.8300000429153442,1.8799999952316284,1.8300000429153442,1.8799999952316284,1.7918750047683716,24222
2024-01-19,1.8799999952316284,1.899999976158142,1.8600000143051147,1.8799999952316284,1.7918750047683716,114000
2024-01-22,1.8600000143051147,1.909999966621399,1.8600000143051147,1.899999976158142,1.810937523841858,4086500
2024-01-23,1.899999976158142,1.9199999570846558,1.899999976158142,1.909999966621399,1.8204686641693115,23000
2024-01-24,1.899999976158142,1.9900000095367432,1.899999976158142,1.9900000095367432,1.8967187404632568,88910
2024-01-25,1.9199999570846558,1.9900000095367432,1.9199999570846558,1.9900000095367432,1.8967187404632568,78985
2024-01-26,1.940000057220459,1.9800000190734863,1.9299999475479126,1.9600000381469727,1.868125081062317,47880
2024-01-29,1.9600000381469727,1.9600000381469727,1.9299999475479126,1.9500000476837158,1.8585938215255737,41571
2024-01-30,1.9299999475479126,1.9500000476837158,1.9299999475479126,1.9500000476837158,1.8585938215255737,56060
2024-01-31,1.9500000476837158,1.9900000095367432,1.940000057220459,1.9900000095367432,1.8967187404632568,30050
2024-02-01,1.9600000381469727,1.9600000381469727,1.9600000381469727,1.9600000381469727,1.868125081062317,1020
2024-02-02,1.9299999475479126,1.9700000286102295,1.909999966621399,1.9700000286102295,1.8776562213897705,25906
2024-02-05,1.9199999570846558,1.9199999570846558,1.8600000143051147,1.9199999570846558,1.8299999237060547,20523
2024-02-06,1.9600000381469727,1.9600000381469727,1.909999966621399,1.9600000381469727,1.868125081062317,10650
2024-02-07,1.9500000476837158,1.9500000476837158,1.8899999856948853,1.9500000476837158,1.8585938215255737,96200
2024-02-08,1.909999966621399,1.9600000381469727,1.909999966621399,1.9600000381469727,1.868125081062317,82001
2024-02-09,1.9199999570846558,1.9800000190734863,1.9199999570846558,1.9800000190734863,1.8871874809265137,18022
2024-02-14,1.9800000190734863,1.9800000190734863,1.9800000190734863,1.9800000190734863,1.8871874809265137,0
2024-02-15,1.9500000476837158,2.0,1.9500000476837158,2.0,1.90625,14750
2024-02-16,1.9600000381469727,2.0299999713897705,1.9500000476837158,2.0199999809265137,1.9253125190734863,162816
2024-02-19,1.9700000286102295,2.009999990463257,1.9700000286102295,2.009999990463257,1.9157812595367432,7890
2024-02-20,2.009999990463257,2.069999933242798,2.009999990463257,2.069999933242798,1.9729686975479126,304250
2024-02-21,2.0899999141693115,2.0999999046325684,2.049999952316284,2.0999999046325684,2.0015623569488525,328733
2024-02-22,2.119999885559082,2.1500000953674316,2.059999942779541,2.1500000953674316,2.0492188930511475,91900
2024-02-23,2.140000104904175,2.1600000858306885,2.0899999141693115,2.1600000858306885,2.0587501525878906,53789
2024-02-26,2.1500000953674316,2.1600000858306885,2.0899999141693115,2.1600000858306885,2.0587501525878906,101018
2024-02-27,2.1600000858306885,2.180000066757202,2.130000114440918,2.180000066757202,2.077812671661377,103020
2024-02-28,2.1600000858306885,2.180000066757202,2.109999895095825,2.109999895095825,2.0110936164855957,132950
2024-02-29,2.1600000858306885,2.1600000858306885,2.0899999141693115,2.1500000953674316,2.0492188930511475,64800
2024-03-01,2.119999885559082,2.190000057220459,2.119999885559082,2.190000057220459,2.087343692779541,33000
2024-03-04,2.140000104904175,2.180000066757202,2.130000114440918,2.180000066757202,2.077812671661377,74366
2024-03-05,2.1500000953674316,2.2699999809265137,2.1500000953674316,2.2699999809265137,2.1635937690734863,316500
2024-03-06,2.2699999809265137,2.3499999046325684,2.259999990463257,2.3499999046325684,2.2398436069488525,154448
2024-03-07,2.3499999046325684,2.390000104904175,2.2899999618530273,2.390000104904175,2.2779688835144043,113750
2024-03-08,2.380000114440918,2.5,2.359999895095825,2.430000066757202,2.316093921661377,290020
2024-03-11,2.359999895095825,2.490000009536743,2.359999895095825,2.490000009536743,2.373281240463257,288793
2024-03-12,2.4100000858306885,2.490000009536743,2.4100000858306885,2.4800000190734863,2.3637499809265137,23477
2024-03-13,2.450000047683716,2.450000047683716,2.4200000762939453,2.450000047683716,2.335156202316284,35850
2024-03-14,2.4000000953674316,2.4000000953674316,2.3499999046325684,2.4000000953674316,2.2875001430511475,263208
2024-03-15,2.3399999141693115,2.369999885559082,2.3399999141693115,2.359999895095825,2.2493748664855957,22003
2024-03-18,2.359999895095825,2.359999895095825,2.359999895095825,2.359999895095825,2.2493748664855957,0
2024-03-19,2.3499999046325684,2.359999895095825,2.3499999046325684,2.359999895095825,2.2493748664855957,14500
2024-03-20,2.2699999809265137,2.359999895095825,2.259999990463257,2.359999895095825,2.2493748664855957,16400
2024-03-21,2.3299999237060547,2.3299999237060547,2.3299999237060547,2.3299999237060547,2.220781087875366,0
2024-03-22,2.259999990463257,2.359999895095825,2.240000009536743,2.359999895095825,2.2493748664855957,73566
2024-03-25,2.2699999809265137,2.5,2.2699999809265137,2.490000009536743,2.373281240463257,70270
2024-03-26,2.3399999141693115,2.450000047683716,2.3299999237060547,2.450000047683716,2.335156202316284,53182
2024-03-27,2.450000047683716,2.5399999618530273,2.369999885559082,2.490000009536743,2.373281240463257,427092
2024-03-28,2.4700000286102295,2.4700000286102295,2.359999895095825,2.4200000762939453,2.306562662124634,269185
2024-04-02,2.4200000762939453,2.5,2.4000000953674316,2.450000047683716,2.335156202316284,37990
2024-04-03,2.380000114440918,2.430000066757202,2.369999885559082,2.430000066757202,2.316093921661377,70000
2024-04-05,2.380000114440918,2.450000047683716,2.369999885559082,2.450000047683716,2.335156202316284,24660
2024-04-08,2.440000057220459,2.440000057220459,2.440000057220459,2.440000057220459,2.325624942779541,0
2024-04-09,2.4000000953674316,2.4700000286102295,2.369999885559082,2.4700000286102295,2.3542187213897705,70154
2024-04-10,2.390000104904175,2.440000057220459,2.380000114440918,2.430000066757202,2.316093921661377,21300
2024-04-11,2.430000066757202,2.430000066757202,2.4000000953674316,2.430000066757202,2.316093921661377,27500
2024-04-12,2.430000066757202,2.5199999809265137,2.430000066757202,2.509999990463257,2.392343759536743,2801250
2024-04-15,2.4700000286102295,2.5199999809265137,2.369999885559082,2.450000047683716,2.335156202316284,619000
2024-04-16,2.4100000858306885,2.4100000858306885,2.2100000381469727,2.390000104904175,2.2779688835144043,716936
2024-04-17,2.390000104904175,2.450000047683716,2.309999942779541,2.450000047683716,2.335156202316284,124050
2024-04-18,2.4100000858306885,2.450000047683716,2.4000000953674316,2.450000047683716,2.335156202316284,39465
2024-04-19,2.450000047683716,2.4800000190734863,2.4100000858306885,2.450000047683716,2.335156202316284,202000
2024-04-22,2.390000104904175,2.5299999713897705,2.390000104904175,2.5299999713897705,2.4114062786102295,105000
2024-04-23,2.549999952316284,2.549999952316284,2.5,2.5199999809265137,2.4018750190734863,23883
2024-04-24,2.5,2.5299999713897705,2.5,2.5299999713897705,2.4114062786102295,80550
2024-04-25,2.4600000381469727,2.509999990463257,2.4600000381469727,2.509999990463257,2.392343759536743,54700
2024-04-26,2.430000066757202,2.5299999713897705,2.4000000953674316,2.5299999713897705,2.4114062786102295,224150
2024-04-29,2.5,2.5299999713897705,2.4800000190734863,2.5,2.3828125,36050
2024-04-30,2.5,2.5299999713897705,2.4800000190734863,2.5,2.3828125,209736
2024-05-02,2.5299999713897705,2.5299999713897705,2.4800000190734863,2.5199999809265137,2.4018750190734863,18450
2024-05-03,2.5399999618530273,2.559999942779541,2.5,2.559999942779541,2.440000057220459,699015
2024-05-06,2.5,2.609999895095825,2.5,2.609999895095825,2.4876561164855957,124850
2024-05-07,2.549999952316284,2.5899999141693115,2.5299999713897705,2.5899999141693115,2.4685935974121094,40700
2024-05-08,2.5899999141693115,2.5899999141693115,2.549999952316284,2.5899999141693115,2.4685935974121094,39979
2024-05-09,2.5899999141693115,2.5899999141693115,2.5399999618530273,2.5899999141693115,2.4685935974121094,61850
2024-05-10,2.549999952316284,2.6600000858306885,2.5399999618530273,2.6600000858306885,2.5353126525878906,129050
2024-05-13,2.5899999141693115,2.640000104904175,2.5799999237060547,2.5999999046325684,2.4781248569488525,53850
2024-05-14,2.5999999046325684,2.6600000858306885,2.559999942779541,2.6600000858306885,2.5353126525878906,97393
2024-05-16,2.609999895095825,2.6600000858306885,2.559999942779541,2.6600000858306885,2.5353126525878906,154723
2024-05-17,2.6600000858306885,2.6600000858306885,2.5899999141693115,2.630000114440918,2.506718873977661,93973
2024-05-20,2.5899999141693115,2.619999885559082,2.559999942779541,2.559999942779541,2.440000057220459,53040
2024-05-21,2.559999942779541,2.6600000858306885,2.5299999713897705,2.559999942779541,2.440000057220459,326230
2024-05-22,2.559999942779541,2.640000104904175,2.559999942779541,2.569999933242798,2.449531078338623,133300
2024-05-23,2.569999933242798,2.619999885559082,2.5299999713897705,2.609999895095825,2.4876561164855957,81250
2024-05-24,2.569999933242798,2.630000114440918,2.5399999618530273,2.5799999237060547,2.459062337875366,46900
2024-05-27,2.609999895095825,2.609999895095825,2.549999952316284,2.609999895095825,2.4876561164855957,7000
2024-05-28,2.609999895095825,2.619999885559082,2.5799999237060547,2.609999895095825,2.4876561164855957,30416
2024-05-29,2.5999999046325684,2.6600000858306885,2.5399999618530273,2.6600000858306885,2.5353126525878906,59730
2024-05-30,2.5899999141693115,2.640000104904175,2.5899999141693115,2.640000104904175,2.5162501335144043,62000
2024-05-31,2.5899999141693115,2.619999885559082,2.569999933242798,2.619999885559082,2.497187376022339,71383
2024-06-03,2.5799999237060547,2.630000114440918,2.5799999237060547,2.630000114440918,2.506718873977661,27966
2024-06-04,2.5899999141693115,2.619999885559082,2.5799999237060547,2.5899999141693115,2.4685935974121094,81242
2024-06-05,2.619999885559082,2.619999885559082,2.569999933242798,2.5799999237060547,2.459062337875366,102116
2024-06-06,2.609999895095825,2.609999895095825,2.549999952316284,2.5799999237060547,2.459062337875366,113000
2024-06-07,2.549999952316284,2.5899999141693115,2.5399999618530273,2.5899999141693115,2.4685935974121094,95100
2024-06-11,2.559999942779541,2.619999885559082,2.5,2.619999885559082,2.497187376022339,19500
2024-06-12,2.5999999046325684,2.630000114440918,2.5799999237060547,2.5999999046325684,2.4781248569488525,327000
2024-06-13,2.5799999237060547,2.5999999046325684,2.559999942779541,2.5899999141693115,2.4685935974121094,100293
2024-06-14,2.559999942779541,2.5799999237060547,2.549999952316284,2.5799999237060547,2.459062337875366,50490
2024-06-17,2.559999942779541,2.5799999237060547,2.549999952316284,2.5799999237060547,2.459062337875366,171116
2024-06-18,2.5799999237060547,2.5799999237060547,2.5799999237060547,2.5799999237060547,2.459062337875366,0
2024-06-19,2.5799999237060547,2.5999999046325684,2.569999933242798,2.5999999046325684,2.4781248569488525,561267
2024-06-20,2.569999933242798,2.5799999237060547,2.549999952316284,2.5799999237060547,2.459062337875366,61367
2024-06-21,2.5799999237060547,2.5799999237060547,2.5399999618530273,2.5399999618530273,2.4209375381469727,98350
2024-06-24,2.569999933242798,2.619999885559082,2.549999952316284,2.619999885559082,2.497187376022339,14350
2024-06-25,2.5799999237060547,2.5999999046325684,2.559999942779541,2.5999999046325684,2.4781248569488525,393054
2024-06-26,2.549999952316284,2.5999999046325684,2.549999952316284,2.5999999046325684,2.4781248569488525,10156
2024-06-27,2.5999999046325684,2.5999999046325684,2.5999999046325684,2.5999999046325684,2.4781248569488525,0
2024-06-28,2.549999952316284,2.5999999046325684,2.549999952316284,2.5799999237060547,2.459062337875366,7436
2024-07-02,2.5799999237060547,2.5799999237060547,2.5299999713897705,2.5399999618530273,2.4209375381469727,42176
2024-07-03,2.559999942779541,2.559999942779541,2.559999942779541,2.559999942779541,2.440000057220459,0
2024-07-04,2.440000057220459,2.4600000381469727,2.390000104904175,2.430000066757202,2.430000066757202,385300
2024-07-08,2.450000047683716,2.450000047683716,2.450000047683716,2.450000047683716,2.450000047683716,0
2024-07-09,2.359999895095825,2.440000057220459,2.4200000762939453,2.440000057220459,2.440000057220459,8500
2024-07-10,2.390000104904175,2.390000104904175,2.390000104904175,2.390000104904175,2.390000104904175,0
2024-07-11,2.380000114440918,2.5,2.369999885559082,2.5,2.5,34250
2024-07-12,2.5,2.5,2.5,2.5,2.5,0
2024-07-15,2.4000000953674316,2.5,2.4000000953674316,2.5,2.5,3801
2024-07-16,2.4000000953674316,2.5,2.4000000953674316,2.5,2.5,9500
2024-07-17,2.3499999046325684,2.4800000190734863,2.3499999046325684,2.450000047683716,2.450000047683716,289000
2024-07-18,2.440000057220459,2.450000047683716,2.4200000762939453,2.450000047683716,2.450000047683716,174000
2024-07-19,2.4000000953674316,2.4600000381469727,2.3399999141693115,2.4600000381469727,2.4600000381469727,47060
2024-07-22,2.390000104904175,2.390000104904175,2.359999895095825,2.380000114440918,2.380000114440918,22000
2024-07-23,2.380000114440918,2.380000114440918,2.380000114440918,2.380000114440918,2.380000114440918,0
2024-07-24,2.309999942779541,2.3499999046325684,2.2799999713897705,2.3499999046325684,2.3499999046325684,137000
2024-07-25,2.2100000381469727,2.309999942779541,2.2100000381469727,2.309999942779541,2.309999942779541,44000
2024-07-26,2.3499999046325684,2.3499999046325684,2.2200000286102295,2.3499999046325684,2.3499999046325684,10000
2024-07-29,2.3499999046325684,2.359999895095825,2.299999952316284,2.3499999046325684,2.3499999046325684,63250
2024-07-30,2.2300000190734863,2.3499999046325684,2.2100000381469727,2.3499999046325684,2.3499999046325684,17000
2024-07-31,2.3499999046325684,2.3499999046325684,2.299999952316284,2.3499999046325684,2.3499999046325684,12710
2024-08-01,2.2699999809265137,2.3299999237060547,2.240000009536743,2.3299999237060547,2.3299999237060547,116150
2024-08-02,2.25,2.25,2.200000047683716,2.200000047683716,2.200000047683716,67000
2024-08-05,2.200000047683716,2.200000047683716,2.200000047683716,2.200000047683716,2.200000047683716,5016
2024-08-06,2.130000114440918,2.200000047683716,2.130000114440918,2.200000047683716,2.200000047683716,50000
2024-08-07,2.200000047683716,2.2200000286102295,2.200000047683716,2.2200000286102295,2.2200000286102295,31533
2024-08-08,2.200000047683716,2.2200000286102295,2.1600000858306885,2.2200000286102295,2.2200000286102295,95000
2024-08-09,2.240000009536743,2.25,2.240000009536743,2.25,2.25,2033
2024-08-12,2.2799999713897705,2.2799999713897705,2.2799999713897705,2.2799999713897705,2.2799999713897705,1000
2024-08-13,2.2799999713897705,2.2799999713897705,2.2799999713897705,2.2799999713897705,2.2799999713897705,0
2024-08-14,2.2799999713897705,2.299999952316284,2.2799999713897705,2.299999952316284,2.299999952316284,8000
2024-08-15,2.2100000381469727,2.2100000381469727,2.2100000381469727,2.2100000381469727,2.2100000381469727,4350
2024-08-16,2.190000057220459,2.259999990463257,2.180000066757202,2.259999990463257,2.259999990463257,1168203
2024-08-19,2.2899999618530273,2.4000000953674316,2.25,2.3299999237060547,2.3299999237060547,332806
2024-08-20,2.3299999237060547,2.369999885559082,2.3299999237060547,2.369999885559082,2.369999885559082,30990
2024-08-21,2.380000114440918,2.390000104904175,2.3299999237060547,2.390000104904175,2.390000104904175,22050
2024-08-22,2.390000104904175,2.390000104904175,2.3299999237060547,2.390000104904175,2.390000104904175,78862
2024-08-23,2.3399999141693115,2.4000000953674316,2.3399999141693115,2.4000000953674316,2.4000000953674316,3000
2024-08-26,2.3399999141693115,2.4100000858306885,2.3399999141693115,2.4100000858306885,2.4100000858306885,20222
2024-08-27,2.380000114440918,2.4000000953674316,2.3499999046325684,2.4000000953674316,2.4000000953674316,54000
2024-08-28,2.359999895095825,2.4000000953674316,2.359999895095825,2.4000000953674316,2.4000000953674316,5150
2024-08-29,2.359999895095825,2.4000000953674316,2.3399999141693115,2.4000000953674316,2.4000000953674316,71335
2024-08-30,2.4100000858306885,2.4100000858306885,2.3499999046325684,2.390000104904175,2.390000104904175,57701
2024-09-02,2.3499999046325684,2.3499999046325684,2.309999942779541,2.3499999046325684,2.3499999046325684,32125
2024-09-03,2.2899999618530273,2.299999952316284,2.25,2.25,2.25,63045
2024-09-04,2.259999990463257,2.259999990463257,2.2200000286102295,2.2200000286102295,2.2200000286102295,2300
2024-09-05,2.1500000953674316,2.3499999046325684,2.1500000953674316,2.3499999046325684,2.3499999046325684,34111
2024-09-09,2.319999933242798,2.319999933242798,2.25,2.25,2.25,47458
2024-09-10,2.2300000190734863,2.2699999809265137,2.2300000190734863,2.2699999809265137,2.2699999809265137,16000
2024-09-11,2.259999990463257,2.259999990463257,2.259999990463257,2.259999990463257,2.259999990463257,0
2024-09-12,2.1700000762939453,2.2899999618530273,2.1700000762939453,2.2899999618530273,2.2899999618530273,42000
2024-09-13,2.2200000286102295,2.2699999809265137,2.2200000286102295,2.2699999809265137,2.2699999809265137,6263
2024-09-16,2.299999952316284,2.299999952316284,2.200000047683716,2.2300000190734863,2.2300000190734863,10000
2024-09-17,2.2699999809265137,2.2699999809265137,2.2699999809265137,2.2699999809265137,2.2699999809265137,0
2024-09-19,2.299999952316284,2.299999952316284,2.200000047683716,2.2699999809265137,2.2699999809265137,83982
2024-09-20,2.2899999618530273,2.2899999618530273,2.2899999618530273,2.2899999618530273,2.2899999618530273,0
2024-09-23,2.2899999618530273,2.2899999618530273,2.2899999618530273,2.2899999618530273,2.2899999618530273,0
2024-09-24,2.3499999046325684,2.3499999046325684,2.2300000190734863,2.309999942779541,2.309999942779541,36137
2024-09-25,2.309999942779541,2.359999895095825,2.309999942779541,2.359999895095825,2.359999895095825,214000
2024-09-26,2.4100000858306885,2.440000057220459,2.309999942779541,2.440000057220459,2.440000057220459,313456
2024-09-27,2.450000047683716,2.5199999809265137,2.3399999141693115,2.5199999809265137,2.5199999809265137,371506
2024-09-30,2.619999885559082,2.6700000762939453,2.490000009536743,2.609999895095825,2.609999895095825,1032150
2024-10-02,2.609999895095825,2.9000000953674316,2.5,2.8399999141693115,2.8399999141693115,1535934
2024-10-03,2.8399999141693115,2.8399999141693115,2.630000114440918,2.740000009536743,2.740000009536743,195918
2024-10-04,2.740000009536743,2.8499999046325684,2.680000066757202,2.75,2.75,167724
