Date,Open,High,Low,Close,Adj Close,Volume
2011-07-22,0.5550000071525574,0.6150000095367432,0.5299999713897705,0.5649999976158142,0.3930005431175232,25732000
2011-07-25,0.5699999928474426,0.5799999833106995,0.5550000071525574,0.5699999928474426,0.3964783847332001,8708000
2011-07-26,0.5649999976158142,0.6449999809265137,0.5649999976158142,0.5799999833106995,0.4034340977668762,22388000
2011-07-27,0.5799999833106995,0.6050000190734863,0.5649999976158142,0.5699999928474426,0.3964783847332001,10536000
2011-07-28,0.5699999928474426,0.5849999785423279,0.5699999928474426,0.574999988079071,0.3999563157558441,7484000
2011-07-29,0.574999988079071,0.5899999737739563,0.5299999713897705,0.5550000071525574,0.3860447108745575,10144000
2011-08-01,0.5600000023841858,0.5649999976158142,0.5450000166893005,0.5550000071525574,0.3860447108745575,4448000
2011-08-02,0.550000011920929,0.5849999785423279,0.5450000166893005,0.5450000166893005,0.37908896803855896,6960000
2011-08-03,0.5400000214576721,0.5450000166893005,0.5350000262260437,0.5400000214576721,0.3756111264228821,260000
2011-08-04,0.5400000214576721,0.5649999976158142,0.5400000214576721,0.5600000023841858,0.3895226716995239,3432000
2011-08-05,0.5249999761581421,0.5249999761581421,0.5099999904632568,0.5249999761581421,0.3651774823665619,820000
2011-08-08,0.5,0.5,0.4749999940395355,0.5,0.34778809547424316,6000000
2011-08-09,0.44999998807907104,0.4950000047683716,0.42500001192092896,0.4950000047683716,0.3443101942539215,224000
2011-08-10,0.49000000953674316,0.5049999952316284,0.4699999988079071,0.4699999988079071,0.326920747756958,168000
2011-08-11,0.4699999988079071,0.5,0.4699999988079071,0.5,0.34778809547424316,92000
2011-08-12,0.5,0.5,0.5,0.5,0.34778809547424316,12000
2011-08-15,0.47999998927116394,0.5299999713897705,0.4749999940395355,0.5299999713897705,0.36865532398223877,672000
2011-08-16,0.5149999856948853,0.5400000214576721,0.4950000047683716,0.5350000262260437,0.3721332550048828,264000
2011-08-17,0.5,0.5450000166893005,0.5,0.5450000166893005,0.37908896803855896,196000
2011-08-18,0.5049999952316284,0.5249999761581421,0.5,0.5,0.34778809547424316,204000
2011-08-19,0.5199999809265137,0.5199999809265137,0.4650000035762787,0.4650000035762787,0.3234429359436035,316000
2011-08-22,0.5,0.5,0.4699999988079071,0.5,0.34778809547424316,344000
2011-08-23,0.5,0.5199999809265137,0.5,0.5149999856948853,0.35822170972824097,260000
2011-08-24,0.5,0.5,0.48500001430511475,0.48500001430511475,0.3373544216156006,96000
2011-08-25,0.48500001430511475,0.48500001430511475,0.48500001430511475,0.48500001430511475,0.3373544216156006,8000
2011-08-26,0.49000000953674316,0.49000000953674316,0.49000000953674316,0.49000000953674316,0.34083232283592224,28000
2011-08-29,0.5,0.5,0.5,0.5,0.34778809547424316,116000
2011-08-30,0.49000000953674316,0.5099999904632568,0.49000000953674316,0.4950000047683716,0.3443101942539215,428000
2011-08-31,0.49000000953674316,0.49000000953674316,0.49000000953674316,0.49000000953674316,0.34083232283592224,60000
2011-09-01,0.49000000953674316,0.49000000953674316,0.49000000953674316,0.49000000953674316,0.34083232283592224,4000
2011-09-02,0.49000000953674316,0.49000000953674316,0.49000000953674316,0.49000000953674316,0.34083232283592224,0
2011-09-05,0.48500001430511475,0.49000000953674316,0.4749999940395355,0.49000000953674316,0.34083232283592224,176000
2011-09-06,0.49000000953674316,0.4950000047683716,0.49000000953674316,0.4950000047683716,0.3443101942539215,44000
2011-09-07,0.4749999940395355,0.4950000047683716,0.4749999940395355,0.4950000047683716,0.3443101942539215,160000
2011-09-08,0.4749999940395355,0.4749999940395355,0.4650000035762787,0.4650000035762787,0.3234429359436035,100000
2011-09-09,0.46000000834465027,0.46000000834465027,0.46000000834465027,0.46000000834465027,0.31996503472328186,60000
2011-09-12,0.46000000834465027,0.46000000834465027,0.46000000834465027,0.46000000834465027,0.31996503472328186,4000
2011-09-14,0.46000000834465027,0.46000000834465027,0.46000000834465027,0.46000000834465027,0.31996503472328186,216000
2011-09-15,0.45500001311302185,0.45500001311302185,0.44999998807907104,0.44999998807907104,0.31300923228263855,40000
2011-09-16,0.45500001311302185,0.46000000834465027,0.4449999928474426,0.46000000834465027,0.31996503472328186,120000
2011-09-19,0.44999998807907104,0.44999998807907104,0.4449999928474426,0.4449999928474426,0.3095313608646393,200000
2011-09-20,0.44999998807907104,0.44999998807907104,0.4399999976158142,0.4399999976158142,0.3060535490512848,60000
2011-09-21,0.4399999976158142,0.4399999976158142,0.4399999976158142,0.4399999976158142,0.3060535490512848,0
2011-09-22,0.4350000023841858,0.4350000023841858,0.4350000023841858,0.4350000023841858,0.30257561802864075,200000
2011-09-23,0.4350000023841858,0.4399999976158142,0.4350000023841858,0.4399999976158142,0.3060535490512848,28000
2011-09-26,0.42500001192092896,0.42500001192092896,0.42500001192092896,0.42500001192092896,0.2956199049949646,20000
2011-09-27,0.4399999976158142,0.4399999976158142,0.4399999976158142,0.4399999976158142,0.3060535490512848,40000
2011-09-28,0.41999998688697815,0.4449999928474426,0.4000000059604645,0.41499999165534973,0.2886641025543213,152000
2011-09-30,0.41499999165534973,0.41499999165534973,0.41499999165534973,0.41499999165534973,0.2886641025543213,0
2011-10-03,0.41999998688697815,0.41999998688697815,0.4099999964237213,0.41499999165534973,0.2886641025543213,276000
2011-10-04,0.41499999165534973,0.41499999165534973,0.41499999165534973,0.41499999165534973,0.2886641025543213,0
2011-10-06,0.42500001192092896,0.4449999928474426,0.41499999165534973,0.41499999165534973,0.2886641025543213,116000
2011-10-07,0.4399999976158142,0.4650000035762787,0.4399999976158142,0.46000000834465027,0.31996503472328186,128000
2011-10-10,0.4300000071525574,0.4399999976158142,0.41999998688697815,0.4399999976158142,0.3060535490512848,132000
2011-10-11,0.42500001192092896,0.42500001192092896,0.41999998688697815,0.41999998688697815,0.29214197397232056,60000
2011-10-12,0.41499999165534973,0.42500001192092896,0.4000000059604645,0.4000000059604645,0.2782304883003235,248000
2011-10-13,0.4300000071525574,0.4300000071525574,0.42500001192092896,0.42500001192092896,0.2956199049949646,80000
2011-10-14,0.4050000011920929,0.4050000011920929,0.4050000011920929,0.4050000011920929,0.28170835971832275,40000
2011-10-17,0.4050000011920929,0.4050000011920929,0.4050000011920929,0.4050000011920929,0.28170835971832275,0
2011-10-18,0.41499999165534973,0.41499999165534973,0.4050000011920929,0.4050000011920929,0.28170835971832275,100000
2011-10-19,0.4099999964237213,0.41999998688697815,0.4099999964237213,0.41999998688697815,0.29214197397232056,80000
2011-10-20,0.41999998688697815,0.41999998688697815,0.41999998688697815,0.41999998688697815,0.29214197397232056,0
2011-10-21,0.4050000011920929,0.4099999964237213,0.4050000011920929,0.4099999964237213,0.285186231136322,24000
2011-10-24,0.41499999165534973,0.42500001192092896,0.41499999165534973,0.41999998688697815,0.29214197397232056,188000
2011-10-25,0.41499999165534973,0.41499999165534973,0.4099999964237213,0.4099999964237213,0.285186231136322,80000
2011-10-26,0.4050000011920929,0.41499999165534973,0.4050000011920929,0.41499999165534973,0.2886641025543213,120000
2011-10-27,0.4099999964237213,0.44999998807907104,0.4099999964237213,0.44999998807907104,0.31300923228263855,512000
2011-10-28,0.45500001311302185,0.4650000035762787,0.4300000071525574,0.4650000035762787,0.3234429359436035,300000
2011-10-31,0.4300000071525574,0.45500001311302185,0.4300000071525574,0.45500001311302185,0.3164871037006378,60000
2011-11-01,0.6000000238418579,0.6000000238418579,0.45500001311302185,0.45500001311302185,0.3164871037006378,364000
2011-11-02,0.4350000023841858,0.46000000834465027,0.4350000023841858,0.46000000834465027,0.31996503472328186,60000
2011-11-03,0.4350000023841858,0.4350000023841858,0.42500001192092896,0.4350000023841858,0.30257561802864075,64000
2011-11-04,0.4350000023841858,0.46000000834465027,0.4350000023841858,0.46000000834465027,0.31996503472328186,128000
2011-11-07,0.4350000023841858,0.44999998807907104,0.4350000023841858,0.44999998807907104,0.31300923228263855,48000
2011-11-08,0.4300000071525574,0.44999998807907104,0.4300000071525574,0.44999998807907104,0.31300923228263855,220000
2011-11-09,0.4300000071525574,0.44999998807907104,0.4300000071525574,0.44999998807907104,0.31300923228263855,92000
2011-11-10,0.44999998807907104,0.44999998807907104,0.44999998807907104,0.44999998807907104,0.31300923228263855,10200000
2011-11-11,0.44999998807907104,0.44999998807907104,0.44999998807907104,0.44999998807907104,0.31300923228263855,0
2011-11-14,0.44999998807907104,0.44999998807907104,0.44999998807907104,0.44999998807907104,0.31300923228263855,92000
2011-11-15,0.44999998807907104,0.44999998807907104,0.44999998807907104,0.44999998807907104,0.31300923228263855,0
2011-11-16,0.4300000071525574,0.4300000071525574,0.4300000071525574,0.4300000071525574,0.2990977466106415,20000
2011-11-17,0.4300000071525574,0.4300000071525574,0.4300000071525574,0.4300000071525574,0.2990977466106415,12000
2011-11-18,0.4300000071525574,0.4300000071525574,0.4300000071525574,0.4300000071525574,0.2990977466106415,20000
2011-11-21,0.44999998807907104,0.44999998807907104,0.44999998807907104,0.44999998807907104,0.31300923228263855,24000
2011-11-22,0.44999998807907104,0.44999998807907104,0.44999998807907104,0.44999998807907104,0.31300923228263855,0
2011-11-23,0.44999998807907104,0.44999998807907104,0.44999998807907104,0.44999998807907104,0.31300923228263855,0
2011-11-24,0.4300000071525574,0.4300000071525574,0.4300000071525574,0.4300000071525574,0.2990977466106415,20000
2011-11-25,0.4300000071525574,0.4300000071525574,0.4300000071525574,0.4300000071525574,0.2990977466106415,0
2011-11-28,0.4350000023841858,0.4350000023841858,0.42500001192092896,0.42500001192092896,0.2956199049949646,124000
2011-11-29,0.4300000071525574,0.4399999976158142,0.41999998688697815,0.4399999976158142,0.3060535490512848,160000
2011-11-30,0.4300000071525574,0.4300000071525574,0.4300000071525574,0.4300000071525574,0.2990977466106415,20000
2011-12-01,0.4300000071525574,0.4300000071525574,0.42500001192092896,0.4300000071525574,0.2990977466106415,116000
2011-12-02,0.4300000071525574,0.4300000071525574,0.4300000071525574,0.4300000071525574,0.2990977466106415,0
2011-12-05,0.4300000071525574,0.4300000071525574,0.41999998688697815,0.42500001192092896,0.2956199049949646,140000
2011-12-06,0.42500001192092896,0.4300000071525574,0.41499999165534973,0.4300000071525574,0.2990977466106415,116000
2011-12-07,0.42500001192092896,0.4300000071525574,0.41999998688697815,0.4300000071525574,0.2990977466106415,48000
2011-12-08,0.4300000071525574,0.4300000071525574,0.4300000071525574,0.4300000071525574,0.2990977466106415,0
2011-12-09,0.4300000071525574,0.4300000071525574,0.4300000071525574,0.4300000071525574,0.2990977466106415,0
2011-12-12,0.42500001192092896,0.42500001192092896,0.41499999165534973,0.41499999165534973,0.2886641025543213,100000
2011-12-13,0.41499999165534973,0.41499999165534973,0.4050000011920929,0.4050000011920929,0.28170835971832275,116000
2011-12-14,0.4099999964237213,0.4099999964237213,0.4000000059604645,0.4000000059604645,0.2782304883003235,64000
2011-12-15,0.4000000059604645,0.4000000059604645,0.4000000059604645,0.4000000059604645,0.2782304883003235,0
2011-12-16,0.4000000059604645,0.4000000059604645,0.4000000059604645,0.4000000059604645,0.2782304883003235,4000
2011-12-19,0.4000000059604645,0.4000000059604645,0.4000000059604645,0.4000000059604645,0.2782304883003235,0
2011-12-20,0.4000000059604645,0.4000000059604645,0.4000000059604645,0.4000000059604645,0.2782304883003235,0
2011-12-21,0.4050000011920929,0.41499999165534973,0.3700000047683716,0.4000000059604645,0.2782304883003235,152000
2011-12-22,0.4000000059604645,0.4000000059604645,0.4000000059604645,0.4000000059604645,0.2782304883003235,0
2011-12-23,0.4000000059604645,0.4000000059604645,0.4000000059604645,0.4000000059604645,0.2782304883003235,0
2011-12-28,0.4000000059604645,0.4000000059604645,0.4000000059604645,0.4000000059604645,0.2782304883003235,0
2011-12-29,0.4050000011920929,0.4099999964237213,0.4050000011920929,0.4099999964237213,0.285186231136322,80000
2011-12-30,0.4099999964237213,0.4099999964237213,0.4099999964237213,0.4099999964237213,0.285186231136322,0
2012-01-03,0.4099999964237213,0.4099999964237213,0.4099999964237213,0.4099999964237213,0.285186231136322,0
2012-01-04,0.4099999964237213,0.4099999964237213,0.4099999964237213,0.4099999964237213,0.285186231136322,0
2012-01-05,0.4099999964237213,0.4099999964237213,0.4099999964237213,0.4099999964237213,0.285186231136322,0
2012-01-06,0.4099999964237213,0.4099999964237213,0.4099999964237213,0.4099999964237213,0.285186231136322,0
2012-01-09,0.4099999964237213,0.4099999964237213,0.4099999964237213,0.4099999964237213,0.285186231136322,0
2012-01-10,0.4099999964237213,0.4099999964237213,0.4099999964237213,0.4099999964237213,0.285186231136322,0
2012-01-11,0.4099999964237213,0.4099999964237213,0.4099999964237213,0.4099999964237213,0.285186231136322,0
2012-01-12,0.4099999964237213,0.4099999964237213,0.4099999964237213,0.4099999964237213,0.285186231136322,0
2012-01-13,0.4099999964237213,0.4099999964237213,0.4099999964237213,0.4099999964237213,0.285186231136322,0
2012-01-16,0.4099999964237213,0.4099999964237213,0.4099999964237213,0.4099999964237213,0.285186231136322,0
2012-01-17,0.4099999964237213,0.4099999964237213,0.4099999964237213,0.4099999964237213,0.285186231136322,0
2012-01-18,0.4000000059604645,0.4000000059604645,0.4000000059604645,0.4000000059604645,0.2782304883003235,1376000
2012-01-19,0.4000000059604645,0.4000000059604645,0.4000000059604645,0.4000000059604645,0.2782304883003235,0
2012-01-20,0.38999998569488525,0.39500001072883606,0.38999998569488525,0.39500001072883606,0.27475255727767944,60000
2012-01-26,0.39500001072883606,0.39500001072883606,0.39500001072883606,0.39500001072883606,0.27475255727767944,0
2012-01-27,0.39500001072883606,0.39500001072883606,0.39500001072883606,0.39500001072883606,0.27475255727767944,0
2012-01-30,0.39500001072883606,0.39500001072883606,0.39500001072883606,0.39500001072883606,0.27475255727767944,0
2012-01-31,0.39500001072883606,0.39500001072883606,0.39500001072883606,0.39500001072883606,0.27475255727767944,0
2012-02-01,0.39500001072883606,0.39500001072883606,0.39500001072883606,0.39500001072883606,0.27475255727767944,0
2012-02-02,0.39500001072883606,0.39500001072883606,0.39500001072883606,0.39500001072883606,0.27475255727767944,0
2012-02-03,0.39500001072883606,0.39500001072883606,0.39500001072883606,0.39500001072883606,0.27475255727767944,0
2012-02-06,0.4050000011920929,0.4050000011920929,0.4050000011920929,0.4050000011920929,0.28170835971832275,60000
2012-02-07,0.4050000011920929,0.4050000011920929,0.4050000011920929,0.4050000011920929,0.28170835971832275,0
2012-02-08,0.4050000011920929,0.4050000011920929,0.4050000011920929,0.4050000011920929,0.28170835971832275,0
2012-02-09,0.4050000011920929,0.4050000011920929,0.4050000011920929,0.4050000011920929,0.28170835971832275,0
2012-02-10,0.4050000011920929,0.4050000011920929,0.4050000011920929,0.4050000011920929,0.28170835971832275,0
2012-02-13,0.4050000011920929,0.4050000011920929,0.4050000011920929,0.4050000011920929,0.28170835971832275,0
2012-02-14,0.4000000059604645,0.4000000059604645,0.4000000059604645,0.4000000059604645,0.2782304883003235,4000
2012-02-15,0.4000000059604645,0.4000000059604645,0.4000000059604645,0.4000000059604645,0.2782304883003235,20000
2012-02-16,0.4000000059604645,0.4000000059604645,0.4000000059604645,0.4000000059604645,0.2782304883003235,0
2012-02-17,0.4000000059604645,0.4000000059604645,0.4000000059604645,0.4000000059604645,0.2782304883003235,0
2012-02-20,0.4000000059604645,0.4000000059604645,0.4000000059604645,0.4000000059604645,0.2782304883003235,0
2012-02-21,0.4000000059604645,0.4000000059604645,0.4000000059604645,0.4000000059604645,0.2782304883003235,0
2012-02-22,0.4000000059604645,0.4000000059604645,0.4000000059604645,0.4000000059604645,0.2782304883003235,0
2012-02-23,0.38999998569488525,0.38999998569488525,0.38999998569488525,0.38999998569488525,0.2712746560573578,4000
2012-02-24,0.4000000059604645,0.4000000059604645,0.4000000059604645,0.4000000059604645,0.2782304883003235,20000
2012-02-27,0.4000000059604645,0.4000000059604645,0.4000000059604645,0.4000000059604645,0.2782304883003235,0
2012-02-28,0.4000000059604645,0.4000000059604645,0.4000000059604645,0.4000000059604645,0.2782304883003235,20000
2012-02-29,0.4000000059604645,0.4000000059604645,0.4000000059604645,0.4000000059604645,0.2782304883003235,0
2012-03-01,0.4000000059604645,0.4000000059604645,0.4000000059604645,0.4000000059604645,0.2782304883003235,0
2012-03-02,0.3700000047683716,0.4000000059604645,0.3700000047683716,0.4000000059604645,0.2782304883003235,780000
2012-03-05,0.4000000059604645,0.4000000059604645,0.4000000059604645,0.4000000059604645,0.2782304883003235,0
2012-03-06,0.38999998569488525,0.38999998569488525,0.38999998569488525,0.38999998569488525,0.2712746560573578,64000
2012-03-07,0.4000000059604645,0.4000000059604645,0.4000000059604645,0.4000000059604645,0.2782304883003235,0
2012-03-08,0.4000000059604645,0.4000000059604645,0.4000000059604645,0.4000000059604645,0.2782304883003235,0
2012-03-09,0.38999998569488525,0.38999998569488525,0.38999998569488525,0.38999998569488525,0.2712746560573578,40000
2012-03-12,0.3700000047683716,0.3700000047683716,0.3700000047683716,0.3700000047683716,0.25736314058303833,28000
2012-03-13,0.3499999940395355,0.36500000953674316,0.3499999940395355,0.36500000953674316,0.25388529896736145,140000
2012-03-14,0.3400000035762787,0.36500000953674316,0.33500000834465027,0.36500000953674316,0.25388529896736145,560000
2012-03-15,0.3449999988079071,0.36500000953674316,0.33000001311302185,0.36500000953674316,0.25388529896736145,684000
2012-03-16,0.36500000953674316,0.375,0.36500000953674316,0.375,0.26084104180336,80000
2012-03-20,0.38499999046325684,0.38499999046325684,0.38499999046325684,0.38499999046325684,0.2677967846393585,0
2012-03-21,0.38499999046325684,0.38499999046325684,0.38499999046325684,0.38499999046325684,0.2677967846393585,0
2012-03-22,0.38499999046325684,0.39500001072883606,0.38499999046325684,0.39500001072883606,0.27475255727767944,212000
2012-03-23,0.4000000059604645,0.4000000059604645,0.4000000059604645,0.4000000059604645,0.2782304883003235,320000
2012-03-26,0.4000000059604645,0.4000000059604645,0.4000000059604645,0.4000000059604645,0.2782304883003235,240000
2012-03-27,0.4000000059604645,0.4000000059604645,0.4000000059604645,0.4000000059604645,0.2782304883003235,244000
2012-03-28,0.4000000059604645,0.4000000059604645,0.4000000059604645,0.4000000059604645,0.2782304883003235,180000
2012-03-29,0.39500001072883606,0.4000000059604645,0.39500001072883606,0.4000000059604645,0.2782304883003235,240000
2012-03-30,0.4000000059604645,0.4000000059604645,0.4000000059604645,0.4000000059604645,0.2782304883003235,268000
2012-04-02,0.4000000059604645,0.4000000059604645,0.4000000059604645,0.4000000059604645,0.2782304883003235,0
2012-04-03,0.4000000059604645,0.4000000059604645,0.39500001072883606,0.4000000059604645,0.2782304883003235,340000
2012-04-05,0.39500001072883606,0.4000000059604645,0.39500001072883606,0.4000000059604645,0.2782304883003235,120000
2012-04-10,0.39500001072883606,0.4000000059604645,0.39500001072883606,0.4000000059604645,0.2782304883003235,80000
2012-04-11,0.4000000059604645,0.4000000059604645,0.4000000059604645,0.4000000059604645,0.2782304883003235,240000
2012-04-12,0.4000000059604645,0.4000000059604645,0.4000000059604645,0.4000000059604645,0.2782304883003235,148000
2012-04-13,0.4000000059604645,0.4000000059604645,0.4000000059604645,0.4000000059604645,0.2782304883003235,168000
2012-04-16,0.4000000059604645,0.4000000059604645,0.4000000059604645,0.4000000059604645,0.2782304883003235,156000
2012-04-17,0.4000000059604645,0.4000000059604645,0.4000000059604645,0.4000000059604645,0.2782304883003235,0
2012-04-18,0.39500001072883606,0.4050000011920929,0.39500001072883606,0.4050000011920929,0.28170835971832275,76000
2012-04-19,0.4050000011920929,0.4050000011920929,0.4050000011920929,0.4050000011920929,0.28170835971832275,0
2012-04-20,0.4050000011920929,0.4050000011920929,0.4050000011920929,0.4050000011920929,0.28170835971832275,0
2012-04-23,0.4050000011920929,0.4050000011920929,0.4050000011920929,0.4050000011920929,0.28170835971832275,0
2012-04-24,0.4099999964237213,0.4099999964237213,0.4099999964237213,0.4099999964237213,0.285186231136322,60000
2012-04-25,0.39500001072883606,0.4050000011920929,0.39500001072883606,0.4050000011920929,0.28170835971832275,48000
2012-04-26,0.4050000011920929,0.4050000011920929,0.4050000011920929,0.4050000011920929,0.28170835971832275,0
2012-04-27,0.4099999964237213,0.4099999964237213,0.4099999964237213,0.4099999964237213,0.285186231136322,60000
2012-04-30,0.4099999964237213,0.4099999964237213,0.4099999964237213,0.4099999964237213,0.285186231136322,0
2012-05-02,0.4099999964237213,0.4099999964237213,0.4099999964237213,0.4099999964237213,0.285186231136322,0
2012-05-03,0.4099999964237213,0.41999998688697815,0.4099999964237213,0.41999998688697815,0.29214197397232056,60000
2012-05-04,0.41999998688697815,0.41999998688697815,0.41999998688697815,0.41999998688697815,0.29214197397232056,0
2012-05-07,0.41999998688697815,0.41999998688697815,0.41999998688697815,0.41999998688697815,0.29214197397232056,0
2012-05-08,0.36500000953674316,0.36500000953674316,0.36500000953674316,0.3700000047683716,0.25736314058303833,4000
2012-05-09,0.35499998927116394,0.35499998927116394,0.35499998927116394,0.35499998927116394,0.24692951142787933,4000
2012-05-10,0.39500001072883606,0.4050000011920929,0.39500001072883606,0.4050000011920929,0.28170835971832275,88000
2012-05-11,0.4000000059604645,0.4000000059604645,0.4000000059604645,0.4000000059604645,0.2782304883003235,16000
2012-05-14,0.4000000059604645,0.4000000059604645,0.4000000059604645,0.4000000059604645,0.2782304883003235,0
2012-05-15,0.4000000059604645,0.4000000059604645,0.4000000059604645,0.4000000059604645,0.2782304883003235,0
2012-05-16,0.4000000059604645,0.4000000059604645,0.4000000059604645,0.4000000059604645,0.2782304883003235,0
2012-05-17,0.4000000059604645,0.4000000059604645,0.4000000059604645,0.4000000059604645,0.2782304883003235,0
2012-05-18,0.4000000059604645,0.4000000059604645,0.4000000059604645,0.4000000059604645,0.2782304883003235,88000
2012-05-21,0.4000000059604645,0.4000000059604645,0.4000000059604645,0.4000000059604645,0.2782304883003235,0
2012-05-22,0.4000000059604645,0.4000000059604645,0.4000000059604645,0.4000000059604645,0.2782304883003235,0
2012-05-23,0.4000000059604645,0.4000000059604645,0.4000000059604645,0.4000000059604645,0.2782304883003235,0
2012-05-24,0.4000000059604645,0.4000000059604645,0.4000000059604645,0.4000000059604645,0.2782304883003235,0
2012-05-25,0.4000000059604645,0.4000000059604645,0.4000000059604645,0.4000000059604645,0.2782304883003235,12000
2012-05-28,0.4000000059604645,0.4000000059604645,0.4000000059604645,0.4000000059604645,0.2782304883003235,0
2012-05-29,0.4000000059604645,0.4000000059604645,0.4000000059604645,0.4000000059604645,0.2782304883003235,0
2012-05-30,0.4000000059604645,0.4000000059604645,0.4000000059604645,0.4000000059604645,0.2782304883003235,0
2012-05-31,0.4000000059604645,0.4000000059604645,0.4000000059604645,0.4000000059604645,0.2782304883003235,0
2012-06-01,0.4099999964237213,0.4099999964237213,0.4099999964237213,0.4099999964237213,0.285186231136322,60000
2012-06-04,0.4099999964237213,0.4099999964237213,0.4099999964237213,0.4099999964237213,0.285186231136322,0
2012-06-05,0.4099999964237213,0.4099999964237213,0.4099999964237213,0.4099999964237213,0.285186231136322,0
2012-06-06,0.4099999964237213,0.4099999964237213,0.4099999964237213,0.4099999964237213,0.285186231136322,116000
2012-06-07,0.4099999964237213,0.4099999964237213,0.4099999964237213,0.4099999964237213,0.285186231136322,0
2012-06-08,0.4099999964237213,0.4099999964237213,0.4099999964237213,0.4099999964237213,0.285186231136322,0
2012-06-11,0.4099999964237213,0.4099999964237213,0.4099999964237213,0.4099999964237213,0.285186231136322,0
2012-06-12,0.4099999964237213,0.4099999964237213,0.4099999964237213,0.4099999964237213,0.285186231136322,0
2012-06-13,0.4099999964237213,0.4099999964237213,0.4099999964237213,0.4099999964237213,0.285186231136322,0
2012-06-14,0.4099999964237213,0.4099999964237213,0.4099999964237213,0.4099999964237213,0.285186231136322,0
2012-06-15,0.4099999964237213,0.4099999964237213,0.4099999964237213,0.4099999964237213,0.285186231136322,0
2012-06-18,0.41999998688697815,0.4099999964237213,0.4050000011920929,0.4050000011920929,0.28170835971832275,84000
2012-06-19,0.4050000011920929,0.4050000011920929,0.4050000011920929,0.4050000011920929,0.28170835971832275,0
2012-06-20,0.4050000011920929,0.4050000011920929,0.4050000011920929,0.4050000011920929,0.28170835971832275,0
2012-06-21,0.4050000011920929,0.4050000011920929,0.4050000011920929,0.4050000011920929,0.28170835971832275,0
2012-06-22,0.4050000011920929,0.4050000011920929,0.4050000011920929,0.4050000011920929,0.28170835971832275,84000
2012-06-25,0.4050000011920929,0.4050000011920929,0.4050000011920929,0.4050000011920929,0.28170835971832275,0
2012-06-26,0.4050000011920929,0.4050000011920929,0.4050000011920929,0.4050000011920929,0.28170835971832275,0
2012-06-27,0.4050000011920929,0.4050000011920929,0.4050000011920929,0.4050000011920929,0.28170835971832275,0
2012-06-28,0.4050000011920929,0.4050000011920929,0.4050000011920929,0.4050000011920929,0.28170835971832275,0
2012-06-29,0.4050000011920929,0.4050000011920929,0.4050000011920929,0.4050000011920929,0.28170835971832275,0
2012-07-03,0.4050000011920929,0.41499999165534973,0.4050000011920929,0.41499999165534973,0.2886641025543213,100000
2012-07-04,0.41499999165534973,0.41499999165534973,0.41499999165534973,0.41499999165534973,0.2886641025543213,0
2012-07-05,0.41499999165534973,0.41499999165534973,0.41499999165534973,0.41499999165534973,0.2886641025543213,0
2012-07-06,0.41499999165534973,0.41499999165534973,0.41499999165534973,0.41499999165534973,0.2886641025543213,0
2012-07-09,0.41499999165534973,0.41499999165534973,0.41499999165534973,0.41499999165534973,0.2886641025543213,0
2012-07-10,0.41499999165534973,0.41499999165534973,0.41499999165534973,0.41499999165534973,0.2886641025543213,0
2012-07-11,0.41499999165534973,0.42500001192092896,0.41499999165534973,0.42500001192092896,0.2956199049949646,76000
2012-07-12,0.4099999964237213,0.4099999964237213,0.4099999964237213,0.4099999964237213,0.285186231136322,68000
2012-07-13,0.4099999964237213,0.4099999964237213,0.4099999964237213,0.4099999964237213,0.285186231136322,0
2012-07-16,0.4099999964237213,0.4099999964237213,0.4099999964237213,0.4099999964237213,0.285186231136322,0
2012-07-17,0.4099999964237213,0.4099999964237213,0.4099999964237213,0.4099999964237213,0.285186231136322,48000
2012-07-18,0.4099999964237213,0.4099999964237213,0.4099999964237213,0.4099999964237213,0.285186231136322,0
2012-07-19,0.4099999964237213,0.4099999964237213,0.4099999964237213,0.4099999964237213,0.285186231136322,0
2012-07-20,0.4099999964237213,0.4099999964237213,0.4099999964237213,0.4099999964237213,0.285186231136322,0
2012-07-23,0.4099999964237213,0.4099999964237213,0.4099999964237213,0.4099999964237213,0.285186231136322,0
2012-07-24,0.4099999964237213,0.4099999964237213,0.4099999964237213,0.4099999964237213,0.285186231136322,0
2012-07-25,0.4099999964237213,0.4099999964237213,0.4099999964237213,0.4099999964237213,0.285186231136322,180000
2012-07-26,0.4099999964237213,0.4099999964237213,0.4099999964237213,0.4099999964237213,0.285186231136322,0
2012-07-27,0.4099999964237213,0.4099999964237213,0.4099999964237213,0.4099999964237213,0.285186231136322,0
2012-07-30,0.4099999964237213,0.4099999964237213,0.4099999964237213,0.4099999964237213,0.29601603746414185,0
2012-07-31,0.4099999964237213,0.4099999964237213,0.4099999964237213,0.4099999964237213,0.29601603746414185,0
2012-08-01,0.4099999964237213,0.4099999964237213,0.4099999964237213,0.4099999964237213,0.29601603746414185,0
2012-08-02,0.4099999964237213,0.4099999964237213,0.4099999964237213,0.4099999964237213,0.29601603746414185,0
2012-08-03,0.4099999964237213,0.4099999964237213,0.4099999964237213,0.4099999964237213,0.29601603746414185,0
2012-08-06,0.4099999964237213,0.4099999964237213,0.4099999964237213,0.4099999964237213,0.29601603746414185,44000
2012-08-07,0.4099999964237213,0.41499999165534973,0.4099999964237213,0.41499999165534973,0.29962602257728577,60000
2012-08-08,0.41999998688697815,0.41999998688697815,0.41999998688697815,0.41999998688697815,0.3032359778881073,48000
2012-08-09,0.41999998688697815,0.41999998688697815,0.41999998688697815,0.41999998688697815,0.3032359778881073,0
2012-08-10,0.41999998688697815,0.41999998688697815,0.41999998688697815,0.41999998688697815,0.3032359778881073,60000
2012-08-13,0.41999998688697815,0.41999998688697815,0.41999998688697815,0.41999998688697815,0.3032359778881073,8000
2012-08-14,0.41999998688697815,0.41999998688697815,0.41999998688697815,0.41999998688697815,0.3032359778881073,0
2012-08-15,0.41999998688697815,0.41999998688697815,0.41999998688697815,0.41999998688697815,0.3032359778881073,40000
2012-08-16,0.41999998688697815,0.41999998688697815,0.41999998688697815,0.41999998688697815,0.3032359778881073,0
2012-08-17,0.41999998688697815,0.41999998688697815,0.41999998688697815,0.41999998688697815,0.3032359778881073,0
2012-08-20,0.41999998688697815,0.41999998688697815,0.41999998688697815,0.41999998688697815,0.3032359778881073,0
2012-08-21,0.41999998688697815,0.41999998688697815,0.41999998688697815,0.41999998688697815,0.3032359778881073,0
2012-08-22,0.41999998688697815,0.41999998688697815,0.41999998688697815,0.41999998688697815,0.3032359778881073,0
2012-08-23,0.42500001192092896,0.42500001192092896,0.42500001192092896,0.4300000071525574,0.31045591831207275,20000
2012-08-24,0.4300000071525574,0.4300000071525574,0.4300000071525574,0.4300000071525574,0.31045591831207275,0
2012-08-27,0.4300000071525574,0.4300000071525574,0.4300000071525574,0.4300000071525574,0.31045591831207275,0
2012-08-28,0.4300000071525574,0.4300000071525574,0.4300000071525574,0.4300000071525574,0.31045591831207275,0
2012-08-29,0.4350000023841858,0.4350000023841858,0.4300000071525574,0.4300000071525574,0.31045591831207275,64000
2012-08-30,0.4300000071525574,0.4300000071525574,0.4300000071525574,0.4300000071525574,0.31045591831207275,0
2012-08-31,0.4300000071525574,0.4300000071525574,0.4300000071525574,0.4300000071525574,0.31045591831207275,0
2012-09-03,0.4300000071525574,0.4300000071525574,0.4300000071525574,0.4300000071525574,0.31045591831207275,0
2012-09-04,0.4350000023841858,0.4399999976158142,0.4350000023841858,0.4399999976158142,0.31767576932907104,48000
2012-09-05,0.4399999976158142,0.4399999976158142,0.4399999976158142,0.4399999976158142,0.31767576932907104,0
2012-09-06,0.4300000071525574,0.4399999976158142,0.3499999940395355,0.4399999976158142,0.31767576932907104,144000
2012-09-07,0.4399999976158142,0.44999998807907104,0.4399999976158142,0.44999998807907104,0.3248956799507141,10044000
2012-09-10,0.44999998807907104,0.44999998807907104,0.44999998807907104,0.44999998807907104,0.3248956799507141,0
2012-09-11,0.4449999928474426,0.4449999928474426,0.4449999928474426,0.4449999928474426,0.32128578424453735,3000000
2012-09-12,0.4749999940395355,0.4749999940395355,0.38999998569488525,0.41499999165534973,0.29962602257728577,9096000
2012-09-13,0.4099999964237213,0.4099999964237213,0.36500000953674316,0.36500000953674316,0.2635264992713928,144000
2012-09-14,0.39500001072883606,0.4000000059604645,0.39500001072883606,0.39500001072883606,0.285186231136322,124000
2012-09-17,0.38999998569488525,0.38999998569488525,0.38999998569488525,0.38999998569488525,0.2815762758255005,60000
2012-09-18,0.38999998569488525,0.38999998569488525,0.38999998569488525,0.38999998569488525,0.2815762758255005,0
2012-09-19,0.38999998569488525,0.38999998569488525,0.38999998569488525,0.38999998569488525,0.2815762758255005,0
2012-09-20,0.38999998569488525,0.38999998569488525,0.38999998569488525,0.38999998569488525,0.2815762758255005,0
2012-09-21,0.39500001072883606,0.4399999976158142,0.39500001072883606,0.41999998688697815,0.3032359778881073,7080000
2012-09-24,0.41999998688697815,0.41999998688697815,0.41999998688697815,0.41999998688697815,0.3032359778881073,0
2012-09-25,0.375,0.4000000059604645,0.375,0.3799999952316284,0.2743563652038574,80000
2012-09-26,0.36000001430511475,0.36000001430511475,0.36000001430511475,0.3700000047683716,0.26713648438453674,52000
2012-09-27,0.375,0.375,0.375,0.375,0.2707464098930359,40000
2012-09-28,0.38499999046325684,0.38999998569488525,0.38499999046325684,0.3799999952316284,0.2743563652038574,48000
2012-10-03,0.375,0.3799999952316284,0.36000001430511475,0.3799999952316284,0.2743563652038574,180000
2012-10-04,0.3799999952316284,0.3799999952316284,0.3799999952316284,0.3799999952316284,0.2743563652038574,0
2012-10-05,0.375,0.38999998569488525,0.3700000047683716,0.38999998569488525,0.2815762758255005,192000
2012-10-08,0.38999998569488525,0.38999998569488525,0.38999998569488525,0.38999998569488525,0.2815762758255005,0
2012-10-09,0.38999998569488525,0.38999998569488525,0.38999998569488525,0.38999998569488525,0.2815762758255005,0
2012-10-10,0.38999998569488525,0.38999998569488525,0.38999998569488525,0.38999998569488525,0.2815762758255005,0
2012-10-11,0.38999998569488525,0.38999998569488525,0.38999998569488525,0.38999998569488525,0.2815762758255005,0
2012-10-12,0.38999998569488525,0.38999998569488525,0.38999998569488525,0.38999998569488525,0.2815762758255005,0
2012-10-15,0.38999998569488525,0.38999998569488525,0.38999998569488525,0.38999998569488525,0.2815762758255005,0
2012-10-16,0.38999998569488525,0.38999998569488525,0.38999998569488525,0.38999998569488525,0.2815762758255005,0
2012-10-17,0.39500001072883606,0.39500001072883606,0.39500001072883606,0.39500001072883606,0.285186231136322,76000
2012-10-18,0.39500001072883606,0.4000000059604645,0.39500001072883606,0.4000000059604645,0.28879618644714355,92000
2012-10-19,0.4099999964237213,0.4099999964237213,0.4099999964237213,0.4099999964237213,0.29601603746414185,60000
2012-10-22,0.41499999165534973,0.41999998688697815,0.41499999165534973,0.41999998688697815,0.3032359778881073,260000
2012-10-24,0.4099999964237213,0.4099999964237213,0.4099999964237213,0.4099999964237213,0.29601603746414185,4000
2012-10-25,0.41499999165534973,0.42500001192092896,0.4050000011920929,0.4050000011920929,0.2924061417579651,196000
2012-10-26,0.4050000011920929,0.4050000011920929,0.4050000011920929,0.4050000011920929,0.2924061417579651,0
2012-10-29,0.4050000011920929,0.4050000011920929,0.4050000011920929,0.4050000011920929,0.2924061417579651,0
2012-10-30,0.4050000011920929,0.4050000011920929,0.4050000011920929,0.4050000011920929,0.2924061417579651,0
2012-10-31,0.39500001072883606,0.39500001072883606,0.39500001072883606,0.39500001072883606,0.285186231136322,52000
2012-11-01,0.39500001072883606,0.39500001072883606,0.39500001072883606,0.39500001072883606,0.285186231136322,0
2012-11-02,0.3700000047683716,0.39500001072883606,0.3499999940395355,0.39500001072883606,0.285186231136322,10660000
2012-11-05,0.38999998569488525,0.38999998569488525,0.38999998569488525,0.38999998569488525,0.2815762758255005,0
2012-11-06,0.38999998569488525,0.38999998569488525,0.375,0.38999998569488525,0.2815762758255005,18348000
2012-11-07,0.39500001072883606,0.39500001072883606,0.38999998569488525,0.38999998569488525,0.2815762758255005,1660000
2012-11-08,0.38999998569488525,0.38999998569488525,0.38999998569488525,0.38999998569488525,0.2815762758255005,0
2012-11-09,0.36500000953674316,0.38499999046325684,0.36500000953674316,0.38499999046325684,0.27796632051467896,140000
2012-11-12,0.38499999046325684,0.38499999046325684,0.38499999046325684,0.38499999046325684,0.27796632051467896,32000
2012-11-13,0.38499999046325684,0.38499999046325684,0.38499999046325684,0.38499999046325684,0.27796632051467896,16000
2012-11-14,0.38499999046325684,0.38499999046325684,0.38499999046325684,0.38499999046325684,0.27796632051467896,0
2012-11-15,0.38499999046325684,0.38499999046325684,0.38499999046325684,0.38499999046325684,0.27796632051467896,0
2012-11-16,0.3700000047683716,0.38999998569488525,0.3700000047683716,0.38499999046325684,0.27796632051467896,168000
2012-11-19,0.3799999952316284,0.38999998569488525,0.3799999952316284,0.38999998569488525,0.2815762758255005,104000
2012-11-20,0.39500001072883606,0.4000000059604645,0.39500001072883606,0.4000000059604645,0.28879618644714355,56000
2012-11-21,0.4099999964237213,0.4099999964237213,0.38999998569488525,0.38999998569488525,0.2815762758255005,48000
2012-11-22,0.38999998569488525,0.38999998569488525,0.38999998569488525,0.38999998569488525,0.2815762758255005,0
2012-11-23,0.38999998569488525,0.38999998569488525,0.38999998569488525,0.38999998569488525,0.2815762758255005,0
2012-11-26,0.38999998569488525,0.38999998569488525,0.38999998569488525,0.38999998569488525,0.2815762758255005,0
2012-11-27,0.38999998569488525,0.38999998569488525,0.38999998569488525,0.38999998569488525,0.2815762758255005,0
2012-11-28,0.38999998569488525,0.38999998569488525,0.38999998569488525,0.38999998569488525,0.2815762758255005,0
2012-11-29,0.38999998569488525,0.38999998569488525,0.38999998569488525,0.38999998569488525,0.2815762758255005,0
2012-11-30,0.38999998569488525,0.38999998569488525,0.38999998569488525,0.38999998569488525,0.2815762758255005,0
2012-12-03,0.38999998569488525,0.38999998569488525,0.38999998569488525,0.38999998569488525,0.2815762758255005,0
2012-12-04,0.38999998569488525,0.38999998569488525,0.38999998569488525,0.38999998569488525,0.2815762758255005,0
2012-12-05,0.39500001072883606,0.4000000059604645,0.39500001072883606,0.4000000059604645,0.28879618644714355,92000
2012-12-06,0.4000000059604645,0.4000000059604645,0.4000000059604645,0.4000000059604645,0.28879618644714355,0
2012-12-07,0.4050000011920929,0.4350000023841858,0.4050000011920929,0.41499999165534973,0.29962602257728577,244000
2012-12-10,0.42500001192092896,0.4300000071525574,0.4099999964237213,0.4099999964237213,0.29601603746414185,164000
2012-12-11,0.4099999964237213,0.4099999964237213,0.4099999964237213,0.4099999964237213,0.29601603746414185,0
2012-12-12,0.4099999964237213,0.4099999964237213,0.4099999964237213,0.4099999964237213,0.29601603746414185,0
2012-12-13,0.4099999964237213,0.4099999964237213,0.4099999964237213,0.4099999964237213,0.29601603746414185,0
2012-12-14,0.4099999964237213,0.4099999964237213,0.4099999964237213,0.4099999964237213,0.29601603746414185,0
2012-12-17,0.4099999964237213,0.4099999964237213,0.4099999964237213,0.4099999964237213,0.29601603746414185,0
2012-12-18,0.4099999964237213,0.4099999964237213,0.4099999964237213,0.4099999964237213,0.29601603746414185,0
2012-12-19,0.4099999964237213,0.4099999964237213,0.4099999964237213,0.4099999964237213,0.29601603746414185,0
2012-12-20,0.4000000059604645,0.4000000059604645,0.4000000059604645,0.4000000059604645,0.28879618644714355,4000
2012-12-21,0.4000000059604645,0.4000000059604645,0.4000000059604645,0.4000000059604645,0.28879618644714355,0
2012-12-24,0.4000000059604645,0.4000000059604645,0.4000000059604645,0.4000000059604645,0.28879618644714355,0
2012-12-27,0.41499999165534973,0.41499999165534973,0.41499999165534973,0.41499999165534973,0.29962602257728577,4000
2012-12-28,0.3799999952316284,0.4000000059604645,0.375,0.4000000059604645,0.28879618644714355,96000
2012-12-31,0.4000000059604645,0.4000000059604645,0.4000000059604645,0.4000000059604645,0.28879618644714355,0
2013-01-02,0.4050000011920929,0.41499999165534973,0.38499999046325684,0.4099999964237213,0.29601603746414185,288000
2013-01-03,0.41499999165534973,0.4300000071525574,0.41499999165534973,0.4300000071525574,0.31045591831207275,56000
2013-01-04,0.38999998569488525,0.39500001072883606,0.38499999046325684,0.39500001072883606,0.285186231136322,44000
2013-01-07,0.38499999046325684,0.41499999165534973,0.38499999046325684,0.41499999165534973,0.29962602257728577,128000
2013-01-08,0.4050000011920929,0.4050000011920929,0.4050000011920929,0.4050000011920929,0.2924061417579651,8000
2013-01-09,0.4050000011920929,0.4050000011920929,0.4050000011920929,0.4050000011920929,0.2924061417579651,0
2013-01-10,0.4050000011920929,0.4050000011920929,0.4050000011920929,0.4050000011920929,0.2924061417579651,0
2013-01-11,0.4099999964237213,0.41999998688697815,0.4050000011920929,0.4099999964237213,0.29601603746414185,88000
2013-01-14,0.4099999964237213,0.4099999964237213,0.4099999964237213,0.4099999964237213,0.29601603746414185,0
2013-01-15,0.4050000011920929,0.4050000011920929,0.3799999952316284,0.3799999952316284,0.2743563652038574,1164000
2013-01-16,0.38999998569488525,0.4000000059604645,0.38999998569488525,0.4000000059604645,0.28879618644714355,16000
2013-01-17,0.3799999952316284,0.38999998569488525,0.3799999952316284,0.38999998569488525,0.2815762758255005,420000
2013-01-18,0.38499999046325684,0.4050000011920929,0.38499999046325684,0.4050000011920929,0.2924061417579651,136000
2013-01-21,0.4050000011920929,0.4050000011920929,0.4050000011920929,0.4050000011920929,0.2924061417579651,0
2013-01-22,0.4050000011920929,0.4099999964237213,0.4000000059604645,0.4000000059604645,0.28879618644714355,192000
2013-01-23,0.4000000059604645,0.4000000059604645,0.4000000059604645,0.4000000059604645,0.28879618644714355,0
2013-01-24,0.4000000059604645,0.4099999964237213,0.4000000059604645,0.4099999964237213,0.29601603746414185,92000
2013-01-25,0.4050000011920929,0.4050000011920929,0.38999998569488525,0.39500001072883606,0.285186231136322,204000
2013-01-28,0.39500001072883606,0.4099999964237213,0.38499999046325684,0.4099999964237213,0.29601603746414185,576000
2013-01-29,0.4099999964237213,0.4099999964237213,0.4000000059604645,0.4000000059604645,0.28879618644714355,524000
2013-01-30,0.4050000011920929,0.4099999964237213,0.4000000059604645,0.4000000059604645,0.28879618644714355,532000
2013-01-31,0.4050000011920929,0.41499999165534973,0.4050000011920929,0.4099999964237213,0.29601603746414185,320000
2013-02-01,0.4099999964237213,0.41499999165534973,0.4050000011920929,0.41499999165534973,0.29962602257728577,724000
2013-02-04,0.41499999165534973,0.41999998688697815,0.41499999165534973,0.41999998688697815,0.3032359778881073,468000
2013-02-05,0.41999998688697815,0.41999998688697815,0.4050000011920929,0.4050000011920929,0.2924061417579651,268000
2013-02-06,0.41999998688697815,0.42500001192092896,0.41999998688697815,0.41999998688697815,0.3032359778881073,224000
2013-02-07,0.4099999964237213,0.4099999964237213,0.4000000059604645,0.4000000059604645,0.28879618644714355,80000
2013-02-08,0.4050000011920929,0.41999998688697815,0.4050000011920929,0.41999998688697815,0.3032359778881073,296000
2013-02-14,0.41999998688697815,0.41999998688697815,0.41999998688697815,0.41999998688697815,0.3032359778881073,0
2013-02-15,0.41999998688697815,0.41999998688697815,0.41999998688697815,0.41999998688697815,0.3032359778881073,24000
2013-02-18,0.4300000071525574,0.4399999976158142,0.42500001192092896,0.4399999976158142,0.31767576932907104,1076000
2013-02-19,0.4399999976158142,0.45500001311302185,0.4300000071525574,0.45500001311302185,0.32850566506385803,380000
2013-02-20,0.4650000035762787,0.4650000035762787,0.45500001311302185,0.45500001311302185,0.32850566506385803,1040000
2013-02-21,0.45500001311302185,0.46000000834465027,0.42500001192092896,0.4350000023841858,0.3140658438205719,2132000
2013-02-22,0.4350000023841858,0.4350000023841858,0.41499999165534973,0.42500001192092896,0.3068459630012512,100000
2013-02-25,0.4350000023841858,0.4449999928474426,0.4350000023841858,0.4449999928474426,0.32128578424453735,208000
2013-02-26,0.4300000071525574,0.4300000071525574,0.4300000071525574,0.4300000071525574,0.31045591831207275,1880000
2013-02-27,0.42500001192092896,0.4300000071525574,0.42500001192092896,0.4300000071525574,0.31045591831207275,296000
2013-02-28,0.4300000071525574,0.4300000071525574,0.4300000071525574,0.4300000071525574,0.31045591831207275,0
2013-03-01,0.42500001192092896,0.4399999976158142,0.42500001192092896,0.4399999976158142,0.31767576932907104,3728000
2013-03-04,0.4399999976158142,0.44999998807907104,0.4399999976158142,0.44999998807907104,0.3248956799507141,84000
2013-03-05,0.44999998807907104,0.44999998807907104,0.44999998807907104,0.44999998807907104,0.3248956799507141,48000
2013-03-06,0.4300000071525574,0.4449999928474426,0.4099999964237213,0.4099999964237213,0.29601603746414185,2120000
2013-03-07,0.4399999976158142,0.44999998807907104,0.4399999976158142,0.44999998807907104,0.3248956799507141,536000
2013-03-08,0.44999998807907104,0.44999998807907104,0.44999998807907104,0.44999998807907104,0.3248956799507141,0
2013-03-11,0.4300000071525574,0.4350000023841858,0.42500001192092896,0.4350000023841858,0.3140658438205719,5672000
2013-03-12,0.4350000023841858,0.4350000023841858,0.4350000023841858,0.4350000023841858,0.3140658438205719,0
2013-03-13,0.4350000023841858,0.4350000023841858,0.4350000023841858,0.4350000023841858,0.3140658438205719,0
2013-03-14,0.4350000023841858,0.4350000023841858,0.4350000023841858,0.4350000023841858,0.3140658438205719,0
2013-03-15,0.4300000071525574,0.45500001311302185,0.4300000071525574,0.45500001311302185,0.32850566506385803,3992000
2013-03-18,0.44999998807907104,0.44999998807907104,0.44999998807907104,0.44999998807907104,0.3248956799507141,0
2013-03-19,0.4399999976158142,0.4399999976158142,0.4399999976158142,0.4399999976158142,0.31767576932907104,0
2013-03-20,0.4399999976158142,0.4399999976158142,0.4399999976158142,0.4399999976158142,0.31767576932907104,0
2013-03-21,0.4399999976158142,0.4399999976158142,0.4399999976158142,0.4399999976158142,0.31767576932907104,0
2013-03-22,0.4399999976158142,0.4399999976158142,0.4399999976158142,0.4399999976158142,0.31767576932907104,0
2013-03-25,0.4399999976158142,0.4399999976158142,0.4399999976158142,0.4399999976158142,0.31767576932907104,0
2013-03-26,0.4399999976158142,0.4399999976158142,0.4399999976158142,0.4399999976158142,0.31767576932907104,0
2013-03-27,0.4399999976158142,0.4399999976158142,0.4399999976158142,0.4399999976158142,0.31767576932907104,0
2013-03-28,0.4399999976158142,0.4399999976158142,0.4399999976158142,0.4399999976158142,0.31767576932907104,0
2013-04-02,0.4399999976158142,0.4399999976158142,0.4399999976158142,0.4399999976158142,0.31767576932907104,0
2013-04-03,0.4099999964237213,0.4099999964237213,0.4099999964237213,0.4399999976158142,0.31767576932907104,40000
2013-04-05,0.4399999976158142,0.4399999976158142,0.4399999976158142,0.4399999976158142,0.31767576932907104,0
2013-04-08,0.4300000071525574,0.4300000071525574,0.4300000071525574,0.4300000071525574,0.31045591831207275,0
2013-04-09,0.4099999964237213,0.4099999964237213,0.4099999964237213,0.4099999964237213,0.29601603746414185,16000
2013-04-10,0.4099999964237213,0.4099999964237213,0.4099999964237213,0.41499999165534973,0.29962602257728577,280000
2013-04-11,0.41999998688697815,0.42500001192092896,0.41999998688697815,0.42500001192092896,0.3068459630012512,56000
2013-04-12,0.42500001192092896,0.42500001192092896,0.42500001192092896,0.42500001192092896,0.3068459630012512,0
2013-04-15,0.42500001192092896,0.42500001192092896,0.42500001192092896,0.42500001192092896,0.3068459630012512,0
2013-04-16,0.375,0.4350000023841858,0.375,0.4300000071525574,0.31045591831207275,52000
2013-04-17,0.4300000071525574,0.4300000071525574,0.4300000071525574,0.4300000071525574,0.31045591831207275,0
2013-04-18,0.4300000071525574,0.4300000071525574,0.4300000071525574,0.4300000071525574,0.31045591831207275,0
2013-04-19,0.4300000071525574,0.4300000071525574,0.4300000071525574,0.4300000071525574,0.31045591831207275,0
2013-04-22,0.4399999976158142,0.4449999928474426,0.4399999976158142,0.4399999976158142,0.31767576932907104,36000
2013-04-23,0.4399999976158142,0.4399999976158142,0.4399999976158142,0.4399999976158142,0.31767576932907104,0
2013-04-24,0.42500001192092896,0.44999998807907104,0.42500001192092896,0.4399999976158142,0.31767576932907104,36000
2013-04-25,0.42500001192092896,0.4399999976158142,0.42500001192092896,0.4399999976158142,0.31767576932907104,72000
2013-04-26,0.4399999976158142,0.4399999976158142,0.4399999976158142,0.4399999976158142,0.31767576932907104,0
2013-04-29,0.4399999976158142,0.4399999976158142,0.4399999976158142,0.4399999976158142,0.31767576932907104,0
2013-04-30,0.4399999976158142,0.4399999976158142,0.4399999976158142,0.4399999976158142,0.31767576932907104,0
2013-05-02,0.4399999976158142,0.4399999976158142,0.4399999976158142,0.4399999976158142,0.31767576932907104,0
2013-05-03,0.41999998688697815,0.4399999976158142,0.41999998688697815,0.4399999976158142,0.31767576932907104,48000
2013-05-06,0.41999998688697815,0.42500001192092896,0.41999998688697815,0.41999998688697815,0.3032359778881073,392000
2013-05-07,0.41999998688697815,0.41999998688697815,0.41999998688697815,0.41999998688697815,0.3032359778881073,0
2013-05-08,0.375,0.41999998688697815,0.3499999940395355,0.41999998688697815,0.3032359778881073,80000
2013-05-09,0.41999998688697815,0.41999998688697815,0.41999998688697815,0.41999998688697815,0.3032359778881073,0
2013-05-10,0.4050000011920929,0.41999998688697815,0.4050000011920929,0.41999998688697815,0.3032359778881073,72000
2013-05-13,0.41999998688697815,0.41999998688697815,0.41999998688697815,0.41999998688697815,0.3032359778881073,0
2013-05-14,0.41999998688697815,0.41999998688697815,0.41999998688697815,0.41999998688697815,0.3032359778881073,0
2013-05-15,0.41999998688697815,0.41999998688697815,0.41999998688697815,0.41999998688697815,0.3032359778881073,0
2013-05-16,0.41999998688697815,0.41999998688697815,0.41999998688697815,0.41999998688697815,0.3032359778881073,0
2013-05-20,0.41999998688697815,0.41999998688697815,0.41999998688697815,0.41999998688697815,0.3032359778881073,0
2013-05-21,0.41999998688697815,0.41999998688697815,0.41999998688697815,0.41999998688697815,0.3032359778881073,92000
2013-05-22,0.41999998688697815,0.41999998688697815,0.41999998688697815,0.41999998688697815,0.3032359778881073,0
2013-05-23,0.4000000059604645,0.4000000059604645,0.4000000059604645,0.4099999964237213,0.29601603746414185,12000
2013-05-24,0.4099999964237213,0.4099999964237213,0.4099999964237213,0.4099999964237213,0.29601603746414185,0
2013-05-27,0.4399999976158142,0.4399999976158142,0.4399999976158142,0.4399999976158142,0.31767576932907104,200000
2013-05-28,0.4399999976158142,0.4399999976158142,0.4399999976158142,0.4350000023841858,0.3140658438205719,268000
2013-05-29,0.4350000023841858,0.4350000023841858,0.4050000011920929,0.4300000071525574,0.31045591831207275,108000
2013-05-30,0.4300000071525574,0.4300000071525574,0.4300000071525574,0.4300000071525574,0.31045591831207275,0
2013-05-31,0.4300000071525574,0.4300000071525574,0.4300000071525574,0.4300000071525574,0.31045591831207275,0
2013-06-03,0.4300000071525574,0.4300000071525574,0.4300000071525574,0.4300000071525574,0.31045591831207275,0
2013-06-04,0.4300000071525574,0.4300000071525574,0.4300000071525574,0.4300000071525574,0.31045591831207275,0
2013-06-05,0.4300000071525574,0.4300000071525574,0.4300000071525574,0.4300000071525574,0.31045591831207275,0
2013-06-06,0.4300000071525574,0.4300000071525574,0.4300000071525574,0.4300000071525574,0.31045591831207275,0
2013-06-07,0.4300000071525574,0.4300000071525574,0.4300000071525574,0.4300000071525574,0.31045591831207275,0
2013-06-10,0.4300000071525574,0.4300000071525574,0.4300000071525574,0.4300000071525574,0.31045591831207275,0
2013-06-11,0.4099999964237213,0.4099999964237213,0.38999998569488525,0.38999998569488525,0.2815762758255005,488000
2013-06-13,0.4000000059604645,0.4000000059604645,0.4000000059604645,0.4000000059604645,0.28879618644714355,100000
2013-06-14,0.41499999165534973,0.42500001192092896,0.41499999165534973,0.42500001192092896,0.3068459630012512,112000
2013-06-17,0.42500001192092896,0.42500001192092896,0.42500001192092896,0.42500001192092896,0.3068459630012512,0
2013-06-18,0.42500001192092896,0.42500001192092896,0.42500001192092896,0.42500001192092896,0.3068459630012512,0
2013-06-19,0.4300000071525574,0.4300000071525574,0.4300000071525574,0.4300000071525574,0.31045591831207275,48000
2013-06-20,0.4300000071525574,0.4300000071525574,0.4300000071525574,0.4300000071525574,0.31045591831207275,0
2013-06-21,0.4300000071525574,0.4300000071525574,0.4300000071525574,0.4300000071525574,0.31045591831207275,0
2013-06-24,0.4050000011920929,0.42500001192092896,0.4050000011920929,0.42500001192092896,0.3068459630012512,56000
2013-06-25,0.4350000023841858,0.4350000023841858,0.4350000023841858,0.4350000023841858,0.3140658438205719,16000
2013-06-26,0.4399999976158142,0.4399999976158142,0.4350000023841858,0.4350000023841858,0.3140658438205719,84000
2013-06-27,0.41499999165534973,0.41499999165534973,0.41499999165534973,0.41499999165534973,0.29962602257728577,116000
2013-06-28,0.41499999165534973,0.41499999165534973,0.41499999165534973,0.41499999165534973,0.29962602257728577,40000
2013-07-02,0.41499999165534973,0.41499999165534973,0.41499999165534973,0.41499999165534973,0.29962602257728577,160000
2013-07-03,0.41499999165534973,0.41499999165534973,0.41499999165534973,0.41499999165534973,0.29962602257728577,0
2013-07-04,0.41499999165534973,0.41499999165534973,0.41499999165534973,0.41499999165534973,0.29962602257728577,0
2013-07-05,0.41499999165534973,0.41499999165534973,0.41499999165534973,0.41499999165534973,0.29962602257728577,0
2013-07-08,0.41499999165534973,0.41499999165534973,0.41499999165534973,0.41499999165534973,0.29962602257728577,0
2013-07-09,0.41499999165534973,0.41499999165534973,0.41499999165534973,0.41499999165534973,0.29962602257728577,0
2013-07-10,0.41499999165534973,0.41499999165534973,0.41499999165534973,0.41499999165534973,0.29962602257728577,0
2013-07-11,0.41999998688697815,0.42500001192092896,0.41999998688697815,0.42500001192092896,0.3068459630012512,48000
2013-07-12,0.36000001430511475,0.41499999165534973,0.36000001430511475,0.41499999165534973,0.29962602257728577,56000
2013-07-15,0.41499999165534973,0.41499999165534973,0.41499999165534973,0.41499999165534973,0.29962602257728577,0
2013-07-16,0.41499999165534973,0.41499999165534973,0.41499999165534973,0.41499999165534973,0.29962602257728577,0
2013-07-17,0.41499999165534973,0.41499999165534973,0.41499999165534973,0.41499999165534973,0.29962602257728577,0
2013-07-18,0.41499999165534973,0.41499999165534973,0.41499999165534973,0.41499999165534973,0.29962602257728577,0
2013-07-19,0.41499999165534973,0.41499999165534973,0.41499999165534973,0.41499999165534973,0.29962602257728577,0
2013-07-22,0.41499999165534973,0.41499999165534973,0.41499999165534973,0.41499999165534973,0.29962602257728577,0
2013-07-23,0.41499999165534973,0.41499999165534973,0.41499999165534973,0.41499999165534973,0.29962602257728577,0
2013-07-24,0.41499999165534973,0.41499999165534973,0.41499999165534973,0.41499999165534973,0.29962602257728577,0
2013-07-25,0.41499999165534973,0.41499999165534973,0.41499999165534973,0.41499999165534973,0.29962602257728577,0
2013-07-26,0.41499999165534973,0.41499999165534973,0.41499999165534973,0.41499999165534973,0.29962602257728577,0
2013-07-29,0.375,0.375,0.375,0.375,0.2844550907611847,40000
2013-07-30,0.375,0.375,0.375,0.375,0.2844550907611847,0
2013-07-31,0.375,0.375,0.375,0.375,0.2844550907611847,0
2013-08-01,0.4099999964237213,0.4300000071525574,0.4099999964237213,0.4099999964237213,0.3110041916370392,244000
2013-08-02,0.4099999964237213,0.4099999964237213,0.4099999964237213,0.4099999964237213,0.3110041916370392,0
2013-08-05,0.4099999964237213,0.4099999964237213,0.4099999964237213,0.4099999964237213,0.3110041916370392,0
2013-08-06,0.4099999964237213,0.4099999964237213,0.4099999964237213,0.4099999964237213,0.3110041916370392,0
2013-08-07,0.4099999964237213,0.4099999964237213,0.4099999964237213,0.4099999964237213,0.3110041916370392,0
2013-08-08,0.4099999964237213,0.4099999964237213,0.4099999964237213,0.4099999964237213,0.3110041916370392,0
2013-08-09,0.3799999952316284,0.3799999952316284,0.3799999952316284,0.3799999952316284,0.28824782371520996,0
2013-08-12,0.3799999952316284,0.41999998688697815,0.35499998927116394,0.41999998688697815,0.3185896873474121,388000
2013-08-13,0.41999998688697815,0.41999998688697815,0.41999998688697815,0.41999998688697815,0.3185896873474121,0
2013-08-14,0.41999998688697815,0.41999998688697815,0.41999998688697815,0.41999998688697815,0.3185896873474121,0
2013-08-15,0.4000000059604645,0.4000000059604645,0.38499999046325684,0.38999998569488525,0.2958332896232605,60000
2013-08-16,0.38999998569488525,0.38999998569488525,0.38999998569488525,0.38999998569488525,0.2958332896232605,0
2013-08-19,0.38999998569488525,0.38999998569488525,0.38999998569488525,0.38999998569488525,0.2958332896232605,0
2013-08-20,0.38999998569488525,0.38999998569488525,0.38999998569488525,0.38999998569488525,0.2958332896232605,0
2013-08-21,0.38999998569488525,0.38999998569488525,0.38999998569488525,0.38999998569488525,0.2958332896232605,0
2013-08-22,0.38999998569488525,0.38999998569488525,0.38999998569488525,0.38999998569488525,0.2958332896232605,0
2013-08-23,0.38999998569488525,0.38999998569488525,0.38999998569488525,0.38999998569488525,0.2958332896232605,0
2013-08-26,0.38999998569488525,0.38999998569488525,0.38999998569488525,0.38999998569488525,0.2958332896232605,0
2013-08-27,0.38999998569488525,0.38999998569488525,0.38999998569488525,0.38999998569488525,0.2958332896232605,0
2013-08-28,0.38999998569488525,0.38999998569488525,0.38999998569488525,0.38999998569488525,0.2958332896232605,0
2013-08-29,0.38999998569488525,0.38999998569488525,0.38999998569488525,0.38999998569488525,0.2958332896232605,0
2013-08-30,0.3799999952316284,0.3799999952316284,0.3799999952316284,0.3799999952316284,0.28824782371520996,0
2013-09-02,0.3799999952316284,0.3799999952316284,0.3799999952316284,0.3799999952316284,0.28824782371520996,0
2013-09-03,0.375,0.38999998569488525,0.3499999940395355,0.38499999046325684,0.29204055666923523,104000
2013-09-04,0.38499999046325684,0.38499999046325684,0.38499999046325684,0.38499999046325684,0.29204055666923523,0
2013-09-05,0.3799999952316284,0.3799999952316284,0.3799999952316284,0.3799999952316284,0.28824782371520996,0
2013-09-06,0.3799999952316284,0.3799999952316284,0.3799999952316284,0.3799999952316284,0.28824782371520996,160000
2013-09-09,0.3799999952316284,0.3799999952316284,0.3799999952316284,0.3799999952316284,0.28824782371520996,0
2013-09-10,0.3799999952316284,0.3799999952316284,0.3799999952316284,0.3799999952316284,0.28824782371520996,0
2013-09-11,0.3799999952316284,0.3799999952316284,0.3799999952316284,0.3799999952316284,0.28824782371520996,0
2013-09-12,0.3799999952316284,0.3799999952316284,0.3799999952316284,0.3799999952316284,0.28824782371520996,0
2013-09-13,0.3799999952316284,0.4749999940395355,0.3799999952316284,0.4699999988079071,0.3565170168876648,136000
2013-09-16,0.44999998807907104,0.44999998807907104,0.44999998807907104,0.44999998807907104,0.3413460850715637,0
2013-09-17,0.44999998807907104,0.44999998807907104,0.44999998807907104,0.44999998807907104,0.3413460850715637,0
2013-09-18,0.44999998807907104,0.44999998807907104,0.44999998807907104,0.44999998807907104,0.3413460850715637,0
2013-09-19,0.44999998807907104,0.44999998807907104,0.44999998807907104,0.44999998807907104,0.3413460850715637,0
2013-09-23,0.44999998807907104,0.44999998807907104,0.44999998807907104,0.44999998807907104,0.3413460850715637,0
2013-09-24,0.4449999928474426,0.4449999928474426,0.4449999928474426,0.4449999928474426,0.33755338191986084,0
2013-09-25,0.4449999928474426,0.4449999928474426,0.4449999928474426,0.4449999928474426,0.33755338191986084,0
2013-09-26,0.4399999976158142,0.4399999976158142,0.4399999976158142,0.4399999976158142,0.3337606191635132,0
2013-09-27,0.4399999976158142,0.4399999976158142,0.4399999976158142,0.4399999976158142,0.3337606191635132,0
2013-09-30,0.41499999165534973,0.41499999165534973,0.41499999165534973,0.41499999165534973,0.31479695439338684,0
2013-10-02,0.41499999165534973,0.41499999165534973,0.41499999165534973,0.41499999165534973,0.31479695439338684,0
2013-10-03,0.4000000059604645,0.4000000059604645,0.4000000059604645,0.4000000059604645,0.30341875553131104,0
2013-10-04,0.36500000953674316,0.36500000953674316,0.36500000953674316,0.36500000953674316,0.27686962485313416,200000
2013-10-07,0.36500000953674316,0.36500000953674316,0.36500000953674316,0.36500000953674316,0.27686962485313416,0
2013-10-08,0.375,0.375,0.375,0.375,0.2844550907611847,0
2013-10-09,0.38999998569488525,0.41999998688697815,0.38999998569488525,0.41999998688697815,0.3185896873474121,628000
2013-10-10,0.4050000011920929,0.4050000011920929,0.4050000011920929,0.4050000011920929,0.3072115182876587,0
2013-10-11,0.38999998569488525,0.39500001072883606,0.38999998569488525,0.38999998569488525,0.2958332896232605,120000
2013-10-15,0.38999998569488525,0.38999998569488525,0.38999998569488525,0.38999998569488525,0.2958332896232605,72000
2013-10-16,0.38999998569488525,0.38999998569488525,0.38999998569488525,0.38999998569488525,0.2958332896232605,240000
2013-10-17,0.38999998569488525,0.38999998569488525,0.38999998569488525,0.38999998569488525,0.2958332896232605,400000
2013-10-18,0.38999998569488525,0.38999998569488525,0.38999998569488525,0.38999998569488525,0.2958332896232605,0
2013-10-21,0.38999998569488525,0.38999998569488525,0.38999998569488525,0.38999998569488525,0.2958332896232605,0
2013-10-22,0.38999998569488525,0.38999998569488525,0.38999998569488525,0.38999998569488525,0.2958332896232605,0
2013-10-23,0.38999998569488525,0.38999998569488525,0.38999998569488525,0.38999998569488525,0.2958332896232605,0
2013-10-24,0.38999998569488525,0.38999998569488525,0.38999998569488525,0.38999998569488525,0.2958332896232605,0
2013-10-25,0.38999998569488525,0.38999998569488525,0.38999998569488525,0.38999998569488525,0.2958332896232605,0
2013-10-28,0.38999998569488525,0.38999998569488525,0.38999998569488525,0.38999998569488525,0.2958332896232605,0
2013-10-29,0.375,0.375,0.375,0.375,0.2844550907611847,6104000
2013-10-30,0.375,0.375,0.375,0.375,0.2844550907611847,6760000
2013-10-31,0.375,0.375,0.375,0.375,0.2844550907611847,0
2013-11-01,0.375,0.375,0.375,0.375,0.2844550907611847,0
2013-11-04,0.375,0.375,0.375,0.375,0.2844550907611847,0
2013-11-05,0.375,0.375,0.375,0.375,0.2844550907611847,4912000
2013-11-06,0.36000001430511475,0.36000001430511475,0.3499999940395355,0.36000001430511475,0.2730769217014313,4640000
2013-11-07,0.36000001430511475,0.36000001430511475,0.36000001430511475,0.36000001430511475,0.2730769217014313,0
2013-11-08,0.36000001430511475,0.36000001430511475,0.36000001430511475,0.36000001430511475,0.2730769217014313,0
2013-11-11,0.36000001430511475,0.36000001430511475,0.36000001430511475,0.36000001430511475,0.2730769217014313,0
2013-11-12,0.36000001430511475,0.36000001430511475,0.36000001430511475,0.36000001430511475,0.2730769217014313,0
2013-11-13,0.36000001430511475,0.36000001430511475,0.36000001430511475,0.36000001430511475,0.2730769217014313,0
2013-11-14,0.36000001430511475,0.36000001430511475,0.36000001430511475,0.36000001430511475,0.2730769217014313,0
2013-11-15,0.36000001430511475,0.36000001430511475,0.36000001430511475,0.36000001430511475,0.2730769217014313,0
2013-11-18,0.4000000059604645,0.4050000011920929,0.4000000059604645,0.4050000011920929,0.3072115182876587,352000
2013-11-19,0.4050000011920929,0.4050000011920929,0.4050000011920929,0.4050000011920929,0.3072115182876587,0
2013-11-20,0.36500000953674316,0.4000000059604645,0.36500000953674316,0.4000000059604645,0.30341875553131104,708000
2013-11-21,0.38999998569488525,0.38999998569488525,0.38999998569488525,0.38999998569488525,0.2958332896232605,400000
2013-11-22,0.4000000059604645,0.4000000059604645,0.35499998927116394,0.375,0.2844550907611847,644000
2013-11-25,0.375,0.375,0.375,0.375,0.2844550907611847,0
2013-11-26,0.35499998927116394,0.375,0.3499999940395355,0.375,0.2844550907611847,240000
2013-11-27,0.375,0.375,0.375,0.375,0.2844550907611847,0
2013-11-28,0.4000000059604645,0.4000000059604645,0.4000000059604645,0.4000000059604645,0.30341875553131104,4000
2013-11-29,0.38999998569488525,0.38999998569488525,0.38999998569488525,0.38999998569488525,0.2958332896232605,0
2013-12-02,0.36500000953674316,0.36500000953674316,0.3499999940395355,0.3499999940395355,0.26549139618873596,440000
2013-12-03,0.36000001430511475,0.36500000953674316,0.36000001430511475,0.36500000953674316,0.27686962485313416,144000
2013-12-04,0.36500000953674316,0.36500000953674316,0.36500000953674316,0.36500000953674316,0.27686962485313416,0
2013-12-05,0.36500000953674316,0.36500000953674316,0.36500000953674316,0.36500000953674316,0.27686962485313416,0
2013-12-06,0.36500000953674316,0.38999998569488525,0.36000001430511475,0.38999998569488525,0.2958332896232605,540280
2013-12-09,0.38999998569488525,0.38999998569488525,0.38999998569488525,0.38999998569488525,0.2958332896232605,0
2013-12-10,0.38499999046325684,0.38499999046325684,0.38499999046325684,0.38499999046325684,0.29204055666923523,0
2013-12-11,0.38499999046325684,0.38499999046325684,0.38499999046325684,0.38499999046325684,0.29204055666923523,0
2013-12-12,0.38499999046325684,0.38499999046325684,0.38499999046325684,0.38499999046325684,0.29204055666923523,0
2013-12-13,0.3799999952316284,0.38499999046325684,0.3799999952316284,0.38499999046325684,0.29204055666923523,24000
2013-12-16,0.38499999046325684,0.38499999046325684,0.38499999046325684,0.38499999046325684,0.29204055666923523,0
2013-12-17,0.38499999046325684,0.38499999046325684,0.38499999046325684,0.38499999046325684,0.29204055666923523,0
2013-12-18,0.38499999046325684,0.38499999046325684,0.38499999046325684,0.38499999046325684,0.29204055666923523,0
2013-12-19,0.38499999046325684,0.38499999046325684,0.38499999046325684,0.38499999046325684,0.29204055666923523,0
2013-12-20,0.3799999952316284,0.3799999952316284,0.3799999952316284,0.3799999952316284,0.28824782371520996,0
2013-12-23,0.3149999976158142,0.38499999046325684,0.3149999976158142,0.38499999046325684,0.29204055666923523,68000
2013-12-24,0.3799999952316284,0.3799999952316284,0.3799999952316284,0.3799999952316284,0.28824782371520996,0
2013-12-27,0.3799999952316284,0.3799999952316284,0.3799999952316284,0.3799999952316284,0.28824782371520996,0
2013-12-30,0.3799999952316284,0.3799999952316284,0.3799999952316284,0.3799999952316284,0.28824782371520996,0
2013-12-31,0.3799999952316284,0.3799999952316284,0.3799999952316284,0.3799999952316284,0.28824782371520996,0
2014-01-02,0.3799999952316284,0.3799999952316284,0.3799999952316284,0.3799999952316284,0.28824782371520996,0
2014-01-03,0.3799999952316284,0.3799999952316284,0.3799999952316284,0.3799999952316284,0.28824782371520996,0
2014-01-06,0.375,0.375,0.375,0.375,0.2844550907611847,0
2014-01-07,0.3499999940395355,0.36500000953674316,0.3499999940395355,0.36000001430511475,0.2730769217014313,296000
2014-01-08,0.36000001430511475,0.36000001430511475,0.36000001430511475,0.36000001430511475,0.2730769217014313,0
2014-01-09,0.33000001311302185,0.3400000035762787,0.33000001311302185,0.3400000035762787,0.2579059600830078,252000
2014-01-10,0.3199999928474426,0.32499998807907104,0.29499998688697815,0.30000001192092896,0.22756409645080566,776000
2014-01-13,0.3100000023841858,0.3100000023841858,0.3050000071525574,0.3050000071525574,0.23135679960250854,8000
2014-01-14,0.3100000023841858,0.3100000023841858,0.30000001192092896,0.3050000071525574,0.23135679960250854,316000
2014-01-15,0.3100000023841858,0.3100000023841858,0.30000001192092896,0.30000001192092896,0.22756409645080566,80000
2014-01-16,0.3149999976158142,0.3149999976158142,0.30000001192092896,0.30000001192092896,0.22756409645080566,96000
2014-01-17,0.3100000023841858,0.3100000023841858,0.3100000023841858,0.3100000023841858,0.235149547457695,4000
2014-01-20,0.3100000023841858,0.3100000023841858,0.3100000023841858,0.3100000023841858,0.235149547457695,0
2014-01-21,0.3100000023841858,0.3100000023841858,0.3100000023841858,0.3100000023841858,0.235149547457695,0
2014-01-22,0.3100000023841858,0.3100000023841858,0.3100000023841858,0.3100000023841858,0.235149547457695,0
2014-01-23,0.32499998807907104,0.33000001311302185,0.3100000023841858,0.33000001311302185,0.2503204643726349,172000
2014-01-24,0.33000001311302185,0.33000001311302185,0.33000001311302185,0.33000001311302185,0.2503204643726349,64000
2014-01-27,0.33000001311302185,0.33000001311302185,0.33000001311302185,0.33000001311302185,0.2503204643726349,0
2014-01-28,0.33000001311302185,0.33000001311302185,0.33000001311302185,0.33000001311302185,0.2503204643726349,0
2014-01-29,0.33000001311302185,0.33000001311302185,0.33000001311302185,0.33000001311302185,0.2503204643726349,180000
2014-01-30,0.33000001311302185,0.33000001311302185,0.33000001311302185,0.33000001311302185,0.2503204643726349,0
2014-02-04,0.33000001311302185,0.33000001311302185,0.33000001311302185,0.33000001311302185,0.2503204643726349,0
2014-02-05,0.33000001311302185,0.33000001311302185,0.33000001311302185,0.33000001311302185,0.2503204643726349,0
2014-02-06,0.2849999964237213,0.3199999928474426,0.2849999964237213,0.3199999928474426,0.24273501336574554,64000
2014-02-07,0.3199999928474426,0.3199999928474426,0.3199999928474426,0.3199999928474426,0.24273501336574554,0
2014-02-10,0.3199999928474426,0.3199999928474426,0.3199999928474426,0.3199999928474426,0.24273501336574554,0
2014-02-11,0.30000001192092896,0.3149999976158142,0.30000001192092896,0.3149999976158142,0.2389422506093979,156000
2014-02-12,0.3199999928474426,0.32499998807907104,0.3199999928474426,0.32499998807907104,0.24652771651744843,120000
2014-02-13,0.32499998807907104,0.32499998807907104,0.32499998807907104,0.32499998807907104,0.24652771651744843,0
2014-02-14,0.33000001311302185,0.33000001311302185,0.33000001311302185,0.33000001311302185,0.2503204643726349,160000
2014-02-17,0.33000001311302185,0.33000001311302185,0.33000001311302185,0.33000001311302185,0.2503204643726349,0
2014-02-18,0.33000001311302185,0.33000001311302185,0.33000001311302185,0.33000001311302185,0.2503204643726349,0
2014-02-19,0.33000001311302185,0.33000001311302185,0.33000001311302185,0.33000001311302185,0.2503204643726349,0
2014-02-20,0.33000001311302185,0.3400000035762787,0.33000001311302185,0.3400000035762787,0.2579059600830078,388000
2014-02-21,0.3400000035762787,0.3400000035762787,0.3400000035762787,0.3400000035762787,0.2579059600830078,0
2014-02-24,0.3400000035762787,0.3400000035762787,0.3400000035762787,0.3400000035762787,0.2579059600830078,0
2014-02-25,0.3400000035762787,0.3400000035762787,0.3400000035762787,0.3400000035762787,0.2579059600830078,0
2014-02-26,0.3400000035762787,0.3400000035762787,0.3400000035762787,0.3400000035762787,0.2579059600830078,0
2014-02-27,0.3400000035762787,0.3400000035762787,0.3400000035762787,0.3400000035762787,0.2579059600830078,0
2014-02-28,0.3400000035762787,0.3400000035762787,0.3400000035762787,0.3400000035762787,0.2579059600830078,0
2014-03-03,0.3400000035762787,0.3400000035762787,0.3400000035762787,0.3400000035762787,0.2579059600830078,0
2014-03-04,0.3400000035762787,0.3400000035762787,0.3400000035762787,0.3400000035762787,0.2579059600830078,0
2014-03-05,0.3050000071525574,0.33000001311302185,0.28999999165534973,0.33000001311302185,0.2503204643726349,532000
2014-03-06,0.33000001311302185,0.33000001311302185,0.33000001311302185,0.33000001311302185,0.2503204643726349,0
2014-03-07,0.33000001311302185,0.33000001311302185,0.33000001311302185,0.33000001311302185,0.2503204643726349,0
2014-03-10,0.33000001311302185,0.33000001311302185,0.33000001311302185,0.33000001311302185,0.2503204643726349,0
2014-03-11,0.33000001311302185,0.33000001311302185,0.33000001311302185,0.33000001311302185,0.2503204643726349,0
2014-03-12,0.3100000023841858,0.3100000023841858,0.3100000023841858,0.3100000023841858,0.235149547457695,20000
2014-03-13,0.3100000023841858,0.3100000023841858,0.3100000023841858,0.3100000023841858,0.235149547457695,0
2014-03-14,0.3100000023841858,0.3100000023841858,0.3100000023841858,0.3100000023841858,0.235149547457695,0
2014-03-17,0.3100000023841858,0.3100000023841858,0.3100000023841858,0.3100000023841858,0.235149547457695,0
2014-03-18,0.3149999976158142,0.3199999928474426,0.3149999976158142,0.3199999928474426,0.24273501336574554,228000
2014-03-19,0.3199999928474426,0.3199999928474426,0.3199999928474426,0.3199999928474426,0.24273501336574554,0
2014-03-20,0.3199999928474426,0.3199999928474426,0.3199999928474426,0.3199999928474426,0.24273501336574554,0
2014-03-21,0.3149999976158142,0.3149999976158142,0.3149999976158142,0.3149999976158142,0.2389422506093979,60000
2014-03-24,0.3149999976158142,0.3149999976158142,0.3149999976158142,0.3149999976158142,0.2389422506093979,0
2014-03-25,0.3149999976158142,0.3149999976158142,0.3149999976158142,0.3149999976158142,0.2389422506093979,0
2014-03-26,0.3149999976158142,0.3149999976158142,0.3149999976158142,0.3149999976158142,0.2389422506093979,0
2014-03-27,0.3149999976158142,0.3149999976158142,0.3149999976158142,0.3149999976158142,0.2389422506093979,0
2014-03-28,0.3149999976158142,0.3149999976158142,0.3149999976158142,0.3149999976158142,0.2389422506093979,0
2014-03-31,0.3149999976158142,0.3149999976158142,0.3149999976158142,0.3149999976158142,0.2389422506093979,0
2014-04-01,0.3149999976158142,0.3149999976158142,0.3149999976158142,0.3149999976158142,0.2389422506093979,0
2014-04-02,0.3149999976158142,0.3149999976158142,0.3149999976158142,0.3149999976158142,0.2389422506093979,0
2014-04-03,0.3149999976158142,0.3149999976158142,0.3149999976158142,0.3149999976158142,0.2389422506093979,0
2014-04-04,0.3050000071525574,0.3050000071525574,0.30000001192092896,0.30000001192092896,0.22756409645080566,24000
2014-04-07,0.3050000071525574,0.3050000071525574,0.3050000071525574,0.3050000071525574,0.23135679960250854,0
2014-04-08,0.3149999976158142,0.3449999988079071,0.3149999976158142,0.3449999988079071,0.2616986930370331,156000
2014-04-09,0.3400000035762787,0.3400000035762787,0.33000001311302185,0.33000001311302185,0.2503204643726349,76000
2014-04-10,0.3199999928474426,0.3199999928474426,0.3199999928474426,0.3199999928474426,0.24273501336574554,104000
2014-04-11,0.3199999928474426,0.3199999928474426,0.3199999928474426,0.3199999928474426,0.24273501336574554,0
2014-04-14,0.3199999928474426,0.3199999928474426,0.3199999928474426,0.3199999928474426,0.24273501336574554,0
2014-04-15,0.3199999928474426,0.3199999928474426,0.3199999928474426,0.3199999928474426,0.24273501336574554,0
2014-04-16,0.30000001192092896,0.3199999928474426,0.30000001192092896,0.3199999928474426,0.24273501336574554,68000
2014-04-17,0.3149999976158142,0.3149999976158142,0.3149999976158142,0.3149999976158142,0.2389422506093979,0
2014-04-22,0.3149999976158142,0.3149999976158142,0.3149999976158142,0.3149999976158142,0.2389422506093979,0
2014-04-23,0.3149999976158142,0.3149999976158142,0.3149999976158142,0.3149999976158142,0.2389422506093979,0
2014-04-24,0.3149999976158142,0.3149999976158142,0.3149999976158142,0.3149999976158142,0.2389422506093979,0
2014-04-25,0.3149999976158142,0.3149999976158142,0.3149999976158142,0.3149999976158142,0.2389422506093979,0
2014-04-28,0.3149999976158142,0.3149999976158142,0.3149999976158142,0.3149999976158142,0.2389422506093979,0
2014-04-29,0.3149999976158142,0.3149999976158142,0.3149999976158142,0.3149999976158142,0.2389422506093979,0
2014-04-30,0.3149999976158142,0.3149999976158142,0.3149999976158142,0.3149999976158142,0.2389422506093979,0
2014-05-02,0.3149999976158142,0.3149999976158142,0.3149999976158142,0.3149999976158142,0.2389422506093979,0
2014-05-05,0.3149999976158142,0.3149999976158142,0.3149999976158142,0.3149999976158142,0.2389422506093979,0
2014-05-07,0.3149999976158142,0.3149999976158142,0.3149999976158142,0.3149999976158142,0.2389422506093979,0
2014-05-08,0.3149999976158142,0.3149999976158142,0.3149999976158142,0.3149999976158142,0.2389422506093979,0
2014-05-09,0.3100000023841858,0.3149999976158142,0.3100000023841858,0.3149999976158142,0.2389422506093979,52000
2014-05-12,0.3149999976158142,0.3149999976158142,0.3149999976158142,0.3149999976158142,0.2389422506093979,0
2014-05-13,0.3149999976158142,0.3149999976158142,0.3149999976158142,0.3149999976158142,0.2389422506093979,0
2014-05-14,0.3149999976158142,0.3149999976158142,0.3149999976158142,0.3149999976158142,0.2389422506093979,0
2014-05-15,0.3149999976158142,0.3149999976158142,0.3149999976158142,0.3149999976158142,0.2389422506093979,0
2014-05-16,0.3149999976158142,0.3149999976158142,0.3149999976158142,0.3149999976158142,0.2389422506093979,0
2014-05-19,0.3149999976158142,0.3149999976158142,0.3149999976158142,0.3149999976158142,0.2389422506093979,0
2014-05-20,0.3149999976158142,0.3149999976158142,0.3149999976158142,0.3149999976158142,0.2389422506093979,0
2014-05-21,0.3149999976158142,0.3149999976158142,0.3149999976158142,0.3149999976158142,0.2389422506093979,0
2014-05-22,0.32499998807907104,0.32499998807907104,0.32499998807907104,0.32499998807907104,0.24652771651744843,60000
2014-05-23,0.32499998807907104,0.32499998807907104,0.32499998807907104,0.32499998807907104,0.24652771651744843,0
2014-05-26,0.33000001311302185,0.33500000834465027,0.33000001311302185,0.33500000834465027,0.25411322712898254,108000
2014-05-27,0.32499998807907104,0.3499999940395355,0.32499998807907104,0.3499999940395355,0.26549139618873596,68000
2014-05-28,0.3499999940395355,0.3499999940395355,0.3499999940395355,0.3499999940395355,0.26549139618873596,0
2014-05-29,0.3499999940395355,0.3499999940395355,0.3499999940395355,0.3499999940395355,0.26549139618873596,0
2014-05-30,0.3499999940395355,0.35499998927116394,0.32499998807907104,0.3499999940395355,0.26549139618873596,108000
2014-06-03,0.3499999940395355,0.3499999940395355,0.3499999940395355,0.3499999940395355,0.26549139618873596,0
2014-06-04,0.3499999940395355,0.3499999940395355,0.3499999940395355,0.3499999940395355,0.26549139618873596,0
2014-06-05,0.3499999940395355,0.3499999940395355,0.3499999940395355,0.3499999940395355,0.26549139618873596,0
2014-06-06,0.3499999940395355,0.3499999940395355,0.3499999940395355,0.3499999940395355,0.26549139618873596,0
2014-06-09,0.3499999940395355,0.3499999940395355,0.3499999940395355,0.3499999940395355,0.26549139618873596,0
2014-06-10,0.3499999940395355,0.3499999940395355,0.3499999940395355,0.3499999940395355,0.26549139618873596,0
2014-06-11,0.3499999940395355,0.3499999940395355,0.3499999940395355,0.3499999940395355,0.26549139618873596,0
2014-06-12,0.3499999940395355,0.3499999940395355,0.3499999940395355,0.3499999940395355,0.26549139618873596,0
2014-06-13,0.3499999940395355,0.3499999940395355,0.3499999940395355,0.3499999940395355,0.26549139618873596,0
2014-06-16,0.3499999940395355,0.3499999940395355,0.3499999940395355,0.3499999940395355,0.26549139618873596,0
2014-06-17,0.3499999940395355,0.3499999940395355,0.3499999940395355,0.3499999940395355,0.26549139618873596,0
2014-06-18,0.3499999940395355,0.3499999940395355,0.3499999940395355,0.3499999940395355,0.26549139618873596,0
2014-06-19,0.3499999940395355,0.3499999940395355,0.3499999940395355,0.3499999940395355,0.26549139618873596,0
2014-06-20,0.3499999940395355,0.3499999940395355,0.3499999940395355,0.3499999940395355,0.26549139618873596,0
2014-06-23,0.3499999940395355,0.3499999940395355,0.3499999940395355,0.3499999940395355,0.26549139618873596,0
2014-06-24,0.3499999940395355,0.3499999940395355,0.3499999940395355,0.3499999940395355,0.26549139618873596,0
2014-06-25,0.33000001311302185,0.3400000035762787,0.3149999976158142,0.3400000035762787,0.2579059600830078,156000
2014-06-26,0.3400000035762787,0.3400000035762787,0.3400000035762787,0.3400000035762787,0.2579059600830078,0
2014-06-27,0.3400000035762787,0.3499999940395355,0.3400000035762787,0.3499999940395355,0.26549139618873596,104000
2014-06-30,0.3499999940395355,0.3499999940395355,0.3499999940395355,0.3499999940395355,0.26549139618873596,0
2014-07-02,0.3499999940395355,0.3499999940395355,0.3499999940395355,0.3499999940395355,0.26549139618873596,0
2014-07-03,0.3499999940395355,0.3499999940395355,0.3499999940395355,0.3499999940395355,0.26549139618873596,0
2014-07-04,0.3449999988079071,0.3449999988079071,0.3449999988079071,0.3449999988079071,0.2616986930370331,16000
2014-07-07,0.3449999988079071,0.3449999988079071,0.3449999988079071,0.3449999988079071,0.2616986930370331,0
2014-07-08,0.3449999988079071,0.4449999928474426,0.3449999988079071,0.4449999928474426,0.33755338191986084,76000
2014-07-09,0.38499999046325684,0.4399999976158142,0.375,0.4099999964237213,0.3110041916370392,236000
2014-07-10,0.4050000011920929,0.4050000011920929,0.4050000011920929,0.4050000011920929,0.3072115182876587,0
2014-07-11,0.3700000047683716,0.375,0.3499999940395355,0.375,0.2844550907611847,300000
2014-07-14,0.375,0.3799999952316284,0.375,0.3799999952316284,0.28824782371520996,76000
2014-07-15,0.3799999952316284,0.3799999952316284,0.3799999952316284,0.3799999952316284,0.28824782371520996,0
2014-07-16,0.3799999952316284,0.3799999952316284,0.3799999952316284,0.3799999952316284,0.28824782371520996,0
2014-07-17,0.36500000953674316,0.36500000953674316,0.36500000953674316,0.36500000953674316,0.27686962485313416,0
2014-07-18,0.36500000953674316,0.36500000953674316,0.36500000953674316,0.36500000953674316,0.27686962485313416,0
2014-07-21,0.36500000953674316,0.36500000953674316,0.36500000953674316,0.36500000953674316,0.27686962485313416,0
2014-07-22,0.36500000953674316,0.36500000953674316,0.36500000953674316,0.36500000953674316,0.27686962485313416,0
2014-07-23,0.36500000953674316,0.36500000953674316,0.36500000953674316,0.36500000953674316,0.27686962485313416,0
2014-07-24,0.36500000953674316,0.36500000953674316,0.36500000953674316,0.36500000953674316,0.27686962485313416,8000
2014-07-25,0.36500000953674316,0.36500000953674316,0.36500000953674316,0.36500000953674316,0.27686962485313416,0
2014-07-28,0.3499999940395355,0.3499999940395355,0.3449999988079071,0.3449999988079071,0.2616986930370331,136000
2014-07-29,0.3449999988079071,0.3449999988079071,0.3449999988079071,0.3449999988079071,0.2616986930370331,0
2014-07-30,0.3449999988079071,0.3449999988079071,0.3449999988079071,0.3449999988079071,0.2616986930370331,0
2014-07-31,0.3449999988079071,0.3449999988079071,0.3449999988079071,0.3449999988079071,0.2616986930370331,0
2014-08-01,0.3449999988079071,0.3449999988079071,0.3449999988079071,0.3449999988079071,0.2616986930370331,0
2014-08-04,0.33500000834465027,0.3400000035762787,0.30000001192092896,0.3400000035762787,0.2579059600830078,248000
2014-08-05,0.32499998807907104,0.36000001430511475,0.32499998807907104,0.36000001430511475,0.2730769217014313,84000
2014-08-06,0.35499998927116394,0.35499998927116394,0.35499998927116394,0.35499998927116394,0.2692841589450836,0
2014-08-07,0.33000001311302185,0.3449999988079071,0.32499998807907104,0.3449999988079071,0.2616986930370331,244000
2014-08-08,0.33000001311302185,0.36000001430511475,0.33000001311302185,0.3499999940395355,0.26549139618873596,192000
2014-08-11,0.33000001311302185,0.33500000834465027,0.3050000071525574,0.33000001311302185,0.2503204643726349,468000
2014-08-12,0.33500000834465027,0.33500000834465027,0.32499998807907104,0.32499998807907104,0.24652771651744843,132000
2014-08-13,0.3100000023841858,0.3199999928474426,0.3050000071525574,0.3149999976158142,0.2389422506093979,368000
2014-08-14,0.3149999976158142,0.3149999976158142,0.3149999976158142,0.3149999976158142,0.2389422506093979,0
2014-08-15,0.3149999976158142,0.3149999976158142,0.3149999976158142,0.3149999976158142,0.2389422506093979,20000
2014-08-18,0.3149999976158142,0.3149999976158142,0.3149999976158142,0.3149999976158142,0.2389422506093979,0
2014-08-19,0.3199999928474426,0.3199999928474426,0.3199999928474426,0.3199999928474426,0.24273501336574554,32000
2014-08-20,0.32499998807907104,0.32499998807907104,0.32499998807907104,0.32499998807907104,0.24652771651744843,364000
2014-08-21,0.32499998807907104,0.32499998807907104,0.32499998807907104,0.32499998807907104,0.24652771651744843,0
2014-08-22,0.32499998807907104,0.32499998807907104,0.32499998807907104,0.32499998807907104,0.24652771651744843,60000
2014-08-25,0.3050000071525574,0.3050000071525574,0.3050000071525574,0.3050000071525574,0.23135679960250854,204000
2014-08-26,0.3050000071525574,0.3050000071525574,0.3050000071525574,0.3050000071525574,0.23135679960250854,0
2014-08-27,0.30000001192092896,0.3199999928474426,0.30000001192092896,0.3199999928474426,0.24273501336574554,224000
2014-08-28,0.3199999928474426,0.3199999928474426,0.3199999928474426,0.3199999928474426,0.24273501336574554,0
2014-08-29,0.3199999928474426,0.3199999928474426,0.3199999928474426,0.3199999928474426,0.24273501336574554,0
2014-09-01,0.3149999976158142,0.3199999928474426,0.3149999976158142,0.3199999928474426,0.24273501336574554,76000
2014-09-02,0.3149999976158142,0.3149999976158142,0.3149999976158142,0.3149999976158142,0.2389422506093979,0
2014-09-03,0.3149999976158142,0.3149999976158142,0.3149999976158142,0.3149999976158142,0.2389422506093979,0
2014-09-04,0.3149999976158142,0.3149999976158142,0.3149999976158142,0.3149999976158142,0.2389422506093979,0
2014-09-05,0.3149999976158142,0.3149999976158142,0.3149999976158142,0.3149999976158142,0.2389422506093979,0
2014-09-08,0.3149999976158142,0.3149999976158142,0.3149999976158142,0.3149999976158142,0.2389422506093979,20000
2014-09-10,0.3050000071525574,0.3050000071525574,0.3050000071525574,0.3050000071525574,0.23135679960250854,0
2014-09-11,0.3149999976158142,0.3149999976158142,0.3149999976158142,0.3149999976158142,0.2389422506093979,100000
2014-09-12,0.3100000023841858,0.3149999976158142,0.3100000023841858,0.3149999976158142,0.2389422506093979,92000
2014-09-15,0.3149999976158142,0.3149999976158142,0.3149999976158142,0.3149999976158142,0.2389422506093979,84000
2014-09-16,0.3050000071525574,0.3050000071525574,0.2849999964237213,0.28999999165534973,0.21997857093811035,196000
2014-09-17,0.28999999165534973,0.28999999165534973,0.28999999165534973,0.28999999165534973,0.21997857093811035,20000
2014-09-18,0.28999999165534973,0.28999999165534973,0.28999999165534973,0.28999999165534973,0.21997857093811035,0
2014-09-19,0.30000001192092896,0.30000001192092896,0.30000001192092896,0.30000001192092896,0.22756409645080566,172000
2014-09-22,0.30000001192092896,0.30000001192092896,0.30000001192092896,0.30000001192092896,0.22756409645080566,108000
2014-09-23,0.30000001192092896,0.30000001192092896,0.30000001192092896,0.30000001192092896,0.22756409645080566,268000
2014-09-24,0.30000001192092896,0.30000001192092896,0.30000001192092896,0.30000001192092896,0.22756409645080566,132000
2014-09-25,0.30000001192092896,0.30000001192092896,0.30000001192092896,0.30000001192092896,0.22756409645080566,16000
2014-09-26,0.2849999964237213,0.30000001192092896,0.2849999964237213,0.30000001192092896,0.22756409645080566,372000
2014-09-29,0.2849999964237213,0.29499998688697815,0.2800000011920929,0.29499998688697815,0.22377131879329681,420000
2014-09-30,0.2849999964237213,0.2849999964237213,0.2849999964237213,0.2849999964237213,0.21618585288524628,0
2014-10-03,0.2849999964237213,0.2849999964237213,0.2849999964237213,0.2849999964237213,0.21618585288524628,0
2014-10-06,0.2800000011920929,0.2800000011920929,0.2800000011920929,0.2800000011920929,0.2123931348323822,0
2014-10-07,0.2800000011920929,0.2800000011920929,0.2800000011920929,0.2800000011920929,0.2123931348323822,0
2014-10-08,0.2800000011920929,0.2800000011920929,0.2800000011920929,0.2800000011920929,0.2123931348323822,0
2014-10-09,0.2800000011920929,0.2800000011920929,0.2800000011920929,0.2800000011920929,0.2123931348323822,0
2014-10-10,0.2800000011920929,0.2800000011920929,0.2800000011920929,0.2800000011920929,0.2123931348323822,200000
2014-10-13,0.29499998688697815,0.30000001192092896,0.29499998688697815,0.30000001192092896,0.22756409645080566,332000
2014-10-14,0.3100000023841858,0.3100000023841858,0.3100000023841858,0.3100000023841858,0.235149547457695,16000
2014-10-15,0.3050000071525574,0.32499998807907104,0.3050000071525574,0.32499998807907104,0.24652771651744843,244000
2014-10-16,0.33000001311302185,0.33500000834465027,0.3199999928474426,0.3199999928474426,0.24273501336574554,400000
2014-10-17,0.32499998807907104,0.32499998807907104,0.32499998807907104,0.32499998807907104,0.24652771651744843,180000
2014-10-20,0.3050000071525574,0.33500000834465027,0.3050000071525574,0.33500000834465027,0.25411322712898254,280000
2014-10-21,0.3499999940395355,0.35499998927116394,0.33000001311302185,0.3499999940395355,0.26549139618873596,356000
2014-10-22,0.33500000834465027,0.33500000834465027,0.3149999976158142,0.33000001311302185,0.2503204643726349,772000
2014-10-23,0.3199999928474426,0.32499998807907104,0.3199999928474426,0.32499998807907104,0.24652771651744843,268000
2014-10-24,0.3199999928474426,0.3199999928474426,0.30000001192092896,0.30000001192092896,0.22756409645080566,664000
2014-10-27,0.3100000023841858,0.3400000035762787,0.3100000023841858,0.3199999928474426,0.24273501336574554,392000
2014-10-28,0.3149999976158142,0.33000001311302185,0.3149999976158142,0.33000001311302185,0.2503204643726349,276000
2014-10-29,0.33500000834465027,0.3499999940395355,0.33500000834465027,0.3499999940395355,0.26549139618873596,284000
2014-10-30,0.3499999940395355,0.36500000953674316,0.3499999940395355,0.35499998927116394,0.2692841589450836,312000
2014-10-31,0.3499999940395355,0.4050000011920929,0.3499999940395355,0.36000001430511475,0.2730769217014313,308000
2014-11-03,0.36000001430511475,0.36000001430511475,0.36000001430511475,0.36000001430511475,0.2730769217014313,0
2014-11-04,0.36000001430511475,0.36000001430511475,0.36000001430511475,0.36000001430511475,0.2730769217014313,0
2014-11-05,0.36000001430511475,0.36000001430511475,0.36000001430511475,0.36000001430511475,0.2730769217014313,0
2014-11-06,0.38499999046325684,0.4000000059604645,0.36500000953674316,0.3700000047683716,0.2806623578071594,636000
2014-11-07,0.36000001430511475,0.36000001430511475,0.36000001430511475,0.36000001430511475,0.2730769217014313,224000
2014-11-10,0.36000001430511475,0.36000001430511475,0.36000001430511475,0.36000001430511475,0.2730769217014313,0
2014-11-11,0.3499999940395355,0.36000001430511475,0.3400000035762787,0.36000001430511475,0.2730769217014313,360000
2014-11-12,0.36000001430511475,0.3700000047683716,0.3499999940395355,0.36500000953674316,0.27686962485313416,348000
2014-11-13,0.35499998927116394,0.36500000953674316,0.3499999940395355,0.3499999940395355,0.26549139618873596,324000
2014-11-14,0.3499999940395355,0.3499999940395355,0.3499999940395355,0.3499999940395355,0.26549139618873596,0
2014-11-17,0.3400000035762787,0.3499999940395355,0.3400000035762787,0.3499999940395355,0.26549139618873596,128000
2014-11-18,0.3499999940395355,0.3499999940395355,0.3499999940395355,0.3499999940395355,0.26549139618873596,0
2014-11-19,0.3400000035762787,0.3400000035762787,0.33500000834465027,0.3400000035762787,0.2579059600830078,240000
2014-11-20,0.33500000834465027,0.33500000834465027,0.33500000834465027,0.33500000834465027,0.25411322712898254,100000
2014-11-21,0.3449999988079071,0.3499999940395355,0.3449999988079071,0.3499999940395355,0.26549139618873596,348000
2014-11-24,0.36000001430511475,0.44999998807907104,0.36000001430511475,0.44999998807907104,0.3413460850715637,360000
2014-11-25,0.44999998807907104,0.44999998807907104,0.3700000047683716,0.4000000059604645,0.30341875553131104,864000
2014-11-26,0.39500001072883606,0.39500001072883606,0.38999998569488525,0.38999998569488525,0.2958332896232605,80000
2014-11-27,0.3449999988079071,0.38999998569488525,0.3449999988079071,0.38999998569488525,0.2958332896232605,208000
2014-11-28,0.38999998569488525,0.38999998569488525,0.38999998569488525,0.38999998569488525,0.2958332896232605,120000
2014-12-01,0.38999998569488525,0.39500001072883606,0.38499999046325684,0.38499999046325684,0.29204055666923523,380000
2014-12-02,0.38499999046325684,0.38499999046325684,0.38499999046325684,0.38499999046325684,0.29204055666923523,0
2014-12-03,0.38999998569488525,0.38999998569488525,0.38999998569488525,0.3799999952316284,0.28824782371520996,64000
2014-12-04,0.375,0.375,0.375,0.375,0.2844550907611847,8000
2014-12-05,0.3700000047683716,0.3700000047683716,0.3700000047683716,0.3700000047683716,0.2806623578071594,40000
2014-12-08,0.3700000047683716,0.3700000047683716,0.3700000047683716,0.3700000047683716,0.2806623578071594,0
2014-12-09,0.36500000953674316,0.36500000953674316,0.36000001430511475,0.36000001430511475,0.2730769217014313,140000
2014-12-10,0.36500000953674316,0.36500000953674316,0.3499999940395355,0.3499999940395355,0.26549139618873596,344000
2014-12-11,0.3499999940395355,0.3499999940395355,0.3499999940395355,0.3499999940395355,0.26549139618873596,240000
2014-12-12,0.35499998927116394,0.4000000059604645,0.35499998927116394,0.4000000059604645,0.30341875553131104,160000
2014-12-15,0.4000000059604645,0.4000000059604645,0.4000000059604645,0.4000000059604645,0.30341875553131104,0
2014-12-16,0.4000000059604645,0.4000000059604645,0.4000000059604645,0.4000000059604645,0.30341875553131104,0
2014-12-17,0.39500001072883606,0.39500001072883606,0.39500001072883606,0.39500001072883606,0.29962602257728577,0
2014-12-18,0.39500001072883606,0.39500001072883606,0.39500001072883606,0.39500001072883606,0.29962602257728577,0
2014-12-19,0.38499999046325684,0.38499999046325684,0.38499999046325684,0.38499999046325684,0.29204055666923523,0
2014-12-22,0.38499999046325684,0.38499999046325684,0.38499999046325684,0.38499999046325684,0.29204055666923523,0
2014-12-23,0.375,0.38499999046325684,0.375,0.38499999046325684,0.29204055666923523,52000
2014-12-24,0.38499999046325684,0.38499999046325684,0.38499999046325684,0.38499999046325684,0.29204055666923523,0
2014-12-29,0.38499999046325684,0.38499999046325684,0.38499999046325684,0.38499999046325684,0.29204055666923523,0
2014-12-30,0.38499999046325684,0.38499999046325684,0.38499999046325684,0.38499999046325684,0.29204055666923523,0
2014-12-31,0.38499999046325684,0.38499999046325684,0.38499999046325684,0.38499999046325684,0.29204055666923523,0
2015-01-02,0.375,0.375,0.375,0.375,0.2844550907611847,60000
2015-01-05,0.375,0.375,0.375,0.375,0.2844550907611847,0
2015-01-06,0.3799999952316284,0.3799999952316284,0.36500000953674316,0.3700000047683716,0.2806623578071594,204000
2015-01-07,0.36000001430511475,0.36000001430511475,0.36000001430511475,0.36000001430511475,0.2730769217014313,88000
2015-01-08,0.36000001430511475,0.36000001430511475,0.35499998927116394,0.35499998927116394,0.2692841589450836,68000
2015-01-09,0.35499998927116394,0.35499998927116394,0.35499998927116394,0.35499998927116394,0.2692841589450836,0
2015-01-12,0.3449999988079071,0.3449999988079071,0.3449999988079071,0.3449999988079071,0.2616986930370331,80000
2015-01-13,0.3449999988079071,0.3449999988079071,0.3449999988079071,0.3449999988079071,0.2616986930370331,0
2015-01-14,0.3449999988079071,0.3449999988079071,0.3449999988079071,0.3449999988079071,0.2616986930370331,0
2015-01-15,0.3449999988079071,0.3449999988079071,0.3449999988079071,0.3449999988079071,0.2616986930370331,0
2015-01-16,0.33000001311302185,0.3449999988079071,0.33000001311302185,0.3449999988079071,0.2616986930370331,328000
2015-01-19,0.33000001311302185,0.33000001311302185,0.32499998807907104,0.32499998807907104,0.24652771651744843,208000
2015-01-20,0.32499998807907104,0.32499998807907104,0.32499998807907104,0.32499998807907104,0.24652771651744843,0
2015-01-21,0.32499998807907104,0.32499998807907104,0.32499998807907104,0.32499998807907104,0.24652771651744843,4000
2015-01-22,0.32499998807907104,0.32499998807907104,0.32499998807907104,0.32499998807907104,0.24652771651744843,0
2015-01-23,0.33000001311302185,0.33000001311302185,0.33000001311302185,0.33000001311302185,0.2503204643726349,0
2015-01-26,0.33000001311302185,0.33000001311302185,0.33000001311302185,0.33000001311302185,0.2503204643726349,0
2015-01-27,0.33000001311302185,0.33000001311302185,0.33000001311302185,0.33000001311302185,0.2503204643726349,0
2015-01-28,0.33000001311302185,0.33000001311302185,0.33000001311302185,0.33000001311302185,0.2503204643726349,0
2015-01-29,0.33000001311302185,0.33000001311302185,0.33000001311302185,0.33000001311302185,0.2503204643726349,0
2015-01-30,0.33000001311302185,0.33000001311302185,0.33000001311302185,0.33000001311302185,0.2503204643726349,0
2015-02-02,0.33000001311302185,0.33000001311302185,0.33000001311302185,0.33000001311302185,0.2503204643726349,0
2015-02-03,0.33000001311302185,0.33000001311302185,0.33000001311302185,0.33000001311302185,0.2503204643726349,0
2015-02-04,0.33000001311302185,0.33000001311302185,0.33000001311302185,0.33000001311302185,0.2503204643726349,0
2015-02-05,0.33000001311302185,0.33000001311302185,0.33000001311302185,0.33000001311302185,0.2503204643726349,0
2015-02-06,0.33000001311302185,0.33000001311302185,0.33000001311302185,0.33000001311302185,0.2503204643726349,0
2015-02-09,0.33000001311302185,0.33000001311302185,0.33000001311302185,0.33000001311302185,0.2503204643726349,0
2015-02-10,0.33000001311302185,0.33000001311302185,0.33000001311302185,0.33000001311302185,0.2503204643726349,0
2015-02-11,0.33000001311302185,0.33000001311302185,0.33000001311302185,0.33000001311302185,0.2503204643726349,0
2015-02-12,0.33000001311302185,0.33000001311302185,0.33000001311302185,0.33000001311302185,0.2503204643726349,0
2015-02-13,0.33000001311302185,0.33000001311302185,0.33000001311302185,0.33000001311302185,0.2503204643726349,0
2015-02-16,0.33000001311302185,0.33000001311302185,0.33000001311302185,0.33000001311302185,0.2503204643726349,0
2015-02-17,0.33000001311302185,0.33000001311302185,0.33000001311302185,0.33000001311302185,0.2503204643726349,0
2015-02-18,0.33000001311302185,0.33000001311302185,0.33000001311302185,0.33000001311302185,0.2503204643726349,0
2015-02-23,0.33000001311302185,0.33000001311302185,0.33000001311302185,0.33000001311302185,0.2503204643726349,0
2015-02-24,0.33000001311302185,0.33000001311302185,0.33000001311302185,0.33000001311302185,0.2503204643726349,0
2015-02-25,0.33000001311302185,0.33000001311302185,0.33000001311302185,0.33000001311302185,0.2503204643726349,0
2015-02-26,0.33000001311302185,0.33000001311302185,0.33000001311302185,0.33000001311302185,0.2503204643726349,0
2015-02-27,0.33000001311302185,0.33000001311302185,0.33000001311302185,0.33000001311302185,0.2503204643726349,0
2015-03-02,0.36000001430511475,0.3799999952316284,0.36000001430511475,0.3799999952316284,0.28824782371520996,16000
2015-03-03,0.36500000953674316,0.36500000953674316,0.3499999940395355,0.3499999940395355,0.26549139618873596,144000
2015-03-04,0.3499999940395355,0.3499999940395355,0.3499999940395355,0.3499999940395355,0.26549139618873596,0
2015-03-05,0.3499999940395355,0.3499999940395355,0.3499999940395355,0.3499999940395355,0.26549139618873596,0
2015-03-06,0.3449999988079071,0.3449999988079071,0.3449999988079071,0.3449999988079071,0.2616986930370331,0
2015-03-09,0.3449999988079071,0.3449999988079071,0.3449999988079071,0.3449999988079071,0.2616986930370331,0
2015-03-10,0.3449999988079071,0.3449999988079071,0.3449999988079071,0.3449999988079071,0.2616986930370331,0
2015-03-11,0.3449999988079071,0.3449999988079071,0.3449999988079071,0.3449999988079071,0.2616986930370331,0
2015-03-12,0.3449999988079071,0.3449999988079071,0.3449999988079071,0.3449999988079071,0.2616986930370331,0
2015-03-13,0.3449999988079071,0.3449999988079071,0.3449999988079071,0.3449999988079071,0.2616986930370331,0
2015-03-16,0.3449999988079071,0.3449999988079071,0.3449999988079071,0.3449999988079071,0.2616986930370331,0
2015-03-17,0.3449999988079071,0.3449999988079071,0.3449999988079071,0.3449999988079071,0.2616986930370331,0
2015-03-18,0.3499999940395355,0.3499999940395355,0.3499999940395355,0.3499999940395355,0.26549139618873596,0
2015-03-19,0.3499999940395355,0.36500000953674316,0.3499999940395355,0.3499999940395355,0.26549139618873596,8000
2015-03-20,0.3499999940395355,0.3499999940395355,0.3499999940395355,0.3499999940395355,0.26549139618873596,12000
2015-03-23,0.3400000035762787,0.3400000035762787,0.3400000035762787,0.3400000035762787,0.2579059600830078,200000
2015-03-24,0.3400000035762787,0.3400000035762787,0.3400000035762787,0.3400000035762787,0.2579059600830078,0
2015-03-25,0.3400000035762787,0.3400000035762787,0.3400000035762787,0.3400000035762787,0.2579059600830078,0
2015-03-26,0.3400000035762787,0.3400000035762787,0.3400000035762787,0.3400000035762787,0.2579059600830078,120000
2015-03-27,0.3400000035762787,0.3400000035762787,0.3400000035762787,0.3400000035762787,0.2579059600830078,100000
2015-03-30,0.3400000035762787,0.3400000035762787,0.3400000035762787,0.3400000035762787,0.2579059600830078,0
2015-03-31,0.3400000035762787,0.3400000035762787,0.3400000035762787,0.3400000035762787,0.2579059600830078,0
2015-04-01,0.3400000035762787,0.3400000035762787,0.3400000035762787,0.3400000035762787,0.2579059600830078,0
2015-04-02,0.3400000035762787,0.3400000035762787,0.3400000035762787,0.3400000035762787,0.2579059600830078,0
2015-04-08,0.3400000035762787,0.3400000035762787,0.3400000035762787,0.3400000035762787,0.2579059600830078,0
2015-04-09,0.36000001430511475,0.36000001430511475,0.36000001430511475,0.36000001430511475,0.2730769217014313,64000
2015-04-10,0.36000001430511475,0.36000001430511475,0.36000001430511475,0.36000001430511475,0.2730769217014313,16000
2015-04-13,0.36000001430511475,0.36000001430511475,0.36000001430511475,0.36000001430511475,0.2730769217014313,0
2015-04-14,0.36000001430511475,0.36000001430511475,0.36000001430511475,0.36000001430511475,0.2730769217014313,0
2015-04-15,0.36000001430511475,0.36000001430511475,0.36000001430511475,0.36000001430511475,0.2730769217014313,0
2015-04-16,0.3400000035762787,0.375,0.3400000035762787,0.375,0.2844550907611847,512000
2015-04-17,0.375,0.375,0.375,0.375,0.2844550907611847,0
2015-04-20,0.375,0.38499999046325684,0.35499998927116394,0.38499999046325684,0.29204055666923523,224000
2015-04-21,0.375,0.375,0.375,0.375,0.2844550907611847,100000
2015-04-22,0.375,0.375,0.375,0.375,0.2844550907611847,0
2015-04-23,0.36000001430511475,0.36000001430511475,0.35499998927116394,0.35499998927116394,0.2692841589450836,60000
2015-04-24,0.35499998927116394,0.35499998927116394,0.3499999940395355,0.3499999940395355,0.26549139618873596,80000
2015-04-27,0.35499998927116394,0.35499998927116394,0.3499999940395355,0.35499998927116394,0.2692841589450836,232000
2015-04-28,0.36500000953674316,0.36500000953674316,0.36500000953674316,0.36500000953674316,0.27686962485313416,100000
2015-04-29,0.375,0.375,0.36500000953674316,0.36500000953674316,0.27686962485313416,116000
2015-04-30,0.3700000047683716,0.4050000011920929,0.35499998927116394,0.35499998927116394,0.2692841589450836,2268000
2015-05-04,0.36000001430511475,0.36000001430511475,0.36000001430511475,0.36000001430511475,0.2730769217014313,0
2015-05-05,0.36500000953674316,0.36500000953674316,0.35499998927116394,0.35499998927116394,0.2692841589450836,1200000
2015-05-06,0.35499998927116394,0.36000001430511475,0.35499998927116394,0.36000001430511475,0.2730769217014313,752000
2015-05-07,0.35499998927116394,0.35499998927116394,0.35499998927116394,0.35499998927116394,0.2692841589450836,260000
2015-05-08,0.36500000953674316,0.38499999046325684,0.36500000953674316,0.3700000047683716,0.2806623578071594,292000
2015-05-11,0.3799999952316284,0.38499999046325684,0.3700000047683716,0.375,0.2844550907611847,416000
2015-05-12,0.4000000059604645,0.4000000059604645,0.3700000047683716,0.3700000047683716,0.2806623578071594,40000
2015-05-13,0.36500000953674316,0.375,0.36500000953674316,0.375,0.2844550907611847,40000
2015-05-14,0.375,0.375,0.375,0.375,0.2844550907611847,0
2015-05-15,0.3799999952316284,0.3799999952316284,0.375,0.375,0.2844550907611847,60000
2015-05-18,0.375,0.375,0.375,0.375,0.2844550907611847,0
2015-05-19,0.38499999046325684,0.4099999964237213,0.38499999046325684,0.4000000059604645,0.30341875553131104,208000
2015-05-20,0.4000000059604645,0.4000000059604645,0.4000000059604645,0.39500001072883606,0.29962602257728577,40000
2015-05-21,0.38999998569488525,0.39500001072883606,0.38999998569488525,0.38999998569488525,0.2958332896232605,100000
2015-05-22,0.38499999046325684,0.3799999952316284,0.36000001430511475,0.36000001430511475,0.2730769217014313,216000
2015-05-26,0.3799999952316284,0.3799999952316284,0.3799999952316284,0.3799999952316284,0.28824782371520996,180000
2015-05-27,0.3799999952316284,0.3799999952316284,0.3700000047683716,0.3700000047683716,0.2806623578071594,56000
2015-05-28,0.3700000047683716,0.699999988079071,0.3700000047683716,0.5350000262260437,0.40582263469696045,16260000
2015-05-29,0.5649999976158142,0.6449999809265137,0.5649999976158142,0.6050000190734863,0.4589208662509918,12152000
2015-06-01,0.6050000190734863,0.6700000166893005,0.6000000238418579,0.6150000095367432,0.46650636196136475,11228000
2015-06-02,0.6499999761581421,0.6499999761581421,0.6100000143051147,0.6200000047683716,0.47029909491539,11020000
2015-06-03,0.6499999761581421,0.6499999761581421,0.550000011920929,0.625,0.47409185767173767,8352000
2015-06-04,0.625,0.6349999904632568,0.5649999976158142,0.5649999976158142,0.4285790026187897,8712000
2015-06-05,0.550000011920929,0.5849999785423279,0.5400000214576721,0.5699999928474426,0.43237170577049255,5324000
2015-06-08,0.5649999976158142,0.5950000286102295,0.5249999761581421,0.5299999713897705,0.4020298421382904,6792000
2015-06-09,0.5400000214576721,0.6399999856948853,0.5299999713897705,0.5699999928474426,0.43237170577049255,9124000
2015-06-10,0.5799999833106995,0.7749999761581421,0.5799999833106995,0.7450000047683716,0.5651174783706665,25208000
2015-06-11,0.7450000047683716,0.7749999761581421,0.6499999761581421,0.6850000023841858,0.5196046233177185,11552000
2015-06-12,0.6850000023841858,0.7850000262260437,0.6850000023841858,0.699999988079071,0.5309827923774719,12760000
2015-06-15,0.7049999833106995,0.7300000190734863,0.6650000214576721,0.6850000023841858,0.5196046233177185,7316000
2015-06-16,0.7049999833106995,0.875,0.7049999833106995,0.7400000095367432,0.5613247156143188,17928000
2015-06-17,0.7799999713897705,0.7799999713897705,0.7049999833106995,0.7450000047683716,0.5651174783706665,9388000
2015-06-18,0.7799999713897705,0.7799999713897705,0.7049999833106995,0.7300000190734863,0.5537392497062683,10024000
2015-06-19,0.7599999904632568,0.7950000166893005,0.7250000238418579,0.7350000143051147,0.5575319528579712,10580000
2015-06-22,0.7649999856948853,0.7850000262260437,0.7400000095367432,0.75,0.5689101815223694,9511800
2015-06-23,0.7649999856948853,0.7649999856948853,0.6949999928474426,0.7099999785423279,0.5385683178901672,8648000
2015-06-24,0.7200000286102295,0.8349999785423279,0.6949999928474426,0.7799999713897705,0.591666579246521,11556000
2015-06-25,0.800000011920929,0.800000011920929,0.75,0.7649999856948853,0.5802883505821228,7344000
2015-06-26,0.75,0.7749999761581421,0.7200000286102295,0.7350000143051147,0.5575319528579712,7868000
2015-06-29,0.75,0.7649999856948853,0.6899999976158142,0.6899999976158142,0.5233973860740662,8376000
2015-06-30,0.7200000286102295,0.7400000095367432,0.6700000166893005,0.7200000286102295,0.5461538434028625,9668000
2015-07-02,0.7099999785423279,0.7350000143051147,0.699999988079071,0.7200000286102295,0.5461538434028625,8564000
2015-07-03,0.7049999833106995,0.7099999785423279,0.574999988079071,0.574999988079071,0.4361644685268402,9588000
2015-07-06,0.574999988079071,0.6150000095367432,0.42500001192092896,0.46000000834465027,0.34893158078193665,10608000
2015-07-07,0.5,0.5,0.41999998688697815,0.5,0.3792734742164612,10584000
2015-07-08,0.4699999988079071,0.4699999988079071,0.3799999952316284,0.41999998688697815,0.3185896873474121,7168000
2015-07-09,0.4000000059604645,0.5299999713897705,0.4000000059604645,0.5149999856948853,0.3906516432762146,13172000
2015-07-10,0.5299999713897705,0.5699999928474426,0.5199999809265137,0.5600000023841858,0.4247862696647644,13484000
2015-07-13,0.5849999785423279,0.6349999904632568,0.5600000023841858,0.6100000143051147,0.4627135992050171,10360000
2015-07-14,0.6499999761581421,0.6949999928474426,0.6299999952316284,0.6399999856948853,0.4854700267314911,7488000
2015-07-15,0.675000011920929,0.7200000286102295,0.6600000262260437,0.6899999976158142,0.5233973860740662,8564000
2015-07-16,0.6949999928474426,0.7350000143051147,0.6650000214576721,0.6899999976158142,0.5233973860740662,8424000
2015-07-17,0.699999988079071,0.7099999785423279,0.6499999761581421,0.6800000071525574,0.5158119201660156,8192000
2015-07-20,0.6899999976158142,0.7400000095367432,0.675000011920929,0.6800000071525574,0.5158119201660156,8420000
2015-07-21,0.6949999928474426,0.7200000286102295,0.675000011920929,0.6800000071525574,0.5158119201660156,8400000
2015-07-22,0.699999988079071,0.7049999833106995,0.6650000214576721,0.6850000023841858,0.5196046233177185,8532000
2015-07-23,0.6800000071525574,0.7950000166893005,0.6800000071525574,0.7049999833106995,0.5347756147384644,8532000
2015-07-24,0.6949999928474426,0.7250000238418579,0.6899999976158142,0.699999988079071,0.5309827923774719,8752000
2015-07-27,0.699999988079071,0.7099999785423279,0.6650000214576721,0.675000011920929,0.512019157409668,8600000
2015-07-28,0.6650000214576721,0.7049999833106995,0.6549999713897705,0.6949999928474426,0.5271901488304138,7440000
2015-07-29,0.7049999833106995,0.7049999833106995,0.6800000071525574,0.699999988079071,0.5309827923774719,7868000
2015-07-30,0.7049999833106995,0.7450000047683716,0.6850000023841858,0.7149999737739563,0.5423609614372253,7108000
2015-07-31,0.7149999737739563,0.7350000143051147,0.7099999785423279,0.7149999737739563,0.5423609614372253,5468000
2015-08-03,0.7200000286102295,0.7200000286102295,0.699999988079071,0.7200000286102295,0.5461538434028625,5464000
2015-08-04,0.7200000286102295,0.7549999952316284,0.6949999928474426,0.7300000190734863,0.5537392497062683,5836000
2015-08-05,0.7400000095367432,0.7450000047683716,0.7099999785423279,0.7350000143051147,0.5575319528579712,6268000
2015-08-06,0.7450000047683716,0.7450000047683716,0.6949999928474426,0.699999988079071,0.5309827923774719,5900000
2015-08-07,0.7099999785423279,0.7300000190734863,0.6949999928474426,0.7099999785423279,0.5385683178901672,5660000
2015-08-10,0.7200000286102295,0.7350000143051147,0.6850000023841858,0.7300000190734863,0.5537392497062683,7060000
2015-08-11,0.75,0.7799999713897705,0.7149999737739563,0.7350000143051147,0.5575319528579712,6892000
2015-08-12,0.7350000143051147,0.7450000047683716,0.7149999737739563,0.7200000286102295,0.5461538434028625,6420000
2015-08-13,0.7350000143051147,0.7450000047683716,0.7149999737739563,0.7250000238418579,0.5499465465545654,7092000
2015-08-14,0.7300000190734863,0.7549999952316284,0.7099999785423279,0.7250000238418579,0.5499465465545654,6848000
2015-08-17,0.7300000190734863,0.7350000143051147,0.7099999785423279,0.7149999737739563,0.5423609614372253,6936000
2015-08-18,0.7300000190734863,0.7350000143051147,0.7149999737739563,0.7149999737739563,0.5423609614372253,5828000
2015-08-19,0.7250000238418579,0.7350000143051147,0.6850000023841858,0.7350000143051147,0.5575319528579712,8336000
2015-08-20,0.7350000143051147,0.7350000143051147,0.6850000023841858,0.7099999785423279,0.5385683178901672,7036000
2015-08-21,0.7200000286102295,0.7200000286102295,0.6700000166893005,0.675000011920929,0.512019157409668,7452000
2015-08-24,0.6600000262260437,0.6600000262260437,0.5550000071525574,0.6050000190734863,0.4589208662509918,4880000
2015-08-25,0.6150000095367432,0.6899999976158142,0.5699999928474426,0.6050000190734863,0.4589208662509918,5072000
2015-08-26,0.6050000190734863,0.6050000190734863,0.5649999976158142,0.6000000238418579,0.45512819290161133,6648000
2015-08-27,0.675000011920929,0.7250000238418579,0.6700000166893005,0.6899999976158142,0.5233973860740662,6928000
2015-08-28,0.7200000286102295,0.7200000286102295,0.675000011920929,0.6850000023841858,0.5196046233177185,5128000
2015-08-31,0.7049999833106995,0.7099999785423279,0.6800000071525574,0.6899999976158142,0.5233973860740662,7204000
2015-09-01,0.6899999976158142,0.7049999833106995,0.6700000166893005,0.6800000071525574,0.5158119201660156,7468000
2015-09-02,0.6800000071525574,0.699999988079071,0.6800000071525574,0.699999988079071,0.5309827923774719,6708000
2015-09-04,0.6949999928474426,0.6949999928474426,0.6800000071525574,0.6850000023841858,0.5196046233177185,6424000
2015-09-07,0.675000011920929,0.6850000023841858,0.6700000166893005,0.6800000071525574,0.5158119201660156,5448000
2015-09-08,0.6899999976158142,0.6949999928474426,0.675000011920929,0.6949999928474426,0.5271901488304138,7456000
2015-09-09,0.7099999785423279,0.7300000190734863,0.6800000071525574,0.699999988079071,0.5309827923774719,5308000
2015-09-10,0.6949999928474426,0.7049999833106995,0.6800000071525574,0.6949999928474426,0.5271901488304138,7428000
2015-09-11,0.6949999928474426,0.6949999928474426,0.675000011920929,0.6949999928474426,0.5271901488304138,5116000
2015-09-14,0.7049999833106995,0.7049999833106995,0.6800000071525574,0.6949999928474426,0.5271901488304138,7328000
2015-09-15,0.699999988079071,0.699999988079071,0.6800000071525574,0.6899999976158142,0.5233973860740662,7116000
2015-09-16,0.6899999976158142,0.6949999928474426,0.6800000071525574,0.6949999928474426,0.5271901488304138,7372000
2015-09-17,0.6899999976158142,0.699999988079071,0.675000011920929,0.699999988079071,0.5309827923774719,5444000
2015-09-18,0.6949999928474426,0.6949999928474426,0.6449999809265137,0.6899999976158142,0.5233973860740662,9048000
2015-09-21,0.6850000023841858,0.6850000023841858,0.6600000262260437,0.6700000166893005,0.5082264542579651,7572000
2015-09-22,0.6650000214576721,0.6800000071525574,0.6600000262260437,0.675000011920929,0.512019157409668,5736000
2015-09-23,0.6800000071525574,0.7049999833106995,0.6800000071525574,0.6899999976158142,0.5233973860740662,6988000
2015-09-24,0.6949999928474426,0.6949999928474426,0.6850000023841858,0.6949999928474426,0.5271901488304138,5964000
2015-09-25,0.6949999928474426,0.7099999785423279,0.6899999976158142,0.699999988079071,0.5309827923774719,7240000
2015-09-29,0.6850000023841858,0.7049999833106995,0.6850000023841858,0.7049999833106995,0.5347756147384644,5776000
2015-09-30,0.7049999833106995,0.7049999833106995,0.6700000166893005,0.6899999976158142,0.5233973860740662,7580000
2015-10-02,0.6949999928474426,0.7350000143051147,0.6800000071525574,0.7350000143051147,0.5575319528579712,7464000
2015-10-05,0.7450000047683716,0.75,0.7200000286102295,0.75,0.5689101815223694,5752000
2015-10-06,0.7599999904632568,0.8550000190734863,0.7549999952316284,0.7950000166893005,0.6030447483062744,9528000
2015-10-07,0.8399999737739563,0.9700000286102295,0.824999988079071,0.9700000286102295,0.7357905507087708,23596000
2015-10-08,0.9800000190734863,1.0199999809265137,0.8949999809265137,0.949999988079071,0.7206195592880249,13372000
2015-10-09,0.9649999737739563,0.9750000238418579,0.8650000095367432,0.8949999809265137,0.6788994669914246,10724000
2015-10-12,0.925000011920929,0.9300000071525574,0.8550000190734863,0.8999999761581421,0.6826921701431274,8664000
2015-10-13,0.8949999809265137,0.9300000071525574,0.8500000238418579,0.8849999904632568,0.6713139414787292,8696000
2015-10-14,0.925000011920929,0.9599999785423279,0.8700000047683716,0.9049999713897705,0.6864848732948303,8964000
2015-10-15,0.8999999761581421,0.9649999737739563,0.8650000095367432,0.925000011920929,0.7016558647155762,10432000
2015-10-16,0.949999988079071,1.0049999952316284,0.9100000262260437,0.925000011920929,0.7016558647155762,7856000
2015-10-19,0.9449999928474426,0.9449999928474426,0.7799999713897705,0.800000011920929,0.6068375110626221,10212000
2015-10-20,0.8100000023841858,0.8100000023841858,0.6949999928474426,0.75,0.5689101815223694,11000000
2015-10-22,0.7549999952316284,0.7599999904632568,0.699999988079071,0.7099999785423279,0.5385683178901672,9792000
2015-10-23,0.75,0.7549999952316284,0.699999988079071,0.7400000095367432,0.5613247156143188,8840000
2015-10-26,0.7400000095367432,0.7450000047683716,0.699999988079071,0.7450000047683716,0.5651174783706665,8292000
2015-10-27,0.7450000047683716,0.7749999761581421,0.7350000143051147,0.7549999952316284,0.5727028846740723,8252000
2015-10-28,0.7599999904632568,0.800000011920929,0.7450000047683716,0.7749999761581421,0.5878738760948181,7808000
2015-10-29,0.7799999713897705,0.7799999713897705,0.7049999833106995,0.75,0.5689101815223694,9224000
2015-10-30,0.75,0.7950000166893005,0.7250000238418579,0.7950000166893005,0.6030447483062744,9400000
2015-11-02,0.7900000214576721,0.7900000214576721,0.7300000190734863,0.7450000047683716,0.5651174783706665,8180000
2015-11-03,0.7599999904632568,0.7699999809265137,0.7300000190734863,0.7599999904632568,0.5764956474304199,8080000
2015-11-04,0.75,0.7850000262260437,0.7450000047683716,0.7599999904632568,0.5764956474304199,7944000
2015-11-05,0.7599999904632568,0.7599999904632568,0.7350000143051147,0.7549999952316284,0.5727028846740723,7972000
2015-11-06,0.7549999952316284,0.7599999904632568,0.7200000286102295,0.7450000047683716,0.5651174783706665,7732000
2015-11-09,0.75,0.8399999737739563,0.7200000286102295,0.8149999976158142,0.6182157397270203,10676000
2015-11-10,0.8199999928474426,0.824999988079071,0.7699999809265137,0.7850000262260437,0.5954593420028687,6336000
2015-11-11,0.7900000214576721,0.8050000071525574,0.7749999761581421,0.7950000166893005,0.6030447483062744,7036000
2015-11-12,0.8050000071525574,0.8050000071525574,0.7850000262260437,0.7900000214576721,0.5992520451545715,7544000
2015-11-13,0.7900000214576721,0.8149999976158142,0.7799999713897705,0.7850000262260437,0.5954593420028687,7476000
2015-11-16,0.7699999809265137,0.8399999737739563,0.7649999856948853,0.8149999976158142,0.6182157397270203,7576000
2015-11-17,0.8399999737739563,0.8399999737739563,0.7850000262260437,0.7900000214576721,0.5992520451545715,7534000
2015-11-18,0.7850000262260437,0.8100000023841858,0.7799999713897705,0.7900000214576721,0.5992520451545715,7540000
2015-11-19,0.7900000214576721,0.8399999737739563,0.7900000214576721,0.800000011920929,0.6068375110626221,7542000
2015-11-20,0.7900000214576721,0.800000011920929,0.7749999761581421,0.7749999761581421,0.5878738760948181,7588000
2015-11-23,0.7749999761581421,0.8149999976158142,0.7749999761581421,0.7900000214576721,0.5992520451545715,7464000
2015-11-24,0.7950000166893005,0.8500000238418579,0.7699999809265137,0.800000011920929,0.6068375110626221,8204000
2015-11-25,0.8050000071525574,0.824999988079071,0.7950000166893005,0.8199999928474426,0.6220083832740784,7560000
2015-11-26,0.8349999785423279,0.9049999713897705,0.824999988079071,0.8799999952316284,0.6675212383270264,12624000
2015-11-27,0.8999999761581421,0.9549999833106995,0.8399999737739563,0.8899999856948853,0.6751067638397217,14380000
2015-11-30,0.8949999809265137,0.9399999976158142,0.8849999904632568,0.8899999856948853,0.6751067638397217,7228000
2015-12-01,0.9049999713897705,0.9049999713897705,0.8700000047683716,0.8849999904632568,0.6713139414787292,7084000
2015-12-02,0.8899999856948853,0.9150000214576721,0.8899999856948853,0.8999999761581421,0.6826921701431274,6448000
2015-12-03,0.9200000166893005,0.925000011920929,0.8799999952316284,0.9150000214576721,0.6940703988075256,8016000
2015-12-04,0.9150000214576721,1.0449999570846558,0.8899999856948853,0.9750000238418579,0.7395832538604736,13364000
2015-12-07,0.9900000095367432,1.0,0.9449999928474426,0.9599999785423279,0.7282050251960754,6140000
2015-12-08,0.9599999785423279,0.9599999785423279,0.9150000214576721,0.9350000023841858,0.7092413306236267,6516000
2015-12-09,0.9350000023841858,0.9350000023841858,0.8999999761581421,0.9100000262260437,0.690277636051178,6532000
2015-12-10,0.9100000262260437,0.9200000166893005,0.8899999856948853,0.9150000214576721,0.6940703988075256,7020000
2015-12-11,0.9049999713897705,0.9200000166893005,0.8899999856948853,0.9049999713897705,0.6864848732948303,6700000
2015-12-14,0.8849999904632568,0.925000011920929,0.8700000047683716,0.9200000166893005,0.6978631615638733,7304000
2015-12-15,0.9100000262260437,0.9100000262260437,0.8849999904632568,0.9049999713897705,0.6864848732948303,7204000
2015-12-16,0.9700000286102295,1.0549999475479126,0.9200000166893005,0.949999988079071,0.7206195592880249,20984000
2015-12-17,0.9549999833106995,0.9649999737739563,0.9150000214576721,0.9300000071525574,0.7054486274719238,6540000
2015-12-18,0.9449999928474426,0.9449999928474426,0.8799999952316284,0.9150000214576721,0.6940703988075256,6672000
2015-12-21,0.9100000262260437,0.9150000214576721,0.8899999856948853,0.9100000262260437,0.690277636051178,5708000
2015-12-22,0.8949999809265137,0.9150000214576721,0.8799999952316284,0.9100000262260437,0.690277636051178,6236000
2015-12-23,0.9150000214576721,0.9150000214576721,0.8700000047683716,0.875,0.6637284755706787,6052000
2015-12-24,0.8799999952316284,0.8999999761581421,0.875,0.8999999761581421,0.6826921701431274,3428000
2015-12-28,0.9100000262260437,0.9100000262260437,0.8799999952316284,0.8899999856948853,0.6751067638397217,6520000
2015-12-29,0.8949999809265137,0.9049999713897705,0.8849999904632568,0.9049999713897705,0.6864848732948303,6524000
2015-12-30,0.9049999713897705,0.9800000190734863,0.9049999713897705,0.9399999976158142,0.7130340337753296,7408000
2015-12-31,0.949999988079071,0.9800000190734863,0.9399999976158142,0.9549999833106995,0.7244123220443726,2824000
2016-01-04,0.9449999928474426,0.949999988079071,0.9100000262260437,0.9200000166893005,0.6978631615638733,6272000
2016-01-05,0.9049999713897705,0.9200000166893005,0.8799999952316284,0.9200000166893005,0.6978631615638733,6516000
2016-01-06,0.9150000214576721,0.925000011920929,0.8899999856948853,0.9049999713897705,0.6864848732948303,6572000
2016-01-07,0.9049999713897705,0.9049999713897705,0.9049999713897705,0.9049999713897705,0.6864848732948303,0
2016-01-08,0.8899999856948853,0.8999999761581421,0.8500000238418579,0.8999999761581421,0.6826921701431274,7212000
2016-01-11,0.9150000214576721,0.9150000214576721,0.8500000238418579,0.8650000095367432,0.6561431288719177,6428000
2016-01-12,0.875,0.875,0.7950000166893005,0.8199999928474426,0.6220083832740784,6676000
2016-01-13,0.8500000238418579,0.8799999952316284,0.8149999976158142,0.8299999833106995,0.6295939087867737,7152000
2016-01-14,0.800000011920929,0.8650000095367432,0.800000011920929,0.8399999737739563,0.6371793746948242,7172000
2016-01-15,0.8450000286102295,0.8450000286102295,0.8149999976158142,0.8299999833106995,0.6295939087867737,7064000
2016-01-18,0.8199999928474426,0.8550000190734863,0.8050000071525574,0.8299999833106995,0.6295939087867737,7096000
2016-01-19,0.8199999928474426,0.824999988079071,0.8100000023841858,0.8149999976158142,0.6182157397270203,7268000
2016-01-20,0.8149999976158142,0.8500000238418579,0.7749999761581421,0.800000011920929,0.6068375110626221,6220000
2016-01-21,0.800000011920929,0.8100000023841858,0.7599999904632568,0.7649999856948853,0.5802883505821228,5112000
2016-01-22,0.7900000214576721,0.8500000238418579,0.7549999952316284,0.8399999737739563,0.6371793746948242,5408000
2016-01-25,0.8500000238418579,0.8500000238418579,0.8149999976158142,0.824999988079071,0.625801146030426,4880000
2016-01-26,0.8199999928474426,0.824999988079071,0.7950000166893005,0.8199999928474426,0.6220083832740784,4736000
2016-01-27,0.8199999928474426,0.8450000286102295,0.8149999976158142,0.824999988079071,0.625801146030426,4736000
2016-01-28,0.824999988079071,0.824999988079071,0.800000011920929,0.8100000023841858,0.6144230365753174,4952000
2016-01-29,0.8050000071525574,0.824999988079071,0.7950000166893005,0.824999988079071,0.625801146030426,4940000
2016-02-01,0.8199999928474426,0.8349999785423279,0.8149999976158142,0.8349999785423279,0.6333866119384766,4648000
2016-02-02,0.8299999833106995,0.8500000238418579,0.824999988079071,0.8500000238418579,0.6447649002075195,5400000
2016-02-03,0.824999988079071,0.8349999785423279,0.7950000166893005,0.8100000023841858,0.6144230365753174,6108000
2016-02-04,0.8199999928474426,0.8399999737739563,0.8199999928474426,0.8399999737739563,0.6371793746948242,6204000
2016-02-05,0.8399999737739563,0.8450000286102295,0.8299999833106995,0.8399999737739563,0.6371793746948242,5092000
2016-02-11,0.800000011920929,0.875,0.7749999761581421,0.8450000286102295,0.6409721374511719,4768000
2016-02-12,0.824999988079071,0.8500000238418579,0.8100000023841858,0.8299999833106995,0.6295939087867737,4892000
2016-02-15,0.8500000238418579,0.8500000238418579,0.824999988079071,0.8450000286102295,0.6409721374511719,4776000
2016-02-16,0.8450000286102295,0.8500000238418579,0.8149999976158142,0.8399999737739563,0.6371793746948242,4608240
2016-02-17,0.8550000190734863,0.8550000190734863,0.824999988079071,0.8399999737739563,0.6371793746948242,4616000
2016-02-18,0.8650000095367432,0.9049999713897705,0.8349999785423279,0.875,0.6637284755706787,5612000
2016-02-19,0.8700000047683716,0.9150000214576721,0.8600000143051147,0.8799999952316284,0.6675212383270264,4400000
2016-02-22,0.8849999904632568,0.8999999761581421,0.875,0.8949999809265137,0.6788994669914246,4580000
2016-02-23,0.8999999761581421,0.9549999833106995,0.8999999761581421,0.925000011920929,0.7016558647155762,9004000
2016-02-24,0.925000011920929,0.925000011920929,0.8799999952316284,0.8899999856948853,0.6751067638397217,4300000
2016-02-25,0.8849999904632568,0.8899999856948853,0.8700000047683716,0.8849999904632568,0.6713139414787292,4312000
2016-02-26,0.9100000262260437,0.9100000262260437,0.8899999856948853,0.9100000262260437,0.690277636051178,4443600
2016-02-29,0.9449999928474426,0.9449999928474426,0.8849999904632568,0.8899999856948853,0.6751067638397217,4368000
2016-03-01,0.9150000214576721,0.9200000166893005,0.8899999856948853,0.9049999713897705,0.6864848732948303,4528000
2016-03-02,0.9300000071525574,0.9300000071525574,0.8650000095367432,0.8849999904632568,0.6713139414787292,4736000
2016-03-03,0.8899999856948853,0.9100000262260437,0.8849999904632568,0.8899999856948853,0.6751067638397217,4420000
2016-03-04,0.8899999856948853,0.8899999856948853,0.8550000190734863,0.8700000047683716,0.6599357724189758,4452000
2016-03-07,0.875,0.8849999904632568,0.8500000238418579,0.8550000190734863,0.6485575437545776,4584000
2016-03-08,0.8500000238418579,0.8650000095367432,0.8500000238418579,0.8600000143051147,0.6523503661155701,4640000
2016-03-09,0.8600000143051147,0.8700000047683716,0.8399999737739563,0.8450000286102295,0.6409721374511719,4652000
2016-03-10,0.8500000238418579,0.8500000238418579,0.8299999833106995,0.8450000286102295,0.6409721374511719,4688000
2016-03-11,0.8349999785423279,0.8949999809265137,0.824999988079071,0.8500000238418579,0.6447649002075195,4608000
2016-03-14,0.824999988079071,0.875,0.824999988079071,0.8500000238418579,0.6447649002075195,4724000
2016-03-15,0.8550000190734863,0.8700000047683716,0.8349999785423279,0.8450000286102295,0.6409721374511719,4412000
2016-03-16,0.8450000286102295,0.8500000238418579,0.824999988079071,0.8500000238418579,0.6447649002075195,5124000
2016-03-17,0.8700000047683716,0.8700000047683716,0.8450000286102295,0.8550000190734863,0.6485575437545776,4636000
2016-03-18,0.8650000095367432,0.8650000095367432,0.8349999785423279,0.8500000238418579,0.6447649002075195,4432000
2016-03-21,0.8600000143051147,0.8600000143051147,0.8399999737739563,0.8500000238418579,0.6447649002075195,4488000
2016-03-22,0.8550000190734863,0.8600000143051147,0.8349999785423279,0.8600000143051147,0.6523503661155701,4624000
2016-03-23,0.8650000095367432,0.8700000047683716,0.8349999785423279,0.8600000143051147,0.6523503661155701,4528000
2016-03-24,0.8600000143051147,0.8600000143051147,0.8349999785423279,0.8450000286102295,0.6409721374511719,4728000
2016-03-29,0.8450000286102295,0.8450000286102295,0.8299999833106995,0.8299999833106995,0.6295939087867737,4476000
2016-03-30,0.8299999833106995,0.8500000238418579,0.8050000071525574,0.824999988079071,0.625801146030426,5064000
2016-03-31,0.8299999833106995,0.8299999833106995,0.75,0.7850000262260437,0.5954593420028687,5240000
2016-04-01,0.7850000262260437,0.800000011920929,0.7799999713897705,0.800000011920929,0.6068375110626221,4764000
2016-04-05,0.7900000214576721,0.7950000166893005,0.7649999856948853,0.7850000262260437,0.5954593420028687,4724000
2016-04-06,0.7799999713897705,0.8199999928474426,0.75,0.7950000166893005,0.6030447483062744,4928000
2016-04-07,0.800000011920929,0.8100000023841858,0.7850000262260437,0.800000011920929,0.6068375110626221,4632000
2016-04-08,0.7900000214576721,0.8399999737739563,0.7799999713897705,0.8399999737739563,0.6371793746948242,5356000
2016-04-11,0.8450000286102295,0.8450000286102295,0.8149999976158142,0.8349999785423279,0.6333866119384766,4908000
2016-04-12,0.8399999737739563,0.8399999737739563,0.7749999761581421,0.7850000262260437,0.5954593420028687,4756000
2016-04-13,0.7950000166893005,0.8100000023841858,0.7850000262260437,0.7950000166893005,0.6030447483062744,5060000
2016-04-14,0.8050000071525574,0.8149999976158142,0.7799999713897705,0.800000011920929,0.6068375110626221,5088000
2016-04-15,0.8050000071525574,0.8349999785423279,0.7900000214576721,0.8100000023841858,0.6144230365753174,4980000
2016-04-18,0.8050000071525574,0.8450000286102295,0.8050000071525574,0.8149999976158142,0.6182157397270203,4892000
2016-04-19,0.824999988079071,0.8299999833106995,0.7950000166893005,0.8050000071525574,0.6106302738189697,5032000
2016-04-20,0.8149999976158142,0.8199999928474426,0.7799999713897705,0.7950000166893005,0.6030447483062744,4352000
2016-04-21,0.8050000071525574,0.8149999976158142,0.7749999761581421,0.7950000166893005,0.6030447483062744,3796000
2016-04-22,0.7900000214576721,0.7950000166893005,0.7799999713897705,0.7900000214576721,0.5992520451545715,3332000
2016-04-25,0.7850000262260437,0.7900000214576721,0.7749999761581421,0.7799999713897705,0.591666579246521,3516000
2016-04-26,0.7799999713897705,0.7799999713897705,0.75,0.7649999856948853,0.5802883505821228,3704000
2016-04-27,0.7649999856948853,0.7699999809265137,0.7200000286102295,0.75,0.5689101815223694,3584000
2016-04-28,0.75,0.7549999952316284,0.7400000095367432,0.75,0.5689101815223694,3892000
2016-04-29,0.75,0.7799999713897705,0.7149999737739563,0.7250000238418579,0.5499465465545654,3684000
2016-05-03,0.7350000143051147,0.7350000143051147,0.6850000023841858,0.6899999976158142,0.5233973860740662,4084000
2016-05-04,0.6850000023841858,0.6850000023841858,0.6000000238418579,0.6549999713897705,0.4968481957912445,4604000
2016-05-05,0.6549999713897705,0.6850000023841858,0.6349999904632568,0.6650000214576721,0.5044336915016174,3864000
2016-05-06,0.6650000214576721,0.6650000214576721,0.6349999904632568,0.6549999713897705,0.4968481957912445,4208000
2016-05-09,0.699999988079071,0.699999988079071,0.6299999952316284,0.6449999809265137,0.48926272988319397,3904000
2016-05-10,0.6449999809265137,0.7200000286102295,0.6349999904632568,0.6549999713897705,0.4968481957912445,3984000
2016-05-11,0.6600000262260437,0.6600000262260437,0.6299999952316284,0.6349999904632568,0.4816773235797882,3900000
2016-05-12,0.6349999904632568,0.6499999761581421,0.6200000047683716,0.6349999904632568,0.4816773235797882,3932000
2016-05-13,0.6349999904632568,0.6399999856948853,0.6100000143051147,0.625,0.47409185767173767,4204000
2016-05-16,0.6449999809265137,0.6449999809265137,0.6200000047683716,0.6349999904632568,0.4816773235797882,4216000
2016-05-17,0.6399999856948853,0.6399999856948853,0.6200000047683716,0.6349999904632568,0.4816773235797882,4368000
2016-05-18,0.6299999952316284,0.6349999904632568,0.6200000047683716,0.6349999904632568,0.4816773235797882,3988000
2016-05-19,0.6299999952316284,0.6399999856948853,0.6100000143051147,0.6399999856948853,0.4854700267314911,4560000
2016-05-20,0.6349999904632568,0.6449999809265137,0.6150000095367432,0.6299999952316284,0.4778845012187958,4200000
2016-05-23,0.6349999904632568,0.6399999856948853,0.625,0.6349999904632568,0.4816773235797882,3952000
2016-05-24,0.6399999856948853,0.6399999856948853,0.6200000047683716,0.6399999856948853,0.4854700267314911,4044000
2016-05-25,0.6399999856948853,0.7250000238418579,0.6150000095367432,0.6899999976158142,0.5233973860740662,4064000
2016-05-26,0.7049999833106995,0.7149999737739563,0.6800000071525574,0.6899999976158142,0.5233973860740662,3820000
2016-05-27,0.6850000023841858,0.6850000023841858,0.6499999761581421,0.6700000166893005,0.5082264542579651,3992000
2016-05-30,0.6700000166893005,0.7350000143051147,0.6700000166893005,0.7250000238418579,0.5499465465545654,4064000
2016-05-31,0.7300000190734863,0.7450000047683716,0.7200000286102295,0.7300000190734863,0.5537392497062683,3500000
2016-06-01,0.7350000143051147,0.7350000143051147,0.7200000286102295,0.7250000238418579,0.5499465465545654,3536000
2016-06-02,0.7300000190734863,0.7350000143051147,0.699999988079071,0.699999988079071,0.5309827923774719,3648000
2016-06-03,0.7049999833106995,0.7450000047683716,0.6549999713897705,0.7149999737739563,0.5423609614372253,3848000
2016-06-06,0.7099999785423279,0.7250000238418579,0.6949999928474426,0.7049999833106995,0.5347756147384644,3720000
2016-06-07,0.7200000286102295,0.7649999856948853,0.699999988079071,0.7049999833106995,0.5347756147384644,3568000
2016-06-08,0.7200000286102295,0.7250000238418579,0.6949999928474426,0.7049999833106995,0.5347756147384644,3768000
2016-06-10,0.7049999833106995,0.7149999737739563,0.6899999976158142,0.7049999833106995,0.5347756147384644,3676000
2016-06-13,0.7049999833106995,0.7049999833106995,0.6549999713897705,0.675000011920929,0.512019157409668,3860000
2016-06-14,0.6800000071525574,0.6899999976158142,0.6650000214576721,0.675000011920929,0.512019157409668,3812000
2016-06-15,0.675000011920929,0.699999988079071,0.6600000262260437,0.699999988079071,0.5309827923774719,3812000
2016-06-16,0.7350000143051147,0.7350000143051147,0.6850000023841858,0.699999988079071,0.5309827923774719,3604000
2016-06-17,0.7149999737739563,0.7149999737739563,0.6850000023841858,0.699999988079071,0.5309827923774719,4116000
2016-06-20,0.7049999833106995,0.7049999833106995,0.6899999976158142,0.7049999833106995,0.5347756147384644,3880000
2016-06-21,0.7099999785423279,0.7099999785423279,0.6800000071525574,0.6800000071525574,0.5158119201660156,3696000
2016-06-22,0.7099999785423279,0.7099999785423279,0.6850000023841858,0.7049999833106995,0.5347756147384644,3680000
2016-06-23,0.7049999833106995,0.7099999785423279,0.6899999976158142,0.6899999976158142,0.5233973860740662,3532000
2016-06-24,0.7049999833106995,0.7049999833106995,0.6650000214576721,0.6850000023841858,0.5196046233177185,3756000
2016-06-27,0.6949999928474426,0.6949999928474426,0.6800000071525574,0.6899999976158142,0.5233973860740662,3876000
2016-06-28,0.6899999976158142,0.6899999976158142,0.675000011920929,0.6899999976158142,0.5233973860740662,3628000
2016-06-29,0.6949999928474426,0.699999988079071,0.6800000071525574,0.699999988079071,0.5309827923774719,3704000
2016-06-30,0.699999988079071,0.699999988079071,0.6800000071525574,0.6800000071525574,0.5158119201660156,3676000
2016-07-04,0.6899999976158142,0.699999988079071,0.6899999976158142,0.699999988079071,0.5309827923774719,3692000
2016-07-05,0.6949999928474426,0.7099999785423279,0.6899999976158142,0.7099999785423279,0.5385683178901672,3564000
2016-07-06,0.7049999833106995,0.7049999833106995,0.675000011920929,0.6899999976158142,0.5233973860740662,4132000
2016-07-07,0.6899999976158142,0.7200000286102295,0.6700000166893005,0.6899999976158142,0.5233973860740662,4204000
2016-07-08,0.6949999928474426,0.699999988079071,0.6650000214576721,0.675000011920929,0.512019157409668,3912000
2016-07-11,0.6899999976158142,0.7149999737739563,0.675000011920929,0.699999988079071,0.5309827923774719,3688000
2016-07-12,0.699999988079071,0.7200000286102295,0.6800000071525574,0.6850000023841858,0.5196046233177185,3712000
2016-07-13,0.6949999928474426,0.699999988079071,0.675000011920929,0.6800000071525574,0.5158119201660156,4084000
2016-07-14,0.6800000071525574,0.6949999928474426,0.6700000166893005,0.6850000023841858,0.5196046233177185,3636000
2016-07-15,0.6800000071525574,0.699999988079071,0.6800000071525574,0.6949999928474426,0.5271901488304138,3668000
2016-07-18,0.699999988079071,0.7149999737739563,0.675000011920929,0.6899999976158142,0.5233973860740662,3840000
2016-07-19,0.6949999928474426,0.7099999785423279,0.675000011920929,0.6850000023841858,0.5196046233177185,3768000
2016-07-20,0.6850000023841858,0.699999988079071,0.6800000071525574,0.6850000023841858,0.5196046233177185,3612000
2016-07-21,0.6850000023841858,0.7099999785423279,0.6850000023841858,0.6899999976158142,0.5233973860740662,3796000
2016-07-22,0.6949999928474426,0.7099999785423279,0.6949999928474426,0.7049999833106995,0.5347756147384644,3804000
2016-07-25,0.7099999785423279,0.7200000286102295,0.7099999785423279,0.7099999785423279,0.5385683178901672,3940000
2016-07-26,0.7200000286102295,0.7300000190734863,0.7149999737739563,0.7300000190734863,0.5537392497062683,4188000
2016-07-27,0.7350000143051147,0.7350000143051147,0.7099999785423279,0.7200000286102295,0.5461538434028625,4080000
2016-07-28,0.7400000095367432,0.7900000214576721,0.699999988079071,0.7099999785423279,0.5385683178901672,3834000
2016-07-29,0.7099999785423279,0.7300000190734863,0.6499999761581421,0.6499999761581421,0.49305543303489685,3594000
2016-08-01,0.6800000071525574,0.6800000071525574,0.6399999856948853,0.6499999761581421,0.49305543303489685,3728000
2016-08-02,0.6499999761581421,0.6499999761581421,0.6499999761581421,0.6499999761581421,0.49305543303489685,0
2016-08-03,0.6299999952316284,0.6499999761581421,0.6000000238418579,0.6000000238418579,0.45512819290161133,3990000
2016-08-04,0.6100000143051147,0.6800000071525574,0.6000000238418579,0.6399999856948853,0.4854700267314911,3930000
2016-08-05,0.6399999856948853,0.6600000262260437,0.6299999952316284,0.6299999952316284,0.4778845012187958,3866000
2016-08-08,0.6399999856948853,0.6700000166893005,0.6299999952316284,0.6399999856948853,0.4854700267314911,3934000
2016-08-09,0.6800000071525574,0.8299999833106995,0.6800000071525574,0.7400000095367432,0.5613247156143188,8818000
2016-08-10,0.7599999904632568,0.800000011920929,0.7400000095367432,0.75,0.5689101815223694,4100000
2016-08-11,0.7599999904632568,0.7799999713897705,0.7099999785423279,0.7300000190734863,0.5537392497062683,3450000
2016-08-12,0.75,0.7599999904632568,0.699999988079071,0.699999988079071,0.5309827923774719,3434000
2016-08-15,0.6899999976158142,0.699999988079071,0.6100000143051147,0.6200000047683716,0.47029909491539,6310000
2016-08-16,0.6000000238418579,0.6100000143051147,0.5899999737739563,0.6100000143051147,0.4627135992050171,4378000
2016-08-17,0.6000000238418579,0.6200000047683716,0.5600000023841858,0.5600000023841858,0.4247862696647644,4604000
2016-08-18,0.5699999928474426,0.5899999737739563,0.550000011920929,0.550000011920929,0.41720080375671387,4620000
2016-08-19,0.5400000214576721,0.5600000023841858,0.5299999713897705,0.5400000214576721,0.40961533784866333,4694000
2016-08-22,0.5400000214576721,0.5699999928474426,0.47999998927116394,0.550000011920929,0.41720080375671387,6458000
2016-08-23,0.5400000214576721,0.6000000238418579,0.5,0.5799999833106995,0.4399571418762207,5220000
2016-08-24,0.5799999833106995,0.6299999952316284,0.550000011920929,0.5899999737739563,0.44754263758659363,4320000
2016-08-25,0.5899999737739563,0.6399999856948853,0.5699999928474426,0.6100000143051147,0.4627135992050171,4584000
2016-08-26,0.6200000047683716,0.6200000047683716,0.5799999833106995,0.6200000047683716,0.47029909491539,4428000
2016-08-29,0.6100000143051147,0.6100000143051147,0.5899999737739563,0.6100000143051147,0.4627135992050171,4226000
2016-08-30,0.6000000238418579,0.6000000238418579,0.5899999737739563,0.6000000238418579,0.45512819290161133,4146000
2016-08-31,0.6000000238418579,0.6600000262260437,0.5899999737739563,0.6100000143051147,0.4627135992050171,4474000
2016-09-01,0.6100000143051147,0.6200000047683716,0.5799999833106995,0.5799999833106995,0.4399571418762207,4188000
2016-09-02,0.5799999833106995,0.6399999856948853,0.5799999833106995,0.6399999856948853,0.4854700267314911,4604000
2016-09-05,0.6600000262260437,0.6700000166893005,0.6100000143051147,0.6499999761581421,0.49305543303489685,4190000
2016-09-06,0.6499999761581421,0.6499999761581421,0.6200000047683716,0.6299999952316284,0.4778845012187958,4678000
2016-09-07,0.6299999952316284,0.6299999952316284,0.6100000143051147,0.6299999952316284,0.4778845012187958,3908000
2016-09-08,0.6200000047683716,0.6299999952316284,0.6000000238418579,0.6299999952316284,0.4778845012187958,4150000
2016-09-09,0.6200000047683716,0.6299999952316284,0.6200000047683716,0.6299999952316284,0.4778845012187958,4074000
2016-09-12,0.6100000143051147,0.6299999952316284,0.6000000238418579,0.6299999952316284,0.4778845012187958,3892000
2016-09-13,0.6299999952316284,0.6399999856948853,0.6100000143051147,0.6200000047683716,0.47029909491539,3968000
2016-09-14,0.6100000143051147,0.6299999952316284,0.6100000143051147,0.6200000047683716,0.47029909491539,4136000
2016-09-15,0.6100000143051147,0.7200000286102295,0.6000000238418579,0.6800000071525574,0.5158119201660156,5496000
2016-09-19,0.6700000166893005,0.6700000166893005,0.6100000143051147,0.6299999952316284,0.4778845012187958,6854000
2016-09-20,0.6200000047683716,0.6200000047683716,0.6000000238418579,0.6100000143051147,0.4627135992050171,4332000
2016-09-21,0.6000000238418579,0.6000000238418579,0.5600000023841858,0.5899999737739563,0.44754263758659363,4298000
2016-09-22,0.5899999737739563,0.6200000047683716,0.5699999928474426,0.6100000143051147,0.4627135992050171,4412000
2016-09-23,0.6000000238418579,0.6100000143051147,0.5899999737739563,0.6100000143051147,0.4627135992050171,4160000
2016-09-26,0.6000000238418579,0.6100000143051147,0.5799999833106995,0.6000000238418579,0.45512819290161133,4262000
2016-09-27,0.5899999737739563,0.6000000238418579,0.5799999833106995,0.6000000238418579,0.45512819290161133,4164000
2016-09-28,0.6000000238418579,0.6100000143051147,0.5899999737739563,0.6000000238418579,0.45512819290161133,4248000
2016-09-29,0.6000000238418579,0.6000000238418579,0.5899999737739563,0.6000000238418579,0.45512819290161133,4296000
2016-09-30,0.5899999737739563,0.6000000238418579,0.5799999833106995,0.5899999737739563,0.44754263758659363,4378000
2016-10-03,0.5899999737739563,0.6000000238418579,0.5799999833106995,0.6000000238418579,0.45512819290161133,4176000
2016-10-04,0.6000000238418579,0.6200000047683716,0.5799999833106995,0.6200000047683716,0.47029909491539,4614000
2016-10-05,0.6100000143051147,0.6100000143051147,0.5799999833106995,0.6000000238418579,0.45512819290161133,4144000
2016-10-06,0.5899999737739563,0.6200000047683716,0.5899999737739563,0.6200000047683716,0.47029909491539,4316000
2016-10-07,0.6100000143051147,0.6100000143051147,0.5899999737739563,0.6000000238418579,0.45512819290161133,4198000
2016-10-11,0.6000000238418579,0.6000000238418579,0.5799999833106995,0.6000000238418579,0.45512819290161133,4478000
2016-10-12,0.5899999737739563,0.5899999737739563,0.5799999833106995,0.5799999833106995,0.4399571418762207,4532000
2016-10-13,0.5799999833106995,0.6000000238418579,0.5699999928474426,0.6000000238418579,0.45512819290161133,4298000
2016-10-14,0.6000000238418579,0.6000000238418579,0.5699999928474426,0.5899999737739563,0.44754263758659363,4482000
2016-10-17,0.5799999833106995,0.5799999833106995,0.550000011920929,0.5699999928474426,0.43237170577049255,4440000
2016-10-18,0.5600000023841858,0.6399999856948853,0.5600000023841858,0.6000000238418579,0.45512819290161133,4612000
2016-10-19,0.6000000238418579,0.6200000047683716,0.5899999737739563,0.6200000047683716,0.47029909491539,4708000
2016-10-20,0.6200000047683716,0.6200000047683716,0.6000000238418579,0.6100000143051147,0.4627135992050171,4088000
2016-10-21,0.6100000143051147,0.6100000143051147,0.6100000143051147,0.6100000143051147,0.4627135992050171,0
2016-10-24,0.6100000143051147,0.6100000143051147,0.5899999737739563,0.6000000238418579,0.45512819290161133,4228000
2016-10-25,0.6000000238418579,0.6000000238418579,0.5799999833106995,0.5899999737739563,0.44754263758659363,4300000
2016-10-26,0.5799999833106995,0.6000000238418579,0.5799999833106995,0.6000000238418579,0.45512819290161133,4246000
2016-10-27,0.6000000238418579,0.6000000238418579,0.5699999928474426,0.5899999737739563,0.44754263758659363,4454000
2016-10-28,0.5799999833106995,0.5899999737739563,0.5699999928474426,0.5699999928474426,0.43237170577049255,4544000
2016-10-31,0.5699999928474426,0.5799999833106995,0.5600000023841858,0.5799999833106995,0.4399571418762207,4374000
2016-11-01,0.5699999928474426,0.6200000047683716,0.5699999928474426,0.5699999928474426,0.43237170577049255,4406000
2016-11-02,0.5699999928474426,0.5799999833106995,0.5600000023841858,0.5799999833106995,0.4399571418762207,4358000
2016-11-03,0.5699999928474426,0.5699999928474426,0.5400000214576721,0.5600000023841858,0.4247862696647644,4704000
2016-11-04,0.5600000023841858,0.5699999928474426,0.5299999713897705,0.5699999928474426,0.43237170577049255,4456000
2016-11-07,0.5600000023841858,0.5799999833106995,0.550000011920929,0.5699999928474426,0.43237170577049255,4500000
2016-11-08,0.5600000023841858,0.5699999928474426,0.550000011920929,0.5699999928474426,0.43237170577049255,4586000
2016-11-09,0.5699999928474426,0.5699999928474426,0.5299999713897705,0.550000011920929,0.41720080375671387,4320000
2016-11-10,0.5600000023841858,0.6000000238418579,0.5600000023841858,0.5699999928474426,0.43237170577049255,12492000
2016-11-11,0.5600000023841858,0.5699999928474426,0.550000011920929,0.5699999928474426,0.43237170577049255,4358000
2016-11-14,0.5600000023841858,0.5699999928474426,0.5299999713897705,0.5299999713897705,0.4020298421382904,4774000
2016-11-15,0.5299999713897705,0.550000011920929,0.5299999713897705,0.5400000214576721,0.40961533784866333,4814000
2016-11-16,0.5400000214576721,0.5699999928474426,0.5400000214576721,0.5600000023841858,0.4247862696647644,8180000
2016-11-17,0.550000011920929,0.5699999928474426,0.550000011920929,0.5699999928474426,0.43237170577049255,9132000
2016-11-18,0.5600000023841858,0.5699999928474426,0.550000011920929,0.5600000023841858,0.4247862696647644,10730000
2016-11-21,0.550000011920929,0.5600000023841858,0.5400000214576721,0.5600000023841858,0.4247862696647644,4670000
2016-11-22,0.5600000023841858,0.5799999833106995,0.5600000023841858,0.5600000023841858,0.4247862696647644,6076000
2016-11-23,0.5600000023841858,0.5699999928474426,0.550000011920929,0.5600000023841858,0.4247862696647644,4540000
2016-11-24,0.550000011920929,0.5699999928474426,0.550000011920929,0.550000011920929,0.41720080375671387,4548000
2016-11-25,0.5600000023841858,0.6000000238418579,0.5600000023841858,0.6000000238418579,0.45512819290161133,13686000
2016-11-28,0.6100000143051147,0.6100000143051147,0.5799999833106995,0.6100000143051147,0.4627135992050171,4484000
2016-11-29,0.6000000238418579,0.6200000047683716,0.5899999737739563,0.6100000143051147,0.4627135992050171,4418000
2016-11-30,0.6000000238418579,0.6100000143051147,0.5699999928474426,0.5799999833106995,0.4399571418762207,4248150
2016-12-01,0.5799999833106995,0.5799999833106995,0.5699999928474426,0.5699999928474426,0.43237170577049255,4414000
2016-12-02,0.5899999737739563,0.5899999737739563,0.5600000023841858,0.5699999928474426,0.43237170577049255,4474000
2016-12-05,0.5799999833106995,0.5799999833106995,0.550000011920929,0.5799999833106995,0.4399571418762207,4520000
2016-12-06,0.5899999737739563,0.6200000047683716,0.5600000023841858,0.5699999928474426,0.43237170577049255,4412000
2016-12-07,0.5699999928474426,0.5799999833106995,0.5699999928474426,0.5799999833106995,0.4399571418762207,12056000
2016-12-08,0.5799999833106995,0.5799999833106995,0.5600000023841858,0.5699999928474426,0.43237170577049255,4340000
2016-12-09,0.5600000023841858,0.5899999737739563,0.5600000023841858,0.5699999928474426,0.43237170577049255,4330000
2016-12-12,0.5699999928474426,0.5899999737739563,0.5600000023841858,0.5799999833106995,0.4399571418762207,4410000
2016-12-13,0.5799999833106995,0.5799999833106995,0.5699999928474426,0.5699999928474426,0.43237170577049255,4426000
2016-12-14,0.5699999928474426,0.5899999737739563,0.5600000023841858,0.5899999737739563,0.44754263758659363,4212000
2016-12-15,0.5699999928474426,0.6000000238418579,0.550000011920929,0.6000000238418579,0.45512819290161133,4332000
2016-12-16,0.6000000238418579,0.6100000143051147,0.5899999737739563,0.6000000238418579,0.45512819290161133,4844000
2016-12-19,0.6000000238418579,0.6100000143051147,0.550000011920929,0.5600000023841858,0.4247862696647644,4426000
2016-12-20,0.550000011920929,0.5600000023841858,0.5400000214576721,0.5400000214576721,0.40961533784866333,3728000
2016-12-21,0.5400000214576721,0.550000011920929,0.5400000214576721,0.550000011920929,0.41720080375671387,3142000
2016-12-22,0.5400000214576721,0.550000011920929,0.5400000214576721,0.550000011920929,0.41720080375671387,2940000
2016-12-23,0.5400000214576721,0.550000011920929,0.5400000214576721,0.5400000214576721,0.40961533784866333,2734000
2016-12-28,0.5299999713897705,0.5400000214576721,0.5299999713897705,0.5299999713897705,0.4020298421382904,2828000
2016-12-29,0.5299999713897705,0.5400000214576721,0.5099999904632568,0.5299999713897705,0.4020298421382904,2864000
2016-12-30,0.5299999713897705,0.550000011920929,0.5199999809265137,0.5400000214576721,0.40961533784866333,2856000
2017-01-03,0.5299999713897705,0.5400000214576721,0.5199999809265137,0.5299999713897705,0.4020298421382904,3200000
2017-01-04,0.5299999713897705,0.5400000214576721,0.5299999713897705,0.5299999713897705,0.4020298421382904,3066000
2017-01-05,0.5299999713897705,0.5400000214576721,0.5299999713897705,0.5400000214576721,0.40961533784866333,3022000
2017-01-06,0.5400000214576721,0.5400000214576721,0.5299999713897705,0.5400000214576721,0.40961533784866333,2994000
2017-01-09,0.5400000214576721,0.5400000214576721,0.5299999713897705,0.5400000214576721,0.40961533784866333,2900000
2017-01-10,0.5299999713897705,0.5400000214576721,0.5299999713897705,0.5400000214576721,0.40961533784866333,3190000
2017-01-11,0.5400000214576721,0.5799999833106995,0.5199999809265137,0.5600000023841858,0.4247862696647644,3978000
2017-01-12,0.550000011920929,0.6200000047683716,0.5299999713897705,0.6100000143051147,0.4627135992050171,5364000
2017-01-13,0.6100000143051147,0.6100000143051147,0.550000011920929,0.5600000023841858,0.4247862696647644,3092000
2017-01-16,0.550000011920929,0.5600000023841858,0.550000011920929,0.5600000023841858,0.4247862696647644,3018000
2017-01-17,0.5600000023841858,0.5600000023841858,0.5400000214576721,0.5400000214576721,0.40961533784866333,2948000
2017-01-18,0.5400000214576721,0.5400000214576721,0.5299999713897705,0.5400000214576721,0.40961533784866333,3010000
2017-01-19,0.5400000214576721,0.5400000214576721,0.5,0.5400000214576721,0.40961533784866333,3440000
2017-01-20,0.5400000214576721,0.5699999928474426,0.5299999713897705,0.5699999928474426,0.43237170577049255,3792000
2017-01-23,0.6100000143051147,0.6800000071525574,0.550000011920929,0.6100000143051147,0.4627135992050171,15308000
2017-01-24,0.6000000238418579,0.6200000047683716,0.5299999713897705,0.5600000023841858,0.4247862696647644,9160000
2017-01-25,0.550000011920929,0.550000011920929,0.5400000214576721,0.550000011920929,0.41720080375671387,3006000
2017-01-26,0.550000011920929,0.550000011920929,0.5400000214576721,0.550000011920929,0.41720080375671387,2966000
2017-01-27,0.550000011920929,0.5600000023841858,0.550000011920929,0.550000011920929,0.41720080375671387,1530000
2017-02-01,0.5400000214576721,0.550000011920929,0.5299999713897705,0.550000011920929,0.41720080375671387,2966000
2017-02-02,0.550000011920929,0.5899999737739563,0.5299999713897705,0.5699999928474426,0.43237170577049255,3794000
2017-02-03,0.5699999928474426,0.5699999928474426,0.550000011920929,0.5699999928474426,0.43237170577049255,2934000
2017-02-06,0.5699999928474426,0.5899999737739563,0.5600000023841858,0.5699999928474426,0.43237170577049255,3190000
2017-02-07,0.5699999928474426,0.5799999833106995,0.5600000023841858,0.5699999928474426,0.43237170577049255,2446000
2017-02-08,0.5699999928474426,0.5699999928474426,0.5600000023841858,0.5699999928474426,0.43237170577049255,2790000
2017-02-09,0.5600000023841858,0.5699999928474426,0.5600000023841858,0.5699999928474426,0.43237170577049255,2690000
2017-02-10,0.5699999928474426,0.5699999928474426,0.5600000023841858,0.5699999928474426,0.43237170577049255,2698000
2017-02-13,0.5699999928474426,0.5699999928474426,0.5400000214576721,0.5600000023841858,0.4247862696647644,3394000
2017-02-14,0.5600000023841858,0.5799999833106995,0.5600000023841858,0.5699999928474426,0.43237170577049255,2688000
2017-02-15,0.5699999928474426,0.5799999833106995,0.5600000023841858,0.5699999928474426,0.43237170577049255,3060000
2017-02-16,0.5699999928474426,0.5699999928474426,0.550000011920929,0.5600000023841858,0.4247862696647644,2908000
2017-02-17,0.5600000023841858,0.5699999928474426,0.550000011920929,0.5699999928474426,0.43237170577049255,3142000
2017-02-20,0.5600000023841858,0.5699999928474426,0.5600000023841858,0.5699999928474426,0.43237170577049255,2788000
2017-02-21,0.5600000023841858,0.5699999928474426,0.5600000023841858,0.5699999928474426,0.43237170577049255,3086000
2017-02-22,0.5699999928474426,0.5799999833106995,0.5600000023841858,0.5699999928474426,0.43237170577049255,3016000
2017-02-23,0.5600000023841858,0.5699999928474426,0.5600000023841858,0.5600000023841858,0.4247862696647644,2860000
2017-02-24,0.5600000023841858,0.5600000023841858,0.550000011920929,0.550000011920929,0.41720080375671387,2890000
2017-02-27,0.550000011920929,0.550000011920929,0.5299999713897705,0.550000011920929,0.41720080375671387,3068000
2017-02-28,0.5400000214576721,0.550000011920929,0.5299999713897705,0.5299999713897705,0.4020298421382904,3176000
2017-03-01,0.5400000214576721,0.5400000214576721,0.5299999713897705,0.5400000214576721,0.40961533784866333,2922000
2017-03-02,0.5400000214576721,0.5400000214576721,0.5,0.5299999713897705,0.4020298421382904,2864000
2017-03-03,0.5199999809265137,0.5299999713897705,0.5099999904632568,0.5299999713897705,0.4020298421382904,3322000
2017-03-06,0.5199999809265137,0.5299999713897705,0.5099999904632568,0.5299999713897705,0.4020298421382904,3162000
2017-03-07,0.5199999809265137,0.5299999713897705,0.5099999904632568,0.5199999809265137,0.39444437623023987,2436000
2017-03-08,0.5199999809265137,0.5299999713897705,0.5199999809265137,0.5199999809265137,0.39444437623023987,3080000
2017-03-09,0.5199999809265137,0.5199999809265137,0.5,0.5099999904632568,0.3868589401245117,3904000
2017-03-10,0.5099999904632568,0.5099999904632568,0.4950000047683716,0.4950000047683716,0.3754807114601135,2896000
2017-03-13,0.4950000047683716,0.5,0.48500001430511475,0.4950000047683716,0.3754807114601135,3388000
2017-03-14,0.4950000047683716,0.5199999809265137,0.4699999988079071,0.5199999809265137,0.39444437623023987,5386000
2017-03-15,0.5199999809265137,0.5400000214576721,0.5,0.5,0.3792734742164612,3072000
2017-03-16,0.5,0.5199999809265137,0.5,0.5199999809265137,0.39444437623023987,3528000
2017-03-17,0.5099999904632568,0.5199999809265137,0.5099999904632568,0.5099999904632568,0.3868589401245117,2892000
2017-03-20,0.5099999904632568,0.5199999809265137,0.5099999904632568,0.5199999809265137,0.39444437623023987,3084000
2017-03-21,0.5099999904632568,0.5199999809265137,0.5099999904632568,0.5099999904632568,0.3868589401245117,3042000
2017-03-22,0.5099999904632568,0.5099999904632568,0.4950000047683716,0.5,0.3792734742164612,2848000
2017-03-23,0.5,0.5199999809265137,0.5,0.5199999809265137,0.39444437623023987,3220000
2017-03-24,0.5199999809265137,0.5299999713897705,0.5099999904632568,0.5199999809265137,0.39444437623023987,3386000
2017-03-27,0.5099999904632568,0.5199999809265137,0.4950000047683716,0.4950000047683716,0.3754807114601135,3198000
2017-03-28,0.4950000047683716,0.4950000047683716,0.49000000953674316,0.4950000047683716,0.3754807114601135,3066000
2017-03-29,0.49000000953674316,0.5,0.49000000953674316,0.5,0.3792734742164612,3118000
2017-03-30,0.5,0.5,0.49000000953674316,0.5,0.3792734742164612,3236000
2017-03-31,0.5,0.5099999904632568,0.4950000047683716,0.5099999904632568,0.3868589401245117,3064000
2017-04-03,0.5,0.5099999904632568,0.4950000047683716,0.4950000047683716,0.3754807114601135,3234000
2017-04-05,0.5,0.5099999904632568,0.49000000953674316,0.5099999904632568,0.3868589401245117,3322000
2017-04-06,0.5,0.5099999904632568,0.4950000047683716,0.5099999904632568,0.3868589401245117,3044000
2017-04-07,0.5,0.5099999904632568,0.4950000047683716,0.5099999904632568,0.3868589401245117,3120000
2017-04-10,0.5,0.5099999904632568,0.5,0.5099999904632568,0.3868589401245117,3150000
2017-04-11,0.5,0.5099999904632568,0.49000000953674316,0.5099999904632568,0.3868589401245117,3204000
2017-04-12,0.5,0.5099999904632568,0.4950000047683716,0.5099999904632568,0.3868589401245117,3032000
2017-04-13,0.4950000047683716,0.5,0.4950000047683716,0.5,0.3792734742164612,3124000
2017-04-18,0.5,0.5299999713897705,0.5,0.5099999904632568,0.3868589401245117,3068000
2017-04-19,0.5099999904632568,0.5199999809265137,0.5,0.5199999809265137,0.39444437623023987,3100000
2017-04-20,0.5199999809265137,0.5299999713897705,0.5,0.5199999809265137,0.39444437623023987,3086000
2017-04-21,0.5199999809265137,0.5299999713897705,0.5099999904632568,0.5299999713897705,0.4020298421382904,3032000
2017-04-24,0.5299999713897705,0.5299999713897705,0.5,0.5199999809265137,0.39444437623023987,3066000
2017-04-25,0.5199999809265137,0.5299999713897705,0.5099999904632568,0.5199999809265137,0.39444437623023987,2942000
2017-04-26,0.5199999809265137,0.5199999809265137,0.5099999904632568,0.5099999904632568,0.3868589401245117,2968000
2017-04-27,0.5099999904632568,0.5199999809265137,0.5099999904632568,0.5199999809265137,0.39444437623023987,3028000
2017-04-28,0.5099999904632568,0.5099999904632568,0.5,0.5,0.3792734742164612,3778000
2017-05-02,0.4950000047683716,0.5099999904632568,0.4950000047683716,0.5099999904632568,0.3868589401245117,3004000
2017-05-04,0.5099999904632568,0.5099999904632568,0.48500001430511475,0.49000000953674316,0.37168797850608826,3696000
2017-05-05,0.49000000953674316,0.5,0.48500001430511475,0.4950000047683716,0.3754807114601135,3136000
2017-05-08,0.4950000047683716,0.5,0.4950000047683716,0.5,0.3792734742164612,3286000
2017-05-09,0.4950000047683716,0.5,0.49000000953674316,0.5,0.3792734742164612,3256000
2017-05-10,0.4950000047683716,0.5199999809265137,0.4950000047683716,0.5199999809265137,0.39444437623023987,3428000
2017-05-11,0.5099999904632568,0.5199999809265137,0.5099999904632568,0.5199999809265137,0.39444437623023987,2982000
2017-05-12,0.5099999904632568,0.5199999809265137,0.5,0.5199999809265137,0.39444437623023987,3396000
2017-05-15,0.5099999904632568,0.5199999809265137,0.4950000047683716,0.5099999904632568,0.3868589401245117,3512000
2017-05-16,0.5,0.5099999904632568,0.4950000047683716,0.5,0.3792734742164612,3114000
2017-05-17,0.4950000047683716,0.5,0.49000000953674316,0.5,0.3792734742164612,3246000
2017-05-18,0.4950000047683716,0.5,0.48500001430511475,0.49000000953674316,0.37168797850608826,3074000
2017-05-19,0.48500001430511475,0.5,0.48500001430511475,0.5,0.3792734742164612,3102000
2017-05-22,0.4950000047683716,0.5,0.4950000047683716,0.5,0.3792734742164612,3316000
2017-05-23,0.4950000047683716,0.5400000214576721,0.4950000047683716,0.5099999904632568,0.3868589401245117,3100000
2017-05-24,0.5099999904632568,0.5299999713897705,0.5099999904632568,0.5099999904632568,0.3868589401245117,3210000
2017-05-25,0.5099999904632568,0.5199999809265137,0.4950000047683716,0.5099999904632568,0.3868589401245117,3192000
2017-05-26,0.5099999904632568,0.5099999904632568,0.4950000047683716,0.5,0.3792734742164612,3626000
2017-05-29,0.5,0.5,0.48500001430511475,0.4950000047683716,0.3754807114601135,3448000
2017-05-31,0.4950000047683716,0.5099999904632568,0.48500001430511475,0.5099999904632568,0.3868589401245117,3298000
2017-06-01,0.5,0.5099999904632568,0.4950000047683716,0.5099999904632568,0.3868589401245117,3092000
2017-06-02,0.5,0.5,0.48500001430511475,0.49000000953674316,0.37168797850608826,3452000
2017-06-05,0.49000000953674316,0.49000000953674316,0.47999998927116394,0.48500001430511475,0.3678952753543854,3566000
2017-06-06,0.47999998927116394,0.48500001430511475,0.4749999940395355,0.47999998927116394,0.3641025125980377,3352000
2017-06-07,0.4749999940395355,0.48500001430511475,0.4749999940395355,0.47999998927116394,0.3641025125980377,3340000
2017-06-08,0.4749999940395355,0.48500001430511475,0.4699999988079071,0.48500001430511475,0.3678952753543854,3258000
2017-06-09,0.47999998927116394,0.47999998927116394,0.4699999988079071,0.4749999940395355,0.36030977964401245,3270000
2017-06-12,0.4699999988079071,0.4699999988079071,0.45500001311302185,0.46000000834465027,0.34893158078193665,3534000
2017-06-13,0.46000000834465027,0.4650000035762787,0.4350000023841858,0.44999998807907104,0.3413460850715637,5592000
2017-06-14,0.44999998807907104,0.4650000035762787,0.4449999928474426,0.44999998807907104,0.3413460850715637,3932000
2017-06-15,0.4449999928474426,0.46000000834465027,0.4399999976158142,0.44999998807907104,0.3413460850715637,4004000
2017-06-16,0.44999998807907104,0.4650000035762787,0.4350000023841858,0.44999998807907104,0.3413460850715637,3460000
2017-06-19,0.4449999928474426,0.44999998807907104,0.4350000023841858,0.4399999976158142,0.3337606191635132,3696000
2017-06-20,0.4350000023841858,0.4350000023841858,0.4300000071525574,0.4300000071525574,0.32617518305778503,3404000
2017-06-21,0.42500001192092896,0.42500001192092896,0.4099999964237213,0.42500001192092896,0.32238245010375977,5360000
2017-06-22,0.41999998688697815,0.42500001192092896,0.4099999964237213,0.41999998688697815,0.3185896873474121,3886000
2017-06-23,0.41999998688697815,0.4350000023841858,0.41999998688697815,0.4300000071525574,0.32617518305778503,3726000
2017-06-26,0.4300000071525574,0.4350000023841858,0.42500001192092896,0.4350000023841858,0.3299678862094879,3844000
2017-06-27,0.4350000023841858,0.4650000035762787,0.41999998688697815,0.42500001192092896,0.32238245010375977,4042000
2017-06-28,0.42500001192092896,0.4300000071525574,0.41499999165534973,0.42500001192092896,0.32238245010375977,3658000
2017-06-29,0.42500001192092896,0.4449999928474426,0.42500001192092896,0.4449999928474426,0.33755338191986084,3632000
2017-06-30,0.4350000023841858,0.44999998807907104,0.4350000023841858,0.44999998807907104,0.3413460850715637,3544000
2017-07-03,0.4449999928474426,0.44999998807907104,0.4399999976158142,0.44999998807907104,0.3413460850715637,3446000
2017-07-04,0.44999998807907104,0.45500001311302185,0.4300000071525574,0.4300000071525574,0.32617518305778503,3446000
2017-07-05,0.4350000023841858,0.4449999928474426,0.41999998688697815,0.42500001192092896,0.32238245010375977,3488000
2017-07-06,0.4300000071525574,0.4399999976158142,0.41999998688697815,0.42500001192092896,0.32238245010375977,3918000
2017-07-07,0.42500001192092896,0.4300000071525574,0.42500001192092896,0.4300000071525574,0.32617518305778503,3570000
2017-07-10,0.42500001192092896,0.4300000071525574,0.42500001192092896,0.4300000071525574,0.32617518305778503,3822000
2017-07-11,0.42500001192092896,0.4300000071525574,0.42500001192092896,0.4300000071525574,0.32617518305778503,3492000
2017-07-12,0.42500001192092896,0.42500001192092896,0.41999998688697815,0.41999998688697815,0.3185896873474121,3754000
2017-07-13,0.42500001192092896,0.4300000071525574,0.41499999165534973,0.41999998688697815,0.3185896873474121,3912000
2017-07-14,0.42500001192092896,0.45500001311302185,0.41999998688697815,0.44999998807907104,0.3413460850715637,4248000
2017-07-17,0.44999998807907104,0.44999998807907104,0.4350000023841858,0.4399999976158142,0.3337606191635132,3546000
2017-07-18,0.4449999928474426,0.4449999928474426,0.4300000071525574,0.4399999976158142,0.3337606191635132,3686000
2017-07-19,0.4449999928474426,0.44999998807907104,0.42500001192092896,0.4350000023841858,0.3299678862094879,4560000
2017-07-20,0.4300000071525574,0.4399999976158142,0.41999998688697815,0.42500001192092896,0.32238245010375977,3718000
2017-07-21,0.4300000071525574,0.4399999976158142,0.4300000071525574,0.4350000023841858,0.3299678862094879,3598000
2017-07-24,0.4399999976158142,0.4399999976158142,0.4300000071525574,0.4350000023841858,0.3299678862094879,3670000
2017-07-25,0.4399999976158142,0.4449999928474426,0.4300000071525574,0.4350000023841858,0.3299678862094879,3680000
2017-07-26,0.4350000023841858,0.4350000023841858,0.41499999165534973,0.42500001192092896,0.32238245010375977,3686000
2017-07-27,0.4300000071525574,0.4300000071525574,0.41999998688697815,0.42500001192092896,0.32238245010375977,3762000
2017-07-28,0.41999998688697815,0.4350000023841858,0.41999998688697815,0.4300000071525574,0.32617518305778503,3590000
2017-07-31,0.42500001192092896,0.4300000071525574,0.41999998688697815,0.4300000071525574,0.333941251039505,3658000
2017-08-01,0.42500001192092896,0.42500001192092896,0.41999998688697815,0.42500001192092896,0.3300582468509674,3806000
2017-08-02,0.4300000071525574,0.4300000071525574,0.4050000011920929,0.4099999964237213,0.3184090554714203,3764000
2017-08-03,0.4099999964237213,0.4099999964237213,0.4000000059604645,0.4050000011920929,0.3145260810852051,4100000
2017-08-04,0.4099999964237213,0.41999998688697815,0.4000000059604645,0.41999998688697815,0.32617515325546265,3848000
2017-08-07,0.41499999165534973,0.42500001192092896,0.41499999165534973,0.41999998688697815,0.32617515325546265,3892000
2017-08-08,0.41999998688697815,0.41999998688697815,0.4099999964237213,0.41999998688697815,0.32617515325546265,3796000
2017-08-09,0.41999998688697815,0.41999998688697815,0.41499999165534973,0.41999998688697815,0.32617515325546265,3718000
2017-08-10,0.41499999165534973,0.41499999165534973,0.4050000011920929,0.41499999165534973,0.32229214906692505,3982000
2017-08-11,0.4000000059604645,0.41499999165534973,0.3799999952316284,0.41499999165534973,0.32229214906692505,4762000
2017-08-14,0.41499999165534973,0.41999998688697815,0.4000000059604645,0.41999998688697815,0.32617515325546265,4208000
2017-08-15,0.41499999165534973,0.41999998688697815,0.4099999964237213,0.41499999165534973,0.32229214906692505,3884000
2017-08-16,0.41499999165534973,0.41999998688697815,0.4099999964237213,0.41499999165534973,0.32229214906692505,3750000
2017-08-17,0.41999998688697815,0.41999998688697815,0.4050000011920929,0.41999998688697815,0.32617515325546265,3616000
2017-08-18,0.41499999165534973,0.41999998688697815,0.4000000059604645,0.41999998688697815,0.32617515325546265,4728000
2017-08-21,0.4099999964237213,0.41999998688697815,0.4099999964237213,0.41499999165534973,0.32229214906692505,3954000
2017-08-22,0.41499999165534973,0.41999998688697815,0.4050000011920929,0.41499999165534973,0.32229214906692505,4112000
2017-08-23,0.41499999165534973,0.41499999165534973,0.41499999165534973,0.41499999165534973,0.32229214906692505,0
2017-08-24,0.4099999964237213,0.41499999165534973,0.4050000011920929,0.41499999165534973,0.32229214906692505,3948000
2017-08-25,0.4099999964237213,0.4300000071525574,0.4050000011920929,0.4300000071525574,0.333941251039505,3768000
2017-08-28,0.41999998688697815,0.41999998688697815,0.4050000011920929,0.4099999964237213,0.3184090554714203,3864000
2017-08-29,0.4050000011920929,0.41999998688697815,0.4000000059604645,0.41999998688697815,0.32617515325546265,5814000
2017-08-30,0.41999998688697815,0.41999998688697815,0.4099999964237213,0.41999998688697815,0.32617515325546265,3786000
2017-08-31,0.41999998688697815,0.41999998688697815,0.41499999165534973,0.41999998688697815,0.32617515325546265,3920000
2017-09-01,0.41499999165534973,0.41499999165534973,0.4000000059604645,0.4050000011920929,0.3145260810852051,4088000
2017-09-04,0.4050000011920929,0.4050000011920929,0.39500001072883606,0.39500001072883606,0.3067599833011627,3990000
2017-09-05,0.4000000059604645,0.4000000059604645,0.38499999046325684,0.4000000059604645,0.3106430172920227,4152000
2017-09-06,0.39500001072883606,0.4000000059604645,0.38499999046325684,0.4000000059604645,0.3106430172920227,4256000
2017-09-07,0.39500001072883606,0.4050000011920929,0.38999998569488525,0.4050000011920929,0.3145260810852051,4448000
2017-09-08,0.4050000011920929,0.41499999165534973,0.39500001072883606,0.41499999165534973,0.32229214906692505,4450000
2017-09-11,0.4099999964237213,0.42500001192092896,0.4050000011920929,0.42500001192092896,0.3300582468509674,4004000
2017-09-12,0.41499999165534973,0.4300000071525574,0.4099999964237213,0.42500001192092896,0.3300582468509674,4072000
2017-09-13,0.41999998688697815,0.4399999976158142,0.41499999165534973,0.4399999976158142,0.341707319021225,4270000
2017-09-14,0.4399999976158142,0.4650000035762787,0.4350000023841858,0.46000000834465027,0.3572394847869873,4120000
2017-09-15,0.46000000834465027,0.46000000834465027,0.4449999928474426,0.44999998807907104,0.34947338700294495,4592000
2017-09-18,0.4449999928474426,0.44999998807907104,0.4350000023841858,0.4399999976158142,0.341707319021225,3656000
2017-09-19,0.4399999976158142,0.4449999928474426,0.4300000071525574,0.4399999976158142,0.341707319021225,3674000
2017-09-20,0.4350000023841858,0.4399999976158142,0.4300000071525574,0.4399999976158142,0.341707319021225,3586000
2017-09-21,0.4399999976158142,0.4399999976158142,0.4300000071525574,0.4399999976158142,0.341707319021225,3820000
2017-09-22,0.4300000071525574,0.45500001311302185,0.4300000071525574,0.45500001311302185,0.35335642099380493,3620000
2017-09-25,0.4449999928474426,0.5099999904632568,0.4399999976158142,0.47999998927116394,0.37277162075042725,4206000
2017-09-26,0.47999998927116394,0.49000000953674316,0.4650000035762787,0.4650000035762787,0.3611225187778473,3272000
2017-09-27,0.4650000035762787,0.49000000953674316,0.4650000035762787,0.49000000953674316,0.3805376887321472,3312000
2017-09-28,0.49000000953674316,0.49000000953674316,0.47999998927116394,0.48500001430511475,0.3766546845436096,3266000
2017-09-29,0.48500001430511475,0.5,0.48500001430511475,0.5,0.3883037865161896,3156000
2017-10-03,0.5,0.5899999737739563,0.5,0.5899999737739563,0.4581984281539917,5746000
2017-10-04,0.5899999737739563,0.6000000238418579,0.5699999928474426,0.5899999737739563,0.4581984281539917,5306000
2017-10-06,0.5799999833106995,0.6000000238418579,0.5799999833106995,0.5899999737739563,0.4581984281539917,7150000
2017-10-09,0.5899999737739563,0.6100000143051147,0.5799999833106995,0.6000000238418579,0.46596458554267883,6588000
2017-10-10,0.5899999737739563,0.6200000047683716,0.5799999833106995,0.6100000143051147,0.47373059391975403,6002000
2017-10-11,0.5899999737739563,0.7400000095367432,0.5899999737739563,0.6899999976158142,0.5358591675758362,11464000
2017-10-12,0.6800000071525574,0.699999988079071,0.6399999856948853,0.6800000071525574,0.528093159198761,7998000
2017-10-13,0.6800000071525574,0.7200000286102295,0.6700000166893005,0.699999988079071,0.5436252355575562,3164000
2017-10-16,0.7099999785423279,0.7699999809265137,0.7099999785423279,0.7599999904632568,0.5902217030525208,7124000
2017-10-17,0.7599999904632568,0.800000011920929,0.75,0.7799999713897705,0.6057538390159607,8232000
2017-10-18,0.7900000214576721,0.800000011920929,0.7300000190734863,0.7900000214576721,0.6135199666023254,9908000
2017-10-19,0.8100000023841858,0.8100000023841858,0.6499999761581421,0.6800000071525574,0.528093159198761,8140000
2017-10-20,0.6800000071525574,0.7599999904632568,0.6800000071525574,0.7400000095367432,0.5746895670890808,6034000
2017-10-23,0.7200000286102295,0.7699999809265137,0.699999988079071,0.7300000190734863,0.5669234991073608,5648000
2017-10-24,0.7099999785423279,0.7400000095367432,0.6600000262260437,0.699999988079071,0.5436252355575562,7716000
2017-10-25,0.699999988079071,0.7200000286102295,0.6899999976158142,0.7099999785423279,0.5513913631439209,8528000
2017-10-26,0.699999988079071,0.7200000286102295,0.6899999976158142,0.7200000286102295,0.5591574907302856,10090000
2017-10-27,0.7099999785423279,0.7300000190734863,0.7099999785423279,0.7300000190734863,0.5669234991073608,6140000
2017-10-30,0.7099999785423279,0.7400000095367432,0.6899999976158142,0.7400000095367432,0.5746895670890808,4120000
2017-10-31,0.7300000190734863,0.75,0.7200000286102295,0.7400000095367432,0.5746895670890808,7708000
2017-11-01,0.7400000095367432,0.7699999809265137,0.7200000286102295,0.7599999904632568,0.5902217030525208,10120000
2017-11-02,0.75,0.7599999904632568,0.7400000095367432,0.7599999904632568,0.5902217030525208,6370000
2017-11-03,0.75,0.7599999904632568,0.7200000286102295,0.75,0.5824556350708008,8906000
2017-11-06,0.7300000190734863,0.7599999904632568,0.7200000286102295,0.7599999904632568,0.5902217030525208,6148000
2017-11-07,0.7400000095367432,0.7699999809265137,0.7400000095367432,0.7699999809265137,0.5979878306388855,9116000
2017-11-08,0.7699999809265137,0.7799999713897705,0.7599999904632568,0.7799999713897705,0.6057538390159607,8192000
2017-11-09,0.7699999809265137,0.8299999833106995,0.7699999809265137,0.8199999928474426,0.6368181109428406,14498000
2017-11-10,0.8199999928474426,0.9200000166893005,0.8199999928474426,0.8799999952316284,0.68341463804245,32510000
2017-11-13,0.8799999952316284,0.9100000262260437,0.8700000047683716,0.9100000262260437,0.7067128419876099,10654000
2017-11-14,0.8700000047683716,0.9200000166893005,0.8700000047683716,0.8999999761581421,0.6989467740058899,18384000
2017-11-15,0.8999999761581421,0.9200000166893005,0.8600000143051147,0.8999999761581421,0.6989467740058899,11944000
2017-11-16,0.8999999761581421,0.9200000166893005,0.8899999856948853,0.9200000166893005,0.7144789695739746,8810000
2017-11-17,0.9200000166893005,0.9800000190734863,0.8799999952316284,0.9599999785423279,0.7455432415008545,14928000
2017-11-20,0.949999988079071,1.0,0.9200000166893005,0.9900000095367432,0.7688414454460144,16752000
2017-11-21,1.0,1.0800000429153442,0.8399999737739563,0.8999999761581421,0.6989467740058899,18324000
2017-11-22,0.8999999761581421,0.949999988079071,0.8799999952316284,0.8899999856948853,0.6911807060241699,3402000
2017-11-23,0.8600000143051147,0.8600000143051147,0.6700000166893005,0.6700000166893005,0.520327091217041,24020000
2017-11-24,0.6899999976158142,0.6899999976158142,0.5699999928474426,0.6200000047683716,0.4814966917037964,13374000
2017-11-27,0.6200000047683716,0.6200000047683716,0.5899999737739563,0.6200000047683716,0.4814966917037964,3114000
2017-11-28,0.6000000238418579,0.6499999761581421,0.5899999737739563,0.6200000047683716,0.4814966917037964,7974000
2017-11-29,0.6200000047683716,0.6600000262260437,0.6100000143051147,0.6299999952316284,0.48926272988319397,12674000
2017-11-30,0.6100000143051147,0.6399999856948853,0.6000000238418579,0.6299999952316284,0.48926272988319397,14410000
2017-12-01,0.6200000047683716,0.6399999856948853,0.5600000023841858,0.6399999856948853,0.49702882766723633,18794000
2017-12-04,0.6399999856948853,0.699999988079071,0.6200000047683716,0.6700000166893005,0.520327091217041,20832000
2017-12-05,0.6600000262260437,0.7099999785423279,0.6399999856948853,0.6800000071525574,0.528093159198761,14224000
2017-12-06,0.6700000166893005,0.6899999976158142,0.6200000047683716,0.6600000262260437,0.512561023235321,13390000
2017-12-07,0.6299999952316284,0.6499999761581421,0.5899999737739563,0.6000000238418579,0.46596458554267883,10608000
2017-12-08,0.6100000143051147,0.6299999952316284,0.5799999833106995,0.6200000047683716,0.4814966917037964,3592000
2017-12-11,0.6100000143051147,0.6499999761581421,0.5799999833106995,0.6100000143051147,0.47373059391975403,8288000
2017-12-12,0.6000000238418579,0.6299999952316284,0.6000000238418579,0.6200000047683716,0.4814966917037964,8460000
2017-12-13,0.6100000143051147,0.6200000047683716,0.5699999928474426,0.6100000143051147,0.47373059391975403,4796000
2017-12-14,0.6200000047683716,0.75,0.6200000047683716,0.6499999761581421,0.5047948360443115,7152000
2017-12-15,0.6499999761581421,0.6800000071525574,0.6000000238418579,0.6000000238418579,0.46596458554267883,3698000
2017-12-18,0.6000000238418579,0.6200000047683716,0.6000000238418579,0.6100000143051147,0.47373059391975403,6604000
2017-12-19,0.6200000047683716,0.6299999952316284,0.6000000238418579,0.6100000143051147,0.47373059391975403,6624000
2017-12-20,0.6100000143051147,0.6200000047683716,0.5799999833106995,0.5899999737739563,0.4581984281539917,5090000
2017-12-21,0.5899999737739563,0.6100000143051147,0.5400000214576721,0.6000000238418579,0.46596458554267883,10024000
2017-12-22,0.5799999833106995,0.6000000238418579,0.5699999928474426,0.5899999737739563,0.4581984281539917,4490000
2017-12-27,0.5799999833106995,0.6100000143051147,0.5799999833106995,0.6000000238418579,0.46596458554267883,3824000
2017-12-28,0.5799999833106995,0.6100000143051147,0.5799999833106995,0.6100000143051147,0.47373059391975403,4502000
2017-12-29,0.5899999737739563,0.6299999952316284,0.5899999737739563,0.6200000047683716,0.4814966917037964,4110000
2018-01-02,0.6100000143051147,0.6499999761581421,0.6100000143051147,0.6399999856948853,0.49702882766723633,4892000
2018-01-03,0.6499999761581421,0.6700000166893005,0.6399999856948853,0.6499999761581421,0.5047948360443115,4074000
2018-01-04,0.6299999952316284,0.6600000262260437,0.6299999952316284,0.6399999856948853,0.49702882766723633,5734000
2018-01-05,0.6499999761581421,0.6499999761581421,0.6200000047683716,0.6399999856948853,0.49702882766723633,5144000
2018-01-08,0.6299999952316284,0.6600000262260437,0.6299999952316284,0.6399999856948853,0.49702882766723633,3752000
2018-01-09,0.6499999761581421,0.6499999761581421,0.6200000047683716,0.6299999952316284,0.48926272988319397,4570000
2018-01-10,0.6200000047683716,0.6499999761581421,0.6200000047683716,0.6499999761581421,0.5047948360443115,5872000
2018-01-11,0.6399999856948853,0.6499999761581421,0.6299999952316284,0.6399999856948853,0.49702882766723633,4900000
2018-01-12,0.6299999952316284,0.6600000262260437,0.6299999952316284,0.6499999761581421,0.5047948360443115,4968000
2018-01-15,0.6399999856948853,0.6700000166893005,0.6200000047683716,0.6399999856948853,0.49702882766723633,6516000
2018-01-16,0.6299999952316284,0.6299999952316284,0.6000000238418579,0.6000000238418579,0.46596458554267883,2624000
2018-01-17,0.6000000238418579,0.6000000238418579,0.5799999833106995,0.6000000238418579,0.46596458554267883,1982000
2018-01-18,0.5899999737739563,0.6000000238418579,0.5699999928474426,0.5899999737739563,0.4581984281539917,3750000
2018-01-19,0.5799999833106995,0.6000000238418579,0.5699999928474426,0.5899999737739563,0.4581984281539917,5280000
2018-01-22,0.5799999833106995,0.6200000047683716,0.5699999928474426,0.6000000238418579,0.46596458554267883,5090000
2018-01-23,0.6000000238418579,0.6100000143051147,0.5799999833106995,0.6000000238418579,0.46596458554267883,6336000
2018-01-24,0.5899999737739563,0.6100000143051147,0.5899999737739563,0.6100000143051147,0.47373059391975403,4854000
2018-01-25,0.6000000238418579,0.6100000143051147,0.5899999737739563,0.6100000143051147,0.47373059391975403,5384000
2018-01-26,0.5899999737739563,0.6000000238418579,0.5699999928474426,0.5699999928474426,0.44266629219055176,2498000
2018-01-29,0.5600000023841858,0.6000000238418579,0.5600000023841858,0.5699999928474426,0.44266629219055176,5280000
2018-01-30,0.5699999928474426,0.5799999833106995,0.5600000023841858,0.5699999928474426,0.44266629219055176,5314000
2018-01-31,0.5600000023841858,0.6000000238418579,0.5400000214576721,0.5799999833106995,0.45043233036994934,5460000
2018-02-01,0.5699999928474426,0.5899999737739563,0.550000011920929,0.5699999928474426,0.44266629219055176,5814000
2018-02-02,0.5699999928474426,0.5699999928474426,0.5400000214576721,0.5699999928474426,0.44266629219055176,5152000
2018-02-05,0.5600000023841858,0.5600000023841858,0.5199999809265137,0.5299999713897705,0.4116019606590271,5510000
2018-02-06,0.5199999809265137,0.5199999809265137,0.4699999988079071,0.49000000953674316,0.3805376887321472,5202000
2018-02-07,0.4950000047683716,0.5199999809265137,0.4699999988079071,0.48500001430511475,0.3766546845436096,5214000
2018-02-08,0.4950000047683716,0.5,0.4699999988079071,0.48500001430511475,0.3766546845436096,4902000
2018-02-09,0.47999998927116394,0.49000000953674316,0.46000000834465027,0.47999998927116394,0.37277162075042725,5150000
2018-02-12,0.48500001430511475,0.49000000953674316,0.4699999988079071,0.4699999988079071,0.3650055229663849,4734000
2018-02-13,0.47999998927116394,0.5099999904632568,0.4699999988079071,0.5,0.3883037865161896,4512000
2018-02-14,0.4950000047683716,0.4950000047683716,0.4699999988079071,0.4749999940395355,0.3688885569572449,5976000
2018-02-15,0.47999998927116394,0.47999998927116394,0.42500001192092896,0.47999998927116394,0.37277162075042725,2598000
2018-02-20,0.48500001430511475,0.48500001430511475,0.46000000834465027,0.48500001430511475,0.3766546845436096,4152000
2018-02-21,0.4699999988079071,0.4749999940395355,0.4449999928474426,0.45500001311302185,0.35335642099380493,3880000
2018-02-22,0.45500001311302185,0.46000000834465027,0.4350000023841858,0.4449999928474426,0.34559035301208496,3906000
2018-02-23,0.4449999928474426,0.4650000035762787,0.4449999928474426,0.46000000834465027,0.3572394847869873,3564000
2018-02-26,0.4749999940395355,0.4749999940395355,0.44999998807907104,0.46000000834465027,0.3572394847869873,3570000
2018-02-27,0.4699999988079071,0.4699999988079071,0.45500001311302185,0.45500001311302185,0.35335642099380493,4594000
2018-02-28,0.4650000035762787,0.47999998927116394,0.44999998807907104,0.4749999940395355,0.3688885569572449,4062000
2018-03-01,0.4749999940395355,0.5,0.4699999988079071,0.47999998927116394,0.37277162075042725,3504000
2018-03-02,0.4749999940395355,0.49000000953674316,0.4650000035762787,0.47999998927116394,0.37277162075042725,3746000
2018-03-05,0.5,0.5,0.46000000834465027,0.47999998927116394,0.37277162075042725,3756000
2018-03-06,0.47999998927116394,0.5099999904632568,0.4650000035762787,0.49000000953674316,0.3805376887321472,3588000
2018-03-07,0.4950000047683716,0.5199999809265137,0.48500001430511475,0.5,0.3883037865161896,3706000
2018-03-08,0.5,0.5099999904632568,0.5,0.5099999904632568,0.39606988430023193,3490000
2018-03-09,0.5099999904632568,0.5099999904632568,0.46000000834465027,0.4749999940395355,0.3688885569572449,3720000
2018-03-12,0.4749999940395355,0.48500001430511475,0.4699999988079071,0.4699999988079071,0.3650055229663849,3702000
2018-03-13,0.47999998927116394,0.47999998927116394,0.4650000035762787,0.4699999988079071,0.3650055229663849,3726000
2018-03-14,0.4699999988079071,0.4749999940395355,0.4300000071525574,0.44999998807907104,0.34947338700294495,5352000
2018-03-15,0.45500001311302185,0.4699999988079071,0.4300000071525574,0.45500001311302185,0.35335642099380493,3694000
2018-03-16,0.46000000834465027,0.46000000834465027,0.4399999976158142,0.44999998807907104,0.34947338700294495,3988000
2018-03-19,0.46000000834465027,0.46000000834465027,0.4399999976158142,0.4449999928474426,0.34559035301208496,3890000
2018-03-20,0.44999998807907104,0.44999998807907104,0.4399999976158142,0.4449999928474426,0.34559035301208496,3002000
2018-03-21,0.44999998807907104,0.44999998807907104,0.4399999976158142,0.4449999928474426,0.34559035301208496,4062000
2018-03-22,0.44999998807907104,0.46000000834465027,0.4399999976158142,0.4449999928474426,0.34559035301208496,4054000
2018-03-23,0.4399999976158142,0.4399999976158142,0.4099999964237213,0.4099999964237213,0.3184090554714203,4140000
2018-03-26,0.41499999165534973,0.4350000023841858,0.41499999165534973,0.4300000071525574,0.333941251039505,4194000
2018-03-27,0.4399999976158142,0.4399999976158142,0.41999998688697815,0.42500001192092896,0.3300582468509674,3954000
2018-03-28,0.4099999964237213,0.42500001192092896,0.4000000059604645,0.4099999964237213,0.3184090554714203,4352000
2018-03-29,0.4050000011920929,0.41999998688697815,0.38499999046325684,0.4050000011920929,0.3145260810852051,4578075
2018-04-03,0.4099999964237213,0.4099999964237213,0.38999998569488525,0.4000000059604645,0.3106430172920227,4240000
2018-04-04,0.42500001192092896,0.42500001192092896,0.38499999046325684,0.4000000059604645,0.3106430172920227,4350000
2018-04-06,0.4000000059604645,0.4000000059604645,0.38499999046325684,0.38999998569488525,0.30287691950798035,4740000
2018-04-09,0.3799999952316284,0.38999998569488525,0.3700000047683716,0.38999998569488525,0.30287691950798035,3957405
2018-04-10,0.38999998569488525,0.4000000059604645,0.3799999952316284,0.38999998569488525,0.30287691950798035,5386000
2018-04-11,0.38499999046325684,0.38999998569488525,0.375,0.3799999952316284,0.2951108515262604,5164000
2018-04-12,0.3700000047683716,0.375,0.35499998927116394,0.36500000953674316,0.2834617495536804,5604000
2018-04-13,0.36500000953674316,0.375,0.35499998927116394,0.3700000047683716,0.2873447835445404,6468000
2018-04-16,0.36000001430511475,0.36500000953674316,0.3449999988079071,0.35499998927116394,0.27569568157196045,5674000
2018-04-17,0.35499998927116394,0.3799999952316284,0.3499999940395355,0.3799999952316284,0.2951108515262604,5476000
2018-04-18,0.3700000047683716,0.375,0.3700000047683716,0.375,0.2912278175354004,5040000
2018-04-19,0.36500000953674316,0.3799999952316284,0.36500000953674316,0.375,0.2912278175354004,5700524
2018-04-20,0.375,0.375,0.36000001430511475,0.3700000047683716,0.2873447835445404,5220000
2018-04-23,0.3700000047683716,0.3700000047683716,0.3499999940395355,0.3700000047683716,0.2873447835445404,5368000
2018-04-24,0.36500000953674316,0.3700000047683716,0.36000001430511475,0.3700000047683716,0.2873447835445404,5626000
2018-04-25,0.36500000953674316,0.3700000047683716,0.3499999940395355,0.35499998927116394,0.27569568157196045,5602000
2018-04-26,0.3499999940395355,0.3499999940395355,0.3400000035762787,0.3449999988079071,0.2679295837879181,5600000
2018-04-27,0.3499999940395355,0.3499999940395355,0.33000001311302185,0.3499999940395355,0.2718126177787781,5851101
2018-04-30,0.3499999940395355,0.35499998927116394,0.33000001311302185,0.33000001311302185,0.2562805116176605,5761996
2018-05-02,0.33500000834465027,0.33500000834465027,0.3050000071525574,0.3050000071525574,0.23686529695987701,6327944
2018-05-03,0.3050000071525574,0.3149999976158142,0.29499998688697815,0.3149999976158142,0.24463136494159698,6427730
2018-05-04,0.3199999928474426,0.3199999928474426,0.3050000071525574,0.3100000023841858,0.2407483458518982,6086000
2018-05-07,0.3149999976158142,0.3149999976158142,0.28999999165534973,0.29499998688697815,0.22909921407699585,6577316
2018-05-08,0.29499998688697815,0.30000001192092896,0.25,0.30000001192092896,0.23298229277133942,10408000
2018-05-09,0.30000001192092896,0.3199999928474426,0.28999999165534973,0.3100000023841858,0.2407483458518982,8312000
2018-05-10,0.3149999976158142,0.32499998807907104,0.28999999165534973,0.3149999976158142,0.24463136494159698,5922754
2018-05-11,0.3149999976158142,0.3199999928474426,0.30000001192092896,0.3050000071525574,0.23686529695987701,6260269
2018-05-14,0.3050000071525574,0.3050000071525574,0.29499998688697815,0.3050000071525574,0.23686529695987701,6436000
2018-05-15,0.30000001192092896,0.30000001192092896,0.2849999964237213,0.28999999165534973,0.22521616518497467,6344000
2018-05-16,0.2849999964237213,0.3050000071525574,0.2849999964237213,0.3050000071525574,0.23686529695987701,6415567
2018-05-17,0.29499998688697815,0.3100000023841858,0.29499998688697815,0.3050000071525574,0.23686529695987701,6146538
2018-05-18,0.30000001192092896,0.3100000023841858,0.29499998688697815,0.30000001192092896,0.23298229277133942,6084000
2018-05-21,0.28999999165534973,0.29499998688697815,0.2800000011920929,0.29499998688697815,0.22909921407699585,6368835
2018-05-23,0.2849999964237213,0.2849999964237213,0.2800000011920929,0.2849999964237213,0.22133314609527588,6626000
2018-05-24,0.2800000011920929,0.2800000011920929,0.2750000059604645,0.2800000011920929,0.2174501121044159,6915079
2018-05-25,0.2750000059604645,0.28999999165534973,0.2750000059604645,0.28999999165534973,0.22521616518497467,6954000
2018-05-28,0.2800000011920929,0.29499998688697815,0.2800000011920929,0.29499998688697815,0.22909921407699585,6594594
2018-05-29,0.28999999165534973,0.30000001192092896,0.28999999165534973,0.29499998688697815,0.22909921407699585,6306000
2018-05-30,0.28999999165534973,0.29499998688697815,0.2750000059604645,0.2750000059604645,0.2135670781135559,6412000
2018-05-31,0.2800000011920929,0.2849999964237213,0.26499998569488525,0.27000001072883606,0.20968404412269592,7607368
2018-06-01,0.27000001072883606,0.2750000059604645,0.25999999046325684,0.27000001072883606,0.20968404412269592,7005457
2018-06-04,0.26499998569488525,0.27000001072883606,0.2549999952316284,0.25999999046325684,0.20191796123981476,7764000
2018-06-05,0.25999999046325684,0.26499998569488525,0.2549999952316284,0.26499998569488525,0.20580098032951355,7850000
2018-06-06,0.26499998569488525,0.27000001072883606,0.25999999046325684,0.27000001072883606,0.20968404412269592,7426268
2018-06-07,0.26499998569488525,0.2800000011920929,0.26499998569488525,0.2800000011920929,0.2174501121044159,7106000
2018-06-08,0.2800000011920929,0.28999999165534973,0.2750000059604645,0.2849999964237213,0.22133314609527588,6606000
2018-06-11,0.2849999964237213,0.2849999964237213,0.2750000059604645,0.2849999964237213,0.22133314609527588,7617539
2018-06-12,0.2800000011920929,0.2800000011920929,0.26499998569488525,0.2750000059604645,0.2135670781135559,7123134
2018-06-13,0.27000001072883606,0.2750000059604645,0.25999999046325684,0.26499998569488525,0.20580098032951355,7803574
2018-06-14,0.26499998569488525,0.26499998569488525,0.25999999046325684,0.26499998569488525,0.20580098032951355,7091567
2018-06-15,0.26499998569488525,0.27000001072883606,0.25999999046325684,0.25999999046325684,0.20191796123981476,6967161
2018-06-19,0.25999999046325684,0.25999999046325684,0.25,0.2549999952316284,0.19803494215011597,7322000
2018-06-20,0.25,0.2549999952316284,0.24899999797344208,0.2549999952316284,0.19803494215011597,7398000
2018-06-21,0.2549999952316284,0.2750000059604645,0.2549999952316284,0.27000001072883606,0.20968404412269592,7884540
2018-06-22,0.27000001072883606,0.2849999964237213,0.27000001072883606,0.2800000011920929,0.2174501121044159,7036000
2018-06-25,0.2750000059604645,0.2849999964237213,0.27000001072883606,0.2750000059604645,0.2135670781135559,6911080
2018-06-26,0.27000001072883606,0.27000001072883606,0.2549999952316284,0.25999999046325684,0.20191796123981476,7148000
2018-06-27,0.26499998569488525,0.26499998569488525,0.25999999046325684,0.26499998569488525,0.20580098032951355,7490000
2018-06-28,0.25999999046325684,0.27000001072883606,0.2549999952316284,0.25999999046325684,0.20191796123981476,6928000
2018-06-29,0.25999999046325684,0.25999999046325684,0.25,0.25999999046325684,0.20191796123981476,7252000
2018-07-03,0.25999999046325684,0.28999999165534973,0.25999999046325684,0.27000001072883606,0.20968404412269592,7220000
2018-07-04,0.27000001072883606,0.2750000059604645,0.25999999046325684,0.2750000059604645,0.2135670781135559,6858107
2018-07-05,0.2750000059604645,0.2750000059604645,0.27000001072883606,0.2750000059604645,0.2135670781135559,6844540
2018-07-06,0.27000001072883606,0.2750000059604645,0.26499998569488525,0.2750000059604645,0.2135670781135559,6870269
2018-07-09,0.2750000059604645,0.2800000011920929,0.26499998569488525,0.2750000059604645,0.2135670781135559,6892269
2018-07-10,0.2750000059604645,0.2800000011920929,0.27000001072883606,0.2750000059604645,0.2135670781135559,6912754
2018-07-11,0.26499998569488525,0.27000001072883606,0.25999999046325684,0.26499998569488525,0.20580098032951355,6965187
2018-07-12,0.26499998569488525,0.26499998569488525,0.25999999046325684,0.26499998569488525,0.20580098032951355,7116000
2018-07-13,0.26499998569488525,0.27000001072883606,0.26499998569488525,0.26499998569488525,0.20580098032951355,7100000
2018-07-16,0.26499998569488525,0.26499998569488525,0.25999999046325684,0.26499998569488525,0.20580098032951355,7013134
2018-07-17,0.26499998569488525,0.27000001072883606,0.2549999952316284,0.26499998569488525,0.20580098032951355,7234000
2018-07-18,0.26499998569488525,0.27000001072883606,0.25999999046325684,0.27000001072883606,0.20968404412269592,7211404
2018-07-19,0.27000001072883606,0.2750000059604645,0.26499998569488525,0.27000001072883606,0.20968404412269592,6978000
2018-07-20,0.27000001072883606,0.27000001072883606,0.25999999046325684,0.27000001072883606,0.20968404412269592,6950000
2018-07-23,0.27000001072883606,0.27000001072883606,0.2549999952316284,0.2549999952316284,0.19803494215011597,7560000
2018-07-24,0.25,0.2549999952316284,0.25,0.2549999952316284,0.19803494215011597,7220000
2018-07-25,0.2549999952316284,0.25999999046325684,0.2549999952316284,0.25999999046325684,0.20191796123981476,7696000
2018-07-26,0.25999999046325684,0.26499998569488525,0.2549999952316284,0.25999999046325684,0.20191796123981476,7010431
2018-07-27,0.25999999046325684,0.25999999046325684,0.2549999952316284,0.25999999046325684,0.20191796123981476,7060000
2018-07-30,0.25999999046325684,0.26499998569488525,0.2549999952316284,0.26499998569488525,0.20580098032951355,7362000
2018-07-31,0.26499998569488525,0.26499998569488525,0.2549999952316284,0.25999999046325684,0.20191796123981476,7558000
2018-08-01,0.2549999952316284,0.25999999046325684,0.2549999952316284,0.25999999046325684,0.20191796123981476,6972000
2018-08-02,0.25999999046325684,0.25999999046325684,0.25999999046325684,0.25999999046325684,0.20191796123981476,6982000
2018-08-03,0.25999999046325684,0.25999999046325684,0.25,0.25,0.20191796123981476,7112000
2018-08-06,0.25,0.25,0.25,0.25,0.20191796123981476,7488000
2018-08-07,0.25,0.25,0.25,0.25,0.20191796123981476,7642000
2018-08-08,0.25,0.25,0.25,0.25,0.20191796123981476,7345323
2018-08-09,0.25,0.25999999046325684,0.25,0.2549999952316284,0.2059563249349594,7454000
2018-08-10,0.25999999046325684,0.26499998569488525,0.2549999952316284,0.25999999046325684,0.20999467372894287,7140000
2018-08-13,0.26499998569488525,0.26499998569488525,0.2549999952316284,0.25999999046325684,0.20999467372894287,6984000
2018-08-14,0.2549999952316284,0.25999999046325684,0.25,0.25999999046325684,0.20999467372894287,7550000
2018-08-15,0.2549999952316284,0.2549999952316284,0.25,0.2549999952316284,0.2059563249349594,8054000
2018-08-16,0.2549999952316284,0.2549999952316284,0.24899999797344208,0.25,0.20191796123981476,7420000
2018-08-17,0.25,0.25,0.24699999392032623,0.25,0.20191796123981476,7810000
2018-08-20,0.25,0.25,0.24799999594688416,0.25,0.20191796123981476,7585567
2018-08-21,0.25,0.25,0.24799999594688416,0.25,0.20191796123981476,7678000
2018-08-22,0.25,0.25,0.24500000476837158,0.24899999797344208,0.20111030340194702,7378000
2018-08-23,0.24899999797344208,0.25,0.2460000067949295,0.24899999797344208,0.20111030340194702,7536000
2018-08-24,0.24799999594688416,0.25,0.2460000067949295,0.24799999594688416,0.2003026157617569,7390000
2018-08-27,0.24899999797344208,0.25,0.24500000476837158,0.24899999797344208,0.20111030340194702,7826000
2018-08-28,0.24699999392032623,0.24899999797344208,0.24300000071525574,0.2460000067949295,0.19868728518486023,7910000
2018-08-29,0.24799999594688416,0.24799999594688416,0.24199999868869781,0.24699999392032623,0.19949495792388916,7636269
2018-08-30,0.24699999392032623,0.24699999392032623,0.23800000548362732,0.24199999868869781,0.1954565942287445,7746000
2018-08-31,0.24300000071525574,0.24300000071525574,0.2280000001192093,0.23199999332427979,0.1873798668384552,8514000
2018-09-03,0.23399999737739563,0.23399999737739563,0.2280000001192093,0.2290000021457672,0.1849568635225296,7745945
2018-09-04,0.23000000417232513,0.23199999332427979,0.22599999606609344,0.23100000619888306,0.18657219409942627,7946102
2018-09-05,0.23000000417232513,0.23399999737739563,0.22599999606609344,0.23399999737739563,0.18899521231651306,8700000
2018-09-06,0.23399999737739563,0.23600000143051147,0.2280000001192093,0.23600000143051147,0.19061055779457092,7328600
2018-09-07,0.23499999940395355,0.23499999940395355,0.23100000619888306,0.23199999332427979,0.1873798668384552,7256000
2018-09-10,0.24699999392032623,0.24699999392032623,0.22499999403953552,0.23000000417232513,0.18576453626155853,6800648
2018-09-11,0.2280000001192093,0.23399999737739563,0.2240000069141388,0.23399999737739563,0.18899521231651306,6656000
2018-09-12,0.23100000619888306,0.23100000619888306,0.2290000021457672,0.2290000021457672,0.1849568635225296,6516000
2018-09-13,0.2290000021457672,0.23000000417232513,0.22300000488758087,0.22499999403953552,0.18172615766525269,6828000
2018-09-14,0.2280000001192093,0.2290000021457672,0.22300000488758087,0.22699999809265137,0.18334150314331055,6686000
2018-09-17,0.22699999809265137,0.22699999809265137,0.2199999988079071,0.2240000069141388,0.18091849982738495,4634000
2018-09-18,0.22599999606609344,0.22699999809265137,0.20999999344348907,0.2160000056028366,0.1744571328163147,4932000
2018-09-19,0.21299999952316284,0.21799999475479126,0.20999999344348907,0.21799999475479126,0.17607246339321136,7028000
2018-09-20,0.21699999272823334,0.21699999272823334,0.2160000056028366,0.21699999272823334,0.17526479065418243,6120000
2018-09-21,0.21799999475479126,0.21799999475479126,0.21199999749660492,0.2150000035762787,0.17364944517612457,5606000
2018-09-24,0.2160000056028366,0.21799999475479126,0.2160000056028366,0.2160000056028366,0.1744571328163147,5078000
2018-09-26,0.21699999272823334,0.21799999475479126,0.21299999952316284,0.2150000035762787,0.17364944517612457,5102000
2018-09-27,0.2150000035762787,0.2160000056028366,0.21299999952316284,0.21400000154972076,0.17284178733825684,7056000
2018-09-28,0.2150000035762787,0.2160000056028366,0.1940000057220459,0.1979999989271164,0.15991903841495514,6122702
2018-10-02,0.20000000298023224,0.20200000703334808,0.19200000166893005,0.19300000369548798,0.15588067471981049,5862000
2018-10-03,0.19499999284744263,0.19499999284744263,0.1899999976158142,0.19300000369548798,0.15588067471981049,6106000
2018-10-04,0.19499999284744263,0.19499999284744263,0.1889999955892563,0.1889999955892563,0.15264998376369476,5478000
2018-10-05,0.1899999976158142,0.20000000298023224,0.1860000044107437,0.20000000298023224,0.1615343689918518,8305269
2018-10-08,0.20000000298023224,0.20000000298023224,0.19200000166893005,0.19599999487400055,0.15830367803573608,6038000
2018-10-09,0.19599999487400055,0.20000000298023224,0.19099999964237213,0.1940000057220459,0.15668834745883942,6020000
2018-10-10,0.1979999989271164,0.2150000035762787,0.19099999964237213,0.1940000057220459,0.15668834745883942,8220594
2018-10-11,0.19499999284744263,0.19499999284744263,0.18799999356269836,0.1899999976158142,0.1534576565027237,6206000
2018-10-12,0.19200000166893005,0.1940000057220459,0.19200000166893005,0.19200000166893005,0.15507300198078156,6392000
2018-10-15,0.19200000166893005,0.19300000369548798,0.19099999964237213,0.19099999964237213,0.15426532924175262,6350000
2018-10-16,0.19200000166893005,0.19200000166893005,0.18799999356269836,0.1899999976158142,0.1534576565027237,5656000
2018-10-18,0.1899999976158142,0.19099999964237213,0.1889999955892563,0.1899999976158142,0.1534576565027237,8466053
2018-10-19,0.1899999976158142,0.19200000166893005,0.18799999356269836,0.19099999964237213,0.15426532924175262,7120000
2018-10-22,0.19200000166893005,0.1979999989271164,0.1899999976158142,0.1940000057220459,0.15668834745883942,5924000
2018-10-23,0.19200000166893005,0.19200000166893005,0.1899999976158142,0.19099999964237213,0.15426532924175262,6230000
2018-10-24,0.19099999964237213,0.19499999284744263,0.19099999964237213,0.19099999964237213,0.15426532924175262,6290000
2018-10-25,0.1889999955892563,0.1889999955892563,0.18700000643730164,0.18700000643730164,0.1510346382856369,8140000
2018-10-26,0.18799999356269836,0.1889999955892563,0.18400000035762787,0.1860000044107437,0.15022698044776917,7350000
2018-10-29,0.18799999356269836,0.20000000298023224,0.17800000309944153,0.18000000715255737,0.14538094401359558,7656000
2018-10-30,0.17900000512599945,0.18000000715255737,0.17399999499320984,0.17399999499320984,0.140534907579422,8566000
2018-10-31,0.17800000309944153,0.17800000309944153,0.17000000178813934,0.17000000178813934,0.13730423152446747,7860000
2018-11-01,0.17000000178813934,0.18000000715255737,0.17000000178813934,0.17900000512599945,0.14457327127456665,8405396
2018-11-02,0.18299999833106995,0.1850000023841858,0.18000000715255737,0.1809999942779541,0.14618860185146332,7762000
2018-11-05,0.17900000512599945,0.18000000715255737,0.17599999904632568,0.18000000715255737,0.14538094401359558,7860000
2018-11-06,0.18000000715255737,0.1809999942779541,0.17800000309944153,0.1809999942779541,0.14618860185146332,7752000
2018-11-07,0.17900000512599945,0.17900000512599945,0.1770000010728836,0.17800000309944153,0.14376559853553772,7810000
2018-11-08,0.17900000512599945,0.17900000512599945,0.17100000381469727,0.1770000010728836,0.1429579257965088,8442000
2018-11-09,0.1770000010728836,0.1809999942779541,0.17399999499320984,0.17399999499320984,0.140534907579422,9044000
2018-11-12,0.17599999904632568,0.17800000309944153,0.17399999499320984,0.1770000010728836,0.1429579257965088,8109242
2018-11-13,0.17299999296665192,0.17800000309944153,0.17299999296665192,0.17599999904632568,0.14215025305747986,8574000
2018-11-14,0.17800000309944153,0.18299999833106995,0.17800000309944153,0.18299999833106995,0.14780394732952118,8618000
2018-11-15,0.18000000715255737,0.18199999630451202,0.17800000309944153,0.18199999630451202,0.14699628949165344,8140000
2018-11-16,0.1809999942779541,0.18799999356269836,0.1809999942779541,0.18799999356269836,0.15184231102466583,8164000
2018-11-19,0.18799999356269836,0.18799999356269836,0.18299999833106995,0.18400000035762787,0.1486116200685501,8034000
2018-11-20,0.1850000023841858,0.18799999356269836,0.18400000035762787,0.1850000023841858,0.14941930770874023,8512053
2018-11-21,0.1850000023841858,0.1850000023841858,0.18299999833106995,0.18400000035762787,0.1486116200685501,8330000
2018-11-22,0.1850000023841858,0.18799999356269836,0.1850000023841858,0.1860000044107437,0.15022698044776917,6620000
2018-11-23,0.1860000044107437,0.18700000643730164,0.18400000035762787,0.1860000044107437,0.15022698044776917,7470000
2018-11-26,0.1860000044107437,0.18799999356269836,0.1860000044107437,0.18700000643730164,0.1510346382856369,7898000
2018-11-27,0.18700000643730164,0.18700000643730164,0.18299999833106995,0.18700000643730164,0.1510346382856369,8100000
2018-11-28,0.18799999356269836,0.19599999487400055,0.18700000643730164,0.1940000057220459,0.15668834745883942,6728000
2018-11-29,0.19499999284744263,0.19900000095367432,0.19499999284744263,0.19699999690055847,0.15911135077476501,7176756
2018-11-30,0.19699999690055847,0.20999999344348907,0.19699999690055847,0.20100000500679016,0.16234205663204193,7374000
2018-12-03,0.22100000083446503,0.27000001072883606,0.2029999941587448,0.21400000154972076,0.17284178733825684,7396000
2018-12-04,0.20900000631809235,0.2160000056028366,0.20499999821186066,0.20800000429153442,0.16799575090408325,7142000
2018-12-05,0.20999999344348907,0.21199999749660492,0.20200000703334808,0.2029999941587448,0.1639573723077774,7414000
2018-12-06,0.20499999821186066,0.20800000429153442,0.20200000703334808,0.20200000703334808,0.16314972937107086,7773134
2018-12-07,0.2029999941587448,0.20800000429153442,0.20200000703334808,0.20399999618530273,0.16476505994796753,7174000
2018-12-10,0.20399999618530273,0.20399999618530273,0.19699999690055847,0.19699999690055847,0.15911135077476501,7018000
2018-12-11,0.1979999989271164,0.1979999989271164,0.18000000715255737,0.18700000643730164,0.1510346382856369,6870000
2018-12-12,0.1899999976158142,0.1940000057220459,0.1899999976158142,0.19200000166893005,0.15507300198078156,7402000
2018-12-13,0.19300000369548798,0.19599999487400055,0.19099999964237213,0.1940000057220459,0.15668834745883942,7274000
2018-12-14,0.19499999284744263,0.19699999690055847,0.1889999955892563,0.19300000369548798,0.15588067471981049,7132000
2018-12-17,0.1940000057220459,0.19699999690055847,0.19099999964237213,0.1940000057220459,0.15668834745883942,7488000
2018-12-18,0.19599999487400055,0.1979999989271164,0.1899999976158142,0.1940000057220459,0.15668834745883942,7658000
2018-12-19,0.1940000057220459,0.19499999284744263,0.1899999976158142,0.19300000369548798,0.15588067471981049,6508000
2018-12-20,0.19300000369548798,0.19300000369548798,0.1889999955892563,0.1899999976158142,0.1534576565027237,7535134
2018-12-21,0.1899999976158142,0.1899999976158142,0.18199999630451202,0.1860000044107437,0.15022698044776917,7500000
2018-12-24,0.18700000643730164,0.18700000643730164,0.18299999833106995,0.1850000023841858,0.14941930770874023,3806000
2018-12-27,0.18799999356269836,0.1899999976158142,0.18400000035762787,0.18700000643730164,0.1510346382856369,7646000
2018-12-28,0.18700000643730164,0.18700000643730164,0.1809999942779541,0.1860000044107437,0.15022698044776917,7304702
2018-12-31,0.1860000044107437,0.18799999356269836,0.1850000023841858,0.1850000023841858,0.14941930770874023,3908000
2019-01-02,0.1860000044107437,0.18799999356269836,0.17900000512599945,0.18199999630451202,0.14699628949165344,7940000
2019-01-03,0.18400000035762787,0.1979999989271164,0.18400000035762787,0.19200000166893005,0.15507300198078156,7751134
2019-01-04,0.19900000095367432,0.20100000500679016,0.18799999356269836,0.18799999356269836,0.15184231102466583,7858000
2019-01-07,0.1899999976158142,0.1899999976158142,0.1720000058412552,0.1770000010728836,0.1429579257965088,8336000
2019-01-08,0.18199999630451202,0.18199999630451202,0.17000000178813934,0.17000000178813934,0.13730423152446747,7442000
2019-01-09,0.1720000058412552,0.17800000309944153,0.16599999368190765,0.16899999976158142,0.13649654388427734,7888000
2019-01-10,0.1720000058412552,0.18199999630451202,0.17000000178813934,0.18199999630451202,0.14699628949165344,8356000
2019-01-11,0.18199999630451202,0.19499999284744263,0.18199999630451202,0.1899999976158142,0.1534576565027237,9298000
2019-01-14,0.1889999955892563,0.19300000369548798,0.18799999356269836,0.19300000369548798,0.15588067471981049,6348000
2019-01-15,0.19300000369548798,0.1940000057220459,0.19099999964237213,0.19200000166893005,0.15507300198078156,8210000
2019-01-16,0.19300000369548798,0.1979999989271164,0.1889999955892563,0.19599999487400055,0.15830367803573608,7758000
2019-01-17,0.19699999690055847,0.19900000095367432,0.19599999487400055,0.1979999989271164,0.15991903841495514,7229674
2019-01-18,0.1979999989271164,0.2029999941587448,0.1979999989271164,0.20000000298023224,0.1615343689918518,7884593
2019-01-21,0.20100000500679016,0.20399999618530273,0.19499999284744263,0.2029999941587448,0.1639573723077774,7648000
2019-01-22,0.20200000703334808,0.20600000023841858,0.20200000703334808,0.20499999821186066,0.16557273268699646,7206000
2019-01-23,0.20399999618530273,0.20800000429153442,0.20399999618530273,0.20800000429153442,0.16799575090408325,7476000
2019-01-24,0.20600000023841858,0.20900000631809235,0.20399999618530273,0.20800000429153442,0.16799575090408325,7299133
2019-01-25,0.2070000022649765,0.20900000631809235,0.20499999821186066,0.20800000429153442,0.16799575090408325,7534745
2019-01-28,0.2070000022649765,0.20900000631809235,0.20600000023841858,0.20800000429153442,0.16799575090408325,7428835
2019-01-29,0.2070000022649765,0.210999995470047,0.20499999821186066,0.20900000631809235,0.16880342364311218,7440000
2019-01-30,0.20900000631809235,0.21199999749660492,0.20600000023841858,0.20999999344348907,0.1696110963821411,7546000
2019-01-31,0.20999999344348907,0.21199999749660492,0.2070000022649765,0.21199999749660492,0.17122642695903778,6454539
2019-02-01,0.210999995470047,0.22599999606609344,0.210999995470047,0.22499999403953552,0.18172615766525269,7062000
2019-02-04,0.2240000069141388,0.22699999809265137,0.2199999988079071,0.22699999809265137,0.18334150314331055,3672000
2019-02-08,0.22599999606609344,0.2280000001192093,0.2199999988079071,0.2280000001192093,0.18414917588233948,6672538
2019-02-11,0.22699999809265137,0.23199999332427979,0.22699999809265137,0.23199999332427979,0.1873798668384552,6632000
2019-02-12,0.23399999737739563,0.26499998569488525,0.23000000417232513,0.26499998569488525,0.21403303742408752,7479242
2019-02-13,0.26499998569488525,0.2750000059604645,0.2549999952316284,0.2750000059604645,0.22210976481437683,6340917
2019-02-14,0.27000001072883606,0.2800000011920929,0.25999999046325684,0.2800000011920929,0.22614812850952148,5851674
2019-02-15,0.2750000059604645,0.2849999964237213,0.27000001072883606,0.2800000011920929,0.22614812850952148,5902000
2019-02-18,0.2800000011920929,0.2849999964237213,0.2750000059604645,0.2800000011920929,0.22614812850952148,5414269
2019-02-19,0.2750000059604645,0.2849999964237213,0.27000001072883606,0.2750000059604645,0.22210976481437683,6159242
2019-02-20,0.27000001072883606,0.2800000011920929,0.26499998569488525,0.2800000011920929,0.22614812850952148,5906000
2019-02-21,0.2750000059604645,0.2800000011920929,0.27000001072883606,0.2750000059604645,0.22210976481437683,5564000
2019-02-22,0.2750000059604645,0.2800000011920929,0.2549999952316284,0.26499998569488525,0.21403303742408752,5642210
2019-02-25,0.25999999046325684,0.27000001072883606,0.24500000476837158,0.24899999797344208,0.20111030340194702,7422000
2019-02-26,0.2460000067949295,0.2549999952316284,0.20999999344348907,0.2160000056028366,0.1744571328163147,21072000
2019-02-27,0.2150000035762787,0.2160000056028366,0.20399999618530273,0.21299999952316284,0.1720341145992279,8534106
2019-02-28,0.2150000035762787,0.22200000286102295,0.21199999749660492,0.21699999272823334,0.17526479065418243,7682000
2019-03-01,0.21699999272823334,0.23000000417232513,0.21699999272823334,0.22499999403953552,0.18172615766525269,7240120
2019-03-04,0.22699999809265137,0.23499999940395355,0.22699999809265137,0.2290000021457672,0.1849568635225296,6486265
2019-03-05,0.2290000021457672,0.23499999940395355,0.22200000286102295,0.2240000069141388,0.18091849982738495,7107134
2019-03-06,0.22499999403953552,0.23000000417232513,0.20999999344348907,0.21799999475479126,0.17607246339321136,7453609
2019-03-07,0.21799999475479126,0.22300000488758087,0.2150000035762787,0.2150000035762787,0.17364944517612457,6989134
2019-03-08,0.21799999475479126,0.22300000488758087,0.20900000631809235,0.21299999952316284,0.1720341145992279,9086000
2019-03-11,0.21400000154972076,0.2240000069141388,0.20900000631809235,0.22200000286102295,0.1793031543493271,7522000
2019-03-12,0.2240000069141388,0.26499998569488525,0.21899999678134918,0.26499998569488525,0.21403303742408752,30563837
2019-03-13,0.26499998569488525,0.27000001072883606,0.23499999940395355,0.2549999952316284,0.2059563249349594,8766000
2019-03-14,0.25999999046325684,0.25999999046325684,0.23600000143051147,0.24500000476837158,0.1978796124458313,7552000
2019-03-15,0.25,0.26499998569488525,0.24500000476837158,0.25,0.20191796123981476,6644000
2019-03-18,0.25,0.2549999952316284,0.24500000476837158,0.2549999952316284,0.2059563249349594,5816000
2019-03-19,0.25,0.2549999952316284,0.24899999797344208,0.25,0.20191796123981476,6074000
2019-03-20,0.24899999797344208,0.25,0.24400000274181366,0.24899999797344208,0.20111030340194702,6296053
2019-03-21,0.25,0.25,0.24400000274181366,0.25,0.20191796123981476,5644000
2019-03-22,0.25,0.25,0.24500000476837158,0.24699999392032623,0.19949495792388916,6212000
2019-03-25,0.24500000476837158,0.2549999952316284,0.2409999966621399,0.24699999392032623,0.19949495792388916,6108000
2019-03-26,0.25,0.2549999952316284,0.24300000071525574,0.2460000067949295,0.19868728518486023,6324000
2019-03-27,0.2460000067949295,0.2460000067949295,0.23899999260902405,0.23999999463558197,0.19384123384952545,5748000
2019-03-28,0.24199999868869781,0.24500000476837158,0.23600000143051147,0.23899999260902405,0.19303356111049652,6608000
2019-03-29,0.23899999260902405,0.23999999463558197,0.23000000417232513,0.23999999463558197,0.19384123384952545,6150000
2019-04-01,0.2370000034570694,0.23899999260902405,0.2199999988079071,0.22599999606609344,0.1825338453054428,8014000
2019-04-02,0.2280000001192093,0.23999999463558197,0.22699999809265137,0.2329999953508377,0.18818753957748413,5984000
2019-04-03,0.23199999332427979,0.2329999953508377,0.22499999403953552,0.2280000001192093,0.18414917588233948,6616000
2019-04-04,0.23000000417232513,0.23000000417232513,0.2150000035762787,0.21799999475479126,0.17607246339321136,7802000
2019-04-08,0.21799999475479126,0.22699999809265137,0.21699999272823334,0.2240000069141388,0.18091849982738495,6790000
2019-04-09,0.2240000069141388,0.23000000417232513,0.2199999988079071,0.22200000286102295,0.1793031543493271,6704000
2019-04-10,0.2240000069141388,0.2290000021457672,0.2199999988079071,0.22499999403953552,0.18172615766525269,6395134
2019-04-11,0.22599999606609344,0.23000000417232513,0.21899999678134918,0.21899999678134918,0.1768801361322403,6490000
2019-04-12,0.22300000488758087,0.22499999403953552,0.21699999272823334,0.22200000286102295,0.1793031543493271,6636000
2019-04-15,0.22499999403953552,0.23199999332427979,0.22499999403953552,0.22699999809265137,0.18334150314331055,6792000
2019-04-16,0.23000000417232513,0.23000000417232513,0.22599999606609344,0.22699999809265137,0.18334150314331055,6600000
2019-04-17,0.2280000001192093,0.2290000021457672,0.2240000069141388,0.22599999606609344,0.1825338453054428,6856000
2019-04-18,0.22599999606609344,0.2280000001192093,0.2240000069141388,0.22499999403953552,0.18172615766525269,6520000
2019-04-23,0.22300000488758087,0.2240000069141388,0.21699999272823334,0.21899999678134918,0.1768801361322403,6508000
2019-04-24,0.21899999678134918,0.2199999988079071,0.21199999749660492,0.21799999475479126,0.17607246339321136,6428539
2019-04-25,0.21899999678134918,0.23999999463558197,0.2160000056028366,0.2199999988079071,0.17768780887126923,21470046
2019-04-26,0.22200000286102295,0.23899999260902405,0.22100000083446503,0.23399999737739563,0.18899521231651306,6732377
2019-04-29,0.23000000417232513,0.23600000143051147,0.2199999988079071,0.2280000001192093,0.18414917588233948,6390000
2019-04-30,0.23000000417232513,0.24500000476837158,0.2290000021457672,0.24500000476837158,0.1978796124458313,8080000
2019-05-02,0.23999999463558197,0.24300000071525574,0.2199999988079071,0.22100000083446503,0.17849548161029816,8298000
2019-05-03,0.22599999606609344,0.23199999332427979,0.22200000286102295,0.22599999606609344,0.1825338453054428,6520000
2019-05-06,0.2240000069141388,0.22499999403953552,0.20000000298023224,0.22499999403953552,0.18172615766525269,7332000
2019-05-07,0.22499999403953552,0.23199999332427979,0.22100000083446503,0.22699999809265137,0.18334150314331055,6160000
2019-05-08,0.2199999988079071,0.23000000417232513,0.20600000023841858,0.21699999272823334,0.17526479065418243,7132000
2019-05-09,0.21699999272823334,0.21699999272823334,0.20000000298023224,0.20499999821186066,0.16557273268699646,7862000
2019-05-10,0.20499999821186066,0.20900000631809235,0.19599999487400055,0.19699999690055847,0.15911135077476501,7472000
2019-05-14,0.19699999690055847,0.19699999690055847,0.1899999976158142,0.19499999284744263,0.15749600529670715,7758000
2019-05-15,0.19200000166893005,0.19699999690055847,0.19099999964237213,0.19499999284744263,0.15749600529670715,7092000
2019-05-16,0.19499999284744263,0.20600000023841858,0.1940000057220459,0.20600000023841858,0.1663804054260254,7185134
2019-05-17,0.20800000429153442,0.21400000154972076,0.19099999964237213,0.1979999989271164,0.15991903841495514,6818000
2019-05-20,0.20200000703334808,0.20900000631809235,0.20200000703334808,0.2070000022649765,0.16718807816505432,7840000
2019-05-21,0.20800000429153442,0.20800000429153442,0.19900000095367432,0.20499999821186066,0.16557273268699646,6550000
2019-05-22,0.20600000023841858,0.20600000023841858,0.1940000057220459,0.20000000298023224,0.1615343689918518,7270000
2019-05-23,0.20200000703334808,0.20499999821186066,0.20200000703334808,0.20200000703334808,0.16314972937107086,6984000
2019-05-24,0.20399999618530273,0.20600000023841858,0.19900000095367432,0.20000000298023224,0.1615343689918518,6768000
2019-05-27,0.20200000703334808,0.20399999618530273,0.19900000095367432,0.20000000298023224,0.1615343689918518,7464000
2019-05-28,0.20000000298023224,0.20100000500679016,0.19599999487400055,0.1979999989271164,0.15991903841495514,7434000
2019-05-29,0.19900000095367432,0.2029999941587448,0.1899999976158142,0.19900000095367432,0.16072669625282288,7036000
2019-05-30,0.1940000057220459,0.19900000095367432,0.1809999942779541,0.1979999989271164,0.15991903841495514,6978000
2019-05-31,0.19499999284744263,0.1979999989271164,0.1940000057220459,0.19599999487400055,0.15830367803573608,7214000
2019-06-03,0.19599999487400055,0.1979999989271164,0.1940000057220459,0.1979999989271164,0.15991903841495514,7698000
2019-06-04,0.19499999284744263,0.20000000298023224,0.19200000166893005,0.1979999989271164,0.15991903841495514,7878000
2019-06-05,0.19599999487400055,0.19599999487400055,0.19300000369548798,0.1940000057220459,0.15668834745883942,6962000
2019-06-06,0.1940000057220459,0.19499999284744263,0.1889999955892563,0.19300000369548798,0.15588067471981049,7672000
2019-06-10,0.19499999284744263,0.19499999284744263,0.18799999356269836,0.1899999976158142,0.1534576565027237,7718000
2019-06-11,0.1899999976158142,0.1899999976158142,0.1850000023841858,0.1850000023841858,0.14941930770874023,7598000
2019-06-12,0.18700000643730164,0.1899999976158142,0.18700000643730164,0.1889999955892563,0.15264998376369476,7286000
2019-06-13,0.18799999356269836,0.1899999976158142,0.1860000044107437,0.18799999356269836,0.15184231102466583,7322000
2019-06-14,0.18799999356269836,0.1899999976158142,0.18700000643730164,0.18799999356269836,0.15184231102466583,7524000
2019-06-17,0.1889999955892563,0.1899999976158142,0.18799999356269836,0.1899999976158142,0.1534576565027237,7658000
2019-06-18,0.1889999955892563,0.1899999976158142,0.18799999356269836,0.1899999976158142,0.1534576565027237,7596000
2019-06-19,0.1889999955892563,0.1899999976158142,0.18799999356269836,0.1899999976158142,0.1534576565027237,7372000
2019-06-20,0.1899999976158142,0.1899999976158142,0.18700000643730164,0.1899999976158142,0.1534576565027237,8074000
2019-06-21,0.18799999356269836,0.1899999976158142,0.18700000643730164,0.1899999976158142,0.1534576565027237,7110000
2019-06-24,0.1889999955892563,0.1899999976158142,0.18400000035762787,0.18400000035762787,0.1486116200685501,7874000
2019-06-25,0.1850000023841858,0.1889999955892563,0.1850000023841858,0.1889999955892563,0.15264998376369476,7168000
2019-06-26,0.1850000023841858,0.18700000643730164,0.1809999942779541,0.1860000044107437,0.15022698044776917,6946000
2019-06-27,0.18299999833106995,0.1899999976158142,0.18299999833106995,0.1899999976158142,0.1534576565027237,8024000
2019-06-28,0.1889999955892563,0.1899999976158142,0.18700000643730164,0.1899999976158142,0.1534576565027237,7276000
2019-07-02,0.1889999955892563,0.1899999976158142,0.18799999356269836,0.1899999976158142,0.1534576565027237,7392000
2019-07-03,0.1899999976158142,0.1899999976158142,0.1850000023841858,0.18799999356269836,0.15184231102466583,7366000
2019-07-04,0.18799999356269836,0.1889999955892563,0.1860000044107437,0.18700000643730164,0.1510346382856369,7804000
2019-07-05,0.18700000643730164,0.1899999976158142,0.18700000643730164,0.1899999976158142,0.1534576565027237,7156000
2019-07-08,0.1889999955892563,0.1899999976158142,0.18700000643730164,0.18799999356269836,0.15184231102466583,7212000
2019-07-09,0.18799999356269836,0.19099999964237213,0.18700000643730164,0.18700000643730164,0.1510346382856369,7400000
2019-07-10,0.18700000643730164,0.19099999964237213,0.17900000512599945,0.18799999356269836,0.15184231102466583,7803118
2019-07-11,0.18700000643730164,0.18799999356269836,0.18299999833106995,0.18700000643730164,0.1510346382856369,7832000
2019-07-12,0.18700000643730164,0.1889999955892563,0.17000000178813934,0.17900000512599945,0.14457327127456665,8472000
2019-07-15,0.17399999499320984,0.17499999701976776,0.16500000655651093,0.17000000178813934,0.13730423152446747,8956000
2019-07-16,0.17000000178813934,0.17599999904632568,0.17000000178813934,0.17599999904632568,0.14215025305747986,8919405
2019-07-17,0.17599999904632568,0.18700000643730164,0.17599999904632568,0.18299999833106995,0.14780394732952118,8334000
2019-07-18,0.18299999833106995,0.18799999356269836,0.17900000512599945,0.18000000715255737,0.14538094401359558,7200000
2019-07-19,0.18000000715255737,0.1860000044107437,0.18000000715255737,0.1860000044107437,0.15022698044776917,7928000
2019-07-22,0.1860000044107437,0.18700000643730164,0.1850000023841858,0.18700000643730164,0.1510346382856369,7402000
2019-07-23,0.18700000643730164,0.19900000095367432,0.18400000035762787,0.1860000044107437,0.15022698044776917,6974000
2019-07-24,0.1860000044107437,0.19900000095367432,0.1860000044107437,0.19699999690055847,0.15911135077476501,7564000
2019-07-25,0.19599999487400055,0.19900000095367432,0.19599999487400055,0.19699999690055847,0.15911135077476501,7280000
2019-07-26,0.19599999487400055,0.1979999989271164,0.19599999487400055,0.1979999989271164,0.15991903841495514,7272000
2019-07-29,0.19699999690055847,0.19900000095367432,0.19699999690055847,0.19900000095367432,0.16072669625282288,7254000
2019-07-30,0.19699999690055847,0.19900000095367432,0.1940000057220459,0.1979999989271164,0.15991903841495514,6733134
2019-07-31,0.1979999989271164,0.1979999989271164,0.19599999487400055,0.1979999989271164,0.15991903841495514,5522000
2019-08-01,0.19699999690055847,0.1979999989271164,0.19300000369548798,0.1979999989271164,0.15991903841495514,7966000
2019-08-02,0.1940000057220459,0.19499999284744263,0.19200000166893005,0.1940000057220459,0.15668834745883942,6768000
2019-08-05,0.1940000057220459,0.1940000057220459,0.1889999955892563,0.1899999976158142,0.1534576565027237,6990000
2019-08-06,0.1899999976158142,0.19200000166893005,0.1770000010728836,0.17800000309944153,0.14376559853553772,7328000
2019-08-07,0.18199999630451202,0.1899999976158142,0.16500000655651093,0.17100000381469727,0.1381118893623352,7498000
2019-08-08,0.16899999976158142,0.17100000381469727,0.1679999977350235,0.17000000178813934,0.13730423152446747,8136000
2019-08-09,0.17000000178813934,0.1899999976158142,0.17000000178813934,0.18799999356269836,0.15184231102466583,7230000
2019-08-12,0.18799999356269836,0.18799999356269836,0.18799999356269836,0.18799999356269836,0.15184231102466583,0
2019-08-13,0.18799999356269836,0.18799999356269836,0.18299999833106995,0.18299999833106995,0.14780394732952118,62000
2019-08-14,0.18000000715255737,0.18299999833106995,0.18000000715255737,0.18299999833106995,0.14780394732952118,134000
2019-08-15,0.18299999833106995,0.18299999833106995,0.18299999833106995,0.18299999833106995,0.14780394732952118,0
2019-08-16,0.18299999833106995,0.18299999833106995,0.18299999833106995,0.18199999630451202,0.14699628949165344,40000
2019-08-19,0.18000000715255737,0.18000000715255737,0.18000000715255737,0.18000000715255737,0.14538094401359558,0
2019-08-20,0.18000000715255737,0.18000000715255737,0.18000000715255737,0.18000000715255737,0.14538094401359558,0
2019-08-21,0.17399999499320984,0.17399999499320984,0.17399999499320984,0.17399999499320984,0.140534907579422,0
2019-08-22,0.17399999499320984,0.17399999499320984,0.17399999499320984,0.17399999499320984,0.140534907579422,0
2019-08-23,0.17100000381469727,0.17299999296665192,0.15800000727176666,0.17299999296665192,0.13972723484039307,570000
2019-08-26,0.1720000058412552,0.1720000058412552,0.1720000058412552,0.1720000058412552,0.13891956210136414,0
2019-08-27,0.16899999976158142,0.17000000178813934,0.1509999930858612,0.17000000178813934,0.13730423152446747,228000
2019-08-28,0.18000000715255737,0.18000000715255737,0.1509999930858612,0.17299999296665192,0.13972723484039307,484000
2019-08-29,0.17499999701976776,0.17800000309944153,0.1720000058412552,0.17599999904632568,0.14215025305747986,764000
2019-08-30,0.18000000715255737,0.18400000035762787,0.18000000715255737,0.18400000035762787,0.1486116200685501,721347
2019-09-02,0.18400000035762787,0.19200000166893005,0.18400000035762787,0.19200000166893005,0.15507300198078156,494000
2019-09-03,0.19200000166893005,0.19200000166893005,0.19200000166893005,0.19200000166893005,0.15507300198078156,0
2019-09-04,0.19099999964237213,0.19099999964237213,0.19099999964237213,0.19099999964237213,0.15426532924175262,0
2019-09-05,0.19099999964237213,0.19099999964237213,0.19099999964237213,0.19099999964237213,0.15426532924175262,0
2019-09-06,0.19099999964237213,0.19099999964237213,0.19099999964237213,0.19099999964237213,0.15426532924175262,0
2019-09-09,0.19099999964237213,0.19099999964237213,0.19099999964237213,0.19099999964237213,0.15426532924175262,0
2019-09-10,0.16899999976158142,0.19099999964237213,0.1679999977350235,0.19099999964237213,0.15426532924175262,396269
2019-09-11,0.1889999955892563,0.20399999618530273,0.1889999955892563,0.20399999618530273,0.16476505994796753,594000
2019-09-12,0.20399999618530273,0.20399999618530273,0.19499999284744263,0.20000000298023224,0.1615343689918518,170000
2019-09-13,0.20000000298023224,0.20000000298023224,0.20000000298023224,0.20000000298023224,0.1615343689918518,0
2019-09-16,0.19699999690055847,0.2029999941587448,0.19699999690055847,0.2029999941587448,0.1639573723077774,146000
2019-09-17,0.19900000095367432,0.2070000022649765,0.1979999989271164,0.2070000022649765,0.16718807816505432,202000
2019-09-18,0.20399999618530273,0.20399999618530273,0.20399999618530273,0.20399999618530273,0.16476505994796753,48000
2019-09-19,0.20200000703334808,0.20200000703334808,0.20200000703334808,0.20200000703334808,0.16314972937107086,0
2019-09-20,0.18799999356269836,0.1979999989271164,0.18700000643730164,0.1940000057220459,0.15668834745883942,1094269
2019-09-23,0.17399999499320984,0.1940000057220459,0.17100000381469727,0.1940000057220459,0.15668834745883942,752000
2019-09-24,0.1940000057220459,0.1940000057220459,0.1940000057220459,0.1940000057220459,0.15668834745883942,0
2019-09-25,0.17499999701976776,0.19099999964237213,0.17499999701976776,0.19099999964237213,0.15426532924175262,700000
2019-09-26,0.1899999976158142,0.1899999976158142,0.1899999976158142,0.1899999976158142,0.1534576565027237,0
2019-09-27,0.18000000715255737,0.18000000715255737,0.18000000715255737,0.18000000715255737,0.14538094401359558,0
2019-09-30,0.18000000715255737,0.18000000715255737,0.18000000715255737,0.18000000715255737,0.14538094401359558,12000
2019-10-02,0.18000000715255737,0.18000000715255737,0.18000000715255737,0.18000000715255737,0.14538094401359558,0
2019-10-03,0.18000000715255737,0.18000000715255737,0.18000000715255737,0.18000000715255737,0.14538094401359558,0
2019-10-04,0.18799999356269836,0.1899999976158142,0.18799999356269836,0.1889999955892563,0.15264998376369476,286000
2019-10-08,0.1889999955892563,0.1889999955892563,0.1889999955892563,0.1889999955892563,0.15264998376369476,0
2019-10-09,0.1889999955892563,0.1889999955892563,0.1889999955892563,0.1889999955892563,0.15264998376369476,0
2019-10-10,0.1770000010728836,0.18700000643730164,0.1770000010728836,0.18400000035762787,0.1486116200685501,74000
2019-10-11,0.18400000035762787,0.18400000035762787,0.18400000035762787,0.18400000035762787,0.1486116200685501,0
2019-10-14,0.18400000035762787,0.18400000035762787,0.18400000035762787,0.18400000035762787,0.1486116200685501,0
2019-10-15,0.18400000035762787,0.18400000035762787,0.18400000035762787,0.18400000035762787,0.1486116200685501,0
2019-10-16,0.17299999296665192,0.17299999296665192,0.1720000058412552,0.1720000058412552,0.13891956210136414,37134
2019-10-17,0.1720000058412552,0.1720000058412552,0.1720000058412552,0.1720000058412552,0.13891956210136414,0
2019-10-18,0.1720000058412552,0.1720000058412552,0.1720000058412552,0.1720000058412552,0.13891956210136414,0
2019-10-21,0.1720000058412552,0.1720000058412552,0.1720000058412552,0.1720000058412552,0.13891956210136414,0
2019-10-22,0.1720000058412552,0.1720000058412552,0.1720000058412552,0.1720000058412552,0.13891956210136414,0
2019-10-23,0.17399999499320984,0.17399999499320984,0.17399999499320984,0.17399999499320984,0.140534907579422,0
2019-10-24,0.17399999499320984,0.17399999499320984,0.17399999499320984,0.17399999499320984,0.140534907579422,0
2019-10-25,0.17399999499320984,0.17399999499320984,0.17399999499320984,0.17399999499320984,0.140534907579422,0
2019-10-28,0.17399999499320984,0.17399999499320984,0.17399999499320984,0.17399999499320984,0.140534907579422,0
2019-10-29,0.17399999499320984,0.17399999499320984,0.17399999499320984,0.17399999499320984,0.140534907579422,0
2019-10-30,0.17399999499320984,0.17399999499320984,0.17399999499320984,0.17399999499320984,0.140534907579422,0
2019-10-31,0.17399999499320984,0.17399999499320984,0.17399999499320984,0.17399999499320984,0.140534907579422,14000
2019-11-01,0.16899999976158142,0.17499999701976776,0.16899999976158142,0.17499999701976776,0.14134256541728973,124000
2019-11-04,0.16599999368190765,0.18000000715255737,0.15199999511241913,0.18000000715255737,0.14538094401359558,1506000
2019-11-05,0.17900000512599945,0.17900000512599945,0.17900000512599945,0.17900000512599945,0.14457327127456665,0
2019-11-06,0.15700000524520874,0.18000000715255737,0.1550000011920929,0.17900000512599945,0.14457327127456665,2196000
2019-11-07,0.164000004529953,0.17900000512599945,0.164000004529953,0.17900000512599945,0.14457327127456665,702000
2019-11-08,0.16699999570846558,0.18000000715255737,0.16699999570846558,0.18000000715255737,0.14538094401359558,590000
2019-11-11,0.17100000381469727,0.17100000381469727,0.17000000178813934,0.17000000178813934,0.13730423152446747,70000
2019-11-12,0.1599999964237213,0.16599999368190765,0.1599999964237213,0.16500000655651093,0.13326585292816162,181404
2019-11-13,0.16500000655651093,0.16500000655651093,0.16500000655651093,0.16500000655651093,0.13326585292816162,0
2019-11-14,0.16899999976158142,0.16899999976158142,0.16300000250339508,0.16300000250339508,0.13165050745010376,82000
2019-11-15,0.164000004529953,0.164000004529953,0.164000004529953,0.164000004529953,0.13245819509029388,0
2019-11-18,0.16500000655651093,0.16500000655651093,0.16500000655651093,0.16500000655651093,0.13326585292816162,0
2019-11-19,0.16500000655651093,0.16500000655651093,0.16300000250339508,0.16300000250339508,0.13165050745010376,32000
2019-11-20,0.16300000250339508,0.16300000250339508,0.16099999845027924,0.16099999845027924,0.1300351768732071,300000
2019-11-21,0.15600000321865082,0.15600000321865082,0.15600000321865082,0.15600000321865082,0.12599681317806244,0
2019-11-22,0.15000000596046448,0.15000000596046448,0.1459999978542328,0.14800000190734863,0.11953543871641159,190000
2019-11-25,0.14900000393390656,0.1599999964237213,0.14900000393390656,0.15199999511241913,0.12276612222194672,182000
2019-11-26,0.1589999943971634,0.1599999964237213,0.15199999511241913,0.1550000011920929,0.1251891404390335,1352000
2019-11-27,0.15199999511241913,0.15399999916553497,0.1509999930858612,0.15299999713897705,0.12357379496097565,1578000
2019-11-28,0.15299999713897705,0.15299999713897705,0.15299999713897705,0.15299999713897705,0.12357379496097565,0
2019-11-29,0.14900000393390656,0.15299999713897705,0.13500000536441803,0.15299999713897705,0.12357379496097565,966000
2019-12-02,0.15000000596046448,0.15299999713897705,0.15000000596046448,0.1509999930858612,0.12195844203233719,402000
2019-12-03,0.1509999930858612,0.1509999930858612,0.1509999930858612,0.1509999930858612,0.12195844203233719,0
2019-12-04,0.1509999930858612,0.1509999930858612,0.1509999930858612,0.1509999930858612,0.12195844203233719,0
2019-12-05,0.1509999930858612,0.1509999930858612,0.1509999930858612,0.1509999930858612,0.12195844203233719,0
2019-12-06,0.1509999930858612,0.1509999930858612,0.1509999930858612,0.1509999930858612,0.12195844203233719,0
2019-12-09,0.1509999930858612,0.1509999930858612,0.1509999930858612,0.1509999930858612,0.12195844203233719,0
2019-12-10,0.1509999930858612,0.1509999930858612,0.1509999930858612,0.1509999930858612,0.12195844203233719,0
2019-12-11,0.1509999930858612,0.1509999930858612,0.1509999930858612,0.1509999930858612,0.12195844203233719,100000
2019-12-12,0.1509999930858612,0.1509999930858612,0.14499999582767487,0.15000000596046448,0.12115079164505005,704000
2019-12-13,0.1379999965429306,0.1550000011920929,0.1379999965429306,0.1550000011920929,0.1251891404390335,2700000
2019-12-16,0.1550000011920929,0.1550000011920929,0.1550000011920929,0.1550000011920929,0.1251891404390335,0
2019-12-17,0.1550000011920929,0.1550000011920929,0.1550000011920929,0.1550000011920929,0.1251891404390335,0
2019-12-18,0.15000000596046448,0.1550000011920929,0.14100000262260437,0.15399999916553497,0.12438147515058517,3408000
2019-12-19,0.1550000011920929,0.1550000011920929,0.1420000046491623,0.14399999380111694,0.11630474776029587,304000
2019-12-20,0.14399999380111694,0.14399999380111694,0.14399999380111694,0.14399999380111694,0.11630474776029587,0
2019-12-23,0.15199999511241913,0.15299999713897705,0.1420000046491623,0.15000000596046448,0.12115079164505005,366000
2019-12-24,0.15299999713897705,0.15299999713897705,0.15299999713897705,0.15299999713897705,0.12357379496097565,6000
2019-12-27,0.15199999511241913,0.15199999511241913,0.13699999451637268,0.1420000046491623,0.1146894097328186,1426000
2019-12-30,0.14000000059604645,0.14100000262260437,0.1379999965429306,0.14100000262260437,0.11388173699378967,192000
2019-12-31,0.14100000262260437,0.14100000262260437,0.14100000262260437,0.14100000262260437,0.11388173699378967,0
2020-01-02,0.14100000262260437,0.14300000667572021,0.14100000262260437,0.1420000046491623,0.1146894097328186,570000
2020-01-03,0.14100000262260437,0.14100000262260437,0.13600000739097595,0.13899999856948853,0.11226638406515121,4264000
2020-01-06,0.13500000536441803,0.13500000536441803,0.13500000536441803,0.13500000536441803,0.10903570801019669,300000
2020-01-07,0.13300000131130219,0.14000000059604645,0.13300000131130219,0.13500000536441803,0.10903570801019669,302000
2020-01-08,0.1379999965429306,0.14499999582767487,0.1379999965429306,0.14000000059604645,0.11307406425476074,2054000
2020-01-09,0.13899999856948853,0.1420000046491623,0.13899999856948853,0.14100000262260437,0.11388173699378967,606000
2020-01-10,0.14000000059604645,0.14300000667572021,0.14000000059604645,0.14000000059604645,0.11307406425476074,1860000
2020-01-13,0.14000000059604645,0.14000000059604645,0.14000000059604645,0.14000000059604645,0.11307406425476074,302000
2020-01-14,0.13699999451637268,0.13699999451637268,0.13699999451637268,0.13699999451637268,0.11065103858709335,0
2020-01-15,0.13899999856948853,0.13899999856948853,0.13899999856948853,0.13899999856948853,0.11226638406515121,102000
2020-01-16,0.13899999856948853,0.13899999856948853,0.13899999856948853,0.13899999856948853,0.11226638406515121,0
2020-01-17,0.13899999856948853,0.13899999856948853,0.13899999856948853,0.13899999856948853,0.11226638406515121,4000
2020-01-20,0.13899999856948853,0.13899999856948853,0.13899999856948853,0.13899999856948853,0.11226638406515121,0
2020-01-21,0.13099999725818634,0.13099999725818634,0.12200000137090683,0.12300000339746475,0.09934364259243011,592000
2020-01-22,0.13699999451637268,0.14000000059604645,0.13699999451637268,0.13899999856948853,0.11226638406515121,1900000
2020-01-23,0.13899999856948853,0.13899999856948853,0.13899999856948853,0.13899999856948853,0.11226638406515121,1622000
2020-01-24,0.13899999856948853,0.13899999856948853,0.13899999856948853,0.13899999856948853,0.11226638406515121,0
2020-01-29,0.1289999932050705,0.12999999523162842,0.1289999932050705,0.12999999523162842,0.10499733686447144,112702
2020-01-30,0.1289999932050705,0.13899999856948853,0.12300000339746475,0.13899999856948853,0.11226638406515121,1226000
2020-01-31,0.14000000059604645,0.1469999998807907,0.14000000059604645,0.14399999380111694,0.11630474776029587,1032000
2020-02-03,0.14399999380111694,0.14399999380111694,0.14399999380111694,0.14399999380111694,0.11630474776029587,0
2020-02-04,0.3499999940395355,0.4000000059604645,0.16099999845027924,0.17000000178813934,0.13730423152446747,19604134
2020-02-05,0.17499999701976776,0.18299999833106995,0.14800000190734863,0.15600000321865082,0.12599681317806244,6878000
2020-02-06,0.15800000727176666,0.16300000250339508,0.1420000046491623,0.1459999978542328,0.11792010068893433,6014000
2020-02-07,0.1459999978542328,0.15199999511241913,0.13899999856948853,0.14900000393390656,0.12034310400485992,2008540
2020-02-10,0.14499999582767487,0.15000000596046448,0.14399999380111694,0.1459999978542328,0.11792010068893433,1678000
2020-02-11,0.1459999978542328,0.1550000011920929,0.14499999582767487,0.14900000393390656,0.12034310400485992,1172000
2020-02-12,0.14900000393390656,0.1550000011920929,0.14800000190734863,0.15299999713897705,0.12357379496097565,2526000
2020-02-13,0.15000000596046448,0.1589999943971634,0.14800000190734863,0.15800000727176666,0.1276121735572815,4302000
2020-02-14,0.15299999713897705,0.1599999964237213,0.1420000046491623,0.1420000046491623,0.1146894097328186,2946000
2020-02-17,0.14499999582767487,0.14499999582767487,0.13500000536441803,0.1420000046491623,0.1146894097328186,1742000
2020-02-18,0.14300000667572021,0.14300000667572021,0.14300000667572021,0.14300000667572021,0.11549708247184753,0
2020-02-19,0.14499999582767487,0.15399999916553497,0.14499999582767487,0.15399999916553497,0.12438147515058517,940000
2020-02-20,0.1469999998807907,0.15399999916553497,0.1469999998807907,0.15299999713897705,0.12357379496097565,1368000
2020-02-21,0.15299999713897705,0.15299999713897705,0.1469999998807907,0.14800000190734863,0.11953543871641159,1950000
2020-02-24,0.1469999998807907,0.1469999998807907,0.1469999998807907,0.1469999998807907,0.11872776597738266,0
2020-02-25,0.14000000059604645,0.14300000667572021,0.13500000536441803,0.13699999451637268,0.11065103858709335,362269
2020-02-26,0.14900000393390656,0.14900000393390656,0.1379999965429306,0.14900000393390656,0.12034310400485992,206000
2020-02-27,0.14000000059604645,0.14399999380111694,0.13899999856948853,0.13899999856948853,0.11226638406515121,226000
2020-02-28,0.13899999856948853,0.13899999856948853,0.13099999725818634,0.13199999928474426,0.1066126823425293,792000
2020-03-02,0.13199999928474426,0.14100000262260437,0.12999999523162842,0.14100000262260437,0.11388173699378967,34000
2020-03-03,0.13600000739097595,0.13600000739097595,0.1289999932050705,0.13099999725818634,0.10580500960350037,533944
2020-03-04,0.1340000033378601,0.1340000033378601,0.125,0.13300000131130219,0.10742036253213882,354000
2020-03-05,0.1379999965429306,0.14000000059604645,0.13099999725818634,0.1340000033378601,0.10822803527116776,1010000
2020-03-06,0.13099999725818634,0.13899999856948853,0.125,0.13500000536441803,0.10903570801019669,626000
2020-03-09,0.1340000033378601,0.13500000536441803,0.12600000202655792,0.13500000536441803,0.10903570801019669,632000
2020-03-10,0.13500000536441803,0.13500000536441803,0.13500000536441803,0.13500000536441803,0.10903570801019669,0
2020-03-11,0.13500000536441803,0.1420000046491623,0.13099999725818634,0.13099999725818634,0.10580500960350037,378000
2020-03-12,0.125,0.13300000131130219,0.12399999797344208,0.13099999725818634,0.10580500960350037,760000
2020-03-13,0.12300000339746475,0.12300000339746475,0.10000000149011612,0.11500000208616257,0.09288226813077927,2346000
2020-03-16,0.11100000143051147,0.12099999934434891,0.10499999672174454,0.11999999731779099,0.09692061692476273,1202000
2020-03-17,0.11900000274181366,0.12300000339746475,0.11900000274181366,0.12300000339746475,0.09934364259243011,54000
2020-03-18,0.12200000137090683,0.12800000607967377,0.11999999731779099,0.12800000607967377,0.10338199883699417,840000
2020-03-19,0.12800000607967377,0.12800000607967377,0.12800000607967377,0.12800000607967377,0.10338199883699417,0
2020-03-20,0.12999999523162842,0.13199999928474426,0.11699999868869781,0.12600000202655792,0.10176665335893631,1532000
2020-03-23,0.11999999731779099,0.12600000202655792,0.11500000208616257,0.12600000202655792,0.10176665335893631,450000
2020-03-24,0.125,0.12700000405311584,0.1080000028014183,0.1080000028014183,0.08722856640815735,4338000
2020-03-25,0.11699999868869781,0.11699999868869781,0.1080000028014183,0.11599999666213989,0.0936899334192276,760000
2020-03-26,0.11599999666213989,0.11999999731779099,0.10999999940395355,0.11900000274181366,0.09611295908689499,1210000
2020-03-27,0.11999999731779099,0.12300000339746475,0.11299999803304672,0.11299999803304672,0.0912669226527214,4131674
2020-03-30,0.11299999803304672,0.11400000005960464,0.10599999874830246,0.11100000143051147,0.08965157717466354,1840000
2020-03-31,0.11299999803304672,0.11500000208616257,0.10899999737739563,0.10899999737739563,0.08803623169660568,1856000
2020-04-01,0.10999999940395355,0.11400000005960464,0.10899999737739563,0.11299999803304672,0.0912669226527214,668000
2020-04-02,0.10999999940395355,0.11900000274181366,0.10999999940395355,0.11900000274181366,0.09611295908689499,64000
2020-04-03,0.11900000274181366,0.12200000137090683,0.11800000071525574,0.11999999731779099,0.09692061692476273,534000
2020-04-06,0.11999999731779099,0.12300000339746475,0.11999999731779099,0.11999999731779099,0.09692061692476273,150000
2020-04-07,0.11800000071525574,0.12600000202655792,0.11599999666213989,0.125,0.10095898061990738,1491226
2020-04-08,0.12399999797344208,0.125,0.12099999934434891,0.125,0.10095898061990738,664000
2020-04-09,0.125,0.125,0.125,0.125,0.10095898061990738,50000
2020-04-14,0.13199999928474426,0.13300000131130219,0.12999999523162842,0.13099999725818634,0.10580500960350037,624000
2020-04-15,0.125,0.13199999928474426,0.125,0.13099999725818634,0.10580500960350037,118000
2020-04-16,0.12999999523162842,0.12999999523162842,0.12999999523162842,0.12999999523162842,0.10499733686447144,0
2020-04-17,0.1289999932050705,0.12999999523162842,0.1289999932050705,0.12999999523162842,0.10499733686447144,62000
2020-04-20,0.12800000607967377,0.13500000536441803,0.12800000607967377,0.1340000033378601,0.10822803527116776,524000
2020-04-21,0.13300000131130219,0.13500000536441803,0.13300000131130219,0.13500000536441803,0.10903570801019669,178000
2020-04-22,0.11900000274181366,0.13500000536441803,0.11900000274181366,0.13500000536441803,0.10903570801019669,860000
2020-04-23,0.12999999523162842,0.13500000536441803,0.12999999523162842,0.13500000536441803,0.10903570801019669,64000
2020-04-24,0.13300000131130219,0.13300000131130219,0.13300000131130219,0.13300000131130219,0.10742036253213882,0
2020-04-27,0.13500000536441803,0.1379999965429306,0.1340000033378601,0.1340000033378601,0.10822803527116776,498000
2020-04-28,0.12399999797344208,0.13600000739097595,0.12399999797344208,0.13600000739097595,0.10984338074922562,76000
2020-04-29,0.13300000131130219,0.1340000033378601,0.13300000131130219,0.1340000033378601,0.10822803527116776,382000
2020-05-04,0.12999999523162842,0.12999999523162842,0.12999999523162842,0.12999999523162842,0.10499733686447144,0
2020-05-05,0.12999999523162842,0.12999999523162842,0.12999999523162842,0.12999999523162842,0.10499733686447144,0
2020-05-06,0.12099999934434891,0.1289999932050705,0.11999999731779099,0.12600000202655792,0.10176665335893631,378161
2020-05-07,0.12300000339746475,0.12300000339746475,0.12300000339746475,0.12300000339746475,0.09934364259243011,86000
2020-05-08,0.12300000339746475,0.12600000202655792,0.12099999934434891,0.12099999934434891,0.09772829711437225,180000
2020-05-11,0.1289999932050705,0.1289999932050705,0.11800000071525574,0.1289999932050705,0.1041896641254425,760000
2020-05-12,0.125,0.125,0.125,0.125,0.10095898061990738,0
2020-05-13,0.11800000071525574,0.125,0.11800000071525574,0.12600000202655792,0.10176665335893631,1579079
2020-05-14,0.12600000202655792,0.12600000202655792,0.12600000202655792,0.12600000202655792,0.10176665335893631,0
2020-05-15,0.12600000202655792,0.12600000202655792,0.12600000202655792,0.12600000202655792,0.10176665335893631,0
2020-05-18,0.12600000202655792,0.12600000202655792,0.12600000202655792,0.12600000202655792,0.10176665335893631,0
2020-05-19,0.12600000202655792,0.12600000202655792,0.12600000202655792,0.12600000202655792,0.10176665335893631,0
2020-05-20,0.12600000202655792,0.12600000202655792,0.12600000202655792,0.12600000202655792,0.10176665335893631,0
2020-05-21,0.12600000202655792,0.12600000202655792,0.12600000202655792,0.12600000202655792,0.10176665335893631,0
2020-05-22,0.125,0.1289999932050705,0.125,0.1289999932050705,0.1041896641254425,178000
2020-05-25,0.12800000607967377,0.12800000607967377,0.12800000607967377,0.12800000607967377,0.10338199883699417,0
2020-05-26,0.12800000607967377,0.12800000607967377,0.12800000607967377,0.12800000607967377,0.10338199883699417,0
2020-05-27,0.125,0.125,0.125,0.125,0.10095898061990738,0
2020-05-28,0.125,0.125,0.125,0.125,0.10095898061990738,0
2020-05-29,0.125,0.125,0.125,0.125,0.10095898061990738,0
2020-06-01,0.125,0.125,0.125,0.125,0.10095898061990738,0
2020-06-02,0.125,0.125,0.125,0.125,0.10095898061990738,0
2020-06-03,0.125,0.125,0.125,0.125,0.10095898061990738,0
2020-06-04,0.125,0.125,0.125,0.125,0.10095898061990738,0
2020-06-05,0.11500000208616257,0.1289999932050705,0.11500000208616257,0.1289999932050705,0.1041896641254425,64000
2020-06-08,0.12800000607967377,0.1289999932050705,0.12800000607967377,0.1289999932050705,0.1041896641254425,24000
2020-06-09,0.12800000607967377,0.12800000607967377,0.12800000607967377,0.12800000607967377,0.10338199883699417,0
2020-06-10,0.1120000034570694,0.13199999928474426,0.1120000034570694,0.12999999523162842,0.10499733686447144,760000
2020-06-11,0.12700000405311584,0.1289999932050705,0.12700000405311584,0.1289999932050705,0.1041896641254425,312000
2020-06-12,0.11800000071525574,0.1289999932050705,0.11800000071525574,0.1289999932050705,0.1041896641254425,148000
2020-06-15,0.1289999932050705,0.1289999932050705,0.1289999932050705,0.1289999932050705,0.1041896641254425,0
2020-06-16,0.11999999731779099,0.12399999797344208,0.11699999868869781,0.11999999731779099,0.09692061692476273,182000
2020-06-17,0.13099999725818634,0.13099999725818634,0.11599999666213989,0.125,0.10095898061990738,4656000
2020-06-18,0.11699999868869781,0.125,0.11699999868869781,0.11800000071525574,0.09530527889728546,104000
2020-06-19,0.11800000071525574,0.11800000071525574,0.11800000071525574,0.11800000071525574,0.09530527889728546,0
2020-06-22,0.11299999803304672,0.12099999934434891,0.11299999803304672,0.11299999803304672,0.0912669226527214,162000
2020-06-23,0.11400000005960464,0.11400000005960464,0.11299999803304672,0.11299999803304672,0.0912669226527214,116000
2020-06-24,0.11299999803304672,0.11299999803304672,0.11299999803304672,0.11299999803304672,0.0912669226527214,0
2020-06-26,0.11299999803304672,0.11299999803304672,0.11299999803304672,0.11299999803304672,0.0912669226527214,0
2020-06-29,0.12800000607967377,0.1289999932050705,0.125,0.125,0.10095898061990738,92000
2020-06-30,0.1289999932050705,0.1289999932050705,0.1289999932050705,0.1289999932050705,0.1041896641254425,0
2020-07-02,0.1289999932050705,0.1289999932050705,0.1289999932050705,0.1289999932050705,0.1041896641254425,0
2020-07-03,0.12399999797344208,0.13099999725818634,0.12399999797344208,0.12999999523162842,0.10499733686447144,82000
2020-07-06,0.12700000405311584,0.12700000405311584,0.12600000202655792,0.125,0.10095898061990738,108000
2020-07-07,0.12399999797344208,0.12800000607967377,0.12399999797344208,0.12800000607967377,0.10338199883699417,240000
2020-07-08,0.12999999523162842,0.12999999523162842,0.12999999523162842,0.12999999523162842,0.10499733686447144,50000
2020-07-09,0.1289999932050705,0.12999999523162842,0.1289999932050705,0.12999999523162842,0.10499733686447144,102000
2020-07-10,0.13199999928474426,0.13300000131130219,0.13099999725818634,0.13099999725818634,0.10580500960350037,98000
2020-07-13,0.12999999523162842,0.13199999928474426,0.12099999934434891,0.13199999928474426,0.1066126823425293,384000
2020-07-14,0.1289999932050705,0.13300000131130219,0.1289999932050705,0.13300000131130219,0.10742036253213882,322000
2020-07-15,0.13300000131130219,0.1340000033378601,0.13099999725818634,0.1340000033378601,0.10822803527116776,950000
2020-07-16,0.13199999928474426,0.13500000536441803,0.12999999523162842,0.13500000536441803,0.10903570801019669,856000
2020-07-17,0.1340000033378601,0.1340000033378601,0.13300000131130219,0.13300000131130219,0.10742036253213882,666000
2020-07-20,0.13300000131130219,0.13500000536441803,0.13300000131130219,0.13500000536441803,0.10903570801019669,366000
2020-07-21,0.13500000536441803,0.13500000536441803,0.13500000536441803,0.13500000536441803,0.10903570801019669,0
2020-07-22,0.13500000536441803,0.13500000536441803,0.13500000536441803,0.13500000536441803,0.10903570801019669,0
2020-07-23,0.13500000536441803,0.1379999965429306,0.13500000536441803,0.1379999965429306,0.11145871877670288,602000
2020-07-24,0.1379999965429306,0.13899999856948853,0.1379999965429306,0.13899999856948853,0.11226638406515121,102000
2020-07-27,0.13899999856948853,0.13899999856948853,0.13899999856948853,0.13899999856948853,0.11226638406515121,0
2020-07-28,0.13699999451637268,0.13699999451637268,0.13699999451637268,0.13699999451637268,0.11065103858709335,120000
2020-07-29,0.13699999451637268,0.13699999451637268,0.13699999451637268,0.13699999451637268,0.11065103858709335,0
2020-07-30,0.12999999523162842,0.13699999451637268,0.12800000607967377,0.12800000607967377,0.10338199883699417,511241
2020-07-31,0.12800000607967377,0.12800000607967377,0.12800000607967377,0.12800000607967377,0.10338199883699417,0
2020-08-03,0.12800000607967377,0.12800000607967377,0.12800000607967377,0.12800000607967377,0.10338199883699417,0
2020-08-04,0.12800000607967377,0.12800000607967377,0.12800000607967377,0.12800000607967377,0.10338199883699417,0
2020-08-05,0.11699999868869781,0.11699999868869781,0.11699999868869781,0.11800000071525574,0.09530527889728546,100000
2020-08-06,0.11800000071525574,0.12200000137090683,0.11800000071525574,0.11900000274181366,0.09611295908689499,94000
2020-08-07,0.11999999731779099,0.13199999928474426,0.10999999940395355,0.12099999934434891,0.09772829711437225,814000
2020-08-10,0.11699999868869781,0.11699999868869781,0.11699999868869781,0.11699999868869781,0.09449760615825653,0
2020-08-11,0.11699999868869781,0.11699999868869781,0.11699999868869781,0.11699999868869781,0.09449760615825653,0
2020-08-12,0.11699999868869781,0.11699999868869781,0.11699999868869781,0.11699999868869781,0.09449760615825653,0
2020-08-13,0.11699999868869781,0.11699999868869781,0.11699999868869781,0.11699999868869781,0.09449760615825653,0
2020-08-14,0.11800000071525574,0.11800000071525574,0.11699999868869781,0.11699999868869781,0.09449760615825653,268000
2020-08-17,0.11699999868869781,0.11699999868869781,0.11699999868869781,0.11699999868869781,0.09449760615825653,0
2020-08-18,0.11699999868869781,0.11699999868869781,0.11699999868869781,0.11699999868869781,0.09449760615825653,0
2020-08-19,0.11699999868869781,0.11699999868869781,0.11699999868869781,0.11699999868869781,0.09449760615825653,0
2020-08-20,0.11800000071525574,0.11800000071525574,0.11699999868869781,0.11699999868869781,0.09449760615825653,680000
2020-08-21,0.11699999868869781,0.11699999868869781,0.11400000005960464,0.11400000005960464,0.09207458794116974,398000
2020-08-24,0.11400000005960464,0.125,0.11400000005960464,0.125,0.10095898061990738,128000
2020-08-25,0.11599999666213989,0.11599999666213989,0.11500000208616257,0.11500000208616257,0.10095898061990738,110000
2020-08-26,0.12399999797344208,0.12399999797344208,0.12399999797344208,0.12399999797344208,0.10886012017726898,0
2020-08-27,0.11699999868869781,0.12399999797344208,0.11599999666213989,0.11599999666213989,0.10183688253164291,62000
2020-08-28,0.11999999731779099,0.1289999932050705,0.11999999731779099,0.1289999932050705,0.11324963718652725,86000
2020-08-31,0.11699999868869781,0.11699999868869781,0.11699999868869781,0.11699999868869781,0.10271479189395905,7270
2020-09-01,0.11800000071525574,0.12200000137090683,0.11699999868869781,0.11699999868869781,0.10271479189395905,74000
2020-09-02,0.11699999868869781,0.11699999868869781,0.11699999868869781,0.11699999868869781,0.10271479189395905,70000
2020-09-03,0.11699999868869781,0.11699999868869781,0.11699999868869781,0.11699999868869781,0.10271479189395905,0
2020-09-04,0.11699999868869781,0.11699999868869781,0.11699999868869781,0.11699999868869781,0.10271479189395905,0
2020-09-07,0.11699999868869781,0.11699999868869781,0.11699999868869781,0.11699999868869781,0.10271479189395905,0
2020-09-08,0.11699999868869781,0.11699999868869781,0.11699999868869781,0.11699999868869781,0.10271479189395905,0
2020-09-09,0.11699999868869781,0.12099999934434891,0.11699999868869781,0.12099999934434891,0.10622640699148178,16000
2020-09-10,0.12099999934434891,0.12099999934434891,0.12099999934434891,0.12099999934434891,0.10622640699148178,0
2020-09-11,0.11299999803304672,0.11299999803304672,0.11299999803304672,0.11299999803304672,0.09920316934585571,0
2020-09-14,0.11999999731779099,0.1120000034570694,0.1120000034570694,0.11999999731779099,0.10534849762916565,10000
2020-09-15,0.12300000339746475,0.1289999932050705,0.12300000339746475,0.1289999932050705,0.11324963718652725,354000
2020-09-16,0.12700000405311584,0.13500000536441803,0.12700000405311584,0.13500000536441803,0.11851707100868225,372000
2020-09-17,0.12300000339746475,0.13500000536441803,0.12300000339746475,0.13300000131130219,0.11676125973463058,784000
2020-09-18,0.1340000033378601,0.1340000033378601,0.13300000131130219,0.1340000033378601,0.11763916909694672,770000
2020-09-21,0.1340000033378601,0.1340000033378601,0.13199999928474426,0.13199999928474426,0.11588335037231445,590000
2020-09-22,0.12999999523162842,0.13300000131130219,0.12999999523162842,0.13300000131130219,0.11676125973463058,320000
2020-09-23,0.13300000131130219,0.13300000131130219,0.13300000131130219,0.13300000131130219,0.11676125973463058,0
2020-09-24,0.13300000131130219,0.13300000131130219,0.13300000131130219,0.13300000131130219,0.11676125973463058,0
2020-09-25,0.12099999934434891,0.13300000131130219,0.11599999666213989,0.13099999725818634,0.11500544846057892,1046000
2020-09-28,0.1289999932050705,0.13099999725818634,0.1289999932050705,0.13099999725818634,0.11500544846057892,368000
2020-09-29,0.12999999523162842,0.12999999523162842,0.12999999523162842,0.12999999523162842,0.11412753909826279,0
2020-09-30,0.11999999731779099,0.12999999523162842,0.11800000071525574,0.12999999523162842,0.11412753909826279,1238000
2020-10-05,0.12700000405311584,0.12800000607967377,0.12700000405311584,0.12800000607967377,0.11237174272537231,270000
2020-10-06,0.12200000137090683,0.12700000405311584,0.12099999934434891,0.12099999934434891,0.10622640699148178,468000
2020-10-07,0.12099999934434891,0.12099999934434891,0.12099999934434891,0.12099999934434891,0.10622640699148178,0
2020-10-08,0.11100000143051147,0.11599999666213989,0.10999999940395355,0.11599999666213989,0.10183688253164291,5338000
2020-10-09,0.11100000143051147,0.11500000208616257,0.1080000028014183,0.11500000208616257,0.10095898061990738,518000
2020-10-12,0.10999999940395355,0.1120000034570694,0.10599999874830246,0.1080000028014183,0.09481365233659744,70000
2020-10-14,0.1080000028014183,0.11299999803304672,0.10400000214576721,0.10999999940395355,0.09656946361064911,552000
2020-10-15,0.10899999737739563,0.10999999940395355,0.10899999737739563,0.10999999940395355,0.09656946361064911,360000
2020-10-16,0.10700000077486038,0.10899999737739563,0.10899999737739563,0.10899999737739563,0.09569155424833298,882000
2020-10-19,0.10999999940395355,0.11500000208616257,0.10899999737739563,0.11500000208616257,0.10095898061990738,834000
2020-10-20,0.11299999803304672,0.11500000208616257,0.10999999940395355,0.11500000208616257,0.10095898061990738,482000
2020-10-21,0.11400000005960464,0.11500000208616257,0.1120000034570694,0.11400000005960464,0.10008107870817184,864000
2020-10-22,0.11400000005960464,0.11400000005960464,0.11400000005960464,0.11400000005960464,0.10008107870817184,0
2020-10-23,0.11400000005960464,0.11400000005960464,0.11299999803304672,0.11400000005960464,0.10008107870817184,302000
2020-10-27,0.11500000208616257,0.11800000071525574,0.11500000208616257,0.11500000208616257,0.10095898061990738,194000
2020-10-28,0.1120000034570694,0.11800000071525574,0.1120000034570694,0.11599999666213989,0.10183688253164291,18000
2020-10-29,0.11299999803304672,0.11500000208616257,0.10700000077486038,0.11400000005960464,0.10008107870817184,1006000
2020-10-30,0.10999999940395355,0.11400000005960464,0.10700000077486038,0.11400000005960464,0.10008107870817184,286783
2020-11-02,0.11299999803304672,0.11699999868869781,0.11299999803304672,0.11599999666213989,0.10183688253164291,432000
2020-11-03,0.11500000208616257,0.11599999666213989,0.11500000208616257,0.11500000208616257,0.10095898061990738,202000
2020-11-04,0.10999999940395355,0.11500000208616257,0.1080000028014183,0.11500000208616257,0.10095898061990738,754000
2020-11-05,0.10999999940395355,0.11500000208616257,0.10999999940395355,0.11500000208616257,0.10095898061990738,318540
2020-11-06,0.11800000071525574,0.11999999731779099,0.11599999666213989,0.11800000071525574,0.10359269380569458,256000
2020-11-09,0.11900000274181366,0.11999999731779099,0.11900000274181366,0.11900000274181366,0.10447060316801071,220000
2020-11-10,0.11900000274181366,0.11999999731779099,0.11900000274181366,0.11900000274181366,0.10447060316801071,250000
2020-11-11,0.11999999731779099,0.11999999731779099,0.11999999731779099,0.11999999731779099,0.10534849762916565,180000
2020-11-12,0.11999999731779099,0.11999999731779099,0.11999999731779099,0.12099999934434891,0.10622640699148178,50000
2020-11-13,0.12099999934434891,0.12300000339746475,0.12099999934434891,0.12099999934434891,0.10622640699148178,302000
2020-11-16,0.12099999934434891,0.12300000339746475,0.11500000208616257,0.12099999934434891,0.10622640699148178,438000
2020-11-17,0.12300000339746475,0.125,0.12300000339746475,0.125,0.10973802208900452,102000
2020-11-18,0.125,0.125,0.125,0.125,0.10973802208900452,102000
2020-11-19,0.12700000405311584,0.12800000607967377,0.12700000405311584,0.12800000607967377,0.11237174272537231,202000
2020-11-20,0.12700000405311584,0.12999999523162842,0.12700000405311584,0.1289999932050705,0.11324963718652725,572000
2020-11-23,0.1289999932050705,0.12999999523162842,0.1289999932050705,0.12999999523162842,0.11412753909826279,244000
2020-11-24,0.12999999523162842,0.12999999523162842,0.12800000607967377,0.1289999932050705,0.11324963718652725,282000
2020-11-25,0.12600000202655792,0.1289999932050705,0.12600000202655792,0.1289999932050705,0.11324963718652725,700000
2020-11-26,0.1289999932050705,0.13099999725818634,0.11999999731779099,0.12999999523162842,0.11412753909826279,522269
2020-11-27,0.12800000607967377,0.13099999725818634,0.12800000607967377,0.13099999725818634,0.11500544846057892,954000
2020-11-30,0.13099999725818634,0.13099999725818634,0.13099999725818634,0.13099999725818634,0.11500544846057892,20000
2020-12-01,0.13099999725818634,0.13300000131130219,0.13099999725818634,0.13300000131130219,0.11676125973463058,102000
2020-12-02,0.12999999523162842,0.13300000131130219,0.12999999523162842,0.12999999523162842,0.11412753909826279,702000
2020-12-03,0.13199999928474426,0.1340000033378601,0.12999999523162842,0.1340000033378601,0.11763916909694672,602000
2020-12-04,0.1340000033378601,0.13600000739097595,0.1340000033378601,0.13600000739097595,0.11939498037099838,722000
2020-12-07,0.13500000536441803,0.13600000739097595,0.12200000137090683,0.1340000033378601,0.11763916909694672,1236000
2020-12-08,0.12399999797344208,0.13699999451637268,0.12399999797344208,0.13600000739097595,0.11939498037099838,2290000
2020-12-09,0.13500000536441803,0.1379999965429306,0.13500000536441803,0.1379999965429306,0.12115078419446945,840000
2020-12-10,0.13899999856948853,0.1420000046491623,0.13099999725818634,0.14000000059604645,0.12290659546852112,1274000
2020-12-11,0.13899999856948853,0.14100000262260437,0.13600000739097595,0.14100000262260437,0.12378448992967606,1472000
2020-12-14,0.14100000262260437,0.14300000667572021,0.1379999965429306,0.14300000667572021,0.12554030120372772,914000
2020-12-15,0.1420000046491623,0.15000000596046448,0.1420000046491623,0.1469999998807907,0.12905190885066986,2078000
2020-12-16,0.1469999998807907,0.15199999511241913,0.1469999998807907,0.1509999930858612,0.1325635313987732,1500000
2020-12-17,0.15299999713897705,0.1599999964237213,0.15299999713897705,0.15399999916553497,0.135197252035141,3113404
2020-12-18,0.15000000596046448,0.15299999713897705,0.14399999380111694,0.15000000596046448,0.13168564438819885,1494000
2020-12-21,0.14399999380111694,0.15399999916553497,0.14399999380111694,0.15399999916553497,0.135197252035141,694000
2020-12-22,0.15399999916553497,0.15399999916553497,0.15000000596046448,0.1509999930858612,0.1325635313987732,718000
2020-12-23,0.1509999930858612,0.15299999713897705,0.1509999930858612,0.15199999511241913,0.13344143331050873,732000
2020-12-24,0.15199999511241913,0.15199999511241913,0.15199999511241913,0.15199999511241913,0.13344143331050873,0
2020-12-28,0.1599999964237213,0.16200000047683716,0.15800000727176666,0.15800000727176666,0.13870887458324432,906000
2020-12-29,0.15800000727176666,0.16500000655651093,0.15800000727176666,0.16200000047683716,0.14222048223018646,1530000
2020-12-30,0.16300000250339508,0.16500000655651093,0.1589999943971634,0.16300000250339508,0.143098384141922,1596000
2020-12-31,0.16300000250339508,0.16300000250339508,0.16300000250339508,0.16300000250339508,0.143098384141922,0
2021-01-04,0.164000004529953,0.16500000655651093,0.1599999964237213,0.16500000655651093,0.14485418796539307,1792729
2021-01-05,0.16599999368190765,0.16699999570846558,0.16300000250339508,0.16300000250339508,0.143098384141922,342000
2021-01-06,0.16300000250339508,0.16300000250339508,0.14300000667572021,0.1509999930858612,0.1325635313987732,254000
2021-01-07,0.1509999930858612,0.1589999943971634,0.14499999582767487,0.15800000727176666,0.13870887458324432,116000
2021-01-08,0.14499999582767487,0.15800000727176666,0.14499999582767487,0.1550000011920929,0.13607515394687653,352000
2021-01-11,0.14900000393390656,0.15000000596046448,0.14499999582767487,0.14499999582767487,0.1272961050271988,116000
2021-01-12,0.1469999998807907,0.14800000190734863,0.1469999998807907,0.14800000190734863,0.1299298256635666,222000
2021-01-13,0.14900000393390656,0.15000000596046448,0.14900000393390656,0.14900000393390656,0.13080772757530212,734000
2021-01-14,0.14499999582767487,0.14900000393390656,0.14499999582767487,0.1469999998807907,0.12905190885066986,774000
2021-01-15,0.14800000190734863,0.14800000190734863,0.14300000667572021,0.14300000667572021,0.12554030120372772,524000
2021-01-18,0.14900000393390656,0.1550000011920929,0.14399999380111694,0.1509999930858612,0.1325635313987732,1412000
2021-01-19,0.15299999713897705,0.15700000524520874,0.14000000059604645,0.15299999713897705,0.13431933522224426,1382000
2021-01-20,0.14499999582767487,0.15399999916553497,0.14499999582767487,0.15199999511241913,0.13344143331050873,1650000
2021-01-21,0.15199999511241913,0.15399999916553497,0.1459999978542328,0.15399999916553497,0.135197252035141,846000
2021-01-22,0.14800000190734863,0.1550000011920929,0.1459999978542328,0.1550000011920929,0.13607515394687653,1160000
2021-01-25,0.14900000393390656,0.15299999713897705,0.14800000190734863,0.1509999930858612,0.1325635313987732,1334000
2021-01-26,0.15000000596046448,0.1509999930858612,0.14499999582767487,0.14499999582767487,0.1272961050271988,164000
2021-01-27,0.14499999582767487,0.14800000190734863,0.14399999380111694,0.1469999998807907,0.12905190885066986,208000
2021-01-28,0.1459999978542328,0.14800000190734863,0.1420000046491623,0.1420000046491623,0.12466240674257278,356000
2021-01-29,0.14100000262260437,0.14100000262260437,0.13300000131130219,0.13899999856948853,0.12202867865562439,134000
2021-02-01,0.1379999965429306,0.1469999998807907,0.13699999451637268,0.14499999582767487,0.1272961050271988,410000
2021-02-02,0.14300000667572021,0.14300000667572021,0.14300000667572021,0.1420000046491623,0.12466240674257278,16000
2021-02-03,0.1469999998807907,0.1469999998807907,0.13600000739097595,0.13500000536441803,0.11851707100868225,88000
2021-02-04,0.13500000536441803,0.14300000667572021,0.13500000536441803,0.13600000739097595,0.11939498037099838,360000
2021-02-05,0.14300000667572021,0.14300000667572021,0.14300000667572021,0.14300000667572021,0.12554030120372772,102000
2021-02-08,0.14300000667572021,0.14300000667572021,0.13699999451637268,0.1420000046491623,0.12466240674257278,254000
2021-02-09,0.13600000739097595,0.13899999856948853,0.13199999928474426,0.13899999856948853,0.12202867865562439,111405
2021-02-10,0.13500000536441803,0.13699999451637268,0.1340000033378601,0.1340000033378601,0.11763916909694672,170270
2021-02-11,0.1340000033378601,0.1340000033378601,0.1340000033378601,0.1340000033378601,0.11763916909694672,0
2021-02-16,0.1340000033378601,0.1379999965429306,0.13300000131130219,0.1379999965429306,0.12115078419446945,192000
2021-02-17,0.13699999451637268,0.13899999856948853,0.13699999451637268,0.13899999856948853,0.12202867865562439,42000
2021-02-18,0.13899999856948853,0.13899999856948853,0.13899999856948853,0.13899999856948853,0.12202867865562439,0
2021-02-19,0.14000000059604645,0.1420000046491623,0.14000000059604645,0.14000000059604645,0.12290659546852112,204000
2021-02-22,0.1420000046491623,0.1420000046491623,0.14000000059604645,0.14000000059604645,0.12290659546852112,162000
2021-02-23,0.14000000059604645,0.14100000262260437,0.1379999965429306,0.14000000059604645,0.12290659546852112,506000
2021-02-24,0.1379999965429306,0.14300000667572021,0.13600000739097595,0.13600000739097595,0.11939498037099838,405404
2021-02-25,0.14000000059604645,0.14300000667572021,0.14000000059604645,0.14000000059604645,0.12290659546852112,502000
2021-02-26,0.14100000262260437,0.14300000667572021,0.13899999856948853,0.14300000667572021,0.12554030120372772,622000
2021-03-01,0.1420000046491623,0.14300000667572021,0.1379999965429306,0.14300000667572021,0.12554030120372772,388000
2021-03-02,0.14100000262260437,0.15000000596046448,0.13899999856948853,0.14800000190734863,0.1299298256635666,658540
2021-03-03,0.1469999998807907,0.1469999998807907,0.1469999998807907,0.1469999998807907,0.12905190885066986,0
2021-03-04,0.14399999380111694,0.1459999978542328,0.13899999856948853,0.13899999856948853,0.12202867865562439,221000
2021-03-05,0.13899999856948853,0.14499999582767487,0.1379999965429306,0.1379999965429306,0.12115078419446945,62000
2021-03-08,0.13899999856948853,0.14300000667572021,0.1379999965429306,0.14000000059604645,0.12290659546852112,674000
2021-03-09,0.14000000059604645,0.14000000059604645,0.14000000059604645,0.14000000059604645,0.12290659546852112,0
2021-03-10,0.13699999451637268,0.14000000059604645,0.13699999451637268,0.13899999856948853,0.12202867865562439,178000
2021-03-11,0.13899999856948853,0.13899999856948853,0.13899999856948853,0.13899999856948853,0.12202867865562439,0
2021-03-12,0.13899999856948853,0.14000000059604645,0.13500000536441803,0.1379999965429306,0.12115078419446945,32000
2021-03-15,0.13699999451637268,0.1379999965429306,0.13500000536441803,0.13600000739097595,0.11939498037099838,332000
2021-03-16,0.13600000739097595,0.1379999965429306,0.13300000131130219,0.1379999965429306,0.12115078419446945,234000
2021-03-17,0.13500000536441803,0.1379999965429306,0.13500000536441803,0.1379999965429306,0.12115078419446945,194000
2021-03-18,0.1340000033378601,0.1379999965429306,0.1340000033378601,0.13699999451637268,0.12027286738157272,24000
2021-03-19,0.13699999451637268,0.13699999451637268,0.13699999451637268,0.13699999451637268,0.12027286738157272,0
2021-03-22,0.13699999451637268,0.13699999451637268,0.13699999451637268,0.13699999451637268,0.12027286738157272,0
2021-03-23,0.13699999451637268,0.13699999451637268,0.13699999451637268,0.13699999451637268,0.12027286738157272,0
2021-03-24,0.13699999451637268,0.13699999451637268,0.13699999451637268,0.13699999451637268,0.12027286738157272,0
2021-03-25,0.13699999451637268,0.13699999451637268,0.13699999451637268,0.13699999451637268,0.12027286738157272,0
2021-03-26,0.13300000131130219,0.1379999965429306,0.13099999725818634,0.1379999965429306,0.12115078419446945,562000
2021-03-29,0.13500000536441803,0.14499999582767487,0.13500000536441803,0.14499999582767487,0.1272961050271988,1252000
2021-03-30,0.14399999380111694,0.14800000190734863,0.13899999856948853,0.1469999998807907,0.12905190885066986,536000
2021-03-31,0.1459999978542328,0.15000000596046448,0.14499999582767487,0.14800000190734863,0.1299298256635666,1023348
2021-04-01,0.14000000059604645,0.15000000596046448,0.14000000059604645,0.15000000596046448,0.13168564438819885,838080
2021-04-07,0.1420000046491623,0.15299999713897705,0.1420000046491623,0.15299999713897705,0.13431933522224426,522000
2021-04-08,0.15299999713897705,0.1550000011920929,0.15299999713897705,0.1550000011920929,0.13607515394687653,1900000
2021-04-09,0.1469999998807907,0.15700000524520874,0.1469999998807907,0.15700000524520874,0.1378309577703476,552702
2021-04-12,0.14499999582767487,0.15700000524520874,0.14000000059604645,0.15700000524520874,0.1378309577703476,1372000
2021-04-13,0.15700000524520874,0.15800000727176666,0.15600000321865082,0.15600000321865082,0.13695305585861206,712000
2021-04-14,0.15600000321865082,0.1599999964237213,0.1509999930858612,0.1599999964237213,0.1404646784067154,1572000
2021-04-15,0.1599999964237213,0.1599999964237213,0.15299999713897705,0.1599999964237213,0.1404646784067154,1066000
2021-04-16,0.1599999964237213,0.1599999964237213,0.15700000524520874,0.1599999964237213,0.1404646784067154,40000
2021-04-19,0.1589999943971634,0.1589999943971634,0.14499999582767487,0.1589999943971634,0.13958676159381866,574000
2021-04-20,0.15800000727176666,0.15800000727176666,0.15800000727176666,0.15800000727176666,0.13870887458324432,0
2021-04-21,0.15800000727176666,0.15800000727176666,0.15800000727176666,0.15800000727176666,0.13870887458324432,0
2021-04-22,0.15399999916553497,0.1599999964237213,0.15399999916553497,0.1589999943971634,0.13958676159381866,108000
2021-04-23,0.1589999943971634,0.1589999943971634,0.1589999943971634,0.1589999943971634,0.13958676159381866,0
2021-04-26,0.15000000596046448,0.15600000321865082,0.1459999978542328,0.15600000321865082,0.13695305585861206,332702
2021-04-27,0.15600000321865082,0.15600000321865082,0.15600000321865082,0.15600000321865082,0.13695305585861206,0
2021-04-28,0.15600000321865082,0.15600000321865082,0.15600000321865082,0.15600000321865082,0.13695305585861206,72000
2021-04-29,0.1550000011920929,0.1589999943971634,0.15299999713897705,0.15800000727176666,0.13870887458324432,32000
2021-04-30,0.15700000524520874,0.15700000524520874,0.15700000524520874,0.15700000524520874,0.1378309577703476,60000
2021-05-03,0.15800000727176666,0.15800000727176666,0.14000000059604645,0.15800000727176666,0.13870887458324432,2350000
2021-05-04,0.1469999998807907,0.15700000524520874,0.1469999998807907,0.15700000524520874,0.1378309577703476,70000
2021-05-05,0.15700000524520874,0.15700000524520874,0.15700000524520874,0.15700000524520874,0.1378309577703476,0
2021-05-06,0.15700000524520874,0.15700000524520874,0.15700000524520874,0.15700000524520874,0.1378309577703476,0
2021-05-07,0.14900000393390656,0.15700000524520874,0.14900000393390656,0.15700000524520874,0.1378309577703476,6000
2021-05-10,0.15700000524520874,0.15700000524520874,0.15700000524520874,0.15700000524520874,0.1378309577703476,0
2021-05-11,0.1459999978542328,0.15600000321865082,0.1459999978542328,0.15600000321865082,0.13695305585861206,28000
2021-05-12,0.15600000321865082,0.15600000321865082,0.15600000321865082,0.15600000321865082,0.13695305585861206,0
2021-05-13,0.15600000321865082,0.15600000321865082,0.15600000321865082,0.15600000321865082,0.13695305585861206,0
2021-05-14,0.15600000321865082,0.15600000321865082,0.14399999380111694,0.1550000011920929,0.13607515394687653,58000
2021-05-17,0.1550000011920929,0.1550000011920929,0.1550000011920929,0.1550000011920929,0.13607515394687653,0
2021-05-18,0.14499999582767487,0.1550000011920929,0.14300000667572021,0.1550000011920929,0.13607515394687653,328000
2021-05-20,0.14499999582767487,0.15199999511241913,0.14499999582767487,0.15199999511241913,0.13344143331050873,327783
2021-05-21,0.1509999930858612,0.15199999511241913,0.1459999978542328,0.1459999978542328,0.12817402184009552,16000
2021-05-24,0.1459999978542328,0.1459999978542328,0.1459999978542328,0.1459999978542328,0.12817402184009552,0
2021-05-25,0.15199999511241913,0.15199999511241913,0.14000000059604645,0.14499999582767487,0.1272961050271988,664000
2021-05-26,0.14300000667572021,0.15000000596046448,0.14300000667572021,0.14900000393390656,0.13080772757530212,213404
2021-05-27,0.14900000393390656,0.15000000596046448,0.14900000393390656,0.15000000596046448,0.13168564438819885,138000
2021-05-28,0.15000000596046448,0.15199999511241913,0.1459999978542328,0.15000000596046448,0.13168564438819885,487349
2021-05-31,0.15000000596046448,0.15199999511241913,0.14900000393390656,0.1509999930858612,0.1325635313987732,508000
2021-06-01,0.15199999511241913,0.1550000011920929,0.15199999511241913,0.15399999916553497,0.135197252035141,202000
2021-06-02,0.15399999916553497,0.15399999916553497,0.15399999916553497,0.15399999916553497,0.135197252035141,0
2021-06-03,0.15199999511241913,0.15700000524520874,0.15199999511241913,0.15199999511241913,0.13344143331050873,568000
2021-06-04,0.15299999713897705,0.15299999713897705,0.15299999713897705,0.15299999713897705,0.13431933522224426,0
2021-06-07,0.15299999713897705,0.15700000524520874,0.15199999511241913,0.15299999713897705,0.13431933522224426,444000
2021-06-08,0.15299999713897705,0.15299999713897705,0.15299999713897705,0.15299999713897705,0.13431933522224426,0
2021-06-09,0.15199999511241913,0.15600000321865082,0.15000000596046448,0.15199999511241913,0.13344143331050873,1412000
2021-06-10,0.15199999511241913,0.15199999511241913,0.15199999511241913,0.15199999511241913,0.13344143331050873,0
2021-06-11,0.15199999511241913,0.15199999511241913,0.15199999511241913,0.15199999511241913,0.13344143331050873,0
2021-06-15,0.15199999511241913,0.15700000524520874,0.15199999511241913,0.15700000524520874,0.1378309577703476,393674
2021-06-16,0.15199999511241913,0.15700000524520874,0.15000000596046448,0.15700000524520874,0.1378309577703476,784000
2021-06-17,0.15600000321865082,0.1589999943971634,0.1550000011920929,0.15800000727176666,0.13870887458324432,462269
2021-06-18,0.15800000727176666,0.1599999964237213,0.15199999511241913,0.15800000727176666,0.13870887458324432,316000
2021-06-21,0.15199999511241913,0.15600000321865082,0.15199999511241913,0.15600000321865082,0.13695305585861206,316000
2021-06-22,0.1550000011920929,0.1550000011920929,0.1550000011920929,0.1550000011920929,0.13607515394687653,0
2021-06-23,0.15600000321865082,0.15700000524520874,0.15199999511241913,0.15600000321865082,0.13695305585861206,216000
2021-06-24,0.1550000011920929,0.1599999964237213,0.15299999713897705,0.15299999713897705,0.13431933522224426,482000
2021-06-25,0.15700000524520874,0.15800000727176666,0.15299999713897705,0.15700000524520874,0.1378309577703476,24000
2021-06-28,0.15600000321865082,0.15600000321865082,0.15199999511241913,0.15199999511241913,0.13344143331050873,514000
2021-06-29,0.15600000321865082,0.15600000321865082,0.14800000190734863,0.15600000321865082,0.13695305585861206,14000
2021-06-30,0.15600000321865082,0.15600000321865082,0.15600000321865082,0.15600000321865082,0.13695305585861206,0
2021-07-02,0.1550000011920929,0.1550000011920929,0.1550000011920929,0.1550000011920929,0.13607515394687653,0
2021-07-05,0.1550000011920929,0.1550000011920929,0.1550000011920929,0.1550000011920929,0.13607515394687653,0
2021-07-06,0.1550000011920929,0.1550000011920929,0.1550000011920929,0.1550000011920929,0.13607515394687653,0
2021-07-07,0.1550000011920929,0.1550000011920929,0.1550000011920929,0.1550000011920929,0.13607515394687653,0
2021-07-08,0.1550000011920929,0.1550000011920929,0.1550000011920929,0.1550000011920929,0.13607515394687653,0
2021-07-09,0.1459999978542328,0.15399999916553497,0.1420000046491623,0.14499999582767487,0.1272961050271988,108000
2021-07-12,0.1550000011920929,0.1550000011920929,0.14800000190734863,0.14800000190734863,0.1299298256635666,6000
2021-07-13,0.14800000190734863,0.14800000190734863,0.14800000190734863,0.14800000190734863,0.1299298256635666,0
2021-07-14,0.14800000190734863,0.14800000190734863,0.14800000190734863,0.14800000190734863,0.1299298256635666,0
2021-07-15,0.1509999930858612,0.1509999930858612,0.1509999930858612,0.1509999930858612,0.1325635313987732,0
2021-07-16,0.15000000596046448,0.15399999916553497,0.15000000596046448,0.15399999916553497,0.135197252035141,549513
2021-07-19,0.1509999930858612,0.1550000011920929,0.15000000596046448,0.15000000596046448,0.13168564438819885,1578161
2021-07-20,0.1550000011920929,0.1550000011920929,0.14800000190734863,0.15299999713897705,0.13431933522224426,328000
2021-07-21,0.15299999713897705,0.15299999713897705,0.15299999713897705,0.15299999713897705,0.13431933522224426,0
2021-07-22,0.15299999713897705,0.15299999713897705,0.15299999713897705,0.15299999713897705,0.13431933522224426,0
2021-07-23,0.15000000596046448,0.15800000727176666,0.15000000596046448,0.15700000524520874,0.1378309577703476,564000
2021-07-26,0.15700000524520874,0.15700000524520874,0.1509999930858612,0.1509999930858612,0.1325635313987732,16000
2021-07-27,0.14900000393390656,0.15600000321865082,0.14000000059604645,0.14800000190734863,0.1299298256635666,332000
2021-07-28,0.14800000190734863,0.15299999713897705,0.1469999998807907,0.15299999713897705,0.13431933522224426,296000
2021-07-29,0.15299999713897705,0.15299999713897705,0.15299999713897705,0.15299999713897705,0.13431933522224426,0
2021-07-30,0.14800000190734863,0.1550000011920929,0.1459999978542328,0.1550000011920929,0.13607515394687653,512000
2021-08-02,0.15399999916553497,0.15399999916553497,0.15399999916553497,0.15399999916553497,0.135197252035141,0
2021-08-03,0.15399999916553497,0.15399999916553497,0.15399999916553497,0.15399999916553497,0.135197252035141,0
2021-08-04,0.15399999916553497,0.15399999916553497,0.15399999916553497,0.15399999916553497,0.135197252035141,0
2021-08-05,0.14800000190734863,0.15399999916553497,0.1469999998807907,0.15399999916553497,0.135197252035141,62000
2021-08-06,0.14800000190734863,0.15299999713897705,0.14499999582767487,0.15199999511241913,0.13344143331050873,868000
2021-08-09,0.15199999511241913,0.15199999511241913,0.15199999511241913,0.15199999511241913,0.13344143331050873,0
2021-08-10,0.15199999511241913,0.15199999511241913,0.15199999511241913,0.15199999511241913,0.13344143331050873,0
2021-08-11,0.15199999511241913,0.15199999511241913,0.15199999511241913,0.15199999511241913,0.13344143331050873,0
2021-08-12,0.15199999511241913,0.15199999511241913,0.15199999511241913,0.15199999511241913,0.13344143331050873,0
2021-08-13,0.15199999511241913,0.15199999511241913,0.15199999511241913,0.15199999511241913,0.13344143331050873,0
2021-08-16,0.14800000190734863,0.14900000393390656,0.14000000059604645,0.14100000262260437,0.12378448992967606,1994000
2021-08-17,0.14800000190734863,0.14900000393390656,0.14800000190734863,0.14900000393390656,0.13080772757530212,122000
2021-08-18,0.14900000393390656,0.14900000393390656,0.14900000393390656,0.14900000393390656,0.13080772757530212,0
2021-08-19,0.14900000393390656,0.14900000393390656,0.14900000393390656,0.14900000393390656,0.13080772757530212,0
2021-08-20,0.14900000393390656,0.14900000393390656,0.1420000046491623,0.14800000190734863,0.1299298256635666,145404
2021-08-23,0.14800000190734863,0.14800000190734863,0.14800000190734863,0.14800000190734863,0.1299298256635666,0
2021-08-24,0.14800000190734863,0.15299999713897705,0.1420000046491623,0.1469999998807907,0.1384035050868988,32000
2021-08-25,0.1420000046491623,0.1469999998807907,0.14100000262260437,0.1459999978542328,0.13746199011802673,44000
2021-08-26,0.13699999451637268,0.1459999978542328,0.13699999451637268,0.14399999380111694,0.1355789452791214,19945
2021-08-27,0.1459999978542328,0.1459999978542328,0.13600000739097595,0.14300000667572021,0.13463743031024933,6000
2021-08-30,0.14100000262260437,0.14100000262260437,0.13500000536441803,0.14100000262260437,0.132754385471344,44000
2021-08-31,0.14499999582767487,0.14499999582767487,0.13699999451637268,0.14300000667572021,0.13463743031024933,4000
2021-09-01,0.13699999451637268,0.14399999380111694,0.13699999451637268,0.14300000667572021,0.13463743031024933,44000
2021-09-02,0.1420000046491623,0.1420000046491623,0.1420000046491623,0.1420000046491623,0.13369591534137726,0
2021-09-03,0.1420000046491623,0.1420000046491623,0.1420000046491623,0.1420000046491623,0.13369591534137726,0
2021-09-06,0.13699999451637268,0.13699999451637268,0.13199999928474426,0.13600000739097595,0.12804679572582245,1144000
2021-09-07,0.1340000033378601,0.13600000739097595,0.1340000033378601,0.13600000739097595,0.12804679572582245,34000
2021-09-08,0.13500000536441803,0.13500000536441803,0.13500000536441803,0.13500000536441803,0.12710526585578918,0
2021-09-09,0.1340000033378601,0.1340000033378601,0.1340000033378601,0.1340000033378601,0.12616375088691711,0
2021-09-10,0.13099999725818634,0.13500000536441803,0.1289999932050705,0.13099999725818634,0.12333917617797852,18000
2021-09-13,0.12800000607967377,0.1340000033378601,0.12200000137090683,0.1340000033378601,0.12616375088691711,796000
2021-09-14,0.13300000131130219,0.13300000131130219,0.13300000131130219,0.13300000131130219,0.12522222101688385,0
2021-09-15,0.13300000131130219,0.13300000131130219,0.13300000131130219,0.13300000131130219,0.12522222101688385,0
2021-09-16,0.13199999928474426,0.13199999928474426,0.13199999928474426,0.13199999928474426,0.12428069859743118,0
2021-09-17,0.13199999928474426,0.13199999928474426,0.13199999928474426,0.13199999928474426,0.12428069859743118,0
2021-09-20,0.12399999797344208,0.12399999797344208,0.11800000071525574,0.11800000071525574,0.11109941452741623,954269
2021-09-21,0.11999999731779099,0.11999999731779099,0.11999999731779099,0.11999999731779099,0.11298245191574097,0
2021-09-23,0.12399999797344208,0.12399999797344208,0.12399999797344208,0.12399999797344208,0.11674853414297104,0
2021-09-24,0.12099999934434891,0.12099999934434891,0.11100000143051147,0.11500000208616257,0.10827485471963882,626000
2021-09-27,0.11400000005960464,0.11599999666213989,0.1120000034570694,0.11599999666213989,0.1092163696885109,842000
2021-09-28,0.11599999666213989,0.11599999666213989,0.11599999666213989,0.11599999666213989,0.1092163696885109,0
2021-09-29,0.11599999666213989,0.11599999666213989,0.11599999666213989,0.11599999666213989,0.1092163696885109,0
2021-09-30,0.11800000071525574,0.11900000274181366,0.11800000071525574,0.11999999731779099,0.11298245191574097,228000
2021-10-04,0.12099999934434891,0.12099999934434891,0.11800000071525574,0.11999999731779099,0.11298245191574097,56000
2021-10-05,0.11999999731779099,0.11999999731779099,0.11999999731779099,0.11999999731779099,0.11298245191574097,0
2021-10-06,0.11999999731779099,0.12099999934434891,0.11599999666213989,0.12099999934434891,0.11392397433519363,570000
2021-10-07,0.12099999934434891,0.12099999934434891,0.11599999666213989,0.12099999934434891,0.11392397433519363,88000
2021-10-08,0.12099999934434891,0.12099999934434891,0.12099999934434891,0.12099999934434891,0.11392397433519363,0
2021-10-11,0.12099999934434891,0.12099999934434891,0.12099999934434891,0.12099999934434891,0.11392397433519363,0
2021-10-12,0.12099999934434891,0.12099999934434891,0.12099999934434891,0.12099999934434891,0.11392397433519363,0
2021-10-15,0.11599999666213989,0.11599999666213989,0.11599999666213989,0.11800000071525574,0.11109941452741623,6000
2021-10-18,0.11800000071525574,0.11800000071525574,0.11800000071525574,0.11800000071525574,0.11109941452741623,0
2021-10-19,0.12200000137090683,0.12200000137090683,0.12200000137090683,0.12099999934434891,0.11392397433519363,10000
2021-10-20,0.11800000071525574,0.11800000071525574,0.11800000071525574,0.11800000071525574,0.11109941452741623,86000
2021-10-21,0.11800000071525574,0.12200000137090683,0.11699999868869781,0.12200000137090683,0.1148654967546463,380755
2021-10-22,0.12200000137090683,0.12200000137090683,0.12200000137090683,0.12200000137090683,0.1148654967546463,12000
2021-10-25,0.12200000137090683,0.12200000137090683,0.12200000137090683,0.12200000137090683,0.1148654967546463,228000
2021-10-26,0.12300000339746475,0.12300000339746475,0.11800000071525574,0.12300000339746475,0.11580701917409897,826000
2021-10-27,0.12300000339746475,0.125,0.11900000274181366,0.12399999797344208,0.11674853414297104,288000
2021-10-28,0.12399999797344208,0.13500000536441803,0.12399999797344208,0.13500000536441803,0.12710526585578918,944000
2021-10-29,0.12999999523162842,0.12999999523162842,0.12999999523162842,0.12999999523162842,0.12239765375852585,3135
2021-11-01,0.1289999932050705,0.1289999932050705,0.1289999932050705,0.12800000607967377,0.12051462382078171,10000
2021-11-02,0.1289999932050705,0.13199999928474426,0.12800000607967377,0.12999999523162842,0.12239765375852585,400000
2021-11-03,0.1289999932050705,0.1289999932050705,0.1289999932050705,0.1289999932050705,0.12145613133907318,62000
2021-11-04,0.1289999932050705,0.1289999932050705,0.1289999932050705,0.1289999932050705,0.12145613133907318,0
2021-11-05,0.12800000607967377,0.12800000607967377,0.12800000607967377,0.12800000607967377,0.12051462382078171,0
2021-11-08,0.12600000202655792,0.12600000202655792,0.12600000202655792,0.12600000202655792,0.11863157898187637,40000
2021-11-09,0.12600000202655792,0.12600000202655792,0.12600000202655792,0.12600000202655792,0.11863157898187637,0
2021-11-10,0.125,0.1289999932050705,0.11699999868869781,0.1289999932050705,0.12145613133907318,338000
2021-11-11,0.12800000607967377,0.12800000607967377,0.12800000607967377,0.12800000607967377,0.12051462382078171,0
2021-11-12,0.12800000607967377,0.12800000607967377,0.12800000607967377,0.12800000607967377,0.12051462382078171,0
2021-11-15,0.12700000405311584,0.12700000405311584,0.12700000405311584,0.12700000405311584,0.11957310140132904,0
2021-11-16,0.12099999934434891,0.12700000405311584,0.11699999868869781,0.12399999797344208,0.11674853414297104,1533396
2021-11-17,0.12399999797344208,0.12399999797344208,0.12399999797344208,0.12399999797344208,0.11674853414297104,0
2021-11-18,0.12399999797344208,0.12399999797344208,0.12399999797344208,0.12399999797344208,0.11674853414297104,0
2021-11-19,0.12399999797344208,0.12399999797344208,0.12399999797344208,0.12399999797344208,0.11674853414297104,0
2021-11-22,0.12399999797344208,0.12399999797344208,0.12399999797344208,0.12399999797344208,0.11674853414297104,0
2021-11-23,0.12399999797344208,0.12399999797344208,0.12399999797344208,0.12399999797344208,0.11674853414297104,0
2021-11-24,0.12399999797344208,0.12399999797344208,0.12399999797344208,0.12399999797344208,0.11674853414297104,0
2021-11-25,0.12399999797344208,0.12399999797344208,0.12399999797344208,0.12399999797344208,0.11674853414297104,0
2021-11-26,0.12399999797344208,0.12399999797344208,0.12399999797344208,0.12399999797344208,0.11674853414297104,0
2021-11-29,0.13099999725818634,0.13099999725818634,0.12399999797344208,0.12399999797344208,0.11674853414297104,2374000
2021-11-30,0.12399999797344208,0.12399999797344208,0.12399999797344208,0.12399999797344208,0.11674853414297104,0
2021-12-01,0.12600000202655792,0.12600000202655792,0.12600000202655792,0.12600000202655792,0.11863157898187637,0
2021-12-02,0.1289999932050705,0.1340000033378601,0.1289999932050705,0.13300000131130219,0.12522222101688385,122000
2021-12-03,0.13300000131130219,0.14000000059604645,0.12999999523162842,0.14000000059604645,0.13181287050247192,732000
2021-12-06,0.13600000739097595,0.13600000739097595,0.13600000739097595,0.13600000739097595,0.12804679572582245,0
2021-12-07,0.13500000536441803,0.13600000739097595,0.13500000536441803,0.13600000739097595,0.12804679572582245,94594
2021-12-08,0.1379999965429306,0.13899999856948853,0.13600000739097595,0.13899999856948853,0.13087134063243866,378000
2021-12-09,0.13899999856948853,0.13899999856948853,0.13899999856948853,0.13899999856948853,0.13087134063243866,0
2021-12-10,0.13899999856948853,0.13899999856948853,0.13899999856948853,0.13899999856948853,0.13087134063243866,0
2021-12-13,0.13699999451637268,0.13699999451637268,0.13199999928474426,0.13600000739097595,0.12804679572582245,584000
2021-12-14,0.13600000739097595,0.13600000739097595,0.13600000739097595,0.13600000739097595,0.12804679572582245,0
2021-12-15,0.13500000536441803,0.13600000739097595,0.13300000131130219,0.13300000131130219,0.12522222101688385,418000
2021-12-16,0.13699999451637268,0.14000000059604645,0.13600000739097595,0.14000000059604645,0.13181287050247192,615349
2021-12-17,0.1379999965429306,0.13600000739097595,0.13600000739097595,0.13600000739097595,0.12804679572582245,388000
2021-12-20,0.13600000739097595,0.13699999451637268,0.13699999451637268,0.13699999451637268,0.12898829579353333,204000
2021-12-21,0.1379999965429306,0.14000000059604645,0.13699999451637268,0.14000000059604645,0.13181287050247192,982000
2021-12-22,0.14000000059604645,0.14300000667572021,0.1379999965429306,0.14300000667572021,0.13463743031024933,834000
2021-12-23,0.1420000046491623,0.14399999380111694,0.1379999965429306,0.14399999380111694,0.1355789452791214,1006000
2021-12-24,0.14300000667572021,0.14300000667572021,0.14300000667572021,0.14300000667572021,0.13463743031024933,260000
2021-12-28,0.14399999380111694,0.14399999380111694,0.13099999725818634,0.14300000667572021,0.13463743031024933,1366000
2021-12-29,0.14399999380111694,0.14499999582767487,0.13300000131130219,0.14499999582767487,0.13652046024799347,330000
2021-12-30,0.14499999582767487,0.1459999978542328,0.13899999856948853,0.1459999978542328,0.13746199011802673,1427226
2021-12-31,0.1459999978542328,0.14900000393390656,0.14499999582767487,0.14800000190734863,0.13934503495693207,1048000
2022-01-03,0.14800000190734863,0.14800000190734863,0.14800000190734863,0.14800000190734863,0.13934503495693207,0
2022-01-04,0.14800000190734863,0.14900000393390656,0.14800000190734863,0.14900000393390656,0.14028654992580414,442000
2022-01-05,0.14900000393390656,0.1509999930858612,0.14900000393390656,0.15000000596046448,0.1412280797958374,1430000
2022-01-06,0.14300000667572021,0.15000000596046448,0.14000000059604645,0.14900000393390656,0.14028654992580414,1408000
2022-01-07,0.15000000596046448,0.15199999511241913,0.15000000596046448,0.15199999511241913,0.14311110973358154,840000
2022-01-10,0.15199999511241913,0.15600000321865082,0.15199999511241913,0.15600000321865082,0.1468771994113922,688000
2022-01-11,0.15600000321865082,0.16300000250339508,0.15600000321865082,0.16200000047683716,0.15252631902694702,1764000
2022-01-12,0.16200000047683716,0.16300000250339508,0.15800000727176666,0.16300000250339508,0.1534678339958191,648000
2022-01-13,0.16300000250339508,0.1720000058412552,0.16300000250339508,0.16699999570846558,0.15723390877246857,1955567
2022-01-14,0.16699999570846558,0.17499999701976776,0.16500000655651093,0.17399999499320984,0.16382455825805664,3191026
2022-01-17,0.17499999701976776,0.18700000643730164,0.17499999701976776,0.1809999942779541,0.17041519284248352,2080000
2022-01-18,0.1809999942779541,0.1809999942779541,0.16500000655651093,0.17599999904632568,0.16570760309696198,496000
2022-01-19,0.17599999904632568,0.18000000715255737,0.16599999368190765,0.17800000309944153,0.1675906479358673,700000
2022-01-20,0.17900000512599945,0.18299999833106995,0.17299999296665192,0.17800000309944153,0.1675906479358673,688000
2022-01-21,0.17800000309944153,0.17800000309944153,0.17800000309944153,0.17800000309944153,0.1675906479358673,0
2022-01-24,0.17499999701976776,0.1770000010728836,0.16599999368190765,0.17000000178813934,0.16005848348140717,878000
2022-01-25,0.16699999570846558,0.17000000178813934,0.16300000250339508,0.17000000178813934,0.16005848348140717,250000
2022-01-26,0.164000004529953,0.17000000178813934,0.16300000250339508,0.17000000178813934,0.16005848348140717,142000
2022-01-27,0.16500000655651093,0.16500000655651093,0.1509999930858612,0.16500000655651093,0.15535087883472443,326000
2022-01-28,0.16300000250339508,0.164000004529953,0.16300000250339508,0.164000004529953,0.15440936386585236,156000
2022-01-31,0.16500000655651093,0.16500000655651093,0.16500000655651093,0.16500000655651093,0.15535087883472443,0
2022-02-04,0.1599999964237213,0.16500000655651093,0.1469999998807907,0.16500000655651093,0.15535087883472443,208000
2022-02-07,0.1599999964237213,0.16500000655651093,0.1599999964237213,0.16500000655651093,0.15535087883472443,126000
2022-02-08,0.164000004529953,0.164000004529953,0.164000004529953,0.164000004529953,0.15440936386585236,0
2022-02-09,0.164000004529953,0.164000004529953,0.164000004529953,0.164000004529953,0.15440936386585236,0
2022-02-10,0.164000004529953,0.164000004529953,0.164000004529953,0.164000004529953,0.15440936386585236,0
2022-02-11,0.164000004529953,0.164000004529953,0.164000004529953,0.164000004529953,0.15440936386585236,0
2022-02-14,0.1599999964237213,0.16500000655651093,0.1599999964237213,0.16500000655651093,0.15535087883472443,350000
2022-02-15,0.16500000655651093,0.16500000655651093,0.16500000655651093,0.16500000655651093,0.15535087883472443,0
2022-02-16,0.16500000655651093,0.16500000655651093,0.16500000655651093,0.16500000655651093,0.15535087883472443,0
2022-02-17,0.16500000655651093,0.16500000655651093,0.16500000655651093,0.16500000655651093,0.15535087883472443,0
2022-02-18,0.16500000655651093,0.16500000655651093,0.16500000655651093,0.16500000655651093,0.15535087883472443,0
2022-02-21,0.1589999943971634,0.1589999943971634,0.1509999930858612,0.16500000655651093,0.15535087883472443,84000
2022-02-22,0.16500000655651093,0.16500000655651093,0.16500000655651093,0.16500000655651093,0.15535087883472443,0
2022-02-23,0.15800000727176666,0.15800000727176666,0.15800000727176666,0.15800000727176666,0.14876024425029755,0
2022-02-24,0.15399999916553497,0.15600000321865082,0.15399999916553497,0.15600000321865082,0.1468771994113922,394000
2022-02-25,0.1550000011920929,0.1550000011920929,0.1550000011920929,0.1550000011920929,0.14593566954135895,0
2022-02-28,0.15299999713897705,0.15299999713897705,0.15299999713897705,0.15299999713897705,0.1440526247024536,0
2022-03-01,0.15299999713897705,0.15299999713897705,0.15299999713897705,0.15299999713897705,0.1440526247024536,0
2022-03-02,0.15199999511241913,0.15199999511241913,0.15199999511241913,0.15199999511241913,0.14311110973358154,0
2022-03-03,0.14100000262260437,0.1509999930858612,0.14000000059604645,0.1509999930858612,0.14216957986354828,1665134
2022-03-04,0.14100000262260437,0.14900000393390656,0.14000000059604645,0.14000000059604645,0.13181287050247192,40000
2022-03-07,0.13500000536441803,0.14000000059604645,0.12999999523162842,0.1379999965429306,0.1299298256635666,480000
2022-03-08,0.13199999928474426,0.13500000536441803,0.11999999731779099,0.11999999731779099,0.11298245191574097,348000
2022-03-09,0.12399999797344208,0.13199999928474426,0.12399999797344208,0.13099999725818634,0.12333917617797852,34000
2022-03-10,0.13099999725818634,0.13099999725818634,0.13099999725818634,0.13099999725818634,0.12333917617797852,0
2022-03-11,0.12600000202655792,0.12600000202655792,0.12600000202655792,0.12600000202655792,0.11863157898187637,198000
2022-03-14,0.12600000202655792,0.13300000131130219,0.12600000202655792,0.12600000202655792,0.11863157898187637,1150000
2022-03-15,0.12600000202655792,0.12800000607967377,0.11999999731779099,0.11999999731779099,0.11298245191574097,1490000
2022-03-16,0.12099999934434891,0.12800000607967377,0.11999999731779099,0.12800000607967377,0.12051462382078171,774000
2022-03-17,0.12200000137090683,0.12700000405311584,0.12200000137090683,0.12600000202655792,0.11863157898187637,402000
2022-03-18,0.12600000202655792,0.12600000202655792,0.12600000202655792,0.12600000202655792,0.11863157898187637,0
2022-03-21,0.12600000202655792,0.12600000202655792,0.12600000202655792,0.12600000202655792,0.11863157898187637,0
2022-03-22,0.12600000202655792,0.12600000202655792,0.12600000202655792,0.12600000202655792,0.11863157898187637,0
2022-03-23,0.12600000202655792,0.12600000202655792,0.12600000202655792,0.12600000202655792,0.11863157898187637,88000
2022-03-24,0.12600000202655792,0.12600000202655792,0.12600000202655792,0.12600000202655792,0.11863157898187637,0
2022-03-25,0.12600000202655792,0.12800000607967377,0.12600000202655792,0.12600000202655792,0.11863157898187637,1030000
2022-03-28,0.12399999797344208,0.12399999797344208,0.12399999797344208,0.12399999797344208,0.11674853414297104,50000
2022-03-29,0.125,0.12999999523162842,0.125,0.12999999523162842,0.12239765375852585,352000
2022-03-30,0.12999999523162842,0.12999999523162842,0.12999999523162842,0.12999999523162842,0.12239765375852585,0
2022-03-31,0.125,0.13199999928474426,0.125,0.13099999725818634,0.12333917617797852,678150
2022-04-01,0.12800000607967377,0.13199999928474426,0.12700000405311584,0.13199999928474426,0.12428069859743118,500000
2022-04-04,0.13199999928474426,0.13199999928474426,0.13199999928474426,0.13199999928474426,0.12428069859743118,0
2022-04-06,0.12700000405311584,0.1289999932050705,0.12700000405311584,0.1289999932050705,0.12145613133907318,400000
2022-04-07,0.12999999523162842,0.1340000033378601,0.12999999523162842,0.1340000033378601,0.12616375088691711,338000
2022-04-08,0.13199999928474426,0.13300000131130219,0.12999999523162842,0.13199999928474426,0.12428069859743118,178000
2022-04-11,0.12800000607967377,0.13300000131130219,0.12800000607967377,0.13199999928474426,0.12428069859743118,208000
2022-04-12,0.13199999928474426,0.13199999928474426,0.13199999928474426,0.13199999928474426,0.12428069859743118,0
2022-04-13,0.13199999928474426,0.13199999928474426,0.13199999928474426,0.13199999928474426,0.12428069859743118,0
2022-04-14,0.13199999928474426,0.13199999928474426,0.12800000607967377,0.13099999725818634,0.12333917617797852,964000
2022-04-19,0.12600000202655792,0.13099999725818634,0.12600000202655792,0.13099999725818634,0.12333917617797852,438000
2022-04-20,0.12999999523162842,0.12999999523162842,0.12999999523162842,0.12999999523162842,0.12239765375852585,0
2022-04-21,0.12999999523162842,0.12999999523162842,0.12999999523162842,0.12999999523162842,0.12239765375852585,0
2022-04-22,0.125,0.12600000202655792,0.12099999934434891,0.125,0.1176900565624237,482000
2022-04-25,0.12099999934434891,0.12300000339746475,0.11699999868869781,0.12099999934434891,0.11392397433519363,1038000
2022-04-26,0.12099999934434891,0.12099999934434891,0.12099999934434891,0.12099999934434891,0.11392397433519363,0
2022-04-27,0.12099999934434891,0.12099999934434891,0.12099999934434891,0.12099999934434891,0.11392397433519363,0
2022-04-28,0.12099999934434891,0.12099999934434891,0.12099999934434891,0.12099999934434891,0.11392397433519363,0
2022-04-29,0.11800000071525574,0.12099999934434891,0.11800000071525574,0.12099999934434891,0.11392397433519363,210000
2022-05-03,0.12099999934434891,0.12099999934434891,0.12099999934434891,0.12099999934434891,0.11392397433519363,0
2022-05-04,0.12099999934434891,0.12099999934434891,0.12099999934434891,0.12099999934434891,0.11392397433519363,0
2022-05-05,0.12200000137090683,0.12200000137090683,0.12200000137090683,0.12200000137090683,0.1148654967546463,38000
2022-05-06,0.12200000137090683,0.12200000137090683,0.12200000137090683,0.12200000137090683,0.1148654967546463,0
2022-05-10,0.12200000137090683,0.12200000137090683,0.12200000137090683,0.12200000137090683,0.1148654967546463,0
2022-05-11,0.12200000137090683,0.12200000137090683,0.12200000137090683,0.12200000137090683,0.1148654967546463,0
2022-05-12,0.12099999934434891,0.12099999934434891,0.12099999934434891,0.12099999934434891,0.11392397433519363,0
2022-05-13,0.12099999934434891,0.12099999934434891,0.12099999934434891,0.12099999934434891,0.11392397433519363,0
2022-05-16,0.11999999731779099,0.11999999731779099,0.11999999731779099,0.11999999731779099,0.11298245191574097,0
2022-05-17,0.12099999934434891,0.12099999934434891,0.12099999934434891,0.12099999934434891,0.11392397433519363,50433
2022-05-18,0.12300000339746475,0.12300000339746475,0.12300000339746475,0.12300000339746475,0.11580701917409897,8000
2022-05-19,0.12399999797344208,0.12399999797344208,0.12200000137090683,0.12300000339746475,0.11580701917409897,88000
2022-05-20,0.12099999934434891,0.12300000339746475,0.12099999934434891,0.12300000339746475,0.11580701917409897,234000
2022-05-23,0.12300000339746475,0.12300000339746475,0.12300000339746475,0.12300000339746475,0.11580701917409897,0
2022-05-24,0.12200000137090683,0.125,0.12200000137090683,0.125,0.1176900565624237,60000
2022-05-25,0.125,0.125,0.11699999868869781,0.12300000339746475,0.11580701917409897,168000
2022-05-26,0.12200000137090683,0.125,0.11999999731779099,0.11999999731779099,0.11298245191574097,222000
2022-05-27,0.11999999731779099,0.11999999731779099,0.11999999731779099,0.11999999731779099,0.11298245191574097,0
2022-05-30,0.12300000339746475,0.125,0.12300000339746475,0.125,0.1176900565624237,80000
2022-05-31,0.12700000405311584,0.12700000405311584,0.12700000405311584,0.12700000405311584,0.11957310140132904,52000
2022-06-01,0.12800000607967377,0.1289999932050705,0.12800000607967377,0.1289999932050705,0.12145613133907318,112000
2022-06-02,0.12200000137090683,0.12399999797344208,0.12200000137090683,0.12399999797344208,0.11674853414297104,37134
2022-06-06,0.12399999797344208,0.12399999797344208,0.12399999797344208,0.12399999797344208,0.11674853414297104,0
2022-06-07,0.12999999523162842,0.13600000739097595,0.12999999523162842,0.13500000536441803,0.12710526585578918,276000
2022-06-08,0.1340000033378601,0.1340000033378601,0.1340000033378601,0.1340000033378601,0.12616375088691711,0
2022-06-09,0.12999999523162842,0.12999999523162842,0.12999999523162842,0.12999999523162842,0.12239765375852585,100000
2022-06-10,0.13300000131130219,0.13300000131130219,0.12999999523162842,0.12999999523162842,0.12239765375852585,882000
2022-06-13,0.13099999725818634,0.13099999725818634,0.13099999725818634,0.13099999725818634,0.12333917617797852,0
2022-06-14,0.13099999725818634,0.13099999725818634,0.13099999725818634,0.13099999725818634,0.12333917617797852,0
2022-06-15,0.13099999725818634,0.13099999725818634,0.13099999725818634,0.13099999725818634,0.12333917617797852,0
2022-06-16,0.13099999725818634,0.13099999725818634,0.13099999725818634,0.13099999725818634,0.12333917617797852,0
2022-06-17,0.13199999928474426,0.13199999928474426,0.13199999928474426,0.13199999928474426,0.12428069859743118,1790000
2022-06-20,0.12999999523162842,0.12999999523162842,0.12999999523162842,0.12999999523162842,0.12239765375852585,450000
2022-06-21,0.13199999928474426,0.13199999928474426,0.12999999523162842,0.13199999928474426,0.12428069859743118,1300000
2022-06-22,0.1340000033378601,0.2199999988079071,0.13300000131130219,0.14499999582767487,0.13652046024799347,12868000
2022-06-23,0.16599999368190765,0.46000000834465027,0.16599999368190765,0.24799999594688416,0.23349706828594208,190784045
2022-06-24,0.2290000021457672,0.24400000274181366,0.19900000095367432,0.20399999618530273,0.19207017123699188,24002539
2022-06-27,0.20100000500679016,0.27000001072883606,0.19099999964237213,0.22300000488758087,0.20995905995368958,42864000
2022-06-28,0.210999995470047,0.22499999403953552,0.210999995470047,0.22499999403953552,0.21184208989143372,2818269
2022-06-29,0.23100000619888306,0.23999999463558197,0.20000000298023224,0.20600000023841858,0.19395321607589722,9484756
2022-06-30,0.20600000023841858,0.20800000429153442,0.1940000057220459,0.20000000298023224,0.1883040964603424,5344000
2022-07-04,0.1899999976158142,0.1979999989271164,0.18299999833106995,0.18400000035762787,0.17323976755142212,3270000
2022-07-05,0.1770000010728836,0.18000000715255737,0.17399999499320984,0.18000000715255737,0.16947369277477264,2030000
2022-07-06,0.1720000058412552,0.18000000715255737,0.1720000058412552,0.18000000715255737,0.16947369277477264,328000
2022-07-07,0.18299999833106995,0.18400000035762787,0.17399999499320984,0.17599999904632568,0.16570760309696198,1610000
2022-07-08,0.17900000512599945,0.1809999942779541,0.17499999701976776,0.17900000512599945,0.16853216290473938,1408000
2022-07-11,0.18000000715255737,0.18000000715255737,0.16899999976158142,0.17399999499320984,0.16382455825805664,1908000
2022-07-12,0.17000000178813934,0.1720000058412552,0.1599999964237213,0.16899999976158142,0.1591169536113739,1620000
2022-07-13,0.16899999976158142,0.17000000178813934,0.15800000727176666,0.16300000250339508,0.1534678339958191,1610000
2022-07-14,0.15800000727176666,0.15800000727176666,0.15399999916553497,0.15600000321865082,0.1468771994113922,2322000
2022-07-15,0.15000000596046448,0.15199999511241913,0.14399999380111694,0.1469999998807907,0.1384035050868988,3614000
2022-07-18,0.14300000667572021,0.15700000524520874,0.1420000046491623,0.15700000524520874,0.14781871438026428,556000
2022-07-19,0.15800000727176666,0.1599999964237213,0.15000000596046448,0.1589999943971634,0.14970174431800842,3632000
2022-07-20,0.1589999943971634,0.164000004529953,0.1550000011920929,0.1589999943971634,0.14970174431800842,2106000
2022-07-21,0.1599999964237213,0.1599999964237213,0.1550000011920929,0.1589999943971634,0.14970174431800842,2370000
2022-07-22,0.16300000250339508,0.18700000643730164,0.1589999943971634,0.1809999942779541,0.17041519284248352,12954000
2022-07-25,0.18299999833106995,0.19300000369548798,0.17499999701976776,0.1770000010728836,0.16664911806583405,4914000
2022-07-26,0.17599999904632568,0.1940000057220459,0.17299999296665192,0.18700000643730164,0.17606432735919952,7556000
2022-07-27,0.18700000643730164,0.19499999284744263,0.18199999630451202,0.1860000044107437,0.17512281239032745,4294000
2022-07-28,0.1889999955892563,0.1889999955892563,0.18000000715255737,0.1889999955892563,0.17794735729694366,2144000
2022-07-29,0.1809999942779541,0.1899999976158142,0.1809999942779541,0.1889999955892563,0.17794735729694366,548000
2022-08-01,0.18299999833106995,0.18799999356269836,0.17499999701976776,0.18799999356269836,0.1770058423280716,726000
2022-08-02,0.1770000010728836,0.1770000010728836,0.16300000250339508,0.1770000010728836,0.16664911806583405,1954000
2022-08-03,0.1720000058412552,0.1770000010728836,0.1720000058412552,0.17499999701976776,0.1647660732269287,186000
2022-08-04,0.17000000178813934,0.18000000715255737,0.17000000178813934,0.18000000715255737,0.16947369277477264,33440
2022-08-05,0.17000000178813934,0.18199999630451202,0.17000000178813934,0.18199999630451202,0.17135672271251678,54000
2022-08-08,0.17900000512599945,0.17900000512599945,0.17900000512599945,0.18199999630451202,0.17135672271251678,32000
2022-08-09,0.1720000058412552,0.18299999833106995,0.1679999977350235,0.18199999630451202,0.17135672271251678,1166000
2022-08-10,0.17900000512599945,0.17900000512599945,0.1770000010728836,0.17800000309944153,0.1675906479358673,986000
2022-08-11,0.17800000309944153,0.17800000309944153,0.1770000010728836,0.17800000309944153,0.1675906479358673,158000
2022-08-12,0.17900000512599945,0.20000000298023224,0.17900000512599945,0.19499999284744263,0.18359647691249847,5688000
2022-08-15,0.19499999284744263,0.19699999690055847,0.18700000643730164,0.1889999955892563,0.17794735729694366,1140000
2022-08-16,0.1860000044107437,0.1899999976158142,0.1850000023841858,0.18799999356269836,0.1770058423280716,610000
2022-08-17,0.1850000023841858,0.1889999955892563,0.17399999499320984,0.1850000023841858,0.1741812825202942,2030000
2022-08-18,0.17900000512599945,0.18000000715255737,0.1770000010728836,0.18400000035762787,0.17323976755142212,962000
2022-08-19,0.17499999701976776,0.18000000715255737,0.17499999701976776,0.17800000309944153,0.1675906479358673,118000
2022-08-22,0.17599999904632568,0.18400000035762787,0.1720000058412552,0.1809999942779541,0.17041519284248352,348000
2022-08-23,0.18000000715255737,0.1850000023841858,0.1770000010728836,0.1850000023841858,0.1741812825202942,500000
2022-08-24,0.17499999701976776,0.17499999701976776,0.17499999701976776,0.18299999833106995,0.17229823768138885,40000
2022-08-25,0.18299999833106995,0.18299999833106995,0.18299999833106995,0.18299999833106995,0.17229823768138885,0
2022-08-26,0.17900000512599945,0.18299999833106995,0.1770000010728836,0.18299999833106995,0.17229823768138885,146000
2022-08-29,0.18000000715255737,0.18299999833106995,0.1770000010728836,0.18299999833106995,0.17229823768138885,12000
2022-08-30,0.17800000309944153,0.17800000309944153,0.1720000058412552,0.17499999701976776,0.1647660732269287,330000
2022-08-31,0.18000000715255737,0.1850000023841858,0.17499999701976776,0.18199999630451202,0.17135672271251678,142000
2022-09-01,0.18199999630451202,0.18199999630451202,0.17499999701976776,0.18199999630451202,0.17135672271251678,314000
2022-09-02,0.17499999701976776,0.18199999630451202,0.17299999296665192,0.18199999630451202,0.17135672271251678,126000
2022-09-05,0.18000000715255737,0.18000000715255737,0.18000000715255737,0.18000000715255737,0.16947369277477264,0
2022-09-06,0.17299999296665192,0.17499999701976776,0.16099999845027924,0.17100000381469727,0.16099999845027924,588000
2022-09-07,0.17499999701976776,0.17499999701976776,0.17499999701976776,0.17499999701976776,0.1647660732269287,10000
2022-09-08,0.17499999701976776,0.17499999701976776,0.17499999701976776,0.17499999701976776,0.1647660732269287,0
2022-09-09,0.17399999499320984,0.1770000010728836,0.17399999499320984,0.1770000010728836,0.16664911806583405,78000
2022-09-13,0.1770000010728836,0.1770000010728836,0.1770000010728836,0.1770000010728836,0.16664911806583405,0
2022-09-14,0.16599999368190765,0.16599999368190765,0.16500000655651093,0.17399999499320984,0.16382455825805664,6000
2022-09-15,0.16500000655651093,0.17599999904632568,0.164000004529953,0.17599999904632568,0.16570760309696198,278000
2022-09-16,0.1679999977350235,0.17100000381469727,0.164000004529953,0.17100000381469727,0.16099999845027924,158000
2022-09-19,0.16899999976158142,0.17100000381469727,0.16899999976158142,0.17100000381469727,0.16099999845027924,260000
2022-09-20,0.17100000381469727,0.17100000381469727,0.17100000381469727,0.17100000381469727,0.16099999845027924,0
2022-09-21,0.17000000178813934,0.17900000512599945,0.16599999368190765,0.17900000512599945,0.16853216290473938,372000
2022-09-22,0.17800000309944153,0.17800000309944153,0.17499999701976776,0.17800000309944153,0.1675906479358673,90000
2022-09-23,0.17800000309944153,0.17800000309944153,0.17800000309944153,0.17800000309944153,0.1675906479358673,76000
2022-09-26,0.17800000309944153,0.17499999701976776,0.15600000321865082,0.17299999296665192,0.16288302838802338,734000
2022-09-27,0.17299999296665192,0.17299999296665192,0.17299999296665192,0.17299999296665192,0.16288302838802338,0
2022-09-28,0.17299999296665192,0.17299999296665192,0.17299999296665192,0.17299999296665192,0.16288302838802338,0
2022-09-29,0.17299999296665192,0.17299999296665192,0.17299999296665192,0.17299999296665192,0.16288302838802338,20000
2022-09-30,0.17299999296665192,0.17299999296665192,0.17299999296665192,0.17299999296665192,0.16288302838802338,0
2022-10-03,0.17100000381469727,0.17100000381469727,0.17100000381469727,0.17100000381469727,0.16099999845027924,364000
2022-10-05,0.1599999964237213,0.1599999964237213,0.1550000011920929,0.1550000011920929,0.1550000011920929,34000
2022-10-06,0.15800000727176666,0.15800000727176666,0.15800000727176666,0.15800000727176666,0.15800000727176666,0
2022-10-07,0.15600000321865082,0.15600000321865082,0.15600000321865082,0.15600000321865082,0.15600000321865082,0
2022-10-10,0.1509999930858612,0.15700000524520874,0.12800000607967377,0.15600000321865082,0.15600000321865082,836000
2022-10-11,0.15600000321865082,0.15600000321865082,0.15600000321865082,0.15600000321865082,0.15600000321865082,0
2022-10-12,0.1379999965429306,0.14000000059604645,0.12999999523162842,0.14000000059604645,0.14000000059604645,522000
2022-10-13,0.13099999725818634,0.1459999978542328,0.13099999725818634,0.1459999978542328,0.1459999978542328,44000
2022-10-14,0.13099999725818634,0.14100000262260437,0.13099999725818634,0.13899999856948853,0.13899999856948853,172000
2022-10-17,0.13099999725818634,0.1379999965429306,0.12099999934434891,0.1379999965429306,0.1379999965429306,533837
2022-10-18,0.1379999965429306,0.1420000046491623,0.1379999965429306,0.14100000262260437,0.14100000262260437,588000
2022-10-19,0.14100000262260437,0.14100000262260437,0.1340000033378601,0.14100000262260437,0.14100000262260437,62000
2022-10-20,0.1379999965429306,0.14100000262260437,0.13500000536441803,0.14000000059604645,0.14000000059604645,639674
2022-10-21,0.14000000059604645,0.14399999380111694,0.14000000059604645,0.14399999380111694,0.14399999380111694,826000
2022-10-24,0.13199999928474426,0.14100000262260437,0.12700000405311584,0.13500000536441803,0.13500000536441803,892000
2022-10-25,0.13600000739097595,0.13600000739097595,0.13600000739097595,0.13600000739097595,0.13600000739097595,0
2022-10-26,0.13600000739097595,0.13600000739097595,0.12800000607967377,0.13500000536441803,0.13500000536441803,250000
2022-10-27,0.13500000536441803,0.13500000536441803,0.13500000536441803,0.13500000536441803,0.13500000536441803,0
2022-10-28,0.13099999725818634,0.13099999725818634,0.12099999934434891,0.12999999523162842,0.12999999523162842,424000
2022-10-31,0.12999999523162842,0.12999999523162842,0.11999999731779099,0.12999999523162842,0.12999999523162842,457044
2022-11-01,0.125,0.1340000033378601,0.125,0.1340000033378601,0.1340000033378601,176000
2022-11-02,0.12700000405311584,0.13300000131130219,0.12399999797344208,0.13199999928474426,0.13199999928474426,164000
2022-11-03,0.12200000137090683,0.13099999725818634,0.13099999725818634,0.12999999523162842,0.12999999523162842,148000
2022-11-04,0.12999999523162842,0.12999999523162842,0.12999999523162842,0.12999999523162842,0.12999999523162842,400000
2022-11-07,0.12999999523162842,0.13500000536441803,0.12999999523162842,0.13199999928474426,0.13199999928474426,658000
2022-11-08,0.13199999928474426,0.13199999928474426,0.13199999928474426,0.13199999928474426,0.13199999928474426,0
2022-11-09,0.13199999928474426,0.13199999928474426,0.11599999666213989,0.13199999928474426,0.13199999928474426,10000
2022-11-10,0.13199999928474426,0.13199999928474426,0.12099999934434891,0.12800000607967377,0.12800000607967377,432000
2022-11-11,0.1289999932050705,0.13600000739097595,0.1289999932050705,0.13500000536441803,0.13500000536441803,538000
2022-11-14,0.13500000536441803,0.18000000715255737,0.12099999934434891,0.14499999582767487,0.14499999582767487,1870000
2022-11-15,0.14499999582767487,0.1469999998807907,0.13099999725818634,0.1469999998807907,0.1469999998807907,1072000
2022-11-16,0.14499999582767487,0.14499999582767487,0.13300000131130219,0.14499999582767487,0.14499999582767487,184000
2022-11-17,0.14499999582767487,0.14499999582767487,0.14499999582767487,0.14499999582767487,0.14499999582767487,0
2022-11-18,0.14499999582767487,0.1509999930858612,0.14499999582767487,0.15000000596046448,0.15000000596046448,516000
2022-11-21,0.15000000596046448,0.15199999511241913,0.1379999965429306,0.15000000596046448,0.15000000596046448,344000
2022-11-22,0.13300000131130219,0.14000000059604645,0.12700000405311584,0.13300000131130219,0.13300000131130219,1162000
2022-11-23,0.13300000131130219,0.13300000131130219,0.13300000131130219,0.13300000131130219,0.13300000131130219,0
2022-11-24,0.13300000131130219,0.13300000131130219,0.13300000131130219,0.13300000131130219,0.13300000131130219,112000
2022-11-25,0.1340000033378601,0.1340000033378601,0.13300000131130219,0.13300000131130219,0.13300000131130219,104000
2022-11-28,0.12600000202655792,0.12700000405311584,0.11500000208616257,0.125,0.125,1704000
2022-11-29,0.12099999934434891,0.12399999797344208,0.11299999803304672,0.11900000274181366,0.11900000274181366,2600000
2022-11-30,0.1120000034570694,0.11999999731779099,0.10599999874830246,0.10899999737739563,0.10899999737739563,1830000
2022-12-01,0.10999999940395355,0.10999999940395355,0.0989999994635582,0.10599999874830246,0.10599999874830246,3570000
2022-12-02,0.0989999994635582,0.1080000028014183,0.09799999743700027,0.1080000028014183,0.1080000028014183,268000
2022-12-05,0.10700000077486038,0.1080000028014183,0.09799999743700027,0.1080000028014183,0.1080000028014183,1112000
2022-12-06,0.10300000011920929,0.10899999737739563,0.10100000351667404,0.1080000028014183,0.1080000028014183,218000
2022-12-07,0.10000000149011612,0.10499999672174454,0.09799999743700027,0.10199999809265137,0.10199999809265137,3368000
2022-12-08,0.10199999809265137,0.10199999809265137,0.10199999809265137,0.10199999809265137,0.10199999809265137,0
2022-12-09,0.10100000351667404,0.12700000405311584,0.10000000149011612,0.12300000339746475,0.12300000339746475,4212000
2022-12-12,0.12300000339746475,0.12800000607967377,0.11599999666213989,0.125,0.125,2256000
2022-12-13,0.125,0.125,0.11699999868869781,0.12200000137090683,0.12200000137090683,776000
2022-12-14,0.1120000034570694,0.11999999731779099,0.10899999737739563,0.11500000208616257,0.11500000208616257,856000
2022-12-15,0.10700000077486038,0.10999999940395355,0.10100000351667404,0.10300000011920929,0.10300000011920929,3344000
2022-12-16,0.1080000028014183,0.1080000028014183,0.10100000351667404,0.10700000077486038,0.10700000077486038,190000
2022-12-19,0.1080000028014183,0.1080000028014183,0.10100000351667404,0.10499999672174454,0.10499999672174454,104000
2022-12-20,0.10000000149011612,0.10700000077486038,0.10000000149011612,0.10300000011920929,0.10300000011920929,46892
2022-12-21,0.10400000214576721,0.1080000028014183,0.10100000351667404,0.10199999809265137,0.10199999809265137,218000
2022-12-22,0.10899999737739563,0.10899999737739563,0.10300000011920929,0.10499999672174454,0.10499999672174454,18000
2022-12-23,0.10199999809265137,0.10400000214576721,0.0989999994635582,0.10400000214576721,0.10400000214576721,1234000
2022-12-28,0.10100000351667404,0.10400000214576721,0.10000000149011612,0.10400000214576721,0.10400000214576721,402270
2022-12-29,0.10100000351667404,0.10400000214576721,0.10100000351667404,0.10400000214576721,0.10400000214576721,100000
2022-12-30,0.10400000214576721,0.10499999672174454,0.10000000149011612,0.10499999672174454,0.10499999672174454,998000
2023-01-03,0.10000000149011612,0.10499999672174454,0.10000000149011612,0.10400000214576721,0.10400000214576721,334000
2023-01-04,0.10599999874830246,0.10999999940395355,0.10000000149011612,0.10400000214576721,0.10400000214576721,582000
2023-01-05,0.10000000149011612,0.10400000214576721,0.10000000149011612,0.10400000214576721,0.10400000214576721,218000
2023-01-06,0.10300000011920929,0.10300000011920929,0.10300000011920929,0.10300000011920929,0.10300000011920929,0
2023-01-09,0.10300000011920929,0.10300000011920929,0.10100000351667404,0.10300000011920929,0.10300000011920929,532000
2023-01-10,0.10300000011920929,0.10599999874830246,0.10199999809265137,0.10400000214576721,0.10400000214576721,144000
2023-01-11,0.10300000011920929,0.10499999672174454,0.10300000011920929,0.10400000214576721,0.10400000214576721,256000
2023-01-12,0.10100000351667404,0.10499999672174454,0.10100000351667404,0.10499999672174454,0.10499999672174454,456000
2023-01-13,0.10100000351667404,0.10599999874830246,0.10100000351667404,0.10499999672174454,0.10499999672174454,122000
2023-01-16,0.10000000149011612,0.10499999672174454,0.0989999994635582,0.10499999672174454,0.10499999672174454,116000
2023-01-17,0.10599999874830246,0.10599999874830246,0.10499999672174454,0.10499999672174454,0.10499999672174454,8000
2023-01-18,0.10499999672174454,0.10499999672174454,0.10000000149011612,0.10400000214576721,0.10400000214576721,1050000
2023-01-19,0.10000000149011612,0.10400000214576721,0.10000000149011612,0.10100000351667404,0.10100000351667404,630000
2023-01-20,0.10100000351667404,0.10199999809265137,0.10000000149011612,0.10199999809265137,0.10199999809265137,548000
2023-01-26,0.10199999809265137,0.10199999809265137,0.10100000351667404,0.10100000351667404,0.10100000351667404,6000
2023-01-27,0.10400000214576721,0.10700000077486038,0.10199999809265137,0.10700000077486038,0.10700000077486038,212000
2023-01-30,0.10199999809265137,0.10599999874830246,0.10100000351667404,0.10499999672174454,0.10499999672174454,411567
2023-01-31,0.10199999809265137,0.10400000214576721,0.10100000351667404,0.10400000214576721,0.10400000214576721,220000
2023-02-01,0.10100000351667404,0.10300000011920929,0.10100000351667404,0.10400000214576721,0.10400000214576721,580000
2023-02-02,0.10499999672174454,0.10499999672174454,0.10199999809265137,0.10199999809265137,0.10199999809265137,272000
2023-02-03,0.10400000214576721,0.10400000214576721,0.10400000214576721,0.10400000214576721,0.10400000214576721,40000
2023-02-06,0.10300000011920929,0.10300000011920929,0.10100000351667404,0.10199999809265137,0.10199999809265137,1300000
2023-02-07,0.10199999809265137,0.10199999809265137,0.10100000351667404,0.10100000351667404,0.10100000351667404,424000
2023-02-08,0.10000000149011612,0.10199999809265137,0.10000000149011612,0.10199999809265137,0.10199999809265137,580000
2023-02-09,0.10000000149011612,0.10499999672174454,0.10000000149011612,0.10499999672174454,0.10499999672174454,3108000
2023-02-10,0.10499999672174454,0.12700000405311584,0.10400000214576721,0.10999999940395355,0.10999999940395355,10338000
2023-02-13,0.10700000077486038,0.1120000034570694,0.10700000077486038,0.10999999940395355,0.10999999940395355,3438000
2023-02-14,0.11100000143051147,0.1589999943971634,0.10999999940395355,0.12700000405311584,0.12700000405311584,50978000
2023-02-15,0.1289999932050705,0.14399999380111694,0.11999999731779099,0.12700000405311584,0.12700000405311584,9714000
2023-02-16,0.11999999731779099,0.12700000405311584,0.11900000274181366,0.12399999797344208,0.12399999797344208,4242000
2023-02-17,0.125,0.125,0.11299999803304672,0.12200000137090683,0.12200000137090683,2730000
2023-02-20,0.11500000208616257,0.11999999731779099,0.11500000208616257,0.11599999666213989,0.11599999666213989,5064000
2023-02-21,0.11500000208616257,0.13300000131130219,0.1120000034570694,0.12300000339746475,0.12300000339746475,3622000
2023-02-22,0.11699999868869781,0.12200000137090683,0.11599999666213989,0.12200000137090683,0.12200000137090683,328000
2023-02-23,0.11599999666213989,0.11900000274181366,0.11500000208616257,0.11699999868869781,0.11699999868869781,1280000
2023-02-24,0.11299999803304672,0.11599999666213989,0.1120000034570694,0.11599999666213989,0.11599999666213989,1004000
2023-02-27,0.11100000143051147,0.11500000208616257,0.11100000143051147,0.11500000208616257,0.11500000208616257,370000
2023-02-28,0.11100000143051147,0.11400000005960464,0.11100000143051147,0.11400000005960464,0.11400000005960464,718000
2023-03-01,0.11100000143051147,0.1120000034570694,0.11100000143051147,0.1120000034570694,0.1120000034570694,216000
2023-03-02,0.1120000034570694,0.11299999803304672,0.10999999940395355,0.10999999940395355,0.10999999940395355,298000
2023-03-03,0.1120000034570694,0.11299999803304672,0.10999999940395355,0.1120000034570694,0.1120000034570694,1042000
2023-03-06,0.1120000034570694,0.11500000208616257,0.10999999940395355,0.11500000208616257,0.11500000208616257,492000
2023-03-07,0.11500000208616257,0.11500000208616257,0.1120000034570694,0.1120000034570694,0.1120000034570694,218000
2023-03-08,0.10999999940395355,0.10999999940395355,0.1080000028014183,0.10899999737739563,0.10899999737739563,986000
2023-03-09,0.10899999737739563,0.11400000005960464,0.10300000011920929,0.10499999672174454,0.10499999672174454,578000
2023-03-10,0.10400000214576721,0.10899999737739563,0.10199999809265137,0.10199999809265137,0.10199999809265137,572269
2023-03-13,0.10199999809265137,0.10499999672174454,0.10199999809265137,0.10300000011920929,0.10300000011920929,602000
2023-03-14,0.10400000214576721,0.10400000214576721,0.10100000351667404,0.10100000351667404,0.10100000351667404,288000
2023-03-15,0.10199999809265137,0.10899999737739563,0.10199999809265137,0.10199999809265137,0.10199999809265137,356000
2023-03-16,0.10000000149011612,0.10899999737739563,0.10000000149011612,0.10000000149011612,0.10000000149011612,1018000
2023-03-17,0.10000000149011612,0.10300000011920929,0.0989999994635582,0.10000000149011612,0.10000000149011612,452000
2023-03-20,0.10199999809265137,0.10199999809265137,0.10199999809265137,0.10199999809265137,0.10199999809265137,0
2023-03-21,0.10300000011920929,0.1080000028014183,0.10300000011920929,0.10499999672174454,0.10499999672174454,50000
2023-03-22,0.10599999874830246,0.1080000028014183,0.10300000011920929,0.1080000028014183,0.1080000028014183,50000
2023-03-23,0.1080000028014183,0.10899999737739563,0.10199999809265137,0.10300000011920929,0.10300000011920929,224000
2023-03-24,0.10100000351667404,0.10499999672174454,0.10000000149011612,0.10499999672174454,0.10499999672174454,128000
2023-03-27,0.10000000149011612,0.10499999672174454,0.10000000149011612,0.10499999672174454,0.10499999672174454,362000
2023-03-28,0.10499999672174454,0.10499999672174454,0.10499999672174454,0.10499999672174454,0.10499999672174454,0
2023-03-29,0.10000000149011612,0.10499999672174454,0.10000000149011612,0.10499999672174454,0.10499999672174454,544000
2023-03-30,0.10000000149011612,0.10499999672174454,0.10000000149011612,0.10499999672174454,0.10499999672174454,392000
2023-03-31,0.10499999672174454,0.10499999672174454,0.10000000149011612,0.10499999672174454,0.10499999672174454,638000
2023-04-03,0.10499999672174454,0.10499999672174454,0.0989999994635582,0.10300000011920929,0.10300000011920929,1260000
2023-04-04,0.10300000011920929,0.10300000011920929,0.10300000011920929,0.10300000011920929,0.10300000011920929,0
2023-04-06,0.10300000011920929,0.10300000011920929,0.10300000011920929,0.10300000011920929,0.10300000011920929,0
2023-04-11,0.10100000351667404,0.10499999672174454,0.10100000351667404,0.10499999672174454,0.10499999672174454,176000
2023-04-12,0.10499999672174454,0.10499999672174454,0.10100000351667404,0.10499999672174454,0.10499999672174454,72000
2023-04-13,0.10499999672174454,0.10499999672174454,0.10499999672174454,0.10499999672174454,0.10499999672174454,0
2023-04-14,0.10499999672174454,0.10499999672174454,0.10100000351667404,0.10499999672174454,0.10499999672174454,34000
2023-04-17,0.10300000011920929,0.10499999672174454,0.10100000351667404,0.10499999672174454,0.10499999672174454,74000
2023-04-18,0.10499999672174454,0.10499999672174454,0.10499999672174454,0.10499999672174454,0.10499999672174454,0
2023-04-19,0.10499999672174454,0.10499999672174454,0.10499999672174454,0.10499999672174454,0.10499999672174454,0
2023-04-20,0.10499999672174454,0.10499999672174454,0.10499999672174454,0.10499999672174454,0.10499999672174454,0
2023-04-21,0.10000000149011612,0.10499999672174454,0.10000000149011612,0.10499999672174454,0.10499999672174454,262000
2023-04-24,0.10499999672174454,0.10499999672174454,0.10499999672174454,0.10499999672174454,0.10499999672174454,0
2023-04-25,0.10100000351667404,0.10400000214576721,0.10000000149011612,0.10400000214576721,0.10400000214576721,102000
2023-04-26,0.10000000149011612,0.10300000011920929,0.0989999994635582,0.10300000011920929,0.10300000011920929,716000
2023-04-27,0.10300000011920929,0.10300000011920929,0.10300000011920929,0.10300000011920929,0.10300000011920929,0
2023-04-28,0.10300000011920929,0.10899999737739563,0.0989999994635582,0.1080000028014183,0.1080000028014183,566000
2023-05-02,0.10100000351667404,0.10700000077486038,0.10000000149011612,0.10599999874830246,0.10599999874830246,158000
2023-05-03,0.10400000214576721,0.10400000214576721,0.10400000214576721,0.10400000214576721,0.10400000214576721,0
2023-05-04,0.10400000214576721,0.10400000214576721,0.10400000214576721,0.10400000214576721,0.10400000214576721,0
2023-05-05,0.10100000351667404,0.10499999672174454,0.10100000351667404,0.10499999672174454,0.10499999672174454,158000
2023-05-08,0.10100000351667404,0.10100000351667404,0.10100000351667404,0.10100000351667404,0.10100000351667404,54000
2023-05-09,0.10499999672174454,0.10499999672174454,0.10100000351667404,0.10499999672174454,0.10499999672174454,32000
2023-05-10,0.10199999809265137,0.10400000214576721,0.10100000351667404,0.10400000214576721,0.10400000214576721,178000
2023-05-11,0.10400000214576721,0.10400000214576721,0.10400000214576721,0.10400000214576721,0.10400000214576721,0
2023-05-12,0.10400000214576721,0.10400000214576721,0.10400000214576721,0.10400000214576721,0.10400000214576721,0
2023-05-15,0.10599999874830246,0.10899999737739563,0.10199999809265137,0.10400000214576721,0.10400000214576721,1918000
2023-05-16,0.10300000011920929,0.10300000011920929,0.10300000011920929,0.10300000011920929,0.10300000011920929,0
2023-05-17,0.10100000351667404,0.10599999874830246,0.10000000149011612,0.10599999874830246,0.10599999874830246,206000
2023-05-18,0.10100000351667404,0.10499999672174454,0.10100000351667404,0.10499999672174454,0.10499999672174454,40000
2023-05-19,0.10100000351667404,0.10499999672174454,0.10100000351667404,0.10499999672174454,0.10499999672174454,80000
2023-05-22,0.10199999809265137,0.10400000214576721,0.10100000351667404,0.10300000011920929,0.10300000011920929,516000
2023-05-23,0.10300000011920929,0.10300000011920929,0.10300000011920929,0.10300000011920929,0.10300000011920929,0
2023-05-24,0.10300000011920929,0.10300000011920929,0.10300000011920929,0.10300000011920929,0.10300000011920929,0
2023-05-25,0.10499999672174454,0.10499999672174454,0.10499999672174454,0.10499999672174454,0.10499999672174454,0
2023-05-29,0.10000000149011612,0.10199999809265137,0.10000000149011612,0.10199999809265137,0.10199999809265137,410000
2023-05-30,0.10000000149011612,0.10199999809265137,0.0989999994635582,0.10199999809265137,0.10199999809265137,478000
2023-05-31,0.09399999678134918,0.10199999809265137,0.09300000220537186,0.10000000149011612,0.10000000149011612,1254000
2023-06-01,0.10000000149011612,0.10000000149011612,0.10000000149011612,0.10000000149011612,0.10000000149011612,0
2023-06-02,0.10000000149011612,0.10000000149011612,0.10000000149011612,0.10000000149011612,0.10000000149011612,0
2023-06-05,0.10000000149011612,0.10000000149011612,0.10000000149011612,0.10000000149011612,0.10000000149011612,0
2023-06-06,0.10000000149011612,0.10000000149011612,0.10000000149011612,0.10000000149011612,0.10000000149011612,0
2023-06-07,0.10000000149011612,0.10300000011920929,0.09700000286102295,0.10199999809265137,0.10199999809265137,288000
2023-06-08,0.10000000149011612,0.10000000149011612,0.10000000149011612,0.10000000149011612,0.10000000149011612,100000
2023-06-09,0.10000000149011612,0.10000000149011612,0.10000000149011612,0.10000000149011612,0.10000000149011612,0
2023-06-12,0.10000000149011612,0.10000000149011612,0.10000000149011612,0.10000000149011612,0.10000000149011612,90000
2023-06-13,0.10000000149011612,0.10100000351667404,0.10000000149011612,0.10100000351667404,0.10100000351667404,626000
2023-06-14,0.10000000149011612,0.10100000351667404,0.10000000149011612,0.10100000351667404,0.10100000351667404,76000
2023-06-15,0.10100000351667404,0.10100000351667404,0.10100000351667404,0.10100000351667404,0.10100000351667404,0
2023-06-16,0.10100000351667404,0.10100000351667404,0.10100000351667404,0.10100000351667404,0.10100000351667404,0
2023-06-19,0.09799999743700027,0.10300000011920929,0.09799999743700027,0.10300000011920929,0.10300000011920929,772000
2023-06-20,0.10300000011920929,0.10300000011920929,0.10300000011920929,0.10300000011920929,0.10300000011920929,0
2023-06-21,0.10300000011920929,0.10300000011920929,0.0989999994635582,0.10000000149011612,0.10000000149011612,126000
2023-06-23,0.10000000149011612,0.10300000011920929,0.0989999994635582,0.10300000011920929,0.10300000011920929,3214000
2023-06-26,0.10000000149011612,0.10300000011920929,0.10000000149011612,0.10300000011920929,0.10300000011920929,420000
2023-06-27,0.10000000149011612,0.10400000214576721,0.10000000149011612,0.10400000214576721,0.10400000214576721,110000
2023-06-28,0.10300000011920929,0.10300000011920929,0.10199999809265137,0.10300000011920929,0.10300000011920929,430000
2023-06-29,0.10300000011920929,0.10499999672174454,0.09600000083446503,0.10400000214576721,0.10400000214576721,2606000
2023-06-30,0.10499999672174454,0.11100000143051147,0.10499999672174454,0.10700000077486038,0.10700000077486038,602000
2023-07-03,0.10700000077486038,0.1080000028014183,0.1080000028014183,0.10999999940395355,0.10999999940395355,600000
2023-07-04,0.10899999737739563,0.10899999737739563,0.10499999672174454,0.1080000028014183,0.1080000028014183,820000
2023-07-05,0.1080000028014183,0.1120000034570694,0.1080000028014183,0.1080000028014183,0.1080000028014183,800000
2023-07-06,0.1080000028014183,0.11299999803304672,0.10599999874830246,0.11299999803304672,0.11299999803304672,1290000
2023-07-07,0.10899999737739563,0.10999999940395355,0.1080000028014183,0.10999999940395355,0.10999999940395355,772000
2023-07-10,0.10899999737739563,0.10999999940395355,0.10899999737739563,0.10899999737739563,0.10899999737739563,462000
2023-07-11,0.10999999940395355,0.10999999940395355,0.10999999940395355,0.10999999940395355,0.10999999940395355,0
2023-07-12,0.1080000028014183,0.10999999940395355,0.1080000028014183,0.10999999940395355,0.10999999940395355,934000
2023-07-13,0.10899999737739563,0.11100000143051147,0.10899999737739563,0.11100000143051147,0.11100000143051147,1266000
2023-07-14,0.10899999737739563,0.11400000005960464,0.10899999737739563,0.11400000005960464,0.11400000005960464,550000
2023-07-18,0.10999999940395355,0.11299999803304672,0.10999999940395355,0.1120000034570694,0.1120000034570694,1892000
2023-07-19,0.1120000034570694,0.1120000034570694,0.10999999940395355,0.1120000034570694,0.1120000034570694,924000
2023-07-20,0.11100000143051147,0.1120000034570694,0.10999999940395355,0.11100000143051147,0.11100000143051147,2651837
2023-07-21,0.11100000143051147,0.1120000034570694,0.10999999940395355,0.11100000143051147,0.11100000143051147,1085501
2023-07-24,0.10899999737739563,0.1120000034570694,0.10899999737739563,0.11100000143051147,0.11100000143051147,902000
2023-07-25,0.11100000143051147,0.1120000034570694,0.10999999940395355,0.11100000143051147,0.11100000143051147,1258000
2023-07-26,0.11100000143051147,0.1120000034570694,0.11100000143051147,0.11100000143051147,0.11100000143051147,642000
2023-07-27,0.11100000143051147,0.11100000143051147,0.10999999940395355,0.10999999940395355,0.10999999940395355,1770000
2023-07-28,0.10899999737739563,0.11699999868869781,0.1080000028014183,0.11699999868869781,0.11699999868869781,2210000
2023-07-31,0.10999999940395355,0.11699999868869781,0.10899999737739563,0.11699999868869781,0.11699999868869781,732000
2023-08-01,0.11599999666213989,0.11800000071525574,0.11500000208616257,0.11800000071525574,0.11800000071525574,244000
2023-08-02,0.11800000071525574,0.11800000071525574,0.10899999737739563,0.11699999868869781,0.11699999868869781,812000
2023-08-03,0.11699999868869781,0.11699999868869781,0.11100000143051147,0.11699999868869781,0.11699999868869781,274000
2023-08-04,0.11699999868869781,0.11900000274181366,0.11500000208616257,0.11699999868869781,0.11699999868869781,765568
2023-08-07,0.11699999868869781,0.11800000071525574,0.11599999666213989,0.11699999868869781,0.11699999868869781,226000
2023-08-08,0.11699999868869781,0.11800000071525574,0.11500000208616257,0.11800000071525574,0.11800000071525574,300000
2023-08-09,0.11699999868869781,0.11800000071525574,0.11400000005960464,0.11800000071525574,0.11800000071525574,214000
2023-08-10,0.11699999868869781,0.11800000071525574,0.1120000034570694,0.11800000071525574,0.11800000071525574,546000
2023-08-11,0.11699999868869781,0.11900000274181366,0.11500000208616257,0.11800000071525574,0.11800000071525574,424000
2023-08-14,0.11800000071525574,0.11900000274181366,0.11800000071525574,0.11800000071525574,0.11800000071525574,400000
2023-08-15,0.11800000071525574,0.11800000071525574,0.11299999803304672,0.11699999868869781,0.11699999868869781,330000
2023-08-16,0.11699999868869781,0.11800000071525574,0.11699999868869781,0.11699999868869781,0.11699999868869781,424000
2023-08-17,0.11800000071525574,0.11800000071525574,0.11299999803304672,0.11699999868869781,0.11699999868869781,514000
2023-08-18,0.11699999868869781,0.11699999868869781,0.11299999803304672,0.11500000208616257,0.11500000208616257,468000
2023-08-21,0.11500000208616257,0.11599999666213989,0.1120000034570694,0.11400000005960464,0.11400000005960464,536000
2023-08-22,0.11500000208616257,0.11500000208616257,0.1120000034570694,0.11400000005960464,0.11400000005960464,516000
2023-08-23,0.11400000005960464,0.11400000005960464,0.11400000005960464,0.11400000005960464,0.11400000005960464,0
2023-08-24,0.1120000034570694,0.11599999666213989,0.11100000143051147,0.11599999666213989,0.11599999666213989,1354000
2023-08-25,0.11500000208616257,0.11699999868869781,0.11500000208616257,0.11599999666213989,0.11599999666213989,596000
2023-08-28,0.11599999666213989,0.11699999868869781,0.1120000034570694,0.11599999666213989,0.11599999666213989,864000
2023-08-29,0.11599999666213989,0.11699999868869781,0.11500000208616257,0.11699999868869781,0.11699999868869781,490000
2023-08-30,0.11699999868869781,0.11900000274181366,0.11699999868869781,0.11800000071525574,0.11800000071525574,542000
2023-08-31,0.11800000071525574,0.12200000137090683,0.11900000274181366,0.12200000137090683,0.12200000137090683,918000
2023-09-04,0.12200000137090683,0.14000000059604645,0.12200000137090683,0.12999999523162842,0.12999999523162842,1769148
2023-09-05,0.12999999523162842,0.14100000262260437,0.12700000405311584,0.14100000262260437,0.14100000262260437,3472000
2023-09-06,0.14399999380111694,0.1469999998807907,0.13899999856948853,0.14399999380111694,0.14399999380111694,3469567
2023-09-07,0.14399999380111694,0.14800000190734863,0.13600000739097595,0.14499999582767487,0.14499999582767487,380000
2023-09-11,0.14499999582767487,0.14800000190734863,0.14399999380111694,0.14499999582767487,0.14499999582767487,770000
2023-09-12,0.14499999582767487,0.14900000393390656,0.14399999380111694,0.14499999582767487,0.14499999582767487,310269
2023-09-13,0.14399999380111694,0.17499999701976776,0.14399999380111694,0.16099999845027924,0.16099999845027924,3314000
2023-09-14,0.17000000178813934,0.17000000178813934,0.1459999978542328,0.15199999511241913,0.15199999511241913,1634000
2023-09-15,0.15000000596046448,0.1599999964237213,0.14900000393390656,0.15399999916553497,0.15399999916553497,2660000
2023-09-18,0.15399999916553497,0.15399999916553497,0.15000000596046448,0.1509999930858612,0.1509999930858612,466000
2023-09-19,0.1509999930858612,0.1589999943971634,0.1509999930858612,0.15800000727176666,0.15800000727176666,704000
2023-09-20,0.15399999916553497,0.15800000727176666,0.15399999916553497,0.15399999916553497,0.15399999916553497,164000
2023-09-21,0.15399999916553497,0.16300000250339508,0.15399999916553497,0.15399999916553497,0.15399999916553497,816000
2023-09-22,0.15800000727176666,0.16200000047683716,0.15700000524520874,0.16099999845027924,0.16099999845027924,882000
2023-09-25,0.15399999916553497,0.16200000047683716,0.15299999713897705,0.1599999964237213,0.1599999964237213,698000
2023-09-26,0.15299999713897705,0.1599999964237213,0.15299999713897705,0.1599999964237213,0.1599999964237213,230000
2023-09-27,0.15299999713897705,0.1599999964237213,0.1459999978542328,0.15700000524520874,0.15700000524520874,1238000
2023-09-28,0.15700000524520874,0.1589999943971634,0.1420000046491623,0.1550000011920929,0.1550000011920929,1290000
2023-09-29,0.15299999713897705,0.1550000011920929,0.14300000667572021,0.1550000011920929,0.1550000011920929,76000
2023-10-03,0.15299999713897705,0.1550000011920929,0.15000000596046448,0.15299999713897705,0.15299999713897705,338000
2023-10-04,0.15199999511241913,0.15199999511241913,0.13099999725818634,0.15000000596046448,0.15000000596046448,1154000
2023-10-05,0.1459999978542328,0.15000000596046448,0.14499999582767487,0.1459999978542328,0.1459999978542328,150000
2023-10-06,0.1469999998807907,0.15000000596046448,0.1459999978542328,0.15000000596046448,0.15000000596046448,584594
2023-10-09,0.1469999998807907,0.15700000524520874,0.1459999978542328,0.1509999930858612,0.1509999930858612,16000
2023-10-10,0.1509999930858612,0.1509999930858612,0.1509999930858612,0.1509999930858612,0.1509999930858612,0
2023-10-11,0.1469999998807907,0.15299999713897705,0.14499999582767487,0.1509999930858612,0.1509999930858612,902000
2023-10-12,0.1509999930858612,0.1509999930858612,0.1509999930858612,0.1509999930858612,0.1509999930858612,0
2023-10-13,0.14499999582767487,0.14499999582767487,0.14499999582767487,0.14499999582767487,0.14499999582767487,100000
2023-10-16,0.14300000667572021,0.1509999930858612,0.14100000262260437,0.14499999582767487,0.14499999582767487,258000
2023-10-17,0.14900000393390656,0.14900000393390656,0.14900000393390656,0.14900000393390656,0.14900000393390656,0
2023-10-18,0.14300000667572021,0.14800000190734863,0.1420000046491623,0.14800000190734863,0.14800000190734863,104000
2023-10-19,0.14800000190734863,0.14800000190734863,0.1469999998807907,0.14800000190734863,0.14800000190734863,128000
2023-10-20,0.14499999582767487,0.1469999998807907,0.13600000739097595,0.1469999998807907,0.1469999998807907,386000
2023-10-24,0.1469999998807907,0.1469999998807907,0.1469999998807907,0.1469999998807907,0.1469999998807907,0
2023-10-25,0.13099999725818634,0.1469999998807907,0.13099999725818634,0.1469999998807907,0.1469999998807907,18000
2023-10-26,0.14000000059604645,0.1509999930858612,0.14000000059604645,0.1469999998807907,0.1469999998807907,194000
2023-10-27,0.1469999998807907,0.1469999998807907,0.1469999998807907,0.1469999998807907,0.1469999998807907,0
2023-10-30,0.1469999998807907,0.1469999998807907,0.1469999998807907,0.1469999998807907,0.1469999998807907,0
2023-10-31,0.13300000131130219,0.14499999582767487,0.13099999725818634,0.14300000667572021,0.14300000667572021,582000
2023-11-01,0.1340000033378601,0.14000000059604645,0.13099999725818634,0.14000000059604645,0.14000000059604645,1352000
2023-11-02,0.13300000131130219,0.1379999965429306,0.125,0.13600000739097595,0.13600000739097595,956000
2023-11-03,0.13600000739097595,0.13600000739097595,0.13600000739097595,0.13600000739097595,0.13600000739097595,0
2023-11-06,0.13600000739097595,0.13600000739097595,0.13600000739097595,0.13600000739097595,0.13600000739097595,0
2023-11-07,0.13600000739097595,0.13600000739097595,0.13600000739097595,0.13600000739097595,0.13600000739097595,0
2023-11-08,0.13600000739097595,0.13600000739097595,0.13600000739097595,0.13600000739097595,0.13600000739097595,0
2023-11-09,0.13600000739097595,0.13600000739097595,0.13600000739097595,0.13600000739097595,0.13600000739097595,0
2023-11-10,0.13600000739097595,0.13600000739097595,0.13600000739097595,0.13600000739097595,0.13600000739097595,0
2023-11-13,0.13600000739097595,0.13600000739097595,0.13600000739097595,0.13600000739097595,0.13600000739097595,0
2023-11-14,0.13600000739097595,0.13600000739097595,0.13600000739097595,0.13600000739097595,0.13600000739097595,0
2023-11-15,0.13099999725818634,0.1420000046491623,0.13099999725818634,0.14000000059604645,0.14000000059604645,82000
2023-11-16,0.14000000059604645,0.14000000059604645,0.14000000059604645,0.14000000059604645,0.14000000059604645,0
2023-11-17,0.14000000059604645,0.14399999380111694,0.13199999928474426,0.14399999380111694,0.14399999380111694,900000
2023-11-20,0.1340000033378601,0.14399999380111694,0.13099999725818634,0.14399999380111694,0.14399999380111694,128000
2023-11-21,0.13600000739097595,0.1420000046491623,0.13600000739097595,0.1420000046491623,0.1420000046491623,22000
2023-11-22,0.14300000667572021,0.14399999380111694,0.1340000033378601,0.14399999380111694,0.14399999380111694,42000
2023-11-23,0.15000000596046448,0.15000000596046448,0.13600000739097595,0.14300000667572021,0.14300000667572021,852000
2023-11-24,0.14499999582767487,0.14499999582767487,0.1340000033378601,0.1420000046491623,0.1420000046491623,8000
2023-11-27,0.1340000033378601,0.1340000033378601,0.13300000131130219,0.1420000046491623,0.1420000046491623,4000
2023-11-28,0.13500000536441803,0.14100000262260437,0.13500000536441803,0.14000000059604645,0.14000000059604645,14000
2023-11-29,0.13300000131130219,0.1420000046491623,0.13099999725818634,0.14000000059604645,0.14000000059604645,121135
2023-11-30,0.14000000059604645,0.14000000059604645,0.14000000059604645,0.14000000059604645,0.14000000059604645,0
2023-12-01,0.14000000059604645,0.14000000059604645,0.13300000131130219,0.14000000059604645,0.14000000059604645,22000
2023-12-04,0.14000000059604645,0.14000000059604645,0.14000000059604645,0.14000000059604645,0.14000000059604645,0
2023-12-05,0.13199999928474426,0.13699999451637268,0.12999999523162842,0.13699999451637268,0.13699999451637268,88000
2023-12-06,0.12999999523162842,0.13500000536441803,0.12999999523162842,0.1340000033378601,0.1340000033378601,56000
2023-12-07,0.13199999928474426,0.1340000033378601,0.1289999932050705,0.1340000033378601,0.1340000033378601,78000
2023-12-08,0.1340000033378601,0.1340000033378601,0.1340000033378601,0.1340000033378601,0.1340000033378601,0
2023-12-11,0.12700000405311584,0.15000000596046448,0.125,0.14399999380111694,0.14399999380111694,788000
2023-12-12,0.13600000739097595,0.14499999582767487,0.13600000739097595,0.14399999380111694,0.14399999380111694,16000
2023-12-13,0.14300000667572021,0.14300000667572021,0.14300000667572021,0.14300000667572021,0.14300000667572021,0
2023-12-14,0.1420000046491623,0.1420000046491623,0.1420000046491623,0.1420000046491623,0.1420000046491623,0
2023-12-15,0.1420000046491623,0.1420000046491623,0.1420000046491623,0.1420000046491623,0.1420000046491623,0
2023-12-18,0.1420000046491623,0.1420000046491623,0.1420000046491623,0.1420000046491623,0.1420000046491623,0
2023-12-19,0.1420000046491623,0.1420000046491623,0.1420000046491623,0.1420000046491623,0.1420000046491623,0
2023-12-20,0.1420000046491623,0.1420000046491623,0.1420000046491623,0.1420000046491623,0.1420000046491623,0
2023-12-21,0.1420000046491623,0.1420000046491623,0.1420000046491623,0.1420000046491623,0.1420000046491623,0
2023-12-22,0.12999999523162842,0.1420000046491623,0.12999999523162842,0.14000000059604645,0.14000000059604645,438000
2023-12-27,0.13099999725818634,0.14000000059604645,0.1289999932050705,0.13899999856948853,0.13899999856948853,454000
2023-12-28,0.13199999928474426,0.14000000059604645,0.13099999725818634,0.14000000059604645,0.14000000059604645,1626000
2023-12-29,0.14000000059604645,0.14100000262260437,0.13199999928474426,0.14000000059604645,0.14000000059604645,464000
2024-01-02,0.14000000059604645,0.14000000059604645,0.14000000059604645,0.14000000059604645,0.14000000059604645,0
2024-01-03,0.14000000059604645,0.14000000059604645,0.14000000059604645,0.14000000059604645,0.14000000059604645,0
2024-01-04,0.14499999582767487,0.14499999582767487,0.14499999582767487,0.14499999582767487,0.14499999582767487,20000
2024-01-05,0.14499999582767487,0.14499999582767487,0.14499999582767487,0.14499999582767487,0.14499999582767487,80000
2024-01-08,0.14399999380111694,0.14399999380111694,0.1420000046491623,0.1420000046491623,0.1420000046491623,12000
2024-01-09,0.1469999998807907,0.1469999998807907,0.1459999978542328,0.1459999978542328,0.1459999978542328,10000
2024-01-10,0.15000000596046448,0.15000000596046448,0.14800000190734863,0.14800000190734863,0.14800000190734863,8000
2024-01-11,0.14900000393390656,0.14900000393390656,0.14900000393390656,0.14900000393390656,0.14900000393390656,6000
2024-01-12,0.14900000393390656,0.14900000393390656,0.13899999856948853,0.14800000190734863,0.14800000190734863,9810
2024-01-15,0.14800000190734863,0.14800000190734863,0.14800000190734863,0.14800000190734863,0.14800000190734863,0
2024-01-16,0.14800000190734863,0.14800000190734863,0.14800000190734863,0.14800000190734863,0.14800000190734863,0
2024-01-17,0.14800000190734863,0.14800000190734863,0.14800000190734863,0.14800000190734863,0.14800000190734863,0
2024-01-18,0.13199999928474426,0.1469999998807907,0.13099999725818634,0.14399999380111694,0.14399999380111694,988000
2024-01-19,0.14399999380111694,0.14399999380111694,0.14399999380111694,0.14399999380111694,0.14399999380111694,0
2024-01-22,0.14399999380111694,0.1459999978542328,0.1340000033378601,0.14399999380111694,0.14399999380111694,584000
2024-01-23,0.14399999380111694,0.14399999380111694,0.14399999380111694,0.14399999380111694,0.14399999380111694,0
2024-01-24,0.13899999856948853,0.1459999978542328,0.1340000033378601,0.13899999856948853,0.13899999856948853,864000
2024-01-25,0.13899999856948853,0.13899999856948853,0.13899999856948853,0.13899999856948853,0.13899999856948853,0
2024-01-26,0.1340000033378601,0.13899999856948853,0.1340000033378601,0.13899999856948853,0.13899999856948853,230000
2024-01-29,0.13899999856948853,0.13899999856948853,0.13899999856948853,0.13899999856948853,0.13899999856948853,0
2024-01-30,0.13899999856948853,0.13899999856948853,0.13899999856948853,0.13899999856948853,0.13899999856948853,0
2024-01-31,0.1340000033378601,0.1340000033378601,0.1340000033378601,0.1340000033378601,0.1340000033378601,0
2024-02-01,0.1340000033378601,0.1340000033378601,0.1340000033378601,0.1340000033378601,0.1340000033378601,0
2024-02-02,0.1340000033378601,0.1340000033378601,0.1340000033378601,0.1340000033378601,0.1340000033378601,0
2024-02-05,0.1340000033378601,0.1340000033378601,0.1340000033378601,0.1340000033378601,0.1340000033378601,0
2024-02-06,0.1340000033378601,0.1340000033378601,0.1340000033378601,0.1340000033378601,0.1340000033378601,0
2024-02-07,0.1340000033378601,0.1340000033378601,0.1340000033378601,0.1340000033378601,0.1340000033378601,0
2024-02-08,0.1340000033378601,0.1340000033378601,0.1340000033378601,0.1340000033378601,0.1340000033378601,0
2024-02-09,0.1340000033378601,0.1340000033378601,0.1340000033378601,0.1340000033378601,0.1340000033378601,0
2024-02-14,0.13199999928474426,0.13199999928474426,0.13199999928474426,0.13500000536441803,0.13500000536441803,38000
2024-02-15,0.13500000536441803,0.13500000536441803,0.13500000536441803,0.13500000536441803,0.13500000536441803,0
2024-02-16,0.13500000536441803,0.13500000536441803,0.13500000536441803,0.13500000536441803,0.13500000536441803,0
2024-02-19,0.12999999523162842,0.13500000536441803,0.12399999797344208,0.1340000033378601,0.1340000033378601,751107
2024-02-20,0.13199999928474426,0.13899999856948853,0.13199999928474426,0.13899999856948853,0.13899999856948853,70000
2024-02-21,0.12999999523162842,0.12999999523162842,0.12600000202655792,0.13699999451637268,0.13699999451637268,6000
2024-02-22,0.13699999451637268,0.13699999451637268,0.13699999451637268,0.13699999451637268,0.13699999451637268,0
2024-02-23,0.13699999451637268,0.13699999451637268,0.13699999451637268,0.13699999451637268,0.13699999451637268,0
2024-02-26,0.13699999451637268,0.13699999451637268,0.13699999451637268,0.13699999451637268,0.13699999451637268,0
2024-02-27,0.13699999451637268,0.13699999451637268,0.13699999451637268,0.13699999451637268,0.13699999451637268,0
2024-02-28,0.13199999928474426,0.13199999928474426,0.13199999928474426,0.13199999928474426,0.13199999928474426,0
2024-02-29,0.13199999928474426,0.13199999928474426,0.13199999928474426,0.13199999928474426,0.13199999928474426,0
2024-03-01,0.13199999928474426,0.13199999928474426,0.13199999928474426,0.13199999928474426,0.13199999928474426,0
2024-03-04,0.12700000405311584,0.12999999523162842,0.12700000405311584,0.12999999523162842,0.12999999523162842,14000
2024-03-05,0.12700000405311584,0.12700000405311584,0.12099999934434891,0.12700000405311584,0.12700000405311584,658539
2024-03-06,0.1289999932050705,0.1289999932050705,0.12099999934434891,0.12600000202655792,0.12600000202655792,14000
2024-03-07,0.1289999932050705,0.1289999932050705,0.12200000137090683,0.1289999932050705,0.1289999932050705,76000
2024-03-08,0.1289999932050705,0.1289999932050705,0.1289999932050705,0.1289999932050705,0.1289999932050705,0
2024-03-11,0.1289999932050705,0.1289999932050705,0.1289999932050705,0.1289999932050705,0.1289999932050705,0
2024-03-12,0.12700000405311584,0.12700000405311584,0.12700000405311584,0.13199999928474426,0.13199999928474426,70000
2024-03-13,0.13099999725818634,0.13099999725818634,0.13099999725818634,0.13099999725818634,0.13099999725818634,0
2024-03-14,0.12800000607967377,0.12800000607967377,0.12800000607967377,0.12800000607967377,0.12800000607967377,0
2024-03-15,0.1289999932050705,0.1289999932050705,0.1289999932050705,0.1289999932050705,0.1289999932050705,0
2024-03-18,0.12700000405311584,0.12700000405311584,0.12700000405311584,0.12700000405311584,0.12700000405311584,0
2024-03-19,0.12600000202655792,0.12600000202655792,0.12600000202655792,0.12600000202655792,0.12600000202655792,0
2024-03-20,0.125,0.12800000607967377,0.12099999934434891,0.12700000405311584,0.12700000405311584,216000
2024-03-21,0.12700000405311584,0.12700000405311584,0.12700000405311584,0.12700000405311584,0.12700000405311584,0
2024-03-22,0.12700000405311584,0.12700000405311584,0.12700000405311584,0.12700000405311584,0.12700000405311584,0
2024-03-25,0.12600000202655792,0.12600000202655792,0.12600000202655792,0.12600000202655792,0.12600000202655792,0
2024-03-26,0.12600000202655792,0.12600000202655792,0.12600000202655792,0.12600000202655792,0.12600000202655792,0
2024-03-27,0.12600000202655792,0.12600000202655792,0.12600000202655792,0.12600000202655792,0.12600000202655792,0
2024-03-28,0.125,0.125,0.125,0.125,0.125,0
2024-04-02,0.12099999934434891,0.125,0.12099999934434891,0.125,0.125,26000
2024-04-03,0.125,0.125,0.125,0.125,0.125,0
2024-04-05,0.11500000208616257,0.11500000208616257,0.11500000208616257,0.11999999731779099,0.11999999731779099,90076
2024-04-08,0.11999999731779099,0.11999999731779099,0.11999999731779099,0.11999999731779099,0.11999999731779099,0
2024-04-09,0.11999999731779099,0.11999999731779099,0.11999999731779099,0.11999999731779099,0.11999999731779099,0
2024-04-10,0.11999999731779099,0.11999999731779099,0.11999999731779099,0.11999999731779099,0.11999999731779099,0
2024-04-11,0.11500000208616257,0.125,0.11500000208616257,0.125,0.125,12000
2024-04-12,0.125,0.125,0.125,0.125,0.125,0
2024-04-15,0.11599999666213989,0.125,0.11599999666213989,0.125,0.125,34000
2024-04-16,0.125,0.125,0.125,0.125,0.125,0
2024-04-17,0.125,0.125,0.125,0.125,0.125,0
2024-04-18,0.11699999868869781,0.12399999797344208,0.11100000143051147,0.12399999797344208,0.12399999797344208,113404
2024-04-19,0.11999999731779099,0.12399999797344208,0.11999999731779099,0.12399999797344208,0.12399999797344208,102000
2024-04-22,0.12300000339746475,0.12300000339746475,0.12300000339746475,0.12300000339746475,0.12300000339746475,0
2024-04-23,0.12300000339746475,0.12300000339746475,0.11699999868869781,0.12300000339746475,0.12300000339746475,82000
2024-04-24,0.12300000339746475,0.12300000339746475,0.12300000339746475,0.12300000339746475,0.12300000339746475,0
2024-04-25,0.11500000208616257,0.12300000339746475,0.11500000208616257,0.12300000339746475,0.12300000339746475,102000
2024-04-26,0.12200000137090683,0.12200000137090683,0.11500000208616257,0.12200000137090683,0.12200000137090683,22000
2024-04-29,0.12200000137090683,0.12300000339746475,0.11500000208616257,0.12200000137090683,0.12200000137090683,630000
2024-04-30,0.11999999731779099,0.12200000137090683,0.11500000208616257,0.12200000137090683,0.12200000137090683,209350
2024-05-02,0.11500000208616257,0.11500000208616257,0.11500000208616257,0.11500000208616257,0.11500000208616257,179674
2024-05-03,0.11500000208616257,0.11500000208616257,0.11500000208616257,0.11500000208616257,0.11500000208616257,0
2024-05-06,0.11599999666213989,0.11999999731779099,0.10999999940395355,0.11999999731779099,0.11999999731779099,94000
2024-05-07,0.11999999731779099,0.11999999731779099,0.11999999731779099,0.11999999731779099,0.11999999731779099,0
2024-05-08,0.11500000208616257,0.11999999731779099,0.11299999803304672,0.11999999731779099,0.11999999731779099,84000
2024-05-09,0.11999999731779099,0.11999999731779099,0.11999999731779099,0.11999999731779099,0.11999999731779099,0
2024-05-10,0.11999999731779099,0.11999999731779099,0.11999999731779099,0.11999999731779099,0.11999999731779099,0
2024-05-13,0.11900000274181366,0.11900000274181366,0.11900000274181366,0.11900000274181366,0.11900000274181366,0
2024-05-14,0.11999999731779099,0.11999999731779099,0.11999999731779099,0.11999999731779099,0.11999999731779099,0
2024-05-16,0.11999999731779099,0.12200000137090683,0.11400000005960464,0.12200000137090683,0.12200000137090683,595134
2024-05-17,0.12200000137090683,0.12200000137090683,0.12200000137090683,0.12200000137090683,0.12200000137090683,0
2024-05-20,0.12200000137090683,0.12200000137090683,0.12200000137090683,0.12200000137090683,0.12200000137090683,0
2024-05-21,0.11999999731779099,0.11999999731779099,0.11999999731779099,0.11999999731779099,0.11999999731779099,0
2024-05-22,0.125,0.125,0.125,0.125,0.125,0
2024-05-23,0.11699999868869781,0.11699999868869781,0.11699999868869781,0.125,0.125,2000
2024-05-24,0.125,0.125,0.125,0.125,0.125,0
2024-05-27,0.11500000208616257,0.11999999731779099,0.10700000077486038,0.125,0.125,328000
2024-05-28,0.12300000339746475,0.12300000339746475,0.11299999803304672,0.12099999934434891,0.12099999934434891,24000
2024-05-29,0.11299999803304672,0.11299999803304672,0.1120000034570694,0.12099999934434891,0.12099999934434891,110000
2024-05-30,0.11800000071525574,0.12099999934434891,0.11800000071525574,0.12099999934434891,0.12099999934434891,50000
2024-05-31,0.12099999934434891,0.12099999934434891,0.12099999934434891,0.12099999934434891,0.12099999934434891,0
2024-06-03,0.11900000274181366,0.11900000274181366,0.11900000274181366,0.11900000274181366,0.11900000274181366,0
2024-06-04,0.11900000274181366,0.11900000274181366,0.11900000274181366,0.11900000274181366,0.11900000274181366,0
2024-06-05,0.11900000274181366,0.11900000274181366,0.11900000274181366,0.11900000274181366,0.11900000274181366,0
2024-06-06,0.11800000071525574,0.11900000274181366,0.11299999803304672,0.11599999666213989,0.11599999666213989,452000
2024-06-07,0.10899999737739563,0.10899999737739563,0.1080000028014183,0.11599999666213989,0.11599999666213989,242000
2024-06-11,0.1080000028014183,0.11500000208616257,0.10300000011920929,0.1120000034570694,0.1120000034570694,425349
2024-06-12,0.1120000034570694,0.1120000034570694,0.10700000077486038,0.1120000034570694,0.1120000034570694,10000
2024-06-13,0.11299999803304672,0.11900000274181366,0.11299999803304672,0.11500000208616257,0.11500000208616257,282000
2024-06-14,0.1080000028014183,0.11999999731779099,0.1080000028014183,0.11999999731779099,0.11999999731779099,142000
2024-06-17,0.11999999731779099,0.11999999731779099,0.11999999731779099,0.11999999731779099,0.11999999731779099,0
2024-06-18,0.1120000034570694,0.11900000274181366,0.1080000028014183,0.11699999868869781,0.11699999868869781,270000
2024-06-19,0.11599999666213989,0.11599999666213989,0.11599999666213989,0.11599999666213989,0.11599999666213989,0
2024-06-20,0.10999999940395355,0.11900000274181366,0.10999999940395355,0.11900000274181366,0.11900000274181366,12000
2024-06-21,0.11699999868869781,0.11699999868869781,0.11699999868869781,0.11699999868869781,0.11699999868869781,0
2024-06-24,0.10999999940395355,0.12300000339746475,0.10999999940395355,0.12200000137090683,0.12200000137090683,752000
2024-06-25,0.11599999666213989,0.12200000137090683,0.11299999803304672,0.12200000137090683,0.12200000137090683,378000
2024-06-26,0.12200000137090683,0.12200000137090683,0.12200000137090683,0.12200000137090683,0.12200000137090683,0
2024-06-27,0.11999999731779099,0.11999999731779099,0.11299999803304672,0.11699999868869781,0.11699999868869781,614000
2024-06-28,0.11699999868869781,0.11699999868869781,0.11699999868869781,0.11699999868869781,0.11699999868869781,0
2024-07-02,0.11699999868869781,0.11699999868869781,0.11699999868869781,0.11699999868869781,0.11699999868869781,0
2024-07-03,0.11699999868869781,0.11800000071525574,0.11100000143051147,0.11699999868869781,0.11699999868869781,572000
2024-07-04,0.11699999868869781,0.11699999868869781,0.11699999868869781,0.11699999868869781,0.11699999868869781,0
2024-07-08,0.11599999666213989,0.125,0.11599999666213989,0.125,0.125,276000
2024-07-09,0.125,0.125,0.125,0.125,0.125,0
2024-07-10,0.125,0.125,0.11299999803304672,0.12300000339746475,0.12300000339746475,324000
2024-07-11,0.12200000137090683,0.125,0.11400000005960464,0.125,0.125,755567
2024-07-12,0.125,0.125,0.125,0.125,0.125,0
2024-07-15,0.12399999797344208,0.12399999797344208,0.11400000005960464,0.12300000339746475,0.12300000339746475,562000
2024-07-16,0.12300000339746475,0.12300000339746475,0.12300000339746475,0.12300000339746475,0.12300000339746475,0
2024-07-17,0.12300000339746475,0.12300000339746475,0.12300000339746475,0.12300000339746475,0.12300000339746475,0
2024-07-18,0.12200000137090683,0.12300000339746475,0.12200000137090683,0.12300000339746475,0.12300000339746475,438000
2024-07-19,0.11500000208616257,0.12099999934434891,0.11400000005960464,0.12099999934434891,0.12099999934434891,52000
2024-07-22,0.12099999934434891,0.12200000137090683,0.11599999666213989,0.12200000137090683,0.12200000137090683,260000
2024-07-23,0.11999999731779099,0.11999999731779099,0.11500000208616257,0.11999999731779099,0.11999999731779099,600000
2024-07-24,0.11999999731779099,0.11999999731779099,0.11999999731779099,0.11999999731779099,0.11999999731779099,0
2024-07-25,0.11500000208616257,0.11999999731779099,0.11400000005960464,0.11999999731779099,0.11999999731779099,585674
2024-07-26,0.11999999731779099,0.11999999731779099,0.11999999731779099,0.11999999731779099,0.11999999731779099,0
2024-07-29,0.11999999731779099,0.11999999731779099,0.11999999731779099,0.11999999731779099,0.11999999731779099,0
2024-07-30,0.11900000274181366,0.11900000274181366,0.11900000274181366,0.11900000274181366,0.11900000274181366,0
2024-07-31,0.11900000274181366,0.11900000274181366,0.11900000274181366,0.11900000274181366,0.11900000274181366,0
2024-08-01,0.11900000274181366,0.11900000274181366,0.11500000208616257,0.11800000071525574,0.11800000071525574,90000
2024-08-02,0.11800000071525574,0.11800000071525574,0.11800000071525574,0.11800000071525574,0.11800000071525574,0
2024-08-05,0.11500000208616257,0.11999999731779099,0.10999999940395355,0.11999999731779099,0.11999999731779099,1148000
2024-08-06,0.11100000143051147,0.11599999666213989,0.10999999940395355,0.11599999666213989,0.11599999666213989,360000
2024-08-07,0.10999999940395355,0.10999999940395355,0.10999999940395355,0.10999999940395355,0.10999999940395355,4000
2024-08-08,0.11500000208616257,0.11800000071525574,0.11100000143051147,0.11800000071525574,0.11800000071525574,612000
2024-08-09,0.10999999940395355,0.10999999940395355,0.10999999940395355,0.11699999868869781,0.11699999868869781,18000
2024-08-12,0.11699999868869781,0.11699999868869781,0.11699999868869781,0.11699999868869781,0.11699999868869781,0
2024-08-13,0.11699999868869781,0.11699999868869781,0.11699999868869781,0.11699999868869781,0.11699999868869781,0
2024-08-14,0.11699999868869781,0.11699999868869781,0.11699999868869781,0.11699999868869781,0.11699999868869781,0
2024-08-15,0.11100000143051147,0.11400000005960464,0.10899999737739563,0.11400000005960464,0.11400000005960464,784000
2024-08-16,0.11400000005960464,0.11400000005960464,0.11400000005960464,0.11400000005960464,0.11400000005960464,0
2024-08-19,0.11299999803304672,0.11299999803304672,0.11299999803304672,0.11299999803304672,0.11299999803304672,0
2024-08-20,0.11299999803304672,0.11299999803304672,0.11299999803304672,0.11299999803304672,0.11299999803304672,0
2024-08-21,0.11299999803304672,0.11299999803304672,0.11299999803304672,0.11299999803304672,0.11299999803304672,0
2024-08-22,0.11299999803304672,0.11299999803304672,0.11299999803304672,0.11299999803304672,0.11299999803304672,0
2024-08-23,0.1080000028014183,0.1080000028014183,0.10400000214576721,0.1080000028014183,0.1080000028014183,640000
2024-08-26,0.1080000028014183,0.1080000028014183,0.1080000028014183,0.1080000028014183,0.1080000028014183,0
2024-08-27,0.10499999672174454,0.10599999874830246,0.10000000149011612,0.10400000214576721,0.10400000214576721,958000
2024-08-28,0.10300000011920929,0.10300000011920929,0.0989999994635582,0.10300000011920929,0.10300000011920929,198756
2024-08-29,0.10300000011920929,0.10300000011920929,0.10300000011920929,0.10300000011920929,0.10300000011920929,0
2024-08-30,0.10199999809265137,0.10199999809265137,0.10199999809265137,0.10199999809265137,0.10199999809265137,0
2024-09-02,0.10199999809265137,0.10199999809265137,0.10199999809265137,0.10199999809265137,0.10199999809265137,0
2024-09-03,0.10199999809265137,0.10199999809265137,0.10199999809265137,0.10199999809265137,0.10199999809265137,0
2024-09-04,0.10199999809265137,0.10199999809265137,0.10199999809265137,0.10199999809265137,0.10199999809265137,0
2024-09-05,0.10100000351667404,0.10400000214576721,0.09700000286102295,0.10400000214576721,0.10400000214576721,170000
2024-09-09,0.10400000214576721,0.10400000214576721,0.10400000214576721,0.10400000214576721,0.10400000214576721,0
2024-09-10,0.10400000214576721,0.10400000214576721,0.10400000214576721,0.10400000214576721,0.10400000214576721,0
2024-09-11,0.10300000011920929,0.10300000011920929,0.10300000011920929,0.10300000011920929,0.10300000011920929,0
2024-09-12,0.10300000011920929,0.10300000011920929,0.10300000011920929,0.10300000011920929,0.10300000011920929,0
2024-09-13,0.10300000011920929,0.10300000011920929,0.10300000011920929,0.10300000011920929,0.10300000011920929,0
2024-09-16,0.0949999988079071,0.10300000011920929,0.09099999815225601,0.10300000011920929,0.10300000011920929,448000
2024-09-17,0.10300000011920929,0.10300000011920929,0.10300000011920929,0.10300000011920929,0.10300000011920929,0
2024-09-19,0.10000000149011612,0.10199999809265137,0.0949999988079071,0.10000000149011612,0.10000000149011612,128000
2024-09-20,0.10000000149011612,0.10000000149011612,0.10000000149011612,0.10000000149011612,0.10000000149011612,0
2024-09-23,0.10000000149011612,0.10000000149011612,0.10000000149011612,0.10000000149011612,0.10000000149011612,0
2024-09-24,0.10199999809265137,0.10199999809265137,0.0949999988079071,0.10199999809265137,0.10199999809265137,32000
2024-09-25,0.10000000149011612,0.10199999809265137,0.09600000083446503,0.10199999809265137,0.10199999809265137,88000
2024-09-26,0.10199999809265137,0.10499999672174454,0.0989999994635582,0.10499999672174454,0.10499999672174454,46000
2024-09-27,0.10499999672174454,0.10499999672174454,0.10000000149011612,0.10499999672174454,0.10499999672174454,1316000
2024-09-30,0.10899999737739563,0.10899999737739563,0.09600000083446503,0.10300000011920929,0.10300000011920929,4162000
2024-10-02,0.10599999874830246,0.12200000137090683,0.10100000351667404,0.11800000071525574,0.11800000071525574,5053331
2024-10-03,0.12399999797344208,0.12399999797344208,0.11400000005960464,0.11800000071525574,0.11800000071525574,2736000
2024-10-04,0.11500000208616257,0.12099999934434891,0.11500000208616257,0.11999999731779099,0.11999999731779099,1692000
