Date,Open,High,Low,Close,Adj Close,Volume
2017-04-19,6.199999809265137,6.900000095367432,5.599999904632568,6.599999904632568,6.599999904632568,2459500
2017-04-20,6.400000095367432,6.400000095367432,6.099999904632568,6.400000095367432,6.400000095367432,171500
2017-04-21,6.400000095367432,6.599999904632568,6.099999904632568,6.099999904632568,6.099999904632568,148500
2017-04-24,6.300000190734863,6.5,6.199999809265137,6.300000190734863,6.300000190734863,118500
2017-04-25,6.400000095367432,6.599999904632568,6.300000190734863,6.5,6.5,131500
2017-04-26,6.5,7.300000190734863,6.400000095367432,6.400000095367432,6.400000095367432,471500
2017-04-27,6.400000095367432,6.5,6.300000190734863,6.400000095367432,6.400000095367432,32500
2017-04-28,6.400000095367432,6.5,6.300000190734863,6.300000190734863,6.300000190734863,69000
2017-05-02,6.400000095367432,6.400000095367432,6.300000190734863,6.400000095367432,6.400000095367432,38500
2017-05-04,6.400000095367432,6.400000095367432,6.0,6.300000190734863,6.300000190734863,83500
2017-05-05,6.199999809265137,6.300000190734863,6.099999904632568,6.199999809265137,6.199999809265137,36000
2017-05-08,6.199999809265137,6.199999809265137,5.900000095367432,6.0,6.0,65500
2017-05-09,6.099999904632568,6.099999904632568,5.699999809265137,6.0,6.0,60000
2017-05-10,5.800000190734863,6.099999904632568,5.800000190734863,5.900000095367432,5.900000095367432,58000
2017-05-11,5.900000095367432,6.400000095367432,5.900000095367432,6.300000190734863,6.300000190734863,76500
2017-05-12,6.300000190734863,6.300000190734863,6.0,6.099999904632568,6.099999904632568,19500
2017-05-15,6.099999904632568,6.199999809265137,6.0,6.199999809265137,6.199999809265137,28000
2017-05-16,6.199999809265137,7.099999904632568,6.199999809265137,7.0,7.0,166500
2017-05-17,7.0,7.5,6.5,6.5,6.5,167500
2017-05-18,6.599999904632568,6.699999809265137,6.400000095367432,6.400000095367432,6.400000095367432,25500
2017-05-19,6.400000095367432,6.800000190734863,6.400000095367432,6.5,6.5,31500
2017-05-22,6.5,6.599999904632568,6.199999809265137,6.199999809265137,6.199999809265137,38500
2017-05-23,6.199999809265137,6.699999809265137,6.199999809265137,6.699999809265137,6.699999809265137,72000
2017-05-24,6.5,8.199999809265137,6.5,7.900000095367432,7.900000095367432,442500
2017-05-25,8.0,12.399999618530273,8.0,10.600000381469727,10.600000381469727,1785000
2017-05-26,10.600000381469727,11.600000381469727,8.899999618530273,9.0,9.0,489371
2017-05-29,8.899999618530273,9.699999809265137,7.800000190734863,7.900000095367432,7.900000095367432,432500
2017-05-31,7.900000095367432,8.300000190734863,7.699999809265137,8.199999809265137,8.199999809265137,119000
2017-06-01,8.0,8.800000190734863,7.800000190734863,8.800000190734863,8.800000190734863,158500
2017-06-02,8.800000190734863,9.100000381469727,8.300000190734863,8.800000190734863,8.800000190734863,79500
2017-06-05,8.300000190734863,8.800000190734863,8.300000190734863,8.600000381469727,8.600000381469727,33000
2017-06-06,8.5,8.600000381469727,7.5,8.199999809265137,8.199999809265137,47500
2017-06-07,8.0,8.199999809265137,7.699999809265137,8.199999809265137,8.199999809265137,47000
2017-06-08,7.900000095367432,8.399999618530273,7.900000095367432,8.199999809265137,8.199999809265137,35000
2017-06-09,8.399999618530273,8.399999618530273,8.0,8.199999809265137,8.199999809265137,12872
2017-06-12,8.0,8.0,8.0,8.0,8.0,3500
2017-06-13,7.900000095367432,7.900000095367432,7.5,7.699999809265137,7.699999809265137,70500
2017-06-14,7.699999809265137,7.900000095367432,7.599999904632568,7.599999904632568,7.599999904632568,39500
2017-06-15,7.900000095367432,8.899999618530273,7.800000190734863,7.900000095367432,7.900000095367432,184000
2017-06-16,8.100000381469727,8.100000381469727,7.599999904632568,7.800000190734863,7.800000190734863,31700
2017-06-19,7.599999904632568,8.399999618530273,7.599999904632568,8.100000381469727,8.100000381469727,29500
2017-06-20,7.900000095367432,9.699999809265137,7.900000095367432,8.899999618530273,8.899999618530273,284000
2017-06-21,8.800000190734863,9.5,8.699999809265137,8.699999809265137,8.699999809265137,151500
2017-06-22,9.0,9.399999618530273,8.600000381469727,9.0,9.0,126500
2017-06-23,9.0,9.0,8.600000381469727,8.600000381469727,8.600000381469727,32000
2017-06-26,8.600000381469727,8.800000190734863,8.600000381469727,8.800000190734863,8.800000190734863,9000
2017-06-27,8.600000381469727,8.600000381469727,6.800000190734863,8.100000381469727,8.100000381469727,128500
2017-06-28,8.100000381469727,8.100000381469727,7.300000190734863,7.900000095367432,7.900000095367432,36000
2017-06-29,7.800000190734863,8.0,7.800000190734863,7.900000095367432,7.900000095367432,18000
2017-06-30,7.5,7.800000190734863,7.5,7.800000190734863,7.800000190734863,1500
2017-07-03,7.599999904632568,7.599999904632568,6.800000190734863,7.400000095367432,7.400000095367432,43500
2017-07-04,7.400000095367432,7.400000095367432,7.199999809265137,7.300000190734863,7.300000190734863,30500
2017-07-05,7.199999809265137,7.5,7.199999809265137,7.5,7.5,27500
2017-07-06,7.5,7.5,7.099999904632568,7.300000190734863,7.300000190734863,30500
2017-07-07,7.199999809265137,7.199999809265137,7.199999809265137,7.199999809265137,7.199999809265137,3500
2017-07-10,7.199999809265137,7.5,7.199999809265137,7.5,7.5,15000
2017-07-11,7.400000095367432,7.400000095367432,7.400000095367432,7.400000095367432,7.400000095367432,0
2017-07-12,7.199999809265137,7.699999809265137,7.0,7.599999904632568,7.599999904632568,24500
2017-07-13,7.400000095367432,7.5,7.400000095367432,7.400000095367432,7.400000095367432,14500
2017-07-14,7.300000190734863,7.5,7.199999809265137,7.5,7.5,8500
2017-07-17,7.400000095367432,7.400000095367432,7.400000095367432,7.400000095367432,7.400000095367432,4500
2017-07-18,7.0,7.699999809265137,7.0,7.300000190734863,7.300000190734863,22500
2017-07-19,7.300000190734863,7.800000190734863,7.300000190734863,7.599999904632568,7.599999904632568,14000
2017-07-20,7.599999904632568,7.599999904632568,7.400000095367432,7.599999904632568,7.599999904632568,4000
2017-07-21,7.099999904632568,7.599999904632568,7.400000095367432,7.599999904632568,7.599999904632568,6500
2017-07-24,7.800000190734863,11.800000190734863,7.699999809265137,8.399999618530273,8.399999618530273,139500
2017-07-25,8.899999618530273,8.899999618530273,8.0,8.399999618530273,8.399999618530273,39500
2017-07-26,8.699999809265137,8.699999809265137,8.0,8.100000381469727,8.100000381469727,23000
2017-07-27,8.399999618530273,8.399999618530273,7.699999809265137,8.0,8.0,15500
2017-07-28,7.699999809265137,8.199999809265137,7.599999904632568,7.900000095367432,7.900000095367432,21000
2017-07-31,8.399999618530273,8.399999618530273,7.599999904632568,7.800000190734863,7.800000190734863,11500
2017-08-01,7.699999809265137,7.900000095367432,7.599999904632568,7.599999904632568,7.599999904632568,11500
2017-08-02,7.5,7.900000095367432,7.199999809265137,7.900000095367432,7.900000095367432,17500
2017-08-03,7.900000095367432,7.900000095367432,7.0,7.099999904632568,7.099999904632568,92500
2017-08-04,7.199999809265137,7.400000095367432,7.199999809265137,7.400000095367432,7.400000095367432,29500
2017-08-07,7.0,7.400000095367432,7.0,7.199999809265137,7.199999809265137,13000
2017-08-08,7.0,7.199999809265137,6.900000095367432,7.199999809265137,7.199999809265137,35500
2017-08-09,6.900000095367432,7.400000095367432,6.800000190734863,7.0,7.0,32000
2017-08-10,6.699999809265137,6.699999809265137,6.599999904632568,6.599999904632568,6.599999904632568,18000
2017-08-11,6.400000095367432,6.5,6.400000095367432,6.5,6.5,11000
2017-08-14,6.5,6.699999809265137,6.199999809265137,6.300000190734863,6.300000190734863,13000
2017-08-15,6.199999809265137,6.599999904632568,6.199999809265137,6.599999904632568,6.599999904632568,3500
2017-08-16,6.300000190734863,6.300000190734863,6.300000190734863,6.599999904632568,6.599999904632568,5000
2017-08-17,6.199999809265137,6.599999904632568,6.599999904632568,6.599999904632568,6.599999904632568,3500
2017-08-18,6.599999904632568,6.599999904632568,6.599999904632568,6.599999904632568,6.599999904632568,0
2017-08-21,6.599999904632568,6.599999904632568,6.599999904632568,6.599999904632568,6.599999904632568,5000
2017-08-22,6.599999904632568,6.800000190734863,6.599999904632568,6.800000190734863,6.800000190734863,8000
2017-08-23,6.800000190734863,6.800000190734863,6.800000190734863,6.800000190734863,6.800000190734863,0
2017-08-24,6.699999809265137,6.699999809265137,6.699999809265137,6.699999809265137,6.699999809265137,0
2017-08-25,6.699999809265137,6.699999809265137,6.699999809265137,6.699999809265137,6.699999809265137,500
2017-08-28,6.5,6.5,6.400000095367432,6.400000095367432,6.400000095367432,11500
2017-08-29,6.400000095367432,6.400000095367432,6.400000095367432,6.400000095367432,6.400000095367432,5000
2017-08-30,6.400000095367432,6.400000095367432,6.400000095367432,6.400000095367432,6.400000095367432,0
2017-08-31,6.400000095367432,6.800000190734863,6.599999904632568,6.800000190734863,6.800000190734863,23500
2017-09-01,6.800000190734863,6.800000190734863,6.599999904632568,6.800000190734863,6.800000190734863,10000
2017-09-04,6.699999809265137,7.0,6.400000095367432,6.900000095367432,6.900000095367432,29500
2017-09-05,6.400000095367432,6.699999809265137,6.400000095367432,6.699999809265137,6.699999809265137,14000
2017-09-06,6.699999809265137,6.699999809265137,6.5,6.699999809265137,6.699999809265137,8500
2017-09-07,6.5,6.699999809265137,6.199999809265137,6.300000190734863,6.300000190734863,22000
2017-09-08,6.300000190734863,6.300000190734863,6.300000190734863,6.300000190734863,6.300000190734863,500
2017-09-11,6.800000190734863,6.800000190734863,6.800000190734863,6.699999809265137,6.699999809265137,3050
2017-09-12,6.699999809265137,6.900000095367432,6.599999904632568,6.800000190734863,6.800000190734863,26000
2017-09-13,6.800000190734863,6.800000190734863,6.599999904632568,6.599999904632568,6.599999904632568,16500
2017-09-14,6.599999904632568,6.599999904632568,6.599999904632568,6.599999904632568,6.599999904632568,9500
2017-09-15,6.599999904632568,6.599999904632568,6.599999904632568,6.599999904632568,6.599999904632568,1500
2017-09-18,6.599999904632568,6.599999904632568,6.400000095367432,6.400000095367432,6.400000095367432,13500
2017-09-19,6.300000190734863,6.800000190734863,6.300000190734863,6.800000190734863,6.800000190734863,5500
2017-09-20,6.800000190734863,6.800000190734863,6.800000190734863,6.699999809265137,6.699999809265137,12000
2017-09-21,6.699999809265137,6.699999809265137,6.699999809265137,6.699999809265137,6.699999809265137,0
2017-09-22,6.699999809265137,6.699999809265137,6.699999809265137,6.699999809265137,6.699999809265137,2000
2017-09-25,6.699999809265137,6.699999809265137,6.699999809265137,6.599999904632568,6.599999904632568,5000
2017-09-26,6.599999904632568,6.699999809265137,6.599999904632568,6.699999809265137,6.699999809265137,5000
2017-09-27,6.699999809265137,6.699999809265137,6.300000190734863,6.599999904632568,6.599999904632568,3000
2017-09-28,6.599999904632568,6.800000190734863,6.599999904632568,6.599999904632568,6.599999904632568,12000
2017-09-29,6.400000095367432,6.599999904632568,6.199999809265137,6.400000095367432,6.400000095367432,4000
2017-10-03,6.599999904632568,6.599999904632568,6.599999904632568,6.599999904632568,6.599999904632568,9500
2017-10-04,6.400000095367432,6.5,6.400000095367432,6.5,6.5,8500
2017-10-06,6.5,6.599999904632568,6.5,6.599999904632568,6.599999904632568,2500
2017-10-09,6.599999904632568,6.599999904632568,6.599999904632568,6.599999904632568,6.599999904632568,0
2017-10-10,6.699999809265137,6.699999809265137,6.400000095367432,6.699999809265137,6.699999809265137,24500
2017-10-11,6.699999809265137,7.699999809265137,6.5,7.400000095367432,7.400000095367432,51500
2017-10-12,7.900000095367432,8.5,7.5,7.599999904632568,7.599999904632568,124000
2017-10-13,7.199999809265137,7.300000190734863,6.800000190734863,7.300000190734863,7.300000190734863,12000
2017-10-16,6.800000190734863,7.199999809265137,6.699999809265137,7.0,7.0,13000
2017-10-17,6.800000190734863,6.800000190734863,6.800000190734863,6.800000190734863,6.800000190734863,1500
2017-10-18,6.599999904632568,6.699999809265137,6.5,6.5,6.5,14000
2017-10-19,6.5,7.099999904632568,6.400000095367432,7.099999904632568,7.099999904632568,19000
2017-10-20,6.900000095367432,6.900000095367432,6.699999809265137,6.699999809265137,6.699999809265137,11000
2017-10-23,7.199999809265137,7.300000190734863,7.0,7.0,7.0,2500
2017-10-24,6.900000095367432,6.900000095367432,6.599999904632568,6.599999904632568,6.599999904632568,3000
2017-10-25,6.599999904632568,6.599999904632568,6.599999904632568,6.599999904632568,6.599999904632568,6000
2017-10-26,6.599999904632568,6.599999904632568,6.599999904632568,6.599999904632568,6.599999904632568,5000
2017-10-27,7.0,6.599999904632568,6.599999904632568,6.599999904632568,6.599999904632568,3000
2017-10-30,6.599999904632568,6.599999904632568,6.599999904632568,6.599999904632568,6.599999904632568,0
2017-10-31,6.800000190734863,6.800000190734863,6.800000190734863,6.800000190734863,6.800000190734863,8000
2017-11-01,6.800000190734863,6.800000190734863,6.800000190734863,6.800000190734863,6.800000190734863,2000
2017-11-02,6.800000190734863,6.800000190734863,6.800000190734863,6.800000190734863,6.800000190734863,0
2017-11-03,6.800000190734863,7.800000190734863,6.699999809265137,7.800000190734863,7.800000190734863,47500
2017-11-06,8.699999809265137,8.699999809265137,7.300000190734863,7.300000190734863,7.300000190734863,76000
2017-11-07,7.0,7.300000190734863,7.0,7.300000190734863,7.300000190734863,10000
2017-11-08,7.0,7.699999809265137,7.0,7.599999904632568,7.599999904632568,20000
2017-11-09,7.699999809265137,7.699999809265137,7.300000190734863,7.400000095367432,7.400000095367432,48000
2017-11-10,7.5,10.199999809265137,7.5,9.0,9.0,592500
2017-11-13,9.300000190734863,20.0,9.100000381469727,12.399999618530273,12.399999618530273,1677500
2017-11-14,13.399999618530273,17.0,10.0,10.800000190734863,10.800000190734863,959500
2017-11-15,11.600000381469727,11.600000381469727,9.0,9.399999618530273,9.399999618530273,282500
2017-11-16,9.100000381469727,11.399999618530273,8.800000190734863,10.199999809265137,10.199999809265137,153500
2017-11-17,10.199999809265137,10.199999809265137,8.600000381469727,8.699999809265137,8.699999809265137,154000
2017-11-20,8.899999618530273,8.899999618530273,7.699999809265137,8.0,8.0,103000
2017-11-21,8.199999809265137,13.0,8.199999809265137,10.600000381469727,10.600000381469727,440000
2017-11-22,10.600000381469727,11.199999809265137,8.800000190734863,9.0,9.0,129500
2017-11-23,8.899999618530273,10.399999618530273,8.5,9.300000190734863,9.300000190734863,81000
2017-11-24,8.899999618530273,9.899999618530273,8.899999618530273,9.5,9.5,24000
2017-11-27,10.600000381469727,10.600000381469727,9.600000381469727,9.600000381469727,9.600000381469727,32500
2017-11-28,9.800000190734863,10.199999809265137,9.100000381469727,9.199999809265137,9.199999809265137,63000
2017-11-29,9.399999618530273,9.399999618530273,9.100000381469727,9.199999809265137,9.199999809265137,31500
2017-11-30,9.199999809265137,9.399999618530273,9.0,9.399999618530273,9.399999618530273,29500
2017-12-01,9.199999809265137,9.899999618530273,9.199999809265137,9.899999618530273,9.899999618530273,12500
2017-12-04,11.0,11.0,9.5,9.899999618530273,9.899999618530273,40044
2017-12-05,10.600000381469727,10.600000381469727,9.199999809265137,9.199999809265137,9.199999809265137,63000
2017-12-06,9.199999809265137,9.800000190734863,9.100000381469727,9.800000190734863,9.800000190734863,47000
2017-12-07,9.399999618530273,10.0,9.199999809265137,9.5,9.5,17500
2017-12-08,9.5,9.899999618530273,9.100000381469727,9.5,9.5,25000
2017-12-11,8.699999809265137,9.699999809265137,8.699999809265137,9.699999809265137,9.699999809265137,28500
2017-12-12,9.199999809265137,10.0,9.199999809265137,9.199999809265137,9.199999809265137,55500
2017-12-13,9.199999809265137,9.800000190734863,9.199999809265137,9.600000381469727,9.600000381469727,13000
2017-12-14,9.199999809265137,9.199999809265137,9.0,9.0,9.0,13000
2017-12-15,9.0,9.0,9.0,9.0,9.0,7500
2017-12-18,9.0,9.600000381469727,8.600000381469727,9.600000381469727,9.600000381469727,37000
2017-12-19,9.100000381469727,9.100000381469727,8.699999809265137,8.699999809265137,8.699999809265137,20000
2017-12-20,8.699999809265137,8.699999809265137,8.699999809265137,8.699999809265137,8.699999809265137,5500
2017-12-21,8.600000381469727,9.0,8.300000190734863,9.0,9.0,25500
2017-12-22,8.800000190734863,9.5,8.800000190734863,9.0,9.0,7500
2017-12-27,9.0,9.0,9.0,9.0,9.0,22000
2017-12-28,9.0,9.0,8.699999809265137,8.699999809265137,8.699999809265137,6500
2017-12-29,8.399999618530273,8.399999618530273,8.300000190734863,8.399999618530273,8.399999618530273,4500
2018-01-02,7.699999809265137,9.199999809265137,7.699999809265137,8.600000381469727,8.600000381469727,32000
2018-01-03,8.600000381469727,9.0,8.600000381469727,9.0,9.0,4500
2018-01-04,9.0,9.0,9.0,9.0,9.0,0
2018-01-05,9.0,9.0,9.0,9.0,9.0,0
2018-01-08,8.899999618530273,8.899999618530273,8.899999618530273,8.899999618530273,8.899999618530273,0
2018-01-09,8.600000381469727,8.699999809265137,8.100000381469727,8.300000190734863,8.300000190734863,27500
2018-01-10,8.300000190734863,8.5,8.199999809265137,8.199999809265137,8.199999809265137,28000
2018-01-11,8.199999809265137,8.199999809265137,8.199999809265137,8.199999809265137,8.199999809265137,7500
2018-01-12,8.199999809265137,9.399999618530273,8.199999809265137,9.399999618530273,9.399999618530273,4000
2018-01-15,9.399999618530273,9.399999618530273,8.800000190734863,9.199999809265137,9.199999809265137,19000
2018-01-16,8.800000190734863,8.800000190734863,8.399999618530273,8.5,8.5,22000
2018-01-17,8.5,8.5,8.5,8.5,8.5,0
2018-01-18,8.5,8.5,8.5,8.5,8.5,2000
2018-01-19,8.5,8.5,8.5,8.5,8.5,500
2018-01-22,8.399999618530273,8.399999618530273,8.399999618530273,8.399999618530273,8.399999618530273,2000
2018-01-23,8.199999809265137,8.399999618530273,8.199999809265137,8.199999809265137,8.199999809265137,28000
2018-01-24,8.199999809265137,8.199999809265137,8.199999809265137,8.199999809265137,8.199999809265137,6500
2018-01-25,8.199999809265137,8.899999618530273,8.199999809265137,8.899999618530273,8.899999618530273,11000
2018-01-26,8.600000381469727,8.800000190734863,8.600000381469727,8.800000190734863,8.800000190734863,16000
2018-01-29,8.199999809265137,8.600000381469727,8.199999809265137,8.600000381469727,8.600000381469727,5500
2018-01-30,8.600000381469727,8.600000381469727,8.600000381469727,8.600000381469727,8.600000381469727,0
2018-01-31,8.600000381469727,8.600000381469727,8.600000381469727,8.600000381469727,8.600000381469727,0
2018-02-01,8.600000381469727,8.600000381469727,8.600000381469727,8.600000381469727,8.600000381469727,0
2018-02-02,7.699999809265137,8.300000190734863,7.699999809265137,8.199999809265137,8.199999809265137,8000
2018-02-05,8.199999809265137,8.199999809265137,8.199999809265137,8.199999809265137,8.199999809265137,8500
2018-02-06,8.0,8.199999809265137,8.0,8.199999809265137,8.199999809265137,7500
2018-02-07,8.199999809265137,8.199999809265137,8.199999809265137,8.199999809265137,8.199999809265137,5500
2018-02-08,8.199999809265137,8.199999809265137,8.199999809265137,8.199999809265137,8.199999809265137,0
2018-02-09,7.800000190734863,8.199999809265137,7.800000190734863,7.800000190734863,7.800000190734863,7500
2018-02-12,7.800000190734863,7.800000190734863,7.0,7.800000190734863,7.800000190734863,24000
2018-02-13,7.800000190734863,7.800000190734863,7.800000190734863,7.800000190734863,7.800000190734863,0
2018-02-14,8.0,8.0,8.0,8.0,8.0,2500
2018-02-15,8.199999809265137,8.199999809265137,8.199999809265137,8.199999809265137,8.199999809265137,1500
2018-02-20,8.199999809265137,8.199999809265137,8.199999809265137,8.199999809265137,8.199999809265137,0
2018-02-21,8.199999809265137,8.199999809265137,8.199999809265137,8.199999809265137,8.199999809265137,0
2018-02-22,7.599999904632568,8.399999618530273,7.599999904632568,8.300000190734863,8.300000190734863,9000
2018-02-23,8.300000190734863,8.399999618530273,8.199999809265137,8.199999809265137,8.199999809265137,5500
2018-02-26,8.199999809265137,8.199999809265137,7.800000190734863,8.100000381469727,8.100000381469727,15000
2018-02-27,8.100000381469727,8.100000381469727,8.100000381469727,8.100000381469727,8.100000381469727,0
2018-02-28,8.100000381469727,8.100000381469727,8.100000381469727,8.100000381469727,8.100000381469727,2000
2018-03-01,8.100000381469727,8.100000381469727,8.100000381469727,8.100000381469727,8.100000381469727,0
2018-03-02,8.100000381469727,8.100000381469727,8.100000381469727,8.100000381469727,8.100000381469727,0
2018-03-05,8.100000381469727,8.100000381469727,8.100000381469727,8.100000381469727,8.100000381469727,0
2018-03-06,8.100000381469727,8.100000381469727,8.100000381469727,8.100000381469727,8.100000381469727,0
2018-03-07,8.100000381469727,8.100000381469727,8.100000381469727,8.100000381469727,8.100000381469727,0
2018-03-08,8.100000381469727,8.100000381469727,8.100000381469727,8.100000381469727,8.100000381469727,0
2018-03-09,8.100000381469727,8.100000381469727,8.100000381469727,8.100000381469727,8.100000381469727,0
2018-03-12,8.300000190734863,8.300000190734863,8.300000190734863,8.300000190734863,8.300000190734863,4500
2018-03-13,8.399999618530273,8.600000381469727,8.399999618530273,8.600000381469727,8.600000381469727,14500
2018-03-14,8.399999618530273,8.399999618530273,8.399999618530273,8.399999618530273,8.399999618530273,0
2018-03-15,8.399999618530273,8.399999618530273,8.399999618530273,8.399999618530273,8.399999618530273,0
2018-03-16,8.199999809265137,8.199999809265137,8.199999809265137,8.199999809265137,8.199999809265137,0
2018-03-19,8.199999809265137,8.199999809265137,8.199999809265137,8.199999809265137,8.199999809265137,3500
2018-03-20,7.300000190734863,8.5,7.199999809265137,8.600000381469727,8.600000381469727,12500
2018-03-21,8.399999618530273,8.399999618530273,8.399999618530273,8.399999618530273,8.399999618530273,0
2018-03-22,8.399999618530273,8.600000381469727,7.699999809265137,7.900000095367432,7.900000095367432,3500
2018-03-23,7.900000095367432,7.900000095367432,7.900000095367432,7.900000095367432,7.900000095367432,0
2018-03-26,8.300000190734863,8.300000190734863,8.300000190734863,8.300000190734863,8.300000190734863,0
2018-03-27,8.100000381469727,8.100000381469727,8.100000381469727,8.100000381469727,8.100000381469727,5000
2018-03-28,8.0,8.800000190734863,8.0,8.100000381469727,8.100000381469727,31500
2018-03-29,8.100000381469727,8.100000381469727,8.100000381469727,8.100000381469727,8.100000381469727,500
2018-04-03,8.100000381469727,8.100000381469727,8.100000381469727,8.100000381469727,8.100000381469727,0
2018-04-04,8.5,8.600000381469727,8.399999618530273,8.600000381469727,8.600000381469727,5000
2018-04-06,8.600000381469727,8.600000381469727,8.600000381469727,8.600000381469727,8.600000381469727,10000
2018-04-09,8.600000381469727,8.600000381469727,8.600000381469727,8.600000381469727,8.600000381469727,0
2018-04-10,7.5,8.100000381469727,7.5,8.100000381469727,8.100000381469727,1000
2018-04-11,8.100000381469727,8.100000381469727,8.100000381469727,8.100000381469727,8.100000381469727,0
2018-04-12,8.100000381469727,8.100000381469727,8.100000381469727,8.100000381469727,8.100000381469727,0
2018-04-13,8.100000381469727,8.100000381469727,8.100000381469727,8.100000381469727,8.100000381469727,0
2018-04-16,8.100000381469727,8.100000381469727,8.100000381469727,8.100000381469727,8.100000381469727,0
2018-04-17,8.100000381469727,8.100000381469727,8.100000381469727,8.100000381469727,8.100000381469727,0
2018-04-18,7.599999904632568,8.100000381469727,7.599999904632568,8.100000381469727,8.100000381469727,2000
2018-04-19,8.100000381469727,8.100000381469727,8.100000381469727,8.100000381469727,8.100000381469727,0
2018-04-20,7.599999904632568,8.0,7.599999904632568,8.0,8.0,2500
2018-04-23,8.0,8.0,8.0,8.0,8.0,0
2018-04-24,7.699999809265137,7.699999809265137,7.699999809265137,7.699999809265137,7.699999809265137,1000
2018-04-25,7.699999809265137,7.699999809265137,7.699999809265137,7.699999809265137,7.699999809265137,0
2018-04-26,7.699999809265137,7.699999809265137,7.699999809265137,7.699999809265137,7.699999809265137,0
2018-04-27,7.599999904632568,7.599999904632568,7.599999904632568,7.599999904632568,7.599999904632568,1000
2018-04-30,7.699999809265137,7.699999809265137,7.699999809265137,7.699999809265137,7.699999809265137,0
2018-05-02,7.699999809265137,7.699999809265137,7.699999809265137,7.699999809265137,7.699999809265137,0
2018-05-03,7.699999809265137,7.699999809265137,7.699999809265137,7.699999809265137,7.699999809265137,2500
2018-05-04,7.699999809265137,7.699999809265137,7.699999809265137,7.699999809265137,7.699999809265137,0
2018-05-07,7.699999809265137,7.699999809265137,7.699999809265137,7.699999809265137,7.699999809265137,10000
2018-05-08,7.599999904632568,7.599999904632568,7.599999904632568,7.599999904632568,7.599999904632568,9000
2018-05-09,7.599999904632568,7.599999904632568,7.599999904632568,7.599999904632568,7.599999904632568,0
2018-05-10,7.599999904632568,7.599999904632568,7.599999904632568,7.599999904632568,7.599999904632568,3500
2018-05-11,7.599999904632568,7.599999904632568,7.599999904632568,7.599999904632568,7.599999904632568,0
2018-05-14,8.199999809265137,8.199999809265137,8.0,8.0,8.0,5000
2018-05-15,7.800000190734863,7.800000190734863,7.699999809265137,7.699999809265137,7.699999809265137,11500
2018-05-16,7.699999809265137,7.699999809265137,7.699999809265137,7.699999809265137,7.699999809265137,0
2018-05-17,7.699999809265137,7.699999809265137,7.699999809265137,7.699999809265137,7.699999809265137,0
2018-05-18,7.699999809265137,7.699999809265137,7.699999809265137,7.699999809265137,7.699999809265137,0
2018-05-21,7.699999809265137,7.699999809265137,7.699999809265137,7.699999809265137,7.699999809265137,0
2018-05-23,7.699999809265137,7.699999809265137,7.699999809265137,7.699999809265137,7.699999809265137,0
2018-05-24,7.699999809265137,7.699999809265137,7.699999809265137,7.699999809265137,7.699999809265137,0
2018-05-25,7.699999809265137,7.699999809265137,7.699999809265137,7.699999809265137,7.699999809265137,0
2018-05-28,7.599999904632568,8.199999809265137,7.5,8.199999809265137,8.199999809265137,21500
2018-05-29,8.199999809265137,8.199999809265137,8.199999809265137,8.199999809265137,8.199999809265137,0
2018-05-30,8.0,8.0,8.0,8.0,8.0,0
2018-05-31,8.0,8.0,8.0,8.0,8.0,0
2018-06-01,8.199999809265137,8.199999809265137,7.800000190734863,7.800000190734863,7.800000190734863,21500
2018-06-04,7.699999809265137,7.699999809265137,7.599999904632568,7.800000190734863,7.800000190734863,18000
2018-06-05,7.800000190734863,7.800000190734863,7.800000190734863,7.800000190734863,7.800000190734863,0
2018-06-06,7.800000190734863,8.100000381469727,7.699999809265137,7.900000095367432,7.900000095367432,35500
2018-06-07,7.900000095367432,7.900000095367432,7.900000095367432,7.900000095367432,7.900000095367432,3000
2018-06-08,7.900000095367432,7.900000095367432,7.900000095367432,7.900000095367432,7.900000095367432,0
2018-06-11,9.0,9.399999618530273,8.199999809265137,9.0,9.0,48000
2018-06-12,9.0,9.0,8.5,8.800000190734863,8.800000190734863,14000
2018-06-13,8.800000190734863,9.0,8.600000381469727,9.0,9.0,13500
2018-06-14,9.0,9.0,9.0,9.0,9.0,0
2018-06-15,9.0,9.0,9.0,9.0,9.0,5000
2018-06-19,8.800000190734863,8.800000190734863,8.600000381469727,8.800000190734863,8.800000190734863,7500
2018-06-20,8.300000190734863,8.399999618530273,8.300000190734863,8.399999618530273,8.399999618530273,2000
2018-06-21,8.399999618530273,8.399999618530273,8.399999618530273,8.399999618530273,8.399999618530273,4500
2018-06-22,8.399999618530273,8.399999618530273,8.399999618530273,8.399999618530273,8.399999618530273,2500
2018-06-25,8.300000190734863,8.300000190734863,8.300000190734863,8.300000190734863,8.300000190734863,6000
2018-06-26,7.900000095367432,8.699999809265137,7.800000190734863,8.699999809265137,8.699999809265137,20500
2018-06-27,8.399999618530273,8.399999618530273,7.800000190734863,8.300000190734863,8.300000190734863,31500
2018-06-28,8.199999809265137,8.199999809265137,8.199999809265137,8.199999809265137,8.199999809265137,0
2018-06-29,8.199999809265137,8.199999809265137,8.100000381469727,8.199999809265137,8.199999809265137,13500
2018-07-03,8.300000190734863,8.5,8.300000190734863,8.5,8.5,8000
2018-07-04,8.5,8.5,8.5,8.5,8.5,0
2018-07-05,8.5,8.5,8.5,8.5,8.5,0
2018-07-06,8.5,8.5,8.5,8.5,8.5,0
2018-07-09,8.5,8.5,8.5,8.5,8.5,0
2018-07-10,8.5,8.5,7.699999809265137,7.699999809265137,7.699999809265137,9500
2018-07-11,7.800000190734863,8.0,7.5,7.699999809265137,7.699999809265137,270500
2018-07-12,7.800000190734863,8.300000190734863,7.800000190734863,8.0,8.0,98000
2018-07-13,8.199999809265137,9.100000381469727,8.0,8.199999809265137,8.199999809265137,652500
2018-07-16,8.0,8.300000190734863,8.0,8.199999809265137,8.199999809265137,1377500
2018-07-17,9.0,9.399999618530273,8.300000190734863,8.699999809265137,8.699999809265137,748000
2018-07-18,9.0,9.5,8.800000190734863,9.300000190734863,9.300000190734863,437500
2018-07-19,9.0,9.600000381469727,9.0,9.5,9.5,86000
2018-07-20,9.199999809265137,10.199999809265137,9.199999809265137,10.0,10.0,112000
2018-07-23,9.899999618530273,10.199999809265137,9.5,10.199999809265137,10.199999809265137,57000
2018-07-24,9.699999809265137,10.0,9.699999809265137,10.0,10.0,26500
2018-07-25,10.0,10.0,9.899999618530273,10.0,10.0,23500
2018-07-26,10.199999809265137,10.199999809265137,10.199999809265137,10.199999809265137,10.199999809265137,8000
2018-07-27,11.0,11.800000190734863,10.399999618530273,11.600000381469727,11.600000381469727,39000
2018-07-30,11.600000381469727,12.199999809265137,11.199999809265137,12.0,12.0,28500
2018-07-31,12.0,12.399999618530273,12.0,12.0,12.0,33000
2018-08-01,12.800000190734863,12.800000190734863,10.199999809265137,10.800000190734863,10.800000190734863,46000
2018-08-02,10.800000190734863,11.600000381469727,10.600000381469727,11.399999618530273,11.399999618530273,19000
2018-08-03,11.199999809265137,11.399999618530273,10.399999618530273,11.199999809265137,11.199999809265137,9000
2018-08-06,11.800000190734863,11.800000190734863,10.399999618530273,10.800000190734863,10.800000190734863,10500
2018-08-07,11.0,11.0,10.0,10.800000190734863,10.800000190734863,12500
2018-08-08,10.800000190734863,10.800000190734863,10.0,10.600000381469727,10.600000381469727,21500
2018-08-09,9.5,10.199999809265137,9.5,10.199999809265137,10.199999809265137,16000
2018-08-10,10.0,10.0,9.800000190734863,9.899999618530273,9.899999618530273,6000
2018-08-13,10.0,10.800000190734863,10.0,10.600000381469727,10.600000381469727,15500
2018-08-14,10.800000190734863,11.800000190734863,10.800000190734863,11.199999809265137,11.199999809265137,11000
2018-08-15,11.199999809265137,11.199999809265137,10.800000190734863,11.199999809265137,11.199999809265137,5500
2018-08-16,11.0,11.0,10.800000190734863,10.800000190734863,10.800000190734863,3000
2018-08-17,11.0,11.600000381469727,11.0,11.199999809265137,11.199999809265137,23000
2018-08-20,11.0,11.0,10.600000381469727,11.0,11.0,25000
2018-08-21,11.0,11.199999809265137,10.199999809265137,10.199999809265137,10.199999809265137,32000
2018-08-22,10.800000190734863,10.800000190734863,10.199999809265137,10.600000381469727,10.600000381469727,17500
2018-08-23,10.600000381469727,10.600000381469727,10.600000381469727,10.600000381469727,10.600000381469727,4000
2018-08-24,10.0,10.399999618530273,10.0,10.0,10.0,10500
2018-08-27,10.600000381469727,10.600000381469727,10.0,10.0,10.0,5000
2018-08-28,10.0,10.0,9.0,9.199999809265137,9.199999809265137,50500
2018-08-29,9.199999809265137,9.399999618530273,9.199999809265137,9.399999618530273,9.399999618530273,2500
2018-08-30,9.5,9.699999809265137,9.5,9.699999809265137,9.699999809265137,2500
2018-08-31,9.699999809265137,9.699999809265137,9.199999809265137,9.199999809265137,9.199999809265137,6000
2018-09-03,9.0,9.399999618530273,9.0,9.399999618530273,9.399999618530273,2500
2018-09-04,9.199999809265137,9.399999618530273,9.199999809265137,9.199999809265137,9.199999809265137,4000
2018-09-05,9.5,9.5,9.199999809265137,9.199999809265137,9.199999809265137,3000
2018-09-06,9.0,9.300000190734863,9.0,9.199999809265137,9.199999809265137,3000
2018-09-07,9.399999618530273,9.399999618530273,9.300000190734863,9.300000190734863,9.300000190734863,2000
2018-09-10,9.5,9.5,9.0,9.0,9.0,10500
2018-09-11,9.199999809265137,9.199999809265137,9.0,9.0,9.0,7000
2018-09-12,9.300000190734863,9.300000190734863,8.800000190734863,9.0,9.0,7500
2018-09-13,9.0,9.199999809265137,9.0,9.0,9.0,2500
2018-09-14,9.600000381469727,9.600000381469727,8.600000381469727,9.0,9.0,15000
2018-09-17,9.100000381469727,9.100000381469727,8.899999618530273,8.899999618530273,8.899999618530273,2500
2018-09-18,9.100000381469727,9.100000381469727,8.600000381469727,8.600000381469727,8.600000381469727,3000
2018-09-19,8.600000381469727,8.600000381469727,8.0,8.199999809265137,8.199999809265137,12500
2018-09-20,8.699999809265137,8.699999809265137,8.699999809265137,8.699999809265137,8.699999809265137,1500
2018-09-21,8.100000381469727,8.600000381469727,8.100000381469727,8.199999809265137,8.199999809265137,10000
2018-09-24,8.300000190734863,8.300000190734863,8.100000381469727,8.100000381469727,8.100000381469727,3000
2018-09-26,8.100000381469727,8.300000190734863,8.100000381469727,8.300000190734863,8.300000190734863,4000
2018-09-27,8.5,8.5,8.0,8.0,8.0,3000
2018-09-28,8.100000381469727,8.100000381469727,7.599999904632568,7.699999809265137,7.699999809265137,21000
2018-10-02,7.699999809265137,7.699999809265137,7.400000095367432,7.400000095367432,7.400000095367432,16000
2018-10-03,7.800000190734863,8.0,7.800000190734863,8.0,8.0,2500
2018-10-04,8.300000190734863,8.300000190734863,7.5,7.5,7.5,9500
2018-10-05,8.0,8.0,7.699999809265137,7.699999809265137,7.699999809265137,5000
2018-10-08,9.0,9.0,7.800000190734863,7.800000190734863,7.800000190734863,11500
2018-10-09,7.900000095367432,8.100000381469727,7.199999809265137,7.599999904632568,7.599999904632568,29500
2018-10-10,7.599999904632568,7.599999904632568,7.300000190734863,7.300000190734863,7.300000190734863,7000
2018-10-11,7.099999904632568,7.199999809265137,7.099999904632568,7.099999904632568,7.099999904632568,1500
2018-10-12,6.800000190734863,7.300000190734863,6.800000190734863,7.300000190734863,7.300000190734863,2000
2018-10-15,7.599999904632568,7.800000190734863,7.599999904632568,7.699999809265137,7.699999809265137,1500
2018-10-16,7.699999809265137,7.699999809265137,7.199999809265137,7.300000190734863,7.300000190734863,7000
2018-10-18,7.800000190734863,7.800000190734863,7.099999904632568,7.099999904632568,7.099999904632568,7500
2018-10-19,7.099999904632568,7.099999904632568,7.099999904632568,7.099999904632568,7.099999904632568,7000
2018-10-22,7.5,7.599999904632568,7.300000190734863,7.300000190734863,7.300000190734863,5000
2018-10-23,6.800000190734863,7.199999809265137,6.699999809265137,7.199999809265137,7.199999809265137,3500
2018-10-24,7.199999809265137,7.199999809265137,7.199999809265137,7.199999809265137,7.199999809265137,11000
2018-10-25,7.0,7.099999904632568,7.0,7.099999904632568,7.099999904632568,2500
2018-10-26,7.5,7.5,7.099999904632568,7.099999904632568,7.099999904632568,2500
2018-10-29,7.0,7.0,6.599999904632568,7.0,7.0,3000
2018-10-30,6.599999904632568,6.599999904632568,6.400000095367432,6.599999904632568,6.599999904632568,53000
2018-10-31,6.300000190734863,7.0,5.900000095367432,6.099999904632568,6.099999904632568,95000
2018-11-01,6.199999809265137,6.5,5.900000095367432,6.400000095367432,6.400000095367432,38000
2018-11-02,6.5,6.5,6.199999809265137,6.199999809265137,6.199999809265137,5500
2018-11-05,6.400000095367432,6.400000095367432,6.400000095367432,6.400000095367432,6.400000095367432,7500
2018-11-06,6.800000190734863,6.800000190734863,6.699999809265137,6.699999809265137,6.699999809265137,3000
2018-11-07,7.199999809265137,7.199999809265137,6.599999904632568,6.599999904632568,6.599999904632568,2500
2018-11-08,6.800000190734863,6.800000190734863,6.400000095367432,6.400000095367432,6.400000095367432,3000
2018-11-09,6.0,6.099999904632568,6.0,6.199999809265137,6.199999809265137,6000
2018-11-12,6.099999904632568,6.099999904632568,5.800000190734863,6.0,6.0,3000
2018-11-13,6.400000095367432,6.400000095367432,6.400000095367432,6.400000095367432,6.400000095367432,0
2018-11-14,6.0,6.099999904632568,6.0,6.0,6.0,3000
2018-11-15,6.0,6.199999809265137,6.0,6.099999904632568,6.099999904632568,10000
2018-11-16,6.599999904632568,6.599999904632568,5.900000095367432,6.0,6.0,8000
2018-11-19,6.300000190734863,6.400000095367432,6.300000190734863,6.400000095367432,6.400000095367432,2500
2018-11-20,6.5,6.599999904632568,6.5,6.5,6.5,3000
2018-11-21,6.400000095367432,6.400000095367432,6.300000190734863,6.400000095367432,6.400000095367432,4500
2018-11-22,6.0,6.099999904632568,6.0,6.0,6.0,6000
2018-11-23,6.199999809265137,6.400000095367432,6.099999904632568,6.099999904632568,6.099999904632568,6500
2018-11-26,6.099999904632568,6.099999904632568,6.099999904632568,6.199999809265137,6.199999809265137,2000
2018-11-27,6.099999904632568,6.099999904632568,6.0,6.099999904632568,6.099999904632568,4000
2018-11-28,6.099999904632568,6.300000190734863,6.0,6.300000190734863,6.300000190734863,3000
2018-11-29,6.099999904632568,6.099999904632568,6.099999904632568,6.099999904632568,6.099999904632568,4500
2018-11-30,6.300000190734863,6.300000190734863,6.300000190734863,6.300000190734863,6.300000190734863,500
2018-12-03,6.599999904632568,6.599999904632568,6.0,6.0,6.0,5000
2018-12-04,6.300000190734863,6.300000190734863,6.300000190734863,6.300000190734863,6.300000190734863,2500
2018-12-05,6.300000190734863,6.300000190734863,6.199999809265137,6.199999809265137,6.199999809265137,3500
2018-12-06,6.300000190734863,6.400000095367432,6.300000190734863,6.300000190734863,6.300000190734863,2000
2018-12-07,6.099999904632568,6.099999904632568,6.0,6.0,6.0,3000
2018-12-10,5.900000095367432,6.0,5.800000190734863,5.900000095367432,5.900000095367432,5500
2018-12-11,6.199999809265137,6.199999809265137,5.900000095367432,5.900000095367432,5.900000095367432,4000
2018-12-12,6.0,6.300000190734863,6.0,6.0,6.0,5000
2018-12-13,5.900000095367432,6.0,5.900000095367432,6.0,6.0,3500
2018-12-14,5.900000095367432,5.900000095367432,5.699999809265137,5.800000190734863,5.800000190734863,2500
2018-12-17,5.900000095367432,6.0,5.900000095367432,6.0,6.0,2500
2018-12-18,6.199999809265137,6.5,6.199999809265137,6.400000095367432,6.400000095367432,1500
2018-12-19,6.199999809265137,6.199999809265137,5.800000190734863,6.099999904632568,6.099999904632568,9500
2018-12-20,6.300000190734863,6.300000190734863,6.0,6.0,6.0,3500
2018-12-21,6.0,6.0,5.900000095367432,5.900000095367432,5.900000095367432,2500
2018-12-24,5.800000190734863,6.0,5.800000190734863,6.0,6.0,6000
2018-12-27,5.900000095367432,6.300000190734863,5.900000095367432,6.199999809265137,6.199999809265137,3500
2018-12-28,6.400000095367432,6.400000095367432,6.199999809265137,6.199999809265137,6.199999809265137,3000
2018-12-31,6.300000190734863,6.300000190734863,6.300000190734863,6.300000190734863,6.300000190734863,2500
2019-01-02,6.0,6.0,5.800000190734863,5.800000190734863,5.800000190734863,12500
2019-01-03,6.199999809265137,6.199999809265137,6.099999904632568,6.099999904632568,6.099999904632568,3000
2019-01-04,6.099999904632568,6.199999809265137,6.099999904632568,6.199999809265137,6.199999809265137,2500
2019-01-07,6.199999809265137,6.300000190734863,6.199999809265137,6.199999809265137,6.199999809265137,3000
2019-01-08,6.199999809265137,6.199999809265137,6.199999809265137,6.199999809265137,6.199999809265137,3000
2019-01-09,6.099999904632568,6.099999904632568,6.0,6.0,6.0,2500
2019-01-10,5.900000095367432,5.900000095367432,5.699999809265137,5.800000190734863,5.800000190734863,15500
2019-01-11,5.699999809265137,5.699999809265137,5.699999809265137,5.800000190734863,5.800000190734863,6000
2019-01-14,5.699999809265137,5.900000095367432,5.599999904632568,5.699999809265137,5.699999809265137,13500
2019-01-15,5.800000190734863,5.800000190734863,5.5,5.5,5.5,4500
2019-01-16,5.699999809265137,5.900000095367432,5.699999809265137,5.900000095367432,5.900000095367432,2500
2019-01-17,5.900000095367432,6.199999809265137,5.900000095367432,6.199999809265137,6.199999809265137,12000
2019-01-18,6.199999809265137,6.199999809265137,5.599999904632568,6.0,6.0,44500
2019-01-21,6.0,6.199999809265137,5.699999809265137,5.699999809265137,5.699999809265137,17500
2019-01-22,5.599999904632568,5.800000190734863,5.599999904632568,5.800000190734863,5.800000190734863,4000
2019-01-23,5.599999904632568,6.0,5.599999904632568,5.800000190734863,5.800000190734863,14000
2019-01-24,5.599999904632568,5.599999904632568,5.199999809265137,5.5,5.5,33000
2019-01-25,5.900000095367432,5.900000095367432,5.900000095367432,5.900000095367432,5.900000095367432,9500
2019-01-28,5.900000095367432,7.0,5.900000095367432,7.0,7.0,163500
2019-01-29,6.699999809265137,8.199999809265137,6.599999904632568,8.0,8.0,201500
2019-01-30,8.300000190734863,9.899999618530273,8.0,8.5,8.5,83000
2019-01-31,8.5,9.399999618530273,8.300000190734863,9.399999618530273,9.399999618530273,63500
2019-02-01,9.600000381469727,9.600000381469727,7.400000095367432,9.199999809265137,9.199999809265137,76500
2019-02-04,9.0,9.100000381469727,8.5,8.600000381469727,8.600000381469727,53500
2019-02-08,8.5,9.100000381469727,8.5,9.0,9.0,53000
2019-02-11,9.0,9.0,8.800000190734863,9.0,9.0,29500
2019-02-12,8.800000190734863,9.600000381469727,8.699999809265137,9.5,9.5,112500
2019-02-13,9.5,9.5,9.100000381469727,9.5,9.5,62500
2019-02-14,10.0,10.800000190734863,8.300000190734863,10.399999618530273,10.399999618530273,775000
2019-02-15,9.399999618530273,10.0,9.0,9.199999809265137,9.199999809265137,273000
2019-02-18,9.399999618530273,9.600000381469727,8.100000381469727,8.399999618530273,8.399999618530273,1119500
2019-02-19,8.0,8.0,7.300000190734863,7.5,7.5,141500
2019-02-20,6.400000095367432,7.400000095367432,6.199999809265137,6.900000095367432,6.900000095367432,182500
2019-02-21,6.900000095367432,7.099999904632568,6.800000190734863,6.900000095367432,6.900000095367432,38500
2019-02-22,6.900000095367432,6.900000095367432,6.599999904632568,6.599999904632568,6.599999904632568,3500
2019-02-25,6.599999904632568,7.0,6.599999904632568,7.0,7.0,33000
2019-02-26,7.0,7.0,6.900000095367432,7.0,7.0,9000
2019-02-27,6.5,6.900000095367432,6.0,6.800000190734863,6.800000190734863,18500
2019-02-28,7.0,7.0,6.599999904632568,6.900000095367432,6.900000095367432,23500
2019-03-01,7.0,7.099999904632568,6.599999904632568,7.0,7.0,5000
2019-03-04,7.0,7.0,7.0,7.0,7.0,2500
2019-03-05,6.800000190734863,6.900000095367432,6.599999904632568,6.699999809265137,6.699999809265137,16000
2019-03-06,6.699999809265137,7.599999904632568,6.699999809265137,7.400000095367432,7.400000095367432,287000
2019-03-07,7.400000095367432,7.400000095367432,7.400000095367432,7.400000095367432,7.400000095367432,0
2019-03-08,7.400000095367432,7.400000095367432,7.199999809265137,7.300000190734863,7.300000190734863,305000
2019-03-11,7.400000095367432,7.400000095367432,6.900000095367432,7.099999904632568,7.099999904632568,291500
2019-03-12,7.0,7.300000190734863,7.0,7.300000190734863,7.300000190734863,11500
2019-03-13,7.300000190734863,7.300000190734863,7.300000190734863,7.300000190734863,7.300000190734863,4000
2019-03-14,7.099999904632568,7.699999809265137,7.099999904632568,7.699999809265137,7.699999809265137,26500
2019-03-15,7.900000095367432,7.900000095367432,7.800000190734863,7.800000190734863,7.800000190734863,10000
2019-03-18,7.599999904632568,7.800000190734863,7.300000190734863,7.300000190734863,7.300000190734863,9500
2019-03-19,7.300000190734863,7.900000095367432,7.300000190734863,7.900000095367432,7.900000095367432,15000
2019-03-20,7.800000190734863,7.800000190734863,7.800000190734863,7.800000190734863,7.800000190734863,2500
2019-03-21,7.599999904632568,7.599999904632568,7.599999904632568,7.599999904632568,7.599999904632568,3000
2019-03-22,7.300000190734863,7.400000095367432,7.300000190734863,7.400000095367432,7.400000095367432,4000
2019-03-25,7.400000095367432,7.400000095367432,7.400000095367432,7.400000095367432,7.400000095367432,0
2019-03-26,7.599999904632568,7.599999904632568,7.599999904632568,7.599999904632568,7.599999904632568,0
2019-03-27,7.599999904632568,7.599999904632568,7.599999904632568,7.599999904632568,7.599999904632568,0
2019-03-28,7.800000190734863,7.800000190734863,7.400000095367432,7.400000095367432,7.400000095367432,8500
2019-03-29,7.699999809265137,8.0,7.699999809265137,7.900000095367432,7.900000095367432,14500
2019-04-01,7.699999809265137,8.100000381469727,7.599999904632568,7.800000190734863,7.800000190734863,19500
2019-04-02,7.800000190734863,7.800000190734863,7.800000190734863,7.800000190734863,7.800000190734863,5500
2019-04-03,7.599999904632568,7.599999904632568,7.599999904632568,7.599999904632568,7.599999904632568,500
2019-04-04,7.699999809265137,7.900000095367432,7.699999809265137,7.800000190734863,7.800000190734863,13000
2019-04-08,7.699999809265137,7.699999809265137,7.699999809265137,7.699999809265137,7.699999809265137,5000
2019-04-09,7.699999809265137,7.699999809265137,7.699999809265137,7.699999809265137,7.699999809265137,0
2019-04-10,7.199999809265137,7.699999809265137,7.199999809265137,7.599999904632568,7.599999904632568,9000
2019-04-11,7.300000190734863,7.400000095367432,7.300000190734863,7.400000095367432,7.400000095367432,4500
2019-04-12,7.400000095367432,7.400000095367432,7.400000095367432,7.400000095367432,7.400000095367432,0
2019-04-15,7.400000095367432,7.400000095367432,7.400000095367432,7.400000095367432,7.400000095367432,0
2019-04-16,7.400000095367432,8.100000381469727,7.400000095367432,7.800000190734863,7.800000190734863,22500
2019-04-17,7.599999904632568,7.900000095367432,7.599999904632568,7.900000095367432,7.900000095367432,10500
2019-04-18,7.599999904632568,7.599999904632568,7.599999904632568,7.599999904632568,7.599999904632568,14000
2019-04-23,7.599999904632568,7.599999904632568,7.599999904632568,7.599999904632568,7.599999904632568,0
2019-04-24,7.699999809265137,7.699999809265137,7.699999809265137,7.699999809265137,7.699999809265137,0
2019-04-25,7.800000190734863,8.100000381469727,7.599999904632568,7.800000190734863,7.800000190734863,12000
2019-04-26,7.800000190734863,7.800000190734863,7.599999904632568,7.599999904632568,7.599999904632568,17000
2019-04-29,7.400000095367432,7.400000095367432,7.300000190734863,7.400000095367432,7.400000095367432,8500
2019-04-30,7.300000190734863,7.300000190734863,7.300000190734863,7.300000190734863,7.300000190734863,7000
2019-05-02,7.300000190734863,7.300000190734863,7.300000190734863,7.300000190734863,7.300000190734863,0
2019-05-03,7.099999904632568,7.599999904632568,7.599999904632568,7.599999904632568,7.599999904632568,8000
2019-05-06,7.599999904632568,7.599999904632568,7.599999904632568,7.599999904632568,7.599999904632568,0
2019-05-07,7.599999904632568,7.599999904632568,7.599999904632568,7.599999904632568,7.599999904632568,0
2019-05-08,7.699999809265137,7.599999904632568,7.400000095367432,7.400000095367432,7.400000095367432,2000
2019-05-09,7.400000095367432,7.400000095367432,7.400000095367432,7.400000095367432,7.400000095367432,0
2019-05-10,7.400000095367432,7.400000095367432,7.400000095367432,7.400000095367432,7.400000095367432,0
2019-05-14,7.300000190734863,7.300000190734863,7.300000190734863,7.300000190734863,7.300000190734863,0
2019-05-15,7.300000190734863,7.300000190734863,7.300000190734863,7.300000190734863,7.300000190734863,0
2019-05-16,7.300000190734863,7.300000190734863,7.300000190734863,7.300000190734863,7.300000190734863,0
2019-05-17,7.300000190734863,7.300000190734863,7.300000190734863,7.300000190734863,7.300000190734863,0
2019-05-20,7.300000190734863,7.300000190734863,7.300000190734863,7.300000190734863,7.300000190734863,0
2019-05-21,6.400000095367432,6.900000095367432,6.400000095367432,6.900000095367432,6.900000095367432,6000
2019-05-22,6.900000095367432,6.900000095367432,6.900000095367432,6.900000095367432,6.900000095367432,0
2019-05-23,7.199999809265137,7.199999809265137,7.199999809265137,7.199999809265137,7.199999809265137,0
2019-05-24,7.800000190734863,7.800000190734863,7.800000190734863,7.599999904632568,7.599999904632568,500
2019-05-27,7.0,7.599999904632568,7.0,7.199999809265137,7.199999809265137,23500
2019-05-28,7.199999809265137,7.800000190734863,7.199999809265137,7.199999809265137,7.199999809265137,20000
2019-05-29,7.099999904632568,7.199999809265137,7.0,7.099999904632568,7.099999904632568,29000
2019-05-30,7.099999904632568,7.099999904632568,7.099999904632568,7.099999904632568,7.099999904632568,0
2019-05-31,7.099999904632568,7.199999809265137,7.099999904632568,7.199999809265137,7.199999809265137,6500
2019-06-03,7.0,7.300000190734863,7.0,7.300000190734863,7.300000190734863,1000
2019-06-04,6.599999904632568,7.900000095367432,6.599999904632568,7.900000095367432,7.900000095367432,17000
2019-06-05,7.199999809265137,7.199999809265137,6.800000190734863,6.800000190734863,6.800000190734863,28000
2019-06-06,6.800000190734863,6.800000190734863,6.800000190734863,6.800000190734863,6.800000190734863,0
2019-06-10,6.599999904632568,6.599999904632568,6.599999904632568,6.599999904632568,6.599999904632568,19000
2019-06-11,6.400000095367432,6.599999904632568,6.400000095367432,6.599999904632568,6.599999904632568,2500
2019-06-12,6.800000190734863,6.800000190734863,6.800000190734863,6.800000190734863,6.800000190734863,2500
2019-06-13,6.800000190734863,6.800000190734863,6.800000190734863,6.800000190734863,6.800000190734863,0
2019-06-14,6.800000190734863,6.800000190734863,6.800000190734863,6.800000190734863,6.800000190734863,0
2019-06-17,6.800000190734863,6.800000190734863,6.800000190734863,6.800000190734863,6.800000190734863,0
2019-06-18,6.599999904632568,6.599999904632568,6.599999904632568,6.599999904632568,6.599999904632568,500
2019-06-19,6.300000190734863,6.800000190734863,6.400000095367432,6.400000095367432,6.400000095367432,20000
2019-06-20,6.400000095367432,6.5,6.400000095367432,6.5,6.5,3000
2019-06-21,6.699999809265137,6.699999809265137,6.699999809265137,6.699999809265137,6.699999809265137,0
2019-06-24,6.699999809265137,6.699999809265137,6.699999809265137,6.699999809265137,6.699999809265137,0
2019-06-25,6.699999809265137,6.699999809265137,6.699999809265137,6.699999809265137,6.699999809265137,0
2019-06-26,6.300000190734863,6.300000190734863,6.300000190734863,6.300000190734863,6.300000190734863,1000
2019-06-27,6.300000190734863,6.300000190734863,6.300000190734863,6.300000190734863,6.300000190734863,0
2019-06-28,6.300000190734863,6.300000190734863,5.599999904632568,5.599999904632568,5.599999904632568,7500
2019-07-02,5.900000095367432,5.900000095367432,5.900000095367432,5.900000095367432,5.900000095367432,0
2019-07-03,6.0,6.0,5.800000190734863,6.0,6.0,44000
2019-07-04,6.199999809265137,6.0,5.800000190734863,5.800000190734863,5.800000190734863,17500
2019-07-05,5.800000190734863,5.800000190734863,5.800000190734863,5.800000190734863,5.800000190734863,7000
2019-07-08,5.800000190734863,5.800000190734863,5.800000190734863,5.800000190734863,5.800000190734863,0
2019-07-09,5.800000190734863,5.800000190734863,5.800000190734863,5.800000190734863,5.800000190734863,0
2019-07-10,5.800000190734863,5.800000190734863,5.800000190734863,5.800000190734863,5.800000190734863,0
2019-07-11,6.800000190734863,7.0,6.099999904632568,6.699999809265137,6.699999809265137,45000
2019-07-12,7.0,7.400000095367432,7.400000095367432,7.400000095367432,7.400000095367432,2000
2019-07-15,7.599999904632568,7.599999904632568,7.400000095367432,7.5,7.5,13500
2019-07-16,7.5,7.5,7.5,7.5,7.5,0
2019-07-17,7.900000095367432,8.0,7.0,7.699999809265137,7.699999809265137,30000
2019-07-18,8.199999809265137,7.699999809265137,7.400000095367432,7.699999809265137,7.699999809265137,12500
2019-07-19,7.800000190734863,7.800000190734863,7.800000190734863,7.800000190734863,7.800000190734863,1500
2019-07-22,7.300000190734863,7.900000095367432,7.300000190734863,7.599999904632568,7.599999904632568,22500
2019-07-23,7.900000095367432,7.900000095367432,7.900000095367432,7.800000190734863,7.800000190734863,11500
2019-07-24,7.800000190734863,7.800000190734863,7.400000095367432,7.400000095367432,7.400000095367432,3500
2019-07-25,7.800000190734863,7.800000190734863,7.800000190734863,7.800000190734863,7.800000190734863,2500
2019-07-26,7.800000190734863,7.800000190734863,7.800000190734863,7.800000190734863,7.800000190734863,0
2019-07-29,7.699999809265137,7.699999809265137,7.699999809265137,7.699999809265137,7.699999809265137,3500
2019-07-30,6.900000095367432,7.599999904632568,6.900000095367432,7.599999904632568,7.599999904632568,10500
2019-07-31,7.599999904632568,7.599999904632568,7.599999904632568,7.599999904632568,7.599999904632568,0
2019-08-01,7.599999904632568,7.599999904632568,7.599999904632568,7.599999904632568,7.599999904632568,0
2019-08-02,7.599999904632568,7.599999904632568,7.599999904632568,7.599999904632568,7.599999904632568,0
2019-08-05,7.599999904632568,7.599999904632568,7.400000095367432,7.400000095367432,7.400000095367432,15500
2019-08-06,7.400000095367432,7.400000095367432,7.400000095367432,7.400000095367432,7.400000095367432,0
2019-08-07,7.400000095367432,7.400000095367432,7.400000095367432,7.400000095367432,7.400000095367432,0
2019-08-08,7.400000095367432,7.400000095367432,7.400000095367432,7.400000095367432,7.400000095367432,0
2019-08-09,7.400000095367432,7.400000095367432,7.400000095367432,7.400000095367432,7.400000095367432,0
2019-08-12,6.699999809265137,7.599999904632568,7.400000095367432,7.400000095367432,7.400000095367432,4000
2019-08-13,7.400000095367432,7.400000095367432,7.400000095367432,7.400000095367432,7.400000095367432,0
2019-08-14,6.5,6.5,6.5,6.5,6.5,1000
2019-08-15,7.0,7.400000095367432,7.0,7.099999904632568,7.099999904632568,5000
2019-08-16,6.599999904632568,7.199999809265137,6.599999904632568,7.199999809265137,7.199999809265137,4000
2019-08-19,7.199999809265137,7.199999809265137,7.199999809265137,7.199999809265137,7.199999809265137,0
2019-08-20,7.199999809265137,7.199999809265137,7.199999809265137,7.199999809265137,7.199999809265137,0
2019-08-21,6.599999904632568,6.599999904632568,6.599999904632568,6.599999904632568,6.599999904632568,1500
2019-08-22,6.099999904632568,7.099999904632568,6.099999904632568,6.400000095367432,6.400000095367432,11500
2019-08-23,6.400000095367432,6.400000095367432,6.400000095367432,6.400000095367432,6.400000095367432,0
2019-08-26,6.599999904632568,6.599999904632568,5.800000190734863,5.800000190734863,5.800000190734863,9000
2019-08-27,5.699999809265137,5.699999809265137,5.400000095367432,5.5,5.5,11000
2019-08-28,5.5,5.5,5.5,5.5,5.5,0
2019-08-29,5.800000190734863,6.099999904632568,5.800000190734863,6.0,6.0,6000
2019-08-30,6.0,6.599999904632568,6.0,6.400000095367432,6.400000095367432,3000
2019-09-02,6.400000095367432,6.400000095367432,6.400000095367432,6.400000095367432,6.400000095367432,0
2019-09-03,6.400000095367432,6.400000095367432,6.400000095367432,6.400000095367432,6.400000095367432,0
2019-09-04,5.599999904632568,5.599999904632568,5.599999904632568,6.0,6.0,3000
2019-09-05,6.0,6.0,6.0,6.0,6.0,0
2019-09-06,5.699999809265137,5.699999809265137,5.699999809265137,5.699999809265137,5.699999809265137,500
2019-09-09,5.699999809265137,5.699999809265137,5.699999809265137,5.699999809265137,5.699999809265137,0
2019-09-10,5.699999809265137,5.699999809265137,5.699999809265137,5.699999809265137,5.699999809265137,0
2019-09-11,5.699999809265137,5.699999809265137,5.699999809265137,5.699999809265137,5.699999809265137,0
2019-09-12,5.699999809265137,5.699999809265137,5.699999809265137,5.699999809265137,5.699999809265137,0
2019-09-13,5.699999809265137,5.699999809265137,5.699999809265137,5.699999809265137,5.699999809265137,0
2019-09-16,6.0,6.0,6.0,6.0,6.0,0
2019-09-17,6.0,6.0,6.0,6.0,6.0,0
2019-09-18,6.0,6.0,6.0,6.0,6.0,0
2019-09-19,6.0,6.0,6.0,6.0,6.0,4000
2019-09-20,6.199999809265137,6.5,6.199999809265137,6.5,6.5,3000
2019-09-23,6.5,6.599999904632568,6.5,6.599999904632568,6.599999904632568,3000
2019-09-24,6.599999904632568,6.599999904632568,6.599999904632568,6.599999904632568,6.599999904632568,0
2019-09-25,6.599999904632568,6.599999904632568,6.599999904632568,6.599999904632568,6.599999904632568,0
2019-09-26,6.599999904632568,7.400000095367432,6.300000190734863,6.300000190734863,6.300000190734863,45500
2019-09-27,6.300000190734863,6.300000190734863,6.300000190734863,6.300000190734863,6.300000190734863,0
2019-09-30,6.199999809265137,6.900000095367432,5.900000095367432,6.900000095367432,6.900000095367432,12500
2019-10-02,6.900000095367432,6.900000095367432,6.900000095367432,6.900000095367432,6.900000095367432,0
2019-10-03,6.0,6.199999809265137,5.599999904632568,5.800000190734863,5.800000190734863,27000
2019-10-04,5.599999904632568,5.800000190734863,5.599999904632568,5.599999904632568,5.599999904632568,13000
2019-10-08,5.599999904632568,5.599999904632568,5.599999904632568,5.599999904632568,5.599999904632568,1000
2019-10-09,5.599999904632568,5.599999904632568,5.599999904632568,5.599999904632568,5.599999904632568,0
2019-10-10,5.300000190734863,5.599999904632568,5.300000190734863,5.599999904632568,5.599999904632568,12500
2019-10-11,5.599999904632568,5.599999904632568,5.599999904632568,5.599999904632568,5.599999904632568,0
2019-10-14,5.599999904632568,5.599999904632568,5.599999904632568,5.599999904632568,5.599999904632568,0
2019-10-15,5.599999904632568,5.599999904632568,5.599999904632568,5.599999904632568,5.599999904632568,0
2019-10-16,5.599999904632568,5.599999904632568,5.599999904632568,5.599999904632568,5.599999904632568,0
2019-10-17,5.599999904632568,5.599999904632568,5.599999904632568,5.599999904632568,5.599999904632568,0
2019-10-18,5.599999904632568,5.599999904632568,5.599999904632568,5.599999904632568,5.599999904632568,0
2019-10-21,5.0,5.199999809265137,5.0,5.5,5.5,1000
2019-10-22,5.5,5.5,5.5,5.5,5.5,0
2019-10-23,5.400000095367432,5.400000095367432,5.400000095367432,5.400000095367432,5.400000095367432,4500
2019-10-24,5.400000095367432,5.400000095367432,5.400000095367432,5.400000095367432,5.400000095367432,0
2019-10-25,5.400000095367432,5.400000095367432,5.400000095367432,5.400000095367432,5.400000095367432,0
2019-10-28,5.400000095367432,5.400000095367432,5.400000095367432,5.400000095367432,5.400000095367432,0
2019-10-29,5.300000190734863,5.400000095367432,5.300000190734863,5.400000095367432,5.400000095367432,108000
2019-10-30,5.5,5.5,5.5,5.5,5.5,105500
2019-10-31,5.5,6.0,5.5,6.0,6.0,207000
2019-11-01,5.800000190734863,5.900000095367432,5.800000190734863,5.900000095367432,5.900000095367432,359500
2019-11-04,5.599999904632568,5.900000095367432,5.400000095367432,5.599999904632568,5.599999904632568,222000
2019-11-05,5.400000095367432,5.800000190734863,5.400000095367432,5.800000190734863,5.800000190734863,265500
2019-11-06,5.900000095367432,5.900000095367432,5.599999904632568,5.800000190734863,5.800000190734863,195000
2019-11-07,5.699999809265137,5.699999809265137,5.599999904632568,5.800000190734863,5.800000190734863,211000
2019-11-08,5.699999809265137,5.699999809265137,5.699999809265137,5.800000190734863,5.800000190734863,100000
2019-11-11,5.800000190734863,5.800000190734863,5.800000190734863,5.800000190734863,5.800000190734863,0
2019-11-12,5.800000190734863,5.800000190734863,5.800000190734863,5.800000190734863,5.800000190734863,0
2019-11-13,5.800000190734863,5.800000190734863,5.800000190734863,5.800000190734863,5.800000190734863,0
2019-11-14,5.800000190734863,5.800000190734863,5.800000190734863,5.800000190734863,5.800000190734863,0
2019-11-15,5.800000190734863,5.800000190734863,5.800000190734863,5.800000190734863,5.800000190734863,0
2019-11-18,5.800000190734863,5.800000190734863,5.800000190734863,5.800000190734863,5.800000190734863,0
2019-11-19,5.599999904632568,5.599999904632568,5.599999904632568,5.800000190734863,5.800000190734863,100000
2019-11-20,5.800000190734863,5.800000190734863,5.800000190734863,5.800000190734863,5.800000190734863,0
2019-11-21,5.800000190734863,5.800000190734863,5.800000190734863,5.800000190734863,5.800000190734863,7500
2019-11-22,5.800000190734863,5.800000190734863,5.800000190734863,5.800000190734863,5.800000190734863,4500
2019-11-25,5.800000190734863,5.800000190734863,5.800000190734863,5.800000190734863,5.800000190734863,0
2019-11-26,6.0,6.0,6.0,6.0,6.0,0
2019-11-27,6.0,6.0,6.0,6.0,6.0,0
2019-11-28,5.800000190734863,5.800000190734863,5.800000190734863,5.800000190734863,5.800000190734863,0
2019-11-29,5.699999809265137,5.800000190734863,5.699999809265137,5.800000190734863,5.800000190734863,3500
2019-12-02,6.400000095367432,6.400000095367432,5.900000095367432,5.900000095367432,5.900000095367432,5500
2019-12-03,5.900000095367432,5.900000095367432,5.900000095367432,5.900000095367432,5.900000095367432,0
2019-12-04,5.900000095367432,5.900000095367432,5.900000095367432,5.900000095367432,5.900000095367432,0
2019-12-05,6.099999904632568,6.099999904632568,6.099999904632568,6.099999904632568,6.099999904632568,0
2019-12-06,6.199999809265137,6.199999809265137,6.199999809265137,6.199999809265137,6.199999809265137,0
2019-12-09,6.199999809265137,6.199999809265137,6.199999809265137,6.199999809265137,6.199999809265137,0
2019-12-10,6.099999904632568,6.099999904632568,6.099999904632568,6.099999904632568,6.099999904632568,0
2019-12-11,6.300000190734863,6.300000190734863,6.300000190734863,6.300000190734863,6.300000190734863,0
2019-12-12,6.300000190734863,6.300000190734863,6.300000190734863,6.300000190734863,6.300000190734863,0
2019-12-13,6.400000095367432,6.5,6.300000190734863,6.199999809265137,6.199999809265137,5500
2019-12-16,6.699999809265137,6.699999809265137,6.699999809265137,6.699999809265137,6.699999809265137,500
2019-12-17,6.599999904632568,6.599999904632568,6.599999904632568,6.599999904632568,6.599999904632568,0
2019-12-18,6.599999904632568,6.599999904632568,6.599999904632568,6.599999904632568,6.599999904632568,0
2019-12-19,6.5,6.5,6.5,6.5,6.5,0
2019-12-20,5.800000190734863,6.199999809265137,5.800000190734863,6.199999809265137,6.199999809265137,5000
2019-12-23,6.099999904632568,6.099999904632568,5.699999809265137,6.0,6.0,16000
2019-12-24,6.099999904632568,6.099999904632568,5.199999809265137,5.800000190734863,5.800000190734863,6500
2019-12-27,5.900000095367432,5.900000095367432,5.900000095367432,5.900000095367432,5.900000095367432,0
2019-12-30,5.599999904632568,6.599999904632568,5.599999904632568,6.5,6.5,6500
2019-12-31,6.5,6.5,6.5,6.5,6.5,0
2020-01-02,5.900000095367432,5.900000095367432,5.900000095367432,5.900000095367432,5.900000095367432,1000
2020-01-03,5.800000190734863,5.800000190734863,5.699999809265137,5.800000190734863,5.800000190734863,6500
2020-01-06,5.800000190734863,5.800000190734863,5.599999904632568,5.699999809265137,5.699999809265137,4500
2020-01-07,5.800000190734863,5.800000190734863,5.5,5.699999809265137,5.699999809265137,5000
2020-01-08,5.800000190734863,5.800000190734863,5.800000190734863,5.800000190734863,5.800000190734863,0
2020-01-09,5.800000190734863,5.800000190734863,5.800000190734863,5.800000190734863,5.800000190734863,0
2020-01-10,5.699999809265137,5.699999809265137,5.699999809265137,5.699999809265137,5.699999809265137,0
2020-01-13,5.599999904632568,6.300000190734863,5.599999904632568,5.900000095367432,5.900000095367432,9500
2020-01-14,5.800000190734863,5.800000190734863,5.800000190734863,5.800000190734863,5.800000190734863,0
2020-01-15,5.599999904632568,5.599999904632568,5.5,5.5,5.5,2500
2020-01-16,6.0,6.0,6.0,6.0,6.0,0
2020-01-17,5.5,5.599999904632568,5.400000095367432,5.599999904632568,5.599999904632568,2500
2020-01-20,5.599999904632568,5.599999904632568,5.599999904632568,5.599999904632568,5.599999904632568,0
2020-01-21,5.599999904632568,5.599999904632568,5.599999904632568,5.599999904632568,5.599999904632568,0
2020-01-22,5.599999904632568,5.599999904632568,5.599999904632568,5.599999904632568,5.599999904632568,0
2020-01-23,5.599999904632568,5.599999904632568,5.599999904632568,5.599999904632568,5.599999904632568,0
2020-01-24,5.599999904632568,5.599999904632568,5.599999904632568,5.599999904632568,5.599999904632568,0
2020-01-29,5.599999904632568,5.599999904632568,5.599999904632568,5.599999904632568,5.599999904632568,0
2020-01-30,5.599999904632568,5.599999904632568,5.599999904632568,5.599999904632568,5.599999904632568,0
2020-01-31,5.599999904632568,5.599999904632568,5.599999904632568,5.599999904632568,5.599999904632568,0
2020-02-03,5.599999904632568,5.599999904632568,5.599999904632568,5.599999904632568,5.599999904632568,0
2020-02-04,5.599999904632568,5.599999904632568,5.599999904632568,5.599999904632568,5.599999904632568,0
2020-02-05,5.599999904632568,5.599999904632568,5.599999904632568,5.599999904632568,5.599999904632568,0
2020-02-06,5.599999904632568,5.599999904632568,5.599999904632568,5.599999904632568,5.599999904632568,0
2020-02-07,5.599999904632568,5.599999904632568,5.599999904632568,5.599999904632568,5.599999904632568,0
2020-02-10,5.599999904632568,5.599999904632568,5.599999904632568,5.599999904632568,5.599999904632568,0
2020-02-11,5.599999904632568,5.599999904632568,5.599999904632568,5.599999904632568,5.599999904632568,0
2020-02-12,6.199999809265137,9.0,6.099999904632568,6.400000095367432,6.400000095367432,241500
2020-02-13,6.300000190734863,6.300000190734863,6.0,6.099999904632568,6.099999904632568,48000
2020-02-14,6.0,6.099999904632568,5.800000190734863,5.900000095367432,5.900000095367432,19000
2020-02-17,5.900000095367432,6.300000190734863,5.900000095367432,6.300000190734863,6.300000190734863,10500
2020-02-18,6.0,6.099999904632568,5.800000190734863,5.800000190734863,5.800000190734863,25000
2020-02-19,6.0,6.099999904632568,6.0,6.0,6.0,3500
2020-02-20,6.099999904632568,6.099999904632568,6.099999904632568,6.099999904632568,6.099999904632568,0
2020-02-21,5.800000190734863,5.900000095367432,5.699999809265137,5.900000095367432,5.900000095367432,19000
2020-02-24,5.900000095367432,5.900000095367432,5.5,5.800000190734863,5.800000190734863,51000
2020-02-25,5.800000190734863,5.800000190734863,5.800000190734863,5.800000190734863,5.800000190734863,0
2020-02-26,5.800000190734863,5.800000190734863,5.599999904632568,5.599999904632568,5.599999904632568,2500
2020-02-27,5.599999904632568,5.599999904632568,5.599999904632568,5.599999904632568,5.599999904632568,0
2020-02-28,5.599999904632568,5.599999904632568,5.599999904632568,5.599999904632568,5.599999904632568,2500
2020-03-02,5.599999904632568,5.599999904632568,5.599999904632568,5.599999904632568,5.599999904632568,0
2020-03-03,5.599999904632568,6.099999904632568,5.599999904632568,6.0,6.0,3000
2020-03-04,6.0,6.300000190734863,5.900000095367432,6.300000190734863,6.300000190734863,17000
2020-03-05,6.199999809265137,6.199999809265137,6.199999809265137,6.199999809265137,6.199999809265137,0
2020-03-06,6.199999809265137,6.199999809265137,5.5,5.800000190734863,5.800000190734863,70500
2020-03-09,5.599999904632568,5.900000095367432,5.5,5.5,5.5,57500
2020-03-10,5.599999904632568,5.599999904632568,5.599999904632568,5.599999904632568,5.599999904632568,0
2020-03-11,5.699999809265137,5.699999809265137,5.699999809265137,5.699999809265137,5.699999809265137,4000
2020-03-12,5.599999904632568,5.599999904632568,5.5,5.599999904632568,5.599999904632568,5500
2020-03-13,5.5,5.599999904632568,5.5,5.599999904632568,5.599999904632568,8000
2020-03-16,5.599999904632568,5.599999904632568,5.599999904632568,5.599999904632568,5.599999904632568,3500
2020-03-17,5.599999904632568,5.599999904632568,5.599999904632568,5.599999904632568,5.599999904632568,0
2020-03-18,5.400000095367432,5.400000095367432,5.300000190734863,5.300000190734863,5.300000190734863,47000
2020-03-19,5.300000190734863,5.300000190734863,5.300000190734863,5.300000190734863,5.300000190734863,18500
2020-03-20,5.400000095367432,5.699999809265137,5.400000095367432,5.699999809265137,5.699999809265137,16000
2020-03-23,5.699999809265137,5.699999809265137,5.699999809265137,5.699999809265137,5.699999809265137,0
2020-03-24,5.599999904632568,5.699999809265137,5.599999904632568,5.699999809265137,5.699999809265137,5000
2020-03-25,5.699999809265137,5.699999809265137,5.699999809265137,5.699999809265137,5.699999809265137,0
2020-03-26,5.599999904632568,5.599999904632568,5.599999904632568,5.599999904632568,5.599999904632568,0
2020-03-27,5.599999904632568,5.599999904632568,5.599999904632568,5.599999904632568,5.599999904632568,0
2020-03-30,5.599999904632568,5.599999904632568,5.599999904632568,5.599999904632568,5.599999904632568,0
2020-03-31,5.699999809265137,5.699999809265137,5.699999809265137,5.699999809265137,5.699999809265137,0
2020-04-01,5.699999809265137,5.699999809265137,5.699999809265137,5.699999809265137,5.699999809265137,0
2020-04-02,5.699999809265137,5.699999809265137,5.699999809265137,5.699999809265137,5.699999809265137,0
2020-04-03,5.800000190734863,5.800000190734863,5.800000190734863,5.800000190734863,5.800000190734863,0
2020-04-06,5.800000190734863,5.800000190734863,5.800000190734863,5.800000190734863,5.800000190734863,2500
2020-04-07,5.5,5.5,5.5,5.5,5.5,0
2020-04-08,5.5,5.5,5.5,5.5,5.5,0
2020-04-09,5.5,5.5,5.5,5.5,5.5,0
2020-04-14,5.5,5.5,5.5,5.5,5.5,0
2020-04-15,5.5,5.5,5.5,5.5,5.5,0
2020-04-16,5.5,5.5,5.5,5.5,5.5,0
2020-04-17,5.5,5.5,5.5,5.5,5.5,2000
2020-04-20,5.5,5.5,5.5,5.5,5.5,0
2020-04-21,5.5,5.5,5.5,5.5,5.5,0
2020-04-22,5.5,5.5,5.5,5.5,5.5,0
2020-04-23,5.5,5.5,5.5,5.5,5.5,0
2020-04-24,5.5,5.5,5.5,5.5,5.5,0
2020-04-27,5.5,5.5,5.5,5.5,5.5,0
2020-04-28,5.5,5.5,5.5,5.5,5.5,1000
2020-04-29,5.5,5.5,5.5,5.5,5.5,0
2020-05-04,5.5,5.5,5.5,5.5,5.5,0
2020-05-05,5.5,5.5,5.5,5.5,5.5,0
2020-05-06,5.5,5.5,5.5,5.5,5.5,0
2020-05-07,5.099999904632568,5.099999904632568,5.099999904632568,5.5,5.5,3500
2020-05-08,5.5,5.5,5.5,5.5,5.5,0
2020-05-11,5.099999904632568,5.199999809265137,5.099999904632568,5.5,5.5,2500
2020-05-12,5.5,5.5,5.5,5.5,5.5,0
2020-05-13,5.5,5.5,5.5,5.5,5.5,0
2020-05-14,5.5,5.5,5.5,5.5,5.5,0
2020-05-15,5.599999904632568,5.599999904632568,5.599999904632568,5.599999904632568,5.599999904632568,10000
2020-05-18,5.599999904632568,5.599999904632568,5.599999904632568,5.599999904632568,5.599999904632568,1500
2020-05-19,5.599999904632568,5.599999904632568,5.599999904632568,5.599999904632568,5.599999904632568,0
2020-05-20,5.599999904632568,5.599999904632568,5.599999904632568,5.599999904632568,5.599999904632568,0
2020-05-21,5.599999904632568,5.599999904632568,5.599999904632568,5.599999904632568,5.599999904632568,0
2020-05-22,5.599999904632568,5.599999904632568,5.599999904632568,5.599999904632568,5.599999904632568,0
2020-05-25,5.5,5.5,5.5,5.5,5.5,0
2020-05-26,5.400000095367432,5.599999904632568,5.400000095367432,5.400000095367432,5.400000095367432,50000
2020-05-27,5.400000095367432,5.400000095367432,5.400000095367432,5.400000095367432,5.400000095367432,0
2020-05-28,5.400000095367432,5.400000095367432,5.400000095367432,5.400000095367432,5.400000095367432,0
2020-05-29,5.400000095367432,5.400000095367432,5.400000095367432,5.400000095367432,5.400000095367432,0
2020-06-01,5.400000095367432,5.400000095367432,5.400000095367432,5.400000095367432,5.400000095367432,0
2020-06-02,5.400000095367432,5.400000095367432,5.400000095367432,5.400000095367432,5.400000095367432,0
2020-06-03,5.400000095367432,5.400000095367432,5.400000095367432,5.400000095367432,5.400000095367432,0
2020-06-04,5.400000095367432,5.400000095367432,5.400000095367432,5.400000095367432,5.400000095367432,15000
2020-06-05,5.400000095367432,5.400000095367432,5.400000095367432,5.400000095367432,5.400000095367432,0
2020-06-08,4.820000171661377,5.300000190734863,4.820000171661377,5.300000190734863,5.300000190734863,1500
2020-06-09,5.300000190734863,5.300000190734863,5.300000190734863,5.300000190734863,5.300000190734863,0
2020-06-10,5.300000190734863,5.300000190734863,5.300000190734863,5.300000190734863,5.300000190734863,0
2020-06-11,5.300000190734863,5.300000190734863,5.300000190734863,5.300000190734863,5.300000190734863,0
2020-06-12,5.300000190734863,5.300000190734863,5.300000190734863,5.300000190734863,5.300000190734863,0
2020-06-15,5.300000190734863,5.300000190734863,5.300000190734863,5.300000190734863,5.300000190734863,0
2020-06-16,5.300000190734863,5.300000190734863,5.300000190734863,5.300000190734863,5.300000190734863,0
2020-06-17,5.300000190734863,5.300000190734863,5.300000190734863,5.300000190734863,5.300000190734863,0
2020-06-18,5.300000190734863,5.300000190734863,5.300000190734863,5.300000190734863,5.300000190734863,0
2020-06-19,5.300000190734863,5.300000190734863,5.300000190734863,5.300000190734863,5.300000190734863,0
2020-06-22,5.300000190734863,5.300000190734863,5.300000190734863,5.300000190734863,5.300000190734863,0
2020-06-23,5.300000190734863,5.300000190734863,5.300000190734863,5.300000190734863,5.300000190734863,10000
2020-06-24,5.300000190734863,5.300000190734863,5.300000190734863,5.300000190734863,5.300000190734863,9000
2020-06-26,5.199999809265137,5.199999809265137,5.199999809265137,5.199999809265137,5.199999809265137,10000
2020-06-29,5.099999904632568,5.099999904632568,5.099999904632568,5.099999904632568,5.099999904632568,10000
2020-06-30,5.099999904632568,5.099999904632568,5.099999904632568,5.099999904632568,5.099999904632568,2000
2020-07-02,5.0,5.0,5.0,5.0,5.0,0
2020-07-03,5.0,5.0,5.0,5.0,5.0,0
2020-07-06,5.0,5.0,5.0,5.0,5.0,0
2020-07-07,4.900000095367432,4.900000095367432,4.900000095367432,4.960000038146973,4.960000038146973,2000
2020-07-08,4.960000038146973,4.960000038146973,4.960000038146973,4.960000038146973,4.960000038146973,0
2020-07-09,4.960000038146973,4.960000038146973,4.960000038146973,4.960000038146973,4.960000038146973,0
2020-07-10,4.960000038146973,5.5,4.960000038146973,4.960000038146973,4.960000038146973,18000
2020-07-13,4.960000038146973,4.960000038146973,4.960000038146973,4.960000038146973,4.960000038146973,0
2020-07-14,4.940000057220459,4.940000057220459,4.940000057220459,4.940000057220459,4.940000057220459,0
2020-07-15,4.940000057220459,4.940000057220459,4.940000057220459,4.940000057220459,4.940000057220459,0
2020-07-16,4.940000057220459,4.940000057220459,4.940000057220459,4.940000057220459,4.940000057220459,0
2020-07-17,4.920000076293945,4.920000076293945,4.920000076293945,4.920000076293945,4.920000076293945,5000
2020-07-20,5.0,5.0,5.0,5.0,5.0,0
2020-07-21,5.099999904632568,4.920000076293945,4.920000076293945,5.199999809265137,5.199999809265137,500
2020-07-22,5.0,5.099999904632568,5.0,5.199999809265137,5.199999809265137,10000
2020-07-23,5.0,5.0,5.0,5.0,5.0,15000
2020-07-24,5.0,5.0,5.0,5.0,5.0,15000
2020-07-27,5.0,5.0,4.960000038146973,4.960000038146973,4.960000038146973,21500
2020-07-28,5.199999809265137,5.199999809265137,4.960000038146973,4.960000038146973,4.960000038146973,25000
2020-07-29,5.199999809265137,5.199999809265137,4.960000038146973,4.960000038146973,4.960000038146973,15000
2020-07-30,4.900000095367432,4.900000095367432,4.900000095367432,4.900000095367432,4.900000095367432,11500
2020-07-31,4.900000095367432,4.900000095367432,4.900000095367432,4.900000095367432,4.900000095367432,0
2020-08-03,4.900000095367432,4.900000095367432,4.900000095367432,4.900000095367432,4.900000095367432,0
2020-08-04,4.900000095367432,4.900000095367432,4.900000095367432,4.900000095367432,4.900000095367432,0
2020-08-05,4.900000095367432,4.900000095367432,4.900000095367432,4.900000095367432,4.900000095367432,0
2020-08-06,4.900000095367432,4.900000095367432,4.900000095367432,4.900000095367432,4.900000095367432,0
2020-08-07,4.920000076293945,4.920000076293945,4.920000076293945,4.920000076293945,4.920000076293945,0
2020-08-10,4.900000095367432,4.900000095367432,4.900000095367432,4.900000095367432,4.900000095367432,0
2020-08-11,4.900000095367432,4.900000095367432,4.900000095367432,4.900000095367432,4.900000095367432,0
2020-08-12,4.920000076293945,4.920000076293945,4.920000076293945,4.920000076293945,4.920000076293945,0
2020-08-13,4.920000076293945,4.920000076293945,4.920000076293945,4.920000076293945,4.920000076293945,0
2020-08-14,4.920000076293945,4.920000076293945,4.920000076293945,4.920000076293945,4.920000076293945,0
2020-08-17,4.920000076293945,4.920000076293945,4.920000076293945,4.920000076293945,4.920000076293945,0
2020-08-18,4.940000057220459,4.940000057220459,4.940000057220459,4.940000057220459,4.940000057220459,0
2020-08-19,5.0,5.0,5.0,5.0,5.0,0
2020-08-20,4.900000095367432,4.900000095367432,4.900000095367432,4.900000095367432,4.900000095367432,0
2020-08-21,4.960000038146973,4.960000038146973,4.960000038146973,4.960000038146973,4.960000038146973,0
2020-08-24,4.960000038146973,4.960000038146973,4.960000038146973,4.960000038146973,4.960000038146973,0
2020-08-25,5.0,5.0,5.0,5.099999904632568,5.099999904632568,86500
2020-08-26,5.099999904632568,5.099999904632568,5.099999904632568,5.099999904632568,5.099999904632568,0
2020-08-27,5.300000190734863,5.300000190734863,5.300000190734863,5.300000190734863,5.300000190734863,0
2020-08-28,5.400000095367432,5.400000095367432,5.400000095367432,5.400000095367432,5.400000095367432,0
2020-08-31,5.400000095367432,5.400000095367432,5.099999904632568,5.099999904632568,5.099999904632568,16000
2020-09-01,5.099999904632568,5.099999904632568,5.099999904632568,5.099999904632568,5.099999904632568,15000
2020-09-02,5.099999904632568,5.099999904632568,5.099999904632568,5.099999904632568,5.099999904632568,0
2020-09-03,5.099999904632568,5.099999904632568,5.099999904632568,5.099999904632568,5.099999904632568,0
2020-09-04,5.099999904632568,5.099999904632568,5.099999904632568,5.099999904632568,5.099999904632568,0
2020-09-07,5.099999904632568,5.099999904632568,5.099999904632568,5.099999904632568,5.099999904632568,5500
2020-09-08,5.099999904632568,5.099999904632568,5.099999904632568,5.099999904632568,5.099999904632568,0
2020-09-09,5.099999904632568,5.099999904632568,5.099999904632568,5.099999904632568,5.099999904632568,500
2020-09-10,5.099999904632568,5.099999904632568,5.099999904632568,5.099999904632568,5.099999904632568,0
2020-09-11,5.099999904632568,5.099999904632568,5.099999904632568,5.099999904632568,5.099999904632568,0
2020-09-14,5.400000095367432,5.400000095367432,5.400000095367432,5.400000095367432,5.400000095367432,0
2020-09-15,5.300000190734863,5.300000190734863,5.300000190734863,5.300000190734863,5.300000190734863,0
2020-09-16,5.099999904632568,5.099999904632568,5.099999904632568,5.099999904632568,5.099999904632568,0
2020-09-17,5.099999904632568,5.099999904632568,5.099999904632568,5.099999904632568,5.099999904632568,0
2020-09-18,5.099999904632568,5.099999904632568,5.099999904632568,5.099999904632568,5.099999904632568,0
2020-09-21,5.099999904632568,5.099999904632568,5.099999904632568,5.099999904632568,5.099999904632568,0
2020-09-22,5.099999904632568,5.099999904632568,5.099999904632568,5.099999904632568,5.099999904632568,0
2020-09-23,5.099999904632568,5.099999904632568,5.099999904632568,5.099999904632568,5.099999904632568,0
2020-09-24,5.099999904632568,5.099999904632568,5.099999904632568,5.099999904632568,5.099999904632568,0
2020-09-25,5.099999904632568,5.099999904632568,5.099999904632568,5.099999904632568,5.099999904632568,0
2020-09-28,5.0,5.0,5.0,5.0,5.0,5000
2020-09-29,5.0,5.0,5.0,5.0,5.0,0
2020-09-30,5.0,5.0,5.0,5.0,5.0,0
2020-10-05,5.0,5.0,5.0,5.0,5.0,0
2020-10-06,5.0,5.0,5.0,5.0,5.0,0
2020-10-07,5.0,5.0,5.0,5.0,5.0,0
2020-10-08,5.0,5.0,5.0,5.0,5.0,0
2020-10-09,5.0,5.0,5.0,5.0,5.0,0
2020-10-12,5.199999809265137,5.199999809265137,5.199999809265137,5.199999809265137,5.199999809265137,0
2020-10-14,5.0,5.0,5.0,5.0,5.0,10000
2020-10-15,5.099999904632568,5.099999904632568,5.099999904632568,5.099999904632568,5.099999904632568,0
2020-10-16,5.199999809265137,5.199999809265137,5.199999809265137,5.199999809265137,5.199999809265137,500
2020-10-19,5.199999809265137,5.199999809265137,5.199999809265137,5.199999809265137,5.199999809265137,0
2020-10-20,5.099999904632568,5.099999904632568,5.099999904632568,5.099999904632568,5.099999904632568,0
2020-10-21,5.099999904632568,5.099999904632568,5.099999904632568,5.099999904632568,5.099999904632568,0
2020-10-22,5.099999904632568,5.099999904632568,5.099999904632568,5.099999904632568,5.099999904632568,0
2020-10-23,5.099999904632568,5.099999904632568,5.099999904632568,5.099999904632568,5.099999904632568,0
2020-10-27,5.099999904632568,5.099999904632568,5.099999904632568,5.099999904632568,5.099999904632568,0
2020-10-28,5.099999904632568,5.099999904632568,5.099999904632568,5.099999904632568,5.099999904632568,0
2020-10-29,5.099999904632568,5.099999904632568,5.099999904632568,5.099999904632568,5.099999904632568,0
2020-10-30,5.0,5.0,5.0,5.0,5.0,0
2020-11-02,5.0,5.0,5.0,5.0,5.0,0
2020-11-03,5.199999809265137,5.199999809265137,5.199999809265137,5.199999809265137,5.199999809265137,0
2020-11-04,5.199999809265137,5.199999809265137,5.199999809265137,5.199999809265137,5.199999809265137,0
2020-11-05,5.199999809265137,5.199999809265137,5.199999809265137,5.199999809265137,5.199999809265137,0
2020-11-06,5.199999809265137,5.199999809265137,5.199999809265137,5.199999809265137,5.199999809265137,0
2020-11-09,5.599999904632568,5.599999904632568,5.599999904632568,5.599999904632568,5.599999904632568,0
2020-11-10,5.800000190734863,5.800000190734863,5.800000190734863,5.800000190734863,5.800000190734863,0
2020-11-11,5.800000190734863,5.800000190734863,5.800000190734863,5.800000190734863,5.800000190734863,0
2020-11-12,5.800000190734863,5.800000190734863,5.800000190734863,5.800000190734863,5.800000190734863,0
2020-11-13,5.800000190734863,5.800000190734863,5.800000190734863,5.800000190734863,5.800000190734863,0
2020-11-16,5.800000190734863,5.800000190734863,5.800000190734863,5.800000190734863,5.800000190734863,0
2020-11-17,5.800000190734863,5.800000190734863,5.800000190734863,5.800000190734863,5.800000190734863,0
2020-11-18,5.800000190734863,5.800000190734863,5.800000190734863,5.800000190734863,5.800000190734863,0
2020-11-19,5.800000190734863,5.800000190734863,5.800000190734863,5.800000190734863,5.800000190734863,0
2020-11-20,5.800000190734863,5.800000190734863,5.800000190734863,5.800000190734863,5.800000190734863,0
2020-11-23,5.5,5.5,5.5,5.5,5.5,0
2020-11-24,5.5,5.5,5.5,5.5,5.5,500
2020-11-25,5.5,5.5,5.5,5.5,5.5,0
2020-11-26,5.5,5.5,5.5,5.5,5.5,0
2020-11-27,5.5,5.5,5.5,5.5,5.5,0
2020-11-30,5.5,5.5,5.5,5.5,5.5,0
2020-12-01,5.5,5.5,5.5,5.5,5.5,0
2020-12-02,5.5,5.5,5.5,5.5,5.5,0
2020-12-03,5.699999809265137,6.0,5.599999904632568,5.800000190734863,5.800000190734863,10000
2020-12-04,5.800000190734863,5.800000190734863,5.800000190734863,5.800000190734863,5.800000190734863,2500
2020-12-07,5.800000190734863,5.800000190734863,5.800000190734863,5.800000190734863,5.800000190734863,0
2020-12-08,5.800000190734863,5.800000190734863,5.800000190734863,5.800000190734863,5.800000190734863,0
2020-12-09,5.800000190734863,5.800000190734863,5.800000190734863,5.800000190734863,5.800000190734863,0
2020-12-10,5.800000190734863,5.800000190734863,5.800000190734863,5.800000190734863,5.800000190734863,0
2020-12-11,5.800000190734863,5.800000190734863,5.800000190734863,5.800000190734863,5.800000190734863,0
2020-12-14,5.800000190734863,5.800000190734863,5.800000190734863,5.800000190734863,5.800000190734863,0
2020-12-15,5.800000190734863,5.800000190734863,5.800000190734863,5.800000190734863,5.800000190734863,0
2020-12-16,5.800000190734863,5.800000190734863,5.800000190734863,5.800000190734863,5.800000190734863,0
2020-12-17,5.800000190734863,7.5,5.800000190734863,5.800000190734863,5.800000190734863,26000
2020-12-18,5.199999809265137,6.199999809265137,5.199999809265137,5.800000190734863,5.800000190734863,8000
2020-12-21,5.5,5.5,5.5,5.800000190734863,5.800000190734863,13500
2020-12-22,5.800000190734863,5.800000190734863,5.800000190734863,5.800000190734863,5.800000190734863,7500
2020-12-23,5.300000190734863,5.300000190734863,5.300000190734863,5.800000190734863,5.800000190734863,1000
2020-12-24,5.800000190734863,5.800000190734863,5.800000190734863,5.800000190734863,5.800000190734863,0
2020-12-28,5.800000190734863,5.800000190734863,5.800000190734863,5.800000190734863,5.800000190734863,0
2020-12-29,5.800000190734863,5.800000190734863,5.800000190734863,5.800000190734863,5.800000190734863,0
2020-12-30,5.800000190734863,5.800000190734863,5.800000190734863,5.800000190734863,5.800000190734863,0
2020-12-31,5.800000190734863,5.800000190734863,5.800000190734863,5.800000190734863,5.800000190734863,0
2021-01-04,5.800000190734863,5.800000190734863,5.800000190734863,5.800000190734863,5.800000190734863,0
2021-01-05,5.800000190734863,5.800000190734863,5.800000190734863,5.800000190734863,5.800000190734863,0
2021-01-06,5.800000190734863,5.800000190734863,5.800000190734863,5.800000190734863,5.800000190734863,0
2021-01-07,5.800000190734863,5.800000190734863,5.800000190734863,5.800000190734863,5.800000190734863,0
2021-01-08,5.800000190734863,5.800000190734863,5.800000190734863,5.800000190734863,5.800000190734863,0
2021-01-11,5.199999809265137,5.400000095367432,4.980000019073486,5.800000190734863,5.800000190734863,3000
2021-01-12,5.800000190734863,5.800000190734863,5.599999904632568,5.800000190734863,5.800000190734863,12000
2021-01-13,5.800000190734863,5.800000190734863,5.800000190734863,5.800000190734863,5.800000190734863,0
2021-01-14,5.800000190734863,5.800000190734863,5.800000190734863,5.800000190734863,5.800000190734863,0
2021-01-15,5.800000190734863,5.800000190734863,5.800000190734863,5.800000190734863,5.800000190734863,0
2021-01-18,5.800000190734863,5.800000190734863,5.800000190734863,5.800000190734863,5.800000190734863,0
2021-01-19,5.300000190734863,5.800000190734863,5.300000190734863,5.400000095367432,5.400000095367432,12500
2021-01-20,5.400000095367432,5.400000095367432,5.199999809265137,5.300000190734863,5.300000190734863,41000
2021-01-21,5.300000190734863,5.300000190734863,5.300000190734863,5.300000190734863,5.300000190734863,0
2021-01-22,5.300000190734863,5.300000190734863,5.300000190734863,5.300000190734863,5.300000190734863,0
2021-01-25,5.300000190734863,5.300000190734863,5.300000190734863,5.300000190734863,5.300000190734863,0
2021-01-26,5.300000190734863,5.300000190734863,5.300000190734863,5.300000190734863,5.300000190734863,0
2021-01-27,5.300000190734863,5.300000190734863,5.300000190734863,5.300000190734863,5.300000190734863,0
2021-01-28,5.300000190734863,5.300000190734863,5.300000190734863,5.300000190734863,5.300000190734863,0
2021-01-29,5.300000190734863,5.5,5.300000190734863,5.300000190734863,5.300000190734863,10000
2021-02-01,5.300000190734863,5.300000190734863,5.300000190734863,5.300000190734863,5.300000190734863,0
2021-02-02,5.300000190734863,5.300000190734863,5.300000190734863,5.300000190734863,5.300000190734863,0
2021-02-03,5.300000190734863,5.300000190734863,5.300000190734863,5.300000190734863,5.300000190734863,0
2021-02-04,4.760000228881836,6.599999904632568,4.760000228881836,5.400000095367432,5.400000095367432,27500
2021-02-05,5.400000095367432,5.400000095367432,5.400000095367432,5.400000095367432,5.400000095367432,7000
2021-02-08,5.400000095367432,5.400000095367432,5.400000095367432,5.400000095367432,5.400000095367432,0
2021-02-09,5.800000190734863,6.099999904632568,5.699999809265137,5.699999809265137,5.699999809265137,14500
2021-02-10,6.199999809265137,6.400000095367432,5.199999809265137,5.900000095367432,5.900000095367432,68000
2021-02-11,5.900000095367432,5.900000095367432,5.900000095367432,5.900000095367432,5.900000095367432,0
2021-02-16,5.900000095367432,6.5,5.900000095367432,6.300000190734863,6.300000190734863,23000
2021-02-17,6.300000190734863,6.300000190734863,6.300000190734863,6.300000190734863,6.300000190734863,0
2021-02-18,6.300000190734863,6.300000190734863,6.300000190734863,6.300000190734863,6.300000190734863,0
2021-02-19,6.300000190734863,6.300000190734863,6.300000190734863,6.300000190734863,6.300000190734863,0
2021-02-22,6.300000190734863,6.300000190734863,6.300000190734863,6.300000190734863,6.300000190734863,0
2021-02-23,7.0,7.300000190734863,7.0,6.300000190734863,6.300000190734863,55000
2021-02-24,5.699999809265137,5.699999809265137,5.699999809265137,5.699999809265137,5.699999809265137,0
2021-02-25,5.699999809265137,5.699999809265137,5.699999809265137,5.699999809265137,5.699999809265137,0
2021-02-26,5.699999809265137,5.699999809265137,5.699999809265137,5.699999809265137,5.699999809265137,0
2021-03-01,5.699999809265137,5.699999809265137,5.699999809265137,5.699999809265137,5.699999809265137,0
2021-03-02,5.699999809265137,5.699999809265137,5.699999809265137,5.699999809265137,5.699999809265137,0
2021-03-03,5.699999809265137,5.699999809265137,5.699999809265137,5.699999809265137,5.699999809265137,0
2021-03-04,5.900000095367432,5.900000095367432,5.900000095367432,5.900000095367432,5.900000095367432,0
2021-03-05,5.900000095367432,5.900000095367432,5.900000095367432,5.900000095367432,5.900000095367432,0
2021-03-08,5.900000095367432,5.900000095367432,5.900000095367432,5.900000095367432,5.900000095367432,0
2021-03-09,5.900000095367432,5.900000095367432,5.900000095367432,5.900000095367432,5.900000095367432,0
2021-03-10,5.900000095367432,5.900000095367432,5.900000095367432,5.900000095367432,5.900000095367432,0
2021-03-11,5.900000095367432,5.900000095367432,5.900000095367432,5.900000095367432,5.900000095367432,0
2021-03-12,5.900000095367432,5.900000095367432,5.900000095367432,5.900000095367432,5.900000095367432,0
2021-03-15,5.900000095367432,5.900000095367432,5.900000095367432,5.900000095367432,5.900000095367432,0
2021-03-16,5.900000095367432,5.900000095367432,5.900000095367432,5.900000095367432,5.900000095367432,0
2021-03-17,5.900000095367432,5.900000095367432,5.900000095367432,5.900000095367432,5.900000095367432,0
2021-03-18,6.300000190734863,6.300000190734863,6.300000190734863,5.900000095367432,5.900000095367432,2500
2021-03-19,5.900000095367432,5.900000095367432,5.900000095367432,5.900000095367432,5.900000095367432,3500
2021-03-22,5.900000095367432,5.900000095367432,5.900000095367432,5.900000095367432,5.900000095367432,0
2021-03-23,5.5,5.5,5.5,5.5,5.5,0
2021-03-24,5.5,5.5,5.5,5.5,5.5,0
2021-03-25,5.5,5.5,5.5,5.5,5.5,0
2021-03-26,5.5,5.5,5.5,5.5,5.5,0
2021-03-29,5.5,5.5,5.5,5.5,5.5,0
2021-03-30,5.5,5.5,5.5,5.5,5.5,0
2021-03-31,5.5,5.5,5.5,5.5,5.5,0
2021-04-01,5.599999904632568,5.599999904632568,5.599999904632568,5.599999904632568,5.599999904632568,0
2021-04-07,5.599999904632568,5.599999904632568,5.599999904632568,5.599999904632568,5.599999904632568,0
2021-04-08,5.599999904632568,5.599999904632568,5.599999904632568,5.599999904632568,5.599999904632568,0
2021-04-09,5.599999904632568,5.599999904632568,5.599999904632568,5.599999904632568,5.599999904632568,0
2021-04-12,5.599999904632568,5.599999904632568,5.599999904632568,5.599999904632568,5.599999904632568,0
2021-04-13,5.599999904632568,5.599999904632568,5.599999904632568,5.599999904632568,5.599999904632568,0
2021-04-14,5.599999904632568,5.599999904632568,5.599999904632568,5.599999904632568,5.599999904632568,0
2021-04-15,5.599999904632568,5.599999904632568,5.599999904632568,5.599999904632568,5.599999904632568,0
2021-04-16,5.599999904632568,5.599999904632568,5.599999904632568,5.599999904632568,5.599999904632568,0
2021-04-19,5.599999904632568,5.599999904632568,5.599999904632568,5.599999904632568,5.599999904632568,0
2021-04-20,5.300000190734863,5.300000190734863,5.300000190734863,5.400000095367432,5.400000095367432,25000
2021-04-21,5.300000190734863,5.300000190734863,5.300000190734863,5.300000190734863,5.300000190734863,0
2021-04-22,5.900000095367432,5.300000190734863,5.300000190734863,5.5,5.5,500
2021-04-23,5.5,5.5,5.5,5.5,5.5,0
2021-04-26,5.5,5.5,5.5,5.5,5.5,0
2021-04-27,5.5,5.5,5.5,5.5,5.5,0
2021-04-28,5.5,5.5,5.5,5.5,5.5,0
2021-04-29,5.5,5.5,5.5,5.5,5.5,0
2021-04-30,5.5,5.5,5.5,5.5,5.5,0
2021-05-03,5.5,5.5,5.5,5.5,5.5,0
2021-05-04,6.199999809265137,8.699999809265137,6.199999809265137,8.0,8.0,225000
2021-05-05,8.100000381469727,8.399999618530273,6.900000095367432,8.0,8.0,205250
2021-05-06,8.399999618530273,8.699999809265137,8.100000381469727,8.199999809265137,8.199999809265137,66000
2021-05-07,7.800000190734863,8.100000381469727,7.699999809265137,7.800000190734863,7.800000190734863,24000
2021-05-10,7.199999809265137,7.199999809265137,7.0,7.0,7.0,1000
2021-05-11,7.300000190734863,7.300000190734863,7.300000190734863,7.300000190734863,7.300000190734863,0
2021-05-12,8.0,8.0,7.199999809265137,7.199999809265137,7.199999809265137,5000
2021-05-13,7.800000190734863,8.600000381469727,7.800000190734863,8.199999809265137,8.199999809265137,103500
2021-05-14,8.399999618530273,8.600000381469727,8.300000190734863,8.199999809265137,8.199999809265137,28000
2021-05-17,8.199999809265137,8.199999809265137,8.199999809265137,8.199999809265137,8.199999809265137,500
2021-05-18,8.5,8.5,8.5,8.199999809265137,8.199999809265137,5000
2021-05-20,8.5,8.5,8.5,8.199999809265137,8.199999809265137,2500
2021-05-21,7.900000095367432,7.900000095367432,7.900000095367432,7.900000095367432,7.900000095367432,0
2021-05-24,7.900000095367432,7.900000095367432,7.900000095367432,7.900000095367432,7.900000095367432,0
2021-05-25,8.600000381469727,8.600000381469727,7.900000095367432,8.600000381469727,8.600000381469727,31000
2021-05-26,7.699999809265137,8.100000381469727,7.699999809265137,8.100000381469727,8.100000381469727,5500
2021-05-27,7.400000095367432,8.5,7.400000095367432,8.100000381469727,8.100000381469727,7500
2021-05-28,8.399999618530273,8.600000381469727,8.300000190734863,8.300000190734863,8.300000190734863,6500
2021-05-31,8.300000190734863,8.300000190734863,8.300000190734863,8.300000190734863,8.300000190734863,0
2021-06-01,8.399999618530273,9.199999809265137,8.399999618530273,8.699999809265137,8.699999809265137,63500
2021-06-02,8.199999809265137,8.199999809265137,8.199999809265137,8.199999809265137,8.199999809265137,0
2021-06-03,8.199999809265137,8.199999809265137,8.0,8.100000381469727,8.100000381469727,8000
2021-06-04,9.0,9.0,9.0,8.100000381469727,8.100000381469727,3500
2021-06-07,8.100000381469727,8.100000381469727,8.100000381469727,8.100000381469727,8.100000381469727,0
2021-06-08,8.100000381469727,8.100000381469727,8.100000381469727,8.100000381469727,8.100000381469727,0
2021-06-09,8.100000381469727,8.100000381469727,8.100000381469727,8.100000381469727,8.100000381469727,0
2021-06-10,8.100000381469727,8.100000381469727,8.100000381469727,8.100000381469727,8.100000381469727,0
2021-06-11,8.100000381469727,8.100000381469727,8.100000381469727,8.100000381469727,8.100000381469727,0
2021-06-15,8.399999618530273,8.399999618530273,8.399999618530273,8.399999618530273,8.399999618530273,1500
2021-06-16,8.399999618530273,8.399999618530273,8.399999618530273,8.399999618530273,8.399999618530273,0
2021-06-17,8.600000381469727,8.600000381469727,8.600000381469727,8.600000381469727,8.600000381469727,25000
2021-06-18,8.600000381469727,8.600000381469727,8.600000381469727,8.600000381469727,8.600000381469727,0
2021-06-21,8.600000381469727,9.0,8.600000381469727,9.0,9.0,39500
2021-06-22,9.0,12.600000381469727,9.0,12.600000381469727,12.600000381469727,540500
2021-06-23,12.600000381469727,27.200000762939453,12.600000381469727,25.600000381469727,25.600000381469727,1612925
2021-06-24,26.600000381469727,37.20000076293945,26.600000381469727,31.799999237060547,31.799999237060547,1268075
2021-06-25,31.799999237060547,31.799999237060547,31.799999237060547,31.799999237060547,31.799999237060547,0
2021-06-28,31.799999237060547,31.799999237060547,31.799999237060547,31.799999237060547,31.799999237060547,0
2021-06-29,36.20000076293945,49.20000076293945,35.0,47.599998474121094,47.599998474121094,1482600
2021-06-30,49.0,59.0,48.400001525878906,54.599998474121094,54.599998474121094,647500
2021-07-02,57.79999923706055,57.79999923706055,36.0,42.79999923706055,42.79999923706055,276000
2021-07-05,46.0,46.0,38.400001525878906,44.599998474121094,44.599998474121094,88500
2021-07-06,44.599998474121094,51.599998474121094,44.400001525878906,47.599998474121094,47.599998474121094,169500
2021-07-07,48.0,49.79999923706055,42.0,45.79999923706055,45.79999923706055,83025
2021-07-08,50.0,50.0,46.400001525878906,49.0,49.0,154525
2021-07-09,48.0,52.79999923706055,47.20000076293945,52.79999923706055,52.79999923706055,203000
2021-07-12,53.400001525878906,58.0,50.400001525878906,57.400001525878906,57.400001525878906,301500
2021-07-13,60.0,71.0,57.0,69.80000305175781,69.80000305175781,711320
2021-07-14,71.19999694824219,77.4000015258789,58.0,71.19999694824219,71.19999694824219,856500
2021-07-15,72.19999694824219,72.80000305175781,64.0,65.4000015258789,65.4000015258789,220675
2021-07-16,62.0,66.4000015258789,62.0,64.5999984741211,64.5999984741211,149500
2021-07-19,65.19999694824219,65.19999694824219,60.20000076293945,61.599998474121094,61.599998474121094,155000
2021-07-20,63.20000076293945,67.0,61.400001525878906,63.79999923706055,63.79999923706055,1977200
2021-07-21,63.79999923706055,63.79999923706055,62.20000076293945,62.20000076293945,62.20000076293945,478500
2021-07-22,62.599998474121094,64.0,62.400001525878906,64.0,64.0,228500
2021-07-23,64.19999694824219,65.0,63.400001525878906,64.0,64.0,527675
2021-07-26,64.0,64.4000015258789,62.599998474121094,63.0,63.0,226500
2021-07-27,63.20000076293945,63.20000076293945,42.79999923706055,53.0,53.0,397500
2021-07-28,51.20000076293945,58.0,50.79999923706055,54.400001525878906,54.400001525878906,108500
2021-07-29,56.0,57.400001525878906,55.20000076293945,56.400001525878906,56.400001525878906,892000
2021-07-30,56.400001525878906,58.79999923706055,54.20000076293945,57.79999923706055,57.79999923706055,190500
2021-08-02,58.79999923706055,59.0,55.20000076293945,56.0,56.0,207500
2021-08-03,56.79999923706055,56.79999923706055,52.20000076293945,53.20000076293945,53.20000076293945,342000
2021-08-04,52.0,55.0,51.0,51.20000076293945,51.20000076293945,388200
2021-08-05,52.0,54.0,51.400001525878906,52.599998474121094,52.599998474121094,327000
2021-08-06,53.0,58.400001525878906,52.79999923706055,53.599998474121094,53.599998474121094,3056500
2021-08-09,49.0,57.0,49.0,51.20000076293945,51.20000076293945,353500
2021-08-10,51.400001525878906,52.79999923706055,37.0,40.20000076293945,40.20000076293945,714000
2021-08-11,38.0,38.0,20.0,29.600000381469727,29.600000381469727,2095019
2021-08-12,28.200000762939453,28.200000762939453,25.0,26.799999237060547,26.799999237060547,333500
2021-08-13,26.799999237060547,26.799999237060547,26.799999237060547,26.799999237060547,26.799999237060547,0
2021-08-16,26.799999237060547,26.799999237060547,26.799999237060547,26.799999237060547,26.799999237060547,0
2021-08-17,26.799999237060547,26.799999237060547,26.799999237060547,26.799999237060547,26.799999237060547,0
2021-08-18,26.799999237060547,26.799999237060547,26.799999237060547,26.799999237060547,26.799999237060547,0
2021-08-19,22.0,31.0,20.200000762939453,21.600000381469727,21.600000381469727,611500
2021-08-20,20.0,20.799999237060547,15.0,16.600000381469727,16.600000381469727,782500
2021-08-23,16.399999618530273,17.399999618530273,13.600000381469727,17.0,17.0,548175
2021-08-24,17.200000762939453,23.799999237060547,16.799999237060547,21.600000381469727,21.600000381469727,699000
2021-08-25,21.600000381469727,22.799999237060547,19.200000762939453,19.799999237060547,19.799999237060547,340000
2021-08-26,19.799999237060547,19.799999237060547,18.0,19.799999237060547,19.799999237060547,174500
2021-08-27,19.0,19.0,16.0,17.600000381469727,17.600000381469727,237000
2021-08-30,16.0,17.200000762939453,16.0,17.0,17.0,256000
2021-08-31,17.200000762939453,21.200000762939453,17.200000762939453,18.799999237060547,18.799999237060547,326000
2021-09-01,18.200000762939453,22.0,18.200000762939453,21.0,21.0,248000
2021-09-02,21.0,22.799999237060547,20.600000381469727,21.399999618530273,21.399999618530273,204000
2021-09-03,20.799999237060547,21.200000762939453,19.0,19.399999618530273,19.399999618530273,99500
2021-09-06,18.200000762939453,19.600000381469727,18.200000762939453,19.399999618530273,19.399999618530273,70000
2021-09-07,18.799999237060547,19.600000381469727,18.600000381469727,19.600000381469727,19.600000381469727,95500
2021-09-08,19.200000762939453,19.200000762939453,18.399999618530273,19.0,19.0,47000
2021-09-09,19.0,19.399999618530273,18.799999237060547,19.200000762939453,19.200000762939453,35500
2021-09-10,19.200000762939453,19.200000762939453,18.799999237060547,19.0,19.0,42500
2021-09-13,19.0,19.0,18.0,18.399999618530273,18.399999618530273,49000
2021-09-14,18.200000762939453,18.399999618530273,17.0,17.399999618530273,17.399999618530273,63500
2021-09-15,16.399999618530273,16.399999618530273,14.600000381469727,15.800000190734863,15.800000190734863,144500
2021-09-16,15.0,15.0,14.0,14.600000381469727,14.600000381469727,62500
2021-09-17,14.199999809265137,14.399999618530273,13.199999809265137,14.399999618530273,14.399999618530273,127000
2021-09-20,13.0,13.800000190734863,12.0,13.800000190734863,13.800000190734863,123000
2021-09-21,12.600000381469727,14.199999809265137,12.399999618530273,13.800000190734863,13.800000190734863,56000
2021-09-23,12.800000190734863,12.800000190734863,11.600000381469727,11.600000381469727,11.600000381469727,205500
2021-09-24,11.0,11.399999618530273,9.600000381469727,10.600000381469727,10.600000381469727,342000
2021-09-27,10.600000381469727,11.199999809265137,9.600000381469727,11.199999809265137,11.199999809265137,185500
2021-09-28,10.800000190734863,14.199999809265137,10.800000190734863,13.199999809265137,13.199999809265137,253500
2021-09-29,13.199999809265137,13.800000190734863,11.800000190734863,13.600000381469727,13.600000381469727,196500
2021-09-30,13.600000381469727,14.0,12.800000190734863,13.0,13.0,39000
2021-10-04,12.0,12.399999618530273,11.399999618530273,12.199999809265137,12.199999809265137,44500
2021-10-05,13.0,13.0,12.600000381469727,12.600000381469727,12.600000381469727,16000
2021-10-06,12.399999618530273,12.600000381469727,12.199999809265137,12.600000381469727,12.600000381469727,12500
2021-10-07,12.399999618530273,13.399999618530273,12.399999618530273,13.399999618530273,13.399999618530273,30000
2021-10-08,12.600000381469727,13.0,12.600000381469727,12.800000190734863,12.800000190734863,17000
2021-10-11,12.0,12.800000190734863,12.0,12.800000190734863,12.800000190734863,19000
2021-10-12,12.600000381469727,19.0,12.199999809265137,16.0,16.0,197500
2021-10-15,16.0,16.799999237060547,14.0,16.600000381469727,16.600000381469727,1613500
2021-10-18,16.799999237060547,17.600000381469727,16.600000381469727,17.200000762939453,17.200000762939453,126000
2021-10-19,17.0,18.0,16.200000762939453,17.399999618530273,17.399999618530273,304500
2021-10-20,17.399999618530273,19.200000762939453,17.200000762939453,19.0,19.0,1076500
2021-10-21,19.399999618530273,23.200000762939453,19.399999618530273,22.399999618530273,22.399999618530273,485000
2021-10-22,22.799999237060547,27.799999237060547,22.799999237060547,27.600000381469727,27.600000381469727,663750
2021-10-25,27.799999237060547,30.0,22.600000381469727,23.799999237060547,23.799999237060547,816500
2021-10-26,23.799999237060547,25.799999237060547,22.0,22.399999618530273,22.399999618530273,2265000
2021-10-27,21.0,22.399999618530273,15.0,16.200000762939453,16.200000762939453,2661500
2021-10-28,16.200000762939453,16.200000762939453,12.399999618530273,14.199999809265137,14.199999809265137,678500
2021-10-29,14.800000190734863,18.0,14.600000381469727,16.0,16.0,2412500
2021-11-01,15.600000381469727,17.399999618530273,15.0,17.0,17.0,424500
2021-11-02,17.200000762939453,17.399999618530273,15.800000190734863,16.0,16.0,516500
2021-11-03,16.600000381469727,17.0,16.0,16.799999237060547,16.799999237060547,768500
2021-11-04,16.399999618530273,17.200000762939453,16.0,17.200000762939453,17.200000762939453,449000
2021-11-05,17.0,17.600000381469727,16.399999618530273,16.799999237060547,16.799999237060547,268000
2021-11-08,16.399999618530273,17.399999618530273,16.399999618530273,17.0,17.0,103000
2021-11-09,17.0,17.200000762939453,16.600000381469727,17.0,17.0,231500
2021-11-10,17.0,18.200000762939453,17.0,17.399999618530273,17.399999618530273,981500
2021-11-11,17.600000381469727,17.600000381469727,16.399999618530273,16.600000381469727,16.600000381469727,446000
2021-11-12,16.799999237060547,18.200000762939453,16.0,17.200000762939453,17.200000762939453,4781000
2021-11-15,17.200000762939453,18.0,16.200000762939453,18.0,18.0,1019500
2021-11-16,18.200000762939453,19.200000762939453,17.399999618530273,18.200000762939453,18.200000762939453,1367000
2021-11-17,18.399999618530273,20.600000381469727,18.200000762939453,20.200000762939453,20.200000762939453,2188000
2021-11-18,20.200000762939453,21.399999618530273,18.200000762939453,18.600000381469727,18.600000381469727,1926000
2021-11-19,18.600000381469727,18.799999237060547,17.0,18.0,18.0,490000
2021-11-22,18.0,18.0,17.399999618530273,17.600000381469727,17.600000381469727,90500
2021-11-23,17.600000381469727,17.799999237060547,16.600000381469727,17.600000381469727,17.600000381469727,415000
2021-11-24,17.399999618530273,19.399999618530273,17.399999618530273,18.600000381469727,18.600000381469727,1460600
2021-11-25,18.600000381469727,19.799999237060547,16.799999237060547,17.200000762939453,17.200000762939453,23288000
2021-11-26,17.399999618530273,18.600000381469727,16.600000381469727,17.600000381469727,17.600000381469727,1422245
2021-11-29,17.399999618530273,17.799999237060547,14.800000190734863,15.199999809265137,15.199999809265137,2953500
2021-11-30,14.0,14.399999618530273,12.600000381469727,12.600000381469727,12.600000381469727,1865000
2021-12-01,11.600000381469727,11.600000381469727,8.699999809265137,9.699999809265137,9.699999809265137,4113500
2021-12-02,9.399999618530273,9.399999618530273,5.099999904632568,6.0,6.0,4757000
2021-12-03,6.0,6.0,5.0,5.199999809265137,5.199999809265137,1376750
2021-12-06,5.099999904632568,5.199999809265137,4.400000095367432,4.599999904632568,4.599999904632568,2000500
2021-12-07,4.599999904632568,4.599999904632568,4.059999942779541,4.119999885559082,4.119999885559082,727000
2021-12-08,3.9800000190734863,7.5,3.619999885559082,7.0,7.0,7421550
2021-12-09,7.400000095367432,9.5,6.900000095367432,8.0,8.0,4980500
2021-12-10,8.199999809265137,8.600000381469727,6.699999809265137,7.0,7.0,1488500
2021-12-13,7.0,7.0,5.699999809265137,6.099999904632568,6.099999904632568,1460000
2021-12-14,5.900000095367432,7.199999809265137,5.900000095367432,6.599999904632568,6.599999904632568,1251000
2021-12-15,6.599999904632568,6.599999904632568,6.099999904632568,6.099999904632568,6.099999904632568,240500
2021-12-16,6.099999904632568,6.800000190734863,5.800000190734863,6.199999809265137,6.199999809265137,791500
2021-12-17,6.199999809265137,6.199999809265137,5.800000190734863,5.800000190734863,5.800000190734863,196500
2021-12-20,5.800000190734863,5.800000190734863,5.0,5.0,5.0,414500
2021-12-21,5.0,6.699999809265137,5.0,5.800000190734863,5.800000190734863,1210000
2021-12-22,5.900000095367432,6.599999904632568,5.900000095367432,5.900000095367432,5.900000095367432,421500
2021-12-23,5.900000095367432,6.400000095367432,5.699999809265137,5.900000095367432,5.900000095367432,317000
2021-12-24,5.699999809265137,5.900000095367432,5.400000095367432,5.5,5.5,271500
2021-12-28,6.0,6.099999904632568,5.400000095367432,5.5,5.5,406000
2021-12-29,5.400000095367432,5.599999904632568,5.300000190734863,5.400000095367432,5.400000095367432,267500
2021-12-30,5.400000095367432,5.699999809265137,5.400000095367432,5.400000095367432,5.400000095367432,197500
2021-12-31,5.599999904632568,5.699999809265137,5.5,5.5,5.5,179000
2022-01-03,5.5,5.5,5.099999904632568,5.300000190734863,5.300000190734863,271000
2022-01-04,5.300000190734863,5.400000095367432,5.099999904632568,5.199999809265137,5.199999809265137,238000
2022-01-05,5.300000190734863,5.300000190734863,4.800000190734863,4.840000152587891,4.840000152587891,209000
2022-01-06,4.840000152587891,4.840000152587891,4.5,4.800000190734863,4.800000190734863,365500
2022-01-07,4.800000190734863,4.800000190734863,4.559999942779541,4.559999942779541,4.559999942779541,99500
2022-01-10,4.900000095367432,4.900000095367432,4.579999923706055,4.699999809265137,4.699999809265137,186000
2022-01-11,4.699999809265137,4.699999809265137,4.400000095367432,4.599999904632568,4.599999904632568,227500
2022-01-12,4.599999904632568,4.599999904632568,4.199999809265137,4.300000190734863,4.300000190734863,242000
2022-01-13,4.21999979019165,5.199999809265137,4.199999809265137,4.599999904632568,4.599999904632568,577000
2022-01-14,4.599999904632568,4.840000152587891,4.480000019073486,4.619999885559082,4.619999885559082,137500
2022-01-17,4.599999904632568,4.78000020980835,4.460000038146973,4.480000019073486,4.480000019073486,478500
2022-01-18,4.480000019073486,4.5,4.400000095367432,4.440000057220459,4.440000057220459,113500
2022-01-19,4.460000038146973,4.639999866485596,4.159999847412109,4.400000095367432,4.400000095367432,134500
2022-01-20,4.480000019073486,4.480000019073486,4.300000190734863,4.300000190734863,4.300000190734863,81500
2022-01-21,4.300000190734863,4.300000190734863,4.199999809265137,4.199999809265137,4.199999809265137,110500
2022-01-24,4.199999809265137,4.380000114440918,4.059999942779541,4.099999904632568,4.099999904632568,145000
2022-01-25,4.0,4.039999961853027,3.9200000762939453,4.0,4.0,161000
2022-01-26,3.9600000381469727,4.0,3.880000114440918,3.9600000381469727,3.9600000381469727,68000
2022-01-27,3.9000000953674316,3.9000000953674316,3.740000009536743,3.819999933242798,3.819999933242798,94000
2022-01-28,3.799999952316284,3.9200000762939453,3.740000009536743,3.9200000762939453,3.9200000762939453,131000
2022-01-31,4.099999904632568,4.099999904632568,4.099999904632568,4.099999904632568,4.099999904632568,0
2022-02-04,4.099999904632568,4.820000171661377,4.099999904632568,4.5,4.5,256500
2022-02-07,4.5,4.579999923706055,4.260000228881836,4.300000190734863,4.300000190734863,65000
2022-02-08,4.199999809265137,4.28000020980835,4.099999904632568,4.28000020980835,4.28000020980835,34000
2022-02-09,4.139999866485596,4.360000133514404,4.139999866485596,4.260000228881836,4.260000228881836,39000
2022-02-10,4.119999885559082,4.239999771118164,4.099999904632568,4.139999866485596,4.139999866485596,37500
2022-02-11,4.199999809265137,4.199999809265137,4.059999942779541,4.059999942779541,4.059999942779541,40000
2022-02-14,4.039999961853027,4.039999961853027,4.0,4.019999980926514,4.019999980926514,57500
2022-02-15,4.019999980926514,4.019999980926514,4.0,4.019999980926514,4.019999980926514,12000
2022-02-16,4.179999828338623,4.199999809265137,4.039999961853027,4.119999885559082,4.119999885559082,62000
2022-02-17,4.119999885559082,4.119999885559082,3.9600000381469727,3.9600000381469727,3.9600000381469727,42000
2022-02-18,3.9600000381469727,4.079999923706055,3.9200000762939453,3.9600000381469727,3.9600000381469727,105500
2022-02-21,3.9600000381469727,4.0,3.859999895095825,3.859999895095825,3.859999895095825,12500
2022-02-22,3.799999952316284,3.799999952316284,3.700000047683716,3.740000009536743,3.740000009536743,116500
2022-02-23,3.700000047683716,3.759999990463257,3.700000047683716,3.759999990463257,3.759999990463257,64550
2022-02-24,3.700000047683716,3.759999990463257,3.640000104904175,3.700000047683716,3.700000047683716,145000
2022-02-25,3.6600000858306885,3.859999895095825,3.640000104904175,3.700000047683716,3.700000047683716,70500
2022-02-28,3.700000047683716,3.700000047683716,3.5999999046325684,3.7799999713897705,3.7799999713897705,116000
2022-03-01,3.700000047683716,3.759999990463257,3.700000047683716,3.740000009536743,3.740000009536743,29500
2022-03-02,3.680000066757202,3.680000066757202,3.5,3.5799999237060547,3.5799999237060547,113000
2022-03-03,3.5799999237060547,3.700000047683716,3.5799999237060547,3.680000066757202,3.680000066757202,32500
2022-03-04,3.5999999046325684,3.619999885559082,3.5,3.5,3.5,85000
2022-03-07,3.299999952316284,3.5,3.1600000858306885,3.1600000858306885,3.1600000858306885,150500
2022-03-08,3.1600000858306885,3.1600000858306885,3.0999999046325684,3.140000104904175,3.140000104904175,157500
2022-03-09,3.140000104904175,3.2799999713897705,3.140000104904175,3.240000009536743,3.240000009536743,62500
2022-03-10,3.240000009536743,3.359999895095825,3.240000009536743,3.319999933242798,3.319999933242798,25000
2022-03-11,3.200000047683716,3.299999952316284,3.200000047683716,3.2799999713897705,3.2799999713897705,6500
2022-03-14,3.1600000858306885,3.1600000858306885,3.0,3.0,3.0,152500
2022-03-15,3.0,4.0,3.0,3.180000066757202,3.180000066757202,176000
2022-03-16,3.200000047683716,3.5999999046325684,3.1600000858306885,3.4000000953674316,3.4000000953674316,68000
2022-03-17,3.2799999713897705,3.7200000286102295,3.2799999713897705,3.440000057220459,3.440000057220459,142500
2022-03-18,3.440000057220459,3.440000057220459,3.240000009536743,3.259999990463257,3.259999990463257,22000
2022-03-21,3.259999990463257,3.559999942779541,3.0999999046325684,3.1600000858306885,3.1600000858306885,133000
2022-03-22,3.119999885559082,3.2799999713897705,3.0,3.1600000858306885,3.1600000858306885,76000
2022-03-23,3.259999990463257,3.359999895095825,3.119999885559082,3.2200000286102295,3.2200000286102295,163500
2022-03-24,3.3399999141693115,6.400000095367432,3.200000047683716,5.099999904632568,5.099999904632568,5039000
2022-03-25,5.300000190734863,5.5,4.5,4.539999961853027,4.539999961853027,1132500
2022-03-28,5.099999904632568,5.099999904632568,4.400000095367432,4.539999961853027,4.539999961853027,353500
2022-03-29,4.400000095367432,4.71999979019165,4.239999771118164,4.340000152587891,4.340000152587891,221000
2022-03-30,4.239999771118164,4.940000057220459,4.239999771118164,4.340000152587891,4.340000152587891,410500
2022-03-31,4.340000152587891,4.78000020980835,4.019999980926514,4.159999847412109,4.159999847412109,373500
2022-04-01,4.159999847412109,4.300000190734863,4.0,4.139999866485596,4.139999866485596,81500
2022-04-04,4.139999866485596,4.139999866485596,4.039999961853027,4.059999942779541,4.059999942779541,59000
2022-04-06,4.059999942779541,4.079999923706055,4.0,4.039999961853027,4.039999961853027,55000
2022-04-07,4.380000114440918,4.380000114440918,4.099999904632568,4.239999771118164,4.239999771118164,67500
2022-04-08,4.400000095367432,4.400000095367432,4.179999828338623,4.400000095367432,4.400000095367432,127500
2022-04-11,4.760000228881836,4.760000228881836,4.199999809265137,4.300000190734863,4.300000190734863,219000
2022-04-12,4.260000228881836,4.460000038146973,4.199999809265137,4.28000020980835,4.28000020980835,63500
2022-04-13,4.059999942779541,4.179999828338623,3.880000114440918,4.079999923706055,4.079999923706055,160500
2022-04-14,4.079999923706055,4.21999979019165,3.940000057220459,3.9800000190734863,3.9800000190734863,147500
2022-04-19,3.9000000953674316,4.400000095367432,3.9000000953674316,4.300000190734863,4.300000190734863,335500
2022-04-20,4.21999979019165,4.380000114440918,4.119999885559082,4.28000020980835,4.28000020980835,317500
2022-04-21,4.28000020980835,5.099999904632568,4.260000228881836,4.619999885559082,4.619999885559082,1030500
2022-04-22,4.460000038146973,4.739999771118164,4.179999828338623,4.360000133514404,4.360000133514404,176500
2022-04-25,4.380000114440918,4.480000019073486,3.9600000381469727,4.079999923706055,4.079999923706055,239500
2022-04-26,3.640000104904175,4.440000057220459,3.640000104904175,4.159999847412109,4.159999847412109,97000
2022-04-27,4.159999847412109,4.239999771118164,3.799999952316284,3.799999952316284,3.799999952316284,171000
2022-04-28,3.799999952316284,4.079999923706055,3.680000066757202,3.7799999713897705,3.7799999713897705,715000
2022-04-29,3.740000009536743,4.039999961853027,3.700000047683716,3.8399999141693115,3.8399999141693115,47000
2022-05-03,3.9800000190734863,3.9800000190734863,3.8399999141693115,3.880000114440918,3.880000114440918,34500
2022-05-04,3.880000114440918,4.079999923706055,3.799999952316284,3.9200000762939453,3.9200000762939453,136500
2022-05-05,3.9600000381469727,3.9800000190734863,3.700000047683716,3.7799999713897705,3.7799999713897705,183500
2022-05-06,3.700000047683716,3.859999895095825,3.680000066757202,3.7200000286102295,3.7200000286102295,59500
2022-05-10,3.7200000286102295,3.7200000286102295,3.5999999046325684,3.640000104904175,3.640000104904175,55500
2022-05-11,3.6600000858306885,4.260000228881836,3.6600000858306885,3.9600000381469727,3.9600000381469727,276500
2022-05-12,4.039999961853027,4.039999961853027,3.5799999237060547,3.6600000858306885,3.6600000858306885,154500
2022-05-13,3.6600000858306885,3.8399999141693115,3.5999999046325684,3.6600000858306885,3.6600000858306885,99500
2022-05-16,3.680000066757202,3.799999952316284,3.680000066757202,3.740000009536743,3.740000009536743,3500
2022-05-17,3.7200000286102295,3.740000009536743,3.700000047683716,3.7200000286102295,3.7200000286102295,8000
2022-05-18,3.619999885559082,3.740000009536743,3.5999999046325684,3.6600000858306885,3.6600000858306885,115500
2022-05-19,3.559999942779541,3.7200000286102295,3.559999942779541,3.5999999046325684,3.5999999046325684,7500
2022-05-20,3.619999885559082,3.640000104904175,3.5999999046325684,3.640000104904175,3.640000104904175,7500
2022-05-23,3.680000066757202,3.680000066757202,3.5,3.5,3.5,11000
2022-05-24,3.5,3.5999999046325684,3.4000000953674316,3.5799999237060547,3.5799999237060547,91500
2022-05-25,3.5399999618530273,3.559999942779541,3.5,3.5,3.5,12000
2022-05-26,3.4600000381469727,3.5999999046325684,3.4600000381469727,3.4600000381469727,3.4600000381469727,29000
2022-05-27,3.5,3.5,3.4000000953674316,3.5199999809265137,3.5199999809265137,36000
2022-05-30,3.440000057220459,3.5199999809265137,3.440000057220459,3.5199999809265137,3.5199999809265137,1500
2022-05-31,3.5199999809265137,3.5199999809265137,3.4200000762939453,3.4800000190734863,3.4800000190734863,24000
2022-06-01,3.4000000953674316,3.5199999809265137,3.4000000953674316,3.5,3.5,15500
2022-06-02,3.4800000190734863,3.5199999809265137,3.4600000381469727,3.5199999809265137,3.5199999809265137,41000
2022-06-06,3.4000000953674316,3.4600000381469727,3.4000000953674316,3.4600000381469727,3.4600000381469727,13000
2022-06-07,3.440000057220459,3.440000057220459,3.440000057220459,3.440000057220459,3.440000057220459,0
2022-06-08,3.4000000953674316,3.5199999809265137,3.4000000953674316,3.5,3.5,83000
2022-06-09,3.5,3.5399999618530273,3.4800000190734863,3.5,3.5,10500
2022-06-10,3.4000000953674316,3.5,3.4000000953674316,3.4600000381469727,3.4600000381469727,20000
2022-06-13,3.3399999141693115,3.359999895095825,3.3399999141693115,3.359999895095825,3.359999895095825,39000
2022-06-14,3.3399999141693115,3.3399999141693115,3.119999885559082,3.2200000286102295,3.2200000286102295,39000
2022-06-15,3.2200000286102295,3.5,3.200000047683716,3.359999895095825,3.359999895095825,112500
2022-06-16,3.359999895095825,3.359999895095825,3.359999895095825,3.359999895095825,3.359999895095825,0
2022-06-17,3.359999895095825,3.359999895095825,3.240000009536743,3.259999990463257,3.259999990463257,65500
2022-06-20,3.1600000858306885,3.200000047683716,3.1600000858306885,3.180000066757202,3.180000066757202,18000
2022-06-21,3.200000047683716,3.319999933242798,3.200000047683716,3.2799999713897705,3.2799999713897705,13000
2022-06-22,3.259999990463257,3.4200000762939453,3.259999990463257,3.3399999141693115,3.3399999141693115,15500
2022-06-23,3.2799999713897705,3.2799999713897705,3.2799999713897705,3.2799999713897705,3.2799999713897705,0
2022-06-24,3.200000047683716,3.4200000762939453,3.140000104904175,3.1600000858306885,3.1600000858306885,69000
2022-06-27,3.200000047683716,3.4000000953674316,3.200000047683716,3.200000047683716,3.200000047683716,18500
2022-06-28,3.180000066757202,3.2200000286102295,3.140000104904175,3.1600000858306885,3.1600000858306885,15000
2022-06-29,3.180000066757202,3.2799999713897705,3.180000066757202,3.2799999713897705,3.2799999713897705,7500
2022-06-30,3.359999895095825,3.359999895095825,3.299999952316284,3.299999952316284,3.299999952316284,13500
2022-07-04,3.299999952316284,3.299999952316284,3.299999952316284,3.299999952316284,3.299999952316284,2500
2022-07-05,3.299999952316284,3.299999952316284,3.299999952316284,3.299999952316284,3.299999952316284,0
2022-07-06,3.1600000858306885,3.1600000858306885,3.0199999809265137,3.140000104904175,3.140000104904175,19000
2022-07-07,3.059999942779541,3.059999942779541,3.059999942779541,3.059999942779541,3.059999942779541,0
2022-07-08,3.240000009536743,3.240000009536743,3.059999942779541,3.059999942779541,3.059999942779541,54000
2022-07-11,3.0799999237060547,3.0799999237060547,2.799999952316284,2.9000000953674316,2.9000000953674316,103500
2022-07-12,2.7799999713897705,2.9800000190734863,2.740000009536743,2.740000009536743,2.740000009536743,126500
2022-07-13,2.859999895095825,2.9000000953674316,2.680000066757202,2.740000009536743,2.740000009536743,60000
2022-07-14,2.680000066757202,2.8399999141693115,2.680000066757202,2.799999952316284,2.799999952316284,20000
2022-07-15,2.759999990463257,3.2200000286102295,2.700000047683716,3.0,3.0,179500
2022-07-18,3.180000066757202,3.200000047683716,3.180000066757202,3.180000066757202,3.180000066757202,21000
2022-07-19,2.8399999141693115,3.0,2.8399999141693115,3.0,3.0,16000
2022-07-20,2.940000057220459,2.940000057220459,2.799999952316284,2.799999952316284,2.799999952316284,19000
2022-07-21,2.799999952316284,2.9200000762939453,2.799999952316284,2.9200000762939453,2.9200000762939453,15000
2022-07-22,2.799999952316284,2.819999933242798,2.799999952316284,2.799999952316284,2.799999952316284,13000
2022-07-25,2.799999952316284,2.799999952316284,2.799999952316284,2.819999933242798,2.819999933242798,1000
2022-07-26,2.799999952316284,2.9200000762939453,2.799999952316284,2.9000000953674316,2.9000000953674316,17500
2022-07-27,2.9000000953674316,2.9000000953674316,2.9000000953674316,2.9000000953674316,2.9000000953674316,0
2022-07-28,2.9000000953674316,2.9000000953674316,2.740000009536743,2.799999952316284,2.799999952316284,4000
2022-07-29,2.799999952316284,2.799999952316284,2.5999999046325684,2.700000047683716,2.700000047683716,24000
2022-08-01,2.640000104904175,2.640000104904175,2.640000104904175,2.640000104904175,2.640000104904175,7500
2022-08-02,2.640000104904175,2.640000104904175,2.640000104904175,2.640000104904175,2.640000104904175,0
2022-08-03,2.700000047683716,2.700000047683716,2.700000047683716,2.700000047683716,2.700000047683716,0
2022-08-04,2.680000066757202,2.680000066757202,2.6600000858306885,2.680000066757202,2.680000066757202,25500
2022-08-05,2.559999942779541,2.6600000858306885,2.5399999618530273,2.6600000858306885,2.6600000858306885,3500
2022-08-08,2.6600000858306885,2.6600000858306885,2.6600000858306885,2.6600000858306885,2.6600000858306885,1000
2022-08-09,2.619999885559082,2.619999885559082,2.5999999046325684,2.5999999046325684,2.5999999046325684,13000
2022-08-10,2.4200000762939453,2.5999999046325684,2.299999952316284,2.5999999046325684,2.5999999046325684,53000
2022-08-11,2.4200000762939453,2.5999999046325684,2.380000114440918,2.5999999046325684,2.5999999046325684,242000
2022-08-12,2.5799999237060547,2.5799999237060547,2.5799999237060547,2.5799999237060547,2.5799999237060547,0
2022-08-15,2.4000000953674316,2.5,2.4000000953674316,2.4000000953674316,2.4000000953674316,20500
2022-08-16,2.4200000762939453,2.4200000762939453,2.4000000953674316,2.4000000953674316,2.4000000953674316,10000
2022-08-17,2.4000000953674316,2.4000000953674316,2.4000000953674316,2.4000000953674316,2.4000000953674316,5000
2022-08-18,2.380000114440918,2.380000114440918,2.2799999713897705,2.299999952316284,2.299999952316284,11500
2022-08-19,2.299999952316284,2.299999952316284,2.200000047683716,2.200000047683716,2.200000047683716,79500
2022-08-22,2.0399999618530273,2.119999885559082,2.0399999618530273,2.0799999237060547,2.0799999237060547,84000
2022-08-23,2.0399999618530273,2.0999999046325684,2.0399999618530273,2.059999942779541,2.059999942779541,29500
2022-08-24,2.059999942779541,2.059999942779541,2.0199999809265137,2.059999942779541,2.059999942779541,28000
2022-08-25,1.840000033378601,2.0399999618530273,1.840000033378601,2.0199999809265137,2.0199999809265137,38000
2022-08-26,2.0799999237060547,2.8399999141693115,2.0799999237060547,2.6600000858306885,2.6600000858306885,111000
2022-08-29,2.640000104904175,2.6600000858306885,2.4000000953674316,2.4200000762939453,2.4200000762939453,60000
2022-08-30,2.299999952316284,2.5799999237060547,2.259999990463257,2.4800000190734863,2.4800000190734863,11500
2022-08-31,2.4600000381469727,2.4600000381469727,2.440000057220459,2.440000057220459,2.440000057220459,26000
2022-09-01,2.440000057220459,2.440000057220459,2.440000057220459,2.440000057220459,2.440000057220459,0
2022-09-02,2.440000057220459,2.440000057220459,2.440000057220459,2.440000057220459,2.440000057220459,0
2022-09-05,2.440000057220459,2.440000057220459,2.119999885559082,2.240000009536743,2.240000009536743,18500
2022-09-06,2.440000057220459,2.440000057220459,2.240000009536743,2.240000009536743,2.240000009536743,14500
2022-09-07,2.0799999237060547,2.0799999237060547,2.0199999809265137,2.0399999618530273,2.0399999618530273,69000
2022-09-08,2.0799999237060547,2.0799999237060547,2.059999942779541,2.059999942779541,2.059999942779541,66000
2022-09-09,2.059999942779541,2.059999942779541,2.059999942779541,2.059999942779541,2.059999942779541,10000
2022-09-13,2.0199999809265137,2.0199999809265137,2.0,2.0199999809265137,2.0199999809265137,11000
2022-09-14,2.0,2.0199999809265137,2.0,2.0399999618530273,2.0399999618530273,39000
2022-09-15,2.0399999618530273,2.0399999618530273,2.0199999809265137,2.0399999618530273,2.0399999618530273,25500
2022-09-16,1.8600000143051147,1.9199999570846558,1.8600000143051147,1.940000057220459,1.940000057220459,151500
2022-09-19,1.9199999570846558,1.9199999570846558,1.8799999952316284,1.9199999570846558,1.9199999570846558,3000
2022-09-20,1.9199999570846558,2.0799999237060547,1.9199999570846558,2.0399999618530273,2.0399999618530273,31500
2022-09-21,2.0199999809265137,2.0199999809265137,2.0199999809265137,2.0199999809265137,2.0199999809265137,18000
2022-09-22,1.899999976158142,2.059999942779541,1.8600000143051147,2.0199999809265137,2.0199999809265137,21500
2022-09-23,2.0,2.0,1.9800000190734863,1.9800000190734863,1.9800000190734863,2500
2022-09-26,1.9199999570846558,2.0199999809265137,1.9199999570846558,2.0199999809265137,2.0199999809265137,34500
2022-09-27,2.0,2.0,1.9600000381469727,1.9600000381469727,1.9600000381469727,12000
2022-09-28,1.940000057220459,1.940000057220459,1.940000057220459,1.940000057220459,1.940000057220459,5500
2022-09-29,1.840000033378601,1.899999976158142,1.7999999523162842,1.899999976158142,1.899999976158142,40500
2022-09-30,1.7599999904632568,1.9600000381469727,1.7599999904632568,1.7799999713897705,1.7799999713897705,5500
2022-10-03,1.7999999523162842,1.7999999523162842,1.7999999523162842,1.7999999523162842,1.7999999523162842,20500
2022-10-05,1.7999999523162842,1.940000057220459,1.7999999523162842,1.8200000524520874,1.8200000524520874,24500
2022-10-06,1.8200000524520874,1.8200000524520874,1.8200000524520874,1.8200000524520874,1.8200000524520874,0
2022-10-07,1.8200000524520874,1.8200000524520874,1.8200000524520874,1.8200000524520874,1.8200000524520874,0
2022-10-10,1.7999999523162842,1.7999999523162842,1.7999999523162842,1.7999999523162842,1.7999999523162842,0
2022-10-11,1.7999999523162842,1.7999999523162842,1.7799999713897705,1.7799999713897705,1.7799999713897705,1500
2022-10-12,1.7799999713897705,1.7799999713897705,1.7799999713897705,1.7799999713897705,1.7799999713897705,0
2022-10-13,1.6799999475479126,1.6799999475479126,1.6799999475479126,1.6799999475479126,1.6799999475479126,500
2022-10-14,1.6799999475479126,1.9199999570846558,1.5800000429153442,1.6200000047683716,1.6200000047683716,10000
2022-10-17,1.6399999856948853,1.899999976158142,1.6399999856948853,1.840000033378601,1.840000033378601,17500
2022-10-18,1.8600000143051147,1.8600000143051147,1.659999966621399,1.840000033378601,1.840000033378601,8500
2022-10-19,1.659999966621399,1.659999966621399,1.5800000429153442,1.5800000429153442,1.5800000429153442,4000
2022-10-20,1.5800000429153442,1.9800000190734863,1.559999942779541,1.6200000047683716,1.6200000047683716,120745
2022-10-21,1.4800000190734863,1.7000000476837158,1.4800000190734863,1.6200000047683716,1.6200000047683716,34000
2022-10-24,1.5,1.5,1.4199999570846558,1.4600000381469727,1.4600000381469727,32500
2022-10-25,1.4600000381469727,1.4600000381469727,1.4600000381469727,1.4600000381469727,1.4600000381469727,2500
2022-10-26,1.4600000381469727,1.4600000381469727,1.4600000381469727,1.4600000381469727,1.4600000381469727,7500
2022-10-27,1.5,1.600000023841858,1.5,1.600000023841858,1.600000023841858,6000
2022-10-28,1.600000023841858,1.600000023841858,1.600000023841858,1.600000023841858,1.600000023841858,10500
2022-10-31,1.7599999904632568,2.0,1.600000023841858,1.5800000429153442,1.5800000429153442,15000
2022-11-01,1.5800000429153442,1.5800000429153442,1.5800000429153442,1.5800000429153442,1.5800000429153442,0
2022-11-02,1.559999942779541,1.559999942779541,1.559999942779541,1.600000023841858,1.600000023841858,500
2022-11-03,1.600000023841858,1.600000023841858,1.600000023841858,1.600000023841858,1.600000023841858,0
2022-11-04,1.600000023841858,1.600000023841858,1.600000023841858,1.600000023841858,1.600000023841858,0
2022-11-07,1.600000023841858,1.659999966621399,1.399999976158142,1.659999966621399,1.659999966621399,54000
2022-11-08,1.5399999618530273,1.5399999618530273,1.5399999618530273,1.5399999618530273,1.5399999618530273,0
2022-11-09,1.4800000190734863,1.4800000190734863,1.4800000190734863,1.4800000190734863,1.4800000190734863,0
2022-11-10,1.4800000190734863,1.4800000190734863,1.4800000190734863,1.4800000190734863,1.4800000190734863,10500
2022-11-11,1.4800000190734863,1.4800000190734863,1.440000057220459,1.4800000190734863,1.4800000190734863,6500
2022-11-14,1.5,1.600000023841858,1.5,1.5800000429153442,1.5800000429153442,30000
2022-11-15,1.5800000429153442,1.600000023841858,1.5800000429153442,1.5800000429153442,1.5800000429153442,34000
2022-11-16,1.5800000429153442,1.5800000429153442,1.5800000429153442,1.5800000429153442,1.5800000429153442,0
2022-11-17,1.7000000476837158,1.7599999904632568,1.6399999856948853,1.7200000286102295,1.7200000286102295,38000
2022-11-18,1.659999966621399,1.659999966621399,1.559999942779541,1.600000023841858,1.600000023841858,5000
2022-11-21,1.600000023841858,1.600000023841858,1.600000023841858,1.600000023841858,1.600000023841858,0
2022-11-22,1.5199999809265137,1.5199999809265137,1.5199999809265137,1.5199999809265137,1.5199999809265137,2000
2022-11-23,1.5199999809265137,1.5199999809265137,1.5,1.5199999809265137,1.5199999809265137,2500
2022-11-24,1.5199999809265137,1.5199999809265137,1.5199999809265137,1.5199999809265137,1.5199999809265137,0
2022-11-25,1.5199999809265137,1.5199999809265137,1.5199999809265137,1.5199999809265137,1.5199999809265137,7000
2022-11-28,1.5199999809265137,1.4600000381469727,1.4199999570846558,1.4600000381469727,1.4600000381469727,2000
2022-11-29,1.4600000381469727,1.600000023841858,1.5,1.5800000429153442,1.5800000429153442,7000
2022-11-30,1.6399999856948853,1.659999966621399,1.6200000047683716,1.6200000047683716,1.6200000047683716,26500
2022-12-01,1.5800000429153442,1.7000000476837158,1.5800000429153442,1.600000023841858,1.600000023841858,10500
2022-12-02,1.600000023841858,1.6399999856948853,1.5,1.6399999856948853,1.6399999856948853,36000
2022-12-05,1.5199999809265137,1.6200000047683716,1.6200000047683716,1.6200000047683716,1.6200000047683716,3500
2022-12-06,1.6200000047683716,1.6200000047683716,1.6200000047683716,1.600000023841858,1.600000023841858,2500
2022-12-07,1.600000023841858,1.600000023841858,1.600000023841858,1.600000023841858,1.600000023841858,10000
2022-12-08,1.6200000047683716,1.6200000047683716,1.6200000047683716,1.6200000047683716,1.6200000047683716,0
2022-12-09,1.6200000047683716,1.6200000047683716,1.600000023841858,1.600000023841858,1.600000023841858,48500
2022-12-12,1.600000023841858,1.600000023841858,1.600000023841858,1.600000023841858,1.600000023841858,0
2022-12-13,1.600000023841858,1.600000023841858,1.600000023841858,1.600000023841858,1.600000023841858,0
2022-12-14,1.6200000047683716,1.6200000047683716,1.600000023841858,1.600000023841858,1.600000023841858,4000
2022-12-15,1.600000023841858,1.600000023841858,1.600000023841858,1.600000023841858,1.600000023841858,0
2022-12-16,1.600000023841858,1.5,1.5,1.5399999618530273,1.5399999618530273,1000
2022-12-19,1.559999942779541,1.559999942779541,1.559999942779541,1.559999942779541,1.559999942779541,0
2022-12-20,1.559999942779541,1.559999942779541,1.559999942779541,1.559999942779541,1.559999942779541,1000
2022-12-21,1.559999942779541,1.559999942779541,1.559999942779541,1.559999942779541,1.559999942779541,0
2022-12-22,1.559999942779541,1.559999942779541,1.559999942779541,1.559999942779541,1.559999942779541,0
2022-12-23,1.559999942779541,1.559999942779541,1.559999942779541,1.559999942779541,1.559999942779541,2500
2022-12-28,1.559999942779541,1.559999942779541,1.559999942779541,1.559999942779541,1.559999942779541,20000
2022-12-29,1.559999942779541,1.559999942779541,1.559999942779541,1.559999942779541,1.559999942779541,0
2022-12-30,1.5399999618530273,1.5399999618530273,1.4800000190734863,1.5,1.5,29500
2023-01-03,1.5,1.5,1.5,1.5,1.5,0
2023-01-04,1.5,1.5199999809265137,1.5,1.5199999809265137,1.5199999809265137,6000
2023-01-05,1.600000023841858,1.600000023841858,1.600000023841858,1.600000023841858,1.600000023841858,7500
2023-01-06,1.559999942779541,1.559999942779541,1.559999942779541,1.559999942779541,1.559999942779541,10000
2023-01-09,1.559999942779541,1.559999942779541,1.559999942779541,1.559999942779541,1.559999942779541,8500
2023-01-10,1.559999942779541,1.559999942779541,1.559999942779541,1.559999942779541,1.559999942779541,17500
2023-01-11,1.559999942779541,1.7999999523162842,1.559999942779541,1.899999976158142,1.899999976158142,181500
2023-01-12,3.0,3.0,1.7999999523162842,1.9600000381469727,1.9600000381469727,1590000
2023-01-13,1.9600000381469727,2.119999885559082,1.3799999952316284,1.3799999952316284,1.3799999952316284,3263500
2023-01-16,1.399999976158142,1.600000023841858,1.399999976158142,1.5,1.5,747500
2023-01-17,1.5,1.6399999856948853,1.5,1.5399999618530273,1.5399999618530273,242000
2023-01-18,1.7000000476837158,1.7000000476837158,1.5199999809265137,1.5199999809265137,1.5199999809265137,46000
2023-01-19,1.5,1.5199999809265137,1.4600000381469727,1.4600000381469727,1.4600000381469727,14000
2023-01-20,1.4600000381469727,1.5,1.399999976158142,1.4800000190734863,1.4800000190734863,156000
2023-01-26,1.4800000190734863,1.5399999618530273,1.4199999570846558,1.4600000381469727,1.4600000381469727,83000
2023-01-27,1.559999942779541,1.559999942779541,1.4199999570846558,1.4800000190734863,1.4800000190734863,63500
2023-01-30,1.4800000190734863,1.5399999618530273,1.4800000190734863,1.5399999618530273,1.5399999618530273,31000
2023-01-31,1.4600000381469727,1.4600000381469727,1.399999976158142,1.4199999570846558,1.4199999570846558,135500
2023-02-01,1.4199999570846558,1.4800000190734863,1.4199999570846558,1.4800000190734863,1.4800000190734863,47000
2023-02-02,1.4199999570846558,1.5199999809265137,1.3799999952316284,1.399999976158142,1.399999976158142,243500
2023-02-03,1.399999976158142,1.4600000381469727,1.399999976158142,1.4600000381469727,1.4600000381469727,29000
2023-02-06,1.399999976158142,1.4800000190734863,1.399999976158142,1.4199999570846558,1.4199999570846558,12000
2023-02-07,1.4199999570846558,1.4600000381469727,1.4199999570846558,1.4600000381469727,1.4600000381469727,8000
2023-02-08,1.4199999570846558,1.440000057220459,1.3600000143051147,1.440000057220459,1.440000057220459,87000
2023-02-09,1.3600000143051147,1.3600000143051147,1.3600000143051147,1.3600000143051147,1.3600000143051147,0
2023-02-10,1.3799999952316284,1.3799999952316284,1.3799999952316284,1.3799999952316284,1.3799999952316284,0
2023-02-13,1.3799999952316284,1.3799999952316284,1.2400000095367432,1.3200000524520874,1.3200000524520874,548500
2023-02-14,1.2999999523162842,1.3799999952316284,1.2799999713897705,1.3200000524520874,1.3200000524520874,78000
2023-02-15,1.3200000524520874,1.340000033378601,1.2799999713897705,1.3200000524520874,1.3200000524520874,188000
2023-02-16,1.2799999713897705,1.3200000524520874,1.2599999904632568,1.3200000524520874,1.3200000524520874,58500
2023-02-17,1.2999999523162842,1.3200000524520874,1.2400000095367432,1.3200000524520874,1.3200000524520874,94000
2023-02-20,1.2999999523162842,1.3200000524520874,1.2599999904632568,1.3200000524520874,1.3200000524520874,150500
2023-02-21,1.2599999904632568,1.3200000524520874,1.2599999904632568,1.2999999523162842,1.2999999523162842,111000
2023-02-22,1.2599999904632568,1.2999999523162842,1.2599999904632568,1.2999999523162842,1.2999999523162842,190500
2023-02-23,1.2999999523162842,1.2999999523162842,1.2999999523162842,1.2999999523162842,1.2999999523162842,0
2023-02-24,1.2599999904632568,1.2999999523162842,1.2599999904632568,1.2999999523162842,1.2999999523162842,167500
2023-02-27,1.2999999523162842,1.340000033378601,1.2999999523162842,1.340000033378601,1.340000033378601,3500
2023-02-28,1.2999999523162842,1.340000033378601,1.2599999904632568,1.340000033378601,1.340000033378601,48000
2023-03-01,1.2999999523162842,1.340000033378601,1.2599999904632568,1.340000033378601,1.340000033378601,40000
2023-03-02,1.340000033378601,1.340000033378601,1.2799999713897705,1.340000033378601,1.340000033378601,105000
2023-03-03,1.340000033378601,1.340000033378601,1.340000033378601,1.340000033378601,1.340000033378601,0
2023-03-06,1.2799999713897705,1.3200000524520874,1.2799999713897705,1.3200000524520874,1.3200000524520874,67000
2023-03-07,1.2999999523162842,1.340000033378601,1.2999999523162842,1.340000033378601,1.340000033378601,23500
2023-03-08,1.2999999523162842,1.340000033378601,1.2799999713897705,1.340000033378601,1.340000033378601,9500
2023-03-09,1.2999999523162842,1.3200000524520874,1.2999999523162842,1.3200000524520874,1.3200000524520874,3500
2023-03-10,1.3200000524520874,1.3200000524520874,1.3200000524520874,1.3200000524520874,1.3200000524520874,15000
2023-03-13,1.2799999713897705,1.3200000524520874,1.2999999523162842,1.3200000524520874,1.3200000524520874,15000
2023-03-14,1.2999999523162842,1.3200000524520874,1.2599999904632568,1.3200000524520874,1.3200000524520874,8000
2023-03-15,1.2799999713897705,1.3200000524520874,1.2799999713897705,1.3200000524520874,1.3200000524520874,37000
2023-03-16,1.2999999523162842,1.3200000524520874,1.2999999523162842,1.3200000524520874,1.3200000524520874,33500
2023-03-17,1.3200000524520874,1.340000033378601,1.2999999523162842,1.340000033378601,1.340000033378601,41500
2023-03-20,1.340000033378601,1.3600000143051147,1.2799999713897705,1.340000033378601,1.340000033378601,150500
2023-03-21,1.3200000524520874,1.3200000524520874,1.3200000524520874,1.3200000524520874,1.3200000524520874,6500
2023-03-22,1.2999999523162842,1.3200000524520874,1.2999999523162842,1.3200000524520874,1.3200000524520874,16500
2023-03-23,1.3200000524520874,1.3200000524520874,1.3200000524520874,1.3200000524520874,1.3200000524520874,0
2023-03-24,1.2999999523162842,1.3200000524520874,1.2999999523162842,1.3200000524520874,1.3200000524520874,3000
2023-03-27,1.2799999713897705,1.3200000524520874,1.2799999713897705,1.3200000524520874,1.3200000524520874,16500
2023-03-28,1.3200000524520874,1.3200000524520874,1.3200000524520874,1.3200000524520874,1.3200000524520874,15000
2023-03-29,1.2799999713897705,1.3200000524520874,1.2799999713897705,1.3200000524520874,1.3200000524520874,3000
2023-03-30,1.3200000524520874,1.3200000524520874,1.2799999713897705,1.3200000524520874,1.3200000524520874,38000
2023-03-31,1.2999999523162842,1.340000033378601,1.2999999523162842,1.340000033378601,1.340000033378601,22000
2023-04-03,1.340000033378601,1.340000033378601,1.340000033378601,1.340000033378601,1.340000033378601,8000
2023-04-04,1.2999999523162842,1.3200000524520874,1.2999999523162842,1.3200000524520874,1.3200000524520874,17500
2023-04-06,1.2999999523162842,1.3200000524520874,1.2999999523162842,1.3200000524520874,1.3200000524520874,13500
2023-04-11,1.2999999523162842,1.3200000524520874,1.2999999523162842,1.3200000524520874,1.3200000524520874,63500
2023-04-12,1.2999999523162842,1.2999999523162842,1.2999999523162842,1.2999999523162842,1.2999999523162842,18500
2023-04-13,1.2799999713897705,1.2999999523162842,1.2799999713897705,1.2999999523162842,1.2999999523162842,19500
2023-04-14,1.2999999523162842,1.3200000524520874,1.2999999523162842,1.2999999523162842,1.2999999523162842,10000
2023-04-17,1.2999999523162842,1.2999999523162842,1.2400000095367432,1.2999999523162842,1.2999999523162842,9500
2023-04-18,1.2799999713897705,1.3200000524520874,1.2599999904632568,1.3200000524520874,1.3200000524520874,38000
2023-04-19,1.2999999523162842,1.3799999952316284,1.2999999523162842,1.3200000524520874,1.3200000524520874,57000
2023-04-20,1.3200000524520874,1.3200000524520874,1.2999999523162842,1.2999999523162842,1.2999999523162842,21500
2023-04-21,1.3200000524520874,1.3200000524520874,1.2999999523162842,1.3200000524520874,1.3200000524520874,63500
2023-04-24,1.3200000524520874,1.3200000524520874,1.2999999523162842,1.3200000524520874,1.3200000524520874,14000
2023-04-25,1.2799999713897705,1.3200000524520874,1.2799999713897705,1.3200000524520874,1.3200000524520874,4500
2023-04-26,1.2999999523162842,1.3200000524520874,1.2999999523162842,1.3200000524520874,1.3200000524520874,47000
2023-04-27,1.2799999713897705,1.3600000143051147,1.2799999713897705,1.3600000143051147,1.3600000143051147,58000
2023-04-28,1.3200000524520874,1.340000033378601,1.2999999523162842,1.3200000524520874,1.3200000524520874,31500
2023-05-02,1.2999999523162842,1.3200000524520874,1.2999999523162842,1.3200000524520874,1.3200000524520874,33000
2023-05-03,1.2300000190734863,1.3200000524520874,1.2300000190734863,1.3200000524520874,1.3200000524520874,169000
2023-05-04,1.3200000524520874,1.3200000524520874,1.2400000095367432,1.3200000524520874,1.3200000524520874,35000
2023-05-05,1.3200000524520874,1.3200000524520874,1.2699999809265137,1.3200000524520874,1.3200000524520874,20500
2023-05-08,1.25,1.3600000143051147,1.25,1.350000023841858,1.350000023841858,86500
2023-05-09,1.350000023841858,1.350000023841858,1.340000033378601,1.350000023841858,1.350000023841858,50000
2023-05-10,1.340000033378601,1.350000023841858,1.25,1.350000023841858,1.350000023841858,343000
2023-05-11,1.350000023841858,1.350000023841858,1.340000033378601,1.340000033378601,1.340000033378601,110500
2023-05-12,1.2699999809265137,1.309999942779541,1.2599999904632568,1.2999999523162842,1.2999999523162842,53500
2023-05-15,1.2599999904632568,1.2999999523162842,1.25,1.2999999523162842,1.2999999523162842,26500
2023-05-16,1.2999999523162842,1.340000033378601,1.2999999523162842,1.309999942779541,1.309999942779541,50500
2023-05-17,1.2599999904632568,1.2999999523162842,1.2599999904632568,1.309999942779541,1.309999942779541,98000
2023-05-18,1.309999942779541,1.309999942779541,1.309999942779541,1.309999942779541,1.309999942779541,0
2023-05-19,1.2999999523162842,1.2999999523162842,1.2999999523162842,1.309999942779541,1.309999942779541,14500
2023-05-22,1.2999999523162842,1.309999942779541,1.2899999618530273,1.309999942779541,1.309999942779541,127000
2023-05-23,1.309999942779541,1.3300000429153442,1.2799999713897705,1.2899999618530273,1.2899999618530273,282500
2023-05-24,1.2699999809265137,1.2899999618530273,1.25,1.25,1.25,414000
2023-05-25,1.25,1.2899999618530273,1.25,1.2799999713897705,1.2799999713897705,138000
2023-05-29,1.2599999904632568,1.3300000429153442,1.2599999904632568,1.2699999809265137,1.2699999809265137,555500
2023-05-30,1.2799999713897705,1.2999999523162842,1.2599999904632568,1.2799999713897705,1.2799999713897705,77500
2023-05-31,1.2699999809265137,1.2999999523162842,1.2699999809265137,1.2699999809265137,1.2699999809265137,63500
2023-06-01,1.2799999713897705,1.2799999713897705,1.2699999809265137,1.2799999713897705,1.2799999713897705,45000
2023-06-02,1.2699999809265137,1.3600000143051147,1.2699999809265137,1.2799999713897705,1.2799999713897705,34000
2023-06-05,1.2799999713897705,1.5199999809265137,1.2799999713897705,1.5199999809265137,1.5199999809265137,386500
2023-06-06,1.6299999952316284,1.9199999570846558,1.5199999809265137,1.7000000476837158,1.7000000476837158,2488500
2023-06-07,1.7000000476837158,1.7599999904632568,1.6699999570846558,1.7300000190734863,1.7300000190734863,128500
2023-06-08,1.6799999475479126,1.7000000476837158,1.6299999952316284,1.7000000476837158,1.7000000476837158,172000
2023-06-09,1.7000000476837158,1.7000000476837158,1.600000023841858,1.690000057220459,1.690000057220459,334500
2023-06-12,1.690000057220459,2.049999952316284,1.690000057220459,1.8300000429153442,1.8300000429153442,826000
2023-06-13,1.8600000143051147,1.899999976158142,1.7999999523162842,1.899999976158142,1.899999976158142,61000
2023-06-14,2.0,2.0,1.9800000190734863,1.9600000381469727,1.9600000381469727,46000
2023-06-15,1.7999999523162842,1.8300000429153442,1.7799999713897705,1.8300000429153442,1.8300000429153442,60000
2023-06-16,1.7999999523162842,1.7999999523162842,1.7799999713897705,1.7799999713897705,1.7799999713897705,80000
2023-06-19,1.7599999904632568,1.809999942779541,1.7200000286102295,1.75,1.75,118000
2023-06-20,1.7300000190734863,1.840000033378601,1.7300000190734863,1.7999999523162842,1.7999999523162842,143000
2023-06-21,1.809999942779541,1.8799999952316284,1.809999942779541,1.8799999952316284,1.8799999952316284,57500
2023-06-23,1.8200000524520874,1.8200000524520874,1.7999999523162842,1.8200000524520874,1.8200000524520874,85000
2023-06-26,1.8200000524520874,1.8200000524520874,1.7999999523162842,1.7999999523162842,1.7999999523162842,75500
2023-06-27,1.7200000286102295,1.7200000286102295,1.7200000286102295,1.7200000286102295,1.7200000286102295,0
2023-06-28,1.8799999952316284,1.8799999952316284,1.8799999952316284,1.8799999952316284,1.8799999952316284,0
2023-06-29,1.8799999952316284,2.0,1.8799999952316284,1.899999976158142,1.899999976158142,44000
2023-06-30,1.8799999952316284,1.8799999952316284,1.809999942779541,1.8200000524520874,1.8200000524520874,78500
2023-07-03,1.9800000190734863,1.9800000190734863,1.9299999475479126,1.9299999475479126,1.9299999475479126,75000
2023-07-04,1.9900000095367432,1.9900000095367432,1.9199999570846558,1.9500000476837158,1.9500000476837158,85000
2023-07-05,1.9500000476837158,1.9500000476837158,1.850000023841858,1.850000023841858,1.850000023841858,68000
2023-07-06,1.8200000524520874,1.8300000429153442,1.7899999618530273,1.7899999618530273,1.7899999618530273,120000
2023-07-07,1.7999999523162842,1.7999999523162842,1.7999999523162842,1.809999942779541,1.809999942779541,20000
2023-07-10,1.8899999856948853,1.899999976158142,1.850000023841858,1.8899999856948853,1.8899999856948853,63000
2023-07-11,1.850000023841858,1.850000023841858,1.809999942779541,1.8200000524520874,1.8200000524520874,60500
2023-07-12,1.8200000524520874,1.8200000524520874,1.8200000524520874,1.8200000524520874,1.8200000524520874,0
2023-07-13,1.8200000524520874,1.8200000524520874,1.809999942779541,1.809999942779541,1.809999942779541,60000
2023-07-14,1.840000033378601,1.8300000429153442,1.8300000429153442,1.8300000429153442,1.8300000429153442,25000
2023-07-18,1.8300000429153442,1.8300000429153442,1.8300000429153442,1.8300000429153442,1.8300000429153442,0
2023-07-19,1.8300000429153442,1.8300000429153442,1.8300000429153442,1.8300000429153442,1.8300000429153442,0
2023-07-20,1.899999976158142,1.899999976158142,1.840000033378601,1.850000023841858,1.850000023841858,61500
2023-07-21,1.840000033378601,1.840000033378601,1.7999999523162842,1.7999999523162842,1.7999999523162842,134000
2023-07-24,1.8300000429153442,1.8300000429153442,1.8300000429153442,1.8300000429153442,1.8300000429153442,39000
2023-07-25,1.8200000524520874,1.8200000524520874,1.7799999713897705,1.809999942779541,1.809999942779541,103000
2023-07-26,1.809999942779541,1.899999976158142,1.7899999618530273,1.840000033378601,1.840000033378601,2384000
2023-07-27,1.850000023841858,1.850000023841858,1.850000023841858,1.850000023841858,1.850000023841858,21500
2023-07-28,1.8300000429153442,1.8300000429153442,1.8300000429153442,1.850000023841858,1.850000023841858,29500
2023-07-31,1.8899999856948853,1.8600000143051147,1.8600000143051147,1.8600000143051147,1.8600000143051147,83000
2023-08-01,1.8600000143051147,1.899999976158142,1.8600000143051147,1.8700000047683716,1.8700000047683716,55000
2023-08-02,1.899999976158142,1.899999976158142,1.8799999952316284,1.899999976158142,1.899999976158142,122500
2023-08-03,1.899999976158142,1.899999976158142,1.899999976158142,1.899999976158142,1.899999976158142,50000
2023-08-04,1.899999976158142,1.899999976158142,1.8799999952316284,1.8700000047683716,1.8700000047683716,30000
2023-08-07,1.8600000143051147,1.8600000143051147,1.8600000143051147,1.8600000143051147,1.8600000143051147,0
2023-08-08,1.8300000429153442,1.8300000429153442,1.8300000429153442,1.8300000429153442,1.8300000429153442,38000
2023-08-09,1.7999999523162842,1.7999999523162842,1.75,1.75,1.75,24500
2023-08-10,1.7300000190734863,1.7999999523162842,1.7300000190734863,1.809999942779541,1.809999942779541,80000
2023-08-11,1.7999999523162842,1.7999999523162842,1.7599999904632568,1.7999999523162842,1.7999999523162842,61000
2023-08-14,1.7999999523162842,1.7999999523162842,1.7999999523162842,1.7999999523162842,1.7999999523162842,0
2023-08-15,1.7999999523162842,1.7999999523162842,1.7999999523162842,1.7999999523162842,1.7999999523162842,0
2023-08-16,1.7999999523162842,1.7999999523162842,1.7999999523162842,1.7999999523162842,1.7999999523162842,22000
2023-08-17,1.7999999523162842,1.7999999523162842,1.7999999523162842,1.7999999523162842,1.7999999523162842,10000
2023-08-18,1.7400000095367432,1.7999999523162842,1.7400000095367432,1.7999999523162842,1.7999999523162842,49500
2023-08-21,1.75,1.7999999523162842,1.7400000095367432,1.7899999618530273,1.7899999618530273,20000
2023-08-22,1.7100000381469727,1.7799999713897705,1.6200000047683716,1.7799999713897705,1.7799999713897705,221000
2023-08-23,1.7899999618530273,1.8200000524520874,1.7799999713897705,1.809999942779541,1.809999942779541,76000
2023-08-24,1.8300000429153442,1.850000023841858,1.8300000429153442,1.850000023841858,1.850000023841858,50000
2023-08-25,1.7999999523162842,1.9700000286102295,1.7999999523162842,1.899999976158142,1.899999976158142,318500
2023-08-28,1.899999976158142,2.0999999046325684,1.899999976158142,2.0799999237060547,2.0799999237060547,577500
2023-08-29,2.1600000858306885,2.440000057220459,2.0999999046325684,2.4000000953674316,2.4000000953674316,715000
2023-08-30,2.4000000953674316,2.5,2.200000047683716,2.5,2.5,447000
2023-08-31,2.4100000858306885,2.5799999237060547,2.4000000953674316,2.5299999713897705,2.5299999713897705,328500
2023-09-04,2.549999952316284,2.690000057220459,2.549999952316284,2.640000104904175,2.640000104904175,328000
2023-09-05,2.7100000381469727,2.9700000286102295,2.7100000381469727,2.9000000953674316,2.9000000953674316,495500
2023-09-06,2.9100000858306885,2.9800000190734863,2.509999990463257,2.869999885559082,2.869999885559082,756500
2023-09-07,2.990000009536743,3.0799999237060547,2.640000104904175,2.880000114440918,2.880000114440918,16309000
2023-09-11,2.9000000953674316,3.0799999237060547,2.9000000953674316,3.009999990463257,3.009999990463257,5877000
2023-09-12,3.0399999618530273,3.180000066757202,3.0199999809265137,3.140000104904175,3.140000104904175,3983500
2023-09-13,3.140000104904175,3.5,3.0999999046325684,3.5,3.5,10213500
2023-09-14,3.5,3.7100000381469727,3.2100000381469727,3.4000000953674316,3.4000000953674316,14658000
2023-09-15,3.4800000190734863,3.5999999046325684,3.430000066757202,3.450000047683716,3.450000047683716,5615000
2023-09-18,3.5,3.549999952316284,3.369999885559082,3.5,3.5,6501500
2023-09-19,3.5999999046325684,3.869999885559082,3.490000009536743,3.869999885559082,3.869999885559082,9180000
2023-09-20,3.869999885559082,4.099999904632568,3.700000047683716,4.090000152587891,4.090000152587891,13765842
2023-09-21,4.090000152587891,4.380000114440918,3.9700000286102295,4.380000114440918,4.380000114440918,26379500
2023-09-22,4.380000114440918,4.46999979019165,4.239999771118164,4.289999961853027,4.289999961853027,11485000
2023-09-25,4.300000190734863,4.369999885559082,4.230000019073486,4.239999771118164,4.239999771118164,7382000
2023-09-26,4.260000228881836,4.329999923706055,4.199999809265137,4.289999961853027,4.289999961853027,4964500
2023-09-27,4.300000190734863,4.300000190734863,4.0,4.269999980926514,4.269999980926514,2131000
2023-09-28,4.289999961853027,4.5,4.190000057220459,4.5,4.5,3731500
2023-09-29,4.570000171661377,4.789999961853027,4.449999809265137,4.5,4.5,3523000
2023-10-03,4.449999809265137,4.559999942779541,4.429999828338623,4.559999942779541,4.559999942779541,13484500
2023-10-04,4.590000152587891,4.650000095367432,4.489999771118164,4.590000152587891,4.590000152587891,5748500
2023-10-05,4.570000171661377,4.670000076293945,4.550000190734863,4.670000076293945,4.670000076293945,3336000
2023-10-06,4.630000114440918,4.760000228881836,4.5,4.5,4.5,9209500
2023-10-09,4.519999980926514,4.519999980926514,4.400000095367432,4.480000019073486,4.480000019073486,3633500
2023-10-10,4.480000019073486,4.639999866485596,0.800000011920929,0.8500000238418579,0.8500000238418579,36056000
2023-10-11,0.7300000190734863,0.7300000190734863,0.5299999713897705,0.6299999952316284,0.6299999952316284,52344500
2023-10-12,0.6200000047683716,0.7400000095367432,0.5699999928474426,0.5799999833106995,0.5799999833106995,34490000
2023-10-13,0.5600000023841858,0.5600000023841858,0.5,0.5,0.5,12130000
2023-10-16,0.49000000953674316,0.49000000953674316,0.45500001311302185,0.46000000834465027,0.46000000834465027,6165000
2023-10-17,0.44999998807907104,0.6299999952316284,0.4350000023841858,0.5699999928474426,0.5699999928474426,36553000
2023-10-18,0.550000011920929,0.6100000143051147,0.5199999809265137,0.5600000023841858,0.5600000023841858,11270000
2023-10-19,0.5299999713897705,0.6000000238418579,0.5,0.5600000023841858,0.5600000023841858,8970000
2023-10-20,0.5699999928474426,0.5699999928474426,0.5199999809265137,0.5199999809265137,0.5199999809265137,2580000
2023-10-24,0.5,0.5899999737739563,0.5,0.550000011920929,0.550000011920929,5711000
2023-10-25,0.5799999833106995,0.5799999833106995,0.5299999713897705,0.550000011920929,0.550000011920929,2090000
2023-10-26,0.5400000214576721,0.5699999928474426,0.5199999809265137,0.550000011920929,0.550000011920929,3420000
2023-10-27,0.5600000023841858,0.5799999833106995,0.5299999713897705,0.5299999713897705,0.5299999713897705,1282000
2023-10-30,0.5400000214576721,0.5600000023841858,0.5099999904632568,0.5099999904632568,0.5099999904632568,1100000
2023-10-31,0.5199999809265137,0.5199999809265137,0.5,0.5199999809265137,0.5199999809265137,1360000
2023-11-01,0.5,0.5400000214576721,0.4749999940395355,0.4950000047683716,0.4950000047683716,1870000
2023-11-02,0.4950000047683716,0.4950000047683716,0.46000000834465027,0.47999998927116394,0.47999998927116394,1080000
2023-11-03,0.4749999940395355,0.4749999940395355,0.41999998688697815,0.45500001311302185,0.45500001311302185,7480000
2023-11-06,0.44999998807907104,0.44999998807907104,0.4099999964237213,0.4399999976158142,0.4399999976158142,3759000
2023-11-07,0.4300000071525574,0.4350000023841858,0.39500001072883606,0.4050000011920929,0.4050000011920929,3662500
2023-11-08,0.4050000011920929,0.4050000011920929,0.38499999046325684,0.39500001072883606,0.39500001072883606,1685000
2023-11-09,0.39500001072883606,0.4050000011920929,0.38999998569488525,0.4000000059604645,0.4000000059604645,982000
2023-11-10,0.4000000059604645,0.4000000059604645,0.38499999046325684,0.39500001072883606,0.39500001072883606,340000
2023-11-13,0.38499999046325684,0.38999998569488525,0.375,0.38499999046325684,0.38499999046325684,1290000
2023-11-14,0.3799999952316284,0.41999998688697815,0.3799999952316284,0.41999998688697815,0.41999998688697815,1060000
2023-11-15,0.41999998688697815,0.45500001311302185,0.4000000059604645,0.4399999976158142,0.4399999976158142,1100000
2023-11-16,0.44999998807907104,0.44999998807907104,0.41999998688697815,0.44999998807907104,0.44999998807907104,840000
2023-11-17,0.44999998807907104,0.44999998807907104,0.41999998688697815,0.41999998688697815,0.41999998688697815,460000
2023-11-20,0.39500001072883606,0.41499999165534973,0.38499999046325684,0.39500001072883606,0.39500001072883606,470000
2023-11-21,0.39500001072883606,0.42500001192092896,0.39500001072883606,0.42500001192092896,0.42500001192092896,5510000
2023-11-22,0.41999998688697815,0.41999998688697815,0.4000000059604645,0.4000000059604645,0.4000000059604645,180000
2023-11-23,0.39500001072883606,0.4000000059604645,0.39500001072883606,0.4000000059604645,0.4000000059604645,254500
2023-11-24,0.4000000059604645,0.4000000059604645,0.38999998569488525,0.39500001072883606,0.39500001072883606,200000
2023-11-27,0.38999998569488525,0.39500001072883606,0.38499999046325684,0.39500001072883606,0.39500001072883606,300500
2023-11-28,0.38999998569488525,0.5600000023841858,0.38999998569488525,0.550000011920929,0.550000011920929,15580000
2023-11-29,0.5600000023841858,0.5699999928474426,0.5,0.5099999904632568,0.5099999904632568,5690000
2023-11-30,0.5199999809265137,0.5199999809265137,0.4699999988079071,0.4699999988079071,0.4699999988079071,2420000
2023-12-01,0.4699999988079071,0.6299999952316284,0.45500001311302185,0.5799999833106995,0.5799999833106995,19552500
2023-12-04,0.6000000238418579,0.6499999761581421,0.5799999833106995,0.6399999856948853,0.6399999856948853,39390000
2023-12-05,0.6299999952316284,0.7400000095367432,0.6299999952316284,0.699999988079071,0.699999988079071,11656500
2023-12-06,0.7099999785423279,0.7200000286102295,0.6200000047683716,0.6700000166893005,0.6700000166893005,5407000
2023-12-07,0.6600000262260437,0.6700000166893005,0.6299999952316284,0.6399999856948853,0.6399999856948853,2362800
2023-12-08,0.6600000262260437,0.6899999976158142,0.6000000238418579,0.6899999976158142,0.6899999976158142,3810000
2023-12-11,0.699999988079071,0.7900000214576721,0.6700000166893005,0.75,0.75,8073700
2023-12-12,0.7699999809265137,0.8500000238418579,0.7400000095367432,0.7900000214576721,0.7900000214576721,22814500
2023-12-13,0.7699999809265137,0.9900000095367432,0.7599999904632568,0.9599999785423279,0.9599999785423279,44822000
2023-12-14,0.9900000095367432,1.1699999570846558,0.9900000095367432,1.149999976158142,1.149999976158142,18935000
2023-12-15,1.159999966621399,1.399999976158142,1.0199999809265137,1.2599999904632568,1.2599999904632568,65972000
2023-12-18,1.1699999570846558,1.4800000190734863,1.159999966621399,1.1699999570846558,1.1699999570846558,10476000
2023-12-19,1.0,1.1699999570846558,1.0,1.159999966621399,1.159999966621399,23340000
2023-12-20,1.1799999475479126,1.1799999475479126,1.0099999904632568,1.0099999904632568,1.0099999904632568,2650000
2023-12-21,1.0099999904632568,1.1200000047683716,1.0099999904632568,1.059999942779541,1.059999942779541,1132000
2023-12-22,1.100000023841858,1.100000023841858,0.9300000071525574,0.9399999976158142,0.9399999976158142,2940000
2023-12-27,0.8799999952316284,0.9599999785423279,0.8500000238418579,0.8999999761581421,0.8999999761581421,2500000
2023-12-28,0.9200000166893005,1.0499999523162842,0.8799999952316284,0.9399999976158142,0.9399999976158142,27190000
2023-12-29,0.9300000071525574,1.0099999904632568,0.9100000262260437,1.0,1.0,17590000
2024-01-02,1.0,1.0199999809265137,0.949999988079071,1.0,1.0,3075000
2024-01-03,1.0,1.059999942779541,0.9900000095367432,1.059999942779541,1.059999942779541,3660000
2024-01-04,1.0499999523162842,1.0700000524520874,1.0299999713897705,1.0700000524520874,1.0700000524520874,1205000
2024-01-05,1.059999942779541,1.090000033378601,1.0,1.059999942779541,1.059999942779541,4600000
2024-01-08,1.059999942779541,1.100000023841858,1.0099999904632568,1.100000023841858,1.100000023841858,4080000
2024-01-09,1.059999942779541,1.1299999952316284,1.0099999904632568,1.059999942779541,1.059999942779541,6740000
2024-01-10,1.0299999713897705,1.0399999618530273,1.0199999809265137,1.0299999713897705,1.0299999713897705,1860000
2024-01-11,1.0399999618530273,1.0800000429153442,1.0099999904632568,1.0299999713897705,1.0299999713897705,10060000
2024-01-12,1.0299999713897705,1.1299999952316284,1.0299999713897705,1.0299999713897705,1.0299999713897705,7660000
2024-01-15,1.0399999618530273,1.0399999618530273,1.0399999618530273,1.0399999618530273,1.0399999618530273,0
2024-01-16,1.0199999809265137,1.0199999809265137,0.9700000286102295,0.9700000286102295,0.9700000286102295,1130000
2024-01-17,0.949999988079071,0.949999988079071,0.9200000166893005,0.9300000071525574,0.9300000071525574,6000000
2024-01-18,0.949999988079071,1.0,0.9399999976158142,1.0,1.0,4620000
2024-01-19,1.0299999713897705,1.0399999618530273,0.9900000095367432,1.0299999713897705,1.0299999713897705,3770000
2024-01-22,1.0399999618530273,1.100000023841858,0.9900000095367432,1.0199999809265137,1.0199999809265137,2482500
2024-01-23,1.0199999809265137,1.100000023841858,1.0,1.0099999904632568,1.0099999904632568,14730000
2024-01-24,1.0099999904632568,1.0099999904632568,0.8999999761581421,0.9399999976158142,0.9399999976158142,1250000
2024-01-25,0.9399999976158142,0.9399999976158142,0.8999999761581421,0.8999999761581421,0.8999999761581421,420000
2024-01-26,0.8999999761581421,0.8999999761581421,0.8799999952316284,0.8899999856948853,0.8899999856948853,90000
2024-01-29,0.9399999976158142,0.9399999976158142,0.8799999952316284,0.8799999952316284,0.8799999952316284,184500
2024-01-30,0.8700000047683716,0.8700000047683716,0.7699999809265137,0.800000011920929,0.800000011920929,3770000
2024-01-31,0.8199999928474426,0.8199999928474426,0.7300000190734863,0.75,0.75,430000
2024-02-01,0.7799999713897705,0.8799999952316284,0.699999988079071,0.7699999809265137,0.7699999809265137,29840000
2024-02-02,0.7699999809265137,0.800000011920929,0.7200000286102295,0.800000011920929,0.800000011920929,11380000
2024-02-05,0.7799999713897705,0.8100000023841858,0.75,0.800000011920929,0.800000011920929,11012000
2024-02-06,0.7900000214576721,0.8199999928474426,0.7200000286102295,0.800000011920929,0.800000011920929,17880000
2024-02-07,0.7799999713897705,0.800000011920929,0.7599999904632568,0.7799999713897705,0.7799999713897705,2080000
2024-02-08,0.7799999713897705,0.8100000023841858,0.7699999809265137,0.800000011920929,0.800000011920929,1760000
2024-02-09,0.8100000023841858,0.8100000023841858,0.8100000023841858,0.8100000023841858,0.8100000023841858,0
2024-02-14,0.800000011920929,0.8500000238418579,0.800000011920929,0.8500000238418579,0.8500000238418579,5600000
2024-02-15,0.8500000238418579,0.8999999761581421,0.8299999833106995,0.8999999761581421,0.8999999761581421,3248000
2024-02-16,0.8899999856948853,0.9399999976158142,0.8899999856948853,0.8999999761581421,0.8999999761581421,5215000
2024-02-19,0.8999999761581421,0.9200000166893005,0.8500000238418579,0.9100000262260437,0.9100000262260437,13540000
2024-02-20,0.9100000262260437,0.9399999976158142,0.8799999952316284,0.8999999761581421,0.8999999761581421,12200000
2024-02-21,0.9100000262260437,0.9200000166893005,0.8899999856948853,0.8999999761581421,0.8999999761581421,1390000
2024-02-22,0.9200000166893005,0.949999988079071,0.8600000143051147,0.9300000071525574,0.9300000071525574,21230000
2024-02-23,0.8999999761581421,0.8999999761581421,0.75,0.800000011920929,0.800000011920929,2470000
2024-02-26,0.7900000214576721,0.7900000214576721,0.7300000190734863,0.7599999904632568,0.7599999904632568,1070000
2024-02-27,0.7599999904632568,0.7599999904632568,0.7099999785423279,0.75,0.75,3030000
2024-02-28,0.75,0.7799999713897705,0.7400000095367432,0.75,0.75,933000
2024-02-29,0.7300000190734863,0.800000011920929,0.7099999785423279,0.7799999713897705,0.7799999713897705,3160000
2024-03-01,0.7799999713897705,0.800000011920929,0.7799999713897705,0.800000011920929,0.800000011920929,2750000
2024-03-04,0.800000011920929,0.8399999737739563,0.7900000214576721,0.7900000214576721,0.7900000214576721,2530500
2024-03-05,0.7900000214576721,0.800000011920929,0.75,0.7599999904632568,0.7599999904632568,230000
2024-03-06,0.75,0.7599999904632568,0.7300000190734863,0.7599999904632568,0.7599999904632568,421000
2024-03-07,0.7400000095367432,0.75,0.7400000095367432,0.75,0.75,30000
2024-03-08,0.75,0.75,0.7099999785423279,0.7300000190734863,0.7300000190734863,90000
2024-03-11,0.7400000095367432,0.7400000095367432,0.7200000286102295,0.7300000190734863,0.7300000190734863,560000
2024-03-12,0.7099999785423279,0.7200000286102295,0.6800000071525574,0.6800000071525574,0.6800000071525574,17310000
2024-03-13,0.6800000071525574,0.6899999976158142,0.6100000143051147,0.6200000047683716,0.6200000047683716,1660000
2024-03-14,0.6499999761581421,0.6899999976158142,0.6000000238418579,0.6499999761581421,0.6499999761581421,8094000
2024-03-15,0.6600000262260437,0.6800000071525574,0.6600000262260437,0.6700000166893005,0.6700000166893005,120000
2024-03-18,0.6700000166893005,0.6899999976158142,0.6499999761581421,0.6800000071525574,0.6800000071525574,320000
2024-03-19,0.6499999761581421,0.6800000071525574,0.6499999761581421,0.6800000071525574,0.6800000071525574,100000
2024-03-20,0.6800000071525574,0.6800000071525574,0.6800000071525574,0.6800000071525574,0.6800000071525574,0
2024-03-21,0.6499999761581421,0.6700000166893005,0.6499999761581421,0.6700000166893005,0.6700000166893005,160000
2024-03-22,0.6800000071525574,0.800000011920929,0.6800000071525574,0.800000011920929,0.800000011920929,1640000
2024-03-25,0.800000011920929,0.800000011920929,0.75,0.7900000214576721,0.7900000214576721,440000
2024-03-26,0.800000011920929,0.8299999833106995,0.7799999713897705,0.8299999833106995,0.8299999833106995,4790000
2024-03-27,0.8199999928474426,0.8199999928474426,0.7799999713897705,0.800000011920929,0.800000011920929,3100000
2024-03-28,0.7799999713897705,0.7900000214576721,0.7599999904632568,0.7799999713897705,0.7799999713897705,361000
2024-04-02,0.7599999904632568,0.7699999809265137,0.75,0.7699999809265137,0.7699999809265137,370000
2024-04-03,0.7699999809265137,0.7900000214576721,0.7099999785423279,0.7400000095367432,0.7400000095367432,1700000
2024-04-05,0.7099999785423279,0.7300000190734863,0.7099999785423279,0.7300000190734863,0.7300000190734863,200000
2024-04-08,0.699999988079071,0.7099999785423279,0.6499999761581421,0.699999988079071,0.699999988079071,46400000
2024-04-09,0.6800000071525574,0.6899999976158142,0.6000000238418579,0.6800000071525574,0.6800000071525574,25860000
2024-04-10,0.6800000071525574,0.6800000071525574,0.6100000143051147,0.6800000071525574,0.6800000071525574,9960500
2024-04-11,0.6600000262260437,0.7099999785423279,0.6299999952316284,0.7099999785423279,0.7099999785423279,17700000
2024-04-12,0.699999988079071,0.7099999785423279,0.6700000166893005,0.7099999785423279,0.7099999785423279,6130500
2024-04-15,0.6800000071525574,0.6899999976158142,0.6399999856948853,0.6800000071525574,0.6800000071525574,8213000
2024-04-16,0.6800000071525574,0.7099999785423279,0.6700000166893005,0.699999988079071,0.699999988079071,3440000
2024-04-17,0.699999988079071,0.7099999785423279,0.6899999976158142,0.699999988079071,0.699999988079071,5060000
2024-04-18,0.7099999785423279,0.8799999952316284,0.699999988079071,0.7900000214576721,0.7900000214576721,21580000
2024-04-19,0.7900000214576721,0.8899999856948853,0.7900000214576721,0.8500000238418579,0.8500000238418579,22320000
2024-04-22,0.8500000238418579,0.8799999952316284,0.7699999809265137,0.7699999809265137,0.7699999809265137,38580000
2024-04-23,0.7699999809265137,0.8500000238418579,0.75,0.8100000023841858,0.8100000023841858,28470000
2024-04-24,0.8100000023841858,0.8299999833106995,0.7900000214576721,0.7900000214576721,0.7900000214576721,9650000
2024-04-25,0.800000011920929,0.8500000238418579,0.7900000214576721,0.7900000214576721,0.7900000214576721,4190000
2024-04-26,0.7900000214576721,0.8100000023841858,0.7900000214576721,0.7900000214576721,0.7900000214576721,1290000
2024-04-29,0.7799999713897705,0.7799999713897705,0.75,0.7599999904632568,0.7599999904632568,1977500
2024-04-30,0.7599999904632568,0.8199999928474426,0.75,0.800000011920929,0.800000011920929,2568000
2024-05-02,0.800000011920929,0.8399999737739563,0.7900000214576721,0.800000011920929,0.800000011920929,4260000
2024-05-03,0.8100000023841858,0.8100000023841858,0.7900000214576721,0.800000011920929,0.800000011920929,4342500
2024-05-06,0.7900000214576721,0.800000011920929,0.7599999904632568,0.7599999904632568,0.7599999904632568,6990000
2024-05-07,0.7599999904632568,0.7699999809265137,0.75,0.7599999904632568,0.7599999904632568,830000
2024-05-08,0.7799999713897705,0.7799999713897705,0.7599999904632568,0.7599999904632568,0.7599999904632568,680000
2024-05-09,0.7699999809265137,0.7799999713897705,0.7599999904632568,0.7699999809265137,0.7699999809265137,970000
2024-05-10,0.7699999809265137,0.7799999713897705,0.7699999809265137,0.7699999809265137,0.7699999809265137,1421500
2024-05-13,0.7699999809265137,0.7699999809265137,0.7400000095367432,0.7599999904632568,0.7599999904632568,472500
2024-05-14,0.7599999904632568,0.7699999809265137,0.7300000190734863,0.7699999809265137,0.7699999809265137,880000
2024-05-16,0.7699999809265137,0.7699999809265137,0.75,0.7599999904632568,0.7599999904632568,528000
2024-05-17,0.7699999809265137,0.7699999809265137,0.7400000095367432,0.7699999809265137,0.7699999809265137,2260000
2024-05-20,0.7699999809265137,0.7699999809265137,0.7300000190734863,0.75,0.75,4250000
2024-05-21,0.75,0.75,0.6600000262260437,0.6800000071525574,0.6800000071525574,4430000
2024-05-22,0.6800000071525574,0.699999988079071,0.6299999952316284,0.6499999761581421,0.6499999761581421,1994499
2024-05-23,0.6499999761581421,0.699999988079071,0.6499999761581421,0.6800000071525574,0.6800000071525574,1080000
2024-05-24,0.6899999976158142,0.699999988079071,0.6299999952316284,0.6299999952316284,0.6299999952316284,38720000
2024-05-27,0.6399999856948853,0.6399999856948853,0.5,0.5099999904632568,0.5099999904632568,12520000
2024-05-28,0.4950000047683716,0.5,0.2750000059604645,0.2750000059604645,0.2750000059604645,34960000
2024-05-29,0.2800000011920929,0.2800000011920929,0.23499999940395355,0.24899999797344208,0.24899999797344208,22900000
2024-05-30,0.24500000476837158,0.2750000059604645,0.24500000476837158,0.25,0.25,8330000
2024-05-31,0.25,0.25999999046325684,0.24699999392032623,0.24899999797344208,0.24899999797344208,3790000
2024-06-03,0.2460000067949295,0.24699999392032623,0.2150000035762787,0.2280000001192093,0.2280000001192093,7810000
2024-06-04,0.22699999809265137,0.23499999940395355,0.22200000286102295,0.23000000417232513,0.23000000417232513,1950000
2024-06-05,0.22699999809265137,0.22699999809265137,0.21699999272823334,0.21899999678134918,0.21899999678134918,3190000
2024-06-06,0.21899999678134918,0.21899999678134918,0.20999999344348907,0.21400000154972076,0.21400000154972076,3260000
2024-06-07,0.2150000035762787,0.2549999952316284,0.210999995470047,0.24899999797344208,0.24899999797344208,12522500
2024-06-11,0.25,0.2549999952316284,0.23000000417232513,0.23399999737739563,0.23399999737739563,2910000
2024-06-12,0.22499999403953552,0.2329999953508377,0.2199999988079071,0.22699999809265137,0.22699999809265137,1790000
2024-06-13,0.22699999809265137,0.2280000001192093,0.22200000286102295,0.22699999809265137,0.22699999809265137,1613000
2024-06-14,0.22200000286102295,0.23600000143051147,0.22100000083446503,0.23100000619888306,0.23100000619888306,1600000
2024-06-17,0.2290000021457672,0.2290000021457672,0.210999995470047,0.2160000056028366,0.2160000056028366,1320000
2024-06-18,0.2150000035762787,0.22200000286102295,0.20999999344348907,0.2150000035762787,0.2150000035762787,1020000
2024-06-19,0.21899999678134918,0.23499999940395355,0.21199999749660492,0.22300000488758087,0.22300000488758087,3840000
2024-06-20,0.2160000056028366,0.21799999475479126,0.20999999344348907,0.20999999344348907,0.20999999344348907,1700000
2024-06-21,0.21199999749660492,0.21400000154972076,0.2029999941587448,0.210999995470047,0.210999995470047,1625000
2024-06-24,0.210999995470047,0.210999995470047,0.2029999941587448,0.20600000023841858,0.20600000023841858,2270500
2024-06-25,0.20600000023841858,0.21799999475479126,0.19499999284744263,0.19900000095367432,0.19900000095367432,2580000
2024-06-26,0.20000000298023224,0.20499999821186066,0.19900000095367432,0.20200000703334808,0.20200000703334808,520000
2024-06-27,0.20000000298023224,0.20000000298023224,0.18000000715255737,0.19300000369548798,0.19300000369548798,760000
2024-06-28,0.1899999976158142,0.19200000166893005,0.1889999955892563,0.1899999976158142,0.1899999976158142,920000
2024-07-02,0.18799999356269836,0.18799999356269836,0.16599999368190765,0.17499999701976776,0.17499999701976776,2086000
2024-07-03,0.17000000178813934,0.1770000010728836,0.16899999976158142,0.1770000010728836,0.1770000010728836,1660000
2024-07-04,0.1770000010728836,0.1850000023841858,0.1770000010728836,0.18000000715255737,0.18000000715255737,1370000
2024-07-08,0.1850000023841858,0.19599999487400055,0.18000000715255737,0.1889999955892563,0.1889999955892563,1780000
2024-07-09,0.18000000715255737,0.1899999976158142,0.1770000010728836,0.17900000512599945,0.17900000512599945,350000
2024-07-10,0.1809999942779541,0.19099999964237213,0.17599999904632568,0.17900000512599945,0.17900000512599945,2857800
2024-07-11,0.17599999904632568,0.18000000715255737,0.17299999296665192,0.18000000715255737,0.18000000715255737,330000
2024-07-12,0.17499999701976776,0.18199999630451202,0.17499999701976776,0.18199999630451202,0.18199999630451202,300000
2024-07-15,0.18199999630451202,0.18199999630451202,0.1720000058412552,0.1770000010728836,0.1770000010728836,210000
2024-07-16,0.17399999499320984,0.20900000631809235,0.17399999499320984,0.19499999284744263,0.19499999284744263,3410000
2024-07-17,0.20000000298023224,0.27000001072883606,0.19599999487400055,0.27000001072883606,0.27000001072883606,15330000
2024-07-18,0.2800000011920929,0.2800000011920929,0.22499999403953552,0.22599999606609344,0.22599999606609344,8370000
2024-07-19,0.22300000488758087,0.24799999594688416,0.22300000488758087,0.23899999260902405,0.23899999260902405,2326000
2024-07-22,0.23499999940395355,0.25,0.22499999403953552,0.22499999403953552,0.22499999403953552,3020000
2024-07-23,0.22300000488758087,0.22599999606609344,0.2160000056028366,0.2199999988079071,0.2199999988079071,1470000
2024-07-24,0.2199999988079071,0.2199999988079071,0.2160000056028366,0.22100000083446503,0.22100000083446503,110000
2024-07-25,0.2199999988079071,0.2290000021457672,0.2199999988079071,0.2280000001192093,0.2280000001192093,280000
2024-07-26,0.22300000488758087,0.23100000619888306,0.22200000286102295,0.22599999606609344,0.22599999606609344,300000
2024-07-29,0.2199999988079071,0.2290000021457672,0.2199999988079071,0.22599999606609344,0.22599999606609344,560000
2024-07-30,0.22599999606609344,0.2370000034570694,0.22100000083446503,0.23000000417232513,0.23000000417232513,1110000
2024-07-31,0.23000000417232513,0.23100000619888306,0.22300000488758087,0.2240000069141388,0.2240000069141388,510000
2024-08-01,0.2199999988079071,0.22100000083446503,0.21899999678134918,0.2199999988079071,0.2199999988079071,300000
2024-08-02,0.22699999809265137,0.22699999809265137,0.21899999678134918,0.22499999403953552,0.22499999403953552,290000
2024-08-05,0.2240000069141388,0.2240000069141388,0.210999995470047,0.2150000035762787,0.2150000035762787,250000
2024-08-06,0.2199999988079071,0.2199999988079071,0.20100000500679016,0.20600000023841858,0.20600000023841858,170000
2024-08-07,0.20600000023841858,0.210999995470047,0.20600000023841858,0.21199999749660492,0.21199999749660492,120000
2024-08-08,0.21199999749660492,0.20900000631809235,0.20100000500679016,0.20900000631809235,0.20900000631809235,220000
2024-08-09,0.20900000631809235,0.20999999344348907,0.20900000631809235,0.20999999344348907,0.20999999344348907,140000
2024-08-12,0.210999995470047,0.210999995470047,0.20000000298023224,0.20399999618530273,0.20399999618530273,620000
2024-08-13,0.20000000298023224,0.20399999618530273,0.19599999487400055,0.20399999618530273,0.20399999618530273,140000
2024-08-14,0.20499999821186066,0.20499999821186066,0.20499999821186066,0.20499999821186066,0.20499999821186066,0
2024-08-15,0.20499999821186066,0.20800000429153442,0.20499999821186066,0.20499999821186066,0.20499999821186066,282500
2024-08-16,0.20100000500679016,0.20999999344348907,0.20100000500679016,0.20999999344348907,0.20999999344348907,120000
2024-08-19,0.20999999344348907,0.20999999344348907,0.20999999344348907,0.20999999344348907,0.20999999344348907,70000
2024-08-20,0.2160000056028366,0.2160000056028366,0.2160000056028366,0.2160000056028366,0.2160000056028366,0
2024-08-21,0.20999999344348907,0.20999999344348907,0.20499999821186066,0.20800000429153442,0.20800000429153442,620000
2024-08-22,0.20100000500679016,0.20999999344348907,0.20000000298023224,0.20999999344348907,0.20999999344348907,160000
2024-08-23,0.20999999344348907,0.20999999344348907,0.2029999941587448,0.20600000023841858,0.20600000023841858,220000
2024-08-26,0.20000000298023224,0.20100000500679016,0.19599999487400055,0.20000000298023224,0.20000000298023224,300000
2024-08-27,0.19900000095367432,0.20499999821186066,0.19900000095367432,0.20399999618530273,0.20399999618530273,180000
2024-08-28,0.20000000298023224,0.20900000631809235,0.20000000298023224,0.20499999821186066,0.20499999821186066,90000
2024-08-29,0.20499999821186066,0.20499999821186066,0.20499999821186066,0.20499999821186066,0.20499999821186066,80000
2024-08-30,0.20100000500679016,0.20100000500679016,0.19699999690055847,0.20000000298023224,0.20000000298023224,421500
2024-09-02,0.20100000500679016,0.20100000500679016,0.17100000381469727,0.1979999989271164,0.1979999989271164,560000
2024-09-03,0.19699999690055847,0.19699999690055847,0.19699999690055847,0.19699999690055847,0.19699999690055847,70000
2024-09-04,0.1899999976158142,0.1899999976158142,0.18799999356269836,0.1940000057220459,0.1940000057220459,290000
2024-09-05,0.1940000057220459,0.1940000057220459,0.19300000369548798,0.19300000369548798,0.19300000369548798,120000
2024-09-09,0.19300000369548798,0.19300000369548798,0.19300000369548798,0.19300000369548798,0.19300000369548798,0
2024-09-10,0.19300000369548798,0.19300000369548798,0.19300000369548798,0.19300000369548798,0.19300000369548798,0
2024-09-11,0.1899999976158142,0.1899999976158142,0.1899999976158142,0.1899999976158142,0.1899999976158142,0
2024-09-12,0.1860000044107437,0.1860000044107437,0.17900000512599945,0.18000000715255737,0.18000000715255737,70000
2024-09-13,0.17599999904632568,0.1809999942779541,0.17000000178813934,0.18000000715255737,0.18000000715255737,340000
2024-09-16,0.17599999904632568,0.17900000512599945,0.17599999904632568,0.17900000512599945,0.17900000512599945,90000
2024-09-17,0.17900000512599945,0.17900000512599945,0.17900000512599945,0.17900000512599945,0.17900000512599945,0
2024-09-19,0.1770000010728836,0.18000000715255737,0.1770000010728836,0.1770000010728836,0.1770000010728836,290000
2024-09-20,0.18000000715255737,0.20000000298023224,0.17599999904632568,0.18000000715255737,0.18000000715255737,50000
2024-09-23,0.18000000715255737,0.18000000715255737,0.18000000715255737,0.18000000715255737,0.18000000715255737,0
2024-09-24,0.18000000715255737,0.1850000023841858,0.17499999701976776,0.1850000023841858,0.1850000023841858,660000
2024-09-25,0.1899999976158142,0.19499999284744263,0.1850000023841858,0.1899999976158142,0.1899999976158142,380000
2024-09-26,0.1850000023841858,0.18400000035762787,0.17900000512599945,0.1809999942779541,0.1809999942779541,370000
2024-09-27,0.1809999942779541,0.1850000023841858,0.1809999942779541,0.1850000023841858,0.1850000023841858,512500
