Date,Open,High,Low,Close,Adj Close,Volume
2010-04-29,3.509999990463257,3.990000009536743,3.509999990463257,3.680000066757202,3.41349196434021,188827000
2010-04-30,3.740000009536743,4.130000114440918,3.700000047683716,3.890000104904175,3.608283758163452,62070000
2010-05-03,3.8499999046325684,4.039999961853027,3.740000009536743,3.75,3.4784224033355713,7599000
2010-05-04,3.8499999046325684,3.890000104904175,3.6500000953674316,3.740000009536743,3.469146728515625,7177000
2010-05-05,3.6500000953674316,3.799999952316284,3.559999942779541,3.740000009536743,3.469146728515625,8319000
2010-05-06,3.700000047683716,3.7699999809265137,3.4600000381469727,3.549999952316284,3.2929067611694336,8378000
2010-05-07,3.4600000381469727,3.5199999809265137,3.25,3.359999895095825,3.116666316986084,8565000
2010-05-10,3.4200000762939453,3.509999990463257,3.2899999618530273,3.5,3.246527671813965,5176000
2010-05-11,3.509999990463257,3.549999952316284,3.2799999713897705,3.2899999618530273,3.0517358779907227,3040000
2010-05-12,3.299999952316284,3.359999895095825,3.130000114440918,3.2699999809265137,3.03318452835083,4066000
2010-05-13,3.299999952316284,3.4600000381469727,3.299999952316284,3.4100000858306885,3.163045644760132,3587000
2010-05-14,3.369999885559082,3.4200000762939453,3.3499999046325684,3.4100000858306885,3.163045644760132,1475000
2010-05-17,3.3499999046325684,3.3499999046325684,3.1600000858306885,3.180000066757202,2.949702501296997,2033000
2010-05-18,3.180000066757202,3.25,3.130000114440918,3.2200000286102295,2.9868054389953613,1723000
2010-05-19,3.200000047683716,3.25,3.1600000858306885,3.200000047683716,2.9682538509368896,1147000
2010-05-20,3.180000066757202,3.25,2.9000000953674316,2.990000009536743,2.7734622955322266,1660000
2010-05-24,3.0,3.0999999046325684,2.990000009536743,3.0,2.782738208770752,526000
2010-05-25,3.0,3.0299999713897705,2.7300000190734863,2.759999990463257,2.560119152069092,2434000
2010-05-26,2.630000114440918,2.740000009536743,2.630000114440918,2.700000047683716,2.5044641494750977,481000
2010-05-27,2.700000047683716,2.869999885559082,2.700000047683716,2.759999990463257,2.560119152069092,3062000
2010-05-28,2.869999885559082,2.930000066757202,2.7300000190734863,2.75,2.5508432388305664,2805000
2010-05-31,2.759999990463257,2.819999933242798,2.75,2.7699999809265137,2.569394588470459,1695000
2010-06-01,2.75,2.799999952316284,2.7100000381469727,2.7100000381469727,2.513740062713623,2157000
2010-06-02,2.740000009536743,2.75,2.680000066757202,2.700000047683716,2.5044641494750977,1778000
2010-06-03,2.7799999713897705,2.8299999237060547,2.759999990463257,2.7699999809265137,2.569394588470459,2554000
2010-06-04,2.819999933242798,2.930000066757202,2.799999952316284,2.880000114440918,2.671428680419922,3110000
2010-06-07,2.759999990463257,2.7799999713897705,2.7100000381469727,2.75,2.5508432388305664,2651000
2010-06-08,2.75,2.75,2.5999999046325684,2.6600000858306885,2.4673612117767334,2225000
2010-06-09,2.6500000953674316,2.809999942779541,2.619999885559082,2.7799999713897705,2.5786705017089844,3802000
2010-06-10,2.7799999713897705,2.859999895095825,2.7799999713897705,2.7899999618530273,2.5879464149475098,1826000
2010-06-11,2.8399999141693115,3.0,2.799999952316284,2.9000000953674316,2.6899802684783936,5086000
2010-06-14,2.9200000762939453,3.119999885559082,2.880000114440918,2.9000000953674316,2.6899802684783936,1927000
2010-06-15,2.9000000953674316,2.930000066757202,2.759999990463257,2.7799999713897705,2.5786705017089844,1667000
2010-06-17,2.799999952316284,2.9600000381469727,2.799999952316284,2.869999885559082,2.6621527671813965,3607000
2010-06-18,2.859999895095825,2.9000000953674316,2.7699999809265137,2.8299999237060547,2.625049591064453,986000
2010-06-21,2.7899999618530273,2.950000047683716,2.700000047683716,2.869999885559082,2.6621527671813965,8033000
2010-06-22,2.890000104904175,2.9000000953674316,2.809999942779541,2.819999933242798,2.6157736778259277,912000
2010-06-23,2.809999942779541,2.880000114440918,2.809999942779541,2.880000114440918,2.671428680419922,277000
2010-06-24,2.869999885559082,2.880000114440918,2.8499999046325684,2.869999885559082,2.6621527671813965,379000
2010-06-25,2.8299999237060547,2.8399999141693115,2.819999933242798,2.8299999237060547,2.625049591064453,181000
2010-06-28,2.8299999237060547,2.9200000762939453,2.809999942779541,2.880000114440918,2.671428680419922,1242000
2010-06-29,2.890000104904175,2.890000104904175,2.75,2.7899999618530273,2.5879464149475098,1466000
2010-06-30,2.7300000190734863,2.7899999618530273,2.7300000190734863,2.7699999809265137,2.569394588470459,288500
2010-07-02,2.7699999809265137,2.950000047683716,2.7699999809265137,2.950000047683716,2.736359119415283,3576000
2010-07-05,2.990000009536743,3.049999952316284,2.8399999141693115,2.930000066757202,2.7178075313568115,2728000
2010-07-06,2.950000047683716,3.059999942779541,2.9000000953674316,3.0,2.782738208770752,4258000
2010-07-07,3.0,3.1500000953674316,3.0,3.0899999141693115,2.866219997406006,3681000
2010-07-08,3.1500000953674316,3.1500000953674316,3.009999990463257,3.0999999046325684,2.8754959106445312,2403000
2010-07-09,3.0999999046325684,3.0999999046325684,3.0199999809265137,3.049999952316284,2.8291168212890625,4265000
2010-07-12,3.0799999237060547,3.0999999046325684,2.9700000286102295,3.009999990463257,2.792013645172119,5004000
2010-07-13,3.0,3.0899999141693115,2.9700000286102295,3.0,2.782738208770752,4728000
2010-07-14,3.049999952316284,3.25,3.049999952316284,3.200000047683716,2.9682538509368896,4981000
2010-07-15,3.200000047683716,3.3399999141693115,3.180000066757202,3.2799999713897705,3.0424602031707764,5178000
2010-07-16,3.2300000190734863,3.25,3.109999895095825,3.200000047683716,2.9682538509368896,2862000
2010-07-19,3.0999999046325684,3.2300000190734863,3.0999999046325684,3.180000066757202,2.949702501296997,3666000
2010-07-20,3.180000066757202,3.309999942779541,3.180000066757202,3.2300000190734863,2.9960813522338867,3238000
2010-07-21,3.2899999618530273,3.380000114440918,3.25,3.2799999713897705,3.0424602031707764,4447000
2010-07-22,3.25,3.3399999141693115,3.25,3.299999952316284,3.061011791229248,2376000
2010-07-23,3.369999885559082,3.369999885559082,3.25,3.2899999618530273,3.0517358779907227,1933000
2010-07-26,3.2899999618530273,3.7100000381469727,3.240000009536743,3.4800000190734863,3.227976083755493,9943000
2010-07-27,3.5,3.559999942779541,3.490000009536743,3.549999952316284,3.2929067611694336,3657000
2010-07-28,3.549999952316284,3.5799999237060547,3.4700000286102295,3.5299999713897705,3.274355173110962,3171000
2010-07-29,3.5299999713897705,3.569999933242798,3.4800000190734863,3.549999952316284,3.2929067611694336,1957000
2010-07-30,3.5199999809265137,3.5299999713897705,3.490000009536743,3.490000009536743,3.2372519969940186,1405000
2010-08-02,3.490000009536743,3.630000114440918,3.490000009536743,3.569999933242798,3.311458110809326,4243000
2010-08-03,3.5899999141693115,3.5999999046325684,3.430000066757202,3.4700000286102295,3.218700408935547,2575000
2010-08-04,3.4700000286102295,3.549999952316284,3.4700000286102295,3.4700000286102295,3.218700408935547,1372000
2010-08-05,3.4700000286102295,3.5299999713897705,3.4600000381469727,3.5299999713897705,3.274355173110962,2114000
2010-08-06,3.5,3.559999942779541,3.5,3.549999952316284,3.2929067611694336,1423000
2010-08-09,3.549999952316284,3.630000114440918,3.5299999713897705,3.559999942779541,3.30218243598938,1152000
2010-08-10,3.559999942779541,3.559999942779541,3.4800000190734863,3.490000009536743,3.2372519969940186,1784000
2010-08-11,3.450000047683716,3.5,3.450000047683716,3.4700000286102295,3.218700408935547,1043000
2010-08-12,3.450000047683716,3.4600000381469727,3.319999933242798,3.319999933242798,3.0795633792877197,2911000
2010-08-13,3.369999885559082,3.380000114440918,3.2899999618530273,3.319999933242798,3.0795633792877197,1528000
2010-08-16,3.359999895095825,3.4600000381469727,3.319999933242798,3.450000047683716,3.200148820877075,801000
2010-08-17,3.4600000381469727,3.4600000381469727,3.369999885559082,3.369999885559082,3.1259422302246094,1203000
2010-08-18,3.4000000953674316,3.450000047683716,3.3499999046325684,3.4000000953674316,3.1537697315216064,1233000
2010-08-19,3.380000114440918,3.4000000953674316,3.2799999713897705,3.3499999046325684,3.107390880584717,2858000
2010-08-20,3.3499999046325684,3.4000000953674316,3.2799999713897705,3.299999952316284,3.061011791229248,1784000
2010-08-23,3.2899999618530273,3.3499999046325684,3.259999990463257,3.2799999713897705,3.0424602031707764,2415000
2010-08-24,3.2799999713897705,3.4700000286102295,3.2799999713897705,3.3499999046325684,3.107390880584717,1538000
2010-08-25,3.4000000953674316,3.549999952316284,3.3399999141693115,3.380000114440918,3.135218381881714,3579000
2010-08-26,3.390000104904175,3.4200000762939453,3.299999952316284,3.369999885559082,3.1259422302246094,2132000
2010-08-27,3.4000000953674316,3.4100000858306885,3.369999885559082,3.369999885559082,3.1259422302246094,3100000
2010-08-30,3.4200000762939453,3.430000066757202,3.369999885559082,3.4000000953674316,3.1537697315216064,1862000
2010-08-31,3.4000000953674316,3.450000047683716,3.359999895095825,3.390000104904175,3.1444942951202393,1454000
2010-09-01,3.4200000762939453,3.430000066757202,3.3499999046325684,3.4000000953674316,3.1537697315216064,2092000
2010-09-02,3.440000057220459,3.440000057220459,3.369999885559082,3.380000114440918,3.135218381881714,1077000
2010-09-03,3.4000000953674316,3.4100000858306885,3.3499999046325684,3.3499999046325684,3.107390880584717,1924000
2010-09-06,3.369999885559082,3.4100000858306885,3.369999885559082,3.380000114440918,3.135218381881714,3957000
2010-09-07,3.380000114440918,3.380000114440918,3.2799999713897705,3.3299999237060547,3.088839054107666,2366000
2010-09-08,3.2899999618530273,3.2899999618530273,3.240000009536743,3.259999990463257,3.0239086151123047,1281000
2010-09-09,3.259999990463257,3.3399999141693115,3.240000009536743,3.299999952316284,3.061011791229248,1630000
2010-09-10,3.309999942779541,3.319999933242798,3.119999885559082,3.1500000953674316,2.921875,4835000
2010-09-13,3.200000047683716,3.200000047683716,3.1600000858306885,3.200000047683716,2.9682538509368896,1313000
2010-09-14,3.200000047683716,3.200000047683716,3.119999885559082,3.1600000858306885,2.9311506748199463,1634000
2010-09-15,3.119999885559082,3.119999885559082,3.0,3.049999952316284,2.8291168212890625,2279000
2010-09-16,3.0999999046325684,3.200000047683716,3.049999952316284,3.140000104904175,2.9125993251800537,1683000
2010-09-17,3.180000066757202,3.200000047683716,3.130000114440918,3.190000057220459,2.9589781761169434,868000
2010-09-20,3.190000057220459,3.25,3.140000104904175,3.190000057220459,2.9589781761169434,1659000
2010-09-21,3.190000057220459,3.190000057220459,3.109999895095825,3.1500000953674316,2.921875,281000
2010-09-22,3.140000104904175,3.180000066757202,3.0899999141693115,3.140000104904175,2.9125993251800537,1390000
2010-09-24,3.0999999046325684,3.240000009536743,3.069999933242798,3.2300000190734863,2.9960813522338867,845000
2010-09-27,3.200000047683716,3.380000114440918,3.200000047683716,3.2899999618530273,3.0517358779907227,2033000
2010-09-28,3.3499999046325684,3.3499999046325684,3.1500000953674316,3.240000009536743,3.005357027053833,785000
2010-09-29,3.240000009536743,3.2899999618530273,3.1600000858306885,3.200000047683716,2.9682538509368896,1031000
2010-09-30,3.1700000762939453,3.1700000762939453,3.049999952316284,3.059999942779541,2.838392734527588,3838000
2010-10-04,3.0799999237060547,3.2100000381469727,3.0799999237060547,3.200000047683716,2.9682538509368896,1737000
2010-10-05,3.200000047683716,3.200000047683716,3.119999885559082,3.180000066757202,2.949702501296997,724000
2010-10-06,3.200000047683716,3.2799999713897705,3.1700000762939453,3.180000066757202,2.949702501296997,2429000
2010-10-07,3.190000057220459,3.190000057220459,3.130000114440918,3.1500000953674316,2.921875,1099000
2010-10-08,3.1500000953674316,3.200000047683716,3.1500000953674316,3.180000066757202,2.949702501296997,1259000
2010-10-11,3.180000066757202,3.2300000190734863,3.140000104904175,3.180000066757202,2.949702501296997,2208000
2010-10-12,3.140000104904175,3.1700000762939453,3.049999952316284,3.1600000858306885,2.9311506748199463,3052000
2010-10-13,3.109999895095825,3.180000066757202,3.109999895095825,3.1700000762939453,2.9404265880584717,989000
2010-10-14,3.180000066757202,3.200000047683716,3.119999885559082,3.180000066757202,2.949702501296997,2335000
2010-10-15,3.180000066757202,3.6500000953674316,3.1500000953674316,3.5799999237060547,3.3207340240478516,18866000
2010-10-18,3.5899999141693115,3.9200000762939453,3.569999933242798,3.7899999618530273,3.5155255794525146,12813000
2010-10-19,3.859999895095825,3.880000114440918,3.740000009536743,3.809999942779541,3.5340771675109863,3682000
2010-10-20,3.759999990463257,3.759999990463257,3.640000104904175,3.700000047683716,3.4320437908172607,3358000
2010-10-21,3.7300000190734863,4.130000114440918,3.7200000286102295,4.019999980926514,3.7288689613342285,8130000
2010-10-22,4.039999961853027,4.340000152587891,4.039999961853027,4.28000020980835,3.9700396060943604,7415000
2010-10-25,4.300000190734863,4.460000038146973,4.010000228881836,4.139999866485596,3.8401784896850586,4272000
2010-10-26,4.159999847412109,4.239999771118164,4.150000095367432,4.150000095367432,3.849454402923584,1443000
2010-10-27,4.210000038146973,4.460000038146973,4.139999866485596,4.300000190734863,3.988591194152832,3596000
2010-10-28,4.300000190734863,4.400000095367432,4.210000038146973,4.260000228881836,3.9514882564544678,2081000
2010-10-29,4.300000190734863,4.400000095367432,4.050000190734863,4.199999809265137,3.8958330154418945,2487000
2010-11-01,4.199999809265137,4.329999923706055,4.159999847412109,4.300000190734863,3.988591194152832,4322000
2010-11-02,4.320000171661377,4.340000152587891,4.079999923706055,4.199999809265137,3.8958330154418945,3499000
2010-11-03,4.199999809265137,4.199999809265137,4.059999942779541,4.090000152587891,3.793799638748169,1890000
2010-11-04,4.150000095367432,4.619999885559082,4.150000095367432,4.590000152587891,4.257589817047119,5604000
2010-11-05,4.590000152587891,4.800000190734863,4.550000190734863,4.579999923706055,4.2483134269714355,2984000
2010-11-08,4.619999885559082,4.860000133514404,4.619999885559082,4.849999904632568,4.498759746551514,3174000
2010-11-09,4.889999866485596,4.900000095367432,4.679999828338623,4.730000019073486,4.387450695037842,2176000
2010-11-10,4.75,4.75,4.630000114440918,4.690000057220459,4.35034704208374,1858000
2010-11-11,4.710000038146973,4.829999923706055,4.619999885559082,4.75,4.406001567840576,2883000
2010-11-12,4.829999923706055,4.860000133514404,4.5,4.590000152587891,4.257589817047119,2807000
2010-11-15,4.539999961853027,4.610000133514404,4.409999847412109,4.5,4.174107074737549,2157000
2010-11-16,4.429999828338623,4.849999904632568,4.429999828338623,4.550000190734863,4.220486164093018,1772000
2010-11-17,4.429999828338623,4.650000095367432,4.159999847412109,4.260000228881836,3.9514882564544678,2342000
2010-11-18,4.260000228881836,4.539999961853027,4.260000228881836,4.510000228881836,4.183383464813232,2297000
2010-11-19,4.619999885559082,4.78000020980835,4.550000190734863,4.699999809265137,4.359622478485107,2659000
2010-11-22,4.699999809265137,4.71999979019165,4.590000152587891,4.699999809265137,4.359622478485107,1174000
2010-11-23,4.699999809265137,4.840000152587891,4.679999828338623,4.699999809265137,4.359622478485107,1978000
2010-11-24,4.699999809265137,5.199999809265137,4.699999809265137,5.159999847412109,4.786309242248535,4189000
2010-11-25,5.199999809265137,5.28000020980835,4.980000019073486,5.139999866485596,4.767757892608643,1739000
2010-11-26,5.139999866485596,5.300000190734863,4.96999979019165,5.03000020980835,4.665724277496338,1175000
2010-11-29,5.179999828338623,5.28000020980835,5.150000095367432,5.25,4.869791507720947,2409000
2010-11-30,5.269999980926514,5.679999828338623,5.269999980926514,5.630000114440918,5.222271919250488,7196000
2010-12-01,5.630000114440918,6.039999961853027,5.480000019073486,5.989999771118164,5.55620002746582,8345740
2010-12-02,6.179999828338623,6.199999809265137,5.800000190734863,6.039999961853027,5.602579116821289,3295000
2010-12-03,6.0,6.079999923706055,5.809999942779541,5.909999847412109,5.481994152069092,3085400
2010-12-06,5.900000095367432,5.900000095367432,5.639999866485596,5.679999828338623,5.268650531768799,2895000
2010-12-07,5.679999828338623,6.289999961853027,5.619999885559082,6.260000228881836,5.806646823883057,7319700
2010-12-08,6.260000228881836,6.599999904632568,6.03000020980835,6.590000152587891,6.112748146057129,6342000
2010-12-09,6.570000171661377,6.590000152587891,6.019999980926514,6.260000228881836,5.806646823883057,39338000
2010-12-10,6.230000019073486,6.300000190734863,6.059999942779541,6.25,5.797370910644531,4708000
2010-12-13,6.269999980926514,6.269999980926514,5.829999923706055,5.909999847412109,5.481994152069092,7987000
2010-12-14,6.010000228881836,6.010000228881836,5.849999904632568,5.940000057220459,5.50982141494751,1973000
2010-12-15,5.960000038146973,6.0,5.840000152587891,5.880000114440918,5.454166412353516,1364000
2010-12-16,5.880000114440918,5.880000114440918,5.53000020980835,5.559999942779541,5.157341003417969,2426000
2010-12-17,5.639999866485596,5.78000020980835,5.559999942779541,5.679999828338623,5.268650531768799,3479000
2010-12-20,5.699999809265137,5.739999771118164,5.579999923706055,5.679999828338623,5.268650531768799,2173000
2010-12-21,5.699999809265137,6.210000038146973,5.699999809265137,6.130000114440918,5.686061382293701,4654000
2010-12-22,6.099999904632568,6.190000057220459,5.989999771118164,6.079999923706055,5.639682769775391,2832000
2010-12-23,6.010000228881836,6.099999904632568,5.869999885559082,5.889999866485596,5.463442325592041,1700000
2010-12-24,5.809999942779541,5.820000171661377,5.690000057220459,5.820000171661377,5.39851188659668,884000
2010-12-28,5.809999942779541,6.019999980926514,5.539999961853027,5.920000076293945,5.491270065307617,2936000
2010-12-29,5.920000076293945,5.929999828338623,5.800000190734863,5.920000076293945,5.491270065307617,2118000
2010-12-30,6.019999980926514,6.099999904632568,5.940000057220459,6.019999980926514,5.584027290344238,1440000
2010-12-31,6.019999980926514,6.199999809265137,5.980000019073486,6.190000057220459,5.741716384887695,743000
2011-01-03,6.150000095367432,6.380000114440918,6.139999866485596,6.300000190734863,5.84375,2039000
2011-01-04,6.300000190734863,6.320000171661377,6.179999828338623,6.239999771118164,5.788094997406006,8349000
2011-01-05,6.230000019073486,6.25,5.949999809265137,6.199999809265137,5.7509918212890625,4490000
2011-01-06,6.260000228881836,6.260000228881836,5.960000038146973,6.0,5.565476417541504,935000
2011-01-07,6.0,6.090000152587891,5.860000133514404,6.0,5.565476417541504,1949000
2011-01-10,6.059999942779541,6.059999942779541,5.769999980926514,6.0,5.565476417541504,2522000
2011-01-11,6.079999923706055,6.21999979019165,5.860000133514404,6.21999979019165,5.769543647766113,1815000
2011-01-12,6.25,6.429999828338623,6.25,6.329999923706055,5.871577262878418,2652000
2011-01-13,6.329999923706055,6.400000095367432,6.090000152587891,6.099999904632568,5.658233642578125,1382000
2011-01-14,6.110000133514404,6.150000095367432,5.980000019073486,6.03000020980835,5.593303680419922,2615000
2011-01-17,5.980000019073486,6.03000020980835,5.900000095367432,5.960000038146973,5.528372764587402,2189000
2011-01-18,5.929999828338623,5.96999979019165,5.800000190734863,5.889999866485596,5.463442325592041,1681000
2011-01-19,5.869999885559082,5.960000038146973,5.789999961853027,5.900000095367432,5.472718238830566,2570000
2011-01-20,5.909999847412109,5.909999847412109,5.53000020980835,5.599999904632568,5.19444465637207,6021000
2011-01-21,5.599999904632568,5.75,5.5,5.730000019073486,5.315029621124268,2452000
2011-01-24,5.75,5.78000020980835,5.510000228881836,5.570000171661377,5.166616916656494,2487000
2011-01-25,5.590000152587891,5.659999847412109,5.349999904632568,5.360000133514404,4.97182559967041,2000000
2011-01-26,5.360000133514404,5.449999809265137,5.010000228881836,5.239999771118164,4.860515594482422,5524000
2011-01-27,5.239999771118164,5.25,4.28000020980835,4.340000152587891,4.025694847106934,29802000
2011-01-28,4.380000114440918,4.420000076293945,3.7899999618530273,3.8499999046325684,3.5711803436279297,28930000
2011-01-31,4.070000171661377,4.260000228881836,3.619999885559082,3.7899999618530273,3.5155255794525146,29173000
2011-02-01,3.880000114440918,4.199999809265137,3.859999895095825,4.110000133514404,3.8123512268066406,11570000
2011-02-02,4.179999828338623,4.389999866485596,4.070000171661377,4.369999885559082,4.053521633148193,4359000
2011-02-07,4.400000095367432,4.460000038146973,4.179999828338623,4.28000020980835,3.9700396060943604,3772000
2011-02-08,4.28000020980835,4.349999904632568,4.199999809265137,4.289999961853027,3.9793155193328857,3005220
2011-02-09,4.300000190734863,4.309999942779541,3.9100000858306885,3.9600000381469727,3.6732141971588135,5755000
2011-02-10,4.0,4.199999809265137,3.819999933242798,3.8399999141693115,3.5619046688079834,3271000
2011-02-11,3.869999885559082,3.990000009536743,3.859999895095825,3.9000000953674316,3.6175596714019775,3035000
2011-02-14,3.990000009536743,3.990000009536743,3.930000066757202,3.9600000381469727,3.6732141971588135,2206000
2011-02-15,4.0,4.190000057220459,4.0,4.110000133514404,3.8123512268066406,4457000
2011-02-16,4.150000095367432,4.150000095367432,4.010000228881836,4.139999866485596,3.8401784896850586,2289000
2011-02-17,4.110000133514404,4.139999866485596,3.9600000381469727,4.03000020980835,3.738144874572754,5178000
2011-02-18,4.050000190734863,4.050000190734863,3.8399999141693115,3.940000057220459,3.654662847518921,3383000
2011-02-21,3.9700000286102295,4.0,3.7799999713897705,3.7899999618530273,3.5155255794525146,3558000
2011-02-22,3.759999990463257,3.759999990463257,3.5,3.630000114440918,3.3671131134033203,6646000
2011-02-23,3.5999999046325684,3.759999990463257,3.5999999046325684,3.7100000381469727,3.441319227218628,1699000
2011-02-24,3.819999933242798,3.9000000953674316,3.6600000858306885,3.6600000858306885,3.3949406147003174,3634000
2011-02-25,3.680000066757202,3.890000104904175,3.680000066757202,3.8499999046325684,3.5711803436279297,1246000
2011-02-28,3.8499999046325684,4.130000114440918,3.8499999046325684,4.099999904632568,3.8030753135681152,4763000
2011-03-01,4.150000095367432,4.210000038146973,4.039999961853027,4.070000171661377,3.7752480506896973,2298000
2011-03-02,4.0,4.119999885559082,3.950000047683716,4.110000133514404,3.8123512268066406,801000
2011-03-03,4.110000133514404,4.320000171661377,4.099999904632568,4.230000019073486,3.9236607551574707,2754700
2011-03-04,4.309999942779541,4.349999904632568,4.019999980926514,4.059999942779541,3.765972137451172,4766000
2011-03-07,4.079999923706055,4.199999809265137,4.079999923706055,4.179999828338623,3.877281665802002,1213000
2011-03-08,4.199999809265137,4.25,4.119999885559082,4.159999847412109,3.858729839324951,2434000
2011-03-09,4.170000076293945,4.239999771118164,4.110000133514404,4.190000057220459,3.8865575790405273,2736000
2011-03-10,4.190000057220459,4.269999980926514,4.190000057220459,4.25,3.9422121047973633,1469000
2011-03-11,4.150000095367432,4.329999923706055,4.050000190734863,4.090000152587891,3.793799638748169,4129220
2011-03-14,4.119999885559082,4.190000057220459,3.9800000190734863,4.170000076293945,3.8680059909820557,1853000
2011-03-15,4.130000114440918,4.130000114440918,3.5199999809265137,3.6500000953674316,3.385664701461792,10570000
2011-03-16,3.5799999237060547,3.5999999046325684,3.1600000858306885,3.240000009536743,3.005357027053833,34735000
2011-03-17,3.119999885559082,3.3499999046325684,3.0799999237060547,3.109999895095825,2.8847718238830566,8478000
2011-03-18,3.1600000858306885,3.5799999237060547,3.1500000953674316,3.569999933242798,3.311458110809326,18341000
2011-03-21,3.5299999713897705,3.559999942779541,3.369999885559082,3.5,3.246527671813965,9303000
2011-03-22,3.5299999713897705,3.5799999237060547,3.430000066757202,3.5199999809265137,3.2650792598724365,5012000
2011-03-23,3.5799999237060547,3.5799999237060547,3.4600000381469727,3.4800000190734863,3.227976083755493,1596000
2011-03-24,3.490000009536743,3.5799999237060547,3.440000057220459,3.450000047683716,3.200148820877075,1888000
2011-03-25,3.440000057220459,3.5,3.2300000190734863,3.2899999618530273,3.0517358779907227,2930000
2011-03-28,3.2899999618530273,3.3499999046325684,3.259999990463257,3.319999933242798,3.0795633792877197,1547000
2011-03-29,3.299999952316284,3.359999895095825,3.2200000286102295,3.299999952316284,3.061011791229248,1745000
2011-03-30,3.299999952316284,3.4100000858306885,3.2100000381469727,3.2300000190734863,2.9960813522338867,3170000
2011-03-31,3.25,3.25,3.1700000762939453,3.240000009536743,3.005357027053833,2732000
2011-04-01,3.240000009536743,3.25,3.119999885559082,3.2100000381469727,2.977529764175415,1334000
2011-04-04,3.2200000286102295,3.3399999141693115,3.2200000286102295,3.2799999713897705,3.0424602031707764,2242000
2011-04-06,3.299999952316284,3.319999933242798,3.2200000286102295,3.25,3.0146329402923584,2272000
2011-04-07,3.240000009536743,3.5,3.240000009536743,3.5,3.246527671813965,4621000
2011-04-08,3.5199999809265137,3.549999952316284,3.4100000858306885,3.440000057220459,3.19087290763855,2473000
2011-04-11,3.4200000762939453,3.640000104904175,3.4200000762939453,3.5999999046325684,3.3392856121063232,7640000
2011-04-12,3.5999999046325684,3.5999999046325684,3.5,3.549999952316284,3.2929067611694336,1628000
2011-04-13,3.549999952316284,3.609999895095825,3.4700000286102295,3.609999895095825,3.3485612869262695,1854000
2011-04-14,3.640000104904175,3.640000104904175,3.4800000190734863,3.5199999809265137,3.2650792598724365,4620000
2011-04-15,3.4800000190734863,3.5799999237060547,3.4800000190734863,3.559999942779541,3.30218243598938,1389000
2011-04-18,3.609999895095825,3.9200000762939453,3.5999999046325684,3.859999895095825,3.580456256866455,12353000
2011-04-19,3.799999952316284,3.9100000858306885,3.7699999809265137,3.8399999141693115,3.5619046688079834,4815000
2011-04-20,3.819999933242798,3.890000104904175,3.690000057220459,3.759999990463257,3.5809524059295654,3093000
2011-04-21,3.759999990463257,3.819999933242798,3.700000047683716,3.799999952316284,3.6190476417541504,2588000
2011-04-26,3.799999952316284,3.8499999046325684,3.740000009536743,3.7699999809265137,3.5904762744903564,1828000
2011-04-27,3.75,3.759999990463257,3.5299999713897705,3.569999933242798,3.3999998569488525,3762000
2011-04-28,3.559999942779541,3.619999885559082,3.450000047683716,3.450000047683716,3.2857143878936768,3057000
2011-04-29,3.450000047683716,3.5299999713897705,3.440000057220459,3.5,3.3333332538604736,993000
2011-05-03,3.440000057220459,3.5399999618530273,3.440000057220459,3.4700000286102295,3.3047618865966797,791000
2011-05-04,3.5,3.5,3.3399999141693115,3.430000066757202,3.2666666507720947,1495000
2011-05-05,3.3299999237060547,3.4800000190734863,3.3299999237060547,3.440000057220459,3.2761905193328857,656000
2011-05-06,3.3499999046325684,3.450000047683716,3.3499999046325684,3.4000000953674316,3.238095283508301,430000
2011-05-09,3.380000114440918,3.4100000858306885,3.299999952316284,3.4000000953674316,3.238095283508301,1418000
2011-05-11,3.390000104904175,3.440000057220459,3.3499999046325684,3.380000114440918,3.219047784805298,592000
2011-05-12,3.3499999046325684,3.380000114440918,3.3399999141693115,3.3399999141693115,3.180952310562134,583000
2011-05-13,3.3399999141693115,3.4000000953674316,3.3299999237060547,3.3499999046325684,3.190476179122925,536000
2011-05-16,3.3399999141693115,3.380000114440918,3.2799999713897705,3.299999952316284,3.142857074737549,1648000
2011-05-17,3.299999952316284,3.319999933242798,3.2100000381469727,3.309999942779541,3.15238094329834,488000
2011-05-18,3.299999952316284,3.440000057220459,3.2799999713897705,3.390000104904175,3.228571653366089,677000
2011-05-19,3.4000000953674316,3.4100000858306885,3.3499999046325684,3.3499999046325684,3.190476179122925,692000
2011-05-20,3.3499999046325684,3.3499999046325684,3.200000047683716,3.2200000286102295,3.066666603088379,628000
2011-05-23,3.1500000953674316,3.1500000953674316,3.0799999237060547,3.140000104904175,2.990476369857788,1554000
2011-05-24,3.130000114440918,3.190000057220459,3.130000114440918,3.1700000762939453,3.019047737121582,456000
2011-05-25,3.049999952316284,3.190000057220459,3.049999952316284,3.190000057220459,3.038095235824585,664000
2011-05-26,3.180000066757202,3.200000047683716,3.0399999618530273,3.0899999141693115,2.942857027053833,1664000
2011-05-27,3.0799999237060547,3.140000104904175,3.049999952316284,3.0999999046325684,2.952380895614624,621000
2011-05-30,3.0999999046325684,3.1500000953674316,3.0799999237060547,3.0899999141693115,2.942857027053833,723000
2011-05-31,3.0899999141693115,3.200000047683716,3.0899999141693115,3.1500000953674316,3.0,1396000
2011-06-01,3.1500000953674316,3.25,3.1500000953674316,3.2100000381469727,3.057142972946167,844000
2011-06-02,3.200000047683716,3.200000047683716,3.109999895095825,3.140000104904175,2.990476369857788,1229000
2011-06-03,3.109999895095825,3.140000104904175,3.0799999237060547,3.0799999237060547,2.933333158493042,869000
2011-06-07,3.049999952316284,3.119999885559082,3.049999952316284,3.0999999046325684,2.952380895614624,358000
2011-06-08,3.0999999046325684,3.0999999046325684,3.049999952316284,3.059999942779541,2.914285659790039,794000
2011-06-09,3.049999952316284,3.049999952316284,2.809999942779541,2.9000000953674316,2.7619049549102783,3500000
2011-06-10,2.930000066757202,2.9800000190734863,2.890000104904175,2.950000047683716,2.809523820877075,891000
2011-06-13,2.890000104904175,2.9800000190734863,2.809999942779541,2.950000047683716,2.809523820877075,1813000
2011-06-14,2.950000047683716,3.0399999618530273,2.9000000953674316,2.950000047683716,2.809523820877075,936000
2011-06-15,2.950000047683716,3.0399999618530273,2.9200000762939453,2.9700000286102295,2.8285715579986572,697000
2011-06-16,2.9700000286102295,2.9700000286102295,2.7699999809265137,2.7899999618530273,2.6571428775787354,921000
2011-06-17,2.7899999618530273,2.859999895095825,2.7899999618530273,2.799999952316284,2.6666667461395264,480000
2011-06-20,2.799999952316284,2.880000114440918,2.6700000762939453,2.819999933242798,2.6857142448425293,2533000
2011-06-21,2.7200000286102295,2.890000104904175,2.7200000286102295,2.819999933242798,2.6857142448425293,351000
2011-06-22,2.8499999046325684,2.8499999046325684,2.7899999618530273,2.8299999237060547,2.6952381134033203,294000
2011-06-23,2.880000114440918,2.880000114440918,2.740000009536743,2.759999990463257,2.6285715103149414,120000
2011-06-24,2.819999933242798,2.930000066757202,2.819999933242798,2.930000066757202,2.7904763221740723,637000
2011-06-27,2.950000047683716,2.9800000190734863,2.869999885559082,2.9600000381469727,2.819047689437866,407000
2011-06-28,2.990000009536743,2.990000009536743,2.9100000858306885,2.9200000762939453,2.7809524536132812,277000
2011-06-29,2.930000066757202,2.930000066757202,2.9100000858306885,2.9100000858306885,2.7714285850524902,112000
2011-06-30,2.9100000858306885,2.950000047683716,2.8399999141693115,2.9100000858306885,2.7714285850524902,785000
2011-07-04,2.9600000381469727,3.0299999713897705,2.9000000953674316,2.9700000286102295,2.8285715579986572,741000
2011-07-05,2.9600000381469727,3.0399999618530273,2.9600000381469727,3.0199999809265137,2.876190423965454,930000
2011-07-06,3.049999952316284,3.059999942779541,2.9000000953674316,3.0,2.857142925262451,1110000
2011-07-07,3.0,3.0199999809265137,3.0,3.0199999809265137,2.876190423965454,616000
2011-07-08,3.049999952316284,3.049999952316284,3.0,3.0199999809265137,2.876190423965454,692000
2011-07-11,3.0199999809265137,3.0199999809265137,2.940000057220459,2.9700000286102295,2.8285715579986572,322000
2011-07-12,2.9700000286102295,2.9700000286102295,2.819999933242798,2.8499999046325684,2.7142856121063232,1219000
2011-07-13,2.7799999713897705,2.9000000953674316,2.75,2.9000000953674316,2.7619049549102783,1396000
2011-07-14,2.880000114440918,2.9700000286102295,2.8399999141693115,2.880000114440918,2.7428572177886963,455000
2011-07-15,2.869999885559082,2.869999885559082,2.8399999141693115,2.869999885559082,2.7333333492279053,179000
2011-07-18,2.8399999141693115,2.8399999141693115,2.759999990463257,2.799999952316284,2.6666667461395264,578000
2011-07-19,2.809999942779541,2.8299999237060547,2.7799999713897705,2.7899999618530273,2.6571428775787354,281000
2011-07-20,2.7899999618530273,2.7899999618530273,2.7300000190734863,2.740000009536743,2.6095237731933594,934000
2011-07-21,2.740000009536743,2.740000009536743,2.6500000953674316,2.690000057220459,2.5619049072265625,937000
2011-07-22,2.690000057220459,2.819999933242798,2.690000057220459,2.7699999809265137,2.6380951404571533,732000
2011-07-25,2.7300000190734863,2.7699999809265137,2.7300000190734863,2.759999990463257,2.6285715103149414,547000
2011-07-26,2.759999990463257,2.8299999237060547,2.759999990463257,2.8299999237060547,2.6952381134033203,606000
2011-07-27,2.8299999237060547,2.8299999237060547,2.7799999713897705,2.809999942779541,2.6761903762817383,362000
2011-07-28,2.7200000286102295,2.799999952316284,2.7200000286102295,2.7699999809265137,2.6380951404571533,405000
2011-07-29,2.759999990463257,2.7799999713897705,2.740000009536743,2.7799999713897705,2.6476190090179443,335000
2011-08-01,2.7899999618530273,2.799999952316284,2.6500000953674316,2.7200000286102295,2.5904762744903564,876000
2011-08-02,2.690000057220459,2.690000057220459,2.6500000953674316,2.6500000953674316,2.5238096714019775,803000
2011-08-03,2.640000104904175,2.799999952316284,2.559999942779541,2.7899999618530273,2.6571428775787354,1862000
2011-08-04,2.7699999809265137,2.7699999809265137,2.640000104904175,2.6500000953674316,2.5238096714019775,378000
2011-08-05,2.5,2.5399999618530273,2.3399999141693115,2.4100000858306885,2.2952382564544678,3078000
2011-08-08,2.3499999046325684,2.4200000762939453,2.1700000762939453,2.4100000858306885,2.2952382564544678,2281000
2011-08-09,2.2799999713897705,2.369999885559082,2.200000047683716,2.259999990463257,2.15238094329834,2003000
2011-08-10,2.4100000858306885,2.4100000858306885,2.240000009536743,2.2799999713897705,2.1714284420013428,1496000
2011-08-11,2.2699999809265137,2.2899999618530273,2.2200000286102295,2.259999990463257,2.15238094329834,901000
2011-08-12,2.259999990463257,2.440000057220459,2.259999990463257,2.3499999046325684,2.2380950450897217,1530000
2011-08-15,2.369999885559082,2.5299999713897705,2.369999885559082,2.5,2.3809523582458496,1895000
2011-08-16,2.5799999237060547,2.7200000286102295,2.5299999713897705,2.6600000858306885,2.5333335399627686,1582000
2011-08-17,2.700000047683716,2.9000000953674316,2.5899999141693115,2.740000009536743,2.6095237731933594,1401000
2011-08-18,2.7899999618530273,2.8299999237060547,2.5199999809265137,2.549999952316284,2.4285714626312256,499000
2011-08-19,2.4800000190734863,2.549999952316284,2.4700000286102295,2.5,2.3809523582458496,939000
2011-08-22,2.4100000858306885,2.5,2.380000114440918,2.4600000381469727,2.3428571224212646,1262000
2011-08-23,2.4600000381469727,2.569999933242798,2.4600000381469727,2.5399999618530273,2.4190475940704346,752000
2011-08-24,2.569999933242798,2.569999933242798,2.490000009536743,2.5,2.3809523582458496,567000
2011-08-25,2.5199999809265137,2.569999933242798,2.5,2.569999933242798,2.4476189613342285,737000
2011-08-26,2.509999990463257,2.5899999141693115,2.5,2.549999952316284,2.4285714626312256,276100
2011-08-29,2.5999999046325684,2.609999895095825,2.5199999809265137,2.5299999713897705,2.4095237255096436,283000
2011-08-30,2.549999952316284,2.6500000953674316,2.5,2.5199999809265137,2.4000000953674316,484000
2011-08-31,2.569999933242798,2.5799999237060547,2.5199999809265137,2.549999952316284,2.4285714626312256,343000
2011-09-01,2.509999990463257,2.559999942779541,2.430000066757202,2.490000009536743,2.3714284896850586,1131000
2011-09-02,2.490000009536743,2.490000009536743,2.4200000762939453,2.4200000762939453,2.3047618865966797,111000
2011-09-05,2.380000114440918,2.380000114440918,2.190000057220459,2.25,2.142857074737549,1651000
2011-09-06,2.25,2.3499999046325684,2.200000047683716,2.299999952316284,2.190476179122925,969000
2011-09-07,2.25,2.4000000953674316,2.190000057220459,2.309999942779541,2.200000047683716,1472000
2011-09-08,2.309999942779541,2.359999895095825,2.2899999618530273,2.359999895095825,2.2476189136505127,571000
2011-09-09,2.259999990463257,2.319999933242798,2.259999990463257,2.309999942779541,2.200000047683716,86000
2011-09-12,2.2799999713897705,2.2799999713897705,2.119999885559082,2.240000009536743,2.133333444595337,284000
2011-09-14,2.190000057220459,2.190000057220459,2.049999952316284,2.0799999237060547,1.980952262878418,1126000
2011-09-15,2.0799999237060547,2.130000114440918,2.059999942779541,2.069999933242798,1.9714285135269165,248001
2011-09-16,2.0999999046325684,2.140000104904175,2.0299999713897705,2.130000114440918,2.028571605682373,547000
2011-09-19,2.049999952316284,2.049999952316284,1.9600000381469727,2.009999990463257,1.914285659790039,1423000
2011-09-20,2.009999990463257,2.009999990463257,1.8799999952316284,1.9700000286102295,1.8761905431747437,613000
2011-09-21,1.899999976158142,2.009999990463257,1.8600000143051147,2.0,1.9047619104385376,729000
2011-09-22,1.940000057220459,1.940000057220459,1.7799999713897705,1.8899999856948853,1.7999999523162842,1669000
2011-09-23,1.7899999618530273,1.8799999952316284,1.7200000286102295,1.8799999952316284,1.7904762029647827,854000
2011-09-26,1.8200000524520874,1.840000033378601,1.7000000476837158,1.7899999618530273,1.7047618627548218,2308000
2011-09-27,1.809999942779541,1.9199999570846558,1.809999942779541,1.8799999952316284,1.7904762029647827,457000
2011-09-28,1.8300000429153442,1.9600000381469727,1.8200000524520874,1.8799999952316284,1.7904762029647827,548000
2011-09-30,1.8600000143051147,1.8700000047683716,1.7699999809265137,1.8600000143051147,1.7714285850524902,281000
2011-10-03,1.75,1.7999999523162842,1.649999976158142,1.7999999523162842,1.7142857313156128,281000
2011-10-04,1.75,1.7699999809265137,1.6799999475479126,1.6799999475479126,1.5999999046325684,393000
2011-10-06,1.75,1.7799999713897705,1.6799999475479126,1.7300000190734863,1.6476191282272339,1055000
2011-10-07,1.7999999523162842,1.8899999856948853,1.7799999713897705,1.8600000143051147,1.7714285850524902,501000
2011-10-10,1.909999966621399,1.909999966621399,1.7899999618530273,1.8200000524520874,1.7333333492279053,729000
2011-10-11,1.9199999570846558,1.9500000476837158,1.7999999523162842,1.8200000524520874,1.7333333492279053,1286010
2011-10-12,1.8200000524520874,1.9299999475479126,1.8200000524520874,1.9199999570846558,1.8285714387893677,1044000
2011-10-13,1.9500000476837158,2.0799999237060547,1.9500000476837158,2.049999952316284,1.952380895614624,1158000
2011-10-14,2.0199999809265137,2.049999952316284,1.9700000286102295,1.9800000190734863,1.8857142925262451,846000
2011-10-17,2.0799999237060547,2.140000104904175,2.059999942779541,2.0999999046325684,1.9999998807907104,1015000
2011-10-18,2.0,2.0,1.8799999952316284,1.9700000286102295,1.8761905431747437,513000
2011-10-19,2.0,2.1700000762939453,2.0,2.069999933242798,1.9714285135269165,313000
2011-10-20,2.0399999618530273,2.049999952316284,2.0399999618530273,2.049999952316284,1.952380895614624,38000
2011-10-21,2.049999952316284,2.059999942779541,2.0,2.0,1.9047619104385376,50000
2011-10-24,2.059999942779541,2.119999885559082,2.049999952316284,2.049999952316284,1.952380895614624,255000
2011-10-25,2.059999942779541,2.1700000762939453,2.049999952316284,2.049999952316284,1.952380895614624,394000
2011-10-26,2.049999952316284,2.0899999141693115,2.0,2.059999942779541,1.961904764175415,463000
2011-10-27,2.0999999046325684,2.2799999713897705,2.0299999713897705,2.25,2.142857074737549,1362000
2011-10-28,2.299999952316284,2.4100000858306885,2.2799999713897705,2.319999933242798,2.2095236778259277,1623000
2011-10-31,2.200000047683716,2.259999990463257,2.180000066757202,2.200000047683716,2.095238208770752,211000
2011-11-01,2.0799999237060547,2.190000057220459,2.0799999237060547,2.130000114440918,2.028571605682373,181000
2011-11-02,2.059999942779541,2.180000066757202,2.059999942779541,2.1600000858306885,2.057142972946167,822000
2011-11-03,2.200000047683716,2.2699999809265137,2.109999895095825,2.109999895095825,2.009523630142212,111000
2011-11-04,2.1600000858306885,2.359999895095825,2.1600000858306885,2.2899999618530273,2.180952310562134,326000
2011-11-07,2.3299999237060547,2.450000047683716,2.2200000286102295,2.25,2.142857074737549,154000
2011-11-08,2.2300000190734863,2.299999952316284,2.200000047683716,2.2899999618530273,2.180952310562134,565000
2011-11-09,2.299999952316284,2.4700000286102295,2.2899999618530273,2.369999885559082,2.2571427822113037,672000
2011-11-10,2.299999952316284,2.319999933242798,2.1500000953674316,2.25,2.142857074737549,894000
2011-11-11,2.25,2.299999952316284,2.25,2.25,2.142857074737549,98000
2011-11-14,2.2799999713897705,2.2799999713897705,2.2300000190734863,2.2799999713897705,2.1714284420013428,294000
2011-11-15,2.25,2.2799999713897705,2.2100000381469727,2.2200000286102295,2.114285707473755,112000
2011-11-16,2.369999885559082,2.380000114440918,2.1500000953674316,2.2200000286102295,2.114285707473755,211000
2011-11-17,2.1500000953674316,2.2799999713897705,2.1500000953674316,2.190000057220459,2.085714340209961,254000
2011-11-18,2.200000047683716,2.3399999141693115,2.200000047683716,2.2799999713897705,2.1714284420013428,765000
2011-11-21,2.2699999809265137,2.299999952316284,2.25,2.2899999618530273,2.180952310562134,637000
2011-11-22,2.2799999713897705,2.3499999046325684,2.1600000858306885,2.2200000286102295,2.114285707473755,2083000
2011-11-23,2.2899999618530273,2.299999952316284,2.180000066757202,2.2799999713897705,2.1714284420013428,462000
2011-11-24,2.200000047683716,2.319999933242798,2.180000066757202,2.25,2.142857074737549,530000
2011-11-25,2.180000066757202,2.319999933242798,2.180000066757202,2.2799999713897705,2.1714284420013428,53000
2011-11-28,2.2100000381469727,2.299999952316284,2.2100000381469727,2.259999990463257,2.15238094329834,2000
2011-11-29,2.259999990463257,2.309999942779541,2.200000047683716,2.200000047683716,2.095238208770752,577000
2011-11-30,2.200000047683716,2.299999952316284,2.1700000762939453,2.2899999618530273,2.180952310562134,637000
2011-12-01,2.380000114440918,2.380000114440918,2.2300000190734863,2.3399999141693115,2.2285714149475098,207000
2011-12-02,2.3399999141693115,2.3399999141693115,2.200000047683716,2.25,2.142857074737549,452000
2011-12-05,2.2100000381469727,2.309999942779541,2.2100000381469727,2.2699999809265137,2.161904811859131,549000
2011-12-06,2.2699999809265137,2.2699999809265137,2.2699999809265137,2.2699999809265137,2.161904811859131,0
2011-12-07,2.259999990463257,2.259999990463257,2.25,2.25,2.142857074737549,221000
2011-12-08,2.25,2.25,2.200000047683716,2.2200000286102295,2.114285707473755,92000
2011-12-09,2.0999999046325684,2.1700000762939453,2.0999999046325684,2.109999895095825,2.009523630142212,340000
2011-12-12,2.0799999237060547,2.1700000762939453,2.0799999237060547,2.109999895095825,2.009523630142212,553000
2011-12-13,2.109999895095825,2.119999885559082,2.0799999237060547,2.0899999141693115,1.990476131439209,666000
2011-12-14,2.0899999141693115,2.25,2.059999942779541,2.0899999141693115,1.990476131439209,1054000
2011-12-15,2.0299999713897705,2.0299999713897705,2.0299999713897705,2.0399999618530273,1.9428571462631226,66000
2011-12-16,2.0399999618530273,2.0999999046325684,2.0399999618530273,2.0999999046325684,1.9999998807907104,25000
2011-12-19,2.0899999141693115,2.0999999046325684,2.059999942779541,2.059999942779541,1.961904764175415,52000
2011-12-20,2.069999933242798,2.069999933242798,2.0299999713897705,2.049999952316284,1.952380895614624,513255
2011-12-21,2.0999999046325684,2.1500000953674316,2.049999952316284,2.0899999141693115,1.990476131439209,362000
2011-12-22,2.0899999141693115,2.0899999141693115,2.049999952316284,2.069999933242798,1.9714285135269165,198000
2011-12-23,2.25,2.25,2.1500000953674316,2.200000047683716,2.095238208770752,467000
2011-12-28,2.200000047683716,2.2699999809265137,2.1700000762939453,2.180000066757202,2.07619047164917,1148000
2011-12-29,2.2699999809265137,2.2699999809265137,2.1600000858306885,2.180000066757202,2.07619047164917,612000
2011-12-30,2.190000057220459,2.2699999809265137,2.140000104904175,2.25,2.142857074737549,171000
2012-01-03,2.309999942779541,2.380000114440918,2.200000047683716,2.3499999046325684,2.2380950450897217,180000
2012-01-04,2.25,2.3399999141693115,2.2100000381469727,2.3299999237060547,2.2190475463867188,183000
2012-01-05,2.299999952316284,2.299999952316284,2.2699999809265137,2.2699999809265137,2.161904811859131,20000
2012-01-06,2.240000009536743,2.240000009536743,2.200000047683716,2.200000047683716,2.095238208770752,110000
2012-01-09,2.3499999046325684,2.3499999046325684,2.180000066757202,2.190000057220459,2.085714340209961,54000
2012-01-10,2.3399999141693115,2.3499999046325684,2.200000047683716,2.3499999046325684,2.2380950450897217,299000
2012-01-11,2.380000114440918,2.380000114440918,2.25,2.2799999713897705,2.1714284420013428,185000
2012-01-12,2.5,2.5,2.299999952316284,2.4200000762939453,2.3047618865966797,229000
2012-01-13,2.4200000762939453,2.4200000762939453,2.25,2.2799999713897705,2.1714284420013428,1507000
2012-01-16,2.3399999141693115,2.3399999141693115,2.200000047683716,2.259999990463257,2.15238094329834,600000
2012-01-17,2.3299999237060547,2.3299999237060547,2.240000009536743,2.2799999713897705,2.1714284420013428,738000
2012-01-18,2.3299999237060547,2.3299999237060547,1.9800000190734863,2.240000009536743,2.133333444595337,681000
2012-01-19,2.2200000286102295,2.2699999809265137,2.130000114440918,2.200000047683716,2.095238208770752,1560000
2012-01-20,2.2100000381469727,2.2200000286102295,2.180000066757202,2.200000047683716,2.095238208770752,326000
2012-01-26,2.180000066757202,2.200000047683716,2.0999999046325684,2.1700000762939453,2.066666841506958,642000
2012-01-27,2.1500000953674316,2.200000047683716,2.130000114440918,2.1500000953674316,2.047619104385376,239000
2012-01-30,2.1500000953674316,2.190000057220459,2.130000114440918,2.1500000953674316,2.047619104385376,696000
2012-01-31,2.190000057220459,2.2300000190734863,2.190000057220459,2.2300000190734863,2.123809576034546,461000
2012-02-01,2.2300000190734863,2.2300000190734863,2.200000047683716,2.2200000286102295,2.114285707473755,14000
2012-02-02,2.200000047683716,2.390000104904175,2.200000047683716,2.3499999046325684,2.2380950450897217,783000
2012-02-03,2.3499999046325684,2.5,2.3399999141693115,2.4800000190734863,2.3619048595428467,1448000
2012-02-06,2.5,2.6500000953674316,2.5,2.569999933242798,2.4476189613342285,1286000
2012-02-07,2.5299999713897705,2.680000066757202,2.5299999713897705,2.5999999046325684,2.4761903285980225,1103000
2012-02-08,2.619999885559082,2.6700000762939453,2.619999885559082,2.6500000953674316,2.5238096714019775,1398000
2012-02-09,2.6500000953674316,2.7100000381469727,2.6500000953674316,2.700000047683716,2.5714285373687744,542000
2012-02-10,2.6500000953674316,2.7100000381469727,2.5999999046325684,2.630000114440918,2.5047619342803955,1450000
2012-02-13,2.5999999046325684,2.6600000858306885,2.5999999046325684,2.619999885559082,2.4952380657196045,817000
2012-02-14,2.609999895095825,2.6600000858306885,2.609999895095825,2.6500000953674316,2.5238096714019775,732000
2012-02-15,2.640000104904175,2.6500000953674316,2.5899999141693115,2.619999885559082,2.4952380657196045,1280000
2012-02-16,2.5899999141693115,2.5999999046325684,2.5,2.569999933242798,2.4476189613342285,318000
2012-02-17,2.5799999237060547,2.5899999141693115,2.5,2.5299999713897705,2.4095237255096436,393000
2012-02-20,2.559999942779541,2.5899999141693115,2.5299999713897705,2.569999933242798,2.4476189613342285,473000
2012-02-21,2.5399999618530273,2.559999942779541,2.5399999618530273,2.549999952316284,2.4285714626312256,186000
2012-02-22,2.5299999713897705,2.640000104904175,2.5299999713897705,2.5999999046325684,2.4761903285980225,316000
2012-02-23,2.5999999046325684,2.6500000953674316,2.5399999618530273,2.6500000953674316,2.5238096714019775,532000
2012-02-24,2.630000114440918,2.640000104904175,2.5999999046325684,2.640000104904175,2.5142858028411865,544000
2012-02-27,2.640000104904175,2.9200000762939453,2.640000104904175,2.859999895095825,2.7238094806671143,5055000
2012-02-28,2.8399999141693115,2.859999895095825,2.799999952316284,2.8299999237060547,2.6952381134033203,954000
2012-02-29,2.8399999141693115,3.0,2.8399999141693115,2.9000000953674316,2.7619049549102783,2022000
2012-03-01,2.8499999046325684,2.930000066757202,2.8299999237060547,2.8499999046325684,2.7142856121063232,394000
2012-03-02,2.880000114440918,2.9000000953674316,2.819999933242798,2.890000104904175,2.7523810863494873,653000
2012-03-05,2.880000114440918,2.950000047683716,2.880000114440918,2.940000057220459,2.799999952316284,919000
2012-03-06,2.9100000858306885,2.940000057220459,2.809999942779541,2.809999942779541,2.6761903762817383,1115000
2012-03-07,2.799999952316284,2.8399999141693115,2.700000047683716,2.8399999141693115,2.7047617435455322,837000
2012-03-08,2.819999933242798,2.950000047683716,2.819999933242798,2.9000000953674316,2.7619049549102783,1432000
2012-03-09,2.9000000953674316,2.9200000762939453,2.7300000190734863,2.8399999141693115,2.7047617435455322,424000
2012-03-12,2.8499999046325684,2.8499999046325684,2.799999952316284,2.8299999237060547,2.6952381134033203,280000
2012-03-13,2.8299999237060547,2.9200000762939453,2.799999952316284,2.9100000858306885,2.7714285850524902,250000
2012-03-14,2.9200000762939453,2.930000066757202,2.7899999618530273,2.809999942779541,2.6761903762817383,379000
2012-03-15,2.7799999713897705,2.8499999046325684,2.759999990463257,2.8399999141693115,2.7047617435455322,253000
2012-03-16,2.890000104904175,2.9000000953674316,2.8299999237060547,2.8299999237060547,2.6952381134033203,278000
2012-03-20,2.75,2.75,2.6500000953674316,2.700000047683716,2.5714285373687744,428000
2012-03-21,2.700000047683716,2.8499999046325684,2.5899999141693115,2.819999933242798,2.6857142448425293,1924000
2012-03-22,2.8299999237060547,2.8499999046325684,2.6600000858306885,2.6700000762939453,2.5428571701049805,480000
2012-03-23,2.700000047683716,2.7300000190734863,2.5899999141693115,2.5999999046325684,2.4761903285980225,521000
2012-03-26,2.5999999046325684,2.5999999046325684,2.450000047683716,2.490000009536743,2.3714284896850586,1112000
2012-03-27,2.5399999618530273,2.619999885559082,2.3299999237060547,2.5199999809265137,2.4000000953674316,1089000
2012-03-28,2.5,2.509999990463257,2.430000066757202,2.5,2.3809523582458496,425000
2012-03-29,2.450000047683716,2.450000047683716,2.390000104904175,2.4000000953674316,2.2857143878936768,1543000
2012-03-30,2.390000104904175,2.440000057220459,2.369999885559082,2.390000104904175,2.2761905193328857,1205000
2012-04-02,2.380000114440918,2.430000066757202,2.3499999046325684,2.369999885559082,2.2571427822113037,312000
2012-04-03,2.359999895095825,2.4000000953674316,2.319999933242798,2.4000000953674316,2.2857143878936768,863000
2012-04-05,2.4000000953674316,2.4000000953674316,2.3299999237060547,2.3499999046325684,2.2380950450897217,437000
2012-04-10,2.380000114440918,2.4000000953674316,2.180000066757202,2.2100000381469727,2.104761838912964,1861000
2012-04-11,2.190000057220459,2.240000009536743,2.1500000953674316,2.1600000858306885,2.057142972946167,1034000
2012-04-12,2.180000066757202,2.299999952316284,2.180000066757202,2.2899999618530273,2.180952310562134,2974000
2012-04-13,2.3499999046325684,2.3499999046325684,2.2300000190734863,2.25,2.142857074737549,4052000
2012-04-16,2.25,2.259999990463257,2.200000047683716,2.2200000286102295,2.114285707473755,3804000
2012-04-17,2.2300000190734863,2.25,2.1700000762939453,2.200000047683716,2.095238208770752,3721000
2012-04-18,2.2200000286102295,2.259999990463257,2.2100000381469727,2.240000009536743,2.133333444595337,3976000
2012-04-19,2.2699999809265137,2.299999952316284,2.190000057220459,2.2300000190734863,2.123809576034546,3448000
2012-04-20,2.2699999809265137,2.2799999713897705,2.190000057220459,2.259999990463257,2.15238094329834,3544000
2012-04-23,2.299999952316284,2.299999952316284,2.2300000190734863,2.25,2.142857074737549,3277000
2012-04-24,2.2799999713897705,2.2799999713897705,2.1500000953674316,2.180000066757202,2.07619047164917,3005000
2012-04-25,2.2100000381469727,2.2100000381469727,2.0399999618530273,2.0999999046325684,1.9999998807907104,3315000
2012-04-26,2.130000114440918,2.190000057220459,2.059999942779541,2.190000057220459,2.085714340209961,3522000
2012-04-27,2.200000047683716,2.2300000190734863,2.0799999237060547,2.0999999046325684,1.9999998807907104,2464000
2012-04-30,2.109999895095825,2.130000114440918,2.0799999237060547,2.109999895095825,2.009523630142212,3470000
2012-05-02,2.1500000953674316,2.200000047683716,2.0899999141693115,2.109999895095825,2.009523630142212,3447000
2012-05-03,2.130000114440918,2.130000114440918,2.049999952316284,2.069999933242798,1.9714285135269165,2975000
2012-05-04,2.0799999237060547,2.130000114440918,2.049999952316284,2.0799999237060547,1.980952262878418,3082000
2012-05-07,2.059999942779541,2.069999933242798,1.9800000190734863,2.059999942779541,1.961904764175415,2747000
2012-05-08,2.0899999141693115,2.0899999141693115,2.0,2.0799999237060547,1.980952262878418,3859000
2012-05-09,2.0799999237060547,2.0799999237060547,1.9800000190734863,2.0,1.9047619104385376,1650000
2012-05-10,2.009999990463257,2.009999990463257,1.8600000143051147,2.009999990463257,1.914285659790039,3861000
2012-05-11,2.0299999713897705,2.0299999713897705,1.9500000476837158,1.9600000381469727,1.8666666746139526,2523000
2012-05-14,2.0,2.0199999809265137,1.9199999570846558,2.0,1.9047619104385376,3033000
2012-05-15,2.0199999809265137,2.0199999809265137,1.9299999475479126,2.009999990463257,1.914285659790039,2817000
2012-05-16,2.009999990463257,2.009999990463257,1.940000057220459,2.0,1.9047619104385376,2806000
2012-05-17,1.9700000286102295,1.9800000190734863,1.9299999475479126,1.9600000381469727,1.8666666746139526,2961700
2012-05-18,1.9700000286102295,1.9700000286102295,1.8600000143051147,1.9600000381469727,1.8666666746139526,2613000
2012-05-21,1.9800000190734863,2.049999952316284,1.940000057220459,2.009999990463257,1.914285659790039,3005000
2012-05-22,2.069999933242798,2.109999895095825,2.009999990463257,2.0999999046325684,1.9999998807907104,4138000
2012-05-23,2.0899999141693115,2.140000104904175,2.0399999618530273,2.059999942779541,1.961904764175415,3436000
2012-05-24,2.069999933242798,2.109999895095825,2.0199999809265137,2.0999999046325684,1.9999998807907104,2485000
2012-05-25,2.009999990463257,2.0199999809265137,1.9800000190734863,1.9900000095367432,1.9900000095367432,2694000
2012-05-28,2.009999990463257,2.069999933242798,1.9900000095367432,2.049999952316284,2.049999952316284,2516000
2012-05-29,2.049999952316284,2.069999933242798,2.0299999713897705,2.059999942779541,2.059999942779541,2591000
2012-05-30,2.059999942779541,2.069999933242798,2.0299999713897705,2.059999942779541,2.059999942779541,2660000
2012-05-31,2.0399999618530273,2.049999952316284,1.9700000286102295,2.0,2.0,2978000
2012-06-01,2.009999990463257,2.0199999809265137,1.9299999475479126,1.9600000381469727,1.9600000381469727,2869000
2012-06-04,1.940000057220459,2.119999885559082,1.899999976158142,2.0999999046325684,2.0999999046325684,4287000
2012-06-05,2.1500000953674316,2.180000066757202,2.0799999237060547,2.140000104904175,2.140000104904175,4435300
2012-06-06,2.180000066757202,2.180000066757202,2.0999999046325684,2.109999895095825,2.109999895095825,238000
2012-06-07,2.119999885559082,2.180000066757202,2.109999895095825,2.1600000858306885,2.1600000858306885,1130000
2012-06-08,2.1700000762939453,2.299999952316284,2.109999895095825,2.2799999713897705,2.2799999713897705,1200000
2012-06-11,2.2799999713897705,2.3499999046325684,2.2699999809265137,2.319999933242798,2.319999933242798,1567000
2012-06-12,2.2899999618530273,2.2899999618530273,2.240000009536743,2.240000009536743,2.240000009536743,1336000
2012-06-13,2.259999990463257,2.259999990463257,2.119999885559082,2.25,2.25,343000
2012-06-14,2.1700000762939453,2.2200000286102295,2.1700000762939453,2.1700000762939453,2.1700000762939453,272000
2012-06-15,2.1600000858306885,2.200000047683716,2.109999895095825,2.200000047683716,2.200000047683716,817000
2012-06-18,2.2300000190734863,2.2300000190734863,2.119999885559082,2.130000114440918,2.130000114440918,61000
2012-06-19,2.0199999809265137,2.119999885559082,2.0199999809265137,2.109999895095825,2.109999895095825,47000
2012-06-20,2.0999999046325684,2.0999999046325684,2.0199999809265137,2.0299999713897705,2.0299999713897705,562000
2012-06-21,2.0299999713897705,2.0899999141693115,2.0199999809265137,2.049999952316284,2.049999952316284,281000
2012-06-22,2.0199999809265137,2.049999952316284,2.0199999809265137,2.0199999809265137,2.0199999809265137,2000
2012-06-25,2.0199999809265137,2.0299999713897705,1.9800000190734863,1.9800000190734863,1.9800000190734863,237000
2012-06-26,2.0,2.0,1.9500000476837158,1.9600000381469727,1.9600000381469727,38000
2012-06-27,2.0899999141693115,2.0899999141693115,2.0,2.0,2.0,374000
2012-06-28,2.0199999809265137,2.0899999141693115,1.9700000286102295,2.049999952316284,2.049999952316284,444000
2012-06-29,2.049999952316284,2.1700000762939453,2.049999952316284,2.1600000858306885,2.1600000858306885,171498
2012-07-03,2.0199999809265137,2.1500000953674316,2.0,2.0,2.0,139000
2012-07-04,1.9900000095367432,2.0999999046325684,1.9800000190734863,2.049999952316284,2.049999952316284,247000
2012-07-05,2.049999952316284,2.049999952316284,2.049999952316284,2.049999952316284,2.049999952316284,41000
2012-07-06,2.009999990463257,2.0899999141693115,1.9700000286102295,2.0799999237060547,2.0799999237060547,290000
2012-07-09,2.069999933242798,2.069999933242798,1.940000057220459,2.049999952316284,2.049999952316284,1482000
2012-07-10,2.049999952316284,2.059999942779541,1.909999966621399,2.0,2.0,1599000
2012-07-11,1.9700000286102295,2.0,1.940000057220459,1.9900000095367432,1.9900000095367432,1379000
2012-07-12,1.9800000190734863,2.009999990463257,1.909999966621399,2.0,2.0,1453000
2012-07-13,2.0,2.0,1.909999966621399,1.9500000476837158,1.9500000476837158,1252000
2012-07-16,1.940000057220459,1.9800000190734863,1.7999999523162842,1.8700000047683716,1.8700000047683716,1285000
2012-07-17,1.8700000047683716,1.8899999856948853,1.8300000429153442,1.8700000047683716,1.8700000047683716,1187000
2012-07-18,1.8799999952316284,1.8899999856948853,1.7999999523162842,1.850000023841858,1.850000023841858,1227000
2012-07-19,1.850000023841858,1.8899999856948853,1.7799999713897705,1.850000023841858,1.850000023841858,958000
2012-07-20,1.8700000047683716,1.9500000476837158,1.809999942779541,1.8799999952316284,1.8799999952316284,922000
2012-07-23,1.850000023841858,1.8799999952316284,1.7599999904632568,1.840000033378601,1.840000033378601,738000
2012-07-24,1.840000033378601,1.899999976158142,1.7599999904632568,1.8899999856948853,1.8899999856948853,837000
2012-07-25,1.8799999952316284,1.899999976158142,1.7899999618530273,1.899999976158142,1.899999976158142,922000
2012-07-26,1.8899999856948853,1.8899999856948853,1.7899999618530273,1.8700000047683716,1.8700000047683716,948000
2012-07-27,1.8700000047683716,1.8799999952316284,1.809999942779541,1.8600000143051147,1.8600000143051147,827000
2012-07-30,1.8600000143051147,1.899999976158142,1.8300000429153442,1.8300000429153442,1.8300000429153442,652000
2012-07-31,1.850000023841858,1.8899999856948853,1.809999942779541,1.8300000429153442,1.8300000429153442,931000
2012-08-01,1.8300000429153442,1.8600000143051147,1.7999999523162842,1.8600000143051147,1.8600000143051147,606000
2012-08-02,1.8799999952316284,1.8799999952316284,1.809999942779541,1.8700000047683716,1.8700000047683716,510000
2012-08-03,1.8300000429153442,1.840000033378601,1.7300000190734863,1.809999942779541,1.809999942779541,2367000
2012-08-06,1.7999999523162842,1.840000033378601,1.7999999523162842,1.7999999523162842,1.7999999523162842,469000
2012-08-07,1.7999999523162842,1.8899999856948853,1.7899999618530273,1.850000023841858,1.850000023841858,589000
2012-08-08,1.8700000047683716,1.8700000047683716,1.7999999523162842,1.840000033378601,1.840000033378601,568000
2012-08-09,1.8300000429153442,1.8700000047683716,1.809999942779541,1.8600000143051147,1.8600000143051147,382000
2012-08-10,1.8700000047683716,1.8700000047683716,1.8300000429153442,1.850000023841858,1.850000023841858,435000
2012-08-13,1.8700000047683716,1.8700000047683716,1.7999999523162842,1.8200000524520874,1.8200000524520874,278000
2012-08-14,1.8200000524520874,1.8200000524520874,1.7699999809265137,1.7999999523162842,1.7999999523162842,743000
2012-08-15,1.809999942779541,1.8600000143051147,1.7799999713897705,1.809999942779541,1.809999942779541,544000
2012-08-16,1.8200000524520874,1.840000033378601,1.7899999618530273,1.840000033378601,1.840000033378601,302000
2012-08-17,1.840000033378601,1.840000033378601,1.809999942779541,1.8200000524520874,1.8200000524520874,463000
2012-08-20,1.8200000524520874,1.840000033378601,1.809999942779541,1.8300000429153442,1.8300000429153442,343000
2012-08-21,1.840000033378601,1.8799999952316284,1.8300000429153442,1.8600000143051147,1.8600000143051147,204000
2012-08-22,1.8700000047683716,2.049999952316284,1.8700000047683716,1.9199999570846558,1.9199999570846558,338000
2012-08-23,1.9199999570846558,1.940000057220459,1.8899999856948853,1.9299999475479126,1.9299999475479126,559000
2012-08-24,1.9299999475479126,1.9500000476837158,1.8899999856948853,1.9299999475479126,1.9299999475479126,134000
2012-08-27,1.8300000429153442,1.9299999475479126,1.809999942779541,1.850000023841858,1.850000023841858,384000
2012-08-28,1.840000033378601,1.909999966621399,1.8300000429153442,1.840000033378601,1.840000033378601,182000
2012-08-29,1.840000033378601,1.840000033378601,1.6100000143051147,1.659999966621399,1.659999966621399,4003000
2012-08-30,1.659999966621399,1.6799999475479126,1.6299999952316284,1.6699999570846558,1.6699999570846558,356000
2012-08-31,1.6200000047683716,1.6699999570846558,1.590000033378601,1.649999976158142,1.649999976158142,881000
2012-09-03,1.6799999475479126,1.6799999475479126,1.6200000047683716,1.649999976158142,1.649999976158142,84000
2012-09-04,1.6200000047683716,1.6399999856948853,1.6100000143051147,1.6399999856948853,1.6399999856948853,255000
2012-09-05,1.6100000143051147,1.6100000143051147,1.5800000429153442,1.600000023841858,1.600000023841858,597000
2012-09-06,1.5800000429153442,1.6200000047683716,1.5499999523162842,1.6100000143051147,1.6100000143051147,910800
2012-09-07,1.6399999856948853,1.649999976158142,1.5800000429153442,1.6200000047683716,1.6200000047683716,652500
2012-09-10,1.6100000143051147,1.7000000476837158,1.5800000429153442,1.659999966621399,1.659999966621399,679000
2012-09-11,1.649999976158142,1.659999966621399,1.5700000524520874,1.6299999952316284,1.6299999952316284,1522000
2012-09-12,1.6299999952316284,1.6799999475479126,1.6299999952316284,1.649999976158142,1.649999976158142,213000
2012-09-13,1.649999976158142,1.6699999570846558,1.559999942779541,1.600000023841858,1.600000023841858,990000
2012-09-14,1.6399999856948853,1.649999976158142,1.5800000429153442,1.590000033378601,1.590000033378601,1223000
2012-09-17,1.6100000143051147,1.6100000143051147,1.5499999523162842,1.5700000524520874,1.5700000524520874,247000
2012-09-18,1.5700000524520874,1.590000033378601,1.5499999523162842,1.5800000429153442,1.5800000429153442,1720000
2012-09-19,1.600000023841858,1.600000023841858,1.600000023841858,1.600000023841858,1.600000023841858,8000
2012-09-20,1.6200000047683716,1.659999966621399,1.5800000429153442,1.600000023841858,1.600000023841858,279000
2012-09-21,1.6399999856948853,1.7300000190734863,1.6299999952316284,1.7200000286102295,1.7200000286102295,267000
2012-09-24,1.7200000286102295,1.7400000095367432,1.649999976158142,1.7000000476837158,1.7000000476837158,578000
2012-09-25,1.6799999475479126,1.690000057220459,1.6799999475479126,1.6799999475479126,1.6799999475479126,36000
2012-09-26,1.6799999475479126,1.690000057220459,1.6699999570846558,1.6699999570846558,1.6699999570846558,245000
2012-09-27,1.6699999570846558,1.6699999570846558,1.6699999570846558,1.6699999570846558,1.6699999570846558,11000
2012-09-28,1.6699999570846558,1.7200000286102295,1.649999976158142,1.7000000476837158,1.7000000476837158,737000
2012-10-03,1.7899999618530273,1.7899999618530273,1.7000000476837158,1.7100000381469727,1.7100000381469727,45000
2012-10-04,1.7000000476837158,1.7100000381469727,1.659999966621399,1.6699999570846558,1.6699999570846558,129000
2012-10-05,1.690000057220459,1.690000057220459,1.649999976158142,1.6799999475479126,1.6799999475479126,119000
2012-10-08,1.6699999570846558,1.6699999570846558,1.6299999952316284,1.659999966621399,1.659999966621399,134000
2012-10-09,1.649999976158142,1.659999966621399,1.649999976158142,1.649999976158142,1.649999976158142,71000
2012-10-10,1.6100000143051147,1.6399999856948853,1.5800000429153442,1.6200000047683716,1.6200000047683716,473000
2012-10-11,1.649999976158142,1.649999976158142,1.590000033378601,1.6399999856948853,1.6399999856948853,794000
2012-10-12,1.6399999856948853,1.649999976158142,1.600000023841858,1.600000023841858,1.600000023841858,615000
2012-10-15,1.6299999952316284,1.6299999952316284,1.5199999809265137,1.5299999713897705,1.5299999713897705,1267000
2012-10-16,1.5499999523162842,1.5700000524520874,1.399999976158142,1.5499999523162842,1.5499999523162842,2190800
2012-10-17,1.5499999523162842,1.6100000143051147,1.5499999523162842,1.590000033378601,1.590000033378601,732000
2012-10-18,1.590000033378601,1.6100000143051147,1.559999942779541,1.6100000143051147,1.6100000143051147,526000
2012-10-19,1.6100000143051147,1.6299999952316284,1.559999942779541,1.5700000524520874,1.5700000524520874,446000
2012-10-22,1.559999942779541,1.6200000047683716,1.5499999523162842,1.6200000047683716,1.6200000047683716,352000
2012-10-24,1.600000023841858,1.6399999856948853,1.5700000524520874,1.6100000143051147,1.6100000143051147,1092000
2012-10-25,1.600000023841858,1.75,1.600000023841858,1.6799999475479126,1.6799999475479126,2001000
2012-10-26,1.6299999952316284,1.690000057220459,1.590000033378601,1.6399999856948853,1.6399999856948853,749000
2012-10-29,1.6799999475479126,1.6799999475479126,1.590000033378601,1.6299999952316284,1.6299999952316284,717000
2012-10-30,1.600000023841858,1.649999976158142,1.5299999713897705,1.6299999952316284,1.6299999952316284,817000
2012-10-31,1.6299999952316284,1.6299999952316284,1.5700000524520874,1.600000023841858,1.600000023841858,398000
2012-11-01,1.6200000047683716,1.6399999856948853,1.559999942779541,1.600000023841858,1.600000023841858,612000
2012-11-02,1.649999976158142,1.6799999475479126,1.6200000047683716,1.6399999856948853,1.6399999856948853,617000
2012-11-05,1.6299999952316284,1.6399999856948853,1.590000033378601,1.6299999952316284,1.6299999952316284,909050
2012-11-06,1.6299999952316284,1.649999976158142,1.5800000429153442,1.5800000429153442,1.5800000429153442,760000
2012-11-07,1.6200000047683716,1.6100000143051147,1.5800000429153442,1.600000023841858,1.600000023841858,587000
2012-11-08,1.5700000524520874,1.590000033378601,1.559999942779541,1.5800000429153442,1.5800000429153442,465000
2012-11-09,1.5800000429153442,1.590000033378601,1.5499999523162842,1.590000033378601,1.590000033378601,588000
2012-11-12,1.5700000524520874,1.6399999856948853,1.4600000381469727,1.5,1.5,2235000
2012-11-13,1.4800000190734863,1.5499999523162842,1.409999966621399,1.5,1.5,1650000
2012-11-14,1.5399999618530273,1.5700000524520874,1.4600000381469727,1.5299999713897705,1.5299999713897705,592000
2012-11-15,1.5399999618530273,1.5700000524520874,1.4900000095367432,1.5099999904632568,1.5099999904632568,357000
2012-11-16,1.5099999904632568,1.5299999713897705,1.4800000190734863,1.4800000190734863,1.4800000190734863,100000
2012-11-19,1.4800000190734863,1.5099999904632568,1.4500000476837158,1.4500000476837158,1.4500000476837158,383000
2012-11-20,1.5,1.5099999904632568,1.440000057220459,1.440000057220459,1.440000057220459,400000
2012-11-21,1.4600000381469727,1.4700000286102295,1.4299999475479126,1.4600000381469727,1.4600000381469727,297000
2012-11-22,1.4800000190734863,1.5,1.4500000476837158,1.4800000190734863,1.4800000190734863,163000
2012-11-23,1.4600000381469727,1.5,1.440000057220459,1.4600000381469727,1.4600000381469727,410000
2012-11-26,1.5,1.5,1.4700000286102295,1.4700000286102295,1.4700000286102295,357000
2012-11-27,1.4700000286102295,1.5199999809265137,1.4700000286102295,1.4800000190734863,1.4800000190734863,546000
2012-11-28,1.4800000190734863,1.4900000095367432,1.4600000381469727,1.4600000381469727,1.4600000381469727,203000
2012-11-29,1.4600000381469727,1.4700000286102295,1.4500000476837158,1.4500000476837158,1.4500000476837158,80000
2012-11-30,1.409999966621399,1.4700000286102295,1.409999966621399,1.4500000476837158,1.4500000476837158,165000
2012-12-03,1.4600000381469727,1.4600000381469727,1.4600000381469727,1.4600000381469727,1.4600000381469727,0
2012-12-04,1.4600000381469727,1.4700000286102295,1.4199999570846558,1.4500000476837158,1.4500000476837158,265000
2012-12-05,1.4600000381469727,1.5,1.4500000476837158,1.4500000476837158,1.4500000476837158,1047000
2012-12-06,1.4800000190734863,1.5,1.399999976158142,1.409999966621399,1.409999966621399,689000
2012-12-07,1.4299999475479126,1.4500000476837158,1.3899999856948853,1.399999976158142,1.399999976158142,849000
2012-12-10,1.4199999570846558,1.4199999570846558,1.409999966621399,1.409999966621399,1.409999966621399,449000
2012-12-11,1.4299999475479126,1.4299999475479126,1.3799999952316284,1.3899999856948853,1.3899999856948853,811000
2012-12-12,1.399999976158142,1.4900000095367432,1.3799999952316284,1.409999966621399,1.409999966621399,943000
2012-12-13,1.399999976158142,1.440000057220459,1.3799999952316284,1.3799999952316284,1.3799999952316284,841950
2012-12-14,1.3899999856948853,1.409999966621399,1.3899999856948853,1.3899999856948853,1.3899999856948853,1258000
2012-12-17,1.3899999856948853,1.4199999570846558,1.2899999618530273,1.309999942779541,1.309999942779541,5567000
2012-12-18,1.340000033378601,1.5199999809265137,1.3200000524520874,1.5,1.5,8743000
2012-12-19,1.5299999713897705,1.559999942779541,1.5,1.5299999713897705,1.5299999713897705,5773000
2012-12-20,1.5399999618530273,1.559999942779541,1.4600000381469727,1.5,1.5,4532000
2012-12-21,1.4900000095367432,1.559999942779541,1.4600000381469727,1.5299999713897705,1.5299999713897705,4259450
2012-12-24,1.559999942779541,1.6200000047683716,1.5499999523162842,1.5700000524520874,1.5700000524520874,2926000
2012-12-27,1.590000033378601,1.6399999856948853,1.5399999618530273,1.590000033378601,1.590000033378601,5543350
2012-12-28,1.590000033378601,1.590000033378601,1.5399999618530273,1.5499999523162842,1.5499999523162842,3729000
2012-12-31,1.5800000429153442,1.5800000429153442,1.4900000095367432,1.5099999904632568,1.5099999904632568,3083000
2013-01-02,1.5399999618530273,1.559999942779541,1.5,1.5499999523162842,1.5499999523162842,4415250
2013-01-03,1.5499999523162842,1.6299999952316284,1.5399999618530273,1.6299999952316284,1.6299999952316284,6187000
2013-01-04,1.6399999856948853,1.6399999856948853,1.5700000524520874,1.6200000047683716,1.6200000047683716,5579000
2013-01-07,1.600000023841858,1.7999999523162842,1.600000023841858,1.7599999904632568,1.7599999904632568,9645000
2013-01-08,1.7599999904632568,1.8300000429153442,1.7000000476837158,1.7100000381469727,1.7100000381469727,8214000
2013-01-09,1.7100000381469727,1.7699999809265137,1.7100000381469727,1.75,1.75,5479000
2013-01-10,1.7400000095367432,1.7899999618530273,1.7300000190734863,1.75,1.75,4937000
2013-01-11,1.7899999618530273,1.7899999618530273,1.7000000476837158,1.7000000476837158,1.7000000476837158,3604000
2013-01-14,1.6799999475479126,1.7300000190734863,1.6399999856948853,1.7100000381469727,1.7100000381469727,5059000
2013-01-15,1.7200000286102295,1.75,1.6799999475479126,1.7300000190734863,1.7300000190734863,2710000
2013-01-16,1.7200000286102295,1.7300000190734863,1.659999966621399,1.7000000476837158,1.7000000476837158,7267000
2013-01-17,1.7200000286102295,1.7200000286102295,1.649999976158142,1.649999976158142,1.649999976158142,4163000
2013-01-18,1.6799999475479126,1.690000057220459,1.5499999523162842,1.590000033378601,1.590000033378601,5915000
2013-01-21,1.6100000143051147,1.649999976158142,1.600000023841858,1.600000023841858,1.600000023841858,3370000
2013-01-22,1.6200000047683716,1.659999966621399,1.6200000047683716,1.6299999952316284,1.6299999952316284,3159000
2013-01-23,1.649999976158142,1.659999966621399,1.6100000143051147,1.6299999952316284,1.6299999952316284,3468000
2013-01-24,1.6299999952316284,1.649999976158142,1.6100000143051147,1.6200000047683716,1.6200000047683716,2344000
2013-01-25,1.649999976158142,1.649999976158142,1.5299999713897705,1.5499999523162842,1.5499999523162842,4548000
2013-01-28,1.5700000524520874,1.5700000524520874,1.5299999713897705,1.5499999523162842,1.5499999523162842,2343000
2013-01-29,1.5499999523162842,1.5700000524520874,1.5199999809265137,1.5299999713897705,1.5299999713897705,1788000
2013-01-30,1.5299999713897705,1.5800000429153442,1.5299999713897705,1.559999942779541,1.559999942779541,1756000
2013-01-31,1.5700000524520874,1.5800000429153442,1.5499999523162842,1.5700000524520874,1.5700000524520874,2004000
2013-02-01,1.5700000524520874,1.600000023841858,1.5499999523162842,1.5499999523162842,1.5499999523162842,1478000
2013-02-04,1.5700000524520874,1.600000023841858,1.5499999523162842,1.559999942779541,1.559999942779541,2046000
2013-02-05,1.5499999523162842,1.600000023841858,1.5299999713897705,1.5299999713897705,1.5299999713897705,1807000
2013-02-06,1.5299999713897705,1.559999942779541,1.5099999904632568,1.5099999904632568,1.5099999904632568,2010000
2013-02-07,1.5199999809265137,1.559999942779541,1.5099999904632568,1.5099999904632568,1.5099999904632568,2077000
2013-02-08,1.5299999713897705,1.5399999618530273,1.4800000190734863,1.4900000095367432,1.4900000095367432,2433000
2013-02-14,1.440000057220459,1.4500000476837158,1.3700000047683716,1.3700000047683716,1.3700000047683716,705000
2013-02-15,1.3700000047683716,1.3700000047683716,1.3700000047683716,1.3700000047683716,1.3700000047683716,0
2013-02-18,1.3700000047683716,1.3700000047683716,1.3700000047683716,1.3700000047683716,1.3700000047683716,0
2013-02-19,1.3700000047683716,1.3700000047683716,1.3700000047683716,1.3700000047683716,1.3700000047683716,0
2013-02-20,1.3700000047683716,1.3700000047683716,1.3700000047683716,1.3700000047683716,1.3700000047683716,0
2013-02-21,1.3700000047683716,1.3700000047683716,1.3700000047683716,1.3700000047683716,1.3700000047683716,0
2013-02-22,1.3700000047683716,1.3700000047683716,1.3700000047683716,1.3700000047683716,1.3700000047683716,0
2013-02-25,1.3700000047683716,1.3700000047683716,1.3700000047683716,1.3700000047683716,1.3700000047683716,0
2013-02-26,1.3700000047683716,1.3700000047683716,1.3700000047683716,1.3700000047683716,1.3700000047683716,0
2013-02-27,1.3700000047683716,1.3700000047683716,1.3700000047683716,1.3700000047683716,1.3700000047683716,0
2013-02-28,1.3700000047683716,1.3700000047683716,1.3700000047683716,1.3700000047683716,1.3700000047683716,0
2013-03-01,1.3700000047683716,1.3700000047683716,1.3700000047683716,1.3700000047683716,1.3700000047683716,0
2013-03-04,1.3700000047683716,1.3700000047683716,1.3700000047683716,1.3700000047683716,1.3700000047683716,0
2013-03-05,1.3700000047683716,1.3700000047683716,1.3700000047683716,1.3700000047683716,1.3700000047683716,0
2013-03-06,1.3700000047683716,1.3700000047683716,1.3700000047683716,1.3700000047683716,1.3700000047683716,0
2013-03-07,1.3700000047683716,1.3700000047683716,1.3700000047683716,1.3700000047683716,1.3700000047683716,0
2013-03-08,1.3700000047683716,1.3700000047683716,1.3700000047683716,1.3700000047683716,1.3700000047683716,0
2013-03-11,1.3700000047683716,1.3700000047683716,1.3700000047683716,1.3700000047683716,1.3700000047683716,0
2013-03-12,1.3700000047683716,1.3700000047683716,1.3700000047683716,1.3700000047683716,1.3700000047683716,0
2013-03-13,1.3700000047683716,1.3700000047683716,1.3700000047683716,1.3700000047683716,1.3700000047683716,0
2013-03-14,1.3700000047683716,1.3700000047683716,1.3700000047683716,1.3700000047683716,1.3700000047683716,0
2013-03-15,1.3700000047683716,1.3700000047683716,1.3700000047683716,1.3700000047683716,1.3700000047683716,0
2013-03-18,1.3700000047683716,1.3700000047683716,1.3700000047683716,1.3700000047683716,1.3700000047683716,0
2013-03-19,1.3700000047683716,1.3700000047683716,1.3700000047683716,1.3700000047683716,1.3700000047683716,0
2013-03-20,1.3700000047683716,1.3700000047683716,1.3700000047683716,1.3700000047683716,1.3700000047683716,0
2013-03-21,1.3700000047683716,1.3700000047683716,1.3700000047683716,1.3700000047683716,1.3700000047683716,0
2013-03-22,1.3700000047683716,1.3700000047683716,1.3700000047683716,1.3700000047683716,1.3700000047683716,0
2013-03-25,1.3700000047683716,1.3700000047683716,1.3700000047683716,1.3700000047683716,1.3700000047683716,0
2013-03-26,1.3700000047683716,1.3700000047683716,1.3700000047683716,1.3700000047683716,1.3700000047683716,0
2013-03-27,1.3700000047683716,1.3700000047683716,1.3700000047683716,1.3700000047683716,1.3700000047683716,0
2013-03-28,1.3700000047683716,1.3700000047683716,1.3700000047683716,1.3700000047683716,1.3700000047683716,0
2013-04-02,1.3700000047683716,1.3700000047683716,1.3700000047683716,1.3700000047683716,1.3700000047683716,0
2013-04-03,1.3700000047683716,1.3700000047683716,1.3700000047683716,1.3700000047683716,1.3700000047683716,0
2013-04-05,1.3700000047683716,1.3700000047683716,1.3700000047683716,1.3700000047683716,1.3700000047683716,0
2013-04-08,1.3700000047683716,1.3700000047683716,1.3700000047683716,1.3700000047683716,1.3700000047683716,0
2013-04-09,1.3700000047683716,1.3700000047683716,1.3700000047683716,1.3700000047683716,1.3700000047683716,0
2013-04-10,1.3700000047683716,1.3700000047683716,1.3700000047683716,1.3700000047683716,1.3700000047683716,0
2013-04-11,1.3700000047683716,1.3700000047683716,1.3700000047683716,1.3700000047683716,1.3700000047683716,0
2013-04-12,1.3700000047683716,1.3700000047683716,1.3700000047683716,1.3700000047683716,1.3700000047683716,0
2013-04-15,1.3700000047683716,1.3700000047683716,1.3700000047683716,1.3700000047683716,1.3700000047683716,0
2013-04-16,1.3700000047683716,1.3700000047683716,1.3700000047683716,1.3700000047683716,1.3700000047683716,0
2013-04-17,1.3700000047683716,1.3700000047683716,1.3700000047683716,1.3700000047683716,1.3700000047683716,0
2013-04-18,1.3700000047683716,1.3700000047683716,1.3700000047683716,1.3700000047683716,1.3700000047683716,0
2013-04-19,1.3700000047683716,1.3700000047683716,1.3700000047683716,1.3700000047683716,1.3700000047683716,0
2013-04-22,1.3700000047683716,1.3700000047683716,1.3700000047683716,1.3700000047683716,1.3700000047683716,0
2013-04-23,1.3700000047683716,1.3700000047683716,1.3700000047683716,1.3700000047683716,1.3700000047683716,0
2013-04-24,1.3700000047683716,1.3700000047683716,1.3700000047683716,1.3700000047683716,1.3700000047683716,0
2013-04-25,1.3700000047683716,1.3700000047683716,1.3700000047683716,1.3700000047683716,1.3700000047683716,0
2013-04-26,1.3700000047683716,1.3700000047683716,1.3700000047683716,1.3700000047683716,1.3700000047683716,0
2013-04-29,1.3700000047683716,1.3700000047683716,1.3700000047683716,1.3700000047683716,1.3700000047683716,0
2013-04-30,1.3700000047683716,1.3700000047683716,1.3700000047683716,1.3700000047683716,1.3700000047683716,0
2013-05-02,1.3700000047683716,1.3700000047683716,1.3700000047683716,1.3700000047683716,1.3700000047683716,0
2013-05-03,1.3700000047683716,1.3700000047683716,1.3700000047683716,1.3700000047683716,1.3700000047683716,0
2013-05-06,1.3700000047683716,1.3700000047683716,1.3700000047683716,1.3700000047683716,1.3700000047683716,0
2013-05-07,1.3700000047683716,1.3700000047683716,1.3700000047683716,1.3700000047683716,1.3700000047683716,0
2013-05-08,1.3700000047683716,1.3700000047683716,1.3700000047683716,1.3700000047683716,1.3700000047683716,0
2013-05-09,1.3700000047683716,1.3700000047683716,1.3700000047683716,1.3700000047683716,1.3700000047683716,0
2013-05-10,1.3700000047683716,1.3700000047683716,1.3700000047683716,1.3700000047683716,1.3700000047683716,0
2013-05-13,1.3700000047683716,1.3700000047683716,1.3700000047683716,1.3700000047683716,1.3700000047683716,0
2013-05-14,1.3700000047683716,1.3700000047683716,1.3700000047683716,1.3700000047683716,1.3700000047683716,0
2013-05-15,1.3700000047683716,1.3700000047683716,1.3700000047683716,1.3700000047683716,1.3700000047683716,0
2013-05-16,1.3700000047683716,1.3700000047683716,1.3700000047683716,1.3700000047683716,1.3700000047683716,0
2013-05-20,1.3700000047683716,1.3700000047683716,1.3700000047683716,1.3700000047683716,1.3700000047683716,0
2013-05-21,1.3700000047683716,1.3700000047683716,1.3700000047683716,1.3700000047683716,1.3700000047683716,0
2013-05-22,1.3700000047683716,1.3700000047683716,1.3700000047683716,1.3700000047683716,1.3700000047683716,0
2013-05-23,1.3700000047683716,1.3700000047683716,1.3700000047683716,1.3700000047683716,1.3700000047683716,0
2013-05-24,1.3700000047683716,1.3700000047683716,1.3700000047683716,1.3700000047683716,1.3700000047683716,0
2013-05-27,1.3700000047683716,1.3700000047683716,1.3700000047683716,1.3700000047683716,1.3700000047683716,0
2013-05-28,1.3700000047683716,1.3700000047683716,1.3700000047683716,1.3700000047683716,1.3700000047683716,0
2013-05-29,1.3700000047683716,1.3700000047683716,1.3700000047683716,1.3700000047683716,1.3700000047683716,0
2013-05-30,1.3700000047683716,1.3700000047683716,1.3700000047683716,1.3700000047683716,1.3700000047683716,0
2013-05-31,1.3700000047683716,1.3700000047683716,1.3700000047683716,1.3700000047683716,1.3700000047683716,0
2013-06-03,1.3700000047683716,1.3700000047683716,1.3700000047683716,1.3700000047683716,1.3700000047683716,0
2013-06-04,1.3700000047683716,1.3700000047683716,1.3700000047683716,1.3700000047683716,1.3700000047683716,0
2013-06-05,1.3700000047683716,1.3700000047683716,1.3700000047683716,1.3700000047683716,1.3700000047683716,0
2013-06-06,1.3700000047683716,1.3700000047683716,1.3700000047683716,1.3700000047683716,1.3700000047683716,0
2013-06-07,1.3700000047683716,1.3700000047683716,1.3700000047683716,1.3700000047683716,1.3700000047683716,0
2013-06-10,1.3700000047683716,1.3700000047683716,1.3700000047683716,1.3700000047683716,1.3700000047683716,0
2013-06-11,1.3700000047683716,1.3700000047683716,1.3700000047683716,1.3700000047683716,1.3700000047683716,0
2013-06-13,1.3700000047683716,1.3700000047683716,1.3700000047683716,1.3700000047683716,1.3700000047683716,0
2013-06-14,1.3700000047683716,1.3700000047683716,1.3700000047683716,1.3700000047683716,1.3700000047683716,0
2013-06-17,1.3700000047683716,1.3700000047683716,1.3700000047683716,1.3700000047683716,1.3700000047683716,0
2013-06-18,1.3700000047683716,1.3700000047683716,1.3700000047683716,1.3700000047683716,1.3700000047683716,0
2013-06-19,1.3700000047683716,1.3700000047683716,1.3700000047683716,1.3700000047683716,1.3700000047683716,0
2013-06-20,1.3700000047683716,1.3700000047683716,1.3700000047683716,1.3700000047683716,1.3700000047683716,0
2013-06-21,1.3700000047683716,1.3700000047683716,1.3700000047683716,1.3700000047683716,1.3700000047683716,0
2013-06-24,1.3700000047683716,1.3700000047683716,1.3700000047683716,1.3700000047683716,1.3700000047683716,0
2013-06-25,1.3700000047683716,1.3700000047683716,1.3700000047683716,1.3700000047683716,1.3700000047683716,0
2013-06-26,1.3700000047683716,1.3700000047683716,1.3700000047683716,1.3700000047683716,1.3700000047683716,0
2013-06-27,1.3700000047683716,1.3700000047683716,1.3700000047683716,1.3700000047683716,1.3700000047683716,0
2013-06-28,1.3700000047683716,1.3700000047683716,1.3700000047683716,1.3700000047683716,1.3700000047683716,0
2013-07-02,1.3700000047683716,1.3700000047683716,1.3700000047683716,1.3700000047683716,1.3700000047683716,0
2013-07-03,1.3700000047683716,1.3700000047683716,1.3700000047683716,1.3700000047683716,1.3700000047683716,0
2013-07-04,1.3700000047683716,1.3700000047683716,1.3700000047683716,1.3700000047683716,1.3700000047683716,0
2013-07-05,1.3700000047683716,1.3700000047683716,1.3700000047683716,1.3700000047683716,1.3700000047683716,0
2013-07-08,1.3700000047683716,1.3700000047683716,1.3700000047683716,1.3700000047683716,1.3700000047683716,0
2013-07-09,1.3700000047683716,1.3700000047683716,1.3700000047683716,1.3700000047683716,1.3700000047683716,0
2013-07-10,1.3700000047683716,1.3700000047683716,1.3700000047683716,1.3700000047683716,1.3700000047683716,0
2013-07-11,1.3700000047683716,1.3700000047683716,1.3700000047683716,1.3700000047683716,1.3700000047683716,0
2013-07-12,1.3700000047683716,1.3700000047683716,1.3700000047683716,1.3700000047683716,1.3700000047683716,0
2013-07-15,1.3700000047683716,1.3700000047683716,1.3700000047683716,1.3700000047683716,1.3700000047683716,0
2013-07-16,1.3700000047683716,1.3700000047683716,1.3700000047683716,1.3700000047683716,1.3700000047683716,0
2013-07-17,1.3700000047683716,1.3700000047683716,1.3700000047683716,1.3700000047683716,1.3700000047683716,0
2013-07-18,1.3700000047683716,1.3700000047683716,1.3700000047683716,1.3700000047683716,1.3700000047683716,0
2013-07-19,1.3700000047683716,1.3700000047683716,1.3700000047683716,1.3700000047683716,1.3700000047683716,0
2013-07-22,1.3700000047683716,1.3700000047683716,1.3700000047683716,1.3700000047683716,1.3700000047683716,0
2013-07-23,1.3700000047683716,1.3700000047683716,1.3700000047683716,1.3700000047683716,1.3700000047683716,0
2013-07-24,1.3700000047683716,1.3700000047683716,1.3700000047683716,1.3700000047683716,1.3700000047683716,0
2013-07-25,1.3700000047683716,1.3700000047683716,1.3700000047683716,1.3700000047683716,1.3700000047683716,0
2013-07-26,1.3700000047683716,1.3700000047683716,1.3700000047683716,1.3700000047683716,1.3700000047683716,0
2013-07-29,1.3700000047683716,1.3700000047683716,1.3700000047683716,1.3700000047683716,1.3700000047683716,0
2013-07-30,1.3700000047683716,1.3700000047683716,1.3700000047683716,1.3700000047683716,1.3700000047683716,0
2013-07-31,1.3700000047683716,1.3700000047683716,1.3700000047683716,1.3700000047683716,1.3700000047683716,0
2013-08-01,1.3700000047683716,1.3700000047683716,1.3700000047683716,1.3700000047683716,1.3700000047683716,0
2013-08-02,1.3700000047683716,1.3700000047683716,1.3700000047683716,1.3700000047683716,1.3700000047683716,0
2013-08-05,1.3700000047683716,1.3700000047683716,1.3700000047683716,1.3700000047683716,1.3700000047683716,0
2013-08-06,1.3700000047683716,1.3700000047683716,1.3700000047683716,1.3700000047683716,1.3700000047683716,0
2013-08-07,1.3700000047683716,1.3700000047683716,1.3700000047683716,1.3700000047683716,1.3700000047683716,0
2013-08-08,1.3700000047683716,1.3700000047683716,1.3700000047683716,1.3700000047683716,1.3700000047683716,0
2013-08-09,1.3700000047683716,1.3700000047683716,1.3700000047683716,1.3700000047683716,1.3700000047683716,0
2013-08-12,1.3700000047683716,1.3700000047683716,1.3700000047683716,1.3700000047683716,1.3700000047683716,0
2013-08-13,1.3700000047683716,1.3700000047683716,1.3700000047683716,1.3700000047683716,1.3700000047683716,0
2013-08-14,1.3700000047683716,1.3700000047683716,1.3700000047683716,1.3700000047683716,1.3700000047683716,0
2013-08-15,1.3700000047683716,1.3700000047683716,1.3700000047683716,1.3700000047683716,1.3700000047683716,0
2013-08-16,1.3700000047683716,1.3700000047683716,1.3700000047683716,1.3700000047683716,1.3700000047683716,0
2013-08-19,1.3700000047683716,1.3700000047683716,1.3700000047683716,1.3700000047683716,1.3700000047683716,0
2013-08-20,1.3700000047683716,1.3700000047683716,1.3700000047683716,1.3700000047683716,1.3700000047683716,0
2013-08-21,1.3700000047683716,1.3700000047683716,1.3700000047683716,1.3700000047683716,1.3700000047683716,0
2013-08-22,1.3700000047683716,1.3700000047683716,1.3700000047683716,1.3700000047683716,1.3700000047683716,0
2013-08-23,1.3700000047683716,1.3700000047683716,1.3700000047683716,1.3700000047683716,1.3700000047683716,0
2013-08-26,1.3700000047683716,1.3700000047683716,1.3700000047683716,1.3700000047683716,1.3700000047683716,0
2013-08-27,1.3700000047683716,1.3700000047683716,1.3700000047683716,1.3700000047683716,1.3700000047683716,0
2013-08-28,1.3700000047683716,1.3700000047683716,1.3700000047683716,1.3700000047683716,1.3700000047683716,0
2013-08-29,1.3700000047683716,1.3700000047683716,1.3700000047683716,1.3700000047683716,1.3700000047683716,0
2013-08-30,1.3700000047683716,1.3700000047683716,1.3700000047683716,1.3700000047683716,1.3700000047683716,0
2013-09-02,1.3700000047683716,1.3700000047683716,1.3700000047683716,1.3700000047683716,1.3700000047683716,0
2013-09-03,1.3700000047683716,1.3700000047683716,1.3700000047683716,1.3700000047683716,1.3700000047683716,0
2013-09-04,1.3700000047683716,1.3700000047683716,1.3700000047683716,1.3700000047683716,1.3700000047683716,0
2013-09-05,1.3700000047683716,1.3700000047683716,1.3700000047683716,1.3700000047683716,1.3700000047683716,0
2013-09-06,1.3700000047683716,1.3700000047683716,1.3700000047683716,1.3700000047683716,1.3700000047683716,0
2013-09-09,1.3700000047683716,1.3700000047683716,1.3700000047683716,1.3700000047683716,1.3700000047683716,0
2013-09-10,1.3700000047683716,1.3700000047683716,1.3700000047683716,1.3700000047683716,1.3700000047683716,0
2013-09-11,1.3700000047683716,1.3700000047683716,1.3700000047683716,1.3700000047683716,1.3700000047683716,0
2013-09-12,1.3700000047683716,1.3700000047683716,1.3700000047683716,1.3700000047683716,1.3700000047683716,0
2013-09-13,1.3700000047683716,1.3700000047683716,1.3700000047683716,1.3700000047683716,1.3700000047683716,0
2013-09-16,1.3700000047683716,1.3700000047683716,1.3700000047683716,1.3700000047683716,1.3700000047683716,0
2013-09-17,1.3700000047683716,1.3700000047683716,1.3700000047683716,1.3700000047683716,1.3700000047683716,0
2013-09-18,1.3700000047683716,1.3700000047683716,1.3700000047683716,1.3700000047683716,1.3700000047683716,0
2013-09-19,1.3700000047683716,1.3700000047683716,1.3700000047683716,1.3700000047683716,1.3700000047683716,0
2013-09-23,1.3700000047683716,1.3700000047683716,1.3700000047683716,1.3700000047683716,1.3700000047683716,0
2013-09-24,1.3700000047683716,1.3700000047683716,1.3700000047683716,1.3700000047683716,1.3700000047683716,0
2013-09-25,1.3700000047683716,1.3700000047683716,1.3700000047683716,1.3700000047683716,1.3700000047683716,0
2013-09-26,1.3700000047683716,1.3700000047683716,1.3700000047683716,1.3700000047683716,1.3700000047683716,0
2013-09-27,1.3700000047683716,1.3700000047683716,1.3700000047683716,1.3700000047683716,1.3700000047683716,0
2013-09-30,1.3700000047683716,1.3700000047683716,1.3700000047683716,1.3700000047683716,1.3700000047683716,0
2013-10-02,1.3700000047683716,1.3700000047683716,1.3700000047683716,1.3700000047683716,1.3700000047683716,0
2013-10-03,1.3700000047683716,1.3700000047683716,1.3700000047683716,1.3700000047683716,1.3700000047683716,0
2013-10-04,1.3700000047683716,1.3700000047683716,1.3700000047683716,1.3700000047683716,1.3700000047683716,0
2013-10-07,1.3700000047683716,1.3700000047683716,1.3700000047683716,1.3700000047683716,1.3700000047683716,0
2013-10-08,1.3700000047683716,1.3700000047683716,1.3700000047683716,1.3700000047683716,1.3700000047683716,0
2013-10-09,1.3700000047683716,1.3700000047683716,1.3700000047683716,1.3700000047683716,1.3700000047683716,0
2013-10-10,1.3700000047683716,1.3700000047683716,1.3700000047683716,1.3700000047683716,1.3700000047683716,0
2013-10-11,1.3700000047683716,1.3700000047683716,1.3700000047683716,1.3700000047683716,1.3700000047683716,0
2013-10-15,1.3700000047683716,1.3700000047683716,1.3700000047683716,1.3700000047683716,1.3700000047683716,0
2013-10-16,1.3700000047683716,1.3700000047683716,1.3700000047683716,1.3700000047683716,1.3700000047683716,0
2013-10-17,1.3700000047683716,1.3700000047683716,1.3700000047683716,1.3700000047683716,1.3700000047683716,0
2013-10-18,1.3700000047683716,1.3700000047683716,1.3700000047683716,1.3700000047683716,1.3700000047683716,0
2013-10-21,1.3700000047683716,1.3700000047683716,1.3700000047683716,1.3700000047683716,1.3700000047683716,0
2013-10-22,1.3700000047683716,1.3700000047683716,1.3700000047683716,1.3700000047683716,1.3700000047683716,0
2013-10-23,1.3700000047683716,1.3700000047683716,1.3700000047683716,1.3700000047683716,1.3700000047683716,0
2013-10-24,1.3700000047683716,1.3700000047683716,1.3700000047683716,1.3700000047683716,1.3700000047683716,0
2013-10-25,1.3700000047683716,1.3700000047683716,1.3700000047683716,1.3700000047683716,1.3700000047683716,0
2013-10-28,1.3700000047683716,1.3700000047683716,1.3700000047683716,1.3700000047683716,1.3700000047683716,0
2013-10-29,1.3700000047683716,1.3700000047683716,1.3700000047683716,1.3700000047683716,1.3700000047683716,0
2013-10-30,1.3700000047683716,1.3700000047683716,1.3700000047683716,1.3700000047683716,1.3700000047683716,0
2013-10-31,1.3700000047683716,1.3700000047683716,1.3700000047683716,1.3700000047683716,1.3700000047683716,0
2013-11-01,1.3700000047683716,1.3700000047683716,1.3700000047683716,1.3700000047683716,1.3700000047683716,0
2013-11-04,1.3700000047683716,1.3700000047683716,1.3700000047683716,1.3700000047683716,1.3700000047683716,0
2013-11-05,1.3700000047683716,1.3700000047683716,1.3700000047683716,1.3700000047683716,1.3700000047683716,0
2013-11-06,1.3700000047683716,1.3700000047683716,1.3700000047683716,1.3700000047683716,1.3700000047683716,0
2013-11-07,1.3700000047683716,1.3700000047683716,1.3700000047683716,1.3700000047683716,1.3700000047683716,0
2013-11-08,1.3700000047683716,1.3700000047683716,1.3700000047683716,1.3700000047683716,1.3700000047683716,0
2013-11-11,1.3700000047683716,1.3700000047683716,1.3700000047683716,1.3700000047683716,1.3700000047683716,0
2013-11-12,1.3700000047683716,1.3700000047683716,1.3700000047683716,1.3700000047683716,1.3700000047683716,0
2013-11-13,1.3700000047683716,1.3700000047683716,1.3700000047683716,1.3700000047683716,1.3700000047683716,0
2013-11-14,1.3700000047683716,1.3700000047683716,1.3700000047683716,1.3700000047683716,1.3700000047683716,0
2013-11-15,1.3700000047683716,1.3700000047683716,1.3700000047683716,1.3700000047683716,1.3700000047683716,0
2013-11-18,1.3700000047683716,1.3700000047683716,1.3700000047683716,1.3700000047683716,1.3700000047683716,0
2013-11-19,1.3700000047683716,1.3700000047683716,1.3700000047683716,1.3700000047683716,1.3700000047683716,0
2013-11-20,1.3700000047683716,1.3700000047683716,1.3700000047683716,1.3700000047683716,1.3700000047683716,0
2013-11-21,1.3700000047683716,1.3700000047683716,1.3700000047683716,1.3700000047683716,1.3700000047683716,0
2013-11-22,1.3700000047683716,1.3700000047683716,1.3700000047683716,1.3700000047683716,1.3700000047683716,0
2013-11-25,1.3700000047683716,1.3700000047683716,1.3700000047683716,1.3700000047683716,1.3700000047683716,0
2013-11-26,1.3700000047683716,1.3700000047683716,1.3700000047683716,1.3700000047683716,1.3700000047683716,0
2013-11-27,1.3700000047683716,1.3700000047683716,1.3700000047683716,1.3700000047683716,1.3700000047683716,0
2013-11-28,1.3700000047683716,1.3700000047683716,1.3700000047683716,1.3700000047683716,1.3700000047683716,0
2013-11-29,1.3700000047683716,1.3700000047683716,1.3700000047683716,1.3700000047683716,1.3700000047683716,0
2013-12-02,1.3700000047683716,1.3700000047683716,1.3700000047683716,1.3700000047683716,1.3700000047683716,0
2013-12-03,1.3700000047683716,1.3700000047683716,1.3700000047683716,1.3700000047683716,1.3700000047683716,0
2013-12-04,1.3700000047683716,1.3700000047683716,1.3700000047683716,1.3700000047683716,1.3700000047683716,0
2013-12-05,1.3700000047683716,1.3700000047683716,1.3700000047683716,1.3700000047683716,1.3700000047683716,0
2013-12-06,1.3700000047683716,1.3700000047683716,1.3700000047683716,1.3700000047683716,1.3700000047683716,0
2013-12-09,1.3700000047683716,1.3700000047683716,1.3700000047683716,1.3700000047683716,1.3700000047683716,0
2013-12-10,1.3700000047683716,1.3700000047683716,1.3700000047683716,1.3700000047683716,1.3700000047683716,0
2013-12-11,1.3700000047683716,1.3700000047683716,1.3700000047683716,1.3700000047683716,1.3700000047683716,0
2013-12-12,1.3700000047683716,1.3700000047683716,1.3700000047683716,1.3700000047683716,1.3700000047683716,0
2013-12-13,1.3700000047683716,1.3700000047683716,1.3700000047683716,1.3700000047683716,1.3700000047683716,0
2013-12-16,1.3700000047683716,1.3700000047683716,1.3700000047683716,1.3700000047683716,1.3700000047683716,0
2013-12-17,1.3700000047683716,1.3700000047683716,1.3700000047683716,1.3700000047683716,1.3700000047683716,0
2013-12-18,1.3700000047683716,1.3700000047683716,1.3700000047683716,1.3700000047683716,1.3700000047683716,0
2013-12-19,1.3700000047683716,1.3700000047683716,1.3700000047683716,1.3700000047683716,1.3700000047683716,0
2013-12-20,1.3700000047683716,1.3700000047683716,1.3700000047683716,1.3700000047683716,1.3700000047683716,0
2013-12-23,1.3700000047683716,1.3700000047683716,1.3700000047683716,1.3700000047683716,1.3700000047683716,0
2013-12-24,1.3700000047683716,1.3700000047683716,1.3700000047683716,1.3700000047683716,1.3700000047683716,0
2013-12-27,1.3700000047683716,1.3700000047683716,1.3700000047683716,1.3700000047683716,1.3700000047683716,0
2013-12-30,1.3700000047683716,1.3700000047683716,1.3700000047683716,1.3700000047683716,1.3700000047683716,0
2013-12-31,1.3700000047683716,1.3700000047683716,1.3700000047683716,1.3700000047683716,1.3700000047683716,0
2014-01-02,1.3700000047683716,1.3700000047683716,1.3700000047683716,1.3700000047683716,1.3700000047683716,0
2014-01-03,1.3700000047683716,1.3700000047683716,1.3700000047683716,1.3700000047683716,1.3700000047683716,0
2014-01-06,1.3700000047683716,1.3700000047683716,1.3700000047683716,1.3700000047683716,1.3700000047683716,0
2014-01-07,1.3700000047683716,1.3700000047683716,1.3700000047683716,1.3700000047683716,1.3700000047683716,0
2014-01-08,1.3700000047683716,1.3700000047683716,1.3700000047683716,1.3700000047683716,1.3700000047683716,0
2014-01-09,1.3700000047683716,1.3700000047683716,1.3700000047683716,1.3700000047683716,1.3700000047683716,0
2014-01-10,1.3700000047683716,1.3700000047683716,1.3700000047683716,1.3700000047683716,1.3700000047683716,0
2014-01-13,1.3700000047683716,1.3700000047683716,1.3700000047683716,1.3700000047683716,1.3700000047683716,0
2014-01-14,1.3700000047683716,1.3700000047683716,1.3700000047683716,1.3700000047683716,1.3700000047683716,0
2014-01-15,1.3700000047683716,1.3700000047683716,1.3700000047683716,1.3700000047683716,1.3700000047683716,0
2014-01-16,1.3700000047683716,1.3700000047683716,1.3700000047683716,1.3700000047683716,1.3700000047683716,0
2014-01-17,1.3700000047683716,1.3700000047683716,1.3700000047683716,1.3700000047683716,1.3700000047683716,0
2014-01-20,1.3700000047683716,1.3700000047683716,1.3700000047683716,1.3700000047683716,1.3700000047683716,0
2014-01-21,1.3700000047683716,1.3700000047683716,1.3700000047683716,1.3700000047683716,1.3700000047683716,0
2014-01-22,1.3700000047683716,1.3700000047683716,1.3700000047683716,1.3700000047683716,1.3700000047683716,0
2014-01-23,1.3700000047683716,1.3700000047683716,1.3700000047683716,1.3700000047683716,1.3700000047683716,0
2014-01-24,1.3700000047683716,1.3700000047683716,1.3700000047683716,1.3700000047683716,1.3700000047683716,0
2014-01-27,1.3700000047683716,1.3700000047683716,1.3700000047683716,1.3700000047683716,1.3700000047683716,0
2014-01-28,1.3700000047683716,1.3700000047683716,1.3700000047683716,1.3700000047683716,1.3700000047683716,0
2014-01-29,1.3700000047683716,1.3700000047683716,1.3700000047683716,1.3700000047683716,1.3700000047683716,0
2014-01-30,1.3700000047683716,1.3700000047683716,1.3700000047683716,1.3700000047683716,1.3700000047683716,0
2014-02-04,1.3700000047683716,1.3700000047683716,1.3700000047683716,1.3700000047683716,1.3700000047683716,0
2014-02-05,1.3700000047683716,1.3700000047683716,1.3700000047683716,1.3700000047683716,1.3700000047683716,0
2014-02-06,1.3700000047683716,1.3700000047683716,1.3700000047683716,1.3700000047683716,1.3700000047683716,0
2014-02-07,1.3700000047683716,1.3700000047683716,1.3700000047683716,1.3700000047683716,1.3700000047683716,0
2014-02-10,1.3700000047683716,1.3700000047683716,1.3700000047683716,1.3700000047683716,1.3700000047683716,0
2014-02-11,1.3700000047683716,1.3700000047683716,1.3700000047683716,1.3700000047683716,1.3700000047683716,0
2014-02-12,1.3700000047683716,1.3700000047683716,1.3700000047683716,1.3700000047683716,1.3700000047683716,0
2014-02-13,1.3700000047683716,1.3700000047683716,1.3700000047683716,1.3700000047683716,1.3700000047683716,0
2014-02-14,1.3700000047683716,1.3700000047683716,1.3700000047683716,1.3700000047683716,1.3700000047683716,0
2014-02-17,1.3700000047683716,1.3700000047683716,1.3700000047683716,1.3700000047683716,1.3700000047683716,0
2014-02-18,1.3700000047683716,1.3700000047683716,1.3700000047683716,1.3700000047683716,1.3700000047683716,0
2014-02-19,1.3700000047683716,1.3700000047683716,1.3700000047683716,1.3700000047683716,1.3700000047683716,0
2014-02-20,1.3700000047683716,1.3700000047683716,1.3700000047683716,1.3700000047683716,1.3700000047683716,0
2014-02-21,1.3700000047683716,1.3700000047683716,1.3700000047683716,1.3700000047683716,1.3700000047683716,0
2014-02-24,1.3700000047683716,1.3700000047683716,1.3700000047683716,1.3700000047683716,1.3700000047683716,0
2014-02-25,1.3700000047683716,1.3700000047683716,1.3700000047683716,1.3700000047683716,1.3700000047683716,0
2014-02-26,1.3700000047683716,1.3700000047683716,1.3700000047683716,1.3700000047683716,1.3700000047683716,0
2014-02-27,1.3700000047683716,1.3700000047683716,1.3700000047683716,1.3700000047683716,1.3700000047683716,0
2014-02-28,1.3700000047683716,1.3700000047683716,1.3700000047683716,1.3700000047683716,1.3700000047683716,0
2014-03-03,1.3700000047683716,1.3700000047683716,1.3700000047683716,1.3700000047683716,1.3700000047683716,0
2014-03-04,1.3700000047683716,1.3700000047683716,1.3700000047683716,1.3700000047683716,1.3700000047683716,0
2014-03-05,1.3700000047683716,1.3700000047683716,1.3700000047683716,1.3700000047683716,1.3700000047683716,0
2014-03-06,1.3700000047683716,1.3700000047683716,1.3700000047683716,1.3700000047683716,1.3700000047683716,0
2014-03-07,1.3700000047683716,1.3700000047683716,1.3700000047683716,1.3700000047683716,1.3700000047683716,0
2014-03-10,1.3700000047683716,1.3700000047683716,1.3700000047683716,1.3700000047683716,1.3700000047683716,0
2014-03-11,1.3700000047683716,1.3700000047683716,1.3700000047683716,1.3700000047683716,1.3700000047683716,0
2014-03-12,1.3700000047683716,1.3700000047683716,1.3700000047683716,1.3700000047683716,1.3700000047683716,0
2014-03-13,1.3700000047683716,1.3700000047683716,1.3700000047683716,1.3700000047683716,1.3700000047683716,0
2014-03-14,1.3700000047683716,1.3700000047683716,1.3700000047683716,1.3700000047683716,1.3700000047683716,0
2014-03-17,1.3700000047683716,1.3700000047683716,1.3700000047683716,1.3700000047683716,1.3700000047683716,0
2014-03-18,1.3700000047683716,1.3700000047683716,1.3700000047683716,1.3700000047683716,1.3700000047683716,0
2014-03-19,1.3700000047683716,1.3700000047683716,1.3700000047683716,1.3700000047683716,1.3700000047683716,0
2014-03-20,1.3700000047683716,1.3700000047683716,1.3700000047683716,1.3700000047683716,1.3700000047683716,0
2014-03-21,1.3700000047683716,1.3700000047683716,1.3700000047683716,1.3700000047683716,1.3700000047683716,0
2014-03-24,1.3700000047683716,1.3700000047683716,1.3700000047683716,1.3700000047683716,1.3700000047683716,0
2014-03-25,1.3700000047683716,1.3700000047683716,1.3700000047683716,1.3700000047683716,1.3700000047683716,0
2014-03-26,1.3700000047683716,1.3700000047683716,1.3700000047683716,1.3700000047683716,1.3700000047683716,0
2014-03-27,1.3700000047683716,1.3700000047683716,1.3700000047683716,1.3700000047683716,1.3700000047683716,0
2014-03-28,1.3700000047683716,1.3700000047683716,1.3700000047683716,1.3700000047683716,1.3700000047683716,0
2014-03-31,1.3700000047683716,1.3700000047683716,1.3700000047683716,1.3700000047683716,1.3700000047683716,0
2014-04-01,1.3700000047683716,1.3700000047683716,1.3700000047683716,1.3700000047683716,1.3700000047683716,0
2014-04-02,1.3700000047683716,1.3700000047683716,1.3700000047683716,1.3700000047683716,1.3700000047683716,0
2014-04-03,1.3700000047683716,1.3700000047683716,1.3700000047683716,1.3700000047683716,1.3700000047683716,0
2014-04-04,1.3700000047683716,1.3700000047683716,1.3700000047683716,1.3700000047683716,1.3700000047683716,0
2014-04-07,1.3700000047683716,1.3700000047683716,1.3700000047683716,1.3700000047683716,1.3700000047683716,0
2014-04-08,1.3700000047683716,1.3700000047683716,1.3700000047683716,1.3700000047683716,1.3700000047683716,0
2014-04-09,1.3700000047683716,1.3700000047683716,1.3700000047683716,1.3700000047683716,1.3700000047683716,0
2014-04-10,1.3700000047683716,1.3700000047683716,1.3700000047683716,1.3700000047683716,1.3700000047683716,0
2014-04-11,1.3700000047683716,1.3700000047683716,1.3700000047683716,1.3700000047683716,1.3700000047683716,0
2014-04-14,1.3700000047683716,1.3700000047683716,1.3700000047683716,1.3700000047683716,1.3700000047683716,0
2014-04-15,1.3700000047683716,1.3700000047683716,1.3700000047683716,1.3700000047683716,1.3700000047683716,0
2014-04-16,1.3700000047683716,1.3700000047683716,1.3700000047683716,1.3700000047683716,1.3700000047683716,0
2014-04-17,1.3700000047683716,1.3700000047683716,1.3700000047683716,1.3700000047683716,1.3700000047683716,0
2014-04-22,1.3700000047683716,1.3700000047683716,1.3700000047683716,1.3700000047683716,1.3700000047683716,0
2014-04-23,1.3700000047683716,1.3700000047683716,1.3700000047683716,1.3700000047683716,1.3700000047683716,0
2014-04-24,1.3700000047683716,1.3700000047683716,1.3700000047683716,1.3700000047683716,1.3700000047683716,0
2014-04-25,1.3700000047683716,1.3700000047683716,1.3700000047683716,1.3700000047683716,1.3700000047683716,0
2014-04-28,1.3700000047683716,1.3700000047683716,1.3700000047683716,1.3700000047683716,1.3700000047683716,0
2014-04-29,1.3700000047683716,1.3700000047683716,1.3700000047683716,1.3700000047683716,1.3700000047683716,0
2014-04-30,1.3700000047683716,1.3700000047683716,1.3700000047683716,1.3700000047683716,1.3700000047683716,0
2014-05-02,1.3700000047683716,1.3700000047683716,1.3700000047683716,1.3700000047683716,1.3700000047683716,0
2014-05-05,1.3700000047683716,1.3700000047683716,1.3700000047683716,1.3700000047683716,1.3700000047683716,0
2014-05-07,1.3700000047683716,1.3700000047683716,1.3700000047683716,1.3700000047683716,1.3700000047683716,0
2014-05-08,1.3700000047683716,1.3700000047683716,1.3700000047683716,1.3700000047683716,1.3700000047683716,0
2014-05-09,1.3700000047683716,1.3700000047683716,1.3700000047683716,1.3700000047683716,1.3700000047683716,0
2014-05-12,1.3700000047683716,1.3700000047683716,1.3700000047683716,1.3700000047683716,1.3700000047683716,0
2014-05-13,1.3700000047683716,1.3700000047683716,1.3700000047683716,1.3700000047683716,1.3700000047683716,0
2014-05-14,1.3700000047683716,1.3700000047683716,1.3700000047683716,1.3700000047683716,1.3700000047683716,0
2014-05-15,1.3700000047683716,1.3700000047683716,1.3700000047683716,1.3700000047683716,1.3700000047683716,0
2014-05-16,1.3700000047683716,1.3700000047683716,1.3700000047683716,1.3700000047683716,1.3700000047683716,0
2014-05-19,1.3700000047683716,1.3700000047683716,1.3700000047683716,1.3700000047683716,1.3700000047683716,0
2014-05-20,1.3700000047683716,1.3700000047683716,1.3700000047683716,1.3700000047683716,1.3700000047683716,0
2014-05-21,1.3700000047683716,1.3700000047683716,1.3700000047683716,1.3700000047683716,1.3700000047683716,0
2014-05-22,1.3700000047683716,1.3700000047683716,1.3700000047683716,1.3700000047683716,1.3700000047683716,0
2014-05-23,1.3700000047683716,1.3700000047683716,1.3700000047683716,1.3700000047683716,1.3700000047683716,0
2014-05-26,1.3700000047683716,1.3700000047683716,1.3700000047683716,1.3700000047683716,1.3700000047683716,0
2014-05-27,1.3700000047683716,1.3700000047683716,1.3700000047683716,1.3700000047683716,1.3700000047683716,0
2014-05-28,1.3700000047683716,1.3700000047683716,1.3700000047683716,1.3700000047683716,1.3700000047683716,0
2014-05-29,1.3700000047683716,1.3700000047683716,1.3700000047683716,1.3700000047683716,1.3700000047683716,0
2014-05-30,1.3700000047683716,1.3700000047683716,1.3700000047683716,1.3700000047683716,1.3700000047683716,0
2014-06-03,1.3700000047683716,1.3700000047683716,1.3700000047683716,1.3700000047683716,1.3700000047683716,0
2014-06-04,1.3700000047683716,1.3700000047683716,1.3700000047683716,1.3700000047683716,1.3700000047683716,0
2014-06-05,1.3700000047683716,1.3700000047683716,1.3700000047683716,1.3700000047683716,1.3700000047683716,0
2014-06-06,1.3700000047683716,1.3700000047683716,1.3700000047683716,1.3700000047683716,1.3700000047683716,0
2014-06-09,1.3700000047683716,1.3700000047683716,1.3700000047683716,1.3700000047683716,1.3700000047683716,0
2014-06-10,1.3700000047683716,1.3700000047683716,1.3700000047683716,1.3700000047683716,1.3700000047683716,0
2014-06-11,1.3700000047683716,1.3700000047683716,1.3700000047683716,1.3700000047683716,1.3700000047683716,0
2014-06-12,1.3700000047683716,1.3700000047683716,1.3700000047683716,1.3700000047683716,1.3700000047683716,0
2014-06-13,1.3700000047683716,1.3700000047683716,1.3700000047683716,1.3700000047683716,1.3700000047683716,0
2014-06-16,1.3700000047683716,1.3700000047683716,1.3700000047683716,1.3700000047683716,1.3700000047683716,0
2014-06-17,1.3700000047683716,1.3700000047683716,1.3700000047683716,1.3700000047683716,1.3700000047683716,0
2014-06-18,1.3700000047683716,1.3700000047683716,1.3700000047683716,1.3700000047683716,1.3700000047683716,0
2014-06-19,1.3700000047683716,1.3700000047683716,1.3700000047683716,1.3700000047683716,1.3700000047683716,0
2014-06-20,1.3700000047683716,1.3700000047683716,1.3700000047683716,1.3700000047683716,1.3700000047683716,0
2014-06-23,1.3700000047683716,1.3700000047683716,1.3700000047683716,1.3700000047683716,1.3700000047683716,0
2014-06-24,1.3700000047683716,1.3700000047683716,1.3700000047683716,1.3700000047683716,1.3700000047683716,0
2014-06-25,1.3700000047683716,1.3700000047683716,1.3700000047683716,1.3700000047683716,1.3700000047683716,0
2014-06-26,1.3700000047683716,1.3700000047683716,1.3700000047683716,1.3700000047683716,1.3700000047683716,0
2014-06-27,1.3700000047683716,1.3700000047683716,1.3700000047683716,1.3700000047683716,1.3700000047683716,0
2014-06-30,1.3700000047683716,1.3700000047683716,1.3700000047683716,1.3700000047683716,1.3700000047683716,0
2014-07-02,1.3700000047683716,1.3700000047683716,1.3700000047683716,1.3700000047683716,1.3700000047683716,0
2014-07-03,1.3700000047683716,1.3700000047683716,1.3700000047683716,1.3700000047683716,1.3700000047683716,0
2014-07-04,1.3700000047683716,1.3700000047683716,1.3700000047683716,1.3700000047683716,1.3700000047683716,0
2014-07-07,1.3700000047683716,1.3700000047683716,1.3700000047683716,1.3700000047683716,1.3700000047683716,0
2014-07-08,1.3700000047683716,1.3700000047683716,1.3700000047683716,1.3700000047683716,1.3700000047683716,0
2014-07-09,1.3700000047683716,1.3700000047683716,1.3700000047683716,1.3700000047683716,1.3700000047683716,0
2014-07-10,1.3700000047683716,1.3700000047683716,1.3700000047683716,1.3700000047683716,1.3700000047683716,0
2014-07-11,1.3700000047683716,1.3700000047683716,1.3700000047683716,1.3700000047683716,1.3700000047683716,0
2014-07-14,1.3700000047683716,1.3700000047683716,1.3700000047683716,1.3700000047683716,1.3700000047683716,0
2014-07-15,1.3700000047683716,1.3700000047683716,1.3700000047683716,1.3700000047683716,1.3700000047683716,0
2014-07-16,1.3700000047683716,1.3700000047683716,1.3700000047683716,1.3700000047683716,1.3700000047683716,0
2014-07-17,1.3700000047683716,1.3700000047683716,1.3700000047683716,1.3700000047683716,1.3700000047683716,0
2014-07-18,1.3700000047683716,1.3700000047683716,1.3700000047683716,1.3700000047683716,1.3700000047683716,0
2014-07-21,1.3700000047683716,1.3700000047683716,1.3700000047683716,1.3700000047683716,1.3700000047683716,0
2014-07-22,1.3700000047683716,1.3700000047683716,1.3700000047683716,1.3700000047683716,1.3700000047683716,0
2014-07-23,1.3700000047683716,1.3700000047683716,1.3700000047683716,1.3700000047683716,1.3700000047683716,0
2014-07-24,1.3700000047683716,1.3700000047683716,1.3700000047683716,1.3700000047683716,1.3700000047683716,0
2014-07-25,1.3700000047683716,1.3700000047683716,1.3700000047683716,1.3700000047683716,1.3700000047683716,0
2014-07-28,1.3700000047683716,1.3700000047683716,1.3700000047683716,1.3700000047683716,1.3700000047683716,0
2014-07-29,1.3700000047683716,1.3700000047683716,1.3700000047683716,1.3700000047683716,1.3700000047683716,0
2014-07-30,1.3700000047683716,1.3700000047683716,1.3700000047683716,1.3700000047683716,1.3700000047683716,0
2014-07-31,1.3700000047683716,1.3700000047683716,1.3700000047683716,1.3700000047683716,1.3700000047683716,0
2014-08-01,1.3700000047683716,1.3700000047683716,1.3700000047683716,1.3700000047683716,1.3700000047683716,0
2014-08-04,1.3700000047683716,1.3700000047683716,1.3700000047683716,1.3700000047683716,1.3700000047683716,0
2014-08-05,1.3700000047683716,1.3700000047683716,1.3700000047683716,1.3700000047683716,1.3700000047683716,0
2014-08-06,1.3700000047683716,1.3700000047683716,1.3700000047683716,1.3700000047683716,1.3700000047683716,0
2014-08-07,1.3700000047683716,1.3700000047683716,1.3700000047683716,1.3700000047683716,1.3700000047683716,0
2014-08-08,1.3700000047683716,1.3700000047683716,1.3700000047683716,1.3700000047683716,1.3700000047683716,0
2014-08-11,1.3700000047683716,1.3700000047683716,1.3700000047683716,1.3700000047683716,1.3700000047683716,0
2014-08-12,1.3700000047683716,1.3700000047683716,1.3700000047683716,1.3700000047683716,1.3700000047683716,0
2014-08-13,1.3700000047683716,1.3700000047683716,1.3700000047683716,1.3700000047683716,1.3700000047683716,0
2014-08-14,1.3700000047683716,1.3700000047683716,1.3700000047683716,1.3700000047683716,1.3700000047683716,0
2014-08-15,1.3700000047683716,1.3700000047683716,1.3700000047683716,1.3700000047683716,1.3700000047683716,0
2014-08-18,1.3700000047683716,1.3700000047683716,1.3700000047683716,1.3700000047683716,1.3700000047683716,0
2014-08-19,1.3700000047683716,1.3700000047683716,1.3700000047683716,1.3700000047683716,1.3700000047683716,0
2014-08-20,1.3700000047683716,1.3700000047683716,1.3700000047683716,1.3700000047683716,1.3700000047683716,0
2014-08-21,1.3700000047683716,1.3700000047683716,1.3700000047683716,1.3700000047683716,1.3700000047683716,0
2014-08-22,1.3700000047683716,1.3700000047683716,1.3700000047683716,1.3700000047683716,1.3700000047683716,0
2014-08-25,1.3700000047683716,1.3700000047683716,1.3700000047683716,1.3700000047683716,1.3700000047683716,0
2014-08-26,1.3700000047683716,1.3700000047683716,1.3700000047683716,1.3700000047683716,1.3700000047683716,0
2014-08-27,1.3700000047683716,1.3700000047683716,1.3700000047683716,1.3700000047683716,1.3700000047683716,0
2014-08-28,1.3700000047683716,1.3700000047683716,1.3700000047683716,1.3700000047683716,1.3700000047683716,0
2014-08-29,1.3700000047683716,1.3700000047683716,1.3700000047683716,1.3700000047683716,1.3700000047683716,0
2014-09-01,1.3700000047683716,1.3700000047683716,1.3700000047683716,1.3700000047683716,1.3700000047683716,0
2014-09-02,1.3700000047683716,1.3700000047683716,1.3700000047683716,1.3700000047683716,1.3700000047683716,0
2014-09-03,1.3700000047683716,1.3700000047683716,1.3700000047683716,1.3700000047683716,1.3700000047683716,0
2014-09-04,1.3700000047683716,1.3700000047683716,1.3700000047683716,1.3700000047683716,1.3700000047683716,0
2014-09-05,1.3700000047683716,1.3700000047683716,1.3700000047683716,1.3700000047683716,1.3700000047683716,0
2014-09-08,1.3700000047683716,1.3700000047683716,1.3700000047683716,1.3700000047683716,1.3700000047683716,0
2014-09-10,1.3700000047683716,1.3700000047683716,1.3700000047683716,1.3700000047683716,1.3700000047683716,0
2014-09-11,1.3700000047683716,1.3700000047683716,1.3700000047683716,1.3700000047683716,1.3700000047683716,0
2014-09-12,1.3700000047683716,1.3700000047683716,1.3700000047683716,1.3700000047683716,1.3700000047683716,0
2014-09-15,1.3700000047683716,1.3700000047683716,1.3700000047683716,1.3700000047683716,1.3700000047683716,0
2014-09-16,1.3700000047683716,1.3700000047683716,1.3700000047683716,1.3700000047683716,1.3700000047683716,0
2014-09-17,1.3700000047683716,1.3700000047683716,1.3700000047683716,1.3700000047683716,1.3700000047683716,0
2014-09-18,1.3700000047683716,1.3700000047683716,1.3700000047683716,1.3700000047683716,1.3700000047683716,0
2014-09-19,1.3700000047683716,1.3700000047683716,1.3700000047683716,1.3700000047683716,1.3700000047683716,0
2014-09-22,1.3700000047683716,1.3700000047683716,1.3700000047683716,1.3700000047683716,1.3700000047683716,0
2014-09-23,1.3700000047683716,1.3700000047683716,1.3700000047683716,1.3700000047683716,1.3700000047683716,0
2014-09-24,1.3700000047683716,1.3700000047683716,1.3700000047683716,1.3700000047683716,1.3700000047683716,0
2014-09-25,1.3700000047683716,1.3700000047683716,1.3700000047683716,1.3700000047683716,1.3700000047683716,0
2014-09-26,1.3700000047683716,1.3700000047683716,1.3700000047683716,1.3700000047683716,1.3700000047683716,0
2014-09-29,1.3700000047683716,1.3700000047683716,1.3700000047683716,1.3700000047683716,1.3700000047683716,0
2014-09-30,1.3700000047683716,1.3700000047683716,1.3700000047683716,1.3700000047683716,1.3700000047683716,0
2014-10-03,1.3700000047683716,1.3700000047683716,1.3700000047683716,1.3700000047683716,1.3700000047683716,0
2014-10-06,1.3700000047683716,1.3700000047683716,1.3700000047683716,1.3700000047683716,1.3700000047683716,0
2014-10-07,1.3700000047683716,1.3700000047683716,1.3700000047683716,1.3700000047683716,1.3700000047683716,0
2014-10-08,1.3700000047683716,1.3700000047683716,1.3700000047683716,1.3700000047683716,1.3700000047683716,0
2014-10-09,1.3700000047683716,1.3700000047683716,1.3700000047683716,1.3700000047683716,1.3700000047683716,0
2014-10-10,1.3700000047683716,1.3700000047683716,1.3700000047683716,1.3700000047683716,1.3700000047683716,0
2014-10-13,1.3700000047683716,1.3700000047683716,1.3700000047683716,1.3700000047683716,1.3700000047683716,0
2014-10-14,1.3700000047683716,1.3700000047683716,1.3700000047683716,1.3700000047683716,1.3700000047683716,0
2014-10-15,1.3700000047683716,1.3700000047683716,1.3700000047683716,1.3700000047683716,1.3700000047683716,0
2014-10-16,1.3700000047683716,1.3700000047683716,1.3700000047683716,1.3700000047683716,1.3700000047683716,0
2014-10-17,1.3700000047683716,1.3700000047683716,1.3700000047683716,1.3700000047683716,1.3700000047683716,0
2014-10-20,1.3700000047683716,1.3700000047683716,1.3700000047683716,1.3700000047683716,1.3700000047683716,0
2014-10-21,1.3700000047683716,1.3700000047683716,1.3700000047683716,1.3700000047683716,1.3700000047683716,0
2014-10-22,1.3700000047683716,1.3700000047683716,1.3700000047683716,1.3700000047683716,1.3700000047683716,0
2014-10-23,1.3700000047683716,1.3700000047683716,1.3700000047683716,1.3700000047683716,1.3700000047683716,0
2014-10-24,1.3700000047683716,1.3700000047683716,1.3700000047683716,1.3700000047683716,1.3700000047683716,0
2014-10-27,1.3700000047683716,1.3700000047683716,1.3700000047683716,1.3700000047683716,1.3700000047683716,0
2014-10-28,1.3700000047683716,1.3700000047683716,1.3700000047683716,1.3700000047683716,1.3700000047683716,0
2014-10-29,1.3700000047683716,1.3700000047683716,1.3700000047683716,1.3700000047683716,1.3700000047683716,0
2014-10-30,1.3700000047683716,1.3700000047683716,1.3700000047683716,1.3700000047683716,1.3700000047683716,0
2014-10-31,1.3700000047683716,1.3700000047683716,1.3700000047683716,1.3700000047683716,1.3700000047683716,0
2014-11-03,1.3700000047683716,1.3700000047683716,1.3700000047683716,1.3700000047683716,1.3700000047683716,0
2014-11-04,1.3700000047683716,1.3700000047683716,1.3700000047683716,1.3700000047683716,1.3700000047683716,0
2014-11-05,1.3700000047683716,1.3700000047683716,1.3700000047683716,1.3700000047683716,1.3700000047683716,0
2014-11-06,1.3700000047683716,1.3700000047683716,1.3700000047683716,1.3700000047683716,1.3700000047683716,0
2014-11-07,1.3700000047683716,1.3700000047683716,1.3700000047683716,1.3700000047683716,1.3700000047683716,0
2014-11-10,1.3700000047683716,1.3700000047683716,1.3700000047683716,1.3700000047683716,1.3700000047683716,0
2014-11-11,1.3700000047683716,1.3700000047683716,1.3700000047683716,1.3700000047683716,1.3700000047683716,0
2014-11-12,1.3700000047683716,1.3700000047683716,1.3700000047683716,1.3700000047683716,1.3700000047683716,0
2014-11-13,1.3700000047683716,1.3700000047683716,1.3700000047683716,1.3700000047683716,1.3700000047683716,0
2014-11-14,1.3700000047683716,1.3700000047683716,1.3700000047683716,1.3700000047683716,1.3700000047683716,0
2014-11-17,1.3700000047683716,1.3700000047683716,1.3700000047683716,1.3700000047683716,1.3700000047683716,0
2014-11-18,1.3700000047683716,1.3700000047683716,1.3700000047683716,1.3700000047683716,1.3700000047683716,0
2014-11-19,1.3700000047683716,1.3700000047683716,1.3700000047683716,1.3700000047683716,1.3700000047683716,0
2014-11-20,1.3700000047683716,1.3700000047683716,1.3700000047683716,1.3700000047683716,1.3700000047683716,0
2014-11-21,1.3700000047683716,1.3700000047683716,1.3700000047683716,1.3700000047683716,1.3700000047683716,0
2014-11-24,1.3700000047683716,1.3700000047683716,1.3700000047683716,1.3700000047683716,1.3700000047683716,0
2014-11-25,1.3700000047683716,1.3700000047683716,1.3700000047683716,1.3700000047683716,1.3700000047683716,0
2014-11-26,1.3700000047683716,1.3700000047683716,1.3700000047683716,1.3700000047683716,1.3700000047683716,0
2014-11-27,1.3700000047683716,1.3700000047683716,1.3700000047683716,1.3700000047683716,1.3700000047683716,0
2014-11-28,1.3700000047683716,1.3700000047683716,1.3700000047683716,1.3700000047683716,1.3700000047683716,0
2014-12-01,1.3700000047683716,1.3700000047683716,1.3700000047683716,1.3700000047683716,1.3700000047683716,0
2014-12-02,1.3700000047683716,1.3700000047683716,1.3700000047683716,1.3700000047683716,1.3700000047683716,0
2014-12-03,1.3700000047683716,1.3700000047683716,1.3700000047683716,1.3700000047683716,1.3700000047683716,0
2014-12-04,1.3700000047683716,1.3700000047683716,1.3700000047683716,1.3700000047683716,1.3700000047683716,0
2014-12-05,1.3700000047683716,1.3700000047683716,1.3700000047683716,1.3700000047683716,1.3700000047683716,0
2014-12-08,1.3700000047683716,1.3700000047683716,1.3700000047683716,1.3700000047683716,1.3700000047683716,0
2014-12-09,1.3700000047683716,1.3700000047683716,1.3700000047683716,1.3700000047683716,1.3700000047683716,0
2014-12-10,1.3700000047683716,1.3700000047683716,1.3700000047683716,1.3700000047683716,1.3700000047683716,0
2014-12-11,1.3700000047683716,1.3700000047683716,1.3700000047683716,1.3700000047683716,1.3700000047683716,0
2014-12-12,1.3700000047683716,1.3700000047683716,1.3700000047683716,1.3700000047683716,1.3700000047683716,0
2014-12-15,1.3700000047683716,1.3700000047683716,1.3700000047683716,1.3700000047683716,1.3700000047683716,0
2014-12-16,1.3700000047683716,1.3700000047683716,1.3700000047683716,1.3700000047683716,1.3700000047683716,0
2014-12-17,1.3700000047683716,1.3700000047683716,1.3700000047683716,1.3700000047683716,1.3700000047683716,0
2014-12-18,1.3700000047683716,1.3700000047683716,1.3700000047683716,1.3700000047683716,1.3700000047683716,0
2014-12-19,1.3700000047683716,1.3700000047683716,1.3700000047683716,1.3700000047683716,1.3700000047683716,0
2014-12-22,1.3700000047683716,1.3700000047683716,1.3700000047683716,1.3700000047683716,1.3700000047683716,0
2014-12-23,1.3700000047683716,1.3700000047683716,1.3700000047683716,1.3700000047683716,1.3700000047683716,0
2014-12-24,1.3700000047683716,1.3700000047683716,1.3700000047683716,1.3700000047683716,1.3700000047683716,0
2014-12-29,1.3700000047683716,1.3700000047683716,1.3700000047683716,1.3700000047683716,1.3700000047683716,0
2014-12-30,1.3700000047683716,1.3700000047683716,1.3700000047683716,1.3700000047683716,1.3700000047683716,0
2014-12-31,1.3700000047683716,1.3700000047683716,1.3700000047683716,1.3700000047683716,1.3700000047683716,0
2015-01-02,1.3700000047683716,1.3700000047683716,1.3700000047683716,1.3700000047683716,1.3700000047683716,0
2015-01-05,1.3700000047683716,1.3700000047683716,1.3700000047683716,1.3700000047683716,1.3700000047683716,0
2015-01-06,1.3700000047683716,1.3700000047683716,1.3700000047683716,1.3700000047683716,1.3700000047683716,0
2015-01-07,1.3700000047683716,1.3700000047683716,1.3700000047683716,1.3700000047683716,1.3700000047683716,0
2015-01-08,1.3700000047683716,1.3700000047683716,1.3700000047683716,1.3700000047683716,1.3700000047683716,0
2015-01-09,1.3700000047683716,1.3700000047683716,1.3700000047683716,1.3700000047683716,1.3700000047683716,0
2015-01-12,1.3700000047683716,1.3700000047683716,1.3700000047683716,1.3700000047683716,1.3700000047683716,0
2015-01-13,1.3700000047683716,1.3700000047683716,1.3700000047683716,1.3700000047683716,1.3700000047683716,0
2015-01-14,1.3700000047683716,1.3700000047683716,1.3700000047683716,1.3700000047683716,1.3700000047683716,0
2015-01-15,1.3700000047683716,1.3700000047683716,1.3700000047683716,1.3700000047683716,1.3700000047683716,0
2015-01-16,1.3700000047683716,1.3700000047683716,1.3700000047683716,1.3700000047683716,1.3700000047683716,0
2015-01-19,1.3700000047683716,1.3700000047683716,1.3700000047683716,1.3700000047683716,1.3700000047683716,0
2015-01-20,1.3700000047683716,1.3700000047683716,1.3700000047683716,1.3700000047683716,1.3700000047683716,0
2015-01-21,1.3700000047683716,1.3700000047683716,1.3700000047683716,1.3700000047683716,1.3700000047683716,0
2015-01-22,1.3700000047683716,1.3700000047683716,1.3700000047683716,1.3700000047683716,1.3700000047683716,0
2015-01-23,1.3700000047683716,1.3700000047683716,1.3700000047683716,1.3700000047683716,1.3700000047683716,0
2015-01-26,1.3700000047683716,1.3700000047683716,1.3700000047683716,1.3700000047683716,1.3700000047683716,0
2015-01-27,1.3700000047683716,1.3700000047683716,1.3700000047683716,1.3700000047683716,1.3700000047683716,0
2015-01-28,1.3700000047683716,1.3700000047683716,1.3700000047683716,1.3700000047683716,1.3700000047683716,0
2015-01-29,1.3700000047683716,1.3700000047683716,1.3700000047683716,1.3700000047683716,1.3700000047683716,0
2015-01-30,1.3700000047683716,1.3700000047683716,1.3700000047683716,1.3700000047683716,1.3700000047683716,0
2015-02-02,1.3700000047683716,1.3700000047683716,1.3700000047683716,1.3700000047683716,1.3700000047683716,0
2015-02-03,1.3700000047683716,1.3700000047683716,1.3700000047683716,1.3700000047683716,1.3700000047683716,0
2015-02-04,1.3700000047683716,1.3700000047683716,1.3700000047683716,1.3700000047683716,1.3700000047683716,0
2015-02-05,1.3700000047683716,1.3700000047683716,1.3700000047683716,1.3700000047683716,1.3700000047683716,0
2015-02-06,1.3700000047683716,1.3700000047683716,1.3700000047683716,1.3700000047683716,1.3700000047683716,0
2015-02-09,1.3700000047683716,1.3700000047683716,1.3700000047683716,1.3700000047683716,1.3700000047683716,0
2015-02-10,1.3700000047683716,1.3700000047683716,1.3700000047683716,1.3700000047683716,1.3700000047683716,0
2015-02-11,1.3700000047683716,1.3700000047683716,1.3700000047683716,1.3700000047683716,1.3700000047683716,0
2015-02-12,1.3700000047683716,1.3700000047683716,1.3700000047683716,1.3700000047683716,1.3700000047683716,0
2015-02-13,1.3700000047683716,1.3700000047683716,1.3700000047683716,1.3700000047683716,1.3700000047683716,0
2015-02-16,1.3700000047683716,1.3700000047683716,1.3700000047683716,1.3700000047683716,1.3700000047683716,0
2015-02-17,1.3700000047683716,1.3700000047683716,1.3700000047683716,1.3700000047683716,1.3700000047683716,0
2015-02-18,1.3700000047683716,1.3700000047683716,1.3700000047683716,1.3700000047683716,1.3700000047683716,0
2015-02-23,1.3700000047683716,1.3700000047683716,1.3700000047683716,1.3700000047683716,1.3700000047683716,0
2015-02-24,1.3700000047683716,1.3700000047683716,1.3700000047683716,1.3700000047683716,1.3700000047683716,0
2015-02-25,1.3700000047683716,1.3700000047683716,1.3700000047683716,1.3700000047683716,1.3700000047683716,0
2015-02-26,1.3700000047683716,1.3700000047683716,1.3700000047683716,1.3700000047683716,1.3700000047683716,0
2015-02-27,1.3700000047683716,1.3700000047683716,1.3700000047683716,1.3700000047683716,1.3700000047683716,0
2015-03-02,1.3700000047683716,1.3700000047683716,1.3700000047683716,1.3700000047683716,1.3700000047683716,0
2015-03-03,1.3700000047683716,1.3700000047683716,1.3700000047683716,1.3700000047683716,1.3700000047683716,0
2015-03-04,1.3700000047683716,1.3700000047683716,1.3700000047683716,1.3700000047683716,1.3700000047683716,0
2015-03-05,1.3700000047683716,1.3700000047683716,1.3700000047683716,1.3700000047683716,1.3700000047683716,0
2015-03-06,1.3700000047683716,1.3700000047683716,1.3700000047683716,1.3700000047683716,1.3700000047683716,0
2015-03-09,1.3700000047683716,1.3700000047683716,1.3700000047683716,1.3700000047683716,1.3700000047683716,0
2015-03-10,1.3700000047683716,1.3700000047683716,1.3700000047683716,1.3700000047683716,1.3700000047683716,0
2015-03-11,1.3700000047683716,1.3700000047683716,1.3700000047683716,1.3700000047683716,1.3700000047683716,0
2015-03-12,1.3700000047683716,1.3700000047683716,1.3700000047683716,1.3700000047683716,1.3700000047683716,0
2015-03-13,1.3700000047683716,1.3700000047683716,1.3700000047683716,1.3700000047683716,1.3700000047683716,0
2015-03-16,1.3700000047683716,1.3700000047683716,1.3700000047683716,1.3700000047683716,1.3700000047683716,0
2015-03-17,1.3700000047683716,1.3700000047683716,1.3700000047683716,1.3700000047683716,1.3700000047683716,0
2015-03-18,1.3700000047683716,1.3700000047683716,1.3700000047683716,1.3700000047683716,1.3700000047683716,0
2015-03-19,1.3700000047683716,1.3700000047683716,1.3700000047683716,1.3700000047683716,1.3700000047683716,0
2015-03-20,1.3700000047683716,1.3700000047683716,1.3700000047683716,1.3700000047683716,1.3700000047683716,0
2015-03-23,1.3700000047683716,1.3700000047683716,1.3700000047683716,1.3700000047683716,1.3700000047683716,0
2015-03-24,1.3700000047683716,1.3700000047683716,1.3700000047683716,1.3700000047683716,1.3700000047683716,0
2015-03-25,1.3700000047683716,1.3700000047683716,1.3700000047683716,1.3700000047683716,1.3700000047683716,0
2015-03-26,1.3700000047683716,1.3700000047683716,1.3700000047683716,1.3700000047683716,1.3700000047683716,0
2015-03-27,1.3700000047683716,1.3700000047683716,1.3700000047683716,1.3700000047683716,1.3700000047683716,0
2015-03-30,1.3700000047683716,1.3700000047683716,1.3700000047683716,1.3700000047683716,1.3700000047683716,0
2015-03-31,1.3700000047683716,1.3700000047683716,1.3700000047683716,1.3700000047683716,1.3700000047683716,0
2015-04-01,1.3700000047683716,1.3700000047683716,1.3700000047683716,1.3700000047683716,1.3700000047683716,0
2015-04-02,1.3700000047683716,1.3700000047683716,1.3700000047683716,1.3700000047683716,1.3700000047683716,0
2015-04-08,1.3700000047683716,1.3700000047683716,1.3700000047683716,1.3700000047683716,1.3700000047683716,0
2015-04-09,1.3700000047683716,1.3700000047683716,1.3700000047683716,1.3700000047683716,1.3700000047683716,0
2015-04-10,1.3700000047683716,1.3700000047683716,1.3700000047683716,1.3700000047683716,1.3700000047683716,0
2015-04-13,1.3700000047683716,1.3700000047683716,1.3700000047683716,1.3700000047683716,1.3700000047683716,0
2015-04-14,1.3700000047683716,1.3700000047683716,1.3700000047683716,1.3700000047683716,1.3700000047683716,0
2015-04-15,1.3700000047683716,1.3700000047683716,1.3700000047683716,1.3700000047683716,1.3700000047683716,0
2015-04-16,1.3700000047683716,1.3700000047683716,1.3700000047683716,1.3700000047683716,1.3700000047683716,0
2015-04-17,1.3700000047683716,1.3700000047683716,1.3700000047683716,1.3700000047683716,1.3700000047683716,0
2015-04-20,1.3700000047683716,1.3700000047683716,1.3700000047683716,1.3700000047683716,1.3700000047683716,0
2015-04-21,1.3700000047683716,1.3700000047683716,1.3700000047683716,1.3700000047683716,1.3700000047683716,0
2015-04-22,1.3700000047683716,1.3700000047683716,1.3700000047683716,1.3700000047683716,1.3700000047683716,0
2015-04-23,1.3700000047683716,1.3700000047683716,1.3700000047683716,1.3700000047683716,1.3700000047683716,0
2015-04-24,1.3700000047683716,1.3700000047683716,1.3700000047683716,1.3700000047683716,1.3700000047683716,0
2015-04-27,1.3700000047683716,1.3700000047683716,1.3700000047683716,1.3700000047683716,1.3700000047683716,0
2015-04-28,1.3700000047683716,1.3700000047683716,1.3700000047683716,1.3700000047683716,1.3700000047683716,0
2015-04-29,1.3700000047683716,1.3700000047683716,1.3700000047683716,1.3700000047683716,1.3700000047683716,0
2015-04-30,1.3700000047683716,1.3700000047683716,1.3700000047683716,1.3700000047683716,1.3700000047683716,0
2015-05-04,1.3700000047683716,1.3700000047683716,1.3700000047683716,1.3700000047683716,1.3700000047683716,0
2015-05-05,1.3700000047683716,1.3700000047683716,1.3700000047683716,1.3700000047683716,1.3700000047683716,0
2015-05-06,1.3700000047683716,1.3700000047683716,1.3700000047683716,1.3700000047683716,1.3700000047683716,0
2015-05-07,1.3700000047683716,1.3700000047683716,1.3700000047683716,1.3700000047683716,1.3700000047683716,0
2015-05-08,1.3700000047683716,1.3700000047683716,1.3700000047683716,1.3700000047683716,1.3700000047683716,0
2015-05-11,1.3700000047683716,1.3700000047683716,1.3700000047683716,1.3700000047683716,1.3700000047683716,0
2015-05-12,1.3700000047683716,1.3700000047683716,1.3700000047683716,1.3700000047683716,1.3700000047683716,0
2015-05-13,1.3700000047683716,1.3700000047683716,1.3700000047683716,1.3700000047683716,1.3700000047683716,0
2015-05-14,1.3700000047683716,1.3700000047683716,1.3700000047683716,1.3700000047683716,1.3700000047683716,0
2015-05-15,1.3700000047683716,1.3700000047683716,1.3700000047683716,1.3700000047683716,1.3700000047683716,0
2015-05-18,1.3700000047683716,1.3700000047683716,1.3700000047683716,1.3700000047683716,1.3700000047683716,0
2015-05-19,1.3700000047683716,1.3700000047683716,1.3700000047683716,1.3700000047683716,1.3700000047683716,0
2015-05-20,1.3700000047683716,1.3700000047683716,1.3700000047683716,1.3700000047683716,1.3700000047683716,0
2015-05-21,1.3700000047683716,1.3700000047683716,1.3700000047683716,1.3700000047683716,1.3700000047683716,0
2015-05-22,1.3700000047683716,1.3700000047683716,1.3700000047683716,1.3700000047683716,1.3700000047683716,0
2015-05-26,1.3700000047683716,1.3700000047683716,1.3700000047683716,1.3700000047683716,1.3700000047683716,0
2015-05-27,1.3700000047683716,1.3700000047683716,1.3700000047683716,1.3700000047683716,1.3700000047683716,0
2015-05-28,1.3700000047683716,1.3700000047683716,1.3700000047683716,1.3700000047683716,1.3700000047683716,0
2015-05-29,1.3700000047683716,1.3700000047683716,1.3700000047683716,1.3700000047683716,1.3700000047683716,0
2015-06-01,1.3700000047683716,1.3700000047683716,1.3700000047683716,1.3700000047683716,1.3700000047683716,0
2015-06-02,1.3700000047683716,1.3700000047683716,1.3700000047683716,1.3700000047683716,1.3700000047683716,0
2015-06-03,1.3700000047683716,1.3700000047683716,1.3700000047683716,1.3700000047683716,1.3700000047683716,0
2015-06-04,1.3700000047683716,1.3700000047683716,1.3700000047683716,1.3700000047683716,1.3700000047683716,0
2015-06-05,1.3700000047683716,1.3700000047683716,1.3700000047683716,1.3700000047683716,1.3700000047683716,0
2015-06-08,1.3700000047683716,1.3700000047683716,1.3700000047683716,1.3700000047683716,1.3700000047683716,0
2015-06-09,1.3700000047683716,1.3700000047683716,1.3700000047683716,1.3700000047683716,1.3700000047683716,0
2015-06-10,1.3700000047683716,1.3700000047683716,1.3700000047683716,1.3700000047683716,1.3700000047683716,0
2015-06-11,1.3700000047683716,1.3700000047683716,1.3700000047683716,1.3700000047683716,1.3700000047683716,0
2015-06-12,1.3700000047683716,1.3700000047683716,1.3700000047683716,1.3700000047683716,1.3700000047683716,0
2015-06-15,1.3700000047683716,1.3700000047683716,1.3700000047683716,1.3700000047683716,1.3700000047683716,0
2015-06-16,1.3700000047683716,1.3700000047683716,1.3700000047683716,1.3700000047683716,1.3700000047683716,0
2015-06-17,1.3700000047683716,1.3700000047683716,1.3700000047683716,1.3700000047683716,1.3700000047683716,0
2015-06-18,1.3700000047683716,1.3700000047683716,1.3700000047683716,1.3700000047683716,1.3700000047683716,0
2015-06-19,1.3700000047683716,1.3700000047683716,1.3700000047683716,1.3700000047683716,1.3700000047683716,0
2015-06-22,1.3700000047683716,1.3700000047683716,1.3700000047683716,1.3700000047683716,1.3700000047683716,0
2015-06-23,1.3700000047683716,1.3700000047683716,1.3700000047683716,1.3700000047683716,1.3700000047683716,0
2015-06-24,1.3700000047683716,1.3700000047683716,1.3700000047683716,1.3700000047683716,1.3700000047683716,0
2015-06-25,1.3700000047683716,1.3700000047683716,1.3700000047683716,1.3700000047683716,1.3700000047683716,0
2015-06-26,1.3700000047683716,1.3700000047683716,1.3700000047683716,1.3700000047683716,1.3700000047683716,0
2015-06-29,1.3700000047683716,1.3700000047683716,1.3700000047683716,1.3700000047683716,1.3700000047683716,0
2015-06-30,1.3700000047683716,1.3700000047683716,1.3700000047683716,1.3700000047683716,1.3700000047683716,0
2015-07-02,1.3700000047683716,1.3700000047683716,1.3700000047683716,1.3700000047683716,1.3700000047683716,0
2015-07-03,1.3700000047683716,1.3700000047683716,1.3700000047683716,1.3700000047683716,1.3700000047683716,0
2015-07-06,1.3700000047683716,1.3700000047683716,1.3700000047683716,1.3700000047683716,1.3700000047683716,0
2015-07-07,1.3700000047683716,1.3700000047683716,1.3700000047683716,1.3700000047683716,1.3700000047683716,0
2015-07-08,1.3700000047683716,1.3700000047683716,1.3700000047683716,1.3700000047683716,1.3700000047683716,0
2015-07-09,1.3700000047683716,1.3700000047683716,1.3700000047683716,1.3700000047683716,1.3700000047683716,0
2015-07-10,1.3700000047683716,1.3700000047683716,1.3700000047683716,1.3700000047683716,1.3700000047683716,0
2015-07-13,1.3700000047683716,1.3700000047683716,1.3700000047683716,1.3700000047683716,1.3700000047683716,0
2015-07-14,1.3700000047683716,1.3700000047683716,1.3700000047683716,1.3700000047683716,1.3700000047683716,0
2015-07-15,1.3700000047683716,1.3700000047683716,1.3700000047683716,1.3700000047683716,1.3700000047683716,0
2015-07-16,1.3700000047683716,1.3700000047683716,1.3700000047683716,1.3700000047683716,1.3700000047683716,0
2015-07-17,1.3700000047683716,1.3700000047683716,1.3700000047683716,1.3700000047683716,1.3700000047683716,0
2015-07-20,1.3700000047683716,1.3700000047683716,1.3700000047683716,1.3700000047683716,1.3700000047683716,0
2015-07-21,1.3700000047683716,1.3700000047683716,1.3700000047683716,1.3700000047683716,1.3700000047683716,0
2015-07-22,1.3700000047683716,1.3700000047683716,1.3700000047683716,1.3700000047683716,1.3700000047683716,0
2015-07-23,1.3700000047683716,1.3700000047683716,1.3700000047683716,1.3700000047683716,1.3700000047683716,0
2015-07-24,1.3700000047683716,1.3700000047683716,1.3700000047683716,1.3700000047683716,1.3700000047683716,0
2015-07-27,1.3700000047683716,1.3700000047683716,1.3700000047683716,1.3700000047683716,1.3700000047683716,0
2015-07-28,1.3700000047683716,1.3700000047683716,1.3700000047683716,1.3700000047683716,1.3700000047683716,0
2015-07-29,1.3700000047683716,1.3700000047683716,1.3700000047683716,1.3700000047683716,1.3700000047683716,0
2015-07-30,1.3700000047683716,1.3700000047683716,1.3700000047683716,1.3700000047683716,1.3700000047683716,0
2015-07-31,1.3700000047683716,1.3700000047683716,1.3700000047683716,1.3700000047683716,1.3700000047683716,0
2015-08-03,1.3700000047683716,1.3700000047683716,1.3700000047683716,1.3700000047683716,1.3700000047683716,0
2015-08-04,1.3700000047683716,1.3700000047683716,1.3700000047683716,1.3700000047683716,1.3700000047683716,0
2015-08-05,1.3700000047683716,1.3700000047683716,1.3700000047683716,1.3700000047683716,1.3700000047683716,0
2015-08-06,1.3700000047683716,1.3700000047683716,1.3700000047683716,1.3700000047683716,1.3700000047683716,0
2015-08-07,1.3700000047683716,1.3700000047683716,1.3700000047683716,1.3700000047683716,1.3700000047683716,0
2015-08-10,1.3700000047683716,1.3700000047683716,1.3700000047683716,1.3700000047683716,1.3700000047683716,0
2015-08-11,1.3700000047683716,1.3700000047683716,1.3700000047683716,1.3700000047683716,1.3700000047683716,0
2015-08-12,1.3700000047683716,1.3700000047683716,1.3700000047683716,1.3700000047683716,1.3700000047683716,0
2015-08-13,1.3700000047683716,1.3700000047683716,1.3700000047683716,1.3700000047683716,1.3700000047683716,0
2015-08-14,1.3700000047683716,1.3700000047683716,1.3700000047683716,1.3700000047683716,1.3700000047683716,0
2015-08-17,1.3700000047683716,1.3700000047683716,1.3700000047683716,1.3700000047683716,1.3700000047683716,0
2015-08-18,1.3700000047683716,1.3700000047683716,1.3700000047683716,1.3700000047683716,1.3700000047683716,0
2015-08-19,1.3700000047683716,1.3700000047683716,1.3700000047683716,1.3700000047683716,1.3700000047683716,0
2015-08-20,1.3700000047683716,1.3700000047683716,1.3700000047683716,1.3700000047683716,1.3700000047683716,0
2015-08-21,1.3700000047683716,1.3700000047683716,1.3700000047683716,1.3700000047683716,1.3700000047683716,0
2015-08-24,1.3700000047683716,1.3700000047683716,1.3700000047683716,1.3700000047683716,1.3700000047683716,0
2015-08-25,1.3700000047683716,1.3700000047683716,1.3700000047683716,1.3700000047683716,1.3700000047683716,0
2015-08-26,1.3700000047683716,1.3700000047683716,1.3700000047683716,1.3700000047683716,1.3700000047683716,0
2015-08-27,1.3700000047683716,1.3700000047683716,1.3700000047683716,1.3700000047683716,1.3700000047683716,0
2015-08-28,1.3700000047683716,1.3700000047683716,1.3700000047683716,1.3700000047683716,1.3700000047683716,0
2015-08-31,1.3700000047683716,1.3700000047683716,1.3700000047683716,1.3700000047683716,1.3700000047683716,0
2015-09-01,1.3700000047683716,1.3700000047683716,1.3700000047683716,1.3700000047683716,1.3700000047683716,0
2015-09-02,1.3700000047683716,1.3700000047683716,1.3700000047683716,1.3700000047683716,1.3700000047683716,0
2015-09-04,1.3700000047683716,1.3700000047683716,1.3700000047683716,1.3700000047683716,1.3700000047683716,0
2015-09-07,1.3700000047683716,1.3700000047683716,1.3700000047683716,1.3700000047683716,1.3700000047683716,0
2015-09-08,1.3700000047683716,1.3700000047683716,1.3700000047683716,1.3700000047683716,1.3700000047683716,0
2015-09-09,1.3700000047683716,1.3700000047683716,1.3700000047683716,1.3700000047683716,1.3700000047683716,0
2015-09-10,1.3700000047683716,1.3700000047683716,1.3700000047683716,1.3700000047683716,1.3700000047683716,0
2015-09-11,1.3700000047683716,1.3700000047683716,1.3700000047683716,1.3700000047683716,1.3700000047683716,0
2015-09-14,1.3700000047683716,1.3700000047683716,1.3700000047683716,1.3700000047683716,1.3700000047683716,0
2015-09-15,1.3700000047683716,1.3700000047683716,1.3700000047683716,1.3700000047683716,1.3700000047683716,0
2015-09-16,1.3700000047683716,1.3700000047683716,1.3700000047683716,1.3700000047683716,1.3700000047683716,0
2015-09-17,1.3700000047683716,1.3700000047683716,1.3700000047683716,1.3700000047683716,1.3700000047683716,0
2015-09-18,1.3700000047683716,1.3700000047683716,1.3700000047683716,1.3700000047683716,1.3700000047683716,0
2015-09-21,1.3700000047683716,1.3700000047683716,1.3700000047683716,1.3700000047683716,1.3700000047683716,0
2015-09-22,1.3700000047683716,1.3700000047683716,1.3700000047683716,1.3700000047683716,1.3700000047683716,0
2015-09-23,1.3700000047683716,1.3700000047683716,1.3700000047683716,1.3700000047683716,1.3700000047683716,0
2015-09-24,1.3700000047683716,1.3700000047683716,1.3700000047683716,1.3700000047683716,1.3700000047683716,0
2015-09-25,1.3700000047683716,1.3700000047683716,1.3700000047683716,1.3700000047683716,1.3700000047683716,0
2015-09-29,1.3700000047683716,1.3700000047683716,1.3700000047683716,1.3700000047683716,1.3700000047683716,0
2015-09-30,1.3700000047683716,1.3700000047683716,1.3700000047683716,1.3700000047683716,1.3700000047683716,0
2015-10-02,1.3700000047683716,1.3700000047683716,1.3700000047683716,1.3700000047683716,1.3700000047683716,0
2015-10-05,1.3700000047683716,1.3700000047683716,1.3700000047683716,1.3700000047683716,1.3700000047683716,0
2015-10-06,1.3700000047683716,1.3700000047683716,1.3700000047683716,1.3700000047683716,1.3700000047683716,0
2015-10-07,1.3700000047683716,1.3700000047683716,1.3700000047683716,1.3700000047683716,1.3700000047683716,0
2015-10-08,1.3700000047683716,1.3700000047683716,1.3700000047683716,1.3700000047683716,1.3700000047683716,0
2015-10-09,1.3700000047683716,1.3700000047683716,1.3700000047683716,1.3700000047683716,1.3700000047683716,0
2015-10-12,1.3700000047683716,1.3700000047683716,1.3700000047683716,1.3700000047683716,1.3700000047683716,0
2015-10-13,1.3700000047683716,1.3700000047683716,1.3700000047683716,1.3700000047683716,1.3700000047683716,0
2015-10-14,1.3700000047683716,1.3700000047683716,1.3700000047683716,1.3700000047683716,1.3700000047683716,0
2015-10-15,1.3700000047683716,1.3700000047683716,1.3700000047683716,1.3700000047683716,1.3700000047683716,0
2015-10-16,1.3700000047683716,1.3700000047683716,1.3700000047683716,1.3700000047683716,1.3700000047683716,0
2015-10-19,1.3700000047683716,1.3700000047683716,1.3700000047683716,1.3700000047683716,1.3700000047683716,0
2015-10-20,1.3700000047683716,1.3700000047683716,1.3700000047683716,1.3700000047683716,1.3700000047683716,0
2015-10-22,1.3700000047683716,1.3700000047683716,1.3700000047683716,1.3700000047683716,1.3700000047683716,0
2015-10-23,1.3700000047683716,1.3700000047683716,1.3700000047683716,1.3700000047683716,1.3700000047683716,0
2015-10-26,1.3700000047683716,1.3700000047683716,1.3700000047683716,1.3700000047683716,1.3700000047683716,0
2015-10-27,1.3700000047683716,1.3700000047683716,1.3700000047683716,1.3700000047683716,1.3700000047683716,0
2015-10-28,1.3700000047683716,1.3700000047683716,1.3700000047683716,1.3700000047683716,1.3700000047683716,0
2015-10-29,1.3700000047683716,1.3700000047683716,1.3700000047683716,1.3700000047683716,1.3700000047683716,0
2015-10-30,1.3700000047683716,1.3700000047683716,1.3700000047683716,1.3700000047683716,1.3700000047683716,0
2015-11-02,1.3700000047683716,1.3700000047683716,1.3700000047683716,1.3700000047683716,1.3700000047683716,0
2015-11-03,1.3700000047683716,1.3700000047683716,1.3700000047683716,1.3700000047683716,1.3700000047683716,0
2015-11-04,1.3700000047683716,1.3700000047683716,1.3700000047683716,1.3700000047683716,1.3700000047683716,0
2015-11-05,1.3700000047683716,1.3700000047683716,1.3700000047683716,1.3700000047683716,1.3700000047683716,0
2015-11-06,1.3700000047683716,1.3700000047683716,1.3700000047683716,1.3700000047683716,1.3700000047683716,0
2015-11-09,1.3700000047683716,1.3700000047683716,1.3700000047683716,1.3700000047683716,1.3700000047683716,0
2015-11-10,1.3700000047683716,1.3700000047683716,1.3700000047683716,1.3700000047683716,1.3700000047683716,0
2015-11-11,1.3700000047683716,1.3700000047683716,1.3700000047683716,1.3700000047683716,1.3700000047683716,0
2015-11-12,1.3700000047683716,1.3700000047683716,1.3700000047683716,1.3700000047683716,1.3700000047683716,0
2015-11-13,1.3700000047683716,1.3700000047683716,1.3700000047683716,1.3700000047683716,1.3700000047683716,0
2015-11-16,1.3700000047683716,1.3700000047683716,1.3700000047683716,1.3700000047683716,1.3700000047683716,0
2015-11-17,1.3700000047683716,1.3700000047683716,1.3700000047683716,1.3700000047683716,1.3700000047683716,0
2015-11-18,1.3700000047683716,1.3700000047683716,1.3700000047683716,1.3700000047683716,1.3700000047683716,0
2015-11-19,1.3700000047683716,1.3700000047683716,1.3700000047683716,1.3700000047683716,1.3700000047683716,0
2015-11-20,1.3700000047683716,1.3700000047683716,1.3700000047683716,1.3700000047683716,1.3700000047683716,0
2015-11-23,1.3700000047683716,1.3700000047683716,1.3700000047683716,1.3700000047683716,1.3700000047683716,0
2015-11-24,1.3700000047683716,1.3700000047683716,1.3700000047683716,1.3700000047683716,1.3700000047683716,0
2015-11-25,1.3700000047683716,1.3700000047683716,1.3700000047683716,1.3700000047683716,1.3700000047683716,0
2015-11-26,1.3700000047683716,1.3700000047683716,1.3700000047683716,1.3700000047683716,1.3700000047683716,0
2015-11-27,1.3700000047683716,1.3700000047683716,1.3700000047683716,1.3700000047683716,1.3700000047683716,0
2015-11-30,1.3700000047683716,1.3700000047683716,1.3700000047683716,1.3700000047683716,1.3700000047683716,0
2015-12-01,1.3700000047683716,1.3700000047683716,1.3700000047683716,1.3700000047683716,1.3700000047683716,0
2015-12-02,1.3700000047683716,1.3700000047683716,1.3700000047683716,1.3700000047683716,1.3700000047683716,0
2015-12-03,1.3700000047683716,1.3700000047683716,1.3700000047683716,1.3700000047683716,1.3700000047683716,0
2015-12-04,1.3700000047683716,1.3700000047683716,1.3700000047683716,1.3700000047683716,1.3700000047683716,0
2015-12-07,1.3700000047683716,1.3700000047683716,1.3700000047683716,1.3700000047683716,1.3700000047683716,0
2015-12-08,1.3700000047683716,1.3700000047683716,1.3700000047683716,1.3700000047683716,1.3700000047683716,0
2015-12-09,1.3700000047683716,1.3700000047683716,1.3700000047683716,1.3700000047683716,1.3700000047683716,0
2015-12-10,1.3700000047683716,1.3700000047683716,1.3700000047683716,1.3700000047683716,1.3700000047683716,0
2015-12-11,1.3700000047683716,1.3700000047683716,1.3700000047683716,1.3700000047683716,1.3700000047683716,0
2015-12-14,1.3700000047683716,1.3700000047683716,1.3700000047683716,1.3700000047683716,1.3700000047683716,0
2015-12-15,1.3700000047683716,1.3700000047683716,1.3700000047683716,1.3700000047683716,1.3700000047683716,0
2015-12-16,1.3700000047683716,1.3700000047683716,1.3700000047683716,1.3700000047683716,1.3700000047683716,0
2015-12-17,1.3700000047683716,1.3700000047683716,1.3700000047683716,1.3700000047683716,1.3700000047683716,0
2015-12-18,1.3700000047683716,1.3700000047683716,1.3700000047683716,1.3700000047683716,1.3700000047683716,0
2015-12-21,1.3700000047683716,1.3700000047683716,1.3700000047683716,1.3700000047683716,1.3700000047683716,0
2015-12-22,1.3700000047683716,1.3700000047683716,1.3700000047683716,1.3700000047683716,1.3700000047683716,0
2015-12-23,1.3700000047683716,1.3700000047683716,1.3700000047683716,1.3700000047683716,1.3700000047683716,0
2015-12-24,1.3700000047683716,1.3700000047683716,1.3700000047683716,1.3700000047683716,1.3700000047683716,0
2015-12-28,1.3700000047683716,1.3700000047683716,1.3700000047683716,1.3700000047683716,1.3700000047683716,0
2015-12-29,1.3700000047683716,1.3700000047683716,1.3700000047683716,1.3700000047683716,1.3700000047683716,0
2015-12-30,1.3700000047683716,1.3700000047683716,1.3700000047683716,1.3700000047683716,1.3700000047683716,0
2015-12-31,1.3700000047683716,1.3700000047683716,1.3700000047683716,1.3700000047683716,1.3700000047683716,0
2016-01-04,1.3700000047683716,1.3700000047683716,1.3700000047683716,1.3700000047683716,1.3700000047683716,0
2016-01-05,1.3700000047683716,1.3700000047683716,1.3700000047683716,1.3700000047683716,1.3700000047683716,0
2016-01-06,1.3700000047683716,1.3700000047683716,1.3700000047683716,1.3700000047683716,1.3700000047683716,0
2016-01-07,1.3700000047683716,1.3700000047683716,1.3700000047683716,1.3700000047683716,1.3700000047683716,0
2016-01-08,1.3700000047683716,1.3700000047683716,1.3700000047683716,1.3700000047683716,1.3700000047683716,0
2016-01-11,1.3700000047683716,1.3700000047683716,1.3700000047683716,1.3700000047683716,1.3700000047683716,0
2016-01-12,1.3700000047683716,1.3700000047683716,1.3700000047683716,1.3700000047683716,1.3700000047683716,0
2016-01-13,1.3700000047683716,1.3700000047683716,1.3700000047683716,1.3700000047683716,1.3700000047683716,0
2016-01-14,1.3700000047683716,1.3700000047683716,1.3700000047683716,1.3700000047683716,1.3700000047683716,0
2016-01-15,1.3700000047683716,1.3700000047683716,1.3700000047683716,1.3700000047683716,1.3700000047683716,0
2016-01-18,1.3700000047683716,1.3700000047683716,1.3700000047683716,1.3700000047683716,1.3700000047683716,0
2016-01-19,1.3700000047683716,1.3700000047683716,1.3700000047683716,1.3700000047683716,1.3700000047683716,0
2016-01-20,1.3700000047683716,1.3700000047683716,1.3700000047683716,1.3700000047683716,1.3700000047683716,0
2016-01-21,1.3700000047683716,1.3700000047683716,1.3700000047683716,1.3700000047683716,1.3700000047683716,0
2016-01-22,1.3700000047683716,1.3700000047683716,1.3700000047683716,1.3700000047683716,1.3700000047683716,0
2016-01-25,1.3700000047683716,1.3700000047683716,1.3700000047683716,1.3700000047683716,1.3700000047683716,0
2016-01-26,1.3700000047683716,1.3700000047683716,1.3700000047683716,1.3700000047683716,1.3700000047683716,0
2016-01-27,1.3700000047683716,1.3700000047683716,1.3700000047683716,1.3700000047683716,1.3700000047683716,0
2016-01-28,1.3700000047683716,1.3700000047683716,1.3700000047683716,1.3700000047683716,1.3700000047683716,0
2016-01-29,1.3700000047683716,1.3700000047683716,1.3700000047683716,1.3700000047683716,1.3700000047683716,0
2016-02-01,1.3700000047683716,1.3700000047683716,1.3700000047683716,1.3700000047683716,1.3700000047683716,0
2016-02-02,1.3700000047683716,1.3700000047683716,1.3700000047683716,1.3700000047683716,1.3700000047683716,0
2016-02-03,1.3700000047683716,1.3700000047683716,1.3700000047683716,1.3700000047683716,1.3700000047683716,0
2016-02-04,1.3700000047683716,1.3700000047683716,1.3700000047683716,1.3700000047683716,1.3700000047683716,0
2016-02-05,1.3700000047683716,1.3700000047683716,1.3700000047683716,1.3700000047683716,1.3700000047683716,0
2016-02-11,1.3700000047683716,1.3700000047683716,1.3700000047683716,1.3700000047683716,1.3700000047683716,0
2016-02-12,1.3700000047683716,1.3700000047683716,1.3700000047683716,1.3700000047683716,1.3700000047683716,0
2016-02-15,1.3700000047683716,1.3700000047683716,1.3700000047683716,1.3700000047683716,1.3700000047683716,0
2016-02-16,1.3700000047683716,1.3700000047683716,1.3700000047683716,1.3700000047683716,1.3700000047683716,0
2016-02-17,1.3700000047683716,1.3700000047683716,1.3700000047683716,1.3700000047683716,1.3700000047683716,0
2016-02-18,1.3700000047683716,1.3700000047683716,1.3700000047683716,1.3700000047683716,1.3700000047683716,0
2016-02-19,1.3700000047683716,1.3700000047683716,1.3700000047683716,1.3700000047683716,1.3700000047683716,0
2016-02-22,1.3700000047683716,1.3700000047683716,1.3700000047683716,1.3700000047683716,1.3700000047683716,0
2016-02-23,1.3700000047683716,1.3700000047683716,1.3700000047683716,1.3700000047683716,1.3700000047683716,0
2016-02-24,1.3700000047683716,1.3700000047683716,1.3700000047683716,1.3700000047683716,1.3700000047683716,0
2016-02-25,1.3700000047683716,1.3700000047683716,1.3700000047683716,1.3700000047683716,1.3700000047683716,0
2016-02-26,1.3700000047683716,1.3700000047683716,1.3700000047683716,1.3700000047683716,1.3700000047683716,0
2016-02-29,1.3700000047683716,1.3700000047683716,1.3700000047683716,1.3700000047683716,1.3700000047683716,0
2016-03-01,1.3700000047683716,1.3700000047683716,1.3700000047683716,1.3700000047683716,1.3700000047683716,0
2016-03-02,1.3700000047683716,1.3700000047683716,1.3700000047683716,1.3700000047683716,1.3700000047683716,0
2016-03-03,1.3700000047683716,1.3700000047683716,1.3700000047683716,1.3700000047683716,1.3700000047683716,0
2016-03-04,1.3700000047683716,1.3700000047683716,1.3700000047683716,1.3700000047683716,1.3700000047683716,0
2016-03-07,1.3700000047683716,1.3700000047683716,1.3700000047683716,1.3700000047683716,1.3700000047683716,0
2016-03-08,1.3700000047683716,1.3700000047683716,1.3700000047683716,1.3700000047683716,1.3700000047683716,0
2016-03-09,1.3700000047683716,1.3700000047683716,1.3700000047683716,1.3700000047683716,1.3700000047683716,0
2016-03-10,1.3700000047683716,1.3700000047683716,1.3700000047683716,1.3700000047683716,1.3700000047683716,0
2016-03-11,1.3700000047683716,1.3700000047683716,1.3700000047683716,1.3700000047683716,1.3700000047683716,0
2016-03-14,1.3700000047683716,1.3700000047683716,1.3700000047683716,1.3700000047683716,1.3700000047683716,0
2016-03-15,1.3700000047683716,1.3700000047683716,1.3700000047683716,1.3700000047683716,1.3700000047683716,0
2016-03-16,1.3700000047683716,1.3700000047683716,1.3700000047683716,1.3700000047683716,1.3700000047683716,0
2016-03-17,1.3700000047683716,1.3700000047683716,1.3700000047683716,1.3700000047683716,1.3700000047683716,0
2016-03-18,1.3700000047683716,1.3700000047683716,1.3700000047683716,1.3700000047683716,1.3700000047683716,0
2016-03-21,1.3700000047683716,1.3700000047683716,1.3700000047683716,1.3700000047683716,1.3700000047683716,0
2016-03-22,1.3700000047683716,1.3700000047683716,1.3700000047683716,1.3700000047683716,1.3700000047683716,0
2016-03-23,1.3700000047683716,1.3700000047683716,1.3700000047683716,1.3700000047683716,1.3700000047683716,0
2016-03-24,1.3700000047683716,1.3700000047683716,1.3700000047683716,1.3700000047683716,1.3700000047683716,0
2016-03-29,1.3700000047683716,1.3700000047683716,1.3700000047683716,1.3700000047683716,1.3700000047683716,0
2016-03-30,1.3700000047683716,1.3700000047683716,1.3700000047683716,1.3700000047683716,1.3700000047683716,0
2016-03-31,1.3700000047683716,1.3700000047683716,1.3700000047683716,1.3700000047683716,1.3700000047683716,0
2016-04-01,1.3700000047683716,1.3700000047683716,1.3700000047683716,1.3700000047683716,1.3700000047683716,0
2016-04-05,1.3700000047683716,1.3700000047683716,1.3700000047683716,1.3700000047683716,1.3700000047683716,0
2016-04-06,1.3700000047683716,1.3700000047683716,1.3700000047683716,1.3700000047683716,1.3700000047683716,0
2016-04-07,1.3700000047683716,1.3700000047683716,1.3700000047683716,1.3700000047683716,1.3700000047683716,0
2016-04-08,1.3700000047683716,1.3700000047683716,1.3700000047683716,1.3700000047683716,1.3700000047683716,0
2016-04-11,1.3700000047683716,1.3700000047683716,1.3700000047683716,1.3700000047683716,1.3700000047683716,0
2016-04-12,1.3700000047683716,1.3700000047683716,1.3700000047683716,1.3700000047683716,1.3700000047683716,0
2016-04-13,1.3700000047683716,1.3700000047683716,1.3700000047683716,1.3700000047683716,1.3700000047683716,0
2016-04-14,1.3700000047683716,1.3700000047683716,1.3700000047683716,1.3700000047683716,1.3700000047683716,0
2016-04-15,1.3700000047683716,1.3700000047683716,1.3700000047683716,1.3700000047683716,1.3700000047683716,0
2016-04-18,1.3700000047683716,1.3700000047683716,1.3700000047683716,1.3700000047683716,1.3700000047683716,0
2016-04-19,1.3700000047683716,1.3700000047683716,1.3700000047683716,1.3700000047683716,1.3700000047683716,0
2016-04-20,1.3700000047683716,1.3700000047683716,1.3700000047683716,1.3700000047683716,1.3700000047683716,0
2016-04-21,1.3700000047683716,1.3700000047683716,1.3700000047683716,1.3700000047683716,1.3700000047683716,0
2016-04-22,1.3700000047683716,1.3700000047683716,1.3700000047683716,1.3700000047683716,1.3700000047683716,0
2016-04-25,1.3700000047683716,1.3700000047683716,1.3700000047683716,1.3700000047683716,1.3700000047683716,0
2016-04-26,1.3700000047683716,1.3700000047683716,1.3700000047683716,1.3700000047683716,1.3700000047683716,0
2016-04-27,1.3700000047683716,1.3700000047683716,1.3700000047683716,1.3700000047683716,1.3700000047683716,0
2016-04-28,1.3700000047683716,1.3700000047683716,1.3700000047683716,1.3700000047683716,1.3700000047683716,0
2016-04-29,1.3700000047683716,1.3700000047683716,1.3700000047683716,1.3700000047683716,1.3700000047683716,0
2016-05-03,1.3700000047683716,1.3700000047683716,1.3700000047683716,1.3700000047683716,1.3700000047683716,0
2016-05-04,1.3700000047683716,1.3700000047683716,1.3700000047683716,1.3700000047683716,1.3700000047683716,0
2016-05-05,1.3700000047683716,1.3700000047683716,1.3700000047683716,1.3700000047683716,1.3700000047683716,0
2016-05-06,1.3700000047683716,1.3700000047683716,1.3700000047683716,1.3700000047683716,1.3700000047683716,0
2016-05-09,1.3700000047683716,1.3700000047683716,1.3700000047683716,1.3700000047683716,1.3700000047683716,0
2016-05-10,1.3700000047683716,1.3700000047683716,1.3700000047683716,1.3700000047683716,1.3700000047683716,0
2016-05-11,1.3700000047683716,1.3700000047683716,1.3700000047683716,1.3700000047683716,1.3700000047683716,0
2016-05-12,1.3700000047683716,1.3700000047683716,1.3700000047683716,1.3700000047683716,1.3700000047683716,0
2016-05-13,1.3700000047683716,1.3700000047683716,1.3700000047683716,1.3700000047683716,1.3700000047683716,0
2016-05-16,1.3700000047683716,1.3700000047683716,1.3700000047683716,1.3700000047683716,1.3700000047683716,0
2016-05-17,1.3700000047683716,1.3700000047683716,1.3700000047683716,1.3700000047683716,1.3700000047683716,0
2016-05-18,1.3700000047683716,1.3700000047683716,1.3700000047683716,1.3700000047683716,1.3700000047683716,0
2016-05-19,1.3700000047683716,1.3700000047683716,1.3700000047683716,1.3700000047683716,1.3700000047683716,0
2016-05-20,1.3700000047683716,1.3700000047683716,1.3700000047683716,1.3700000047683716,1.3700000047683716,0
2016-05-23,1.3700000047683716,1.3700000047683716,1.3700000047683716,1.3700000047683716,1.3700000047683716,0
2016-05-24,1.3700000047683716,1.3700000047683716,1.3700000047683716,1.3700000047683716,1.3700000047683716,0
2016-05-25,1.3700000047683716,1.3700000047683716,1.3700000047683716,1.3700000047683716,1.3700000047683716,0
2016-05-26,1.3700000047683716,1.3700000047683716,1.3700000047683716,1.3700000047683716,1.3700000047683716,0
2016-05-27,1.3700000047683716,1.3700000047683716,1.3700000047683716,1.3700000047683716,1.3700000047683716,0
2016-05-30,1.3700000047683716,1.3700000047683716,1.3700000047683716,1.3700000047683716,1.3700000047683716,0
2016-05-31,1.3700000047683716,1.3700000047683716,1.3700000047683716,1.3700000047683716,1.3700000047683716,0
2016-06-01,1.3700000047683716,1.3700000047683716,1.3700000047683716,1.3700000047683716,1.3700000047683716,0
2016-06-02,1.3700000047683716,1.3700000047683716,1.3700000047683716,1.3700000047683716,1.3700000047683716,0
2016-06-03,1.3700000047683716,1.3700000047683716,1.3700000047683716,1.3700000047683716,1.3700000047683716,0
2016-06-06,1.3700000047683716,1.3700000047683716,1.3700000047683716,1.3700000047683716,1.3700000047683716,0
2016-06-07,1.3700000047683716,1.3700000047683716,1.3700000047683716,1.3700000047683716,1.3700000047683716,0
2016-06-08,1.3700000047683716,1.3700000047683716,1.3700000047683716,1.3700000047683716,1.3700000047683716,0
2016-06-10,1.3700000047683716,1.3700000047683716,1.3700000047683716,1.3700000047683716,1.3700000047683716,0
2016-06-13,1.3700000047683716,1.3700000047683716,1.3700000047683716,1.3700000047683716,1.3700000047683716,0
2016-06-14,1.3700000047683716,1.3700000047683716,1.3700000047683716,1.3700000047683716,1.3700000047683716,0
2016-06-15,1.3700000047683716,1.3700000047683716,1.3700000047683716,1.3700000047683716,1.3700000047683716,0
2016-06-16,1.3700000047683716,1.3700000047683716,1.3700000047683716,1.3700000047683716,1.3700000047683716,0
2016-06-17,1.3700000047683716,1.3700000047683716,1.3700000047683716,1.3700000047683716,1.3700000047683716,0
2016-06-20,1.3700000047683716,1.3700000047683716,1.3700000047683716,1.3700000047683716,1.3700000047683716,0
2016-06-21,1.3700000047683716,1.3700000047683716,1.3700000047683716,1.3700000047683716,1.3700000047683716,0
2016-06-22,1.3700000047683716,1.3700000047683716,1.3700000047683716,1.3700000047683716,1.3700000047683716,0
2016-06-23,1.3700000047683716,1.3700000047683716,1.3700000047683716,1.3700000047683716,1.3700000047683716,0
2016-06-24,1.3700000047683716,1.3700000047683716,1.3700000047683716,1.3700000047683716,1.3700000047683716,0
2016-06-27,1.3700000047683716,1.3700000047683716,1.3700000047683716,1.3700000047683716,1.3700000047683716,0
2016-06-28,1.3700000047683716,1.3700000047683716,1.3700000047683716,1.3700000047683716,1.3700000047683716,0
2016-06-29,1.3700000047683716,1.3700000047683716,1.3700000047683716,1.3700000047683716,1.3700000047683716,0
2016-06-30,1.3700000047683716,1.3700000047683716,1.3700000047683716,1.3700000047683716,1.3700000047683716,0
2016-07-04,1.3700000047683716,1.3700000047683716,1.3700000047683716,1.3700000047683716,1.3700000047683716,0
2016-07-05,1.3700000047683716,1.3700000047683716,1.3700000047683716,1.3700000047683716,1.3700000047683716,0
2016-07-06,1.3700000047683716,1.3700000047683716,1.3700000047683716,1.3700000047683716,1.3700000047683716,0
2016-07-07,1.3700000047683716,1.3700000047683716,1.3700000047683716,1.3700000047683716,1.3700000047683716,0
2016-07-08,1.3700000047683716,1.3700000047683716,1.3700000047683716,1.3700000047683716,1.3700000047683716,0
2016-07-11,1.3700000047683716,1.3700000047683716,1.3700000047683716,1.3700000047683716,1.3700000047683716,0
2016-07-12,1.3700000047683716,1.3700000047683716,1.3700000047683716,1.3700000047683716,1.3700000047683716,0
2016-07-13,1.3700000047683716,1.3700000047683716,1.3700000047683716,1.3700000047683716,1.3700000047683716,0
2016-07-14,1.3700000047683716,1.3700000047683716,1.3700000047683716,1.3700000047683716,1.3700000047683716,0
2016-07-15,1.3700000047683716,1.3700000047683716,1.3700000047683716,1.3700000047683716,1.3700000047683716,0
2016-07-18,1.3700000047683716,1.3700000047683716,1.3700000047683716,1.3700000047683716,1.3700000047683716,0
2016-07-19,1.3700000047683716,1.3700000047683716,1.3700000047683716,1.3700000047683716,1.3700000047683716,0
2016-07-20,1.3700000047683716,1.3700000047683716,1.3700000047683716,1.3700000047683716,1.3700000047683716,0
2016-07-21,1.3700000047683716,1.3700000047683716,1.3700000047683716,1.3700000047683716,1.3700000047683716,0
2016-07-22,1.3700000047683716,1.3700000047683716,1.3700000047683716,1.3700000047683716,1.3700000047683716,0
2016-07-25,1.3700000047683716,1.3700000047683716,1.3700000047683716,1.3700000047683716,1.3700000047683716,0
2016-07-26,1.3700000047683716,1.3700000047683716,1.3700000047683716,1.3700000047683716,1.3700000047683716,0
2016-07-27,1.3700000047683716,1.3700000047683716,1.3700000047683716,1.3700000047683716,1.3700000047683716,0
2016-07-28,1.3700000047683716,1.3700000047683716,1.3700000047683716,1.3700000047683716,1.3700000047683716,0
2016-07-29,1.3700000047683716,1.3700000047683716,1.3700000047683716,1.3700000047683716,1.3700000047683716,0
2016-08-01,1.3700000047683716,1.3700000047683716,1.3700000047683716,1.3700000047683716,1.3700000047683716,0
2016-08-02,1.3700000047683716,1.3700000047683716,1.3700000047683716,1.3700000047683716,1.3700000047683716,0
2016-08-03,1.3700000047683716,1.3700000047683716,1.3700000047683716,1.3700000047683716,1.3700000047683716,0
2016-08-04,1.3700000047683716,1.3700000047683716,1.3700000047683716,1.3700000047683716,1.3700000047683716,0
2016-08-05,1.3700000047683716,1.3700000047683716,1.3700000047683716,1.3700000047683716,1.3700000047683716,0
2016-08-08,1.3700000047683716,1.3700000047683716,1.3700000047683716,1.3700000047683716,1.3700000047683716,0
2016-08-09,1.3700000047683716,1.3700000047683716,1.3700000047683716,1.3700000047683716,1.3700000047683716,0
2016-08-10,1.3700000047683716,1.3700000047683716,1.3700000047683716,1.3700000047683716,1.3700000047683716,0
2016-08-11,1.3700000047683716,1.3700000047683716,1.3700000047683716,1.3700000047683716,1.3700000047683716,0
2016-08-12,1.3700000047683716,1.3700000047683716,1.3700000047683716,1.3700000047683716,1.3700000047683716,0
2016-08-15,1.3700000047683716,1.3700000047683716,1.3700000047683716,1.3700000047683716,1.3700000047683716,0
2016-08-16,1.3700000047683716,1.3700000047683716,1.3700000047683716,1.3700000047683716,1.3700000047683716,0
2016-08-17,1.3700000047683716,1.3700000047683716,1.3700000047683716,1.3700000047683716,1.3700000047683716,0
2016-08-18,1.3700000047683716,1.3700000047683716,1.3700000047683716,1.3700000047683716,1.3700000047683716,0
2016-08-19,1.3700000047683716,1.3700000047683716,1.3700000047683716,1.3700000047683716,1.3700000047683716,0
2016-08-22,1.3700000047683716,1.3700000047683716,1.3700000047683716,1.3700000047683716,1.3700000047683716,0
2016-08-23,1.3700000047683716,1.3700000047683716,1.3700000047683716,1.3700000047683716,1.3700000047683716,0
2016-08-24,1.3700000047683716,1.3700000047683716,1.3700000047683716,1.3700000047683716,1.3700000047683716,0
2016-08-25,1.3700000047683716,1.3700000047683716,1.3700000047683716,1.3700000047683716,1.3700000047683716,0
2016-08-26,1.3700000047683716,1.3700000047683716,1.3700000047683716,1.3700000047683716,1.3700000047683716,0
2016-08-29,1.3700000047683716,1.3700000047683716,1.3700000047683716,1.3700000047683716,1.3700000047683716,0
2016-08-30,1.3700000047683716,1.3700000047683716,1.3700000047683716,1.3700000047683716,1.3700000047683716,0
2016-08-31,1.3700000047683716,1.3700000047683716,1.3700000047683716,1.3700000047683716,1.3700000047683716,0
2016-09-01,1.3700000047683716,1.3700000047683716,1.3700000047683716,1.3700000047683716,1.3700000047683716,0
2016-09-02,1.3700000047683716,1.3700000047683716,1.3700000047683716,1.3700000047683716,1.3700000047683716,0
2016-09-05,1.3700000047683716,1.3700000047683716,1.3700000047683716,1.3700000047683716,1.3700000047683716,0
2016-09-06,1.3700000047683716,1.3700000047683716,1.3700000047683716,1.3700000047683716,1.3700000047683716,0
2016-09-07,1.3700000047683716,1.3700000047683716,1.3700000047683716,1.3700000047683716,1.3700000047683716,0
2016-09-08,1.3700000047683716,1.3700000047683716,1.3700000047683716,1.3700000047683716,1.3700000047683716,0
2016-09-09,1.3700000047683716,1.3700000047683716,1.3700000047683716,1.3700000047683716,1.3700000047683716,0
2016-09-12,1.3700000047683716,1.3700000047683716,1.3700000047683716,1.3700000047683716,1.3700000047683716,0
2016-09-13,1.3700000047683716,1.3700000047683716,1.3700000047683716,1.3700000047683716,1.3700000047683716,0
2016-09-14,1.3700000047683716,1.3700000047683716,1.3700000047683716,1.3700000047683716,1.3700000047683716,0
2016-09-15,1.3700000047683716,1.3700000047683716,1.3700000047683716,1.3700000047683716,1.3700000047683716,0
2016-09-19,1.3700000047683716,1.3700000047683716,1.3700000047683716,1.3700000047683716,1.3700000047683716,0
2016-09-20,1.3700000047683716,1.3700000047683716,1.3700000047683716,1.3700000047683716,1.3700000047683716,0
2016-09-21,1.3700000047683716,1.3700000047683716,1.3700000047683716,1.3700000047683716,1.3700000047683716,0
2016-09-22,1.3700000047683716,1.3700000047683716,1.3700000047683716,1.3700000047683716,1.3700000047683716,0
2016-09-23,1.3700000047683716,1.3700000047683716,1.3700000047683716,1.3700000047683716,1.3700000047683716,0
2016-09-26,1.3700000047683716,1.3700000047683716,1.3700000047683716,1.3700000047683716,1.3700000047683716,0
2016-09-27,1.3700000047683716,1.3700000047683716,1.3700000047683716,1.3700000047683716,1.3700000047683716,0
2016-09-28,1.3700000047683716,1.3700000047683716,1.3700000047683716,1.3700000047683716,1.3700000047683716,0
2016-09-29,1.3700000047683716,1.3700000047683716,1.3700000047683716,1.3700000047683716,1.3700000047683716,0
2016-09-30,1.3700000047683716,1.3700000047683716,1.3700000047683716,1.3700000047683716,1.3700000047683716,0
2016-10-03,1.3700000047683716,1.3700000047683716,1.3700000047683716,1.3700000047683716,1.3700000047683716,0
2016-10-04,1.3700000047683716,1.3700000047683716,1.3700000047683716,1.3700000047683716,1.3700000047683716,0
2016-10-05,1.3700000047683716,1.3700000047683716,1.3700000047683716,1.3700000047683716,1.3700000047683716,0
2016-10-06,1.3700000047683716,1.3700000047683716,1.3700000047683716,1.3700000047683716,1.3700000047683716,0
2016-10-07,1.3700000047683716,1.3700000047683716,1.3700000047683716,1.3700000047683716,1.3700000047683716,0
2016-10-11,1.3700000047683716,1.3700000047683716,1.3700000047683716,1.3700000047683716,1.3700000047683716,0
2016-10-12,1.3700000047683716,1.3700000047683716,1.3700000047683716,1.3700000047683716,1.3700000047683716,0
2016-10-13,1.3700000047683716,1.3700000047683716,1.3700000047683716,1.3700000047683716,1.3700000047683716,0
2016-10-14,1.3700000047683716,1.3700000047683716,1.3700000047683716,1.3700000047683716,1.3700000047683716,0
2016-10-17,1.3700000047683716,1.3700000047683716,1.3700000047683716,1.3700000047683716,1.3700000047683716,0
2016-10-18,1.3700000047683716,1.3700000047683716,1.3700000047683716,1.3700000047683716,1.3700000047683716,0
2016-10-19,1.3700000047683716,1.3700000047683716,1.3700000047683716,1.3700000047683716,1.3700000047683716,0
2016-10-20,1.3700000047683716,1.3700000047683716,1.3700000047683716,1.3700000047683716,1.3700000047683716,0
2016-10-21,1.3700000047683716,1.3700000047683716,1.3700000047683716,1.3700000047683716,1.3700000047683716,0
2016-10-24,1.3700000047683716,1.3700000047683716,1.3700000047683716,1.3700000047683716,1.3700000047683716,0
2016-10-25,1.3700000047683716,1.3700000047683716,1.3700000047683716,1.3700000047683716,1.3700000047683716,0
2016-10-26,1.3700000047683716,1.3700000047683716,1.3700000047683716,1.3700000047683716,1.3700000047683716,0
2016-10-27,1.3700000047683716,1.3700000047683716,1.3700000047683716,1.3700000047683716,1.3700000047683716,0
2016-10-28,1.3700000047683716,1.3700000047683716,1.3700000047683716,1.3700000047683716,1.3700000047683716,0
2016-10-31,1.3700000047683716,1.3700000047683716,1.3700000047683716,1.3700000047683716,1.3700000047683716,0
2016-11-01,1.3700000047683716,1.3700000047683716,1.3700000047683716,1.3700000047683716,1.3700000047683716,0
2016-11-02,1.3700000047683716,1.3700000047683716,1.3700000047683716,1.3700000047683716,1.3700000047683716,0
2016-11-03,1.3700000047683716,1.3700000047683716,1.3700000047683716,1.3700000047683716,1.3700000047683716,0
2016-11-04,1.3700000047683716,1.3700000047683716,1.3700000047683716,1.3700000047683716,1.3700000047683716,0
2016-11-07,1.3700000047683716,1.3700000047683716,1.3700000047683716,1.3700000047683716,1.3700000047683716,0
2016-11-08,1.3700000047683716,1.3700000047683716,1.3700000047683716,1.3700000047683716,1.3700000047683716,0
2016-11-09,1.3700000047683716,1.3700000047683716,1.3700000047683716,1.3700000047683716,1.3700000047683716,0
2016-11-10,1.3700000047683716,1.3700000047683716,1.3700000047683716,1.3700000047683716,1.3700000047683716,0
2016-11-11,1.3700000047683716,1.3700000047683716,1.3700000047683716,1.3700000047683716,1.3700000047683716,0
2016-11-14,1.3700000047683716,1.3700000047683716,1.3700000047683716,1.3700000047683716,1.3700000047683716,0
2016-11-15,1.3700000047683716,1.3700000047683716,1.3700000047683716,1.3700000047683716,1.3700000047683716,0
2016-11-16,1.3700000047683716,1.3700000047683716,1.3700000047683716,1.3700000047683716,1.3700000047683716,0
2016-11-17,1.3700000047683716,1.3700000047683716,1.3700000047683716,1.3700000047683716,1.3700000047683716,0
2016-11-18,1.3700000047683716,1.3700000047683716,1.3700000047683716,1.3700000047683716,1.3700000047683716,0
2016-11-21,1.3700000047683716,1.3700000047683716,1.3700000047683716,1.3700000047683716,1.3700000047683716,0
2016-11-22,1.3700000047683716,1.3700000047683716,1.3700000047683716,1.3700000047683716,1.3700000047683716,0
2016-11-23,1.3700000047683716,1.3700000047683716,1.3700000047683716,1.3700000047683716,1.3700000047683716,0
2016-11-24,1.3700000047683716,1.3700000047683716,1.3700000047683716,1.3700000047683716,1.3700000047683716,0
2016-11-25,1.3700000047683716,1.3700000047683716,1.3700000047683716,1.3700000047683716,1.3700000047683716,0
2016-11-28,1.3700000047683716,1.3700000047683716,1.3700000047683716,1.3700000047683716,1.3700000047683716,0
2016-11-29,1.3700000047683716,1.3700000047683716,1.3700000047683716,1.3700000047683716,1.3700000047683716,0
2016-11-30,1.3700000047683716,1.3700000047683716,1.3700000047683716,1.3700000047683716,1.3700000047683716,0
2016-12-01,1.3700000047683716,1.3700000047683716,1.3700000047683716,1.3700000047683716,1.3700000047683716,0
2016-12-02,1.3700000047683716,1.3700000047683716,1.3700000047683716,1.3700000047683716,1.3700000047683716,0
2016-12-05,1.3700000047683716,1.3700000047683716,1.3700000047683716,1.3700000047683716,1.3700000047683716,0
2016-12-06,1.3700000047683716,1.3700000047683716,1.3700000047683716,1.3700000047683716,1.3700000047683716,0
2016-12-07,1.3700000047683716,1.3700000047683716,1.3700000047683716,1.3700000047683716,1.3700000047683716,0
2016-12-08,1.3700000047683716,1.3700000047683716,1.3700000047683716,1.3700000047683716,1.3700000047683716,0
2016-12-09,1.3700000047683716,1.3700000047683716,1.3700000047683716,1.3700000047683716,1.3700000047683716,0
2016-12-12,1.3700000047683716,1.3700000047683716,1.3700000047683716,1.3700000047683716,1.3700000047683716,0
2016-12-13,1.3700000047683716,1.3700000047683716,1.3700000047683716,1.3700000047683716,1.3700000047683716,0
2016-12-14,1.3700000047683716,1.3700000047683716,1.3700000047683716,1.3700000047683716,1.3700000047683716,0
2016-12-15,1.3700000047683716,1.3700000047683716,1.3700000047683716,1.3700000047683716,1.3700000047683716,0
2016-12-16,1.3700000047683716,1.3700000047683716,1.3700000047683716,1.3700000047683716,1.3700000047683716,0
2016-12-19,1.3700000047683716,1.3700000047683716,1.3700000047683716,1.3700000047683716,1.3700000047683716,0
2016-12-20,1.3700000047683716,1.3700000047683716,1.3700000047683716,1.3700000047683716,1.3700000047683716,0
2016-12-21,1.3700000047683716,1.3700000047683716,1.3700000047683716,1.3700000047683716,1.3700000047683716,0
2016-12-22,1.3700000047683716,1.3700000047683716,1.3700000047683716,1.3700000047683716,1.3700000047683716,0
2016-12-23,1.3700000047683716,1.3700000047683716,1.3700000047683716,1.3700000047683716,1.3700000047683716,0
2016-12-28,1.3700000047683716,1.3700000047683716,1.3700000047683716,1.3700000047683716,1.3700000047683716,0
2016-12-29,1.3700000047683716,1.3700000047683716,1.3700000047683716,1.3700000047683716,1.3700000047683716,0
2016-12-30,1.3700000047683716,1.3700000047683716,1.3700000047683716,1.3700000047683716,1.3700000047683716,0
2017-01-03,1.3700000047683716,1.3700000047683716,1.3700000047683716,1.3700000047683716,1.3700000047683716,0
2017-01-04,1.3700000047683716,1.3700000047683716,1.3700000047683716,1.3700000047683716,1.3700000047683716,0
2017-01-05,1.3700000047683716,1.3700000047683716,1.3700000047683716,1.3700000047683716,1.3700000047683716,0
2017-01-06,1.3700000047683716,1.3700000047683716,1.3700000047683716,1.3700000047683716,1.3700000047683716,0
2017-01-09,1.3700000047683716,1.3700000047683716,1.3700000047683716,1.3700000047683716,1.3700000047683716,0
2017-01-10,1.3700000047683716,1.3700000047683716,1.3700000047683716,1.3700000047683716,1.3700000047683716,0
2017-01-11,1.3700000047683716,1.3700000047683716,1.3700000047683716,1.3700000047683716,1.3700000047683716,0
2017-01-12,1.3700000047683716,1.3700000047683716,1.3700000047683716,1.3700000047683716,1.3700000047683716,0
2017-01-13,1.3700000047683716,1.3700000047683716,1.3700000047683716,1.3700000047683716,1.3700000047683716,0
2017-01-16,1.3700000047683716,1.3700000047683716,1.3700000047683716,1.3700000047683716,1.3700000047683716,0
2017-01-17,1.3700000047683716,1.3700000047683716,1.3700000047683716,1.3700000047683716,1.3700000047683716,0
2017-01-18,1.3700000047683716,1.3700000047683716,1.3700000047683716,1.3700000047683716,1.3700000047683716,0
2017-01-19,1.3700000047683716,1.3700000047683716,1.3700000047683716,1.3700000047683716,1.3700000047683716,0
2017-01-20,1.3700000047683716,1.3700000047683716,1.3700000047683716,1.3700000047683716,1.3700000047683716,0
2017-01-23,1.3700000047683716,1.3700000047683716,1.3700000047683716,1.3700000047683716,1.3700000047683716,0
2017-01-24,1.3700000047683716,1.3700000047683716,1.3700000047683716,1.3700000047683716,1.3700000047683716,0
2017-01-25,1.3700000047683716,1.3700000047683716,1.3700000047683716,1.3700000047683716,1.3700000047683716,0
2017-01-26,1.3700000047683716,1.3700000047683716,1.3700000047683716,1.3700000047683716,1.3700000047683716,0
2017-01-27,1.3700000047683716,1.3700000047683716,1.3700000047683716,1.3700000047683716,1.3700000047683716,0
2017-02-01,1.3700000047683716,1.3700000047683716,1.3700000047683716,1.3700000047683716,1.3700000047683716,0
2017-02-02,1.3700000047683716,1.3700000047683716,1.3700000047683716,1.3700000047683716,1.3700000047683716,0
2017-02-03,1.3700000047683716,1.3700000047683716,1.3700000047683716,1.3700000047683716,1.3700000047683716,0
2017-02-06,1.3700000047683716,1.3700000047683716,1.3700000047683716,1.3700000047683716,1.3700000047683716,0
2017-02-07,1.3700000047683716,1.3700000047683716,1.3700000047683716,1.3700000047683716,1.3700000047683716,0
2017-02-08,1.3700000047683716,1.3700000047683716,1.3700000047683716,1.3700000047683716,1.3700000047683716,0
2017-02-09,1.3700000047683716,1.3700000047683716,1.3700000047683716,1.3700000047683716,1.3700000047683716,0
2017-02-10,1.3700000047683716,1.3700000047683716,1.3700000047683716,1.3700000047683716,1.3700000047683716,0
2017-02-13,1.3700000047683716,1.3700000047683716,1.3700000047683716,1.3700000047683716,1.3700000047683716,0
2017-02-14,1.3700000047683716,1.3700000047683716,1.3700000047683716,1.3700000047683716,1.3700000047683716,0
2017-02-15,1.3700000047683716,1.3700000047683716,1.3700000047683716,1.3700000047683716,1.3700000047683716,0
2017-02-16,1.3700000047683716,1.3700000047683716,1.3700000047683716,1.3700000047683716,1.3700000047683716,0
2017-02-17,1.3700000047683716,1.3700000047683716,1.3700000047683716,1.3700000047683716,1.3700000047683716,0
2017-02-20,1.3700000047683716,1.3700000047683716,1.3700000047683716,1.3700000047683716,1.3700000047683716,0
2017-02-21,1.3700000047683716,1.3700000047683716,1.3700000047683716,1.3700000047683716,1.3700000047683716,0
2017-02-22,1.3700000047683716,1.3700000047683716,1.3700000047683716,1.3700000047683716,1.3700000047683716,0
2017-02-23,1.3700000047683716,1.3700000047683716,1.3700000047683716,1.3700000047683716,1.3700000047683716,0
2017-02-24,1.3700000047683716,1.3700000047683716,1.3700000047683716,1.3700000047683716,1.3700000047683716,0
2017-02-27,1.3700000047683716,1.3700000047683716,1.3700000047683716,1.3700000047683716,1.3700000047683716,0
2017-02-28,1.3700000047683716,1.3700000047683716,1.3700000047683716,1.3700000047683716,1.3700000047683716,0
2017-03-01,1.3700000047683716,1.3700000047683716,1.3700000047683716,1.3700000047683716,1.3700000047683716,0
2017-03-02,1.3700000047683716,1.3700000047683716,1.3700000047683716,1.3700000047683716,1.3700000047683716,0
2017-03-03,1.3700000047683716,1.3700000047683716,1.3700000047683716,1.3700000047683716,1.3700000047683716,0
2017-03-06,1.3700000047683716,1.3700000047683716,1.3700000047683716,1.3700000047683716,1.3700000047683716,0
2017-03-07,1.3700000047683716,1.3700000047683716,1.3700000047683716,1.3700000047683716,1.3700000047683716,0
2017-03-08,1.3700000047683716,1.3700000047683716,1.3700000047683716,1.3700000047683716,1.3700000047683716,0
2017-03-09,1.3700000047683716,1.3700000047683716,1.3700000047683716,1.3700000047683716,1.3700000047683716,0
2017-03-10,1.3700000047683716,1.3700000047683716,1.3700000047683716,1.3700000047683716,1.3700000047683716,0
2017-03-13,1.3700000047683716,1.3700000047683716,1.3700000047683716,1.3700000047683716,1.3700000047683716,0
2017-03-14,1.3700000047683716,1.3700000047683716,1.3700000047683716,1.3700000047683716,1.3700000047683716,0
2017-03-15,1.3700000047683716,1.3700000047683716,1.3700000047683716,1.3700000047683716,1.3700000047683716,0
2017-03-16,1.3700000047683716,1.3700000047683716,1.3700000047683716,1.3700000047683716,1.3700000047683716,0
2017-03-17,1.3700000047683716,1.3700000047683716,1.3700000047683716,1.3700000047683716,1.3700000047683716,0
2017-03-20,1.3700000047683716,1.3700000047683716,1.3700000047683716,1.3700000047683716,1.3700000047683716,0
2017-03-21,1.3700000047683716,1.3700000047683716,1.3700000047683716,1.3700000047683716,1.3700000047683716,0
2017-03-22,1.3700000047683716,1.3700000047683716,1.3700000047683716,1.3700000047683716,1.3700000047683716,0
2017-03-23,1.3700000047683716,1.3700000047683716,1.3700000047683716,1.3700000047683716,1.3700000047683716,0
2017-03-24,1.3700000047683716,1.3700000047683716,1.3700000047683716,1.3700000047683716,1.3700000047683716,0
2017-03-27,1.3700000047683716,1.3700000047683716,1.3700000047683716,1.3700000047683716,1.3700000047683716,0
2017-03-28,1.3700000047683716,1.3700000047683716,1.3700000047683716,1.3700000047683716,1.3700000047683716,0
2017-03-29,1.3700000047683716,1.3700000047683716,1.3700000047683716,1.3700000047683716,1.3700000047683716,0
2017-03-30,1.3700000047683716,1.3700000047683716,1.3700000047683716,1.3700000047683716,1.3700000047683716,0
2017-03-31,1.3700000047683716,1.3700000047683716,1.3700000047683716,1.3700000047683716,1.3700000047683716,0
2017-04-03,1.3700000047683716,1.3700000047683716,1.3700000047683716,1.3700000047683716,1.3700000047683716,0
2017-04-05,1.3700000047683716,1.3700000047683716,1.3700000047683716,1.3700000047683716,1.3700000047683716,0
2017-04-06,1.3700000047683716,1.3700000047683716,1.3700000047683716,1.3700000047683716,1.3700000047683716,0
2017-04-07,1.3700000047683716,1.3700000047683716,1.3700000047683716,1.3700000047683716,1.3700000047683716,0
2017-04-10,1.3700000047683716,1.3700000047683716,1.3700000047683716,1.3700000047683716,1.3700000047683716,0
2017-04-11,1.3700000047683716,1.3700000047683716,1.3700000047683716,1.3700000047683716,1.3700000047683716,0
2017-04-12,1.3700000047683716,1.3700000047683716,1.3700000047683716,1.3700000047683716,1.3700000047683716,0
2017-04-13,1.3700000047683716,1.3700000047683716,1.3700000047683716,1.3700000047683716,1.3700000047683716,0
2017-04-18,1.3700000047683716,1.3700000047683716,1.3700000047683716,1.3700000047683716,1.3700000047683716,0
2017-04-19,1.3700000047683716,1.3700000047683716,1.3700000047683716,1.3700000047683716,1.3700000047683716,0
2017-04-20,1.3700000047683716,1.3700000047683716,1.3700000047683716,1.3700000047683716,1.3700000047683716,0
2017-04-21,1.3700000047683716,1.3700000047683716,1.3700000047683716,1.3700000047683716,1.3700000047683716,0
2017-04-24,1.3700000047683716,1.3700000047683716,1.3700000047683716,1.3700000047683716,1.3700000047683716,0
2017-04-25,1.3700000047683716,1.3700000047683716,1.3700000047683716,1.3700000047683716,1.3700000047683716,0
2017-04-26,1.3700000047683716,1.3700000047683716,1.3700000047683716,1.3700000047683716,1.3700000047683716,0
2017-04-27,1.3700000047683716,1.3700000047683716,1.3700000047683716,1.3700000047683716,1.3700000047683716,0
2017-04-28,1.3700000047683716,1.3700000047683716,1.3700000047683716,1.3700000047683716,1.3700000047683716,0
2017-05-02,1.3700000047683716,1.3700000047683716,1.3700000047683716,1.3700000047683716,1.3700000047683716,0
2017-05-04,1.3700000047683716,1.3700000047683716,1.3700000047683716,1.3700000047683716,1.3700000047683716,0
2017-05-05,1.3700000047683716,1.3700000047683716,1.3700000047683716,1.3700000047683716,1.3700000047683716,0
2017-05-08,1.3700000047683716,1.3700000047683716,1.3700000047683716,1.3700000047683716,1.3700000047683716,0
2017-05-09,1.3700000047683716,1.3700000047683716,1.3700000047683716,1.3700000047683716,1.3700000047683716,0
2017-05-10,1.3700000047683716,1.3700000047683716,1.3700000047683716,1.3700000047683716,1.3700000047683716,0
2017-05-11,1.3700000047683716,1.3700000047683716,1.3700000047683716,1.3700000047683716,1.3700000047683716,0
2017-05-12,1.3700000047683716,1.3700000047683716,1.3700000047683716,1.3700000047683716,1.3700000047683716,0
2017-05-15,1.3700000047683716,1.3700000047683716,1.3700000047683716,1.3700000047683716,1.3700000047683716,0
2017-05-16,1.3700000047683716,1.3700000047683716,1.3700000047683716,1.3700000047683716,1.3700000047683716,0
2017-05-17,1.3700000047683716,1.3700000047683716,1.3700000047683716,1.3700000047683716,1.3700000047683716,0
2017-05-18,1.3700000047683716,1.3700000047683716,1.3700000047683716,1.3700000047683716,1.3700000047683716,0
2017-05-19,1.3700000047683716,1.3700000047683716,1.3700000047683716,1.3700000047683716,1.3700000047683716,0
2017-05-22,1.3700000047683716,1.3700000047683716,1.3700000047683716,1.3700000047683716,1.3700000047683716,0
2017-05-23,1.3700000047683716,1.3700000047683716,1.3700000047683716,1.3700000047683716,1.3700000047683716,0
2017-05-24,1.3700000047683716,1.3700000047683716,1.3700000047683716,1.3700000047683716,1.3700000047683716,0
2017-05-25,1.3700000047683716,1.3700000047683716,1.3700000047683716,1.3700000047683716,1.3700000047683716,0
2017-05-26,1.3700000047683716,1.3700000047683716,1.3700000047683716,1.3700000047683716,1.3700000047683716,0
2017-05-29,1.3700000047683716,1.3700000047683716,1.3700000047683716,1.3700000047683716,1.3700000047683716,0
2017-05-31,1.3700000047683716,1.3700000047683716,1.3700000047683716,1.3700000047683716,1.3700000047683716,0
2017-06-01,1.3700000047683716,1.3700000047683716,1.3700000047683716,1.3700000047683716,1.3700000047683716,0
2017-06-02,1.3700000047683716,1.3700000047683716,1.3700000047683716,1.3700000047683716,1.3700000047683716,0
2017-06-05,1.3700000047683716,1.3700000047683716,1.3700000047683716,1.3700000047683716,1.3700000047683716,0
2017-06-06,1.3700000047683716,1.3700000047683716,1.3700000047683716,1.3700000047683716,1.3700000047683716,0
2017-06-07,1.3700000047683716,1.3700000047683716,1.3700000047683716,1.3700000047683716,1.3700000047683716,0
2017-06-08,1.3700000047683716,1.3700000047683716,1.3700000047683716,1.3700000047683716,1.3700000047683716,0
2017-06-09,1.3700000047683716,1.3700000047683716,1.3700000047683716,1.3700000047683716,1.3700000047683716,0
2017-06-12,1.3700000047683716,1.3700000047683716,1.3700000047683716,1.3700000047683716,1.3700000047683716,0
2017-06-13,1.3700000047683716,1.3700000047683716,1.3700000047683716,1.3700000047683716,1.3700000047683716,0
2017-06-14,1.3700000047683716,1.3700000047683716,1.3700000047683716,1.3700000047683716,1.3700000047683716,0
2017-06-15,1.3700000047683716,1.3700000047683716,1.3700000047683716,1.3700000047683716,1.3700000047683716,0
2017-06-16,1.3700000047683716,1.3700000047683716,1.3700000047683716,1.3700000047683716,1.3700000047683716,0
2017-06-19,1.3700000047683716,1.3700000047683716,1.3700000047683716,1.3700000047683716,1.3700000047683716,0
2017-06-20,1.3700000047683716,1.3700000047683716,1.3700000047683716,1.3700000047683716,1.3700000047683716,0
2017-06-21,1.3700000047683716,1.3700000047683716,1.3700000047683716,1.3700000047683716,1.3700000047683716,0
2017-06-22,1.3700000047683716,1.3700000047683716,1.3700000047683716,1.3700000047683716,1.3700000047683716,0
2017-06-23,1.3700000047683716,1.3700000047683716,1.3700000047683716,1.3700000047683716,1.3700000047683716,0
2017-06-26,1.3700000047683716,1.3700000047683716,1.3700000047683716,1.3700000047683716,1.3700000047683716,0
2017-06-27,1.3700000047683716,1.3700000047683716,1.3700000047683716,1.3700000047683716,1.3700000047683716,0
2017-06-28,1.3700000047683716,1.3700000047683716,1.3700000047683716,1.3700000047683716,1.3700000047683716,0
2017-06-29,1.3700000047683716,1.3700000047683716,1.3700000047683716,1.3700000047683716,1.3700000047683716,0
2017-06-30,1.3700000047683716,1.3700000047683716,1.3700000047683716,1.3700000047683716,1.3700000047683716,0
2017-07-03,1.3700000047683716,1.3700000047683716,1.3700000047683716,1.3700000047683716,1.3700000047683716,0
2017-07-04,1.3700000047683716,1.3700000047683716,1.3700000047683716,1.3700000047683716,1.3700000047683716,0
2017-07-05,1.3700000047683716,1.3700000047683716,1.3700000047683716,1.3700000047683716,1.3700000047683716,0
2017-07-06,1.3700000047683716,1.3700000047683716,1.3700000047683716,1.3700000047683716,1.3700000047683716,0
2017-07-07,1.3700000047683716,1.3700000047683716,1.3700000047683716,1.3700000047683716,1.3700000047683716,0
2017-07-10,1.3700000047683716,1.3700000047683716,1.3700000047683716,1.3700000047683716,1.3700000047683716,0
2017-07-11,1.3700000047683716,1.3700000047683716,1.3700000047683716,1.3700000047683716,1.3700000047683716,0
2017-07-12,1.3700000047683716,1.3700000047683716,1.3700000047683716,1.3700000047683716,1.3700000047683716,0
2017-07-13,1.3700000047683716,1.3700000047683716,1.3700000047683716,1.3700000047683716,1.3700000047683716,0
2017-07-14,1.3700000047683716,1.3700000047683716,1.3700000047683716,1.3700000047683716,1.3700000047683716,0
2017-07-17,1.3700000047683716,1.3700000047683716,1.3700000047683716,1.3700000047683716,1.3700000047683716,0
2017-07-18,1.3700000047683716,1.3700000047683716,1.3700000047683716,1.3700000047683716,1.3700000047683716,0
2017-07-19,1.3700000047683716,1.3700000047683716,1.3700000047683716,1.3700000047683716,1.3700000047683716,0
2017-07-20,1.3700000047683716,1.3700000047683716,1.3700000047683716,1.3700000047683716,1.3700000047683716,0
2017-07-21,1.3700000047683716,1.3700000047683716,1.3700000047683716,1.3700000047683716,1.3700000047683716,0
2017-07-24,1.3700000047683716,1.3700000047683716,1.3700000047683716,1.3700000047683716,1.3700000047683716,0
2017-07-25,1.3700000047683716,1.3700000047683716,1.3700000047683716,1.3700000047683716,1.3700000047683716,0
2017-07-26,1.3700000047683716,1.3700000047683716,1.3700000047683716,1.3700000047683716,1.3700000047683716,0
2017-07-27,1.3700000047683716,1.3700000047683716,1.3700000047683716,1.3700000047683716,1.3700000047683716,0
2017-07-28,1.3700000047683716,1.3700000047683716,1.3700000047683716,1.3700000047683716,1.3700000047683716,0
2017-07-31,1.3700000047683716,1.3700000047683716,1.3700000047683716,1.3700000047683716,1.3700000047683716,0
2017-08-01,1.3700000047683716,1.3700000047683716,1.3700000047683716,1.3700000047683716,1.3700000047683716,0
2017-08-02,1.3700000047683716,1.3700000047683716,1.3700000047683716,1.3700000047683716,1.3700000047683716,0
2017-08-03,1.3700000047683716,1.3700000047683716,1.3700000047683716,1.3700000047683716,1.3700000047683716,0
2017-08-04,1.3700000047683716,1.3700000047683716,1.3700000047683716,1.3700000047683716,1.3700000047683716,0
2017-08-07,1.3700000047683716,1.3700000047683716,1.3700000047683716,1.3700000047683716,1.3700000047683716,0
2017-08-08,1.3700000047683716,1.3700000047683716,1.3700000047683716,1.3700000047683716,1.3700000047683716,0
2017-08-09,1.3700000047683716,1.3700000047683716,1.3700000047683716,1.3700000047683716,1.3700000047683716,0
2017-08-10,1.3700000047683716,1.3700000047683716,1.3700000047683716,1.3700000047683716,1.3700000047683716,0
2017-08-11,1.3700000047683716,1.3700000047683716,1.3700000047683716,1.3700000047683716,1.3700000047683716,0
2017-08-14,1.3700000047683716,1.3700000047683716,1.3700000047683716,1.3700000047683716,1.3700000047683716,0
2017-08-15,1.3700000047683716,1.3700000047683716,1.3700000047683716,1.3700000047683716,1.3700000047683716,0
2017-08-16,1.3700000047683716,1.3700000047683716,1.3700000047683716,1.3700000047683716,1.3700000047683716,0
2017-08-17,1.3700000047683716,1.3700000047683716,1.3700000047683716,1.3700000047683716,1.3700000047683716,0
2017-08-18,1.3700000047683716,1.3700000047683716,1.3700000047683716,1.3700000047683716,1.3700000047683716,0
2017-08-21,1.3700000047683716,1.3700000047683716,1.3700000047683716,1.3700000047683716,1.3700000047683716,0
2017-08-22,1.3700000047683716,1.3700000047683716,1.3700000047683716,1.3700000047683716,1.3700000047683716,0
2017-08-23,1.3700000047683716,1.3700000047683716,1.3700000047683716,1.3700000047683716,1.3700000047683716,0
2017-08-24,1.3700000047683716,1.3700000047683716,1.3700000047683716,1.3700000047683716,1.3700000047683716,0
2017-08-25,1.3700000047683716,1.3700000047683716,1.3700000047683716,1.3700000047683716,1.3700000047683716,0
2017-08-28,1.3700000047683716,1.3700000047683716,1.3700000047683716,1.3700000047683716,1.3700000047683716,0
2017-08-29,1.3700000047683716,1.3700000047683716,1.3700000047683716,1.3700000047683716,1.3700000047683716,0
2017-08-30,1.3700000047683716,1.3700000047683716,1.3700000047683716,1.3700000047683716,1.3700000047683716,0
2017-08-31,1.3700000047683716,1.3700000047683716,1.3700000047683716,1.3700000047683716,1.3700000047683716,0
2017-09-01,1.3700000047683716,1.3700000047683716,1.3700000047683716,1.3700000047683716,1.3700000047683716,0
2017-09-04,1.3700000047683716,1.3700000047683716,1.3700000047683716,1.3700000047683716,1.3700000047683716,0
2017-09-05,1.3700000047683716,1.3700000047683716,1.3700000047683716,1.3700000047683716,1.3700000047683716,0
2017-09-06,1.3700000047683716,1.3700000047683716,1.3700000047683716,1.3700000047683716,1.3700000047683716,0
2017-09-07,1.3700000047683716,1.3700000047683716,1.3700000047683716,1.3700000047683716,1.3700000047683716,0
2017-09-08,1.3700000047683716,1.3700000047683716,1.3700000047683716,1.3700000047683716,1.3700000047683716,0
2017-09-11,1.3700000047683716,1.3700000047683716,1.3700000047683716,1.3700000047683716,1.3700000047683716,0
2017-09-12,1.3700000047683716,1.3700000047683716,1.3700000047683716,1.3700000047683716,1.3700000047683716,0
2017-09-13,1.3700000047683716,1.3700000047683716,1.3700000047683716,1.3700000047683716,1.3700000047683716,0
2017-09-14,1.3700000047683716,1.3700000047683716,1.3700000047683716,1.3700000047683716,1.3700000047683716,0
2017-09-15,1.3700000047683716,1.3700000047683716,1.3700000047683716,1.3700000047683716,1.3700000047683716,0
2017-09-18,1.3700000047683716,1.3700000047683716,1.3700000047683716,1.3700000047683716,1.3700000047683716,0
2017-09-19,1.3700000047683716,1.3700000047683716,1.3700000047683716,1.3700000047683716,1.3700000047683716,0
2017-09-20,1.3700000047683716,1.3700000047683716,1.3700000047683716,1.3700000047683716,1.3700000047683716,0
2017-09-21,1.3700000047683716,1.3700000047683716,1.3700000047683716,1.3700000047683716,1.3700000047683716,0
2017-09-22,1.3700000047683716,1.3700000047683716,1.3700000047683716,1.3700000047683716,1.3700000047683716,0
2017-09-25,1.3700000047683716,1.3700000047683716,1.3700000047683716,1.3700000047683716,1.3700000047683716,0
2017-09-26,1.3700000047683716,1.3700000047683716,1.3700000047683716,1.3700000047683716,1.3700000047683716,0
2017-09-27,1.3700000047683716,1.3700000047683716,1.3700000047683716,1.3700000047683716,1.3700000047683716,0
2017-09-28,1.3700000047683716,1.3700000047683716,1.3700000047683716,1.3700000047683716,1.3700000047683716,0
2017-09-29,1.3700000047683716,1.3700000047683716,1.3700000047683716,1.3700000047683716,1.3700000047683716,0
2017-10-03,1.3700000047683716,1.3700000047683716,1.3700000047683716,1.3700000047683716,1.3700000047683716,0
2017-10-04,1.3700000047683716,1.3700000047683716,1.3700000047683716,1.3700000047683716,1.3700000047683716,0
2017-10-06,1.3700000047683716,1.3700000047683716,1.3700000047683716,1.3700000047683716,1.3700000047683716,0
2017-10-09,1.3700000047683716,1.3700000047683716,1.3700000047683716,1.3700000047683716,1.3700000047683716,0
2017-10-10,1.3700000047683716,1.3700000047683716,1.3700000047683716,1.3700000047683716,1.3700000047683716,0
2017-10-11,1.3700000047683716,1.3700000047683716,1.3700000047683716,1.3700000047683716,1.3700000047683716,0
2017-10-12,1.3700000047683716,1.3700000047683716,1.3700000047683716,1.3700000047683716,1.3700000047683716,0
2017-10-13,1.3700000047683716,1.3700000047683716,1.3700000047683716,1.3700000047683716,1.3700000047683716,0
2017-10-16,1.3700000047683716,1.3700000047683716,1.3700000047683716,1.3700000047683716,1.3700000047683716,0
2017-10-17,1.3700000047683716,1.3700000047683716,1.3700000047683716,1.3700000047683716,1.3700000047683716,0
2017-10-18,1.3700000047683716,1.3700000047683716,1.3700000047683716,1.3700000047683716,1.3700000047683716,0
2017-10-19,1.3700000047683716,1.3700000047683716,1.3700000047683716,1.3700000047683716,1.3700000047683716,0
2017-10-20,1.3700000047683716,1.3700000047683716,1.3700000047683716,1.3700000047683716,1.3700000047683716,0
2017-10-23,1.3700000047683716,1.3700000047683716,1.3700000047683716,1.3700000047683716,1.3700000047683716,0
2017-10-24,1.3700000047683716,1.3700000047683716,1.3700000047683716,1.3700000047683716,1.3700000047683716,0
2017-10-25,1.3700000047683716,1.3700000047683716,1.3700000047683716,1.3700000047683716,1.3700000047683716,0
2017-10-26,1.3700000047683716,1.3700000047683716,1.3700000047683716,1.3700000047683716,1.3700000047683716,0
2017-10-27,1.3700000047683716,1.3700000047683716,1.3700000047683716,1.3700000047683716,1.3700000047683716,0
2017-10-30,1.3700000047683716,1.3700000047683716,1.3700000047683716,1.3700000047683716,1.3700000047683716,0
2017-10-31,1.3700000047683716,1.3700000047683716,1.3700000047683716,1.3700000047683716,1.3700000047683716,0
2017-11-01,1.3700000047683716,1.3700000047683716,1.3700000047683716,1.3700000047683716,1.3700000047683716,0
2017-11-02,1.3700000047683716,1.3700000047683716,1.3700000047683716,1.3700000047683716,1.3700000047683716,0
2017-11-03,1.3700000047683716,1.3700000047683716,1.3700000047683716,1.3700000047683716,1.3700000047683716,0
2017-11-06,1.3700000047683716,1.3700000047683716,1.3700000047683716,1.3700000047683716,1.3700000047683716,0
2017-11-07,1.3700000047683716,1.3700000047683716,1.3700000047683716,1.3700000047683716,1.3700000047683716,0
2017-11-08,1.3700000047683716,1.3700000047683716,1.3700000047683716,1.3700000047683716,1.3700000047683716,0
2017-11-09,1.3700000047683716,1.3700000047683716,1.3700000047683716,1.3700000047683716,1.3700000047683716,0
2017-11-10,1.3700000047683716,1.3700000047683716,1.3700000047683716,1.3700000047683716,1.3700000047683716,0
2017-11-13,1.3700000047683716,1.3700000047683716,1.3700000047683716,1.3700000047683716,1.3700000047683716,0
2017-11-14,1.3700000047683716,1.3700000047683716,1.3700000047683716,1.3700000047683716,1.3700000047683716,0
2017-11-15,1.3700000047683716,1.3700000047683716,1.3700000047683716,1.3700000047683716,1.3700000047683716,0
2017-11-16,1.3700000047683716,1.3700000047683716,1.3700000047683716,1.3700000047683716,1.3700000047683716,0
2017-11-17,1.3700000047683716,1.3700000047683716,1.3700000047683716,1.3700000047683716,1.3700000047683716,0
2017-11-20,1.3700000047683716,1.3700000047683716,1.3700000047683716,1.3700000047683716,1.3700000047683716,0
2017-11-21,1.3700000047683716,1.3700000047683716,1.3700000047683716,1.3700000047683716,1.3700000047683716,0
2017-11-22,1.3700000047683716,1.3700000047683716,1.3700000047683716,1.3700000047683716,1.3700000047683716,0
2017-11-23,1.3700000047683716,1.3700000047683716,1.3700000047683716,1.3700000047683716,1.3700000047683716,0
2017-11-24,1.3700000047683716,1.3700000047683716,1.3700000047683716,1.3700000047683716,1.3700000047683716,0
2017-11-27,1.3700000047683716,1.3700000047683716,1.3700000047683716,1.3700000047683716,1.3700000047683716,0
2017-11-28,1.3700000047683716,1.3700000047683716,1.3700000047683716,1.3700000047683716,1.3700000047683716,0
2017-11-29,1.3700000047683716,1.3700000047683716,1.3700000047683716,1.3700000047683716,1.3700000047683716,0
2017-11-30,1.3700000047683716,1.3700000047683716,1.3700000047683716,1.3700000047683716,1.3700000047683716,0
2017-12-01,1.3700000047683716,1.3700000047683716,1.3700000047683716,1.3700000047683716,1.3700000047683716,0
2017-12-04,1.3700000047683716,1.3700000047683716,1.3700000047683716,1.3700000047683716,1.3700000047683716,0
2017-12-05,1.3700000047683716,1.3700000047683716,1.3700000047683716,1.3700000047683716,1.3700000047683716,0
2017-12-06,1.3700000047683716,1.3700000047683716,1.3700000047683716,1.3700000047683716,1.3700000047683716,0
2017-12-07,1.3700000047683716,1.3700000047683716,1.3700000047683716,1.3700000047683716,1.3700000047683716,0
2017-12-08,1.3700000047683716,1.3700000047683716,1.3700000047683716,1.3700000047683716,1.3700000047683716,0
2017-12-11,1.3700000047683716,1.3700000047683716,1.3700000047683716,1.3700000047683716,1.3700000047683716,0
2017-12-12,1.3700000047683716,1.3700000047683716,1.3700000047683716,1.3700000047683716,1.3700000047683716,0
2017-12-13,1.3700000047683716,1.3700000047683716,1.3700000047683716,1.3700000047683716,1.3700000047683716,0
2017-12-14,1.3700000047683716,1.3700000047683716,1.3700000047683716,1.3700000047683716,1.3700000047683716,0
2017-12-15,1.3700000047683716,1.3700000047683716,1.3700000047683716,1.3700000047683716,1.3700000047683716,0
2017-12-18,1.3700000047683716,1.3700000047683716,1.3700000047683716,1.3700000047683716,1.3700000047683716,0
2017-12-19,1.3700000047683716,1.3700000047683716,1.3700000047683716,1.3700000047683716,1.3700000047683716,0
2017-12-20,1.3700000047683716,1.3700000047683716,1.3700000047683716,1.3700000047683716,1.3700000047683716,0
2017-12-21,1.3700000047683716,1.3700000047683716,1.3700000047683716,1.3700000047683716,1.3700000047683716,0
2017-12-22,1.3700000047683716,1.3700000047683716,1.3700000047683716,1.3700000047683716,1.3700000047683716,0
2017-12-27,1.3700000047683716,1.3700000047683716,1.3700000047683716,1.3700000047683716,1.3700000047683716,0
2017-12-28,1.3700000047683716,1.3700000047683716,1.3700000047683716,1.3700000047683716,1.3700000047683716,0
2017-12-29,1.3700000047683716,1.3700000047683716,1.3700000047683716,1.3700000047683716,1.3700000047683716,0
2018-01-02,1.3700000047683716,1.3700000047683716,1.3700000047683716,1.3700000047683716,1.3700000047683716,0
2018-01-03,1.3700000047683716,1.3700000047683716,1.3700000047683716,1.3700000047683716,1.3700000047683716,0
2018-01-04,1.3700000047683716,1.3700000047683716,1.3700000047683716,1.3700000047683716,1.3700000047683716,0
2018-01-05,1.3700000047683716,1.3700000047683716,1.3700000047683716,1.3700000047683716,1.3700000047683716,0
2018-01-08,1.3700000047683716,1.3700000047683716,1.3700000047683716,1.3700000047683716,1.3700000047683716,0
2018-01-09,1.3700000047683716,1.3700000047683716,1.3700000047683716,1.3700000047683716,1.3700000047683716,0
2018-01-10,1.3700000047683716,1.3700000047683716,1.3700000047683716,1.3700000047683716,1.3700000047683716,0
2018-01-11,1.3700000047683716,1.3700000047683716,1.3700000047683716,1.3700000047683716,1.3700000047683716,0
2018-01-12,1.3700000047683716,1.3700000047683716,1.3700000047683716,1.3700000047683716,1.3700000047683716,0
2018-01-15,1.3700000047683716,1.3700000047683716,1.3700000047683716,1.3700000047683716,1.3700000047683716,0
2018-01-16,1.3700000047683716,1.3700000047683716,1.3700000047683716,1.3700000047683716,1.3700000047683716,0
2018-01-17,1.3700000047683716,1.3700000047683716,1.3700000047683716,1.3700000047683716,1.3700000047683716,0
2018-01-18,1.3700000047683716,1.3700000047683716,1.3700000047683716,1.3700000047683716,1.3700000047683716,0
2018-01-19,1.3700000047683716,1.3700000047683716,1.3700000047683716,1.3700000047683716,1.3700000047683716,0
2018-01-22,1.3700000047683716,1.3700000047683716,1.3700000047683716,1.3700000047683716,1.3700000047683716,0
2018-01-23,1.3700000047683716,1.3700000047683716,1.3700000047683716,1.3700000047683716,1.3700000047683716,0
2018-01-24,1.3700000047683716,1.3700000047683716,1.3700000047683716,1.3700000047683716,1.3700000047683716,0
2018-01-25,1.3700000047683716,1.3700000047683716,1.3700000047683716,1.3700000047683716,1.3700000047683716,0
2018-01-26,1.3700000047683716,1.3700000047683716,1.3700000047683716,1.3700000047683716,1.3700000047683716,0
2018-01-29,1.3700000047683716,1.3700000047683716,1.3700000047683716,1.3700000047683716,1.3700000047683716,0
2018-01-30,1.3700000047683716,1.3700000047683716,1.3700000047683716,1.3700000047683716,1.3700000047683716,0
2018-01-31,1.3700000047683716,1.3700000047683716,1.3700000047683716,1.3700000047683716,1.3700000047683716,0
2018-02-01,1.3700000047683716,1.3700000047683716,1.3700000047683716,1.3700000047683716,1.3700000047683716,0
2018-02-02,1.3700000047683716,1.3700000047683716,1.3700000047683716,1.3700000047683716,1.3700000047683716,0
2018-02-05,1.3700000047683716,1.3700000047683716,1.3700000047683716,1.3700000047683716,1.3700000047683716,0
2018-02-06,1.3700000047683716,1.3700000047683716,1.3700000047683716,1.3700000047683716,1.3700000047683716,0
2018-02-07,1.3700000047683716,1.3700000047683716,1.3700000047683716,1.3700000047683716,1.3700000047683716,0
2018-02-08,1.3700000047683716,1.3700000047683716,1.3700000047683716,1.3700000047683716,1.3700000047683716,0
2018-02-09,1.3700000047683716,1.3700000047683716,1.3700000047683716,1.3700000047683716,1.3700000047683716,0
2018-02-12,1.3700000047683716,1.3700000047683716,1.3700000047683716,1.3700000047683716,1.3700000047683716,0
2018-02-13,1.3700000047683716,1.3700000047683716,1.3700000047683716,1.3700000047683716,1.3700000047683716,0
2018-02-14,1.3700000047683716,1.3700000047683716,1.3700000047683716,1.3700000047683716,1.3700000047683716,0
2018-02-15,1.3700000047683716,1.3700000047683716,1.3700000047683716,1.3700000047683716,1.3700000047683716,0
2018-02-20,1.3700000047683716,1.3700000047683716,1.3700000047683716,1.3700000047683716,1.3700000047683716,0
2018-02-21,1.3700000047683716,1.3700000047683716,1.3700000047683716,1.3700000047683716,1.3700000047683716,0
2018-02-22,1.3700000047683716,1.3700000047683716,1.3700000047683716,1.3700000047683716,1.3700000047683716,0
2018-02-23,1.3700000047683716,1.3700000047683716,1.3700000047683716,1.3700000047683716,1.3700000047683716,0
2018-02-26,1.3700000047683716,1.3700000047683716,1.3700000047683716,1.3700000047683716,1.3700000047683716,0
2018-02-27,1.3700000047683716,1.3700000047683716,1.3700000047683716,1.3700000047683716,1.3700000047683716,0
2018-02-28,1.3700000047683716,1.3700000047683716,1.3700000047683716,1.3700000047683716,1.3700000047683716,0
2018-03-01,1.3700000047683716,1.3700000047683716,1.3700000047683716,1.3700000047683716,1.3700000047683716,0
2018-03-02,1.3700000047683716,1.3700000047683716,1.3700000047683716,1.3700000047683716,1.3700000047683716,0
2018-03-05,1.3700000047683716,1.3700000047683716,1.3700000047683716,1.3700000047683716,1.3700000047683716,0
2018-03-06,1.3700000047683716,1.3700000047683716,1.3700000047683716,1.3700000047683716,1.3700000047683716,0
2018-03-07,1.3700000047683716,1.3700000047683716,1.3700000047683716,1.3700000047683716,1.3700000047683716,0
2018-03-08,1.3700000047683716,1.3700000047683716,1.3700000047683716,1.3700000047683716,1.3700000047683716,0
2018-03-09,1.3700000047683716,1.3700000047683716,1.3700000047683716,1.3700000047683716,1.3700000047683716,0
2018-03-12,1.3700000047683716,1.3700000047683716,1.3700000047683716,1.3700000047683716,1.3700000047683716,0
2018-03-13,1.3700000047683716,1.3700000047683716,1.3700000047683716,1.3700000047683716,1.3700000047683716,0
2018-03-14,1.3700000047683716,1.3700000047683716,1.3700000047683716,1.3700000047683716,1.3700000047683716,0
2018-03-15,1.3700000047683716,1.3700000047683716,1.3700000047683716,1.3700000047683716,1.3700000047683716,0
2018-03-16,1.3700000047683716,1.3700000047683716,1.3700000047683716,1.3700000047683716,1.3700000047683716,0
2018-03-19,1.3700000047683716,1.3700000047683716,1.3700000047683716,1.3700000047683716,1.3700000047683716,0
2018-03-20,1.3700000047683716,1.3700000047683716,1.3700000047683716,1.3700000047683716,1.3700000047683716,0
2018-03-21,1.3700000047683716,1.3700000047683716,1.3700000047683716,1.3700000047683716,1.3700000047683716,0
2018-03-22,1.3700000047683716,1.3700000047683716,1.3700000047683716,1.3700000047683716,1.3700000047683716,0
2018-03-23,1.3700000047683716,1.3700000047683716,1.3700000047683716,1.3700000047683716,1.3700000047683716,0
2018-03-26,1.3700000047683716,1.3700000047683716,1.3700000047683716,1.3700000047683716,1.3700000047683716,0
2018-03-27,1.3700000047683716,1.3700000047683716,1.3700000047683716,1.3700000047683716,1.3700000047683716,0
2018-03-28,1.3700000047683716,1.3700000047683716,1.3700000047683716,1.3700000047683716,1.3700000047683716,0
2018-03-29,1.3700000047683716,1.3700000047683716,1.3700000047683716,1.3700000047683716,1.3700000047683716,0
2018-04-03,1.3700000047683716,1.3700000047683716,1.3700000047683716,1.3700000047683716,1.3700000047683716,0
2018-04-04,1.3700000047683716,1.3700000047683716,1.3700000047683716,1.3700000047683716,1.3700000047683716,0
2018-04-06,1.3700000047683716,1.3700000047683716,1.3700000047683716,1.3700000047683716,1.3700000047683716,0
2018-04-09,1.3700000047683716,1.3700000047683716,1.3700000047683716,1.3700000047683716,1.3700000047683716,0
2018-04-10,1.3700000047683716,1.3700000047683716,1.3700000047683716,1.3700000047683716,1.3700000047683716,0
2018-04-11,1.3700000047683716,1.3700000047683716,1.3700000047683716,1.3700000047683716,1.3700000047683716,0
2018-04-12,1.3700000047683716,1.3700000047683716,1.3700000047683716,1.3700000047683716,1.3700000047683716,0
2018-04-13,1.3700000047683716,1.3700000047683716,1.3700000047683716,1.3700000047683716,1.3700000047683716,0
2018-04-16,1.3700000047683716,1.3700000047683716,1.3700000047683716,1.3700000047683716,1.3700000047683716,0
2018-04-17,1.3700000047683716,1.3700000047683716,1.3700000047683716,1.3700000047683716,1.3700000047683716,0
2018-04-18,1.3700000047683716,1.3700000047683716,1.3700000047683716,1.3700000047683716,1.3700000047683716,0
2018-04-19,1.3700000047683716,1.3700000047683716,1.3700000047683716,1.3700000047683716,1.3700000047683716,0
2018-04-20,1.3700000047683716,1.3700000047683716,1.3700000047683716,1.3700000047683716,1.3700000047683716,0
2018-04-23,1.3700000047683716,1.3700000047683716,1.3700000047683716,1.3700000047683716,1.3700000047683716,0
2018-04-24,1.3700000047683716,1.3700000047683716,1.3700000047683716,1.3700000047683716,1.3700000047683716,0
2018-04-25,1.3700000047683716,1.3700000047683716,1.3700000047683716,1.3700000047683716,1.3700000047683716,0
2018-04-26,1.3700000047683716,1.3700000047683716,1.3700000047683716,1.3700000047683716,1.3700000047683716,0
2018-04-27,1.3700000047683716,1.3700000047683716,1.3700000047683716,1.3700000047683716,1.3700000047683716,0
2018-04-30,1.3700000047683716,1.3700000047683716,1.3700000047683716,1.3700000047683716,1.3700000047683716,0
2018-05-02,1.3700000047683716,1.3700000047683716,1.3700000047683716,1.3700000047683716,1.3700000047683716,0
2018-05-03,1.3700000047683716,1.3700000047683716,1.3700000047683716,1.3700000047683716,1.3700000047683716,0
2018-05-04,1.3700000047683716,1.3700000047683716,1.3700000047683716,1.3700000047683716,1.3700000047683716,0
2018-05-07,1.3700000047683716,1.3700000047683716,1.3700000047683716,1.3700000047683716,1.3700000047683716,0
2018-05-08,1.3700000047683716,1.3700000047683716,1.3700000047683716,1.3700000047683716,1.3700000047683716,0
2018-05-09,1.3700000047683716,1.3700000047683716,1.3700000047683716,1.3700000047683716,1.3700000047683716,0
2018-05-10,1.3700000047683716,1.3700000047683716,1.3700000047683716,1.3700000047683716,1.3700000047683716,0
2018-05-11,1.3700000047683716,1.3700000047683716,1.3700000047683716,1.3700000047683716,1.3700000047683716,0
2018-05-14,1.3700000047683716,1.3700000047683716,1.3700000047683716,1.3700000047683716,1.3700000047683716,0
2018-05-15,1.3700000047683716,1.3700000047683716,1.3700000047683716,1.3700000047683716,1.3700000047683716,0
2018-05-16,1.3700000047683716,1.3700000047683716,1.3700000047683716,1.3700000047683716,1.3700000047683716,0
2018-05-17,1.3700000047683716,1.3700000047683716,1.3700000047683716,1.3700000047683716,1.3700000047683716,0
2018-05-18,1.3700000047683716,1.3700000047683716,1.3700000047683716,1.3700000047683716,1.3700000047683716,0
2018-05-21,1.3700000047683716,1.3700000047683716,1.3700000047683716,1.3700000047683716,1.3700000047683716,0
2018-05-23,1.3700000047683716,1.3700000047683716,1.3700000047683716,1.3700000047683716,1.3700000047683716,0
2018-05-24,1.3700000047683716,1.3700000047683716,1.3700000047683716,1.3700000047683716,1.3700000047683716,0
2018-05-25,1.3700000047683716,1.3700000047683716,1.3700000047683716,1.3700000047683716,1.3700000047683716,0
2018-05-28,1.3700000047683716,1.3700000047683716,1.3700000047683716,1.3700000047683716,1.3700000047683716,0
2018-05-29,1.3700000047683716,1.3700000047683716,1.3700000047683716,1.3700000047683716,1.3700000047683716,0
2018-05-30,1.3700000047683716,1.3700000047683716,1.3700000047683716,1.3700000047683716,1.3700000047683716,0
2018-05-31,1.3700000047683716,1.3700000047683716,1.3700000047683716,1.3700000047683716,1.3700000047683716,0
2018-06-01,1.3700000047683716,1.3700000047683716,1.3700000047683716,1.3700000047683716,1.3700000047683716,0
2018-06-04,1.3700000047683716,1.3700000047683716,1.3700000047683716,1.3700000047683716,1.3700000047683716,0
2018-06-05,1.3700000047683716,1.3700000047683716,1.3700000047683716,1.3700000047683716,1.3700000047683716,0
2018-06-06,1.3700000047683716,1.3700000047683716,1.3700000047683716,1.3700000047683716,1.3700000047683716,0
2018-06-07,1.3700000047683716,1.3700000047683716,1.3700000047683716,1.3700000047683716,1.3700000047683716,0
2018-06-08,1.3700000047683716,1.3700000047683716,1.3700000047683716,1.3700000047683716,1.3700000047683716,0
2018-06-11,1.3700000047683716,1.3700000047683716,1.3700000047683716,1.3700000047683716,1.3700000047683716,0
2018-06-12,1.3700000047683716,1.3700000047683716,1.3700000047683716,1.3700000047683716,1.3700000047683716,0
2018-06-13,1.3700000047683716,1.3700000047683716,1.3700000047683716,1.3700000047683716,1.3700000047683716,0
2018-06-14,1.3700000047683716,1.3700000047683716,1.3700000047683716,1.3700000047683716,1.3700000047683716,0
2018-06-15,1.3700000047683716,1.3700000047683716,1.3700000047683716,1.3700000047683716,1.3700000047683716,0
2018-06-19,1.3700000047683716,1.3700000047683716,1.3700000047683716,1.3700000047683716,1.3700000047683716,0
2018-06-20,1.3700000047683716,1.3700000047683716,1.3700000047683716,1.3700000047683716,1.3700000047683716,0
2018-06-21,1.3700000047683716,1.3700000047683716,1.3700000047683716,1.3700000047683716,1.3700000047683716,0
2018-06-22,1.3700000047683716,1.3700000047683716,1.3700000047683716,1.3700000047683716,1.3700000047683716,0
2018-06-25,1.3700000047683716,1.3700000047683716,1.3700000047683716,1.3700000047683716,1.3700000047683716,0
2018-06-26,1.3700000047683716,1.3700000047683716,1.3700000047683716,1.3700000047683716,1.3700000047683716,0
2018-06-27,1.3700000047683716,1.3700000047683716,1.3700000047683716,1.3700000047683716,1.3700000047683716,0
2018-06-28,1.3700000047683716,1.3700000047683716,1.3700000047683716,1.3700000047683716,1.3700000047683716,0
2018-06-29,1.3700000047683716,1.3700000047683716,1.3700000047683716,1.3700000047683716,1.3700000047683716,0
2018-07-03,1.3700000047683716,1.3700000047683716,1.3700000047683716,1.3700000047683716,1.3700000047683716,0
2018-07-04,1.3700000047683716,1.3700000047683716,1.3700000047683716,1.3700000047683716,1.3700000047683716,0
2018-07-05,1.3700000047683716,1.3700000047683716,1.3700000047683716,1.3700000047683716,1.3700000047683716,0
2018-07-06,1.3700000047683716,1.3700000047683716,1.3700000047683716,1.3700000047683716,1.3700000047683716,0
2018-07-09,1.3700000047683716,1.3700000047683716,1.3700000047683716,1.3700000047683716,1.3700000047683716,0
2018-07-10,1.3700000047683716,1.3700000047683716,1.3700000047683716,1.3700000047683716,1.3700000047683716,0
2018-07-11,1.3700000047683716,1.3700000047683716,1.3700000047683716,1.3700000047683716,1.3700000047683716,0
2018-07-12,1.3700000047683716,1.3700000047683716,1.3700000047683716,1.3700000047683716,1.3700000047683716,0
2018-07-13,1.3700000047683716,1.3700000047683716,1.3700000047683716,1.3700000047683716,1.3700000047683716,0
2018-07-16,1.3700000047683716,1.3700000047683716,1.3700000047683716,1.3700000047683716,1.3700000047683716,0
2018-07-17,1.3700000047683716,1.3700000047683716,1.3700000047683716,1.3700000047683716,1.3700000047683716,0
2018-07-18,1.3700000047683716,1.3700000047683716,1.3700000047683716,1.3700000047683716,1.3700000047683716,0
2018-07-19,1.3700000047683716,1.3700000047683716,1.3700000047683716,1.3700000047683716,1.3700000047683716,0
2018-07-20,1.3700000047683716,1.3700000047683716,1.3700000047683716,1.3700000047683716,1.3700000047683716,0
2018-07-23,1.3700000047683716,1.3700000047683716,1.3700000047683716,1.3700000047683716,1.3700000047683716,0
2018-07-24,1.3700000047683716,1.3700000047683716,1.3700000047683716,1.3700000047683716,1.3700000047683716,0
2018-07-25,1.3700000047683716,1.3700000047683716,1.3700000047683716,1.3700000047683716,1.3700000047683716,0
2018-07-26,1.3700000047683716,1.3700000047683716,1.3700000047683716,1.3700000047683716,1.3700000047683716,0
2018-07-27,1.3700000047683716,1.3700000047683716,1.3700000047683716,1.3700000047683716,1.3700000047683716,0
2018-07-30,1.3700000047683716,1.3700000047683716,1.3700000047683716,1.3700000047683716,1.3700000047683716,0
2018-07-31,1.3700000047683716,1.3700000047683716,1.3700000047683716,1.3700000047683716,1.3700000047683716,0
2018-08-01,1.3700000047683716,1.3700000047683716,1.3700000047683716,1.3700000047683716,1.3700000047683716,0
2018-08-02,1.3700000047683716,1.3700000047683716,1.3700000047683716,1.3700000047683716,1.3700000047683716,0
2018-08-03,1.3700000047683716,1.3700000047683716,1.3700000047683716,1.3700000047683716,1.3700000047683716,0
2018-08-06,1.3700000047683716,1.3700000047683716,1.3700000047683716,1.3700000047683716,1.3700000047683716,0
2018-08-07,1.3700000047683716,1.3700000047683716,1.3700000047683716,1.3700000047683716,1.3700000047683716,0
2018-08-08,1.3700000047683716,1.3700000047683716,1.3700000047683716,1.3700000047683716,1.3700000047683716,0
2018-08-09,1.3700000047683716,1.3700000047683716,1.3700000047683716,1.3700000047683716,1.3700000047683716,0
2018-08-10,1.3700000047683716,1.3700000047683716,1.3700000047683716,1.3700000047683716,1.3700000047683716,0
2018-08-13,1.3700000047683716,1.3700000047683716,1.3700000047683716,1.3700000047683716,1.3700000047683716,0
2018-08-14,1.3700000047683716,1.3700000047683716,1.3700000047683716,1.3700000047683716,1.3700000047683716,0
2018-08-15,1.3700000047683716,1.3700000047683716,1.3700000047683716,1.3700000047683716,1.3700000047683716,0
2018-08-16,1.3700000047683716,1.3700000047683716,1.3700000047683716,1.3700000047683716,1.3700000047683716,0
2018-08-17,1.3700000047683716,1.3700000047683716,1.3700000047683716,1.3700000047683716,1.3700000047683716,0
2018-08-20,1.3700000047683716,1.3700000047683716,1.3700000047683716,1.3700000047683716,1.3700000047683716,0
2018-08-21,1.3700000047683716,1.3700000047683716,1.3700000047683716,1.3700000047683716,1.3700000047683716,0
2018-08-22,1.3700000047683716,1.3700000047683716,1.3700000047683716,1.3700000047683716,1.3700000047683716,0
2018-08-23,1.3700000047683716,1.3700000047683716,1.3700000047683716,1.3700000047683716,1.3700000047683716,0
2018-08-24,1.3700000047683716,1.3700000047683716,1.3700000047683716,1.3700000047683716,1.3700000047683716,0
2018-08-27,1.3700000047683716,1.3700000047683716,1.3700000047683716,1.3700000047683716,1.3700000047683716,0
2018-08-28,1.3700000047683716,1.3700000047683716,1.3700000047683716,1.3700000047683716,1.3700000047683716,0
2018-08-29,1.3700000047683716,1.3700000047683716,1.3700000047683716,1.3700000047683716,1.3700000047683716,0
2018-08-30,1.3700000047683716,1.3700000047683716,1.3700000047683716,1.3700000047683716,1.3700000047683716,0
2018-08-31,1.3700000047683716,1.3700000047683716,1.3700000047683716,1.3700000047683716,1.3700000047683716,0
2018-09-03,1.3700000047683716,1.3700000047683716,1.3700000047683716,1.3700000047683716,1.3700000047683716,0
2018-09-04,1.3700000047683716,1.3700000047683716,1.3700000047683716,1.3700000047683716,1.3700000047683716,0
2018-09-05,1.3700000047683716,1.3700000047683716,1.3700000047683716,1.3700000047683716,1.3700000047683716,0
2018-09-06,1.3700000047683716,1.3700000047683716,1.3700000047683716,1.3700000047683716,1.3700000047683716,0
2018-09-07,1.3700000047683716,1.3700000047683716,1.3700000047683716,1.3700000047683716,1.3700000047683716,0
2018-09-10,1.3700000047683716,1.3700000047683716,1.3700000047683716,1.3700000047683716,1.3700000047683716,0
2018-09-11,1.3700000047683716,1.3700000047683716,1.3700000047683716,1.3700000047683716,1.3700000047683716,0
2018-09-12,1.3700000047683716,1.3700000047683716,1.3700000047683716,1.3700000047683716,1.3700000047683716,0
2018-09-13,1.3700000047683716,1.3700000047683716,1.3700000047683716,1.3700000047683716,1.3700000047683716,0
2018-09-14,1.3700000047683716,1.3700000047683716,1.3700000047683716,1.3700000047683716,1.3700000047683716,0
2018-09-17,1.3700000047683716,1.3700000047683716,1.3700000047683716,1.3700000047683716,1.3700000047683716,0
2018-09-18,1.3700000047683716,1.3700000047683716,1.3700000047683716,1.3700000047683716,1.3700000047683716,0
2018-09-19,1.3700000047683716,1.3700000047683716,1.3700000047683716,1.3700000047683716,1.3700000047683716,0
2018-09-20,1.3700000047683716,1.3700000047683716,1.3700000047683716,1.3700000047683716,1.3700000047683716,0
2018-09-21,1.3700000047683716,1.3700000047683716,1.3700000047683716,1.3700000047683716,1.3700000047683716,0
2018-09-24,1.3700000047683716,1.3700000047683716,1.3700000047683716,1.3700000047683716,1.3700000047683716,0
2018-09-26,1.3700000047683716,1.3700000047683716,1.3700000047683716,1.3700000047683716,1.3700000047683716,0
2018-09-27,1.3700000047683716,1.3700000047683716,1.3700000047683716,1.3700000047683716,1.3700000047683716,0
2018-09-28,1.3700000047683716,1.3700000047683716,1.3700000047683716,1.3700000047683716,1.3700000047683716,0
2018-10-02,1.3700000047683716,1.3700000047683716,1.3700000047683716,1.3700000047683716,1.3700000047683716,0
2018-10-03,1.3700000047683716,1.3700000047683716,1.3700000047683716,1.3700000047683716,1.3700000047683716,0
2018-10-04,1.3700000047683716,1.3700000047683716,1.3700000047683716,1.3700000047683716,1.3700000047683716,0
2018-10-05,1.3700000047683716,1.3700000047683716,1.3700000047683716,1.3700000047683716,1.3700000047683716,0
2018-10-08,1.3700000047683716,1.3700000047683716,1.3700000047683716,1.3700000047683716,1.3700000047683716,0
2018-10-09,1.3700000047683716,1.3700000047683716,1.3700000047683716,1.3700000047683716,1.3700000047683716,0
2018-10-10,1.3700000047683716,1.3700000047683716,1.3700000047683716,1.3700000047683716,1.3700000047683716,0
2018-10-11,1.3700000047683716,1.3700000047683716,1.3700000047683716,1.3700000047683716,1.3700000047683716,0
2018-10-12,1.3700000047683716,1.3700000047683716,1.3700000047683716,1.3700000047683716,1.3700000047683716,0
2018-10-15,1.3700000047683716,1.3700000047683716,1.3700000047683716,1.3700000047683716,1.3700000047683716,0
2018-10-16,1.3700000047683716,1.3700000047683716,1.3700000047683716,1.3700000047683716,1.3700000047683716,0
2018-10-18,1.3700000047683716,1.3700000047683716,1.3700000047683716,1.3700000047683716,1.3700000047683716,0
2018-10-19,1.3700000047683716,1.3700000047683716,1.3700000047683716,1.3700000047683716,1.3700000047683716,0
2018-10-22,1.3700000047683716,1.3700000047683716,1.3700000047683716,1.3700000047683716,1.3700000047683716,0
2018-10-23,1.3700000047683716,1.3700000047683716,1.3700000047683716,1.3700000047683716,1.3700000047683716,0
2018-10-24,1.3700000047683716,1.3700000047683716,1.3700000047683716,1.3700000047683716,1.3700000047683716,0
2018-10-25,1.3700000047683716,1.3700000047683716,1.3700000047683716,1.3700000047683716,1.3700000047683716,0
2018-10-26,1.3700000047683716,1.3700000047683716,1.3700000047683716,1.3700000047683716,1.3700000047683716,0
2018-10-29,1.3700000047683716,1.3700000047683716,1.3700000047683716,1.3700000047683716,1.3700000047683716,0
2018-10-30,1.3700000047683716,1.3700000047683716,1.3700000047683716,1.3700000047683716,1.3700000047683716,0
2018-10-31,1.3700000047683716,1.3700000047683716,1.3700000047683716,1.3700000047683716,1.3700000047683716,0
2018-11-01,1.3700000047683716,1.3700000047683716,1.3700000047683716,1.3700000047683716,1.3700000047683716,0
2018-11-02,1.3700000047683716,1.3700000047683716,1.3700000047683716,1.3700000047683716,1.3700000047683716,0
2018-11-05,1.3700000047683716,1.3700000047683716,1.3700000047683716,1.3700000047683716,1.3700000047683716,0
2018-11-06,1.3700000047683716,1.3700000047683716,1.3700000047683716,1.3700000047683716,1.3700000047683716,0
2018-11-07,1.3700000047683716,1.3700000047683716,1.3700000047683716,1.3700000047683716,1.3700000047683716,0
2018-11-08,1.3700000047683716,1.3700000047683716,1.3700000047683716,1.3700000047683716,1.3700000047683716,0
2018-11-09,1.3700000047683716,1.3700000047683716,1.3700000047683716,1.3700000047683716,1.3700000047683716,0
2018-11-12,1.3700000047683716,1.3700000047683716,1.3700000047683716,1.3700000047683716,1.3700000047683716,0
2018-11-13,1.3700000047683716,1.3700000047683716,1.3700000047683716,1.3700000047683716,1.3700000047683716,0
2018-11-14,1.3700000047683716,1.3700000047683716,1.3700000047683716,1.3700000047683716,1.3700000047683716,0
2018-11-15,1.3700000047683716,1.3700000047683716,1.3700000047683716,1.3700000047683716,1.3700000047683716,0
2018-11-16,1.3700000047683716,1.3700000047683716,1.3700000047683716,1.3700000047683716,1.3700000047683716,0
2018-11-19,1.3700000047683716,1.3700000047683716,1.3700000047683716,1.3700000047683716,1.3700000047683716,0
2018-11-20,1.3700000047683716,1.3700000047683716,1.3700000047683716,1.3700000047683716,1.3700000047683716,0
2018-11-21,1.3700000047683716,1.3700000047683716,1.3700000047683716,1.3700000047683716,1.3700000047683716,0
2018-11-22,1.3700000047683716,1.3700000047683716,1.3700000047683716,1.3700000047683716,1.3700000047683716,0
2018-11-23,1.3700000047683716,1.3700000047683716,1.3700000047683716,1.3700000047683716,1.3700000047683716,0
2018-11-26,1.3700000047683716,1.3700000047683716,1.3700000047683716,1.3700000047683716,1.3700000047683716,0
2018-11-27,1.3700000047683716,1.3700000047683716,1.3700000047683716,1.3700000047683716,1.3700000047683716,0
2018-11-28,1.3700000047683716,1.3700000047683716,1.3700000047683716,1.3700000047683716,1.3700000047683716,0
2018-11-29,1.3700000047683716,1.3700000047683716,1.3700000047683716,1.3700000047683716,1.3700000047683716,0
2018-11-30,1.3700000047683716,1.3700000047683716,1.3700000047683716,1.3700000047683716,1.3700000047683716,0
2018-12-03,1.3700000047683716,1.3700000047683716,1.3700000047683716,1.3700000047683716,1.3700000047683716,0
2018-12-04,1.3700000047683716,1.3700000047683716,1.3700000047683716,1.3700000047683716,1.3700000047683716,0
2018-12-05,1.3700000047683716,1.3700000047683716,1.3700000047683716,1.3700000047683716,1.3700000047683716,0
2018-12-06,1.3700000047683716,1.3700000047683716,1.3700000047683716,1.3700000047683716,1.3700000047683716,0
2018-12-07,1.3700000047683716,1.3700000047683716,1.3700000047683716,1.3700000047683716,1.3700000047683716,0
2018-12-10,1.3700000047683716,1.3700000047683716,1.3700000047683716,1.3700000047683716,1.3700000047683716,0
2018-12-11,1.3700000047683716,1.3700000047683716,1.3700000047683716,1.3700000047683716,1.3700000047683716,0
2018-12-12,1.3700000047683716,1.3700000047683716,1.3700000047683716,1.3700000047683716,1.3700000047683716,0
2018-12-13,1.3700000047683716,1.3700000047683716,1.3700000047683716,1.3700000047683716,1.3700000047683716,0
2018-12-14,1.3700000047683716,1.3700000047683716,1.3700000047683716,1.3700000047683716,1.3700000047683716,0
2018-12-17,1.3700000047683716,1.3700000047683716,1.3700000047683716,1.3700000047683716,1.3700000047683716,0
2018-12-18,1.3700000047683716,1.3700000047683716,1.3700000047683716,1.3700000047683716,1.3700000047683716,0
2018-12-19,1.3700000047683716,1.3700000047683716,1.3700000047683716,1.3700000047683716,1.3700000047683716,0
2018-12-20,1.3700000047683716,1.3700000047683716,1.3700000047683716,1.3700000047683716,1.3700000047683716,0
2018-12-21,1.3700000047683716,1.3700000047683716,1.3700000047683716,1.3700000047683716,1.3700000047683716,0
2018-12-24,1.3700000047683716,1.3700000047683716,1.3700000047683716,1.3700000047683716,1.3700000047683716,0
2018-12-27,1.3700000047683716,1.3700000047683716,1.3700000047683716,1.3700000047683716,1.3700000047683716,0
2018-12-28,1.3700000047683716,1.3700000047683716,1.3700000047683716,1.3700000047683716,1.3700000047683716,0
2018-12-31,1.3700000047683716,1.3700000047683716,1.3700000047683716,1.3700000047683716,1.3700000047683716,0
2019-01-02,1.3700000047683716,1.3700000047683716,1.3700000047683716,1.3700000047683716,1.3700000047683716,0
2019-01-03,1.3700000047683716,1.3700000047683716,1.3700000047683716,1.3700000047683716,1.3700000047683716,0
2019-01-04,1.3700000047683716,1.3700000047683716,1.3700000047683716,1.3700000047683716,1.3700000047683716,0
2019-01-07,1.3700000047683716,1.3700000047683716,1.3700000047683716,1.3700000047683716,1.3700000047683716,0
2019-01-08,1.3700000047683716,1.3700000047683716,1.3700000047683716,1.3700000047683716,1.3700000047683716,0
2019-01-09,1.3700000047683716,1.3700000047683716,1.3700000047683716,1.3700000047683716,1.3700000047683716,0
2019-01-10,1.3700000047683716,1.3700000047683716,1.3700000047683716,1.3700000047683716,1.3700000047683716,0
2019-01-11,1.3700000047683716,1.3700000047683716,1.3700000047683716,1.3700000047683716,1.3700000047683716,0
2019-01-14,1.3700000047683716,1.3700000047683716,1.3700000047683716,1.3700000047683716,1.3700000047683716,0
2019-01-15,1.3700000047683716,1.3700000047683716,1.3700000047683716,1.3700000047683716,1.3700000047683716,0
2019-01-16,1.3700000047683716,1.3700000047683716,1.3700000047683716,1.3700000047683716,1.3700000047683716,0
2019-01-17,1.3700000047683716,1.3700000047683716,1.3700000047683716,1.3700000047683716,1.3700000047683716,0
2019-01-18,1.3700000047683716,1.3700000047683716,1.3700000047683716,1.3700000047683716,1.3700000047683716,0
2019-01-21,1.3700000047683716,1.3700000047683716,1.3700000047683716,1.3700000047683716,1.3700000047683716,0
2019-01-22,1.3700000047683716,1.3700000047683716,1.3700000047683716,1.3700000047683716,1.3700000047683716,0
2019-01-23,1.3700000047683716,1.3700000047683716,1.3700000047683716,1.3700000047683716,1.3700000047683716,0
2019-01-24,1.3700000047683716,1.3700000047683716,1.3700000047683716,1.3700000047683716,1.3700000047683716,0
2019-01-25,1.3700000047683716,1.3700000047683716,1.3700000047683716,1.3700000047683716,1.3700000047683716,0
2019-01-28,1.3700000047683716,1.3700000047683716,1.3700000047683716,1.3700000047683716,1.3700000047683716,0
2019-01-29,1.3700000047683716,1.3700000047683716,1.3700000047683716,1.3700000047683716,1.3700000047683716,0
2019-01-30,1.3700000047683716,1.3700000047683716,1.3700000047683716,1.3700000047683716,1.3700000047683716,0
2019-01-31,1.3700000047683716,1.3700000047683716,1.3700000047683716,1.3700000047683716,1.3700000047683716,0
2019-02-01,1.3700000047683716,1.3700000047683716,1.3700000047683716,1.3700000047683716,1.3700000047683716,0
2019-02-04,1.3700000047683716,1.3700000047683716,1.3700000047683716,1.3700000047683716,1.3700000047683716,0
2019-02-08,1.3700000047683716,1.3700000047683716,1.3700000047683716,1.3700000047683716,1.3700000047683716,0
2019-02-11,1.3700000047683716,1.3700000047683716,1.3700000047683716,1.3700000047683716,1.3700000047683716,0
2019-02-12,1.3700000047683716,1.3700000047683716,1.3700000047683716,1.3700000047683716,1.3700000047683716,0
2019-02-13,1.3700000047683716,1.3700000047683716,1.3700000047683716,1.3700000047683716,1.3700000047683716,0
2019-02-14,1.3700000047683716,1.3700000047683716,1.3700000047683716,1.3700000047683716,1.3700000047683716,0
2019-02-15,1.3700000047683716,1.3700000047683716,1.3700000047683716,1.3700000047683716,1.3700000047683716,0
2019-02-18,1.3700000047683716,1.3700000047683716,1.3700000047683716,1.3700000047683716,1.3700000047683716,0
2019-02-19,1.3700000047683716,1.3700000047683716,1.3700000047683716,1.3700000047683716,1.3700000047683716,0
2019-02-20,1.3700000047683716,1.3700000047683716,1.3700000047683716,1.3700000047683716,1.3700000047683716,0
2019-02-21,1.3700000047683716,1.3700000047683716,1.3700000047683716,1.3700000047683716,1.3700000047683716,0
2019-02-22,1.3700000047683716,1.3700000047683716,1.3700000047683716,1.3700000047683716,1.3700000047683716,0
2019-02-25,1.3700000047683716,1.3700000047683716,1.3700000047683716,1.3700000047683716,1.3700000047683716,0
2019-02-26,1.3700000047683716,1.3700000047683716,1.3700000047683716,1.3700000047683716,1.3700000047683716,0
2019-02-27,1.3700000047683716,1.3700000047683716,1.3700000047683716,1.3700000047683716,1.3700000047683716,0
2019-02-28,1.3700000047683716,1.3700000047683716,1.3700000047683716,1.3700000047683716,1.3700000047683716,0
2019-03-01,1.3700000047683716,1.3700000047683716,1.3700000047683716,1.3700000047683716,1.3700000047683716,0
2019-03-04,1.3700000047683716,1.3700000047683716,1.3700000047683716,1.3700000047683716,1.3700000047683716,0
2019-03-05,1.3700000047683716,1.3700000047683716,1.3700000047683716,1.3700000047683716,1.3700000047683716,0
2019-03-06,1.3700000047683716,1.3700000047683716,1.3700000047683716,1.3700000047683716,1.3700000047683716,0
2019-03-07,1.3700000047683716,1.3700000047683716,1.3700000047683716,1.3700000047683716,1.3700000047683716,0
2019-03-08,1.3700000047683716,1.3700000047683716,1.3700000047683716,1.3700000047683716,1.3700000047683716,0
2019-03-11,1.3700000047683716,1.3700000047683716,1.3700000047683716,1.3700000047683716,1.3700000047683716,0
2019-03-12,1.3700000047683716,1.3700000047683716,1.3700000047683716,1.3700000047683716,1.3700000047683716,0
2019-03-13,1.3700000047683716,1.3700000047683716,1.3700000047683716,1.3700000047683716,1.3700000047683716,0
2019-03-14,1.3700000047683716,1.3700000047683716,1.3700000047683716,1.3700000047683716,1.3700000047683716,0
2019-03-15,1.3700000047683716,1.3700000047683716,1.3700000047683716,1.3700000047683716,1.3700000047683716,0
2019-03-18,1.3700000047683716,1.3700000047683716,1.3700000047683716,1.3700000047683716,1.3700000047683716,0
2019-03-19,1.3700000047683716,1.3700000047683716,1.3700000047683716,1.3700000047683716,1.3700000047683716,0
2019-03-20,1.3700000047683716,1.3700000047683716,1.3700000047683716,1.3700000047683716,1.3700000047683716,0
2019-03-21,1.3700000047683716,1.3700000047683716,1.3700000047683716,1.3700000047683716,1.3700000047683716,0
2019-03-22,1.3700000047683716,1.3700000047683716,1.3700000047683716,1.3700000047683716,1.3700000047683716,0
2019-03-25,1.3700000047683716,1.3700000047683716,1.3700000047683716,1.3700000047683716,1.3700000047683716,0
2019-03-26,1.3700000047683716,1.3700000047683716,1.3700000047683716,1.3700000047683716,1.3700000047683716,0
2019-03-27,1.3700000047683716,1.3700000047683716,1.3700000047683716,1.3700000047683716,1.3700000047683716,0
2019-03-28,1.3700000047683716,1.3700000047683716,1.3700000047683716,1.3700000047683716,1.3700000047683716,0
2019-03-29,1.3700000047683716,1.3700000047683716,1.3700000047683716,1.3700000047683716,1.3700000047683716,0
2019-04-01,1.3700000047683716,1.3700000047683716,1.3700000047683716,1.3700000047683716,1.3700000047683716,0
2019-04-02,1.3700000047683716,1.3700000047683716,1.3700000047683716,1.3700000047683716,1.3700000047683716,0
2019-04-03,1.3700000047683716,1.3700000047683716,1.3700000047683716,1.3700000047683716,1.3700000047683716,0
2019-04-04,1.3700000047683716,1.3700000047683716,1.3700000047683716,1.3700000047683716,1.3700000047683716,0
2019-04-08,1.3700000047683716,1.3700000047683716,1.3700000047683716,1.3700000047683716,1.3700000047683716,0
2019-04-09,1.3700000047683716,1.3700000047683716,1.3700000047683716,1.3700000047683716,1.3700000047683716,0
2019-04-10,1.3700000047683716,1.3700000047683716,1.3700000047683716,1.3700000047683716,1.3700000047683716,0
2019-04-11,1.3700000047683716,1.3700000047683716,1.3700000047683716,1.3700000047683716,1.3700000047683716,0
2019-04-12,1.3700000047683716,1.3700000047683716,1.3700000047683716,1.3700000047683716,1.3700000047683716,0
2019-04-15,1.3700000047683716,1.3700000047683716,1.3700000047683716,1.3700000047683716,1.3700000047683716,0
2019-04-16,1.3700000047683716,1.3700000047683716,1.3700000047683716,1.3700000047683716,1.3700000047683716,0
2019-04-17,1.3700000047683716,1.3700000047683716,1.3700000047683716,1.3700000047683716,1.3700000047683716,0
2019-04-18,1.3700000047683716,1.3700000047683716,1.3700000047683716,1.3700000047683716,1.3700000047683716,0
2019-04-23,1.3700000047683716,1.3700000047683716,1.3700000047683716,1.3700000047683716,1.3700000047683716,0
2019-04-24,1.3700000047683716,1.3700000047683716,1.3700000047683716,1.3700000047683716,1.3700000047683716,0
2019-04-25,1.3700000047683716,1.3700000047683716,1.3700000047683716,1.3700000047683716,1.3700000047683716,0
2019-04-26,1.3700000047683716,1.3700000047683716,1.3700000047683716,1.3700000047683716,1.3700000047683716,0
2019-04-29,1.3700000047683716,1.3700000047683716,1.3700000047683716,1.3700000047683716,1.3700000047683716,0
2019-04-30,1.3700000047683716,1.3700000047683716,1.3700000047683716,1.3700000047683716,1.3700000047683716,0
2019-05-02,1.3700000047683716,1.3700000047683716,1.3700000047683716,1.3700000047683716,1.3700000047683716,0
2019-05-03,1.3700000047683716,1.3700000047683716,1.3700000047683716,1.3700000047683716,1.3700000047683716,0
2019-05-06,1.3700000047683716,1.3700000047683716,1.3700000047683716,1.3700000047683716,1.3700000047683716,0
2019-05-07,1.3700000047683716,1.3700000047683716,1.3700000047683716,1.3700000047683716,1.3700000047683716,0
2019-05-08,1.3700000047683716,1.3700000047683716,1.3700000047683716,1.3700000047683716,1.3700000047683716,0
2019-05-09,1.3700000047683716,1.3700000047683716,1.3700000047683716,1.3700000047683716,1.3700000047683716,0
2019-05-10,1.3700000047683716,1.3700000047683716,1.3700000047683716,1.3700000047683716,1.3700000047683716,0
2019-05-14,1.3700000047683716,1.3700000047683716,1.3700000047683716,1.3700000047683716,1.3700000047683716,0
2019-05-15,1.3700000047683716,1.3700000047683716,1.3700000047683716,1.3700000047683716,1.3700000047683716,0
2019-05-16,1.3700000047683716,1.3700000047683716,1.3700000047683716,1.3700000047683716,1.3700000047683716,0
2019-05-17,1.3700000047683716,1.3700000047683716,1.3700000047683716,1.3700000047683716,1.3700000047683716,0
2019-05-20,1.3700000047683716,1.3700000047683716,1.3700000047683716,1.3700000047683716,1.3700000047683716,0
2019-05-21,1.3700000047683716,1.3700000047683716,1.3700000047683716,1.3700000047683716,1.3700000047683716,0
2019-05-22,1.3700000047683716,1.3700000047683716,1.3700000047683716,1.3700000047683716,1.3700000047683716,0
2019-05-23,1.3700000047683716,1.3700000047683716,1.3700000047683716,1.3700000047683716,1.3700000047683716,0
2019-05-24,1.3700000047683716,1.3700000047683716,1.3700000047683716,1.3700000047683716,1.3700000047683716,0
2019-05-27,1.3700000047683716,1.3700000047683716,1.3700000047683716,1.3700000047683716,1.3700000047683716,0
2019-05-28,1.3700000047683716,1.3700000047683716,1.3700000047683716,1.3700000047683716,1.3700000047683716,0
2019-05-29,1.3700000047683716,1.3700000047683716,1.3700000047683716,1.3700000047683716,1.3700000047683716,0
2019-05-30,1.3700000047683716,1.3700000047683716,1.3700000047683716,1.3700000047683716,1.3700000047683716,0
2019-05-31,1.3700000047683716,1.3700000047683716,1.3700000047683716,1.3700000047683716,1.3700000047683716,0
2019-06-03,1.3700000047683716,1.3700000047683716,1.3700000047683716,1.3700000047683716,1.3700000047683716,0
2019-06-04,1.3700000047683716,1.3700000047683716,1.3700000047683716,1.3700000047683716,1.3700000047683716,0
2019-06-05,1.3700000047683716,1.3700000047683716,1.3700000047683716,1.3700000047683716,1.3700000047683716,0
2019-06-06,1.3700000047683716,1.3700000047683716,1.3700000047683716,1.3700000047683716,1.3700000047683716,0
2019-06-10,1.3700000047683716,1.3700000047683716,1.3700000047683716,1.3700000047683716,1.3700000047683716,0
2019-06-11,1.3700000047683716,1.3700000047683716,1.3700000047683716,1.3700000047683716,1.3700000047683716,0
2019-06-12,1.3700000047683716,1.3700000047683716,1.3700000047683716,1.3700000047683716,1.3700000047683716,0
2019-06-13,1.3700000047683716,1.3700000047683716,1.3700000047683716,1.3700000047683716,1.3700000047683716,0
2019-06-14,1.3700000047683716,1.3700000047683716,1.3700000047683716,1.3700000047683716,1.3700000047683716,0
2019-06-17,1.3700000047683716,1.3700000047683716,1.3700000047683716,1.3700000047683716,1.3700000047683716,0
2019-06-18,1.3700000047683716,1.3700000047683716,1.3700000047683716,1.3700000047683716,1.3700000047683716,0
2019-06-19,1.3700000047683716,1.3700000047683716,1.3700000047683716,1.3700000047683716,1.3700000047683716,0
2019-06-20,1.3700000047683716,1.3700000047683716,1.3700000047683716,1.3700000047683716,1.3700000047683716,0
2019-06-21,1.3700000047683716,1.3700000047683716,1.3700000047683716,1.3700000047683716,1.3700000047683716,0
2019-06-24,1.3700000047683716,1.3700000047683716,1.3700000047683716,1.3700000047683716,1.3700000047683716,0
2019-06-25,1.3700000047683716,1.3700000047683716,1.3700000047683716,1.3700000047683716,1.3700000047683716,0
2019-06-26,1.3700000047683716,1.3700000047683716,1.3700000047683716,1.3700000047683716,1.3700000047683716,0
2019-06-27,1.3700000047683716,1.3700000047683716,1.3700000047683716,1.3700000047683716,1.3700000047683716,0
2019-06-28,1.3700000047683716,1.3700000047683716,1.3700000047683716,1.3700000047683716,1.3700000047683716,0
2019-07-02,1.3700000047683716,1.3700000047683716,1.3700000047683716,1.3700000047683716,1.3700000047683716,0
2019-07-03,1.3700000047683716,1.3700000047683716,1.3700000047683716,1.3700000047683716,1.3700000047683716,0
2019-07-04,1.3700000047683716,1.3700000047683716,1.3700000047683716,1.3700000047683716,1.3700000047683716,0
2019-07-05,1.3700000047683716,1.3700000047683716,1.3700000047683716,1.3700000047683716,1.3700000047683716,0
2019-07-08,1.3700000047683716,1.3700000047683716,1.3700000047683716,1.3700000047683716,1.3700000047683716,0
2019-07-09,1.3700000047683716,1.3700000047683716,1.3700000047683716,1.3700000047683716,1.3700000047683716,0
2019-07-10,1.3700000047683716,1.3700000047683716,1.3700000047683716,1.3700000047683716,1.3700000047683716,0
2019-07-11,1.3700000047683716,1.3700000047683716,1.3700000047683716,1.3700000047683716,1.3700000047683716,0
2019-07-12,1.3700000047683716,1.3700000047683716,1.3700000047683716,1.3700000047683716,1.3700000047683716,0
2019-07-15,1.3700000047683716,1.3700000047683716,1.3700000047683716,1.3700000047683716,1.3700000047683716,0
2019-07-16,1.3700000047683716,1.3700000047683716,1.3700000047683716,1.3700000047683716,1.3700000047683716,0
2019-07-17,1.3700000047683716,1.3700000047683716,1.3700000047683716,1.3700000047683716,1.3700000047683716,0
2019-07-18,1.3700000047683716,1.3700000047683716,1.3700000047683716,1.3700000047683716,1.3700000047683716,0
2019-07-19,1.3700000047683716,1.3700000047683716,1.3700000047683716,1.3700000047683716,1.3700000047683716,0
2019-07-22,1.3700000047683716,1.3700000047683716,1.3700000047683716,1.3700000047683716,1.3700000047683716,0
2019-07-23,1.3700000047683716,1.3700000047683716,1.3700000047683716,1.3700000047683716,1.3700000047683716,0
2019-07-24,1.3700000047683716,1.3700000047683716,1.3700000047683716,1.3700000047683716,1.3700000047683716,0
2019-07-25,1.3700000047683716,1.3700000047683716,1.3700000047683716,1.3700000047683716,1.3700000047683716,0
2019-07-26,1.3700000047683716,1.3700000047683716,1.3700000047683716,1.3700000047683716,1.3700000047683716,0
2019-07-29,1.3700000047683716,1.3700000047683716,1.3700000047683716,1.3700000047683716,1.3700000047683716,0
2019-07-30,1.3700000047683716,1.3700000047683716,1.3700000047683716,1.3700000047683716,1.3700000047683716,0
2019-07-31,1.3700000047683716,1.3700000047683716,1.3700000047683716,1.3700000047683716,1.3700000047683716,0
2019-08-01,1.3700000047683716,1.3700000047683716,1.3700000047683716,1.3700000047683716,1.3700000047683716,0
2019-08-02,1.3700000047683716,1.3700000047683716,1.3700000047683716,1.3700000047683716,1.3700000047683716,0
2019-08-05,1.3700000047683716,1.3700000047683716,1.3700000047683716,1.3700000047683716,1.3700000047683716,0
2019-08-06,1.3700000047683716,1.3700000047683716,1.3700000047683716,1.3700000047683716,1.3700000047683716,0
2019-08-07,1.3700000047683716,1.3700000047683716,1.3700000047683716,1.3700000047683716,1.3700000047683716,0
2019-08-08,1.3700000047683716,1.3700000047683716,1.3700000047683716,1.3700000047683716,1.3700000047683716,0
2019-08-09,1.3700000047683716,1.3700000047683716,1.3700000047683716,1.3700000047683716,1.3700000047683716,0
2019-08-12,1.3700000047683716,1.3700000047683716,1.3700000047683716,1.3700000047683716,1.3700000047683716,0
2019-08-13,1.3700000047683716,1.3700000047683716,1.3700000047683716,1.3700000047683716,1.3700000047683716,0
2019-08-14,1.3700000047683716,1.3700000047683716,1.3700000047683716,1.3700000047683716,1.3700000047683716,0
2019-08-15,1.3700000047683716,1.3700000047683716,1.3700000047683716,1.3700000047683716,1.3700000047683716,0
2019-08-16,1.3700000047683716,1.3700000047683716,1.3700000047683716,1.3700000047683716,1.3700000047683716,0
2019-08-19,1.3700000047683716,1.3700000047683716,1.3700000047683716,1.3700000047683716,1.3700000047683716,0
2019-08-20,1.3700000047683716,1.3700000047683716,1.3700000047683716,1.3700000047683716,1.3700000047683716,0
2019-08-21,1.3700000047683716,1.3700000047683716,1.3700000047683716,1.3700000047683716,1.3700000047683716,0
2019-08-22,1.3700000047683716,1.3700000047683716,1.3700000047683716,1.3700000047683716,1.3700000047683716,0
2019-08-23,1.3700000047683716,1.3700000047683716,1.3700000047683716,1.3700000047683716,1.3700000047683716,0
2019-08-26,1.3700000047683716,1.3700000047683716,1.3700000047683716,1.3700000047683716,1.3700000047683716,0
2019-08-27,1.3700000047683716,1.3700000047683716,1.3700000047683716,1.3700000047683716,1.3700000047683716,0
2019-08-28,1.3700000047683716,1.3700000047683716,1.3700000047683716,1.3700000047683716,1.3700000047683716,0
2019-08-29,1.3700000047683716,1.3700000047683716,1.3700000047683716,1.3700000047683716,1.3700000047683716,0
2019-08-30,1.3700000047683716,1.3700000047683716,1.3700000047683716,1.3700000047683716,1.3700000047683716,0
2019-09-02,1.3700000047683716,1.3700000047683716,1.3700000047683716,1.3700000047683716,1.3700000047683716,0
2019-09-03,1.3700000047683716,1.3700000047683716,1.3700000047683716,1.3700000047683716,1.3700000047683716,0
2019-09-04,1.3700000047683716,1.3700000047683716,1.3700000047683716,1.3700000047683716,1.3700000047683716,0
2019-09-05,1.3700000047683716,1.3700000047683716,1.3700000047683716,1.3700000047683716,1.3700000047683716,0
2019-09-06,1.3700000047683716,1.3700000047683716,1.3700000047683716,1.3700000047683716,1.3700000047683716,0
2019-09-09,1.3700000047683716,1.3700000047683716,1.3700000047683716,1.3700000047683716,1.3700000047683716,0
2019-09-10,1.3700000047683716,1.3700000047683716,1.3700000047683716,1.3700000047683716,1.3700000047683716,0
2019-09-11,1.3700000047683716,1.3700000047683716,1.3700000047683716,1.3700000047683716,1.3700000047683716,0
2019-09-12,1.3700000047683716,1.3700000047683716,1.3700000047683716,1.3700000047683716,1.3700000047683716,0
2019-09-13,1.3700000047683716,1.3700000047683716,1.3700000047683716,1.3700000047683716,1.3700000047683716,0
2019-09-16,1.3700000047683716,1.3700000047683716,1.3700000047683716,1.3700000047683716,1.3700000047683716,0
2019-09-17,1.3700000047683716,1.3700000047683716,1.3700000047683716,1.3700000047683716,1.3700000047683716,0
2019-09-18,1.3700000047683716,1.3700000047683716,1.3700000047683716,1.3700000047683716,1.3700000047683716,0
2019-09-19,1.3700000047683716,1.3700000047683716,1.3700000047683716,1.3700000047683716,1.3700000047683716,0
2019-09-20,1.3700000047683716,1.3700000047683716,1.3700000047683716,1.3700000047683716,1.3700000047683716,0
2019-09-23,1.3700000047683716,1.3700000047683716,1.3700000047683716,1.3700000047683716,1.3700000047683716,0
2019-09-24,1.3700000047683716,1.3700000047683716,1.3700000047683716,1.3700000047683716,1.3700000047683716,0
2019-09-25,1.3700000047683716,1.3700000047683716,1.3700000047683716,1.3700000047683716,1.3700000047683716,0
2019-09-26,1.3700000047683716,1.3700000047683716,1.3700000047683716,1.3700000047683716,1.3700000047683716,0
2019-09-27,1.3700000047683716,1.3700000047683716,1.3700000047683716,1.3700000047683716,1.3700000047683716,0
2019-09-30,1.3700000047683716,1.3700000047683716,1.3700000047683716,1.3700000047683716,1.3700000047683716,0
2019-10-02,1.3700000047683716,1.3700000047683716,1.3700000047683716,1.3700000047683716,1.3700000047683716,0
2019-10-03,1.3700000047683716,1.3700000047683716,1.3700000047683716,1.3700000047683716,1.3700000047683716,0
2019-10-04,1.3700000047683716,1.3700000047683716,1.3700000047683716,1.3700000047683716,1.3700000047683716,0
2019-10-08,1.3700000047683716,1.3700000047683716,1.3700000047683716,1.3700000047683716,1.3700000047683716,0
2019-10-09,1.3700000047683716,1.3700000047683716,1.3700000047683716,1.3700000047683716,1.3700000047683716,0
2019-10-10,1.3700000047683716,1.3700000047683716,1.3700000047683716,1.3700000047683716,1.3700000047683716,0
2019-10-11,1.3700000047683716,1.3700000047683716,1.3700000047683716,1.3700000047683716,1.3700000047683716,0
2019-10-14,1.3700000047683716,1.3700000047683716,1.3700000047683716,1.3700000047683716,1.3700000047683716,0
2019-10-15,1.3700000047683716,1.3700000047683716,1.3700000047683716,1.3700000047683716,1.3700000047683716,0
2019-10-16,1.3700000047683716,1.3700000047683716,1.3700000047683716,1.3700000047683716,1.3700000047683716,0
2019-10-17,1.3700000047683716,1.3700000047683716,1.3700000047683716,1.3700000047683716,1.3700000047683716,0
2019-10-18,1.3700000047683716,1.3700000047683716,1.3700000047683716,1.3700000047683716,1.3700000047683716,0
2019-10-21,1.3700000047683716,1.3700000047683716,1.3700000047683716,1.3700000047683716,1.3700000047683716,0
2019-10-22,1.3700000047683716,1.3700000047683716,1.3700000047683716,1.3700000047683716,1.3700000047683716,0
2019-10-23,1.3700000047683716,1.3700000047683716,1.3700000047683716,1.3700000047683716,1.3700000047683716,0
2019-10-24,1.3700000047683716,1.3700000047683716,1.3700000047683716,1.3700000047683716,1.3700000047683716,0
2019-10-25,1.3700000047683716,1.3700000047683716,1.3700000047683716,1.3700000047683716,1.3700000047683716,0
2019-10-28,1.3700000047683716,1.3700000047683716,1.3700000047683716,1.3700000047683716,1.3700000047683716,0
2019-10-29,1.3700000047683716,1.3700000047683716,1.3700000047683716,1.3700000047683716,1.3700000047683716,0
2019-10-30,1.3700000047683716,1.3700000047683716,1.3700000047683716,1.3700000047683716,1.3700000047683716,0
2019-10-31,1.3700000047683716,1.3700000047683716,1.3700000047683716,1.3700000047683716,1.3700000047683716,0
2019-11-01,1.3700000047683716,1.3700000047683716,1.3700000047683716,1.3700000047683716,1.3700000047683716,0
2019-11-04,1.3700000047683716,1.3700000047683716,1.3700000047683716,1.3700000047683716,1.3700000047683716,0
2019-11-05,1.3700000047683716,1.3700000047683716,1.3700000047683716,1.3700000047683716,1.3700000047683716,0
2019-11-06,1.3700000047683716,1.3700000047683716,1.3700000047683716,1.3700000047683716,1.3700000047683716,0
2019-11-07,1.3700000047683716,1.3700000047683716,1.3700000047683716,1.3700000047683716,1.3700000047683716,0
2019-11-08,1.3700000047683716,1.3700000047683716,1.3700000047683716,1.3700000047683716,1.3700000047683716,0
2019-11-11,1.3700000047683716,1.3700000047683716,1.3700000047683716,1.3700000047683716,1.3700000047683716,0
2019-11-12,1.3700000047683716,1.3700000047683716,1.3700000047683716,1.3700000047683716,1.3700000047683716,0
2019-11-13,1.3700000047683716,1.3700000047683716,1.3700000047683716,1.3700000047683716,1.3700000047683716,0
2019-11-14,1.3700000047683716,1.3700000047683716,1.3700000047683716,1.3700000047683716,1.3700000047683716,0
2019-11-15,1.3700000047683716,1.3700000047683716,1.3700000047683716,1.3700000047683716,1.3700000047683716,0
2019-11-18,1.3700000047683716,1.3700000047683716,1.3700000047683716,1.3700000047683716,1.3700000047683716,0
2019-11-19,1.3700000047683716,1.3700000047683716,1.3700000047683716,1.3700000047683716,1.3700000047683716,0
2019-11-20,1.3700000047683716,1.3700000047683716,1.3700000047683716,1.3700000047683716,1.3700000047683716,0
2019-11-21,1.3700000047683716,1.3700000047683716,1.3700000047683716,1.3700000047683716,1.3700000047683716,0
2019-11-22,1.3700000047683716,1.3700000047683716,1.3700000047683716,1.3700000047683716,1.3700000047683716,0
2019-11-25,1.3700000047683716,1.3700000047683716,1.3700000047683716,1.3700000047683716,1.3700000047683716,0
2019-11-26,1.3700000047683716,1.3700000047683716,1.3700000047683716,1.3700000047683716,1.3700000047683716,0
2019-11-27,1.3700000047683716,1.3700000047683716,1.3700000047683716,1.3700000047683716,1.3700000047683716,0
2019-11-28,1.3700000047683716,1.3700000047683716,1.3700000047683716,1.3700000047683716,1.3700000047683716,0
2019-11-29,1.3700000047683716,1.3700000047683716,1.3700000047683716,1.3700000047683716,1.3700000047683716,0
2019-12-02,1.3700000047683716,1.3700000047683716,1.3700000047683716,1.3700000047683716,1.3700000047683716,0
2019-12-03,1.3700000047683716,1.3700000047683716,1.3700000047683716,1.3700000047683716,1.3700000047683716,0
2019-12-04,1.3700000047683716,1.3700000047683716,1.3700000047683716,1.3700000047683716,1.3700000047683716,0
2019-12-05,1.3700000047683716,1.3700000047683716,1.3700000047683716,1.3700000047683716,1.3700000047683716,0
2019-12-06,1.3700000047683716,1.3700000047683716,1.3700000047683716,1.3700000047683716,1.3700000047683716,0
2019-12-09,1.3700000047683716,1.3700000047683716,1.3700000047683716,1.3700000047683716,1.3700000047683716,0
2019-12-10,1.3700000047683716,1.3700000047683716,1.3700000047683716,1.3700000047683716,1.3700000047683716,0
2019-12-11,1.3700000047683716,1.3700000047683716,1.3700000047683716,1.3700000047683716,1.3700000047683716,0
2019-12-12,1.3700000047683716,1.3700000047683716,1.3700000047683716,1.3700000047683716,1.3700000047683716,0
2019-12-13,1.3700000047683716,1.3700000047683716,1.3700000047683716,1.3700000047683716,1.3700000047683716,0
2019-12-16,1.3700000047683716,1.3700000047683716,1.3700000047683716,1.3700000047683716,1.3700000047683716,0
2019-12-17,1.3700000047683716,1.3700000047683716,1.3700000047683716,1.3700000047683716,1.3700000047683716,0
2019-12-18,1.3700000047683716,1.3700000047683716,1.3700000047683716,1.3700000047683716,1.3700000047683716,0
2019-12-19,1.3700000047683716,1.3700000047683716,1.3700000047683716,1.3700000047683716,1.3700000047683716,0
2019-12-20,1.3700000047683716,1.3700000047683716,1.3700000047683716,1.3700000047683716,1.3700000047683716,0
2019-12-23,1.3700000047683716,1.3700000047683716,1.3700000047683716,1.3700000047683716,1.3700000047683716,0
2019-12-24,1.3700000047683716,1.3700000047683716,1.3700000047683716,1.3700000047683716,1.3700000047683716,0
2019-12-27,1.3700000047683716,1.3700000047683716,1.3700000047683716,1.3700000047683716,1.3700000047683716,0
2019-12-30,1.3700000047683716,1.3700000047683716,1.3700000047683716,1.3700000047683716,1.3700000047683716,0
2019-12-31,1.3700000047683716,1.3700000047683716,1.3700000047683716,1.3700000047683716,1.3700000047683716,0
2020-01-02,1.3700000047683716,1.3700000047683716,1.3700000047683716,1.3700000047683716,1.3700000047683716,0
2020-01-03,1.3700000047683716,1.3700000047683716,1.3700000047683716,1.3700000047683716,1.3700000047683716,0
2020-01-06,1.3700000047683716,1.3700000047683716,1.3700000047683716,1.3700000047683716,1.3700000047683716,0
2020-01-07,1.3700000047683716,1.3700000047683716,1.3700000047683716,1.3700000047683716,1.3700000047683716,0
2020-01-08,1.3700000047683716,1.3700000047683716,1.3700000047683716,1.3700000047683716,1.3700000047683716,0
2020-01-09,1.3700000047683716,1.3700000047683716,1.3700000047683716,1.3700000047683716,1.3700000047683716,0
2020-01-10,1.3700000047683716,1.3700000047683716,1.3700000047683716,1.3700000047683716,1.3700000047683716,0
2020-01-13,1.3700000047683716,1.3700000047683716,1.3700000047683716,1.3700000047683716,1.3700000047683716,0
2020-01-14,1.3700000047683716,1.3700000047683716,1.3700000047683716,1.3700000047683716,1.3700000047683716,0
2020-01-15,1.3700000047683716,1.3700000047683716,1.3700000047683716,1.3700000047683716,1.3700000047683716,0
2020-01-16,1.3700000047683716,1.3700000047683716,1.3700000047683716,1.3700000047683716,1.3700000047683716,0
2020-01-17,1.3700000047683716,1.3700000047683716,1.3700000047683716,1.3700000047683716,1.3700000047683716,0
2020-01-20,1.3700000047683716,1.3700000047683716,1.3700000047683716,1.3700000047683716,1.3700000047683716,0
2020-01-21,1.3700000047683716,1.3700000047683716,1.3700000047683716,1.3700000047683716,1.3700000047683716,0
2020-01-22,1.3700000047683716,1.3700000047683716,1.3700000047683716,1.3700000047683716,1.3700000047683716,0
2020-01-23,1.3700000047683716,1.3700000047683716,1.3700000047683716,1.3700000047683716,1.3700000047683716,0
2020-01-24,1.3700000047683716,1.3700000047683716,1.3700000047683716,1.3700000047683716,1.3700000047683716,0
2020-01-29,1.3700000047683716,1.3700000047683716,1.3700000047683716,1.3700000047683716,1.3700000047683716,0
2020-01-30,1.3700000047683716,1.3700000047683716,1.3700000047683716,1.3700000047683716,1.3700000047683716,0
2020-01-31,1.3700000047683716,1.3700000047683716,1.3700000047683716,1.3700000047683716,1.3700000047683716,0
2020-02-03,1.3700000047683716,1.3700000047683716,1.3700000047683716,1.3700000047683716,1.3700000047683716,0
2020-02-04,1.3700000047683716,1.3700000047683716,1.3700000047683716,1.3700000047683716,1.3700000047683716,0
2020-02-05,1.3700000047683716,1.3700000047683716,1.3700000047683716,1.3700000047683716,1.3700000047683716,0
2020-02-06,1.3700000047683716,1.3700000047683716,1.3700000047683716,1.3700000047683716,1.3700000047683716,0
2020-02-07,1.3700000047683716,1.3700000047683716,1.3700000047683716,1.3700000047683716,1.3700000047683716,0
2020-02-10,1.3700000047683716,1.3700000047683716,1.3700000047683716,1.3700000047683716,1.3700000047683716,0
2020-02-11,1.3700000047683716,1.3700000047683716,1.3700000047683716,1.3700000047683716,1.3700000047683716,0
2020-02-12,1.3700000047683716,1.3700000047683716,1.3700000047683716,1.3700000047683716,1.3700000047683716,0
2020-02-13,1.3700000047683716,1.3700000047683716,1.3700000047683716,1.3700000047683716,1.3700000047683716,0
2020-02-14,1.3700000047683716,1.3700000047683716,1.3700000047683716,1.3700000047683716,1.3700000047683716,0
2020-02-17,1.3700000047683716,1.3700000047683716,1.3700000047683716,1.3700000047683716,1.3700000047683716,0
2020-02-18,1.3700000047683716,1.3700000047683716,1.3700000047683716,1.3700000047683716,1.3700000047683716,0
2020-02-19,1.3700000047683716,1.3700000047683716,1.3700000047683716,1.3700000047683716,1.3700000047683716,0
2020-02-20,1.3700000047683716,1.3700000047683716,1.3700000047683716,1.3700000047683716,1.3700000047683716,0
2020-02-21,1.3700000047683716,1.3700000047683716,1.3700000047683716,1.3700000047683716,1.3700000047683716,0
2020-02-24,1.3700000047683716,1.3700000047683716,1.3700000047683716,1.3700000047683716,1.3700000047683716,0
2020-02-25,1.3700000047683716,1.3700000047683716,1.3700000047683716,1.3700000047683716,1.3700000047683716,0
2020-02-26,1.3700000047683716,1.3700000047683716,1.3700000047683716,1.3700000047683716,1.3700000047683716,0
2020-02-27,1.3700000047683716,1.3700000047683716,1.3700000047683716,1.3700000047683716,1.3700000047683716,0
2020-02-28,1.3700000047683716,1.3700000047683716,1.3700000047683716,1.3700000047683716,1.3700000047683716,0
2020-03-02,1.3700000047683716,1.3700000047683716,1.3700000047683716,1.3700000047683716,1.3700000047683716,0
2020-03-03,1.3700000047683716,1.3700000047683716,1.3700000047683716,1.3700000047683716,1.3700000047683716,0
2020-03-04,1.3700000047683716,1.3700000047683716,1.3700000047683716,1.3700000047683716,1.3700000047683716,0
2020-03-05,1.3700000047683716,1.3700000047683716,1.3700000047683716,1.3700000047683716,1.3700000047683716,0
2020-03-06,1.3700000047683716,1.3700000047683716,1.3700000047683716,1.3700000047683716,1.3700000047683716,0
2020-03-09,1.3700000047683716,1.3700000047683716,1.3700000047683716,1.3700000047683716,1.3700000047683716,0
2020-03-10,1.3700000047683716,1.3700000047683716,1.3700000047683716,1.3700000047683716,1.3700000047683716,0
2020-03-11,1.3700000047683716,1.3700000047683716,1.3700000047683716,1.3700000047683716,1.3700000047683716,0
2020-03-12,1.3700000047683716,1.3700000047683716,1.3700000047683716,1.3700000047683716,1.3700000047683716,0
2020-03-13,1.3700000047683716,1.3700000047683716,1.3700000047683716,1.3700000047683716,1.3700000047683716,0
2020-03-16,1.3700000047683716,1.3700000047683716,1.3700000047683716,1.3700000047683716,1.3700000047683716,0
2020-03-17,1.3700000047683716,1.3700000047683716,1.3700000047683716,1.3700000047683716,1.3700000047683716,0
2020-03-18,1.3700000047683716,1.3700000047683716,1.3700000047683716,1.3700000047683716,1.3700000047683716,0
2020-03-19,1.3700000047683716,1.3700000047683716,1.3700000047683716,1.3700000047683716,1.3700000047683716,0
2020-03-20,1.3700000047683716,1.3700000047683716,1.3700000047683716,1.3700000047683716,1.3700000047683716,0
2020-03-23,1.3700000047683716,1.3700000047683716,1.3700000047683716,1.3700000047683716,1.3700000047683716,0
2020-03-24,1.3700000047683716,1.3700000047683716,1.3700000047683716,1.3700000047683716,1.3700000047683716,0
2020-03-25,1.3700000047683716,1.3700000047683716,1.3700000047683716,1.3700000047683716,1.3700000047683716,0
2020-03-26,1.3700000047683716,1.3700000047683716,1.3700000047683716,1.3700000047683716,1.3700000047683716,0
2020-03-27,1.3700000047683716,1.3700000047683716,1.3700000047683716,1.3700000047683716,1.3700000047683716,0
2020-03-30,1.3700000047683716,1.3700000047683716,1.3700000047683716,1.3700000047683716,1.3700000047683716,0
2020-03-31,1.3700000047683716,1.3700000047683716,1.3700000047683716,1.3700000047683716,1.3700000047683716,0
2020-04-01,1.3700000047683716,1.3700000047683716,1.3700000047683716,1.3700000047683716,1.3700000047683716,0
2020-04-02,1.3700000047683716,1.3700000047683716,1.3700000047683716,1.3700000047683716,1.3700000047683716,0
2020-04-03,1.3700000047683716,1.3700000047683716,1.3700000047683716,1.3700000047683716,1.3700000047683716,0
2020-04-06,1.3700000047683716,1.3700000047683716,1.3700000047683716,1.3700000047683716,1.3700000047683716,0
2020-04-07,1.3700000047683716,1.3700000047683716,1.3700000047683716,1.3700000047683716,1.3700000047683716,0
2020-04-08,1.3700000047683716,1.3700000047683716,1.3700000047683716,1.3700000047683716,1.3700000047683716,0
2020-04-09,1.3700000047683716,1.3700000047683716,1.3700000047683716,1.3700000047683716,1.3700000047683716,0
2020-04-14,1.3700000047683716,1.3700000047683716,1.3700000047683716,1.3700000047683716,1.3700000047683716,0
2020-04-15,1.3700000047683716,1.3700000047683716,1.3700000047683716,1.3700000047683716,1.3700000047683716,0
2020-04-16,1.3700000047683716,1.3700000047683716,1.3700000047683716,1.3700000047683716,1.3700000047683716,0
2020-04-17,1.3700000047683716,1.3700000047683716,1.3700000047683716,1.3700000047683716,1.3700000047683716,0
2020-04-20,1.3700000047683716,1.3700000047683716,1.3700000047683716,1.3700000047683716,1.3700000047683716,0
2020-04-21,1.3700000047683716,1.3700000047683716,1.3700000047683716,1.3700000047683716,1.3700000047683716,0
2020-04-22,1.3700000047683716,1.3700000047683716,1.3700000047683716,1.3700000047683716,1.3700000047683716,0
2020-04-23,1.3700000047683716,1.3700000047683716,1.3700000047683716,1.3700000047683716,1.3700000047683716,0
2020-04-24,1.3700000047683716,1.3700000047683716,1.3700000047683716,1.3700000047683716,1.3700000047683716,0
2020-04-27,1.3700000047683716,1.3700000047683716,1.3700000047683716,1.3700000047683716,1.3700000047683716,0
2020-04-28,1.3700000047683716,1.3700000047683716,1.3700000047683716,1.3700000047683716,1.3700000047683716,0
2020-04-29,1.3700000047683716,1.3700000047683716,1.3700000047683716,1.3700000047683716,1.3700000047683716,0
2020-05-04,1.3700000047683716,1.3700000047683716,1.3700000047683716,1.3700000047683716,1.3700000047683716,0
2020-05-05,1.3700000047683716,1.3700000047683716,1.3700000047683716,1.3700000047683716,1.3700000047683716,0
2020-05-06,1.3700000047683716,1.3700000047683716,1.3700000047683716,1.3700000047683716,1.3700000047683716,0
2020-05-07,1.3700000047683716,1.3700000047683716,1.3700000047683716,1.3700000047683716,1.3700000047683716,0
2020-05-08,1.3700000047683716,1.3700000047683716,1.3700000047683716,1.3700000047683716,1.3700000047683716,0
2020-05-11,1.3700000047683716,1.3700000047683716,1.3700000047683716,1.3700000047683716,1.3700000047683716,0
2020-05-12,1.3700000047683716,1.3700000047683716,1.3700000047683716,1.3700000047683716,1.3700000047683716,0
2020-05-13,1.3700000047683716,1.3700000047683716,1.3700000047683716,1.3700000047683716,1.3700000047683716,0
2020-05-14,1.3700000047683716,1.3700000047683716,1.3700000047683716,1.3700000047683716,1.3700000047683716,0
2020-05-15,1.3700000047683716,1.3700000047683716,1.3700000047683716,1.3700000047683716,1.3700000047683716,0
2020-05-18,1.3700000047683716,1.3700000047683716,1.3700000047683716,1.3700000047683716,1.3700000047683716,0
2020-05-19,1.3700000047683716,1.3700000047683716,1.3700000047683716,1.3700000047683716,1.3700000047683716,0
2020-05-20,1.3700000047683716,1.3700000047683716,1.3700000047683716,1.3700000047683716,1.3700000047683716,0
2020-05-21,1.3700000047683716,1.3700000047683716,1.3700000047683716,1.3700000047683716,1.3700000047683716,0
2020-05-22,1.3700000047683716,1.3700000047683716,1.3700000047683716,1.3700000047683716,1.3700000047683716,0
2020-05-25,1.3700000047683716,1.3700000047683716,1.3700000047683716,1.3700000047683716,1.3700000047683716,0
2020-05-26,1.3700000047683716,1.3700000047683716,1.3700000047683716,1.3700000047683716,1.3700000047683716,0
2020-05-27,1.3700000047683716,1.3700000047683716,1.3700000047683716,1.3700000047683716,1.3700000047683716,0
2020-05-28,1.3700000047683716,1.3700000047683716,1.3700000047683716,1.3700000047683716,1.3700000047683716,0
2020-05-29,1.3700000047683716,1.3700000047683716,1.3700000047683716,1.3700000047683716,1.3700000047683716,0
2020-06-01,1.3700000047683716,1.3700000047683716,1.3700000047683716,1.3700000047683716,1.3700000047683716,0
2020-06-02,1.3700000047683716,1.3700000047683716,1.3700000047683716,1.3700000047683716,1.3700000047683716,0
2020-06-03,1.3700000047683716,1.3700000047683716,1.3700000047683716,1.3700000047683716,1.3700000047683716,0
2020-06-04,1.3700000047683716,1.3700000047683716,1.3700000047683716,1.3700000047683716,1.3700000047683716,0
2020-06-05,1.3700000047683716,1.3700000047683716,1.3700000047683716,1.3700000047683716,1.3700000047683716,0
2020-06-08,1.3700000047683716,1.3700000047683716,1.3700000047683716,1.3700000047683716,1.3700000047683716,0
2020-06-09,1.3700000047683716,1.3700000047683716,1.3700000047683716,1.3700000047683716,1.3700000047683716,0
2020-06-10,1.3700000047683716,1.3700000047683716,1.3700000047683716,1.3700000047683716,1.3700000047683716,0
2020-06-11,1.3700000047683716,1.3700000047683716,1.3700000047683716,1.3700000047683716,1.3700000047683716,0
2020-06-12,1.3700000047683716,1.3700000047683716,1.3700000047683716,1.3700000047683716,1.3700000047683716,0
2020-06-15,1.3700000047683716,1.3700000047683716,1.3700000047683716,1.3700000047683716,1.3700000047683716,0
2020-06-16,1.3700000047683716,1.3700000047683716,1.3700000047683716,1.3700000047683716,1.3700000047683716,0
2020-06-17,1.3700000047683716,1.3700000047683716,1.3700000047683716,1.3700000047683716,1.3700000047683716,0
2020-06-18,1.3700000047683716,1.3700000047683716,1.3700000047683716,1.3700000047683716,1.3700000047683716,0
2020-06-19,1.3700000047683716,1.3700000047683716,1.3700000047683716,1.3700000047683716,1.3700000047683716,0
2020-06-22,1.3700000047683716,1.3700000047683716,1.3700000047683716,1.3700000047683716,1.3700000047683716,0
2020-06-23,1.3700000047683716,1.3700000047683716,1.3700000047683716,1.3700000047683716,1.3700000047683716,0
2020-06-24,1.3700000047683716,1.3700000047683716,1.3700000047683716,1.3700000047683716,1.3700000047683716,0
2020-06-26,1.3700000047683716,1.3700000047683716,1.3700000047683716,1.3700000047683716,1.3700000047683716,0
2020-06-29,1.3700000047683716,1.3700000047683716,1.3700000047683716,1.3700000047683716,1.3700000047683716,0
2020-06-30,1.3700000047683716,1.3700000047683716,1.3700000047683716,1.3700000047683716,1.3700000047683716,0
2020-07-02,1.3700000047683716,1.3700000047683716,1.3700000047683716,1.3700000047683716,1.3700000047683716,0
2020-07-03,1.3700000047683716,1.3700000047683716,1.3700000047683716,1.3700000047683716,1.3700000047683716,0
2020-07-06,1.3700000047683716,1.3700000047683716,1.3700000047683716,1.3700000047683716,1.3700000047683716,0
2020-07-07,1.3700000047683716,1.3700000047683716,1.3700000047683716,1.3700000047683716,1.3700000047683716,0
2020-07-08,1.3700000047683716,1.3700000047683716,1.3700000047683716,1.3700000047683716,1.3700000047683716,0
2020-07-09,1.3700000047683716,1.3700000047683716,1.3700000047683716,1.3700000047683716,1.3700000047683716,0
2020-07-10,1.3700000047683716,1.3700000047683716,1.3700000047683716,1.3700000047683716,1.3700000047683716,0
2020-07-13,1.3700000047683716,1.3700000047683716,1.3700000047683716,1.3700000047683716,1.3700000047683716,0
2020-07-14,1.3700000047683716,1.3700000047683716,1.3700000047683716,1.3700000047683716,1.3700000047683716,0
2020-07-15,1.3700000047683716,1.3700000047683716,1.3700000047683716,1.3700000047683716,1.3700000047683716,0
2020-07-16,1.3700000047683716,1.3700000047683716,1.3700000047683716,1.3700000047683716,1.3700000047683716,0
2020-07-17,1.3700000047683716,1.3700000047683716,1.3700000047683716,1.3700000047683716,1.3700000047683716,0
2020-07-20,1.3700000047683716,1.3700000047683716,1.3700000047683716,1.3700000047683716,1.3700000047683716,0
2020-07-21,1.3700000047683716,1.3700000047683716,1.3700000047683716,1.3700000047683716,1.3700000047683716,0
2020-07-22,1.3700000047683716,1.3700000047683716,1.3700000047683716,1.3700000047683716,1.3700000047683716,0
2020-07-23,1.3700000047683716,1.3700000047683716,1.3700000047683716,1.3700000047683716,1.3700000047683716,0
2020-07-24,1.3700000047683716,1.3700000047683716,1.3700000047683716,1.3700000047683716,1.3700000047683716,0
2020-07-27,1.3700000047683716,1.3700000047683716,1.3700000047683716,1.3700000047683716,1.3700000047683716,0
2020-07-28,1.3700000047683716,1.3700000047683716,1.3700000047683716,1.3700000047683716,1.3700000047683716,0
2020-07-29,1.3700000047683716,1.3700000047683716,1.3700000047683716,1.3700000047683716,1.3700000047683716,0
2020-07-30,1.3700000047683716,1.3700000047683716,1.3700000047683716,1.3700000047683716,1.3700000047683716,0
2020-07-31,1.3700000047683716,1.3700000047683716,1.3700000047683716,1.3700000047683716,1.3700000047683716,0
2020-08-03,1.3700000047683716,1.3700000047683716,1.3700000047683716,1.3700000047683716,1.3700000047683716,0
2020-08-04,1.3700000047683716,1.3700000047683716,1.3700000047683716,1.3700000047683716,1.3700000047683716,0
2020-08-05,1.3700000047683716,1.3700000047683716,1.3700000047683716,1.3700000047683716,1.3700000047683716,0
2020-08-06,1.3700000047683716,1.3700000047683716,1.3700000047683716,1.3700000047683716,1.3700000047683716,0
2020-08-07,1.3700000047683716,1.3700000047683716,1.3700000047683716,1.3700000047683716,1.3700000047683716,0
2020-08-10,1.3700000047683716,1.3700000047683716,1.3700000047683716,1.3700000047683716,1.3700000047683716,0
2020-08-11,1.3700000047683716,1.3700000047683716,1.3700000047683716,1.3700000047683716,1.3700000047683716,0
2020-08-12,1.3700000047683716,1.3700000047683716,1.3700000047683716,1.3700000047683716,1.3700000047683716,0
2020-08-13,1.3700000047683716,1.3700000047683716,1.3700000047683716,1.3700000047683716,1.3700000047683716,0
2020-08-14,1.3700000047683716,1.3700000047683716,1.3700000047683716,1.3700000047683716,1.3700000047683716,0
2020-08-17,1.3700000047683716,1.3700000047683716,1.3700000047683716,1.3700000047683716,1.3700000047683716,0
2020-08-18,1.3700000047683716,1.3700000047683716,1.3700000047683716,1.3700000047683716,1.3700000047683716,0
2020-08-19,1.3700000047683716,1.3700000047683716,1.3700000047683716,1.3700000047683716,1.3700000047683716,0
2020-08-20,1.3700000047683716,1.3700000047683716,1.3700000047683716,1.3700000047683716,1.3700000047683716,0
2020-08-21,1.3700000047683716,1.3700000047683716,1.3700000047683716,1.3700000047683716,1.3700000047683716,0
2020-08-24,1.3700000047683716,1.3700000047683716,1.3700000047683716,1.3700000047683716,1.3700000047683716,0
2020-08-25,1.3700000047683716,1.3700000047683716,1.3700000047683716,1.3700000047683716,1.3700000047683716,0
2020-08-26,1.3700000047683716,1.3700000047683716,1.3700000047683716,1.3700000047683716,1.3700000047683716,0
2020-08-27,1.3700000047683716,1.3700000047683716,1.3700000047683716,1.3700000047683716,1.3700000047683716,0
2020-08-28,1.3700000047683716,1.3700000047683716,1.3700000047683716,1.3700000047683716,1.3700000047683716,0
2020-08-31,1.3700000047683716,1.3700000047683716,1.3700000047683716,1.3700000047683716,1.3700000047683716,0
2020-09-01,1.3700000047683716,1.3700000047683716,1.3700000047683716,1.3700000047683716,1.3700000047683716,0
2020-09-02,1.3700000047683716,1.3700000047683716,1.3700000047683716,1.3700000047683716,1.3700000047683716,0
2020-09-03,1.3700000047683716,1.3700000047683716,1.3700000047683716,1.3700000047683716,1.3700000047683716,0
2020-09-04,1.3700000047683716,1.3700000047683716,1.3700000047683716,1.3700000047683716,1.3700000047683716,0
2020-09-07,1.3700000047683716,1.3700000047683716,1.3700000047683716,1.3700000047683716,1.3700000047683716,0
2020-09-08,1.3700000047683716,1.3700000047683716,1.3700000047683716,1.3700000047683716,1.3700000047683716,0
2020-09-09,1.3700000047683716,1.3700000047683716,1.3700000047683716,1.3700000047683716,1.3700000047683716,0
2020-09-10,1.3700000047683716,1.3700000047683716,1.3700000047683716,1.3700000047683716,1.3700000047683716,0
2020-09-11,1.3700000047683716,1.3700000047683716,1.3700000047683716,1.3700000047683716,1.3700000047683716,0
2020-09-14,1.3700000047683716,1.3700000047683716,1.3700000047683716,1.3700000047683716,1.3700000047683716,0
2020-09-15,1.3700000047683716,1.3700000047683716,1.3700000047683716,1.3700000047683716,1.3700000047683716,0
2020-09-16,1.3700000047683716,1.3700000047683716,1.3700000047683716,1.3700000047683716,1.3700000047683716,0
2020-09-17,1.3700000047683716,1.3700000047683716,1.3700000047683716,1.3700000047683716,1.3700000047683716,0
2020-09-18,1.3700000047683716,1.3700000047683716,1.3700000047683716,1.3700000047683716,1.3700000047683716,0
2020-09-21,1.3700000047683716,1.3700000047683716,1.3700000047683716,1.3700000047683716,1.3700000047683716,0
2020-09-22,1.3700000047683716,1.3700000047683716,1.3700000047683716,1.3700000047683716,1.3700000047683716,0
2020-09-23,1.3700000047683716,1.3700000047683716,1.3700000047683716,1.3700000047683716,1.3700000047683716,0
2020-09-24,1.3700000047683716,1.3700000047683716,1.3700000047683716,1.3700000047683716,1.3700000047683716,0
2020-09-25,1.3700000047683716,1.3700000047683716,1.3700000047683716,1.3700000047683716,1.3700000047683716,0
2020-09-28,1.3700000047683716,1.3700000047683716,1.3700000047683716,1.3700000047683716,1.3700000047683716,0
2020-09-29,1.3700000047683716,1.3700000047683716,1.3700000047683716,1.3700000047683716,1.3700000047683716,0
2020-09-30,1.3700000047683716,1.3700000047683716,1.3700000047683716,1.3700000047683716,1.3700000047683716,0
2020-10-05,1.3700000047683716,1.3700000047683716,1.3700000047683716,1.3700000047683716,1.3700000047683716,0
2020-10-06,1.3700000047683716,1.3700000047683716,1.3700000047683716,1.3700000047683716,1.3700000047683716,0
2020-10-07,1.3700000047683716,1.3700000047683716,1.3700000047683716,1.3700000047683716,1.3700000047683716,0
2020-10-08,1.3700000047683716,1.3700000047683716,1.3700000047683716,1.3700000047683716,1.3700000047683716,0
2020-10-09,1.3700000047683716,1.3700000047683716,1.3700000047683716,1.3700000047683716,1.3700000047683716,0
2020-10-12,1.3700000047683716,1.3700000047683716,1.3700000047683716,1.3700000047683716,1.3700000047683716,0
2020-10-14,1.3700000047683716,1.3700000047683716,1.3700000047683716,1.3700000047683716,1.3700000047683716,0
2020-10-15,1.3700000047683716,1.3700000047683716,1.3700000047683716,1.3700000047683716,1.3700000047683716,0
2020-10-16,1.3700000047683716,1.3700000047683716,1.3700000047683716,1.3700000047683716,1.3700000047683716,0
2020-10-19,1.3700000047683716,1.3700000047683716,1.3700000047683716,1.3700000047683716,1.3700000047683716,0
2020-10-20,1.3700000047683716,1.3700000047683716,1.3700000047683716,1.3700000047683716,1.3700000047683716,0
2020-10-21,1.3700000047683716,1.3700000047683716,1.3700000047683716,1.3700000047683716,1.3700000047683716,0
2020-10-22,1.3700000047683716,1.3700000047683716,1.3700000047683716,1.3700000047683716,1.3700000047683716,0
2020-10-23,1.3700000047683716,1.3700000047683716,1.3700000047683716,1.3700000047683716,1.3700000047683716,0
2020-10-27,1.3700000047683716,1.3700000047683716,1.3700000047683716,1.3700000047683716,1.3700000047683716,0
2020-10-28,1.3700000047683716,1.3700000047683716,1.3700000047683716,1.3700000047683716,1.3700000047683716,0
2020-10-29,1.3700000047683716,1.3700000047683716,1.3700000047683716,1.3700000047683716,1.3700000047683716,0
2020-10-30,1.3700000047683716,1.3700000047683716,1.3700000047683716,1.3700000047683716,1.3700000047683716,0
2020-11-02,1.3700000047683716,1.3700000047683716,1.3700000047683716,1.3700000047683716,1.3700000047683716,0
2020-11-03,1.3700000047683716,1.3700000047683716,1.3700000047683716,1.3700000047683716,1.3700000047683716,0
2020-11-04,1.3700000047683716,1.3700000047683716,1.3700000047683716,1.3700000047683716,1.3700000047683716,0
2020-11-05,1.3700000047683716,1.3700000047683716,1.3700000047683716,1.3700000047683716,1.3700000047683716,0
2020-11-06,1.3700000047683716,1.3700000047683716,1.3700000047683716,1.3700000047683716,1.3700000047683716,0
2020-11-09,1.3700000047683716,1.3700000047683716,1.3700000047683716,1.3700000047683716,1.3700000047683716,0
2020-11-10,1.3700000047683716,1.3700000047683716,1.3700000047683716,1.3700000047683716,1.3700000047683716,0
2020-11-11,1.3700000047683716,1.3700000047683716,1.3700000047683716,1.3700000047683716,1.3700000047683716,0
2020-11-12,1.3700000047683716,1.3700000047683716,1.3700000047683716,1.3700000047683716,1.3700000047683716,0
2020-11-13,1.3700000047683716,1.3700000047683716,1.3700000047683716,1.3700000047683716,1.3700000047683716,0
2020-11-16,1.3700000047683716,1.3700000047683716,1.3700000047683716,1.3700000047683716,1.3700000047683716,0
2020-11-17,1.3700000047683716,1.3700000047683716,1.3700000047683716,1.3700000047683716,1.3700000047683716,0
2020-11-18,1.3700000047683716,1.3700000047683716,1.3700000047683716,1.3700000047683716,1.3700000047683716,0
2020-11-19,1.3700000047683716,1.3700000047683716,1.3700000047683716,1.3700000047683716,1.3700000047683716,0
2020-11-20,1.3700000047683716,1.3700000047683716,1.3700000047683716,1.3700000047683716,1.3700000047683716,0
2020-11-23,1.3700000047683716,1.3700000047683716,1.3700000047683716,1.3700000047683716,1.3700000047683716,0
2020-11-24,1.3700000047683716,1.3700000047683716,1.3700000047683716,1.3700000047683716,1.3700000047683716,0
2020-11-25,1.3700000047683716,1.3700000047683716,1.3700000047683716,1.3700000047683716,1.3700000047683716,0
2020-11-26,1.3700000047683716,1.3700000047683716,1.3700000047683716,1.3700000047683716,1.3700000047683716,0
2020-11-27,1.3700000047683716,1.3700000047683716,1.3700000047683716,1.3700000047683716,1.3700000047683716,0
2020-11-30,1.3700000047683716,1.3700000047683716,1.3700000047683716,1.3700000047683716,1.3700000047683716,0
2020-12-01,1.3700000047683716,1.3700000047683716,1.3700000047683716,1.3700000047683716,1.3700000047683716,0
2020-12-02,1.3700000047683716,1.3700000047683716,1.3700000047683716,1.3700000047683716,1.3700000047683716,0
2020-12-03,1.3700000047683716,1.3700000047683716,1.3700000047683716,1.3700000047683716,1.3700000047683716,0
2020-12-04,1.3700000047683716,1.3700000047683716,1.3700000047683716,1.3700000047683716,1.3700000047683716,0
2020-12-07,1.3700000047683716,1.3700000047683716,1.3700000047683716,1.3700000047683716,1.3700000047683716,0
2020-12-08,1.3700000047683716,1.3700000047683716,1.3700000047683716,1.3700000047683716,1.3700000047683716,0
2020-12-09,1.3700000047683716,1.3700000047683716,1.3700000047683716,1.3700000047683716,1.3700000047683716,0
2020-12-10,1.3700000047683716,1.3700000047683716,1.3700000047683716,1.3700000047683716,1.3700000047683716,0
2020-12-11,1.3700000047683716,1.3700000047683716,1.3700000047683716,1.3700000047683716,1.3700000047683716,0
2020-12-14,1.3700000047683716,1.3700000047683716,1.3700000047683716,1.3700000047683716,1.3700000047683716,0
2020-12-15,1.3700000047683716,1.3700000047683716,1.3700000047683716,1.3700000047683716,1.3700000047683716,0
2020-12-16,1.3700000047683716,1.3700000047683716,1.3700000047683716,1.3700000047683716,1.3700000047683716,0
2020-12-17,1.3700000047683716,1.3700000047683716,1.3700000047683716,1.3700000047683716,1.3700000047683716,0
2020-12-18,1.3700000047683716,1.3700000047683716,1.3700000047683716,1.3700000047683716,1.3700000047683716,0
2020-12-21,1.3700000047683716,1.3700000047683716,1.3700000047683716,1.3700000047683716,1.3700000047683716,0
2020-12-22,1.3700000047683716,1.3700000047683716,1.3700000047683716,1.3700000047683716,1.3700000047683716,0
2020-12-23,1.3700000047683716,1.3700000047683716,1.3700000047683716,1.3700000047683716,1.3700000047683716,0
2020-12-24,1.3700000047683716,1.3700000047683716,1.3700000047683716,1.3700000047683716,1.3700000047683716,0
2020-12-28,1.3700000047683716,1.3700000047683716,1.3700000047683716,1.3700000047683716,1.3700000047683716,0
2020-12-29,1.3700000047683716,1.3700000047683716,1.3700000047683716,1.3700000047683716,1.3700000047683716,0
2020-12-30,1.3700000047683716,1.3700000047683716,1.3700000047683716,1.3700000047683716,1.3700000047683716,0
2020-12-31,1.3700000047683716,1.3700000047683716,1.3700000047683716,1.3700000047683716,1.3700000047683716,0
2021-01-04,1.3700000047683716,1.3700000047683716,1.3700000047683716,1.3700000047683716,1.3700000047683716,0
2021-01-05,1.3700000047683716,1.3700000047683716,1.3700000047683716,1.3700000047683716,1.3700000047683716,0
2021-01-06,1.3700000047683716,1.3700000047683716,1.3700000047683716,1.3700000047683716,1.3700000047683716,0
2021-01-07,1.3700000047683716,1.3700000047683716,1.3700000047683716,1.3700000047683716,1.3700000047683716,0
2021-01-08,1.3700000047683716,1.3700000047683716,1.3700000047683716,1.3700000047683716,1.3700000047683716,0
2021-01-11,1.3700000047683716,1.3700000047683716,1.3700000047683716,1.3700000047683716,1.3700000047683716,0
2021-01-12,1.3700000047683716,1.3700000047683716,1.3700000047683716,1.3700000047683716,1.3700000047683716,0
2021-01-13,1.3700000047683716,1.3700000047683716,1.3700000047683716,1.3700000047683716,1.3700000047683716,0
2021-01-14,1.3700000047683716,1.3700000047683716,1.3700000047683716,1.3700000047683716,1.3700000047683716,0
2021-01-15,1.3700000047683716,1.3700000047683716,1.3700000047683716,1.3700000047683716,1.3700000047683716,0
2021-01-18,1.3700000047683716,1.3700000047683716,1.3700000047683716,1.3700000047683716,1.3700000047683716,0
2021-01-19,1.3700000047683716,1.3700000047683716,1.3700000047683716,1.3700000047683716,1.3700000047683716,0
2021-01-20,1.3700000047683716,1.3700000047683716,1.3700000047683716,1.3700000047683716,1.3700000047683716,0
2021-01-21,1.3700000047683716,1.3700000047683716,1.3700000047683716,1.3700000047683716,1.3700000047683716,0
2021-01-22,1.3700000047683716,1.3700000047683716,1.3700000047683716,1.3700000047683716,1.3700000047683716,0
2021-01-25,1.3700000047683716,1.3700000047683716,1.3700000047683716,1.3700000047683716,1.3700000047683716,0
2021-01-26,1.3700000047683716,1.3700000047683716,1.3700000047683716,1.3700000047683716,1.3700000047683716,0
2021-01-27,1.3700000047683716,1.3700000047683716,1.3700000047683716,1.3700000047683716,1.3700000047683716,0
2021-01-28,1.3700000047683716,1.3700000047683716,1.3700000047683716,1.3700000047683716,1.3700000047683716,0
2021-01-29,1.3700000047683716,1.3700000047683716,1.3700000047683716,1.3700000047683716,1.3700000047683716,0
2021-02-01,1.3700000047683716,1.3700000047683716,1.3700000047683716,1.3700000047683716,1.3700000047683716,0
2021-02-02,1.3700000047683716,1.3700000047683716,1.3700000047683716,1.3700000047683716,1.3700000047683716,0
2021-02-03,1.3700000047683716,1.3700000047683716,1.3700000047683716,1.3700000047683716,1.3700000047683716,0
2021-02-04,1.3700000047683716,1.3700000047683716,1.3700000047683716,1.3700000047683716,1.3700000047683716,0
2021-02-05,1.3700000047683716,1.3700000047683716,1.3700000047683716,1.3700000047683716,1.3700000047683716,0
2021-02-08,1.3700000047683716,1.3700000047683716,1.3700000047683716,1.3700000047683716,1.3700000047683716,0
2021-02-09,1.3700000047683716,1.3700000047683716,1.3700000047683716,1.3700000047683716,1.3700000047683716,0
2021-02-10,1.3700000047683716,1.3700000047683716,1.3700000047683716,1.3700000047683716,1.3700000047683716,0
2021-02-11,1.3700000047683716,1.3700000047683716,1.3700000047683716,1.3700000047683716,1.3700000047683716,0
2021-02-16,1.3700000047683716,1.3700000047683716,1.3700000047683716,1.3700000047683716,1.3700000047683716,0
2021-02-17,1.3700000047683716,1.3700000047683716,1.3700000047683716,1.3700000047683716,1.3700000047683716,0
2021-02-18,1.3700000047683716,1.3700000047683716,1.3700000047683716,1.3700000047683716,1.3700000047683716,0
2021-02-19,1.3700000047683716,1.3700000047683716,1.3700000047683716,1.3700000047683716,1.3700000047683716,0
2021-02-22,1.3700000047683716,1.3700000047683716,1.3700000047683716,1.3700000047683716,1.3700000047683716,0
2021-02-23,1.3700000047683716,1.3700000047683716,1.3700000047683716,1.3700000047683716,1.3700000047683716,0
2021-02-24,1.3700000047683716,1.3700000047683716,1.3700000047683716,1.3700000047683716,1.3700000047683716,0
2021-02-25,1.3700000047683716,1.3700000047683716,1.3700000047683716,1.3700000047683716,1.3700000047683716,0
2021-02-26,1.3700000047683716,1.3700000047683716,1.3700000047683716,1.3700000047683716,1.3700000047683716,0
2021-03-01,1.3700000047683716,1.3700000047683716,1.3700000047683716,1.3700000047683716,1.3700000047683716,0
2021-03-02,1.3700000047683716,1.3700000047683716,1.3700000047683716,1.3700000047683716,1.3700000047683716,0
2021-03-03,1.3700000047683716,1.3700000047683716,1.3700000047683716,1.3700000047683716,1.3700000047683716,0
2021-03-04,1.3700000047683716,1.3700000047683716,1.3700000047683716,1.3700000047683716,1.3700000047683716,0
2021-03-05,1.3700000047683716,1.3700000047683716,1.3700000047683716,1.3700000047683716,1.3700000047683716,0
2021-03-08,1.3700000047683716,1.3700000047683716,1.3700000047683716,1.3700000047683716,1.3700000047683716,0
2021-03-09,1.3700000047683716,1.3700000047683716,1.3700000047683716,1.3700000047683716,1.3700000047683716,0
2021-03-10,1.3700000047683716,1.3700000047683716,1.3700000047683716,1.3700000047683716,1.3700000047683716,0
2021-03-11,1.3700000047683716,1.3700000047683716,1.3700000047683716,1.3700000047683716,1.3700000047683716,0
2021-03-12,1.3700000047683716,1.3700000047683716,1.3700000047683716,1.3700000047683716,1.3700000047683716,0
2021-03-15,1.3700000047683716,1.3700000047683716,1.3700000047683716,1.3700000047683716,1.3700000047683716,0
2021-03-16,1.3700000047683716,1.3700000047683716,1.3700000047683716,1.3700000047683716,1.3700000047683716,0
2021-03-17,1.3700000047683716,1.3700000047683716,1.3700000047683716,1.3700000047683716,1.3700000047683716,0
2021-03-18,1.3700000047683716,1.3700000047683716,1.3700000047683716,1.3700000047683716,1.3700000047683716,0
2021-03-19,1.3700000047683716,1.3700000047683716,1.3700000047683716,1.3700000047683716,1.3700000047683716,0
2021-03-22,1.3700000047683716,1.3700000047683716,1.3700000047683716,1.3700000047683716,1.3700000047683716,0
2021-03-23,1.3700000047683716,1.3700000047683716,1.3700000047683716,1.3700000047683716,1.3700000047683716,0
2021-03-24,1.3700000047683716,1.3700000047683716,1.3700000047683716,1.3700000047683716,1.3700000047683716,0
2021-03-25,1.3700000047683716,1.3700000047683716,1.3700000047683716,1.3700000047683716,1.3700000047683716,0
2021-03-26,1.3700000047683716,1.3700000047683716,1.3700000047683716,1.3700000047683716,1.3700000047683716,0
2021-03-29,1.3700000047683716,1.3700000047683716,1.3700000047683716,1.3700000047683716,1.3700000047683716,0
2021-03-30,1.3700000047683716,1.3700000047683716,1.3700000047683716,1.3700000047683716,1.3700000047683716,0
2021-03-31,1.3700000047683716,1.3700000047683716,1.3700000047683716,1.3700000047683716,1.3700000047683716,0
2021-04-01,1.3700000047683716,1.3700000047683716,1.3700000047683716,1.3700000047683716,1.3700000047683716,0
2021-04-07,1.3700000047683716,1.3700000047683716,1.3700000047683716,1.3700000047683716,1.3700000047683716,0
2021-04-08,1.3700000047683716,1.3700000047683716,1.3700000047683716,1.3700000047683716,1.3700000047683716,0
2021-04-09,1.3700000047683716,1.3700000047683716,1.3700000047683716,1.3700000047683716,1.3700000047683716,0
2021-04-12,1.3700000047683716,1.3700000047683716,1.3700000047683716,1.3700000047683716,1.3700000047683716,0
2021-04-13,1.3700000047683716,1.3700000047683716,1.3700000047683716,1.3700000047683716,1.3700000047683716,0
2021-04-14,1.3700000047683716,1.3700000047683716,1.3700000047683716,1.3700000047683716,1.3700000047683716,0
2021-04-15,1.3700000047683716,1.3700000047683716,1.3700000047683716,1.3700000047683716,1.3700000047683716,0
2021-04-16,1.3700000047683716,1.3700000047683716,1.3700000047683716,1.3700000047683716,1.3700000047683716,0
2021-04-19,1.3700000047683716,1.3700000047683716,1.3700000047683716,1.3700000047683716,1.3700000047683716,0
2021-04-20,1.3700000047683716,1.3700000047683716,1.3700000047683716,1.3700000047683716,1.3700000047683716,0
2021-04-21,1.3700000047683716,1.3700000047683716,1.3700000047683716,1.3700000047683716,1.3700000047683716,0
2021-04-22,1.3700000047683716,1.3700000047683716,1.3700000047683716,1.3700000047683716,1.3700000047683716,0
2021-04-23,1.3700000047683716,1.3700000047683716,1.3700000047683716,1.3700000047683716,1.3700000047683716,0
2021-04-26,1.3700000047683716,1.3700000047683716,1.3700000047683716,1.3700000047683716,1.3700000047683716,0
2021-04-27,1.3700000047683716,1.3700000047683716,1.3700000047683716,1.3700000047683716,1.3700000047683716,0
2021-04-28,1.3700000047683716,1.3700000047683716,1.3700000047683716,1.3700000047683716,1.3700000047683716,0
2021-04-29,1.3700000047683716,1.3700000047683716,1.3700000047683716,1.3700000047683716,1.3700000047683716,0
2021-04-30,1.3700000047683716,1.3700000047683716,1.3700000047683716,1.3700000047683716,1.3700000047683716,0
2021-05-03,1.3700000047683716,1.3700000047683716,1.3700000047683716,1.3700000047683716,1.3700000047683716,0
2021-05-04,1.3700000047683716,1.3700000047683716,1.3700000047683716,1.3700000047683716,1.3700000047683716,0
2021-05-05,1.3700000047683716,1.3700000047683716,1.3700000047683716,1.3700000047683716,1.3700000047683716,0
2021-05-06,1.3700000047683716,1.3700000047683716,1.3700000047683716,1.3700000047683716,1.3700000047683716,0
2021-05-07,1.3700000047683716,1.3700000047683716,1.3700000047683716,1.3700000047683716,1.3700000047683716,0
2021-05-10,1.3700000047683716,1.3700000047683716,1.3700000047683716,1.3700000047683716,1.3700000047683716,0
2021-05-11,1.3700000047683716,1.3700000047683716,1.3700000047683716,1.3700000047683716,1.3700000047683716,0
2021-05-12,1.3700000047683716,1.3700000047683716,1.3700000047683716,1.3700000047683716,1.3700000047683716,0
2021-05-13,1.3700000047683716,1.3700000047683716,1.3700000047683716,1.3700000047683716,1.3700000047683716,0
2021-05-14,1.3700000047683716,1.3700000047683716,1.3700000047683716,1.3700000047683716,1.3700000047683716,0
2021-05-17,1.3700000047683716,1.3700000047683716,1.3700000047683716,1.3700000047683716,1.3700000047683716,0
2021-05-18,1.3700000047683716,1.3700000047683716,1.3700000047683716,1.3700000047683716,1.3700000047683716,0
2021-05-20,1.3700000047683716,1.3700000047683716,1.3700000047683716,1.3700000047683716,1.3700000047683716,0
2021-05-21,1.3700000047683716,1.3700000047683716,1.3700000047683716,1.3700000047683716,1.3700000047683716,0
2021-05-24,1.3700000047683716,1.3700000047683716,1.3700000047683716,1.3700000047683716,1.3700000047683716,0
2021-05-25,1.3700000047683716,1.3700000047683716,1.3700000047683716,1.3700000047683716,1.3700000047683716,0
2021-05-26,1.3700000047683716,1.3700000047683716,1.3700000047683716,1.3700000047683716,1.3700000047683716,0
2021-05-27,1.3700000047683716,1.3700000047683716,1.3700000047683716,1.3700000047683716,1.3700000047683716,0
2021-05-28,1.3700000047683716,1.3700000047683716,1.3700000047683716,1.3700000047683716,1.3700000047683716,0
2021-05-31,1.3700000047683716,1.3700000047683716,1.3700000047683716,1.3700000047683716,1.3700000047683716,0
2021-06-01,1.3700000047683716,1.3700000047683716,1.3700000047683716,1.3700000047683716,1.3700000047683716,0
2021-06-02,1.3700000047683716,1.3700000047683716,1.3700000047683716,1.3700000047683716,1.3700000047683716,0
2021-06-03,1.3700000047683716,1.3700000047683716,1.3700000047683716,1.3700000047683716,1.3700000047683716,0
2021-06-04,1.3700000047683716,1.3700000047683716,1.3700000047683716,1.3700000047683716,1.3700000047683716,0
2021-06-07,1.3700000047683716,1.3700000047683716,1.3700000047683716,1.3700000047683716,1.3700000047683716,0
2021-06-08,1.3700000047683716,1.3700000047683716,1.3700000047683716,1.3700000047683716,1.3700000047683716,0
2021-06-09,1.3700000047683716,1.3700000047683716,1.3700000047683716,1.3700000047683716,1.3700000047683716,0
2021-06-10,1.3700000047683716,1.3700000047683716,1.3700000047683716,1.3700000047683716,1.3700000047683716,0
2021-06-11,1.3700000047683716,1.3700000047683716,1.3700000047683716,1.3700000047683716,1.3700000047683716,0
2021-06-15,1.3700000047683716,1.3700000047683716,1.3700000047683716,1.3700000047683716,1.3700000047683716,0
2021-06-16,1.3700000047683716,1.3700000047683716,1.3700000047683716,1.3700000047683716,1.3700000047683716,0
2021-06-17,1.3700000047683716,1.3700000047683716,1.3700000047683716,1.3700000047683716,1.3700000047683716,0
2021-06-18,1.3700000047683716,1.3700000047683716,1.3700000047683716,1.3700000047683716,1.3700000047683716,0
2021-06-21,1.3700000047683716,1.3700000047683716,1.3700000047683716,1.3700000047683716,1.3700000047683716,0
2021-06-22,1.3700000047683716,1.3700000047683716,1.3700000047683716,1.3700000047683716,1.3700000047683716,0
2021-06-23,1.3700000047683716,1.3700000047683716,1.3700000047683716,1.3700000047683716,1.3700000047683716,0
2021-06-24,1.3700000047683716,1.3700000047683716,1.3700000047683716,1.3700000047683716,1.3700000047683716,0
2021-06-25,1.3700000047683716,1.3700000047683716,1.3700000047683716,1.3700000047683716,1.3700000047683716,0
2021-06-28,1.3700000047683716,1.3700000047683716,1.3700000047683716,1.3700000047683716,1.3700000047683716,0
2021-06-29,1.3700000047683716,1.3700000047683716,1.3700000047683716,1.3700000047683716,1.3700000047683716,0
2021-06-30,1.3700000047683716,1.3700000047683716,1.3700000047683716,1.3700000047683716,1.3700000047683716,0
2021-07-02,1.3700000047683716,1.3700000047683716,1.3700000047683716,1.3700000047683716,1.3700000047683716,0
2021-07-05,1.3700000047683716,1.3700000047683716,1.3700000047683716,1.3700000047683716,1.3700000047683716,0
2021-07-06,1.3700000047683716,1.3700000047683716,1.3700000047683716,1.3700000047683716,1.3700000047683716,0
2021-07-07,1.3700000047683716,1.3700000047683716,1.3700000047683716,1.3700000047683716,1.3700000047683716,0
2021-07-08,1.3700000047683716,1.3700000047683716,1.3700000047683716,1.3700000047683716,1.3700000047683716,0
2021-07-09,1.3700000047683716,1.3700000047683716,1.3700000047683716,1.3700000047683716,1.3700000047683716,0
2021-07-12,1.3700000047683716,1.3700000047683716,1.3700000047683716,1.3700000047683716,1.3700000047683716,0
2021-07-13,1.3700000047683716,1.3700000047683716,1.3700000047683716,1.3700000047683716,1.3700000047683716,0
2021-07-14,1.3700000047683716,1.3700000047683716,1.3700000047683716,1.3700000047683716,1.3700000047683716,0
2021-07-15,1.3700000047683716,1.3700000047683716,1.3700000047683716,1.3700000047683716,1.3700000047683716,0
2021-07-16,1.3700000047683716,1.3700000047683716,1.3700000047683716,1.3700000047683716,1.3700000047683716,0
2021-07-19,1.3700000047683716,1.3700000047683716,1.3700000047683716,1.3700000047683716,1.3700000047683716,0
2021-07-20,1.3700000047683716,1.3700000047683716,1.3700000047683716,1.3700000047683716,1.3700000047683716,0
2021-07-21,1.3700000047683716,1.3700000047683716,1.3700000047683716,1.3700000047683716,1.3700000047683716,0
2021-07-22,1.3700000047683716,1.3700000047683716,1.3700000047683716,1.3700000047683716,1.3700000047683716,0
2021-07-23,1.3700000047683716,1.3700000047683716,1.3700000047683716,1.3700000047683716,1.3700000047683716,0
2021-07-26,1.3700000047683716,1.3700000047683716,1.3700000047683716,1.3700000047683716,1.3700000047683716,0
2021-07-27,1.3700000047683716,1.3700000047683716,1.3700000047683716,1.3700000047683716,1.3700000047683716,0
2021-07-28,1.3700000047683716,1.3700000047683716,1.3700000047683716,1.3700000047683716,1.3700000047683716,0
2021-07-29,1.3700000047683716,1.3700000047683716,1.3700000047683716,1.3700000047683716,1.3700000047683716,0
2021-07-30,1.3700000047683716,1.3700000047683716,1.3700000047683716,1.3700000047683716,1.3700000047683716,0
2021-08-02,1.3700000047683716,1.3700000047683716,1.3700000047683716,1.3700000047683716,1.3700000047683716,0
2021-08-03,1.3700000047683716,1.3700000047683716,1.3700000047683716,1.3700000047683716,1.3700000047683716,0
2021-08-04,1.3700000047683716,1.3700000047683716,1.3700000047683716,1.3700000047683716,1.3700000047683716,0
2021-08-05,1.3700000047683716,1.3700000047683716,1.3700000047683716,1.3700000047683716,1.3700000047683716,0
2021-08-06,1.3700000047683716,1.3700000047683716,1.3700000047683716,1.3700000047683716,1.3700000047683716,0
2021-08-09,1.3700000047683716,1.3700000047683716,1.3700000047683716,1.3700000047683716,1.3700000047683716,0
2021-08-10,1.3700000047683716,1.3700000047683716,1.3700000047683716,1.3700000047683716,1.3700000047683716,0
2021-08-11,1.3700000047683716,1.3700000047683716,1.3700000047683716,1.3700000047683716,1.3700000047683716,0
2021-08-12,1.3700000047683716,1.3700000047683716,1.3700000047683716,1.3700000047683716,1.3700000047683716,0
2021-08-13,1.3700000047683716,1.3700000047683716,1.3700000047683716,1.3700000047683716,1.3700000047683716,0
2021-08-16,1.3700000047683716,1.3700000047683716,1.3700000047683716,1.3700000047683716,1.3700000047683716,0
2021-08-17,1.3700000047683716,1.3700000047683716,1.3700000047683716,1.3700000047683716,1.3700000047683716,0
2021-08-18,1.3700000047683716,1.3700000047683716,1.3700000047683716,1.3700000047683716,1.3700000047683716,0
2021-08-19,1.3700000047683716,1.3700000047683716,1.3700000047683716,1.3700000047683716,1.3700000047683716,0
2021-08-20,1.3700000047683716,1.3700000047683716,1.3700000047683716,1.3700000047683716,1.3700000047683716,0
2021-08-23,1.3700000047683716,1.3700000047683716,1.3700000047683716,1.3700000047683716,1.3700000047683716,0
2021-08-24,1.3700000047683716,1.3700000047683716,1.3700000047683716,1.3700000047683716,1.3700000047683716,0
2021-08-25,1.3700000047683716,1.3700000047683716,1.3700000047683716,1.3700000047683716,1.3700000047683716,0
2021-08-26,1.3700000047683716,1.3700000047683716,1.3700000047683716,1.3700000047683716,1.3700000047683716,0
2021-08-27,1.3700000047683716,1.3700000047683716,1.3700000047683716,1.3700000047683716,1.3700000047683716,0
2021-08-30,1.3700000047683716,1.3700000047683716,1.3700000047683716,1.3700000047683716,1.3700000047683716,0
2021-08-31,1.3700000047683716,1.3700000047683716,1.3700000047683716,1.3700000047683716,1.3700000047683716,0
2021-09-01,1.3700000047683716,1.3700000047683716,1.3700000047683716,1.3700000047683716,1.3700000047683716,0
2021-09-02,1.3700000047683716,1.3700000047683716,1.3700000047683716,1.3700000047683716,1.3700000047683716,0
2021-09-03,1.3700000047683716,1.3700000047683716,1.3700000047683716,1.3700000047683716,1.3700000047683716,0
2021-09-06,1.3700000047683716,1.3700000047683716,1.3700000047683716,1.3700000047683716,1.3700000047683716,0
2021-09-07,1.3700000047683716,1.3700000047683716,1.3700000047683716,1.3700000047683716,1.3700000047683716,0
2021-09-08,1.3700000047683716,1.3700000047683716,1.3700000047683716,1.3700000047683716,1.3700000047683716,0
2021-09-09,1.3700000047683716,1.3700000047683716,1.3700000047683716,1.3700000047683716,1.3700000047683716,0
2021-09-10,1.3700000047683716,1.3700000047683716,1.3700000047683716,1.3700000047683716,1.3700000047683716,0
2021-09-13,1.3700000047683716,1.3700000047683716,1.3700000047683716,1.3700000047683716,1.3700000047683716,0
2021-09-14,1.3700000047683716,1.3700000047683716,1.3700000047683716,1.3700000047683716,1.3700000047683716,0
2021-09-15,1.3700000047683716,1.3700000047683716,1.3700000047683716,1.3700000047683716,1.3700000047683716,0
2021-09-16,1.3700000047683716,1.3700000047683716,1.3700000047683716,1.3700000047683716,1.3700000047683716,0
2021-09-17,1.3700000047683716,1.3700000047683716,1.3700000047683716,1.3700000047683716,1.3700000047683716,0
2021-09-20,1.3700000047683716,1.3700000047683716,1.3700000047683716,1.3700000047683716,1.3700000047683716,0
2021-09-21,1.3700000047683716,1.3700000047683716,1.3700000047683716,1.3700000047683716,1.3700000047683716,0
2021-09-23,1.3700000047683716,1.3700000047683716,1.3700000047683716,1.3700000047683716,1.3700000047683716,0
2021-09-24,1.3700000047683716,1.3700000047683716,1.3700000047683716,1.3700000047683716,1.3700000047683716,0
2021-09-27,1.3700000047683716,1.3700000047683716,1.3700000047683716,1.3700000047683716,1.3700000047683716,0
2021-09-28,1.3700000047683716,1.3700000047683716,1.3700000047683716,1.3700000047683716,1.3700000047683716,0
2021-09-29,1.3700000047683716,1.3700000047683716,1.3700000047683716,1.3700000047683716,1.3700000047683716,0
2021-09-30,1.3700000047683716,1.3700000047683716,1.3700000047683716,1.3700000047683716,1.3700000047683716,0
2021-10-04,1.3700000047683716,1.3700000047683716,1.3700000047683716,1.3700000047683716,1.3700000047683716,0
2021-10-05,1.3700000047683716,1.3700000047683716,1.3700000047683716,1.3700000047683716,1.3700000047683716,0
2021-10-06,1.3700000047683716,1.3700000047683716,1.3700000047683716,1.3700000047683716,1.3700000047683716,0
2021-10-07,1.3700000047683716,1.3700000047683716,1.3700000047683716,1.3700000047683716,1.3700000047683716,0
2021-10-08,1.3700000047683716,1.3700000047683716,1.3700000047683716,1.3700000047683716,1.3700000047683716,0
2021-10-11,1.3700000047683716,1.3700000047683716,1.3700000047683716,1.3700000047683716,1.3700000047683716,0
2021-10-12,1.3700000047683716,1.3700000047683716,1.3700000047683716,1.3700000047683716,1.3700000047683716,0
2021-10-15,1.3700000047683716,1.3700000047683716,1.3700000047683716,1.3700000047683716,1.3700000047683716,0
2021-10-18,1.3700000047683716,1.3700000047683716,1.3700000047683716,1.3700000047683716,1.3700000047683716,0
2021-10-19,1.3700000047683716,1.3700000047683716,1.3700000047683716,1.3700000047683716,1.3700000047683716,0
2021-10-20,1.3700000047683716,1.3700000047683716,1.3700000047683716,1.3700000047683716,1.3700000047683716,0
2021-10-21,1.3700000047683716,1.3700000047683716,1.3700000047683716,1.3700000047683716,1.3700000047683716,0
2021-10-22,1.3700000047683716,1.3700000047683716,1.3700000047683716,1.3700000047683716,1.3700000047683716,0
2021-10-25,1.3700000047683716,1.3700000047683716,1.3700000047683716,1.3700000047683716,1.3700000047683716,0
2021-10-26,1.3700000047683716,1.3700000047683716,1.3700000047683716,1.3700000047683716,1.3700000047683716,0
2021-10-27,1.3700000047683716,1.3700000047683716,1.3700000047683716,1.3700000047683716,1.3700000047683716,0
2021-10-28,1.3700000047683716,1.3700000047683716,1.3700000047683716,1.3700000047683716,1.3700000047683716,0
2021-10-29,1.3700000047683716,1.3700000047683716,1.3700000047683716,1.3700000047683716,1.3700000047683716,0
2021-11-01,1.3700000047683716,1.3700000047683716,1.3700000047683716,1.3700000047683716,1.3700000047683716,0
2021-11-02,1.3700000047683716,1.3700000047683716,1.3700000047683716,1.3700000047683716,1.3700000047683716,0
2021-11-03,1.3700000047683716,1.3700000047683716,1.3700000047683716,1.3700000047683716,1.3700000047683716,0
2021-11-04,1.3700000047683716,1.3700000047683716,1.3700000047683716,1.3700000047683716,1.3700000047683716,0
2021-11-05,1.3700000047683716,1.3700000047683716,1.3700000047683716,1.3700000047683716,1.3700000047683716,0
2021-11-08,1.3700000047683716,1.3700000047683716,1.3700000047683716,1.3700000047683716,1.3700000047683716,0
2021-11-09,1.3700000047683716,1.3700000047683716,1.3700000047683716,1.3700000047683716,1.3700000047683716,0
2021-11-10,1.3700000047683716,1.3700000047683716,1.3700000047683716,1.3700000047683716,1.3700000047683716,0
2021-11-11,1.3700000047683716,1.3700000047683716,1.3700000047683716,1.3700000047683716,1.3700000047683716,0
2021-11-12,1.3700000047683716,1.3700000047683716,1.3700000047683716,1.3700000047683716,1.3700000047683716,0
2021-11-15,1.3700000047683716,1.3700000047683716,1.3700000047683716,1.3700000047683716,1.3700000047683716,0
2021-11-16,1.3700000047683716,1.3700000047683716,1.3700000047683716,1.3700000047683716,1.3700000047683716,0
2021-11-17,1.3700000047683716,1.3700000047683716,1.3700000047683716,1.3700000047683716,1.3700000047683716,0
2021-11-18,1.3700000047683716,1.3700000047683716,1.3700000047683716,1.3700000047683716,1.3700000047683716,0
2021-11-19,1.3700000047683716,1.3700000047683716,1.3700000047683716,1.3700000047683716,1.3700000047683716,0
2021-11-22,1.3700000047683716,1.3700000047683716,1.3700000047683716,1.3700000047683716,1.3700000047683716,0
2021-11-23,1.3700000047683716,1.3700000047683716,1.3700000047683716,1.3700000047683716,1.3700000047683716,0
2021-11-24,1.3700000047683716,1.3700000047683716,1.3700000047683716,1.3700000047683716,1.3700000047683716,0
2021-11-25,1.3700000047683716,1.3700000047683716,1.3700000047683716,1.3700000047683716,1.3700000047683716,0
2021-11-26,1.3700000047683716,1.3700000047683716,1.3700000047683716,1.3700000047683716,1.3700000047683716,0
2021-11-29,1.3700000047683716,1.3700000047683716,1.3700000047683716,1.3700000047683716,1.3700000047683716,0
2021-11-30,1.3700000047683716,1.3700000047683716,1.3700000047683716,1.3700000047683716,1.3700000047683716,0
2021-12-01,1.3700000047683716,1.3700000047683716,1.3700000047683716,1.3700000047683716,1.3700000047683716,0
2021-12-02,1.3700000047683716,1.3700000047683716,1.3700000047683716,1.3700000047683716,1.3700000047683716,0
2021-12-03,1.3700000047683716,1.3700000047683716,1.3700000047683716,1.3700000047683716,1.3700000047683716,0
2021-12-06,1.3700000047683716,1.3700000047683716,1.3700000047683716,1.3700000047683716,1.3700000047683716,0
2021-12-07,1.3700000047683716,1.3700000047683716,1.3700000047683716,1.3700000047683716,1.3700000047683716,0
2021-12-08,1.3700000047683716,1.3700000047683716,1.3700000047683716,1.3700000047683716,1.3700000047683716,0
2021-12-09,1.3700000047683716,1.3700000047683716,1.3700000047683716,1.3700000047683716,1.3700000047683716,0
2021-12-10,1.3700000047683716,1.3700000047683716,1.3700000047683716,1.3700000047683716,1.3700000047683716,0
2021-12-13,1.3700000047683716,1.3700000047683716,1.3700000047683716,1.3700000047683716,1.3700000047683716,0
2021-12-14,1.3700000047683716,1.3700000047683716,1.3700000047683716,1.3700000047683716,1.3700000047683716,0
2021-12-15,1.3700000047683716,1.3700000047683716,1.3700000047683716,1.3700000047683716,1.3700000047683716,0
2021-12-16,1.3700000047683716,1.3700000047683716,1.3700000047683716,1.3700000047683716,1.3700000047683716,0
2021-12-17,1.3700000047683716,1.3700000047683716,1.3700000047683716,1.3700000047683716,1.3700000047683716,0
2021-12-20,1.3700000047683716,1.3700000047683716,1.3700000047683716,1.3700000047683716,1.3700000047683716,0
2021-12-21,1.3700000047683716,1.3700000047683716,1.3700000047683716,1.3700000047683716,1.3700000047683716,0
2021-12-22,1.3700000047683716,1.3700000047683716,1.3700000047683716,1.3700000047683716,1.3700000047683716,0
2021-12-23,1.3700000047683716,1.3700000047683716,1.3700000047683716,1.3700000047683716,1.3700000047683716,0
2021-12-24,1.3700000047683716,1.3700000047683716,1.3700000047683716,1.3700000047683716,1.3700000047683716,0
2021-12-28,1.3700000047683716,1.3700000047683716,1.3700000047683716,1.3700000047683716,1.3700000047683716,0
2021-12-29,1.3700000047683716,1.3700000047683716,1.3700000047683716,1.3700000047683716,1.3700000047683716,0
2021-12-30,1.3700000047683716,1.3700000047683716,1.3700000047683716,1.3700000047683716,1.3700000047683716,0
2021-12-31,1.3700000047683716,1.3700000047683716,1.3700000047683716,1.3700000047683716,1.3700000047683716,0
2022-01-03,1.3700000047683716,1.3700000047683716,1.3700000047683716,1.3700000047683716,1.3700000047683716,0
2022-01-04,1.3700000047683716,1.3700000047683716,1.3700000047683716,1.3700000047683716,1.3700000047683716,0
2022-01-05,1.3700000047683716,1.3700000047683716,1.3700000047683716,1.3700000047683716,1.3700000047683716,0
2022-01-06,1.3700000047683716,1.3700000047683716,1.3700000047683716,1.3700000047683716,1.3700000047683716,0
2022-01-07,1.3700000047683716,1.3700000047683716,1.3700000047683716,1.3700000047683716,1.3700000047683716,0
2022-01-10,1.3700000047683716,1.3700000047683716,1.3700000047683716,1.3700000047683716,1.3700000047683716,0
2022-01-11,1.3700000047683716,1.3700000047683716,1.3700000047683716,1.3700000047683716,1.3700000047683716,0
2022-01-12,1.3700000047683716,1.3700000047683716,1.3700000047683716,1.3700000047683716,1.3700000047683716,0
2022-01-13,1.3700000047683716,1.3700000047683716,1.3700000047683716,1.3700000047683716,1.3700000047683716,0
2022-01-14,1.3700000047683716,1.3700000047683716,1.3700000047683716,1.3700000047683716,1.3700000047683716,0
2022-01-17,1.3700000047683716,1.3700000047683716,1.3700000047683716,1.3700000047683716,1.3700000047683716,0
2022-01-18,1.3700000047683716,1.3700000047683716,1.3700000047683716,1.3700000047683716,1.3700000047683716,0
2022-01-19,1.3700000047683716,1.3700000047683716,1.3700000047683716,1.3700000047683716,1.3700000047683716,0
2022-01-20,1.3700000047683716,1.3700000047683716,1.3700000047683716,1.3700000047683716,1.3700000047683716,0
2022-01-21,1.3700000047683716,1.3700000047683716,1.3700000047683716,1.3700000047683716,1.3700000047683716,0
2022-01-24,1.3700000047683716,1.3700000047683716,1.3700000047683716,1.3700000047683716,1.3700000047683716,0
2022-01-25,1.3700000047683716,1.3700000047683716,1.3700000047683716,1.3700000047683716,1.3700000047683716,0
2022-01-26,1.3700000047683716,1.3700000047683716,1.3700000047683716,1.3700000047683716,1.3700000047683716,0
2022-01-27,1.3700000047683716,1.3700000047683716,1.3700000047683716,1.3700000047683716,1.3700000047683716,0
2022-01-28,1.3700000047683716,1.3700000047683716,1.3700000047683716,1.3700000047683716,1.3700000047683716,0
2022-01-31,1.3700000047683716,1.3700000047683716,1.3700000047683716,1.3700000047683716,1.3700000047683716,0
2022-02-04,1.3700000047683716,1.3700000047683716,1.3700000047683716,1.3700000047683716,1.3700000047683716,0
2022-02-07,1.3700000047683716,1.3700000047683716,1.3700000047683716,1.3700000047683716,1.3700000047683716,0
2022-02-08,1.3700000047683716,1.3700000047683716,1.3700000047683716,1.3700000047683716,1.3700000047683716,0
2022-02-09,1.3700000047683716,1.3700000047683716,1.3700000047683716,1.3700000047683716,1.3700000047683716,0
2022-02-10,1.3700000047683716,1.3700000047683716,1.3700000047683716,1.3700000047683716,1.3700000047683716,0
2022-02-11,1.3700000047683716,1.3700000047683716,1.3700000047683716,1.3700000047683716,1.3700000047683716,0
2022-02-14,1.3700000047683716,1.3700000047683716,1.3700000047683716,1.3700000047683716,1.3700000047683716,0
2022-02-15,1.3700000047683716,1.3700000047683716,1.3700000047683716,1.3700000047683716,1.3700000047683716,0
2022-02-16,1.3700000047683716,1.3700000047683716,1.3700000047683716,1.3700000047683716,1.3700000047683716,0
2022-02-17,1.3700000047683716,1.3700000047683716,1.3700000047683716,1.3700000047683716,1.3700000047683716,0
2022-02-18,1.3700000047683716,1.3700000047683716,1.3700000047683716,1.3700000047683716,1.3700000047683716,0
2022-02-21,1.3700000047683716,1.3700000047683716,1.3700000047683716,1.3700000047683716,1.3700000047683716,0
2022-02-22,1.3700000047683716,1.3700000047683716,1.3700000047683716,1.3700000047683716,1.3700000047683716,0
2022-02-23,1.3700000047683716,1.3700000047683716,1.3700000047683716,1.3700000047683716,1.3700000047683716,0
2022-02-24,1.3700000047683716,1.3700000047683716,1.3700000047683716,1.3700000047683716,1.3700000047683716,0
2022-02-25,1.3700000047683716,1.3700000047683716,1.3700000047683716,1.3700000047683716,1.3700000047683716,0
2022-02-28,1.3700000047683716,1.3700000047683716,1.3700000047683716,1.3700000047683716,1.3700000047683716,0
2022-03-01,1.3700000047683716,1.3700000047683716,1.3700000047683716,1.3700000047683716,1.3700000047683716,0
2022-03-02,1.3700000047683716,1.3700000047683716,1.3700000047683716,1.3700000047683716,1.3700000047683716,0
2022-03-03,1.3700000047683716,1.3700000047683716,1.3700000047683716,1.3700000047683716,1.3700000047683716,0
2022-03-04,1.3700000047683716,1.3700000047683716,1.3700000047683716,1.3700000047683716,1.3700000047683716,0
2022-03-07,1.3700000047683716,1.3700000047683716,1.3700000047683716,1.3700000047683716,1.3700000047683716,0
2022-03-08,1.3700000047683716,1.3700000047683716,1.3700000047683716,1.3700000047683716,1.3700000047683716,0
2022-03-09,1.3700000047683716,1.3700000047683716,1.3700000047683716,1.3700000047683716,1.3700000047683716,0
2022-03-10,1.3700000047683716,1.3700000047683716,1.3700000047683716,1.3700000047683716,1.3700000047683716,0
2022-03-11,1.3700000047683716,1.3700000047683716,1.3700000047683716,1.3700000047683716,1.3700000047683716,0
2022-03-14,1.3700000047683716,1.3700000047683716,1.3700000047683716,1.3700000047683716,1.3700000047683716,0
2022-03-15,1.3700000047683716,1.3700000047683716,1.3700000047683716,1.3700000047683716,1.3700000047683716,0
2022-03-16,1.3700000047683716,1.3700000047683716,1.3700000047683716,1.3700000047683716,1.3700000047683716,0
2022-03-17,1.3700000047683716,1.3700000047683716,1.3700000047683716,1.3700000047683716,1.3700000047683716,0
2022-03-18,1.3700000047683716,1.3700000047683716,1.3700000047683716,1.3700000047683716,1.3700000047683716,0
2022-03-21,1.3700000047683716,1.3700000047683716,1.3700000047683716,1.3700000047683716,1.3700000047683716,0
2022-03-22,1.3700000047683716,1.3700000047683716,1.3700000047683716,1.3700000047683716,1.3700000047683716,0
2022-03-23,1.3700000047683716,1.3700000047683716,1.3700000047683716,1.3700000047683716,1.3700000047683716,0
2022-03-24,1.3700000047683716,1.3700000047683716,1.3700000047683716,1.3700000047683716,1.3700000047683716,0
2022-03-25,1.3700000047683716,1.3700000047683716,1.3700000047683716,1.3700000047683716,1.3700000047683716,0
2022-03-28,1.3700000047683716,1.3700000047683716,1.3700000047683716,1.3700000047683716,1.3700000047683716,0
2022-03-29,1.3700000047683716,1.3700000047683716,1.3700000047683716,1.3700000047683716,1.3700000047683716,0
2022-03-30,1.3700000047683716,1.3700000047683716,1.3700000047683716,1.3700000047683716,1.3700000047683716,0
2022-03-31,1.3700000047683716,1.3700000047683716,1.3700000047683716,1.3700000047683716,1.3700000047683716,0
2022-04-01,1.3700000047683716,1.3700000047683716,1.3700000047683716,1.3700000047683716,1.3700000047683716,0
2022-04-04,1.3700000047683716,1.3700000047683716,1.3700000047683716,1.3700000047683716,1.3700000047683716,0
2022-04-06,1.3700000047683716,1.3700000047683716,1.3700000047683716,1.3700000047683716,1.3700000047683716,0
2022-04-07,1.3700000047683716,1.3700000047683716,1.3700000047683716,1.3700000047683716,1.3700000047683716,0
2022-04-08,1.3700000047683716,1.3700000047683716,1.3700000047683716,1.3700000047683716,1.3700000047683716,0
2022-04-11,1.3700000047683716,1.3700000047683716,1.3700000047683716,1.3700000047683716,1.3700000047683716,0
2022-04-12,1.3700000047683716,1.3700000047683716,1.3700000047683716,1.3700000047683716,1.3700000047683716,0
2022-04-13,1.3700000047683716,1.3700000047683716,1.3700000047683716,1.3700000047683716,1.3700000047683716,0
2022-04-14,1.3700000047683716,1.3700000047683716,1.3700000047683716,1.3700000047683716,1.3700000047683716,0
2022-04-19,1.3700000047683716,1.3700000047683716,1.3700000047683716,1.3700000047683716,1.3700000047683716,0
2022-04-20,1.3700000047683716,1.3700000047683716,1.3700000047683716,1.3700000047683716,1.3700000047683716,0
2022-04-21,1.3700000047683716,1.3700000047683716,1.3700000047683716,1.3700000047683716,1.3700000047683716,0
2022-04-22,1.3700000047683716,1.3700000047683716,1.3700000047683716,1.3700000047683716,1.3700000047683716,0
2022-04-25,1.3700000047683716,1.3700000047683716,1.3700000047683716,1.3700000047683716,1.3700000047683716,0
2022-04-26,1.3700000047683716,1.3700000047683716,1.3700000047683716,1.3700000047683716,1.3700000047683716,0
2022-04-27,1.3700000047683716,1.3700000047683716,1.3700000047683716,1.3700000047683716,1.3700000047683716,0
2022-04-28,1.3700000047683716,1.3700000047683716,1.3700000047683716,1.3700000047683716,1.3700000047683716,0
2022-04-29,1.3700000047683716,1.3700000047683716,1.3700000047683716,1.3700000047683716,1.3700000047683716,0
2022-05-03,1.3700000047683716,1.3700000047683716,1.3700000047683716,1.3700000047683716,1.3700000047683716,0
2022-05-04,1.3700000047683716,1.3700000047683716,1.3700000047683716,1.3700000047683716,1.3700000047683716,0
2022-05-05,1.3700000047683716,1.3700000047683716,1.3700000047683716,1.3700000047683716,1.3700000047683716,0
2022-05-06,1.3700000047683716,1.3700000047683716,1.3700000047683716,1.3700000047683716,1.3700000047683716,0
2022-05-10,1.3700000047683716,1.3700000047683716,1.3700000047683716,1.3700000047683716,1.3700000047683716,0
2022-05-11,1.3700000047683716,1.3700000047683716,1.3700000047683716,1.3700000047683716,1.3700000047683716,0
2022-05-12,1.3700000047683716,1.3700000047683716,1.3700000047683716,1.3700000047683716,1.3700000047683716,0
2022-05-13,1.3700000047683716,1.3700000047683716,1.3700000047683716,1.3700000047683716,1.3700000047683716,0
2022-05-16,1.3700000047683716,1.3700000047683716,1.3700000047683716,1.3700000047683716,1.3700000047683716,0
2022-05-17,1.3700000047683716,1.3700000047683716,1.3700000047683716,1.3700000047683716,1.3700000047683716,0
2022-05-18,1.3700000047683716,1.3700000047683716,1.3700000047683716,1.3700000047683716,1.3700000047683716,0
2022-05-19,1.3700000047683716,1.3700000047683716,1.3700000047683716,1.3700000047683716,1.3700000047683716,0
2022-05-20,1.3700000047683716,1.3700000047683716,1.3700000047683716,1.3700000047683716,1.3700000047683716,0
2022-05-23,1.3700000047683716,1.3700000047683716,1.3700000047683716,1.3700000047683716,1.3700000047683716,0
2022-05-24,1.3700000047683716,1.3700000047683716,1.3700000047683716,1.3700000047683716,1.3700000047683716,0
2022-05-25,1.3700000047683716,1.3700000047683716,1.3700000047683716,1.3700000047683716,1.3700000047683716,0
2022-05-26,1.3700000047683716,1.3700000047683716,1.3700000047683716,1.3700000047683716,1.3700000047683716,0
2022-05-27,1.3700000047683716,1.3700000047683716,1.3700000047683716,1.3700000047683716,1.3700000047683716,0
2022-05-30,1.3700000047683716,1.3700000047683716,1.3700000047683716,1.3700000047683716,1.3700000047683716,0
2022-05-31,1.3700000047683716,1.3700000047683716,1.3700000047683716,1.3700000047683716,1.3700000047683716,0
2022-06-01,1.3700000047683716,1.3700000047683716,1.3700000047683716,1.3700000047683716,1.3700000047683716,0
2022-06-02,1.3700000047683716,1.3700000047683716,1.3700000047683716,1.3700000047683716,1.3700000047683716,0
2022-06-06,1.3700000047683716,1.3700000047683716,1.3700000047683716,1.3700000047683716,1.3700000047683716,0
2022-06-07,1.3700000047683716,1.3700000047683716,1.3700000047683716,1.3700000047683716,1.3700000047683716,0
2022-06-08,1.3700000047683716,1.3700000047683716,1.3700000047683716,1.3700000047683716,1.3700000047683716,0
2022-06-09,1.3700000047683716,1.3700000047683716,1.3700000047683716,1.3700000047683716,1.3700000047683716,0
2022-06-10,1.3700000047683716,1.3700000047683716,1.3700000047683716,1.3700000047683716,1.3700000047683716,0
2022-06-13,1.3700000047683716,1.3700000047683716,1.3700000047683716,1.3700000047683716,1.3700000047683716,0
2022-06-14,1.3700000047683716,1.3700000047683716,1.3700000047683716,1.3700000047683716,1.3700000047683716,0
2022-06-15,1.3700000047683716,1.3700000047683716,1.3700000047683716,1.3700000047683716,1.3700000047683716,0
2022-06-16,1.3700000047683716,1.3700000047683716,1.3700000047683716,1.3700000047683716,1.3700000047683716,0
2022-06-17,1.3700000047683716,1.3700000047683716,1.3700000047683716,1.3700000047683716,1.3700000047683716,0
2022-06-20,1.3700000047683716,1.3700000047683716,1.3700000047683716,1.3700000047683716,1.3700000047683716,0
2022-06-21,1.3700000047683716,1.3700000047683716,1.3700000047683716,1.3700000047683716,1.3700000047683716,0
2022-06-22,1.3700000047683716,1.3700000047683716,1.3700000047683716,1.3700000047683716,1.3700000047683716,0
2022-06-23,1.3700000047683716,1.3700000047683716,1.3700000047683716,1.3700000047683716,1.3700000047683716,0
2022-06-24,1.3700000047683716,1.3700000047683716,1.3700000047683716,1.3700000047683716,1.3700000047683716,0
2022-06-27,1.3700000047683716,1.3700000047683716,1.3700000047683716,1.3700000047683716,1.3700000047683716,0
2022-06-28,1.3700000047683716,1.3700000047683716,1.3700000047683716,1.3700000047683716,1.3700000047683716,0
2022-06-29,1.3700000047683716,1.3700000047683716,1.3700000047683716,1.3700000047683716,1.3700000047683716,0
2022-06-30,1.3700000047683716,1.3700000047683716,1.3700000047683716,1.3700000047683716,1.3700000047683716,0
2022-07-04,1.3700000047683716,1.3700000047683716,1.3700000047683716,1.3700000047683716,1.3700000047683716,0
2022-07-05,1.3700000047683716,1.3700000047683716,1.3700000047683716,1.3700000047683716,1.3700000047683716,0
2022-07-06,1.3700000047683716,1.3700000047683716,1.3700000047683716,1.3700000047683716,1.3700000047683716,0
2022-07-07,1.3700000047683716,1.3700000047683716,1.3700000047683716,1.3700000047683716,1.3700000047683716,0
2022-07-08,1.3700000047683716,1.3700000047683716,1.3700000047683716,1.3700000047683716,1.3700000047683716,0
2022-07-11,1.3700000047683716,1.3700000047683716,1.3700000047683716,1.3700000047683716,1.3700000047683716,0
2022-07-12,1.3700000047683716,1.3700000047683716,1.3700000047683716,1.3700000047683716,1.3700000047683716,0
2022-07-13,1.3700000047683716,1.3700000047683716,1.3700000047683716,1.3700000047683716,1.3700000047683716,0
2022-07-14,1.3700000047683716,1.3700000047683716,1.3700000047683716,1.3700000047683716,1.3700000047683716,0
2022-07-15,1.3700000047683716,1.3700000047683716,1.3700000047683716,1.3700000047683716,1.3700000047683716,0
2022-07-18,1.3700000047683716,1.3700000047683716,1.3700000047683716,1.3700000047683716,1.3700000047683716,0
2022-07-19,1.3700000047683716,1.3700000047683716,1.3700000047683716,1.3700000047683716,1.3700000047683716,0
2022-07-20,1.3700000047683716,1.3700000047683716,1.3700000047683716,1.3700000047683716,1.3700000047683716,0
2022-07-21,1.3700000047683716,1.3700000047683716,1.3700000047683716,1.3700000047683716,1.3700000047683716,0
2022-07-22,1.3700000047683716,1.3700000047683716,1.3700000047683716,1.3700000047683716,1.3700000047683716,0
2022-07-25,1.3700000047683716,1.3700000047683716,1.3700000047683716,1.3700000047683716,1.3700000047683716,0
2022-07-26,1.3700000047683716,1.3700000047683716,1.3700000047683716,1.3700000047683716,1.3700000047683716,0
2022-07-27,1.3700000047683716,1.3700000047683716,1.3700000047683716,1.3700000047683716,1.3700000047683716,0
2022-07-28,1.3700000047683716,1.3700000047683716,1.3700000047683716,1.3700000047683716,1.3700000047683716,0
2022-07-29,1.3700000047683716,1.3700000047683716,1.3700000047683716,1.3700000047683716,1.3700000047683716,0
2022-08-01,1.3700000047683716,1.3700000047683716,1.3700000047683716,1.3700000047683716,1.3700000047683716,0
2022-08-02,1.3700000047683716,1.3700000047683716,1.3700000047683716,1.3700000047683716,1.3700000047683716,0
2022-08-03,1.3700000047683716,1.3700000047683716,1.3700000047683716,1.3700000047683716,1.3700000047683716,0
2022-08-04,1.3700000047683716,1.3700000047683716,1.3700000047683716,1.3700000047683716,1.3700000047683716,0
2022-08-05,1.3700000047683716,1.3700000047683716,1.3700000047683716,1.3700000047683716,1.3700000047683716,0
2022-08-08,1.3700000047683716,1.3700000047683716,1.3700000047683716,1.3700000047683716,1.3700000047683716,0
2022-08-09,1.3700000047683716,1.3700000047683716,1.3700000047683716,1.3700000047683716,1.3700000047683716,0
2022-08-10,1.3700000047683716,1.3700000047683716,1.3700000047683716,1.3700000047683716,1.3700000047683716,0
2022-08-11,1.3700000047683716,1.3700000047683716,1.3700000047683716,1.3700000047683716,1.3700000047683716,0
2022-08-12,1.3700000047683716,1.3700000047683716,1.3700000047683716,1.3700000047683716,1.3700000047683716,0
2022-08-15,1.3700000047683716,1.3700000047683716,1.3700000047683716,1.3700000047683716,1.3700000047683716,0
2022-08-16,1.3700000047683716,1.3700000047683716,1.3700000047683716,1.3700000047683716,1.3700000047683716,0
2022-08-17,1.3700000047683716,1.3700000047683716,1.3700000047683716,1.3700000047683716,1.3700000047683716,0
2022-08-18,1.3700000047683716,1.3700000047683716,1.3700000047683716,1.3700000047683716,1.3700000047683716,0
2022-08-19,1.3700000047683716,1.3700000047683716,1.3700000047683716,1.3700000047683716,1.3700000047683716,0
2022-08-22,1.3700000047683716,1.3700000047683716,1.3700000047683716,1.3700000047683716,1.3700000047683716,0
2022-08-23,1.3700000047683716,1.3700000047683716,1.3700000047683716,1.3700000047683716,1.3700000047683716,0
2022-08-24,1.3700000047683716,1.3700000047683716,1.3700000047683716,1.3700000047683716,1.3700000047683716,0
2022-08-25,1.3700000047683716,1.3700000047683716,1.3700000047683716,1.3700000047683716,1.3700000047683716,0
2022-08-26,1.3700000047683716,1.3700000047683716,1.3700000047683716,1.3700000047683716,1.3700000047683716,0
2022-08-29,1.3700000047683716,1.3700000047683716,1.3700000047683716,1.3700000047683716,1.3700000047683716,0
2022-08-30,1.3700000047683716,1.3700000047683716,1.3700000047683716,1.3700000047683716,1.3700000047683716,0
2022-08-31,1.3700000047683716,1.3700000047683716,1.3700000047683716,1.3700000047683716,1.3700000047683716,0
2022-09-01,1.3700000047683716,1.3700000047683716,1.3700000047683716,1.3700000047683716,1.3700000047683716,0
2022-09-02,1.3700000047683716,1.3700000047683716,1.3700000047683716,1.3700000047683716,1.3700000047683716,0
2022-09-05,1.3700000047683716,1.3700000047683716,1.3700000047683716,1.3700000047683716,1.3700000047683716,0
2022-09-06,1.3700000047683716,1.3700000047683716,1.3700000047683716,1.3700000047683716,1.3700000047683716,0
2022-09-07,1.3700000047683716,1.3700000047683716,1.3700000047683716,1.3700000047683716,1.3700000047683716,0
2022-09-08,1.3700000047683716,1.3700000047683716,1.3700000047683716,1.3700000047683716,1.3700000047683716,0
2022-09-09,1.3700000047683716,1.3700000047683716,1.3700000047683716,1.3700000047683716,1.3700000047683716,0
2022-09-13,1.3700000047683716,1.3700000047683716,1.3700000047683716,1.3700000047683716,1.3700000047683716,0
2022-09-14,1.3700000047683716,1.3700000047683716,1.3700000047683716,1.3700000047683716,1.3700000047683716,0
2022-09-15,1.3700000047683716,1.3700000047683716,1.3700000047683716,1.3700000047683716,1.3700000047683716,0
2022-09-16,1.3700000047683716,1.3700000047683716,1.3700000047683716,1.3700000047683716,1.3700000047683716,0
2022-09-19,1.3700000047683716,1.3700000047683716,1.3700000047683716,1.3700000047683716,1.3700000047683716,0
2022-09-20,1.3700000047683716,1.3700000047683716,1.3700000047683716,1.3700000047683716,1.3700000047683716,0
2022-09-21,1.3700000047683716,1.3700000047683716,1.3700000047683716,1.3700000047683716,1.3700000047683716,0
2022-09-22,1.3700000047683716,1.3700000047683716,1.3700000047683716,1.3700000047683716,1.3700000047683716,0
2022-09-23,1.3700000047683716,1.3700000047683716,1.3700000047683716,1.3700000047683716,1.3700000047683716,0
2022-09-26,1.3700000047683716,1.3700000047683716,1.3700000047683716,1.3700000047683716,1.3700000047683716,0
2022-09-27,1.3700000047683716,1.3700000047683716,1.3700000047683716,1.3700000047683716,1.3700000047683716,0
2022-09-28,1.3700000047683716,1.3700000047683716,1.3700000047683716,1.3700000047683716,1.3700000047683716,0
2022-09-29,1.3700000047683716,1.3700000047683716,1.3700000047683716,1.3700000047683716,1.3700000047683716,0
2022-09-30,1.3700000047683716,1.3700000047683716,1.3700000047683716,1.3700000047683716,1.3700000047683716,0
2022-10-03,1.3700000047683716,1.3700000047683716,1.3700000047683716,1.3700000047683716,1.3700000047683716,0
2022-10-05,1.3700000047683716,1.3700000047683716,1.3700000047683716,1.3700000047683716,1.3700000047683716,0
2022-10-06,1.3700000047683716,1.3700000047683716,1.3700000047683716,1.3700000047683716,1.3700000047683716,0
2022-10-07,1.3700000047683716,1.3700000047683716,1.3700000047683716,1.3700000047683716,1.3700000047683716,0
2022-10-10,1.3700000047683716,1.3700000047683716,1.3700000047683716,1.3700000047683716,1.3700000047683716,0
2022-10-11,1.3700000047683716,1.3700000047683716,1.3700000047683716,1.3700000047683716,1.3700000047683716,0
2022-10-12,1.3700000047683716,1.3700000047683716,1.3700000047683716,1.3700000047683716,1.3700000047683716,0
2022-10-13,1.3700000047683716,1.3700000047683716,1.3700000047683716,1.3700000047683716,1.3700000047683716,0
2022-10-14,1.3700000047683716,1.3700000047683716,1.3700000047683716,1.3700000047683716,1.3700000047683716,0
2022-10-17,1.3700000047683716,1.3700000047683716,1.3700000047683716,1.3700000047683716,1.3700000047683716,0
2022-10-18,1.3700000047683716,1.3700000047683716,1.3700000047683716,1.3700000047683716,1.3700000047683716,0
2022-10-19,1.3700000047683716,1.3700000047683716,1.3700000047683716,1.3700000047683716,1.3700000047683716,0
2022-10-20,1.3700000047683716,1.3700000047683716,1.3700000047683716,1.3700000047683716,1.3700000047683716,0
2022-10-21,1.3700000047683716,1.3700000047683716,1.3700000047683716,1.3700000047683716,1.3700000047683716,0
2022-10-24,1.3700000047683716,1.3700000047683716,1.3700000047683716,1.3700000047683716,1.3700000047683716,0
2022-10-25,1.3700000047683716,1.3700000047683716,1.3700000047683716,1.3700000047683716,1.3700000047683716,0
2022-10-26,1.3700000047683716,1.3700000047683716,1.3700000047683716,1.3700000047683716,1.3700000047683716,0
2022-10-27,1.3700000047683716,1.3700000047683716,1.3700000047683716,1.3700000047683716,1.3700000047683716,0
2022-10-28,1.3700000047683716,1.3700000047683716,1.3700000047683716,1.3700000047683716,1.3700000047683716,0
2022-10-31,1.3700000047683716,1.3700000047683716,1.3700000047683716,1.3700000047683716,1.3700000047683716,0
2022-11-01,1.3700000047683716,1.3700000047683716,1.3700000047683716,1.3700000047683716,1.3700000047683716,0
2022-11-02,1.3700000047683716,1.3700000047683716,1.3700000047683716,1.3700000047683716,1.3700000047683716,0
2022-11-03,1.3700000047683716,1.3700000047683716,1.3700000047683716,1.3700000047683716,1.3700000047683716,0
2022-11-04,1.3700000047683716,1.3700000047683716,1.3700000047683716,1.3700000047683716,1.3700000047683716,0
2022-11-07,1.3700000047683716,1.3700000047683716,1.3700000047683716,1.3700000047683716,1.3700000047683716,0
2022-11-08,1.3700000047683716,1.3700000047683716,1.3700000047683716,1.3700000047683716,1.3700000047683716,0
2022-11-09,1.3700000047683716,1.3700000047683716,1.3700000047683716,1.3700000047683716,1.3700000047683716,0
2022-11-10,1.3700000047683716,1.3700000047683716,1.3700000047683716,1.3700000047683716,1.3700000047683716,0
2022-11-11,1.3700000047683716,1.3700000047683716,1.3700000047683716,1.3700000047683716,1.3700000047683716,0
2022-11-14,1.3700000047683716,1.3700000047683716,1.3700000047683716,1.3700000047683716,1.3700000047683716,0
2022-11-15,1.3700000047683716,1.3700000047683716,1.3700000047683716,1.3700000047683716,1.3700000047683716,0
2022-11-16,1.3700000047683716,1.3700000047683716,1.3700000047683716,1.3700000047683716,1.3700000047683716,0
2022-11-17,1.3700000047683716,1.3700000047683716,1.3700000047683716,1.3700000047683716,1.3700000047683716,0
2022-11-18,1.3700000047683716,1.3700000047683716,1.3700000047683716,1.3700000047683716,1.3700000047683716,0
2022-11-21,1.3700000047683716,1.3700000047683716,1.3700000047683716,1.3700000047683716,1.3700000047683716,0
2022-11-22,1.3700000047683716,1.3700000047683716,1.3700000047683716,1.3700000047683716,1.3700000047683716,0
2022-11-23,1.3700000047683716,1.3700000047683716,1.3700000047683716,1.3700000047683716,1.3700000047683716,0
2022-11-24,1.3700000047683716,1.3700000047683716,1.3700000047683716,1.3700000047683716,1.3700000047683716,0
2022-11-25,1.3700000047683716,1.3700000047683716,1.3700000047683716,1.3700000047683716,1.3700000047683716,0
2022-11-28,1.3700000047683716,1.3700000047683716,1.3700000047683716,1.3700000047683716,1.3700000047683716,0
2022-11-29,1.3700000047683716,1.3700000047683716,1.3700000047683716,1.3700000047683716,1.3700000047683716,0
2022-11-30,1.3700000047683716,1.3700000047683716,1.3700000047683716,1.3700000047683716,1.3700000047683716,0
2022-12-01,1.3700000047683716,1.3700000047683716,1.3700000047683716,1.3700000047683716,1.3700000047683716,0
2022-12-02,1.3700000047683716,1.3700000047683716,1.3700000047683716,1.3700000047683716,1.3700000047683716,0
2022-12-05,1.3700000047683716,1.3700000047683716,1.3700000047683716,1.3700000047683716,1.3700000047683716,0
2022-12-06,1.3700000047683716,1.3700000047683716,1.3700000047683716,1.3700000047683716,1.3700000047683716,0
2022-12-07,1.3700000047683716,1.3700000047683716,1.3700000047683716,1.3700000047683716,1.3700000047683716,0
2022-12-08,1.3700000047683716,1.3700000047683716,1.3700000047683716,1.3700000047683716,1.3700000047683716,0
2022-12-09,1.3700000047683716,1.3700000047683716,1.3700000047683716,1.3700000047683716,1.3700000047683716,0
2022-12-12,1.3700000047683716,1.3700000047683716,1.3700000047683716,1.3700000047683716,1.3700000047683716,0
2022-12-13,1.3700000047683716,1.3700000047683716,1.3700000047683716,1.3700000047683716,1.3700000047683716,0
2022-12-14,1.3700000047683716,1.3700000047683716,1.3700000047683716,1.3700000047683716,1.3700000047683716,0
2022-12-15,1.3700000047683716,1.3700000047683716,1.3700000047683716,1.3700000047683716,1.3700000047683716,0
2022-12-16,1.3700000047683716,1.3700000047683716,1.3700000047683716,1.3700000047683716,1.3700000047683716,0
2022-12-19,1.3700000047683716,1.3700000047683716,1.3700000047683716,1.3700000047683716,1.3700000047683716,0
2022-12-20,1.3700000047683716,1.3700000047683716,1.3700000047683716,1.3700000047683716,1.3700000047683716,0
2022-12-21,1.3700000047683716,1.3700000047683716,1.3700000047683716,1.3700000047683716,1.3700000047683716,0
2022-12-22,1.3700000047683716,1.3700000047683716,1.3700000047683716,1.3700000047683716,1.3700000047683716,0
2022-12-23,1.3700000047683716,1.3700000047683716,1.3700000047683716,1.3700000047683716,1.3700000047683716,0
2022-12-28,1.3700000047683716,1.3700000047683716,1.3700000047683716,1.3700000047683716,1.3700000047683716,0
2022-12-29,1.3700000047683716,1.3700000047683716,1.3700000047683716,1.3700000047683716,1.3700000047683716,0
2022-12-30,1.3700000047683716,1.3700000047683716,1.3700000047683716,1.3700000047683716,1.3700000047683716,0
2023-01-03,1.3700000047683716,1.3700000047683716,1.3700000047683716,1.3700000047683716,1.3700000047683716,0
2023-01-04,1.3700000047683716,1.3700000047683716,1.3700000047683716,1.3700000047683716,1.3700000047683716,0
2023-01-05,1.3700000047683716,1.3700000047683716,1.3700000047683716,1.3700000047683716,1.3700000047683716,0
2023-01-06,1.3700000047683716,1.3700000047683716,1.3700000047683716,1.3700000047683716,1.3700000047683716,0
2023-01-09,1.3700000047683716,1.3700000047683716,1.3700000047683716,1.3700000047683716,1.3700000047683716,0
2023-01-10,1.3700000047683716,1.3700000047683716,1.3700000047683716,1.3700000047683716,1.3700000047683716,0
2023-01-11,1.3700000047683716,1.3700000047683716,1.3700000047683716,1.3700000047683716,1.3700000047683716,0
2023-01-12,1.3700000047683716,1.3700000047683716,1.3700000047683716,1.3700000047683716,1.3700000047683716,0
2023-01-13,1.3700000047683716,1.3700000047683716,1.3700000047683716,1.3700000047683716,1.3700000047683716,0
2023-01-16,1.3700000047683716,1.3700000047683716,1.3700000047683716,1.3700000047683716,1.3700000047683716,0
2023-01-17,1.3700000047683716,1.3700000047683716,1.3700000047683716,1.3700000047683716,1.3700000047683716,0
2023-01-18,1.3700000047683716,1.3700000047683716,1.3700000047683716,1.3700000047683716,1.3700000047683716,0
2023-01-19,1.3700000047683716,1.3700000047683716,1.3700000047683716,1.3700000047683716,1.3700000047683716,0
2023-01-20,1.3700000047683716,1.3700000047683716,1.3700000047683716,1.3700000047683716,1.3700000047683716,0
2023-01-26,1.3700000047683716,1.3700000047683716,1.3700000047683716,1.3700000047683716,1.3700000047683716,0
2023-01-27,1.3700000047683716,1.3700000047683716,1.3700000047683716,1.3700000047683716,1.3700000047683716,0
2023-01-30,1.3700000047683716,1.3700000047683716,1.3700000047683716,1.3700000047683716,1.3700000047683716,0
2023-01-31,1.3700000047683716,1.3700000047683716,1.3700000047683716,1.3700000047683716,1.3700000047683716,0
2023-02-01,1.3700000047683716,1.3700000047683716,1.3700000047683716,1.3700000047683716,1.3700000047683716,0
2023-02-02,1.3700000047683716,1.3700000047683716,1.3700000047683716,1.3700000047683716,1.3700000047683716,0
2023-02-03,1.3700000047683716,1.3700000047683716,1.3700000047683716,1.3700000047683716,1.3700000047683716,0
2023-02-06,1.3700000047683716,1.3700000047683716,1.3700000047683716,1.3700000047683716,1.3700000047683716,0
2023-02-07,1.3700000047683716,1.3700000047683716,1.3700000047683716,1.3700000047683716,1.3700000047683716,0
2023-02-08,1.3700000047683716,1.3700000047683716,1.3700000047683716,1.3700000047683716,1.3700000047683716,0
2023-02-09,1.3700000047683716,1.3700000047683716,1.3700000047683716,1.3700000047683716,1.3700000047683716,0
2023-02-10,1.3700000047683716,1.3700000047683716,1.3700000047683716,1.3700000047683716,1.3700000047683716,0
2023-02-13,1.3700000047683716,1.3700000047683716,1.3700000047683716,1.3700000047683716,1.3700000047683716,0
2023-02-14,1.3700000047683716,1.3700000047683716,1.3700000047683716,1.3700000047683716,1.3700000047683716,0
2023-02-15,1.3700000047683716,1.3700000047683716,1.3700000047683716,1.3700000047683716,1.3700000047683716,0
2023-02-16,1.3700000047683716,1.3700000047683716,1.3700000047683716,1.3700000047683716,1.3700000047683716,0
2023-02-17,1.3700000047683716,1.3700000047683716,1.3700000047683716,1.3700000047683716,1.3700000047683716,0
2023-02-20,1.3700000047683716,1.3700000047683716,1.3700000047683716,1.3700000047683716,1.3700000047683716,0
2023-02-21,1.3700000047683716,1.3700000047683716,1.3700000047683716,1.3700000047683716,1.3700000047683716,0
2023-02-22,1.3700000047683716,1.3700000047683716,1.3700000047683716,1.3700000047683716,1.3700000047683716,0
2023-02-23,1.3700000047683716,1.3700000047683716,1.3700000047683716,1.3700000047683716,1.3700000047683716,0
2023-02-24,1.3700000047683716,1.3700000047683716,1.3700000047683716,1.3700000047683716,1.3700000047683716,0
2023-02-27,1.3700000047683716,1.3700000047683716,1.3700000047683716,1.3700000047683716,1.3700000047683716,0
2023-02-28,1.3700000047683716,1.3700000047683716,1.3700000047683716,1.3700000047683716,1.3700000047683716,0
2023-03-01,1.3700000047683716,1.3700000047683716,1.3700000047683716,1.3700000047683716,1.3700000047683716,0
2023-03-02,1.3700000047683716,1.3700000047683716,1.3700000047683716,1.3700000047683716,1.3700000047683716,0
2023-03-03,1.3700000047683716,1.3700000047683716,1.3700000047683716,1.3700000047683716,1.3700000047683716,0
2023-03-06,1.3700000047683716,1.3700000047683716,1.3700000047683716,1.3700000047683716,1.3700000047683716,0
2023-03-07,1.3700000047683716,1.3700000047683716,1.3700000047683716,1.3700000047683716,1.3700000047683716,0
2023-03-08,1.3700000047683716,1.3700000047683716,1.3700000047683716,1.3700000047683716,1.3700000047683716,0
2023-03-09,1.3700000047683716,1.3700000047683716,1.3700000047683716,1.3700000047683716,1.3700000047683716,0
2023-03-10,1.3700000047683716,1.3700000047683716,1.3700000047683716,1.3700000047683716,1.3700000047683716,0
2023-03-13,1.3700000047683716,1.3700000047683716,1.3700000047683716,1.3700000047683716,1.3700000047683716,0
2023-03-14,1.3700000047683716,1.3700000047683716,1.3700000047683716,1.3700000047683716,1.3700000047683716,0
2023-03-15,1.3700000047683716,1.3700000047683716,1.3700000047683716,1.3700000047683716,1.3700000047683716,0
2023-03-16,1.3700000047683716,1.3700000047683716,1.3700000047683716,1.3700000047683716,1.3700000047683716,0
2023-03-17,1.3700000047683716,1.3700000047683716,1.3700000047683716,1.3700000047683716,1.3700000047683716,0
2023-03-20,1.3700000047683716,1.3700000047683716,1.3700000047683716,1.3700000047683716,1.3700000047683716,0
2023-03-21,1.3700000047683716,1.3700000047683716,1.3700000047683716,1.3700000047683716,1.3700000047683716,0
2023-03-22,1.3700000047683716,1.3700000047683716,1.3700000047683716,1.3700000047683716,1.3700000047683716,0
2023-03-23,1.3700000047683716,1.3700000047683716,1.3700000047683716,1.3700000047683716,1.3700000047683716,0
2023-03-24,1.3700000047683716,1.3700000047683716,1.3700000047683716,1.3700000047683716,1.3700000047683716,0
2023-03-27,1.3700000047683716,1.3700000047683716,1.3700000047683716,1.3700000047683716,1.3700000047683716,0
2023-03-28,1.3700000047683716,1.3700000047683716,1.3700000047683716,1.3700000047683716,1.3700000047683716,0
2023-03-29,1.3700000047683716,1.3700000047683716,1.3700000047683716,1.3700000047683716,1.3700000047683716,0
2023-03-30,1.3700000047683716,1.3700000047683716,1.3700000047683716,1.3700000047683716,1.3700000047683716,0
2023-03-31,1.3700000047683716,1.3700000047683716,1.3700000047683716,1.3700000047683716,1.3700000047683716,0
2023-04-03,1.3700000047683716,1.3700000047683716,1.3700000047683716,1.3700000047683716,1.3700000047683716,0
2023-04-04,1.3700000047683716,1.3700000047683716,1.3700000047683716,1.3700000047683716,1.3700000047683716,0
2023-04-06,1.3700000047683716,1.3700000047683716,1.3700000047683716,1.3700000047683716,1.3700000047683716,0
2023-04-11,1.3700000047683716,1.3700000047683716,1.3700000047683716,1.3700000047683716,1.3700000047683716,0
2023-04-12,1.3700000047683716,1.3700000047683716,1.3700000047683716,1.3700000047683716,1.3700000047683716,0
2023-04-13,1.3700000047683716,1.3700000047683716,1.3700000047683716,1.3700000047683716,1.3700000047683716,0
2023-04-14,1.3700000047683716,1.3700000047683716,1.3700000047683716,1.3700000047683716,1.3700000047683716,0
2023-04-17,1.3700000047683716,1.3700000047683716,1.3700000047683716,1.3700000047683716,1.3700000047683716,0
2023-04-18,1.3700000047683716,1.3700000047683716,1.3700000047683716,1.3700000047683716,1.3700000047683716,0
2023-04-19,1.3700000047683716,1.3700000047683716,1.3700000047683716,1.3700000047683716,1.3700000047683716,0
2023-04-20,1.3700000047683716,1.3700000047683716,1.3700000047683716,1.3700000047683716,1.3700000047683716,0
2023-04-21,1.3700000047683716,1.3700000047683716,1.3700000047683716,1.3700000047683716,1.3700000047683716,0
2023-04-24,1.3700000047683716,1.3700000047683716,1.3700000047683716,1.3700000047683716,1.3700000047683716,0
2023-04-25,1.3700000047683716,1.3700000047683716,1.3700000047683716,1.3700000047683716,1.3700000047683716,0
2023-04-26,1.3700000047683716,1.3700000047683716,1.3700000047683716,1.3700000047683716,1.3700000047683716,0
2023-04-27,1.3700000047683716,1.3700000047683716,1.3700000047683716,1.3700000047683716,1.3700000047683716,0
2023-04-28,1.3700000047683716,1.3700000047683716,1.3700000047683716,1.3700000047683716,1.3700000047683716,0
2023-05-02,1.3700000047683716,1.3700000047683716,1.3700000047683716,1.3700000047683716,1.3700000047683716,0
2023-05-03,1.3700000047683716,1.3700000047683716,1.3700000047683716,1.3700000047683716,1.3700000047683716,0
2023-05-04,1.3700000047683716,1.3700000047683716,1.3700000047683716,1.3700000047683716,1.3700000047683716,0
2023-05-05,1.3700000047683716,1.3700000047683716,1.3700000047683716,1.3700000047683716,1.3700000047683716,0
2023-05-08,1.3700000047683716,1.3700000047683716,1.3700000047683716,1.3700000047683716,1.3700000047683716,0
2023-05-09,1.3700000047683716,1.3700000047683716,1.3700000047683716,1.3700000047683716,1.3700000047683716,0
2023-05-10,1.3700000047683716,1.3700000047683716,1.3700000047683716,1.3700000047683716,1.3700000047683716,0
2023-05-11,1.3700000047683716,1.3700000047683716,1.3700000047683716,1.3700000047683716,1.3700000047683716,0
2023-05-12,1.3700000047683716,1.3700000047683716,1.3700000047683716,1.3700000047683716,1.3700000047683716,0
2023-05-15,1.3700000047683716,1.3700000047683716,1.3700000047683716,1.3700000047683716,1.3700000047683716,0
2023-05-16,1.3700000047683716,1.3700000047683716,1.3700000047683716,1.3700000047683716,1.3700000047683716,0
2023-05-17,1.3700000047683716,1.3700000047683716,1.3700000047683716,1.3700000047683716,1.3700000047683716,0
2023-05-18,1.3700000047683716,1.3700000047683716,1.3700000047683716,1.3700000047683716,1.3700000047683716,0
2023-05-19,1.3700000047683716,1.3700000047683716,1.3700000047683716,1.3700000047683716,1.3700000047683716,0
2023-05-22,1.3700000047683716,1.3700000047683716,1.3700000047683716,1.3700000047683716,1.3700000047683716,0
2023-05-23,1.3700000047683716,1.3700000047683716,1.3700000047683716,1.3700000047683716,1.3700000047683716,0
2023-05-24,1.3700000047683716,1.3700000047683716,1.3700000047683716,1.3700000047683716,1.3700000047683716,0
2023-05-25,1.3700000047683716,1.3700000047683716,1.3700000047683716,1.3700000047683716,1.3700000047683716,0
2023-05-29,1.3700000047683716,1.3700000047683716,1.3700000047683716,1.3700000047683716,1.3700000047683716,0
2023-05-30,1.3700000047683716,1.3700000047683716,1.3700000047683716,1.3700000047683716,1.3700000047683716,0
2023-05-31,1.3700000047683716,1.3700000047683716,1.3700000047683716,1.3700000047683716,1.3700000047683716,0
2023-06-01,1.3700000047683716,1.3700000047683716,1.3700000047683716,1.3700000047683716,1.3700000047683716,0
2023-06-02,1.3700000047683716,1.3700000047683716,1.3700000047683716,1.3700000047683716,1.3700000047683716,0
2023-06-05,1.3700000047683716,1.3700000047683716,1.3700000047683716,1.3700000047683716,1.3700000047683716,0
2023-06-06,1.3700000047683716,1.3700000047683716,1.3700000047683716,1.3700000047683716,1.3700000047683716,0
2023-06-07,1.3700000047683716,1.3700000047683716,1.3700000047683716,1.3700000047683716,1.3700000047683716,0
2023-06-08,1.3700000047683716,1.3700000047683716,1.3700000047683716,1.3700000047683716,1.3700000047683716,0
2023-06-09,1.3700000047683716,1.3700000047683716,1.3700000047683716,1.3700000047683716,1.3700000047683716,0
2023-06-12,1.3700000047683716,1.3700000047683716,1.3700000047683716,1.3700000047683716,1.3700000047683716,0
2023-06-13,1.3700000047683716,1.3700000047683716,1.3700000047683716,1.3700000047683716,1.3700000047683716,0
2023-06-14,1.3700000047683716,1.3700000047683716,1.3700000047683716,1.3700000047683716,1.3700000047683716,0
2023-06-15,1.3700000047683716,1.3700000047683716,1.3700000047683716,1.3700000047683716,1.3700000047683716,0
2023-06-16,1.3700000047683716,1.3700000047683716,1.3700000047683716,1.3700000047683716,1.3700000047683716,0
2023-06-19,1.3700000047683716,1.3700000047683716,1.3700000047683716,1.3700000047683716,1.3700000047683716,0
2023-06-20,1.3700000047683716,1.3700000047683716,1.3700000047683716,1.3700000047683716,1.3700000047683716,0
2023-06-21,1.3700000047683716,1.3700000047683716,1.3700000047683716,1.3700000047683716,1.3700000047683716,0
2023-06-23,1.3700000047683716,1.3700000047683716,1.3700000047683716,1.3700000047683716,1.3700000047683716,0
2023-06-26,1.3700000047683716,1.3700000047683716,1.3700000047683716,1.3700000047683716,1.3700000047683716,0
2023-06-27,1.3700000047683716,1.3700000047683716,1.3700000047683716,1.3700000047683716,1.3700000047683716,0
2023-06-28,1.3700000047683716,1.3700000047683716,1.3700000047683716,1.3700000047683716,1.3700000047683716,0
2023-06-29,1.3700000047683716,1.3700000047683716,1.3700000047683716,1.3700000047683716,1.3700000047683716,0
2023-06-30,1.3700000047683716,1.3700000047683716,1.3700000047683716,1.3700000047683716,1.3700000047683716,0
2023-07-03,1.3700000047683716,1.3700000047683716,1.3700000047683716,1.3700000047683716,1.3700000047683716,0
2023-07-04,1.3700000047683716,1.3700000047683716,1.3700000047683716,1.3700000047683716,1.3700000047683716,0
2023-07-05,1.3700000047683716,1.3700000047683716,1.3700000047683716,1.3700000047683716,1.3700000047683716,0
2023-07-06,1.3700000047683716,1.3700000047683716,1.3700000047683716,1.3700000047683716,1.3700000047683716,0
2023-07-07,1.3700000047683716,1.3700000047683716,1.3700000047683716,1.3700000047683716,1.3700000047683716,0
2023-07-10,1.3700000047683716,1.3700000047683716,1.3700000047683716,1.3700000047683716,1.3700000047683716,0
2023-07-11,1.3700000047683716,1.3700000047683716,1.3700000047683716,1.3700000047683716,1.3700000047683716,0
2023-07-12,1.3700000047683716,1.3700000047683716,1.3700000047683716,1.3700000047683716,1.3700000047683716,0
2023-07-13,1.3700000047683716,1.3700000047683716,1.3700000047683716,1.3700000047683716,1.3700000047683716,0
2023-07-14,1.3700000047683716,1.3700000047683716,1.3700000047683716,1.3700000047683716,1.3700000047683716,0
2023-07-18,1.3700000047683716,1.3700000047683716,1.3700000047683716,1.3700000047683716,1.3700000047683716,0
2023-07-19,1.3700000047683716,1.3700000047683716,1.3700000047683716,1.3700000047683716,1.3700000047683716,0
2023-07-20,1.3700000047683716,1.3700000047683716,1.3700000047683716,1.3700000047683716,1.3700000047683716,0
2023-07-21,1.3700000047683716,1.3700000047683716,1.3700000047683716,1.3700000047683716,1.3700000047683716,0
2023-07-24,1.3700000047683716,1.3700000047683716,1.3700000047683716,1.3700000047683716,1.3700000047683716,0
2023-07-25,1.3700000047683716,1.3700000047683716,1.3700000047683716,1.3700000047683716,1.3700000047683716,0
2023-07-26,1.3700000047683716,1.3700000047683716,1.3700000047683716,1.3700000047683716,1.3700000047683716,0
2023-07-27,1.3700000047683716,1.3700000047683716,1.3700000047683716,1.3700000047683716,1.3700000047683716,0
2023-07-28,1.3700000047683716,1.3700000047683716,1.3700000047683716,1.3700000047683716,1.3700000047683716,0
2023-07-31,1.3700000047683716,1.3700000047683716,1.3700000047683716,1.3700000047683716,1.3700000047683716,0
2023-08-01,1.3700000047683716,1.3700000047683716,1.3700000047683716,1.3700000047683716,1.3700000047683716,0
2023-08-02,1.3700000047683716,1.3700000047683716,1.3700000047683716,1.3700000047683716,1.3700000047683716,0
2023-08-03,1.3700000047683716,1.3700000047683716,1.3700000047683716,1.3700000047683716,1.3700000047683716,0
2023-08-04,1.3700000047683716,1.3700000047683716,1.3700000047683716,1.3700000047683716,1.3700000047683716,0
2023-08-07,1.3700000047683716,1.3700000047683716,1.3700000047683716,1.3700000047683716,1.3700000047683716,0
2023-08-08,1.3700000047683716,1.3700000047683716,1.3700000047683716,1.3700000047683716,1.3700000047683716,0
2023-08-09,1.3700000047683716,1.3700000047683716,1.3700000047683716,1.3700000047683716,1.3700000047683716,0
2023-08-10,1.3700000047683716,1.3700000047683716,1.3700000047683716,1.3700000047683716,1.3700000047683716,0
2023-08-11,1.3700000047683716,1.3700000047683716,1.3700000047683716,1.3700000047683716,1.3700000047683716,0
2023-08-14,1.3700000047683716,1.3700000047683716,1.3700000047683716,1.3700000047683716,1.3700000047683716,0
2023-08-15,1.3700000047683716,1.3700000047683716,1.3700000047683716,1.3700000047683716,1.3700000047683716,0
2023-08-16,1.3700000047683716,1.3700000047683716,1.3700000047683716,1.3700000047683716,1.3700000047683716,0
2023-08-17,1.3700000047683716,1.3700000047683716,1.3700000047683716,1.3700000047683716,1.3700000047683716,0
2023-08-18,1.3700000047683716,1.3700000047683716,1.3700000047683716,1.3700000047683716,1.3700000047683716,0
2023-08-21,1.3700000047683716,1.3700000047683716,1.3700000047683716,1.3700000047683716,1.3700000047683716,0
2023-08-22,1.3700000047683716,1.3700000047683716,1.3700000047683716,1.3700000047683716,1.3700000047683716,0
2023-08-23,1.3700000047683716,1.3700000047683716,1.3700000047683716,1.3700000047683716,1.3700000047683716,0
2023-08-24,1.3700000047683716,1.3700000047683716,1.3700000047683716,1.3700000047683716,1.3700000047683716,0
2023-08-25,1.3700000047683716,1.3700000047683716,1.3700000047683716,1.3700000047683716,1.3700000047683716,0
2023-08-28,1.3700000047683716,1.3700000047683716,1.3700000047683716,1.3700000047683716,1.3700000047683716,0
2023-08-29,1.3700000047683716,1.3700000047683716,1.3700000047683716,1.3700000047683716,1.3700000047683716,0
2023-08-30,1.3700000047683716,1.3700000047683716,1.3700000047683716,1.3700000047683716,1.3700000047683716,0
2023-08-31,1.3700000047683716,1.3700000047683716,1.3700000047683716,1.3700000047683716,1.3700000047683716,0
2023-09-04,1.3700000047683716,1.3700000047683716,1.3700000047683716,1.3700000047683716,1.3700000047683716,0
2023-09-05,1.3700000047683716,1.3700000047683716,1.3700000047683716,1.3700000047683716,1.3700000047683716,0
2023-09-06,1.3700000047683716,1.3700000047683716,1.3700000047683716,1.3700000047683716,1.3700000047683716,0
2023-09-07,1.3700000047683716,1.3700000047683716,1.3700000047683716,1.3700000047683716,1.3700000047683716,0
2023-09-11,1.3700000047683716,1.3700000047683716,1.3700000047683716,1.3700000047683716,1.3700000047683716,0
2023-09-12,1.3700000047683716,1.3700000047683716,1.3700000047683716,1.3700000047683716,1.3700000047683716,0
2023-09-13,1.3700000047683716,1.3700000047683716,1.3700000047683716,1.3700000047683716,1.3700000047683716,0
2023-09-14,1.3700000047683716,1.3700000047683716,1.3700000047683716,1.3700000047683716,1.3700000047683716,0
2023-09-15,1.3700000047683716,1.3700000047683716,1.3700000047683716,1.3700000047683716,1.3700000047683716,0
2023-09-18,1.3700000047683716,1.3700000047683716,1.3700000047683716,1.3700000047683716,1.3700000047683716,0
2023-09-19,1.3700000047683716,1.3700000047683716,1.3700000047683716,1.3700000047683716,1.3700000047683716,0
2023-09-20,1.3700000047683716,1.3700000047683716,1.3700000047683716,1.3700000047683716,1.3700000047683716,0
2023-09-21,1.3700000047683716,1.3700000047683716,1.3700000047683716,1.3700000047683716,1.3700000047683716,0
2023-09-22,1.3700000047683716,1.3700000047683716,1.3700000047683716,1.3700000047683716,1.3700000047683716,0
2023-09-25,1.3700000047683716,1.3700000047683716,1.3700000047683716,1.3700000047683716,1.3700000047683716,0
2023-09-26,1.3700000047683716,1.3700000047683716,1.3700000047683716,1.3700000047683716,1.3700000047683716,0
2023-09-27,1.3700000047683716,1.3700000047683716,1.3700000047683716,1.3700000047683716,1.3700000047683716,0
2023-09-28,1.3700000047683716,1.3700000047683716,1.3700000047683716,1.3700000047683716,1.3700000047683716,0
2023-09-29,1.3700000047683716,1.3700000047683716,1.3700000047683716,1.3700000047683716,1.3700000047683716,0
2023-10-03,1.3700000047683716,1.3700000047683716,1.3700000047683716,1.3700000047683716,1.3700000047683716,0
2023-10-04,1.3700000047683716,1.3700000047683716,1.3700000047683716,1.3700000047683716,1.3700000047683716,0
2023-10-05,1.3700000047683716,1.3700000047683716,1.3700000047683716,1.3700000047683716,1.3700000047683716,0
2023-10-06,1.3700000047683716,1.3700000047683716,1.3700000047683716,1.3700000047683716,1.3700000047683716,0
2023-10-09,1.3700000047683716,1.3700000047683716,1.3700000047683716,1.3700000047683716,1.3700000047683716,0
2023-10-10,1.3700000047683716,1.3700000047683716,1.3700000047683716,1.3700000047683716,1.3700000047683716,0
2023-10-11,1.3700000047683716,1.3700000047683716,1.3700000047683716,1.3700000047683716,1.3700000047683716,0
2023-10-12,1.3700000047683716,1.3700000047683716,1.3700000047683716,1.3700000047683716,1.3700000047683716,0
2023-10-13,1.3700000047683716,1.3700000047683716,1.3700000047683716,1.3700000047683716,1.3700000047683716,0
2023-10-16,1.3700000047683716,1.3700000047683716,1.3700000047683716,1.3700000047683716,1.3700000047683716,0
2023-10-17,1.3700000047683716,1.3700000047683716,1.3700000047683716,1.3700000047683716,1.3700000047683716,0
2023-10-18,1.3700000047683716,1.3700000047683716,1.3700000047683716,1.3700000047683716,1.3700000047683716,0
2023-10-19,1.3700000047683716,1.3700000047683716,1.3700000047683716,1.3700000047683716,1.3700000047683716,0
2023-10-20,1.3700000047683716,1.3700000047683716,1.3700000047683716,1.3700000047683716,1.3700000047683716,0
2023-10-24,1.3700000047683716,1.3700000047683716,1.3700000047683716,1.3700000047683716,1.3700000047683716,0
2023-10-25,1.3700000047683716,1.3700000047683716,1.3700000047683716,1.3700000047683716,1.3700000047683716,0
2023-10-26,1.3700000047683716,1.3700000047683716,1.3700000047683716,1.3700000047683716,1.3700000047683716,0
2023-10-27,1.3700000047683716,1.3700000047683716,1.3700000047683716,1.3700000047683716,1.3700000047683716,0
2023-10-30,1.3700000047683716,1.3700000047683716,1.3700000047683716,1.3700000047683716,1.3700000047683716,0
2023-10-31,1.3700000047683716,1.3700000047683716,1.3700000047683716,1.3700000047683716,1.3700000047683716,0
2023-11-01,1.3700000047683716,1.3700000047683716,1.3700000047683716,1.3700000047683716,1.3700000047683716,0
2023-11-02,1.3700000047683716,1.3700000047683716,1.3700000047683716,1.3700000047683716,1.3700000047683716,0
2023-11-03,1.3700000047683716,1.3700000047683716,1.3700000047683716,1.3700000047683716,1.3700000047683716,0
2023-11-06,1.3700000047683716,1.3700000047683716,1.3700000047683716,1.3700000047683716,1.3700000047683716,0
2023-11-07,1.3700000047683716,1.3700000047683716,1.3700000047683716,1.3700000047683716,1.3700000047683716,0
2023-11-08,1.3700000047683716,1.3700000047683716,1.3700000047683716,1.3700000047683716,1.3700000047683716,0
2023-11-09,1.3700000047683716,1.3700000047683716,1.3700000047683716,1.3700000047683716,1.3700000047683716,0
2023-11-10,1.3700000047683716,1.3700000047683716,1.3700000047683716,1.3700000047683716,1.3700000047683716,0
2023-11-13,1.3700000047683716,1.3700000047683716,1.3700000047683716,1.3700000047683716,1.3700000047683716,0
2023-11-14,1.3700000047683716,1.3700000047683716,1.3700000047683716,1.3700000047683716,1.3700000047683716,0
2023-11-15,1.3700000047683716,1.3700000047683716,1.3700000047683716,1.3700000047683716,1.3700000047683716,0
2023-11-16,1.3700000047683716,1.3700000047683716,1.3700000047683716,1.3700000047683716,1.3700000047683716,0
2023-11-17,1.3700000047683716,1.3700000047683716,1.3700000047683716,1.3700000047683716,1.3700000047683716,0
2023-11-20,1.3700000047683716,1.3700000047683716,1.3700000047683716,1.3700000047683716,1.3700000047683716,0
2023-11-21,1.3700000047683716,1.3700000047683716,1.3700000047683716,1.3700000047683716,1.3700000047683716,0
2023-11-22,1.3700000047683716,1.3700000047683716,1.3700000047683716,1.3700000047683716,1.3700000047683716,0
2023-11-23,1.3700000047683716,1.3700000047683716,1.3700000047683716,1.3700000047683716,1.3700000047683716,0
2023-11-24,1.3700000047683716,1.3700000047683716,1.3700000047683716,1.3700000047683716,1.3700000047683716,0
2023-11-27,1.3700000047683716,1.3700000047683716,1.3700000047683716,1.3700000047683716,1.3700000047683716,0
2023-11-28,1.3700000047683716,1.3700000047683716,1.3700000047683716,1.3700000047683716,1.3700000047683716,0
2023-11-29,1.3700000047683716,1.3700000047683716,1.3700000047683716,1.3700000047683716,1.3700000047683716,0
2023-11-30,1.3700000047683716,1.3700000047683716,1.3700000047683716,1.3700000047683716,1.3700000047683716,0
2023-12-01,1.3700000047683716,1.3700000047683716,1.3700000047683716,1.3700000047683716,1.3700000047683716,0
2023-12-04,1.3700000047683716,1.3700000047683716,1.3700000047683716,1.3700000047683716,1.3700000047683716,0
2023-12-05,1.3700000047683716,1.3700000047683716,1.3700000047683716,1.3700000047683716,1.3700000047683716,0
2023-12-06,1.3700000047683716,1.3700000047683716,1.3700000047683716,1.3700000047683716,1.3700000047683716,0
2023-12-07,1.3700000047683716,1.3700000047683716,1.3700000047683716,1.3700000047683716,1.3700000047683716,0
2023-12-08,1.3700000047683716,1.3700000047683716,1.3700000047683716,1.3700000047683716,1.3700000047683716,0
2023-12-11,1.3700000047683716,1.3700000047683716,1.3700000047683716,1.3700000047683716,1.3700000047683716,0
2023-12-12,1.3700000047683716,1.3700000047683716,1.3700000047683716,1.3700000047683716,1.3700000047683716,0
2023-12-13,1.3700000047683716,1.3700000047683716,1.3700000047683716,1.3700000047683716,1.3700000047683716,0
2023-12-14,1.3700000047683716,1.3700000047683716,1.3700000047683716,1.3700000047683716,1.3700000047683716,0
2023-12-15,1.3700000047683716,1.3700000047683716,1.3700000047683716,1.3700000047683716,1.3700000047683716,0
2023-12-18,1.3700000047683716,1.3700000047683716,1.3700000047683716,1.3700000047683716,1.3700000047683716,0
2023-12-19,1.3700000047683716,1.3700000047683716,1.3700000047683716,1.3700000047683716,1.3700000047683716,0
2023-12-20,1.3700000047683716,1.3700000047683716,1.3700000047683716,1.3700000047683716,1.3700000047683716,0
2023-12-21,1.3700000047683716,1.3700000047683716,1.3700000047683716,1.3700000047683716,1.3700000047683716,0
2023-12-22,1.3700000047683716,1.3700000047683716,1.3700000047683716,1.3700000047683716,1.3700000047683716,0
2023-12-27,1.3700000047683716,1.3700000047683716,1.3700000047683716,1.3700000047683716,1.3700000047683716,0
2023-12-28,1.3700000047683716,1.3700000047683716,1.3700000047683716,1.3700000047683716,1.3700000047683716,0
2023-12-29,1.3700000047683716,1.3700000047683716,1.3700000047683716,1.3700000047683716,1.3700000047683716,0
2024-01-02,1.3700000047683716,1.3700000047683716,1.3700000047683716,1.3700000047683716,1.3700000047683716,0
2024-01-03,1.3700000047683716,1.3700000047683716,1.3700000047683716,1.3700000047683716,1.3700000047683716,0
2024-01-04,1.3700000047683716,1.3700000047683716,1.3700000047683716,1.3700000047683716,1.3700000047683716,0
2024-01-05,1.3700000047683716,1.3700000047683716,1.3700000047683716,1.3700000047683716,1.3700000047683716,0
2024-01-08,1.3700000047683716,1.3700000047683716,1.3700000047683716,1.3700000047683716,1.3700000047683716,0
2024-01-09,1.3700000047683716,1.3700000047683716,1.3700000047683716,1.3700000047683716,1.3700000047683716,0
2024-01-10,1.3700000047683716,1.3700000047683716,1.3700000047683716,1.3700000047683716,1.3700000047683716,0
2024-01-11,1.3700000047683716,1.3700000047683716,1.3700000047683716,1.3700000047683716,1.3700000047683716,0
2024-01-12,1.3700000047683716,1.3700000047683716,1.3700000047683716,1.3700000047683716,1.3700000047683716,0
2024-01-15,1.3700000047683716,1.3700000047683716,1.3700000047683716,1.3700000047683716,1.3700000047683716,0
2024-01-16,1.3700000047683716,1.3700000047683716,1.3700000047683716,1.3700000047683716,1.3700000047683716,0
2024-01-17,1.3700000047683716,1.3700000047683716,1.3700000047683716,1.3700000047683716,1.3700000047683716,0
2024-01-18,1.3700000047683716,1.3700000047683716,1.3700000047683716,1.3700000047683716,1.3700000047683716,0
2024-01-19,1.3700000047683716,1.3700000047683716,1.3700000047683716,1.3700000047683716,1.3700000047683716,0
2024-01-22,1.3700000047683716,1.3700000047683716,1.3700000047683716,1.3700000047683716,1.3700000047683716,0
2024-01-23,1.3700000047683716,1.3700000047683716,1.3700000047683716,1.3700000047683716,1.3700000047683716,0
2024-01-24,1.3700000047683716,1.3700000047683716,1.3700000047683716,1.3700000047683716,1.3700000047683716,0
2024-01-25,1.3700000047683716,1.3700000047683716,1.3700000047683716,1.3700000047683716,1.3700000047683716,0
2024-01-26,1.3700000047683716,1.3700000047683716,1.3700000047683716,1.3700000047683716,1.3700000047683716,0
2024-01-29,1.3700000047683716,1.3700000047683716,1.3700000047683716,1.3700000047683716,1.3700000047683716,0
2024-01-30,1.3700000047683716,1.3700000047683716,1.3700000047683716,1.3700000047683716,1.3700000047683716,0
2024-01-31,1.3700000047683716,1.3700000047683716,1.3700000047683716,1.3700000047683716,1.3700000047683716,0
2024-02-01,1.3700000047683716,1.3700000047683716,1.3700000047683716,1.3700000047683716,1.3700000047683716,0
2024-02-02,1.3700000047683716,1.3700000047683716,1.3700000047683716,1.3700000047683716,1.3700000047683716,0
2024-02-05,1.3700000047683716,1.3700000047683716,1.3700000047683716,1.3700000047683716,1.3700000047683716,0
2024-02-06,1.3700000047683716,1.3700000047683716,1.3700000047683716,1.3700000047683716,1.3700000047683716,0
2024-02-07,1.3700000047683716,1.3700000047683716,1.3700000047683716,1.3700000047683716,1.3700000047683716,0
2024-02-08,1.3700000047683716,1.3700000047683716,1.3700000047683716,1.3700000047683716,1.3700000047683716,0
2024-02-09,1.3700000047683716,1.3700000047683716,1.3700000047683716,1.3700000047683716,1.3700000047683716,0
2024-02-14,1.3700000047683716,1.3700000047683716,1.3700000047683716,1.3700000047683716,1.3700000047683716,0
2024-02-15,1.3700000047683716,1.3700000047683716,1.3700000047683716,1.3700000047683716,1.3700000047683716,0
2024-02-16,1.3700000047683716,1.3700000047683716,1.3700000047683716,1.3700000047683716,1.3700000047683716,0
2024-02-19,1.3700000047683716,1.3700000047683716,1.3700000047683716,1.3700000047683716,1.3700000047683716,0
2024-02-20,1.3700000047683716,1.3700000047683716,1.3700000047683716,1.3700000047683716,1.3700000047683716,0
2024-02-21,1.3700000047683716,1.3700000047683716,1.3700000047683716,1.3700000047683716,1.3700000047683716,0
2024-02-22,1.3700000047683716,1.3700000047683716,1.3700000047683716,1.3700000047683716,1.3700000047683716,0
2024-02-23,1.3700000047683716,1.3700000047683716,1.3700000047683716,1.3700000047683716,1.3700000047683716,0
2024-02-26,1.3700000047683716,1.3700000047683716,1.3700000047683716,1.3700000047683716,1.3700000047683716,0
2024-02-27,1.3700000047683716,1.3700000047683716,1.3700000047683716,1.3700000047683716,1.3700000047683716,0
2024-02-28,1.3700000047683716,1.3700000047683716,1.3700000047683716,1.3700000047683716,1.3700000047683716,0
2024-02-29,1.3700000047683716,1.3700000047683716,1.3700000047683716,1.3700000047683716,1.3700000047683716,0
2024-03-01,1.3700000047683716,1.3700000047683716,1.3700000047683716,1.3700000047683716,1.3700000047683716,0
2024-03-04,1.3700000047683716,1.3700000047683716,1.3700000047683716,1.3700000047683716,1.3700000047683716,0
2024-03-05,1.3700000047683716,1.3700000047683716,1.3700000047683716,1.3700000047683716,1.3700000047683716,0
2024-03-06,1.3700000047683716,1.3700000047683716,1.3700000047683716,1.3700000047683716,1.3700000047683716,0
2024-03-07,1.3700000047683716,1.3700000047683716,1.3700000047683716,1.3700000047683716,1.3700000047683716,0
2024-03-08,1.3700000047683716,1.3700000047683716,1.3700000047683716,1.3700000047683716,1.3700000047683716,0
2024-03-11,1.3700000047683716,1.3700000047683716,1.3700000047683716,1.3700000047683716,1.3700000047683716,0
2024-03-12,1.3700000047683716,1.3700000047683716,1.3700000047683716,1.3700000047683716,1.3700000047683716,0
2024-03-13,1.3700000047683716,1.3700000047683716,1.3700000047683716,1.3700000047683716,1.3700000047683716,0
2024-03-14,1.3700000047683716,1.3700000047683716,1.3700000047683716,1.3700000047683716,1.3700000047683716,0
2024-03-15,1.3700000047683716,1.3700000047683716,1.3700000047683716,1.3700000047683716,1.3700000047683716,0
2024-03-18,1.3700000047683716,1.3700000047683716,1.3700000047683716,1.3700000047683716,1.3700000047683716,0
2024-03-19,1.3700000047683716,1.3700000047683716,1.3700000047683716,1.3700000047683716,1.3700000047683716,0
2024-03-20,1.3700000047683716,1.3700000047683716,1.3700000047683716,1.3700000047683716,1.3700000047683716,0
2024-03-21,1.3700000047683716,1.3700000047683716,1.3700000047683716,1.3700000047683716,1.3700000047683716,0
2024-03-22,1.3700000047683716,1.3700000047683716,1.3700000047683716,1.3700000047683716,1.3700000047683716,0
2024-03-25,1.3700000047683716,1.3700000047683716,1.3700000047683716,1.3700000047683716,1.3700000047683716,0
2024-03-26,1.3700000047683716,1.3700000047683716,1.3700000047683716,1.3700000047683716,1.3700000047683716,0
2024-03-27,1.3700000047683716,1.3700000047683716,1.3700000047683716,1.3700000047683716,1.3700000047683716,0
2024-03-28,1.3700000047683716,1.3700000047683716,1.3700000047683716,1.3700000047683716,1.3700000047683716,0
2024-04-02,1.3700000047683716,1.3700000047683716,1.3700000047683716,1.3700000047683716,1.3700000047683716,0
2024-04-03,1.3700000047683716,1.3700000047683716,1.3700000047683716,1.3700000047683716,1.3700000047683716,0
2024-04-05,1.3700000047683716,1.3700000047683716,1.3700000047683716,1.3700000047683716,1.3700000047683716,0
2024-04-08,1.3700000047683716,1.3700000047683716,1.3700000047683716,1.3700000047683716,1.3700000047683716,0
2024-04-09,1.3700000047683716,1.3700000047683716,1.3700000047683716,1.3700000047683716,1.3700000047683716,0
2024-04-10,1.3700000047683716,1.3700000047683716,1.3700000047683716,1.3700000047683716,1.3700000047683716,0
2024-04-11,1.3700000047683716,1.3700000047683716,1.3700000047683716,1.3700000047683716,1.3700000047683716,0
2024-04-12,1.3700000047683716,1.3700000047683716,1.3700000047683716,1.3700000047683716,1.3700000047683716,0
2024-04-15,1.3700000047683716,1.3700000047683716,1.3700000047683716,1.3700000047683716,1.3700000047683716,0
2024-04-16,1.3700000047683716,1.3700000047683716,1.3700000047683716,1.3700000047683716,1.3700000047683716,0
2024-04-17,1.3700000047683716,1.3700000047683716,1.3700000047683716,1.3700000047683716,1.3700000047683716,0
2024-04-18,1.3700000047683716,1.3700000047683716,1.3700000047683716,1.3700000047683716,1.3700000047683716,0
2024-04-19,1.3700000047683716,1.3700000047683716,1.3700000047683716,1.3700000047683716,1.3700000047683716,0
2024-04-22,1.3700000047683716,1.3700000047683716,1.3700000047683716,1.3700000047683716,1.3700000047683716,0
2024-04-23,1.3700000047683716,1.3700000047683716,1.3700000047683716,1.3700000047683716,1.3700000047683716,0
2024-04-24,1.3700000047683716,1.3700000047683716,1.3700000047683716,1.3700000047683716,1.3700000047683716,0
2024-04-25,1.3700000047683716,1.3700000047683716,1.3700000047683716,1.3700000047683716,1.3700000047683716,0
2024-04-26,1.3700000047683716,1.3700000047683716,1.3700000047683716,1.3700000047683716,1.3700000047683716,0
2024-04-29,1.3700000047683716,1.3700000047683716,1.3700000047683716,1.3700000047683716,1.3700000047683716,0
2024-04-30,1.3700000047683716,1.3700000047683716,1.3700000047683716,1.3700000047683716,1.3700000047683716,0
2024-05-02,1.3700000047683716,1.3700000047683716,1.3700000047683716,1.3700000047683716,1.3700000047683716,0
2024-05-03,1.3700000047683716,1.3700000047683716,1.3700000047683716,1.3700000047683716,1.3700000047683716,0
2024-05-06,1.3700000047683716,1.3700000047683716,1.3700000047683716,1.3700000047683716,1.3700000047683716,0
2024-05-07,1.3700000047683716,1.3700000047683716,1.3700000047683716,1.3700000047683716,1.3700000047683716,0
2024-05-08,1.3700000047683716,1.3700000047683716,1.3700000047683716,1.3700000047683716,1.3700000047683716,0
2024-05-09,1.3700000047683716,1.3700000047683716,1.3700000047683716,1.3700000047683716,1.3700000047683716,0
2024-05-10,1.3700000047683716,1.3700000047683716,1.3700000047683716,1.3700000047683716,1.3700000047683716,0
2024-05-13,1.3700000047683716,1.3700000047683716,1.3700000047683716,1.3700000047683716,1.3700000047683716,0
2024-05-14,1.3700000047683716,1.3700000047683716,1.3700000047683716,1.3700000047683716,1.3700000047683716,0
2024-05-16,1.3700000047683716,1.3700000047683716,1.3700000047683716,1.3700000047683716,1.3700000047683716,0
2024-05-17,1.3700000047683716,1.3700000047683716,1.3700000047683716,1.3700000047683716,1.3700000047683716,0
2024-05-20,1.3700000047683716,1.3700000047683716,1.3700000047683716,1.3700000047683716,1.3700000047683716,0
2024-05-21,1.3700000047683716,1.3700000047683716,1.3700000047683716,1.3700000047683716,1.3700000047683716,0
2024-05-22,1.3700000047683716,1.3700000047683716,1.3700000047683716,1.3700000047683716,1.3700000047683716,0
2024-05-23,1.3700000047683716,1.3700000047683716,1.3700000047683716,1.3700000047683716,1.3700000047683716,0
2024-05-24,1.3700000047683716,1.3700000047683716,1.3700000047683716,1.3700000047683716,1.3700000047683716,0
2024-05-27,1.3700000047683716,1.3700000047683716,1.3700000047683716,1.3700000047683716,1.3700000047683716,0
2024-05-28,1.3700000047683716,1.3700000047683716,1.3700000047683716,1.3700000047683716,1.3700000047683716,0
2024-05-29,1.3700000047683716,1.3700000047683716,1.3700000047683716,1.3700000047683716,1.3700000047683716,0
2024-05-30,1.3700000047683716,1.3700000047683716,1.3700000047683716,1.3700000047683716,1.3700000047683716,0
2024-05-31,1.3700000047683716,1.3700000047683716,1.3700000047683716,1.3700000047683716,1.3700000047683716,0
2024-06-03,1.3700000047683716,1.3700000047683716,1.3700000047683716,1.3700000047683716,1.3700000047683716,0
2024-06-04,1.3700000047683716,1.3700000047683716,1.3700000047683716,1.3700000047683716,1.3700000047683716,0
2024-06-05,1.3700000047683716,1.3700000047683716,1.3700000047683716,1.3700000047683716,1.3700000047683716,0
2024-06-06,1.3700000047683716,1.3700000047683716,1.3700000047683716,1.3700000047683716,1.3700000047683716,0
2024-06-07,1.3700000047683716,1.3700000047683716,1.3700000047683716,1.3700000047683716,1.3700000047683716,0
2024-06-11,1.3700000047683716,1.3700000047683716,1.3700000047683716,1.3700000047683716,1.3700000047683716,0
2024-06-12,1.3700000047683716,1.3700000047683716,1.3700000047683716,1.3700000047683716,1.3700000047683716,0
2024-06-13,1.3700000047683716,1.3700000047683716,1.3700000047683716,1.3700000047683716,1.3700000047683716,0
2024-06-14,1.3700000047683716,1.3700000047683716,1.3700000047683716,1.3700000047683716,1.3700000047683716,0
2024-06-17,1.3700000047683716,1.3700000047683716,1.3700000047683716,1.3700000047683716,1.3700000047683716,0
2024-06-18,1.3700000047683716,1.3700000047683716,1.3700000047683716,1.3700000047683716,1.3700000047683716,0
2024-06-19,1.3700000047683716,1.3700000047683716,1.3700000047683716,1.3700000047683716,1.3700000047683716,0
2024-06-20,1.3700000047683716,1.3700000047683716,1.3700000047683716,1.3700000047683716,1.3700000047683716,0
2024-06-21,1.3700000047683716,1.3700000047683716,1.3700000047683716,1.3700000047683716,1.3700000047683716,0
2024-06-24,1.3700000047683716,1.3700000047683716,1.3700000047683716,1.3700000047683716,1.3700000047683716,0
2024-06-25,1.3700000047683716,1.3700000047683716,1.3700000047683716,1.3700000047683716,1.3700000047683716,0
2024-06-26,1.3700000047683716,1.3700000047683716,1.3700000047683716,1.3700000047683716,1.3700000047683716,0
2024-06-27,1.3700000047683716,1.3700000047683716,1.3700000047683716,1.3700000047683716,1.3700000047683716,0
2024-06-28,1.3700000047683716,1.3700000047683716,1.3700000047683716,1.3700000047683716,1.3700000047683716,0
2024-07-02,1.3700000047683716,1.3700000047683716,1.3700000047683716,1.3700000047683716,1.3700000047683716,0
2024-07-03,1.3700000047683716,1.3700000047683716,1.3700000047683716,1.3700000047683716,1.3700000047683716,0
2024-07-04,1.3700000047683716,1.3700000047683716,1.3700000047683716,1.3700000047683716,1.3700000047683716,0
2024-07-08,1.3700000047683716,1.3700000047683716,1.3700000047683716,1.3700000047683716,1.3700000047683716,0
2024-07-09,1.3700000047683716,1.3700000047683716,1.3700000047683716,1.3700000047683716,1.3700000047683716,0
2024-07-10,1.3700000047683716,1.3700000047683716,1.3700000047683716,1.3700000047683716,1.3700000047683716,0
2024-07-11,1.3700000047683716,1.3700000047683716,1.3700000047683716,1.3700000047683716,1.3700000047683716,0
2024-07-12,1.3700000047683716,1.3700000047683716,1.3700000047683716,1.3700000047683716,1.3700000047683716,0
2024-07-15,1.3700000047683716,1.3700000047683716,1.3700000047683716,1.3700000047683716,1.3700000047683716,0
2024-07-16,1.3700000047683716,1.3700000047683716,1.3700000047683716,1.3700000047683716,1.3700000047683716,0
2024-07-17,1.3700000047683716,1.3700000047683716,1.3700000047683716,1.3700000047683716,1.3700000047683716,0
2024-07-18,1.3700000047683716,1.3700000047683716,1.3700000047683716,1.3700000047683716,1.3700000047683716,0
2024-07-19,1.3700000047683716,1.3700000047683716,1.3700000047683716,1.3700000047683716,1.3700000047683716,0
2024-07-22,1.3700000047683716,1.3700000047683716,1.3700000047683716,1.3700000047683716,1.3700000047683716,0
2024-07-23,1.3700000047683716,1.3700000047683716,1.3700000047683716,1.3700000047683716,1.3700000047683716,0
2024-07-24,1.3700000047683716,1.3700000047683716,1.3700000047683716,1.3700000047683716,1.3700000047683716,0
2024-07-25,1.3700000047683716,1.3700000047683716,1.3700000047683716,1.3700000047683716,1.3700000047683716,0
2024-07-26,1.3700000047683716,1.3700000047683716,1.3700000047683716,1.3700000047683716,1.3700000047683716,0
2024-07-29,1.3700000047683716,1.3700000047683716,1.3700000047683716,1.3700000047683716,1.3700000047683716,0
2024-07-30,1.3700000047683716,1.3700000047683716,1.3700000047683716,1.3700000047683716,1.3700000047683716,0
2024-07-31,1.3700000047683716,1.3700000047683716,1.3700000047683716,1.3700000047683716,1.3700000047683716,0
