Date,Open,High,Low,Close,Adj Close,Volume
2020-10-12,3.3499999046325684,3.359999895095825,3.3499999046325684,3.3499999046325684,2.991894006729126,95750000
2020-10-14,3.3499999046325684,3.369999885559082,3.3499999046325684,3.3499999046325684,2.991894006729126,4685000
2020-10-15,3.3499999046325684,3.359999895095825,3.3499999046325684,3.3499999046325684,2.991894006729126,1828000
2020-10-16,3.359999895095825,3.359999895095825,3.3499999046325684,3.3499999046325684,2.991894006729126,57245000
2020-10-19,3.359999895095825,3.359999895095825,3.299999952316284,3.3499999046325684,2.991894006729126,3169000
2020-10-20,3.3499999046325684,3.3499999046325684,3.309999942779541,3.3499999046325684,2.991894006729126,1955000
2020-10-21,3.319999933242798,3.3499999046325684,3.319999933242798,3.3499999046325684,2.991894006729126,1388000
2020-10-22,3.3499999046325684,3.3499999046325684,3.3299999237060547,3.3499999046325684,2.991894006729126,710000
2020-10-23,3.3499999046325684,3.369999885559082,3.3299999237060547,3.3499999046325684,2.991894006729126,1382000
2020-10-27,3.3499999046325684,3.359999895095825,3.3299999237060547,3.3299999237060547,2.974032163619995,19998000
2020-10-28,3.3299999237060547,3.3499999046325684,3.299999952316284,3.3499999046325684,2.991894006729126,1513000
2020-10-29,3.3399999141693115,3.3499999046325684,3.3399999141693115,3.3499999046325684,2.991894006729126,331000
2020-10-30,3.3399999141693115,3.3499999046325684,3.3399999141693115,3.3499999046325684,2.991894006729126,398000
2020-11-02,3.3399999141693115,3.3499999046325684,3.3399999141693115,3.3499999046325684,2.991894006729126,206000
2020-11-03,3.3499999046325684,3.3499999046325684,3.3399999141693115,3.3499999046325684,2.991894006729126,136000
2020-11-04,3.3399999141693115,3.3499999046325684,3.3399999141693115,3.3499999046325684,2.991894006729126,77000
2020-11-05,3.3499999046325684,3.3499999046325684,3.3399999141693115,3.3499999046325684,2.991894006729126,120000
2020-11-06,3.3399999141693115,3.3499999046325684,3.3399999141693115,3.3499999046325684,2.991894006729126,89000
2020-11-09,3.3399999141693115,3.3499999046325684,3.3399999141693115,3.3499999046325684,2.991894006729126,294000
2020-11-10,3.3399999141693115,3.3499999046325684,3.3399999141693115,3.3499999046325684,2.991894006729126,160000
2020-11-11,3.3499999046325684,3.3499999046325684,3.3399999141693115,3.3499999046325684,2.991894006729126,130000
2020-11-12,3.3399999141693115,3.3499999046325684,3.3399999141693115,3.3499999046325684,2.991894006729126,478000
2020-11-13,3.3399999141693115,3.3499999046325684,3.3399999141693115,3.3499999046325684,2.991894006729126,73000
2020-11-16,3.3399999141693115,3.3499999046325684,3.3399999141693115,3.3499999046325684,2.991894006729126,38000
2020-11-17,3.3399999141693115,3.3499999046325684,3.3399999141693115,3.3499999046325684,2.991894006729126,322000
2020-11-18,3.3399999141693115,3.3499999046325684,3.3399999141693115,3.3499999046325684,2.991894006729126,31000
2020-11-19,3.3399999141693115,3.3499999046325684,3.3399999141693115,3.3499999046325684,2.991894006729126,40000
2020-11-20,3.3499999046325684,3.3499999046325684,3.3499999046325684,3.3499999046325684,2.991894006729126,102000
2020-11-23,3.3399999141693115,3.3499999046325684,3.3399999141693115,3.3499999046325684,2.991894006729126,110000
2020-11-24,3.3399999141693115,3.3499999046325684,3.3399999141693115,3.3499999046325684,2.991894006729126,58000
2020-11-25,3.359999895095825,3.359999895095825,3.3399999141693115,3.3499999046325684,2.991894006729126,8000
2020-11-26,3.3499999046325684,3.3499999046325684,3.3499999046325684,3.3499999046325684,2.991894006729126,48000
2020-11-27,3.3499999046325684,3.359999895095825,3.3499999046325684,3.3499999046325684,2.991894006729126,78000
2020-11-30,3.3399999141693115,3.359999895095825,3.3399999141693115,3.3499999046325684,2.991894006729126,190000
2020-12-01,3.3399999141693115,3.3499999046325684,3.3399999141693115,3.3499999046325684,2.991894006729126,32000
2020-12-02,3.3399999141693115,3.3499999046325684,3.3399999141693115,3.3499999046325684,2.991894006729126,29000
2020-12-03,3.3399999141693115,3.359999895095825,3.3399999141693115,3.359999895095825,3.0008249282836914,43000
2020-12-04,3.359999895095825,3.359999895095825,3.3399999141693115,3.359999895095825,3.0008249282836914,11000
2020-12-07,3.3399999141693115,3.359999895095825,3.3399999141693115,3.359999895095825,3.0008249282836914,35000
2020-12-08,3.3399999141693115,3.3499999046325684,3.3399999141693115,3.3499999046325684,2.991894006729126,74000
2020-12-09,3.3499999046325684,3.3499999046325684,3.3499999046325684,3.3499999046325684,2.991894006729126,50000
2020-12-10,3.3399999141693115,3.3499999046325684,3.3399999141693115,3.3499999046325684,2.991894006729126,25000
2020-12-11,3.3399999141693115,3.3499999046325684,3.3399999141693115,3.3499999046325684,2.991894006729126,13000
2020-12-14,3.3399999141693115,3.3499999046325684,3.3399999141693115,3.3499999046325684,2.991894006729126,49000
2020-12-15,3.3399999141693115,3.3499999046325684,3.3399999141693115,3.3499999046325684,2.991894006729126,66000
2020-12-16,3.3399999141693115,3.3499999046325684,3.3399999141693115,3.3499999046325684,2.991894006729126,38000
2020-12-17,3.3399999141693115,3.3499999046325684,3.3399999141693115,3.3499999046325684,2.991894006729126,39000
2020-12-18,3.3399999141693115,3.3499999046325684,3.3399999141693115,3.3499999046325684,2.991894006729126,26000
2020-12-21,3.3399999141693115,3.3499999046325684,3.3399999141693115,3.3499999046325684,2.991894006729126,41000
2020-12-22,3.3399999141693115,3.3499999046325684,3.3399999141693115,3.3499999046325684,2.991894006729126,71000
2020-12-23,3.3399999141693115,3.3499999046325684,3.3399999141693115,3.3499999046325684,2.991894006729126,72000
2020-12-24,3.3499999046325684,3.3499999046325684,3.3499999046325684,3.3499999046325684,2.991894006729126,0
2020-12-28,3.3399999141693115,3.3499999046325684,3.3399999141693115,3.3499999046325684,2.991894006729126,33000
2020-12-29,3.3399999141693115,3.3499999046325684,3.3399999141693115,3.3499999046325684,2.991894006729126,14000
2020-12-30,3.3399999141693115,3.3499999046325684,3.3399999141693115,3.3499999046325684,2.991894006729126,40000
2020-12-31,3.3499999046325684,3.3499999046325684,3.3499999046325684,3.3499999046325684,2.991894006729126,0
2021-01-04,3.3399999141693115,3.3499999046325684,3.3399999141693115,3.3499999046325684,2.991894006729126,50000
2021-01-05,3.3399999141693115,3.3399999141693115,3.3399999141693115,3.3399999141693115,2.9829630851745605,24000
2021-01-06,3.3399999141693115,3.3499999046325684,3.3399999141693115,3.3499999046325684,2.991894006729126,61000
2021-01-07,3.3399999141693115,3.3499999046325684,3.3399999141693115,3.3499999046325684,2.991894006729126,40000
2021-01-08,3.3399999141693115,3.3499999046325684,3.3399999141693115,3.3499999046325684,2.991894006729126,35000
2021-01-11,3.3499999046325684,3.3499999046325684,3.3499999046325684,3.3499999046325684,2.991894006729126,21000
2021-01-12,3.3499999046325684,3.3499999046325684,3.3499999046325684,3.3499999046325684,2.991894006729126,21000
2021-01-13,3.3499999046325684,3.3499999046325684,3.3499999046325684,3.3499999046325684,2.991894006729126,3000
2021-01-14,3.3499999046325684,3.3499999046325684,3.3499999046325684,3.3499999046325684,2.991894006729126,8000
2021-01-15,3.3499999046325684,3.3499999046325684,3.3499999046325684,3.3499999046325684,2.991894006729126,7000
2021-01-18,3.3499999046325684,3.3499999046325684,3.3399999141693115,3.3499999046325684,2.991894006729126,25000
2021-01-19,3.3399999141693115,3.3499999046325684,3.3399999141693115,3.3499999046325684,2.991894006729126,35000
2021-01-20,3.3399999141693115,3.3499999046325684,3.3399999141693115,3.3499999046325684,2.991894006729126,12000
2021-01-21,3.3399999141693115,3.3499999046325684,3.3399999141693115,3.3499999046325684,2.991894006729126,3000
2021-01-22,3.3399999141693115,3.3499999046325684,3.3399999141693115,3.3499999046325684,2.991894006729126,25000
2021-01-25,3.3399999141693115,3.3499999046325684,3.3399999141693115,3.3499999046325684,2.991894006729126,58000
2021-01-26,3.3399999141693115,3.3499999046325684,3.3399999141693115,3.3499999046325684,2.991894006729126,110000
2021-01-27,3.3399999141693115,3.3499999046325684,3.3399999141693115,3.3499999046325684,2.991894006729126,16000
2021-01-28,3.3399999141693115,3.359999895095825,3.3399999141693115,3.359999895095825,3.0008249282836914,37000
2021-01-29,3.359999895095825,3.359999895095825,3.359999895095825,3.359999895095825,3.0008249282836914,0
2021-02-01,3.3399999141693115,3.3499999046325684,3.3399999141693115,3.3499999046325684,2.991894006729126,9000
2021-02-02,3.3499999046325684,3.3499999046325684,3.3499999046325684,3.3499999046325684,2.991894006729126,3000
2021-02-03,3.3499999046325684,3.3499999046325684,3.3499999046325684,3.3499999046325684,2.991894006729126,2000
2021-02-04,3.3499999046325684,3.3499999046325684,3.3499999046325684,3.3499999046325684,2.991894006729126,1000
2021-02-05,3.3499999046325684,3.3499999046325684,3.3499999046325684,3.3499999046325684,2.991894006729126,0
2021-02-08,3.3399999141693115,3.3499999046325684,3.3399999141693115,3.3499999046325684,2.991894006729126,21000
2021-02-09,3.3499999046325684,3.3499999046325684,3.3499999046325684,3.3499999046325684,2.991894006729126,1000
2021-02-10,3.3499999046325684,3.3499999046325684,3.3499999046325684,3.3499999046325684,2.991894006729126,5000
2021-02-11,3.3499999046325684,3.3499999046325684,3.3499999046325684,3.3499999046325684,2.991894006729126,0
2021-02-16,3.3499999046325684,3.390000104904175,3.3399999141693115,3.3499999046325684,2.991894006729126,30000
2021-02-17,3.3399999141693115,3.3499999046325684,3.3399999141693115,3.3499999046325684,2.991894006729126,4000
2021-02-18,3.3399999141693115,3.3499999046325684,3.3399999141693115,3.3499999046325684,2.991894006729126,16000
2021-02-19,3.3399999141693115,3.369999885559082,3.3399999141693115,3.369999885559082,3.009756326675415,43000
2021-02-22,3.3399999141693115,3.3499999046325684,3.3399999141693115,3.3499999046325684,2.991894006729126,3000
2021-02-23,3.3399999141693115,3.3499999046325684,3.3399999141693115,3.3499999046325684,2.991894006729126,6000
2021-02-24,3.3399999141693115,3.3499999046325684,3.3399999141693115,3.3499999046325684,2.991894006729126,4000
2021-02-25,3.3399999141693115,3.3399999141693115,3.3399999141693115,3.3499999046325684,2.991894006729126,1000
2021-02-26,3.3499999046325684,3.3499999046325684,3.3499999046325684,3.3499999046325684,2.991894006729126,103000
2021-03-01,3.3399999141693115,3.3499999046325684,3.3399999141693115,3.3499999046325684,2.991894006729126,6000
2021-03-02,3.3399999141693115,3.3399999141693115,3.3399999141693115,3.3499999046325684,2.991894006729126,1000
2021-03-03,3.3399999141693115,3.3399999141693115,3.3399999141693115,3.3499999046325684,2.991894006729126,1000
2021-03-04,3.3399999141693115,3.3399999141693115,3.3399999141693115,3.3499999046325684,2.991894006729126,3000
2021-03-05,3.3399999141693115,3.3499999046325684,3.3399999141693115,3.3499999046325684,2.991894006729126,5000
2021-03-08,3.3399999141693115,3.3499999046325684,3.3399999141693115,3.3499999046325684,2.991894006729126,3000
2021-03-09,3.3499999046325684,3.3499999046325684,3.3499999046325684,3.3499999046325684,2.991894006729126,3000
2021-03-10,3.3399999141693115,3.3399999141693115,3.3399999141693115,3.3499999046325684,2.991894006729126,5000
2021-03-11,3.3499999046325684,3.3499999046325684,3.3499999046325684,3.3499999046325684,2.991894006729126,1000
2021-03-12,3.3499999046325684,3.3499999046325684,3.3499999046325684,3.3499999046325684,2.991894006729126,2000
2021-03-15,3.3499999046325684,3.3499999046325684,3.3499999046325684,3.3499999046325684,2.991894006729126,2000
2021-03-16,3.3399999141693115,3.3499999046325684,3.3399999141693115,3.3499999046325684,2.991894006729126,3000
2021-03-17,3.3499999046325684,3.3499999046325684,3.3499999046325684,3.3499999046325684,2.991894006729126,11000
2021-03-18,3.3499999046325684,3.3499999046325684,3.3499999046325684,3.3499999046325684,2.991894006729126,3000
2021-03-19,3.3499999046325684,3.3499999046325684,3.3499999046325684,3.3499999046325684,2.991894006729126,1000
2021-03-22,3.3399999141693115,3.3499999046325684,3.3399999141693115,3.3499999046325684,2.991894006729126,3000
2021-03-23,3.3499999046325684,3.3499999046325684,3.3499999046325684,3.3499999046325684,2.991894006729126,0
2021-03-24,3.3499999046325684,3.3499999046325684,3.3499999046325684,3.3499999046325684,2.991894006729126,1000
2021-03-25,3.3499999046325684,3.3499999046325684,3.3499999046325684,3.3499999046325684,2.991894006729126,1000
2021-03-26,3.3499999046325684,3.3499999046325684,3.3499999046325684,3.3499999046325684,2.991894006729126,0
2021-03-29,3.3499999046325684,3.3499999046325684,3.3499999046325684,3.3499999046325684,2.991894006729126,3000
2021-03-30,3.3499999046325684,3.3499999046325684,3.3499999046325684,3.3499999046325684,2.991894006729126,0
2021-03-31,3.3499999046325684,3.3499999046325684,3.3499999046325684,3.3499999046325684,2.991894006729126,2000
2021-04-01,3.3499999046325684,3.3499999046325684,3.3499999046325684,3.3499999046325684,2.991894006729126,0
2021-04-07,3.3499999046325684,3.3499999046325684,3.3499999046325684,3.3499999046325684,2.991894006729126,0
2021-04-08,3.3399999141693115,3.3399999141693115,3.3399999141693115,3.3499999046325684,2.991894006729126,1000
2021-04-09,3.3499999046325684,3.3499999046325684,3.3499999046325684,3.3499999046325684,2.991894006729126,0
2021-04-12,3.3499999046325684,3.3499999046325684,3.3399999141693115,3.3499999046325684,2.991894006729126,2000
2021-04-13,3.3499999046325684,3.3499999046325684,3.3499999046325684,3.3499999046325684,2.991894006729126,4000
2021-04-14,3.3499999046325684,3.3499999046325684,3.3499999046325684,3.3499999046325684,2.991894006729126,0
2021-04-15,3.3499999046325684,3.3499999046325684,3.3499999046325684,3.3499999046325684,2.991894006729126,0
2021-04-16,3.3499999046325684,3.3499999046325684,3.3499999046325684,3.3499999046325684,2.991894006729126,0
2021-04-19,3.3499999046325684,3.3499999046325684,3.3499999046325684,3.3499999046325684,2.991894006729126,0
2021-04-20,3.3499999046325684,3.3499999046325684,3.3499999046325684,3.3499999046325684,2.991894006729126,5000
2021-04-21,3.3499999046325684,3.3499999046325684,3.3499999046325684,3.3499999046325684,2.991894006729126,0
2021-04-22,3.3499999046325684,3.3499999046325684,3.3499999046325684,3.3499999046325684,2.991894006729126,0
2021-04-23,3.3499999046325684,3.3499999046325684,3.3499999046325684,3.3499999046325684,2.991894006729126,101000
2021-04-26,3.3499999046325684,3.3499999046325684,3.3499999046325684,3.3499999046325684,2.991894006729126,0
2021-04-27,3.3499999046325684,3.3499999046325684,3.3499999046325684,3.3499999046325684,2.991894006729126,5000
2021-04-28,3.3499999046325684,3.3499999046325684,3.3499999046325684,3.3499999046325684,2.991894006729126,0
2021-04-29,3.3499999046325684,3.3499999046325684,3.3499999046325684,3.3499999046325684,2.991894006729126,0
2021-04-30,3.3499999046325684,3.3499999046325684,3.3499999046325684,3.3499999046325684,2.991894006729126,0
2021-05-03,3.3499999046325684,3.3499999046325684,3.3499999046325684,3.3499999046325684,2.991894006729126,0
2021-05-04,3.3499999046325684,3.3499999046325684,3.3499999046325684,3.3499999046325684,2.991894006729126,10000
2021-05-05,3.3499999046325684,3.3499999046325684,3.3499999046325684,3.3499999046325684,2.991894006729126,2000
2021-05-06,3.3499999046325684,3.3499999046325684,3.3499999046325684,3.3499999046325684,2.991894006729126,9000
2021-05-07,3.3399999141693115,3.3499999046325684,3.3399999141693115,3.3499999046325684,2.991894006729126,11000
2021-05-10,3.3499999046325684,3.3499999046325684,3.3499999046325684,3.3499999046325684,2.991894006729126,0
2021-05-11,3.3499999046325684,3.3499999046325684,3.3499999046325684,3.3499999046325684,2.991894006729126,0
2021-05-12,3.3499999046325684,3.3499999046325684,3.3499999046325684,3.3499999046325684,2.991894006729126,1000
2021-05-13,3.3499999046325684,3.3499999046325684,3.3499999046325684,3.3499999046325684,2.991894006729126,0
2021-05-14,3.3399999141693115,3.3499999046325684,3.3499999046325684,3.3499999046325684,2.991894006729126,6000
2021-05-17,3.3499999046325684,3.3499999046325684,3.3499999046325684,3.3499999046325684,2.991894006729126,0
2021-05-18,3.3499999046325684,3.3499999046325684,3.3499999046325684,3.3499999046325684,2.991894006729126,0
2021-05-20,3.3499999046325684,3.3499999046325684,3.3499999046325684,3.3499999046325684,2.991894006729126,1000
2021-05-21,3.3499999046325684,3.3499999046325684,3.3499999046325684,3.3499999046325684,2.991894006729126,0
2021-05-24,3.3499999046325684,3.3499999046325684,3.3499999046325684,3.3499999046325684,2.991894006729126,0
2021-05-25,3.3499999046325684,3.3499999046325684,3.3499999046325684,3.3499999046325684,2.991894006729126,0
2021-05-26,3.3499999046325684,3.3499999046325684,3.3499999046325684,3.3499999046325684,2.991894006729126,0
2021-05-27,3.3499999046325684,3.3499999046325684,3.3499999046325684,3.3499999046325684,2.991894006729126,2000
2021-05-28,3.3499999046325684,3.3499999046325684,3.3499999046325684,3.3499999046325684,2.991894006729126,0
2021-05-31,3.3499999046325684,3.3499999046325684,3.3499999046325684,3.3499999046325684,2.991894006729126,0
2021-06-01,3.3499999046325684,3.3499999046325684,3.3499999046325684,3.3499999046325684,2.991894006729126,0
2021-06-02,3.3499999046325684,3.3499999046325684,3.3499999046325684,3.3499999046325684,2.991894006729126,0
2021-06-03,3.3499999046325684,3.3499999046325684,3.3499999046325684,3.3499999046325684,2.991894006729126,6000
2021-06-04,3.3499999046325684,3.3499999046325684,3.3499999046325684,3.3499999046325684,2.991894006729126,1000
2021-06-07,3.3499999046325684,3.3499999046325684,3.3499999046325684,3.3499999046325684,2.991894006729126,0
2021-06-08,3.3499999046325684,3.3499999046325684,3.3499999046325684,3.3499999046325684,2.991894006729126,0
2021-06-09,3.3499999046325684,3.3499999046325684,3.3499999046325684,3.3499999046325684,2.991894006729126,91000
2021-06-10,3.3499999046325684,3.3499999046325684,3.3499999046325684,3.3499999046325684,2.991894006729126,0
2021-06-11,3.3499999046325684,3.3499999046325684,3.3499999046325684,3.3499999046325684,2.991894006729126,0
2021-06-15,3.3499999046325684,3.440000057220459,3.3499999046325684,3.440000057220459,3.0722734928131104,109000
2021-06-16,3.3399999141693115,3.3399999141693115,3.3399999141693115,3.3399999141693115,3.0920522212982178,0
2021-06-17,3.2300000190734863,3.2300000190734863,3.2200000286102295,3.2200000286102295,2.9809606075286865,200000
2021-06-18,3.2200000286102295,3.2300000190734863,3.2200000286102295,3.2300000190734863,2.990218162536621,35000
2021-06-21,3.2300000190734863,3.2300000190734863,3.2300000190734863,3.2300000190734863,2.990218162536621,0
2021-06-22,3.2300000190734863,3.2300000190734863,3.2300000190734863,3.2300000190734863,2.990218162536621,0
2021-06-23,3.2200000286102295,3.2300000190734863,3.2200000286102295,3.2300000190734863,2.990218162536621,102000
2021-06-24,3.2300000190734863,3.2300000190734863,3.2300000190734863,3.2300000190734863,2.990218162536621,2000
2021-06-25,3.2200000286102295,3.2300000190734863,3.2200000286102295,3.2300000190734863,2.990218162536621,5000
2021-06-28,3.2300000190734863,3.2300000190734863,3.2300000190734863,3.2300000190734863,2.990218162536621,2000
2021-06-29,3.2300000190734863,3.2300000190734863,3.2300000190734863,3.2300000190734863,2.990218162536621,1000
2021-06-30,3.2300000190734863,3.2300000190734863,3.2300000190734863,3.2300000190734863,2.990218162536621,2000
2021-07-02,3.2300000190734863,3.2300000190734863,3.2300000190734863,3.2300000190734863,2.990218162536621,0
2021-07-05,3.2300000190734863,3.2300000190734863,3.2300000190734863,3.2300000190734863,2.990218162536621,0
2021-07-06,3.2300000190734863,3.2300000190734863,3.2300000190734863,3.2300000190734863,2.990218162536621,0
2021-07-07,3.2300000190734863,3.2300000190734863,3.2300000190734863,3.2300000190734863,2.990218162536621,0
2021-07-08,3.2300000190734863,3.2300000190734863,3.2300000190734863,3.2300000190734863,2.990218162536621,2000
2021-07-09,3.2300000190734863,3.2300000190734863,3.2300000190734863,3.2300000190734863,2.990218162536621,138803000
2021-07-12,3.2300000190734863,3.2300000190734863,3.2300000190734863,3.2300000190734863,2.990218162536621,0
2021-07-13,3.2300000190734863,3.2300000190734863,3.2300000190734863,3.2300000190734863,2.990218162536621,1000
2021-07-14,3.2200000286102295,3.2300000190734863,3.2200000286102295,3.2300000190734863,2.990218162536621,10000
2021-07-15,3.2300000190734863,3.2300000190734863,3.2300000190734863,3.2300000190734863,2.990218162536621,0
2021-07-16,3.2300000190734863,3.2300000190734863,3.2300000190734863,3.2300000190734863,2.990218162536621,0
2021-07-19,3.2300000190734863,3.2300000190734863,3.2300000190734863,3.2300000190734863,2.990218162536621,0
2021-07-20,3.2300000190734863,3.2300000190734863,3.2300000190734863,3.2300000190734863,2.990218162536621,0
2021-07-21,3.2300000190734863,3.2300000190734863,3.2300000190734863,3.2300000190734863,2.990218162536621,0
2021-07-22,3.2300000190734863,3.2300000190734863,3.2300000190734863,3.2300000190734863,2.990218162536621,0
2021-07-23,3.2300000190734863,3.2300000190734863,3.2300000190734863,3.2300000190734863,2.990218162536621,0
2021-07-26,3.2300000190734863,3.2300000190734863,3.2300000190734863,3.2300000190734863,2.990218162536621,0
2021-07-27,3.2300000190734863,3.2300000190734863,3.2300000190734863,3.2300000190734863,2.990218162536621,0
2021-07-28,3.2300000190734863,3.2300000190734863,3.2300000190734863,3.2300000190734863,2.990218162536621,0
2021-07-29,3.2300000190734863,3.2300000190734863,3.2300000190734863,3.2300000190734863,2.990218162536621,0
2021-07-30,3.2300000190734863,3.2300000190734863,3.2300000190734863,3.2300000190734863,2.990218162536621,0
2021-08-02,3.2300000190734863,3.2300000190734863,3.2300000190734863,3.2300000190734863,2.990218162536621,0
2021-08-03,3.2300000190734863,3.2300000190734863,3.2300000190734863,3.2300000190734863,2.990218162536621,0
2021-08-04,3.2300000190734863,3.2300000190734863,3.2300000190734863,3.2300000190734863,2.990218162536621,0
2021-08-05,3.2300000190734863,3.2300000190734863,3.2300000190734863,3.2300000190734863,2.990218162536621,0
2021-08-06,3.2300000190734863,3.2300000190734863,3.2300000190734863,3.2300000190734863,2.990218162536621,0
2021-08-09,3.2300000190734863,3.2300000190734863,3.2300000190734863,3.2300000190734863,2.990218162536621,1000
2021-08-10,3.2300000190734863,3.2300000190734863,3.2300000190734863,3.2300000190734863,2.990218162536621,0
2021-08-11,3.2300000190734863,3.2300000190734863,3.2300000190734863,3.2300000190734863,2.990218162536621,13000
2021-08-12,3.2300000190734863,3.2300000190734863,3.2300000190734863,3.2300000190734863,2.990218162536621,0
2021-08-13,3.2300000190734863,3.2300000190734863,3.2300000190734863,3.2300000190734863,2.990218162536621,0
2021-08-16,3.2300000190734863,3.2300000190734863,3.2300000190734863,3.2300000190734863,2.990218162536621,0
2021-08-17,3.2300000190734863,3.2300000190734863,3.2300000190734863,3.2300000190734863,2.990218162536621,0
2021-08-18,3.2300000190734863,3.2300000190734863,3.2300000190734863,3.2300000190734863,2.990218162536621,0
2021-08-19,3.2300000190734863,3.2300000190734863,3.2300000190734863,3.2300000190734863,2.990218162536621,0
2021-08-20,3.2300000190734863,3.2300000190734863,3.2300000190734863,3.2300000190734863,2.990218162536621,0
2021-08-23,3.2300000190734863,3.2300000190734863,3.2300000190734863,3.2300000190734863,2.990218162536621,0
2021-08-24,3.2300000190734863,3.2300000190734863,3.2300000190734863,3.2300000190734863,2.990218162536621,0
2021-08-25,3.2300000190734863,3.2300000190734863,3.2300000190734863,3.2300000190734863,2.990218162536621,0
2021-08-26,3.2300000190734863,3.2300000190734863,3.2300000190734863,3.2300000190734863,2.990218162536621,0
2021-08-27,3.2300000190734863,3.2300000190734863,3.2300000190734863,3.2300000190734863,2.990218162536621,0
2021-08-30,3.2300000190734863,3.2300000190734863,3.2300000190734863,3.2300000190734863,2.990218162536621,0
2021-08-31,3.2300000190734863,3.2300000190734863,3.2300000190734863,3.2300000190734863,2.990218162536621,1000
2021-09-01,3.2300000190734863,3.2300000190734863,3.2300000190734863,3.2300000190734863,2.990218162536621,0
2021-09-02,3.2200000286102295,3.2200000286102295,3.2200000286102295,3.2200000286102295,2.9809606075286865,1000
2021-09-03,3.2300000190734863,3.2300000190734863,3.2300000190734863,3.2300000190734863,2.990218162536621,0
2021-09-06,3.2300000190734863,3.2300000190734863,3.2300000190734863,3.2300000190734863,2.990218162536621,0
2021-09-07,3.2300000190734863,3.2300000190734863,3.2300000190734863,3.2300000190734863,2.990218162536621,0
2021-09-08,3.2300000190734863,3.2300000190734863,3.2300000190734863,3.2300000190734863,2.990218162536621,0
2021-09-09,3.2300000190734863,3.2300000190734863,3.2300000190734863,3.2300000190734863,2.990218162536621,0
2021-09-10,3.2300000190734863,3.2300000190734863,3.2300000190734863,3.2300000190734863,2.990218162536621,0
2021-09-13,3.2300000190734863,3.2300000190734863,3.2300000190734863,3.2300000190734863,2.990218162536621,0
2021-09-14,3.2300000190734863,3.2300000190734863,3.2300000190734863,3.2300000190734863,2.990218162536621,0
2021-09-15,3.2300000190734863,3.2300000190734863,3.2300000190734863,3.2300000190734863,2.990218162536621,0
2021-09-16,3.2300000190734863,3.2300000190734863,3.2300000190734863,3.2300000190734863,2.990218162536621,0
2021-09-17,3.2300000190734863,3.2300000190734863,3.2300000190734863,3.2300000190734863,2.990218162536621,0
2021-09-20,3.2200000286102295,3.2200000286102295,3.2200000286102295,3.2300000190734863,2.990218162536621,6000
2021-09-21,3.2300000190734863,3.2300000190734863,3.2300000190734863,3.2300000190734863,2.990218162536621,0
2021-09-23,3.2300000190734863,3.2300000190734863,3.2300000190734863,3.2300000190734863,2.990218162536621,0
2021-09-24,3.2300000190734863,3.2300000190734863,3.2300000190734863,3.2300000190734863,2.990218162536621,0
2021-09-27,3.2300000190734863,3.2300000190734863,3.2300000190734863,3.2300000190734863,2.990218162536621,0
2021-09-28,3.2300000190734863,3.2300000190734863,3.2300000190734863,3.2300000190734863,2.990218162536621,0
2021-09-29,3.2300000190734863,3.2300000190734863,3.2300000190734863,3.2300000190734863,2.990218162536621,0
2021-09-30,3.2300000190734863,3.2300000190734863,3.2300000190734863,3.2300000190734863,2.990218162536621,0
2021-10-04,3.2100000381469727,3.2200000286102295,3.2100000381469727,3.2300000190734863,2.990218162536621,2000
2021-10-05,3.2300000190734863,3.2300000190734863,3.2300000190734863,3.2300000190734863,2.990218162536621,0
2021-10-06,3.2300000190734863,3.2300000190734863,3.2300000190734863,3.2300000190734863,2.990218162536621,0
2021-10-07,3.2300000190734863,3.2300000190734863,3.2300000190734863,3.2300000190734863,2.990218162536621,0
2021-10-08,3.2300000190734863,3.2300000190734863,3.2300000190734863,3.2300000190734863,2.990218162536621,0
2021-10-11,3.2300000190734863,3.2300000190734863,3.2300000190734863,3.2300000190734863,2.990218162536621,0
2021-10-12,3.2300000190734863,3.2300000190734863,3.2300000190734863,3.2300000190734863,2.990218162536621,0
2021-10-15,3.2300000190734863,3.2300000190734863,3.2300000190734863,3.2300000190734863,2.990218162536621,0
2021-10-18,3.2300000190734863,3.2300000190734863,3.2300000190734863,3.2300000190734863,2.990218162536621,0
2021-10-19,3.2300000190734863,3.2300000190734863,3.2300000190734863,3.2300000190734863,2.990218162536621,0
2021-10-20,3.2300000190734863,3.2300000190734863,3.2300000190734863,3.2300000190734863,2.990218162536621,1000
2021-10-21,3.2300000190734863,3.2300000190734863,3.2300000190734863,3.2300000190734863,2.990218162536621,0
2021-10-22,3.2300000190734863,3.2300000190734863,3.2300000190734863,3.2300000190734863,2.990218162536621,1000
2021-10-25,3.2300000190734863,3.2300000190734863,3.2300000190734863,3.2300000190734863,2.990218162536621,0
2021-10-26,3.2300000190734863,3.2300000190734863,3.2300000190734863,3.2300000190734863,2.990218162536621,0
2021-10-27,3.2300000190734863,3.2300000190734863,3.2300000190734863,3.2300000190734863,2.990218162536621,2000
2021-10-28,3.2300000190734863,3.2300000190734863,3.2300000190734863,3.2300000190734863,2.990218162536621,0
2021-10-29,3.2200000286102295,3.2200000286102295,3.2200000286102295,3.2300000190734863,2.990218162536621,1000
2021-11-01,3.2300000190734863,3.2300000190734863,3.2300000190734863,3.2300000190734863,2.990218162536621,0
2021-11-02,3.2300000190734863,3.2300000190734863,3.2300000190734863,3.2300000190734863,2.990218162536621,0
2021-11-03,3.2300000190734863,3.2300000190734863,3.2300000190734863,3.2300000190734863,2.990218162536621,0
2021-11-04,3.2300000190734863,3.2300000190734863,3.2300000190734863,3.2300000190734863,2.990218162536621,0
2021-11-05,3.2300000190734863,3.2300000190734863,3.2300000190734863,3.2300000190734863,2.990218162536621,0
2021-11-08,3.2300000190734863,3.2300000190734863,3.2300000190734863,3.2300000190734863,2.990218162536621,0
2021-11-09,3.2300000190734863,3.2300000190734863,3.2300000190734863,3.2300000190734863,2.990218162536621,0
2021-11-10,3.2300000190734863,3.2300000190734863,3.2300000190734863,3.2300000190734863,2.990218162536621,0
2021-11-11,3.2300000190734863,3.2300000190734863,3.2300000190734863,3.2300000190734863,2.990218162536621,0
2021-11-12,3.2300000190734863,3.2300000190734863,3.2300000190734863,3.2300000190734863,2.990218162536621,0
2021-11-15,3.2300000190734863,3.2300000190734863,3.2300000190734863,3.2300000190734863,2.990218162536621,0
2021-11-16,3.2300000190734863,3.2300000190734863,3.2300000190734863,3.2300000190734863,2.990218162536621,0
2021-11-17,3.2300000190734863,3.2300000190734863,3.2300000190734863,3.2300000190734863,2.990218162536621,0
2021-11-18,3.2300000190734863,3.2300000190734863,3.2300000190734863,3.2300000190734863,2.990218162536621,0
2021-11-19,3.2300000190734863,3.2300000190734863,3.2300000190734863,3.2300000190734863,2.990218162536621,0
2021-11-22,3.2300000190734863,3.2300000190734863,3.2300000190734863,3.2300000190734863,2.990218162536621,0
2021-11-23,3.2300000190734863,3.2300000190734863,3.2300000190734863,3.2300000190734863,2.990218162536621,0
2021-11-24,3.4100000858306885,3.4100000858306885,3.4100000858306885,3.4100000858306885,3.156855821609497,0
2021-11-25,3.4100000858306885,3.4100000858306885,3.4100000858306885,3.4100000858306885,3.156855821609497,0
2021-11-26,3.4100000858306885,3.4100000858306885,3.4100000858306885,3.4100000858306885,3.156855821609497,0
2021-11-29,3.4100000858306885,3.4100000858306885,3.4100000858306885,3.4100000858306885,3.156855821609497,0
2021-11-30,3.4100000858306885,3.4100000858306885,3.4100000858306885,3.4100000858306885,3.156855821609497,0
2021-12-01,3.4100000858306885,3.4100000858306885,3.4100000858306885,3.4100000858306885,3.156855821609497,0
2021-12-02,3.4100000858306885,3.4100000858306885,3.4100000858306885,3.4100000858306885,3.156855821609497,0
2021-12-03,3.2300000190734863,3.2300000190734863,3.2300000190734863,3.2300000190734863,2.990218162536621,0
2021-12-06,3.2300000190734863,3.2300000190734863,3.2300000190734863,3.2300000190734863,2.990218162536621,0
2021-12-07,3.2300000190734863,3.2300000190734863,3.2300000190734863,3.2300000190734863,2.990218162536621,0
2021-12-08,3.2300000190734863,3.2300000190734863,3.2300000190734863,3.2300000190734863,2.990218162536621,0
2021-12-09,3.2300000190734863,3.2300000190734863,3.2300000190734863,3.2300000190734863,2.990218162536621,0
2021-12-10,3.2300000190734863,3.2300000190734863,3.2300000190734863,3.2300000190734863,2.990218162536621,0
2021-12-13,3.2300000190734863,3.2300000190734863,3.2300000190734863,3.2300000190734863,2.990218162536621,4000
2021-12-14,3.2300000190734863,3.2300000190734863,3.2300000190734863,3.2300000190734863,2.990218162536621,0
2021-12-15,3.2300000190734863,3.2300000190734863,3.2300000190734863,3.2300000190734863,2.990218162536621,0
2021-12-16,3.2300000190734863,3.2300000190734863,3.2300000190734863,3.2300000190734863,2.990218162536621,0
2021-12-17,3.2300000190734863,3.2300000190734863,3.2300000190734863,3.2300000190734863,2.990218162536621,0
2021-12-20,3.2300000190734863,3.2300000190734863,3.2300000190734863,3.2300000190734863,2.990218162536621,0
2021-12-21,3.2300000190734863,3.2300000190734863,3.2300000190734863,3.2300000190734863,2.990218162536621,0
2021-12-22,3.2300000190734863,3.2300000190734863,3.2300000190734863,3.2300000190734863,2.990218162536621,0
2021-12-23,3.2300000190734863,3.2300000190734863,3.2300000190734863,3.2300000190734863,2.990218162536621,0
2021-12-24,3.2300000190734863,3.2300000190734863,3.2300000190734863,3.2300000190734863,2.990218162536621,0
2021-12-28,3.2300000190734863,3.2300000190734863,3.2300000190734863,3.2300000190734863,2.990218162536621,0
2021-12-29,3.2300000190734863,3.2300000190734863,3.2300000190734863,3.2300000190734863,2.990218162536621,0
2021-12-30,3.2300000190734863,3.2300000190734863,3.2300000190734863,3.2300000190734863,2.990218162536621,0
2021-12-31,3.2300000190734863,3.2300000190734863,3.2300000190734863,3.2300000190734863,2.990218162536621,0
2022-01-03,3.2300000190734863,3.2300000190734863,3.2300000190734863,3.2300000190734863,2.990218162536621,0
2022-01-04,3.2300000190734863,3.2300000190734863,3.2300000190734863,3.2300000190734863,2.990218162536621,0
2022-01-05,3.2300000190734863,3.2300000190734863,3.2300000190734863,3.2300000190734863,2.990218162536621,0
2022-01-06,3.2300000190734863,3.2300000190734863,3.2300000190734863,3.2300000190734863,2.990218162536621,0
2022-01-07,3.2300000190734863,3.2300000190734863,3.2300000190734863,3.2300000190734863,2.990218162536621,0
2022-01-10,3.2300000190734863,3.2300000190734863,3.2300000190734863,3.2300000190734863,2.990218162536621,0
2022-01-11,3.2300000190734863,3.2300000190734863,3.2300000190734863,3.2300000190734863,2.990218162536621,0
2022-01-12,3.2300000190734863,3.2300000190734863,3.2300000190734863,3.2300000190734863,2.990218162536621,0
2022-01-13,3.2300000190734863,3.2300000190734863,3.2300000190734863,3.2300000190734863,2.990218162536621,0
2022-01-14,3.2300000190734863,3.2300000190734863,3.2300000190734863,3.2300000190734863,2.990218162536621,0
2022-01-17,3.2300000190734863,3.2300000190734863,3.2300000190734863,3.2300000190734863,2.990218162536621,0
2022-01-18,3.2300000190734863,3.2300000190734863,3.2300000190734863,3.2300000190734863,2.990218162536621,0
2022-01-19,3.2300000190734863,3.2300000190734863,3.2300000190734863,3.2300000190734863,2.990218162536621,0
2022-01-20,3.2300000190734863,3.2300000190734863,3.2300000190734863,3.2300000190734863,2.990218162536621,0
2022-01-21,3.2300000190734863,3.2300000190734863,3.2300000190734863,3.2300000190734863,2.990218162536621,0
2022-01-24,3.2300000190734863,3.2300000190734863,3.2300000190734863,3.2300000190734863,2.990218162536621,0
2022-01-25,3.2300000190734863,3.2300000190734863,3.2300000190734863,3.2300000190734863,2.990218162536621,0
2022-01-26,3.2300000190734863,3.2300000190734863,3.2300000190734863,3.2300000190734863,2.990218162536621,0
2022-01-27,3.2300000190734863,3.2300000190734863,3.2300000190734863,3.2300000190734863,2.990218162536621,0
2022-01-28,3.2300000190734863,3.2300000190734863,3.2300000190734863,3.2300000190734863,2.990218162536621,2000
2022-01-31,3.2300000190734863,3.2300000190734863,3.2300000190734863,3.2300000190734863,2.990218162536621,0
2022-02-04,3.2300000190734863,3.2300000190734863,3.2300000190734863,3.2300000190734863,2.990218162536621,1000
2022-02-07,3.2300000190734863,3.2300000190734863,3.2300000190734863,3.2300000190734863,2.990218162536621,1000
2022-02-08,3.2300000190734863,3.2300000190734863,3.2300000190734863,3.2300000190734863,2.990218162536621,0
2022-02-09,3.2300000190734863,3.2300000190734863,3.2300000190734863,3.2300000190734863,2.990218162536621,0
2022-02-10,3.2300000190734863,3.2300000190734863,3.2300000190734863,3.2300000190734863,2.990218162536621,0
2022-02-11,3.2300000190734863,3.2300000190734863,3.2300000190734863,3.2300000190734863,2.990218162536621,0
2022-02-14,3.2300000190734863,3.2300000190734863,3.2300000190734863,3.2300000190734863,2.990218162536621,0
2022-02-15,3.2300000190734863,3.2300000190734863,3.2300000190734863,3.2300000190734863,2.990218162536621,0
2022-02-16,3.2300000190734863,3.2300000190734863,3.2300000190734863,3.2300000190734863,2.990218162536621,0
2022-02-17,3.2300000190734863,3.2300000190734863,3.2300000190734863,3.2300000190734863,2.990218162536621,5000
2022-02-18,3.2300000190734863,3.2300000190734863,3.2300000190734863,3.2300000190734863,2.990218162536621,0
2022-02-21,3.2300000190734863,3.2300000190734863,3.2300000190734863,3.2300000190734863,2.990218162536621,0
2022-02-22,3.2300000190734863,3.2300000190734863,3.2300000190734863,3.2300000190734863,2.990218162536621,0
2022-02-23,3.2300000190734863,3.2300000190734863,3.2300000190734863,3.2300000190734863,2.990218162536621,0
2022-02-24,3.2300000190734863,3.2300000190734863,3.2300000190734863,3.2300000190734863,2.990218162536621,0
2022-02-25,3.2300000190734863,3.2300000190734863,3.2300000190734863,3.2300000190734863,2.990218162536621,0
2022-02-28,3.2300000190734863,3.2300000190734863,3.2300000190734863,3.2300000190734863,2.990218162536621,0
2022-03-01,3.2300000190734863,3.2300000190734863,3.2300000190734863,3.2300000190734863,2.990218162536621,0
2022-03-02,3.2300000190734863,3.2300000190734863,3.2300000190734863,3.2300000190734863,2.990218162536621,0
2022-03-03,3.2300000190734863,3.2300000190734863,3.2300000190734863,3.2300000190734863,2.990218162536621,0
2022-03-04,3.2300000190734863,3.2300000190734863,3.2300000190734863,3.2300000190734863,2.990218162536621,1000
2022-03-07,3.2300000190734863,3.2300000190734863,3.2300000190734863,3.2300000190734863,2.990218162536621,0
2022-03-08,3.2300000190734863,3.2300000190734863,3.2300000190734863,3.2300000190734863,2.990218162536621,0
2022-03-09,3.2300000190734863,3.2300000190734863,3.2300000190734863,3.2300000190734863,2.990218162536621,1205000
2022-03-10,3.2300000190734863,3.2300000190734863,3.2300000190734863,3.2300000190734863,2.990218162536621,0
2022-03-11,3.2300000190734863,3.2300000190734863,3.2300000190734863,3.2300000190734863,2.990218162536621,0
2022-03-14,3.2300000190734863,3.2300000190734863,3.2300000190734863,3.2300000190734863,2.990218162536621,0
2022-03-15,3.2200000286102295,3.2200000286102295,3.2200000286102295,3.2300000190734863,2.990218162536621,8000
2022-03-16,3.2300000190734863,3.2300000190734863,3.2300000190734863,3.2300000190734863,2.990218162536621,0
2022-03-17,3.2300000190734863,3.2300000190734863,3.2300000190734863,3.2300000190734863,2.990218162536621,0
2022-03-18,3.2300000190734863,3.2300000190734863,3.2300000190734863,3.2300000190734863,2.990218162536621,0
2022-03-21,3.2300000190734863,3.2300000190734863,3.2300000190734863,3.2300000190734863,2.990218162536621,0
2022-03-22,3.2300000190734863,3.2300000190734863,3.2300000190734863,3.2300000190734863,2.990218162536621,0
2022-03-23,3.2300000190734863,3.2300000190734863,3.2300000190734863,3.2300000190734863,2.990218162536621,0
2022-03-24,3.2300000190734863,3.2300000190734863,3.2300000190734863,3.2300000190734863,2.990218162536621,0
2022-03-25,3.2300000190734863,3.2300000190734863,3.2300000190734863,3.2300000190734863,2.990218162536621,0
2022-03-28,3.2300000190734863,3.2300000190734863,3.2300000190734863,3.2300000190734863,2.990218162536621,0
2022-03-29,3.2300000190734863,3.2300000190734863,3.2300000190734863,3.2300000190734863,2.990218162536621,0
2022-03-30,3.2300000190734863,3.2300000190734863,3.2300000190734863,3.2300000190734863,2.990218162536621,0
2022-03-31,3.2300000190734863,3.2300000190734863,3.2300000190734863,3.2300000190734863,2.990218162536621,0
2022-04-01,3.2300000190734863,3.2300000190734863,3.2300000190734863,3.2300000190734863,2.990218162536621,0
2022-04-04,3.2300000190734863,3.2300000190734863,3.2300000190734863,3.2300000190734863,2.990218162536621,0
2022-04-06,3.2300000190734863,3.2300000190734863,3.2300000190734863,3.2300000190734863,2.990218162536621,0
2022-04-07,3.2300000190734863,3.2300000190734863,3.2300000190734863,3.2300000190734863,2.990218162536621,0
2022-04-08,3.2300000190734863,3.2300000190734863,3.2300000190734863,3.2300000190734863,2.990218162536621,0
2022-04-11,3.2300000190734863,3.2300000190734863,3.2300000190734863,3.2300000190734863,2.990218162536621,0
2022-04-12,3.2300000190734863,3.2300000190734863,3.2300000190734863,3.2300000190734863,2.990218162536621,0
2022-04-13,3.2300000190734863,3.2300000190734863,3.2300000190734863,3.2300000190734863,2.990218162536621,0
2022-04-14,3.2300000190734863,3.2300000190734863,3.2300000190734863,3.2300000190734863,2.990218162536621,0
2022-04-19,3.2300000190734863,3.2300000190734863,3.2300000190734863,3.2300000190734863,2.990218162536621,0
2022-04-20,3.2300000190734863,3.2300000190734863,3.2300000190734863,3.2300000190734863,2.990218162536621,0
2022-04-21,3.2300000190734863,3.2300000190734863,3.2300000190734863,3.2300000190734863,2.990218162536621,0
2022-04-22,3.2300000190734863,3.2300000190734863,3.2300000190734863,3.2300000190734863,2.990218162536621,0
2022-04-25,3.2300000190734863,3.2300000190734863,3.2300000190734863,3.2300000190734863,2.990218162536621,10000
2022-04-26,3.2300000190734863,3.2300000190734863,3.2300000190734863,3.2300000190734863,2.990218162536621,0
2022-04-27,3.2300000190734863,3.2300000190734863,3.2300000190734863,3.2300000190734863,2.990218162536621,0
2022-04-28,3.2300000190734863,3.2300000190734863,3.2300000190734863,3.2300000190734863,2.990218162536621,0
2022-04-29,3.2300000190734863,3.2300000190734863,3.2300000190734863,3.2300000190734863,2.990218162536621,20000
2022-05-03,3.2300000190734863,3.2300000190734863,3.2300000190734863,3.2300000190734863,2.990218162536621,0
2022-05-04,3.2300000190734863,3.2300000190734863,3.2300000190734863,3.2300000190734863,2.990218162536621,0
2022-05-05,3.2300000190734863,3.0999999046325684,3.0999999046325684,3.0999999046325684,2.8698689937591553,86000
2022-05-06,3.0999999046325684,3.0999999046325684,3.0999999046325684,3.0999999046325684,2.8698689937591553,0
2022-05-10,3.0999999046325684,3.0999999046325684,3.0999999046325684,3.0999999046325684,2.8698689937591553,0
2022-05-11,3.0999999046325684,3.0999999046325684,3.0999999046325684,3.0999999046325684,2.8698689937591553,0
2022-05-12,3.0999999046325684,3.0999999046325684,3.0999999046325684,3.0999999046325684,2.8698689937591553,0
2022-05-13,3.0999999046325684,3.0999999046325684,3.0999999046325684,3.0999999046325684,2.8698689937591553,0
2022-05-16,3.0999999046325684,3.0999999046325684,3.0999999046325684,3.0999999046325684,2.8698689937591553,0
2022-05-17,3.0999999046325684,3.0999999046325684,3.0999999046325684,3.0999999046325684,2.8698689937591553,0
2022-05-18,3.0999999046325684,3.0999999046325684,3.0999999046325684,3.0999999046325684,2.8698689937591553,0
2022-05-19,3.0999999046325684,3.0999999046325684,3.0999999046325684,3.0999999046325684,2.8698689937591553,0
2022-05-20,3.0999999046325684,3.0999999046325684,3.0999999046325684,3.0999999046325684,2.8698689937591553,0
2022-05-23,3.2300000190734863,3.2300000190734863,3.2300000190734863,3.2300000190734863,2.990218162536621,0
2022-05-24,3.2300000190734863,3.2300000190734863,3.2300000190734863,3.2300000190734863,2.990218162536621,1000
2022-05-25,3.2300000190734863,3.2300000190734863,3.2300000190734863,3.2300000190734863,2.990218162536621,0
2022-05-26,3.2200000286102295,3.2200000286102295,3.2200000286102295,3.2200000286102295,2.9809606075286865,0
2022-05-27,3.2200000286102295,3.2200000286102295,3.2200000286102295,3.2200000286102295,2.9809606075286865,0
2022-05-30,3.2300000190734863,3.2300000190734863,3.2300000190734863,3.2300000190734863,2.990218162536621,0
2022-05-31,3.2300000190734863,3.2300000190734863,3.2300000190734863,3.2200000286102295,2.9809606075286865,1000
2022-06-01,3.2200000286102295,3.2200000286102295,3.2200000286102295,3.2200000286102295,2.9809606075286865,0
2022-06-02,3.1029999256134033,3.1029999256134033,3.1029999256134033,3.1029999256134033,2.981323719024658,0
2022-06-06,2.799999952316284,2.799999952316284,2.799999952316284,2.7699999809265137,2.661381483078003,5000
2022-06-07,3.049999952316284,3.049999952316284,3.049999952316284,3.049999952316284,2.9304020404815674,0
2022-06-08,3.049999952316284,3.049999952316284,3.049999952316284,3.049999952316284,2.9304020404815674,0
2022-06-09,3.049999952316284,3.049999952316284,3.049999952316284,3.049999952316284,2.9304020404815674,1000
2022-06-10,3.049999952316284,3.049999952316284,3.049999952316284,3.049999952316284,2.9304020404815674,0
2022-06-13,3.0,3.0,3.0,3.0,2.8823626041412354,0
2022-06-14,3.0,3.0,3.0,3.0,2.8823626041412354,0
2022-06-15,3.0,3.0,3.0,3.0,2.8823626041412354,0
2022-06-16,3.0,3.0,3.0,3.0,2.8823626041412354,0
2022-06-17,2.5999999046325684,2.7300000190734863,2.5899999141693115,2.7300000190734863,2.6229500770568848,52000
2022-06-20,3.0199999809265137,3.0199999809265137,2.819999933242798,2.819999933242798,2.709420680999756,9000
2022-06-21,2.7799999713897705,2.7799999713897705,2.7799999713897705,2.7799999713897705,2.6709892749786377,0
2022-06-22,2.740000009536743,2.740000009536743,2.740000009536743,2.740000009536743,2.6325578689575195,0
2022-06-23,2.7300000190734863,2.8399999141693115,2.5,2.5,2.4019689559936523,22000
2022-06-24,2.700000047683716,2.700000047683716,2.700000047683716,2.700000047683716,2.5941264629364014,0
2022-06-27,2.8399999141693115,2.8399999141693115,2.8399999141693115,2.8399999141693115,2.7286365032196045,0
2022-06-28,2.8399999141693115,2.950000047683716,2.8399999141693115,2.940000057220459,2.8247153759002686,5000
2022-06-29,2.940000057220459,2.940000057220459,2.75,2.940000057220459,2.8247153759002686,7000
2022-06-30,2.9000000953674316,2.950000047683716,2.9000000953674316,2.950000047683716,2.8343231678009033,5000
2022-07-04,3.0,3.0,3.0,3.0,2.8823626041412354,0
2022-07-05,3.0,3.049999952316284,3.0,3.049999952316284,2.9304020404815674,5000
2022-07-06,2.5999999046325684,2.9000000953674316,2.5999999046325684,2.799999952316284,2.6902050971984863,248000
2022-07-07,2.75,2.75,2.740000009536743,2.740000009536743,2.6325578689575195,6000
2022-07-08,2.700000047683716,2.700000047683716,2.700000047683716,2.700000047683716,2.5941264629364014,15000
2022-07-11,2.75,2.75,2.75,2.75,2.6421656608581543,0
2022-07-12,2.8399999141693115,2.8399999141693115,2.8399999141693115,2.8399999141693115,2.7286365032196045,0
2022-07-13,2.7899999618530273,2.7899999618530273,2.7899999618530273,2.7899999618530273,2.6805970668792725,0
2022-07-14,2.6500000953674316,2.700000047683716,2.6500000953674316,2.700000047683716,2.5941264629364014,6000
2022-07-15,2.5,2.700000047683716,2.5,2.700000047683716,2.5941264629364014,7000
2022-07-18,2.690000057220459,2.690000057220459,2.690000057220459,2.690000057220459,2.5845184326171875,0
2022-07-19,2.690000057220459,2.690000057220459,2.690000057220459,2.690000057220459,2.5845184326171875,0
2022-07-20,2.690000057220459,2.690000057220459,2.690000057220459,2.690000057220459,2.5845184326171875,0
2022-07-21,2.4200000762939453,2.690000057220459,2.4200000762939453,2.690000057220459,2.5845184326171875,11000
2022-07-22,2.690000057220459,2.690000057220459,2.690000057220459,2.690000057220459,2.5845184326171875,0
2022-07-25,2.700000047683716,2.700000047683716,2.700000047683716,2.700000047683716,2.5941264629364014,5000
2022-07-26,2.690000057220459,2.690000057220459,2.690000057220459,2.690000057220459,2.5845184326171875,0
2022-07-27,2.5,2.75,2.690000057220459,2.75,2.6421656608581543,7000
2022-07-28,2.75,2.75,2.75,2.75,2.6421656608581543,0
2022-07-29,2.7200000286102295,2.7200000286102295,2.7200000286102295,2.7200000286102295,2.613342046737671,0
2022-08-01,2.7200000286102295,2.7200000286102295,2.7200000286102295,2.7200000286102295,2.613342046737671,0
2022-08-02,2.690000057220459,2.690000057220459,2.690000057220459,2.690000057220459,2.5845184326171875,0
2022-08-03,2.690000057220459,2.690000057220459,2.690000057220459,2.690000057220459,2.5845184326171875,0
2022-08-04,2.4200000762939453,2.700000047683716,2.4200000762939453,2.700000047683716,2.5941264629364014,36000
2022-08-05,2.700000047683716,2.700000047683716,2.700000047683716,2.700000047683716,2.5941264629364014,0
2022-08-08,2.700000047683716,2.700000047683716,2.700000047683716,2.700000047683716,2.5941264629364014,0
2022-08-09,2.700000047683716,2.700000047683716,2.700000047683716,2.700000047683716,2.5941264629364014,0
2022-08-10,2.700000047683716,2.700000047683716,2.700000047683716,2.700000047683716,2.5941264629364014,0
2022-08-11,2.700000047683716,2.700000047683716,2.700000047683716,2.700000047683716,2.5941264629364014,0
2022-08-12,2.680000066757202,2.680000066757202,2.680000066757202,2.680000066757202,2.5749106407165527,0
2022-08-15,2.680000066757202,2.680000066757202,2.680000066757202,2.680000066757202,2.5749106407165527,0
2022-08-16,2.680000066757202,2.680000066757202,2.680000066757202,2.680000066757202,2.5749106407165527,0
2022-08-17,2.680000066757202,2.680000066757202,2.680000066757202,2.680000066757202,2.5749106407165527,0
2022-08-18,2.680000066757202,2.680000066757202,2.680000066757202,2.680000066757202,2.5749106407165527,0
2022-08-19,2.740000009536743,2.740000009536743,2.740000009536743,2.7300000190734863,2.6229500770568848,2000
2022-08-22,2.609999895095825,2.740000009536743,2.609999895095825,2.740000009536743,2.6325578689575195,17000
2022-08-23,2.740000009536743,2.740000009536743,2.740000009536743,2.740000009536743,2.6325578689575195,0
2022-08-24,2.700000047683716,2.700000047683716,2.700000047683716,2.700000047683716,2.5941264629364014,0
2022-08-25,2.75,2.740000009536743,2.609999895095825,2.700000047683716,2.5941264629364014,1000
2022-08-26,2.7200000286102295,2.8399999141693115,2.8399999141693115,2.799999952316284,2.6902050971984863,12000
2022-08-29,2.75,2.75,2.75,2.75,2.6421656608581543,0
2022-08-30,2.740000009536743,2.740000009536743,2.740000009536743,2.740000009536743,2.6325578689575195,10000
2022-08-31,2.740000009536743,2.740000009536743,2.740000009536743,2.740000009536743,2.6325578689575195,0
2022-09-01,2.740000009536743,2.75,2.5,2.75,2.6421656608581543,12000
2022-09-02,2.75,2.75,2.75,2.75,2.6421656608581543,0
2022-09-05,2.75,2.75,2.75,2.75,2.6421656608581543,0
2022-09-06,2.75,2.75,2.75,2.75,2.6421656608581543,0
2022-09-07,2.75,2.75,2.75,2.75,2.6421656608581543,0
2022-09-08,2.75,2.75,2.75,2.75,2.6421656608581543,0
2022-09-09,2.75,2.75,2.75,2.75,2.6421656608581543,0
2022-09-13,2.75,2.75,2.75,2.75,2.6421656608581543,0
2022-09-14,2.75,2.75,2.75,2.75,2.6421656608581543,0
2022-09-15,2.75,2.75,2.75,2.75,2.6421656608581543,0
2022-09-16,2.75,2.75,2.75,2.75,2.6421656608581543,0
2022-09-19,2.75,2.75,2.75,2.75,2.6421656608581543,0
2022-09-20,2.75,2.75,2.75,2.75,2.6421656608581543,0
2022-09-21,2.75,2.75,2.75,2.75,2.6421656608581543,0
2022-09-22,2.75,2.75,2.75,2.75,2.6421656608581543,0
2022-09-23,2.75,2.75,2.75,2.75,2.6421656608581543,0
2022-09-26,2.75,2.75,2.75,2.75,2.6421656608581543,0
2022-09-27,2.75,2.75,2.75,2.75,2.6421656608581543,0
2022-09-28,2.75,2.75,2.75,2.75,2.6421656608581543,0
2022-09-29,2.75,2.75,2.75,2.75,2.6421656608581543,0
2022-09-30,2.75,2.75,2.75,2.75,2.6421656608581543,0
2022-10-03,2.75,2.75,2.75,2.75,2.6421656608581543,0
2022-10-05,2.740000009536743,2.740000009536743,2.740000009536743,2.740000009536743,2.6325578689575195,0
2022-10-06,2.740000009536743,2.740000009536743,2.740000009536743,2.740000009536743,2.6325578689575195,0
2022-10-07,2.740000009536743,2.740000009536743,2.740000009536743,2.740000009536743,2.6325578689575195,0
2022-10-10,2.740000009536743,2.740000009536743,2.740000009536743,2.740000009536743,2.6325578689575195,0
2022-10-11,2.740000009536743,2.740000009536743,2.740000009536743,2.740000009536743,2.6325578689575195,0
2022-10-12,2.740000009536743,2.740000009536743,2.740000009536743,2.740000009536743,2.6325578689575195,0
2022-10-13,2.740000009536743,2.740000009536743,2.740000009536743,2.740000009536743,2.6325578689575195,0
2022-10-14,2.740000009536743,2.740000009536743,2.740000009536743,2.740000009536743,2.6325578689575195,0
2022-10-17,2.740000009536743,2.740000009536743,2.740000009536743,2.740000009536743,2.6325578689575195,0
2022-10-18,2.740000009536743,2.740000009536743,2.740000009536743,2.740000009536743,2.6325578689575195,0
2022-10-19,2.5999999046325684,2.700000047683716,2.5999999046325684,2.700000047683716,2.5941264629364014,3000
2022-10-20,2.680000066757202,2.680000066757202,2.680000066757202,2.680000066757202,2.5749106407165527,0
2022-10-21,2.7100000381469727,2.7100000381469727,2.7100000381469727,2.7100000381469727,2.603734254837036,0
2022-10-24,2.7100000381469727,2.7100000381469727,2.7100000381469727,2.7100000381469727,2.603734254837036,0
2022-10-25,2.7100000381469727,2.7100000381469727,2.7100000381469727,2.7100000381469727,2.603734254837036,0
2022-10-26,2.7100000381469727,2.7100000381469727,2.7100000381469727,2.7100000381469727,2.603734254837036,0
2022-10-27,2.7100000381469727,2.7100000381469727,2.7100000381469727,2.7100000381469727,2.603734254837036,0
2022-10-28,2.7100000381469727,2.7100000381469727,2.7100000381469727,2.7100000381469727,2.603734254837036,0
2022-10-31,2.7100000381469727,2.7100000381469727,2.7100000381469727,2.7100000381469727,2.603734254837036,0
2022-11-01,2.7100000381469727,2.7100000381469727,2.7100000381469727,2.7100000381469727,2.603734254837036,0
2022-11-02,2.7100000381469727,2.7100000381469727,2.7100000381469727,2.7100000381469727,2.603734254837036,0
2022-11-03,2.7100000381469727,2.7100000381469727,2.7100000381469727,2.7100000381469727,2.603734254837036,0
2022-11-04,2.680000066757202,2.690000057220459,2.680000066757202,2.690000057220459,2.5845184326171875,1001000
2022-11-07,2.690000057220459,2.690000057220459,2.690000057220459,2.690000057220459,2.5845184326171875,0
2022-11-08,2.690000057220459,2.690000057220459,2.690000057220459,2.690000057220459,2.5845184326171875,0
2022-11-09,2.690000057220459,2.690000057220459,2.690000057220459,2.690000057220459,2.5845184326171875,0
2022-11-10,2.690000057220459,2.690000057220459,2.690000057220459,2.690000057220459,2.5845184326171875,0
2022-11-11,2.690000057220459,2.690000057220459,2.690000057220459,2.690000057220459,2.5845184326171875,0
2022-11-14,2.690000057220459,2.690000057220459,2.690000057220459,2.690000057220459,2.5845184326171875,0
2022-11-15,2.690000057220459,2.690000057220459,2.690000057220459,2.690000057220459,2.5845184326171875,0
2022-11-16,2.690000057220459,2.690000057220459,2.690000057220459,2.690000057220459,2.5845184326171875,0
2022-11-17,2.690000057220459,2.690000057220459,2.690000057220459,2.690000057220459,2.5845184326171875,0
2022-11-18,2.690000057220459,2.690000057220459,2.690000057220459,2.690000057220459,2.5845184326171875,0
2022-11-21,2.690000057220459,2.690000057220459,2.690000057220459,2.690000057220459,2.5845184326171875,0
2022-11-22,2.690000057220459,2.690000057220459,2.690000057220459,2.690000057220459,2.5845184326171875,0
2022-11-23,2.690000057220459,2.690000057220459,2.690000057220459,2.690000057220459,2.5845184326171875,0
2022-11-24,2.680000066757202,2.680000066757202,2.680000066757202,2.680000066757202,2.5749106407165527,0
2022-11-25,2.680000066757202,3.190000057220459,2.549999952316284,3.190000057220459,3.0649123191833496,25000
2022-11-28,3.190000057220459,3.190000057220459,3.190000057220459,3.190000057220459,3.0649123191833496,0
2022-11-29,3.0999999046325684,3.0999999046325684,3.0999999046325684,3.0999999046325684,2.9784412384033203,0
2022-11-30,3.0999999046325684,3.0999999046325684,3.0999999046325684,3.0999999046325684,2.9784412384033203,0
2022-12-01,3.0999999046325684,3.0999999046325684,3.0999999046325684,3.0999999046325684,2.9784412384033203,0
2022-12-02,3.0999999046325684,3.0999999046325684,3.0999999046325684,3.0999999046325684,2.9784412384033203,0
2022-12-05,3.0999999046325684,3.0999999046325684,3.0999999046325684,3.0999999046325684,2.9784412384033203,0
2022-12-06,3.0999999046325684,3.0999999046325684,3.0999999046325684,3.0999999046325684,2.9784412384033203,0
2022-12-07,3.0999999046325684,3.0999999046325684,3.0999999046325684,3.0999999046325684,2.9784412384033203,0
2022-12-08,3.0999999046325684,3.0999999046325684,3.0999999046325684,3.0999999046325684,2.9784412384033203,0
2022-12-09,3.0999999046325684,3.0999999046325684,3.0999999046325684,3.0999999046325684,2.9784412384033203,0
2022-12-12,3.0999999046325684,3.0999999046325684,3.0999999046325684,3.0999999046325684,2.9784412384033203,0
2022-12-13,3.0999999046325684,3.0999999046325684,3.0999999046325684,3.0999999046325684,2.9784412384033203,0
2022-12-14,3.0999999046325684,3.0999999046325684,3.0999999046325684,3.0999999046325684,2.9784412384033203,0
2022-12-15,3.0999999046325684,3.0999999046325684,3.0999999046325684,3.0999999046325684,2.9784412384033203,0
2022-12-16,3.0999999046325684,3.0999999046325684,3.0999999046325684,3.0999999046325684,2.9784412384033203,0
2022-12-19,3.0999999046325684,3.0999999046325684,3.0999999046325684,3.0999999046325684,2.9784412384033203,0
2022-12-20,3.0999999046325684,3.0999999046325684,3.0999999046325684,3.0999999046325684,2.9784412384033203,0
2022-12-21,3.0999999046325684,3.0999999046325684,3.0999999046325684,3.0999999046325684,2.9784412384033203,0
2022-12-22,3.0999999046325684,3.0999999046325684,3.0999999046325684,3.0999999046325684,2.9784412384033203,0
2022-12-23,3.0999999046325684,3.0999999046325684,3.0999999046325684,3.0999999046325684,2.9784412384033203,0
2022-12-28,3.0999999046325684,3.0999999046325684,3.0999999046325684,3.0999999046325684,2.9784412384033203,0
2022-12-29,3.0999999046325684,3.0999999046325684,3.0999999046325684,3.0999999046325684,2.9784412384033203,0
2022-12-30,3.0999999046325684,3.0999999046325684,3.0999999046325684,3.0999999046325684,2.9784412384033203,0
2023-01-03,3.0999999046325684,3.0999999046325684,3.0999999046325684,3.0999999046325684,2.9784412384033203,0
2023-01-04,3.0999999046325684,3.0999999046325684,3.0999999046325684,3.0999999046325684,2.9784412384033203,0
2023-01-05,3.0999999046325684,3.0999999046325684,3.0999999046325684,3.0999999046325684,2.9784412384033203,0
2023-01-06,3.0999999046325684,3.0999999046325684,3.0999999046325684,3.0999999046325684,2.9784412384033203,0
2023-01-09,3.0999999046325684,3.0999999046325684,3.0999999046325684,3.0999999046325684,2.9784412384033203,0
2023-01-10,3.0999999046325684,3.0999999046325684,3.0999999046325684,3.0999999046325684,2.9784412384033203,0
2023-01-11,3.0999999046325684,3.0999999046325684,3.0999999046325684,3.0999999046325684,2.9784412384033203,0
2023-01-12,3.0999999046325684,3.0999999046325684,3.0999999046325684,3.0999999046325684,2.9784412384033203,0
2023-01-13,3.0999999046325684,3.0999999046325684,3.0999999046325684,3.0999999046325684,2.9784412384033203,0
2023-01-16,3.0999999046325684,3.0999999046325684,3.0999999046325684,3.0999999046325684,2.9784412384033203,0
2023-01-17,3.0999999046325684,3.0999999046325684,3.0999999046325684,3.0999999046325684,2.9784412384033203,0
2023-01-18,3.0999999046325684,3.0999999046325684,3.0999999046325684,3.0999999046325684,2.9784412384033203,0
2023-01-19,3.0999999046325684,3.0999999046325684,3.0999999046325684,3.0999999046325684,2.9784412384033203,0
2023-01-20,3.0999999046325684,3.0999999046325684,3.0999999046325684,3.0999999046325684,2.9784412384033203,0
2023-01-26,3.0999999046325684,3.0999999046325684,3.0999999046325684,3.0999999046325684,2.9784412384033203,0
2023-01-27,3.0999999046325684,3.0999999046325684,3.0999999046325684,3.0999999046325684,2.9784412384033203,0
2023-01-30,3.0999999046325684,3.0999999046325684,3.0999999046325684,3.0999999046325684,2.9784412384033203,0
2023-01-31,3.0999999046325684,3.0999999046325684,3.0999999046325684,3.0999999046325684,2.9784412384033203,0
2023-02-01,3.0999999046325684,3.0999999046325684,3.0999999046325684,3.0999999046325684,2.9784412384033203,0
2023-02-02,3.0999999046325684,3.0999999046325684,3.0999999046325684,3.0999999046325684,2.9784412384033203,0
2023-02-03,3.0999999046325684,3.0999999046325684,3.0999999046325684,3.0999999046325684,2.9784412384033203,0
2023-02-06,3.0999999046325684,3.0999999046325684,3.0999999046325684,3.0999999046325684,2.9784412384033203,0
2023-02-07,3.0999999046325684,3.0999999046325684,3.0999999046325684,3.0999999046325684,2.9784412384033203,0
2023-02-08,3.0899999141693115,3.0899999141693115,3.0899999141693115,3.0899999141693115,2.9688334465026855,0
2023-02-09,3.0899999141693115,3.0899999141693115,3.0899999141693115,3.0899999141693115,2.9688334465026855,0
2023-02-10,3.0899999141693115,3.0899999141693115,3.0899999141693115,3.0899999141693115,2.9688334465026855,0
2023-02-13,3.0899999141693115,3.0899999141693115,3.0899999141693115,3.0899999141693115,2.9688334465026855,0
2023-02-14,3.0899999141693115,3.0899999141693115,3.0899999141693115,3.0899999141693115,2.9688334465026855,0
2023-02-15,3.0899999141693115,3.0899999141693115,3.0899999141693115,3.0899999141693115,2.9688334465026855,0
2023-02-16,3.0799999237060547,3.0799999237060547,3.0799999237060547,3.0799999237060547,2.9592254161834717,0
2023-02-17,3.0799999237060547,3.0799999237060547,3.0799999237060547,3.0799999237060547,2.9592254161834717,0
2023-02-20,3.0799999237060547,3.0799999237060547,3.0799999237060547,3.0799999237060547,2.9592254161834717,0
2023-02-21,3.0799999237060547,3.0799999237060547,3.0799999237060547,3.0799999237060547,2.9592254161834717,0
2023-02-22,3.0799999237060547,3.0799999237060547,3.0799999237060547,3.0799999237060547,2.9592254161834717,0
2023-02-23,3.0799999237060547,3.0799999237060547,3.0799999237060547,3.0799999237060547,2.9592254161834717,0
2023-02-24,3.0799999237060547,3.0799999237060547,3.0799999237060547,3.0799999237060547,2.9592254161834717,0
2023-02-27,3.0799999237060547,3.0799999237060547,3.0799999237060547,3.0799999237060547,2.9592254161834717,0
2023-02-28,3.0799999237060547,3.0799999237060547,3.0799999237060547,3.0799999237060547,2.9592254161834717,0
2023-03-01,3.0799999237060547,3.0799999237060547,3.0799999237060547,3.0799999237060547,2.9592254161834717,0
2023-03-02,3.0799999237060547,3.0799999237060547,3.0799999237060547,3.0799999237060547,2.9592254161834717,0
2023-03-03,3.0799999237060547,3.0799999237060547,3.0799999237060547,3.0799999237060547,2.9592254161834717,0
2023-03-06,3.0799999237060547,3.0799999237060547,3.0799999237060547,3.0799999237060547,2.9592254161834717,3000
2023-03-07,3.0899999141693115,3.0899999141693115,3.0899999141693115,3.0899999141693115,2.9688334465026855,0
2023-03-08,3.0799999237060547,3.0799999237060547,3.0799999237060547,3.0799999237060547,2.9592254161834717,0
2023-03-09,3.0799999237060547,3.0799999237060547,3.0799999237060547,3.0799999237060547,2.9592254161834717,0
2023-03-10,3.0799999237060547,3.0799999237060547,3.0799999237060547,3.0799999237060547,2.9592254161834717,0
2023-03-13,3.0799999237060547,3.0799999237060547,3.0799999237060547,3.0799999237060547,2.9592254161834717,0
2023-03-14,3.0799999237060547,3.0799999237060547,3.0799999237060547,3.0799999237060547,2.9592254161834717,2000
2023-03-15,3.0799999237060547,3.0799999237060547,3.0799999237060547,3.0799999237060547,2.9592254161834717,1000
2023-03-16,3.0799999237060547,3.0799999237060547,3.0799999237060547,3.0799999237060547,2.9592254161834717,1000
2023-03-17,3.0799999237060547,3.0799999237060547,3.0799999237060547,3.0799999237060547,2.9592254161834717,1000
2023-03-20,3.0799999237060547,3.0799999237060547,3.0799999237060547,3.0799999237060547,2.9592254161834717,0
2023-03-21,3.0799999237060547,3.0799999237060547,3.0799999237060547,3.0799999237060547,2.9592254161834717,1000
2023-03-22,3.0799999237060547,3.0799999237060547,3.0799999237060547,3.0799999237060547,2.9592254161834717,0
2023-03-23,3.0799999237060547,3.0799999237060547,3.0799999237060547,3.0799999237060547,2.9592254161834717,0
2023-03-24,3.0799999237060547,3.0799999237060547,3.0799999237060547,3.0799999237060547,2.9592254161834717,0
2023-03-27,3.0799999237060547,3.0799999237060547,3.0799999237060547,3.0799999237060547,2.9592254161834717,2000
2023-03-28,3.0799999237060547,3.0799999237060547,3.0799999237060547,3.0799999237060547,2.9592254161834717,0
2023-03-29,3.0799999237060547,3.0799999237060547,3.0799999237060547,3.0799999237060547,2.9592254161834717,0
2023-03-30,3.0799999237060547,3.0799999237060547,3.0799999237060547,3.0799999237060547,2.9592254161834717,0
2023-03-31,3.0799999237060547,3.0799999237060547,3.0799999237060547,3.0799999237060547,2.9592254161834717,2000
2023-04-03,3.0799999237060547,3.0799999237060547,3.0799999237060547,3.0799999237060547,2.9592254161834717,1000
2023-04-04,3.0799999237060547,3.0799999237060547,3.0799999237060547,3.0799999237060547,2.9592254161834717,0
2023-04-06,3.0799999237060547,3.0799999237060547,3.0799999237060547,3.0799999237060547,2.9592254161834717,0
2023-04-11,3.0799999237060547,3.0799999237060547,3.0799999237060547,3.0799999237060547,2.9592254161834717,0
2023-04-12,3.0799999237060547,3.0799999237060547,3.0799999237060547,3.0799999237060547,2.9592254161834717,0
2023-04-13,3.0799999237060547,3.0799999237060547,3.0799999237060547,3.0799999237060547,2.9592254161834717,0
2023-04-14,3.0799999237060547,3.0799999237060547,3.0799999237060547,3.0799999237060547,2.9592254161834717,0
2023-04-17,3.0799999237060547,3.0799999237060547,3.0799999237060547,3.0799999237060547,2.9592254161834717,2000
2023-04-18,3.049999952316284,3.049999952316284,3.049999952316284,3.049999952316284,2.9304020404815674,0
2023-04-19,3.0,3.0,3.0,3.0,2.8823626041412354,0
2023-04-20,3.0,3.0,3.0,3.0,2.8823626041412354,2000
2023-04-21,2.9000000953674316,2.9000000953674316,2.9000000953674316,3.049999952316284,2.9304020404815674,26000
2023-04-24,3.049999952316284,3.049999952316284,3.049999952316284,3.049999952316284,2.9304020404815674,0
2023-04-25,3.049999952316284,3.049999952316284,3.049999952316284,3.049999952316284,2.9304020404815674,0
2023-04-26,3.049999952316284,3.049999952316284,3.049999952316284,3.049999952316284,2.9304020404815674,0
2023-04-27,3.049999952316284,3.049999952316284,3.049999952316284,3.049999952316284,2.9304020404815674,0
2023-04-28,3.049999952316284,3.049999952316284,3.049999952316284,3.049999952316284,2.9304020404815674,0
2023-05-02,3.049999952316284,3.049999952316284,3.049999952316284,3.049999952316284,2.9304020404815674,0
2023-05-03,3.049999952316284,3.049999952316284,3.049999952316284,3.049999952316284,2.9304020404815674,0
2023-05-04,3.049999952316284,3.049999952316284,3.049999952316284,3.049999952316284,2.9304020404815674,0
2023-05-05,3.049999952316284,3.049999952316284,3.049999952316284,3.049999952316284,2.9304020404815674,0
2023-05-08,3.059999942779541,3.059999942779541,3.059999942779541,3.059999942779541,2.940009832382202,0
2023-05-09,3.059999942779541,3.059999942779541,3.059999942779541,3.059999942779541,2.940009832382202,0
2023-05-10,3.059999942779541,3.059999942779541,3.059999942779541,3.059999942779541,2.940009832382202,0
2023-05-11,3.059999942779541,3.059999942779541,3.059999942779541,3.059999942779541,2.940009832382202,0
2023-05-12,3.059999942779541,3.059999942779541,3.059999942779541,3.059999942779541,2.940009832382202,0
2023-05-15,3.059999942779541,3.059999942779541,3.059999942779541,3.059999942779541,2.940009832382202,1000
2023-05-16,3.059999942779541,3.059999942779541,3.059999942779541,3.059999942779541,2.940009832382202,0
2023-05-17,3.059999942779541,3.059999942779541,3.059999942779541,3.059999942779541,2.940009832382202,0
2023-05-18,3.059999942779541,3.059999942779541,3.059999942779541,3.059999942779541,2.940009832382202,0
2023-05-19,3.059999942779541,3.059999942779541,3.059999942779541,3.059999942779541,2.940009832382202,0
2023-05-22,3.059999942779541,3.059999942779541,3.059999942779541,3.059999942779541,2.940009832382202,0
2023-05-23,3.059999942779541,3.059999942779541,3.059999942779541,3.0,2.8823626041412354,2000
2023-05-24,3.0,3.0,3.0,3.0,2.8823626041412354,0
2023-05-25,3.0,3.0,3.0,3.0,2.8823626041412354,0
2023-05-29,2.9000000953674316,2.9000000953674316,2.9000000953674316,2.9000000953674316,2.7862839698791504,43000
2023-05-30,3.069999933242798,3.069999933242798,3.069999933242798,3.069999933242798,2.949617624282837,0
2023-05-31,3.069999933242798,3.069999933242798,3.069999933242798,3.069999933242798,2.949617624282837,0
2023-06-01,3.069999933242798,3.069999933242798,3.069999933242798,3.069999933242798,2.949617624282837,0
2023-06-02,3.069999933242798,3.069999933242798,3.069999933242798,3.069999933242798,2.949617624282837,0
2023-06-05,3.069999933242798,3.069999933242798,3.069999933242798,3.069999933242798,2.949617624282837,0
2023-06-06,3.069999933242798,3.069999933242798,3.069999933242798,3.069999933242798,2.949617624282837,0
2023-06-07,3.069999933242798,3.069999933242798,3.069999933242798,3.069999933242798,2.949617624282837,0
2023-06-08,3.069999933242798,3.069999933242798,3.069999933242798,3.069999933242798,2.949617624282837,0
2023-06-09,3.069999933242798,3.069999933242798,3.069999933242798,3.069999933242798,2.949617624282837,0
2023-06-12,3.069999933242798,3.069999933242798,3.069999933242798,3.069999933242798,2.949617624282837,0
2023-06-13,3.069999933242798,3.069999933242798,3.069999933242798,3.069999933242798,2.949617624282837,0
2023-06-14,3.069999933242798,3.069999933242798,3.069999933242798,3.069999933242798,2.949617624282837,0
2023-06-15,3.069999933242798,3.069999933242798,3.069999933242798,3.069999933242798,2.949617624282837,0
2023-06-16,3.069999933242798,3.069999933242798,3.069999933242798,3.069999933242798,2.949617624282837,0
2023-06-19,3.069999933242798,3.069999933242798,3.069999933242798,3.069999933242798,2.949617624282837,0
2023-06-20,3.069999933242798,3.069999933242798,3.069999933242798,3.069999933242798,2.949617624282837,0
2023-06-21,3.069999933242798,3.069999933242798,3.069999933242798,3.069999933242798,2.949617624282837,0
2023-06-23,3.069999933242798,3.069999933242798,3.069999933242798,3.069999933242798,2.949617624282837,0
2023-06-26,2.9800000190734863,2.9800000190734863,2.9800000190734863,3.049999952316284,2.9304020404815674,1000
2023-06-27,3.049999952316284,3.049999952316284,3.049999952316284,3.049999952316284,2.9304020404815674,0
2023-06-28,3.049999952316284,3.049999952316284,3.049999952316284,3.049999952316284,2.9304020404815674,0
2023-06-29,3.049999952316284,3.049999952316284,3.049999952316284,3.049999952316284,2.9304020404815674,1000
2023-06-30,3.049999952316284,3.049999952316284,3.049999952316284,3.049999952316284,2.9304020404815674,0
2023-07-03,3.049999952316284,3.049999952316284,3.049999952316284,3.049999952316284,2.9304020404815674,0
2023-07-04,3.049999952316284,3.049999952316284,3.049999952316284,3.049999952316284,2.9304020404815674,0
2023-07-05,3.049999952316284,3.049999952316284,3.049999952316284,3.049999952316284,2.9304020404815674,1000
2023-07-06,2.8299999237060547,2.8299999237060547,2.8299999237060547,2.8299999237060547,2.7190287113189697,2000
2023-07-07,3.049999952316284,3.049999952316284,2.9000000953674316,3.0399999618530273,2.9207940101623535,10000
2023-07-10,2.940000057220459,2.940000057220459,2.940000057220459,2.940000057220459,2.8247153759002686,2000
2023-07-11,2.940000057220459,2.940000057220459,2.940000057220459,2.940000057220459,2.8247153759002686,1000
2023-07-12,2.940000057220459,2.940000057220459,2.940000057220459,2.940000057220459,2.8247153759002686,0
2023-07-13,2.9200000762939453,2.9200000762939453,2.9200000762939453,2.9200000762939453,2.805499792098999,0
2023-07-14,2.890000104904175,2.890000104904175,2.890000104904175,2.890000104904175,2.7766761779785156,0
2023-07-18,2.9000000953674316,2.9000000953674316,2.9000000953674316,2.9000000953674316,2.7862839698791504,0
2023-07-19,2.9000000953674316,2.9000000953674316,2.9000000953674316,2.9000000953674316,2.7862839698791504,0
2023-07-20,2.890000104904175,2.890000104904175,2.890000104904175,2.890000104904175,2.7766761779785156,0
2023-07-21,2.880000114440918,2.9200000762939453,2.869999885559082,2.9100000858306885,2.795891761779785,6000
2023-07-24,2.9000000953674316,2.9000000953674316,2.9000000953674316,2.9000000953674316,2.7862839698791504,0
2023-07-25,2.890000104904175,2.890000104904175,2.890000104904175,2.890000104904175,2.7766761779785156,0
2023-07-26,2.880000114440918,2.880000114440918,2.880000114440918,2.880000114440918,2.7670681476593018,0
2023-07-27,2.880000114440918,2.880000114440918,2.880000114440918,2.880000114440918,2.7670681476593018,0
2023-07-28,2.9100000858306885,2.9100000858306885,2.9100000858306885,2.9100000858306885,2.795891761779785,1000
2023-07-31,2.9100000858306885,2.9100000858306885,2.9100000858306885,2.9100000858306885,2.795891761779785,0
2023-08-01,2.990000009536743,2.990000009536743,2.990000009536743,2.990000009536743,2.8727548122406006,1000
2023-08-02,2.990000009536743,2.990000009536743,2.990000009536743,2.990000009536743,2.8727548122406006,0
2023-08-03,2.990000009536743,2.990000009536743,2.990000009536743,2.990000009536743,2.8727548122406006,0
2023-08-04,2.9800000190734863,2.9800000190734863,2.9800000190734863,2.9800000190734863,2.8631467819213867,0
2023-08-07,2.9700000286102295,2.9700000286102295,2.9700000286102295,2.9700000286102295,2.853538990020752,0
2023-08-08,2.950000047683716,2.950000047683716,2.950000047683716,2.950000047683716,2.8343231678009033,0
2023-08-09,2.930000066757202,2.930000066757202,2.930000066757202,2.930000066757202,2.815107583999634,0
2023-08-10,2.9200000762939453,2.9200000762939453,2.9200000762939453,2.9200000762939453,2.805499792098999,0
2023-08-11,2.9200000762939453,2.9200000762939453,2.9200000762939453,2.9200000762939453,2.805499792098999,0
2023-08-14,2.9200000762939453,2.9200000762939453,2.9200000762939453,2.9200000762939453,2.805499792098999,0
2023-08-15,2.9200000762939453,2.9200000762939453,2.9200000762939453,2.9200000762939453,2.805499792098999,0
2023-08-16,2.890000104904175,2.890000104904175,2.890000104904175,2.890000104904175,2.7766761779785156,0
2023-08-17,2.890000104904175,2.890000104904175,2.890000104904175,2.890000104904175,2.7766761779785156,0
2023-08-18,2.890000104904175,2.890000104904175,2.890000104904175,2.890000104904175,2.7766761779785156,0
2023-08-21,2.859999895095825,2.859999895095825,2.859999895095825,2.859999895095825,2.747852325439453,0
2023-08-22,2.859999895095825,2.859999895095825,2.859999895095825,2.859999895095825,2.747852325439453,0
2023-08-23,2.8399999141693115,2.8399999141693115,2.8399999141693115,2.8399999141693115,2.7286365032196045,0
2023-08-24,2.8399999141693115,2.8399999141693115,2.8399999141693115,2.8399999141693115,2.7286365032196045,0
2023-08-25,2.9000000953674316,2.9000000953674316,2.9000000953674316,2.9000000953674316,2.7862839698791504,1000
2023-08-28,2.9000000953674316,2.9000000953674316,2.9000000953674316,2.9000000953674316,2.7862839698791504,0
2023-08-29,2.9000000953674316,2.9000000953674316,2.9000000953674316,2.9000000953674316,2.7862839698791504,0
2023-08-30,2.9000000953674316,2.9000000953674316,2.9000000953674316,2.9000000953674316,2.7862839698791504,0
2023-08-31,2.9100000858306885,2.9100000858306885,2.9100000858306885,2.9100000858306885,2.795891761779785,0
2023-09-04,2.9100000858306885,2.9100000858306885,2.9100000858306885,2.9100000858306885,2.795891761779785,0
2023-09-05,2.9100000858306885,2.9100000858306885,2.9100000858306885,2.9100000858306885,2.795891761779785,0
2023-09-06,2.8299999237060547,2.8299999237060547,2.8299999237060547,2.8299999237060547,2.7190287113189697,0
2023-09-07,2.8299999237060547,2.8299999237060547,2.8299999237060547,2.8299999237060547,2.7190287113189697,0
2023-09-11,2.880000114440918,2.880000114440918,2.880000114440918,2.880000114440918,2.7670681476593018,1080
2023-09-12,2.759999990463257,2.880000114440918,2.759999990463257,2.880000114440918,2.7670681476593018,4000
2023-09-13,2.759999990463257,2.759999990463257,2.759999990463257,2.759999990463257,2.651773691177368,0
2023-09-14,2.8399999141693115,2.8399999141693115,2.8399999141693115,2.8399999141693115,2.7286365032196045,1000
2023-09-15,2.8299999237060547,2.8299999237060547,2.8299999237060547,2.8299999237060547,2.7190287113189697,0
2023-09-18,2.819999933242798,2.819999933242798,2.819999933242798,2.819999933242798,2.709420680999756,0
2023-09-19,2.819999933242798,2.819999933242798,2.819999933242798,2.819999933242798,2.709420680999756,0
2023-09-20,2.819999933242798,2.819999933242798,2.819999933242798,2.819999933242798,2.709420680999756,0
2023-09-21,2.819999933242798,2.819999933242798,2.819999933242798,2.819999933242798,2.709420680999756,0
2023-09-22,2.819999933242798,2.819999933242798,2.819999933242798,2.819999933242798,2.709420680999756,0
2023-09-25,2.819999933242798,2.819999933242798,2.819999933242798,2.819999933242798,2.709420680999756,0
2023-09-26,2.819999933242798,2.819999933242798,2.819999933242798,2.819999933242798,2.709420680999756,0
2023-09-27,2.819999933242798,2.819999933242798,2.819999933242798,2.819999933242798,2.709420680999756,1000
2023-09-28,2.819999933242798,2.819999933242798,2.819999933242798,2.819999933242798,2.709420680999756,0
2023-09-29,2.819999933242798,2.819999933242798,2.819999933242798,2.819999933242798,2.709420680999756,0
2023-10-03,2.819999933242798,2.819999933242798,2.819999933242798,2.819999933242798,2.709420680999756,0
2023-10-04,2.819999933242798,2.819999933242798,2.819999933242798,2.819999933242798,2.709420680999756,0
2023-10-05,2.880000114440918,2.880000114440918,2.880000114440918,2.880000114440918,2.7670681476593018,1000
2023-10-06,2.880000114440918,2.880000114440918,2.880000114440918,2.880000114440918,2.7670681476593018,0
2023-10-09,2.880000114440918,2.880000114440918,2.880000114440918,2.880000114440918,2.7670681476593018,0
2023-10-10,2.8499999046325684,2.8499999046325684,2.8499999046325684,2.8499999046325684,2.7382442951202393,0
2023-10-11,2.8499999046325684,2.8499999046325684,2.8499999046325684,2.8499999046325684,2.7382442951202393,0
2023-10-12,2.8399999141693115,2.8399999141693115,2.8399999141693115,2.8399999141693115,2.7286365032196045,0
2023-10-13,2.8399999141693115,2.8399999141693115,2.8399999141693115,2.8399999141693115,2.7286365032196045,0
2023-10-16,2.8399999141693115,2.8399999141693115,2.8399999141693115,2.8399999141693115,2.7286365032196045,0
2023-10-17,2.8399999141693115,2.8399999141693115,2.8399999141693115,2.8399999141693115,2.7286365032196045,0
2023-10-18,2.8399999141693115,2.8399999141693115,2.8399999141693115,2.8399999141693115,2.7286365032196045,0
2023-10-19,2.8399999141693115,2.8399999141693115,2.8399999141693115,2.8399999141693115,2.7286365032196045,0
2023-10-20,2.869999885559082,2.869999885559082,2.869999885559082,2.869999885559082,2.757460117340088,0
2023-10-24,2.869999885559082,2.869999885559082,2.869999885559082,2.869999885559082,2.757460117340088,0
2023-10-25,2.869999885559082,2.869999885559082,2.869999885559082,2.869999885559082,2.757460117340088,0
2023-10-26,2.890000104904175,2.890000104904175,2.890000104904175,2.890000104904175,2.7766761779785156,0
2023-10-27,2.890000104904175,2.890000104904175,2.890000104904175,2.890000104904175,2.7766761779785156,0
2023-10-30,2.890000104904175,2.890000104904175,2.890000104904175,2.890000104904175,2.7766761779785156,0
2023-10-31,2.890000104904175,2.890000104904175,2.890000104904175,2.890000104904175,2.7766761779785156,0
2023-11-01,2.890000104904175,2.890000104904175,2.890000104904175,2.890000104904175,2.7766761779785156,0
2023-11-02,2.890000104904175,2.890000104904175,2.890000104904175,2.890000104904175,2.7766761779785156,0
2023-11-03,2.890000104904175,2.890000104904175,2.890000104904175,2.890000104904175,2.7766761779785156,1000
2023-11-06,2.869999885559082,2.869999885559082,2.869999885559082,2.869999885559082,2.757460117340088,0
2023-11-07,2.869999885559082,2.869999885559082,2.869999885559082,2.869999885559082,2.757460117340088,0
2023-11-08,2.869999885559082,2.869999885559082,2.869999885559082,2.869999885559082,2.757460117340088,0
2023-11-09,2.9000000953674316,2.9000000953674316,2.9000000953674316,2.9000000953674316,2.7862839698791504,0
2023-11-10,2.9000000953674316,2.9000000953674316,2.9000000953674316,2.9000000953674316,2.7862839698791504,0
2023-11-13,2.9000000953674316,2.9000000953674316,2.9000000953674316,2.9000000953674316,2.7862839698791504,0
2023-11-14,2.75,2.869999885559082,2.75,2.869999885559082,2.757460117340088,2000
2023-11-15,2.869999885559082,2.869999885559082,2.869999885559082,2.869999885559082,2.757460117340088,0
2023-11-16,2.869999885559082,2.869999885559082,2.869999885559082,2.869999885559082,2.757460117340088,0
2023-11-17,2.859999895095825,2.859999895095825,2.859999895095825,2.859999895095825,2.747852325439453,0
2023-11-20,2.859999895095825,2.859999895095825,2.859999895095825,2.859999895095825,2.747852325439453,0
2023-11-21,2.859999895095825,2.859999895095825,2.859999895095825,2.859999895095825,2.747852325439453,0
2023-11-22,2.890000104904175,2.890000104904175,2.890000104904175,2.890000104904175,2.7766761779785156,0
2023-11-23,2.890000104904175,2.890000104904175,2.890000104904175,2.890000104904175,2.7766761779785156,0
2023-11-24,2.890000104904175,2.890000104904175,2.890000104904175,2.890000104904175,2.7766761779785156,0
2023-11-27,2.869999885559082,2.869999885559082,2.869999885559082,2.869999885559082,2.757460117340088,0
2023-11-28,2.869999885559082,2.869999885559082,2.869999885559082,2.869999885559082,2.757460117340088,0
2023-11-29,2.859999895095825,2.859999895095825,2.859999895095825,2.859999895095825,2.747852325439453,0
2023-11-30,2.859999895095825,2.859999895095825,2.859999895095825,2.859999895095825,2.747852325439453,0
2023-12-01,2.859999895095825,2.859999895095825,2.7699999809265137,2.8499999046325684,2.7382442951202393,3000
2023-12-04,2.8499999046325684,2.8499999046325684,2.8499999046325684,2.8499999046325684,2.7382442951202393,0
2023-12-05,2.7699999809265137,2.819999933242798,2.7699999809265137,2.819999933242798,2.709420680999756,7000
2023-12-06,2.7799999713897705,2.7899999618530273,2.7799999713897705,2.7799999713897705,2.6709892749786377,4000
2023-12-07,2.7799999713897705,2.7799999713897705,2.7799999713897705,2.7799999713897705,2.6709892749786377,0
2023-12-08,2.7799999713897705,2.7799999713897705,2.7799999713897705,2.7799999713897705,2.6709892749786377,0
2023-12-11,2.7799999713897705,2.7799999713897705,2.7799999713897705,2.7799999713897705,2.6709892749786377,0
2023-12-12,2.799999952316284,2.799999952316284,2.799999952316284,2.799999952316284,2.6902050971984863,0
2023-12-13,2.75,2.75,2.75,2.75,2.6421656608581543,0
2023-12-14,2.75,2.75,2.75,2.75,2.6421656608581543,0
2023-12-15,2.75,2.75,2.75,2.75,2.6421656608581543,0
2023-12-18,2.75,2.75,2.75,2.75,2.6421656608581543,0
2023-12-19,2.75,2.75,2.75,2.75,2.6421656608581543,0
2023-12-20,2.75,2.75,2.75,2.75,2.6421656608581543,0
2023-12-21,2.75,2.75,2.75,2.75,2.6421656608581543,0
2023-12-22,2.819999933242798,2.819999933242798,2.819999933242798,2.819999933242798,2.709420680999756,0
2023-12-27,2.819999933242798,2.819999933242798,2.819999933242798,2.819999933242798,2.709420680999756,0
2023-12-28,2.819999933242798,2.819999933242798,2.819999933242798,2.819999933242798,2.709420680999756,0
2023-12-29,2.819999933242798,2.819999933242798,2.819999933242798,2.819999933242798,2.709420680999756,0
2024-01-02,2.819999933242798,2.819999933242798,2.819999933242798,2.819999933242798,2.709420680999756,0
2024-01-03,2.819999933242798,2.819999933242798,2.819999933242798,2.819999933242798,2.709420680999756,0
2024-01-04,2.819999933242798,2.819999933242798,2.819999933242798,2.819999933242798,2.709420680999756,0
2024-01-05,2.819999933242798,2.819999933242798,2.819999933242798,2.819999933242798,2.709420680999756,0
2024-01-08,2.819999933242798,2.819999933242798,2.819999933242798,2.819999933242798,2.709420680999756,0
2024-01-09,2.819999933242798,2.819999933242798,2.819999933242798,2.819999933242798,2.709420680999756,0
2024-01-10,2.819999933242798,2.819999933242798,2.819999933242798,2.819999933242798,2.709420680999756,0
2024-01-11,2.809999942779541,2.809999942779541,2.809999942779541,2.809999942779541,2.699812889099121,0
2024-01-12,2.799999952316284,2.799999952316284,2.799999952316284,2.799999952316284,2.6902050971984863,0
2024-01-15,2.799999952316284,2.799999952316284,2.799999952316284,2.799999952316284,2.6902050971984863,0
2024-01-16,2.5999999046325684,2.5999999046325684,2.5999999046325684,2.5999999046325684,2.4980475902557373,0
2024-01-17,2.6700000762939453,2.759999990463257,2.6700000762939453,2.759999990463257,2.651773691177368,3000
2024-01-18,2.759999990463257,2.759999990463257,2.759999990463257,2.759999990463257,2.651773691177368,0
2024-01-19,2.759999990463257,2.759999990463257,2.759999990463257,2.759999990463257,2.651773691177368,0
2024-01-22,2.759999990463257,2.759999990463257,2.759999990463257,2.759999990463257,2.651773691177368,0
2024-01-23,2.759999990463257,2.759999990463257,2.759999990463257,2.759999990463257,2.651773691177368,0
2024-01-24,2.759999990463257,2.759999990463257,2.759999990463257,2.759999990463257,2.651773691177368,0
2024-01-25,2.759999990463257,2.759999990463257,2.759999990463257,2.759999990463257,2.651773691177368,1000
2024-01-26,2.759999990463257,2.759999990463257,2.759999990463257,2.759999990463257,2.651773691177368,0
2024-01-29,2.759999990463257,2.759999990463257,2.759999990463257,2.759999990463257,2.651773691177368,0
2024-01-30,2.759999990463257,2.759999990463257,2.759999990463257,2.759999990463257,2.651773691177368,0
2024-01-31,2.7799999713897705,2.7799999713897705,2.7799999713897705,2.7799999713897705,2.6709892749786377,0
2024-02-01,2.7799999713897705,2.7799999713897705,2.7799999713897705,2.7799999713897705,2.6709892749786377,0
2024-02-02,2.7799999713897705,2.7799999713897705,2.7799999713897705,2.7799999713897705,2.6709892749786377,0
2024-02-05,2.7799999713897705,2.7799999713897705,2.7799999713897705,2.7799999713897705,2.6709892749786377,0
2024-02-06,2.799999952316284,2.799999952316284,2.799999952316284,2.799999952316284,2.6902050971984863,0
2024-02-07,2.799999952316284,2.799999952316284,2.799999952316284,2.799999952316284,2.6902050971984863,0
2024-02-08,2.799999952316284,2.799999952316284,2.799999952316284,2.799999952316284,2.6902050971984863,0
2024-02-09,2.799999952316284,2.799999952316284,2.799999952316284,2.799999952316284,2.6902050971984863,0
2024-02-14,2.799999952316284,2.799999952316284,2.799999952316284,2.799999952316284,2.6902050971984863,0
2024-02-15,2.799999952316284,2.799999952316284,2.799999952316284,2.799999952316284,2.6902050971984863,0
2024-02-16,2.799999952316284,2.799999952316284,2.799999952316284,2.799999952316284,2.6902050971984863,0
2024-02-19,2.799999952316284,2.799999952316284,2.799999952316284,2.799999952316284,2.6902050971984863,0
2024-02-20,2.799999952316284,2.799999952316284,2.799999952316284,2.799999952316284,2.6902050971984863,0
2024-02-21,2.799999952316284,2.799999952316284,2.799999952316284,2.799999952316284,2.6902050971984863,0
2024-02-22,2.799999952316284,2.799999952316284,2.799999952316284,2.799999952316284,2.6902050971984863,1000
2024-02-23,2.799999952316284,2.799999952316284,2.799999952316284,2.799999952316284,2.6902050971984863,0
2024-02-26,2.799999952316284,2.799999952316284,2.799999952316284,2.799999952316284,2.6902050971984863,0
2024-02-27,2.799999952316284,2.799999952316284,2.799999952316284,2.799999952316284,2.6902050971984863,0
2024-02-28,2.799999952316284,2.799999952316284,2.799999952316284,2.799999952316284,2.6902050971984863,0
2024-02-29,2.799999952316284,2.799999952316284,2.799999952316284,2.799999952316284,2.6902050971984863,0
2024-03-01,2.799999952316284,2.799999952316284,2.799999952316284,2.799999952316284,2.6902050971984863,0
2024-03-04,2.799999952316284,2.799999952316284,2.799999952316284,2.799999952316284,2.6902050971984863,0
2024-03-05,2.799999952316284,2.799999952316284,2.799999952316284,2.799999952316284,2.6902050971984863,0
2024-03-06,2.799999952316284,2.799999952316284,2.799999952316284,2.799999952316284,2.6902050971984863,0
2024-03-07,2.7799999713897705,2.7799999713897705,2.7799999713897705,2.7799999713897705,2.6709892749786377,0
2024-03-08,2.7799999713897705,2.7799999713897705,2.7799999713897705,2.7799999713897705,2.6709892749786377,0
2024-03-11,2.7799999713897705,2.7799999713897705,2.7799999713897705,2.7799999713897705,2.6709892749786377,3000
2024-03-12,2.7799999713897705,2.7799999713897705,2.7799999713897705,2.7799999713897705,2.6709892749786377,0
2024-03-13,2.7799999713897705,2.7799999713897705,2.7799999713897705,2.7799999713897705,2.6709892749786377,0
2024-03-14,2.7799999713897705,2.7799999713897705,2.7799999713897705,2.7799999713897705,2.6709892749786377,0
2024-03-15,2.7799999713897705,2.7799999713897705,2.7799999713897705,2.7799999713897705,2.6709892749786377,0
2024-03-18,2.7799999713897705,2.7799999713897705,2.7799999713897705,2.7799999713897705,2.6709892749786377,0
2024-03-19,2.7799999713897705,2.7799999713897705,2.7799999713897705,2.7799999713897705,2.6709892749786377,0
2024-03-20,2.7799999713897705,2.7799999713897705,2.7799999713897705,2.7799999713897705,2.6709892749786377,0
2024-03-21,2.7799999713897705,2.7799999713897705,2.7799999713897705,2.7799999713897705,2.6709892749786377,0
2024-03-22,2.7899999618530273,2.7899999618530273,2.7899999618530273,2.7899999618530273,2.6805970668792725,0
2024-03-25,2.799999952316284,2.799999952316284,2.799999952316284,2.799999952316284,2.6902050971984863,1000
2024-03-26,2.799999952316284,2.799999952316284,2.799999952316284,2.799999952316284,2.6902050971984863,0
2024-03-27,2.799999952316284,2.799999952316284,2.799999952316284,2.799999952316284,2.6902050971984863,0
2024-03-28,2.799999952316284,2.799999952316284,2.799999952316284,2.799999952316284,2.6902050971984863,0
2024-04-02,2.799999952316284,2.799999952316284,2.799999952316284,2.799999952316284,2.6902050971984863,0
2024-04-03,2.799999952316284,2.799999952316284,2.799999952316284,2.799999952316284,2.6902050971984863,1000
2024-04-05,2.799999952316284,2.799999952316284,2.799999952316284,2.799999952316284,2.6902050971984863,0
2024-04-08,2.799999952316284,2.799999952316284,2.799999952316284,2.799999952316284,2.6902050971984863,1000
2024-04-09,2.799999952316284,2.799999952316284,2.799999952316284,2.799999952316284,2.6902050971984863,0
2024-04-10,2.799999952316284,2.799999952316284,2.799999952316284,2.799999952316284,2.6902050971984863,0
2024-04-11,2.7799999713897705,2.7799999713897705,2.7799999713897705,2.7799999713897705,2.6709892749786377,0
2024-04-12,2.7799999713897705,2.7799999713897705,2.7799999713897705,2.7799999713897705,2.6709892749786377,0
2024-04-15,2.7799999713897705,2.7799999713897705,2.7799999713897705,2.7799999713897705,2.6709892749786377,0
2024-04-16,2.7799999713897705,2.7799999713897705,2.7799999713897705,2.7799999713897705,2.6709892749786377,0
2024-04-17,2.7899999618530273,2.7899999618530273,2.7899999618530273,2.7899999618530273,2.6805970668792725,1000
2024-04-18,2.7899999618530273,2.7899999618530273,2.7899999618530273,2.7899999618530273,2.6805970668792725,0
2024-04-19,2.7899999618530273,2.7899999618530273,2.7899999618530273,2.7899999618530273,2.6805970668792725,0
2024-04-22,2.799999952316284,2.799999952316284,2.799999952316284,2.799999952316284,2.6902050971984863,0
2024-04-23,2.799999952316284,2.799999952316284,2.799999952316284,2.799999952316284,2.6902050971984863,0
2024-04-24,2.799999952316284,2.799999952316284,2.799999952316284,2.799999952316284,2.6902050971984863,0
2024-04-25,2.799999952316284,2.799999952316284,2.799999952316284,2.799999952316284,2.6902050971984863,0
2024-04-26,2.799999952316284,2.799999952316284,2.799999952316284,2.799999952316284,2.6902050971984863,0
2024-04-29,2.809999942779541,2.809999942779541,2.809999942779541,2.809999942779541,2.699812889099121,1000
2024-04-30,2.809999942779541,2.809999942779541,2.809999942779541,2.809999942779541,2.699812889099121,0
2024-05-02,2.809999942779541,2.809999942779541,2.809999942779541,2.809999942779541,2.699812889099121,0
2024-05-03,2.809999942779541,2.809999942779541,2.809999942779541,2.809999942779541,2.699812889099121,0
2024-05-06,2.700000047683716,2.700000047683716,2.700000047683716,2.700000047683716,2.700000047683716,0
2024-05-07,2.700000047683716,2.700000047683716,2.700000047683716,2.700000047683716,2.700000047683716,0
2024-05-08,2.700000047683716,2.700000047683716,2.700000047683716,2.700000047683716,2.700000047683716,0
2024-05-09,2.7100000381469727,2.7100000381469727,2.7100000381469727,2.7100000381469727,2.7100000381469727,1000
2024-05-10,2.7100000381469727,2.7100000381469727,2.7100000381469727,2.7100000381469727,2.7100000381469727,0
2024-05-13,2.700000047683716,2.700000047683716,2.700000047683716,2.700000047683716,2.700000047683716,0
2024-05-14,2.700000047683716,2.700000047683716,2.700000047683716,2.700000047683716,2.700000047683716,0
2024-05-16,2.700000047683716,2.700000047683716,2.700000047683716,2.700000047683716,2.700000047683716,0
2024-05-17,2.7100000381469727,2.7100000381469727,2.7100000381469727,2.7100000381469727,2.7100000381469727,0
2024-05-20,2.4600000381469727,2.7300000190734863,2.450000047683716,2.700000047683716,2.700000047683716,46000
2024-05-21,2.5,2.700000047683716,2.490000009536743,2.700000047683716,2.700000047683716,36000
2024-05-22,2.700000047683716,2.700000047683716,2.700000047683716,2.700000047683716,2.700000047683716,0
2024-05-23,2.700000047683716,2.700000047683716,2.700000047683716,2.700000047683716,2.700000047683716,0
2024-05-24,2.700000047683716,2.700000047683716,2.700000047683716,2.700000047683716,2.700000047683716,0
2024-05-27,2.549999952316284,2.6700000762939453,2.5399999618530273,2.6700000762939453,2.6700000762939453,23000
2024-05-28,2.549999952316284,2.630000114440918,2.549999952316284,2.630000114440918,2.630000114440918,21000
2024-05-29,2.640000104904175,2.6700000762939453,2.640000104904175,2.6700000762939453,2.6700000762939453,4000
2024-05-30,2.569999933242798,2.6700000762939453,2.569999933242798,2.6700000762939453,2.6700000762939453,11000
2024-05-31,2.569999933242798,2.680000066757202,2.569999933242798,2.680000066757202,2.680000066757202,17000
2024-06-03,2.569999933242798,2.619999885559082,2.569999933242798,2.619999885559082,2.619999885559082,17000
2024-06-04,2.569999933242798,2.6600000858306885,2.569999933242798,2.6600000858306885,2.6600000858306885,13000
2024-06-05,2.569999933242798,2.680000066757202,2.569999933242798,2.680000066757202,2.680000066757202,18000
2024-06-06,2.569999933242798,2.6600000858306885,2.569999933242798,2.6500000953674316,2.6500000953674316,13000
2024-06-07,2.6500000953674316,2.690000057220459,2.569999933242798,2.690000057220459,2.690000057220459,29000
2024-06-11,2.5899999141693115,2.6700000762939453,2.569999933242798,2.6700000762939453,2.6700000762939453,49000
2024-06-12,2.619999885559082,2.619999885559082,2.569999933242798,2.619999885559082,2.619999885559082,59000
2024-06-13,2.5999999046325684,2.5999999046325684,2.509999990463257,2.509999990463257,2.509999990463257,35000
2024-06-14,2.5299999713897705,2.5899999141693115,2.5199999809265137,2.5299999713897705,2.5299999713897705,55000
2024-06-17,2.5299999713897705,2.5299999713897705,2.5299999713897705,2.5299999713897705,2.5299999713897705,0
2024-06-18,2.5399999618530273,2.559999942779541,2.5399999618530273,2.559999942779541,2.559999942779541,16000
2024-06-19,2.5799999237060547,2.5799999237060547,2.5799999237060547,2.5799999237060547,2.5799999237060547,0
2024-06-20,2.5199999809265137,2.5799999237060547,2.5199999809265137,2.5199999809265137,2.5199999809265137,45000
2024-06-21,2.549999952316284,2.549999952316284,2.549999952316284,2.549999952316284,2.549999952316284,3000
2024-06-24,2.5399999618530273,2.5399999618530273,2.5399999618530273,2.5399999618530273,2.5399999618530273,0
2024-06-25,2.5,2.569999933242798,2.5,2.569999933242798,2.569999933242798,3000
2024-06-26,2.569999933242798,2.569999933242798,2.569999933242798,2.569999933242798,2.569999933242798,0
2024-06-27,2.569999933242798,2.569999933242798,2.569999933242798,2.569999933242798,2.569999933242798,0
2024-06-28,2.609999895095825,2.609999895095825,2.609999895095825,2.609999895095825,2.609999895095825,1000
2024-07-02,2.5899999141693115,2.5899999141693115,2.5899999141693115,2.5899999141693115,2.5899999141693115,0
2024-07-03,2.5799999237060547,2.5799999237060547,2.5799999237060547,2.5799999237060547,2.5799999237060547,0
2024-07-04,2.5799999237060547,2.5799999237060547,2.5799999237060547,2.5799999237060547,2.5799999237060547,0
2024-07-08,2.5899999141693115,2.5899999141693115,2.5899999141693115,2.5899999141693115,2.5899999141693115,1000
2024-07-09,2.5899999141693115,2.5899999141693115,2.5899999141693115,2.5899999141693115,2.5899999141693115,0
2024-07-10,2.5899999141693115,2.5899999141693115,2.5899999141693115,2.5899999141693115,2.5899999141693115,0
2024-07-11,2.5899999141693115,2.5899999141693115,2.5899999141693115,2.5899999141693115,2.5899999141693115,0
2024-07-12,2.569999933242798,2.569999933242798,2.569999933242798,2.569999933242798,2.569999933242798,0
2024-07-15,2.569999933242798,2.569999933242798,2.569999933242798,2.569999933242798,2.569999933242798,0
2024-07-16,2.5799999237060547,2.5799999237060547,2.5799999237060547,2.5799999237060547,2.5799999237060547,0
2024-07-17,2.5799999237060547,2.5799999237060547,2.5799999237060547,2.5799999237060547,2.5799999237060547,0
2024-07-18,2.5799999237060547,2.5799999237060547,2.5799999237060547,2.5799999237060547,2.5799999237060547,0
2024-07-19,2.5799999237060547,2.5799999237060547,2.5799999237060547,2.5799999237060547,2.5799999237060547,0
2024-07-22,2.5799999237060547,2.5799999237060547,2.5799999237060547,2.5799999237060547,2.5799999237060547,0
2024-07-23,2.5799999237060547,2.5799999237060547,2.5799999237060547,2.5799999237060547,2.5799999237060547,0
2024-07-24,2.5799999237060547,2.5799999237060547,2.5799999237060547,2.5799999237060547,2.5799999237060547,0
2024-07-25,2.619999885559082,2.619999885559082,2.619999885559082,2.619999885559082,2.619999885559082,0
2024-07-26,2.619999885559082,2.619999885559082,2.619999885559082,2.619999885559082,2.619999885559082,0
2024-07-29,2.619999885559082,2.619999885559082,2.619999885559082,2.619999885559082,2.619999885559082,0
2024-07-30,2.619999885559082,2.619999885559082,2.619999885559082,2.619999885559082,2.619999885559082,0
2024-07-31,2.619999885559082,2.619999885559082,2.619999885559082,2.619999885559082,2.619999885559082,1000
