Date,Open,High,Low,Close,Adj Close,Volume
2020-02-14,0.33000001311302185,0.3449999988079071,0.2549999952316284,0.2549999952316284,0.2549999952316284,118960000
2020-02-17,0.25999999046325684,0.27000001072883606,0.23999999463558197,0.23999999463558197,0.23999999463558197,26450000
2020-02-18,0.23999999463558197,0.2460000067949295,0.20499999821186066,0.20600000023841858,0.20600000023841858,30840000
2020-02-19,0.20499999821186066,0.22300000488758087,0.19499999284744263,0.2199999988079071,0.2199999988079071,54100000
2020-02-20,0.2199999988079071,0.24899999797344208,0.21299999952316284,0.23899999260902405,0.23899999260902405,64150000
2020-02-21,0.23899999260902405,0.2549999952316284,0.2290000021457672,0.23399999737739563,0.23399999737739563,49270000
2020-02-24,0.23000000417232513,0.23399999737739563,0.18799999356269836,0.1899999976158142,0.1899999976158142,54890000
2020-02-25,0.1850000023841858,0.1850000023841858,0.17299999296665192,0.1770000010728836,0.1770000010728836,21180000
2020-02-26,0.1720000058412552,0.1899999976158142,0.17000000178813934,0.17900000512599945,0.17900000512599945,20870000
2020-02-27,0.1770000010728836,0.18199999630451202,0.1679999977350235,0.1679999977350235,0.1679999977350235,16280000
2020-02-28,0.1679999977350235,0.1679999977350235,0.15000000596046448,0.15299999713897705,0.15299999713897705,41510000
2020-03-02,0.15399999916553497,0.15399999916553497,0.1459999978542328,0.1469999998807907,0.1469999998807907,24660000
2020-03-03,0.15000000596046448,0.16300000250339508,0.14800000190734863,0.15000000596046448,0.15000000596046448,56560000
2020-03-04,0.14900000393390656,0.15199999511241913,0.13699999451637268,0.14000000059604645,0.14000000059604645,15070000
2020-03-05,0.14000000059604645,0.14800000190734863,0.13600000739097595,0.13899999856948853,0.13899999856948853,19880000
2020-03-06,0.13699999451637268,0.1420000046491623,0.13300000131130219,0.13500000536441803,0.13500000536441803,32290000
2020-03-09,0.12999999523162842,0.13099999725818634,0.11500000208616257,0.11999999731779099,0.11999999731779099,26030000
2020-03-10,0.11500000208616257,0.12999999523162842,0.10899999737739563,0.11999999731779099,0.11999999731779099,65910000
2020-03-11,0.11999999731779099,0.12700000405311584,0.11699999868869781,0.11999999731779099,0.11999999731779099,7860000
2020-03-12,0.11999999731779099,0.11999999731779099,0.10899999737739563,0.11800000071525574,0.11800000071525574,7370000
2020-03-13,0.11100000143051147,0.11500000208616257,0.10199999809265137,0.10899999737739563,0.10899999737739563,7550000
2020-03-16,0.1080000028014183,0.11699999868869781,0.10400000214576721,0.10499999672174454,0.10499999672174454,16090000
2020-03-17,0.10599999874830246,0.125,0.09600000083446503,0.10499999672174454,0.10499999672174454,63170000
2020-03-18,0.10300000011920929,0.10999999940395355,0.0989999994635582,0.10000000149011612,0.10000000149011612,6940000
2020-03-19,0.10000000149011612,0.10000000149011612,0.09200000017881393,0.0949999988079071,0.0949999988079071,8220000
2020-03-20,0.09799999743700027,0.10999999940395355,0.09600000083446503,0.10000000149011612,0.10000000149011612,20440000
2020-03-23,0.10000000149011612,0.10000000149011612,0.09399999678134918,0.0949999988079071,0.0949999988079071,5070000
2020-03-24,0.09799999743700027,0.10000000149011612,0.09700000286102295,0.09700000286102295,0.09700000286102295,1010000
2020-03-25,0.10100000351667404,0.10300000011920929,0.09799999743700027,0.09799999743700027,0.09799999743700027,3090000
2020-03-26,0.09700000286102295,0.10199999809265137,0.09300000220537186,0.09700000286102295,0.09700000286102295,13830000
2020-03-27,0.09799999743700027,0.10999999940395355,0.0949999988079071,0.0989999994635582,0.0989999994635582,15770000
2020-03-30,0.10000000149011612,0.10000000149011612,0.0949999988079071,0.09700000286102295,0.09700000286102295,2580000
2020-03-31,0.09700000286102295,0.0989999994635582,0.09700000286102295,0.09799999743700027,0.09799999743700027,520000
2020-04-01,0.0989999994635582,0.0989999994635582,0.09399999678134918,0.0949999988079071,0.0949999988079071,2910000
2020-04-02,0.0949999988079071,0.09700000286102295,0.09200000017881393,0.09399999678134918,0.09399999678134918,3810000
2020-04-03,0.09399999678134918,0.09799999743700027,0.09300000220537186,0.09600000083446503,0.09600000083446503,10100000
2020-04-06,0.09600000083446503,0.10000000149011612,0.09300000220537186,0.0949999988079071,0.0949999988079071,2890000
2020-04-07,0.09399999678134918,0.09600000083446503,0.09399999678134918,0.0949999988079071,0.0949999988079071,1980000
2020-04-08,0.09300000220537186,0.0949999988079071,0.09200000017881393,0.09300000220537186,0.09300000220537186,2210000
2020-04-09,0.09200000017881393,0.09799999743700027,0.09200000017881393,0.09700000286102295,0.09700000286102295,7430000
2020-04-14,0.09600000083446503,0.10999999940395355,0.09600000083446503,0.10400000214576721,0.10400000214576721,27210000
2020-04-15,0.10700000077486038,0.1120000034570694,0.10400000214576721,0.10400000214576721,0.10400000214576721,15720000
2020-04-16,0.09700000286102295,0.10599999874830246,0.09700000286102295,0.10400000214576721,0.10400000214576721,1060000
2020-04-17,0.10400000214576721,0.10400000214576721,0.10400000214576721,0.10400000214576721,0.10400000214576721,10000
2020-04-20,0.10000000149011612,0.10300000011920929,0.09799999743700027,0.10199999809265137,0.10199999809265137,1120000
2020-04-21,0.10199999809265137,0.10199999809265137,0.10000000149011612,0.10199999809265137,0.10199999809265137,670000
2020-04-22,0.09799999743700027,0.10000000149011612,0.0949999988079071,0.09799999743700027,0.09799999743700027,3900000
2020-04-23,0.10199999809265137,0.10199999809265137,0.09399999678134918,0.09799999743700027,0.09799999743700027,1310000
2020-04-24,0.09600000083446503,0.10000000149011612,0.09399999678134918,0.09700000286102295,0.09700000286102295,950000
2020-04-27,0.0989999994635582,0.0989999994635582,0.09399999678134918,0.09399999678134918,0.09399999678134918,2170000
2020-04-28,0.09399999678134918,0.10899999737739563,0.09399999678134918,0.10100000351667404,0.10100000351667404,7390000
2020-04-29,0.10999999940395355,0.14300000667572021,0.10199999809265137,0.1080000028014183,0.1080000028014183,105510000
2020-05-04,0.10300000011920929,0.1080000028014183,0.10000000149011612,0.1080000028014183,0.1080000028014183,7160000
2020-05-05,0.1080000028014183,0.1289999932050705,0.10499999672174454,0.12399999797344208,0.12399999797344208,23720000
2020-05-06,0.1289999932050705,0.1599999964237213,0.1289999932050705,0.1420000046491623,0.1420000046491623,119680000
2020-05-07,0.1459999978542328,0.1459999978542328,0.12999999523162842,0.13500000536441803,0.13500000536441803,14500000
2020-05-08,0.13500000536441803,0.14000000059604645,0.13500000536441803,0.13699999451637268,0.13699999451637268,4530000
2020-05-11,0.13699999451637268,0.13699999451637268,0.12999999523162842,0.13300000131130219,0.13300000131130219,5210000
2020-05-12,0.12800000607967377,0.12800000607967377,0.12200000137090683,0.125,0.125,3350000
2020-05-13,0.125,0.14000000059604645,0.12099999934434891,0.12999999523162842,0.12999999523162842,4580000
2020-05-14,0.12800000607967377,0.14000000059604645,0.12800000607967377,0.13199999928474426,0.13199999928474426,1060000
2020-05-15,0.13099999725818634,0.13099999725818634,0.12200000137090683,0.12700000405311584,0.12700000405311584,3230000
2020-05-18,0.125,0.13600000739097595,0.11999999731779099,0.125,0.125,8240000
2020-05-19,0.12700000405311584,0.13899999856948853,0.11999999731779099,0.12300000339746475,0.12300000339746475,10010000
2020-05-20,0.12300000339746475,0.12300000339746475,0.10700000077486038,0.10999999940395355,0.10999999940395355,17710000
2020-05-21,0.11400000005960464,0.11599999666213989,0.10700000077486038,0.11100000143051147,0.11100000143051147,9670000
2020-05-22,0.10700000077486038,0.1080000028014183,0.10199999809265137,0.10400000214576721,0.10400000214576721,4780000
2020-05-25,0.10000000149011612,0.10700000077486038,0.0949999988079071,0.10700000077486038,0.10700000077486038,2010000
2020-05-26,0.10700000077486038,0.11900000274181366,0.10000000149011612,0.11400000005960464,0.11400000005960464,8190000
2020-05-27,0.11100000143051147,0.11100000143051147,0.10599999874830246,0.10599999874830246,0.10599999874830246,2590000
2020-05-28,0.10400000214576721,0.10999999940395355,0.10100000351667404,0.10100000351667404,0.10100000351667404,12690000
2020-05-29,0.10499999672174454,0.10499999672174454,0.10100000351667404,0.10100000351667404,0.10100000351667404,450000
2020-06-01,0.10100000351667404,0.11299999803304672,0.10100000351667404,0.1080000028014183,0.1080000028014183,8940000
2020-06-02,0.10499999672174454,0.1080000028014183,0.10300000011920929,0.1080000028014183,0.1080000028014183,880000
2020-06-03,0.10700000077486038,0.10700000077486038,0.10199999809265137,0.10400000214576721,0.10400000214576721,750000
2020-06-04,0.10100000351667404,0.1080000028014183,0.10100000351667404,0.10499999672174454,0.10499999672174454,510000
2020-06-05,0.10499999672174454,0.10700000077486038,0.10300000011920929,0.10700000077486038,0.10700000077486038,630000
2020-06-08,0.10700000077486038,0.10700000077486038,0.10300000011920929,0.10499999672174454,0.10499999672174454,430000
2020-06-09,0.10199999809265137,0.10599999874830246,0.10199999809265137,0.10599999874830246,0.10599999874830246,770000
2020-06-10,0.10300000011920929,0.10300000011920929,0.10000000149011612,0.10300000011920929,0.10300000011920929,1470000
2020-06-11,0.10100000351667404,0.10300000011920929,0.10100000351667404,0.10100000351667404,0.10100000351667404,1130000
2020-06-12,0.09600000083446503,0.10499999672174454,0.09600000083446503,0.10100000351667404,0.10100000351667404,800000
2020-06-15,0.10000000149011612,0.10100000351667404,0.09700000286102295,0.10100000351667404,0.10100000351667404,600100
2020-06-16,0.10199999809265137,0.11699999868869781,0.10199999809265137,0.10999999940395355,0.10999999940395355,5900000
2020-06-17,0.1080000028014183,0.10999999940395355,0.1080000028014183,0.10999999940395355,0.10999999940395355,860000
2020-06-18,0.1120000034570694,0.11299999803304672,0.10999999940395355,0.1120000034570694,0.1120000034570694,1450000
2020-06-19,0.1120000034570694,0.1120000034570694,0.10999999940395355,0.10999999940395355,0.10999999940395355,390000
2020-06-22,0.10899999737739563,0.10899999737739563,0.1080000028014183,0.1080000028014183,0.1080000028014183,160000
2020-06-23,0.1080000028014183,0.1080000028014183,0.09600000083446503,0.10400000214576721,0.10400000214576721,1920000
2020-06-24,0.10499999672174454,0.10499999672174454,0.10300000011920929,0.10300000011920929,0.10300000011920929,590000
2020-06-26,0.10899999737739563,0.10899999737739563,0.10300000011920929,0.10499999672174454,0.10499999672174454,1440000
2020-06-29,0.10100000351667404,0.10300000011920929,0.0989999994635582,0.10300000011920929,0.10300000011920929,2260000
2020-06-30,0.10300000011920929,0.10599999874830246,0.10000000149011612,0.10400000214576721,0.10400000214576721,630000
2020-07-02,0.10100000351667404,0.10899999737739563,0.10000000149011612,0.10700000077486038,0.10700000077486038,1790000
2020-07-03,0.11500000208616257,0.11500000208616257,0.10300000011920929,0.10599999874830246,0.10599999874830246,600000
2020-07-06,0.11699999868869781,0.11699999868869781,0.10199999809265137,0.1080000028014183,0.1080000028014183,4430100
2020-07-07,0.1080000028014183,0.1080000028014183,0.10300000011920929,0.10400000214576721,0.10400000214576721,1420000
2020-07-08,0.11299999803304672,0.11299999803304672,0.10199999809265137,0.10199999809265137,0.10199999809265137,1910000
2020-07-09,0.10599999874830246,0.10599999874830246,0.10000000149011612,0.10000000149011612,0.10000000149011612,2680000
2020-07-10,0.10000000149011612,0.10400000214576721,0.0989999994635582,0.10400000214576721,0.10400000214576721,2220000
2020-07-13,0.10300000011920929,0.10499999672174454,0.0989999994635582,0.10000000149011612,0.10000000149011612,810000
2020-07-14,0.10400000214576721,0.10400000214576721,0.10000000149011612,0.10100000351667404,0.10100000351667404,320000
2020-07-15,0.10100000351667404,0.10400000214576721,0.10000000149011612,0.10000000149011612,0.10000000149011612,1130000
2020-07-16,0.10000000149011612,0.10199999809265137,0.09600000083446503,0.09700000286102295,0.09700000286102295,1520000
2020-07-17,0.09700000286102295,0.10700000077486038,0.09200000017881393,0.10100000351667404,0.10100000351667404,26810000
2020-07-20,0.10499999672174454,0.10700000077486038,0.10300000011920929,0.10499999672174454,0.10499999672174454,9310000
2020-07-21,0.10300000011920929,0.1080000028014183,0.10199999809265137,0.10499999672174454,0.10499999672174454,12760000
2020-07-22,0.10300000011920929,0.10700000077486038,0.10000000149011612,0.10000000149011612,0.10000000149011612,10580000
2020-07-23,0.10100000351667404,0.10400000214576721,0.0989999994635582,0.10100000351667404,0.10100000351667404,9820000
2020-07-24,0.10000000149011612,0.10100000351667404,0.09799999743700027,0.10000000149011612,0.10000000149011612,11550000
2020-07-27,0.10300000011920929,0.10400000214576721,0.09700000286102295,0.10000000149011612,0.10000000149011612,7480000
2020-07-28,0.09799999743700027,0.10000000149011612,0.09799999743700027,0.0989999994635582,0.0989999994635582,6990000
2020-07-29,0.09799999743700027,0.0989999994635582,0.09799999743700027,0.09799999743700027,0.09799999743700027,5940000
2020-07-30,0.09799999743700027,0.10499999672174454,0.09799999743700027,0.10100000351667404,0.10100000351667404,2070000
2020-07-31,0.10100000351667404,0.10100000351667404,0.09799999743700027,0.09799999743700027,0.09799999743700027,1450000
2020-08-03,0.10400000214576721,0.10400000214576721,0.09799999743700027,0.10000000149011612,0.10000000149011612,190000
2020-08-04,0.0989999994635582,0.10000000149011612,0.09799999743700027,0.10000000149011612,0.10000000149011612,810000
2020-08-05,0.0989999994635582,0.0989999994635582,0.09600000083446503,0.09700000286102295,0.09700000286102295,1560000
2020-08-06,0.09600000083446503,0.10000000149011612,0.09600000083446503,0.09700000286102295,0.09700000286102295,290000
2020-08-07,0.09799999743700027,0.09799999743700027,0.0949999988079071,0.0949999988079071,0.0949999988079071,550000
2020-08-10,0.0949999988079071,0.0949999988079071,0.09300000220537186,0.09300000220537186,0.09300000220537186,1600000
2020-08-11,0.09300000220537186,0.09700000286102295,0.09300000220537186,0.09399999678134918,0.09399999678134918,1350000
2020-08-12,0.09300000220537186,0.09700000286102295,0.09000000357627869,0.0949999988079071,0.0949999988079071,16750000
2020-08-13,0.0989999994635582,0.10499999672174454,0.0949999988079071,0.10499999672174454,0.10499999672174454,15660000
2020-08-14,0.10400000214576721,0.10499999672174454,0.0989999994635582,0.10100000351667404,0.10100000351667404,1100000
2020-08-17,0.09799999743700027,0.10199999809265137,0.09799999743700027,0.10199999809265137,0.10199999809265137,440000
2020-08-18,0.0989999994635582,0.10199999809265137,0.0989999994635582,0.10100000351667404,0.10100000351667404,150000
2020-08-19,0.09700000286102295,0.0989999994635582,0.09600000083446503,0.0989999994635582,0.0989999994635582,500000
2020-08-20,0.0989999994635582,0.1120000034570694,0.0989999994635582,0.10199999809265137,0.10199999809265137,1380000
2020-08-21,0.10199999809265137,0.10400000214576721,0.09600000083446503,0.10199999809265137,0.10199999809265137,1070000
2020-08-24,0.10100000351667404,0.10899999737739563,0.10100000351667404,0.10100000351667404,0.10100000351667404,440000
2020-08-25,0.09600000083446503,0.10000000149011612,0.09600000083446503,0.09700000286102295,0.09700000286102295,190000
2020-08-26,0.10400000214576721,0.10400000214576721,0.0949999988079071,0.10000000149011612,0.10000000149011612,6060000
2020-08-27,0.10300000011920929,0.10300000011920929,0.10000000149011612,0.10100000351667404,0.10100000351667404,8050000
2020-08-28,0.10199999809265137,0.10199999809265137,0.09700000286102295,0.10000000149011612,0.10000000149011612,8640000
2020-08-31,0.10100000351667404,0.10100000351667404,0.0949999988079071,0.09600000083446503,0.09600000083446503,9640000
2020-09-01,0.09600000083446503,0.0989999994635582,0.0949999988079071,0.0949999988079071,0.0949999988079071,6360000
2020-09-02,0.09700000286102295,0.09700000286102295,0.09399999678134918,0.0949999988079071,0.0949999988079071,9680000
2020-09-03,0.10400000214576721,0.10400000214576721,0.09200000017881393,0.09399999678134918,0.09399999678134918,9960000
2020-09-04,0.0949999988079071,0.0949999988079071,0.0949999988079071,0.0949999988079071,0.0949999988079071,60000
2020-09-07,0.09099999815225601,0.09799999743700027,0.09099999815225601,0.0949999988079071,0.0949999988079071,20000
2020-09-08,0.09700000286102295,0.09700000286102295,0.09099999815225601,0.0949999988079071,0.0949999988079071,7240000
2020-09-09,0.0989999994635582,0.10000000149011612,0.09300000220537186,0.10000000149011612,0.10000000149011612,15340000
2020-09-10,0.09700000286102295,0.0989999994635582,0.09200000017881393,0.09399999678134918,0.09399999678134918,7470000
2020-09-11,0.0949999988079071,0.1340000033378601,0.09300000220537186,0.1120000034570694,0.1120000034570694,101820000
2020-09-14,0.11599999666213989,0.12099999934434891,0.10400000214576721,0.11500000208616257,0.11500000208616257,23660000
2020-09-15,0.12300000339746475,0.12300000339746475,0.10499999672174454,0.10700000077486038,0.10700000077486038,12480000
2020-09-16,0.10700000077486038,0.10899999737739563,0.09799999743700027,0.10000000149011612,0.10000000149011612,7710000
2020-09-17,0.10100000351667404,0.10499999672174454,0.09600000083446503,0.10000000149011612,0.10000000149011612,13390000
2020-09-18,0.10199999809265137,0.10199999809265137,0.09200000017881393,0.09799999743700027,0.09799999743700027,15800000
2020-09-21,0.09799999743700027,0.10100000351667404,0.09399999678134918,0.09600000083446503,0.09600000083446503,7920000
2020-09-22,0.09600000083446503,0.09600000083446503,0.09399999678134918,0.0949999988079071,0.0949999988079071,12840000
2020-09-23,0.0949999988079071,0.0989999994635582,0.09399999678134918,0.0949999988079071,0.0949999988079071,6610000
2020-09-24,0.09700000286102295,0.09700000286102295,0.09200000017881393,0.09399999678134918,0.09399999678134918,6420000
2020-09-25,0.09200000017881393,0.09600000083446503,0.09000000357627869,0.09099999815225601,0.09099999815225601,6840000
2020-09-28,0.09099999815225601,0.09300000220537186,0.08799999952316284,0.09200000017881393,0.09200000017881393,9080000
2020-09-29,0.09099999815225601,0.0949999988079071,0.09099999815225601,0.09399999678134918,0.09399999678134918,7990000
2020-09-30,0.0949999988079071,0.0949999988079071,0.09200000017881393,0.09399999678134918,0.09399999678134918,5820000
2020-10-05,0.09399999678134918,0.10100000351667404,0.09300000220537186,0.09700000286102295,0.09700000286102295,20120000
2020-10-06,0.09700000286102295,0.10000000149011612,0.09300000220537186,0.09300000220537186,0.09300000220537186,10090000
2020-10-07,0.09399999678134918,0.09600000083446503,0.09099999815225601,0.09399999678134918,0.09399999678134918,15770000
2020-10-08,0.09399999678134918,0.09399999678134918,0.09200000017881393,0.09300000220537186,0.09300000220537186,12750000
2020-10-09,0.09300000220537186,0.09399999678134918,0.09000000357627869,0.09099999815225601,0.09099999815225601,8590000
2020-10-12,0.09200000017881393,0.09399999678134918,0.09200000017881393,0.09399999678134918,0.09399999678134918,13050000
2020-10-14,0.09700000286102295,0.09700000286102295,0.09200000017881393,0.09200000017881393,0.09200000017881393,8980000
2020-10-15,0.09000000357627869,0.09399999678134918,0.09000000357627869,0.09200000017881393,0.09200000017881393,10080000
2020-10-16,0.09399999678134918,0.09399999678134918,0.09099999815225601,0.09200000017881393,0.09200000017881393,8130000
2020-10-19,0.09399999678134918,0.09399999678134918,0.09000000357627869,0.09000000357627869,0.09000000357627869,11570000
2020-10-20,0.09000000357627869,0.09000000357627869,0.08799999952316284,0.08799999952316284,0.08799999952316284,9500000
2020-10-21,0.08699999749660492,0.08699999749660492,0.0860000029206276,0.08699999749660492,0.08699999749660492,4990000
2020-10-22,0.0860000029206276,0.09099999815225601,0.0860000029206276,0.09000000357627869,0.09000000357627869,7220000
2020-10-23,0.09000000357627869,0.09099999815225601,0.08699999749660492,0.08699999749660492,0.08699999749660492,3340000
2020-10-27,0.08699999749660492,0.08900000154972076,0.08500000089406967,0.08699999749660492,0.08699999749660492,6430000
2020-10-28,0.08900000154972076,0.08900000154972076,0.08500000089406967,0.0860000029206276,0.0860000029206276,5770000
2020-10-29,0.0860000029206276,0.08799999952316284,0.08399999886751175,0.08699999749660492,0.08699999749660492,1400000
2020-10-30,0.08299999684095383,0.08299999684095383,0.07999999821186066,0.08100000023841858,0.08100000023841858,1540000
2020-11-02,0.08100000023841858,0.08100000023841858,0.07999999821186066,0.07999999821186066,0.07999999821186066,1570000
2020-11-03,0.08100000023841858,0.08100000023841858,0.07900000363588333,0.07900000363588333,0.07900000363588333,610000
2020-11-04,0.08100000023841858,0.08699999749660492,0.07900000363588333,0.08500000089406967,0.08500000089406967,7730000
2020-11-05,0.08799999952316284,0.08799999952316284,0.08100000023841858,0.0820000022649765,0.0820000022649765,3800000
2020-11-06,0.08299999684095383,0.08500000089406967,0.07999999821186066,0.08100000023841858,0.08100000023841858,6770000
2020-11-09,0.07999999821186066,0.07999999821186066,0.07900000363588333,0.07999999821186066,0.07999999821186066,3090000
2020-11-10,0.07900000363588333,0.08399999886751175,0.07900000363588333,0.08399999886751175,0.08399999886751175,2310000
2020-11-11,0.07999999821186066,0.07999999821186066,0.07500000298023224,0.07999999821186066,0.07999999821186066,1130000
2020-11-12,0.07699999958276749,0.07800000160932541,0.07699999958276749,0.07800000160932541,0.07800000160932541,350000
2020-11-13,0.07800000160932541,0.07800000160932541,0.07800000160932541,0.07800000160932541,0.07800000160932541,270000
2020-11-16,0.07699999958276749,0.07699999958276749,0.07699999958276749,0.07699999958276749,0.07699999958276749,530000
2020-11-17,0.07599999755620956,0.07599999755620956,0.07599999755620956,0.07599999755620956,0.07599999755620956,0
2020-11-18,0.07599999755620956,0.07599999755620956,0.07599999755620956,0.07599999755620956,0.07599999755620956,530000
2020-11-19,0.07599999755620956,0.07699999958276749,0.07599999755620956,0.07599999755620956,0.07599999755620956,140000
2020-11-20,0.07500000298023224,0.07500000298023224,0.07400000095367432,0.07500000298023224,0.07500000298023224,630000
2020-11-23,0.07500000298023224,0.07500000298023224,0.07500000298023224,0.07500000298023224,0.07500000298023224,0
2020-11-24,0.07500000298023224,0.07500000298023224,0.07500000298023224,0.07500000298023224,0.07500000298023224,590000
2020-11-25,0.07500000298023224,0.09300000220537186,0.07100000232458115,0.08500000089406967,0.08500000089406967,29300000
2020-11-26,0.08299999684095383,0.08900000154972076,0.08299999684095383,0.08500000089406967,0.08500000089406967,14730000
2020-11-27,0.08500000089406967,0.08699999749660492,0.08500000089406967,0.0860000029206276,0.0860000029206276,11140000
2020-11-30,0.08799999952316284,0.08900000154972076,0.08399999886751175,0.08399999886751175,0.08399999886751175,9430000
2020-12-01,0.09200000017881393,0.09200000017881393,0.0860000029206276,0.0860000029206276,0.0860000029206276,6790000
2020-12-02,0.08299999684095383,0.08699999749660492,0.08299999684095383,0.08500000089406967,0.08500000089406967,9300000
2020-12-03,0.08299999684095383,0.08799999952316284,0.0820000022649765,0.08299999684095383,0.08299999684095383,10730000
2020-12-04,0.07999999821186066,0.0820000022649765,0.07900000363588333,0.0820000022649765,0.0820000022649765,760000
2020-12-07,0.07900000363588333,0.07900000363588333,0.07699999958276749,0.07800000160932541,0.07800000160932541,1030000
2020-12-08,0.07800000160932541,0.07900000363588333,0.07500000298023224,0.07800000160932541,0.07800000160932541,850000
2020-12-09,0.07699999958276749,0.07699999958276749,0.07500000298023224,0.07699999958276749,0.07699999958276749,260000
2020-12-10,0.07599999755620956,0.07599999755620956,0.07000000029802322,0.0729999989271164,0.0729999989271164,2550000
2020-12-11,0.07500000298023224,0.07500000298023224,0.07199999690055847,0.07199999690055847,0.07199999690055847,1700000
2020-12-14,0.07199999690055847,0.07199999690055847,0.07199999690055847,0.07199999690055847,0.07199999690055847,100000
2020-12-15,0.07199999690055847,0.07199999690055847,0.07000000029802322,0.07000000029802322,0.07000000029802322,280000
2020-12-16,0.06800000369548798,0.07699999958276749,0.06800000369548798,0.07100000232458115,0.07100000232458115,340000
2020-12-17,0.07100000232458115,0.07100000232458115,0.07100000232458115,0.07100000232458115,0.07100000232458115,0
2020-12-18,0.07199999690055847,0.07199999690055847,0.07199999690055847,0.07199999690055847,0.07199999690055847,0
2020-12-21,0.07199999690055847,0.08399999886751175,0.07199999690055847,0.07599999755620956,0.07599999755620956,13600000
2020-12-22,0.07699999958276749,0.07699999958276749,0.07400000095367432,0.07500000298023224,0.07500000298023224,10600000
2020-12-23,0.07599999755620956,0.07999999821186066,0.07599999755620956,0.07599999755620956,0.07599999755620956,8990000
2020-12-24,0.07199999690055847,0.07199999690055847,0.07199999690055847,0.07199999690055847,0.07199999690055847,0
2020-12-28,0.0729999989271164,0.08100000023841858,0.07199999690055847,0.07900000363588333,0.07900000363588333,12880000
2020-12-29,0.07999999821186066,0.08699999749660492,0.07800000160932541,0.08100000023841858,0.08100000023841858,15730000
2020-12-30,0.0820000022649765,0.09099999815225601,0.0820000022649765,0.08500000089406967,0.08500000089406967,16430000
2020-12-31,0.08699999749660492,0.08699999749660492,0.08699999749660492,0.08699999749660492,0.08699999749660492,0
2021-01-04,0.08500000089406967,0.08900000154972076,0.08100000023841858,0.08699999749660492,0.08699999749660492,11570000
2021-01-05,0.09099999815225601,0.09099999815225601,0.08500000089406967,0.08799999952316284,0.08799999952316284,15190000
2021-01-06,0.08799999952316284,0.08799999952316284,0.0860000029206276,0.0860000029206276,0.0860000029206276,1110000
2021-01-07,0.0860000029206276,0.0860000029206276,0.0860000029206276,0.0860000029206276,0.0860000029206276,10000
2021-01-08,0.08100000023841858,0.08500000089406967,0.07999999821186066,0.08500000089406967,0.08500000089406967,11340000
2021-01-11,0.08900000154972076,0.08900000154972076,0.07900000363588333,0.07999999821186066,0.07999999821186066,14250000
2021-01-12,0.07999999821186066,0.08100000023841858,0.07800000160932541,0.07800000160932541,0.07800000160932541,9220000
2021-01-13,0.07599999755620956,0.08399999886751175,0.07599999755620956,0.07999999821186066,0.07999999821186066,16980000
2021-01-14,0.08699999749660492,0.08699999749660492,0.07900000363588333,0.07999999821186066,0.07999999821186066,13760000
2021-01-15,0.07800000160932541,0.08299999684095383,0.07800000160932541,0.0820000022649765,0.0820000022649765,8230000
2021-01-18,0.07900000363588333,0.08399999886751175,0.07900000363588333,0.07999999821186066,0.07999999821186066,3150000
2021-01-19,0.07999999821186066,0.07999999821186066,0.07500000298023224,0.07699999958276749,0.07699999958276749,2870000
2021-01-20,0.07900000363588333,0.07999999821186066,0.07800000160932541,0.07800000160932541,0.07800000160932541,560000
2021-01-21,0.07599999755620956,0.07699999958276749,0.07500000298023224,0.07699999958276749,0.07699999958276749,980000
2021-01-22,0.07800000160932541,0.0820000022649765,0.07599999755620956,0.07900000363588333,0.07900000363588333,630000
2021-01-25,0.07800000160932541,0.07900000363588333,0.07500000298023224,0.07599999755620956,0.07599999755620956,3000000
2021-01-26,0.07599999755620956,0.07599999755620956,0.07400000095367432,0.07500000298023224,0.07500000298023224,250000
2021-01-27,0.0729999989271164,0.07500000298023224,0.0729999989271164,0.0729999989271164,0.0729999989271164,490000
2021-01-28,0.0729999989271164,0.0729999989271164,0.0729999989271164,0.0729999989271164,0.0729999989271164,220000
2021-01-29,0.0729999989271164,0.07500000298023224,0.07199999690055847,0.07199999690055847,0.07199999690055847,630000
2021-02-01,0.07000000029802322,0.07500000298023224,0.07000000029802322,0.07500000298023224,0.07500000298023224,320000
2021-02-02,0.0729999989271164,0.0729999989271164,0.0729999989271164,0.0729999989271164,0.0729999989271164,0
2021-02-03,0.07500000298023224,0.07599999755620956,0.0729999989271164,0.07599999755620956,0.07599999755620956,480000
2021-02-04,0.07599999755620956,0.07900000363588333,0.07599999755620956,0.07599999755620956,0.07599999755620956,2660000
2021-02-05,0.07100000232458115,0.07500000298023224,0.07100000232458115,0.07400000095367432,0.07400000095367432,510000
2021-02-08,0.07199999690055847,0.07400000095367432,0.07199999690055847,0.07400000095367432,0.07400000095367432,1040000
2021-02-09,0.07500000298023224,0.07699999958276749,0.07500000298023224,0.07699999958276749,0.07699999958276749,1680000
2021-02-10,0.07800000160932541,0.07800000160932541,0.07599999755620956,0.07800000160932541,0.07800000160932541,2590000
2021-02-11,0.07999999821186066,0.07999999821186066,0.07999999821186066,0.07999999821186066,0.07999999821186066,0
2021-02-16,0.07800000160932541,0.08399999886751175,0.07800000160932541,0.08299999684095383,0.08299999684095383,440000
2021-02-17,0.08100000023841858,0.0820000022649765,0.07599999755620956,0.07999999821186066,0.07999999821186066,8290000
2021-02-18,0.07999999821186066,0.0820000022649765,0.07699999958276749,0.07699999958276749,0.07699999958276749,8410000
2021-02-19,0.07699999958276749,0.07900000363588333,0.07599999755620956,0.07699999958276749,0.07699999958276749,1980000
2021-02-22,0.07699999958276749,0.07800000160932541,0.07500000298023224,0.07500000298023224,0.07500000298023224,1940000
2021-02-23,0.07699999958276749,0.07699999958276749,0.07699999958276749,0.07699999958276749,0.07699999958276749,1510000
2021-02-24,0.07500000298023224,0.07900000363588333,0.07500000298023224,0.07699999958276749,0.07699999958276749,9440000
2021-02-25,0.07599999755620956,0.07900000363588333,0.07599999755620956,0.07800000160932541,0.07800000160932541,6960000
2021-02-26,0.07699999958276749,0.07800000160932541,0.07599999755620956,0.07599999755620956,0.07599999755620956,4080000
2021-03-01,0.07699999958276749,0.07800000160932541,0.07599999755620956,0.07599999755620956,0.07599999755620956,1650000
2021-03-02,0.07599999755620956,0.07599999755620956,0.07599999755620956,0.07599999755620956,0.07599999755620956,0
2021-03-03,0.07599999755620956,0.07800000160932541,0.07400000095367432,0.07400000095367432,0.07400000095367432,1270000
2021-03-04,0.07699999958276749,0.07699999958276749,0.07400000095367432,0.07500000298023224,0.07500000298023224,730000
2021-03-05,0.0729999989271164,0.07699999958276749,0.07000000029802322,0.07400000095367432,0.07400000095367432,13140000
2021-03-08,0.0729999989271164,0.07500000298023224,0.07199999690055847,0.07400000095367432,0.07400000095367432,9270000
2021-03-09,0.07500000298023224,0.07500000298023224,0.07199999690055847,0.07400000095367432,0.07400000095367432,8060000
2021-03-10,0.07500000298023224,0.07599999755620956,0.07400000095367432,0.07400000095367432,0.07400000095367432,6890000
2021-03-11,0.07199999690055847,0.07199999690055847,0.06499999761581421,0.07000000029802322,0.07000000029802322,15130000
2021-03-12,0.07100000232458115,0.07100000232458115,0.07100000232458115,0.07100000232458115,0.07100000232458115,170000
2021-03-15,0.07100000232458115,0.07100000232458115,0.07100000232458115,0.07100000232458115,0.07100000232458115,0
2021-03-16,0.07400000095367432,0.07500000298023224,0.07100000232458115,0.07100000232458115,0.07100000232458115,290000
2021-03-17,0.07000000029802322,0.07000000029802322,0.07000000029802322,0.07000000029802322,0.07000000029802322,520000
2021-03-18,0.07000000029802322,0.07000000029802322,0.07000000029802322,0.07000000029802322,0.07000000029802322,450000
2021-03-19,0.07000000029802322,0.07000000029802322,0.07000000029802322,0.07000000029802322,0.07000000029802322,0
2021-03-22,0.07000000029802322,0.07000000029802322,0.07000000029802322,0.07000000029802322,0.07000000029802322,60000
2021-03-23,0.07100000232458115,0.07100000232458115,0.0689999982714653,0.0689999982714653,0.0689999982714653,710000
2021-03-24,0.07400000095367432,0.07400000095367432,0.06599999964237213,0.06800000369548798,0.06800000369548798,480000
2021-03-25,0.06599999964237213,0.06599999964237213,0.06599999964237213,0.06599999964237213,0.06599999964237213,0
2021-03-26,0.06800000369548798,0.0689999982714653,0.06800000369548798,0.0689999982714653,0.0689999982714653,880000
2021-03-29,0.06700000166893005,0.06700000166893005,0.06700000166893005,0.06700000166893005,0.06700000166893005,110000
2021-03-30,0.06700000166893005,0.07100000232458115,0.05999999865889549,0.06199999898672104,0.06199999898672104,8150000
2021-03-31,0.06199999898672104,0.06499999761581421,0.061000000685453415,0.06199999898672104,0.06199999898672104,2710000
2021-04-01,0.06199999898672104,0.06400000303983688,0.06199999898672104,0.06400000303983688,0.06400000303983688,780000
2021-04-07,0.06499999761581421,0.07000000029802322,0.06499999761581421,0.07000000029802322,0.07000000029802322,9570000
2021-04-08,0.07500000298023224,0.07500000298023224,0.0689999982714653,0.07100000232458115,0.07100000232458115,13070000
2021-04-09,0.0729999989271164,0.0729999989271164,0.06700000166893005,0.0689999982714653,0.0689999982714653,11490000
2021-04-12,0.0689999982714653,0.0689999982714653,0.06800000369548798,0.06800000369548798,0.06800000369548798,8790000
2021-04-13,0.0689999982714653,0.07100000232458115,0.06800000369548798,0.07000000029802322,0.07000000029802322,6260000
2021-04-14,0.07500000298023224,0.07500000298023224,0.06499999761581421,0.06700000166893005,0.06700000166893005,5450000
2021-04-15,0.06400000303983688,0.06599999964237213,0.06300000101327896,0.06499999761581421,0.06499999761581421,9730000
2021-04-16,0.06499999761581421,0.06700000166893005,0.06400000303983688,0.06499999761581421,0.06499999761581421,9290000
2021-04-19,0.06599999964237213,0.06599999964237213,0.06499999761581421,0.06599999964237213,0.06599999964237213,7590000
2021-04-20,0.06700000166893005,0.06700000166893005,0.06300000101327896,0.06599999964237213,0.06599999964237213,4690000
2021-04-21,0.06499999761581421,0.06499999761581421,0.06300000101327896,0.06400000303983688,0.06400000303983688,1680000
2021-04-22,0.06599999964237213,0.06599999964237213,0.05999999865889549,0.05999999865889549,0.05999999865889549,33340000
2021-04-23,0.05999999865889549,0.06300000101327896,0.05999999865889549,0.061000000685453415,0.061000000685453415,23850000
2021-04-26,0.06199999898672104,0.06400000303983688,0.061000000685453415,0.06300000101327896,0.06300000101327896,4370000
2021-04-27,0.06599999964237213,0.06599999964237213,0.06599999964237213,0.06599999964237213,0.06599999964237213,0
2021-04-28,0.06400000303983688,0.06599999964237213,0.06300000101327896,0.06400000303983688,0.06400000303983688,1480000
2021-04-29,0.06199999898672104,0.06700000166893005,0.06199999898672104,0.06499999761581421,0.06499999761581421,1200000
2021-04-30,0.06700000166893005,0.06700000166893005,0.06400000303983688,0.06599999964237213,0.06599999964237213,11590000
2021-05-03,0.06800000369548798,0.06800000369548798,0.06400000303983688,0.06400000303983688,0.06400000303983688,12100000
2021-05-04,0.06400000303983688,0.06400000303983688,0.06400000303983688,0.06400000303983688,0.06400000303983688,0
2021-05-05,0.06400000303983688,0.06400000303983688,0.06199999898672104,0.06300000101327896,0.06300000101327896,1180000
2021-05-06,0.06300000101327896,0.06300000101327896,0.06199999898672104,0.06300000101327896,0.06300000101327896,580000
2021-05-07,0.06300000101327896,0.06300000101327896,0.06300000101327896,0.06300000101327896,0.06300000101327896,190000
2021-05-10,0.061000000685453415,0.06499999761581421,0.05999999865889549,0.06499999761581421,0.06499999761581421,12240000
2021-05-11,0.06400000303983688,0.06400000303983688,0.06199999898672104,0.06300000101327896,0.06300000101327896,10200000
2021-05-12,0.06499999761581421,0.06599999964237213,0.06199999898672104,0.06400000303983688,0.06400000303983688,9740000
2021-05-13,0.07100000232458115,0.07199999690055847,0.06300000101327896,0.06400000303983688,0.06400000303983688,13220000
2021-05-14,0.06499999761581421,0.06599999964237213,0.061000000685453415,0.061000000685453415,0.061000000685453415,10060000
2021-05-17,0.06400000303983688,0.06400000303983688,0.06400000303983688,0.06400000303983688,0.06400000303983688,60000
2021-05-18,0.06400000303983688,0.06499999761581421,0.06400000303983688,0.06499999761581421,0.06499999761581421,320000
2021-05-20,0.06499999761581421,0.06599999964237213,0.06499999761581421,0.06599999964237213,0.06599999964237213,90000
2021-05-21,0.06199999898672104,0.06199999898672104,0.061000000685453415,0.06199999898672104,0.06199999898672104,130000
2021-05-24,0.06599999964237213,0.08399999886751175,0.06599999964237213,0.06800000369548798,0.06800000369548798,28460000
2021-05-25,0.06800000369548798,0.06800000369548798,0.06300000101327896,0.06599999964237213,0.06599999964237213,2310000
2021-05-26,0.06499999761581421,0.0689999982714653,0.06400000303983688,0.06499999761581421,0.06499999761581421,1180000
2021-05-27,0.06599999964237213,0.07100000232458115,0.06599999964237213,0.07000000029802322,0.07000000029802322,3440000
2021-05-28,0.07000000029802322,0.07000000029802322,0.06700000166893005,0.06700000166893005,0.06700000166893005,1080000
2021-05-31,0.06700000166893005,0.06700000166893005,0.06599999964237213,0.06700000166893005,0.06700000166893005,680000
2021-06-01,0.06700000166893005,0.0729999989271164,0.06599999964237213,0.06800000369548798,0.06800000369548798,1860000
2021-06-02,0.0689999982714653,0.0689999982714653,0.0689999982714653,0.0689999982714653,0.0689999982714653,220000
2021-06-03,0.06800000369548798,0.0689999982714653,0.06599999964237213,0.06599999964237213,0.06599999964237213,900000
2021-06-04,0.06599999964237213,0.06599999964237213,0.06599999964237213,0.06599999964237213,0.06599999964237213,70000
2021-06-07,0.06499999761581421,0.06599999964237213,0.06499999761581421,0.06499999761581421,0.06499999761581421,760000
2021-06-08,0.06700000166893005,0.0689999982714653,0.06700000166893005,0.06700000166893005,0.06700000166893005,1070000
2021-06-09,0.0689999982714653,0.0689999982714653,0.06499999761581421,0.06700000166893005,0.06700000166893005,1260000
2021-06-10,0.06800000369548798,0.0689999982714653,0.06499999761581421,0.06599999964237213,0.06599999964237213,380000
2021-06-11,0.06700000166893005,0.0689999982714653,0.06499999761581421,0.06800000369548798,0.06800000369548798,1160000
2021-06-15,0.06800000369548798,0.06800000369548798,0.06800000369548798,0.06800000369548798,0.06800000369548798,0
2021-06-16,0.06700000166893005,0.06800000369548798,0.06599999964237213,0.06700000166893005,0.06700000166893005,250000
2021-06-17,0.06499999761581421,0.06700000166893005,0.06499999761581421,0.06700000166893005,0.06700000166893005,390000
2021-06-18,0.06599999964237213,0.06599999964237213,0.06599999964237213,0.06599999964237213,0.06599999964237213,0
2021-06-21,0.06400000303983688,0.06599999964237213,0.06300000101327896,0.06499999761581421,0.06499999761581421,1130000
2021-06-22,0.06300000101327896,0.06400000303983688,0.06199999898672104,0.06300000101327896,0.06300000101327896,2690000
2021-06-23,0.06199999898672104,0.06300000101327896,0.05999999865889549,0.06300000101327896,0.06300000101327896,3930000
2021-06-24,0.05999999865889549,0.06300000101327896,0.05999999865889549,0.06300000101327896,0.06300000101327896,880000
2021-06-25,0.06199999898672104,0.06300000101327896,0.061000000685453415,0.06300000101327896,0.06300000101327896,990000
2021-06-28,0.061000000685453415,0.06199999898672104,0.061000000685453415,0.06199999898672104,0.06199999898672104,240000
2021-06-29,0.06199999898672104,0.06199999898672104,0.061000000685453415,0.06199999898672104,0.06199999898672104,530000
2021-06-30,0.061000000685453415,0.06300000101327896,0.06199999898672104,0.06300000101327896,0.06300000101327896,440000
2021-07-02,0.061000000685453415,0.06199999898672104,0.05999999865889549,0.061000000685453415,0.061000000685453415,650000
2021-07-05,0.061000000685453415,0.061000000685453415,0.061000000685453415,0.061000000685453415,0.061000000685453415,0
2021-07-06,0.061000000685453415,0.061000000685453415,0.05900000035762787,0.061000000685453415,0.061000000685453415,870000
2021-07-07,0.061000000685453415,0.06300000101327896,0.061000000685453415,0.06199999898672104,0.06199999898672104,250000
2021-07-08,0.05999999865889549,0.061000000685453415,0.05900000035762787,0.061000000685453415,0.061000000685453415,150000
2021-07-09,0.061000000685453415,0.06199999898672104,0.05700000002980232,0.05900000035762787,0.05900000035762787,3140000
2021-07-12,0.061000000685453415,0.06499999761581421,0.05900000035762787,0.05900000035762787,0.05900000035762787,1040000
2021-07-13,0.05900000035762787,0.061000000685453415,0.05900000035762787,0.061000000685453415,0.061000000685453415,560000
2021-07-14,0.05900000035762787,0.05999999865889549,0.057999998331069946,0.05999999865889549,0.05999999865889549,610000
2021-07-15,0.061000000685453415,0.06599999964237213,0.05900000035762787,0.06499999761581421,0.06499999761581421,6850000
2021-07-16,0.06499999761581421,0.06400000303983688,0.06300000101327896,0.06400000303983688,0.06400000303983688,1040000
2021-07-19,0.06300000101327896,0.06400000303983688,0.06300000101327896,0.06400000303983688,0.06400000303983688,800000
2021-07-20,0.06400000303983688,0.06400000303983688,0.06300000101327896,0.06400000303983688,0.06400000303983688,280000
2021-07-21,0.06300000101327896,0.06599999964237213,0.06300000101327896,0.06599999964237213,0.06599999964237213,1320000
2021-07-22,0.06599999964237213,0.06599999964237213,0.06300000101327896,0.06599999964237213,0.06599999964237213,1660000
2021-07-23,0.06599999964237213,0.07100000232458115,0.06599999964237213,0.06800000369548798,0.06800000369548798,2560000
2021-07-26,0.06800000369548798,0.0689999982714653,0.06400000303983688,0.06599999964237213,0.06599999964237213,1000000
2021-07-27,0.06499999761581421,0.06599999964237213,0.06300000101327896,0.06300000101327896,0.06300000101327896,3100000
2021-07-28,0.06499999761581421,0.06499999761581421,0.06499999761581421,0.06499999761581421,0.06499999761581421,0
2021-07-29,0.06499999761581421,0.06499999761581421,0.06499999761581421,0.06499999761581421,0.06499999761581421,290000
2021-07-30,0.06400000303983688,0.06499999761581421,0.06400000303983688,0.06499999761581421,0.06499999761581421,630000
2021-08-02,0.06499999761581421,0.07100000232458115,0.06499999761581421,0.07000000029802322,0.07000000029802322,1450000
2021-08-03,0.07000000029802322,0.07000000029802322,0.06700000166893005,0.06700000166893005,0.06700000166893005,1290000
2021-08-04,0.06700000166893005,0.07000000029802322,0.06700000166893005,0.06700000166893005,0.06700000166893005,1300000
2021-08-05,0.06499999761581421,0.06499999761581421,0.06499999761581421,0.06499999761581421,0.06499999761581421,60000
2021-08-06,0.06599999964237213,0.0689999982714653,0.06599999964237213,0.0689999982714653,0.0689999982714653,150000
2021-08-09,0.0689999982714653,0.0689999982714653,0.0689999982714653,0.0689999982714653,0.0689999982714653,0
2021-08-10,0.0689999982714653,0.0689999982714653,0.06599999964237213,0.06700000166893005,0.06700000166893005,600000
2021-08-11,0.06700000166893005,0.07100000232458115,0.06599999964237213,0.07100000232458115,0.07100000232458115,1200000
2021-08-12,0.07100000232458115,0.07100000232458115,0.06700000166893005,0.07100000232458115,0.07100000232458115,2810000
2021-08-13,0.07400000095367432,0.07500000298023224,0.07000000029802322,0.07199999690055847,0.07199999690055847,4340000
2021-08-16,0.07199999690055847,0.07999999821186066,0.07199999690055847,0.07400000095367432,0.07400000095367432,3200000
2021-08-17,0.07900000363588333,0.07900000363588333,0.07199999690055847,0.07199999690055847,0.07199999690055847,1360000
2021-08-18,0.07199999690055847,0.07500000298023224,0.07199999690055847,0.0729999989271164,0.0729999989271164,2250000
2021-08-19,0.0729999989271164,0.0729999989271164,0.07000000029802322,0.0729999989271164,0.0729999989271164,1120000
2021-08-20,0.07100000232458115,0.07400000095367432,0.0689999982714653,0.0729999989271164,0.0729999989271164,2030000
2021-08-23,0.0729999989271164,0.07400000095367432,0.06800000369548798,0.07199999690055847,0.07199999690055847,2180000
2021-08-24,0.0729999989271164,0.0729999989271164,0.06800000369548798,0.07199999690055847,0.07199999690055847,1800000
2021-08-25,0.0729999989271164,0.07500000298023224,0.07000000029802322,0.0729999989271164,0.0729999989271164,2790000
2021-08-26,0.0729999989271164,0.07400000095367432,0.07100000232458115,0.0729999989271164,0.0729999989271164,1220000
2021-08-27,0.07199999690055847,0.07199999690055847,0.07000000029802322,0.07199999690055847,0.07199999690055847,550000
2021-08-30,0.0729999989271164,0.07500000298023224,0.07000000029802322,0.07199999690055847,0.07199999690055847,2940000
2021-08-31,0.07199999690055847,0.07500000298023224,0.07100000232458115,0.07400000095367432,0.07400000095367432,2150000
2021-09-01,0.07400000095367432,0.07400000095367432,0.07400000095367432,0.07400000095367432,0.07400000095367432,0
2021-09-02,0.07400000095367432,0.07400000095367432,0.07199999690055847,0.0729999989271164,0.0729999989271164,740000
2021-09-03,0.0729999989271164,0.07400000095367432,0.07000000029802322,0.07400000095367432,0.07400000095367432,900000
2021-09-06,0.07599999755620956,0.07500000298023224,0.07199999690055847,0.07400000095367432,0.07400000095367432,1210000
2021-09-07,0.07199999690055847,0.07400000095367432,0.07199999690055847,0.07400000095367432,0.07400000095367432,1430000
2021-09-08,0.07400000095367432,0.07699999958276749,0.07199999690055847,0.0729999989271164,0.0729999989271164,1030000
2021-09-09,0.0729999989271164,0.0729999989271164,0.0729999989271164,0.0729999989271164,0.0729999989271164,0
2021-09-10,0.0729999989271164,0.0729999989271164,0.07000000029802322,0.0729999989271164,0.0729999989271164,1940000
2021-09-13,0.0729999989271164,0.07699999958276749,0.07100000232458115,0.0729999989271164,0.0729999989271164,1460000
2021-09-14,0.07199999690055847,0.07400000095367432,0.07199999690055847,0.0729999989271164,0.0729999989271164,580000
2021-09-15,0.0729999989271164,0.0729999989271164,0.0689999982714653,0.07199999690055847,0.07199999690055847,1610000
2021-09-16,0.06800000369548798,0.07100000232458115,0.06400000303983688,0.06599999964237213,0.06599999964237213,5920000
2021-09-17,0.06499999761581421,0.0689999982714653,0.06499999761581421,0.06599999964237213,0.06599999964237213,1070000
2021-09-20,0.06800000369548798,0.07100000232458115,0.06599999964237213,0.06599999964237213,0.06599999964237213,1500000
2021-09-21,0.06800000369548798,0.06800000369548798,0.06800000369548798,0.06800000369548798,0.06800000369548798,10000
2021-09-23,0.06400000303983688,0.06800000369548798,0.06400000303983688,0.06499999761581421,0.06499999761581421,420000
2021-09-24,0.06499999761581421,0.06700000166893005,0.06300000101327896,0.06700000166893005,0.06700000166893005,1600000
2021-09-27,0.06700000166893005,0.06700000166893005,0.06700000166893005,0.06700000166893005,0.06700000166893005,0
2021-09-28,0.06499999761581421,0.06700000166893005,0.06499999761581421,0.06700000166893005,0.06700000166893005,320000
2021-09-29,0.06499999761581421,0.0689999982714653,0.06400000303983688,0.0689999982714653,0.0689999982714653,200000
2021-09-30,0.06800000369548798,0.06800000369548798,0.06800000369548798,0.06800000369548798,0.06800000369548798,0
2021-10-04,0.0689999982714653,0.07000000029802322,0.06400000303983688,0.06599999964237213,0.06599999964237213,1550000
2021-10-05,0.06599999964237213,0.07500000298023224,0.06599999964237213,0.0689999982714653,0.0689999982714653,7410000
2021-10-06,0.07100000232458115,0.07100000232458115,0.06499999761581421,0.07000000029802322,0.07000000029802322,1750000
2021-10-07,0.0729999989271164,0.0729999989271164,0.06700000166893005,0.07000000029802322,0.07000000029802322,1430000
2021-10-08,0.07100000232458115,0.07100000232458115,0.06599999964237213,0.07000000029802322,0.07000000029802322,1930000
2021-10-11,0.07199999690055847,0.0729999989271164,0.0689999982714653,0.07100000232458115,0.07100000232458115,1030000
2021-10-12,0.07199999690055847,0.07199999690055847,0.06700000166893005,0.07100000232458115,0.07100000232458115,920000
2021-10-15,0.07000000029802322,0.07100000232458115,0.07000000029802322,0.07100000232458115,0.07100000232458115,0
2021-10-18,0.07100000232458115,0.0729999989271164,0.0689999982714653,0.0729999989271164,0.0729999989271164,1350000
2021-10-19,0.0689999982714653,0.0729999989271164,0.06700000166893005,0.0729999989271164,0.0729999989271164,1400000
2021-10-20,0.0729999989271164,0.0729999989271164,0.0689999982714653,0.0729999989271164,0.0729999989271164,1360000
2021-10-21,0.0729999989271164,0.0729999989271164,0.0689999982714653,0.07199999690055847,0.07199999690055847,730000
2021-10-22,0.07199999690055847,0.07199999690055847,0.07199999690055847,0.07199999690055847,0.07199999690055847,0
2021-10-25,0.07199999690055847,0.07199999690055847,0.0689999982714653,0.07100000232458115,0.07100000232458115,280000
2021-10-26,0.07100000232458115,0.07100000232458115,0.07100000232458115,0.07100000232458115,0.07100000232458115,0
2021-10-27,0.0689999982714653,0.07400000095367432,0.0689999982714653,0.07100000232458115,0.07100000232458115,1240000
2021-10-28,0.07100000232458115,0.0729999989271164,0.0689999982714653,0.0729999989271164,0.0729999989271164,690000
2021-10-29,0.0729999989271164,0.09000000357627869,0.07199999690055847,0.08500000089406967,0.08500000089406967,54490000
2021-11-01,0.09000000357627869,0.09700000286102295,0.07500000298023224,0.08100000023841858,0.08100000023841858,23620000
2021-11-02,0.07699999958276749,0.08100000023841858,0.07500000298023224,0.08100000023841858,0.08100000023841858,2940000
2021-11-03,0.0820000022649765,0.09399999678134918,0.07699999958276749,0.09099999815225601,0.09099999815225601,23380000
2021-11-04,0.09099999815225601,0.09099999815225601,0.08699999749660492,0.09000000357627869,0.09000000357627869,1790000
2021-11-05,0.09000000357627869,0.0949999988079071,0.08799999952316284,0.08900000154972076,0.08900000154972076,950000
2021-11-08,0.08900000154972076,0.09200000017881393,0.07800000160932541,0.08399999886751175,0.08399999886751175,2300000
2021-11-09,0.08500000089406967,0.09799999743700027,0.07999999821186066,0.08900000154972076,0.08900000154972076,12060000
2021-11-10,0.08900000154972076,0.09300000220537186,0.08399999886751175,0.09099999815225601,0.09099999815225601,2740000
2021-11-11,0.09099999815225601,0.09099999815225601,0.09099999815225601,0.09099999815225601,0.09099999815225601,100000
2021-11-12,0.08699999749660492,0.08900000154972076,0.08399999886751175,0.08900000154972076,0.08900000154972076,860000
2021-11-15,0.08900000154972076,0.09700000286102295,0.08699999749660492,0.09200000017881393,0.09200000017881393,2760000
2021-11-16,0.09099999815225601,0.09600000083446503,0.09000000357627869,0.09000000357627869,0.09000000357627869,2260000
2021-11-17,0.09000000357627869,0.09000000357627869,0.09000000357627869,0.09000000357627869,0.09000000357627869,60000
2021-11-18,0.09000000357627869,0.09000000357627869,0.0860000029206276,0.09000000357627869,0.09000000357627869,510000
2021-11-19,0.08500000089406967,0.09300000220537186,0.08100000023841858,0.08500000089406967,0.08500000089406967,980000
2021-11-22,0.08699999749660492,0.08799999952316284,0.08500000089406967,0.08500000089406967,0.08500000089406967,540000
2021-11-23,0.08500000089406967,0.08699999749660492,0.08500000089406967,0.0860000029206276,0.0860000029206276,1030000
2021-11-24,0.0860000029206276,0.08500000089406967,0.08100000023841858,0.08399999886751175,0.08399999886751175,800000
2021-11-25,0.08299999684095383,0.08399999886751175,0.07999999821186066,0.08299999684095383,0.08299999684095383,1400000
2021-11-26,0.08100000023841858,0.08500000089406967,0.07599999755620956,0.0820000022649765,0.0820000022649765,490000
2021-11-29,0.07900000363588333,0.10000000149011612,0.07500000298023224,0.07699999958276749,0.07699999958276749,33070000
2021-11-30,0.07699999958276749,0.07900000363588333,0.07599999755620956,0.07800000160932541,0.07800000160932541,610000
2021-12-01,0.07800000160932541,0.07800000160932541,0.0729999989271164,0.07800000160932541,0.07800000160932541,1380000
2021-12-02,0.07800000160932541,0.08500000089406967,0.07500000298023224,0.07999999821186066,0.07999999821186066,680000
2021-12-03,0.07500000298023224,0.07999999821186066,0.07100000232458115,0.07999999821186066,0.07999999821186066,2670000
2021-12-06,0.07800000160932541,0.07900000363588333,0.07400000095367432,0.07900000363588333,0.07900000363588333,300000
2021-12-07,0.0729999989271164,0.07800000160932541,0.07100000232458115,0.07800000160932541,0.07800000160932541,1750000
2021-12-08,0.07699999958276749,0.07900000363588333,0.07199999690055847,0.07500000298023224,0.07500000298023224,740000
2021-12-09,0.0729999989271164,0.07699999958276749,0.07500000298023224,0.07699999958276749,0.07699999958276749,290000
2021-12-10,0.07400000095367432,0.07699999958276749,0.0729999989271164,0.07699999958276749,0.07699999958276749,110000
2021-12-13,0.07599999755620956,0.07800000160932541,0.07599999755620956,0.07800000160932541,0.07800000160932541,970000
2021-12-14,0.0729999989271164,0.07800000160932541,0.0729999989271164,0.07800000160932541,0.07800000160932541,330000
2021-12-15,0.07800000160932541,0.07800000160932541,0.07800000160932541,0.07800000160932541,0.07800000160932541,10000
2021-12-16,0.07699999958276749,0.07699999958276749,0.07699999958276749,0.07699999958276749,0.07699999958276749,0
2021-12-17,0.07400000095367432,0.07599999755620956,0.06499999761581421,0.06800000369548798,0.06800000369548798,5210000
2021-12-20,0.06800000369548798,0.0689999982714653,0.06599999964237213,0.06800000369548798,0.06800000369548798,1350000
2021-12-21,0.06700000166893005,0.06800000369548798,0.06599999964237213,0.06800000369548798,0.06800000369548798,440000
2021-12-22,0.06800000369548798,0.06800000369548798,0.06400000303983688,0.06700000166893005,0.06700000166893005,1010000
2021-12-23,0.06599999964237213,0.06700000166893005,0.06400000303983688,0.06499999761581421,0.06499999761581421,590000
2021-12-24,0.06400000303983688,0.06499999761581421,0.06300000101327896,0.06499999761581421,0.06499999761581421,510000
2021-12-28,0.06499999761581421,0.06499999761581421,0.06499999761581421,0.06499999761581421,0.06499999761581421,0
2021-12-29,0.06499999761581421,0.06499999761581421,0.06400000303983688,0.06499999761581421,0.06499999761581421,470000
2021-12-30,0.06499999761581421,0.07000000029802322,0.06400000303983688,0.07000000029802322,0.07000000029802322,2390000
2021-12-31,0.07000000029802322,0.07000000029802322,0.07000000029802322,0.07000000029802322,0.07000000029802322,0
2022-01-03,0.07000000029802322,0.07000000029802322,0.07000000029802322,0.07000000029802322,0.07000000029802322,0
2022-01-04,0.07000000029802322,0.07000000029802322,0.07000000029802322,0.07000000029802322,0.07000000029802322,0
2022-01-05,0.0689999982714653,0.07999999821186066,0.06499999761581421,0.06800000369548798,0.06800000369548798,6590000
2022-01-06,0.06599999964237213,0.07000000029802322,0.06599999964237213,0.07000000029802322,0.07000000029802322,170000
2022-01-07,0.0689999982714653,0.07000000029802322,0.0689999982714653,0.0689999982714653,0.0689999982714653,180000
2022-01-10,0.0689999982714653,0.0689999982714653,0.0689999982714653,0.0689999982714653,0.0689999982714653,0
2022-01-11,0.0689999982714653,0.0689999982714653,0.0689999982714653,0.0689999982714653,0.0689999982714653,80000
2022-01-12,0.06599999964237213,0.06800000369548798,0.06400000303983688,0.06800000369548798,0.06800000369548798,340000
2022-01-13,0.0689999982714653,0.0689999982714653,0.0689999982714653,0.0689999982714653,0.0689999982714653,0
2022-01-14,0.06599999964237213,0.06800000369548798,0.06599999964237213,0.06800000369548798,0.06800000369548798,110000
2022-01-17,0.06599999964237213,0.06800000369548798,0.06499999761581421,0.06800000369548798,0.06800000369548798,300000
2022-01-18,0.06800000369548798,0.06800000369548798,0.06800000369548798,0.06800000369548798,0.06800000369548798,0
2022-01-19,0.06800000369548798,0.0729999989271164,0.06800000369548798,0.0729999989271164,0.0729999989271164,1570000
2022-01-20,0.07000000029802322,0.07000000029802322,0.06599999964237213,0.07000000029802322,0.07000000029802322,540000
2022-01-21,0.07000000029802322,0.07000000029802322,0.07000000029802322,0.07000000029802322,0.07000000029802322,0
2022-01-24,0.06800000369548798,0.06800000369548798,0.06800000369548798,0.06800000369548798,0.06800000369548798,0
2022-01-25,0.06800000369548798,0.07100000232458115,0.06800000369548798,0.07100000232458115,0.07100000232458115,130000
2022-01-26,0.0689999982714653,0.07000000029802322,0.06800000369548798,0.07000000029802322,0.07000000029802322,160000
2022-01-27,0.06800000369548798,0.06800000369548798,0.06599999964237213,0.06800000369548798,0.06800000369548798,120000
2022-01-28,0.06800000369548798,0.06800000369548798,0.06800000369548798,0.06800000369548798,0.06800000369548798,30000
2022-01-31,0.06800000369548798,0.06800000369548798,0.06800000369548798,0.06800000369548798,0.06800000369548798,0
2022-02-04,0.06800000369548798,0.06800000369548798,0.06800000369548798,0.06800000369548798,0.06800000369548798,10000
2022-02-07,0.06800000369548798,0.06800000369548798,0.06599999964237213,0.06800000369548798,0.06800000369548798,80000
2022-02-08,0.06499999761581421,0.06499999761581421,0.06400000303983688,0.06499999761581421,0.06499999761581421,2300000
2022-02-09,0.06400000303983688,0.06499999761581421,0.06300000101327896,0.06499999761581421,0.06499999761581421,5910000
2022-02-10,0.06400000303983688,0.06400000303983688,0.06400000303983688,0.06400000303983688,0.06400000303983688,0
2022-02-11,0.06499999761581421,0.06499999761581421,0.06300000101327896,0.06400000303983688,0.06400000303983688,260000
2022-02-14,0.06499999761581421,0.06499999761581421,0.06499999761581421,0.06499999761581421,0.06499999761581421,0
2022-02-15,0.06499999761581421,0.06499999761581421,0.06499999761581421,0.06499999761581421,0.06499999761581421,90000
2022-02-16,0.06400000303983688,0.06400000303983688,0.06300000101327896,0.06499999761581421,0.06499999761581421,980000
2022-02-17,0.06499999761581421,0.06499999761581421,0.06499999761581421,0.06499999761581421,0.06499999761581421,0
2022-02-18,0.06499999761581421,0.06499999761581421,0.06300000101327896,0.06499999761581421,0.06499999761581421,150000
2022-02-21,0.06499999761581421,0.06499999761581421,0.06499999761581421,0.06499999761581421,0.06499999761581421,110000
2022-02-22,0.06400000303983688,0.06400000303983688,0.06400000303983688,0.06400000303983688,0.06400000303983688,0
2022-02-23,0.06400000303983688,0.06599999964237213,0.06400000303983688,0.06599999964237213,0.06599999964237213,230000
2022-02-24,0.06400000303983688,0.06400000303983688,0.061000000685453415,0.06199999898672104,0.06199999898672104,1970000
2022-02-25,0.06199999898672104,0.06300000101327896,0.05999999865889549,0.06300000101327896,0.06300000101327896,550000
2022-02-28,0.06199999898672104,0.06199999898672104,0.06199999898672104,0.06199999898672104,0.06199999898672104,200000
2022-03-01,0.06199999898672104,0.06199999898672104,0.06199999898672104,0.06199999898672104,0.06199999898672104,300000
2022-03-02,0.05999999865889549,0.06199999898672104,0.05900000035762787,0.06199999898672104,0.06199999898672104,200000
2022-03-03,0.061000000685453415,0.06300000101327896,0.05999999865889549,0.06300000101327896,0.06300000101327896,40000
2022-03-04,0.061000000685453415,0.061000000685453415,0.061000000685453415,0.061000000685453415,0.061000000685453415,0
2022-03-07,0.05999999865889549,0.05999999865889549,0.05999999865889549,0.05999999865889549,0.05999999865889549,0
2022-03-08,0.05999999865889549,0.05999999865889549,0.05999999865889549,0.05999999865889549,0.05999999865889549,0
2022-03-09,0.05900000035762787,0.05999999865889549,0.057999998331069946,0.05999999865889549,0.05999999865889549,440000
2022-03-10,0.057999998331069946,0.057999998331069946,0.054999999701976776,0.05700000002980232,0.05700000002980232,470000
2022-03-11,0.054999999701976776,0.0560000017285347,0.054999999701976776,0.054999999701976776,0.054999999701976776,70000
2022-03-14,0.054999999701976776,0.054999999701976776,0.05400000140070915,0.054999999701976776,0.054999999701976776,1030000
2022-03-15,0.050999999046325684,0.050999999046325684,0.03799999877810478,0.03999999910593033,0.03999999910593033,6920000
2022-03-16,0.04500000178813934,0.05299999937415123,0.04399999976158142,0.05299999937415123,0.05299999937415123,1810000
2022-03-17,0.05299999937415123,0.05299999937415123,0.05299999937415123,0.05299999937415123,0.05299999937415123,120000
2022-03-18,0.05299999937415123,0.05299999937415123,0.05299999937415123,0.05299999937415123,0.05299999937415123,10000
2022-03-21,0.05299999937415123,0.05900000035762787,0.05299999937415123,0.057999998331069946,0.057999998331069946,990000
2022-03-22,0.05999999865889549,0.061000000685453415,0.05999999865889549,0.061000000685453415,0.061000000685453415,680000
2022-03-23,0.05999999865889549,0.06300000101327896,0.05999999865889549,0.06300000101327896,0.06300000101327896,920000
2022-03-24,0.061000000685453415,0.061000000685453415,0.05999999865889549,0.05999999865889549,0.05999999865889549,280000
2022-03-25,0.05999999865889549,0.05999999865889549,0.05999999865889549,0.05999999865889549,0.05999999865889549,0
2022-03-28,0.05999999865889549,0.05999999865889549,0.05999999865889549,0.05999999865889549,0.05999999865889549,0
2022-03-29,0.05999999865889549,0.05999999865889549,0.05999999865889549,0.05999999865889549,0.05999999865889549,0
2022-03-30,0.054999999701976776,0.054999999701976776,0.054999999701976776,0.0560000017285347,0.0560000017285347,50000
2022-03-31,0.05700000002980232,0.05700000002980232,0.05700000002980232,0.05700000002980232,0.05700000002980232,0
2022-04-01,0.05700000002980232,0.05700000002980232,0.05700000002980232,0.05700000002980232,0.05700000002980232,0
2022-04-04,0.05700000002980232,0.05700000002980232,0.05700000002980232,0.05700000002980232,0.05700000002980232,0
2022-04-06,0.05700000002980232,0.05700000002980232,0.05700000002980232,0.05700000002980232,0.05700000002980232,0
2022-04-07,0.05999999865889549,0.05999999865889549,0.05999999865889549,0.05999999865889549,0.05999999865889549,0
2022-04-08,0.06199999898672104,0.06300000101327896,0.06199999898672104,0.06300000101327896,0.06300000101327896,350000
2022-04-11,0.057999998331069946,0.057999998331069946,0.057999998331069946,0.06199999898672104,0.06199999898672104,100000
2022-04-12,0.057999998331069946,0.061000000685453415,0.05700000002980232,0.061000000685453415,0.061000000685453415,110000
2022-04-13,0.06199999898672104,0.06300000101327896,0.06199999898672104,0.06300000101327896,0.06300000101327896,2410000
2022-04-14,0.06300000101327896,0.06300000101327896,0.06300000101327896,0.06199999898672104,0.06199999898672104,130000
2022-04-19,0.05999999865889549,0.061000000685453415,0.0560000017285347,0.05999999865889549,0.05999999865889549,1060000
2022-04-20,0.06199999898672104,0.06300000101327896,0.06199999898672104,0.06300000101327896,0.06300000101327896,710000
2022-04-21,0.06300000101327896,0.06300000101327896,0.06300000101327896,0.06300000101327896,0.06300000101327896,0
2022-04-22,0.05700000002980232,0.05700000002980232,0.05700000002980232,0.05700000002980232,0.05700000002980232,190000
2022-04-25,0.05900000035762787,0.061000000685453415,0.05900000035762787,0.061000000685453415,0.061000000685453415,110000
2022-04-26,0.057999998331069946,0.061000000685453415,0.05900000035762787,0.061000000685453415,0.061000000685453415,50000
2022-04-27,0.061000000685453415,0.061000000685453415,0.061000000685453415,0.061000000685453415,0.061000000685453415,0
2022-04-28,0.057999998331069946,0.057999998331069946,0.05299999937415123,0.057999998331069946,0.057999998331069946,670000
2022-04-29,0.057999998331069946,0.057999998331069946,0.057999998331069946,0.057999998331069946,0.057999998331069946,0
2022-05-03,0.05700000002980232,0.05700000002980232,0.05700000002980232,0.05700000002980232,0.05700000002980232,0
2022-05-04,0.052000001072883606,0.052000001072883606,0.052000001072883606,0.05700000002980232,0.05700000002980232,60000
2022-05-05,0.05700000002980232,0.05700000002980232,0.05700000002980232,0.05700000002980232,0.05700000002980232,0
2022-05-06,0.05700000002980232,0.06199999898672104,0.05700000002980232,0.06199999898672104,0.06199999898672104,1390000
2022-05-10,0.06199999898672104,0.06199999898672104,0.06199999898672104,0.06199999898672104,0.06199999898672104,0
2022-05-11,0.05999999865889549,0.06300000101327896,0.05999999865889549,0.06300000101327896,0.06300000101327896,740000
2022-05-12,0.06300000101327896,0.06300000101327896,0.05999999865889549,0.05999999865889549,0.05999999865889549,2340000
2022-05-13,0.06300000101327896,0.06300000101327896,0.06199999898672104,0.06300000101327896,0.06300000101327896,610000
2022-05-16,0.06300000101327896,0.06300000101327896,0.06300000101327896,0.06300000101327896,0.06300000101327896,0
2022-05-17,0.06300000101327896,0.06300000101327896,0.06300000101327896,0.06300000101327896,0.06300000101327896,0
2022-05-18,0.06300000101327896,0.06300000101327896,0.06300000101327896,0.06300000101327896,0.06300000101327896,0
2022-05-19,0.06199999898672104,0.06199999898672104,0.06199999898672104,0.06199999898672104,0.06199999898672104,180000
2022-05-20,0.06199999898672104,0.06199999898672104,0.061000000685453415,0.06199999898672104,0.06199999898672104,190000
2022-05-23,0.05999999865889549,0.05999999865889549,0.05999999865889549,0.061000000685453415,0.061000000685453415,120000
2022-05-24,0.061000000685453415,0.061000000685453415,0.061000000685453415,0.061000000685453415,0.061000000685453415,60000
2022-05-25,0.06300000101327896,0.06300000101327896,0.06300000101327896,0.06300000101327896,0.06300000101327896,60000
2022-05-26,0.06300000101327896,0.06300000101327896,0.06199999898672104,0.06199999898672104,0.06199999898672104,230000
2022-05-27,0.06199999898672104,0.06199999898672104,0.06199999898672104,0.06199999898672104,0.06199999898672104,700000
2022-05-30,0.06300000101327896,0.07400000095367432,0.06300000101327896,0.07100000232458115,0.07100000232458115,5890000
2022-05-31,0.07400000095367432,0.07500000298023224,0.0689999982714653,0.07199999690055847,0.07199999690055847,250000
2022-06-01,0.07500000298023224,0.07500000298023224,0.0689999982714653,0.07000000029802322,0.07000000029802322,600000
2022-06-02,0.07000000029802322,0.07000000029802322,0.07000000029802322,0.07000000029802322,0.07000000029802322,230000
2022-06-06,0.0689999982714653,0.07000000029802322,0.0689999982714653,0.07000000029802322,0.07000000029802322,390000
2022-06-07,0.07000000029802322,0.07199999690055847,0.06800000369548798,0.07000000029802322,0.07000000029802322,550000
2022-06-08,0.07000000029802322,0.07000000029802322,0.06800000369548798,0.06800000369548798,0.06800000369548798,330000
2022-06-09,0.06800000369548798,0.06800000369548798,0.06800000369548798,0.06800000369548798,0.06800000369548798,20000
2022-06-10,0.07199999690055847,0.07699999958276749,0.07000000029802322,0.07500000298023224,0.07500000298023224,570000
2022-06-13,0.07400000095367432,0.07400000095367432,0.07199999690055847,0.07199999690055847,0.07199999690055847,230000
2022-06-14,0.07000000029802322,0.07000000029802322,0.06300000101327896,0.06700000166893005,0.06700000166893005,2410000
2022-06-15,0.06700000166893005,0.06700000166893005,0.06499999761581421,0.06700000166893005,0.06700000166893005,300000
2022-06-16,0.06700000166893005,0.06700000166893005,0.06700000166893005,0.06700000166893005,0.06700000166893005,0
2022-06-17,0.06700000166893005,0.06700000166893005,0.06700000166893005,0.06700000166893005,0.06700000166893005,0
2022-06-20,0.06700000166893005,0.06700000166893005,0.06499999761581421,0.06700000166893005,0.06700000166893005,30000
2022-06-21,0.0689999982714653,0.07000000029802322,0.0689999982714653,0.07000000029802322,0.07000000029802322,370000
2022-06-22,0.07000000029802322,0.07000000029802322,0.07000000029802322,0.07000000029802322,0.07000000029802322,0
2022-06-23,0.07000000029802322,0.07000000029802322,0.07000000029802322,0.07000000029802322,0.07000000029802322,0
2022-06-24,0.0689999982714653,0.0689999982714653,0.0689999982714653,0.0689999982714653,0.0689999982714653,0
2022-06-27,0.0689999982714653,0.0689999982714653,0.0689999982714653,0.0689999982714653,0.0689999982714653,0
2022-06-28,0.0689999982714653,0.0689999982714653,0.0689999982714653,0.0689999982714653,0.0689999982714653,0
2022-06-29,0.06800000369548798,0.06800000369548798,0.06800000369548798,0.06800000369548798,0.06800000369548798,0
2022-06-30,0.06400000303983688,0.06400000303983688,0.06400000303983688,0.06400000303983688,0.06400000303983688,190000
2022-07-04,0.06400000303983688,0.06400000303983688,0.06400000303983688,0.06400000303983688,0.06400000303983688,0
2022-07-05,0.06400000303983688,0.06400000303983688,0.05700000002980232,0.06400000303983688,0.06400000303983688,760000
2022-07-06,0.06199999898672104,0.06400000303983688,0.06199999898672104,0.06199999898672104,0.06199999898672104,460000
2022-07-07,0.06199999898672104,0.06199999898672104,0.06199999898672104,0.06199999898672104,0.06199999898672104,0
2022-07-08,0.06199999898672104,0.06199999898672104,0.05999999865889549,0.061000000685453415,0.061000000685453415,520000
2022-07-11,0.061000000685453415,0.061000000685453415,0.061000000685453415,0.061000000685453415,0.061000000685453415,0
2022-07-12,0.061000000685453415,0.061000000685453415,0.061000000685453415,0.061000000685453415,0.061000000685453415,0
2022-07-13,0.061000000685453415,0.061000000685453415,0.061000000685453415,0.061000000685453415,0.061000000685453415,0
2022-07-14,0.05999999865889549,0.06700000166893005,0.054999999701976776,0.06599999964237213,0.06599999964237213,290000
2022-07-15,0.06599999964237213,0.06599999964237213,0.06599999964237213,0.06599999964237213,0.06599999964237213,0
2022-07-18,0.06599999964237213,0.06599999964237213,0.06599999964237213,0.06599999964237213,0.06599999964237213,0
2022-07-19,0.06599999964237213,0.06599999964237213,0.06599999964237213,0.06599999964237213,0.06599999964237213,0
2022-07-20,0.06599999964237213,0.06599999964237213,0.06599999964237213,0.06599999964237213,0.06599999964237213,0
2022-07-21,0.061000000685453415,0.061000000685453415,0.05999999865889549,0.06400000303983688,0.06400000303983688,300000
2022-07-22,0.06400000303983688,0.06400000303983688,0.06400000303983688,0.06400000303983688,0.06400000303983688,0
2022-07-25,0.06300000101327896,0.06300000101327896,0.06300000101327896,0.06300000101327896,0.06300000101327896,0
2022-07-26,0.06300000101327896,0.06300000101327896,0.06300000101327896,0.06300000101327896,0.06300000101327896,0
2022-07-27,0.06499999761581421,0.06499999761581421,0.06499999761581421,0.06499999761581421,0.06499999761581421,0
2022-07-28,0.06499999761581421,0.06499999761581421,0.06499999761581421,0.06499999761581421,0.06499999761581421,0
2022-07-29,0.06300000101327896,0.06300000101327896,0.06300000101327896,0.06300000101327896,0.06300000101327896,0
2022-08-01,0.06300000101327896,0.06300000101327896,0.06300000101327896,0.06300000101327896,0.06300000101327896,0
2022-08-02,0.06199999898672104,0.06199999898672104,0.06199999898672104,0.06199999898672104,0.06199999898672104,0
2022-08-03,0.061000000685453415,0.061000000685453415,0.061000000685453415,0.061000000685453415,0.061000000685453415,0
2022-08-04,0.05999999865889549,0.05999999865889549,0.05999999865889549,0.05999999865889549,0.05999999865889549,0
2022-08-05,0.05999999865889549,0.05999999865889549,0.05999999865889549,0.05999999865889549,0.05999999865889549,0
2022-08-08,0.05999999865889549,0.05999999865889549,0.057999998331069946,0.057999998331069946,0.057999998331069946,270000
2022-08-09,0.06300000101327896,0.06300000101327896,0.06300000101327896,0.06300000101327896,0.06300000101327896,0
2022-08-10,0.05999999865889549,0.05999999865889549,0.0560000017285347,0.05999999865889549,0.05999999865889549,390000
2022-08-11,0.05700000002980232,0.05700000002980232,0.054999999701976776,0.054999999701976776,0.054999999701976776,600000
2022-08-12,0.06199999898672104,0.06300000101327896,0.06199999898672104,0.06199999898672104,0.06199999898672104,220000
2022-08-15,0.057999998331069946,0.05900000035762787,0.05700000002980232,0.05700000002980232,0.05700000002980232,60000
2022-08-16,0.05700000002980232,0.057999998331069946,0.057999998331069946,0.057999998331069946,0.057999998331069946,260000
2022-08-17,0.05700000002980232,0.057999998331069946,0.057999998331069946,0.057999998331069946,0.057999998331069946,20000
2022-08-18,0.057999998331069946,0.057999998331069946,0.057999998331069946,0.057999998331069946,0.057999998331069946,0
2022-08-19,0.05700000002980232,0.05700000002980232,0.05700000002980232,0.05700000002980232,0.05700000002980232,0
2022-08-22,0.057999998331069946,0.057999998331069946,0.057999998331069946,0.057999998331069946,0.057999998331069946,0
2022-08-23,0.06300000101327896,0.06300000101327896,0.0560000017285347,0.0560000017285347,0.0560000017285347,380000
2022-08-24,0.05900000035762787,0.05900000035762787,0.05900000035762787,0.05900000035762787,0.05900000035762787,70000
2022-08-25,0.05900000035762787,0.05900000035762787,0.05900000035762787,0.05900000035762787,0.05900000035762787,240000
2022-08-26,0.05900000035762787,0.05900000035762787,0.05900000035762787,0.05900000035762787,0.05900000035762787,50000
2022-08-29,0.06199999898672104,0.06199999898672104,0.05900000035762787,0.05900000035762787,0.05900000035762787,320000
2022-08-30,0.061000000685453415,0.061000000685453415,0.061000000685453415,0.061000000685453415,0.061000000685453415,70000
2022-08-31,0.057999998331069946,0.06199999898672104,0.054999999701976776,0.06199999898672104,0.06199999898672104,670000
2022-09-01,0.06199999898672104,0.06199999898672104,0.06199999898672104,0.06199999898672104,0.06199999898672104,0
2022-09-02,0.06199999898672104,0.06199999898672104,0.06199999898672104,0.06199999898672104,0.06199999898672104,0
2022-09-05,0.057999998331069946,0.06199999898672104,0.06199999898672104,0.06199999898672104,0.06199999898672104,140000
2022-09-06,0.06199999898672104,0.06199999898672104,0.06199999898672104,0.06199999898672104,0.06199999898672104,0
2022-09-07,0.06199999898672104,0.06199999898672104,0.06199999898672104,0.06199999898672104,0.06199999898672104,0
2022-09-08,0.05700000002980232,0.05700000002980232,0.0560000017285347,0.05900000035762787,0.05900000035762787,320000
2022-09-09,0.05700000002980232,0.05700000002980232,0.05700000002980232,0.05900000035762787,0.05900000035762787,10000
2022-09-13,0.05900000035762787,0.05900000035762787,0.05900000035762787,0.05900000035762787,0.05900000035762787,0
2022-09-14,0.05700000002980232,0.05700000002980232,0.05700000002980232,0.05900000035762787,0.05900000035762787,40000
2022-09-15,0.05900000035762787,0.05900000035762787,0.05900000035762787,0.05900000035762787,0.05900000035762787,0
2022-09-16,0.05900000035762787,0.05900000035762787,0.05900000035762787,0.05900000035762787,0.05900000035762787,0
2022-09-19,0.05900000035762787,0.05900000035762787,0.05900000035762787,0.05900000035762787,0.05900000035762787,0
2022-09-20,0.0560000017285347,0.0560000017285347,0.0560000017285347,0.0560000017285347,0.0560000017285347,20000
2022-09-21,0.0560000017285347,0.0560000017285347,0.0560000017285347,0.0560000017285347,0.0560000017285347,0
2022-09-22,0.0560000017285347,0.0560000017285347,0.0560000017285347,0.0560000017285347,0.0560000017285347,0
2022-09-23,0.05299999937415123,0.05700000002980232,0.05299999937415123,0.05700000002980232,0.05700000002980232,80000
2022-09-26,0.05700000002980232,0.05700000002980232,0.05700000002980232,0.05700000002980232,0.05700000002980232,0
2022-09-27,0.05700000002980232,0.05700000002980232,0.05700000002980232,0.05700000002980232,0.05700000002980232,0
2022-09-28,0.05299999937415123,0.052000001072883606,0.052000001072883606,0.05700000002980232,0.05700000002980232,320000
2022-09-29,0.05700000002980232,0.05700000002980232,0.05700000002980232,0.05700000002980232,0.05700000002980232,0
2022-09-30,0.0560000017285347,0.0560000017285347,0.0560000017285347,0.0560000017285347,0.0560000017285347,0
2022-10-03,0.054999999701976776,0.052000001072883606,0.052000001072883606,0.0560000017285347,0.0560000017285347,40000
2022-10-05,0.052000001072883606,0.0560000017285347,0.050999999046325684,0.054999999701976776,0.054999999701976776,480000
2022-10-06,0.05299999937415123,0.05400000140070915,0.052000001072883606,0.05400000140070915,0.05400000140070915,410000
2022-10-07,0.050999999046325684,0.050999999046325684,0.050999999046325684,0.050999999046325684,0.050999999046325684,40000
2022-10-10,0.050999999046325684,0.050999999046325684,0.050999999046325684,0.050999999046325684,0.050999999046325684,0
2022-10-11,0.05000000074505806,0.05000000074505806,0.04500000178813934,0.04600000008940697,0.04600000008940697,2500000
2022-10-12,0.04600000008940697,0.04600000008940697,0.04100000113248825,0.04500000178813934,0.04500000178813934,990000
2022-10-13,0.04800000041723251,0.04800000041723251,0.04800000041723251,0.04800000041723251,0.04800000041723251,100000
2022-10-14,0.04800000041723251,0.04800000041723251,0.04800000041723251,0.04800000041723251,0.04800000041723251,0
2022-10-17,0.04800000041723251,0.04800000041723251,0.04800000041723251,0.04800000041723251,0.04800000041723251,0
2022-10-18,0.04800000041723251,0.05000000074505806,0.05000000074505806,0.05000000074505806,0.05000000074505806,80000
2022-10-19,0.05000000074505806,0.05000000074505806,0.05000000074505806,0.05000000074505806,0.05000000074505806,0
2022-10-20,0.05000000074505806,0.05000000074505806,0.05000000074505806,0.05000000074505806,0.05000000074505806,0
2022-10-21,0.052000001072883606,0.052000001072883606,0.052000001072883606,0.052000001072883606,0.052000001072883606,0
2022-10-24,0.052000001072883606,0.052000001072883606,0.052000001072883606,0.052000001072883606,0.052000001072883606,0
2022-10-25,0.052000001072883606,0.052000001072883606,0.052000001072883606,0.052000001072883606,0.052000001072883606,20000
2022-10-26,0.052000001072883606,0.052000001072883606,0.052000001072883606,0.052000001072883606,0.052000001072883606,0
2022-10-27,0.050999999046325684,0.050999999046325684,0.050999999046325684,0.050999999046325684,0.050999999046325684,0
2022-10-28,0.050999999046325684,0.050999999046325684,0.050999999046325684,0.050999999046325684,0.050999999046325684,0
2022-10-31,0.050999999046325684,0.050999999046325684,0.050999999046325684,0.050999999046325684,0.050999999046325684,0
2022-11-01,0.050999999046325684,0.050999999046325684,0.050999999046325684,0.050999999046325684,0.050999999046325684,0
2022-11-02,0.05000000074505806,0.05000000074505806,0.05000000074505806,0.05000000074505806,0.05000000074505806,0
2022-11-03,0.05000000074505806,0.05000000074505806,0.05000000074505806,0.05000000074505806,0.05000000074505806,0
2022-11-04,0.05000000074505806,0.05000000074505806,0.05000000074505806,0.05000000074505806,0.05000000074505806,0
2022-11-07,0.05000000074505806,0.05000000074505806,0.05000000074505806,0.05000000074505806,0.05000000074505806,0
2022-11-08,0.04699999839067459,0.04899999871850014,0.04500000178813934,0.04899999871850014,0.04899999871850014,420000
2022-11-09,0.04899999871850014,0.04899999871850014,0.04899999871850014,0.04899999871850014,0.04899999871850014,0
2022-11-10,0.04899999871850014,0.04899999871850014,0.04899999871850014,0.04899999871850014,0.04899999871850014,0
2022-11-11,0.04899999871850014,0.04899999871850014,0.04899999871850014,0.04899999871850014,0.04899999871850014,0
2022-11-14,0.04899999871850014,0.04899999871850014,0.04899999871850014,0.04899999871850014,0.04899999871850014,0
2022-11-15,0.04899999871850014,0.04899999871850014,0.04899999871850014,0.04899999871850014,0.04899999871850014,0
2022-11-16,0.04899999871850014,0.04899999871850014,0.04399999976158142,0.04899999871850014,0.04899999871850014,130000
2022-11-17,0.04800000041723251,0.04800000041723251,0.04800000041723251,0.04800000041723251,0.04800000041723251,400000
2022-11-18,0.04800000041723251,0.04800000041723251,0.04800000041723251,0.04800000041723251,0.04800000041723251,0
2022-11-21,0.04800000041723251,0.04699999839067459,0.04600000008940697,0.04600000008940697,0.04600000008940697,270000
2022-11-22,0.05000000074505806,0.05000000074505806,0.04899999871850014,0.04899999871850014,0.04899999871850014,60000
2022-11-23,0.050999999046325684,0.050999999046325684,0.050999999046325684,0.050999999046325684,0.050999999046325684,0
2022-11-24,0.050999999046325684,0.050999999046325684,0.050999999046325684,0.050999999046325684,0.050999999046325684,0
2022-11-25,0.050999999046325684,0.050999999046325684,0.050999999046325684,0.050999999046325684,0.050999999046325684,0
2022-11-28,0.04600000008940697,0.04600000008940697,0.04600000008940697,0.04800000041723251,0.04800000041723251,90000
2022-11-29,0.04800000041723251,0.04800000041723251,0.04800000041723251,0.04800000041723251,0.04800000041723251,0
2022-11-30,0.050999999046325684,0.05000000074505806,0.05000000074505806,0.05000000074505806,0.05000000074505806,60000
2022-12-01,0.05000000074505806,0.05000000074505806,0.05000000074505806,0.05000000074505806,0.05000000074505806,0
2022-12-02,0.050999999046325684,0.05000000074505806,0.05000000074505806,0.05000000074505806,0.05000000074505806,40000
2022-12-05,0.05000000074505806,0.05000000074505806,0.05000000074505806,0.05000000074505806,0.05000000074505806,0
2022-12-06,0.05000000074505806,0.05000000074505806,0.05000000074505806,0.05000000074505806,0.05000000074505806,0
2022-12-07,0.05000000074505806,0.05000000074505806,0.05000000074505806,0.05000000074505806,0.05000000074505806,90000
2022-12-08,0.05000000074505806,0.05000000074505806,0.05000000074505806,0.05000000074505806,0.05000000074505806,0
2022-12-09,0.05000000074505806,0.05000000074505806,0.05000000074505806,0.05000000074505806,0.05000000074505806,0
2022-12-12,0.052000001072883606,0.054999999701976776,0.05000000074505806,0.05000000074505806,0.05000000074505806,220000
2022-12-13,0.05400000140070915,0.05400000140070915,0.05400000140070915,0.05400000140070915,0.05400000140070915,10000
2022-12-14,0.054999999701976776,0.054999999701976776,0.054999999701976776,0.054999999701976776,0.054999999701976776,0
2022-12-15,0.050999999046325684,0.050999999046325684,0.05000000074505806,0.050999999046325684,0.050999999046325684,230000
2022-12-16,0.05400000140070915,0.05400000140070915,0.05400000140070915,0.052000001072883606,0.052000001072883606,30000
2022-12-19,0.0560000017285347,0.06599999964237213,0.05400000140070915,0.06400000303983688,0.06400000303983688,3460000
2022-12-20,0.06400000303983688,0.06599999964237213,0.05900000035762787,0.06599999964237213,0.06599999964237213,1170000
2022-12-21,0.06599999964237213,0.06599999964237213,0.06599999964237213,0.06599999964237213,0.06599999964237213,0
2022-12-22,0.06499999761581421,0.06800000369548798,0.05999999865889549,0.06499999761581421,0.06499999761581421,580000
2022-12-23,0.06300000101327896,0.06300000101327896,0.06300000101327896,0.06300000101327896,0.06300000101327896,120000
2022-12-28,0.06499999761581421,0.06800000369548798,0.06499999761581421,0.06800000369548798,0.06800000369548798,460000
2022-12-29,0.06800000369548798,0.06800000369548798,0.06800000369548798,0.06800000369548798,0.06800000369548798,40000
2022-12-30,0.06800000369548798,0.07000000029802322,0.06800000369548798,0.0689999982714653,0.0689999982714653,560000
2023-01-03,0.0689999982714653,0.07000000029802322,0.0689999982714653,0.0689999982714653,0.0689999982714653,560000
2023-01-04,0.0689999982714653,0.07000000029802322,0.06499999761581421,0.07000000029802322,0.07000000029802322,230000
2023-01-05,0.07199999690055847,0.07199999690055847,0.06499999761581421,0.07100000232458115,0.07100000232458115,620000
2023-01-06,0.07100000232458115,0.07100000232458115,0.07100000232458115,0.07100000232458115,0.07100000232458115,0
2023-01-09,0.07100000232458115,0.07100000232458115,0.07000000029802322,0.07100000232458115,0.07100000232458115,190000
2023-01-10,0.07199999690055847,0.07199999690055847,0.06800000369548798,0.07100000232458115,0.07100000232458115,30000
2023-01-11,0.06800000369548798,0.06800000369548798,0.06800000369548798,0.06800000369548798,0.06800000369548798,180000
2023-01-12,0.07199999690055847,0.07400000095367432,0.07199999690055847,0.07199999690055847,0.07199999690055847,880000
2023-01-13,0.07400000095367432,0.07400000095367432,0.07400000095367432,0.07400000095367432,0.07400000095367432,0
2023-01-16,0.06800000369548798,0.0729999989271164,0.06700000166893005,0.06700000166893005,0.06700000166893005,220000
2023-01-17,0.06800000369548798,0.0689999982714653,0.06800000369548798,0.0729999989271164,0.0729999989271164,280000
2023-01-18,0.0729999989271164,0.0729999989271164,0.06800000369548798,0.07000000029802322,0.07000000029802322,560000
2023-01-19,0.07199999690055847,0.07199999690055847,0.07100000232458115,0.07100000232458115,0.07100000232458115,130000
2023-01-20,0.07500000298023224,0.07500000298023224,0.07000000029802322,0.07199999690055847,0.07199999690055847,140000
2023-01-26,0.0689999982714653,0.0689999982714653,0.06700000166893005,0.07000000029802322,0.07000000029802322,1200000
2023-01-27,0.07100000232458115,0.0729999989271164,0.0689999982714653,0.07100000232458115,0.07100000232458115,270000
2023-01-30,0.07400000095367432,0.07400000095367432,0.07400000095367432,0.07400000095367432,0.07400000095367432,0
2023-01-31,0.07400000095367432,0.07400000095367432,0.07400000095367432,0.07400000095367432,0.07400000095367432,0
2023-02-01,0.07400000095367432,0.07400000095367432,0.07400000095367432,0.07400000095367432,0.07400000095367432,0
2023-02-02,0.07500000298023224,0.07699999958276749,0.07400000095367432,0.07400000095367432,0.07400000095367432,2370000
2023-02-03,0.07400000095367432,0.07400000095367432,0.07400000095367432,0.07400000095367432,0.07400000095367432,10000
2023-02-06,0.07400000095367432,0.07800000160932541,0.07400000095367432,0.07699999958276749,0.07699999958276749,620000
2023-02-07,0.07699999958276749,0.07699999958276749,0.07699999958276749,0.07699999958276749,0.07699999958276749,0
2023-02-08,0.07699999958276749,0.07699999958276749,0.07699999958276749,0.07699999958276749,0.07699999958276749,0
2023-02-09,0.07599999755620956,0.07599999755620956,0.0729999989271164,0.07599999755620956,0.07599999755620956,370000
2023-02-10,0.07500000298023224,0.07500000298023224,0.07500000298023224,0.07500000298023224,0.07500000298023224,0
2023-02-13,0.07500000298023224,0.07500000298023224,0.07500000298023224,0.07500000298023224,0.07500000298023224,100000
2023-02-14,0.07400000095367432,0.07400000095367432,0.07400000095367432,0.07400000095367432,0.07400000095367432,0
2023-02-15,0.07599999755620956,0.07599999755620956,0.07599999755620956,0.07599999755620956,0.07599999755620956,0
2023-02-16,0.07599999755620956,0.07599999755620956,0.07599999755620956,0.07599999755620956,0.07599999755620956,0
2023-02-17,0.07100000232458115,0.07100000232458115,0.06800000369548798,0.07000000029802322,0.07000000029802322,50000
2023-02-20,0.0729999989271164,0.0729999989271164,0.0729999989271164,0.0729999989271164,0.0729999989271164,0
2023-02-21,0.07000000029802322,0.0729999989271164,0.07000000029802322,0.0729999989271164,0.0729999989271164,50000
2023-02-22,0.0729999989271164,0.0729999989271164,0.0729999989271164,0.0729999989271164,0.0729999989271164,0
2023-02-23,0.0729999989271164,0.0729999989271164,0.0729999989271164,0.0729999989271164,0.0729999989271164,0
2023-02-24,0.07000000029802322,0.07000000029802322,0.07000000029802322,0.07000000029802322,0.07000000029802322,10000
2023-02-27,0.07199999690055847,0.07599999755620956,0.0729999989271164,0.07599999755620956,0.07599999755620956,1160000
2023-02-28,0.07599999755620956,0.07599999755620956,0.07599999755620956,0.07599999755620956,0.07599999755620956,0
2023-03-01,0.0729999989271164,0.0729999989271164,0.0729999989271164,0.0729999989271164,0.0729999989271164,0
2023-03-02,0.07199999690055847,0.07400000095367432,0.07199999690055847,0.07400000095367432,0.07400000095367432,130000
2023-03-03,0.07000000029802322,0.07000000029802322,0.07000000029802322,0.0729999989271164,0.0729999989271164,480000
2023-03-06,0.07199999690055847,0.07199999690055847,0.07100000232458115,0.07100000232458115,0.07100000232458115,400000
2023-03-07,0.06800000369548798,0.07000000029802322,0.06800000369548798,0.07000000029802322,0.07000000029802322,370000
2023-03-08,0.07000000029802322,0.07000000029802322,0.07000000029802322,0.07000000029802322,0.07000000029802322,0
2023-03-09,0.07000000029802322,0.07000000029802322,0.07000000029802322,0.07000000029802322,0.07000000029802322,0
2023-03-10,0.07000000029802322,0.07000000029802322,0.07000000029802322,0.07000000029802322,0.07000000029802322,0
2023-03-13,0.06800000369548798,0.06800000369548798,0.061000000685453415,0.06400000303983688,0.06400000303983688,940000
2023-03-14,0.06400000303983688,0.06599999964237213,0.06400000303983688,0.06599999964237213,0.06599999964237213,700000
2023-03-15,0.06599999964237213,0.07100000232458115,0.06599999964237213,0.07100000232458115,0.07100000232458115,160000
2023-03-16,0.06599999964237213,0.07000000029802322,0.06599999964237213,0.07000000029802322,0.07000000029802322,660000
2023-03-17,0.07000000029802322,0.07000000029802322,0.07000000029802322,0.07000000029802322,0.07000000029802322,0
2023-03-20,0.0689999982714653,0.0689999982714653,0.0689999982714653,0.0689999982714653,0.0689999982714653,100000
2023-03-21,0.06800000369548798,0.07000000029802322,0.06300000101327896,0.06700000166893005,0.06700000166893005,690000
2023-03-22,0.06800000369548798,0.06800000369548798,0.06800000369548798,0.06800000369548798,0.06800000369548798,0
2023-03-23,0.07000000029802322,0.07000000029802322,0.07000000029802322,0.07000000029802322,0.07000000029802322,280000
2023-03-24,0.06700000166893005,0.06700000166893005,0.06700000166893005,0.06700000166893005,0.06700000166893005,110000
2023-03-27,0.06700000166893005,0.06700000166893005,0.06700000166893005,0.06700000166893005,0.06700000166893005,0
2023-03-28,0.06700000166893005,0.06700000166893005,0.06700000166893005,0.06700000166893005,0.06700000166893005,0
2023-03-29,0.06499999761581421,0.06499999761581421,0.061000000685453415,0.06199999898672104,0.06199999898672104,1090000
2023-03-30,0.06199999898672104,0.06199999898672104,0.06199999898672104,0.06199999898672104,0.06199999898672104,0
2023-03-31,0.06199999898672104,0.06199999898672104,0.06199999898672104,0.06199999898672104,0.06199999898672104,0
2023-04-03,0.061000000685453415,0.061000000685453415,0.061000000685453415,0.061000000685453415,0.061000000685453415,190000
2023-04-04,0.061000000685453415,0.061000000685453415,0.061000000685453415,0.061000000685453415,0.061000000685453415,0
2023-04-06,0.06199999898672104,0.06199999898672104,0.05900000035762787,0.05900000035762787,0.05900000035762787,190000
2023-04-11,0.057999998331069946,0.057999998331069946,0.052000001072883606,0.0560000017285347,0.0560000017285347,610000
2023-04-12,0.052000001072883606,0.05900000035762787,0.052000001072883606,0.05900000035762787,0.05900000035762787,190000
2023-04-13,0.05400000140070915,0.06199999898672104,0.05400000140070915,0.06199999898672104,0.06199999898672104,60000
2023-04-14,0.061000000685453415,0.061000000685453415,0.061000000685453415,0.05999999865889549,0.05999999865889549,240000
2023-04-17,0.05999999865889549,0.05999999865889549,0.05999999865889549,0.05999999865889549,0.05999999865889549,0
2023-04-18,0.057999998331069946,0.057999998331069946,0.057999998331069946,0.057999998331069946,0.057999998331069946,0
2023-04-19,0.057999998331069946,0.057999998331069946,0.057999998331069946,0.057999998331069946,0.057999998331069946,0
2023-04-20,0.0560000017285347,0.05900000035762787,0.0560000017285347,0.05900000035762787,0.05900000035762787,210000
2023-04-21,0.0560000017285347,0.0560000017285347,0.054999999701976776,0.054999999701976776,0.054999999701976776,540000
2023-04-24,0.05400000140070915,0.05400000140070915,0.05400000140070915,0.05400000140070915,0.05400000140070915,0
2023-04-25,0.05700000002980232,0.05700000002980232,0.05700000002980232,0.05700000002980232,0.05700000002980232,0
2023-04-26,0.057999998331069946,0.057999998331069946,0.057999998331069946,0.057999998331069946,0.057999998331069946,0
2023-04-27,0.05700000002980232,0.05700000002980232,0.05700000002980232,0.05700000002980232,0.05700000002980232,0
2023-04-28,0.05700000002980232,0.05700000002980232,0.05700000002980232,0.05700000002980232,0.05700000002980232,0
2023-05-02,0.0560000017285347,0.0560000017285347,0.0560000017285347,0.0560000017285347,0.0560000017285347,0
2023-05-03,0.052000001072883606,0.05400000140070915,0.05000000074505806,0.05400000140070915,0.05400000140070915,1420000
2023-05-04,0.05400000140070915,0.05400000140070915,0.05400000140070915,0.05400000140070915,0.05400000140070915,0
2023-05-05,0.05400000140070915,0.05400000140070915,0.05400000140070915,0.05400000140070915,0.05400000140070915,0
2023-05-08,0.050999999046325684,0.05299999937415123,0.04899999871850014,0.04899999871850014,0.04899999871850014,860000
2023-05-09,0.052000001072883606,0.052000001072883606,0.052000001072883606,0.052000001072883606,0.052000001072883606,0
2023-05-10,0.05000000074505806,0.052000001072883606,0.05000000074505806,0.052000001072883606,0.052000001072883606,50000
2023-05-11,0.050999999046325684,0.050999999046325684,0.050999999046325684,0.050999999046325684,0.050999999046325684,0
2023-05-12,0.05400000140070915,0.054999999701976776,0.05400000140070915,0.054999999701976776,0.054999999701976776,50000
2023-05-15,0.054999999701976776,0.054999999701976776,0.054999999701976776,0.054999999701976776,0.054999999701976776,0
2023-05-16,0.0560000017285347,0.05900000035762787,0.05000000074505806,0.054999999701976776,0.054999999701976776,950000
2023-05-17,0.054999999701976776,0.054999999701976776,0.054999999701976776,0.054999999701976776,0.054999999701976776,110000
2023-05-18,0.057999998331069946,0.061000000685453415,0.054999999701976776,0.061000000685453415,0.061000000685453415,950000
2023-05-19,0.061000000685453415,0.061000000685453415,0.061000000685453415,0.061000000685453415,0.061000000685453415,100000
2023-05-22,0.061000000685453415,0.06300000101327896,0.061000000685453415,0.06499999761581421,0.06499999761581421,130000
2023-05-23,0.06499999761581421,0.06499999761581421,0.06499999761581421,0.06499999761581421,0.06499999761581421,230000
2023-05-24,0.06700000166893005,0.06700000166893005,0.06400000303983688,0.06599999964237213,0.06599999964237213,310000
2023-05-25,0.06199999898672104,0.06800000369548798,0.06199999898672104,0.06599999964237213,0.06599999964237213,370000
2023-05-29,0.06499999761581421,0.06499999761581421,0.06499999761581421,0.06400000303983688,0.06400000303983688,30000
2023-05-30,0.06800000369548798,0.06800000369548798,0.061000000685453415,0.06400000303983688,0.06400000303983688,670000
2023-05-31,0.06400000303983688,0.06800000369548798,0.06300000101327896,0.06599999964237213,0.06599999964237213,430000
2023-06-01,0.06599999964237213,0.07000000029802322,0.06599999964237213,0.06700000166893005,0.06700000166893005,400000
2023-06-02,0.06499999761581421,0.07000000029802322,0.06400000303983688,0.07000000029802322,0.07000000029802322,950000
2023-06-05,0.07000000029802322,0.07000000029802322,0.07000000029802322,0.07000000029802322,0.07000000029802322,150000
2023-06-06,0.06700000166893005,0.0689999982714653,0.06400000303983688,0.06800000369548798,0.06800000369548798,750000
2023-06-07,0.06800000369548798,0.0689999982714653,0.06400000303983688,0.0689999982714653,0.0689999982714653,730000
2023-06-08,0.0689999982714653,0.0689999982714653,0.0689999982714653,0.0689999982714653,0.0689999982714653,0
2023-06-09,0.06599999964237213,0.0729999989271164,0.06599999964237213,0.0729999989271164,0.0729999989271164,990000
2023-06-12,0.07400000095367432,0.07400000095367432,0.06700000166893005,0.0689999982714653,0.0689999982714653,1040000
2023-06-13,0.07100000232458115,0.07100000232458115,0.07100000232458115,0.07100000232458115,0.07100000232458115,0
2023-06-14,0.07000000029802322,0.07000000029802322,0.07000000029802322,0.07000000029802322,0.07000000029802322,0
2023-06-15,0.06499999761581421,0.07000000029802322,0.06400000303983688,0.07000000029802322,0.07000000029802322,170000
2023-06-16,0.07100000232458115,0.07100000232458115,0.06499999761581421,0.06700000166893005,0.06700000166893005,770000
2023-06-19,0.06700000166893005,0.06800000369548798,0.06700000166893005,0.06800000369548798,0.06800000369548798,450000
2023-06-20,0.06800000369548798,0.06800000369548798,0.06800000369548798,0.06800000369548798,0.06800000369548798,0
2023-06-21,0.06800000369548798,0.06800000369548798,0.06800000369548798,0.06800000369548798,0.06800000369548798,0
2023-06-23,0.06800000369548798,0.07100000232458115,0.0689999982714653,0.07000000029802322,0.07000000029802322,280000
2023-06-26,0.07000000029802322,0.07000000029802322,0.07000000029802322,0.07000000029802322,0.07000000029802322,0
2023-06-27,0.06499999761581421,0.0689999982714653,0.06499999761581421,0.06599999964237213,0.06599999964237213,570000
2023-06-28,0.06700000166893005,0.06700000166893005,0.06700000166893005,0.06700000166893005,0.06700000166893005,80000
2023-06-29,0.06499999761581421,0.06700000166893005,0.06700000166893005,0.06700000166893005,0.06700000166893005,30000
2023-06-30,0.06700000166893005,0.06800000369548798,0.06700000166893005,0.06700000166893005,0.06700000166893005,170000
2023-07-03,0.06800000369548798,0.06800000369548798,0.06800000369548798,0.06800000369548798,0.06800000369548798,0
2023-07-04,0.06800000369548798,0.06800000369548798,0.06800000369548798,0.06800000369548798,0.06800000369548798,0
2023-07-05,0.06700000166893005,0.06700000166893005,0.06700000166893005,0.06700000166893005,0.06700000166893005,30000
2023-07-06,0.06499999761581421,0.06700000166893005,0.06700000166893005,0.06700000166893005,0.06700000166893005,20000
2023-07-07,0.0689999982714653,0.0689999982714653,0.0689999982714653,0.06800000369548798,0.06800000369548798,80000
2023-07-10,0.06800000369548798,0.06800000369548798,0.06800000369548798,0.06800000369548798,0.06800000369548798,0
2023-07-11,0.06499999761581421,0.07000000029802322,0.06499999761581421,0.06800000369548798,0.06800000369548798,350000
2023-07-12,0.06599999964237213,0.07000000029802322,0.06499999761581421,0.06800000369548798,0.06800000369548798,20000
2023-07-13,0.06800000369548798,0.07199999690055847,0.06599999964237213,0.06800000369548798,0.06800000369548798,570000
2023-07-14,0.06599999964237213,0.06800000369548798,0.06499999761581421,0.06800000369548798,0.06800000369548798,170000
2023-07-18,0.06800000369548798,0.06800000369548798,0.06800000369548798,0.06800000369548798,0.06800000369548798,0
2023-07-19,0.06800000369548798,0.06800000369548798,0.06800000369548798,0.06800000369548798,0.06800000369548798,0
2023-07-20,0.06499999761581421,0.06800000369548798,0.06400000303983688,0.06800000369548798,0.06800000369548798,340000
2023-07-21,0.06800000369548798,0.06800000369548798,0.06800000369548798,0.06800000369548798,0.06800000369548798,0
2023-07-24,0.06800000369548798,0.06800000369548798,0.06800000369548798,0.06800000369548798,0.06800000369548798,0
2023-07-25,0.06800000369548798,0.06800000369548798,0.06800000369548798,0.06800000369548798,0.06800000369548798,0
2023-07-26,0.06800000369548798,0.06800000369548798,0.06800000369548798,0.06800000369548798,0.06800000369548798,0
2023-07-27,0.06499999761581421,0.07000000029802322,0.06300000101327896,0.0689999982714653,0.0689999982714653,400000
2023-07-28,0.06400000303983688,0.06800000369548798,0.06300000101327896,0.06700000166893005,0.06700000166893005,360000
2023-07-31,0.06700000166893005,0.06700000166893005,0.06700000166893005,0.06700000166893005,0.06700000166893005,0
2023-08-01,0.06700000166893005,0.06700000166893005,0.06700000166893005,0.06700000166893005,0.06700000166893005,0
2023-08-02,0.06700000166893005,0.06700000166893005,0.06700000166893005,0.06700000166893005,0.06700000166893005,0
2023-08-03,0.06700000166893005,0.06700000166893005,0.06700000166893005,0.06700000166893005,0.06700000166893005,0
2023-08-04,0.06800000369548798,0.06800000369548798,0.06800000369548798,0.06800000369548798,0.06800000369548798,0
2023-08-07,0.06700000166893005,0.06700000166893005,0.06700000166893005,0.06700000166893005,0.06700000166893005,0
2023-08-08,0.06599999964237213,0.06499999761581421,0.06499999761581421,0.06499999761581421,0.06499999761581421,180000
2023-08-09,0.06599999964237213,0.06599999964237213,0.06300000101327896,0.06499999761581421,0.06499999761581421,730000
2023-08-10,0.06199999898672104,0.06499999761581421,0.061000000685453415,0.06499999761581421,0.06499999761581421,470000
2023-08-11,0.06199999898672104,0.06599999964237213,0.06199999898672104,0.06400000303983688,0.06400000303983688,50000
2023-08-14,0.06199999898672104,0.06499999761581421,0.061000000685453415,0.06400000303983688,0.06400000303983688,210000
2023-08-15,0.06400000303983688,0.06400000303983688,0.06400000303983688,0.06400000303983688,0.06400000303983688,0
2023-08-16,0.06400000303983688,0.06499999761581421,0.06400000303983688,0.06400000303983688,0.06400000303983688,170000
2023-08-17,0.06400000303983688,0.06400000303983688,0.061000000685453415,0.06400000303983688,0.06400000303983688,190000
2023-08-18,0.06400000303983688,0.06400000303983688,0.06400000303983688,0.06400000303983688,0.06400000303983688,0
2023-08-21,0.06400000303983688,0.06400000303983688,0.06400000303983688,0.06400000303983688,0.06400000303983688,100000
2023-08-22,0.06400000303983688,0.06400000303983688,0.06400000303983688,0.06400000303983688,0.06400000303983688,0
2023-08-23,0.061000000685453415,0.06300000101327896,0.05999999865889549,0.05999999865889549,0.05999999865889549,400000
2023-08-24,0.05900000035762787,0.061000000685453415,0.05000000074505806,0.054999999701976776,0.054999999701976776,2960000
2023-08-25,0.05299999937415123,0.054999999701976776,0.05299999937415123,0.054999999701976776,0.054999999701976776,110000
2023-08-28,0.05700000002980232,0.05700000002980232,0.05700000002980232,0.05700000002980232,0.05700000002980232,10000
2023-08-29,0.05299999937415123,0.05299999937415123,0.04600000008940697,0.04800000041723251,0.04800000041723251,4750000
2023-08-30,0.04899999871850014,0.05000000074505806,0.04899999871850014,0.04899999871850014,0.04899999871850014,180000
2023-08-31,0.04699999839067459,0.04899999871850014,0.04699999839067459,0.04899999871850014,0.04899999871850014,120000
2023-09-04,0.04699999839067459,0.04699999839067459,0.04100000113248825,0.04399999976158142,0.04399999976158142,4280000
2023-09-05,0.04500000178813934,0.04699999839067459,0.04500000178813934,0.04699999839067459,0.04699999839067459,230000
2023-09-06,0.04800000041723251,0.04800000041723251,0.04800000041723251,0.04800000041723251,0.04800000041723251,30000
2023-09-07,0.04800000041723251,0.04800000041723251,0.04399999976158142,0.04500000178813934,0.04500000178813934,320000
2023-09-11,0.04500000178813934,0.04800000041723251,0.04500000178813934,0.04600000008940697,0.04600000008940697,190000
2023-09-12,0.04800000041723251,0.05000000074505806,0.04800000041723251,0.05000000074505806,0.05000000074505806,440000
2023-09-13,0.05000000074505806,0.05000000074505806,0.05000000074505806,0.05000000074505806,0.05000000074505806,0
2023-09-14,0.050999999046325684,0.054999999701976776,0.050999999046325684,0.054999999701976776,0.054999999701976776,130000
2023-09-15,0.054999999701976776,0.054999999701976776,0.054999999701976776,0.054999999701976776,0.054999999701976776,100000
2023-09-18,0.0560000017285347,0.05900000035762787,0.0560000017285347,0.0560000017285347,0.0560000017285347,310000
2023-09-19,0.05700000002980232,0.05700000002980232,0.0560000017285347,0.0560000017285347,0.0560000017285347,70000
2023-09-20,0.0560000017285347,0.0560000017285347,0.0560000017285347,0.0560000017285347,0.0560000017285347,300000
2023-09-21,0.0560000017285347,0.0560000017285347,0.054999999701976776,0.054999999701976776,0.054999999701976776,150000
2023-09-22,0.054999999701976776,0.054999999701976776,0.054999999701976776,0.054999999701976776,0.054999999701976776,0
2023-09-25,0.054999999701976776,0.054999999701976776,0.054999999701976776,0.054999999701976776,0.054999999701976776,0
2023-09-26,0.050999999046325684,0.054999999701976776,0.050999999046325684,0.054999999701976776,0.054999999701976776,40000
2023-09-27,0.054999999701976776,0.054999999701976776,0.054999999701976776,0.054999999701976776,0.054999999701976776,0
2023-09-28,0.0560000017285347,0.0560000017285347,0.0560000017285347,0.05400000140070915,0.05400000140070915,10000
2023-09-29,0.05400000140070915,0.05400000140070915,0.05400000140070915,0.05400000140070915,0.05400000140070915,0
2023-10-03,0.052000001072883606,0.054999999701976776,0.04899999871850014,0.04899999871850014,0.04899999871850014,680000
2023-10-04,0.04899999871850014,0.052000001072883606,0.04899999871850014,0.052000001072883606,0.052000001072883606,290000
2023-10-05,0.052000001072883606,0.052000001072883606,0.04899999871850014,0.052000001072883606,0.052000001072883606,50000
2023-10-06,0.052000001072883606,0.052000001072883606,0.052000001072883606,0.052000001072883606,0.052000001072883606,0
2023-10-09,0.052000001072883606,0.052000001072883606,0.04899999871850014,0.052000001072883606,0.052000001072883606,100000
2023-10-10,0.052000001072883606,0.052000001072883606,0.052000001072883606,0.052000001072883606,0.052000001072883606,0
2023-10-11,0.050999999046325684,0.050999999046325684,0.050999999046325684,0.050999999046325684,0.050999999046325684,0
2023-10-12,0.04800000041723251,0.05000000074505806,0.04800000041723251,0.05000000074505806,0.05000000074505806,200000
2023-10-13,0.05000000074505806,0.05000000074505806,0.05000000074505806,0.05000000074505806,0.05000000074505806,0
2023-10-16,0.05000000074505806,0.05000000074505806,0.05000000074505806,0.05000000074505806,0.05000000074505806,0
2023-10-17,0.05299999937415123,0.05299999937415123,0.05299999937415123,0.05299999937415123,0.05299999937415123,0
2023-10-18,0.05299999937415123,0.05299999937415123,0.05299999937415123,0.05299999937415123,0.05299999937415123,0
2023-10-19,0.05000000074505806,0.052000001072883606,0.05000000074505806,0.052000001072883606,0.052000001072883606,190000
2023-10-20,0.052000001072883606,0.052000001072883606,0.052000001072883606,0.052000001072883606,0.052000001072883606,0
2023-10-24,0.052000001072883606,0.052000001072883606,0.052000001072883606,0.052000001072883606,0.052000001072883606,0
2023-10-25,0.052000001072883606,0.052000001072883606,0.052000001072883606,0.052000001072883606,0.052000001072883606,0
2023-10-26,0.04899999871850014,0.052000001072883606,0.04899999871850014,0.052000001072883606,0.052000001072883606,100000
2023-10-27,0.04899999871850014,0.05000000074505806,0.05000000074505806,0.05000000074505806,0.05000000074505806,320000
2023-10-30,0.04699999839067459,0.04899999871850014,0.04699999839067459,0.04899999871850014,0.04899999871850014,100000
2023-10-31,0.04899999871850014,0.04899999871850014,0.04899999871850014,0.04899999871850014,0.04899999871850014,0
2023-11-01,0.04899999871850014,0.04899999871850014,0.04899999871850014,0.04899999871850014,0.04899999871850014,0
2023-11-02,0.04899999871850014,0.04899999871850014,0.04899999871850014,0.04899999871850014,0.04899999871850014,0
2023-11-03,0.04899999871850014,0.04899999871850014,0.04899999871850014,0.04899999871850014,0.04899999871850014,10000
2023-11-06,0.04800000041723251,0.04899999871850014,0.04699999839067459,0.04699999839067459,0.04699999839067459,320000
2023-11-07,0.04899999871850014,0.04899999871850014,0.04899999871850014,0.04899999871850014,0.04899999871850014,0
2023-11-08,0.04899999871850014,0.04899999871850014,0.04899999871850014,0.04899999871850014,0.04899999871850014,0
2023-11-09,0.04699999839067459,0.04699999839067459,0.04699999839067459,0.04699999839067459,0.04699999839067459,120000
2023-11-10,0.05000000074505806,0.05000000074505806,0.04699999839067459,0.04899999871850014,0.04899999871850014,120000
2023-11-13,0.04600000008940697,0.04600000008940697,0.04399999976158142,0.04600000008940697,0.04600000008940697,780000
2023-11-14,0.04800000041723251,0.04800000041723251,0.04800000041723251,0.04699999839067459,0.04699999839067459,10000
2023-11-15,0.04699999839067459,0.04699999839067459,0.04600000008940697,0.04699999839067459,0.04699999839067459,140000
2023-11-16,0.04600000008940697,0.04699999839067459,0.04399999976158142,0.04699999839067459,0.04699999839067459,410000
2023-11-17,0.04699999839067459,0.04699999839067459,0.04699999839067459,0.04699999839067459,0.04699999839067459,0
2023-11-20,0.04699999839067459,0.04699999839067459,0.04699999839067459,0.04699999839067459,0.04699999839067459,100000
2023-11-21,0.05000000074505806,0.05000000074505806,0.05000000074505806,0.05000000074505806,0.05000000074505806,10000
2023-11-22,0.05000000074505806,0.05000000074505806,0.05000000074505806,0.05000000074505806,0.05000000074505806,0
2023-11-23,0.05000000074505806,0.05000000074505806,0.05000000074505806,0.05000000074505806,0.05000000074505806,0
2023-11-24,0.04899999871850014,0.04899999871850014,0.04899999871850014,0.04899999871850014,0.04899999871850014,0
2023-11-27,0.04899999871850014,0.04899999871850014,0.04899999871850014,0.04899999871850014,0.04899999871850014,0
2023-11-28,0.05000000074505806,0.05000000074505806,0.05000000074505806,0.05000000074505806,0.05000000074505806,0
2023-11-29,0.05000000074505806,0.05000000074505806,0.05000000074505806,0.05000000074505806,0.05000000074505806,0
2023-11-30,0.04899999871850014,0.04899999871850014,0.04899999871850014,0.04899999871850014,0.04899999871850014,0
2023-12-01,0.04899999871850014,0.04899999871850014,0.04899999871850014,0.04899999871850014,0.04899999871850014,0
2023-12-04,0.04899999871850014,0.04899999871850014,0.04899999871850014,0.04899999871850014,0.04899999871850014,100000
2023-12-05,0.04699999839067459,0.04899999871850014,0.041999999433755875,0.04899999871850014,0.04899999871850014,270000
2023-12-06,0.04899999871850014,0.04899999871850014,0.04899999871850014,0.04899999871850014,0.04899999871850014,0
2023-12-07,0.04899999871850014,0.04899999871850014,0.04899999871850014,0.04899999871850014,0.04899999871850014,0
2023-12-08,0.0430000014603138,0.04500000178813934,0.0430000014603138,0.04500000178813934,0.04500000178813934,140000
2023-12-11,0.04399999976158142,0.04500000178813934,0.041999999433755875,0.041999999433755875,0.041999999433755875,870000
2023-12-12,0.0430000014603138,0.0430000014603138,0.0430000014603138,0.0430000014603138,0.0430000014603138,0
2023-12-13,0.0430000014603138,0.0430000014603138,0.0430000014603138,0.0430000014603138,0.0430000014603138,0
2023-12-14,0.0430000014603138,0.0430000014603138,0.0430000014603138,0.0430000014603138,0.0430000014603138,0
2023-12-15,0.0430000014603138,0.0430000014603138,0.04100000113248825,0.04100000113248825,0.04100000113248825,800000
2023-12-18,0.04100000113248825,0.04100000113248825,0.04100000113248825,0.04100000113248825,0.04100000113248825,0
2023-12-19,0.04100000113248825,0.0430000014603138,0.04100000113248825,0.04500000178813934,0.04500000178813934,60000
2023-12-20,0.04500000178813934,0.04500000178813934,0.04500000178813934,0.04500000178813934,0.04500000178813934,0
2023-12-21,0.04500000178813934,0.04500000178813934,0.04500000178813934,0.04500000178813934,0.04500000178813934,10000
2023-12-22,0.04699999839067459,0.04699999839067459,0.04699999839067459,0.04699999839067459,0.04699999839067459,0
2023-12-27,0.04500000178813934,0.04500000178813934,0.04500000178813934,0.04500000178813934,0.04500000178813934,130000
2023-12-28,0.04500000178813934,0.04500000178813934,0.04500000178813934,0.04500000178813934,0.04500000178813934,60000
2023-12-29,0.04600000008940697,0.04899999871850014,0.04600000008940697,0.04899999871850014,0.04899999871850014,70000
2024-01-02,0.04800000041723251,0.04800000041723251,0.04800000041723251,0.04800000041723251,0.04800000041723251,20000
2024-01-03,0.04800000041723251,0.04800000041723251,0.04800000041723251,0.04800000041723251,0.04800000041723251,0
2024-01-04,0.05000000074505806,0.05000000074505806,0.05000000074505806,0.05000000074505806,0.05000000074505806,10000
2024-01-05,0.05000000074505806,0.05000000074505806,0.05000000074505806,0.05000000074505806,0.05000000074505806,10000
2024-01-08,0.05299999937415123,0.05299999937415123,0.05299999937415123,0.05299999937415123,0.05299999937415123,0
2024-01-09,0.05299999937415123,0.05400000140070915,0.05299999937415123,0.05400000140070915,0.05400000140070915,30000
2024-01-10,0.05700000002980232,0.05700000002980232,0.05400000140070915,0.054999999701976776,0.054999999701976776,420000
2024-01-11,0.05299999937415123,0.054999999701976776,0.05299999937415123,0.05299999937415123,0.05299999937415123,520000
2024-01-12,0.052000001072883606,0.052000001072883606,0.052000001072883606,0.052000001072883606,0.052000001072883606,200000
2024-01-15,0.052000001072883606,0.052000001072883606,0.052000001072883606,0.052000001072883606,0.052000001072883606,0
2024-01-16,0.05700000002980232,0.052000001072883606,0.052000001072883606,0.05700000002980232,0.05700000002980232,10000
2024-01-17,0.05700000002980232,0.05700000002980232,0.05400000140070915,0.05400000140070915,0.05400000140070915,410000
2024-01-18,0.05400000140070915,0.05400000140070915,0.05400000140070915,0.05400000140070915,0.05400000140070915,0
2024-01-19,0.05400000140070915,0.05400000140070915,0.05400000140070915,0.05400000140070915,0.05400000140070915,0
2024-01-22,0.052000001072883606,0.052000001072883606,0.052000001072883606,0.052000001072883606,0.052000001072883606,10000
2024-01-23,0.05299999937415123,0.05299999937415123,0.05299999937415123,0.05299999937415123,0.05299999937415123,0
2024-01-24,0.052000001072883606,0.052000001072883606,0.052000001072883606,0.052000001072883606,0.052000001072883606,0
2024-01-25,0.052000001072883606,0.052000001072883606,0.05000000074505806,0.05000000074505806,0.05000000074505806,160000
2024-01-26,0.05000000074505806,0.05000000074505806,0.05000000074505806,0.05000000074505806,0.05000000074505806,0
2024-01-29,0.052000001072883606,0.052000001072883606,0.052000001072883606,0.052000001072883606,0.052000001072883606,0
2024-01-30,0.052000001072883606,0.052000001072883606,0.052000001072883606,0.052000001072883606,0.052000001072883606,0
2024-01-31,0.052000001072883606,0.052000001072883606,0.052000001072883606,0.052000001072883606,0.052000001072883606,0
2024-02-01,0.052000001072883606,0.052000001072883606,0.052000001072883606,0.052000001072883606,0.052000001072883606,0
2024-02-02,0.05700000002980232,0.05700000002980232,0.05700000002980232,0.05700000002980232,0.05700000002980232,10000
2024-02-05,0.05700000002980232,0.05700000002980232,0.05700000002980232,0.05700000002980232,0.05700000002980232,0
2024-02-06,0.0560000017285347,0.0560000017285347,0.0560000017285347,0.0560000017285347,0.0560000017285347,0
2024-02-07,0.05299999937415123,0.05299999937415123,0.05299999937415123,0.0560000017285347,0.0560000017285347,80000
2024-02-08,0.05299999937415123,0.05400000140070915,0.05299999937415123,0.05400000140070915,0.05400000140070915,100000
2024-02-09,0.05400000140070915,0.05400000140070915,0.05400000140070915,0.05400000140070915,0.05400000140070915,0
2024-02-14,0.05400000140070915,0.05400000140070915,0.05400000140070915,0.05400000140070915,0.05400000140070915,0
2024-02-15,0.057999998331069946,0.057999998331069946,0.057999998331069946,0.057999998331069946,0.057999998331069946,0
2024-02-16,0.05700000002980232,0.05700000002980232,0.05700000002980232,0.05700000002980232,0.05700000002980232,0
2024-02-19,0.05700000002980232,0.05700000002980232,0.05700000002980232,0.05700000002980232,0.05700000002980232,0
2024-02-20,0.054999999701976776,0.054999999701976776,0.054999999701976776,0.054999999701976776,0.054999999701976776,0
2024-02-21,0.054999999701976776,0.054999999701976776,0.054999999701976776,0.054999999701976776,0.054999999701976776,0
2024-02-22,0.054999999701976776,0.054999999701976776,0.054999999701976776,0.054999999701976776,0.054999999701976776,0
2024-02-23,0.061000000685453415,0.061000000685453415,0.061000000685453415,0.061000000685453415,0.061000000685453415,10000
2024-02-26,0.061000000685453415,0.061000000685453415,0.061000000685453415,0.061000000685453415,0.061000000685453415,0
2024-02-27,0.061000000685453415,0.061000000685453415,0.061000000685453415,0.061000000685453415,0.061000000685453415,0
2024-02-28,0.05999999865889549,0.05999999865889549,0.05999999865889549,0.05999999865889549,0.05999999865889549,20000
2024-02-29,0.052000001072883606,0.05999999865889549,0.05999999865889549,0.05700000002980232,0.05700000002980232,20000
2024-03-01,0.05700000002980232,0.05700000002980232,0.050999999046325684,0.052000001072883606,0.052000001072883606,830000
2024-03-04,0.052000001072883606,0.052000001072883606,0.052000001072883606,0.052000001072883606,0.052000001072883606,0
2024-03-05,0.050999999046325684,0.050999999046325684,0.050999999046325684,0.050999999046325684,0.050999999046325684,0
2024-03-06,0.050999999046325684,0.050999999046325684,0.050999999046325684,0.050999999046325684,0.050999999046325684,0
2024-03-07,0.050999999046325684,0.050999999046325684,0.050999999046325684,0.050999999046325684,0.050999999046325684,0
2024-03-08,0.05299999937415123,0.054999999701976776,0.05299999937415123,0.054999999701976776,0.054999999701976776,110000
2024-03-11,0.0560000017285347,0.05299999937415123,0.05299999937415123,0.05299999937415123,0.05299999937415123,100000
2024-03-12,0.05299999937415123,0.05299999937415123,0.05299999937415123,0.05299999937415123,0.05299999937415123,0
2024-03-13,0.05299999937415123,0.05299999937415123,0.05299999937415123,0.05299999937415123,0.05299999937415123,0
2024-03-14,0.05299999937415123,0.05299999937415123,0.05299999937415123,0.05299999937415123,0.05299999937415123,90000
2024-03-15,0.050999999046325684,0.052000001072883606,0.050999999046325684,0.052000001072883606,0.052000001072883606,480000
2024-03-18,0.052000001072883606,0.052000001072883606,0.052000001072883606,0.052000001072883606,0.052000001072883606,400000
2024-03-19,0.052000001072883606,0.052000001072883606,0.052000001072883606,0.052000001072883606,0.052000001072883606,0
2024-03-20,0.05299999937415123,0.05400000140070915,0.05299999937415123,0.05400000140070915,0.05400000140070915,60000
2024-03-21,0.05299999937415123,0.05299999937415123,0.05299999937415123,0.05299999937415123,0.05299999937415123,10000
2024-03-22,0.05299999937415123,0.05299999937415123,0.05299999937415123,0.05299999937415123,0.05299999937415123,0
2024-03-25,0.05299999937415123,0.05299999937415123,0.05299999937415123,0.05299999937415123,0.05299999937415123,0
2024-03-26,0.05299999937415123,0.05299999937415123,0.05299999937415123,0.05299999937415123,0.05299999937415123,0
2024-03-27,0.05299999937415123,0.05299999937415123,0.05299999937415123,0.05299999937415123,0.05299999937415123,0
2024-03-28,0.052000001072883606,0.05400000140070915,0.052000001072883606,0.05400000140070915,0.05400000140070915,360000
2024-04-02,0.05400000140070915,0.05400000140070915,0.05400000140070915,0.05400000140070915,0.05400000140070915,0
2024-04-03,0.05400000140070915,0.05400000140070915,0.05400000140070915,0.05400000140070915,0.05400000140070915,0
2024-04-05,0.050999999046325684,0.050999999046325684,0.050999999046325684,0.050999999046325684,0.050999999046325684,180000
2024-04-08,0.050999999046325684,0.050999999046325684,0.050999999046325684,0.050999999046325684,0.050999999046325684,20000
2024-04-09,0.050999999046325684,0.050999999046325684,0.04399999976158142,0.04899999871850014,0.04899999871850014,1290000
2024-04-10,0.04899999871850014,0.04899999871850014,0.04899999871850014,0.04899999871850014,0.04899999871850014,20000
2024-04-11,0.04899999871850014,0.04899999871850014,0.04899999871850014,0.04899999871850014,0.04899999871850014,10000
2024-04-12,0.04899999871850014,0.04899999871850014,0.04899999871850014,0.04899999871850014,0.04899999871850014,0
2024-04-15,0.04899999871850014,0.04899999871850014,0.04899999871850014,0.04899999871850014,0.04899999871850014,0
2024-04-16,0.04800000041723251,0.04800000041723251,0.04800000041723251,0.04800000041723251,0.04800000041723251,0
2024-04-17,0.04800000041723251,0.04800000041723251,0.04800000041723251,0.04800000041723251,0.04800000041723251,0
2024-04-18,0.04500000178813934,0.04600000008940697,0.04100000113248825,0.04600000008940697,0.04600000008940697,1340000
2024-04-19,0.04600000008940697,0.04600000008940697,0.04600000008940697,0.04600000008940697,0.04600000008940697,110000
2024-04-22,0.04600000008940697,0.04600000008940697,0.04600000008940697,0.04600000008940697,0.04600000008940697,0
2024-04-23,0.04600000008940697,0.04600000008940697,0.04600000008940697,0.04600000008940697,0.04600000008940697,0
2024-04-24,0.04600000008940697,0.04600000008940697,0.04500000178813934,0.04500000178813934,0.04500000178813934,30000
2024-04-25,0.04500000178813934,0.04500000178813934,0.04500000178813934,0.04500000178813934,0.04500000178813934,20000
2024-04-26,0.04500000178813934,0.04500000178813934,0.04399999976158142,0.04500000178813934,0.04500000178813934,270000
2024-04-29,0.0430000014603138,0.04500000178813934,0.04500000178813934,0.04500000178813934,0.04500000178813934,210000
2024-04-30,0.04500000178813934,0.04500000178813934,0.04500000178813934,0.04500000178813934,0.04500000178813934,0
2024-05-02,0.04500000178813934,0.04500000178813934,0.04500000178813934,0.04500000178813934,0.04500000178813934,280000
2024-05-03,0.04500000178813934,0.04899999871850014,0.04500000178813934,0.04800000041723251,0.04800000041723251,170000
2024-05-06,0.04800000041723251,0.04800000041723251,0.04800000041723251,0.04800000041723251,0.04800000041723251,0
2024-05-07,0.04600000008940697,0.04600000008940697,0.04600000008940697,0.04600000008940697,0.04600000008940697,0
2024-05-08,0.04600000008940697,0.04600000008940697,0.04600000008940697,0.04600000008940697,0.04600000008940697,0
2024-05-09,0.04500000178813934,0.04500000178813934,0.04399999976158142,0.04399999976158142,0.04399999976158142,340000
2024-05-10,0.04600000008940697,0.04600000008940697,0.04600000008940697,0.04600000008940697,0.04600000008940697,0
2024-05-13,0.04699999839067459,0.04800000041723251,0.04600000008940697,0.04800000041723251,0.04800000041723251,590000
2024-05-14,0.04800000041723251,0.04800000041723251,0.04800000041723251,0.04800000041723251,0.04800000041723251,100000
2024-05-16,0.04800000041723251,0.04899999871850014,0.04800000041723251,0.04899999871850014,0.04899999871850014,150000
2024-05-17,0.04899999871850014,0.05000000074505806,0.04899999871850014,0.05000000074505806,0.05000000074505806,80000
2024-05-20,0.05000000074505806,0.05000000074505806,0.05000000074505806,0.05000000074505806,0.05000000074505806,350000
2024-05-21,0.04899999871850014,0.054999999701976776,0.04899999871850014,0.054999999701976776,0.054999999701976776,30000
2024-05-22,0.054999999701976776,0.054999999701976776,0.054999999701976776,0.054999999701976776,0.054999999701976776,0
2024-05-23,0.054999999701976776,0.054999999701976776,0.054999999701976776,0.054999999701976776,0.054999999701976776,0
2024-05-24,0.05299999937415123,0.05299999937415123,0.05299999937415123,0.05299999937415123,0.05299999937415123,0
2024-05-27,0.04800000041723251,0.04800000041723251,0.04800000041723251,0.050999999046325684,0.050999999046325684,300000
2024-05-28,0.05400000140070915,0.04800000041723251,0.04800000041723251,0.050999999046325684,0.050999999046325684,100000
2024-05-29,0.054999999701976776,0.054999999701976776,0.054999999701976776,0.054999999701976776,0.054999999701976776,0
2024-05-30,0.054999999701976776,0.054999999701976776,0.054999999701976776,0.054999999701976776,0.054999999701976776,20000
2024-05-31,0.04899999871850014,0.050999999046325684,0.04699999839067459,0.04800000041723251,0.04800000041723251,840000
2024-06-03,0.04899999871850014,0.04899999871850014,0.04899999871850014,0.04899999871850014,0.04899999871850014,50000
2024-06-04,0.04899999871850014,0.050999999046325684,0.04699999839067459,0.050999999046325684,0.050999999046325684,410000
2024-06-05,0.050999999046325684,0.050999999046325684,0.050999999046325684,0.050999999046325684,0.050999999046325684,0
2024-06-06,0.050999999046325684,0.050999999046325684,0.050999999046325684,0.050999999046325684,0.050999999046325684,40000
2024-06-07,0.050999999046325684,0.050999999046325684,0.050999999046325684,0.050999999046325684,0.050999999046325684,0
2024-06-11,0.050999999046325684,0.050999999046325684,0.050999999046325684,0.050999999046325684,0.050999999046325684,60000
2024-06-12,0.052000001072883606,0.057999998331069946,0.04800000041723251,0.04800000041723251,0.04800000041723251,820000
2024-06-13,0.04899999871850014,0.04899999871850014,0.04899999871850014,0.04899999871850014,0.04899999871850014,220000
2024-06-14,0.05000000074505806,0.05000000074505806,0.05000000074505806,0.05000000074505806,0.05000000074505806,0
2024-06-17,0.05000000074505806,0.05000000074505806,0.05000000074505806,0.05000000074505806,0.05000000074505806,0
2024-06-18,0.052000001072883606,0.052000001072883606,0.050999999046325684,0.052000001072883606,0.052000001072883606,240000
2024-06-19,0.052000001072883606,0.052000001072883606,0.052000001072883606,0.052000001072883606,0.052000001072883606,0
2024-06-20,0.052000001072883606,0.052000001072883606,0.050999999046325684,0.052000001072883606,0.052000001072883606,20000
2024-06-21,0.052000001072883606,0.052000001072883606,0.052000001072883606,0.052000001072883606,0.052000001072883606,200000
2024-06-24,0.052000001072883606,0.052000001072883606,0.052000001072883606,0.052000001072883606,0.052000001072883606,20000
2024-06-25,0.052000001072883606,0.052000001072883606,0.052000001072883606,0.052000001072883606,0.052000001072883606,0
2024-06-26,0.052000001072883606,0.052000001072883606,0.052000001072883606,0.052000001072883606,0.052000001072883606,0
2024-06-27,0.052000001072883606,0.052000001072883606,0.052000001072883606,0.052000001072883606,0.052000001072883606,0
2024-06-28,0.05000000074505806,0.05000000074505806,0.04600000008940697,0.04800000041723251,0.04800000041723251,2270000
2024-07-02,0.04800000041723251,0.04800000041723251,0.04800000041723251,0.04800000041723251,0.04800000041723251,0
2024-07-03,0.04800000041723251,0.04800000041723251,0.04699999839067459,0.04699999839067459,0.04699999839067459,120000
2024-07-04,0.04399999976158142,0.04699999839067459,0.0430000014603138,0.04699999839067459,0.04699999839067459,490000
2024-07-08,0.04899999871850014,0.052000001072883606,0.04800000041723251,0.052000001072883606,0.052000001072883606,260000
2024-07-09,0.050999999046325684,0.05400000140070915,0.04800000041723251,0.05400000140070915,0.05400000140070915,670000
2024-07-10,0.050999999046325684,0.0560000017285347,0.050999999046325684,0.05299999937415123,0.05299999937415123,80000
2024-07-11,0.054999999701976776,0.054999999701976776,0.05400000140070915,0.05400000140070915,0.05400000140070915,460000
2024-07-12,0.05299999937415123,0.05299999937415123,0.05299999937415123,0.05299999937415123,0.05299999937415123,610000
2024-07-15,0.052000001072883606,0.052000001072883606,0.052000001072883606,0.052000001072883606,0.052000001072883606,50000
2024-07-16,0.052000001072883606,0.052000001072883606,0.052000001072883606,0.052000001072883606,0.052000001072883606,30000
2024-07-17,0.04899999871850014,0.05700000002980232,0.04699999839067459,0.0560000017285347,0.0560000017285347,240000
2024-07-18,0.057999998331069946,0.057999998331069946,0.057999998331069946,0.057999998331069946,0.057999998331069946,0
2024-07-19,0.057999998331069946,0.057999998331069946,0.0560000017285347,0.0560000017285347,0.0560000017285347,70000
2024-07-22,0.0560000017285347,0.0560000017285347,0.0560000017285347,0.0560000017285347,0.0560000017285347,0
2024-07-23,0.0560000017285347,0.0560000017285347,0.0560000017285347,0.0560000017285347,0.0560000017285347,0
2024-07-24,0.0560000017285347,0.0560000017285347,0.0560000017285347,0.0560000017285347,0.0560000017285347,0
2024-07-25,0.0560000017285347,0.0560000017285347,0.0560000017285347,0.0560000017285347,0.0560000017285347,0
2024-07-26,0.0560000017285347,0.0560000017285347,0.0560000017285347,0.0560000017285347,0.0560000017285347,0
2024-07-29,0.0560000017285347,0.0560000017285347,0.0560000017285347,0.0560000017285347,0.0560000017285347,0
2024-07-30,0.0560000017285347,0.0560000017285347,0.0560000017285347,0.0560000017285347,0.0560000017285347,310000
2024-07-31,0.0560000017285347,0.0560000017285347,0.0560000017285347,0.0560000017285347,0.0560000017285347,0
2024-08-01,0.0560000017285347,0.0560000017285347,0.0560000017285347,0.0560000017285347,0.0560000017285347,0
2024-08-02,0.0560000017285347,0.0560000017285347,0.0560000017285347,0.0560000017285347,0.0560000017285347,0
2024-08-05,0.05000000074505806,0.05000000074505806,0.04699999839067459,0.04699999839067459,0.04699999839067459,450000
2024-08-06,0.04699999839067459,0.04699999839067459,0.04699999839067459,0.04699999839067459,0.04699999839067459,120000
2024-08-07,0.04699999839067459,0.04699999839067459,0.04500000178813934,0.04699999839067459,0.04699999839067459,570000
2024-08-08,0.04800000041723251,0.04800000041723251,0.04800000041723251,0.04800000041723251,0.04800000041723251,80000
2024-08-09,0.04600000008940697,0.04600000008940697,0.04600000008940697,0.04600000008940697,0.04600000008940697,200000
2024-08-12,0.04600000008940697,0.04600000008940697,0.04600000008940697,0.04600000008940697,0.04600000008940697,0
2024-08-13,0.04600000008940697,0.04600000008940697,0.04600000008940697,0.04600000008940697,0.04600000008940697,220000
2024-08-14,0.04600000008940697,0.04600000008940697,0.04600000008940697,0.04600000008940697,0.04600000008940697,0
2024-08-15,0.04899999871850014,0.04899999871850014,0.04899999871850014,0.04899999871850014,0.04899999871850014,0
2024-08-16,0.04899999871850014,0.04899999871850014,0.04899999871850014,0.04899999871850014,0.04899999871850014,0
2024-08-19,0.04899999871850014,0.04899999871850014,0.04899999871850014,0.04899999871850014,0.04899999871850014,0
2024-08-20,0.04800000041723251,0.04800000041723251,0.04800000041723251,0.04800000041723251,0.04800000041723251,10000
2024-08-21,0.04800000041723251,0.04800000041723251,0.04800000041723251,0.04800000041723251,0.04800000041723251,0
2024-08-22,0.04800000041723251,0.04800000041723251,0.04800000041723251,0.04800000041723251,0.04800000041723251,0
2024-08-23,0.04600000008940697,0.04600000008940697,0.04600000008940697,0.04600000008940697,0.04600000008940697,0
2024-08-26,0.04500000178813934,0.04500000178813934,0.04500000178813934,0.04500000178813934,0.04500000178813934,1640000
2024-08-27,0.04500000178813934,0.04500000178813934,0.04500000178813934,0.04500000178813934,0.04500000178813934,0
2024-08-28,0.04500000178813934,0.04500000178813934,0.04500000178813934,0.04500000178813934,0.04500000178813934,0
2024-08-29,0.04500000178813934,0.04500000178813934,0.04500000178813934,0.04800000041723251,0.04800000041723251,180000
2024-08-30,0.04600000008940697,0.04600000008940697,0.04600000008940697,0.04600000008940697,0.04600000008940697,60000
2024-09-02,0.04600000008940697,0.04600000008940697,0.04600000008940697,0.04600000008940697,0.04600000008940697,0
2024-09-03,0.04399999976158142,0.04600000008940697,0.04399999976158142,0.04600000008940697,0.04600000008940697,30000
2024-09-04,0.04399999976158142,0.04600000008940697,0.04100000113248825,0.0430000014603138,0.0430000014603138,1370000
2024-09-05,0.0430000014603138,0.0430000014603138,0.0430000014603138,0.0430000014603138,0.0430000014603138,0
2024-09-09,0.04399999976158142,0.04399999976158142,0.0430000014603138,0.04399999976158142,0.04399999976158142,370000
2024-09-10,0.04699999839067459,0.05299999937415123,0.04699999839067459,0.04899999871850014,0.04899999871850014,510000
2024-09-11,0.04699999839067459,0.04699999839067459,0.04600000008940697,0.04600000008940697,0.04600000008940697,280000
2024-09-12,0.04899999871850014,0.04899999871850014,0.04899999871850014,0.04899999871850014,0.04899999871850014,0
2024-09-13,0.04699999839067459,0.04699999839067459,0.04699999839067459,0.04699999839067459,0.04699999839067459,0
2024-09-16,0.04500000178813934,0.04500000178813934,0.04500000178813934,0.04500000178813934,0.04500000178813934,300000
2024-09-17,0.04699999839067459,0.04699999839067459,0.04699999839067459,0.04699999839067459,0.04699999839067459,120000
2024-09-19,0.04699999839067459,0.04699999839067459,0.04500000178813934,0.04699999839067459,0.04699999839067459,100000
2024-09-20,0.04399999976158142,0.04800000041723251,0.04399999976158142,0.04800000041723251,0.04800000041723251,100000
2024-09-23,0.04500000178813934,0.04699999839067459,0.04399999976158142,0.04699999839067459,0.04699999839067459,170000
2024-09-24,0.04699999839067459,0.04699999839067459,0.04699999839067459,0.04699999839067459,0.04699999839067459,0
2024-09-25,0.0430000014603138,0.04399999976158142,0.03500000014901161,0.04399999976158142,0.04399999976158142,36330000
2024-09-26,0.04399999976158142,0.04500000178813934,0.03999999910593033,0.04500000178813934,0.04500000178813934,2950000
2024-09-27,0.04500000178813934,0.04500000178813934,0.041999999433755875,0.0430000014603138,0.0430000014603138,1280000
2024-09-30,0.0430000014603138,0.04800000041723251,0.0430000014603138,0.04800000041723251,0.04800000041723251,360000
2024-10-02,0.04800000041723251,0.05299999937415123,0.04800000041723251,0.05299999937415123,0.05299999937415123,970000
2024-10-03,0.05900000035762787,0.05900000035762787,0.05299999937415123,0.057999998331069946,0.057999998331069946,200000
2024-10-04,0.057999998331069946,0.057999998331069946,0.057999998331069946,0.057999998331069946,0.057999998331069946,90000
2024-10-07,0.057999998331069946,0.057999998331069946,0.057999998331069946,0.057999998331069946,0.057999998331069946,230000
2024-10-08,0.05900000035762787,0.05900000035762787,0.050999999046325684,0.052000001072883606,0.052000001072883606,1030000
