Date,Open,High,Low,Close,Adj Close,Volume
1984-08-24,0.0,2.5625,2.46875,2.46875,0.8518778085708618,800
1984-08-27,2.46875,2.46875,2.46875,2.46875,0.8518778085708618,0
1984-08-28,0.0,2.5625,2.5,2.5,0.8626609444618225,9600
1984-08-29,0.0,2.6875,2.625,2.625,0.9057936668395996,477600
1984-08-30,0.0,2.71875,2.65625,2.65625,0.9165773987770081,12800
1984-08-31,0.0,2.75,2.65625,2.65625,0.9165773987770081,3200
1984-09-04,0.0,2.75,2.65625,2.65625,0.9165773987770081,68800
1984-09-05,0.0,2.71875,2.65625,2.65625,0.9165773987770081,31200
1984-09-06,0.0,2.75,2.65625,2.65625,0.9165773987770081,729600
1984-09-07,2.6875,2.75,2.6875,2.6875,0.9273607134819031,170400
1984-09-10,2.6875,2.75,2.6875,2.6875,0.9273607134819031,107200
1984-09-11,2.6875,2.75,2.6875,2.6875,0.9273607134819031,4800
1984-09-12,2.6875,2.75,2.6875,2.6875,0.9273607134819031,10400
1984-09-13,2.6875,2.75,2.6875,2.6875,0.9273607134819031,31200
1984-09-14,2.6875,2.75,2.6875,2.6875,0.9273607134819031,12000
1984-09-17,2.71875,2.78125,2.71875,2.71875,0.9381434917449951,25600
1984-09-18,2.71875,2.8125,2.71875,2.71875,0.9381434917449951,108800
1984-09-19,2.71875,2.8125,2.71875,2.71875,0.9381434917449951,40000
1984-09-20,2.71875,2.78125,2.71875,2.71875,0.9381434917449951,81600
1984-09-21,3.03125,3.09375,3.03125,3.03125,1.0459765195846558,404800
1984-09-24,3.03125,3.09375,3.03125,3.03125,1.0459765195846558,104000
1984-09-25,3.03125,3.09375,3.03125,3.03125,1.0459765195846558,60000
1984-09-26,3.03125,3.09375,3.03125,3.03125,1.0459765195846558,41600
1984-09-27,3.03125,3.09375,3.03125,3.03125,1.0459765195846558,12000
1984-09-28,3.03125,3.09375,3.03125,3.03125,1.0459765195846558,29600
1984-10-01,3.03125,3.09375,3.03125,3.03125,1.0459765195846558,187200
1984-10-02,3.0625,3.125,3.0625,3.0625,1.0567598342895508,16800
1984-10-03,3.0625,3.125,3.0625,3.0625,1.0567598342895508,10400
1984-10-04,3.0625,3.125,3.0625,3.0625,1.0567598342895508,200000
1984-10-05,3.0625,3.0625,3.0625,3.0625,1.0567598342895508,0
1984-10-08,3.0625,3.0625,3.0625,3.0625,1.0567598342895508,0
1984-10-09,3.0625,3.125,3.0625,3.0625,1.0567598342895508,800
1984-10-10,3.0625,3.09375,3.0625,3.0625,1.0567598342895508,5600
1984-10-11,3.0625,3.09375,3.0625,3.0625,1.0567598342895508,18400
1984-10-12,3.0625,3.09375,3.0625,3.0625,1.0567598342895508,2400
1984-10-15,3.09375,3.15625,3.09375,3.09375,1.0675429105758667,10400
1984-10-16,3.09375,3.15625,3.09375,3.09375,1.0675429105758667,800
1984-10-17,3.125,3.1875,3.125,3.125,1.0783265829086304,32000
1984-10-18,3.125,3.1875,3.125,3.125,1.0783265829086304,14400
1984-10-19,3.125,3.125,3.125,3.125,1.0783265829086304,0
1984-10-22,3.125,3.1875,3.125,3.125,1.0783265829086304,3200
1984-10-23,3.15625,3.21875,3.15625,3.15625,1.0891090631484985,9600
1984-10-24,3.25,3.3125,3.25,3.25,1.1214590072631836,336800
1984-10-25,3.34375,3.40625,3.34375,3.34375,1.153808832168579,363200
1984-10-26,3.3125,3.3125,3.25,3.25,1.1214590072631836,142400
1984-10-29,3.25,3.28125,3.21875,3.21875,1.1106759309768677,20000
1984-10-30,3.21875,3.3125,3.21875,3.21875,1.1106759309768677,60800
1984-10-31,3.25,3.3125,3.25,3.25,1.1214590072631836,235200
1984-11-01,3.28125,3.34375,3.28125,3.28125,1.1322423219680786,4000
1984-11-02,3.28125,3.34375,3.28125,3.28125,1.1322423219680786,13600
1984-11-05,3.28125,3.34375,3.28125,3.28125,1.1322423219680786,4000
1984-11-06,3.28125,3.34375,3.28125,3.28125,1.1322423219680786,4000
1984-11-07,3.3125,3.34375,3.3125,3.3125,1.1430258750915527,28000
1984-11-08,3.375,3.4375,3.375,3.375,1.1645925045013428,448800
1984-11-09,3.375,3.40625,3.34375,3.34375,1.153808832168579,28000
1984-11-12,3.34375,3.40625,3.34375,3.34375,1.153808832168579,336000
1984-11-13,3.34375,3.40625,3.34375,3.34375,1.153808832168579,443200
1984-11-14,3.375,3.40625,3.375,3.375,1.1645925045013428,132000
1984-11-15,3.375,3.40625,3.375,3.375,1.1645925045013428,10400
1984-11-16,3.375,3.40625,3.375,3.375,1.1645925045013428,12800
1984-11-19,3.375,3.4375,3.375,3.375,1.1645925045013428,99200
1984-11-20,3.40625,3.46875,3.40625,3.40625,1.1753753423690796,130400
1984-11-21,3.40625,3.46875,3.40625,3.40625,1.1753753423690796,15200
1984-11-23,3.40625,3.46875,3.40625,3.40625,1.1753753423690796,3200
1984-11-26,3.40625,3.46875,3.40625,3.40625,1.1753753423690796,98400
1984-11-27,3.40625,3.46875,3.40625,3.40625,1.1753753423690796,16000
1984-11-28,3.40625,3.46875,3.40625,3.40625,1.1753753423690796,13600
1984-11-29,3.40625,3.46875,3.40625,3.40625,1.1753753423690796,122400
1984-11-30,3.40625,3.46875,3.40625,3.40625,1.1753753423690796,40000
1984-12-03,3.40625,3.4375,3.40625,3.40625,1.1753753423690796,800
1984-12-04,3.40625,3.4375,3.40625,3.40625,1.1753753423690796,20000
1984-12-05,3.40625,3.4375,3.40625,3.40625,1.1753753423690796,76800
1984-12-06,3.40625,3.4375,3.40625,3.40625,1.1753753423690796,80000
1984-12-07,3.40625,3.4375,3.40625,3.40625,1.1753753423690796,4000
1984-12-10,3.40625,3.4375,3.40625,3.40625,1.1753753423690796,16000
1984-12-11,3.40625,3.46875,3.40625,3.40625,1.1753753423690796,659200
1984-12-12,3.40625,3.46875,3.40625,3.40625,1.1753753423690796,3200
1984-12-13,3.40625,3.46875,3.40625,3.40625,1.1753753423690796,12000
1984-12-14,3.40625,3.46875,3.40625,3.40625,1.1753753423690796,4000
1984-12-17,3.40625,3.46875,3.40625,3.40625,1.1753753423690796,800
1984-12-18,3.46875,3.53125,3.46875,3.46875,1.1969428062438965,31200
1984-12-19,3.46875,3.5625,3.46875,3.46875,1.1969428062438965,12800
1984-12-20,3.5,3.5625,3.5,3.5,1.2077258825302124,16000
1984-12-21,3.5,3.5625,3.5,3.5,1.2077258825302124,31200
1984-12-24,3.5,3.5,3.5,3.5,1.2077258825302124,0
1984-12-26,3.5,3.5625,3.5,3.5,1.2077258825302124,20000
1984-12-27,3.5,3.59375,3.5,3.5,1.2077258825302124,4000
1984-12-28,3.5625,3.625,3.5625,3.5625,1.229291558265686,30400
1984-12-31,3.71875,3.78125,3.71875,3.71875,1.2832081317901611,64000
1985-01-02,3.71875,3.8125,3.71875,3.71875,1.2832081317901611,4800
1985-01-03,3.75,3.8125,3.75,3.75,1.2939915657043457,177600
1985-01-04,3.75,3.8125,3.75,3.75,1.2939915657043457,41600
1985-01-07,3.75,3.78125,3.75,3.75,1.2939915657043457,124000
1985-01-08,3.75,3.78125,3.75,3.75,1.2939915657043457,95200
1985-01-09,3.75,3.78125,3.71875,3.71875,1.2832081317901611,68000
1985-01-10,3.71875,3.78125,3.6875,3.6875,1.2724244594573975,73600
1985-01-11,3.71875,3.75,3.71875,3.71875,1.2832081317901611,23200
1985-01-14,3.71875,3.78125,3.71875,3.71875,1.2832081317901611,90400
1985-01-15,3.71875,3.78125,3.71875,3.71875,1.2832081317901611,32800
1985-01-16,3.71875,3.78125,3.71875,3.71875,1.2832081317901611,101600
1985-01-17,3.71875,3.78125,3.71875,3.71875,1.2832081317901611,65600
1985-01-18,3.75,3.8125,3.75,3.75,1.2939915657043457,58400
1985-01-21,3.78125,3.84375,3.78125,3.78125,1.304774522781372,226400
1985-01-22,3.8125,3.875,3.8125,3.8125,1.3155580759048462,64000
1985-01-23,3.8125,3.875,3.8125,3.8125,1.3155580759048462,92000
1985-01-24,3.8125,3.90625,3.8125,3.8125,1.3155580759048462,44000
1985-01-25,3.8125,3.90625,3.8125,3.8125,1.3155580759048462,10400
1985-01-28,3.875,3.90625,3.875,3.875,1.337124228477478,104800
1985-01-29,3.875,3.9375,3.875,3.875,1.337124228477478,91200
1985-01-30,4.0625,4.125,4.0625,4.0625,1.4018239974975586,127200
1985-01-31,4.1875,4.25,4.1875,4.1875,1.4449567794799805,164000
1985-02-01,4.4375,4.5,4.4375,4.4375,1.5312225818634033,80800
1985-02-04,4.8125,4.875,4.8125,4.8125,1.660622239112854,380800
1985-02-05,4.8125,4.875,4.8125,4.8125,1.660622239112854,82400
1985-02-06,4.6875,4.6875,4.65625,4.65625,1.6067057847976685,80000
1985-02-07,4.65625,4.65625,4.625,4.625,1.5959223508834839,24800
1985-02-08,4.625,4.71875,4.625,4.625,1.5959223508834839,64800
1985-02-11,4.625,4.71875,4.625,4.625,1.5959223508834839,800
1985-02-12,4.625,4.6875,4.625,4.625,1.5959223508834839,128000
1985-02-13,4.625,4.6875,4.625,4.625,1.5959223508834839,245600
1985-02-14,4.65625,4.71875,4.65625,4.65625,1.6067057847976685,11200
1985-02-15,4.65625,4.71875,4.65625,4.65625,1.6067057847976685,16000
1985-02-19,4.65625,4.71875,4.65625,4.65625,1.6067057847976685,1600
1985-02-20,4.65625,4.71875,4.65625,4.65625,1.6067057847976685,2400
1985-02-21,4.65625,4.6875,4.625,4.625,1.5959223508834839,8000
1985-02-22,4.625,4.6875,4.625,4.625,1.5959223508834839,216800
1985-02-25,4.625,4.625,4.5625,4.5625,1.5743564367294312,114400
1985-02-26,4.59375,4.65625,4.59375,4.59375,1.5851391553878784,580800
1985-02-27,4.59375,4.65625,4.59375,4.59375,1.5851391553878784,181600
1985-02-28,4.59375,4.65625,4.59375,4.59375,1.5851391553878784,97600
1985-03-01,4.625,4.6875,4.625,4.625,1.5959223508834839,44000
1985-03-04,4.625,4.71875,4.625,4.625,1.5959223508834839,2400
1985-03-05,4.625,4.71875,4.625,4.625,1.5959223508834839,80800
1985-03-06,4.625,4.71875,4.625,4.625,1.5959223508834839,8800
1985-03-07,4.625,4.71875,4.625,4.625,1.5959223508834839,5600
1985-03-08,4.625,4.71875,4.625,4.625,1.5959223508834839,4800
1985-03-11,4.71875,4.8125,4.71875,4.71875,1.628272294998169,55200
1985-03-12,4.75,4.8125,4.75,4.75,1.6390554904937744,47200
1985-03-13,4.75,4.78125,4.71875,4.71875,1.628272294998169,11200
1985-03-14,4.71875,4.78125,4.71875,4.71875,1.628272294998169,25600
1985-03-15,4.71875,4.78125,4.71875,4.71875,1.628272294998169,84800
1985-03-18,4.71875,4.78125,4.71875,4.71875,1.628272294998169,4800
1985-03-19,4.71875,4.78125,4.71875,4.71875,1.628272294998169,25600
1985-03-20,4.71875,4.78125,4.6875,4.6875,1.6174887418746948,7200
1985-03-21,4.6875,4.78125,4.6875,4.6875,1.6174887418746948,1600
1985-03-22,4.6875,4.75,4.6875,4.6875,1.6174887418746948,11200
1985-03-25,4.6875,4.71875,4.625,4.625,1.5959223508834839,10400
1985-03-26,4.625,4.71875,4.625,4.625,1.5959223508834839,28000
1985-03-27,4.625,4.6875,4.625,4.625,1.5959223508834839,8000
1985-03-28,4.625,4.65625,4.59375,4.59375,1.5851391553878784,37600
1985-03-29,4.59375,4.65625,4.59375,4.59375,1.5851391553878784,60800
1985-04-01,4.59375,4.65625,4.5625,4.5625,1.5743564367294312,2400
1985-04-02,4.5625,4.65625,4.5625,4.5625,1.5743564367294312,80800
1985-04-03,4.5625,4.65625,4.5625,4.5625,1.5743564367294312,42400
1985-04-04,4.5625,4.625,4.5625,4.5625,1.5743564367294312,28000
1985-04-08,4.5625,4.625,4.5625,4.5625,1.5743564367294312,24000
1985-04-09,4.5625,4.625,4.5625,4.5625,1.5743564367294312,106400
1985-04-10,4.5625,4.625,4.5625,4.5625,1.5743564367294312,3200
1985-04-11,4.5625,4.65625,4.5625,4.5625,1.5743564367294312,109600
1985-04-12,4.59375,4.65625,4.59375,4.59375,1.5851391553878784,40800
1985-04-15,4.59375,4.65625,4.59375,4.59375,1.5851391553878784,21600
1985-04-16,4.65625,4.71875,4.65625,4.65625,1.6067057847976685,108800
1985-04-17,4.75,4.8125,4.75,4.75,1.6390554904937744,13600
1985-04-18,4.8125,4.875,4.8125,4.8125,1.660622239112854,32000
1985-04-19,4.8125,4.90625,4.8125,4.8125,1.660622239112854,144000
1985-04-22,4.8125,4.875,4.8125,4.8125,1.660622239112854,19200
1985-04-23,4.8125,4.90625,4.8125,4.8125,1.660622239112854,67200
1985-04-24,4.875,4.9375,4.875,4.875,1.6821891069412231,58400
1985-04-25,5.0625,5.15625,5.0625,5.0625,1.746888518333435,150400
1985-04-26,5.1875,5.25,5.1875,5.1875,1.7900222539901733,81600
1985-04-29,5.25,5.3125,5.25,5.25,1.8115873336791992,40000
1985-04-30,5.21875,5.21875,5.1875,5.1875,1.7900222539901733,32000
1985-05-01,5.1875,5.25,5.1875,5.1875,1.7900222539901733,150400
1985-05-02,5.1875,5.25,5.1875,5.1875,1.7900222539901733,36000
1985-05-03,5.1875,5.25,5.1875,5.1875,1.7900222539901733,22400
1985-05-06,5.1875,5.25,5.1875,5.1875,1.7900222539901733,20000
1985-05-07,5.21875,5.28125,5.21875,5.21875,1.8008052110671997,3200
1985-05-08,5.21875,5.3125,5.21875,5.21875,1.8008052110671997,48000
1985-05-09,5.34375,5.40625,5.34375,5.34375,1.8439381122589111,44800
1985-05-10,5.34375,5.4375,5.34375,5.34375,1.8439381122589111,32800
1985-05-13,5.34375,5.4375,5.34375,5.34375,1.8439381122589111,800
1985-05-14,5.34375,5.4375,5.34375,5.34375,1.8439381122589111,21600
1985-05-15,5.34375,5.4375,5.34375,5.34375,1.8439381122589111,800
1985-05-16,5.34375,5.4375,5.34375,5.34375,1.8439381122589111,8000
1985-05-17,5.34375,5.4375,5.34375,5.34375,1.8439381122589111,1600
1985-05-20,5.34375,5.4375,5.34375,5.34375,1.8439381122589111,4000
1985-05-21,5.34375,5.4375,5.34375,5.34375,1.8439381122589111,18400
1985-05-22,5.375,5.4375,5.375,5.375,1.8547214269638062,29600
1985-05-23,5.40625,5.46875,5.40625,5.40625,1.865504503250122,47200
1985-05-24,5.40625,5.4375,5.40625,5.40625,1.865504503250122,8000
1985-05-28,5.4375,5.46875,5.4375,5.4375,1.8762869834899902,2400
1985-05-29,5.4375,5.5,5.4375,5.4375,1.8762869834899902,25600
1985-05-30,5.46875,5.53125,5.46875,5.46875,1.8870710134506226,21600
1985-05-31,5.46875,5.46875,5.46875,5.46875,1.8870710134506226,0
1985-06-03,5.53125,5.59375,5.53125,5.53125,1.908638596534729,94400
1985-06-04,5.59375,5.59375,5.59375,5.59375,1.9302031993865967,1600
1985-06-05,5.59375,5.59375,5.59375,5.59375,1.9302031993865967,4000
1985-06-06,5.59375,5.59375,5.53125,5.53125,1.908638596534729,7200
1985-06-07,5.53125,5.625,5.515625,5.515625,1.9032458066940308,52800
1985-06-10,5.53125,5.59375,5.53125,5.53125,1.908638596534729,32800
1985-06-11,5.59375,5.59375,5.59375,5.59375,1.9302031993865967,52800
1985-06-12,5.59375,5.59375,5.546875,5.546875,1.9140286445617676,179200
1985-06-13,5.5625,5.5625,5.5625,5.5625,1.9194210767745972,68000
1985-06-14,5.5625,5.5625,5.5625,5.5625,1.9194210767745972,55200
1985-06-17,5.53125,5.53125,5.53125,5.53125,1.908638596534729,1600
1985-06-18,5.59375,5.59375,5.59375,5.59375,1.9302031993865967,800
1985-06-19,5.5625,5.5625,5.5,5.5,1.897854208946228,76800
1985-06-20,5.5,5.53125,5.5,5.5,1.897854208946228,31200
1985-06-21,5.5,5.5,5.5,5.5,1.897854208946228,13600
1985-06-24,5.40625,5.40625,5.40625,5.40625,1.865504503250122,15200
1985-06-25,5.3125,5.3125,5.25,5.25,1.8115873336791992,26400
1985-06-26,5.25,5.3125,5.21875,5.21875,1.8008052110671997,57600
1985-06-27,5.21875,5.25,5.15625,5.15625,1.779237151145935,71200
1985-06-28,5.15625,5.1875,5.125,5.125,1.7684553861618042,85600
1985-07-01,5.125,5.1875,5.125,5.125,1.7684553861618042,16800
1985-07-02,5.21875,5.21875,5.21875,5.21875,1.8008052110671997,36000
1985-07-03,5.21875,5.21875,5.21875,5.21875,1.8008052110671997,41600
1985-07-05,5.21875,5.21875,5.15625,5.15625,1.779237151145935,4800
1985-07-08,5.21875,5.21875,5.21875,5.21875,1.8008052110671997,3200
1985-07-09,5.21875,5.21875,5.1875,5.1875,1.7900222539901733,392800
1985-07-10,5.15625,5.15625,5.15625,5.15625,1.779237151145935,800
1985-07-11,5.15625,5.15625,5.15625,5.15625,1.779237151145935,12000
1985-07-12,5.15625,5.15625,5.15625,5.15625,1.779237151145935,4000
1985-07-15,5.15625,5.21875,5.15625,5.15625,1.779237151145935,4800
1985-07-16,5.1875,5.21875,5.1875,5.1875,1.7900222539901733,127200
1985-07-17,5.21875,5.21875,5.21875,5.21875,1.8008052110671997,182400
1985-07-18,5.25,5.25,5.25,5.25,1.8115873336791992,121600
1985-07-19,5.25,5.25,5.09375,5.09375,1.7576724290847778,68800
1985-07-22,5.09375,5.09375,4.96875,4.96875,1.7145392894744873,42400
1985-07-23,5.0,5.03125,5.0,5.0,1.725321888923645,8000
1985-07-24,5.0,5.0,4.84375,4.84375,1.6714057922363281,43200
1985-07-25,4.78125,4.78125,4.75,4.75,1.6390554904937744,19200
1985-07-26,4.78125,4.84375,4.78125,4.78125,1.6498394012451172,305600
1985-07-29,4.875,4.875,4.875,4.875,1.6821891069412231,11200
1985-07-30,4.875,4.875,4.875,4.875,1.6821891069412231,0
1985-07-31,4.875,4.875,4.875,4.875,1.6821891069412231,32000
1985-08-01,4.875,4.875,4.875,4.875,1.6821891069412231,11200
1985-08-02,4.84375,4.84375,4.84375,4.84375,1.6714057922363281,20000
1985-08-05,4.84375,4.84375,4.84375,4.84375,1.6714057922363281,4000
1985-08-06,4.875,4.90625,4.875,4.875,1.6821891069412231,87200
1985-08-07,4.875,4.875,4.84375,4.84375,1.6714057922363281,8800
1985-08-08,4.84375,4.90625,4.84375,4.84375,1.6714057922363281,8000
1985-08-09,4.90625,4.90625,4.90625,4.90625,1.6929715871810913,800
1985-08-12,4.84375,4.84375,4.84375,4.84375,1.6714057922363281,1600
1985-08-13,4.84375,4.90625,4.84375,4.84375,1.6714057922363281,17600
1985-08-14,4.90625,4.90625,4.90625,4.90625,1.6929715871810913,800
1985-08-15,4.90625,4.90625,4.890625,4.890625,1.6875807046890259,616000
1985-08-16,4.875,4.875,4.875,4.875,1.6821891069412231,205600
1985-08-19,4.90625,4.90625,4.90625,4.90625,1.6929715871810913,9600
1985-08-20,4.90625,4.9375,4.90625,4.90625,1.6929715871810913,52800
1985-08-21,4.90625,4.9375,4.90625,4.90625,1.6929715871810913,18400
1985-08-22,4.90625,4.90625,4.90625,4.90625,1.6929715871810913,7200
1985-08-23,4.875,4.875,4.84375,4.84375,1.6714057922363281,5600
1985-08-26,4.84375,4.875,4.78125,4.78125,1.6498394012451172,52800
1985-08-27,4.78125,4.78125,4.78125,4.78125,1.6498394012451172,2400
1985-08-28,4.78125,4.875,4.78125,4.78125,1.6498394012451172,72000
1985-08-29,4.78125,4.78125,4.78125,4.78125,1.6498394012451172,0
1985-08-30,4.78125,4.875,4.78125,4.78125,1.6498394012451172,5600
1985-09-03,4.875,4.875,4.875,4.875,1.6821891069412231,4800
1985-09-04,4.84375,4.84375,4.84375,4.84375,1.6714057922363281,240000
1985-09-05,4.78125,4.78125,4.78125,4.78125,1.6498394012451172,44000
1985-09-06,4.8125,4.8125,4.8125,4.8125,1.660622239112854,5600
1985-09-09,4.8125,4.8125,4.65625,4.65625,1.6067057847976685,48800
1985-09-10,4.75,4.75,4.75,4.75,1.6390554904937744,35200
1985-09-11,4.75,4.78125,4.734375,4.734375,1.633664608001709,32800
1985-09-12,4.78125,4.78125,4.78125,4.78125,1.6498394012451172,1600
1985-09-13,4.6875,4.6875,4.625,4.625,1.5959223508834839,213600
1985-09-16,4.625,4.625,4.59375,4.59375,1.5851391553878784,24800
1985-09-17,4.5625,4.5625,4.5625,4.5625,1.5743564367294312,8000
1985-09-18,4.53125,4.53125,4.53125,4.53125,1.5635730028152466,12000
1985-09-19,4.46875,4.46875,4.46875,4.46875,1.5420067310333252,800
1985-09-20,4.46875,4.53125,4.46875,4.46875,1.5420067310333252,245600
1985-09-23,4.46875,4.53125,4.46875,4.46875,1.5420067310333252,8800
1985-09-24,4.46875,4.46875,4.40625,4.40625,1.5204393863677979,171200
1985-09-25,4.375,4.375,4.375,4.375,1.5096572637557983,682400
1985-09-26,4.34375,4.34375,4.296875,4.296875,1.4826987981796265,164000
1985-09-30,4.3125,4.34375,4.3125,4.3125,1.4880907535552979,400000
1985-10-01,4.328125,4.328125,4.328125,4.328125,1.4934812784194946,36800
1985-10-02,4.328125,4.375,4.3125,4.3125,1.4880907535552979,52800
1985-10-03,4.34375,4.375,4.34375,4.34375,1.4988735914230347,196000
1985-10-04,4.34375,4.34375,4.34375,4.34375,1.4988735914230347,0
1985-10-07,4.34375,4.34375,4.3125,4.3125,1.4880907535552979,4800
1985-10-08,4.3125,4.3125,4.3125,4.3125,1.4880907535552979,800
1985-10-09,4.375,4.375,4.375,4.375,1.5096572637557983,5600
1985-10-10,4.375,4.375,4.375,4.375,1.5096572637557983,8800
1985-10-11,4.4375,4.4375,4.4375,4.4375,1.5312225818634033,24000
1985-10-14,4.4375,4.5,4.4375,4.4375,1.5312225818634033,56000
1985-10-15,4.640625,4.65625,4.640625,4.640625,1.601313591003418,190400
1985-10-16,4.96875,4.96875,4.96875,4.96875,1.7145392894744873,179200
1985-10-17,5.15625,5.25,5.15625,5.15625,1.779237151145935,389600
1985-10-18,5.1875,5.28125,5.1875,5.1875,1.7900222539901733,32000
1985-10-21,5.1875,5.28125,5.1875,5.1875,1.7900222539901733,56000
1985-10-22,5.3125,5.3125,5.3125,5.3125,1.8331547975540161,143200
1985-10-23,5.3125,5.34375,5.3125,5.3125,1.8331547975540161,205600
1985-10-24,5.3125,5.3125,5.3125,5.3125,1.8331547975540161,240800
1985-10-25,5.3125,5.3125,5.3125,5.3125,1.8331547975540161,40800
1985-10-28,5.28125,5.28125,5.28125,5.28125,1.8223718404769897,34400
1985-10-29,5.28125,5.3125,5.21875,5.21875,1.8008052110671997,84800
1985-10-30,5.28125,5.28125,5.28125,5.28125,1.8223718404769897,279200
1985-10-31,5.28125,5.28125,5.1875,5.1875,1.7900222539901733,99200
1985-11-01,5.25,5.265625,5.25,5.25,1.8115873336791992,260000
1985-11-04,5.25,5.28125,5.21875,5.21875,1.8008052110671997,44800
1985-11-05,5.25,5.28125,5.25,5.25,1.8115873336791992,79200
1985-11-06,5.5625,5.6875,5.5625,5.5625,1.9194210767745972,284800
1985-11-07,5.75,5.75,5.75,5.75,1.9841201305389404,28800
1985-11-08,5.78125,5.8125,5.78125,5.78125,1.994903326034546,12000
1985-11-11,6.0625,6.0625,6.0625,6.0625,2.0919530391693115,68800
1985-11-12,6.125,6.25,6.125,6.125,2.1135196685791016,196000
1985-11-13,6.125,6.15625,6.125,6.125,2.1135196685791016,16000
1985-11-14,6.09375,6.09375,6.09375,6.09375,2.1027348041534424,18400
1985-11-15,6.09375,6.09375,6.03125,6.03125,2.081169605255127,68800
1985-11-18,6.03125,6.03125,5.96875,5.96875,2.059602737426758,40800
1985-11-19,5.96875,6.03125,5.9375,5.9375,2.0488197803497314,217600
1985-11-20,5.9375,6.03125,5.875,5.875,2.0272538661956787,67200
1985-11-21,5.875,5.90625,5.8125,5.8125,2.0056865215301514,572000
1985-11-22,5.8125,5.90625,5.8125,5.8125,2.0056865215301514,898400
1985-11-25,5.8125,5.90625,5.8125,5.90625,2.0380373001098633,135200
1985-11-26,5.90625,5.90625,5.90625,5.90625,2.0380373001098633,1600
1985-11-27,5.9375,5.9375,5.9375,5.9375,2.0488197803497314,4800
1985-11-29,5.9375,6.0,5.90625,5.90625,2.0380373001098633,48000
1985-12-02,6.0,6.0,6.0,6.0,2.0703868865966797,8000
1985-12-03,6.0,6.0,5.90625,6.0,2.0703868865966797,9600
1985-12-04,6.0,6.03125,5.9375,6.03125,2.081169605255127,7200
1985-12-05,6.03125,6.03125,5.9375,6.03125,2.081169605255127,24000
1985-12-06,6.03125,6.03125,5.9375,5.953125,2.0542118549346924,80800
1985-12-09,5.953125,6.03125,5.9375,6.03125,2.081169605255127,104800
1985-12-10,6.03125,6.03125,6.03125,6.03125,2.081169605255127,1600
1985-12-11,6.03125,6.03125,6.03125,6.03125,2.081169605255127,5600
1985-12-12,6.03125,6.03125,6.03125,6.03125,2.081169605255127,7200
1985-12-13,6.03125,6.03125,6.03125,6.03125,2.081169605255127,0
1985-12-16,6.03125,6.125,5.9375,6.125,2.1135196685791016,78400
1985-12-17,6.03125,6.03125,6.0,6.0,2.0703868865966797,12000
1985-12-18,6.0,6.0,6.0,6.0,2.0703868865966797,6400
1985-12-19,6.09375,6.09375,6.09375,6.09375,2.1027348041534424,800
1985-12-20,6.03125,6.03125,5.96875,6.03125,2.081169605255127,30400
1985-12-23,6.03125,6.0625,5.96875,6.0625,2.0919530391693115,25600
1985-12-24,6.0625,6.0625,6.0625,6.0625,2.0919530391693115,800
1985-12-26,6.0625,6.0625,5.96875,5.96875,2.059602737426758,15200
1985-12-27,5.96875,6.0625,5.96875,5.96875,2.059602737426758,32000
1985-12-30,5.96875,6.03125,5.9375,6.03125,2.081169605255127,97600
1985-12-31,6.03125,6.03125,5.9375,6.03125,2.081169605255127,32000
1986-01-02,6.03125,6.03125,6.03125,6.03125,2.081169605255127,2400
1986-01-03,6.03125,6.0625,5.9375,5.9375,2.0488197803497314,9600
1986-01-06,5.96875,6.09375,5.96875,6.0625,2.0919530391693115,59200
1986-01-07,6.0625,6.125,6.0,6.125,2.1135196685791016,24000
1986-01-08,6.125,6.21875,6.125,6.21875,2.145869016647339,41600
1986-01-09,6.15625,6.15625,6.15625,6.15625,2.124302864074707,8000
1986-01-10,6.15625,6.21875,6.125,6.21875,2.145869016647339,28800
1986-01-13,6.21875,6.25,6.125,6.25,2.1566531658172607,100800
1986-01-14,6.25,6.25,6.25,6.25,2.1566531658172607,14400
1986-01-15,6.25,6.65625,6.25,6.5625,2.2644846439361572,122400
1986-01-16,6.5625,6.5625,6.4375,6.4375,2.2213518619537354,30400
1986-01-17,6.4375,6.5,6.375,6.5,2.242918014526367,44000
1986-01-20,6.5,6.5,6.40625,6.5,2.242918014526367,3200
1986-01-21,6.375,6.375,6.375,6.375,2.199784517288208,9600
1986-01-22,6.375,6.375,6.375,6.375,2.199784517288208,16800
1986-01-23,6.375,6.40625,6.3125,6.40625,2.2105679512023926,19200
1986-01-24,6.40625,6.40625,6.40625,6.40625,2.2105679512023926,13600
1986-01-27,6.40625,6.4375,6.3125,6.3125,2.178218126296997,9600
1986-01-28,6.375,6.53125,6.375,6.53125,2.25370192527771,48000
1986-01-29,6.5625,6.71875,6.5625,6.71875,2.318399667739868,53600
1986-01-30,6.71875,6.71875,6.59375,6.625,2.2860517501831055,108000
1986-01-31,6.625,6.65625,6.625,6.625,2.2860517501831055,37600
1986-02-03,6.65625,6.65625,6.65625,6.65625,2.2968339920043945,5600
1986-02-04,6.65625,6.65625,6.59375,6.59375,2.275268077850342,6400
1986-02-05,6.59375,6.65625,6.59375,6.65625,2.2968339920043945,30400
1986-02-06,6.625,6.625,6.625,6.625,2.2860517501831055,4000
1986-02-07,6.75,6.8125,6.75,6.8125,2.350750684738159,16800
1986-02-10,6.8125,6.8125,6.75,6.75,2.3291850090026855,8800
1986-02-11,6.8125,6.9375,6.8125,6.875,2.3723177909851074,112800
1986-02-12,7.0,7.0,7.0,7.0,2.415451765060425,12000
1986-02-13,7.0,7.0,6.875,6.875,2.3723177909851074,8800
1986-02-14,6.96875,7.0625,6.96875,7.03125,2.4262330532073975,160000
1986-02-18,7.0625,7.0625,7.0625,7.0625,2.4370176792144775,13600
1986-02-19,7.0625,7.0625,7.0625,7.0625,2.4370176792144775,20000
1986-02-20,7.0625,7.0625,6.9375,7.0625,2.4370176792144775,8800
1986-02-21,7.0625,7.0625,6.90625,7.0625,2.4370176792144775,23200
1986-02-24,7.0625,7.0625,7.0625,7.0625,2.4370176792144775,8800
1986-02-25,7.0625,7.125,6.9375,6.9375,2.393885612487793,6400
1986-02-26,6.9375,6.9375,6.9375,6.9375,2.393885612487793,4800
1986-02-27,6.9375,6.9375,6.9375,6.9375,2.393885612487793,800
1986-02-28,6.9375,7.125,6.9375,7.03125,2.4262330532073975,374400
1986-03-03,7.0625,7.0625,7.0625,7.0625,2.4370176792144775,11200
1986-03-04,6.9375,6.9375,6.6875,6.6875,2.307617664337158,40800
1986-03-05,6.6875,6.703125,6.40625,6.4375,2.2213518619537354,451200
1986-03-06,6.4375,6.5,6.375,6.5,2.242918014526367,23200
1986-03-07,6.5,6.5,6.5,6.5,2.242918014526367,0
1986-03-10,6.5,6.625,6.375,6.625,2.2860517501831055,35200
1986-03-11,6.625,6.6875,6.4375,6.6875,2.307617664337158,41600
1986-03-12,6.75,6.8125,6.75,6.8125,2.350750684738159,25600
1986-03-13,6.8125,6.8125,6.703125,6.8125,2.350750684738159,31200
1986-03-14,6.8125,7.0,6.75,7.0,2.415451765060425,28800
1986-03-17,7.0,7.0,6.875,6.875,2.3723177909851074,7200
1986-03-18,6.875,7.0,6.75,6.75,2.3291850090026855,4800
1986-03-19,7.0,7.0,7.0,7.0,2.415451765060425,800
1986-03-20,7.0,7.0625,6.875,6.90625,2.383100986480713,15200
1986-03-21,6.90625,6.90625,6.90625,6.90625,2.383100986480713,0
1986-03-24,6.90625,7.0,6.875,6.875,2.3723177909851074,6400
1986-03-25,6.875,6.875,6.875,6.875,2.3723177909851074,0
1986-03-26,6.875,6.9375,6.75,6.9375,2.393885612487793,17600
1986-03-27,6.9375,7.0625,6.875,6.875,2.3723177909851074,10400
1986-03-31,6.8125,6.8125,6.8125,6.8125,2.350750684738159,8000
1986-04-01,6.8125,6.8125,6.8125,6.8125,2.350750684738159,800
1986-04-02,6.8125,6.8125,6.8125,6.8125,2.350750684738159,0
1986-04-03,6.8125,7.0625,6.8125,7.0625,2.4370176792144775,14400
1986-04-04,7.0625,7.0625,6.8125,7.0625,2.4370176792144775,4000
1986-04-07,7.0625,7.0625,7.0,7.0625,2.4370176792144775,2400
1986-04-08,7.0625,7.0625,6.875,6.875,2.3723177909851074,2400
1986-04-09,6.875,6.875,6.875,6.875,2.3723177909851074,4000
1986-04-10,6.875,7.0,6.8125,7.0,2.415451765060425,2400
1986-04-11,7.0625,7.1875,7.0625,7.1875,2.4801506996154785,17600
1986-04-14,7.1875,7.1875,7.0,7.1875,2.4801506996154785,28000
1986-04-15,7.1875,7.1875,7.0,7.0,2.415451765060425,116800
1986-04-16,7.0,7.125,6.78125,6.875,2.3723177909851074,80800
1986-04-17,6.875,6.875,6.625,6.875,2.3723177909851074,41600
1986-04-18,6.875,6.875,6.625,6.6875,2.307617664337158,74400
1986-04-21,6.6875,6.8125,6.625,6.625,2.2860517501831055,45600
1986-04-22,6.625,6.8125,6.625,6.625,2.2860517501831055,12000
1986-04-23,6.625,6.8125,6.625,6.8125,2.350750684738159,63200
1986-04-24,6.8125,6.875,6.375,6.625,2.2860517501831055,158400
1986-04-25,6.625,6.625,6.625,6.625,2.2860517501831055,3200
1986-04-28,6.625,6.875,6.625,6.625,2.2860517501831055,26400
1986-04-29,6.625,6.625,6.625,6.625,2.2860517501831055,22400
1986-04-30,6.5625,6.5625,6.375,6.375,2.199784517288208,41600
1986-05-01,6.375,6.5625,5.8125,6.25,2.1566531658172607,116000
1986-05-02,6.25,6.375,6.125,6.140625,2.1189122200012207,132800
1986-05-05,6.140625,6.25,5.9375,5.9375,2.0488197803497314,30400
1986-05-06,5.9375,6.0625,5.875,5.875,2.0272538661956787,22400
1986-05-07,5.875,5.875,5.875,5.875,2.0272538661956787,12000
1986-05-08,6.0,6.0625,6.0,6.0,2.0703868865966797,18400
1986-05-09,6.0,6.0625,5.71875,6.0625,2.0919530391693115,171200
1986-05-12,6.0625,6.0625,5.875,5.9375,2.0488197803497314,29600
1986-05-13,5.9375,6.0625,5.796875,6.0,2.0703868865966797,662400
1986-05-14,6.0,6.0,5.9375,5.9375,2.0488197803497314,13600
1986-05-15,5.9375,5.9375,5.75,5.75,1.9841201305389404,29600
1986-05-16,5.75,5.9375,5.75,5.9375,2.0488197803497314,63200
1986-05-19,5.9375,5.9375,5.84375,5.875,2.0272538661956787,23200
1986-05-20,5.84375,5.84375,5.6875,5.8125,2.0056865215301514,29600
1986-05-21,5.8125,5.8125,5.625,5.625,1.9409877061843872,82400
1986-05-22,5.75,6.0625,5.75,6.0,2.0703868865966797,134400
1986-05-23,6.0625,6.25,6.0625,6.15625,2.124302864074707,775200
1986-05-27,6.1875,6.4375,6.1875,6.25,2.1566531658172607,133600
1986-05-28,6.3125,6.5625,6.3125,6.375,2.199784517288208,157600
1986-05-29,6.375,6.5625,6.25,6.25,2.1566531658172607,52000
1986-05-30,6.25,6.4375,6.25,6.4375,2.2213518619537354,38400
1986-06-02,6.40625,6.40625,6.25,6.40625,2.2105679512023926,56000
1986-06-03,6.40625,6.4375,6.1875,6.25,2.1566531658172607,267200
1986-06-04,6.1875,6.1875,6.1875,6.1875,2.1350858211517334,6400
1986-06-05,6.1875,6.1875,6.1875,6.1875,2.1350858211517334,0
1986-06-06,6.1875,6.4375,6.1875,6.1875,2.1350858211517334,158400
1986-06-09,6.1875,6.375,6.125,6.28125,2.1674349308013916,199200
1986-06-10,6.3125,6.3125,6.3125,6.3125,2.178218126296997,8000
1986-06-11,6.3125,6.3125,6.1875,6.25,2.1566531658172607,42400
1986-06-12,6.375,6.375,6.375,6.375,2.199784517288208,2400
1986-06-13,6.375,6.375,6.1875,6.1875,2.1350858211517334,8000
1986-06-16,6.296875,6.375,6.296875,6.296875,2.17282772064209,64000
1986-06-17,6.296875,6.296875,6.296875,6.296875,2.17282772064209,0
1986-06-18,6.1875,6.1875,6.1875,6.1875,2.1350858211517334,2400
1986-06-19,6.1875,6.1875,6.1875,6.1875,2.1350858211517334,800
1986-06-20,6.1875,6.375,6.1875,6.328125,2.1836116313934326,89600
1986-06-23,6.328125,6.375,6.1875,6.375,2.199784517288208,2400
1986-06-24,6.375,6.375,6.125,6.25,2.1566531658172607,15200
1986-06-25,6.25,6.25,6.25,6.25,2.1566531658172607,0
1986-06-26,6.25,6.375,6.25,6.25,2.1566531658172607,32800
1986-06-27,6.3125,6.375,6.3125,6.3125,2.178218126296997,2400
1986-06-30,6.3125,6.375,6.28125,6.34375,2.189002752304077,70400
1986-07-01,6.34375,6.375,6.1875,6.375,2.199784517288208,19200
1986-07-02,6.375,6.4375,6.1875,6.375,2.199784517288208,407200
1986-07-03,6.375,6.4375,6.1875,6.4375,2.2213518619537354,9600
1986-07-07,6.4375,6.4375,6.25,6.25,2.1566531658172607,374400
1986-07-08,6.25,6.4375,6.25,6.25,2.1566531658172607,4000
1986-07-09,6.25,6.4375,6.25,6.4375,2.2213518619537354,291200
1986-07-10,6.4375,6.4375,6.25,6.4375,2.2213518619537354,20000
1986-07-11,6.375,6.375,6.25,6.375,2.199784517288208,18400
1986-07-14,6.375,6.4375,6.25,6.4375,2.2213518619537354,3200
1986-07-15,6.34375,6.34375,6.15625,6.25,2.1566531658172607,138400
1986-07-16,6.375,6.625,6.375,6.5,2.242918014526367,6400
1986-07-17,6.5,6.75,6.5,6.75,2.3291850090026855,67600
1986-07-18,6.75,6.875,6.75,6.875,2.3723177909851074,19200
1986-07-21,6.875,6.875,6.5,6.5625,2.2644846439361572,1310000
1986-07-22,6.5625,6.875,6.5625,6.5625,2.2644846439361572,121200
1986-07-23,6.75,6.75,6.75,6.75,2.3291850090026855,400
1986-07-24,6.75,6.875,6.5,6.875,2.3723177909851074,8800
1986-07-25,6.875,6.875,6.75,6.75,2.3291850090026855,2400
1986-07-28,6.75,6.875,6.5,6.75,2.3291850090026855,39600
1986-07-29,6.75,6.875,6.5,6.875,2.3723177909851074,60000
1986-07-30,6.78125,6.78125,6.6875,6.78125,2.339967727661133,240000
1986-07-31,6.78125,6.875,6.6875,6.75,2.3291850090026855,156000
1986-08-01,6.75,6.75,6.75,6.75,2.3291850090026855,0
1986-08-04,6.75,6.875,6.5,6.875,2.3723177909851074,28000
1986-08-05,6.875,7.0,6.625,6.75,2.3291850090026855,51600
1986-08-06,6.75,7.0,6.6875,7.0,2.415451765060425,12400
1986-08-07,7.0,7.0625,6.875,7.0625,2.4370176792144775,104000
1986-08-08,7.0625,7.125,7.0,7.0,2.415451765060425,17200
1986-08-11,7.0,7.375,6.875,7.125,2.458583116531372,36400
1986-08-12,7.25,7.625,7.25,7.25,2.501715898513794,20800
1986-08-13,7.25,7.625,7.25,7.5,2.5879831314086914,10400
1986-08-14,7.375,7.375,7.25,7.25,2.501715898513794,16400
1986-08-15,7.3125,7.5,7.3125,7.375,2.544848918914795,480400
1986-08-18,7.375,7.5,7.25,7.3125,2.5232834815979004,10000
1986-08-19,7.3125,7.5,7.25,7.5,2.5879831314086914,64400
1986-08-20,7.5,7.5,7.1875,7.21875,2.4909350872039795,40000
1986-08-21,7.21875,7.5,7.125,7.5,2.5879831314086914,2400
1986-08-22,7.5,7.5,7.5,7.5,2.5879831314086914,3200
1986-08-25,7.375,7.375,7.125,7.375,2.544848918914795,1200
1986-08-26,7.375,7.375,7.25,7.375,2.544848918914795,2800
1986-08-27,7.375,7.5,7.25,7.5,2.5879831314086914,200400
1986-08-28,7.5,7.5,7.5,7.5,2.5879831314086914,14400
1986-08-29,7.375,7.375,7.25,7.25,2.501715898513794,254400
1986-09-02,7.25,7.625,7.25,7.5,2.5879831314086914,257200
1986-09-03,7.5,7.75,7.4375,7.75,2.674248456954956,300400
1986-09-04,7.75,7.875,7.625,7.875,2.7173824310302734,278400
1986-09-05,7.875,8.3125,7.875,8.25,2.8467812538146973,529600
1986-09-08,8.25,8.25,8.0,8.125,2.803647994995117,73600
1986-09-09,8.125,8.125,7.625,7.75,2.674248456954956,78400
1986-09-10,7.75,7.75,7.625,7.625,2.6311161518096924,29200
1986-09-11,7.625,7.6875,7.375,7.65625,2.6418988704681396,682800
1986-09-12,7.5,7.5,7.25,7.4375,2.5664162635803223,896000
1986-09-15,7.4375,7.5,7.1875,7.1875,2.4801506996154785,28400
1986-09-16,7.1875,7.25,7.0,7.25,2.501715898513794,252400
1986-09-17,7.25,7.25,7.25,7.25,2.501715898513794,0
1986-09-18,7.25,7.25,7.0,7.25,2.501715898513794,19200
1986-09-19,7.25,7.25,7.0,7.25,2.501715898513794,1200
1986-09-22,7.25,7.375,7.0,7.25,2.501715898513794,177200
1986-09-23,7.3125,7.5,7.3125,7.5,2.5879831314086914,5600
1986-09-24,7.5,7.75,7.3125,7.75,2.674248456954956,492400
1986-09-25,7.625,7.625,7.375,7.375,2.544848918914795,15600
1986-09-26,7.5,7.5,7.5,7.5,2.5879831314086914,1200
1986-09-29,7.5,7.5,7.25,7.4375,2.5664162635803223,58400
1986-09-30,7.375,7.375,7.25,7.375,2.544848918914795,106800
1986-10-01,7.375,7.4375,7.1875,7.1875,2.4801506996154785,61600
1986-10-02,7.1875,7.4375,7.1875,7.25,2.501715898513794,87600
1986-10-03,7.3125,7.4375,7.3125,7.4375,2.5664162635803223,240000
1986-10-06,7.4375,7.5625,7.3125,7.46875,2.577200174331665,55200
1986-10-07,7.46875,7.5625,7.375,7.375,2.544848918914795,40800
1986-10-08,7.375,7.59375,7.375,7.4375,2.5664162635803223,43600
1986-10-09,7.5,7.625,7.5,7.5,2.5879831314086914,35600
1986-10-10,7.5,7.625,7.5,7.5625,2.609549045562744,401200
1986-10-13,7.5625,7.625,7.5,7.5,2.5879831314086914,16400
1986-10-14,7.5,7.625,7.5,7.5,2.5879831314086914,2000
1986-10-15,7.5,7.6875,7.5,7.5625,2.609549045562744,40800
1986-10-16,7.625,7.75,7.625,7.625,2.6311161518096924,12800
1986-10-17,7.5,7.5,7.3125,7.375,2.544848918914795,246400
1986-10-20,7.375,7.375,7.25,7.375,2.544848918914795,282800
1986-10-21,7.375,7.5,7.3125,7.34375,2.5340678691864014,75200
1986-10-22,7.34375,7.5,7.34375,7.5,2.5879831314086914,7200
1986-10-23,7.5,7.53125,7.3125,7.53125,2.5987656116485596,111200
1986-10-24,7.53125,7.625,7.375,7.5625,2.609549045562744,92800
1986-10-27,7.5625,7.5625,7.375,7.5,2.5879831314086914,3200
1986-10-28,7.5,7.5,7.375,7.5,2.5879831314086914,69200
1986-10-29,7.5,7.5,7.3125,7.46875,2.577200174331665,124000
1986-10-30,7.46875,7.5625,7.4375,7.4375,2.5664162635803223,98400
1986-10-31,7.4375,7.5625,7.4375,7.5625,2.609549045562744,121600
1986-11-03,7.5625,7.5625,7.4375,7.4375,2.5664162635803223,266800
1986-11-04,7.5,7.5625,7.5,7.5,2.5879831314086914,116800
1986-11-05,7.5625,7.75,7.5625,7.625,2.6311161518096924,216800
1986-11-06,7.625,7.625,7.375,7.375,2.544848918914795,301200
1986-11-07,7.375,7.4375,7.375,7.40625,2.5556342601776123,3600
1986-11-10,7.40625,7.4375,7.375,7.4375,2.5664162635803223,2000
1986-11-11,7.4375,7.4375,7.375,7.4375,2.5664162635803223,15600
1986-11-12,7.4375,7.625,7.4375,7.5,2.5879831314086914,1120800
1986-11-13,7.5,7.5625,7.4375,7.4375,2.5664162635803223,211200
1986-11-14,7.4375,7.5,7.0,7.03125,2.4262330532073975,597200
1986-11-17,7.03125,7.125,6.9375,6.9375,2.393885612487793,202400
1986-11-18,6.9375,7.1875,6.875,6.9375,2.393885612487793,104400
1986-11-19,6.9375,7.125,6.9375,6.9375,2.393885612487793,133200
1986-11-20,6.9375,7.125,6.9375,6.9375,2.393885612487793,113600
1986-11-21,6.9375,7.125,6.9375,6.9375,2.393885612487793,80400
1986-11-24,7.0625,7.1875,7.0625,7.0625,2.4370176792144775,48400
1986-11-25,7.125,7.34375,7.125,7.1875,2.4801506996154785,53200
1986-11-26,7.3125,7.4375,7.3125,7.3125,2.5232834815979004,430000
1986-11-28,7.3125,7.4375,7.3125,7.3125,2.5232834815979004,82800
1986-12-01,7.1875,7.1875,7.0625,7.0625,2.4370176792144775,85600
1986-12-02,7.0625,7.25,7.0625,7.125,2.458583116531372,205200
1986-12-03,7.125,7.3125,7.125,7.1875,2.4801506996154785,335600
1986-12-04,7.25,7.5625,7.25,7.5,2.5879831314086914,99600
1986-12-05,7.5,7.5625,7.4375,7.5625,2.609549045562744,86400
1986-12-08,7.5625,7.5625,7.4375,7.4375,2.5664162635803223,4800
1986-12-09,7.4375,7.5625,7.4375,7.4375,2.5664162635803223,67200
1986-12-10,7.4375,7.5,7.1875,7.3125,2.5232834815979004,226800
1986-12-11,7.3125,7.3125,6.90625,7.0,2.415451765060425,3089200
1986-12-12,7.0,7.1875,7.0,7.0,2.415451765060425,24400
1986-12-15,7.0,7.125,6.9375,7.0625,2.4370176792144775,65200
1986-12-16,7.0625,7.0625,6.90625,6.96875,2.4046671390533447,327200
1986-12-17,6.96875,7.0,6.8125,6.9375,2.393885612487793,228800
1986-12-18,6.9375,6.96875,6.875,6.9375,2.393885612487793,150800
1986-12-19,6.9375,6.96875,6.75,6.78125,2.339967727661133,660800
1986-12-22,6.78125,6.875,6.3125,6.5,2.242918014526367,77600
1986-12-23,6.5,6.625,6.5,6.53125,2.25370192527771,70400
1986-12-24,6.53125,6.6875,6.5,6.5625,2.2644846439361572,16400
1986-12-26,6.5625,6.75,6.5,6.5625,2.2644846439361572,10800
1986-12-29,6.5625,6.75,6.5625,6.5625,2.2644846439361572,25200
1986-12-30,6.5625,6.625,6.5,6.5,2.242918014526367,367200
1986-12-31,6.5,6.625,6.5,6.5625,2.2644846439361572,119200
1987-01-02,6.5625,6.6875,6.5625,6.5625,2.2644846439361572,128000
1987-01-05,6.5625,6.6875,6.5625,6.59375,2.275268077850342,29200
1987-01-06,6.59375,7.0,6.5625,6.875,2.3723177909851074,236400
1987-01-07,6.875,7.125,6.875,7.0,2.415451765060425,57600
1987-01-08,7.125,7.3125,7.125,7.1875,2.4801506996154785,58800
1987-01-09,7.1875,7.4375,7.125,7.4375,2.5664162635803223,79200
1987-01-12,7.4375,7.5625,7.3125,7.375,2.544848918914795,16000
1987-01-13,7.375,7.625,7.375,7.375,2.544848918914795,124800
1987-01-14,7.5,7.75,7.5,7.75,2.674248456954956,100000
1987-01-15,7.75,7.75,7.625,7.625,2.6311161518096924,210800
1987-01-16,7.625,7.75,7.4375,7.4375,2.5664162635803223,38400
1987-01-19,7.4375,7.75,7.375,7.5625,2.609549045562744,67200
1987-01-20,7.5625,7.75,7.5,7.5625,2.609549045562744,210400
1987-01-21,7.5625,7.75,7.5625,7.5625,2.609549045562744,36000
1987-01-22,7.5625,7.6875,7.5625,7.625,2.6311161518096924,60400
1987-01-23,7.5625,7.5625,7.1875,7.25,2.501715898513794,241200
1987-01-26,7.125,7.125,6.875,6.875,2.3723177909851074,129200
1987-01-27,6.875,6.875,6.75,6.8125,2.350750684738159,217600
1987-01-28,6.8125,6.8125,6.6875,6.71875,2.318399667739868,659200
1987-01-29,6.6875,6.6875,6.4375,6.5,2.242918014526367,373200
1987-01-30,6.625,6.75,6.625,6.75,2.3291850090026855,110000
1987-02-02,6.75,6.75,6.5625,6.75,2.3291850090026855,63200
1987-02-03,6.6875,6.6875,6.4375,6.5,2.242918014526367,208400
1987-02-04,6.5,6.5,6.25,6.3125,2.178218126296997,295200
1987-02-05,6.3125,6.4375,6.25,6.4375,2.2213518619537354,150400
1987-02-06,6.4375,6.4375,6.25,6.375,2.199784517288208,229600
1987-02-09,6.4375,6.6875,6.4375,6.625,2.2860517501831055,131200
1987-02-10,6.625,6.75,6.5625,6.625,2.2860517501831055,54000
1987-02-11,6.625,6.8125,6.5625,6.8125,2.350750684738159,134400
1987-02-12,6.8125,6.875,6.6875,6.6875,2.307617664337158,19200
1987-02-13,6.8125,6.9375,6.8125,6.875,2.3723177909851074,41600
1987-02-17,6.875,7.0,6.875,6.9375,2.393885612487793,84800
1987-02-18,6.9375,7.0625,6.875,6.9375,2.393885612487793,86000
1987-02-19,6.9375,7.125,6.9375,7.0,2.415451765060425,81600
1987-02-20,7.0,7.1875,6.9375,7.0625,2.4370176792144775,95600
1987-02-23,7.0625,7.25,7.0625,7.125,2.458583116531372,92800
1987-02-24,7.125,7.25,7.03125,7.1875,2.4801506996154785,128800
1987-02-25,7.1875,7.3125,7.125,7.125,2.458583116531372,6800
1987-02-26,7.125,7.3125,7.125,7.25,2.501715898513794,147600
1987-02-27,7.1875,7.1875,7.0,7.0,2.415451765060425,148400
1987-03-02,7.0,7.125,6.9375,7.0,2.415451765060425,176800
1987-03-03,7.0,7.0625,6.9375,6.9375,2.393885612487793,112000
1987-03-04,6.9375,7.0625,6.9375,6.9375,2.393885612487793,703600
1987-03-05,6.9375,7.0625,6.9375,6.9375,2.393885612487793,234400
1987-03-06,6.9375,7.0625,6.9375,6.9375,2.393885612487793,48400
1987-03-09,6.9375,7.0625,6.875,7.0625,2.4370176792144775,8400
1987-03-10,7.0625,7.0625,6.875,7.0625,2.4370176792144775,1486800
1987-03-11,7.0625,7.0625,6.9375,7.0,2.415451765060425,25200
1987-03-12,7.0,7.0625,6.9375,7.0,2.415451765060425,84400
1987-03-13,7.0,7.125,6.9375,7.0,2.415451765060425,116000
1987-03-16,7.0,7.0625,6.9375,7.03125,2.4262330532073975,82000
1987-03-17,7.03125,7.25,7.0,7.125,2.458583116531372,230000
1987-03-18,7.125,7.25,7.0625,7.1875,2.4801506996154785,336000
1987-03-19,7.125,7.125,6.0,6.4375,2.2213518619537354,3215600
1987-03-20,6.4375,6.4375,6.125,6.25,2.1566531658172607,109200
1987-03-23,6.25,6.25,6.0625,6.25,2.1566531658172607,582400
1987-03-24,6.25,6.25,6.125,6.25,2.1566531658172607,67200
1987-03-25,6.25,6.25,6.0625,6.09375,2.1027348041534424,257200
1987-03-26,6.09375,6.125,6.0,6.0625,2.0919530391693115,367600
1987-03-27,6.0625,6.125,6.0,6.125,2.1135196685791016,51600
1987-03-30,6.0625,6.0625,5.875,6.0,2.0703868865966797,28000
1987-03-31,6.0,6.0625,5.875,6.0625,2.0919530391693115,44800
1987-04-01,6.0625,6.0625,5.875,6.0625,2.0919530391693115,44800
1987-04-02,6.0625,6.0625,5.875,5.875,2.0272538661956787,24800
1987-04-03,5.875,5.9375,5.6875,5.75,1.9841201305389404,2186400
1987-04-06,5.75,6.0,5.75,6.0,2.0703868865966797,104400
1987-04-07,6.0,6.0,5.8125,5.8125,2.0056865215301514,14000
1987-04-08,5.8125,5.875,5.71875,5.75,1.9841201305389404,474000
1987-04-09,5.75,5.875,5.75,5.8125,2.0056865215301514,72400
1987-04-10,5.8125,5.875,5.6875,5.8125,2.0056865215301514,21200
1987-04-13,5.8125,5.8125,5.625,5.75,1.9841201305389404,46800
1987-04-14,5.6875,5.6875,5.375,5.4375,1.8762869834899902,128400
1987-04-15,5.5,5.6875,5.5,5.625,1.9409877061843872,116800
1987-04-16,5.625,5.6875,5.5,5.625,1.9409877061843872,168000
1987-04-20,5.625,5.625,5.3125,5.375,1.8547214269638062,125600
1987-04-21,5.375,5.375,5.1875,5.1875,1.7900222539901733,112000
1987-04-22,5.1875,5.3125,5.1875,5.1875,1.7900222539901733,23200
1987-04-23,5.1875,5.1875,5.0,5.125,1.7684553861618042,25200
1987-04-24,5.125,5.125,4.875,4.875,1.6821891069412231,46800
1987-04-27,4.875,5.0,4.8125,4.875,1.6821891069412231,248800
1987-04-28,4.875,5.0,4.8125,4.90625,1.6929715871810913,180800
1987-04-29,4.90625,5.0,4.75,4.9375,1.7037556171417236,169200
1987-04-30,4.9375,4.9375,4.8125,4.9375,1.7037556171417236,70800
1987-05-01,4.9375,4.9375,4.8125,4.9375,1.7037556171417236,28800
1987-05-04,4.9375,4.9375,4.8125,4.9375,1.7037556171417236,13600
1987-05-05,4.9375,4.9375,4.8125,4.875,1.6821891069412231,142400
1987-05-06,4.875,4.9375,4.8125,4.8125,1.660622239112854,926000
1987-05-07,4.8125,4.875,4.8125,4.8125,1.660622239112854,26400
1987-05-08,4.8125,4.875,4.8125,4.875,1.6821891069412231,187200
1987-05-11,4.875,4.875,4.75,4.75,1.6390554904937744,784000
1987-05-12,4.8125,5.125,4.8125,5.125,1.7684553861618042,303600
1987-05-13,5.125,5.125,5.0,5.125,1.7684553861618042,13600
1987-05-14,5.125,5.1875,5.0,5.1875,1.7900222539901733,42000
1987-05-15,5.1875,5.1875,5.0,5.0,1.725321888923645,54000
1987-05-18,5.0,5.1875,4.9375,5.0625,1.746888518333435,534800
1987-05-19,5.0,5.0,5.0,5.0,1.725321888923645,4800
1987-05-20,5.0,5.1875,5.0,5.0,1.725321888923645,18800
1987-05-21,5.0,5.1875,5.0,5.1875,1.7900222539901733,4000
1987-05-22,5.0625,5.0625,5.0,5.0,1.725321888923645,8800
1987-05-26,5.0,5.25,4.875,5.25,1.8115873336791992,98800
1987-05-27,5.1875,5.1875,5.0625,5.0625,1.746888518333435,498400
1987-05-28,5.0625,5.0625,5.0625,5.0625,1.746888518333435,0
1987-05-29,5.0625,5.25,5.0625,5.25,1.8115873336791992,7200
1987-06-01,5.25,5.25,5.0625,5.25,1.8115873336791992,18800
1987-06-02,5.25,5.25,5.0625,5.25,1.8115873336791992,14800
1987-06-03,5.25,5.25,5.125,5.125,1.7684553861618042,100000
1987-06-04,5.125,5.25,5.0625,5.125,1.7684553861618042,341600
1987-06-05,5.125,5.1875,5.0,5.1875,1.7900222539901733,284400
1987-06-08,5.1875,5.3125,5.09375,5.3125,1.8331547975540161,578800
1987-06-09,5.3125,5.3125,5.25,5.25,1.8115873336791992,9600
1987-06-10,5.25,5.3125,5.25,5.25,1.8115873336791992,55200
1987-06-11,5.25,5.3125,5.25,5.25,1.8115873336791992,11600
1987-06-12,5.25,5.3125,5.25,5.3125,1.8331547975540161,12800
1987-06-15,5.3125,5.3125,5.25,5.3125,1.8331547975540161,5200
1987-06-16,5.3125,5.3125,5.25,5.3125,1.8331547975540161,57600
1987-06-17,5.3125,5.3125,5.25,5.25,1.8115873336791992,113600
1987-06-18,5.25,5.3125,5.0,5.3125,1.8331547975540161,329200
1987-06-19,5.3125,5.3125,5.3125,5.3125,1.8331547975540161,4400
1987-06-22,5.25,5.25,5.125,5.1875,1.7900222539901733,25600
1987-06-23,5.1875,5.25,5.125,5.125,1.7684553861618042,18800
1987-06-24,5.25,5.25,5.25,5.25,1.8115873336791992,800
1987-06-25,5.25,5.25,5.25,5.25,1.8115873336791992,0
1987-06-26,5.0625,5.0625,5.0625,5.0625,1.746888518333435,3600
1987-06-29,5.0625,5.1875,5.0625,5.1875,1.7900222539901733,800
1987-06-30,5.1875,5.1875,5.0625,5.15625,1.779237151145935,17600
1987-07-01,5.15625,5.1875,5.0,5.0,1.725321888923645,110400
1987-07-02,5.0,5.0,5.0,5.0,1.725321888923645,4000
1987-07-06,5.0,5.125,5.0,5.125,1.7684553861618042,1600
1987-07-07,5.125,5.125,5.0,5.0,1.725321888923645,13600
1987-07-08,5.0,5.125,5.0,5.03125,1.7361056804656982,21600
1987-07-09,5.03125,5.0625,5.0,5.0,1.725321888923645,43600
1987-07-10,5.0,5.0625,4.9375,5.0,1.725321888923645,128800
1987-07-13,5.0,5.0625,4.9375,5.0625,1.746888518333435,25200
1987-07-14,5.0625,5.0625,4.9375,4.9375,1.7037556171417236,70400
1987-07-15,4.9375,5.0625,4.9375,4.9375,1.7037556171417236,22400
1987-07-16,5.0625,5.1875,5.0625,5.0625,1.746888518333435,185200
1987-07-17,5.0625,5.3125,5.0625,5.3125,1.8331547975540161,520000
1987-07-20,5.3125,5.3125,5.25,5.3125,1.8331547975540161,4400
1987-07-21,5.3125,5.3125,5.125,5.125,1.7684553861618042,127200
1987-07-22,5.125,5.1875,5.0,5.125,1.7684553861618042,535600
1987-07-23,5.125,5.1875,5.09375,5.125,1.7684553861618042,205200
1987-07-24,5.125,5.25,5.125,5.25,1.8115873336791992,7200
1987-07-27,5.25,5.25,5.125,5.25,1.8115873336791992,237600
1987-07-28,5.25,5.3125,5.1875,5.25,1.8115873336791992,6800
1987-07-29,5.25,5.3125,5.25,5.25,1.8115873336791992,9200
1987-07-30,5.25,5.3125,5.25,5.3125,1.8331547975540161,35200
1987-07-31,5.3125,5.3125,5.25,5.3125,1.8331547975540161,51600
1987-08-03,5.3125,5.3125,5.25,5.25,1.8115873336791992,3200
1987-08-04,5.25,5.3125,5.1875,5.25,1.8115873336791992,34000
1987-08-05,5.25,5.3125,5.1875,5.1875,1.7900222539901733,5200
1987-08-06,5.1875,5.25,5.1875,5.25,1.8115873336791992,5600
1987-08-07,5.25,5.25,5.1875,5.1875,1.7900222539901733,119200
1987-08-10,5.1875,5.25,5.1875,5.25,1.8115873336791992,10000
1987-08-11,5.25,5.25,5.1875,5.1875,1.7900222539901733,63600
1987-08-12,5.1875,5.25,5.1875,5.1875,1.7900222539901733,10800
1987-08-13,5.1875,5.25,5.1875,5.25,1.8115873336791992,320800
1987-08-14,5.25,5.25,5.1875,5.1875,1.7900222539901733,13200
1987-08-17,5.1875,5.25,5.1875,5.25,1.8115873336791992,2800
1987-08-18,5.25,5.3125,5.1875,5.25,1.8115873336791992,17200
1987-08-19,5.25,5.3125,5.1875,5.3125,1.8331547975540161,42400
1987-08-20,5.3125,5.3125,5.1875,5.1875,1.7900222539901733,5600
1987-08-21,5.1875,5.3125,5.1875,5.25,1.8115873336791992,123200
1987-08-24,5.25,5.375,5.25,5.25,1.8115873336791992,31200
1987-08-25,5.25,5.375,5.25,5.3125,1.8331547975540161,42800
1987-08-26,5.28125,5.28125,5.25,5.28125,1.8223718404769897,20000
1987-08-27,5.28125,5.375,5.25,5.25,1.8115873336791992,197600
1987-08-28,5.25,5.375,5.1875,5.25,1.8115873336791992,240000
1987-08-31,5.25,5.375,5.25,5.34375,1.8439381122589111,22800
1987-09-01,5.34375,5.375,5.25,5.25,1.8115873336791992,16400
1987-09-02,5.25,5.25,5.25,5.25,1.8115873336791992,26400
1987-09-03,5.25,5.375,5.25,5.25,1.8115873336791992,12000
1987-09-04,5.25,5.3125,5.1875,5.1875,1.7900222539901733,22800
1987-09-08,5.1875,5.1875,5.1875,5.1875,1.7900222539901733,40000
1987-09-09,5.1875,5.3125,5.1875,5.3125,1.8331547975540161,7200
1987-09-10,5.3125,5.3125,5.1875,5.1875,1.7900222539901733,4400
1987-09-11,5.1875,5.3125,5.1875,5.3125,1.8331547975540161,11600
1987-09-14,5.3125,5.3125,5.1875,5.3125,1.8331547975540161,10800
1987-09-15,5.1875,5.1875,5.1875,5.1875,1.7900222539901733,10000
1987-09-16,5.1875,5.1875,5.1875,5.1875,1.7900222539901733,20400
1987-09-17,5.1875,5.3125,5.1875,5.3125,1.8331547975540161,10400
1987-09-18,5.1875,5.1875,5.1875,5.1875,1.7900222539901733,8000
1987-09-21,5.1875,5.3125,5.125,5.25,1.8115873336791992,11600
1987-09-22,5.25,5.3125,5.25,5.3125,1.8331547975540161,23200
1987-09-23,5.3125,5.3125,5.125,5.125,1.7684553861618042,8800
1987-09-24,5.125,5.15625,5.125,5.125,1.7684553861618042,118000
1987-09-25,5.125,5.125,5.125,5.125,1.7684553861618042,0
1987-09-28,5.125,5.25,5.125,5.25,1.8115873336791992,9200
1987-09-29,5.25,5.25,5.125,5.125,1.7684553861618042,43200
1987-09-30,5.125,5.25,5.125,5.25,1.8115873336791992,16000
1987-10-01,5.25,5.25,5.125,5.125,1.7684553861618042,3200
1987-10-02,5.125,5.25,5.125,5.125,1.7684553861618042,33600
1987-10-05,5.125,5.125,5.0,5.0625,1.746888518333435,906400
1987-10-06,5.0625,5.0625,5.0,5.0625,1.746888518333435,27600
1987-10-07,5.0,5.0,4.9375,4.9375,1.7037556171417236,326800
1987-10-08,4.9375,4.9375,4.875,4.90625,1.6929715871810913,556000
1987-10-09,4.90625,4.9375,4.8125,4.8125,1.660622239112854,43600
1987-10-12,4.8125,4.9375,4.8125,4.8125,1.660622239112854,49200
1987-10-13,4.875,5.0,4.875,5.0,1.725321888923645,29200
1987-10-14,4.8125,4.8125,4.8125,4.8125,1.660622239112854,5600
1987-10-15,4.8125,4.8125,4.8125,4.8125,1.660622239112854,2000
1987-10-16,4.875,5.0,4.875,4.9375,1.7037556171417236,108000
1987-10-19,4.9375,4.9375,4.625,4.625,1.5959223508834839,224400
1987-10-20,4.5625,4.5625,4.25,4.25,1.4665229320526123,13200
1987-10-21,4.3125,4.5,4.3125,4.4375,1.5312225818634033,133600
1987-10-22,4.4375,4.5625,4.3125,4.46875,1.5420067310333252,130400
1987-10-23,4.46875,4.5,4.375,4.375,1.5096572637557983,14400
1987-10-26,4.375,4.4375,4.1875,4.1875,1.4449567794799805,86000
1987-10-27,4.25,4.4375,4.25,4.25,1.4665229320526123,26400
1987-10-28,4.25,4.25,4.125,4.25,1.4665229320526123,34800
1987-10-29,4.25,4.25,4.125,4.125,1.4233906269073486,291200
1987-10-30,4.125,4.375,4.125,4.375,1.5096572637557983,24400
1987-11-02,4.375,4.375,4.3125,4.375,1.5096572637557983,26400
1987-11-03,4.375,4.375,4.28125,4.3125,1.4880907535552979,66000
1987-11-04,4.3125,4.3125,4.1875,4.1875,1.4449567794799805,116800
1987-11-05,4.1875,4.1875,4.1875,4.1875,1.4449567794799805,10000
1987-11-06,4.1875,4.3125,4.1875,4.1875,1.4449567794799805,15600
1987-11-09,4.3125,4.3125,4.3125,4.3125,1.4880907535552979,400
1987-11-10,4.25,4.25,4.125,4.25,1.4665229320526123,203200
1987-11-11,4.25,4.25,4.125,4.125,1.4233906269073486,8000
1987-11-12,4.21875,4.3125,4.21875,4.25,1.4665229320526123,33200
1987-11-13,4.28125,4.3125,4.28125,4.3125,1.4880907535552979,8800
1987-11-16,4.3125,4.4375,4.25,4.34375,1.4988735914230347,93200
1987-11-17,4.3125,4.3125,4.1875,4.1875,1.4449567794799805,98400
1987-11-18,4.1875,4.21875,4.1875,4.21875,1.4557400941848755,9600
1987-11-19,4.21875,4.3125,3.9375,3.9375,1.3586912155151367,64400
1987-11-20,3.9375,3.9375,3.75,3.84375,1.3263412714004517,176000
1987-11-23,3.84375,3.9375,3.84375,3.9375,1.3586912155151367,56000
1987-11-24,4.0,4.125,4.0,4.0625,1.4018239974975586,34000
1987-11-25,4.0625,4.125,4.0,4.0,1.380257487297058,26800
1987-11-27,4.0,4.125,4.0,4.0,1.380257487297058,16800
1987-11-30,4.0,4.1875,4.0,4.125,1.4233906269073486,124400
1987-12-01,4.125,4.125,4.03125,4.125,1.4233906269073486,39200
1987-12-02,4.125,4.125,4.09375,4.125,1.4233906269073486,11200
1987-12-03,4.125,4.125,4.0625,4.09375,1.4126074314117432,48000
1987-12-04,4.09375,4.125,4.09375,4.09375,1.4126074314117432,30800
1987-12-07,4.0625,4.0625,4.03125,4.0625,1.4018239974975586,12800
1987-12-08,4.0625,4.09375,4.0625,4.0625,1.4018239974975586,71200
1987-12-09,4.0625,4.09375,4.03125,4.03125,1.3910408020019531,44000
1987-12-10,4.03125,4.03125,4.03125,4.03125,1.3910408020019531,6800
1987-12-11,4.0625,4.1875,4.0625,4.125,1.4233906269073486,83600
1987-12-14,4.125,4.125,4.125,4.125,1.4233906269073486,4800
1987-12-15,4.125,4.28125,3.96875,4.21875,1.4557400941848755,1364000
1987-12-16,4.21875,4.28125,4.15625,4.21875,1.4557400941848755,20000
1987-12-17,4.21875,4.25,4.1875,4.21875,1.4557400941848755,23200
1987-12-18,4.25,4.28125,4.25,4.25,1.4665229320526123,6800
1987-12-21,4.3125,4.375,4.3125,4.34375,1.4988735914230347,54000
1987-12-22,4.34375,4.34375,4.3125,4.3125,1.4880907535552979,24400
1987-12-23,4.34375,4.4375,4.34375,4.40625,1.5204393863677979,29200
1987-12-24,4.40625,4.40625,4.375,4.375,1.5096572637557983,4400
1987-12-28,4.375,4.375,4.34375,4.34375,1.4988735914230347,4400
1987-12-29,4.34375,4.40625,4.34375,4.34375,1.4988735914230347,43600
1987-12-30,4.34375,4.40625,4.34375,4.34375,1.4988735914230347,30400
1987-12-31,4.34375,4.40625,4.3125,4.34375,1.4988735914230347,36800
1988-01-04,4.375,4.40625,4.375,4.375,1.5096572637557983,7600
1988-01-05,4.40625,4.5,4.40625,4.4375,1.5312225818634033,15600
1988-01-06,4.4375,4.46875,4.375,4.375,1.5096572637557983,27200
1988-01-07,4.375,4.4375,4.375,4.4375,1.5312225818634033,26400
1988-01-08,4.4375,4.46875,4.34375,4.34375,1.4988735914230347,32000
1988-01-11,4.34375,4.40625,4.34375,4.40625,1.5204393863677979,8400
1988-01-12,4.375,4.375,4.34375,4.34375,1.4988735914230347,14400
1988-01-13,4.34375,4.34375,4.34375,4.34375,1.4988735914230347,2400
1988-01-14,4.34375,4.34375,4.34375,4.34375,1.4988735914230347,27200
1988-01-15,4.34375,4.375,4.3125,4.375,1.5096572637557983,46000
1988-01-18,4.375,4.4375,4.375,4.375,1.5096572637557983,28000
1988-01-19,4.375,4.375,4.375,4.375,1.5096572637557983,0
1988-01-20,4.375,4.375,4.375,4.375,1.5096572637557983,1600
1988-01-21,4.375,4.4375,4.34375,4.4375,1.5312225818634033,24400
1988-01-22,4.40625,4.40625,4.1875,4.1875,1.4449567794799805,34000
1988-01-25,4.09375,4.09375,3.875,3.96875,1.369473934173584,148400
1988-01-26,3.9375,3.9375,3.875,3.875,1.337124228477478,82000
1988-01-27,3.875,3.875,3.84375,3.84375,1.3263412714004517,162400
1988-01-28,3.84375,3.875,3.8125,3.8125,1.3155580759048462,41200
1988-01-29,3.84375,3.84375,3.84375,3.84375,1.3263412714004517,7600
1988-02-01,3.78125,3.78125,3.71875,3.71875,1.2832081317901611,31600
1988-02-02,3.75,3.75,3.75,3.75,1.2939915657043457,5600
1988-02-03,3.75,3.75,3.6875,3.6875,1.2724244594573975,157200
1988-02-04,3.6875,3.6875,3.65625,3.65625,1.2616417407989502,42800
1988-02-05,3.65625,3.6875,3.625,3.65625,1.2616417407989502,86400
1988-02-08,3.65625,3.65625,3.59375,3.59375,1.2400753498077393,68000
1988-02-09,3.59375,3.59375,3.59375,3.59375,1.2400753498077393,148800
1988-02-10,3.5625,3.5625,3.53125,3.53125,1.2185088396072388,175200
1988-02-11,3.5,3.5,3.46875,3.5,1.2077258825302124,10800
1988-02-12,3.53125,3.59375,3.53125,3.59375,1.2400753498077393,25600
1988-02-16,3.59375,3.59375,3.53125,3.59375,1.2400753498077393,6400
1988-02-17,3.53125,3.53125,3.46875,3.46875,1.1969428062438965,22000
1988-02-18,3.5625,3.5625,3.5625,3.5625,1.229291558265686,4800
1988-02-19,3.59375,3.625,3.59375,3.625,1.250857949256897,32800
1988-02-22,3.625,3.6875,3.5625,3.5625,1.229291558265686,46000
1988-02-23,3.5625,3.5625,3.5625,3.5625,1.229291558265686,800
1988-02-24,3.625,3.6875,3.625,3.6875,1.2724244594573975,14400
1988-02-25,3.6875,3.75,3.65625,3.6875,1.2724244594573975,29200
1988-02-26,3.65625,3.65625,3.65625,3.65625,1.2616417407989502,800
1988-02-29,3.6875,3.6875,3.6875,3.6875,1.2724244594573975,7200
1988-03-01,3.6875,3.6875,3.6875,3.6875,1.2724244594573975,2400
1988-03-02,3.75,3.84375,3.75,3.84375,1.3263412714004517,53600
1988-03-03,3.84375,3.84375,3.78125,3.8125,1.3155580759048462,5200
1988-03-04,3.75,3.75,3.6875,3.6875,1.2724244594573975,41600
1988-03-07,3.6875,3.6875,3.625,3.625,1.250857949256897,18000
1988-03-08,3.625,3.65625,3.625,3.625,1.250857949256897,2800
1988-03-09,3.625,3.6875,3.625,3.625,1.250857949256897,9600
1988-03-10,3.625,3.6875,3.625,3.6875,1.2724244594573975,4400
1988-03-11,3.6875,3.6875,3.625,3.65625,1.2616417407989502,17600
1988-03-14,3.65625,3.71875,3.65625,3.65625,1.2616417407989502,12400
1988-03-15,3.625,3.625,3.625,3.625,1.250857949256897,400
1988-03-16,3.625,3.65625,3.59375,3.65625,1.2616417407989502,11600
1988-03-17,3.65625,3.6875,3.625,3.6875,1.2724244594573975,6400
1988-03-18,3.6875,3.75,3.6875,3.75,1.2939915657043457,23600
1988-03-21,3.75,3.75,3.75,3.75,1.2939915657043457,7600
1988-03-22,3.6875,3.6875,3.6875,3.6875,1.2724244594573975,2800
1988-03-23,3.75,3.8125,3.75,3.78125,1.304774522781372,10000
1988-03-24,3.78125,3.8125,3.78125,3.8125,1.3155580759048462,6800
1988-03-25,3.8125,3.84375,3.78125,3.84375,1.3263412714004517,10000
1988-03-28,3.84375,3.84375,3.75,3.75,1.2939915657043457,48400
1988-03-29,3.75,3.75,3.6875,3.71875,1.2832081317901611,36400
1988-03-30,3.6875,3.6875,3.6875,3.6875,1.2724244594573975,1200
1988-03-31,3.6875,3.6875,3.625,3.625,1.250857949256897,82400
1988-04-04,3.5625,3.5625,3.5625,3.5625,1.229291558265686,8000
1988-04-05,3.5625,3.5625,3.5625,3.5625,1.229291558265686,0
1988-04-06,3.5625,3.65625,3.5625,3.59375,1.2400753498077393,14800
1988-04-07,3.59375,3.6875,3.59375,3.59375,1.2400753498077393,21600
1988-04-08,3.65625,3.6875,3.65625,3.6875,1.2724244594573975,6400
1988-04-11,3.6875,3.71875,3.6875,3.71875,1.2832081317901611,8800
1988-04-12,3.75,3.75,3.75,3.75,1.2939915657043457,200000
1988-04-13,3.6875,3.6875,3.625,3.625,1.250857949256897,50800
1988-04-14,3.59375,3.59375,3.59375,3.59375,1.2400753498077393,21600
1988-04-15,3.59375,3.625,3.5625,3.5625,1.229291558265686,4400
1988-04-18,3.5625,3.5625,3.5625,3.5625,1.229291558265686,0
1988-04-19,3.59375,3.78125,3.59375,3.78125,1.304774522781372,226000
1988-04-20,3.75,3.75,3.6875,3.71875,1.2832081317901611,7200
1988-04-21,3.71875,3.75,3.71875,3.75,1.2939915657043457,9200
1988-04-22,3.75,3.75,3.71875,3.75,1.2939915657043457,49600
1988-04-25,3.75,3.75,3.75,3.75,1.2939915657043457,135600
1988-04-26,3.75,3.78125,3.71875,3.78125,1.304774522781372,6000
1988-04-27,3.78125,3.8125,3.75,3.75,1.2939915657043457,16000
1988-04-28,3.75,3.75,3.75,3.75,1.2939915657043457,400
1988-04-29,3.75,3.75,3.75,3.75,1.2939915657043457,20400
1988-05-02,3.8125,3.875,3.8125,3.8125,1.3155580759048462,24800
1988-05-03,3.84375,3.875,3.84375,3.84375,1.3263412714004517,79600
1988-05-04,3.84375,3.84375,3.8125,3.84375,1.3263412714004517,12400
1988-05-05,3.84375,3.84375,3.84375,3.84375,1.3263412714004517,37200
1988-05-06,3.875,3.875,3.875,3.875,1.337124228477478,1600
1988-05-09,3.875,3.875,3.875,3.875,1.337124228477478,0
1988-05-10,3.9375,3.96875,3.9375,3.96875,1.369473934173584,5600
1988-05-11,3.96875,4.03125,3.96875,4.03125,1.3910408020019531,7600
1988-05-12,4.0625,4.125,4.0625,4.09375,1.4126074314117432,12000
1988-05-13,4.15625,4.1875,4.15625,4.1875,1.4449567794799805,6000
1988-05-16,4.21875,4.21875,4.21875,4.21875,1.4557400941848755,1600
1988-05-17,4.21875,4.21875,4.1875,4.1875,1.4449567794799805,18400
1988-05-18,4.1875,4.21875,4.125,4.125,1.4233906269073486,79600
1988-05-19,4.125,4.125,4.03125,4.09375,1.4126074314117432,163200
1988-05-20,4.0625,4.0625,4.0,4.0,1.380257487297058,21200
1988-05-23,4.0,4.0,3.875,3.90625,1.3479076623916626,24400
1988-05-24,3.90625,3.90625,3.90625,3.90625,1.3479076623916626,10400
1988-05-25,3.90625,3.90625,3.875,3.875,1.337124228477478,71600
1988-05-26,3.9375,4.0,3.9375,4.0,1.380257487297058,15200
1988-05-27,4.0,4.0,4.0,4.0,1.380257487297058,0
1988-05-31,4.03125,4.1875,4.03125,4.1875,1.4449567794799805,151600
1988-06-01,4.1875,4.21875,4.15625,4.21875,1.4557400941848755,17600
1988-06-02,4.21875,4.25,4.21875,4.21875,1.4557400941848755,8800
1988-06-03,4.21875,4.21875,4.21875,4.21875,1.4557400941848755,1200
1988-06-06,4.21875,4.21875,4.21875,4.21875,1.4557400941848755,0
1988-06-07,4.21875,4.21875,4.21875,4.21875,1.4557400941848755,0
1988-06-08,4.21875,4.25,4.1875,4.25,1.4665229320526123,6000
1988-06-09,4.25,4.28125,4.25,4.28125,1.4773069620132446,5600
1988-06-10,4.34375,4.34375,4.34375,4.34375,1.4988735914230347,4000
1988-06-13,4.34375,4.4375,4.28125,4.4375,1.5312225818634033,68000
1988-06-14,4.375,4.375,4.34375,4.34375,1.4988735914230347,59600
1988-06-15,4.375,4.40625,4.375,4.40625,1.5204393863677979,28000
1988-06-16,4.375,4.375,4.375,4.375,1.5096572637557983,8000
1988-06-17,4.375,4.40625,4.375,4.40625,1.5204393863677979,36400
1988-06-20,4.375,4.375,4.375,4.375,1.5096572637557983,8000
1988-06-21,4.40625,4.4375,4.40625,4.4375,1.5312225818634033,6000
1988-06-22,4.4375,4.5,4.4375,4.5,1.552789568901062,13200
1988-06-23,4.5,4.5,4.4375,4.5,1.552789568901062,28800
1988-06-24,4.46875,4.46875,4.4375,4.46875,1.5420067310333252,1200
1988-06-27,4.46875,4.46875,4.46875,4.46875,1.5420067310333252,0
1988-06-28,4.46875,4.5,4.46875,4.46875,1.5420067310333252,31600
1988-06-29,4.4375,4.4375,4.4375,4.4375,1.5312225818634033,1600
1988-06-30,4.4375,4.59375,4.4375,4.59375,1.5851391553878784,13600
1988-07-01,4.625,4.65625,4.625,4.65625,1.6067057847976685,7600
1988-07-05,4.65625,4.6875,4.625,4.6875,1.6174887418746948,13600
1988-07-06,4.6875,4.71875,4.65625,4.71875,1.628272294998169,6400
1988-07-07,4.65625,4.65625,4.625,4.625,1.5959223508834839,47600
1988-07-08,4.625,4.6875,4.625,4.625,1.5959223508834839,4000
1988-07-11,4.625,4.625,4.625,4.625,1.5959223508834839,2800
1988-07-12,4.625,4.625,4.625,4.625,1.5959223508834839,6000
1988-07-13,4.625,4.625,4.625,4.625,1.5959223508834839,9600
1988-07-14,4.625,4.625,4.59375,4.59375,1.5851391553878784,20000
1988-07-15,4.65625,4.65625,4.65625,4.65625,1.6067057847976685,2000
1988-07-18,4.65625,4.65625,4.65625,4.65625,1.6067057847976685,3600
1988-07-19,4.65625,4.65625,4.65625,4.65625,1.6067057847976685,6800
1988-07-20,4.59375,4.59375,4.375,4.40625,1.5204393863677979,394000
1988-07-21,4.375,4.375,4.3125,4.3125,1.4880907535552979,20800
1988-07-22,4.28125,4.28125,4.28125,4.28125,1.4773069620132446,93600
1988-07-25,4.3125,4.375,4.3125,4.3125,1.4880907535552979,33200
1988-07-26,4.3125,4.3125,4.3125,4.3125,1.4880907535552979,0
1988-07-27,4.3125,4.3125,4.3125,4.3125,1.4880907535552979,18400
1988-07-28,4.3125,4.375,4.3125,4.3125,1.4880907535552979,18000
1988-07-29,4.3125,4.375,4.3125,4.3125,1.4880907535552979,24400
1988-08-01,4.3125,4.40625,4.3125,4.40625,1.5204393863677979,20000
1988-08-02,4.40625,4.5,4.375,4.4375,1.5312225818634033,66400
1988-08-03,4.4375,4.4375,4.4375,4.4375,1.5312225818634033,0
1988-08-04,4.46875,4.5,4.46875,4.5,1.552789568901062,31600
1988-08-05,4.5,4.5,4.5,4.5,1.552789568901062,0
1988-08-08,4.5,4.5,4.5,4.5,1.552789568901062,0
1988-08-09,4.5,4.5,4.4375,4.4375,1.5312225818634033,17200
1988-08-10,4.4375,4.4375,4.4375,4.4375,1.5312225818634033,5600
1988-08-11,4.4375,4.4375,4.40625,4.4375,1.5312225818634033,8000
1988-08-12,4.4375,4.53125,4.4375,4.5,1.552789568901062,33200
1988-08-15,4.46875,4.46875,4.40625,4.4375,1.5312225818634033,37200
1988-08-16,4.46875,4.46875,4.46875,4.46875,1.5420067310333252,1600
1988-08-17,4.4375,4.4375,4.40625,4.4375,1.5312225818634033,64000
1988-08-18,4.4375,4.4375,4.4375,4.4375,1.5312225818634033,2000
1988-08-19,4.4375,4.4375,4.4375,4.4375,1.5312225818634033,10800
1988-08-22,4.40625,4.40625,4.34375,4.34375,1.4988735914230347,20400
1988-08-23,4.375,4.375,4.375,4.375,1.5096572637557983,400
1988-08-24,4.375,4.4375,4.375,4.4375,1.5312225818634033,46000
1988-08-25,4.40625,4.40625,4.375,4.40625,1.5204393863677979,20800
1988-08-26,4.4375,4.4375,4.4375,4.4375,1.5312225818634033,80000
1988-08-29,4.40625,4.40625,4.40625,4.40625,1.5204393863677979,2000
1988-08-30,4.40625,4.4375,4.40625,4.40625,1.5204393863677979,13200
1988-08-31,4.34375,4.34375,4.34375,4.34375,1.4988735914230347,6000
1988-09-01,4.34375,4.34375,4.34375,4.34375,1.4988735914230347,9600
1988-09-02,4.3125,4.3125,4.3125,4.3125,1.4880907535552979,5600
1988-09-06,4.34375,4.34375,4.34375,4.34375,1.4988735914230347,94000
1988-09-07,4.34375,4.34375,4.34375,4.34375,1.4988735914230347,3200
1988-09-08,4.34375,4.34375,4.28125,4.28125,1.4773069620132446,24000
1988-09-09,4.28125,4.28125,4.28125,4.28125,1.4773069620132446,96800
1988-09-12,4.28125,4.28125,4.28125,4.28125,1.4773069620132446,1200
1988-09-13,4.28125,4.3125,4.21875,4.3125,1.4880907535552979,28800
1988-09-14,4.28125,4.28125,4.28125,4.28125,1.4773069620132446,7600
1988-09-15,4.28125,4.3125,4.1875,4.1875,1.4449567794799805,42800
1988-09-16,4.21875,4.25,4.21875,4.21875,1.4557400941848755,6000
1988-09-19,4.21875,4.21875,4.1875,4.21875,1.4557400941848755,5200
1988-09-20,4.21875,4.21875,4.21875,4.21875,1.4557400941848755,0
1988-09-21,4.21875,4.25,4.15625,4.25,1.4665229320526123,20800
1988-09-22,4.25,4.25,4.25,4.25,1.4665229320526123,2000
1988-09-23,4.28125,4.3125,4.28125,4.28125,1.4773069620132446,15200
1988-09-26,4.3125,4.3125,4.3125,4.3125,1.4880907535552979,400
1988-09-27,4.3125,4.3125,4.3125,4.3125,1.4880907535552979,800
1988-09-28,4.25,4.25,4.25,4.25,1.4665229320526123,2400
1988-09-29,4.25,4.25,4.25,4.25,1.4665229320526123,0
1988-09-30,4.25,4.3125,4.25,4.3125,1.4880907535552979,82800
1988-10-03,4.3125,4.3125,4.3125,4.3125,1.4880907535552979,0
1988-10-04,4.28125,4.28125,4.28125,4.28125,1.4773069620132446,400
1988-10-05,4.34375,4.375,4.34375,4.375,1.5096572637557983,4400
1988-10-06,4.375,4.40625,4.34375,4.40625,1.5204393863677979,21200
1988-10-07,4.375,4.375,4.3125,4.375,1.5096572637557983,26000
1988-10-10,4.375,4.375,4.3125,4.3125,1.4880907535552979,6400
1988-10-11,4.28125,4.28125,4.28125,4.28125,1.4773069620132446,14800
1988-10-12,4.28125,4.28125,4.21875,4.25,1.4665229320526123,15200
1988-10-13,4.25,4.25,4.21875,4.25,1.4665229320526123,65200
1988-10-14,4.21875,4.21875,4.21875,4.21875,1.4557400941848755,800
1988-10-17,4.21875,4.21875,4.125,4.1875,1.4449567794799805,109600
1988-10-18,4.125,4.125,4.125,4.125,1.4233906269073486,52000
1988-10-19,4.1875,4.1875,4.1875,4.1875,1.4449567794799805,104400
1988-10-20,4.1875,4.1875,4.15625,4.1875,1.4449567794799805,68400
1988-10-21,4.1875,4.21875,4.15625,4.21875,1.4557400941848755,12800
1988-10-24,4.21875,4.21875,4.21875,4.21875,1.4557400941848755,8000
1988-10-25,4.1875,4.1875,4.1875,4.1875,1.4449567794799805,800
1988-10-26,4.1875,4.1875,4.1875,4.1875,1.4449567794799805,0
1988-10-27,4.21875,4.25,4.21875,4.25,1.4665229320526123,475600
1988-10-28,4.25,4.25,4.25,4.25,1.4665229320526123,4400
1988-10-31,4.25,4.3125,4.21875,4.25,1.4665229320526123,78400
1988-11-01,4.3125,4.375,4.3125,4.375,1.5096572637557983,16400
1988-11-02,4.34375,4.34375,4.34375,4.34375,1.4988735914230347,3600
1988-11-03,4.34375,4.40625,4.3125,4.40625,1.5204393863677979,18800
1988-11-04,4.40625,4.4375,4.375,4.375,1.5096572637557983,108400
1988-11-07,4.375,4.4375,4.375,4.4375,1.5312225818634033,21600
1988-11-08,4.46875,4.5,4.46875,4.5,1.552789568901062,167200
1988-11-09,4.5625,4.78125,4.5625,4.625,1.5959223508834839,742400
1988-11-10,4.625,4.65625,4.59375,4.625,1.5959223508834839,96400
1988-11-11,4.59375,4.59375,4.5625,4.5625,1.5743564367294312,168800
1988-11-14,4.53125,4.53125,4.53125,4.53125,1.5635730028152466,82400
1988-11-15,4.5,4.5,4.46875,4.46875,1.5420067310333252,343600
1988-11-16,4.5,4.5,4.5,4.5,1.552789568901062,800
1988-11-17,4.4375,4.4375,4.4375,4.4375,1.5312225818634033,8000
1988-11-18,4.4375,4.4375,4.40625,4.4375,1.5312225818634033,46000
1988-11-21,4.46875,4.5,4.46875,4.5,1.552789568901062,27200
1988-11-22,4.46875,4.46875,4.46875,4.46875,1.5420067310333252,58800
1988-11-23,4.46875,4.46875,4.46875,4.46875,1.5420067310333252,7600
1988-11-25,4.46875,4.46875,4.46875,4.46875,1.5420067310333252,1200
1988-11-28,4.46875,4.5,4.46875,4.46875,1.5420067310333252,36800
1988-11-29,4.46875,4.46875,4.40625,4.40625,1.5204393863677979,42000
1988-11-30,4.40625,4.40625,4.40625,4.40625,1.5204393863677979,66400
1988-12-01,4.4375,4.46875,4.4375,4.46875,1.5420067310333252,77600
1988-12-02,4.4375,4.4375,4.4375,4.4375,1.5312225818634033,4800
1988-12-05,4.4375,4.4375,4.375,4.375,1.5096572637557983,16400
1988-12-06,4.375,4.375,4.375,4.375,1.5096572637557983,4000
1988-12-07,4.375,4.375,4.375,4.375,1.5096572637557983,0
1988-12-08,4.375,4.40625,4.34375,4.34375,1.4988735914230347,22400
1988-12-09,4.34375,4.375,4.34375,4.34375,1.4988735914230347,26400
1988-12-12,4.34375,4.375,4.3125,4.3125,1.4880907535552979,8400
1988-12-13,4.3125,4.3125,4.3125,4.3125,1.4880907535552979,0
1988-12-14,4.3125,4.3125,4.25,4.25,1.4665229320526123,22000
1988-12-15,4.21875,4.21875,4.15625,4.15625,1.4341742992401123,70800
1988-12-16,4.125,4.15625,4.125,4.15625,1.4341742992401123,159200
1988-12-19,4.125,4.125,4.09375,4.09375,1.4126074314117432,78400
1988-12-20,4.125,4.125,4.0625,4.0625,1.4018239974975586,69200
1988-12-21,4.03125,4.03125,4.0,4.0,1.380257487297058,30800
1988-12-22,3.96875,4.0,3.96875,4.0,1.380257487297058,22000
1988-12-23,3.96875,4.03125,3.96875,4.0,1.3906878232955933,91200
1988-12-27,4.0,4.0625,4.0,4.0625,1.4124171733856201,4400
1988-12-28,4.03125,4.0625,4.0,4.03125,1.4015525579452515,14000
1988-12-29,4.0,4.0625,4.0,4.0625,1.4124171733856201,24800
1988-12-30,4.0625,4.1875,4.03125,4.1875,1.4558757543563843,99200
1989-01-03,4.1875,4.25,4.1875,4.25,1.4776047468185425,36400
1989-01-04,4.1875,4.25,4.1875,4.21875,1.4667407274246216,10000
1989-01-05,4.1875,4.1875,4.125,4.125,1.434146761894226,14800
1989-01-06,4.125,4.125,4.09375,4.125,1.434146761894226,14000
1989-01-09,4.15625,4.1875,4.09375,4.09375,1.4232820272445679,13200
1989-01-10,4.09375,4.125,4.0625,4.0625,1.4124171733856201,22800
1989-01-11,4.0625,4.0625,4.0625,4.0625,1.4124171733856201,12000
1989-01-12,4.125,4.125,4.0625,4.0625,1.4124171733856201,12400
1989-01-13,4.0625,4.09375,4.0625,4.0625,1.4124171733856201,87200
1989-01-16,4.0625,4.09375,4.03125,4.09375,1.4232820272445679,29200
1989-01-17,4.0625,4.125,4.0625,4.0625,1.4124171733856201,10800
1989-01-18,4.125,4.125,4.0625,4.0625,1.4124171733856201,12800
1989-01-19,4.03125,4.0625,4.03125,4.0625,1.4124171733856201,26400
1989-01-20,4.0625,4.09375,4.0625,4.0625,1.4124171733856201,8000
1989-01-23,4.0625,4.125,4.0625,4.125,1.434146761894226,12400
1989-01-24,4.09375,4.25,4.09375,4.25,1.4776047468185425,228000
1989-01-25,4.25,4.25,4.25,4.25,1.4776047468185425,94400
1989-01-26,4.25,4.3125,4.25,4.3125,1.4993360042572021,14000
1989-01-27,4.3125,4.3125,4.28125,4.28125,1.4884703159332275,18400
1989-01-30,4.3125,4.34375,4.3125,4.3125,1.4993360042572021,12800
1989-01-31,4.3125,4.40625,4.3125,4.40625,1.5319292545318604,22400
1989-02-01,4.34375,4.375,4.3125,4.34375,1.5101999044418335,39600
1989-02-02,4.3125,4.3125,4.3125,4.3125,1.4993360042572021,9200
1989-02-03,4.3125,4.3125,4.3125,4.3125,1.4993360042572021,18800
1989-02-06,4.3125,4.3125,4.28125,4.28125,1.4884703159332275,70800
1989-02-07,4.34375,4.375,4.3125,4.375,1.5210649967193604,62000
1989-02-08,4.40625,4.4375,4.40625,4.4375,1.5427932739257812,12000
1989-02-09,4.375,4.5,4.375,4.5,1.5645232200622559,128000
1989-02-10,4.46875,4.46875,4.40625,4.40625,1.5319292545318604,88400
1989-02-13,4.40625,4.4375,4.40625,4.40625,1.5319292545318604,36000
1989-02-14,4.4375,4.4375,4.4375,4.4375,1.5427932739257812,8000
1989-02-15,4.4375,4.4375,4.4375,4.4375,1.5427932739257812,2000
1989-02-16,4.46875,4.53125,4.46875,4.53125,1.5753881931304932,96400
1989-02-17,4.5,4.5,4.5,4.5,1.5645232200622559,10400
1989-02-21,4.5,4.5,4.5,4.5,1.5645232200622559,6000
1989-02-22,4.5,4.53125,4.5,4.5,1.5645232200622559,120800
1989-02-23,4.5,4.5625,4.5,4.5625,1.5862534046173096,15200
1989-02-24,4.5625,4.5625,4.5625,4.5625,1.5862534046173096,12000
1989-02-27,4.5,4.5,4.5,4.5,1.5645232200622559,43600
1989-02-28,4.5,4.5625,4.5,4.5625,1.5862534046173096,25200
1989-03-01,4.5625,4.5625,4.5,4.5625,1.5862534046173096,46000
1989-03-02,4.5625,4.5625,4.53125,4.53125,1.5753881931304932,40400
1989-03-03,4.53125,4.53125,4.5,4.5,1.5645232200622559,80800
1989-03-06,4.5,4.5625,4.5,4.5625,1.5862534046173096,137200
1989-03-07,4.5625,4.5625,4.5625,4.5625,1.5862534046173096,400
1989-03-08,4.5625,4.5625,4.5625,4.5625,1.5862534046173096,8400
1989-03-09,4.5625,4.5625,4.5625,4.5625,1.5862534046173096,40000
1989-03-10,4.59375,4.59375,4.59375,4.59375,1.59711754322052,800
1989-03-13,4.5625,4.625,4.5625,4.59375,1.59711754322052,8400
1989-03-14,4.59375,4.59375,4.5625,4.5625,1.5862534046173096,5200
1989-03-15,4.5625,4.5625,4.5625,4.5625,1.5862534046173096,12000
1989-03-16,4.5625,4.59375,4.5625,4.59375,1.59711754322052,38800
1989-03-17,4.5625,4.5625,4.5625,4.5625,1.5862534046173096,1200
1989-03-20,4.53125,4.53125,4.53125,4.53125,1.5753881931304932,2000
1989-03-21,4.53125,4.5625,4.53125,4.5625,1.5862534046173096,42000
1989-03-22,4.53125,4.53125,4.5,4.5,1.5645232200622559,96400
1989-03-23,4.5,4.5,4.5,4.5,1.5645232200622559,6000
1989-03-27,4.4375,4.5,4.4375,4.5,1.5759042501449585,81200
1989-03-28,4.46875,4.5,4.46875,4.46875,1.5649617910385132,11200
1989-03-29,4.5,4.5,4.5,4.5,1.5759042501449585,10400
1989-03-30,4.4375,4.4375,4.40625,4.40625,1.5430731773376465,7200
1989-03-31,4.40625,4.46875,4.40625,4.46875,1.5649617910385132,12400
1989-04-03,4.4375,4.53125,4.4375,4.53125,1.5868488550186157,112800
1989-04-04,4.5,4.5,4.5,4.5,1.5759042501449585,66800
1989-04-05,4.5,4.5,4.5,4.5,1.5759042501449585,8000
1989-04-06,4.46875,4.5,4.46875,4.46875,1.5649617910385132,14000
1989-04-07,4.5,4.5625,4.46875,4.5625,1.5977931022644043,78800
1989-04-10,4.59375,4.65625,4.5625,4.65625,1.630624771118164,152800
1989-04-11,4.625,4.625,4.625,4.625,1.6196790933609009,18800
1989-04-12,4.65625,4.65625,4.625,4.625,1.6196790933609009,17200
1989-04-13,4.65625,4.65625,4.625,4.625,1.6196790933609009,81200
1989-04-14,4.625,4.6875,4.625,4.6875,1.6415684223175049,50400
1989-04-17,4.65625,4.71875,4.65625,4.71875,1.652511715888977,93600
1989-04-18,4.6875,4.71875,4.6875,4.71875,1.652511715888977,6400
1989-04-19,4.75,4.8125,4.75,4.78125,1.6743996143341064,44000
1989-04-20,4.71875,4.875,4.71875,4.875,1.707230806350708,109600
1989-04-21,4.875,4.875,4.875,4.875,1.707230806350708,14000
1989-04-24,4.875,4.9375,4.875,4.9375,1.7291182279586792,92800
1989-04-25,4.875,4.875,4.875,4.875,1.707230806350708,2000
1989-04-26,4.9375,4.96875,4.9375,4.96875,1.740061640739441,8000
1989-04-27,4.96875,4.96875,4.9375,4.96875,1.740061640739441,18000
1989-04-28,4.90625,4.90625,4.90625,4.90625,1.718174695968628,2400
1989-05-01,4.875,4.875,4.875,4.875,1.707230806350708,8000
1989-05-02,4.875,4.875,4.84375,4.84375,1.696286678314209,105600
1989-05-03,4.84375,4.84375,4.8125,4.8125,1.6853430271148682,22000
1989-05-04,4.84375,4.84375,4.84375,4.84375,1.696286678314209,40000
1989-05-05,4.84375,4.84375,4.75,4.75,1.6634551286697388,84000
1989-05-08,4.75,4.75,4.75,4.75,1.6634551286697388,8400
1989-05-09,4.75,4.8125,4.75,4.78125,1.6743996143341064,12400
1989-05-10,4.75,4.8125,4.75,4.8125,1.6853430271148682,91200
1989-05-11,4.8125,4.8125,4.78125,4.78125,1.6743996143341064,41200
1989-05-12,4.78125,4.84375,4.78125,4.8125,1.6853430271148682,84800
1989-05-15,4.75,4.84375,4.75,4.84375,1.696286678314209,88000
1989-05-16,4.84375,4.84375,4.84375,4.84375,1.696286678314209,0
1989-05-17,4.875,4.90625,4.875,4.90625,1.718174695968628,36400
1989-05-18,4.90625,4.90625,4.90625,4.90625,1.718174695968628,800
1989-05-19,4.90625,4.90625,4.84375,4.875,1.707230806350708,10400
1989-05-22,4.90625,4.90625,4.84375,4.84375,1.696286678314209,19600
1989-05-23,4.84375,4.84375,4.84375,4.84375,1.696286678314209,0
1989-05-24,4.875,4.96875,4.875,4.9375,1.7291182279586792,24400
1989-05-25,4.90625,4.90625,4.90625,4.90625,1.718174695968628,6400
1989-05-26,4.90625,4.90625,4.875,4.875,1.707230806350708,7200
1989-05-30,4.84375,4.84375,4.84375,4.84375,1.696286678314209,4400
1989-05-31,4.84375,4.90625,4.84375,4.90625,1.718174695968628,3200
1989-06-01,4.9375,4.9375,4.9375,4.9375,1.7291182279586792,3200
1989-06-02,4.90625,4.90625,4.90625,4.90625,1.718174695968628,800
1989-06-05,4.9375,4.9375,4.90625,4.90625,1.718174695968628,110800
1989-06-06,4.90625,4.96875,4.90625,4.96875,1.740061640739441,20000
1989-06-07,4.90625,4.9375,4.875,4.90625,1.718174695968628,222400
1989-06-08,4.875,4.9375,4.875,4.875,1.707230806350708,10400
1989-06-09,4.90625,4.90625,4.90625,4.90625,1.718174695968628,1200
1989-06-12,4.875,4.96875,4.875,4.90625,1.718174695968628,88000
1989-06-13,4.96875,4.96875,4.96875,4.96875,1.740061640739441,8800
1989-06-14,4.96875,5.0,4.90625,5.0,1.7510063648223877,58000
1989-06-15,5.0,5.0,4.90625,4.96875,1.740061640739441,43200
1989-06-16,4.90625,4.90625,4.90625,4.90625,1.718174695968628,120000
1989-06-19,4.9375,5.0,4.9375,4.96875,1.740061640739441,28400
1989-06-20,5.03125,5.03125,5.0,5.03125,1.761950135231018,14400
1989-06-21,5.03125,5.03125,5.03125,5.03125,1.761950135231018,0
1989-06-22,5.0,5.03125,4.96875,5.03125,1.761950135231018,12800
1989-06-23,5.0625,5.0625,5.0625,5.0625,1.7728941440582275,4400
1989-06-26,4.9375,4.9375,4.9375,4.9375,1.7402905225753784,2000
1989-06-27,5.0,5.0,5.0,5.0,1.7623189687728882,8000
1989-06-28,5.03125,5.03125,5.03125,5.03125,1.7733341455459595,400
1989-06-29,5.0,5.0625,5.0,5.0,1.7623189687728882,30400
1989-06-30,4.96875,5.0,4.96875,5.0,1.7623189687728882,4800
1989-07-03,4.96875,5.0625,4.96875,5.0625,1.7843496799468994,7600
1989-07-05,5.03125,5.09375,5.03125,5.09375,1.795363187789917,4400
1989-07-06,5.03125,5.09375,5.0,5.0,1.7623189687728882,89600
1989-07-07,5.0,5.03125,5.0,5.03125,1.7733341455459595,1600
1989-07-10,5.03125,5.03125,5.03125,5.03125,1.7733341455459595,400
1989-07-11,5.03125,5.03125,5.0,5.0,1.7623189687728882,72400
1989-07-12,5.0,5.03125,5.0,5.03125,1.7733341455459595,22400
1989-07-13,5.0,5.0,5.0,5.0,1.7623189687728882,1200
1989-07-14,5.0,5.0,5.0,5.0,1.7623189687728882,0
1989-07-17,4.96875,5.125,4.96875,5.125,1.8063770532608032,33600
1989-07-18,5.09375,5.09375,5.0,5.09375,1.795363187789917,129200
1989-07-19,5.09375,5.09375,5.09375,5.09375,1.795363187789917,14800
1989-07-20,5.09375,5.125,5.09375,5.125,1.8063770532608032,111200
1989-07-21,5.125,5.15625,5.125,5.15625,1.817391037940979,3600
1989-07-24,5.15625,5.1875,5.15625,5.15625,1.817391037940979,12800
1989-07-25,5.21875,5.28125,5.21875,5.28125,1.8614507913589478,6400
1989-07-26,5.3125,5.4375,5.3125,5.4375,1.9165219068527222,29200
1989-07-27,5.5,5.625,5.5,5.625,1.9826090335845947,25600
1989-07-28,5.6875,5.75,5.6875,5.75,2.0266671180725098,16000
1989-07-31,5.71875,5.75,5.71875,5.75,2.0266671180725098,6000
1989-08-01,5.8125,5.875,5.8125,5.875,2.0707242488861084,22000
1989-08-02,5.90625,5.9375,5.90625,5.9375,2.09275484085083,80800
1989-08-03,5.9375,6.1875,5.9375,6.1875,2.1808700561523438,91200
1989-08-04,6.125,6.125,5.9375,6.0625,2.136812686920166,60400
1989-08-07,6.03125,6.03125,6.03125,6.03125,2.1257989406585693,1200
1989-08-08,6.03125,6.03125,6.03125,6.03125,2.1257989406585693,19200
1989-08-09,6.0,6.03125,5.96875,6.03125,2.1257989406585693,22400
1989-08-10,6.0,6.0,5.96875,5.96875,2.1037683486938477,54800
1989-08-11,5.9375,5.9375,5.8125,5.8125,2.0486960411071777,67600
1989-08-14,5.8125,5.8125,5.78125,5.78125,2.0376813411712646,67200
1989-08-15,5.78125,5.78125,5.75,5.75,2.0266671180725098,16400
1989-08-16,5.75,5.75,5.75,5.75,2.0266671180725098,4000
1989-08-17,5.75,5.75,5.75,5.75,2.0266671180725098,3600
1989-08-18,5.75,5.8125,5.75,5.8125,2.0486960411071777,44800
1989-08-21,5.78125,5.78125,5.75,5.78125,2.0376813411712646,1600
1989-08-22,5.75,5.78125,5.75,5.78125,2.0376813411712646,4400
1989-08-23,5.71875,5.71875,5.71875,5.71875,2.0156517028808594,22000
1989-08-24,5.71875,5.71875,5.71875,5.71875,2.0156517028808594,2800
1989-08-25,5.75,5.75,5.75,5.75,2.0266671180725098,104400
1989-08-28,5.71875,5.71875,5.71875,5.71875,2.0156517028808594,1600
1989-08-29,5.6875,5.6875,5.6875,5.6875,2.004639148712158,42000
1989-08-30,5.65625,5.65625,5.59375,5.59375,1.9715956449508667,14000
1989-08-31,5.59375,5.59375,5.59375,5.59375,1.9715956449508667,10000
1989-09-01,5.5625,5.59375,5.5625,5.5625,1.9605813026428223,14800
1989-09-05,5.5625,5.5625,5.4375,5.4375,1.9165219068527222,15200
1989-09-06,5.4375,5.4375,5.375,5.375,1.8944934606552124,9600
1989-09-07,5.375,5.375,5.375,5.375,1.8944934606552124,166000
1989-09-08,5.375,5.40625,5.375,5.375,1.8944934606552124,3200
1989-09-11,5.40625,5.40625,5.40625,5.40625,1.9055087566375732,4800
1989-09-12,5.375,5.375,5.375,5.375,1.8944934606552124,400
1989-09-13,5.4375,5.4375,5.4375,5.4375,1.9165219068527222,2000
1989-09-14,5.46875,5.46875,5.46875,5.46875,1.927537202835083,9200
1989-09-15,5.5,5.5,5.5,5.5,1.938551902770996,800
1989-09-18,5.46875,5.46875,5.46875,5.46875,1.927537202835083,8400
1989-09-19,5.46875,5.46875,5.46875,5.46875,1.927537202835083,0
1989-09-20,5.5,5.5,5.5,5.5,1.938551902770996,2984800
1989-09-21,5.5,5.5,5.5,5.5,1.938551902770996,1200
1989-09-22,5.46875,5.46875,5.46875,5.46875,1.927537202835083,2000
1989-09-25,5.4375,5.4375,5.4375,5.4375,1.9279797077178955,800
1989-09-26,5.4375,5.4375,5.4375,5.4375,1.9279797077178955,0
1989-09-27,5.4375,5.4375,5.4375,5.4375,1.9279797077178955,26800
1989-09-28,5.4375,5.5,5.4375,5.5,1.9501413106918335,10400
1989-09-29,5.5,5.75,5.5,5.75,2.038783311843872,35600
1989-10-02,5.78125,5.78125,5.75,5.75,2.038783311843872,6800
1989-10-03,5.75,5.75,5.75,5.75,2.038783311843872,6400
1989-10-04,5.75,5.75,5.71875,5.71875,2.0277020931243896,7600
1989-10-05,5.71875,5.71875,5.71875,5.71875,2.0277020931243896,0
1989-10-06,5.78125,5.78125,5.78125,5.78125,2.049863338470459,800
1989-10-09,5.75,5.75,5.75,5.75,2.038783311843872,4000
1989-10-10,5.75,5.84375,5.75,5.8125,2.060944080352783,8400
1989-10-11,5.8125,5.8125,5.78125,5.78125,2.049863338470459,39600
1989-10-12,5.78125,5.78125,5.78125,5.78125,2.049863338470459,2800
1989-10-13,5.84375,5.84375,5.71875,5.71875,2.0277020931243896,43600
1989-10-16,5.75,5.75,5.75,5.75,2.038783311843872,400
1989-10-17,5.71875,5.78125,5.71875,5.78125,2.049863338470459,22800
1989-10-18,5.84375,6.03125,5.84375,6.03125,2.138507843017578,41200
1989-10-19,6.0,6.625,6.0,6.53125,2.315791368484497,209200
1989-10-20,6.53125,6.53125,6.3125,6.34375,2.249312162399292,75200
1989-10-23,6.28125,6.28125,6.125,6.125,2.171747922897339,64000
1989-10-24,6.09375,6.09375,6.09375,6.09375,2.1606664657592773,2000
1989-10-25,6.0625,6.0625,6.03125,6.0625,2.149587392807007,6800
1989-10-26,6.03125,6.09375,6.0,6.0,2.1274263858795166,84400
1989-10-27,5.9375,5.9375,5.9375,5.9375,2.1052660942077637,30000
1989-10-30,5.875,5.875,5.875,5.875,2.083103895187378,1200
1989-10-31,5.875,5.90625,5.875,5.90625,2.0941860675811768,4000
1989-11-01,5.875,6.0,5.875,6.0,2.1274263858795166,43200
1989-11-02,6.0,6.0,6.0,6.0,2.1274263858795166,0
1989-11-03,5.9375,5.96875,5.90625,5.9375,2.1052660942077637,15200
1989-11-06,6.0,6.03125,6.0,6.03125,2.138507843017578,12000
1989-11-07,6.03125,6.125,6.03125,6.125,2.171747922897339,19200
1989-11-08,6.1875,6.1875,6.125,6.125,2.171747922897339,53200
1989-11-09,6.125,6.125,6.03125,6.03125,2.138507843017578,36000
1989-11-10,6.03125,6.1875,6.03125,6.125,2.171747922897339,35600
1989-11-13,6.15625,6.1875,6.125,6.1875,2.193908214569092,4800
1989-11-14,6.21875,6.21875,6.1875,6.1875,2.193908214569092,4000
1989-11-15,6.125,6.125,6.125,6.125,2.171747922897339,43200
1989-11-16,6.125,6.125,6.09375,6.125,2.171747922897339,56800
1989-11-17,6.125,6.46875,6.125,6.375,2.260390520095825,157600
1989-11-20,6.375,6.40625,6.375,6.40625,2.2714712619781494,63600
1989-11-21,6.375,6.375,6.375,6.375,2.260390520095825,20000
1989-11-22,6.375,6.375,6.375,6.375,2.260390520095825,2800
1989-11-24,6.375,6.375,6.375,6.375,2.260390520095825,26800
1989-11-27,6.375,6.375,6.375,6.375,2.260390520095825,7200
1989-11-28,6.375,6.375,6.375,6.375,2.260390520095825,21600
1989-11-29,6.375,6.375,6.375,6.375,2.260390520095825,10000
1989-11-30,6.375,6.375,6.28125,6.28125,2.2271482944488525,18800
1989-12-01,6.3125,6.40625,6.3125,6.40625,2.2714712619781494,29600
1989-12-04,6.40625,6.40625,6.375,6.40625,2.2714712619781494,2000
1989-12-05,6.4375,6.4375,6.375,6.375,2.260390520095825,5600
1989-12-06,6.40625,6.40625,6.40625,6.40625,2.2714712619781494,400
1989-12-07,6.375,6.375,6.3125,6.3125,2.238229990005493,11600
1989-12-08,6.3125,6.3125,6.3125,6.3125,2.238229990005493,2000
1989-12-11,6.28125,6.28125,6.28125,6.28125,2.2271482944488525,7200
1989-12-12,6.3125,6.3125,6.3125,6.3125,2.238229990005493,2800
1989-12-13,6.28125,6.34375,6.28125,6.34375,2.249312162399292,10400
1989-12-14,6.3125,6.3125,6.28125,6.28125,2.2271482944488525,39200
1989-12-15,6.34375,6.375,6.34375,6.375,2.260390520095825,9200
1989-12-18,6.3125,6.3125,6.25,6.28125,2.2271482944488525,32800
1989-12-19,6.25,6.25,6.1875,6.1875,2.193908214569092,12800
1989-12-20,6.1875,6.25,6.1875,6.25,2.216068983078003,2000
1989-12-21,6.1875,6.21875,6.1875,6.21875,2.204988479614258,72400
1989-12-22,6.09375,6.09375,6.09375,6.09375,2.1720192432403564,6400
1989-12-26,6.09375,6.09375,6.09375,6.09375,2.1720192432403564,400
1989-12-27,6.09375,6.09375,6.09375,6.09375,2.1720192432403564,1600
1989-12-28,6.09375,6.125,6.09375,6.125,2.183157444000244,32800
1989-12-29,6.1875,6.1875,6.15625,6.15625,2.1942968368530273,81600
1990-01-02,6.125,6.1875,6.125,6.1875,2.205434799194336,10800
1990-01-03,6.125,6.1875,6.125,6.15625,2.1942968368530273,40000
1990-01-04,6.15625,6.1875,6.15625,6.15625,2.1942968368530273,9600
1990-01-05,6.1875,6.1875,6.15625,6.15625,2.1942968368530273,27200
1990-01-08,6.15625,6.15625,6.15625,6.15625,2.1942968368530273,30400
1990-01-09,6.125,6.125,6.09375,6.09375,2.1720192432403564,72400
1990-01-10,6.09375,6.09375,6.09375,6.09375,2.1720192432403564,1600
1990-01-11,6.09375,6.09375,6.09375,6.09375,2.1720192432403564,4000
1990-01-12,6.0625,6.125,6.0625,6.0625,2.160881280899048,28000
1990-01-15,6.0625,6.0625,6.0625,6.0625,2.160881280899048,8400
1990-01-16,6.0,6.0,5.96875,6.0,2.1386027336120605,18800
1990-01-17,5.9375,5.9375,5.9375,5.9375,2.1163265705108643,20000
1990-01-18,5.9375,5.9375,5.9375,5.9375,2.1163265705108643,0
1990-01-19,5.90625,5.90625,5.875,5.875,2.094048500061035,2800
1990-01-22,5.875,5.875,5.875,5.875,2.094048500061035,12800
1990-01-23,5.875,5.875,5.875,5.875,2.094048500061035,44000
1990-01-24,5.875,5.875,5.75,5.8125,2.0717720985412598,97600
1990-01-25,5.78125,5.78125,5.75,5.75,2.049494743347168,6000
1990-01-26,5.75,5.75,5.75,5.75,2.049494743347168,7600
1990-01-29,5.6875,5.71875,5.6875,5.6875,2.027216672897339,10400
1990-01-30,5.625,5.625,5.59375,5.59375,1.9938017129898071,26800
1990-01-31,5.5625,5.59375,5.53125,5.53125,1.971524715423584,58800
1990-02-01,5.59375,5.59375,5.59375,5.59375,1.9938017129898071,7200
1990-02-02,5.5625,5.59375,5.5625,5.5625,1.9826629161834717,24800
1990-02-05,5.625,5.625,5.625,5.625,2.004940986633301,6000
1990-02-06,5.625,5.625,5.625,5.625,2.004940986633301,17200
1990-02-07,5.625,5.625,5.625,5.625,2.004940986633301,0
1990-02-08,5.59375,5.59375,5.59375,5.59375,1.9938017129898071,800
1990-02-09,5.59375,5.59375,5.59375,5.59375,1.9938017129898071,1200
1990-02-12,5.5625,5.5625,5.5625,5.5625,1.9826629161834717,9600
1990-02-13,5.5625,5.5625,5.5625,5.5625,1.9826629161834717,5600
1990-02-14,5.5625,5.5625,5.5625,5.5625,1.9826629161834717,3600
1990-02-15,5.53125,5.75,5.53125,5.75,2.049494743347168,144800
1990-02-16,5.75,5.8125,5.75,5.8125,2.0717720985412598,24000
1990-02-20,5.75,5.8125,5.75,5.8125,2.0717720985412598,9600
1990-02-21,5.75,5.75,5.75,5.75,2.049494743347168,6400
1990-02-22,5.71875,5.78125,5.71875,5.78125,2.0606324672698975,5200
1990-02-23,5.78125,5.78125,5.78125,5.78125,2.0606324672698975,0
1990-02-26,5.75,5.75,5.71875,5.71875,2.0383570194244385,35600
1990-02-27,5.75,5.75,5.75,5.75,2.049494743347168,22400
1990-02-28,5.71875,5.75,5.71875,5.71875,2.0383570194244385,15600
1990-03-01,5.78125,5.8125,5.75,5.75,2.049494743347168,24800
1990-03-02,5.75,5.75,5.75,5.75,2.049494743347168,0
1990-03-05,5.75,5.78125,5.75,5.78125,2.0606324672698975,13600
1990-03-06,5.78125,5.875,5.75,5.84375,2.0829100608825684,43200
1990-03-07,5.875,5.9375,5.875,5.90625,2.105187177658081,24000
1990-03-08,5.90625,5.90625,5.90625,5.90625,2.105187177658081,0
1990-03-09,5.96875,6.0625,5.96875,6.03125,2.1497421264648438,64400
1990-03-12,6.0625,6.0625,6.0625,6.0625,2.160881280899048,400
1990-03-13,6.03125,6.03125,6.03125,6.03125,2.1497421264648438,23200
1990-03-14,6.0625,6.21875,6.0625,6.21875,2.216573715209961,62000
1990-03-15,6.1875,6.25,6.1875,6.1875,2.205434799194336,67200
1990-03-16,6.15625,6.15625,6.15625,6.15625,2.1942968368530273,800
1990-03-19,6.15625,6.15625,6.15625,6.15625,2.1942968368530273,2000
1990-03-20,6.15625,6.15625,6.09375,6.09375,2.1720192432403564,14800
1990-03-21,6.09375,6.09375,6.09375,6.09375,2.1720192432403564,0
1990-03-22,6.09375,6.09375,6.09375,6.09375,2.1720192432403564,0
1990-03-23,6.09375,6.09375,6.0625,6.0625,2.160881280899048,41200
1990-03-26,6.0,6.0,5.96875,5.96875,2.1407063007354736,33600
1990-03-27,6.0,6.0,6.0,6.0,2.15191388130188,85600
1990-03-28,5.9375,5.9375,5.9375,5.9375,2.12949800491333,4000
1990-03-29,5.9375,5.9375,5.90625,5.9375,2.12949800491333,31600
1990-03-30,5.90625,5.90625,5.75,5.8125,2.084667444229126,59200
1990-04-02,5.75,5.75,5.6875,5.6875,2.0398335456848145,53600
1990-04-03,5.6875,5.6875,5.6875,5.6875,2.0398335456848145,0
1990-04-04,5.75,5.75,5.71875,5.71875,2.0510435104370117,2000
1990-04-05,5.71875,5.84375,5.71875,5.84375,2.095874071121216,24800
1990-04-06,5.84375,5.84375,5.78125,5.78125,2.073458194732666,78800
1990-04-09,5.75,5.75,5.6875,5.6875,2.0398335456848145,45200
1990-04-10,5.6875,5.71875,5.65625,5.71875,2.0510435104370117,22800
1990-04-11,5.71875,5.71875,5.6875,5.6875,2.0398335456848145,5600
1990-04-12,5.75,5.75,5.75,5.75,2.062250852584839,13200
1990-04-16,5.6875,5.6875,5.6875,5.6875,2.0398335456848145,8400
1990-04-17,5.71875,5.75,5.71875,5.75,2.062250852584839,21600
1990-04-18,5.75,5.75,5.6875,5.6875,2.0398335456848145,36000
1990-04-19,5.65625,5.65625,5.65625,5.65625,2.0286271572113037,24800
1990-04-20,5.71875,5.71875,5.71875,5.71875,2.0510435104370117,2000
1990-04-23,5.65625,5.65625,5.65625,5.65625,2.0286271572113037,18800
1990-04-24,5.59375,5.59375,5.53125,5.53125,1.983796238899231,93200
1990-04-25,5.5,5.5,5.375,5.40625,1.9389641284942627,364800
1990-04-26,5.40625,5.40625,5.40625,5.40625,1.9389641284942627,0
1990-04-27,5.40625,5.40625,5.375,5.375,1.9277561902999878,22000
1990-04-30,5.375,5.375,5.375,5.375,1.9277561902999878,0
1990-05-01,5.375,5.40625,5.3125,5.3125,1.9053397178649902,25600
1990-05-02,5.3125,5.375,5.3125,5.375,1.9277561902999878,91200
1990-05-03,5.3125,5.3125,5.3125,5.3125,1.9053397178649902,12800
1990-05-04,5.28125,5.28125,5.25,5.25,1.8829244375228882,1200
1990-05-07,5.3125,5.3125,5.3125,5.3125,1.9053397178649902,10800
1990-05-08,5.28125,5.28125,5.28125,5.28125,1.8941329717636108,400
1990-05-09,5.28125,5.34375,5.28125,5.34375,1.9165492057800293,54000
1990-05-10,5.34375,5.34375,5.34375,5.34375,1.9165492057800293,390800
1990-05-11,5.375,5.375,5.34375,5.34375,1.9165492057800293,45600
1990-05-14,5.375,5.375,5.375,5.375,1.9277561902999878,148400
1990-05-15,5.375,5.375,5.375,5.375,1.9277561902999878,4400
1990-05-16,5.4375,5.4375,5.40625,5.40625,1.9389641284942627,16800
1990-05-17,5.40625,5.40625,5.40625,5.40625,1.9389641284942627,0
1990-05-18,5.40625,5.40625,5.40625,5.40625,1.9389641284942627,56400
1990-05-21,5.4375,5.5,5.4375,5.5,1.972586989402771,11200
1990-05-22,5.5625,5.625,5.5625,5.625,2.0174193382263184,42800
1990-05-23,5.6875,5.71875,5.6875,5.71875,2.0510435104370117,12400
1990-05-24,5.65625,5.71875,5.65625,5.65625,2.0286271572113037,35200
1990-05-25,5.625,5.625,5.625,5.625,2.0174193382263184,10800
1990-05-29,5.59375,5.59375,5.59375,5.59375,2.006211042404175,2800
1990-05-30,5.59375,5.59375,5.59375,5.59375,2.006211042404175,0
1990-05-31,5.59375,5.59375,5.59375,5.59375,2.006211042404175,14000
1990-06-01,5.59375,5.59375,5.59375,5.59375,2.006211042404175,42000
1990-06-04,5.625,5.71875,5.625,5.65625,2.0286271572113037,26400
1990-06-05,5.65625,5.6875,5.65625,5.6875,2.0398335456848145,29600
1990-06-06,5.6875,5.71875,5.65625,5.71875,2.0510435104370117,46400
1990-06-07,5.71875,5.78125,5.71875,5.75,2.062250852584839,69200
1990-06-08,5.8125,5.8125,5.8125,5.8125,2.084667444229126,400
1990-06-11,5.8125,5.8125,5.75,5.75,2.062250852584839,15600
1990-06-12,5.75,5.75,5.6875,5.6875,2.0398335456848145,9600
1990-06-13,5.6875,5.75,5.6875,5.75,2.062250852584839,3600
1990-06-14,5.75,5.75,5.75,5.75,2.062250852584839,0
1990-06-15,5.71875,5.71875,5.6875,5.6875,2.0398335456848145,4800
1990-06-18,5.6875,5.6875,5.6875,5.6875,2.0398335456848145,6800
1990-06-19,5.6875,5.6875,5.6875,5.6875,2.0398335456848145,3600
1990-06-20,5.75,5.78125,5.75,5.78125,2.073458194732666,4800
1990-06-21,5.75,5.78125,5.75,5.78125,2.073458194732666,34000
1990-06-22,5.78125,5.8125,5.78125,5.78125,2.073458194732666,20000
1990-06-25,5.75,5.78125,5.75,5.75,2.0757153034210205,26400
1990-06-26,5.84375,5.84375,5.78125,5.78125,2.0869944095611572,8400
1990-06-27,5.78125,5.8125,5.78125,5.8125,2.0982778072357178,1200
1990-06-28,5.8125,5.8125,5.78125,5.78125,2.0869944095611572,4000
1990-06-29,5.78125,5.78125,5.75,5.75,2.0757153034210205,69600
1990-07-02,5.75,5.75,5.6875,5.6875,2.053151845932007,15200
1990-07-03,5.71875,5.71875,5.71875,5.71875,2.064434289932251,400
1990-07-05,5.6875,5.71875,5.65625,5.65625,2.041872262954712,14800
1990-07-06,5.65625,5.71875,5.65625,5.65625,2.041872262954712,2400
1990-07-09,5.65625,5.65625,5.65625,5.65625,2.041872262954712,8000
1990-07-10,5.65625,5.71875,5.65625,5.71875,2.064434289932251,19600
1990-07-11,5.65625,5.65625,5.65625,5.65625,2.041872262954712,7200
1990-07-12,5.65625,5.65625,5.625,5.625,2.0305917263031006,17200
1990-07-13,5.6875,5.6875,5.6875,5.6875,2.053151845932007,66800
1990-07-16,5.65625,5.65625,5.625,5.625,2.0305917263031006,2800
1990-07-17,5.625,5.65625,5.59375,5.59375,2.0193088054656982,128800
1990-07-18,5.59375,5.59375,5.59375,5.59375,2.0193088054656982,800
1990-07-19,5.59375,5.59375,5.59375,5.59375,2.0193088054656982,0
1990-07-20,5.59375,5.59375,5.59375,5.59375,2.0193088054656982,2400
1990-07-23,5.59375,5.65625,5.59375,5.625,2.0305917263031006,49600
1990-07-24,5.625,5.625,5.5625,5.5625,2.008028268814087,122800
1990-07-25,5.59375,5.59375,5.5625,5.59375,2.0193088054656982,58800
1990-07-26,5.59375,5.59375,5.59375,5.59375,2.0193088054656982,0
1990-07-27,5.5625,5.5625,5.5625,5.5625,2.008028268814087,20000
1990-07-30,5.59375,5.6875,5.59375,5.65625,2.041872262954712,74000
1990-07-31,5.71875,5.71875,5.71875,5.71875,2.064434289932251,8000
1990-08-01,5.6875,5.6875,5.6875,5.6875,2.053151845932007,8800
1990-08-02,5.625,5.6875,5.625,5.65625,2.041872262954712,42400
1990-08-03,5.625,5.625,5.625,5.625,2.0305917263031006,800
1990-08-06,5.625,5.625,5.625,5.625,2.0305917263031006,8000
1990-08-07,5.625,5.625,5.5625,5.59375,2.0193088054656982,62400
1990-08-08,5.53125,5.53125,5.5,5.53125,1.996747612953186,58800
1990-08-09,5.5625,5.5625,5.5625,5.5625,2.008028268814087,28000
1990-08-10,5.53125,5.53125,5.53125,5.53125,1.996747612953186,8000
1990-08-13,5.53125,5.53125,5.53125,5.53125,1.996747612953186,0
1990-08-14,5.5,5.5,5.5,5.5,1.9854660034179688,1200
1990-08-15,5.5,5.5,5.46875,5.46875,1.9741863012313843,48400
1990-08-16,5.4375,5.4375,5.4375,5.4375,1.9629037380218506,4800
1990-08-17,5.40625,5.4375,5.40625,5.40625,1.9516234397888184,48800
1990-08-20,5.34375,5.34375,5.34375,5.34375,1.929061770439148,5200
1990-08-21,5.3125,5.3125,5.3125,5.3125,1.9177800416946411,6000
1990-08-22,5.28125,5.28125,5.28125,5.28125,1.9064990282058716,9600
1990-08-23,5.21875,5.21875,5.1875,5.1875,1.8726553916931152,46000
1990-08-24,5.1875,5.21875,5.1875,5.21875,1.8839365243911743,2400
1990-08-27,5.1875,5.1875,5.0625,5.0625,1.8275307416915894,27200
1990-08-28,5.0625,5.0625,5.0625,5.0625,1.8275307416915894,2800
1990-08-29,5.0625,5.0625,5.0625,5.0625,1.8275307416915894,6000
1990-08-30,5.0625,5.0625,5.0625,5.0625,1.8275307416915894,0
1990-08-31,5.0625,5.0625,5.0625,5.0625,1.8275307416915894,3200
1990-09-04,5.0625,5.0625,5.0625,5.0625,1.8275307416915894,800
1990-09-05,5.125,5.125,5.125,5.125,1.8500930070877075,4000
1990-09-06,5.1875,5.1875,5.1875,5.1875,1.8726553916931152,81600
1990-09-07,5.25,5.25,5.1875,5.1875,1.8726553916931152,8800
1990-09-10,5.1875,5.1875,5.1875,5.1875,1.8726553916931152,0
1990-09-11,5.25,5.25,5.21875,5.21875,1.8839365243911743,98800
1990-09-12,5.21875,5.34375,5.21875,5.34375,1.929061770439148,19600
1990-09-13,5.34375,5.375,5.1875,5.1875,1.8726553916931152,58000
1990-09-14,5.1875,5.1875,5.1875,5.1875,1.8726553916931152,0
1990-09-17,5.1875,5.1875,5.125,5.1875,1.8726553916931152,17200
1990-09-18,5.15625,5.1875,5.15625,5.1875,1.8726553916931152,12000
1990-09-19,5.1875,5.1875,5.15625,5.15625,1.8613749742507935,14800
1990-09-20,5.15625,5.15625,5.15625,5.15625,1.8613749742507935,0
1990-09-21,5.21875,5.3125,5.21875,5.3125,1.9177800416946411,14800
1990-09-24,5.28125,5.34375,5.28125,5.28125,1.9200520515441895,14800
1990-09-25,5.25,5.25,5.25,5.25,1.908691167831421,65600
1990-09-26,5.25,5.25,5.25,5.25,1.908691167831421,12400
1990-09-27,5.25,5.25,5.1875,5.1875,1.88596773147583,9600
1990-09-28,5.1875,5.1875,5.1875,5.1875,1.88596773147583,32000
1990-10-01,5.1875,5.1875,5.125,5.1875,1.88596773147583,18400
1990-10-02,5.25,5.25,5.25,5.25,1.908691167831421,60800
1990-10-03,5.3125,5.3125,5.3125,5.3125,1.9314135313034058,343200
1990-10-04,5.3125,5.3125,5.3125,5.3125,1.9314135313034058,0
1990-10-05,5.28125,5.28125,5.1875,5.21875,1.8973292112350464,16800
1990-10-08,5.25,5.25,5.1875,5.1875,1.88596773147583,28800
1990-10-09,5.1875,5.1875,5.15625,5.15625,1.8746070861816406,7200
1990-10-10,5.15625,5.15625,5.125,5.125,1.863245964050293,1200
1990-10-11,5.09375,5.09375,5.0625,5.0625,1.840522050857544,66000
1990-10-12,5.0,5.0,5.0,5.0,1.8178014755249023,4000
1990-10-15,5.0,5.0,5.0,5.0,1.8178014755249023,64000
1990-10-16,4.96875,5.0,4.96875,5.0,1.8178014755249023,44400
1990-10-17,5.0,5.0,4.9375,4.9375,1.795077919960022,4800
1990-10-18,5.0,5.0,5.0,5.0,1.8178014755249023,53200
1990-10-19,5.0625,5.0625,5.0625,5.0625,1.840522050857544,11200
1990-10-22,5.09375,5.09375,5.03125,5.03125,1.8291622400283813,9200
1990-10-23,5.0625,5.0625,5.0625,5.0625,1.840522050857544,126400
1990-10-24,5.0625,5.0625,5.0625,5.0625,1.840522050857544,14800
1990-10-25,5.0625,5.0625,5.0625,5.0625,1.840522050857544,0
1990-10-26,5.03125,5.03125,5.03125,5.03125,1.8291622400283813,4400
1990-10-29,5.09375,5.15625,5.09375,5.15625,1.8746070861816406,37200
1990-10-30,5.15625,5.15625,5.15625,5.15625,1.8746070861816406,400
1990-10-31,5.15625,5.15625,5.15625,5.15625,1.8746070861816406,0
1990-11-01,5.21875,5.21875,5.15625,5.15625,1.8746070861816406,48000
1990-11-02,5.15625,5.15625,5.09375,5.09375,1.8518849611282349,32400
1990-11-05,5.15625,5.1875,5.15625,5.1875,1.88596773147583,16800
1990-11-06,5.1875,5.1875,5.1875,5.1875,1.88596773147583,0
1990-11-07,5.21875,5.25,5.21875,5.25,1.908691167831421,33600
1990-11-08,5.25,5.34375,5.25,5.34375,1.9427753686904907,20400
1990-11-09,5.3125,5.3125,5.3125,5.3125,1.9314135313034058,7600
1990-11-12,5.375,5.375,5.375,5.375,1.9541360139846802,3600
1990-11-13,5.375,5.40625,5.375,5.40625,1.9654978513717651,8800
1990-11-14,5.46875,5.5,5.46875,5.5,1.9995802640914917,16400
1990-11-15,5.5,5.65625,5.5,5.65625,2.056386947631836,43200
1990-11-16,5.65625,5.65625,5.65625,5.65625,2.056386947631836,0
1990-11-19,5.65625,5.65625,5.65625,5.65625,2.056386947631836,0
1990-11-20,5.75,5.9375,5.75,5.9375,2.1586384773254395,66000
1990-11-21,6.03125,6.0625,6.0,6.0625,2.2040841579437256,73600
1990-11-23,6.0625,6.0625,6.0625,6.0625,2.2040841579437256,0
1990-11-26,6.03125,6.03125,6.0,6.0,2.1813621520996094,17200
1990-11-27,6.03125,6.03125,6.03125,6.03125,2.1927218437194824,25600
1990-11-28,6.09375,6.09375,6.09375,6.09375,2.2154455184936523,6400
1990-11-29,6.03125,6.03125,6.03125,6.03125,2.1927218437194824,6400
1990-11-30,6.03125,6.09375,6.0,6.03125,2.1927218437194824,29600
1990-12-03,6.09375,6.09375,6.03125,6.03125,2.1927218437194824,7200
1990-12-04,6.03125,6.03125,6.03125,6.03125,2.1927218437194824,20400
1990-12-05,6.03125,6.125,6.03125,6.125,2.2268059253692627,11200
1990-12-06,6.09375,6.09375,6.09375,6.09375,2.2154455184936523,49600
1990-12-07,6.0625,6.0625,6.03125,6.03125,2.1927218437194824,41200
1990-12-10,6.0,6.0,6.0,6.0,2.1813621520996094,18000
1990-12-11,6.0,6.0,6.0,6.0,2.1813621520996094,800
1990-12-12,6.0,6.0,6.0,6.0,2.1813621520996094,800
1990-12-13,6.0,6.0,6.0,6.0,2.1813621520996094,81600
1990-12-14,6.0,6.0,5.96875,5.96875,2.169999122619629,358000
1990-12-17,5.96875,5.96875,5.96875,5.96875,2.169999122619629,3200
1990-12-18,5.96875,5.96875,5.96875,5.96875,2.169999122619629,400
1990-12-19,5.96875,6.0,5.9375,5.9375,2.1586384773254395,16000
1990-12-20,5.9375,5.9375,5.9375,5.9375,2.1586384773254395,69200
1990-12-21,5.9375,5.9375,5.9375,5.9375,2.1586384773254395,14400
1990-12-24,5.90625,5.90625,5.90625,5.90625,2.1609251499176025,1200
1990-12-26,5.875,5.875,5.875,5.875,2.149491786956787,400
1990-12-27,5.875,5.875,5.8125,5.8125,2.1266257762908936,3600
1990-12-28,5.75,5.8125,5.75,5.75,2.1037588119506836,361200
1990-12-31,5.75,5.8125,5.75,5.8125,2.1266257762908936,5200
1991-01-02,5.75,5.75,5.65625,5.65625,2.0694568157196045,20800
1991-01-03,5.59375,5.65625,5.59375,5.65625,2.0694568157196045,4800
1991-01-04,5.65625,5.65625,5.65625,5.65625,2.0694568157196045,0
1991-01-07,5.59375,5.59375,5.5625,5.5625,2.035156726837158,6000
1991-01-08,5.53125,5.53125,5.46875,5.46875,2.000857353210449,45200
1991-01-09,5.46875,5.46875,5.46875,5.46875,2.000857353210449,0
1991-01-10,5.53125,5.53125,5.53125,5.53125,2.0237228870391846,1600
1991-01-11,5.46875,5.5,5.40625,5.40625,1.977989673614502,10000
1991-01-14,5.375,5.375,5.25,5.25,1.9208226203918457,3600
1991-01-15,5.21875,5.21875,5.125,5.125,1.875088095664978,23600
1991-01-16,5.0625,5.0625,5.0,5.0,1.829355001449585,7200
1991-01-17,5.0625,5.15625,5.0625,5.15625,1.8865232467651367,6400
1991-01-18,5.09375,5.125,5.09375,5.125,1.875088095664978,5200
1991-01-21,5.125,5.125,5.125,5.125,1.875088095664978,800
1991-01-22,5.0625,5.0625,5.0625,5.0625,1.8522214889526367,40000
1991-01-23,5.125,5.375,5.125,5.375,1.9665560722351074,248800
1991-01-24,5.4375,5.4375,5.34375,5.34375,1.9551241397857666,58400
1991-01-25,5.34375,5.4375,5.34375,5.4375,1.989423394203186,12800
1991-01-28,5.46875,5.5,5.40625,5.4375,1.989423394203186,66800
1991-01-29,5.5,5.5625,5.5,5.5,2.012289047241211,54800
1991-01-30,5.4375,5.5625,5.4375,5.5625,2.035156726837158,284400
1991-01-31,5.625,5.65625,5.625,5.65625,2.0694568157196045,62400
1991-02-01,5.71875,5.8125,5.71875,5.8125,2.1266257762908936,16400
1991-02-04,5.8125,5.96875,5.75,5.96875,2.1837918758392334,77600
1991-02-05,6.09375,6.1875,6.03125,6.0625,2.2180933952331543,79600
1991-02-06,6.0625,6.09375,5.9375,6.0625,2.2180933952331543,93600
1991-02-07,6.0625,6.1875,6.0625,6.09375,2.2295260429382324,27600
1991-02-08,6.0625,6.0625,6.0625,6.0625,2.2180933952331543,6000
1991-02-11,6.0625,6.1875,6.0,6.0,2.1952266693115234,373600
1991-02-12,6.0625,6.125,6.03125,6.09375,2.2295260429382324,78000
1991-02-13,6.09375,6.09375,6.09375,6.09375,2.2295260429382324,8400
1991-02-14,6.03125,6.03125,6.0,6.03125,2.2066595554351807,14800
1991-02-15,6.03125,6.125,6.03125,6.125,2.2409603595733643,30000
1991-02-19,6.09375,6.21875,6.09375,6.21875,2.2752597332000732,961600
1991-02-20,6.1875,6.25,6.1875,6.25,2.2866947650909424,22000
1991-02-21,6.25,6.25,6.21875,6.25,2.2866947650909424,9600
1991-02-22,6.28125,6.3125,6.25,6.3125,2.3095602989196777,164000
1991-02-25,6.375,6.375,6.25,6.25,2.2866947650909424,19600
1991-02-26,6.21875,6.21875,6.21875,6.21875,2.2752597332000732,28000
1991-02-27,6.21875,6.25,6.1875,6.1875,2.263826370239258,30800
1991-02-28,6.1875,6.375,6.1875,6.375,2.3324263095855713,39200
1991-03-01,6.3125,6.4375,6.3125,6.4375,2.3552939891815186,9200
1991-03-04,6.5,6.75,6.5,6.75,2.469627618789673,32000
1991-03-05,6.6875,7.0625,6.6875,7.0625,2.5839641094207764,146000
1991-03-06,7.0625,7.0625,6.90625,6.9375,2.538228988647461,148800
1991-03-07,6.90625,7.09375,6.90625,7.09375,2.5953962802886963,131600
1991-03-08,7.03125,7.0625,6.96875,7.0,2.5610954761505127,30400
1991-03-11,7.0,7.0,7.0,7.0,2.5610954761505127,49600
1991-03-12,6.96875,7.0625,6.96875,7.0625,2.5839641094207764,39600
1991-03-13,7.0625,7.0625,7.0625,7.0625,2.5839641094207764,0
1991-03-14,7.03125,7.09375,7.0,7.09375,2.5953962802886963,22000
1991-03-15,7.03125,7.03125,7.0,7.0,2.5610954761505127,5200
1991-03-18,7.0,7.0,7.0,7.0,2.5610954761505127,800
1991-03-19,7.0,7.0,7.0,7.0,2.5610954761505127,7600
1991-03-20,7.0,7.0,7.0,7.0,2.5610954761505127,6400
1991-03-21,7.0,7.0,7.0,7.0,2.5610954761505127,14000
1991-03-22,6.96875,7.0,6.96875,7.0,2.575815200805664,38800
1991-03-25,7.0625,7.0625,7.0,7.0,2.575815200805664,5200
1991-03-26,6.96875,7.0,6.96875,7.0,2.575815200805664,84800
1991-03-27,7.03125,7.03125,7.0,7.0,2.575815200805664,60400
1991-03-28,7.0,7.0,7.0,7.0,2.575815200805664,3600
1991-04-01,6.9375,6.96875,6.90625,6.96875,2.564316749572754,272400
1991-04-02,7.0,7.0,6.84375,6.84375,2.518319845199585,417600
1991-04-03,6.84375,6.90625,6.84375,6.875,2.529817581176758,4400
1991-04-04,6.8125,6.875,6.8125,6.875,2.529817581176758,8800
1991-04-05,6.8125,6.8125,6.8125,6.8125,2.506821870803833,4400
1991-04-08,6.875,6.90625,6.875,6.90625,2.5413174629211426,3600
1991-04-09,6.84375,6.84375,6.6875,6.6875,2.4608240127563477,17600
1991-04-10,6.6875,6.6875,6.59375,6.59375,2.426325798034668,23200
1991-04-11,6.53125,6.53125,6.5,6.5,2.391829252243042,64800
1991-04-12,6.5,6.5,6.5,6.5,2.391829252243042,1600
1991-04-15,6.5625,6.5625,6.46875,6.46875,2.3803296089172363,4800
1991-04-16,6.5,6.5625,6.46875,6.5625,2.4148266315460205,51200
1991-04-17,6.625,6.625,6.46875,6.46875,2.3803296089172363,1117200
1991-04-18,6.5,6.5,6.40625,6.40625,2.3573317527770996,33600
1991-04-19,6.375,6.375,6.375,6.375,2.3458316326141357,10400
1991-04-22,6.3125,6.3125,6.3125,6.3125,2.3228325843811035,1600
1991-04-23,6.28125,6.34375,6.28125,6.28125,2.3113343715667725,76000
1991-04-24,6.25,6.3125,6.25,6.28125,2.3113343715667725,45200
1991-04-25,6.34375,6.34375,6.34375,6.34375,2.3343324661254883,4800
1991-04-26,6.28125,6.28125,6.25,6.25,2.2998359203338623,6000
1991-04-29,6.3125,6.34375,6.25,6.25,2.2998359203338623,85600
1991-04-30,6.25,6.28125,6.125,6.25,2.2998359203338623,84400
1991-05-01,6.25,6.25,6.25,6.25,2.2998359203338623,6000
1991-05-02,6.25,6.25,6.25,6.25,2.2998359203338623,0
1991-05-03,6.25,6.25,6.25,6.25,2.2998359203338623,800
1991-05-06,6.21875,6.21875,6.15625,6.15625,2.2653379440307617,3200
1991-05-07,6.125,6.125,5.84375,5.90625,2.1733438968658447,314400
1991-05-08,5.90625,5.90625,5.875,5.875,2.1618459224700928,63600
1991-05-09,5.875,5.875,5.8125,5.875,2.1618459224700928,5200
1991-05-10,5.8125,5.875,5.8125,5.875,2.1618459224700928,14800
1991-05-13,5.875,5.875,5.84375,5.84375,2.150346040725708,20800
1991-05-14,5.875,5.875,5.71875,5.71875,2.104349374771118,7200
1991-05-15,5.71875,5.71875,5.5,5.5625,2.046853542327881,549200
1991-05-16,5.5625,5.625,5.5625,5.5625,2.046853542327881,87200
1991-05-17,5.5625,5.5625,5.5625,5.5625,2.046853542327881,0
1991-05-20,5.5625,5.625,5.5625,5.625,2.069852828979492,11200
1991-05-21,5.59375,5.65625,5.53125,5.65625,2.081350803375244,49600
1991-05-22,5.65625,5.78125,5.65625,5.78125,2.127347469329834,16400
1991-05-23,5.78125,5.78125,5.75,5.75,2.1158487796783447,62400
1991-05-24,5.8125,5.8125,5.78125,5.78125,2.127347469329834,7200
1991-05-28,5.71875,5.71875,5.6875,5.6875,2.092849016189575,104000
1991-05-29,5.6875,5.6875,5.6875,5.6875,2.092849016189575,7200
1991-05-30,5.625,5.625,5.5625,5.625,2.069852828979492,816400
1991-05-31,5.625,5.625,5.5,5.53125,2.0353543758392334,770000
1991-06-03,5.53125,5.59375,5.53125,5.59375,2.0583527088165283,66400
1991-06-04,5.59375,5.71875,5.5625,5.71875,2.104349374771118,72000
1991-06-05,5.71875,5.71875,5.71875,5.71875,2.104349374771118,22000
1991-06-06,5.71875,5.71875,5.71875,5.71875,2.104349374771118,51200
1991-06-07,5.75,5.75,5.6875,5.75,2.1158487796783447,3200
1991-06-10,5.6875,5.6875,5.59375,5.65625,2.081350803375244,17200
1991-06-11,5.59375,5.65625,5.59375,5.65625,2.081350803375244,2400
1991-06-12,5.6875,5.6875,5.5625,5.5625,2.046853542327881,50800
1991-06-13,5.59375,5.59375,5.53125,5.59375,2.0583527088165283,364000
1991-06-14,5.59375,5.65625,5.59375,5.59375,2.0583527088165283,54800
1991-06-17,5.59375,5.75,5.59375,5.75,2.1158487796783447,46000
1991-06-18,5.8125,5.96875,5.8125,5.9375,2.1848435401916504,18400
1991-06-19,5.875,5.875,5.78125,5.78125,2.127347469329834,16000
1991-06-20,5.78125,5.78125,5.78125,5.78125,2.127347469329834,0
1991-06-21,5.78125,5.8125,5.78125,5.78125,2.127347469329834,28000
1991-06-24,5.75,5.75,5.75,5.75,2.1305899620056152,19600
1991-06-25,5.75,5.8125,5.75,5.8125,2.153747081756592,4000
1991-06-26,5.8125,5.875,5.8125,5.8125,2.153747081756592,46000
1991-06-27,5.78125,5.875,5.78125,5.875,2.1769065856933594,13600
1991-06-28,5.8125,5.8125,5.78125,5.78125,2.1421704292297363,8800
1991-07-01,5.78125,5.78125,5.78125,5.78125,2.1421704292297363,0
1991-07-02,5.84375,5.875,5.84375,5.84375,2.165327310562134,10800
1991-07-03,5.78125,5.84375,5.78125,5.8125,2.153747081756592,10400
1991-07-05,5.8125,5.8125,5.8125,5.8125,2.153747081756592,0
1991-07-08,5.84375,5.84375,5.78125,5.8125,2.153747081756592,14800
1991-07-09,5.8125,5.90625,5.8125,5.84375,2.165327310562134,21200
1991-07-10,5.84375,5.84375,5.84375,5.84375,2.165327310562134,0
1991-07-11,5.84375,6.0625,5.8125,6.0625,2.2463841438293457,45200
1991-07-12,6.0625,6.0625,6.0625,6.0625,2.2463841438293457,0
1991-07-15,6.03125,6.0625,6.0,6.0625,2.2463841438293457,6800
1991-07-16,6.0625,6.0625,5.90625,5.90625,2.188486099243164,11600
1991-07-17,5.75,5.75,5.5,5.5,2.0379562377929688,231200
1991-07-18,5.4375,5.4375,5.25,5.25,1.945321798324585,179600
1991-07-19,5.25,5.25,5.125,5.125,1.8990044593811035,33200
1991-07-22,5.125,5.125,4.9375,5.0625,1.8758457899093628,519200
1991-07-23,5.09375,5.09375,4.875,4.875,1.8063687086105347,281200
1991-07-24,4.9375,4.9375,4.90625,4.90625,1.8179490566253662,116000
1991-07-25,4.96875,4.96875,4.9375,4.9375,1.8295283317565918,10400
1991-07-26,5.0,5.0625,5.0,5.0625,1.8758457899093628,48400
1991-07-29,5.0,5.0,5.0,5.0,1.8526862859725952,16400
1991-07-30,5.0,5.0625,5.0,5.0,1.8526862859725952,80800
1991-07-31,5.0,5.09375,4.96875,5.03125,1.864266037940979,104000
1991-08-01,5.0625,5.09375,5.0625,5.09375,1.8874247074127197,14000
1991-08-02,5.09375,5.09375,5.03125,5.0625,1.8758457899093628,98000
1991-08-05,5.0,5.0625,5.0,5.0625,1.8758457899093628,22000
1991-08-06,5.09375,5.15625,5.09375,5.15625,1.9105827808380127,18000
1991-08-07,5.125,5.15625,5.125,5.125,1.8990044593811035,47600
1991-08-08,5.125,5.15625,5.125,5.15625,1.9105827808380127,8800
1991-08-09,5.125,5.15625,5.125,5.125,1.8990044593811035,28800
1991-08-12,5.09375,5.125,5.03125,5.125,1.8990044593811035,222000
1991-08-13,5.15625,5.15625,5.09375,5.09375,1.8874247074127197,15200
1991-08-14,5.125,5.125,5.09375,5.125,1.8990044593811035,70000
1991-08-15,5.125,5.125,5.125,5.125,1.8990044593811035,0
1991-08-16,5.125,5.125,5.125,5.125,1.8990044593811035,17600
1991-08-19,5.0625,5.09375,5.0625,5.09375,1.8874247074127197,22400
1991-08-20,5.0625,5.0625,5.0,5.0,1.8526862859725952,57600
1991-08-21,5.0,5.0625,5.0,5.03125,1.864266037940979,27200
1991-08-22,5.0,5.0,5.0,5.0,1.8526862859725952,4000
1991-08-23,5.03125,5.09375,5.03125,5.0625,1.8758457899093628,10000
1991-08-26,5.0625,5.0625,4.96875,4.96875,1.841107726097107,328000
1991-08-27,4.96875,5.0,4.96875,5.0,1.8526862859725952,86800
1991-08-28,4.96875,5.0,4.96875,5.0,1.8526862859725952,69200
1991-08-29,5.0,5.0,4.96875,5.0,1.8526862859725952,18000
1991-08-30,4.96875,5.0,4.96875,5.0,1.8526862859725952,34400
1991-09-03,4.96875,4.96875,4.9375,4.96875,1.841107726097107,52000
1991-09-04,4.9375,4.9375,4.90625,4.90625,1.8179490566253662,20000
1991-09-05,4.9375,5.0625,4.9375,5.0625,1.8758457899093628,53200
1991-09-06,5.0625,5.0625,4.96875,4.96875,1.841107726097107,128800
1991-09-09,4.96875,4.96875,4.875,4.875,1.8063687086105347,66000
1991-09-10,4.9375,4.9375,4.875,4.875,1.8063687086105347,16000
1991-09-11,4.9375,4.96875,4.9375,4.96875,1.841107726097107,15600
1991-09-12,5.0,5.0,4.90625,4.90625,1.8179490566253662,28400
1991-09-13,4.96875,4.96875,4.96875,4.96875,1.841107726097107,12400
1991-09-16,4.9375,4.9375,4.9375,4.9375,1.8295283317565918,17200
1991-09-17,4.875,4.875,4.75,4.75,1.7600529193878174,204000
1991-09-18,4.8125,4.90625,4.8125,4.90625,1.8179490566253662,24000
1991-09-19,4.9375,4.9375,4.90625,4.9375,1.8295283317565918,24000
1991-09-20,4.9375,4.9375,4.875,4.875,1.8063687086105347,32400
1991-09-23,4.875,4.90625,4.875,4.875,1.8063687086105347,30400
1991-09-24,4.8125,4.8125,4.8125,4.8125,1.7979631423950195,1200
1991-09-25,4.8125,4.8125,4.8125,4.8125,1.7979631423950195,48000
1991-09-26,4.8125,4.8125,4.78125,4.78125,1.7862881422042847,23200
1991-09-27,4.78125,4.90625,4.78125,4.875,1.8213129043579102,62400
1991-09-30,4.875,4.90625,4.84375,4.90625,1.8329887390136719,19200
1991-10-01,4.90625,4.90625,4.90625,4.90625,1.8329887390136719,0
1991-10-02,4.875,4.90625,4.875,4.875,1.8213129043579102,35600
1991-10-03,4.875,4.875,4.875,4.875,1.8213129043579102,400
1991-10-04,4.875,4.875,4.875,4.875,1.8213129043579102,14800
1991-10-07,4.90625,4.90625,4.90625,4.90625,1.8329887390136719,5200
1991-10-08,4.8125,4.8125,4.8125,4.8125,1.7979631423950195,40400
1991-10-09,4.78125,4.78125,4.78125,4.78125,1.7862881422042847,10800
1991-10-10,4.75,4.75,4.75,4.75,1.7746139764785767,20000
1991-10-11,4.78125,4.78125,4.78125,4.78125,1.7862881422042847,800
1991-10-14,4.75,4.75,4.75,4.75,1.7746139764785767,64000
1991-10-15,4.75,4.75,4.75,4.75,1.7746139764785767,1200
1991-10-16,4.75,4.75,4.75,4.75,1.7746139764785767,42000
1991-10-17,4.8125,4.875,4.8125,4.875,1.8213129043579102,20800
1991-10-18,4.875,4.875,4.875,4.875,1.8213129043579102,1600
1991-10-21,4.9375,5.0,4.9375,5.0,1.8680137395858765,65200
1991-10-22,4.9375,4.9375,4.9375,4.9375,1.8446639776229858,3600
1991-10-23,4.9375,4.9375,4.9375,4.9375,1.8446639776229858,265600
1991-10-24,4.96875,5.0,4.96875,5.0,1.8680137395858765,195600
1991-10-25,5.0,5.0,5.0,5.0,1.8680137395858765,7200
1991-10-28,5.0,5.0,5.0,5.0,1.8680137395858765,2400
1991-10-29,5.0,5.0,5.0,5.0,1.8680137395858765,11600
1991-10-30,5.0,5.03125,5.0,5.0,1.8680137395858765,98000
1991-10-31,5.0,5.125,5.0,5.125,1.9147135019302368,106800
1991-11-01,5.15625,5.25,5.15625,5.25,1.9614161252975464,18400
1991-11-04,5.28125,5.3125,5.1875,5.28125,1.9730901718139648,37600
1991-11-05,5.28125,5.3125,5.28125,5.3125,1.984765887260437,13600
1991-11-06,5.46875,5.46875,5.375,5.375,2.008114814758301,84800
1991-11-07,5.4375,5.5,5.4375,5.5,2.0548160076141357,40400
1991-11-08,5.5625,5.6875,5.5625,5.65625,2.1131908893585205,265200
1991-11-11,5.65625,5.65625,5.65625,5.65625,2.1131908893585205,0
1991-11-12,5.6875,5.75,5.6875,5.6875,2.124866008758545,223200
1991-11-13,5.71875,5.75,5.71875,5.75,2.148216724395752,54400
1991-11-14,5.75,5.78125,5.75,5.75,2.148216724395752,33200
1991-11-15,5.75,5.75,5.65625,5.65625,2.1131908893585205,121600
1991-11-18,5.75,5.75,5.65625,5.65625,2.1131908893585205,44800
1991-11-19,5.65625,5.65625,5.59375,5.59375,2.0898396968841553,44400
1991-11-20,5.59375,5.59375,5.59375,5.59375,2.0898396968841553,35200
1991-11-21,5.59375,5.59375,5.59375,5.59375,2.0898396968841553,0
1991-11-22,5.53125,5.53125,5.5,5.5,2.0548160076141357,24800
1991-11-25,5.4375,5.4375,5.4375,5.4375,2.0314667224884033,8400
1991-11-26,5.5,5.5,5.46875,5.46875,2.043140172958374,66800
1991-11-27,5.46875,5.46875,5.4375,5.4375,2.0314667224884033,15200
1991-11-29,5.5,5.5,5.5,5.5,2.0548160076141357,14000
1991-12-02,5.5,5.5,5.4375,5.5,2.0548160076141357,25600
1991-12-03,5.5,5.5,5.5,5.5,2.0548160076141357,21600
1991-12-04,5.4375,5.5,5.375,5.4375,2.0314667224884033,56000
1991-12-05,5.4375,5.4375,5.4375,5.4375,2.0314667224884033,24400
1991-12-06,5.4375,5.4375,5.4375,5.4375,2.0314667224884033,0
1991-12-09,5.4375,5.4375,5.4375,5.4375,2.0314667224884033,0
1991-12-10,5.375,5.375,5.3125,5.34375,1.99643874168396,27600
1991-12-11,5.34375,5.34375,5.34375,5.34375,1.99643874168396,0
1991-12-12,5.3125,5.3125,5.3125,5.3125,1.984765887260437,15200
1991-12-13,5.375,5.375,5.3125,5.3125,1.984765887260437,24000
1991-12-16,5.375,5.375,5.375,5.375,2.008114814758301,110000
1991-12-17,5.4375,5.4375,5.4375,5.4375,2.0314667224884033,38000
1991-12-18,5.4375,5.4375,5.34375,5.40625,2.0197904109954834,80400
1991-12-19,5.4375,5.53125,5.4375,5.5,2.0548160076141357,42000
1991-12-20,5.53125,5.5625,5.53125,5.5625,2.0781660079956055,531600
1991-12-23,5.5625,5.625,5.5,5.625,2.101515054702759,34800
1991-12-24,5.5625,5.625,5.53125,5.625,2.1165664196014404,36800
1991-12-26,5.625,5.625,5.625,5.625,2.1165664196014404,13200
1991-12-27,5.625,5.625,5.625,5.625,2.1165664196014404,52400
1991-12-30,5.65625,5.6875,5.4375,5.5,2.069533109664917,379600
1991-12-31,5.46875,5.59375,5.40625,5.59375,2.1048073768615723,47600
1992-01-02,5.59375,5.59375,5.53125,5.59375,2.1048073768615723,49200
1992-01-03,5.5625,5.625,5.5625,5.59375,2.1048073768615723,33200
1992-01-06,5.65625,5.71875,5.65625,5.71875,2.1518442630767822,232000
1992-01-07,5.6875,5.75,5.65625,5.75,2.163602352142334,46400
1992-01-08,5.6875,5.71875,5.6875,5.71875,2.1518442630767822,10400
1992-01-09,5.6875,5.6875,5.6875,5.6875,2.140084981918335,12400
1992-01-10,5.6875,5.6875,5.625,5.625,2.1165664196014404,17600
1992-01-13,5.5,5.5625,5.40625,5.4375,2.046016216278076,33600
1992-01-14,5.5,5.5,5.4375,5.4375,2.046016216278076,98800
1992-01-15,5.5,5.6875,5.5,5.625,2.1165664196014404,53200
1992-01-16,5.625,5.75,5.625,5.75,2.163602352142334,28000
1992-01-17,5.75,5.75,5.75,5.75,2.163602352142334,0
1992-01-20,5.84375,5.84375,5.84375,5.84375,2.198878526687622,11600
1992-01-21,5.875,5.875,5.875,5.875,2.2106359004974365,14400
1992-01-22,5.9375,5.96875,5.90625,5.90625,2.222395658493042,11600
1992-01-23,5.90625,5.90625,5.90625,5.90625,2.222395658493042,4000
1992-01-24,5.90625,6.0,5.90625,6.0,2.2576723098754883,40800
1992-01-27,6.0,6.0,5.96875,6.0,2.2576723098754883,46400
1992-01-28,6.0,6.0625,6.0,6.03125,2.269430637359619,78000
1992-01-29,6.0625,6.0625,5.96875,6.0,2.2576723098754883,42400
1992-01-30,5.9375,5.9375,5.90625,5.90625,2.222395658493042,4400
1992-01-31,5.90625,5.90625,5.8125,5.84375,2.198878526687622,21200
1992-02-03,5.84375,6.0,5.84375,5.96875,2.2459142208099365,45600
1992-02-04,6.0,6.09375,6.0,6.09375,2.292947769165039,88800
1992-02-05,6.0625,6.09375,6.03125,6.03125,2.269430637359619,79200
1992-02-06,6.03125,6.03125,6.03125,6.03125,2.269430637359619,0
1992-02-07,6.0625,6.0625,6.0625,6.0625,2.28118896484375,1200
1992-02-10,6.03125,6.03125,6.03125,6.03125,2.269430637359619,400
1992-02-11,6.0,6.0,6.0,6.0,2.2576723098754883,29200
1992-02-12,5.9375,5.9375,5.9375,5.9375,2.234154462814331,9200
1992-02-13,6.0,6.0,5.96875,5.96875,2.2459142208099365,20000
1992-02-14,5.96875,6.03125,5.96875,5.96875,2.2459142208099365,9200
1992-02-18,6.03125,6.09375,6.03125,6.03125,2.269430637359619,12400
1992-02-19,6.03125,6.03125,6.03125,6.03125,2.269430637359619,20800
1992-02-20,6.0,6.0625,6.0,6.0,2.2576723098754883,16000
1992-02-21,5.96875,6.0,5.96875,6.0,2.2576723098754883,45200
1992-02-24,5.96875,6.0,5.96875,6.0,2.2576723098754883,136400
1992-02-25,6.0,6.0,6.0,6.0,2.2576723098754883,3600
1992-02-26,6.0,6.0,6.0,6.0,2.2576723098754883,10400
1992-02-27,6.0,6.125,6.0,6.125,2.3047070503234863,44000
1992-02-28,6.0625,6.0625,6.03125,6.03125,2.269430637359619,9600
1992-03-02,6.03125,6.0625,6.03125,6.0625,2.28118896484375,16000
1992-03-03,6.03125,6.03125,6.03125,6.03125,2.269430637359619,2400
1992-03-04,6.09375,6.09375,6.0625,6.09375,2.292947769165039,125200
1992-03-05,6.0625,6.0625,6.0625,6.0625,2.28118896484375,13600
1992-03-06,6.09375,6.09375,6.0625,6.09375,2.292947769165039,26000
1992-03-09,6.0625,6.09375,6.0625,6.0625,2.28118896484375,19600
1992-03-10,6.0625,6.125,6.0625,6.125,2.3047070503234863,34800
1992-03-11,6.0625,6.0625,6.0625,6.0625,2.28118896484375,400
1992-03-12,6.0625,6.0625,6.0625,6.0625,2.28118896484375,23600
1992-03-13,6.0625,6.0625,6.0625,6.0625,2.28118896484375,1600
1992-03-16,6.125,6.15625,6.09375,6.09375,2.292947769165039,5600
1992-03-17,6.15625,6.1875,6.15625,6.15625,2.316465139389038,39200
1992-03-18,6.21875,6.25,6.15625,6.25,2.3517401218414307,47200
1992-03-19,6.21875,6.3125,6.21875,6.28125,2.3635008335113525,45200
1992-03-20,6.3125,6.3125,6.28125,6.28125,2.3635008335113525,17200
1992-03-23,6.28125,6.28125,6.28125,6.28125,2.3635008335113525,0
1992-03-24,6.28125,6.28125,6.28125,6.28125,2.3635008335113525,0
1992-03-25,6.1875,6.1875,6.1875,6.1875,2.3431451320648193,36400
1992-03-26,6.21875,6.25,6.21875,6.25,2.3668127059936523,19600
1992-03-27,6.25,6.25,6.1875,6.1875,2.3431451320648193,143200
1992-03-30,6.125,6.125,6.125,6.125,2.31947660446167,3600
1992-03-31,6.0625,6.09375,6.03125,6.03125,2.283975124359131,10400
1992-04-01,6.03125,6.03125,5.9375,6.0,2.272141695022583,219200
1992-04-02,6.0,6.0,5.96875,5.96875,2.260307550430298,20400
1992-04-03,5.90625,5.90625,5.90625,5.90625,2.2366385459899902,4400
1992-04-06,5.84375,5.84375,5.84375,5.84375,2.212970495223999,3600
1992-04-07,5.75,5.8125,5.625,5.625,2.130131483078003,36800
1992-04-08,5.5625,5.5625,5.4375,5.4375,2.059129476547241,32800
1992-04-09,5.40625,5.5,5.40625,5.5,2.082797050476074,10000
1992-04-10,5.4375,5.5,5.4375,5.46875,2.0709614753723145,26800
1992-04-13,5.4375,5.5,5.4375,5.5,2.082797050476074,28400
1992-04-14,5.5,5.5,5.5,5.5,2.082797050476074,400
1992-04-15,5.46875,5.46875,5.375,5.375,2.035459280014038,81600
1992-04-16,5.40625,5.46875,5.375,5.46875,2.0709614753723145,53600
1992-04-20,5.46875,5.46875,5.40625,5.40625,2.0472934246063232,4400
1992-04-21,5.40625,5.40625,5.40625,5.40625,2.0472934246063232,0
1992-04-22,5.375,5.40625,5.34375,5.34375,2.0236244201660156,67200
1992-04-23,5.34375,5.34375,5.3125,5.34375,2.0236244201660156,84800
1992-04-24,5.34375,5.34375,5.3125,5.3125,2.0117931365966797,74400
1992-04-27,5.3125,5.3125,5.3125,5.3125,2.0117931365966797,12000
1992-04-28,5.375,5.40625,5.375,5.375,2.035459280014038,40000
1992-04-29,5.375,5.40625,5.375,5.40625,2.0472934246063232,10000
1992-04-30,5.375,5.46875,5.375,5.46875,2.0709614753723145,14800
1992-05-01,5.53125,5.78125,5.53125,5.59375,2.118297576904297,70400
1992-05-04,5.8125,5.875,5.78125,5.84375,2.212970495223999,108000
1992-05-05,5.84375,5.9375,5.84375,5.90625,2.2366385459899902,26000
1992-05-06,5.96875,6.0,5.9375,5.9375,2.248471975326538,18800
1992-05-07,6.0,6.0,6.0,6.0,2.272141695022583,800
1992-05-08,5.9375,6.0,5.9375,6.0,2.272141695022583,13200
1992-05-11,5.9375,6.09375,5.9375,6.09375,2.3076443672180176,36400
1992-05-12,6.0625,6.0625,6.0625,6.0625,2.2958083152770996,25600
1992-05-13,6.0,6.0,6.0,6.0,2.272141695022583,11600
1992-05-14,5.96875,5.96875,5.875,5.875,2.224804162979126,255600
1992-05-15,5.84375,5.84375,5.8125,5.8125,2.201136827468872,30000
1992-05-18,5.84375,5.84375,5.84375,5.84375,2.212970495223999,122000
1992-05-19,5.84375,5.84375,5.84375,5.84375,2.212970495223999,72000
1992-05-20,5.84375,5.84375,5.84375,5.84375,2.212970495223999,18000
1992-05-21,5.84375,5.84375,5.84375,5.84375,2.212970495223999,1200
1992-05-22,5.84375,5.84375,5.84375,5.84375,2.212970495223999,11200
1992-05-26,5.84375,5.84375,5.84375,5.84375,2.212970495223999,0
1992-05-27,5.84375,5.84375,5.84375,5.84375,2.212970495223999,12000
1992-05-28,5.8125,5.8125,5.8125,5.8125,2.201136827468872,1600
1992-05-29,5.84375,5.875,5.8125,5.8125,2.201136827468872,40400
1992-06-01,5.84375,6.0,5.84375,6.0,2.272141695022583,40000
1992-06-02,6.0,6.0,6.0,6.0,2.272141695022583,15600
1992-06-03,5.9375,6.0625,5.9375,6.0,2.272141695022583,10000
1992-06-04,6.0,6.0,6.0,6.0,2.272141695022583,0
1992-06-05,6.0,6.0,6.0,6.0,2.272141695022583,84000
1992-06-08,6.0,6.0,6.0,6.0,2.272141695022583,80000
1992-06-09,5.9375,5.9375,5.875,5.875,2.224804162979126,33600
1992-06-10,5.9375,5.9375,5.875,5.875,2.224804162979126,18000
1992-06-11,5.9375,5.96875,5.875,5.90625,2.2366385459899902,72000
1992-06-12,5.875,5.875,5.875,5.875,2.224804162979126,92800
1992-06-15,5.875,5.875,5.8125,5.8125,2.201136827468872,152400
1992-06-16,5.75,5.75,5.6875,5.6875,2.1537997722625732,64800
1992-06-17,5.6875,5.6875,5.59375,5.59375,2.118297576904297,76000
1992-06-18,5.59375,5.59375,5.5625,5.5625,2.1064631938934326,116800
1992-06-19,5.5625,5.625,5.5625,5.5625,2.1064631938934326,96400
1992-06-22,5.53125,5.5625,5.53125,5.53125,2.0946295261383057,31600
1992-06-23,5.5,5.5,5.3125,5.3125,2.0117931365966797,160400
1992-06-24,5.25,5.3125,5.25,5.3125,2.027055263519287,32000
1992-06-25,5.3125,5.375,5.3125,5.375,2.0509018898010254,16400
1992-06-26,5.4375,5.4375,5.4375,5.4375,2.074751138687134,10000
1992-06-29,5.46875,5.5,5.46875,5.46875,2.08667254447937,141600
1992-06-30,5.5,5.5,5.46875,5.46875,2.08667254447937,37600
1992-07-01,5.5,5.71875,5.5,5.625,2.146291732788086,209200
1992-07-02,5.6875,5.75,5.65625,5.65625,2.1582164764404297,21600
1992-07-06,5.65625,5.75,5.65625,5.75,2.1939878463745117,18800
1992-07-07,5.875,5.875,5.875,5.875,2.2416834831237793,17200
1992-07-08,6.0,6.0,6.0,6.0,2.289379596710205,26000
1992-07-09,6.0625,6.15625,6.0,6.15625,2.3489978313446045,60400
1992-07-10,6.15625,6.15625,6.09375,6.125,2.33707332611084,29200
1992-07-13,6.21875,6.25,6.21875,6.25,2.3847687244415283,17200
1992-07-14,6.25,6.25,6.25,6.25,2.3847687244415283,19600
1992-07-15,6.3125,6.375,6.1875,6.28125,2.396693706512451,61600
1992-07-16,6.3125,6.375,6.28125,6.3125,2.4086170196533203,52000
1992-07-17,6.25,6.3125,6.25,6.25,2.3847687244415283,22000
1992-07-20,6.21875,6.21875,6.125,6.125,2.33707332611084,13200
1992-07-21,6.125,6.1875,6.09375,6.1875,2.360922336578369,22800
1992-07-22,6.1875,6.1875,6.125,6.1875,2.360922336578369,35200
1992-07-23,6.125,6.125,6.09375,6.09375,2.32515025138855,12000
1992-07-24,6.0625,6.125,6.0625,6.09375,2.32515025138855,8400
1992-07-27,6.125,6.125,6.125,6.125,2.33707332611084,400
1992-07-28,6.125,6.125,6.125,6.125,2.33707332611084,0
1992-07-29,6.125,6.125,6.125,6.125,2.33707332611084,114400
1992-07-30,6.125,6.125,6.125,6.125,2.33707332611084,13600
1992-07-31,6.09375,6.09375,6.0,6.0625,2.3132262229919434,51200
1992-08-03,6.0625,6.0625,6.0,6.03125,2.301302433013916,64800
1992-08-04,6.03125,6.03125,6.03125,6.03125,2.301302433013916,8000
1992-08-05,6.0,6.0,5.96875,5.96875,2.2774553298950195,15600
1992-08-06,6.0,6.125,6.0,6.09375,2.32515025138855,20800
1992-08-07,6.1875,6.1875,6.1875,6.1875,2.360922336578369,77600
1992-08-10,6.125,6.125,6.125,6.125,2.33707332611084,4000
1992-08-11,6.03125,6.0625,6.03125,6.03125,2.301302433013916,273600
1992-08-12,6.03125,6.03125,6.03125,6.03125,2.301302433013916,1200
1992-08-13,6.03125,6.03125,6.0,6.0,2.289379596710205,440800
1992-08-14,6.03125,6.03125,6.0,6.0,2.289379596710205,228800
1992-08-17,6.09375,6.125,6.09375,6.125,2.33707332611084,14400
1992-08-18,6.09375,6.28125,6.09375,6.28125,2.396693706512451,27200
1992-08-19,6.34375,6.34375,6.25,6.25,2.3847687244415283,156800
1992-08-20,6.3125,6.3125,6.3125,6.3125,2.4086170196533203,16000
1992-08-21,6.25,6.25,6.25,6.25,2.3847687244415283,10000
1992-08-24,6.3125,6.375,6.21875,6.375,2.432464838027954,113600
1992-08-25,6.34375,6.40625,6.3125,6.3125,2.4086170196533203,3600
1992-08-26,6.3125,6.3125,6.3125,6.3125,2.4086170196533203,0
1992-08-27,6.3125,6.3125,6.3125,6.3125,2.4086170196533203,4400
1992-08-28,6.375,6.53125,6.375,6.5,2.4801595211029053,187600
1992-08-31,6.5625,6.5625,6.53125,6.5625,2.504007577896118,205600
1992-09-01,6.53125,6.5625,6.53125,6.5625,2.504007577896118,10800
1992-09-02,6.5,6.5,6.5,6.5,2.4801595211029053,13600
1992-09-03,6.5625,6.71875,6.5625,6.71875,2.563626766204834,108000
1992-09-04,6.71875,6.8125,6.71875,6.8125,2.5993988513946533,292800
1992-09-08,6.8125,6.8125,6.8125,6.8125,2.5993988513946533,250800
1992-09-09,6.8125,6.8125,6.75,6.75,2.575549840927124,238800
1992-09-10,6.6875,6.6875,6.59375,6.59375,2.515932321548462,82800
1992-09-11,6.5625,6.5625,6.5625,6.5625,2.504007577896118,104000
1992-09-14,6.625,6.625,6.625,6.625,2.5278561115264893,202400
1992-09-15,6.5625,6.5625,6.5625,6.5625,2.504007577896118,8000
1992-09-16,6.5625,6.5625,6.40625,6.40625,2.4443893432617188,20800
1992-09-17,6.46875,6.46875,6.40625,6.4375,2.456312894821167,67600
1992-09-18,6.375,6.375,6.25,6.25,2.3847687244415283,23600
1992-09-21,6.1875,6.1875,6.15625,6.1875,2.360922336578369,8000
1992-09-22,6.125,6.125,6.0625,6.0625,2.3132262229919434,68000
1992-09-23,6.0625,6.0625,6.0625,6.0625,2.3132262229919434,0
1992-09-24,6.0625,6.625,6.0625,6.625,2.544645071029663,127200
1992-09-25,6.6875,6.84375,6.6875,6.75,2.592656373977661,135200
1992-09-28,6.75,6.8125,6.75,6.8125,2.616664171218872,176800
1992-09-29,6.875,6.9375,6.875,6.90625,2.652672052383423,124400
1992-09-30,6.9375,7.0,6.9375,7.0,2.688683032989502,151200
1992-10-01,7.0,7.125,7.0,7.125,2.7366943359375,79200
1992-10-02,7.09375,7.09375,6.96875,6.96875,2.6766774654388428,102800
1992-10-05,6.90625,6.90625,6.6875,6.75,2.592656373977661,33200
1992-10-06,6.8125,7.0625,6.8125,7.0625,2.71268892288208,155200
1992-10-07,7.0,7.0625,7.0,7.03125,2.700683355331421,48800
1992-10-08,7.09375,7.15625,7.03125,7.15625,2.748695135116577,74400
1992-10-09,7.21875,7.21875,7.15625,7.15625,2.748695135116577,20400
1992-10-12,7.1875,7.1875,7.1875,7.1875,2.7607004642486572,400
1992-10-13,7.15625,7.21875,7.15625,7.21875,2.772702693939209,7200
1992-10-14,7.21875,7.25,7.15625,7.15625,2.748695135116577,4400
1992-10-15,7.1875,7.1875,7.15625,7.15625,2.748695135116577,107200
1992-10-16,7.15625,7.15625,7.15625,7.15625,2.748695135116577,54800
1992-10-19,7.21875,7.21875,6.9375,6.9375,2.6646740436553955,60000
1992-10-20,6.90625,6.90625,6.75,6.75,2.592656373977661,367600
1992-10-21,6.75,7.0625,6.75,7.0625,2.71268892288208,122000
1992-10-22,7.0,7.03125,6.875,6.90625,2.652672052383423,640400
1992-10-23,6.875,6.9375,6.875,6.9375,2.6646740436553955,125600
1992-10-26,6.90625,6.96875,6.90625,6.96875,2.6766774654388428,10400
1992-10-27,6.90625,6.9375,6.875,6.9375,2.6646740436553955,26800
1992-10-28,6.9375,6.9375,6.9375,6.9375,2.6646740436553955,77600
1992-10-29,6.96875,6.96875,6.96875,6.96875,2.6766774654388428,2000
1992-10-30,6.90625,7.0,6.90625,6.90625,2.652672052383423,34000
1992-11-02,6.875,7.0625,6.875,7.0625,2.71268892288208,49600
1992-11-03,7.0625,7.0625,7.0,7.0,2.688683032989502,39200
1992-11-04,6.96875,7.03125,6.96875,7.03125,2.700683355331421,800
1992-11-05,7.03125,7.03125,7.03125,7.03125,2.700683355331421,5200
1992-11-06,7.0,7.03125,7.0,7.03125,2.700683355331421,11200
1992-11-09,7.0,7.125,7.0,7.125,2.7366943359375,29600
1992-11-10,7.0625,7.125,7.0625,7.125,2.7366943359375,216000
1992-11-11,7.0625,7.1875,7.0625,7.1875,2.7607004642486572,24400
1992-11-12,7.21875,7.28125,7.21875,7.28125,2.79671049118042,8000
1992-11-13,7.21875,7.25,7.1875,7.25,2.784705638885498,23200
1992-11-16,7.1875,7.25,7.15625,7.25,2.784705638885498,23600
1992-11-17,7.3125,7.3125,7.125,7.125,2.7366943359375,399200
1992-11-18,7.1875,7.21875,7.1875,7.21875,2.772702693939209,25200
1992-11-19,7.1875,7.1875,7.15625,7.1875,2.7607004642486572,108400
1992-11-20,7.125,7.125,7.0625,7.0625,2.71268892288208,23200
1992-11-23,7.0,7.0,6.96875,7.0,2.688683032989502,60000
1992-11-24,6.96875,6.96875,6.90625,6.90625,2.652672052383423,3200
1992-11-25,6.90625,7.0,6.90625,7.0,2.688683032989502,44000
1992-11-27,7.0,7.0,6.90625,6.90625,2.652672052383423,19600
1992-11-30,6.90625,6.90625,6.90625,6.90625,2.652672052383423,0
1992-12-01,6.96875,7.0,6.9375,7.0,2.688683032989502,22800
1992-12-02,7.0,7.0625,7.0,7.0625,2.71268892288208,11600
1992-12-03,7.09375,7.09375,7.0625,7.09375,2.724691390991211,14000
1992-12-04,7.03125,7.03125,6.875,6.875,2.640669345855713,17200
1992-12-07,6.9375,7.0,6.9375,7.0,2.688683032989502,161600
1992-12-08,7.0,7.0,6.875,6.875,2.640669345855713,32800
1992-12-09,6.90625,6.90625,6.875,6.875,2.640669345855713,6800
1992-12-10,6.9375,6.9375,6.875,6.90625,2.652672052383423,112400
1992-12-11,6.9375,6.9375,6.84375,6.84375,2.6286675930023193,12800
1992-12-14,6.90625,6.90625,6.8125,6.90625,2.652672052383423,29600
1992-12-15,6.875,6.875,6.875,6.875,2.640669345855713,8000
1992-12-16,6.84375,6.84375,6.8125,6.8125,2.616664171218872,102800
1992-12-17,6.875,6.875,6.84375,6.84375,2.6286675930023193,14000
1992-12-18,6.90625,6.90625,6.8125,6.84375,2.6286675930023193,17600
1992-12-21,6.84375,6.9375,6.84375,6.9375,2.6646740436553955,19200
1992-12-22,6.875,6.9375,6.84375,6.9375,2.6646740436553955,68800
1992-12-23,6.9375,6.96875,6.90625,6.96875,2.6766774654388428,32800
1992-12-24,6.90625,6.90625,6.90625,6.90625,2.667987108230591,0
1992-12-28,6.90625,6.96875,6.875,6.96875,2.692131519317627,48400
1992-12-29,7.03125,7.09375,7.03125,7.03125,2.716275453567505,24000
1992-12-30,7.0,7.125,7.0,7.125,2.7524921894073486,20400
1992-12-31,7.0625,7.0625,7.0625,7.0625,2.728346824645996,1600
1993-01-04,7.0625,7.0625,6.90625,6.9375,2.680058240890503,64000
1993-01-05,6.875,6.875,6.65625,6.65625,2.571408748626709,95600
1993-01-06,6.65625,6.75,6.65625,6.75,2.6076247692108154,102400
1993-01-07,6.6875,6.6875,6.6875,6.6875,2.5834786891937256,25200
1993-01-08,6.625,6.625,6.5625,6.625,2.5593364238739014,40800
1993-01-11,6.5625,6.5625,6.5,6.5,2.51104736328125,93200
1993-01-12,6.4375,6.5,6.4375,6.4375,2.48690128326416,13600
1993-01-13,6.4375,6.4375,6.375,6.375,2.4627561569213867,98800
1993-01-14,6.375,6.4375,6.375,6.4375,2.48690128326416,11600
1993-01-15,6.375,6.4375,6.375,6.40625,2.474829912185669,128000
1993-01-18,6.40625,6.4375,6.40625,6.4375,2.48690128326416,7200
1993-01-19,6.5,6.875,6.46875,6.75,2.6076247692108154,136400
1993-01-20,6.75,6.78125,6.71875,6.71875,2.5955522060394287,52000
1993-01-21,6.65625,6.65625,6.59375,6.625,2.5593364238739014,25600
1993-01-22,6.5625,6.59375,6.53125,6.53125,2.523118257522583,7600
1993-01-25,6.59375,6.875,6.59375,6.875,2.6559150218963623,788000
1993-01-26,6.84375,7.0,6.84375,6.90625,2.667987108230591,751200
1993-01-27,6.96875,7.0,6.9375,6.96875,2.692131519317627,161200
1993-01-28,6.9375,7.0,6.9375,7.0,2.704204559326172,118400
1993-01-29,7.0,7.0,7.0,7.0,2.704204559326172,70400
1993-02-01,7.0,7.0625,6.96875,7.0625,2.728346824645996,41200
1993-02-02,7.0,7.25,7.0,7.25,2.8007824420928955,144000
1993-02-03,7.125,7.25,7.125,7.25,2.8007824420928955,165600
1993-02-04,7.25,8.25,7.15625,8.0,3.0905191898345947,518400
1993-02-05,8.15625,8.25,8.0625,8.125,3.138807773590088,1257200
1993-02-08,8.125,8.21875,8.125,8.1875,3.1629533767700195,570800
1993-02-09,8.125,8.65625,8.125,8.625,3.331965446472168,652000
1993-02-10,8.5625,8.59375,8.4375,8.59375,3.319891929626465,228000
1993-02-11,8.5625,8.59375,8.4375,8.5,3.2836759090423584,213600
1993-02-12,8.46875,8.75,8.46875,8.5,3.2836759090423584,281600
1993-02-16,8.4375,8.4375,7.90625,8.1875,3.1629533767700195,294400
1993-02-17,8.25,8.375,8.25,8.28125,3.1991701126098633,134400
1993-02-18,8.28125,8.4375,8.28125,8.28125,3.1991701126098633,93200
1993-02-19,8.25,8.46875,8.25,8.40625,3.2474591732025146,170800
1993-02-22,8.40625,8.4375,8.34375,8.40625,3.2474591732025146,86400
1993-02-23,8.34375,8.40625,8.3125,8.40625,3.2474591732025146,22800
1993-02-24,8.34375,8.34375,8.25,8.25,3.187096118927002,218400
1993-02-25,8.1875,8.3125,8.1875,8.3125,3.2112417221069336,151600
1993-02-26,8.34375,8.375,8.3125,8.375,3.235384702682495,212000
1993-03-01,8.375,8.375,8.3125,8.34375,3.2233145236968994,196000
1993-03-02,8.34375,8.5,8.34375,8.5,3.2836759090423584,246000
1993-03-03,8.5,8.53125,8.5,8.53125,3.295748472213745,233600
1993-03-04,8.5,8.5,8.4375,8.5,3.2836759090423584,146000
1993-03-05,8.5,8.59375,8.5,8.59375,3.319891929626465,38000
1993-03-08,8.59375,8.625,8.53125,8.625,3.331965446472168,74400
1993-03-09,8.5625,8.6875,8.5,8.6875,3.3561112880706787,255200
1993-03-10,8.65625,8.65625,8.40625,8.40625,3.2474591732025146,117200
1993-03-11,8.4375,8.46875,8.40625,8.4375,3.259531021118164,130400
1993-03-12,8.375,8.375,8.28125,8.3125,3.2112417221069336,24800
1993-03-15,8.375,8.46875,8.3125,8.46875,3.2716031074523926,60400
1993-03-16,8.5,8.625,8.4375,8.5625,3.307821035385132,68400
1993-03-17,8.53125,8.5625,8.4375,8.4375,3.259531021118164,48000
1993-03-18,8.46875,8.5625,8.46875,8.5625,3.307821035385132,318000
1993-03-19,8.53125,8.5625,8.5,8.5,3.2836759090423584,10800
1993-03-22,8.46875,8.53125,8.46875,8.53125,3.295748472213745,154000
1993-03-23,8.5,8.53125,8.40625,8.46875,3.2716031074523926,19200
1993-03-24,8.4375,8.46875,8.40625,8.4375,3.259531021118164,96800
1993-03-25,8.4375,8.4375,8.34375,8.34375,3.240598201751709,12800
1993-03-26,8.375,8.5,8.34375,8.4375,3.277008295059204,97600
1993-03-29,8.4375,8.5625,8.4375,8.5,3.3012828826904297,110400
1993-03-30,8.5625,8.8125,8.5625,8.78125,3.4105145931243896,263200
1993-03-31,8.84375,8.90625,8.84375,8.875,3.4469282627105713,35200
1993-04-01,8.84375,8.875,8.75,8.75,3.3983778953552246,42000
1993-04-02,8.6875,8.75,8.6875,8.75,3.3983778953552246,18000
1993-04-05,8.65625,8.71875,8.65625,8.71875,3.386242151260376,20000
1993-04-06,8.65625,8.71875,8.65625,8.71875,3.386242151260376,19600
1993-04-07,8.6875,8.875,8.6875,8.875,3.4469282627105713,109200
1993-04-08,8.84375,8.875,8.8125,8.8125,3.4226527214050293,11600
1993-04-12,8.8125,8.875,8.78125,8.875,3.4469282627105713,64800
1993-04-13,8.9375,9.09375,8.9375,9.09375,3.531885862350464,139600
1993-04-14,9.09375,9.1875,9.09375,9.1875,3.56829833984375,75600
1993-04-15,9.3125,9.34375,8.6875,8.71875,3.386242151260376,295200
1993-04-16,8.65625,8.75,8.65625,8.75,3.3983778953552246,511600
1993-04-19,8.8125,8.90625,8.75,8.8125,3.4226527214050293,46400
1993-04-20,8.75,8.75,8.5625,8.625,3.3498289585113525,158400
1993-04-21,8.65625,8.6875,8.59375,8.59375,3.337692975997925,6000
1993-04-22,8.59375,8.59375,8.5,8.5,3.3012828826904297,18400
1993-04-23,8.53125,8.53125,8.3125,8.34375,3.240598201751709,266400
1993-04-26,8.28125,8.28125,8.0625,8.0625,3.1313629150390625,39600
1993-04-27,8.0,8.0,7.96875,7.96875,3.0949525833129883,4800
1993-04-28,8.0,8.0625,8.0,8.03125,3.119225025177002,135200
1993-04-29,8.0625,8.15625,8.0625,8.15625,3.167773723602295,86400
1993-04-30,8.09375,8.40625,8.09375,8.375,3.2527341842651367,415200
1993-05-03,8.3125,8.375,8.25,8.375,3.2527341842651367,29600
1993-05-04,8.40625,8.4375,8.40625,8.4375,3.277008295059204,80000
1993-05-05,8.375,8.4375,8.375,8.4375,3.277008295059204,10000
1993-05-06,8.53125,8.53125,8.46875,8.5,3.3012828826904297,410800
1993-05-07,8.5625,8.5625,8.4375,8.5,3.3012828826904297,24400
1993-05-10,8.5,8.5,8.46875,8.5,3.3012828826904297,18800
1993-05-11,8.5,8.53125,8.46875,8.53125,3.313419818878174,34800
1993-05-12,8.59375,8.6875,8.59375,8.6875,3.374105215072632,35600
1993-05-13,8.75,8.75,8.6875,8.6875,3.374105215072632,141600
1993-05-14,8.6875,8.75,8.625,8.625,3.3498289585113525,9200
1993-05-17,8.65625,8.65625,8.625,8.625,3.3498289585113525,12800
1993-05-18,8.59375,8.59375,8.59375,8.59375,3.337692975997925,2400
1993-05-19,8.53125,8.53125,8.4375,8.46875,3.28914475440979,60000
1993-05-20,8.40625,8.4375,8.40625,8.4375,3.277008295059204,26400
1993-05-21,8.375,8.65625,8.375,8.65625,3.361966371536255,152800
1993-05-24,8.625,8.8125,8.625,8.8125,3.4226527214050293,25200
1993-05-25,8.8125,8.8125,8.6875,8.75,3.3983778953552246,35600
1993-05-26,8.6875,8.6875,8.59375,8.65625,3.361966371536255,90800
1993-05-27,8.625,8.625,8.5625,8.59375,3.337692975997925,79600
1993-05-28,8.5625,8.5625,8.34375,8.34375,3.240598201751709,1214800
1993-06-01,8.375,8.375,8.15625,8.1875,3.1799137592315674,68400
1993-06-02,8.125,8.21875,8.125,8.21875,3.1920478343963623,44000
1993-06-03,8.25,8.3125,8.1875,8.25,3.2041845321655273,117600
1993-06-04,8.1875,8.1875,8.125,8.1875,3.1799137592315674,25600
1993-06-07,8.15625,8.1875,8.15625,8.1875,3.1799137592315674,62400
1993-06-08,8.15625,8.1875,8.125,8.125,3.155637741088867,24000
1993-06-09,8.125,8.125,8.0625,8.125,3.155637741088867,50400
1993-06-10,8.0625,8.0625,7.75,7.78125,3.022130250930786,301600
1993-06-11,7.78125,7.84375,7.75,7.84375,3.0464041233062744,210400
1993-06-14,7.875,8.0,7.84375,8.0,3.107089042663574,174800
1993-06-15,8.0,8.0,7.9375,8.0,3.107089042663574,62400
1993-06-16,8.0,8.03125,8.0,8.0,3.107089042663574,42400
1993-06-17,8.03125,8.0625,8.0,8.0625,3.1313629150390625,32000
1993-06-18,8.0625,8.125,8.03125,8.0625,3.1313629150390625,69600
1993-06-21,8.0625,8.1875,8.0625,8.1875,3.1799137592315674,40800
1993-06-22,8.15625,8.1875,8.03125,8.03125,3.119225025177002,47600
1993-06-23,8.09375,8.09375,8.03125,8.03125,3.119225025177002,34000
1993-06-24,8.03125,8.125,7.96875,8.125,3.1734182834625244,75200
1993-06-25,8.125,8.15625,8.0625,8.125,3.1734182834625244,17200
1993-06-28,8.15625,8.25,8.15625,8.1875,3.1978297233581543,24400
1993-06-29,8.21875,8.3125,8.21875,8.3125,3.246652364730835,122000
1993-06-30,8.375,8.375,8.21875,8.21875,3.210035800933838,47200
1993-07-01,8.25,8.25,8.0625,8.0625,3.1490063667297363,78400
1993-07-02,8.0625,8.0625,7.9375,7.9375,3.100187063217163,36400
1993-07-06,7.96875,7.96875,7.84375,7.84375,3.0635695457458496,90400
1993-07-07,7.875,7.90625,7.78125,7.78125,3.039158821105957,14800
1993-07-08,7.84375,7.84375,7.75,7.75,3.0269525051116943,90400
1993-07-09,7.8125,7.96875,7.8125,7.96875,3.112391471862793,53600
1993-07-12,7.90625,7.9375,7.875,7.875,3.075774908065796,23600
1993-07-13,7.875,7.875,7.84375,7.84375,3.0635695457458496,1200
1993-07-14,7.90625,8.0,7.875,8.0,3.124596357345581,52800
1993-07-15,8.0,8.0,7.875,7.90625,3.0879809856414795,50000
1993-07-16,7.90625,7.90625,7.84375,7.90625,3.0879809856414795,28400
1993-07-19,7.875,7.90625,7.875,7.90625,3.0879809856414795,15200
1993-07-20,7.90625,8.03125,7.875,7.875,3.075774908065796,57600
1993-07-21,7.9375,7.96875,7.90625,7.90625,3.0879809856414795,17600
1993-07-22,7.96875,7.96875,7.875,7.875,3.075774908065796,76400
1993-07-23,7.9375,8.0,7.875,7.90625,3.0879809856414795,87200
1993-07-26,7.96875,8.0,7.9375,7.96875,3.112391471862793,141600
1993-07-27,7.9375,8.0,7.9375,8.0,3.124596357345581,84800
1993-07-28,8.0,8.0,7.90625,7.9375,3.100187063217163,23200
1993-07-29,7.96875,7.96875,7.90625,7.9375,3.100187063217163,11200
1993-07-30,7.875,7.9375,7.875,7.875,3.075774908065796,7600
1993-08-02,7.9375,7.9375,7.875,7.875,3.075774908065796,29600
1993-08-03,7.875,7.875,7.8125,7.8125,3.051363706588745,93200
1993-08-04,7.75,7.75,7.6875,7.71875,3.0147476196289062,69200
1993-08-05,7.71875,7.71875,7.5,7.5625,2.9537196159362793,81600
1993-08-06,7.625,7.625,7.375,7.4375,2.9048984050750732,184000
1993-08-09,7.4375,7.53125,7.4375,7.5,2.929307699203491,20400
1993-08-10,7.5625,7.5625,7.53125,7.5625,2.9537196159362793,19200
1993-08-11,7.59375,7.65625,7.5625,7.65625,2.9903361797332764,126800
1993-08-12,7.71875,7.75,7.6875,7.6875,3.0025432109832764,26000
1993-08-13,7.75,7.78125,7.71875,7.71875,3.0147476196289062,117600
1993-08-16,7.6875,7.78125,7.6875,7.78125,3.039158821105957,166400
1993-08-17,7.75,7.8125,7.75,7.8125,3.051363706588745,79600
1993-08-18,7.8125,7.875,7.8125,7.84375,3.0635695457458496,34800
1993-08-19,7.875,7.875,7.75,7.84375,3.0635695457458496,53600
1993-08-20,7.84375,7.84375,7.6875,7.75,3.0269525051116943,74000
1993-08-23,7.8125,7.8125,7.71875,7.71875,3.0147476196289062,17600
1993-08-24,7.75,7.875,7.75,7.875,3.075774908065796,40400
1993-08-25,7.84375,7.875,7.84375,7.875,3.075774908065796,16000
1993-08-26,7.875,7.875,7.8125,7.84375,3.0635695457458496,33600
1993-08-27,7.875,7.875,7.84375,7.875,3.075774908065796,324000
1993-08-30,7.875,7.875,7.84375,7.84375,3.0635695457458496,51600
1993-08-31,7.875,7.875,7.8125,7.875,3.075774908065796,45200
1993-09-01,7.875,7.875,7.8125,7.84375,3.0635695457458496,50400
1993-09-02,7.875,7.875,7.75,7.75,3.0269525051116943,49600
1993-09-03,7.75,7.8125,7.75,7.75,3.0269525051116943,18400
1993-09-07,7.75,7.875,7.75,7.78125,3.039158821105957,34000
1993-09-08,7.78125,7.875,7.78125,7.875,3.075774908065796,59200
1993-09-09,7.84375,8.0,7.84375,8.0,3.124596357345581,98400
1993-09-10,8.0,8.0625,8.0,8.0,3.124596357345581,33600
1993-09-13,8.0,8.03125,7.96875,8.0,3.124596357345581,22000
1993-09-14,7.9375,7.9375,7.9375,7.9375,3.100187063217163,39600
1993-09-15,7.9375,7.96875,7.90625,7.90625,3.0879809856414795,51200
1993-09-16,7.9375,7.9375,7.90625,7.9375,3.100187063217163,26400
1993-09-17,7.9375,7.96875,7.90625,7.96875,3.112391471862793,29200
1993-09-20,7.96875,7.96875,7.90625,7.90625,3.0879809856414795,45200
1993-09-21,7.90625,7.96875,7.84375,7.84375,3.0635695457458496,49600
1993-09-22,7.84375,7.875,7.71875,7.75,3.0269525051116943,77200
1993-09-23,7.71875,7.71875,7.5625,7.5625,2.9537196159362793,326000
1993-09-24,7.5625,7.71875,7.5625,7.71875,3.0327937602996826,91200
1993-09-27,7.75,7.875,7.75,7.875,3.094186544418335,34000
1993-09-28,7.9375,8.0625,7.875,8.03125,3.1555778980255127,146400
1993-09-29,8.09375,8.09375,8.03125,8.09375,3.1801371574401855,57200
1993-09-30,8.03125,8.03125,7.9375,8.0,3.1432995796203613,40800
1993-10-01,7.9375,7.96875,7.9375,7.9375,3.1187450885772705,5200
1993-10-04,7.96875,7.96875,7.90625,7.96875,3.1310229301452637,15600
1993-10-05,7.96875,8.0,7.9375,7.96875,3.1310229301452637,20800
1993-10-06,8.0,8.125,7.96875,8.125,3.1924145221710205,26000
1993-10-07,8.125,8.125,8.0625,8.125,3.1924145221710205,15200
1993-10-08,8.125,8.125,7.9375,7.96875,3.1310229301452637,31600
1993-10-11,7.9375,7.96875,7.90625,7.9375,3.1187450885772705,23600
1993-10-12,7.96875,8.0,7.9375,8.0,3.1432995796203613,42400
1993-10-13,8.0,8.46875,8.0,8.46875,3.327476978302002,364000
1993-10-14,8.53125,8.8125,8.46875,8.8125,3.462540626525879,214800
1993-10-15,8.78125,8.84375,8.75,8.84375,3.474820613861084,185600
1993-10-18,8.84375,8.875,8.78125,8.8125,3.462540626525879,42000
1993-10-19,8.84375,8.84375,8.6875,8.6875,3.413428544998169,201600
1993-10-20,8.75,8.78125,8.71875,8.78125,3.4502639770507812,70400
1993-10-21,8.8125,8.8125,8.71875,8.75,3.4379844665527344,121200
1993-10-22,8.75,8.8125,8.6875,8.6875,3.413428544998169,54800
1993-10-25,8.75,8.8125,8.6875,8.8125,3.462540626525879,54400
1993-10-26,8.78125,8.8125,8.75,8.75,3.4379844665527344,129600
1993-10-27,8.8125,8.875,8.8125,8.875,3.487097978591919,196400
1993-10-28,8.8125,8.8125,8.78125,8.78125,3.4502639770507812,40400
1993-10-29,8.8125,9.25,8.8125,9.25,3.634441375732422,105200
1993-11-01,9.25,9.25,9.0,9.125,3.5853259563446045,85600
1993-11-02,9.0625,9.0625,8.875,8.90625,3.4993767738342285,91600
1993-11-03,8.90625,8.96875,8.90625,8.9375,3.5116560459136963,153600
1993-11-04,8.96875,9.0,8.9375,8.96875,3.5239343643188477,72400
1993-11-05,8.9375,8.9375,8.875,8.9375,3.5116560459136963,19600
1993-11-08,8.9375,8.9375,8.84375,8.84375,3.474820613861084,254400
1993-11-09,8.8125,8.96875,8.8125,8.96875,3.5239343643188477,110000
1993-11-10,8.90625,9.0,8.90625,9.0,3.536214590072632,46800
1993-11-11,9.0,9.125,8.9375,9.09375,3.573049545288086,38400
1993-11-12,9.03125,9.1875,9.03125,9.1875,3.6098856925964355,32800
1993-11-15,9.1875,9.1875,9.03125,9.03125,3.548492431640625,41200
1993-11-16,9.0625,9.0625,9.0,9.03125,3.548492431640625,52000
1993-11-17,9.03125,9.0625,9.03125,9.03125,3.548492431640625,46800
1993-11-18,9.09375,9.09375,9.03125,9.03125,3.548492431640625,2400
1993-11-19,9.03125,9.0625,8.875,8.875,3.487097978591919,116800
1993-11-22,8.875,8.875,8.65625,8.71875,3.425706624984741,348800
1993-11-23,8.6875,8.6875,8.65625,8.65625,3.401149034500122,42400
1993-11-24,8.65625,8.71875,8.625,8.6875,3.413428544998169,90800
1993-11-26,8.625,8.625,8.625,8.625,3.3888697624206543,1200
1993-11-29,8.65625,8.71875,8.65625,8.71875,3.425706624984741,22000
1993-11-30,8.6875,8.6875,8.5,8.5625,3.364313840866089,129200
1993-12-01,8.5625,8.625,8.53125,8.59375,3.3765921592712402,155600
1993-12-02,8.59375,8.625,8.59375,8.625,3.3888697624206543,205600
1993-12-03,8.65625,8.65625,8.625,8.625,3.3888697624206543,4400
1993-12-06,8.6875,8.71875,8.6875,8.71875,3.425706624984741,13200
1993-12-07,8.75,8.8125,8.71875,8.71875,3.425706624984741,177600
1993-12-08,8.78125,8.8125,8.78125,8.8125,3.462540626525879,27200
1993-12-09,8.8125,8.875,8.8125,8.8125,3.462540626525879,228800
1993-12-10,8.8125,8.84375,8.8125,8.84375,3.474820613861084,32400
1993-12-13,8.8125,8.875,8.8125,8.84375,3.474820613861084,43600
1993-12-14,8.90625,8.90625,8.875,8.875,3.487097978591919,61200
1993-12-15,8.90625,8.96875,8.90625,8.96875,3.5239343643188477,24800
1993-12-16,9.0,9.0,9.0,9.0,3.536214590072632,12000
1993-12-17,9.09375,9.125,9.09375,9.125,3.5853259563446045,130800
1993-12-20,9.1875,9.28125,9.1875,9.28125,3.646721601486206,47600
1993-12-21,9.25,9.25,9.125,9.15625,3.5976057052612305,113600
1993-12-22,9.125,9.15625,8.9375,8.9375,3.5116560459136963,30400
1993-12-23,8.9375,8.9375,8.875,8.875,3.487097978591919,100800
1993-12-27,8.8125,8.90625,8.8125,8.84375,3.4925291538238525,12400
1993-12-28,8.8125,8.84375,8.75,8.84375,3.4925291538238525,19600
1993-12-29,8.875,8.96875,8.875,8.96875,3.541893243789673,15600
1993-12-30,9.0,9.0,8.9375,8.9375,3.529552698135376,8400
1993-12-31,8.96875,9.0625,8.96875,9.0625,3.578915596008301,13200
1994-01-03,9.0,9.09375,8.96875,9.0625,3.578915596008301,80400
1994-01-04,9.0,9.0,8.84375,8.875,3.5048696994781494,46400
1994-01-05,8.90625,8.9375,8.875,8.9375,3.529552698135376,220800
1994-01-06,8.96875,8.96875,8.90625,8.90625,3.5172107219696045,10400
1994-01-07,8.90625,9.0,8.90625,8.96875,3.541893243789673,167200
1994-01-10,9.0,9.09375,9.0,9.0,3.554236650466919,50800
1994-01-11,8.96875,8.96875,8.9375,8.96875,3.541893243789673,6400
1994-01-12,8.90625,8.90625,8.6875,8.6875,3.430824041366577,112400
1994-01-13,8.6875,8.6875,8.4375,8.4375,3.3320958614349365,222000
1994-01-14,8.5,8.5,8.4375,8.46875,3.344434976577759,28400
1994-01-17,8.46875,8.5,8.4375,8.4375,3.3320958614349365,508000
1994-01-18,8.46875,8.53125,8.4375,8.53125,3.3691182136535645,165200
1994-01-19,8.5,8.59375,8.46875,8.5625,3.3814594745635986,466000
1994-01-20,8.46875,8.46875,7.75,7.84375,3.0976145267486572,529600
1994-01-21,7.84375,7.84375,7.625,7.75,3.0605905055999756,249600
1994-01-24,7.75,7.75,7.5,7.5625,2.986543893814087,193600
1994-01-25,7.5625,7.625,7.375,7.46875,2.9495205879211426,491600
1994-01-26,7.4375,7.5,7.34375,7.5,2.9618608951568604,110000
1994-01-27,7.46875,7.625,7.4375,7.625,3.0112271308898926,382400
1994-01-28,7.625,7.71875,7.625,7.65625,3.023566961288452,116800
1994-01-31,7.625,7.75,7.625,7.75,3.0605905055999756,154800
1994-02-01,7.75,7.78125,7.625,7.78125,3.072932004928589,398400
1994-02-02,7.8125,8.0,7.75,7.8125,3.085273265838623,274400
1994-02-03,7.75,7.75,7.65625,7.75,3.0605905055999756,590000
1994-02-04,7.78125,7.78125,7.5625,7.5625,2.986543893814087,106800
1994-02-07,7.53125,7.6875,7.53125,7.6875,3.0359103679656982,151600
1994-02-08,7.75,8.0,7.75,8.0,3.159318447113037,82800
1994-02-09,7.9375,8.0,7.90625,7.9375,3.134639263153076,236800
1994-02-10,7.96875,7.96875,7.90625,7.90625,3.1222970485687256,25600
1994-02-11,7.90625,7.90625,7.875,7.875,3.1099557876586914,32800
1994-02-14,7.8125,7.8125,7.8125,7.8125,3.085273265838623,90400
1994-02-15,7.8125,7.90625,7.8125,7.90625,3.1222970485687256,167600
1994-02-16,7.875,7.875,7.84375,7.875,3.1099557876586914,12400
1994-02-17,7.875,7.875,7.8125,7.8125,3.085273265838623,219200
1994-02-18,7.875,7.875,7.6875,7.6875,3.0359103679656982,173600
1994-02-22,7.71875,7.75,7.71875,7.75,3.0605905055999756,55600
1994-02-23,7.75,7.75,7.625,7.6875,3.0359103679656982,197600
1994-02-24,7.625,7.625,7.5,7.5,2.9618608951568604,111600
1994-02-25,7.5,7.5,7.375,7.375,2.9124982357025146,50000
1994-02-28,7.34375,7.5625,7.34375,7.5625,2.986543893814087,74800
1994-03-01,7.5,7.5625,7.5,7.53125,2.97420597076416,24000
1994-03-02,7.5,7.59375,7.46875,7.59375,2.998884916305542,24400
1994-03-03,7.5625,7.5625,7.53125,7.53125,2.97420597076416,35600
1994-03-04,7.4375,7.46875,7.40625,7.4375,2.9371795654296875,149600
1994-03-07,7.5,7.53125,7.5,7.53125,2.97420597076416,10400
1994-03-08,7.5,7.53125,7.4375,7.4375,2.9371795654296875,503600
1994-03-09,7.40625,7.40625,7.34375,7.34375,2.9001576900482178,123200
1994-03-10,7.3125,7.3125,7.21875,7.25,2.8631327152252197,82000
1994-03-11,7.21875,7.3125,7.21875,7.21875,2.850792646408081,56400
1994-03-14,7.25,7.25,7.125,7.125,2.813770055770874,71200
1994-03-15,7.1875,7.21875,7.1875,7.21875,2.850792646408081,31600
1994-03-16,7.1875,7.1875,7.1875,7.1875,2.8384511470794678,26000
1994-03-17,7.1875,7.21875,7.15625,7.15625,2.82611083984375,86000
1994-03-18,7.1875,7.21875,7.15625,7.1875,2.8384511470794678,156000
1994-03-21,7.1875,7.21875,7.1875,7.21875,2.850792646408081,32000
1994-03-22,7.25,7.375,7.25,7.3125,2.887817144393921,80800
1994-03-23,7.25,7.3125,7.25,7.3125,2.887817144393921,41200
1994-03-24,7.28125,7.28125,7.21875,7.21875,2.850792646408081,18800
1994-03-25,7.1875,7.1875,7.15625,7.15625,2.8478071689605713,144000
1994-03-28,7.21875,7.25,7.21875,7.21875,2.8726799488067627,61200
1994-03-29,7.25,7.25,7.15625,7.15625,2.8478071689605713,50400
1994-03-30,7.15625,7.15625,7.125,7.15625,2.8478071689605713,12800
1994-03-31,7.125,7.1875,7.0625,7.125,2.835371494293213,68000
1994-04-04,7.09375,7.15625,7.03125,7.09375,2.8229355812072754,21200
1994-04-05,7.15625,7.15625,7.125,7.125,2.835371494293213,5600
1994-04-06,7.15625,7.15625,7.125,7.15625,2.8478071689605713,10400
1994-04-07,7.15625,7.1875,7.15625,7.1875,2.8602445125579834,800
1994-04-08,7.21875,7.34375,7.21875,7.3125,2.909987211227417,66400
1994-04-11,7.3125,7.34375,7.3125,7.3125,2.909987211227417,71200
1994-04-12,7.375,7.4375,7.34375,7.34375,2.922422409057617,32000
1994-04-13,7.375,7.375,7.34375,7.34375,2.922422409057617,11600
1994-04-14,7.34375,7.34375,7.34375,7.34375,2.922422409057617,1200
1994-04-15,7.40625,7.4375,7.375,7.375,2.9348578453063965,14400
1994-04-18,7.375,7.5625,7.375,7.5625,3.0094735622406006,60800
1994-04-19,7.59375,7.6875,7.59375,7.625,3.034345865249634,9600
1994-04-20,7.625,7.6875,7.625,7.6875,3.059216022491455,4400
1994-04-21,7.65625,7.71875,7.625,7.625,3.034345865249634,18800
1994-04-22,7.6875,7.71875,7.65625,7.6875,3.059216022491455,76000
1994-04-25,7.71875,7.71875,7.6875,7.71875,3.071653366088867,41600
1994-04-26,7.6875,7.703125,7.6875,7.6875,3.059216022491455,18400
1994-04-28,7.75,7.90625,7.71875,7.875,3.1338324546813965,151200
1994-04-29,7.9375,7.96875,7.9375,7.9375,3.1587042808532715,59200
1994-05-02,8.0,8.0,8.0,8.0,3.183575391769409,65200
1994-05-03,8.0,8.1875,8.0,8.1875,3.2581915855407715,120400
1994-05-04,8.1875,8.28125,8.1875,8.28125,3.295497417449951,156800
1994-05-05,8.28125,8.34375,8.28125,8.34375,3.3203704357147217,19200
1994-05-06,8.34375,8.34375,8.34375,8.34375,3.3203704357147217,26800
1994-05-09,8.3125,8.3125,8.3125,8.3125,3.3079347610473633,7200
1994-05-10,8.28125,8.3125,8.1875,8.1875,3.2581915855407715,201200
1994-05-11,8.25,8.25,8.15625,8.15625,3.2457549571990967,14000
1994-05-12,8.15625,8.15625,8.125,8.125,3.233320951461792,28000
1994-05-13,8.03125,8.03125,8.03125,8.03125,3.1960110664367676,30400
1994-05-16,8.03125,8.03125,8.0,8.0,3.183575391769409,20000
1994-05-17,8.0,8.0,7.9375,7.96875,3.1711390018463135,17600
1994-05-18,7.96875,8.03125,7.96875,8.0,3.183575391769409,20800
1994-05-19,8.03125,8.03125,8.015625,8.03125,3.1960110664367676,52000
1994-05-20,8.09375,8.09375,8.0,8.0,3.183575391769409,36000
1994-05-23,8.0,8.0,8.0,8.0,3.183575391769409,18000
1994-05-24,8.03125,8.09375,8.0,8.0,3.183575391769409,24400
1994-05-25,8.0,8.0,8.0,8.0,3.183575391769409,15600
1994-05-26,8.0625,8.0625,8.03125,8.03125,3.1960110664367676,15600
1994-05-27,8.09375,8.09375,8.0,8.0,3.183575391769409,23200
1994-05-31,8.03125,8.09375,8.03125,8.03125,3.1960110664367676,22400
1994-06-01,8.03125,8.03125,8.03125,8.03125,3.1960110664367676,16000
1994-06-02,8.0625,8.125,8.03125,8.125,3.233320951461792,51600
1994-06-03,8.09375,8.125,8.09375,8.125,3.233320951461792,11200
1994-06-06,8.15625,8.15625,8.125,8.15625,3.2457549571990967,34800
1994-06-07,8.09375,8.09375,8.09375,8.09375,3.220884323120117,12000
1994-06-08,8.09375,8.125,8.09375,8.125,3.233320951461792,7600
1994-06-09,8.09375,8.125,8.09375,8.109375,3.227099895477295,14000
1994-06-10,8.09375,8.09375,8.0625,8.0625,3.2084457874298096,16800
1994-06-13,8.0625,8.0625,8.0625,8.0625,3.2084457874298096,15600
1994-06-14,8.0625,8.0625,8.0625,8.0625,3.2084457874298096,0
1994-06-15,8.0625,8.125,8.0625,8.0625,3.2084457874298096,14400
1994-06-16,8.0625,8.09375,8.0625,8.09375,3.220884323120117,20800
1994-06-17,8.15625,8.1875,7.6875,7.78125,3.096524477005005,197600
1994-06-20,7.75,7.75,7.75,7.75,3.0840885639190674,38400
1994-06-21,7.6875,7.75,7.65625,7.65625,3.0467801094055176,130000
1994-06-22,7.625,7.71875,7.625,7.71875,3.071653366088867,14000
1994-06-23,7.71875,7.75,7.71875,7.75,3.0840885639190674,48000
1994-06-24,7.65625,7.65625,7.625,7.65625,3.0685577392578125,28000
1994-06-27,7.625,7.71875,7.625,7.6875,3.081082582473755,20400
1994-06-28,7.75,7.78125,7.6875,7.6875,3.081082582473755,36000
1994-06-29,7.75,7.75,7.6875,7.75,3.106132984161377,96000
1994-06-30,7.6875,7.8125,7.6875,7.75,3.106132984161377,78400
1994-07-01,7.71875,7.75,7.71875,7.75,3.106132984161377,15600
1994-07-05,7.78125,7.78125,7.78125,7.78125,3.118657112121582,8000
1994-07-06,7.765625,7.8125,7.75,7.78125,3.118657112121582,40000
1994-07-07,7.75,7.75,7.6875,7.71875,3.093607187271118,48800
1994-07-08,7.6875,7.71875,7.65625,7.71875,3.093607187271118,49600
1994-07-11,7.6875,7.75,7.6875,7.6875,3.081082582473755,17600
1994-07-12,7.6875,7.6875,7.65625,7.65625,3.0685577392578125,10000
1994-07-13,7.625,7.625,7.53125,7.53125,3.0184597969055176,18000
1994-07-14,7.5,7.5,7.5,7.5,3.0059351921081543,12800
1994-07-15,7.5,7.5,7.40625,7.46875,2.993407726287842,63200
1994-07-18,7.40625,7.40625,7.3125,7.3125,2.9307861328125,15200
1994-07-19,7.375,7.46875,7.25,7.4375,2.9808850288391113,53600
1994-07-20,7.4375,7.59375,7.4375,7.5625,3.030982732772827,73200
1994-07-21,7.53125,7.625,7.53125,7.53125,3.0184597969055176,23600
1994-07-22,7.5,7.5625,7.5,7.5,3.0059351921081543,23600
1994-07-25,7.5625,7.6875,7.5625,7.65625,3.0685577392578125,48400
1994-07-26,7.6875,7.71875,7.6875,7.71875,3.093607187271118,14400
1994-07-27,7.71875,7.90625,7.71875,7.859375,3.149968147277832,72800
1994-07-28,7.90625,8.0,7.90625,7.9375,3.1812798976898193,100400
1994-07-29,7.9375,7.96875,7.90625,7.90625,3.168757200241089,89200
1994-08-01,7.9375,8.0,7.9375,8.0,3.2063307762145996,152000
1994-08-02,8.0,8.0625,8.0,8.0625,3.2313785552978516,131600
1994-08-03,8.03125,8.09375,8.0,8.0,3.2063307762145996,26800
1994-08-04,7.9375,8.0,7.9375,7.96875,3.193804979324341,80400
1994-08-05,8.0,8.0625,8.0,8.0625,3.2313785552978516,2000
1994-08-08,8.0,8.0,8.0,8.0,3.2063307762145996,12000
1994-08-09,7.9375,8.0,7.9375,7.96875,3.193804979324341,20000
1994-08-10,7.96875,8.03125,7.96875,8.0,3.2063307762145996,43600
1994-08-11,7.96875,8.03125,7.96875,8.03125,3.218853712081909,14400
1994-08-12,8.0,8.03125,8.0,8.03125,3.218853712081909,26800
1994-08-15,8.0,8.0625,8.0,8.03125,3.218853712081909,11600
1994-08-16,7.96875,8.0625,7.96875,8.03125,3.218853712081909,30800
1994-08-17,7.96875,8.03125,7.96875,8.0,3.2063307762145996,45600
1994-08-18,8.0,8.0625,8.0,8.0625,3.2313785552978516,74000
1994-08-19,8.125,8.1875,8.09375,8.09375,3.2439041137695312,244000
1994-08-22,8.0625,8.0625,8.0625,8.0625,3.2313785552978516,26400
1994-08-23,8.0625,8.125,8.0625,8.09375,3.2439041137695312,26800
1994-08-24,8.09375,8.1875,8.09375,8.1875,3.2814781665802,39600
1994-08-25,8.1875,8.28125,8.1875,8.25,3.3065285682678223,46400
1994-08-26,8.28125,8.375,8.28125,8.34375,3.3441030979156494,42000
1994-08-29,8.375,8.375,8.3125,8.3125,3.331578254699707,27200
1994-08-30,8.28125,8.3125,8.21875,8.21875,3.2940030097961426,24800
1994-08-31,8.1875,8.1875,8.1875,8.1875,3.2814781665802,15600
1994-09-01,8.1875,8.25,8.15625,8.25,3.3065285682678223,70800
1994-09-02,8.21875,8.3125,8.21875,8.3125,3.331578254699707,99200
1994-09-06,8.3125,8.375,8.3125,8.34375,3.3441030979156494,19200
1994-09-07,8.34375,8.359375,8.34375,8.34375,3.3441030979156494,21600
1994-09-08,8.34375,8.34375,8.3125,8.3125,3.331578254699707,24800
1994-09-09,8.28125,8.28125,8.28125,8.28125,3.319052219390869,24400
1994-09-12,8.28125,8.375,8.28125,8.375,3.356628179550171,66000
1994-09-13,8.4375,8.46875,8.40625,8.40625,3.3691513538360596,22800
1994-09-14,8.40625,8.40625,8.40625,8.40625,3.3691513538360596,10000
1994-09-15,8.34375,8.46875,8.34375,8.4375,3.3816781044006348,38800
1994-09-16,8.46875,8.46875,8.40625,8.40625,3.3691513538360596,19600
1994-09-19,8.40625,8.46875,8.40625,8.40625,3.3691513538360596,25600
1994-09-20,8.40625,8.40625,8.40625,8.40625,3.3691513538360596,2400
1994-09-21,8.46875,8.46875,8.40625,8.40625,3.3691513538360596,22800
1994-09-22,8.375,8.4375,8.375,8.375,3.356628179550171,44400
1994-09-23,8.375,8.375,8.375,8.375,3.356628179550171,13200
1994-09-26,8.34375,8.34375,8.28125,8.28125,3.3409931659698486,187600
1994-09-27,8.3125,8.34375,8.28125,8.28125,3.3409931659698486,226400
1994-09-28,8.28125,8.3125,8.25,8.25,3.3283865451812744,173200
1994-09-29,8.3125,8.3125,8.25,8.25,3.3283865451812744,54400
1994-09-30,8.1875,8.21875,8.1875,8.21875,3.3157784938812256,14000
1994-10-03,8.1875,8.1875,8.09375,8.09375,3.2653489112854004,97200
1994-10-04,8.0625,8.09375,8.0,8.0,3.2275259494781494,21200
1994-10-05,7.9375,8.0,7.84375,8.0,3.2275259494781494,98800
1994-10-06,7.96875,8.0,7.9375,7.9375,3.202310085296631,6400
1994-10-07,7.9375,7.9375,7.9375,7.9375,3.202310085296631,800
1994-10-10,8.0,8.0,8.0,8.0,3.2275259494781494,8800
1994-10-11,8.0,8.0,7.9375,7.9375,3.202310085296631,42400
1994-10-12,7.90625,7.90625,7.875,7.875,3.1770946979522705,27200
1994-10-13,7.90625,7.96875,7.90625,7.96875,3.214918375015259,9200
1994-10-14,7.9375,7.9375,7.9375,7.9375,3.202310085296631,800
1994-10-17,7.9375,8.03125,7.9375,8.03125,3.2401325702667236,20800
1994-10-18,8.03125,8.03125,7.9375,7.9375,3.202310085296631,22400
1994-10-19,7.96875,7.96875,7.90625,7.90625,3.1897048950195312,22800
1994-10-20,7.90625,7.90625,7.875,7.875,3.1770946979522705,14000
1994-10-21,7.84375,7.84375,7.84375,7.84375,3.164487838745117,15200
1994-10-24,7.875,7.875,7.8125,7.8125,3.1518807411193848,27200
1994-10-25,7.71875,7.84375,7.71875,7.84375,3.164487838745117,58400
1994-10-26,7.90625,7.90625,7.84375,7.875,3.1770946979522705,20000
1994-10-27,7.875,8.0,7.875,8.0,3.2275259494781494,41200
1994-10-28,8.0625,8.25,8.0625,8.15625,3.2905631065368652,142000
1994-10-31,8.15625,8.1875,8.15625,8.1875,3.303170680999756,268800
1994-11-01,8.21875,8.234375,8.21875,8.21875,3.3157784938812256,150400
1994-11-02,8.21875,8.3125,8.21875,8.3125,3.3536016941070557,130000
1994-11-03,8.28125,8.34375,8.28125,8.34375,3.3662092685699463,24400
1994-11-04,8.28125,8.375,8.28125,8.28125,3.3409931659698486,34000
1994-11-07,8.25,8.3125,8.25,8.3125,3.3536016941070557,120000
1994-11-08,8.28125,8.28125,8.1875,8.1875,3.303170680999756,176800
1994-11-09,8.1875,8.21875,8.1875,8.21875,3.3157784938812256,41200
1994-11-10,8.25,8.25,8.1875,8.1875,3.303170680999756,23600
1994-11-11,8.1875,8.25,8.1875,8.25,3.3283865451812744,250000
1994-11-14,8.1875,8.21875,8.1875,8.21875,3.3157784938812256,7600
1994-11-15,8.1875,8.21875,8.1875,8.21875,3.3157784938812256,32800
1994-11-16,8.1875,8.1875,8.0625,8.0625,3.252739906311035,45600
1994-11-17,8.03125,8.03125,7.9375,7.9375,3.202310085296631,18800
1994-11-18,7.9375,7.953125,7.9375,7.9375,3.202310085296631,68400
1994-11-21,7.9375,7.9375,7.9375,7.9375,3.202310085296631,204000
1994-11-22,7.9375,7.96875,7.8125,7.8125,3.1518807411193848,53200
1994-11-23,7.8125,7.90625,7.8125,7.90625,3.1897048950195312,36800
1994-11-25,7.9375,7.9375,7.84375,7.84375,3.164487838745117,230400
1994-11-28,7.84375,7.84375,7.8125,7.8125,3.1518807411193848,192000
1994-11-29,7.84375,7.84375,7.8125,7.8125,3.1518807411193848,139600
1994-11-30,7.84375,7.84375,7.8125,7.84375,3.164487838745117,35200
1994-12-01,7.8125,7.90625,7.8125,7.8125,3.1518807411193848,60400
1994-12-02,7.84375,7.9375,7.84375,7.90625,3.1897048950195312,112800
1994-12-05,7.9375,7.96875,7.90625,7.9375,3.202310085296631,116400
1994-12-06,7.875,7.875,7.84375,7.84375,3.164487838745117,16800
1994-12-07,7.8125,7.8125,7.75,7.75,3.126667022705078,141600
1994-12-08,7.75,7.8125,7.75,7.75,3.126667022705078,18000
1994-12-09,7.78125,7.78125,7.75,7.75,3.126667022705078,43600
1994-12-12,7.6875,7.6875,7.59375,7.59375,3.0636277198791504,42400
1994-12-13,7.59375,7.59375,7.4375,7.4375,3.0005903244018555,78400
1994-12-14,7.46875,7.5,7.40625,7.40625,2.9879825115203857,241200
1994-12-15,7.40625,7.4375,7.40625,7.4375,3.0005903244018555,94800
1994-12-16,7.46875,7.5,7.40625,7.46875,3.0131962299346924,285200
1994-12-19,7.5,7.5,7.40625,7.4375,3.0005903244018555,65200
1994-12-20,7.40625,7.5,7.40625,7.5,3.0258049964904785,45200
1994-12-21,7.5,7.5625,7.5,7.5625,3.0510191917419434,20800
1994-12-22,7.625,7.65625,7.625,7.625,3.076235294342041,38800
1994-12-23,7.625,7.71875,7.625,7.71875,3.136683940887451,54800
1994-12-27,7.75,7.75,7.71875,7.71875,3.136683940887451,34400
1994-12-28,7.8125,7.875,7.8125,7.875,3.2001793384552,39200
1994-12-29,7.875,7.875,7.8125,7.84375,3.187480926513672,38000
1994-12-30,7.875,8.0,7.8125,8.0,3.250974655151367,59600
1995-01-03,7.9375,7.9375,7.875,7.875,3.2001793384552,24800
1995-01-04,7.9375,7.9375,7.90625,7.9375,3.225576639175415,39600
1995-01-05,7.90625,7.90625,7.75,7.75,3.1493825912475586,55200
1995-01-06,7.6875,7.75,7.65625,7.65625,3.1112866401672363,24000
1995-01-09,7.65625,7.6875,7.65625,7.65625,3.1112866401672363,12000
1995-01-10,7.65625,7.65625,7.59375,7.59375,3.0858871936798096,20400
1995-01-11,7.59375,7.59375,7.53125,7.53125,3.0604898929595947,2000
1995-01-12,7.53125,7.5625,7.53125,7.53125,3.0604898929595947,12800
1995-01-13,7.59375,7.59375,7.5625,7.59375,3.0858871936798096,27600
1995-01-16,7.59375,7.71875,7.5625,7.71875,3.136683940887451,31600
1995-01-17,7.6875,7.6875,7.625,7.6875,3.1239845752716064,7200
1995-01-18,7.6875,7.71875,7.65625,7.71875,3.136683940887451,53600
1995-01-19,7.6875,7.8125,7.65625,7.75,3.1493825912475586,196000
1995-01-20,7.8125,7.90625,7.6875,7.875,3.2001793384552,232000
1995-01-23,7.84375,7.96875,7.8125,7.96875,3.2382771968841553,96000
1995-01-24,8.03125,8.1875,8.0,8.1875,3.3271710872650146,82800
1995-01-25,8.15625,8.25,8.15625,8.25,3.3525679111480713,38400
1995-01-26,8.25,8.25,8.25,8.25,3.3525679111480713,76000
1995-01-27,8.25,8.25,8.25,8.25,3.3525679111480713,71200
1995-01-30,8.1875,8.40625,8.15625,8.375,3.40336537361145,140800
1995-01-31,8.375,8.53125,8.375,8.53125,3.4668631553649902,92800
1995-02-01,8.5,8.5625,8.5,8.5,3.454162120819092,63600
1995-02-02,8.5,8.59375,8.5,8.53125,3.4668631553649902,74000
1995-02-03,8.59375,8.6875,8.53125,8.53125,3.4668631553649902,97600
1995-02-06,8.5625,8.59375,8.5625,8.59375,3.4922609329223633,108400
1995-02-07,8.53125,8.5625,8.46875,8.53125,3.4668631553649902,92000
1995-02-08,8.59375,8.59375,8.59375,8.59375,3.4922609329223633,6400
1995-02-09,8.59375,8.625,8.59375,8.625,3.5049586296081543,44800
1995-02-10,8.625,8.65625,8.625,8.65625,3.517657518386841,26000
1995-02-13,8.71875,8.84375,8.71875,8.8125,3.5811514854431152,52400
1995-02-14,8.8125,8.875,8.8125,8.84375,3.5938522815704346,46000
1995-02-15,8.84375,9.0,8.84375,9.0,3.6573474407196045,87600
1995-02-16,8.9375,8.9375,8.84375,8.84375,3.5938522815704346,60400
1995-02-17,8.84375,8.875,8.78125,8.84375,3.5938522815704346,25600
1995-02-21,8.84375,8.84375,8.71875,8.71875,3.543057441711426,46800
1995-02-22,8.75,8.78125,8.71875,8.75,3.5557541847229004,28800
1995-02-23,8.75,8.75,8.6875,8.75,3.5557541847229004,55200
1995-02-24,8.75,8.75,8.71875,8.71875,3.543057441711426,10000
1995-02-27,8.75,8.75,8.6875,8.71875,3.543057441711426,32000
1995-02-28,8.75,8.75,8.75,8.75,3.5557541847229004,10800
1995-03-01,8.6875,8.6875,8.6875,8.6875,3.5303568840026855,400
1995-03-02,8.6875,8.78125,8.65625,8.71875,3.543057441711426,38000
1995-03-03,8.71875,8.71875,8.6875,8.6875,3.5303568840026855,10400
1995-03-06,8.625,8.625,8.625,8.625,3.5049586296081543,32000
1995-03-07,8.625,8.625,8.5,8.5,3.454162120819092,16800
1995-03-08,8.5,8.59375,8.5,8.59375,3.4922609329223633,23200
1995-03-09,8.53125,8.53125,8.5,8.53125,3.4668631553649902,19200
1995-03-10,8.59375,8.625,8.5625,8.5625,3.479560375213623,30400
1995-03-13,8.59375,8.65625,8.59375,8.65625,3.517657518386841,56400
1995-03-14,8.6875,8.75,8.6875,8.75,3.5557541847229004,90000
1995-03-15,8.6875,8.6875,8.59375,8.59375,3.4922609329223633,28800
1995-03-16,8.59375,8.65625,8.59375,8.59375,3.4922609329223633,14000
1995-03-17,8.59375,8.6875,8.59375,8.6875,3.5303568840026855,53600
1995-03-20,8.6875,8.6875,8.6875,8.6875,3.5303568840026855,0
1995-03-21,8.75,8.75,8.75,8.75,3.5557541847229004,54400
1995-03-22,8.75,8.78125,8.75,8.75,3.5557541847229004,24800
1995-03-23,8.734375,8.734375,8.71875,8.71875,3.543057441711426,10800
1995-03-24,8.71875,8.9375,8.71875,8.9375,3.6319496631622314,94400
1995-03-27,8.8125,8.8125,8.75,8.75,3.5807948112487793,66400
1995-03-28,8.6875,8.71875,8.625,8.71875,3.5680086612701416,158400
1995-03-29,8.71875,8.78125,8.71875,8.75,3.5807948112487793,32000
1995-03-30,8.78125,8.8125,8.78125,8.8125,3.6063714027404785,3600
1995-03-31,8.78125,8.84375,8.78125,8.84375,3.6191611289978027,8400
1995-04-03,8.8125,8.875,8.8125,8.84375,3.6191611289978027,41600
1995-04-04,8.90625,8.9375,8.90625,8.9375,3.6575262546539307,25200
1995-04-05,8.96875,9.0,8.96875,9.0,3.683103561401367,20400
1995-04-06,9.0,9.0,8.875,8.875,3.631948709487915,44400
1995-04-07,8.8125,8.8125,8.75,8.75,3.5807948112487793,80800
1995-04-10,8.75,8.8125,8.75,8.8125,3.6063714027404785,13600
1995-04-11,8.8125,8.875,8.8125,8.875,3.631948709487915,18800
1995-04-12,8.875,8.9375,8.875,8.9375,3.6575262546539307,42400
1995-04-13,8.9375,9.0,8.9375,9.0,3.683103561401367,37200
1995-04-17,8.96875,9.03125,8.96875,9.0,3.683103561401367,35200
1995-04-18,9.0,9.0,8.90625,8.9375,3.6575262546539307,22800
1995-04-19,8.90625,8.90625,8.84375,8.84375,3.6191611289978027,8400
1995-04-20,8.875,8.875,8.75,8.78125,3.593583822250366,125600
1995-04-21,8.78125,8.8125,8.78125,8.8125,3.6063714027404785,20400
1995-04-24,8.8125,8.875,8.8125,8.875,3.631948709487915,15200
1995-04-25,8.84375,8.84375,8.8125,8.84375,3.6191611289978027,23200
1995-04-26,8.875,8.875,8.75,8.75,3.5807948112487793,66800
1995-04-27,8.75,8.75,8.59375,8.625,3.529642105102539,96800
1995-04-28,8.625,8.6875,8.5625,8.5625,3.504063844680786,36000
1995-05-01,8.53125,8.59375,8.53125,8.59375,3.5168538093566895,6400
1995-05-02,8.625,8.625,8.59375,8.59375,3.5168538093566895,7600
1995-05-03,8.65625,8.75,8.65625,8.75,3.5807948112487793,37200
1995-05-04,8.75,8.75,8.65625,8.65625,3.5424301624298096,28800
1995-05-05,8.671875,8.75,8.65625,8.75,3.5807948112487793,21200
1995-05-08,8.6875,8.75,8.65625,8.75,3.5807948112487793,16400
1995-05-09,8.75,8.75,8.75,8.75,3.5807948112487793,50800
1995-05-10,8.8125,9.0,8.8125,8.96875,3.6703150272369385,70800
1995-05-11,8.96875,9.03125,8.96875,9.0,3.683103561401367,18400
1995-05-12,9.0,9.09375,9.0,9.09375,3.721468210220337,27200
1995-05-15,9.0,9.09375,9.0,9.0,3.683103561401367,59600
1995-05-16,9.0,9.0625,9.0,9.03125,3.695892095565796,21600
1995-05-17,9.0625,9.0625,8.90625,8.90625,3.644740343093872,39200
1995-05-18,8.875,9.0,8.875,9.0,3.683103561401367,26400
1995-05-19,9.0,9.0,8.71875,8.75,3.5807948112487793,53200
1995-05-22,8.8125,8.84375,8.8125,8.84375,3.6191611289978027,8800
1995-05-23,8.8125,8.90625,8.8125,8.90625,3.644740343093872,43200
1995-05-24,8.875,8.875,8.875,8.875,3.631948709487915,6000
1995-05-25,8.875,8.875,8.875,8.875,3.631948709487915,800
1995-05-26,8.875,8.875,8.84375,8.84375,3.6191611289978027,15200
1995-05-30,8.8125,8.8125,8.78125,8.78125,3.593583822250366,9200
1995-05-31,8.84375,8.875,8.71875,8.71875,3.5680086612701416,60000
1995-06-01,8.6875,8.71875,8.59375,8.65625,3.5424301624298096,21600
1995-06-02,8.59375,8.59375,8.59375,8.59375,3.5168538093566895,4800
1995-06-05,8.59375,8.625,8.5,8.5,3.478487253189087,47200
1995-06-06,8.5625,8.5625,8.5,8.5625,3.504063844680786,27200
1995-06-07,8.59375,8.6875,8.59375,8.6875,3.555218458175659,22800
1995-06-08,8.625,8.625,8.625,8.625,3.529642105102539,7600
1995-06-09,8.59375,8.59375,8.59375,8.59375,3.5168538093566895,8400
1995-06-12,8.5625,8.59375,8.5625,8.59375,3.5168538093566895,26400
1995-06-13,8.59375,8.625,8.59375,8.625,3.529642105102539,68000
1995-06-14,8.5625,8.59375,8.5625,8.59375,3.5168538093566895,15600
1995-06-15,8.59375,8.8125,8.59375,8.8125,3.6063714027404785,63600
1995-06-16,8.8125,8.8125,8.75,8.78125,3.593583822250366,9200
1995-06-19,8.84375,8.875,8.84375,8.875,3.631948709487915,16000
1995-06-20,8.8125,8.84375,8.8125,8.84375,3.6191611289978027,9200
1995-06-21,8.8125,8.875,8.8125,8.84375,3.6191611289978027,6400
1995-06-22,8.84375,8.90625,8.84375,8.84375,3.6191611289978027,148000
1995-06-23,8.84375,8.96875,8.84375,8.96875,3.6703150272369385,18000
1995-06-26,8.96875,8.96875,8.96875,8.96875,3.6703150272369385,30000
1995-06-27,8.96875,9.0,8.9375,8.96875,3.6703150272369385,52800
1995-06-28,8.9375,9.0,8.9375,9.0,3.708949089050293,80000
1995-06-29,8.96875,9.0,8.96875,9.0,3.708949089050293,2800
1995-06-30,9.0625,9.09375,9.03125,9.09375,3.747584342956543,34400
1995-07-03,9.03125,9.0625,9.0,9.0,3.708949089050293,46800
1995-07-05,8.96875,9.0625,8.96875,9.03125,3.721827745437622,49200
1995-07-06,9.09375,9.09375,9.03125,9.0625,3.734705686569214,58800
1995-07-07,9.0625,9.0625,9.0,9.0,3.708949089050293,475200
1995-07-10,9.0,9.03125,9.0,9.03125,3.721827745437622,365200
1995-07-11,9.03125,9.0625,9.03125,9.0625,3.734705686569214,6800
1995-07-12,9.09375,9.125,9.0625,9.0625,3.734705686569214,54000
1995-07-13,9.0625,9.078125,9.0625,9.0625,3.734705686569214,44800
1995-07-14,9.0625,9.0625,9.0625,9.0625,3.734705686569214,1200
1995-07-17,9.0625,9.0625,9.03125,9.03125,3.721827745437622,18400
1995-07-18,9.0,9.125,9.0,9.125,3.760462999343872,161600
1995-07-19,9.09375,9.125,9.09375,9.09375,3.747584342956543,24800
1995-07-20,9.125,9.15625,9.125,9.125,3.760462999343872,22800
1995-07-21,9.125,9.15625,9.09375,9.15625,3.773338794708252,146000
1995-07-24,9.125,9.28125,9.125,9.15625,3.773338794708252,137600
1995-07-25,9.15625,9.21875,9.15625,9.21875,3.79909610748291,16800
1995-07-26,9.21875,9.375,9.21875,9.375,3.8634915351867676,48000
1995-07-27,9.46875,9.5,9.40625,9.5,3.9150028228759766,61200
1995-07-28,9.5,9.5,9.4375,9.4375,3.889246702194214,38800
1995-07-31,9.46875,9.46875,9.40625,9.40625,3.8763678073883057,22000
1995-08-01,9.40625,9.4375,9.40625,9.4375,3.889246702194214,10800
1995-08-02,9.40625,9.40625,9.375,9.375,3.8634915351867676,52000
1995-08-03,9.3125,9.3125,9.28125,9.28125,3.8248543739318848,10000
1995-08-04,9.25,9.25,9.21875,9.21875,3.79909610748291,3600
1995-08-07,9.21875,9.3125,9.21875,9.3125,3.8377327919006348,11600
1995-08-08,9.3125,9.3125,9.3125,9.3125,3.8377327919006348,18000
1995-08-09,9.3125,9.34375,9.3125,9.34375,3.8506104946136475,4000
1995-08-10,9.375,9.375,9.34375,9.375,3.8634915351867676,74000
1995-08-11,9.34375,9.34375,9.3125,9.34375,3.8506104946136475,12800
1995-08-14,9.34375,9.34375,9.34375,9.34375,3.8506104946136475,0
1995-08-15,9.3125,9.3125,9.3125,9.3125,3.8377327919006348,28000
1995-08-16,9.3125,9.3125,9.3125,9.3125,3.8377327919006348,0
1995-08-17,9.34375,9.375,9.34375,9.34375,3.8506104946136475,20800
1995-08-18,9.34375,9.375,9.34375,9.34375,3.8506104946136475,52800
1995-08-21,9.3125,9.3125,9.28125,9.3125,3.8377327919006348,4000
1995-08-22,9.3125,9.3125,9.3125,9.3125,3.8377327919006348,3600
1995-08-23,9.28125,9.34375,9.28125,9.3125,3.8377327919006348,16800
1995-08-24,9.3125,9.3125,9.3125,9.3125,3.8377327919006348,12800
1995-08-25,9.28125,9.28125,9.25,9.25,3.8119752407073975,21600
1995-08-28,9.21875,9.21875,9.1875,9.1875,3.7862186431884766,8800
1995-08-29,9.25,9.28125,9.21875,9.21875,3.79909610748291,37600
1995-08-30,9.28125,9.28125,9.1875,9.1875,3.7862186431884766,16000
1995-08-31,9.1875,9.1875,9.1875,9.1875,3.7862186431884766,12800
1995-09-01,9.25,9.28125,9.25,9.25,3.8119752407073975,37200
1995-09-05,9.28125,9.28125,9.1875,9.1875,3.7862186431884766,271600
1995-09-06,9.15625,9.21875,9.15625,9.15625,3.773338794708252,20000
1995-09-07,9.125,9.15625,9.0625,9.125,3.760462999343872,350000
1995-09-08,9.125,9.125,9.03125,9.0625,3.734705686569214,122400
1995-09-11,9.03125,9.09375,9.03125,9.09375,3.747584342956543,373600
1995-09-12,9.09375,9.09375,9.03125,9.03125,3.721827745437622,4800
1995-09-13,9.03125,9.03125,8.9375,8.96875,3.6960701942443848,48000
1995-09-14,8.96875,8.96875,8.71875,8.71875,3.5930469036102295,117200
1995-09-15,8.65625,8.8125,8.65625,8.8125,3.631679058074951,87200
1995-09-18,8.84375,8.875,8.84375,8.875,3.6574361324310303,42400
1995-09-19,8.9375,8.96875,8.875,8.96875,3.6960701942443848,34400
1995-09-20,8.96875,8.96875,8.9375,8.96875,3.6960701942443848,61600
1995-09-21,8.90625,8.90625,8.8125,8.8125,3.631679058074951,43200
1995-09-22,8.8125,8.875,8.78125,8.875,3.6574361324310303,16800
1995-09-25,8.84375,8.84375,8.8125,8.8125,3.631679058074951,48400
1995-09-26,8.84375,8.875,8.84375,8.875,3.6574361324310303,8800
1995-09-27,8.75,8.75,8.6875,8.6875,3.6055591106414795,15200
1995-09-28,8.71875,8.8125,8.71875,8.8125,3.657435655593872,16000
1995-09-29,8.8125,8.875,8.78125,8.875,3.6833748817443848,18800
1995-10-02,8.875,8.875,8.84375,8.84375,3.670405149459839,18400
1995-10-03,8.84375,8.84375,8.59375,8.75,3.6314971446990967,54800
1995-10-04,8.6875,8.6875,8.65625,8.6875,3.6055591106414795,6800
1995-10-05,8.71875,8.71875,8.65625,8.6875,3.6055591106414795,11200
1995-10-06,8.75,8.8125,8.71875,8.8125,3.657435655593872,21600
1995-10-09,8.8125,8.8125,8.796875,8.796875,3.6509528160095215,20800
1995-10-10,8.8125,8.8125,8.78125,8.8125,3.657435655593872,16400
1995-10-11,8.78125,8.8125,8.78125,8.78125,3.644468069076538,14800
1995-10-12,8.78125,8.96875,8.78125,8.96875,3.722283363342285,24400
1995-10-13,8.9375,9.0625,8.9375,9.0625,3.7611920833587646,16800
1995-10-16,9.0,9.0625,9.0,9.03125,3.7482235431671143,23200
1995-10-17,9.0,9.0,9.0,9.0,3.7352540493011475,11200
1995-10-18,8.96875,9.0625,8.96875,8.96875,3.722283363342285,135600
1995-10-19,8.90625,8.90625,8.75,8.8125,3.657435655593872,87600
1995-10-20,8.75,8.75,8.6875,8.6875,3.6055591106414795,24000
1995-10-23,8.65625,8.6875,8.65625,8.6875,3.6055591106414795,200400
1995-10-24,8.71875,8.71875,8.71875,8.71875,3.6185295581817627,7200
1995-10-25,8.75,8.75,8.6875,8.6875,3.6055591106414795,538400
1995-10-26,8.6875,8.75,8.6875,8.75,3.6314971446990967,8400
1995-10-27,8.71875,8.875,8.71875,8.875,3.6833748817443848,27200
1995-10-30,8.90625,8.90625,8.84375,8.84375,3.670405149459839,4000
1995-10-31,8.8125,8.84375,8.8125,8.84375,3.670405149459839,5600
1995-11-01,8.78125,8.78125,8.71875,8.75,3.6314971446990967,26800
1995-11-02,8.71875,8.75,8.6875,8.6875,3.6055591106414795,38400
1995-11-03,8.71875,8.78125,8.71875,8.78125,3.644468069076538,12400
1995-11-06,8.78125,8.84375,8.78125,8.8125,3.657435655593872,356000
1995-11-07,8.8125,8.84375,8.8125,8.8125,3.657435655593872,18800
1995-11-08,8.78125,8.875,8.78125,8.875,3.6833748817443848,13600
1995-11-09,8.875,8.875,8.875,8.875,3.6833748817443848,0
1995-11-10,8.875,8.875,8.8125,8.8125,3.657435655593872,22400
1995-11-13,8.78125,8.8125,8.78125,8.8125,3.657435655593872,4400
1995-11-14,8.8125,8.875,8.8125,8.8125,3.657435655593872,24400
1995-11-15,8.8125,8.8125,8.78125,8.78125,3.644468069076538,12400
1995-11-16,8.78125,8.875,8.75,8.75,3.6314971446990967,22000
1995-11-17,8.75,8.75,8.65625,8.6875,3.6055591106414795,54800
1995-11-20,8.6875,8.75,8.65625,8.75,3.6314971446990967,57600
1995-11-21,8.6875,8.71875,8.65625,8.65625,3.5925865173339844,37200
1995-11-22,8.625,8.65625,8.53125,8.53125,3.540712594985962,284400
1995-11-24,8.53125,8.53125,8.53125,8.53125,3.540712594985962,0
1995-11-27,8.5,8.5,8.375,8.40625,3.4888315200805664,122400
1995-11-28,8.34375,8.375,8.34375,8.375,3.475861072540283,464400
1995-11-29,8.34375,8.34375,8.21875,8.21875,3.4110147953033447,169200
1995-11-30,8.21875,8.21875,8.125,8.1875,3.3980438709259033,1814000
1995-12-01,8.1875,8.25,8.15625,8.25,3.4239814281463623,120800
1995-12-04,8.28125,8.5625,8.28125,8.5625,3.553679943084717,55600
1995-12-05,8.625,8.84375,8.625,8.84375,3.670405149459839,28000
1995-12-06,8.8125,8.875,8.8125,8.8125,3.657435655593872,8800
1995-12-07,8.8125,8.90625,8.78125,8.90625,3.6963460445404053,56000
1995-12-08,8.875,8.875,8.875,8.875,3.6833748817443848,17600
1995-12-11,8.875,8.9375,8.875,8.875,3.6833748817443848,17600
1995-12-12,8.875,8.875,8.875,8.875,3.6833748817443848,1200
1995-12-13,8.875,8.9375,8.84375,8.9375,3.709315538406372,62800
1995-12-14,8.96875,8.96875,8.9375,8.9375,3.709315538406372,85200
1995-12-15,8.96875,9.0625,8.96875,9.0,3.7352540493011475,230400
1995-12-18,9.0625,9.09375,8.96875,9.09375,3.7741637229919434,79200
1995-12-19,9.125,9.125,9.125,9.125,3.787132978439331,118400
1995-12-20,9.15625,9.375,9.15625,9.375,3.8908917903900146,122000
1995-12-21,9.375,9.5,9.34375,9.40625,3.9038593769073486,89200
1995-12-22,9.375,9.375,9.34375,9.34375,3.8779196739196777,4400
1995-12-26,9.34375,9.375,9.34375,9.375,3.8908917903900146,31200
1995-12-27,9.3125,9.40625,9.28125,9.34375,3.9039480686187744,34400
1995-12-28,9.34375,9.40625,9.3125,9.375,3.917001247406006,25200
1995-12-29,9.34375,9.375,9.3125,9.3125,3.8908917903900146,119200
1996-01-02,9.3125,9.3125,9.21875,9.28125,3.8778340816497803,96800
1996-01-03,9.25,9.25,9.15625,9.15625,3.825606346130371,113200
1996-01-04,9.15625,9.15625,9.09375,9.125,3.8125498294830322,13600
1996-01-05,9.09375,9.21875,9.09375,9.21875,3.851719617843628,21200
1996-01-08,9.25,9.265625,9.21875,9.21875,3.851719617843628,6000
1996-01-09,9.15625,9.15625,9.09375,9.09375,3.799492597579956,9200
1996-01-10,9.09375,9.09375,9.0,9.0,3.760321855545044,21600
1996-01-11,9.03125,9.03125,9.0,9.0,3.760321855545044,67200
1996-01-12,9.0,9.03125,9.0,9.03125,3.773380756378174,64800
1996-01-15,9.0,9.0,9.0,9.0,3.760321855545044,39200
1996-01-16,9.03125,9.03125,8.96875,8.96875,3.747267723083496,12800
1996-01-17,9.0625,9.0625,9.0625,9.0625,3.7864365577697754,7200
1996-01-18,9.0,9.09375,9.0,9.0625,3.7864365577697754,29600
1996-01-19,9.0625,9.125,9.0625,9.125,3.8125498294830322,32000
1996-01-22,9.125,9.1875,9.09375,9.15625,3.825606346130371,54400
1996-01-23,9.125,9.34375,9.125,9.3125,3.8908917903900146,48000
1996-01-24,9.28125,9.28125,9.21875,9.25,3.864776611328125,71200
1996-01-25,9.25,9.34375,9.1875,9.25,3.864776611328125,111600
1996-01-26,9.28125,9.3125,9.21875,9.28125,3.8778340816497803,46400
1996-01-29,9.21875,9.34375,9.21875,9.28125,3.8778340816497803,12800
1996-01-30,9.28125,9.5625,9.28125,9.5,3.9692299365997314,425600
1996-01-31,9.5,9.5,9.3125,9.3125,3.8908917903900146,35200
1996-02-01,9.375,9.40625,9.3125,9.40625,3.9300572872161865,70800
1996-02-02,9.40625,9.46875,9.34375,9.40625,3.9300572872161865,68400
1996-02-05,9.375,9.46875,9.3125,9.3125,3.8908917903900146,65600
1996-02-06,9.375,9.5625,9.375,9.5,3.9692299365997314,156800
1996-02-07,9.46875,9.6875,9.46875,9.65625,4.0345139503479,57600
1996-02-08,9.65625,9.75,9.65625,9.71875,4.060626983642578,116000
1996-02-09,9.71875,9.75,9.6875,9.75,4.073683738708496,52000
1996-02-12,9.71875,9.8125,9.71875,9.75,4.073683738708496,29200
1996-02-13,9.75,9.75,9.6875,9.6875,4.047569751739502,132800
1996-02-14,9.6875,9.78125,9.6875,9.71875,4.060626983642578,24800
1996-02-15,9.6875,9.78125,9.6875,9.6875,4.047569751739502,30800
1996-02-16,9.625,9.6875,9.59375,9.625,4.021456241607666,22400
1996-02-20,9.5625,9.625,9.5,9.53125,3.9822864532470703,55200
1996-02-21,9.5,9.5,9.34375,9.34375,3.9039480686187744,28400
1996-02-22,9.40625,9.40625,9.25,9.3125,3.8908917903900146,98400
1996-02-23,9.375,9.375,9.25,9.28125,3.8778340816497803,174800
1996-02-26,9.34375,9.4375,9.28125,9.3125,3.8908917903900146,245600
1996-02-27,9.4375,9.5,9.34375,9.4375,3.9431161880493164,130000
1996-02-28,9.40625,9.53125,9.40625,9.53125,3.9822864532470703,36400
1996-02-29,9.53125,9.78125,9.5,9.78125,4.086739540100098,66000
1996-03-01,9.78125,9.84375,9.75,9.8125,4.099795341491699,65200
1996-03-04,9.84375,9.875,9.8125,9.8125,4.099795341491699,89600
1996-03-05,9.8125,9.8125,9.75,9.75,4.073683738708496,42400
1996-03-06,9.75,9.75,9.5625,9.59375,4.008400917053223,65600
1996-03-07,9.59375,9.59375,9.5625,9.59375,4.008400917053223,6400
1996-03-08,9.53125,9.53125,9.40625,9.4375,3.9431161880493164,43200
1996-03-11,9.4375,9.46875,9.40625,9.4375,3.9431161880493164,27600
1996-03-12,9.46875,9.46875,9.40625,9.4375,3.9431161880493164,18000
1996-03-13,9.4375,9.4375,9.375,9.4375,3.9431161880493164,13200
1996-03-14,9.46875,9.46875,9.4375,9.4375,3.9431161880493164,61600
1996-03-15,9.4375,9.46875,9.4375,9.4375,3.9431161880493164,12400
1996-03-18,9.46875,9.46875,9.46875,9.46875,3.9561729431152344,3600
1996-03-19,9.40625,9.5,9.40625,9.46875,3.9561729431152344,33200
1996-03-20,9.46875,9.46875,9.375,9.375,3.917001247406006,14400
1996-03-21,9.4375,9.4375,9.1875,9.1875,3.8386619091033936,91600
1996-03-22,9.1875,9.25,9.1875,9.21875,3.851719617843628,26000
1996-03-25,9.25,9.25,9.1875,9.21875,3.851719617843628,38000
1996-03-26,9.25,9.25,9.125,9.15625,3.825606346130371,246000
1996-03-27,9.09375,9.09375,9.03125,9.0625,3.8166565895080566,161200
1996-03-28,9.03125,9.09375,9.0,9.03125,3.803497076034546,75600
1996-03-29,9.03125,9.09375,9.0,9.09375,3.8298182487487793,46000
1996-04-01,9.0625,9.09375,9.03125,9.09375,3.8298182487487793,40800
1996-04-02,9.09375,9.09375,9.0,9.0625,3.8166565895080566,78000
1996-04-03,9.0625,9.0625,8.9375,8.96875,3.7771739959716797,45200
1996-04-04,8.9375,8.9375,8.84375,8.84375,3.724529504776001,71600
1996-04-08,8.84375,8.9375,8.8125,8.8125,3.7113678455352783,143600
1996-04-09,8.90625,8.90625,8.84375,8.875,3.737692356109619,74000
1996-04-10,8.875,8.9375,8.875,8.90625,3.750854730606079,46400
1996-04-11,8.90625,8.90625,8.84375,8.875,3.737692356109619,39600
1996-04-12,8.90625,8.90625,8.84375,8.90625,3.750854730606079,19200
1996-04-15,8.9375,8.9375,8.84375,8.875,3.737692356109619,98400
1996-04-16,8.90625,8.90625,8.84375,8.90625,3.750854730606079,26400
1996-04-17,8.9375,9.0,8.875,8.90625,3.750854730606079,95200
1996-04-18,8.84375,8.875,8.78125,8.78125,3.6982076168060303,56400
1996-04-19,8.84375,8.84375,8.75,8.78125,3.6982076168060303,73600
1996-04-22,8.8125,8.8125,8.71875,8.75,3.685049295425415,159200
1996-04-23,8.6875,8.6875,8.53125,8.5625,3.6060848236083984,381600
1996-04-24,8.5,8.625,8.5,8.5625,3.6060848236083984,330000
1996-04-25,8.625,8.625,8.46875,8.5,3.579761028289795,254800
1996-04-26,8.46875,8.5,8.34375,8.34375,3.5139548778533936,172400
1996-04-29,8.34375,8.34375,8.28125,8.28125,3.4876346588134766,223200
1996-04-30,8.28125,8.3125,8.125,8.125,3.4218297004699707,305600
1996-05-01,8.140625,8.34375,8.03125,8.34375,3.5139548778533936,310400
1996-05-02,8.28125,8.34375,8.25,8.3125,3.5007951259613037,67600
1996-05-03,8.296875,8.34375,8.28125,8.3125,3.5007951259613037,182000
1996-05-06,8.34375,8.375,8.3125,8.34375,3.5139548778533936,103600
1996-05-07,8.34375,8.46875,8.34375,8.34375,3.5139548778533936,433200
1996-05-08,8.34375,8.34375,8.15625,8.21875,3.4613120555877686,59600
1996-05-09,8.21875,8.21875,8.1875,8.1875,3.4481518268585205,28800
1996-05-10,8.1875,8.25,8.1875,8.25,3.4744713306427,162400
1996-05-13,8.25,8.25,8.125,8.125,3.4218297004699707,97600
1996-05-14,8.0625,8.1875,8.0625,8.1875,3.4481518268585205,121600
1996-05-15,8.1875,8.25,8.1875,8.21875,3.4613120555877686,194800
1996-05-16,8.21875,8.21875,8.125,8.15625,3.4349915981292725,24400
1996-05-17,8.1875,8.1875,8.09375,8.09375,3.408670425415039,223600
1996-05-20,8.0625,8.09375,8.03125,8.0625,3.3955092430114746,36000
1996-05-21,8.0625,8.0625,7.96875,7.96875,3.3560266494750977,78800
1996-05-22,7.96875,7.96875,7.9375,7.9375,3.342865467071533,170000
1996-05-23,7.875,7.90625,7.71875,7.75,3.2639002799987793,204800
1996-05-24,7.71875,7.71875,7.65625,7.6875,3.237576723098755,797600
1996-05-28,7.6875,7.6875,7.5,7.5,3.1586129665374756,417200
1996-05-29,7.53125,7.59375,7.53125,7.59375,3.198094606399536,364800
1996-05-30,7.5625,7.8125,7.5625,7.8125,3.2902207374572754,444400
1996-05-31,7.875,8.09375,7.875,8.03125,3.3823466300964355,187600
1996-06-03,8.03125,8.125,8.03125,8.125,3.4218297004699707,259200
1996-06-04,8.125,8.125,8.0625,8.0625,3.3955092430114746,134000
1996-06-05,8.0,8.03125,7.96875,8.03125,3.3823466300964355,144400
1996-06-06,8.03125,8.0625,8.0,8.0625,3.3955092430114746,104000
1996-06-07,8.0,8.03125,7.96875,8.03125,3.3823466300964355,78800
1996-06-10,7.96875,8.0,7.96875,8.0,3.3691868782043457,75600
1996-06-11,8.0,8.0625,8.0,8.0625,3.3955092430114746,115600
1996-06-12,8.03125,8.15625,8.03125,8.15625,3.4349915981292725,164400
1996-06-13,8.15625,8.21875,8.15625,8.1875,3.4481518268585205,188000
1996-06-14,8.21875,8.21875,8.1875,8.1875,3.4481518268585205,16000
1996-06-17,8.1875,8.25,8.1875,8.1875,3.4481518268585205,78000
1996-06-18,8.21875,8.4375,8.21875,8.40625,3.540278196334839,86000
1996-06-19,8.40625,8.4375,8.34375,8.34375,3.5139548778533936,82400
1996-06-20,8.34375,8.34375,8.15625,8.15625,3.4349915981292725,185200
1996-06-21,8.1875,8.1875,8.15625,8.1875,3.4481518268585205,73600
1996-06-24,8.1875,8.1875,8.125,8.125,3.4218297004699707,204400
1996-06-25,8.125,8.125,8.03125,8.0625,3.3955092430114746,34400
1996-06-26,8.03125,8.09375,8.03125,8.09375,3.4395999908447266,30400
1996-06-27,8.09375,8.125,8.0,8.125,3.452878475189209,53200
1996-06-28,8.125,8.15625,7.96875,8.0,3.3997585773468018,126000
1996-07-01,8.03125,8.03125,8.0,8.0,3.3997585773468018,4400
1996-07-02,8.0,8.0,8.0,8.0,3.3997585773468018,11600
1996-07-03,7.9375,8.03125,7.9375,8.0,3.3997585773468018,40800
1996-07-05,8.0,8.0,7.9375,7.9375,3.3731980323791504,8800
1996-07-08,7.9375,8.0,7.9375,7.96875,3.3864786624908447,33200
1996-07-09,7.96875,8.0,7.9375,7.9375,3.3731980323791504,13600
1996-07-10,7.96875,8.0,7.9375,7.96875,3.3864786624908447,17200
1996-07-11,7.96875,8.0,7.9375,7.9375,3.3731980323791504,74000
1996-07-12,7.90625,7.96875,7.90625,7.96875,3.3864786624908447,122000
1996-07-15,7.9375,7.96875,7.9375,7.9375,3.3731980323791504,38400
1996-07-16,7.96875,7.96875,7.9375,7.96875,3.3864786624908447,67200
1996-07-17,7.96875,8.03125,7.9375,8.03125,3.4130375385284424,29200
1996-07-18,8.09375,8.09375,7.96875,7.96875,3.3864786624908447,180800
1996-07-19,7.96875,8.03125,7.96875,8.0,3.3997585773468018,33200
1996-07-22,7.9375,8.0,7.90625,7.9375,3.3731980323791504,78400
1996-07-23,7.90625,7.90625,7.90625,7.90625,3.359917640686035,43200
1996-07-24,7.90625,7.9375,7.90625,7.9375,3.3731980323791504,10000
1996-07-25,7.90625,7.90625,7.875,7.90625,3.359917640686035,154800
1996-07-26,7.90625,7.9375,7.90625,7.9375,3.3731980323791504,46000
1996-07-29,7.9375,7.9375,7.875,7.9375,3.3731980323791504,58800
1996-07-30,7.9375,7.9375,7.875,7.90625,3.359917640686035,50400
1996-07-31,7.90625,7.9375,7.875,7.875,3.34663724899292,19600
1996-08-01,7.90625,7.9375,7.875,7.9375,3.3731980323791504,108400
1996-08-02,7.9375,7.9375,7.875,7.90625,3.359917640686035,105200
1996-08-05,7.90625,7.9375,7.90625,7.90625,3.359917640686035,139600
1996-08-06,7.9375,7.96875,7.90625,7.96875,3.3864786624908447,176400
1996-08-07,8.03125,8.09375,8.0,8.03125,3.4130375385284424,52800
1996-08-08,8.0,8.078125,8.0,8.03125,3.4130375385284424,14000
1996-08-09,8.0,8.0625,8.0,8.0,3.3997585773468018,9200
1996-08-12,8.03125,8.0625,8.03125,8.03125,3.4130375385284424,39600
1996-08-13,8.03125,8.03125,7.96875,7.96875,3.3864786624908447,161600
1996-08-14,8.0,8.0,8.0,8.0,3.3997585773468018,2000
1996-08-15,8.03125,8.0625,8.03125,8.0625,3.4263198375701904,18000
1996-08-16,8.03125,8.0625,8.03125,8.03125,3.4130375385284424,12800
1996-08-19,8.03125,8.03125,8.0,8.03125,3.4130375385284424,95200
1996-08-20,8.03125,8.03125,8.0,8.0,3.3997585773468018,70400
1996-08-21,8.03125,8.0625,8.03125,8.0625,3.4263198375701904,25200
1996-08-22,8.0625,8.21875,8.0625,8.21875,3.492719888687134,127600
1996-08-23,8.21875,8.25,8.21875,8.21875,3.492719888687134,11600
1996-08-26,8.1875,8.21875,8.09375,8.21875,3.492719888687134,119600
1996-08-27,8.28125,8.40625,8.28125,8.375,3.559121608734131,61200
1996-08-28,8.4375,8.5,8.4375,8.5,3.612243175506592,19200
1996-08-29,8.5,8.5625,8.5,8.53125,3.625523805618286,42800
1996-08-30,8.5,8.5,8.4375,8.5,3.612243175506592,36000
1996-09-03,8.4375,8.4375,8.40625,8.4375,3.5856828689575195,133600
1996-09-04,8.4375,8.4375,8.40625,8.4375,3.5856828689575195,16000
1996-09-05,8.5,8.5625,8.5,8.5,3.612243175506592,212000
1996-09-06,8.546875,8.625,8.46875,8.59375,3.652083396911621,21200
1996-09-09,8.625,8.75,8.625,8.6875,3.6919267177581787,48800
1996-09-10,8.6875,8.75,8.625,8.65625,3.678642988204956,144000
1996-09-11,8.65625,8.71875,8.625,8.71875,3.7052056789398193,22400
1996-09-12,8.6875,8.6875,8.65625,8.65625,3.678642988204956,11600
1996-09-13,8.625,8.6875,8.5625,8.5625,3.638805866241455,192000
1996-09-16,8.5625,8.5625,8.53125,8.53125,3.625523805618286,40800
1996-09-17,8.53125,8.53125,8.46875,8.46875,3.5989625453948975,73600
1996-09-18,8.4375,8.5,8.4375,8.4375,3.5856828689575195,73600
1996-09-19,8.4375,8.46875,8.4375,8.4375,3.5856828689575195,96400
1996-09-20,8.4375,8.484375,8.4375,8.4375,3.5856828689575195,58000
1996-09-23,8.4375,8.5,8.4375,8.5,3.612243175506592,61600
1996-09-24,8.5,8.5625,8.5,8.53125,3.625523805618286,79600
1996-09-25,8.53125,8.53125,8.5,8.5,3.612243175506592,607200
1996-09-26,8.53125,8.71875,8.53125,8.65625,3.7102904319763184,142800
1996-09-27,8.6875,8.6875,8.625,8.625,3.6968984603881836,13200
1996-09-30,8.625,8.625,8.5625,8.59375,3.683501720428467,114400
1996-10-01,8.625,8.625,8.53125,8.53125,3.6567137241363525,94400
1996-10-02,8.53125,8.5625,8.53125,8.5625,3.670109987258911,5200
1996-10-03,8.5625,8.5625,8.5,8.5,3.6433191299438477,12000
1996-10-04,8.5625,8.59375,8.53125,8.59375,3.683501720428467,19200
1996-10-07,8.59375,8.625,8.5625,8.5625,3.670109987258911,49200
1996-10-08,8.5625,8.625,8.5625,8.59375,3.683501720428467,30800
1996-10-09,8.59375,8.59375,8.4375,8.4375,3.616530179977417,182400
1996-10-10,8.40625,8.40625,8.375,8.375,3.5897397994995117,58800
1996-10-11,8.40625,8.40625,8.375,8.40625,3.603134870529175,3200
1996-10-14,8.40625,8.4375,8.40625,8.4375,3.616530179977417,34800
1996-10-15,8.5,8.5,8.03125,8.03125,3.442399024963379,198400
1996-10-16,7.90625,7.9375,7.625,7.6875,3.2950589656829834,346800
1996-10-17,7.65625,7.71875,7.65625,7.65625,3.2816638946533203,93200
1996-10-18,7.71875,7.71875,7.65625,7.65625,3.2816638946533203,32800
1996-10-21,7.6875,7.6875,7.59375,7.65625,3.2816638946533203,34800
1996-10-22,7.5625,7.5625,7.40625,7.4375,3.1879043579101562,68000
1996-10-23,7.4375,7.4375,7.34375,7.40625,3.174509286880493,32400
1996-10-24,7.375,7.375,7.3125,7.34375,3.147719144821167,114400
1996-10-25,7.375,7.375,7.3125,7.375,3.1611151695251465,53200
1996-10-28,7.3125,7.375,7.3125,7.375,3.1611151695251465,41200
1996-10-29,7.3125,7.375,7.3125,7.34375,3.147719144821167,28000
1996-10-30,7.375,7.375,7.34375,7.34375,3.147719144821167,32400
1996-10-31,7.3125,7.34375,7.28125,7.34375,3.147719144821167,39200
1996-11-01,7.3125,7.375,7.3125,7.375,3.1611151695251465,27200
1996-11-04,7.34375,7.375,7.34375,7.375,3.1611151695251465,25600
1996-11-05,7.40625,7.5,7.3125,7.3125,3.1343255043029785,65200
1996-11-06,7.3125,7.375,7.3125,7.375,3.1611151695251465,34400
1996-11-07,7.34375,7.40625,7.34375,7.375,3.1611151695251465,29600
1996-11-08,7.375,7.46875,7.375,7.46875,3.2012979984283447,68400
1996-11-11,7.46875,7.5,7.4375,7.4375,3.1879043579101562,18000
1996-11-12,7.5,7.5,7.4375,7.5,3.2146925926208496,142000
1996-11-13,7.5,7.5,7.40625,7.5,3.2146925926208496,61600
1996-11-14,7.5,7.59375,7.5,7.59375,3.254875421524048,27200
1996-11-15,7.5625,7.59375,7.53125,7.53125,3.228087902069092,46400
1996-11-18,7.53125,7.6875,7.53125,7.6875,3.2950589656829834,30000
1996-11-19,7.6875,7.71875,7.6875,7.71875,3.3084561824798584,31600
1996-11-20,7.71875,7.71875,7.65625,7.6875,3.2950589656829834,28400
1996-11-21,7.6875,7.8125,7.6875,7.8125,3.348637819290161,58400
1996-11-22,7.84375,7.84375,7.84375,7.84375,3.3620340824127197,4400
1996-11-25,7.90625,7.9375,7.90625,7.90625,3.388822078704834,11200
1996-11-26,7.875,7.96875,7.8125,7.84375,3.3620340824127197,48800
1996-11-27,7.875,7.875,7.5625,7.65625,3.2816638946533203,72400
1996-11-29,7.625,7.6875,7.625,7.6875,3.2950589656829834,53200
1996-12-02,7.625,7.6875,7.53125,7.5625,3.241478681564331,58000
1996-12-03,7.5625,7.59375,7.34375,7.4375,3.1879043579101562,178000
1996-12-04,7.46875,7.5,7.40625,7.46875,3.2012979984283447,846400
1996-12-05,7.46875,7.53125,7.46875,7.5,3.2146925926208496,1076400
1996-12-06,7.46875,7.5,7.4375,7.46875,3.2012979984283447,16000
1996-12-09,7.5,7.5,7.484375,7.5,3.2146925926208496,334400
1996-12-10,7.5,7.53125,7.5,7.5,3.2146925926208496,136400
1996-12-11,7.46875,7.5,7.40625,7.46875,3.2012979984283447,310000
1996-12-12,7.46875,7.5,7.4375,7.46875,3.2012979984283447,33200
1996-12-13,7.5,7.5,7.46875,7.5,3.2146925926208496,38400
1996-12-16,7.5,7.53125,7.46875,7.53125,3.228087902069092,27600
1996-12-17,7.5,7.53125,7.5,7.5,3.2146925926208496,36800
1996-12-18,7.5,7.71875,7.46875,7.71875,3.3084561824798584,51200
1996-12-19,7.6875,7.8125,7.65625,7.75,3.3218493461608887,158800
1996-12-20,7.8125,7.84375,7.75,7.78125,3.3352434635162354,27200
1996-12-23,7.75,7.8125,7.75,7.8125,3.348637819290161,78800
1996-12-24,7.78125,7.8125,7.78125,7.78125,3.3352434635162354,15200
1996-12-26,7.75,7.8125,7.75,7.8125,3.348637819290161,20800
1996-12-27,7.65625,7.8125,7.65625,7.78125,3.366483449935913,18400
1996-12-30,7.84375,7.84375,7.84375,7.84375,3.393524408340454,18800
1996-12-31,7.8125,7.84375,7.71875,7.75,3.352963924407959,91600
1997-01-02,7.71875,7.71875,7.4375,7.5,3.2448043823242188,71600
1997-01-03,7.53125,7.625,7.53125,7.5625,3.2718422412872314,22000
1997-01-06,7.59375,7.59375,7.4375,7.5,3.2448043823242188,163600
1997-01-07,7.46875,7.5,7.46875,7.5,3.2448043823242188,18800
1997-01-08,7.5,7.53125,7.5,7.5,3.2448043823242188,490400
1997-01-09,7.5,7.5,7.46875,7.46875,3.2312850952148438,76400
1997-01-10,7.4375,7.5,7.4375,7.5,3.2448043823242188,84000
1997-01-13,7.5,7.59375,7.5,7.53125,3.2583234310150146,37600
1997-01-14,7.53125,7.59375,7.53125,7.59375,3.2853643894195557,54000
1997-01-15,7.59375,7.625,7.5625,7.59375,3.2853643894195557,20800
1997-01-16,7.59375,7.625,7.53125,7.5625,3.2718422412872314,56400
1997-01-17,7.5,7.59375,7.5,7.5625,3.2718422412872314,540800
1997-01-20,7.53125,7.5625,7.5,7.5,3.2448043823242188,40400
1997-01-21,7.5,7.53125,7.5,7.53125,3.2583234310150146,92000
1997-01-22,7.53125,7.5625,7.46875,7.46875,3.2312850952148438,71200
1997-01-23,7.5,7.53125,7.5,7.5,3.2448043823242188,74000
1997-01-24,7.5,7.5625,7.5,7.5625,3.2718422412872314,100000
1997-01-27,7.5625,7.5625,7.5,7.5,3.2448043823242188,195600
1997-01-28,7.5,7.53125,7.5,7.53125,3.2583234310150146,142000
1997-01-29,7.5,7.53125,7.5,7.5,3.2448043823242188,111200
1997-01-30,7.5625,7.5625,7.5,7.53125,3.2583234310150146,42000
1997-01-31,7.59375,7.59375,7.5,7.53125,3.2583234310150146,64800
1997-02-03,7.53125,7.59375,7.53125,7.59375,3.2853643894195557,45600
1997-02-04,7.59375,7.625,7.59375,7.625,3.2988853454589844,58400
1997-02-05,7.625,7.6875,7.59375,7.65625,3.312403917312622,38800
1997-02-06,7.6875,7.75,7.6875,7.75,3.352963924407959,56000
1997-02-07,7.75,7.78125,7.625,7.65625,3.312403917312622,123200
1997-02-10,7.65625,7.75,7.625,7.6875,3.325925827026367,35200
1997-02-11,7.75,7.8125,7.6875,7.78125,3.366483449935913,132000
1997-02-12,7.84375,7.875,7.8125,7.8125,3.3800032138824463,46400
1997-02-13,7.8125,7.8125,7.75,7.75,3.352963924407959,351200
1997-02-14,7.78125,7.78125,7.6875,7.75,3.352963924407959,142000
1997-02-18,7.75,7.75,7.6875,7.71875,3.339444875717163,56400
1997-02-19,7.71875,7.71875,7.6875,7.6875,3.325925827026367,66400
1997-02-20,7.6875,7.6875,7.59375,7.59375,3.2853643894195557,318400
1997-02-21,7.59375,7.71875,7.59375,7.6875,3.325925827026367,303200
1997-02-24,7.6875,7.75,7.6875,7.75,3.352963924407959,103200
1997-02-25,7.71875,7.71875,7.65625,7.65625,3.312403917312622,274400
1997-02-26,7.65625,7.71875,7.65625,7.71875,3.339444875717163,80400
1997-02-27,7.71875,7.75,7.6875,7.71875,3.339444875717163,51600
1997-02-28,7.65625,7.75,7.65625,7.6875,3.325925827026367,47600
1997-03-03,7.6875,7.71875,7.6875,7.71875,3.339444875717163,30400
1997-03-04,7.6875,7.71875,7.6875,7.71875,3.339444875717163,140000
1997-03-05,7.71875,7.90625,7.71875,7.90625,3.420563220977783,280000
1997-03-06,7.9375,7.9375,7.875,7.875,3.4070451259613037,50800
1997-03-07,7.90625,8.0,7.90625,7.96875,3.4476048946380615,84400
1997-03-10,8.0,8.0,7.96875,8.0,3.4611241817474365,39600
1997-03-11,8.0,8.0,7.9375,7.96875,3.4476048946380615,67600
1997-03-12,7.96875,8.375,7.96875,8.25,3.569284200668335,206800
1997-03-13,8.25,8.34375,8.25,8.25,3.569284200668335,98000
1997-03-14,8.25,8.28125,8.1875,8.21875,3.5557656288146973,79600
1997-03-17,8.15625,8.1875,8.125,8.15625,3.5287258625030518,52000
1997-03-18,8.21875,8.21875,8.15625,8.1875,3.542245864868164,69600
1997-03-19,8.15625,8.15625,7.90625,8.0,3.4611241817474365,405200
1997-03-20,7.96875,8.0,7.96875,7.96875,3.4476048946380615,41200
1997-03-21,8.0,8.0,7.9375,7.96875,3.4476048946380615,98800
1997-03-24,8.0,8.03125,8.0,8.0,3.4611241817474365,73600
1997-03-25,8.0,8.09375,8.0,8.0625,3.4881646633148193,124400
1997-03-26,7.96875,8.125,7.96875,8.125,3.5493223667144775,65600
1997-03-27,8.1875,8.21875,8.15625,8.1875,3.5766265392303467,55600
1997-03-31,8.1875,8.21875,8.15625,8.21875,3.5902769565582275,34000
1997-04-01,8.1875,8.1875,8.09375,8.125,3.5493223667144775,12000
1997-04-02,8.0625,8.0625,7.90625,8.0,3.4947192668914795,24000
1997-04-03,8.0,8.0,7.9375,8.0,3.4947192668914795,21200
1997-04-04,7.9375,7.96875,7.9375,7.96875,3.481067419052124,12400
1997-04-07,7.9375,7.9375,7.875,7.90625,3.453763723373413,44000
1997-04-08,7.875,8.03125,7.875,8.03125,3.508369207382202,23600
1997-04-09,7.96875,8.09375,7.96875,8.0625,3.5220189094543457,29600
1997-04-10,8.03125,8.0625,8.03125,8.0625,3.5220189094543457,6800
1997-04-11,8.0,8.09375,7.96875,8.0625,3.5220189094543457,32400
1997-04-14,8.0625,8.09375,8.0,8.09375,3.5356717109680176,31200
1997-04-15,8.03125,8.09375,8.0,8.03125,3.508369207382202,244000
1997-04-16,8.03125,8.0625,8.0,8.0625,3.5220189094543457,98000
1997-04-17,8.09375,8.09375,8.0,8.03125,3.508369207382202,381600
1997-04-18,8.03125,8.03125,8.0,8.0,3.4947192668914795,28400
1997-04-21,8.03125,8.03125,7.875,7.875,3.4401118755340576,11200
1997-04-22,7.9375,7.96875,7.875,7.96875,3.481067419052124,18800
1997-04-23,7.9375,7.9375,7.90625,7.9375,3.467414379119873,4400
1997-04-24,7.9375,7.9375,7.84375,7.875,3.4401118755340576,15600
1997-04-25,7.84375,7.875,7.84375,7.875,3.4401118755340576,2400
1997-04-28,7.78125,7.8125,7.78125,7.78125,3.3991591930389404,30000
1997-04-29,7.78125,7.875,7.78125,7.875,3.4401118755340576,15600
1997-04-30,7.84375,7.875,7.8125,7.8125,3.4128098487854004,16000
1997-05-01,7.875,7.90625,7.71875,7.71875,3.3718583583831787,58800
1997-05-02,7.71875,7.75,7.65625,7.75,3.3855068683624268,73200
1997-05-05,7.75,7.875,7.75,7.8125,3.4128098487854004,168800
1997-05-06,7.78125,7.78125,7.65625,7.6875,3.358206033706665,65200
1997-05-07,7.71875,7.71875,7.625,7.65625,3.3445541858673096,84400
1997-05-08,7.65625,7.65625,7.59375,7.625,3.3309035301208496,372800
1997-05-09,7.65625,7.71875,7.65625,7.71875,3.3718583583831787,27600
1997-05-12,7.6875,7.78125,7.65625,7.75,3.3855068683624268,158800
1997-05-13,7.75,7.96875,7.71875,7.9375,3.467414379119873,144000
1997-05-14,7.9375,7.9375,7.84375,7.84375,3.4264626502990723,104800
1997-05-15,7.90625,7.90625,7.875,7.875,3.4401118755340576,238800
1997-05-16,7.90625,7.96875,7.875,7.9375,3.467414379119873,327600
1997-05-19,7.90625,7.9375,7.875,7.90625,3.453763723373413,43200
1997-05-20,7.90625,7.90625,7.875,7.875,3.4401118755340576,41200
1997-05-21,7.84375,7.96875,7.84375,7.96875,3.481067419052124,55600
1997-05-22,7.96875,8.0,7.9375,7.96875,3.481067419052124,269200
1997-05-23,7.9375,7.96875,7.9375,7.96875,3.481067419052124,101200
1997-05-27,7.9375,7.96875,7.9375,7.96875,3.481067419052124,66400
1997-05-28,7.90625,8.0,7.90625,8.0,3.4947192668914795,70800
1997-05-29,7.96875,7.96875,7.8125,7.9375,3.467414379119873,158400
1997-05-30,7.9375,7.9375,7.9375,7.9375,3.467414379119873,82000
1997-06-02,7.9375,7.9375,7.90625,7.9375,3.467414379119873,50000
1997-06-03,7.9375,7.96875,7.9375,7.9375,3.467414379119873,74000
1997-06-04,7.96875,8.0,7.875,7.90625,3.453763723373413,134800
1997-06-05,7.875,7.875,7.8125,7.84375,3.4264626502990723,65200
1997-06-06,7.84375,7.875,7.84375,7.875,3.4401118755340576,63200
1997-06-09,7.875,7.90625,7.8125,7.875,3.4401118755340576,76400
1997-06-10,7.90625,7.90625,7.84375,7.84375,3.4264626502990723,179200
1997-06-11,7.875,7.9375,7.8125,7.84375,3.4264626502990723,240400
1997-06-12,7.9375,8.0625,7.9375,8.0625,3.5220189094543457,332400
1997-06-13,8.09375,8.25,8.09375,8.25,3.603926658630371,217200
1997-06-16,8.3125,8.625,8.3125,8.5,3.7131361961364746,73600
1997-06-17,8.5,8.75,8.5,8.65625,3.7813923358917236,76400
1997-06-18,8.625,8.71875,8.59375,8.6875,3.7950451374053955,85200
1997-06-19,8.6875,8.71875,8.59375,8.6875,3.7950451374053955,100000
1997-06-20,8.6875,8.71875,8.53125,8.6875,3.7950451374053955,246800
1997-06-23,8.65625,8.65625,8.53125,8.65625,3.7813923358917236,49200
1997-06-24,8.65625,8.78125,8.65625,8.6875,3.7950451374053955,60400
1997-06-25,8.71875,8.78125,8.71875,8.75,3.82234525680542,176400
1997-06-26,8.65625,8.875,8.65625,8.859375,3.904710292816162,58800
1997-06-27,8.796875,8.828125,8.75,8.828125,3.8909411430358887,70800
1997-06-30,8.8125,9.4375,8.71875,9.4375,4.15951681137085,300800
1997-07-01,9.3125,9.3125,8.890625,8.9375,3.939145565032959,200800
1997-07-02,8.875,8.90625,8.75,8.8125,3.88405179977417,185200
1997-07-03,8.9375,8.953125,8.90625,8.9375,3.939145565032959,32000
1997-07-07,8.9375,9.03125,8.9375,9.0,3.966688632965088,36400
1997-07-08,9.0,9.125,8.875,9.125,4.021783828735352,84800
1997-07-09,9.15625,9.1875,9.09375,9.125,4.021783828735352,120000
1997-07-10,9.09375,9.125,9.0625,9.0625,3.9942383766174316,59200
1997-07-11,9.09375,9.125,9.0,9.0,3.966688632965088,25200
1997-07-14,9.03125,9.03125,8.84375,8.84375,3.897825002670288,15600
1997-07-15,8.65625,9.296875,8.65625,9.28125,4.090651512145996,250800
1997-07-16,9.3125,9.375,9.125,9.1875,4.049332618713379,72400
1997-07-17,9.140625,9.375,9.140625,9.375,4.1319684982299805,100800
1997-07-18,9.3125,9.3125,9.125,9.1875,4.049332618713379,154800
1997-07-21,9.21875,9.21875,9.109375,9.109375,4.014896869659424,162400
1997-07-22,9.125,9.125,9.109375,9.109375,4.014896869659424,127200
1997-07-23,9.125,9.1875,9.0,9.1875,4.049332618713379,90000
1997-07-24,9.15625,9.1875,9.15625,9.171875,4.042442798614502,70800
1997-07-25,9.234375,9.234375,9.140625,9.15625,4.035556793212891,108000
1997-07-28,9.1875,9.1875,9.0625,9.0625,3.9942383766174316,156000
1997-07-29,9.0,9.09375,8.90625,9.0625,3.9942383766174316,153600
1997-07-30,9.0625,9.0625,8.9375,8.96875,3.9529190063476562,243600
1997-07-31,9.0,9.09375,8.984375,9.0625,3.9942383766174316,120800
1997-08-01,9.03125,9.0625,8.875,8.984375,3.9598052501678467,100000
1997-08-04,8.9375,8.96875,8.84375,8.921875,3.9322586059570312,172800
1997-08-05,8.921875,8.96875,8.890625,8.90625,3.9253745079040527,130000
1997-08-06,8.90625,8.921875,8.828125,8.875,3.911599636077881,166400
1997-08-07,8.875,8.921875,8.84375,8.90625,3.9253745079040527,130400
1997-08-08,8.875,8.875,8.5625,8.6875,3.828958511352539,114000
1997-08-11,8.625,8.734375,8.5625,8.6875,3.828958511352539,38000
1997-08-12,8.65625,8.90625,8.65625,8.875,3.911599636077881,100000
1997-08-13,8.90625,9.0625,8.90625,8.984375,3.9598052501678467,102800
1997-08-14,8.984375,9.125,8.953125,9.078125,4.001123428344727,92800
1997-08-15,9.078125,9.125,9.015625,9.0625,3.9942383766174316,102000
1997-08-18,9.0625,9.171875,9.0625,9.171875,4.042442798614502,80400
1997-08-19,9.234375,9.234375,9.125,9.15625,4.035556793212891,144800
1997-08-20,9.171875,9.1875,9.09375,9.09375,4.008010387420654,44000
1997-08-21,9.03125,9.125,9.03125,9.109375,4.014896869659424,18400
1997-08-22,9.09375,9.09375,8.96875,9.0,3.966688632965088,20400
1997-08-25,9.0,9.0,8.9375,9.0,3.966688632965088,93600
1997-08-26,9.0,9.0625,8.96875,8.96875,3.9529190063476562,129200
1997-08-27,9.0,9.0625,8.953125,9.0625,3.9942383766174316,21200
1997-08-28,9.0,9.03125,8.875,8.921875,3.9322586059570312,42000
1997-08-29,8.984375,8.984375,8.890625,8.9375,3.939145565032959,17200
1997-09-02,8.75,9.0625,8.75,9.0625,3.9942383766174316,72800
1997-09-03,9.078125,9.078125,8.953125,8.984375,3.9598052501678467,96400
1997-09-04,9.0,9.046875,8.953125,8.953125,3.946033239364624,90000
1997-09-05,9.0625,9.0625,8.984375,9.0,3.966688632965088,100400
1997-09-08,8.984375,9.046875,8.984375,9.03125,3.980463743209839,36000
1997-09-09,9.03125,9.1875,9.03125,9.140625,4.028669834136963,71200
1997-09-10,9.140625,9.21875,9.140625,9.171875,4.042442798614502,56400
1997-09-11,9.21875,9.25,9.21875,9.21875,4.063106060028076,51200
1997-09-12,9.28125,9.34375,9.1875,9.203125,4.056216716766357,84000
1997-09-15,9.203125,9.25,9.203125,9.203125,4.056216716766357,34400
1997-09-16,9.25,9.375,9.21875,9.359375,4.125083923339844,162000
1997-09-17,9.359375,9.40625,9.203125,9.203125,4.056216716766357,60800
1997-09-18,9.25,9.3125,9.140625,9.15625,4.035556793212891,149200
1997-09-19,9.03125,9.203125,9.03125,9.203125,4.056216716766357,116000
1997-09-22,9.1875,9.234375,9.0,9.0,3.966688632965088,114800
1997-09-23,9.0625,9.21875,9.046875,9.21875,4.063106060028076,63200
1997-09-24,9.15625,9.1875,9.0625,9.1875,4.049332618713379,95200
1997-09-25,9.21875,9.234375,9.203125,9.234375,4.069990158081055,55600
1997-09-26,9.21875,9.25,9.1875,9.1875,4.083603858947754,32000
1997-09-29,9.15625,9.28125,9.15625,9.265625,4.1183271408081055,50800
1997-09-30,9.234375,9.3125,9.234375,9.3125,4.139159679412842,36400
1997-10-01,9.296875,9.375,9.109375,9.203125,4.090546607971191,154800
1997-10-02,9.203125,9.234375,9.1875,9.203125,4.090546607971191,21600
1997-10-03,9.265625,9.3125,9.25,9.25,4.111380577087402,172800
1997-10-06,9.28125,9.40625,9.21875,9.375,4.166939735412598,57200
1997-10-07,9.4375,9.5625,9.4375,9.484375,4.215555191040039,114800
1997-10-08,9.515625,9.5625,9.46875,9.53125,4.236391544342041,28800
1997-10-09,9.484375,9.5,9.453125,9.484375,4.215555191040039,114000
1997-10-10,9.5,9.5,9.4375,9.46875,4.208609580993652,85600
1997-10-13,9.46875,9.5,9.4375,9.484375,4.215555191040039,222000
1997-10-14,9.484375,9.5625,9.484375,9.5625,4.25028133392334,266000
1997-10-15,9.5625,9.5625,9.484375,9.5,4.222500324249268,135200
1997-10-16,9.5,9.546875,9.421875,9.453125,4.201664447784424,71200
1997-10-17,9.34375,9.375,9.1875,9.203125,4.090546607971191,101200
1997-10-20,9.1875,9.359375,9.1875,9.359375,4.159996509552002,40400
1997-10-21,9.375,9.546875,9.375,9.375,4.166939735412598,137200
1997-10-22,9.3125,9.3125,9.203125,9.265625,4.1183271408081055,86400
1997-10-23,9.203125,9.203125,8.8125,8.84375,3.9308149814605713,246000
1997-10-24,8.78125,8.921875,8.78125,8.921875,3.9655404090881348,186400
1997-10-27,8.984375,8.984375,8.8125,8.828125,3.923870325088501,113200
1997-10-28,8.765625,8.859375,8.6875,8.859375,3.937758445739746,174800
1997-10-29,8.890625,8.96875,8.78125,8.84375,3.9308149814605713,92400
1997-10-30,8.78125,8.875,8.78125,8.875,3.94470477104187,56800
1997-10-31,8.796875,8.8125,8.734375,8.75,3.889143228530884,126800
1997-11-03,8.8125,9.234375,8.8125,9.125,4.055822849273682,48000
1997-11-04,9.0625,9.125,8.90625,9.03125,4.014152526855469,279200
1997-11-05,9.0625,9.109375,9.0,9.09375,4.041930198669434,44800
1997-11-06,9.125,9.125,9.0,9.015625,4.00720739364624,33200
1997-11-07,9.0,9.0,8.875,8.890625,3.9516468048095703,63600
1997-11-10,9.015625,9.03125,8.953125,9.0,4.000262260437012,97200
1997-11-11,9.0625,9.203125,8.875,8.9375,3.972485303878784,147600
1997-11-12,8.90625,8.96875,8.65625,8.65625,3.8474738597869873,88400
1997-11-13,8.65625,8.84375,8.640625,8.796875,3.9099795818328857,76800
1997-11-14,8.796875,8.796875,8.703125,8.734375,3.8822011947631836,46000
1997-11-17,8.75,8.9375,8.75,8.9375,3.972485303878784,111200
1997-11-18,8.9375,8.9375,8.796875,8.859375,3.937758445739746,28000
1997-11-19,8.828125,8.84375,8.78125,8.8125,3.916923761367798,48000
1997-11-20,8.8125,8.90625,8.78125,8.78125,3.9030332565307617,70800
1997-11-21,8.84375,8.875,8.78125,8.828125,3.923870325088501,15600
1997-11-24,8.859375,8.859375,8.828125,8.84375,3.9308149814605713,34800
1997-11-25,8.828125,8.875,8.78125,8.8125,3.916923761367798,44000
1997-11-26,8.859375,8.875,8.8125,8.875,3.94470477104187,29600
1997-11-28,8.875,8.9375,8.859375,8.9375,3.972485303878784,19200
1997-12-01,8.9375,9.0,8.90625,9.0,4.000262260437012,64800
1997-12-02,9.0,9.015625,8.984375,9.0,4.000262260437012,121200
1997-12-03,9.0,9.0,8.9375,8.96875,3.9863741397857666,31600
1997-12-04,8.96875,9.0,8.90625,9.0,4.000262260437012,54800
1997-12-05,9.0,9.0,8.890625,8.90625,3.958596706390381,100400
1997-12-08,8.90625,8.953125,8.890625,8.90625,3.958596706390381,108400
1997-12-09,8.921875,8.9375,8.84375,8.921875,3.9655404090881348,26800
1997-12-10,8.9375,8.953125,8.890625,8.9375,3.972485303878784,21200
1997-12-11,8.953125,9.0,8.78125,8.84375,3.9308149814605713,55600
1997-12-12,8.875,9.0,8.78125,9.0,4.000262260437012,64000
1997-12-15,8.921875,9.0,8.875,8.921875,3.9655404090881348,42800
1997-12-16,8.953125,8.984375,8.9375,8.96875,3.9863741397857666,10800
1997-12-17,8.96875,9.0,8.96875,8.984375,3.993318557739258,20000
1997-12-18,9.0,9.0,8.96875,8.96875,3.9863741397857666,68400
1997-12-19,8.8125,8.84375,8.78125,8.84375,3.9308149814605713,216400
1997-12-22,8.828125,8.875,8.640625,8.640625,3.840531826019287,174800
1997-12-23,8.703125,8.78125,8.59375,8.75,3.889143228530884,54400
1997-12-24,8.78125,8.84375,8.734375,8.75,3.889143228530884,22400
1997-12-26,8.75,8.75,8.6875,8.734375,3.8822011947631836,7200
1997-12-29,8.6875,8.6875,8.625,8.640625,3.874912977218628,39600
1997-12-30,8.65625,8.71875,8.65625,8.703125,3.9029417037963867,37200
1997-12-31,8.6875,8.703125,8.609375,8.609375,3.8608977794647217,76800
1998-01-02,8.640625,8.671875,8.53125,8.546875,3.8328700065612793,42800
1998-01-05,8.546875,8.625,8.5,8.609375,3.8608977794647217,24800
1998-01-06,8.59375,8.65625,8.5625,8.578125,3.8468854427337646,124400
1998-01-07,8.578125,8.59375,8.5625,8.5625,3.8398778438568115,19600
1998-01-08,8.5625,8.5625,8.40625,8.453125,3.790825128555298,34800
1998-01-09,8.4375,8.578125,8.4375,8.46875,3.7978339195251465,98000
1998-01-12,8.453125,8.484375,8.390625,8.4375,3.7838196754455566,43600
1998-01-13,8.453125,8.546875,8.40625,8.53125,3.8258628845214844,62000
1998-01-14,8.53125,8.609375,8.5,8.5,3.8118481636047363,24000
1998-01-15,8.546875,8.5625,8.390625,8.4375,3.7838196754455566,56000
1998-01-16,8.5,8.5,8.429688453674316,8.484375,3.8048431873321533,60400
1998-01-20,8.484375,8.75,8.453125,8.734375,3.9169554710388184,359600
1998-01-21,8.734375,8.84375,8.6875,8.75,3.9239611625671387,182000
1998-01-22,8.6875,8.984375,8.6875,8.921875,4.001041412353516,1133200
1998-01-23,8.984375,9.234375,8.984375,9.1875,4.120162010192871,156400
1998-01-26,9.125,9.15625,8.921875,8.96875,4.022061347961426,289200
1998-01-27,8.953125,9.25,8.953125,9.21875,4.1341753005981445,195600
1998-01-28,9.234375,9.359375,9.15625,9.28125,4.162204265594482,209600
1998-01-29,9.234375,9.296875,9.1875,9.203125,4.127169132232666,211200
1998-01-30,9.203125,9.34375,9.203125,9.25,4.148187637329102,241200
1998-02-02,9.3125,9.59375,9.3125,9.578125,4.2953362464904785,330800
1998-02-03,9.578125,9.875,9.578125,9.796875,4.393438339233398,232800
1998-02-04,9.78125,9.875,9.671875,9.71875,4.358401298522949,922000
1998-02-05,9.859375,9.859375,9.71875,9.78125,4.386427402496338,400000
1998-02-06,9.84375,9.84375,9.625,9.625,4.3163580894470215,137600
1998-02-09,9.734375,9.875,9.671875,9.875,4.428471565246582,327600
1998-02-10,9.875,9.875,9.75,9.78125,4.386427402496338,62800
1998-02-11,9.796875,9.84375,9.6875,9.78125,4.386427402496338,144000
1998-02-12,9.84375,9.875,9.75,9.796875,4.393438339233398,124800
1998-02-13,9.796875,9.875,9.6875,9.859375,4.4214653968811035,138400
1998-02-17,9.859375,9.875,9.75,9.796875,4.393438339233398,74800
1998-02-18,9.75,9.859375,9.75,9.84375,4.414457321166992,84800
1998-02-19,9.84375,9.84375,9.4375,9.4375,4.232273101806641,143200
1998-02-20,9.5,9.65625,9.375,9.59375,4.302344799041748,145200
1998-02-23,9.65625,9.734375,9.53125,9.703125,4.351394176483154,181600
1998-02-24,9.734375,9.9375,9.703125,9.921875,4.449493408203125,490400
1998-02-25,9.9375,10.375,9.9375,10.125,4.540585994720459,282400
1998-02-26,10.125,10.15625,9.9375,10.140625,4.547592639923096,160000
1998-02-27,10.140625,10.375,10.140625,10.328125,4.631678581237793,134400
1998-03-02,10.375,10.5,10.0625,10.171875,4.5616044998168945,176000
1998-03-03,10.03125,10.5,10.03125,10.5,4.708755970001221,249600
1998-03-04,10.5,10.75,10.5,10.640625,4.771819591522217,112800
1998-03-05,10.5,10.75,10.5,10.546875,4.7297749519348145,262400
1998-03-06,10.375,10.71875,10.375,10.609375,4.7578020095825195,405600
1998-03-09,10.578125,10.734375,10.5625,10.65625,4.778824806213379,279200
1998-03-10,10.625,10.734375,10.609375,10.65625,4.778824806213379,44400
1998-03-11,10.71875,10.796875,10.65625,10.796875,4.841889381408691,179200
1998-03-12,10.734375,10.734375,10.59375,10.640625,4.771819591522217,86400
1998-03-13,10.671875,10.734375,10.65625,10.71875,4.806850910186768,227600
1998-03-16,10.625,10.78125,10.59375,10.734375,4.813860893249512,174000
1998-03-17,10.75,10.75,10.5625,10.5625,4.736783981323242,73200
1998-03-18,10.5625,10.90625,10.5,10.75,4.820869445800781,427200
1998-03-19,10.75,11.015625,10.75,10.9375,4.904952526092529,144000
1998-03-20,10.84375,11.125,10.796875,11.0625,4.9610090255737305,120000
1998-03-23,10.96875,11.25,10.90625,11.140625,4.996045112609863,154000
1998-03-24,11.09375,11.359375,11.09375,11.34375,5.087136268615723,103200
1998-03-25,11.34375,11.53125,11.265625,11.3125,5.073120594024658,164400
1998-03-26,11.28125,11.28125,11.125,11.234375,5.038087844848633,63600
1998-03-27,11.125,11.25,11.0625,11.09375,5.014074802398682,76800
1998-03-30,11.09375,11.15625,10.65625,10.828125,4.894021511077881,134800
1998-03-31,10.640625,11.03125,10.640625,10.828125,4.894021511077881,226800
1998-04-01,10.875,10.96875,10.6875,10.9375,4.943455219268799,52000
1998-04-02,10.96875,11.109375,10.96875,11.109375,5.02113676071167,108800
1998-04-03,11.09375,11.21875,11.09375,11.140625,5.035262584686279,58000
1998-04-06,11.125,11.21875,11.03125,11.1875,5.056448936462402,97200
1998-04-07,11.1875,11.1875,10.96875,10.984375,4.964641094207764,113200
1998-04-08,10.984375,11.078125,10.953125,11.03125,4.985827445983887,49600
1998-04-09,11.03125,11.171875,11.0,11.171875,5.0493855476379395,98400
1998-04-13,11.15625,11.1875,10.984375,11.0,4.971702575683594,100400
1998-04-14,11.0625,11.640625,11.0625,11.578125,5.233000755310059,182000
1998-04-15,11.515625,11.59375,11.3125,11.3125,5.11294412612915,305200
1998-04-16,11.28125,11.28125,11.171875,11.21875,5.0705742835998535,120400
1998-04-17,11.1875,11.453125,11.1875,11.421875,5.162379741668701,82000
1998-04-20,11.4375,11.625,11.4375,11.546875,5.218876361846924,206000
1998-04-21,11.53125,11.625,11.4375,11.5,5.197689056396484,88400
1998-04-22,11.5625,11.59375,11.25,11.390625,5.148256778717041,54400
1998-04-23,11.5,11.5,11.296875,11.3125,5.11294412612915,76000
1998-04-24,11.25,11.375,11.1875,11.34375,5.12706995010376,107200
1998-04-27,11.28125,11.28125,10.875,10.90625,4.9293317794799805,177600
1998-04-28,10.875,11.0,10.875,10.984375,4.964641094207764,95200
1998-04-29,11.0,11.0,10.96875,11.0,4.971702575683594,80800
1998-04-30,11.03125,11.0625,10.96875,10.96875,4.957580089569092,180000
1998-05-01,10.96875,11.03125,10.84375,10.921875,4.9363932609558105,70800
1998-05-04,10.953125,10.984375,10.921875,10.953125,4.95051908493042,188800
1998-05-05,10.953125,10.96875,10.78125,10.78125,4.872835636138916,30400
1998-05-06,10.84375,10.84375,10.625,10.625,4.802214622497559,46000
1998-05-07,10.625,10.75,10.5,10.71875,4.844583511352539,736000
1998-05-08,10.765625,11.0,10.765625,10.8125,4.886958599090576,121200
1998-05-11,11.0,11.0,10.8125,10.9375,4.943455219268799,96400
1998-05-12,10.90625,10.96875,10.75,10.75,4.8587117195129395,27600
1998-05-13,10.6875,10.734375,10.640625,10.734375,4.851646900177002,156000
1998-05-14,10.671875,10.71875,10.53125,10.5625,4.773965835571289,74400
1998-05-15,10.5625,10.65625,10.5625,10.578125,4.781027793884277,30000
1998-05-18,10.640625,10.640625,10.5,10.5,4.745718479156494,54400
1998-05-19,10.5,10.703125,10.484375,10.703125,4.837522029876709,66400
1998-05-20,10.6875,10.703125,10.6875,10.6875,4.830460071563721,74800
1998-05-21,10.625,10.6875,10.609375,10.65625,4.816337585449219,134400
1998-05-22,10.59375,10.59375,10.53125,10.546875,4.766902923583984,22800
1998-05-26,10.5625,10.8125,10.5625,10.75,4.8587117195129395,202400
1998-05-27,10.6875,10.6875,10.53125,10.53125,4.759842872619629,175600
1998-05-28,10.5,10.59375,10.46875,10.59375,4.788092136383057,71200
1998-05-29,10.609375,10.921875,10.609375,10.78125,4.872835636138916,80800
1998-06-01,10.8125,11.078125,10.8125,11.015625,4.978767395019531,106800
1998-06-02,11.0,11.0625,10.96875,11.015625,4.978767395019531,90400
1998-06-03,11.234375,11.234375,11.09375,11.09375,5.014074802398682,191200
1998-06-04,11.09375,11.234375,11.09375,11.21875,5.0705742835998535,62400
1998-06-05,11.21875,11.21875,11.09375,11.09375,5.014074802398682,30400
1998-06-08,11.15625,11.234375,11.125,11.125,5.028200626373291,84800
1998-06-09,11.15625,11.15625,10.875,10.96875,4.957580089569092,73200
1998-06-10,10.90625,11.0,10.765625,10.765625,4.865772724151611,95200
1998-06-11,10.765625,10.765625,10.5,10.5,4.745718479156494,69200
1998-06-12,10.53125,10.71875,10.515625,10.703125,4.837522029876709,85200
1998-06-15,10.6875,10.6875,10.546875,10.6875,4.830460071563721,125600
1998-06-16,10.671875,10.6875,10.625,10.671875,4.823400020599365,123200
1998-06-17,10.65625,10.921875,10.65625,10.84375,4.901083469390869,60400
1998-06-18,10.875,10.875,10.78125,10.8125,4.886958599090576,48000
1998-06-19,10.71875,10.71875,10.5625,10.578125,4.781027793884277,75200
1998-06-22,10.609375,10.859375,10.609375,10.859375,4.908143520355225,44800
1998-06-23,10.875,11.21875,10.875,11.203125,5.063511371612549,134800
1998-06-24,11.25,11.421875,11.234375,11.375,5.141195297241211,98400
1998-06-25,11.34375,11.484375,11.34375,11.40625,5.155315399169922,58400
1998-06-26,11.359375,11.421875,11.234375,11.40625,5.195168972015381,112400
1998-06-29,11.421875,11.421875,11.0625,11.125,5.067070484161377,68000
1998-06-30,11.15625,11.28125,11.15625,11.1875,5.0955376625061035,167200
1998-07-01,10.96875,11.1875,10.96875,11.125,5.067070484161377,81200
1998-07-02,11.1875,11.1875,11.0625,11.09375,5.05283784866333,31600
1998-07-06,11.0625,11.09375,11.0,11.015625,5.017256736755371,62400
1998-07-07,10.96875,10.96875,10.8125,10.890625,4.960319519042969,111600
1998-07-08,10.875,11.015625,10.84375,11.015625,5.017256736755371,72000
1998-07-09,10.96875,11.125,10.96875,11.125,5.067070484161377,4800
1998-07-10,11.125,11.125,10.96875,11.078125,5.045719146728516,40000
1998-07-13,11.03125,11.25,11.03125,11.25,5.124002456665039,28800
1998-07-14,11.3125,11.375,11.28125,11.34375,5.1667046546936035,51200
1998-07-15,11.3125,11.3125,11.265625,11.3125,5.152469635009766,58400
1998-07-16,11.28125,11.359375,11.28125,11.34375,5.1667046546936035,59200
1998-07-17,11.34375,11.375,11.328125,11.375,5.180939197540283,25600
1998-07-20,11.28125,11.445313453674316,11.15625,11.203125,5.102655410766602,116800
1998-07-21,11.109375,11.125,11.0,11.09375,5.05283784866333,308800
1998-07-22,11.09375,11.125,10.96875,10.96875,4.995904445648193,33600
1998-07-23,10.90625,10.90625,10.671875,10.6875,4.867802619934082,35200
1998-07-24,10.625,10.625,10.5,10.5,4.782403945922852,31200
1998-07-27,10.5625,10.5625,10.375,10.46875,4.768172740936279,46000
1998-07-28,10.46875,10.46875,9.984375,10.046875,4.576021194458008,151200
1998-07-29,10.09375,10.1875,10.0625,10.078125,4.590252876281738,127200
1998-07-30,10.140625,10.25,10.0,10.078125,4.590252876281738,134400
1998-07-31,10.078125,10.078125,9.75,9.796875,4.462155342102051,149600
1998-08-03,9.796875,10.0625,9.78125,9.796875,4.462155342102051,83200
1998-08-04,9.78125,9.828125,9.46875,9.46875,4.312702655792236,115600
1998-08-05,9.5,9.734375,9.5,9.734375,4.433686256408691,104800
1998-08-06,9.71875,9.984375,9.71875,9.96875,4.540438175201416,134400
1998-08-07,9.953125,9.984375,9.859375,9.875,4.497736930847168,264800
1998-08-10,9.890625,9.90625,9.875,9.875,4.497736930847168,59600
1998-08-11,9.8125,9.8125,9.5625,9.734375,4.433686256408691,142000
1998-08-12,9.765625,9.984375,9.765625,9.890625,4.504853248596191,153200
1998-08-13,9.84375,9.875,9.546875,9.59375,4.369636058807373,144400
1998-08-14,9.625,9.71875,9.53125,9.546875,4.348288536071777,64000
1998-08-17,9.59375,9.84375,9.59375,9.765625,4.447918891906738,46800
1998-08-18,9.78125,9.984375,9.78125,9.875,4.497736930847168,67600
1998-08-19,9.9375,9.9375,9.34375,9.34375,4.255771160125732,130400
1998-08-20,9.359375,9.390625,9.34375,9.34375,4.255771160125732,16400
1998-08-21,9.34375,9.515625,9.28125,9.515625,4.334053039550781,73600
1998-08-24,9.546875,9.609375,9.515625,9.578125,4.362519264221191,37200
1998-08-25,9.71875,9.96875,9.71875,9.890625,4.504853248596191,166800
1998-08-26,9.90625,9.90625,9.59375,9.59375,4.369636058807373,60400
1998-08-27,9.53125,9.578125,9.234375,9.28125,4.2273054122924805,98800
1998-08-28,9.28125,9.3125,9.25,9.296875,4.234421730041504,280400
1998-08-31,9.25,9.3125,9.234375,9.25,4.213069438934326,109200
1998-09-01,9.21875,9.5625,9.15625,9.546875,4.348288536071777,201600
1998-09-02,9.75,9.8125,9.6875,9.703125,4.419454097747803,107600
1998-09-03,9.5625,9.625,9.5,9.578125,4.362519264221191,418800
1998-09-04,9.53125,9.65625,9.515625,9.609375,4.376754283905029,174400
1998-09-08,9.65625,9.9375,9.65625,9.9375,4.5262041091918945,280000
1998-09-09,9.9375,9.9375,9.71875,9.734375,4.433686256408691,134000
1998-09-10,9.671875,9.703125,9.625,9.640625,4.390988349914551,201200
1998-09-11,9.640625,9.984375,9.640625,9.984375,4.547553539276123,210800
1998-09-14,9.984375,10.0,9.96875,10.0,4.554670333862305,88800
1998-09-15,9.9375,9.953125,9.90625,9.921875,4.519087314605713,150400
1998-09-16,9.875,9.984375,9.875,9.984375,4.547553539276123,101600
1998-09-17,9.984375,9.984375,9.828125,9.84375,4.4835028648376465,74800
1998-09-18,9.9375,10.25,9.921875,10.0625,4.583136558532715,2711200
1998-09-21,10.0625,10.09375,9.859375,10.09375,4.597371578216553,126400
1998-09-22,10.125,10.34375,10.125,10.34375,4.711238861083984,64000
1998-09-23,10.28125,10.84375,10.273438453674316,10.765625,4.903387546539307,145600
1998-09-24,10.78125,10.78125,10.40625,10.5,4.782403945922852,157600
1998-09-25,10.4375,10.59375,10.40625,10.53125,4.796639919281006,185600
1998-09-28,10.375,10.507813453674316,10.296875,10.4375,4.793765544891357,77600
1998-09-29,10.4375,10.4375,10.0,10.09375,4.635888576507568,292000
1998-09-30,10.09375,10.3125,10.09375,10.3125,4.736355781555176,184800
1998-10-01,10.125,10.125,9.96875,9.984375,4.585653305053711,116000
1998-10-02,10.03125,10.0625,10.0,10.015625,4.600006580352783,60800
1998-10-05,9.992188453674316,10.0,9.8125,9.84375,4.5210652351379395,208800
1998-10-06,9.84375,9.84375,9.40625,9.546875,4.384718418121338,92400
1998-10-07,9.5625,9.609375,9.5625,9.609375,4.413422584533691,42400
1998-10-08,9.546875,9.609375,9.359375,9.515625,4.370364665985107,98800
1998-10-09,9.453125,9.46875,9.328125,9.390625,4.312955379486084,89600
1998-10-12,9.328125,9.375,9.328125,9.34375,4.291428089141846,242400
1998-10-13,9.34375,9.375,9.140625,9.34375,4.291428089141846,110800
1998-10-14,9.28125,9.28125,8.71875,9.109375,4.183782577514648,286000
1998-10-15,9.0625,10.0,8.9375,10.0,4.592830181121826,293600
1998-10-16,10.0,10.25,9.921875,9.9375,4.564123630523682,95600
1998-10-19,10.0,10.03125,9.65625,9.71875,4.463656425476074,103600
1998-10-20,9.78125,10.148438453674316,9.78125,9.859375,4.528244495391846,69600
1998-10-21,9.828125,10.21875,9.828125,10.078125,4.6287126541137695,1862000
1998-10-22,10.28125,10.796875,10.25,10.734375,4.930115222930908,275600
1998-10-23,10.734375,11.046875,10.625,10.625,4.879883766174316,177600
1998-10-26,10.6875,10.734375,10.546875,10.546875,4.843999862670898,95600
1998-10-27,10.609375,10.65625,10.484375,10.609375,4.872704029083252,47600
1998-10-28,10.609375,10.640625,10.59375,10.640625,4.887060165405273,29600
1998-10-29,10.640625,10.65625,10.5,10.5625,4.85117769241333,48400
1998-10-30,10.5625,10.65625,10.546875,10.59375,4.865532398223877,71600
1998-11-02,10.59375,10.65625,10.5625,10.640625,4.887060165405273,74800
1998-11-03,10.640625,10.75,10.59375,10.6875,4.908587455749512,127600
1998-11-04,10.65625,10.96875,10.65625,10.875,4.994704246520996,201600
1998-11-05,10.84375,10.984375,10.796875,10.859375,4.987527370452881,175600
1998-11-06,10.8125,10.859375,10.75,10.828125,4.973176956176758,50800
1998-11-09,10.875,11.234375,10.875,11.234375,5.159759521484375,202800
1998-11-10,11.1875,11.3125,11.125,11.28125,5.1812849044799805,140800
1998-11-11,11.265625,11.296875,11.25,11.296875,5.1884613037109375,55200
1998-11-12,11.359375,11.484375,11.3125,11.359375,5.217169761657715,124400
1998-11-13,11.359375,11.546875,11.359375,11.4375,5.253048896789551,116400
1998-11-16,11.5,11.515625,11.21875,11.234375,5.159759521484375,84400
1998-11-17,11.171875,11.25,10.953125,11.25,5.166935920715332,198800
1998-11-18,11.28125,11.484375,11.28125,11.46875,5.267401695251465,73200
1998-11-19,11.40625,11.4375,11.359375,11.40625,5.238694667816162,200800
1998-11-20,11.28125,11.453125,11.28125,11.453125,5.260226726531982,114800
1998-11-23,11.484375,11.484375,11.1875,11.1875,5.138229846954346,96000
1998-11-24,11.1875,11.34375,11.15625,11.328125,5.202816009521484,96000
1998-11-25,11.375,11.5625,11.3125,11.46875,5.267401695251465,71200
1998-11-27,11.5,11.546875,11.453125,11.53125,5.296106338500977,13200
1998-11-30,11.53125,11.6875,11.46875,11.59375,5.324813365936279,102400
1998-12-01,11.53125,11.53125,11.25,11.34375,5.209991931915283,115600
1998-12-02,11.40625,11.40625,11.140625,11.21875,5.152578830718994,65200
1998-12-03,11.03125,11.078125,11.015625,11.0625,5.080819129943848,60000
1998-12-04,11.09375,11.265625,11.078125,11.265625,5.1741132736206055,239200
1998-12-07,11.21875,11.234375,11.203125,11.234375,5.159759521484375,58800
1998-12-08,11.25,11.25,11.09375,11.15625,5.123876094818115,39200
1998-12-09,11.21875,11.3125,11.15625,11.25,5.166935920715332,253600
1998-12-10,11.21875,11.34375,11.21875,11.28125,5.1812849044799805,268800
1998-12-11,11.265625,11.46875,11.25,11.46875,5.267401695251465,99200
1998-12-14,11.40625,11.40625,11.125,11.140625,5.11669921875,48800
1998-12-15,11.125,11.125,10.921875,10.9375,5.023408889770508,42800
1998-12-16,11.0,11.0,10.65625,10.65625,4.894233226776123,52000
1998-12-17,10.71875,11.046875,10.71875,11.046875,5.073641777038574,34000
1998-12-18,11.1875,11.25,10.9375,10.984375,5.04493522644043,150400
1998-12-21,10.984375,10.984375,10.859375,10.921875,5.016232013702393,57200
1998-12-22,10.90625,10.921875,10.75,10.84375,4.980350017547607,69600
1998-12-23,10.90625,10.9375,10.6875,10.90625,5.009056091308594,108000
1998-12-24,10.921875,10.921875,10.796875,10.796875,4.958821773529053,12000
1998-12-28,10.796875,11.203125,10.796875,11.1875,5.138229846954346,63600
1998-12-29,10.84375,10.921875,10.75,10.921875,5.055774688720703,119600
1998-12-30,10.921875,10.984375,10.796875,10.9375,5.063007354736328,114800
1998-12-31,10.9375,11.0625,10.9375,11.03125,5.106405258178711,56000
1999-01-04,11.0,11.125,10.828125,11.109375,5.142566680908203,291200
1999-01-05,11.046875,11.4375,11.046875,11.375,5.265530109405518,90000
1999-01-06,11.359375,11.6875,11.359375,11.4375,5.294458866119385,232400
1999-01-07,11.4375,11.4375,11.28125,11.28125,5.222128391265869,13600
1999-01-08,11.25,11.25,11.03125,11.140625,5.157033443450928,74400
1999-01-11,11.140625,11.28125,11.140625,11.25,5.207665920257568,78800
1999-01-12,11.28125,11.296875,11.203125,11.21875,5.1931962966918945,114400
1999-01-13,11.15625,11.28125,11.0625,11.125,5.149802207946777,101200
1999-01-14,11.109375,11.125,10.875,10.90625,5.04854154586792,82800
1999-01-15,10.84375,10.890625,10.5625,10.59375,4.903886795043945,117200
1999-01-19,10.5625,11.234375,10.5625,11.125,5.149802207946777,204800
1999-01-20,11.125,11.234375,11.0625,11.234375,5.20043420791626,152000
1999-01-21,11.1875,11.28125,11.09375,11.125,5.149802207946777,428000
1999-01-22,10.9375,11.0,10.90625,10.96875,5.0774736404418945,259600
1999-01-25,10.96875,11.359375,10.96875,11.25,5.207665920257568,327600
1999-01-26,11.25,11.3125,11.1875,11.265625,5.214900016784668,217600
1999-01-27,11.28125,11.5,11.234375,11.375,5.265530109405518,454800
1999-01-28,11.375,11.984375,11.375,11.78125,5.453582763671875,302000
1999-01-29,11.78125,12.65625,11.71875,12.5,5.786294937133789,533600
1999-02-01,12.5,12.5,11.84375,11.84375,5.482512474060059,368400
1999-02-02,11.859375,11.875,11.421875,11.484375,5.316157817840576,346000
1999-02-03,11.4375,11.671875,11.4375,11.65625,5.395717620849609,165200
1999-02-04,11.59375,11.59375,11.375,11.375,5.265530109405518,104000
1999-02-05,11.25,11.5,11.25,11.34375,5.251062870025635,77200
1999-02-08,11.34375,11.34375,11.234375,11.25,5.207665920257568,75200
1999-02-09,11.25,11.34375,11.25,11.28125,5.222128391265869,170000
1999-02-10,11.28125,11.328125,11.171875,11.1875,5.178732395172119,184400
1999-02-11,11.1875,11.3125,11.015625,11.296875,5.229361534118652,276000
1999-02-12,11.25,11.25,11.09375,11.21875,5.1931962966918945,40400
1999-02-16,11.28125,11.453125,11.28125,11.34375,5.251062870025635,40800
1999-02-17,11.34375,11.453125,11.234375,11.265625,5.214900016784668,45600
1999-02-18,11.3125,11.34375,11.28125,11.28125,5.222128391265869,117600
1999-02-19,11.40625,11.546875,11.265625,11.5,5.323390007019043,89200
1999-02-22,11.5625,11.921875,11.546875,11.890625,5.504210948944092,140800
1999-02-23,11.890625,11.9375,11.773438453674316,11.796875,5.460812568664551,212800
1999-02-24,11.796875,11.8125,11.703125,11.703125,5.417416572570801,130000
1999-02-25,11.8125,11.90625,11.71875,11.890625,5.504210948944092,100000
1999-02-26,11.875,11.984375,11.84375,11.9375,5.525912761688232,79200
1999-03-01,11.90625,12.0625,11.875,12.0625,5.5837721824646,118800
1999-03-02,12.0625,12.15625,11.984375,12.0,5.554841995239258,227600
1999-03-03,12.0,12.046875,11.96875,12.046875,5.576541900634766,116800
1999-03-04,12.09375,12.1875,12.09375,12.1875,5.641637802124023,205600
1999-03-05,12.15625,12.3125,12.125,12.296875,5.692267417907715,163600
1999-03-08,12.296875,12.484375,12.28125,12.40625,5.742896556854248,229200
1999-03-09,12.40625,12.40625,12.109375,12.125,5.612707614898682,99200
1999-03-10,12.125,12.1875,12.0,12.140625,5.619936466217041,124400
1999-03-11,12.078125,12.078125,11.828125,11.828125,5.47528076171875,248000
1999-03-12,11.828125,11.828125,11.6875,11.8125,5.468048572540283,138000
1999-03-15,11.78125,12.09375,11.78125,11.953125,5.533144950866699,298800
1999-03-16,11.9375,11.9375,11.640625,11.640625,5.388485431671143,232400
1999-03-17,11.640625,11.640625,11.5625,11.578125,5.359555244445801,210400
1999-03-18,11.625,11.71875,11.609375,11.703125,5.417416572570801,57200
1999-03-19,11.75,11.75,11.625,11.625,5.381253242492676,149600
1999-03-22,11.65625,11.65625,11.421875,11.421875,5.287227153778076,77600
1999-03-23,11.421875,11.421875,11.296875,11.3125,5.23659610748291,79600
1999-03-24,11.296875,11.375,11.28125,11.375,5.265530109405518,194800
1999-03-25,11.5,11.8125,11.5,11.765625,5.446348667144775,120000
1999-03-26,11.75,11.859375,11.75,11.84375,5.482512474060059,20800
1999-03-29,11.671875,11.8125,11.625,11.625,5.4270758628845215,105200
1999-03-30,11.5625,11.78125,11.515625,11.578125,5.4051923751831055,177200
1999-03-31,11.734375,11.8125,11.5,11.5,5.368717670440674,544800
1999-04-01,11.5625,11.59375,11.5,11.578125,5.4051923751831055,58400
1999-04-05,11.59375,11.78125,11.59375,11.75,5.485431671142578,87200
1999-04-06,11.65625,12.125,11.59375,12.0,5.602143287658691,186000
1999-04-07,11.96875,11.96875,11.890625,11.90625,5.558374881744385,18000
1999-04-08,11.84375,11.921875,11.84375,11.890625,5.551083087921143,58400
1999-04-09,11.953125,12.125,11.953125,12.125,5.660499095916748,66800
1999-04-12,12.0625,12.3125,12.0,12.234375,5.711559772491455,94400
1999-04-13,12.171875,12.3125,12.09375,12.09375,5.645909786224365,181600
1999-04-14,12.109375,12.390625,12.109375,12.171875,5.682382106781006,98800
1999-04-15,12.1875,12.28125,12.109375,12.109375,5.653201103210449,61600
1999-04-16,12.109375,12.15625,12.09375,12.09375,5.645909786224365,74400
1999-04-19,12.109375,12.3125,12.109375,12.3125,5.74803352355957,211200
1999-04-20,12.25,12.3125,12.0625,12.09375,5.645909786224365,347600
1999-04-21,12.140625,12.140625,12.0,12.078125,5.638615608215332,164400
1999-04-22,12.046875,12.078125,12.015625,12.078125,5.638615608215332,192000
1999-04-23,12.03125,12.03125,12.0,12.03125,5.616731643676758,16000
1999-04-26,12.0625,12.0625,11.875,11.984375,5.5948486328125,59600
1999-04-27,12.0,12.0,11.84375,11.953125,5.580256462097168,88400
1999-04-28,11.90625,11.96875,11.796875,11.953125,5.580256462097168,108400
1999-04-29,11.96875,11.96875,11.84375,11.90625,5.558374881744385,145200
1999-04-30,11.875,11.90625,11.640625,11.875,5.54378604888916,98400
1999-05-03,11.875,11.96875,11.8125,11.8125,5.514608860015869,188800
1999-05-04,11.859375,11.859375,11.765625,11.828125,5.521903038024902,104400
1999-05-05,11.796875,12.0625,11.796875,12.015625,5.609438419342041,426400
1999-05-06,12.0,12.0625,11.90625,11.984375,5.5948486328125,76400
1999-05-07,11.921875,11.96875,11.796875,11.890625,5.551083087921143,151600
1999-05-10,11.953125,11.953125,11.8125,11.875,5.54378604888916,240000
1999-05-11,11.875,11.875,11.640625,11.703125,5.463547706604004,70800
1999-05-12,11.703125,11.78125,11.671875,11.75,5.485431671142578,61200
1999-05-13,11.75,11.75,11.65625,11.75,5.485431671142578,53600
1999-05-14,11.703125,11.75,11.65625,11.734375,5.478134632110596,64800
1999-05-17,11.734375,11.75,11.703125,11.734375,5.478134632110596,77200
1999-05-18,11.734375,11.75,11.671875,11.6875,5.456253528594971,85600
1999-05-19,11.65625,11.875,11.65625,11.859375,5.536491394042969,463600
1999-05-20,11.828125,12.0,11.828125,12.0,5.602143287658691,126400
1999-05-21,12.0,12.234375,11.890625,11.953125,5.580256462097168,194000
1999-05-24,11.9375,12.015625,11.921875,11.921875,5.565671443939209,166000
1999-05-25,11.984375,12.140625,11.9375,12.015625,5.609438419342041,66000
1999-05-26,12.03125,12.03125,11.890625,11.9375,5.572964668273926,129200
1999-05-27,11.9375,12.0625,11.9375,12.046875,5.624028205871582,158000
1999-05-28,12.09375,12.25,12.09375,12.171875,5.682382106781006,37200
1999-06-01,12.125,12.125,11.9375,12.03125,5.616731643676758,101200
1999-06-02,12.0,12.140625,11.984375,12.109375,5.653201103210449,178400
1999-06-03,12.09375,12.09375,11.953125,12.0,5.602143287658691,201200
1999-06-04,12.03125,12.046875,11.921875,12.015625,5.609438419342041,75200
1999-06-07,12.046875,12.0625,12.0,12.03125,5.616731643676758,82400
1999-06-08,12.046875,12.0625,11.96875,12.0,5.602143287658691,775600
1999-06-09,11.9375,12.0,11.9375,12.0,5.602143287658691,45200
1999-06-10,11.960938453674316,11.984375,11.9375,11.984375,5.5948486328125,62400
1999-06-11,11.984375,12.03125,11.96875,12.015625,5.609438419342041,24800
1999-06-14,12.03125,12.109375,12.03125,12.078125,5.638615608215332,48400
1999-06-15,12.078125,12.109375,12.03125,12.109375,5.653201103210449,62800
1999-06-16,12.078125,12.203125,12.0,12.171875,5.682382106781006,200000
1999-06-17,12.15625,12.234375,12.15625,12.171875,5.682382106781006,90400
1999-06-18,12.234375,12.25,12.171875,12.25,5.7188544273376465,119200
1999-06-21,12.234375,12.34375,12.21875,12.234375,5.711559772491455,94800
1999-06-22,12.171875,12.4375,12.171875,12.421875,5.79909086227417,76800
1999-06-23,12.40625,12.421875,12.359375,12.390625,5.78450345993042,90000
1999-06-24,12.390625,12.4375,12.34375,12.359375,5.769914150238037,35200
1999-06-25,12.421875,12.421875,12.1875,12.203125,5.696970462799072,42000
1999-06-28,12.078125,12.390625,12.046875,12.375,5.824941158294678,136800
1999-06-29,12.3125,12.5,12.296875,12.5,5.883783340454102,223600
1999-06-30,12.5,12.609375,12.375,12.375,5.824941158294678,530000
1999-07-01,12.375,12.484375,12.375,12.484375,5.876426696777344,57200
1999-07-02,12.4375,12.484375,12.40625,12.484375,5.876426696777344,37600
1999-07-06,12.46875,12.5,12.453125,12.46875,5.869072437286377,94000
1999-07-07,12.5,12.5625,12.34375,12.359375,5.817586898803711,68000
1999-07-08,12.328125,12.484375,12.3125,12.484375,5.876426696777344,101200
1999-07-09,12.46875,12.796875,12.46875,12.75,6.001455783843994,104400
1999-07-12,12.8125,13.09375,12.796875,13.03125,6.133838176727295,127600
1999-07-13,13.0625,13.0625,12.78125,12.84375,6.045586585998535,57200
1999-07-14,12.828125,12.90625,12.78125,12.90625,6.075000762939453,84400
1999-07-15,12.96875,13.625,12.953125,13.625,6.413319110870361,250000
1999-07-16,13.5,14.0,13.46875,13.59375,6.398611068725586,558000
1999-07-19,13.59375,13.609375,13.296875,13.3125,6.266226291656494,100400
1999-07-20,13.25,13.296875,13.140625,13.140625,6.1853251457214355,246000
1999-07-21,13.140625,13.28125,13.09375,13.234375,6.22944974899292,182000
1999-07-22,13.21875,13.234375,13.109375,13.1875,6.207387924194336,86400
1999-07-23,13.21875,13.21875,13.125,13.140625,6.1853251457214355,24800
1999-07-26,13.15625,13.15625,12.8125,12.875,6.060294151306152,63200
1999-07-27,12.9375,13.125,12.90625,13.109375,6.170616626739502,121600
1999-07-28,13.109375,13.125,12.984375,13.0625,6.148550987243652,217200
1999-07-29,13.09375,13.125,13.03125,13.0625,6.148550987243652,180800
1999-07-30,13.078125,13.125,12.875,13.03125,6.133838176727295,110800
1999-08-02,12.96875,13.125,12.90625,12.9375,6.089712142944336,119200
1999-08-03,12.921875,13.140625,12.921875,13.125,6.177968502044678,155200
1999-08-04,13.09375,13.140625,13.03125,13.125,6.177968502044678,87200
1999-08-05,13.09375,13.140625,13.0,13.140625,6.1853251457214355,134400
1999-08-06,13.09375,13.25,13.09375,13.25,6.236808776855469,79200
1999-08-09,13.21875,13.25,13.171875,13.171875,6.200035095214844,143600
1999-08-10,13.046875,13.046875,12.65625,12.734375,5.994099140167236,176400
1999-08-11,12.71875,12.71875,12.640625,12.6875,5.972040176391602,185600
1999-08-12,12.671875,12.6875,12.65625,12.6875,5.972040176391602,284800
1999-08-13,12.6875,13.34375,12.6875,13.28125,6.251513481140137,255600
1999-08-16,13.28125,13.375,13.25,13.3125,6.266226291656494,86400
1999-08-17,13.3125,13.40625,13.3125,13.390625,6.302999973297119,56400
1999-08-18,13.375,13.5625,13.375,13.40625,6.310356616973877,181600
1999-08-19,13.375,13.421875,13.21875,13.359375,6.288289546966553,49600
1999-08-20,13.375,13.46875,13.375,13.46875,6.339774131774902,128400
1999-08-23,13.40625,13.5,13.40625,13.484375,6.347128391265869,102000
1999-08-24,13.5,13.59375,13.46875,13.578125,6.391254425048828,169600
1999-08-25,13.515625,13.5625,13.5,13.515625,6.361836910247803,75600
1999-08-26,13.46875,13.75,13.46875,13.75,6.472158908843994,216800
1999-08-27,13.75,14.125,13.75,13.90625,6.545706748962402,249200
1999-08-30,13.875,13.875,13.46875,13.515625,6.361836910247803,200000
1999-08-31,13.515625,13.8125,13.5,13.65625,6.428028583526611,138000
1999-09-01,13.46875,13.625,13.46875,13.5625,6.383900165557861,137200
1999-09-02,13.5625,13.625,13.484375,13.546875,6.376550197601318,113200
1999-09-03,13.546875,13.609375,13.453125,13.59375,6.398611068725586,188000
1999-09-07,13.53125,13.53125,13.28125,13.46875,6.339774131774902,196000
1999-09-08,13.46875,13.484375,13.28125,13.28125,6.251513481140137,152000
1999-09-09,13.34375,13.390625,13.21875,13.28125,6.251513481140137,22000
1999-09-10,13.25,13.4375,13.25,13.328125,6.2735795974731445,60000
1999-09-13,13.375,13.375,13.3125,13.375,6.2956438064575195,47600
1999-09-14,13.3125,13.34375,13.1875,13.28125,6.251513481140137,174400
1999-09-15,13.25,13.40625,13.25,13.390625,6.302999973297119,149200
1999-09-16,13.390625,13.421875,13.1875,13.359375,6.288289546966553,169600
1999-09-17,13.390625,13.5,13.328125,13.390625,6.302999973297119,207200
1999-09-20,13.34375,13.4375,13.34375,13.390625,6.302999973297119,194000
1999-09-21,13.4375,13.4375,13.09375,13.21875,6.2220964431762695,220400
1999-09-22,13.21875,13.5,13.203125,13.46875,6.339774131774902,62800
1999-09-23,13.484375,13.484375,13.109375,13.171875,6.200035095214844,102000
1999-09-24,13.171875,13.1875,13.15625,13.1875,6.207387924194336,102800
1999-09-27,13.21875,13.25,13.0,13.203125,6.214742660522461,303200
1999-09-28,13.09375,13.234375,13.0625,13.234375,6.276991844177246,129600
1999-09-29,13.21875,13.21875,13.171875,13.203125,6.262172698974609,131200
1999-09-30,13.234375,13.3125,13.1875,13.3125,6.3140482902526855,334800
1999-10-01,13.34375,13.359375,13.125,13.234375,6.276991844177246,160000
1999-10-04,13.21875,13.25,13.15625,13.1875,6.254760265350342,33200
1999-10-05,13.1875,13.203125,13.0,13.15625,6.239938735961914,122400
1999-10-06,13.15625,13.21875,13.09375,13.09375,6.2102952003479,220000
1999-10-07,13.03125,13.125,13.03125,13.0625,6.1954755783081055,35200
1999-10-08,13.03125,13.03125,12.9375,12.96875,6.1510090827941895,92800
1999-10-11,13.015625,13.015625,12.78125,12.828125,6.084312438964844,102000
1999-10-12,12.84375,12.84375,12.625,12.734375,6.0398454666137695,154000
1999-10-13,12.703125,12.734375,12.640625,12.640625,5.995385646820068,296800
1999-10-14,12.640625,12.65625,12.5,12.59375,5.973149299621582,368000
1999-10-15,12.625,12.71875,12.4375,12.71875,6.032438278198242,81200
1999-10-18,12.6875,12.71875,12.484375,12.59375,5.973149299621582,373600
1999-10-19,12.5625,12.75,12.5625,12.75,6.047257423400879,261200
1999-10-20,12.6875,12.90625,12.65625,12.90625,6.121364116668701,133200
1999-10-21,12.84375,12.875,12.765625,12.765625,6.0546698570251465,119600
1999-10-22,12.75,12.875,12.6875,12.875,6.1065449714660645,175200
1999-10-25,12.84375,12.875,12.5625,12.625,5.987970352172852,242000
1999-10-26,12.578125,12.609375,12.3125,12.390625,5.876807689666748,101200
1999-10-27,12.390625,12.65625,12.390625,12.609375,5.980560779571533,100000
1999-10-28,12.625,12.8125,12.625,12.75,6.047257423400879,177600
1999-10-29,12.75,12.96875,12.703125,12.9375,6.136187553405762,448800
1999-11-01,12.96875,13.0,12.8125,12.828125,6.084312438964844,180800
1999-11-02,12.796875,13.15625,12.65625,12.875,6.1065449714660645,279600
1999-11-03,13.0,13.125,13.0,13.125,6.225115776062012,78800
1999-11-04,13.0625,13.28125,13.0625,13.265625,6.291816234588623,140400
1999-11-05,13.265625,13.921875,13.265625,13.875,6.580840587615967,235200
1999-11-08,13.9375,14.3125,13.921875,14.0,6.640125751495361,159200
1999-11-09,14.015625,14.015625,13.703125,13.71875,6.506732940673828,86000
1999-11-10,13.71875,13.71875,13.375,13.65625,6.477086544036865,122800
1999-11-11,13.65625,13.8125,13.59375,13.71875,6.506732940673828,80400
1999-11-12,13.65625,13.796875,13.59375,13.796875,6.5437822341918945,60400
1999-11-15,13.8125,13.8125,13.5,13.5,6.402981281280518,39200
1999-11-16,13.5625,13.875,13.546875,13.875,6.580840587615967,85600
1999-11-17,13.875,13.875,13.5,13.625,6.462264537811279,56800
1999-11-18,13.578125,13.703125,13.578125,13.65625,6.477086544036865,46800
1999-11-19,13.59375,13.59375,13.46875,13.46875,6.388157367706299,121200
1999-11-22,13.4375,13.65625,13.375,13.640625,6.469675540924072,115600
1999-11-23,13.6875,14.09375,13.671875,13.9375,6.610480785369873,244400
1999-11-24,13.921875,13.921875,13.390625,13.40625,6.358516216278076,111600
1999-11-26,13.421875,13.421875,13.375,13.40625,6.358516216278076,23600
1999-11-29,13.375,13.5,13.359375,13.421875,6.365926265716553,149600
1999-11-30,13.40625,13.625,13.375,13.625,6.462264537811279,172400
1999-12-01,13.59375,13.90625,13.578125,13.734375,6.5141401290893555,355600
1999-12-02,13.703125,13.8125,13.65625,13.65625,6.477086544036865,99200
1999-12-03,13.65625,13.890625,13.625,13.859375,6.573428630828857,72800
1999-12-06,13.828125,14.0,13.8125,13.859375,6.573428630828857,78000
1999-12-07,13.84375,13.921875,13.84375,13.921875,6.60306978225708,35200
1999-12-08,13.921875,13.984375,13.921875,13.96875,6.625307559967041,86400
1999-12-09,13.96875,13.96875,13.578125,13.578125,6.440030574798584,116400
1999-12-10,13.59375,13.59375,13.40625,13.59375,6.44744348526001,82800
1999-12-13,13.5625,13.5625,13.25,13.375,6.343690395355225,71200
1999-12-14,13.40625,13.5625,13.40625,13.515625,6.4103875160217285,192000
1999-12-15,13.515625,14.03125,13.5,13.984375,6.632718086242676,354000
1999-12-16,13.96875,14.515625,13.953125,14.375,6.81798791885376,120000
1999-12-17,14.5,15.03125,14.5,14.90625,7.069955348968506,272000
1999-12-20,14.921875,14.921875,14.703125,14.75,6.995848655700684,115200
1999-12-21,14.75,15.09375,14.671875,15.09375,7.158883094787598,208400
1999-12-22,15.078125,15.640625,15.03125,15.640625,7.418266773223877,336400
1999-12-23,15.703125,16.5625,15.703125,16.046875,7.610947608947754,438400
1999-12-27,16.109375,16.171875,15.96875,16.0625,7.618354797363281,245200
1999-12-28,16.0625,16.125,16.0625,16.09375,7.633185863494873,109600
1999-12-29,15.96875,15.96875,15.65625,15.953125,7.613790988922119,339600
1999-12-30,15.9375,16.1875,15.9375,16.171875,7.7181925773620605,70400
1999-12-31,16.21875,16.21875,16.140625,16.1875,7.725648403167725,43600
2000-01-03,15.9375,15.96875,15.671875,15.90625,7.591421604156494,258400
2000-01-04,15.75,15.75,15.03125,15.1875,7.248391628265381,140400
2000-01-05,15.03125,15.328125,14.875,15.25,7.2782182693481445,177600
2000-01-06,15.25,15.375,15.15625,15.22265625,7.265170097351074,214800
2000-01-07,15.5,15.90625,15.1875,15.8125,7.546677589416504,235600
2000-01-10,15.5,15.59375,15.21875,15.234375,7.270758628845215,212000
2000-01-11,15.234375,15.234375,14.8125,15.140625,7.226017475128174,136800
2000-01-12,15.078125,15.21875,15.0,15.015625,7.1663594245910645,72800
2000-01-13,14.953125,15.0,14.84375,14.984375,7.15144681930542,136400
2000-01-14,14.984375,15.09375,14.859375,14.90625,7.114162445068359,157200
2000-01-18,15.125,15.125,15.015625,15.015625,7.1663594245910645,199600
2000-01-19,14.96875,15.09375,14.90625,15.0,7.158901691436768,238400
2000-01-20,15.0625,15.0625,14.90625,14.984375,7.15144681930542,177200
2000-01-21,14.921875,14.921875,14.28125,14.28125,6.8158745765686035,260800
2000-01-24,14.21875,14.4375,14.09375,14.140625,6.74875545501709,410800
2000-01-25,14.140625,14.140625,13.9375,13.9375,6.6518168449401855,196400
2000-01-26,14.0,14.265625,14.0,14.234375,6.79350471496582,162400
2000-01-27,14.296875,14.296875,13.828125,13.84375,6.6070733070373535,233600
2000-01-28,13.75,14.0625,13.515625,13.515625,6.450472831726074,144800
2000-01-31,13.640625,13.671875,13.34375,13.4375,6.413186073303223,161600
2000-02-01,13.5,13.671875,13.421875,13.640625,6.5101318359375,138000
2000-02-02,13.703125,13.8125,13.65625,13.703125,6.539956569671631,134000
2000-02-03,13.8125,14.78125,13.8125,14.71875,7.0246734619140625,538000
2000-02-04,14.875,14.875,14.484375,14.671875,7.002299785614014,143600
2000-02-07,14.65625,14.78125,14.0,14.0,6.681643962860107,113200
2000-02-08,13.9375,13.953125,13.734375,13.921875,6.644358158111572,226800
2000-02-09,13.9375,14.03125,13.859375,14.03125,6.696558952331543,154400
2000-02-10,14.03125,14.75,14.03125,14.125,6.741302013397217,282800
2000-02-11,14.03125,14.171875,13.5,13.5625,6.47284460067749,130400
2000-02-14,13.5625,13.5625,13.1875,13.359375,6.375899791717529,210800
2000-02-15,13.296875,13.421875,13.03125,13.1875,6.2938714027404785,114400
2000-02-16,13.171875,13.25,13.03125,13.234375,6.31624174118042,85200
2000-02-17,13.09375,13.15625,12.8125,12.921875,6.167093276977539,118800
2000-02-18,12.859375,12.859375,12.40625,12.421875,5.928466796875,148800
2000-02-22,12.421875,12.421875,12.0,12.171875,5.8091511726379395,454400
2000-02-23,12.234375,12.5,12.21875,12.5,5.965753078460693,185600
2000-02-24,12.53125,12.59375,12.25,12.453125,5.943380832672119,113600
2000-02-25,12.453125,12.453125,12.203125,12.203125,5.8240647315979,94800
2000-02-28,12.375,12.671875,12.296875,12.578125,6.003036975860596,166000
2000-02-29,12.515625,12.875,12.515625,12.78125,6.09998083114624,194800
2000-03-01,12.734375,13.0,12.5625,12.5625,5.995580196380615,153200
2000-03-02,12.625,12.9375,12.625,12.765625,6.092525005340576,146800
2000-03-03,12.6875,12.6875,12.453125,12.5,5.965753078460693,194000
2000-03-06,12.4375,12.5,11.6875,11.75,5.607808589935303,228800
2000-03-07,11.875,11.875,11.71875,11.84375,5.652551651000977,74000
2000-03-08,11.828125,11.84375,11.53125,11.75,5.607808589935303,120800
2000-03-09,11.8125,11.90625,11.71875,11.859375,5.660006523132324,293600
2000-03-10,11.828125,12.0,11.78125,11.921875,5.68983793258667,213600
2000-03-13,11.859375,12.375,11.84375,12.234375,5.838982105255127,99200
2000-03-14,12.25,12.96875,12.25,12.4375,5.9359235763549805,575200
2000-03-15,12.40625,13.3125,12.21875,13.3125,6.353526592254639,453200
2000-03-16,13.75,16.0,13.75,16.0,7.636166572570801,422400
2000-03-17,15.625,15.625,14.5,15.25,7.2782182693481445,1178000
2000-03-20,15.375,15.5,14.59375,14.59375,6.965018272399902,392800
2000-03-21,14.5,14.5,13.78125,14.40625,6.8755292892456055,234800
2000-03-22,14.46875,15.0,14.46875,15.0,7.158901691436768,774200
2000-03-23,14.875,15.46875,14.8125,15.15625,7.2334771156311035,547200
2000-03-24,15.125,15.5,14.9375,15.25,7.2782182693481445,214600
2000-03-27,15.1875,15.1875,14.75,15.03125,7.1738128662109375,179200
2000-03-28,15.0625,15.1875,14.875,15.0,7.158901691436768,530000
2000-03-29,14.90625,14.96875,14.78125,14.96875,7.199185371398926,689600
2000-03-30,14.96875,15.96875,14.875,15.96875,7.680129528045654,992200
2000-03-31,16.0,16.4375,15.96875,16.25,7.815399169921875,1202600
2000-04-03,16.125,16.375,15.75,16.375,7.875516891479492,198600
2000-04-04,16.25,16.28125,15.8125,15.96875,7.680129528045654,148800
2000-04-05,15.96875,16.46875,15.90625,16.375,7.875516891479492,716000
2000-04-06,16.375,16.46875,16.25,16.40625,7.890541076660156,324200
2000-04-07,16.5,16.625,16.4375,16.46875,7.9206037521362305,245400
2000-04-10,16.46875,16.625,16.21875,16.34375,7.860487461090088,456600
2000-04-11,16.34375,16.46875,16.0625,16.3125,7.845453262329102,75600
2000-04-12,16.25,16.5,16.03125,16.375,7.875516891479492,109400
2000-04-13,16.46875,16.5,16.3125,16.40625,7.890541076660156,132600
2000-04-14,16.28125,16.40625,15.40625,16.125,7.75527811050415,560000
2000-04-17,16.0625,16.0625,14.9375,15.59375,7.499775409698486,760600
2000-04-18,15.59375,16.46875,15.59375,16.40625,7.890541076660156,248400
2000-04-19,16.40625,16.5625,16.15625,16.3125,7.845453262329102,260800
2000-04-20,16.34375,16.5,16.25,16.46875,7.9206037521362305,340200
2000-04-24,16.34375,16.46875,16.0,16.46875,7.9206037521362305,156400
2000-04-25,16.46875,18.5,16.34375,18.15625,8.732200622558594,406400
2000-04-26,18.125,18.125,17.5,17.53125,8.43161392211914,456800
2000-04-27,17.375,17.375,16.75,17.3125,8.326403617858887,344800
2000-04-28,17.4375,18.625,17.28125,18.625,8.957649230957031,243600
2000-05-01,18.25,18.28125,17.75,17.8125,8.566877365112305,548800
2000-05-02,17.5625,17.625,17.40625,17.5,8.416584014892578,370000
2000-05-03,17.8125,17.8125,17.28125,17.4375,8.386523246765137,456200
2000-05-04,17.46875,17.84375,17.375,17.75,8.536820411682129,137600
2000-05-05,17.75,18.0,17.65625,18.0,8.657057762145996,180800
2000-05-08,18.0,18.21875,17.6875,17.8125,8.566877365112305,209800
2000-05-09,17.6875,18.21875,17.5625,17.875,8.596935272216797,346200
2000-05-10,17.90625,17.9375,17.6875,17.84375,8.581910133361816,158200
2000-05-11,17.96875,18.21875,17.90625,18.0,8.657057762145996,188200
2000-05-12,18.125,18.15625,17.65625,18.09375,8.702142715454102,331000
2000-05-15,17.96875,19.3125,17.75,19.15625,9.213150024414062,206800
2000-05-16,19.15625,19.4375,18.8125,18.875,9.07788372039795,256200
2000-05-17,18.875,18.875,18.4375,18.625,8.957649230957031,116600
2000-05-18,18.5,19.75,18.5,19.4375,9.348416328430176,278800
2000-05-19,18.875,19.25,18.75,19.0,9.1380033493042,375200
2000-05-22,19.125,19.625,19.0,19.59375,9.423564910888672,176400
2000-05-23,19.46875,19.5,19.0,19.03125,9.153033256530762,228600
2000-05-24,19.0625,19.25,18.5625,18.96875,9.122978210449219,369800
2000-05-25,19.0625,19.4375,19.0625,19.25,9.258240699768066,1073400
2000-05-26,19.375,19.6875,19.1875,19.53125,9.393505096435547,162400
2000-05-30,19.125,19.46875,18.5625,19.46875,9.363447189331055,403800
2000-05-31,19.34375,19.5,19.0,19.34375,9.303326606750488,149400
2000-06-01,19.34375,19.4375,18.875,18.96875,9.122978210449219,200000
2000-06-02,19.1875,19.875,19.1875,19.65625,9.453620910644531,210400
2000-06-05,19.25,19.34375,18.71875,18.9375,9.107946395874023,180000
2000-06-06,19.0,19.125,18.59375,18.84375,9.06285572052002,173200
2000-06-07,18.84375,19.71875,18.84375,19.65625,9.453620910644531,123200
2000-06-08,19.3125,19.3125,18.5625,18.6875,8.987710952758789,349000
2000-06-09,19.0,19.5,19.0,19.1875,9.228182792663574,97600
2000-06-12,19.0625,19.21875,18.25,18.25,8.777292251586914,185600
2000-06-13,18.375,19.125,18.21875,19.0,9.1380033493042,234600
2000-06-14,19.125,19.65625,19.125,19.375,9.31835651397705,191800
2000-06-15,19.53125,19.53125,18.75,19.125,9.1981201171875,135400
2000-06-16,19.125,19.34375,18.875,18.90625,9.092909812927246,122400
2000-06-19,18.5,19.46875,18.4375,19.1875,9.228182792663574,226600
2000-06-20,19.09375,19.5,19.09375,19.5,9.378477096557617,691600
2000-06-21,19.375,19.375,18.3125,18.5,8.897531509399414,185200
2000-06-22,18.375,18.8125,18.3125,18.6875,8.987710952758789,105200
2000-06-23,18.53125,19.90625,18.53125,19.5625,9.408536911010742,320400
2000-06-26,19.5625,19.5625,18.9375,19.1875,9.228182792663574,90200
2000-06-27,19.1875,19.6875,19.125,19.65625,9.453620910644531,150000
2000-06-28,19.625,20.8125,19.625,20.65625,9.99303913116455,552200
2000-06-29,20.9375,21.71875,20.90625,21.5,10.401226997375488,384600
2000-06-30,21.53125,21.53125,20.25,21.0,10.159330368041992,745800
2000-07-03,20.5,21.0,20.4375,21.0,10.159330368041992,93600
2000-07-05,20.875,20.875,20.375,20.375,9.856972694396973,250000
2000-07-06,20.40625,20.75,20.0625,20.75,10.038389205932617,423200
2000-07-07,20.6875,20.6875,20.3125,20.4375,9.887208938598633,374400
2000-07-10,20.375,20.5625,20.34375,20.46875,9.902328491210938,184800
2000-07-11,20.5,20.5,20.375,20.4375,9.887208938598633,86000
2000-07-12,20.375,20.625,20.375,20.5,9.917449951171875,150200
2000-07-13,20.5625,20.625,20.3125,20.34375,9.8418550491333,57000
2000-07-14,20.46875,20.5,20.1875,20.3125,9.826735496520996,71800
2000-07-17,20.21875,20.5,20.0625,20.375,9.856972694396973,186800
2000-07-18,20.375,20.9375,20.15625,20.75,10.038389205932617,297000
2000-07-19,20.8125,21.9375,20.8125,21.9375,10.612874984741211,483600
2000-07-20,21.8125,21.9375,21.25,21.46875,10.386106491088867,216400
2000-07-21,21.71875,22.625,21.71875,22.0,10.643110275268555,374800
2000-07-24,21.75,22.3125,21.65625,22.09375,10.688467025756836,106800
2000-07-25,22.3125,22.625,22.1875,22.4375,10.854767799377441,708000
2000-07-26,22.5625,22.96875,22.46875,22.96875,11.111774444580078,486800
2000-07-27,23.375,23.75,23.0,23.5,11.368780136108398,859400
2000-07-28,23.5,24.5,23.5,24.46875,11.837437629699707,612200
2000-07-31,24.5,24.6875,23.9375,24.53125,11.86767578125,719000
2000-08-01,24.53125,24.53125,24.03125,24.5,11.85256290435791,144600
2000-08-02,24.5,24.96875,24.5,24.8125,12.003742218017578,279200
2000-08-03,24.75,24.875,24.34375,24.78125,11.988622665405273,273200
2000-08-04,24.96875,25.0,24.75,24.8125,12.003742218017578,322400
2000-08-07,24.75,24.9375,24.3125,24.5,11.85256290435791,140600
2000-08-08,24.625,24.71875,24.5,24.5625,11.882792472839355,100600
2000-08-09,24.625,25.0,24.25,24.84375,12.018853187561035,125600
2000-08-10,24.84375,24.84375,24.5,24.5,11.85256290435791,121800
2000-08-11,24.4375,24.46875,24.25,24.4375,11.822322845458984,146600
2000-08-14,24.4375,24.4375,24.03125,24.21875,11.716496467590332,150400
2000-08-15,24.28125,24.28125,23.6875,23.6875,11.459488868713379,205000
2000-08-16,23.8125,23.90625,23.46875,23.46875,11.353662490844727,186000
2000-08-17,23.625,23.8125,23.375,23.5,11.368780136108398,178200
2000-08-18,23.5,23.5,23.15625,23.3125,11.278071403503418,55200
2000-08-21,23.1875,23.1875,22.28125,22.5625,10.915240287780762,386200
2000-08-22,22.5625,22.5625,22.25,22.46875,10.869882583618164,109000
2000-08-23,22.75,22.75,22.375,22.59375,10.930356979370117,288800
2000-08-24,22.71875,23.625,22.6875,23.046875,11.149567604064941,379200
2000-08-25,23.5625,24.21875,23.4375,23.8125,11.519959449768066,339600
2000-08-28,23.5625,23.75,23.375,23.46875,11.353662490844727,99000
2000-08-29,23.4375,23.5625,23.1875,23.40625,11.323424339294434,125600
2000-08-30,23.40625,24.125,23.40625,24.0625,11.640904426574707,67200
2000-08-31,23.96875,24.8125,23.96875,24.5,11.85256290435791,125000
2000-09-01,24.9375,24.9375,23.9375,24.0,11.61066722869873,110400
2000-09-05,23.75,24.5,23.5625,24.125,11.671141624450684,106400
2000-09-06,24.25,25.125,23.875,25.03125,12.10955810546875,266200
2000-09-07,25.03125,25.375,24.75,24.84375,12.018853187561035,184000
2000-09-08,24.96875,26.875,24.875,26.875,13.001530647277832,494200
2000-09-11,26.875,27.375,26.625,27.15625,13.137590408325195,332600
2000-09-12,27.15625,28.375,27.15625,28.03125,13.560897827148438,287400
2000-09-13,27.8125,27.875,27.0,27.03125,13.077123641967773,244800
2000-09-14,27.34375,27.6875,26.75,27.0,13.062004089355469,181400
2000-09-15,26.625,27.75,26.625,27.75,13.424834251403809,249600
2000-09-18,27.375,27.46875,25.8125,26.125,12.638692855834961,223000
2000-09-19,26.25,27.46875,26.25,27.40625,13.258536338806152,123800
2000-09-20,27.40625,27.75,27.09375,27.71875,13.409716606140137,204200
2000-09-21,27.71875,27.71875,26.3125,26.625,12.880578994750977,84800
2000-09-22,26.625,28.96875,26.625,28.34375,13.712075233459473,431400
2000-09-25,28.6875,28.8125,28.125,28.4375,13.757430076599121,274400
2000-09-26,28.5625,28.8125,28.0625,28.3125,13.696956634521484,75000
2000-09-27,28.3125,28.84375,28.125,28.5625,13.874261856079102,148000
2000-09-28,28.6875,30.25,28.65625,29.84375,14.496630668640137,429600
2000-09-29,29.375,29.75,29.375,29.5625,14.360013008117676,497000
2000-10-02,29.5,29.5,28.75,29.03125,14.101949691772461,233200
2000-10-03,29.03125,29.40625,29.03125,29.1875,14.177854537963867,121400
2000-10-04,29.21875,29.46875,28.9375,29.03125,14.101949691772461,153000
2000-10-05,28.9375,29.25,28.90625,28.90625,14.04123592376709,268200
2000-10-06,28.90625,28.90625,27.25,27.4375,13.327792167663574,241400
2000-10-09,27.625,27.6875,27.03125,27.21875,13.221532821655273,169200
2000-10-10,27.34375,27.75,27.25,27.5,13.358155250549316,218000
2000-10-11,27.46875,28.375,27.46875,28.1875,13.692103385925293,184800
2000-10-12,28.3125,28.4375,26.75,26.84375,13.039377212524414,204800
2000-10-13,26.875,26.9375,26.1875,26.40625,12.826859474182129,270200
2000-10-16,26.3125,26.46875,26.0,26.0,12.629526138305664,323200
2000-10-17,26.0,26.125,25.4375,25.5,12.386648178100586,274000
2000-10-18,25.5,25.96875,25.21875,25.9375,12.599164962768555,353400
2000-10-19,26.0625,27.46875,26.0625,26.65625,12.948299407958984,222400
2000-10-20,26.6875,27.5,26.5,27.3125,13.267071723937988,342600
2000-10-23,27.4375,27.59375,27.0625,27.5,13.358155250549316,343400
2000-10-24,27.5,28.46875,27.5,28.375,13.783182144165039,291200
2000-10-25,28.25,29.5,28.21875,29.3125,14.238571166992188,266000
2000-10-26,29.1875,30.0,29.1875,29.78125,14.466273307800293,503400
2000-10-27,29.96875,30.46875,29.5,29.78125,14.466273307800293,304800
2000-10-30,29.90625,30.875,29.875,30.75,14.936842918395996,381600
2000-10-31,31.125,32.0,30.625,31.5625,15.33150863647461,369000
2000-11-01,31.6875,31.71875,30.78125,31.09375,15.1038179397583,246200
2000-11-02,30.8125,32.21875,30.71875,31.21875,15.164530754089355,199400
2000-11-03,31.21875,31.21875,29.6875,30.0,14.572525978088379,320400
2000-11-06,30.5,30.75,29.3125,29.5625,14.360013008117676,305600
2000-11-07,29.5625,30.4375,29.375,30.125,14.633240699768066,405200
2000-11-08,30.25,30.65625,30.0625,30.0625,14.602888107299805,136400
2000-11-09,30.375,30.625,29.9375,30.21875,14.678776741027832,191400
2000-11-10,30.21875,30.4375,29.875,30.0,14.572525978088379,187400
2000-11-13,29.875,29.96875,28.6875,29.34375,14.253752708435059,178000
2000-11-14,29.125,30.875,29.125,30.0,14.572525978088379,126200
2000-11-15,29.9375,31.28125,29.78125,31.28125,15.19489574432373,129800
2000-11-16,31.15625,31.5,30.625,30.6875,14.906476974487305,240400
2000-11-17,30.96875,30.96875,30.5,30.59375,14.860939979553223,157800
2000-11-20,30.6875,30.6875,28.875,30.0625,14.602888107299805,442800
2000-11-21,29.9375,30.0625,29.78125,30.0,14.572525978088379,235200
2000-11-22,29.75,29.875,29.03125,29.03125,14.101949691772461,199800
2000-11-24,29.15625,29.96875,29.15625,29.96875,14.557345390319824,86000
2000-11-27,30.0,30.25,29.5,29.78125,14.466273307800293,218800
2000-11-28,29.84375,30.0,29.28125,29.28125,14.223393440246582,149600
2000-11-29,29.5,31.125,29.5,30.0,14.572525978088379,233800
2000-11-30,29.5625,30.125,29.28125,29.5,14.329657554626465,191800
2000-12-01,29.625,30.5,29.625,30.09375,14.61806583404541,181000
2000-12-04,29.96875,30.375,29.25,29.28125,14.223393440246582,250400
2000-12-05,29.625,30.1875,29.5,29.5,14.329657554626465,424400
2000-12-06,29.9375,30.625,29.3125,29.875,14.511810302734375,509200
2000-12-07,30.625,31.9375,30.5,31.59375,15.346689224243164,724000
2000-12-08,31.71875,31.875,30.4375,30.4375,14.785040855407715,410400
2000-12-11,30.75,32.375,30.40625,32.125,15.60474967956543,662400
2000-12-12,31.8125,34.25,31.6875,33.5,16.27264976501465,4420000
2000-12-13,33.6875,33.96875,32.9375,33.03125,16.04496192932129,1105200
2000-12-14,33.25,33.6875,32.3125,32.34375,15.711013793945312,651400
2000-12-15,32.59375,32.59375,32.0625,32.5625,15.8172607421875,859400
2000-12-18,32.9375,34.0,32.25,32.875,15.969062805175781,488600
2000-12-19,32.5,32.75,31.375,32.125,15.60474967956543,473800
2000-12-20,32.125,33.6875,31.71875,31.9375,15.513670921325684,533000
2000-12-21,31.9375,32.53125,31.625,31.90625,15.498488426208496,367600
2000-12-22,32.3125,32.46875,31.9375,32.40625,15.741366386413574,250400
2000-12-26,32.28125,33.5625,32.28125,33.0625,16.060138702392578,310200
2000-12-27,32.9375,34.125,32.625,33.65625,16.405614852905273,233800
2000-12-28,33.78125,34.0,33.5,33.5625,16.359922409057617,358000
2000-12-29,33.6875,33.8125,31.53125,31.8125,15.506884574890137,757800
2001-01-02,32.09375,32.09375,30.5625,31.4375,15.324097633361816,423800
2001-01-03,31.0,31.0625,30.03125,30.375,14.806185722351074,725800
2001-01-04,29.75,29.96875,26.5,27.5625,13.435240745544434,1384200
2001-01-05,27.875,28.5,27.0625,28.09375,13.694197654724121,737400
2001-01-08,28.0,28.5625,27.5625,28.5625,13.922689437866211,353600
2001-01-09,28.5625,28.5625,26.25,26.875,13.100120544433594,814600
2001-01-10,27.1875,28.28125,26.9375,27.96875,13.633260726928711,582000
2001-01-11,27.84375,28.125,26.21875,26.4375,12.886865615844727,775800
2001-01-12,26.4375,26.4375,23.90625,23.9375,11.66825008392334,1668000
2001-01-16,23.8125,25.21875,23.75,24.5,11.942442893981934,1123600
2001-01-17,24.625,24.75,24.0,24.125,11.759641647338867,806200
2001-01-18,24.25,24.28125,22.75,23.125,11.272195816040039,835200
2001-01-19,23.25,23.4375,21.875,22.0,10.7238187789917,691700
2001-01-22,22.0,24.0,22.0,22.6875,11.058942794799805,699400
2001-01-23,22.75,24.875,22.375,24.5625,11.972899436950684,591000
2001-01-24,23.8125,25.25,23.8125,24.9375,12.155695915222168,586000
2001-01-25,24.6875,25.625,24.6875,25.3125,12.338485717773438,263000
2001-01-26,25.0,25.25,24.875,25.0625,12.216620445251465,250200
2001-01-29,25.0,26.299999237060547,25.0,26.0,12.67360782623291,564000
2001-01-30,26.0,27.0,26.0,26.899999618530273,13.112303733825684,556100
2001-01-31,26.700000762939453,27.239999771118164,25.649999618530273,25.8700008392334,12.610240936279297,305300
2001-02-01,26.25,26.979999542236328,26.1299991607666,26.610000610351562,12.970945358276367,112500
2001-02-02,26.860000610351562,27.489999771118164,26.850000381469727,27.020000457763672,13.17080307006836,332300
2001-02-05,27.020000457763672,28.0,27.0,27.489999771118164,13.399903297424316,155900
2001-02-06,27.700000762939453,27.700000762939453,27.0,27.510000228881836,13.409652709960938,346900
2001-02-07,27.989999771118164,30.0,27.700000762939453,27.959999084472656,13.629006385803223,323200
2001-02-08,28.399999618530273,28.459999084472656,27.1200008392334,27.3799991607666,13.346284866333008,282000
2001-02-09,26.649999618530273,28.450000762939453,26.399999618530273,27.989999771118164,13.643622398376465,313500
2001-02-12,27.989999771118164,28.25,27.0,28.100000381469727,13.69724178314209,297800
2001-02-13,28.270000457763672,28.700000762939453,27.670000076293945,27.760000228881836,13.531505584716797,184400
2001-02-14,27.510000228881836,28.149999618530273,27.510000228881836,27.690000534057617,13.497392654418945,259100
2001-02-15,27.700000762939453,27.979999542236328,27.350000381469727,27.8799991607666,13.590002059936523,160200
2001-02-16,27.6299991607666,28.15999984741211,27.100000381469727,27.700000762939453,13.50226879119873,151100
2001-02-20,27.600000381469727,27.600000381469727,26.100000381469727,26.5,12.917322158813477,141400
2001-02-21,26.0,26.5,25.790000915527344,25.959999084472656,12.654104232788086,124600
2001-02-22,26.079999923706055,26.09000015258789,24.049999237060547,25.600000381469727,12.47862720489502,355500
2001-02-23,25.350000381469727,26.649999618530273,25.0,26.559999465942383,12.946574211120605,171100
2001-02-26,26.309999465942383,26.5,25.0,26.40999984741211,12.87346076965332,230200
2001-02-27,26.25,27.0,25.700000762939453,26.520000457763672,12.92707633972168,211100
2001-02-28,26.520000457763672,26.520000457763672,25.469999313354492,25.530000686645508,12.444506645202637,240800
2001-03-01,25.75,26.149999618530273,25.649999618530273,26.0,12.67360782623291,230900
2001-03-02,25.75,28.299999237060547,25.540000915527344,27.510000228881836,13.409652709960938,498100
2001-03-05,27.950000762939453,28.0,26.979999542236328,27.40999984741211,13.360902786254883,253800
2001-03-06,27.40999984741211,27.6200008392334,27.010000228881836,27.149999618530273,13.234172821044922,269100
2001-03-07,27.350000381469727,28.75,27.350000381469727,28.299999237060547,13.794730186462402,248400
2001-03-08,28.309999465942383,28.920000076293945,28.100000381469727,28.610000610351562,13.945844650268555,370100
2001-03-09,28.610000610351562,29.75,27.799999237060547,29.549999237060547,14.404034614562988,659400
2001-03-12,29.5,29.5,28.649999618530273,28.65999984741211,13.970213890075684,298500
2001-03-13,28.65999984741211,28.8700008392334,28.350000381469727,28.8700008392334,14.072576522827148,273400
2001-03-14,28.8700008392334,28.8700008392334,27.510000228881836,27.649999618530273,13.477888107299805,114800
2001-03-15,28.399999618530273,28.600000381469727,26.75,27.100000381469727,13.209798812866211,209300
2001-03-16,28.5,28.5,26.899999618530273,27.200000762939453,13.258540153503418,257700
2001-03-19,27.100000381469727,27.149999618530273,26.049999237060547,27.049999237060547,13.185423851013184,287600
2001-03-20,27.389999389648438,27.389999389648438,26.75,26.950000762939453,13.136680603027344,206100
2001-03-21,27.200000762939453,27.5,26.75,26.850000381469727,13.087939262390137,328800
2001-03-22,26.899999618530273,26.899999618530273,25.399999618530273,26.299999237060547,12.819843292236328,224700
2001-03-23,26.149999618530273,28.399999618530273,26.049999237060547,27.209999084472656,13.263420104980469,239900
2001-03-26,27.459999084472656,28.5,27.459999084472656,28.5,13.892220497131348,331800
2001-03-27,28.350000381469727,28.360000610351562,27.049999237060547,27.799999237060547,13.55101203918457,282800
2001-03-28,27.670000076293945,27.670000076293945,25.799999237060547,26.110000610351562,12.78702163696289,427200
2001-03-29,26.5,27.649999618530273,25.989999771118164,26.350000381469727,12.90455436706543,372400
2001-03-30,26.600000381469727,28.0,26.600000381469727,27.700000762939453,13.565705299377441,533000
2001-04-02,27.709999084472656,28.219999313354492,26.90999984741211,27.489999771118164,13.46286392211914,392400
2001-04-03,27.350000381469727,27.459999084472656,25.799999237060547,26.049999237060547,12.757637023925781,347800
2001-04-04,26.799999237060547,26.959999084472656,24.649999618530273,24.84000015258789,12.165048599243164,741700
2001-04-05,26.0,26.420000076293945,25.0,25.950000762939453,12.708660125732422,414500
2001-04-06,26.200000762939453,26.200000762939453,24.959999084472656,25.0,12.243415832519531,252700
2001-04-09,25.25,25.40999984741211,24.299999237060547,25.1299991607666,12.307075500488281,196400
2001-04-10,26.0,26.0,25.059999465942383,25.3799991607666,12.429512977600098,259100
2001-04-11,25.1299991607666,25.729999542236328,25.100000381469727,25.549999237060547,12.512776374816895,233400
2001-04-12,24.899999618530273,26.0,24.899999618530273,25.90999984741211,12.689074516296387,210800
2001-04-16,25.979999542236328,26.440000534057617,25.0,25.040000915527344,12.263004302978516,177500
2001-04-17,25.290000915527344,25.75,25.010000228881836,25.68000030517578,12.576433181762695,288100
2001-04-18,25.850000381469727,26.969999313354492,25.0,25.229999542236328,12.356057167053223,417200
2001-04-19,25.649999618530273,26.440000534057617,25.5,26.299999237060547,12.880073547363281,293400
2001-04-20,25.75,26.209999084472656,25.450000762939453,26.209999084472656,12.835994720458984,147200
2001-04-23,25.75,26.200000762939453,25.5,25.950000762939453,12.708660125732422,150300
2001-04-24,26.0,26.399999618530273,24.649999618530273,24.850000381469727,12.169951438903809,461300
2001-04-25,24.510000228881836,25.56999969482422,24.5,25.530000686645508,12.502974510192871,266800
2001-04-26,25.850000381469727,26.100000381469727,25.719999313354492,25.969999313354492,12.718453407287598,114000
2001-04-27,25.719999313354492,26.1299991607666,25.489999771118164,25.93000030517578,12.698868751525879,167900
2001-04-30,25.93000030517578,26.450000762939453,25.200000762939453,25.219999313354492,12.351157188415527,322800
2001-05-01,25.75,25.75,25.200000762939453,25.520000457763672,12.498076438903809,185900
2001-05-02,25.770000457763672,25.770000457763672,24.760000228881836,25.1200008392334,12.3021821975708,171700
2001-05-03,24.8700008392334,25.0,23.5,23.639999389648438,11.577372550964355,461400
2001-05-04,22.5,25.100000381469727,22.229999542236328,24.84000015258789,12.165048599243164,1625500
2001-05-07,25.25,25.25,24.399999618530273,24.489999771118164,11.993646621704102,225600
2001-05-08,24.739999771118164,24.90999984741211,24.0,24.389999389648438,11.94467544555664,240000
2001-05-09,24.0,24.389999389648438,23.540000915527344,24.0,11.75367546081543,240600
2001-05-10,24.5,24.5,23.450000762939453,23.989999771118164,11.748778343200684,270300
2001-05-11,24.200000762939453,24.25,23.950000762939453,24.0,11.75367546081543,382200
2001-05-14,24.0,24.450000762939453,23.860000610351562,24.290000915527344,11.895707130432129,332000
2001-05-15,25.0,25.0,23.799999237060547,24.6299991607666,12.062206268310547,311400
2001-05-16,24.450000762939453,25.75,24.280000686645508,25.18000030517578,12.33156681060791,407000
2001-05-17,25.350000381469727,25.5,24.350000381469727,24.610000610351562,12.05241584777832,530600
2001-05-18,24.5,25.100000381469727,24.219999313354492,24.989999771118164,12.238513946533203,318700
2001-05-21,24.75,25.90999984741211,24.59000015258789,25.90999984741211,12.689074516296387,326800
2001-05-22,25.950000762939453,26.299999237060547,25.469999313354492,26.110000610351562,12.78702163696289,296100
2001-05-23,26.0,26.049999237060547,25.56999969482422,25.770000457763672,12.620508193969727,238300
2001-05-24,26.0,26.5,25.829999923706055,26.399999618530273,12.929040908813477,364800
2001-05-25,26.100000381469727,26.700000762939453,26.049999237060547,26.5,12.978015899658203,273000
2001-05-29,26.649999618530273,27.530000686645508,26.540000915527344,27.059999465942383,13.252269744873047,428600
2001-05-30,28.0,28.3700008392334,27.299999237060547,27.6299991607666,13.531425476074219,714800
2001-05-31,27.75,27.90999984741211,27.229999542236328,27.5,13.467756271362305,331700
2001-06-01,27.5,27.850000381469727,26.950000762939453,27.170000076293945,13.30614185333252,395300
2001-06-04,27.420000076293945,27.75,27.0,27.75,13.590185165405273,250400
2001-06-05,27.899999618530273,28.31999969482422,27.84000015258789,28.200000762939453,13.810574531555176,256100
2001-06-06,28.0,28.3700008392334,27.649999618530273,28.020000457763672,13.722418785095215,311100
2001-06-07,28.200000762939453,29.200000762939453,28.200000762939453,29.059999465942383,14.231745719909668,327900
2001-06-08,29.049999237060547,29.1299991607666,28.3700008392334,28.59000015258789,14.001565933227539,208300
2001-06-11,28.799999237060547,28.799999237060547,28.139999389648438,28.600000381469727,14.006463050842285,153400
2001-06-12,28.350000381469727,28.549999237060547,28.200000762939453,28.260000228881836,13.83996295928955,319000
2001-06-13,28.299999237060547,28.479999542236328,27.559999465942383,27.6299991607666,13.531425476074219,274200
2001-06-14,27.850000381469727,27.850000381469727,27.25,27.459999084472656,13.448164939880371,211300
2001-06-15,27.200000762939453,28.219999313354492,27.200000762939453,27.739999771118164,13.585293769836426,197000
2001-06-18,27.989999771118164,28.450000762939453,27.559999465942383,28.020000457763672,13.722418785095215,191500
2001-06-19,27.899999618530273,28.479999542236328,27.75,28.020000457763672,13.722418785095215,124100
2001-06-20,28.25,28.450000762939453,27.850000381469727,28.350000381469727,13.88403034210205,237700
2001-06-21,28.350000381469727,28.799999237060547,28.350000381469727,28.6200008392334,14.016253471374512,114300
2001-06-22,28.6200008392334,28.6200008392334,27.399999618530273,27.549999237060547,13.492244720458984,233200
2001-06-25,27.75,27.75,27.09000015258789,27.09000015258789,13.266965866088867,188500
2001-06-26,27.049999237060547,27.270000457763672,26.700000762939453,27.1200008392334,13.281654357910156,374700
2001-06-27,26.989999771118164,27.959999084472656,26.850000381469727,27.270000457763672,13.419442176818848,208300
2001-06-28,27.420000076293945,27.700000762939453,27.149999618530273,27.479999542236328,13.522778511047363,260700
2001-06-29,27.899999618530273,27.899999618530273,26.0,26.0,12.794478416442871,1413600
2001-07-02,26.899999618530273,27.1200008392334,26.5,26.90999984741211,13.242287635803223,373700
2001-07-03,27.15999984741211,27.649999618530273,26.600000381469727,27.0,13.28657054901123,162900
2001-07-05,27.0,27.43000030517578,26.329999923706055,26.75,13.163545608520508,225400
2001-07-06,26.6299991607666,26.6299991607666,25.799999237060547,26.270000457763672,12.92734432220459,459300
2001-07-09,26.270000457763672,26.75,26.270000457763672,26.40999984741211,12.996235847473145,380600
2001-07-10,26.350000381469727,27.450000762939453,26.329999923706055,27.329999923706055,13.448968887329102,339800
2001-07-11,27.299999237060547,27.350000381469727,26.799999237060547,27.200000762939453,13.384994506835938,385300
2001-07-12,27.350000381469727,27.989999771118164,26.850000381469727,27.780000686645508,13.67041301727295,338800
2001-07-13,27.75,28.780000686645508,27.649999618530273,28.780000686645508,14.16249942779541,553600
2001-07-16,29.049999237060547,29.200000762939453,28.690000534057617,28.899999618530273,14.221552848815918,420600
2001-07-17,28.899999618530273,28.899999618530273,28.350000381469727,28.649999618530273,14.098533630371094,441100
2001-07-18,28.25,28.389999389648438,28.0,28.190000534057617,13.872172355651855,229600
2001-07-19,26.75,27.100000381469727,26.719999313354492,26.850000381469727,13.212763786315918,998900
2001-07-20,26.600000381469727,26.940000534057617,26.299999237060547,26.5,13.04052734375,590900
2001-07-23,26.899999618530273,27.059999465942383,26.799999237060547,27.0,13.28657054901123,509300
2001-07-24,27.0,27.510000228881836,27.0,27.270000457763672,13.419442176818848,454500
2001-07-25,27.600000381469727,27.6200008392334,27.010000228881836,27.450000762939453,13.50802230834961,263500
2001-07-26,27.299999237060547,28.0,26.90999984741211,27.8799991607666,13.719619750976562,265600
2001-07-27,28.0,28.0,27.309999465942383,27.899999618530273,13.729458808898926,228300
2001-07-30,27.899999618530273,28.0,27.25,27.989999771118164,13.773743629455566,211500
2001-07-31,27.989999771118164,28.059999465942383,27.40999984741211,27.5,13.532624244689941,149200
2001-08-01,27.5,27.5,26.75,26.989999771118164,13.28165054321289,367100
2001-08-02,27.0,27.0,26.139999389648438,26.399999618530273,12.991310119628906,367900
2001-08-03,26.5,26.600000381469727,25.3700008392334,26.25,12.917505264282227,722400
2001-08-06,26.5,26.739999771118164,26.399999618530273,26.59000015258789,13.084820747375488,277300
2001-08-07,26.700000762939453,27.350000381469727,26.690000534057617,27.100000381469727,13.335784912109375,271500
2001-08-08,27.049999237060547,27.65999984741211,26.799999237060547,27.510000228881836,13.53754997253418,259600
2001-08-09,27.299999237060547,27.739999771118164,27.25,27.700000762939453,13.6310453414917,349500
2001-08-10,27.59000015258789,28.200000762939453,27.3700008392334,28.020000457763672,13.7885103225708,487300
2001-08-13,28.0,28.100000381469727,27.68000030517578,28.100000381469727,13.82787799835205,292100
2001-08-14,28.299999237060547,28.450000762939453,27.700000762939453,27.979999542236328,13.768832206726074,194100
2001-08-15,28.049999237060547,28.049999237060547,27.049999237060547,27.579999923706055,13.57199478149414,157600
2001-08-16,27.649999618530273,27.649999618530273,27.1299991607666,27.5,13.532624244689941,331800
2001-08-17,27.25,27.40999984741211,26.84000015258789,27.020000457763672,13.29642391204834,165100
2001-08-20,27.75,27.75,27.049999237060547,27.549999237060547,13.557229042053223,114700
2001-08-21,27.5,27.5,26.75,27.079999923706055,13.325944900512695,277200
2001-08-22,27.079999923706055,27.5,26.920000076293945,27.5,13.532624244689941,224300
2001-08-23,27.399999618530273,27.5,27.010000228881836,27.219999313354492,13.394840240478516,89200
2001-08-24,27.450000762939453,27.639999389648438,27.020000457763672,27.440000534057617,13.50309944152832,244100
2001-08-27,27.25,27.75,27.15999984741211,27.440000534057617,13.50309944152832,217200
2001-08-28,27.299999237060547,28.040000915527344,27.290000915527344,27.299999237060547,13.434202194213867,409400
2001-08-29,27.299999237060547,27.299999237060547,26.700000762939453,26.84000015258789,13.207839012145996,321800
2001-08-30,26.899999618530273,27.149999618530273,26.350000381469727,27.079999923706055,13.325944900512695,222400
2001-08-31,27.09000015258789,27.299999237060547,26.399999618530273,26.510000228881836,13.045446395874023,422600
2001-09-04,26.510000228881836,27.709999084472656,26.510000228881836,27.649999618530273,13.606438636779785,259100
2001-09-05,28.0,28.0,27.68000030517578,27.899999618530273,13.729458808898926,566200
2001-09-06,27.899999618530273,27.899999618530273,26.889999389648438,27.010000228881836,13.291497230529785,298900
2001-09-07,26.899999618530273,27.200000762939453,26.700000762939453,26.860000610351562,13.217684745788574,148700
2001-09-10,26.610000610351562,26.639999389648438,25.75,26.260000228881836,12.9224271774292,282600
2001-09-17,31.0,31.0,28.389999389648438,30.350000381469727,14.935091018676758,2514000
2001-09-18,31.0,31.0,29.0,30.0,14.762866020202637,1158000
2001-09-19,30.0,31.75,29.899999618530273,31.479999542236328,15.491161346435547,1934000
2001-09-20,31.350000381469727,32.5,31.100000381469727,32.29999923706055,15.894685745239258,1148000
2001-09-21,31.5,33.0,30.68000030517578,31.09000015258789,15.299251556396484,1370400
2001-09-24,31.399999618530273,32.0,30.0,30.5,15.0089111328125,1105900
2001-09-25,30.5,31.100000381469727,30.5,30.979999542236328,15.245123863220215,809200
2001-09-26,31.0,34.0,30.920000076293945,33.029998779296875,16.322404861450195,1755900
2001-09-27,33.279998779296875,33.970001220703125,33.11000061035156,33.70000076293945,16.65349578857422,1023900
2001-09-28,33.099998474121094,33.849998474121094,32.54999923706055,33.849998474121094,16.72762107849121,766000
2001-10-01,33.900001525878906,34.2400016784668,33.66999816894531,34.0,16.801748275756836,922000
2001-10-02,34.04999923706055,34.5,34.04999923706055,34.25,16.925283432006836,1228100
2001-10-03,34.25,35.97999954223633,34.2400016784668,35.81999969482422,17.701143264770508,1296200
2001-10-04,35.88999938964844,36.900001525878906,34.79999923706055,35.20000076293945,17.394758224487305,772100
2001-10-05,35.45000076293945,35.91999816894531,34.79999923706055,35.91999816894531,17.750539779663086,425000
2001-10-08,35.939998626708984,37.25,35.75,37.25,18.407798767089844,786700
2001-10-09,37.29999923706055,38.20000076293945,36.20000076293945,36.54999923706055,18.061872482299805,906400
2001-10-10,36.900001525878906,37.52000045776367,35.400001525878906,36.47999954223633,18.02729034423828,522100
2001-10-11,36.47999954223633,36.75,35.599998474121094,36.40999984741211,17.99270248413086,754400
2001-10-12,36.40999984741211,37.400001525878906,35.5,37.04999923706055,18.308956146240234,498200
2001-10-15,36.400001525878906,37.099998474121094,36.27000045776367,37.099998474121094,18.33367347717285,235200
2001-10-16,37.099998474121094,37.29999923706055,36.79999923706055,37.220001220703125,18.392967224121094,489900
2001-10-17,37.5,37.9900016784668,36.81999969482422,37.380001068115234,18.47203254699707,512800
2001-10-18,37.130001068115234,37.41999816894531,36.68000030517578,37.400001525878906,18.481918334960938,364300
2001-10-19,37.04999923706055,37.7400016784668,37.04999923706055,37.56999969482422,18.565929412841797,410800
2001-10-22,37.31999969482422,38.0,36.650001525878906,38.0,18.778423309326172,537000
2001-10-23,37.9900016784668,38.0,37.400001525878906,37.869998931884766,18.714187622070312,187800
2001-10-24,37.869998931884766,38.38999938964844,37.20000076293945,38.29999923706055,18.92668342590332,537000
2001-10-25,38.04999923706055,38.209999084472656,36.54999923706055,38.15999984741211,18.857486724853516,487000
2001-10-26,37.90999984741211,38.08000183105469,37.310001373291016,37.91999816894531,18.738880157470703,425300
2001-10-29,37.9900016784668,38.81999969482422,37.54999923706055,37.650001525878906,18.605472564697266,375400
2001-10-30,37.650001525878906,37.650001525878906,35.0,36.83000183105469,18.200241088867188,654900
2001-10-31,36.83000183105469,36.939998626708984,36.150001525878906,36.540000915527344,18.056943893432617,622700
2001-11-01,36.599998474121094,37.220001220703125,36.29999923706055,36.939998626708984,18.25460433959961,211900
2001-11-02,36.939998626708984,36.939998626708984,36.380001068115234,36.380001068115234,17.97786521911621,729800
2001-11-05,36.41999816894531,37.04999923706055,36.0,36.189998626708984,17.88397216796875,1804800
2001-11-06,36.349998474121094,37.13999938964844,36.349998474121094,37.09000015258789,18.328739166259766,373100
2001-11-07,37.0,37.400001525878906,36.29999923706055,36.470001220703125,18.022354125976562,422200
2001-11-08,36.470001220703125,36.470001220703125,35.72999954223633,35.9900016784668,17.78514862060547,472900
2001-11-09,35.849998474121094,35.849998474121094,34.369998931884766,34.59000015258789,17.093313217163086,508900
2001-11-12,34.0,34.099998474121094,32.900001525878906,33.68000030517578,16.64360809326172,722300
2001-11-13,34.5,35.0,34.0,34.31999969482422,16.959877014160156,822300
2001-11-14,34.5,34.70000076293945,34.119998931884766,34.13999938964844,16.870927810668945,419000
2001-11-15,34.130001068115234,34.25,33.75,33.84000015258789,16.72268295288086,436000
2001-11-16,34.0,34.189998626708984,33.40999984741211,33.70000076293945,16.65349578857422,652400
2001-11-19,33.599998474121094,35.20000076293945,33.560001373291016,34.290000915527344,16.945056915283203,472400
2001-11-20,34.290000915527344,34.9900016784668,34.22999954223633,34.7599983215332,17.17732048034668,495100
2001-11-21,34.650001525878906,35.61000061035156,34.45000076293945,35.36000061035156,17.47381591796875,285800
2001-11-23,35.11000061035156,35.4900016784668,34.75,35.2400016784668,17.414522171020508,76700
2001-11-26,35.2400016784668,35.7400016784668,34.849998474121094,35.560001373291016,17.57265281677246,232400
2001-11-27,35.560001373291016,35.869998931884766,35.0099983215332,35.599998474121094,17.592418670654297,274600
2001-11-28,35.70000076293945,36.150001525878906,35.70000076293945,35.91999816894531,17.750539779663086,379000
2001-11-29,35.91999816894531,36.70000076293945,35.650001525878906,36.630001068115234,18.10141944885254,257000
2001-11-30,36.529998779296875,36.540000915527344,36.0099983215332,36.5,18.037166595458984,349600
2001-12-03,36.54999923706055,36.810001373291016,35.79999923706055,36.529998779296875,18.051990509033203,332200
2001-12-04,36.599998474121094,36.79999923706055,36.29999923706055,36.7599983215332,18.1656551361084,274800
2001-12-05,36.7599983215332,36.7599983215332,36.099998474121094,36.22999954223633,17.903738021850586,517800
2001-12-06,36.22999954223633,36.369998931884766,35.959999084472656,36.22999954223633,17.903738021850586,278700
2001-12-07,36.25,36.5099983215332,36.20000076293945,36.43000030517578,18.00257682800293,289700
2001-12-10,36.439998626708984,36.4900016784668,36.040000915527344,36.040000915527344,17.809844970703125,272300
2001-12-11,35.900001525878906,36.349998474121094,35.779998779296875,35.91999816894531,17.750539779663086,301600
2001-12-12,36.0,36.0,34.65999984741211,35.040000915527344,17.315685272216797,751100
2001-12-13,35.0,35.29999923706055,34.02000045776367,34.02000045776367,16.811626434326172,509100
2001-12-14,34.150001525878906,34.45000076293945,33.560001373291016,34.29999923706055,16.95000457763672,479000
2001-12-17,34.29999923706055,34.63999938964844,34.18000030517578,34.540000915527344,17.068593978881836,246600
2001-12-18,34.75,35.0,34.470001220703125,34.709999084472656,17.15261459350586,291800
2001-12-19,34.900001525878906,34.97999954223633,34.349998474121094,34.619998931884766,17.10812759399414,584100
2001-12-20,34.650001525878906,34.900001525878906,34.45000076293945,34.45000076293945,17.02412223815918,357100
2001-12-21,34.97999954223633,34.97999954223633,34.0,34.54999923706055,17.07353401184082,497800
2001-12-24,34.29999923706055,34.650001525878906,34.29999923706055,34.47999954223633,17.038955688476562,174900
2001-12-26,34.5,34.9900016784668,34.5,34.599998474121094,17.098243713378906,316600
2001-12-27,34.599998474121094,35.31999969482422,34.599998474121094,34.97999954223633,17.351219177246094,219700
2001-12-28,34.9900016784668,35.0,34.70000076293945,34.849998474121094,17.2867431640625,270900
2001-12-31,34.900001525878906,34.900001525878906,34.45000076293945,34.4900016784668,17.108173370361328,324800
2002-01-02,34.650001525878906,34.650001525878906,33.689998626708984,33.939998626708984,16.83535385131836,355400
2002-01-03,33.689998626708984,34.099998474121094,32.560001373291016,33.29999923706055,16.51789093017578,860500
2002-01-04,33.04999923706055,33.25,32.400001525878906,32.81999969482422,16.279794692993164,637300
2002-01-07,32.95000076293945,32.9900016784668,31.739999771118164,31.860000610351562,15.803604125976562,773400
2002-01-08,31.899999618530273,31.899999618530273,31.0,31.209999084472656,15.481185913085938,773100
2002-01-09,31.209999084472656,31.700000762939453,31.209999084472656,31.3700008392334,15.560545921325684,837400
2002-01-10,31.469999313354492,32.540000915527344,31.399999618530273,32.529998779296875,16.13595199584961,626400
2002-01-11,32.529998779296875,33.650001525878906,32.25,33.41999816894531,16.57741355895996,557300
2002-01-14,33.20000076293945,33.279998779296875,32.70000076293945,32.959999084472656,16.349233627319336,585100
2002-01-15,33.0,33.54999923706055,32.9900016784668,33.400001525878906,16.56749725341797,513800
2002-01-16,33.5,33.70000076293945,33.20000076293945,33.25,16.493087768554688,237900
2002-01-17,33.25,33.400001525878906,32.52000045776367,32.779998779296875,16.25994873046875,382400
2002-01-18,32.779998779296875,33.7400016784668,32.779998779296875,33.599998474121094,16.66670036315918,526900
2002-01-22,34.0,34.25,33.619998931884766,34.0,16.865114212036133,416100
2002-01-23,34.25,34.380001068115234,32.75,33.099998474121094,16.418682098388672,953400
2002-01-24,33.099998474121094,33.81999969482422,32.45000076293945,33.58000183105469,16.656784057617188,451300
2002-01-25,33.630001068115234,34.5099983215332,33.58000183105469,33.900001525878906,16.81551170349121,369500
2002-01-28,34.099998474121094,34.13999938964844,33.22999954223633,33.25,16.493087768554688,261900
2002-01-29,33.25,33.61000061035156,32.540000915527344,32.66999816894531,16.205387115478516,322700
2002-01-30,31.899999618530273,32.9900016784668,31.889999389648438,32.88999938964844,16.31450653076172,558700
2002-01-31,32.599998474121094,33.0,32.25,33.0,16.36907958984375,356600
2002-02-01,33.0,33.95000076293945,32.849998474121094,33.65999984741211,16.69647216796875,287400
2002-02-04,33.65999984741211,33.70000076293945,33.0,33.43000030517578,16.582374572753906,264000
2002-02-05,33.22999954223633,34.150001525878906,33.209999084472656,34.150001525878906,16.939516067504883,325000
2002-02-06,34.150001525878906,34.4900016784668,33.810001373291016,34.290000915527344,17.008962631225586,898500
2002-02-07,34.29999923706055,35.119998931884766,33.099998474121094,34.63999938964844,17.18257713317871,355700
2002-02-08,34.7400016784668,35.150001525878906,34.150001525878906,35.150001525878906,17.4355525970459,219600
2002-02-11,35.220001220703125,35.25,34.2599983215332,35.11000061035156,17.41571044921875,204100
2002-02-12,34.900001525878906,35.400001525878906,34.75,35.08000183105469,17.400835037231445,190300
2002-02-13,35.0,36.20000076293945,35.0,36.20000076293945,17.956390380859375,454700
2002-02-14,36.5,37.2400016784668,36.349998474121094,36.81999969482422,18.263927459716797,486500
2002-02-15,36.81999969482422,36.81999969482422,35.40999984741211,35.79999923706055,17.757972717285156,586100
2002-02-19,35.599998474121094,35.75,35.150001525878906,35.470001220703125,17.59428596496582,213600
2002-02-20,35.470001220703125,35.61000061035156,34.380001068115234,35.58000183105469,17.648845672607422,185700
2002-02-21,35.400001525878906,35.900001525878906,34.04999923706055,34.45000076293945,17.08833122253418,482600
2002-02-22,34.40999984741211,34.40999984741211,33.84000015258789,34.220001220703125,16.974252700805664,302900
2002-02-25,34.25,34.869998931884766,34.25,34.79999923706055,17.261938095092773,286000
2002-02-26,34.900001525878906,35.0,33.900001525878906,34.36000061035156,17.04368782043457,410300
2002-02-27,34.25,34.880001068115234,34.25,34.75,17.23713493347168,281300
2002-02-28,34.599998474121094,35.099998474121094,34.599998474121094,34.86000061035156,17.291702270507812,211000
2002-03-01,34.70000076293945,35.02000045776367,34.29999923706055,34.79999923706055,17.261938095092773,193800
2002-03-04,34.75,35.66999816894531,34.709999084472656,35.09000015258789,17.405794143676758,209000
2002-03-05,35.0,35.20000076293945,34.560001373291016,34.91999816894531,17.321468353271484,238200
2002-03-06,34.939998626708984,34.970001220703125,34.27000045776367,34.709999084472656,17.21730613708496,199300
2002-03-07,34.5,34.5,33.2400016784668,33.900001525878906,16.81551170349121,420500
2002-03-08,34.150001525878906,34.25,33.29999923706055,33.5,16.617094039916992,276200
2002-03-11,33.400001525878906,33.5,32.7599983215332,32.970001220703125,16.354198455810547,462700
2002-03-12,32.79999923706055,33.34000015258789,32.400001525878906,32.970001220703125,16.354198455810547,490000
2002-03-13,32.79999923706055,33.56999969482422,32.75,33.349998474121094,16.542694091796875,340600
2002-03-14,33.400001525878906,33.7599983215332,33.209999084472656,33.40999984741211,16.57245635986328,313300
2002-03-15,33.400001525878906,34.13999938964844,33.349998474121094,33.90999984741211,16.820472717285156,309500
2002-03-18,34.0,34.20000076293945,32.900001525878906,33.13999938964844,16.438522338867188,459100
2002-03-19,33.13999938964844,33.72999954223633,32.95000076293945,33.349998474121094,16.542694091796875,223000
2002-03-20,33.400001525878906,33.400001525878906,33.0,33.0,16.36907958984375,249400
2002-03-21,33.04999923706055,33.29999923706055,32.900001525878906,33.04999923706055,16.393882751464844,420400
2002-03-22,33.099998474121094,33.16999816894531,32.79999923706055,32.86000061035156,16.299636840820312,250800
2002-03-25,32.61000061035156,32.900001525878906,32.130001068115234,32.29999923706055,16.02186393737793,329900
2002-03-26,32.29999923706055,32.5,32.13999938964844,32.31999969482422,16.096559524536133,305600
2002-03-27,32.349998474121094,32.93000030517578,32.2599983215332,32.849998474121094,16.360515594482422,249300
2002-03-28,32.900001525878906,32.900001525878906,32.400001525878906,32.77000045776367,16.320680618286133,244700
2002-04-01,32.7599983215332,32.869998931884766,32.150001525878906,32.790000915527344,16.330638885498047,279400
2002-04-02,32.900001525878906,33.349998474121094,32.72999954223633,33.09000015258789,16.480052947998047,353100
2002-04-03,32.900001525878906,33.20000076293945,32.75,33.040000915527344,16.455154418945312,261700
2002-04-04,33.04999923706055,33.95000076293945,33.0,33.630001068115234,16.74900245666504,522900
2002-04-05,33.83000183105469,35.029998779296875,33.81999969482422,34.970001220703125,17.416366577148438,723300
2002-04-08,34.970001220703125,35.27000045776367,34.63999938964844,35.27000045776367,17.56576919555664,541900
2002-04-09,35.45000076293945,35.900001525878906,35.45000076293945,35.52000045776367,17.69027328491211,479900
2002-04-10,35.52000045776367,35.97999954223633,35.31999969482422,35.900001525878906,17.879533767700195,199500
2002-04-11,35.70000076293945,36.150001525878906,35.2400016784668,35.25,17.555810928344727,278100
2002-04-12,35.04999923706055,35.5099983215332,34.5,35.470001220703125,17.665380477905273,222400
2002-04-15,35.470001220703125,35.650001525878906,34.540000915527344,34.790000915527344,17.326719284057617,248700
2002-04-16,34.75,35.25,34.4900016784668,34.58000183105469,17.22213363647461,279800
2002-04-17,34.70000076293945,35.04999923706055,34.68000030517578,34.79999923706055,17.331695556640625,290900
2002-04-18,34.70000076293945,35.349998474121094,34.650001525878906,35.34000015258789,17.60064697265625,513700
2002-04-19,35.20000076293945,35.369998931884766,34.900001525878906,35.2400016784668,17.550832748413086,265400
2002-04-22,35.849998474121094,35.9900016784668,35.2400016784668,35.2400016784668,17.550832748413086,330400
2002-04-23,35.400001525878906,35.77000045776367,34.70000076293945,35.77000045776367,17.81479263305664,535900
2002-04-24,35.77000045776367,36.099998474121094,34.75,34.849998474121094,17.356599807739258,696800
2002-04-25,34.849998474121094,35.20000076293945,34.52000045776367,35.09000015258789,17.476123809814453,827900
2002-04-26,35.099998474121094,35.400001525878906,34.95000076293945,35.0099983215332,17.436281204223633,612300
2002-04-29,35.2599983215332,35.349998474121094,34.720001220703125,34.7599983215332,17.3117733001709,446300
2002-04-30,34.849998474121094,36.25,34.84000015258789,36.099998474121094,17.979148864746094,1141300
2002-05-01,36.0,36.04999923706055,35.0,35.56999969482422,17.715187072753906,493400
2002-05-02,35.81999969482422,36.4900016784668,35.68000030517578,36.220001220703125,18.03890037536621,400500
2002-05-03,36.22999954223633,36.400001525878906,35.869998931884766,36.15999984741211,18.009033203125,191300
2002-05-06,36.15999984741211,36.52000045776367,35.599998474121094,35.7400016784668,17.799850463867188,291500
2002-05-07,35.599998474121094,35.849998474121094,35.0,35.0,17.431306838989258,162100
2002-05-08,34.900001525878906,35.40999984741211,34.630001068115234,35.33000183105469,17.595651626586914,366600
2002-05-09,35.33000183105469,35.7400016784668,35.06999969482422,35.06999969482422,17.46615982055664,247100
2002-05-10,35.06999969482422,35.06999969482422,34.52000045776367,34.70000076293945,17.281890869140625,296400
2002-05-13,34.650001525878906,35.380001068115234,34.529998779296875,35.0,17.431306838989258,274700
2002-05-14,35.099998474121094,36.20000076293945,35.060001373291016,35.86000061035156,17.859617233276367,401600
2002-05-15,35.650001525878906,36.29999923706055,35.27000045776367,35.290000915527344,17.57573127746582,370000
2002-05-16,35.29999923706055,36.0099983215332,35.25,35.79999923706055,17.829727172851562,322700
2002-05-17,36.150001525878906,37.20000076293945,36.099998474121094,36.86000061035156,18.357646942138672,443100
2002-05-20,36.86000061035156,36.86000061035156,36.20000076293945,36.349998474121094,18.10365104675293,248900
2002-05-21,36.36000061035156,36.5,35.59000015258789,35.880001068115234,17.86957550048828,222500
2002-05-22,35.880001068115234,35.970001220703125,35.099998474121094,35.36000061035156,17.610599517822266,310800
2002-05-23,35.369998931884766,35.970001220703125,35.369998931884766,35.68000030517578,17.76997184753418,300500
2002-05-24,35.68000030517578,35.849998474121094,35.130001068115234,35.15999984741211,17.510988235473633,158500
2002-05-28,35.20000076293945,35.279998779296875,34.0,34.95000076293945,17.406400680541992,506600
2002-05-29,34.79999923706055,36.0,34.79999923706055,35.75,17.804824829101562,221300
2002-05-30,35.75,35.75,34.9900016784668,35.310001373291016,17.5856876373291,374600
2002-05-31,35.310001373291016,35.369998931884766,34.849998474121094,35.25,17.555810928344727,286800
2002-06-03,35.0,35.47999954223633,34.79999923706055,35.11000061035156,17.486085891723633,305000
2002-06-04,34.95000076293945,34.95000076293945,34.0,34.29999923706055,17.08266830444336,319600
2002-06-05,34.29999923706055,35.2400016784668,34.29999923706055,34.849998474121094,17.356599807739258,232000
2002-06-06,34.400001525878906,34.7599983215332,34.040000915527344,34.29999923706055,17.08266830444336,288900
2002-06-07,34.25,34.65999984741211,34.040000915527344,34.41999816894531,17.142440795898438,109200
2002-06-10,34.47999954223633,35.150001525878906,34.380001068115234,34.59000015258789,17.227108001708984,227900
2002-06-11,34.75,34.880001068115234,33.75,33.95000076293945,16.908363342285156,320300
2002-06-12,33.79999923706055,34.2400016784668,33.33000183105469,34.0,16.93326759338379,223900
2002-06-13,34.0099983215332,34.45000076293945,33.08000183105469,33.15999984741211,16.514915466308594,256400
2002-06-14,32.75,34.900001525878906,32.540000915527344,34.18000030517578,17.02291488647461,454100
2002-06-17,34.18000030517578,34.70000076293945,34.18000030517578,34.220001220703125,17.04283332824707,430000
2002-06-18,34.22999954223633,35.25,34.150001525878906,34.900001525878906,17.381502151489258,434700
2002-06-19,34.90999984741211,35.29999923706055,34.5,34.5,17.18228530883789,388500
2002-06-20,34.599998474121094,35.0,34.45000076293945,34.459999084472656,17.162363052368164,181200
2002-06-21,34.209999084472656,34.86000061035156,34.20000076293945,34.20000076293945,17.03287696838379,237100
2002-06-24,34.29999923706055,35.099998474121094,34.150001525878906,34.70000076293945,17.281890869140625,492200
2002-06-25,34.849998474121094,34.900001525878906,33.95000076293945,34.15999984741211,17.01294708251953,404500
2002-06-26,33.849998474121094,34.189998626708984,33.099998474121094,34.09000015258789,17.052974700927734,421000
2002-06-27,34.150001525878906,34.59000015258789,33.95000076293945,34.150001525878906,17.082977294921875,329600
2002-06-28,34.15999984741211,34.86000061035156,34.15999984741211,34.650001525878906,17.33309555053711,330500
2002-07-01,34.25,34.900001525878906,34.15999984741211,34.290000915527344,17.153026580810547,327700
2002-07-02,34.279998779296875,34.279998779296875,32.970001220703125,33.060001373291016,16.53772735595703,639600
2002-07-03,32.849998474121094,33.20000076293945,32.04999923706055,32.25,16.13254165649414,438500
2002-07-05,32.380001068115234,33.25,32.29999923706055,33.060001373291016,16.53772735595703,255800
2002-07-08,32.900001525878906,33.400001525878906,32.5,32.529998779296875,16.272605895996094,481300
2002-07-09,32.54999923706055,33.0,32.279998779296875,32.279998779296875,16.147546768188477,500600
2002-07-10,32.04999923706055,32.90999984741211,31.420000076293945,31.420000076293945,15.71734619140625,333300
2002-07-11,31.25,31.420000076293945,30.25,31.329999923706055,15.672320365905762,533900
2002-07-12,31.579999923706055,31.700000762939453,30.690000534057617,30.729999542236328,15.372178077697754,366000
2002-07-15,30.479999542236328,30.829999923706055,29.450000762939453,30.100000381469727,15.057043075561523,669600
2002-07-16,30.06999969482422,31.059999465942383,29.8799991607666,30.5,15.257129669189453,429800
2002-07-17,30.75,31.200000762939453,30.110000610351562,30.75,15.38219165802002,343100
2002-07-18,30.649999618530273,30.81999969482422,29.43000030517578,29.43000030517578,14.72187614440918,378600
2002-07-19,29.43000030517578,30.010000228881836,26.0,26.0,13.006081581115723,1878400
2002-07-22,24.5,24.75,21.700000762939453,22.700000762939453,11.355308532714844,3300500
2002-07-23,22.729999542236328,24.600000381469727,22.600000381469727,23.940000534057617,11.975597381591797,2083200
2002-07-24,23.950000762939453,26.530000686645508,23.600000381469727,25.440000534057617,12.72594928741455,1165500
2002-07-25,25.770000457763672,26.75,25.260000228881836,25.84000015258789,12.926041603088379,598700
2002-07-26,25.850000381469727,26.899999618530273,25.719999313354492,26.760000228881836,13.386256217956543,581800
2002-07-29,27.299999237060547,28.75,27.299999237060547,28.0,14.006549835205078,583800
2002-07-30,28.0,29.299999237060547,27.399999618530273,29.170000076293945,14.591815948486328,819000
2002-07-31,28.920000076293945,29.40999984741211,28.5,29.40999984741211,14.71187686920166,337000
2002-08-01,29.299999237060547,29.299999237060547,28.700000762939453,28.799999237060547,14.40673542022705,516200
2002-08-02,28.799999237060547,29.0,27.75,28.010000228881836,14.011548042297363,380900
2002-08-05,28.100000381469727,28.190000534057617,27.299999237060547,27.5,13.756426811218262,593200
2002-08-06,27.700000762939453,27.950000762939453,27.600000381469727,27.610000610351562,13.811454772949219,565600
2002-08-07,27.549999237060547,27.989999771118164,27.299999237060547,27.989999771118164,14.001544952392578,768300
2002-08-08,27.549999237060547,29.200000762939453,27.549999237060547,29.18000030517578,14.596824645996094,449400
2002-08-09,29.280000686645508,29.489999771118164,28.479999542236328,29.260000228881836,14.636842727661133,142800
2002-08-12,29.270000457763672,29.3799991607666,28.5,29.09000015258789,14.551806449890137,319200
2002-08-13,29.09000015258789,29.190000534057617,28.399999618530273,28.40999984741211,14.211642265319824,395400
2002-08-14,28.40999984741211,29.200000762939453,28.100000381469727,29.200000762939453,14.606828689575195,441300
2002-08-15,29.350000381469727,30.0,29.139999389648438,30.0,15.007014274597168,463900
2002-08-16,29.989999771118164,30.06999969482422,29.59000015258789,29.799999237060547,14.906967163085938,224500
2002-08-19,30.200000762939453,30.299999237060547,29.799999237060547,29.799999237060547,14.906967163085938,431300
2002-08-20,29.899999618530273,29.989999771118164,28.899999618530273,29.719999313354492,14.866943359375,397400
2002-08-21,30.350000381469727,30.399999618530273,29.450000762939453,30.059999465942383,15.037018775939941,504300
2002-08-22,30.059999465942383,30.209999084472656,29.799999237060547,29.979999542236328,14.997007369995117,248000
2002-08-23,29.299999237060547,29.579999923706055,29.100000381469727,29.260000228881836,14.636842727661133,340800
2002-08-26,29.299999237060547,29.639999389648438,28.690000534057617,29.530000686645508,14.77191162109375,542700
2002-08-27,29.950000762939453,30.0,28.93000030517578,29.049999237060547,14.531789779663086,371000
2002-08-28,28.700000762939453,28.959999084472656,28.3799991607666,28.600000381469727,14.306687355041504,349000
2002-08-29,28.639999389648438,29.549999237060547,28.43000030517578,29.049999237060547,14.531789779663086,251200
2002-08-30,29.0,29.600000381469727,28.950000762939453,28.959999084472656,14.486770629882812,225800
2002-09-03,28.75,28.75,28.040000915527344,28.350000381469727,14.181628227233887,364900
2002-09-04,28.25,28.780000686645508,27.799999237060547,27.8799991607666,13.946516036987305,1439300
2002-09-05,24.0,25.899999618530273,23.0,25.200000762939453,12.6058931350708,4762800
2002-09-06,25.899999618530273,26.559999465942383,25.799999237060547,26.200000762939453,13.106122016906738,1022700
2002-09-09,26.100000381469727,26.670000076293945,25.350000381469727,26.5,13.256192207336426,792200
2002-09-10,26.5,26.93000030517578,26.1200008392334,26.850000381469727,13.431282043457031,554700
2002-09-11,26.399999618530273,26.799999237060547,26.049999237060547,26.200000762939453,13.106122016906738,597800
2002-09-12,26.18000030517578,26.399999618530273,25.829999923706055,25.860000610351562,12.936043739318848,477100
2002-09-13,25.399999618530273,26.75,25.399999618530273,26.200000762939453,13.106122016906738,629600
2002-09-16,26.0,26.25,25.75,26.139999389648438,13.076117515563965,407600
2002-09-17,26.329999923706055,26.600000381469727,25.719999313354492,25.899999618530273,12.956058502197266,402200
2002-09-18,25.899999618530273,26.25,25.600000381469727,25.989999771118164,13.001073837280273,427800
2002-09-19,25.850000381469727,25.90999984741211,25.25,25.299999237060547,12.65591812133789,327100
2002-09-20,25.799999237060547,25.799999237060547,24.850000381469727,25.200000762939453,12.6058931350708,600000
2002-09-23,25.200000762939453,25.200000762939453,24.479999542236328,24.729999542236328,12.370783805847168,371600
2002-09-24,24.6299991607666,24.790000915527344,24.0,24.139999389648438,12.075642585754395,287900
2002-09-25,24.389999389648438,24.6200008392334,23.770000457763672,24.579999923706055,12.295741081237793,333500
2002-09-26,24.600000381469727,24.969999313354492,24.5,24.969999313354492,12.567530632019043,249500
2002-09-27,24.8700008392334,25.0,24.510000228881836,24.760000228881836,12.461840629577637,374300
2002-09-30,24.510000228881836,24.93000030517578,23.709999084472656,24.649999618530273,12.406473159790039,334500
2002-10-01,24.68000030517578,25.780000686645508,24.329999923706055,25.75,12.960108757019043,476700
2002-10-02,25.600000381469727,25.709999084472656,25.190000534057617,25.190000534057617,12.678258895874023,706800
2002-10-03,25.350000381469727,25.389999389648438,24.1299991607666,24.25,12.20514965057373,672200
2002-10-04,24.399999618530273,24.399999618530273,22.950000762939453,23.200000762939453,11.676685333251953,346700
2002-10-07,22.5,23.299999237060547,22.1200008392334,22.559999465942383,11.354564666748047,411200
2002-10-08,22.5,23.610000610351562,22.5,23.15999984741211,11.656550407409668,371900
2002-10-09,23.0,23.0,22.100000381469727,22.100000381469727,11.123048782348633,540200
2002-10-10,22.100000381469727,23.34000015258789,22.100000381469727,23.329999923706055,11.742108345031738,516900
2002-10-11,24.5,26.0,24.299999237060547,25.3799991607666,12.773882865905762,674000
2002-10-14,25.1299991607666,25.299999237060547,24.84000015258789,25.149999618530273,12.658125877380371,311900
2002-10-15,25.600000381469727,26.850000381469727,25.600000381469727,26.100000381469727,13.13626766204834,536400
2002-10-16,26.0,26.110000610351562,24.860000610351562,25.389999389648438,12.77892017364502,331500
2002-10-17,26.0,26.100000381469727,25.5,25.639999389648438,12.904738426208496,354900
2002-10-18,25.6200008392334,26.200000762939453,25.399999618530273,25.600000381469727,12.884610176086426,260200
2002-10-21,25.0,26.299999237060547,25.0,26.1299991607666,13.151358604431152,337900
2002-10-22,26.049999237060547,26.290000915527344,25.75,25.8799991607666,13.025540351867676,215900
2002-10-23,25.700000762939453,25.709999084472656,25.0,25.270000457763672,12.718517303466797,559900
2002-10-24,25.270000457763672,27.040000915527344,24.290000915527344,26.549999237060547,13.362751960754395,1543400
2002-10-25,27.25,27.399999618530273,26.75,27.25,13.71506404876709,909900
2002-10-28,27.5,27.5,26.700000762939453,27.059999465942383,13.619437217712402,354300
2002-10-29,27.059999465942383,27.139999389648438,25.799999237060547,26.100000381469727,13.13626766204834,679100
2002-10-30,26.110000610351562,26.5,25.860000610351562,26.360000610351562,13.267126083374023,175500
2002-10-31,26.360000610351562,27.260000228881836,26.360000610351562,26.81999969482422,13.498651504516602,433700
2002-11-01,26.700000762939453,27.100000381469727,26.290000915527344,26.8700008392334,13.52381420135498,445300
2002-11-04,27.200000762939453,27.3700008392334,26.790000915527344,26.799999237060547,13.488574981689453,351900
2002-11-05,26.75,27.290000915527344,26.729999542236328,27.079999923706055,13.629500389099121,568500
2002-11-06,27.100000381469727,27.280000686645508,26.649999618530273,27.010000228881836,13.594270706176758,320900
2002-11-07,27.010000228881836,27.1299991607666,26.399999618530273,26.559999465942383,13.367789268493652,512600
2002-11-08,26.559999465942383,27.020000457763672,26.469999313354492,26.6299991607666,13.403018951416016,260000
2002-11-11,26.610000610351562,27.049999237060547,26.450000762939453,26.950000762939453,13.564080238342285,265900
2002-11-12,26.950000762939453,27.049999237060547,26.530000686645508,26.649999618530273,13.413081169128418,243500
2002-11-13,26.399999618530273,26.700000762939453,26.06999969482422,26.309999465942383,13.241961479187012,451000
2002-11-14,26.479999542236328,26.799999237060547,26.450000762939453,26.549999237060547,13.362751960754395,571100
2002-11-15,26.200000762939453,27.469999313354492,26.200000762939453,27.34000015258789,13.760359764099121,394700
2002-11-18,27.0,27.15999984741211,26.600000381469727,26.649999618530273,13.413081169128418,460800
2002-11-19,26.65999984741211,26.709999084472656,26.34000015258789,26.459999084472656,13.317453384399414,456500
2002-11-20,26.450000762939453,27.149999618530273,26.450000762939453,27.1200008392334,13.649638175964355,697000
2002-11-21,27.149999618530273,27.399999618530273,27.0,27.299999237060547,13.740230560302734,284800
2002-11-22,27.25,27.540000915527344,27.030000686645508,27.43000030517578,13.805662155151367,360600
2002-11-25,28.5,28.5,27.65999984741211,27.90999984741211,14.047249794006348,455300
2002-11-26,27.899999618530273,27.899999618530273,27.440000534057617,27.68000030517578,13.931489944458008,769300
2002-11-27,27.700000762939453,28.309999465942383,27.65999984741211,28.25,14.218375205993652,201400
2002-11-29,28.25,28.479999542236328,28.100000381469727,28.170000076293945,14.178101539611816,113100
2002-12-02,28.5,29.350000381469727,28.299999237060547,29.149999618530273,14.671345710754395,395500
2002-12-03,29.1200008392334,29.1200008392334,28.520000457763672,28.770000457763672,14.480087280273438,239900
2002-12-04,28.549999237060547,29.25,28.549999237060547,29.209999084472656,14.701539039611816,309200
2002-12-05,29.399999618530273,29.489999771118164,28.56999969482422,29.059999465942383,14.626051902770996,263700
2002-12-06,28.950000762939453,29.200000762939453,28.459999084472656,29.079999923706055,14.636115074157715,281200
2002-12-09,28.950000762939453,28.950000762939453,28.540000915527344,28.6200008392334,14.404592514038086,224200
2002-12-10,28.670000076293945,29.239999771118164,28.649999618530273,29.219999313354492,14.706582069396973,240200
2002-12-11,29.1200008392334,29.799999237060547,28.93000030517578,29.799999237060547,14.998486518859863,261000
2002-12-12,29.700000762939453,29.709999084472656,29.100000381469727,29.15999984741211,14.676380157470703,200100
2002-12-13,29.100000381469727,29.260000228881836,28.56999969482422,28.93000030517578,14.560619354248047,221300
2002-12-16,28.75,29.610000610351562,28.399999618530273,29.610000610351562,14.90286636352539,478700
2002-12-17,29.520000457763672,29.6200008392334,29.170000076293945,29.25,14.721678733825684,353900
2002-12-18,29.200000762939453,29.209999084472656,28.59000015258789,28.760000228881836,14.475058555603027,165700
2002-12-19,28.729999542236328,28.969999313354492,28.420000076293945,28.600000381469727,14.394535064697266,337600
2002-12-20,28.600000381469727,28.979999542236328,28.3799991607666,28.979999542236328,14.58578109741211,421100
2002-12-23,28.850000381469727,29.079999923706055,28.760000228881836,29.020000457763672,14.605921745300293,285400
2002-12-24,29.0,29.1299991607666,28.6299991607666,28.790000915527344,14.490163803100586,134100
2002-12-26,28.799999237060547,29.15999984741211,28.799999237060547,29.049999237060547,14.621013641357422,141400
2002-12-27,28.899999618530273,29.06999969482422,28.450000762939453,28.729999542236328,14.53500747680664,192600
2002-12-30,28.729999542236328,28.899999618530273,28.25,28.700000762939453,14.519831657409668,350500
2002-12-31,28.649999618530273,29.3799991607666,28.549999237060547,29.3799991607666,14.86385440826416,473300
2003-01-02,29.440000534057617,29.739999771118164,29.239999771118164,29.6299991607666,14.990337371826172,450200
2003-01-03,29.6299991607666,29.639999389648438,28.940000534057617,29.399999618530273,14.873974800109863,375300
2003-01-06,29.350000381469727,29.75,29.049999237060547,29.600000381469727,14.975152015686035,490100
2003-01-07,29.549999237060547,29.559999465942383,29.0,29.030000686645508,14.686785697937012,430100
2003-01-08,29.010000228881836,29.049999237060547,28.809999465942383,28.8700008392334,14.605834007263184,207000
2003-01-09,28.8700008392334,29.170000076293945,28.860000610351562,29.170000076293945,14.757608413696289,323100
2003-01-10,29.020000457763672,29.18000030517578,28.649999618530273,28.829999923706055,14.585600852966309,671800
2003-01-13,28.850000381469727,28.889999389648438,28.5,28.770000457763672,14.55525016784668,464400
2003-01-14,28.700000762939453,28.899999618530273,28.200000762939453,28.84000015258789,14.590657234191895,479200
2003-01-15,28.8700008392334,28.8700008392334,28.31999969482422,28.559999465942383,14.448999404907227,307200
2003-01-16,28.600000381469727,28.719999313354492,27.799999237060547,28.040000915527344,14.185922622680664,392700
2003-01-17,28.040000915527344,28.3799991607666,27.649999618530273,28.350000381469727,14.34276294708252,297600
2003-01-21,28.0,28.010000228881836,27.299999237060547,27.5,13.91273021697998,956400
2003-01-22,27.510000228881836,27.510000228881836,26.56999969482422,26.600000381469727,13.457399368286133,571600
2003-01-23,26.75,27.079999923706055,26.450000762939453,27.079999923706055,13.700247764587402,409800
2003-01-24,26.979999542236328,27.139999389648438,26.5,26.540000915527344,13.427053451538086,458400
2003-01-27,26.450000762939453,26.729999542236328,25.90999984741211,26.09000015258789,13.199385643005371,310600
2003-01-28,26.34000015258789,26.899999618530273,25.93000030517578,26.780000686645508,13.548468589782715,540400
2003-01-29,26.780000686645508,27.0,26.5,26.75,13.53329086303711,853500
2003-01-30,27.25,27.5,24.299999237060547,25.06999969482422,12.683354377746582,1932900
2003-01-31,25.079999923706055,25.5,24.799999237060547,25.25,12.774422645568848,723600
2003-02-03,25.25,25.260000228881836,24.670000076293945,24.989999771118164,12.642878532409668,648500
2003-02-04,24.799999237060547,24.959999084472656,24.360000610351562,24.450000762939453,12.369688034057617,545200
2003-02-05,24.649999618530273,25.450000762939453,24.450000762939453,24.520000457763672,12.405097007751465,287000
2003-02-06,24.420000076293945,24.90999984741211,24.280000686645508,24.399999618530273,12.344385147094727,300600
2003-02-07,24.350000381469727,24.649999618530273,23.969999313354492,24.1200008392334,12.202733993530273,229300
2003-02-10,24.1200008392334,24.549999237060547,24.1200008392334,24.5,12.394978523254395,425400
2003-02-11,24.75,24.75,24.25,24.260000228881836,12.273560523986816,360800
2003-02-12,24.100000381469727,24.190000534057617,23.450000762939453,23.450000762939453,11.863768577575684,608400
2003-02-13,23.459999084472656,23.90999984741211,23.280000686645508,23.700000762939453,11.990243911743164,526200
2003-02-14,23.700000762939453,24.239999771118164,23.700000762939453,24.020000457763672,12.152137756347656,523600
2003-02-18,24.149999618530273,24.25,24.059999465942383,24.200000762939453,12.243203163146973,676200
2003-02-19,24.149999618530273,24.229999542236328,23.950000762939453,23.950000762939453,12.116722106933594,305400
2003-02-20,24.100000381469727,24.1200008392334,23.739999771118164,23.829999923706055,12.056015014648438,274300
2003-02-21,23.829999923706055,24.299999237060547,23.56999969482422,24.25,12.268500328063965,578400
2003-02-24,24.25,24.260000228881836,23.809999465942383,24.049999237060547,12.167315483093262,283600
2003-02-25,24.020000457763672,24.549999237060547,23.969999313354492,24.360000610351562,12.324150085449219,291200
2003-02-26,24.360000610351562,24.360000610351562,24.0,24.030000686645508,12.157196044921875,212900
2003-02-27,24.040000915527344,24.649999618530273,24.040000915527344,24.459999084472656,12.37474250793457,222600
2003-02-28,24.540000915527344,24.770000457763672,24.299999237060547,24.469999313354492,12.379800796508789,181500
2003-03-03,24.459999084472656,24.850000381469727,24.329999923706055,24.579999923706055,12.435449600219727,367800
2003-03-04,24.549999237060547,24.549999237060547,24.1299991607666,24.309999465942383,12.298855781555176,344200
2003-03-05,24.299999237060547,24.510000228881836,24.149999618530273,24.479999542236328,12.384860038757324,260200
2003-03-06,24.40999984741211,24.40999984741211,24.1200008392334,24.350000381469727,12.319089889526367,520600
2003-03-07,24.299999237060547,24.40999984741211,24.149999618530273,24.329999923706055,12.308969497680664,178000
2003-03-10,24.200000762939453,24.239999771118164,24.09000015258789,24.200000762939453,12.243203163146973,339200
2003-03-11,24.200000762939453,24.360000610351562,24.100000381469727,24.149999618530273,12.217906951904297,904100
2003-03-12,24.1299991607666,24.1299991607666,23.690000534057617,23.719999313354492,12.000364303588867,1153100
2003-03-13,23.899999618530273,24.299999237060547,23.700000762939453,24.280000686645508,12.283682823181152,839500
2003-03-14,24.299999237060547,24.520000457763672,24.09000015258789,24.399999618530273,12.344385147094727,339000
2003-03-17,24.25,25.100000381469727,24.149999618530273,24.959999084472656,12.627705574035645,252500
2003-03-18,25.0,25.059999465942383,24.799999237060547,25.020000457763672,12.65805435180664,313500
2003-03-19,25.020000457763672,25.549999237060547,25.0,25.520000457763672,12.91101360321045,248300
2003-03-20,25.520000457763672,26.0,25.200000762939453,26.0,13.153854370117188,424100
2003-03-21,26.299999237060547,26.600000381469727,26.020000457763672,26.530000686645508,13.421985626220703,275500
2003-03-24,25.25,25.5,24.639999389648438,24.989999771118164,12.642878532409668,886900
2003-03-25,24.989999771118164,25.299999237060547,24.649999618530273,25.25,12.774422645568848,452700
2003-03-26,25.200000762939453,25.200000762939453,24.899999618530273,25.0,12.647936820983887,279600
2003-03-27,24.700000762939453,24.829999923706055,24.489999771118164,24.829999923706055,12.653037071228027,351600
2003-03-28,24.75,24.979999542236328,24.520000457763672,24.8700008392334,12.673416137695312,201000
2003-03-31,24.399999618530273,24.75,24.350000381469727,24.549999237060547,12.510346412658691,350600
2003-04-01,24.649999618530273,25.0,24.5,24.649999618530273,12.561310768127441,508200
2003-04-02,24.850000381469727,25.559999465942383,24.850000381469727,25.549999237060547,13.01993179321289,279200
2003-04-03,25.75,25.75,25.3700008392334,25.43000030517578,12.958786010742188,291400
2003-04-04,25.329999923706055,25.989999771118164,25.329999923706055,25.860000610351562,13.17790412902832,280200
2003-04-07,26.110000610351562,26.5,25.25,25.6299991607666,13.060705184936523,280900
2003-04-08,25.68000030517578,25.950000762939453,25.5,25.670000076293945,13.081084251403809,300400
2003-04-09,25.81999969482422,25.81999969482422,25.270000457763672,25.5,12.994461059570312,182800
2003-04-10,25.5,25.5,25.270000457763672,25.5,12.994461059570312,130000
2003-04-11,25.700000762939453,26.0,25.479999542236328,25.829999923706055,13.16262435913086,260300
2003-04-14,25.850000381469727,26.3799991607666,25.850000381469727,26.260000228881836,13.381738662719727,293500
2003-04-15,26.260000228881836,26.3700008392334,26.049999237060547,26.149999618530273,13.32568073272705,316000
2003-04-16,26.299999237060547,26.6200008392334,26.25,26.309999465942383,13.407219886779785,415100
2003-04-17,26.309999465942383,26.760000228881836,26.309999465942383,26.459999084472656,13.483654022216797,337400
2003-04-21,26.610000610351562,26.610000610351562,26.020000457763672,26.059999465942383,13.279821395874023,461300
2003-04-22,26.020000457763672,26.639999389648438,25.950000762939453,26.420000076293945,13.463275909423828,957700
2003-04-23,26.549999237060547,26.799999237060547,26.239999771118164,26.799999237060547,13.656913757324219,448400
2003-04-24,26.200000762939453,26.200000762939453,23.350000381469727,24.079999923706055,12.270846366882324,5869700
2003-04-25,24.079999923706055,25.010000228881836,24.020000457763672,25.010000228881836,12.744760513305664,1445700
2003-04-28,25.010000228881836,25.350000381469727,25.0,25.100000381469727,12.790620803833008,571500
2003-04-29,25.110000610351562,25.399999618530273,25.030000686645508,25.110000610351562,12.79571533203125,512100
2003-04-30,25.010000228881836,25.420000076293945,24.920000076293945,24.989999771118164,12.734565734863281,602900
2003-05-01,24.899999618530273,24.899999618530273,24.399999618530273,24.530000686645508,12.50015926361084,560500
2003-05-02,24.600000381469727,25.110000610351562,24.600000381469727,25.0,12.739664077758789,401500
2003-05-05,25.049999237060547,25.3799991607666,24.670000076293945,24.700000762939453,12.586786270141602,466600
2003-05-06,24.780000686645508,25.0,24.350000381469727,24.93000030517578,12.703987121582031,783000
2003-05-07,24.93000030517578,25.18000030517578,24.770000457763672,25.100000381469727,12.790620803833008,740200
2003-05-08,24.950000762939453,25.049999237060547,24.850000381469727,25.0,12.739664077758789,518600
2003-05-09,25.030000686645508,25.25,24.90999984741211,25.15999984741211,12.821198463439941,508600
2003-05-12,25.25,25.670000076293945,25.25,25.549999237060547,13.01993179321289,532600
2003-05-13,25.450000762939453,25.489999771118164,25.149999618530273,25.270000457763672,12.877248764038086,406300
2003-05-14,25.350000381469727,25.5,25.299999237060547,25.450000762939453,12.968978881835938,228100
2003-05-15,25.600000381469727,25.8799991607666,25.450000762939453,25.8799991607666,13.188104629516602,400200
2003-05-16,25.850000381469727,26.350000381469727,25.719999313354492,26.030000686645508,13.264542579650879,901200
2003-05-19,25.899999618530273,26.020000457763672,25.75,25.920000076293945,13.208483695983887,363500
2003-05-20,25.8700008392334,25.989999771118164,25.729999542236328,25.899999618530273,13.198288917541504,541200
2003-05-21,25.899999618530273,26.030000686645508,25.6200008392334,25.790000915527344,13.142233848571777,316300
2003-05-22,25.850000381469727,26.690000534057617,25.799999237060547,26.559999465942383,13.534618377685547,602200
2003-05-23,26.459999084472656,26.600000381469727,26.399999618530273,26.559999465942383,13.534618377685547,297800
2003-05-27,26.559999465942383,27.020000457763672,26.219999313354492,27.020000457763672,13.769030570983887,302000
2003-05-28,26.81999969482422,27.350000381469727,26.81999969482422,26.899999618530273,13.707874298095703,387800
2003-05-29,26.899999618530273,27.229999542236328,26.610000610351562,26.700000762939453,13.60595989227295,258000
2003-05-30,26.850000381469727,27.31999969482422,26.690000534057617,27.25,13.88623332977295,338300
2003-06-02,27.100000381469727,27.84000015258789,26.969999313354492,27.549999237060547,14.039105415344238,430200
2003-06-03,27.549999237060547,27.579999923706055,27.040000915527344,27.100000381469727,13.809793472290039,391400
2003-06-04,27.0,27.309999465942383,26.920000076293945,27.200000762939453,13.860755920410156,558300
2003-06-05,27.209999084472656,28.280000686645508,27.200000762939453,28.079999923706055,14.309181213378906,379100
2003-06-06,28.0,28.079999923706055,27.559999465942383,27.600000381469727,14.064592361450195,384300
2003-06-09,27.5,27.5,26.790000915527344,26.799999237060547,13.656913757324219,276600
2003-06-10,26.780000686645508,27.889999389648438,26.780000686645508,27.600000381469727,14.064592361450195,459000
2003-06-11,27.549999237060547,27.950000762939453,27.489999771118164,27.950000762939453,14.242947578430176,215200
2003-06-12,27.979999542236328,28.049999237060547,27.649999618530273,27.920000076293945,14.227655410766602,187900
2003-06-13,28.020000457763672,28.1200008392334,27.649999618530273,27.920000076293945,14.227655410766602,269700
2003-06-16,27.920000076293945,29.0,27.920000076293945,29.0,14.778010368347168,371800
2003-06-17,29.0,29.0,28.3700008392334,28.6200008392334,14.584362030029297,224000
2003-06-18,28.6200008392334,28.860000610351562,28.43000030517578,28.719999313354492,14.635320663452148,282800
2003-06-19,28.670000076293945,28.719999313354492,28.3700008392334,28.5,14.523214340209961,435200
2003-06-20,28.5,28.729999542236328,28.350000381469727,28.530000686645508,14.538509368896484,600700
2003-06-23,28.600000381469727,28.600000381469727,27.950000762939453,28.329999923706055,14.436586380004883,330000
2003-06-24,28.329999923706055,28.56999969482422,28.15999984741211,28.280000686645508,14.411116600036621,227200
2003-06-25,28.350000381469727,28.5,28.239999771118164,28.260000228881836,14.400923728942871,346300
2003-06-26,28.15999984741211,28.290000915527344,27.889999389648438,28.260000228881836,14.493233680725098,412200
2003-06-27,28.350000381469727,28.399999618530273,27.68000030517578,27.860000610351562,14.288089752197266,690300
2003-06-30,27.950000762939453,27.950000762939453,27.079999923706055,27.200000762939453,13.94960880279541,934200
2003-07-01,26.850000381469727,27.100000381469727,26.75,26.93000030517578,13.811139106750488,872700
2003-07-02,27.0,27.1299991607666,26.950000762939453,26.979999542236328,13.836771965026855,1067600
2003-07-03,26.93000030517578,27.09000015258789,26.899999618530273,26.959999084472656,13.826522827148438,294400
2003-07-07,27.200000762939453,27.420000076293945,27.100000381469727,27.149999618530273,13.923958778381348,629500
2003-07-08,27.25,27.329999923706055,26.950000762939453,27.149999618530273,13.923958778381348,737200
2003-07-09,27.25,27.25,26.829999923706055,27.0,13.84703254699707,628600
2003-07-10,26.5,26.5,25.200000762939453,25.700000762939453,13.18032455444336,1830500
2003-07-11,25.899999618530273,26.25,25.899999618530273,25.969999313354492,13.3187894821167,607800
2003-07-14,26.229999542236328,26.510000228881836,25.850000381469727,25.850000381469727,13.257255554199219,402900
2003-07-15,25.950000762939453,26.030000686645508,25.260000228881836,25.299999237060547,12.97518253326416,690800
2003-07-16,25.299999237060547,25.40999984741211,24.90999984741211,25.06999969482422,12.857227325439453,654000
2003-07-17,25.0,25.25,24.639999389648438,24.899999618530273,12.770039558410645,596000
2003-07-18,24.93000030517578,25.18000030517578,24.799999237060547,25.049999237060547,12.846967697143555,577900
2003-07-21,25.06999969482422,25.299999237060547,24.780000686645508,24.780000686645508,12.708497047424316,315900
2003-07-22,25.030000686645508,25.200000762939453,24.770000457763672,25.010000228881836,12.82645320892334,575100
2003-07-23,26.0,27.110000610351562,25.959999084472656,26.610000610351562,13.647014617919922,1835400
2003-07-24,26.75,27.299999237060547,26.739999771118164,26.850000381469727,13.77010726928711,895600
2003-07-25,26.850000381469727,27.229999542236328,26.5,26.799999237060547,13.744454383850098,623300
2003-07-28,27.049999237060547,27.399999618530273,27.010000228881836,27.049999237060547,13.872675895690918,384000
2003-07-29,26.850000381469727,27.34000015258789,26.649999618530273,26.979999542236328,13.836771965026855,666700
2003-07-30,27.049999237060547,27.200000762939453,26.670000076293945,27.040000915527344,13.867551803588867,388700
2003-07-31,27.149999618530273,27.399999618530273,26.420000076293945,26.530000686645508,13.605989456176758,431700
2003-08-01,26.559999465942383,26.59000015258789,26.170000076293945,26.170000076293945,13.421364784240723,522700
2003-08-04,26.25,26.389999389648438,25.920000076293945,26.049999237060547,13.359823226928711,431600
2003-08-05,26.149999618530273,26.299999237060547,25.860000610351562,25.920000076293945,13.29315185546875,326200
2003-08-06,26.149999618530273,26.200000762939453,25.889999389648438,25.940000534057617,13.303409576416016,430500
2003-08-07,26.0,26.25,25.959999084472656,26.049999237060547,13.359823226928711,574400
2003-08-08,26.200000762939453,26.610000610351562,25.950000762939453,26.549999237060547,13.616249084472656,894000
2003-08-11,26.780000686645508,26.90999984741211,26.479999542236328,26.850000381469727,13.77010726928711,759900
2003-08-12,26.950000762939453,27.1200008392334,26.799999237060547,26.950000762939453,13.821395874023438,587400
2003-08-13,27.0,27.209999084472656,26.809999465942383,26.8700008392334,13.780364036560059,280100
2003-08-14,26.75,26.950000762939453,26.530000686645508,26.700000762939453,13.6931791305542,175300
2003-08-15,26.600000381469727,27.290000915527344,26.600000381469727,26.979999542236328,13.836771965026855,239900
2003-08-18,27.040000915527344,27.549999237060547,26.68000030517578,27.1299991607666,13.913697242736816,379200
2003-08-19,27.25,27.43000030517578,27.100000381469727,27.280000686645508,13.99063491821289,291200
2003-08-20,27.25,27.5,27.049999237060547,27.139999389648438,13.918830871582031,268800
2003-08-21,27.389999389648438,27.43000030517578,26.790000915527344,26.93000030517578,13.811139106750488,340900
2003-08-22,27.049999237060547,27.049999237060547,26.309999465942383,26.5,13.590604782104492,199400
2003-08-25,26.3799991607666,26.90999984741211,26.3799991607666,26.75,13.718816757202148,254500
2003-08-26,26.760000228881836,26.860000610351562,26.65999984741211,26.799999237060547,13.744454383850098,362700
2003-08-27,26.799999237060547,27.049999237060547,26.5,26.799999237060547,13.744454383850098,200800
2003-08-28,26.920000076293945,27.030000686645508,26.489999771118164,26.850000381469727,13.77010726928711,429600
2003-08-29,26.780000686645508,27.079999923706055,26.780000686645508,27.0,13.84703254699707,146700
2003-09-02,27.09000015258789,27.479999542236328,26.75,27.31999969482422,14.011149406433105,278900
2003-09-03,27.420000076293945,28.229999542236328,27.420000076293945,28.049999237060547,14.385527610778809,531700
2003-09-04,28.010000228881836,28.299999237060547,27.729999542236328,28.1200008392334,14.421426773071289,311500
2003-09-05,27.760000228881836,28.389999389648438,27.75,27.8799991607666,14.298336029052734,343500
2003-09-08,27.799999237060547,28.229999542236328,27.700000762939453,28.139999389648438,14.431685447692871,196000
2003-09-09,28.100000381469727,28.299999237060547,27.969999313354492,28.100000381469727,14.411169052124023,186700
2003-09-10,28.149999618530273,28.149999618530273,27.65999984741211,27.75,14.231675148010254,244800
2003-09-11,27.75,28.139999389648438,27.600000381469727,28.049999237060547,14.385527610778809,356600
2003-09-12,27.850000381469727,28.200000762939453,27.850000381469727,28.100000381469727,14.411169052124023,379400
2003-09-15,28.110000610351562,28.18000030517578,27.649999618530273,27.739999771118164,14.226546287536621,464700
2003-09-16,27.790000915527344,28.09000015258789,27.75,28.040000915527344,14.380399703979492,396700
2003-09-17,28.0,28.09000015258789,27.84000015258789,28.0,14.359888076782227,255900
2003-09-18,28.100000381469727,28.93000030517578,28.030000686645508,28.829999923706055,14.78555679321289,406800
2003-09-19,29.049999237060547,29.059999465942383,28.719999313354492,28.719999313354492,14.729135513305664,485200
2003-09-22,28.729999542236328,28.889999389648438,28.329999923706055,28.540000915527344,14.636829376220703,222500
2003-09-23,28.5,28.950000762939453,28.450000762939453,28.84000015258789,14.790682792663574,218600
2003-09-24,28.899999618530273,28.969999313354492,28.020000457763672,28.030000686645508,14.37527847290039,326700
2003-09-25,28.200000762939453,28.549999237060547,28.049999237060547,28.489999771118164,14.611186981201172,446600
2003-09-26,28.299999237060547,28.5,27.899999618530273,28.09000015258789,14.497638702392578,350500
2003-09-29,28.100000381469727,28.25,27.940000534057617,28.030000686645508,14.466678619384766,238200
2003-09-30,28.030000686645508,28.459999084472656,27.700000762939453,28.280000686645508,14.595708847045898,300400
2003-10-01,28.399999618530273,29.100000381469727,28.100000381469727,29.06999969482422,15.003435134887695,406000
2003-10-02,29.049999237060547,29.049999237060547,28.350000381469727,28.559999465942383,14.740212440490723,347000
2003-10-03,28.600000381469727,28.889999389648438,28.219999313354492,28.299999237060547,14.606025695800781,443000
2003-10-06,28.149999618530273,28.549999237060547,28.100000381469727,28.479999542236328,14.698918342590332,358400
2003-10-07,28.350000381469727,28.530000686645508,28.100000381469727,28.489999771118164,14.704087257385254,278200
2003-10-08,28.350000381469727,28.399999618530273,28.020000457763672,28.1299991607666,14.518280982971191,406600
2003-10-09,27.799999237060547,28.149999618530273,27.389999389648438,28.049999237060547,14.476994514465332,722300
2003-10-10,27.399999618530273,27.5,27.06999969482422,27.389999389648438,14.136357307434082,967900
2003-10-13,27.299999237060547,27.950000762939453,27.270000457763672,27.790000915527344,14.342803001403809,311500
2003-10-14,27.950000762939453,27.950000762939453,27.559999465942383,27.700000762939453,14.296358108520508,248300
2003-10-15,27.68000030517578,27.690000534057617,27.520000457763672,27.6299991607666,14.260226249694824,336200
2003-10-16,27.399999618530273,28.579999923706055,27.399999618530273,28.3799991607666,14.647311210632324,422700
2003-10-17,28.1299991607666,28.190000534057617,27.649999618530273,27.809999465942383,14.35312271118164,306000
2003-10-20,27.100000381469727,27.5,27.100000381469727,27.350000381469727,14.115716934204102,496800
2003-10-21,27.450000762939453,27.610000610351562,27.299999237060547,27.579999923706055,14.234419822692871,485300
2003-10-22,26.75,27.489999771118164,26.739999771118164,26.899999618530273,13.883461952209473,700100
2003-10-23,27.450000762939453,27.989999771118164,27.200000762939453,27.56999969482422,14.229259490966797,590500
2003-10-24,27.579999923706055,27.68000030517578,27.25,27.639999389648438,14.26539421081543,443400
2003-10-27,27.549999237060547,27.899999618530273,27.549999237060547,27.850000381469727,14.373773574829102,355400
2003-10-28,28.0,28.479999542236328,28.0,28.40999984741211,14.662800788879395,290700
2003-10-29,28.59000015258789,29.25,28.440000534057617,28.790000915527344,14.85892391204834,492000
2003-10-30,29.040000915527344,29.100000381469727,28.489999771118164,28.75,14.838274955749512,311900
2003-10-31,28.68000030517578,29.469999313354492,28.68000030517578,29.190000534057617,15.06536865234375,428900
2003-11-03,29.299999237060547,29.700000762939453,29.299999237060547,29.649999618530273,15.302780151367188,475000
2003-11-04,29.600000381469727,29.8799991607666,28.809999465942383,29.709999084472656,15.333748817443848,619100
2003-11-05,29.549999237060547,29.790000915527344,29.43000030517578,29.649999618530273,15.302780151367188,446600
2003-11-06,29.549999237060547,30.010000228881836,29.34000015258789,30.0,15.483420372009277,529100
2003-11-07,30.0,30.350000381469727,29.739999771118164,30.0,15.483420372009277,391400
2003-11-10,29.979999542236328,30.299999237060547,29.959999084472656,30.149999618530273,15.560835838317871,259500
2003-11-11,30.25,30.579999923706055,30.09000015258789,30.40999984741211,15.695023536682129,390700
2003-11-12,30.299999237060547,30.940000534057617,30.200000762939453,30.760000228881836,15.875662803649902,457000
2003-11-13,30.760000228881836,31.049999237060547,30.56999969482422,30.850000381469727,15.922120094299316,212300
2003-11-14,30.950000762939453,31.299999237060547,30.59000015258789,30.68000030517578,15.834379196166992,241800
2003-11-17,31.399999618530273,31.850000381469727,31.229999542236328,31.719999313354492,16.371135711669922,865400
2003-11-18,30.25,31.229999542236328,29.950000762939453,30.920000076293945,15.958244323730469,987800
2003-11-19,31.399999618530273,31.799999237060547,31.34000015258789,31.799999237060547,16.412418365478516,461400
2003-11-20,31.790000915527344,31.84000015258789,31.3700008392334,31.540000915527344,16.27823829650879,405300
2003-11-21,31.549999237060547,31.600000381469727,31.0,31.190000534057617,16.097597122192383,420000
2003-11-24,31.0,31.0,30.489999771118164,31.0,15.999532699584961,728900
2003-11-25,31.0,31.15999984741211,30.6299991607666,30.889999389648438,15.942754745483398,1251300
2003-11-26,31.0,31.18000030517578,30.829999923706055,31.100000381469727,16.051143646240234,397100
2003-11-28,31.100000381469727,31.5,31.100000381469727,31.299999237060547,16.154367446899414,283400
2003-12-01,31.450000762939453,31.850000381469727,31.299999237060547,31.790000915527344,16.407268524169922,399400
2003-12-02,31.790000915527344,32.0,31.649999618530273,32.0,16.51564598083496,273100
2003-12-03,32.0,32.16999816894531,31.600000381469727,31.670000076293945,16.345327377319336,480800
2003-12-04,31.670000076293945,31.920000076293945,31.56999969482422,31.81999969482422,16.42274284362793,178900
2003-12-05,31.850000381469727,31.979999542236328,31.399999618530273,31.68000030517578,16.350494384765625,214000
2003-12-08,31.68000030517578,32.220001220703125,31.670000076293945,31.989999771118164,16.510480880737305,332500
2003-12-09,32.04999923706055,32.40999984741211,31.899999618530273,32.11000061035156,16.57242202758789,329400
2003-12-10,32.11000061035156,32.650001525878906,32.099998474121094,32.18000030517578,16.608551025390625,563000
2003-12-11,32.0,32.65999984741211,31.649999618530273,32.650001525878906,16.851116180419922,532400
2003-12-12,32.5,32.540000915527344,32.0,32.400001525878906,16.722091674804688,464700
2003-12-15,32.70000076293945,32.7400016784668,31.770000457763672,31.8700008392334,16.44855308532715,414100
2003-12-16,31.799999237060547,31.989999771118164,31.6299991607666,31.850000381469727,16.4382266998291,304800
2003-12-17,31.75,31.75,31.299999237060547,31.65999984741211,16.340167999267578,290000
2003-12-18,31.65999984741211,31.75,31.280000686645508,31.549999237060547,16.28339195251465,424700
2003-12-19,32.150001525878906,32.150001525878906,31.399999618530273,31.600000381469727,16.309200286865234,434100
2003-12-22,31.600000381469727,31.700000762939453,30.899999618530273,31.56999969482422,16.293720245361328,564100
2003-12-23,31.56999969482422,31.850000381469727,31.5,31.719999313354492,16.371135711669922,416800
2003-12-24,31.719999313354492,32.029998779296875,31.690000534057617,31.940000534057617,16.484678268432617,159500
2003-12-26,32.0,32.130001068115234,31.850000381469727,31.950000762939453,16.489843368530273,111400
2003-12-29,32.20000076293945,32.470001220703125,32.02000045776367,32.25,16.738977432250977,334200
2003-12-30,32.29999923706055,32.4900016784668,32.09000015258789,32.34000015258789,16.78569793701172,203200
2003-12-31,32.439998626708984,32.70000076293945,32.25,32.4900016784668,16.863548278808594,607400
2004-01-02,32.400001525878906,32.650001525878906,31.739999771118164,31.950000762939453,16.58327293395996,323700
2004-01-05,31.969999313354492,32.810001373291016,31.969999313354492,32.310001373291016,16.77012825012207,430000
2004-01-06,32.400001525878906,32.41999816894531,31.450000762939453,31.6200008392334,16.411989212036133,380000
2004-01-07,31.6200008392334,31.739999771118164,31.3799991607666,31.709999084472656,16.458698272705078,251600
2004-01-08,31.799999237060547,32.209999084472656,31.649999618530273,32.08000183105469,16.650745391845703,316900
2004-01-09,31.899999618530273,32.2599983215332,31.809999465942383,31.81999969482422,16.515792846679688,367500
2004-01-12,32.0,32.040000915527344,31.6200008392334,31.670000076293945,16.43793487548828,229100
2004-01-13,31.700000762939453,31.889999389648438,31.59000015258789,31.850000381469727,16.531362533569336,218500
2004-01-14,31.8799991607666,32.400001525878906,31.829999923706055,32.2599983215332,16.74416732788086,248900
2004-01-15,32.2599983215332,32.2599983215332,31.770000457763672,31.950000762939453,16.58327293395996,247300
2004-01-16,32.20000076293945,32.400001525878906,31.959999084472656,32.06999969482422,16.645559310913086,219800
2004-01-20,32.0,32.349998474121094,31.760000228881836,32.310001373291016,16.77012825012207,237200
2004-01-21,32.0,32.29999923706055,31.850000381469727,32.08000183105469,16.650745391845703,505000
2004-01-22,32.150001525878906,32.279998779296875,31.850000381469727,31.940000534057617,16.57807731628418,292100
2004-01-23,32.0,32.150001525878906,31.93000030517578,31.989999771118164,16.60403060913086,628900
2004-01-26,32.0,32.20000076293945,31.850000381469727,32.099998474121094,16.66111946105957,637700
2004-01-27,32.099998474121094,32.619998931884766,31.75,32.61000061035156,16.925832748413086,580000
2004-01-28,32.790000915527344,33.29999923706055,31.549999237060547,31.969999313354492,16.59364891052246,806600
2004-01-29,32.099998474121094,32.099998474121094,30.760000228881836,31.479999542236328,16.339319229125977,549100
2004-01-30,31.479999542236328,31.479999542236328,31.030000686645508,31.280000686645508,16.235506057739258,212000
2004-02-02,31.450000762939453,32.2400016784668,31.200000762939453,32.060001373291016,16.640365600585938,379200
2004-02-03,32.150001525878906,32.150001525878906,31.399999618530273,31.399999618530273,16.29779624938965,290100
2004-02-04,31.399999618530273,31.84000015258789,31.139999389648438,31.68000030517578,16.443130493164062,232400
2004-02-05,31.75,32.16999816894531,31.360000610351562,32.06999969482422,16.645559310913086,297500
2004-02-06,32.2599983215332,32.5,32.16999816894531,32.310001373291016,16.77012825012207,322400
2004-02-09,32.310001373291016,32.47999954223633,32.150001525878906,32.349998474121094,16.790882110595703,248300
2004-02-10,32.31999969482422,32.45000076293945,32.25,32.2599983215332,16.74416732788086,209000
2004-02-11,32.290000915527344,32.5,32.22999954223633,32.45000076293945,16.84278678894043,310500
2004-02-12,32.29999923706055,33.20000076293945,32.25,33.119998931884766,17.190540313720703,393400
2004-02-13,33.119998931884766,33.220001220703125,32.54999923706055,32.849998474121094,17.050403594970703,173100
2004-02-17,33.0,33.9900016784668,33.0,33.86000061035156,17.57462501525879,455900
2004-02-18,33.86000061035156,34.25,33.58000183105469,33.599998474121094,17.439682006835938,322000
2004-02-19,33.650001525878906,33.75,33.099998474121094,33.099998474121094,17.180160522460938,227300
2004-02-20,33.16999816894531,33.439998626708984,32.95000076293945,33.27000045776367,17.268394470214844,158100
2004-02-23,33.27000045776367,33.27000045776367,32.54999923706055,32.75,16.99850082397461,307500
2004-02-24,32.79999923706055,32.900001525878906,32.529998779296875,32.86000061035156,17.05559730529785,349600
2004-02-25,32.95000076293945,33.11000061035156,32.540000915527344,33.02000045776367,17.13863182067871,212800
2004-02-26,32.849998474121094,33.06999969482422,32.66999816894531,32.95000076293945,17.102304458618164,177400
2004-02-27,33.0,33.72999954223633,33.0,33.650001525878906,17.46563148498535,230400
2004-03-01,33.900001525878906,33.91999816894531,33.380001068115234,33.61000061035156,17.444869995117188,271600
2004-03-02,33.61000061035156,33.810001373291016,33.349998474121094,33.650001525878906,17.46563148498535,161400
2004-03-03,33.54999923706055,33.880001068115234,33.47999954223633,33.650001525878906,17.46563148498535,162300
2004-03-04,33.630001068115234,33.630001068115234,33.2400016784668,33.36000061035156,17.315114974975586,195000
2004-03-05,33.36000061035156,33.45000076293945,33.31999969482422,33.36000061035156,17.315114974975586,330700
2004-03-08,33.61000061035156,33.68000030517578,33.349998474121094,33.41999816894531,17.346256256103516,291300
2004-03-09,33.5,33.54999923706055,32.77000045776367,33.0099983215332,17.133451461791992,306800
2004-03-10,33.119998931884766,33.119998931884766,32.709999084472656,32.7400016784668,16.993309020996094,228500
2004-03-11,32.75,32.75,32.29999923706055,32.310001373291016,16.77012825012207,347800
2004-03-12,32.54999923706055,32.59000015258789,32.2400016784668,32.5,16.868741989135742,289300
2004-03-15,32.650001525878906,32.65999984741211,32.150001525878906,32.25,16.738977432250977,249200
2004-03-16,32.400001525878906,32.5,32.13999938964844,32.29999923706055,16.764934539794922,307800
2004-03-17,32.29999923706055,32.650001525878906,32.29999923706055,32.349998474121094,16.790882110595703,277900
2004-03-18,32.45000076293945,32.52000045776367,32.02000045776367,32.29999923706055,16.764934539794922,244600
2004-03-19,32.400001525878906,32.59000015258789,32.099998474121094,32.16999816894531,16.697458267211914,272800
2004-03-22,32.20000076293945,32.58000183105469,32.16999816894531,32.349998474121094,16.790882110595703,263600
2004-03-23,32.599998474121094,32.66999816894531,32.04999923706055,32.04999923706055,16.63517189025879,213100
2004-03-24,32.150001525878906,32.20000076293945,31.700000762939453,31.700000762939453,16.453506469726562,288500
2004-03-25,31.950000762939453,32.25,31.950000762939453,32.150001525878906,16.687076568603516,257600
2004-03-26,32.150001525878906,32.279998779296875,31.450000762939453,31.5,16.349687576293945,494000
2004-03-29,31.75,32.099998474121094,31.75,32.0,16.742097854614258,442300
2004-03-30,32.0,32.5099983215332,31.920000076293945,32.47999954223633,16.993228912353516,229800
2004-03-31,32.5,32.58000183105469,32.18000030517578,32.56999969482422,17.04030990600586,446900
2004-04-01,32.75,33.290000915527344,32.61000061035156,33.279998779296875,17.411779403686523,424500
2004-04-02,33.5,33.970001220703125,32.81999969482422,32.970001220703125,17.24959373474121,714800
2004-04-05,32.970001220703125,33.5,32.65999984741211,33.380001068115234,17.46410369873047,321000
2004-04-06,33.380001068115234,33.470001220703125,32.77000045776367,33.0099983215332,17.270519256591797,316000
2004-04-07,32.849998474121094,33.06999969482422,32.56999969482422,32.83000183105469,17.176345825195312,172700
2004-04-08,33.099998474121094,33.119998931884766,32.72999954223633,32.869998931884766,17.197269439697266,190700
2004-04-12,33.04999923706055,33.45000076293945,32.900001525878906,33.439998626708984,17.49549102783203,272100
2004-04-13,33.5,33.5,32.900001525878906,33.279998779296875,17.411779403686523,348100
2004-04-14,33.279998779296875,33.689998626708984,33.20000076293945,33.27000045776367,17.406553268432617,465400
2004-04-15,33.25,33.41999816894531,32.70000076293945,32.77000045776367,17.144947052001953,384600
2004-04-16,32.77000045776367,33.29999923706055,32.599998474121094,33.189998626708984,17.36468505859375,239600
2004-04-19,33.20000076293945,33.20000076293945,32.70000076293945,32.77000045776367,17.144947052001953,187600
2004-04-20,32.900001525878906,32.9900016784668,32.369998931884766,32.400001525878906,16.951366424560547,445200
2004-04-21,32.400001525878906,32.77000045776367,32.040000915527344,32.529998779296875,17.019392013549805,195000
2004-04-22,32.400001525878906,33.150001525878906,32.400001525878906,33.0,17.26527976989746,408300
2004-04-23,32.79999923706055,32.79999923706055,32.2400016784668,32.400001525878906,16.951366424560547,408800
2004-04-26,32.45000076293945,32.47999954223633,32.0,32.099998474121094,16.79441261291504,401400
2004-04-27,32.099998474121094,33.349998474121094,32.099998474121094,32.81999969482422,17.171112060546875,382600
2004-04-28,32.81999969482422,32.81999969482422,32.15999984741211,32.52000045776367,17.01415252685547,584700
2004-04-29,32.52000045776367,32.599998474121094,32.189998626708984,32.349998474121094,16.92520523071289,341900
2004-04-30,32.54999923706055,32.56999969482422,31.950000762939453,32.22999954223633,16.862430572509766,411500
2004-05-03,32.400001525878906,32.43000030517578,31.950000762939453,32.2400016784668,16.867660522460938,352000
2004-05-04,32.31999969482422,32.31999969482422,31.850000381469727,32.04999923706055,16.76824951171875,461100
2004-05-05,32.04999923706055,32.130001068115234,31.75,31.950000762939453,16.715930938720703,535200
2004-05-06,31.959999084472656,31.979999542236328,31.25,31.75,16.611297607421875,254500
2004-05-07,31.399999618530273,31.75,31.020000457763672,31.030000686645508,16.23459815979004,426000
2004-05-10,31.020000457763672,31.280000686645508,30.780000686645508,31.170000076293945,16.307842254638672,423100
2004-05-11,31.81999969482422,31.81999969482422,30.989999771118164,31.1200008392334,16.281686782836914,389100
2004-05-12,31.1200008392334,31.649999618530273,30.25,31.469999313354492,16.46479034423828,547000
2004-05-13,31.399999618530273,31.540000915527344,30.989999771118164,31.059999465942383,16.25029182434082,398700
2004-05-14,30.899999618530273,31.200000762939453,30.6299991607666,30.899999618530273,16.166587829589844,677000
2004-05-17,30.700000762939453,30.809999465942383,30.25,30.56999969482422,15.993931770324707,245400
2004-05-18,30.450000762939453,30.770000457763672,30.329999923706055,30.579999923706055,15.999164581298828,424300
2004-05-19,30.829999923706055,31.209999084472656,30.649999618530273,30.690000534057617,16.05670738220215,265700
2004-05-20,30.68000030517578,30.950000762939453,30.68000030517578,30.950000762939453,16.192745208740234,230600
2004-05-21,30.850000381469727,30.950000762939453,30.530000686645508,30.700000762939453,16.061952590942383,157400
2004-05-24,30.850000381469727,30.920000076293945,30.200000762939453,30.510000228881836,15.962539672851562,285700
2004-05-25,30.25,31.5,30.25,31.420000076293945,16.438644409179688,466100
2004-05-26,31.350000381469727,31.59000015258789,31.200000762939453,31.399999618530273,16.428180694580078,310500
2004-05-27,31.700000762939453,31.940000534057617,31.549999237060547,31.700000762939453,16.585140228271484,385700
2004-05-28,31.700000762939453,31.850000381469727,31.440000534057617,31.850000381469727,16.663619995117188,194600
2004-06-01,31.899999618530273,32.060001373291016,31.700000762939453,31.979999542236328,16.73162269592285,340400
2004-06-02,32.0,32.099998474121094,31.690000534057617,31.709999084472656,16.59037208557129,286600
2004-06-03,31.780000686645508,31.799999237060547,31.459999084472656,31.610000610351562,16.53804588317871,145800
2004-06-04,31.860000610351562,31.979999542236328,31.739999771118164,31.81999969482422,16.64791488647461,153300
2004-06-07,31.899999618530273,31.950000762939453,31.799999237060547,31.899999618530273,16.689781188964844,320900
2004-06-08,31.979999542236328,32.22999954223633,31.860000610351562,32.16999816894531,16.831039428710938,251700
2004-06-09,32.16999816894531,32.16999816894531,31.18000030517578,31.34000015258789,16.39678955078125,555800
2004-06-10,31.34000015258789,31.549999237060547,30.959999084472656,31.3799991607666,16.4177188873291,598500
2004-06-14,31.3799991607666,31.549999237060547,31.149999618530273,31.299999237060547,16.375858306884766,720500
2004-06-15,31.5,31.6200008392334,31.40999984741211,31.450000762939453,16.4543399810791,851600
2004-06-16,31.5,31.610000610351562,31.229999542236328,31.270000457763672,16.36016845703125,197600
2004-06-17,31.149999618530273,31.559999465942383,31.040000915527344,31.549999237060547,16.506654739379883,316700
2004-06-18,31.549999237060547,31.600000381469727,31.139999389648438,31.399999618530273,16.428180694580078,429300
2004-06-21,31.450000762939453,31.65999984741211,31.260000228881836,31.5,16.480499267578125,350600
2004-06-22,31.5,31.700000762939453,31.360000610351562,31.559999465942383,16.51189613342285,213100
2004-06-23,31.700000762939453,31.700000762939453,31.280000686645508,31.389999389648438,16.422948837280273,234000
2004-06-24,31.5,31.600000381469727,31.260000228881836,31.309999465942383,16.381099700927734,300700
2004-06-25,31.459999084472656,31.56999969482422,31.100000381469727,31.299999237060547,16.375858306884766,409700
2004-06-28,31.350000381469727,31.489999771118164,31.18000030517578,31.280000686645508,16.497161865234375,247700
2004-06-29,30.989999771118164,31.0,30.440000534057617,30.520000457763672,16.096338272094727,885400
2004-06-30,30.649999618530273,30.719999313354492,30.1299991607666,30.450000762939453,16.059423446655273,617600
2004-07-01,30.270000457763672,30.600000381469727,29.860000610351562,30.40999984741211,16.038312911987305,596700
2004-07-02,30.540000915527344,30.75,30.25,30.329999923706055,15.996131896972656,370100
2004-07-06,30.329999923706055,30.81999969482422,29.940000534057617,30.81999969482422,16.25455665588379,513400
2004-07-07,30.81999969482422,31.25,30.639999389648438,31.09000015258789,16.396957397460938,843300
2004-07-08,31.100000381469727,31.200000762939453,30.739999771118164,30.84000015258789,16.26510238647461,522700
2004-07-09,30.799999237060547,30.850000381469727,30.549999237060547,30.670000076293945,16.175443649291992,500600
2004-07-12,30.700000762939453,30.799999237060547,30.329999923706055,30.510000228881836,16.091062545776367,611200
2004-07-13,30.450000762939453,30.799999237060547,30.450000762939453,30.719999313354492,16.201810836791992,1511000
2004-07-14,30.5,30.75,30.299999237060547,30.440000534057617,16.05414390563965,273200
2004-07-15,30.649999618530273,30.649999618530273,30.200000762939453,30.200000762939453,15.927567481994629,394500
2004-07-16,30.399999618530273,30.399999618530273,30.0,30.049999237060547,15.848454475402832,413300
2004-07-19,30.059999465942383,30.149999618530273,29.68000030517578,29.739999771118164,15.684967994689941,362200
2004-07-20,29.850000381469727,29.90999984741211,29.5,29.90999984741211,15.774622917175293,421600
2004-07-21,30.049999237060547,30.399999618530273,29.950000762939453,30.149999618530273,15.901201248168945,559700
2004-07-22,30.100000381469727,30.100000381469727,28.75,29.420000076293945,15.516185760498047,612100
2004-07-23,29.399999618530273,29.399999618530273,28.8700008392334,29.0,15.29468059539795,433900
2004-07-26,29.200000762939453,29.84000015258789,29.149999618530273,29.799999237060547,15.716607093811035,465800
2004-07-27,29.700000762939453,30.989999771118164,29.700000762939453,30.299999237060547,15.98030948638916,678800
2004-07-28,31.75,31.920000076293945,30.649999618530273,30.989999771118164,16.34421730041504,992100
2004-07-29,31.0,31.350000381469727,30.649999618530273,30.850000381469727,16.270376205444336,475000
2004-07-30,30.850000381469727,31.100000381469727,30.65999984741211,30.969999313354492,16.333663940429688,417000
2004-08-02,30.889999389648438,31.31999969482422,30.829999923706055,31.239999771118164,16.4760684967041,699000
2004-08-03,31.200000762939453,31.229999542236328,30.8799991607666,31.030000686645508,16.365310668945312,695000
2004-08-04,31.030000686645508,31.34000015258789,30.889999389648438,31.010000228881836,16.354764938354492,563200
2004-08-05,31.040000915527344,31.190000534057617,30.950000762939453,30.950000762939453,16.3231201171875,470600
2004-08-06,31.0,31.0,30.65999984741211,30.729999542236328,16.20709800720215,277100
2004-08-09,30.969999313354492,31.0,30.809999465942383,31.0,16.349489212036133,287900
2004-08-10,31.149999618530273,31.440000534057617,31.0,31.309999465942383,16.512990951538086,332400
2004-08-11,31.200000762939453,31.489999771118164,30.950000762939453,31.420000076293945,16.570999145507812,230400
2004-08-12,31.420000076293945,31.469999313354492,31.270000457763672,31.3700008392334,16.544631958007812,186900
2004-08-13,31.329999923706055,31.469999313354492,31.170000076293945,31.290000915527344,16.5024356842041,242300
2004-08-16,31.299999237060547,31.75,31.290000915527344,31.489999771118164,16.607913970947266,177400
2004-08-17,31.549999237060547,31.700000762939453,31.350000381469727,31.510000228881836,16.618459701538086,228700
2004-08-18,31.510000228881836,31.600000381469727,31.360000610351562,31.579999923706055,16.655380249023438,148400
2004-08-19,31.479999542236328,31.600000381469727,31.280000686645508,31.579999923706055,16.655380249023438,230700
2004-08-20,31.5,31.690000534057617,31.399999618530273,31.65999984741211,16.69757080078125,165200
2004-08-23,31.65999984741211,31.700000762939453,31.360000610351562,31.440000534057617,16.58155059814453,253600
2004-08-24,31.600000381469727,31.639999389648438,31.43000030517578,31.510000228881836,16.618459701538086,220300
2004-08-25,31.399999618530273,31.780000686645508,31.34000015258789,31.649999618530273,16.692304611206055,171800
2004-08-26,31.68000030517578,31.780000686645508,31.579999923706055,31.6299991607666,16.681745529174805,157800
2004-08-27,31.729999542236328,31.760000228881836,31.5,31.719999313354492,16.72922134399414,325600
2004-08-30,31.799999237060547,31.799999237060547,31.5,31.690000534057617,16.713401794433594,226500
2004-08-31,31.6200008392334,31.889999389648438,31.6200008392334,31.860000610351562,16.803054809570312,356200
2004-09-01,31.899999618530273,32.25,31.760000228881836,31.920000076293945,16.83469581604004,552700
2004-09-02,32.0,32.15999984741211,31.56999969482422,32.0,16.876895904541016,256100
2004-09-03,32.029998779296875,32.209999084472656,31.850000381469727,31.950000762939453,16.85051918029785,237900
2004-09-07,31.950000762939453,32.08000183105469,31.860000610351562,32.0,16.876895904541016,302200
2004-09-08,31.850000381469727,32.0099983215332,31.850000381469727,31.969999313354492,16.861068725585938,256700
2004-09-09,31.969999313354492,32.20000076293945,31.90999984741211,32.119998931884766,16.940183639526367,441300
2004-09-10,32.099998474121094,32.34000015258789,32.0,32.2400016784668,17.00347328186035,216100
2004-09-13,32.25,32.290000915527344,32.119998931884766,32.2400016784668,17.00347328186035,168200
2004-09-14,32.2400016784668,32.2400016784668,31.979999542236328,32.08000183105469,16.919082641601562,209800
2004-09-15,32.130001068115234,32.150001525878906,31.969999313354492,32.04999923706055,16.90325927734375,403900
2004-09-16,32.099998474121094,32.29999923706055,32.02000045776367,32.20000076293945,16.982370376586914,334400
2004-09-17,32.400001525878906,32.7599983215332,32.29999923706055,32.40999984741211,17.093124389648438,272600
2004-09-20,32.45000076293945,32.45000076293945,32.220001220703125,32.310001373291016,17.040386199951172,178600
2004-09-21,32.310001373291016,32.630001068115234,32.2400016784668,32.529998779296875,17.15642547607422,229600
2004-09-22,32.52000045776367,32.97999954223633,32.29999923706055,32.779998779296875,17.288272857666016,373300
2004-09-23,32.900001525878906,32.97999954223633,32.56999969482422,32.619998931884766,17.203880310058594,206600
2004-09-24,32.619998931884766,33.5,32.529998779296875,33.11000061035156,17.462312698364258,348800
2004-09-27,33.02000045776367,33.310001373291016,32.75,32.75,17.272443771362305,312400
2004-09-28,32.599998474121094,33.0,32.5,32.790000915527344,17.42656707763672,263900
2004-09-29,32.900001525878906,32.900001525878906,32.54999923706055,32.70000076293945,17.378738403320312,154300
2004-09-30,32.650001525878906,33.20000076293945,32.619998931884766,33.130001068115234,17.60726547241211,319300
2004-10-01,33.29999923706055,33.900001525878906,33.15999984741211,33.75,17.9367733001709,582900
2004-10-04,33.81999969482422,34.119998931884766,33.79999923706055,33.900001525878906,18.01648712158203,340800
2004-10-05,33.849998474121094,33.900001525878906,33.529998779296875,33.59000015258789,17.85173797607422,293900
2004-10-06,33.650001525878906,33.959999084472656,33.650001525878906,33.959999084472656,18.048368453979492,228300
2004-10-07,33.86000061035156,33.88999938964844,33.65999984741211,33.810001373291016,17.968658447265625,213500
2004-10-08,33.75,33.81999969482422,33.59000015258789,33.619998931884766,17.867685317993164,121400
2004-10-11,33.70000076293945,33.849998474121094,33.650001525878906,33.720001220703125,17.920827865600586,120800
2004-10-12,33.650001525878906,33.650001525878906,33.29999923706055,33.560001373291016,17.835800170898438,193800
2004-10-13,33.599998474121094,33.599998474121094,32.970001220703125,33.0,17.53817367553711,184900
2004-10-14,33.0,33.099998474121094,30.110000610351562,30.5,16.20952796936035,2058100
2004-10-15,26.0,29.850000381469727,25.420000076293945,27.059999465942383,14.381311416625977,6308800
2004-10-18,26.969999313354492,28.8700008392334,26.670000076293945,28.81999969482422,15.316679000854492,1712500
2004-10-19,28.889999389648438,29.469999313354492,27.260000228881836,28.299999237060547,15.040312767028809,1449000
2004-10-20,27.950000762939453,29.530000686645508,27.899999618530273,29.450000762939453,15.651494979858398,1232900
2004-10-21,28.700000762939453,30.5,28.68000030517578,29.90999984741211,15.895963668823242,1367800
2004-10-22,29.959999084472656,30.170000076293945,29.5,29.93000030517578,15.906596183776855,767900
2004-10-25,29.170000076293945,29.93000030517578,27.979999542236328,29.600000381469727,15.731215476989746,861600
2004-10-26,30.100000381469727,30.600000381469727,30.0,30.0,15.943794250488281,764100
2004-10-27,29.440000534057617,29.739999771118164,27.260000228881836,28.3799991607666,15.0828275680542,2678200
2004-10-28,28.0,28.459999084472656,27.920000076293945,28.239999771118164,15.008423805236816,728000
2004-10-29,28.0,28.200000762939453,27.170000076293945,28.100000381469727,14.934021949768066,974000
2004-11-01,28.299999237060547,28.420000076293945,27.6299991607666,28.0,14.880874633789062,647600
2004-11-02,28.25,28.280000686645508,27.920000076293945,28.059999465942383,14.912763595581055,894100
2004-11-03,28.34000015258789,28.600000381469727,27.950000762939453,28.600000381469727,15.199753761291504,537800
2004-11-04,28.469999313354492,29.1200008392334,28.329999923706055,28.799999237060547,15.306039810180664,552200
2004-11-05,28.899999618530273,29.0,28.100000381469727,28.350000381469727,15.066889762878418,556800
2004-11-08,28.149999618530273,28.770000457763672,28.149999618530273,28.520000457763672,15.157232284545898,413900
2004-11-09,28.520000457763672,28.65999984741211,28.219999313354492,28.559999465942383,15.178485870361328,611100
2004-11-10,28.450000762939453,29.030000686645508,28.450000762939453,28.920000076293945,15.369817733764648,581300
2004-11-11,28.850000381469727,29.360000610351562,28.829999923706055,29.290000915527344,15.566463470458984,305600
2004-11-12,29.079999923706055,29.469999313354492,28.719999313354492,29.459999084472656,15.656804084777832,405900
2004-11-15,29.549999237060547,30.049999237060547,29.399999618530273,29.8799991607666,15.880020141601562,599400
2004-11-16,29.75,29.979999542236328,29.600000381469727,29.8700008392334,15.874713897705078,503100
2004-11-17,29.8700008392334,30.079999923706055,29.75,29.969999313354492,15.9278564453125,380200
2004-11-18,30.0,30.100000381469727,29.639999389648438,29.950000762939453,15.917210578918457,432300
2004-11-19,30.09000015258789,30.15999984741211,29.59000015258789,29.84000015258789,15.858752250671387,511000
2004-11-22,29.850000381469727,29.959999084472656,29.559999465942383,29.81999969482422,15.848129272460938,298600
2004-11-23,29.520000457763672,29.969999313354492,29.510000228881836,29.950000762939453,15.917210578918457,627100
2004-11-24,29.969999313354492,30.75,29.969999313354492,30.610000610351562,16.267986297607422,574900
2004-11-26,30.610000610351562,30.799999237060547,30.510000228881836,30.6299991607666,16.278615951538086,102400
2004-11-29,30.65999984741211,30.770000457763672,30.299999237060547,30.31999969482422,16.113862991333008,532300
2004-11-30,30.360000610351562,30.75,30.299999237060547,30.649999618530273,16.289236068725586,408600
2004-12-01,30.610000610351562,30.90999984741211,30.360000610351562,30.65999984741211,16.2945556640625,432900
2004-12-02,30.75,31.0,30.450000762939453,30.700000762939453,16.315820693969727,892700
2004-12-03,30.450000762939453,31.09000015258789,30.450000762939453,30.860000610351562,16.400850296020508,511900
2004-12-06,30.700000762939453,31.209999084472656,30.479999542236328,30.920000076293945,16.432737350463867,393200
2004-12-07,30.920000076293945,31.049999237060547,30.719999313354492,30.790000915527344,16.363645553588867,545400
2004-12-08,30.75,30.93000030517578,30.559999465942383,30.760000228881836,16.347707748413086,351900
2004-12-09,30.760000228881836,31.25,30.549999237060547,31.0,16.475250244140625,482500
2004-12-10,30.950000762939453,31.780000686645508,30.90999984741211,31.479999542236328,16.73035430908203,371800
2004-12-13,31.5,31.65999984741211,31.239999771118164,31.5,16.740985870361328,377200
2004-12-14,31.549999237060547,31.700000762939453,31.190000534057617,31.309999465942383,16.640010833740234,421800
2004-12-15,31.25,31.440000534057617,30.940000534057617,31.15999984741211,16.560285568237305,610400
2004-12-16,31.200000762939453,31.239999771118164,30.719999313354492,31.149999618530273,16.55496597290039,394300
2004-12-17,31.0,31.65999984741211,30.979999542236328,31.450000762939453,16.714412689208984,1035000
2004-12-20,31.440000534057617,31.6200008392334,31.209999084472656,31.579999923706055,16.783493041992188,396300
2004-12-21,31.5,32.290000915527344,31.5,32.08000183105469,17.04922866821289,863500
2004-12-22,31.8700008392334,32.36000061035156,31.8700008392334,32.0099983215332,17.012022018432617,307200
2004-12-23,32.040000915527344,32.06999969482422,31.81999969482422,31.940000534057617,16.97483253479004,265000
2004-12-27,31.950000762939453,32.040000915527344,31.760000228881836,31.93000030517578,16.969505310058594,222800
2004-12-28,32.150001525878906,32.400001525878906,32.099998474121094,32.310001373291016,17.171464920043945,277600
2004-12-29,32.02000045776367,32.400001525878906,31.850000381469727,32.34000015258789,17.321435928344727,227900
2004-12-30,32.25,32.59000015258789,32.16999816894531,32.40999984741211,17.35892677307129,274900
2004-12-31,32.29999923706055,32.70000076293945,32.29999923706055,32.5,17.407135009765625,202400
2005-01-03,32.41999816894531,32.849998474121094,32.2599983215332,32.68000030517578,17.503536224365234,515900
2005-01-04,32.75,32.75,31.920000076293945,31.979999542236328,17.128616333007812,413700
2005-01-05,31.850000381469727,32.02000045776367,31.6200008392334,31.809999465942383,17.03756332397461,351500
2005-01-06,31.809999465942383,31.989999771118164,31.739999771118164,31.940000534057617,17.107192993164062,275600
2005-01-07,31.959999084472656,31.989999771118164,31.600000381469727,31.649999618530273,16.951868057250977,284500
2005-01-10,31.75,31.790000915527344,31.540000915527344,31.780000686645508,17.021495819091797,392900
2005-01-11,31.850000381469727,31.889999389648438,31.350000381469727,31.530000686645508,16.887603759765625,215700
2005-01-12,31.530000686645508,31.530000686645508,31.149999618530273,31.489999771118164,16.866172790527344,233200
2005-01-13,31.350000381469727,31.75,31.299999237060547,31.389999389648438,16.81261444091797,245900
2005-01-14,31.389999389648438,31.5,31.139999389648438,31.31999969482422,16.775117874145508,343600
2005-01-18,31.329999923706055,31.770000457763672,31.059999465942383,31.760000228881836,17.010786056518555,245900
2005-01-19,31.760000228881836,31.850000381469727,31.200000762939453,31.420000076293945,16.82868003845215,208200
2005-01-20,31.420000076293945,31.610000610351562,31.010000228881836,31.280000686645508,16.753694534301758,481300
2005-01-21,31.280000686645508,31.450000762939453,30.920000076293945,31.0,16.603721618652344,204300
2005-01-24,30.90999984741211,31.100000381469727,30.850000381469727,31.0,16.603721618652344,417400
2005-01-25,30.979999542236328,31.079999923706055,30.309999465942383,30.559999465942383,16.368059158325195,455900
2005-01-26,30.399999618530273,30.40999984741211,29.520000457763672,29.68000030517578,15.896730422973633,731800
2005-01-27,29.600000381469727,29.670000076293945,29.399999618530273,29.510000228881836,15.80567455291748,601500
2005-01-28,29.65999984741211,29.709999084472656,29.25,29.399999618530273,15.746763229370117,728100
2005-01-31,29.559999465942383,29.709999084472656,29.329999923706055,29.649999618530273,15.880661010742188,445800
2005-02-01,29.649999618530273,30.200000762939453,29.600000381469727,30.0,16.068119049072266,476500
2005-02-02,30.25,30.309999465942383,30.010000228881836,30.200000762939453,16.17524528503418,358800
2005-02-03,30.299999237060547,30.299999237060547,29.809999465942383,29.950000762939453,16.041345596313477,374000
2005-02-04,29.959999084472656,30.049999237060547,29.829999923706055,29.950000762939453,16.041345596313477,360700
2005-02-07,29.950000762939453,29.950000762939453,29.65999984741211,29.860000610351562,15.993138313293457,405900
2005-02-08,29.75,29.920000076293945,29.75,29.84000015258789,15.982419967651367,279800
2005-02-09,29.959999084472656,29.979999542236328,29.600000381469727,29.639999389648438,15.875303268432617,358300
2005-02-10,29.639999389648438,30.1299991607666,29.510000228881836,30.0,16.068119049072266,385600
2005-02-11,30.0,30.68000030517578,29.799999237060547,30.639999389648438,16.41090965270996,297200
2005-02-14,30.299999237060547,30.309999465942383,29.709999084472656,30.049999237060547,16.09490394592285,744600
2005-02-15,29.920000076293945,30.1200008392334,29.81999969482422,29.969999313354492,16.052061080932617,371900
2005-02-16,29.969999313354492,29.969999313354492,29.3700008392334,29.540000915527344,15.821743965148926,582900
2005-02-17,29.420000076293945,29.729999542236328,29.030000686645508,29.469999313354492,15.784252166748047,566900
2005-02-18,29.479999542236328,29.559999465942383,29.25,29.3700008392334,15.730687141418457,354600
2005-02-22,29.3700008392334,29.40999984741211,28.6200008392334,28.81999969482422,15.436118125915527,655500
2005-02-23,29.399999618530273,29.739999771118164,29.0,29.31999969482422,15.703913688659668,399800
2005-02-24,29.34000015258789,29.75,28.969999313354492,29.729999542236328,15.923506736755371,507300
2005-02-25,29.700000762939453,30.0,29.649999618530273,29.950000762939453,16.041345596313477,346500
2005-02-28,29.850000381469727,29.959999084472656,29.68000030517578,29.860000610351562,15.993138313293457,496500
2005-03-01,29.860000610351562,30.0,29.700000762939453,29.979999542236328,16.05741310119629,588800
2005-03-02,29.979999542236328,30.229999542236328,29.809999465942383,30.110000610351562,16.12704086303711,335300
2005-03-03,30.209999084472656,30.25,29.950000762939453,30.15999984741211,16.153810501098633,279100
2005-03-04,30.149999618530273,30.549999237060547,30.149999618530273,30.479999542236328,16.32520866394043,403800
2005-03-07,30.399999618530273,30.450000762939453,30.079999923706055,30.299999237060547,16.228801727294922,429300
2005-03-08,30.309999465942383,30.420000076293945,30.239999771118164,30.309999465942383,16.23416519165039,440400
2005-03-09,30.309999465942383,30.329999923706055,29.90999984741211,29.969999313354492,16.052061080932617,472400
2005-03-10,29.93000030517578,30.100000381469727,29.799999237060547,30.0,16.068119049072266,321100
2005-03-11,30.100000381469727,30.229999542236328,29.850000381469727,29.90999984741211,16.019916534423828,252800
2005-03-14,29.920000076293945,30.389999389648438,29.920000076293945,30.139999389648438,16.143108367919922,301800
2005-03-15,30.100000381469727,30.190000534057617,29.709999084472656,29.850000381469727,15.987781524658203,325800
2005-03-16,29.899999618530273,29.899999618530273,29.579999923706055,29.770000457763672,15.944931983947754,306200
2005-03-17,29.770000457763672,29.850000381469727,29.5,29.639999389648438,15.875303268432617,291600
2005-03-18,29.700000762939453,29.75,29.100000381469727,29.299999237060547,15.69320297241211,366700
2005-03-21,29.149999618530273,29.260000228881836,28.81999969482422,29.0,15.532515525817871,572600
2005-03-22,29.100000381469727,29.170000076293945,28.670000076293945,28.700000762939453,15.371830940246582,317900
2005-03-23,28.700000762939453,28.920000076293945,28.549999237060547,28.649999618530273,15.345054626464844,310200
2005-03-24,28.579999923706055,28.969999313354492,28.579999923706055,28.75,15.398618698120117,238300
2005-03-28,28.799999237060547,29.149999618530273,28.75,28.790000915527344,15.420044898986816,352300
2005-03-29,28.93000030517578,29.1299991607666,28.75,28.860000610351562,15.609341621398926,465100
2005-03-30,28.860000610351562,29.299999237060547,28.790000915527344,29.219999313354492,15.804047584533691,316300
2005-03-31,29.219999313354492,29.270000457763672,28.75,28.799999237060547,15.576887130737305,346800
2005-04-01,28.799999237060547,29.149999618530273,28.56999969482422,28.739999771118164,15.54443645477295,382700
2005-04-04,28.719999313354492,28.829999923706055,28.25,28.690000534057617,15.5173978805542,208400
2005-04-05,28.700000762939453,28.700000762939453,28.40999984741211,28.450000762939453,15.38758659362793,388100
2005-04-06,28.450000762939453,28.739999771118164,28.440000534057617,28.6200008392334,15.479528427124023,276600
2005-04-07,28.6200008392334,28.639999389648438,28.290000915527344,28.579999923706055,15.457898139953613,527200
2005-04-08,28.5,28.530000686645508,28.110000610351562,28.399999618530273,15.360548973083496,463300
2005-04-11,28.5,28.639999389648438,28.170000076293945,28.25,15.279414176940918,313800
2005-04-12,28.239999771118164,28.440000534057617,27.920000076293945,28.290000915527344,15.301054954528809,463400
2005-04-13,28.399999618530273,28.510000228881836,27.770000457763672,27.84000015258789,15.057668685913086,401500
2005-04-14,27.860000610351562,27.959999084472656,27.56999969482422,27.860000610351562,15.06847858428955,266900
2005-04-15,27.860000610351562,28.020000457763672,27.610000610351562,27.610000610351562,14.93326187133789,252200
2005-04-18,27.639999389648438,27.93000030517578,27.610000610351562,27.700000762939453,14.981937408447266,334300
2005-04-19,27.75,27.809999465942383,27.610000610351562,27.760000228881836,15.014388084411621,237300
2005-04-20,27.950000762939453,27.989999771118164,27.399999618530273,27.520000457763672,14.884588241577148,260300
2005-04-21,27.75,27.899999618530273,27.299999237060547,27.899999618530273,15.090113639831543,396900
2005-04-22,27.899999618530273,28.450000762939453,27.6299991607666,28.0,15.14420223236084,534400
2005-04-25,28.0,28.440000534057617,27.950000762939453,28.200000762939453,15.252372741699219,450500
2005-04-26,28.200000762939453,28.229999542236328,27.81999969482422,28.059999465942383,15.17664909362793,473700
2005-04-27,27.75,27.989999771118164,26.719999313354492,27.34000015258789,14.787227630615234,1062900
2005-04-28,27.350000381469727,28.0,27.239999771118164,27.739999771118164,15.003576278686523,852600
2005-04-29,27.989999771118164,28.25,27.600000381469727,27.84000015258789,15.057668685913086,669900
2005-05-02,27.799999237060547,28.06999969482422,27.65999984741211,27.899999618530273,15.090113639831543,390800
2005-05-03,27.75,28.25,27.75,28.020000457763672,15.155019760131836,307800
2005-05-04,28.149999618530273,28.649999618530273,28.079999923706055,28.31999969482422,15.317281723022461,564100
2005-05-05,28.18000030517578,28.299999237060547,27.719999313354492,28.06999969482422,15.18205738067627,594500
2005-05-06,28.06999969482422,28.1200008392334,27.760000228881836,27.989999771118164,15.138787269592285,279800
2005-05-09,27.989999771118164,28.110000610351562,27.760000228881836,27.850000381469727,15.063068389892578,295700
2005-05-10,27.850000381469727,27.850000381469727,27.329999923706055,27.5,14.873767852783203,607500
2005-05-11,27.5,27.65999984741211,27.229999542236328,27.6200008392334,14.938660621643066,316100
2005-05-12,27.6200008392334,27.6200008392334,27.110000610351562,27.1200008392334,14.668241500854492,492500
2005-05-13,27.290000915527344,27.290000915527344,26.829999923706055,27.059999465942383,14.63579273223877,262900
2005-05-16,27.0,27.360000610351562,26.979999542236328,27.15999984741211,14.689873695373535,397700
2005-05-17,27.15999984741211,27.15999984741211,26.920000076293945,27.100000381469727,14.657421112060547,361500
2005-05-18,27.299999237060547,27.81999969482422,27.239999771118164,27.729999542236328,14.998164176940918,637400
2005-05-19,27.729999542236328,27.979999542236328,27.709999084472656,27.93000030517578,15.106338500976562,305500
2005-05-20,27.93000030517578,27.93000030517578,27.469999313354492,27.860000610351562,15.06847858428955,326300
2005-05-23,27.760000228881836,27.760000228881836,27.219999313354492,27.56999969482422,14.911624908447266,473900
2005-05-24,27.579999923706055,27.6200008392334,27.09000015258789,27.479999542236328,14.862955093383789,649300
2005-05-25,27.489999771118164,27.489999771118164,27.149999618530273,27.43000030517578,14.835915565490723,496100
2005-05-26,27.40999984741211,27.639999389648438,27.299999237060547,27.59000015258789,14.922439575195312,423900
2005-05-27,27.5,27.75,27.3700008392334,27.739999771118164,15.003576278686523,445000
2005-05-31,27.790000915527344,27.799999237060547,27.450000762939453,27.6200008392334,14.938660621643066,476700
2005-06-01,27.700000762939453,27.959999084472656,27.6200008392334,27.899999618530273,15.090113639831543,361900
2005-06-02,27.84000015258789,27.84000015258789,27.399999618530273,27.450000762939453,14.846722602844238,371500
2005-06-03,27.459999084472656,27.5,27.209999084472656,27.489999771118164,14.868364334106445,357500
2005-06-06,27.3700008392334,27.559999465942383,27.299999237060547,27.489999771118164,14.868364334106445,389900
2005-06-07,27.450000762939453,27.530000686645508,27.149999618530273,27.18000030517578,14.700691223144531,577800
2005-06-08,27.1200008392334,27.350000381469727,26.899999618530273,26.93000030517578,14.565468788146973,722900
2005-06-09,26.940000534057617,27.0,26.600000381469727,26.989999771118164,14.597931861877441,869900
2005-06-10,27.100000381469727,27.329999923706055,26.780000686645508,27.15999984741211,14.689873695373535,383500
2005-06-13,27.170000076293945,27.280000686645508,26.959999084472656,27.100000381469727,14.657421112060547,244300
2005-06-14,27.049999237060547,27.579999923706055,27.010000228881836,27.5,14.873767852783203,431000
2005-06-15,27.549999237060547,27.600000381469727,27.299999237060547,27.299999237060547,14.765591621398926,417800
2005-06-16,27.309999465942383,27.8799991607666,27.309999465942383,27.799999237060547,15.036030769348145,365800
2005-06-17,27.940000534057617,28.0,27.600000381469727,27.93000030517578,15.106338500976562,576700
2005-06-20,27.829999923706055,27.84000015258789,27.43000030517578,27.440000534057617,14.841314315795898,409600
2005-06-21,27.450000762939453,27.469999313354492,27.1200008392334,27.299999237060547,14.765591621398926,469000
2005-06-22,27.43000030517578,27.43000030517578,27.1299991607666,27.3700008392334,14.803459167480469,405600
2005-06-23,27.3700008392334,27.3700008392334,26.770000457763672,26.809999465942383,14.500568389892578,735200
2005-06-24,26.809999465942383,26.81999969482422,26.479999542236328,26.5,14.332903861999512,452200
2005-06-27,26.600000381469727,26.850000381469727,26.5,26.84000015258789,14.51679515838623,351900
2005-06-28,26.700000762939453,26.700000762939453,26.489999771118164,26.670000076293945,14.576913833618164,734700
2005-06-29,26.780000686645508,26.799999237060547,26.5,26.729999542236328,14.60970687866211,367900
2005-06-30,26.81999969482422,27.239999771118164,26.799999237060547,27.1299991607666,14.828336715698242,609500
2005-07-01,27.1299991607666,27.299999237060547,27.09000015258789,27.209999084472656,14.872064590454102,508500
2005-07-05,27.200000762939453,27.469999313354492,27.170000076293945,27.43000030517578,14.992313385009766,418100
2005-07-06,27.3799991607666,27.43000030517578,27.260000228881836,27.420000076293945,14.986842155456543,455100
2005-07-07,27.149999618530273,27.700000762939453,27.010000228881836,27.520000457763672,15.041499137878418,477300
2005-07-08,27.600000381469727,27.639999389648438,27.329999923706055,27.510000228881836,15.036042213439941,368400
2005-07-11,27.5,27.719999313354492,27.5,27.65999984741211,15.118019104003906,419100
2005-07-12,27.549999237060547,27.65999984741211,27.5,27.5,15.0305757522583,611800
2005-07-13,27.510000228881836,27.559999465942383,27.190000534057617,27.200000762939453,14.866598129272461,293500
2005-07-14,27.25,27.299999237060547,27.020000457763672,27.149999618530273,14.839268684387207,426200
2005-07-15,27.149999618530273,27.149999618530273,26.969999313354492,27.020000457763672,14.768218040466309,270100
2005-07-18,27.010000228881836,27.229999542236328,26.989999771118164,27.149999618530273,14.839268684387207,534500
2005-07-19,27.229999542236328,27.270000457763672,26.969999313354492,27.260000228881836,14.899399757385254,368300
2005-07-20,27.260000228881836,27.299999237060547,27.100000381469727,27.200000762939453,14.866598129272461,290400
2005-07-21,27.200000762939453,27.25,26.959999084472656,27.25,14.893921852111816,368000
2005-07-22,27.18000030517578,27.309999465942383,27.110000610351562,27.270000457763672,14.904861450195312,339200
2005-07-25,27.25,27.280000686645508,26.799999237060547,26.889999389648438,14.697159767150879,517600
2005-07-26,27.049999237060547,27.1299991607666,26.540000915527344,26.600000381469727,14.53866195678711,866800
2005-07-27,27.110000610351562,27.450000762939453,26.75,27.329999923706055,14.937652587890625,1021600
2005-07-28,27.350000381469727,27.690000534057617,27.190000534057617,27.670000076293945,15.123486518859863,886900
2005-07-29,27.65999984741211,27.93000030517578,27.600000381469727,27.889999389648438,15.243733406066895,788200
2005-08-01,27.889999389648438,28.0,27.600000381469727,27.700000762939453,15.139883995056152,941200
2005-08-02,27.700000762939453,27.700000762939453,27.34000015258789,27.459999084472656,15.008710861206055,360700
2005-08-03,27.420000076293945,27.530000686645508,27.290000915527344,27.520000457763672,15.041499137878418,481000
2005-08-04,27.520000457763672,27.520000457763672,27.049999237060547,27.09000015258789,14.806476593017578,362900
2005-08-05,27.1200008392334,27.1200008392334,26.8700008392334,27.040000915527344,14.779142379760742,290600
2005-08-08,27.0,27.020000457763672,26.809999465942383,26.84000015258789,14.669832229614258,327400
2005-08-09,26.850000381469727,26.969999313354492,26.700000762939453,26.829999923706055,14.664372444152832,340000
2005-08-10,26.920000076293945,27.030000686645508,26.639999389648438,26.799999237060547,14.647977828979492,356600
2005-08-11,26.75,27.100000381469727,26.75,26.950000762939453,14.729957580566406,278100
2005-08-12,26.940000534057617,27.010000228881836,26.75,27.0,14.75728702545166,318300
2005-08-15,26.950000762939453,27.020000457763672,26.799999237060547,26.93000030517578,14.719024658203125,285300
2005-08-16,26.93000030517578,27.299999237060547,26.920000076293945,27.1200008392334,14.822875022888184,691900
2005-08-17,27.1200008392334,27.360000610351562,27.049999237060547,27.329999923706055,14.937652587890625,473000
2005-08-18,27.329999923706055,27.329999923706055,27.010000228881836,27.079999923706055,14.801009178161621,346900
2005-08-19,27.079999923706055,27.510000228881836,27.049999237060547,27.489999771118164,15.02510929107666,515700
2005-08-22,27.399999618530273,27.459999084472656,27.149999618530273,27.360000610351562,14.954050064086914,405000
2005-08-23,27.389999389648438,27.399999618530273,27.229999542236328,27.329999923706055,14.937652587890625,238500
2005-08-24,27.350000381469727,27.799999237060547,27.34000015258789,27.530000686645508,15.046964645385742,550300
2005-08-25,27.549999237060547,27.600000381469727,27.399999618530273,27.530000686645508,15.046964645385742,305500
2005-08-26,27.450000762939453,27.469999313354492,27.329999923706055,27.399999618530273,14.975915908813477,301300
2005-08-29,27.399999618530273,28.010000228881836,27.299999237060547,28.010000228881836,15.309321403503418,586200
2005-08-30,28.010000228881836,28.010000228881836,27.649999618530273,27.829999923706055,15.210935592651367,386700
2005-08-31,27.75,28.559999465942383,27.549999237060547,28.559999465942383,15.6099271774292,982500
2005-09-01,28.719999313354492,29.350000381469727,28.530000686645508,29.010000228881836,15.85588550567627,898200
2005-09-02,29.010000228881836,29.079999923706055,28.739999771118164,28.90999984741211,15.801227569580078,348700
2005-09-06,29.100000381469727,29.3700008392334,29.049999237060547,29.299999237060547,16.014385223388672,571600
2005-09-07,29.200000762939453,29.31999969482422,29.030000686645508,29.139999389648438,15.926934242248535,966300
2005-09-08,29.0,29.0,28.59000015258789,28.649999618530273,15.659125328063965,816900
2005-09-09,28.65999984741211,29.190000534057617,28.540000915527344,29.0,15.850415229797363,1042300
2005-09-12,29.0,29.059999465942383,28.84000015258789,28.959999084472656,15.828556060791016,581500
2005-09-13,28.950000762939453,28.950000762939453,28.3799991607666,28.690000534057617,15.680984497070312,478500
2005-09-14,28.690000534057617,28.700000762939453,28.290000915527344,28.40999984741211,15.527942657470703,282700
2005-09-15,28.40999984741211,28.700000762939453,28.299999237060547,28.549999237060547,15.60446548461914,597200
2005-09-16,28.549999237060547,28.799999237060547,28.420000076293945,28.790000915527344,15.735640525817871,668600
2005-09-19,28.780000686645508,28.899999618530273,28.600000381469727,28.899999618530273,15.795757293701172,489100
2005-09-20,29.06999969482422,29.299999237060547,28.969999313354492,29.299999237060547,16.014385223388672,851400
2005-09-21,29.299999237060547,29.420000076293945,29.149999618530273,29.360000610351562,16.04718589782715,529800
2005-09-22,29.31999969482422,29.6200008392334,29.149999618530273,29.610000610351562,16.183826446533203,645100
2005-09-23,29.610000610351562,29.670000076293945,29.440000534057617,29.6200008392334,16.189285278320312,564500
2005-09-26,29.719999313354492,29.780000686645508,29.649999618530273,29.719999313354492,16.243942260742188,878000
2005-09-27,29.729999542236328,29.75,29.350000381469727,29.549999237060547,16.151025772094727,366600
2005-09-28,29.3700008392334,29.3700008392334,28.510000228881836,28.75,15.864089012145996,654300
2005-09-29,28.790000915527344,29.530000686645508,28.700000762939453,29.489999771118164,16.272428512573242,489400
2005-09-30,29.489999771118164,29.489999771118164,28.450000762939453,28.809999465942383,15.897204399108887,590600
2005-10-03,28.829999923706055,28.989999771118164,28.719999313354492,28.959999084472656,15.97996997833252,401300
2005-10-04,28.959999084472656,29.200000762939453,28.829999923706055,29.06999969482422,16.040668487548828,454100
2005-10-05,29.0,29.25,28.989999771118164,29.100000381469727,16.057226181030273,676900
2005-10-06,29.100000381469727,29.200000762939453,29.0,29.1200008392334,16.068260192871094,909600
2005-10-07,29.1200008392334,29.229999542236328,29.0,29.049999237060547,16.029632568359375,394900
2005-10-10,29.059999465942383,29.190000534057617,28.920000076293945,29.020000457763672,16.013076782226562,481300
2005-10-11,29.020000457763672,29.079999923706055,28.940000534057617,28.940000534057617,15.968928337097168,526100
2005-10-12,28.770000457763672,28.979999542236328,28.200000762939453,28.3799991607666,15.659933090209961,642900
2005-10-13,28.350000381469727,28.540000915527344,28.15999984741211,28.5,15.726140022277832,420900
2005-10-14,28.5,28.90999984741211,28.399999618530273,28.889999389648438,15.94134521484375,472400
2005-10-17,29.020000457763672,29.239999771118164,28.81999969482422,29.010000228881836,16.007564544677734,624700
2005-10-18,29.200000762939453,29.229999542236328,28.860000610351562,28.959999084472656,15.97996997833252,479900
2005-10-19,28.969999313354492,29.440000534057617,28.850000381469727,29.389999389648438,16.21725082397461,263300
2005-10-20,29.290000915527344,29.5,29.25,29.459999084472656,16.255868911743164,404600
2005-10-21,29.540000915527344,29.84000015258789,29.399999618530273,29.479999542236328,16.266895294189453,433300
2005-10-24,29.450000762939453,29.670000076293945,29.280000686645508,29.649999618530273,16.360706329345703,349500
2005-10-25,29.75,29.889999389648438,29.149999618530273,29.790000915527344,16.437957763671875,551900
2005-10-26,29.350000381469727,29.610000610351562,29.0,29.09000015258789,16.051708221435547,676300
2005-10-27,29.06999969482422,29.280000686645508,28.829999923706055,29.0,16.002038955688477,342500
2005-10-28,29.100000381469727,29.420000076293945,28.920000076293945,29.420000076293945,16.23379898071289,321200
2005-10-31,29.479999542236328,29.829999923706055,29.420000076293945,29.420000076293945,16.23379898071289,611700
2005-11-01,29.260000228881836,29.56999969482422,29.260000228881836,29.3799991607666,16.21172332763672,244400
2005-11-02,29.3799991607666,29.799999237060547,29.3799991607666,29.690000534057617,16.382787704467773,298000
2005-11-03,29.719999313354492,29.760000228881836,29.25,29.329999923706055,16.18413734436035,378800
2005-11-04,29.31999969482422,29.399999618530273,29.209999084472656,29.3799991607666,16.21172332763672,347400
2005-11-07,29.489999771118164,29.639999389648438,29.420000076293945,29.479999542236328,16.266895294189453,236900
2005-11-08,29.329999923706055,29.5,29.260000228881836,29.399999618530273,16.222761154174805,256800
2005-11-09,29.40999984741211,29.600000381469727,29.0,29.5,16.277952194213867,348000
2005-11-10,29.5,29.670000076293945,29.389999389648438,29.489999771118164,16.272428512573242,409700
2005-11-11,29.450000762939453,29.8799991607666,29.43000030517578,29.8700008392334,16.48210906982422,229800
2005-11-14,29.899999618530273,30.389999389648438,29.760000228881836,30.25,16.691791534423828,493200
2005-11-15,30.350000381469727,30.690000534057617,29.989999771118164,30.170000076293945,16.64763832092285,375800
2005-11-16,30.200000762939453,30.280000686645508,29.770000457763672,30.030000686645508,16.570396423339844,160400
2005-11-17,30.040000915527344,30.299999237060547,30.0,30.170000076293945,16.64763832092285,206600
2005-11-18,30.229999542236328,30.459999084472656,30.139999389648438,30.420000076293945,16.785593032836914,200200
2005-11-21,30.309999465942383,30.420000076293945,30.170000076293945,30.420000076293945,16.785593032836914,244100
2005-11-22,30.399999618530273,30.43000030517578,30.030000686645508,30.43000030517578,16.791114807128906,264200
2005-11-23,30.389999389648438,30.969999313354492,30.360000610351562,30.940000534057617,17.072525024414062,257900
2005-11-25,30.739999771118164,30.920000076293945,30.56999969482422,30.829999923706055,17.011831283569336,83800
2005-11-28,30.889999389648438,30.940000534057617,30.40999984741211,30.520000457763672,16.840784072875977,263700
2005-11-29,30.459999084472656,30.920000076293945,30.459999084472656,30.700000762939453,16.940093994140625,226000
2005-11-30,30.75,30.75,30.34000015258789,30.450000762939453,16.80215072631836,185600
2005-12-01,30.469999313354492,30.850000381469727,30.469999313354492,30.700000762939453,16.940093994140625,202900
2005-12-02,30.549999237060547,30.8799991607666,30.3700008392334,30.68000030517578,16.929061889648438,216700
2005-12-05,30.600000381469727,30.6299991607666,30.239999771118164,30.440000534057617,16.796632766723633,344600
2005-12-06,30.40999984741211,30.709999084472656,30.350000381469727,30.459999084472656,16.807674407958984,246000
2005-12-07,30.3700008392334,30.56999969482422,30.209999084472656,30.3799991607666,16.763525009155273,601900
2005-12-08,30.3799991607666,30.5,30.299999237060547,30.329999923706055,16.73592758178711,283800
2005-12-09,30.31999969482422,30.760000228881836,30.31999969482422,30.610000610351562,16.890432357788086,210100
2005-12-12,30.729999542236328,30.8799991607666,30.40999984741211,30.549999237060547,16.857328414916992,216400
2005-12-13,30.5,30.940000534057617,30.469999313354492,30.829999923706055,17.011831283569336,292300
2005-12-14,30.8700008392334,31.489999771118164,30.8700008392334,31.209999084472656,17.221511840820312,373800
2005-12-15,31.209999084472656,31.260000228881836,30.90999984741211,31.100000381469727,17.16081428527832,487800
2005-12-16,31.100000381469727,31.229999542236328,30.989999771118164,31.200000762939453,17.21599006652832,612600
2005-12-19,31.200000762939453,31.200000762939453,30.93000030517578,31.1299991607666,17.177364349365234,392800
2005-12-20,31.190000534057617,31.360000610351562,31.040000915527344,31.290000915527344,17.265655517578125,334000
2005-12-21,31.290000915527344,31.579999923706055,31.100000381469727,31.219999313354492,17.22702407836914,273900
2005-12-22,31.290000915527344,31.329999923706055,31.030000686645508,31.219999313354492,17.22702407836914,257100
2005-12-23,31.31999969482422,31.770000457763672,31.280000686645508,31.770000457763672,17.530513763427734,222800
2005-12-27,31.799999237060547,31.940000534057617,31.40999984741211,31.420000076293945,17.337390899658203,181700
2005-12-28,31.200000762939453,31.34000015258789,30.899999618530273,30.950000762939453,17.231609344482422,276900
2005-12-29,30.889999389648438,31.18000030517578,30.81999969482422,30.950000762939453,17.231609344482422,202500
2005-12-30,30.81999969482422,30.93000030517578,30.65999984741211,30.8799991607666,17.192626953125,192700
2006-01-03,30.979999542236328,31.34000015258789,30.65999984741211,31.34000015258789,17.448740005493164,338800
2006-01-04,31.200000762939453,31.760000228881836,31.200000762939453,31.760000228881836,17.682575225830078,344800
2006-01-05,31.760000228881836,31.770000457763672,30.979999542236328,31.1200008392334,17.326255798339844,418000
2006-01-06,31.219999313354492,31.219999313354492,30.84000015258789,31.010000228881836,17.265010833740234,340000
2006-01-09,31.1299991607666,31.399999618530273,30.899999618530273,31.350000381469727,17.454309463500977,464300
2006-01-10,31.229999542236328,31.239999771118164,30.940000534057617,31.18000030517578,17.35965919494629,332400
2006-01-11,31.280000686645508,31.290000915527344,31.010000228881836,31.280000686645508,17.415342330932617,229200
2006-01-12,31.290000915527344,31.360000610351562,30.93000030517578,31.260000228881836,17.40419578552246,423900
2006-01-13,31.200000762939453,31.43000030517578,31.059999465942383,31.229999542236328,17.387500762939453,277500
2006-01-17,31.0,31.190000534057617,30.920000076293945,30.940000534057617,17.226037979125977,387100
2006-01-18,30.81999969482422,30.989999771118164,30.510000228881836,30.56999969482422,17.020042419433594,338500
2006-01-19,30.610000610351562,30.899999618530273,30.610000610351562,30.739999771118164,17.11468505859375,368600
2006-01-20,30.729999542236328,30.729999542236328,29.899999618530273,29.899999618530273,16.647010803222656,420300
2006-01-23,29.90999984741211,30.209999084472656,29.8799991607666,30.0,16.70268440246582,407700
2006-01-24,30.0,30.260000228881836,29.790000915527344,29.790000915527344,16.585763931274414,660600
2006-01-25,29.940000534057617,30.030000686645508,29.829999923706055,29.920000076293945,16.65814208984375,630600
2006-01-26,29.93000030517578,30.079999923706055,29.5,29.530000686645508,16.441007614135742,1198500
2006-01-27,29.649999618530273,29.969999313354492,29.270000457763672,29.68000030517578,16.524518966674805,838700
2006-01-30,29.68000030517578,29.829999923706055,29.100000381469727,29.100000381469727,16.20160675048828,921500
2006-01-31,29.200000762939453,29.309999465942383,28.850000381469727,29.15999984741211,16.235008239746094,929800
2006-02-01,29.15999984741211,29.75,28.75,29.450000762939453,16.396472930908203,854400
2006-02-02,29.25,29.25,28.100000381469727,28.280000686645508,15.74506664276123,1099800
2006-02-03,28.280000686645508,28.600000381469727,28.239999771118164,28.399999618530273,15.811880111694336,1348300
2006-02-06,28.389999389648438,28.479999542236328,28.1299991607666,28.440000534057617,15.834157943725586,714600
2006-02-07,28.350000381469727,28.600000381469727,28.1299991607666,28.3700008392334,15.79517650604248,487600
2006-02-08,28.389999389648438,28.469999313354492,28.100000381469727,28.469999313354492,15.850848197937012,869900
2006-02-09,28.399999618530273,28.719999313354492,28.299999237060547,28.56999969482422,15.90652084350586,939600
2006-02-10,28.56999969482422,29.0,28.43000030517578,28.899999618530273,16.090253829956055,650300
2006-02-13,28.899999618530273,28.93000030517578,28.579999923706055,28.649999618530273,15.951072692871094,750200
2006-02-14,28.799999237060547,29.3799991607666,28.799999237060547,29.0,16.145923614501953,623300
2006-02-15,29.049999237060547,29.389999389648438,29.040000915527344,29.309999465942383,16.318523406982422,800000
2006-02-16,29.459999084472656,29.790000915527344,29.360000610351562,29.700000762939453,16.53565216064453,732900
2006-02-17,29.649999618530273,29.799999237060547,29.489999771118164,29.700000762939453,16.53565216064453,789700
2006-02-21,29.649999618530273,29.739999771118164,29.510000228881836,29.739999771118164,16.557926177978516,688200
2006-02-22,29.75,30.260000228881836,29.75,30.229999542236328,16.830738067626953,592300
2006-02-23,30.09000015258789,30.139999389648438,29.5,29.65999984741211,16.513385772705078,2298500
2006-02-24,29.520000457763672,29.760000228881836,29.420000076293945,29.700000762939453,16.53565216064453,442700
2006-02-27,29.649999618530273,29.799999237060547,29.610000610351562,29.739999771118164,16.557926177978516,303000
2006-02-28,29.649999618530273,29.700000762939453,29.360000610351562,29.489999771118164,16.418746948242188,230500
2006-03-01,29.489999771118164,29.579999923706055,29.260000228881836,29.579999923706055,16.468849182128906,334000
2006-03-02,29.43000030517578,29.450000762939453,29.1200008392334,29.3799991607666,16.357494354248047,459400
2006-03-03,29.200000762939453,29.440000534057617,29.170000076293945,29.239999771118164,16.27954864501953,444400
2006-03-06,29.139999389648438,29.219999313354492,28.899999618530273,29.049999237060547,16.17376708984375,531400
2006-03-07,28.899999618530273,29.170000076293945,28.860000610351562,29.06999969482422,16.184898376464844,189500
2006-03-08,29.0,29.200000762939453,28.760000228881836,28.920000076293945,16.101390838623047,323500
2006-03-09,28.799999237060547,28.8799991607666,28.68000030517578,28.690000534057617,15.973344802856445,275900
2006-03-10,28.739999771118164,28.989999771118164,28.6299991607666,28.989999771118164,16.140357971191406,177600
2006-03-13,29.0,29.0,28.860000610351562,28.950000762939453,16.11809539794922,349900
2006-03-14,28.959999084472656,29.100000381469727,28.799999237060547,29.010000228881836,16.151504516601562,383000
2006-03-15,28.969999313354492,29.110000610351562,28.829999923706055,28.950000762939453,16.11809539794922,239400
2006-03-16,28.950000762939453,29.100000381469727,28.850000381469727,29.0,16.145923614501953,689200
2006-03-17,29.0,29.059999465942383,28.780000686645508,29.059999465942383,16.17934226989746,445500
2006-03-20,29.040000915527344,29.149999618530273,28.950000762939453,29.030000686645508,16.162633895874023,235100
2006-03-21,28.979999542236328,29.079999923706055,28.75,28.860000610351562,16.067983627319336,275400
2006-03-22,28.899999618530273,29.030000686645508,28.670000076293945,28.75,16.006736755371094,370500
2006-03-23,28.700000762939453,28.920000076293945,28.700000762939453,28.760000228881836,16.01230812072754,439000
2006-03-24,28.549999237060547,28.850000381469727,28.549999237060547,28.739999771118164,16.00117301940918,308200
2006-03-27,28.719999313354492,28.850000381469727,28.399999618530273,28.440000534057617,15.834157943725586,245900
2006-03-28,28.399999618530273,28.450000762939453,27.940000534057617,27.979999542236328,15.578038215637207,595400
2006-03-29,27.690000534057617,27.860000610351562,27.649999618530273,27.739999771118164,15.611801147460938,777200
2006-03-30,27.84000015258789,28.110000610351562,27.690000534057617,28.059999465942383,15.791899681091309,424200
2006-03-31,28.0,28.280000686645508,27.729999542236328,27.809999465942383,15.651205062866211,526600
2006-04-03,27.829999923706055,28.0,27.790000915527344,27.920000076293945,15.713107109069824,483600
2006-04-04,27.889999389648438,28.239999771118164,27.889999389648438,28.200000762939453,15.870689392089844,552300
2006-04-05,28.200000762939453,28.31999969482422,27.8700008392334,27.90999984741211,15.707474708557129,396700
2006-04-06,27.860000610351562,28.0,27.670000076293945,27.760000228881836,15.62305736541748,350600
2006-04-07,27.799999237060547,27.93000030517578,27.520000457763672,27.600000381469727,15.533014297485352,302900
2006-04-10,27.600000381469727,27.700000762939453,27.479999542236328,27.510000228881836,15.482364654541016,342900
2006-04-11,27.510000228881836,27.75,27.190000534057617,27.209999084472656,15.313525199890137,408600
2006-04-12,27.200000762939453,27.549999237060547,27.190000534057617,27.510000228881836,15.482364654541016,455700
2006-04-13,27.510000228881836,27.690000534057617,27.450000762939453,27.5,15.476739883422852,419100
2006-04-17,27.559999465942383,27.81999969482422,27.469999313354492,27.5,15.476739883422852,510300
2006-04-18,27.610000610351562,27.940000534057617,27.59000015258789,27.940000534057617,15.724364280700684,650400
2006-04-19,27.90999984741211,28.0,27.6299991607666,27.68000030517578,15.578038215637207,467000
2006-04-20,27.649999618530273,27.81999969482422,27.420000076293945,27.75,15.617438316345215,434800
2006-04-21,27.709999084472656,27.719999313354492,26.540000915527344,26.610000610351562,14.975849151611328,2421800
2006-04-24,26.780000686645508,26.850000381469727,26.06999969482422,26.31999969482422,14.812643051147461,1527000
2006-04-25,26.3700008392334,26.709999084472656,26.309999465942383,26.6299991607666,14.987112045288086,1194100
2006-04-26,26.799999237060547,27.290000915527344,26.799999237060547,27.209999084472656,15.313525199890137,1406500
2006-04-27,27.209999084472656,27.700000762939453,27.149999618530273,27.389999389648438,15.414830207824707,1019200
2006-04-28,27.299999237060547,27.450000762939453,27.170000076293945,27.440000534057617,15.442972183227539,646100
2006-05-01,27.440000534057617,27.479999542236328,26.920000076293945,27.030000686645508,15.212223052978516,786400
2006-05-02,27.040000915527344,27.170000076293945,26.90999984741211,27.09000015258789,15.245989799499512,739400
2006-05-03,27.079999923706055,27.149999618530273,26.969999313354492,26.979999542236328,15.184089660644531,537500
2006-05-04,27.0,27.280000686645508,27.0,27.18000030517578,15.29664134979248,601300
2006-05-05,27.209999084472656,27.280000686645508,26.889999389648438,26.889999389648438,15.133439064025879,556900
2006-05-08,26.93000030517578,27.09000015258789,26.889999389648438,27.020000457763672,15.206595420837402,344800
2006-05-09,27.010000228881836,27.1299991607666,26.979999542236328,27.110000610351562,15.257251739501953,371700
2006-05-10,27.110000610351562,27.18000030517578,26.899999618530273,27.110000610351562,15.257251739501953,428200
2006-05-11,27.06999969482422,27.170000076293945,27.0,27.09000015258789,15.245989799499512,520400
2006-05-12,27.049999237060547,27.34000015258789,27.020000457763672,27.239999771118164,15.330411911010742,566300
2006-05-15,27.139999389648438,27.440000534057617,27.010000228881836,27.309999465942383,15.369808197021484,1138700
2006-05-16,27.309999465942383,27.34000015258789,26.950000762939453,27.030000686645508,15.212223052978516,668600
2006-05-17,26.979999542236328,27.149999618530273,26.93000030517578,27.100000381469727,15.251622200012207,932300
2006-05-18,27.110000610351562,27.170000076293945,26.799999237060547,26.950000762939453,15.167203903198242,1238200
2006-05-19,27.100000381469727,27.25,27.0,27.049999237060547,15.223484992980957,597900
2006-05-22,27.0,27.040000915527344,26.809999465942383,26.950000762939453,15.167203903198242,762400
2006-05-23,26.979999542236328,27.049999237060547,26.690000534057617,26.8700008392334,15.122178077697754,1294800
2006-05-24,26.860000610351562,27.0,26.709999084472656,26.860000610351562,15.116548538208008,862900
2006-05-25,26.899999618530273,27.059999465942383,26.84000015258789,26.940000534057617,15.161579132080078,684200
2006-05-26,26.950000762939453,27.09000015258789,26.940000534057617,26.950000762939453,15.167203903198242,325100
2006-05-30,26.850000381469727,26.850000381469727,26.399999618530273,26.43000030517578,14.874547004699707,736900
2006-05-31,26.420000076293945,26.579999923706055,26.270000457763672,26.579999923706055,14.958964347839355,857500
2006-06-01,26.510000228881836,26.75,26.420000076293945,26.600000381469727,14.97022819519043,635200
2006-06-02,26.600000381469727,26.6200008392334,26.389999389648438,26.520000457763672,14.925198554992676,572300
2006-06-05,26.520000457763672,26.579999923706055,26.389999389648438,26.5,14.913949012756348,693500
2006-06-06,26.489999771118164,26.600000381469727,26.260000228881836,26.489999771118164,14.90831470489502,559900
2006-06-07,26.479999542236328,26.600000381469727,26.43000030517578,26.450000762939453,14.885811805725098,676300
2006-06-08,26.459999084472656,26.5,26.219999313354492,26.40999984741211,14.863298416137695,770300
2006-06-09,26.479999542236328,26.84000015258789,26.34000015258789,26.75,15.054644584655762,692200
2006-06-12,26.530000686645508,26.690000534057617,26.280000686645508,26.510000228881836,14.919572830200195,564300
2006-06-13,26.5,26.65999984741211,26.299999237060547,26.299999237060547,14.801389694213867,894400
2006-06-14,26.350000381469727,26.350000381469727,26.049999237060547,26.1299991607666,14.705720901489258,373400
2006-06-15,26.139999389648438,26.270000457763672,26.079999923706055,26.209999084472656,14.750731468200684,591300
2006-06-16,26.260000228881836,26.389999389648438,25.989999771118164,26.059999465942383,14.666316032409668,819900
2006-06-19,26.030000686645508,26.1299991607666,25.780000686645508,25.829999923706055,14.536881446838379,540700
2006-06-20,25.889999389648438,26.06999969482422,25.799999237060547,25.8799991607666,14.565016746520996,430600
2006-06-21,25.8799991607666,26.149999618530273,25.790000915527344,25.989999771118164,14.626921653747559,426700
2006-06-22,25.979999542236328,25.979999542236328,25.719999313354492,25.760000228881836,14.497485160827637,375800
2006-06-23,25.790000915527344,25.850000381469727,25.68000030517578,25.770000457763672,14.503111839294434,601000
2006-06-26,25.790000915527344,25.920000076293945,25.670000076293945,25.729999542236328,14.48060131072998,409700
2006-06-27,25.709999084472656,25.719999313354492,25.360000610351562,25.479999542236328,14.339903831481934,691400
2006-06-28,25.350000381469727,25.350000381469727,24.75,25.149999618530273,14.322815895080566,663000
2006-06-29,25.219999313354492,25.34000015258789,24.920000076293945,25.270000457763672,14.391157150268555,601500
2006-06-30,25.270000457763672,25.389999389648438,25.079999923706055,25.34000015258789,14.431023597717285,912500
2006-07-03,25.329999923706055,25.34000015258789,25.15999984741211,25.34000015258789,14.431023597717285,282700
2006-07-05,25.34000015258789,25.34000015258789,24.760000228881836,24.989999771118164,14.231698036193848,671400
2006-07-06,24.950000762939453,25.149999618530273,24.81999969482422,25.1299991607666,14.311422348022461,631100
2006-07-07,25.1299991607666,25.270000457763672,25.010000228881836,25.15999984741211,14.328510284423828,538900
2006-07-10,25.229999542236328,25.3700008392334,25.06999969482422,25.079999923706055,14.28295612335205,429100
2006-07-11,25.030000686645508,25.09000015258789,24.899999618530273,25.059999465942383,14.271554946899414,348100
2006-07-12,25.0,25.280000686645508,24.969999313354492,25.270000457763672,14.391157150268555,763300
2006-07-13,25.18000030517578,25.209999084472656,24.809999465942383,24.959999084472656,14.214607238769531,753100
2006-07-14,24.979999542236328,24.979999542236328,24.530000686645508,24.559999465942383,13.986820220947266,422400
2006-07-17,24.559999465942383,24.860000610351562,24.420000076293945,24.75,14.09501838684082,507500
2006-07-18,24.799999237060547,24.889999389648438,24.59000015258789,24.739999771118164,14.089323043823242,499700
2006-07-19,24.760000228881836,25.09000015258789,24.739999771118164,24.979999542236328,14.225997924804688,459900
2006-07-20,24.940000534057617,25.0,24.690000534057617,24.690000534057617,14.06085205078125,368700
2006-07-21,24.690000534057617,24.799999237060547,24.5,24.75,14.09501838684082,327200
2006-07-24,24.75,24.899999618530273,24.639999389648438,24.889999389648438,14.174750328063965,410700
2006-07-25,24.979999542236328,25.200000762939453,24.760000228881836,25.170000076293945,14.334203720092773,789500
2006-07-26,26.09000015258789,27.969999313354492,25.90999984741211,27.700000762939453,15.775031089782715,2902900
2006-07-27,27.799999237060547,28.139999389648438,27.5,27.549999237060547,15.689603805541992,1405400
2006-07-28,27.549999237060547,27.75,27.270000457763672,27.350000381469727,15.575705528259277,764000
2006-07-31,27.209999084472656,27.25,26.959999084472656,27.170000076293945,15.473198890686035,751800
2006-08-01,27.049999237060547,27.299999237060547,26.899999618530273,27.229999542236328,15.507367134094238,625400
2006-08-02,27.280000686645508,27.309999465942383,27.1299991607666,27.15999984741211,15.467500686645508,523300
2006-08-03,27.1200008392334,27.479999542236328,26.969999313354492,27.350000381469727,15.575705528259277,738400
2006-08-04,27.59000015258789,27.81999969482422,27.0,27.299999237060547,15.547228813171387,616900
2006-08-07,27.299999237060547,27.34000015258789,27.040000915527344,27.290000915527344,15.541535377502441,642100
2006-08-08,27.290000915527344,27.389999389648438,26.780000686645508,26.93000030517578,15.336517333984375,661400
2006-08-09,27.030000686645508,27.200000762939453,26.8799991607666,26.899999618530273,15.319427490234375,674500
2006-08-10,26.850000381469727,27.149999618530273,26.790000915527344,27.010000228881836,15.382078170776367,460500
2006-08-11,27.020000457763672,27.149999618530273,26.899999618530273,26.959999084472656,15.353606224060059,673000
2006-08-14,26.989999771118164,27.040000915527344,26.690000534057617,26.75,15.23400592803955,621300
2006-08-15,26.899999618530273,27.100000381469727,26.8700008392334,27.09000015258789,15.427638053894043,394800
2006-08-16,27.059999465942383,27.25,27.059999465942383,27.1299991607666,15.450417518615723,366900
2006-08-17,27.149999618530273,27.239999771118164,27.06999969482422,27.15999984741211,15.467500686645508,341400
2006-08-18,27.139999389648438,27.200000762939453,27.030000686645508,27.1299991607666,15.450417518615723,188100
2006-08-21,27.020000457763672,27.100000381469727,26.75,26.75,15.23400592803955,270700
2006-08-22,26.68000030517578,27.1200008392334,26.68000030517578,26.899999618530273,15.319427490234375,354600
2006-08-23,26.920000076293945,27.049999237060547,26.6299991607666,26.739999771118164,15.22831916809082,208500
2006-08-24,26.850000381469727,27.010000228881836,26.579999923706055,26.81999969482422,15.273872375488281,255200
2006-08-25,26.56999969482422,26.81999969482422,26.56999969482422,26.700000762939453,15.205533981323242,186600
2006-08-28,26.549999237060547,26.899999618530273,26.549999237060547,26.709999084472656,15.211227416992188,346000
2006-08-29,26.829999923706055,26.889999389648438,26.700000762939453,26.719999313354492,15.216924667358398,437900
2006-08-30,26.81999969482422,27.0,26.760000228881836,26.950000762939453,15.347907066345215,330900
2006-08-31,26.989999771118164,27.049999237060547,26.739999771118164,26.799999237060547,15.262479782104492,481200
2006-09-01,26.799999237060547,26.93000030517578,26.760000228881836,26.770000457763672,15.245397567749023,263800
2006-09-05,26.790000915527344,26.90999984741211,26.6200008392334,26.690000534057617,15.199838638305664,302300
2006-09-06,26.649999618530273,26.670000076293945,26.31999969482422,26.5,15.091633796691895,503600
2006-09-07,26.450000762939453,26.68000030517578,26.3700008392334,26.549999237060547,15.120102882385254,874200
2006-09-08,26.639999389648438,26.700000762939453,26.56999969482422,26.6200008392334,15.159979820251465,790900
2006-09-11,26.6200008392334,26.8799991607666,26.579999923706055,26.639999389648438,15.171365737915039,650100
2006-09-12,26.649999618530273,26.950000762939453,26.649999618530273,26.899999618530273,15.319427490234375,395300
2006-09-13,26.940000534057617,27.0,26.8799991607666,26.93000030517578,15.336517333984375,318600
2006-09-14,26.899999618530273,26.989999771118164,26.829999923706055,26.959999084472656,15.353606224060059,302900
2006-09-15,27.010000228881836,27.18000030517578,26.959999084472656,27.09000015258789,15.427638053894043,934500
2006-09-18,27.09000015258789,27.100000381469727,26.899999618530273,27.0,15.376381874084473,272600
2006-09-19,27.100000381469727,27.1200008392334,26.739999771118164,27.010000228881836,15.382078170776367,513200
2006-09-20,27.020000457763672,27.200000762939453,26.969999313354492,27.1299991607666,15.450417518615723,499300
2006-09-21,27.18000030517578,27.200000762939453,26.809999465942383,26.899999618530273,15.319427490234375,196800
2006-09-22,26.809999465942383,26.969999313354492,26.65999984741211,26.719999313354492,15.216924667358398,164300
2006-09-25,26.829999923706055,27.059999465942383,26.809999465942383,26.889999389648438,15.313736915588379,370700
2006-09-26,26.920000076293945,27.040000915527344,26.799999237060547,26.959999084472656,15.353606224060059,438300
2006-09-27,26.760000228881836,27.010000228881836,26.649999618530273,26.979999542236328,15.537899017333984,456800
2006-09-28,26.989999771118164,27.100000381469727,26.889999389648438,26.979999542236328,15.537899017333984,281500
2006-09-29,26.93000030517578,27.020000457763672,26.65999984741211,26.670000076293945,15.359360694885254,237100
2006-10-02,26.790000915527344,26.940000534057617,26.639999389648438,26.639999389648438,15.342083930969238,467400
2006-10-03,26.649999618530273,26.8700008392334,26.649999618530273,26.700000762939453,15.376639366149902,432300
2006-10-04,26.6299991607666,27.0,26.549999237060547,26.979999542236328,15.537899017333984,238700
2006-10-05,27.040000915527344,27.149999618530273,26.950000762939453,27.030000686645508,15.56668472290039,751300
2006-10-06,27.040000915527344,27.139999389648438,26.899999618530273,27.059999465942383,15.583962440490723,341500
2006-10-09,27.0,27.329999923706055,26.889999389648438,27.219999313354492,15.676112174987793,559900
2006-10-10,27.280000686645508,27.389999389648438,27.170000076293945,27.280000686645508,15.710661888122559,445400
2006-10-11,27.280000686645508,27.280000686645508,26.93000030517578,27.079999923706055,15.595481872558594,276100
2006-10-12,27.06999969482422,27.219999313354492,27.020000457763672,27.09000015258789,15.601239204406738,411000
2006-10-13,27.149999618530273,27.329999923706055,27.079999923706055,27.09000015258789,15.601239204406738,429600
2006-10-16,27.170000076293945,27.280000686645508,27.079999923706055,27.219999313354492,15.676112174987793,263200
2006-10-17,27.100000381469727,27.260000228881836,27.100000381469727,27.1200008392334,15.618524551391602,368900
2006-10-18,27.139999389648438,27.200000762939453,26.8700008392334,27.0,15.549408912658691,361200
2006-10-19,26.950000762939453,27.1200008392334,26.81999969482422,27.020000457763672,15.560929298400879,508800
2006-10-20,27.049999237060547,27.1200008392334,26.469999313354492,26.549999237060547,15.290249824523926,567000
2006-10-23,26.5,27.010000228881836,26.440000534057617,26.959999084472656,15.526372909545898,548000
2006-10-24,26.84000015258789,27.06999969482422,26.670000076293945,26.809999465942383,15.439986228942871,967600
2006-10-25,26.809999465942383,28.030000686645508,26.700000762939453,27.850000381469727,16.038928985595703,1333900
2006-10-26,27.799999237060547,27.799999237060547,27.479999542236328,27.670000076293945,15.93526840209961,705600
2006-10-27,27.700000762939453,28.030000686645508,27.670000076293945,27.75,15.981343269348145,520300
2006-10-30,27.700000762939453,27.889999389648438,27.700000762939453,27.799999237060547,16.0101375579834,301400
2006-10-31,27.860000610351562,28.030000686645508,27.690000534057617,27.850000381469727,16.038928985595703,380300
2006-11-01,27.860000610351562,27.989999771118164,27.639999389648438,27.75,15.981343269348145,567400
2006-11-02,27.770000457763672,27.920000076293945,27.530000686645508,27.850000381469727,16.038928985595703,555900
2006-11-03,27.899999618530273,28.059999465942383,27.729999542236328,27.989999771118164,16.119556427001953,364000
2006-11-06,27.989999771118164,28.270000457763672,27.989999771118164,28.190000534057617,16.234737396240234,240800
2006-11-07,28.200000762939453,28.520000457763672,28.200000762939453,28.239999771118164,16.26352882385254,286400
2006-11-08,28.139999389648438,28.549999237060547,28.1200008392334,28.399999618530273,16.35567855834961,268300
2006-11-09,28.3799991607666,28.43000030517578,28.049999237060547,28.170000076293945,16.22321319580078,255300
2006-11-10,28.219999313354492,28.360000610351562,28.149999618530273,28.190000534057617,16.234737396240234,253400
2006-11-13,28.190000534057617,28.389999389648438,28.190000534057617,28.31999969482422,16.30960464477539,181700
2006-11-14,28.309999465942383,28.3700008392334,28.079999923706055,28.3700008392334,16.338396072387695,271200
2006-11-15,28.3700008392334,28.8700008392334,28.3700008392334,28.780000686645508,16.57451820373535,489100
2006-11-16,28.860000610351562,28.950000762939453,28.729999542236328,28.8700008392334,16.626352310180664,601800
2006-11-17,28.8700008392334,28.889999389648438,28.540000915527344,28.8799991607666,16.632104873657227,354300
2006-11-20,28.93000030517578,29.149999618530273,28.93000030517578,29.139999389648438,16.781845092773438,438900
2006-11-21,29.09000015258789,29.31999969482422,29.020000457763672,29.200000762939453,16.816402435302734,558100
2006-11-22,29.190000534057617,29.469999313354492,29.1299991607666,29.450000762939453,16.960372924804688,456100
2006-11-24,29.350000381469727,29.739999771118164,29.350000381469727,29.729999542236328,17.121620178222656,238100
2006-11-27,29.649999618530273,29.649999618530273,28.829999923706055,28.850000381469727,16.61482810974121,682400
2006-11-28,28.6200008392334,29.079999923706055,28.56999969482422,29.030000686645508,16.718503952026367,432600
2006-11-29,29.079999923706055,29.3799991607666,29.06999969482422,29.350000381469727,16.902782440185547,487900
2006-11-30,29.31999969482422,29.440000534057617,29.09000015258789,29.290000915527344,16.86823272705078,614200
2006-12-01,29.219999313354492,29.299999237060547,28.90999984741211,29.15999984741211,16.793357849121094,523200
2006-12-04,29.219999313354492,29.65999984741211,29.219999313354492,29.65999984741211,17.08131217956543,442900
2006-12-05,29.760000228881836,30.06999969482422,29.639999389648438,29.969999313354492,17.259843826293945,438800
2006-12-06,29.979999542236328,30.31999969482422,29.899999618530273,30.100000381469727,17.334718704223633,366100
2006-12-07,30.09000015258789,30.219999313354492,30.040000915527344,30.110000610351562,17.340469360351562,226200
2006-12-08,29.989999771118164,30.25,29.860000610351562,30.110000610351562,17.340469360351562,230800
2006-12-11,30.0,30.100000381469727,29.889999389648438,30.059999465942383,17.31167984008789,222400
2006-12-12,30.0,30.190000534057617,29.920000076293945,30.170000076293945,17.37502670288086,366800
2006-12-13,30.270000457763672,30.290000915527344,29.93000030517578,30.110000610351562,17.340469360351562,289800
2006-12-14,30.030000686645508,30.399999618530273,30.030000686645508,30.1299991607666,17.351991653442383,163400
2006-12-15,30.139999389648438,30.420000076293945,30.079999923706055,30.190000534057617,17.386547088623047,485000
2006-12-18,30.139999389648438,30.209999084472656,29.8700008392334,29.90999984741211,17.225292205810547,269400
2006-12-19,29.860000610351562,30.020000457763672,29.780000686645508,29.959999084472656,17.254085540771484,318000
2006-12-20,29.950000762939453,30.15999984741211,29.8799991607666,29.93000030517578,17.236804962158203,413800
2006-12-21,29.93000030517578,29.979999542236328,29.729999542236328,29.84000015258789,17.18497657775879,291400
2006-12-22,29.81999969482422,30.06999969482422,29.690000534057617,30.010000228881836,17.28287696838379,236600
2006-12-26,29.920000076293945,30.100000381469727,29.829999923706055,30.049999237060547,17.3059139251709,197800
2006-12-27,29.940000534057617,30.100000381469727,29.8799991607666,30.079999923706055,17.497882843017578,185500
2006-12-28,30.079999923706055,30.09000015258789,29.899999618530273,30.010000228881836,17.4571590423584,195900
2006-12-29,29.979999542236328,30.049999237060547,29.540000915527344,29.549999237060547,17.189577102661133,274300
2007-01-03,29.610000610351562,30.149999618530273,29.420000076293945,29.6200008392334,17.23029327392578,795600
2007-01-04,29.59000015258789,29.59000015258789,29.360000610351562,29.5,17.16048812866211,535900
2007-01-05,29.459999084472656,29.459999084472656,28.920000076293945,29.110000610351562,16.93362045288086,234000
2007-01-08,29.18000030517578,29.200000762939453,28.3700008392334,28.579999923706055,16.625314712524414,940900
2007-01-09,28.65999984741211,29.0,28.440000534057617,28.59000015258789,16.631132125854492,506100
2007-01-10,28.5,28.719999313354492,28.31999969482422,28.6299991607666,16.654399871826172,372800
2007-01-11,28.68000030517578,28.989999771118164,28.68000030517578,28.799999237060547,16.753292083740234,440000
2007-01-12,28.790000915527344,28.8700008392334,28.75,28.829999923706055,16.77073860168457,336900
2007-01-16,28.860000610351562,28.989999771118164,28.770000457763672,28.889999389648438,16.80565071105957,431500
2007-01-17,28.809999465942383,28.979999542236328,28.65999984741211,28.719999313354492,16.706748962402344,316200
2007-01-18,28.709999084472656,28.790000915527344,28.559999465942383,28.59000015258789,16.631132125854492,185200
2007-01-19,28.549999237060547,28.889999389648438,28.5,28.809999465942383,16.759113311767578,345100
2007-01-22,28.809999465942383,28.84000015258789,28.520000457763672,28.68000030517578,16.683483123779297,211100
2007-01-23,28.600000381469727,28.850000381469727,28.399999618530273,28.809999465942383,16.759113311767578,435700
2007-01-24,28.780000686645508,28.899999618530273,28.610000610351562,28.8700008392334,16.794017791748047,268600
2007-01-25,28.889999389648438,28.93000030517578,28.670000076293945,28.799999237060547,16.753292083740234,303500
2007-01-26,28.81999969482422,28.93000030517578,28.6299991607666,28.850000381469727,16.782371520996094,293100
2007-01-29,28.959999084472656,29.0,28.68000030517578,28.899999618530273,16.811452865600586,773200
2007-01-30,28.90999984741211,29.299999237060547,28.809999465942383,29.170000076293945,16.968521118164062,701600
2007-01-31,29.170000076293945,29.200000762939453,28.170000076293945,28.670000076293945,16.67766761779785,1088200
2007-02-01,28.75,29.0,28.649999618530273,28.770000457763672,16.73583984375,990800
2007-02-02,28.860000610351562,28.979999542236328,28.399999618530273,28.549999237060547,16.60786247253418,932200
2007-02-05,28.59000015258789,28.950000762939453,28.59000015258789,28.860000610351562,16.788192749023438,521700
2007-02-06,28.899999618530273,29.0,28.799999237060547,28.969999313354492,16.852190017700195,491300
2007-02-07,28.979999542236328,29.31999969482422,28.969999313354492,29.270000457763672,17.026695251464844,740800
2007-02-08,29.299999237060547,29.440000534057617,29.049999237060547,29.329999923706055,17.061599731445312,484900
2007-02-09,29.3700008392334,29.510000228881836,29.149999618530273,29.31999969482422,17.055784225463867,416300
2007-02-12,29.110000610351562,29.110000610351562,28.450000762939453,28.780000686645508,16.741657257080078,844800
2007-02-13,28.780000686645508,28.989999771118164,28.780000686645508,28.90999984741211,16.817276000976562,604800
2007-02-14,28.979999542236328,29.280000686645508,28.8799991607666,29.1299991607666,16.945253372192383,641900
2007-02-15,29.1299991607666,29.170000076293945,28.809999465942383,28.959999084472656,16.846364974975586,942100
2007-02-16,28.979999542236328,29.239999771118164,28.940000534057617,29.219999313354492,16.997608184814453,550300
2007-02-20,29.209999084472656,29.350000381469727,29.1299991607666,29.239999771118164,17.00924301147461,482100
2007-02-21,29.1200008392334,29.190000534057617,29.0,29.049999237060547,16.89872169494629,557700
2007-02-22,29.1200008392334,29.1200008392334,28.889999389648438,29.059999465942383,16.904537200927734,428000
2007-02-23,28.989999771118164,28.989999771118164,28.639999389648438,28.790000915527344,16.747480392456055,413400
2007-02-26,28.889999389648438,29.1299991607666,28.729999542236328,29.110000610351562,16.93362045288086,492800
2007-02-27,28.739999771118164,29.010000228881836,28.329999923706055,28.360000610351562,16.49734115600586,599900
2007-02-28,28.43000030517578,28.729999542236328,28.09000015258789,28.6299991607666,16.654399871826172,693700
2007-03-01,28.31999969482422,28.399999618530273,26.020000457763672,28.18000030517578,16.392635345458984,886000
2007-03-02,28.149999618530273,28.510000228881836,27.899999618530273,28.360000610351562,16.49734115600586,730900
2007-03-05,28.170000076293945,28.540000915527344,28.049999237060547,28.209999084472656,16.410078048706055,884400
2007-03-06,28.31999969482422,28.530000686645508,28.219999313354492,28.450000762939453,16.549694061279297,885400
2007-03-07,28.3700008392334,28.389999389648438,28.15999984741211,28.190000534057617,16.39845085144043,458100
2007-03-08,28.299999237060547,28.459999084472656,28.149999618530273,28.190000534057617,16.39845085144043,465900
2007-03-09,28.299999237060547,28.3700008392334,28.1299991607666,28.3700008392334,16.503150939941406,373800
2007-03-12,28.360000610351562,28.3799991607666,27.600000381469727,28.229999542236328,16.421716690063477,1711000
2007-03-13,28.1200008392334,28.149999618530273,27.649999618530273,27.760000228881836,16.148311614990234,588200
2007-03-14,27.719999313354492,28.010000228881836,27.59000015258789,27.8799991607666,16.21811866760254,747200
2007-03-15,27.809999465942383,28.200000762939453,27.809999465942383,28.0,16.287927627563477,529200
2007-03-16,28.020000457763672,28.18000030517578,27.84000015258789,27.889999389648438,16.22393798828125,338900
2007-03-19,27.950000762939453,28.049999237060547,27.700000762939453,27.780000686645508,16.159942626953125,488000
2007-03-20,27.81999969482422,28.010000228881836,27.799999237060547,27.959999084472656,16.26465606689453,603900
2007-03-21,28.0,28.329999923706055,27.809999465942383,28.149999618530273,16.37517738342285,823400
2007-03-22,28.700000762939453,28.979999542236328,28.059999465942383,28.309999465942383,16.46824836730957,736800
2007-03-23,28.3799991607666,28.709999084472656,28.299999237060547,28.579999923706055,16.625314712524414,487800
2007-03-26,28.6299991607666,28.719999313354492,28.31999969482422,28.6299991607666,16.654399871826172,467600
2007-03-27,28.510000228881836,28.670000076293945,28.329999923706055,28.469999313354492,16.561321258544922,410600
2007-03-28,28.260000228881836,28.399999618530273,28.110000610351562,28.219999313354492,16.59661102294922,462100
2007-03-29,28.31999969482422,28.479999542236328,28.149999618530273,28.469999313354492,16.74364471435547,500000
2007-03-30,28.450000762939453,28.700000762939453,28.110000610351562,28.329999923706055,16.661304473876953,744400
2007-04-02,28.34000015258789,28.360000610351562,28.09000015258789,28.200000762939453,16.58485221862793,338100
2007-04-03,28.280000686645508,28.399999618530273,28.190000534057617,28.229999542236328,16.60249900817871,431300
2007-04-04,28.200000762939453,28.209999084472656,28.0,28.110000610351562,16.53192710876465,345900
2007-04-05,28.059999465942383,28.399999618530273,28.059999465942383,28.219999313354492,16.59661102294922,299500
2007-04-09,28.010000228881836,28.25,28.010000228881836,28.190000534057617,16.578969955444336,427500
2007-04-10,28.139999389648438,28.440000534057617,28.139999389648438,28.329999923706055,16.661304473876953,231800
2007-04-11,28.299999237060547,28.43000030517578,28.1299991607666,28.260000228881836,16.62013816833496,317600
2007-04-12,28.229999542236328,28.420000076293945,28.0,28.389999389648438,16.696598052978516,404000
2007-04-13,28.389999389648438,28.559999465942383,28.34000015258789,28.459999084472656,16.737756729125977,289700
2007-04-16,28.540000915527344,29.18000030517578,28.540000915527344,29.18000030517578,17.16120719909668,553200
2007-04-17,29.09000015258789,29.190000534057617,29.010000228881836,29.170000076293945,17.15532684326172,447100
2007-04-18,29.170000076293945,29.440000534057617,29.149999618530273,29.239999771118164,17.196487426757812,448000
2007-04-19,29.0,29.260000228881836,28.899999618530273,29.1200008392334,17.125925064086914,361900
2007-04-20,29.18000030517578,29.440000534057617,29.18000030517578,29.399999618530273,17.290592193603516,396000
2007-04-23,29.399999618530273,29.5,29.200000762939453,29.239999771118164,17.196487426757812,317800
2007-04-24,29.200000762939453,29.200000762939453,28.729999542236328,28.989999771118164,17.049467086791992,402700
2007-04-25,28.3700008392334,29.030000686645508,27.200000762939453,27.989999771118164,16.46134376525879,1344600
2007-04-26,27.969999313354492,28.15999984741211,27.610000610351562,27.790000915527344,16.34372329711914,856400
2007-04-27,27.790000915527344,28.030000686645508,27.639999389648438,28.010000228881836,16.47310447692871,862700
2007-04-30,27.979999542236328,28.059999465942383,27.809999465942383,27.959999084472656,16.443708419799805,841800
2007-05-01,27.899999618530273,28.219999313354492,27.600000381469727,28.200000762939453,16.58485221862793,751700
2007-05-02,28.15999984741211,28.540000915527344,28.059999465942383,28.34000015258789,16.66718101501465,717500
2007-05-03,28.420000076293945,28.760000228881836,28.3700008392334,28.68000030517578,16.867149353027344,544200
2007-05-04,28.68000030517578,29.010000228881836,28.65999984741211,28.860000610351562,16.973005294799805,820400
2007-05-07,28.920000076293945,29.049999237060547,28.639999389648438,28.65999984741211,16.855384826660156,576800
2007-05-08,28.610000610351562,28.81999969482422,28.489999771118164,28.600000381469727,16.820100784301758,742600
2007-05-09,28.420000076293945,28.649999618530273,28.399999618530273,28.579999923706055,16.808334350585938,581900
2007-05-10,28.450000762939453,28.739999771118164,28.420000076293945,28.59000015258789,16.814220428466797,350400
2007-05-11,28.610000610351562,28.670000076293945,28.389999389648438,28.559999465942383,16.79657554626465,351900
2007-05-14,28.56999969482422,28.790000915527344,28.559999465942383,28.719999313354492,16.890670776367188,431900
2007-05-15,28.65999984741211,28.860000610351562,28.5,28.649999618530273,16.849502563476562,485800
2007-05-16,28.68000030517578,28.75,28.559999465942383,28.65999984741211,16.855384826660156,576000
2007-05-17,28.56999969482422,28.75,28.549999237060547,28.6299991607666,16.837739944458008,445700
2007-05-18,28.670000076293945,28.719999313354492,28.489999771118164,28.6200008392334,16.83185577392578,462900
2007-05-21,28.559999465942383,29.06999969482422,28.530000686645508,29.059999465942383,17.090635299682617,373200
2007-05-22,29.049999237060547,29.270000457763672,28.860000610351562,29.1299991607666,17.131797790527344,525200
2007-05-23,29.110000610351562,29.299999237060547,29.030000686645508,29.18000030517578,17.16120719909668,445000
2007-05-24,29.1200008392334,29.290000915527344,28.950000762939453,29.020000457763672,17.067100524902344,371900
2007-05-25,29.0,29.190000534057617,28.780000686645508,29.079999923706055,17.102388381958008,510200
2007-05-29,29.059999465942383,29.229999542236328,28.979999542236328,29.200000762939453,17.172964096069336,500900
2007-05-30,29.040000915527344,29.299999237060547,28.969999313354492,29.299999237060547,17.231779098510742,433900
2007-05-31,29.299999237060547,29.399999618530273,29.209999084472656,29.399999618530273,17.290592193603516,578700
2007-06-01,29.399999618530273,29.489999771118164,29.280000686645508,29.299999237060547,17.231779098510742,475000
2007-06-04,29.170000076293945,29.479999542236328,29.1200008392334,29.479999542236328,17.33763885498047,435200
2007-06-05,29.280000686645508,29.440000534057617,28.969999313354492,29.040000915527344,17.07887077331543,567700
2007-06-06,28.940000534057617,29.15999984741211,28.809999465942383,28.989999771118164,17.049467086791992,426600
2007-06-07,28.889999389648438,28.959999084472656,28.43000030517578,28.489999771118164,16.755407333374023,500500
2007-06-08,28.520000457763672,28.850000381469727,28.459999084472656,28.829999923706055,16.955358505249023,435800
2007-06-11,28.770000457763672,28.8799991607666,28.520000457763672,28.770000457763672,16.92008399963379,447400
2007-06-12,28.690000534057617,28.829999923706055,28.540000915527344,28.610000610351562,16.825979232788086,461700
2007-06-13,28.670000076293945,28.950000762939453,28.530000686645508,28.8799991607666,16.984766006469727,414500
2007-06-14,28.959999084472656,29.100000381469727,28.860000610351562,29.059999465942383,17.090635299682617,421700
2007-06-15,29.200000762939453,29.3700008392334,29.1299991607666,29.200000762939453,17.172964096069336,411300
2007-06-18,29.270000457763672,29.350000381469727,29.059999465942383,29.190000534057617,17.167083740234375,246100
2007-06-19,29.059999465942383,29.360000610351562,29.0,29.270000457763672,17.21413230895996,265300
2007-06-20,29.270000457763672,29.34000015258789,28.969999313354492,28.989999771118164,17.049467086791992,243300
2007-06-21,29.079999923706055,29.25,28.90999984741211,29.1299991607666,17.131797790527344,231600
2007-06-22,29.09000015258789,29.09000015258789,28.68000030517578,28.75,16.908309936523438,275800
2007-06-25,28.75,28.959999084472656,28.649999618530273,28.700000762939453,16.878910064697266,249800
2007-06-26,28.81999969482422,28.850000381469727,28.399999618530273,28.5,16.761281967163086,410500
2007-06-27,28.239999771118164,28.3799991607666,28.0,28.200000762939453,16.767227172851562,361600
2007-06-28,28.200000762939453,28.420000076293945,28.09000015258789,28.329999923706055,16.844528198242188,297000
2007-06-29,28.3700008392334,28.420000076293945,27.65999984741211,27.8799991607666,16.57696533203125,746200
2007-07-02,28.020000457763672,28.270000457763672,27.979999542236328,28.200000762939453,16.767227172851562,358400
2007-07-03,28.219999313354492,28.280000686645508,27.93000030517578,28.170000076293945,16.7493953704834,191500
2007-07-05,28.15999984741211,28.270000457763672,27.8799991607666,28.190000534057617,16.76128387451172,315500
2007-07-06,28.219999313354492,28.309999465942383,28.049999237060547,28.299999237060547,16.82668685913086,322800
2007-07-09,28.280000686645508,28.280000686645508,27.760000228881836,27.90999984741211,16.594804763793945,395800
2007-07-10,27.790000915527344,27.889999389648438,27.459999084472656,27.469999313354492,16.33319091796875,262700
2007-07-11,27.510000228881836,27.510000228881836,27.229999542236328,27.5,16.35102653503418,437000
2007-07-12,27.600000381469727,28.040000915527344,27.5,28.0,16.648317337036133,457300
2007-07-13,28.030000686645508,28.1200008392334,27.829999923706055,28.030000686645508,16.666152954101562,289500
2007-07-16,27.93000030517578,27.989999771118164,27.719999313354492,27.93000030517578,16.606698989868164,453000
2007-07-17,27.889999389648438,28.15999984741211,27.790000915527344,27.799999237060547,16.529407501220703,314700
2007-07-18,27.489999771118164,27.68000030517578,27.270000457763672,27.40999984741211,16.297515869140625,588000
2007-07-19,27.510000228881836,27.68000030517578,27.31999969482422,27.399999618530273,16.291563034057617,470300
2007-07-20,27.399999618530273,27.5,26.979999542236328,27.18000030517578,16.160751342773438,714900
2007-07-23,27.239999771118164,27.530000686645508,27.18000030517578,27.18000030517578,16.160751342773438,551400
2007-07-24,27.0,27.209999084472656,26.65999984741211,26.75,15.905086517333984,467000
2007-07-25,27.149999618530273,29.0,27.110000610351562,28.0,16.648317337036133,1838800
2007-07-26,27.690000534057617,28.079999923706055,27.239999771118164,27.670000076293945,16.452098846435547,1343200
2007-07-27,27.579999923706055,28.5,26.969999313354492,27.270000457763672,16.214269638061523,897400
2007-07-30,27.309999465942383,27.639999389648438,27.1200008392334,27.309999465942383,16.238054275512695,997000
2007-07-31,27.520000457763672,28.059999465942383,27.43000030517578,27.579999923706055,16.39859390258789,807400
2007-08-01,27.549999237060547,28.25,27.450000762939453,28.200000762939453,16.767227172851562,852400
2007-08-02,28.450000762939453,28.93000030517578,28.299999237060547,28.549999237060547,16.97533416748047,1201200
2007-08-03,28.6200008392334,29.329999923706055,28.280000686645508,28.350000381469727,16.856420516967773,1448100
2007-08-06,28.389999389648438,29.450000762939453,28.09000015258789,29.25,17.391542434692383,1014000
2007-08-07,29.149999618530273,29.770000457763672,28.950000762939453,29.6200008392334,17.611536026000977,1327400
2007-08-08,29.899999618530273,31.040000915527344,29.84000015258789,30.739999771118164,18.2774715423584,2230800
2007-08-09,30.209999084472656,31.829999923706055,30.209999084472656,31.079999923706055,18.47963523864746,2381300
2007-08-10,30.200000762939453,30.239999771118164,28.6200008392334,29.260000228881836,17.397485733032227,1906500
2007-08-13,29.309999465942383,29.860000610351562,29.309999465942383,29.450000762939453,17.510456085205078,1015300
2007-08-14,29.469999313354492,29.809999465942383,28.670000076293945,28.690000534057617,17.058582305908203,930600
2007-08-15,28.549999237060547,29.770000457763672,28.549999237060547,29.15999984741211,17.33802604675293,1168000
2007-08-16,28.979999542236328,29.549999237060547,28.600000381469727,29.25,17.391542434692383,1507300
2007-08-17,30.739999771118164,30.739999771118164,29.329999923706055,29.690000534057617,17.653160095214844,1029800
2007-08-20,29.84000015258789,30.5,29.799999237060547,30.229999542236328,17.974233627319336,1184300
2007-08-21,29.979999542236328,30.799999237060547,29.56999969482422,30.540000915527344,18.158554077148438,979700
2007-08-22,30.68000030517578,31.350000381469727,30.360000610351562,30.780000686645508,18.30125617980957,686600
2007-08-23,31.0,31.0,30.200000762939453,30.31999969482422,18.02774429321289,534900
2007-08-24,30.229999542236328,30.43000030517578,29.920000076293945,30.149999618530273,17.92666244506836,562200
2007-08-27,30.139999389648438,30.399999618530273,29.81999969482422,30.25,17.986116409301758,496000
2007-08-28,30.110000610351562,30.190000534057617,29.5,29.510000228881836,17.546133041381836,467100
2007-08-29,28.770000457763672,29.600000381469727,28.639999389648438,29.559999465942383,17.575864791870117,1084300
2007-08-30,29.34000015258789,29.829999923706055,29.239999771118164,29.520000457763672,17.552074432373047,670600
2007-08-31,29.829999923706055,29.899999618530273,29.3799991607666,29.530000686645508,17.558032989501953,365400
2007-09-04,29.610000610351562,30.3700008392334,29.360000610351562,30.229999542236328,17.974233627319336,494500
2007-09-05,29.90999984741211,30.200000762939453,29.65999984741211,29.770000457763672,17.700727462768555,818300
2007-09-06,29.920000076293945,29.989999771118164,29.579999923706055,29.8700008392334,17.76018714904785,732900
2007-09-07,29.579999923706055,29.899999618530273,29.270000457763672,29.670000076293945,17.64126205444336,943000
2007-09-10,29.860000610351562,29.950000762939453,29.43000030517578,29.56999969482422,17.58181381225586,946400
2007-09-11,29.75,29.84000015258789,29.350000381469727,29.56999969482422,17.58181381225586,964700
2007-09-12,29.549999237060547,29.940000534057617,29.329999923706055,29.649999618530273,17.62938117980957,551400
2007-09-13,29.850000381469727,29.940000534057617,29.68000030517578,29.75,17.688840866088867,471500
2007-09-14,29.549999237060547,29.969999313354492,29.540000915527344,29.940000534057617,17.801809310913086,677800
2007-09-17,29.81999969482422,29.93000030517578,29.559999465942383,29.56999969482422,17.58181381225586,448600
2007-09-18,29.709999084472656,29.969999313354492,29.31999969482422,29.770000457763672,17.700727462768555,739500
2007-09-19,29.950000762939453,30.0,29.56999969482422,29.639999389648438,17.62342643737793,678700
2007-09-20,29.56999969482422,29.75,29.200000762939453,29.25,17.391542434692383,639600
2007-09-21,29.299999237060547,29.549999237060547,29.170000076293945,29.360000610351562,17.456947326660156,766400
2007-09-24,29.260000228881836,29.59000015258789,29.25,29.3799991607666,17.46883773803711,429700
2007-09-25,29.260000228881836,29.469999313354492,29.1200008392334,29.170000076293945,17.343976974487305,502300
2007-09-26,29.020000457763672,29.299999237060547,28.799999237060547,29.239999771118164,17.572345733642578,347400
2007-09-27,29.280000686645508,29.6299991607666,29.190000534057617,29.6299991607666,17.806724548339844,409000
2007-09-28,29.440000534057617,29.489999771118164,28.90999984741211,28.969999313354492,17.410079956054688,439300
2007-10-01,29.0,29.049999237060547,28.420000076293945,28.75,17.27786636352539,674200
2007-10-02,28.75,29.110000610351562,28.530000686645508,28.959999084472656,17.404077529907227,672800
2007-10-03,28.770000457763672,29.190000534057617,28.75,29.0,17.42811393737793,426900
2007-10-04,29.110000610351562,29.459999084472656,28.950000762939453,29.1200008392334,17.500234603881836,584000
2007-10-05,29.209999084472656,29.34000015258789,29.06999969482422,29.209999084472656,17.5543155670166,592800
2007-10-08,29.100000381469727,29.299999237060547,28.850000381469727,28.899999618530273,17.36801528930664,570400
2007-10-09,29.0,29.0,28.600000381469727,28.889999389648438,17.362003326416016,656100
2007-10-10,28.889999389648438,29.020000457763672,28.780000686645508,28.860000610351562,17.343975067138672,651100
2007-10-11,28.8799991607666,28.989999771118164,28.6299991607666,28.860000610351562,17.343975067138672,749200
2007-10-12,28.940000534057617,29.299999237060547,28.850000381469727,29.149999618530273,17.51825714111328,386100
2007-10-15,29.100000381469727,29.149999618530273,28.8700008392334,28.899999618530273,17.36801528930664,553700
2007-10-16,28.829999923706055,29.059999465942383,28.579999923706055,28.649999618530273,17.217769622802734,411100
2007-10-17,28.700000762939453,28.850000381469727,28.1200008392334,28.479999542236328,17.115604400634766,653200
2007-10-18,28.31999969482422,28.540000915527344,27.860000610351562,27.940000534057617,16.79108238220215,421900
2007-10-19,27.940000534057617,28.1200008392334,27.389999389648438,27.450000762939453,16.496604919433594,601300
2007-10-22,27.1299991607666,27.850000381469727,27.100000381469727,27.600000381469727,16.58675193786621,1069900
2007-10-23,27.610000610351562,27.610000610351562,26.739999771118164,27.030000686645508,16.244211196899414,783100
2007-10-24,25.780000686645508,26.1200008392334,24.639999389648438,25.969999313354492,15.607173919677734,2550100
2007-10-25,26.010000228881836,26.280000686645508,25.5,25.6200008392334,15.396835327148438,1301500
2007-10-26,25.81999969482422,26.709999084472656,25.700000762939453,26.440000534057617,15.889636993408203,1108100
2007-10-29,26.469999313354492,26.469999313354492,26.06999969482422,26.200000762939453,15.745399475097656,752700
2007-10-30,26.190000534057617,26.850000381469727,26.170000076293945,26.670000076293945,16.027849197387695,631900
2007-10-31,26.739999771118164,26.940000534057617,26.299999237060547,26.610000610351562,15.99179458618164,873900
2007-11-01,26.360000610351562,27.110000610351562,26.079999923706055,26.6299991607666,16.00381088256836,985500
2007-11-02,26.639999389648438,26.65999984741211,26.100000381469727,26.43000030517578,15.883620262145996,829500
2007-11-05,26.040000915527344,26.549999237060547,26.020000457763672,26.260000228881836,15.78145694732666,668700
2007-11-06,26.31999969482422,26.760000228881836,26.190000534057617,26.670000076293945,16.027849197387695,813900
2007-11-07,26.229999542236328,26.610000610351562,26.1200008392334,26.149999618530273,15.715349197387695,773900
2007-11-08,26.18000030517578,26.18000030517578,24.520000457763672,24.709999084472656,14.849950790405273,3007300
2007-11-09,24.3700008392334,26.489999771118164,24.3700008392334,25.979999542236328,15.613181114196777,1116000
2007-11-12,26.010000228881836,26.93000030517578,25.940000534057617,26.610000610351562,15.99179458618164,818000
2007-11-13,26.850000381469727,27.15999984741211,26.56999969482422,27.059999465942383,16.262231826782227,673700
2007-11-14,27.15999984741211,27.239999771118164,26.670000076293945,26.719999313354492,16.057899475097656,479700
2007-11-15,26.639999389648438,26.790000915527344,26.170000076293945,26.280000686645508,15.793477058410645,509400
2007-11-16,26.309999465942383,26.540000915527344,26.030000686645508,26.469999313354492,15.9076509475708,658900
2007-11-19,26.219999313354492,26.420000076293945,25.860000610351562,26.079999923706055,15.673279762268066,576300
2007-11-20,25.979999542236328,26.489999771118164,25.540000915527344,26.139999389648438,15.709342002868652,700100
2007-11-21,26.030000686645508,26.420000076293945,25.719999313354492,25.979999542236328,15.613181114196777,502300
2007-11-23,26.040000915527344,26.31999969482422,25.889999389648438,26.219999313354492,15.757413864135742,273400
2007-11-26,26.15999984741211,26.200000762939453,25.510000228881836,25.540000915527344,15.348764419555664,362000
2007-11-27,25.610000610351562,26.040000915527344,25.530000686645508,25.950000762939453,15.595155715942383,688600
2007-11-28,25.950000762939453,26.3700008392334,25.8799991607666,26.030000686645508,15.643237113952637,679900
2007-11-29,25.8700008392334,26.110000610351562,25.75,26.020000457763672,15.637225151062012,578900
2007-11-30,26.219999313354492,26.540000915527344,25.959999084472656,26.280000686645508,15.793477058410645,701200
2007-12-03,26.110000610351562,26.559999465942383,26.020000457763672,26.360000610351562,15.841551780700684,478200
2007-12-04,26.149999618530273,26.809999465942383,26.06999969482422,26.450000762939453,15.895638465881348,456000
2007-12-05,26.729999542236328,26.760000228881836,26.270000457763672,26.65999984741211,16.021848678588867,440500
2007-12-06,26.719999313354492,26.850000381469727,26.559999465942383,26.84000015258789,16.130022048950195,376800
2007-12-07,26.8700008392334,26.959999084472656,26.59000015258789,26.790000915527344,16.099964141845703,343700
2007-12-10,26.860000610351562,27.0,26.559999465942383,26.690000534057617,16.03987693786621,464400
2007-12-11,26.670000076293945,26.760000228881836,25.809999465942383,25.809999465942383,15.511019706726074,485200
2007-12-12,26.350000381469727,26.520000457763672,25.5,25.799999237060547,15.505011558532715,588500
2007-12-13,25.6299991607666,25.940000534057617,25.510000228881836,25.8799991607666,15.553092956542969,375500
2007-12-14,25.729999542236328,26.260000228881836,25.600000381469727,25.8799991607666,15.553092956542969,444100
2007-12-17,25.719999313354492,25.81999969482422,25.290000915527344,25.290000915527344,15.198519706726074,484700
2007-12-18,25.56999969482422,25.610000610351562,25.15999984741211,25.520000457763672,15.336739540100098,484300
2007-12-19,25.420000076293945,25.700000762939453,25.229999542236328,25.290000915527344,15.198519706726074,359000
2007-12-20,25.43000030517578,25.450000762939453,24.81999969482422,25.040000915527344,15.048272132873535,528500
2007-12-21,25.530000686645508,25.530000686645508,24.809999465942383,25.3700008392334,15.246597290039062,1044100
2007-12-24,25.190000534057617,25.8799991607666,25.190000534057617,25.829999923706055,15.523037910461426,177200
2007-12-26,25.75,25.959999084472656,25.329999923706055,25.459999084472656,15.300680160522461,489100
2007-12-27,25.280000686645508,25.309999465942383,24.450000762939453,24.469999313354492,14.88698673248291,524300
2007-12-28,24.360000610351562,24.690000534057617,24.229999542236328,24.260000228881836,14.759225845336914,402400
2007-12-31,24.18000030517578,24.3799991607666,24.010000228881836,24.190000534057617,14.716638565063477,449600
2008-01-02,24.139999389648438,24.229999542236328,23.700000762939453,23.719999313354492,14.430704116821289,443800
2008-01-03,23.799999237060547,23.829999923706055,23.31999969482422,23.399999618530273,14.236023902893066,602700
2008-01-04,23.1299991607666,23.469999313354492,23.079999923706055,23.239999771118164,14.138679504394531,806800
2008-01-07,23.299999237060547,23.780000686645508,23.18000030517578,23.469999313354492,14.278603553771973,624000
2008-01-08,24.170000076293945,24.950000762939453,23.440000534057617,23.450000762939453,14.266443252563477,1446700
2008-01-09,23.31999969482422,23.84000015258789,23.079999923706055,23.760000228881836,14.455035209655762,726400
2008-01-10,23.540000915527344,24.15999984741211,23.3799991607666,23.969999313354492,14.582791328430176,612400
2008-01-11,23.729999542236328,23.75,23.170000076293945,23.649999618530273,14.388108253479004,1567800
2008-01-14,23.860000610351562,23.93000030517578,23.579999923706055,23.790000915527344,14.473288536071777,535300
2008-01-15,23.559999465942383,23.649999618530273,23.219999313354492,23.239999771118164,14.138679504394531,407200
2008-01-16,23.549999237060547,24.790000915527344,22.979999542236328,24.479999542236328,14.893062591552734,1210100
2008-01-17,24.510000228881836,24.84000015258789,23.84000015258789,23.84000015258789,14.503705978393555,847000
2008-01-18,23.920000076293945,24.049999237060547,22.969999313354492,23.280000686645508,14.163019180297852,854200
2008-01-22,22.399999618530273,24.010000228881836,22.399999618530273,23.860000610351562,14.515875816345215,1069100
2008-01-23,23.280000686645508,25.700000762939453,23.280000686645508,25.5,15.513611793518066,1484900
2008-01-24,25.649999618530273,25.649999618530273,24.559999465942383,24.860000610351562,15.124255180358887,1014600
2008-01-25,24.93000030517578,24.989999771118164,24.239999771118164,24.469999313354492,14.88698673248291,1072100
2008-01-28,24.34000015258789,25.510000228881836,24.34000015258789,25.510000228881836,15.519685745239258,979000
2008-01-29,25.549999237060547,25.700000762939453,25.1200008392334,25.639999389648438,15.598788261413574,630800
2008-01-30,25.280000686645508,26.25,24.5,25.329999923706055,15.410184860229492,1018700
2008-01-31,25.010000228881836,25.59000015258789,24.829999923706055,25.389999389648438,15.44669246673584,854000
2008-02-01,25.3700008392334,25.959999084472656,25.270000457763672,25.959999084472656,15.79346752166748,657600
2008-02-04,25.979999542236328,25.979999542236328,25.469999313354492,25.510000228881836,15.519685745239258,420000
2008-02-05,25.100000381469727,25.450000762939453,24.829999923706055,24.860000610351562,15.124255180358887,485900
2008-02-06,24.940000534057617,24.940000534057617,24.3700008392334,24.479999542236328,14.893062591552734,625600
2008-02-07,24.3799991607666,24.940000534057617,24.25,24.600000381469727,14.966076850891113,477000
2008-02-08,24.59000015258789,25.139999389648438,24.479999542236328,24.760000228881836,15.063411712646484,591800
2008-02-11,24.829999923706055,24.829999923706055,23.75,23.799999237060547,14.479368209838867,753300
2008-02-12,23.8799991607666,24.100000381469727,23.5,23.670000076293945,14.400280952453613,660300
2008-02-13,23.950000762939453,24.010000228881836,23.520000457763672,23.690000534057617,14.41244888305664,488900
2008-02-14,23.799999237060547,23.799999237060547,23.309999465942383,23.489999771118164,14.290776252746582,483000
2008-02-15,23.43000030517578,23.899999618530273,23.219999313354492,23.8799991607666,14.528036117553711,449500
2008-02-19,24.040000915527344,24.260000228881836,23.510000228881836,23.639999389648438,14.382026672363281,453300
2008-02-20,23.56999969482422,24.09000015258789,23.520000457763672,24.040000915527344,14.62537956237793,450700
2008-02-21,24.1299991607666,24.1299991607666,23.639999389648438,23.75,14.448949813842773,363200
2008-02-22,23.770000457763672,24.030000686645508,23.40999984741211,24.0,14.601051330566406,475600
2008-02-25,24.110000610351562,24.5,23.510000228881836,24.299999237060547,14.783560752868652,595800
2008-02-26,24.1200008392334,24.34000015258789,23.950000762939453,24.34000015258789,14.807894706726074,494000
2008-02-27,24.239999771118164,24.920000076293945,24.139999389648438,24.469999313354492,14.88698673248291,740200
2008-02-28,24.389999389648438,24.420000076293945,24.170000076293945,24.209999084472656,14.728802680969238,871100
2008-02-29,24.010000228881836,24.1200008392334,23.56999969482422,23.600000381469727,14.357696533203125,670600
2008-03-03,23.639999389648438,23.709999084472656,23.450000762939453,23.6200008392334,14.369869232177734,564900
2008-03-04,23.420000076293945,23.920000076293945,23.399999618530273,23.760000228881836,14.455035209655762,310700
2008-03-05,23.770000457763672,23.989999771118164,23.59000015258789,23.760000228881836,14.455035209655762,481400
2008-03-06,23.6299991607666,23.889999389648438,23.540000915527344,23.639999389648438,14.382026672363281,671300
2008-03-07,23.530000686645508,23.979999542236328,23.450000762939453,23.780000686645508,14.46720027923584,528700
2008-03-10,23.739999771118164,24.040000915527344,23.610000610351562,24.0,14.601051330566406,602600
2008-03-11,24.5,24.739999771118164,23.969999313354492,24.549999237060547,14.935651779174805,881000
2008-03-12,24.600000381469727,24.899999618530273,24.260000228881836,24.299999237060547,14.783560752868652,726700
2008-03-13,24.25,24.65999984741211,24.0,24.6299991607666,14.984321594238281,663400
2008-03-14,24.690000534057617,24.690000534057617,23.829999923706055,23.979999542236328,14.58888053894043,614900
2008-03-17,23.5,24.100000381469727,23.270000457763672,23.889999389648438,14.534124374389648,880400
2008-03-18,24.239999771118164,24.579999923706055,24.020000457763672,24.540000915527344,14.929569244384766,888900
2008-03-19,24.56999969482422,24.940000534057617,24.3799991607666,24.3799991607666,14.832230567932129,645900
2008-03-20,24.459999084472656,24.889999389648438,24.309999465942383,24.790000915527344,15.0816650390625,781600
2008-03-24,24.8799991607666,24.979999542236328,23.81999969482422,23.90999984741211,14.54629135131836,1412200
2008-03-25,23.8700008392334,24.81999969482422,23.8700008392334,24.799999237060547,15.087748527526855,915700
2008-03-26,24.65999984741211,24.709999084472656,24.229999542236328,24.270000457763672,14.765312194824219,1076400
2008-03-27,24.219999313354492,24.489999771118164,23.56999969482422,23.610000610351562,14.555692672729492,882400
2008-03-28,23.579999923706055,23.81999969482422,23.399999618530273,23.479999542236328,14.475550651550293,404100
2008-03-31,23.559999465942383,23.690000534057617,23.40999984741211,23.6200008392334,14.561866760253906,874300
2008-04-01,23.760000228881836,24.6299991607666,23.760000228881836,24.6299991607666,15.184531211853027,557800
2008-04-02,24.770000457763672,25.0,24.559999465942383,25.0,15.412636756896973,616300
2008-04-03,24.850000381469727,25.0,24.719999313354492,25.0,15.412636756896973,495700
2008-04-04,24.950000762939453,25.09000015258789,24.719999313354492,24.899999618530273,15.350987434387207,497500
2008-04-07,25.100000381469727,25.15999984741211,24.81999969482422,25.100000381469727,15.474295616149902,355200
2008-04-08,24.969999313354492,25.079999923706055,24.780000686645508,24.850000381469727,15.320162773132324,569500
2008-04-09,24.809999465942383,25.0,24.690000534057617,24.75,15.258511543273926,330400
2008-04-10,24.700000762939453,24.989999771118164,24.5,24.829999923706055,15.307838439941406,272800
2008-04-11,24.6200008392334,25.0,24.559999465942383,24.579999923706055,15.153709411621094,347500
2008-04-14,24.5,24.6200008392334,23.469999313354492,23.690000534057617,14.605016708374023,1559900
2008-04-15,23.780000686645508,24.389999389648438,23.780000686645508,24.3799991607666,15.030402183532715,608400
2008-04-16,24.719999313354492,24.719999313354492,23.899999618530273,24.149999618530273,14.888602256774902,894300
2008-04-17,24.110000610351562,24.299999237060547,23.899999618530273,24.0,14.796136856079102,1087600
2008-04-18,24.299999237060547,24.459999084472656,24.079999923706055,24.350000381469727,15.011917114257812,517500
2008-04-21,24.049999237060547,24.309999465942383,23.56999969482422,24.020000457763672,14.808464050292969,404900
2008-04-22,23.989999771118164,24.209999084472656,23.84000015258789,23.979999542236328,14.783808708190918,316600
2008-04-23,24.030000686645508,24.190000534057617,23.889999389648438,24.06999969482422,14.839287757873535,399200
2008-04-24,24.049999237060547,24.450000762939453,23.950000762939453,24.329999923706055,14.999577522277832,462200
2008-04-25,23.760000228881836,24.6200008392334,23.75,24.530000686645508,15.122881889343262,916500
2008-04-28,24.6200008392334,24.75,24.40999984741211,24.670000076293945,15.209197998046875,460800
2008-04-29,24.670000076293945,24.920000076293945,24.479999542236328,24.889999389648438,15.344826698303223,511900
2008-04-30,24.950000762939453,24.959999084472656,24.549999237060547,24.56999969482422,15.147539138793945,498200
2008-05-01,24.579999923706055,25.43000030517578,24.579999923706055,25.43000030517578,15.677740097045898,434400
2008-05-02,25.559999465942383,25.559999465942383,25.110000610351562,25.440000534057617,15.683903694152832,517700
2008-05-05,25.420000076293945,25.530000686645508,25.1200008392334,25.329999923706055,15.616087913513184,451200
2008-05-06,25.18000030517578,25.649999618530273,25.15999984741211,25.510000228881836,15.727054595947266,397700
2008-05-07,25.600000381469727,25.799999237060547,25.0,25.0,15.412636756896973,507100
2008-05-08,24.969999313354492,25.420000076293945,24.889999389648438,25.25,15.566765785217285,464300
2008-05-09,25.100000381469727,25.690000534057617,25.049999237060547,25.540000915527344,15.745556831359863,412100
2008-05-12,25.600000381469727,26.270000457763672,25.600000381469727,26.229999542236328,16.170936584472656,483900
2008-05-13,26.190000534057617,26.25,25.989999771118164,26.09000015258789,16.084623336791992,441300
2008-05-14,26.1200008392334,26.59000015258789,26.1200008392334,26.510000228881836,16.34356689453125,390400
2008-05-15,26.59000015258789,26.59000015258789,26.020000457763672,26.3700008392334,16.257261276245117,555900
2008-05-16,26.5,26.5,26.040000915527344,26.1200008392334,16.103124618530273,342100
2008-05-19,26.15999984741211,26.40999984741211,25.950000762939453,26.270000457763672,16.195602416992188,443100
2008-05-20,26.149999618530273,26.239999771118164,25.899999618530273,26.010000228881836,16.035314559936523,468400
2008-05-21,25.299999237060547,25.420000076293945,24.829999923706055,24.989999771118164,15.406473159790039,1096600
2008-05-22,25.020000457763672,25.3799991607666,25.0,25.25,15.566765785217285,466900
2008-05-23,25.100000381469727,25.110000610351562,24.920000076293945,24.979999542236328,15.400309562683105,550000
2008-05-27,25.06999969482422,25.290000915527344,25.010000228881836,25.200000762939453,15.535941123962402,455900
2008-05-28,25.219999313354492,25.389999389648438,24.989999771118164,25.020000457763672,15.424970626831055,384900
2008-05-29,25.059999465942383,25.40999984741211,25.020000457763672,25.34000015258789,15.622249603271484,383700
2008-05-30,25.399999618530273,25.559999465942383,25.209999084472656,25.530000686645508,15.739380836486816,514800
2008-06-02,25.530000686645508,25.530000686645508,25.010000228881836,25.25,15.566765785217285,472700
2008-06-03,25.299999237060547,25.420000076293945,25.0,25.209999084472656,15.542105674743652,420300
2008-06-04,25.079999923706055,25.260000228881836,24.90999984741211,25.139999389648438,15.498953819274902,373000
2008-06-05,25.200000762939453,25.600000381469727,25.200000762939453,25.600000381469727,15.782537460327148,287500
2008-06-06,25.399999618530273,25.440000534057617,24.989999771118164,25.0,15.412636756896973,435700
2008-06-09,25.239999771118164,25.90999984741211,25.209999084472656,25.450000762939453,15.6900634765625,660200
2008-06-10,25.329999923706055,25.90999984741211,25.170000076293945,25.760000228881836,15.881186485290527,531600
2008-06-11,25.700000762939453,26.170000076293945,25.610000610351562,25.739999771118164,15.868852615356445,797600
2008-06-12,25.809999465942383,26.270000457763672,25.770000457763672,26.020000457763672,16.041475296020508,406200
2008-06-13,26.239999771118164,26.239999771118164,25.799999237060547,26.209999084472656,16.158615112304688,308000
2008-06-16,26.06999969482422,26.18000030517578,25.850000381469727,26.059999465942383,16.066133499145508,310700
2008-06-17,26.149999618530273,26.270000457763672,25.760000228881836,25.8700008392334,15.949004173278809,405100
2008-06-18,25.700000762939453,26.0,25.559999465942383,25.790000915527344,15.899678230285645,385300
2008-06-19,25.760000228881836,26.020000457763672,25.540000915527344,26.0,16.029144287109375,374700
2008-06-20,25.899999618530273,25.899999618530273,25.139999389648438,25.149999618530273,15.505118370056152,793100
2008-06-23,25.31999969482422,25.940000534057617,25.110000610351562,25.389999389648438,15.653078079223633,631400
2008-06-24,25.450000762939453,25.450000762939453,25.010000228881836,25.18000030517578,15.523612022399902,496000
2008-06-25,25.209999084472656,25.729999542236328,25.09000015258789,25.190000534057617,15.529770851135254,499600
2008-06-26,24.889999389648438,24.989999771118164,24.5,24.739999771118164,15.44859504699707,758900
2008-06-27,24.670000076293945,24.989999771118164,24.469999313354492,24.579999923706055,15.3486909866333,810300
2008-06-30,24.579999923706055,24.579999923706055,23.989999771118164,24.100000381469727,15.048961639404297,660000
2008-07-01,23.899999618530273,24.459999084472656,23.860000610351562,24.3799991607666,15.223796844482422,691300
2008-07-02,24.34000015258789,24.68000030517578,24.229999542236328,24.43000030517578,15.255019187927246,581600
2008-07-03,24.540000915527344,24.649999618530273,24.200000762939453,24.399999618530273,15.236289024353027,232200
2008-07-07,24.479999542236328,24.690000534057617,23.979999542236328,24.40999984741211,15.242534637451172,472100
2008-07-08,24.540000915527344,25.68000030517578,24.309999465942383,25.68000030517578,16.035572052001953,674100
2008-07-09,25.690000534057617,26.18000030517578,25.59000015258789,25.68000030517578,16.035572052001953,751500
2008-07-10,25.56999969482422,26.0,25.25,25.3799991607666,15.848233222961426,638500
2008-07-11,25.09000015258789,25.739999771118164,24.969999313354492,25.270000457763672,15.779552459716797,774200
2008-07-14,25.34000015258789,25.479999542236328,24.59000015258789,24.59000015258789,15.354930877685547,1181600
2008-07-15,24.399999618530273,24.81999969482422,24.1200008392334,24.239999771118164,15.136383056640625,1074000
2008-07-16,24.40999984741211,25.450000762939453,24.079999923706055,25.389999389648438,15.854485511779785,1026100
2008-07-17,25.5,25.739999771118164,24.8700008392334,25.540000915527344,15.948153495788574,1122600
2008-07-18,25.649999618530273,25.649999618530273,24.860000610351562,25.469999313354492,15.904438018798828,921900
2008-07-21,25.600000381469727,25.600000381469727,24.889999389648438,24.93000030517578,15.567245483398438,685200
2008-07-22,24.8799991607666,25.93000030517578,24.75,25.90999984741211,16.17918586730957,561000
2008-07-23,25.8799991607666,26.059999465942383,25.5,26.020000457763672,16.247880935668945,870100
2008-07-24,25.979999542236328,26.079999923706055,25.31999969482422,25.31999969482422,15.810774803161621,666800
2008-07-25,25.549999237060547,25.790000915527344,25.040000915527344,25.170000076293945,15.717108726501465,643100
2008-07-28,25.229999542236328,25.229999542236328,24.700000762939453,24.75,15.454841613769531,677500
2008-07-29,24.760000228881836,25.479999542236328,24.700000762939453,25.34000015258789,15.823260307312012,950000
2008-07-30,24.399999618530273,25.850000381469727,24.399999618530273,25.149999618530273,15.704622268676758,1066100
2008-07-31,24.90999984741211,25.639999389648438,24.899999618530273,25.43000030517578,15.879465103149414,876100
2008-08-01,25.389999389648438,25.389999389648438,24.90999984741211,25.06999969482422,15.6546630859375,746600
2008-08-04,24.850000381469727,25.200000762939453,24.5,25.030000686645508,15.629691123962402,541500
2008-08-05,25.110000610351562,25.729999542236328,25.079999923706055,25.729999542236328,16.066789627075195,587600
2008-08-06,25.649999618530273,25.979999542236328,25.350000381469727,25.690000534057617,16.04181480407715,531200
2008-08-07,25.489999771118164,25.920000076293945,24.93000030517578,25.309999465942383,15.804533004760742,516000
2008-08-08,25.239999771118164,25.899999618530273,25.229999542236328,25.860000610351562,16.147968292236328,410900
2008-08-11,25.8700008392334,26.6299991607666,25.56999969482422,26.31999969482422,16.435213088989258,524800
2008-08-12,26.299999237060547,26.510000228881836,26.040000915527344,26.040000915527344,16.26036834716797,675800
2008-08-13,25.850000381469727,25.950000762939453,25.440000534057617,25.690000534057617,16.04181480407715,412700
2008-08-14,25.559999465942383,26.290000915527344,25.540000915527344,26.18000030517578,16.34779167175293,383100
2008-08-15,26.260000228881836,26.43000030517578,25.899999618530273,26.1200008392334,16.31032371520996,402100
2008-08-18,26.1200008392334,26.31999969482422,25.760000228881836,25.860000610351562,16.147968292236328,457300
2008-08-19,25.739999771118164,26.020000457763672,25.510000228881836,25.850000381469727,16.1417293548584,487800
2008-08-20,25.809999465942383,26.010000228881836,25.579999923706055,25.959999084472656,16.21041488647461,458500
2008-08-21,25.799999237060547,26.149999618530273,25.549999237060547,25.979999542236328,16.2229061126709,354400
2008-08-22,26.020000457763672,26.190000534057617,25.780000686645508,26.149999618530273,16.32905387878418,540000
2008-08-25,26.100000381469727,26.1299991607666,25.549999237060547,25.600000381469727,15.985610008239746,526700
2008-08-26,25.56999969482422,25.90999984741211,25.25,25.90999984741211,16.17918586730957,509400
2008-08-27,25.90999984741211,26.219999313354492,25.899999618530273,26.219999313354492,16.372770309448242,384900
2008-08-28,26.309999465942383,26.540000915527344,26.200000762939453,26.540000915527344,16.572586059570312,470200
2008-08-29,26.5,26.770000457763672,26.239999771118164,26.479999542236328,16.535123825073242,398800
2008-09-02,26.809999465942383,26.989999771118164,26.59000015258789,26.899999618530273,16.797388076782227,432500
2008-09-03,26.899999618530273,27.270000457763672,26.549999237060547,27.260000228881836,17.022188186645508,542100
2008-09-04,27.100000381469727,27.1299991607666,26.700000762939453,26.75,16.703718185424805,470600
2008-09-05,26.520000457763672,26.940000534057617,26.31999969482422,26.850000381469727,16.76616668701172,649700
2008-09-08,27.399999618530273,27.6200008392334,26.65999984741211,27.229999542236328,17.003446578979492,698100
2008-09-09,27.139999389648438,27.309999465942383,26.3799991607666,26.3799991607666,16.472671508789062,908200
2008-09-10,26.420000076293945,26.940000534057617,26.25,26.739999771118164,16.697481155395508,455600
2008-09-11,26.420000076293945,26.950000762939453,26.40999984741211,26.81999969482422,16.7474308013916,545700
2008-09-12,26.59000015258789,27.399999618530273,26.469999313354492,27.059999465942383,16.897300720214844,774600
2008-09-15,26.059999465942383,27.5,25.540000915527344,26.6200008392334,16.62254524230957,980700
2008-09-16,26.270000457763672,27.43000030517578,25.8799991607666,27.399999618530273,17.109607696533203,894800
2008-09-17,27.149999618530273,27.489999771118164,26.780000686645508,26.780000686645508,16.722454071044922,915500
2008-09-18,26.84000015258789,28.389999389648438,25.959999084472656,28.299999237060547,17.67159080505371,2511100
2008-09-19,29.209999084472656,30.0,27.600000381469727,28.540000915527344,17.821468353271484,1404300
2008-09-22,28.25,28.5,27.709999084472656,27.75,17.32815933227539,365900
2008-09-23,27.649999618530273,27.75,27.190000534057617,27.360000610351562,17.084632873535156,465600
2008-09-24,27.25,27.549999237060547,26.760000228881836,26.950000762939453,16.82860565185547,443600
2008-09-25,27.110000610351562,27.43000030517578,26.860000610351562,27.3700008392334,17.09087562561035,552400
2008-09-26,27.010000228881836,27.209999084472656,26.68000030517578,26.979999542236328,17.0466365814209,544900
2008-09-29,26.6299991607666,27.049999237060547,25.3700008392334,25.559999465942383,16.149450302124023,751300
2008-09-30,26.0,26.229999542236328,25.280000686645508,25.65999984741211,16.21263885498047,1290200
2008-10-01,25.59000015258789,25.68000030517578,24.829999923706055,25.18000030517578,15.909358978271484,1444100
2008-10-02,25.100000381469727,25.610000610351562,24.809999465942383,25.170000076293945,15.903039932250977,1534000
2008-10-03,25.43000030517578,25.8700008392334,24.809999465942383,25.229999542236328,15.940954208374023,1423700
2008-10-06,24.790000915527344,26.3799991607666,24.549999237060547,24.8700008392334,15.713495254516602,1927600
2008-10-07,24.959999084472656,26.020000457763672,24.729999542236328,24.729999542236328,15.625035285949707,2236500
2008-10-08,23.860000610351562,24.979999542236328,23.709999084472656,24.75,15.637680053710938,1342600
2008-10-09,25.020000457763672,25.399999618530273,23.739999771118164,23.799999237060547,15.037435531616211,1910200
2008-10-10,23.469999313354492,27.700000762939453,21.6299991607666,27.700000762939453,17.501556396484375,2361200
2008-10-13,27.209999084472656,28.209999084472656,23.649999618530273,25.31999969482422,15.99781322479248,2095200
2008-10-14,25.559999465942383,26.5,24.280000686645508,25.0,15.795624732971191,1631400
2008-10-15,24.770000457763672,25.020000457763672,24.399999618530273,24.549999237060547,15.511306762695312,1493600
2008-10-16,24.719999313354492,24.729999542236328,22.93000030517578,24.1299991607666,15.245939254760742,1192300
2008-10-17,23.889999389648438,24.610000610351562,23.309999465942383,23.90999984741211,15.106940269470215,895100
2008-10-20,23.889999389648438,24.729999542236328,23.770000457763672,24.1299991607666,15.245939254760742,1449600
2008-10-21,23.989999771118164,24.6200008392334,23.90999984741211,24.239999771118164,15.31544017791748,2111800
2008-10-22,24.0,24.299999237060547,23.469999313354492,23.739999771118164,14.999530792236328,1889800
2008-10-23,23.8799991607666,24.1200008392334,22.489999771118164,23.0,14.531976699829102,1196100
2008-10-24,22.299999237060547,22.8799991607666,21.3799991607666,22.559999465942383,14.253975868225098,1135800
2008-10-27,22.31999969482422,22.84000015258789,21.709999084472656,22.100000381469727,13.963336944580078,658600
2008-10-28,22.579999923706055,23.799999237060547,22.030000686645508,23.639999389648438,14.93635082244873,797000
2008-10-29,23.690000534057617,24.309999465942383,23.079999923706055,23.479999542236328,14.835250854492188,1942700
2008-10-30,23.670000076293945,24.170000076293945,23.600000381469727,23.950000762939453,15.132208824157715,860200
2008-10-31,23.809999465942383,24.690000534057617,23.729999542236328,24.360000610351562,15.39126205444336,1593600
2008-11-03,25.600000381469727,25.600000381469727,24.3799991607666,24.649999618530273,15.574495315551758,1188100
2008-11-04,24.690000534057617,25.510000228881836,24.18000030517578,25.510000228881836,16.117856979370117,961200
2008-11-05,25.34000015258789,25.34000015258789,24.010000228881836,24.06999969482422,15.208033561706543,816700
2008-11-06,23.950000762939453,23.989999771118164,23.239999771118164,23.239999771118164,14.683612823486328,825100
2008-11-07,23.280000686645508,23.6299991607666,22.809999465942383,23.6299991607666,14.930034637451172,867900
2008-11-10,23.899999618530273,24.049999237060547,23.079999923706055,23.190000534057617,14.652029037475586,454700
2008-11-11,23.040000915527344,23.309999465942383,22.68000030517578,23.049999237060547,14.563578605651855,817700
2008-11-12,23.020000457763672,23.790000915527344,22.950000762939453,23.170000076293945,14.639389038085938,907000
2008-11-13,23.290000915527344,24.530000686645508,22.450000762939453,24.530000686645508,15.498672485351562,912400
2008-11-14,23.360000610351562,25.010000228881836,23.350000381469727,23.899999618530273,15.100625991821289,935100
2008-11-17,23.809999465942383,24.649999618530273,23.790000915527344,24.1299991607666,15.245939254760742,1056900
2008-11-18,24.030000686645508,25.079999923706055,23.84000015258789,24.239999771118164,15.31544017791748,1494000
2008-11-19,24.219999313354492,25.0,23.549999237060547,23.549999237060547,14.879481315612793,997200
2008-11-20,23.399999618530273,24.0,22.200000762939453,22.25,14.058109283447266,1202300
2008-11-21,22.59000015258789,22.989999771118164,21.3799991607666,22.670000076293945,14.32348346710205,1134300
2008-11-24,23.040000915527344,23.950000762939453,22.360000610351562,23.670000076293945,14.955300331115723,807000
2008-11-25,24.030000686645508,24.31999969482422,23.489999771118164,24.25,15.32176399230957,975400
2008-11-26,23.969999313354492,24.770000457763672,23.639999389648438,24.770000457763672,15.650311470031738,641500
2008-11-28,24.600000381469727,24.799999237060547,24.389999389648438,24.799999237060547,15.669261932373047,298100
2008-12-01,24.15999984741211,24.860000610351562,23.06999969482422,23.299999237060547,14.721524238586426,1019700
2008-12-02,23.479999542236328,24.09000015258789,23.059999465942383,23.790000915527344,15.031124114990234,1012300
2008-12-03,23.5,24.59000015258789,23.1299991607666,24.459999084472656,15.45444107055664,684700
2008-12-04,24.139999389648438,24.6299991607666,23.6200008392334,23.90999984741211,15.106940269470215,692800
2008-12-05,23.729999542236328,24.68000030517578,23.479999542236328,24.68000030517578,15.593448638916016,1008800
2008-12-08,25.020000457763672,25.020000457763672,24.31999969482422,24.729999542236328,15.625035285949707,785300
2008-12-09,24.530000686645508,24.729999542236328,23.6200008392334,23.709999084472656,14.980579376220703,954900
2008-12-10,23.790000915527344,23.959999084472656,23.299999237060547,23.8700008392334,15.081666946411133,929700
2008-12-11,23.540000915527344,24.049999237060547,22.899999618530273,23.049999237060547,14.563578605651855,915500
2008-12-12,22.790000915527344,23.81999969482422,22.649999618530273,23.3700008392334,14.765755653381348,1271400
2008-12-15,23.420000076293945,23.670000076293945,22.90999984741211,23.5,14.847892761230469,805800
2008-12-16,23.729999542236328,24.389999389648438,23.5,24.329999923706055,15.372308731079102,1138400
2008-12-17,24.43000030517578,24.850000381469727,23.959999084472656,24.540000915527344,15.504988670349121,797100
2008-12-18,24.639999389648438,25.610000610351562,24.389999389648438,24.65999984741211,15.58081340789795,837800
2008-12-19,24.790000915527344,25.09000015258789,24.299999237060547,25.030000686645508,15.814587593078613,1096800
2008-12-22,24.959999084472656,25.200000762939453,24.350000381469727,24.68000030517578,15.593448638916016,755300
2008-12-23,24.799999237060547,25.0,24.5,24.709999084472656,15.612401962280273,633700
2008-12-24,24.549999237060547,24.84000015258789,24.270000457763672,24.829999923706055,15.688220977783203,382300
2008-12-26,24.780000686645508,25.270000457763672,24.639999389648438,25.239999771118164,15.947267532348633,461600
2008-12-29,25.170000076293945,25.170000076293945,24.510000228881836,24.770000457763672,15.851276397705078,727700
2008-12-30,24.75,25.469999313354492,24.75,25.399999618530273,16.25443458557129,636700
2008-12-31,25.43000030517578,26.0,25.299999237060547,25.90999984741211,16.5808048248291,703700
2009-01-02,25.969999313354492,26.0,25.469999313354492,25.780000686645508,16.49761199951172,490400
2009-01-05,25.6200008392334,25.8700008392334,25.299999237060547,25.6200008392334,16.395217895507812,690100
2009-01-06,25.709999084472656,25.969999313354492,25.149999618530273,25.75,16.47842025756836,703200
2009-01-07,25.510000228881836,26.020000457763672,25.450000762939453,25.540000915527344,16.344030380249023,842500
2009-01-08,25.190000534057617,25.90999984741211,25.190000534057617,25.799999237060547,16.510408401489258,830200
2009-01-09,25.65999984741211,25.799999237060547,25.25,25.309999465942383,16.196842193603516,506000
2009-01-12,24.530000686645508,25.079999923706055,23.729999542236328,24.350000381469727,15.582505226135254,1042300
2009-01-13,24.510000228881836,24.93000030517578,24.219999313354492,24.700000762939453,15.806483268737793,736000
2009-01-14,24.360000610351562,24.520000457763672,23.649999618530273,23.649999618530273,15.134547233581543,900000
2009-01-15,23.719999313354492,24.360000610351562,23.290000915527344,23.920000076293945,15.307324409484863,963800
2009-01-16,24.139999389648438,24.59000015258789,24.040000915527344,24.350000381469727,15.582505226135254,876600
2009-01-20,23.979999542236328,25.270000457763672,23.100000381469727,24.290000915527344,15.544108390808105,1274200
2009-01-21,24.709999084472656,24.709999084472656,23.559999465942383,24.600000381469727,15.742486000061035,1152800
2009-01-22,23.649999618530273,24.6200008392334,23.649999618530273,24.0,15.358524322509766,988400
2009-01-23,23.59000015258789,24.09000015258789,23.020000457763672,23.850000381469727,15.26253890991211,954400
2009-01-26,23.940000534057617,24.139999389648438,23.399999618530273,23.6200008392334,15.115352630615234,837500
2009-01-27,23.700000762939453,24.190000534057617,23.3799991607666,23.719999313354492,15.179337501525879,764100
2009-01-28,24.229999542236328,24.459999084472656,23.739999771118164,24.3799991607666,15.601701736450195,1047200
2009-01-29,24.170000076293945,24.3799991607666,23.770000457763672,23.84000015258789,15.256138801574707,778700
2009-01-30,24.020000457763672,24.309999465942383,23.5,23.56999969482422,15.083351135253906,1040800
2009-02-02,23.290000915527344,24.09000015258789,23.170000076293945,24.030000686645508,15.37772274017334,1356800
2009-02-03,24.020000457763672,24.15999984741211,23.6200008392334,23.760000228881836,15.204940795898438,1355900
2009-02-04,20.989999771118164,21.0,18.309999465942383,18.450000762939453,11.806866645812988,3851100
2009-02-05,18.610000610351562,18.850000381469727,17.780000686645508,18.729999542236328,11.98604679107666,3545000
2009-02-06,18.8700008392334,18.8700008392334,17.610000610351562,17.950000762939453,11.486898422241211,2956300
2009-02-09,18.0,18.06999969482422,17.579999923706055,17.899999618530273,11.454898834228516,1629000
2009-02-10,17.8700008392334,18.329999923706055,17.40999984741211,17.5,11.19892406463623,1952600
2009-02-11,17.520000457763672,17.989999771118164,16.989999771118164,17.989999771118164,11.512495994567871,1897600
2009-02-12,18.31999969482422,18.889999389648438,17.690000534057617,18.34000015258789,11.736472129821777,1954800
2009-02-13,18.280000686645508,18.600000381469727,17.360000610351562,17.530000686645508,11.218122482299805,1590000
2009-02-17,17.110000610351562,17.809999465942383,16.8799991607666,17.540000915527344,11.22452163696289,1833700
2009-02-18,17.309999465942383,17.809999465942383,17.010000228881836,17.56999969482422,11.243718147277832,1307100
2009-02-19,17.579999923706055,17.579999923706055,16.8799991607666,16.920000076293945,10.8277587890625,1002900
2009-02-20,16.790000915527344,16.920000076293945,16.270000457763672,16.639999389648438,10.648575782775879,1435300
2009-02-23,16.770000457763672,16.959999084472656,16.010000228881836,16.010000228881836,10.245413780212402,940800
2009-02-24,16.049999237060547,16.309999465942383,15.579999923706055,16.270000457763672,10.411802291870117,1588300
2009-02-25,16.15999984741211,16.540000915527344,15.880000114440918,16.200000762939453,10.36700439453125,974600
2009-02-26,16.350000381469727,16.479999542236328,15.510000228881836,15.779999732971191,10.09822940826416,1245900
2009-02-27,15.569999694824219,16.280000686645508,15.569999694824219,15.869999885559082,10.155823707580566,1957600
2009-03-02,15.539999961853027,15.720000267028809,15.3100004196167,15.569999694824219,9.963838577270508,1710100
2009-03-03,15.460000038146973,15.6899995803833,14.960000038146973,15.039999961853027,9.624673843383789,1389500
2009-03-04,14.949999809265137,15.75,14.819999694824219,15.460000038146973,9.893448829650879,1715000
2009-03-05,15.59000015258789,15.630000114440918,15.199999809265137,15.489999771118164,9.91264820098877,2969000
2009-03-06,15.619999885559082,15.739999771118164,15.170000076293945,15.680000305175781,10.034235954284668,1513700
2009-03-09,15.859999656677246,15.859999656677246,15.3100004196167,15.489999771118164,9.91264820098877,1247600
2009-03-10,15.739999771118164,15.90999984741211,15.0600004196167,15.880000114440918,10.162223815917969,1479200
2009-03-11,15.949999809265137,16.020000457763672,15.34000015258789,15.920000076293945,10.187821388244629,1090400
2009-03-12,15.949999809265137,16.260000228881836,15.399999618530273,16.190000534057617,10.360604286193848,1564600
2009-03-13,16.209999084472656,16.700000762939453,15.890000343322754,16.6299991607666,10.642175674438477,1214800
2009-03-16,16.43000030517578,16.81999969482422,16.030000686645508,16.139999389648438,10.32861042022705,1591500
2009-03-17,16.290000915527344,16.780000686645508,15.979999542236328,16.770000457763672,10.731769561767578,987100
2009-03-18,16.690000534057617,17.56999969482422,16.43000030517578,17.559999465942383,11.237321853637695,1437800
2009-03-19,17.559999465942383,17.59000015258789,16.989999771118164,17.06999969482422,10.923752784729004,1375900
2009-03-20,17.049999237060547,17.469999313354492,16.989999771118164,17.030000686645508,10.898150444030762,1073000
2009-03-23,17.309999465942383,17.729999542236328,16.940000534057617,17.700000762939453,11.326910972595215,1385500
2009-03-24,17.5,17.850000381469727,17.200000762939453,17.440000534057617,11.160526275634766,1561000
2009-03-25,17.56999969482422,17.959999084472656,17.34000015258789,17.889999389648438,11.448502540588379,1935700
2009-03-26,17.950000762939453,18.329999923706055,17.760000228881836,18.200000762939453,11.646883964538574,1362500
2009-03-27,17.8700008392334,17.8700008392334,17.229999542236328,17.25,11.236501693725586,1365800
2009-03-30,16.989999771118164,17.1200008392334,16.6299991607666,16.670000076293945,10.858694076538086,1342200
2009-03-31,16.809999465942383,17.149999618530273,16.440000534057617,17.0,11.07365894317627,1351900
2009-04-01,16.860000610351562,17.020000457763672,16.510000228881836,16.860000610351562,10.982462882995605,1170200
2009-04-02,17.079999923706055,17.25,16.670000076293945,16.860000610351562,10.982462882995605,1380200
2009-04-03,16.90999984741211,17.530000686645508,16.520000457763672,17.510000228881836,11.405867576599121,2329100
2009-04-06,17.3799991607666,17.56999969482422,17.219999313354492,17.31999969482422,11.2821044921875,875300
2009-04-07,17.15999984741211,17.40999984741211,16.989999771118164,17.149999618530273,11.171368598937988,867500
2009-04-08,17.25,17.399999618530273,16.969999313354492,17.229999542236328,11.223474502563477,621700
2009-04-09,17.510000228881836,18.09000015258789,17.110000610351562,18.079999923706055,11.777158737182617,2260100
2009-04-13,17.8799991607666,18.040000915527344,17.559999465942383,18.0,11.725050926208496,873500
2009-04-14,18.030000686645508,18.079999923706055,17.579999923706055,17.600000381469727,11.464493751525879,1217600
2009-04-15,17.729999542236328,18.459999084472656,17.579999923706055,18.450000762939453,12.018172264099121,985000
2009-04-16,18.559999465942383,18.850000381469727,18.190000534057617,18.739999771118164,12.20708179473877,927300
2009-04-17,18.719999313354492,18.940000534057617,18.440000534057617,18.780000686645508,12.233132362365723,1236400
2009-04-20,18.489999771118164,18.950000762939453,18.18000030517578,18.190000534057617,11.84881591796875,1204200
2009-04-21,18.030000686645508,18.649999618530273,16.860000610351562,18.6200008392334,12.128907203674316,1490800
2009-04-22,18.3799991607666,18.65999984741211,17.739999771118164,18.149999618530273,11.822757720947266,1398800
2009-04-23,18.34000015258789,18.34000015258789,17.450000762939453,18.040000915527344,11.751104354858398,1184600
2009-04-24,18.1299991607666,18.510000228881836,17.700000762939453,18.3799991607666,11.972576141357422,1440900
2009-04-27,18.280000686645508,19.190000534057617,18.280000686645508,19.020000457763672,12.389470100402832,1896100
2009-04-28,18.600000381469727,19.219999313354492,18.5,19.049999237060547,12.40900993347168,1515100
2009-04-29,22.0,22.549999237060547,21.440000534057617,22.450000762939453,14.623733520507812,3520400
2009-04-30,22.5,23.25,22.459999084472656,22.479999542236328,14.64328670501709,2019700
2009-05-01,22.489999771118164,22.489999771118164,21.299999237060547,21.389999389648438,13.933271408081055,1880100
2009-05-04,21.149999618530273,21.610000610351562,21.040000915527344,21.450000762939453,13.97235107421875,2555600
2009-05-05,21.420000076293945,21.8700008392334,21.34000015258789,21.700000762939453,14.135193824768066,1410200
2009-05-06,21.84000015258789,21.84000015258789,21.229999542236328,21.530000686645508,14.024457931518555,1776800
2009-05-07,21.770000457763672,21.899999618530273,21.100000381469727,21.139999389648438,13.770417213439941,1649900
2009-05-08,21.549999237060547,22.06999969482422,21.09000015258789,22.06999969482422,14.37621021270752,1196300
2009-05-11,21.43000030517578,21.950000762939453,21.0,21.450000762939453,13.97235107421875,1154200
2009-05-12,21.579999923706055,21.950000762939453,21.18000030517578,21.280000686645508,13.861618995666504,1169800
2009-05-13,21.15999984741211,21.549999237060547,20.670000076293945,20.670000076293945,13.464265823364258,1253000
2009-05-14,20.709999084472656,20.940000534057617,20.520000457763672,20.799999237060547,13.548945426940918,1299300
2009-05-15,20.81999969482422,21.0,20.559999465942383,20.829999923706055,13.568489074707031,997300
2009-05-18,20.84000015258789,21.239999771118164,20.43000030517578,21.170000076293945,13.789960861206055,1283800
2009-05-19,21.06999969482422,21.1200008392334,20.530000686645508,20.639999389648438,13.444722175598145,769700
2009-05-20,20.65999984741211,20.950000762939453,20.350000381469727,20.389999389648438,13.281872749328613,760000
2009-05-21,20.329999923706055,20.600000381469727,20.200000762939453,20.549999237060547,13.386094093322754,768900
2009-05-22,20.520000457763672,20.920000076293945,20.34000015258789,20.5,13.35352611541748,696200
2009-05-26,20.579999923706055,20.8799991607666,20.06999969482422,20.8700008392334,13.59454345703125,927600
2009-05-27,20.790000915527344,20.829999923706055,20.100000381469727,20.1299991607666,13.11251163482666,726600
2009-05-28,20.31999969482422,20.670000076293945,20.049999237060547,20.56999969482422,13.399123191833496,651700
2009-05-29,20.309999465942383,20.950000762939453,20.190000534057617,20.950000762939453,13.646656036376953,714000
2009-06-01,21.0,21.280000686645508,20.549999237060547,21.200000762939453,13.809497833251953,1204100
2009-06-02,21.31999969482422,21.799999237060547,20.899999618530273,21.440000534057617,13.965829849243164,725800
2009-06-03,21.110000610351562,21.329999923706055,20.719999313354492,21.18000030517578,13.79647159576416,695100
2009-06-04,21.260000228881836,21.3700008392334,21.040000915527344,21.309999465942383,13.881155014038086,715400
2009-06-05,21.40999984741211,21.559999465942383,21.06999969482422,21.43000030517578,13.959317207336426,725100
2009-06-08,21.25,21.540000915527344,21.09000015258789,21.469999313354492,13.985367774963379,518200
2009-06-09,21.25,21.670000076293945,21.25,21.579999923706055,14.057024955749512,449400
2009-06-10,21.670000076293945,21.75,21.459999084472656,21.719999313354492,14.148224830627441,561700
2009-06-11,21.459999084472656,21.84000015258789,21.290000915527344,21.459999084472656,13.978859901428223,506200
2009-06-12,21.489999771118164,21.489999771118164,20.75,21.200000762939453,13.809497833251953,423100
2009-06-15,21.079999923706055,21.3799991607666,21.049999237060547,21.139999389648438,13.770417213439941,539600
2009-06-16,21.239999771118164,21.389999389648438,21.079999923706055,21.149999618530273,13.776932716369629,501300
2009-06-17,21.149999618530273,21.59000015258789,21.149999618530273,21.260000228881836,13.848589897155762,541600
2009-06-18,21.329999923706055,21.600000381469727,21.170000076293945,21.450000762939453,13.97235107421875,719400
2009-06-19,21.600000381469727,21.920000076293945,21.489999771118164,21.690000534057617,14.128684043884277,919000
2009-06-22,21.670000076293945,22.0,21.40999984741211,21.43000030517578,13.959317207336426,968300
2009-06-23,21.440000534057617,21.899999618530273,21.420000076293945,21.81999969482422,14.213364601135254,1006800
2009-06-24,21.93000030517578,21.950000762939453,21.600000381469727,21.739999771118164,14.161249160766602,534500
2009-06-25,21.809999465942383,21.950000762939453,21.530000686645508,21.93000030517578,14.285017013549805,686400
2009-06-26,21.700000762939453,21.790000915527344,21.209999084472656,21.290000915527344,14.073487281799316,2052400
2009-06-29,21.5,21.600000381469727,21.299999237060547,21.56999969482422,14.258576393127441,615500
2009-06-30,21.600000381469727,21.600000381469727,21.280000686645508,21.34000015258789,14.106534957885742,655100
2009-07-01,21.43000030517578,21.510000228881836,20.959999084472656,21.350000381469727,14.113144874572754,761000
2009-07-02,21.200000762939453,21.3700008392334,20.920000076293945,20.920000076293945,13.828901290893555,567400
2009-07-06,20.950000762939453,21.139999389648438,20.760000228881836,21.049999237060547,13.914835929870605,592600
2009-07-07,20.969999313354492,21.190000534057617,20.600000381469727,20.610000610351562,13.623984336853027,499700
2009-07-08,20.700000762939453,20.780000686645508,20.200000762939453,20.3799991607666,13.471936225891113,893000
2009-07-09,20.549999237060547,20.709999084472656,20.200000762939453,20.65999984741211,13.65703010559082,491700
2009-07-10,20.600000381469727,20.780000686645508,20.399999618530273,20.510000228881836,13.557878494262695,475200
2009-07-13,20.6299991607666,21.049999237060547,20.549999237060547,21.049999237060547,13.914835929870605,880700
2009-07-14,20.989999771118164,21.219999313354492,20.780000686645508,21.219999313354492,14.02721118927002,571400
2009-07-15,21.399999618530273,21.700000762939453,21.170000076293945,21.579999923706055,14.265181541442871,1055200
2009-07-16,21.530000686645508,21.899999618530273,21.290000915527344,21.770000457763672,14.390783309936523,568600
2009-07-17,21.790000915527344,21.899999618530273,21.540000915527344,21.780000686645508,14.397396087646484,440100
2009-07-20,21.739999771118164,21.860000610351562,21.59000015258789,21.84000015258789,14.437055587768555,542100
2009-07-21,21.860000610351562,21.899999618530273,21.5,21.610000610351562,14.28502082824707,400700
2009-07-22,21.530000686645508,21.959999084472656,21.530000686645508,21.760000228881836,14.384173393249512,580500
2009-07-23,21.809999465942383,22.350000381469727,21.690000534057617,22.239999771118164,14.701471328735352,701300
2009-07-24,22.030000686645508,22.239999771118164,21.860000610351562,22.229999542236328,14.69485855102539,467000
2009-07-27,22.229999542236328,22.8700008392334,21.989999771118164,22.709999084472656,15.01215648651123,877200
2009-07-28,22.649999618530273,22.829999923706055,22.549999237060547,22.600000381469727,14.93944263458252,643800
2009-07-29,22.700000762939453,23.450000762939453,22.700000762939453,23.190000534057617,15.329455375671387,1009800
2009-07-30,23.389999389648438,23.459999084472656,22.799999237060547,22.899999618530273,15.137755393981934,955000
2009-07-31,22.780000686645508,23.18000030517578,22.780000686645508,22.899999618530273,15.137755393981934,982500
2009-08-03,23.190000534057617,23.239999771118164,22.8799991607666,23.040000915527344,15.23029899597168,691300
2009-08-04,23.030000686645508,23.3799991607666,22.84000015258789,23.25,15.369118690490723,578200
2009-08-05,23.309999465942383,23.65999984741211,23.219999313354492,23.510000228881836,15.54098892211914,732500
2009-08-06,23.520000457763672,23.6299991607666,23.149999618530273,23.270000457763672,15.382342338562012,588500
2009-08-07,23.530000686645508,23.559999465942383,23.270000457763672,23.399999618530273,15.46827507019043,609700
2009-08-10,23.34000015258789,23.520000457763672,23.190000534057617,23.260000228881836,15.375728607177734,436900
2009-08-11,23.280000686645508,23.950000762939453,23.239999771118164,23.760000228881836,15.706246376037598,765300
2009-08-12,23.780000686645508,24.43000030517578,23.65999984741211,24.299999237060547,16.06321144104004,770400
2009-08-13,23.690000534057617,24.469999313354492,23.510000228881836,24.469999313354492,16.17558479309082,1722200
2009-08-14,24.360000610351562,24.360000610351562,23.989999771118164,24.31999969482422,16.076435089111328,797100
2009-08-17,24.079999923706055,24.190000534057617,23.729999542236328,23.899999618530273,15.798794746398926,801300
2009-08-18,23.989999771118164,23.989999771118164,23.34000015258789,23.40999984741211,15.474881172180176,943000
2009-08-19,23.31999969482422,23.520000457763672,23.100000381469727,23.270000457763672,15.382342338562012,632800
2009-08-20,23.219999313354492,23.600000381469727,23.170000076293945,23.600000381469727,15.600479125976562,420400
2009-08-21,23.719999313354492,24.1200008392334,23.6200008392334,23.93000030517578,15.818621635437012,547500
2009-08-24,24.020000457763672,24.200000762939453,23.850000381469727,23.93000030517578,15.818621635437012,380700
2009-08-25,23.959999084472656,24.149999618530273,23.809999465942383,24.010000228881836,15.87150764465332,360600
2009-08-26,24.020000457763672,24.15999984741211,23.809999465942383,23.8700008392334,15.778965950012207,514800
2009-08-27,23.8700008392334,23.93000030517578,23.510000228881836,23.829999923706055,15.752522468566895,478400
2009-08-28,23.8700008392334,23.90999984741211,23.440000534057617,23.600000381469727,15.600479125976562,666200
2009-08-31,23.360000610351562,23.829999923706055,23.360000610351562,23.770000457763672,15.712854385375977,581400
2009-09-01,23.690000534057617,23.899999618530273,23.450000762939453,23.459999084472656,15.507933616638184,692200
2009-09-02,23.360000610351562,23.559999465942383,23.219999313354492,23.399999618530273,15.46827507019043,371800
2009-09-03,23.559999465942383,23.559999465942383,22.950000762939453,23.43000030517578,15.488105773925781,423800
2009-09-04,23.43000030517578,23.6299991607666,23.25,23.6299991607666,15.620308876037598,287900
2009-09-08,23.770000457763672,23.84000015258789,23.459999084472656,23.520000457763672,15.547598838806152,402700
2009-09-09,23.510000228881836,23.899999618530273,23.360000610351562,23.799999237060547,15.732690811157227,460100
2009-09-10,23.739999771118164,24.020000457763672,23.65999984741211,23.989999771118164,15.858282089233398,459100
2009-09-11,23.989999771118164,24.110000610351562,23.799999237060547,23.8700008392334,15.778965950012207,327200
2009-09-14,23.829999923706055,24.209999084472656,23.639999389648438,24.170000076293945,15.977274894714355,377600
2009-09-15,24.15999984741211,24.200000762939453,23.969999313354492,24.100000381469727,15.931000709533691,530900
2009-09-16,24.09000015258789,24.559999465942383,23.969999313354492,24.559999465942383,16.235076904296875,739600
2009-09-17,24.549999237060547,24.700000762939453,24.209999084472656,24.260000228881836,16.03676414489746,438900
2009-09-18,24.260000228881836,24.31999969482422,24.040000915527344,24.06999969482422,15.91116714477539,531200
2009-09-21,23.920000076293945,24.389999389648438,23.920000076293945,24.139999389648438,15.95744514465332,500200
2009-09-22,24.229999542236328,24.229999542236328,23.709999084472656,23.829999923706055,15.752522468566895,431900
2009-09-23,23.93000030517578,24.780000686645508,23.75,24.520000457763672,16.20863151550293,879000
2009-09-24,24.579999923706055,25.0,24.440000534057617,24.889999389648438,16.453222274780273,879600
2009-09-25,24.899999618530273,24.959999084472656,24.700000762939453,24.850000381469727,16.42677879333496,1110700
2009-09-28,24.729999542236328,25.0,24.549999237060547,24.90999984741211,16.68125343322754,885400
2009-09-29,24.920000076293945,24.989999771118164,24.649999618530273,24.760000228881836,16.580799102783203,386500
2009-09-30,24.850000381469727,24.889999389648438,24.290000915527344,24.3700008392334,16.319631576538086,779200
2009-10-01,24.389999389648438,24.540000915527344,23.860000610351562,23.889999389648438,15.998189926147461,727600
2009-10-02,23.739999771118164,23.8799991607666,23.6200008392334,23.719999313354492,15.884347915649414,687800
2009-10-05,23.84000015258789,23.84000015258789,23.559999465942383,23.760000228881836,15.91114330291748,452400
2009-10-06,23.809999465942383,24.079999923706055,23.75,24.030000686645508,16.091951370239258,294500
2009-10-07,23.950000762939453,24.18000030517578,23.780000686645508,24.18000030517578,16.19239616394043,407300
2009-10-08,24.309999465942383,24.56999969482422,24.209999084472656,24.389999389648438,16.333024978637695,413900
2009-10-09,24.350000381469727,24.610000610351562,24.260000228881836,24.56999969482422,16.453561782836914,318800
2009-10-12,24.549999237060547,24.549999237060547,24.3700008392334,24.450000762939453,16.373205184936523,209900
2009-10-13,24.350000381469727,24.510000228881836,24.06999969482422,24.209999084472656,16.212486267089844,286900
2009-10-14,24.329999923706055,24.530000686645508,24.25,24.489999771118164,16.399995803833008,364300
2009-10-15,24.440000534057617,24.649999618530273,24.329999923706055,24.600000381469727,16.473657608032227,269200
2009-10-16,24.450000762939453,24.56999969482422,24.079999923706055,24.40999984741211,16.34642219543457,367600
2009-10-19,24.40999984741211,24.489999771118164,24.280000686645508,24.34000015258789,16.29953956604004,326700
2009-10-20,24.290000915527344,24.3700008392334,24.020000457763672,24.049999237060547,16.1053409576416,471600
2009-10-21,24.049999237060547,24.520000457763672,23.90999984741211,23.920000076293945,16.01828956604004,465000
2009-10-22,23.969999313354492,24.520000457763672,23.850000381469727,24.489999771118164,16.399995803833008,409400
2009-10-23,24.559999465942383,24.600000381469727,24.040000915527344,24.299999237060547,16.27275848388672,462800
2009-10-26,24.3700008392334,24.610000610351562,24.06999969482422,24.139999389648438,16.165607452392578,566700
2009-10-27,24.209999084472656,24.389999389648438,23.969999313354492,24.010000228881836,16.078550338745117,518700
2009-10-28,23.18000030517578,23.889999389648438,22.219999313354492,22.389999389648438,14.993703842163086,1369600
2009-10-29,22.459999084472656,22.690000534057617,22.239999771118164,22.670000076293945,15.181206703186035,864300
2009-10-30,22.540000915527344,22.540000915527344,22.15999984741211,22.309999465942383,14.9401273727417,926200
2009-11-02,22.420000076293945,22.649999618530273,22.0,22.3799991607666,14.987006187438965,524400
2009-11-03,22.389999389648438,22.649999618530273,22.239999771118164,22.600000381469727,15.134330749511719,743000
2009-11-04,22.670000076293945,22.90999984741211,22.5,22.510000228881836,15.074056625366211,511500
2009-11-05,22.709999084472656,22.90999984741211,22.559999465942383,22.8700008392334,15.315139770507812,740800
2009-11-06,22.799999237060547,22.899999618530273,22.65999984741211,22.860000610351562,15.308441162109375,490600
2009-11-09,22.899999618530273,23.350000381469727,22.84000015258789,23.329999923706055,15.623183250427246,371400
2009-11-10,23.239999771118164,23.40999984741211,23.020000457763672,23.170000076293945,15.516036033630371,357200
2009-11-11,23.360000610351562,23.450000762939453,23.110000610351562,23.299999237060547,15.6030912399292,436600
2009-11-12,23.25,23.40999984741211,22.8799991607666,22.899999618530273,15.33523178100586,327500
2009-11-13,23.020000457763672,23.1200008392334,22.860000610351562,22.979999542236328,15.388802528381348,230900
2009-11-16,23.059999465942383,23.3799991607666,23.059999465942383,23.229999542236328,15.556225776672363,406300
2009-11-17,23.100000381469727,23.270000457763672,23.049999237060547,23.229999542236328,15.556225776672363,330900
2009-11-18,23.219999313354492,23.299999237060547,23.040000915527344,23.110000610351562,15.475860595703125,265100
2009-11-19,22.950000762939453,23.040000915527344,22.43000030517578,22.489999771118164,15.06067180633545,364600
2009-11-20,22.350000381469727,22.530000686645508,22.290000915527344,22.459999084472656,15.040579795837402,219100
2009-11-23,22.690000534057617,22.84000015258789,22.56999969482422,22.760000228881836,15.241477012634277,390000
2009-11-24,22.719999313354492,22.829999923706055,22.56999969482422,22.719999313354492,15.214690208435059,264800
2009-11-25,22.81999969482422,22.899999618530273,22.579999923706055,22.700000762939453,15.201299667358398,152600
2009-11-27,22.299999237060547,22.549999237060547,22.1200008392334,22.229999542236328,14.886554718017578,212100
2009-11-30,22.149999618530273,22.420000076293945,21.950000762939453,22.399999618530273,15.000395774841309,616800
2009-12-01,22.399999618530273,22.559999465942383,22.299999237060547,22.530000686645508,15.087461471557617,325800
2009-12-02,22.579999923706055,22.6200008392334,22.40999984741211,22.540000915527344,15.094157218933105,216900
2009-12-03,22.559999465942383,22.610000610351562,22.290000915527344,22.299999237060547,14.933432579040527,306900
2009-12-04,22.489999771118164,22.719999313354492,22.309999465942383,22.600000381469727,15.134330749511719,329700
2009-12-07,22.6299991607666,22.649999618530273,22.469999313354492,22.559999465942383,15.107542037963867,416600
2009-12-08,22.43000030517578,22.540000915527344,22.280000686645508,22.360000610351562,14.973612785339355,224300
2009-12-09,22.280000686645508,22.389999389648438,22.100000381469727,22.209999084472656,14.87315845489502,445500
2009-12-10,22.280000686645508,22.43000030517578,22.1200008392334,22.25,14.899951934814453,433800
2009-12-11,22.219999313354492,22.31999969482422,22.110000610351562,22.200000762939453,14.866469383239746,428500
2009-12-14,22.229999542236328,22.3799991607666,22.1200008392334,22.3799991607666,14.987006187438965,372200
2009-12-15,22.3799991607666,22.56999969482422,22.229999542236328,22.559999465942383,15.107542037963867,541400
2009-12-16,22.68000030517578,22.68000030517578,22.219999313354492,22.389999389648438,14.993703842163086,573100
2009-12-17,22.219999313354492,22.360000610351562,21.8799991607666,22.18000030517578,14.853078842163086,1077500
2009-12-18,22.190000534057617,22.200000762939453,21.959999084472656,22.049999237060547,14.766020774841309,1833300
2009-12-21,22.09000015258789,22.260000228881836,22.030000686645508,22.100000381469727,14.7995023727417,351500
2009-12-22,22.110000610351562,22.3700008392334,22.010000228881836,22.3700008392334,14.980306625366211,568200
2009-12-23,22.450000762939453,22.59000015258789,22.219999313354492,22.3700008392334,14.980306625366211,598700
2009-12-24,22.3700008392334,22.65999984741211,22.280000686645508,22.530000686645508,15.087461471557617,367100
2009-12-28,22.6299991607666,22.850000381469727,22.489999771118164,22.790000915527344,15.261563301086426,408800
2009-12-29,22.709999084472656,22.90999984741211,22.459999084472656,22.8799991607666,15.5400390625,338700
2009-12-30,22.889999389648438,23.09000015258789,22.780000686645508,22.8799991607666,15.5400390625,392600
2009-12-31,22.829999923706055,22.8799991607666,22.510000228881836,22.510000228881836,15.288738250732422,368700
2010-01-04,22.600000381469727,22.809999465942383,22.280000686645508,22.329999923706055,15.166483879089355,379300
2010-01-05,22.350000381469727,22.420000076293945,21.899999618530273,22.209999084472656,15.084980964660645,545700
2010-01-06,22.260000228881836,22.440000534057617,22.110000610351562,22.219999313354492,15.091763496398926,349400
2010-01-07,22.100000381469727,22.149999618530273,21.959999084472656,22.079999923706055,14.996679306030273,633500
2010-01-08,22.100000381469727,22.18000030517578,22.0,22.139999389648438,15.037431716918945,391300
2010-01-11,22.139999389648438,22.299999237060547,22.049999237060547,22.170000076293945,15.05781078338623,582600
2010-01-12,22.100000381469727,22.350000381469727,22.100000381469727,22.299999237060547,15.146102905273438,447000
2010-01-13,22.309999465942383,22.360000610351562,22.200000762939453,22.290000915527344,15.139311790466309,244200
2010-01-14,22.219999313354492,22.280000686645508,22.1299991607666,22.229999542236328,15.09856128692627,299400
2010-01-15,22.239999771118164,22.280000686645508,21.979999542236328,22.0,14.942343711853027,243300
2010-01-19,22.020000457763672,22.260000228881836,22.020000457763672,22.25,15.112137794494629,400800
2010-01-20,22.079999923706055,22.139999389648438,21.899999618530273,22.139999389648438,15.037431716918945,278800
2010-01-21,22.09000015258789,22.3700008392334,22.020000457763672,22.309999465942383,15.152889251708984,501600
2010-01-22,22.360000610351562,22.729999542236328,22.309999465942383,22.700000762939453,15.417781829833984,778500
2010-01-25,22.81999969482422,23.34000015258789,22.68000030517578,22.81999969482422,15.499283790588379,558700
2010-01-26,22.84000015258789,22.989999771118164,22.65999984741211,22.65999984741211,15.390612602233887,317000
2010-01-27,22.59000015258789,22.829999923706055,22.31999969482422,22.479999542236328,15.268356323242188,561700
2010-01-28,22.549999237060547,22.739999771118164,22.270000457763672,22.600000381469727,15.349863052368164,385900
2010-01-29,22.65999984741211,22.979999542236328,22.549999237060547,22.549999237060547,15.315900802612305,470000
2010-02-01,22.610000610351562,22.84000015258789,22.530000686645508,22.780000686645508,15.472113609313965,404700
2010-02-02,22.829999923706055,23.0,22.549999237060547,22.700000762939453,15.417781829833984,903500
2010-02-03,22.799999237060547,24.1200008392334,22.799999237060547,23.739999771118164,16.124143600463867,1457900
2010-02-04,23.5,23.780000686645508,23.31999969482422,23.559999465942383,16.00189208984375,925300
2010-02-05,23.489999771118164,23.520000457763672,22.81999969482422,23.100000381469727,15.689460754394531,843400
2010-02-08,23.25,23.25,22.709999084472656,22.770000457763672,15.46532917022705,571100
2010-02-09,22.920000076293945,23.0,22.719999313354492,22.860000610351562,15.526456832885742,530800
2010-02-10,22.850000381469727,22.950000762939453,22.709999084472656,22.8799991607666,15.5400390625,339600
2010-02-11,22.899999618530273,23.0,22.760000228881836,22.940000534057617,15.580790519714355,304500
2010-02-12,22.850000381469727,22.979999542236328,22.68000030517578,22.979999542236328,15.607954978942871,523700
2010-02-16,23.040000915527344,23.040000915527344,22.760000228881836,23.040000915527344,15.648710250854492,399100
2010-02-17,23.059999465942383,23.329999923706055,22.950000762939453,23.270000457763672,15.80492877960205,588600
2010-02-18,23.280000686645508,23.360000610351562,23.149999618530273,23.34000015258789,15.8524751663208,443600
2010-02-19,23.34000015258789,23.540000915527344,23.280000686645508,23.540000915527344,15.988306999206543,361100
2010-02-22,23.600000381469727,23.6200008392334,23.40999984741211,23.610000610351562,16.035858154296875,317200
2010-02-23,23.600000381469727,23.809999465942383,23.489999771118164,23.719999313354492,16.110570907592773,455900
2010-02-24,23.790000915527344,23.8799991607666,23.729999542236328,23.8700008392334,16.212451934814453,378800
2010-02-25,23.6299991607666,23.799999237060547,23.59000015258789,23.770000457763672,16.144521713256836,362500
2010-02-26,23.790000915527344,23.829999923706055,23.59000015258789,23.729999542236328,16.11735725402832,480800
2010-03-01,23.770000457763672,24.030000686645508,23.700000762939453,24.020000457763672,16.31432342529297,567700
2010-03-02,24.010000228881836,24.15999984741211,23.8799991607666,24.1299991607666,16.38903045654297,484400
2010-03-03,24.09000015258789,24.31999969482422,24.059999465942383,24.290000915527344,16.49771499633789,389100
2010-03-04,24.389999389648438,24.5,24.020000457763672,24.170000076293945,16.416208267211914,482800
2010-03-05,24.31999969482422,24.450000762939453,24.049999237060547,24.43000030517578,16.592788696289062,334800
2010-03-08,24.420000076293945,24.559999465942383,24.360000610351562,24.389999389648438,16.565622329711914,541200
2010-03-09,24.3700008392334,24.479999542236328,24.190000534057617,24.43000030517578,16.592788696289062,728800
2010-03-10,24.420000076293945,24.639999389648438,24.200000762939453,24.639999389648438,16.735429763793945,768400
2010-03-11,24.579999923706055,24.809999465942383,24.459999084472656,24.729999542236328,16.79655647277832,434900
2010-03-12,24.860000610351562,25.209999084472656,24.700000762939453,25.209999084472656,17.122570037841797,729200
2010-03-15,25.25,25.440000534057617,25.049999237060547,25.31999969482422,17.197284698486328,625900
2010-03-16,25.299999237060547,25.610000610351562,25.290000915527344,25.489999771118164,17.3127498626709,496500
2010-03-17,25.559999465942383,25.68000030517578,25.399999618530273,25.639999389648438,17.414627075195312,325300
2010-03-18,25.700000762939453,25.84000015258789,25.610000610351562,25.729999542236328,17.475751876831055,327900
2010-03-19,25.579999923706055,25.600000381469727,24.959999084472656,25.579999923706055,17.37387466430664,915900
2010-03-22,25.5,25.5,24.920000076293945,24.969999313354492,16.95956039428711,2011100
2010-03-23,24.93000030517578,25.209999084472656,24.760000228881836,25.209999084472656,17.122570037841797,746600
2010-03-24,25.170000076293945,25.170000076293945,24.739999771118164,25.059999465942383,17.020689010620117,510500
2010-03-25,25.18000030517578,25.280000686645508,25.059999465942383,25.170000076293945,17.095399856567383,569800
2010-03-26,25.25,25.309999465942383,25.020000457763672,25.09000015258789,17.041065216064453,410500
2010-03-29,25.010000228881836,25.1200008392334,24.770000457763672,24.950000762939453,17.164899826049805,450800
2010-03-30,25.010000228881836,25.040000915527344,24.760000228881836,24.90999984741211,17.13737678527832,425100
2010-03-31,24.829999923706055,24.940000534057617,24.530000686645508,24.549999237060547,16.889707565307617,451000
2010-04-01,24.59000015258789,24.729999542236328,24.329999923706055,24.5,16.85531234741211,463400
2010-04-05,24.5,24.649999618530273,24.459999084472656,24.600000381469727,16.924108505249023,510200
2010-04-06,24.459999084472656,24.81999969482422,24.459999084472656,24.729999542236328,17.013545989990234,467900
2010-04-07,24.56999969482422,24.770000457763672,24.459999084472656,24.68000030517578,16.979145050048828,455200
2010-04-08,24.68000030517578,24.729999542236328,24.5,24.579999923706055,16.910354614257812,537900
2010-04-09,24.510000228881836,24.6200008392334,24.290000915527344,24.610000610351562,16.930988311767578,398900
2010-04-12,24.549999237060547,24.809999465942383,24.299999237060547,24.809999465942383,17.068584442138672,307200
2010-04-13,24.709999084472656,25.020000457763672,24.709999084472656,25.020000457763672,17.21306037902832,410200
2010-04-14,25.010000228881836,25.239999771118164,24.989999771118164,25.239999771118164,17.36440658569336,286500
2010-04-15,25.18000030517578,25.420000076293945,25.100000381469727,25.34000015258789,17.43320655822754,454200
2010-04-16,25.350000381469727,25.530000686645508,25.170000076293945,25.3700008392334,17.453847885131836,598800
2010-04-19,25.25,25.440000534057617,25.06999969482422,25.399999618530273,17.4744930267334,505100
2010-04-20,25.489999771118164,25.84000015258789,25.309999465942383,25.84000015258789,17.777198791503906,437800
2010-04-21,25.790000915527344,25.889999389648438,25.510000228881836,25.760000228881836,17.72215461730957,551300
2010-04-22,25.68000030517578,26.350000381469727,25.510000228881836,26.309999465942383,18.100542068481445,631800
2010-04-23,26.5,27.0,26.209999084472656,26.510000228881836,18.238136291503906,782600
2010-04-26,26.549999237060547,26.649999618530273,26.3799991607666,26.440000534057617,18.189983367919922,520000
2010-04-27,26.399999618530273,26.790000915527344,26.020000457763672,26.059999465942383,17.92854881286621,752400
2010-04-28,26.209999084472656,26.290000915527344,25.709999084472656,25.809999465942383,17.756555557250977,706800
2010-04-29,25.850000381469727,26.559999465942383,25.799999237060547,26.559999465942383,18.272531509399414,785200
2010-04-30,26.5,26.559999465942383,26.219999313354492,26.270000457763672,18.073028564453125,560900
2010-05-03,26.3799991607666,26.610000610351562,26.299999237060547,26.59000015258789,18.29317855834961,496700
2010-05-04,26.350000381469727,26.530000686645508,26.260000228881836,26.40999984741211,18.169342041015625,675100
2010-05-05,26.15999984741211,26.5,25.739999771118164,25.8700008392334,17.797832489013672,855000
2010-05-06,25.760000228881836,25.850000381469727,22.6299991607666,24.579999923706055,16.910354614257812,1912500
2010-05-07,24.6200008392334,24.729999542236328,24.030000686645508,24.290000915527344,16.71083641052246,1491500
2010-05-10,25.239999771118164,25.239999771118164,24.600000381469727,25.190000534057617,17.330018997192383,584300
2010-05-11,24.90999984741211,25.579999923706055,24.90999984741211,25.290000915527344,17.398815155029297,446600
2010-05-12,25.420000076293945,25.540000915527344,25.139999389648438,25.459999084472656,17.515769958496094,508400
2010-05-13,25.3799991607666,25.450000762939453,25.190000534057617,25.190000534057617,17.330018997192383,631500
2010-05-14,25.010000228881836,25.200000762939453,24.940000534057617,25.1299991607666,17.28873634338379,880400
2010-05-17,25.139999389648438,25.260000228881836,24.6299991607666,25.110000610351562,17.274974822998047,593900
2010-05-18,25.360000610351562,25.360000610351562,24.84000015258789,25.0,17.199298858642578,820600
2010-05-19,24.850000381469727,25.1299991607666,24.690000534057617,24.899999618530273,17.130504608154297,560200
2010-05-20,24.510000228881836,24.829999923706055,24.43000030517578,24.43000030517578,16.80714988708496,1326600
2010-05-21,24.170000076293945,24.670000076293945,23.93000030517578,24.649999618530273,16.95851707458496,965300
2010-05-24,24.520000457763672,24.670000076293945,24.399999618530273,24.450000762939453,16.82091522216797,469700
2010-05-25,23.850000381469727,24.190000534057617,23.65999984741211,24.149999618530273,16.614530563354492,549600
2010-05-26,24.190000534057617,24.3700008392334,23.920000076293945,23.950000762939453,16.4769287109375,620700
2010-05-27,24.34000015258789,24.850000381469727,24.209999084472656,24.84000015258789,17.089231491088867,620700
2010-05-28,24.770000457763672,24.920000076293945,24.559999465942383,24.690000534057617,16.98603057861328,348900
2010-06-01,24.6200008392334,24.8700008392334,24.3700008392334,24.3700008392334,16.7658748626709,410900
2010-06-02,24.40999984741211,24.700000762939453,24.280000686645508,24.700000762939453,16.992910385131836,458900
2010-06-03,25.65999984741211,25.65999984741211,24.8700008392334,25.540000915527344,17.570804595947266,778200
2010-06-04,25.200000762939453,25.34000015258789,24.489999771118164,24.520000457763672,16.86907386779785,566200
2010-06-07,24.6299991607666,24.739999771118164,24.290000915527344,24.290000915527344,16.71083641052246,448000
2010-06-08,24.280000686645508,24.459999084472656,23.959999084472656,24.420000076293945,16.800281524658203,543800
2010-06-09,24.549999237060547,24.649999618530273,24.239999771118164,24.270000457763672,16.697078704833984,632200
2010-06-10,24.639999389648438,24.81999969482422,24.530000686645508,24.790000915527344,17.054828643798828,389900
2010-06-11,24.549999237060547,25.100000381469727,24.530000686645508,25.079999923706055,17.25433349609375,349000
2010-06-14,25.290000915527344,25.549999237060547,25.1200008392334,25.360000610351562,17.446971893310547,859300
2010-06-15,25.420000076293945,25.770000457763672,25.280000686645508,25.739999771118164,17.708396911621094,519500
2010-06-16,25.649999618530273,25.75,25.440000534057617,25.719999313354492,17.69463348388672,499100
2010-06-17,25.790000915527344,25.799999237060547,25.360000610351562,25.670000076293945,17.660240173339844,482900
2010-06-18,25.68000030517578,25.68000030517578,25.350000381469727,25.65999984741211,17.65336036682129,427300
2010-06-21,25.93000030517578,25.989999771118164,25.729999542236328,25.809999465942383,17.756555557250977,499200
2010-06-22,25.860000610351562,26.049999237060547,25.59000015258789,25.59000015258789,17.605205535888672,373900
2010-06-23,25.600000381469727,25.799999237060547,25.3799991607666,25.670000076293945,17.660240173339844,454300
2010-06-24,25.540000915527344,25.799999237060547,25.5,25.68000030517578,17.667118072509766,613400
2010-06-25,25.670000076293945,26.049999237060547,25.440000534057617,25.899999618530273,17.81847381591797,1962600
2010-06-28,25.75,25.75,25.34000015258789,25.389999389648438,17.68611717224121,614700
2010-06-29,25.1200008392334,25.190000534057617,24.719999313354492,24.790000915527344,17.26818084716797,668800
2010-06-30,24.75,24.889999389648438,24.3799991607666,24.3799991607666,16.982587814331055,549700
2010-07-01,24.360000610351562,24.420000076293945,23.959999084472656,24.389999389648438,16.989547729492188,688400
2010-07-02,24.43000030517578,24.540000915527344,24.200000762939453,24.350000381469727,16.96167755126953,451900
2010-07-06,24.6299991607666,24.709999084472656,24.1299991607666,24.290000915527344,16.91988754272461,380400
2010-07-07,24.290000915527344,24.940000534057617,24.290000915527344,24.920000076293945,17.358732223510742,438800
2010-07-08,25.110000610351562,25.270000457763672,24.899999618530273,25.209999084472656,17.560741424560547,632600
2010-07-09,25.18000030517578,25.3700008392334,25.06999969482422,25.34000015258789,17.651290893554688,246100
2010-07-12,25.219999313354492,25.280000686645508,24.979999542236328,25.1200008392334,17.498046875,277100
2010-07-13,25.270000457763672,26.0,25.25,25.920000076293945,18.055313110351562,582800
2010-07-14,25.770000457763672,25.90999984741211,25.700000762939453,25.809999465942383,17.97868537902832,403000
2010-07-15,25.829999923706055,25.829999923706055,25.489999771118164,25.770000457763672,17.95082664489746,308800
2010-07-16,25.700000762939453,25.75,25.270000457763672,25.280000686645508,17.609500885009766,557800
2010-07-19,25.399999618530273,25.40999984741211,25.020000457763672,25.190000534057617,17.54681396484375,271900
2010-07-20,25.0,25.780000686645508,24.8700008392334,25.780000686645508,17.957782745361328,419700
2010-07-21,25.84000015258789,25.84000015258789,25.270000457763672,25.309999465942383,17.630401611328125,466900
2010-07-22,25.540000915527344,25.809999465942383,25.520000457763672,25.799999237060547,17.971721649169922,654100
2010-07-23,25.719999313354492,25.829999923706055,25.6200008392334,25.829999923706055,17.992626190185547,619400
2010-07-26,25.899999618530273,26.270000457763672,25.809999465942383,26.149999618530273,18.215518951416016,491400
2010-07-27,26.25,26.440000534057617,25.770000457763672,25.989999771118164,18.10407066345215,810100
2010-07-28,25.739999771118164,26.049999237060547,25.149999618530273,25.350000381469727,17.65825843811035,797600
2010-07-29,25.5,25.5,24.809999465942383,25.25,17.58860206604004,731600
2010-07-30,24.889999389648438,25.469999313354492,24.850000381469727,25.420000076293945,17.707027435302734,461300
2010-08-02,25.760000228881836,25.780000686645508,25.239999771118164,25.559999465942383,17.804546356201172,639500
2010-08-03,25.389999389648438,25.579999923706055,25.31999969482422,25.3799991607666,17.679162979125977,406300
2010-08-04,25.459999084472656,25.600000381469727,25.280000686645508,25.329999923706055,17.64433479309082,374200
2010-08-05,25.280000686645508,25.420000076293945,25.1200008392334,25.1299991607666,17.505014419555664,378500
2010-08-06,24.979999542236328,25.489999771118164,24.889999389648438,25.450000762939453,17.72791862487793,520900
2010-08-09,25.610000610351562,25.850000381469727,25.420000076293945,25.850000381469727,18.006553649902344,279300
2010-08-10,25.68000030517578,25.709999084472656,25.450000762939453,25.469999313354492,17.741846084594727,249000
2010-08-11,25.1200008392334,25.190000534057617,24.850000381469727,24.850000381469727,17.30997085571289,376900
2010-08-12,24.5,24.799999237060547,24.5,24.75,17.240318298339844,276800
2010-08-13,24.700000762939453,24.90999984741211,24.600000381469727,24.68000030517578,17.191551208496094,340600
2010-08-16,24.649999618530273,24.799999237060547,24.520000457763672,24.700000762939453,17.205486297607422,385500
2010-08-17,24.770000457763672,25.059999465942383,24.6200008392334,25.020000457763672,17.42839241027832,302500
2010-08-18,25.010000228881836,25.239999771118164,24.729999542236328,25.1200008392334,17.498046875,255900
2010-08-19,25.059999465942383,25.09000015258789,24.709999084472656,24.709999084472656,17.212448120117188,258900
2010-08-20,24.639999389648438,24.81999969482422,24.510000228881836,24.770000457763672,17.25424575805664,239000
2010-08-23,24.780000686645508,24.889999389648438,24.639999389648438,24.670000076293945,17.18459129333496,443700
2010-08-24,24.459999084472656,24.610000610351562,24.34000015258789,24.420000076293945,17.010448455810547,523400
2010-08-25,24.299999237060547,24.8799991607666,24.299999237060547,24.809999465942383,17.282108306884766,522900
2010-08-26,24.899999618530273,25.18000030517578,24.829999923706055,24.889999389648438,17.337831497192383,331500
2010-08-27,25.020000457763672,25.329999923706055,24.719999313354492,25.329999923706055,17.64433479309082,377200
2010-08-30,25.200000762939453,25.399999618530273,24.780000686645508,24.809999465942383,17.282108306884766,338400
2010-08-31,24.719999313354492,24.989999771118164,24.6299991607666,24.850000381469727,17.30997085571289,471300
2010-09-01,25.15999984741211,25.610000610351562,24.969999313354492,25.56999969482422,17.811504364013672,635800
2010-09-02,25.559999465942383,25.739999771118164,25.40999984741211,25.709999084472656,17.90903091430664,526800
2010-09-03,25.989999771118164,26.0,25.600000381469727,25.790000915527344,17.964754104614258,356000
2010-09-07,25.739999771118164,25.81999969482422,25.510000228881836,25.520000457763672,17.776681900024414,340300
2010-09-08,25.6299991607666,25.700000762939453,25.309999465942383,25.329999923706055,17.64433479309082,649900
2010-09-09,25.700000762939453,25.75,25.459999084472656,25.649999618530273,17.86723518371582,263400
2010-09-10,25.729999542236328,25.770000457763672,25.420000076293945,25.6200008392334,17.84633445739746,285900
2010-09-13,25.799999237060547,26.0,25.719999313354492,25.959999084472656,18.083179473876953,331700
2010-09-14,25.889999389648438,26.100000381469727,25.889999389648438,25.950000762939453,18.07620620727539,322300
2010-09-15,25.899999618530273,26.040000915527344,25.829999923706055,25.969999313354492,18.09013557434082,413000
2010-09-16,25.969999313354492,26.100000381469727,25.93000030517578,26.0,18.11103057861328,172100
2010-09-17,26.09000015258789,26.290000915527344,26.030000686645508,26.100000381469727,18.180694580078125,464700
2010-09-20,26.25,26.43000030517578,26.09000015258789,26.40999984741211,18.396636962890625,444300
2010-09-21,26.3799991607666,26.700000762939453,26.360000610351562,26.479999542236328,18.44539451599121,343300
2010-09-22,26.40999984741211,26.600000381469727,26.170000076293945,26.170000076293945,18.229459762573242,325400
2010-09-23,26.040000915527344,26.15999984741211,25.829999923706055,25.84000015258789,17.999588012695312,317600
2010-09-24,26.15999984741211,26.75,26.059999465942383,26.729999542236328,18.619539260864258,443900
2010-09-27,26.65999984741211,26.65999984741211,26.31999969482422,26.420000076293945,18.403602600097656,355600
2010-09-28,26.020000457763672,26.209999084472656,25.899999618530273,26.1299991607666,18.424755096435547,255700
2010-09-29,25.93000030517578,26.40999984741211,25.90999984741211,26.280000686645508,18.530519485473633,317900
2010-09-30,26.34000015258789,26.65999984741211,26.34000015258789,26.3700008392334,18.593984603881836,624500
2010-10-01,26.399999618530273,26.600000381469727,26.06999969482422,26.15999984741211,18.445905685424805,397300
2010-10-04,26.100000381469727,26.34000015258789,25.8700008392334,26.219999313354492,18.488216400146484,442000
2010-10-05,26.459999084472656,26.5,26.06999969482422,26.479999542236328,18.671545028686523,320000
2010-10-06,26.389999389648438,26.459999084472656,26.329999923706055,26.3700008392334,18.593984603881836,242200
2010-10-07,26.5,26.5,26.200000762939453,26.209999084472656,18.481163024902344,112600
2010-10-08,26.200000762939453,26.239999771118164,26.030000686645508,26.15999984741211,18.445905685424805,202100
2010-10-11,26.1299991607666,26.5,26.1299991607666,26.399999618530273,18.61513328552246,214800
2010-10-12,26.389999389648438,26.520000457763672,26.18000030517578,26.510000228881836,18.692699432373047,257800
2010-10-13,26.649999618530273,26.899999618530273,26.489999771118164,26.719999313354492,18.840768814086914,386900
2010-10-14,26.770000457763672,27.0,26.729999542236328,26.93000030517578,18.988849639892578,413900
2010-10-15,27.0,27.1200008392334,26.510000228881836,26.530000686645508,18.706806182861328,506600
2010-10-18,26.6299991607666,27.100000381469727,26.579999923706055,27.100000381469727,19.108713150024414,362900
2010-10-19,26.799999237060547,27.200000762939453,26.780000686645508,26.8700008392334,18.946542739868164,529200
2010-10-20,26.979999542236328,27.260000228881836,26.950000762939453,27.239999771118164,19.207429885864258,340100
2010-10-21,27.25,27.540000915527344,27.18000030517578,27.280000686645508,19.23564338684082,354800
2010-10-22,27.299999237060547,27.450000762939453,27.299999237060547,27.389999389648438,19.31320571899414,148800
2010-10-25,27.469999313354492,27.549999237060547,27.260000228881836,27.510000228881836,19.397817611694336,375800
2010-10-26,27.469999313354492,27.610000610351562,27.18000030517578,27.219999313354492,19.193330764770508,440500
2010-10-27,27.219999313354492,28.719999313354492,27.219999313354492,28.649999618530273,20.201656341552734,1317200
2010-10-28,28.75,28.899999618530273,28.25,28.309999465942383,19.96190643310547,704000
2010-10-29,28.219999313354492,28.3700008392334,28.020000457763672,28.15999984741211,19.856143951416016,377500
2010-11-01,28.09000015258789,28.3700008392334,28.040000915527344,28.18000030517578,19.870250701904297,331400
2010-11-02,28.360000610351562,28.469999313354492,28.219999313354492,28.350000381469727,19.990121841430664,269700
2010-11-03,28.399999618530273,28.530000686645508,28.239999771118164,28.510000228881836,20.102937698364258,468800
2010-11-04,28.690000534057617,28.899999618530273,28.5,28.889999389648438,20.37087631225586,501100
2010-11-05,28.84000015258789,29.0,28.649999618530273,28.829999923706055,20.32857322692871,444400
2010-11-08,28.68000030517578,28.75,28.360000610351562,28.479999542236328,20.081785202026367,371300
2010-11-09,28.5,28.600000381469727,27.969999313354492,27.969999313354492,19.72217559814453,555500
2010-11-10,28.030000686645508,28.25,27.950000762939453,28.200000762939453,19.88435173034668,492000
2010-11-11,28.040000915527344,28.350000381469727,28.030000686645508,28.260000228881836,19.926652908325195,299900
2010-11-12,28.15999984741211,28.260000228881836,27.969999313354492,27.969999313354492,19.72217559814453,315700
2010-11-15,28.010000228881836,28.389999389648438,27.8700008392334,28.209999084472656,19.891399383544922,361900
2010-11-16,28.09000015258789,28.1299991607666,27.690000534057617,27.790000915527344,19.59525489807129,372400
2010-11-17,27.81999969482422,27.989999771118164,27.649999618530273,27.799999237060547,19.602296829223633,237600
2010-11-18,28.0,28.350000381469727,28.0,28.260000228881836,19.926652908325195,246800
2010-11-19,28.190000534057617,28.270000457763672,27.969999313354492,28.260000228881836,19.926652908325195,201500
2010-11-22,28.15999984741211,28.360000610351562,28.110000610351562,28.299999237060547,19.954858779907227,379300
2010-11-23,28.010000228881836,28.219999313354492,27.969999313354492,28.030000686645508,19.76447868347168,301400
2010-11-24,28.190000534057617,28.420000076293945,28.170000076293945,28.420000076293945,20.03946876525879,235500
2010-11-26,28.139999389648438,28.389999389648438,28.139999389648438,28.270000457763672,19.933704376220703,140600
2010-11-29,28.149999618530273,28.3799991607666,27.959999084472656,28.299999237060547,19.954858779907227,269000
2010-11-30,28.049999237060547,28.280000686645508,27.959999084472656,28.079999923706055,19.79973602294922,478400
2010-12-01,28.360000610351562,28.75,28.360000610351562,28.75,20.272167205810547,393500
2010-12-02,28.75,28.889999389648438,28.600000381469727,28.8700008392334,20.356781005859375,361300
2010-12-03,28.760000228881836,28.940000534057617,28.489999771118164,28.889999389648438,20.37087631225586,300800
2010-12-06,28.809999465942383,28.850000381469727,28.56999969482422,28.59000015258789,20.159347534179688,437500
2010-12-07,28.790000915527344,28.93000030517578,28.700000762939453,28.889999389648438,20.37087631225586,478500
2010-12-08,28.950000762939453,29.100000381469727,28.81999969482422,29.049999237060547,20.48369598388672,280300
2010-12-09,29.149999618530273,29.25,28.899999618530273,29.170000076293945,20.568309783935547,455200
2010-12-10,29.15999984741211,29.40999984741211,29.049999237060547,29.3700008392334,20.70933723449707,420500
2010-12-13,29.3799991607666,29.540000915527344,29.299999237060547,29.479999542236328,20.78689956665039,369100
2010-12-14,29.479999542236328,29.799999237060547,29.479999542236328,29.59000015258789,20.86446189880371,390200
2010-12-15,29.600000381469727,29.729999542236328,29.31999969482422,29.399999618530273,20.73048973083496,712500
2010-12-16,29.389999389648438,29.780000686645508,29.309999465942383,29.649999618530273,20.90676498413086,400600
2010-12-17,29.700000762939453,29.760000228881836,29.440000534057617,29.469999313354492,20.77984619140625,1364100
2010-12-20,29.540000915527344,29.59000015258789,29.399999618530273,29.5,20.80100440979004,509100
2010-12-21,29.5,29.579999923706055,29.43000030517578,29.520000457763672,20.815101623535156,511000
2010-12-22,29.510000228881836,29.700000762939453,29.43000030517578,29.489999771118164,20.793954849243164,669100
2010-12-23,29.510000228881836,29.65999984741211,29.40999984741211,29.440000534057617,20.75869369506836,201000
2010-12-27,29.469999313354492,29.469999313354492,29.34000015258789,29.40999984741211,20.737545013427734,268300
2010-12-28,29.420000076293945,29.450000762939453,29.200000762939453,29.350000381469727,20.69523811340332,335600
2010-12-29,29.100000381469727,29.309999465942383,28.90999984741211,29.239999771118164,20.844942092895508,252000
2010-12-30,29.25,29.399999618530273,29.06999969482422,29.190000534057617,20.80930519104004,220300
2010-12-31,29.1200008392334,29.200000762939453,29.030000686645508,29.079999923706055,20.730876922607422,202400
2011-01-03,29.290000915527344,29.510000228881836,29.239999771118164,29.450000762939453,20.99464225769043,408600
2011-01-04,29.5,29.5,29.079999923706055,29.100000381469727,20.74513816833496,305000
2011-01-05,28.959999084472656,29.309999465942383,28.93000030517578,29.1200008392334,20.7593936920166,300100
2011-01-06,29.049999237060547,29.290000915527344,28.969999313354492,29.020000457763672,20.6881046295166,312400
2011-01-07,29.059999465942383,29.190000534057617,28.670000076293945,28.84000015258789,20.55978775024414,303700
2011-01-10,28.690000534057617,29.100000381469727,28.399999618530273,28.950000762939453,20.638208389282227,396100
2011-01-11,28.979999542236328,29.079999923706055,28.809999465942383,28.899999618530273,20.602558135986328,252300
2011-01-12,29.09000015258789,29.09000015258789,28.709999084472656,28.84000015258789,20.55978775024414,465400
2011-01-13,28.84000015258789,28.940000534057617,28.65999984741211,28.690000534057617,20.452857971191406,201500
2011-01-14,28.700000762939453,28.93000030517578,28.6299991607666,28.93000030517578,20.623947143554688,298900
2011-01-18,28.899999618530273,29.190000534057617,28.81999969482422,29.190000534057617,20.80930519104004,589800
2011-01-19,29.149999618530273,29.149999618530273,28.860000610351562,28.899999618530273,20.602558135986328,344500
2011-01-20,28.799999237060547,28.979999542236328,28.670000076293945,28.84000015258789,20.55978775024414,289600
2011-01-21,28.950000762939453,28.950000762939453,28.59000015258789,28.639999389648438,20.417203903198242,249300
2011-01-24,28.68000030517578,29.010000228881836,28.59000015258789,28.940000534057617,20.631074905395508,261800
2011-01-25,28.959999084472656,29.469999313354492,28.850000381469727,29.450000762939453,20.99464225769043,442800
2011-01-26,29.520000457763672,29.690000534057617,29.40999984741211,29.670000076293945,21.151485443115234,303200
2011-01-27,29.700000762939453,30.049999237060547,29.510000228881836,30.0,21.386737823486328,565900
2011-01-28,30.09000015258789,30.170000076293945,29.610000610351562,29.700000762939453,21.172870635986328,432100
2011-01-31,29.84000015258789,29.920000076293945,29.479999542236328,29.68000030517578,21.158620834350586,716300
2011-02-01,29.790000915527344,30.010000228881836,29.479999542236328,29.950000762939453,21.351097106933594,756700
2011-02-02,30.020000457763672,30.389999389648438,29.540000915527344,29.889999389648438,21.308319091796875,629800
2011-02-03,29.780000686645508,29.979999542236328,29.68000030517578,29.760000228881836,21.21564483642578,372300
2011-02-04,29.670000076293945,30.18000030517578,29.670000076293945,30.049999237060547,21.42238426208496,458500
2011-02-07,30.020000457763672,30.209999084472656,29.93000030517578,30.190000534057617,21.52219009399414,514200
2011-02-08,30.290000915527344,30.290000915527344,30.040000915527344,30.229999542236328,21.550704956054688,382500
2011-02-09,30.1299991607666,30.219999313354492,29.969999313354492,30.030000686645508,21.408126831054688,423700
2011-02-10,29.950000762939453,30.1200008392334,29.729999542236328,30.100000381469727,21.458026885986328,269700
2011-02-11,29.989999771118164,30.34000015258789,29.979999542236328,30.299999237060547,21.600605010986328,242100
2011-02-14,30.34000015258789,30.459999084472656,30.290000915527344,30.420000076293945,21.686155319213867,217100
2011-02-15,30.3799991607666,30.850000381469727,30.3799991607666,30.59000015258789,21.80733871459961,328300
2011-02-16,30.81999969482422,31.329999923706055,30.780000686645508,31.100000381469727,22.170915603637695,684900
2011-02-17,31.059999465942383,31.469999313354492,30.90999984741211,31.40999984741211,22.391918182373047,412600
2011-02-18,31.440000534057617,31.670000076293945,31.229999542236328,31.6200008392334,22.541624069213867,339400
2011-02-22,31.6200008392334,31.920000076293945,31.239999771118164,31.270000457763672,22.292112350463867,642200
2011-02-23,31.280000686645508,31.280000686645508,30.670000076293945,30.68000030517578,21.871505737304688,544200
2011-02-24,30.719999313354492,30.93000030517578,30.43000030517578,30.639999389648438,21.84299087524414,595800
2011-02-25,30.75,31.110000610351562,30.639999389648438,31.110000610351562,22.178050994873047,421200
2011-02-28,31.18000030517578,31.56999969482422,31.06999969482422,31.399999618530273,22.384790420532227,458000
2011-03-01,31.399999618530273,31.450000762939453,30.780000686645508,30.959999084472656,22.07111167907715,562100
2011-03-02,30.920000076293945,31.040000915527344,30.729999542236328,30.84000015258789,21.985570907592773,210000
2011-03-03,31.139999389648438,31.489999771118164,31.06999969482422,31.389999389648438,22.377656936645508,259800
2011-03-04,31.270000457763672,31.34000015258789,30.729999542236328,30.920000076293945,22.0425968170166,321600
2011-03-07,31.030000686645508,31.18000030517578,30.65999984741211,30.700000762939453,21.885770797729492,318600
2011-03-08,30.81999969482422,31.0,30.700000762939453,30.950000762939453,22.063983917236328,410400
2011-03-09,30.8700008392334,30.940000534057617,30.700000762939453,30.739999771118164,21.914278030395508,329100
2011-03-10,30.549999237060547,30.639999389648438,30.299999237060547,30.459999084472656,21.714672088623047,293800
2011-03-11,30.459999084472656,31.0,30.440000534057617,30.850000381469727,21.992700576782227,383100
2011-03-14,30.440000534057617,31.049999237060547,30.399999618530273,30.850000381469727,21.992700576782227,446400
2011-03-15,29.90999984741211,30.709999084472656,29.889999389648438,30.420000076293945,21.686155319213867,596700
2011-03-16,30.420000076293945,30.43000030517578,29.969999313354492,30.040000915527344,21.415252685546875,591500
2011-03-17,30.350000381469727,30.360000610351562,30.0,30.100000381469727,21.458026885986328,420200
2011-03-18,30.309999465942383,30.690000534057617,30.030000686645508,30.079999923706055,21.443771362304688,834800
2011-03-21,30.350000381469727,30.639999389648438,30.309999465942383,30.469999313354492,21.721797943115234,481900
2011-03-22,30.459999084472656,30.610000610351562,30.309999465942383,30.309999465942383,21.607738494873047,256600
2011-03-23,30.34000015258789,30.440000534057617,30.0,30.34000015258789,21.62912368774414,321500
2011-03-24,30.360000610351562,30.43000030517578,29.93000030517578,30.280000686645508,21.586355209350586,540500
2011-03-25,30.3700008392334,30.709999084472656,30.329999923706055,30.3799991607666,21.657638549804688,432400
2011-03-28,30.329999923706055,30.690000534057617,30.329999923706055,30.600000381469727,21.81447982788086,571500
2011-03-29,30.440000534057617,30.440000534057617,30.030000686645508,30.399999618530273,21.908157348632812,423200
2011-03-30,30.399999618530273,30.549999237060547,30.3700008392334,30.510000228881836,21.98743438720703,374700
2011-03-31,30.450000762939453,30.5,30.329999923706055,30.40999984741211,21.915372848510742,483400
2011-04-01,30.600000381469727,30.850000381469727,30.549999237060547,30.809999465942383,22.20363426208496,834300
2011-04-04,30.780000686645508,30.950000762939453,30.780000686645508,30.889999389648438,22.26128578186035,602300
2011-04-05,30.809999465942383,30.920000076293945,30.780000686645508,30.850000381469727,22.23246192932129,535600
2011-04-06,30.90999984741211,31.100000381469727,30.780000686645508,31.059999465942383,22.383798599243164,468500
2011-04-07,31.010000228881836,31.219999313354492,30.889999389648438,31.040000915527344,22.369386672973633,553600
2011-04-08,31.0,31.06999969482422,30.700000762939453,30.790000915527344,22.189220428466797,737200
2011-04-11,30.780000686645508,30.940000534057617,30.610000610351562,30.670000076293945,22.10273551940918,264000
2011-04-12,30.489999771118164,30.5,30.020000457763672,30.020000457763672,21.634309768676758,458300
2011-04-13,30.15999984741211,30.200000762939453,29.959999084472656,30.020000457763672,21.634309768676758,512300
2011-04-14,29.770000457763672,30.209999084472656,29.75,30.059999465942383,21.66313362121582,680500
2011-04-15,30.049999237060547,30.139999389648438,29.8799991607666,29.940000534057617,21.576650619506836,536500
2011-04-18,29.68000030517578,29.719999313354492,29.15999984741211,29.309999465942383,21.122636795043945,743000
2011-04-19,29.450000762939453,29.450000762939453,29.06999969482422,29.18000030517578,21.028945922851562,435800
2011-04-20,29.649999618530273,29.719999313354492,29.420000076293945,29.59000015258789,21.324420928955078,660900
2011-04-21,29.729999542236328,29.729999542236328,29.510000228881836,29.59000015258789,21.324420928955078,347700
2011-04-25,29.479999542236328,29.670000076293945,29.479999542236328,29.610000610351562,21.33884048461914,402100
2011-04-26,29.6200008392334,29.84000015258789,29.600000381469727,29.709999084472656,21.410907745361328,554300
2011-04-27,29.5,30.059999465942383,29.40999984741211,29.950000762939453,21.583866119384766,1160800
2011-04-28,29.850000381469727,30.149999618530273,29.850000381469727,30.1299991607666,21.713573455810547,557700
2011-04-29,30.200000762939453,30.200000762939453,29.649999618530273,29.780000686645508,21.461347579956055,728000
2011-05-02,29.799999237060547,29.90999984741211,29.34000015258789,29.350000381469727,21.151473999023438,555900
2011-05-03,29.350000381469727,29.65999984741211,29.309999465942383,29.65999984741211,21.374868392944336,598600
2011-05-04,29.6200008392334,29.6200008392334,29.139999389648438,29.31999969482422,21.129844665527344,752000
2011-05-05,29.25,29.459999084472656,29.0,29.270000457763672,21.09381103515625,515100
2011-05-06,29.489999771118164,29.639999389648438,29.31999969482422,29.329999923706055,21.137052536010742,523400
2011-05-09,29.299999237060547,29.389999389648438,29.15999984741211,29.170000076293945,21.021747589111328,459700
2011-05-10,29.299999237060547,29.549999237060547,29.280000686645508,29.459999084472656,21.230741500854492,607600
2011-05-11,29.479999542236328,29.59000015258789,29.229999542236328,29.34000015258789,21.144258499145508,485200
2011-05-12,29.6299991607666,29.719999313354492,28.899999618530273,29.6299991607666,21.353248596191406,674000
2011-05-13,29.649999618530273,29.649999618530273,29.079999923706055,29.170000076293945,21.021747589111328,450800
2011-05-16,29.059999465942383,29.31999969482422,28.979999542236328,29.170000076293945,21.021747589111328,301600
2011-05-17,28.989999771118164,29.1200008392334,28.600000381469727,28.739999771118164,20.711862564086914,531700
2011-05-18,28.799999237060547,29.09000015258789,28.719999313354492,29.06999969482422,20.949678421020508,329400
2011-05-19,29.1200008392334,29.25,29.0,29.1200008392334,20.985708236694336,690300
2011-05-20,29.030000686645508,29.09000015258789,28.709999084472656,28.719999313354492,20.697444915771484,773100
2011-05-23,28.469999313354492,28.469999313354492,28.110000610351562,28.149999618530273,20.28666877746582,752300
2011-05-24,28.239999771118164,28.31999969482422,28.030000686645508,28.06999969482422,20.2290096282959,373200
2011-05-25,28.219999313354492,28.229999542236328,27.860000610351562,28.200000762939453,20.322704315185547,863400
2011-05-26,28.139999389648438,28.579999923706055,28.09000015258789,28.5,20.538902282714844,627200
2011-05-27,28.6200008392334,28.739999771118164,28.459999084472656,28.6200008392334,20.625375747680664,343600
2011-05-31,28.809999465942383,28.959999084472656,28.540000915527344,28.709999084472656,20.69024658203125,877800
2011-06-01,28.649999618530273,28.719999313354492,28.290000915527344,28.31999969482422,20.409183502197266,882700
2011-06-02,28.440000534057617,28.6299991607666,28.260000228881836,28.389999389648438,20.459630966186523,892500
2011-06-03,28.09000015258789,28.559999465942383,28.0,28.3799991607666,20.452423095703125,811600
2011-06-06,28.290000915527344,28.56999969482422,28.15999984741211,28.299999237060547,20.3947696685791,524800
2011-06-07,28.440000534057617,28.56999969482422,28.260000228881836,28.440000534057617,20.495664596557617,443200
2011-06-08,28.440000534057617,28.549999237060547,28.200000762939453,28.299999237060547,20.3947696685791,800300
2011-06-09,28.350000381469727,28.389999389648438,28.110000610351562,28.350000381469727,20.430805206298828,564000
2011-06-10,28.229999542236328,28.280000686645508,27.809999465942383,27.940000534057617,20.135326385498047,423500
2011-06-13,28.0,28.3700008392334,27.889999389648438,28.25,20.35873794555664,1028100
2011-06-14,28.40999984741211,28.56999969482422,28.309999465942383,28.360000610351562,20.438011169433594,601900
2011-06-15,28.09000015258789,28.3799991607666,27.889999389648438,28.030000686645508,20.200185775756836,560900
2011-06-16,28.020000457763672,28.360000610351562,27.920000076293945,28.1200008392334,20.265050888061523,730100
2011-06-17,28.239999771118164,28.34000015258789,27.8700008392334,28.100000381469727,20.250642776489258,1171300
2011-06-20,28.030000686645508,28.3700008392334,27.979999542236328,28.149999618530273,20.28666877746582,469300
2011-06-21,28.260000228881836,28.5,28.209999084472656,28.420000076293945,20.481246948242188,1016000
2011-06-22,28.3799991607666,28.479999542236328,28.25,28.25,20.35873794555664,553400
2011-06-23,27.989999771118164,28.200000762939453,27.850000381469727,28.15999984741211,20.29387664794922,610400
2011-06-24,28.190000534057617,28.329999923706055,27.969999313354492,28.020000457763672,20.192983627319336,536300
2011-06-27,28.049999237060547,28.270000457763672,27.90999984741211,27.920000076293945,20.12091827392578,533700
2011-06-28,27.850000381469727,28.040000915527344,27.68000030517578,28.020000457763672,20.43450927734375,347400
2011-06-29,28.110000610351562,28.479999542236328,28.059999465942383,28.450000762939453,20.74810218811035,533100
2011-06-30,28.450000762939453,28.81999969482422,28.420000076293945,28.540000915527344,20.813737869262695,694300
2011-07-01,28.520000457763672,28.760000228881836,28.3799991607666,28.729999542236328,20.952301025390625,568800
2011-07-05,28.75,28.770000457763672,28.520000457763672,28.649999618530273,20.893959045410156,339300
2011-07-06,28.6299991607666,28.889999389648438,28.579999923706055,28.809999465942383,21.010635375976562,367800
2011-07-07,28.959999084472656,29.1299991607666,28.889999389648438,29.049999237060547,21.1856632232666,317700
2011-07-08,28.809999465942383,28.899999618530273,28.649999618530273,28.799999237060547,21.003347396850586,377000
2011-07-11,28.520000457763672,28.739999771118164,28.31999969482422,28.3700008392334,20.689756393432617,330400
2011-07-12,28.299999237060547,28.739999771118164,28.270000457763672,28.530000686645508,20.806438446044922,407100
2011-07-13,28.6200008392334,28.829999923706055,28.34000015258789,28.3700008392334,20.689756393432617,433700
2011-07-14,28.459999084472656,28.540000915527344,28.040000915527344,28.079999923706055,20.478261947631836,502300
2011-07-15,28.18000030517578,28.209999084472656,27.6299991607666,27.770000457763672,20.2521915435791,401900
2011-07-18,27.690000534057617,27.799999237060547,27.299999237060547,27.510000228881836,20.06258201599121,528000
2011-07-19,27.459999084472656,27.459999084472656,26.8799991607666,26.969999313354492,19.668760299682617,1445300
2011-07-20,26.979999542236328,27.1299991607666,26.84000015258789,26.920000076293945,19.632299423217773,573700
2011-07-21,27.059999465942383,27.68000030517578,27.010000228881836,27.65999984741211,20.17197608947754,743300
2011-07-22,27.670000076293945,27.690000534057617,27.360000610351562,27.549999237060547,20.091747283935547,335500
2011-07-25,27.350000381469727,27.729999542236328,27.34000015258789,27.549999237060547,20.091747283935547,501600
2011-07-26,27.559999465942383,27.84000015258789,27.510000228881836,27.579999923706055,20.11362648010254,475600
2011-07-27,27.8700008392334,28.979999542236328,27.56999969482422,28.219999313354492,20.580364227294922,1503000
2011-07-28,28.479999542236328,28.56999969482422,28.049999237060547,28.1200008392334,20.50743865966797,895000
2011-07-29,27.889999389648438,28.239999771118164,27.68000030517578,28.1200008392334,20.50743865966797,972100
2011-08-01,28.40999984741211,28.549999237060547,27.889999389648438,28.309999465942383,20.645994186401367,1167400
2011-08-02,28.149999618530273,28.3700008392334,28.079999923706055,28.110000610351562,20.500141143798828,903700
2011-08-03,28.139999389648438,28.43000030517578,27.860000610351562,28.309999465942383,20.645994186401367,1012600
2011-08-04,28.040000915527344,28.110000610351562,27.25,27.270000457763672,19.88754653930664,891900
2011-08-05,27.469999313354492,27.469999313354492,26.270000457763672,26.450000762939453,19.28952980041504,1298900
2011-08-08,25.709999084472656,26.239999771118164,24.5,24.510000228881836,17.874717712402344,2190700
2011-08-09,24.959999084472656,26.190000534057617,24.290000915527344,26.170000076293945,19.085336685180664,1463600
2011-08-10,25.690000534057617,26.15999984741211,25.170000076293945,25.209999084472656,18.385221481323242,1477300
2011-08-11,25.389999389648438,26.979999542236328,25.280000686645508,26.719999313354492,19.486440658569336,922100
2011-08-12,27.049999237060547,27.049999237060547,26.309999465942383,26.5,19.325992584228516,829100
2011-08-15,26.729999542236328,27.110000610351562,26.729999542236328,27.110000610351562,19.770864486694336,479800
2011-08-16,27.020000457763672,27.100000381469727,26.670000076293945,27.0,19.69063377380371,437800
2011-08-17,27.18000030517578,27.329999923706055,26.860000610351562,26.950000762939453,19.6541805267334,532600
2011-08-18,26.290000915527344,26.469999313354492,25.8799991607666,26.059999465942383,19.00511360168457,863100
2011-08-19,25.690000534057617,26.440000534057617,25.610000610351562,25.829999923706055,18.83738136291504,456300
2011-08-22,26.3700008392334,26.489999771118164,25.700000762939453,25.940000534057617,18.9175968170166,576800
2011-08-23,26.06999969482422,27.079999923706055,25.940000534057617,27.079999923706055,19.748987197875977,917600
2011-08-24,27.100000381469727,27.510000228881836,26.850000381469727,27.479999542236328,20.040693283081055,720800
2011-08-25,27.739999771118164,27.739999771118164,26.790000915527344,27.260000228881836,19.880252838134766,832000
2011-08-26,27.06999969482422,27.920000076293945,27.06999969482422,27.739999771118164,20.23030662536621,947700
2011-08-29,28.100000381469727,28.34000015258789,27.860000610351562,28.329999923706055,20.660581588745117,646400
2011-08-30,28.1200008392334,28.399999618530273,27.850000381469727,28.139999389648438,20.522016525268555,395600
2011-08-31,28.260000228881836,28.479999542236328,27.899999618530273,28.209999084472656,20.573074340820312,730400
2011-09-01,28.3700008392334,28.520000457763672,27.8700008392334,27.969999313354492,20.398042678833008,740300
2011-09-02,27.549999237060547,27.799999237060547,27.18000030517578,27.18000030517578,19.821910858154297,466000
2011-09-06,26.420000076293945,26.93000030517578,26.350000381469727,26.850000381469727,19.581247329711914,768700
2011-09-07,27.219999313354492,27.780000686645508,27.1299991607666,27.729999542236328,20.2230167388916,553100
2011-09-08,27.440000534057617,27.899999618530273,27.440000534057617,27.600000381469727,20.12821388244629,686100
2011-09-09,27.31999969482422,27.56999969482422,26.6200008392334,27.139999389648438,19.79273223876953,1283500
2011-09-12,26.299999237060547,27.170000076293945,26.15999984741211,27.15999984741211,19.807329177856445,1190400
2011-09-13,27.139999389648438,27.389999389648438,26.860000610351562,27.09000015258789,19.75627326965332,1139000
2011-09-14,27.299999237060547,27.600000381469727,27.010000228881836,27.3700008392334,19.960474014282227,1001000
2011-09-15,27.639999389648438,27.899999618530273,27.360000610351562,27.8799991607666,20.332406997680664,631800
2011-09-16,27.850000381469727,28.280000686645508,27.6200008392334,28.280000686645508,20.62411880493164,1007200
2011-09-19,27.84000015258789,28.209999084472656,27.610000610351562,28.020000457763672,20.43450927734375,654300
2011-09-20,28.020000457763672,28.579999923706055,27.90999984741211,27.90999984741211,20.35428810119629,768500
2011-09-21,27.889999389648438,28.020000457763672,26.920000076293945,26.920000076293945,19.632299423217773,946500
2011-09-22,26.309999465942383,26.93000030517578,26.280000686645508,26.649999618530273,19.435388565063477,962100
2011-09-23,26.610000610351562,26.75,26.31999969482422,26.6299991607666,19.420806884765625,581200
2011-09-26,26.8700008392334,27.020000457763672,26.3799991607666,27.0,19.69063377380371,555400
2011-09-27,27.3799991607666,27.549999237060547,26.93000030517578,27.15999984741211,19.807329177856445,810700
2011-09-28,26.8799991607666,26.899999618530273,26.079999923706055,26.100000381469727,19.268404006958008,698600
2011-09-29,26.59000015258789,26.90999984741211,26.3700008392334,26.850000381469727,19.82208824157715,608400
2011-09-30,26.469999313354492,26.920000076293945,26.299999237060547,26.299999237060547,19.416053771972656,629400
2011-10-03,26.229999542236328,26.68000030517578,25.520000457763672,25.540000915527344,18.854976654052734,715200
2011-10-04,25.350000381469727,26.510000228881836,25.270000457763672,26.469999313354492,19.541553497314453,969500
2011-10-05,26.489999771118164,27.020000457763672,26.1200008392334,26.84000015258789,19.814708709716797,493800
2011-10-06,26.81999969482422,27.350000381469727,26.670000076293945,27.31999969482422,20.169069290161133,333200
2011-10-07,27.709999084472656,27.850000381469727,26.829999923706055,26.959999084472656,19.903301239013672,831300
2011-10-10,27.34000015258789,27.760000228881836,27.15999984741211,27.75,20.486520767211914,463000
2011-10-11,27.549999237060547,27.65999984741211,27.329999923706055,27.440000534057617,20.257661819458008,455100
2011-10-12,27.56999969482422,27.8700008392334,27.489999771118164,27.639999389648438,20.405305862426758,472700
2011-10-13,27.329999923706055,27.59000015258789,27.260000228881836,27.420000076293945,20.24289321899414,556500
2011-10-14,27.760000228881836,27.81999969482422,27.31999969482422,27.75,20.486520767211914,434500
2011-10-17,27.670000076293945,27.719999313354492,26.93000030517578,27.020000457763672,19.94759178161621,676800
2011-10-18,27.1299991607666,28.25,27.1299991607666,28.049999237060547,20.70799446105957,825500
2011-10-19,27.940000534057617,28.729999542236328,27.799999237060547,28.469999313354492,21.018056869506836,1116400
2011-10-20,28.450000762939453,29.1299991607666,28.3700008392334,29.110000610351562,21.490541458129883,1163800
2011-10-21,29.389999389648438,30.520000457763672,29.139999389648438,30.520000457763672,22.531476974487305,2363400
2011-10-24,30.739999771118164,31.479999542236328,30.700000762939453,31.31999969482422,23.122072219848633,1656900
2011-10-25,31.09000015258789,31.09000015258789,30.31999969482422,30.540000915527344,22.546239852905273,2180300
2011-10-26,31.389999389648438,31.389999389648438,30.219999313354492,31.030000686645508,22.907989501953125,1819400
2011-10-27,32.0,32.11000061035156,31.389999389648438,31.920000076293945,23.56502342224121,1196700
2011-10-28,31.65999984741211,31.65999984741211,30.860000610351562,30.959999084472656,22.856307983398438,1762400
2011-10-31,30.6299991607666,31.239999771118164,30.43000030517578,30.899999618530273,22.8120174407959,1278800
2011-11-01,29.899999618530273,30.559999465942383,29.729999542236328,29.899999618530273,22.073760986328125,1536200
2011-11-02,30.389999389648438,30.559999465942383,30.200000762939453,30.459999084472656,22.487180709838867,966400
2011-11-03,30.6299991607666,30.81999969482422,30.200000762939453,30.549999237060547,22.553630828857422,706700
2011-11-04,30.309999465942383,30.559999465942383,30.18000030517578,30.469999313354492,22.49456787109375,576100
2011-11-07,30.3700008392334,30.56999969482422,30.139999389648438,30.469999313354492,22.49456787109375,565600
2011-11-08,30.600000381469727,31.010000228881836,30.309999465942383,31.010000228881836,22.893224716186523,739800
2011-11-09,30.34000015258789,30.700000762939453,30.25,30.459999084472656,22.487180709838867,986700
2011-11-10,30.75,30.8799991607666,30.450000762939453,30.780000686645508,22.723419189453125,516000
2011-11-11,31.06999969482422,31.469999313354492,30.969999313354492,31.31999969482422,23.122072219848633,531400
2011-11-14,31.040000915527344,31.18000030517578,30.8700008392334,31.049999237060547,22.922746658325195,816400
2011-11-15,31.0,31.350000381469727,30.8799991607666,31.170000076293945,23.011341094970703,670600
2011-11-16,30.899999618530273,31.3700008392334,30.799999237060547,30.940000534057617,22.84154510498047,1142900
2011-11-17,30.940000534057617,30.950000762939453,30.190000534057617,30.299999237060547,22.369064331054688,836500
2011-11-18,30.5,30.549999237060547,30.1299991607666,30.350000381469727,22.405967712402344,542500
2011-11-21,29.950000762939453,30.110000610351562,29.59000015258789,29.860000610351562,22.04422950744629,749800
2011-11-22,29.90999984741211,30.139999389648438,29.690000534057617,29.899999618530273,22.073760986328125,1429200
2011-11-23,29.700000762939453,29.719999313354492,29.309999465942383,29.360000610351562,21.67510223388672,656300
2011-11-25,29.25,29.700000762939453,29.219999313354492,29.530000686645508,21.80061149597168,218000
2011-11-28,30.280000686645508,30.280000686645508,29.799999237060547,29.979999542236328,22.132823944091797,993200
2011-11-29,30.100000381469727,30.1200008392334,29.790000915527344,29.809999465942383,22.0073184967041,645600
2011-11-30,30.889999389648438,31.020000457763672,30.459999084472656,30.979999542236328,22.871070861816406,1278200
2011-12-01,30.860000610351562,31.350000381469727,30.709999084472656,31.18000030517578,23.01873016357422,811700
2011-12-02,31.399999618530273,31.75,31.280000686645508,31.639999389648438,23.358318328857422,771200
2011-12-05,31.93000030517578,32.16999816894531,31.639999389648438,31.940000534057617,23.579803466796875,911900
2011-12-06,31.84000015258789,32.08000183105469,31.690000534057617,31.889999389648438,23.54288101196289,421900
2011-12-07,31.690000534057617,32.16999816894531,31.600000381469727,32.130001068115234,23.720062255859375,709100
2011-12-08,31.889999389648438,32.220001220703125,31.81999969482422,32.02000045776367,23.638856887817383,980800
2011-12-09,32.150001525878906,32.59000015258789,32.150001525878906,32.529998779296875,24.015365600585938,744000
2011-12-12,32.25,32.25,31.93000030517578,32.189998626708984,23.764366149902344,755700
2011-12-13,32.400001525878906,32.619998931884766,32.25,32.400001525878906,23.919395446777344,934600
2011-12-14,32.150001525878906,32.560001373291016,32.13999938964844,32.45000076293945,23.95630645751953,753900
2011-12-15,32.650001525878906,32.790000915527344,32.40999984741211,32.599998474121094,24.067041397094727,1027300
2011-12-16,32.72999954223633,32.75,32.36000061035156,32.52000045776367,24.00798797607422,1134100
2011-12-19,32.59000015258789,32.790000915527344,32.099998474121094,32.20000076293945,23.771747589111328,497700
2011-12-20,32.650001525878906,33.0,32.4900016784668,32.97999954223633,24.347578048706055,766700
2011-12-21,33.0,33.290000915527344,32.86000061035156,33.20000076293945,24.510000228881836,707200
2011-12-22,33.25,33.52000045776367,33.099998474121094,33.47999954223633,24.716707229614258,485200
2011-12-23,33.5099983215332,33.81999969482422,33.470001220703125,33.79999923706055,24.95294761657715,253300
2011-12-27,33.599998474121094,33.9900016784668,33.599998474121094,33.81999969482422,24.967716217041016,340100
2011-12-28,33.54999923706055,33.61000061035156,33.41999816894531,33.43000030517578,24.92298126220703,448000
2011-12-29,33.56999969482422,33.68000030517578,33.47999954223633,33.68000030517578,25.109363555908203,331800
2011-12-30,33.720001220703125,33.720001220703125,33.43000030517578,33.439998626708984,24.930429458618164,359200
2012-01-03,33.720001220703125,33.88999938964844,33.220001220703125,33.290000915527344,24.818601608276367,705700
2012-01-04,33.27000045776367,33.27000045776367,32.63999938964844,32.7599983215332,24.423473358154297,583000
2012-01-05,32.599998474121094,32.86000061035156,32.0099983215332,32.84000015258789,24.48311424255371,751000
2012-01-06,32.86000061035156,33.0,32.5099983215332,32.90999984741211,24.53530502319336,427800
2012-01-09,32.91999816894531,33.0,32.709999084472656,32.959999084472656,24.572580337524414,329600
2012-01-10,33.09000015258789,33.130001068115234,32.83000183105469,33.0099983215332,24.609859466552734,455200
2012-01-11,32.88999938964844,33.119998931884766,32.7599983215332,33.02000045776367,24.6173152923584,393800
2012-01-12,33.09000015258789,33.22999954223633,32.88999938964844,33.040000915527344,24.632225036621094,310100
2012-01-13,32.869998931884766,33.060001373291016,32.79999923706055,32.97999954223633,24.587495803833008,473500
2012-01-17,33.0099983215332,33.25,32.720001220703125,32.849998474121094,24.490564346313477,418400
2012-01-18,32.88999938964844,33.290000915527344,32.7599983215332,33.290000915527344,24.818601608276367,251400
2012-01-19,33.45000076293945,33.45000076293945,33.06999969482422,33.130001068115234,24.699325561523438,299600
2012-01-20,33.08000183105469,33.310001373291016,32.93000030517578,33.279998779296875,24.8111515045166,643100
2012-01-23,33.27000045776367,33.560001373291016,33.15999984741211,33.560001373291016,25.019899368286133,462900
2012-01-24,33.400001525878906,33.599998474121094,33.29999923706055,33.470001220703125,24.952804565429688,580500
2012-01-25,33.459999084472656,33.560001373291016,33.22999954223633,33.54999923706055,25.012449264526367,504800
2012-01-26,33.63999938964844,33.810001373291016,33.4900016784668,33.5099983215332,24.982629776000977,464500
2012-01-27,33.040000915527344,33.56999969482422,33.040000915527344,33.38999938964844,24.893157958984375,645000
2012-01-30,33.20000076293945,33.5099983215332,32.79999923706055,33.380001068115234,24.88570213317871,925500
2012-01-31,33.599998474121094,33.779998779296875,33.189998626708984,33.34000015258789,24.855880737304688,598400
2012-02-01,33.86000061035156,34.45000076293945,33.09000015258789,34.29999923706055,25.57158851623535,1053500
2012-02-02,34.45000076293945,34.79999923706055,34.29999923706055,34.66999816894531,25.84743309020996,923600
2012-02-03,34.91999816894531,34.95000076293945,34.58000183105469,34.779998779296875,25.929443359375,904000
2012-02-06,34.4900016784668,34.959999084472656,34.029998779296875,34.95000076293945,26.05617332458496,799800
2012-02-07,34.81999969482422,35.33000183105469,34.77000045776367,35.20000076293945,26.242572784423828,551900
2012-02-08,35.04999923706055,35.27000045776367,34.97999954223633,35.220001220703125,26.25747299194336,545400
2012-02-09,35.189998626708984,35.54999923706055,35.040000915527344,35.5,26.466222763061523,506800
2012-02-10,35.02000045776367,35.29999923706055,34.97999954223633,35.220001220703125,26.25747299194336,420500
2012-02-13,35.470001220703125,35.689998626708984,35.209999084472656,35.279998779296875,26.302209854125977,446200
2012-02-14,35.20000076293945,35.290000915527344,34.91999816894531,35.06999969482422,26.14563751220703,483100
2012-02-15,35.06999969482422,35.119998931884766,34.619998931884766,34.70000076293945,25.869800567626953,595300
2012-02-16,34.61000061035156,35.04999923706055,34.61000061035156,34.86000061035156,25.98908233642578,754200
2012-02-17,34.970001220703125,35.0,34.83000183105469,34.84000015258789,25.974178314208984,619500
2012-02-21,34.79999923706055,34.81999969482422,34.36000061035156,34.54999923706055,25.757966995239258,975500
2012-02-22,34.060001373291016,34.689998626708984,34.060001373291016,34.400001525878906,25.646150588989258,879300
2012-02-23,34.540000915527344,34.720001220703125,34.2599983215332,34.66999816894531,25.84743309020996,564200
2012-02-24,34.709999084472656,34.709999084472656,34.290000915527344,34.5099983215332,25.72815704345703,426300
2012-02-27,34.27000045776367,34.59000015258789,33.900001525878906,34.33000183105469,25.593957901000977,563000
2012-02-28,34.36000061035156,34.459999084472656,34.150001525878906,34.25,25.5343074798584,231500
2012-02-29,34.34000015258789,34.4900016784668,34.09000015258789,34.119998931884766,25.437393188476562,391300
2012-03-01,34.20000076293945,34.650001525878906,34.060001373291016,34.650001525878906,25.8325252532959,476300
2012-03-02,34.58000183105469,34.630001068115234,34.11000061035156,34.20000076293945,25.49703598022461,300500
2012-03-05,34.08000183105469,34.56999969482422,34.0,34.470001220703125,25.698326110839844,356400
2012-03-06,34.220001220703125,34.45000076293945,34.20000076293945,34.2400016784668,25.52686309814453,523500
2012-03-07,34.2599983215332,34.470001220703125,34.040000915527344,34.470001220703125,25.698326110839844,540900
2012-03-08,34.560001373291016,34.93000030517578,34.47999954223633,34.90999984741211,26.02635955810547,529400
2012-03-09,34.97999954223633,35.209999084472656,34.88999938964844,35.119998931884766,26.182926177978516,656500
2012-03-12,35.04999923706055,35.5,34.95000076293945,35.31999969482422,26.3320255279541,493900
2012-03-13,35.5,35.810001373291016,35.349998474121094,35.810001373291016,26.69733428955078,547300
2012-03-14,35.84000015258789,35.9900016784668,35.599998474121094,35.779998779296875,26.67496681213379,520400
2012-03-15,35.84000015258789,36.31999969482422,35.650001525878906,36.2599983215332,27.03282928466797,663600
2012-03-16,36.33000183105469,36.33000183105469,35.689998626708984,35.709999084472656,26.622779846191406,1361900
2012-03-19,35.59000015258789,35.849998474121094,35.34000015258789,35.41999816894531,26.40657615661621,900800
2012-03-20,35.290000915527344,35.75,35.18000030517578,35.5099983215332,26.47368049621582,537500
2012-03-21,35.52000045776367,35.630001068115234,35.33000183105469,35.349998474121094,26.354385375976562,440300
2012-03-22,35.150001525878906,35.29999923706055,34.93000030517578,35.11000061035156,26.175474166870117,415000
2012-03-23,35.15999984741211,35.439998626708984,34.95000076293945,35.43000030517578,26.414030075073242,336700
2012-03-26,35.5,35.9900016784668,35.439998626708984,35.9900016784668,26.831533432006836,521500
2012-03-27,35.91999816894531,36.08000183105469,35.880001068115234,36.0099983215332,26.8464412689209,527400
2012-03-28,35.88999938964844,36.029998779296875,35.63999938964844,35.95000076293945,27.057186126708984,764200
2012-03-29,35.709999084472656,35.83000183105469,35.41999816894531,35.75,26.906652450561523,537700
2012-03-30,35.970001220703125,36.0,35.72999954223633,35.7400016784668,26.899120330810547,766700
2012-04-02,35.7599983215332,35.9900016784668,35.52000045776367,35.81999969482422,26.95933723449707,773800
2012-04-03,35.72999954223633,36.029998779296875,35.599998474121094,36.029998779296875,27.117380142211914,1139600
2012-04-04,35.83000183105469,36.18000030517578,35.77000045776367,35.970001220703125,27.07222557067871,1019400
2012-04-05,35.81999969482422,36.22999954223633,35.709999084472656,36.0,27.09481430053711,533400
2012-04-09,35.61000061035156,35.61000061035156,35.36000061035156,35.5099983215332,26.726015090942383,780900
2012-04-10,35.45000076293945,35.470001220703125,34.66999816894531,34.66999816894531,26.093809127807617,869600
2012-04-11,34.95000076293945,34.970001220703125,34.630001068115234,34.869998931884766,26.244335174560547,747300
2012-04-12,34.939998626708984,35.15999984741211,34.65999984741211,35.06999969482422,26.394853591918945,683300
2012-04-13,35.11000061035156,35.41999816894531,34.880001068115234,34.88999938964844,26.25938606262207,978600
2012-04-16,35.04999923706055,35.22999954223633,34.849998474121094,35.02000045776367,26.35723304748535,539900
2012-04-17,35.2599983215332,35.97999954223633,35.16999816894531,35.849998474121094,26.981916427612305,1229600
2012-04-18,35.65999984741211,35.970001220703125,35.45000076293945,35.65999984741211,26.838905334472656,1229500
2012-04-19,35.689998626708984,36.22999954223633,35.66999816894531,36.209999084472656,27.25286102294922,966700
2012-04-20,36.25,36.459999084472656,36.11000061035156,36.400001525878906,27.395862579345703,747900
2012-04-23,36.09000015258789,36.290000915527344,35.88999938964844,36.279998779296875,27.30555534362793,643700
2012-04-24,36.310001373291016,36.5,36.209999084472656,36.4900016784668,27.46360969543457,460600
2012-04-25,36.619998931884766,37.11000061035156,36.5,37.0,27.84743881225586,880000
2012-04-26,37.0099983215332,37.5,36.83000183105469,37.40999984741211,28.156030654907227,505000
2012-04-27,37.5,37.66999816894531,37.18000030517578,37.58000183105469,28.28396987915039,704100
2012-04-30,37.45000076293945,37.65999984741211,37.33000183105469,37.560001373291016,28.268922805786133,518500
2012-05-01,37.61000061035156,37.95000076293945,37.459999084472656,37.72999954223633,28.396860122680664,768900
2012-05-02,37.38999938964844,38.2400016784668,37.099998474121094,37.34000015258789,28.10334587097168,786600
2012-05-03,37.2599983215332,37.560001373291016,37.08000183105469,37.13999938964844,27.95281219482422,668100
2012-05-04,37.13999938964844,37.13999938964844,36.58000183105469,36.7599983215332,27.666818618774414,892000
2012-05-07,36.599998474121094,36.650001525878906,36.22999954223633,36.36000061035156,27.365753173828125,928300
2012-05-08,36.31999969482422,36.41999816894531,36.02000045776367,36.220001220703125,27.260385513305664,917600
2012-05-09,36.04999923706055,36.15999984741211,35.790000915527344,36.0099983215332,27.10234260559082,604300
2012-05-10,35.93000030517578,36.119998931884766,35.52000045776367,35.86000061035156,26.989437103271484,932300
2012-05-11,35.709999084472656,36.02000045776367,35.45000076293945,35.849998474121094,26.981916427612305,530500
2012-05-14,35.5,35.709999084472656,35.29999923706055,35.4900016784668,26.710962295532227,667100
2012-05-15,35.5099983215332,35.77000045776367,35.349998474121094,35.5,26.718494415283203,383500
2012-05-16,35.630001068115234,35.66999816894531,35.08000183105469,35.08000183105469,26.40239143371582,359700
2012-05-17,35.119998931884766,35.119998931884766,34.529998779296875,34.529998779296875,25.988433837890625,872100
2012-05-18,34.59000015258789,34.619998931884766,33.790000915527344,33.84000015258789,25.46912384033203,766200
2012-05-21,33.959999084472656,34.189998626708984,33.75,34.099998474121094,25.66480255126953,766100
2012-05-22,34.220001220703125,34.72999954223633,34.15999984741211,34.61000061035156,26.048648834228516,845000
2012-05-23,34.380001068115234,34.75,34.22999954223633,34.709999084472656,26.123910903930664,538000
2012-05-24,34.81999969482422,35.13999938964844,34.70000076293945,35.13999938964844,26.44754409790039,770300
2012-05-25,35.09000015258789,35.310001373291016,34.869998931884766,34.939998626708984,26.29701042175293,262100
2012-05-29,35.189998626708984,35.36000061035156,35.040000915527344,35.2599983215332,26.537860870361328,470300
2012-05-30,35.11000061035156,35.15999984741211,34.790000915527344,34.790000915527344,26.184125900268555,558700
2012-05-31,34.75,34.970001220703125,34.54999923706055,34.7400016784668,26.146495819091797,3792200
2012-06-01,34.15999984741211,34.599998474121094,34.119998931884766,34.209999084472656,25.74759864807129,655200
2012-06-04,34.2400016784668,34.29999923706055,33.81999969482422,34.150001525878906,25.702442169189453,497500
2012-06-05,33.9900016784668,34.290000915527344,33.9900016784668,34.25,25.777694702148438,432400
2012-06-06,34.470001220703125,34.97999954223633,34.43000030517578,34.97999954223633,26.32712745666504,422800
2012-06-07,35.290000915527344,35.349998474121094,34.810001373291016,34.81999969482422,26.20670509338379,619700
2012-06-08,34.689998626708984,34.75,34.439998626708984,34.540000915527344,25.995962142944336,929500
2012-06-11,34.75,34.88999938964844,34.15999984741211,34.18000030517578,25.725011825561523,611200
2012-06-12,34.290000915527344,34.540000915527344,34.11000061035156,34.41999816894531,25.90564727783203,894900
2012-06-13,34.310001373291016,34.84000015258789,34.04999923706055,34.40999984741211,25.898122787475586,651100
2012-06-14,34.40999984741211,34.61000061035156,34.18000030517578,34.54999923706055,26.003482818603516,729500
2012-06-15,34.599998474121094,34.68000030517578,34.04999923706055,34.08000183105469,25.649755477905273,1211400
2012-06-18,33.810001373291016,34.63999938964844,33.810001373291016,34.540000915527344,25.995962142944336,674600
2012-06-19,34.56999969482422,34.959999084472656,34.54999923706055,34.93000030517578,26.28948211669922,574000
2012-06-20,34.70000076293945,34.93000030517578,34.54999923706055,34.810001373291016,26.19917869567871,629700
2012-06-21,34.900001525878906,35.130001068115234,34.52000045776367,34.61000061035156,26.048648834228516,659200
2012-06-22,34.790000915527344,34.900001525878906,34.41999816894531,34.790000915527344,26.184125900268555,1995300
2012-06-25,34.41999816894531,34.52000045776367,34.060001373291016,34.290000915527344,25.80780601501465,560800
2012-06-26,34.29999923706055,34.58000183105469,34.09000015258789,34.5,25.965862274169922,494800
2012-06-27,34.43000030517578,34.43000030517578,34.08000183105469,34.16999816894531,25.973453521728516,399800
2012-06-28,33.97999954223633,34.689998626708984,33.95000076293945,34.65999984741211,26.345914840698242,657300
2012-06-29,35.099998474121094,35.11000061035156,34.849998474121094,35.06999969482422,26.65756607055664,526700
2012-07-02,35.06999969482422,35.619998931884766,35.06999969482422,35.439998626708984,26.93881607055664,569600
2012-07-03,35.369998931884766,35.619998931884766,35.31999969482422,35.529998779296875,27.00722885131836,199300
2012-07-05,35.5,35.77000045776367,35.25,35.7599983215332,27.182056427001953,542900
2012-07-06,35.529998779296875,35.529998779296875,35.279998779296875,35.45000076293945,26.9464168548584,352400
2012-07-09,35.36000061035156,35.54999923706055,35.15999984741211,35.540000915527344,27.01483154296875,675800
2012-07-10,35.59000015258789,35.650001525878906,35.290000915527344,35.43000030517578,26.93120765686035,478800
2012-07-11,35.369998931884766,35.529998779296875,35.2599983215332,35.459999084472656,26.954011917114258,289400
2012-07-12,35.34000015258789,35.40999984741211,35.029998779296875,35.25,26.794395446777344,250500
2012-07-13,35.369998931884766,35.77000045776367,35.27000045776367,35.7599983215332,27.182056427001953,323700
2012-07-16,35.63999938964844,36.0,35.470001220703125,35.5099983215332,26.992029190063477,375900
2012-07-17,35.56999969482422,36.119998931884766,35.540000915527344,36.0099983215332,27.372093200683594,526300
2012-07-18,35.90999984741211,36.150001525878906,35.900001525878906,35.9900016784668,27.356884002685547,400100
2012-07-19,36.040000915527344,36.11000061035156,35.599998474121094,35.81999969482422,27.227663040161133,439100
2012-07-20,35.619998931884766,35.95000076293945,35.4900016784668,35.63999938964844,27.090843200683594,413500
2012-07-23,35.27000045776367,35.599998474121094,35.040000915527344,35.5,26.98442840576172,231500
2012-07-24,35.54999923706055,35.59000015258789,34.75,34.900001525878906,26.528348922729492,548500
2012-07-25,35.04999923706055,35.310001373291016,34.86000061035156,35.119998931884766,26.695587158203125,227800
2012-07-26,35.4900016784668,35.70000076293945,35.2599983215332,35.439998626708984,26.93881607055664,260800
2012-07-27,35.689998626708984,36.349998474121094,35.4900016784668,36.209999084472656,27.524110794067383,577100
2012-07-30,36.15999984741211,36.18000030517578,35.869998931884766,36.040000915527344,27.394895553588867,356900
2012-07-31,35.36000061035156,35.63999938964844,35.099998474121094,35.47999954223633,26.969228744506836,737500
2012-08-01,36.13999938964844,37.04999923706055,35.86000061035156,35.95000076293945,27.32649040222168,677900
2012-08-02,35.650001525878906,35.79999923706055,35.349998474121094,35.5099983215332,26.992029190063477,411400
2012-08-03,35.900001525878906,36.040000915527344,35.439998626708984,35.54999923706055,27.022432327270508,731900
2012-08-06,35.529998779296875,35.66999816894531,35.150001525878906,35.18000030517578,26.741186141967773,388700
2012-08-07,35.560001373291016,35.560001373291016,35.119998931884766,35.209999084472656,26.763992309570312,573800
2012-08-08,35.06999969482422,35.16999816894531,34.869998931884766,35.0,26.6043701171875,625100
2012-08-09,35.04999923706055,35.20000076293945,34.66999816894531,34.849998474121094,26.49034309387207,390600
2012-08-10,34.81999969482422,35.0,34.70000076293945,34.90999984741211,26.53595733642578,253200
2012-08-13,34.790000915527344,34.849998474121094,34.459999084472656,34.72999954223633,26.39913558959961,365000
2012-08-14,34.79999923706055,35.150001525878906,34.72999954223633,34.970001220703125,26.581554412841797,378300
2012-08-15,35.0099983215332,35.7599983215332,34.93000030517578,35.68000030517578,27.121252059936523,1134200
2012-08-16,35.56999969482422,35.84000015258789,35.45000076293945,35.81999969482422,27.227663040161133,667800
2012-08-17,35.90999984741211,36.16999816894531,35.70000076293945,36.06999969482422,27.41769790649414,621300
2012-08-20,35.880001068115234,36.11000061035156,35.86000061035156,36.040000915527344,27.394895553588867,440000
2012-08-21,36.189998626708984,36.25,35.7400016784668,35.790000915527344,27.20486068725586,397200
2012-08-22,35.66999816894531,35.900001525878906,35.599998474121094,35.77000045776367,27.18965721130371,350700
2012-08-23,35.75,35.869998931884766,35.4900016784668,35.560001373291016,27.030038833618164,229300
2012-08-24,35.5099983215332,35.75,35.5,35.68000030517578,27.121252059936523,258300
2012-08-27,35.75,36.06999969482422,35.650001525878906,35.91999816894531,27.30367660522461,350500
2012-08-28,35.81999969482422,36.099998474121094,35.790000915527344,35.88999938964844,27.280872344970703,286700
2012-08-29,35.9900016784668,36.040000915527344,35.75,35.959999084472656,27.334077835083008,339000
2012-08-30,35.79999923706055,35.880001068115234,35.58000183105469,35.75,27.17445945739746,222300
2012-08-31,35.88999938964844,35.970001220703125,35.40999984741211,35.720001220703125,27.151660919189453,503400
2012-09-04,35.689998626708984,36.2400016784668,35.630001068115234,36.189998626708984,27.5089054107666,455600
2012-09-05,36.29999923706055,36.38999938964844,36.06999969482422,36.27000045776367,27.56972885131836,448900
2012-09-06,36.380001068115234,36.5,36.31999969482422,36.45000076293945,27.706546783447266,746600
2012-09-07,36.5,36.529998779296875,36.2599983215332,36.4900016784668,27.736953735351562,373000
2012-09-10,36.400001525878906,36.470001220703125,35.9900016784668,36.0099983215332,27.372093200683594,441600
2012-09-11,36.029998779296875,36.279998779296875,35.959999084472656,36.22999954223633,27.539316177368164,225100
2012-09-12,36.2400016784668,36.63999938964844,36.220001220703125,36.63999938964844,27.850969314575195,404400
2012-09-13,36.66999816894531,37.13999938964844,36.38999938964844,37.13999938964844,28.23103141784668,563800
2012-09-14,37.099998474121094,37.470001220703125,37.060001373291016,37.290000915527344,28.345054626464844,650500
2012-09-17,37.220001220703125,37.560001373291016,37.15999984741211,37.16999816894531,28.253835678100586,717200
2012-09-18,37.06999969482422,37.16999816894531,36.810001373291016,36.869998931884766,28.025793075561523,284400
2012-09-19,36.88999938964844,37.060001373291016,36.68000030517578,37.0,28.124614715576172,278400
2012-09-20,36.88999938964844,37.11000061035156,36.59000015258789,37.08000183105469,28.185426712036133,331900
2012-09-21,37.29999923706055,37.43000030517578,37.06999969482422,37.16999816894531,28.253835678100586,1181000
2012-09-24,37.04999923706055,37.18000030517578,36.90999984741211,37.02000045776367,28.13981819152832,292700
2012-09-25,37.13999938964844,37.27000045776367,36.63999938964844,36.63999938964844,27.850969314575195,464100
2012-09-26,36.4900016784668,36.599998474121094,35.880001068115234,35.939998626708984,27.57475471496582,614900
2012-09-27,35.970001220703125,36.04999923706055,35.7599983215332,35.869998931884766,27.521047592163086,430200
2012-09-28,35.790000915527344,35.93000030517578,35.619998931884766,35.81999969482422,27.482688903808594,506900
2012-10-01,35.84000015258789,36.029998779296875,35.560001373291016,35.709999084472656,27.398296356201172,883300
2012-10-02,35.7599983215332,36.029998779296875,35.7599983215332,35.95000076293945,27.582441329956055,640100
2012-10-03,36.04999923706055,36.29999923706055,35.97999954223633,36.27000045776367,27.827957153320312,1120500
2012-10-04,36.380001068115234,36.630001068115234,36.279998779296875,36.54999923706055,28.04279136657715,725400
2012-10-05,36.650001525878906,36.9900016784668,36.58000183105469,36.83000183105469,28.257610321044922,633700
2012-10-08,36.849998474121094,36.880001068115234,36.54999923706055,36.810001373291016,28.242259979248047,228900
2012-10-09,36.75,36.869998931884766,36.310001373291016,36.40999984741211,27.935361862182617,236800
2012-10-10,36.45000076293945,36.77000045776367,36.349998474121094,36.41999816894531,27.943037033081055,364200
2012-10-11,36.529998779296875,36.61000061035156,36.25,36.29999923706055,27.850967407226562,471900
2012-10-12,36.189998626708984,36.540000915527344,36.0099983215332,36.08000183105469,27.682172775268555,601000
2012-10-15,36.08000183105469,36.2599983215332,35.83000183105469,36.189998626708984,27.766565322875977,530100
2012-10-16,36.220001220703125,36.41999816894531,36.130001068115234,36.33000183105469,27.873981475830078,479600
2012-10-17,36.439998626708984,36.66999816894531,36.33000183105469,36.54999923706055,28.04279136657715,300200
2012-10-18,36.470001220703125,36.779998779296875,36.369998931884766,36.43000030517578,27.950712203979492,256900
2012-10-19,36.380001068115234,36.380001068115234,35.68000030517578,35.77000045776367,27.444326400756836,358700
2012-10-22,35.709999084472656,35.900001525878906,35.5,35.709999084472656,27.398296356201172,239400
2012-10-23,35.400001525878906,35.540000915527344,35.2599983215332,35.45000076293945,27.198808670043945,329800
2012-10-24,35.400001525878906,35.52000045776367,35.189998626708984,35.27000045776367,27.060705184936523,284300
2012-10-25,35.4900016784668,35.790000915527344,35.04999923706055,35.290000915527344,27.076051712036133,375200
2012-10-26,35.290000915527344,35.7400016784668,35.2599983215332,35.66999816894531,27.367603302001953,598200
2012-10-31,35.630001068115234,35.70000076293945,34.66999816894531,35.439998626708984,27.19113540649414,1192700
2012-11-01,35.290000915527344,35.970001220703125,34.97999954223633,35.90999984741211,27.551740646362305,879300
2012-11-02,36.08000183105469,36.18000030517578,35.56999969482422,35.939998626708984,27.57475471496582,1218000
2012-11-05,35.959999084472656,36.11000061035156,35.59000015258789,36.029998779296875,27.643800735473633,547300
2012-11-06,36.119998931884766,36.439998626708984,35.93000030517578,36.16999816894531,27.751222610473633,504200
2012-11-07,36.0,36.0,35.27000045776367,35.529998779296875,27.260189056396484,487500
2012-11-08,35.560001373291016,35.70000076293945,35.27000045776367,35.34000015258789,27.114410400390625,444700
2012-11-09,35.16999816894531,35.66999816894531,34.97999954223633,35.61000061035156,27.32156753540039,461700
2012-11-12,35.63999938964844,35.720001220703125,35.34000015258789,35.56999969482422,27.290878295898438,320600
2012-11-13,35.27000045776367,35.77000045776367,35.27000045776367,35.54999923706055,27.275535583496094,589300
2012-11-14,35.68000030517578,35.7599983215332,35.13999938964844,35.29999923706055,27.08372688293457,477400
2012-11-15,35.36000061035156,35.47999954223633,35.029998779296875,35.41999816894531,27.175792694091797,426900
2012-11-16,35.529998779296875,35.849998474121094,35.279998779296875,35.7599983215332,27.436655044555664,446900
2012-11-19,36.0,36.2400016784668,35.790000915527344,36.2400016784668,27.804927825927734,710800
2012-11-20,36.349998474121094,36.40999984741211,35.880001068115234,36.40999984741211,27.935361862182617,394100
2012-11-21,36.43000030517578,36.630001068115234,36.150001525878906,36.61000061035156,28.088815689086914,274300
2012-11-23,36.70000076293945,36.90999984741211,36.5,36.88999938964844,28.303640365600586,264000
2012-11-26,36.56999969482422,36.93000030517578,36.52000045776367,36.709999084472656,28.165538787841797,433000
2012-11-27,36.720001220703125,36.72999954223633,36.31999969482422,36.34000015258789,27.881656646728516,545300
2012-11-28,36.150001525878906,36.369998931884766,35.88999938964844,36.349998474121094,27.889333724975586,384500
2012-11-29,36.400001525878906,36.400001525878906,35.779998779296875,36.29999923706055,28.113929748535156,489900
2012-11-30,36.439998626708984,36.709999084472656,36.22999954223633,36.52000045776367,28.284320831298828,872400
2012-12-03,36.619998931884766,36.84000015258789,36.349998474121094,36.54999923706055,28.30756187438965,553900
2012-12-04,36.5,36.56999969482422,36.220001220703125,36.45000076293945,28.230106353759766,358900
2012-12-05,36.439998626708984,36.66999816894531,36.310001373291016,36.459999084472656,28.23784828186035,413000
2012-12-06,36.5,36.599998474121094,36.290000915527344,36.380001068115234,28.175891876220703,296600
2012-12-07,36.349998474121094,36.5,36.209999084472656,36.439998626708984,28.222354888916016,426700
2012-12-10,36.29999923706055,36.459999084472656,35.7400016784668,35.880001068115234,27.788644790649414,665900
2012-12-11,36.04999923706055,36.09000015258789,35.779998779296875,35.90999984741211,27.811880111694336,618200
2012-12-12,35.970001220703125,36.099998474121094,35.650001525878906,35.68000030517578,27.63375473022461,455800
2012-12-13,35.599998474121094,35.790000915527344,35.5099983215332,35.560001373291016,27.540813446044922,502400
2012-12-14,35.59000015258789,35.790000915527344,35.16999816894531,35.220001220703125,27.27748680114746,396100
2012-12-17,35.31999969482422,35.7599983215332,35.15999984741211,35.45000076293945,27.455610275268555,424500
2012-12-18,35.560001373291016,35.56999969482422,35.13999938964844,35.2400016784668,27.292978286743164,950700
2012-12-19,35.2400016784668,35.68000030517578,35.209999084472656,35.349998474121094,27.378171920776367,1087800
2012-12-20,35.349998474121094,35.61000061035156,35.220001220703125,35.61000061035156,27.579532623291016,559300
2012-12-21,35.040000915527344,35.27000045776367,34.90999984741211,35.06999969482422,27.16130256652832,1528600
2012-12-24,35.0,35.11000061035156,34.97999954223633,35.0,27.10710334777832,202300
2012-12-26,35.060001373291016,35.16999816894531,34.7599983215332,34.83000183105469,26.97543716430664,585600
2012-12-27,34.84000015258789,34.93000030517578,34.43000030517578,34.65999984741211,26.84376335144043,526300
2012-12-28,34.459999084472656,34.689998626708984,34.2599983215332,34.470001220703125,26.69662094116211,459600
2012-12-31,34.459999084472656,34.650001525878906,34.20000076293945,34.650001525878906,26.836029052734375,615800
2013-01-02,35.150001525878906,35.5099983215332,34.970001220703125,35.5,27.494342803955078,688200
2013-01-03,35.560001373291016,35.66999816894531,35.15999984741211,35.34000015258789,27.37042236328125,684600
2013-01-04,35.470001220703125,35.52000045776367,35.119998931884766,35.25,27.300724029541016,1079100
2013-01-07,35.15999984741211,35.86000061035156,35.13999938964844,35.779998779296875,27.711196899414062,1133300
2013-01-08,35.70000076293945,35.880001068115234,35.34000015258789,35.40999984741211,27.424638748168945,652500
2013-01-09,35.5,35.58000183105469,35.400001525878906,35.52000045776367,27.509828567504883,405200
2013-01-10,35.70000076293945,35.77000045776367,35.54999923706055,35.689998626708984,27.641498565673828,438100
2013-01-11,35.72999954223633,35.849998474121094,35.279998779296875,35.59000015258789,27.56405258178711,624600
2013-01-14,35.5,35.560001373291016,35.119998931884766,35.40999984741211,27.424638748168945,531600
2013-01-15,35.25,35.54999923706055,35.25,35.38999938964844,27.409156799316406,486100
2013-01-16,35.27000045776367,35.40999984741211,35.06999969482422,35.2599983215332,27.308462142944336,336700
2013-01-17,35.369998931884766,35.54999923706055,35.209999084472656,35.470001220703125,27.471107482910156,419600
2013-01-18,35.529998779296875,35.560001373291016,35.29999923706055,35.4900016784668,27.48660659790039,581000
2013-01-22,35.5,35.93000030517578,35.470001220703125,35.81999969482422,27.74217987060547,577200
2013-01-23,35.84000015258789,35.849998474121094,35.599998474121094,35.630001068115234,27.595022201538086,503100
2013-01-24,35.7400016784668,35.869998931884766,35.33000183105469,35.369998931884766,27.39365577697754,674400
2013-01-25,35.54999923706055,35.97999954223633,35.54999923706055,35.97999954223633,27.86610221862793,662900
2013-01-28,36.0,36.0,35.619998931884766,35.68000030517578,27.63375473022461,833200
2013-01-29,35.689998626708984,36.0,35.689998626708984,35.83000183105469,27.749927520751953,916900
2013-01-30,36.15999984741211,36.7400016784668,36.15999984741211,36.310001373291016,28.12168312072754,2382400
2013-01-31,36.5,37.189998626708984,36.5,36.95000076293945,28.617351531982422,3124300
2013-02-01,37.65999984741211,37.810001373291016,37.08000183105469,37.38999938964844,28.958126068115234,1358900
2013-02-04,37.36000061035156,37.75,37.29999923706055,37.70000076293945,29.198217391967773,1732000
2013-02-05,37.790000915527344,37.970001220703125,37.70000076293945,37.959999084472656,29.399578094482422,855600
2013-02-06,37.91999816894531,38.13999938964844,37.81999969482422,38.13999938964844,29.538997650146484,624700
2013-02-07,38.09000015258789,38.2400016784668,37.83000183105469,38.0099983215332,29.438302993774414,512700
2013-02-08,38.0,38.08000183105469,37.83000183105469,37.970001220703125,29.407339096069336,397400
2013-02-11,37.880001068115234,38.0,37.689998626708984,37.880001068115234,29.33762550354004,500700
2013-02-12,37.900001525878906,38.0,37.77000045776367,37.81999969482422,29.291156768798828,754600
2013-02-13,37.9900016784668,38.63999938964844,37.900001525878906,38.540000915527344,29.848779678344727,852000
2013-02-14,38.43000030517578,38.93000030517578,38.43000030517578,38.81999969482422,30.06563377380371,719800
2013-02-15,38.79999923706055,38.900001525878906,38.560001373291016,38.869998931884766,30.104368209838867,580500
2013-02-19,38.81999969482422,38.93000030517578,38.58000183105469,38.849998474121094,30.08888053894043,1105000
2013-02-20,38.849998474121094,39.0,38.650001525878906,38.65999984741211,29.941728591918945,488900
2013-02-21,38.560001373291016,38.68000030517578,38.36000061035156,38.45000076293945,29.779081344604492,600400
2013-02-22,38.599998474121094,38.81999969482422,38.54999923706055,38.72999954223633,29.995948791503906,673300
2013-02-25,38.810001373291016,38.91999816894531,38.0099983215332,38.0099983215332,29.438302993774414,525200
2013-02-26,38.2400016784668,38.45000076293945,38.029998779296875,38.38999938964844,29.73261070251465,480700
2013-02-27,38.310001373291016,38.709999084472656,38.209999084472656,38.66999816894531,29.9494686126709,464100
2013-02-28,38.380001068115234,38.83000183105469,38.290000915527344,38.47999954223633,30.074533462524414,633600
2013-03-01,38.31999969482422,38.369998931884766,37.95000076293945,38.2599983215332,29.90257453918457,778200
2013-03-04,38.22999954223633,38.400001525878906,38.02000045776367,38.33000183105469,29.957286834716797,389800
2013-03-05,38.38999938964844,38.81999969482422,38.349998474121094,38.790000915527344,30.316802978515625,426000
2013-03-06,38.81999969482422,38.939998626708984,38.290000915527344,38.38999938964844,30.004180908203125,548700
2013-03-07,38.470001220703125,38.56999969482422,38.279998779296875,38.41999816894531,30.027620315551758,449300
2013-03-08,38.619998931884766,38.86000061035156,38.4900016784668,38.7599983215332,30.293359756469727,909600
2013-03-11,38.720001220703125,38.90999984741211,38.650001525878906,38.880001068115234,30.387144088745117,271000
2013-03-12,38.84000015258789,38.900001525878906,38.630001068115234,38.7400016784668,30.277734756469727,414400
2013-03-13,38.83000183105469,39.2599983215332,38.65999984741211,39.16999816894531,30.613801956176758,452800
2013-03-14,39.16999816894531,39.63999938964844,39.16999816894531,39.52000045776367,30.88735580444336,524000
2013-03-15,39.5099983215332,39.65999984741211,39.400001525878906,39.63999938964844,30.98113250732422,959500
2013-03-18,39.310001373291016,39.70000076293945,39.20000076293945,39.59000015258789,30.942062377929688,742400
2013-03-19,39.66999816894531,39.90999984741211,39.43000030517578,39.900001525878906,31.184343338012695,763000
2013-03-20,40.0,40.34000015258789,39.81999969482422,40.290000915527344,31.489145278930664,666700
2013-03-21,40.099998474121094,40.380001068115234,40.09000015258789,40.22999954223633,31.442256927490234,864500
2013-03-22,40.22999954223633,40.5,40.16999816894531,40.5,31.65328025817871,520800
2013-03-25,40.5,40.66999816894531,40.2599983215332,40.45000076293945,31.614212036132812,915300
2013-03-26,40.63999938964844,40.77000045776367,40.5,40.720001220703125,31.82522964477539,1236000
2013-03-27,40.619998931884766,40.959999084472656,40.5,40.95000076293945,32.00497817993164,1346600
2013-03-28,40.95000076293945,41.310001373291016,40.90999984741211,41.310001373291016,32.286346435546875,1293600
2013-04-01,41.2400016784668,41.41999816894531,40.970001220703125,41.22999954223633,32.22381591796875,477100
2013-04-02,41.459999084472656,41.560001373291016,41.16999816894531,41.349998474121094,32.3176155090332,737100
2013-04-03,41.36000061035156,41.470001220703125,40.849998474121094,41.0099983215332,32.051856994628906,1019800
2013-04-04,41.13999938964844,41.529998779296875,40.959999084472656,41.099998474121094,32.12220764160156,564800
2013-04-05,40.75,41.02000045776367,40.5099983215332,40.95000076293945,32.00497817993164,466800
2013-04-08,40.900001525878906,41.43000030517578,40.900001525878906,41.380001068115234,32.34105682373047,797100
2013-04-09,41.41999816894531,41.5099983215332,41.150001525878906,41.29999923706055,32.278526306152344,688800
2013-04-10,41.400001525878906,41.58000183105469,41.209999084472656,41.540000915527344,32.46609878540039,575300
2013-04-11,41.58000183105469,42.689998626708984,41.58000183105469,42.38999938964844,33.130428314208984,1205300
2013-04-12,42.33000183105469,42.43000030517578,41.97999954223633,42.2599983215332,33.028839111328125,918800
2013-04-15,42.11000061035156,42.41999816894531,41.83000183105469,41.84000015258789,32.70057678222656,1072200
2013-04-16,42.119998931884766,42.31999969482422,42.0,42.099998474121094,32.90378952026367,772800
2013-04-17,41.970001220703125,42.06999969482422,41.68000030517578,41.7599983215332,32.63804244995117,1039100
2013-04-18,41.95000076293945,41.95000076293945,41.619998931884766,41.790000915527344,32.6614990234375,834000
2013-04-19,41.79999923706055,42.02000045776367,41.40999984741211,41.95000076293945,32.78654479980469,564400
2013-04-22,41.939998626708984,42.18000030517578,41.66999816894531,42.04999923706055,32.86471176147461,451300
2013-04-23,42.34000015258789,42.45000076293945,41.93000030517578,42.15999984741211,32.950660705566406,465100
2013-04-24,42.22999954223633,42.31999969482422,42.0099983215332,42.13999938964844,32.9350471496582,356700
2013-04-25,42.25,42.459999084472656,42.099998474121094,42.209999084472656,32.989749908447266,317000
2013-04-26,42.220001220703125,42.41999816894531,42.08000183105469,42.27000045776367,33.03663635253906,429000
2013-04-29,42.2400016784668,42.54999923706055,42.220001220703125,42.43000030517578,33.16168975830078,697000
2013-04-30,42.31999969482422,42.54999923706055,42.27000045776367,42.45000076293945,33.17731475830078,837500
2013-05-01,43.75,43.75,42.439998626708984,42.540000915527344,33.24766159057617,1281200
2013-05-02,42.529998779296875,43.25,42.380001068115234,43.09000015258789,33.67752456665039,1031500
2013-05-03,43.34000015258789,43.63999938964844,43.2599983215332,43.58000183105469,34.060482025146484,375400
2013-05-06,43.599998474121094,44.0,43.599998474121094,43.88999938964844,34.302772521972656,435800
2013-05-07,44.0,44.0099983215332,43.81999969482422,43.9900016784668,34.38093566894531,329600
2013-05-08,43.9900016784668,44.349998474121094,43.900001525878906,44.349998474121094,34.66230010986328,419200
2013-05-09,44.41999816894531,44.630001068115234,44.27000045776367,44.349998474121094,34.66230010986328,517500
2013-05-10,44.470001220703125,44.59000015258789,44.290000915527344,44.349998474121094,34.66230010986328,381900
2013-05-13,44.349998474121094,44.77000045776367,44.290000915527344,44.75,34.97492218017578,291300
2013-05-14,44.66999816894531,45.2400016784668,44.650001525878906,45.20000076293945,35.32662582397461,434200
2013-05-15,45.20000076293945,45.689998626708984,45.040000915527344,45.58000183105469,35.62361145019531,690600
2013-05-16,45.560001373291016,45.869998931884766,45.459999084472656,45.54999923706055,35.600181579589844,608700
2013-05-17,45.61000061035156,45.70000076293945,45.2599983215332,45.52000045776367,35.576725006103516,751800
2013-05-20,45.45000076293945,45.599998474121094,45.209999084472656,45.31999969482422,35.42041015625,477000
2013-05-21,45.40999984741211,45.560001373291016,45.130001068115234,45.209999084472656,35.33443069458008,407800
2013-05-22,45.2599983215332,45.619998931884766,44.52000045776367,44.790000915527344,35.00618362426758,653700
2013-05-23,44.63999938964844,44.77000045776367,44.31999969482422,44.65999984741211,34.904579162597656,484800
2013-05-24,44.459999084472656,44.58000183105469,44.02000045776367,44.47999954223633,34.763893127441406,342100
2013-05-28,44.79999923706055,45.150001525878906,44.650001525878906,44.810001373291016,35.02180480957031,902000
2013-05-29,44.619998931884766,44.66999816894531,44.189998626708984,44.459999084472656,34.748268127441406,285900
2013-05-30,44.560001373291016,44.959999084472656,44.4900016784668,44.81999969482422,35.02962112426758,405700
2013-05-31,44.459999084472656,44.5,43.66999816894531,43.68000030517578,34.40733337402344,586400
2013-06-03,43.75,43.75,42.88999938964844,43.119998931884766,33.966217041015625,762300
2013-06-04,43.209999084472656,43.5099983215332,42.72999954223633,42.939998626708984,33.824424743652344,459500
2013-06-05,42.720001220703125,42.9900016784668,42.41999816894531,42.59000015258789,33.54872512817383,353700
2013-06-06,42.560001373291016,43.15999984741211,42.5,43.15999984741211,33.997718811035156,634000
2013-06-07,43.380001068115234,43.86000061035156,43.18000030517578,43.77000045776367,34.47822570800781,450500
2013-06-10,43.83000183105469,43.93000030517578,43.47999954223633,43.709999084472656,34.43096923828125,518400
2013-06-11,43.790000915527344,43.939998626708984,43.4900016784668,43.779998779296875,34.48611068725586,794800
2013-06-12,43.95000076293945,44.060001373291016,43.459999084472656,43.47999954223633,34.24980163574219,251600
2013-06-13,43.439998626708984,44.43000030517578,43.119998931884766,44.369998931884766,34.95085525512695,452600
2013-06-14,44.279998779296875,44.4900016784668,44.130001068115234,44.349998474121094,34.93510818481445,466700
2013-06-17,44.54999923706055,44.95000076293945,44.54999923706055,44.849998474121094,35.32896041870117,444200
2013-06-18,45.0,45.4900016784668,44.7599983215332,45.36000061035156,35.73070526123047,444000
2013-06-19,44.66999816894531,44.90999984741211,43.84000015258789,43.849998474121094,34.5412483215332,859400
2013-06-20,43.529998779296875,43.63999938964844,42.68000030517578,42.70000076293945,33.635372161865234,864100
2013-06-21,42.7599983215332,43.29999923706055,42.7400016784668,43.099998474121094,33.950469970703125,847000
2013-06-24,42.70000076293945,42.939998626708984,42.34000015258789,42.68000030517578,33.6196174621582,430800
2013-06-25,42.9900016784668,43.08000183105469,42.619998931884766,42.959999084472656,33.84017562866211,477000
2013-06-26,43.31999969482422,43.439998626708984,42.88999938964844,43.189998626708984,34.0213508605957,646500
2013-06-27,43.369998931884766,44.029998779296875,43.22999954223633,43.869998931884766,34.5569953918457,323600
2013-06-28,43.86000061035156,44.04999923706055,43.619998931884766,43.689998626708984,34.41521072387695,615400
2013-07-01,43.88999938964844,44.43000030517578,43.79999923706055,44.25,34.85633087158203,393200
2013-07-02,44.20000076293945,44.63999938964844,43.849998474121094,44.11000061035156,34.74604415893555,304700
2013-07-03,44.029998779296875,44.16999816894531,43.65999984741211,43.97999954223633,34.643646240234375,154600
2013-07-05,44.209999084472656,44.34000015258789,43.9900016784668,44.310001373291016,34.90359115600586,375500
2013-07-08,44.52000045776367,44.75,44.400001525878906,44.540000915527344,35.084774017333984,343200
2013-07-09,44.720001220703125,44.90999984741211,44.470001220703125,44.4900016784668,35.04538345336914,598200
2013-07-10,44.5,44.66999816894531,44.20000076293945,44.619998931884766,35.14779281616211,369000
2013-07-11,45.0,45.36000061035156,44.880001068115234,45.33000183105469,35.707061767578125,598300
2013-07-12,45.25,45.56999969482422,45.13999938964844,45.529998779296875,35.86459732055664,245800
2013-07-15,45.5,45.88999938964844,45.040000915527344,45.349998474121094,35.72281265258789,469700
2013-07-16,45.58000183105469,45.77000045776367,44.689998626708984,44.720001220703125,35.226558685302734,522800
2013-07-17,44.880001068115234,44.91999816894531,44.5,44.58000183105469,35.11627960205078,567900
2013-07-18,44.650001525878906,45.209999084472656,44.650001525878906,44.939998626708984,35.39985275268555,850800
2013-07-19,45.0099983215332,45.15999984741211,44.810001373291016,44.97999954223633,35.43136215209961,295000
2013-07-22,44.959999084472656,45.130001068115234,44.810001373291016,45.119998931884766,35.54164505004883,323200
2013-07-23,45.209999084472656,45.38999938964844,44.63999938964844,44.65999984741211,35.17929458618164,435600
2013-07-24,44.81999969482422,44.88999938964844,43.939998626708984,43.959999084472656,34.62789535522461,507400
2013-07-25,43.9900016784668,44.349998474121094,43.84000015258789,43.9900016784668,34.651519775390625,448400
2013-07-26,43.900001525878906,43.939998626708984,43.439998626708984,43.7599983215332,34.4703483581543,668300
2013-07-29,43.720001220703125,43.90999984741211,43.52000045776367,43.650001525878906,34.383689880371094,278500
2013-07-30,43.689998626708984,44.029998779296875,43.5,43.7599983215332,34.4703483581543,311200
2013-07-31,44.25,45.29999923706055,44.20000076293945,44.380001068115234,34.95873260498047,784300
2013-08-01,44.849998474121094,45.68000030517578,44.33000183105469,44.81999969482422,35.305328369140625,1094800
2013-08-02,44.59000015258789,45.220001220703125,44.439998626708984,45.15999984741211,35.57314682006836,474200
2013-08-05,45.11000061035156,45.38999938964844,44.630001068115234,44.70000076293945,35.21080780029297,374900
2013-08-06,44.65999984741211,44.72999954223633,44.40999984741211,44.47999954223633,35.03750991821289,327000
2013-08-07,44.43000030517578,44.45000076293945,44.130001068115234,44.22999954223633,34.84056091308594,244500
2013-08-08,44.25,44.4900016784668,43.970001220703125,44.25,34.85633087158203,490200
2013-08-09,43.970001220703125,44.279998779296875,43.970001220703125,44.060001373291016,34.70668411254883,272500
2013-08-12,43.869998931884766,44.29999923706055,43.689998626708984,43.7400016784668,34.4546012878418,429300
2013-08-13,44.2599983215332,44.560001373291016,44.08000183105469,44.380001068115234,34.95873260498047,868600
2013-08-14,44.2400016784668,44.470001220703125,43.66999816894531,44.099998474121094,34.73817825317383,469900
2013-08-15,43.619998931884766,43.83000183105469,43.0,43.09000015258789,33.94258499145508,495400
2013-08-16,42.84000015258789,43.25,42.7400016784668,42.95000076293945,33.832298278808594,385400
2013-08-19,42.900001525878906,42.97999954223633,42.630001068115234,42.88999938964844,33.78504943847656,316800
2013-08-20,42.880001068115234,43.52000045776367,42.66999816894531,43.36000061035156,34.1552734375,384600
2013-08-21,43.189998626708984,43.33000183105469,42.650001525878906,42.779998779296875,33.69839096069336,381400
2013-08-22,42.849998474121094,42.97999954223633,42.52000045776367,42.810001373291016,33.722023010253906,372000
2013-08-23,43.029998779296875,43.130001068115234,42.779998779296875,43.130001068115234,33.974098205566406,337700
2013-08-26,43.15999984741211,43.279998779296875,42.56999969482422,42.56999969482422,33.53297805786133,501200
2013-08-27,42.22999954223633,42.58000183105469,41.79999923706055,42.0099983215332,33.091861724853516,642100
2013-08-28,41.95000076293945,42.15999984741211,41.650001525878906,41.75,32.88703918457031,635900
2013-08-29,41.65999984741211,42.40999984741211,41.65999984741211,42.099998474121094,33.16274642944336,523000
2013-08-30,41.86000061035156,41.86000061035156,41.189998626708984,41.34000015258789,32.83708190917969,559500
2013-09-03,41.970001220703125,42.15999984741211,41.11000061035156,41.400001525878906,32.884735107421875,1213400
2013-09-04,41.7599983215332,42.81999969482422,41.58000183105469,42.720001220703125,33.9332389831543,1517900
2013-09-05,42.81999969482422,42.970001220703125,42.58000183105469,42.91999816894531,34.09209060668945,781800
2013-09-06,42.959999084472656,43.369998931884766,42.38999938964844,43.04999923706055,34.19534683227539,666200
2013-09-09,42.939998626708984,43.88999938964844,42.93000030517578,43.88999938964844,34.862579345703125,671700
2013-09-10,43.959999084472656,44.279998779296875,43.93000030517578,44.20000076293945,35.10882568359375,589700
2013-09-11,44.20000076293945,44.40999984741211,44.040000915527344,44.349998474121094,35.227970123291016,407000
2013-09-12,44.25,44.459999084472656,44.04999923706055,44.13999938964844,35.061161041259766,828800
2013-09-13,44.27000045776367,44.29999923706055,43.560001373291016,43.65999984741211,34.67988586425781,752100
2013-09-16,44.290000915527344,44.290000915527344,43.900001525878906,44.02000045776367,34.96584701538086,579800
2013-09-17,44.0099983215332,44.439998626708984,43.90999984741211,44.290000915527344,35.18031311035156,399200
2013-09-18,44.209999084472656,44.7400016784668,43.9900016784668,44.650001525878906,35.46625900268555,768800
2013-09-19,44.75,44.790000915527344,44.279998779296875,44.29999923706055,35.188262939453125,767300
2013-09-20,44.40999984741211,44.650001525878906,44.33000183105469,44.43000030517578,35.291507720947266,1154900
2013-09-23,44.43000030517578,44.47999954223633,43.900001525878906,43.959999084472656,34.918182373046875,434100
2013-09-24,43.93000030517578,44.41999816894531,43.86000061035156,44.29999923706055,35.188262939453125,691200
2013-09-25,44.400001525878906,44.5,44.119998931884766,44.279998779296875,35.17238235473633,459800
2013-09-26,44.29999923706055,44.5,44.060001373291016,44.189998626708984,35.10087203979492,288200
2013-09-27,44.0099983215332,44.11000061035156,43.79999923706055,43.93000030517578,34.89434814453125,368800
2013-09-30,43.36000061035156,43.91999816894531,43.36000061035156,43.650001525878906,34.67195129394531,662800
2013-10-01,43.68000030517578,44.31999969482422,43.61000061035156,44.279998779296875,35.17238235473633,986200
2013-10-02,44.13999938964844,44.33000183105469,43.75,44.29999923706055,35.188262939453125,515500
2013-10-03,44.11000061035156,44.15999984741211,43.56999969482422,43.810001373291016,34.79905319213867,483100
2013-10-04,43.849998474121094,44.25,43.70000076293945,44.099998474121094,35.02939224243164,375400
2013-10-07,43.810001373291016,44.06999969482422,43.58000183105469,43.810001373291016,34.79905319213867,503600
2013-10-08,43.7400016784668,44.04999923706055,43.689998626708984,43.83000183105469,34.8149299621582,775300
2013-10-09,43.849998474121094,44.15999984741211,43.58000183105469,43.93000030517578,34.89434814453125,744500
2013-10-10,44.29999923706055,44.790000915527344,44.209999084472656,44.7400016784668,35.53776550292969,1164600
2013-10-11,44.599998474121094,45.20000076293945,44.599998474121094,45.16999816894531,35.879302978515625,1164700
2013-10-14,44.95000076293945,45.77000045776367,44.86000061035156,45.63999938964844,36.25263977050781,677200
2013-10-15,45.63999938964844,45.849998474121094,45.25,45.369998931884766,36.038169860839844,880000
2013-10-16,45.61000061035156,46.06999969482422,45.5,45.97999954223633,36.522708892822266,692700
2013-10-17,45.84000015258789,46.720001220703125,45.84000015258789,46.63999938964844,37.04696273803711,581100
2013-10-18,46.900001525878906,47.029998779296875,46.619998931884766,47.0099983215332,37.340850830078125,361700
2013-10-21,46.91999816894531,47.040000915527344,46.79999923706055,46.970001220703125,37.309078216552734,391700
2013-10-22,47.099998474121094,47.68000030517578,46.91999816894531,47.619998931884766,37.82539749145508,616000
2013-10-23,47.5099983215332,47.81999969482422,47.400001525878906,47.75,37.92864227294922,839100
2013-10-24,47.7599983215332,48.11000061035156,47.56999969482422,47.66999816894531,37.8651008605957,425400
2013-10-25,47.66999816894531,47.939998626708984,47.04999923706055,47.70000076293945,37.88893508911133,439900
2013-10-28,47.68000030517578,47.7599983215332,47.310001373291016,47.400001525878906,37.650634765625,602500
2013-10-29,47.689998626708984,47.77000045776367,47.25,47.5,37.730064392089844,1054500
2013-10-30,47.400001525878906,48.09000015258789,46.220001220703125,47.5,37.730064392089844,2065600
2013-10-31,47.27000045776367,47.810001373291016,46.959999084472656,47.45000076293945,37.690345764160156,1878500
2013-11-01,47.47999954223633,47.599998474121094,47.0,47.220001220703125,37.50765609741211,1221500
2013-11-04,47.25,47.400001525878906,47.06999969482422,47.279998779296875,37.555328369140625,380700
2013-11-05,47.150001525878906,47.2400016784668,47.0099983215332,47.06999969482422,37.38851547241211,466400
2013-11-06,47.20000076293945,47.400001525878906,47.0,47.349998474121094,37.610931396484375,445800
2013-11-07,47.41999816894531,47.560001373291016,46.7400016784668,46.77000045776367,37.15021896362305,575100
2013-11-08,46.77000045776367,47.130001068115234,46.72999954223633,47.0099983215332,37.340850830078125,467600
2013-11-11,47.060001373291016,47.54999923706055,47.060001373291016,47.54999923706055,37.7697868347168,336700
2013-11-12,47.47999954223633,47.599998474121094,47.15999984741211,47.45000076293945,37.690345764160156,379400
2013-11-13,47.11000061035156,47.66999816894531,47.0099983215332,47.65999984741211,37.85715866088867,392700
2013-11-14,47.77000045776367,48.4900016784668,47.68000030517578,48.11000061035156,38.214599609375,509300
2013-11-15,48.13999938964844,48.45000076293945,47.65999984741211,48.0099983215332,38.13518142700195,521400
2013-11-18,48.08000183105469,48.20000076293945,47.47999954223633,47.59000015258789,37.80156326293945,525600
2013-11-19,47.560001373291016,47.79999923706055,47.220001220703125,47.2400016784668,37.5235595703125,548500
2013-11-20,47.290000915527344,47.619998931884766,47.130001068115234,47.41999816894531,37.66653060913086,466100
2013-11-21,47.41999816894531,47.77000045776367,47.27000045776367,47.45000076293945,37.690345764160156,685300
2013-11-22,47.52000045776367,47.7599983215332,47.2599983215332,47.70000076293945,37.88893508911133,416000
2013-11-25,47.7400016784668,47.939998626708984,47.220001220703125,47.36000061035156,37.61886978149414,373000
2013-11-26,47.33000183105469,47.43000030517578,46.88999938964844,46.91999816894531,37.26936721801758,375100
2013-11-27,46.970001220703125,47.16999816894531,46.619998931884766,47.060001373291016,37.38057327270508,385500
2013-11-29,47.099998474121094,47.15999984741211,46.5099983215332,46.540000915527344,36.967533111572266,233600
2013-12-02,46.380001068115234,46.5,45.75,46.2599983215332,37.0235481262207,692800
2013-12-03,46.13999938964844,46.2400016784668,45.45000076293945,45.59000015258789,36.48733901977539,519900
2013-12-04,45.529998779296875,45.68000030517578,44.84000015258789,45.63999938964844,36.527347564697266,740100
2013-12-05,45.4900016784668,46.11000061035156,45.43000030517578,46.09000015258789,36.88750076293945,554000
2013-12-06,46.470001220703125,46.810001373291016,46.15999984741211,46.7400016784668,37.407711029052734,501200
2013-12-09,46.810001373291016,47.06999969482422,46.75,46.97999954223633,37.59978485107422,730600
2013-12-10,46.84000015258789,47.040000915527344,46.720001220703125,46.75,37.41571807861328,557100
2013-12-11,46.65999984741211,47.040000915527344,45.970001220703125,45.9900016784668,36.80746841430664,919400
2013-12-12,45.91999816894531,46.11000061035156,45.849998474121094,45.91999816894531,36.751434326171875,597300
2013-12-13,46.0,46.099998474121094,45.66999816894531,45.79999923706055,36.65538787841797,534200
2013-12-16,45.95000076293945,46.09000015258789,45.849998474121094,45.900001525878906,36.73543167114258,542200
2013-12-17,45.79999923706055,45.970001220703125,45.5,45.529998779296875,36.439300537109375,791200
2013-12-18,45.619998931884766,45.900001525878906,45.4900016784668,45.849998474121094,36.695411682128906,981900
2013-12-19,45.84000015258789,46.369998931884766,45.810001373291016,46.0099983215332,36.82347106933594,1208900
2013-12-20,45.90999984741211,46.11000061035156,45.7599983215332,45.9900016784668,36.80746841430664,2019800
2013-12-23,46.27000045776367,46.369998931884766,46.040000915527344,46.11000061035156,36.903507232666016,794900
2013-12-24,46.11000061035156,46.52000045776367,45.939998626708984,46.189998626708984,36.967533111572266,336900
2013-12-26,46.25,46.4900016784668,46.119998931884766,46.16999816894531,36.951515197753906,895100
2013-12-27,46.31999969482422,46.4900016784668,46.209999084472656,46.369998931884766,37.11159133911133,512400
2013-12-30,46.47999954223633,46.83000183105469,46.38999938964844,46.66999816894531,37.351688385009766,549000
2013-12-31,46.70000076293945,47.040000915527344,46.70000076293945,46.93000030517578,37.559776306152344,474500
2014-01-02,46.66999816894531,46.88999938964844,46.09000015258789,46.150001525878906,36.93551254272461,483700
2014-01-03,46.11000061035156,46.34000015258789,46.04999923706055,46.15999984741211,36.943504333496094,282500
2014-01-06,46.290000915527344,46.40999984741211,45.88999938964844,46.119998931884766,36.9114990234375,638700
2014-01-07,46.689998626708984,47.400001525878906,46.689998626708984,47.349998474121094,37.89591979980469,1152100
2014-01-08,47.27000045776367,47.27000045776367,46.77000045776367,47.20000076293945,37.775856018066406,766900
2014-01-09,47.27000045776367,47.97999954223633,47.220001220703125,47.97999954223633,38.40013122558594,849400
2014-01-10,48.06999969482422,48.40999984741211,47.43000030517578,48.060001373291016,38.46416091918945,902000
2014-01-13,47.84000015258789,48.0099983215332,47.439998626708984,47.66999816894531,38.152015686035156,894600
2014-01-14,47.810001373291016,48.36000061035156,47.65999984741211,48.34000015258789,38.68825149536133,724700
2014-01-15,48.34000015258789,48.720001220703125,48.18000030517578,48.709999084472656,38.98436737060547,815600
2014-01-16,48.560001373291016,48.790000915527344,48.41999816894531,48.779998779296875,39.04039764404297,697700
2014-01-17,48.77000045776367,48.84000015258789,48.400001525878906,48.5099983215332,38.82428741455078,419400
2014-01-21,48.869998931884766,49.060001373291016,48.5099983215332,49.0099983215332,39.22446823120117,696400
2014-01-22,49.029998779296875,49.459999084472656,48.90999984741211,49.38999938964844,39.528594970703125,638000
2014-01-23,49.22999954223633,49.31999969482422,48.34000015258789,48.439998626708984,38.76828384399414,737300
2014-01-24,48.33000183105469,48.41999816894531,47.25,47.25,37.815887451171875,935400
2014-01-27,47.279998779296875,47.400001525878906,46.45000076293945,46.459999084472656,37.18362045288086,996600
2014-01-28,47.02000045776367,47.54999923706055,46.83000183105469,47.439998626708984,37.96794509887695,1417700
2014-01-29,45.0,47.33000183105469,44.650001525878906,47.0,37.615787506103516,1096300
2014-01-30,47.2599983215332,47.2599983215332,46.31999969482422,46.54999923706055,37.255653381347656,837000
2014-01-31,46.060001373291016,46.470001220703125,45.58000183105469,46.22999954223633,36.99954605102539,719100
2014-02-03,46.08000183105469,46.31999969482422,44.369998931884766,44.380001068115234,35.5189208984375,1116600
2014-02-04,44.45000076293945,44.65999984741211,44.02000045776367,44.47999954223633,35.59895706176758,965600
2014-02-05,44.400001525878906,44.86000061035156,44.209999084472656,44.7400016784668,35.80704116821289,681000
2014-02-06,44.84000015258789,45.04999923706055,44.529998779296875,44.58000183105469,35.678993225097656,726400
2014-02-07,44.75,45.34000015258789,44.70000076293945,45.31999969482422,36.27124786376953,458400
2014-02-10,45.25,45.380001068115234,45.04999923706055,45.25,36.215213775634766,551000
2014-02-11,45.25,45.900001525878906,45.150001525878906,45.689998626708984,36.567359924316406,339700
2014-02-12,45.65999984741211,45.79999923706055,45.13999938964844,45.2599983215332,36.22322463989258,650900
2014-02-13,45.0,45.63999938964844,44.970001220703125,45.61000061035156,36.503334045410156,427300
2014-02-14,45.540000915527344,45.7599983215332,45.29999923706055,45.61000061035156,36.503334045410156,322200
2014-02-18,45.560001373291016,46.02000045776367,45.33000183105469,45.77000045776367,36.63137435913086,387600
2014-02-19,45.59000015258789,45.900001525878906,45.4900016784668,45.61000061035156,36.503334045410156,480200
2014-02-20,45.58000183105469,46.130001068115234,45.470001220703125,46.060001373291016,36.86349105834961,346700
2014-02-21,46.029998779296875,46.220001220703125,45.7599983215332,45.83000183105469,36.679412841796875,389000
2014-02-24,45.83000183105469,46.04999923706055,45.459999084472656,45.459999084472656,36.38328552246094,645300
2014-02-25,45.47999954223633,45.79999923706055,45.2599983215332,45.619998931884766,36.51133346557617,437900
2014-02-26,45.75,45.95000076293945,45.459999084472656,45.650001525878906,36.53535842895508,624900
2014-02-27,45.630001068115234,46.04999923706055,45.310001373291016,45.959999084472656,36.78345489501953,443600
2014-02-28,45.63999938964844,46.290000915527344,45.63999938964844,46.20000076293945,37.2674446105957,631400
2014-03-03,45.779998779296875,46.15999984741211,45.529998779296875,46.11000061035156,37.194847106933594,542400
2014-03-04,46.5,46.959999084472656,46.25,46.93000030517578,37.85629653930664,543600
2014-03-05,46.880001068115234,46.93000030517578,46.61000061035156,46.84000015258789,37.78369903564453,338800
2014-03-06,46.959999084472656,47.279998779296875,46.720001220703125,47.220001220703125,38.09022521972656,382800
2014-03-07,47.40999984741211,47.52000045776367,46.91999816894531,47.040000915527344,37.945037841796875,462400
2014-03-10,46.97999954223633,47.310001373291016,46.91999816894531,47.2599983215332,38.12249755859375,625800
2014-03-11,47.310001373291016,47.43000030517578,46.91999816894531,46.9900016784668,37.90469741821289,355200
2014-03-12,46.75,47.06999969482422,46.70000076293945,46.869998931884766,37.80790710449219,478800
2014-03-13,46.970001220703125,46.970001220703125,46.22999954223633,46.36000061035156,37.39651107788086,604500
2014-03-14,46.349998474121094,46.81999969482422,46.349998474121094,46.45000076293945,37.469093322753906,446600
2014-03-17,46.58000183105469,47.099998474121094,46.5099983215332,46.97999954223633,37.896644592285156,467600
2014-03-18,47.08000183105469,47.2599983215332,46.91999816894531,47.209999084472656,38.08216094970703,562500
2014-03-19,47.029998779296875,47.209999084472656,46.529998779296875,46.75,37.71110916137695,396500
2014-03-20,46.66999816894531,47.0099983215332,46.529998779296875,47.0099983215332,37.920833587646484,595600
2014-03-21,47.369998931884766,47.7599983215332,46.97999954223633,47.04999923706055,37.953102111816406,1973900
2014-03-24,47.29999923706055,47.560001373291016,46.97999954223633,47.099998474121094,37.9934196472168,537100
2014-03-25,47.20000076293945,47.650001525878906,46.91999816894531,47.119998931884766,38.009559631347656,432500
2014-03-26,47.369998931884766,47.4900016784668,47.0,47.029998779296875,37.93696594238281,774400
2014-03-27,49.380001068115234,49.380001068115234,46.540000915527344,46.70000076293945,37.670780181884766,279800
2014-03-28,46.779998779296875,47.15999984741211,46.68000030517578,46.880001068115234,37.815975189208984,248900
2014-03-31,47.290000915527344,47.630001068115234,47.11000061035156,47.58000183105469,38.38062286376953,422300
2014-04-01,47.56999969482422,47.88999938964844,47.34000015258789,47.88999938964844,38.63068771362305,522700
2014-04-02,48.06999969482422,48.33000183105469,47.849998474121094,48.209999084472656,38.88880920410156,889600
2014-04-03,48.2400016784668,48.380001068115234,47.93000030517578,48.0,38.719425201416016,648500
2014-04-04,48.099998474121094,48.13999938964844,46.72999954223633,46.84000015258789,37.78369903564453,902700
2014-04-07,46.630001068115234,46.77000045776367,44.45000076293945,44.689998626708984,36.049400329589844,1800100
2014-04-08,44.709999084472656,44.900001525878906,43.5,43.59000015258789,35.162071228027344,1660200
2014-04-09,43.529998779296875,44.58000183105469,42.970001220703125,44.279998779296875,35.71866226196289,2427100
2014-04-10,44.38999938964844,44.5099983215332,43.29999923706055,43.65999984741211,35.218544006347656,2808000
2014-04-11,43.290000915527344,44.880001068115234,43.2599983215332,44.380001068115234,35.7993278503418,16607100
2014-04-14,44.70000076293945,44.900001525878906,44.34000015258789,44.7400016784668,36.089725494384766,2156600
2014-04-15,45.0099983215332,45.27000045776367,44.08000183105469,45.02000045776367,36.315589904785156,2091800
2014-04-16,45.290000915527344,45.400001525878906,44.86000061035156,45.27000045776367,36.51725769042969,1516500
2014-04-17,45.290000915527344,45.290000915527344,44.970001220703125,45.16999816894531,36.43658447265625,1613500
2014-04-21,45.130001068115234,45.380001068115234,44.75,45.189998626708984,36.45270538330078,1569500
2014-04-22,45.33000183105469,45.47999954223633,45.0,45.040000915527344,36.33170700073242,1353800
2014-04-23,45.04999923706055,45.25,44.84000015258789,44.95000076293945,36.25912857055664,852600
2014-04-24,45.040000915527344,45.20000076293945,44.52000045776367,44.66999816894531,36.03325653076172,1292800
2014-04-25,44.529998779296875,44.63999938964844,44.13999938964844,44.47999954223633,35.87998962402344,1270100
2014-04-28,44.7400016784668,45.02000045776367,44.22999954223633,44.63999938964844,36.0090446472168,1196900
2014-04-29,44.650001525878906,44.939998626708984,44.459999084472656,44.560001373291016,35.94453048706055,1810800
2014-04-30,44.47999954223633,45.130001068115234,44.279998779296875,45.02000045776367,36.315589904785156,2261800
2014-05-01,45.11000061035156,45.5,44.83000183105469,45.08000183105469,36.363990783691406,1130100
2014-05-02,45.029998779296875,45.2400016784668,44.54999923706055,44.650001525878906,36.01711654663086,766500
2014-05-05,44.529998779296875,45.0,44.13999938964844,44.75,36.097801208496094,586400
2014-05-06,44.63999938964844,44.70000076293945,44.33000183105469,44.369998931884766,35.79126739501953,682200
2014-05-07,44.400001525878906,44.709999084472656,44.18000030517578,44.63999938964844,36.0090446472168,1033800
2014-05-08,44.63999938964844,45.29999923706055,44.58000183105469,45.040000915527344,36.33170700073242,2015700
2014-05-09,44.97999954223633,45.439998626708984,44.86000061035156,45.41999816894531,36.638248443603516,942400
2014-05-12,45.619998931884766,46.0,45.45000076293945,45.86000061035156,36.99317169189453,838800
2014-05-13,45.880001068115234,45.97999954223633,45.619998931884766,45.63999938964844,36.81571578979492,663700
2014-05-14,45.599998474121094,45.599998474121094,45.08000183105469,45.18000030517578,36.44465637207031,530500
2014-05-15,44.9900016784668,45.029998779296875,44.52000045776367,44.95000076293945,36.25912857055664,782300
2014-05-16,45.0,45.5099983215332,44.86000061035156,45.33000183105469,36.565650939941406,1043600
2014-05-19,45.29999923706055,45.47999954223633,45.119998931884766,45.29999923706055,36.54145050048828,892300
2014-05-20,45.47999954223633,45.970001220703125,45.2400016784668,45.400001525878906,36.62211990356445,1176400
2014-05-21,45.279998779296875,45.90999984741211,45.13999938964844,45.849998474121094,36.985107421875,833500
2014-05-22,45.88999938964844,46.31999969482422,45.81999969482422,45.88999938964844,37.01737976074219,1030100
2014-05-23,45.90999984741211,46.08000183105469,45.83000183105469,45.95000076293945,37.065773010253906,915900
2014-05-27,46.09000015258789,46.20000076293945,45.90999984741211,46.099998474121094,37.18677520751953,868500
2014-05-28,46.099998474121094,46.18000030517578,45.81999969482422,45.869998931884766,37.001251220703125,1570800
2014-05-29,47.68000030517578,47.68000030517578,45.7599983215332,45.959999084472656,37.07384490966797,857900
2014-05-30,45.95000076293945,45.97999954223633,45.709999084472656,45.83000183105469,36.968990325927734,992300
2014-06-02,45.93000030517578,46.2400016784668,45.7599983215332,46.15999984741211,37.23517990112305,801700
2014-06-03,46.11000061035156,46.310001373291016,45.88999938964844,46.040000915527344,37.13838195800781,475400
2014-06-04,45.68000030517578,46.27000045776367,45.68000030517578,46.220001220703125,37.57740783691406,602000
2014-06-05,46.16999816894531,46.40999984741211,45.880001068115234,45.88999938964844,37.30910873413086,1007300
2014-06-06,45.970001220703125,46.220001220703125,45.77000045776367,45.93000030517578,37.341636657714844,734200
2014-06-09,45.970001220703125,46.189998626708984,45.77000045776367,45.880001068115234,37.30098342895508,758000
2014-06-10,45.84000015258789,45.9900016784668,45.560001373291016,45.650001525878906,37.11399459838867,614000
2014-06-11,45.52000045776367,45.970001220703125,45.5,45.90999984741211,37.32537078857422,435500
2014-06-12,45.790000915527344,45.79999923706055,45.470001220703125,45.70000076293945,37.154640197753906,424700
2014-06-13,45.70000076293945,45.91999816894531,45.33000183105469,45.439998626708984,36.94326400756836,515200
2014-06-16,45.47999954223633,45.66999816894531,45.2400016784668,45.560001373291016,37.04082489013672,510700
2014-06-17,45.56999969482422,46.09000015258789,45.29999923706055,45.95000076293945,37.357887268066406,824600
2014-06-18,45.91999816894531,46.5,45.790000915527344,46.380001068115234,37.707481384277344,592100
2014-06-19,46.45000076293945,46.459999084472656,46.13999938964844,46.2599983215332,37.60991668701172,482500
2014-06-20,46.13999938964844,46.61000061035156,46.060001373291016,46.400001525878906,37.72374725341797,1553500
2014-06-23,46.4900016784668,46.66999816894531,46.290000915527344,46.47999954223633,37.78879165649414,639900
2014-06-24,46.400001525878906,47.029998779296875,46.349998474121094,46.66999816894531,37.94325256347656,1004200
2014-06-25,46.619998931884766,47.060001373291016,46.529998779296875,46.75,38.00830841064453,1007500
2014-06-26,46.81999969482422,46.81999969482422,46.04999923706055,46.36000061035156,37.69122314453125,661900
2014-06-27,46.25,46.689998626708984,46.040000915527344,46.400001525878906,37.72374725341797,640300
2014-06-30,46.43000030517578,46.619998931884766,46.310001373291016,46.599998474121094,37.8863525390625,553500
2014-07-01,46.560001373291016,47.2400016784668,46.4900016784668,47.209999084472656,38.382293701171875,1088100
2014-07-02,47.09000015258789,47.25,46.5,46.599998474121094,37.8863525390625,425000
2014-07-03,46.709999084472656,46.86000061035156,46.5,46.77000045776367,38.024559020996094,307100
2014-07-07,46.619998931884766,46.72999954223633,46.380001068115234,46.52000045776367,37.82130813598633,524500
2014-07-08,46.45000076293945,46.540000915527344,46.189998626708984,46.349998474121094,37.68308639526367,664400
2014-07-09,46.369998931884766,46.720001220703125,46.36000061035156,46.689998626708984,37.959510803222656,510700
2014-07-10,46.13999938964844,46.75,46.040000915527344,46.58000183105469,37.87009048461914,546600
2014-07-11,46.40999984741211,46.880001068115234,46.40999984741211,46.779998779296875,38.03269577026367,533100
2014-07-14,46.900001525878906,46.97999954223633,46.47999954223633,46.61000061035156,37.894466400146484,522600
2014-07-15,46.47999954223633,46.709999084472656,46.310001373291016,46.529998779296875,37.82943344116211,362700
2014-07-16,46.70000076293945,46.7599983215332,46.150001525878906,46.27000045776367,37.61804962158203,895200
2014-07-17,46.27000045776367,46.56999969482422,45.970001220703125,46.060001373291016,37.44732666015625,634500
2014-07-18,46.27000045776367,46.54999923706055,46.060001373291016,46.439998626708984,37.756263732910156,573400
2014-07-21,46.380001068115234,46.38999938964844,46.119998931884766,46.2400016784668,37.59366989135742,295600
2014-07-22,46.349998474121094,46.70000076293945,46.33000183105469,46.459999084472656,37.77252960205078,459600
2014-07-23,46.61000061035156,46.7599983215332,46.380001068115234,46.650001525878906,37.926998138427734,267700
2014-07-24,46.68000030517578,46.91999816894531,46.61000061035156,46.63999938964844,37.91886520385742,510000
2014-07-25,46.5099983215332,46.59000015258789,45.619998931884766,45.63999938964844,37.10586929321289,865700
2014-07-28,45.599998474121094,45.900001525878906,45.349998474121094,45.81999969482422,37.25220489501953,620000
2014-07-29,45.790000915527344,46.09000015258789,45.099998474121094,45.099998474121094,36.66683578491211,809800
2014-07-30,45.5,46.47999954223633,45.29999923706055,45.849998474121094,37.276580810546875,1496200
2014-07-31,45.59000015258789,45.86000061035156,44.97999954223633,45.0,36.58552551269531,1022800
2014-08-01,44.900001525878906,45.2400016784668,44.560001373291016,44.709999084472656,36.34975814819336,936200
2014-08-04,45.220001220703125,45.220001220703125,44.63999938964844,44.779998779296875,36.40666961669922,556400
2014-08-05,44.720001220703125,44.83000183105469,44.220001220703125,44.349998474121094,36.05707931518555,635600
2014-08-06,44.220001220703125,44.880001068115234,44.220001220703125,44.83000183105469,36.447322845458984,798200
2014-08-07,44.81999969482422,45.15999984741211,44.79999923706055,44.939998626708984,36.536746978759766,952100
2014-08-08,44.939998626708984,44.97999954223633,44.7400016784668,44.970001220703125,36.56113815307617,921300
2014-08-11,45.04999923706055,45.34000015258789,44.9900016784668,45.13999938964844,36.69935989379883,374100
2014-08-12,45.099998474121094,45.470001220703125,45.0099983215332,45.18000030517578,36.731876373291016,360000
2014-08-13,45.380001068115234,45.63999938964844,45.209999084472656,45.61000061035156,37.08147048950195,419300
2014-08-14,45.61000061035156,45.849998474121094,45.61000061035156,45.810001373291016,37.24406814575195,399400
2014-08-15,46.060001373291016,46.08000183105469,45.400001525878906,45.619998931884766,37.089599609375,411300
2014-08-18,45.86000061035156,46.36000061035156,45.709999084472656,46.29999923706055,37.64244079589844,693500
2014-08-19,46.31999969482422,46.4900016784668,46.220001220703125,46.2599983215332,37.60991668701172,593700
2014-08-20,46.20000076293945,46.439998626708984,46.18000030517578,46.349998474121094,37.68308639526367,408700
2014-08-21,46.290000915527344,46.720001220703125,46.25,46.689998626708984,37.959510803222656,454700
2014-08-22,46.65999984741211,47.0,46.529998779296875,46.75,38.00830841064453,699200
2014-08-25,47.0,47.220001220703125,46.779998779296875,46.9900016784668,38.203426361083984,470900
2014-08-26,47.08000183105469,47.310001373291016,47.040000915527344,47.119998931884766,38.309112548828125,385300
2014-08-27,47.09000015258789,47.27000045776367,47.060001373291016,47.130001068115234,38.31724548339844,533600
2014-08-28,46.970001220703125,47.27000045776367,46.86000061035156,47.09000015258789,38.28471755981445,433600
2014-08-29,47.2400016784668,47.380001068115234,46.93000030517578,47.22999954223633,38.3985481262207,489600
2014-09-02,47.34000015258789,47.95000076293945,46.97999954223633,47.06999969482422,38.26845932006836,1025800
2014-09-03,46.939998626708984,46.939998626708984,46.56999969482422,46.68000030517578,38.243892669677734,491100
2014-09-04,46.689998626708984,46.88999938964844,46.36000061035156,46.459999084472656,38.06364822387695,416900
2014-09-05,46.470001220703125,46.779998779296875,46.150001525878906,46.29999923706055,37.93255615234375,540800
2014-09-08,46.2400016784668,46.560001373291016,45.970001220703125,46.560001373291016,38.14557647705078,618100
2014-09-09,46.45000076293945,46.470001220703125,45.939998626708984,46.060001373291016,37.735939025878906,622000
2014-09-10,46.15999984741211,46.38999938964844,45.869998931884766,46.220001220703125,37.86701965332031,706200
2014-09-11,45.959999084472656,46.189998626708984,45.869998931884766,46.029998779296875,37.71135711669922,714300
2014-09-12,45.91999816894531,46.0,45.58000183105469,45.72999954223633,37.465572357177734,862200
2014-09-15,45.7599983215332,45.810001373291016,45.400001525878906,45.56999969482422,37.33448791503906,623200
2014-09-16,45.45000076293945,45.65999984741211,45.029998779296875,45.43000030517578,37.219783782958984,927400
2014-09-17,45.599998474121094,45.70000076293945,45.31999969482422,45.5099983215332,37.28532791137695,542000
2014-09-18,45.68000030517578,45.79999923706055,45.439998626708984,45.459999084472656,37.244361877441406,596800
2014-09-19,45.31999969482422,45.63999938964844,44.90999984741211,45.20000076293945,37.03135681152344,1664700
2014-09-22,45.11000061035156,45.119998931884766,44.689998626708984,44.790000915527344,36.69545364379883,1348300
2014-09-23,44.58000183105469,45.02000045776367,44.470001220703125,44.779998779296875,36.687259674072266,1290300
2014-09-24,44.869998931884766,45.5,44.68000030517578,45.459999084472656,37.244361877441406,1071400
2014-09-25,45.31999969482422,45.31999969482422,44.7599983215332,44.7599983215332,36.670867919921875,863800
2014-09-26,44.95000076293945,45.4900016784668,44.86000061035156,45.45000076293945,37.23617935180664,694400
2014-09-29,45.09000015258789,45.25,44.86000061035156,45.06999969482422,36.92485046386719,522200
2014-09-30,45.099998474121094,45.470001220703125,45.0,45.36000061035156,37.162437438964844,1130200
2014-10-01,45.36000061035156,45.36000061035156,44.650001525878906,44.81999969482422,36.72003173828125,1149100
2014-10-02,44.7599983215332,44.9900016784668,44.45000076293945,44.7599983215332,36.670867919921875,577000
2014-10-03,45.11000061035156,45.619998931884766,44.97999954223633,45.47999954223633,37.26076889038086,550600
2014-10-06,45.66999816894531,45.869998931884766,45.290000915527344,45.7599983215332,37.49015808105469,899700
2014-10-07,45.47999954223633,45.63999938964844,44.939998626708984,44.95000076293945,36.82654571533203,821600
2014-10-08,44.900001525878906,45.34000015258789,44.650001525878906,45.33000183105469,37.137855529785156,631200
2014-10-09,45.15999984741211,45.369998931884766,44.689998626708984,44.81999969482422,36.72003173828125,1082600
2014-10-10,44.869998931884766,45.189998626708984,44.38999938964844,44.810001373291016,36.71183395385742,1128700
2014-10-13,44.77000045776367,45.0099983215332,44.029998779296875,44.16999816894531,36.18749237060547,1163500
2014-10-14,44.43000030517578,44.59000015258789,44.099998474121094,44.29999923706055,36.29400634765625,877600
2014-10-15,43.790000915527344,44.560001373291016,43.439998626708984,44.13999938964844,36.16292190551758,1559300
2014-10-16,43.47999954223633,44.02000045776367,43.36000061035156,43.88999938964844,35.958106994628906,1154200
2014-10-17,44.27000045776367,44.689998626708984,43.93000030517578,44.619998931884766,36.55616760253906,457800
2014-10-20,44.459999084472656,44.880001068115234,44.459999084472656,44.880001068115234,36.76918029785156,472800
2014-10-21,45.0,45.2599983215332,44.810001373291016,45.2599983215332,37.08050537109375,712100
2014-10-22,45.41999816894531,45.630001068115234,45.189998626708984,45.29999923706055,37.113285064697266,659900
2014-10-23,45.65999984741211,45.68000030517578,45.27000045776367,45.369998931884766,37.17063522338867,614500
2014-10-24,45.43000030517578,45.849998474121094,45.400001525878906,45.79999923706055,37.522918701171875,475300
2014-10-27,45.68000030517578,46.150001525878906,45.58000183105469,45.970001220703125,37.66218566894531,546100
2014-10-28,46.209999084472656,46.470001220703125,45.880001068115234,46.25,37.89159393310547,1108400
2014-10-29,46.189998626708984,47.470001220703125,46.02000045776367,47.40999984741211,38.84196472167969,1491100
2014-10-30,47.279998779296875,47.43000030517578,46.689998626708984,47.060001373291016,38.555213928222656,832300
2014-10-31,47.5,47.81999969482422,47.279998779296875,47.70000076293945,39.07954406738281,939800
2014-11-03,47.900001525878906,48.06999969482422,47.599998474121094,47.93000030517578,39.26797866821289,958800
2014-11-04,47.86000061035156,48.119998931884766,47.709999084472656,47.90999984741211,39.251609802246094,723300
2014-11-05,48.099998474121094,48.20000076293945,47.75,48.18000030517578,39.47279357910156,757700
2014-11-06,48.189998626708984,48.22999954223633,47.93000030517578,48.08000183105469,39.39088821411133,1017900
2014-11-07,48.130001068115234,48.29999923706055,47.84000015258789,48.099998474121094,39.40726089477539,1121100
2014-11-10,48.0,48.380001068115234,47.9900016784668,48.2599983215332,39.53834915161133,944400
2014-11-11,48.31999969482422,48.31999969482422,47.970001220703125,48.18000030517578,39.47279357910156,632600
2014-11-12,48.029998779296875,48.09000015258789,47.77000045776367,47.900001525878906,39.2433967590332,848000
2014-11-13,48.029998779296875,48.33000183105469,47.880001068115234,47.91999816894531,39.259788513183594,482000
2014-11-14,47.86000061035156,48.02000045776367,47.599998474121094,47.7400016784668,39.11233139038086,370400
2014-11-17,47.7400016784668,48.119998931884766,47.5099983215332,47.91999816894531,39.259788513183594,525600
2014-11-18,47.84000015258789,48.189998626708984,47.59000015258789,47.810001373291016,39.16966247558594,626400
2014-11-19,47.709999084472656,47.880001068115234,47.40999984741211,47.72999954223633,39.104122161865234,314300
2014-11-20,47.459999084472656,47.900001525878906,47.459999084472656,47.810001373291016,39.16966247558594,313300
2014-11-21,48.15999984741211,48.22999954223633,47.720001220703125,47.849998474121094,39.20244216918945,506400
2014-11-24,48.029998779296875,48.040000915527344,47.709999084472656,47.970001220703125,39.300750732421875,578200
2014-11-25,48.09000015258789,48.18000030517578,47.84000015258789,48.060001373291016,39.37449645996094,332300
2014-11-26,48.119998931884766,48.119998931884766,47.88999938964844,48.040000915527344,39.35810470581055,278900
2014-11-28,48.22999954223633,48.540000915527344,47.88999938964844,47.95000076293945,39.28437805175781,321600
2014-12-01,47.84000015258789,47.90999984741211,47.59000015258789,47.630001068115234,39.02220916748047,401100
2014-12-02,47.68000030517578,48.029998779296875,47.630001068115234,47.97999954223633,39.30894088745117,490500
2014-12-03,48.0099983215332,48.20000076293945,47.47999954223633,48.150001525878906,39.7464485168457,648500
2014-12-04,48.11000061035156,48.650001525878906,48.02000045776367,48.650001525878906,40.1591796875,602200
2014-12-05,48.70000076293945,49.09000015258789,48.529998779296875,48.630001068115234,40.14267349243164,674600
2014-12-08,48.65999984741211,49.2400016784668,48.13999938964844,48.84000015258789,40.3160285949707,1121500
2014-12-09,48.09000015258789,48.7400016784668,47.97999954223633,48.470001220703125,40.0106086730957,911400
2014-12-10,48.220001220703125,48.369998931884766,47.54999923706055,47.61000061035156,39.30069351196289,777000
2014-12-11,47.869998931884766,48.33000183105469,47.689998626708984,47.79999923706055,39.4575309753418,606800
2014-12-12,47.40999984741211,47.720001220703125,47.0,47.02000045776367,38.81366729736328,520500
2014-12-15,47.15999984741211,47.56999969482422,46.41999816894531,46.56999969482422,38.44219970703125,590000
2014-12-16,46.45000076293945,46.88999938964844,46.20000076293945,46.279998779296875,38.202823638916016,956900
2014-12-17,46.439998626708984,46.93000030517578,46.08000183105469,46.90999984741211,38.72285842895508,976500
2014-12-18,47.369998931884766,47.5,47.150001525878906,47.43000030517578,39.1521110534668,979300
2014-12-19,47.47999954223633,47.75,47.290000915527344,47.41999816894531,39.14385986328125,1426600
2014-12-22,47.56999969482422,47.59000015258789,47.22999954223633,47.59000015258789,39.2841796875,587900
2014-12-23,47.86000061035156,47.869998931884766,47.459999084472656,47.47999954223633,39.193389892578125,475700
2014-12-24,47.5099983215332,47.619998931884766,47.36000061035156,47.45000076293945,39.168617248535156,217000
2014-12-26,47.68000030517578,47.7599983215332,47.43000030517578,47.47999954223633,39.193389892578125,257700
2014-12-29,47.38999938964844,47.86000061035156,47.2400016784668,47.5099983215332,39.21815490722656,391900
2014-12-30,47.470001220703125,47.88999938964844,47.41999816894531,47.84000015258789,39.49056625366211,312500
2014-12-31,47.95000076293945,47.9900016784668,47.04999923706055,47.08000183105469,38.86320114135742,404600
2015-01-02,47.25,47.4900016784668,46.540000915527344,46.97999954223633,38.78063201904297,540200
2015-01-05,46.66999816894531,46.83000183105469,46.36000061035156,46.70000076293945,38.549522399902344,744100
2015-01-06,46.66999816894531,46.95000076293945,46.27000045776367,46.61000061035156,38.4752082824707,931700
2015-01-07,46.869998931884766,47.119998931884766,46.47999954223633,47.060001373291016,38.8466796875,643600
2015-01-08,47.29999923706055,48.040000915527344,47.16999816894531,47.880001068115234,39.52357864379883,803600
2015-01-09,47.84000015258789,47.880001068115234,47.18000030517578,47.22999954223633,38.98701477050781,435700
2015-01-12,47.15999984741211,47.470001220703125,46.75,47.08000183105469,38.86320114135742,453400
2015-01-13,47.5099983215332,48.11000061035156,46.869998931884766,47.310001373291016,39.05304718017578,677000
2015-01-14,46.84000015258789,47.16999816894531,46.52000045776367,46.97999954223633,38.78063201904297,395800
2015-01-15,46.959999084472656,47.439998626708984,46.65999984741211,46.70000076293945,38.549522399902344,551100
2015-01-16,46.15999984741211,46.45000076293945,45.75,46.18000030517578,38.120269775390625,1585700
2015-01-20,46.20000076293945,46.47999954223633,45.400001525878906,45.58000183105469,37.62498474121094,792500
2015-01-21,45.52000045776367,45.7400016784668,45.060001373291016,45.34000015258789,37.426883697509766,653400
2015-01-22,45.63999938964844,46.16999816894531,45.369998931884766,46.16999816894531,38.11201095581055,803500
2015-01-23,46.150001525878906,46.33000183105469,45.4900016784668,45.5099983215332,37.567195892333984,623800
2015-01-26,45.58000183105469,45.70000076293945,45.22999954223633,45.70000076293945,37.724037170410156,812300
2015-01-27,45.40999984741211,45.72999954223633,45.13999938964844,45.31999969482422,37.410362243652344,580200
2015-01-28,45.54999923706055,45.790000915527344,44.849998474121094,44.93000030517578,37.08842086791992,1206600
2015-01-29,45.02000045776367,45.16999816894531,44.4900016784668,45.09000015258789,37.22050476074219,753900
2015-01-30,44.97999954223633,45.119998931884766,44.40999984741211,44.43000030517578,36.67569351196289,871000
2015-02-02,44.5,45.15999984741211,44.2400016784668,45.15999984741211,37.27827453613281,996800
2015-02-03,45.20000076293945,45.70000076293945,44.95000076293945,45.630001068115234,37.66625213623047,1178800
2015-02-04,45.900001525878906,46.84000015258789,45.810001373291016,46.31999969482422,38.235836029052734,1325200
2015-02-05,46.209999084472656,46.560001373291016,46.0,46.45000076293945,38.343143463134766,879000
2015-02-06,46.459999084472656,46.77000045776367,46.16999816894531,46.31999969482422,38.235836029052734,725600
2015-02-09,46.11000061035156,46.11000061035156,45.65999984741211,46.0,37.971675872802734,873200
2015-02-10,46.0,46.43000030517578,45.93000030517578,46.2400016784668,38.169795989990234,639900
2015-02-11,46.040000915527344,46.81999969482422,46.040000915527344,46.81999969482422,38.64856719970703,583800
2015-02-12,46.9900016784668,47.2599983215332,46.790000915527344,47.22999954223633,38.98701477050781,863700
2015-02-13,47.15999984741211,47.52000045776367,46.880001068115234,47.5,39.209896087646484,722700
2015-02-17,48.06999969482422,48.16999816894531,47.54999923706055,48.0,39.62263107299805,1297000
2015-02-18,47.95000076293945,48.36000061035156,47.77000045776367,48.34000015258789,39.903282165527344,1172800
2015-02-19,48.25,48.709999084472656,48.2400016784668,48.5,40.035369873046875,1435200
2015-02-20,48.400001525878906,48.58000183105469,48.13999938964844,48.54999923706055,40.076637268066406,608300
2015-02-23,48.43000030517578,48.459999084472656,47.540000915527344,47.869998931884766,39.515316009521484,692400
2015-02-24,47.720001220703125,48.09000015258789,47.16999816894531,47.599998474121094,39.29243850708008,1471000
2015-02-25,47.47999954223633,47.61000061035156,47.189998626708984,47.279998779296875,39.02828598022461,790600
2015-02-26,47.349998474121094,47.38999938964844,47.11000061035156,47.31999969482422,39.061309814453125,551200
2015-02-27,47.27000045776367,47.40999984741211,46.97999954223633,46.9900016784668,38.78889465332031,811400
2015-03-02,46.75,46.97999954223633,46.599998474121094,46.95000076293945,39.06346893310547,711700
2015-03-03,46.79999923706055,47.0099983215332,46.7599983215332,46.810001373291016,38.94698715209961,599300
2015-03-04,46.599998474121094,46.81999969482422,46.4900016784668,46.540000915527344,38.72233581542969,622500
2015-03-05,46.5,46.72999954223633,46.189998626708984,46.459999084472656,38.65578079223633,878600
2015-03-06,46.380001068115234,46.68000030517578,45.77000045776367,45.810001373291016,38.11494827270508,684800
2015-03-09,45.849998474121094,46.18000030517578,45.849998474121094,46.08000183105469,38.3396110534668,1176100
2015-03-10,45.77000045776367,46.189998626708984,45.630001068115234,45.63999938964844,37.973514556884766,1190400
2015-03-11,45.81999969482422,46.209999084472656,45.560001373291016,46.16999816894531,38.41449737548828,970200
2015-03-12,46.40999984741211,46.959999084472656,46.40999984741211,46.91999816894531,39.03850555419922,682700
2015-03-13,46.97999954223633,47.06999969482422,46.27000045776367,46.5,38.689048767089844,450900
2015-03-16,46.70000076293945,47.47999954223633,46.59000015258789,47.439998626708984,39.471153259277344,1027100
2015-03-17,47.34000015258789,47.529998779296875,47.060001373291016,47.47999954223633,39.50444030761719,906000
2015-03-18,47.29999923706055,48.0099983215332,47.08000183105469,47.7400016784668,39.720760345458984,751000
2015-03-19,47.5099983215332,47.779998779296875,47.380001068115234,47.59000015258789,39.59595489501953,726200
2015-03-20,47.68000030517578,47.84000015258789,47.4900016784668,47.63999938964844,39.63756561279297,2298900
2015-03-23,47.77000045776367,47.779998779296875,47.400001525878906,47.400001525878906,39.43789291381836,684200
2015-03-24,47.38999938964844,47.560001373291016,47.02000045776367,47.060001373291016,39.15500259399414,522000
2015-03-25,47.220001220703125,47.220001220703125,46.310001373291016,46.310001373291016,38.53097915649414,608000
2015-03-26,46.2400016784668,46.91999816894531,46.08000183105469,46.630001068115234,38.797218322753906,848700
2015-03-27,46.560001373291016,46.88999938964844,46.43000030517578,46.79999923706055,38.93865966796875,615300
2015-03-30,47.11000061035156,47.720001220703125,47.0,47.40999984741211,39.44619369506836,727300
2015-03-31,47.119998931884766,47.119998931884766,46.68000030517578,46.75,38.897071838378906,1092200
2015-04-01,46.75,46.939998626708984,46.29999923706055,46.72999954223633,38.88041687011719,844900
2015-04-02,46.599998474121094,46.970001220703125,46.369998931884766,46.86000061035156,38.98857879638672,847400
2015-04-06,46.5,47.400001525878906,46.5,47.130001068115234,39.21323013305664,775000
2015-04-07,47.18000030517578,47.25,46.810001373291016,46.83000183105469,38.9636116027832,564100
2015-04-08,46.84000015258789,47.34000015258789,46.7400016784668,47.34000015258789,39.38796615600586,452600
2015-04-09,47.209999084472656,47.5,46.959999084472656,47.369998931884766,39.41291809082031,553800
2015-04-10,47.31999969482422,47.86000061035156,47.31999969482422,47.650001525878906,39.6458854675293,500500
2015-04-13,47.689998626708984,47.7400016784668,47.27000045776367,47.709999084472656,39.69579315185547,446300
2015-04-14,47.619998931884766,47.97999954223633,47.36000061035156,47.939998626708984,39.88717269897461,492800
2015-04-15,48.0,48.06999969482422,47.72999954223633,47.779998779296875,39.75403594970703,721200
2015-04-16,47.77000045776367,48.209999084472656,47.709999084472656,47.97999954223633,39.92045974731445,753200
2015-04-17,47.720001220703125,47.720001220703125,47.11000061035156,47.65999984741211,39.654197692871094,993000
2015-04-20,47.75,48.029998779296875,47.709999084472656,47.90999984741211,39.86221694946289,821700
2015-04-21,47.97999954223633,48.13999938964844,47.400001525878906,47.65999984741211,39.654197692871094,910800
2015-04-22,47.65999984741211,47.709999084472656,47.209999084472656,47.709999084472656,39.69579315185547,465900
2015-04-23,47.47999954223633,48.02000045776367,47.47999954223633,47.7599983215332,39.73740768432617,1004500
2015-04-24,47.58000183105469,49.11000061035156,47.540000915527344,49.060001373291016,40.81904220581055,1855200
2015-04-27,49.060001373291016,49.08000183105469,48.43000030517578,48.529998779296875,40.37806701660156,1211900
2015-04-28,48.45000076293945,48.959999084472656,48.33000183105469,48.66999816894531,40.49454879760742,1390800
2015-04-29,48.34000015258789,48.7400016784668,48.189998626708984,48.54999923706055,40.39469528198242,1145500
2015-04-30,48.43000030517578,48.470001220703125,47.709999084472656,47.83000183105469,39.79564666748047,1145100
2015-05-01,48.0099983215332,48.33000183105469,47.880001068115234,47.91999816894531,39.87052917480469,608200
2015-05-04,47.97999954223633,48.11000061035156,47.650001525878906,47.709999084472656,39.69579315185547,627800
2015-05-05,47.5,47.75,46.849998474121094,47.189998626708984,39.26314926147461,1714900
2015-05-06,47.189998626708984,47.52000045776367,46.869998931884766,47.5,39.521080017089844,829900
2015-05-07,47.619998931884766,47.88999938964844,47.38999938964844,47.7400016784668,39.720760345458984,757100
2015-05-08,48.15999984741211,48.2599983215332,47.849998474121094,47.86000061035156,39.82061767578125,801000
2015-05-11,47.68000030517578,48.13999938964844,47.650001525878906,47.83000183105469,39.79564666748047,893100
2015-05-12,47.54999923706055,47.959999084472656,47.189998626708984,47.790000915527344,39.76237106323242,539500
2015-05-13,47.849998474121094,48.400001525878906,47.54999923706055,48.290000915527344,40.178375244140625,1828100
2015-05-14,48.54999923706055,48.54999923706055,48.220001220703125,48.36000061035156,40.236610412597656,1626400
2015-05-15,48.380001068115234,48.470001220703125,48.0099983215332,48.02000045776367,39.953739166259766,1186400
2015-05-18,48.060001373291016,48.54999923706055,47.97999954223633,48.349998474121094,40.228302001953125,1652200
2015-05-19,48.5,48.83000183105469,48.31999969482422,48.70000076293945,40.519508361816406,1620400
2015-05-20,48.79999923706055,49.59000015258789,48.65999984741211,49.5,41.185123443603516,1490000
2015-05-21,49.380001068115234,49.459999084472656,49.11000061035156,49.18000030517578,40.91888427734375,870900
2015-05-22,49.09000015258789,49.34000015258789,49.0,49.220001220703125,40.9521598815918,625900
2015-05-26,49.02000045776367,49.20000076293945,48.77000045776367,49.09000015258789,40.843994140625,1492800
2015-05-27,49.130001068115234,49.22999954223633,48.81999969482422,49.09000015258789,40.843994140625,1133700
2015-05-28,49.08000183105469,49.18000030517578,48.61000061035156,48.79999923706055,40.602718353271484,1061900
2015-05-29,48.84000015258789,48.849998474121094,48.25,48.45000076293945,40.31150817871094,5613700
2015-06-01,48.65999984741211,48.90999984741211,48.220001220703125,48.54999923706055,40.39469528198242,896300
2015-06-02,48.4900016784668,48.54999923706055,48.2400016784668,48.36000061035156,40.236610412597656,702700
2015-06-03,48.18000030517578,48.439998626708984,47.86000061035156,48.25,40.45461654663086,687700
2015-06-04,48.06999969482422,48.29999923706055,47.779998779296875,47.86000061035156,40.127628326416016,615400
2015-06-05,48.040000915527344,48.29999923706055,47.66999816894531,47.88999938964844,40.15278625488281,858300
2015-06-08,47.93000030517578,48.08000183105469,47.54999923706055,47.70000076293945,39.99348068237305,815300
2015-06-09,47.58000183105469,47.650001525878906,47.279998779296875,47.5,39.8257942199707,797400
2015-06-10,47.70000076293945,48.099998474121094,47.5,48.08000183105469,40.31207275390625,843600
2015-06-11,48.13999938964844,48.63999938964844,48.0,48.63999938964844,40.781593322753906,1311800
2015-06-12,48.5099983215332,48.709999084472656,48.400001525878906,48.5099983215332,40.6725959777832,752800
2015-06-15,47.9900016784668,48.61000061035156,47.97999954223633,48.58000183105469,40.731292724609375,979000
2015-06-16,48.58000183105469,49.08000183105469,48.13999938964844,49.08000183105469,41.1505126953125,974900
2015-06-17,49.099998474121094,49.45000076293945,48.9900016784668,49.33000183105469,41.36014175415039,751200
2015-06-18,49.33000183105469,49.5,49.09000015258789,49.220001220703125,41.26789855957031,1256300
2015-06-19,49.11000061035156,49.33000183105469,48.95000076293945,49.029998779296875,41.10859680175781,1482800
2015-06-22,49.20000076293945,49.34000015258789,48.90999984741211,49.040000915527344,41.116981506347656,610500
2015-06-23,49.15999984741211,49.290000915527344,48.880001068115234,49.060001373291016,41.133758544921875,887000
2015-06-24,48.93000030517578,49.09000015258789,48.63999938964844,48.66999816894531,40.80675506591797,626000
2015-06-25,48.86000061035156,48.86000061035156,48.310001373291016,48.43000030517578,40.605533599853516,538700
2015-06-26,48.43000030517578,48.619998931884766,48.09000015258789,48.16999816894531,40.38753890991211,2044000
2015-06-29,47.79999923706055,48.0099983215332,47.22999954223633,47.2599983215332,39.62456512451172,944700
2015-06-30,47.709999084472656,47.90999984741211,47.119998931884766,47.29999923706055,39.6580924987793,1321700
2015-07-01,47.88999938964844,47.93000030517578,47.58000183105469,47.79999923706055,40.07729721069336,1068100
2015-07-02,47.779998779296875,47.79999923706055,47.33000183105469,47.58000183105469,39.892852783203125,668600
2015-07-06,47.15999984741211,47.5,47.06999969482422,47.439998626708984,39.775482177734375,900400
2015-07-07,47.41999816894531,47.529998779296875,46.9900016784668,47.5,39.8257942199707,1025800
2015-07-08,47.11000061035156,47.41999816894531,46.849998474121094,47.099998474121094,39.49040603637695,1157400
2015-07-09,47.4900016784668,47.540000915527344,47.20000076293945,47.31999969482422,39.67486572265625,691200
2015-07-10,47.66999816894531,47.72999954223633,47.470001220703125,47.58000183105469,39.892852783203125,510400
2015-07-13,47.86000061035156,47.93000030517578,47.70000076293945,47.86000061035156,40.127628326416016,597300
2015-07-14,47.7599983215332,48.13999938964844,47.720001220703125,48.11000061035156,40.33722686767578,623000
2015-07-15,48.099998474121094,48.189998626708984,47.86000061035156,47.95000076293945,40.203086853027344,594900
2015-07-16,48.15999984741211,48.189998626708984,47.84000015258789,48.189998626708984,40.40431213378906,677300
2015-07-17,48.22999954223633,48.2599983215332,47.95000076293945,48.220001220703125,40.4294548034668,848900
2015-07-20,48.18000030517578,48.31999969482422,47.959999084472656,48.150001525878906,40.37078094482422,562000
2015-07-21,48.20000076293945,48.33000183105469,47.59000015258789,47.86000061035156,40.127628326416016,828100
2015-07-22,47.7400016784668,48.189998626708984,47.709999084472656,47.75,40.035400390625,519300
2015-07-23,47.709999084472656,48.040000915527344,47.59000015258789,47.66999816894531,39.968326568603516,755500
2015-07-24,47.65999984741211,47.86000061035156,47.43000030517578,47.43000030517578,39.76709747314453,522100
2015-07-27,47.25,47.540000915527344,47.119998931884766,47.349998474121094,39.700016021728516,684000
2015-07-28,47.52000045776367,47.529998779296875,47.119998931884766,47.189998626708984,39.56585693359375,1187600
2015-07-29,47.119998931884766,48.27000045776367,47.119998931884766,47.900001525878906,40.161163330078125,1510200
2015-07-30,47.7400016784668,47.86000061035156,47.560001373291016,47.65999984741211,39.95993423461914,781000
2015-07-31,47.79999923706055,47.83000183105469,47.400001525878906,47.43000030517578,39.76709747314453,990400
2015-08-03,47.38999938964844,47.90999984741211,47.279998779296875,47.90999984741211,40.169551849365234,887400
2015-08-04,47.84000015258789,48.290000915527344,47.630001068115234,47.84000015258789,40.11085510253906,931800
2015-08-05,48.060001373291016,48.290000915527344,47.84000015258789,47.86000061035156,40.127628326416016,718400
2015-08-06,47.90999984741211,48.119998931884766,47.33000183105469,47.459999084472656,39.7922477722168,641200
2015-08-07,47.369998931884766,47.619998931884766,47.130001068115234,47.599998474121094,39.909629821777344,446100
2015-08-10,48.04999923706055,48.220001220703125,47.86000061035156,47.91999816894531,40.17793655395508,570000
2015-08-11,47.61000061035156,47.84000015258789,47.34000015258789,47.720001220703125,40.01023864746094,537600
2015-08-12,47.380001068115234,47.439998626708984,46.83000183105469,47.16999816894531,39.549102783203125,1009000
2015-08-13,47.099998474121094,47.43000030517578,46.88999938964844,47.029998779296875,39.43172073364258,989100
2015-08-14,46.970001220703125,47.310001373291016,46.86000061035156,47.29999923706055,39.6580924987793,656700
2015-08-17,47.06999969482422,47.709999084472656,46.869998931884766,47.709999084472656,40.00185775756836,829400
2015-08-18,47.630001068115234,47.779998779296875,47.52000045776367,47.66999816894531,39.968326568603516,473600
2015-08-19,47.43000030517578,47.459999084472656,46.91999816894531,47.119998931884766,39.5071907043457,421800
2015-08-20,46.75,46.83000183105469,46.33000183105469,46.33000183105469,38.844818115234375,600500
2015-08-21,45.88999938964844,46.119998931884766,44.810001373291016,44.810001373291016,37.57038879394531,1227200
2015-08-24,42.709999084472656,43.9900016784668,39.9900016784668,43.09000015258789,36.12827682495117,1035300
2015-08-25,43.939998626708984,43.97999954223633,42.61000061035156,42.619998931884766,35.734195709228516,1213600
2015-08-26,43.7599983215332,43.7599983215332,42.54999923706055,43.29999923706055,36.304344177246094,1458500
2015-08-27,43.849998474121094,44.34000015258789,43.56999969482422,44.2400016784668,37.09248352050781,882600
2015-08-28,43.95000076293945,44.209999084472656,43.77000045776367,43.869998931884766,36.782249450683594,999400
2015-08-31,43.790000915527344,43.880001068115234,43.56999969482422,43.720001220703125,36.656490325927734,829700
2015-09-01,42.83000183105469,43.09000015258789,42.18000030517578,42.33000183105469,35.491058349609375,1059800
2015-09-02,42.560001373291016,42.560001373291016,41.880001068115234,42.40999984741211,35.87167739868164,685500
2015-09-03,42.470001220703125,42.650001525878906,42.34000015258789,42.400001525878906,35.86322784423828,1585800
2015-09-04,41.97999954223633,42.20000076293945,41.58000183105469,41.66999816894531,35.24577331542969,1336200
2015-09-08,42.25,42.68000030517578,42.0,42.459999084472656,35.913970947265625,2074300
2015-09-09,42.77000045776367,42.9900016784668,42.16999816894531,42.220001220703125,35.710975646972656,1291900
2015-09-10,42.0099983215332,42.43000030517578,41.9900016784668,42.099998474121094,35.609474182128906,952900
2015-09-11,42.0099983215332,42.119998931884766,41.7599983215332,42.0,35.5248908996582,1087700
2015-09-14,41.97999954223633,42.15999984741211,41.869998931884766,42.0099983215332,35.53335189819336,1094000
2015-09-15,42.08000183105469,42.36000061035156,41.97999954223633,42.2599983215332,35.74480438232422,882800
2015-09-16,42.31999969482422,42.61000061035156,42.11000061035156,42.47999954223633,35.930885314941406,909800
2015-09-17,42.5099983215332,42.90999984741211,42.25,42.470001220703125,35.92243576049805,1199200
2015-09-18,42.02000045776367,42.31999969482422,41.619998931884766,41.849998474121094,35.398014068603516,3015000
2015-09-21,42.290000915527344,42.439998626708984,42.06999969482422,42.33000183105469,35.804019927978516,1411000
2015-09-22,41.810001373291016,42.33000183105469,41.66999816894531,42.279998779296875,35.76172637939453,1943900
2015-09-23,42.29999923706055,42.41999816894531,41.91999816894531,42.11000061035156,35.61793518066406,855200
2015-09-24,41.849998474121094,41.959999084472656,41.56999969482422,41.880001068115234,35.42339324951172,1269900
2015-09-25,42.22999954223633,42.40999984741211,41.880001068115234,41.9900016784668,35.51644515991211,1261000
2015-09-28,41.79999923706055,41.900001525878906,41.040000915527344,41.13999938964844,34.79749298095703,1251000
2015-09-29,40.90999984741211,41.099998474121094,40.5,40.779998779296875,34.49298858642578,1419100
2015-09-30,40.90999984741211,41.34000015258789,40.70000076293945,41.279998779296875,34.91590118408203,1237900
2015-10-01,41.189998626708984,41.349998474121094,40.66999816894531,41.2400016784668,34.88206481933594,891400
2015-10-02,40.540000915527344,41.810001373291016,40.540000915527344,41.810001373291016,35.36418533325195,853800
2015-10-05,41.90999984741211,42.209999084472656,41.79999923706055,42.11000061035156,35.61793518066406,1403500
2015-10-06,41.91999816894531,42.220001220703125,41.91999816894531,42.130001068115234,35.63485336303711,1121700
2015-10-07,42.41999816894531,42.619998931884766,41.68000030517578,42.189998626708984,35.68560791015625,1472500
2015-10-08,42.11000061035156,42.630001068115234,41.91999816894531,42.54999923706055,35.99010467529297,840500
2015-10-09,42.540000915527344,42.689998626708984,42.470001220703125,42.560001373291016,35.99856185913086,778300
2015-10-12,42.5099983215332,42.720001220703125,42.439998626708984,42.689998626708984,36.10851287841797,678000
2015-10-13,42.4900016784668,42.68000030517578,42.2400016784668,42.2599983215332,35.74480438232422,501000
2015-10-14,42.25,42.54999923706055,41.63999938964844,42.45000076293945,35.9055290222168,1100900
2015-10-15,42.66999816894531,42.77000045776367,42.209999084472656,42.4900016784668,35.939369201660156,1082500
2015-10-16,42.52000045776367,42.900001525878906,42.4900016784668,42.849998474121094,36.24384307861328,1280300
2015-10-19,42.7599983215332,42.95000076293945,42.59000015258789,42.709999084472656,36.12543487548828,1458400
2015-10-20,42.599998474121094,43.619998931884766,42.560001373291016,43.45000076293945,36.751346588134766,1510600
2015-10-21,43.599998474121094,43.7599983215332,43.029998779296875,43.119998931884766,36.472225189208984,695100
2015-10-22,43.34000015258789,43.79999923706055,43.22999954223633,43.58000183105469,36.86131286621094,948300
2015-10-23,43.7599983215332,43.939998626708984,43.470001220703125,43.560001373291016,36.844390869140625,1390000
2015-10-26,43.56999969482422,43.81999969482422,43.31999969482422,43.720001220703125,36.9797248840332,1056700
2015-10-27,43.5,43.72999954223633,43.31999969482422,43.650001525878906,36.92051696777344,1244600
2015-10-28,44.029998779296875,44.29999923706055,43.630001068115234,44.04999923706055,37.25884246826172,1606000
2015-10-29,43.72999954223633,44.290000915527344,43.72999954223633,44.150001525878906,37.34343338012695,1306700
2015-10-30,44.099998474121094,44.2599983215332,43.560001373291016,43.72999954223633,36.98817825317383,1398400
2015-11-02,43.189998626708984,43.689998626708984,42.90999984741211,43.68000030517578,36.945884704589844,1072600
2015-11-03,43.58000183105469,44.15999984741211,43.529998779296875,43.91999816894531,37.148895263671875,1562200
2015-11-04,43.970001220703125,44.189998626708984,43.81999969482422,44.0099983215332,37.22500991821289,1240500
2015-11-05,43.9900016784668,44.15999984741211,43.779998779296875,44.09000015258789,37.29267501831055,845900
2015-11-06,44.2599983215332,44.310001373291016,43.83000183105469,44.060001373291016,37.267311096191406,848900
2015-11-09,44.0,44.0,43.31999969482422,43.650001525878906,36.92051696777344,616700
2015-11-10,43.599998474121094,44.04999923706055,43.47999954223633,44.02000045776367,37.23347473144531,1000100
2015-11-11,44.099998474121094,44.439998626708984,43.970001220703125,44.22999954223633,37.411102294921875,1119000
2015-11-12,43.959999084472656,44.099998474121094,43.27000045776367,43.27000045776367,36.599098205566406,615500
2015-11-13,43.220001220703125,43.29999923706055,42.86000061035156,42.97999954223633,36.35380935668945,652400
2015-11-16,42.849998474121094,43.540000915527344,42.790000915527344,43.540000915527344,36.827476501464844,784000
2015-11-17,43.61000061035156,43.689998626708984,43.16999816894531,43.22999954223633,36.56526565551758,964300
2015-11-18,43.279998779296875,43.84000015258789,43.20000076293945,43.810001373291016,37.05584716796875,802300
2015-11-19,43.7400016784668,43.959999084472656,43.529998779296875,43.869998931884766,37.10658645629883,680000
2015-11-20,44.0,44.380001068115234,44.0,44.189998626708984,37.37726593017578,809300
2015-11-23,44.31999969482422,44.540000915527344,44.040000915527344,44.11000061035156,37.309600830078125,882700
2015-11-24,43.91999816894531,44.369998931884766,43.86000061035156,44.130001068115234,37.326515197753906,887500
2015-11-25,44.209999084472656,44.25,43.86000061035156,43.95000076293945,37.17426681518555,529600
2015-11-27,44.0,44.189998626708984,43.7599983215332,44.0,37.21656036376953,301800
2015-11-30,44.13999938964844,44.34000015258789,43.75,43.75,37.005096435546875,1486400
2015-12-01,43.97999954223633,44.209999084472656,43.650001525878906,43.86000061035156,37.09814453125,1076500
2015-12-02,43.599998474121094,43.68000030517578,43.38999938964844,43.459999084472656,37.07255554199219,1026400
2015-12-03,43.5099983215332,43.630001068115234,42.7599983215332,42.959999084472656,36.64603805541992,1034600
2015-12-04,43.060001373291016,43.93000030517578,42.970001220703125,43.91999816894531,37.46493148803711,885400
2015-12-07,43.849998474121094,44.040000915527344,43.63999938964844,44.02000045776367,37.55024337768555,848300
2015-12-08,43.68000030517578,43.77000045776367,43.2400016784668,43.33000183105469,36.96165466308594,928000
2015-12-09,43.099998474121094,43.630001068115234,42.939998626708984,43.20000076293945,36.85076904296875,1187300
2015-12-10,43.16999816894531,43.58000183105469,42.88999938964844,43.45000076293945,37.06401824951172,1290700
2015-12-11,42.95000076293945,43.709999084472656,42.900001525878906,43.40999984741211,37.02988815307617,1455500
2015-12-14,43.45000076293945,43.84000015258789,42.45000076293945,42.790000915527344,36.50102233886719,1650500
2015-12-15,43.11000061035156,43.720001220703125,43.11000061035156,43.560001373291016,37.157859802246094,962200
2015-12-16,43.599998474121094,43.599998474121094,42.04999923706055,42.529998779296875,36.27922058105469,2552300
2015-12-17,42.470001220703125,42.689998626708984,41.04999923706055,41.2599983215332,35.195892333984375,2512400
2015-12-18,41.22999954223633,41.380001068115234,40.06999969482422,40.08000183105469,34.18932342529297,4068200
2015-12-21,40.27000045776367,40.4900016784668,39.43000030517578,40.310001373291016,34.38551712036133,2321100
2015-12-22,40.40999984741211,40.529998779296875,39.79999923706055,40.5099983215332,34.556121826171875,1524600
2015-12-23,40.650001525878906,41.02000045776367,40.279998779296875,41.02000045776367,34.99116134643555,1324800
2015-12-24,41.060001373291016,41.29999923706055,40.779998779296875,41.150001525878906,35.10206985473633,388900
2015-12-28,40.97999954223633,41.31999969482422,40.779998779296875,41.31999969482422,35.2470703125,921500
2015-12-29,41.560001373291016,41.790000915527344,41.369998931884766,41.56999969482422,35.46031951904297,861500
2015-12-30,41.599998474121094,41.7599983215332,41.279998779296875,41.380001068115234,35.29825973510742,694800
2015-12-31,41.20000076293945,41.540000915527344,40.93000030517578,40.939998626708984,34.922908782958984,855600
2016-01-04,40.400001525878906,40.4900016784668,39.86000061035156,40.20000076293945,34.29169464111328,1163800
2016-01-05,40.20000076293945,40.45000076293945,40.0,40.310001373291016,34.38551712036133,1117200
2016-01-06,39.880001068115234,39.91999816894531,39.36000061035156,39.529998779296875,33.72016143798828,975000
2016-01-07,38.81999969482422,38.959999084472656,38.349998474121094,38.709999084472656,33.02067565917969,1265500
2016-01-08,38.810001373291016,39.060001373291016,38.25,38.29999923706055,32.67093276977539,823100
2016-01-11,38.349998474121094,38.40999984741211,37.31999969482422,37.65999984741211,32.1249885559082,1649500
2016-01-12,37.869998931884766,37.939998626708984,37.43000030517578,37.880001068115234,32.312660217285156,1196900
2016-01-13,38.15999984741211,38.27000045776367,36.9900016784668,37.0,31.56199836730957,1719800
2016-01-14,37.08000183105469,38.08000183105469,36.779998779296875,37.70000076293945,32.15911102294922,2085300
2016-01-15,36.959999084472656,37.720001220703125,36.900001525878906,37.61000061035156,32.082340240478516,2241000
2016-01-19,37.9900016784668,38.09000015258789,37.029998779296875,37.189998626708984,31.724077224731445,1022000
2016-01-20,36.650001525878906,37.209999084472656,35.959999084472656,36.810001373291016,31.399925231933594,1245600
2016-01-21,36.900001525878906,37.16999816894531,36.66999816894531,36.75,31.348737716674805,916500
2016-01-22,37.310001373291016,37.720001220703125,37.22999954223633,37.650001525878906,32.11647415161133,754600
2016-01-25,37.58000183105469,37.59000015258789,36.86000061035156,36.880001068115234,31.459632873535156,766400
2016-01-26,37.119998931884766,37.58000183105469,37.0,37.349998474121094,31.860563278198242,832000
2016-01-27,37.20000076293945,37.529998779296875,36.81999969482422,37.06999969482422,31.6217041015625,761700
2016-01-28,37.310001373291016,37.560001373291016,36.220001220703125,36.2400016784668,30.913698196411133,3477700
2016-01-29,36.529998779296875,37.70000076293945,36.25,37.63999938964844,32.10792541503906,3475300
2016-02-01,37.560001373291016,38.08000183105469,37.189998626708984,37.83000183105469,32.27001190185547,1665900
2016-02-02,37.459999084472656,37.70000076293945,37.189998626708984,37.4900016784668,31.979982376098633,1280700
2016-02-03,37.79999923706055,38.650001525878906,37.36000061035156,38.540000915527344,32.87566375732422,1719100
2016-02-04,38.380001068115234,38.86000061035156,38.04999923706055,38.68000030517578,32.99509048461914,1449200
2016-02-05,38.4900016784668,38.75,38.189998626708984,38.31999969482422,32.68800735473633,1409000
2016-02-08,37.93000030517578,38.2599983215332,37.72999954223633,38.18000030517578,32.56857681274414,1057400
2016-02-09,37.86000061035156,38.290000915527344,37.650001525878906,37.81999969482422,32.261478424072266,812200
2016-02-10,37.93000030517578,38.36000061035156,37.810001373291016,38.0,32.4150276184082,938100
2016-02-11,37.290000915527344,38.06999969482422,37.189998626708984,37.81999969482422,32.261478424072266,1242700
2016-02-12,38.33000183105469,38.560001373291016,37.970001220703125,38.4900016784668,32.8330078125,937200
2016-02-16,38.97999954223633,39.130001068115234,38.68000030517578,39.0,33.2680549621582,1275100
2016-02-17,39.2599983215332,39.47999954223633,39.06999969482422,39.38999938964844,33.60073471069336,879200
2016-02-18,39.36000061035156,39.810001373291016,39.099998474121094,39.720001220703125,33.88223648071289,1187300
2016-02-19,39.41999816894531,39.619998931884766,39.16999816894531,39.43000030517578,33.634849548339844,1076800
2016-02-22,39.68000030517578,40.029998779296875,39.66999816894531,39.93000030517578,34.06136703491211,950400
2016-02-23,39.779998779296875,39.939998626708984,39.4900016784668,39.54999923706055,33.73720932006836,595300
2016-02-24,39.189998626708984,39.689998626708984,38.97999954223633,39.650001525878906,33.82251739501953,577900
2016-02-25,39.689998626708984,40.0099983215332,39.4900016784668,40.0099983215332,34.12960433959961,651500
2016-02-26,40.16999816894531,40.27000045776367,39.84000015258789,40.060001373291016,34.17226028442383,593500
2016-02-29,39.86000061035156,40.279998779296875,39.66999816894531,39.849998474121094,33.99311447143555,1049200
2016-03-01,40.16999816894531,40.61000061035156,39.88999938964844,40.61000061035156,34.641422271728516,819100
2016-03-02,40.06999969482422,40.31999969482422,39.7599983215332,40.310001373291016,34.71031188964844,1189100
2016-03-03,40.2599983215332,40.689998626708984,40.130001068115234,40.689998626708984,35.03752517700195,751900
2016-03-04,40.66999816894531,41.0,40.41999816894531,41.0,35.30446243286133,848400
2016-03-07,40.84000015258789,41.27000045776367,40.59000015258789,41.18000030517578,35.45945358276367,520200
2016-03-08,40.95000076293945,41.060001373291016,40.59000015258789,40.880001068115234,35.20112991333008,542800
2016-03-09,40.97999954223633,41.16999816894531,40.7599983215332,41.09000015258789,35.381961822509766,1018300
2016-03-10,41.29999923706055,41.52000045776367,40.939998626708984,41.5099983215332,35.74361038208008,845300
2016-03-11,41.95000076293945,42.599998474121094,41.900001525878906,42.599998474121094,36.68218231201172,981400
2016-03-14,42.5,42.59000015258789,42.0099983215332,42.45000076293945,36.55302047729492,736000
2016-03-15,42.290000915527344,42.75,42.13999938964844,42.66999816894531,36.742462158203125,876900
2016-03-16,42.439998626708984,43.11000061035156,42.31999969482422,42.970001220703125,37.00078582763672,1101100
2016-03-17,42.939998626708984,43.900001525878906,42.939998626708984,43.709999084472656,37.637996673583984,846800
2016-03-18,43.529998779296875,44.0,43.470001220703125,43.68000030517578,37.61216354370117,1652400
2016-03-21,44.119998931884766,44.25,43.84000015258789,44.099998474121094,37.973819732666016,793600
2016-03-22,43.95000076293945,44.31999969482422,43.810001373291016,44.099998474121094,37.973819732666016,645600
2016-03-23,44.099998474121094,44.150001525878906,43.77000045776367,44.02000045776367,37.904930114746094,719300
2016-03-24,43.84000015258789,44.0,43.65999984741211,43.97999954223633,37.870487213134766,674100
2016-03-28,44.040000915527344,44.119998931884766,43.869998931884766,43.93000030517578,37.82743453979492,795900
2016-03-29,43.91999816894531,44.310001373291016,43.75,44.27000045776367,38.12019348144531,1186200
2016-03-30,44.470001220703125,44.650001525878906,44.290000915527344,44.369998931884766,38.2063102722168,764300
2016-03-31,44.31999969482422,44.66999816894531,44.290000915527344,44.47999954223633,38.301029205322266,896700
2016-04-01,44.290000915527344,44.70000076293945,44.04999923706055,44.630001068115234,38.43019104003906,641600
2016-04-04,44.56999969482422,44.72999954223633,44.2599983215332,44.439998626708984,38.26658248901367,1078400
2016-04-05,44.09000015258789,44.220001220703125,43.709999084472656,43.72999954223633,37.65522766113281,590200
2016-04-06,43.790000915527344,44.060001373291016,43.59000015258789,44.0,37.8877067565918,647600
2016-04-07,43.70000076293945,43.79999923706055,43.16999816894531,43.43000030517578,37.39690017700195,1091800
2016-04-08,43.81999969482422,43.939998626708984,43.470001220703125,43.59000015258789,37.53466796875,628700
2016-04-11,43.56999969482422,44.18000030517578,43.209999084472656,43.79999923706055,37.715492248535156,580800
2016-04-12,43.88999938964844,44.16999816894531,43.58000183105469,44.09000015258789,37.965206146240234,787700
2016-04-13,44.189998626708984,44.79999923706055,44.119998931884766,44.79999923706055,38.576576232910156,661400
2016-04-14,44.720001220703125,44.880001068115234,44.4900016784668,44.689998626708984,38.481868743896484,678700
2016-04-15,44.720001220703125,44.959999084472656,44.630001068115234,44.939998626708984,38.69712448120117,649400
2016-04-18,44.81999969482422,45.33000183105469,44.72999954223633,45.29999923706055,39.007118225097656,675000
2016-04-19,45.279998779296875,45.66999816894531,45.08000183105469,45.33000183105469,39.032955169677734,889300
2016-04-20,45.400001525878906,45.5099983215332,44.959999084472656,45.369998931884766,39.06739807128906,491100
2016-04-21,45.20000076293945,45.529998779296875,44.7400016784668,44.75,38.533531188964844,780300
2016-04-22,44.689998626708984,45.279998779296875,44.66999816894531,45.029998779296875,38.774627685546875,1462500
2016-04-25,44.9900016784668,45.04999923706055,44.65999984741211,44.90999984741211,38.671287536621094,819400
2016-04-26,44.97999954223633,45.16999816894531,44.790000915527344,45.06999969482422,38.80906295776367,684200
2016-04-27,45.15999984741211,45.439998626708984,45.0099983215332,45.13999938964844,38.86934280395508,480400
2016-04-28,44.86000061035156,44.95000076293945,44.349998474121094,44.43000030517578,38.25797653198242,993300
2016-04-29,45.68000030517578,46.45000076293945,45.31999969482422,46.040000915527344,39.644325256347656,2004300
2016-05-02,46.220001220703125,46.9900016784668,46.15999984741211,46.900001525878906,40.38486099243164,1607000
2016-05-03,46.470001220703125,46.709999084472656,46.119998931884766,46.38999938964844,39.945701599121094,1030600
2016-05-04,46.150001525878906,47.119998931884766,46.150001525878906,47.060001373291016,40.52263259887695,1249700
2016-05-05,47.2400016784668,47.43000030517578,46.959999084472656,47.08000183105469,40.539859771728516,895100
2016-05-06,46.86000061035156,47.06999969482422,46.689998626708984,46.959999084472656,40.436519622802734,739900
2016-05-09,46.77000045776367,47.099998474121094,46.720001220703125,46.90999984741211,40.39345932006836,735600
2016-05-10,47.189998626708984,47.7400016784668,46.869998931884766,47.7400016784668,41.10816192626953,813000
2016-05-11,47.56999969482422,47.790000915527344,47.099998474121094,47.13999938964844,40.59151077270508,583000
2016-05-12,47.369998931884766,47.540000915527344,47.20000076293945,47.4900016784668,40.89289474487305,732900
2016-05-13,47.33000183105469,47.439998626708984,46.900001525878906,47.130001068115234,40.58291244506836,640100
2016-05-16,47.060001373291016,47.77000045776367,47.060001373291016,47.40999984741211,40.82400894165039,683900
2016-05-17,47.349998474121094,47.59000015258789,46.88999938964844,47.189998626708984,40.634559631347656,851200
2016-05-18,47.040000915527344,48.06999969482422,47.040000915527344,47.56999969482422,40.96178436279297,1140700
2016-05-19,47.27000045776367,47.70000076293945,47.11000061035156,47.619998931884766,41.004844665527344,926200
2016-05-20,47.66999816894531,48.08000183105469,47.66999816894531,47.779998779296875,41.14261245727539,835100
2016-05-23,47.630001068115234,47.810001373291016,47.47999954223633,47.599998474121094,40.98761749267578,450300
2016-05-24,47.91999816894531,48.27000045776367,47.4900016784668,48.130001068115234,41.44400405883789,794000
2016-05-25,48.27000045776367,48.43000030517578,47.900001525878906,48.13999938964844,41.45259475708008,3177000
2016-05-26,48.20000076293945,48.2599983215332,47.849998474121094,48.0099983215332,41.34065628051758,1831200
2016-05-27,47.93000030517578,48.63999938964844,47.86000061035156,48.20000076293945,41.50428009033203,37176900
2016-05-31,48.459999084472656,48.5099983215332,48.0,48.33000183105469,41.6162109375,2179700
2016-06-01,47.84000015258789,47.91999816894531,47.16999816894531,47.900001525878906,41.572818756103516,1139000
2016-06-02,47.84000015258789,48.25,47.61000061035156,48.25,41.8765754699707,1144700
2016-06-03,47.939998626708984,48.0,47.439998626708984,47.86000061035156,41.53809356689453,1241200
2016-06-06,47.86000061035156,48.20000076293945,47.630001068115234,47.81999969482422,41.50338363647461,1022600
2016-06-07,47.959999084472656,48.0,47.7400016784668,47.880001068115234,41.55546188354492,1110000
2016-06-08,47.81999969482422,48.13999938964844,47.68000030517578,47.91999816894531,41.590179443359375,840200
2016-06-09,47.84000015258789,48.36000061035156,47.65999984741211,48.36000061035156,41.9720458984375,1618000
2016-06-10,48.0,48.25,47.720001220703125,48.029998779296875,41.685630798339844,1236200
2016-06-13,47.95000076293945,48.189998626708984,47.540000915527344,47.56999969482422,41.286399841308594,904600
2016-06-14,47.33000183105469,47.38999938964844,46.68000030517578,46.79999923706055,40.618125915527344,1348700
2016-06-15,46.90999984741211,46.90999984741211,46.310001373291016,46.349998474121094,40.22755432128906,1373400
2016-06-16,46.18000030517578,46.61000061035156,46.0099983215332,46.61000061035156,40.45321273803711,927000
2016-06-17,46.66999816894531,46.66999816894531,46.130001068115234,46.59000015258789,40.435848236083984,1476200
2016-06-20,47.040000915527344,47.22999954223633,46.77000045776367,46.79999923706055,40.618125915527344,975600
2016-06-21,46.849998474121094,47.060001373291016,46.66999816894531,46.790000915527344,40.60942459106445,1304700
2016-06-22,46.900001525878906,47.09000015258789,46.77000045776367,46.79999923706055,40.618125915527344,848600
2016-06-23,47.29999923706055,47.560001373291016,47.119998931884766,47.560001373291016,41.27772521972656,902900
2016-06-24,45.880001068115234,46.349998474121094,45.31999969482422,45.349998474121094,39.35963439941406,2948000
2016-06-27,44.75,45.040000915527344,43.900001525878906,44.060001373291016,38.240047454833984,1921600
2016-06-28,44.4900016784668,45.38999938964844,44.439998626708984,45.279998779296875,39.29888916015625,1828100
2016-06-29,45.65999984741211,46.369998931884766,45.560001373291016,46.36000061035156,40.236228942871094,953000
2016-06-30,46.58000183105469,47.619998931884766,46.33000183105469,47.599998474121094,41.31243896484375,1292600
2016-07-01,47.599998474121094,47.84000015258789,47.27000045776367,47.79999923706055,41.486019134521484,1175700
2016-07-05,47.45000076293945,47.58000183105469,47.22999954223633,47.54999923706055,41.269039154052734,1113800
2016-07-06,47.15999984741211,47.93000030517578,47.150001525878906,47.869998931884766,41.546783447265625,1343400
2016-07-07,47.9900016784668,48.189998626708984,47.689998626708984,48.0,41.659603118896484,876900
2016-07-08,48.27000045776367,48.7599983215332,48.150001525878906,48.70000076293945,42.26713943481445,1137500
2016-07-11,48.900001525878906,49.04999923706055,48.7599983215332,48.97999954223633,42.510154724121094,816100
2016-07-12,49.220001220703125,49.38999938964844,49.0099983215332,49.16999816894531,42.67505645751953,813500
2016-07-13,49.060001373291016,49.20000076293945,48.709999084472656,48.77000045776367,42.3278923034668,1248900
2016-07-14,49.130001068115234,49.2599983215332,48.7400016784668,48.95000076293945,42.4841194152832,1638100
2016-07-15,48.95000076293945,49.11000061035156,48.7599983215332,49.02000045776367,42.544857025146484,855900
2016-07-18,48.90999984741211,49.060001373291016,48.56999969482422,48.630001068115234,42.20638656616211,634700
2016-07-19,48.5099983215332,48.790000915527344,48.43000030517578,48.70000076293945,42.26713943481445,589500
2016-07-20,48.79999923706055,48.91999816894531,48.619998931884766,48.779998779296875,42.3365592956543,401600
2016-07-21,48.70000076293945,48.900001525878906,48.529998779296875,48.630001068115234,42.20638656616211,717200
2016-07-22,48.63999938964844,49.209999084472656,48.63999938964844,49.15999984741211,42.666378021240234,595700
2016-07-25,49.060001373291016,49.529998779296875,49.02000045776367,49.52000045776367,42.97882080078125,1199100
2016-07-26,49.5099983215332,49.70000076293945,49.209999084472656,49.459999084472656,42.92673873901367,966500
2016-07-27,49.439998626708984,49.77000045776367,49.31999969482422,49.5,42.96146774291992,949300
2016-07-28,49.36000061035156,49.529998779296875,49.130001068115234,49.40999984741211,42.88336181640625,1286100
2016-07-29,49.04999923706055,49.2599983215332,48.13999938964844,49.189998626708984,42.692413330078125,1929000
2016-08-01,49.189998626708984,49.58000183105469,49.0,49.54999923706055,43.00486373901367,1133700
2016-08-02,49.43000030517578,49.650001525878906,48.810001373291016,48.97999954223633,42.510154724121094,1250200
2016-08-03,48.869998931884766,49.209999084472656,48.849998474121094,49.0,42.527503967285156,1122000
2016-08-04,48.849998474121094,49.29999923706055,48.810001373291016,48.900001525878906,42.44071960449219,1056700
2016-08-05,49.20000076293945,49.470001220703125,49.15999984741211,49.29999923706055,42.78788375854492,832900
2016-08-08,49.310001373291016,49.66999816894531,49.209999084472656,49.40999984741211,42.88336181640625,774800
2016-08-09,49.349998474121094,49.75,49.349998474121094,49.58000183105469,43.03089904785156,726500
2016-08-10,49.63999938964844,49.790000915527344,49.560001373291016,49.72999954223633,43.161075592041016,598900
2016-08-11,49.75,49.970001220703125,49.66999816894531,49.75,43.178443908691406,663400
2016-08-12,49.599998474121094,49.849998474121094,49.34000015258789,49.380001068115234,42.85730743408203,841900
2016-08-15,49.43000030517578,49.720001220703125,49.290000915527344,49.29999923706055,42.78788375854492,1042400
2016-08-16,49.150001525878906,49.459999084472656,48.7599983215332,48.77000045776367,42.3278923034668,2022000
2016-08-17,48.709999084472656,48.79999923706055,48.400001525878906,48.599998474121094,42.18035125732422,1379700
2016-08-18,48.65999984741211,48.72999954223633,48.400001525878906,48.52000045776367,42.11090850830078,1480200
2016-08-19,48.33000183105469,48.720001220703125,48.189998626708984,48.540000915527344,42.12828063964844,5072900
2016-08-22,48.540000915527344,48.90999984741211,48.369998931884766,48.79999923706055,42.35392379760742,859600
2016-08-23,49.0099983215332,49.150001525878906,48.369998931884766,48.470001220703125,42.06752395629883,1591200
2016-08-24,48.380001068115234,48.619998931884766,48.2599983215332,48.61000061035156,42.18902587890625,1659900
2016-08-25,48.54999923706055,49.0,48.47999954223633,48.88999938964844,42.43204116821289,833300
2016-08-26,49.0,49.349998474121094,48.75,49.02000045776367,42.544857025146484,1076100
2016-08-29,49.029998779296875,49.599998474121094,49.0099983215332,49.56999969482422,43.022216796875,723300
2016-08-30,49.70000076293945,49.939998626708984,49.279998779296875,49.540000915527344,42.99618148803711,711400
2016-08-31,49.22999954223633,49.54999923706055,49.0099983215332,49.40999984741211,43.2148323059082,1002000
2016-09-01,49.439998626708984,49.540000915527344,49.060001373291016,49.41999816894531,43.223575592041016,583600
2016-09-02,49.619998931884766,49.9900016784668,49.5,49.9900016784668,43.722110748291016,636400
2016-09-06,49.95000076293945,50.04999923706055,49.59000015258789,50.04999923706055,43.774593353271484,955400
2016-09-07,49.880001068115234,50.45000076293945,49.7599983215332,50.45000076293945,44.12444305419922,864500
2016-09-08,50.400001525878906,50.4900016784668,50.18000030517578,50.290000915527344,43.98451232910156,657500
2016-09-09,49.84000015258789,50.04999923706055,49.150001525878906,49.16999816894531,43.00492858886719,1251900
2016-09-12,49.0,50.2599983215332,48.939998626708984,50.189998626708984,43.89703369140625,1423200
2016-09-13,49.900001525878906,49.970001220703125,49.540000915527344,49.619998931884766,43.398502349853516,1286800
2016-09-14,49.650001525878906,49.81999969482422,49.2599983215332,49.41999816894531,43.223575592041016,1061200
2016-09-15,49.29999923706055,50.13999938964844,49.29999923706055,50.02000045776367,43.748348236083984,780600
2016-09-16,49.599998474121094,50.13999938964844,49.400001525878906,49.650001525878906,43.42475128173828,1758800
2016-09-19,50.02000045776367,50.04999923706055,49.560001373291016,49.900001525878906,43.64339828491211,1095700
2016-09-20,50.2400016784668,50.470001220703125,50.0,50.08000183105469,43.80083084106445,700900
2016-09-21,50.130001068115234,50.709999084472656,50.04999923706055,50.65999984741211,44.308101654052734,1040500
2016-09-22,51.0,51.2400016784668,50.880001068115234,51.099998474121094,44.692928314208984,685400
2016-09-23,50.810001373291016,51.08000183105469,50.68000030517578,50.68000030517578,44.325592041015625,741100
2016-09-26,50.31999969482422,50.540000915527344,49.599998474121094,50.41999816894531,44.09819793701172,896200
2016-09-27,50.40999984741211,50.939998626708984,50.2599983215332,50.79999923706055,44.43054962158203,611800
2016-09-28,50.81999969482422,51.0099983215332,50.5,50.970001220703125,44.57924270629883,578000
2016-09-29,50.88999938964844,50.88999938964844,50.02000045776367,50.31999969482422,44.01072692871094,815200
2016-09-30,50.72999954223633,51.09000015258789,50.720001220703125,50.869998931884766,44.49177551269531,1289100
2016-10-03,50.720001220703125,50.81999969482422,50.369998931884766,50.459999084472656,44.133182525634766,469100
2016-10-04,50.47999954223633,50.599998474121094,49.83000183105469,50.279998779296875,43.97576141357422,946200
2016-10-05,50.54999923706055,50.77000045776367,50.34000015258789,50.41999816894531,44.09819793701172,569500
2016-10-06,50.41999816894531,50.790000915527344,50.119998931884766,50.7599983215332,44.39556884765625,662900
2016-10-07,50.88999938964844,50.88999938964844,50.380001068115234,50.56999969482422,44.229393005371094,491000
2016-10-10,50.93000030517578,51.08000183105469,50.52000045776367,50.529998779296875,44.19440841674805,460600
2016-10-11,50.470001220703125,50.5099983215332,49.68000030517578,49.81999969482422,43.57343673706055,576300
2016-10-12,49.84000015258789,50.65999984741211,49.84000015258789,50.470001220703125,44.14193344116211,449900
2016-10-13,50.20000076293945,50.29999923706055,49.84000015258789,50.06999969482422,43.792083740234375,648600
2016-10-14,50.470001220703125,50.709999084472656,50.220001220703125,50.2400016784668,43.940773010253906,493000
2016-10-17,50.33000183105469,50.36000061035156,49.869998931884766,49.90999984741211,43.65215301513672,562100
2016-10-18,50.41999816894531,50.41999816894531,49.939998626708984,50.02000045776367,43.748348236083984,448000
2016-10-19,50.18000030517578,50.2599983215332,49.849998474121094,50.02000045776367,43.748348236083984,820300
2016-10-20,49.849998474121094,49.849998474121094,49.099998474121094,49.18000030517578,43.013671875,763300
2016-10-21,48.869998931884766,49.20000076293945,48.630001068115234,48.970001220703125,42.83000564575195,780000
2016-10-24,49.310001373291016,49.470001220703125,48.540000915527344,48.54999923706055,42.46266555786133,1096400
2016-10-25,48.45000076293945,48.56999969482422,48.290000915527344,48.369998931884766,42.30524444580078,868800
2016-10-26,48.20000076293945,48.720001220703125,48.20000076293945,48.5099983215332,42.427677154541016,622700
2016-10-27,48.68000030517578,48.779998779296875,48.060001373291016,48.099998474121094,42.06908416748047,911200
2016-10-28,48.97999954223633,49.70000076293945,47.7599983215332,48.33000183105469,42.27024459838867,875900
2016-10-31,48.5099983215332,48.54999923706055,48.119998931884766,48.22999954223633,42.18278884887695,920200
2016-11-01,48.38999938964844,48.41999816894531,47.529998779296875,47.650001525878906,41.67551803588867,793100
2016-11-02,47.599998474121094,47.84000015258789,47.31999969482422,47.349998474121094,41.41312789916992,967600
2016-11-03,47.4900016784668,48.15999984741211,47.4900016784668,47.66999816894531,41.69300842285156,620500
2016-11-04,47.63999938964844,47.869998931884766,47.15999984741211,47.47999954223633,41.526824951171875,938700
2016-11-07,48.220001220703125,48.58000183105469,48.06999969482422,48.56999969482422,42.48015594482422,795100
2016-11-08,48.54999923706055,49.02000045776367,48.40999984741211,48.93000030517578,42.795021057128906,1039200
2016-11-09,48.810001373291016,50.150001525878906,48.2599983215332,49.900001525878906,43.64339828491211,1232400
2016-11-10,50.33000183105469,51.31999969482422,50.20000076293945,51.20000076293945,44.780399322509766,872000
2016-11-11,51.13999938964844,51.619998931884766,51.099998474121094,51.540000915527344,45.07776641845703,1072500
2016-11-14,51.779998779296875,52.34000015258789,51.5,52.119998931884766,45.58503723144531,1463200
2016-11-15,51.529998779296875,51.88999938964844,50.93000030517578,51.06999969482422,44.66670608520508,1269700
2016-11-16,50.869998931884766,50.95000076293945,50.56999969482422,50.86000061035156,44.4830322265625,905700
2016-11-17,50.900001525878906,51.900001525878906,50.86000061035156,51.630001068115234,45.156490325927734,603800
2016-11-18,51.52000045776367,51.630001068115234,51.34000015258789,51.52000045776367,45.06028747558594,880000
2016-11-21,51.61000061035156,51.91999816894531,51.31999969482422,51.400001525878906,44.955322265625,490700
2016-11-22,51.52000045776367,51.779998779296875,51.130001068115234,51.189998626708984,44.77165985107422,1004900
2016-11-23,51.31999969482422,51.95000076293945,51.290000915527344,51.65999984741211,45.182716369628906,943400
2016-11-25,51.66999816894531,51.86000061035156,51.5099983215332,51.86000061035156,45.3576545715332,321900
2016-11-28,51.63999938964844,51.84000015258789,51.150001525878906,51.220001220703125,44.79789352416992,702000
2016-11-29,51.220001220703125,51.47999954223633,51.189998626708984,51.25,44.824127197265625,972500
2016-11-30,51.16999816894531,51.22999954223633,50.310001373291016,50.349998474121094,44.365928649902344,1989200
2016-12-01,50.349998474121094,50.40999984741211,49.56999969482422,49.72999954223633,43.81960678100586,1388600
2016-12-02,49.66999816894531,49.970001220703125,48.970001220703125,49.15999984741211,43.317359924316406,1158400
2016-12-05,49.540000915527344,49.75,49.209999084472656,49.31999969482422,43.45833969116211,1377100
2016-12-06,49.540000915527344,49.939998626708984,49.310001373291016,49.81999969482422,43.898929595947266,2222500
2016-12-07,49.81999969482422,50.459999084472656,49.65999984741211,50.439998626708984,44.44523239135742,2142100
2016-12-08,50.56999969482422,50.630001068115234,50.04999923706055,50.150001525878906,44.18971633911133,878400
2016-12-09,50.119998931884766,50.7599983215332,49.93000030517578,50.7599983215332,44.727210998535156,1159300
2016-12-12,50.70000076293945,51.0,50.599998474121094,50.689998626708984,44.6655158996582,1779600
2016-12-13,50.9900016784668,51.150001525878906,50.849998474121094,51.04999923706055,44.982730865478516,1266900
2016-12-14,50.939998626708984,51.15999984741211,50.11000061035156,50.22999954223633,44.260189056396484,1558800
2016-12-15,50.25,51.040000915527344,50.22999954223633,50.81999969482422,44.78007125854492,1143400
2016-12-16,50.95000076293945,51.7400016784668,50.869998931884766,51.54999923706055,45.42331314086914,8576100
2016-12-19,51.529998779296875,51.86000061035156,51.209999084472656,51.66999816894531,45.529056549072266,1002200
2016-12-20,51.970001220703125,51.97999954223633,51.650001525878906,51.869998931884766,45.705265045166016,945600
2016-12-21,51.900001525878906,52.09000015258789,51.619998931884766,51.72999954223633,45.58192443847656,525600
2016-12-22,51.7400016784668,52.0099983215332,51.58000183105469,51.97999954223633,45.802215576171875,517000
2016-12-23,52.0,52.119998931884766,51.83000183105469,52.0099983215332,45.828636169433594,556400
2016-12-27,52.029998779296875,52.099998474121094,51.86000061035156,51.95000076293945,45.77577209472656,523600
2016-12-28,52.02000045776367,52.04999923706055,51.599998474121094,51.619998931884766,45.48499298095703,688900
2016-12-29,51.66999816894531,51.90999984741211,51.650001525878906,51.84000015258789,45.67884826660156,912300
2016-12-30,51.959999084472656,52.15999984741211,51.630001068115234,51.959999084472656,45.78459167480469,1221400
2017-01-03,52.0,52.33000183105469,51.79999923706055,52.2400016784668,46.03131103515625,1058600
2017-01-04,52.41999816894531,53.22999954223633,52.2400016784668,52.900001525878906,46.61286163330078,1382800
2017-01-05,52.7599983215332,53.09000015258789,52.58000183105469,53.02000045776367,46.718605041503906,1309500
2017-01-06,53.220001220703125,53.36000061035156,53.09000015258789,53.13999938964844,46.8243408203125,871900
2017-01-09,52.9900016784668,53.13999938964844,52.369998931884766,52.400001525878906,46.17229080200195,922100
2017-01-10,52.43000030517578,52.75,52.27000045776367,52.41999816894531,46.189918518066406,616300
2017-01-11,52.38999938964844,52.61000061035156,52.040000915527344,52.47999954223633,46.24278259277344,621500
2017-01-12,52.16999816894531,52.650001525878906,51.959999084472656,52.58000183105469,46.33090591430664,1076200
2017-01-13,52.650001525878906,53.040000915527344,52.650001525878906,52.810001373291016,46.533565521240234,507800
2017-01-17,52.41999816894531,52.810001373291016,52.13999938964844,52.56999969482422,46.322086334228516,689900
2017-01-18,52.7400016784668,53.0099983215332,52.290000915527344,52.93000030517578,46.63930130004883,510500
2017-01-19,53.040000915527344,53.060001373291016,52.5099983215332,52.66999816894531,46.41020584106445,520700
2017-01-20,52.88999938964844,52.970001220703125,52.56999969482422,52.84000015258789,46.55999755859375,703700
2017-01-23,52.7400016784668,52.959999084472656,52.58000183105469,52.7400016784668,46.471885681152344,721700
2017-01-24,52.93000030517578,53.41999816894531,52.77000045776367,53.22999954223633,46.90365219116211,876500
2017-01-25,53.5,53.869998931884766,53.29999923706055,53.790000915527344,47.397098541259766,914300
2017-01-26,53.88999938964844,54.06999969482422,53.7400016784668,53.790000915527344,47.397098541259766,856000
2017-01-27,53.70000076293945,54.650001525878906,53.04999923706055,54.619998931884766,48.12844467163086,1053700
2017-01-30,54.2599983215332,54.5099983215332,53.33000183105469,53.869998931884766,47.46757507324219,1075600
2017-01-31,53.77000045776367,54.0,53.529998779296875,53.83000183105469,47.432342529296875,833100
2017-02-01,54.0,54.189998626708984,53.38999938964844,53.439998626708984,47.088687896728516,754600
2017-02-02,53.369998931884766,54.16999816894531,53.189998626708984,53.95000076293945,47.5380859375,871300
2017-02-03,54.2599983215332,54.470001220703125,53.86000061035156,54.0099983215332,47.59093475341797,846400
2017-02-06,53.81999969482422,54.20000076293945,53.81999969482422,54.02000045776367,47.59975814819336,440400
2017-02-07,54.279998779296875,54.279998779296875,53.77000045776367,53.93000030517578,47.52045822143555,578900
2017-02-08,53.84000015258789,54.08000183105469,53.630001068115234,54.060001373291016,47.635005950927734,632300
2017-02-09,54.150001525878906,54.75,54.06999969482422,54.709999084472656,48.20775604248047,779200
2017-02-10,54.83000183105469,55.310001373291016,54.470001220703125,55.16999816894531,48.613075256347656,928400
2017-02-13,55.349998474121094,55.7400016784668,55.15999984741211,55.54999923706055,48.947906494140625,678300
2017-02-14,55.2599983215332,55.790000915527344,55.189998626708984,55.560001373291016,48.95672607421875,886000
2017-02-15,55.560001373291016,55.88999938964844,55.36000061035156,55.81999969482422,49.185829162597656,567100
2017-02-16,55.81999969482422,56.4900016784668,55.779998779296875,56.470001220703125,49.75857162475586,640500
2017-02-17,56.2400016784668,56.939998626708984,55.959999084472656,56.939998626708984,50.17271423339844,1206100
2017-02-21,56.70000076293945,57.189998626708984,56.060001373291016,56.150001525878906,49.47661590576172,1215700
2017-02-22,56.04999923706055,56.400001525878906,55.790000915527344,56.220001220703125,49.53828430175781,705300
2017-02-23,56.22999954223633,56.470001220703125,56.16999816894531,56.470001220703125,49.75857162475586,553200
2017-02-24,56.13999938964844,56.90999984741211,55.959999084472656,56.86000061035156,50.102230072021484,751300
2017-02-27,56.86000061035156,57.08000183105469,56.79999923706055,56.97999954223633,50.20796585083008,645400
2017-02-28,57.040000915527344,57.2599983215332,56.77000045776367,56.95000076293945,50.1815299987793,833300
2017-03-01,57.2599983215332,57.81999969482422,57.040000915527344,57.7599983215332,51.2462043762207,1145100
2017-03-02,57.709999084472656,57.790000915527344,56.720001220703125,56.779998779296875,50.376712799072266,816600
2017-03-03,56.619998931884766,56.939998626708984,56.459999084472656,56.86000061035156,50.447689056396484,654200
2017-03-06,56.41999816894531,56.70000076293945,56.29999923706055,56.400001525878906,50.03956985473633,662100
2017-03-07,56.34000015258789,56.540000915527344,55.849998474121094,56.31999969482422,49.968589782714844,880600
2017-03-08,56.599998474121094,56.630001068115234,55.970001220703125,56.150001525878906,49.81776428222656,679000
2017-03-09,56.16999816894531,56.470001220703125,55.970001220703125,56.2400016784668,49.89761734008789,701300
2017-03-10,56.61000061035156,56.72999954223633,56.220001220703125,56.65999984741211,50.27024841308594,585200
2017-03-13,56.560001373291016,57.0,56.5099983215332,56.9900016784668,50.56304168701172,1217200
2017-03-14,56.790000915527344,56.93000030517578,56.529998779296875,56.849998474121094,50.4388313293457,618900
2017-03-15,56.88999938964844,57.15999984741211,56.75,57.06999969482422,50.63401412963867,813600
2017-03-16,57.33000183105469,57.529998779296875,56.72999954223633,56.86000061035156,50.447689056396484,857200
2017-03-17,56.900001525878906,57.11000061035156,56.56999969482422,56.93000030517578,50.50978469848633,5600800
2017-03-20,56.95000076293945,57.27000045776367,56.65999984741211,56.880001068115234,50.4654426574707,848400
2017-03-21,57.16999816894531,57.16999816894531,55.970001220703125,56.0099983215332,49.69355773925781,997700
2017-03-22,55.95000076293945,56.43000030517578,55.84000015258789,56.119998931884766,49.791141510009766,1013700
2017-03-23,56.20000076293945,56.79999923706055,55.91999816894531,56.279998779296875,49.93309783935547,764300
2017-03-24,56.459999084472656,56.91999816894531,56.220001220703125,56.439998626708984,50.07506561279297,879300
2017-03-27,55.869998931884766,56.650001525878906,55.540000915527344,56.540000915527344,50.16378402709961,628400
2017-03-28,56.38999938964844,57.09000015258789,56.119998931884766,57.0099983215332,50.58078384399414,665000
2017-03-29,56.869998931884766,57.099998474121094,56.72999954223633,56.790000915527344,50.385589599609375,777900
2017-03-30,56.63999938964844,56.91999816894531,56.59000015258789,56.77000045776367,50.36783981323242,447800
2017-03-31,56.599998474121094,56.81999969482422,56.5,56.540000915527344,50.16378402709961,941300
2017-04-03,56.599998474121094,56.63999938964844,55.810001373291016,56.02000045776367,49.702430725097656,887000
2017-04-04,56.0099983215332,56.5099983215332,55.77000045776367,56.380001068115234,50.02183532714844,712400
2017-04-05,56.5099983215332,56.65999984741211,55.95000076293945,56.0,49.6846809387207,830800
2017-04-06,56.09000015258789,56.5,55.72999954223633,56.400001525878906,50.03956985473633,689300
2017-04-07,56.27000045776367,56.56999969482422,56.08000183105469,56.33000183105469,49.97747039794922,894900
2017-04-10,56.2599983215332,56.540000915527344,56.130001068115234,56.34000015258789,49.986331939697266,1235000
2017-04-11,56.099998474121094,56.529998779296875,55.88999938964844,56.29999923706055,49.950843811035156,1034000
2017-04-12,56.15999984741211,56.18000030517578,55.61000061035156,55.790000915527344,49.49837112426758,1008700
2017-04-13,55.65999984741211,55.86000061035156,55.470001220703125,55.5099983215332,49.24993896484375,534900
2017-04-17,55.7400016784668,56.33000183105469,55.4900016784668,56.279998779296875,49.93309783935547,871900
2017-04-18,56.13999938964844,56.439998626708984,55.880001068115234,56.040000915527344,49.72017288208008,774300
2017-04-19,56.36000061035156,56.45000076293945,55.689998626708984,55.81999969482422,49.524986267089844,744700
2017-04-20,56.029998779296875,56.47999954223633,55.790000915527344,56.25,49.90648651123047,2009700
2017-04-21,56.0,56.369998931884766,55.61000061035156,55.61000061035156,49.33866500854492,767300
2017-04-24,56.4900016784668,56.5,55.849998474121094,56.04999923706055,49.72904586791992,833600
2017-04-25,56.400001525878906,56.56999969482422,56.15999984741211,56.439998626708984,50.07506561279297,786400
2017-04-26,56.43000030517578,56.70000076293945,56.279998779296875,56.349998474121094,49.99520492553711,954200
2017-04-27,56.5,56.9900016784668,56.5,56.72999954223633,50.33234405517578,765700
2017-04-28,56.310001373291016,56.310001373291016,55.25,55.810001373291016,49.51611328125,1130000
2017-05-01,56.099998474121094,56.13999938964844,55.66999816894531,55.939998626708984,49.63144302368164,779400
2017-05-02,55.65999984741211,56.209999084472656,54.88999938964844,55.06999969482422,48.859554290771484,1749700
2017-05-03,54.95000076293945,55.22999954223633,54.81999969482422,55.0099983215332,48.806331634521484,1336800
2017-05-04,55.25,55.459999084472656,54.86000061035156,55.36000061035156,49.11686706542969,1241800
2017-05-05,55.47999954223633,55.709999084472656,55.36000061035156,55.709999084472656,49.42738342285156,655000
2017-05-08,55.83000183105469,55.93000030517578,55.349998474121094,55.47999954223633,49.223323822021484,750400
2017-05-09,55.58000183105469,55.7599983215332,55.150001525878906,55.220001220703125,48.992652893066406,696300
2017-05-10,55.09000015258789,55.619998931884766,54.93000030517578,55.47999954223633,49.223323822021484,950900
2017-05-11,55.2400016784668,55.56999969482422,54.79999923706055,55.130001068115234,48.91279983520508,953500
2017-05-12,54.91999816894531,55.20000076293945,54.619998931884766,54.72999954223633,48.55790328979492,791800
2017-05-15,54.66999816894531,55.27000045776367,54.5,55.189998626708984,48.96601486206055,916400
2017-05-16,55.27000045776367,55.47999954223633,55.04999923706055,55.310001373291016,49.07250213623047,561100
2017-05-17,55.310001373291016,55.310001373291016,54.630001068115234,54.959999084472656,48.761962890625,830400
2017-05-18,55.2400016784668,55.59000015258789,54.90999984741211,55.380001068115234,49.13459777832031,790000
2017-05-19,55.31999969482422,55.939998626708984,55.27000045776367,55.7599983215332,49.471736907958984,1256400
2017-05-22,55.900001525878906,56.31999969482422,55.66999816894531,56.27000045776367,49.92422866821289,789400
2017-05-23,56.279998779296875,56.75,56.060001373291016,56.689998626708984,50.29685974121094,889400
2017-05-24,56.720001220703125,56.90999984741211,56.52000045776367,56.84000015258789,50.4299430847168,542400
2017-05-25,57.0,57.56999969482422,56.81999969482422,57.54999923706055,51.05989074707031,764200
2017-05-26,57.41999816894531,57.540000915527344,57.11000061035156,57.119998931884766,50.67836380004883,854800
2017-05-30,56.810001373291016,57.150001525878906,56.54999923706055,56.970001220703125,50.5452880859375,970800
2017-05-31,56.810001373291016,56.939998626708984,56.34000015258789,56.72999954223633,50.67929458618164,1357100
2017-06-01,56.880001068115234,57.459999084472656,56.720001220703125,57.459999084472656,51.3314208984375,1224100
2017-06-02,57.33000183105469,57.54999923706055,57.060001373291016,57.349998474121094,51.23316955566406,533600
2017-06-05,57.2400016784668,57.4900016784668,56.880001068115234,56.90999984741211,50.840084075927734,791300
2017-06-06,56.70000076293945,56.70000076293945,56.189998626708984,56.25,50.25048828125,589900
2017-06-07,56.4900016784668,57.13999938964844,56.22999954223633,56.93000030517578,50.85795593261719,1002200
2017-06-08,56.93000030517578,57.439998626708984,56.869998931884766,57.38999938964844,51.26888656616211,785600
2017-06-09,57.5,57.95000076293945,57.22999954223633,57.880001068115234,51.70663833618164,703000
2017-06-12,57.869998931884766,58.060001373291016,57.72999954223633,58.04999923706055,51.858497619628906,919500
2017-06-13,58.189998626708984,58.560001373291016,58.08000183105469,58.130001068115234,51.92998123168945,859100
2017-06-14,58.0099983215332,58.189998626708984,57.650001525878906,57.970001220703125,51.787044525146484,1354600
2017-06-15,57.7599983215332,58.84000015258789,57.7400016784668,58.810001373291016,52.53744125366211,1583900
2017-06-16,58.77000045776367,59.029998779296875,58.560001373291016,58.970001220703125,52.680381774902344,1256100
2017-06-19,58.9900016784668,59.11000061035156,58.7400016784668,59.0099983215332,52.71610641479492,738800
2017-06-20,58.91999816894531,59.09000015258789,58.65999984741211,58.65999984741211,52.40343475341797,576100
2017-06-21,58.869998931884766,58.970001220703125,57.83000183105469,57.900001525878906,51.72450637817383,753800
2017-06-22,57.66999816894531,57.86000061035156,57.099998474121094,57.099998474121094,51.009830474853516,688900
2017-06-23,57.18000030517578,57.34000015258789,56.70000076293945,56.709999084472656,50.66142654418945,1197700
2017-06-26,56.95000076293945,57.16999816894531,56.709999084472656,56.86000061035156,50.7954216003418,1143200
2017-06-27,56.880001068115234,56.9900016784668,56.43000030517578,56.5099983215332,50.48276138305664,1184400
2017-06-28,56.83000183105469,57.5099983215332,56.63999938964844,57.38999938964844,51.26888656616211,917900
2017-06-29,57.709999084472656,57.75,56.61000061035156,57.02000045776367,50.9383544921875,860900
2017-06-30,57.349998474121094,57.45000076293945,56.97999954223633,57.25,51.14383316040039,813100
2017-07-03,57.599998474121094,58.0099983215332,57.529998779296875,57.529998779296875,51.393959045410156,449100
2017-07-05,57.619998931884766,57.7400016784668,57.34000015258789,57.4900016784668,51.35823440551758,696100
2017-07-06,57.41999816894531,57.75,57.08000183105469,57.15999984741211,51.06341552734375,714300
2017-07-07,57.529998779296875,58.06999969482422,57.31999969482422,57.709999084472656,51.554752349853516,633700
2017-07-10,57.709999084472656,57.84000015258789,57.400001525878906,57.459999084472656,51.3314208984375,883600
2017-07-11,57.459999084472656,57.720001220703125,56.720001220703125,56.7599983215332,50.70608901977539,788500
2017-07-12,56.939998626708984,57.2599983215332,56.75,56.869998931884766,50.80435562133789,783700
2017-07-13,56.959999084472656,57.68000030517578,56.79999923706055,57.560001373291016,51.4207763671875,623200
2017-07-14,57.349998474121094,57.72999954223633,57.08000183105469,57.61000061035156,51.465431213378906,549900
2017-07-17,57.599998474121094,57.689998626708984,57.16999816894531,57.5,51.36715316772461,790200
2017-07-18,57.11000061035156,57.720001220703125,57.11000061035156,57.560001373291016,51.4207763671875,469400
2017-07-19,57.75,57.75,57.2599983215332,57.689998626708984,51.536895751953125,522400
2017-07-20,57.79999923706055,58.27000045776367,57.779998779296875,58.27000045776367,52.05503463745117,637900
2017-07-21,58.119998931884766,58.779998779296875,58.119998931884766,58.650001525878906,52.394508361816406,755300
2017-07-24,58.689998626708984,58.90999984741211,58.31999969482422,58.83000183105469,52.55531311035156,565500
2017-07-25,59.33000183105469,59.5,59.0,59.099998474121094,52.7965202331543,433900
2017-07-26,59.130001068115234,59.18000030517578,58.560001373291016,58.66999816894531,52.412376403808594,572800
2017-07-27,58.68000030517578,58.779998779296875,56.20000076293945,58.029998779296875,51.84063720703125,802600
2017-07-28,58.619998931884766,59.63999938964844,57.810001373291016,59.40999984741211,53.073448181152344,800600
2017-07-31,59.56999969482422,59.56999969482422,58.7400016784668,58.790000915527344,52.51958084106445,731900
2017-08-01,59.029998779296875,59.33000183105469,58.880001068115234,59.189998626708984,52.87691879272461,485600
2017-08-02,59.08000183105469,59.18000030517578,58.720001220703125,59.02000045776367,52.72504806518555,652200
2017-08-03,59.08000183105469,59.08000183105469,58.56999969482422,58.650001525878906,52.394508361816406,490900
2017-08-04,58.869998931884766,59.11000061035156,58.61000061035156,59.02000045776367,52.72504806518555,735200
2017-08-07,59.0,59.119998931884766,58.66999816894531,58.90999984741211,52.62677001953125,598300
2017-08-08,58.779998779296875,58.970001220703125,58.68000030517578,58.810001373291016,52.53744125366211,533700
2017-08-09,58.720001220703125,59.040000915527344,58.720001220703125,58.900001525878906,52.61784362792969,430200
2017-08-10,58.650001525878906,58.970001220703125,58.43000030517578,58.61000061035156,52.35877227783203,924300
2017-08-11,58.630001068115234,58.97999954223633,58.349998474121094,58.41999816894531,52.18903732299805,546200
2017-08-14,58.81999969482422,58.9900016784668,58.709999084472656,58.86000061035156,52.58210372924805,551500
2017-08-15,59.040000915527344,59.16999816894531,58.61000061035156,58.720001220703125,52.4570426940918,331400
2017-08-16,58.959999084472656,59.380001068115234,58.869998931884766,58.90999984741211,52.62677001953125,501400
2017-08-17,58.86000061035156,59.119998931884766,57.83000183105469,57.849998474121094,51.67982482910156,422200
2017-08-18,57.7400016784668,58.130001068115234,57.52000045776367,57.939998626708984,51.76022720336914,581800
2017-08-21,57.900001525878906,58.31999969482422,57.66999816894531,58.130001068115234,51.92998123168945,576300
2017-08-22,58.290000915527344,58.630001068115234,58.0,58.619998931884766,52.367698669433594,505900
2017-08-23,58.38999938964844,58.689998626708984,58.18000030517578,58.209999084472656,52.001434326171875,427000
2017-08-24,58.279998779296875,58.400001525878906,58.0099983215332,58.310001373291016,52.090782165527344,667300
2017-08-25,58.540000915527344,58.68000030517578,58.33000183105469,58.380001068115234,52.15330123901367,487000
2017-08-28,58.43000030517578,58.630001068115234,58.22999954223633,58.29999923706055,52.08183670043945,408100
2017-08-29,57.869998931884766,58.150001525878906,57.7599983215332,58.040000915527344,51.84955978393555,497200
2017-08-30,57.70000076293945,58.13999938964844,57.68000030517578,57.81999969482422,52.00246810913086,637000
2017-08-31,58.0099983215332,58.209999084472656,57.7400016784668,57.900001525878906,52.07442855834961,688700
2017-09-01,58.0099983215332,58.369998931884766,57.91999816894531,57.91999816894531,52.092403411865234,437900
2017-09-05,57.70000076293945,57.9900016784668,57.189998626708984,57.709999084472656,51.90353012084961,1466100
2017-09-06,57.959999084472656,58.38999938964844,57.290000915527344,58.18000030517578,52.326236724853516,692100
2017-09-07,58.20000076293945,58.27000045776367,57.54999923706055,57.68000030517578,51.87654495239258,629700
2017-09-08,57.59000015258789,59.91999816894531,57.529998779296875,59.689998626708984,53.68431854248047,1378200
2017-09-11,59.4900016784668,60.33000183105469,59.189998626708984,60.040000915527344,53.999107360839844,1529000
2017-09-12,60.130001068115234,61.439998626708984,59.40999984741211,60.31999969482422,54.25093078613281,861400
2017-09-13,60.18000030517578,60.29999923706055,59.279998779296875,59.959999084472656,53.92715072631836,1032800
2017-09-14,60.02000045776367,60.189998626708984,59.63999938964844,60.0,53.9631233215332,1356000
2017-09-15,59.939998626708984,60.560001373291016,59.75,60.380001068115234,54.30490493774414,1816700
2017-09-18,60.34000015258789,60.619998931884766,60.130001068115234,60.400001525878906,54.322879791259766,993400
2017-09-19,60.400001525878906,60.77000045776367,60.290000915527344,60.369998931884766,54.295902252197266,820000
2017-09-20,60.52000045776367,60.849998474121094,60.2599983215332,60.720001220703125,54.610687255859375,766100
2017-09-21,60.720001220703125,60.83000183105469,60.459999084472656,60.66999816894531,54.56571960449219,575800
2017-09-22,60.650001525878906,61.029998779296875,60.5099983215332,60.9900016784668,54.853515625,785500
2017-09-25,60.90999984741211,61.060001373291016,60.47999954223633,60.880001068115234,54.75458526611328,1026300
2017-09-26,60.81999969482422,61.65999984741211,60.7400016784668,61.47999954223633,55.294212341308594,1183500
2017-09-27,61.869998931884766,61.869998931884766,61.189998626708984,61.630001068115234,55.42912292480469,1039500
2017-09-28,61.650001525878906,61.75,61.36000061035156,61.5099983215332,55.32119369506836,578400
2017-09-29,61.20000076293945,61.630001068115234,61.130001068115234,61.54999923706055,55.35717010498047,798800
2017-10-02,61.68000030517578,61.7400016784668,60.970001220703125,61.689998626708984,55.48308563232422,858200
2017-10-03,61.630001068115234,62.06999969482422,61.52000045776367,62.0,55.761898040771484,618200
2017-10-04,61.650001525878906,61.72999954223633,60.869998931884766,61.599998474121094,55.402137756347656,602000
2017-10-05,61.599998474121094,61.900001525878906,61.52000045776367,61.79999923706055,55.58202362060547,471900
2017-10-06,61.970001220703125,62.119998931884766,61.529998779296875,61.7599983215332,55.546043395996094,578400
2017-10-09,61.75,61.900001525878906,61.45000076293945,61.599998474121094,55.402137756347656,578500
2017-10-10,61.560001373291016,61.869998931884766,61.52000045776367,61.869998931884766,55.64497756958008,533000
2017-10-11,61.84000015258789,61.86000061035156,61.58000183105469,61.720001220703125,55.510074615478516,497100
2017-10-12,61.77000045776367,62.13999938964844,61.75,62.040000915527344,55.79786682128906,470000
2017-10-13,62.0,62.310001373291016,61.779998779296875,62.02000045776367,55.77988815307617,390900
2017-10-16,62.06999969482422,62.209999084472656,61.4900016784668,62.119998931884766,55.869815826416016,485200
2017-10-17,62.220001220703125,62.36000061035156,61.709999084472656,61.880001068115234,55.65397644042969,603900
2017-10-18,61.97999954223633,62.38999938964844,61.75,62.130001068115234,55.87882614135742,564100
2017-10-19,62.0,62.63999938964844,61.83000183105469,62.63999938964844,56.33750534057617,623900
2017-10-20,63.11000061035156,63.13999938964844,62.75,62.91999816894531,56.58933639526367,558500
2017-10-23,63.02000045776367,63.13999938964844,62.5,62.959999084472656,56.62531280517578,512800
2017-10-24,62.939998626708984,63.20000076293945,62.65999984741211,62.83000183105469,56.50838088989258,576000
2017-10-25,62.79999923706055,62.90999984741211,62.209999084472656,62.540000915527344,56.247562408447266,538800
2017-10-26,62.7400016784668,62.90999984741211,62.099998474121094,62.25,55.98674392700195,759400
2017-10-27,62.849998474121094,63.20000076293945,61.90999984741211,62.540000915527344,56.247562408447266,844800
2017-10-30,62.5,62.84000015258789,62.13999938964844,62.7400016784668,56.42744827270508,758200
2017-10-31,62.56999969482422,63.369998931884766,62.56999969482422,63.33000183105469,56.95807647705078,761500
2017-11-01,63.56999969482422,64.05000305175781,63.45000076293945,63.599998474121094,57.20092010498047,607700
2017-11-02,63.66999816894531,64.05999755859375,62.75,63.880001068115234,57.45273971557617,919300
2017-11-03,63.59000015258789,63.93000030517578,63.310001373291016,63.689998626708984,57.281856536865234,523500
2017-11-06,63.380001068115234,64.23999786376953,63.380001068115234,64.13999938964844,57.68657684326172,672000
2017-11-07,64.19000244140625,64.44999694824219,63.43000030517578,63.709999084472656,57.299842834472656,794700
2017-11-08,63.630001068115234,63.779998779296875,63.33000183105469,63.529998779296875,57.13795471191406,663200
2017-11-09,63.29999923706055,63.77000045776367,63.13999938964844,63.650001525878906,57.24588394165039,317200
2017-11-10,63.65999984741211,64.19999694824219,63.36000061035156,64.08000183105469,57.63262939453125,590400
2017-11-13,63.97999954223633,64.31999969482422,63.689998626708984,63.939998626708984,57.50669860839844,589600
2017-11-14,63.75,65.12000274658203,63.66999816894531,65.0999984741211,58.549991607666016,1245800
2017-11-15,65.0,65.44000244140625,64.6500015258789,65.33000183105469,58.75685119628906,997100
2017-11-16,65.44000244140625,65.94000244140625,65.33999633789062,65.83000183105469,59.206546783447266,1333300
2017-11-17,65.61000061035156,66.12000274658203,65.48999786376953,65.97000122070312,59.332462310791016,1750100
2017-11-20,66.12000274658203,66.16999816894531,65.66999816894531,66.01000213623047,59.36843490600586,1702900
2017-11-21,66.13999938964844,67.05000305175781,66.0,66.95999908447266,60.22285079956055,1985000
2017-11-22,66.80999755859375,67.04000091552734,66.44999694824219,66.62000274658203,59.917057037353516,3079900
2017-11-24,66.52999877929688,66.83000183105469,65.38999938964844,65.38999938964844,58.81080627441406,624500
2017-11-27,65.30999755859375,65.91999816894531,65.30999755859375,65.70999908447266,59.09861373901367,2632700
2017-11-28,65.83000183105469,66.72000122070312,65.70999908447266,66.62999725341797,59.926055908203125,1187800
2017-11-29,66.80000305175781,67.31999969482422,66.2699966430664,66.41999816894531,59.7371711730957,1299500
2017-11-30,66.56999969482422,66.56999969482422,65.4800033569336,65.83000183105469,59.556243896484375,3083100
2017-12-01,66.16999816894531,66.76000213623047,64.80000305175781,66.56999969482422,60.225711822509766,1823800
2017-12-04,67.12999725341797,67.30000305175781,66.47000122070312,66.58000183105469,60.234779357910156,1491200
2017-12-05,66.62000274658203,66.66000366210938,65.81999969482422,65.81999969482422,59.54719161987305,756900
2017-12-06,66.19000244140625,66.37999725341797,65.77999877929688,65.83000183105469,59.556243896484375,918400
2017-12-07,65.8499984741211,66.0,65.13999938964844,65.2699966430664,59.04960632324219,1185700
2017-12-08,65.5,65.75,65.16000366210938,65.69000244140625,59.42958068847656,814200
2017-12-11,65.70999908447266,65.80999755859375,65.27999877929688,65.4800033569336,59.23960876464844,844700
2017-12-12,65.51000213623047,65.62999725341797,64.7300033569336,64.79000091552734,58.615360260009766,1130600
2017-12-13,65.04000091552734,65.04000091552734,63.959999084472656,64.20999908447266,58.09062576293945,1926100
2017-12-14,64.20999908447266,64.3499984741211,63.619998931884766,63.689998626708984,57.62018966674805,1369100
2017-12-15,63.790000915527344,64.37000274658203,63.560001373291016,63.97999954223633,57.8825569152832,5084900
2017-12-18,64.47000122070312,64.69999694824219,63.65999984741211,63.849998474121094,57.76493453979492,1441300
2017-12-19,64.36000061035156,64.87000274658203,63.88999938964844,64.4000015258789,58.26252746582031,1559300
2017-12-20,64.68000030517578,64.76000213623047,64.18000030517578,64.20999908447266,58.09062576293945,823300
2017-12-21,64.4000015258789,64.4000015258789,62.95000076293945,62.97999954223633,56.97785568237305,1138500
2017-12-22,62.83000183105469,63.02000045776367,62.400001525878906,62.599998474121094,56.63407516479492,949400
2017-12-26,62.880001068115234,63.2400016784668,62.7400016784668,62.90999984741211,56.91452407836914,329100
2017-12-27,62.90999984741211,63.310001373291016,62.66999816894531,63.220001220703125,57.19498062133789,519700
2017-12-28,63.4900016784668,63.650001525878906,63.0099983215332,63.630001068115234,57.5659065246582,775800
2017-12-29,63.68000030517578,63.88999938964844,63.279998779296875,63.279998779296875,57.2492561340332,487100
2018-01-02,63.54999923706055,63.54999923706055,62.040000915527344,62.16999816894531,56.24504089355469,790300
2018-01-03,62.279998779296875,62.91999816894531,62.279998779296875,62.63999938964844,56.67025375366211,989800
2018-01-04,62.959999084472656,63.540000915527344,62.63999938964844,63.220001220703125,57.19498062133789,931600
2018-01-05,63.2400016784668,63.59000015258789,63.099998474121094,63.5099983215332,57.45734405517578,811700
2018-01-08,63.40999984741211,63.70000076293945,63.22999954223633,63.54999923706055,57.4935302734375,1004100
2018-01-09,63.75,64.08999633789062,63.58000183105469,63.630001068115234,57.5659065246582,648100
2018-01-10,63.689998626708984,63.86000061035156,63.36000061035156,63.56999969482422,57.511634826660156,768200
2018-01-11,63.599998474121094,63.689998626708984,63.06999969482422,63.400001525878906,57.357826232910156,834500
2018-01-12,63.68000030517578,63.959999084472656,62.959999084472656,63.880001068115234,57.792076110839844,836500
2018-01-16,63.93000030517578,64.23999786376953,63.290000915527344,63.41999816894531,57.375911712646484,970900
2018-01-17,63.84000015258789,64.13999938964844,63.529998779296875,64.05000305175781,57.945884704589844,637200
2018-01-18,63.97999954223633,64.19999694824219,63.459999084472656,64.02999877929688,57.92778015136719,782200
2018-01-19,64.1500015258789,64.58000183105469,63.970001220703125,64.29000091552734,58.16301345825195,1123300
2018-01-22,64.41999816894531,64.76000213623047,64.29000091552734,64.75,58.57916259765625,748800
2018-01-23,64.77999877929688,65.2699966430664,64.44000244140625,64.55999755859375,58.407264709472656,1406900
2018-01-24,64.83000183105469,65.4000015258789,64.31999969482422,65.12000274658203,58.91391372680664,1533200
2018-01-25,65.36000061035156,65.88999938964844,65.08000183105469,65.6500015258789,59.393402099609375,1123300
2018-01-26,67.30000305175781,70.48999786376953,67.12000274658203,70.48999786376953,63.772117614746094,2859500
2018-01-29,70.20999908447266,70.55000305175781,69.58000183105469,69.7699966430664,63.12074279785156,1544600
2018-01-30,69.52999877929688,70.4000015258789,69.30999755859375,69.33000183105469,62.722679138183594,1293200
2018-01-31,69.37999725341797,69.97000122070312,67.80000305175781,68.31999969482422,61.8089485168457,1363200
2018-02-01,68.30000305175781,69.31999969482422,68.04000091552734,69.19000244140625,62.59601974487305,1106100
2018-02-02,68.88999938964844,69.75,68.55999755859375,68.56999969482422,62.035118103027344,849900
2018-02-05,68.2300033569336,68.80999755859375,66.20999908447266,66.2699966430664,59.95429611206055,1778200
2018-02-06,65.0199966430664,66.12000274658203,64.0999984741211,65.4000015258789,59.167240142822266,2423900
2018-02-07,65.36000061035156,67.25,65.2300033569336,66.11000061035156,59.80955123901367,1247800
2018-02-08,66.18000030517578,67.0199966430664,64.37000274658203,64.4000015258789,58.26252746582031,2399500
2018-02-09,64.88999938964844,65.43000030517578,63.540000915527344,64.94000244140625,58.75107192993164,1914500
2018-02-12,65.27999877929688,66.43000030517578,64.87999725341797,66.20999908447266,59.900028228759766,1267000
2018-02-13,66.0199966430664,67.16999816894531,65.9000015258789,66.9800033569336,60.59664535522461,988700
2018-02-14,66.5999984741211,68.31999969482422,66.5,68.19999694824219,61.700355529785156,776700
2018-02-15,68.66999816894531,69.11000061035156,68.3499984741211,69.05000305175781,62.4693603515625,912400
2018-02-16,68.91999816894531,69.41000366210938,68.47000122070312,68.97000122070312,62.396968841552734,1111300
2018-02-20,68.91999816894531,69.94000244140625,68.66999816894531,69.30999755859375,62.7045783996582,1051300
2018-02-21,69.2300033569336,70.19000244140625,68.87000274658203,68.91000366210938,62.34271240234375,1174000
2018-02-22,69.0,69.27999877929688,67.95999908447266,68.12999725341797,61.63703918457031,1384100
2018-02-23,68.52999877929688,69.0199966430664,68.30000305175781,68.98999786376953,62.415096282958984,880000
2018-02-26,69.26000213623047,69.81999969482422,69.20999908447266,69.76000213623047,63.1117057800293,928000
2018-02-27,69.61000061035156,71.30000305175781,69.5999984741211,69.9800033569336,63.31071853637695,1656100
2018-02-28,70.37999725341797,70.81999969482422,69.11000061035156,69.11000061035156,62.52363967895508,947700
2018-03-01,68.88999938964844,69.58999633789062,67.87999725341797,68.37000274658203,62.223323822021484,1415200
2018-03-02,67.94000244140625,68.76000213623047,67.62999725341797,68.66000366210938,62.48723220825195,808400
2018-03-05,68.37000274658203,69.94999694824219,68.29000091552734,69.66000366210938,63.397342681884766,1187700
2018-03-06,69.7699966430664,69.7699966430664,68.80999755859375,69.61000061035156,63.351844787597656,836100
2018-03-07,69.16999816894531,69.91999816894531,69.08000183105469,69.55000305175781,63.29723358154297,708000
2018-03-08,69.93000030517578,70.12000274658203,69.3499984741211,70.05000305175781,63.75228500366211,770300
2018-03-09,71.29000091552734,72.7699966430664,70.37999725341797,72.62999725341797,66.10031127929688,1676300
2018-03-12,72.5199966430664,72.5199966430664,71.4000015258789,71.70999908447266,65.26304626464844,1064000
2018-03-13,72.13999938964844,72.16000366210938,71.12999725341797,71.2699966430664,64.86260986328125,931000
2018-03-14,71.41999816894531,71.41999816894531,70.47000122070312,70.73999786376953,64.38024139404297,848100
2018-03-15,71.11000061035156,71.18000030517578,70.51000213623047,70.73999786376953,64.38024139404297,826200
2018-03-16,70.73999786376953,71.4000015258789,70.52999877929688,71.01000213623047,64.62596893310547,2564200
2018-03-19,71.04000091552734,71.4000015258789,70.06999969482422,70.5199966430664,64.1800308227539,1287200
2018-03-20,70.80000305175781,71.19000244140625,70.56999969482422,70.8499984741211,64.48035430908203,750300
2018-03-21,70.91000366210938,71.04000091552734,70.23999786376953,70.2699966430664,63.95250701904297,753100
2018-03-22,69.76000213623047,70.33000183105469,68.54000091552734,68.56999969482422,62.40532684326172,971800
2018-03-23,68.56999969482422,68.66000366210938,66.62000274658203,66.69000244140625,60.694366455078125,1294700
2018-03-26,67.26000213623047,68.27999877929688,66.77999877929688,68.2300033569336,62.09589767456055,1986800
2018-03-27,68.4000015258789,68.76000213623047,67.12000274658203,67.52999877929688,61.458839416503906,830900
2018-03-28,67.7699966430664,68.63999938964844,67.2699966430664,68.19999694824219,62.06858444213867,944300
2018-03-29,68.63999938964844,69.12000274658203,68.02999877929688,68.7300033569336,62.55094528198242,1265500
2018-04-02,68.6500015258789,68.75,66.06999969482422,67.0999984741211,61.06749725341797,1277400
2018-04-03,67.22000122070312,68.02999877929688,66.98999786376953,67.8499984741211,61.75007247924805,1221900
2018-04-04,66.98999786376953,68.5199966430664,66.80999755859375,68.4000015258789,62.250633239746094,1201400
2018-04-05,68.63999938964844,68.83000183105469,68.18000030517578,68.43000030517578,62.27791976928711,786900
2018-04-06,67.88999938964844,68.29000091552734,66.58000183105469,67.08999633789062,61.05838394165039,934100
2018-04-09,67.33999633789062,68.37999725341797,67.0999984741211,67.43000030517578,61.36783981323242,746300
2018-04-10,68.2699966430664,68.7300033569336,67.87999725341797,68.37000274658203,62.223323822021484,1109300
2018-04-11,67.80000305175781,68.30000305175781,67.48999786376953,68.05000305175781,61.93208694458008,665200
2018-04-12,68.25,68.98999786376953,68.12000274658203,68.55999755859375,62.39621353149414,683000
2018-04-13,69.01000213623047,69.2300033569336,68.31999969482422,68.44999694824219,62.296112060546875,847100
2018-04-16,68.95999908447266,69.87999725341797,68.8499984741211,69.27999877929688,63.051490783691406,561800
2018-04-17,69.86000061035156,70.18000030517578,69.5,69.6500015258789,63.388240814208984,1052000
2018-04-18,69.83000183105469,70.22000122070312,69.4800033569336,69.81999969482422,63.54295349121094,865400
2018-04-19,69.83999633789062,70.41000366210938,69.63999938964844,70.0999984741211,63.79777908325195,870200
2018-04-20,70.2300033569336,70.41000366210938,69.5,69.97000122070312,63.679473876953125,932400
2018-04-23,69.97000122070312,70.33999633789062,69.47000122070312,70.2699966430664,63.95250701904297,725100
2018-04-24,70.44999694824219,70.5,68.94000244140625,69.55999755859375,63.30632400512695,703600
2018-04-25,69.54000091552734,69.83999633789062,68.69000244140625,69.37999725341797,63.142513275146484,856300
2018-04-26,69.58999633789062,70.66000366210938,68.69999694824219,70.2300033569336,63.916080474853516,989500
2018-04-27,69.97000122070312,70.76000213623047,69.80999755859375,70.62000274658203,64.2710189819336,540800
2018-04-30,70.66000366210938,70.94000244140625,69.9800033569336,69.98999786376953,63.69768142700195,841600
2018-05-01,69.94999694824219,70.05999755859375,69.0999984741211,69.91000366210938,63.62486267089844,1095800
2018-05-02,68.72000122070312,69.80000305175781,67.0199966430664,68.63999938964844,62.46904754638672,2198000
2018-05-03,68.19999694824219,68.83000183105469,67.1500015258789,68.55999755859375,62.39621353149414,1374100
2018-05-04,68.13999938964844,69.16999816894531,67.77999877929688,68.94000244140625,62.74207305908203,815200
2018-05-07,68.91000366210938,69.36000061035156,68.5999984741211,69.0199966430664,62.814884185791016,723700
2018-05-08,68.62000274658203,69.0,68.48999786376953,68.70999908447266,62.532745361328125,921000
2018-05-09,68.79000091552734,69.05999755859375,68.0,68.66000366210938,62.48723220825195,696400
2018-05-10,68.77999877929688,69.31999969482422,68.5199966430664,69.26000213623047,63.033302307128906,1026300
2018-05-11,69.16999816894531,69.5199966430664,68.63999938964844,68.73999786376953,62.56004333496094,766000
2018-05-14,68.97000122070312,69.16999816894531,67.51000213623047,67.55000305175781,61.4770393371582,825600
2018-05-15,67.2300033569336,67.76000213623047,66.69999694824219,66.86000061035156,60.849063873291016,793900
2018-05-16,66.9000015258789,67.20999908447266,66.52999877929688,66.62000274658203,60.63066482543945,745000
2018-05-17,66.47000122070312,67.0999984741211,66.22000122070312,66.94000244140625,60.92189407348633,998600
2018-05-18,66.97000122070312,67.79000091552734,66.80999755859375,67.52999877929688,61.458839416503906,1179100
2018-05-21,67.66999816894531,68.25,67.66999816894531,68.11000061035156,61.986690521240234,613500
2018-05-22,68.0999984741211,68.4000015258789,67.94000244140625,68.13999938964844,62.013980865478516,532900
2018-05-23,67.9000015258789,68.19999694824219,67.62999725341797,68.01000213623047,61.895687103271484,582200
2018-05-24,67.88999938964844,68.18000030517578,67.66999816894531,68.1500015258789,62.023075103759766,866400
2018-05-25,67.9800033569336,68.0999984741211,67.23999786376953,67.62000274658203,61.540733337402344,726800
2018-05-29,66.94000244140625,67.2300033569336,65.47000122070312,65.80000305175781,59.88438034057617,1039000
2018-05-30,66.2300033569336,67.26000213623047,66.16999816894531,66.9800033569336,60.958290100097656,1226900
2018-05-31,66.5,67.01000213623047,66.0999984741211,66.27999877929688,60.69272994995117,1418200
2018-06-01,66.93000030517578,67.08999633789062,66.19999694824219,66.2300033569336,60.646942138671875,1136400
2018-06-04,66.55999755859375,66.76000213623047,66.25,66.47000122070312,60.866722106933594,699300
2018-06-05,66.33999633789062,66.51000213623047,65.79000091552734,66.4000015258789,60.80260467529297,534600
2018-06-06,66.58000183105469,66.91999816894531,66.29000091552734,66.91000366210938,61.26962661743164,721200
2018-06-07,67.0,67.31999969482422,66.83999633789062,67.23999786376953,61.571800231933594,552100
2018-06-08,67.2300033569336,67.79000091552734,67.16000366210938,67.77999877929688,62.06626510620117,527300
2018-06-11,67.91000366210938,67.95999908447266,67.12000274658203,67.23999786376953,61.571800231933594,833700
2018-06-12,67.30000305175781,67.30000305175781,66.3499984741211,66.37000274658203,60.775142669677734,711500
2018-06-13,66.5,67.11000061035156,66.1500015258789,66.16000366210938,60.58285140991211,942800
2018-06-14,66.5199966430664,66.55000305175781,65.79000091552734,65.9800033569336,60.41801834106445,741300
2018-06-15,65.77999877929688,65.9000015258789,64.77999877929688,65.80999755859375,60.262351989746094,1618300
2018-06-18,65.8499984741211,66.55999755859375,65.47000122070312,66.38999938964844,60.79344177246094,1001400
2018-06-19,65.8499984741211,66.3499984741211,65.75,66.0199966430664,60.45463943481445,903400
2018-06-20,66.11000061035156,66.44999694824219,65.41999816894531,65.55000305175781,60.02426528930664,936400
2018-06-21,65.36000061035156,65.75,65.16000366210938,65.5199966430664,59.99679183959961,1342200
2018-06-22,66.0,67.13999938964844,65.72000122070312,66.73999786376953,61.11395263671875,2609600
2018-06-25,66.62000274658203,66.83000183105469,65.95999908447266,66.37999725341797,60.78429412841797,960000
2018-06-26,66.44999694824219,66.44999694824219,65.86000061035156,66.02999877929688,60.46381378173828,632500
2018-06-27,65.88999938964844,66.25,64.75,64.7699966430664,59.31001663208008,685600
2018-06-28,64.7699966430664,65.37999725341797,64.54000091552734,65.12000274658203,59.630516052246094,712600
2018-06-29,65.43000030517578,65.79000091552734,64.91999816894531,65.27999877929688,59.77703094482422,1891400
2018-07-02,65.02999877929688,65.68000030517578,65.0,65.26000213623047,59.75871658325195,1026200
2018-07-03,65.69999694824219,66.36000061035156,65.44000244140625,65.52999877929688,60.00596237182617,457000
2018-07-05,65.80000305175781,66.12000274658203,65.4000015258789,66.08999633789062,60.518741607666016,754200
2018-07-06,66.1500015258789,67.22000122070312,66.01000213623047,66.80999755859375,61.178062438964844,878700
2018-07-09,66.91000366210938,68.2300033569336,66.91000366210938,68.16999816894531,62.42341995239258,721400
2018-07-10,67.94999694824219,68.11000061035156,67.70999908447266,68.04000091552734,62.30437469482422,664500
2018-07-11,67.9000015258789,68.33000183105469,67.87000274658203,68.19000244140625,62.44172286987305,783800
2018-07-12,68.5,68.70999908447266,68.0999984741211,68.66000366210938,62.872100830078125,754800
2018-07-13,68.5999984741211,68.93000030517578,68.41000366210938,68.86000061035156,63.05523681640625,564300
2018-07-16,68.87999725341797,69.56999969482422,68.81999969482422,69.45999908447266,63.60466003417969,810800
2018-07-17,69.76000213623047,69.87000274658203,69.19000244140625,69.69000244140625,63.815277099609375,585800
2018-07-18,69.69999694824219,70.54000091552734,69.55000305175781,70.5,64.5569839477539,887300
2018-07-19,70.13999938964844,70.63999938964844,70.13999938964844,70.30000305175781,64.37384033203125,932400
2018-07-20,70.05999755859375,70.56999969482422,69.87999725341797,70.38999938964844,64.45625305175781,875600
2018-07-23,70.38999938964844,71.0,70.12999725341797,70.79000091552734,64.8225326538086,918300
2018-07-24,71.0,71.0,70.37999725341797,70.51000213623047,64.5661392211914,863200
2018-07-25,70.37999725341797,71.23999786376953,70.37000274658203,71.16000366210938,65.16133117675781,901200
2018-07-26,71.31999969482422,71.43000030517578,71.01000213623047,71.19999694824219,65.197998046875,1401800
2018-07-27,71.5,73.11000061035156,70.80000305175781,70.88999938964844,64.91410064697266,1329500
2018-07-30,71.04000091552734,71.69999694824219,70.9800033569336,71.13999938964844,65.14303588867188,935500
2018-07-31,71.23999786376953,71.44999694824219,71.01000213623047,71.3499984741211,65.3353271484375,1493100
2018-08-01,71.38999938964844,71.41999816894531,70.87000274658203,71.33999633789062,65.32618713378906,912200
2018-08-02,70.86000061035156,71.2300033569336,70.36000061035156,71.1500015258789,65.15217590332031,923300
2018-08-03,71.1500015258789,71.45999908447266,70.87999725341797,71.45999908447266,65.43605041503906,534300
2018-08-06,71.5,71.72000122070312,71.3499984741211,71.54000091552734,65.50932312011719,651500
2018-08-07,71.5999984741211,71.9000015258789,71.38999938964844,71.58999633789062,65.55509948730469,732700
2018-08-08,71.62000274658203,71.97000122070312,71.30000305175781,71.6500015258789,65.61005401611328,671300
2018-08-09,71.77999877929688,71.87999725341797,71.31999969482422,71.36000061035156,65.3445053100586,537300
2018-08-10,71.0199966430664,71.04000091552734,70.56999969482422,70.87000274658203,64.89580535888672,645600
2018-08-13,70.9000015258789,71.16000366210938,70.13999938964844,70.43000030517578,64.4928970336914,714100
2018-08-14,70.45999908447266,70.8499984741211,70.4000015258789,70.66000366210938,64.70350646972656,518600
2018-08-15,70.33000183105469,71.19999694824219,70.06999969482422,71.12000274658203,65.12471008300781,702200
2018-08-16,71.4000015258789,72.2300033569336,71.3499984741211,71.91000366210938,65.84813690185547,767800
2018-08-17,71.8499984741211,72.37999725341797,71.83999633789062,72.20999908447266,66.12283325195312,795300
2018-08-20,72.4800033569336,72.55999755859375,71.94000244140625,71.97000122070312,65.90308380126953,590500
2018-08-21,71.91999816894531,72.52999877929688,71.8499984741211,72.36000061035156,66.26020050048828,554000
2018-08-22,72.25,72.30999755859375,71.62999725341797,71.66999816894531,65.62836456298828,516600
2018-08-23,71.69999694824219,71.81999969482422,71.45999908447266,71.75,65.70159912109375,418200
2018-08-24,72.0,72.19000244140625,71.66000366210938,72.1500015258789,66.06790924072266,381600
2018-08-27,72.44999694824219,72.6500015258789,72.26000213623047,72.30000305175781,66.20525360107422,470600
2018-08-28,72.2699966430664,72.43000030517578,71.93000030517578,72.13999938964844,66.05874633789062,444100
2018-08-29,72.16000366210938,72.5,71.97000122070312,72.27999877929688,66.18695068359375,418300
2018-08-30,72.27999877929688,72.27999877929688,71.5,71.66999816894531,65.62836456298828,681700
2018-08-31,71.43000030517578,72.19999694824219,71.43000030517578,72.13999938964844,66.05874633789062,656300
2018-09-04,72.11000061035156,73.0,72.11000061035156,72.98999786376953,66.83708953857422,747200
2018-09-05,73.02999877929688,73.66000366210938,72.76000213623047,73.52999877929688,67.33155822753906,862400
2018-09-06,73.08000183105469,73.9800033569336,73.02999877929688,73.86000061035156,68.01297760009766,570900
2018-09-07,73.68000030517578,74.0999984741211,73.55000305175781,73.76000213623047,67.92091369628906,623400
2018-09-10,74.05999755859375,74.55000305175781,73.58999633789062,74.19000244140625,68.31685638427734,722600
2018-09-11,73.93000030517578,74.30999755859375,73.73999786376953,74.12999725341797,68.2616195678711,634100
2018-09-12,74.0,74.13999938964844,73.5199966430664,73.55000305175781,67.7275161743164,472900
2018-09-13,73.66000366210938,74.83999633789062,73.62000274658203,74.62000274658203,68.71282196044922,832600
2018-09-14,75.0,75.19000244140625,74.66000366210938,74.88999938964844,68.9614486694336,567300
2018-09-17,75.0,75.22000122070312,74.83000183105469,75.12000274658203,69.1732406616211,914900
2018-09-18,75.04000091552734,75.2699966430664,74.16000366210938,75.02999877929688,69.09037017822266,766300
2018-09-19,75.12999725341797,76.05000305175781,74.9800033569336,75.7300033569336,69.73493957519531,1147800
2018-09-20,76.1500015258789,76.22000122070312,75.76000213623047,76.12999725341797,70.103271484375,790900
2018-09-21,76.30999755859375,76.48999786376953,75.8499984741211,75.91000366210938,69.90070343017578,1370900
2018-09-24,75.83000183105469,75.83000183105469,75.02999877929688,75.1500015258789,69.20088195800781,692700
2018-09-25,75.08999633789062,75.47000122070312,74.4800033569336,74.55000305175781,68.64837646484375,554500
2018-09-26,74.61000061035156,74.61000061035156,73.9000015258789,74.0199966430664,68.16031646728516,472700
2018-09-27,74.11000061035156,74.75,73.94999694824219,74.44999694824219,68.5562744140625,561500
2018-09-28,74.30999755859375,74.5999984741211,74.05000305175781,74.44000244140625,68.54706573486328,681600
2018-10-01,74.7699966430664,75.19000244140625,74.5,75.16999816894531,69.21929168701172,542800
2018-10-02,75.08000183105469,75.41000366210938,74.73999786376953,75.3499984741211,69.38502502441406,639000
2018-10-03,75.61000061035156,75.69999694824219,75.08999633789062,75.11000061035156,69.16405487060547,580900
2018-10-04,75.11000061035156,75.76000213623047,75.05999755859375,75.70999908447266,69.7165298461914,638600
2018-10-05,75.63999938964844,75.98999786376953,74.79000091552734,74.8499984741211,68.92461395263672,759300
2018-10-08,74.68000030517578,75.6500015258789,74.55999755859375,75.4800033569336,69.50475311279297,461300
2018-10-09,75.5,75.75,75.11000061035156,75.41000366210938,69.4402847290039,543400
2018-10-10,75.12000274658203,75.31999969482422,73.25,73.27999877929688,67.47891235351562,709800
2018-10-11,73.20999908447266,73.30000305175781,71.27999877929688,71.29000091552734,65.64641571044922,1012400
2018-10-12,71.94000244140625,72.0,70.4000015258789,71.25,65.60960388183594,1019200
2018-10-15,71.2300033569336,71.58000183105469,70.79000091552734,70.79000091552734,65.18600463867188,885900
2018-10-16,71.0,71.93000030517578,70.51000213623047,71.87999725341797,66.18972778320312,935700
2018-10-17,71.83000183105469,72.58000183105469,71.3499984741211,72.11000061035156,66.40153503417969,709400
2018-10-18,72.05000305175781,72.62999725341797,71.31999969482422,71.66000366210938,65.9871597290039,879300
2018-10-19,71.68000030517578,73.04000091552734,71.51000213623047,72.66999816894531,66.91719055175781,1212900
2018-10-22,72.79000091552734,72.94999694824219,72.30000305175781,72.72000122070312,66.96324157714844,577300
2018-10-23,71.61000061035156,72.52999877929688,71.22000122070312,72.3499984741211,66.62252807617188,1481500
2018-10-24,72.19000244140625,72.38999938964844,71.22000122070312,71.3499984741211,65.70167541503906,1089800
2018-10-25,71.55999755859375,73.54000091552734,71.18000030517578,72.97000122070312,67.19344329833984,1054700
2018-10-26,72.55999755859375,74.5999984741211,72.41000366210938,74.02999877929688,68.16951751708984,1571400
2018-10-29,74.8499984741211,75.55000305175781,73.05999755859375,73.8499984741211,68.00377655029297,1532300
2018-10-30,74.16999816894531,74.41999816894531,73.12999725341797,74.30999755859375,68.42736053466797,1114200
2018-10-31,74.79000091552734,75.33000183105469,73.95999908447266,74.01000213623047,68.15110778808594,1334400
2018-11-01,74.0999984741211,74.77999877929688,73.41999816894531,74.5999984741211,68.69440460205078,1302100
2018-11-02,75.31999969482422,75.69999694824219,73.52999877929688,74.66999816894531,68.75886535644531,1275900
2018-11-05,74.81999969482422,75.56999969482422,74.33000183105469,75.51000213623047,69.53235626220703,988600
2018-11-06,75.76000213623047,76.25,75.4000015258789,75.83999633789062,69.83625793457031,1039200
2018-11-07,76.12999725341797,76.9800033569336,75.6500015258789,76.95999908447266,70.86756896972656,940200
2018-11-08,76.79000091552734,77.7699966430664,76.73999786376953,77.7699966430664,71.61344909667969,872500
2018-11-09,77.77999877929688,78.37000274658203,77.58000183105469,78.05000305175781,71.87129211425781,963300
2018-11-12,78.12000274658203,78.33000183105469,77.48999786376953,77.66000366210938,71.51217651367188,1077600
2018-11-13,77.55000305175781,78.5,77.06999969482422,77.5,71.36482238769531,1247100
2018-11-14,77.87999725341797,77.87999725341797,75.87999725341797,76.41999816894531,70.3703384399414,1145900
2018-11-15,76.04000091552734,77.41999816894531,75.7699966430664,77.37000274658203,71.24512481689453,1086900
2018-11-16,76.94999694824219,78.51000213623047,76.80000305175781,78.37999725341797,72.17518615722656,1103300
2018-11-19,78.37999725341797,79.02999877929688,78.0199966430664,78.31999969482422,72.11992645263672,1196500
2018-11-20,77.98999786376953,78.08000183105469,77.01000213623047,77.1500015258789,71.04256439208984,1026600
2018-11-21,77.19000244140625,77.83000183105469,76.44999694824219,76.45999908447266,70.40716552734375,998000
2018-11-23,76.01000213623047,77.20999908447266,75.9800033569336,76.66999816894531,70.60053253173828,421400
2018-11-26,77.2699966430664,77.37000274658203,76.33999633789062,76.86000061035156,70.77552032470703,1087400
2018-11-27,76.63999938964844,77.26000213623047,76.37000274658203,76.93000030517578,70.83995056152344,1021100
2018-11-28,76.91000366210938,78.12999725341797,76.80000305175781,78.08999633789062,71.90812683105469,1163600
2018-11-29,77.72000122070312,78.4800033569336,77.72000122070312,78.02999877929688,71.85287475585938,961600
2018-11-30,77.9000015258789,78.75,77.06999969482422,77.06999969482422,70.96886444091797,4205800
2018-12-03,77.7699966430664,78.33000183105469,76.2300033569336,77.95999908447266,71.78840637207031,2063600
2018-12-04,77.6500015258789,78.33000183105469,76.02999877929688,76.11000061035156,70.08485412597656,1402800
2018-12-06,75.08000183105469,75.19999694824219,73.69000244140625,75.05999755859375,69.4923324584961,1738100
2018-12-07,75.13999938964844,75.93000030517578,74.19999694824219,74.5199966430664,68.99240112304688,955200
2018-12-10,74.6500015258789,74.87999725341797,73.38999938964844,74.54000091552734,69.01091003417969,1069200
2018-12-11,75.2699966430664,75.48999786376953,74.30000305175781,74.91999816894531,69.36270904541016,1132300
2018-12-12,75.70999908447266,76.05000305175781,75.11000061035156,75.44999694824219,69.85342407226562,815500
2018-12-13,75.23999786376953,75.77999877929688,74.69999694824219,75.3499984741211,69.76081848144531,1388600
2018-12-14,74.94000244140625,75.16000366210938,73.80999755859375,74.18000030517578,68.67761993408203,955000
2018-12-17,74.12999725341797,74.23999786376953,72.0999984741211,72.41000366210938,67.03892517089844,997200
2018-12-18,72.77999877929688,73.18000030517578,72.06999969482422,72.8499984741211,67.44625854492188,1395000
2018-12-19,72.9000015258789,74.76000213623047,72.9000015258789,73.31999969482422,67.88140869140625,1840600
2018-12-20,73.20999908447266,73.3499984741211,72.30999755859375,72.9000015258789,67.49254608154297,2045900
2018-12-21,72.91000366210938,74.2699966430664,71.04000091552734,71.05999755859375,65.7890396118164,2428900
2018-12-24,70.83000183105469,70.88999938964844,68.94000244140625,68.98999786376953,63.872581481933594,649300
2018-12-26,69.22000122070312,71.30999755859375,68.19000244140625,71.30999755859375,66.02050018310547,778900
2018-12-27,70.55999755859375,72.29000091552734,69.83000183105469,72.29000091552734,66.92781829833984,772400
2018-12-28,72.45999908447266,73.2699966430664,72.19000244140625,72.5199966430664,67.1407470703125,669900
2018-12-31,72.68000030517578,73.69999694824219,72.68000030517578,73.69999694824219,68.23322296142578,680800
2019-01-02,72.66000366210938,73.06999969482422,71.43000030517578,71.88999938964844,66.55747985839844,1060500
2019-01-03,71.63999938964844,71.98999786376953,70.44000244140625,70.54000091552734,65.3076171875,970600
2019-01-04,71.30000305175781,72.37999725341797,71.08999633789062,72.31999969482422,66.95557403564453,1159300
2019-01-07,71.95999908447266,73.16999816894531,71.94999694824219,72.11000061035156,66.76116943359375,859800
2019-01-08,72.83999633789062,73.05000305175781,71.45999908447266,72.43000030517578,67.05741882324219,895700
2019-01-09,72.8499984741211,73.41999816894531,72.72000122070312,73.27999877929688,67.84439086914062,1355800
2019-01-10,72.93000030517578,73.7300033569336,72.69999694824219,73.69000244140625,68.22396850585938,595500
2019-01-11,73.2699966430664,73.3499984741211,72.43000030517578,72.69999694824219,67.3073959350586,998100
2019-01-14,72.38999938964844,72.91000366210938,72.27999877929688,72.66000366210938,67.27037048339844,1350300
2019-01-15,72.6500015258789,73.08000183105469,72.37000274658203,72.91000366210938,67.5018310546875,921700
2019-01-16,73.0,73.9000015258789,72.6500015258789,73.72000122070312,68.25173950195312,1176000
2019-01-17,73.33000183105469,74.11000061035156,73.16999816894531,73.91000366210938,68.42765808105469,798100
2019-01-18,74.13999938964844,74.55000305175781,74.01000213623047,74.41000366210938,68.89056396484375,1124100
2019-01-22,74.2300033569336,74.72000122070312,72.87999725341797,73.37999725341797,67.93695831298828,1108300
2019-01-23,73.55000305175781,73.9000015258789,72.87000274658203,73.69999694824219,68.23322296142578,772200
2019-01-24,73.62000274658203,73.80000305175781,73.22000122070312,73.51000213623047,68.05731964111328,1192200
2019-01-25,73.95999908447266,74.22000122070312,73.20999908447266,73.5,68.04805755615234,1080700
2019-01-28,73.12000274658203,74.0,72.4000015258789,72.9800033569336,67.5666275024414,815000
2019-01-29,72.91999816894531,72.91999816894531,71.55000305175781,71.91999816894531,66.58528137207031,1455700
2019-01-30,72.11000061035156,73.11000061035156,71.76000213623047,72.88999938964844,67.48330688476562,1225300
2019-01-31,73.0,74.8499984741211,73.0,74.70999908447266,69.16829681396484,1820500
2019-02-01,75.0,76.93000030517578,73.9000015258789,76.87999725341797,71.17733001708984,2295500
2019-02-04,76.75,77.22000122070312,76.08000183105469,77.22000122070312,71.49211120605469,1395000
2019-02-05,77.22000122070312,78.6500015258789,76.75,78.45999908447266,72.64012908935547,1471800
2019-02-06,78.43000030517578,78.62000274658203,77.4800033569336,78.4000015258789,72.5845947265625,1699900
2019-02-07,77.91999816894531,78.02999877929688,76.94999694824219,77.98999786376953,72.20500946044922,1018900
2019-02-08,77.61000061035156,78.83999633789062,77.61000061035156,78.83000183105469,72.98267364501953,844500
2019-02-11,78.95999908447266,79.9800033569336,78.58000183105469,79.88999938964844,73.96407318115234,836600
2019-02-12,80.20999908447266,80.41000366210938,79.55999755859375,79.69000244140625,73.77890014648438,1278100
2019-02-13,79.7699966430664,80.19000244140625,79.4000015258789,79.54000091552734,73.6400375366211,934700
2019-02-14,79.01000213623047,79.62999725341797,78.56999969482422,78.87999725341797,73.02899169921875,1166600
2019-02-15,79.56999969482422,80.1500015258789,79.41999816894531,79.83999633789062,73.91778564453125,1028700
2019-02-19,79.6500015258789,80.47000122070312,79.38999938964844,80.37000274658203,74.40846252441406,906300
2019-02-20,80.5999984741211,80.70999908447266,80.18000030517578,80.48999786376953,74.51956176757812,811100
2019-02-21,80.58000183105469,80.76000213623047,80.27999877929688,80.63999938964844,74.65843963623047,963200
2019-02-22,80.9000015258789,81.08999633789062,80.30000305175781,80.5999984741211,74.62142944335938,981000
2019-02-25,80.9000015258789,81.05000305175781,80.23999786376953,80.33999633789062,74.38070678710938,662000
2019-02-26,80.16000366210938,80.55000305175781,79.87000274658203,79.88999938964844,73.96407318115234,756600
2019-02-27,79.66000366210938,80.5199966430664,79.43000030517578,80.5199966430664,74.5473403930664,866300
2019-02-28,80.25,80.5199966430664,79.91000366210938,80.27999877929688,74.72419738769531,1485300
2019-03-01,80.62000274658203,80.72000122070312,79.8499984741211,80.31999969482422,74.76142120361328,966100
2019-03-04,80.41999816894531,80.55999755859375,79.16999816894531,79.62000274658203,74.10986328125,957700
2019-03-05,79.80000305175781,80.47000122070312,79.41999816894531,80.0,74.46358489990234,1700700
2019-03-06,80.08000183105469,80.12000274658203,78.83000183105469,78.87999725341797,73.42108154296875,1031800
2019-03-07,78.80000305175781,78.80000305175781,77.76000213623047,78.23999786376953,72.82535552978516,1189300
2019-03-08,77.79000091552734,77.97000122070312,77.22000122070312,77.91000366210938,72.51820373535156,812800
2019-03-11,78.19999694824219,79.04000091552734,77.87999725341797,79.04000091552734,73.56999206542969,1442200
2019-03-12,79.33000183105469,79.54000091552734,78.94000244140625,79.06999969482422,73.59794616699219,1096500
2019-03-13,79.31999969482422,79.61000061035156,78.94999694824219,79.05999755859375,73.58863830566406,866300
2019-03-14,79.04000091552734,79.5999984741211,78.8499984741211,79.58999633789062,74.08193969726562,852800
2019-03-15,79.44999694824219,80.33000183105469,79.31999969482422,80.27999877929688,74.72419738769531,4188400
2019-03-18,80.0999984741211,80.43000030517578,79.36000061035156,79.52999877929688,74.02611541748047,1617700
2019-03-19,79.56999969482422,79.81999969482422,78.9800033569336,79.2300033569336,73.74686431884766,1045400
2019-03-20,78.94000244140625,79.47000122070312,77.79000091552734,77.81999969482422,72.4344253540039,1131700
2019-03-21,77.5,79.06999969482422,77.5,78.9000015258789,73.43968200683594,795300
2019-03-22,78.41000366210938,79.18000030517578,78.31999969482422,78.87999725341797,73.42108154296875,992300
2019-03-25,79.05000305175781,79.13999938964844,78.44000244140625,78.5999984741211,73.16045379638672,657500
2019-03-26,79.05000305175781,79.31999969482422,78.45999908447266,78.69000244140625,73.24422454833984,876100
2019-03-27,78.56999969482422,78.87000274658203,77.86000061035156,78.22000122070312,72.80675506591797,939300
2019-03-28,78.22000122070312,78.54000091552734,76.6500015258789,77.12999725341797,71.79217529296875,1976200
2019-03-29,77.55999755859375,78.16999816894531,77.3499984741211,78.0999984741211,72.69507598876953,1856000
2019-04-01,78.75,79.11000061035156,78.36000061035156,79.02999877929688,73.56068420410156,1019400
2019-04-02,79.1500015258789,79.30999755859375,78.56999969482422,78.56999969482422,73.13253021240234,649000
2019-04-03,78.97000122070312,78.97000122070312,78.16999816894531,78.37000274658203,72.9463882446289,794800
2019-04-04,78.55999755859375,78.77999877929688,78.12000274658203,78.66999816894531,73.22561645507812,687300
2019-04-05,78.62999725341797,78.80000305175781,78.08999633789062,78.30000305175781,72.8812255859375,1124300
2019-04-08,78.27999877929688,78.31999969482422,77.83000183105469,77.95999908447266,72.56475067138672,847800
2019-04-09,77.7699966430664,78.04000091552734,77.58000183105469,77.9800033569336,72.58336639404297,1812500
2019-04-10,78.06999969482422,78.62000274658203,77.9800033569336,78.5999984741211,73.16045379638672,872300
2019-04-11,78.62999725341797,79.80000305175781,78.62999725341797,79.66999816894531,74.15640258789062,1329900
2019-04-12,80.1500015258789,80.73999786376953,80.01000213623047,80.5199966430664,74.94758605957031,909000
2019-04-15,80.5,80.7300033569336,80.12000274658203,80.61000061035156,75.03134155273438,681100
2019-04-16,80.75,81.06999969482422,80.62999725341797,80.9000015258789,75.30127716064453,670000
2019-04-17,81.05000305175781,81.05000305175781,79.25,80.26000213623047,74.70556640625,1133900
2019-04-18,80.1500015258789,80.56999969482422,79.7699966430664,80.41999816894531,74.85449981689453,1030300
2019-04-22,80.08000183105469,80.19999694824219,79.68000030517578,80.18000030517578,74.631103515625,751800
2019-04-23,80.37000274658203,81.63999938964844,80.29000091552734,81.58000183105469,75.9342269897461,1141400
2019-04-24,81.54000091552734,82.66000366210938,81.41999816894531,82.05999755859375,76.38099670410156,872300
2019-04-25,81.62000274658203,82.98999786376953,81.2699966430664,82.79000091552734,77.06047821044922,918000
2019-04-26,83.0,84.13999938964844,81.9000015258789,83.1500015258789,77.39557647705078,1369700
2019-04-29,83.33000183105469,83.9000015258789,82.86000061035156,82.94999694824219,77.20938873291016,1021600
2019-04-30,82.80000305175781,83.66999816894531,82.4000015258789,83.62000274658203,77.83305358886719,1139200
2019-05-01,83.47000122070312,83.5,82.12000274658203,82.31999969482422,76.62298583984375,972100
2019-05-02,82.37999725341797,82.95999908447266,81.88999938964844,82.88999938964844,77.153564453125,755400
2019-05-03,83.05000305175781,83.47000122070312,82.4800033569336,83.12999725341797,77.376953125,586200
2019-05-06,82.22000122070312,84.12000274658203,82.22000122070312,83.55999755859375,77.7771987915039,670500
2019-05-07,83.08999633789062,83.45999908447266,81.81999969482422,82.26000213623047,76.56716918945312,638600
2019-05-08,81.97000122070312,83.01000213623047,81.87999725341797,82.69000244140625,76.9674072265625,924200
2019-05-09,82.19000244140625,82.58999633789062,81.38999938964844,82.22000122070312,76.52993774414062,869500
2019-05-10,81.94000244140625,83.55000305175781,81.58000183105469,83.47000122070312,77.69342041015625,620500
2019-05-13,82.56999969482422,83.33999633789062,81.55999755859375,81.94999694824219,76.27860260009766,892900
2019-05-14,81.86000061035156,83.06999969482422,81.86000061035156,82.4800033569336,76.77194213867188,877700
2019-05-15,82.11000061035156,83.25,82.06999969482422,82.70999908447266,76.98600769042969,664200
2019-05-16,83.01000213623047,84.11000061035156,82.9800033569336,83.79000091552734,77.99129486083984,847200
2019-05-17,83.12999725341797,84.0999984741211,83.0,83.3499984741211,77.58173370361328,780200
2019-05-20,83.2300033569336,83.5999984741211,82.88999938964844,83.29000091552734,77.52589416503906,1146800
2019-05-21,83.62000274658203,84.1500015258789,83.62000274658203,83.8499984741211,78.047119140625,689500
2019-05-22,83.91000366210938,84.80999755859375,83.5199966430664,84.79000091552734,78.92208862304688,845500
2019-05-23,84.29000091552734,84.5,83.52999877929688,84.1500015258789,78.32636260986328,769700
2019-05-24,84.51000213623047,84.58000183105469,83.91999816894531,84.27999877929688,78.44735717773438,527000
2019-05-28,84.30999755859375,84.83999633789062,83.8499984741211,83.91000366210938,78.10296630859375,1121400
2019-05-29,83.81999969482422,84.08999633789062,83.26000213623047,84.04000091552734,78.2239761352539,526200
2019-05-30,84.2699966430664,84.68000030517578,84.01000213623047,84.4800033569336,78.6335220336914,861200
2019-05-31,84.02999877929688,84.75,83.91000366210938,84.19999694824219,78.37289428710938,852700
2019-06-03,84.19999694824219,85.69999694824219,83.68000030517578,85.58000183105469,79.65739440917969,988400
2019-06-04,86.23999786376953,86.4800033569336,84.83999633789062,85.87000274658203,79.9273452758789,1005000
2019-06-05,85.86000061035156,87.77999877929688,85.7699966430664,87.76000213623047,81.6865463256836,816400
2019-06-06,87.33999633789062,87.63999938964844,86.87000274658203,87.30999755859375,81.66781616210938,576300
2019-06-07,87.56999969482422,88.31999969482422,87.5,87.79000091552734,82.11682891845703,905600
2019-06-10,88.16000366210938,88.33999633789062,87.61000061035156,87.81999969482422,82.14488220214844,698400
2019-06-11,88.01000213623047,88.30999755859375,87.22000122070312,87.44999694824219,81.79876708984375,671200
2019-06-12,87.69000244140625,88.58000183105469,87.48999786376953,87.70999908447266,82.04197692871094,610500
2019-06-13,88.0,88.0,86.95999908447266,87.12000274658203,81.49010467529297,950300
2019-06-14,87.12000274658203,87.9000015258789,86.81999969482422,87.69999694824219,82.03262329101562,614500
2019-06-17,87.7699966430664,87.98999786376953,86.2300033569336,86.29000091552734,80.71372985839844,901900
2019-06-18,86.31999969482422,86.61000061035156,85.62999725341797,86.04000091552734,80.47989654541016,850800
2019-06-19,86.16999816894531,87.06999969482422,86.16999816894531,86.79000091552734,81.18144989013672,790200
2019-06-20,87.2300033569336,87.87000274658203,87.0199966430664,87.5,81.84555053710938,1667900
2019-06-21,87.62000274658203,87.62000274658203,86.51000213623047,86.54000091552734,80.94756317138672,1239000
2019-06-24,86.72000122070312,87.31999969482422,86.47000122070312,86.9800033569336,81.35916900634766,634700
2019-06-25,86.87999725341797,87.08999633789062,86.13999938964844,86.19999694824219,80.62955474853516,873500
2019-06-26,86.16000366210938,86.3499984741211,84.62000274658203,84.62999725341797,79.1610107421875,798200
2019-06-27,84.5999984741211,86.08999633789062,84.45999908447266,85.94000244140625,80.38636016845703,657900
2019-06-28,86.22000122070312,87.62000274658203,85.83000183105469,87.58999633789062,81.92974090576172,2352500
2019-07-01,88.05000305175781,89.45999908447266,87.79000091552734,89.44000244140625,83.66020202636719,1224700
2019-07-02,89.3499984741211,90.4800033569336,89.2300033569336,90.33000183105469,84.49267578125,1038100
2019-07-03,90.19999694824219,91.44000244140625,90.19999694824219,91.4000015258789,85.4935302734375,561700
2019-07-05,91.20999908447266,91.20999908447266,89.75,90.58999633789062,84.73587036132812,701900
2019-07-08,90.27999877929688,90.5999984741211,90.16000366210938,90.37000274658203,84.53009796142578,724700
2019-07-09,90.08999633789062,90.79000091552734,90.05999755859375,90.76000213623047,84.89488983154297,665200
2019-07-10,90.8499984741211,91.30000305175781,90.26000213623047,90.86000061035156,84.98841857910156,536200
2019-07-11,90.87000274658203,91.44000244140625,90.45999908447266,91.37999725341797,85.47480773925781,1286200
2019-07-12,91.66999816894531,91.87000274658203,90.80000305175781,91.83000183105469,85.89573669433594,1005800
2019-07-15,91.9000015258789,92.22000122070312,91.63999938964844,92.22000122070312,86.26053619384766,1125200
2019-07-16,92.29000091552734,92.37000274658203,91.76000213623047,92.19000244140625,86.23248291015625,1352800
2019-07-17,92.01000213623047,92.19999694824219,91.69000244140625,91.94999694824219,86.00799560546875,1467100
2019-07-18,92.02999877929688,92.62999725341797,91.76000213623047,92.05000305175781,86.10150146484375,1237600
2019-07-19,92.25,92.33999633789062,91.45999908447266,91.80999755859375,85.87700653076172,2409200
2019-07-22,91.73999786376953,92.41000366210938,91.0199966430664,91.25,85.35322570800781,1675600
2019-07-23,91.51000213623047,92.18000030517578,91.0199966430664,91.94999694824219,86.00799560546875,975800
2019-07-24,91.76000213623047,92.43000030517578,91.20999908447266,92.37000274658203,86.40084838867188,822900
2019-07-25,92.1500015258789,92.55999755859375,91.62000274658203,91.8499984741211,85.91444396972656,1099900
2019-07-26,91.5999984741211,92.73999786376953,90.26000213623047,92.33000183105469,86.36343383789062,1395800
2019-07-29,92.30000305175781,92.31999969482422,91.41999816894531,92.0,86.05474090576172,1100200
2019-07-30,91.62000274658203,92.16000366210938,91.30999755859375,91.80999755859375,85.87700653076172,1324800
2019-07-31,91.69999694824219,92.41999816894531,90.05999755859375,90.43000030517578,84.58619689941406,956000
2019-08-01,90.44000244140625,91.51000213623047,89.83999633789062,89.97000122070312,84.15593719482422,1160900
2019-08-02,90.04000091552734,90.45999908447266,88.98999786376953,90.08000183105469,84.25883483886719,956000
2019-08-05,89.0199966430664,89.19999694824219,85.9000015258789,86.44999694824219,80.86341094970703,1163000
2019-08-06,86.56999969482422,88.68000030517578,86.3499984741211,88.55999755859375,82.83705139160156,1103800
2019-08-07,87.62999725341797,88.98999786376953,86.8499984741211,88.33000183105469,82.6219253540039,1015400
2019-08-08,89.05999755859375,90.41000366210938,88.9000015258789,90.19999694824219,84.37105560302734,792300
2019-08-09,90.18000030517578,90.9000015258789,89.33000183105469,90.41999816894531,84.57685852050781,571600
2019-08-12,89.91000366210938,90.55999755859375,88.66000366210938,88.7300033569336,82.9960708618164,416100
2019-08-13,89.01000213623047,90.45999908447266,88.23999786376953,90.0199966430664,84.20270538330078,532500
2019-08-14,89.01000213623047,89.5999984741211,87.19999694824219,87.91999816894531,82.23839569091797,1046800
2019-08-15,88.02999877929688,88.97000122070312,87.8499984741211,88.5,82.78092956542969,570700
2019-08-16,88.98999786376953,89.86000061035156,88.36000061035156,89.72000122070312,83.92208099365234,1072800
2019-08-19,90.55000305175781,91.0999984741211,90.37999725341797,90.54000091552734,84.68909454345703,579900
2019-08-20,90.31999969482422,90.37999725341797,89.45999908447266,89.55999755859375,83.77243041992188,633500
2019-08-21,90.08000183105469,90.66000366210938,89.80000305175781,90.45999908447266,84.61426544189453,624000
2019-08-22,90.56999969482422,91.0999984741211,89.88999938964844,90.87000274658203,84.99778747558594,576200
2019-08-23,90.58999633789062,91.44999694824219,87.62999725341797,88.01000213623047,82.32260131835938,1101200
2019-08-26,88.66000366210938,89.01000213623047,87.76000213623047,88.38999938964844,82.67802429199219,1320500
2019-08-27,88.68000030517578,89.30999755859375,88.01000213623047,88.04000091552734,82.35065460205078,1174000
2019-08-28,88.05000305175781,88.37999725341797,87.43000030517578,87.9000015258789,82.2197036743164,1039200
2019-08-29,88.48999786376953,89.26000213623047,88.05000305175781,88.77999877929688,83.0428237915039,1009900
2019-08-30,89.5199966430664,91.11000061035156,89.3499984741211,90.70999908447266,84.84811401367188,1214200
2019-09-03,90.0199966430664,90.30000305175781,89.20999908447266,89.66000366210938,83.86595916748047,860900
2019-09-04,90.27999877929688,90.55999755859375,89.44000244140625,90.0199966430664,84.20270538330078,594400
2019-09-05,90.54000091552734,90.93000030517578,89.41000366210938,89.7300033569336,84.33428192138672,574600
2019-09-06,89.7699966430664,91.0,89.51000213623047,90.5,85.05797576904297,741200
2019-09-09,90.94999694824219,90.94999694824219,89.55000305175781,89.87000274658203,84.46586608886719,666700
2019-09-10,89.86000061035156,90.01000213623047,86.88999938964844,88.08000183105469,82.78349304199219,970400
2019-09-11,88.0999984741211,88.37000274658203,87.05000305175781,87.94999694824219,82.66131591796875,914800
2019-09-12,88.2699966430664,89.16000366210938,87.73999786376953,87.80999755859375,82.52972412109375,996200
2019-09-13,87.8499984741211,88.12000274658203,86.52999877929688,86.9800033569336,81.74964141845703,1111300
2019-09-16,86.44999694824219,87.61000061035156,86.20999908447266,87.55999755859375,82.29476165771484,1075900
2019-09-17,87.88999938964844,89.81999969482422,87.88999938964844,89.63999938964844,84.24968719482422,1297100
2019-09-18,89.4800033569336,90.23999786376953,88.88999938964844,89.87999725341797,84.47525787353516,755500
2019-09-19,89.95999908447266,90.44999694824219,89.38999938964844,89.47000122070312,84.08992004394531,740100
2019-09-20,89.54000091552734,89.86000061035156,88.38999938964844,88.80000305175781,83.46022033691406,1495100
2019-09-23,88.16000366210938,88.94999694824219,88.16000366210938,88.38999938964844,83.07486724853516,596500
2019-09-24,88.68000030517578,89.37000274658203,88.27999877929688,88.83999633789062,83.497802734375,863000
2019-09-25,88.79000091552734,89.26000213623047,88.5,88.94000244140625,83.59178924560547,691900
2019-09-26,89.05999755859375,90.06999969482422,88.36000061035156,89.80000305175781,84.40010070800781,659000
2019-09-27,90.44000244140625,90.44000244140625,88.19000244140625,88.80999755859375,83.4696044921875,446700
2019-09-30,89.06999969482422,89.94000244140625,88.87000274658203,89.56999969482422,84.18391418457031,540100
2019-10-01,89.98999786376953,90.01000213623047,87.86000061035156,87.94000244140625,82.65192413330078,738500
2019-10-02,87.44000244140625,87.70999908447266,85.33999633789062,86.33000183105469,81.13872528076172,775400
2019-10-03,86.26000213623047,87.16999816894531,85.4800033569336,87.11000061035156,81.87183380126953,507400
2019-10-04,87.22000122070312,89.19999694824219,87.11000061035156,89.0199966430664,83.6669692993164,590300
2019-10-07,88.55000305175781,89.2300033569336,87.80999755859375,88.55999755859375,83.23463439941406,739100
2019-10-08,87.94999694824219,88.05000305175781,86.75,86.76000213623047,81.54287719726562,997200
2019-10-09,87.5999984741211,87.83000183105469,86.5199966430664,87.31999969482422,82.06920623779297,749800
2019-10-10,87.26000213623047,88.19999694824219,86.29000091552734,87.47000122070312,82.21017456054688,796900
2019-10-11,88.2300033569336,88.69000244140625,87.94999694824219,87.9800033569336,82.68951416015625,1014700
2019-10-14,87.62999725341797,88.31999969482422,87.43000030517578,88.19000244140625,82.88688659667969,563300
2019-10-15,88.5199966430664,88.98999786376953,88.33999633789062,88.5199966430664,83.19702911376953,813900
2019-10-16,88.19000244140625,88.93000030517578,87.69000244140625,88.80999755859375,83.4696044921875,868900
2019-10-17,89.12000274658203,89.62000274658203,88.5999984741211,89.2300033569336,83.86434173583984,701400
2019-10-18,88.73999786376953,89.73999786376953,88.37000274658203,89.55000305175781,84.16510009765625,1592900
2019-10-21,89.7699966430664,90.36000061035156,89.75,90.33000183105469,84.89820861816406,818500
2019-10-22,90.30999755859375,90.80000305175781,89.58000183105469,89.68000030517578,84.28727722167969,563200
2019-10-23,89.45999908447266,90.29000091552734,89.45999908447266,90.1500015258789,84.7290267944336,801600
2019-10-24,90.41000366210938,91.41000366210938,90.1500015258789,91.20999908447266,85.72526550292969,1255800
2019-10-25,91.33999633789062,92.0,88.79000091552734,89.44999694824219,84.07111358642578,1211500
2019-10-28,89.62999725341797,90.0,88.91999816894531,89.69999694824219,84.30607604980469,1078700
2019-10-29,89.69999694824219,90.05999755859375,89.12000274658203,89.94000244140625,84.53164672851562,968900
2019-10-30,89.87000274658203,91.30999755859375,89.12000274658203,91.2699966430664,85.78166198730469,772300
2019-10-31,91.1500015258789,91.80999755859375,90.5199966430664,91.22000122070312,85.73468017578125,796300
2019-11-01,91.76000213623047,91.76000213623047,90.94999694824219,91.5199966430664,86.01663970947266,813200
2019-11-04,92.01000213623047,92.08999633789062,90.19999694824219,90.62000274658203,85.1707763671875,881600
2019-11-05,90.51000213623047,90.83000183105469,89.41999816894531,89.9800033569336,84.56925964355469,812300
2019-11-06,89.9800033569336,91.7300033569336,89.79000091552734,91.63999938964844,86.12942504882812,730600
2019-11-07,91.8499984741211,91.88999938964844,90.9800033569336,91.05000305175781,85.57491302490234,777900
2019-11-08,90.83999633789062,91.44000244140625,90.56999969482422,91.1500015258789,85.66891479492188,569200
2019-11-11,90.63999938964844,91.69999694824219,90.47000122070312,91.48999786376953,85.98844146728516,453000
2019-11-12,91.63999938964844,91.83000183105469,91.1500015258789,91.48999786376953,85.98844146728516,735400
2019-11-13,91.16000366210938,92.2699966430664,91.04000091552734,92.12000274658203,86.58055114746094,577200
2019-11-14,91.97000122070312,92.37999725341797,91.66999816894531,92.30000305175781,86.74974060058594,706300
2019-11-15,92.5,92.5,91.6500015258789,91.94000244140625,86.41139221191406,803200
2019-11-18,91.55000305175781,92.19999694824219,91.4000015258789,91.77999877929688,86.26100158691406,571200
2019-11-19,92.0999984741211,92.52999877929688,91.83999633789062,92.43000030517578,86.8719253540039,743100
2019-11-20,92.16000366210938,93.13999938964844,92.16000366210938,93.0999984741211,87.50164031982422,693000
2019-11-21,93.02999877929688,93.02999877929688,91.77999877929688,92.0999984741211,86.56175231933594,617000
2019-11-22,92.01000213623047,92.30000305175781,91.37999725341797,91.73999786376953,86.22341918945312,715900
2019-11-25,91.44000244140625,92.36000061035156,91.44000244140625,91.87000274658203,86.34559631347656,804300
2019-11-26,91.86000061035156,92.62000274658203,91.62999725341797,92.52999877929688,86.9659194946289,1125900
2019-11-27,92.94999694824219,93.41000366210938,92.33999633789062,93.30000305175781,87.68960571289062,707700
2019-11-29,93.29000091552734,93.58999633789062,93.0199966430664,93.2699966430664,87.6613998413086,392500
2019-12-02,93.55999755859375,93.55999755859375,92.2300033569336,92.2300033569336,86.68395233154297,734100
2019-12-03,91.6500015258789,91.7300033569336,90.83000183105469,91.3499984741211,85.85687255859375,676600
2019-12-04,91.2300033569336,92.72000122070312,91.05999755859375,92.58000183105469,87.01289367675781,1036600
2019-12-05,92.47000122070312,93.02999877929688,91.93000030517578,92.9000015258789,87.72109985351562,576900
2019-12-06,93.55999755859375,94.2300033569336,93.05000305175781,93.75,88.5237045288086,655700
2019-12-09,93.73999786376953,94.30999755859375,93.19999694824219,94.1500015258789,88.90141296386719,898500
2019-12-10,94.04000091552734,94.5199966430664,93.7699966430664,93.87999725341797,88.64644622802734,655500
2019-12-11,93.94999694824219,94.47000122070312,93.76000213623047,94.44000244140625,89.17523193359375,514300
2019-12-12,94.66000366210938,95.23999786376953,94.27999877929688,94.62000274658203,89.34520721435547,670000
2019-12-13,94.0199966430664,94.76000213623047,93.62999725341797,94.44999694824219,89.18468475341797,605300
2019-12-16,94.87999725341797,95.47000122070312,94.19999694824219,95.0199966430664,89.72290802001953,919900
2019-12-17,95.05999755859375,95.76000213623047,93.91000366210938,95.66999816894531,90.336669921875,937800
2019-12-18,95.66999816894531,95.66999816894531,94.16999816894531,94.43000030517578,89.16580963134766,743800
2019-12-19,94.80999755859375,95.33999633789062,94.08999633789062,95.30999755859375,89.99674224853516,758900
2019-12-20,95.81999969482422,96.19999694824219,95.37999725341797,95.41999816894531,90.1006088256836,1685600
2019-12-23,95.7699966430664,95.87000274658203,94.08999633789062,94.26000213623047,89.00529479980469,660500
2019-12-24,94.36000061035156,94.63999938964844,94.19000244140625,94.55999755859375,89.2885513305664,299000
2019-12-26,94.62000274658203,94.9800033569336,94.19999694824219,94.55000305175781,89.27912139892578,305000
2019-12-27,94.68000030517578,94.93000030517578,94.36000061035156,94.75,89.46797180175781,559100
2019-12-30,94.93000030517578,94.93000030517578,94.3499984741211,94.9000015258789,89.60960388183594,409500
2019-12-31,94.91000366210938,95.30999755859375,94.80999755859375,95.2300033569336,89.92120361328125,638100
2020-01-02,95.61000061035156,95.86000061035156,94.62000274658203,95.51000213623047,90.18557739257812,724500
2020-01-03,94.5,95.5199966430664,94.29000091552734,95.30999755859375,89.99674224853516,678200
2020-01-06,95.05000305175781,95.75,94.52999877929688,95.75,90.41221618652344,1024700
2020-01-07,95.55999755859375,95.75,94.66000366210938,94.72000122070312,89.43964385986328,627500
2020-01-08,94.75,95.77999877929688,94.69999694824219,94.8499984741211,89.56239318847656,795700
2020-01-09,95.30000305175781,95.94999694824219,95.1500015258789,95.77999877929688,90.44053649902344,635500
2020-01-10,95.83000183105469,96.18000030517578,95.33000183105469,95.44000244140625,90.11947631835938,675200
2020-01-13,95.47000122070312,95.75,95.02999877929688,95.37000274658203,90.05340576171875,556900
2020-01-14,95.16000366210938,95.51000213623047,94.83000183105469,95.08999633789062,89.78900909423828,673800
2020-01-15,94.97000122070312,95.98999786376953,94.7699966430664,95.80999755859375,90.4688720703125,618400
2020-01-16,96.19000244140625,96.43000030517578,95.76000213623047,96.05000305175781,90.69548034667969,633300
2020-01-17,96.33000183105469,96.69999694824219,96.12000274658203,96.44999694824219,91.07318878173828,629100
2020-01-21,96.16999816894531,96.5,96.06999969482422,96.19000244140625,90.82769775390625,495700
2020-01-22,96.30000305175781,96.69000244140625,96.05999755859375,96.2699966430664,90.90322875976562,568300
2020-01-23,95.83999633789062,97.16999816894531,95.26000213623047,96.98999786376953,91.58308410644531,782800
2020-01-24,97.2300033569336,97.30000305175781,96.2300033569336,96.86000061035156,91.46033477783203,479500
2020-01-27,95.80000305175781,96.98999786376953,95.77999877929688,96.19000244140625,90.82769775390625,700400
2020-01-28,96.58000183105469,98.93000030517578,96.25,98.37000274658203,92.88615417480469,822100
2020-01-29,98.76000213623047,99.44999694824219,98.43000030517578,98.81999969482422,93.31107330322266,506400
2020-01-30,98.31999969482422,100.36000061035156,97.4800033569336,100.19999694824219,94.61414337158203,942300
2020-01-31,103.0,105.66999816894531,102.2699966430664,102.56999969482422,96.85200500488281,1874400
2020-02-03,103.23999786376953,104.66000366210938,103.12999725341797,104.26000213623047,98.44779968261719,1035700
2020-02-04,104.80000305175781,105.4000015258789,104.01000213623047,104.69999694824219,98.86328125,915100
2020-02-05,105.36000061035156,105.48999786376953,104.51000213623047,105.08000183105469,99.22211456298828,696200
2020-02-06,105.2300033569336,105.61000061035156,104.97000122070312,105.12000274658203,99.25985717773438,773800
2020-02-07,105.12000274658203,105.7699966430664,104.80000305175781,104.93000030517578,99.0804443359375,578100
2020-02-10,104.7300033569336,106.79000091552734,104.6500015258789,106.77999877929688,100.82730865478516,591500
2020-02-11,107.19999694824219,107.94000244140625,107.0,107.4000015258789,101.41275787353516,680400
2020-02-12,107.16000366210938,107.75,106.55000305175781,106.6500015258789,100.70458221435547,640700
2020-02-13,106.5999984741211,108.25,106.44000244140625,108.19999694824219,102.16816711425781,424500
2020-02-14,108.20999908447266,109.19000244140625,108.05000305175781,109.16000366210938,103.07465362548828,606400
2020-02-18,109.12000274658203,109.45999908447266,108.12999725341797,108.51000213623047,102.46086883544922,612400
2020-02-19,108.73999786376953,109.13999938964844,108.16000366210938,108.77999877929688,102.71582794189453,565500
2020-02-20,108.51000213623047,108.51000213623047,106.63999938964844,108.16999816894531,102.13983917236328,689400
2020-02-21,107.88999938964844,108.19999694824219,106.73999786376953,107.83000183105469,101.81879425048828,800500
2020-02-24,106.80999755859375,107.76000213623047,105.81999969482422,106.20999908447266,100.28911590576172,799200
2020-02-25,106.58999633789062,106.5999984741211,103.62999725341797,103.87000274658203,98.07955169677734,1006000
2020-02-26,104.38999938964844,105.52999877929688,103.4000015258789,103.83999633789062,98.05122375488281,2081000
2020-02-27,102.69999694824219,103.3499984741211,99.02999877929688,99.08000183105469,93.55657958984375,1357500
2020-02-28,96.91999816894531,98.0,93.91000366210938,97.48999786376953,92.0551986694336,2218700
2020-03-02,97.81999969482422,103.58999633789062,97.81999969482422,103.51000213623047,97.7396240234375,1815500
2020-03-03,103.22000122070312,104.36000061035156,99.55999755859375,100.69000244140625,95.07682037353516,1063300
2020-03-04,102.66999816894531,106.30000305175781,102.16999816894531,106.20999908447266,100.28911590576172,1324200
2020-03-05,103.62999725341797,104.16000366210938,100.77999877929688,102.11000061035156,96.82791137695312,1070200
2020-03-06,98.61000061035156,101.26000213623047,97.0999984741211,100.83999633789062,95.62361145019531,860700
2020-03-09,94.04000091552734,95.61000061035156,90.62999725341797,94.13999938964844,89.27021026611328,1554600
2020-03-10,96.80999755859375,98.3499984741211,93.02999877929688,97.55999755859375,92.51329040527344,1762800
2020-03-11,95.0,96.61000061035156,93.31999969482422,94.9800033569336,90.06675720214844,1474800
2020-03-12,88.87999725341797,92.55000305175781,79.77999877929688,86.16999816894531,81.71247863769531,1636600
2020-03-13,90.43000030517578,91.0199966430664,83.13999938964844,90.05999755859375,85.4012451171875,1826200
2020-03-16,75.12000274658203,85.7300033569336,75.0,79.8499984741211,75.71939849853516,1607000
2020-03-17,82.70999908447266,87.58000183105469,79.75,85.45999908447266,81.03919219970703,1999100
2020-03-18,80.0999984741211,81.43000030517578,65.08999633789062,72.44000244140625,68.69271087646484,1722400
2020-03-19,71.66999816894531,72.12999725341797,67.4000015258789,68.55000305175781,65.00395965576172,2039700
2020-03-20,68.7300033569336,73.91000366210938,66.9000015258789,71.58000183105469,67.87721252441406,2402000
2020-03-23,71.56999969482422,71.98999786376953,66.04000091552734,68.23999786376953,64.7099838256836,1672400
2020-03-24,71.2300033569336,78.06999969482422,70.37000274658203,77.2699966430664,73.27286529541016,1364300
2020-03-25,76.1500015258789,81.47000122070312,75.29000091552734,77.20999908447266,73.21598815917969,2309300
2020-03-26,78.27999877929688,81.06999969482422,76.2699966430664,80.77999877929688,76.6012954711914,1634300
2020-03-27,77.87999725341797,83.0999984741211,77.68000030517578,80.16999816894531,76.02284240722656,1122100
2020-03-30,81.3499984741211,83.47000122070312,78.58999633789062,83.22000122070312,78.91507720947266,989200
2020-03-31,82.2300033569336,83.4800033569336,80.97000122070312,81.51000213623047,77.2935562133789,1693100
2020-04-01,78.12000274658203,79.6500015258789,75.62999725341797,77.0,73.01683044433594,1603900
2020-04-02,76.18000030517578,79.05999755859375,75.56999969482422,78.76000213623047,74.68579864501953,1651600
2020-04-03,77.5999984741211,78.81999969482422,74.5199966430664,76.26000213623047,72.31510925292969,2491400
2020-04-06,79.69000244140625,83.0,77.45999908447266,82.20999908447266,77.95732116699219,1483200
2020-04-07,84.80999755859375,86.9800033569336,81.83000183105469,82.27999877929688,78.02371215820312,1753900
2020-04-08,83.02999877929688,85.62000274658203,81.76000213623047,85.04000091552734,80.64093780517578,1187700
2020-04-09,85.9000015258789,88.3499984741211,85.37000274658203,86.83999633789062,82.34780883789062,1374600
2020-04-13,85.4800033569336,86.22000122070312,82.75,83.56999969482422,79.24698638916016,983200
2020-04-14,85.66000366210938,88.30000305175781,85.0,86.54000091552734,82.06334686279297,1552400
2020-04-15,84.5,86.4800033569336,82.87999725341797,83.6500015258789,79.32283020019531,1593700
2020-04-16,83.8499984741211,84.23999786376953,80.55999755859375,80.79000091552734,76.61078643798828,1100000
2020-04-17,83.29000091552734,84.05999755859375,81.6500015258789,83.5999984741211,79.2754135131836,1602500
2020-04-20,83.2300033569336,83.41999816894531,80.16999816894531,80.77999877929688,76.6012954711914,1240300
2020-04-21,78.72000122070312,79.93000030517578,77.02999877929688,77.54000091552734,73.5289077758789,1211800
2020-04-22,78.91999816894531,79.3499984741211,76.77999877929688,77.58999633789062,73.57633209228516,1187500
2020-04-23,77.75,78.0199966430664,74.51000213623047,74.81999969482422,70.94961547851562,1045300
2020-04-24,75.31999969482422,75.8499984741211,73.66000366210938,75.27999877929688,71.38579559326172,1169500
2020-04-27,75.87000274658203,77.76000213623047,75.73999786376953,77.37999725341797,73.37716674804688,1048800
2020-04-28,78.47000122070312,79.5999984741211,76.75,77.22000122070312,73.22547912597656,1386300
2020-04-29,78.88999938964844,80.5999984741211,77.4800033569336,79.66999816894531,75.54871368408203,2055300
2020-04-30,78.37999725341797,79.55999755859375,77.94000244140625,78.5,74.43922424316406,2421300
2020-05-01,78.5,80.44999694824219,76.26000213623047,77.51000213623047,73.50045776367188,1848600
2020-05-04,77.02999877929688,80.56999969482422,76.44000244140625,80.13999938964844,75.99440002441406,1312100
2020-05-05,80.5199966430664,83.63999938964844,80.0999984741211,83.12999725341797,78.82972717285156,1845100
2020-05-06,84.16000366210938,84.36000061035156,80.23999786376953,80.44999694824219,76.28836059570312,1444300
2020-05-07,81.4800033569336,85.94000244140625,81.4800033569336,85.37999725341797,80.9633560180664,1508900
2020-05-08,86.36000061035156,86.48999786376953,85.08000183105469,86.4000015258789,81.93059539794922,1097900
2020-05-11,85.72000122070312,87.9800033569336,84.9000015258789,86.86000061035156,82.36678314208984,804700
2020-05-12,87.0199966430664,87.80999755859375,86.41000366210938,87.02999877929688,82.52799224853516,1322400
2020-05-13,86.1500015258789,86.80999755859375,83.7699966430664,85.83000183105469,81.39006042480469,1577900
2020-05-14,84.80000305175781,87.13999938964844,84.05000305175781,86.48999786376953,82.01593017578125,1406000
2020-05-15,85.55999755859375,87.48999786376953,85.05999755859375,87.2300033569336,82.71764373779297,2523000
2020-05-18,90.05999755859375,90.87000274658203,89.48999786376953,90.30000305175781,85.62884521484375,1140100
2020-05-19,89.79000091552734,91.16000366210938,89.79000091552734,90.22000122070312,85.552978515625,1019300
2020-05-20,90.91000366210938,91.58999633789062,90.01000213623047,90.69000244140625,85.99867248535156,1008900
2020-05-21,90.13999938964844,91.22000122070312,89.66999816894531,91.0,86.29261779785156,938900
2020-05-22,90.95999908447266,91.16999816894531,89.9000015258789,91.0999984741211,86.38744354248047,900200
2020-05-26,92.69000244140625,93.44000244140625,91.62000274658203,92.37999725341797,87.60124206542969,1229800
2020-05-27,94.05999755859375,94.5,92.8499984741211,93.81999969482422,88.96674346923828,1007100
2020-05-28,95.0,95.0,93.29000091552734,94.0,89.13743591308594,1131200
2020-05-29,93.62000274658203,94.94999694824219,93.06999969482422,94.27999877929688,89.40293884277344,1389600
2020-06-01,94.37999725341797,95.0199966430664,93.58000183105469,94.45999908447266,89.57366180419922,946900
2020-06-02,94.62000274658203,95.9800033569336,94.25,95.5,90.55984497070312,962500
2020-06-03,96.36000061035156,98.0999984741211,96.13999938964844,97.94999694824219,92.88311767578125,792500
2020-06-04,96.55999755859375,98.45999908447266,95.7699966430664,98.19999694824219,93.54995727539062,766300
2020-06-05,100.83999633789062,101.54000091552734,99.01000213623047,100.44999694824219,95.69341278076172,1379400
2020-06-08,99.6500015258789,101.9000015258789,99.27999877929688,101.9000015258789,97.07475280761719,1349400
2020-06-09,101.0,102.05000305175781,99.51000213623047,101.1500015258789,96.36027526855469,1229000
2020-06-10,100.81999969482422,102.25,100.38999938964844,100.41000366210938,95.65531921386719,1168300
2020-06-11,98.55999755859375,98.55999755859375,94.0999984741211,94.47000122070312,89.99658966064453,2108000
2020-06-12,97.16000366210938,97.16000366210938,93.86000061035156,95.31999969482422,90.80632781982422,1968600
2020-06-15,93.0199966430664,96.08000183105469,92.48999786376953,95.12999725341797,90.62532806396484,2044000
2020-06-16,98.12999725341797,98.12999725341797,95.05999755859375,95.6500015258789,91.12071228027344,1285600
2020-06-17,96.13999938964844,99.36000061035156,95.87000274658203,98.3499984741211,93.6928482055664,1207800
2020-06-18,98.3499984741211,100.58000183105469,98.2699966430664,99.16999816894531,94.47402954101562,890700
2020-06-19,100.91000366210938,101.0,94.73999786376953,94.73999786376953,90.2538070678711,2929200
2020-06-22,94.97000122070312,97.16999816894531,94.73999786376953,96.73999786376953,92.15909576416016,1120900
2020-06-23,97.79000091552734,98.37999725341797,96.91999816894531,97.5199966430664,92.90215301513672,771400
2020-06-24,96.30999755859375,96.47000122070312,94.16999816894531,94.77999877929688,90.29190063476562,1011100
2020-06-25,94.75,97.48999786376953,93.87000274658203,97.27999877929688,92.67353057861328,871000
2020-06-26,96.6500015258789,97.91999816894531,95.95999908447266,96.66999816894531,92.09239959716797,2072700
2020-06-29,97.5,97.5,94.97000122070312,95.66999816894531,91.13975524902344,721100
2020-06-30,95.58000183105469,98.08000183105469,95.26000213623047,97.48999786376953,92.87357330322266,633300
2020-07-01,97.87000274658203,98.29000091552734,96.91000366210938,97.3499984741211,92.74021911621094,714700
2020-07-02,98.70999908447266,98.91999816894531,96.95999908447266,97.33999633789062,92.73067474365234,684700
2020-07-06,99.0,99.0,96.55000305175781,96.87999725341797,92.29247283935547,809200
2020-07-07,97.58999633789062,98.83999633789062,97.22000122070312,97.66999816894531,93.04505157470703,684600
2020-07-08,98.0,98.62000274658203,97.41000366210938,98.37000274658203,93.7119140625,727900
2020-07-09,98.55000305175781,98.68000030517578,96.0,97.58999633789062,92.96884155273438,710600
2020-07-10,97.77999877929688,99.23999786376953,97.33000183105469,99.13999938964844,94.44544982910156,593800
2020-07-13,99.69999694824219,100.05000305175781,97.83999633789062,98.22000122070312,93.56901550292969,730500
2020-07-14,98.27999877929688,101.16999816894531,98.27999877929688,101.06999969482422,96.2840576171875,868500
2020-07-15,102.05999755859375,102.1500015258789,100.76000213623047,101.48999786376953,96.68416595458984,768100
2020-07-16,101.2300033569336,102.95999908447266,100.63999938964844,102.55000305175781,97.69397735595703,820400
2020-07-17,102.95999908447266,104.05000305175781,102.41000366210938,103.55000305175781,98.64662170410156,857300
2020-07-20,103.13999938964844,104.44999694824219,103.13999938964844,104.12999725341797,99.19916534423828,636000
2020-07-21,104.44999694824219,105.22000122070312,103.5999984741211,104.04000091552734,99.11343383789062,800500
2020-07-22,104.05999755859375,104.69999694824219,103.25,104.44999694824219,99.50399780273438,672900
2020-07-23,104.66000366210938,105.38999938964844,103.58999633789062,104.02999877929688,99.10389709472656,622100
2020-07-24,104.26000213623047,104.47000122070312,103.55999755859375,103.93000030517578,99.00863647460938,552800
2020-07-27,104.13999938964844,104.13999938964844,102.83000183105469,103.52999877929688,98.62757873535156,665300
2020-07-28,103.80999755859375,104.04000091552734,102.58999633789062,103.76000213623047,98.8466796875,1018600
2020-07-29,103.56999969482422,104.91999816894531,103.22000122070312,104.80000305175781,99.83743286132812,1635300
2020-07-30,103.2300033569336,105.1500015258789,102.98999786376953,104.56999969482422,99.61831665039062,815000
2020-07-31,106.0,108.98999786376953,105.45999908447266,107.48999786376953,102.40003967285156,1009800
2020-08-03,106.51000213623047,107.81999969482422,105.75,106.08999633789062,101.06632995605469,861700
2020-08-04,106.22000122070312,106.51000213623047,104.54000091552734,105.44000244140625,100.44713592529297,931400
2020-08-05,105.55000305175781,106.05999755859375,105.0199966430664,105.5,100.50428771972656,936600
2020-08-06,105.36000061035156,106.13999938964844,104.91999816894531,105.55999755859375,100.56145477294922,591800
2020-08-07,105.26000213623047,106.91000366210938,105.22000122070312,106.80999755859375,101.75225067138672,654500
2020-08-10,106.77999877929688,107.97000122070312,106.12999725341797,107.44000244140625,102.35242462158203,870200
2020-08-11,108.0199966430664,108.66999816894531,107.19000244140625,107.37000274658203,102.2857437133789,740800
2020-08-12,108.25,109.33999633789062,106.87000274658203,106.95999908447266,101.89514923095703,664900
2020-08-13,106.54000091552734,107.51000213623047,106.36000061035156,107.19000244140625,102.11425018310547,470500
2020-08-14,107.13999938964844,108.02999877929688,106.56999969482422,106.98999786376953,101.9237289428711,511900
2020-08-17,106.62999725341797,107.80000305175781,106.2300033569336,106.6500015258789,101.59983825683594,909400
2020-08-18,106.48999786376953,107.77999877929688,106.41999816894531,107.37999725341797,102.29525756835938,590400
2020-08-19,108.0,108.22000122070312,106.44000244140625,106.62000274658203,101.57125091552734,554700
2020-08-20,106.13999938964844,107.05000305175781,105.52999877929688,106.37000274658203,101.33309936523438,498200
2020-08-21,103.16999816894531,104.47000122070312,102.7300033569336,103.47000122070312,98.5704116821289,1267500
2020-08-24,103.70999908447266,104.06999969482422,102.56999969482422,104.0199966430664,99.09436798095703,1143200
2020-08-25,104.72000122070312,105.55999755859375,103.88999938964844,104.2699966430664,99.33251190185547,910300
2020-08-26,103.94000244140625,104.80000305175781,103.31999969482422,104.47000122070312,99.52306365966797,1382300
2020-08-27,104.9000015258789,106.26000213623047,104.68000030517578,106.0,100.98059844970703,698900
2020-08-28,106.43000030517578,106.52999877929688,104.38999938964844,105.05000305175781,100.07559204101562,674700
2020-08-31,104.95999908447266,105.83000183105469,104.4000015258789,105.30000305175781,100.31375122070312,1150300
2020-09-01,105.69999694824219,105.7300033569336,104.83999633789062,105.69000244140625,100.68529510498047,748800
2020-09-02,105.69000244140625,107.76000213623047,105.3499984741211,107.3499984741211,102.26668548583984,806900
2020-09-03,107.63999938964844,108.02999877929688,103.9000015258789,104.58000183105469,100.04723358154297,612400
2020-09-04,105.51000213623047,105.87999725341797,102.47000122070312,103.68000030517578,99.1862564086914,731500
2020-09-08,103.22000122070312,103.22000122070312,100.31999969482422,101.08000183105469,96.69893646240234,826800
2020-09-09,101.7699966430664,104.31999969482422,101.7699966430664,103.2300033569336,98.7557601928711,657200
2020-09-10,103.30999755859375,103.79000091552734,101.62000274658203,101.93000030517578,97.51210021972656,1160400
2020-09-11,102.44999694824219,102.7699966430664,101.22000122070312,101.79000091552734,97.3781509399414,548300
2020-09-14,102.38999938964844,103.12999725341797,102.19999694824219,102.61000061035156,98.16261291503906,1010600
2020-09-15,102.69000244140625,103.8499984741211,102.61000061035156,102.9800033569336,98.51658630371094,658300
2020-09-16,103.33999633789062,104.37999725341797,102.83000183105469,103.04000091552734,98.57398223876953,873800
2020-09-17,102.4800033569336,104.02999877929688,102.0,103.70999908447266,99.2149429321289,1177100
2020-09-18,103.70999908447266,105.69000244140625,103.66000366210938,104.20999908447266,99.6932601928711,1533000
2020-09-21,102.45999908447266,104.13999938964844,102.16000366210938,104.11000061035156,99.59761047363281,1537700
2020-09-22,103.83000183105469,105.5,102.95999908447266,104.29000091552734,99.7697982788086,1236200
2020-09-23,104.0999984741211,105.12999725341797,101.97000122070312,102.36000061035156,97.92345428466797,1709400
2020-09-24,102.41999816894531,103.81999969482422,101.66000366210938,102.44999694824219,98.00955200195312,656100
2020-09-25,102.08000183105469,103.18000030517578,101.36000061035156,102.97000122070312,98.50702667236328,623500
2020-09-28,103.95999908447266,105.41999816894531,103.26000213623047,104.95999908447266,100.41075897216797,629300
2020-09-29,104.68000030517578,105.44000244140625,104.3499984741211,104.7699966430664,100.22900390625,504300
2020-09-30,105.26000213623047,106.45999908447266,104.55000305175781,105.58000183105469,101.00389862060547,1197900
2020-10-01,105.83000183105469,106.45999908447266,104.55000305175781,105.61000061035156,101.03257751464844,745000
2020-10-02,104.52999877929688,106.94000244140625,103.94999694824219,106.20999908447266,101.60659790039062,535600
2020-10-05,106.72000122070312,107.6500015258789,106.4000015258789,107.05999755859375,102.41973114013672,558000
2020-10-06,107.7300033569336,108.05999755859375,105.38999938964844,105.76000213623047,101.17609405517578,591300
2020-10-07,106.54000091552734,107.22000122070312,105.66999816894531,106.41999816894531,101.8074951171875,531600
2020-10-08,106.66000366210938,107.79000091552734,106.37000274658203,107.11000061035156,102.46756744384766,463100
2020-10-09,107.5199966430664,108.83999633789062,107.47000122070312,108.55000305175781,103.84516143798828,448100
2020-10-12,108.55000305175781,109.94000244140625,108.4000015258789,109.51000213623047,104.76356506347656,628000
2020-10-13,109.68000030517578,110.55999755859375,107.91999816894531,108.66999816894531,103.9599609375,1033600
2020-10-14,108.9800033569336,109.94000244140625,107.80999755859375,107.83000183105469,103.15637969970703,894500
2020-10-15,107.06999969482422,108.5199966430664,106.66000366210938,108.16000366210938,103.47208404541016,687100
2020-10-16,108.44999694824219,109.70999908447266,108.30000305175781,108.7699966430664,104.05563354492188,575100
2020-10-19,109.05000305175781,109.54000091552734,106.86000061035156,107.05999755859375,102.41973114013672,769300
2020-10-20,108.04000091552734,109.0,107.29000091552734,107.5199966430664,102.85980987548828,576700
2020-10-21,107.66999816894531,108.87000274658203,107.47000122070312,107.62000274658203,102.95547485351562,518400
2020-10-22,107.37999725341797,108.61000061035156,106.79000091552734,107.76000213623047,103.08940124511719,418800
2020-10-23,107.94999694824219,108.31999969482422,107.38999938964844,107.91999816894531,103.24246978759766,561500
2020-10-26,106.9000015258789,107.02999877929688,104.81999969482422,106.16000366210938,101.55875396728516,670900
2020-10-27,106.58000183105469,107.37000274658203,105.48999786376953,105.56999969482422,100.99432373046875,959400
2020-10-28,104.20999908447266,105.29000091552734,103.54000091552734,104.30999755859375,99.78895568847656,1996300
2020-10-29,103.66000366210938,104.54000091552734,101.94999694824219,103.0,98.53571319580078,1484900
2020-10-30,102.44000244140625,105.37000274658203,102.02999877929688,103.70999908447266,99.2149429321289,1528000
2020-11-02,105.1500015258789,106.98999786376953,104.11000061035156,106.52999877929688,101.9127197265625,1092700
2020-11-03,107.93000030517578,109.0,106.7300033569336,107.98999786376953,103.30943298339844,845900
2020-11-04,107.33000183105469,113.6500015258789,106.83000183105469,111.75,106.9064712524414,1209100
2020-11-05,112.56999969482422,113.11000061035156,109.61000061035156,109.7699966430664,105.01228332519531,877300
2020-11-06,110.44000244140625,111.55000305175781,109.75,110.51000213623047,105.72023010253906,736000
2020-11-09,116.30999755859375,118.38999938964844,109.88999938964844,109.9800033569336,105.21318817138672,1797000
2020-11-10,110.31999969482422,114.45999908447266,110.0,113.63999938964844,108.71454620361328,1135000
2020-11-11,114.08999633789062,114.61000061035156,113.29000091552734,114.16999816894531,109.22158813476562,743600
2020-11-12,112.70999908447266,113.5999984741211,112.41000366210938,113.1500015258789,108.24578094482422,569900
2020-11-13,113.33999633789062,115.83999633789062,113.31999969482422,115.70999908447266,110.69483947753906,605500
2020-11-16,116.5999984741211,117.4800033569336,115.7300033569336,117.43000030517578,112.34029388427734,704600
2020-11-17,116.7300033569336,117.75,115.5,117.08000183105469,112.00544738769531,1040300
2020-11-18,117.33000183105469,117.58999633789062,114.9800033569336,115.44999694824219,110.44609069824219,726800
2020-11-19,114.98999786376953,116.31999969482422,114.25,116.04000091552734,111.01053619384766,648700
2020-11-20,116.26000213623047,117.12000274658203,115.22000122070312,115.55000305175781,110.54178619384766,1937400
2020-11-23,116.0199966430664,116.6500015258789,114.41999816894531,115.41000366210938,110.40782928466797,784400
2020-11-24,116.12000274658203,117.33999633789062,115.31999969482422,116.41999816894531,111.37406921386719,1141700
2020-11-25,116.12000274658203,116.37000274658203,113.88999938964844,116.06999969482422,111.03923034667969,1236600
2020-11-27,115.97000122070312,116.5,114.56999969482422,115.86000061035156,110.83833312988281,342400
2020-11-30,115.55999755859375,116.12000274658203,115.02999877929688,115.41000366210938,110.40782928466797,928700
2020-12-01,116.38999938964844,116.75,115.81999969482422,116.70999908447266,111.6514892578125,672800
2020-12-02,116.62000274658203,117.18000030517578,115.69000244140625,116.43000030517578,111.38363647460938,536100
2020-12-03,115.80999755859375,116.2699966430664,115.16999816894531,115.7699966430664,111.18196105957031,702900
2020-12-04,115.61000061035156,116.36000061035156,115.3499984741211,116.0199966430664,111.42204284667969,556700
2020-12-07,115.9800033569336,117.0,115.54000091552734,116.0,111.40283203125,762600
2020-12-08,114.95999908447266,117.36000061035156,114.83000183105469,116.9000015258789,112.26716613769531,775000
2020-12-09,117.19999694824219,117.72000122070312,116.37999725341797,117.4800033569336,112.82417297363281,850200
2020-12-10,117.2699966430664,119.69000244140625,116.8499984741211,119.51000213623047,114.77373504638672,1170800
2020-12-11,119.0,121.2699966430664,118.80000305175781,119.94000244140625,115.18669891357422,995800
2020-12-14,120.66999816894531,122.01000213623047,119.87999725341797,120.5,115.72449493408203,1112100
2020-12-15,121.4800033569336,123.91000366210938,121.4800033569336,123.62999725341797,118.73043823242188,928400
2020-12-16,124.44000244140625,126.70999908447266,124.30999755859375,126.44999694824219,121.43871307373047,981400
2020-12-17,127.16000366210938,129.1199951171875,126.76000213623047,128.19000244140625,123.10974884033203,1015100
2020-12-18,128.0800018310547,128.5,124.81999969482422,125.31999969482422,120.35348510742188,1484500
2020-12-21,124.69999694824219,125.0,121.68000030517578,125.0,120.04615020751953,847300
2020-12-22,124.81999969482422,124.81999969482422,123.56999969482422,123.80999755859375,118.90330505371094,729800
2020-12-23,124.12999725341797,124.73999786376953,123.0,123.04000091552734,118.16382598876953,480500
2020-12-24,123.0199966430664,123.69000244140625,122.6500015258789,123.41999816894531,118.52877807617188,223000
2020-12-28,124.12999725341797,124.4000015258789,122.70999908447266,123.02999877929688,118.15422058105469,368500
2020-12-29,123.41999816894531,123.44000244140625,121.2699966430664,121.52999877929688,116.71367645263672,549500
2020-12-30,122.12000274658203,122.66000366210938,121.56999969482422,121.69999694824219,116.87693786621094,426600
2020-12-31,121.95999908447266,123.9000015258789,121.13999938964844,123.70999908447266,118.8072738647461,487900
2021-01-04,123.63999938964844,123.70999908447266,119.12000274658203,120.23999786376953,115.47480773925781,800700
2021-01-05,120.41999816894531,120.87000274658203,118.87000274658203,119.44000244140625,114.70650482177734,602300
2021-01-06,119.8499984741211,122.19999694824219,119.1500015258789,121.93000030517578,117.09783172607422,864600
2021-01-07,122.56999969482422,123.62999725341797,121.7699966430664,122.33000183105469,117.48196411132812,742300
2021-01-08,117.9000015258789,122.83000183105469,117.9000015258789,120.8499984741211,116.06062316894531,824200
2021-01-11,119.66999816894531,120.56999969482422,118.02999877929688,118.45999908447266,113.76534271240234,691800
2021-01-12,118.31999969482422,119.16999816894531,117.83000183105469,118.54000091552734,113.84217834472656,741600
2021-01-13,117.93000030517578,118.97000122070312,116.55000305175781,117.93000030517578,113.25634002685547,957700
2021-01-14,118.0199966430664,118.12000274658203,115.94000244140625,116.01000213623047,111.41243743896484,892100
2021-01-15,115.80999755859375,116.5199966430664,115.25,116.11000061035156,111.50846862792969,867200
2021-01-19,115.94999694824219,117.91000366210938,115.01000213623047,117.4000015258789,112.74734497070312,899800
2021-01-20,117.52999877929688,119.7300033569336,117.16000366210938,119.47000122070312,114.73530578613281,574700
2021-01-21,119.16999816894531,120.1500015258789,118.83999633789062,119.08999633789062,114.37037658691406,679000
2021-01-22,118.83999633789062,119.19000244140625,117.48999786376953,117.83999633789062,113.1698989868164,715300
2021-01-25,117.58000183105469,119.29000091552734,117.08000183105469,118.29000091552734,113.60208892822266,697100
2021-01-26,118.2300033569336,118.94999694824219,117.06999969482422,117.41000366210938,112.7569580078125,887600
2021-01-27,116.12999725341797,116.79000091552734,112.91999816894531,113.11000061035156,108.62738800048828,1746100
2021-01-28,115.16000366210938,116.68000030517578,114.05000305175781,115.51000213623047,110.93226623535156,1156300
2021-01-29,114.86000061035156,118.02999877929688,113.30000305175781,115.41000366210938,110.83619689941406,1314600
2021-02-01,114.37000274658203,116.31999969482422,114.12999725341797,115.19000244140625,110.62495422363281,841000
2021-02-02,116.18000030517578,118.45999908447266,116.18000030517578,117.68000030517578,113.01626586914062,702700
2021-02-03,117.44999694824219,118.16999816894531,115.72000122070312,116.2300033569336,111.62372589111328,639400
2021-02-04,116.41999816894531,117.33000183105469,115.5199966430664,116.36000061035156,111.74855041503906,858600
2021-02-05,117.4800033569336,119.56999969482422,117.0,118.4000015258789,113.70772552490234,800500
2021-02-08,118.6500015258789,119.11000061035156,116.86000061035156,117.68000030517578,113.01626586914062,980200
2021-02-09,117.62000274658203,118.0,116.69999694824219,116.91000366210938,112.27677917480469,698500
2021-02-10,117.8499984741211,118.29000091552734,116.69000244140625,117.16999816894531,112.52645111083984,795000
2021-02-11,117.05000305175781,118.0999984741211,115.69999694824219,116.33000183105469,111.71976470947266,758900
2021-02-12,115.97000122070312,116.83999633789062,115.97000122070312,116.68000030517578,112.05589294433594,675800
2021-02-16,117.0,118.30999755859375,116.72000122070312,117.66999816894531,113.00663757324219,825400
2021-02-17,116.91000366210938,118.0999984741211,116.91000366210938,117.66000366210938,112.99703979492188,673700
2021-02-18,117.54000091552734,118.66999816894531,116.77999877929688,118.62000274658203,113.91899108886719,918000
2021-02-19,119.12000274658203,120.83000183105469,118.86000061035156,120.18000030517578,115.41718292236328,882100
2021-02-22,119.38999938964844,121.12000274658203,118.83999633789062,120.9000015258789,116.10865020751953,876600
2021-02-23,121.58999633789062,123.93000030517578,120.0999984741211,123.12999725341797,118.25027465820312,884400
2021-02-24,122.83999633789062,125.37999725341797,122.83999633789062,123.79000091552734,118.88412475585938,1177900
2021-02-25,123.93000030517578,123.9800033569336,121.41999816894531,121.41999816894531,116.60802459716797,750300
2021-02-26,121.75,122.04000091552734,119.75,119.80000305175781,115.05224609375,904000
2021-03-01,120.20999908447266,123.12999725341797,120.20999908447266,122.30000305175781,117.45316314697266,601300
2021-03-02,122.11000061035156,122.44999694824219,120.25,121.69999694824219,116.87693786621094,798300
2021-03-03,121.4000015258789,123.98999786376953,121.4000015258789,122.0,117.16505432128906,1113400
2021-03-04,121.37999725341797,122.33999633789062,119.91999816894531,120.55999755859375,116.23946380615234,1632600
2021-03-05,121.5,124.33000183105469,120.51000213623047,124.11000061035156,119.66224670410156,1289000
2021-03-08,124.63999938964844,127.58999633789062,124.12999725341797,125.33000183105469,120.8385238647461,1034500
2021-03-09,124.4800033569336,126.36000061035156,124.37999725341797,124.73999786376953,120.26966094970703,790300
2021-03-10,124.95999908447266,125.88999938964844,124.2699966430664,125.25,120.7613754272461,609800
2021-03-11,124.62999725341797,125.16999816894531,123.69000244140625,124.44000244140625,119.98040008544922,589900
2021-03-12,125.25,126.25,124.86000061035156,126.1500015258789,121.6291275024414,472500
2021-03-15,126.0999984741211,127.33000183105469,125.7300033569336,127.20999908447266,122.65113067626953,708500
2021-03-16,126.9000015258789,128.50999450683594,126.43000030517578,127.9000015258789,123.31641387939453,819200
2021-03-17,128.1699981689453,128.99000549316406,127.18000030517578,128.42999267578125,123.8274154663086,1323200
2021-03-18,129.0,129.0,126.25,126.58000183105469,122.04373168945312,1454400
2021-03-19,126.23999786376953,126.83000183105469,121.19999694824219,121.44000244140625,117.0879135131836,3122400
2021-03-22,120.04000091552734,122.3499984741211,120.04000091552734,122.05000305175781,117.67606353759766,1148200
2021-03-23,122.26000213623047,123.04000091552734,121.69999694824219,122.55000305175781,118.15814971923828,878400
2021-03-24,122.44999694824219,125.33000183105469,122.43000030517578,124.22000122070312,119.76829528808594,900600
2021-03-25,124.91999816894531,125.41000366210938,123.05000305175781,124.95999908447266,120.48177337646484,794100
2021-03-26,125.0199966430664,125.77999877929688,123.83000183105469,125.69999694824219,121.19524383544922,507800
2021-03-29,125.0,126.94000244140625,124.72000122070312,126.83999633789062,122.29439544677734,536500
2021-03-30,126.36000061035156,126.8499984741211,125.27999877929688,125.62999725341797,121.12775421142578,510500
2021-03-31,125.51000213623047,126.08000183105469,124.62000274658203,124.7699966430664,120.29857635498047,974600
2021-04-01,124.91000366210938,126.68000030517578,124.20999908447266,126.61000061035156,122.0726318359375,844300
2021-04-05,127.0,128.3300018310547,126.9000015258789,128.3000030517578,123.70208740234375,457000
2021-04-06,128.77999877929688,130.1199951171875,128.24000549316406,130.00999450683594,125.35081481933594,931100
2021-04-07,129.6300048828125,130.3699951171875,128.69000244140625,129.8300018310547,125.17726135253906,1046000
2021-04-08,129.89999389648438,132.3800048828125,129.7100067138672,132.3699951171875,127.626220703125,882400
2021-04-09,133.1199951171875,133.66000366210938,132.5,132.5500030517578,127.79976654052734,766200
2021-04-12,132.33999633789062,132.75999450683594,131.42999267578125,132.35000610351562,127.60693359375,557800
2021-04-13,132.30999755859375,134.69000244140625,131.47000122070312,133.9499969482422,129.14956665039062,552500
2021-04-14,133.75999450683594,134.6300048828125,132.47999572753906,132.97999572753906,128.21432495117188,575800
2021-04-15,133.44000244140625,135.13999938964844,133.44000244140625,135.05999755859375,130.21981811523438,650100
2021-04-16,135.86000061035156,137.44000244140625,134.8000030517578,136.8000030517578,131.89747619628906,776000
2021-04-19,136.27000427246094,136.61000061035156,134.83999633789062,136.25999450683594,131.37681579589844,625500
2021-04-20,136.47000122070312,137.33999633789062,135.9199981689453,136.25999450683594,131.37681579589844,579300
2021-04-21,136.57000732421875,137.2899932861328,135.8300018310547,137.1699981689453,132.25421142578125,438000
2021-04-22,137.0,137.16000366210938,135.66000366210938,136.25,131.3671417236328,407600
2021-04-23,136.5,138.3000030517578,136.27000427246094,137.94000244140625,132.99659729003906,564400
2021-04-26,138.2100067138672,138.2100067138672,135.69000244140625,135.8300018310547,130.96221923828125,740500
2021-04-27,136.22999572753906,138.72000122070312,135.97000122070312,138.58999633789062,133.62332153320312,802600
2021-04-28,138.58999633789062,140.30999755859375,138.4199981689453,140.05999755859375,135.0406494140625,907600
2021-04-29,140.49000549316406,141.55999755859375,140.10000610351562,140.75,135.70587158203125,690800
2021-04-30,141.8000030517578,145.60000610351562,140.69000244140625,144.9499969482422,139.75537109375,1040800
2021-05-03,144.44000244140625,145.64999389648438,142.8300018310547,145.05999755859375,139.8614501953125,840100
2021-05-04,144.50999450683594,145.6699981689453,143.92999267578125,145.5,140.28567504882812,863100
2021-05-05,145.41000366210938,147.55999755859375,144.6699981689453,147.4600067138672,142.17543029785156,622200
2021-05-06,148.0,149.39999389648438,147.60000610351562,148.83999633789062,143.50599670410156,1095300
2021-05-07,148.25,151.3699951171875,148.08999633789062,151.16000366210938,145.74285888671875,644800
2021-05-10,152.4600067138672,154.02999877929688,150.72999572753906,150.7899932861328,145.38609313964844,806300
2021-05-11,150.72000122070312,150.77000427246094,147.74000549316406,148.4600067138672,143.1396026611328,756300
2021-05-12,148.0,148.67999267578125,143.75,143.86000061035156,138.7044677734375,2069600
2021-05-13,143.3699951171875,146.64999389648438,143.0,145.86000061035156,140.63278198242188,5178900
2021-05-14,146.75,148.5800018310547,146.3699951171875,147.3000030517578,142.02114868164062,4210100
2021-05-17,145.80999755859375,147.55999755859375,145.64999389648438,146.5,141.2498321533203,1498000
2021-05-18,147.11000061035156,147.7100067138672,145.8800048828125,147.05999755859375,141.78976440429688,1393800
2021-05-19,146.25999450683594,146.47999572753906,143.9499969482422,145.38999938964844,140.17962646484375,1476000
2021-05-20,146.02000427246094,147.1699981689453,145.25999450683594,146.63999938964844,141.38485717773438,1037300
2021-05-21,146.5399932861328,147.19000244140625,144.07000732421875,144.89999389648438,139.70716857910156,1108700
2021-05-24,145.7100067138672,146.30999755859375,145.0,145.08999633789062,139.89036560058594,1039500
2021-05-25,145.39999389648438,145.69000244140625,144.3699951171875,144.39999389648438,139.22509765625,1338300
2021-05-26,144.69000244140625,145.9600067138672,143.9199981689453,145.14999389648438,139.9481964111328,1707100
2021-05-27,145.74000549316406,146.63999938964844,144.47999572753906,146.35000610351562,141.105224609375,1663800
2021-05-28,147.0,147.19000244140625,146.0500030517578,146.61000061035156,141.35586547851562,915900
2021-06-01,147.57000732421875,148.2100067138672,145.89999389648438,146.52999877929688,141.27877807617188,1203400
2021-06-02,146.5500030517578,147.38999938964844,145.52000427246094,146.64999389648438,141.39447021484375,909300
2021-06-03,145.97999572753906,146.92999267578125,144.41000366210938,144.5800018310547,139.85641479492188,1828700
2021-06-04,145.25,145.64999389648438,143.8699951171875,144.8699951171875,140.136962890625,1223100
2021-06-07,144.92999267578125,145.2100067138672,143.3699951171875,143.5399932861328,138.85035705566406,1461800
2021-06-08,143.36000061035156,144.41000366210938,143.1199951171875,144.0,139.2953338623047,1762300
2021-06-09,144.0,144.75,143.75,144.38999938964844,139.672607421875,572700
2021-06-10,145.17999267578125,145.7100067138672,144.2899932861328,144.3300018310547,139.61460876464844,606500
2021-06-11,144.47999572753906,145.16000366210938,143.97000122070312,144.61000061035156,139.8854217529297,1022200
2021-06-14,144.16000366210938,144.47999572753906,143.5500030517578,144.4600067138672,139.74034118652344,845300
2021-06-15,144.5800018310547,145.38999938964844,143.64999389648438,144.5399932861328,139.81768798828125,923100
2021-06-16,144.9499969482422,145.89999389648438,141.6300048828125,141.8000030517578,137.16725158691406,2489800
2021-06-17,141.8699951171875,142.36000061035156,137.7100067138672,139.39999389648438,134.84564208984375,2348500
2021-06-18,139.36000061035156,139.4199981689453,137.25,137.55999755859375,133.0657501220703,2316100
2021-06-21,138.24000549316406,139.66000366210938,137.77999877929688,139.66000366210938,135.09715270996094,1388300
2021-06-22,139.82000732421875,141.24000549316406,139.44000244140625,140.2100067138672,135.62918090820312,1222100
2021-06-23,140.10000610351562,141.0,139.47000122070312,140.42999267578125,135.8419952392578,1208600
2021-06-24,140.8300018310547,140.83999633789062,139.42999267578125,140.33999633789062,135.7549285888672,744600
2021-06-25,140.3300018310547,141.9600067138672,140.22000122070312,141.89999389648438,137.26393127441406,607100
2021-06-28,141.9600067138672,141.9600067138672,140.35000610351562,140.67999267578125,136.08380126953125,763800
2021-06-29,141.07000732421875,141.85000610351562,140.75999450683594,141.1999969482422,136.58680725097656,688400
2021-06-30,141.08999633789062,141.42999267578125,139.25,140.0800018310547,135.50343322753906,915300
2021-07-01,140.44000244140625,141.0399932861328,139.9600067138672,140.4199981689453,135.8323211669922,990400
2021-07-02,140.6199951171875,140.6199951171875,139.72000122070312,140.3000030517578,135.7162322998047,939700
2021-07-06,141.02000427246094,141.02999877929688,139.97999572753906,140.9600067138672,136.3546905517578,998800
2021-07-07,140.60000610351562,142.02000427246094,140.60000610351562,141.83999633789062,137.20591735839844,664900
2021-07-08,140.75,140.9199981689453,138.49000549316406,138.82000732421875,134.28460693359375,987300
2021-07-09,140.13999938964844,140.52000427246094,139.60000610351562,140.5,135.90968322753906,991700
2021-07-12,140.32000732421875,141.75,140.27000427246094,140.97999572753906,136.37399291992188,789300
2021-07-13,140.92999267578125,140.92999267578125,138.92999267578125,139.13999938964844,134.59413146972656,485400
2021-07-14,139.02999877929688,139.61000061035156,138.38999938964844,138.89999389648438,134.3619842529297,695800
2021-07-15,138.0,140.8300018310547,138.0,140.13999938964844,135.56146240234375,597100
2021-07-16,140.3300018310547,140.82000732421875,139.6699981689453,139.9199981689453,135.34866333007812,494500
2021-07-19,138.6999969482422,138.8300018310547,135.5,136.63999938964844,132.17581176757812,900000
2021-07-20,137.17999267578125,139.82000732421875,136.69000244140625,139.27000427246094,134.7198944091797,1080700
2021-07-21,139.89999389648438,146.97999572753906,139.2899932861328,140.85000610351562,136.24830627441406,1420700
2021-07-22,140.9499969482422,142.52999877929688,140.9499969482422,142.11000061035156,137.4671173095703,938100
2021-07-23,142.16000366210938,143.30999755859375,142.1199951171875,143.0500030517578,138.3763885498047,539500
2021-07-26,139.0,141.3699951171875,138.61000061035156,140.22000122070312,135.6388702392578,1746900
2021-07-27,139.11000061035156,141.14999389648438,138.6300048828125,140.3300018310547,135.7452850341797,1497500
2021-07-28,139.99000549316406,139.99000549316406,137.2100067138672,137.50999450683594,133.0173797607422,1170000
2021-07-29,138.66000366210938,139.97000122070312,137.9600067138672,139.50999450683594,134.95204162597656,1147500
2021-07-30,139.83999633789062,141.97000122070312,139.13999938964844,139.30999755859375,134.7585906982422,1434600
2021-08-02,139.8300018310547,141.16000366210938,138.92999267578125,139.17999267578125,134.6328125,996300
2021-08-03,139.69000244140625,140.24000549316406,138.25,138.5500030517578,134.02342224121094,1044800
2021-08-04,138.19000244140625,139.02999877929688,136.9199981689453,136.9499969482422,132.47569274902344,767900
2021-08-05,137.86000061035156,138.7100067138672,137.25999450683594,138.6199951171875,134.0911102294922,757200
2021-08-06,139.47000122070312,139.77000427246094,138.3699951171875,139.05999755859375,134.51675415039062,870700
2021-08-09,139.25,140.35000610351562,138.5399932861328,140.30999755859375,135.72592163085938,1054800
2021-08-10,140.60000610351562,141.0399932861328,140.16000366210938,140.8800048828125,136.27728271484375,873200
2021-08-11,141.42999267578125,143.4600067138672,141.42999267578125,142.27999877929688,137.6315460205078,1117100
2021-08-12,142.6999969482422,142.77999877929688,140.83999633789062,141.52000427246094,136.8963623046875,927600
2021-08-13,142.19000244140625,142.47999572753906,140.2899932861328,140.3000030517578,135.7162322998047,1627800
2021-08-16,140.3000030517578,143.22999572753906,139.75999450683594,142.92999267578125,138.2603302001953,1583200
2021-08-17,142.0399932861328,142.7899932861328,141.02000427246094,141.6999969482422,137.07049560546875,821800
2021-08-18,141.17999267578125,142.5,140.7100067138672,141.1300048828125,136.51913452148438,1183800
2021-08-19,140.41000366210938,142.4199981689453,140.41000366210938,142.0,137.3607177734375,1351000
2021-08-20,142.35000610351562,143.92999267578125,141.72000122070312,143.0,138.32803344726562,1086100
2021-08-23,143.3699951171875,144.50999450683594,143.0500030517578,143.10000610351562,138.4247283935547,947600
2021-08-24,143.32000732421875,144.00999450683594,142.67999267578125,143.39999389648438,138.71495056152344,909300
2021-08-25,143.27000427246094,143.39999389648438,142.1999969482422,142.91000366210938,138.240966796875,666600
2021-08-26,142.77000427246094,143.1199951171875,142.16000366210938,142.74000549316406,138.0765380859375,640700
2021-08-27,143.00999450683594,143.8699951171875,142.74000549316406,143.75999450683594,139.06317138671875,874700
2021-08-30,144.07000732421875,144.72000122070312,143.3300018310547,143.4499969482422,138.76333618164062,586700
2021-08-31,143.4499969482422,144.47999572753906,142.89999389648438,143.6199951171875,138.92774963378906,1375600
2021-09-01,143.8000030517578,144.97000122070312,142.88999938964844,144.44000244140625,139.7209930419922,1068100
2021-09-02,144.69000244140625,145.8300018310547,144.6199951171875,145.82000732421875,141.52621459960938,1037800
2021-09-03,145.47999572753906,146.5,144.8699951171875,145.49000549316406,141.20591735839844,1114600
2021-09-07,145.38999938964844,145.5399932861328,143.64999389648438,143.69000244140625,139.45892333984375,725100
2021-09-08,143.60000610351562,144.77999877929688,143.5500030517578,144.5,140.2450714111328,1442700
2021-09-09,144.9199981689453,146.77000427246094,144.80999755859375,145.38999938964844,141.10887145996094,836800
2021-09-10,145.9199981689453,145.99000549316406,144.02000427246094,144.0800018310547,139.83746337890625,1301500
2021-09-13,145.1300048828125,145.5,142.52999877929688,144.42999267578125,140.1771240234375,1132500
2021-09-14,144.67999267578125,145.27999877929688,142.6300048828125,145.0,140.73037719726562,1457200
2021-09-15,145.77999877929688,150.5500030517578,144.52000427246094,150.19000244140625,145.76754760742188,1831500
2021-09-16,150.07000732421875,150.5800018310547,148.8300018310547,149.8000030517578,145.38902282714844,909100
2021-09-17,150.3699951171875,151.57000732421875,147.9600067138672,148.38999938964844,144.0205535888672,2601600
2021-09-20,146.39999389648438,147.25999450683594,144.77999877929688,146.08999633789062,141.7882537841797,1236400
2021-09-21,146.9199981689453,149.22000122070312,146.42999267578125,148.5,144.12728881835938,1034300
2021-09-22,150.0,152.39999389648438,148.85000610351562,151.38999938964844,146.93215942382812,1335600
2021-09-23,151.64999389648438,153.27999877929688,151.64999389648438,152.25999450683594,147.77658081054688,749500
2021-09-24,152.27999877929688,154.36000061035156,152.00999450683594,154.0399932861328,149.50416564941406,959700
2021-09-27,154.1300048828125,154.1999969482422,151.72000122070312,152.39999389648438,147.91244506835938,675700
2021-09-28,151.8699951171875,152.24000549316406,149.1999969482422,149.8000030517578,145.38902282714844,809400
2021-09-29,150.6300048828125,151.9199981689453,150.00999450683594,150.88999938964844,146.44691467285156,518500
2021-09-30,151.67999267578125,152.3300018310547,148.58999633789062,148.64999389648438,144.2728729248047,1024100
2021-10-01,149.32000732421875,153.72000122070312,148.63999938964844,152.44000244140625,147.95127868652344,680800
2021-10-04,152.72000122070312,153.75,149.0399932861328,149.24000549316406,144.8455047607422,1153300
2021-10-05,149.89999389648438,152.63999938964844,149.13999938964844,151.85000610351562,147.378662109375,932000
2021-10-06,150.47000122070312,153.0500030517578,149.8800048828125,152.8300018310547,148.3297882080078,784600
2021-10-07,153.60000610351562,154.9199981689453,153.17999267578125,153.42999267578125,148.91212463378906,1007200
2021-10-08,153.8000030517578,156.08999633789062,153.50999450683594,155.66000366210938,151.07647705078125,1350300
2021-10-11,155.9600067138672,158.22000122070312,155.52000427246094,156.9199981689453,152.2993621826172,1087600
2021-10-12,156.8000030517578,158.92999267578125,156.64999389648438,157.1999969482422,152.5710906982422,921700
2021-10-13,157.17999267578125,158.75,155.42999267578125,158.52000427246094,153.85226440429688,913200
2021-10-14,159.8300018310547,162.0399932861328,159.61000061035156,161.6699981689453,156.90951538085938,920600
2021-10-15,162.39999389648438,164.0800018310547,161.77999877929688,162.8800048828125,158.0838623046875,846700
2021-10-18,161.91000366210938,162.52999877929688,160.3000030517578,160.61000061035156,155.88070678710938,770300
2021-10-19,161.86000061035156,162.60000610351562,160.97000122070312,161.97000122070312,157.20066833496094,750300
2021-10-20,161.8000030517578,162.92999267578125,161.77999877929688,162.49000549316406,157.7053680419922,621200
2021-10-21,162.9199981689453,163.8800048828125,161.67999267578125,163.4600067138672,158.6468048095703,959100
2021-10-22,163.88999938964844,165.75,163.52999877929688,165.1699981689453,160.3064422607422,509000
2021-10-25,165.69000244140625,165.99000549316406,164.0500030517578,164.25,159.4135284423828,632800
2021-10-26,164.4499969482422,165.1300048828125,162.94000244140625,164.19000244140625,159.3553009033203,797900
2021-10-27,164.35000610351562,165.5,161.89999389648438,162.1999969482422,157.42388916015625,1235500
2021-10-28,162.60000610351562,164.17999267578125,162.07000732421875,164.1199951171875,159.287353515625,908200
2021-10-29,164.3699951171875,168.32000732421875,163.0500030517578,167.6699981689453,162.73281860351562,1142500
2021-11-01,167.7899932861328,168.5,162.07000732421875,162.47999572753906,157.6956787109375,757000
2021-11-02,162.77999877929688,164.36000061035156,162.3000030517578,163.0500030517578,158.24887084960938,987800
2021-11-03,162.3800048828125,162.42999267578125,159.5,161.30999755859375,156.5601043701172,877500
2021-11-04,161.38999938964844,161.4499969482422,159.8800048828125,160.77999877929688,156.0457000732422,927600
2021-11-05,161.86000061035156,162.0500030517578,158.61000061035156,160.25999450683594,155.541015625,1115800
2021-11-08,161.22999572753906,161.35000610351562,158.82000732421875,160.91000366210938,156.171875,910900
2021-11-09,160.89999389648438,162.1999969482422,160.19000244140625,161.55999755859375,156.802734375,608000
2021-11-10,161.7100067138672,162.6999969482422,160.58999633789062,161.19000244140625,156.4436492919922,429100
2021-11-11,161.0399932861328,162.77000427246094,160.2100067138672,162.6999969482422,157.90914916992188,513900
2021-11-12,163.0399932861328,165.8800048828125,163.0,165.72999572753906,160.84994506835938,875200
2021-11-15,166.41000366210938,166.67999267578125,164.69000244140625,165.3800048828125,160.51025390625,732000
2021-11-16,165.50999450683594,167.58999633789062,165.50999450683594,166.77000427246094,161.8593292236328,937500
2021-11-17,166.5,166.7100067138672,163.75,164.91000366210938,160.05409240722656,1008700
2021-11-18,165.0500030517578,165.0500030517578,162.44000244140625,162.80999755859375,158.0159149169922,592600
2021-11-19,163.44000244140625,165.14999389648438,162.4199981689453,163.41000366210938,158.59829711914062,1227800
2021-11-22,163.6300048828125,166.72000122070312,161.74000549316406,164.8000030517578,159.9473419189453,935000
2021-11-23,165.49000549316406,165.80999755859375,162.97999572753906,164.77999877929688,159.92791748046875,1029800
2021-11-24,164.52999877929688,167.14999389648438,164.0,166.4199981689453,161.51963806152344,744100
2021-11-26,162.39999389648438,164.00999450683594,160.02000427246094,163.13999938964844,158.3362274169922,729900
2021-11-29,164.9199981689453,165.52999877929688,162.89999389648438,164.80999755859375,159.95704650878906,1064600
2021-11-30,163.67999267578125,165.77999877929688,161.9600067138672,162.89999389648438,158.103271484375,1810800
2021-12-01,165.27999877929688,167.47999572753906,162.2100067138672,162.3300018310547,157.55006408691406,938200
2021-12-02,162.9199981689453,167.1999969482422,161.86000061035156,166.52000427246094,162.0959930419922,989300
2021-12-03,167.10000610351562,167.5800018310547,163.6300048828125,165.47999572753906,161.08363342285156,723600
2021-12-06,166.72000122070312,169.38999938964844,166.25999450683594,167.4499969482422,163.00128173828125,1064300
2021-12-07,168.75,171.17999267578125,168.30999755859375,169.67999267578125,165.17202758789062,901800
2021-12-08,170.1199951171875,170.75,167.6699981689453,169.24000549316406,164.7437286376953,838400
2021-12-09,168.72999572753906,169.35000610351562,167.5,167.67999267578125,163.2251739501953,715200
2021-12-10,168.85000610351562,169.72000122070312,167.6699981689453,169.60000610351562,165.09414672851562,906900
2021-12-13,169.44000244140625,170.0,167.7899932861328,168.80999755859375,164.3251495361328,957100
2021-12-14,168.5399932861328,168.5399932861328,162.75,166.6199951171875,162.19332885742188,1314600
2021-12-15,166.42999267578125,167.88999938964844,163.3800048828125,167.61000061035156,163.1570587158203,1311900
2021-12-16,167.5,168.61000061035156,164.99000549316406,166.0500030517578,161.63848876953125,1195200
2021-12-17,165.66000366210938,166.27999877929688,163.52999877929688,164.39999389648438,160.03233337402344,1801900
2021-12-20,162.91000366210938,164.66000366210938,161.1300048828125,164.25999450683594,159.89601135253906,1139200
2021-12-21,165.16000366210938,165.77000427246094,162.05999755859375,163.97000122070312,159.61376953125,1100100
2021-12-22,163.8000030517578,165.49000549316406,163.2100067138672,165.22000122070312,160.8305206298828,937800
2021-12-23,166.0,167.55999755859375,165.63999938964844,166.4499969482422,162.02786254882812,510900
2021-12-27,167.02000427246094,170.67999267578125,166.83999633789062,170.44000244140625,165.91184997558594,483100
2021-12-28,170.42999267578125,171.2100067138672,169.07000732421875,169.32000732421875,164.82162475585938,443200
2021-12-29,169.72999572753906,170.6300048828125,169.1300048828125,169.80999755859375,165.298583984375,350500
2021-12-30,170.47999572753906,171.2100067138672,168.58999633789062,168.75999450683594,164.27647399902344,327200
2021-12-31,168.7100067138672,170.66000366210938,168.2899932861328,169.6699981689453,165.1623077392578,336200
2022-01-03,169.2899932861328,169.99000549316406,165.58999633789062,166.7100067138672,162.2809295654297,701600
2022-01-04,167.0,168.2100067138672,165.7100067138672,167.42999267578125,162.9818115234375,925100
2022-01-05,168.0,168.97000122070312,164.08999633789062,164.2899932861328,159.92523193359375,900500
2022-01-06,164.85000610351562,166.49000549316406,163.52999877929688,166.0800018310547,161.66769409179688,723700
2022-01-07,166.3800048828125,166.69000244140625,163.74000549316406,165.36000061035156,160.96681213378906,975300
2022-01-10,165.0500030517578,165.2100067138672,160.32000732421875,162.42999267578125,158.11463928222656,1022800
2022-01-11,163.02000427246094,163.83999633789062,159.60000610351562,163.75,159.3995819091797,871600
2022-01-12,164.02000427246094,166.2899932861328,163.9499969482422,165.72999572753906,161.3269805908203,693500
2022-01-13,166.02999877929688,166.30999755859375,161.77999877929688,162.4499969482422,158.13412475585938,859100
2022-01-14,161.42999267578125,161.42999267578125,155.49000549316406,157.6999969482422,153.5102996826172,1201900
2022-01-18,156.3800048828125,157.3000030517578,153.52000427246094,155.5800018310547,151.4466552734375,844100
2022-01-19,156.72000122070312,157.44000244140625,154.52999877929688,154.58999633789062,150.48292541503906,967500
2022-01-20,155.72999572753906,157.9199981689453,155.30999755859375,155.6699981689453,151.5342559814453,1191300
2022-01-21,155.6300048828125,156.57000732421875,153.97000122070312,154.1699981689453,150.0740966796875,1090900
2022-01-24,153.52999877929688,156.55999755859375,150.66000366210938,156.2899932861328,152.1377716064453,1687500
2022-01-25,154.64999389648438,155.35000610351562,152.22999572753906,153.1999969482422,149.12986755371094,2143200
2022-01-26,154.80999755859375,155.97999572753906,152.02999877929688,153.17999267578125,149.11041259765625,1443800
2022-01-27,154.35000610351562,155.17999267578125,147.32000732421875,149.3300018310547,145.3626708984375,1638200
2022-01-28,149.82000732421875,154.99000549316406,147.72999572753906,154.5399932861328,150.43426513671875,1567100
2022-01-31,153.60000610351562,158.25,153.5800018310547,157.94000244140625,153.74395751953125,1556300
2022-02-01,157.8699951171875,158.80999755859375,154.17999267578125,156.85000610351562,152.68289184570312,788000
2022-02-02,156.67999267578125,157.85000610351562,156.27000427246094,157.08999633789062,152.91650390625,1215100
2022-02-03,156.5399932861328,157.6999969482422,154.0399932861328,154.4499969482422,150.34666442871094,871200
2022-02-04,153.74000549316406,157.86000061035156,153.74000549316406,156.27999877929688,152.1280517578125,603400
2022-02-07,156.19000244140625,158.13999938964844,155.57000732421875,156.36000061035156,152.20594787597656,683400
2022-02-08,156.02000427246094,157.4199981689453,153.6699981689453,157.07000732421875,152.8970489501953,1309800
2022-02-09,158.7100067138672,161.4600067138672,158.39999389648438,160.5,156.2359161376953,1029500
2022-02-10,158.0,161.4600067138672,157.5,158.80999755859375,154.5908203125,1280500
2022-02-11,159.07000732421875,159.9600067138672,154.77000427246094,155.64999389648438,151.5147705078125,1002300
2022-02-14,155.52999877929688,155.9600067138672,151.74000549316406,153.35000610351562,149.27590942382812,1209300
2022-02-15,155.0,156.58999633789062,153.83999633789062,155.38999938964844,151.26170349121094,720600
2022-02-16,154.8699951171875,156.72000122070312,154.00999450683594,156.2100067138672,152.05990600585938,548400
2022-02-17,155.44000244140625,155.6999969482422,153.02999877929688,153.5,149.42189025878906,579900
2022-02-18,153.4499969482422,155.13999938964844,153.07000732421875,154.27999877929688,150.18116760253906,745000
2022-02-22,154.52999877929688,155.55999755859375,152.22999572753906,153.72999572753906,149.64578247070312,986400
2022-02-23,153.99000549316406,155.8000030517578,151.47999572753906,151.67999267578125,147.65025329589844,1120700
2022-02-24,149.0500030517578,154.8699951171875,148.02999877929688,154.4199981689453,150.3174591064453,897200
2022-02-25,154.8699951171875,159.60000610351562,154.61000061035156,159.3000030517578,155.0677947998047,1208800
2022-02-28,156.52000427246094,159.10000610351562,155.8800048828125,158.19000244140625,153.9873046875,970000
2022-03-01,157.7100067138672,157.97999572753906,155.52000427246094,156.10000610351562,151.95281982421875,1067400
2022-03-02,157.8000030517578,159.5399932861328,156.44000244140625,158.77999877929688,154.56161499023438,828500
2022-03-03,159.35000610351562,159.9199981689453,156.75999450683594,158.41000366210938,154.6983184814453,702300
2022-03-04,157.5399932861328,160.00999450683594,155.7100067138672,159.8699951171875,156.1240997314453,853500
2022-03-07,158.86000061035156,159.7100067138672,153.67999267578125,154.5500030517578,150.9287872314453,1194700
2022-03-08,154.47999572753906,155.32000732421875,148.52000427246094,150.1300048828125,146.6123504638672,1229900
2022-03-09,153.16000366210938,159.3699951171875,153.16000366210938,155.94000244140625,152.2862091064453,1720100
2022-03-10,153.3300018310547,156.3800048828125,153.24000549316406,155.0399932861328,151.4073028564453,1431800
2022-03-11,155.6300048828125,156.72000122070312,153.61000061035156,153.6199951171875,150.02056884765625,624500
2022-03-14,155.16000366210938,156.52999877929688,153.6300048828125,154.74000549316406,151.1143341064453,911300
2022-03-15,155.13999938964844,159.00999450683594,153.00999450683594,158.55999755859375,154.84483337402344,1034100
2022-03-16,158.77999877929688,163.4600067138672,158.0,162.6699981689453,158.8585205078125,997400
2022-03-17,162.52000427246094,165.16000366210938,162.22999572753906,165.13999938964844,161.27064514160156,964000
2022-03-18,166.00999450683594,167.7899932861328,164.24000549316406,167.3699951171875,163.4484100341797,1435700
2022-03-21,167.32000732421875,168.25999450683594,165.8699951171875,166.6199951171875,162.71597290039062,739600
2022-03-22,166.77000427246094,168.02999877929688,165.6199951171875,167.60000610351562,163.67298889160156,898400
2022-03-23,166.9499969482422,167.60000610351562,163.6199951171875,164.07000732421875,160.22573852539062,1191700
2022-03-24,164.47000122070312,167.27000427246094,164.22000122070312,166.27000427246094,162.37416076660156,551200
2022-03-25,166.35000610351562,168.4199981689453,165.61000061035156,168.05999755859375,164.12225341796875,472900
2022-03-28,168.2899932861328,170.3800048828125,167.3699951171875,170.3300018310547,166.33905029296875,614400
2022-03-29,172.02000427246094,173.11000061035156,171.49000549316406,172.75999450683594,168.71212768554688,709700
2022-03-30,172.77999877929688,173.94000244140625,172.14999389648438,173.8000030517578,169.72776794433594,701300
2022-03-31,174.0500030517578,177.1199951171875,173.82000732421875,174.60000610351562,170.50900268554688,1178400
2022-04-01,175.22999572753906,177.25,174.64999389648438,176.39999389648438,172.26681518554688,799800
2022-04-04,176.17999267578125,176.19000244140625,172.6699981689453,173.9199981689453,169.8449249267578,715800
2022-04-05,173.85000610351562,177.38999938964844,173.85000610351562,174.8699951171875,170.77264404296875,871700
2022-04-06,174.47000122070312,179.1199951171875,174.1699981689453,179.0500030517578,174.854736328125,1055900
2022-04-07,178.91000366210938,181.64999389648438,177.9199981689453,181.4499969482422,177.198486328125,1016800
2022-04-08,181.5,183.85000610351562,180.5,183.19000244140625,178.89773559570312,1224400
2022-04-11,183.0,183.8800048828125,181.05999755859375,183.22000122070312,178.92701721191406,1183800
2022-04-12,183.5500030517578,184.9199981689453,179.8699951171875,180.25,176.02662658691406,1080600
2022-04-13,179.75999450683594,181.42999267578125,178.74000549316406,181.00999450683594,176.76881408691406,798500
2022-04-14,181.42999267578125,182.49000549316406,180.52000427246094,180.61000061035156,176.37818908691406,663400
2022-04-18,180.1699981689453,181.52999877929688,178.91000366210938,180.17999267578125,175.958251953125,686800
2022-04-19,180.50999450683594,180.9199981689453,176.83999633789062,179.5,175.29415893554688,1423300
2022-04-20,180.5500030517578,184.4199981689453,180.5500030517578,183.89999389648438,179.59107971191406,1184400
2022-04-21,185.0,187.02000427246094,183.41000366210938,184.14999389648438,179.8352508544922,896200
2022-04-22,182.61000061035156,183.60000610351562,177.9199981689453,178.02999877929688,173.858642578125,971600
2022-04-25,177.39999389648438,179.3000030517578,174.0500030517578,178.88999938964844,174.69845581054688,1245500
2022-04-26,178.0800018310547,178.27000427246094,173.49000549316406,173.52000427246094,169.4542999267578,673000
2022-04-27,173.47000122070312,176.72999572753906,173.27999877929688,175.39999389648438,171.29026794433594,898900
2022-04-28,176.60000610351562,179.4499969482422,174.75,179.3300018310547,175.128173828125,964100
2022-04-29,176.32000732421875,176.32000732421875,168.1300048828125,168.49000549316406,164.54214477539062,1906800
2022-05-02,171.6999969482422,172.82000732421875,162.6999969482422,165.85000610351562,161.96400451660156,1482500
2022-05-03,166.9199981689453,169.92999267578125,165.1199951171875,165.50999450683594,161.63197326660156,953900
2022-05-04,165.0500030517578,170.6199951171875,163.60000610351562,170.3699951171875,166.3781280517578,739100
2022-05-05,168.72000122070312,169.52999877929688,163.27999877929688,164.99000549316406,161.12416076660156,819800
2022-05-06,163.8000030517578,165.6199951171875,161.77999877929688,164.47999572753906,160.62608337402344,944500
2022-05-09,162.97000122070312,162.97000122070312,159.52999877929688,160.19000244140625,156.4366455078125,1005200
2022-05-10,162.36000061035156,163.1699981689453,157.7100067138672,158.25,154.54209899902344,1745700
2022-05-11,157.86000061035156,161.25,157.32000732421875,157.77999877929688,154.08309936523438,911400
2022-05-12,157.3300018310547,159.4499969482422,154.77000427246094,157.47999572753906,153.79010009765625,809800
2022-05-13,158.63999938964844,162.67999267578125,158.1999969482422,162.02000427246094,158.2237548828125,947900
2022-05-16,161.91000366210938,162.5500030517578,160.60000610351562,161.13999938964844,157.3643798828125,634000
2022-05-17,162.77000427246094,164.66000366210938,161.77000427246094,164.1699981689453,160.3233642578125,1129800
2022-05-18,162.9199981689453,163.4600067138672,156.36000061035156,156.7100067138672,153.03819274902344,674800
2022-05-19,155.32000732421875,156.61000061035156,152.97999572753906,155.25,151.6123809814453,760900
2022-05-20,156.3000030517578,156.52000427246094,150.49000549316406,155.0,151.36822509765625,1042700
2022-05-23,156.5500030517578,158.9199981689453,153.5,158.52999877929688,154.81553649902344,878700
2022-05-24,157.66000366210938,158.3800048828125,154.89999389648438,157.75999450683594,154.06356811523438,586800
2022-05-25,157.63999938964844,158.33999633789062,155.77999877929688,157.49000549316406,153.7999267578125,1017600
2022-05-26,159.14999389648438,162.0,158.69000244140625,161.02000427246094,157.24717712402344,700600
2022-05-27,161.72999572753906,165.64999389648438,161.72999572753906,165.63999938964844,161.75894165039062,717100
2022-05-31,164.92999267578125,164.92999267578125,161.5800018310547,161.94000244140625,158.1456298828125,1471100
2022-06-01,162.35000610351562,162.92999267578125,159.2100067138672,160.50999450683594,156.74913024902344,939500
2022-06-02,160.50999450683594,164.5,158.02999877929688,164.3699951171875,161.0303192138672,954400
2022-06-03,162.50999450683594,163.07000732421875,161.60000610351562,162.2100067138672,158.9142608642578,539900
2022-06-06,163.72999572753906,164.8699951171875,161.77999877929688,162.0,158.70846557617188,776200
2022-06-07,160.35000610351562,163.80999755859375,160.27999877929688,163.55999755859375,160.2367706298828,683700
2022-06-08,162.57000732421875,163.42999267578125,160.83999633789062,161.17999267578125,157.9051513671875,467200
2022-06-09,161.02000427246094,161.41000366210938,156.80999755859375,156.9600067138672,153.7708740234375,754300
2022-06-10,154.30999755859375,154.61000061035156,152.88999938964844,153.0,149.891357421875,765300
2022-06-13,149.66000366210938,154.32000732421875,149.5,151.5800018310547,148.5001983642578,915800
2022-06-14,152.1699981689453,153.99000549316406,151.7100067138672,153.22999572753906,150.11666870117188,791500
2022-06-15,155.0,156.85000610351562,150.33999633789062,152.75,149.6464385986328,895000
2022-06-16,150.02999877929688,150.9199981689453,148.24000549316406,149.0500030517578,146.02162170410156,1067100
2022-06-17,149.25999450683594,151.5500030517578,148.36000061035156,149.7100067138672,146.668212890625,2006700
2022-06-21,151.57000732421875,155.9199981689453,151.5399932861328,155.2100067138672,152.05645751953125,1041200
2022-06-22,153.55999755859375,159.1699981689453,153.41000366210938,157.30999755859375,154.11380004882812,866400
2022-06-23,158.3000030517578,160.27999877929688,157.17999267578125,160.0399932861328,156.78831481933594,765700
2022-06-24,161.1300048828125,165.63999938964844,161.1300048828125,165.25,161.8924560546875,1454800
2022-06-27,165.42999267578125,166.02000427246094,163.13999938964844,165.22999572753906,161.8728790283203,658000
2022-06-28,166.00999450683594,167.3800048828125,162.5500030517578,163.17999267578125,159.86451721191406,936900
2022-06-29,163.64999389648438,164.49000549316406,162.89999389648438,163.1999969482422,159.8841094970703,875100
2022-06-30,161.97000122070312,163.89999389648438,161.16000366210938,163.0399932861328,159.7273712158203,876800
2022-07-01,163.10000610351562,164.8300018310547,162.1300048828125,164.6300048828125,161.28506469726562,644400
2022-07-05,162.91000366210938,166.24000549316406,161.91000366210938,166.07000732421875,162.69581604003906,620500
2022-07-06,166.50999450683594,169.5500030517578,166.0500030517578,168.33999633789062,164.91966247558594,726800
2022-07-07,168.64999389648438,169.85000610351562,166.7899932861328,167.3000030517578,163.90081787109375,542400
2022-07-08,167.42999267578125,168.2899932861328,166.16000366210938,166.75999450683594,163.3717498779297,456100
2022-07-11,166.0500030517578,167.3300018310547,165.4499969482422,165.83999633789062,162.470458984375,463400
2022-07-12,165.5800018310547,168.13999938964844,164.02000427246094,164.82000732421875,161.47119140625,687300
2022-07-13,162.75999450683594,165.8000030517578,162.3000030517578,164.66000366210938,161.31443786621094,827100
2022-07-14,161.57000732421875,163.32000732421875,160.60000610351562,162.74000549316406,159.4334716796875,681300
2022-07-15,165.3800048828125,166.3000030517578,164.72000122070312,165.75,162.38229370117188,689400
2022-07-18,166.3300018310547,166.72000122070312,161.33999633789062,161.8800048828125,158.5909423828125,489300
2022-07-19,163.30999755859375,166.80999755859375,163.1300048828125,166.52000427246094,163.13665771484375,678800
2022-07-20,166.97999572753906,167.1699981689453,165.02999877929688,166.57000732421875,163.18563842773438,487300
2022-07-21,167.0800018310547,170.13999938964844,166.55999755859375,169.60000610351562,166.15406799316406,698500
2022-07-22,170.27999877929688,170.72000122070312,167.08999633789062,168.22999572753906,164.81190490722656,525600
2022-07-25,168.50999450683594,170.16000366210938,168.08999633789062,169.7100067138672,166.26185607910156,556200
2022-07-26,169.8000030517578,170.57000732421875,168.77999877929688,169.99000549316406,166.5361785888672,900600
2022-07-27,170.8000030517578,173.69000244140625,170.8000030517578,173.30999755859375,169.78871154785156,1202000
2022-07-28,173.67999267578125,176.8000030517578,171.16000366210938,176.05999755859375,172.48281860351562,863600
2022-07-29,184.8800048828125,184.8800048828125,174.86000061035156,178.99000549316406,175.3533172607422,1146100
2022-08-01,176.7899932861328,177.91000366210938,172.30999755859375,172.52000427246094,169.0147705078125,1064700
2022-08-02,172.07000732421875,174.86000061035156,171.75,172.33999633789062,168.83837890625,835700
2022-08-03,173.0500030517578,177.91000366210938,173.0500030517578,177.24000549316406,173.63885498046875,770000
2022-08-04,177.0,177.57000732421875,176.19000244140625,176.49000549316406,172.9040985107422,562600
2022-08-05,175.35000610351562,178.64999389648438,175.25999450683594,178.50999450683594,174.88304138183594,800000
2022-08-08,179.27999877929688,180.41000366210938,178.97000122070312,179.38999938964844,175.7451629638672,659600
2022-08-09,179.99000549316406,183.0,179.3300018310547,182.75,179.03689575195312,764900
2022-08-10,184.67999267578125,185.66000366210938,183.22000122070312,185.41000366210938,181.6428680419922,816900
2022-08-11,186.3699951171875,187.1300048828125,184.19000244140625,185.1999969482422,181.43711853027344,1129400
2022-08-12,185.97000122070312,189.55999755859375,185.7899932861328,189.39999389648438,185.55178833007812,532600
2022-08-15,188.47999572753906,190.86000061035156,188.25,190.14999389648438,186.28656005859375,1213000
2022-08-16,188.72000122070312,190.99000549316406,188.72000122070312,190.66000366210938,186.7862091064453,703600
2022-08-17,189.6199951171875,191.4199981689453,188.9600067138672,190.85000610351562,186.9723358154297,542000
2022-08-18,191.05999755859375,191.97000122070312,190.11000061035156,191.52000427246094,187.6287078857422,880000
2022-08-19,191.39999389648438,191.5,189.94000244140625,190.6999969482422,186.82534790039062,941400
2022-08-22,188.80999755859375,190.5800018310547,188.5500030517578,188.8800048828125,185.04234313964844,1028000
2022-08-23,188.38999938964844,189.05999755859375,186.1199951171875,186.35000610351562,182.5637664794922,877800
2022-08-24,186.2100067138672,188.22999572753906,185.9600067138672,187.9600067138672,184.1410675048828,788600
2022-08-25,188.0,191.14999389648438,187.83999633789062,191.0800018310547,187.19764709472656,1004100
2022-08-26,191.9600067138672,192.0,187.66000366210938,187.6999969482422,183.88633728027344,748700
2022-08-29,186.16000366210938,187.0500030517578,184.4600067138672,185.05999755859375,181.2999725341797,695300
2022-08-30,185.25,185.25,182.2899932861328,182.88999938964844,179.17405700683594,822400
2022-08-31,184.25,184.77000427246094,181.47999572753906,181.57000732421875,177.88088989257812,1001200
2022-09-01,180.32000732421875,181.86000061035156,179.25999450683594,181.60000610351562,178.41139221191406,751600
2022-09-02,182.88999938964844,184.9199981689453,179.52000427246094,180.47000122070312,177.3012237548828,677600
2022-09-06,180.80999755859375,182.75,179.94000244140625,180.89999389648438,177.72366333007812,1077200
2022-09-07,181.07000732421875,186.69000244140625,180.57000732421875,186.5800018310547,183.30393981933594,835500
2022-09-08,185.9499969482422,187.4600067138672,185.05999755859375,187.08999633789062,183.8050079345703,736400
2022-09-09,187.10000610351562,188.80999755859375,186.6699981689453,188.4199981689453,185.11163330078125,580700
2022-09-12,188.41000366210938,189.36000061035156,186.75,187.6300048828125,184.3354949951172,1233800
2022-09-13,184.5,185.33999633789062,184.10000610351562,184.80999755859375,181.5650177001953,1794200
2022-09-14,185.08999633789062,186.25,183.9600067138672,185.10000610351562,181.84994506835938,1856200
2022-09-15,185.41000366210938,185.7899932861328,183.75,184.52000427246094,181.28013610839844,1747600
2022-09-16,184.9600067138672,185.17999267578125,178.07000732421875,179.4499969482422,176.29913330078125,1915100
2022-09-19,178.67999267578125,181.5399932861328,177.74000549316406,181.38999938964844,178.205078125,647000
2022-09-20,179.77000427246094,180.41000366210938,177.39999389648438,179.1699981689453,176.02403259277344,842700
2022-09-21,178.42999267578125,181.22999572753906,174.17999267578125,174.32000732421875,171.2592315673828,1131900
2022-09-22,174.92999267578125,175.25999450683594,171.02999877929688,172.52999877929688,169.50062561035156,1014200
2022-09-23,171.57000732421875,173.63999938964844,169.50999450683594,171.8300018310547,168.81295776367188,980200
2022-09-26,171.3000030517578,172.11000061035156,168.9199981689453,169.4600067138672,166.4845733642578,681000
2022-09-27,171.2100067138672,172.1999969482422,167.92999267578125,169.72999572753906,166.7498016357422,683500
2022-09-28,170.52999877929688,171.82000732421875,169.0399932861328,170.8000030517578,167.80101013183594,945200
2022-09-29,170.27000427246094,171.41000366210938,168.52000427246094,171.13999938964844,168.13504028320312,842000
2022-09-30,170.5500030517578,173.00999450683594,170.0399932861328,171.22000122070312,168.2136688232422,1835300
2022-10-03,173.0,177.05999755859375,171.92999267578125,176.5800018310547,173.47952270507812,1171200
2022-10-04,178.10000610351562,181.2100067138672,178.00999450683594,180.00999450683594,176.8492889404297,891600
2022-10-05,179.13999938964844,182.6199951171875,178.55999755859375,181.75999450683594,178.56857299804688,860300
2022-10-06,181.44000244140625,181.94000244140625,178.85000610351562,179.10000610351562,175.95529174804688,687700
2022-10-07,178.16000366210938,178.8000030517578,173.8000030517578,174.30999755859375,171.2493896484375,840600
2022-10-10,175.52000427246094,177.35000610351562,175.4199981689453,176.57000732421875,173.4697265625,459500
2022-10-11,176.3000030517578,177.47000122070312,174.44000244140625,176.1300048828125,173.03744506835938,893500
2022-10-12,176.50999450683594,177.02999877929688,174.77000427246094,174.8699951171875,171.799560546875,740800
2022-10-13,172.30999755859375,179.4499969482422,170.99000549316406,178.66000366210938,175.52301025390625,1418600
2022-10-14,180.0,180.52000427246094,170.1199951171875,170.36000061035156,167.36875915527344,1488300
2022-10-17,173.05999755859375,176.5,173.05999755859375,175.0800018310547,172.00587463378906,953500
2022-10-18,178.99000549316406,179.64999389648438,175.14999389648438,176.13999938964844,173.04725646972656,813700
2022-10-19,175.60000610351562,178.22999572753906,174.52999877929688,178.0500030517578,174.92372131347656,1118400
2022-10-20,177.00999450683594,177.00999450683594,172.89999389648438,173.82000732421875,170.76800537109375,1044000
2022-10-21,173.25999450683594,175.4600067138672,169.00999450683594,175.3699951171875,172.29078674316406,1286300
2022-10-24,176.7899932861328,180.0500030517578,176.38999938964844,179.14999389648438,176.00437927246094,770000
2022-10-25,177.8699951171875,177.8699951171875,173.38999938964844,175.4199981689453,172.3398895263672,985400
2022-10-26,176.39999389648438,177.82000732421875,174.42999267578125,175.91000366210938,172.8212890625,815500
2022-10-27,176.99000549316406,178.49000549316406,175.91000366210938,177.52999877929688,174.41282653808594,1272900
2022-10-28,185.0,188.7100067138672,182.27000427246094,188.5800018310547,185.26882934570312,1292600
2022-10-31,188.1300048828125,189.9600067138672,186.92999267578125,187.0800018310547,183.79515075683594,964500
2022-11-01,188.0800018310547,189.1999969482422,186.22999572753906,187.4199981689453,184.1291961669922,1074600
2022-11-02,186.80999755859375,188.89999389648438,184.30999755859375,185.35000610351562,182.09555053710938,1153200
2022-11-03,183.86000061035156,187.91000366210938,183.61000061035156,187.35000610351562,184.06044006347656,711700
2022-11-04,189.02000427246094,189.02000427246094,184.63999938964844,188.38999938964844,185.08216857910156,836100
2022-11-07,188.9199981689453,192.4600067138672,187.72000122070312,191.99000549316406,188.61895751953125,716700
2022-11-08,192.22000122070312,194.75999450683594,190.41000366210938,192.38999938964844,189.01193237304688,791900
2022-11-09,192.1699981689453,193.1199951171875,188.52000427246094,188.5800018310547,185.26882934570312,539000
2022-11-10,194.00999450683594,194.5800018310547,191.44000244140625,193.0,189.61123657226562,1176000
2022-11-11,193.75,193.94000244140625,185.42999267578125,186.0,182.73414611816406,1296900
2022-11-14,186.91000366210938,188.66000366210938,185.7100067138672,185.77000427246094,182.50816345214844,889300
2022-11-15,187.4199981689453,188.97999572753906,186.41000366210938,187.77999877929688,184.48287963867188,940200
2022-11-16,187.22999572753906,190.27000427246094,187.22999572753906,189.50999450683594,186.18251037597656,738300
2022-11-17,188.99000549316406,191.11000061035156,188.1199951171875,190.27000427246094,186.92916870117188,557500
2022-11-18,192.5399932861328,194.77999877929688,191.8000030517578,194.3300018310547,190.91787719726562,990800
2022-11-21,194.52000427246094,196.6199951171875,194.0,195.75,192.31292724609375,899200
2022-11-22,195.9499969482422,198.02000427246094,195.9499969482422,197.22999572753906,193.76693725585938,615100
2022-11-23,197.3000030517578,198.5399932861328,196.42999267578125,197.32000732421875,193.85537719726562,526300
2022-11-25,198.0,199.61000061035156,197.77000427246094,199.2899932861328,195.790771484375,633900
2022-11-28,198.32000732421875,199.22999572753906,196.22999572753906,196.42999267578125,192.98097229003906,852800
2022-11-29,196.24000549316406,197.69000244140625,195.1300048828125,195.67999267578125,192.24415588378906,782300
2022-11-30,194.5800018310547,199.3699951171875,194.02999877929688,199.11000061035156,195.61395263671875,2653400
2022-12-01,200.0,200.75999450683594,198.13999938964844,199.72000122070312,196.7170867919922,782400
2022-12-02,197.9199981689453,201.50999450683594,197.1699981689453,201.25999450683594,198.2339630126953,745500
2022-12-05,199.7899932861328,200.52000427246094,196.1699981689453,196.8300018310547,193.8705596923828,853900
2022-12-06,196.97999572753906,197.39999389648438,194.66000366210938,195.97999572753906,193.03334045410156,562800
2022-12-07,196.44000244140625,196.77000427246094,193.3800048828125,193.9600067138672,191.04371643066406,1029400
2022-12-08,193.77999877929688,195.8699951171875,193.55999755859375,195.02999877929688,192.0976104736328,770600
2022-12-09,194.85000610351562,195.4199981689453,191.60000610351562,191.8300018310547,188.9457244873047,776500
2022-12-12,192.5500030517578,193.74000549316406,191.1999969482422,193.74000549316406,190.8270263671875,750200
2022-12-13,197.22999572753906,197.24000549316406,192.92999267578125,193.85000610351562,190.9353790283203,662200
2022-12-14,194.07000732421875,197.58999633789062,192.17999267578125,193.11000061035156,190.20648193359375,798700
2022-12-15,190.5399932861328,191.24000549316406,186.7899932861328,188.10000610351562,185.27182006835938,767000
2022-12-16,186.32000732421875,187.22999572753906,183.63999938964844,186.35000610351562,183.54812622070312,1736200
2022-12-19,186.32000732421875,187.66000366210938,184.3300018310547,185.08999633789062,182.30706787109375,615800
2022-12-20,186.3300018310547,188.1999969482422,184.82000732421875,186.88999938964844,184.08001708984375,570600
2022-12-21,188.0,189.5500030517578,187.22000122070312,189.47999572753906,186.6310577392578,595800
2022-12-22,188.42999267578125,189.16000366210938,185.86000061035156,188.02999877929688,185.20286560058594,496100
2022-12-23,187.61000061035156,188.85000610351562,186.77000427246094,188.41000366210938,185.5771484375,351100
2022-12-27,188.99000549316406,190.07000732421875,188.2100067138672,189.27999877929688,186.43405151367188,425200
2022-12-28,189.92999267578125,191.0,187.85000610351562,187.9499969482422,185.12405395507812,434000
2022-12-29,189.39999389648438,191.1999969482422,188.8699951171875,190.1699981689453,187.31069946289062,435500
2022-12-30,189.3699951171875,189.9199981689453,186.61000061035156,188.5399932861328,185.7052001953125,353200
2023-01-03,188.74000549316406,189.3699951171875,185.41000366210938,187.25999450683594,184.44444274902344,546600
2023-01-04,188.57000732421875,190.35000610351562,187.8000030517578,189.74000549316406,186.88717651367188,632900
2023-01-05,189.19000244140625,190.02000427246094,185.4499969482422,186.44000244140625,183.6367645263672,676600
2023-01-06,187.99000549316406,192.7899932861328,187.5,192.02000427246094,189.1328887939453,471300
2023-01-09,192.55999755859375,194.75,190.80999755859375,191.75999450683594,188.8767852783203,805700
2023-01-10,191.92999267578125,193.0800018310547,190.8000030517578,192.67999267578125,189.78294372558594,428600
2023-01-11,193.55999755859375,195.75999450683594,193.22999572753906,195.75999450683594,192.816650390625,611300
2023-01-12,196.07000732421875,196.86000061035156,193.02999877929688,194.99000549316406,192.0582275390625,678900
2023-01-13,194.25,197.10000610351562,193.6300048828125,196.5500030517578,193.59475708007812,618000
2023-01-17,197.1300048828125,198.47000122070312,195.22999572753906,195.64999389648438,192.70828247070312,702000
2023-01-18,195.24000549316406,196.0500030517578,191.5500030517578,191.99000549316406,189.10333251953125,736700
2023-01-19,191.1300048828125,192.10000610351562,190.33999633789062,190.88999938964844,188.01986694335938,461700
2023-01-20,191.92999267578125,194.22000122070312,190.0500030517578,193.89999389648438,190.98460388183594,795700
2023-01-23,194.39999389648438,196.4199981689453,193.39999389648438,195.8800048828125,192.93484497070312,476200
2023-01-24,195.69000244140625,197.82000732421875,193.6300048828125,197.00999450683594,194.04782104492188,731700
2023-01-25,196.5,197.72000122070312,194.69000244140625,197.14999389648438,194.1857452392578,572500
2023-01-26,197.1699981689453,198.72000122070312,196.2899932861328,197.25,194.28424072265625,802500
2023-01-27,199.8000030517578,202.3699951171875,191.60000610351562,193.80999755859375,190.8959503173828,1322900
2023-01-30,193.52000427246094,196.6300048828125,193.52000427246094,195.3000030517578,192.3635711669922,641700
2023-01-31,195.64999389648438,196.3000030517578,193.75,195.72000122070312,192.77725219726562,1406200
2023-02-01,195.77000427246094,198.07000732421875,194.02999877929688,196.27999877929688,193.3288116455078,1173900
2023-02-02,196.58999633789062,196.58999633789062,191.0500030517578,194.67999267578125,191.7528533935547,1180300
2023-02-03,194.25,194.8699951171875,192.0500030517578,193.49000549316406,190.58078002929688,877700
2023-02-06,192.67999267578125,194.7100067138672,192.02000427246094,194.5500030517578,191.6248321533203,610600
2023-02-07,193.41000366210938,198.02999877929688,193.22000122070312,197.47000122070312,194.5009307861328,670300
2023-02-08,196.33999633789062,198.2100067138672,196.11000061035156,196.14999389648438,193.20079040527344,577700
2023-02-09,197.75999450683594,198.25,193.10000610351562,193.3300018310547,190.4231719970703,825700
2023-02-10,192.99000549316406,195.55999755859375,192.44000244140625,195.05999755859375,192.12716674804688,538100
2023-02-13,195.35000610351562,196.52000427246094,193.89999389648438,195.22000122070312,192.28475952148438,835000
2023-02-14,195.30999755859375,195.55999755859375,188.11000061035156,188.25,185.4195556640625,709000
2023-02-15,187.55999755859375,190.8300018310547,186.77999877929688,190.3300018310547,187.46829223632812,609100
2023-02-16,188.22000122070312,190.2899932861328,188.22000122070312,188.6300048828125,185.7938690185547,525800
2023-02-17,188.4199981689453,189.25,187.57000732421875,188.60000610351562,185.76429748535156,797200
2023-02-21,187.75999450683594,188.2100067138672,185.38999938964844,186.5500030517578,183.74513244628906,837800
2023-02-22,187.19000244140625,187.7899932861328,185.8000030517578,186.2899932861328,183.48899841308594,827800
2023-02-23,186.72000122070312,187.69000244140625,184.25999450683594,185.4600067138672,182.67152404785156,488000
2023-02-24,184.22000122070312,185.50999450683594,182.8800048828125,184.72999572753906,181.95248413085938,741000
2023-02-27,185.63999938964844,186.86000061035156,183.97999572753906,184.89999389648438,182.11990356445312,729500
2023-02-28,185.05999755859375,188.3699951171875,184.92999267578125,187.35000610351562,184.53309631347656,1595900
2023-03-01,186.49000549316406,189.33999633789062,186.49000549316406,187.77999877929688,184.9566192626953,1571100
2023-03-02,186.61000061035156,187.3300018310547,184.5399932861328,187.02000427246094,184.74917602539062,552400
2023-03-03,187.47000122070312,189.32000732421875,186.52999877929688,189.02999877929688,186.73477172851562,898900
2023-03-06,190.0,191.5399932861328,189.36000061035156,190.8800048828125,188.56231689453125,1285400
2023-03-07,191.30999755859375,192.1999969482422,187.4600067138672,189.02999877929688,186.73477172851562,819000
2023-03-08,189.02999877929688,191.33999633789062,187.8000030517578,188.97999572753906,186.6853790283203,865200
2023-03-09,189.0500030517578,189.52999877929688,184.6199951171875,185.4499969482422,183.1982421875,1025900
2023-03-10,184.50999450683594,186.19000244140625,182.4600067138672,182.75999450683594,180.54090881347656,1298900
2023-03-13,179.4600067138672,183.5399932861328,177.69000244140625,179.97000122070312,177.78477478027344,1460300
2023-03-14,182.60000610351562,183.5399932861328,180.25,183.35000610351562,181.12374877929688,1248200
2023-03-15,177.0800018310547,179.52999877929688,174.4499969482422,177.08999633789062,174.93975830078125,2001700
2023-03-16,176.4199981689453,184.39999389648438,175.75,183.60000610351562,181.37069702148438,1499300
2023-03-17,182.66000366210938,182.69000244140625,179.35000610351562,180.0,177.81443786621094,3120400
2023-03-20,180.25999450683594,182.8300018310547,179.72000122070312,182.4600067138672,180.24453735351562,823100
2023-03-21,184.83999633789062,185.38999938964844,183.75999450683594,183.8800048828125,181.64730834960938,996100
2023-03-22,184.14999389648438,185.05999755859375,180.52000427246094,180.5399932861328,178.3478546142578,688800
2023-03-23,180.25999450683594,184.88999938964844,179.97000122070312,184.44000244140625,182.2004852294922,1360800
2023-03-24,183.44000244140625,185.72000122070312,181.8699951171875,185.66000366210938,183.40570068359375,1010700
2023-03-27,186.0,187.58999633789062,185.91000366210938,186.1300048828125,183.86997985839844,915900
2023-03-28,185.60000610351562,186.66000366210938,185.42999267578125,186.52000427246094,184.2552490234375,628500
2023-03-29,187.57000732421875,189.08999633789062,186.9199981689453,189.0,186.70513916015625,653600
2023-03-30,189.5500030517578,189.83999633789062,186.8800048828125,189.6699981689453,187.36700439453125,921600
2023-03-31,190.4199981689453,191.3699951171875,189.4600067138672,191.30999755859375,188.987060546875,935600
2023-04-03,190.85000610351562,193.86000061035156,190.0,193.25999450683594,190.9134063720703,1001400
2023-04-04,194.10000610351562,195.00999450683594,191.91000366210938,193.9199981689453,191.5653839111328,787200
2023-04-05,193.5800018310547,196.14999389648438,192.97000122070312,195.27999877929688,192.9088897705078,882700
2023-04-06,195.39999389648438,197.41000366210938,195.3300018310547,197.3699951171875,194.97349548339844,895000
2023-04-10,196.17999267578125,197.27000427246094,194.77000427246094,195.61000061035156,193.23486328125,800900
2023-04-11,195.52000427246094,197.5399932861328,194.97999572753906,196.7899932861328,194.40054321289062,547800
2023-04-12,197.00999450683594,199.10000610351562,196.86000061035156,198.27000427246094,195.86257934570312,569600
2023-04-13,197.75999450683594,199.8300018310547,196.6999969482422,199.6999969482422,197.27520751953125,962000
2023-04-14,199.3300018310547,200.91000366210938,198.74000549316406,200.4499969482422,198.01611328125,1088700
2023-04-17,200.72000122070312,203.25,199.92999267578125,203.2100067138672,200.7425994873047,982100
2023-04-18,204.1699981689453,206.91000366210938,203.3800048828125,206.6199951171875,204.11119079589844,1243000
2023-04-19,207.00999450683594,207.50999450683594,203.7100067138672,204.14999389648438,201.67117309570312,705800
2023-04-20,204.38999938964844,208.02999877929688,202.47000122070312,207.8800048828125,205.35589599609375,1173800
2023-04-21,208.0,208.1999969482422,206.1699981689453,207.77000427246094,205.24722290039062,737600
2023-04-24,208.22000122070312,208.60000610351562,206.92999267578125,207.4199981689453,204.90145874023438,734000
2023-04-25,207.25,208.36000061035156,206.89999389648438,207.19000244140625,204.6742706298828,984400
2023-04-26,205.50999450683594,207.4600067138672,204.10000610351562,205.44000244140625,202.9455108642578,960900
2023-04-27,205.0800018310547,209.1300048828125,204.94000244140625,209.0500030517578,206.5116729736328,1187700
2023-04-28,208.0500030517578,208.1999969482422,202.19000244140625,208.05999755859375,205.53370666503906,1675600
2023-05-01,207.82000732421875,212.16000366210938,206.5,210.52000427246094,207.96383666992188,917400
2023-05-02,210.25,210.5399932861328,208.0,210.10000610351562,207.5489501953125,891900
2023-05-03,211.50999450683594,212.60000610351562,209.08999633789062,209.1300048828125,206.59072875976562,794800
2023-05-04,209.19000244140625,211.85000610351562,208.58999633789062,210.8300018310547,208.2700653076172,949000
2023-05-05,211.0,214.22000122070312,210.6699981689453,213.82000732421875,211.22378540039062,852300
2023-05-08,213.67999267578125,215.7100067138672,212.8699951171875,215.32000732421875,212.70556640625,432500
2023-05-09,215.74000549316406,216.86000061035156,214.92999267578125,216.0800018310547,213.45632934570312,816400
2023-05-10,215.82000732421875,218.10000610351562,215.49000549316406,217.32000732421875,214.6812744140625,1170400
2023-05-11,216.86000061035156,217.44000244140625,215.6999969482422,216.80999755859375,214.17745971679688,497400
2023-05-12,217.74000549316406,219.2100067138672,216.3000030517578,218.6199951171875,215.96546936035156,819900
2023-05-15,219.02000427246094,219.22999572753906,216.97999572753906,217.8300018310547,215.18507385253906,955100
2023-05-16,217.19000244140625,217.8699951171875,216.22000122070312,217.00999450683594,214.37501525878906,738000
2023-05-17,218.2899932861328,218.47000122070312,214.35000610351562,215.02999877929688,212.41908264160156,908600
2023-05-18,214.49000549316406,215.10000610351562,212.4600067138672,214.5,211.89552307128906,1036700
2023-05-19,215.5399932861328,216.42999267578125,214.30999755859375,216.07000732421875,213.4464569091797,919500
2023-05-22,215.4499969482422,216.17999267578125,212.80999755859375,214.58999633789062,211.9844207763672,845800
2023-05-23,213.2100067138672,213.50999450683594,206.11000061035156,206.61000061035156,204.10130310058594,1093300
2023-05-24,205.7899932861328,206.57000732421875,204.67999267578125,205.0800018310547,202.5898895263672,627200
2023-05-25,205.63999938964844,205.77999877929688,203.5399932861328,204.32000732421875,201.83914184570312,585600
2023-05-26,204.50999450683594,205.38999938964844,203.3300018310547,203.80999755859375,201.33531188964844,655900
2023-05-30,204.0,205.1699981689453,203.33999633789062,203.52000427246094,201.04884338378906,671400
2023-05-31,201.80999755859375,202.4499969482422,199.0,200.3300018310547,197.89756774902344,2669800
2023-06-01,200.38999938964844,202.1999969482422,198.52000427246094,202.1300048828125,200.2254180908203,900700
2023-06-02,202.49000549316406,206.10000610351562,202.35000610351562,205.67999267578125,203.74197387695312,664600
2023-06-05,205.85000610351562,207.22999572753906,205.02999877929688,206.27000427246094,204.32640075683594,540800
2023-06-06,207.00999450683594,207.63999938964844,204.47000122070312,205.33999633789062,203.40516662597656,424900
2023-06-07,205.27000427246094,205.27000427246094,202.69000244140625,204.14999389648438,202.2263641357422,657200
2023-06-08,203.8300018310547,205.1999969482422,203.35000610351562,204.83999633789062,202.90989685058594,344100
2023-06-09,204.10000610351562,207.57000732421875,203.64999389648438,206.8699951171875,204.92074584960938,548900
2023-06-12,206.75999450683594,208.8300018310547,205.41000366210938,208.24000549316406,206.27786254882812,747400
2023-06-13,208.14999389648438,210.38999938964844,207.72000122070312,208.75999450683594,206.79295349121094,1214500
2023-06-14,208.30999755859375,211.1999969482422,207.25999450683594,209.7899932861328,207.813232421875,980900
2023-06-15,210.11000061035156,215.1999969482422,210.11000061035156,213.6300048828125,211.6170654296875,891300
2023-06-16,216.0,217.8699951171875,213.7100067138672,213.77999877929688,211.76565551757812,1554800
2023-06-20,213.14999389648438,215.52999877929688,211.38999938964844,211.63999938964844,209.64581298828125,1263300
2023-06-21,211.22000122070312,213.0,209.49000549316406,212.97000122070312,210.96327209472656,1519600
2023-06-22,214.35000610351562,214.4499969482422,211.86000061035156,212.82000732421875,210.814697265625,890500
2023-06-23,212.6699981689453,213.7100067138672,211.5500030517578,212.4600067138672,210.45809936523438,1690200
2023-06-26,212.30999755859375,212.5800018310547,210.10000610351562,210.6300048828125,208.6453399658203,750200
2023-06-27,211.02000427246094,213.91000366210938,210.86000061035156,212.14999389648438,210.15098571777344,783900
2023-06-28,211.7899932861328,211.7899932861328,209.38999938964844,210.88999938964844,208.90286254882812,813800
2023-06-29,210.94000244140625,214.77999877929688,210.86000061035156,214.6699981689453,212.64724731445312,928800
2023-06-30,215.83999633789062,220.6300048828125,214.97999572753906,219.57000732421875,217.5010986328125,1222900
2023-07-03,219.0,219.0,214.32000732421875,216.17999267578125,214.1430206298828,667200
2023-07-05,215.25,216.92999267578125,214.5,215.9499969482422,213.91519165039062,896000
2023-07-06,215.39999389648438,217.00999450683594,214.82000732421875,216.32000732421875,214.28172302246094,609800
2023-07-07,215.3000030517578,215.74000549316406,213.3000030517578,214.0500030517578,212.03311157226562,578800
2023-07-10,214.83999633789062,217.72999572753906,214.4499969482422,215.58999633789062,213.55859375,425800
2023-07-11,215.86000061035156,216.77999877929688,214.7899932861328,216.35000610351562,214.31141662597656,475200
2023-07-12,217.4600067138672,217.74000549316406,214.75,214.88999938964844,212.86517333984375,560100
2023-07-13,214.33999633789062,215.49000549316406,213.72000122070312,213.8300018310547,211.81517028808594,1017700
2023-07-14,213.92999267578125,214.8699951171875,212.52999877929688,213.8800048828125,211.8647003173828,696400
2023-07-17,213.92999267578125,218.10000610351562,213.92999267578125,217.1999969482422,215.15342712402344,708800
2023-07-18,216.52000427246094,217.0,214.66000366210938,215.07000732421875,213.04348754882812,672300
2023-07-19,213.4499969482422,215.94000244140625,212.38999938964844,212.72000122070312,210.7156219482422,732100
2023-07-20,213.1999969482422,218.27000427246094,213.0399932861328,218.22999572753906,216.1737060546875,937600
2023-07-21,219.47000122070312,220.74000549316406,218.57000732421875,218.61000061035156,216.55014038085938,782100
2023-07-24,219.17999267578125,220.5,217.4499969482422,219.63999938964844,217.5704345703125,635000
2023-07-25,219.97000122070312,220.80999755859375,218.74000549316406,220.32000732421875,218.2440185546875,681000
2023-07-26,220.05999755859375,220.4600067138672,218.75999450683594,219.75,217.6793975830078,766600
2023-07-27,220.16000366210938,220.67999267578125,216.39999389648438,217.14999389648438,215.10389709472656,805600
2023-07-28,221.8000030517578,221.9199981689453,215.07000732421875,216.22000122070312,214.1826629638672,1041800
2023-07-31,215.8699951171875,216.25,214.13999938964844,214.8000030517578,212.77601623535156,749200
2023-08-01,214.99000549316406,219.57000732421875,214.6300048828125,219.24000549316406,217.1741943359375,879100
2023-08-02,218.3699951171875,222.2100067138672,217.91000366210938,221.5500030517578,219.46243286132812,695400
2023-08-03,220.88999938964844,222.67999267578125,220.4499969482422,222.1999969482422,220.10629272460938,855600
2023-08-04,222.13999938964844,226.3000030517578,220.5500030517578,220.80999755859375,218.72938537597656,1005600
2023-08-07,222.2899932861328,224.85000610351562,221.5500030517578,224.05999755859375,221.9487762451172,525300
2023-08-08,223.7899932861328,224.44000244140625,220.42999267578125,220.52999877929688,218.45204162597656,438500
2023-08-09,220.3300018310547,224.41000366210938,220.0,223.69000244140625,221.58226013183594,549200
2023-08-10,224.0,226.5800018310547,221.9600067138672,222.64999389648438,220.55206298828125,733800
2023-08-11,222.60000610351562,224.42999267578125,222.0399932861328,224.3699951171875,222.25584411621094,335200
2023-08-14,224.9499969482422,226.0,223.89999389648438,225.5800018310547,223.45445251464844,461700
2023-08-15,224.72999572753906,225.97999572753906,223.69000244140625,223.86000061035156,221.75067138671875,561500
2023-08-16,224.52000427246094,227.33999633789062,224.52000427246094,225.0500030517578,222.92945861816406,520600
2023-08-17,225.88999938964844,226.0800018310547,220.47000122070312,220.47999572753906,218.40252685546875,622800
2023-08-18,219.72999572753906,222.2100067138672,215.3699951171875,220.5500030517578,218.4718780517578,616800
2023-08-21,221.52000427246094,222.63999938964844,219.72000122070312,221.44000244140625,219.3534698486328,601400
2023-08-22,221.6699981689453,222.41000366210938,219.83999633789062,222.1199951171875,220.0270538330078,715600
2023-08-23,223.69000244140625,225.72999572753906,222.24000549316406,225.3300018310547,223.20680236816406,549700
2023-08-24,225.63999938964844,226.6199951171875,224.8300018310547,224.86000061035156,222.74124145507812,687600
2023-08-25,225.99000549316406,229.38999938964844,225.5500030517578,227.60000610351562,225.45542907714844,698800
2023-08-28,227.32000732421875,229.13999938964844,227.0800018310547,228.8800048828125,226.72337341308594,412200
2023-08-29,228.9199981689453,230.88999938964844,227.00999450683594,230.7899932861328,228.6153564453125,541400
2023-08-30,231.0,232.41000366210938,230.4600067138672,230.8300018310547,228.6549835205078,810600
2023-08-31,230.61000061035156,231.7100067138672,229.60000610351562,230.47999572753906,228.85357666015625,814900
2023-09-01,231.22000122070312,232.0,230.47000122070312,231.07000732421875,229.43942260742188,576000
2023-09-05,230.92999267578125,230.92999267578125,226.64999389648438,226.8000030517578,225.1995391845703,649600
2023-09-06,226.57000732421875,228.4199981689453,224.47000122070312,227.74000549316406,226.13291931152344,519100
2023-09-07,228.22000122070312,230.86000061035156,228.22000122070312,230.63999938964844,229.012451171875,751300
2023-09-08,230.89999389648438,231.1699981689453,227.69000244140625,228.19000244140625,226.57974243164062,825600
2023-09-11,228.63999938964844,229.6300048828125,228.0500030517578,228.5500030517578,226.9371795654297,510600
2023-09-12,228.58999633789062,230.9499969482422,228.27000427246094,230.2899932861328,228.66490173339844,532100
2023-09-13,230.41000366210938,231.8800048828125,228.39999389648438,229.0,227.38401794433594,665800
2023-09-14,230.4600067138672,231.7899932861328,228.17999267578125,231.4499969482422,229.8167266845703,854000
2023-09-15,231.4199981689453,232.69000244140625,229.8000030517578,230.13999938964844,228.51597595214844,1692300
2023-09-18,230.1999969482422,233.49000549316406,230.1999969482422,233.11000061035156,231.4650115966797,810300
2023-09-19,233.0,235.99000549316406,232.69000244140625,235.77999877929688,234.11618041992188,1160200
2023-09-20,235.77000427246094,237.63999938964844,234.97999572753906,235.19000244140625,233.5303497314453,1013300
2023-09-21,235.1699981689453,235.5399932861328,232.50999450683594,232.94000244140625,231.29620361328125,1041900
2023-09-22,232.77000427246094,235.07000732421875,231.64999389648438,233.0800018310547,231.43524169921875,659200
2023-09-25,232.25,233.72999572753906,232.1300048828125,233.25,231.60403442382812,429500
2023-09-26,232.17999267578125,233.44000244140625,230.30999755859375,230.92999267578125,229.30038452148438,870000
2023-09-27,231.47999572753906,231.8699951171875,228.75999450683594,230.3300018310547,228.7046356201172,768100
2023-09-28,231.02999877929688,233.1999969482422,230.3300018310547,230.77000427246094,229.1415252685547,479700
2023-09-29,231.27000427246094,231.75999450683594,226.83999633789062,227.92999267578125,226.32154846191406,1121300
2023-10-02,227.0,227.22000122070312,223.75,224.91000366210938,223.32289123535156,961200
2023-10-03,225.0500030517578,226.2899932861328,223.35000610351562,225.22000122070312,223.6306915283203,753400
2023-10-04,225.97000122070312,229.64999389648438,225.74000549316406,229.25999450683594,227.6421661376953,656900
2023-10-05,229.3000030517578,231.0,228.22999572753906,229.55999755859375,227.9400634765625,780700
2023-10-06,229.0,233.1300048828125,228.5,232.00999450683594,230.37278747558594,520900
2023-10-09,230.7899932861328,233.2100067138672,230.55999755859375,233.11000061035156,231.4650115966797,637200
2023-10-10,233.39999389648438,234.0,231.75,233.49000549316406,231.8423309326172,658400
2023-10-11,234.11000061035156,235.16000366210938,232.7100067138672,234.89999389648438,233.24237060546875,461600
2023-10-12,235.38999938964844,236.19000244140625,232.88999938964844,233.44000244140625,231.79269409179688,533900
2023-10-13,234.83999633789062,236.0,233.07000732421875,233.8800048828125,232.22959899902344,505900
2023-10-16,234.8699951171875,237.33999633789062,233.66000366210938,236.58999633789062,234.92044067382812,615100
2023-10-17,236.38999938964844,237.9499969482422,234.72999572753906,236.02999877929688,234.3644256591797,885000
2023-10-18,236.4499969482422,237.6999969482422,234.2100067138672,234.33999633789062,232.68634033203125,533900
2023-10-19,235.08999633789062,235.77999877929688,230.6199951171875,231.02999877929688,229.39968872070312,577300
2023-10-20,231.00999450683594,232.61000061035156,227.27999877929688,227.57000732421875,225.96412658691406,737800
2023-10-23,227.7100067138672,228.8000030517578,226.3800048828125,227.6999969482422,226.0931854248047,787600
2023-10-24,229.0500030517578,232.10000610351562,229.0500030517578,231.2100067138672,229.57843017578125,965800
2023-10-25,232.5,234.75999450683594,230.52999877929688,231.10000610351562,229.46920776367188,1222200
2023-10-26,231.27999877929688,233.8000030517578,229.75999450683594,229.88999938964844,228.2677459716797,1220400
2023-10-27,234.0,234.0,226.7899932861328,228.24000549316406,226.62939453125,900500
2023-10-30,229.44000244140625,234.72999572753906,228.80999755859375,233.72999572753906,232.08062744140625,767000
2023-10-31,234.39999389648438,236.75,233.3300018310547,235.49000549316406,233.82823181152344,908900
2023-11-01,235.80999755859375,238.0,233.97999572753906,237.30999755859375,235.63539123535156,1332600
2023-11-02,237.00999450683594,242.4199981689453,236.88999938964844,242.1999969482422,240.49085998535156,1034700
2023-11-03,243.1300048828125,243.89999389648438,240.41000366210938,242.3300018310547,240.6199493408203,666300
2023-11-06,242.9199981689453,245.0800018310547,242.41000366210938,242.97000122070312,241.25543212890625,973000
2023-11-07,243.22999572753906,244.0500030517578,241.8800048828125,244.0,242.27816772460938,986300
2023-11-08,243.72999572753906,246.91000366210938,241.4600067138672,245.57000732421875,243.83709716796875,826400
2023-11-09,246.42999267578125,248.5399932861328,245.82000732421875,246.77000427246094,245.0286102294922,613700
2023-11-10,247.0,248.4600067138672,245.58999633789062,248.27000427246094,246.51803588867188,754000
2023-11-13,247.7899932861328,249.36000061035156,247.5500030517578,247.75,246.001708984375,540200
2023-11-14,247.47999572753906,248.36000061035156,243.97000122070312,244.13999938964844,242.41717529296875,1032800
2023-11-15,243.3699951171875,245.16000366210938,240.0,240.7100067138672,239.0113983154297,1487000
2023-11-16,241.5,245.74000549316406,241.5,245.50999450683594,243.77749633789062,767300
2023-11-17,246.61000061035156,247.3300018310547,244.3000030517578,245.4499969482422,243.7179412841797,820800
2023-11-20,245.32000732421875,247.55999755859375,244.9499969482422,246.55999755859375,244.82009887695312,625800
2023-11-21,247.07000732421875,249.80999755859375,247.07000732421875,248.89999389648438,247.14358520507812,729500
2023-11-22,248.83999633789062,251.58999633789062,248.47999572753906,250.99000549316406,249.21884155273438,871400
2023-11-24,251.77999877929688,252.92999267578125,251.08999633789062,252.9199981689453,251.13522338867188,352800
2023-11-27,252.58999633789062,254.0,252.1199951171875,252.3000030517578,250.5196075439453,924600
2023-11-28,251.39999389648438,252.32000732421875,246.72999572753906,246.74000549316406,244.99884033203125,586600
2023-11-29,246.60000610351562,246.97000122070312,243.8300018310547,245.02000427246094,243.2909698486328,732900
2023-11-30,244.72000122070312,249.27000427246094,244.08999633789062,249.0,247.7991180419922,1192800
2023-12-01,248.39999389648438,249.47999572753906,247.30999755859375,248.0,246.80393981933594,866000
2023-12-04,248.10000610351562,249.0500030517578,247.22999572753906,247.5500030517578,246.35610961914062,696600
2023-12-05,247.0,247.0,244.5,244.7899932861328,243.6094207763672,729600
2023-12-06,245.35000610351562,246.22000122070312,238.72000122070312,242.5,241.33047485351562,952600
2023-12-07,243.14999389648438,243.14999389648438,239.3800048828125,241.0500030517578,239.88746643066406,744000
2023-12-08,241.91000366210938,242.10000610351562,239.66000366210938,240.9600067138672,239.7978973388672,863100
2023-12-11,242.3699951171875,245.3800048828125,242.3699951171875,245.0,243.81842041015625,961900
2023-12-12,245.0,247.77000427246094,244.1699981689453,247.58999633789062,246.3959197998047,683400
2023-12-13,248.5,248.9499969482422,244.6300048828125,245.2100067138672,244.02740478515625,871200
2023-12-14,243.4199981689453,246.10000610351562,223.1199951171875,227.0399932861328,225.9450225830078,3462800
2023-12-15,220.5500030517578,225.0,220.36000061035156,222.80999755859375,221.7354278564453,2558200
2023-12-18,224.60000610351562,228.89999389648438,223.8000030517578,227.55999755859375,226.4625244140625,1574600
2023-12-19,227.19000244140625,228.5399932861328,223.8699951171875,224.58999633789062,223.5068359375,1363400
2023-12-20,223.25,223.97999572753906,220.10000610351562,220.11000061035156,219.04844665527344,1415900
2023-12-21,219.99000549316406,222.9600067138672,218.6300048828125,222.86000061035156,221.7852020263672,826400
2023-12-22,223.1999969482422,223.3000030517578,221.4199981689453,222.8800048828125,221.8050994873047,674000
2023-12-26,222.08999633789062,222.80999755859375,221.1699981689453,222.36000061035156,221.28761291503906,776000
2023-12-27,221.83999633789062,223.35000610351562,221.14999389648438,223.00999450683594,221.93446350097656,590900
2023-12-28,223.80999755859375,224.4499969482422,223.14999389648438,223.4600067138672,222.38230895996094,691300
2023-12-29,223.64999389648438,225.22000122070312,222.8800048828125,224.8800048828125,223.7954559326172,626300
2024-01-02,224.86000061035156,226.44000244140625,224.3300018310547,225.0,223.9148712158203,896000
2024-01-03,225.60000610351562,227.63999938964844,224.8000030517578,225.02000427246094,223.93478393554688,1022400
2024-01-04,226.5500030517578,228.80999755859375,225.61000061035156,225.89999389648438,224.81051635742188,884500
2024-01-05,226.4199981689453,227.52000427246094,223.42999267578125,225.27999877929688,224.19351196289062,732600
2024-01-08,226.64999389648438,229.02999877929688,224.75,228.83999633789062,227.73634338378906,940600
2024-01-09,226.9600067138672,227.4600067138672,224.2100067138672,226.13999938964844,225.04937744140625,946500
2024-01-10,225.5500030517578,230.25,225.5500030517578,230.14999389648438,229.04002380371094,899700
2024-01-11,230.72000122070312,232.25999450683594,229.6199951171875,232.0,230.881103515625,919400
2024-01-12,232.61000061035156,234.85000610351562,232.0,234.8000030517578,233.66761779785156,846200
2024-01-16,235.0800018310547,236.89999389648438,232.72000122070312,233.47000122070312,232.34402465820312,862700
2024-01-17,233.97000122070312,237.63999938964844,233.19000244140625,233.99000549316406,232.86151123046875,730300
2024-01-18,232.3300018310547,237.72999572753906,231.5,236.9499969482422,235.80723571777344,890500
2024-01-19,238.1199951171875,239.92999267578125,237.24000549316406,238.7899932861328,237.6383514404297,833600
2024-01-22,238.41000366210938,239.85000610351562,237.3800048828125,237.52000427246094,236.37449645996094,668700
2024-01-23,238.3000030517578,241.27000427246094,238.3000030517578,239.67999267578125,238.52406311035156,689500
2024-01-24,241.14999389648438,241.1699981689453,238.77999877929688,239.07000732421875,237.91702270507812,665100
2024-01-25,240.02000427246094,240.8000030517578,235.82000732421875,237.75,236.60337829589844,1043300
2024-01-26,235.99000549316406,235.99000549316406,227.0800018310547,233.02999877929688,231.90614318847656,1489400
2024-01-29,232.1699981689453,233.47000122070312,228.6300048828125,228.77999877929688,227.6766357421875,1440000
2024-01-30,229.4199981689453,231.19000244140625,228.25999450683594,230.57000732421875,229.45802307128906,1081400
2024-01-31,231.42999267578125,233.8300018310547,231.13999938964844,232.16000366210938,231.04034423828125,1576000
2024-02-01,230.0399932861328,232.27999877929688,227.42999267578125,232.1199951171875,231.0005340576172,1003400
2024-02-02,234.02000427246094,234.32000732421875,230.9199981689453,232.74000549316406,231.6175537109375,1029900
2024-02-05,232.50999450683594,236.63999938964844,231.16000366210938,236.25999450683594,235.1205596923828,1535600
2024-02-06,237.14999389648438,237.8699951171875,233.82000732421875,234.0500030517578,232.92123413085938,1000100
2024-02-07,234.7100067138672,236.94000244140625,232.6699981689453,236.1999969482422,235.06085205078125,1074300
2024-02-08,235.9600067138672,238.13999938964844,235.38999938964844,237.02999877929688,235.8868408203125,727000
2024-02-09,236.08999633789062,239.17999267578125,236.08999633789062,238.83999633789062,237.6881103515625,575800
2024-02-12,239.0,239.30999755859375,235.08999633789062,235.6199951171875,234.48365783691406,682800
2024-02-13,237.3300018310547,237.97000122070312,234.3000030517578,236.32000732421875,235.18028259277344,1203900
2024-02-14,236.4600067138672,238.92999267578125,236.4600067138672,238.67999267578125,237.5288848876953,737200
2024-02-15,238.8000030517578,242.02999877929688,238.07000732421875,240.5500030517578,239.38987731933594,850700
2024-02-16,241.0399932861328,241.72000122070312,238.92999267578125,239.22000122070312,238.0662841796875,698100
2024-02-20,238.5,242.60000610351562,237.27999877929688,241.74000549316406,240.5741424560547,1109400
2024-02-21,242.4199981689453,243.02999877929688,238.41000366210938,240.10000610351562,238.9420623779297,775100
2024-02-22,241.92999267578125,245.27999877929688,240.63999938964844,244.6699981689453,243.489990234375,631500
2024-02-23,245.0,245.55999755859375,244.05999755859375,245.0,243.81842041015625,481600
2024-02-26,245.08999633789062,246.2899932861328,243.8000030517578,244.0399932861328,242.863037109375,593200
2024-02-27,243.13999938964844,243.6999969482422,241.9600067138672,243.5500030517578,242.37539672851562,669000
2024-02-28,244.10000610351562,245.97999572753906,243.41000366210938,245.47000122070312,244.28614807128906,668800
2024-02-29,245.08999633789062,245.08999633789062,241.61000061035156,243.92999267578125,243.34837341308594,1183100
2024-03-01,243.7100067138672,244.02999877929688,242.1699981689453,243.5399932861328,242.9593048095703,458800
2024-03-04,242.5500030517578,243.24000549316406,241.85000610351562,242.52000427246094,241.94174194335938,582000
2024-03-05,242.4199981689453,245.5399932861328,241.22000122070312,245.35000610351562,244.76499938964844,719800
2024-03-06,245.33999633789062,248.82000732421875,245.00999450683594,248.6199951171875,248.02719116210938,684200
2024-03-07,248.47000122070312,250.89999389648438,248.25999450683594,249.91000366210938,249.3141326904297,682500
2024-03-08,249.42999267578125,252.07000732421875,249.39999389648438,251.69000244140625,251.08987426757812,943900
2024-03-11,251.39999389648438,252.85000610351562,250.08999633789062,252.7100067138672,252.10745239257812,665100
2024-03-12,252.6699981689453,255.52000427246094,252.13999938964844,254.82000732421875,254.21241760253906,738100
2024-03-13,255.0,255.69000244140625,253.11000061035156,255.3800048828125,254.77108764648438,603700
2024-03-14,255.0,255.7100067138672,253.42999267578125,254.91000366210938,254.3022003173828,698400
2024-03-15,251.4199981689453,255.52000427246094,250.8699951171875,253.1699981689453,252.56634521484375,1521400
2024-03-18,251.97000122070312,255.38999938964844,250.6199951171875,253.69000244140625,253.08511352539062,821500
2024-03-19,254.05999755859375,255.13999938964844,252.4600067138672,253.86000061035156,253.25469970703125,930500
2024-03-20,253.97000122070312,256.1000061035156,253.0500030517578,255.8699951171875,255.25990295410156,812000
2024-03-21,255.69000244140625,255.69000244140625,250.1300048828125,250.3000030517578,249.7032012939453,1409100
2024-03-22,251.00999450683594,251.38999938964844,246.50999450683594,246.52999877929688,245.9421844482422,1042300
2024-03-25,246.5500030517578,247.2100067138672,245.32000732421875,245.5800018310547,244.99444580078125,854800
2024-03-26,245.39999389648438,248.05999755859375,244.63999938964844,246.22999572753906,245.6428985595703,978600
2024-03-27,247.47000122070312,248.63999938964844,245.83999633789062,247.7899932861328,247.1991729736328,874300
2024-03-28,249.0,250.91000366210938,247.5,250.0399932861328,249.4438018798828,960700
2024-04-01,249.0800018310547,249.8000030517578,246.30999755859375,247.17999267578125,246.5906219482422,589900
2024-04-02,248.08999633789062,248.69000244140625,244.8000030517578,245.36000061035156,244.7749786376953,770800
2024-04-03,245.55999755859375,247.4199981689453,245.1999969482422,245.3699951171875,244.78494262695312,644700
2024-04-04,247.22999572753906,247.22999572753906,240.05999755859375,240.3000030517578,239.72703552246094,1134600
2024-04-05,240.66000366210938,245.9600067138672,240.3300018310547,243.99000549316406,243.4082489013672,690800
2024-04-08,243.6999969482422,244.3300018310547,242.82000732421875,244.16000366210938,243.5778350830078,539200
2024-04-09,244.83999633789062,244.9499969482422,242.25999450683594,244.1300048828125,243.54791259765625,803000
2024-04-10,239.27000427246094,241.99000549316406,238.9199981689453,240.02000427246094,239.4477081298828,1042500
2024-04-11,238.67999267578125,240.0800018310547,236.6999969482422,238.1699981689453,237.60211181640625,886500
2024-04-12,237.4600067138672,238.6999969482422,234.0,234.5800018310547,234.0206756591797,896500
2024-04-15,237.3800048828125,237.44000244140625,231.8800048828125,232.08999633789062,231.53660583496094,766400
2024-04-16,232.0,233.58999633789062,231.1699981689453,231.42999267578125,230.878173828125,757200
2024-04-17,232.1199951171875,232.50999450683594,230.0800018310547,230.52000427246094,229.97036743164062,777400
2024-04-18,233.02999877929688,235.97000122070312,233.02999877929688,233.99000549316406,233.4320831298828,980300
2024-04-19,235.10000610351562,236.75999450683594,233.83999633789062,236.57000732421875,236.0059356689453,984300
2024-04-22,238.36000061035156,240.02999877929688,237.42999267578125,237.52000427246094,236.95367431640625,707100
2024-04-23,238.4499969482422,239.1199951171875,237.33999633789062,237.8699951171875,237.30282592773438,620900
2024-04-24,237.52000427246094,238.0,235.57000732421875,236.80999755859375,236.245361328125,655700
2024-04-25,236.32000732421875,237.57000732421875,234.08999633789062,236.9499969482422,236.38502502441406,880500
2024-04-26,236.9499969482422,238.6999969482422,232.35000610351562,234.11000061035156,233.5518035888672,1404200
2024-04-29,233.7899932861328,234.32000732421875,232.27000427246094,233.5500030517578,232.99313354492188,787300
2024-04-30,233.97999572753906,235.1699981689453,232.5800018310547,234.69000244140625,234.1304168701172,644100
2024-05-01,234.47000122070312,241.0,234.3300018310547,238.8000030517578,238.23062133789062,897200
2024-05-02,238.42999267578125,241.57000732421875,237.6999969482422,238.5399932861328,237.97122192382812,1029400
2024-05-03,237.16000366210938,239.49000549316406,235.08999633789062,238.72000122070312,238.1508026123047,545100
2024-05-06,240.44000244140625,243.0500030517578,238.94000244140625,243.00999450683594,242.43057250976562,536900
2024-05-07,244.5,245.08999633789062,242.5800018310547,245.02000427246094,244.435791015625,481700
2024-05-08,246.6300048828125,247.00999450683594,244.22000122070312,245.00999450683594,244.42579650878906,817900
2024-05-09,244.5,248.17999267578125,244.35000610351562,247.55999755859375,246.9697265625,888000
2024-05-10,248.44000244140625,251.27999877929688,248.0,250.82000732421875,250.22195434570312,582200
2024-05-13,250.6699981689453,251.97999572753906,249.16000366210938,249.5,248.9051055908203,829300
2024-05-14,249.55999755859375,251.08999633789062,247.47000122070312,250.72000122070312,250.1221923828125,718400
2024-05-15,249.55999755859375,253.13999938964844,249.39999389648438,251.77999877929688,251.17965698242188,643100
2024-05-16,253.0,256.2799987792969,251.6300048828125,255.52000427246094,254.91075134277344,888900
2024-05-17,257.2900085449219,258.20001220703125,254.82000732421875,257.6700134277344,257.0556335449219,708100
2024-05-20,257.6499938964844,258.57000732421875,256.3399963378906,256.3900146484375,255.7786865234375,689600
2024-05-21,257.3399963378906,258.3699951171875,255.86000061035156,257.8399963378906,257.2252197265625,506000
2024-05-22,257.9800109863281,259.3500061035156,257.1499938964844,257.6499938964844,257.0356750488281,397100
2024-05-23,256.9800109863281,257.0899963378906,250.4199981689453,250.9600067138672,250.36163330078125,715400
2024-05-24,250.88999938964844,252.39999389648438,250.19000244140625,252.05999755859375,251.45899963378906,550100
2024-05-28,250.52999877929688,250.52999877929688,247.69000244140625,248.3300018310547,247.73789978027344,771300
2024-05-29,247.8000030517578,247.91000366210938,245.24000549316406,245.32000732421875,244.73507690429688,481200
2024-05-30,244.9600067138672,250.27000427246094,244.60000610351562,249.08999633789062,248.49607849121094,685100
2024-05-31,251.88999938964844,253.92999267578125,250.7100067138672,253.3300018310547,252.72596740722656,1537100
2024-06-03,252.77000427246094,254.57000732421875,250.88999938964844,253.02999877929688,252.4266815185547,698700
2024-06-04,252.05999755859375,255.41000366210938,251.57000732421875,255.22000122070312,254.61146545410156,621300
2024-06-05,255.85000610351562,255.85000610351562,251.7899932861328,253.08999633789062,252.48654174804688,1110500
2024-06-06,253.50999450683594,254.1199951171875,250.72999572753906,251.63999938964844,251.0399932861328,1005100
2024-06-07,250.75999450683594,253.86000061035156,250.72000122070312,253.52999877929688,253.52999877929688,698900
2024-06-10,253.50999450683594,255.42999267578125,252.22000122070312,255.1699981689453,255.1699981689453,976100
2024-06-11,254.9600067138672,257.0,253.5399932861328,256.1199951171875,256.1199951171875,1156900
2024-06-12,256.7699890136719,259.54998779296875,253.4600067138672,258.8800048828125,258.8800048828125,1045700
2024-06-13,258.6499938964844,261.1000061035156,258.0,260.7799987792969,260.7799987792969,1242600
2024-06-14,261.3299865722656,262.5,257.0,258.239990234375,258.239990234375,637200
2024-06-17,257.6400146484375,262.2300109863281,257.2900085449219,261.1600036621094,261.1600036621094,751600
2024-06-18,260.7799987792969,264.260009765625,260.6700134277344,261.8699951171875,261.8699951171875,1177500
2024-06-20,261.4800109863281,264.70001220703125,261.4800109863281,264.6600036621094,264.6600036621094,711700
2024-06-21,264.8999938964844,264.8999938964844,262.7200012207031,264.6000061035156,264.6000061035156,1541400
2024-06-24,264.79998779296875,266.2799987792969,262.2699890136719,265.19000244140625,265.19000244140625,982300
2024-06-25,264.8399963378906,266.3900146484375,259.4100036621094,259.8999938964844,259.8999938964844,1426600
2024-06-26,259.6199951171875,259.6199951171875,251.4199981689453,253.5,253.5,1053700
2024-06-27,254.6999969482422,260.1300048828125,253.3699951171875,260.1300048828125,260.1300048828125,1201600
2024-06-28,258.67999267578125,261.42999267578125,257.989990234375,259.30999755859375,259.30999755859375,1393200
2024-07-01,260.0,261.0799865722656,257.5799865722656,259.2200012207031,259.2200012207031,581500
2024-07-02,257.9100036621094,262.04998779296875,257.7699890136719,262.0,262.0,809100
2024-07-03,261.8500061035156,263.6199951171875,261.260009765625,262.6300048828125,262.6300048828125,412800
2024-07-05,262.4100036621094,265.0,260.8299865722656,264.6700134277344,264.6700134277344,713000
2024-07-08,265.0,266.25,263.75,264.5400085449219,264.5400085449219,722200
2024-07-09,264.7200012207031,265.70001220703125,263.2099914550781,263.92999267578125,263.92999267578125,586900
2024-07-10,264.4599914550781,268.5199890136719,263.55999755859375,267.79998779296875,267.79998779296875,742900
2024-07-11,267.8900146484375,270.3800048828125,266.17999267578125,270.1199951171875,270.1199951171875,573100
2024-07-12,271.5199890136719,274.9700012207031,270.260009765625,271.04998779296875,271.04998779296875,856000
2024-07-15,271.5400085449219,273.3599853515625,270.0799865722656,270.4599914550781,270.4599914550781,483200
2024-07-16,271.5299987792969,273.45001220703125,267.510009765625,267.6199951171875,267.6199951171875,710900
2024-07-17,268.3500061035156,272.9100036621094,267.8800048828125,271.8500061035156,271.8500061035156,795600
2024-07-18,271.0,272.3299865722656,269.989990234375,270.5299987792969,270.5299987792969,833200
2024-07-19,271.989990234375,272.94000244140625,269.260009765625,270.2699890136719,270.2699890136719,599200
2024-07-22,271.4200134277344,273.6000061035156,270.04998779296875,271.760009765625,271.760009765625,639100
2024-07-23,273.5899963378906,276.3800048828125,272.8299865722656,273.2200012207031,273.2200012207031,459900
2024-07-24,274.239990234375,276.8299865722656,271.8500061035156,274.32000732421875,274.32000732421875,1215200
2024-07-25,275.010009765625,277.7799987792969,273.9200134277344,273.9700012207031,273.9700012207031,1152800
2024-07-26,269.1300048828125,283.8999938964844,267.0,283.5799865722656,283.5799865722656,1161100
2024-07-29,280.92999267578125,283.6199951171875,278.79998779296875,279.3699951171875,279.3699951171875,1003400
2024-07-30,280.8399963378906,286.010009765625,280.6600036621094,285.0,285.0,803100
2024-07-31,284.4200134277344,287.6000061035156,283.1700134277344,283.489990234375,283.489990234375,591100
2024-08-01,285.3699951171875,287.17999267578125,283.17999267578125,287.1199951171875,287.1199951171875,548600
2024-08-02,289.0400085449219,290.30999755859375,283.1700134277344,287.1400146484375,287.1400146484375,917300
2024-08-05,286.42999267578125,287.489990234375,277.9700012207031,278.32000732421875,278.32000732421875,1397500
2024-08-06,278.9700012207031,284.7200012207031,278.4700012207031,281.25,281.25,772500
2024-08-07,282.0,286.8999938964844,281.1300048828125,281.6400146484375,281.6400146484375,965700
2024-08-08,281.25,284.0799865722656,280.67999267578125,282.8399963378906,282.8399963378906,955000
2024-08-09,283.739990234375,283.989990234375,281.05999755859375,282.75,282.75,800700
2024-08-12,283.0,284.1199951171875,280.6700134277344,281.6000061035156,281.6000061035156,614700
2024-08-13,282.8999938964844,283.1400146484375,280.5899963378906,281.2099914550781,281.2099914550781,476000
2024-08-14,281.9200134277344,285.20001220703125,281.760009765625,284.70001220703125,284.70001220703125,663100
2024-08-15,284.7900085449219,286.4599914550781,283.2699890136719,284.3999938964844,284.3999938964844,418600
2024-08-16,285.2799987792969,285.7799987792969,283.8599853515625,285.0799865722656,285.0799865722656,774900
2024-08-19,284.5,287.9100036621094,284.5,286.54998779296875,286.54998779296875,491600
2024-08-20,287.25,289.3599853515625,286.489990234375,288.25,288.25,514300
2024-08-21,288.25,290.20001220703125,287.25,289.510009765625,289.510009765625,362600
2024-08-22,289.739990234375,292.1000061035156,289.7099914550781,291.82000732421875,291.82000732421875,403000
2024-08-23,292.7200012207031,292.760009765625,286.0299987792969,287.8299865722656,287.8299865722656,431600
