Date,Open,High,Low,Close,Adj Close,Volume
2019-06-10,26.100000381469727,26.100000381469727,25.799999237060547,26.100000381469727,18.999109268188477,1733423
2019-06-11,26.049999237060547,26.06999969482422,24.950000762939453,26.0,18.926315307617188,583514
2019-06-12,25.989999771118164,26.049999237060547,25.850000381469727,25.989999771118164,18.919034957885742,328718
2019-06-13,25.959999084472656,26.0,25.850000381469727,25.899999618530273,18.8535213470459,1424146
2019-06-14,25.950000762939453,26.149999618530273,25.799999237060547,25.889999389648438,18.84623908996582,229998
2019-06-17,25.989999771118164,26.190000534057617,25.809999465942383,25.950000762939453,18.889915466308594,340969
2019-06-18,26.440000534057617,26.440000534057617,25.850000381469727,25.950000762939453,18.889915466308594,580292
2019-06-19,25.959999084472656,26.110000610351562,25.889999389648438,26.049999237060547,18.96270751953125,1555732
2019-06-20,26.110000610351562,26.200000762939453,26.079999923706055,26.139999389648438,19.028223037719727,956565
2019-06-21,26.110000610351562,26.189800262451172,26.079999923706055,26.100000381469727,18.999109268188477,539929
2019-06-24,26.1299991607666,26.139999389648438,26.059999465942383,26.09000015258789,18.9918270111084,289363
2019-06-25,26.1200008392334,26.15999984741211,26.059999465942383,26.079999923706055,18.984548568725586,870264
2019-06-26,26.1200008392334,26.170000076293945,26.049999237060547,26.06999969482422,18.977266311645508,1068616
2019-06-27,26.1200008392334,26.209999084472656,26.079999923706055,26.200000762939453,19.071903228759766,950742
2019-06-28,26.25,26.420000076293945,26.15999984741211,26.399999618530273,19.21748924255371,2475282
2019-07-01,26.389999389648438,26.6299991607666,26.350000381469727,26.389999389648438,19.210205078125,418803
2019-07-02,26.450000762939453,26.469999313354492,26.350000381469727,26.469999313354492,19.26844024658203,239757
2019-07-03,26.440000534057617,26.481399536132812,26.399999618530273,26.450000762939453,19.253883361816406,58849
2019-07-05,26.459999084472656,26.479999542236328,26.360000610351562,26.479999542236328,19.275726318359375,20936
2019-07-08,26.469999313354492,26.489999771118164,26.260000228881836,26.469999313354492,19.26844024658203,599433
2019-07-09,26.469999313354492,26.687000274658203,26.420000076293945,26.600000381469727,19.363075256347656,338484
2019-07-10,26.649999618530273,26.75,26.570199966430664,26.75,19.472261428833008,115733
2019-07-11,26.649999618530273,26.719999313354492,26.549999237060547,26.65999984741211,19.406749725341797,131855
2019-07-12,26.6200008392334,26.700000762939453,26.514999389648438,26.530000686645508,19.312116622924805,361244
2019-07-15,26.579999923706055,26.649999618530273,26.549999237060547,26.59000015258789,19.355792999267578,88026
2019-07-16,26.600000381469727,26.670000076293945,26.540000915527344,26.610000610351562,19.370349884033203,245368
2019-07-17,26.700000762939453,26.739999771118164,26.600099563598633,26.719999313354492,19.450424194335938,129484
2019-07-18,26.739999771118164,26.739999771118164,26.56999969482422,26.649999618530273,19.39946937561035,136244
2019-07-19,26.700000762939453,27.1299991607666,26.56999969482422,26.670000076293945,19.414031982421875,369809
2019-07-22,26.729999542236328,27.0,26.729999542236328,26.989999771118164,19.6469669342041,181189
2019-07-23,27.030000686645508,27.079999923706055,26.860000610351562,26.93000030517578,19.603296279907227,149576
2019-07-24,27.030000686645508,27.459999084472656,26.946500778198242,27.149999618530273,19.763439178466797,136343
2019-07-25,27.229999542236328,27.270000457763672,26.93000030517578,26.93000030517578,19.603296279907227,154448
2019-07-26,27.040000915527344,27.079999923706055,26.937000274658203,27.0,19.654245376586914,143563
2019-07-29,27.030000686645508,27.190000534057617,26.940000534057617,26.989999771118164,19.6469669342041,129729
2019-07-30,27.030000686645508,27.139999389648438,26.950000762939453,27.0,19.654245376586914,125547
2019-07-31,27.059999465942383,27.389999389648438,26.959999084472656,27.31999969482422,19.887189865112305,461604
2019-08-01,27.329999923706055,27.34000015258789,27.010000228881836,27.024999618530273,19.672449111938477,298008
2019-08-02,27.010000228881836,27.25,27.0,27.200000762939453,19.799835205078125,113672
2019-08-05,26.6200008392334,27.021499633789062,26.6200008392334,26.829999923706055,19.53049659729004,70874
2019-08-06,26.860000610351562,26.889999389648438,26.700000762939453,26.81999969482422,19.52322006225586,51622
2019-08-07,26.770000457763672,26.87649917602539,26.15999984741211,26.87649917602539,19.564350128173828,81318
2019-08-08,26.950000762939453,27.0,26.850000381469727,27.0,19.654245376586914,59428
2019-08-09,26.860000610351562,27.100000381469727,26.860000610351562,27.100000381469727,19.727041244506836,115189
2019-08-12,27.200000762939453,27.200000762939453,26.93000030517578,27.110000610351562,19.734317779541016,36446
2019-08-13,27.200000762939453,27.200000762939453,26.950000762939453,27.100000381469727,19.727041244506836,74891
2019-08-14,27.020000457763672,27.100000381469727,26.989999771118164,27.079999923706055,19.71248435974121,71355
2019-08-15,27.200000762939453,27.229999542236328,27.100000381469727,27.229999542236328,19.821672439575195,67584
2019-08-16,27.25,27.25,27.027999877929688,27.200000762939453,19.799835205078125,34743
2019-08-19,27.100000381469727,27.25,27.010000228881836,27.25,19.83623695373535,60281
2019-08-20,27.25,27.280000686645508,27.170000076293945,27.270000457763672,19.850791931152344,109721
2019-08-21,27.389999389648438,27.399999618530273,27.280000686645508,27.399999618530273,19.94542121887207,59955
2019-08-22,27.299999237060547,27.579999923706055,27.299999237060547,27.549999237060547,20.05461311340332,67689
2019-08-23,27.59000015258789,27.600000381469727,27.299999237060547,27.600000381469727,20.09100914001465,26431
2019-08-26,27.600000381469727,27.795000076293945,27.600000381469727,27.739999771118164,20.19291877746582,42739
2019-08-27,27.829999923706055,28.049999237060547,27.350000381469727,28.0,20.382184982299805,125989
2019-08-28,28.100000381469727,28.356599807739258,27.81559944152832,27.969999313354492,20.3603458404541,70789
2019-08-29,27.950000762939453,28.25,27.950000762939453,28.239999771118164,20.5568904876709,290668
2019-08-30,28.299999237060547,28.43000030517578,28.149999618530273,28.43000030517578,20.6951961517334,410842
2019-09-03,28.450000762939453,28.450000762939453,28.110000610351562,28.139999389648438,20.484092712402344,60007
2019-09-04,28.239999771118164,28.239999771118164,27.8799991607666,28.030000686645508,20.404020309448242,74703
2019-09-05,28.020000457763672,28.18000030517578,27.90999984741211,28.110000610351562,20.46225357055664,86490
2019-09-06,28.139999389648438,28.139999389648438,27.93000030517578,27.93000030517578,20.33123016357422,22863
2019-09-09,27.959999084472656,28.030000686645508,27.809999465942383,27.81999969482422,20.251155853271484,29515
2019-09-10,27.81999969482422,27.834400177001953,27.309999465942383,27.360000610351562,19.916311264038086,73210
2019-09-11,27.399999618530273,27.719999313354492,27.350000381469727,27.719999313354492,20.178361892700195,49030
2019-09-12,27.450000762939453,27.450000762939453,27.030000686645508,27.100000381469727,20.078397750854492,305648
2019-09-13,27.139999389648438,27.14900016784668,26.399999618530273,26.649999618530273,19.744985580444336,277848
2019-09-16,26.739999771118164,26.969999313354492,26.39150047302246,26.950000762939453,19.967254638671875,1519558
2019-09-17,26.989999771118164,27.229999542236328,26.850099563598633,27.229999542236328,20.174705505371094,129360
2019-09-18,27.209999084472656,27.670000076293945,27.209999084472656,27.670000076293945,20.500707626342773,147878
2019-09-19,27.84000015258789,27.940000534057617,27.719999313354492,27.84000015258789,20.626657485961914,57866
2019-09-20,27.940000534057617,27.940000534057617,27.627399444580078,27.760000228881836,20.56739044189453,69765
2019-09-23,27.8700008392334,27.969999313354492,27.850000381469727,27.93000030517578,20.69333839416504,116812
2019-09-24,27.989999771118164,27.989999771118164,27.829999923706055,27.979999542236328,20.730382919311523,84130
2019-09-25,27.979999542236328,28.0,27.75,28.0,20.745201110839844,31328
2019-09-26,28.0,28.0,27.59000015258789,27.8700008392334,20.648887634277344,60056
2019-09-27,27.8799991607666,27.969999313354492,27.85770034790039,27.940000534057617,20.700748443603516,192781
2019-09-30,27.940000534057617,28.139999389648438,27.760000228881836,28.139999389648438,20.848928451538086,431286
2019-10-01,28.100000381469727,28.100000381469727,27.899999618530273,27.979999542236328,20.730382919311523,101511
2019-10-02,28.079999923706055,28.079999923706055,27.821199417114258,27.899999618530273,20.671112060546875,47497
2019-10-03,27.760000228881836,27.920000076293945,27.670900344848633,27.764999389648438,20.571090698242188,88945
2019-10-04,27.920000076293945,27.969999313354492,27.811199188232422,27.969999313354492,20.722978591918945,86247
2019-10-07,27.989999771118164,27.989999771118164,27.639999389648438,27.979999542236328,20.730382919311523,80053
2019-10-08,27.850000381469727,27.979999542236328,27.75,27.940000534057617,20.700748443603516,42902
2019-10-09,28.079999923706055,28.149999618530273,27.90530014038086,27.969999313354492,20.722978591918945,33910
2019-10-10,27.959999084472656,28.083999633789062,27.8700008392334,27.979999542236328,20.730382919311523,36422
2019-10-11,28.110000610351562,28.110000610351562,27.856399536132812,28.09000015258789,20.8118839263916,25223
2019-10-14,27.8700008392334,28.343000411987305,27.850000381469727,28.299999237060547,20.967470169067383,42780
2019-10-15,28.3700008392334,28.3700008392334,27.899999618530273,27.959999084472656,20.71556854248047,203863
2019-10-16,27.989999771118164,28.030000686645508,27.899999618530273,27.989999771118164,20.737789154052734,38800
2019-10-17,28.040000915527344,28.049999237060547,27.889999389648438,27.93000030517578,20.69333839416504,37909
2019-10-18,27.969999313354492,27.969999313354492,27.68000030517578,27.799999237060547,20.59701919555664,65402
2019-10-21,27.84000015258789,27.885099411010742,27.780000686645508,27.829999923706055,20.61924934387207,56016
2019-10-22,27.899999618530273,27.899999618530273,27.850000381469727,27.8799991607666,20.656291961669922,57492
2019-10-23,27.899999618530273,27.920000076293945,27.84000015258789,27.84000015258789,20.626657485961914,80137
2019-10-24,27.899999618530273,27.899999618530273,27.760000228881836,27.866899490356445,20.646587371826172,60868
2019-10-25,27.920000076293945,28.049999237060547,27.81999969482422,28.049999237060547,20.78224754333496,207428
2019-10-28,28.06999969482422,28.06999969482422,27.969999313354492,27.969999313354492,20.722978591918945,63374
2019-10-29,28.010000228881836,28.010000228881836,27.860000610351562,27.8700008392334,20.648887634277344,65870
2019-10-30,27.93000030517578,27.989999771118164,27.850000381469727,27.979999542236328,20.730382919311523,140092
2019-10-31,27.979999542236328,28.110000610351562,27.954999923706055,28.110000610351562,20.826702117919922,445448
2019-11-01,28.100000381469727,28.110000610351562,27.75,27.8700008392334,20.648887634277344,40580
2019-11-04,27.90999984741211,28.15999984741211,27.899999618530273,28.149999618530273,20.85633659362793,39060
2019-11-05,28.139999389648438,28.139999389648438,27.868600845336914,27.8799991607666,20.656291961669922,26154
2019-11-06,27.90999984741211,27.959999084472656,27.700000762939453,27.719999313354492,20.53774642944336,84962
2019-11-07,27.649999618530273,27.84000015258789,27.3700008392334,27.56999969482422,20.42661476135254,42310
2019-11-08,27.56999969482422,27.940000534057617,27.31999969482422,27.420000076293945,20.315479278564453,59682
2019-11-11,27.579999923706055,27.827999114990234,27.510000228881836,27.510000228881836,20.38216209411621,12912
2019-11-12,27.700000762939453,27.729999542236328,27.5,27.649999618530273,20.485885620117188,23196
2019-11-13,27.81999969482422,27.959999084472656,27.649999618530273,27.860000610351562,20.641475677490234,25374
2019-11-14,27.969999313354492,28.079999923706055,27.950000762939453,28.020000457763672,20.76002311706543,42553
2019-11-15,28.049999237060547,28.049999237060547,27.809999465942383,27.899999618530273,20.671112060546875,62195
2019-11-18,27.93000030517578,27.93000030517578,27.600000381469727,27.639999389648438,20.47847557067871,87947
2019-11-19,27.610000610351562,27.989999771118164,27.610000610351562,27.940000534057617,20.700748443603516,64322
2019-11-20,27.979999542236328,28.0,27.799999237060547,27.90999984741211,20.67852210998535,61376
2019-11-21,27.989999771118164,28.030000686645508,27.822099685668945,27.901399612426758,20.672147750854492,95030
2019-11-22,27.969999313354492,28.0,27.684999465942383,27.969999313354492,20.722978591918945,94544
2019-11-25,27.969999313354492,28.040000915527344,27.750099182128906,27.850000381469727,20.63406753540039,32691
2019-11-26,27.93000030517578,28.059999465942383,27.747699737548828,27.950000762939453,20.708158493041992,129711
2019-11-27,28.010000228881836,28.020000457763672,27.670000076293945,27.700000762939453,20.522932052612305,59536
2019-11-29,27.860000610351562,27.860000610351562,27.420000076293945,27.5,20.374753952026367,110283
2019-12-02,27.6299991607666,27.6299991607666,27.110000610351562,27.459999084472656,20.345117568969727,47475
2019-12-03,27.389999389648438,27.93000030517578,27.299999237060547,27.799999237060547,20.59701919555664,120477
2019-12-04,27.889999389648438,27.93000030517578,27.589599609375,27.850000381469727,20.63406753540039,94172
2019-12-05,27.799999237060547,27.872299194335938,27.510000228881836,27.809999465942383,20.604434967041016,74447
2019-12-06,27.790000915527344,27.790000915527344,27.56999969482422,27.68000030517578,20.50811004638672,41379
2019-12-09,27.700000762939453,27.770000457763672,27.600000381469727,27.709999084472656,20.53034019470215,53018
2019-12-10,27.770000457763672,27.989999771118164,27.649999618530273,27.850000381469727,20.63406753540039,65626
2019-12-11,27.8700008392334,28.18000030517578,27.8700008392334,28.18000030517578,20.878562927246094,84874
2019-12-12,27.700000762939453,28.009899139404297,27.639999389648438,27.940000534057617,20.9964542388916,46042
2019-12-13,27.899999618530273,28.1200008392334,27.768999099731445,28.09000015258789,21.109176635742188,64662
2019-12-16,28.100000381469727,28.302000045776367,27.974199295043945,28.100000381469727,21.11669158935547,50914
2019-12-17,28.149999618530273,28.200000762939453,28.020000457763672,28.200000762939453,21.19183921813965,93761
2019-12-18,28.25,28.5,28.246200561523438,28.5,21.41728401184082,41071
2019-12-19,28.399999618530273,28.469999313354492,28.276500701904297,28.420000076293945,21.357162475585938,663693
2019-12-20,28.5,28.5,28.229999542236328,28.25,21.229415893554688,351907
2019-12-23,28.360000610351562,28.360000610351562,28.209999084472656,28.270000457763672,21.244443893432617,43867
2019-12-24,28.350000381469727,28.3799991607666,28.270000457763672,28.299999237060547,21.266983032226562,9612
2019-12-26,28.3799991607666,28.418500900268555,28.149999618530273,28.200000762939453,21.19183921813965,37858
2019-12-27,28.139999389648438,28.31999969482422,28.13010025024414,28.260000228881836,21.236927032470703,31077
2019-12-30,28.309999465942383,28.309999465942383,28.100000381469727,28.200000762939453,21.19183921813965,23352
2019-12-31,28.329999923706055,28.399999618530273,28.15999984741211,28.25,21.229415893554688,40586
2020-01-02,28.25,28.770000457763672,28.239999771118164,28.719999313354492,21.582609176635742,59227
2020-01-03,28.68000030517578,28.770000457763672,28.5,28.579999923706055,21.477401733398438,97006
2020-01-06,28.649999618530273,28.939199447631836,28.5,28.760000228881836,21.612672805786133,50297
2020-01-07,28.75,28.790000915527344,28.559999465942383,28.639999389648438,21.522493362426758,69982
2020-01-08,28.75,28.93000030517578,28.670000076293945,28.739999771118164,21.59764289855957,77049
2020-01-09,28.850000381469727,29.0,28.43000030517578,28.780000686645508,21.627695083618164,69138
2020-01-10,28.770000457763672,29.049999237060547,28.757999420166016,28.920000076293945,21.73290252685547,47923
2020-01-13,28.899999618530273,29.059999465942383,28.6200008392334,28.700000762939453,21.567583084106445,153200
2020-01-14,28.739999771118164,28.770000457763672,28.530000686645508,28.530000686645508,21.439830780029297,150983
2020-01-15,28.459999084472656,28.729900360107422,28.170000076293945,28.559999465942383,21.462373733520508,107124
2020-01-16,28.389999389648438,28.844999313354492,28.389999389648438,28.829999923706055,21.665271759033203,44004
2020-01-17,28.81999969482422,29.06920051574707,28.579999923706055,28.93000030517578,21.74042510986328,40929
2020-01-21,28.979999542236328,29.010000228881836,28.872600555419922,29.0,21.793025970458984,34250
2020-01-22,29.030000686645508,29.149999618530273,28.969999313354492,28.989999771118164,21.785511016845703,33103
2020-01-23,29.06999969482422,29.168899536132812,28.954200744628906,29.010000228881836,21.800539016723633,60033
2020-01-24,28.920000076293945,29.040000915527344,28.719999313354492,28.780000686645508,21.627695083618164,79698
2020-01-27,28.770000457763672,28.920000076293945,28.479999542236328,28.59000015258789,21.48491859436035,97822
2020-01-28,28.649999618530273,28.759899139404297,28.437000274658203,28.469999313354492,21.394739151000977,67807
2020-01-29,28.56999969482422,28.729999542236328,28.520000457763672,28.729999542236328,21.59012222290039,54989
2020-01-30,28.729999542236328,28.850000381469727,28.716800689697266,28.799999237060547,21.642728805541992,42204
2020-01-31,28.860000610351562,28.889999389648438,28.600000381469727,28.600000381469727,21.4924373626709,76931
2020-02-03,28.770000457763672,28.860000610351562,28.770000457763672,28.790000915527344,21.635217666625977,39136
2020-02-04,28.8799991607666,28.950000762939453,28.790000915527344,28.799999237060547,21.642728805541992,24078
2020-02-05,28.8799991607666,28.924999237060547,28.593299865722656,28.649999618530273,21.53000831604004,45100
2020-02-06,28.760000228881836,29.0,28.760000228881836,28.84000015258789,21.672788619995117,29023
2020-02-07,28.959999084472656,29.07349967956543,28.889999389648438,28.969999313354492,21.770477294921875,33510
2020-02-10,28.989999771118164,28.989999771118164,28.649999618530273,28.751300811767578,21.60613441467285,28193
2020-02-11,28.809999465942383,29.09000015258789,28.719999313354492,28.75,21.60515594482422,46100
2020-02-12,28.8799991607666,28.8799991607666,28.75,28.780000686645508,21.627695083618164,61122
2020-02-13,28.829999923706055,28.8700008392334,28.80270004272461,28.829999923706055,21.665271759033203,46958
2020-02-14,28.8700008392334,28.8700008392334,28.829999923706055,28.84000015258789,21.672788619995117,13538
2020-02-18,28.860000610351562,29.049999237060547,28.860000610351562,28.979999542236328,21.777996063232422,81612
2020-02-19,28.93000030517578,29.09000015258789,28.8799991607666,28.8799991607666,21.702848434448242,135452
2020-02-20,28.989999771118164,29.100000381469727,28.979999542236328,29.040000915527344,21.82308578491211,30702
2020-02-21,29.059999465942383,29.059999465942383,28.876699447631836,28.889999389648438,21.710357666015625,40551
2020-02-24,28.81999969482422,28.940000534057617,28.75,28.75,21.60515594482422,56705
2020-02-25,28.829999923706055,28.829999923706055,28.450000762939453,28.530000686645508,21.439830780029297,104586
2020-02-26,28.670000076293945,28.711200714111328,28.059999465942383,28.209999084472656,21.199352264404297,51829
2020-02-27,28.3799991607666,28.3799991607666,28.0,28.010000228881836,21.049057006835938,53342
2020-02-28,28.0,28.25,27.350000381469727,27.360000610351562,20.560598373413086,168494
2020-03-02,27.690000534057617,28.000499725341797,27.500099182128906,27.959999084472656,21.0114803314209,68586
2020-03-03,28.1299991607666,28.690000534057617,28.082799911499023,28.100000381469727,21.11669158935547,57172
2020-03-04,28.40999984741211,28.700000762939453,28.170000076293945,28.700000762939453,21.567583084106445,19501
2020-03-05,28.520000457763672,28.600000381469727,28.0,28.290000915527344,21.259471893310547,40862
2020-03-06,27.56999969482422,28.362699508666992,27.40999984741211,27.65999984741211,20.78603744506836,65156
2020-03-09,26.989999771118164,27.149999618530273,25.550100326538086,26.0,19.538576126098633,83171
2020-03-10,26.6200008392334,26.974700927734375,26.020000457763672,26.200000762939453,19.688873291015625,260318
2020-03-11,26.25,26.649999618530273,26.200000762939453,26.459999084472656,19.884258270263672,275920
2020-03-12,20.280000686645508,23.280500411987305,19.049999237060547,21.600000381469727,16.479223251342773,623699
2020-03-13,22.389999389648438,24.18000030517578,22.0,24.18000030517578,18.447572708129883,114701
2020-03-16,18.829999923706055,23.25,18.829999923706055,19.780000686645508,15.09069538116455,81696
2020-03-17,20.280000686645508,20.284000396728516,16.59000015258789,16.600000381469727,12.664587020874023,175289
2020-03-18,14.100000381469727,15.34000015258789,9.517999649047852,14.470000267028809,11.03955078125,169550
2020-03-19,13.970000267028809,14.390000343322754,11.274999618530273,13.079999923706055,9.979082107543945,457760
2020-03-20,13.579999923706055,16.450000762939453,13.289999961853027,13.979999542236328,10.665715217590332,217595
2020-03-23,14.010000228881836,14.5,11.006500244140625,13.920000076293945,10.619940757751465,182596
2020-03-24,14.420000076293945,16.989999771118164,14.420000076293945,15.800000190734863,12.054244995117188,196274
2020-03-25,16.299999237060547,22.68000030517578,16.100000381469727,21.399999618530273,16.32663345336914,149187
2020-03-26,22.299999237060547,24.0049991607666,21.690000534057617,23.950000762939453,18.272096633911133,185769
2020-03-27,23.56999969482422,23.56999969482422,20.5,20.9783992767334,16.004985809326172,68906
2020-03-30,22.5,23.0,22.5,22.5,17.165855407714844,72922
2020-03-31,22.149999618530273,23.0,21.510000228881836,22.719999313354492,17.333694458007812,90641
2020-04-01,20.459999084472656,22.06999969482422,19.100000381469727,19.969999313354492,15.235649108886719,118439
2020-04-02,19.899999618530273,20.78219985961914,18.59000015258789,19.889999389648438,15.174615859985352,53882
2020-04-03,20.09000015258789,20.182199478149414,18.5,18.75,14.304879188537598,45886
2020-04-06,19.100000381469727,20.459999084472656,19.020000457763672,20.3799991607666,15.54844856262207,85793
2020-04-07,21.959999084472656,22.389999389648438,21.326499938964844,21.90999984741211,16.71572494506836,95941
2020-04-08,22.030000686645508,23.371000289916992,21.790000915527344,22.899999618530273,17.471027374267578,110655
2020-04-09,23.350000381469727,24.5,23.350000381469727,24.200000762939453,18.46282958984375,180556
2020-04-13,24.5,24.5,23.299999237060547,24.350000381469727,18.577266693115234,218469
2020-04-14,24.510000228881836,24.969999313354492,24.110200881958008,24.43000030517578,18.638301849365234,90174
2020-04-15,22.59000015258789,24.219999313354492,22.59000015258789,23.450000762939453,17.89063835144043,80537
2020-04-16,23.75,24.118600845336914,23.010000228881836,23.950000762939453,18.272096633911133,65262
2020-04-17,24.43000030517578,25.190000534057617,24.229999542236328,24.940000534057617,19.027395248413086,264342
2020-04-20,24.790000915527344,24.989999771118164,24.239999771118164,24.959999084472656,19.04265022277832,138983
2020-04-21,24.770000457763672,25.0,24.059999465942383,24.979999542236328,19.057910919189453,141688
2020-04-22,25.290000915527344,25.469999313354492,24.7549991607666,24.81999969482422,18.935842514038086,78920
2020-04-23,24.809999465942383,25.0,24.809999465942383,24.950000762939453,19.035024642944336,75609
2020-04-24,25.200000762939453,25.299999237060547,24.809999465942383,24.90999984741211,19.004507064819336,130789
2020-04-27,25.1299991607666,25.153099060058594,24.799999237060547,24.8700008392334,18.97399139404297,71512
2020-04-28,25.100000381469727,25.100000381469727,24.100000381469727,24.354999542236328,18.581077575683594,140410
2020-04-29,24.639999389648438,24.639999389648438,24.200000762939453,24.43000030517578,18.638301849365234,63977
2020-04-30,24.43000030517578,24.549999237060547,24.200000762939453,24.270000457763672,18.516233444213867,101412
2020-05-01,24.200000762939453,24.389999389648438,24.079999923706055,24.139999389648438,18.417057037353516,76583
2020-05-04,24.299999237060547,24.299999237060547,23.850000381469727,24.200000762939453,18.46282958984375,154681
2020-05-05,24.110000610351562,24.700000762939453,24.110000610351562,24.5,18.69170379638672,65576
2020-05-06,24.540000915527344,24.780000686645508,24.170000076293945,24.700000762939453,18.84429359436035,311371
2020-05-07,24.739999771118164,25.100000381469727,24.739999771118164,24.950000762939453,19.035024642944336,99789
2020-05-08,25.100000381469727,25.239999771118164,24.920000076293945,24.969999313354492,19.05027961730957,145874
2020-05-11,24.969999313354492,24.979999542236328,24.559999465942383,24.760000228881836,18.890071868896484,30674
2020-05-12,24.899999618530273,24.950000762939453,24.6299991607666,24.850000381469727,18.95873260498047,31799
2020-05-13,24.799999237060547,24.799999237060547,24.18000030517578,24.270000457763672,18.516233444213867,332279
2020-05-14,24.200000762939453,24.5,23.63290023803711,24.219999313354492,18.47808837890625,116290
2020-05-15,24.309999465942383,24.327199935913086,24.010000228881836,24.139999389648438,18.417057037353516,66291
2020-05-18,24.6200008392334,24.799999237060547,24.389999389648438,24.709999084472656,18.851924896240234,47128
2020-05-19,24.510000228881836,24.899999618530273,24.155000686645508,24.809999465942383,18.928213119506836,83371
2020-05-20,24.850000381469727,24.850000381469727,24.579999923706055,24.640199661254883,18.798669815063477,37294
2020-05-21,24.6299991607666,24.65999984741211,24.442899703979492,24.489999771118164,18.6840763092041,61426
2020-05-22,24.579999923706055,24.6200008392334,24.309999465942383,24.6200008392334,18.783260345458984,54259
2020-05-26,24.739999771118164,24.799999237060547,24.65999984741211,24.69499969482422,18.84047508239746,63928
2020-05-27,24.790000915527344,24.940000534057617,24.600000381469727,24.940000534057617,19.027395248413086,34506
2020-05-28,24.93000030517578,25.200000762939453,24.700000762939453,24.90999984741211,19.004507064819336,120817
2020-05-29,25.059999465942383,25.200000762939453,24.90999984741211,25.139999389648438,19.179981231689453,83323
2020-06-01,25.260000228881836,25.75,25.200000762939453,25.530000686645508,19.477521896362305,51091
2020-06-02,25.75,26.729999542236328,25.530000686645508,25.559999465942383,19.500408172607422,160246
2020-06-03,25.6299991607666,26.04170036315918,25.25,25.649999618530273,19.56907081604004,59249
2020-06-04,25.09000015258789,25.450000762939453,25.010000228881836,25.200000762939453,19.225753784179688,538110
2020-06-05,25.450000762939453,25.479999542236328,25.309999465942383,25.450000762939453,19.41649055480957,225988
2020-06-08,25.510000228881836,25.510000228881836,25.350000381469727,25.489999771118164,19.447006225585938,87382
2020-06-09,25.440000534057617,25.440000534057617,25.329999923706055,25.364999771118164,19.351638793945312,47084
2020-06-10,25.459999084472656,25.489999771118164,25.280000686645508,25.350000381469727,19.34019660949707,108592
2020-06-11,25.200000762939453,25.239999771118164,24.209999084472656,24.450000762939453,18.653562545776367,100813
2020-06-12,24.43000030517578,24.559999465942383,23.8700008392334,23.8700008392334,18.511547088623047,80090
2020-06-15,23.5,23.940000534057617,23.360000610351562,23.799999237060547,18.45726203918457,144268
2020-06-16,24.360000610351562,24.799999237060547,24.34000015258789,24.6200008392334,19.09317970275879,75920
2020-06-17,24.760000228881836,24.780000686645508,24.549999237060547,24.654399871826172,19.119861602783203,46667
2020-06-18,24.389999389648438,24.920000076293945,24.139999389648438,24.920000076293945,19.32583236694336,43160
2020-06-19,24.950000762939453,24.950000762939453,24.68400001525879,24.799999237060547,19.232772827148438,50803
2020-06-22,24.6200008392334,24.81999969482422,24.165000915527344,24.489999771118164,18.99236297607422,72533
2020-06-23,24.579999923706055,24.850000381469727,24.299999237060547,24.790000915527344,19.225019454956055,72412
2020-06-24,24.790000915527344,24.790000915527344,24.31999969482422,24.540000915527344,19.031143188476562,56343
2020-06-25,24.600000381469727,24.739999771118164,24.399999618530273,24.639999389648438,19.10869026184082,76818
2020-06-26,24.639999389648438,24.700000762939453,24.520000457763672,24.575000762939453,19.05828285217285,65836
2020-06-29,24.540000915527344,24.75,24.440000534057617,24.75,19.193998336791992,152024
2020-06-30,24.780000686645508,24.81999969482422,24.309999465942383,24.3799991607666,18.90705680847168,225777
2020-07-01,24.3799991607666,24.520000457763672,24.364999771118164,24.434999465942383,18.949708938598633,74249
2020-07-02,24.690000534057617,24.729999542236328,24.489999771118164,24.489999771118164,18.99236297607422,27334
2020-07-06,24.6299991607666,24.8799991607666,24.350000381469727,24.6200008392334,19.09317970275879,93964
2020-07-07,24.6200008392334,24.6200008392334,24.459999084472656,24.510000228881836,19.007875442504883,73374
2020-07-08,24.600000381469727,24.729999542236328,24.5,24.610000610351562,19.08542823791504,165083
2020-07-09,24.739999771118164,24.799999237060547,24.43000030517578,24.799999237060547,19.232772827148438,54295
2020-07-10,24.860000610351562,24.94499969482422,24.729999542236328,24.850000381469727,19.27155303955078,37288
2020-07-13,24.979999542236328,25.0,24.764999389648438,24.788700103759766,19.224008560180664,34564
2020-07-14,24.889999389648438,24.889999389648438,24.68000030517578,24.780000686645508,19.21726417541504,15271
2020-07-15,24.920000076293945,25.0,24.804000854492188,25.0,19.387876510620117,50576
2020-07-16,24.920000076293945,25.133800506591797,24.760000228881836,25.127500534057617,19.486759185791016,54810
2020-07-17,25.1200008392334,25.270000457763672,25.059999465942383,25.059999465942383,19.43440818786621,52925
2020-07-20,25.25,25.275100708007812,24.989999771118164,25.15999984741211,19.5119571685791,32497
2020-07-21,25.200000762939453,25.75,25.100200653076172,25.649999618530273,19.891963958740234,72184
2020-07-22,25.709999084472656,25.709999084472656,25.100000381469727,25.3799991607666,19.682575225830078,143752
2020-07-23,25.31999969482422,25.719999313354492,25.31999969482422,25.479999542236328,19.7601261138916,80851
2020-07-24,25.559999465942383,25.610000610351562,25.350000381469727,25.3700008392334,19.674816131591797,40890
2020-07-27,25.549999237060547,25.579999923706055,25.3799991607666,25.549999237060547,19.81441307067871,28104
2020-07-28,25.489999771118164,25.690000534057617,25.489999771118164,25.600000381469727,19.853185653686523,51170
2020-07-29,25.600000381469727,25.81999969482422,25.600000381469727,25.81999969482422,20.023801803588867,113603
2020-07-30,25.770000457763672,25.8700008392334,25.639999389648438,25.84000015258789,20.039310455322266,85252
2020-07-31,25.979999542236328,26.059999465942383,25.65999984741211,26.059999465942383,20.209924697875977,190088
2020-08-03,26.059999465942383,26.104999542236328,25.799999237060547,25.81999969482422,20.023801803588867,143700
2020-08-04,25.989999771118164,26.0,25.760000228881836,25.950000762939453,20.124616622924805,52060
2020-08-05,26.0,26.09000015258789,25.81999969482422,26.06999969482422,20.217676162719727,72343
2020-08-06,26.100000381469727,26.100000381469727,25.670000076293945,25.809999465942383,20.016042709350586,40630
2020-08-07,25.719999313354492,25.950000762939453,25.700000762939453,25.950000762939453,20.124616622924805,17110
2020-08-10,25.979999542236328,25.98069953918457,25.700000762939453,25.93000030517578,20.109106063842773,40695
2020-08-11,25.860000610351562,26.020000457763672,25.770000457763672,25.850000381469727,20.04706573486328,236840
2020-08-12,25.8700008392334,26.100000381469727,25.81999969482422,25.850000381469727,20.04706573486328,66319
2020-08-13,25.920000076293945,26.100000381469727,25.861000061035156,25.920000076293945,20.101348876953125,49667
2020-08-14,26.09000015258789,26.190000534057617,25.799999237060547,26.079999923706055,20.225431442260742,926087
2020-08-17,26.18000030517578,26.3799991607666,26.0,26.329999923706055,20.4193115234375,66308
2020-08-18,26.270000457763672,26.459999084472656,26.200000762939453,26.299999237060547,20.396045684814453,60829
2020-08-19,26.360000610351562,26.479999542236328,26.24650001525879,26.450000762939453,20.512372970581055,33363
2020-08-20,26.440000534057617,26.739999771118164,26.389999389648438,26.739999771118164,20.73727035522461,106422
2020-08-21,26.739999771118164,26.84000015258789,26.600000381469727,26.829999923706055,20.807071685791016,25949
2020-08-24,26.920000076293945,26.989999771118164,26.770000457763672,26.90999984741211,20.86910629272461,68716
2020-08-25,26.899999618530273,27.0,26.770000457763672,26.989999771118164,20.931150436401367,47377
2020-08-26,27.0,27.06999969482422,26.719999313354492,26.739999771118164,20.73727035522461,73992
2020-08-27,26.799999237060547,26.950000762939453,26.510000228881836,26.610000610351562,20.636457443237305,174552
2020-08-28,26.68000030517578,26.8799991607666,26.649999618530273,26.78420066833496,20.77155113220215,71057
2020-08-31,26.8700008392334,26.950000762939453,26.65999984741211,26.670000076293945,20.68299102783203,114453
2020-09-01,26.790000915527344,26.89310073852539,26.6200008392334,26.780000686645508,20.768293380737305,78311
2020-09-02,26.790000915527344,26.860000610351562,26.645000457763672,26.670000076293945,20.68299102783203,58992
2020-09-03,26.670000076293945,26.770000457763672,26.43000030517578,26.5,20.551151275634766,55408
2020-09-04,26.59000015258789,26.649999618530273,26.170000076293945,26.18000030517578,20.3029842376709,79504
2020-09-08,26.1200008392334,26.1200008392334,25.520000457763672,25.780000686645508,19.992778778076172,246913
2020-09-09,26.059999465942383,26.329999923706055,25.809999465942383,26.299999237060547,20.396045684814453,54093
2020-09-10,26.329999923706055,26.469999313354492,26.25,26.34000015258789,20.427066802978516,89015
2020-09-11,26.40999984741211,26.440000534057617,26.200000762939453,26.389999389648438,20.465845108032227,42774
2020-09-14,26.15999984741211,26.309999465942383,26.087499618530273,26.299999237060547,20.70746421813965,47675
2020-09-15,26.329999923706055,26.5,26.329999923706055,26.3700008392334,20.7625789642334,74800
2020-09-16,26.440000534057617,26.489999771118164,26.309999465942383,26.309999465942383,20.715333938598633,42404
2020-09-17,26.309999465942383,26.469999313354492,26.209999084472656,26.239999771118164,20.660221099853516,156523
2020-09-18,26.360000610351562,26.360000610351562,26.100000381469727,26.229999542236328,20.6523494720459,41867
2020-09-21,26.15999984741211,26.260000228881836,25.8799991607666,26.260000228881836,20.675968170166016,71266
2020-09-22,26.290000915527344,26.31999969482422,26.09000015258789,26.309999465942383,20.715333938598633,60002
2020-09-23,26.309999465942383,26.350000381469727,25.709999084472656,25.739099502563477,20.26583480834961,97372
2020-09-24,25.799999237060547,26.170000076293945,25.579999923706055,26.100000381469727,20.549989700317383,124369
2020-09-25,26.139999389648438,26.690000534057617,26.1299991607666,26.670000076293945,20.998783111572266,122238
2020-09-28,26.799999237060547,27.329999923706055,26.649999618530273,27.139999389648438,21.36884117126465,89138
2020-09-29,27.1299991607666,27.1299991607666,26.719999313354492,26.84000015258789,21.13263511657715,118509
2020-09-30,26.959999084472656,27.100000381469727,26.84000015258789,26.850000381469727,21.1405086517334,128104
2020-10-01,27.030000686645508,27.479999542236328,26.930099487304688,27.479900360107422,21.636465072631836,73442
2020-10-02,27.329999923706055,27.479999542236328,27.1200008392334,27.459999084472656,21.620792388916016,66777
2020-10-05,27.350000381469727,27.670000076293945,27.22319984436035,27.459999084472656,21.620792388916016,49373
2020-10-06,27.690000534057617,27.84000015258789,27.348499298095703,27.459999084472656,21.620792388916016,49395
2020-10-07,27.520000457763672,27.719999313354492,27.48509979248047,27.56999969482422,21.70740509033203,55123
2020-10-08,27.690000534057617,27.770000457763672,27.3700008392334,27.479999542236328,21.63654327392578,60969
2020-10-09,27.600000381469727,27.600000381469727,27.299999237060547,27.3799991607666,21.55780792236328,79373
2020-10-12,27.649999618530273,27.649999618530273,27.290000915527344,27.549999237060547,21.6916561126709,33337
2020-10-13,27.56999969482422,27.644899368286133,27.43000030517578,27.59000015258789,21.72315216064453,80674
2020-10-14,27.639999389648438,27.739999771118164,27.309999465942383,27.31999969482422,21.510568618774414,33242
2020-10-15,27.389999389648438,27.43000030517578,27.0,27.40999984741211,21.5814266204834,38566
2020-10-16,27.479999542236328,27.540000915527344,27.170000076293945,27.309999465942383,21.5026912689209,53981
2020-10-19,27.450000762939453,27.489999771118164,27.110000610351562,27.229999542236328,21.439706802368164,53693
2020-10-20,27.290000915527344,27.403200149536133,27.219999313354492,27.35300064086914,21.536548614501953,48558
2020-10-21,27.489999771118164,27.489999771118164,27.149999618530273,27.200000762939453,21.41608428955078,111155
2020-10-22,27.270000457763672,27.270000457763672,27.06999969482422,27.200000762939453,21.41608428955078,32946
2020-10-23,27.299999237060547,27.350000381469727,27.010000228881836,27.18000030517578,21.400333404541016,64099
2020-10-26,27.079999923706055,27.079999923706055,26.889999389648438,26.940000534057617,21.211368560791016,225309
2020-10-27,27.079999923706055,27.079999923706055,26.809999465942383,26.899999618530273,21.179874420166016,29333
2020-10-28,26.81999969482422,26.934999465942383,26.149999618530273,26.149999618530273,20.589357376098633,75960
2020-10-29,26.260000228881836,26.670000076293945,26.209999084472656,26.469999313354492,20.8413143157959,44966
2020-10-30,26.579999923706055,26.780000686645508,26.530000686645508,26.780000686645508,21.08539390563965,107717
2020-11-02,26.799999237060547,27.299999237060547,26.799999237060547,27.1200008392334,21.35309600830078,59252
2020-11-03,27.229999542236328,27.530000686645508,27.229999542236328,27.290000915527344,21.4869441986084,86906
2020-11-04,27.489999771118164,27.6299991607666,27.309999465942383,27.579999923706055,21.71527862548828,220815
2020-11-05,27.549999237060547,27.768800735473633,27.540000915527344,27.65999984741211,21.778268814086914,22628
2020-11-06,27.420000076293945,27.68000030517578,27.420000076293945,27.670000076293945,21.78614044189453,51451
2020-11-09,27.850000381469727,28.43000030517578,27.6200008392334,28.260000228881836,22.250680923461914,54908
2020-11-10,28.290000915527344,28.31999969482422,27.809999465942383,27.81999969482422,21.90424346923828,67724
2020-11-11,28.040000915527344,28.040000915527344,27.8799991607666,28.030000686645508,22.069589614868164,25068
2020-11-12,28.100000381469727,28.178199768066406,27.809999465942383,28.0,22.045963287353516,18312
2020-11-13,28.149999618530273,28.149999618530273,27.920000076293945,27.920000076293945,21.982980728149414,42291
2020-11-16,28.010000228881836,28.110000610351562,27.729999542236328,27.75,21.849130630493164,538061
2020-11-17,27.790000915527344,27.93000030517578,27.700000762939453,27.770000457763672,21.864877700805664,127859
2020-11-18,27.899999618530273,28.040000915527344,27.780000686645508,27.989999771118164,22.038095474243164,97218
2020-11-19,27.979999542236328,28.010000228881836,27.860000610351562,27.93000030517578,21.990854263305664,50504
2020-11-20,27.989999771118164,28.09000015258789,27.8799991607666,28.049999237060547,22.085336685180664,32250
2020-11-23,28.139999389648438,28.170000076293945,27.989999771118164,28.100000381469727,22.12470245361328,77180
2020-11-24,28.18000030517578,28.270000457763672,28.09000015258789,28.209999084472656,22.21131134033203,94790
2020-11-25,28.260000228881836,28.260000228881836,28.079999923706055,28.190000534057617,22.195566177368164,53614
2020-11-27,28.049999237060547,28.170000076293945,28.049999237060547,28.15999984741211,22.17194366455078,16183
2020-11-30,28.139999389648438,28.200000762939453,27.920000076293945,28.09000015258789,22.11682891845703,102808
2020-12-01,28.170000076293945,28.290000915527344,28.125,28.15999984741211,22.17194366455078,44430
2020-12-02,28.239999771118164,28.290000915527344,28.15999984741211,28.25,22.242807388305664,47764
2020-12-03,28.260000228881836,28.30299949645996,28.21500015258789,28.25,22.242807388305664,55079
2020-12-04,28.229999542236328,28.3799991607666,28.216800689697266,28.299999237060547,22.28217124938965,46827
2020-12-07,28.299999237060547,28.3700008392334,28.190000534057617,28.28499984741211,22.270368576049805,29632
2020-12-08,28.34000015258789,28.389999389648438,28.1299991607666,28.209999084472656,22.21131134033203,53909
2020-12-09,28.350000381469727,28.378599166870117,28.279800415039062,28.309999465942383,22.290050506591797,25429
2020-12-10,28.299999237060547,28.3799991607666,28.18000030517578,28.309999465942383,22.290050506591797,36961
2020-12-11,28.34000015258789,28.540000915527344,28.2549991607666,28.3799991607666,22.345165252685547,64310
2020-12-14,28.260000228881836,28.260000228881836,27.799999237060547,27.889999389648438,22.270801544189453,95583
2020-12-15,27.959999084472656,28.079999923706055,27.809999465942383,28.020000457763672,22.374608993530273,43428
2020-12-16,28.079999923706055,28.489999771118164,28.049999237060547,28.3700008392334,22.65409278869629,95148
2020-12-17,28.420000076293945,28.447099685668945,28.200000762939453,28.260000228881836,22.566255569458008,70697
2020-12-18,28.329999923706055,28.3700008392334,28.209999084472656,28.360000610351562,22.646108627319336,42305
2020-12-21,28.31999969482422,28.739999771118164,28.219999313354492,28.520000457763672,22.77387046813965,47083
2020-12-22,28.68000030517578,28.729999542236328,28.3700008392334,28.649999618530273,22.877676010131836,66132
2020-12-23,28.700000762939453,28.719999313354492,28.440000534057617,28.6200008392334,22.85372543334961,32946
2020-12-24,28.700000762939453,28.739999771118164,28.610000610351562,28.700000762939453,22.917604446411133,18325
2020-12-28,28.729999542236328,28.84000015258789,28.610000610351562,28.68000030517578,22.901636123657227,61161
2020-12-29,28.770000457763672,28.905000686645508,28.649999618530273,28.899999618530273,23.07731056213379,34975
2020-12-30,28.940000534057617,29.110000610351562,28.67009925842285,29.06999969482422,23.213056564331055,35366
2020-12-31,29.15999984741211,29.229999542236328,29.040000915527344,29.18000030517578,23.3008975982666,65415
2021-01-04,29.09000015258789,29.09000015258789,28.579999923706055,28.81999969482422,23.013429641723633,70244
2021-01-05,28.84000015258789,28.989999771118164,28.75,28.989999771118164,23.14917755126953,30612
2021-01-06,28.989999771118164,28.989999771118164,28.200000762939453,28.56999969482422,22.81379508972168,46778
2021-01-07,28.65999984741211,28.65999984741211,28.219999313354492,28.31999969482422,22.614164352416992,91290
2021-01-08,28.40999984741211,28.700000762939453,28.33060073852539,28.520000457763672,22.77387046813965,25449
2021-01-11,28.5,28.5,28.200000762939453,28.200000762939453,22.518342971801758,131669
2021-01-12,28.200000762939453,28.3799991607666,27.670000076293945,28.280000686645508,22.582225799560547,120054
2021-01-13,28.3700008392334,28.90999984741211,28.10919952392578,28.850000381469727,23.037384033203125,44878
2021-01-14,28.920000076293945,29.06999969482422,28.690000534057617,28.979999542236328,23.141193389892578,47560
2021-01-15,29.0,29.100000381469727,28.729400634765625,28.780000686645508,22.981489181518555,43315
2021-01-19,28.81999969482422,29.09000015258789,28.81999969482422,28.959999084472656,23.125219345092773,24787
2021-01-20,29.09000015258789,29.360000610351562,29.014999389648438,29.280000686645508,23.380746841430664,48542
2021-01-21,29.3799991607666,29.3799991607666,28.860000610351562,28.8799991607666,23.06133460998535,82669
2021-01-22,28.950000762939453,29.059999465942383,28.81999969482422,29.059999465942383,23.205074310302734,41015
2021-01-25,29.200000762939453,29.270000457763672,28.709999084472656,28.71500015258789,22.929582595825195,56221
2021-01-26,28.809999465942383,28.959999084472656,28.530000686645508,28.530000686645508,22.781850814819336,44490
2021-01-27,28.639999389648438,28.649999618530273,28.139999389648438,28.139999389648438,22.470430374145508,61479
2021-01-28,28.260000228881836,28.68000030517578,28.260000228881836,28.68000030517578,22.901636123657227,76665
2021-01-29,28.68000030517578,28.68000030517578,28.209999084472656,28.6200008392334,22.85372543334961,96576
2021-02-01,28.75,28.899999618530273,28.520000457763672,28.56999969482422,22.81379508972168,44709
2021-02-02,28.709999084472656,28.86199951171875,28.479999542236328,28.549999237060547,22.79782485961914,76211
2021-02-03,28.510000228881836,28.625,28.09000015258789,28.149999618530273,22.478416442871094,39295
2021-02-04,28.270000457763672,28.435800552368164,27.950000762939453,28.34000015258789,22.630138397216797,49044
2021-02-05,28.3799991607666,28.6299991607666,28.3257999420166,28.440000534057617,22.70998764038086,21737
2021-02-08,28.6200008392334,28.6200008392334,28.385000228881836,28.530000686645508,22.781850814819336,17983
2021-02-09,28.59000015258789,28.799999237060547,28.59000015258789,28.75,22.95753288269043,27265
2021-02-10,28.75,28.75,28.469999313354492,28.6200008392334,22.85372543334961,29620
2021-02-11,28.6200008392334,28.6200008392334,28.299999237060547,28.43000030517578,22.702003479003906,50701
2021-02-12,28.43000030517578,28.540000915527344,28.200000762939453,28.31999969482422,22.614164352416992,48435
2021-02-16,28.350000381469727,28.350000381469727,28.010000228881836,28.010000228881836,22.366626739501953,40369
2021-02-17,28.200000762939453,28.270000457763672,28.049999237060547,28.09000015258789,22.43050193786621,20489
2021-02-18,28.010000228881836,28.200000762939453,27.799999237060547,28.0,22.35863494873047,28351
2021-02-19,28.049999237060547,28.076000213623047,27.90999984741211,27.920000076293945,22.29475975036621,18497
2021-02-22,28.020000457763672,28.020000457763672,27.75,27.815900802612305,22.211633682250977,23721
2021-02-23,27.889999389648438,27.889999389648438,27.56999969482422,27.690000534057617,22.11109733581543,47706
2021-02-24,27.760000228881836,27.850000381469727,27.40999984741211,27.43000030517578,21.903480529785156,59096
2021-02-25,27.479999542236328,27.639999389648438,27.010000228881836,27.110000610351562,21.6479549407959,80332
2021-02-26,27.239999771118164,27.34000015258789,26.790000915527344,27.139999389648438,21.671905517578125,164166
2021-03-01,27.170000076293945,27.415000915527344,27.170000076293945,27.239999771118164,21.751766204833984,42629
2021-03-02,27.200000762939453,27.439899444580078,27.149999618530273,27.40999984741211,21.887508392333984,79522
2021-03-03,27.3799991607666,27.582799911499023,27.209999084472656,27.40999984741211,21.887508392333984,102036
2021-03-04,27.469999313354492,27.600000381469727,27.399999618530273,27.520000457763672,21.97534942626953,46585
2021-03-05,27.559999465942383,27.719999313354492,27.40999984741211,27.649999618530273,22.079153060913086,25002
2021-03-08,27.729999542236328,27.950000762939453,27.670000076293945,27.940000534057617,22.310728073120117,37176
2021-03-09,28.0,28.190000534057617,27.940000534057617,27.959999084472656,22.326696395874023,45264
2021-03-10,28.049999237060547,28.270000457763672,27.886999130249023,28.239999771118164,22.5502872467041,44003
2021-03-11,28.270000457763672,28.459999084472656,28.229999542236328,28.290000915527344,22.590213775634766,38190
2021-03-12,27.93000030517578,27.989999771118164,27.670000076293945,27.989999771118164,22.668668746948242,30396
2021-03-15,28.079999923706055,28.209999084472656,27.809999465942383,28.209999084472656,22.846839904785156,47535
2021-03-16,28.270000457763672,28.469999313354492,28.200000762939453,28.43000030517578,23.02501678466797,37357
2021-03-17,28.40999984741211,28.43000030517578,28.200000762939453,28.40999984741211,23.008819580078125,28978
2021-03-18,28.329999923706055,28.329999923706055,27.8799991607666,28.100000381469727,22.757753372192383,44977
2021-03-19,28.110000610351562,28.25,28.0,28.209999084472656,22.846839904785156,28849
2021-03-22,28.260000228881836,28.3700008392334,28.110000610351562,28.149999618530273,22.798248291015625,37111
2021-03-23,28.190000534057617,28.200000762939453,28.040000915527344,28.040000915527344,22.709163665771484,59408
2021-03-24,28.190000534057617,28.510000228881836,28.187999725341797,28.459999084472656,23.049312591552734,46535
2021-03-25,28.459999084472656,28.700000762939453,28.3799991607666,28.559999465942383,23.130300521850586,75586
2021-03-26,28.649999618530273,28.68869972229004,28.540000915527344,28.600000381469727,23.162696838378906,21965
2021-03-29,28.68000030517578,28.68000030517578,28.34000015258789,28.3799991607666,22.98452377319336,63412
2021-03-30,28.3799991607666,28.579999923706055,28.255699157714844,28.579999923706055,23.146499633789062,36051
2021-03-31,28.600000381469727,28.799999237060547,28.600000381469727,28.700000762939453,23.24368667602539,51808
2021-04-01,28.81999969482422,28.850000381469727,28.719999313354492,28.809999465942383,23.332773208618164,142747
2021-04-05,28.8799991607666,28.889999389648438,28.719999313354492,28.81999969482422,23.340871810913086,51191
2021-04-06,28.860000610351562,28.8799991607666,28.790000915527344,28.809999465942383,23.332773208618164,70651
2021-04-07,28.809999465942383,28.85650062561035,28.780000686645508,28.81999969482422,23.340871810913086,59094
2021-04-08,28.889999389648438,28.93000030517578,28.690000534057617,28.93000030517578,23.42995834350586,28319
2021-04-09,28.899999618530273,28.899999618530273,28.450000762939453,28.510000228881836,23.089805603027344,39882
2021-04-12,28.600000381469727,28.659000396728516,28.469999313354492,28.579999923706055,23.146499633789062,19807
2021-04-13,28.6299991607666,28.6299991607666,28.465900421142578,28.5,23.081708908081055,33032
2021-04-14,28.549999237060547,28.579999923706055,28.450000762939453,28.5,23.081708908081055,282650
2021-04-15,28.559999465942383,28.75,28.549999237060547,28.75,23.2841796875,32892
2021-04-16,28.739999771118164,28.739999771118164,28.450000762939453,28.450000762939453,23.04121208190918,79640
2021-04-19,28.520000457763672,28.579999923706055,28.40999984741211,28.540000915527344,23.114105224609375,22125
2021-04-20,28.579999923706055,28.600000381469727,28.384599685668945,28.600000381469727,23.162696838378906,38161
2021-04-21,28.600000381469727,28.845600128173828,28.600000381469727,28.780000686645508,23.3084774017334,41326
2021-04-22,28.84000015258789,28.84000015258789,28.700000762939453,28.809999465942383,23.332773208618164,24163
2021-04-23,28.850000381469727,28.95989990234375,28.81999969482422,28.920000076293945,23.421859741210938,33197
2021-04-26,28.8799991607666,28.93000030517578,28.84000015258789,28.8799991607666,23.38945960998535,34974
2021-04-27,28.8700008392334,28.969999313354492,28.799999237060547,28.950000762939453,23.446157455444336,45486
2021-04-28,28.989999771118164,28.989999771118164,28.767799377441406,28.950000762939453,23.446157455444336,111902
2021-04-29,28.93000030517578,28.93000030517578,28.75,28.81999969482422,23.340871810913086,18151
2021-04-30,28.81999969482422,28.920000076293945,28.43000030517578,28.530000686645508,23.106002807617188,130991
2021-05-03,28.649999618530273,28.75,28.600000381469727,28.719999313354492,23.259883880615234,30622
2021-05-04,28.65999984741211,28.850000381469727,28.600000381469727,28.75,23.2841796875,36715
2021-05-05,28.889999389648438,28.959999084472656,28.809999465942383,28.899999618530273,23.405662536621094,27451
2021-05-06,28.8700008392334,28.959999084472656,28.75,28.940000534057617,23.43805694580078,28216
2021-05-07,28.989999771118164,29.100000381469727,28.959999084472656,29.100000381469727,23.567642211914062,38183
2021-05-10,29.100000381469727,29.100000381469727,28.920000076293945,28.959999084472656,23.454254150390625,35345
2021-05-11,28.860000610351562,28.881500244140625,28.690000534057617,28.829999923706055,23.348970413208008,31470
2021-05-12,28.790000915527344,28.790000915527344,28.430099487304688,28.540000915527344,23.114105224609375,46682
2021-05-13,28.649999618530273,28.920000076293945,28.649999618530273,28.65999984741211,23.21129035949707,18491
2021-05-14,28.729999542236328,28.89859962463379,28.684999465942383,28.8700008392334,23.381366729736328,29722
2021-05-17,28.93000030517578,28.93000030517578,28.719999313354492,28.90999984741211,23.413761138916016,25768
2021-05-18,28.81999969482422,28.959999084472656,28.811100006103516,28.940000534057617,23.43805694580078,19754
2021-05-19,28.809999465942383,28.940000534057617,28.809999465942383,28.90999984741211,23.413761138916016,21302
2021-05-20,28.8700008392334,29.030000686645508,28.8700008392334,28.920000076293945,23.421859741210938,18448
2021-05-21,29.09000015258789,29.209999084472656,28.959999084472656,29.100000381469727,23.567642211914062,45865
2021-05-24,29.260000228881836,29.260000228881836,28.809999465942383,29.049999237060547,23.52714729309082,27433
2021-05-25,29.059999465942383,29.188499450683594,29.0,29.040000915527344,23.519044876098633,28841
2021-05-26,29.079999923706055,29.079999923706055,28.920000076293945,28.920000076293945,23.421859741210938,73437
2021-05-27,29.049999237060547,29.1299991607666,28.889999389648438,29.020000457763672,23.502849578857422,50175
2021-05-28,29.079999923706055,29.200000762939453,28.940000534057617,29.200000762939453,23.64862823486328,82418
2021-06-01,29.190000534057617,29.34000015258789,29.18000030517578,29.280000686645508,23.713415145874023,41566
2021-06-02,29.219999313354492,29.43000030517578,29.219999313354492,29.360000610351562,23.778209686279297,48352
2021-06-03,29.350000381469727,29.450000762939453,29.28529930114746,29.3700008392334,23.786306381225586,30769
2021-06-04,29.3700008392334,29.4822998046875,29.15999984741211,29.209999084472656,23.656723022460938,43484
2021-06-07,29.260000228881836,29.274999618530273,29.07110023498535,29.229999542236328,23.672922134399414,32832
2021-06-08,29.229999542236328,29.280000686645508,29.020000457763672,29.110000610351562,23.57573890686035,50496
2021-06-09,29.18000030517578,29.190000534057617,29.059999465942383,29.170000076293945,23.624332427978516,39331
2021-06-10,29.200000762939453,29.34000015258789,29.09079933166504,29.239999771118164,23.681018829345703,64999
2021-06-11,29.190000534057617,29.389999389648438,29.190000534057617,29.389999389648438,23.802505493164062,25738
2021-06-14,29.100000381469727,29.40999984741211,29.079999923706055,29.40999984741211,24.144746780395508,40863
2021-06-15,29.389999389648438,29.389999389648438,29.190000534057617,29.23200035095215,23.99861717224121,34254
2021-06-16,29.34000015258789,29.34000015258789,29.100000381469727,29.190000534057617,23.964136123657227,44659
2021-06-17,29.219999313354492,29.239999771118164,29.15999984741211,29.200000762939453,23.972347259521484,38449
2021-06-18,29.190000534057617,29.209999084472656,29.15999984741211,29.200000762939453,23.972347259521484,27431
2021-06-21,29.209999084472656,29.279699325561523,29.18000030517578,29.25,24.013391494750977,33272
2021-06-22,29.299999237060547,29.309999465942383,29.229999542236328,29.25,24.013391494750977,45348
2021-06-23,29.299999237060547,29.399999618530273,29.299999237060547,29.350000381469727,24.095491409301758,22579
2021-06-24,29.389999389648438,29.479999542236328,29.299999237060547,29.360000610351562,24.10369873046875,27067
2021-06-25,29.450000762939453,29.450000762939453,29.229999542236328,29.360000610351562,24.10369873046875,26048
2021-06-28,29.440000534057617,29.440000534057617,29.25,29.399999618530273,24.13653564453125,30492
2021-06-29,29.399999618530273,29.459999084472656,29.299999237060547,29.309999465942383,24.06264877319336,39753
2021-06-30,29.389999389648438,29.489999771118164,29.31999969482422,29.399999618530273,24.13653564453125,163156
2021-07-01,29.510000228881836,29.539899826049805,29.43000030517578,29.489999771118164,24.21042251586914,23173
2021-07-02,29.5,29.731000900268555,29.5,29.56999969482422,24.276103973388672,22414
2021-07-06,29.739999771118164,29.75,29.600000381469727,29.700000762939453,24.38282585144043,24372
2021-07-07,29.790000915527344,29.790000915527344,29.690000534057617,29.729999542236328,24.407459259033203,35738
2021-07-08,29.6299991607666,29.7549991607666,29.610000610351562,29.700000762939453,24.38282585144043,38239
2021-07-09,29.809999465942383,29.809999465942383,29.649999618530273,29.649999618530273,24.341779708862305,32051
2021-07-12,29.729999542236328,29.790000915527344,29.649999618530273,29.75,24.423877716064453,23327
2021-07-13,29.790000915527344,29.790000915527344,29.549999237060547,29.6200008392334,24.317153930664062,37543
2021-07-14,29.739999771118164,29.739999771118164,29.510000228881836,29.579999923706055,24.284313201904297,62422
2021-07-15,29.6299991607666,29.75,29.510000228881836,29.559999465942383,24.26789093017578,23300
2021-07-16,29.639999389648438,29.639999389648438,29.3799991607666,29.399999618530273,24.13653564453125,30380
2021-07-19,29.43000030517578,29.440000534057617,29.219999313354492,29.219999313354492,23.9887638092041,15544
2021-07-20,29.299999237060547,29.510000228881836,29.18000030517578,29.485000610351562,24.20631980895996,15940
2021-07-21,29.520000457763672,29.600000381469727,29.290000915527344,29.600000381469727,24.300731658935547,25403
2021-07-22,29.600000381469727,29.600000381469727,29.40999984741211,29.459999084472656,24.185792922973633,21843
2021-07-23,29.510000228881836,29.549999237060547,29.3700008392334,29.520000457763672,24.23505401611328,15590
2021-07-26,29.6299991607666,29.6299991607666,29.40999984741211,29.629899978637695,24.325279235839844,19504
2021-07-27,29.6299991607666,29.739999771118164,29.43000030517578,29.700000762939453,24.38282585144043,26085
2021-07-28,29.780000686645508,29.780000686645508,29.5,29.610000610351562,24.308940887451172,33963
2021-07-29,29.6200008392334,29.729999542236328,29.5,29.729999542236328,24.407459259033203,25035
2021-07-30,29.719999313354492,29.889999389648438,29.700000762939453,29.75,24.423877716064453,74676
2021-08-02,29.729999542236328,29.860000610351562,29.6299991607666,29.75,24.423877716064453,44576
2021-08-03,29.799999237060547,29.850000381469727,29.690000534057617,29.773000717163086,24.442760467529297,24186
2021-08-04,29.799999237060547,29.84000015258789,29.75,29.799999237060547,24.464927673339844,24495
2021-08-05,29.8799991607666,29.899999618530273,29.799999237060547,29.823999404907227,24.484628677368164,42183
2021-08-06,29.850000381469727,29.899999618530273,29.729999542236328,29.860000610351562,24.514183044433594,32120
2021-08-09,29.940000534057617,29.940000534057617,29.59000015258789,29.65999984741211,24.34998893737793,32412
2021-08-10,29.739999771118164,29.739999771118164,29.06999969482422,29.5,24.218631744384766,20446
2021-08-11,29.600000381469727,29.600000381469727,29.389999389648438,29.520000457763672,24.23505401611328,6410
2021-08-12,29.510000228881836,29.719999313354492,29.5,29.649999618530273,24.341779708862305,24095
2021-08-13,29.68000030517578,29.8612003326416,29.530000686645508,29.829999923706055,24.48955726623535,28134
2021-08-16,29.799999237060547,29.860000610351562,29.770000457763672,29.829999923706055,24.48955726623535,28126
2021-08-17,29.829999923706055,29.829999923706055,29.709999084472656,29.81999969482422,24.481346130371094,25058
2021-08-18,29.81999969482422,29.81999969482422,29.649599075317383,29.739999771118164,24.41567039489746,23143
2021-08-19,29.690000534057617,29.77280044555664,29.575000762939453,29.729999542236328,24.407459259033203,43154
2021-08-20,29.639999389648438,29.87809944152832,29.639999389648438,29.760000228881836,24.432086944580078,26302
2021-08-23,29.84000015258789,29.850000381469727,29.726900100708008,29.84000015258789,24.497764587402344,13308
2021-08-24,29.719999313354492,29.867599487304688,29.719999313354492,29.850000381469727,24.505971908569336,16332
2021-08-25,29.850000381469727,29.8700008392334,29.760000228881836,29.850000381469727,24.505971908569336,24146
2021-08-26,29.850000381469727,29.850000381469727,29.65999984741211,29.65999984741211,24.34998893737793,8329
2021-08-27,29.729999542236328,29.864999771118164,29.610000610351562,29.81999969482422,24.481346130371094,25014
2021-08-30,29.850000381469727,29.879899978637695,29.739999771118164,29.809999465942383,24.47313690185547,27508
2021-08-31,29.719999313354492,29.799999237060547,29.670000076293945,29.75,24.423877716064453,82047
2021-09-01,29.829999923706055,29.899999618530273,29.748699188232422,29.8799991607666,24.530601501464844,28120
2021-09-02,29.920000076293945,29.950000762939453,29.840099334716797,29.8799991607666,24.530601501464844,41268
2021-09-03,29.93000030517578,30.030000686645508,29.799999237060547,30.010000228881836,24.6373291015625,20763
2021-09-07,29.979999542236328,29.979999542236328,29.719999313354492,29.905000686645508,24.551124572753906,23658
2021-09-08,29.920000076293945,29.989999771118164,29.860000610351562,29.940000534057617,24.57986068725586,41112
2021-09-09,29.940000534057617,29.959999084472656,29.899999618530273,29.950000762939453,24.588071823120117,32104
2021-09-10,29.90999984741211,30.077199935913086,29.90999984741211,29.979999542236328,24.612701416015625,28541
2021-09-13,30.079999923706055,30.079999923706055,29.860000610351562,29.950000762939453,24.588071823120117,28586
2021-09-14,29.65999984741211,29.65999984741211,29.431400299072266,29.579999923706055,24.610431671142578,19013
2021-09-15,29.579999923706055,29.600000381469727,29.43000030517578,29.530000686645508,24.568830490112305,19133
2021-09-16,29.600000381469727,29.81999969482422,29.541500091552734,29.780000686645508,24.776830673217773,55591
2021-09-17,29.81999969482422,29.889999389648438,29.649999618530273,29.81999969482422,24.810110092163086,23061
2021-09-20,29.670000076293945,29.670000076293945,29.420000076293945,29.530000686645508,24.568830490112305,53046
2021-09-21,29.579999923706055,29.649999618530273,29.469999313354492,29.5,24.543869018554688,22959
2021-09-22,29.40999984741211,29.889999389648438,29.40999984741211,29.889999389648438,24.868349075317383,49955
2021-09-23,29.93000030517578,30.0,29.56999969482422,29.81999969482422,24.810110092163086,45158
2021-09-24,29.770000457763672,29.770000457763672,29.549999237060547,29.670000076293945,24.68531036376953,28500
2021-09-27,29.600000381469727,29.600000381469727,29.459999084472656,29.520000457763672,24.560510635375977,28013
2021-09-28,29.450000762939453,29.666900634765625,29.049999237060547,29.110000610351562,24.219392776489258,47555
2021-09-29,29.270000457763672,29.579999923706055,29.15999984741211,29.579999923706055,24.610431671142578,36921
2021-09-30,29.469999313354492,29.739999771118164,29.469999313354492,29.65999984741211,24.676990509033203,78787
2021-10-01,29.729999542236328,29.75,29.600000381469727,29.608999252319336,24.63456153869629,34533
2021-10-04,29.549999237060547,29.559999465942383,29.30500030517578,29.31999969482422,24.39410972595215,23417
2021-10-05,29.420000076293945,29.479999542236328,29.270000457763672,29.34000015258789,24.410755157470703,54144
2021-10-06,29.34000015258789,29.479999542236328,29.139999389648438,29.479999542236328,24.527231216430664,37226
2021-10-07,29.479999542236328,29.479999542236328,29.18000030517578,29.235000610351562,24.32339096069336,22315
2021-10-08,29.34000015258789,29.34000015258789,29.059999465942383,29.200000762939453,24.29427719116211,23762
2021-10-11,29.299999237060547,29.299999237060547,29.197900772094727,29.200000762939453,24.29427719116211,21486
2021-10-12,29.25,29.600000381469727,29.25,29.469999313354492,24.518909454345703,32287
2021-10-13,29.510000228881836,29.722200393676758,29.399999618530273,29.56999969482422,24.60211181640625,34159
2021-10-14,29.700000762939453,29.81999969482422,29.549999237060547,29.719999313354492,24.726909637451172,38276
2021-10-15,29.770000457763672,29.770000457763672,29.459999084472656,29.56999969482422,24.60211181640625,66487
2021-10-18,29.600000381469727,29.600000381469727,29.470600128173828,29.600000381469727,24.627071380615234,17952
2021-10-19,29.6299991607666,29.700000762939453,29.459999084472656,29.59000015258789,24.61875343322754,47381
2021-10-20,29.610000610351562,29.700000762939453,29.450000762939453,29.670000076293945,24.68531036376953,39112
2021-10-21,29.690000534057617,29.799999237060547,29.639999389648438,29.788400650024414,24.7838191986084,39455
2021-10-22,29.81999969482422,29.829999923706055,29.579999923706055,29.61989974975586,24.64362907409668,27248
2021-10-25,29.610000610351562,29.780000686645508,29.579999923706055,29.770000457763672,24.76851463317871,25735
2021-10-26,29.829999923706055,29.850000381469727,29.719999313354492,29.809999465942383,24.80179214477539,31543
2021-10-27,29.809999465942383,29.8799991607666,29.739999771118164,29.799999237060547,24.793472290039062,20786
2021-10-28,29.81999969482422,29.880800247192383,29.790000915527344,29.81999969482422,24.810110092163086,33040
2021-10-29,29.780000686645508,29.979999542236328,29.780000686645508,29.889999389648438,24.868349075317383,73079
2021-11-01,29.93000030517578,30.040000915527344,29.889999389648438,29.989999771118164,24.951547622680664,42772
2021-11-02,29.979999542236328,30.030000686645508,29.93000030517578,30.0,24.959869384765625,33854
2021-11-03,30.049999237060547,30.06999969482422,29.93000030517578,29.989999771118164,24.951547622680664,21605
2021-11-04,30.010000228881836,30.200000762939453,29.90999984741211,30.1200008392334,25.059711456298828,43867
2021-11-05,30.170000076293945,30.309999465942383,30.135000228881836,30.25,25.16786766052246,31976
2021-11-08,30.299999237060547,30.350000381469727,30.149999618530273,30.219999313354492,25.14291000366211,37455
2021-11-09,30.309999465942383,30.309999465942383,29.8799991607666,29.899999618530273,24.876670837402344,599546
2021-11-10,29.850000381469727,29.860000610351562,29.479999542236328,29.489999771118164,24.53554916381836,37316
2021-11-11,29.600000381469727,29.639999389648438,29.3799991607666,29.440000534057617,24.49394989013672,21470
2021-11-12,29.510000228881836,29.519899368286133,29.360000610351562,29.405000686645508,24.464834213256836,11046
2021-11-15,29.530000686645508,29.540000915527344,29.25,29.280000686645508,24.3608341217041,42356
2021-11-16,29.209999084472656,29.440000534057617,29.200000762939453,29.200000762939453,24.29427719116211,28067
2021-11-17,29.149999618530273,29.28219985961914,29.1200008392334,29.149999618530273,24.252674102783203,46063
2021-11-18,29.219999313354492,29.290000915527344,29.030000686645508,29.139999389648438,24.244352340698242,22387
2021-11-19,29.209999084472656,29.209999084472656,28.979999542236328,29.110000610351562,24.219392776489258,22104
2021-11-22,29.100000381469727,29.229999542236328,28.81999969482422,28.84000015258789,23.994754791259766,29818
2021-11-23,28.84000015258789,28.84000015258789,28.68000030517578,28.799999237060547,23.96147346496582,21059
2021-11-24,28.809999465942383,28.809999465942383,28.6299991607666,28.65999984741211,23.844995498657227,34891
2021-11-26,28.600000381469727,28.600000381469727,28.1200008392334,28.170000076293945,23.43731689453125,25106
2021-11-29,28.3799991607666,28.479999542236328,28.280000686645508,28.479999542236328,23.695236206054688,20322
2021-11-30,28.440000534057617,28.489999771118164,28.239999771118164,28.489999771118164,23.70355224609375,121981
2021-12-01,28.6299991607666,28.75860023498535,28.450000762939453,28.549999237060547,23.75347328186035,27895
2021-12-02,28.520000457763672,28.782800674438477,28.473899841308594,28.729999542236328,23.903234481811523,24787
2021-12-03,28.81999969482422,28.81999969482422,28.610000610351562,28.719999313354492,23.894914627075195,22753
2021-12-06,28.84000015258789,28.84000015258789,28.704999923706055,28.809999465942383,23.96979522705078,19785
2021-12-07,28.90999984741211,29.09000015258789,28.899999618530273,29.020000457763672,24.144515991210938,40305
2021-12-08,29.040000915527344,29.059999465942383,28.940000534057617,29.020000457763672,24.144515991210938,29623
2021-12-09,29.010000228881836,29.170000076293945,28.979400634765625,29.149999618530273,24.252674102783203,25545
2021-12-10,29.219999313354492,29.219999313354492,28.989999771118164,29.06999969482422,24.186115264892578,21807
2021-12-13,29.09000015258789,29.190000534057617,28.92009925842285,29.139999389648438,24.244352340698242,36508
2021-12-14,28.81999969482422,28.829999923706055,28.628000259399414,28.700000762939453,24.207977294921875,25759
2021-12-15,28.770000457763672,28.90999984741211,28.639999389648438,28.860000610351562,24.342933654785156,28691
2021-12-16,28.780000686645508,29.280000686645508,28.780000686645508,29.239999771118164,24.663461685180664,67969
2021-12-17,29.190000534057617,29.299999237060547,28.89900016784668,28.920000076293945,24.393543243408203,50910
2021-12-20,28.809999465942383,29.06999969482422,28.75,28.81999969482422,24.30919647216797,31200
2021-12-21,28.8700008392334,29.1299991607666,28.8700008392334,29.1200008392334,24.562240600585938,115190
2021-12-22,29.1200008392334,29.3700008392334,29.1200008392334,29.31999969482422,24.73093605041504,85462
2021-12-23,29.420000076293945,29.600000381469727,29.350000381469727,29.5,24.88276481628418,188315
2021-12-27,29.549999237060547,29.549999237060547,29.329999923706055,29.329999923706055,24.73937225341797,23292
2021-12-28,29.329999923706055,29.549999237060547,29.329999923706055,29.40999984741211,24.806854248046875,22977
2021-12-29,29.450000762939453,29.618900299072266,29.389999389648438,29.540000915527344,24.916505813598633,14592
2021-12-30,29.610000610351562,29.610000610351562,29.399999618530273,29.520000457763672,24.899635314941406,36598
2021-12-31,29.510000228881836,29.6200008392334,29.450000762939453,29.520000457763672,24.899635314941406,69449
2022-01-03,29.6200008392334,29.6200008392334,29.420000076293945,29.5,24.88276481628418,18921
2022-01-04,29.489999771118164,29.489999771118164,29.180099487304688,29.280000686645508,24.697195053100586,29474
2022-01-05,29.34000015258789,29.519899368286133,28.979999542236328,29.030000686645508,24.486330032348633,57892
2022-01-06,29.170000076293945,29.295000076293945,28.770000457763672,29.280000686645508,24.697195053100586,28089
2022-01-07,29.1299991607666,29.2273006439209,28.84000015258789,28.93000030517578,24.401979446411133,37620
2022-01-10,28.790000915527344,28.809999465942383,28.579999923706055,28.770000457763672,24.26702308654785,99142
2022-01-11,28.760000228881836,29.049999237060547,28.760000228881836,29.049999237060547,24.50319480895996,37404
2022-01-12,29.049999237060547,29.201000213623047,28.809999465942383,29.15999984741211,24.595979690551758,22973
2022-01-13,29.059999465942383,29.350000381469727,29.059999465942383,29.34000015258789,24.747806549072266,27595
2022-01-14,29.25,29.360000610351562,29.06999969482422,29.09000015258789,24.536935806274414,63863
2022-01-18,29.010000228881836,29.030000686645508,28.670000076293945,28.670000076293945,24.182674407958984,26839
2022-01-19,28.760000228881836,29.040000915527344,28.760000228881836,28.850000381469727,24.334501266479492,63988
2022-01-20,28.959999084472656,29.100000381469727,28.8700008392334,28.8700008392334,24.351369857788086,32362
2022-01-21,28.770000457763672,28.8799991607666,28.670000076293945,28.8799991607666,24.35980224609375,36080
2022-01-24,28.790000915527344,28.790000915527344,28.385000228881836,28.698999404907227,24.207136154174805,41107
2022-01-25,28.549999237060547,28.5939998626709,28.309999465942383,28.3700008392334,23.929630279541016,52577
2022-01-26,28.479999542236328,28.510000228881836,28.020000457763672,28.040000915527344,23.651281356811523,40936
2022-01-27,28.309999465942383,28.350000381469727,27.579999923706055,27.6200008392334,23.297019958496094,70156
2022-01-28,27.770000457763672,27.877300262451172,27.399999618530273,27.639999389648438,23.313888549804688,68378
2022-01-31,27.709999084472656,27.940000534057617,27.59000015258789,27.809999465942383,23.457279205322266,75890
2022-02-01,27.90999984741211,28.0,27.829999923706055,27.8799991607666,23.51631736755371,37509
2022-02-02,27.950000762939453,28.0,27.600000381469727,27.600000381469727,23.280147552490234,36263
2022-02-03,27.440000534057617,27.540000915527344,27.09000015258789,27.399999618530273,23.1114501953125,52497
2022-02-04,27.329999923706055,27.329999923706055,26.950000762939453,27.010000228881836,22.782489776611328,33403
2022-02-07,27.1299991607666,27.190000534057617,26.895000457763672,27.040000915527344,22.807798385620117,96429
2022-02-08,26.959999084472656,26.959999084472656,26.690000534057617,26.770000457763672,22.58005714416504,83185
2022-02-09,26.8799991607666,26.899999618530273,26.6200008392334,26.75,22.563188552856445,68243
2022-02-10,26.649999618530273,26.649999618530273,26.270000457763672,26.610000610351562,22.445098876953125,111064
2022-02-11,26.489999771118164,26.760000228881836,26.149999618530273,26.299999237060547,22.183616638183594,143724
2022-02-14,26.350000381469727,26.479999542236328,26.059999465942383,26.3799991607666,22.2510929107666,93568
2022-02-15,26.3700008392334,26.8799991607666,26.325000762939453,26.6200008392334,22.453535079956055,124489
2022-02-16,26.510000228881836,27.040000915527344,26.506999969482422,26.850000381469727,22.64753532409668,80742
2022-02-17,26.75,27.1200008392334,26.75,26.889999389648438,22.681272506713867,72566
2022-02-18,26.739999771118164,27.002199172973633,26.739999771118164,26.940000534057617,22.72344970703125,34654
2022-02-22,26.760000228881836,26.860000610351562,26.5,26.56999969482422,22.41135597229004,28704
2022-02-23,26.600000381469727,26.68000030517578,26.366899490356445,26.450000762939453,22.31014060974121,48081
2022-02-24,26.34000015258789,26.559999465942383,26.309999465942383,26.559999465942383,22.402921676635742,44798
2022-02-25,26.829999923706055,26.962400436401367,26.520000457763672,26.780000686645508,22.588489532470703,38074
2022-02-28,26.700000762939453,27.260000228881836,26.700000762939453,27.100000381469727,22.8584041595459,70338
2022-03-01,27.1200008392334,27.239999771118164,27.020000457763672,27.209999084472656,22.951190948486328,134575
2022-03-02,27.200000762939453,27.280000686645508,27.149999618530273,27.280000686645508,23.010231018066406,36603
2022-03-03,27.280000686645508,27.280000686645508,27.110000610351562,27.139999389648438,22.892141342163086,39835
2022-03-04,27.020000457763672,27.149999618530273,26.690000534057617,26.690000534057617,22.512575149536133,46026
2022-03-07,26.739999771118164,26.739999771118164,26.31999969482422,26.329999923706055,22.20892333984375,51470
2022-03-08,26.309999465942383,26.520000457763672,26.280000686645508,26.520000457763672,22.369182586669922,48045
2022-03-09,26.690000534057617,26.989999771118164,26.68000030517578,26.959999084472656,22.740314483642578,24855
2022-03-10,26.770000457763672,26.959999084472656,26.690000534057617,26.959999084472656,22.740314483642578,21788
2022-03-11,26.950000762939453,27.079999923706055,26.520000457763672,26.549999237060547,22.394487380981445,27353
2022-03-14,26.1200008392334,26.1200008392334,25.559999465942383,25.56999969482422,21.895166397094727,73020
2022-03-15,25.65999984741211,26.170000076293945,25.640399932861328,26.100000381469727,22.348995208740234,51372
2022-03-16,26.149999618530273,26.6200008392334,25.989999771118164,26.450000762939453,22.648698806762695,59120
2022-03-17,26.459999084472656,26.780000686645508,26.43000030517578,26.729999542236328,22.888458251953125,35199
2022-03-18,26.719999313354492,27.040000915527344,26.530899047851562,26.780000686645508,22.931272506713867,41379
2022-03-21,26.760000228881836,26.850000381469727,26.260000228881836,26.43000030517578,22.631572723388672,25079
2022-03-22,26.43000030517578,26.690000534057617,26.190000534057617,26.479999542236328,22.674381256103516,30325
2022-03-23,26.520000457763672,26.530000686645508,26.315000534057617,26.340099334716797,22.554590225219727,20794
2022-03-24,26.440000534057617,26.440000534057617,26.190000534057617,26.280000686645508,22.503128051757812,31429
2022-03-25,26.200000762939453,26.489999771118164,25.989999771118164,26.09000015258789,22.340435028076172,81465
2022-03-28,26.15999984741211,26.280000686645508,26.030000686645508,26.094999313354492,22.344715118408203,22148
2022-03-29,26.239999771118164,26.420000076293945,26.229999542236328,26.420000076293945,22.62300682067871,38445
2022-03-30,26.459999084472656,26.670000076293945,26.414899826049805,26.65999984741211,22.828516006469727,29101
2022-03-31,26.639999389648438,26.709999084472656,26.459999084472656,26.459999084472656,22.657258987426758,58429
2022-04-01,26.459999084472656,26.6299991607666,26.320499420166016,26.40999984741211,22.61444664001465,24011
2022-04-04,26.40999984741211,26.549999237060547,26.229999542236328,26.34000015258789,22.554508209228516,49094
2022-04-05,26.34000015258789,26.34000015258789,25.950000762939453,25.950000762939453,22.220556259155273,34827
2022-04-06,25.729999542236328,26.010000228881836,25.729999542236328,25.8700008392334,22.15205192565918,46432
2022-04-07,25.84000015258789,26.200000762939453,25.84000015258789,26.149999618530273,22.39181137084961,23571
2022-04-08,25.969999313354492,26.135000228881836,25.770000457763672,25.799999237060547,22.092113494873047,29239
2022-04-11,25.780000686645508,25.799999237060547,25.610000610351562,25.670000076293945,21.98079490661621,46910
2022-04-12,25.799999237060547,25.899999618530273,25.65999984741211,25.68000030517578,21.989356994628906,34753
2022-04-13,25.649999618530273,25.8700008392334,25.530000686645508,25.639999389648438,21.955110549926758,44902
2022-04-14,25.549999237060547,25.6200008392334,25.219999313354492,25.3700008392334,21.72391128540039,104369
2022-04-18,25.389999389648438,25.483299255371094,25.34000015258789,25.389999389648438,21.741037368774414,66237
2022-04-19,25.350000381469727,25.389999389648438,25.219999313354492,25.329999923706055,21.689659118652344,53154
2022-04-20,25.40999984741211,25.69860076904297,25.399999618530273,25.420000076293945,21.766725540161133,36896
2022-04-21,25.510000228881836,25.610000610351562,25.290000915527344,25.3799991607666,21.732471466064453,46968
2022-04-22,25.40999984741211,25.43000030517578,25.209999084472656,25.350000381469727,21.706785202026367,34698
2022-04-25,25.350000381469727,25.540000915527344,25.246400833129883,25.540000915527344,21.869478225708008,38475
2022-04-26,25.579999923706055,25.670000076293945,25.274999618530273,25.309999465942383,21.67253303527832,29244
2022-04-27,25.31999969482422,25.579999923706055,24.56999969482422,24.6299991607666,21.09026336669922,65105
2022-04-28,24.690000534057617,25.6299991607666,24.40999984741211,25.43000030517578,21.775291442871094,113171
2022-04-29,25.350000381469727,25.5,25.053300857543945,25.450000762939453,21.79241371154785,143392
2022-05-02,25.280000686645508,25.399999618530273,24.510000228881836,24.719999313354492,21.167325973510742,80144
2022-05-03,24.81999969482422,25.190000534057617,24.6299991607666,25.059999465942383,21.458463668823242,103406
2022-05-04,25.040000915527344,25.829999923706055,24.920000076293945,25.68000030517578,21.989356994628906,59949
2022-05-05,25.100000381469727,25.100000381469727,24.59000015258789,24.90999984741211,21.330020904541016,61872
2022-05-06,24.75,24.760000228881836,24.5,24.649999618530273,21.10738754272461,88828
2022-05-09,24.649999618530273,24.862899780273438,24.149999618530273,24.309999465942383,20.816251754760742,67126
2022-05-10,24.6200008392334,24.81999969482422,24.176000595092773,24.389999389648438,20.88475227355957,100448
2022-05-11,24.5,24.764999389648438,24.209999084472656,24.34000015258789,20.84193992614746,33440
2022-05-12,24.200000762939453,24.65999984741211,24.200000762939453,24.479999542236328,20.96181869506836,56232
2022-05-13,24.559999465942383,24.84000015258789,24.219999313354492,24.3700008392334,20.867630004882812,30843
2022-05-16,24.3700008392334,24.670000076293945,24.149999618530273,24.440000534057617,20.927568435668945,71197
2022-05-17,24.440000534057617,25.030000686645508,24.3799991607666,24.3799991607666,20.876188278198242,65897
2022-05-18,24.420000076293945,25.079999923706055,24.335599899291992,24.790000915527344,21.22726821899414,102485
2022-05-19,24.8799991607666,25.549999237060547,24.799999237060547,25.280000686645508,21.6468448638916,212387
2022-05-20,25.43000030517578,25.5,25.1299991607666,25.290000915527344,21.655406951904297,82296
2022-05-23,25.290000915527344,25.959999084472656,25.229999542236328,25.790000915527344,22.083553314208984,171258
2022-05-24,25.790000915527344,25.959999084472656,25.600000381469727,25.829999923706055,22.117801666259766,79662
2022-05-25,25.889999389648438,26.24180030822754,25.889999389648438,25.93000030517578,22.203428268432617,42978
2022-05-26,25.850000381469727,26.316999435424805,25.700000762939453,25.760000228881836,22.057861328125,65485
2022-05-27,25.899999618530273,26.670000076293945,25.760000228881836,26.649999618530273,22.8199520111084,49714
2022-05-31,26.709999084472656,26.709999084472656,26.149999618530273,26.190000534057617,22.426067352294922,132355
2022-06-01,26.43000030517578,26.545000076293945,25.979999542236328,25.979999542236328,22.246246337890625,28988
2022-06-02,25.829999923706055,25.979999542236328,25.709999084472656,25.90999984741211,22.186302185058594,23061
2022-06-03,25.75,25.982099533081055,25.649999618530273,25.649999618530273,21.96367073059082,29921
2022-06-06,25.81999969482422,26.0669002532959,25.649999618530273,25.815000534057617,22.10495948791504,30363
2022-06-07,25.75,26.260000228881836,25.75,26.15999984741211,22.400375366210938,33638
2022-06-08,26.1200008392334,26.280000686645508,25.899999618530273,25.899999618530273,22.1777400970459,30942
2022-06-09,25.959999084472656,26.008899688720703,25.84000015258789,25.850000381469727,22.13492774963379,27153
2022-06-10,25.729999542236328,25.729999542236328,24.739999771118164,25.0,21.407085418701172,75787
2022-06-13,24.5,24.528499603271484,23.770000457763672,24.030000686645508,20.576494216918945,60705
2022-06-14,23.799999237060547,23.934999465942383,23.489999771118164,23.600000381469727,20.547653198242188,64706
2022-06-15,23.84000015258789,24.56999969482422,23.84000015258789,24.229999542236328,21.096168518066406,64986
2022-06-16,24.079999923706055,24.18000030517578,23.399999618530273,23.610000610351562,20.556360244750977,40939
2022-06-17,23.739999771118164,23.739999771118164,23.25779914855957,23.260000228881836,20.251625061035156,64017
2022-06-21,23.479999542236328,23.75,23.280000686645508,23.75,20.67824935913086,67692
2022-06-22,23.600000381469727,24.030000686645508,23.600000381469727,23.829999923706055,20.74790382385254,32427
2022-06-23,24.0,24.32990074157715,23.796600341796875,23.90999984741211,20.817554473876953,59577
2022-06-24,24.020000457763672,24.299999237060547,23.899999618530273,24.139999389648438,21.017810821533203,111680
2022-06-27,24.1299991607666,24.399999618530273,24.02120018005371,24.399999618530273,21.24418067932129,33382
2022-06-28,24.520000457763672,24.520000457763672,24.125,24.360000610351562,21.209354400634766,23909
2022-06-29,24.200000762939453,24.690000534057617,24.110000610351562,24.690000534057617,21.496673583984375,35802
2022-06-30,24.610000610351562,24.729999542236328,24.44499969482422,24.59000015258789,21.40960693359375,63226
2022-07-01,24.719999313354492,25.149999618530273,24.71739959716797,25.030000686645508,21.792699813842773,29809
2022-07-05,25.030000686645508,25.170000076293945,24.649999618530273,24.989999771118164,21.757869720458984,38401
2022-07-06,25.030000686645508,25.149999618530273,24.696199417114258,24.799999237060547,21.592445373535156,32139
2022-07-07,24.979999542236328,25.290000915527344,24.825000762939453,25.170000076293945,21.91459083557129,41872
2022-07-08,25.020000457763672,25.25,25.020000457763672,25.239999771118164,21.97553825378418,17354
2022-07-11,25.280000686645508,25.309999465942383,25.161399841308594,25.28499984741211,22.01471710205078,18379
2022-07-12,25.290000915527344,25.5,25.15999984741211,25.15999984741211,21.905885696411133,11181
2022-07-13,24.969999313354492,25.299999237060547,24.81999969482422,25.0,21.766578674316406,31669
2022-07-14,24.979999542236328,25.062999725341797,24.790000915527344,24.94499969482422,21.718690872192383,15879
2022-07-15,25.1200008392334,25.375699996948242,24.875,24.899999618530273,21.67951202392578,22332
2022-07-18,25.15999984741211,25.3799991607666,25.045000076293945,25.229999542236328,21.966833114624023,23557
2022-07-19,25.34000015258789,25.489999771118164,25.283199310302734,25.479999542236328,22.18449592590332,22096
2022-07-20,25.489999771118164,25.739999771118164,25.389999389648438,25.729999542236328,22.402162551879883,22775
2022-07-21,25.709999084472656,25.799999237060547,25.469999313354492,25.799999237060547,22.463109970092773,20177
2022-07-22,25.920000076293945,26.040000915527344,25.809999465942383,25.989999771118164,22.628536224365234,10408
2022-07-25,25.950000762939453,25.969999313354492,25.770000457763672,25.93000030517578,22.576295852661133,16709
2022-07-26,25.969999313354492,26.149999618530273,25.8700008392334,26.018400192260742,22.653261184692383,20173
2022-07-27,26.1200008392334,26.20050048828125,26.067899703979492,26.079999923706055,22.706893920898438,6202
2022-07-28,26.170000076293945,26.510000228881836,26.08009910583496,26.450000762939453,23.02903938293457,35383
2022-07-29,26.510000228881836,26.8799991607666,26.200000762939453,26.81999969482422,23.351184844970703,79457
2022-08-01,26.75,27.0,26.64299964904785,27.0,23.507904052734375,31470
2022-08-02,26.950000762939453,27.530000686645508,26.799999237060547,27.219999313354492,23.699451446533203,128790
2022-08-03,27.25,27.411399841308594,27.09000015258789,27.3799991607666,23.838756561279297,48339
2022-08-04,27.3700008392334,27.5,26.799999237060547,27.489999771118164,23.93453025817871,44314
2022-08-05,27.270000457763672,27.299999237060547,26.899999618530273,27.0,23.507904052734375,32865
2022-08-08,27.18000030517578,27.18000030517578,26.850000381469727,27.030000686645508,23.534025192260742,31684
2022-08-09,27.09000015258789,27.09000015258789,26.260000228881836,26.299999237060547,22.898439407348633,27488
2022-08-10,26.549999237060547,26.809900283813477,26.40999984741211,26.5,23.072574615478516,26291
2022-08-11,26.5,26.600000381469727,26.25,26.350000381469727,22.941974639892578,14858
2022-08-12,26.459999084472656,26.489999771118164,26.239999771118164,26.450000762939453,23.02903938293457,18148
2022-08-15,26.469999313354492,26.700000762939453,26.389999389648438,26.600000381469727,23.159639358520508,15144
2022-08-16,26.670000076293945,26.670000076293945,26.441200256347656,26.559999465942383,23.12481117248535,13688
2022-08-17,26.510000228881836,26.510000228881836,26.020000457763672,26.100000381469727,22.724306106567383,29008
2022-08-18,26.209999084472656,26.360000610351562,25.989999771118164,25.989999771118164,22.628536224365234,31854
2022-08-19,25.920000076293945,25.989999771118164,25.59000015258789,25.950000762939453,22.59370994567871,18756
2022-08-22,25.760000228881836,25.770000457763672,25.290000915527344,25.329999923706055,22.053895950317383,32540
2022-08-23,25.3799991607666,25.3799991607666,24.299999237060547,24.780000686645508,21.57503318786621,128710
2022-08-24,24.790000915527344,25.030000686645508,24.360000610351562,24.649999618530273,21.461843490600586,30591
2022-08-25,24.760000228881836,25.149999618530273,24.709999084472656,25.149999618530273,21.897178649902344,14888
2022-08-26,25.18000030517578,25.18000030517578,24.549999237060547,24.799999237060547,21.592445373535156,45205
2022-08-29,24.799999237060547,24.799999237060547,24.530000686645508,24.59000015258789,21.40960693359375,24962
2022-08-30,24.729999542236328,24.770000457763672,24.489999771118164,24.489999771118164,21.322540283203125,82378
2022-08-31,24.579999923706055,24.600000381469727,24.450000762939453,24.450000762939453,21.28771209716797,81809
2022-09-01,24.450000762939453,24.579999923706055,24.190000534057617,24.25,21.11357879638672,85915
2022-09-02,24.489999771118164,24.681800842285156,24.389999389648438,24.450000762939453,21.28771209716797,28338
2022-09-06,24.440000534057617,24.600000381469727,24.31999969482422,24.479999542236328,21.313833236694336,61213
2022-09-07,24.56999969482422,24.7726993560791,24.407499313354492,24.610000610351562,21.427021026611328,26714
2022-09-08,24.6200008392334,24.84000015258789,24.549999237060547,24.59000015258789,21.40960693359375,51204
2022-09-09,24.760000228881836,25.09000015258789,24.729999542236328,25.09000015258789,21.84493637084961,14078
2022-09-12,25.110000610351562,25.200000762939453,25.0,25.170000076293945,21.91459083557129,17248
2022-09-13,24.950000762939453,25.160900115966797,24.790000915527344,24.8799991607666,21.66209602355957,37447
2022-09-14,24.6299991607666,24.700000762939453,24.3799991607666,24.639999389648438,21.800899505615234,21382
2022-09-15,24.649999618530273,24.940000534057617,24.329999923706055,24.40999984741211,21.59739875793457,20070
2022-09-16,24.280000686645508,24.549999237060547,24.021499633789062,24.309999465942383,21.508920669555664,28563
2022-09-19,24.450000762939453,24.450000762939453,24.030000686645508,24.049999237060547,21.278879165649414,27332
2022-09-20,24.079999923706055,24.09000015258789,23.8799991607666,24.040000915527344,21.27003288269043,44268
2022-09-21,24.1200008392334,24.403400421142578,24.09000015258789,24.360000610351562,21.55316162109375,43243
2022-09-22,24.31999969482422,24.325000762939453,24.030000686645508,24.299999237060547,21.50007438659668,31989
2022-09-23,24.260000228881836,24.260000228881836,23.850000381469727,23.965999603271484,21.204559326171875,72783
2022-09-26,24.0,24.125999450683594,23.75,23.940000534057617,21.18155288696289,34223
2022-09-27,24.139999389648438,24.229999542236328,23.899999618530273,24.229999542236328,21.438140869140625,39726
2022-09-28,24.18000030517578,24.635000228881836,23.969999313354492,24.479999542236328,21.659334182739258,42245
2022-09-29,24.229999542236328,24.68000030517578,23.889999389648438,24.639999389648438,21.800899505615234,127388
2022-09-30,24.690000534057617,24.690000534057617,24.260000228881836,24.3799991607666,21.57085609436035,244613
2022-10-03,24.479999542236328,24.700000762939453,24.299999237060547,24.399999618530273,21.588550567626953,38387
2022-10-04,24.639999389648438,24.65999984741211,24.399999618530273,24.469999313354492,21.650484085083008,43373
2022-10-05,24.360000610351562,24.399999618530273,24.110000610351562,24.15999984741211,21.376205444335938,57303
2022-10-06,24.219999313354492,24.219999313354492,24.020000457763672,24.059999465942383,21.2877254486084,50360
2022-10-07,23.889999389648438,24.299999237060547,23.763900756835938,24.100000381469727,21.323116302490234,37361
2022-10-10,24.1299991607666,24.360000610351562,24.014999389648438,24.299999237060547,21.50007438659668,51288
2022-10-11,24.290000915527344,24.34000015258789,23.899999618530273,24.0,21.234643936157227,37521
2022-10-12,24.0,24.09950065612793,23.670000076293945,23.670000076293945,20.942665100097656,17388
2022-10-13,23.420000076293945,23.799999237060547,23.350000381469727,23.700000762939453,20.969205856323242,40558
2022-10-14,23.600000381469727,23.622100830078125,23.290000915527344,23.299999237060547,20.615299224853516,30367
2022-10-17,23.479999542236328,23.74489974975586,23.350000381469727,23.389999389648438,20.69492530822754,27628
2022-10-18,23.43000030517578,23.479999542236328,23.260000228881836,23.3799991607666,20.686077117919922,20348
2022-10-19,23.329999923706055,23.389999389648438,23.149999618530273,23.3700008392334,20.67723274230957,31499
2022-10-20,23.25,23.43000030517578,22.600000381469727,22.729999542236328,20.110977172851562,52313
2022-10-21,22.790000915527344,22.81999969482422,22.3799991607666,22.520000457763672,19.9251708984375,72726
2022-10-24,22.639999389648438,22.90999984741211,22.600000381469727,22.649999618530273,20.040191650390625,59739
2022-10-25,22.989999771118164,23.049999237060547,22.719999313354492,23.045000076293945,20.389677047729492,27709
2022-10-26,23.06999969482422,23.229999542236328,22.92009925842285,23.030000686645508,20.376407623291016,98741
2022-10-27,23.06999969482422,23.290000915527344,22.940000534057617,22.959999084472656,20.314472198486328,22372
2022-10-28,23.06999969482422,23.270000457763672,23.06999969482422,23.260000228881836,20.579904556274414,15409
2022-10-31,23.260000228881836,23.860000610351562,23.05940055847168,23.809999465942383,21.0665340423584,227448
2022-11-01,23.889999389648438,23.889999389648438,23.55150032043457,23.700000762939453,20.969205856323242,61561
2022-11-02,23.700000762939453,23.785200119018555,23.5,23.700000762939453,20.969205856323242,54332
2022-11-03,23.59000015258789,23.66990089416504,23.282400131225586,23.479999542236328,20.77455711364746,63912
2022-11-04,23.559999465942383,23.62350082397461,23.010000228881836,23.1299991607666,20.46488380432129,57198
2022-11-07,23.290000915527344,23.610000610351562,22.8799991607666,23.549999237060547,20.83649253845215,40483
2022-11-08,23.739999771118164,23.899999618530273,23.440000534057617,23.450000762939453,20.748016357421875,62076
2022-11-09,23.700000762939453,23.760000228881836,23.190000534057617,23.690000534057617,20.960357666015625,122425
2022-11-10,23.90999984741211,25.15999984741211,23.8799991607666,24.8799991607666,22.01324462890625,70140
2022-11-11,24.8799991607666,24.940000534057617,24.5,24.709999084472656,21.86283302307129,30552
2022-11-14,24.760000228881836,24.8799991607666,24.190000534057617,24.559999465942383,21.73011589050293,87549
2022-11-15,24.68000030517578,25.0,24.65999984741211,24.899999618530273,22.030941009521484,57858
2022-11-16,24.950000762939453,24.989999771118164,24.729999542236328,24.889999389648438,22.0220947265625,24322
2022-11-17,24.739999771118164,24.86989974975586,24.559999465942383,24.770000457763672,21.91592025756836,30623
2022-11-18,24.760000228881836,24.77199935913086,24.1299991607666,24.1299991607666,21.349660873413086,47317
2022-11-21,24.479999542236328,24.554399490356445,23.93000030517578,23.979000091552734,21.216060638427734,48532
2022-11-22,24.229999542236328,24.229999542236328,23.780000686645508,23.8700008392334,21.1196231842041,38771
2022-11-23,24.030000686645508,24.318300247192383,23.8700008392334,24.299999237060547,21.50007438659668,20625
2022-11-25,24.31999969482422,24.350000381469727,23.967100143432617,24.270000457763672,21.473529815673828,13593
2022-11-28,24.350000381469727,24.5,24.123199462890625,24.489999771118164,21.668180465698242,47684
2022-11-29,24.579999923706055,24.579999923706055,23.68000030517578,23.68000030517578,20.951513290405273,37515
2022-11-30,23.84000015258789,24.6200008392334,23.52910041809082,24.6200008392334,21.783203125,150413
2022-12-01,24.6200008392334,24.65999984741211,24.190000534057617,24.34000015258789,21.53546714782715,90229
2022-12-02,24.270000457763672,24.290000915527344,24.020000457763672,24.280000686645508,21.482376098632812,76247
2022-12-05,24.139999389648438,24.139999389648438,23.5,23.600000381469727,20.88072967529297,134058
2022-12-06,23.65999984741211,23.899999618530273,23.049999237060547,23.190000534057617,20.517974853515625,192569
2022-12-07,23.350000381469727,23.530000686645508,23.139999389648438,23.200000762939453,20.52682113647461,78824
2022-12-08,23.270000457763672,23.655099868774414,23.1200008392334,23.149999618530273,20.482580184936523,86749
2022-12-09,23.200000762939453,23.34000015258789,22.979999542236328,23.15999984741211,20.491430282592773,78664
2022-12-12,23.239999771118164,23.510000228881836,23.060400009155273,23.389999389648438,20.69492530822754,122799
2022-12-13,23.729999542236328,23.799999237060547,23.559999465942383,23.65999984741211,20.93381690979004,99341
2022-12-14,23.3700008392334,23.49180030822754,23.100000381469727,23.350000381469727,21.01199722290039,57091
2022-12-15,23.31999969482422,23.389999389648438,22.950000762939453,22.989999771118164,20.688039779663086,64133
2022-12-16,22.979999542236328,23.469999313354492,22.820100784301758,23.450000762939453,21.10198211669922,90520
2022-12-19,23.3700008392334,23.40999984741211,23.07659912109375,23.299999237060547,20.966999053955078,54736
2022-12-20,23.31999969482422,23.329999923706055,22.969999313354492,23.018199920654297,20.713417053222656,47616
2022-12-21,23.079999923706055,23.156700134277344,22.799999237060547,22.850000381469727,20.56205940246582,105265
2022-12-22,22.920000076293945,23.0,22.280000686645508,22.450000762939453,20.202110290527344,89035
2022-12-23,22.389999389648438,22.524999618530273,21.670000076293945,21.989999771118164,19.78816795349121,127142
2022-12-27,21.920000076293945,22.037900924682617,21.499900817871094,21.77549934387207,19.59514808654785,104194
2022-12-28,21.790000915527344,21.850000381469727,21.299999237060547,21.649999618530273,19.482213973999023,93959
2022-12-29,21.829999923706055,21.829999923706055,21.559999465942383,21.56999969482422,19.41022300720215,87282
2022-12-30,21.520000457763672,22.09000015258789,21.450000762939453,21.450000762939453,19.30223846435547,212270
2023-01-03,21.729999542236328,22.149999618530273,21.729999542236328,21.959999084472656,19.761173248291016,53555
2023-01-04,22.1200008392334,23.299999237060547,22.1200008392334,23.229999542236328,20.904010772705078,82370
2023-01-05,23.18000030517578,23.59000015258789,23.0,23.3700008392334,21.029991149902344,107205
2023-01-06,23.59000015258789,23.739999771118164,23.200000762939453,23.56999969482422,21.2099666595459,57611
2023-01-09,23.75,23.758399963378906,23.360000610351562,23.600000381469727,21.236963272094727,64702
2023-01-10,23.540000915527344,23.65999984741211,23.40999984741211,23.6299991607666,21.26395606994629,70679
2023-01-11,23.6299991607666,23.950000762939453,23.496700286865234,23.65999984741211,21.290952682495117,80962
2023-01-12,23.90999984741211,23.979400634765625,23.40999984741211,23.889999389648438,21.4979248046875,41806
2023-01-13,23.8799991607666,24.1200008392334,23.70680046081543,24.09000015258789,21.677900314331055,87783
2023-01-17,24.0,24.18000030517578,23.961700439453125,24.18000030517578,21.758888244628906,55582
2023-01-18,24.18000030517578,24.6200008392334,23.989999771118164,24.010000228881836,21.605907440185547,47107
2023-01-19,24.229999542236328,24.229999542236328,23.8799991607666,24.100000381469727,21.68689727783203,27687
2023-01-20,24.100000381469727,24.450000762939453,23.809999465942383,24.420000076293945,21.974855422973633,44297
2023-01-23,24.309999465942383,24.729999542236328,24.25,24.700000762939453,22.226821899414062,32570
2023-01-24,24.760000228881836,24.84000015258789,24.568199157714844,24.790000915527344,22.307809829711914,29199
2023-01-25,24.75,24.989999771118164,24.469999313354492,24.760000228881836,22.28081512451172,89539
2023-01-26,24.8799991607666,24.989999771118164,24.729999542236328,24.989999771118164,22.487783432006836,50517
2023-01-27,24.989999771118164,25.139999389648438,24.809999465942383,25.09000015258789,22.57777214050293,33077
2023-01-30,25.1299991607666,25.690000534057617,25.040000915527344,25.59000015258789,23.027706146240234,68110
2023-01-31,25.649999618530273,25.649999618530273,25.350000381469727,25.469999313354492,22.919721603393555,158945
2023-02-01,25.420000076293945,25.829999923706055,25.31999969482422,25.829999923706055,23.243675231933594,112809
2023-02-02,25.829999923706055,25.90999984741211,25.399999618530273,25.600000381469727,23.03670310974121,68481
2023-02-03,25.530000686645508,25.538799285888672,24.81999969482422,24.84000015258789,22.352802276611328,36140
2023-02-06,24.889999389648438,24.969999313354492,24.686199188232422,24.815000534057617,22.330307006835938,24063
2023-02-07,24.93000030517578,24.940000534057617,24.479999542236328,24.84000015258789,22.352802276611328,44791
2023-02-08,24.90999984741211,25.0,24.56999969482422,25.0,22.496782302856445,33115
2023-02-09,25.010000228881836,25.15999984741211,24.600000381469727,24.690000534057617,22.217819213867188,39513
2023-02-10,24.84000015258789,25.079999923706055,24.59000015258789,24.920000076293945,22.424793243408203,24976
2023-02-13,25.079999923706055,25.139999389648438,24.84000015258789,25.139999389648438,22.622760772705078,29536
2023-02-14,25.1299991607666,25.264999389648438,25.030000686645508,25.15999984741211,22.640762329101562,28061
2023-02-15,25.239999771118164,25.25,24.950000762939453,25.100000381469727,22.58676528930664,21792
2023-02-16,25.010000228881836,25.117599487304688,24.899999618530273,24.989999771118164,22.487783432006836,32109
2023-02-17,24.979999542236328,25.084999084472656,24.860000610351562,25.079999923706055,22.56877326965332,24129
2023-02-21,25.030000686645508,25.030000686645508,24.139999389648438,24.190000534057617,21.767887115478516,33860
2023-02-22,24.25,24.759899139404297,24.25,24.6299991607666,22.163829803466797,19619
2023-02-23,24.68000030517578,24.969999313354492,24.450000762939453,24.809999465942383,22.3258056640625,28158
2023-02-24,24.729999542236328,25.010000228881836,24.580699920654297,24.969999313354492,22.469785690307617,25768
2023-02-27,25.139999389648438,25.209999084472656,24.84000015258789,25.209999084472656,22.685754776000977,23890
2023-02-28,25.190000534057617,25.190000534057617,24.67140007019043,24.729999542236328,22.253816604614258,97541
2023-03-01,24.889999389648438,24.889999389648438,24.450000762939453,24.75,22.271812438964844,22116
2023-03-02,24.65999984741211,24.969999313354492,24.547000885009766,24.969999313354492,22.469785690307617,20181
2023-03-03,25.110000610351562,25.159900665283203,24.924999237060547,25.0,22.496782302856445,129424
2023-03-06,25.280000686645508,25.280000686645508,24.639999389648438,24.65999984741211,22.190828323364258,41687
2023-03-07,24.579999923706055,24.729999542236328,24.579999923706055,24.639999389648438,22.172828674316406,28645
2023-03-08,24.770000457763672,24.770000457763672,24.579999923706055,24.61009979248047,22.14592170715332,12249
2023-03-09,24.729999542236328,24.729999542236328,23.799999237060547,23.81999969482422,21.434932708740234,31280
2023-03-10,23.68000030517578,23.992000579833984,22.991500854492188,23.049999237060547,20.742029190063477,37302
2023-03-13,22.5,23.520000457763672,21.184999465942383,21.530000686645508,19.374225616455078,150126
2023-03-14,21.549999237060547,22.690000534057617,21.549999237060547,22.200000762939453,20.352310180664062,99671
2023-03-15,22.100000381469727,22.100000381469727,20.700000762939453,20.75,19.022991180419922,118884
2023-03-16,20.790000915527344,20.96430015563965,20.469999313354492,20.729900360107422,19.00456428527832,187463
2023-03-17,20.75,20.75,19.84000015258789,20.010000228881836,18.344579696655273,69117
2023-03-20,20.18000030517578,20.635400772094727,20.0231990814209,20.18000030517578,18.500429153442383,81086
2023-03-21,20.420000076293945,21.190000534057617,20.329999923706055,21.010000228881836,19.261350631713867,69852
2023-03-22,21.209999084472656,21.209999084472656,20.56999969482422,20.649999618530273,18.931312561035156,64251
2023-03-23,20.809999465942383,21.170000076293945,20.309999465942383,20.579999923706055,18.867141723632812,39940
2023-03-24,20.559999465942383,20.770000457763672,20.25,20.770000457763672,19.041324615478516,46847
2023-03-27,21.010000228881836,21.18000030517578,20.6299991607666,20.709999084472656,18.986318588256836,109169
2023-03-28,20.84000015258789,20.95989990234375,20.649999618530273,20.809999465942383,19.07799530029297,31173
2023-03-29,21.020000457763672,21.290000915527344,20.959999084472656,21.1299991607666,19.37136459350586,69799
2023-03-30,21.290000915527344,22.030000686645508,21.09000015258789,22.030000686645508,20.19645881652832,79714
2023-03-31,22.0,22.360000610351562,21.75,21.75,19.939760208129883,271397
2023-04-03,21.790000915527344,22.329999923706055,21.67009925842285,22.020000457763672,20.187288284301758,65539
2023-04-04,21.850000381469727,22.06999969482422,21.68000030517578,22.059999465942383,20.22395896911621,50320
2023-04-05,22.049999237060547,22.088699340820312,21.701000213623047,21.84000015258789,20.022268295288086,27996
2023-04-06,21.940000534057617,22.079999923706055,21.700000762939453,21.925800323486328,20.10093116760254,38173
2023-04-10,21.920000076293945,22.010000228881836,21.590099334716797,21.84000015258789,20.022268295288086,39385
2023-04-11,21.739999771118164,22.600000381469727,21.639999389648438,22.559999465942383,20.682344436645508,64226
2023-04-12,22.5,22.60700035095215,21.610000610351562,21.639999389648438,19.838916778564453,56879
2023-04-13,21.899999618530273,22.099899291992188,21.75,22.079999923706055,20.242294311523438,49569
2023-04-14,22.079999923706055,22.079999923706055,21.579999923706055,21.65999984741211,19.85725212097168,49646
2023-04-17,21.760000228881836,21.879899978637695,21.520000457763672,21.520000457763672,19.728904724121094,61074
2023-04-18,21.709999084472656,21.709999084472656,21.450000762939453,21.579999923706055,19.78390884399414,39604
2023-04-19,21.3799991607666,21.75,21.253299713134766,21.75,19.939760208129883,42757
2023-04-20,21.68000030517578,21.880699157714844,21.5,21.68000030517578,19.875585556030273,35448
2023-04-21,21.8799991607666,22.0,21.65999984741211,21.799999237060547,19.985597610473633,53320
2023-04-24,21.780000686645508,21.972700119018555,21.539100646972656,21.760000228881836,19.94892692565918,30915
2023-04-25,21.809999465942383,21.950000762939453,21.450000762939453,21.450000762939453,19.664731979370117,45045
2023-04-26,21.559999465942383,21.8799991607666,21.469999313354492,21.520000457763672,19.728904724121094,42105
2023-04-27,21.690000534057617,21.860000610351562,21.459999084472656,21.84000015258789,20.022268295288086,45423
2023-04-28,21.709999084472656,21.959999084472656,21.68000030517578,21.690000534057617,19.884756088256836,135824
2023-05-01,21.719999313354492,21.83690071105957,21.530000686645508,21.719999313354492,19.912256240844727,33400
2023-05-02,21.600000381469727,21.600000381469727,21.050100326538086,21.149999618530273,19.389698028564453,46680
2023-05-03,21.149999618530273,21.37220001220703,20.489999771118164,20.489999771118164,18.784631729125977,56147
2023-05-04,20.31999969482422,20.31999969482422,19.5,19.549999237060547,17.922866821289062,93794
2023-05-05,19.81999969482422,20.28499984741211,19.799999237060547,20.239999771118164,18.555438995361328,39792
2023-05-08,20.34000015258789,20.649999618530273,19.93000030517578,20.14550018310547,18.46880340576172,39836
2023-05-09,20.0,20.239999771118164,19.67009925842285,19.790000915527344,18.14289093017578,227248
2023-05-10,19.959999084472656,20.49799919128418,19.770000457763672,20.489999771118164,18.784631729125977,50757
2023-05-11,20.100000381469727,20.24090003967285,19.75,19.920000076293945,18.26207160949707,64938
2023-05-12,19.959999084472656,20.09000015258789,19.729999542236328,20.09000015258789,18.41792106628418,56679
2023-05-15,20.1200008392334,20.1200008392334,19.649999618530273,19.850000381469727,18.19789695739746,99670
2023-05-16,19.850000381469727,19.969999313354492,19.489999771118164,19.690000534057617,18.05121421813965,78973
2023-05-17,19.690000534057617,20.190000534057617,19.690000534057617,20.190000534057617,18.509599685668945,71451
2023-05-18,20.100000381469727,20.299999237060547,20.030000686645508,20.079999923706055,18.408754348754883,89518
2023-05-19,20.010000228881836,20.079999923706055,19.709999084472656,20.06999969482422,18.399587631225586,53070
2023-05-22,19.90999984741211,20.209999084472656,19.889999389648438,20.06999969482422,18.399587631225586,85019
2023-05-23,20.030000686645508,20.350000381469727,20.030000686645508,20.290000915527344,18.60127830505371,53433
2023-05-24,20.270000457763672,20.5,20.059999465942383,20.5,18.793798446655273,47101
2023-05-25,20.31999969482422,20.459999084472656,20.200000762939453,20.350000381469727,18.656280517578125,34491
2023-05-26,20.350000381469727,20.4606990814209,20.25,20.459999084472656,18.757125854492188,24010
2023-05-30,20.5,20.90999984741211,20.3799991607666,20.610000610351562,18.894641876220703,67962
2023-05-31,20.790000915527344,20.989999771118164,20.520000457763672,20.860000610351562,19.123836517333984,162619
2023-06-01,20.68000030517578,21.0,20.649999618530273,20.719999313354492,18.995485305786133,62633
2023-06-02,20.950000762939453,21.760000228881836,20.75,21.760000228881836,19.94892692565918,74787
2023-06-05,21.600000381469727,21.600000381469727,21.209999084472656,21.549999237060547,19.756404876708984,29636
2023-06-06,21.600000381469727,21.68000030517578,21.25320053100586,21.639999389648438,19.838916778564453,37461
2023-06-07,21.469999313354492,21.6200008392334,21.350000381469727,21.489999771118164,19.701400756835938,44847
2023-06-08,21.450000762939453,21.510000228881836,21.270000457763672,21.5,19.710567474365234,32855
2023-06-09,21.65999984741211,21.65999984741211,21.209999084472656,21.549999237060547,19.756404876708984,40860
2023-06-12,21.389999389648438,21.420000076293945,21.02750015258789,21.1200008392334,19.36219596862793,29399
2023-06-13,21.209999084472656,21.3799991607666,21.15999984741211,21.299999237060547,19.52721405029297,37077
2023-06-14,20.799999237060547,20.91699981689453,20.149999618530273,20.290000915527344,18.95444679260254,67023
2023-06-15,20.290000915527344,20.6200008392334,20.290000915527344,20.489999771118164,19.14128303527832,26478
2023-06-16,20.399999618530273,20.43000030517578,20.219999313354492,20.3700008392334,19.02918243408203,35138
2023-06-20,20.290000915527344,20.350000381469727,19.860000610351562,20.040000915527344,18.720905303955078,48257
2023-06-21,19.959999084472656,20.31999969482422,19.959999084472656,20.280000686645508,18.945106506347656,38124
2023-06-22,20.100000381469727,20.27989959716797,20.049999237060547,20.239999771118164,18.907739639282227,55449
2023-06-23,20.25,20.350000381469727,20.1200008392334,20.239999771118164,18.907739639282227,37211
2023-06-26,20.25,20.479999542236328,20.25,20.420000076293945,19.07588768005371,47948
2023-06-27,20.5,20.639999389648438,20.327999114990234,20.6200008392334,19.262725830078125,118185
2023-06-28,20.600000381469727,20.950000762939453,20.510000228881836,20.950000762939453,19.57100486755371,68667
2023-06-29,20.959999084472656,20.959999084472656,20.559999465942383,20.649999618530273,19.29075050354004,76692
2023-06-30,20.65999984741211,21.0,20.639999389648438,21.0,19.617713928222656,207717
2023-07-03,20.959999084472656,21.31999969482422,20.81999969482422,21.270000457763672,19.86993980407715,35586
2023-07-05,21.09000015258789,21.420000076293945,20.899999618530273,21.09000015258789,19.701786041259766,50527
2023-07-06,20.989999771118164,20.989999771118164,20.530000686645508,20.8700008392334,19.49627113342285,35530
2023-07-07,20.770000457763672,20.979999542236328,20.56999969482422,20.959999084472656,19.580345153808594,27881
2023-07-10,20.979999542236328,21.19499969482422,20.700000762939453,21.18000030517578,19.785863876342773,17413
2023-07-11,21.280000686645508,21.450000762939453,21.100000381469727,21.420000076293945,20.010068893432617,34446
2023-07-12,21.420000076293945,21.530000686645508,21.210100173950195,21.489999771118164,20.07546043395996,70148
2023-07-13,21.34000015258789,21.350000381469727,20.940000534057617,21.200000762939453,19.804550170898438,46569
2023-07-14,21.079999923706055,21.149999618530273,20.690000534057617,20.850000381469727,19.47758674621582,28973
2023-07-17,20.989999771118164,21.079999923706055,20.799999237060547,20.899999618530273,19.524295806884766,30549
2023-07-18,20.84000015258789,21.099899291992188,20.84000015258789,21.030000686645508,19.645740509033203,49688
2023-07-19,21.100000381469727,21.1299991607666,20.729999542236328,20.87470054626465,19.500659942626953,58157
2023-07-20,21.0,21.067399978637695,20.729999542236328,20.8700008392334,19.49627113342285,54660
2023-07-21,20.969999313354492,21.059999465942383,20.767900466918945,20.850000381469727,19.47758674621582,42653
2023-07-24,20.950000762939453,21.100000381469727,20.825000762939453,20.8799991607666,19.5056095123291,42259
2023-07-25,20.850000381469727,20.850000381469727,20.649999618530273,20.850000381469727,19.47758674621582,35867
2023-07-26,20.850000381469727,21.399999618530273,20.719999313354492,21.139999389648438,19.748497009277344,63853
2023-07-27,21.139999389648438,21.389999389648438,20.8700008392334,21.1200008392334,19.729814529418945,51914
2023-07-28,21.040000915527344,21.209999084472656,20.81999969482422,21.09000015258789,19.701786041259766,48012
2023-07-31,21.200000762939453,21.389999389648438,21.079999923706055,21.389999389648438,19.982040405273438,101685
2023-08-01,21.31999969482422,21.399999618530273,21.110000610351562,21.399999618530273,19.991382598876953,35829
2023-08-02,21.209999084472656,21.299999237060547,21.1299991607666,21.25,19.851259231567383,32227
2023-08-03,21.229999542236328,21.389999389648438,21.079999923706055,21.079999923706055,19.692447662353516,49019
2023-08-04,21.299999237060547,21.389999389648438,21.204999923706055,21.3799991607666,19.972700119018555,24744
2023-08-07,21.399999618530273,21.399999618530273,21.219999313354492,21.372900009155273,19.966066360473633,36202
2023-08-08,21.360000610351562,21.399999618530273,21.16010093688965,21.399999618530273,19.991382598876953,17460
2023-08-09,21.389999389648438,21.389999389648438,21.150100708007812,21.274999618530273,19.874610900878906,23901
2023-08-10,21.34000015258789,21.389999389648438,21.190000534057617,21.290000915527344,19.888626098632812,22036
2023-08-11,21.219999313354492,21.350000381469727,21.15999984741211,21.350000381469727,19.944673538208008,19153
2023-08-14,21.200000762939453,21.239999771118164,21.010000228881836,21.040000915527344,19.655080795288086,35578
2023-08-15,20.860000610351562,21.25,20.719999313354492,20.719999313354492,19.356143951416016,34174
2023-08-16,20.75,21.329999923706055,20.75,21.010000228881836,19.627052307128906,65089
2023-08-17,20.899999618530273,21.0,20.719999313354492,20.979999542236328,19.599029541015625,25530
2023-08-18,20.760000228881836,20.989999771118164,20.719999313354492,20.950000762939453,19.57100486755371,34184
2023-08-21,20.940000534057617,21.0,20.761899948120117,20.8700008392334,19.49627113342285,24688
2023-08-22,21.0,21.0,20.799999237060547,20.844999313354492,19.47291374206543,31283
2023-08-23,21.0,21.16990089416504,20.860000610351562,21.040000915527344,19.655080795288086,38431
2023-08-24,20.920000076293945,21.190000534057617,20.8700008392334,21.190000534057617,19.795207977294922,44854
2023-08-25,21.190000534057617,21.360000610351562,21.010000228881836,21.315000534057617,19.91197967529297,24820
2023-08-28,21.31999969482422,21.75,21.31999969482422,21.65999984741211,20.234270095825195,22817
2023-08-29,21.729999542236328,21.850000381469727,21.639999389648438,21.850000381469727,20.411762237548828,20554
2023-08-30,21.829999923706055,22.1200008392334,21.697799682617188,21.979999542236328,20.533205032348633,25111
2023-08-31,21.850000381469727,22.309999465942383,21.850000381469727,22.09000015258789,20.635967254638672,89963
2023-09-01,21.950000762939453,22.309999465942383,21.856000900268555,22.09000015258789,20.635967254638672,20657
2023-09-05,22.079999923706055,22.079999923706055,21.829999923706055,21.829999923706055,20.39307975769043,27010
2023-09-06,21.940000534057617,22.100000381469727,21.799999237060547,22.100000381469727,20.645307540893555,23295
2023-09-07,21.950000762939453,22.09000015258789,21.75,21.90999984741211,20.46781349182129,24082
2023-09-08,22.059999465942383,22.178199768066406,21.915199279785156,22.17340087890625,20.713878631591797,17811
2023-09-11,22.100000381469727,22.229999542236328,22.0,22.0,20.551891326904297,26871
2023-09-12,22.110000610351562,22.15999984741211,21.84000015258789,22.100000381469727,20.645307540893555,32238
2023-09-13,22.170000076293945,22.229999542236328,21.81999969482422,22.079999923706055,20.626625061035156,27563
2023-09-14,21.760000228881836,22.15999984741211,21.68000030517578,22.15999984741211,21.080263137817383,23607
2023-09-15,21.90999984741211,22.239999771118164,21.850000381469727,22.239999771118164,21.1563663482666,31405
2023-09-18,22.25,22.850000381469727,22.13629913330078,22.549999237060547,21.451261520385742,48024
2023-09-19,22.190000534057617,22.719999313354492,22.190000534057617,22.719999313354492,21.612977981567383,39403
2023-09-20,22.6200008392334,23.18000030517578,22.6200008392334,22.860000610351562,21.746158599853516,39411
2023-09-21,22.790000915527344,23.0,22.40999984741211,22.459999084472656,21.365646362304688,41802
2023-09-22,22.65999984741211,23.072799682617188,22.498600006103516,22.799999237060547,21.68907928466797,43283
2023-09-25,22.739999771118164,22.793699264526367,22.3700008392334,22.639999389648438,21.536874771118164,59203
2023-09-26,22.540000915527344,22.600000381469727,22.09000015258789,22.100000381469727,21.023189544677734,105464
2023-09-27,22.100000381469727,22.33049964904785,21.709999084472656,21.770000457763672,20.709266662597656,76506
2023-09-28,21.760000228881836,21.969900131225586,21.549999237060547,21.700000762939453,20.64267921447754,45183
2023-09-29,21.56999969482422,21.969999313354492,21.56999969482422,21.649999618530273,20.595111846923828,204460
2023-10-02,21.780000686645508,21.780000686645508,21.110000610351562,21.209999084472656,20.176551818847656,51845
2023-10-03,21.200000762939453,21.239900588989258,21.0,21.139999389648438,20.109962463378906,62551
2023-10-04,21.3700008392334,21.3700008392334,21.100000381469727,21.170000076293945,20.13850212097168,49237
2023-10-05,21.31999969482422,21.385000228881836,21.060100555419922,21.100000381469727,20.07191276550293,63707
2023-10-06,20.969999313354492,21.239999771118164,20.90999984741211,21.149999618530273,20.119474411010742,76038
2023-10-09,21.15999984741211,21.300399780273438,21.1299991607666,21.299999237060547,20.262165069580078,23182
2023-10-10,21.299999237060547,21.374500274658203,21.059999465942383,21.1200008392334,20.090938568115234,67046
2023-10-11,21.229999542236328,21.239999771118164,21.100000381469727,21.100000381469727,20.07191276550293,95947
2023-10-12,21.190000534057617,21.326099395751953,21.1560001373291,21.299999237060547,20.262165069580078,37025
2023-10-13,21.229999542236328,21.3799991607666,20.850000381469727,20.920000076293945,19.900680541992188,29279
2023-10-16,21.0,21.0,20.540000915527344,20.700000762939453,19.691402435302734,57247
2023-10-17,20.600000381469727,20.860000610351562,20.510000228881836,20.719999313354492,19.71042823791504,97785
2023-10-18,20.739999771118164,20.739999771118164,20.34000015258789,20.3700008392334,19.377483367919922,90489
2023-10-19,20.389999389648438,20.49020004272461,19.920000076293945,19.920000076293945,18.94940757751465,52745
2023-10-20,20.0,20.239999771118164,19.809999465942383,19.850000381469727,18.882816314697266,65379
2023-10-23,19.8799991607666,20.43199920654297,19.850000381469727,20.290000915527344,19.301380157470703,50825
2023-10-24,20.40999984741211,20.59239959716797,20.21179962158203,20.5,19.50114631652832,64442
2023-10-25,20.530000686645508,20.57699966430664,20.200000762939453,20.299999237060547,19.31089210510254,32737
2023-10-26,20.3700008392334,20.44930076599121,20.299999237060547,20.3799991607666,19.386993408203125,22254
2023-10-27,20.579999923706055,20.579999923706055,20.145999908447266,20.200000762939453,19.215763092041016,46490
2023-10-30,20.350000381469727,20.440000534057617,20.200000762939453,20.270000457763672,19.2823543548584,31204
2023-10-31,20.399999618530273,21.170000076293945,20.3799991607666,21.1299991607666,20.10045051574707,231170
2023-11-01,21.149999618530273,21.709999084472656,21.045000076293945,21.329999923706055,20.290706634521484,80272
2023-11-02,21.3799991607666,21.964799880981445,21.049999237060547,21.350000381469727,20.30973243713379,70381
2023-11-03,21.610000610351562,21.8700008392334,21.299999237060547,21.8700008392334,20.80439567565918,70097
2023-11-06,21.799999237060547,21.799999237060547,21.549999237060547,21.649999618530273,20.595111846923828,33514
2023-11-07,21.559999465942383,21.729999542236328,21.3700008392334,21.549999237060547,20.499984741210938,32948
2023-11-08,21.579999923706055,21.600000381469727,21.209999084472656,21.440000534057617,20.39534568786621,44043
2023-11-09,21.510000228881836,21.979999542236328,21.209999084472656,21.93000030517578,20.861469268798828,110186
2023-11-10,22.06999969482422,22.189899444580078,21.90999984741211,22.0,20.92806053161621,56283
2023-11-13,21.989999771118164,22.189800262451172,21.829999923706055,22.030000686645508,20.95659828186035,44397
2023-11-14,22.25,22.850000381469727,22.25,22.739999771118164,21.632003784179688,71540
2023-11-15,22.709999084472656,22.8799991607666,22.559999465942383,22.860000610351562,21.746158599853516,47003
2023-11-16,22.829999923706055,23.229900360107422,22.780000686645508,22.959999084472656,21.841283798217773,76794
2023-11-17,23.059999465942383,23.25,22.93160057067871,23.010000228881836,21.88884735107422,40007
2023-11-20,23.1299991607666,23.3799991607666,23.110000610351562,23.110000610351562,21.983976364135742,39869
2023-11-21,23.219999313354492,23.34000015258789,23.09000015258789,23.149999618530273,22.02202606201172,45727
2023-11-22,23.149999618530273,23.270000457763672,22.984800338745117,23.139999389648438,22.01251220703125,53092
2023-11-24,23.229999542236328,23.34119987487793,23.15999984741211,23.15999984741211,22.031539916992188,12281
2023-11-27,23.209999084472656,23.360000610351562,23.15999984741211,23.209999084472656,22.079103469848633,48409
2023-11-28,23.290000915527344,23.43589973449707,23.190000534057617,23.3700008392334,22.231306076049805,39576
2023-11-29,23.530000686645508,23.957000732421875,23.450000762939453,23.649999618530273,22.497665405273438,116144
2023-11-30,23.649999618530273,24.239999771118164,23.3700008392334,23.829999923706055,22.668893814086914,206150
2023-12-01,23.850000381469727,24.1299991607666,23.760000228881836,23.959999084472656,22.792558670043945,64186
2023-12-04,23.940000534057617,24.18939971923828,23.809999465942383,23.920000076293945,22.75450897216797,294721
2023-12-05,23.899999618530273,24.24920082092285,23.850000381469727,24.030000686645508,22.859149932861328,37310
2023-12-06,24.239999771118164,24.25,24.040000915527344,24.040000915527344,22.868663787841797,33900
2023-12-07,24.139999389648438,24.149999618530273,23.799999237060547,23.93000030517578,22.764022827148438,461843
2023-12-08,23.940000534057617,23.959999084472656,23.59000015258789,23.65999984741211,22.507177352905273,27890
2023-12-11,23.579999923706055,23.85740089416504,23.190000534057617,23.58989906311035,22.44049072265625,52897
2023-12-12,23.670000076293945,23.729999542236328,23.299999237060547,23.450000762939453,22.307409286499023,48096
2023-12-13,23.68000030517578,23.68000030517578,23.31999969482422,23.549999237060547,22.402536392211914,57963
2023-12-14,23.229999542236328,23.739999771118164,23.200000762939453,23.440000534057617,22.680112838745117,49562
2023-12-15,23.309999465942383,23.74220085144043,23.309999465942383,23.350000381469727,22.593029022216797,62726
2023-12-18,23.489999771118164,23.625,23.209999084472656,23.399999618530273,22.641408920288086,81028
2023-12-19,23.399999618530273,23.950000762939453,23.350000381469727,23.90999984741211,23.13487434387207,71307
2023-12-20,23.889999389648438,24.350000381469727,23.81999969482422,24.030000686645508,23.250986099243164,50754
2023-12-21,24.139999389648438,24.299999237060547,24.020000457763672,24.299999237060547,23.512231826782227,29893
2023-12-22,24.389999389648438,24.6200008392334,24.309999465942383,24.37980079650879,23.589445114135742,37326
2023-12-26,24.399999618530273,24.459999084472656,24.23979949951172,24.350000381469727,23.560611724853516,164111
2023-12-27,24.25,24.350000381469727,23.989999771118164,24.0,23.22195816040039,156737
2023-12-28,24.139999389648438,24.139999389648438,23.209999084472656,23.209999084472656,22.45756721496582,207414
2023-12-29,23.209999084472656,23.209999084472656,22.294300079345703,22.479999542236328,21.751232147216797,327023
2024-01-02,22.420000076293945,22.84000015258789,22.34000015258789,22.81999969482422,22.080211639404297,73895
2024-01-03,22.75,22.979900360107422,22.438400268554688,22.889999389648438,22.14794158935547,65266
2024-01-04,22.81999969482422,23.190000534057617,22.809999465942383,23.010000228881836,22.26405143737793,90211
2024-01-05,23.110000610351562,23.729999542236328,23.06999969482422,23.729999542236328,22.960708618164062,136776
2024-01-08,23.84000015258789,24.110000610351562,23.510000228881836,24.110000610351562,23.328392028808594,134377
2024-01-09,24.049999237060547,24.17930030822754,23.940000534057617,24.049999237060547,23.270336151123047,54616
2024-01-10,23.979999542236328,24.299999237060547,23.899999618530273,24.049999237060547,23.270336151123047,71198
2024-01-11,24.229999542236328,24.31999969482422,24.049999237060547,24.06999969482422,23.289688110351562,57680
2024-01-12,24.1200008392334,24.68000030517578,24.079999923706055,24.420000076293945,23.628341674804688,193362
2024-01-16,24.43000030517578,24.610000610351562,24.370100021362305,24.40999984741211,23.61866569519043,128204
2024-01-17,24.389999389648438,24.530000686645508,24.08009910583496,24.329999923706055,23.541259765625,134719
2024-01-18,24.3799991607666,24.420000076293945,24.170000076293945,24.350000381469727,23.560611724853516,81772
2024-01-19,24.3799991607666,24.540000915527344,24.1835994720459,24.520000457763672,23.725101470947266,72920
2024-01-22,24.459999084472656,25.0,24.399999618530273,24.729999542236328,23.92829132080078,128631
2024-01-23,24.860000610351562,25.05500030517578,24.41010093688965,24.979999542236328,24.17018699645996,320827
2024-01-24,24.979999542236328,25.40999984741211,24.84000015258789,25.229999542236328,24.41208267211914,584466
2024-01-25,25.190000534057617,25.3700008392334,25.133100509643555,25.31999969482422,24.499164581298828,260450
2024-01-26,25.309999465942383,25.31999969482422,25.125,25.200000762939453,24.383056640625,407685
2024-01-29,25.209999084472656,25.34000015258789,25.050399780273438,25.110000610351562,24.29597282409668,204843
2024-01-30,25.110000610351562,25.3700008392334,25.0,25.31999969482422,24.499164581298828,90493
2024-01-31,25.290000915527344,25.299999237060547,23.639999389648438,23.780000686645508,23.009090423583984,2343264
2024-02-01,24.18000030517578,24.540000915527344,24.100000381469727,24.540000915527344,23.74445152282715,810598
2024-02-02,24.459999084472656,24.600000381469727,24.260000228881836,24.520000457763672,23.725101470947266,126816
2024-02-05,24.40999984741211,24.469999313354492,24.31999969482422,24.440000534057617,23.647693634033203,275215
2024-02-06,24.440000534057617,24.450000762939453,24.110000610351562,24.34000015258789,23.550935745239258,124694
2024-02-07,24.469999313354492,24.5,24.226600646972656,24.489999771118164,23.69607162475586,70023
2024-02-08,24.450000762939453,24.760000228881836,24.395000457763672,24.729999542236328,23.92829132080078,273293
2024-02-09,24.770000457763672,25.0,24.66699981689453,24.959999084472656,24.150835037231445,50024
2024-02-12,24.979999542236328,24.979999542236328,24.690000534057617,24.93000030517578,24.121809005737305,61422
2024-02-13,24.530000686645508,24.979999542236328,24.530000686645508,24.649999618530273,23.85088539123535,57405
2024-02-14,24.610000610351562,24.969999313354492,24.610000610351562,24.899999618530273,24.09278106689453,46525
2024-02-15,24.8700008392334,24.979999542236328,24.799999237060547,24.889999389648438,24.08310317993164,44496
2024-02-16,24.81999969482422,24.989999771118164,24.700000762939453,24.950000762939453,24.14116096496582,32730
2024-02-20,24.850000381469727,25.09000015258789,24.850000381469727,24.90999984741211,24.10245704650879,43248
2024-02-21,25.010000228881836,25.049999237060547,24.8700008392334,24.93000030517578,24.121809005737305,132681
2024-02-22,25.100000381469727,25.170000076293945,24.940000534057617,24.940000534057617,24.131484985351562,242132
2024-02-23,24.940000534057617,25.479999542236328,24.900299072265625,25.440000534057617,24.61527442932129,101484
2024-02-26,25.389999389648438,25.459800720214844,24.972400665283203,25.420000076293945,24.595924377441406,50890
2024-02-27,25.399999618530273,25.512300491333008,25.145000457763672,25.360000610351562,24.53786849975586,84542
2024-02-28,25.450000762939453,25.469900131225586,24.860000610351562,25.0,24.189538955688477,218735
2024-02-29,25.0,25.100000381469727,24.549999237060547,24.6200008392334,23.82185935974121,852153
2024-03-01,24.649999618530273,24.719999313354492,24.229999542236328,24.25,23.463851928710938,192396
2024-03-04,24.25,24.262500762939453,24.030000686645508,24.110000610351562,23.328392028808594,66197
2024-03-05,24.09000015258789,24.360000610351562,24.020000457763672,24.139999389648438,23.357418060302734,69395
2024-03-06,24.200000762939453,24.3700008392334,23.809999465942383,24.049999237060547,23.270336151123047,99167
2024-03-07,24.100000381469727,24.350000381469727,24.100000381469727,24.290000915527344,23.5025577545166,45359
2024-03-08,24.299999237060547,24.5,24.06999969482422,24.299999237060547,23.512231826782227,62963
2024-03-11,24.290000915527344,24.290000915527344,24.149999618530273,24.190000534057617,23.405799865722656,27665
2024-03-12,24.1299991607666,24.399499893188477,24.06999969482422,24.34000015258789,23.550935745239258,50617
2024-03-13,24.31999969482422,24.440000534057617,24.24850082397461,24.399999618530273,23.608989715576172,47591
2024-03-14,23.979999542236328,24.040000915527344,23.75,23.899999618530273,23.507558822631836,30816
2024-03-15,23.84000015258789,23.849899291992188,23.638399124145508,23.829999923706055,23.438709259033203,25960
2024-03-18,23.829999923706055,23.850000381469727,23.73819923400879,23.770000457763672,23.37969398498535,37934
2024-03-19,23.799999237060547,24.25,23.780000686645508,24.229999542236328,23.83213996887207,77174
2024-03-20,24.1299991607666,24.360000610351562,24.059999465942383,24.350000381469727,23.950170516967773,50065
2024-03-21,24.43000030517578,24.729999542236328,24.3799991607666,24.6200008392334,24.215736389160156,60499
2024-03-22,24.75,24.770000457763672,24.639999389648438,24.75,24.34360122680664,54094
2024-03-25,24.709999084472656,24.719999313354492,24.219999313354492,24.31999969482422,23.92066192626953,49720
2024-03-26,24.299999237060547,24.31999969482422,24.0,24.270000457763672,23.871484756469727,50980
2024-03-27,24.260000228881836,24.260000228881836,24.024999618530273,24.06999969482422,23.674766540527344,40584
2024-03-28,24.149999618530273,24.25,23.700000762939453,23.829999923706055,23.438709259033203,145274
2024-04-01,23.920000076293945,24.11989974975586,23.729999542236328,24.100000381469727,23.704275131225586,46552
2024-04-02,23.989999771118164,23.989999771118164,23.559999465942383,23.8700008392334,23.478052139282227,46341
2024-04-03,23.809999465942383,24.229999542236328,23.59000015258789,24.139999389648438,23.74361801147461,135836
2024-04-04,24.1200008392334,24.200000762939453,24.0,24.200000762939453,23.80263328552246,52247
2024-04-05,24.299999237060547,24.450000762939453,23.809999465942383,23.93000030517578,23.537067413330078,104824
2024-04-08,23.93000030517578,24.00950050354004,23.709999084472656,23.729999542236328,23.340349197387695,57365
2024-04-09,23.799999237060547,23.950000762939453,23.700000762939453,23.809999465942383,23.419036865234375,114346
2024-04-10,23.649999618530273,23.670000076293945,23.200000762939453,23.65999984741211,23.271499633789062,84967
2024-04-11,23.579999923706055,23.579999923706055,23.260000228881836,23.56999969482422,23.1829776763916,51608
2024-04-12,23.479999542236328,23.479999542236328,23.329999923706055,23.329999923706055,22.946918487548828,66521
2024-04-15,23.420000076293945,23.429899215698242,23.030099868774414,23.290000915527344,22.907575607299805,60574
2024-04-16,23.100000381469727,23.31999969482422,23.100000381469727,23.219999313354492,22.83872413635254,28651
2024-04-17,23.239999771118164,23.508899688720703,23.13010025024414,23.459999084472656,23.074783325195312,24601
2024-04-18,23.3799991607666,23.40999984741211,23.209999084472656,23.299999237060547,22.917409896850586,29647
2024-04-19,23.280000686645508,23.55970001220703,23.1299991607666,23.479999542236328,23.09445571899414,84737
2024-04-22,23.309999465942383,23.520000457763672,23.230100631713867,23.420000076293945,23.03544044494629,20498
2024-04-23,23.40999984741211,23.646900177001953,23.28809928894043,23.559999465942383,23.173141479492188,26871
2024-04-24,23.559999465942383,23.65999984741211,23.299999237060547,23.5,23.114126205444336,23866
2024-04-25,23.309999465942383,23.309999465942383,23.100000381469727,23.260000228881836,22.878068923950195,24407
2024-04-26,23.270000457763672,23.473499298095703,23.15999984741211,23.239999771118164,22.858396530151367,17665
2024-04-29,23.25,23.459999084472656,23.13010025024414,23.40999984741211,23.025604248046875,26523
2024-04-30,23.329999923706055,23.549999237060547,23.209999084472656,23.510000228881836,23.12396240234375,69918
2024-05-01,23.530000686645508,23.530000686645508,23.209999084472656,23.329999923706055,22.946918487548828,55150
2024-05-02,23.34000015258789,23.532800674438477,23.209999084472656,23.469999313354492,23.084619522094727,43050
2024-05-03,23.610000610351562,23.719999313354492,23.416799545288086,23.719999313354492,23.33051300048828,22664
2024-05-06,23.670000076293945,24.0,23.655000686645508,23.860000610351562,23.468215942382812,33586
2024-05-07,23.920000076293945,24.110000610351562,23.917499542236328,24.049999237060547,23.65509605407715,41372
2024-05-08,23.93000030517578,24.05430030822754,23.808399200439453,23.959999084472656,23.566572189331055,84753
2024-05-09,23.899999618530273,24.15999984741211,23.899999618530273,24.040000915527344,23.645261764526367,46804
2024-05-10,24.110000610351562,24.110000610351562,23.959999084472656,24.049999237060547,23.65509605407715,34446
2024-05-13,24.040000915527344,24.049999237060547,23.950000762939453,23.950000762939453,23.556737899780273,45139
2024-05-14,23.920000076293945,24.0,23.899999618530273,23.899999618530273,23.507558822631836,22406
2024-05-15,24.0,24.204999923706055,23.8700008392334,24.149999618530273,23.753454208374023,44638
2024-05-16,24.15999984741211,24.200000762939453,23.970800399780273,24.200000762939453,23.80263328552246,27850
2024-05-17,24.079999923706055,24.100000381469727,24.0,24.047800064086914,23.652931213378906,24703
2024-05-20,24.030000686645508,24.200000762939453,24.01449966430664,24.100000381469727,23.704275131225586,34192
2024-05-21,24.049999237060547,24.159900665283203,23.809999465942383,23.8799991607666,23.487886428833008,40397
2024-05-22,23.790000915527344,24.061599731445312,23.739999771118164,23.93000030517578,23.537067413330078,36936
2024-05-23,24.030000686645508,24.059900283813477,23.729999542236328,23.989999771118164,23.596080780029297,85964
2024-05-24,24.030000686645508,24.040000915527344,23.84779930114746,23.959999084472656,23.566572189331055,25315
2024-05-28,24.010000228881836,24.18000030517578,23.93000030517578,24.010000228881836,23.615753173828125,31270
2024-05-29,24.010000228881836,24.010000228881836,23.600000381469727,23.600000381469727,23.212486267089844,35374
2024-05-30,23.670000076293945,23.690000534057617,23.549999237060547,23.56999969482422,23.1829776763916,41798
2024-05-31,23.540000915527344,24.3700008392334,23.540000915527344,24.229999542236328,23.83213996887207,161089
2024-06-03,24.149999618530273,24.3085994720459,24.030000686645508,24.280000686645508,23.88132095336914,42909
2024-06-04,24.1200008392334,24.479999542236328,24.1200008392334,24.40999984741211,24.009183883666992,24383
2024-06-05,24.360000610351562,24.424999237060547,24.223499298095703,24.360000610351562,23.960006713867188,26204
2024-06-06,24.350000381469727,24.510000228881836,24.170000076293945,24.350000381469727,23.950170516967773,47794
2024-06-07,24.219999313354492,24.350000381469727,24.18440055847168,24.270000457763672,23.871484756469727,26793
2024-06-10,24.200000762939453,24.345199584960938,24.13010025024414,24.200000762939453,23.80263328552246,20389
2024-06-11,24.1299991607666,24.200000762939453,24.1299991607666,24.139999389648438,23.74361801147461,40973
2024-06-12,24.219999313354492,24.539600372314453,24.139999389648438,24.139999389648438,23.74361801147461,63040
2024-06-13,24.239999771118164,24.25,24.170000076293945,24.170000076293945,23.77312469482422,53070
2024-06-14,23.8799991607666,23.899999618530273,23.719999313354492,23.790000915527344,23.790000915527344,27438
2024-06-17,23.760000228881836,23.889999389648438,23.65999984741211,23.75,23.75,42246
2024-06-18,23.709999084472656,23.954200744628906,23.65999984741211,23.68000030517578,23.68000030517578,97654
2024-06-20,23.719999313354492,23.8700008392334,23.649999618530273,23.700000762939453,23.700000762939453,62640
2024-06-21,23.65999984741211,24.0,23.65999984741211,23.850000381469727,23.850000381469727,39015
2024-06-24,23.790000915527344,24.095600128173828,23.790000915527344,24.06999969482422,24.06999969482422,38517
2024-06-25,24.079999923706055,24.329999923706055,24.020000457763672,24.329999923706055,24.329999923706055,37861
2024-06-26,24.329999923706055,24.670000076293945,24.25,24.670000076293945,24.670000076293945,38716
2024-06-27,24.559999465942383,24.649999618530273,24.559999465942383,24.600000381469727,24.600000381469727,39704
2024-06-28,24.649999618530273,24.670000076293945,23.889999389648438,24.1200008392334,24.1200008392334,92040
2024-07-01,24.1299991607666,24.629899978637695,23.799999237060547,23.889999389648438,23.889999389648438,77156
2024-07-02,23.920000076293945,24.260000228881836,23.902099609375,24.260000228881836,24.260000228881836,27457
2024-07-03,24.170000076293945,24.549999237060547,24.170000076293945,24.450000762939453,24.450000762939453,18425
2024-07-05,24.450000762939453,24.670000076293945,24.350000381469727,24.559999465942383,24.559999465942383,29386
2024-07-08,24.5,24.5,24.280000686645508,24.489999771118164,24.489999771118164,46913
2024-07-09,24.469999313354492,24.5049991607666,24.309999465942383,24.389999389648438,24.389999389648438,49323
2024-07-10,24.399999618530273,24.670000076293945,24.118499755859375,24.469999313354492,24.469999313354492,54141
2024-07-11,24.510000228881836,24.889999389648438,24.510000228881836,24.829999923706055,24.829999923706055,44970
2024-07-12,24.790000915527344,24.8700008392334,24.690000534057617,24.8700008392334,24.8700008392334,30002
2024-07-15,24.760000228881836,24.790000915527344,24.450000762939453,24.75,24.75,41868
2024-07-16,24.790000915527344,24.790000915527344,24.540000915527344,24.649999618530273,24.649999618530273,27282
2024-07-17,24.549999237060547,24.719999313354492,24.445600509643555,24.65999984741211,24.65999984741211,20855
2024-07-18,24.719999313354492,24.770000457763672,24.559999465942383,24.739999771118164,24.739999771118164,21155
2024-07-19,24.639999389648438,24.790000915527344,24.40999984741211,24.790000915527344,24.790000915527344,63547
2024-07-22,24.799999237060547,24.84000015258789,24.649999618530273,24.65999984741211,24.65999984741211,25879
2024-07-23,24.770000457763672,24.770000457763672,24.530000686645508,24.549999237060547,24.549999237060547,32972
2024-07-24,24.56999969482422,24.596099853515625,24.309999465942383,24.309999465942383,24.309999465942383,35693
2024-07-25,24.450000762939453,24.54290008544922,24.290000915527344,24.290000915527344,24.290000915527344,31972
2024-07-26,24.34000015258789,24.469999313354492,24.209999084472656,24.260000228881836,24.260000228881836,36143
2024-07-29,24.3799991607666,24.3799991607666,24.15999984741211,24.209999084472656,24.209999084472656,23333
2024-07-30,24.219999313354492,24.56999969482422,24.219999313354492,24.56999969482422,24.56999969482422,21724
2024-07-31,24.43000030517578,24.59000015258789,24.209999084472656,24.25,24.25,78581
2024-08-01,24.200000762939453,24.690000534057617,24.200000762939453,24.690000534057617,24.690000534057617,38179
2024-08-02,24.440000534057617,24.63990020751953,24.360000610351562,24.360000610351562,24.360000610351562,27475
2024-08-05,23.950000762939453,24.290000915527344,23.670000076293945,24.1299991607666,24.1299991607666,73581
2024-08-06,24.059999465942383,24.450000762939453,24.049999237060547,24.389999389648438,24.389999389648438,32799
2024-08-07,24.360000610351562,24.6200008392334,24.360000610351562,24.530000686645508,24.530000686645508,38982
2024-08-08,24.459999084472656,24.729999542236328,24.459999084472656,24.729999542236328,24.729999542236328,18885
2024-08-09,24.610000610351562,24.68000030517578,24.56999969482422,24.579999923706055,24.579999923706055,33035
2024-08-12,24.549999237060547,24.64150047302246,24.43000030517578,24.43000030517578,24.43000030517578,30016
2024-08-13,24.579999923706055,24.655000686645508,24.514999389648438,24.649999618530273,24.649999618530273,23704
2024-08-14,24.649999618530273,24.739999771118164,24.510000228881836,24.510000228881836,24.510000228881836,45340
2024-08-15,24.579999923706055,24.65999984741211,24.34000015258789,24.34000015258789,24.34000015258789,38170
2024-08-16,24.350000381469727,24.6299991607666,24.350000381469727,24.420000076293945,24.420000076293945,14690
2024-08-19,24.5,24.700000762939453,24.5,24.6299991607666,24.6299991607666,25564
2024-08-20,24.670000076293945,24.809600830078125,24.6200008392334,24.799999237060547,24.799999237060547,18795
2024-08-21,24.829999923706055,25.0,24.80500030517578,24.975400924682617,24.975400924682617,38193
2024-08-22,24.989999771118164,24.989999771118164,24.8799991607666,24.989999771118164,24.989999771118164,19791
2024-08-23,25.0,25.0,24.950000762939453,25.0,25.0,38125
