Date,Open,High,Low,Close,Adj Close,Volume
2018-10-31,16.049999237060547,17.0,14.75,14.979999542236328,14.979999542236328,3031000
2018-11-01,14.899999618530273,14.899999618530273,13.069999694824219,14.5,14.5,445700
2018-11-02,14.949999809265137,15.880000114440918,14.670000076293945,15.069999694824219,15.069999694824219,641100
2018-11-05,15.149999618530273,15.75,14.75,14.75,14.75,266000
2018-11-06,14.850000381469727,15.350000381469727,14.75,14.899999618530273,14.899999618530273,272300
2018-11-07,15.0,15.75,14.850000381469727,15.630000114440918,15.630000114440918,869700
2018-11-08,15.510000228881836,15.510000228881836,14.800000190734863,15.0,15.0,177900
2018-11-09,15.029999732971191,15.140000343322754,14.550000190734863,14.84000015258789,14.84000015258789,315300
2018-11-12,14.850000381469727,15.220000267028809,14.850000381469727,15.010000228881836,15.010000228881836,79100
2018-11-13,15.149999618530273,15.59000015258789,14.520000457763672,15.5,15.5,167800
2018-11-14,15.5600004196167,15.579999923706055,14.979999542236328,15.140000343322754,15.140000343322754,81800
2018-11-15,15.199999809265137,15.489999771118164,14.59000015258789,15.149999618530273,15.149999618530273,279000
2018-11-16,15.100000381469727,15.5,14.930000305175781,15.050000190734863,15.050000190734863,135700
2018-11-19,15.050000190734863,15.25,14.800000190734863,15.199999809265137,15.199999809265137,46500
2018-11-20,15.149999618530273,15.149999618530273,13.5,14.0,14.0,81300
2018-11-21,14.220000267028809,14.850000381469727,14.100000381469727,14.729999542236328,14.729999542236328,19100
2018-11-23,14.869999885559082,14.920000076293945,14.130000114440918,14.920000076293945,14.920000076293945,16500
2018-11-26,15.239999771118164,15.390000343322754,14.350000381469727,14.989999771118164,14.989999771118164,186500
2018-11-27,15.140000343322754,15.25,14.510000228881836,14.819999694824219,14.819999694824219,44700
2018-11-28,14.770000457763672,14.770000457763672,13.949999809265137,14.09000015258789,14.09000015258789,113400
2018-11-29,14.130000114440918,14.239999771118164,13.109999656677246,13.399999618530273,13.399999618530273,199600
2018-11-30,13.380000114440918,13.720000267028809,11.949999809265137,13.199999809265137,13.199999809265137,143100
2018-12-03,13.229999542236328,14.079999923706055,13.100000381469727,14.010000228881836,14.010000228881836,247600
2018-12-04,13.869999885559082,14.520000457763672,13.239999771118164,14.34000015258789,14.34000015258789,200500
2018-12-06,14.260000228881836,14.989999771118164,13.9399995803833,14.800000190734863,14.800000190734863,218600
2018-12-07,14.8100004196167,15.75,13.670000076293945,15.170000076293945,15.170000076293945,140400
2018-12-10,15.329999923706055,16.649999618530273,15.229999542236328,16.100000381469727,16.100000381469727,155000
2018-12-11,15.989999771118164,16.889999389648438,15.4399995803833,15.479999542236328,15.479999542236328,145700
2018-12-12,15.289999961853027,16.8799991607666,15.289999961853027,16.43000030517578,16.43000030517578,160000
2018-12-13,16.520000457763672,16.600000381469727,15.5600004196167,15.960000038146973,15.960000038146973,67800
2018-12-14,15.989999771118164,16.75,15.800000190734863,16.299999237060547,16.299999237060547,89000
2018-12-17,16.09000015258789,16.09000015258789,15.130000114440918,15.460000038146973,15.460000038146973,105800
2018-12-18,15.539999961853027,16.489999771118164,15.130000114440918,15.550000190734863,15.550000190734863,133200
2018-12-19,15.760000228881836,16.170000076293945,14.699999809265137,14.989999771118164,14.989999771118164,130700
2018-12-20,14.8100004196167,15.079999923706055,13.65999984741211,14.149999618530273,14.149999618530273,196800
2018-12-21,14.239999771118164,15.779999732971191,13.5,13.890000343322754,13.890000343322754,944400
2018-12-24,14.029999732971191,14.029999732971191,13.430000305175781,13.710000038146973,13.710000038146973,20300
2018-12-26,13.800000190734863,14.800000190734863,13.520000457763672,14.270000457763672,14.270000457763672,96700
2018-12-27,14.149999618530273,15.149999618530273,13.869999885559082,15.149999618530273,15.149999618530273,77600
2018-12-28,15.079999923706055,15.279999732971191,14.4399995803833,14.5600004196167,14.5600004196167,29200
2018-12-31,14.6899995803833,15.25,14.3100004196167,15.109999656677246,15.109999656677246,46800
2019-01-02,15.0,15.130000114440918,13.899999618530273,14.15999984741211,14.15999984741211,152500
2019-01-03,14.020000457763672,15.399999618530273,13.100000381469727,13.520000457763672,13.520000457763672,64100
2019-01-04,13.729999542236328,14.970000267028809,13.670000076293945,14.729999542236328,14.729999542236328,65300
2019-01-07,14.760000228881836,15.140000343322754,14.180000305175781,14.34000015258789,14.34000015258789,118100
2019-01-08,14.399999618530273,14.399999618530273,13.25,13.319999694824219,13.319999694824219,114700
2019-01-09,13.279999732971191,14.739999771118164,13.0,14.489999771118164,14.489999771118164,63800
2019-01-10,14.380000114440918,15.050000190734863,13.970000267028809,14.6899995803833,14.6899995803833,214000
2019-01-11,14.59000015258789,14.59000015258789,14.0,14.350000381469727,14.350000381469727,182700
2019-01-14,14.239999771118164,15.050000190734863,14.109999656677246,14.949999809265137,14.949999809265137,41700
2019-01-15,14.970000267028809,15.100000381469727,14.640000343322754,14.989999771118164,14.989999771118164,123800
2019-01-16,14.989999771118164,15.039999961853027,14.739999771118164,14.949999809265137,14.949999809265137,67300
2019-01-17,14.960000038146973,15.229999542236328,14.960000038146973,15.0600004196167,15.0600004196167,24400
2019-01-18,15.140000343322754,15.350000381469727,14.789999961853027,15.180000305175781,15.180000305175781,108100
2019-01-22,15.15999984741211,15.319999694824219,14.680000305175781,14.850000381469727,14.850000381469727,18900
2019-01-23,14.9399995803833,15.020000457763672,14.539999961853027,14.720000267028809,14.720000267028809,31800
2019-01-24,15.029999732971191,15.199999809265137,14.59000015258789,14.84000015258789,14.84000015258789,37600
2019-01-25,14.850000381469727,15.4399995803833,14.850000381469727,14.989999771118164,14.989999771118164,27100
2019-01-28,14.949999809265137,15.199999809265137,14.270000457763672,14.350000381469727,14.350000381469727,28500
2019-01-29,14.399999618530273,15.020000457763672,14.010000228881836,14.270000457763672,14.270000457763672,45700
2019-01-30,14.359999656677246,14.670000076293945,14.0,14.1899995803833,14.1899995803833,31000
2019-01-31,14.399999618530273,14.770000457763672,14.140000343322754,14.600000381469727,14.600000381469727,38100
2019-02-01,14.630000114440918,14.890000343322754,14.050000190734863,14.8100004196167,14.8100004196167,60400
2019-02-04,15.0,15.75,14.65999984741211,15.180000305175781,15.180000305175781,106800
2019-02-05,15.0,15.149999618530273,14.520000457763672,14.649999618530273,14.649999618530273,26400
2019-02-06,14.619999885559082,15.100000381469727,14.109999656677246,14.90999984741211,14.90999984741211,37400
2019-02-07,14.760000228881836,15.140000343322754,14.569999694824219,14.800000190734863,14.800000190734863,15200
2019-02-08,14.6899995803833,15.680000305175781,14.6899995803833,14.899999618530273,14.899999618530273,32700
2019-02-11,14.970000267028809,14.970000267028809,14.350000381469727,14.5600004196167,14.5600004196167,19000
2019-02-12,14.619999885559082,15.75,14.619999885559082,15.720000267028809,15.720000267028809,54900
2019-02-13,15.75,15.890000343322754,15.380000114440918,15.699999809265137,15.699999809265137,46700
2019-02-14,15.930000305175781,16.420000076293945,15.430000305175781,15.649999618530273,15.649999618530273,88900
2019-02-15,15.890000343322754,16.5,15.890000343322754,16.440000534057617,16.440000534057617,33300
2019-02-19,16.5,18.149999618530273,16.469999313354492,18.0,18.0,336100
2019-02-20,18.18000030517578,21.809999465942383,18.18000030517578,21.1299991607666,21.1299991607666,358400
2019-02-21,20.989999771118164,22.65999984741211,20.799999237060547,22.5,22.5,314400
2019-02-22,22.889999389648438,22.889999389648438,21.18000030517578,21.5,21.5,152100
2019-02-25,22.239999771118164,22.239999771118164,21.010000228881836,21.450000762939453,21.450000762939453,70100
2019-02-26,21.56999969482422,21.90999984741211,20.200000762939453,21.34000015258789,21.34000015258789,76100
2019-02-27,21.280000686645508,21.639999389648438,20.540000915527344,20.850000381469727,20.850000381469727,60400
2019-02-28,21.010000228881836,21.59000015258789,20.559999465942383,21.260000228881836,21.260000228881836,46700
2019-03-01,21.81999969482422,22.450000762939453,21.559999465942383,21.75,21.75,143200
2019-03-04,22.15999984741211,24.40999984741211,20.809999465942383,21.440000534057617,21.440000534057617,74200
2019-03-05,21.5,22.40999984741211,20.139999389648438,20.75,20.75,78100
2019-03-06,20.75,22.229999542236328,19.75,19.90999984741211,19.90999984741211,327100
2019-03-07,20.0,21.280000686645508,19.8799991607666,20.469999313354492,20.469999313354492,73100
2019-03-08,20.270000457763672,20.979999542236328,20.270000457763672,20.530000686645508,20.530000686645508,24400
2019-03-11,20.6299991607666,21.989999771118164,20.579999923706055,21.420000076293945,21.420000076293945,73900
2019-03-12,21.489999771118164,21.6200008392334,20.1200008392334,20.6200008392334,20.6200008392334,79400
2019-03-13,20.719999313354492,22.09000015258789,20.649999618530273,22.0,22.0,56000
2019-03-14,22.040000915527344,22.56999969482422,21.309999465942383,21.5,21.5,43500
2019-03-15,21.59000015258789,23.889999389648438,21.309999465942383,22.600000381469727,22.600000381469727,188200
2019-03-18,22.899999618530273,23.170000076293945,21.709999084472656,21.84000015258789,21.84000015258789,57800
2019-03-19,21.950000762939453,22.950000762939453,21.520000457763672,22.280000686645508,22.280000686645508,89800
2019-03-20,22.239999771118164,23.940000534057617,21.8799991607666,23.540000915527344,23.540000915527344,105400
2019-03-21,23.639999389648438,24.93000030517578,23.520000457763672,24.350000381469727,24.350000381469727,110800
2019-03-22,24.100000381469727,24.459999084472656,22.610000610351562,23.239999771118164,23.239999771118164,86000
2019-03-25,23.260000228881836,23.600000381469727,22.649999618530273,22.989999771118164,22.989999771118164,95600
2019-03-26,23.40999984741211,24.5,23.209999084472656,23.809999465942383,23.809999465942383,65400
2019-03-27,23.760000228881836,23.8799991607666,22.780000686645508,22.940000534057617,22.940000534057617,67400
2019-03-28,23.290000915527344,24.030000686645508,23.1299991607666,23.709999084472656,23.709999084472656,50000
2019-03-29,24.079999923706055,24.40999984741211,23.0,23.950000762939453,23.950000762939453,111200
2019-04-01,24.0,24.149999618530273,23.110000610351562,23.329999923706055,23.329999923706055,93800
2019-04-02,23.309999465942383,24.190000534057617,23.18000030517578,23.6299991607666,23.6299991607666,51900
2019-04-03,23.969999313354492,24.0,23.030000686645508,23.15999984741211,23.15999984741211,83700
2019-04-04,23.6200008392334,23.6200008392334,21.3700008392334,21.600000381469727,21.600000381469727,132600
2019-04-05,21.670000076293945,22.209999084472656,21.25,21.520000457763672,21.520000457763672,80200
2019-04-08,21.520000457763672,23.06999969482422,20.969999313354492,21.040000915527344,21.040000915527344,63600
2019-04-09,22.540000915527344,22.540000915527344,21.0,21.670000076293945,21.670000076293945,104600
2019-04-10,21.799999237060547,22.100000381469727,20.510000228881836,21.959999084472656,21.959999084472656,90100
2019-04-11,21.93000030517578,21.93000030517578,20.6200008392334,20.8700008392334,20.8700008392334,174100
2019-04-12,20.989999771118164,20.989999771118164,20.549999237060547,20.799999237060547,20.799999237060547,83500
2019-04-15,20.770000457763672,20.770000457763672,20.049999237060547,20.09000015258789,20.09000015258789,35200
2019-04-16,20.200000762939453,20.850000381469727,19.219999313354492,19.399999618530273,19.399999618530273,85000
2019-04-17,19.559999465942383,19.850000381469727,18.079999923706055,18.540000915527344,18.540000915527344,130400
2019-04-18,18.510000228881836,19.399999618530273,18.43000030517578,18.989999771118164,18.989999771118164,50700
2019-04-22,19.139999389648438,19.889999389648438,18.65999984741211,19.229999542236328,19.229999542236328,159100
2019-04-23,19.309999465942383,20.200000762939453,19.200000762939453,19.809999465942383,19.809999465942383,140700
2019-04-24,19.65999984741211,20.3799991607666,19.65999984741211,19.969999313354492,19.969999313354492,84000
2019-04-25,20.079999923706055,20.56999969482422,19.950000762939453,20.290000915527344,20.290000915527344,43800
2019-04-26,20.309999465942383,23.209999084472656,20.06999969482422,21.809999465942383,21.809999465942383,114800
2019-04-29,21.84000015258789,23.719999313354492,20.440000534057617,21.010000228881836,21.010000228881836,98800
2019-04-30,21.0,21.0,20.06999969482422,20.200000762939453,20.200000762939453,84300
2019-05-01,20.299999237060547,23.360000610351562,20.299999237060547,21.43000030517578,21.43000030517578,127200
2019-05-02,21.43000030517578,22.979999542236328,21.0,21.860000610351562,21.860000610351562,175500
2019-05-03,22.040000915527344,23.15999984741211,21.959999084472656,22.489999771118164,22.489999771118164,118700
2019-05-06,22.420000076293945,23.6299991607666,22.420000076293945,23.200000762939453,23.200000762939453,93600
2019-05-07,23.229999542236328,23.65999984741211,23.219999313354492,23.600000381469727,23.600000381469727,130500
2019-05-08,23.579999923706055,24.280000686645508,23.579999923706055,24.25,24.25,342900
2019-05-09,24.5,29.84000015258789,24.5,28.969999313354492,28.969999313354492,614400
2019-05-10,29.59000015258789,30.399999618530273,29.0,29.950000762939453,29.950000762939453,419200
2019-05-13,29.030000686645508,30.049999237060547,28.899999618530273,29.700000762939453,29.700000762939453,226400
2019-05-14,29.8799991607666,32.900001525878906,29.530000686645508,31.440000534057617,31.440000534057617,389800
2019-05-15,31.149999618530273,32.15999984741211,30.020000457763672,31.729999542236328,31.729999542236328,277000
2019-05-16,31.950000762939453,32.400001525878906,29.899999618530273,30.149999618530273,30.149999618530273,176900
2019-05-17,29.989999771118164,30.510000228881836,29.229999542236328,30.239999771118164,30.239999771118164,190600
2019-05-20,30.0,31.559999465942383,30.0,30.979999542236328,30.979999542236328,150400
2019-05-21,31.15999984741211,32.279998779296875,30.309999465942383,31.280000686645508,31.280000686645508,96200
2019-05-22,31.280000686645508,32.11000061035156,30.65999984741211,31.06999969482422,31.06999969482422,144600
2019-05-23,30.739999771118164,30.739999771118164,29.5,30.270000457763672,30.270000457763672,160900
2019-05-24,30.450000762939453,32.34000015258789,30.020000457763672,31.600000381469727,31.600000381469727,193400
2019-05-28,31.670000076293945,34.119998931884766,31.670000076293945,33.599998474121094,33.599998474121094,362300
2019-05-29,33.220001220703125,33.72999954223633,31.829999923706055,32.65999984741211,32.65999984741211,175400
2019-05-30,32.939998626708984,33.0,31.729999542236328,32.91999816894531,32.91999816894531,102500
2019-05-31,32.86000061035156,33.34000015258789,31.68000030517578,32.86000061035156,32.86000061035156,98500
2019-06-03,33.41999816894531,33.540000915527344,32.34000015258789,32.970001220703125,32.970001220703125,153200
2019-06-04,33.380001068115234,33.59000015258789,32.2599983215332,33.13999938964844,33.13999938964844,155800
2019-06-05,33.380001068115234,33.56999969482422,31.149999618530273,31.420000076293945,31.420000076293945,178300
2019-06-06,31.040000915527344,31.65999984741211,30.420000076293945,31.170000076293945,31.170000076293945,173500
2019-06-07,31.3799991607666,32.439998626708984,30.760000228881836,31.549999237060547,31.549999237060547,222500
2019-06-10,32.369998931884766,33.68000030517578,31.989999771118164,32.400001525878906,32.400001525878906,408100
2019-06-11,32.529998779296875,32.630001068115234,31.479999542236328,31.739999771118164,31.739999771118164,227200
2019-06-12,31.8799991607666,32.29999923706055,31.5,31.799999237060547,31.799999237060547,197500
2019-06-13,32.29999923706055,34.869998931884766,32.0,34.209999084472656,34.209999084472656,293800
2019-06-14,34.16999816894531,35.279998779296875,34.130001068115234,34.599998474121094,34.599998474121094,211200
2019-06-17,35.029998779296875,36.93000030517578,34.709999084472656,35.93000030517578,35.93000030517578,235100
2019-06-18,36.470001220703125,37.77000045776367,35.099998474121094,35.369998931884766,35.369998931884766,226500
2019-06-19,34.88999938964844,36.15999984741211,34.66999816894531,36.02000045776367,36.02000045776367,182000
2019-06-20,36.70000076293945,38.779998779296875,36.13999938964844,36.970001220703125,36.970001220703125,280100
2019-06-21,36.970001220703125,37.97999954223633,36.380001068115234,37.900001525878906,37.900001525878906,278000
2019-06-24,37.900001525878906,38.16999816894531,36.41999816894531,37.040000915527344,37.040000915527344,197900
2019-06-25,37.43000030517578,37.59000015258789,36.68000030517578,37.209999084472656,37.209999084472656,133500
2019-06-26,37.290000915527344,38.22999954223633,36.5,36.84000015258789,36.84000015258789,147000
2019-06-27,36.869998931884766,37.5,36.61000061035156,37.150001525878906,37.150001525878906,162200
2019-06-28,37.470001220703125,41.34000015258789,37.470001220703125,40.970001220703125,40.970001220703125,1476000
2019-07-01,42.279998779296875,43.189998626708984,40.15999984741211,42.40999984741211,42.40999984741211,424500
2019-07-02,43.0,43.369998931884766,39.529998779296875,40.79999923706055,40.79999923706055,316500
2019-07-03,40.83000183105469,41.29999923706055,40.4900016784668,41.0,41.0,120100
2019-07-05,41.279998779296875,43.060001373291016,40.25,40.79999923706055,40.79999923706055,114400
2019-07-08,41.31999969482422,41.31999969482422,39.56999969482422,40.02000045776367,40.02000045776367,238200
2019-07-09,39.88999938964844,40.290000915527344,39.83000183105469,40.11000061035156,40.11000061035156,435000
2019-07-10,40.0099983215332,40.81999969482422,39.11000061035156,40.029998779296875,40.029998779296875,319500
2019-07-11,40.08000183105469,40.689998626708984,39.290000915527344,40.09000015258789,40.09000015258789,212800
2019-07-12,40.060001373291016,40.650001525878906,39.56999969482422,40.189998626708984,40.189998626708984,252600
2019-07-15,40.56999969482422,41.369998931884766,39.599998474121094,40.15999984741211,40.15999984741211,308300
2019-07-16,40.2599983215332,40.27000045776367,35.0,38.52000045776367,38.52000045776367,343500
2019-07-17,38.650001525878906,39.040000915527344,37.790000915527344,38.40999984741211,38.40999984741211,139600
2019-07-18,38.209999084472656,39.2400016784668,37.689998626708984,38.5099983215332,38.5099983215332,156500
2019-07-19,38.43000030517578,39.20000076293945,37.290000915527344,37.72999954223633,37.72999954223633,120900
2019-07-22,37.90999984741211,38.369998931884766,37.31999969482422,37.880001068115234,37.880001068115234,228800
2019-07-23,37.880001068115234,38.279998779296875,37.41999816894531,37.9900016784668,37.9900016784668,162400
2019-07-24,38.06999969482422,39.040000915527344,37.310001373291016,37.9900016784668,37.9900016784668,241400
2019-07-25,37.810001373291016,38.11000061035156,36.619998931884766,37.290000915527344,37.290000915527344,149900
2019-07-26,37.540000915527344,37.900001525878906,36.83000183105469,37.72999954223633,37.72999954223633,134100
2019-07-29,37.68000030517578,38.279998779296875,37.5,37.720001220703125,37.720001220703125,169600
2019-07-30,37.689998626708984,37.869998931884766,37.40999984741211,37.65999984741211,37.65999984741211,219900
2019-07-31,37.70000076293945,37.779998779296875,36.599998474121094,36.70000076293945,36.70000076293945,160800
2019-08-01,36.7400016784668,38.06999969482422,36.0,37.369998931884766,37.369998931884766,270200
2019-08-02,37.310001373291016,37.65999984741211,35.689998626708984,36.11000061035156,36.11000061035156,193200
2019-08-05,35.970001220703125,35.970001220703125,32.47999954223633,33.77000045776367,33.77000045776367,407600
2019-08-06,31.59000015258789,33.59000015258789,30.049999237060547,30.81999969482422,30.81999969482422,581100
2019-08-07,31.600000381469727,35.08000183105469,31.3700008392334,34.0,34.0,421600
2019-08-08,34.29999923706055,35.619998931884766,32.75,33.06999969482422,33.06999969482422,998400
2019-08-09,32.81999969482422,34.0,32.5,33.77000045776367,33.77000045776367,162800
2019-08-12,33.61000061035156,33.88999938964844,32.529998779296875,32.939998626708984,32.939998626708984,117400
2019-08-13,33.0,35.349998474121094,32.66999816894531,35.150001525878906,35.150001525878906,131700
2019-08-14,34.65999984741211,34.65999984741211,32.56999969482422,33.34000015258789,33.34000015258789,177600
2019-08-15,33.40999984741211,34.439998626708984,32.66999816894531,33.5,33.5,123700
2019-08-16,33.66999816894531,34.439998626708984,33.36000061035156,34.150001525878906,34.150001525878906,87600
2019-08-19,34.5099983215332,35.0,34.220001220703125,34.43000030517578,34.43000030517578,58200
2019-08-20,34.70000076293945,35.25,34.18000030517578,34.310001373291016,34.310001373291016,79600
2019-08-21,34.81999969482422,35.189998626708984,34.189998626708984,34.91999816894531,34.91999816894531,86600
2019-08-22,34.86000061035156,35.0,33.540000915527344,34.099998474121094,34.099998474121094,95700
2019-08-23,33.630001068115234,34.540000915527344,32.83000183105469,33.13999938964844,33.13999938964844,114800
2019-08-26,33.349998474121094,34.40999984741211,32.959999084472656,34.290000915527344,34.290000915527344,204100
2019-08-27,34.41999816894531,34.529998779296875,32.52000045776367,33.29999923706055,33.29999923706055,122900
2019-08-28,33.04999923706055,34.0,32.880001068115234,33.36000061035156,33.36000061035156,103200
2019-08-29,33.630001068115234,34.5,33.459999084472656,34.459999084472656,34.459999084472656,136800
2019-08-30,34.369998931884766,34.5,32.52000045776367,33.27000045776367,33.27000045776367,97200
2019-09-03,33.9900016784668,33.9900016784668,32.7599983215332,33.310001373291016,33.310001373291016,149600
2019-09-04,33.5,33.75,32.59000015258789,33.119998931884766,33.119998931884766,191300
2019-09-05,33.18000030517578,35.5,33.18000030517578,35.47999954223633,35.47999954223633,391600
2019-09-06,35.59000015258789,36.04999923706055,34.869998931884766,35.709999084472656,35.709999084472656,149200
2019-09-09,36.349998474121094,37.65999984741211,33.029998779296875,33.2400016784668,33.2400016784668,652800
2019-09-10,33.65999984741211,33.880001068115234,30.549999237060547,30.639999389648438,30.639999389648438,442500
2019-09-11,30.700000762939453,32.150001525878906,29.649999618530273,31.829999923706055,31.829999923706055,426900
2019-09-12,31.90999984741211,32.470001220703125,30.950000762939453,31.5,31.5,198700
2019-09-13,31.670000076293945,31.90999984741211,30.8700008392334,31.020000457763672,31.020000457763672,109600
2019-09-16,30.90999984741211,30.989999771118164,29.6200008392334,30.270000457763672,30.270000457763672,157000
2019-09-17,30.68000030517578,33.060001373291016,29.799999237060547,31.940000534057617,31.940000534057617,238400
2019-09-18,31.899999618530273,32.459999084472656,30.719999313354492,31.420000076293945,31.420000076293945,166800
2019-09-19,31.43000030517578,32.119998931884766,29.709999084472656,29.799999237060547,29.799999237060547,243500
2019-09-20,29.969999313354492,31.6200008392334,29.809999465942383,31.170000076293945,31.170000076293945,242400
2019-09-23,31.170000076293945,31.170000076293945,29.75,30.899999618530273,30.899999618530273,145800
2019-09-24,31.100000381469727,31.1299991607666,29.790000915527344,30.059999465942383,30.059999465942383,179800
2019-09-25,30.020000457763672,30.760000228881836,28.770000457763672,28.889999389648438,28.889999389648438,222000
2019-09-26,28.799999237060547,29.280000686645508,26.68000030517578,27.290000915527344,27.290000915527344,259500
2019-09-27,27.299999237060547,27.940000534057617,25.920000076293945,27.739999771118164,27.739999771118164,373100
2019-09-30,27.709999084472656,28.100000381469727,26.149999618530273,26.920000076293945,26.920000076293945,501600
2019-10-01,26.700000762939453,27.020000457763672,25.25,25.610000610351562,25.610000610351562,341500
2019-10-02,25.440000534057617,26.719999313354492,24.760000228881836,25.34000015258789,25.34000015258789,401300
2019-10-03,25.450000762939453,26.940000534057617,24.5,26.530000686645508,26.530000686645508,307400
2019-10-04,26.809999465942383,27.170000076293945,24.790000915527344,25.530000686645508,25.530000686645508,357700
2019-10-07,25.260000228881836,25.260000228881836,22.780000686645508,23.520000457763672,23.520000457763672,645600
2019-10-08,23.239999771118164,23.899999618530273,21.389999389648438,21.68000030517578,21.68000030517578,542400
2019-10-09,21.729999542236328,21.969999313354492,20.510000228881836,21.010000228881836,21.010000228881836,402000
2019-10-10,20.979999542236328,21.34000015258789,19.690000534057617,21.049999237060547,21.049999237060547,382600
2019-10-11,21.200000762939453,21.469999313354492,19.940000534057617,20.06999969482422,20.06999969482422,314200
2019-10-14,19.90999984741211,20.610000610351562,19.010000228881836,20.200000762939453,20.200000762939453,431900
2019-10-15,20.530000686645508,21.8700008392334,20.09000015258789,20.709999084472656,20.709999084472656,439800
2019-10-16,20.68000030517578,20.719999313354492,19.489999771118164,20.329999923706055,20.329999923706055,221100
2019-10-17,20.399999618530273,21.170000076293945,19.709999084472656,20.479999542236328,20.479999542236328,193900
2019-10-18,20.270000457763672,20.93000030517578,20.09000015258789,20.440000534057617,20.440000534057617,137100
2019-10-21,21.030000686645508,21.979999542236328,20.1299991607666,20.809999465942383,20.809999465942383,226300
2019-10-22,20.809999465942383,20.899999618530273,19.510000228881836,19.56999969482422,19.56999969482422,258200
2019-10-23,19.450000762939453,20.350000381469727,19.010000228881836,19.760000228881836,19.760000228881836,200800
2019-10-24,19.93000030517578,21.239999771118164,19.81999969482422,20.770000457763672,20.770000457763672,200100
2019-10-25,20.770000457763672,21.100000381469727,19.84000015258789,20.68000030517578,20.68000030517578,294500
2019-10-28,20.8799991607666,22.84000015258789,20.700000762939453,22.100000381469727,22.100000381469727,408100
2019-10-29,22.1299991607666,24.09000015258789,21.8799991607666,23.450000762939453,23.450000762939453,505900
2019-10-30,23.15999984741211,23.780000686645508,22.360000610351562,23.5,23.5,334800
2019-10-31,23.950000762939453,24.729999542236328,23.760000228881836,24.719999313354492,24.719999313354492,403500
2019-11-01,25.579999923706055,25.979999542236328,24.65999984741211,25.100000381469727,25.100000381469727,521000
2019-11-04,25.360000610351562,25.6299991607666,24.040000915527344,24.3700008392334,24.3700008392334,501900
2019-11-05,24.5,24.5,22.389999389648438,23.3799991607666,23.3799991607666,561100
2019-11-06,23.0,23.3799991607666,22.709999084472656,23.170000076293945,23.170000076293945,225400
2019-11-07,22.8799991607666,23.75,21.100000381469727,21.360000610351562,21.360000610351562,405400
2019-11-08,21.239999771118164,22.489999771118164,21.010000228881836,22.420000076293945,22.420000076293945,236800
2019-11-11,22.219999313354492,24.170000076293945,21.829999923706055,23.940000534057617,23.940000534057617,288400
2019-11-12,24.0,25.809999465942383,23.729999542236328,24.959999084472656,24.959999084472656,471900
2019-11-13,24.959999084472656,25.670000076293945,24.3799991607666,25.489999771118164,25.489999771118164,358600
2019-11-14,29.5,30.329999923706055,28.200000762939453,28.959999084472656,28.959999084472656,2145400
2019-11-15,29.0,29.549999237060547,26.6299991607666,26.75,26.75,1188200
2019-11-18,26.579999923706055,27.149999618530273,23.34000015258789,23.43000030517578,23.43000030517578,786500
2019-11-19,23.450000762939453,23.75,22.489999771118164,22.989999771118164,22.989999771118164,286300
2019-11-20,23.219999313354492,23.389999389648438,21.299999237060547,21.8700008392334,21.8700008392334,2101200
2019-11-21,21.75,22.25,21.25,22.1200008392334,22.1200008392334,1143700
2019-11-22,21.889999389648438,22.25,20.899999618530273,22.1200008392334,22.1200008392334,1041900
2019-11-25,22.31999969482422,23.639999389648438,21.700000762939453,23.219999313354492,23.219999313354492,718700
2019-11-26,23.25,24.34000015258789,23.15999984741211,24.079999923706055,24.079999923706055,1003100
2019-11-27,24.149999618530273,24.780000686645508,23.860000610351562,24.690000534057617,24.690000534057617,305800
2019-11-29,24.579999923706055,24.950000762939453,24.1200008392334,24.389999389648438,24.389999389648438,345100
2019-12-02,24.239999771118164,24.239999771118164,23.049999237060547,23.229999542236328,23.229999542236328,361900
2019-12-03,22.920000076293945,23.729999542236328,21.90999984741211,23.600000381469727,23.600000381469727,408200
2019-12-04,23.709999084472656,24.209999084472656,22.860000610351562,24.059999465942383,24.059999465942383,434100
2019-12-05,23.850000381469727,25.280000686645508,23.809999465942383,25.059999465942383,25.059999465942383,579900
2019-12-06,25.329999923706055,25.6200008392334,24.950000762939453,25.530000686645508,25.530000686645508,1567100
2019-12-09,25.6299991607666,25.899999618530273,23.670000076293945,24.25,24.25,1322400
2019-12-10,25.68000030517578,25.860000610351562,24.6200008392334,25.190000534057617,25.190000534057617,772300
2019-12-11,25.0,25.920000076293945,24.809999465942383,25.260000228881836,25.260000228881836,394400
2019-12-12,25.65999984741211,26.049999237060547,24.969999313354492,25.81999969482422,25.81999969482422,740200
2019-12-13,26.329999923706055,26.389999389648438,25.049999237060547,25.510000228881836,25.510000228881836,430700
2019-12-16,25.5,26.059999465942383,24.950000762939453,25.850000381469727,25.850000381469727,625500
2019-12-17,25.670000076293945,26.079999923706055,24.610000610351562,25.309999465942383,25.309999465942383,732600
2019-12-18,25.5,26.469999313354492,25.110000610351562,26.389999389648438,26.389999389648438,779900
2019-12-19,26.479999542236328,26.940000534057617,25.5,26.889999389648438,26.889999389648438,728600
2019-12-20,27.0,27.510000228881836,26.110000610351562,26.309999465942383,26.309999465942383,1121200
2019-12-23,26.459999084472656,27.030000686645508,25.790000915527344,26.920000076293945,26.920000076293945,419800
2019-12-24,26.770000457763672,27.299999237060547,26.18000030517578,27.06999969482422,27.06999969482422,455700
2019-12-26,27.139999389648438,27.270000457763672,26.649999618530273,26.979999542236328,26.979999542236328,388800
2019-12-27,27.440000534057617,27.440000534057617,26.260000228881836,26.770000457763672,26.770000457763672,431300
2019-12-30,26.940000534057617,27.239999771118164,26.020000457763672,27.1299991607666,27.1299991607666,395800
2019-12-31,27.040000915527344,27.979999542236328,26.579999923706055,27.709999084472656,27.709999084472656,476700
2020-01-02,27.790000915527344,27.790000915527344,26.850000381469727,27.520000457763672,27.520000457763672,697300
2020-01-03,26.90999984741211,27.56999969482422,26.18000030517578,27.010000228881836,27.010000228881836,880500
2020-01-06,27.0,27.559999465942383,26.420000076293945,27.459999084472656,27.459999084472656,390100
2020-01-07,27.31999969482422,27.31999969482422,26.15999984741211,26.950000762939453,26.950000762939453,372300
2020-01-08,27.309999465942383,27.59000015258789,26.59000015258789,26.940000534057617,26.940000534057617,601000
2020-01-09,31.010000228881836,33.939998626708984,30.510000228881836,32.560001373291016,32.560001373291016,4374600
2020-01-10,31.610000610351562,32.560001373291016,31.610000610351562,32.380001068115234,32.380001068115234,972100
2020-01-13,31.979999542236328,32.75,29.010000228881836,30.389999389648438,30.389999389648438,1751200
2020-01-14,30.299999237060547,31.709999084472656,30.229999542236328,30.920000076293945,30.920000076293945,882800
2020-01-15,31.0,31.020000457763672,29.850000381469727,30.440000534057617,30.440000534057617,466800
2020-01-16,30.799999237060547,31.6299991607666,30.579999923706055,31.5,31.5,890700
2020-01-17,31.5,31.850000381469727,31.15999984741211,31.5,31.5,605200
2020-01-21,31.5,32.15999984741211,31.31999969482422,31.84000015258789,31.84000015258789,387300
2020-01-22,31.969999313354492,32.29999923706055,31.18000030517578,31.530000686645508,31.530000686645508,360100
2020-01-23,31.15999984741211,31.75,30.93000030517578,31.040000915527344,31.040000915527344,754600
2020-01-24,31.09000015258789,31.350000381469727,29.389999389648438,30.59000015258789,30.59000015258789,488600
2020-01-27,29.8700008392334,31.020000457763672,29.770000457763672,30.25,30.25,327900
2020-01-28,30.239999771118164,31.139999389648438,29.59000015258789,30.770000457763672,30.770000457763672,374800
2020-01-29,31.030000686645508,31.139999389648438,30.200000762939453,30.350000381469727,30.350000381469727,354400
2020-01-30,29.950000762939453,30.690000534057617,29.399999618530273,29.809999465942383,29.809999465942383,323800
2020-01-31,29.639999389648438,29.90999984741211,28.309999465942383,29.030000686645508,29.030000686645508,526400
2020-02-03,29.190000534057617,29.649999618530273,28.770000457763672,29.399999618530273,29.399999618530273,277500
2020-02-04,30.1200008392334,30.850000381469727,28.8700008392334,29.780000686645508,29.780000686645508,317700
2020-02-05,30.25,30.25,28.579999923706055,29.049999237060547,29.049999237060547,518000
2020-02-06,29.209999084472656,30.670000076293945,28.440000534057617,30.059999465942383,30.059999465942383,509000
2020-02-07,30.0,30.559999465942383,29.709999084472656,30.209999084472656,30.209999084472656,256900
2020-02-10,30.209999084472656,31.010000228881836,30.149999618530273,30.950000762939453,30.950000762939453,502700
2020-02-11,31.149999618530273,31.899999618530273,31.1299991607666,31.549999237060547,31.549999237060547,376900
2020-02-12,31.610000610351562,33.43000030517578,31.610000610351562,33.349998474121094,33.349998474121094,647100
2020-02-13,33.189998626708984,34.0,32.11000061035156,33.7400016784668,33.7400016784668,423700
2020-02-14,33.91999816894531,34.529998779296875,33.290000915527344,34.290000915527344,34.290000915527344,320700
2020-02-18,34.09000015258789,34.77000045776367,33.779998779296875,34.54999923706055,34.54999923706055,394600
2020-02-19,34.7599983215332,35.93000030517578,34.63999938964844,35.0099983215332,35.0099983215332,732000
2020-02-20,35.0099983215332,36.15999984741211,34.58000183105469,35.959999084472656,35.959999084472656,721900
2020-02-21,35.959999084472656,36.540000915527344,35.5,36.09000015258789,36.09000015258789,1143200
2020-02-24,34.84000015258789,36.16999816894531,34.22999954223633,35.40999984741211,35.40999984741211,1049700
2020-02-25,35.709999084472656,36.380001068115234,34.79999923706055,35.939998626708984,35.939998626708984,1126300
2020-02-26,36.18000030517578,37.130001068115234,35.86000061035156,36.54999923706055,36.54999923706055,701700
2020-02-27,35.83000183105469,36.540000915527344,34.959999084472656,35.099998474121094,35.099998474121094,894200
2020-02-28,31.770000457763672,35.56999969482422,31.010000228881836,35.45000076293945,35.45000076293945,850200
2020-03-02,35.2599983215332,37.2599983215332,34.86000061035156,37.189998626708984,37.189998626708984,792400
2020-03-03,37.02000045776367,37.61000061035156,35.540000915527344,36.369998931884766,36.369998931884766,728600
2020-03-04,37.099998474121094,38.0,36.0099983215332,37.72999954223633,37.72999954223633,691500
2020-03-05,38.119998931884766,38.4900016784668,35.38999938964844,36.790000915527344,36.790000915527344,1307400
2020-03-06,35.84000015258789,36.2400016784668,34.63999938964844,35.93000030517578,35.93000030517578,664500
2020-03-09,34.279998779296875,34.95000076293945,31.90999984741211,32.349998474121094,32.349998474121094,800200
2020-03-10,33.11000061035156,34.15999984741211,30.6299991607666,32.029998779296875,32.029998779296875,746800
2020-03-11,31.5,31.829999923706055,29.920000076293945,30.219999313354492,30.219999313354492,778600
2020-03-12,27.549999237060547,28.989999771118164,24.6299991607666,27.18000030517578,27.18000030517578,1335900
2020-03-13,27.889999389648438,28.469999313354492,24.100000381469727,25.520000457763672,25.520000457763672,1402400
2020-03-16,21.440000534057617,22.010000228881836,20.0,20.149999618530273,20.149999618530273,971900
2020-03-17,20.219999313354492,21.25,18.030000686645508,20.260000228881836,20.260000228881836,1215100
2020-03-18,19.31999969482422,19.770000457763672,15.770000457763672,16.440000534057617,16.440000534057617,819500
2020-03-19,16.290000915527344,18.65999984741211,15.25,17.860000610351562,17.860000610351562,714800
2020-03-20,18.040000915527344,20.0,17.540000915527344,18.15999984741211,18.15999984741211,868700
2020-03-23,18.1299991607666,19.020000457763672,17.25,18.3700008392334,18.3700008392334,504700
2020-03-24,19.440000534057617,23.190000534057617,19.31999969482422,20.969999313354492,20.969999313354492,615500
2020-03-25,21.040000915527344,24.06999969482422,21.040000915527344,22.309999465942383,22.309999465942383,431100
2020-03-26,22.770000457763672,24.739999771118164,22.3799991607666,22.829999923706055,22.829999923706055,604000
2020-03-27,21.68000030517578,23.489999771118164,21.309999465942383,22.610000610351562,22.610000610351562,309600
2020-03-30,22.530000686645508,23.899999618530273,22.040000915527344,23.760000228881836,23.760000228881836,339900
2020-03-31,23.579999923706055,26.739999771118164,23.459999084472656,25.40999984741211,25.40999984741211,613300
2020-04-01,24.5,24.5,23.31999969482422,23.959999084472656,23.959999084472656,569500
2020-04-02,23.75,25.350000381469727,21.940000534057617,23.06999969482422,23.06999969482422,539600
2020-04-03,23.0,24.399999618530273,22.139999389648438,22.90999984741211,22.90999984741211,389400
2020-04-06,24.290000915527344,25.489999771118164,23.989999771118164,25.1299991607666,25.1299991607666,511000
2020-04-07,25.770000457763672,28.899999618530273,25.770000457763672,27.209999084472656,27.209999084472656,611700
2020-04-08,26.510000228881836,28.579999923706055,26.010000228881836,27.799999237060547,27.799999237060547,334400
2020-04-09,28.440000534057617,28.65999984741211,26.829999923706055,28.34000015258789,28.34000015258789,550200
2020-04-13,27.90999984741211,28.93000030517578,26.290000915527344,27.309999465942383,27.309999465942383,415000
2020-04-14,27.8799991607666,29.440000534057617,27.8799991607666,29.25,29.25,411500
2020-04-15,27.950000762939453,30.190000534057617,26.290000915527344,29.709999084472656,29.709999084472656,344700
2020-04-16,29.920000076293945,30.399999618530273,28.549999237060547,30.290000915527344,30.290000915527344,466700
2020-04-17,31.940000534057617,34.5,30.850000381469727,34.310001373291016,34.310001373291016,1078700
2020-04-20,33.630001068115234,34.709999084472656,31.709999084472656,33.349998474121094,33.349998474121094,384200
2020-04-21,32.380001068115234,33.09000015258789,31.459999084472656,31.540000915527344,31.540000915527344,284100
2020-04-22,32.95000076293945,34.43000030517578,32.13999938964844,33.689998626708984,33.689998626708984,605300
2020-04-23,33.720001220703125,35.75,33.470001220703125,35.040000915527344,35.040000915527344,857200
2020-04-24,35.16999816894531,35.650001525878906,33.939998626708984,34.91999816894531,34.91999816894531,586000
2020-04-27,35.16999816894531,35.849998474121094,34.560001373291016,34.880001068115234,34.880001068115234,458100
2020-04-28,35.56999969482422,35.880001068115234,33.220001220703125,33.279998779296875,33.279998779296875,497500
2020-04-29,34.2400016784668,35.52000045776367,33.4900016784668,33.7599983215332,33.7599983215332,609800
2020-04-30,34.220001220703125,34.220001220703125,31.010000228881836,32.209999084472656,32.209999084472656,718600
2020-05-01,31.389999389648438,32.209999084472656,30.3700008392334,31.149999618530273,31.149999618530273,461500
2020-05-04,30.450000762939453,31.68000030517578,30.0,31.450000762939453,31.450000762939453,375300
2020-05-05,32.33000183105469,33.65999984741211,31.719999313354492,33.279998779296875,33.279998779296875,532900
2020-05-06,35.5099983215332,36.720001220703125,34.279998779296875,35.0099983215332,35.0099983215332,1424000
2020-05-07,35.0,35.4900016784668,34.18000030517578,34.90999984741211,34.90999984741211,716200
2020-05-08,34.0,35.720001220703125,33.869998931884766,35.150001525878906,35.150001525878906,3249000
2020-05-11,34.720001220703125,35.29999923706055,33.63999938964844,34.91999816894531,34.91999816894531,661100
2020-05-12,35.25,36.189998626708984,33.540000915527344,34.58000183105469,34.58000183105469,624500
2020-05-13,34.880001068115234,36.11000061035156,33.56999969482422,34.88999938964844,34.88999938964844,519000
2020-05-14,33.91999816894531,35.77000045776367,33.52000045776367,35.5099983215332,35.5099983215332,422100
2020-05-15,35.13999938964844,36.0,34.56999969482422,35.810001373291016,35.810001373291016,454900
2020-05-18,36.06999969482422,38.5,36.04999923706055,38.2599983215332,38.2599983215332,858400
2020-05-19,38.459999084472656,40.400001525878906,38.0,39.81999969482422,39.81999969482422,1281400
2020-05-20,40.25,40.27000045776367,37.779998779296875,39.540000915527344,39.540000915527344,753600
2020-05-21,39.34000015258789,39.849998474121094,38.279998779296875,38.650001525878906,38.650001525878906,585000
2020-05-22,38.59000015258789,39.08000183105469,37.5099983215332,38.84000015258789,38.84000015258789,322100
2020-05-26,40.0,40.0,36.66999816894531,38.0,38.0,534900
2020-05-27,38.63999938964844,38.709999084472656,34.25,37.15999984741211,37.15999984741211,527800
2020-05-28,37.56999969482422,38.09000015258789,35.81999969482422,35.90999984741211,35.90999984741211,410900
2020-05-29,36.040000915527344,36.869998931884766,34.02000045776367,36.66999816894531,36.66999816894531,547200
2020-06-01,36.790000915527344,37.59000015258789,35.630001068115234,36.880001068115234,36.880001068115234,294500
2020-06-02,37.130001068115234,37.970001220703125,36.209999084472656,37.599998474121094,37.599998474121094,384500
2020-06-03,37.68000030517578,39.0099983215332,37.349998474121094,38.33000183105469,38.33000183105469,465400
2020-06-04,38.65999984741211,39.91999816894531,37.310001373291016,37.5099983215332,37.5099983215332,665600
2020-06-05,38.599998474121094,39.869998931884766,37.209999084472656,39.529998779296875,39.529998779296875,632000
2020-06-08,39.45000076293945,40.720001220703125,38.09000015258789,39.2400016784668,39.2400016784668,409600
2020-06-09,39.04999923706055,39.7599983215332,37.310001373291016,37.43000030517578,37.43000030517578,354700
2020-06-10,37.7400016784668,39.06999969482422,36.400001525878906,38.0,38.0,438200
2020-06-11,35.4900016784668,37.650001525878906,35.11000061035156,35.459999084472656,35.459999084472656,661900
2020-06-12,36.79999923706055,37.9900016784668,34.79999923706055,35.97999954223633,35.97999954223633,471500
2020-06-15,35.2599983215332,38.27000045776367,34.83000183105469,38.220001220703125,38.220001220703125,462900
2020-06-16,39.22999954223633,40.45000076293945,38.2599983215332,39.65999984741211,39.65999984741211,773800
2020-06-17,39.939998626708984,40.790000915527344,39.439998626708984,39.83000183105469,39.83000183105469,347700
2020-06-18,39.40999984741211,40.189998626708984,38.40999984741211,38.93000030517578,38.93000030517578,683400
2020-06-19,39.33000183105469,39.79999923706055,37.61000061035156,37.689998626708984,37.689998626708984,1484800
2020-06-22,37.349998474121094,38.41999816894531,35.77000045776367,36.95000076293945,36.95000076293945,695800
2020-06-23,37.310001373291016,39.20000076293945,37.16999816894531,38.4900016784668,38.4900016784668,782600
2020-06-24,38.209999084472656,38.380001068115234,34.31999969482422,35.11000061035156,35.11000061035156,691100
2020-06-25,35.130001068115234,35.91999816894531,34.33000183105469,34.88999938964844,34.88999938964844,505900
2020-06-26,34.66999816894531,35.68000030517578,32.709999084472656,32.959999084472656,32.959999084472656,2092900
2020-06-29,33.310001373291016,34.709999084472656,32.150001525878906,34.5,34.5,527900
2020-06-30,34.2599983215332,35.56999969482422,33.68000030517578,35.11000061035156,35.11000061035156,523000
2020-07-01,35.02000045776367,36.56999969482422,34.47999954223633,36.40999984741211,36.40999984741211,604500
2020-07-02,36.93000030517578,38.36000061035156,36.75,37.869998931884766,37.869998931884766,469700
2020-07-06,38.5,39.84000015258789,37.63999938964844,39.25,39.25,526900
2020-07-07,38.97999954223633,40.25,38.81999969482422,39.4900016784668,39.4900016784668,423900
2020-07-08,39.5,40.790000915527344,37.97999954223633,40.41999816894531,40.41999816894531,818400
2020-07-09,40.38999938964844,41.5,39.31999969482422,41.279998779296875,41.279998779296875,845300
2020-07-10,40.880001068115234,41.52000045776367,38.72999954223633,39.34000015258789,39.34000015258789,780100
2020-07-13,40.900001525878906,41.849998474121094,37.43000030517578,37.709999084472656,37.709999084472656,1267800
2020-07-14,37.439998626708984,37.849998474121094,36.09000015258789,36.97999954223633,36.97999954223633,585700
2020-07-15,37.66999816894531,40.0,37.310001373291016,39.83000183105469,39.83000183105469,551700
2020-07-16,39.529998779296875,40.150001525878906,39.040000915527344,39.65999984741211,39.65999984741211,512100
2020-07-17,39.630001068115234,40.369998931884766,39.13999938964844,40.0,40.0,300000
2020-07-20,40.06999969482422,40.33000183105469,38.47999954223633,39.150001525878906,39.150001525878906,336400
2020-07-21,39.79999923706055,41.279998779296875,39.459999084472656,40.79999923706055,40.79999923706055,548800
2020-07-22,40.70000076293945,41.130001068115234,39.81999969482422,40.349998474121094,40.349998474121094,230600
2020-07-23,40.209999084472656,41.380001068115234,39.58000183105469,39.900001525878906,39.900001525878906,266600
2020-07-24,39.459999084472656,39.779998779296875,37.560001373291016,39.130001068115234,39.130001068115234,327500
2020-07-27,39.4900016784668,41.310001373291016,39.31999969482422,41.04999923706055,41.04999923706055,341200
2020-07-28,41.06999969482422,44.25,41.06999969482422,42.130001068115234,42.130001068115234,1305100
2020-07-29,42.33000183105469,43.9900016784668,42.06999969482422,42.810001373291016,42.810001373291016,287700
2020-07-30,42.20000076293945,42.81999969482422,41.939998626708984,42.369998931884766,42.369998931884766,293500
2020-07-31,42.2400016784668,42.7400016784668,40.86000061035156,42.36000061035156,42.36000061035156,471200
2020-08-03,41.689998626708984,44.58000183105469,39.709999084472656,43.2400016784668,43.2400016784668,833000
2020-08-04,43.29999923706055,43.470001220703125,42.22999954223633,43.0,43.0,255500
2020-08-05,43.95000076293945,44.86000061035156,43.09000015258789,44.47999954223633,44.47999954223633,515900
2020-08-06,44.959999084472656,45.22999954223633,42.66999816894531,43.29999923706055,43.29999923706055,500800
2020-08-07,45.0,46.150001525878906,41.439998626708984,44.06999969482422,44.06999969482422,721600
2020-08-10,44.08000183105469,44.52000045776367,43.439998626708984,44.0,44.0,342300
2020-08-11,43.31999969482422,43.31999969482422,40.209999084472656,41.0099983215332,41.0099983215332,872300
2020-08-12,41.220001220703125,43.529998779296875,41.08000183105469,43.02000045776367,43.02000045776367,660100
2020-08-13,43.060001373291016,44.0,42.54999923706055,43.66999816894531,43.66999816894531,450900
2020-08-14,43.66999816894531,43.939998626708984,42.7599983215332,43.040000915527344,43.040000915527344,299200
2020-08-17,43.09000015258789,44.22999954223633,42.72999954223633,44.0099983215332,44.0099983215332,571900
2020-08-18,44.0,44.09000015258789,43.22999954223633,43.7599983215332,43.7599983215332,243600
2020-08-19,43.5099983215332,44.619998931884766,43.5099983215332,44.02000045776367,44.02000045776367,412400
2020-08-20,43.75,44.900001525878906,43.709999084472656,44.34000015258789,44.34000015258789,280600
2020-08-21,44.15999984741211,44.9900016784668,43.439998626708984,44.25,44.25,447900
2020-08-24,44.400001525878906,45.16999816894531,41.630001068115234,42.040000915527344,42.040000915527344,494300
2020-08-25,41.95000076293945,43.779998779296875,41.720001220703125,43.310001373291016,43.310001373291016,542900
2020-08-26,43.25,44.02000045776367,43.25,43.68000030517578,43.68000030517578,627200
2020-08-27,43.7400016784668,43.84000015258789,42.58000183105469,43.349998474121094,43.349998474121094,348500
2020-08-28,43.439998626708984,43.939998626708984,42.970001220703125,43.130001068115234,43.130001068115234,356300
2020-08-31,43.400001525878906,43.400001525878906,41.939998626708984,42.2599983215332,42.2599983215332,470200
2020-09-01,42.2400016784668,43.02000045776367,40.959999084472656,41.209999084472656,41.209999084472656,516500
2020-09-02,42.18000030517578,42.18000030517578,39.13999938964844,40.59000015258789,40.59000015258789,490100
2020-09-03,40.25,40.25,37.380001068115234,37.880001068115234,37.880001068115234,614100
2020-09-04,37.810001373291016,38.04999923706055,34.81999969482422,36.04999923706055,36.04999923706055,543000
2020-09-08,34.529998779296875,36.33000183105469,34.0,35.33000183105469,35.33000183105469,684200
2020-09-09,36.0,38.209999084472656,35.790000915527344,38.20000076293945,38.20000076293945,712800
2020-09-10,38.11000061035156,39.47999954223633,37.52000045776367,37.650001525878906,37.650001525878906,737800
2020-09-11,38.0,39.2599983215332,37.70000076293945,38.439998626708984,38.439998626708984,672000
2020-09-14,39.130001068115234,42.040000915527344,39.0099983215332,41.75,41.75,448000
2020-09-15,42.18000030517578,43.91999816894531,41.59000015258789,41.779998779296875,41.779998779296875,738900
2020-09-16,41.900001525878906,42.099998474121094,40.470001220703125,41.709999084472656,41.709999084472656,315400
2020-09-17,40.91999816894531,42.54999923706055,40.16999816894531,42.290000915527344,42.290000915527344,519400
2020-09-18,43.189998626708984,45.25,42.290000915527344,43.029998779296875,43.029998779296875,1268500
2020-09-21,41.79999923706055,42.939998626708984,40.04999923706055,42.7599983215332,42.7599983215332,494500
2020-09-22,43.13999938964844,44.310001373291016,42.70000076293945,43.970001220703125,43.970001220703125,458800
2020-09-23,43.84000015258789,44.97999954223633,42.209999084472656,44.279998779296875,44.279998779296875,886500
2020-09-24,43.88999938964844,45.45000076293945,42.9900016784668,43.88999938964844,43.88999938964844,377200
2020-09-25,44.11000061035156,45.470001220703125,43.20000076293945,45.279998779296875,45.279998779296875,421900
2020-09-28,45.97999954223633,46.029998779296875,44.66999816894531,45.900001525878906,45.900001525878906,330400
2020-09-29,46.54999923706055,51.25,46.54999923706055,49.290000915527344,49.290000915527344,2054900
2020-09-30,49.41999816894531,52.04999923706055,49.099998474121094,51.040000915527344,51.040000915527344,1072800
2020-10-01,51.810001373291016,52.099998474121094,48.83000183105469,50.88999938964844,50.88999938964844,711900
2020-10-02,49.869998931884766,51.15999984741211,48.61000061035156,48.70000076293945,48.70000076293945,452500
2020-10-05,49.709999084472656,49.880001068115234,47.0099983215332,48.34000015258789,48.34000015258789,454400
2020-10-06,48.650001525878906,50.25,47.7400016784668,47.849998474121094,47.849998474121094,436100
2020-10-07,48.40999984741211,49.02000045776367,46.66999816894531,48.70000076293945,48.70000076293945,634900
2020-10-08,49.56999969482422,50.880001068115234,49.310001373291016,50.209999084472656,50.209999084472656,726800
2020-10-09,51.689998626708984,51.689998626708984,50.09000015258789,50.95000076293945,50.95000076293945,343300
2020-10-12,51.810001373291016,52.0099983215332,50.0,50.310001373291016,50.310001373291016,376100
2020-10-13,50.369998931884766,50.369998931884766,47.290000915527344,48.68000030517578,48.68000030517578,469000
2020-10-14,48.880001068115234,49.040000915527344,46.16999816894531,48.13999938964844,48.13999938964844,681100
2020-10-15,47.5,48.36000061035156,46.91999816894531,48.0099983215332,48.0099983215332,309400
2020-10-16,48.029998779296875,49.459999084472656,47.630001068115234,48.11000061035156,48.11000061035156,354500
2020-10-19,48.56999969482422,49.470001220703125,47.45000076293945,47.709999084472656,47.709999084472656,286000
2020-10-20,47.709999084472656,48.7400016784668,46.709999084472656,46.95000076293945,46.95000076293945,190100
2020-10-21,47.119998931884766,47.63999938964844,45.06999969482422,46.290000915527344,46.290000915527344,252200
2020-10-22,46.61000061035156,49.0,46.61000061035156,48.52000045776367,48.52000045776367,376200
2020-10-23,49.75,50.290000915527344,48.54999923706055,49.939998626708984,49.939998626708984,367300
2020-10-26,49.90999984741211,50.279998779296875,48.47999954223633,49.93000030517578,49.93000030517578,333100
2020-10-27,49.970001220703125,50.81999969482422,47.439998626708984,50.31999969482422,50.31999969482422,709200
2020-10-28,49.130001068115234,49.619998931884766,47.75,48.88999938964844,48.88999938964844,319400
2020-10-29,48.599998474121094,49.06999969482422,46.91999816894531,48.869998931884766,48.869998931884766,155400
2020-10-30,48.599998474121094,48.72999954223633,45.619998931884766,46.88999938964844,46.88999938964844,472200
2020-11-02,47.11000061035156,47.849998474121094,45.349998474121094,46.060001373291016,46.060001373291016,383500
2020-11-03,46.4900016784668,50.02000045776367,46.08000183105469,48.83000183105469,48.83000183105469,443200
2020-11-04,49.72999954223633,51.5,48.04999923706055,51.5,51.5,654300
2020-11-05,48.5,49.16999816894531,46.349998474121094,46.97999954223633,46.97999954223633,1602400
2020-11-06,47.150001525878906,48.099998474121094,45.4900016784668,47.779998779296875,47.779998779296875,534600
2020-11-09,49.119998931884766,49.75,46.84000015258789,47.43000030517578,47.43000030517578,1123400
2020-11-10,46.709999084472656,47.959999084472656,43.560001373291016,44.88999938964844,44.88999938964844,1070300
2020-11-11,44.7400016784668,45.689998626708984,44.15999984741211,45.33000183105469,45.33000183105469,525800
2020-11-12,45.20000076293945,46.43000030517578,44.29999923706055,45.9900016784668,45.9900016784668,659200
2020-11-13,46.060001373291016,47.66999816894531,45.130001068115234,45.810001373291016,45.810001373291016,526500
2020-11-16,46.70000076293945,48.599998474121094,45.560001373291016,46.63999938964844,46.63999938964844,554700
2020-11-17,45.150001525878906,46.779998779296875,44.380001068115234,44.72999954223633,44.72999954223633,520400
2020-11-18,44.650001525878906,45.86000061035156,43.810001373291016,45.34000015258789,45.34000015258789,635500
2020-11-19,45.529998779296875,47.25,44.7400016784668,46.88999938964844,46.88999938964844,297800
2020-11-20,46.7599983215332,47.70000076293945,46.27000045776367,47.11000061035156,47.11000061035156,479500
2020-11-23,47.11000061035156,47.27000045776367,46.09000015258789,46.29999923706055,46.29999923706055,421700
2020-11-24,46.380001068115234,46.7599983215332,44.20000076293945,44.52000045776367,44.52000045776367,746900
2020-11-25,44.2599983215332,45.61000061035156,43.540000915527344,43.63999938964844,43.63999938964844,424700
2020-11-27,44.11000061035156,45.81999969482422,43.36000061035156,45.790000915527344,45.790000915527344,200800
2020-11-30,45.66999816894531,45.79999923706055,43.619998931884766,43.88999938964844,43.88999938964844,475800
2020-12-01,43.88999938964844,44.81999969482422,41.38999938964844,42.189998626708984,42.189998626708984,787400
2020-12-02,42.040000915527344,42.5099983215332,41.130001068115234,42.20000076293945,42.20000076293945,415100
2020-12-03,42.34000015258789,43.529998779296875,41.150001525878906,43.130001068115234,43.130001068115234,429000
2020-12-04,43.439998626708984,45.08000183105469,43.13999938964844,44.2599983215332,44.2599983215332,343700
2020-12-07,44.40999984741211,44.95000076293945,43.209999084472656,43.77000045776367,43.77000045776367,282000
2020-12-08,43.540000915527344,46.95000076293945,43.11000061035156,46.81999969482422,46.81999969482422,529800
2020-12-09,47.0,48.279998779296875,45.56999969482422,45.79999923706055,45.79999923706055,368500
2020-12-10,45.41999816894531,46.0,44.47999954223633,45.84000015258789,45.84000015258789,273500
2020-12-11,45.779998779296875,46.65999984741211,43.86000061035156,43.939998626708984,43.939998626708984,313700
2020-12-14,43.959999084472656,45.25,42.849998474121094,43.209999084472656,43.209999084472656,609200
2020-12-15,43.41999816894531,44.810001373291016,42.06999969482422,43.88999938964844,43.88999938964844,451400
2020-12-16,43.75,43.77000045776367,42.15999984741211,42.86000061035156,42.86000061035156,565600
2020-12-17,43.310001373291016,44.33000183105469,42.68000030517578,44.15999984741211,44.15999984741211,414800
2020-12-18,44.43000030517578,48.9900016784668,43.5099983215332,48.689998626708984,48.689998626708984,1632500
2020-12-21,47.290000915527344,47.72999954223633,45.38999938964844,47.70000076293945,47.70000076293945,444900
2020-12-22,47.9900016784668,49.4900016784668,47.689998626708984,48.95000076293945,48.95000076293945,377600
2020-12-23,46.0099983215332,49.2599983215332,46.0099983215332,48.0,48.0,417100
2020-12-24,48.22999954223633,49.54999923706055,47.25,47.779998779296875,47.779998779296875,195500
2020-12-28,48.20000076293945,48.95000076293945,47.0,47.380001068115234,47.380001068115234,278000
2020-12-29,47.689998626708984,47.689998626708984,45.93000030517578,46.790000915527344,46.790000915527344,231600
2020-12-30,47.2599983215332,49.09000015258789,46.72999954223633,48.88999938964844,48.88999938964844,346400
2020-12-31,49.060001373291016,50.279998779296875,48.810001373291016,49.91999816894531,49.91999816894531,881300
2021-01-04,50.060001373291016,50.95000076293945,47.599998474121094,49.13999938964844,49.13999938964844,483600
2021-01-05,49.15999984741211,51.13999938964844,48.90999984741211,50.43000030517578,50.43000030517578,748600
2021-01-06,50.25,52.43000030517578,49.25,51.47999954223633,51.47999954223633,512100
2021-01-07,52.0,53.2400016784668,51.060001373291016,52.4900016784668,52.4900016784668,543200
2021-01-08,52.029998779296875,53.06999969482422,50.310001373291016,51.83000183105469,51.83000183105469,470500
2021-01-11,51.459999084472656,52.529998779296875,50.470001220703125,52.16999816894531,52.16999816894531,318400
2021-01-12,52.0,52.900001525878906,50.029998779296875,51.650001525878906,51.650001525878906,303000
2021-01-13,51.72999954223633,52.47999954223633,50.880001068115234,51.83000183105469,51.83000183105469,297300
2021-01-14,51.869998931884766,53.86000061035156,51.630001068115234,52.75,52.75,462500
2021-01-15,52.06999969482422,52.5,51.02000045776367,51.70000076293945,51.70000076293945,386600
2021-01-19,52.0,53.029998779296875,51.63999938964844,51.650001525878906,51.650001525878906,584000
2021-01-20,51.849998474121094,52.5,50.349998474121094,50.79999923706055,50.79999923706055,312900
2021-01-21,51.63999938964844,54.650001525878906,51.119998931884766,54.310001373291016,54.310001373291016,999600
2021-01-22,53.72999954223633,56.66999816894531,52.02000045776367,56.54999923706055,56.54999923706055,734700
2021-01-25,57.0099983215332,58.77000045776367,54.68000030517578,55.349998474121094,55.349998474121094,537200
2021-01-26,55.2599983215332,55.650001525878906,52.86000061035156,53.150001525878906,53.150001525878906,981200
2021-01-27,52.529998779296875,56.0099983215332,51.869998931884766,54.029998779296875,54.029998779296875,1869400
2021-01-28,54.029998779296875,54.790000915527344,49.849998474121094,53.43000030517578,53.43000030517578,979900
2021-01-29,52.2599983215332,53.02000045776367,48.439998626708984,51.70000076293945,51.70000076293945,910500
2021-02-01,52.4900016784668,53.43000030517578,51.040000915527344,51.22999954223633,51.22999954223633,599900
2021-02-02,52.08000183105469,53.36000061035156,51.2400016784668,51.540000915527344,51.540000915527344,375000
2021-02-03,51.79999923706055,52.2400016784668,50.84000015258789,52.15999984741211,52.15999984741211,295900
2021-02-04,52.5,53.66999816894531,52.29999923706055,53.130001068115234,53.130001068115234,348300
2021-02-05,53.75,53.88999938964844,52.150001525878906,53.779998779296875,53.779998779296875,344300
2021-02-08,53.90999984741211,55.02000045776367,53.130001068115234,54.29999923706055,54.29999923706055,378800
2021-02-09,54.33000183105469,54.790000915527344,53.029998779296875,54.7599983215332,54.7599983215332,391100
2021-02-10,54.849998474121094,55.380001068115234,53.58000183105469,55.060001373291016,55.060001373291016,337400
2021-02-11,55.0099983215332,55.599998474121094,54.290000915527344,54.77000045776367,54.77000045776367,475600
2021-02-12,54.880001068115234,55.56999969482422,53.95000076293945,54.540000915527344,54.540000915527344,279000
2021-02-16,56.25,56.54999923706055,54.220001220703125,55.16999816894531,55.16999816894531,493600
2021-02-17,55.0,55.0,53.41999816894531,54.41999816894531,54.41999816894531,346000
2021-02-18,54.310001373291016,54.90999984741211,53.560001373291016,53.63999938964844,53.63999938964844,204800
2021-02-19,54.189998626708984,55.33000183105469,53.040000915527344,54.279998779296875,54.279998779296875,297600
2021-02-22,53.970001220703125,55.29999923706055,53.25,54.04999923706055,54.04999923706055,255600
2021-02-23,53.08000183105469,53.27000045776367,50.27000045776367,52.369998931884766,52.369998931884766,621400
2021-02-24,52.130001068115234,53.459999084472656,51.209999084472656,52.869998931884766,52.869998931884766,588700
2021-02-25,52.83000183105469,52.83000183105469,49.7599983215332,50.81999969482422,50.81999969482422,910800
2021-02-26,51.0,52.45000076293945,48.099998474121094,50.310001373291016,50.310001373291016,1165100
2021-03-01,51.75,54.06999969482422,51.40999984741211,53.470001220703125,53.470001220703125,1070900
2021-03-02,54.040000915527344,54.79999923706055,52.61000061035156,54.459999084472656,54.459999084472656,478000
2021-03-03,54.61000061035156,58.310001373291016,54.529998779296875,56.45000076293945,56.45000076293945,1133900
2021-03-04,55.720001220703125,56.75,52.86000061035156,55.68000030517578,55.68000030517578,807600
2021-03-05,55.77000045776367,56.939998626708984,53.34000015258789,56.560001373291016,56.560001373291016,935700
2021-03-08,56.560001373291016,59.18000030517578,55.70000076293945,55.880001068115234,55.880001068115234,746200
2021-03-09,56.63999938964844,59.63999938964844,56.2599983215332,56.54999923706055,56.54999923706055,667600
2021-03-10,57.0,59.2599983215332,56.5099983215332,58.560001373291016,58.560001373291016,678000
2021-03-11,59.029998779296875,60.0,58.0,58.560001373291016,58.560001373291016,647300
2021-03-12,58.5,58.84000015258789,57.099998474121094,58.119998931884766,58.119998931884766,477300
2021-03-15,58.040000915527344,58.41999816894531,56.81999969482422,57.5099983215332,57.5099983215332,543100
2021-03-16,57.310001373291016,57.849998474121094,54.88999938964844,55.97999954223633,55.97999954223633,574100
2021-03-17,56.0,58.66999816894531,54.88999938964844,58.0,58.0,544200
2021-03-18,57.88999938964844,58.0,54.93000030517578,55.439998626708984,55.439998626708984,501700
2021-03-19,54.77000045776367,58.04999923706055,54.0099983215332,57.13999938964844,57.13999938964844,576800
2021-03-22,57.72999954223633,59.869998931884766,57.650001525878906,58.880001068115234,58.880001068115234,362200
2021-03-23,58.560001373291016,59.619998931884766,57.630001068115234,58.15999984741211,58.15999984741211,563400
2021-03-24,58.90999984741211,58.91999816894531,54.540000915527344,54.619998931884766,54.619998931884766,539100
2021-03-25,53.880001068115234,56.31999969482422,53.0,55.900001525878906,55.900001525878906,509700
2021-03-26,56.470001220703125,56.83000183105469,54.209999084472656,56.54999923706055,56.54999923706055,429800
2021-03-29,56.150001525878906,58.880001068115234,56.150001525878906,57.06999969482422,57.06999969482422,398800
2021-03-30,56.7400016784668,58.5,54.439998626708984,57.650001525878906,57.650001525878906,568400
2021-03-31,57.599998474121094,61.15999984741211,57.599998474121094,59.88999938964844,59.88999938964844,1148400
2021-04-01,59.45000076293945,59.619998931884766,57.290000915527344,58.61000061035156,58.61000061035156,460900
2021-04-05,59.459999084472656,60.40999984741211,58.880001068115234,59.29999923706055,59.29999923706055,410300
2021-04-06,58.869998931884766,60.38999938964844,58.83000183105469,59.83000183105469,59.83000183105469,415800
2021-04-07,59.72999954223633,60.380001068115234,58.93000030517578,59.900001525878906,59.900001525878906,321400
2021-04-08,60.11000061035156,60.310001373291016,59.54999923706055,60.0,60.0,401300
2021-04-09,59.790000915527344,60.400001525878906,58.08000183105469,60.130001068115234,60.130001068115234,369000
2021-04-12,59.97999954223633,59.97999954223633,58.0,59.25,59.25,163800
2021-04-13,59.31999969482422,59.810001373291016,57.27000045776367,58.5,58.5,385400
2021-04-14,58.709999084472656,60.2400016784668,58.380001068115234,59.939998626708984,59.939998626708984,316800
2021-04-15,60.29999923706055,60.5,57.88999938964844,59.86000061035156,59.86000061035156,481400
2021-04-16,60.40999984741211,60.40999984741211,58.25,59.83000183105469,59.83000183105469,326500
2021-04-19,59.68000030517578,59.810001373291016,57.869998931884766,58.66999816894531,58.66999816894531,363100
2021-04-20,58.18000030517578,59.16999816894531,57.5,58.619998931884766,58.619998931884766,357700
2021-04-21,58.81999969482422,62.4900016784668,57.41999816894531,61.95000076293945,61.95000076293945,779000
2021-04-22,61.380001068115234,63.4900016784668,60.97999954223633,61.52000045776367,61.52000045776367,548100
2021-04-23,61.45000076293945,63.150001525878906,61.45000076293945,61.93000030517578,61.93000030517578,457400
2021-04-26,61.939998626708984,63.25,61.31999969482422,62.630001068115234,62.630001068115234,317800
2021-04-27,62.88999938964844,62.97999954223633,61.5,61.65999984741211,61.65999984741211,251100
2021-04-28,61.41999816894531,63.59000015258789,61.08000183105469,63.2599983215332,63.2599983215332,380000
2021-04-29,63.970001220703125,64.36000061035156,61.84000015258789,62.36000061035156,62.36000061035156,382300
2021-04-30,62.130001068115234,63.619998931884766,61.630001068115234,62.93000030517578,62.93000030517578,567300
2021-05-03,63.5,63.91999816894531,61.88999938964844,62.56999969482422,62.56999969482422,513800
2021-05-04,61.95000076293945,62.66999816894531,57.34000015258789,57.869998931884766,57.869998931884766,495800
2021-05-05,57.689998626708984,58.09000015258789,55.560001373291016,56.310001373291016,56.310001373291016,385400
2021-05-06,55.45000076293945,56.16999816894531,53.4900016784668,56.0,56.0,479500
2021-05-07,58.22999954223633,60.119998931884766,56.70000076293945,56.91999816894531,56.91999816894531,755800
2021-05-10,56.630001068115234,56.65999984741211,52.56999969482422,53.08000183105469,53.08000183105469,440100
2021-05-11,52.650001525878906,54.9900016784668,52.04999923706055,52.7400016784668,52.7400016784668,353100
2021-05-12,50.5,52.709999084472656,50.099998474121094,52.060001373291016,52.060001373291016,2511100
2021-05-13,52.08000183105469,52.75,50.689998626708984,51.38999938964844,51.38999938964844,1115700
2021-05-14,50.11000061035156,54.2599983215332,49.95000076293945,54.029998779296875,54.029998779296875,769300
2021-05-17,53.869998931884766,55.0,53.22999954223633,54.40999984741211,54.40999984741211,586800
2021-05-18,54.720001220703125,56.11000061035156,52.97999954223633,53.13999938964844,53.13999938964844,701200
2021-05-19,52.189998626708984,54.880001068115234,51.099998474121094,54.20000076293945,54.20000076293945,472800
2021-05-20,54.36000061035156,55.279998779296875,53.83000183105469,54.45000076293945,54.45000076293945,466500
2021-05-21,55.119998931884766,57.0,54.720001220703125,55.25,55.25,491900
2021-05-24,55.900001525878906,57.16999816894531,54.66999816894531,54.880001068115234,54.880001068115234,552200
2021-05-25,54.83000183105469,56.31999969482422,53.970001220703125,55.97999954223633,55.97999954223633,457900
2021-05-26,55.849998474121094,57.16999816894531,55.06999969482422,56.720001220703125,56.720001220703125,518800
2021-05-27,56.849998474121094,58.34000015258789,56.849998474121094,57.84000015258789,57.84000015258789,591000
2021-05-28,57.93000030517578,59.40999984741211,57.59000015258789,57.689998626708984,57.689998626708984,476700
2021-06-01,57.9900016784668,59.119998931884766,54.77000045776367,55.25,55.25,516600
2021-06-02,55.369998931884766,56.13999938964844,54.470001220703125,54.77000045776367,54.77000045776367,325000
2021-06-03,54.75,56.31999969482422,53.47999954223633,56.15999984741211,56.15999984741211,547800
2021-06-04,56.599998474121094,58.88999938964844,54.209999084472656,58.40999984741211,58.40999984741211,424300
2021-06-07,58.59000015258789,59.900001525878906,57.7400016784668,59.58000183105469,59.58000183105469,405900
2021-06-08,59.40999984741211,60.369998931884766,57.900001525878906,58.75,58.75,567100
2021-06-09,59.15999984741211,59.77000045776367,58.849998474121094,59.599998474121094,59.599998474121094,306800
2021-06-10,59.849998474121094,60.130001068115234,58.529998779296875,59.900001525878906,59.900001525878906,295300
2021-06-11,59.779998779296875,60.72999954223633,59.45000076293945,60.38999938964844,60.38999938964844,525000
2021-06-14,60.75,60.83000183105469,58.04999923706055,59.20000076293945,59.20000076293945,371000
2021-06-15,59.220001220703125,60.0,58.11000061035156,58.279998779296875,58.279998779296875,327800
2021-06-16,58.5099983215332,59.75,58.34000015258789,59.7400016784668,59.7400016784668,413400
2021-06-17,59.79999923706055,61.720001220703125,59.060001373291016,60.869998931884766,60.869998931884766,638200
2021-06-18,60.77000045776367,63.40999984741211,58.189998626708984,62.939998626708984,62.939998626708984,1656300
2021-06-21,63.2599983215332,64.36000061035156,61.86000061035156,63.34000015258789,63.34000015258789,711900
2021-06-22,63.2400016784668,65.08000183105469,63.060001373291016,64.79000091552734,64.79000091552734,428300
2021-06-23,64.9800033569336,65.2699966430664,63.36000061035156,64.87999725341797,64.87999725341797,507800
2021-06-24,65.11000061035156,66.41000366210938,65.04000091552734,65.63999938964844,65.63999938964844,485900
2021-06-25,66.12999725341797,67.7300033569336,65.52999877929688,66.9000015258789,66.9000015258789,1806700
2021-06-28,67.69999694824219,68.19000244140625,64.56999969482422,64.70999908447266,64.70999908447266,537200
2021-06-29,64.88999938964844,65.19999694824219,63.04999923706055,63.209999084472656,63.209999084472656,472100
2021-06-30,62.86000061035156,64.61000061035156,62.380001068115234,63.40999984741211,63.40999984741211,473000
2021-07-01,63.77000045776367,66.20999908447266,63.060001373291016,65.2699966430664,65.2699966430664,441200
2021-07-02,65.2699966430664,66.08999633789062,64.37999725341797,65.45999908447266,65.45999908447266,264400
2021-07-06,65.11000061035156,65.16999816894531,63.43000030517578,63.66999816894531,63.66999816894531,435600
2021-07-07,64.02999877929688,65.22000122070312,62.41999816894531,62.720001220703125,62.720001220703125,363100
2021-07-08,61.849998474121094,63.630001068115234,60.599998474121094,63.41999816894531,63.41999816894531,318600
2021-07-09,63.54999923706055,64.38999938964844,62.4900016784668,62.91999816894531,62.91999816894531,217700
2021-07-12,63.7599983215332,65.41000366210938,62.52000045776367,64.63999938964844,64.63999938964844,371100
2021-07-13,64.38999938964844,65.25,63.5,63.9900016784668,63.9900016784668,191500
2021-07-14,63.95000076293945,64.16999816894531,60.2400016784668,60.81999969482422,60.81999969482422,304700
2021-07-15,60.90999984741211,61.439998626708984,58.779998779296875,59.70000076293945,59.70000076293945,440800
2021-07-16,60.22999954223633,62.31999969482422,58.70000076293945,59.77000045776367,59.77000045776367,494100
2021-07-19,58.93000030517578,61.189998626708984,58.59000015258789,59.209999084472656,59.209999084472656,590000
2021-07-20,59.5099983215332,61.529998779296875,58.27000045776367,61.18000030517578,61.18000030517578,376700
2021-07-21,61.65999984741211,65.0,61.08000183105469,64.70999908447266,64.70999908447266,389900
2021-07-22,64.93000030517578,66.76000213623047,62.36000061035156,65.36000061035156,65.36000061035156,632500
2021-07-23,65.61000061035156,66.51000213623047,64.61000061035156,66.25,66.25,286500
2021-07-26,66.37999725341797,66.72000122070312,64.33000183105469,64.94000244140625,64.94000244140625,391800
2021-07-27,64.7300033569336,65.4000015258789,63.41999816894531,64.02999877929688,64.02999877929688,247400
2021-07-28,64.52999877929688,67.5,63.349998474121094,66.83999633789062,66.83999633789062,445600
2021-07-29,66.55000305175781,68.66000366210938,66.55000305175781,68.37999725341797,68.37999725341797,311200
2021-07-30,68.48999786376953,69.66000366210938,67.61000061035156,67.94999694824219,67.94999694824219,335900
2021-08-02,67.56999969482422,70.37999725341797,66.83999633789062,68.87999725341797,68.87999725341797,375700
2021-08-03,68.69000244140625,69.5999984741211,66.30999755859375,66.6500015258789,66.6500015258789,545900
2021-08-04,66.16000366210938,68.16999816894531,66.12000274658203,66.30000305175781,66.30000305175781,324900
2021-08-05,66.08999633789062,66.54000091552734,62.66999816894531,63.0,63.0,1129700
2021-08-06,64.70999908447266,69.93000030517578,63.06999969482422,69.58000183105469,69.58000183105469,959700
2021-08-09,69.69999694824219,70.45999908447266,68.66000366210938,69.2300033569336,69.2300033569336,670800
2021-08-10,69.69000244140625,69.76000213623047,65.56999969482422,65.87000274658203,65.87000274658203,671600
2021-08-11,65.61000061035156,65.61000061035156,61.900001525878906,62.779998779296875,62.779998779296875,638000
2021-08-12,62.90999984741211,67.08999633789062,62.90999984741211,65.33999633789062,65.33999633789062,437700
2021-08-13,65.2699966430664,67.25,64.72000122070312,66.33999633789062,66.33999633789062,222000
2021-08-16,66.33000183105469,67.7699966430664,65.37999725341797,67.06999969482422,67.06999969482422,284700
2021-08-17,68.83999633789062,72.4800033569336,65.45999908447266,69.13999938964844,69.13999938964844,408500
2021-08-18,69.68000030517578,70.97000122070312,67.66999816894531,69.48999786376953,69.48999786376953,474900
2021-08-19,69.4000015258789,72.23999786376953,69.08000183105469,71.79000091552734,71.79000091552734,1132600
2021-08-20,71.54000091552734,72.05999755859375,70.66999816894531,72.0,72.0,836700
2021-08-23,73.7699966430664,74.0,70.9000015258789,71.63999938964844,71.63999938964844,433000
2021-08-24,71.51000213623047,74.0,70.4800033569336,72.68000030517578,72.68000030517578,399100
2021-08-25,72.41999816894531,73.05000305175781,71.18000030517578,71.97000122070312,71.97000122070312,310000
2021-08-26,72.05999755859375,73.13999938964844,71.13999938964844,72.36000061035156,72.36000061035156,279500
2021-08-27,72.69000244140625,74.0,72.05999755859375,73.56999969482422,73.56999969482422,456800
2021-08-30,73.4800033569336,74.61000061035156,72.62999725341797,73.25,73.25,365200
2021-08-31,72.30000305175781,75.08000183105469,72.30000305175781,74.9800033569336,74.9800033569336,611800
2021-09-01,74.73999786376953,75.33999633789062,73.81999969482422,74.54000091552734,74.54000091552734,273500
2021-09-02,75.12000274658203,77.6500015258789,74.7300033569336,77.0,77.0,418100
2021-09-03,76.58000183105469,78.44000244140625,76.43000030517578,77.20999908447266,77.20999908447266,338600
2021-09-07,77.3499984741211,79.37999725341797,76.98999786376953,78.66000366210938,78.66000366210938,496400
2021-09-08,78.18000030517578,79.23999786376953,77.5999984741211,77.8499984741211,77.8499984741211,350400
2021-09-09,77.58999633789062,79.80999755859375,75.0,75.01000213623047,75.01000213623047,613200
2021-09-10,75.0,76.6500015258789,74.41000366210938,74.9800033569336,74.9800033569336,478700
2021-09-13,75.2699966430664,75.5999984741211,72.31999969482422,72.5,72.5,606100
2021-09-14,72.83000183105469,74.06999969482422,69.97000122070312,70.44000244140625,70.44000244140625,703300
2021-09-15,69.41999816894531,71.11000061035156,68.33000183105469,70.5199966430664,70.5199966430664,887100
2021-09-16,70.95999908447266,71.72000122070312,69.70999908447266,71.31999969482422,71.31999969482422,647600
2021-09-17,71.91000366210938,74.0,70.93000030517578,72.44000244140625,72.44000244140625,1866300
2021-09-20,70.75,71.80000305175781,68.68000030517578,68.87000274658203,68.87000274658203,896400
2021-09-21,69.05000305175781,70.7699966430664,69.05000305175781,69.25,69.25,869700
2021-09-22,69.44999694824219,70.5999984741211,68.19999694824219,69.77999877929688,69.77999877929688,444500
2021-09-23,69.76000213623047,70.06999969482422,67.69000244140625,69.69999694824219,69.69999694824219,508700
2021-09-24,69.44999694824219,70.72000122070312,67.51000213623047,69.54000091552734,69.54000091552734,259100
2021-09-27,69.06999969482422,69.4800033569336,67.12999725341797,67.33000183105469,67.33000183105469,273800
2021-09-28,66.87999725341797,67.0,63.41999816894531,64.87000274658203,64.87000274658203,469800
2021-09-29,64.98999786376953,67.0199966430664,64.98999786376953,65.9000015258789,65.9000015258789,408000
2021-09-30,65.88999938964844,66.69000244140625,64.97000122070312,65.08999633789062,65.08999633789062,246800
2021-10-01,65.08999633789062,67.0,62.91999816894531,66.83000183105469,66.83000183105469,460200
2021-10-04,66.41000366210938,66.41000366210938,64.5999984741211,65.54000091552734,65.54000091552734,408700
2021-10-05,65.8499984741211,67.33999633789062,64.18000030517578,64.19999694824219,64.19999694824219,472100
2021-10-06,63.45000076293945,65.54000091552734,62.68000030517578,63.5099983215332,63.5099983215332,351600
2021-10-07,64.05999755859375,66.7699966430664,63.41999816894531,66.33000183105469,66.33000183105469,378700
2021-10-08,66.38999938964844,66.54000091552734,63.25,63.619998931884766,63.619998931884766,363400
2021-10-11,63.18000030517578,64.4800033569336,63.02000045776367,63.15999984741211,63.15999984741211,407300
2021-10-12,63.08000183105469,64.08000183105469,62.560001373291016,63.560001373291016,63.560001373291016,350300
2021-10-13,63.849998474121094,64.36000061035156,62.66999816894531,63.040000915527344,63.040000915527344,258100
2021-10-14,64.02999877929688,64.9800033569336,63.790000915527344,64.54000091552734,64.54000091552734,504500
2021-10-15,65.44999694824219,65.44999694824219,63.099998474121094,63.15999984741211,63.15999984741211,450000
2021-10-18,62.810001373291016,65.94000244140625,62.09000015258789,65.69000244140625,65.69000244140625,469800
2021-10-19,66.0,67.66999816894531,64.83999633789062,66.30999755859375,66.30999755859375,317000
2021-10-20,66.4800033569336,67.08000183105469,65.41999816894531,66.5999984741211,66.5999984741211,217300
2021-10-21,66.7699966430664,67.48999786376953,66.25,67.16000366210938,67.16000366210938,189800
2021-10-22,67.04000091552734,68.0,66.52999877929688,67.41999816894531,67.41999816894531,376700
2021-10-25,67.41999816894531,69.52999877929688,67.30999755859375,67.7300033569336,67.7300033569336,313500
2021-10-26,68.37000274658203,71.1500015258789,68.2300033569336,70.94000244140625,70.94000244140625,257500
2021-10-27,71.20999908447266,71.66000366210938,69.97000122070312,71.0999984741211,71.0999984741211,458100
2021-10-28,71.23999786376953,73.26000213623047,69.33000183105469,73.16999816894531,73.16999816894531,243600
2021-10-29,73.33000183105469,73.81999969482422,72.69999694824219,73.3499984741211,73.3499984741211,323300
2021-11-01,73.12999725341797,74.0,69.75,69.76000213623047,69.76000213623047,352700
2021-11-02,69.94999694824219,70.2699966430664,67.87000274658203,68.88999938964844,68.88999938964844,315200
2021-11-03,68.76000213623047,71.12999725341797,68.38999938964844,70.70999908447266,70.70999908447266,352700
2021-11-04,70.70999908447266,71.80000305175781,68.63999938964844,68.95999908447266,68.95999908447266,396500
2021-11-05,68.44999694824219,71.26000213623047,64.19000244140625,68.05000305175781,68.05000305175781,1491500
2021-11-08,67.88999938964844,68.48999786376953,65.0,66.47000122070312,66.47000122070312,744900
2021-11-09,66.13999938964844,67.75,65.0,66.0,66.0,631400
2021-11-10,64.86000061035156,65.76000213623047,61.95000076293945,63.09000015258789,63.09000015258789,676800
2021-11-11,63.70000076293945,64.94000244140625,61.880001068115234,62.029998779296875,62.029998779296875,526500
2021-11-12,62.040000915527344,64.0999984741211,60.56999969482422,60.810001373291016,60.810001373291016,663100
2021-11-15,61.810001373291016,61.900001525878906,58.939998626708984,59.08000183105469,59.08000183105469,870500
2021-11-16,59.09000015258789,62.93000030517578,58.45000076293945,61.95000076293945,61.95000076293945,521400
2021-11-17,62.41999816894531,63.18000030517578,61.70000076293945,62.29999923706055,62.29999923706055,463000
2021-11-18,62.75,62.75,59.599998474121094,60.09000015258789,60.09000015258789,366300
2021-11-19,59.97999954223633,61.349998474121094,59.16999816894531,60.11000061035156,60.11000061035156,411100
2021-11-22,60.11000061035156,61.47999954223633,58.59000015258789,61.18000030517578,61.18000030517578,545700
2021-11-23,61.279998779296875,61.650001525878906,57.369998931884766,59.54999923706055,59.54999923706055,682400
2021-11-24,58.9900016784668,61.900001525878906,58.349998474121094,61.58000183105469,61.58000183105469,334200
2021-11-26,60.79999923706055,61.290000915527344,58.25,58.5099983215332,58.5099983215332,330000
2021-11-29,59.029998779296875,59.220001220703125,54.380001068115234,54.599998474121094,54.599998474121094,1100600
2021-11-30,54.5099983215332,55.689998626708984,53.70000076293945,54.40999984741211,54.40999984741211,549200
2021-12-01,55.369998931884766,56.0,53.540000915527344,54.2400016784668,54.2400016784668,748500
2021-12-02,54.13999938964844,56.33000183105469,54.13999938964844,55.5,55.5,743500
2021-12-03,55.720001220703125,56.20000076293945,51.75,52.0,52.0,584800
2021-12-06,52.279998779296875,55.31999969482422,51.0,54.849998474121094,54.849998474121094,603300
2021-12-07,56.060001373291016,59.040000915527344,55.459999084472656,57.380001068115234,57.380001068115234,630600
2021-12-08,57.380001068115234,59.349998474121094,56.66999816894531,58.77000045776367,58.77000045776367,345000
2021-12-09,58.290000915527344,59.61000061035156,54.97999954223633,55.34000015258789,55.34000015258789,234500
2021-12-10,55.970001220703125,56.72999954223633,52.88999938964844,53.22999954223633,53.22999954223633,546700
2021-12-13,52.97999954223633,53.31999969482422,50.380001068115234,50.529998779296875,50.529998779296875,670600
2021-12-14,48.900001525878906,50.40999984741211,46.959999084472656,50.13999938964844,50.13999938964844,1465700
2021-12-15,50.13999938964844,51.720001220703125,49.65999984741211,51.709999084472656,51.709999084472656,620800
2021-12-16,51.970001220703125,53.380001068115234,49.86000061035156,50.56999969482422,50.56999969482422,949400
2021-12-17,50.97999954223633,53.11000061035156,49.70000076293945,52.369998931884766,52.369998931884766,820300
2021-12-20,51.31999969482422,51.9900016784668,49.38999938964844,50.0099983215332,50.0099983215332,929400
2021-12-21,50.72999954223633,54.83000183105469,50.72999954223633,54.43000030517578,54.43000030517578,976600
2021-12-22,54.70000076293945,56.41999816894531,54.22999954223633,56.18000030517578,56.18000030517578,372100
2021-12-23,56.18000030517578,57.16999816894531,55.16999816894531,56.810001373291016,56.810001373291016,452300
2021-12-27,56.810001373291016,57.40999984741211,55.400001525878906,57.119998931884766,57.119998931884766,223100
2021-12-28,56.939998626708984,57.70000076293945,55.91999816894531,56.93000030517578,56.93000030517578,433500
2021-12-29,56.790000915527344,57.029998779296875,55.060001373291016,55.540000915527344,55.540000915527344,260800
2021-12-30,55.540000915527344,57.06999969482422,55.36000061035156,56.220001220703125,56.220001220703125,308900
2021-12-31,56.72999954223633,56.959999084472656,55.630001068115234,56.0,56.0,314500
2022-01-03,56.5,58.95000076293945,55.31999969482422,58.709999084472656,58.709999084472656,395900
2022-01-04,58.709999084472656,59.81999969482422,57.83000183105469,58.61000061035156,58.61000061035156,531100
2022-01-05,58.18000030517578,58.849998474121094,54.7599983215332,54.79999923706055,54.79999923706055,383700
2022-01-06,55.68000030517578,59.79999923706055,55.59000015258789,58.869998931884766,58.869998931884766,1104900
2022-01-07,57.47999954223633,58.72999954223633,54.560001373291016,54.689998626708984,54.689998626708984,573200
2022-01-10,53.619998931884766,54.83000183105469,52.20000076293945,54.75,54.75,490500
2022-01-11,55.08000183105469,57.38999938964844,54.11000061035156,57.189998626708984,57.189998626708984,400700
2022-01-12,57.7400016784668,58.849998474121094,55.540000915527344,55.61000061035156,55.61000061035156,405300
2022-01-13,55.7599983215332,56.43000030517578,54.75,55.08000183105469,55.08000183105469,293900
2022-01-14,54.22999954223633,55.22999954223633,51.97999954223633,53.86000061035156,53.86000061035156,932000
2022-01-18,53.36000061035156,53.36000061035156,49.25,50.15999984741211,50.15999984741211,647700
2022-01-19,50.33000183105469,51.349998474121094,49.04999923706055,49.38999938964844,49.38999938964844,349700
2022-01-20,50.5,52.41999816894531,49.560001373291016,49.810001373291016,49.810001373291016,383400
2022-01-21,48.900001525878906,50.90999984741211,48.65999984741211,49.33000183105469,49.33000183105469,750200
2022-01-24,48.040000915527344,51.060001373291016,47.02000045776367,50.66999816894531,50.66999816894531,519100
2022-01-25,49.0099983215332,50.25,47.040000915527344,47.63999938964844,47.63999938964844,437300
2022-01-26,48.810001373291016,49.349998474121094,45.790000915527344,46.25,46.25,403100
2022-01-27,46.91999816894531,49.970001220703125,43.380001068115234,43.7400016784668,43.7400016784668,465100
2022-01-28,43.27000045776367,44.959999084472656,42.369998931884766,44.86000061035156,44.86000061035156,332000
2022-01-31,44.400001525878906,47.529998779296875,42.79999923706055,47.43000030517578,47.43000030517578,468900
2022-02-01,47.869998931884766,49.86000061035156,46.439998626708984,49.77000045776367,49.77000045776367,449600
2022-02-02,50.0099983215332,50.72999954223633,47.88999938964844,49.43000030517578,49.43000030517578,443200
2022-02-03,48.150001525878906,49.58000183105469,47.689998626708984,48.04999923706055,48.04999923706055,532200
2022-02-04,47.81999969482422,50.599998474121094,47.290000915527344,50.220001220703125,50.220001220703125,315100
2022-02-07,50.09000015258789,52.029998779296875,49.52000045776367,51.09000015258789,51.09000015258789,262300
2022-02-08,50.869998931884766,52.58000183105469,50.0099983215332,52.439998626708984,52.439998626708984,258900
2022-02-09,53.29999923706055,55.810001373291016,53.040000915527344,55.63999938964844,55.63999938964844,405500
2022-02-10,53.68000030517578,55.68000030517578,53.13999938964844,54.290000915527344,54.290000915527344,461600
2022-02-11,54.54999923706055,54.86000061035156,51.970001220703125,53.119998931884766,53.119998931884766,326000
2022-02-14,53.369998931884766,54.470001220703125,51.709999084472656,51.880001068115234,51.880001068115234,253100
2022-02-15,52.65999984741211,55.40999984741211,52.65999984741211,54.369998931884766,54.369998931884766,317400
2022-02-16,53.439998626708984,55.20000076293945,51.630001068115234,54.5099983215332,54.5099983215332,316300
2022-02-17,53.83000183105469,54.380001068115234,49.880001068115234,50.43000030517578,50.43000030517578,320900
2022-02-18,50.029998779296875,50.79999923706055,48.56999969482422,48.849998474121094,48.849998474121094,419900
2022-02-22,48.02000045776367,49.83000183105469,47.7400016784668,48.060001373291016,48.060001373291016,542800
2022-02-23,48.40999984741211,49.099998474121094,46.970001220703125,48.02000045776367,48.02000045776367,703000
2022-02-24,46.459999084472656,53.33000183105469,45.75,52.88999938964844,52.88999938964844,863100
2022-02-25,53.06999969482422,57.34000015258789,51.66999816894531,57.08000183105469,57.08000183105469,936600
2022-02-28,56.2599983215332,56.9900016784668,54.9900016784668,56.7599983215332,56.7599983215332,499100
2022-03-01,56.58000183105469,58.810001373291016,55.81999969482422,57.380001068115234,57.380001068115234,553000
2022-03-02,58.29999923706055,59.529998779296875,57.130001068115234,59.16999816894531,59.16999816894531,445900
2022-03-03,59.900001525878906,59.9900016784668,56.630001068115234,57.5099983215332,57.5099983215332,355900
2022-03-04,56.9900016784668,57.93000030517578,55.560001373291016,56.310001373291016,56.310001373291016,421500
2022-03-07,57.06999969482422,57.06999969482422,53.91999816894531,54.150001525878906,54.150001525878906,492700
2022-03-08,54.20000076293945,57.91999816894531,52.45000076293945,55.54999923706055,55.54999923706055,671600
2022-03-09,57.33000183105469,59.4900016784668,56.790000915527344,58.189998626708984,58.189998626708984,428600
2022-03-10,56.95000076293945,58.47999954223633,56.09000015258789,57.439998626708984,57.439998626708984,364000
2022-03-11,58.130001068115234,58.13999938964844,54.38999938964844,54.52000045776367,54.52000045776367,361000
2022-03-14,54.66999816894531,55.290000915527344,48.709999084472656,49.06999969482422,49.06999969482422,609300
2022-03-15,49.88999938964844,51.18000030517578,48.11000061035156,51.08000183105469,51.08000183105469,334000
2022-03-16,52.36000061035156,54.06999969482422,50.90999984741211,54.060001373291016,54.060001373291016,376200
2022-03-17,53.5099983215332,57.619998931884766,53.0,57.29999923706055,57.29999923706055,383400
2022-03-18,56.650001525878906,58.70000076293945,56.650001525878906,57.060001373291016,57.060001373291016,530100
2022-03-21,56.470001220703125,57.689998626708984,55.130001068115234,55.720001220703125,55.720001220703125,409600
2022-03-22,56.18000030517578,59.02000045776367,56.08000183105469,58.34000015258789,58.34000015258789,575300
2022-03-23,58.279998779296875,58.279998779296875,55.68000030517578,56.310001373291016,56.310001373291016,303800
2022-03-24,56.54999923706055,58.20000076293945,55.849998474121094,58.119998931884766,58.119998931884766,278800
2022-03-25,57.93000030517578,59.04999923706055,56.849998474121094,58.84000015258789,58.84000015258789,374700
2022-03-28,58.97999954223633,59.56999969482422,57.119998931884766,59.560001373291016,59.560001373291016,351900
2022-03-29,60.0,63.33000183105469,59.77000045776367,62.7599983215332,62.7599983215332,611700
2022-03-30,62.11000061035156,62.650001525878906,61.56999969482422,62.45000076293945,62.45000076293945,328600
2022-03-31,62.470001220703125,63.90999984741211,61.099998474121094,62.599998474121094,62.599998474121094,433300
2022-04-01,62.709999084472656,64.8499984741211,61.90999984741211,64.41999816894531,64.41999816894531,432600
2022-04-04,64.30999755859375,65.13999938964844,63.349998474121094,63.54999923706055,63.54999923706055,297400
2022-04-05,63.599998474121094,63.939998626708984,62.47999954223633,63.560001373291016,63.560001373291016,240900
2022-04-06,63.0099983215332,63.439998626708984,60.81999969482422,63.060001373291016,63.060001373291016,441200
2022-04-07,62.88999938964844,65.08999633789062,62.540000915527344,64.04000091552734,64.04000091552734,523600
2022-04-08,63.59000015258789,65.9000015258789,62.349998474121094,64.3499984741211,64.3499984741211,664400
2022-04-11,63.380001068115234,64.98999786376953,61.59000015258789,62.90999984741211,62.90999984741211,695100
2022-04-12,64.36000061035156,65.30000305175781,62.45000076293945,63.33000183105469,63.33000183105469,254300
2022-04-13,63.77000045776367,64.98999786376953,62.9900016784668,64.20999908447266,64.20999908447266,262600
2022-04-14,64.20999908447266,65.02999877929688,63.02000045776367,63.810001373291016,63.810001373291016,429500
2022-04-18,63.81999969482422,63.959999084472656,60.369998931884766,60.959999084472656,60.959999084472656,392200
2022-04-19,60.95000076293945,64.13999938964844,60.650001525878906,63.91999816894531,63.91999816894531,637600
2022-04-20,64.55999755859375,65.0199966430664,62.7599983215332,64.11000061035156,64.11000061035156,364200
2022-04-21,64.55000305175781,65.94999694824219,62.439998626708984,62.77000045776367,62.77000045776367,589700
2022-04-22,62.04999923706055,62.380001068115234,58.09000015258789,59.040000915527344,59.040000915527344,303900
2022-04-25,58.52000045776367,60.540000915527344,58.279998779296875,60.20000076293945,60.20000076293945,274200
2022-04-26,59.2400016784668,60.27000045776367,57.7599983215332,58.08000183105469,58.08000183105469,511900
2022-04-27,57.810001373291016,59.0099983215332,55.33000183105469,55.720001220703125,55.720001220703125,415400
2022-04-28,56.560001373291016,56.560001373291016,51.56999969482422,52.90999984741211,52.90999984741211,770600
2022-04-29,52.86000061035156,53.869998931884766,51.54999923706055,51.81999969482422,51.81999969482422,492700
2022-05-02,52.18000030517578,57.689998626708984,52.0,57.68000030517578,57.68000030517578,870300
2022-05-03,57.290000915527344,58.56999969482422,56.65999984741211,57.7400016784668,57.7400016784668,406200
2022-05-04,58.36000061035156,58.36000061035156,54.58000183105469,57.45000076293945,57.45000076293945,478000
2022-05-05,56.470001220703125,56.470001220703125,50.400001525878906,52.2599983215332,52.2599983215332,930300
2022-05-06,56.75,57.4900016784668,47.349998474121094,48.02000045776367,48.02000045776367,1233300
2022-05-09,47.060001373291016,47.060001373291016,38.40999984741211,39.5,39.5,1634900
2022-05-10,40.869998931884766,43.150001525878906,38.7400016784668,42.619998931884766,42.619998931884766,1208500
2022-05-11,42.709999084472656,45.36000061035156,41.369998931884766,41.56999969482422,41.56999969482422,1158000
2022-05-12,41.5,44.56999969482422,40.97999954223633,44.27000045776367,44.27000045776367,1040000
2022-05-13,45.400001525878906,48.220001220703125,44.97999954223633,47.290000915527344,47.290000915527344,575800
2022-05-16,47.16999816894531,48.970001220703125,46.209999084472656,47.33000183105469,47.33000183105469,425800
2022-05-17,48.7599983215332,49.790000915527344,47.72999954223633,49.7400016784668,49.7400016784668,295600
2022-05-18,48.599998474121094,50.2400016784668,47.93000030517578,48.619998931884766,48.619998931884766,513000
2022-05-19,47.900001525878906,50.029998779296875,47.709999084472656,49.310001373291016,49.310001373291016,532200
2022-05-20,50.560001373291016,50.560001373291016,47.720001220703125,49.939998626708984,49.939998626708984,424200
2022-05-23,49.95000076293945,51.9900016784668,49.2599983215332,51.34000015258789,51.34000015258789,332400
2022-05-24,50.29999923706055,50.939998626708984,48.810001373291016,49.63999938964844,49.63999938964844,360300
2022-05-25,49.41999816894531,50.029998779296875,48.08000183105469,49.56999969482422,49.56999969482422,383800
2022-05-26,50.130001068115234,50.68000030517578,48.77000045776367,50.060001373291016,50.060001373291016,395100
2022-05-27,50.880001068115234,53.02000045776367,50.56999969482422,52.33000183105469,52.33000183105469,464200
2022-05-31,51.83000183105469,52.25,48.90999984741211,50.0,50.0,723300
2022-06-01,50.310001373291016,50.65999984741211,48.380001068115234,50.0,50.0,312000
2022-06-02,50.15999984741211,54.43000030517578,49.36000061035156,54.40999984741211,54.40999984741211,455900
2022-06-03,53.91999816894531,58.77000045776367,52.70000076293945,56.290000915527344,56.290000915527344,855400
2022-06-06,57.16999816894531,57.720001220703125,56.0,56.7599983215332,56.7599983215332,317000
2022-06-07,55.790000915527344,58.97999954223633,55.31999969482422,58.68000030517578,58.68000030517578,294500
2022-06-08,58.34000015258789,59.209999084472656,57.08000183105469,57.959999084472656,57.959999084472656,363600
2022-06-09,57.459999084472656,57.459999084472656,54.93000030517578,55.38999938964844,55.38999938964844,407000
2022-06-10,53.779998779296875,55.5,51.27000045776367,53.7400016784668,53.7400016784668,515900
2022-06-13,51.279998779296875,52.869998931884766,49.0,49.79999923706055,49.79999923706055,428300
2022-06-14,46.56999969482422,50.41999816894531,46.56999969482422,49.650001525878906,49.650001525878906,408700
2022-06-15,50.11000061035156,52.18000030517578,47.529998779296875,50.709999084472656,50.709999084472656,445500
2022-06-16,48.939998626708984,49.52000045776367,47.29999923706055,48.900001525878906,48.900001525878906,379800
2022-06-17,49.439998626708984,51.77000045776367,48.11000061035156,48.2599983215332,48.2599983215332,1175100
2022-06-21,49.790000915527344,51.29999923706055,49.29999923706055,49.720001220703125,49.720001220703125,644500
2022-06-22,48.790000915527344,52.34000015258789,48.790000915527344,52.029998779296875,52.029998779296875,380600
2022-06-23,52.93000030517578,56.66999816894531,52.459999084472656,56.630001068115234,56.630001068115234,397700
2022-06-24,57.650001525878906,58.7599983215332,54.0,58.56999969482422,58.56999969482422,1036000
2022-06-27,58.34000015258789,59.41999816894531,56.66999816894531,57.5099983215332,57.5099983215332,770500
2022-06-28,57.65999984741211,58.970001220703125,55.540000915527344,56.63999938964844,56.63999938964844,596200
2022-06-29,56.2400016784668,57.689998626708984,55.040000915527344,57.68000030517578,57.68000030517578,269600
2022-06-30,56.619998931884766,58.0,55.34000015258789,56.66999816894531,56.66999816894531,363700
2022-07-01,56.47999954223633,58.4900016784668,56.279998779296875,57.959999084472656,57.959999084472656,231700
2022-07-05,57.119998931884766,60.65999984741211,56.380001068115234,60.2400016784668,60.2400016784668,778300
2022-07-06,60.2599983215332,63.31999969482422,59.779998779296875,62.939998626708984,62.939998626708984,1016500
2022-07-07,63.0,65.0199966430664,61.09000015258789,62.65999984741211,62.65999984741211,704600
2022-07-08,62.25,63.68000030517578,60.959999084472656,63.099998474121094,63.099998474121094,447500
2022-07-11,62.459999084472656,63.040000915527344,61.099998474121094,61.25,61.25,342900
2022-07-12,61.58000183105469,62.540000915527344,60.709999084472656,61.25,61.25,298500
2022-07-13,60.09000015258789,62.189998626708984,59.88999938964844,61.470001220703125,61.470001220703125,358800
2022-07-14,61.0,62.91999816894531,60.72999954223633,62.529998779296875,62.529998779296875,389300
2022-07-15,63.84000015258789,64.13999938964844,61.61000061035156,63.459999084472656,63.459999084472656,427800
2022-07-18,64.27999877929688,64.7699966430664,61.61000061035156,61.900001525878906,61.900001525878906,393600
2022-07-19,62.91999816894531,63.939998626708984,62.29999923706055,63.52000045776367,63.52000045776367,281500
2022-07-20,63.77000045776367,64.41000366210938,62.11000061035156,62.33000183105469,62.33000183105469,866600
2022-07-21,62.540000915527344,65.0,62.310001373291016,65.0,65.0,591700
2022-07-22,65.0999984741211,65.0999984741211,61.97999954223633,62.459999084472656,62.459999084472656,466800
2022-07-25,62.27000045776367,63.13999938964844,60.79999923706055,61.25,61.25,474000
2022-07-26,61.2400016784668,63.5099983215332,60.349998474121094,63.0,63.0,498800
2022-07-27,63.77000045776367,64.88999938964844,62.650001525878906,64.52999877929688,64.52999877929688,401600
2022-07-28,64.98999786376953,65.72000122070312,63.2599983215332,65.23999786376953,65.23999786376953,704000
2022-07-29,65.25,65.33999633789062,63.220001220703125,64.87000274658203,64.87000274658203,391900
2022-08-01,64.44000244140625,67.25,63.9900016784668,66.66000366210938,66.66000366210938,1178400
2022-08-02,66.75,72.0,66.73999786376953,71.18000030517578,71.18000030517578,1860700
2022-08-03,66.05000305175781,69.44999694824219,66.0,69.4000015258789,69.4000015258789,2597700
2022-08-04,69.98999786376953,72.37999725341797,67.87999725341797,72.2699966430664,72.2699966430664,1433400
2022-08-05,71.6500015258789,72.44999694824219,69.95999908447266,71.0,71.0,626700
2022-08-08,71.37000274658203,72.6500015258789,68.94000244140625,71.06999969482422,71.06999969482422,618600
2022-08-09,71.05999755859375,71.77999877929688,68.86000061035156,69.16000366210938,69.16000366210938,443500
2022-08-10,71.1500015258789,71.27999877929688,68.9800033569336,71.0,71.0,615300
2022-08-11,71.70999908447266,72.62999725341797,69.93000030517578,70.08000183105469,70.08000183105469,760100
2022-08-12,70.30000305175781,72.4800033569336,69.29000091552734,72.37999725341797,72.37999725341797,446500
2022-08-15,72.0,73.97000122070312,71.68000030517578,73.73999786376953,73.73999786376953,575500
2022-08-16,73.4000015258789,73.4000015258789,70.23999786376953,72.3499984741211,72.3499984741211,488400
2022-08-17,71.95999908447266,72.83999633789062,71.0199966430664,72.19000244140625,72.19000244140625,848600
2022-08-18,72.30999755859375,73.16999816894531,71.66000366210938,72.95999908447266,72.95999908447266,532000
2022-08-19,72.87999725341797,72.9800033569336,70.69000244140625,72.73999786376953,72.73999786376953,584500
2022-08-22,72.20999908447266,73.51000213623047,71.62000274658203,71.9000015258789,71.9000015258789,431800
2022-08-23,71.7699966430664,71.87999725341797,67.9000015258789,69.5199966430664,69.5199966430664,831400
2022-08-24,70.06999969482422,72.27999877929688,69.9000015258789,72.1500015258789,72.1500015258789,481700
2022-08-25,73.16000366210938,74.16999816894531,72.2699966430664,73.98999786376953,73.98999786376953,554800
2022-08-26,74.0,74.0,71.2300033569336,71.70999908447266,71.70999908447266,365200
2022-08-29,70.66000366210938,72.3499984741211,69.37999725341797,71.98999786376953,71.98999786376953,383200
2022-08-30,72.0199966430664,73.31999969482422,70.5,70.93000030517578,70.93000030517578,487700
2022-08-31,71.76000213623047,73.19000244140625,71.16000366210938,72.25,72.25,446400
2022-09-01,72.0199966430664,72.22000122070312,68.97000122070312,70.80999755859375,70.80999755859375,772900
2022-09-02,71.97000122070312,72.25,70.12999725341797,70.6500015258789,70.6500015258789,395900
2022-09-06,70.52999877929688,71.16999816894531,67.94000244140625,68.45999908447266,68.45999908447266,636600
2022-09-07,68.80000305175781,72.5,68.80000305175781,71.87000274658203,71.87000274658203,568600
2022-09-08,72.37000274658203,76.33000183105469,70.79000091552734,75.4800033569336,75.4800033569336,1189400
2022-09-09,75.83999633789062,77.19000244140625,75.05000305175781,76.80000305175781,76.80000305175781,1059200
2022-09-12,76.51000213623047,78.4800033569336,76.18000030517578,78.12000274658203,78.12000274658203,666000
2022-09-13,75.5999984741211,78.1500015258789,74.4000015258789,77.27999877929688,77.27999877929688,691200
2022-09-14,77.54000091552734,78.30999755859375,76.38999938964844,77.1500015258789,77.1500015258789,873000
2022-09-15,77.16999816894531,79.91999816894531,76.73999786376953,77.9800033569336,77.9800033569336,937600
2022-09-16,76.94999694824219,77.5999984741211,73.36000061035156,74.70999908447266,74.70999908447266,1405200
2022-09-19,73.7300033569336,75.44000244140625,71.37999725341797,75.05000305175781,75.05000305175781,795700
2022-09-20,74.81999969482422,75.55999755859375,73.13999938964844,74.08999633789062,74.08999633789062,528500
2022-09-21,74.5,74.87000274658203,71.80000305175781,71.81999969482422,71.81999969482422,332100
2022-09-22,71.51000213623047,71.51000213623047,66.36000061035156,67.36000061035156,67.36000061035156,677100
2022-09-23,66.68000030517578,67.08000183105469,63.939998626708984,65.23999786376953,65.23999786376953,530600
2022-09-26,64.91000366210938,68.45999908447266,64.91000366210938,67.33999633789062,67.33999633789062,523100
2022-09-27,68.16000366210938,69.25,66.88999938964844,68.51000213623047,68.51000213623047,349700
2022-09-28,69.2699966430664,71.79000091552734,68.93000030517578,70.97000122070312,70.97000122070312,477900
2022-09-29,70.29000091552734,71.5,69.91000366210938,70.7699966430664,70.7699966430664,397100
2022-09-30,70.73999786376953,74.44000244140625,70.41000366210938,70.44000244140625,70.44000244140625,541500
2022-10-03,70.79000091552734,74.16000366210938,69.75,73.62999725341797,73.62999725341797,773700
2022-10-04,75.51000213623047,76.30999755859375,74.75,76.19999694824219,76.19999694824219,402300
2022-10-05,75.9000015258789,76.79000091552734,73.29000091552734,76.5999984741211,76.5999984741211,352300
2022-10-06,76.61000061035156,77.19999694824219,74.16999816894531,74.6500015258789,74.6500015258789,521700
2022-10-07,73.4800033569336,74.97000122070312,71.91999816894531,72.51000213623047,72.51000213623047,368900
2022-10-10,67.9800033569336,72.11000061035156,67.41000366210938,68.2699966430664,68.2699966430664,876800
2022-10-11,68.52999877929688,70.72000122070312,65.30000305175781,69.66000366210938,69.66000366210938,792100
2022-10-12,69.7699966430664,70.4000015258789,67.29000091552734,69.52999877929688,69.52999877929688,533900
2022-10-13,67.44000244140625,70.02999877929688,65.87999725341797,68.94999694824219,68.94999694824219,595400
2022-10-14,69.75,70.33999633789062,66.30999755859375,66.52999877929688,66.52999877929688,546500
2022-10-17,67.9000015258789,70.61000061035156,67.38999938964844,70.41000366210938,70.41000366210938,579000
2022-10-18,72.72000122070312,74.05000305175781,69.72000122070312,70.33000183105469,70.33000183105469,496400
2022-10-19,69.7699966430664,70.66000366210938,67.27999877929688,68.19999694824219,68.19999694824219,390000
2022-10-20,68.37000274658203,70.23999786376953,66.73999786376953,68.48999786376953,68.48999786376953,455000
2022-10-21,69.66000366210938,70.45999908447266,66.47000122070312,69.94999694824219,69.94999694824219,334100
2022-10-24,70.94999694824219,70.94999694824219,67.44000244140625,70.0,70.0,813700
2022-10-25,70.6500015258789,72.62000274658203,70.12000274658203,71.1500015258789,71.1500015258789,455100
2022-10-26,71.5,73.1500015258789,70.55000305175781,71.5999984741211,71.5999984741211,906700
2022-10-27,71.80999755859375,72.05999755859375,68.87999725341797,68.97000122070312,68.97000122070312,803100
2022-10-28,68.91999816894531,72.06999969482422,67.29000091552734,71.9000015258789,71.9000015258789,1074100
2022-10-31,71.1500015258789,75.13999938964844,71.1500015258789,73.13999938964844,73.13999938964844,793100
2022-11-01,68.7699966430664,71.0,67.11000061035156,68.16000366210938,68.16000366210938,1308800
2022-11-02,68.38999938964844,70.61000061035156,66.05999755859375,66.19999694824219,66.19999694824219,671600
2022-11-03,65.5,66.7699966430664,64.61000061035156,64.94000244140625,64.94000244140625,590400
2022-11-04,65.68000030517578,65.68000030517578,61.560001373291016,62.22999954223633,62.22999954223633,704500
2022-11-07,62.7400016784668,62.959999084472656,60.70000076293945,61.470001220703125,61.470001220703125,652900
2022-11-08,61.63999938964844,62.13999938964844,59.20000076293945,61.58000183105469,61.58000183105469,660100
2022-11-09,61.380001068115234,62.97999954223633,60.66999816894531,61.25,61.25,567100
2022-11-10,64.62999725341797,65.47000122070312,62.43000030517578,64.05000305175781,64.05000305175781,739300
2022-11-11,64.30000305175781,65.81999969482422,61.11000061035156,61.810001373291016,61.810001373291016,663100
2022-11-14,61.83000183105469,63.25,60.79999923706055,61.97999954223633,61.97999954223633,477900
2022-11-15,63.5,64.9800033569336,62.4900016784668,64.37999725341797,64.37999725341797,375600
2022-11-16,63.97999954223633,64.4000015258789,62.439998626708984,62.900001525878906,62.900001525878906,490900
2022-11-17,61.939998626708984,63.58000183105469,61.5,63.04999923706055,63.04999923706055,306400
2022-11-18,64.62000274658203,65.23999786376953,63.77000045776367,63.90999984741211,63.90999984741211,390600
2022-11-21,63.869998931884766,64.48999786376953,62.7599983215332,62.9900016784668,62.9900016784668,211100
2022-11-22,63.15999984741211,64.41999816894531,61.459999084472656,63.41999816894531,63.41999816894531,558700
2022-11-23,63.63999938964844,65.9800033569336,62.70000076293945,64.95999908447266,64.95999908447266,496000
2022-11-25,64.94999694824219,66.0,64.58000183105469,65.69999694824219,65.69999694824219,116400
2022-11-28,65.6500015258789,66.22000122070312,63.400001525878906,64.0999984741211,64.0999984741211,389800
2022-11-29,63.93000030517578,65.44999694824219,63.79999923706055,64.6500015258789,64.6500015258789,373200
2022-11-30,64.6500015258789,68.8499984741211,64.4000015258789,68.4800033569336,68.4800033569336,568600
2022-12-01,69.0199966430664,71.98999786376953,68.1500015258789,70.87000274658203,70.87000274658203,1048000
2022-12-02,69.94000244140625,71.68000030517578,66.5,70.33999633789062,70.33999633789062,440600
2022-12-05,69.73999786376953,70.08999633789062,66.9000015258789,67.47000122070312,67.47000122070312,388500
2022-12-06,67.33999633789062,67.88999938964844,64.88999938964844,65.52999877929688,65.52999877929688,279700
2022-12-07,65.41999816894531,67.02999877929688,64.77999877929688,65.95999908447266,65.95999908447266,381100
2022-12-08,66.47000122070312,68.31999969482422,64.80999755859375,65.88999938964844,65.88999938964844,334700
2022-12-09,65.62999725341797,66.0199966430664,63.36000061035156,64.43000030517578,64.43000030517578,553900
2022-12-12,64.97000122070312,66.4800033569336,63.959999084472656,65.19999694824219,65.19999694824219,434400
2022-12-13,67.41999816894531,68.93000030517578,65.83000183105469,67.25,67.25,398700
2022-12-14,67.5199966430664,68.91999816894531,62.56999969482422,64.4000015258789,64.4000015258789,984300
2022-12-15,63.45000076293945,64.19000244140625,59.369998931884766,59.560001373291016,59.560001373291016,1544300
2022-12-16,58.7599983215332,60.099998474121094,57.09000015258789,59.810001373291016,59.810001373291016,1240400
2022-12-19,59.56999969482422,61.400001525878906,58.11000061035156,60.220001220703125,60.220001220703125,818700
2022-12-20,59.72999954223633,62.15999984741211,59.029998779296875,61.61000061035156,61.61000061035156,742600
2022-12-21,61.880001068115234,64.4800033569336,61.75,63.689998626708984,63.689998626708984,470500
2022-12-22,63.33000183105469,64.31999969482422,63.06999969482422,64.19000244140625,64.19000244140625,351100
2022-12-23,64.19999694824219,64.83000183105469,61.95000076293945,62.869998931884766,62.869998931884766,448500
2022-12-27,63.0,63.630001068115234,61.29999923706055,61.38999938964844,61.38999938964844,291900
2022-12-28,61.689998626708984,62.84000015258789,61.02000045776367,61.529998779296875,61.529998779296875,398000
2022-12-29,62.22999954223633,64.19999694824219,61.84000015258789,63.02000045776367,63.02000045776367,564700
2022-12-30,62.16999816894531,63.0099983215332,61.70000076293945,62.529998779296875,62.529998779296875,402700
2023-01-03,63.61000061035156,63.959999084472656,58.95000076293945,59.63999938964844,59.63999938964844,893100
2023-01-04,60.119998931884766,60.7400016784668,58.849998474121094,60.7400016784668,60.7400016784668,702600
2023-01-05,60.279998779296875,61.599998474121094,59.5,59.849998474121094,59.849998474121094,871800
2023-01-06,60.27000045776367,60.70000076293945,58.47999954223633,59.650001525878906,59.650001525878906,829200
2023-01-09,60.18000030517578,60.18000030517578,54.56999969482422,55.029998779296875,55.029998779296875,1406200
2023-01-10,55.22999954223633,56.70000076293945,55.209999084472656,55.84000015258789,55.84000015258789,967200
2023-01-11,61.45000076293945,64.12999725341797,59.060001373291016,61.7599983215332,61.7599983215332,2890300
2023-01-12,61.61000061035156,64.80999755859375,60.54999923706055,64.7300033569336,64.7300033569336,1095800
2023-01-13,64.5,67.5199966430664,63.88999938964844,64.87999725341797,64.87999725341797,888100
2023-01-17,64.5199966430664,67.94000244140625,63.720001220703125,67.33999633789062,67.33999633789062,560100
2023-01-18,67.80999755859375,68.22000122070312,64.7699966430664,66.12000274658203,66.12000274658203,546400
2023-01-19,65.98999786376953,65.98999786376953,60.130001068115234,62.02000045776367,62.02000045776367,1166700
2023-01-20,63.38999938964844,63.38999938964844,59.59000015258789,61.84000015258789,61.84000015258789,715700
2023-01-23,61.65999984741211,62.45000076293945,59.79999923706055,60.29999923706055,60.29999923706055,687500
2023-01-24,60.279998779296875,60.84000015258789,59.189998626708984,59.72999954223633,59.72999954223633,364000
2023-01-25,59.2400016784668,61.130001068115234,58.25,61.04999923706055,61.04999923706055,403300
2023-01-26,62.400001525878906,63.0,61.209999084472656,62.65999984741211,62.65999984741211,453100
2023-01-27,62.65999984741211,63.0,61.56999969482422,62.459999084472656,62.459999084472656,260600
2023-01-30,61.779998779296875,62.279998779296875,60.59000015258789,61.099998474121094,61.099998474121094,269400
2023-01-31,61.400001525878906,62.36000061035156,60.75,61.400001525878906,61.400001525878906,504100
2023-02-01,61.81999969482422,62.2400016784668,59.849998474121094,61.06999969482422,61.06999969482422,506300
2023-02-02,61.5,63.0099983215332,60.130001068115234,61.939998626708984,61.939998626708984,769300
2023-02-03,61.560001373291016,61.560001373291016,58.939998626708984,59.66999816894531,59.66999816894531,679900
2023-02-06,59.380001068115234,60.4900016784668,57.31999969482422,57.650001525878906,57.650001525878906,653000
2023-02-07,57.5,58.86000061035156,56.2599983215332,58.83000183105469,58.83000183105469,530900
2023-02-08,58.52000045776367,59.810001373291016,56.900001525878906,57.31999969482422,57.31999969482422,408100
2023-02-09,57.95000076293945,58.5099983215332,56.310001373291016,56.41999816894531,56.41999816894531,823100
2023-02-10,56.22999954223633,56.970001220703125,55.470001220703125,56.380001068115234,56.380001068115234,379000
2023-02-13,56.4900016784668,57.689998626708984,55.689998626708984,57.59000015258789,57.59000015258789,407400
2023-02-14,57.5,58.5,56.66999816894531,57.439998626708984,57.439998626708984,399000
2023-02-15,57.22999954223633,58.150001525878906,56.380001068115234,57.599998474121094,57.599998474121094,429600
2023-02-16,56.650001525878906,58.75,55.9900016784668,57.47999954223633,57.47999954223633,387800
2023-02-17,57.93000030517578,58.02000045776367,56.5,57.40999984741211,57.40999984741211,495800
2023-02-21,56.529998779296875,57.720001220703125,55.599998474121094,57.130001068115234,57.130001068115234,742600
2023-02-22,57.27000045776367,57.790000915527344,56.349998474121094,56.91999816894531,56.91999816894531,543400
2023-02-23,57.43000030517578,58.36000061035156,56.54999923706055,58.13999938964844,58.13999938964844,379500
2023-02-24,57.189998626708984,57.7400016784668,56.47999954223633,57.369998931884766,57.369998931884766,373800
2023-02-27,58.06999969482422,60.13999938964844,57.869998931884766,58.880001068115234,58.880001068115234,642300
2023-02-28,58.59000015258789,60.7599983215332,57.79999923706055,60.09000015258789,60.09000015258789,806300
2023-03-01,59.38999938964844,61.4900016784668,58.619998931884766,60.869998931884766,60.869998931884766,764700
2023-03-02,60.79999923706055,62.13999938964844,58.5,59.38999938964844,59.38999938964844,1201100
2023-03-03,59.75,60.22999954223633,56.529998779296875,57.400001525878906,57.400001525878906,912000
2023-03-06,57.099998474121094,57.099998474121094,55.54999923706055,57.0,57.0,708200
2023-03-07,57.209999084472656,58.119998931884766,55.65999984741211,55.77000045776367,55.77000045776367,854900
2023-03-08,55.68000030517578,56.04999923706055,53.709999084472656,54.119998931884766,54.119998931884766,651400
2023-03-09,54.22999954223633,55.54999923706055,53.779998779296875,54.58000183105469,54.58000183105469,685700
2023-03-10,54.459999084472656,54.459999084472656,52.189998626708984,52.599998474121094,52.599998474121094,654300
2023-03-13,52.16999816894531,54.790000915527344,51.439998626708984,52.79999923706055,52.79999923706055,459000
2023-03-14,53.720001220703125,53.720001220703125,52.27000045776367,52.970001220703125,52.970001220703125,409600
2023-03-15,51.869998931884766,53.9900016784668,51.720001220703125,53.45000076293945,53.45000076293945,426900
2023-03-16,53.0099983215332,56.380001068115234,52.5,55.900001525878906,55.900001525878906,653700
2023-03-17,55.959999084472656,58.119998931884766,55.209999084472656,57.70000076293945,57.70000076293945,1171000
2023-03-20,58.06999969482422,61.16999816894531,57.349998474121094,59.209999084472656,59.209999084472656,810900
2023-03-21,59.43000030517578,61.02000045776367,58.869998931884766,60.56999969482422,60.56999969482422,515100
2023-03-22,60.63999938964844,60.63999938964844,55.45000076293945,55.4900016784668,55.4900016784668,988300
2023-03-23,56.0099983215332,57.2599983215332,54.59000015258789,55.29999923706055,55.29999923706055,626900
2023-03-24,56.459999084472656,57.060001373291016,55.029998779296875,56.040000915527344,56.040000915527344,653500
2023-03-27,57.040000915527344,58.04999923706055,56.119998931884766,57.5099983215332,57.5099983215332,414400
2023-03-28,57.38999938964844,58.060001373291016,54.880001068115234,54.880001068115234,54.880001068115234,590900
2023-03-29,55.38999938964844,56.43000030517578,55.38999938964844,56.0099983215332,56.0099983215332,634700
2023-03-30,56.52000045776367,57.0099983215332,54.0099983215332,54.40999984741211,54.40999984741211,741400
2023-03-31,55.0,56.029998779296875,54.34000015258789,54.560001373291016,54.560001373291016,669600
2023-04-03,54.779998779296875,54.97999954223633,53.529998779296875,54.779998779296875,54.779998779296875,568100
2023-04-04,54.83000183105469,55.52000045776367,53.59000015258789,55.52000045776367,55.52000045776367,406300
2023-04-05,55.369998931884766,56.790000915527344,54.779998779296875,56.58000183105469,56.58000183105469,619400
2023-04-06,56.7400016784668,56.9900016784668,55.0,56.43000030517578,56.43000030517578,356200
2023-04-10,56.040000915527344,56.41999816894531,55.279998779296875,56.2599983215332,56.2599983215332,307200
2023-04-11,56.709999084472656,57.939998626708984,56.52000045776367,57.310001373291016,57.310001373291016,424200
2023-04-12,57.959999084472656,58.380001068115234,54.880001068115234,54.93000030517578,54.93000030517578,305800
2023-04-13,54.5,57.369998931884766,54.5,56.790000915527344,56.790000915527344,325200
2023-04-14,57.84000015258789,59.0,57.13999938964844,57.31999969482422,57.31999969482422,466400
2023-04-17,57.2400016784668,58.65999984741211,57.2400016784668,58.34000015258789,58.34000015258789,271800
2023-04-18,58.5,58.5,56.939998626708984,57.380001068115234,57.380001068115234,271000
2023-04-19,57.119998931884766,59.27000045776367,56.959999084472656,59.15999984741211,59.15999984741211,324500
2023-04-20,58.52000045776367,60.06999969482422,58.52000045776367,59.529998779296875,59.529998779296875,564700
2023-04-21,59.75,61.38999938964844,59.08000183105469,60.209999084472656,60.209999084472656,591500
2023-04-24,60.31999969482422,60.959999084472656,59.290000915527344,60.06999969482422,60.06999969482422,441200
2023-04-25,59.5,60.2400016784668,57.72999954223633,58.13999938964844,58.13999938964844,389400
2023-04-26,58.25,59.34000015258789,56.68000030517578,57.439998626708984,57.439998626708984,499800
2023-04-27,57.36000061035156,58.88999938964844,56.150001525878906,56.689998626708984,56.689998626708984,675000
2023-04-28,56.38999938964844,58.40999984741211,56.0099983215332,57.459999084472656,57.459999084472656,766200
2023-05-01,57.369998931884766,60.66999816894531,57.349998474121094,58.650001525878906,58.650001525878906,1105100
2023-05-02,54.34000015258789,55.650001525878906,51.29999923706055,52.7599983215332,52.7599983215332,2427200
2023-05-03,52.93000030517578,53.77000045776367,51.459999084472656,51.810001373291016,51.810001373291016,997700
2023-05-04,51.279998779296875,51.459999084472656,49.93000030517578,50.38999938964844,50.38999938964844,835500
2023-05-05,51.099998474121094,53.18000030517578,50.689998626708984,52.439998626708984,52.439998626708984,625700
2023-05-08,52.45000076293945,55.15999984741211,51.13999938964844,55.040000915527344,55.040000915527344,594500
2023-05-09,54.88999938964844,56.5,54.27000045776367,55.880001068115234,55.880001068115234,599800
2023-05-10,56.95000076293945,57.470001220703125,56.36000061035156,57.189998626708984,57.189998626708984,494200
2023-05-11,56.880001068115234,57.38999938964844,54.630001068115234,55.060001373291016,55.060001373291016,580100
2023-05-12,55.279998779296875,55.619998931884766,53.7400016784668,54.09000015258789,54.09000015258789,443800
2023-05-15,54.06999969482422,55.52000045776367,53.119998931884766,54.02000045776367,54.02000045776367,438600
2023-05-16,53.5,54.11000061035156,52.689998626708984,53.0,53.0,350300
2023-05-17,52.93000030517578,53.25,52.13999938964844,52.33000183105469,52.33000183105469,533400
2023-05-18,52.220001220703125,53.90999984741211,51.13999938964844,51.5,51.5,528600
2023-05-19,52.13999938964844,52.27000045776367,50.02000045776367,50.33000183105469,50.33000183105469,736200
2023-05-22,50.650001525878906,52.220001220703125,50.34000015258789,51.61000061035156,51.61000061035156,630000
2023-05-23,51.959999084472656,52.290000915527344,50.18000030517578,51.56999969482422,51.56999969482422,853200
2023-05-24,51.2400016784668,51.91999816894531,50.90999984741211,51.189998626708984,51.189998626708984,348600
2023-05-25,50.88999938964844,51.279998779296875,49.20000076293945,49.650001525878906,49.650001525878906,984200
2023-05-26,49.810001373291016,50.400001525878906,48.369998931884766,48.540000915527344,48.540000915527344,559000
2023-05-30,48.970001220703125,49.189998626708984,47.970001220703125,48.130001068115234,48.130001068115234,341100
2023-05-31,47.900001525878906,48.5099983215332,47.59000015258789,48.38999938964844,48.38999938964844,839000
2023-06-01,48.34000015258789,49.459999084472656,47.650001525878906,49.310001373291016,49.310001373291016,506200
2023-06-02,49.810001373291016,49.84000015258789,47.72999954223633,48.38999938964844,48.38999938964844,810500
2023-06-05,48.20000076293945,49.27000045776367,47.86000061035156,48.02000045776367,48.02000045776367,301000
2023-06-06,47.900001525878906,49.5,47.70000076293945,49.16999816894531,49.16999816894531,346200
2023-06-07,49.45000076293945,50.959999084472656,49.15999984741211,50.849998474121094,50.849998474121094,638000
2023-06-08,50.66999816894531,52.08000183105469,50.59000015258789,51.61000061035156,51.61000061035156,527900
2023-06-09,51.720001220703125,51.9900016784668,50.040000915527344,50.29999923706055,50.29999923706055,307300
2023-06-12,50.36000061035156,50.939998626708984,49.349998474121094,49.5,49.5,458000
2023-06-13,49.61000061035156,50.65999984741211,49.540000915527344,50.040000915527344,50.040000915527344,436300
2023-06-14,50.540000915527344,51.95000076293945,50.5,50.880001068115234,50.880001068115234,659500
2023-06-15,50.880001068115234,52.61000061035156,50.5,52.380001068115234,52.380001068115234,620400
2023-06-16,53.31999969482422,53.41999816894531,51.02000045776367,51.56999969482422,51.56999969482422,884900
2023-06-20,51.45000076293945,52.20000076293945,50.68000030517578,52.029998779296875,52.029998779296875,611200
2023-06-21,51.68000030517578,52.22999954223633,50.630001068115234,51.130001068115234,51.130001068115234,422300
2023-06-22,51.099998474121094,51.810001373291016,50.560001373291016,50.939998626708984,50.939998626708984,262800
2023-06-23,50.52000045776367,51.16999816894531,49.40999984741211,49.619998931884766,49.619998931884766,766400
2023-06-26,49.400001525878906,52.84000015258789,48.4900016784668,50.0,50.0,818300
2023-06-27,50.18000030517578,52.630001068115234,47.939998626708984,47.9900016784668,47.9900016784668,593300
2023-06-28,48.040000915527344,50.29999923706055,48.0,50.27000045776367,50.27000045776367,594800
2023-06-29,50.310001373291016,51.86000061035156,49.86000061035156,50.31999969482422,50.31999969482422,530400
2023-06-30,50.619998931884766,51.38999938964844,50.04999923706055,50.470001220703125,50.470001220703125,459500
2023-07-03,50.400001525878906,51.060001373291016,50.209999084472656,50.84000015258789,50.84000015258789,292000
2023-07-05,50.900001525878906,50.900001525878906,49.04999923706055,49.880001068115234,49.880001068115234,376500
2023-07-06,49.22999954223633,50.189998626708984,49.0,49.33000183105469,49.33000183105469,505000
2023-07-07,49.189998626708984,49.939998626708984,48.02000045776367,49.02000045776367,49.02000045776367,589600
2023-07-10,49.119998931884766,50.16999816894531,48.810001373291016,50.040000915527344,50.040000915527344,617300
2023-07-11,49.97999954223633,50.43000030517578,49.5099983215332,50.13999938964844,50.13999938964844,365000
2023-07-12,50.5099983215332,50.959999084472656,48.59000015258789,48.63999938964844,48.63999938964844,380400
2023-07-13,50.2400016784668,51.47999954223633,49.040000915527344,50.40999984741211,50.40999984741211,990400
2023-07-14,51.0,55.2599983215332,50.790000915527344,52.029998779296875,52.029998779296875,1160100
2023-07-17,51.75,52.31999969482422,50.790000915527344,51.040000915527344,51.040000915527344,705800
2023-07-18,51.040000915527344,51.56999969482422,50.560001373291016,50.97999954223633,50.97999954223633,387600
2023-07-19,52.06999969482422,52.43000030517578,51.2400016784668,51.459999084472656,51.459999084472656,842600
2023-07-20,51.459999084472656,51.619998931884766,50.52000045776367,50.599998474121094,50.599998474121094,463000
2023-07-21,50.77000045776367,54.41999816894531,50.7400016784668,53.939998626708984,53.939998626708984,884000
2023-07-24,53.81999969482422,54.369998931884766,52.400001525878906,54.15999984741211,54.15999984741211,1013400
2023-07-25,54.38999938964844,55.380001068115234,53.93000030517578,54.93000030517578,54.93000030517578,1001200
2023-07-26,54.7400016784668,54.91999816894531,53.650001525878906,54.29999923706055,54.29999923706055,681900
2023-07-27,54.869998931884766,55.25,52.77000045776367,53.0,53.0,1166400
2023-07-28,58.060001373291016,63.84000015258789,57.130001068115234,60.849998474121094,60.849998474121094,3480400
2023-07-31,61.220001220703125,61.2400016784668,59.11000061035156,60.369998931884766,60.369998931884766,1148100
2023-08-01,59.970001220703125,61.83000183105469,59.349998474121094,61.75,61.75,690700
2023-08-02,60.95000076293945,61.5099983215332,59.72999954223633,59.900001525878906,59.900001525878906,815900
2023-08-03,59.900001525878906,60.709999084472656,59.0099983215332,60.04999923706055,60.04999923706055,448600
2023-08-04,60.04999923706055,60.56999969482422,59.34000015258789,60.09000015258789,60.09000015258789,459500
2023-08-07,60.34000015258789,60.7400016784668,58.97999954223633,59.029998779296875,59.029998779296875,811800
2023-08-08,58.470001220703125,58.599998474121094,57.130001068115234,57.599998474121094,57.599998474121094,388300
2023-08-09,57.720001220703125,58.52000045776367,56.40999984741211,57.54999923706055,57.54999923706055,556600
2023-08-10,57.709999084472656,58.4900016784668,56.83000183105469,56.90999984741211,56.90999984741211,477300
2023-08-11,56.61000061035156,58.59000015258789,56.41999816894531,58.529998779296875,58.529998779296875,292400
2023-08-14,58.08000183105469,61.0,58.0099983215332,60.939998626708984,60.939998626708984,605400
2023-08-15,60.810001373291016,62.70000076293945,60.09000015258789,62.5099983215332,62.5099983215332,859800
2023-08-16,62.5099983215332,62.66999816894531,60.68000030517578,61.060001373291016,61.060001373291016,669500
2023-08-17,61.209999084472656,61.22999954223633,59.43000030517578,60.0,60.0,823600
2023-08-18,59.279998779296875,60.9900016784668,59.25,60.560001373291016,60.560001373291016,1091800
2023-08-21,59.63999938964844,60.52000045776367,57.31999969482422,57.959999084472656,57.959999084472656,1150000
2023-08-22,57.41999816894531,58.689998626708984,55.41999816894531,57.52000045776367,57.52000045776367,957600
2023-08-23,57.400001525878906,57.66999816894531,55.27000045776367,55.34000015258789,55.34000015258789,935900
2023-08-24,55.099998474121094,55.290000915527344,54.16999816894531,55.15999984741211,55.15999984741211,724800
2023-08-25,55.279998779296875,56.91999816894531,55.02000045776367,56.560001373291016,56.560001373291016,360200
2023-08-28,56.689998626708984,57.439998626708984,55.11000061035156,55.5,55.5,1344600
2023-08-29,55.630001068115234,56.630001068115234,55.31999969482422,56.56999969482422,56.56999969482422,395700
2023-08-30,56.56999969482422,58.290000915527344,56.34000015258789,58.060001373291016,58.060001373291016,374400
2023-08-31,58.459999084472656,58.650001525878906,56.88999938964844,57.29999923706055,57.29999923706055,421100
2023-09-01,57.66999816894531,58.369998931884766,57.459999084472656,58.0,58.0,358700
2023-09-05,57.36000061035156,57.619998931884766,56.4900016784668,56.59000015258789,56.59000015258789,417700
2023-09-06,56.939998626708984,58.689998626708984,56.029998779296875,58.189998626708984,58.189998626708984,615000
2023-09-07,57.88999938964844,57.88999938964844,55.93000030517578,56.380001068115234,56.380001068115234,343400
2023-09-08,56.29999923706055,58.38999938964844,55.90999984741211,58.130001068115234,58.130001068115234,790400
2023-09-11,58.540000915527344,61.619998931884766,58.189998626708984,61.290000915527344,61.290000915527344,852200
2023-09-12,61.18000030517578,61.84000015258789,58.849998474121094,59.380001068115234,59.380001068115234,774700
2023-09-13,59.189998626708984,61.18000030517578,59.0,60.400001525878906,60.400001525878906,513100
2023-09-14,60.63999938964844,60.93000030517578,58.790000915527344,58.970001220703125,58.970001220703125,571000
2023-09-15,58.970001220703125,60.029998779296875,57.720001220703125,59.13999938964844,59.13999938964844,874900
2023-09-18,58.849998474121094,59.880001068115234,58.290000915527344,58.5099983215332,58.5099983215332,425300
2023-09-19,58.630001068115234,59.0099983215332,57.72999954223633,58.31999969482422,58.31999969482422,621100
2023-09-20,58.779998779296875,59.599998474121094,58.369998931884766,58.75,58.75,593000
2023-09-21,58.20000076293945,58.47999954223633,55.40999984741211,55.41999816894531,55.41999816894531,476400
2023-09-22,55.4900016784668,56.25,54.15999984741211,54.900001525878906,54.900001525878906,431000
2023-09-25,54.72999954223633,57.400001525878906,54.029998779296875,55.400001525878906,55.400001525878906,406100
2023-09-26,55.02000045776367,59.95000076293945,54.7599983215332,55.18000030517578,55.18000030517578,463600
2023-09-27,55.27000045776367,56.150001525878906,55.040000915527344,55.84000015258789,55.84000015258789,308700
2023-09-28,55.939998626708984,57.40999984741211,55.47999954223633,57.0,57.0,420500
2023-09-29,57.630001068115234,58.45000076293945,55.970001220703125,56.119998931884766,56.119998931884766,397300
2023-10-02,55.849998474121094,57.47999954223633,55.16999816894531,57.310001373291016,57.310001373291016,358300
2023-10-03,56.84000015258789,57.22999954223633,55.0,55.279998779296875,55.279998779296875,467100
2023-10-04,55.31999969482422,55.95000076293945,54.0099983215332,55.709999084472656,55.709999084472656,452300
2023-10-05,56.04999923706055,57.52000045776367,55.0099983215332,56.279998779296875,56.279998779296875,744600
2023-10-06,56.16999816894531,58.36000061035156,55.97999954223633,58.220001220703125,58.220001220703125,526300
2023-10-09,57.84000015258789,59.15999984741211,57.04999923706055,58.15999984741211,58.15999984741211,382700
2023-10-10,58.209999084472656,59.810001373291016,58.209999084472656,59.13999938964844,59.13999938964844,537600
2023-10-11,59.41999816894531,59.41999816894531,52.209999084472656,55.54999923706055,55.54999923706055,993600
2023-10-12,55.86000061035156,57.16999816894531,51.02000045776367,51.279998779296875,51.279998779296875,769600
2023-10-13,50.86000061035156,53.08000183105469,50.459999084472656,53.0,53.0,764500
2023-10-16,54.22999954223633,55.95000076293945,53.439998626708984,54.43000030517578,54.43000030517578,566300
2023-10-17,54.11000061035156,55.88999938964844,53.86000061035156,53.91999816894531,53.91999816894531,556400
2023-10-18,53.5,55.47999954223633,53.25,53.9900016784668,53.9900016784668,616500
2023-10-19,54.0,54.029998779296875,51.880001068115234,52.11000061035156,52.11000061035156,472100
2023-10-20,52.09000015258789,53.40999984741211,51.5,52.630001068115234,52.630001068115234,581800
2023-10-23,52.40999984741211,52.97999954223633,51.45000076293945,52.810001373291016,52.810001373291016,577100
2023-10-24,52.880001068115234,53.720001220703125,51.84000015258789,52.72999954223633,52.72999954223633,421700
2023-10-25,52.11000061035156,52.15999984741211,50.540000915527344,50.83000183105469,50.83000183105469,714100
2023-10-26,50.38999938964844,51.09000015258789,48.93000030517578,49.70000076293945,49.70000076293945,795400
2023-10-27,50.22999954223633,50.869998931884766,49.130001068115234,49.380001068115234,49.380001068115234,584900
2023-10-30,50.2599983215332,50.86000061035156,48.29999923706055,49.5,49.5,862700
2023-10-31,51.02000045776367,51.9900016784668,48.9900016784668,51.209999084472656,51.209999084472656,1112300
2023-11-01,51.31999969482422,52.4900016784668,49.7599983215332,51.77000045776367,51.77000045776367,584800
2023-11-02,52.45000076293945,53.09000015258789,51.36000061035156,52.84000015258789,52.84000015258789,1213100
2023-11-03,53.9900016784668,54.720001220703125,53.08000183105469,54.34000015258789,54.34000015258789,632800
2023-11-06,54.439998626708984,54.70000076293945,53.189998626708984,53.470001220703125,53.470001220703125,552200
2023-11-07,53.279998779296875,53.91999816894531,52.709999084472656,53.459999084472656,53.459999084472656,626500
2023-11-08,53.630001068115234,53.77000045776367,51.7400016784668,52.939998626708984,52.939998626708984,452200
2023-11-09,53.5,53.5,51.060001373291016,51.119998931884766,51.119998931884766,395400
2023-11-10,51.13999938964844,51.45000076293945,49.70000076293945,50.40999984741211,50.40999984741211,448100
2023-11-13,51.13999938964844,53.72999954223633,50.54999923706055,52.560001373291016,52.560001373291016,339900
2023-11-14,54.130001068115234,56.83000183105469,54.0,56.65999984741211,56.65999984741211,576000
2023-11-15,56.5099983215332,60.34000015258789,56.08000183105469,57.220001220703125,57.220001220703125,777000
2023-11-16,56.790000915527344,57.560001373291016,56.209999084472656,57.02000045776367,57.02000045776367,307300
2023-11-17,57.54999923706055,58.22999954223633,56.029998779296875,56.290000915527344,56.290000915527344,328800
2023-11-20,56.2599983215332,58.16999816894531,56.2599983215332,57.650001525878906,57.650001525878906,470000
2023-11-21,57.90999984741211,58.0099983215332,55.970001220703125,56.619998931884766,56.619998931884766,333300
2023-11-22,57.439998626708984,58.470001220703125,56.959999084472656,57.83000183105469,57.83000183105469,314000
2023-11-24,57.75,58.560001373291016,55.900001525878906,56.83000183105469,56.83000183105469,172000
2023-11-27,56.29999923706055,57.689998626708984,56.27000045776367,57.630001068115234,57.630001068115234,311200
2023-11-28,57.61000061035156,57.97999954223633,56.52000045776367,56.689998626708984,56.689998626708984,486900
2023-11-29,57.189998626708984,58.61000061035156,56.7599983215332,57.0099983215332,57.0099983215332,364600
2023-11-30,56.91999816894531,58.16999816894531,55.54999923706055,55.9900016784668,55.9900016784668,910800
2023-12-01,55.79999923706055,58.060001373291016,55.61000061035156,57.5,57.5,642800
2023-12-04,57.34000015258789,58.43000030517578,56.90999984741211,58.060001373291016,58.060001373291016,398100
2023-12-05,57.43000030517578,58.79999923706055,56.84000015258789,57.209999084472656,57.209999084472656,346200
2023-12-06,57.900001525878906,58.970001220703125,57.310001373291016,57.349998474121094,57.349998474121094,267000
2023-12-07,57.209999084472656,58.599998474121094,56.97999954223633,57.880001068115234,57.880001068115234,414300
2023-12-08,57.630001068115234,58.310001373291016,56.58000183105469,56.81999969482422,56.81999969482422,566500
2023-12-11,56.75,57.54999923706055,56.34000015258789,56.59000015258789,56.59000015258789,477800
2023-12-12,56.72999954223633,56.90999984741211,55.47999954223633,56.189998626708984,56.189998626708984,498200
2023-12-13,56.130001068115234,58.099998474121094,55.689998626708984,58.060001373291016,58.060001373291016,486800
2023-12-14,59.31999969482422,61.459999084472656,59.0099983215332,59.52000045776367,59.52000045776367,777300
2023-12-15,59.90999984741211,60.779998779296875,58.11000061035156,58.279998779296875,58.279998779296875,779700
2023-12-18,58.310001373291016,59.68000030517578,57.439998626708984,58.65999984741211,58.65999984741211,417100
2023-12-19,59.36000061035156,61.63999938964844,58.959999084472656,60.220001220703125,60.220001220703125,715700
2023-12-20,59.93000030517578,60.290000915527344,58.31999969482422,58.689998626708984,58.689998626708984,352800
2023-12-21,59.86000061035156,60.59000015258789,59.310001373291016,60.11000061035156,60.11000061035156,264900
2023-12-22,60.779998779296875,62.650001525878906,59.75,62.560001373291016,62.560001373291016,516400
2023-12-26,62.599998474121094,63.0,61.63999938964844,62.16999816894531,62.16999816894531,240300
2023-12-27,61.970001220703125,62.97999954223633,61.630001068115234,62.93000030517578,62.93000030517578,320700
2023-12-28,63.0,64.76000213623047,62.58000183105469,63.75,63.75,478700
2023-12-29,63.45000076293945,63.599998474121094,62.060001373291016,62.22999954223633,62.22999954223633,319700
2024-01-02,61.619998931884766,62.849998474121094,59.65999984741211,59.709999084472656,59.709999084472656,434200
2024-01-03,59.54999923706055,59.54999923706055,56.40999984741211,56.66999816894531,56.66999816894531,714000
2024-01-04,56.91999816894531,58.2599983215332,56.529998779296875,58.060001373291016,58.060001373291016,450900
2024-01-05,57.33000183105469,58.2400016784668,55.09000015258789,57.56999969482422,57.56999969482422,1013100
2024-01-08,68.95999908447266,69.68000030517578,68.37999725341797,69.36000061035156,69.36000061035156,14477900
2024-01-09,68.91999816894531,69.08000183105469,68.69000244140625,69.05000305175781,69.05000305175781,3982200
2024-01-10,69.02999877929688,69.1500015258789,68.83000183105469,68.8499984741211,68.8499984741211,4313400
2024-01-11,68.9000015258789,68.98999786376953,68.61000061035156,68.72000122070312,68.72000122070312,2539800
2024-01-12,68.79000091552734,68.83000183105469,68.0999984741211,68.72000122070312,68.72000122070312,3865600
2024-01-16,68.5999984741211,68.69000244140625,68.30000305175781,68.33999633789062,68.33999633789062,2042400
2024-01-17,68.25,68.5,68.16999816894531,68.36000061035156,68.36000061035156,1205700
2024-01-18,68.44999694824219,68.6500015258789,68.0999984741211,68.33000183105469,68.33000183105469,1995000
2024-01-19,68.54000091552734,68.54000091552734,67.83000183105469,67.98999786376953,67.98999786376953,2178100
2024-01-22,68.16999816894531,68.41000366210938,67.75,67.9800033569336,67.9800033569336,1434500
2024-01-23,68.0,68.19000244140625,67.51000213623047,68.04000091552734,68.04000091552734,1681400
2024-01-24,68.30999755859375,68.41999816894531,67.98999786376953,68.05999755859375,68.05999755859375,1048800
2024-01-25,68.3499984741211,68.47000122070312,67.69999694824219,68.25,68.25,1692900
2024-01-26,68.27999877929688,68.30999755859375,67.76000213623047,68.01000213623047,68.01000213623047,902900
2024-01-29,67.93000030517578,68.25,67.81999969482422,68.22000122070312,68.22000122070312,579700
2024-01-30,68.04000091552734,68.08000183105469,67.72000122070312,68.0,68.0,892900
2024-01-31,68.5,68.5,67.52999877929688,67.87999725341797,67.87999725341797,1532200
2024-02-01,68.01000213623047,68.19999694824219,67.66000366210938,67.69999694824219,67.69999694824219,1029700
2024-02-02,67.75,67.83000183105469,67.45999908447266,67.6500015258789,67.6500015258789,698900
2024-02-05,67.5199966430664,68.13999938964844,67.4000015258789,68.0,68.0,784600
2024-02-06,67.83999633789062,68.33000183105469,67.80000305175781,68.08999633789062,68.08999633789062,697600
2024-02-07,68.19999694824219,68.19999694824219,67.69999694824219,67.80000305175781,67.80000305175781,1076000
2024-02-08,67.77999877929688,67.97000122070312,67.62999725341797,67.94999694824219,67.94999694824219,784900
2024-02-09,67.9000015258789,68.02999877929688,67.6500015258789,67.94999694824219,67.94999694824219,1010100
2024-02-12,67.9000015258789,68.05000305175781,67.72000122070312,67.8499984741211,67.8499984741211,1175200
2024-02-13,67.75,68.0,67.62000274658203,67.8499984741211,67.8499984741211,781200
2024-02-14,67.94999694824219,67.94999694824219,67.73999786376953,67.80000305175781,67.80000305175781,621800
2024-02-15,67.81999969482422,68.04000091552734,67.76000213623047,67.9000015258789,67.9000015258789,633100
2024-02-16,67.94000244140625,68.05000305175781,67.69999694824219,67.76000213623047,67.76000213623047,776900
2024-02-20,67.83000183105469,68.0,67.80000305175781,67.95999908447266,67.95999908447266,515800
2024-02-21,67.94999694824219,68.01000213623047,67.76000213623047,67.87999725341797,67.87999725341797,529500
2024-02-22,67.86000061035156,68.1500015258789,67.80000305175781,68.12999725341797,68.12999725341797,761700
2024-02-23,68.12999725341797,68.5199966430664,68.0,68.38999938964844,68.38999938964844,675200
2024-02-26,68.20999908447266,68.66000366210938,68.19000244140625,68.62999725341797,68.62999725341797,404300
2024-02-27,68.62999725341797,68.68000030517578,68.27999877929688,68.30999755859375,68.30999755859375,376000
2024-02-28,68.23999786376953,68.45999908447266,68.13999938964844,68.45999908447266,68.45999908447266,558000
2024-02-29,68.30000305175781,68.30000305175781,66.68000030517578,67.94000244140625,67.94000244140625,3217600
2024-03-01,68.06999969482422,68.06999969482422,67.13999938964844,67.7300033569336,67.7300033569336,1109300
2024-03-04,67.5999984741211,67.79000091552734,67.41000366210938,67.58999633789062,67.58999633789062,553700
2024-03-05,67.54000091552734,67.7300033569336,67.05000305175781,67.37999725341797,67.37999725341797,1205300
2024-03-06,67.5,67.98999786376953,67.3499984741211,67.55000305175781,67.55000305175781,917800
2024-03-07,67.43000030517578,67.69000244140625,67.1500015258789,67.44000244140625,67.44000244140625,499500
2024-03-08,67.41000366210938,67.79000091552734,67.41000366210938,67.62999725341797,67.62999725341797,763600
2024-03-11,67.62999725341797,67.72000122070312,67.5,67.51000213623047,67.51000213623047,429900
2024-03-12,67.5199966430664,67.75,67.4000015258789,67.6500015258789,67.6500015258789,389100
2024-03-13,67.6500015258789,67.9000015258789,67.62999725341797,67.83999633789062,67.83999633789062,462800
2024-03-14,67.80000305175781,68.04000091552734,67.80000305175781,67.8499984741211,67.8499984741211,381500
2024-03-15,67.6500015258789,67.9000015258789,67.6500015258789,67.80999755859375,67.80999755859375,473100
2024-03-18,67.75,68.29000091552734,67.75,68.25,68.25,731800
2024-03-19,68.25,69.06999969482422,68.19999694824219,68.69999694824219,68.69999694824219,1217500
2024-03-20,68.62999725341797,68.94000244140625,68.55000305175781,68.75,68.75,728400
2024-03-21,68.88999938964844,68.94999694824219,68.19999694824219,68.2699966430664,68.2699966430664,1462600
2024-03-22,68.5,68.66999816894531,68.2300033569336,68.26000213623047,68.26000213623047,1025400
2024-03-25,68.43000030517578,68.81999969482422,68.30999755859375,68.7300033569336,68.7300033569336,492700
2024-03-26,68.75,69.02999877929688,68.75,68.95999908447266,68.95999908447266,1678700
2024-03-27,68.9000015258789,69.05000305175781,68.75,68.9000015258789,68.9000015258789,1149500
2024-03-28,68.9000015258789,69.0,68.87999725341797,68.97000122070312,68.97000122070312,744000
2024-04-01,69.0,69.33000183105469,68.91999816894531,69.20999908447266,69.20999908447266,493900
2024-04-02,69.0999984741211,69.25,68.8499984741211,68.91999816894531,68.91999816894531,1713700
2024-04-03,69.01000213623047,69.66999816894531,69.01000213623047,69.6500015258789,69.6500015258789,1536500
2024-04-04,67.58000183105469,67.95999908447266,67.58000183105469,67.73999786376953,67.73999786376953,2921300
2024-04-05,67.9000015258789,68.19000244140625,67.75,67.8499984741211,67.8499984741211,1537900
2024-04-08,67.70999908447266,67.98999786376953,67.70999908447266,67.72000122070312,67.72000122070312,543000
2024-04-09,67.75,67.9000015258789,67.70999908447266,67.75,67.75,671200
2024-04-10,67.66999816894531,67.81999969482422,67.61000061035156,67.69999694824219,67.69999694824219,1266200
2024-04-11,67.69000244140625,67.75,67.66000366210938,67.72000122070312,67.72000122070312,448400
2024-04-12,67.75,67.77999877929688,67.5199966430664,67.5999984741211,67.5999984741211,907000
2024-04-15,67.6500015258789,67.6500015258789,67.25,67.33000183105469,67.33000183105469,1528500
2024-04-16,67.3499984741211,67.52999877929688,67.20999908447266,67.33999633789062,67.33999633789062,524800
2024-04-17,67.33000183105469,67.48999786376953,67.1500015258789,67.19999694824219,67.19999694824219,608300
2024-04-18,67.33999633789062,67.33999633789062,66.97000122070312,67.05000305175781,67.05000305175781,507600
2024-04-19,67.05000305175781,67.12999725341797,66.8499984741211,66.94999694824219,66.94999694824219,594100
2024-04-22,67.0,67.05000305175781,66.76000213623047,66.83999633789062,66.83999633789062,670200
2024-04-23,66.75,66.76000213623047,66.41999816894531,66.47000122070312,66.47000122070312,1069700
2024-04-24,66.5,66.80000305175781,66.5,66.63999938964844,66.63999938964844,396100
2024-04-25,66.6500015258789,66.7699966430664,66.45999908447266,66.54000091552734,66.54000091552734,484300
2024-04-26,66.75,66.87999725341797,66.5,66.69000244140625,66.69000244140625,318400
2024-04-29,66.75,67.45999908447266,66.62000274658203,66.93000030517578,66.93000030517578,656200
2024-04-30,66.76000213623047,67.05000305175781,66.52999877929688,66.56999969482422,66.56999969482422,645800
2024-05-01,66.31999969482422,67.0999984741211,66.31999969482422,66.87000274658203,66.87000274658203,741200
2024-05-02,66.75,67.26000213623047,66.75,67.11000061035156,67.11000061035156,502700
2024-05-03,67.37999725341797,67.38999938964844,66.80999755859375,67.27999877929688,67.27999877929688,398200
2024-05-06,67.23999786376953,67.7699966430664,67.06999969482422,67.58999633789062,67.58999633789062,195800
2024-05-07,67.48999786376953,67.91000366210938,67.27999877929688,67.37999725341797,67.37999725341797,293500
2024-05-08,67.12999725341797,67.44999694824219,67.08000183105469,67.31999969482422,67.31999969482422,511200
2024-05-09,67.4000015258789,67.44000244140625,67.19000244140625,67.4000015258789,67.4000015258789,224000
2024-05-10,67.44999694824219,67.58999633789062,67.22000122070312,67.43000030517578,67.43000030517578,233000
2024-05-13,67.5,67.6500015258789,67.19999694824219,67.33000183105469,67.33000183105469,319000
2024-05-14,67.80000305175781,67.80000305175781,67.1500015258789,67.44999694824219,67.44999694824219,403400
2024-05-15,67.75,67.75,67.4000015258789,67.69000244140625,67.69000244140625,229700
2024-05-16,67.66999816894531,67.72000122070312,67.55999755859375,67.66999816894531,67.66999816894531,336600
2024-05-17,67.76000213623047,67.76000213623047,67.33999633789062,67.55000305175781,67.55000305175781,236700
2024-05-20,67.69000244140625,67.69000244140625,67.30000305175781,67.54000091552734,67.54000091552734,163800
2024-05-21,67.54000091552734,67.69000244140625,67.5199966430664,67.58999633789062,67.58999633789062,253800
2024-05-22,67.69999694824219,67.72000122070312,67.5,67.62999725341797,67.62999725341797,505100
2024-05-23,67.55000305175781,67.62999725341797,66.97000122070312,67.33000183105469,67.33000183105469,559400
2024-05-24,67.5,67.5,67.12000274658203,67.22000122070312,67.22000122070312,291200
2024-05-28,67.16999816894531,67.2300033569336,66.97000122070312,67.12999725341797,67.12999725341797,299900
2024-05-29,67.0999984741211,67.33999633789062,66.86000061035156,67.01000213623047,67.01000213623047,386900
2024-05-30,67.01000213623047,67.18000030517578,66.91999816894531,67.12999725341797,67.12999725341797,322200
2024-05-31,67.1500015258789,67.30000305175781,66.75,67.08999633789062,67.08999633789062,360500
2024-06-03,67.19000244140625,67.19000244140625,66.58999633789062,66.80000305175781,66.80000305175781,486200
2024-06-04,66.80000305175781,67.08000183105469,66.75,66.86000061035156,66.86000061035156,329900
2024-06-05,67.08000183105469,67.30999755859375,66.80999755859375,67.18000030517578,67.18000030517578,156500
2024-06-06,66.97000122070312,67.37999725341797,66.97000122070312,67.12999725341797,67.12999725341797,123700
2024-06-07,67.13999938964844,67.88999938964844,66.94999694824219,67.08000183105469,67.08000183105469,380300
2024-06-10,67.12999725341797,67.2699966430664,66.70999908447266,67.04000091552734,67.04000091552734,432300
2024-06-11,67.0,67.12000274658203,66.5999984741211,67.0,67.0,461400
2024-06-12,67.19999694824219,67.29000091552734,66.86000061035156,67.0,67.0,297800
2024-06-13,66.9000015258789,67.44000244140625,66.68000030517578,67.33999633789062,67.33999633789062,301000
2024-06-14,67.01000213623047,67.44000244140625,66.97000122070312,67.19999694824219,67.19999694824219,235400
2024-06-17,67.12000274658203,67.38999938964844,66.97000122070312,67.27999877929688,67.27999877929688,320000
2024-06-18,67.16999816894531,67.80000305175781,67.16999816894531,67.51000213623047,67.51000213623047,429300
2024-06-20,67.41000366210938,67.7699966430664,67.27999877929688,67.31999969482422,67.31999969482422,357700
2024-06-21,67.45999908447266,67.73999786376953,67.36000061035156,67.56999969482422,67.56999969482422,390200
2024-06-24,67.69999694824219,67.79000091552734,67.54000091552734,67.72000122070312,67.72000122070312,232100
2024-06-25,67.7300033569336,68.0,67.58000183105469,67.80000305175781,67.80000305175781,321900
2024-06-26,67.69000244140625,67.83999633789062,67.1500015258789,67.36000061035156,67.36000061035156,629600
2024-06-27,67.58999633789062,67.58999633789062,67.01000213623047,67.4000015258789,67.4000015258789,434100
2024-06-28,67.55000305175781,67.55000305175781,67.12999725341797,67.2300033569336,67.2300033569336,826000
2024-07-01,67.25,67.4000015258789,67.19999694824219,67.30000305175781,67.30000305175781,337300
2024-07-02,67.29000091552734,67.52999877929688,67.20999908447266,67.44999694824219,67.44999694824219,306500
2024-07-03,67.5,67.58000183105469,67.19999694824219,67.5199966430664,67.5199966430664,78900
2024-07-05,67.30000305175781,67.56999969482422,67.22000122070312,67.52999877929688,67.52999877929688,123500
2024-07-08,67.4800033569336,67.55000305175781,67.30000305175781,67.37000274658203,67.37000274658203,172700
2024-07-09,67.44999694824219,67.5,67.2699966430664,67.48999786376953,67.48999786376953,271300
2024-07-10,67.5,67.72000122070312,67.37999725341797,67.72000122070312,67.72000122070312,236900
2024-07-11,67.69999694824219,68.0199966430664,67.48999786376953,67.93000030517578,67.93000030517578,568900
2024-07-12,67.9000015258789,67.97000122070312,67.73999786376953,67.80000305175781,67.80000305175781,352500
2024-07-15,67.93000030517578,68.0,67.80999755859375,67.8499984741211,67.8499984741211,193000
2024-07-16,68.0,68.0,67.77999877929688,67.97000122070312,67.97000122070312,338700
2024-07-17,67.91000366210938,68.19000244140625,67.91000366210938,68.0,68.0,230500
2024-07-18,68.0,68.08999633789062,67.79000091552734,68.0,68.0,289600
2024-07-19,68.16999816894531,68.27999877929688,67.5999984741211,67.72000122070312,67.72000122070312,494900
2024-07-22,67.80000305175781,68.04000091552734,67.7300033569336,67.97000122070312,67.97000122070312,441300
2024-07-23,67.8499984741211,68.16999816894531,67.77999877929688,68.13999938964844,68.13999938964844,370500
2024-07-24,68.12999725341797,68.16999816894531,67.97000122070312,68.01000213623047,68.01000213623047,389700
2024-07-25,68.0,68.3499984741211,67.9000015258789,68.19000244140625,68.19000244140625,340300
2024-07-26,68.5,68.55999755859375,68.25,68.48999786376953,68.48999786376953,499300
2024-07-29,68.41999816894531,68.66000366210938,68.31999969482422,68.52999877929688,68.52999877929688,258000
2024-07-30,68.68000030517578,68.69999694824219,68.23999786376953,68.44000244140625,68.44000244140625,339200
2024-07-31,68.2300033569336,68.6500015258789,68.2300033569336,68.4800033569336,68.4800033569336,438300
2024-08-01,68.58999633789062,68.69000244140625,68.2300033569336,68.44000244140625,68.44000244140625,382700
2024-08-02,68.4000015258789,68.8499984741211,68.30000305175781,68.48999786376953,68.48999786376953,825500
2024-08-05,68.25,68.73999786376953,68.05000305175781,68.62000274658203,68.62000274658203,612300
2024-08-06,68.54000091552734,68.80000305175781,68.41999816894531,68.70999908447266,68.70999908447266,396300
2024-08-07,68.93000030517578,69.13999938964844,68.44999694824219,68.44999694824219,68.44999694824219,310900
2024-08-08,68.69999694824219,68.7699966430664,68.45999908447266,68.54000091552734,68.54000091552734,303200
2024-08-09,68.55000305175781,68.80000305175781,68.44999694824219,68.51000213623047,68.51000213623047,243900
2024-08-12,68.55000305175781,68.62000274658203,68.5199966430664,68.56999969482422,68.56999969482422,256400
2024-08-13,68.55000305175781,68.77999877929688,68.52999877929688,68.75,68.75,196800
2024-08-14,68.75,68.75,68.58000183105469,68.62999725341797,68.62999725341797,199900
2024-08-15,68.6500015258789,68.9800033569336,68.5999984741211,68.83999633789062,68.83999633789062,202600
2024-08-16,68.80000305175781,68.87999725341797,68.76000213623047,68.83000183105469,68.83000183105469,221200
2024-08-19,68.97000122070312,69.1500015258789,68.80000305175781,68.9800033569336,68.9800033569336,162900
2024-08-20,68.9000015258789,69.30000305175781,68.9000015258789,68.95999908447266,68.95999908447266,427800
2024-08-21,69.19000244140625,69.19000244140625,68.9000015258789,69.0999984741211,69.0999984741211,218100
2024-08-22,69.1500015258789,69.1500015258789,68.93000030517578,68.93000030517578,68.93000030517578,235200
2024-08-23,69.0999984741211,69.0999984741211,68.80000305175781,68.94999694824219,68.94999694824219,226200
2024-08-26,69.0999984741211,69.0999984741211,68.69000244140625,68.75,68.75,212300
2024-08-27,68.93000030517578,69.1500015258789,68.5999984741211,69.0999984741211,69.0999984741211,178900
2024-08-28,69.05000305175781,69.16999816894531,68.91999816894531,69.0999984741211,69.0999984741211,205300
2024-08-29,69.0999984741211,69.20999908447266,68.9000015258789,69.0999984741211,69.0999984741211,268900
2024-08-30,69.20999908447266,69.22000122070312,69.08999633789062,69.16999816894531,69.16999816894531,282800
