Date,Open,High,Low,Close,Adj Close,Volume
2021-04-05,10.0,10.0,9.829999923706055,9.829999923706055,9.829999923706055,2000
2021-04-06,9.5600004196167,9.720000267028809,9.5600004196167,9.710000038146973,9.710000038146973,1600
2021-04-07,9.670000076293945,9.720000267028809,9.569999694824219,9.619999885559082,9.619999885559082,38800
2021-04-08,9.619999885559082,9.619999885559082,9.619999885559082,9.619999885559082,9.619999885559082,100
2021-04-09,9.619999885559082,9.619999885559082,9.619999885559082,9.619999885559082,9.619999885559082,0
2021-04-12,9.710000038146973,9.710000038146973,9.699999809265137,9.699999809265137,9.699999809265137,6700
2021-04-13,9.699999809265137,9.699999809265137,9.699999809265137,9.699999809265137,9.699999809265137,0
2021-04-14,9.760000228881836,9.84000015258789,9.739999771118164,9.800000190734863,9.800000190734863,278800
2021-04-15,9.75100040435791,9.829999923706055,9.75,9.770000457763672,9.770000457763672,627200
2021-04-16,9.75,9.779999732971191,9.75,9.779999732971191,9.779999732971191,64700
2021-04-19,9.75,9.84000015258789,9.699999809265137,9.789999961853027,9.789999961853027,63700
2021-04-20,9.850000381469727,9.850000381469727,9.729999542236328,9.789999961853027,9.789999961853027,51800
2021-04-21,9.819999694824219,9.819999694824219,9.736000061035156,9.770000457763672,9.770000457763672,51500
2021-04-22,9.800000190734863,9.8100004196167,9.75,9.770000457763672,9.770000457763672,89900
2021-04-23,9.729999542236328,9.770000457763672,9.729999542236328,9.770000457763672,9.770000457763672,8800
2021-04-26,9.729999542236328,9.748000144958496,9.710000038146973,9.720000267028809,9.720000267028809,5600
2021-04-27,9.729999542236328,9.739999771118164,9.710000038146973,9.729999542236328,9.729999542236328,4200
2021-04-28,9.739999771118164,9.739999771118164,9.680000305175781,9.729999542236328,9.729999542236328,55300
2021-04-29,9.729999542236328,9.734000205993652,9.699999809265137,9.729999542236328,9.729999542236328,89000
2021-04-30,9.729999542236328,9.729999542236328,9.699999809265137,9.710000038146973,9.710000038146973,3500
2021-05-03,9.729999542236328,9.729999542236328,9.710000038146973,9.729999542236328,9.729999542236328,1900
2021-05-04,9.729999542236328,9.729999542236328,9.65999984741211,9.710000038146973,9.710000038146973,14500
2021-05-05,9.680000305175781,9.6899995803833,9.65999984741211,9.670000076293945,9.670000076293945,23100
2021-05-06,9.699999809265137,9.699999809265137,9.65999984741211,9.699999809265137,9.699999809265137,27300
2021-05-07,9.699999809265137,9.720000267028809,9.670000076293945,9.680000305175781,9.680000305175781,27300
2021-05-10,9.670000076293945,9.720000267028809,9.65999984741211,9.710000038146973,9.710000038146973,15900
2021-05-11,9.670000076293945,9.6899995803833,9.609999656677246,9.680000305175781,9.680000305175781,28600
2021-05-12,9.699999809265137,9.699999809265137,9.670000076293945,9.699999809265137,9.699999809265137,80500
2021-05-13,9.710000038146973,9.710000038146973,9.645000457763672,9.65999984741211,9.65999984741211,14200
2021-05-14,9.699999809265137,9.699999809265137,9.640000343322754,9.65999984741211,9.65999984741211,37200
2021-05-17,9.699999809265137,9.699999809265137,9.65999984741211,9.699999809265137,9.699999809265137,7300
2021-05-18,9.720000267028809,9.720000267028809,9.65999984741211,9.670000076293945,9.670000076293945,7200
2021-05-19,9.720000267028809,9.720000267028809,9.609999656677246,9.619999885559082,9.619999885559082,42700
2021-05-20,9.619999885559082,9.65999984741211,9.619999885559082,9.649999618530273,9.649999618530273,39000
2021-05-21,9.720000267028809,9.720000267028809,9.640000343322754,9.649999618530273,9.649999618530273,14600
2021-05-24,9.649999618530273,9.649999618530273,9.619999885559082,9.640000343322754,9.640000343322754,59600
2021-05-25,9.699999809265137,9.720000267028809,9.670000076293945,9.710000038146973,9.710000038146973,199600
2021-05-26,9.710000038146973,9.729999542236328,9.699999809265137,9.720000267028809,9.720000267028809,43400
2021-05-27,9.720000267028809,9.720000267028809,9.699999809265137,9.710000038146973,9.710000038146973,5800
2021-05-28,9.710000038146973,9.710000038146973,9.649999618530273,9.680000305175781,9.680000305175781,210300
2021-06-01,9.710000038146973,9.710000038146973,9.65999984741211,9.680000305175781,9.680000305175781,50200
2021-06-02,9.694999694824219,9.720000267028809,9.65999984741211,9.720000267028809,9.720000267028809,28400
2021-06-03,9.6899995803833,9.720000267028809,9.680000305175781,9.710000038146973,9.710000038146973,42500
2021-06-04,9.699999809265137,9.892000198364258,9.687999725341797,9.8100004196167,9.8100004196167,3076100
2021-06-07,9.819999694824219,9.859999656677246,9.789999961853027,9.819999694824219,9.819999694824219,2999000
2021-06-08,9.829999923706055,9.859999656677246,9.8100004196167,9.819999694824219,9.819999694824219,1412000
2021-06-09,9.829999923706055,9.850000381469727,9.819999694824219,9.829999923706055,9.829999923706055,277900
2021-06-10,9.84000015258789,9.850000381469727,9.819999694824219,9.84000015258789,9.84000015258789,355600
2021-06-11,9.850000381469727,9.859999656677246,9.819999694824219,9.829999923706055,9.829999923706055,394900
2021-06-14,9.850000381469727,9.859999656677246,9.8100004196167,9.84000015258789,9.84000015258789,731900
2021-06-15,9.84000015258789,9.843000411987305,9.8100004196167,9.829999923706055,9.829999923706055,383400
2021-06-16,9.84000015258789,9.850000381469727,9.819999694824219,9.819999694824219,9.819999694824219,156200
2021-06-17,9.829999923706055,9.84000015258789,9.819999694824219,9.829999923706055,9.829999923706055,201500
2021-06-18,9.84000015258789,9.859999656677246,9.8100004196167,9.84000015258789,9.84000015258789,388400
2021-06-21,9.859999656677246,9.859999656677246,9.8149995803833,9.819999694824219,9.819999694824219,206700
2021-06-22,9.819999694824219,9.854999542236328,9.819999694824219,9.850000381469727,9.850000381469727,31700
2021-06-23,9.84000015258789,9.859999656677246,9.829999923706055,9.859999656677246,9.859999656677246,52400
2021-06-24,9.859999656677246,9.869999885559082,9.84000015258789,9.84000015258789,9.84000015258789,78100
2021-06-25,9.859999656677246,9.859999656677246,9.84000015258789,9.850000381469727,9.850000381469727,67500
2021-06-28,9.859999656677246,9.869000434875488,9.84000015258789,9.850000381469727,9.850000381469727,493800
2021-06-29,9.869999885559082,9.869999885559082,9.850000381469727,9.850000381469727,9.850000381469727,45100
2021-06-30,9.859999656677246,9.859999656677246,9.850000381469727,9.850000381469727,9.850000381469727,48200
2021-07-01,9.850000381469727,9.85200023651123,9.819999694824219,9.829999923706055,9.829999923706055,192100
2021-07-02,9.829999923706055,9.84000015258789,9.829999923706055,9.829999923706055,9.829999923706055,31900
2021-07-06,9.819999694824219,9.84000015258789,9.819999694824219,9.84000015258789,9.84000015258789,103200
2021-07-07,9.833999633789062,9.850000381469727,9.829999923706055,9.829999923706055,9.829999923706055,342200
2021-07-08,9.829999923706055,9.84000015258789,9.819999694824219,9.829999923706055,9.829999923706055,134800
2021-07-09,9.84000015258789,9.84000015258789,9.819999694824219,9.819999694824219,9.819999694824219,17800
2021-07-12,9.819999694824219,9.829999923706055,9.819999694824219,9.819999694824219,9.819999694824219,74300
2021-07-13,9.829999923706055,9.829999923706055,9.819999694824219,9.819999694824219,9.819999694824219,4700
2021-07-14,9.829999923706055,9.829999923706055,9.819999694824219,9.819999694824219,9.819999694824219,60400
2021-07-15,9.819999694824219,9.829999923706055,9.819999694824219,9.819999694824219,9.819999694824219,59000
2021-07-16,9.819999694824219,9.850000381469727,9.819999694824219,9.850000381469727,9.850000381469727,39400
2021-07-19,9.819999694824219,9.84000015258789,9.8100004196167,9.829999923706055,9.829999923706055,167300
2021-07-20,9.821999549865723,9.84000015258789,9.8100004196167,9.819999694824219,9.819999694824219,85000
2021-07-21,9.819999694824219,9.829999923706055,9.819999694824219,9.824999809265137,9.824999809265137,40800
2021-07-22,9.819999694824219,9.829999923706055,9.819999694824219,9.819999694824219,9.819999694824219,27900
2021-07-23,9.819999694824219,9.84000015258789,9.8149995803833,9.829999923706055,9.829999923706055,473400
2021-07-26,9.819999694824219,9.829999923706055,9.819999694824219,9.819999694824219,9.819999694824219,47300
2021-07-27,9.819999694824219,9.829000473022461,9.789999961853027,9.800000190734863,9.800000190734863,148600
2021-07-28,9.8100004196167,9.819999694824219,9.8100004196167,9.819999694824219,9.819999694824219,21600
2021-07-29,9.8100004196167,9.8100004196167,9.765000343322754,9.779999732971191,9.779999732971191,141100
2021-07-30,9.760000228881836,9.789999961853027,9.760000228881836,9.779999732971191,9.779999732971191,11100
2021-08-02,9.770000457763672,9.789999961853027,9.760000228881836,9.760000228881836,9.760000228881836,49500
2021-08-03,9.760000228881836,9.779999732971191,9.729999542236328,9.75,9.75,99100
2021-08-04,9.75,9.75,9.729999542236328,9.729999542236328,9.729999542236328,298300
2021-08-05,9.770000457763672,9.779999732971191,9.739999771118164,9.75,9.75,341000
2021-08-06,9.75,9.770000457763672,9.739999771118164,9.75,9.75,160400
2021-08-09,9.770000457763672,9.800000190734863,9.770000457763672,9.800000190734863,9.800000190734863,47100
2021-08-10,9.829999923706055,9.829999923706055,9.800000190734863,9.829999923706055,9.829999923706055,145400
2021-08-11,9.84000015258789,9.84000015258789,9.82800006866455,9.84000015258789,9.84000015258789,6500
2021-08-12,9.829999923706055,9.880000114440918,9.829999923706055,9.880000114440918,9.880000114440918,13300
2021-08-13,9.829999923706055,9.869000434875488,9.8100004196167,9.829999923706055,9.829999923706055,74400
2021-08-16,9.829999923706055,9.829999923706055,9.812000274658203,9.819999694824219,9.819999694824219,24900
2021-08-17,9.8100004196167,9.84000015258789,9.8100004196167,9.8100004196167,9.8100004196167,393000
2021-08-18,9.819999694824219,9.84000015258789,9.819999694824219,9.819999694824219,9.819999694824219,50800
2021-08-19,9.829999923706055,9.829999923706055,9.819999694824219,9.819999694824219,9.819999694824219,20200
2021-08-20,9.819999694824219,9.82800006866455,9.800000190734863,9.8100004196167,9.8100004196167,253700
2021-08-23,9.800000190734863,9.819999694824219,9.789999961853027,9.8149995803833,9.8149995803833,32800
2021-08-24,9.8100004196167,9.819999694824219,9.8100004196167,9.8149995803833,9.8149995803833,29400
2021-08-25,9.8100004196167,9.829999923706055,9.8100004196167,9.829999923706055,9.829999923706055,120500
2021-08-26,9.84000015258789,9.84000015258789,9.819999694824219,9.829999923706055,9.829999923706055,161400
2021-08-27,9.819999694824219,9.84000015258789,9.819999694824219,9.84000015258789,9.84000015258789,19400
2021-08-30,9.829999923706055,9.84000015258789,9.819999694824219,9.835000038146973,9.835000038146973,31200
2021-08-31,9.84000015258789,9.880000114440918,9.829999923706055,9.880000114440918,9.880000114440918,95500
2021-09-01,9.829999923706055,9.850000381469727,9.829999923706055,9.850000381469727,9.850000381469727,3600
2021-09-02,9.84000015258789,9.84000015258789,9.829999923706055,9.829999923706055,9.829999923706055,6900
2021-09-03,9.859999656677246,9.859999656677246,9.829999923706055,9.84000015258789,9.84000015258789,52700
2021-09-07,9.829999923706055,9.850000381469727,9.819999694824219,9.829999923706055,9.829999923706055,87300
2021-09-08,9.829999923706055,9.850000381469727,9.819999694824219,9.850000381469727,9.850000381469727,21700
2021-09-09,9.845999717712402,9.850000381469727,9.84000015258789,9.850000381469727,9.850000381469727,2400
2021-09-10,9.869999885559082,9.869999885559082,9.84000015258789,9.850000381469727,9.850000381469727,1014900
2021-09-13,9.819999694824219,9.869999885559082,9.819999694824219,9.854999542236328,9.854999542236328,7900
2021-09-14,9.829999923706055,9.869999885559082,9.829999923706055,9.84000015258789,9.84000015258789,20900
2021-09-15,9.84000015258789,9.880000114440918,9.84000015258789,9.84000015258789,9.84000015258789,342400
2021-09-16,9.850000381469727,9.899999618530273,9.819999694824219,9.890000343322754,9.890000343322754,245900
2021-09-17,9.880000114440918,9.880000114440918,9.850000381469727,9.850000381469727,9.850000381469727,3500
2021-09-20,9.890000343322754,9.890000343322754,9.850000381469727,9.850000381469727,9.850000381469727,16800
2021-09-21,9.869999885559082,9.899999618530273,9.869999885559082,9.890000343322754,9.890000343322754,421200
2021-09-22,9.90999984741211,9.90999984741211,9.829999923706055,9.850000381469727,9.850000381469727,147700
2021-09-23,9.869999885559082,9.899999618530273,9.869999885559082,9.899999618530273,9.899999618530273,32000
2021-09-24,9.899999618530273,9.899999618530273,9.859999656677246,9.869999885559082,9.869999885559082,5900
2021-09-27,9.899999618530273,9.899999618530273,9.859999656677246,9.875,9.875,122700
2021-09-28,9.859999656677246,9.878000259399414,9.850000381469727,9.850000381469727,9.850000381469727,25800
2021-09-29,9.850000381469727,9.899999618530273,9.850000381469727,9.859999656677246,9.859999656677246,43500
2021-09-30,9.850000381469727,9.869999885559082,9.829999923706055,9.859999656677246,9.859999656677246,118800
2021-10-01,9.890000343322754,9.890000343322754,9.859999656677246,9.859999656677246,9.859999656677246,28600
2021-10-04,9.859999656677246,9.869999885559082,9.829999923706055,9.859999656677246,9.859999656677246,31900
2021-10-05,9.859999656677246,9.869999885559082,9.859999656677246,9.869999885559082,9.869999885559082,6300
2021-10-06,9.850000381469727,9.859999656677246,9.84000015258789,9.859999656677246,9.859999656677246,66000
2021-10-07,9.84000015258789,9.869999885559082,9.84000015258789,9.859999656677246,9.859999656677246,7000
2021-10-08,9.84000015258789,9.864999771118164,9.84000015258789,9.859999656677246,9.859999656677246,3400
2021-10-11,9.850000381469727,9.871999740600586,9.850000381469727,9.859999656677246,9.859999656677246,95300
2021-10-12,9.859999656677246,9.869999885559082,9.84000015258789,9.850000381469727,9.850000381469727,123000
2021-10-13,9.850000381469727,9.880000114440918,9.850000381469727,9.869999885559082,9.869999885559082,12800
2021-10-14,9.85200023651123,9.876999855041504,9.850000381469727,9.859999656677246,9.859999656677246,13800
2021-10-15,9.869999885559082,9.930000305175781,9.869999885559082,9.890000343322754,9.890000343322754,53900
2021-10-18,9.90999984741211,9.930000305175781,9.90999984741211,9.930000305175781,9.930000305175781,502500
2021-10-19,9.920000076293945,9.930000305175781,9.920000076293945,9.928999900817871,9.928999900817871,557100
2021-10-20,9.890000343322754,9.90999984741211,9.869999885559082,9.890000343322754,9.890000343322754,83200
2021-10-21,9.880000114440918,9.904999732971191,9.880000114440918,9.890000343322754,9.890000343322754,233300
2021-10-22,9.890000343322754,9.920000076293945,9.869000434875488,9.90999984741211,9.90999984741211,1041100
2021-10-25,9.90999984741211,9.930000305175781,9.899999618530273,9.920000076293945,9.920000076293945,91400
2021-10-26,9.920000076293945,9.9399995803833,9.904999732971191,9.9399995803833,9.9399995803833,207900
2021-10-27,9.930000305175781,9.949999809265137,9.920000076293945,9.9399995803833,9.9399995803833,51700
2021-10-28,9.9399995803833,9.949999809265137,9.90999984741211,9.949999809265137,9.949999809265137,375100
2021-10-29,9.9399995803833,9.970000267028809,9.930000305175781,9.970000267028809,9.970000267028809,326600
2021-11-01,9.970000267028809,10.0,9.949999809265137,10.0,10.0,2434200
2021-11-02,10.0,10.0,9.9399995803833,9.970000267028809,9.970000267028809,261200
2021-11-03,9.958000183105469,9.984999656677246,9.9399995803833,9.970000267028809,9.970000267028809,195800
2021-11-04,9.979999542236328,9.989999771118164,9.930000305175781,9.979999542236328,9.979999542236328,79100
2021-11-05,9.989999771118164,9.989999771118164,9.930000305175781,9.949999809265137,9.949999809265137,60900
2021-11-08,9.989999771118164,9.989999771118164,9.960000038146973,9.970000267028809,9.970000267028809,676500
2021-11-09,9.979999542236328,9.989999771118164,9.970000267028809,9.970000267028809,9.970000267028809,364800
2021-11-10,9.960000038146973,9.979999542236328,9.960000038146973,9.979999542236328,9.979999542236328,597300
2021-11-11,9.979999542236328,9.989999771118164,9.970000267028809,9.979999542236328,9.979999542236328,260400
2021-11-12,9.979999542236328,9.989999771118164,9.970000267028809,9.970000267028809,9.970000267028809,429600
2021-11-15,9.979999542236328,9.989999771118164,9.970000267028809,9.979999542236328,9.979999542236328,417600
2021-11-16,10.0,10.0,9.979999542236328,9.989999771118164,9.989999771118164,1709500
2021-11-17,10.0,10.0,9.979999542236328,9.979999542236328,9.979999542236328,542700
2021-11-18,9.989999771118164,10.0,9.970000267028809,9.989999771118164,9.989999771118164,636400
2021-11-19,9.989999771118164,10.0,9.970000267028809,9.979999542236328,9.979999542236328,908900
2021-11-22,9.989999771118164,10.0,9.970000267028809,9.970000267028809,9.970000267028809,1769100
2021-11-23,9.989999771118164,10.010000228881836,9.970000267028809,9.970000267028809,9.970000267028809,3668800
2021-11-24,9.970000267028809,9.979999542236328,9.960000038146973,9.970000267028809,9.970000267028809,328300
2021-11-26,9.970000267028809,9.982000350952148,9.960000038146973,9.970000267028809,9.970000267028809,330200
2021-11-29,9.970000267028809,9.979999542236328,9.949999809265137,9.949999809265137,9.949999809265137,899100
2021-11-30,9.949999809265137,10.010000228881836,9.9399995803833,10.0,10.0,3535400
2021-12-01,10.010000228881836,10.069999694824219,9.510000228881836,9.979999542236328,9.979999542236328,1122000
2021-12-02,9.989999771118164,10.149999618530273,9.520000457763672,9.680000305175781,9.680000305175781,264900
2021-12-03,9.75,9.880000114440918,9.539999961853027,9.75,9.75,150400
2021-12-06,9.800000190734863,10.210000038146973,9.550000190734863,9.989999771118164,9.989999771118164,165100
2021-12-07,10.0,10.0600004196167,9.960000038146973,10.029999732971191,10.029999732971191,106000
2021-12-08,9.84000015258789,9.84000015258789,9.116000175476074,9.25,9.25,125800
2021-12-09,9.119999885559082,9.420000076293945,8.050000190734863,8.079999923706055,8.079999923706055,402600
2021-12-10,8.050000190734863,8.279999732971191,7.065000057220459,7.150000095367432,7.150000095367432,497800
2021-12-13,7.269999980926514,7.400000095367432,6.75,7.050000190734863,7.050000190734863,289600
2021-12-14,7.039999961853027,8.979999542236328,7.03000020980835,8.300000190734863,8.300000190734863,1359700
2021-12-15,8.579999923706055,8.890000343322754,7.533999919891357,8.430000305175781,8.430000305175781,592300
2021-12-16,8.380000114440918,8.519000053405762,7.599999904632568,8.010000228881836,8.010000228881836,315300
2021-12-17,7.849999904632568,8.800000190734863,7.769999980926514,8.720000267028809,8.720000267028809,307400
2021-12-20,8.279999732971191,8.279999732971191,7.677000045776367,8.029999732971191,8.029999732971191,156200
2021-12-21,7.949999809265137,8.180000305175781,7.119999885559082,7.269999980926514,7.269999980926514,215400
2021-12-22,7.309999942779541,7.510000228881836,6.610000133514404,6.829999923706055,6.829999923706055,188300
2021-12-23,6.860000133514404,7.130000114440918,6.75,6.849999904632568,6.849999904632568,235600
2021-12-27,6.800000190734863,7.190000057220459,6.039999961853027,6.099999904632568,6.099999904632568,300300
2021-12-28,6.179999828338623,6.199999809265137,6.0,6.010000228881836,6.010000228881836,162200
2021-12-29,6.039999961853027,6.309999942779541,5.949999809265137,6.079999923706055,6.079999923706055,173900
2021-12-30,5.980000019073486,6.199999809265137,5.900000095367432,5.940000057220459,5.940000057220459,197700
2021-12-31,5.900000095367432,6.039999961853027,5.519999980926514,5.659999847412109,5.659999847412109,235600
2022-01-03,5.659999847412109,5.860000133514404,5.630000114440918,5.860000133514404,5.860000133514404,111600
2022-01-04,5.889999866485596,6.070000171661377,5.854000091552734,6.019999980926514,6.019999980926514,59700
2022-01-05,6.019999980926514,6.091000080108643,5.690000057220459,5.71999979019165,5.71999979019165,119000
2022-01-06,5.639999866485596,5.800000190734863,5.130000114440918,5.28000020980835,5.28000020980835,184900
2022-01-07,5.300000190734863,5.300000190734863,5.079999923706055,5.119999885559082,5.119999885559082,58300
2022-01-10,5.010000228881836,5.260000228881836,4.809999942779541,5.010000228881836,5.010000228881836,196500
2022-01-11,5.0,5.2129998207092285,4.889999866485596,4.949999809265137,4.949999809265137,56100
2022-01-12,4.980000019073486,5.119999885559082,4.809999942779541,4.960000038146973,4.960000038146973,87300
2022-01-13,4.960000038146973,5.079999923706055,4.619999885559082,4.730000019073486,4.730000019073486,128000
2022-01-14,4.659999847412109,4.789999961853027,4.449999809265137,4.75,4.75,99000
2022-01-18,4.800000190734863,4.949999809265137,4.671999931335449,4.860000133514404,4.860000133514404,81400
2022-01-19,4.909999847412109,5.019999980926514,4.820000171661377,5.019999980926514,5.019999980926514,46300
2022-01-20,5.0,5.440000057220459,5.0,5.269999980926514,5.269999980926514,135300
2022-01-21,5.28000020980835,5.420000076293945,5.119999885559082,5.260000228881836,5.260000228881836,117700
2022-01-24,5.139999866485596,5.71999979019165,5.110000133514404,5.590000152587891,5.590000152587891,141600
2022-01-25,5.53000020980835,5.849999904632568,5.21999979019165,5.289999961853027,5.289999961853027,80400
2022-01-26,5.329999923706055,5.389999866485596,5.25,5.300000190734863,5.300000190734863,53800
2022-01-27,5.349999904632568,5.539999961853027,5.03000020980835,5.03000020980835,5.03000020980835,92700
2022-01-28,5.150000095367432,5.150000095367432,4.960000038146973,5.050000190734863,5.050000190734863,26000
2022-01-31,5.079999923706055,5.400000095367432,5.025000095367432,5.110000133514404,5.110000133514404,33100
2022-02-01,5.150000095367432,5.5,5.119999885559082,5.159999847412109,5.159999847412109,97400
2022-02-02,5.150000095367432,5.400000095367432,5.059999942779541,5.159999847412109,5.159999847412109,32700
2022-02-03,5.110000133514404,5.230999946594238,5.039999961853027,5.170000076293945,5.170000076293945,21500
2022-02-04,5.099999904632568,5.300000190734863,4.989999771118164,5.289999961853027,5.289999961853027,59200
2022-02-07,5.210000038146973,5.349999904632568,5.159999847412109,5.199999809265137,5.199999809265137,36700
2022-02-08,5.199999809265137,5.199999809265137,4.909999847412109,5.079999923706055,5.079999923706055,61800
2022-02-09,5.059999942779541,5.195000171661377,4.860000133514404,4.929999828338623,4.929999828338623,85500
2022-02-10,4.920000076293945,5.019999980926514,4.690000057220459,4.730000019073486,4.730000019073486,69300
2022-02-11,4.710000038146973,4.809999942779541,4.550000190734863,4.610000133514404,4.610000133514404,73700
2022-02-14,4.53000020980835,4.980000019073486,4.53000020980835,4.840000152587891,4.840000152587891,65200
2022-02-15,4.809999942779541,5.28000020980835,4.78000020980835,5.199999809265137,5.199999809265137,80700
2022-02-16,5.190000057220459,5.320000171661377,5.139999866485596,5.25,5.25,42100
2022-02-17,5.230000019073486,5.34499979019165,4.989999771118164,5.190000057220459,5.190000057220459,73400
2022-02-18,5.090000152587891,5.173999786376953,4.949999809265137,5.099999904632568,5.099999904632568,34700
2022-02-22,5.0,5.15500020980835,4.900000095367432,5.010000228881836,5.010000228881836,24200
2022-02-23,5.0,5.214000225067139,5.0,5.210000038146973,5.210000038146973,34400
2022-02-24,5.210000038146973,6.289999961853027,4.980000019073486,5.5,5.5,449000
2022-02-25,5.880000114440918,6.440000057220459,5.329999923706055,6.059999942779541,6.059999942779541,800400
2022-02-28,6.179999828338623,6.639999866485596,5.389999866485596,5.78000020980835,5.78000020980835,449600
2022-03-01,5.78000020980835,5.989999771118164,5.690000057220459,5.840000152587891,5.840000152587891,84400
2022-03-02,5.980000019073486,7.110000133514404,5.769999980926514,6.679999828338623,6.679999828338623,949500
2022-03-03,6.599999904632568,7.460000038146973,6.420000076293945,7.460000038146973,7.460000038146973,547700
2022-03-04,7.309999942779541,8.194000244140625,7.170000076293945,7.75,7.75,573800
2022-03-07,7.949999809265137,9.710000038146973,7.78000020980835,9.609999656677246,9.609999656677246,1107300
2022-03-08,9.460000038146973,9.5,7.0,7.929999828338623,7.929999828338623,1051700
2022-03-09,7.920000076293945,9.130000114440918,7.550000190734863,8.539999961853027,8.539999961853027,526400
2022-03-10,8.270000457763672,9.430000305175781,8.270000457763672,8.609999656677246,8.609999656677246,468600
2022-03-11,8.800000190734863,10.5,8.489999771118164,9.460000038146973,9.460000038146973,1085600
2022-03-14,10.369999885559082,10.369999885559082,8.4399995803833,8.479999542236328,8.479999542236328,408800
2022-03-15,8.699999809265137,8.699999809265137,7.550000190734863,8.15999984741211,8.15999984741211,335200
2022-03-16,8.34000015258789,8.760000228881836,7.909999847412109,8.449999809265137,8.449999809265137,218600
2022-03-17,8.4399995803833,9.0600004196167,8.289999961853027,8.289999961853027,8.289999961853027,708900
2022-03-18,6.960000038146973,6.960000038146973,6.210000038146973,6.440000057220459,6.440000057220459,973000
2022-03-21,6.550000190734863,6.599999904632568,6.150000095367432,6.170000076293945,6.170000076293945,501400
2022-03-22,6.25,6.420000076293945,5.920000076293945,6.199999809265137,6.199999809265137,349000
2022-03-23,6.199999809265137,6.480000019073486,6.010000228881836,6.289999961853027,6.289999961853027,322700
2022-03-24,6.429999828338623,7.466000080108643,6.300000190734863,7.329999923706055,7.329999923706055,274100
2022-03-25,7.150000095367432,7.65500020980835,6.900000095367432,7.559999942779541,7.559999942779541,170500
2022-03-28,7.849999904632568,8.119999885559082,7.409999847412109,7.46999979019165,7.46999979019165,253200
2022-03-29,7.369999885559082,8.039999961853027,6.889999866485596,7.0,7.0,188600
2022-03-30,7.320000171661377,8.270000457763672,7.309999942779541,8.270000457763672,8.270000457763672,680200
2022-03-31,8.329999923706055,8.479999542236328,7.989999771118164,8.239999771118164,8.239999771118164,302200
2022-04-01,8.819999694824219,8.979999542236328,8.039999961853027,8.359999656677246,8.359999656677246,224600
2022-04-04,8.720000267028809,8.899999618530273,8.369999885559082,8.739999771118164,8.739999771118164,186000
2022-04-05,8.789999961853027,11.270000457763672,8.789999961853027,10.34000015258789,10.34000015258789,2104700
2022-04-06,14.6899995803833,16.1200008392334,10.279999732971191,10.369999885559082,10.369999885559082,18016500
2022-04-07,10.970000267028809,12.729999542236328,10.5,11.539999961853027,11.539999961853027,5024900
2022-04-08,11.779999732971191,14.039999961853027,11.399999618530273,11.579999923706055,11.579999923706055,4901500
2022-04-11,11.170000076293945,12.699999809265137,10.619999885559082,12.319999694824219,12.319999694824219,1508600
2022-04-12,11.789999961853027,12.289999961853027,10.819999694824219,11.739999771118164,11.739999771118164,590300
2022-04-13,11.989999771118164,13.109999656677246,11.760000228881836,12.6899995803833,12.6899995803833,853400
2022-04-14,12.529999732971191,13.59000015258789,12.380000114440918,12.630000114440918,12.630000114440918,823600
2022-04-18,12.760000228881836,12.930000305175781,11.569999694824219,11.630000114440918,11.630000114440918,578500
2022-04-19,11.699999809265137,12.180000305175781,10.970000267028809,11.130000114440918,11.130000114440918,466500
2022-04-20,10.970000267028809,11.949999809265137,10.970000267028809,11.670000076293945,11.670000076293945,294400
2022-04-21,11.710000038146973,12.100000381469727,11.270000457763672,11.800000190734863,11.800000190734863,289500
2022-04-22,11.5,12.388999938964844,8.109999656677246,8.550000190734863,8.550000190734863,1007400
2022-04-25,9.550000190734863,10.34000015258789,8.399999618530273,10.100000381469727,10.100000381469727,594400
2022-04-26,9.899999618530273,10.25,9.649999618530273,9.960000038146973,9.960000038146973,148700
2022-04-27,9.760000228881836,10.850000381469727,9.550000190734863,10.600000381469727,10.600000381469727,212000
2022-04-28,10.40999984741211,10.770000457763672,10.093000411987305,10.430000305175781,10.430000305175781,98800
2022-04-29,10.029999732971191,10.380000114440918,9.569999694824219,10.010000228881836,10.010000228881836,113200
2022-05-02,9.8100004196167,11.020000457763672,9.779000282287598,10.670000076293945,10.670000076293945,151600
2022-05-03,10.630000114440918,11.609999656677246,10.520000457763672,11.100000381469727,11.100000381469727,352500
2022-05-04,10.930000305175781,11.38599967956543,10.0600004196167,10.569999694824219,10.569999694824219,246900
2022-05-05,10.489999771118164,10.920000076293945,10.1850004196167,10.34000015258789,10.34000015258789,126200
2022-05-06,10.180000305175781,10.289999961853027,9.84000015258789,10.069999694824219,10.069999694824219,76700
2022-05-09,9.850000381469727,9.979999542236328,8.0600004196167,8.239999771118164,8.239999771118164,257300
2022-05-10,8.489999771118164,8.760000228881836,7.639999866485596,8.010000228881836,8.010000228881836,129200
2022-05-11,7.989999771118164,8.130000114440918,7.349999904632568,7.5,7.5,87000
2022-05-12,7.349999904632568,7.599999904632568,7.135000228881836,7.400000095367432,7.400000095367432,90200
2022-05-13,7.559999942779541,7.71999979019165,7.420000076293945,7.639999866485596,7.639999866485596,56200
2022-05-16,7.539999961853027,7.860000133514404,7.25,7.329999923706055,7.329999923706055,81700
2022-05-17,7.269999980926514,7.6479997634887695,7.150000095367432,7.599999904632568,7.599999904632568,95400
2022-05-18,7.699999809265137,9.720000267028809,7.439000129699707,9.210000038146973,9.210000038146973,961500
2022-05-19,9.210000038146973,10.258000373840332,8.880000114440918,9.699999809265137,9.699999809265137,786500
2022-05-20,10.149999618530273,10.300000190734863,9.09000015258789,10.0,10.0,575100
2022-05-23,9.979999542236328,10.520000457763672,9.267000198364258,10.119999885559082,10.119999885559082,511300
2022-05-24,7.909999847412109,7.989999771118164,6.019999980926514,6.110000133514404,6.110000133514404,878500
2022-05-25,6.360000133514404,7.199999809265137,6.210000038146973,6.519999980926514,6.519999980926514,555700
2022-05-26,6.25,6.454999923706055,5.704999923706055,5.78000020980835,5.78000020980835,450600
2022-05-27,5.889999866485596,5.889999866485596,5.079999923706055,5.380000114440918,5.380000114440918,381400
2022-05-31,5.369999885559082,5.739999771118164,5.230000019073486,5.329999923706055,5.329999923706055,297400
2022-06-01,5.28000020980835,5.690000057220459,5.119999885559082,5.170000076293945,5.170000076293945,227000
2022-06-02,5.0,5.440000057220459,4.96999979019165,5.440000057220459,5.440000057220459,241600
2022-06-03,5.340000152587891,5.5,5.199999809265137,5.369999885559082,5.369999885559082,118800
2022-06-06,5.460000038146973,5.619999885559082,4.909999847412109,4.989999771118164,4.989999771118164,232700
2022-06-07,4.989999771118164,5.340000152587891,4.744999885559082,5.03000020980835,5.03000020980835,338500
2022-06-08,4.929999828338623,5.25,4.840000152587891,5.110000133514404,5.110000133514404,282500
2022-06-09,5.010000228881836,5.360000133514404,5.010000228881836,5.159999847412109,5.159999847412109,193200
2022-06-10,5.150000095367432,5.392000198364258,4.920000076293945,4.940000057220459,4.940000057220459,177000
2022-06-13,4.860000133514404,4.860000133514404,4.385000228881836,4.519999980926514,4.519999980926514,439600
2022-06-14,4.429999828338623,4.465000152587891,4.216000080108643,4.369999885559082,4.369999885559082,120800
2022-06-15,4.510000228881836,4.510000228881836,4.050000190734863,4.059999942779541,4.059999942779541,227300
2022-06-16,4.0,4.170000076293945,3.859999895095825,3.990000009536743,3.990000009536743,220500
2022-06-17,4.059999942779541,4.426000118255615,4.0,4.050000190734863,4.050000190734863,314800
2022-06-21,4.0,4.058000087738037,3.9100000858306885,3.9200000762939453,3.9200000762939453,182300
2022-06-22,3.7200000286102295,4.0,3.6700000762939453,3.9700000286102295,3.9700000286102295,254400
2022-06-23,3.930000066757202,4.005000114440918,3.8299999237060547,3.869999885559082,3.869999885559082,148000
2022-06-24,3.819999933242798,3.8889999389648438,3.690000057220459,3.7699999809265137,3.7699999809265137,247300
2022-06-27,3.7899999618530273,4.0,3.700000047683716,3.75,3.75,133700
2022-06-28,3.690000057220459,3.799999952316284,3.6679999828338623,3.7300000190734863,3.7300000190734863,98800
2022-06-29,3.7799999713897705,3.7799999713897705,3.5999999046325684,3.75,3.75,275100
2022-06-30,3.7200000286102295,3.7699999809265137,3.569999933242798,3.680000066757202,3.680000066757202,76900
2022-07-01,3.6700000762939453,3.809999942779541,3.609999895095825,3.6700000762939453,3.6700000762939453,128000
2022-07-05,3.680000066757202,3.7100000381469727,3.5,3.6700000762939453,3.6700000762939453,108100
2022-07-06,3.6600000858306885,3.744999885559082,3.569999933242798,3.640000104904175,3.640000104904175,48700
2022-07-07,3.6600000858306885,3.759999990463257,3.5799999237060547,3.640000104904175,3.640000104904175,82600
2022-07-08,3.690000057220459,3.8399999141693115,3.634999990463257,3.690000057220459,3.690000057220459,115500
2022-07-11,3.6700000762939453,3.759999990463257,3.569999933242798,3.609999895095825,3.609999895095825,96000
2022-07-12,3.6500000953674316,3.6500000953674316,3.4600000381469727,3.509999990463257,3.509999990463257,84400
2022-07-13,3.509999990463257,3.680000066757202,3.440000057220459,3.609999895095825,3.609999895095825,91300
2022-07-14,3.5899999141693115,3.7799999713897705,3.4600000381469727,3.640000104904175,3.640000104904175,323900
2022-07-15,3.609999895095825,3.8299999237060547,3.5199999809265137,3.609999895095825,3.609999895095825,249000
2022-07-18,3.6700000762939453,3.7709999084472656,3.5799999237060547,3.630000114440918,3.630000114440918,168200
2022-07-19,3.690000057220459,3.690000057220459,3.5799999237060547,3.609999895095825,3.609999895095825,76800
2022-07-20,3.5999999046325684,3.640000104904175,3.4600000381469727,3.5,3.5,91600
2022-07-21,3.5199999809265137,3.569999933242798,3.4140000343322754,3.430000066757202,3.430000066757202,79300
2022-07-22,3.4800000190734863,3.4800000190734863,2.680000066757202,2.7200000286102295,2.7200000286102295,518700
2022-07-25,2.869999885559082,2.869999885559082,2.700000047683716,2.740000009536743,2.740000009536743,113100
2022-07-26,2.690000057220459,2.950000047683716,2.440000057220459,2.859999895095825,2.859999895095825,298200
2022-07-27,2.819999933242798,2.890000104904175,2.640000104904175,2.7699999809265137,2.7699999809265137,155200
2022-07-28,2.75,2.75,2.549999952316284,2.680000066757202,2.680000066757202,76500
2022-07-29,2.6700000762939453,2.7290000915527344,2.509999990463257,2.5399999618530273,2.5399999618530273,99000
2022-08-01,2.5899999141693115,2.640000104904175,2.359999895095825,2.450000047683716,2.450000047683716,115400
2022-08-02,2.450000047683716,2.4809999465942383,2.3299999237060547,2.4600000381469727,2.4600000381469727,188700
2022-08-03,2.430000066757202,2.5290000438690186,2.369999885559082,2.4000000953674316,2.4000000953674316,290700
2022-08-04,2.4100000858306885,2.450000047683716,2.3299999237060547,2.4100000858306885,2.4100000858306885,402700
2022-08-05,2.4100000858306885,4.340000152587891,2.380000114440918,2.700000047683716,2.700000047683716,10936600
2022-08-08,3.009999990463257,3.309999942779541,2.6110000610351562,2.740000009536743,2.740000009536743,1947400
2022-08-09,2.7100000381469727,2.9100000858306885,2.4700000286102295,2.740000009536743,2.740000009536743,1226600
2022-08-10,2.25,2.2799999713897705,1.8899999856948853,2.0,2.0,1568700
2022-08-11,2.0199999809265137,2.069999933242798,1.8799999952316284,1.9299999475479126,1.9299999475479126,714300
2022-08-12,1.8700000047683716,2.0,1.8600000143051147,1.9199999570846558,1.9199999570846558,458600
2022-08-15,1.9500000476837158,1.9800000190734863,1.871000051498413,1.9600000381469727,1.9600000381469727,298000
2022-08-16,1.9700000286102295,1.9700000286102295,1.7640000581741333,1.7899999618530273,1.7899999618530273,800500
2022-08-17,1.7899999618530273,1.7999999523162842,1.7000000476837158,1.7400000095367432,1.7400000095367432,334400
2022-08-18,1.7100000381469727,1.75,1.6399999856948853,1.690000057220459,1.690000057220459,354800
2022-08-19,1.7000000476837158,1.7000000476837158,1.5700000524520874,1.5700000524520874,1.5700000524520874,290500
2022-08-22,1.5800000429153442,1.7000000476837158,1.4800000190734863,1.5099999904632568,1.5099999904632568,395200
2022-08-23,1.5,1.5299999713897705,1.3799999952316284,1.399999976158142,1.399999976158142,360200
2022-08-24,1.399999976158142,1.440000057220459,1.3700000047683716,1.3899999856948853,1.3899999856948853,219100
2022-08-25,1.399999976158142,1.5399999618530273,1.3799999952316284,1.5099999904632568,1.5099999904632568,335200
2022-08-26,1.4900000095367432,1.5399999618530273,1.4500000476837158,1.5299999713897705,1.5299999713897705,291600
2022-08-29,1.5299999713897705,1.5700000524520874,1.4700000286102295,1.5700000524520874,1.5700000524520874,265200
2022-08-30,1.5700000524520874,1.6299999952316284,1.559999942779541,1.5800000429153442,1.5800000429153442,176900
2022-08-31,1.5800000429153442,1.5800000429153442,1.4900000095367432,1.5399999618530273,1.5399999618530273,104500
2022-09-01,1.5199999809265137,1.5700000524520874,1.4900000095367432,1.5099999904632568,1.5099999904632568,129700
2022-09-02,1.5399999618530273,1.5700000524520874,1.4299999475479126,1.4600000381469727,1.4600000381469727,156000
2022-09-06,1.5,1.5,1.25,1.25,1.25,380300
2022-09-07,1.2599999904632568,1.2799999713897705,1.2400000095367432,1.2599999904632568,1.2599999904632568,166700
2022-09-08,1.2799999713897705,1.340000033378601,1.2309999465942383,1.309999942779541,1.309999942779541,135000
2022-09-09,1.350000023841858,1.4800000190734863,1.312000036239624,1.4199999570846558,1.4199999570846558,280700
2022-09-12,1.4800000190734863,1.4800000190734863,1.3899999856948853,1.4700000286102295,1.4700000286102295,127200
2022-09-13,1.5199999809265137,1.5199999809265137,1.4199999570846558,1.4900000095367432,1.4900000095367432,123900
2022-09-14,1.3899999856948853,1.4800000190734863,1.3899999856948853,1.4500000476837158,1.4500000476837158,60800
2022-09-15,1.4299999475479126,1.5399999618530273,1.406000018119812,1.5099999904632568,1.5099999904632568,72300
2022-09-16,1.4600000381469727,1.559999942779541,1.4320000410079956,1.4800000190734863,1.4800000190734863,162900
2022-09-19,1.4900000095367432,1.559999942779541,1.4299999475479126,1.4500000476837158,1.4500000476837158,57900
2022-09-20,1.4500000476837158,1.4500000476837158,1.3899999856948853,1.399999976158142,1.399999976158142,31500
2022-09-21,1.399999976158142,1.5,1.399999976158142,1.409999966621399,1.409999966621399,59600
2022-09-22,1.4500000476837158,1.4600000381469727,1.3300000429153442,1.350000023841858,1.350000023841858,101400
2022-09-23,1.340000033378601,1.3700000047683716,1.2100000381469727,1.3300000429153442,1.3300000429153442,152200
2022-09-26,1.2999999523162842,1.3300000429153442,1.2699999809265137,1.309999942779541,1.309999942779541,40900
2022-09-27,1.2799999713897705,1.3300000429153442,1.2000000476837158,1.2300000190734863,1.2300000190734863,81600
2022-09-28,1.25,1.2999999523162842,1.190000057220459,1.190000057220459,1.190000057220459,167500
2022-09-29,1.6100000143051147,1.7999999523162842,1.4700000286102295,1.5499999523162842,1.5499999523162842,54641200
2022-09-30,1.5299999713897705,1.6399999856948853,1.4700000286102295,1.5700000524520874,1.5700000524520874,1808200
2022-10-03,1.590000033378601,1.6299999952316284,1.4299999475479126,1.6100000143051147,1.6100000143051147,1543600
2022-10-04,1.5399999618530273,1.850000023841858,1.5399999618530273,1.75,1.75,2299900
2022-10-05,1.7300000190734863,2.0799999237060547,1.7300000190734863,1.7999999523162842,1.7999999523162842,3614400
2022-10-06,1.7000000476837158,1.7000000476837158,1.4700000286102295,1.4900000095367432,1.4900000095367432,777000
2022-10-07,1.4299999475479126,1.6200000047683716,1.3700000047683716,1.4800000190734863,1.4800000190734863,407600
2022-10-10,1.4199999570846558,1.4550000429153442,1.2280000448226929,1.399999976158142,1.399999976158142,683900
2022-10-11,1.3300000429153442,1.3459999561309814,1.25,1.2799999713897705,1.2799999713897705,180600
2022-10-12,1.2699999809265137,1.3899999856948853,1.2400000095367432,1.350000023841858,1.350000023841858,202700
2022-10-13,1.340000033378601,1.3799999952316284,1.2599999904632568,1.350000023841858,1.350000023841858,134200
2022-10-14,1.3300000429153442,1.3680000305175781,1.2899999618530273,1.2999999523162842,1.2999999523162842,82500
2022-10-17,1.2899999618530273,1.350000023841858,1.25,1.2699999809265137,1.2699999809265137,94000
2022-10-18,1.2999999523162842,1.3200000524520874,1.25,1.2999999523162842,1.2999999523162842,134900
2022-10-19,1.2799999713897705,1.2999999523162842,1.1699999570846558,1.1799999475479126,1.1799999475479126,205500
2022-10-20,1.159999966621399,1.2000000476837158,1.149999976158142,1.1699999570846558,1.1699999570846558,91500
2022-10-21,1.149999976158142,1.2599999904632568,1.1100000143051147,1.2300000190734863,1.2300000190734863,74200
2022-10-24,1.2000000476837158,1.2300000190734863,1.1200000047683716,1.1299999952316284,1.1299999952316284,82700
2022-10-25,1.1200000047683716,1.1890000104904175,1.1200000047683716,1.149999976158142,1.149999976158142,138500
2022-10-26,1.2100000381469727,1.2100000381469727,1.1399999856948853,1.159999966621399,1.159999966621399,123300
2022-10-27,1.2000000476837158,1.5390000343322754,1.1699999570846558,1.399999976158142,1.399999976158142,896800
2022-10-28,1.350000023841858,1.3899999856948853,1.309999942779541,1.3200000524520874,1.3200000524520874,209900
2022-10-31,1.2999999523162842,1.3600000143051147,1.2799999713897705,1.350000023841858,1.350000023841858,98400
2022-11-01,1.3899999856948853,1.3899999856948853,1.2599999904632568,1.2599999904632568,1.2599999904632568,120700
2022-11-02,1.2300000190734863,1.2400000095367432,1.1399999856948853,1.1699999570846558,1.1699999570846558,122500
2022-11-03,1.1699999570846558,1.2450000047683716,1.1699999570846558,1.190000057220459,1.190000057220459,83700
2022-11-04,1.1699999570846558,1.2400000095367432,1.100000023841858,1.1100000143051147,1.1100000143051147,153100
2022-11-07,1.1699999570846558,1.1699999570846558,1.090000033378601,1.100000023841858,1.100000023841858,84200
2022-11-08,1.149999976158142,1.149999976158142,1.0499999523162842,1.0800000429153442,1.0800000429153442,117400
2022-11-09,1.090000033378601,1.090000033378601,1.0099999904632568,1.0099999904632568,1.0099999904632568,113400
2022-11-10,0.949999988079071,1.0700000524520874,0.9100000262260437,1.0299999713897705,1.0299999713897705,261000
2022-11-11,1.0199999809265137,1.090000033378601,1.0099999904632568,1.090000033378601,1.090000033378601,34000
2022-11-14,1.100000023841858,1.1200000047683716,1.0499999523162842,1.090000033378601,1.090000033378601,64700
2022-11-15,1.090000033378601,1.100000023841858,1.0299999713897705,1.0499999523162842,1.0499999523162842,86100
2022-11-16,1.0299999713897705,1.0800000429153442,0.9829999804496765,0.9900000095367432,0.9900000095367432,247400
2022-11-17,0.9800000190734863,1.0199999809265137,0.949999988079071,0.996999979019165,0.996999979019165,66800
2022-11-18,1.0399999618530273,1.0399999618530273,0.9700000286102295,0.9789999723434448,0.9789999723434448,29900
2022-11-21,1.0,1.0,0.9800000190734863,1.0,1.0,57500
2022-11-22,1.0,1.0049999952316284,0.9599999785423279,0.9800000190734863,0.9800000190734863,129900
2022-11-23,1.0,1.0,0.9700000286102295,0.9829999804496765,0.9829999804496765,30600
2022-11-25,1.0099999904632568,1.0099999904632568,0.9599999785423279,0.9810000061988831,0.9810000061988831,21300
2022-11-28,0.9829999804496765,1.0099999904632568,0.9800000190734863,0.9990000128746033,0.9990000128746033,39300
2022-11-29,0.9800000190734863,1.0299999713897705,0.9700000286102295,1.0,1.0,92400
2022-11-30,0.9900000095367432,0.9900000095367432,0.9599999785423279,0.9700000286102295,0.9700000286102295,61500
2022-12-01,0.949999988079071,0.968999981880188,0.8500000238418579,0.8799999952316284,0.8799999952316284,143600
2022-12-02,0.8700000047683716,0.9700000286102295,0.8700000047683716,0.9539999961853027,0.9539999961853027,46800
2022-12-05,0.9399999976158142,0.9800000190734863,0.9200000166893005,0.9800000190734863,0.9800000190734863,62100
2022-12-06,0.9800000190734863,0.9800000190734863,0.9200000166893005,0.953000009059906,0.953000009059906,26400
2022-12-07,0.925000011920929,0.9750000238418579,0.8999999761581421,0.8999999761581421,0.8999999761581421,21800
2022-12-08,0.8799999952316284,0.9399999976158142,0.8700000047683716,0.9300000071525574,0.9300000071525574,57600
2022-12-09,1.0,1.0,0.9340000152587891,0.9599999785423279,0.9599999785423279,41200
2022-12-12,0.9300000071525574,1.0199999809265137,0.8999999761581421,0.8999999761581421,0.8999999761581421,148500
2022-12-13,0.9300000071525574,0.9700000286102295,0.8899999856948853,0.9200000166893005,0.9200000166893005,74400
2022-12-14,0.9800000190734863,0.9800000190734863,0.9010000228881836,0.9300000071525574,0.9300000071525574,56200
2022-12-15,0.9589999914169312,0.9589999914169312,0.8199999928474426,0.859000027179718,0.859000027179718,90200
2022-12-16,0.8500000238418579,0.8500000238418579,0.800000011920929,0.8199999928474426,0.8199999928474426,61700
2022-12-19,0.7799999713897705,0.8399999737739563,0.75,0.7940000295639038,0.7940000295639038,123100
2022-12-20,0.7799999713897705,0.800000011920929,0.7200000286102295,0.7480000257492065,0.7480000257492065,61400
2022-12-21,0.7699999809265137,0.7799999713897705,0.699999988079071,0.7599999904632568,0.7599999904632568,119600
2022-12-22,0.7599999904632568,0.7599999904632568,0.7099999785423279,0.7400000095367432,0.7400000095367432,34600
2022-12-23,0.75,0.7590000033378601,0.7099999785423279,0.7329999804496765,0.7329999804496765,81200
2022-12-27,0.75,0.7570000290870667,0.699999988079071,0.7110000252723694,0.7110000252723694,48500
2022-12-28,0.6899999976158142,0.7099999785423279,0.6299999952316284,0.6460000276565552,0.6460000276565552,178700
2022-12-29,0.6299999952316284,0.6700000166893005,0.6000000238418579,0.6330000162124634,0.6330000162124634,163700
2022-12-30,0.6000000238418579,0.6779999732971191,0.5799999833106995,0.6740000247955322,0.6740000247955322,199100
2023-01-03,0.7160000205039978,0.7749999761581421,0.6959999799728394,0.7300000190734863,0.7300000190734863,68500
2023-01-04,0.75,0.7799999713897705,0.6740000247955322,0.7639999985694885,0.7639999985694885,58500
2023-01-05,0.8360000252723694,0.8360000252723694,0.7409999966621399,0.7599999904632568,0.7599999904632568,27400
2023-01-06,0.7400000095367432,0.7900000214576721,0.7300000190734863,0.7599999904632568,0.7599999904632568,37300
2023-01-09,0.7699999809265137,0.7799999713897705,0.7009999752044678,0.7599999904632568,0.7599999904632568,65000
2023-01-10,0.7799999713897705,0.7799999713897705,0.75,0.7799999713897705,0.7799999713897705,68300
2023-01-11,0.7799999713897705,0.8500000238418579,0.7599999904632568,0.8460000157356262,0.8460000157356262,78200
2023-01-12,3.630000114440918,3.8499999046325684,2.6500000953674316,3.049999952316284,3.049999952316284,112679500
2023-01-13,2.5899999141693115,2.809999942779541,2.2300000190734863,2.390000104904175,2.390000104904175,10814400
2023-01-17,2.049999952316284,2.0899999141693115,1.75,1.8600000143051147,1.8600000143051147,4249800
2023-01-18,1.909999966621399,2.069999933242798,1.8899999856948853,1.9299999475479126,1.9299999475479126,2143900
2023-01-19,1.909999966621399,1.9800000190734863,1.7899999618530273,1.8700000047683716,1.8700000047683716,795900
2023-01-20,1.7999999523162842,2.0299999713897705,1.7999999523162842,1.9500000476837158,1.9500000476837158,1439400
2023-01-23,1.899999976158142,1.9900000095367432,1.8600000143051147,1.9299999475479126,1.9299999475479126,848500
2023-01-24,1.9199999570846558,2.25,1.88100004196167,2.049999952316284,2.049999952316284,2900600
2023-01-25,2.0,2.4240000247955322,1.8799999952316284,2.359999895095825,2.359999895095825,5310500
2023-01-26,2.319999933242798,2.4800000190734863,2.1700000762939453,2.2699999809265137,2.2699999809265137,3399800
2023-01-27,2.2799999713897705,2.890000104904175,2.1500000953674316,2.4200000762939453,2.4200000762939453,7409900
2023-01-30,3.0199999809265137,4.139999866485596,2.549999952316284,3.9800000190734863,3.9800000190734863,60434100
2023-01-31,3.309999942779541,4.449999809265137,3.1700000762939453,3.2699999809265137,3.2699999809265137,25729700
2023-02-01,3.359999895095825,3.6500000953674316,3.0299999713897705,3.430000066757202,3.430000066757202,6833400
2023-02-02,3.5799999237060547,3.9700000286102295,3.319999933242798,3.5999999046325684,3.5999999046325684,5391400
2023-02-03,3.5299999713897705,5.900000095367432,3.430000066757202,5.190000057220459,5.190000057220459,55029800
2023-02-06,5.7779998779296875,6.769999980926514,5.329999923706055,6.110000133514404,6.110000133514404,34829400
2023-02-07,6.014999866485596,6.130000114440918,4.860000133514404,4.920000076293945,4.920000076293945,12409800
2023-02-08,5.284999847412109,5.789999961853027,5.019999980926514,5.440000057220459,5.440000057220459,16041900
2023-02-09,5.539999961853027,5.690000057220459,4.53000020980835,4.829999923706055,4.829999923706055,8624600
2023-02-10,4.71999979019165,5.170000076293945,4.599999904632568,4.820000171661377,4.820000171661377,6423300
2023-02-13,4.96999979019165,5.03000020980835,3.809999942779541,3.9200000762939453,3.9200000762939453,8214500
2023-02-14,3.809999942779541,4.400000095367432,3.690000057220459,4.139999866485596,4.139999866485596,9340600
2023-02-15,4.099999904632568,4.420000076293945,3.819999933242798,4.239999771118164,4.239999771118164,7910400
2023-02-16,4.159999847412109,4.489999771118164,3.859999895095825,3.9800000190734863,3.9800000190734863,6994900
2023-02-17,3.950000047683716,4.090000152587891,3.75,3.9100000858306885,3.9100000858306885,3960600
2023-02-21,3.8299999237060547,4.0,3.450000047683716,3.4800000190734863,3.4800000190734863,2743900
2023-02-22,3.390000104904175,3.6500000953674316,3.3399999141693115,3.430000066757202,3.430000066757202,2237200
2023-02-23,3.6600000858306885,3.8380000591278076,3.4000000953674316,3.4200000762939453,3.4200000762939453,3740500
2023-02-24,3.380000114440918,3.4100000858306885,3.1500000953674316,3.1500000953674316,3.1500000953674316,1728200
2023-02-27,3.200000047683716,3.240000009536743,2.859999895095825,3.140000104904175,3.140000104904175,2996300
2023-02-28,2.9700000286102295,3.200000047683716,2.930000066757202,2.940000057220459,2.940000057220459,1687800
2023-03-01,2.930000066757202,2.9600000381469727,2.5299999713897705,2.609999895095825,2.609999895095825,2110200
2023-03-02,2.5,3.059999942779541,2.450000047683716,2.8399999141693115,2.8399999141693115,4567400
2023-03-03,3.0999999046325684,3.4800000190734863,2.9700000286102295,3.180000066757202,3.180000066757202,15851200
2023-03-06,3.2200000286102295,3.7899999618530273,3.130000114440918,3.180000066757202,3.180000066757202,12319900
2023-03-07,3.190000057220459,3.4000000953674316,2.940000057220459,3.0199999809265137,3.0199999809265137,6706600
2023-03-08,2.930000066757202,2.9800000190734863,2.5,2.549999952316284,2.549999952316284,6609300
2023-03-09,2.619999885559082,2.630000114440918,2.1600000858306885,2.200000047683716,2.200000047683716,5684800
2023-03-10,2.1600000858306885,2.299999952316284,2.0,2.1700000762939453,2.1700000762939453,3617800
2023-03-13,2.119999885559082,2.380000114440918,2.0,2.2799999713897705,2.2799999713897705,5763300
2023-03-14,2.069999933242798,2.130000114440918,1.7999999523162842,1.8700000047683716,1.8700000047683716,5644600
2023-03-15,1.7200000286102295,1.8300000429153442,1.6100000143051147,1.7799999713897705,1.7799999713897705,3264000
2023-03-16,1.7599999904632568,1.7999999523162842,1.6399999856948853,1.6399999856948853,1.6399999856948853,2727700
2023-03-17,1.7799999713897705,1.9299999475479126,1.7000000476837158,1.7699999809265137,1.7699999809265137,5968700
2023-03-20,1.7999999523162842,1.8200000524520874,1.5099999904632568,1.5099999904632568,1.5099999904632568,2768000
2023-03-21,1.5800000429153442,2.180000066757202,1.5700000524520874,1.8700000047683716,1.8700000047683716,16962900
2023-03-22,1.8600000143051147,2.130000114440918,1.7400000095367432,1.840000033378601,1.840000033378601,10246900
2023-03-23,1.909999966621399,2.059999942779541,1.7899999618530273,1.9299999475479126,1.9299999475479126,8430300
2023-03-24,1.9600000381469727,2.0899999141693115,1.8300000429153442,1.8799999952316284,1.8799999952316284,6068400
2023-03-27,1.9299999475479126,2.0480000972747803,1.850000023841858,1.9600000381469727,1.9600000381469727,4400100
2023-03-28,2.0,2.0199999809265137,1.850000023841858,1.8799999952316284,1.8799999952316284,2374500
2023-03-29,1.909999966621399,2.059000015258789,1.8700000047683716,2.0199999809265137,2.0199999809265137,4941800
2023-03-30,2.0299999713897705,2.1500000953674316,1.9199999570846558,1.9800000190734863,1.9800000190734863,6436400
2023-03-31,2.0,2.5299999713897705,1.9700000286102295,2.440000057220459,2.440000057220459,30196900
2023-04-03,2.5,3.180000066757202,2.319999933242798,3.130000114440918,3.130000114440918,38496200
2023-04-04,3.049999952316284,3.0899999141693115,2.4200000762939453,2.680000066757202,2.680000066757202,21414600
2023-04-05,2.4700000286102295,2.5799999237060547,2.0199999809265137,2.200000047683716,2.200000047683716,12782700
2023-04-06,2.1700000762939453,2.700000047683716,2.0999999046325684,2.509999990463257,2.509999990463257,22597600
2023-04-10,2.5199999809265137,2.8499999046325684,2.299999952316284,2.809999942779541,2.809999942779541,13306900
2023-04-11,2.940000057220459,3.3299999237060547,2.799999952316284,2.799999952316284,2.799999952316284,16998600
2023-04-12,3.0199999809265137,3.0999999046325684,2.680000066757202,3.0799999237060547,3.0799999237060547,16198900
2023-04-13,2.7899999618530273,3.0199999809265137,2.75,2.7899999618530273,2.7899999618530273,9293000
2023-04-14,3.0199999809265137,3.549999952316284,2.9000000953674316,3.2100000381469727,3.2100000381469727,25903900
2023-04-17,3.1700000762939453,3.7200000286102295,3.119999885559082,3.569999933242798,3.569999933242798,19138200
2023-04-18,3.640000104904175,3.740000009536743,3.312000036239624,3.4100000858306885,3.4100000858306885,11857900
2023-04-19,3.25,3.3499999046325684,2.994999885559082,3.119999885559082,3.119999885559082,8867800
2023-04-20,3.0999999046325684,3.4149999618530273,2.8499999046325684,2.9100000858306885,2.9100000858306885,10011800
2023-04-21,3.049999952316284,3.109999895095825,2.75,2.809999942779541,2.809999942779541,5466700
2023-04-24,2.75,2.7899999618530273,2.359999895095825,2.509999990463257,2.509999990463257,7117600
2023-04-25,2.549999952316284,2.6600000858306885,2.4000000953674316,2.4200000762939453,2.4200000762939453,4261900
2023-04-26,2.559999942779541,3.0399999618530273,2.5,2.869999885559082,2.869999885559082,10268000
2023-04-27,3.0,3.0799999237060547,2.799999952316284,2.819999933242798,2.819999933242798,6250600
2023-04-28,2.809999942779541,3.0199999809265137,2.700000047683716,2.9000000953674316,2.9000000953674316,5156100
2023-05-01,2.880000114440918,3.0799999237060547,2.740000009536743,2.940000057220459,2.940000057220459,5276000
2023-05-02,2.950000047683716,2.990000009536743,2.549999952316284,2.5899999141693115,2.5899999141693115,5047200
2023-05-03,2.5799999237060547,2.7200000286102295,2.5199999809265137,2.5999999046325684,2.5999999046325684,3207300
2023-05-04,2.630000114440918,2.640000104904175,2.390000104904175,2.5299999713897705,2.5299999713897705,4201300
2023-05-05,2.619999885559082,2.8399999141693115,2.609999895095825,2.740000009536743,2.740000009536743,5055400
2023-05-08,2.7899999618530273,2.890000104904175,2.630000114440918,2.7899999618530273,2.7899999618530273,4050500
2023-05-09,2.819999933242798,3.25,2.75,2.9700000286102295,2.9700000286102295,11904500
2023-05-10,2.9200000762939453,2.940000057220459,2.490000009536743,2.549999952316284,2.549999952316284,9461600
2023-05-11,2.5899999141693115,2.6500000953674316,2.5,2.509999990463257,2.509999990463257,3172600
2023-05-12,2.5299999713897705,2.5299999713897705,2.309999942779541,2.380000114440918,2.380000114440918,4887400
2023-05-15,2.5,2.5899999141693115,2.359999895095825,2.5299999713897705,2.5299999713897705,11033500
2023-05-16,2.5,2.5,2.3499999046325684,2.4100000858306885,2.4100000858306885,4744300
2023-05-17,2.4200000762939453,2.4800000190734863,2.3499999046325684,2.4000000953674316,2.4000000953674316,8027500
2023-05-18,2.440000057220459,2.5,2.359999895095825,2.4200000762939453,2.4200000762939453,10260600
2023-05-19,2.440000057220459,2.450000047683716,2.200000047683716,2.2100000381469727,2.2100000381469727,6237600
2023-05-22,2.240000009536743,2.4100000858306885,2.2139999866485596,2.4100000858306885,2.4100000858306885,6769500
2023-05-23,2.4200000762939453,2.5799999237060547,2.359999895095825,2.440000057220459,2.440000057220459,7589700
2023-05-24,2.4000000953674316,2.4200000762939453,2.2899999618530273,2.4000000953674316,2.4000000953674316,5927700
2023-05-25,2.680000066757202,2.680000066757202,2.3499999046325684,2.4000000953674316,2.4000000953674316,10361700
2023-05-26,2.4000000953674316,2.4700000286102295,2.319999933242798,2.3499999046325684,2.3499999046325684,7350100
2023-05-30,2.4100000858306885,2.5,2.109999895095825,2.130000114440918,2.130000114440918,14997400
2023-05-31,2.190000057220459,2.25,2.109999895095825,2.2100000381469727,2.2100000381469727,6045800
2023-06-01,2.1600000858306885,2.1689999103546143,2.0,2.0899999141693115,2.0899999141693115,5015500
2023-06-02,2.140000104904175,2.180000066757202,1.940000057220459,2.0199999809265137,2.0199999809265137,4728800
2023-06-05,2.109999895095825,2.109999895095825,1.9600000381469727,2.0,2.0,2602200
2023-06-06,1.9800000190734863,2.1600000858306885,1.940000057220459,2.1500000953674316,2.1500000953674316,4997100
2023-06-07,2.1700000762939453,2.2200000286102295,2.0199999809265137,2.069999933242798,2.069999933242798,3829900
2023-06-08,2.069999933242798,2.1500000953674316,2.005000114440918,2.109999895095825,2.109999895095825,3132900
2023-06-09,2.0899999141693115,2.2699999809265137,1.9900000095367432,2.0399999618530273,2.0399999618530273,7319300
2023-06-12,2.049999952316284,2.069999933242798,2.0199999809265137,2.0399999618530273,2.0399999618530273,2703800
2023-06-13,2.0899999141693115,2.359999895095825,2.059999942779541,2.299999952316284,2.299999952316284,11543900
2023-06-14,2.2899999618530273,2.380000114440918,2.200000047683716,2.2899999618530273,2.2899999618530273,6067500
2023-06-15,2.2300000190734863,2.700000047683716,2.2100000381469727,2.559999942779541,2.559999942779541,15028100
2023-06-16,2.6500000953674316,2.680000066757202,2.4600000381469727,2.509999990463257,2.509999990463257,8786300
2023-06-20,2.5399999618530273,2.6700000762939453,2.3499999046325684,2.5899999141693115,2.5899999141693115,9216800
2023-06-21,2.5899999141693115,2.5999999046325684,2.3299999237060547,2.4000000953674316,2.4000000953674316,5876300
2023-06-22,2.369999885559082,2.5899999141693115,2.3399999141693115,2.390000104904175,2.390000104904175,6524100
2023-06-23,2.369999885559082,2.372999906539917,2.130000114440918,2.3399999141693115,2.3399999141693115,10369600
2023-06-26,2.299999952316284,2.4200000762939453,2.2300000190734863,2.2799999713897705,2.2799999713897705,4982600
2023-06-27,2.2799999713897705,2.4000000953674316,2.2300000190734863,2.380000114440918,2.380000114440918,3943900
2023-06-28,2.369999885559082,2.4000000953674316,2.240000009536743,2.299999952316284,2.299999952316284,4308500
2023-06-29,2.319999933242798,2.5899999141693115,2.2699999809265137,2.450000047683716,2.450000047683716,9942900
2023-06-30,2.509999990463257,2.549999952316284,2.3299999237060547,2.3499999046325684,2.3499999046325684,4149200
2023-07-03,2.3949999809265137,2.430000066757202,2.2799999713897705,2.390000104904175,2.390000104904175,3630100
2023-07-05,2.359999895095825,2.4000000953674316,2.259999990463257,2.2799999713897705,2.2799999713897705,2921900
2023-07-06,2.2200000286102295,2.240000009536743,2.0799999237060547,2.0799999237060547,2.0799999237060547,5894300
2023-07-07,2.109999895095825,2.239000082015991,2.0899999141693115,2.109999895095825,2.109999895095825,4469000
2023-07-10,2.130000114440918,2.140000104904175,2.0399999618530273,2.0899999141693115,2.0899999141693115,3864600
2023-07-11,2.0999999046325684,2.130000114440918,2.0,2.069999933242798,2.069999933242798,5100100
2023-07-12,2.1700000762939453,2.1700000762939453,2.065000057220459,2.0999999046325684,2.0999999046325684,4409600
2023-07-13,2.140000104904175,2.180000066757202,2.0799999237060547,2.109999895095825,2.109999895095825,4565000
2023-07-14,2.109999895095825,2.109999895095825,1.9800000190734863,2.0299999713897705,2.0299999713897705,4313400
2023-07-17,2.0299999713897705,2.0799999237060547,2.009999990463257,2.0299999713897705,2.0299999713897705,2828100
2023-07-18,2.0399999618530273,2.0799999237060547,2.0199999809265137,2.0399999618530273,2.0399999618530273,3089000
2023-07-19,2.049999952316284,2.2300000190734863,2.049999952316284,2.069999933242798,2.069999933242798,6020700
2023-07-20,2.059999942779541,2.0899999141693115,1.8600000143051147,1.8899999856948853,1.8899999856948853,7472300
2023-07-21,1.940000057220459,2.0,1.8899999856948853,1.9600000381469727,1.9600000381469727,3071900
2023-07-24,1.9500000476837158,1.9630000591278076,1.8600000143051147,1.909999966621399,1.909999966621399,2993800
2023-07-25,1.8799999952316284,1.9299999475479126,1.8600000143051147,1.8700000047683716,1.8700000047683716,2421900
2023-07-26,1.8799999952316284,1.9700000286102295,1.8600000143051147,1.9299999475479126,1.9299999475479126,2658100
2023-07-27,1.9500000476837158,1.9500000476837158,1.7400000095367432,1.75,1.75,3881200
2023-07-28,1.7999999523162842,1.8799999952316284,1.75,1.8700000047683716,1.8700000047683716,2724200
2023-07-31,1.8799999952316284,2.0199999809265137,1.8799999952316284,2.009999990463257,2.009999990463257,3789700
2023-08-01,1.9700000286102295,2.2100000381469727,1.9500000476837158,2.119999885559082,2.119999885559082,6999900
2023-08-02,2.049999952316284,2.049999952316284,1.940000057220459,1.9800000190734863,1.9800000190734863,2594900
2023-08-03,1.9700000286102295,2.059999942779541,1.9600000381469727,2.009999990463257,2.009999990463257,2031000
2023-08-04,2.0399999618530273,2.049999952316284,1.9700000286102295,2.009999990463257,2.009999990463257,2222900
2023-08-07,2.049999952316284,2.049999952316284,1.809999942779541,1.8300000429153442,1.8300000429153442,4148400
2023-08-08,1.8200000524520874,1.8200000524520874,1.7100000381469727,1.7699999809265137,1.7699999809265137,3029400
2023-08-09,1.7799999713897705,1.7799999713897705,1.5099999904632568,1.590000033378601,1.590000033378601,4074800
2023-08-10,1.6699999570846558,1.7000000476837158,1.5499999523162842,1.5700000524520874,1.5700000524520874,2094900
2023-08-11,1.5399999618530273,1.7100000381469727,1.531000018119812,1.7000000476837158,1.7000000476837158,3290300
2023-08-14,1.7000000476837158,1.7599999904632568,1.649999976158142,1.7599999904632568,1.7599999904632568,1736100
2023-08-15,1.7400000095367432,1.75600004196167,1.600000023841858,1.6100000143051147,1.6100000143051147,1858100
2023-08-16,1.6100000143051147,1.6100000143051147,1.5199999809265137,1.5299999713897705,1.5299999713897705,2384200
2023-08-17,1.5399999618530273,1.5499999523162842,1.4199999570846558,1.4199999570846558,1.4199999570846558,3028600
2023-08-18,1.3899999856948853,1.4299999475479126,1.340000033378601,1.4199999570846558,1.4199999570846558,2646500
2023-08-21,1.440000057220459,1.4600000381469727,1.350000023841858,1.3799999952316284,1.3799999952316284,2799900
2023-08-22,1.4199999570846558,1.440000057220459,1.3200000524520874,1.340000033378601,1.340000033378601,1917500
2023-08-23,1.3200000524520874,1.440000057220459,1.2999999523162842,1.3899999856948853,1.3899999856948853,2157500
2023-08-24,1.4299999475479126,1.434999942779541,1.2799999713897705,1.2999999523162842,1.2999999523162842,2306300
2023-08-25,1.309999942779541,1.3700000047683716,1.2699999809265137,1.309999942779541,1.309999942779541,1888400
2023-08-28,1.3300000429153442,1.3899999856948853,1.3200000524520874,1.3700000047683716,1.3700000047683716,1273900
2023-08-29,1.4500000476837158,1.6699999570846558,1.4299999475479126,1.6100000143051147,1.6100000143051147,9258100
2023-08-30,1.6699999570846558,1.7799999713897705,1.559999942779541,1.7400000095367432,1.7400000095367432,7073100
2023-08-31,1.7599999904632568,1.7899999618530273,1.6100000143051147,1.6399999856948853,1.6399999856948853,3502000
2023-09-01,1.7000000476837158,1.7699999809265137,1.6699999570846558,1.7200000286102295,1.7200000286102295,3752400
2023-09-05,1.7899999618530273,1.809999942779541,1.6699999570846558,1.7100000381469727,1.7100000381469727,4241100
2023-09-06,1.6799999475479126,1.7400000095367432,1.6200000047683716,1.690000057220459,1.690000057220459,1892900
2023-09-07,1.6299999952316284,1.6399999856948853,1.559999942779541,1.590000033378601,1.590000033378601,2196100
2023-09-08,1.625,1.7400000095367432,1.600000023841858,1.690000057220459,1.690000057220459,2676100
2023-09-11,1.7400000095367432,1.7999999523162842,1.659999966621399,1.7300000190734863,1.7300000190734863,2683300
2023-09-12,1.6799999475479126,1.7999999523162842,1.6699999570846558,1.7100000381469727,1.7100000381469727,2408900
2023-09-13,1.690000057220459,1.7200000286102295,1.600000023841858,1.600000023841858,1.600000023841858,2586300
2023-09-14,1.6399999856948853,1.6799999475479126,1.5800000429153442,1.6100000143051147,1.6100000143051147,1668400
2023-09-15,1.6200000047683716,1.659999966621399,1.590000033378601,1.659999966621399,1.659999966621399,4762000
2023-09-18,1.6399999856948853,1.649999976158142,1.5700000524520874,1.6299999952316284,1.6299999952316284,1610900
2023-09-19,1.590000033378601,1.6200000047683716,1.5700000524520874,1.600000023841858,1.600000023841858,1163800
2023-09-20,1.6399999856948853,1.649999976158142,1.5800000429153442,1.590000033378601,1.590000033378601,1075500
2023-09-21,1.5499999523162842,1.5700000524520874,1.4800000190734863,1.4800000190734863,1.4800000190734863,1891800
2023-09-22,1.4900000095367432,1.5,1.399999976158142,1.4199999570846558,1.4199999570846558,1701400
2023-09-25,1.409999966621399,1.409999966621399,1.2899999618530273,1.350000023841858,1.350000023841858,2136600
2023-09-26,1.2999999523162842,1.350000023841858,1.2799999713897705,1.2799999713897705,1.2799999713897705,1390200
2023-09-27,1.309999942779541,1.524999976158142,1.2999999523162842,1.4700000286102295,1.4700000286102295,5244600
2023-09-28,1.5099999904632568,1.5399999618530273,1.409999966621399,1.4299999475479126,1.4299999475479126,2605900
2023-09-29,1.4500000476837158,1.5499999523162842,1.4500000476837158,1.5099999904632568,1.5099999904632568,2216900
2023-10-02,1.5499999523162842,1.590000033378601,1.350000023841858,1.399999976158142,1.399999976158142,2727500
2023-10-03,1.3899999856948853,1.4199999570846558,1.350000023841858,1.3600000143051147,1.3600000143051147,1263000
2023-10-04,1.4600000381469727,1.4600000381469727,1.3200000524520874,1.4299999475479126,1.4299999475479126,1798900
2023-10-05,1.3899999856948853,1.440000057220459,1.3700000047683716,1.4299999475479126,1.4299999475479126,1202000
2023-10-06,1.3799999952316284,1.4800000190734863,1.3799999952316284,1.4700000286102295,1.4700000286102295,1121600
2023-10-09,1.4299999475479126,1.5399999618530273,1.409999966621399,1.5399999618530273,1.5399999618530273,1541400
2023-10-10,1.4600000381469727,1.5440000295639038,1.4500000476837158,1.4600000381469727,1.4600000381469727,1610300
2023-10-11,1.4299999475479126,1.4700000286102295,1.399999976158142,1.399999976158142,1.399999976158142,1164100
2023-10-12,1.399999976158142,1.409999966621399,1.350000023841858,1.3600000143051147,1.3600000143051147,927400
2023-10-13,1.3799999952316284,1.3899999856948853,1.2999999523162842,1.309999942779541,1.309999942779541,1040000
2023-10-16,1.340000033378601,1.350000023841858,1.309999942779541,1.340000033378601,1.340000033378601,1051500
2023-10-17,1.340000033378601,1.4500000476837158,1.340000033378601,1.440000057220459,1.440000057220459,1627600
2023-10-18,1.409999966621399,1.409999966621399,1.350000023841858,1.3600000143051147,1.3600000143051147,805500
2023-10-19,1.3600000143051147,1.3799999952316284,1.3200000524520874,1.350000023841858,1.350000023841858,1063300
2023-10-20,1.3300000429153442,1.350000023841858,1.2999999523162842,1.2999999523162842,1.2999999523162842,1081800
2023-10-23,1.2999999523162842,1.3899999856948853,1.2300000190734863,1.3200000524520874,1.3200000524520874,1472500
2023-10-24,1.3200000524520874,1.3799999952316284,1.309999942779541,1.3300000429153442,1.3300000429153442,1114200
2023-10-25,1.340000033378601,1.340000033378601,1.2599999904632568,1.2799999713897705,1.2799999713897705,948400
2023-10-26,1.309999942779541,1.3300000429153442,1.2599999904632568,1.2699999809265137,1.2699999809265137,937000
2023-10-27,1.2799999713897705,1.2999999523162842,1.2300000190734863,1.25,1.25,696100
2023-10-30,1.25,1.2799999713897705,1.2000000476837158,1.2200000286102295,1.2200000286102295,1016800
2023-10-31,1.2100000381469727,1.2699999809265137,1.159999966621399,1.2699999809265137,1.2699999809265137,1170600
2023-11-01,1.2699999809265137,1.2799999713897705,1.1699999570846558,1.190000057220459,1.190000057220459,1046000
2023-11-02,1.2599999904632568,1.309999942779541,1.2200000286102295,1.309999942779541,1.309999942779541,2247000
2023-11-03,1.340000033378601,1.4500000476837158,1.340000033378601,1.440000057220459,1.440000057220459,2070300
2023-11-06,1.5099999904632568,1.6200000047683716,1.4299999475479126,1.4700000286102295,1.4700000286102295,4104100
2023-11-07,1.4800000190734863,1.7000000476837158,1.4800000190734863,1.559999942779541,1.559999942779541,4318600
2023-11-08,1.6399999856948853,1.649999976158142,1.4700000286102295,1.4900000095367432,1.4900000095367432,2563500
2023-11-09,1.5399999618530273,1.600000023841858,1.4800000190734863,1.5399999618530273,1.5399999618530273,1931700
2023-11-10,1.5299999713897705,1.590000033378601,1.4950000047683716,1.559999942779541,1.559999942779541,1455300
2023-11-13,1.5399999618530273,1.8049999475479126,1.5199999809265137,1.7799999713897705,1.7799999713897705,3849400
2023-11-14,1.840000033378601,1.8899999856948853,1.7799999713897705,1.8799999952316284,1.8799999952316284,3201700
2023-11-15,1.8899999856948853,2.0899999141693115,1.8600000143051147,1.9299999475479126,1.9299999475479126,4788200
2023-11-16,1.909999966621399,1.909999966621399,1.7599999904632568,1.7899999618530273,1.7899999618530273,2599500
2023-11-17,1.809999942779541,1.8799999952316284,1.7799999713897705,1.7999999523162842,1.7999999523162842,1725900
2023-11-20,1.840000033378601,1.9500000476837158,1.7999999523162842,1.8300000429153442,1.8300000429153442,2611000
2023-11-21,1.850000023841858,1.8600000143051147,1.7300000190734863,1.7400000095367432,1.7400000095367432,1548300
2023-11-22,1.809999942779541,1.850000023841858,1.7400000095367432,1.7699999809265137,1.7699999809265137,1096400
2023-11-24,1.7699999809265137,1.8849999904632568,1.7200000286102295,1.8600000143051147,1.8600000143051147,1152400
2023-11-27,1.8799999952316284,1.9500000476837158,1.8229999542236328,1.8899999856948853,1.8899999856948853,1597500
2023-11-28,1.8899999856948853,1.9299999475479126,1.8200000524520874,1.8899999856948853,1.8899999856948853,1347000
2023-11-29,1.909999966621399,1.9700000286102295,1.7899999618530273,1.8200000524520874,1.8200000524520874,2916800
2023-11-30,1.7899999618530273,1.8200000524520874,1.6799999475479126,1.7000000476837158,1.7000000476837158,2380700
2023-12-01,1.7100000381469727,1.809999942779541,1.6449999809265137,1.7999999523162842,1.7999999523162842,2476200
2023-12-04,1.809999942779541,1.8200000524520874,1.75,1.7799999713897705,1.7799999713897705,1503600
2023-12-05,1.7699999809265137,1.7949999570846558,1.7000000476837158,1.7100000381469727,1.7100000381469727,1687300
2023-12-06,1.7300000190734863,1.7599999904632568,1.6710000038146973,1.6799999475479126,1.6799999475479126,1104800
2023-12-07,1.6799999475479126,1.7000000476837158,1.6200000047683716,1.6399999856948853,1.6399999856948853,1371600
2023-12-08,1.6100000143051147,1.7599999904632568,1.6100000143051147,1.7400000095367432,1.7400000095367432,1666600
2023-12-11,1.7699999809265137,1.8049999475479126,1.7200000286102295,1.7899999618530273,1.7899999618530273,1700000
2023-12-12,1.7999999523162842,1.7999999523162842,1.6510000228881836,1.6699999570846558,1.6699999570846558,1618600
2023-12-13,1.7000000476837158,1.840000033378601,1.6699999570846558,1.840000033378601,1.840000033378601,2184900
2023-12-14,1.8899999856948853,1.940000057220459,1.840000033378601,1.8799999952316284,1.8799999952316284,2754600
2023-12-15,1.8899999856948853,1.9700000286102295,1.8799999952316284,1.9199999570846558,1.9199999570846558,2700600
2023-12-18,1.8899999856948853,1.9500000476837158,1.7699999809265137,1.7799999713897705,1.7799999713897705,2192300
2023-12-19,1.7799999713897705,1.8700000047683716,1.7200000286102295,1.7799999713897705,1.7799999713897705,2195300
2023-12-20,1.7699999809265137,1.8200000524520874,1.659999966621399,1.6699999570846558,1.6699999570846558,1838600
2023-12-21,1.7400000095367432,1.746999979019165,1.6699999570846558,1.7400000095367432,1.7400000095367432,1015800
2023-12-22,1.7799999713897705,1.9199999570846558,1.7450000047683716,1.850000023841858,1.850000023841858,3287400
2023-12-26,1.8700000047683716,1.9900000095367432,1.8650000095367432,1.9700000286102295,1.9700000286102295,2676400
2023-12-27,2.0199999809265137,2.190000057220459,1.9700000286102295,2.109999895095825,2.109999895095825,4900100
2023-12-28,2.130000114440918,2.3499999046325684,2.125,2.3299999237060547,2.3299999237060547,6152700
2023-12-29,2.3299999237060547,2.3299999237060547,2.109999895095825,2.140000104904175,2.140000104904175,3970200
2024-01-02,2.069999933242798,2.130000114440918,1.9700000286102295,2.0,2.0,4723600
2024-01-03,1.9500000476837158,1.9500000476837158,1.850000023841858,1.8799999952316284,1.8799999952316284,2730500
2024-01-04,1.9199999570846558,2.009999990463257,1.8799999952316284,1.9900000095367432,1.9900000095367432,2324200
2024-01-05,1.9900000095367432,2.0199999809265137,1.9049999713897705,1.940000057220459,1.940000057220459,1636000
2024-01-08,1.9900000095367432,2.2200000286102295,1.965000033378601,2.190000057220459,2.190000057220459,4803500
2024-01-09,2.2200000286102295,2.240000009536743,2.0399999618530273,2.0399999618530273,2.0399999618530273,2937500
2024-01-10,2.069999933242798,2.190000057220459,2.0299999713897705,2.059999942779541,2.059999942779541,3497300
2024-01-11,2.049999952316284,2.049999952316284,1.850000023841858,1.9900000095367432,1.9900000095367432,3703700
2024-01-12,2.0,2.0299999713897705,1.9550000429153442,2.0,2.0,1497300
2024-01-16,1.9700000286102295,1.9900000095367432,1.840000033378601,1.850000023841858,1.850000023841858,2324900
2024-01-17,1.8300000429153442,1.8550000190734863,1.7100000381469727,1.7799999713897705,1.7799999713897705,2908500
2024-01-18,1.8200000524520874,1.8300000429153442,1.649999976158142,1.659999966621399,1.659999966621399,2594600
2024-01-19,1.690000057220459,1.7699999809265137,1.6200000047683716,1.7699999809265137,1.7699999809265137,2572500
2024-01-22,1.809999942779541,1.9500000476837158,1.8049999475479126,1.9500000476837158,1.9500000476837158,3379500
2024-01-23,1.9600000381469727,1.9800000190734863,1.8600000143051147,1.940000057220459,1.940000057220459,2382700
2024-01-24,1.9600000381469727,1.9800000190734863,1.840000033378601,1.850000023841858,1.850000023841858,1841800
2024-01-25,1.8799999952316284,1.8799999952316284,1.7599999904632568,1.809999942779541,1.809999942779541,1228800
2024-01-26,1.7899999618530273,1.8799999952316284,1.7899999618530273,1.809999942779541,1.809999942779541,1365700
2024-01-29,1.8200000524520874,1.850000023841858,1.7100000381469727,1.8300000429153442,1.8300000429153442,1759500
2024-01-30,1.7899999618530273,1.7999999523162842,1.7000000476837158,1.7100000381469727,1.7100000381469727,1554500
2024-01-31,1.7000000476837158,1.7309999465942383,1.6200000047683716,1.6200000047683716,1.6200000047683716,1824400
2024-02-01,1.649999976158142,1.690000057220459,1.5800000429153442,1.649999976158142,1.649999976158142,1583100
2024-02-02,1.6299999952316284,1.649999976158142,1.5700000524520874,1.6299999952316284,1.6299999952316284,1306700
2024-02-05,1.659999966621399,1.690000057220459,1.5700000524520874,1.5800000429153442,1.5800000429153442,1555100
2024-02-06,1.600000023841858,1.7599999904632568,1.5800000429153442,1.7400000095367432,1.7400000095367432,2286700
2024-02-07,1.7100000381469727,1.7200000286102295,1.649999976158142,1.659999966621399,1.659999966621399,1402800
2024-02-08,1.649999976158142,1.75,1.6200000047683716,1.7200000286102295,1.7200000286102295,1925700
2024-02-09,1.7300000190734863,1.909999966621399,1.7300000190734863,1.850000023841858,1.850000023841858,3897700
2024-02-12,1.8600000143051147,2.0199999809265137,1.850000023841858,1.9600000381469727,1.9600000381469727,4244900
2024-02-13,1.809999942779541,1.8799999952316284,1.7400000095367432,1.7999999523162842,1.7999999523162842,2468000
2024-02-14,1.8700000047683716,1.9299999475479126,1.8300000429153442,1.909999966621399,1.909999966621399,2142000
2024-02-15,2.130000114440918,2.3299999237060547,1.940000057220459,2.25,2.25,13601300
2024-02-16,2.259999990463257,2.2699999809265137,2.0799999237060547,2.2100000381469727,2.2100000381469727,7805700
2024-02-20,2.1700000762939453,2.259999990463257,2.0399999618530273,2.130000114440918,2.130000114440918,6310700
2024-02-21,2.069999933242798,2.075000047683716,1.899999976158142,1.9299999475479126,1.9299999475479126,4486300
2024-02-22,2.0799999237060547,2.200000047683716,2.049999952316284,2.059999942779541,2.059999942779541,4397200
2024-02-23,2.069999933242798,2.069999933242798,1.9199999570846558,1.9500000476837158,1.9500000476837158,3410200
2024-02-26,1.9500000476837158,2.494999885559082,1.9199999570846558,2.490000009536743,2.490000009536743,15269800
2024-02-27,2.7200000286102295,3.4700000286102295,2.640000104904175,3.440000057220459,3.440000057220459,48832300
2024-02-28,3.6700000762939453,3.75,3.049999952316284,3.140000104904175,3.140000104904175,28385900
2024-02-29,3.319999933242798,3.549999952316284,3.1500000953674316,3.359999895095825,3.359999895095825,18683400
2024-03-01,3.380000114440918,4.179999828338623,3.140000104904175,3.4600000381469727,3.4600000381469727,45956300
2024-03-04,4.099999904632568,4.795000076293945,4.019999980926514,4.329999923706055,4.329999923706055,67504100
2024-03-05,4.570000171661377,4.630000114440918,3.5399999618530273,3.75,3.75,37653200
2024-03-06,4.059999942779541,4.269000053405762,3.75,3.819999933242798,3.819999933242798,24431600
2024-03-07,3.859999895095825,3.940000057220459,3.569999933242798,3.759999990463257,3.759999990463257,28669500
2024-03-08,2.809999942779541,2.950000047683716,2.5199999809265137,2.569999933242798,2.569999933242798,39587800
2024-03-11,2.569999933242798,2.619999885559082,2.4000000953674316,2.4200000762939453,2.4200000762939453,16788700
2024-03-12,2.440000057220459,2.4600000381469727,2.2799999713897705,2.3299999237060547,2.3299999237060547,19024900
2024-03-13,2.5999999046325684,2.680000066757202,2.4000000953674316,2.4600000381469727,2.4600000381469727,41114400
2024-03-14,2.890000104904175,2.890000104904175,2.359999895095825,2.440000057220459,2.440000057220459,53874400
2024-03-15,2.390000104904175,2.559999942779541,2.359999895095825,2.440000057220459,2.440000057220459,22804700
2024-03-18,2.450000047683716,2.490000009536743,2.190000057220459,2.2100000381469727,2.2100000381469727,19694700
2024-03-19,2.049999952316284,2.259999990463257,2.009999990463257,2.200000047683716,2.200000047683716,14311500
2024-03-20,2.1500000953674316,2.200000047683716,2.069999933242798,2.1500000953674316,2.1500000953674316,11729700
2024-03-21,2.180000066757202,2.2200000286102295,2.0350000858306885,2.069999933242798,2.069999933242798,9744200
2024-03-22,2.049999952316284,2.059999942779541,1.9500000476837158,2.0,2.0,9182100
2024-03-25,2.0,2.180000066757202,1.9600000381469727,2.1700000762939453,2.1700000762939453,12320600
2024-03-26,2.2200000286102295,2.2300000190734863,2.0799999237060547,2.0899999141693115,2.0899999141693115,8677100
2024-03-27,2.0999999046325684,2.180000066757202,2.009999990463257,2.1500000953674316,2.1500000953674316,14418600
2024-03-28,2.119999885559082,2.200000047683716,2.0350000858306885,2.049999952316284,2.049999952316284,6682000
2024-04-01,2.0399999618530273,2.049999952316284,1.9299999475479126,1.9600000381469727,1.9600000381469727,7168800
2024-04-02,1.8899999856948853,1.899999976158142,1.8300000429153442,1.8600000143051147,1.8600000143051147,7198300
2024-04-03,1.8300000429153442,1.9700000286102295,1.8200000524520874,1.9700000286102295,1.9700000286102295,5433000
2024-04-04,2.009999990463257,2.069999933242798,1.9199999570846558,1.9299999475479126,1.9299999475479126,6569900
2024-04-05,1.9500000476837158,2.009999990463257,1.909999966621399,1.9500000476837158,1.9500000476837158,3710900
2024-04-08,1.9800000190734863,1.9900000095367432,1.8700000047683716,1.899999976158142,1.899999976158142,5616400
2024-04-09,1.9199999570846558,1.940000057220459,1.840000033378601,1.850000023841858,1.850000023841858,3791700
2024-04-10,1.7999999523162842,1.840000033378601,1.7599999904632568,1.7799999713897705,1.7799999713897705,4722700
2024-04-11,1.7999999523162842,1.8049999475479126,1.75,1.7599999904632568,1.7599999904632568,3734700
2024-04-12,1.7599999904632568,1.7699999809265137,1.6799999475479126,1.75,1.75,4972100
2024-04-15,1.7300000190734863,1.7400000095367432,1.5499999523162842,1.5800000429153442,1.5800000429153442,6636900
2024-04-16,1.5499999523162842,1.6399999856948853,1.5499999523162842,1.600000023841858,1.600000023841858,3177000
2024-04-17,1.6200000047683716,1.6699999570846558,1.5499999523162842,1.559999942779541,1.559999942779541,4632700
2024-04-18,1.5800000429153442,1.600000023841858,1.5199999809265137,1.5299999713897705,1.5299999713897705,2201600
2024-04-19,1.5199999809265137,1.5449999570846558,1.440000057220459,1.4500000476837158,1.4500000476837158,4212600
2024-04-22,1.4900000095367432,1.600000023841858,1.4700000286102295,1.559999942779541,1.559999942779541,4464700
2024-04-23,1.6799999475479126,1.75,1.6299999952316284,1.7100000381469727,1.7100000381469727,7038300
2024-04-24,1.7899999618530273,1.8200000524520874,1.649999976158142,1.690000057220459,1.690000057220459,6913900
2024-04-25,1.6399999856948853,1.7000000476837158,1.6100000143051147,1.659999966621399,1.659999966621399,2621900
2024-04-26,1.690000057220459,1.7999999523162842,1.6799999475479126,1.7999999523162842,1.7999999523162842,3620300
2024-04-29,1.8300000429153442,1.8700000047683716,1.7000000476837158,1.75,1.75,5914700
2024-04-30,1.7000000476837158,1.7599999904632568,1.649999976158142,1.659999966621399,1.659999966621399,3896400
2024-05-01,1.649999976158142,1.8200000524520874,1.649999976158142,1.7200000286102295,1.7200000286102295,5195600
2024-05-02,1.7599999904632568,1.7649999856948853,1.690000057220459,1.7300000190734863,1.7300000190734863,7899400
2024-05-03,1.5199999809265137,1.6200000047683716,1.4600000381469727,1.4900000095367432,1.4900000095367432,11236400
2024-05-06,1.5,1.559999942779541,1.4900000095367432,1.5099999904632568,1.5099999904632568,4515400
2024-05-07,1.5299999713897705,1.5299999713897705,1.4500000476837158,1.4800000190734863,1.4800000190734863,3081400
2024-05-08,1.4800000190734863,1.4900000095367432,1.4500000476837158,1.4900000095367432,1.4900000095367432,2052300
2024-05-09,1.4600000381469727,1.4900000095367432,1.4500000476837158,1.4800000190734863,1.4800000190734863,2334400
2024-05-10,1.4900000095367432,1.5099999904632568,1.3899999856948853,1.3899999856948853,1.3899999856948853,4018300
2024-05-13,1.4299999475479126,1.5800000429153442,1.399999976158142,1.4700000286102295,1.4700000286102295,5747100
2024-05-14,1.5199999809265137,1.6649999618530273,1.5099999904632568,1.6100000143051147,1.6100000143051147,7937900
2024-05-15,1.690000057220459,1.7100000381469727,1.600000023841858,1.6799999475479126,1.6799999475479126,7252600
2024-05-16,1.6799999475479126,1.7100000381469727,1.5299999713897705,1.559999942779541,1.559999942779541,4835300
2024-05-17,1.559999942779541,1.6399999856948853,1.4700000286102295,1.5099999904632568,1.5099999904632568,6085600
2024-05-20,1.5199999809265137,1.6399999856948853,1.5199999809265137,1.600000023841858,1.600000023841858,5566600
2024-05-21,1.6100000143051147,1.6100000143051147,1.5099999904632568,1.5499999523162842,1.5499999523162842,4061900
2024-05-22,1.5499999523162842,1.5499999523162842,1.4800000190734863,1.5,1.5,3305400
2024-05-23,1.5800000429153442,1.6299999952316284,1.4900000095367432,1.5199999809265137,1.5199999809265137,6128400
2024-05-24,1.5399999618530273,1.5700000524520874,1.5299999713897705,1.5700000524520874,1.5700000524520874,1913700
2024-05-28,1.590000033378601,1.600000023841858,1.5499999523162842,1.600000023841858,1.600000023841858,2234100
2024-05-29,1.5299999713897705,1.5700000524520874,1.5099999904632568,1.5299999713897705,1.5299999713897705,3357500
2024-05-30,1.5399999618530273,1.6100000143051147,1.5199999809265137,1.5299999713897705,1.5299999713897705,3659300
2024-05-31,1.5299999713897705,1.559999942779541,1.4700000286102295,1.5,1.5,3660100
2024-06-03,1.5,1.5199999809265137,1.4500000476837158,1.4800000190734863,1.4800000190734863,2880900
2024-06-04,1.4800000190734863,1.5,1.4600000381469727,1.4800000190734863,1.4800000190734863,2331800
2024-06-05,1.4800000190734863,1.4900000095367432,1.3949999809265137,1.409999966621399,1.409999966621399,4286800
2024-06-06,1.409999966621399,1.4199999570846558,1.3200000524520874,1.3600000143051147,1.3600000143051147,4952700
2024-06-07,1.409999966621399,1.4800000190734863,1.3700000047683716,1.440000057220459,1.440000057220459,5564000
2024-06-10,1.399999976158142,1.4199999570846558,1.3600000143051147,1.3600000143051147,1.3600000143051147,4104000
2024-06-11,1.3600000143051147,1.4199999570846558,1.340000033378601,1.399999976158142,1.399999976158142,2877000
2024-06-12,1.399999976158142,1.4700000286102295,1.3899999856948853,1.399999976158142,1.399999976158142,2851500
2024-06-13,1.4299999475479126,1.4299999475479126,1.3600000143051147,1.3700000047683716,1.3700000047683716,1620200
2024-06-14,1.3700000047683716,1.3799999952316284,1.350000023841858,1.3600000143051147,1.3600000143051147,1818800
2024-06-17,1.350000023841858,1.3600000143051147,1.2999999523162842,1.3200000524520874,1.3200000524520874,3013000
2024-06-18,1.2999999523162842,1.3459999561309814,1.2899999618530273,1.2899999618530273,1.2899999618530273,2647800
2024-06-20,1.2899999618530273,1.2999999523162842,1.1799999475479126,1.2000000476837158,1.2000000476837158,5047900
2024-06-21,1.2300000190734863,1.2999999523162842,1.2200000286102295,1.2899999618530273,1.2899999618530273,3198000
2024-06-24,1.2899999618530273,1.3300000429153442,1.2599999904632568,1.2699999809265137,1.2699999809265137,2309300
2024-06-25,1.2699999809265137,1.3799999952316284,1.2350000143051147,1.350000023841858,1.350000023841858,3231700
2024-06-26,1.3300000429153442,1.3899999856948853,1.309999942779541,1.3899999856948853,1.3899999856948853,2735200
2024-06-27,1.3600000143051147,1.5,1.3600000143051147,1.4900000095367432,1.4900000095367432,3476000
2024-06-28,1.4900000095367432,1.5199999809265137,1.4700000286102295,1.5099999904632568,1.5099999904632568,8518300
2024-07-01,1.4900000095367432,1.5,1.409999966621399,1.4600000381469727,1.4600000381469727,2332900
2024-07-02,1.440000057220459,1.4700000286102295,1.409999966621399,1.4500000476837158,1.4500000476837158,1357700
2024-07-03,1.440000057220459,1.5,1.440000057220459,1.4800000190734863,1.4800000190734863,1847700
2024-07-05,1.4500000476837158,1.4600000381469727,1.399999976158142,1.4299999475479126,1.4299999475479126,2310600
2024-07-08,1.4299999475479126,1.5099999904632568,1.409999966621399,1.4800000190734863,1.4800000190734863,2267800
2024-07-09,1.4900000095367432,1.5,1.4299999475479126,1.4500000476837158,1.4500000476837158,2447700
2024-07-10,1.440000057220459,1.559999942779541,1.4299999475479126,1.5499999523162842,1.5499999523162842,4829300
2024-07-11,1.590000033378601,1.6299999952316284,1.5299999713897705,1.600000023841858,1.600000023841858,4437900
2024-07-12,1.5800000429153442,1.6100000143051147,1.5499999523162842,1.6100000143051147,1.6100000143051147,3032700
2024-07-15,1.6200000047683716,1.6299999952316284,1.5499999523162842,1.559999942779541,1.559999942779541,2675300
2024-07-16,1.5800000429153442,1.6699999570846558,1.5399999618530273,1.659999966621399,1.659999966621399,3794200
2024-07-17,1.6100000143051147,1.659999966621399,1.5,1.5399999618530273,1.5399999618530273,5932600
2024-07-18,1.5700000524520874,1.5850000381469727,1.4600000381469727,1.4800000190734863,1.4800000190734863,2636300
2024-07-19,1.4900000095367432,1.5149999856948853,1.4500000476837158,1.4800000190734863,1.4800000190734863,1427100
2024-07-22,1.4800000190734863,1.5099999904632568,1.440000057220459,1.5,1.5,2000800
2024-07-23,1.5,1.5499999523162842,1.4900000095367432,1.5399999618530273,1.5399999618530273,2076800
2024-07-24,1.5,1.5399999618530273,1.4700000286102295,1.5299999713897705,1.5299999713897705,2509100
2024-07-25,1.4900000095367432,1.5399999618530273,1.440000057220459,1.5399999618530273,1.5399999618530273,3401100
2024-07-26,1.5499999523162842,1.5579999685287476,1.4800000190734863,1.5199999809265137,1.5199999809265137,2668700
2024-07-29,1.5199999809265137,1.5299999713897705,1.4199999570846558,1.4199999570846558,1.4199999570846558,2588600
2024-07-30,1.440000057220459,1.4700000286102295,1.3700000047683716,1.4500000476837158,1.4500000476837158,3010200
2024-07-31,1.4700000286102295,1.5700000524520874,1.4550000429153442,1.5099999904632568,1.5099999904632568,2429300
2024-08-01,1.5299999713897705,1.5399999618530273,1.399999976158142,1.399999976158142,1.399999976158142,3102500
2024-08-02,1.309999942779541,1.399999976158142,1.2799999713897705,1.340000033378601,1.340000033378601,4151100
2024-08-05,1.1699999570846558,1.2799999713897705,1.1649999618530273,1.2400000095367432,1.2400000095367432,3288000
2024-08-06,1.2799999713897705,1.2799999713897705,1.2100000381469727,1.2300000190734863,1.2300000190734863,1638300
2024-08-07,1.2699999809265137,1.2799999713897705,1.1699999570846558,1.190000057220459,1.190000057220459,3010300
2024-08-08,1.2100000381469727,1.25,1.1799999475479126,1.2300000190734863,1.2300000190734863,2423900
2024-08-09,1.2300000190734863,1.25,1.2100000381469727,1.2100000381469727,1.2100000381469727,1221537
