Date,Open,High,Low,Close,Adj Close,Volume
2021-12-03,789.5999755859375,789.5999755859375,789.5999755859375,789.5999755859375,789.5999755859375,17065
2021-12-06,788.7999877929688,788.7999877929688,788.0,788.7999877929688,788.7999877929688,14466
2021-12-07,788.0,788.7999877929688,788.0,788.7999877929688,788.7999877929688,1534
2021-12-08,788.7999877929688,788.7999877929688,787.280029296875,788.0,788.0,34
2021-12-09,788.0,789.5999755859375,787.2000122070312,789.5999755859375,789.5999755859375,2323
2021-12-10,793.5999755859375,793.5999755859375,786.4000244140625,790.4000244140625,790.4000244140625,1299
2021-12-13,789.5999755859375,790.4000244140625,789.5999755859375,790.4000244140625,790.4000244140625,1360
2021-12-14,789.5999755859375,790.4000244140625,787.2000122070312,788.0,788.0,9611
2021-12-15,787.2000122070312,789.5999755859375,787.2000122070312,788.7999877929688,788.7999877929688,1713
2021-12-16,787.5999755859375,790.4000244140625,787.5999755859375,788.7999877929688,788.7999877929688,660
2021-12-17,788.7999877929688,788.7999877929688,787.2000122070312,788.7999877929688,788.7999877929688,2508
2021-12-20,788.7999877929688,788.7999877929688,788.0,788.7999877929688,788.7999877929688,96
2021-12-21,789.5999755859375,790.4000244140625,788.7999877929688,789.5999755859375,789.5999755859375,85
2021-12-22,788.0,790.4000244140625,788.0,788.0,788.0,1820
2021-12-23,788.0,789.5999755859375,787.2000122070312,787.2000122070312,787.2000122070312,29
2021-12-27,786.4000244140625,789.5999755859375,786.4000244140625,789.5999755859375,789.5999755859375,10
2021-12-28,789.5999755859375,789.5999755859375,789.5999755859375,789.5999755859375,789.5999755859375,4
2021-12-29,790.4000244140625,790.4000244140625,789.5999755859375,789.5999755859375,789.5999755859375,23
2021-12-30,789.5999755859375,792.0,789.5999755859375,792.0,792.0,1599
2021-12-31,790.4000244140625,790.4000244140625,790.4000244140625,790.4000244140625,790.4000244140625,1938
2022-01-03,790.4000244140625,790.4000244140625,789.5999755859375,789.5999755859375,789.5999755859375,53
2022-01-04,789.5999755859375,789.5999755859375,789.5999755859375,789.5999755859375,789.5999755859375,0
2022-01-05,792.0,792.0,788.7999877929688,789.5999755859375,789.5999755859375,1394
2022-01-06,788.7999877929688,790.4000244140625,788.7999877929688,788.7999877929688,788.7999877929688,240
2022-01-07,790.0,790.0,788.7999877929688,788.7999877929688,788.7999877929688,39
2022-01-10,788.7999877929688,790.4000244140625,788.7999877929688,790.4000244140625,790.4000244140625,339
2022-01-11,788.7999877929688,790.4000244140625,788.7999877929688,790.4000244140625,790.4000244140625,243
2022-01-12,789.5999755859375,789.5999755859375,789.5999755859375,789.5999755859375,789.5999755859375,33
2022-01-13,789.5999755859375,789.5999755859375,789.5999755859375,789.5999755859375,789.5999755859375,0
2022-01-14,789.5999755859375,790.4000244140625,788.7999877929688,788.7999877929688,788.7999877929688,188
2022-01-18,788.7999877929688,788.7999877929688,788.7999877929688,788.7999877929688,788.7999877929688,63
2022-01-19,790.4000244140625,790.4000244140625,788.0,788.0,788.0,30
2022-01-20,790.4000244140625,790.4000244140625,790.4000244140625,790.4000244140625,790.4000244140625,11
2022-01-21,790.4000244140625,790.4000244140625,789.2000122070312,789.5999755859375,789.5999755859375,200
2022-01-24,790.0,790.0,790.0,790.0,790.0,24
2022-01-25,788.7999877929688,788.7999877929688,788.7999877929688,788.7999877929688,788.7999877929688,20
2022-01-26,788.7999877929688,790.0,788.7999877929688,789.5999755859375,789.5999755859375,3228
2022-01-27,791.2000122070312,791.2000122070312,788.0,788.0,788.0,1161
2022-01-28,788.0,788.0,788.0,788.0,788.0,0
2022-01-31,788.7999877929688,788.7999877929688,788.0,788.0,788.0,75
2022-02-01,790.0,792.7999877929688,790.0,792.7999877929688,792.7999877929688,60
2022-02-02,793.2000122070312,795.2000122070312,791.2000122070312,791.2000122070312,791.2000122070312,311
2022-02-03,791.5999755859375,791.5999755859375,789.5999755859375,789.5999755859375,789.5999755859375,26
2022-02-04,790.4000244140625,790.4000244140625,790.4000244140625,790.4000244140625,790.4000244140625,19
2022-02-07,790.4000244140625,790.4000244140625,790.4000244140625,790.4000244140625,790.4000244140625,1
2022-02-08,792.0,792.0,790.4000244140625,790.4000244140625,790.4000244140625,10
2022-02-09,791.2000122070312,791.2000122070312,789.5999755859375,790.4000244140625,790.4000244140625,473
2022-02-10,793.5999755859375,793.5999755859375,790.4000244140625,790.4000244140625,790.4000244140625,25
2022-02-11,790.3200073242188,790.3200073242188,790.3200073242188,790.3200073242188,790.3200073242188,25
2022-02-14,790.3200073242188,790.3200073242188,790.3200073242188,790.3200073242188,790.3200073242188,0
2022-02-15,791.2000122070312,791.2000122070312,790.4000244140625,791.2000122070312,791.2000122070312,23
2022-02-16,791.2000122070312,791.2000122070312,791.2000122070312,791.2000122070312,791.2000122070312,1
2022-02-17,791.5999755859375,791.5999755859375,791.5999755859375,791.5999755859375,791.5999755859375,1
2022-02-18,791.5999755859375,791.5999755859375,791.5999755859375,791.5999755859375,791.5999755859375,0
2022-02-22,791.5999755859375,791.5999755859375,791.5999755859375,791.5999755859375,791.5999755859375,0
2022-02-23,791.2000122070312,792.0,791.2000122070312,792.0,792.0,11
2022-02-24,791.2000122070312,791.5999755859375,791.2000122070312,791.5999755859375,791.5999755859375,34
2022-02-25,791.5999755859375,791.5999755859375,791.5999755859375,791.5999755859375,791.5999755859375,0
2022-02-28,792.7999877929688,792.7999877929688,792.0,792.0,792.0,24
2022-03-01,792.7999877929688,794.4000244140625,792.7999877929688,794.4000244140625,794.4000244140625,1885
2022-03-02,794.4000244140625,795.2000122070312,793.5999755859375,794.4000244140625,794.4000244140625,60
2022-03-03,792.7999877929688,794.7999877929688,792.7999877929688,794.7999877929688,794.7999877929688,21
2022-03-04,795.2000122070312,796.7999877929688,793.5999755859375,796.0,796.0,171
2022-03-07,793.5999755859375,793.5999755859375,792.7999877929688,793.5999755859375,793.5999755859375,38
2022-03-08,793.5999755859375,793.5999755859375,793.5999755859375,793.5999755859375,793.5999755859375,0
2022-03-09,794.5599975585938,794.5599975585938,794.5599975585938,794.5599975585938,794.5599975585938,8
2022-03-10,793.5999755859375,794.4000244140625,793.5999755859375,794.4000244140625,794.4000244140625,46
2022-03-11,794.4000244140625,794.4000244140625,794.4000244140625,794.4000244140625,794.4000244140625,0
2022-03-14,794.4000244140625,795.2000122070312,794.4000244140625,795.2000122070312,795.2000122070312,246
2022-03-15,795.2000122070312,795.5999755859375,794.4000244140625,794.4000244140625,794.4000244140625,1159
2022-03-16,795.2000122070312,796.47998046875,794.4000244140625,796.47998046875,796.47998046875,2149
2022-03-17,793.2000122070312,795.2000122070312,793.2000122070312,794.4000244140625,794.4000244140625,31
2022-03-18,794.4000244140625,794.4000244140625,794.4000244140625,794.4000244140625,794.4000244140625,0
2022-03-21,796.0,796.0,795.2000122070312,795.2000122070312,795.2000122070312,33
2022-03-22,795.2000122070312,795.2000122070312,795.2000122070312,795.2000122070312,795.2000122070312,0
2022-03-23,795.2000122070312,795.2000122070312,795.2000122070312,795.2000122070312,795.2000122070312,0
2022-03-24,796.0,796.0,796.0,796.0,796.0,1
2022-03-25,794.4000244140625,796.7999877929688,794.4000244140625,796.7999877929688,796.7999877929688,6
2022-03-28,795.2000122070312,796.0,795.2000122070312,796.0,796.0,54
2022-03-29,797.5999755859375,797.5999755859375,795.2000122070312,796.0,796.0,13
2022-03-30,795.5999755859375,796.7999877929688,794.4000244140625,796.7999877929688,796.7999877929688,55
2022-03-31,796.7999877929688,796.7999877929688,795.2000122070312,796.7999877929688,796.7999877929688,43
2022-04-01,796.0,797.2000122070312,796.0,797.2000122070312,797.2000122070312,20
2022-04-04,797.2000122070312,797.5999755859375,796.7999877929688,796.7999877929688,796.7999877929688,19
2022-04-05,797.2000122070312,797.2000122070312,796.9600219726562,796.9600219726562,796.9600219726562,10
2022-04-06,796.7999877929688,797.2000122070312,796.7999877929688,796.7999877929688,796.7999877929688,44
2022-04-07,796.7999877929688,796.7999877929688,796.0,796.0,796.0,9
2022-04-08,796.0,796.0,796.0,796.0,796.0,39
2022-04-11,797.4400024414062,797.4400024414062,796.0,796.0,796.0,25
2022-04-12,796.7999877929688,796.7999877929688,796.7999877929688,796.7999877929688,796.7999877929688,1838
2022-04-13,798.4000244140625,798.4000244140625,798.4000244140625,798.4000244140625,798.4000244140625,14
2022-04-14,798.4000244140625,798.4000244140625,798.4000244140625,798.4000244140625,798.4000244140625,4
2022-04-18,798.4000244140625,798.4000244140625,797.5999755859375,798.4000244140625,798.4000244140625,6139
2022-04-19,798.4000244140625,798.4000244140625,798.4000244140625,798.4000244140625,798.4000244140625,6298
2022-04-20,798.4000244140625,798.4000244140625,798.4000244140625,798.4000244140625,798.4000244140625,0
2022-04-21,797.5999755859375,797.5999755859375,797.5999755859375,797.5999755859375,797.5999755859375,1885
2022-04-22,798.4000244140625,798.4000244140625,798.4000244140625,798.4000244140625,798.4000244140625,1
2022-04-25,800.7999877929688,800.7999877929688,797.5999755859375,797.5999755859375,797.5999755859375,231
2022-04-26,800.0,800.0,800.0,800.0,800.0,3
2022-04-27,798.4000244140625,798.4000244140625,797.5999755859375,797.5999755859375,797.5999755859375,21
2022-04-28,800.7999877929688,800.7999877929688,797.5999755859375,797.5999755859375,797.5999755859375,31
2022-04-29,800.7999877929688,800.7999877929688,800.7999877929688,800.7999877929688,800.7999877929688,1
2022-05-02,800.7999877929688,800.7999877929688,800.7999877929688,800.7999877929688,800.7999877929688,0
2022-05-03,798.4000244140625,798.4000244140625,797.5999755859375,797.5999755859375,797.5999755859375,43
2022-05-04,797.5999755859375,797.5999755859375,797.5999755859375,797.5999755859375,797.5999755859375,0
2022-05-05,797.5999755859375,797.5999755859375,797.5999755859375,797.5999755859375,797.5999755859375,0
2022-05-06,797.5999755859375,797.5999755859375,797.5999755859375,797.5999755859375,797.5999755859375,0
2022-05-09,797.5999755859375,797.5999755859375,797.5999755859375,797.5999755859375,797.5999755859375,8
2022-05-10,796.0,797.5999755859375,796.0,797.5999755859375,797.5999755859375,35
2022-05-11,796.7999877929688,796.7999877929688,795.2000122070312,796.0,796.0,12529
2022-05-12,796.0,799.2000122070312,796.0,796.7999877929688,796.7999877929688,31
2022-05-13,796.7999877929688,796.7999877929688,796.7999877929688,796.7999877929688,796.7999877929688,0
2022-05-16,796.0,796.0,796.0,796.0,796.0,19
2022-05-17,796.0,796.0,796.0,796.0,796.0,0
2022-05-18,796.0,796.0,796.0,796.0,796.0,10
2022-05-19,798.0,798.0,795.2000122070312,795.2000122070312,795.2000122070312,14
2022-05-20,795.2000122070312,795.2000122070312,795.2000122070312,795.2000122070312,795.2000122070312,13
2022-05-23,798.4000244140625,798.4000244140625,798.4000244140625,798.4000244140625,798.4000244140625,3
2022-05-24,797.5999755859375,797.5999755859375,796.0,797.5999755859375,797.5999755859375,19
2022-05-25,797.5999755859375,797.5999755859375,797.5999755859375,797.5999755859375,797.5999755859375,0
2022-05-26,797.5999755859375,797.5999755859375,797.5999755859375,797.5999755859375,797.5999755859375,0
2022-05-27,796.0,796.0,796.0,796.0,796.0,5
2022-05-31,797.5999755859375,798.4000244140625,797.5999755859375,797.5999755859375,797.5999755859375,1666
2022-06-01,797.5999755859375,797.5999755859375,796.0,796.0,796.0,24
2022-06-02,796.0,797.1199951171875,796.0,797.1199951171875,797.1199951171875,8
2022-06-03,798.4000244140625,798.4000244140625,796.7999877929688,796.7999877929688,796.7999877929688,48
2022-06-06,799.2000122070312,799.2000122070312,799.2000122070312,799.2000122070312,799.2000122070312,4
2022-06-07,799.2000122070312,799.2000122070312,799.2000122070312,799.2000122070312,799.2000122070312,0
2022-06-08,799.2000122070312,799.2000122070312,799.2000122070312,799.2000122070312,799.2000122070312,0
2022-06-09,797.5999755859375,797.5999755859375,796.7999877929688,796.7999877929688,796.7999877929688,631
2022-06-10,796.7999877929688,796.7999877929688,796.7999877929688,796.7999877929688,796.7999877929688,4369
2022-06-13,796.7999877929688,796.7999877929688,796.7999877929688,796.7999877929688,796.7999877929688,0
2022-06-14,797.5999755859375,797.5999755859375,796.0,796.0,796.0,6265
2022-06-15,800.0,800.0,798.7999877929688,798.7999877929688,798.7999877929688,13
2022-06-16,798.4000244140625,798.4000244140625,797.5999755859375,797.5999755859375,797.5999755859375,1255
2022-06-17,798.4000244140625,798.4000244140625,798.4000244140625,798.4000244140625,798.4000244140625,2501
2022-06-21,798.4000244140625,798.4000244140625,798.4000244140625,798.4000244140625,798.4000244140625,0
2022-06-22,796.7999877929688,796.7999877929688,796.7999877929688,796.7999877929688,796.7999877929688,64
2022-06-23,797.5999755859375,798.0,797.5999755859375,798.0,798.0,14
2022-06-24,798.0,798.0,798.0,798.0,798.0,0
2022-06-27,796.7999877929688,799.5999755859375,796.0,799.5999755859375,799.5999755859375,16
2022-06-28,796.0,798.7999877929688,796.0,797.5999755859375,797.5999755859375,34
2022-06-29,797.5999755859375,797.5999755859375,797.5999755859375,797.5999755859375,797.5999755859375,3
2022-06-30,799.2000122070312,799.2000122070312,799.2000122070312,799.2000122070312,799.2000122070312,3
2022-07-01,796.7999877929688,797.5999755859375,796.7999877929688,797.5999755859375,797.5999755859375,89
2022-07-05,797.5999755859375,797.5999755859375,797.5999755859375,797.5999755859375,797.5999755859375,2683
2022-07-06,798.4000244140625,798.4000244140625,798.4000244140625,798.4000244140625,798.4000244140625,3
2022-07-07,798.4000244140625,798.4000244140625,798.4000244140625,798.4000244140625,798.4000244140625,1
2022-07-08,798.4000244140625,798.4000244140625,798.4000244140625,798.4000244140625,798.4000244140625,4
2022-07-11,798.4000244140625,798.4000244140625,798.4000244140625,798.4000244140625,798.4000244140625,49
2022-07-12,799.2000122070312,799.2000122070312,799.2000122070312,799.2000122070312,799.2000122070312,53
2022-07-13,799.2000122070312,799.2000122070312,799.2000122070312,799.2000122070312,799.2000122070312,0
2022-07-14,800.4000244140625,800.4000244140625,799.2000122070312,799.2000122070312,799.2000122070312,25
2022-07-15,840.0,840.0,800.7999877929688,801.5999755859375,801.5999755859375,18
2022-07-18,799.2000122070312,799.2000122070312,799.2000122070312,799.2000122070312,799.2000122070312,13
2022-07-19,799.2000122070312,799.2000122070312,799.2000122070312,799.2000122070312,799.2000122070312,24
2022-07-20,799.2000122070312,799.2000122070312,799.2000122070312,799.2000122070312,799.2000122070312,2504
2022-07-21,799.2000122070312,799.2000122070312,799.2000122070312,799.2000122070312,799.2000122070312,0
2022-07-22,799.2000122070312,799.2000122070312,799.2000122070312,799.2000122070312,799.2000122070312,0
2022-07-25,799.2000122070312,799.2000122070312,799.2000122070312,799.2000122070312,799.2000122070312,0
2022-07-26,799.2000122070312,799.2000122070312,799.2000122070312,799.2000122070312,799.2000122070312,0
2022-07-27,800.0,801.5999755859375,799.2000122070312,799.2000122070312,799.2000122070312,7334
2022-07-28,803.2000122070312,803.2000122070312,800.7999877929688,803.2000122070312,803.2000122070312,31
2022-07-29,803.2000122070312,803.2000122070312,803.2000122070312,803.2000122070312,803.2000122070312,0
2022-08-01,803.2000122070312,803.2000122070312,803.2000122070312,803.2000122070312,803.2000122070312,4
2022-08-02,804.0,804.0,801.5999755859375,801.5999755859375,801.5999755859375,16
2022-08-03,803.2000122070312,803.2000122070312,801.5999755859375,801.5999755859375,801.5999755859375,18
2022-08-04,801.5999755859375,802.7999877929688,801.5999755859375,802.4000244140625,802.4000244140625,1314
2022-08-05,801.5999755859375,801.5999755859375,801.5999755859375,801.5999755859375,801.5999755859375,148
2022-08-08,802.4000244140625,802.4000244140625,802.4000244140625,802.4000244140625,802.4000244140625,20
2022-08-09,802.4000244140625,802.4000244140625,802.4000244140625,802.4000244140625,802.4000244140625,300
2022-08-10,802.4000244140625,802.4000244140625,802.4000244140625,802.4000244140625,802.4000244140625,0
2022-08-11,802.4000244140625,802.4000244140625,802.4000244140625,802.4000244140625,802.4000244140625,1
2022-08-12,802.4000244140625,802.4000244140625,802.4000244140625,802.4000244140625,802.4000244140625,1
2022-08-15,802.4000244140625,802.7999877929688,802.4000244140625,802.4000244140625,802.4000244140625,70
2022-08-16,802.4000244140625,804.0,802.4000244140625,804.0,804.0,270
2022-08-17,804.0,804.0,802.4000244140625,802.4000244140625,802.4000244140625,1874
2022-08-18,802.4000244140625,802.4000244140625,802.4000244140625,802.4000244140625,802.4000244140625,64
2022-08-19,802.4000244140625,802.4000244140625,802.4000244140625,802.4000244140625,802.4000244140625,0
2022-08-22,802.4000244140625,802.4000244140625,801.5999755859375,801.5999755859375,801.5999755859375,13
2022-08-23,801.5999755859375,801.5999755859375,801.5999755859375,801.5999755859375,801.5999755859375,0
2022-08-24,801.5999755859375,801.5999755859375,801.5999755859375,801.5999755859375,801.5999755859375,0
2022-08-25,801.5999755859375,801.5999755859375,801.5999755859375,801.5999755859375,801.5999755859375,0
2022-08-26,801.5999755859375,801.5999755859375,801.5999755859375,801.5999755859375,801.5999755859375,0
2022-08-29,800.7999877929688,801.5999755859375,800.7999877929688,800.7999877929688,800.7999877929688,2549
2022-08-30,801.5999755859375,802.4000244140625,800.7999877929688,802.4000244140625,802.4000244140625,29
2022-08-31,802.4000244140625,802.4000244140625,800.7999877929688,800.7999877929688,800.7999877929688,54
2022-09-01,800.0,802.4000244140625,800.0,802.4000244140625,802.4000244140625,29
2022-09-02,802.4000244140625,802.4000244140625,802.4000244140625,802.4000244140625,802.4000244140625,1
2022-09-06,802.4000244140625,802.4000244140625,802.4000244140625,802.4000244140625,802.4000244140625,0
2022-09-07,802.4000244140625,802.4000244140625,802.4000244140625,802.4000244140625,802.4000244140625,0
2022-09-08,802.4000244140625,802.4000244140625,802.4000244140625,802.4000244140625,802.4000244140625,0
2022-09-09,800.7999877929688,804.0,800.7999877929688,804.0,804.0,2865
2022-09-12,804.0,804.0,804.0,804.0,804.0,0
2022-09-13,801.5999755859375,801.5999755859375,801.5999755859375,801.5999755859375,801.5999755859375,1
2022-09-14,801.5999755859375,801.5999755859375,801.5999755859375,801.5999755859375,801.5999755859375,0
2022-09-15,801.5999755859375,801.5999755859375,801.5999755859375,801.5999755859375,801.5999755859375,35
2022-09-16,801.5999755859375,801.5999755859375,801.5999755859375,801.5999755859375,801.5999755859375,14
2022-09-19,804.1599731445312,804.1599731445312,801.5999755859375,801.5999755859375,801.5999755859375,26
2022-09-20,801.5999755859375,802.4000244140625,801.5999755859375,801.5999755859375,801.5999755859375,71
2022-09-21,801.5999755859375,803.2000122070312,800.0,801.5999755859375,801.5999755859375,1245
2022-09-22,800.7999877929688,801.5999755859375,800.7999877929688,800.7999877929688,800.7999877929688,66
2022-09-23,800.0,800.6400146484375,800.0,800.0,800.0,33
2022-09-26,801.5999755859375,801.5999755859375,799.2000122070312,801.5999755859375,801.5999755859375,713
2022-09-27,801.5999755859375,802.4000244140625,801.5999755859375,801.5999755859375,801.5999755859375,570
2022-09-28,800.7999877929688,800.7999877929688,800.7999877929688,800.7999877929688,800.7999877929688,1
2022-09-29,800.7999877929688,800.7999877929688,800.7999877929688,800.7999877929688,800.7999877929688,6
2022-09-30,803.2000122070312,804.0,803.2000122070312,804.0,804.0,844
2022-10-03,800.7999877929688,800.7999877929688,800.7999877929688,800.7999877929688,800.7999877929688,33
2022-10-04,801.5999755859375,801.5999755859375,800.7999877929688,801.5999755859375,801.5999755859375,1010
2022-10-05,801.5999755859375,801.5999755859375,801.5999755859375,801.5999755859375,801.5999755859375,0
2022-10-06,802.4000244140625,802.4000244140625,802.0,802.4000244140625,802.4000244140625,45
2022-10-07,802.4000244140625,802.4000244140625,802.4000244140625,802.4000244140625,802.4000244140625,28
2022-10-10,808.7999877929688,808.7999877929688,808.7999877929688,808.7999877929688,808.7999877929688,4
2022-10-11,808.7999877929688,808.7999877929688,808.7999877929688,808.7999877929688,808.7999877929688,0
2022-10-12,808.7999877929688,808.7999877929688,808.7999877929688,808.7999877929688,808.7999877929688,1
2022-10-13,808.7999877929688,808.7999877929688,808.7999877929688,808.7999877929688,808.7999877929688,1
2022-10-14,803.2000122070312,803.2000122070312,803.2000122070312,803.2000122070312,803.2000122070312,9
2022-10-17,803.2000122070312,803.2000122070312,803.2000122070312,803.2000122070312,803.2000122070312,0
2022-10-18,803.2000122070312,803.2000122070312,803.2000122070312,803.2000122070312,803.2000122070312,0
2022-10-19,804.0,804.0,804.0,804.0,804.0,104
2022-10-20,804.0,804.0,804.0,804.0,804.0,0
2022-10-21,804.0,804.0,804.0,804.0,804.0,0
2022-10-24,804.0,804.0,804.0,804.0,804.0,0
2022-10-25,807.2000122070312,807.2000122070312,807.2000122070312,807.2000122070312,807.2000122070312,4
2022-10-26,807.2000122070312,807.2000122070312,807.2000122070312,807.2000122070312,807.2000122070312,0
2022-10-27,805.5999755859375,805.5999755859375,805.5999755859375,805.5999755859375,805.5999755859375,13
2022-10-28,805.5999755859375,805.5999755859375,805.5999755859375,805.5999755859375,805.5999755859375,0
2022-10-31,805.5999755859375,805.5999755859375,805.5999755859375,805.5999755859375,805.5999755859375,681
2022-11-01,805.5999755859375,806.7999877929688,805.5999755859375,805.5999755859375,805.5999755859375,1150
2022-11-02,805.5999755859375,806.4000244140625,804.7999877929688,806.4000244140625,806.4000244140625,4224
2022-11-03,805.5999755859375,805.5999755859375,805.5999755859375,805.5999755859375,805.5999755859375,711
2022-11-04,805.5999755859375,805.5999755859375,805.5999755859375,805.5999755859375,805.5999755859375,91
2022-11-07,805.5999755859375,805.5999755859375,804.7999877929688,804.7999877929688,804.7999877929688,548
2022-11-08,804.7999877929688,804.7999877929688,804.7999877929688,804.7999877929688,804.7999877929688,0
2022-11-09,806.4000244140625,806.4000244140625,806.4000244140625,806.4000244140625,806.4000244140625,4
2022-11-10,806.4000244140625,806.4000244140625,806.4000244140625,806.4000244140625,806.4000244140625,0
2022-11-11,807.2000122070312,807.2000122070312,807.2000122070312,807.2000122070312,807.2000122070312,5
2022-11-14,807.2000122070312,807.2000122070312,807.2000122070312,807.2000122070312,807.2000122070312,6
2022-11-15,807.2000122070312,807.2000122070312,807.2000122070312,807.2000122070312,807.2000122070312,0
2022-11-16,808.0,808.7999877929688,808.0,808.7999877929688,808.7999877929688,119
2022-11-17,808.7999877929688,808.7999877929688,808.7999877929688,808.7999877929688,808.7999877929688,20
2022-11-18,808.7999877929688,808.7999877929688,808.7999877929688,808.7999877929688,808.7999877929688,1
2022-11-21,808.7999877929688,808.7999877929688,808.7999877929688,808.7999877929688,808.7999877929688,1
2022-11-22,808.7999877929688,808.7999877929688,808.7999877929688,808.7999877929688,808.7999877929688,1
2022-11-23,808.7999877929688,808.7999877929688,808.7999877929688,808.7999877929688,808.7999877929688,4
2022-11-25,808.7999877929688,808.7999877929688,808.7999877929688,808.7999877929688,808.7999877929688,4
2022-11-28,809.2000122070312,809.2000122070312,809.2000122070312,809.2000122070312,809.2000122070312,23
2022-11-29,809.2000122070312,809.2000122070312,809.2000122070312,809.2000122070312,809.2000122070312,0
2022-11-30,809.2000122070312,810.0,809.2000122070312,810.0,810.0,156
2022-12-01,813.5999755859375,813.5999755859375,808.7999877929688,808.7999877929688,808.7999877929688,1000
2022-12-02,808.7999877929688,808.7999877929688,808.7999877929688,808.7999877929688,808.7999877929688,0
2022-12-05,808.7999877929688,808.7999877929688,808.7999877929688,808.7999877929688,808.7999877929688,0
2022-12-06,808.7999877929688,808.7999877929688,808.7999877929688,808.7999877929688,808.7999877929688,0
2022-12-07,808.7999877929688,808.7999877929688,808.7999877929688,808.7999877929688,808.7999877929688,5
2022-12-08,808.7999877929688,808.7999877929688,808.7999877929688,808.7999877929688,808.7999877929688,0
2022-12-09,808.0,808.7999877929688,808.0,808.7999877929688,808.7999877929688,173
2022-12-12,809.5999755859375,809.5999755859375,809.5999755859375,809.5999755859375,809.5999755859375,4
2022-12-13,808.7999877929688,808.7999877929688,808.4000244140625,808.4000244140625,808.4000244140625,6
2022-12-14,816.7999877929688,816.7999877929688,816.7999877929688,816.7999877929688,816.7999877929688,19
2022-12-15,808.7999877929688,809.2000122070312,808.7999877929688,809.2000122070312,809.2000122070312,10
2022-12-16,810.4000244140625,810.4000244140625,810.0,810.4000244140625,810.4000244140625,715
2022-12-19,810.4000244140625,810.4000244140625,810.4000244140625,810.4000244140625,810.4000244140625,0
2022-12-20,810.4000244140625,810.4000244140625,810.4000244140625,810.4000244140625,810.4000244140625,9
2022-12-21,810.4000244140625,810.4000244140625,810.4000244140625,810.4000244140625,810.4000244140625,0
2022-12-22,811.2000122070312,811.2000122070312,810.4000244140625,810.4000244140625,810.4000244140625,689
2022-12-23,810.4000244140625,814.4000244140625,810.4000244140625,814.4000244140625,814.4000244140625,126
2022-12-27,812.7999877929688,812.7999877929688,810.4000244140625,812.7999877929688,812.7999877929688,358
2022-12-28,812.7999877929688,817.5999755859375,812.7999877929688,817.5999755859375,817.5999755859375,161
2022-12-29,817.5999755859375,817.5999755859375,816.7999877929688,817.2000122070312,817.2000122070312,11660
2022-12-30,817.5999755859375,820.0,816.7999877929688,820.0,820.0,846
2023-01-03,817.5999755859375,817.5999755859375,817.5999755859375,817.5999755859375,817.5999755859375,4
2023-01-04,818.7999877929688,819.2000122070312,818.4000244140625,818.4000244140625,818.4000244140625,165
2023-01-05,820.7999877929688,821.5999755859375,820.0,821.5999755859375,821.5999755859375,794
2023-01-06,822.4000244140625,823.2000122070312,822.4000244140625,823.2000122070312,823.2000122070312,28
2023-01-09,823.2000122070312,824.0,823.2000122070312,823.2000122070312,823.2000122070312,401
2023-01-10,824.0,824.0,823.2000122070312,824.0,824.0,531
2023-01-11,824.0,824.0,823.2000122070312,823.2000122070312,823.2000122070312,1456
2023-01-12,824.7999877929688,824.7999877929688,824.0,824.0,824.0,1833
2023-01-13,824.0,824.0,824.0,824.0,824.0,0
2023-01-17,827.2000122070312,827.2000122070312,825.5999755859375,826.4000244140625,826.4000244140625,268
2023-01-18,825.5999755859375,825.5999755859375,824.7999877929688,824.7999877929688,824.7999877929688,8750
2023-01-19,824.7999877929688,824.7999877929688,824.7999877929688,824.7999877929688,824.7999877929688,0
2023-01-20,824.7999877929688,824.7999877929688,824.7999877929688,824.7999877929688,824.7999877929688,0
2023-01-23,824.7999877929688,824.7999877929688,824.7999877929688,824.7999877929688,824.7999877929688,0
2023-01-24,826.4000244140625,826.4000244140625,826.4000244140625,826.4000244140625,826.4000244140625,24
2023-01-25,826.4000244140625,826.4000244140625,826.4000244140625,826.4000244140625,826.4000244140625,0
2023-01-26,825.760009765625,825.760009765625,825.760009765625,825.760009765625,825.760009765625,3
2023-01-27,825.5999755859375,825.5999755859375,825.5999755859375,825.5999755859375,825.5999755859375,128
2023-01-30,825.5999755859375,825.5999755859375,825.5999755859375,825.5999755859375,825.5999755859375,1
2023-01-31,827.2000122070312,828.7999877929688,827.2000122070312,828.7999877929688,828.7999877929688,21
2023-02-01,824.7999877929688,824.7999877929688,824.7999877929688,824.7999877929688,824.7999877929688,59
2023-02-02,824.7999877929688,824.7999877929688,824.7999877929688,824.7999877929688,824.7999877929688,0
2023-02-03,827.2000122070312,827.2000122070312,827.2000122070312,827.2000122070312,827.2000122070312,3
2023-02-06,827.2000122070312,827.2000122070312,827.2000122070312,827.2000122070312,827.2000122070312,0
2023-02-07,827.2000122070312,827.2000122070312,827.2000122070312,827.2000122070312,827.2000122070312,0
2023-02-08,827.2000122070312,827.2000122070312,827.2000122070312,827.2000122070312,827.2000122070312,0
2023-02-09,825.5999755859375,827.2000122070312,825.5999755859375,825.5999755859375,825.5999755859375,4
2023-02-10,828.0,828.0,825.5999755859375,828.0,828.0,50
2023-02-13,828.0,828.0,828.0,828.0,828.0,10
2023-02-14,828.0,828.0,827.2000122070312,827.5999755859375,827.5999755859375,140
2023-02-15,826.4000244140625,826.4000244140625,825.5999755859375,825.5999755859375,825.5999755859375,168
2023-02-16,828.0,828.0,828.0,828.0,828.0,3753
2023-02-17,828.0,828.0,828.0,828.0,828.0,0
2023-02-21,830.4000244140625,830.4000244140625,829.5999755859375,830.4000244140625,830.4000244140625,808
2023-02-22,832.0,832.0,828.0,830.0,830.0,53
2023-02-23,830.4000244140625,831.2000122070312,830.4000244140625,831.2000122070312,831.2000122070312,425
2023-02-24,829.5999755859375,830.4000244140625,829.5999755859375,830.4000244140625,830.4000244140625,1254
2023-02-27,829.5999755859375,829.5999755859375,828.7999877929688,828.7999877929688,828.7999877929688,63
2023-02-28,829.2000122070312,830.4000244140625,829.2000122070312,829.5999755859375,829.5999755859375,155
2023-03-01,829.5999755859375,829.5999755859375,829.5999755859375,829.5999755859375,829.5999755859375,66
2023-03-02,829.5999755859375,829.5999755859375,829.5999755859375,829.5999755859375,829.5999755859375,68
2023-03-03,829.5999755859375,831.2000122070312,829.5999755859375,831.2000122070312,831.2000122070312,66
2023-03-06,831.2000122070312,831.2000122070312,831.2000122070312,831.2000122070312,831.2000122070312,66
2023-03-07,829.760009765625,830.4000244140625,829.760009765625,830.4000244140625,830.4000244140625,4
2023-03-08,831.2000122070312,832.0,831.2000122070312,831.2000122070312,831.2000122070312,7054
2023-03-09,831.2000122070312,831.2000122070312,831.2000122070312,831.2000122070312,831.2000122070312,1
2023-03-10,832.4000244140625,832.4000244140625,832.0,832.0,832.0,19
2023-03-13,832.0,832.0,830.4000244140625,830.4000244140625,830.4000244140625,16
2023-03-14,832.0,832.4000244140625,832.0,832.0,832.0,10328
2023-03-15,832.4000244140625,833.5999755859375,832.0,832.0,832.0,12831
2023-03-16,832.7999877929688,832.7999877929688,832.7999877929688,832.7999877929688,832.7999877929688,251
2023-03-17,832.7999877929688,832.7999877929688,832.7999877929688,832.7999877929688,832.7999877929688,0
2023-03-20,832.7999877929688,832.7999877929688,832.7999877929688,832.7999877929688,832.7999877929688,0
2023-03-21,832.7999877929688,833.5999755859375,832.7999877929688,833.52001953125,833.52001953125,1966
2023-03-22,832.7999877929688,832.7999877929688,832.7999877929688,832.7999877929688,832.7999877929688,100
2023-03-23,832.4000244140625,832.7999877929688,832.0,832.0,832.0,598
2023-03-24,832.7999877929688,832.7999877929688,832.7999877929688,832.7999877929688,832.7999877929688,500
2023-03-27,832.7999877929688,833.5999755859375,832.7999877929688,832.7999877929688,832.7999877929688,170
2023-03-28,833.5999755859375,834.4000244140625,833.2000122070312,834.4000244140625,834.4000244140625,4106
2023-03-29,834.4000244140625,834.4000244140625,834.4000244140625,834.4000244140625,834.4000244140625,0
2023-03-30,834.4000244140625,834.4000244140625,834.4000244140625,834.4000244140625,834.4000244140625,0
2023-03-31,834.4000244140625,834.4000244140625,834.4000244140625,834.4000244140625,834.4000244140625,0
2023-04-03,833.5999755859375,835.2000122070312,833.5999755859375,834.4000244140625,834.4000244140625,558
2023-04-04,835.2000122070312,835.2000122070312,835.2000122070312,835.2000122070312,835.2000122070312,3
2023-04-05,837.5999755859375,837.5999755859375,836.0,837.5999755859375,837.5999755859375,3829
2023-04-06,837.5999755859375,838.4000244140625,836.0,838.4000244140625,838.4000244140625,984
2023-04-10,837.5999755859375,837.5999755859375,837.5999755859375,837.5999755859375,837.5999755859375,3
2023-04-11,838.4000244140625,840.0,838.4000244140625,838.4000244140625,838.4000244140625,93
2023-04-12,838.4000244140625,838.7999877929688,838.4000244140625,838.4000244140625,838.4000244140625,85
2023-04-13,837.5999755859375,839.2000122070312,837.5999755859375,838.4000244140625,838.4000244140625,98
2023-04-14,838.4000244140625,838.4000244140625,838.4000244140625,838.4000244140625,838.4000244140625,63
2023-04-17,838.4000244140625,838.4000244140625,838.4000244140625,838.4000244140625,838.4000244140625,0
2023-04-18,876.0,876.0,839.2000122070312,840.0,840.0,3354
2023-04-19,840.0,840.0,840.0,840.0,840.0,0
2023-04-20,839.2000122070312,839.2000122070312,838.4000244140625,838.4000244140625,838.4000244140625,294
2023-04-21,839.2000122070312,839.2000122070312,838.7999877929688,838.7999877929688,838.7999877929688,133
2023-04-24,838.7999877929688,838.7999877929688,838.7999877929688,838.7999877929688,838.7999877929688,0
2023-04-25,839.5999755859375,840.0,839.2000122070312,839.2000122070312,839.2000122070312,34
2023-04-26,842.4000244140625,842.4000244140625,840.0,840.0,840.0,3
2023-04-27,840.0,840.0,840.0,840.0,840.0,2341
2023-04-28,840.7999877929688,841.1199951171875,840.7999877929688,840.7999877929688,840.7999877929688,941
2023-05-01,840.7999877929688,840.7999877929688,840.7999877929688,840.7999877929688,840.7999877929688,63
2023-05-02,840.7999877929688,841.5999755859375,840.7999877929688,840.7999877929688,840.7999877929688,780
2023-05-03,840.7999877929688,841.5999755859375,840.7999877929688,840.7999877929688,840.7999877929688,251
2023-05-04,840.7999877929688,842.4000244140625,840.7999877929688,842.4000244140625,842.4000244140625,964
2023-05-05,842.4000244140625,842.4000244140625,841.5999755859375,841.5999755859375,841.5999755859375,25
2023-05-08,842.4000244140625,842.4000244140625,842.0,842.4000244140625,842.4000244140625,265
2023-05-09,842.4000244140625,843.5999755859375,842.4000244140625,842.4000244140625,842.4000244140625,315
2023-05-10,842.4000244140625,842.4000244140625,842.4000244140625,842.4000244140625,842.4000244140625,0
2023-05-11,880.0,884.4000244140625,845.5999755859375,845.5999755859375,845.5999755859375,30
2023-05-12,844.0,844.0,843.2000122070312,843.5999755859375,843.5999755859375,26
2023-05-15,844.0,844.0,843.2000122070312,844.0,844.0,129
2023-05-16,844.4000244140625,844.4000244140625,844.4000244140625,844.4000244140625,844.4000244140625,8
2023-05-17,844.7999877929688,844.7999877929688,843.2000122070312,843.2000122070312,843.2000122070312,64
2023-05-18,844.0,844.7999877929688,844.0,844.7999877929688,844.7999877929688,1741
2023-05-19,845.2000122070312,845.2000122070312,844.0,844.7999877929688,844.7999877929688,33244
2023-05-22,846.4000244140625,846.4000244140625,845.5999755859375,845.5999755859375,845.5999755859375,66
2023-05-23,845.5999755859375,846.4000244140625,844.0,844.0,844.0,836
2023-05-24,847.2000122070312,847.2000122070312,844.0,844.0,844.0,983
2023-05-25,844.7999877929688,845.5999755859375,844.7999877929688,845.5999755859375,845.5999755859375,43
2023-05-26,844.7999877929688,845.5999755859375,844.7999877929688,844.7999877929688,844.7999877929688,15
2023-05-30,845.280029296875,848.0,844.7999877929688,846.4000244140625,846.4000244140625,1121
2023-05-31,845.5999755859375,846.4000244140625,844.0,845.5999755859375,845.5999755859375,1461
2023-06-01,832.7999877929688,848.7999877929688,776.0,845.5999755859375,845.5999755859375,1476
2023-06-02,839.2000122070312,879.5999755859375,804.7999877929688,871.280029296875,871.280029296875,663
2023-06-05,857.5999755859375,864.0,747.2000122070312,776.0,776.0,1109
2023-06-06,733.5999755859375,752.0,680.0,712.0,712.0,24831
2023-06-07,733.5999755859375,733.5999755859375,701.5999755859375,728.0,728.0,685
2023-06-08,1200.0,1320.0,617.5999755859375,720.0,720.0,20660
2023-06-09,665.5999755859375,757.5999755859375,640.0,661.5999755859375,661.5999755859375,22764
2023-06-12,626.4000244140625,626.4000244140625,524.7999877929688,530.4000244140625,530.4000244140625,5931
2023-06-13,492.79998779296875,492.79998779296875,446.3999938964844,456.0,456.0,3360
2023-06-14,444.79998779296875,486.3999938964844,408.0,441.6000061035156,441.6000061035156,5065
2023-06-15,424.79998779296875,527.2000122070312,423.20001220703125,424.79998779296875,424.79998779296875,9005
2023-06-16,419.20001220703125,432.0,404.0,409.6000061035156,409.6000061035156,1578
2023-06-20,400.0,401.6000061035156,363.20001220703125,365.6000061035156,365.6000061035156,2521
2023-06-21,353.6000061035156,362.3999938964844,319.20001220703125,344.79998779296875,344.79998779296875,2315
2023-06-22,329.6000061035156,336.0,305.6000061035156,312.0,312.0,1514
2023-06-23,320.79998779296875,331.20001220703125,304.0,309.6000061035156,309.6000061035156,5956
2023-06-26,303.20001220703125,304.0,221.1999969482422,247.1999969482422,247.1999969482422,5253
2023-06-27,239.1999969482422,243.1999969482422,213.60000610351562,219.1999969482422,219.1999969482422,3479
2023-06-28,222.39999389648438,387.20001220703125,206.39999389648438,274.3999938964844,274.3999938964844,54696
2023-06-29,260.79998779296875,276.0,245.60000610351562,258.3999938964844,258.3999938964844,6509
2023-06-30,255.1999969482422,256.0,232.8000030517578,240.0,240.0,3235
2023-07-03,232.8000030517578,238.39999389648438,224.8000030517578,232.0,232.0,2303
2023-07-05,230.39999389648438,240.0,220.0,225.60000610351562,225.60000610351562,2639
2023-07-06,223.1999969482422,223.1999969482422,212.8000030517578,217.60000610351562,217.60000610351562,1593
2023-07-07,218.39999389648438,224.0,214.39999389648438,219.1999969482422,219.1999969482422,1166
2023-07-10,225.60000610351562,242.39999389648438,219.1999969482422,223.1999969482422,223.1999969482422,3579
2023-07-11,220.0,262.3999938964844,219.1999969482422,260.79998779296875,260.79998779296875,4464
2023-07-12,256.0,265.6000061035156,240.8000030517578,241.60000610351562,241.60000610351562,2563
2023-07-13,240.8000030517578,245.60000610351562,228.0,229.60000610351562,229.60000610351562,2680
2023-07-14,223.1999969482422,226.0,204.0,218.39999389648438,218.39999389648438,3139
2023-07-17,215.1999969482422,223.1999969482422,209.60000610351562,222.39999389648438,222.39999389648438,1466
2023-07-18,227.1999969482422,228.0,212.8000030517578,213.60000610351562,213.60000610351562,908
2023-07-19,215.1999969482422,223.1999969482422,188.8000030517578,194.39999389648438,194.39999389648438,2343
2023-07-20,196.8000030517578,196.8000030517578,168.8000030517578,172.8000030517578,172.8000030517578,2870
2023-07-21,172.8000030517578,176.0,169.60000610351562,172.8000030517578,172.8000030517578,751
2023-07-24,172.0,175.1999969482422,162.39999389648438,170.39999389648438,170.39999389648438,861
2023-07-25,169.60000610351562,180.0,169.60000610351562,174.39999389648438,174.39999389648438,976
2023-07-26,173.60000610351562,179.1999969482422,171.83999633789062,175.1999969482422,175.1999969482422,246
2023-07-27,172.8000030517578,175.1999969482422,171.1999969482422,171.1999969482422,171.1999969482422,386
2023-07-28,176.0,181.60000610351562,172.0,176.8000030517578,176.8000030517578,1036
2023-07-31,180.8000030517578,181.60000610351562,164.0,168.0,168.0,1405
2023-08-01,171.1999969482422,172.8000030517578,160.0,160.0,160.0,1143
2023-08-02,159.1999969482422,160.8000030517578,144.0,152.0,152.0,1128
2023-08-03,152.8000030517578,163.1999969482422,152.0,163.1999969482422,163.1999969482422,1038
2023-08-04,164.0,164.0,152.0,155.1999969482422,155.1999969482422,531
2023-08-07,158.39999389648438,159.1999969482422,144.0,147.1999969482422,147.1999969482422,893
2023-08-08,144.8000030517578,144.8000030517578,135.1999969482422,141.60000610351562,141.60000610351562,976
2023-08-09,143.1999969482422,154.0800018310547,141.60000610351562,149.60000610351562,149.60000610351562,974
2023-08-10,150.39999389648438,220.0,145.1199951171875,191.1999969482422,191.1999969482422,13755
2023-08-11,190.39999389648438,190.39999389648438,156.8000030517578,160.8000030517578,160.8000030517578,2780
2023-08-14,160.0,162.39999389648438,156.8000030517578,160.0,160.0,948
2023-08-15,153.60000610351562,162.39999389648438,153.60000610351562,160.0,160.0,1239
2023-08-16,160.0,162.39999389648438,155.1999969482422,158.39999389648438,158.39999389648438,741
2023-08-17,159.1999969482422,161.60000610351562,153.60000610351562,154.39999389648438,154.39999389648438,585
2023-08-18,153.60000610351562,159.1999969482422,149.60000610351562,151.1999969482422,151.1999969482422,488
2023-08-21,149.60000610351562,150.39999389648438,141.60000610351562,144.0,144.0,536
2023-08-22,140.8000030517578,162.39999389648438,136.8000030517578,156.0,156.0,1586
2023-08-23,156.0,162.39999389648438,151.1999969482422,158.39999389648438,158.39999389648438,746
2023-08-24,155.1999969482422,159.1999969482422,148.0,148.8000030517578,148.8000030517578,714
2023-08-25,155.1999969482422,180.0,149.60000610351562,171.1999969482422,171.1999969482422,2035
2023-08-28,167.1999969482422,180.0,163.1999969482422,175.1999969482422,175.1999969482422,998
2023-08-29,172.8000030517578,178.39999389648438,163.1999969482422,167.1999969482422,167.1999969482422,731
2023-08-30,168.0,220.8000030517578,163.1999969482422,214.39999389648438,214.39999389648438,5456
2023-08-31,198.39999389648438,225.1999969482422,188.8000030517578,215.1999969482422,215.1999969482422,2523
2023-09-01,212.8000030517578,253.60000610351562,206.16000366210938,240.8000030517578,240.8000030517578,2029
2023-09-05,240.8000030517578,265.6000061035156,216.0,244.8000030517578,244.8000030517578,4896
2023-09-06,238.39999389648438,287.20001220703125,231.1999969482422,258.3999938964844,258.3999938964844,3976
2023-09-07,248.0,268.0,240.0,260.0,260.0,2446
2023-09-08,249.60000610351562,260.79998779296875,236.16000366210938,254.39999389648438,254.39999389648438,1554
2023-09-11,253.60000610351562,260.79998779296875,234.63999938964844,239.1999969482422,239.1999969482422,5270
2023-09-12,237.60000610351562,252.0,232.8000030517578,233.60000610351562,233.60000610351562,1166
2023-09-13,231.1999969482422,236.0,198.39999389648438,200.0,200.0,4024
2023-09-14,204.0,216.0,200.8000030517578,202.39999389648438,202.39999389648438,719
2023-09-15,200.0,242.32000732421875,178.39999389648438,232.0,232.0,29184
2023-09-18,226.39999389648438,254.39999389648438,222.8000030517578,232.0,232.0,4894
2023-09-19,238.39999389648438,238.39999389648438,210.0,220.0,220.0,3410
2023-09-20,220.8000030517578,231.60000610351562,216.8000030517578,222.39999389648438,222.39999389648438,1498
2023-09-21,220.8000030517578,231.60000610351562,199.60000610351562,201.60000610351562,201.60000610351562,2735
2023-09-22,206.8000030517578,221.60000610351562,206.39999389648438,215.1999969482422,215.1999969482422,183
2023-09-25,213.60000610351562,219.1999969482422,208.0,213.60000610351562,213.60000610351562,259
2023-09-26,217.60000610351562,221.60000610351562,209.60000610351562,212.8000030517578,212.8000030517578,1349
2023-09-27,218.39999389648438,228.8000030517578,212.0,220.8000030517578,220.8000030517578,319
2023-09-28,224.8000030517578,224.8000030517578,212.0,212.0,212.0,378
2023-09-29,209.60000610351562,213.60000610351562,201.75999450683594,207.1999969482422,207.1999969482422,235
2023-10-02,204.8000030517578,208.8000030517578,196.8000030517578,200.8000030517578,200.8000030517578,566
2023-10-03,200.8000030517578,213.60000610351562,194.39999389648438,201.60000610351562,201.60000610351562,5134
2023-10-04,189.60000610351562,192.0,147.1999969482422,159.1999969482422,159.1999969482422,6400
2023-10-05,156.0,156.8000030517578,116.0,116.0,116.0,3559
2023-10-06,112.80000305175781,121.5999984741211,96.80000305175781,103.19999694824219,103.19999694824219,4818
2023-10-09,104.0,104.80000305175781,92.80000305175781,96.0,96.0,2648
2023-10-10,92.0,99.19999694824219,92.0,98.4000015258789,98.4000015258789,1471
2023-10-11,101.5999984741211,109.5999984741211,92.0,92.0,92.0,1880
2023-10-12,95.19999694824219,96.80000305175781,86.4000015258789,89.5999984741211,89.5999984741211,2006
2023-10-13,92.0,92.0,81.5999984741211,91.19999694824219,91.19999694824219,1333
2023-10-16,88.80000305175781,88.80000305175781,75.19999694824219,76.63999938964844,76.63999938964844,2961
2023-10-17,77.5999984741211,77.5999984741211,73.36000061035156,73.5999984741211,73.5999984741211,1868
2023-10-18,74.0,75.19999694824219,63.20000076293945,64.80000305175781,64.80000305175781,2161
2023-10-19,63.279998779296875,64.80000305175781,57.599998474121094,58.47999954223633,58.47999954223633,5365
2023-10-20,56.79999923706055,59.040000915527344,51.52000045776367,54.560001373291016,54.560001373291016,1958
2023-10-23,52.880001068115234,54.400001525878906,48.400001525878906,49.599998474121094,49.599998474121094,1146
2023-10-24,50.400001525878906,52.79999923706055,48.79999923706055,49.84000015258789,49.84000015258789,1828
2023-10-25,48.880001068115234,50.400001525878906,46.79999923706055,50.0,50.0,634
2023-10-26,49.599998474121094,50.959999084472656,49.599998474121094,50.560001373291016,50.560001373291016,713
2023-10-27,50.720001220703125,51.20000076293945,49.599998474121094,49.68000030517578,49.68000030517578,611
2023-10-30,49.52000045776367,49.599998474121094,46.400001525878906,47.439998626708984,47.439998626708984,731
2023-10-31,47.20000076293945,48.79999923706055,47.20000076293945,48.720001220703125,48.720001220703125,635
2023-11-01,47.279998779296875,48.63999938964844,46.400001525878906,48.0,48.0,1040
2023-11-02,47.119998931884766,51.7599983215332,47.119998931884766,51.20000076293945,51.20000076293945,503
2023-11-03,52.79999923706055,54.400001525878906,51.20000076293945,53.599998474121094,53.599998474121094,685
2023-11-06,53.599998474121094,55.20000076293945,52.79999923706055,55.20000076293945,55.20000076293945,429
2023-11-07,56.79999923706055,62.880001068115234,52.79999923706055,62.400001525878906,62.400001525878906,2133
2023-11-08,64.72000122070312,66.4000015258789,60.0,65.83999633789062,65.83999633789062,950
2023-11-09,65.5999984741211,68.0,61.279998779296875,65.19999694824219,65.19999694824219,1115
2023-11-10,64.80000305175781,64.80000305175781,60.0,64.31999969482422,64.31999969482422,1593
2023-11-13,68.0,68.0,44.79999923706055,52.720001220703125,52.720001220703125,2511
2023-11-14,51.119998931884766,51.599998474121094,37.7599983215332,44.08000183105469,44.08000183105469,3060
2023-11-15,45.439998626708984,45.52000045776367,41.84000015258789,43.279998779296875,43.279998779296875,1120
2023-11-16,45.439998626708984,45.439998626708984,40.79999923706055,42.08000183105469,42.08000183105469,841
2023-11-17,42.400001525878906,42.400001525878906,40.959999084472656,41.68000030517578,41.68000030517578,409
2023-11-20,42.400001525878906,42.400001525878906,41.7599983215332,42.0,42.0,200
2023-11-21,41.7599983215332,43.439998626708984,40.0,41.91999816894531,41.91999816894531,739
2023-11-22,42.400001525878906,48.79999923706055,41.91999816894531,47.52000045776367,47.52000045776367,2618
2023-11-24,46.47999954223633,50.400001525878906,45.52000045776367,48.720001220703125,48.720001220703125,398
2023-11-27,48.720001220703125,48.720001220703125,44.880001068115234,46.08000183105469,46.08000183105469,1215
2023-11-28,44.880001068115234,48.0,44.63999938964844,47.279998779296875,47.279998779296875,874
2023-11-29,46.0,48.2400016784668,44.31999969482422,48.0,48.0,675
2023-11-30,46.880001068115234,48.0,39.20000076293945,39.7599983215332,39.7599983215332,2284
2023-12-01,39.36000061035156,51.119998931884766,39.36000061035156,44.400001525878906,44.400001525878906,2041
2023-12-04,48.720001220703125,48.720001220703125,39.20000076293945,39.52000045776367,39.52000045776367,40521
2023-12-05,40.79999923706055,40.79999923706055,39.040000915527344,40.08000183105469,40.08000183105469,3095
2023-12-06,40.79999923706055,40.79999923706055,35.599998474121094,36.0,36.0,4666
2023-12-07,36.0,36.0,30.399999618530273,32.0,32.0,3496
2023-12-08,31.68000030517578,33.52000045776367,29.760000228881836,33.52000045776367,33.52000045776367,1843
2023-12-11,33.52000045776367,33.52000045776367,28.8799991607666,30.399999618530273,30.399999618530273,2955
2023-12-12,29.040000915527344,31.200000762939453,29.040000915527344,31.200000762939453,31.200000762939453,1101
2023-12-13,31.200000762939453,34.0,30.0,34.0,34.0,2004
2023-12-14,34.0,36.79999923706055,33.599998474121094,36.79999923706055,36.79999923706055,1773
2023-12-15,35.20000076293945,40.79999923706055,35.119998931884766,38.400001525878906,38.400001525878906,1624
2023-12-18,37.599998474121094,39.20000076293945,37.52000045776367,38.400001525878906,38.400001525878906,453
2023-12-19,36.63999938964844,36.959999084472656,32.0,35.119998931884766,35.119998931884766,1936
2023-12-20,34.08000183105469,36.15999984741211,33.279998779296875,36.15999984741211,36.15999984741211,508
2023-12-21,36.79999923706055,37.68000030517578,33.68000030517578,37.52000045776367,37.52000045776367,594
2023-12-22,36.400001525878906,47.91999816894531,36.400001525878906,40.79999923706055,40.79999923706055,1924
2023-12-26,39.599998474121094,41.20000076293945,37.040000915527344,41.20000076293945,41.20000076293945,1465
2023-12-27,40.0,44.0,38.400001525878906,39.439998626708984,39.439998626708984,2718
2023-12-28,38.560001373291016,44.0,38.400001525878906,40.79999923706055,40.79999923706055,2226
2023-12-29,40.79999923706055,44.0,38.15999984741211,38.880001068115234,38.880001068115234,1353
2024-01-02,40.2400016784668,40.79999923706055,38.79999923706055,39.20000076293945,39.20000076293945,464
2024-01-03,37.91999816894531,39.7599983215332,33.91999816894531,35.36000061035156,35.36000061035156,923
2024-01-04,34.560001373291016,36.0,34.400001525878906,35.20000076293945,35.20000076293945,688
2024-01-05,35.20000076293945,36.0,28.799999237060547,29.600000381469727,29.600000381469727,2304
2024-01-08,32.63999938964844,32.63999938964844,31.600000381469727,31.84000015258789,31.84000015258789,553
2024-01-09,31.84000015258789,33.599998474121094,30.399999618530273,33.599998474121094,33.599998474121094,355
2024-01-10,32.31999969482422,33.599998474121094,30.559999465942383,32.15999984741211,32.15999984741211,306
2024-01-11,32.880001068115234,33.84000015258789,32.400001525878906,32.47999954223633,32.47999954223633,515
2024-01-12,33.599998474121094,33.599998474121094,32.0,32.79999923706055,32.79999923706055,173
2024-01-16,32.08000183105469,35.040000915527344,31.68000030517578,31.84000015258789,31.84000015258789,444
2024-01-17,30.959999084472656,31.520000457763672,29.1200008392334,30.399999618530273,30.399999618530273,611
2024-01-18,32.0,32.0,28.079999923706055,29.600000381469727,29.600000381469727,443
2024-01-19,29.84000015258789,31.200000762939453,25.520000457763672,27.84000015258789,27.84000015258789,3403
2024-01-22,28.0,29.600000381469727,27.84000015258789,28.079999923706055,28.079999923706055,1801
2024-01-23,28.399999618530273,28.799999237060547,26.399999618530273,27.040000915527344,27.040000915527344,851
2024-01-24,27.200000762939453,28.479999542236328,25.68000030517578,26.719999313354492,26.719999313354492,1326
2024-01-25,28.079999923706055,28.799999237060547,25.920000076293945,26.559999465942383,26.559999465942383,3350
2024-01-26,27.200000762939453,27.200000762939453,26.079999923706055,27.200000762939453,27.200000762939453,264
2024-01-29,26.239999771118164,27.200000762939453,26.239999771118164,27.200000762939453,27.200000762939453,804
2024-01-30,25.84000015258789,27.1200008392334,25.84000015258789,27.040000915527344,27.040000915527344,268
2024-01-31,27.200000762939453,27.200000762939453,26.079999923706055,26.719999313354492,26.719999313354492,851
2024-02-01,26.719999313354492,27.200000762939453,25.200000762939453,26.15999984741211,26.15999984741211,1441
2024-02-02,26.399999618530273,26.399999618530273,24.8799991607666,25.360000610351562,25.360000610351562,380
2024-02-05,26.31999969482422,26.31999969482422,24.479999542236328,25.040000915527344,25.040000915527344,546
2024-02-06,24.0,26.31999969482422,24.0,24.8799991607666,24.8799991607666,1018
2024-02-07,25.360000610351562,25.600000381469727,24.079999923706055,25.600000381469727,25.600000381469727,1005
2024-02-08,24.799999237060547,25.600000381469727,21.68000030517578,24.0,24.0,1994
2024-02-09,23.360000610351562,24.0,22.479999542236328,24.0,24.0,875
2024-02-12,24.799999237060547,24.799999237060547,23.360000610351562,23.84000015258789,23.84000015258789,953
2024-02-13,24.0,24.719999313354492,21.84000015258789,22.799999237060547,22.799999237060547,1935
2024-02-14,23.920000076293945,23.920000076293945,22.399999618530273,23.200000762939453,23.200000762939453,139
2024-02-15,22.719999313354492,23.68000030517578,20.079999923706055,20.479999542236328,20.479999542236328,2194
2024-02-16,21.600000381469727,21.600000381469727,20.079999923706055,20.239999771118164,20.239999771118164,983
2024-02-20,20.0,20.799999237060547,19.440000534057617,20.31999969482422,20.31999969482422,3808
2024-02-21,20.15999984741211,20.799999237060547,16.8799991607666,19.200000762939453,19.200000762939453,4199
2024-02-22,18.639999389648438,19.200000762939453,16.8799991607666,17.600000381469727,17.600000381469727,16986
2024-02-23,18.799999237060547,18.799999237060547,14.399999618530273,15.84000015258789,15.84000015258789,317166
2024-02-26,13.680000305175781,14.15999984741211,12.640000343322754,12.960000038146973,12.960000038146973,27661
2024-02-27,12.960000038146973,12.960000038146973,10.399999618530273,10.800000190734863,10.800000190734863,44319
2024-02-28,11.199999809265137,12.0,9.920000076293945,11.760000228881836,11.760000228881836,115489
2024-02-29,11.279999732971191,11.279999732971191,9.920000076293945,10.399999618530273,10.399999618530273,32636
2024-03-01,10.0,10.0,7.199999809265137,8.800000190734863,8.800000190734863,49350
2024-03-04,8.800000190734863,8.800000190734863,8.0,8.720000267028809,8.720000267028809,20869
2024-03-05,8.479999542236328,8.720000267028809,8.079999923706055,8.399999618530273,8.399999618530273,21239
2024-03-06,8.5600004196167,8.5600004196167,7.760000228881836,8.0,8.0,183034
2024-03-07,12.0,12.399999618530273,7.28000020980835,8.640000343322754,8.640000343322754,777144
2024-03-08,8.15999984741211,8.15999984741211,6.800000190734863,7.360000133514404,7.360000133514404,122261
2024-03-11,7.519999980926514,7.679999828338623,6.079999923706055,6.480000019073486,6.480000019073486,86474
2024-03-12,6.400000095367432,6.559999942779541,5.599999904632568,5.920000076293945,5.920000076293945,46695
2024-03-13,5.840000152587891,6.400000095367432,5.760000228881836,6.079999923706055,6.079999923706055,33179
2024-03-14,6.400000095367432,6.480000019073486,6.079999923706055,6.079999923706055,6.079999923706055,40960
2024-03-15,6.079999923706055,6.159999847412109,5.679999828338623,5.679999828338623,5.679999828338623,31033
2024-03-18,5.760000228881836,5.920000076293945,5.199999809265137,5.440000057220459,5.440000057220459,35810
2024-03-19,5.599999904632568,5.599999904632568,4.800000190734863,4.880000114440918,4.880000114440918,30901
2024-03-20,5.119999885559082,5.440000057220459,4.880000114440918,5.360000133514404,5.360000133514404,27803
2024-03-21,5.840000152587891,5.840000152587891,5.360000133514404,5.760000228881836,5.760000228881836,45489
2024-03-22,5.840000152587891,5.920000076293945,5.28000020980835,5.679999828338623,5.679999828338623,21284
2024-03-25,5.760000228881836,5.760000228881836,5.199999809265137,5.519999980926514,5.519999980926514,18084
2024-03-26,5.360000133514404,5.519999980926514,5.199999809265137,5.440000057220459,5.440000057220459,23173
2024-03-27,5.519999980926514,5.599999904632568,5.199999809265137,5.599999904632568,5.599999904632568,19188
2024-03-28,5.599999904632568,5.599999904632568,5.199999809265137,5.360000133514404,5.360000133514404,33674
2024-04-01,5.440000057220459,5.519999980926514,4.960000038146973,5.039999961853027,5.039999961853027,21580
2024-04-02,5.039999961853027,5.039999961853027,4.320000171661377,4.639999866485596,4.639999866485596,17818
2024-04-03,4.71999979019165,4.71999979019165,4.320000171661377,4.320000171661377,4.320000171661377,21651
2024-04-04,4.400000095367432,4.559999942779541,4.0,4.159999847412109,4.159999847412109,30454
2024-04-05,4.400000095367432,4.559999942779541,3.8399999141693115,4.159999847412109,4.159999847412109,39438
2024-04-08,4.0,13.199999809265137,4.0,6.639999866485596,6.639999866485596,1869370
2024-04-09,6.880000114440918,8.239999771118164,5.599999904632568,7.039999961853027,7.039999961853027,397390
2024-04-10,6.400000095367432,6.559999942779541,5.840000152587891,6.079999923706055,6.079999923706055,85619
2024-04-11,5.679999828338623,5.840000152587891,5.119999885559082,5.519999980926514,5.519999980926514,266949
2024-04-12,8.720000267028809,10.0,6.800000190734863,7.760000228881836,7.760000228881836,1535076
2024-04-15,7.599999904632568,7.599999904632568,6.480000019073486,7.199999809265137,7.199999809265137,135969
2024-04-16,5.840000152587891,6.400000095367432,5.119999885559082,5.920000076293945,5.920000076293945,144590
2024-04-17,5.28000020980835,6.880000114440918,5.199999809265137,5.760000228881836,5.760000228881836,136459
2024-04-18,4.619999885559082,5.28000020980835,4.050000190734863,4.550000190734863,4.550000190734863,306700
2024-04-19,4.320000171661377,4.400000095367432,3.890000104904175,3.9200000762939453,3.9200000762939453,108800
2024-04-22,4.210000038146973,5.230000019073486,3.759999990463257,4.800000190734863,4.800000190734863,195600
2024-04-23,5.039999961853027,5.079999923706055,4.699999809265137,4.800000190734863,4.800000190734863,65700
2024-04-24,4.989999771118164,5.010000228881836,4.46999979019165,4.610000133514404,4.610000133514404,64600
2024-04-25,4.550000190734863,4.550000190734863,4.400000095367432,4.429999828338623,4.429999828338623,26700
2024-04-26,4.460000038146973,4.489999771118164,4.199999809265137,4.21999979019165,4.21999979019165,46700
2024-04-29,4.360000133514404,4.480000019073486,3.75,3.809999942779541,3.809999942779541,92700
2024-04-30,3.799999952316284,4.039999961853027,3.259999990463257,3.319999933242798,3.319999933242798,55000
2024-05-01,3.2100000381469727,3.2699999809265137,2.0399999618530273,2.0399999618530273,2.0399999618530273,292700
2024-05-02,2.240000009536743,2.2899999618530273,1.8600000143051147,1.9199999570846558,1.9199999570846558,126400
2024-05-03,1.9199999570846558,13.0,1.9199999570846558,6.820000171661377,6.820000171661377,31008000
2024-05-06,8.0,8.960000038146973,5.21999979019165,6.0,6.0,9500000
2024-05-07,5.400000095367432,6.519999980926514,5.210000038146973,5.550000190734863,5.550000190734863,1680300
2024-05-08,5.110000133514404,5.559999942779541,4.599999904632568,4.75,4.75,641900
2024-05-09,4.5,6.079999923706055,4.400000095367432,4.829999923706055,4.829999923706055,1854000
2024-05-10,4.880000114440918,5.190000057220459,4.639999866485596,4.679999828338623,4.679999828338623,303900
2024-05-13,4.519999980926514,5.380000114440918,4.460000038146973,4.820000171661377,4.820000171661377,310000
2024-05-14,4.590000152587891,5.070000171661377,4.519999980926514,4.659999847412109,4.659999847412109,275500
2024-05-15,4.639999866485596,5.0,4.110000133514404,4.199999809265137,4.199999809265137,278000
2024-05-16,4.349999904632568,4.489999771118164,4.0,4.0,4.0,100000
2024-05-17,3.9800000190734863,4.045000076293945,3.700000047683716,3.859999895095825,3.859999895095825,86300
2024-05-20,3.809999942779541,4.0,3.430000066757202,3.5,3.5,85000
2024-05-21,3.5,3.740000009536743,3.4600000381469727,3.569999933242798,3.569999933242798,78000
2024-05-22,3.619999885559082,3.619999885559082,3.369999885559082,3.369999885559082,3.369999885559082,56600
2024-05-23,3.390000104904175,3.4049999713897705,3.1510000228881836,3.259999990463257,3.259999990463257,67100
2024-05-24,3.0899999141693115,3.3299999237060547,3.069999933242798,3.1500000953674316,3.1500000953674316,75600
2024-05-28,3.2899999618530273,3.490000009536743,3.2190001010894775,3.490000009536743,3.490000009536743,80700
2024-05-29,3.319999933242798,3.4000000953674316,3.052000045776367,3.240000009536743,3.240000009536743,44900
2024-05-30,3.3510000705718994,3.490000009536743,3.246999979019165,3.4800000190734863,3.4800000190734863,61000
2024-05-31,3.4700000286102295,3.4700000286102295,3.299999952316284,3.3299999237060547,3.3299999237060547,39400
2024-06-03,3.2899999618530273,3.3499999046325684,3.109999895095825,3.119999885559082,3.119999885559082,39700
2024-06-04,3.059999942779541,3.0999999046325684,3.009999990463257,3.0399999618530273,3.0399999618530273,23900
2024-06-05,3.0299999713897705,3.4100000858306885,3.0299999713897705,3.390000104904175,3.390000104904175,48900
2024-06-06,3.319999933242798,3.364000082015991,3.109999895095825,3.174999952316284,3.174999952316284,24200
2024-06-07,3.109999895095825,3.3499999046325684,3.109999895095825,3.299999952316284,3.299999952316284,28800
2024-06-10,3.2300000190734863,3.3499999046325684,3.0450000762939453,3.130000114440918,3.130000114440918,26900
2024-06-11,3.180000066757202,4.400000095367432,3.0940001010894775,3.7200000286102295,3.7200000286102295,1166400
2024-06-12,3.509999990463257,3.609999895095825,2.9000000953674316,2.940000057220459,2.940000057220459,260800
2024-06-13,2.9100000858306885,3.140000104904175,2.759999990463257,3.0199999809265137,3.0199999809265137,128400
2024-06-14,2.9800000190734863,3.3399999141693115,2.7899999618530273,3.180000066757202,3.180000066757202,136400
2024-06-17,3.140000104904175,3.140000104904175,2.9100000858306885,3.0,3.0,16200
2024-06-18,2.940000057220459,2.9649999141693115,2.6700000762939453,2.7200000286102295,2.7200000286102295,47000
2024-06-20,2.680000066757202,2.690000057220459,2.5199999809265137,2.5399999618530273,2.5399999618530273,16000
2024-06-21,2.509999990463257,2.680000066757202,2.509999990463257,2.6500000953674316,2.6500000953674316,9600
2024-06-24,2.609999895095825,2.7739999294281006,2.509999990463257,2.5299999713897705,2.5299999713897705,93700
2024-06-25,2.549999952316284,2.7200000286102295,2.5199999809265137,2.549999952316284,2.549999952316284,36600
2024-06-26,2.5199999809265137,2.5850000381469727,2.4189999103546143,2.5399999618530273,2.5399999618530273,18100
2024-06-27,2.450000047683716,2.684000015258789,2.450000047683716,2.5,2.5,38200
2024-06-28,2.369999885559082,2.369999885559082,2.0199999809265137,2.2200000286102295,2.2200000286102295,427300
2024-07-01,2.3499999046325684,2.3499999046325684,1.899999976158142,2.0799999237060547,2.0799999237060547,120300
2024-07-02,2.2100000381469727,2.2899999618530273,2.0799999237060547,2.140000104904175,2.140000104904175,71100
2024-07-03,2.190000057220459,2.200000047683716,2.049999952316284,2.1500000953674316,2.1500000953674316,25400
2024-07-05,2.240000009536743,6.269999980926514,2.174999952316284,4.840000152587891,4.840000152587891,46477700
2024-07-08,3.799999952316284,4.199999809265137,3.680000066757202,3.930000066757202,3.930000066757202,1912000
2024-07-09,3.0899999141693115,4.139999866485596,3.0299999713897705,3.950000047683716,3.950000047683716,685100
2024-07-10,4.03000020980835,4.110000133514404,3.5,3.549999952316284,3.549999952316284,496000
2024-07-11,3.559999942779541,3.809999942779541,3.4600000381469727,3.799999952316284,3.799999952316284,208200
2024-07-12,3.7200000286102295,4.650000095367432,3.7200000286102295,4.389999866485596,4.389999866485596,486600
2024-07-15,4.239999771118164,4.409999847412109,3.8399999141693115,4.0,4.0,142700
2024-07-16,4.079999923706055,4.489999771118164,4.0,4.440000057220459,4.440000057220459,173700
2024-07-17,4.360000133514404,4.429999828338623,4.199999809265137,4.389999866485596,4.389999866485596,99000
2024-07-18,4.440000057220459,4.599999904632568,4.059999942779541,4.070000171661377,4.070000171661377,112900
2024-07-19,4.03000020980835,4.150000095367432,3.9560000896453857,4.0,4.0,43300
2024-07-22,4.0,4.099999904632568,3.7699999809265137,4.019999980926514,4.019999980926514,47600
2024-07-23,3.9000000953674316,4.050000190734863,3.680000066757202,3.809999942779541,3.809999942779541,32800
2024-07-24,3.680000066757202,3.7869999408721924,3.5,3.6700000762939453,3.6700000762939453,74100
2024-07-25,3.5999999046325684,3.799999952316284,3.5799999237060547,3.690000057220459,3.690000057220459,59500
2024-07-26,3.6500000953674316,3.7100000381469727,3.5199999809265137,3.5899999141693115,3.5899999141693115,70300
2024-07-29,3.5799999237060547,3.6600000858306885,3.2009999752044678,3.299999952316284,3.299999952316284,22400
2024-07-30,3.3440001010894775,3.359999895095825,3.119999885559082,3.200000047683716,3.200000047683716,11300
2024-07-31,3.119999885559082,3.1500000953674316,3.059999942779541,3.109999895095825,3.109999895095825,12900
2024-08-01,3.119999885559082,3.1600000858306885,2.7899999618530273,2.9159998893737793,2.9159998893737793,31200
2024-08-02,2.9200000762939453,2.944999933242798,2.759999990463257,2.759999990463257,2.759999990463257,12700
2024-08-05,2.619999885559082,2.799999952316284,2.4200000762939453,2.630000114440918,2.630000114440918,19700
2024-08-06,2.549999952316284,2.75,2.5199999809265137,2.5999999046325684,2.5999999046325684,10700
2024-08-07,2.4100000858306885,2.5999999046325684,2.309999942779541,2.359999895095825,2.359999895095825,24300
2024-08-08,2.4000000953674316,2.4000000953674316,2.255000114440918,2.299999952316284,2.299999952316284,10200
2024-08-09,2.2799999713897705,2.359999895095825,2.25,2.2899999618530273,2.2899999618530273,25300
2024-08-12,2.2899999618530273,2.380000114440918,2.2899999618530273,2.3399999141693115,2.3399999141693115,26000
2024-08-13,2.3399999141693115,2.450000047683716,2.3399999141693115,2.3399999141693115,2.3399999141693115,61900
2024-08-14,2.390000104904175,2.5,2.23799991607666,2.2799999713897705,2.2799999713897705,116200
2024-08-15,2.319999933242798,2.496999979019165,2.2799999713897705,2.364000082015991,2.364000082015991,102300
2024-08-16,2.299999952316284,2.3499999046325684,2.140000104904175,2.2799999713897705,2.2799999713897705,34500
2024-08-19,2.299999952316284,2.4000000953674316,2.255000114440918,2.3299999237060547,2.3299999237060547,56600
2024-08-20,2.390000104904175,2.390000104904175,2.2100000381469727,2.259999990463257,2.259999990463257,35700
2024-08-21,2.25,2.4200000762939453,2.140000104904175,2.313999891281128,2.313999891281128,36000
2024-08-22,2.559999942779541,2.869999885559082,2.309999942779541,2.5199999809265137,2.5199999809265137,7822400
2024-08-23,2.1500000953674316,2.200000047683716,1.909999966621399,2.119999885559082,2.119999885559082,507000
2024-08-26,2.0,2.052000045776367,1.8700000047683716,1.9700000286102295,1.9700000286102295,330200
2024-08-27,2.0,2.0,1.899999976158142,1.899999976158142,1.899999976158142,86200
2024-08-28,1.9800000190734863,1.9800000190734863,1.5299999713897705,1.559999942779541,1.559999942779541,321600
2024-08-29,1.5800000429153442,1.75,1.5,1.5800000429153442,1.5800000429153442,166100
2024-08-30,1.5800000429153442,1.6399999856948853,1.3799999952316284,1.5,1.5,153300
2024-09-03,1.5299999713897705,1.5299999713897705,1.4700000286102295,1.5,1.5,33300
2024-09-04,1.4900000095367432,1.5800000429153442,1.4800000190734863,1.5199999809265137,1.5199999809265137,54500
2024-09-05,1.527999997138977,1.534999966621399,1.4700000286102295,1.5,1.5,36800
2024-09-06,2.380000114440918,3.3299999237060547,2.0199999809265137,2.049999952316284,2.049999952316284,115258600
2024-09-09,1.7799999713897705,1.8600000143051147,1.5700000524520874,1.7899999618530273,1.7899999618530273,2004000
2024-09-10,1.6200000047683716,1.7000000476837158,1.559999942779541,1.5800000429153442,1.5800000429153442,486900
2024-09-11,1.5,1.569000005722046,1.3799999952316284,1.5,1.5,346900
2024-09-12,1.4700000286102295,1.4700000286102295,1.2799999713897705,1.2899999618530273,1.2899999618530273,463200
2024-09-13,1.3300000429153442,1.3300000429153442,1.190000057220459,1.2699999809265137,1.2699999809265137,1227500
2024-09-16,1.2300000190734863,1.2799999713897705,1.2000000476837158,1.2400000095367432,1.2400000095367432,153400
2024-09-17,1.25,1.3200000524520874,1.2100000381469727,1.309999942779541,1.309999942779541,184900
2024-09-18,1.2699999809265137,1.309999942779541,1.2100000381469727,1.2300000190734863,1.2300000190734863,226300
2024-09-19,1.2200000286102295,1.309999942779541,1.2100000381469727,1.2599999904632568,1.2599999904632568,161100
2024-09-20,1.2599999904632568,1.2599999904632568,1.1100000143051147,1.1100000143051147,1.1100000143051147,274100
2024-09-23,1.159999966621399,1.159999966621399,1.1100000143051147,1.149999976158142,1.149999976158142,88000
2024-09-24,1.159999966621399,1.409999966621399,1.1299999952316284,1.2200000286102295,1.2200000286102295,394400
