Date,Open,High,Low,Close,Adj Close,Volume
1998-04-02,8.640000343322754,10.5600004196167,8.640000343322754,10.239999771118164,6.816084384918213,7187
1998-04-03,9.640000343322754,9.640000343322754,9.600000381469727,9.600000381469727,6.390080451965332,8750
1998-04-06,8.720000267028809,8.720000267028809,8.720000267028809,8.720000267028809,5.804323673248291,625
1998-04-07,9.600000381469727,9.600000381469727,9.119999885559082,9.119999885559082,6.070576190948486,3750
1998-04-08,9.119999885559082,9.119999885559082,9.119999885559082,9.119999885559082,6.070576190948486,0
1998-04-09,9.119999885559082,9.119999885559082,9.119999885559082,9.119999885559082,6.070576190948486,0
1998-04-13,9.119999885559082,9.119999885559082,9.119999885559082,9.119999885559082,6.070576190948486,0
1998-04-14,9.4399995803833,9.4399995803833,9.4399995803833,9.4399995803833,6.283579349517822,937
1998-04-15,9.600000381469727,9.600000381469727,9.600000381469727,9.600000381469727,6.390080451965332,312
1998-04-16,9.600000381469727,9.600000381469727,9.600000381469727,9.600000381469727,6.390080451965332,1250
1998-04-17,9.600000381469727,9.600000381469727,9.600000381469727,9.600000381469727,6.390080451965332,937
1998-04-20,9.84000015258789,9.84000015258789,9.760000228881836,9.760000228881836,6.496578216552734,937
1998-04-21,9.920000076293945,9.920000076293945,9.920000076293945,9.920000076293945,6.603081226348877,937
1998-04-22,10.079999923706055,10.079999923706055,10.079999923706055,10.079999923706055,6.709580898284912,312
1998-04-23,10.079999923706055,10.079999923706055,10.079999923706055,10.079999923706055,6.709580898284912,0
1998-04-24,10.079999923706055,10.079999923706055,10.079999923706055,10.079999923706055,6.709580898284912,5312
1998-04-27,10.079999923706055,10.079999923706055,10.079999923706055,10.079999923706055,6.709580898284912,0
1998-04-28,10.079999923706055,10.079999923706055,10.079999923706055,10.079999923706055,6.709580898284912,0
1998-04-29,9.600000381469727,9.600000381469727,9.600000381469727,9.600000381469727,6.390080451965332,15000
1998-04-30,9.920000076293945,9.920000076293945,9.920000076293945,9.920000076293945,6.603081226348877,14375
1998-05-01,9.920000076293945,9.920000076293945,9.920000076293945,9.920000076293945,6.603081226348877,625
1998-05-04,9.920000076293945,9.920000076293945,9.920000076293945,9.920000076293945,6.603081226348877,0
1998-05-05,9.920000076293945,9.920000076293945,9.920000076293945,9.920000076293945,6.603081226348877,0
1998-05-06,10.380000114440918,10.399999618530273,10.359999656677246,10.359999656677246,6.895962715148926,4375
1998-05-07,10.359999656677246,10.359999656677246,10.359999656677246,10.359999656677246,6.895962715148926,0
1998-05-08,10.359999656677246,10.359999656677246,10.359999656677246,10.359999656677246,6.895962715148926,0
1998-05-11,10.319999694824219,10.319999694824219,10.319999694824219,10.319999694824219,6.869335174560547,937
1998-05-12,10.319999694824219,10.319999694824219,10.319999694824219,10.319999694824219,6.869335174560547,0
1998-05-13,10.319999694824219,10.319999694824219,10.319999694824219,10.319999694824219,6.869335174560547,0
1998-05-14,10.319999694824219,10.319999694824219,10.319999694824219,10.319999694824219,6.869335174560547,0
1998-05-15,9.680000305175781,10.319999694824219,9.680000305175781,10.039999961853027,6.68295955657959,5625
1998-05-18,9.680000305175781,9.680000305175781,9.680000305175781,9.680000305175781,6.443331241607666,1875
1998-05-19,9.600000381469727,9.600000381469727,9.600000381469727,9.600000381469727,6.390080451965332,1250
1998-05-20,9.600000381469727,9.600000381469727,9.600000381469727,9.600000381469727,6.390080451965332,1875
1998-05-21,9.680000305175781,9.680000305175781,9.4399995803833,9.4399995803833,6.283579349517822,3437
1998-05-22,9.600000381469727,9.600000381469727,9.4399995803833,9.4399995803833,6.283579349517822,1250
1998-05-26,9.4399995803833,9.4399995803833,9.4399995803833,9.4399995803833,6.283579349517822,0
1998-05-27,9.4399995803833,9.4399995803833,9.4399995803833,9.4399995803833,6.283579349517822,0
1998-05-28,9.4399995803833,9.4399995803833,9.4399995803833,9.4399995803833,6.283579349517822,0
1998-05-29,9.199999809265137,9.199999809265137,9.199999809265137,9.199999809265137,6.123824596405029,1562
1998-06-01,9.199999809265137,9.199999809265137,9.199999809265137,9.199999809265137,6.123824596405029,0
1998-06-02,9.199999809265137,9.199999809265137,9.199999809265137,9.199999809265137,6.123824596405029,10000
1998-06-03,8.960000038146973,8.960000038146973,8.239999771118164,8.239999771118164,5.484819412231445,17500
1998-06-04,8.239999771118164,8.239999771118164,8.239999771118164,8.239999771118164,5.484819412231445,0
1998-06-05,8.399999618530273,8.640000343322754,8.399999618530273,8.640000343322754,5.751072406768799,18750
1998-06-08,8.479999542236328,8.479999542236328,8.479999542236328,8.479999542236328,5.644570350646973,6562
1998-06-09,8.479999542236328,8.479999542236328,8.479999542236328,8.479999542236328,5.644570350646973,0
1998-06-10,8.479999542236328,8.479999542236328,8.479999542236328,8.479999542236328,5.644570350646973,0
1998-06-11,8.399999618530273,8.399999618530273,8.399999618530273,8.399999618530273,5.5913190841674805,3125
1998-06-12,8.399999618530273,8.399999618530273,8.399999618530273,8.399999618530273,5.5913190841674805,0
1998-06-15,8.399999618530273,8.399999618530273,8.399999618530273,8.399999618530273,5.5913190841674805,0
1998-06-16,8.399999618530273,8.399999618530273,8.399999618530273,8.399999618530273,5.5913190841674805,0
1998-06-17,8.399999618530273,8.399999618530273,8.399999618530273,8.399999618530273,5.5913190841674805,0
1998-06-18,8.399999618530273,8.399999618530273,8.399999618530273,8.399999618530273,5.5913190841674805,0
1998-06-19,8.600000381469727,8.600000381469727,8.600000381469727,8.600000381469727,5.724448204040527,312
1998-06-22,8.640000343322754,8.640000343322754,8.640000343322754,8.640000343322754,5.751072406768799,4687
1998-06-23,8.640000343322754,8.640000343322754,8.640000343322754,8.640000343322754,5.751072406768799,0
1998-06-24,8.800000190734863,8.800000190734863,8.800000190734863,8.800000190734863,5.85757303237915,1250
1998-06-25,8.800000190734863,8.800000190734863,8.800000190734863,8.800000190734863,5.85757303237915,0
1998-06-26,8.800000190734863,8.800000190734863,8.800000190734863,8.800000190734863,5.85757303237915,0
1998-06-29,8.800000190734863,8.800000190734863,8.800000190734863,8.800000190734863,5.85757303237915,0
1998-06-30,8.800000190734863,8.800000190734863,8.800000190734863,8.800000190734863,5.85757303237915,937
1998-07-01,8.800000190734863,8.800000190734863,8.800000190734863,8.800000190734863,5.85757303237915,0
1998-07-02,8.239999771118164,8.640000343322754,8.239999771118164,8.640000343322754,5.751072406768799,5625
1998-07-06,8.640000343322754,8.640000343322754,8.640000343322754,8.640000343322754,5.751072406768799,0
1998-07-07,8.15999984741211,8.15999984741211,8.15999984741211,8.15999984741211,5.431567192077637,5625
1998-07-08,8.15999984741211,8.15999984741211,8.15999984741211,8.15999984741211,5.431567192077637,0
1998-07-09,8.15999984741211,8.15999984741211,8.15999984741211,8.15999984741211,5.431567192077637,0
1998-07-10,8.5600004196167,8.5600004196167,8.5600004196167,8.5600004196167,5.69782018661499,30312
1998-07-13,8.5600004196167,8.5600004196167,8.5600004196167,8.5600004196167,5.69782018661499,0
1998-07-14,8.600000381469727,8.640000343322754,8.600000381469727,8.640000343322754,5.751072406768799,31562
1998-07-15,8.640000343322754,8.640000343322754,8.640000343322754,8.640000343322754,5.751072406768799,1875
1998-07-16,8.640000343322754,8.640000343322754,8.640000343322754,8.640000343322754,5.751072406768799,0
1998-07-17,8.640000343322754,8.640000343322754,8.640000343322754,8.640000343322754,5.751072406768799,0
1998-07-20,8.640000343322754,8.640000343322754,8.640000343322754,8.640000343322754,5.751072406768799,0
1998-07-21,8.640000343322754,8.640000343322754,8.640000343322754,8.640000343322754,5.751072406768799,0
1998-07-22,8.760000228881836,8.760000228881836,8.760000228881836,8.760000228881836,5.830948829650879,1875
1998-07-23,8.760000228881836,8.760000228881836,8.760000228881836,8.760000228881836,5.830948829650879,0
1998-07-24,8.760000228881836,8.760000228881836,8.760000228881836,8.760000228881836,5.830948829650879,0
1998-07-27,8.760000228881836,8.760000228881836,8.760000228881836,8.760000228881836,5.830948829650879,0
1998-07-28,8.640000343322754,8.760000228881836,8.640000343322754,8.720000267028809,5.804323673248291,11875
1998-07-29,8.680000305175781,8.680000305175781,8.680000305175781,8.680000305175781,5.777698516845703,1250
1998-07-30,8.680000305175781,8.680000305175781,8.680000305175781,8.680000305175781,5.777698516845703,0
1998-07-31,8.680000305175781,8.680000305175781,8.680000305175781,8.680000305175781,5.777698516845703,625
1998-08-03,8.680000305175781,8.680000305175781,8.680000305175781,8.680000305175781,5.777698516845703,312
1998-08-04,8.680000305175781,8.680000305175781,8.680000305175781,8.680000305175781,5.777698516845703,9375
1998-08-05,8.680000305175781,8.680000305175781,8.680000305175781,8.680000305175781,5.777698516845703,0
1998-08-06,8.680000305175781,8.680000305175781,8.680000305175781,8.680000305175781,5.777698516845703,0
1998-08-07,8.4399995803833,8.4399995803833,8.4399995803833,8.4399995803833,5.617944717407227,625
1998-08-10,8.4399995803833,8.4399995803833,8.4399995803833,8.4399995803833,5.617944717407227,0
1998-08-11,8.4399995803833,8.4399995803833,8.4399995803833,8.4399995803833,5.617944717407227,0
1998-08-12,8.4399995803833,8.4399995803833,8.4399995803833,8.4399995803833,5.617944717407227,0
1998-08-13,8.4399995803833,8.4399995803833,8.4399995803833,8.4399995803833,5.617944717407227,0
1998-08-14,8.4399995803833,8.4399995803833,8.4399995803833,8.4399995803833,5.617944717407227,0
1998-08-17,8.4399995803833,8.4399995803833,8.4399995803833,8.4399995803833,5.617944717407227,0
1998-08-18,8.4399995803833,8.4399995803833,8.4399995803833,8.4399995803833,5.617944717407227,0
1998-08-19,8.640000343322754,8.640000343322754,8.640000343322754,8.640000343322754,5.751072406768799,3125
1998-08-20,8.640000343322754,8.640000343322754,8.640000343322754,8.640000343322754,5.751072406768799,0
1998-08-21,8.640000343322754,8.640000343322754,8.640000343322754,8.640000343322754,5.751072406768799,0
1998-08-24,8.640000343322754,8.640000343322754,8.640000343322754,8.640000343322754,5.751072406768799,0
1998-08-25,8.640000343322754,8.640000343322754,8.640000343322754,8.640000343322754,5.751072406768799,0
1998-08-26,8.640000343322754,8.640000343322754,8.640000343322754,8.640000343322754,5.751072406768799,0
1998-08-27,8.640000343322754,8.640000343322754,8.640000343322754,8.640000343322754,5.751072406768799,0
1998-08-28,8.640000343322754,8.640000343322754,8.640000343322754,8.640000343322754,5.751072406768799,0
1998-08-31,8.079999923706055,8.079999923706055,8.079999923706055,8.079999923706055,5.378316402435303,625
1998-09-01,8.079999923706055,8.079999923706055,8.079999923706055,8.079999923706055,5.378316402435303,625
1998-09-02,8.15999984741211,8.640000343322754,8.15999984741211,8.640000343322754,5.751072406768799,2500
1998-09-03,8.640000343322754,8.640000343322754,8.640000343322754,8.640000343322754,5.751072406768799,0
1998-09-04,8.640000343322754,8.640000343322754,8.640000343322754,8.640000343322754,5.751072406768799,0
1998-09-08,8.640000343322754,8.640000343322754,8.640000343322754,8.640000343322754,5.751072406768799,0
1998-09-09,8.640000343322754,8.640000343322754,8.640000343322754,8.640000343322754,5.751072406768799,0
1998-09-10,8.640000343322754,8.640000343322754,8.640000343322754,8.640000343322754,5.751072406768799,0
1998-09-11,8.640000343322754,8.640000343322754,8.640000343322754,8.640000343322754,5.751072406768799,0
1998-09-14,8.640000343322754,8.640000343322754,8.640000343322754,8.640000343322754,5.751072406768799,0
1998-09-15,8.640000343322754,8.640000343322754,8.640000343322754,8.640000343322754,5.751072406768799,0
1998-09-16,8.680000305175781,8.680000305175781,8.680000305175781,8.680000305175781,5.777698516845703,625
1998-09-17,8.119999885559082,8.119999885559082,8.119999885559082,8.119999885559082,5.404942989349365,312
1998-09-18,8.680000305175781,8.680000305175781,8.680000305175781,8.680000305175781,5.777698516845703,312
1998-09-21,8.680000305175781,8.680000305175781,8.680000305175781,8.680000305175781,5.777698516845703,0
1998-09-22,8.199999809265137,8.199999809265137,8.199999809265137,8.199999809265137,5.458192825317383,312
1998-09-23,8.199999809265137,8.199999809265137,8.199999809265137,8.199999809265137,5.458192825317383,1562
1998-09-24,8.119999885559082,8.119999885559082,8.119999885559082,8.119999885559082,5.404942989349365,312
1998-09-25,8.119999885559082,8.119999885559082,8.119999885559082,8.119999885559082,5.404942989349365,0
1998-09-28,8.119999885559082,8.119999885559082,8.119999885559082,8.119999885559082,5.41775369644165,0
1998-09-29,8.119999885559082,8.119999885559082,8.119999885559082,8.119999885559082,5.41775369644165,0
1998-09-30,8.119999885559082,8.119999885559082,8.119999885559082,8.119999885559082,5.41775369644165,0
1998-10-01,8.119999885559082,8.119999885559082,8.119999885559082,8.119999885559082,5.41775369644165,0
1998-10-02,8.119999885559082,8.119999885559082,8.119999885559082,8.119999885559082,5.41775369644165,0
1998-10-05,8.119999885559082,8.119999885559082,8.119999885559082,8.119999885559082,5.41775369644165,0
1998-10-06,8.479999542236328,8.479999542236328,8.15999984741211,8.15999984741211,5.4444403648376465,8437
1998-10-07,8.15999984741211,8.15999984741211,8.15999984741211,8.15999984741211,5.4444403648376465,0
1998-10-08,8.15999984741211,8.15999984741211,8.15999984741211,8.15999984741211,5.4444403648376465,0
1998-10-09,8.15999984741211,8.15999984741211,8.15999984741211,8.15999984741211,5.4444403648376465,0
1998-10-12,8.15999984741211,8.15999984741211,8.15999984741211,8.15999984741211,5.4444403648376465,0
1998-10-13,8.15999984741211,8.15999984741211,8.15999984741211,8.15999984741211,5.4444403648376465,0
1998-10-14,8.15999984741211,8.15999984741211,8.15999984741211,8.15999984741211,5.4444403648376465,0
1998-10-15,8.15999984741211,8.15999984741211,8.15999984741211,8.15999984741211,5.4444403648376465,0
1998-10-16,8.15999984741211,8.15999984741211,8.15999984741211,8.15999984741211,5.4444403648376465,0
1998-10-19,8.119999885559082,8.119999885559082,8.119999885559082,8.119999885559082,5.41775369644165,1562
1998-10-20,8.119999885559082,8.119999885559082,8.119999885559082,8.119999885559082,5.41775369644165,0
1998-10-21,8.119999885559082,8.119999885559082,8.119999885559082,8.119999885559082,5.41775369644165,0
1998-10-22,8.119999885559082,8.119999885559082,8.119999885559082,8.119999885559082,5.41775369644165,0
1998-10-23,8.119999885559082,8.119999885559082,8.119999885559082,8.119999885559082,5.41775369644165,0
1998-10-26,8.119999885559082,8.119999885559082,8.119999885559082,8.119999885559082,5.41775369644165,0
1998-10-27,8.119999885559082,8.119999885559082,8.119999885559082,8.119999885559082,5.41775369644165,0
1998-10-28,8.119999885559082,8.119999885559082,8.119999885559082,8.119999885559082,5.41775369644165,0
1998-10-29,8.119999885559082,8.119999885559082,8.119999885559082,8.119999885559082,5.41775369644165,0
1998-10-30,8.119999885559082,8.119999885559082,8.119999885559082,8.119999885559082,5.41775369644165,0
1998-11-02,8.119999885559082,8.119999885559082,8.119999885559082,8.119999885559082,5.41775369644165,0
1998-11-03,8.119999885559082,8.119999885559082,8.119999885559082,8.119999885559082,5.41775369644165,0
1998-11-04,8.119999885559082,8.119999885559082,8.119999885559082,8.119999885559082,5.41775369644165,4687
1998-11-05,8.119999885559082,8.119999885559082,8.119999885559082,8.119999885559082,5.41775369644165,0
1998-11-06,8.640000343322754,8.640000343322754,8.640000343322754,8.640000343322754,5.764702796936035,937
1998-11-09,8.640000343322754,8.640000343322754,8.640000343322754,8.640000343322754,5.764702796936035,0
1998-11-10,8.640000343322754,8.640000343322754,8.640000343322754,8.640000343322754,5.764702796936035,0
1998-11-11,8.640000343322754,8.640000343322754,8.640000343322754,8.640000343322754,5.764702796936035,0
1998-11-12,8.640000343322754,8.640000343322754,8.640000343322754,8.640000343322754,5.764702796936035,0
1998-11-13,8.640000343322754,8.640000343322754,8.640000343322754,8.640000343322754,5.764702796936035,0
1998-11-16,8.640000343322754,8.640000343322754,8.640000343322754,8.640000343322754,5.764702796936035,0
1998-11-17,8.640000343322754,8.640000343322754,8.640000343322754,8.640000343322754,5.764702796936035,0
1998-11-18,8.640000343322754,8.640000343322754,8.640000343322754,8.640000343322754,5.764702796936035,0
1998-11-19,8.640000343322754,8.640000343322754,8.640000343322754,8.640000343322754,5.764702796936035,0
1998-11-20,8.079999923706055,8.079999923706055,8.079999923706055,8.079999923706055,5.391064167022705,625
1998-11-23,8.079999923706055,8.079999923706055,8.079999923706055,8.079999923706055,5.391064167022705,0
1998-11-24,8.239999771118164,8.239999771118164,8.239999771118164,8.239999771118164,5.4978179931640625,312
1998-11-25,8.239999771118164,8.239999771118164,8.239999771118164,8.239999771118164,5.4978179931640625,0
1998-11-27,8.239999771118164,8.239999771118164,8.239999771118164,8.239999771118164,5.4978179931640625,0
1998-11-30,8.239999771118164,8.239999771118164,8.239999771118164,8.239999771118164,5.4978179931640625,0
1998-12-01,8.239999771118164,8.239999771118164,8.239999771118164,8.239999771118164,5.4978179931640625,0
1998-12-02,8.239999771118164,8.239999771118164,8.239999771118164,8.239999771118164,5.4978179931640625,0
1998-12-03,8.239999771118164,8.239999771118164,8.239999771118164,8.239999771118164,5.4978179931640625,0
1998-12-04,8.239999771118164,8.239999771118164,8.239999771118164,8.239999771118164,5.4978179931640625,0
1998-12-07,8.239999771118164,8.239999771118164,8.239999771118164,8.239999771118164,5.4978179931640625,0
1998-12-08,8.239999771118164,8.239999771118164,8.239999771118164,8.239999771118164,5.4978179931640625,0
1998-12-09,8.239999771118164,8.239999771118164,8.239999771118164,8.239999771118164,5.4978179931640625,0
1998-12-10,8.239999771118164,8.239999771118164,8.239999771118164,8.239999771118164,5.4978179931640625,0
1998-12-11,8.239999771118164,8.239999771118164,8.239999771118164,8.239999771118164,5.4978179931640625,0
1998-12-14,8.239999771118164,8.239999771118164,8.239999771118164,8.239999771118164,5.4978179931640625,0
1998-12-15,8.239999771118164,8.239999771118164,8.239999771118164,8.239999771118164,5.4978179931640625,0
1998-12-16,8.319999694824219,8.319999694824219,8.319999694824219,8.319999694824219,5.55119514465332,2500
1998-12-17,8.319999694824219,8.319999694824219,8.319999694824219,8.319999694824219,5.55119514465332,0
1998-12-18,8.319999694824219,8.319999694824219,8.319999694824219,8.319999694824219,5.55119514465332,0
1998-12-21,8.319999694824219,8.319999694824219,8.319999694824219,8.319999694824219,5.55119514465332,0
1998-12-22,8.319999694824219,8.319999694824219,8.319999694824219,8.319999694824219,5.55119514465332,0
1998-12-23,8.319999694824219,8.319999694824219,8.319999694824219,8.319999694824219,5.55119514465332,0
1998-12-24,8.079999923706055,8.079999923706055,8.079999923706055,8.079999923706055,5.391064167022705,3125
1998-12-28,8.079999923706055,8.079999923706055,8.079999923706055,8.079999923706055,5.391064167022705,0
1998-12-29,8.15999984741211,8.15999984741211,8.15999984741211,8.15999984741211,5.457408428192139,3125
1998-12-30,8.15999984741211,8.15999984741211,8.15999984741211,8.15999984741211,5.457408428192139,0
1998-12-31,8.15999984741211,8.15999984741211,8.15999984741211,8.15999984741211,5.457408428192139,0
1999-01-04,8.079999923706055,8.079999923706055,8.079999923706055,8.079999923706055,5.403904914855957,4687
1999-01-05,8.079999923706055,8.079999923706055,8.079999923706055,8.079999923706055,5.403904914855957,0
1999-01-06,8.119999885559082,8.119999885559082,8.079999923706055,8.079999923706055,5.403904914855957,2812
1999-01-07,8.079999923706055,8.079999923706055,8.079999923706055,8.079999923706055,5.403904914855957,1250
1999-01-08,8.079999923706055,8.079999923706055,8.079999923706055,8.079999923706055,5.403904914855957,0
1999-01-11,8.079999923706055,8.079999923706055,8.079999923706055,8.079999923706055,5.403904914855957,1562
1999-01-12,8.079999923706055,8.079999923706055,8.079999923706055,8.079999923706055,5.403904914855957,1562
1999-01-13,8.079999923706055,8.079999923706055,8.079999923706055,8.079999923706055,5.403904914855957,0
1999-01-14,8.079999923706055,8.079999923706055,8.079999923706055,8.079999923706055,5.403904914855957,0
1999-01-15,8.0,8.0,8.0,8.0,5.350402355194092,6875
1999-01-19,8.0,8.0,7.920000076293945,7.920000076293945,5.296900272369385,9062
1999-01-20,7.920000076293945,7.920000076293945,7.920000076293945,7.920000076293945,5.296900272369385,0
1999-01-21,7.920000076293945,7.920000076293945,7.920000076293945,7.920000076293945,5.296900272369385,0
1999-01-22,7.679999828338623,7.679999828338623,7.679999828338623,7.679999828338623,5.136386394500732,19375
1999-01-25,7.679999828338623,7.679999828338623,7.679999828338623,7.679999828338623,5.136386394500732,0
1999-01-26,7.599999904632568,7.599999904632568,7.480000019073486,7.480000019073486,5.002627372741699,3750
1999-01-27,7.159999847412109,7.360000133514404,6.559999942779541,7.150000095367432,4.78192138671875,5625
1999-01-28,7.599999904632568,7.599999904632568,7.199999809265137,7.199999809265137,4.815361976623535,2812
1999-01-29,7.199999809265137,7.199999809265137,7.199999809265137,7.199999809265137,4.815361976623535,0
1999-02-01,7.199999809265137,7.199999809265137,7.199999809265137,7.199999809265137,4.815361976623535,0
1999-02-02,7.199999809265137,7.199999809265137,7.199999809265137,7.199999809265137,4.815361976623535,0
1999-02-03,7.199999809265137,7.199999809265137,7.199999809265137,7.199999809265137,4.815361976623535,0
1999-02-04,7.199999809265137,7.199999809265137,7.199999809265137,7.199999809265137,4.815361976623535,0
1999-02-05,7.679999828338623,7.679999828338623,7.320000171661377,7.320000171661377,4.8956170082092285,937
1999-02-08,7.360000133514404,7.360000133514404,7.360000133514404,7.360000133514404,4.922369003295898,3125
1999-02-09,7.320000171661377,7.320000171661377,7.320000171661377,7.320000171661377,4.8956170082092285,1562
1999-02-10,7.320000171661377,7.320000171661377,7.320000171661377,7.320000171661377,4.8956170082092285,0
1999-02-11,7.320000171661377,7.320000171661377,7.320000171661377,7.320000171661377,4.8956170082092285,0
1999-02-12,7.320000171661377,7.320000171661377,7.320000171661377,7.320000171661377,4.8956170082092285,0
1999-02-16,7.360000133514404,7.360000133514404,7.360000133514404,7.360000133514404,4.922369003295898,4062
1999-02-17,7.360000133514404,7.360000133514404,7.360000133514404,7.360000133514404,4.922369003295898,0
1999-02-18,7.360000133514404,7.360000133514404,7.360000133514404,7.360000133514404,4.922369003295898,0
1999-02-19,7.360000133514404,8.079999923706055,7.360000133514404,8.079999923706055,5.403904914855957,10937
1999-02-22,8.079999923706055,8.079999923706055,7.920000076293945,8.079999923706055,5.403904914855957,10312
1999-02-23,8.079999923706055,8.079999923706055,8.079999923706055,8.079999923706055,5.403904914855957,0
1999-02-24,8.0,8.15999984741211,7.880000114440918,8.15999984741211,5.457408428192139,30625
1999-02-25,7.960000038146973,8.079999923706055,7.960000038146973,8.079999923706055,5.403904914855957,56562
1999-02-26,8.079999923706055,8.079999923706055,8.079999923706055,8.079999923706055,5.403904914855957,0
1999-03-01,8.079999923706055,8.640000343322754,8.079999923706055,8.319999694824219,5.564418315887451,10000
1999-03-02,8.319999694824219,8.319999694824219,8.319999694824219,8.319999694824219,5.564418315887451,0
1999-03-03,8.319999694824219,8.319999694824219,8.319999694824219,8.319999694824219,5.564418315887451,0
1999-03-04,8.319999694824219,8.319999694824219,8.319999694824219,8.319999694824219,5.564418315887451,2187
1999-03-05,8.319999694824219,8.319999694824219,8.319999694824219,8.319999694824219,5.564418315887451,0
1999-03-08,8.319999694824219,8.319999694824219,8.319999694824219,8.319999694824219,5.564418315887451,625
1999-03-09,8.319999694824219,8.319999694824219,8.319999694824219,8.319999694824219,5.564418315887451,0
1999-03-10,8.319999694824219,8.319999694824219,8.319999694824219,8.319999694824219,5.564418315887451,0
1999-03-11,8.319999694824219,8.319999694824219,8.319999694824219,8.319999694824219,5.564418315887451,0
1999-03-12,8.640000343322754,8.640000343322754,8.640000343322754,8.640000343322754,5.778434753417969,312
1999-03-15,8.640000343322754,8.680000305175781,8.640000343322754,8.640000343322754,5.778434753417969,2187
1999-03-16,9.279999732971191,9.600000381469727,9.279999732971191,9.600000381469727,6.420482158660889,1875
1999-03-17,9.600000381469727,9.600000381469727,8.640000343322754,8.640000343322754,5.778434753417969,9062
1999-03-18,8.960000038146973,8.960000038146973,8.399999618530273,8.399999618530273,5.617921829223633,4375
1999-03-19,8.960000038146973,8.960000038146973,8.960000038146973,8.960000038146973,5.9924492835998535,13750
1999-03-22,8.960000038146973,8.960000038146973,8.960000038146973,8.960000038146973,5.9924492835998535,0
1999-03-23,8.960000038146973,8.960000038146973,8.960000038146973,8.960000038146973,5.9924492835998535,0
1999-03-24,9.15999984741211,9.15999984741211,8.15999984741211,8.15999984741211,5.457408428192139,10312
1999-03-25,9.039999961853027,9.039999961853027,9.039999961853027,9.039999961853027,6.045952796936035,1875
1999-03-26,9.119999885559082,9.119999885559082,8.800000190734863,8.960000038146973,5.9924492835998535,5625
1999-03-29,8.960000038146973,8.960000038146973,8.960000038146973,8.960000038146973,6.005317211151123,0
1999-03-30,8.84000015258789,8.84000015258789,8.84000015258789,8.84000015258789,5.924892902374268,625
1999-03-31,8.640000343322754,8.640000343322754,8.640000343322754,8.640000343322754,5.7908430099487305,2812
1999-04-01,8.640000343322754,8.640000343322754,8.640000343322754,8.640000343322754,5.7908430099487305,6875
1999-04-05,8.640000343322754,8.640000343322754,8.640000343322754,8.640000343322754,5.7908430099487305,4687
1999-04-06,8.640000343322754,8.960000038146973,8.640000343322754,8.960000038146973,6.005317211151123,6562
1999-04-07,8.479999542236328,8.479999542236328,8.479999542236328,8.479999542236328,5.683604717254639,4687
1999-04-08,8.479999542236328,8.479999542236328,8.479999542236328,8.479999542236328,5.683604717254639,0
1999-04-09,8.640000343322754,8.640000343322754,8.479999542236328,8.479999542236328,5.683604717254639,5312
1999-04-12,8.479999542236328,8.479999542236328,8.479999542236328,8.479999542236328,5.683604717254639,0
1999-04-13,8.960000038146973,8.960000038146973,8.960000038146973,8.960000038146973,6.005317211151123,3125
1999-04-14,8.960000038146973,8.960000038146973,8.960000038146973,8.960000038146973,6.005317211151123,1875
1999-04-15,8.960000038146973,8.960000038146973,8.960000038146973,8.960000038146973,6.005317211151123,937
1999-04-16,8.479999542236328,8.640000343322754,8.479999542236328,8.640000343322754,5.7908430099487305,1094
1999-04-19,8.960000038146973,8.960000038146973,8.960000038146973,8.960000038146973,6.005317211151123,312
1999-04-20,8.720000267028809,9.199999809265137,8.720000267028809,8.960000038146973,6.005317211151123,3594
1999-04-21,8.960000038146973,9.359999656677246,8.960000038146973,9.359999656677246,6.273412227630615,2187
1999-04-22,8.960000038146973,8.960000038146973,8.640000343322754,8.640000343322754,5.7908430099487305,3125
1999-04-23,8.640000343322754,8.960000038146973,8.640000343322754,8.800000190734863,5.898081302642822,2031
1999-04-26,8.640000343322754,8.640000343322754,8.640000343322754,8.640000343322754,5.7908430099487305,312
1999-04-27,8.720000267028809,9.039999961853027,8.720000267028809,9.039999961853027,6.058935165405273,7812
1999-04-28,8.800000190734863,8.800000190734863,8.800000190734863,8.800000190734863,5.898081302642822,312
1999-04-29,8.800000190734863,8.800000190734863,8.800000190734863,8.800000190734863,5.898081302642822,0
1999-04-30,8.800000190734863,8.800000190734863,8.800000190734863,8.800000190734863,5.898081302642822,0
1999-05-03,9.119999885559082,9.119999885559082,9.119999885559082,9.119999885559082,6.112555503845215,937
1999-05-04,9.119999885559082,9.119999885559082,9.119999885559082,9.119999885559082,6.112555503845215,0
1999-05-05,9.119999885559082,9.119999885559082,9.119999885559082,9.119999885559082,6.112555503845215,0
1999-05-06,8.640000343322754,8.640000343322754,8.640000343322754,8.640000343322754,5.7908430099487305,2812
1999-05-07,8.800000190734863,8.800000190734863,8.800000190734863,8.800000190734863,5.898081302642822,2500
1999-05-10,8.800000190734863,8.800000190734863,8.800000190734863,8.800000190734863,5.898081302642822,156
1999-05-11,8.479999542236328,8.479999542236328,8.479999542236328,8.479999542236328,5.683604717254639,1094
1999-05-12,8.5600004196167,8.5600004196167,8.479999542236328,8.479999542236328,5.683604717254639,1094
1999-05-13,8.479999542236328,8.479999542236328,8.479999542236328,8.479999542236328,5.683604717254639,0
1999-05-14,8.479999542236328,8.479999542236328,8.479999542236328,8.479999542236328,5.683604717254639,0
1999-05-17,8.479999542236328,8.479999542236328,8.479999542236328,8.479999542236328,5.683604717254639,469
1999-05-18,8.479999542236328,8.479999542236328,8.479999542236328,8.479999542236328,5.683604717254639,0
1999-05-19,8.479999542236328,8.479999542236328,8.479999542236328,8.479999542236328,5.683604717254639,5625
1999-05-20,8.479999542236328,8.479999542236328,8.479999542236328,8.479999542236328,5.683604717254639,0
1999-05-21,8.479999542236328,8.479999542236328,8.479999542236328,8.479999542236328,5.683604717254639,0
1999-05-24,8.479999542236328,8.479999542236328,8.319999694824219,8.319999694824219,5.576367378234863,2344
1999-05-25,8.479999542236328,8.479999542236328,8.479999542236328,8.479999542236328,5.683604717254639,1875
1999-05-26,8.479999542236328,8.479999542236328,8.479999542236328,8.479999542236328,5.683604717254639,0
1999-05-27,8.479999542236328,8.479999542236328,8.479999542236328,8.479999542236328,5.683604717254639,0
1999-05-28,8.479999542236328,8.479999542236328,8.479999542236328,8.479999542236328,5.683604717254639,1250
1999-06-01,8.479999542236328,8.479999542236328,8.479999542236328,8.479999542236328,5.683604717254639,0
1999-06-02,8.479999542236328,8.479999542236328,8.479999542236328,8.479999542236328,5.683604717254639,2656
1999-06-03,8.15999984741211,8.15999984741211,8.15999984741211,8.15999984741211,5.469127655029297,625
1999-06-04,8.15999984741211,8.15999984741211,8.15999984741211,8.15999984741211,5.469127655029297,0
1999-06-07,8.15999984741211,8.15999984741211,8.15999984741211,8.15999984741211,5.469127655029297,0
1999-06-08,8.15999984741211,8.15999984741211,8.15999984741211,8.15999984741211,5.469127655029297,469
1999-06-09,8.15999984741211,8.15999984741211,8.15999984741211,8.15999984741211,5.469127655029297,0
1999-06-10,8.15999984741211,8.15999984741211,8.15999984741211,8.15999984741211,5.469127655029297,2812
1999-06-11,8.15999984741211,8.15999984741211,8.15999984741211,8.15999984741211,5.469127655029297,0
1999-06-14,8.0,8.0,8.0,8.0,5.361889839172363,2500
1999-06-15,8.0,8.0,8.0,8.0,5.361889839172363,0
1999-06-16,8.0,8.0,8.0,8.0,5.361889839172363,0
1999-06-17,8.0,8.0,8.0,8.0,5.361889839172363,0
1999-06-18,8.0,8.0,8.0,8.0,5.361889839172363,0
1999-06-21,7.840000152587891,7.840000152587891,7.840000152587891,7.840000152587891,5.254652976989746,625
1999-06-22,7.840000152587891,7.840000152587891,7.840000152587891,7.840000152587891,5.254652976989746,0
1999-06-23,7.679999828338623,7.679999828338623,7.679999828338623,7.679999828338623,5.147416591644287,2500
1999-06-24,7.679999828338623,7.679999828338623,7.679999828338623,7.679999828338623,5.147416591644287,0
1999-06-25,7.679999828338623,7.679999828338623,7.679999828338623,7.679999828338623,5.147416591644287,0
1999-06-28,8.0,8.0,8.0,8.0,5.378024578094482,2656
1999-06-29,8.0,8.0,8.0,8.0,5.378024578094482,0
1999-06-30,7.679999828338623,7.679999828338623,7.679999828338623,7.679999828338623,5.162904262542725,7187
1999-07-01,8.0,8.0,8.0,8.0,5.378024578094482,1562
1999-07-02,8.0,8.0,8.0,8.0,5.378024578094482,0
1999-07-06,8.0,8.0,8.0,8.0,5.378024578094482,0
1999-07-07,8.5600004196167,8.5600004196167,8.0,8.0,5.378024578094482,1875
1999-07-08,8.0,8.0,8.0,8.0,5.378024578094482,0
1999-07-09,8.0,8.0,8.0,8.0,5.378024578094482,0
1999-07-12,8.0,8.0,8.0,8.0,5.378024578094482,0
1999-07-13,8.0,8.0,8.0,8.0,5.378024578094482,0
1999-07-14,8.0,8.0,8.0,8.0,5.378024578094482,0
1999-07-15,8.319999694824219,8.319999694824219,8.15999984741211,8.15999984741211,5.485585689544678,3750
1999-07-16,8.15999984741211,8.15999984741211,8.15999984741211,8.15999984741211,5.485585689544678,0
1999-07-19,8.15999984741211,8.15999984741211,8.15999984741211,8.15999984741211,5.485585689544678,0
1999-07-20,8.15999984741211,8.15999984741211,8.15999984741211,8.15999984741211,5.485585689544678,0
1999-07-21,8.15999984741211,8.15999984741211,8.15999984741211,8.15999984741211,5.485585689544678,0
1999-07-22,8.15999984741211,8.15999984741211,8.15999984741211,8.15999984741211,5.485585689544678,0
1999-07-23,8.15999984741211,8.15999984741211,8.15999984741211,8.15999984741211,5.485585689544678,0
1999-07-26,8.15999984741211,8.15999984741211,8.15999984741211,8.15999984741211,5.485585689544678,0
1999-07-27,8.15999984741211,8.15999984741211,8.15999984741211,8.15999984741211,5.485585689544678,0
1999-07-28,8.15999984741211,8.15999984741211,8.15999984741211,8.15999984741211,5.485585689544678,0
1999-07-29,8.15999984741211,8.15999984741211,7.679999828338623,8.0,5.378024578094482,11094
1999-07-30,8.0,8.0,8.0,8.0,5.378024578094482,0
1999-08-02,8.0,8.0,8.0,8.0,5.378024578094482,0
1999-08-03,7.920000076293945,7.920000076293945,7.920000076293945,7.920000076293945,5.324246406555176,5469
1999-08-04,7.920000076293945,7.920000076293945,7.920000076293945,7.920000076293945,5.324246406555176,0
1999-08-05,7.920000076293945,7.920000076293945,7.920000076293945,7.920000076293945,5.324246406555176,0
1999-08-06,7.920000076293945,7.920000076293945,7.920000076293945,7.920000076293945,5.324246406555176,0
1999-08-09,7.920000076293945,7.920000076293945,7.920000076293945,7.920000076293945,5.324246406555176,0
1999-08-10,7.679999828338623,7.679999828338623,7.679999828338623,7.679999828338623,5.162904262542725,625
1999-08-11,7.679999828338623,7.920000076293945,7.679999828338623,7.920000076293945,5.324246406555176,1094
1999-08-12,7.920000076293945,7.920000076293945,7.920000076293945,7.920000076293945,5.324246406555176,1562
1999-08-13,7.920000076293945,7.920000076293945,7.920000076293945,7.920000076293945,5.324246406555176,0
1999-08-16,7.920000076293945,7.920000076293945,7.920000076293945,7.920000076293945,5.324246406555176,0
1999-08-17,7.679999828338623,7.679999828338623,7.679999828338623,7.679999828338623,5.162904262542725,625
1999-08-18,7.679999828338623,7.679999828338623,7.679999828338623,7.679999828338623,5.162904262542725,0
1999-08-19,7.679999828338623,7.679999828338623,7.679999828338623,7.679999828338623,5.162904262542725,2187
1999-08-20,7.679999828338623,7.679999828338623,7.679999828338623,7.679999828338623,5.162904262542725,0
1999-08-23,8.15999984741211,8.15999984741211,8.15999984741211,8.15999984741211,5.485585689544678,156
1999-08-24,8.15999984741211,8.15999984741211,8.15999984741211,8.15999984741211,5.485585689544678,0
1999-08-25,8.15999984741211,8.15999984741211,8.15999984741211,8.15999984741211,5.485585689544678,0
1999-08-26,8.15999984741211,8.15999984741211,8.15999984741211,8.15999984741211,5.485585689544678,0
1999-08-27,8.15999984741211,8.15999984741211,8.15999984741211,8.15999984741211,5.485585689544678,0
1999-08-30,8.15999984741211,8.15999984741211,8.15999984741211,8.15999984741211,5.485585689544678,0
1999-08-31,8.319999694824219,8.319999694824219,8.319999694824219,8.319999694824219,5.593147277832031,312
1999-09-01,8.319999694824219,8.319999694824219,8.319999694824219,8.319999694824219,5.593147277832031,0
1999-09-02,8.319999694824219,8.319999694824219,8.319999694824219,8.319999694824219,5.593147277832031,0
1999-09-03,8.319999694824219,8.319999694824219,8.319999694824219,8.319999694824219,5.593147277832031,0
1999-09-07,8.319999694824219,8.319999694824219,8.319999694824219,8.319999694824219,5.593147277832031,0
1999-09-08,7.679999828338623,7.679999828338623,7.679999828338623,7.679999828338623,5.162904262542725,1562
1999-09-09,7.679999828338623,7.679999828338623,7.679999828338623,7.679999828338623,5.162904262542725,0
1999-09-10,8.319999694824219,9.760000228881836,8.319999694824219,9.119999885559082,6.1309494972229,2656
1999-09-13,9.119999885559082,9.119999885559082,9.119999885559082,9.119999885559082,6.1309494972229,0
1999-09-14,9.119999885559082,9.119999885559082,9.119999885559082,9.119999885559082,6.1309494972229,0
1999-09-15,8.0,8.0,8.0,8.0,5.378024578094482,1562
1999-09-16,8.0,8.0,8.0,8.0,5.378024578094482,0
1999-09-17,8.0,8.0,8.0,8.0,5.378024578094482,0
1999-09-20,8.0,8.0,8.0,8.0,5.378024578094482,781
1999-09-21,8.0,8.0,8.0,8.0,5.378024578094482,0
1999-09-22,8.0,8.0,8.0,8.0,5.378024578094482,0
1999-09-23,8.0,8.0,8.0,8.0,5.378024578094482,0
1999-09-24,8.0,8.0,8.0,8.0,5.378024578094482,625
1999-09-27,8.0,8.0,8.0,8.0,5.378024578094482,0
1999-09-28,7.679999828338623,7.679999828338623,7.639999866485596,7.639999866485596,5.1504364013671875,2812
1999-09-29,7.639999866485596,7.639999866485596,7.639999866485596,7.639999866485596,5.1504364013671875,0
1999-09-30,7.639999866485596,7.639999866485596,7.639999866485596,7.639999866485596,5.1504364013671875,0
1999-10-01,7.639999866485596,7.639999866485596,7.639999866485596,7.639999866485596,5.1504364013671875,0
1999-10-04,8.0,8.0,8.0,8.0,5.393126487731934,156
1999-10-05,8.0,8.0,8.0,8.0,5.393126487731934,0
1999-10-06,8.0,8.0,8.0,8.0,5.393126487731934,0
1999-10-07,8.0,8.0,8.0,8.0,5.393126487731934,0
1999-10-08,8.15999984741211,8.15999984741211,7.360000133514404,7.360000133514404,4.961675643920898,2500
1999-10-11,8.15999984741211,8.15999984741211,8.15999984741211,8.15999984741211,5.500988006591797,312
1999-10-12,8.15999984741211,9.4399995803833,8.15999984741211,8.319999694824219,5.608851432800293,10625
1999-10-13,8.319999694824219,8.319999694824219,8.319999694824219,8.319999694824219,5.608851432800293,0
1999-10-14,8.0,8.0,8.0,8.0,5.393126487731934,781
1999-10-15,8.319999694824219,9.039999961853027,8.319999694824219,9.039999961853027,6.094231605529785,2031
1999-10-18,8.0,8.640000343322754,8.0,8.640000343322754,5.824575901031494,1094
1999-10-19,8.640000343322754,8.640000343322754,8.640000343322754,8.640000343322754,5.824575901031494,0
1999-10-20,8.640000343322754,8.640000343322754,8.640000343322754,8.640000343322754,5.824575901031494,0
1999-10-21,8.239999771118164,8.239999771118164,8.239999771118164,8.239999771118164,5.5549211502075195,781
1999-10-22,8.239999771118164,8.239999771118164,8.239999771118164,8.239999771118164,5.5549211502075195,0
1999-10-25,8.239999771118164,8.239999771118164,8.239999771118164,8.239999771118164,5.5549211502075195,0
1999-10-26,8.239999771118164,8.239999771118164,8.239999771118164,8.239999771118164,5.5549211502075195,0
1999-10-27,8.239999771118164,8.239999771118164,8.239999771118164,8.239999771118164,5.5549211502075195,0
1999-10-28,8.15999984741211,8.15999984741211,8.15999984741211,8.15999984741211,5.500988006591797,2344
1999-10-29,8.15999984741211,8.15999984741211,8.15999984741211,8.15999984741211,5.500988006591797,0
1999-11-01,8.15999984741211,8.15999984741211,8.15999984741211,8.15999984741211,5.500988006591797,0
1999-11-02,8.15999984741211,8.15999984741211,8.15999984741211,8.15999984741211,5.500988006591797,0
1999-11-03,8.0,8.0,8.0,8.0,5.393126487731934,312
1999-11-04,8.0,8.0,8.0,8.0,5.393126487731934,0
1999-11-05,8.0,8.0,8.0,8.0,5.393126487731934,0
1999-11-08,8.0,8.0,8.0,8.0,5.393126487731934,0
1999-11-09,8.0,8.0,8.0,8.0,5.393126487731934,0
1999-11-10,7.679999828338623,7.679999828338623,7.679999828338623,7.679999828338623,5.177401542663574,312
1999-11-11,7.679999828338623,7.679999828338623,7.679999828338623,7.679999828338623,5.177401542663574,0
1999-11-12,7.679999828338623,7.679999828338623,7.679999828338623,7.679999828338623,5.177401542663574,0
1999-11-15,8.0,8.0,7.679999828338623,7.840000152587891,5.2852630615234375,8594
1999-11-16,7.840000152587891,7.840000152587891,7.840000152587891,7.840000152587891,5.2852630615234375,0
1999-11-17,7.519999980926514,7.519999980926514,7.519999980926514,7.519999980926514,5.069538593292236,4062
1999-11-18,7.519999980926514,7.519999980926514,7.519999980926514,7.519999980926514,5.069538593292236,0
1999-11-19,7.519999980926514,7.519999980926514,7.519999980926514,7.519999980926514,5.069538593292236,0
1999-11-22,7.519999980926514,7.519999980926514,7.519999980926514,7.519999980926514,5.069538593292236,0
1999-11-23,7.519999980926514,7.519999980926514,7.519999980926514,7.519999980926514,5.069538593292236,0
1999-11-24,7.519999980926514,7.519999980926514,7.519999980926514,7.519999980926514,5.069538593292236,0
1999-11-26,7.519999980926514,7.519999980926514,7.519999980926514,7.519999980926514,5.069538593292236,0
1999-11-29,7.519999980926514,7.519999980926514,7.519999980926514,7.519999980926514,5.069538593292236,0
1999-11-30,7.679999828338623,7.679999828338623,7.679999828338623,7.679999828338623,5.177401542663574,2500
1999-12-01,7.679999828338623,7.679999828338623,7.679999828338623,7.679999828338623,5.177401542663574,2187
1999-12-02,7.679999828338623,7.679999828338623,7.679999828338623,7.679999828338623,5.177401542663574,0
1999-12-03,7.679999828338623,8.079999923706055,7.679999828338623,8.079999923706055,5.447057247161865,4062
1999-12-06,8.079999923706055,8.079999923706055,8.079999923706055,8.079999923706055,5.447057247161865,0
1999-12-07,8.079999923706055,8.079999923706055,8.079999923706055,8.079999923706055,5.447057247161865,0
1999-12-08,8.079999923706055,8.079999923706055,8.079999923706055,8.079999923706055,5.447057247161865,0
1999-12-09,8.079999923706055,8.079999923706055,8.079999923706055,8.079999923706055,5.447057247161865,0
1999-12-10,8.079999923706055,8.079999923706055,8.079999923706055,8.079999923706055,5.447057247161865,0
1999-12-13,8.079999923706055,8.079999923706055,8.079999923706055,8.079999923706055,5.447057247161865,0
1999-12-14,8.079999923706055,8.079999923706055,8.079999923706055,8.079999923706055,5.447057247161865,0
1999-12-15,8.079999923706055,8.079999923706055,8.079999923706055,8.079999923706055,5.447057247161865,0
1999-12-16,7.920000076293945,7.920000076293945,7.920000076293945,7.920000076293945,5.339197158813477,156
1999-12-17,7.679999828338623,7.679999828338623,7.360000133514404,7.360000133514404,4.961675643920898,1250
1999-12-20,7.679999828338623,7.679999828338623,7.679999828338623,7.679999828338623,5.177401542663574,18437
1999-12-21,7.679999828338623,7.679999828338623,7.679999828338623,7.679999828338623,5.177401542663574,0
1999-12-22,7.679999828338623,7.679999828338623,7.679999828338623,7.679999828338623,5.177401542663574,0
1999-12-23,7.679999828338623,7.679999828338623,7.679999828338623,7.679999828338623,5.177401542663574,2344
1999-12-27,8.0,8.479999542236328,7.71999979019165,7.71999979019165,5.204367637634277,6875
1999-12-28,8.319999694824219,8.319999694824219,8.319999694824219,8.319999694824219,5.608851432800293,9687
1999-12-29,8.319999694824219,8.640000343322754,8.319999694824219,8.479999542236328,5.7343573570251465,1719
1999-12-30,8.640000343322754,8.640000343322754,8.640000343322754,8.640000343322754,5.842552661895752,11562
1999-12-31,8.640000343322754,8.640000343322754,8.640000343322754,8.640000343322754,5.842552661895752,1719
2000-01-03,8.640000343322754,8.640000343322754,8.640000343322754,8.640000343322754,5.842552661895752,625
2000-01-04,8.640000343322754,8.640000343322754,8.640000343322754,8.640000343322754,5.842552661895752,2031
2000-01-05,8.319999694824219,8.319999694824219,8.319999694824219,8.319999694824219,5.626163005828857,1250
2000-01-06,8.319999694824219,8.319999694824219,8.319999694824219,8.319999694824219,5.626163005828857,0
2000-01-07,8.319999694824219,8.319999694824219,8.319999694824219,8.319999694824219,5.626163005828857,0
2000-01-10,8.319999694824219,8.319999694824219,8.319999694824219,8.319999694824219,5.626163005828857,0
2000-01-11,8.0,8.0,8.0,8.0,5.409771919250488,156
2000-01-12,8.0,8.0,8.0,8.0,5.409771919250488,0
2000-01-13,8.079999923706055,8.079999923706055,8.0,8.079999923706055,5.463868618011475,9844
2000-01-14,8.319999694824219,9.279999732971191,8.319999694824219,8.960000038146973,6.058943271636963,12500
2000-01-18,8.479999542236328,8.479999542236328,8.479999542236328,8.479999542236328,5.7343573570251465,2187
2000-01-19,8.479999542236328,8.479999542236328,8.319999694824219,8.479999542236328,5.7343573570251465,6094
2000-01-20,8.479999542236328,8.479999542236328,8.319999694824219,8.319999694824219,5.626163005828857,937
2000-01-21,8.319999694824219,8.319999694824219,8.319999694824219,8.319999694824219,5.626163005828857,0
2000-01-24,8.479999542236328,8.479999542236328,8.479999542236328,8.479999542236328,5.7343573570251465,469
2000-01-25,8.319999694824219,8.319999694824219,8.319999694824219,8.319999694824219,5.626163005828857,156
2000-01-26,8.319999694824219,8.319999694824219,8.319999694824219,8.319999694824219,5.626163005828857,0
2000-01-27,8.319999694824219,8.319999694824219,8.319999694824219,8.319999694824219,5.626163005828857,156
2000-01-28,8.319999694824219,8.319999694824219,8.319999694824219,8.319999694824219,5.626163005828857,0
2000-01-31,8.079999923706055,8.079999923706055,8.079999923706055,8.079999923706055,5.463868618011475,1094
2000-02-01,8.0,8.0,8.0,8.0,5.409771919250488,156
2000-02-02,8.0,8.0,8.0,8.0,5.409771919250488,0
2000-02-03,8.0,8.0,8.0,8.0,5.409771919250488,0
2000-02-04,8.0,8.0,8.0,8.0,5.409771919250488,0
2000-02-07,7.679999828338623,7.679999828338623,7.679999828338623,7.679999828338623,5.1933794021606445,312
2000-02-08,7.679999828338623,7.679999828338623,7.679999828338623,7.679999828338623,5.1933794021606445,0
2000-02-09,7.679999828338623,7.679999828338623,7.679999828338623,7.679999828338623,5.1933794021606445,0
2000-02-10,7.679999828338623,7.679999828338623,7.679999828338623,7.679999828338623,5.1933794021606445,0
2000-02-11,7.679999828338623,7.679999828338623,7.679999828338623,7.679999828338623,5.1933794021606445,781
2000-02-14,7.679999828338623,7.679999828338623,7.679999828338623,7.679999828338623,5.1933794021606445,0
2000-02-15,7.679999828338623,7.679999828338623,7.679999828338623,7.679999828338623,5.1933794021606445,0
2000-02-16,7.679999828338623,7.679999828338623,7.679999828338623,7.679999828338623,5.1933794021606445,0
2000-02-17,7.679999828338623,7.679999828338623,7.679999828338623,7.679999828338623,5.1933794021606445,0
2000-02-18,7.679999828338623,8.079999923706055,7.679999828338623,7.679999828338623,5.1933794021606445,5469
2000-02-22,7.679999828338623,7.679999828338623,7.679999828338623,7.679999828338623,5.1933794021606445,0
2000-02-23,7.679999828338623,7.679999828338623,7.679999828338623,7.679999828338623,5.1933794021606445,0
2000-02-24,7.679999828338623,7.679999828338623,7.679999828338623,7.679999828338623,5.1933794021606445,0
2000-02-25,7.679999828338623,7.679999828338623,7.360000133514404,7.360000133514404,4.97698974609375,1250
2000-02-28,7.360000133514404,7.360000133514404,7.360000133514404,7.360000133514404,4.97698974609375,0
2000-02-29,7.360000133514404,7.360000133514404,7.360000133514404,7.360000133514404,4.97698974609375,0
2000-03-01,7.360000133514404,7.360000133514404,7.360000133514404,7.360000133514404,4.97698974609375,0
2000-03-02,7.360000133514404,7.360000133514404,7.360000133514404,7.360000133514404,4.97698974609375,0
2000-03-03,7.360000133514404,7.360000133514404,7.360000133514404,7.360000133514404,4.97698974609375,0
2000-03-06,7.360000133514404,7.360000133514404,7.360000133514404,7.360000133514404,4.97698974609375,0
2000-03-07,7.679999828338623,7.679999828338623,7.360000133514404,7.360000133514404,4.97698974609375,9844
2000-03-08,7.159999847412109,7.159999847412109,7.159999847412109,7.159999847412109,4.841744899749756,6250
2000-03-09,7.079999923706055,7.840000152587891,6.71999979019165,7.840000152587891,5.301577091217041,2969
2000-03-10,7.360000133514404,7.840000152587891,7.039999961853027,7.840000152587891,5.301577091217041,6719
2000-03-13,7.840000152587891,7.840000152587891,7.840000152587891,7.840000152587891,5.301577091217041,0
2000-03-14,7.840000152587891,7.840000152587891,7.840000152587891,7.840000152587891,5.301577091217041,0
2000-03-15,7.840000152587891,7.840000152587891,7.840000152587891,7.840000152587891,5.301577091217041,0
2000-03-16,7.519999980926514,7.840000152587891,7.519999980926514,7.840000152587891,5.301577091217041,1406
2000-03-17,7.840000152587891,7.840000152587891,7.840000152587891,7.840000152587891,5.301577091217041,0
2000-03-20,7.679999828338623,7.679999828338623,7.679999828338623,7.679999828338623,5.1933794021606445,312
2000-03-21,7.679999828338623,7.679999828338623,7.679999828338623,7.679999828338623,5.1933794021606445,312
2000-03-22,7.679999828338623,7.679999828338623,7.679999828338623,7.679999828338623,5.1933794021606445,0
2000-03-23,7.679999828338623,7.679999828338623,7.679999828338623,7.679999828338623,5.1933794021606445,0
2000-03-24,7.679999828338623,7.679999828338623,7.679999828338623,7.679999828338623,5.1933794021606445,0
2000-03-27,7.679999828338623,7.679999828338623,7.679999828338623,7.679999828338623,5.1933794021606445,0
2000-03-28,7.679999828338623,7.679999828338623,7.679999828338623,7.679999828338623,5.1933794021606445,0
2000-03-29,7.639999866485596,7.639999866485596,7.639999866485596,7.639999866485596,5.183610439300537,0
2000-03-30,7.639999866485596,7.639999866485596,7.639999866485596,7.639999866485596,5.183610439300537,0
2000-03-31,7.639999866485596,7.639999866485596,7.639999866485596,7.639999866485596,5.183610439300537,0
2000-04-03,7.199999809265137,7.199999809265137,7.199999809265137,7.199999809265137,4.885075092315674,156
2000-04-04,7.199999809265137,7.199999809265137,7.199999809265137,7.199999809265137,4.885075092315674,2187
2000-04-05,7.199999809265137,7.199999809265137,7.199999809265137,7.199999809265137,4.885075092315674,0
2000-04-06,7.199999809265137,7.199999809265137,7.199999809265137,7.199999809265137,4.885075092315674,0
2000-04-07,7.199999809265137,7.199999809265137,7.199999809265137,7.199999809265137,4.885075092315674,0
2000-04-10,7.199999809265137,7.199999809265137,7.199999809265137,7.199999809265137,4.885075092315674,0
2000-04-11,7.199999809265137,7.199999809265137,7.199999809265137,7.199999809265137,4.885075092315674,0
2000-04-12,7.199999809265137,7.199999809265137,7.199999809265137,7.199999809265137,4.885075092315674,0
2000-04-13,7.199999809265137,7.199999809265137,6.559999942779541,6.559999942779541,4.450848579406738,6250
2000-04-14,7.119999885559082,7.119999885559082,6.559999942779541,6.559999942779541,4.450848579406738,5781
2000-04-17,7.199999809265137,7.199999809265137,7.199999809265137,7.199999809265137,4.885075092315674,5625
2000-04-18,7.119999885559082,7.119999885559082,7.119999885559082,7.119999885559082,4.830799102783203,3437
2000-04-19,7.119999885559082,7.119999885559082,7.119999885559082,7.119999885559082,4.830799102783203,2500
2000-04-20,7.119999885559082,7.119999885559082,7.119999885559082,7.119999885559082,4.830799102783203,0
2000-04-24,7.119999885559082,7.119999885559082,7.119999885559082,7.119999885559082,4.830799102783203,0
2000-04-25,7.119999885559082,7.119999885559082,7.119999885559082,7.119999885559082,4.830799102783203,0
2000-04-26,7.199999809265137,7.199999809265137,7.199999809265137,7.199999809265137,4.885075092315674,625
2000-04-27,7.119999885559082,7.119999885559082,7.119999885559082,7.119999885559082,4.830799102783203,937
2000-04-28,6.800000190734863,7.119999885559082,6.159999847412109,7.119999885559082,4.830799102783203,4687
2000-05-01,7.119999885559082,7.119999885559082,7.119999885559082,7.119999885559082,4.830799102783203,0
2000-05-02,7.119999885559082,7.119999885559082,7.119999885559082,7.119999885559082,4.830799102783203,0
2000-05-03,6.760000228881836,6.760000228881836,6.760000228881836,6.760000228881836,4.586544990539551,312
2000-05-04,6.760000228881836,6.760000228881836,6.760000228881836,6.760000228881836,4.586544990539551,0
2000-05-05,6.760000228881836,6.760000228881836,6.760000228881836,6.760000228881836,4.586544990539551,469
2000-05-08,6.760000228881836,6.760000228881836,6.760000228881836,6.760000228881836,4.586544990539551,0
2000-05-09,6.760000228881836,6.760000228881836,6.760000228881836,6.760000228881836,4.586544990539551,0
2000-05-10,7.039999961853027,7.039999961853027,6.760000228881836,6.760000228881836,4.586544990539551,5781
2000-05-11,6.760000228881836,6.760000228881836,6.760000228881836,6.760000228881836,4.586544990539551,0
2000-05-12,7.199999809265137,7.199999809265137,7.199999809265137,7.199999809265137,4.885075092315674,3750
2000-05-15,8.0,8.0,8.0,8.0,5.427864074707031,156
2000-05-16,8.0,8.0,8.0,8.0,5.427864074707031,0
2000-05-17,7.039999961853027,7.039999961853027,7.039999961853027,7.039999961853027,4.776520729064941,312
2000-05-18,7.039999961853027,7.039999961853027,7.039999961853027,7.039999961853027,4.776520729064941,0
2000-05-19,7.039999961853027,7.039999961853027,7.039999961853027,7.039999961853027,4.776520729064941,0
2000-05-22,7.039999961853027,7.039999961853027,7.039999961853027,7.039999961853027,4.776520729064941,0
2000-05-23,7.039999961853027,7.039999961853027,7.039999961853027,7.039999961853027,4.776520729064941,156
2000-05-24,7.039999961853027,7.039999961853027,7.039999961853027,7.039999961853027,4.776520729064941,0
2000-05-25,7.039999961853027,7.039999961853027,7.039999961853027,7.039999961853027,4.776520729064941,0
2000-05-26,7.039999961853027,7.039999961853027,7.039999961853027,7.039999961853027,4.776520729064941,0
2000-05-30,7.039999961853027,7.039999961853027,7.039999961853027,7.039999961853027,4.776520729064941,0
2000-05-31,7.039999961853027,7.039999961853027,7.039999961853027,7.039999961853027,4.776520729064941,0
2000-06-01,7.039999961853027,7.039999961853027,7.039999961853027,7.039999961853027,4.776520729064941,0
2000-06-02,7.039999961853027,7.039999961853027,7.039999961853027,7.039999961853027,4.776520729064941,0
2000-06-05,7.039999961853027,7.039999961853027,7.039999961853027,7.039999961853027,4.776520729064941,0
2000-06-06,7.039999961853027,7.039999961853027,7.039999961853027,7.039999961853027,4.776520729064941,0
2000-06-07,7.039999961853027,7.039999961853027,7.039999961853027,7.039999961853027,4.776520729064941,0
2000-06-08,7.039999961853027,7.039999961853027,7.039999961853027,7.039999961853027,4.776520729064941,0
2000-06-09,7.039999961853027,7.039999961853027,7.039999961853027,7.039999961853027,4.776520729064941,0
2000-06-12,7.039999961853027,7.039999961853027,7.039999961853027,7.039999961853027,4.776520729064941,0
2000-06-13,7.039999961853027,7.039999961853027,7.039999961853027,7.039999961853027,4.776520729064941,0
2000-06-14,7.039999961853027,7.039999961853027,7.039999961853027,7.039999961853027,4.776520729064941,0
2000-06-15,6.800000190734863,6.800000190734863,6.800000190734863,6.800000190734863,4.6136860847473145,3125
2000-06-16,6.800000190734863,6.800000190734863,6.800000190734863,6.800000190734863,4.6136860847473145,0
2000-06-19,6.800000190734863,6.800000190734863,6.800000190734863,6.800000190734863,4.6136860847473145,0
2000-06-20,6.800000190734863,6.800000190734863,6.800000190734863,6.800000190734863,4.6136860847473145,0
2000-06-21,6.800000190734863,6.800000190734863,6.800000190734863,6.800000190734863,4.6136860847473145,2344
2000-06-22,6.800000190734863,6.800000190734863,6.71999979019165,6.71999979019165,4.559406280517578,8437
2000-06-23,6.71999979019165,6.71999979019165,6.71999979019165,6.71999979019165,4.559406280517578,0
2000-06-26,6.71999979019165,6.71999979019165,6.71999979019165,6.71999979019165,4.559406280517578,0
2000-06-27,6.480000019073486,6.480000019073486,6.239999771118164,6.400000095367432,4.3422932624816895,2500
2000-06-28,6.360000133514404,6.360000133514404,6.360000133514404,6.360000133514404,4.334658145904541,0
2000-06-29,6.079999923706055,6.559999942779541,5.079999923706055,6.559999942779541,4.470969200134277,16719
2000-06-30,6.71999979019165,7.679999828338623,6.71999979019165,7.679999828338623,5.234303951263428,5156
2000-07-03,7.679999828338623,7.679999828338623,7.679999828338623,7.679999828338623,5.234303951263428,0
2000-07-05,7.679999828338623,7.679999828338623,7.679999828338623,7.679999828338623,5.234303951263428,0
2000-07-06,7.679999828338623,7.679999828338623,7.679999828338623,7.679999828338623,5.234303951263428,0
2000-07-07,7.679999828338623,7.679999828338623,7.679999828338623,7.679999828338623,5.234303951263428,0
2000-07-10,6.880000114440918,6.880000114440918,6.880000114440918,6.880000114440918,4.6890645027160645,4531
2000-07-11,6.880000114440918,6.880000114440918,6.880000114440918,6.880000114440918,4.6890645027160645,0
2000-07-12,6.880000114440918,6.880000114440918,6.880000114440918,6.880000114440918,4.6890645027160645,0
2000-07-13,7.360000133514404,7.360000133514404,7.360000133514404,7.360000133514404,5.016208648681641,2500
2000-07-14,7.360000133514404,7.440000057220459,7.360000133514404,7.360000133514404,5.016208648681641,9219
2000-07-17,7.360000133514404,7.360000133514404,7.360000133514404,7.360000133514404,5.016208648681641,0
2000-07-18,7.360000133514404,7.360000133514404,7.360000133514404,7.360000133514404,5.016208648681641,0
2000-07-19,7.360000133514404,7.360000133514404,7.360000133514404,7.360000133514404,5.016208648681641,0
2000-07-20,7.360000133514404,7.360000133514404,7.360000133514404,7.360000133514404,5.016208648681641,0
2000-07-21,7.360000133514404,7.360000133514404,7.360000133514404,7.360000133514404,5.016208648681641,0
2000-07-24,7.360000133514404,7.360000133514404,7.360000133514404,7.360000133514404,5.016208648681641,0
2000-07-25,7.360000133514404,7.360000133514404,7.360000133514404,7.360000133514404,5.016208648681641,0
2000-07-26,7.039999961853027,7.039999961853027,7.039999961853027,7.039999961853027,4.7981109619140625,2656
2000-07-27,7.039999961853027,7.039999961853027,6.400000095367432,6.400000095367432,4.361920356750488,3125
2000-07-28,6.71999979019165,6.71999979019165,6.079999923706055,6.079999923706055,4.143824100494385,10469
2000-07-31,6.079999923706055,6.079999923706055,6.079999923706055,6.079999923706055,4.143824100494385,0
2000-08-01,6.079999923706055,6.079999923706055,6.079999923706055,6.079999923706055,4.143824100494385,0
2000-08-02,6.239999771118164,6.400000095367432,6.079999923706055,6.079999923706055,4.143824100494385,2187
2000-08-03,6.079999923706055,6.079999923706055,6.079999923706055,6.079999923706055,4.143824100494385,2812
2000-08-04,6.079999923706055,6.079999923706055,6.079999923706055,6.079999923706055,4.143824100494385,0
2000-08-07,6.079999923706055,6.079999923706055,6.079999923706055,6.079999923706055,4.143824100494385,781
2000-08-08,6.079999923706055,6.079999923706055,6.079999923706055,6.079999923706055,4.143824100494385,0
2000-08-09,6.079999923706055,6.079999923706055,6.079999923706055,6.079999923706055,4.143824100494385,0
2000-08-10,6.559999942779541,6.559999942779541,6.559999942779541,6.559999942779541,4.470969200134277,156
2000-08-11,6.559999942779541,6.559999942779541,6.400000095367432,6.400000095367432,4.361920356750488,1094
2000-08-14,6.400000095367432,6.400000095367432,6.400000095367432,6.400000095367432,4.361920356750488,0
2000-08-15,6.400000095367432,6.400000095367432,6.400000095367432,6.400000095367432,4.361920356750488,0
2000-08-16,6.400000095367432,6.400000095367432,6.400000095367432,6.400000095367432,4.361920356750488,0
2000-08-17,6.119999885559082,6.119999885559082,6.079999923706055,6.079999923706055,4.143824100494385,1875
2000-08-18,6.079999923706055,6.079999923706055,6.079999923706055,6.079999923706055,4.143824100494385,0
2000-08-21,6.079999923706055,6.079999923706055,6.079999923706055,6.079999923706055,4.143824100494385,0
2000-08-22,6.079999923706055,6.079999923706055,6.079999923706055,6.079999923706055,4.143824100494385,0
2000-08-23,6.079999923706055,6.079999923706055,6.079999923706055,6.079999923706055,4.143824100494385,0
2000-08-24,6.079999923706055,6.079999923706055,6.079999923706055,6.079999923706055,4.143824100494385,0
2000-08-25,6.079999923706055,6.079999923706055,6.079999923706055,6.079999923706055,4.143824100494385,0
2000-08-28,6.079999923706055,6.079999923706055,6.079999923706055,6.079999923706055,4.143824100494385,0
2000-08-29,6.079999923706055,6.079999923706055,6.079999923706055,6.079999923706055,4.143824100494385,0
2000-08-30,6.079999923706055,6.079999923706055,6.079999923706055,6.079999923706055,4.143824100494385,0
2000-08-31,6.079999923706055,6.079999923706055,6.079999923706055,6.079999923706055,4.143824100494385,0
2000-09-01,6.079999923706055,6.079999923706055,6.079999923706055,6.079999923706055,4.143824100494385,1562
2000-09-05,6.079999923706055,6.079999923706055,6.079999923706055,6.079999923706055,4.143824100494385,0
2000-09-06,6.079999923706055,6.079999923706055,6.079999923706055,6.079999923706055,4.143824100494385,0
2000-09-07,6.079999923706055,6.079999923706055,6.079999923706055,6.079999923706055,4.143824100494385,0
2000-09-08,6.079999923706055,6.079999923706055,6.079999923706055,6.079999923706055,4.143824100494385,0
2000-09-11,6.079999923706055,6.079999923706055,6.079999923706055,6.079999923706055,4.143824100494385,0
2000-09-12,6.079999923706055,6.079999923706055,6.079999923706055,6.079999923706055,4.143824100494385,0
2000-09-13,6.079999923706055,6.079999923706055,6.079999923706055,6.079999923706055,4.143824100494385,0
2000-09-14,6.079999923706055,6.079999923706055,6.079999923706055,6.079999923706055,4.143824100494385,0
2000-09-15,6.079999923706055,6.079999923706055,6.079999923706055,6.079999923706055,4.143824100494385,0
2000-09-18,6.079999923706055,6.079999923706055,6.079999923706055,6.079999923706055,4.143824100494385,0
2000-09-19,6.079999923706055,6.079999923706055,6.079999923706055,6.079999923706055,4.143824100494385,0
2000-09-20,6.079999923706055,6.079999923706055,6.079999923706055,6.079999923706055,4.143824100494385,0
2000-09-21,6.400000095367432,6.400000095367432,6.400000095367432,6.400000095367432,4.361920356750488,1094
2000-09-22,6.400000095367432,6.400000095367432,6.400000095367432,6.400000095367432,4.361920356750488,0
2000-09-25,6.400000095367432,6.400000095367432,6.400000095367432,6.400000095367432,4.361920356750488,0
2000-09-26,6.400000095367432,6.679999828338623,6.400000095367432,6.679999828338623,4.5527544021606445,5312
2000-09-27,6.639999866485596,6.639999866485596,6.639999866485596,6.639999866485596,4.5450873374938965,0
2000-09-28,6.400000095367432,6.400000095367432,6.400000095367432,6.400000095367432,4.380806922912598,13437
2000-09-29,6.400000095367432,6.400000095367432,6.400000095367432,6.400000095367432,4.380806922912598,30625
2000-10-02,6.400000095367432,6.400000095367432,6.400000095367432,6.400000095367432,4.380806922912598,0
2000-10-03,6.400000095367432,6.400000095367432,6.400000095367432,6.400000095367432,4.380806922912598,0
2000-10-04,6.400000095367432,6.400000095367432,6.400000095367432,6.400000095367432,4.380806922912598,0
2000-10-05,6.400000095367432,6.400000095367432,6.400000095367432,6.400000095367432,4.380806922912598,0
2000-10-06,6.400000095367432,6.400000095367432,6.400000095367432,6.400000095367432,4.380806922912598,0
2000-10-09,6.400000095367432,6.400000095367432,6.400000095367432,6.400000095367432,4.380806922912598,0
2000-10-10,6.400000095367432,6.400000095367432,6.400000095367432,6.400000095367432,4.380806922912598,0
2000-10-11,6.400000095367432,6.400000095367432,6.400000095367432,6.400000095367432,4.380806922912598,0
2000-10-12,6.400000095367432,6.400000095367432,6.400000095367432,6.400000095367432,4.380806922912598,0
2000-10-13,6.239999771118164,7.519999980926514,6.239999771118164,7.519999980926514,5.147449493408203,6719
2000-10-16,7.440000057220459,7.440000057220459,7.440000057220459,7.440000057220459,5.092689514160156,312
2000-10-17,7.440000057220459,7.440000057220459,7.440000057220459,7.440000057220459,5.092689514160156,0
2000-10-18,7.440000057220459,7.440000057220459,7.440000057220459,7.440000057220459,5.092689514160156,0
2000-10-19,6.199999809265137,6.199999809265137,6.0,6.0,4.107008457183838,8281
2000-10-20,6.0,6.0,6.0,6.0,4.107008457183838,156
2000-10-23,6.0,6.0,6.0,6.0,4.107008457183838,0
2000-10-24,6.0,6.0,6.0,6.0,4.107008457183838,0
2000-10-25,6.0,6.0,6.0,6.0,4.107008457183838,0
2000-10-26,6.0,6.0,6.0,6.0,4.107008457183838,625
2000-10-27,6.0,6.0,6.0,6.0,4.107008457183838,0
2000-10-30,6.0,6.0,6.0,6.0,4.107008457183838,0
2000-10-31,6.0,6.0,6.0,6.0,4.107008457183838,0
2000-11-01,6.0,6.0,6.0,6.0,4.107008457183838,0
2000-11-02,6.199999809265137,6.199999809265137,6.199999809265137,6.199999809265137,4.2439069747924805,3281
2000-11-03,6.71999979019165,6.71999979019165,6.71999979019165,6.71999979019165,4.59984827041626,156
2000-11-06,6.71999979019165,6.71999979019165,6.71999979019165,6.71999979019165,4.59984827041626,0
2000-11-07,6.239999771118164,6.239999771118164,6.239999771118164,6.239999771118164,4.271285533905029,3125
2000-11-08,6.239999771118164,6.239999771118164,6.239999771118164,6.239999771118164,4.271285533905029,0
2000-11-09,6.159999847412109,6.159999847412109,6.159999847412109,6.159999847412109,4.216526985168457,156
2000-11-10,6.480000019073486,6.480000019073486,6.159999847412109,6.159999847412109,4.216526985168457,937
2000-11-13,6.159999847412109,6.159999847412109,6.079999923706055,6.079999923706055,4.16176700592041,3437
2000-11-14,6.159999847412109,6.159999847412109,6.159999847412109,6.159999847412109,4.216526985168457,4687
2000-11-15,6.159999847412109,6.159999847412109,6.159999847412109,6.159999847412109,4.216526985168457,625
2000-11-16,6.159999847412109,6.159999847412109,6.159999847412109,6.159999847412109,4.216526985168457,0
2000-11-17,6.159999847412109,6.159999847412109,6.159999847412109,6.159999847412109,4.216526985168457,0
2000-11-20,6.159999847412109,6.159999847412109,6.159999847412109,6.159999847412109,4.216526985168457,0
2000-11-21,6.159999847412109,6.159999847412109,6.159999847412109,6.159999847412109,4.216526985168457,0
2000-11-22,6.159999847412109,6.159999847412109,6.159999847412109,6.159999847412109,4.216526985168457,0
2000-11-24,6.159999847412109,6.159999847412109,6.159999847412109,6.159999847412109,4.216526985168457,0
2000-11-27,6.400000095367432,6.400000095367432,6.400000095367432,6.400000095367432,4.380806922912598,781
2000-11-28,6.400000095367432,6.400000095367432,6.400000095367432,6.400000095367432,4.380806922912598,0
2000-11-29,6.400000095367432,6.400000095367432,6.400000095367432,6.400000095367432,4.380806922912598,0
2000-11-30,6.400000095367432,6.400000095367432,6.400000095367432,6.400000095367432,4.380806922912598,0
2000-12-01,6.400000095367432,6.400000095367432,6.400000095367432,6.400000095367432,4.380806922912598,0
2000-12-04,6.400000095367432,6.400000095367432,6.400000095367432,6.400000095367432,4.380806922912598,0
2000-12-05,6.400000095367432,6.400000095367432,6.400000095367432,6.400000095367432,4.380806922912598,3281
2000-12-06,6.400000095367432,6.400000095367432,6.400000095367432,6.400000095367432,4.380806922912598,0
2000-12-07,6.400000095367432,6.400000095367432,6.400000095367432,6.400000095367432,4.380806922912598,0
2000-12-08,6.400000095367432,6.400000095367432,6.400000095367432,6.400000095367432,4.380806922912598,0
2000-12-11,6.400000095367432,6.400000095367432,6.400000095367432,6.400000095367432,4.380806922912598,0
2000-12-12,6.400000095367432,6.400000095367432,6.400000095367432,6.400000095367432,4.380806922912598,0
2000-12-13,6.400000095367432,6.400000095367432,6.400000095367432,6.400000095367432,4.380806922912598,0
2000-12-14,6.400000095367432,6.400000095367432,6.400000095367432,6.400000095367432,4.380806922912598,0
2000-12-15,6.400000095367432,6.400000095367432,6.400000095367432,6.400000095367432,4.380806922912598,4062
2000-12-18,6.400000095367432,6.400000095367432,6.400000095367432,6.400000095367432,4.380806922912598,0
2000-12-19,6.400000095367432,6.400000095367432,6.400000095367432,6.400000095367432,4.380806922912598,0
2000-12-20,6.400000095367432,6.400000095367432,6.400000095367432,6.400000095367432,4.380806922912598,0
2000-12-21,6.400000095367432,6.400000095367432,6.400000095367432,6.400000095367432,4.380806922912598,0
2000-12-22,6.400000095367432,6.400000095367432,6.400000095367432,6.400000095367432,4.380806922912598,0
2000-12-26,6.400000095367432,6.400000095367432,6.400000095367432,6.400000095367432,4.380806922912598,937
2000-12-27,6.400000095367432,6.400000095367432,6.239999771118164,6.239999771118164,4.297067642211914,5156
2000-12-28,6.400000095367432,6.400000095367432,6.199999809265137,6.400000095367432,4.40725040435791,7344
2000-12-29,6.400000095367432,6.400000095367432,6.400000095367432,6.400000095367432,4.40725040435791,156
2001-01-02,6.400000095367432,6.400000095367432,6.400000095367432,6.400000095367432,4.40725040435791,0
2001-01-03,6.400000095367432,6.400000095367432,6.400000095367432,6.400000095367432,4.40725040435791,0
2001-01-04,6.400000095367432,6.400000095367432,6.400000095367432,6.400000095367432,4.40725040435791,0
2001-01-05,6.71999979019165,7.039999961853027,6.71999979019165,7.039999961853027,4.847976207733154,2812
2001-01-08,7.039999961853027,7.039999961853027,7.039999961853027,7.039999961853027,4.847976207733154,0
2001-01-09,7.039999961853027,7.039999961853027,7.039999961853027,7.039999961853027,4.847976207733154,0
2001-01-10,7.360000133514404,8.0,7.360000133514404,7.679999828338623,5.288700103759766,2656
2001-01-11,7.360000133514404,7.360000133514404,7.360000133514404,7.360000133514404,5.068338394165039,469
2001-01-12,8.0,8.319999694824219,8.0,8.319999694824219,5.729426860809326,13125
2001-01-16,8.319999694824219,8.319999694824219,8.319999694824219,8.319999694824219,5.729426860809326,0
2001-01-17,8.319999694824219,8.319999694824219,8.319999694824219,8.319999694824219,5.729426860809326,0
2001-01-18,8.319999694824219,8.319999694824219,8.319999694824219,8.319999694824219,5.729426860809326,0
2001-01-19,8.319999694824219,8.319999694824219,8.319999694824219,8.319999694824219,5.729426860809326,0
2001-01-22,8.279999732971191,8.319999694824219,8.15999984741211,8.319999694824219,5.729426860809326,8594
2001-01-23,8.319999694824219,8.319999694824219,8.319999694824219,8.319999694824219,5.729426860809326,0
2001-01-24,8.319999694824219,8.319999694824219,8.319999694824219,8.319999694824219,5.729426860809326,0
2001-01-25,8.319999694824219,8.319999694824219,8.319999694824219,8.319999694824219,5.729426860809326,0
2001-01-26,8.319999694824219,8.319999694824219,8.319999694824219,8.319999694824219,5.729426860809326,0
2001-01-29,8.319999694824219,8.319999694824219,8.319999694824219,8.319999694824219,5.729426860809326,0
2001-01-30,8.319999694824219,8.319999694824219,8.319999694824219,8.319999694824219,5.729426860809326,0
2001-01-31,8.319999694824219,8.319999694824219,8.319999694824219,8.319999694824219,5.729426860809326,0
2001-02-01,8.319999694824219,8.319999694824219,8.319999694824219,8.319999694824219,5.729426860809326,0
2001-02-02,8.319999694824219,8.319999694824219,8.319999694824219,8.319999694824219,5.729426860809326,0
2001-02-05,8.319999694824219,8.319999694824219,8.319999694824219,8.319999694824219,5.729426860809326,0
2001-02-06,8.319999694824219,8.319999694824219,8.319999694824219,8.319999694824219,5.729426860809326,0
2001-02-07,8.319999694824219,8.319999694824219,8.319999694824219,8.319999694824219,5.729426860809326,0
2001-02-08,8.319999694824219,8.319999694824219,8.319999694824219,8.319999694824219,5.729426860809326,0
2001-02-09,8.319999694824219,8.319999694824219,8.319999694824219,8.319999694824219,5.729426860809326,0
2001-02-12,8.319999694824219,8.319999694824219,8.319999694824219,8.319999694824219,5.729426860809326,0
2001-02-13,8.319999694824219,8.319999694824219,8.319999694824219,8.319999694824219,5.729426860809326,0
2001-02-14,8.319999694824219,8.319999694824219,8.319999694824219,8.319999694824219,5.729426860809326,0
2001-02-15,8.319999694824219,8.319999694824219,8.319999694824219,8.319999694824219,5.729426860809326,0
2001-02-16,8.319999694824219,8.319999694824219,8.319999694824219,8.319999694824219,5.729426860809326,0
2001-02-20,8.319999694824219,8.319999694824219,8.319999694824219,8.319999694824219,5.729426860809326,0
2001-02-21,8.319999694824219,8.319999694824219,8.319999694824219,8.319999694824219,5.729426860809326,0
2001-02-22,8.0,8.0,8.0,8.0,5.509064674377441,156
2001-02-23,8.0,8.0,8.0,8.0,5.509064674377441,0
2001-02-26,7.679999828338623,7.679999828338623,7.679999828338623,7.679999828338623,5.288700103759766,1094
2001-02-27,7.679999828338623,7.679999828338623,7.679999828338623,7.679999828338623,5.288700103759766,0
2001-02-28,6.960000038146973,6.960000038146973,6.679999828338623,6.679999828338623,4.60006856918335,7187
2001-03-01,7.360000133514404,7.360000133514404,7.360000133514404,7.360000133514404,5.068338394165039,156
2001-03-02,7.360000133514404,7.360000133514404,7.360000133514404,7.360000133514404,5.068338394165039,0
2001-03-05,7.360000133514404,7.360000133514404,7.360000133514404,7.360000133514404,5.068338394165039,0
2001-03-06,7.360000133514404,7.360000133514404,7.360000133514404,7.360000133514404,5.068338394165039,0
2001-03-07,7.360000133514404,7.360000133514404,7.360000133514404,7.360000133514404,5.068338394165039,0
2001-03-08,7.199999809265137,7.199999809265137,7.199999809265137,7.199999809265137,4.958157539367676,312
2001-03-09,7.360000133514404,7.360000133514404,7.360000133514404,7.360000133514404,5.068338394165039,1250
2001-03-12,7.360000133514404,7.360000133514404,7.360000133514404,7.360000133514404,5.068338394165039,0
2001-03-13,7.360000133514404,7.360000133514404,7.360000133514404,7.360000133514404,5.068338394165039,0
2001-03-14,7.360000133514404,7.360000133514404,7.360000133514404,7.360000133514404,5.068338394165039,0
2001-03-15,7.360000133514404,7.360000133514404,7.360000133514404,7.360000133514404,5.068338394165039,0
2001-03-16,7.360000133514404,7.360000133514404,7.360000133514404,7.360000133514404,5.068338394165039,0
2001-03-19,7.360000133514404,7.360000133514404,7.360000133514404,7.360000133514404,5.068338394165039,0
2001-03-20,7.360000133514404,7.360000133514404,7.360000133514404,7.360000133514404,5.068338394165039,0
2001-03-21,7.360000133514404,7.360000133514404,7.360000133514404,7.360000133514404,5.068338394165039,0
2001-03-22,6.71999979019165,6.71999979019165,6.71999979019165,6.71999979019165,4.6276140213012695,156
2001-03-23,6.71999979019165,6.71999979019165,6.71999979019165,6.71999979019165,4.6276140213012695,0
2001-03-26,6.71999979019165,6.71999979019165,6.71999979019165,6.71999979019165,4.6276140213012695,0
2001-03-27,6.71999979019165,6.71999979019165,6.71999979019165,6.71999979019165,4.6276140213012695,0
2001-03-28,6.71999979019165,6.71999979019165,6.71999979019165,6.71999979019165,4.654210090637207,0
2001-03-29,7.360000133514404,7.360000133514404,7.360000133514404,7.360000133514404,5.097467422485352,156
2001-03-30,7.360000133514404,7.360000133514404,7.360000133514404,7.360000133514404,5.097467422485352,0
2001-04-02,7.360000133514404,7.360000133514404,7.360000133514404,7.360000133514404,5.097467422485352,0
2001-04-03,7.360000133514404,7.360000133514404,7.360000133514404,7.360000133514404,5.097467422485352,781
2001-04-04,7.360000133514404,7.360000133514404,7.360000133514404,7.360000133514404,5.097467422485352,0
2001-04-05,7.360000133514404,7.360000133514404,7.360000133514404,7.360000133514404,5.097467422485352,312
2001-04-06,7.360000133514404,7.360000133514404,7.360000133514404,7.360000133514404,5.097467422485352,0
2001-04-09,7.360000133514404,7.360000133514404,7.360000133514404,7.360000133514404,5.097467422485352,0
2001-04-10,7.360000133514404,7.360000133514404,7.360000133514404,7.360000133514404,5.097467422485352,0
2001-04-11,7.360000133514404,7.360000133514404,7.360000133514404,7.360000133514404,5.097467422485352,0
2001-04-12,7.679999828338623,7.679999828338623,7.679999828338623,7.679999828338623,5.319094181060791,156
2001-04-16,7.679999828338623,8.15999984741211,7.679999828338623,8.15999984741211,5.651539325714111,7969
2001-04-17,8.15999984741211,8.15999984741211,8.15999984741211,8.15999984741211,5.651539325714111,0
2001-04-18,8.15999984741211,8.15999984741211,8.15999984741211,8.15999984741211,5.651539325714111,0
2001-04-19,8.15999984741211,8.15999984741211,8.15999984741211,8.15999984741211,5.651539325714111,0
2001-04-20,8.15999984741211,8.15999984741211,8.15999984741211,8.15999984741211,5.651539325714111,0
2001-04-23,8.15999984741211,8.15999984741211,8.15999984741211,8.15999984741211,5.651539325714111,0
2001-04-24,8.15999984741211,8.15999984741211,8.15999984741211,8.15999984741211,5.651539325714111,0
2001-04-25,8.15999984741211,8.15999984741211,8.15999984741211,8.15999984741211,5.651539325714111,0
2001-04-26,8.15999984741211,8.15999984741211,8.15999984741211,8.15999984741211,5.651539325714111,0
2001-04-27,8.15999984741211,8.15999984741211,8.15999984741211,8.15999984741211,5.651539325714111,0
2001-04-30,8.15999984741211,8.15999984741211,8.15999984741211,8.15999984741211,5.651539325714111,0
2001-05-01,7.679999828338623,7.679999828338623,7.679999828338623,7.679999828338623,5.319094181060791,625
2001-05-02,7.206399917602539,7.206399917602539,7.206399917602539,7.206399917602539,4.991085052490234,156
2001-05-03,7.206399917602539,7.206399917602539,7.206399917602539,7.206399917602539,4.991085052490234,0
2001-05-04,7.679999828338623,7.679999828338623,7.679999828338623,7.679999828338623,5.319094181060791,156
2001-05-07,7.360000133514404,7.360000133514404,7.199999809265137,7.199999809265137,4.986652851104736,3125
2001-05-08,7.199999809265137,7.199999809265137,7.199999809265137,7.199999809265137,4.986652851104736,0
2001-05-09,7.052800178527832,7.052800178527832,7.052800178527832,7.052800178527832,4.884702682495117,1562
2001-05-10,7.052800178527832,7.052800178527832,7.052800178527832,7.052800178527832,4.884702682495117,0
2001-05-11,7.052800178527832,7.052800178527832,7.052800178527832,7.052800178527832,4.884702682495117,0
2001-05-14,7.48799991607666,7.48799991607666,7.48799991607666,7.48799991607666,5.186118125915527,156
2001-05-15,7.48799991607666,7.48799991607666,7.48799991607666,7.48799991607666,5.186118125915527,0
2001-05-16,7.48799991607666,7.48799991607666,7.48799991607666,7.48799991607666,5.186118125915527,0
2001-05-17,7.48799991607666,7.48799991607666,7.48799991607666,7.48799991607666,5.186118125915527,0
2001-05-18,7.360000133514404,7.360000133514404,7.360000133514404,7.360000133514404,5.097467422485352,1406
2001-05-21,7.360000133514404,7.360000133514404,7.360000133514404,7.360000133514404,5.097467422485352,0
2001-05-22,7.360000133514404,7.360000133514404,7.360000133514404,7.360000133514404,5.097467422485352,0
2001-05-23,7.360000133514404,7.360000133514404,7.360000133514404,7.360000133514404,5.097467422485352,0
2001-05-24,7.360000133514404,7.360000133514404,7.360000133514404,7.360000133514404,5.097467422485352,0
2001-05-25,7.360000133514404,7.360000133514404,7.360000133514404,7.360000133514404,5.097467422485352,312
2001-05-29,7.360000133514404,7.360000133514404,7.360000133514404,7.360000133514404,5.097467422485352,0
2001-05-30,7.360000133514404,7.360000133514404,7.360000133514404,7.360000133514404,5.097467422485352,0
2001-05-31,7.360000133514404,7.360000133514404,7.360000133514404,7.360000133514404,5.097467422485352,0
2001-06-01,7.360000133514404,7.360000133514404,7.360000133514404,7.360000133514404,5.097467422485352,0
2001-06-04,7.360000133514404,7.360000133514404,7.360000133514404,7.360000133514404,5.097467422485352,0
2001-06-05,7.360000133514404,7.360000133514404,7.360000133514404,7.360000133514404,5.097467422485352,0
2001-06-06,7.360000133514404,7.360000133514404,7.360000133514404,7.360000133514404,5.097467422485352,2031
2001-06-07,7.360000133514404,7.360000133514404,7.360000133514404,7.360000133514404,5.097467422485352,0
2001-06-08,7.360000133514404,7.679999828338623,7.360000133514404,7.679999828338623,5.319094181060791,625
2001-06-11,7.679999828338623,7.679999828338623,7.679999828338623,7.679999828338623,5.319094181060791,0
2001-06-12,7.679999828338623,7.679999828338623,7.679999828338623,7.679999828338623,5.319094181060791,0
2001-06-13,7.679999828338623,7.679999828338623,7.679999828338623,7.679999828338623,5.319094181060791,0
2001-06-14,7.679999828338623,7.679999828338623,7.679999828338623,7.679999828338623,5.319094181060791,0
2001-06-15,7.679999828338623,7.679999828338623,7.679999828338623,7.679999828338623,5.319094181060791,0
2001-06-18,7.679999828338623,7.679999828338623,7.679999828338623,7.679999828338623,5.319094181060791,0
2001-06-19,7.360000133514404,7.360000133514404,7.360000133514404,7.360000133514404,5.097467422485352,156
2001-06-20,7.360000133514404,7.360000133514404,6.751999855041504,6.751999855041504,4.6763715744018555,3125
2001-06-21,6.751999855041504,6.751999855041504,6.751999855041504,6.751999855041504,4.6763715744018555,0
2001-06-22,6.751999855041504,6.751999855041504,6.751999855041504,6.751999855041504,4.6763715744018555,0
2001-06-25,6.751999855041504,6.751999855041504,6.751999855041504,6.751999855041504,4.6763715744018555,0
2001-06-26,6.751999855041504,6.751999855041504,6.751999855041504,6.751999855041504,4.6763715744018555,0
2001-06-27,6.751999855041504,6.751999855041504,6.751999855041504,6.751999855041504,4.703118324279785,0
2001-06-28,6.751999855041504,6.751999855041504,6.751999855041504,6.751999855041504,4.703118324279785,0
2001-06-29,7.360000133514404,7.360000133514404,7.360000133514404,7.360000133514404,5.126623153686523,1562
2001-07-02,7.360000133514404,7.360000133514404,7.360000133514404,7.360000133514404,5.126623153686523,0
2001-07-03,7.360000133514404,7.360000133514404,7.360000133514404,7.360000133514404,5.126623153686523,0
2001-07-05,7.360000133514404,7.360000133514404,7.360000133514404,7.360000133514404,5.126623153686523,0
2001-07-06,7.360000133514404,7.360000133514404,7.360000133514404,7.360000133514404,5.126623153686523,0
2001-07-09,7.360000133514404,7.360000133514404,7.360000133514404,7.360000133514404,5.126623153686523,0
2001-07-10,7.360000133514404,7.360000133514404,7.360000133514404,7.360000133514404,5.126623153686523,156
2001-07-11,7.360000133514404,7.360000133514404,7.360000133514404,7.360000133514404,5.126623153686523,0
2001-07-12,7.519999980926514,7.519999980926514,7.519999980926514,7.519999980926514,5.238072872161865,312
2001-07-13,7.519999980926514,7.679999828338623,7.519999980926514,7.679999828338623,5.349518299102783,7344
2001-07-16,7.679999828338623,7.679999828338623,7.679999828338623,7.679999828338623,5.349518299102783,781
2001-07-17,7.679999828338623,7.679999828338623,7.679999828338623,7.679999828338623,5.349518299102783,156
2001-07-18,7.840000152587891,7.840000152587891,7.04640007019043,7.04640007019043,4.908184051513672,3906
2001-07-19,7.840000152587891,7.840000152587891,7.840000152587891,7.840000152587891,5.4609694480896,781
2001-07-20,7.840000152587891,7.840000152587891,7.840000152587891,7.840000152587891,5.4609694480896,0
2001-07-23,7.840000152587891,7.840000152587891,7.840000152587891,7.840000152587891,5.4609694480896,0
2001-07-24,7.840000152587891,7.840000152587891,7.840000152587891,7.840000152587891,5.4609694480896,0
2001-07-25,7.840000152587891,7.840000152587891,7.840000152587891,7.840000152587891,5.4609694480896,0
2001-07-26,7.840000152587891,7.840000152587891,7.840000152587891,7.840000152587891,5.4609694480896,0
2001-07-27,7.840000152587891,7.840000152587891,7.840000152587891,7.840000152587891,5.4609694480896,781
2001-07-30,8.0,8.0,8.0,8.0,5.57241678237915,937
2001-07-31,8.0,8.0,8.0,8.0,5.57241678237915,0
2001-08-01,7.840000152587891,7.840000152587891,7.840000152587891,7.840000152587891,5.4609694480896,625
2001-08-02,8.0,8.0,8.0,8.0,5.57241678237915,312
2001-08-03,8.0,8.0,8.0,8.0,5.57241678237915,0
2001-08-06,7.993599891662598,7.993599891662598,7.455999851226807,7.455999851226807,5.193491458892822,1875
2001-08-07,7.455999851226807,7.455999851226807,7.455999851226807,7.455999851226807,5.193491458892822,0
2001-08-08,7.455999851226807,7.455999851226807,7.455999851226807,7.455999851226807,5.193491458892822,0
2001-08-09,7.455999851226807,7.455999851226807,7.455999851226807,7.455999851226807,5.193491458892822,0
2001-08-10,7.455999851226807,7.455999851226807,7.455999851226807,7.455999851226807,5.193491458892822,0
2001-08-13,7.455999851226807,7.455999851226807,7.455999851226807,7.455999851226807,5.193491458892822,0
2001-08-14,7.455999851226807,7.455999851226807,7.455999851226807,7.455999851226807,5.193491458892822,0
2001-08-15,7.455999851226807,7.455999851226807,7.455999851226807,7.455999851226807,5.193491458892822,0
2001-08-16,7.481599807739258,7.481599807739258,7.481599807739258,7.481599807739258,5.211324214935303,937
2001-08-17,7.679999828338623,7.679999828338623,7.679999828338623,7.679999828338623,5.349518299102783,312
2001-08-20,7.679999828338623,7.679999828338623,7.679999828338623,7.679999828338623,5.349518299102783,0
2001-08-21,7.840000152587891,7.840000152587891,7.840000152587891,7.840000152587891,5.4609694480896,3437
2001-08-22,7.552000045776367,7.552000045776367,7.3856000900268555,7.519999980926514,5.238072872161865,6250
2001-08-23,7.519999980926514,7.519999980926514,7.519999980926514,7.519999980926514,5.238072872161865,0
2001-08-24,7.519999980926514,7.519999980926514,7.519999980926514,7.519999980926514,5.238072872161865,0
2001-08-27,7.360000133514404,7.360000133514404,7.360000133514404,7.360000133514404,5.126623153686523,1562
2001-08-28,7.199999809265137,7.199999809265137,7.199999809265137,7.199999809265137,5.0151753425598145,781
2001-08-29,7.366399765014648,7.366399765014648,7.366399765014648,7.366399765014648,5.131080150604248,156
2001-08-30,7.366399765014648,7.366399765014648,7.366399765014648,7.366399765014648,5.131080150604248,0
2001-08-31,7.679999828338623,7.679999828338623,7.679999828338623,7.679999828338623,5.349518299102783,625
2001-09-04,8.0,8.0,7.679999828338623,7.679999828338623,5.349518299102783,1094
2001-09-05,7.679999828338623,7.679999828338623,7.679999828338623,7.679999828338623,5.349518299102783,156
2001-09-06,7.436800003051758,7.436800003051758,7.436800003051758,7.436800003051758,5.180118083953857,625
2001-09-07,7.436800003051758,7.436800003051758,7.436800003051758,7.436800003051758,5.180118083953857,0
2001-09-10,7.436800003051758,7.436800003051758,7.436800003051758,7.436800003051758,5.180118083953857,0
2001-09-17,7.436800003051758,7.436800003051758,7.436800003051758,7.436800003051758,5.180118083953857,0
2001-09-18,7.436800003051758,7.436800003051758,7.436800003051758,7.436800003051758,5.180118083953857,0
2001-09-19,7.436800003051758,7.436800003051758,7.436800003051758,7.436800003051758,5.180118083953857,0
2001-09-20,7.052800178527832,7.052800178527832,6.086400032043457,6.400000095367432,4.4579315185546875,12187
2001-09-21,6.400000095367432,6.400000095367432,6.400000095367432,6.400000095367432,4.4579315185546875,625
2001-09-24,6.400000095367432,6.400000095367432,6.400000095367432,6.400000095367432,4.4579315185546875,0
2001-09-25,7.039999961853027,7.039999961853027,7.039999961853027,7.039999961853027,4.903726577758789,156
2001-09-26,7.039999961853027,7.039999961853027,7.039999961853027,7.039999961853027,4.930619716644287,0
2001-09-27,7.039999961853027,7.039999961853027,7.039999961853027,7.039999961853027,4.930619716644287,0
2001-09-28,7.039999961853027,7.039999961853027,7.039999961853027,7.039999961853027,4.930619716644287,0
2001-10-01,7.039999961853027,7.039999961853027,7.039999961853027,7.039999961853027,4.930619716644287,0
2001-10-02,7.039999961853027,7.039999961853027,7.039999961853027,7.039999961853027,4.930619716644287,0
2001-10-03,7.039999961853027,7.039999961853027,7.039999961853027,7.039999961853027,4.930619716644287,0
2001-10-04,7.039999961853027,7.039999961853027,7.039999961853027,7.039999961853027,4.930619716644287,0
2001-10-05,7.039999961853027,7.039999961853027,7.039999961853027,7.039999961853027,4.930619716644287,0
2001-10-08,7.6479997634887695,7.6479997634887695,7.360000133514404,7.360000133514404,5.154739856719971,312
2001-10-09,7.360000133514404,7.360000133514404,7.360000133514404,7.360000133514404,5.154739856719971,0
2001-10-10,7.360000133514404,7.360000133514404,7.360000133514404,7.360000133514404,5.154739856719971,0
2001-10-11,7.360000133514404,7.360000133514404,7.360000133514404,7.360000133514404,5.154739856719971,0
2001-10-12,7.360000133514404,7.360000133514404,7.360000133514404,7.360000133514404,5.154739856719971,0
2001-10-15,7.360000133514404,7.360000133514404,7.360000133514404,7.360000133514404,5.154739856719971,312
2001-10-16,7.6479997634887695,8.479999542236328,7.6479997634887695,8.479999542236328,5.9391560554504395,8750
2001-10-17,8.479999542236328,8.479999542236328,8.479999542236328,8.479999542236328,5.9391560554504395,0
2001-10-18,8.479999542236328,8.479999542236328,8.479999542236328,8.479999542236328,5.9391560554504395,0
2001-10-19,8.479999542236328,8.479999542236328,8.479999542236328,8.479999542236328,5.9391560554504395,0
2001-10-22,8.479999542236328,8.479999542236328,8.479999542236328,8.479999542236328,5.9391560554504395,0
2001-10-23,8.319999694824219,8.319999694824219,8.0,8.0,5.602977752685547,469
2001-10-24,8.0,8.0,8.0,8.0,5.602977752685547,0
2001-10-25,8.0,8.0,8.0,8.0,5.602977752685547,0
2001-10-26,8.0,8.0,8.0,8.0,5.602977752685547,0
2001-10-29,8.0,8.0,8.0,8.0,5.602977752685547,0
2001-10-30,8.0,8.0,8.0,8.0,5.602977752685547,0
2001-10-31,8.064000129699707,8.064000129699707,7.423999786376953,7.423999786376953,5.1995649337768555,2187
2001-11-01,7.423999786376953,7.423999786376953,7.423999786376953,7.423999786376953,5.1995649337768555,0
2001-11-02,7.679999828338623,7.679999828338623,7.679999828338623,7.679999828338623,5.378859519958496,625
2001-11-05,7.679999828338623,7.679999828338623,7.679999828338623,7.679999828338623,5.378859519958496,0
2001-11-06,7.679999828338623,7.679999828338623,7.679999828338623,7.679999828338623,5.378859519958496,312
2001-11-07,7.679999828338623,7.679999828338623,7.679999828338623,7.679999828338623,5.378859519958496,0
2001-11-08,7.679999828338623,7.679999828338623,7.679999828338623,7.679999828338623,5.378859519958496,0
2001-11-09,8.0,8.0,8.0,8.0,5.602977752685547,781
2001-11-12,8.0,8.0,8.0,8.0,5.602977752685547,0
2001-11-13,8.0,8.0,8.0,8.0,5.602977752685547,0
2001-11-14,8.0,8.0,8.0,8.0,5.602977752685547,0
2001-11-15,7.48799991607666,7.48799991607666,7.48799991607666,7.48799991607666,5.244385719299316,937
2001-11-16,7.776000022888184,7.776000022888184,7.776000022888184,7.776000022888184,5.446095943450928,312
2001-11-19,7.776000022888184,7.776000022888184,7.776000022888184,7.776000022888184,5.446095943450928,0
2001-11-20,7.776000022888184,7.776000022888184,7.776000022888184,7.776000022888184,5.446095943450928,0
2001-11-21,7.935999870300293,8.15999984741211,7.935999870300293,8.15999984741211,5.7150373458862305,4062
2001-11-23,8.15999984741211,8.15999984741211,8.15999984741211,8.15999984741211,5.7150373458862305,0
2001-11-26,8.031999588012695,8.15999984741211,7.519999980926514,8.15999984741211,5.7150373458862305,6094
2001-11-27,8.15999984741211,8.15999984741211,8.15999984741211,8.15999984741211,5.7150373458862305,0
2001-11-28,8.15999984741211,8.15999984741211,8.15999984741211,8.15999984741211,5.7150373458862305,0
2001-11-29,8.15999984741211,8.15999984741211,8.15999984741211,8.15999984741211,5.7150373458862305,0
2001-11-30,8.15999984741211,8.15999984741211,8.15999984741211,8.15999984741211,5.7150373458862305,0
2001-12-03,8.15999984741211,8.15999984741211,8.15999984741211,8.15999984741211,5.7150373458862305,0
2001-12-04,8.15999984741211,8.15999984741211,8.15999984741211,8.15999984741211,5.7150373458862305,0
2001-12-05,8.15999984741211,8.15999984741211,8.15999984741211,8.15999984741211,5.7150373458862305,0
2001-12-06,8.15999984741211,8.15999984741211,8.15999984741211,8.15999984741211,5.7150373458862305,0
2001-12-07,8.15999984741211,8.15999984741211,8.15999984741211,8.15999984741211,5.7150373458862305,0
2001-12-10,8.192000389099121,8.192000389099121,8.192000389099121,8.192000389099121,5.73745059967041,781
2001-12-11,8.319999694824219,8.319999694824219,8.15999984741211,8.15999984741211,5.7150373458862305,7187
2001-12-12,8.15999984741211,8.15999984741211,8.15999984741211,8.15999984741211,5.7150373458862305,0
2001-12-13,8.15999984741211,8.15999984741211,8.15999984741211,8.15999984741211,5.7150373458862305,0
2001-12-14,8.319999694824219,8.319999694824219,8.319999694824219,8.319999694824219,5.827096462249756,312
2001-12-17,8.319999694824219,8.319999694824219,8.319999694824219,8.319999694824219,5.827096462249756,0
2001-12-18,8.319999694824219,8.319999694824219,8.319999694824219,8.319999694824219,5.827096462249756,0
2001-12-19,8.319999694824219,8.479999542236328,8.108799934387207,8.479999542236328,5.9391560554504395,3906
2001-12-20,8.319999694824219,8.319999694824219,8.319999694824219,8.319999694824219,5.827096462249756,156
2001-12-21,8.319999694824219,8.319999694824219,8.319999694824219,8.319999694824219,5.827096462249756,0
2001-12-24,8.319999694824219,8.319999694824219,8.319999694824219,8.319999694824219,5.827096462249756,0
2001-12-26,8.51200008392334,8.543999671936035,8.51200008392334,8.543999671936035,5.983979225158691,625
2001-12-27,8.11520004272461,8.11520004272461,8.11520004272461,8.11520004272461,5.709322452545166,156
2001-12-28,8.576000213623047,8.576000213623047,8.576000213623047,8.576000213623047,6.033509254455566,156
2001-12-31,8.576000213623047,8.576000213623047,8.576000213623047,8.576000213623047,6.033509254455566,156
2002-01-02,8.576000213623047,8.576000213623047,8.576000213623047,8.576000213623047,6.033509254455566,312
2002-01-03,8.576000213623047,8.576000213623047,8.576000213623047,8.576000213623047,6.033509254455566,156
2002-01-04,8.576000213623047,8.576000213623047,8.576000213623047,8.576000213623047,6.033509254455566,0
2002-01-07,8.576000213623047,8.576000213623047,8.576000213623047,8.576000213623047,6.033509254455566,1094
2002-01-08,8.563199996948242,8.576000213623047,8.319999694824219,8.319999694824219,5.8534040451049805,2031
2002-01-09,8.319999694824219,8.319999694824219,8.319999694824219,8.319999694824219,5.8534040451049805,0
2002-01-10,8.319999694824219,8.319999694824219,8.319999694824219,8.319999694824219,5.8534040451049805,0
2002-01-11,8.147199630737305,8.255999565124512,8.147199630737305,8.255999565124512,5.808375358581543,2500
2002-01-14,8.15999984741211,8.223999977111816,8.15999984741211,8.223999977111816,5.785863399505615,3906
2002-01-15,8.223999977111816,8.223999977111816,8.223999977111816,8.223999977111816,5.785863399505615,0
2002-01-16,8.15999984741211,8.15999984741211,8.15999984741211,8.15999984741211,5.740838527679443,156
2002-01-17,8.15999984741211,8.15999984741211,8.15999984741211,8.15999984741211,5.740838527679443,0
2002-01-18,8.15999984741211,8.15999984741211,8.15999984741211,8.15999984741211,5.740838527679443,0
2002-01-22,8.15999984741211,8.15999984741211,8.15999984741211,8.15999984741211,5.740838527679443,0
2002-01-23,8.319999694824219,8.640000343322754,8.319999694824219,8.383999824523926,5.89843225479126,5000
2002-01-24,8.383999824523926,8.383999824523926,8.383999824523926,8.383999824523926,5.89843225479126,0
2002-01-25,8.479999542236328,8.479999542236328,8.479999542236328,8.479999542236328,5.965968608856201,156
2002-01-28,8.479999542236328,8.479999542236328,8.479999542236328,8.479999542236328,5.965968608856201,0
2002-01-29,8.479999542236328,8.479999542236328,8.479999542236328,8.479999542236328,5.965968608856201,0
2002-01-30,8.691200256347656,8.86400032043457,8.691200256347656,8.86400032043457,6.236125469207764,469
2002-01-31,8.86400032043457,8.889599800109863,8.800000190734863,8.889599800109863,6.254138469696045,2031
2002-02-01,8.889599800109863,8.889599800109863,8.889599800109863,8.889599800109863,6.254138469696045,0
2002-02-04,8.889599800109863,8.889599800109863,8.889599800109863,8.889599800109863,6.254138469696045,0
2002-02-05,8.889599800109863,8.889599800109863,8.800000190734863,8.800000190734863,6.191099166870117,625
2002-02-06,8.800000190734863,8.800000190734863,8.800000190734863,8.800000190734863,6.191099166870117,1094
2002-02-07,8.576000213623047,8.576000213623047,8.416000366210938,8.416000366210938,5.920945167541504,625
2002-02-08,8.319999694824219,8.319999694824219,8.319999694824219,8.319999694824219,5.8534040451049805,156
2002-02-11,8.319999694824219,8.319999694824219,8.319999694824219,8.319999694824219,5.8534040451049805,1875
2002-02-12,8.319999694824219,8.319999694824219,8.319999694824219,8.319999694824219,5.8534040451049805,0
2002-02-13,8.607999801635742,8.607999801635742,8.607999801635742,8.607999801635742,6.056021690368652,156
2002-02-14,8.607999801635742,8.607999801635742,8.607999801635742,8.607999801635742,6.056021690368652,0
2002-02-15,8.633600234985352,8.633600234985352,8.633600234985352,8.633600234985352,6.074032783508301,156
2002-02-19,8.479999542236328,8.479999542236328,8.479999542236328,8.479999542236328,5.965968608856201,156
2002-02-20,8.479999542236328,8.479999542236328,8.479999542236328,8.479999542236328,5.965968608856201,0
2002-02-21,8.479999542236328,8.479999542236328,8.479999542236328,8.479999542236328,5.965968608856201,0
2002-02-22,8.479999542236328,8.479999542236328,8.479999542236328,8.479999542236328,5.965968608856201,0
2002-02-25,8.319999694824219,8.319999694824219,8.319999694824219,8.319999694824219,5.8534040451049805,312
2002-02-26,8.319999694824219,8.319999694824219,8.319999694824219,8.319999694824219,5.8534040451049805,0
2002-02-27,8.198399543762207,8.319999694824219,8.198399543762207,8.319999694824219,5.8534040451049805,1562
2002-02-28,8.319999694824219,8.319999694824219,8.319999694824219,8.319999694824219,5.8534040451049805,0
2002-03-01,8.640000343322754,8.640000343322754,8.640000343322754,8.640000343322754,6.078536510467529,312
2002-03-04,8.479999542236328,8.479999542236328,8.479999542236328,8.479999542236328,5.965968608856201,312
2002-03-05,8.479999542236328,8.640000343322754,8.479999542236328,8.640000343322754,6.078536510467529,1875
2002-03-06,8.640000343322754,8.640000343322754,8.640000343322754,8.640000343322754,6.078536510467529,0
2002-03-07,8.479999542236328,8.479999542236328,8.479999542236328,8.479999542236328,5.965968608856201,1562
2002-03-08,8.640000343322754,8.640000343322754,8.640000343322754,8.640000343322754,6.078536510467529,781
2002-03-11,8.640000343322754,8.640000343322754,8.640000343322754,8.640000343322754,6.078536510467529,0
2002-03-12,8.479999542236328,8.479999542236328,8.479999542236328,8.479999542236328,5.965968608856201,312
2002-03-13,8.479999542236328,8.479999542236328,8.479999542236328,8.479999542236328,5.965968608856201,0
2002-03-14,8.479999542236328,8.479999542236328,8.479999542236328,8.479999542236328,5.965968608856201,0
2002-03-15,8.479999542236328,8.479999542236328,8.479999542236328,8.479999542236328,5.965968608856201,0
2002-03-18,8.640000343322754,8.640000343322754,8.640000343322754,8.640000343322754,6.078536510467529,2344
2002-03-19,8.319999694824219,8.319999694824219,8.319999694824219,8.319999694824219,5.8534040451049805,625
2002-03-20,8.319999694824219,8.319999694824219,8.319999694824219,8.319999694824219,5.8534040451049805,0
2002-03-21,8.319999694824219,8.319999694824219,8.319999694824219,8.319999694824219,5.8534040451049805,0
2002-03-22,8.831999778747559,8.831999778747559,8.831999778747559,8.831999778747559,6.213613986968994,312
2002-03-25,8.831999778747559,8.831999778747559,8.831999778747559,8.831999778747559,6.213613986968994,0
2002-03-26,8.831999778747559,8.831999778747559,8.831999778747559,8.831999778747559,6.240747928619385,156
2002-03-27,8.825599670410156,8.831999778747559,8.825599670410156,8.831999778747559,6.240747928619385,781
2002-03-28,8.831999778747559,8.831999778747559,8.831999778747559,8.831999778747559,6.240747928619385,0
2002-04-01,8.319999694824219,8.319999694824219,8.319999694824219,8.319999694824219,5.878964900970459,312
2002-04-02,8.319999694824219,8.319999694824219,8.319999694824219,8.319999694824219,5.878964900970459,1719
2002-04-03,8.319999694824219,8.319999694824219,8.319999694824219,8.319999694824219,5.878964900970459,5625
2002-04-04,8.800000190734863,8.800000190734863,8.800000190734863,8.800000190734863,6.21813440322876,156
2002-04-05,8.800000190734863,8.800000190734863,8.800000190734863,8.800000190734863,6.21813440322876,0
2002-04-08,8.800000190734863,8.800000190734863,8.800000190734863,8.800000190734863,6.21813440322876,0
2002-04-09,8.793600082397461,8.793600082397461,8.793600082397461,8.793600082397461,6.213613986968994,156
2002-04-10,8.793600082397461,8.793600082397461,8.793600082397461,8.793600082397461,6.213613986968994,0
2002-04-11,8.35200023651123,8.35200023651123,8.35200023651123,8.35200023651123,5.901575088500977,156
2002-04-12,8.800000190734863,8.895999908447266,8.800000190734863,8.895999908447266,6.28596830368042,625
2002-04-15,8.640000343322754,8.991999626159668,8.640000343322754,8.800000190734863,6.21813440322876,7344
2002-04-16,8.991999626159668,8.991999626159668,8.710399627685547,8.710399627685547,6.154826641082764,3437
2002-04-17,8.710399627685547,8.710399627685547,8.710399627685547,8.710399627685547,6.154826641082764,0
2002-04-18,8.710399627685547,8.710399627685547,8.710399627685547,8.710399627685547,6.154826641082764,469
2002-04-19,8.704000473022461,8.704000473022461,8.704000473022461,8.704000473022461,6.150302886962891,156
2002-04-22,8.704000473022461,8.704000473022461,8.704000473022461,8.704000473022461,6.150302886962891,0
2002-04-23,8.851200103759766,8.851200103759766,8.576000213623047,8.67199993133545,6.12769079208374,16719
2002-04-24,8.67199993133545,8.67199993133545,8.67199993133545,8.67199993133545,6.12769079208374,0
2002-04-25,8.895999908447266,8.895999908447266,8.800000190734863,8.800000190734863,6.21813440322876,937
2002-04-26,8.800000190734863,8.800000190734863,8.800000190734863,8.800000190734863,6.21813440322876,0
2002-04-29,8.895999908447266,8.895999908447266,8.895999908447266,8.895999908447266,6.28596830368042,2656
2002-04-30,8.895999908447266,8.895999908447266,8.895999908447266,8.895999908447266,6.28596830368042,2031
2002-05-01,8.895999908447266,8.895999908447266,8.895999908447266,8.895999908447266,6.28596830368042,0
2002-05-02,8.895999908447266,8.895999908447266,8.895999908447266,8.895999908447266,6.28596830368042,0
2002-05-03,8.895999908447266,8.895999908447266,8.895999908447266,8.895999908447266,6.28596830368042,0
2002-05-06,8.895999908447266,8.895999908447266,8.895999908447266,8.895999908447266,6.28596830368042,0
2002-05-07,8.895999908447266,8.895999908447266,8.895999908447266,8.895999908447266,6.28596830368042,0
2002-05-08,9.088000297546387,9.088000297546387,9.088000297546387,9.088000297546387,6.421637535095215,312
2002-05-09,9.088000297546387,9.088000297546387,9.088000297546387,9.088000297546387,6.421637535095215,0
2002-05-10,9.088000297546387,9.088000297546387,9.088000297546387,9.088000297546387,6.421637535095215,0
2002-05-13,8.67199993133545,8.67199993133545,8.67199993133545,8.67199993133545,6.12769079208374,781
2002-05-14,8.67199993133545,8.67199993133545,8.67199993133545,8.67199993133545,6.12769079208374,312
2002-05-15,8.800000190734863,8.800000190734863,8.67199993133545,8.67199993133545,6.12769079208374,1562
2002-05-16,8.67199993133545,8.67199993133545,8.67199993133545,8.67199993133545,6.12769079208374,0
2002-05-17,8.736000061035156,8.736000061035156,8.736000061035156,8.736000061035156,6.172912120819092,312
2002-05-20,8.736000061035156,8.736000061035156,8.736000061035156,8.736000061035156,6.172912120819092,0
2002-05-21,8.736000061035156,8.736000061035156,8.736000061035156,8.736000061035156,6.172912120819092,312
2002-05-22,8.800000190734863,8.800000190734863,8.800000190734863,8.800000190734863,6.21813440322876,156
2002-05-23,8.800000190734863,8.960000038146973,8.800000190734863,8.960000038146973,6.331192493438721,1562
2002-05-24,8.800000190734863,8.800000190734863,8.800000190734863,8.800000190734863,6.21813440322876,1562
2002-05-28,8.800000190734863,8.800000190734863,8.800000190734863,8.800000190734863,6.21813440322876,0
2002-05-29,8.800000190734863,8.800000190734863,8.58240032196045,8.58240032196045,6.064378261566162,1562
2002-05-30,8.678400039672852,8.678400039672852,8.678400039672852,8.678400039672852,6.132213115692139,15625
2002-05-31,8.678400039672852,8.678400039672852,8.678400039672852,8.678400039672852,6.132213115692139,0
2002-06-03,8.793600082397461,8.800000190734863,8.793600082397461,8.800000190734863,6.21813440322876,1094
2002-06-04,8.800000190734863,8.800000190734863,8.800000190734863,8.800000190734863,6.21813440322876,469
2002-06-05,8.800000190734863,8.800000190734863,8.800000190734863,8.800000190734863,6.21813440322876,0
2002-06-06,8.800000190734863,8.800000190734863,8.800000190734863,8.800000190734863,6.21813440322876,0
2002-06-07,8.67199993133545,8.67199993133545,8.543999671936035,8.543999671936035,6.037242889404297,625
2002-06-10,8.543999671936035,8.543999671936035,8.543999671936035,8.543999671936035,6.037242889404297,0
2002-06-11,8.576000213623047,8.576000213623047,8.576000213623047,8.576000213623047,6.059855937957764,2969
2002-06-12,8.51200008392334,8.576000213623047,8.51200008392334,8.576000213623047,6.059855937957764,5625
2002-06-13,8.576000213623047,8.576000213623047,8.576000213623047,8.576000213623047,6.059855937957764,0
2002-06-14,8.704000473022461,8.704000473022461,8.640000343322754,8.640000343322754,6.105079650878906,781
2002-06-17,8.704000473022461,8.704000473022461,8.704000473022461,8.704000473022461,6.150302886962891,156
2002-06-18,8.704000473022461,8.704000473022461,8.704000473022461,8.704000473022461,6.150302886962891,0
2002-06-19,8.704000473022461,8.831999778747559,8.704000473022461,8.704000473022461,6.150302886962891,2656
2002-06-20,8.704000473022461,8.704000473022461,8.704000473022461,8.704000473022461,6.150302886962891,0
2002-06-21,8.86400032043457,9.407999992370605,8.86400032043457,8.895999908447266,6.28596830368042,1094
2002-06-24,8.895999908447266,8.895999908447266,8.895999908447266,8.895999908447266,6.28596830368042,0
2002-06-25,8.895999908447266,8.895999908447266,8.895999908447266,8.895999908447266,6.28596830368042,156
2002-06-26,8.851200103759766,8.851200103759766,8.851200103759766,8.851200103759766,6.285972595214844,0
2002-06-27,8.851200103759766,8.851200103759766,8.851200103759766,8.851200103759766,6.285972595214844,0
2002-06-28,8.800000190734863,8.800000190734863,8.800000190734863,8.800000190734863,6.249607086181641,312
2002-07-01,8.800000190734863,8.800000190734863,8.800000190734863,8.800000190734863,6.249607086181641,781
2002-07-02,8.86400032043457,8.86400032043457,8.767999649047852,8.86400032043457,6.295059680938721,4219
2002-07-03,8.774399757385254,8.774399757385254,8.774399757385254,8.774399757385254,6.2314300537109375,1562
2002-07-05,8.774399757385254,8.774399757385254,8.774399757385254,8.774399757385254,6.2314300537109375,0
2002-07-08,8.895999908447266,9.600000381469727,8.895999908447266,9.600000381469727,6.81775426864624,625
2002-07-09,9.593600273132324,9.984000205993652,9.561599731445312,9.984000205993652,7.0904669761657715,2344
2002-07-10,10.04800033569336,10.303999900817871,10.04800033569336,10.297599792480469,7.313176155090332,1875
2002-07-11,9.292799949645996,10.303999900817871,9.292799949645996,9.920000076293945,7.04501485824585,1250
2002-07-12,10.361599922180176,10.361599922180176,10.355199813842773,10.355199813842773,7.354083061218262,4687
2002-07-15,10.348799705505371,10.348799705505371,10.239999771118164,10.239999771118164,7.272271156311035,469
2002-07-16,10.239999771118164,10.239999771118164,10.239999771118164,10.239999771118164,7.272271156311035,0
2002-07-17,10.303999900817871,10.303999900817871,10.303999900817871,10.303999900817871,7.317724227905273,4531
2002-07-18,10.239999771118164,10.239999771118164,10.239999771118164,10.239999771118164,7.272271156311035,312
2002-07-19,10.079999923706055,10.079999923706055,9.990400314331055,9.990400314331055,7.095013618469238,1094
2002-07-22,9.990400314331055,9.990400314331055,9.830400466918945,9.830400466918945,6.981383323669434,2031
2002-07-23,9.830400466918945,9.830400466918945,9.830400466918945,9.830400466918945,6.981383323669434,0
2002-07-24,9.696000099182129,9.760000228881836,9.312000274658203,9.312000274658203,6.613222122192383,2812
2002-07-25,9.312000274658203,9.312000274658203,9.312000274658203,9.312000274658203,6.613222122192383,0
2002-07-26,9.984000205993652,9.984000205993652,9.984000205993652,9.984000205993652,7.0904669761657715,1562
2002-07-29,9.984000205993652,9.984000205993652,9.984000205993652,9.984000205993652,7.0904669761657715,0
2002-07-30,9.984000205993652,9.984000205993652,9.984000205993652,9.984000205993652,7.0904669761657715,0
2002-07-31,9.984000205993652,10.239999771118164,9.984000205993652,10.099200248718262,7.172279357910156,4375
2002-08-01,9.855999946594238,9.855999946594238,9.855999946594238,9.855999946594238,6.9995646476745605,156
2002-08-02,9.855999946594238,9.855999946594238,9.855999946594238,9.855999946594238,6.9995646476745605,0
2002-08-05,10.291199684143066,10.291199684143066,10.079999923706055,10.079999923706055,7.158641338348389,937
2002-08-06,10.079999923706055,10.079999923706055,10.079999923706055,10.079999923706055,7.158641338348389,0
2002-08-07,10.079999923706055,10.079999923706055,10.079999923706055,10.079999923706055,7.158641338348389,937
2002-08-08,10.297599792480469,10.303999900817871,10.297599792480469,10.303999900817871,7.317724227905273,312
2002-08-09,10.303999900817871,10.303999900817871,10.303999900817871,10.303999900817871,7.317724227905273,0
2002-08-12,10.303999900817871,10.303999900817871,10.303999900817871,10.303999900817871,7.317724227905273,0
2002-08-13,9.920000076293945,9.920000076293945,9.920000076293945,9.920000076293945,7.04501485824585,937
2002-08-14,10.303999900817871,10.303999900817871,9.760000228881836,9.760000228881836,6.931386947631836,1094
2002-08-15,9.760000228881836,9.760000228881836,9.760000228881836,9.760000228881836,6.931386947631836,0
2002-08-16,9.760000228881836,9.760000228881836,9.760000228881836,9.760000228881836,6.931386947631836,625
2002-08-19,9.760000228881836,9.760000228881836,9.760000228881836,9.760000228881836,6.931386947631836,0
2002-08-20,9.920000076293945,9.920000076293945,9.920000076293945,9.920000076293945,7.04501485824585,156
2002-08-21,9.920000076293945,9.920000076293945,9.920000076293945,9.920000076293945,7.04501485824585,0
2002-08-22,9.920000076293945,10.297599792480469,9.920000076293945,10.297599792480469,7.313176155090332,20625
2002-08-23,10.303999900817871,10.303999900817871,10.303999900817871,10.303999900817871,7.317724227905273,2812
2002-08-26,10.303999900817871,10.303999900817871,10.303999900817871,10.303999900817871,7.317724227905273,0
2002-08-27,10.086400032043457,10.086400032043457,10.086400032043457,10.086400032043457,7.163186550140381,156
2002-08-28,10.099200248718262,10.099200248718262,10.099200248718262,10.099200248718262,7.172279357910156,312
2002-08-29,10.303999900817871,10.303999900817871,10.303999900817871,10.303999900817871,7.317724227905273,625
2002-08-30,10.303999900817871,10.303999900817871,10.303999900817871,10.303999900817871,7.317724227905273,0
2002-09-03,10.175999641418457,10.175999641418457,10.175999641418457,10.175999641418457,7.2268195152282715,625
2002-09-04,10.297599792480469,10.303999900817871,10.297599792480469,10.303999900817871,7.317724227905273,781
2002-09-05,10.239999771118164,10.239999771118164,10.208000183105469,10.208000183105469,7.249544143676758,3750
2002-09-06,10.208000183105469,10.239999771118164,10.18239974975586,10.18239974975586,7.231364727020264,16719
2002-09-09,10.18239974975586,10.18239974975586,10.18239974975586,10.18239974975586,7.231364727020264,0
2002-09-10,10.18239974975586,10.259200096130371,10.18239974975586,10.259200096130371,7.285905838012695,10625
2002-09-11,10.259200096130371,10.259200096130371,10.259200096130371,10.259200096130371,7.285905838012695,0
2002-09-12,10.118399620056152,10.118399620056152,9.727999687194824,9.727999687194824,6.908657550811768,2969
2002-09-13,9.67039966583252,9.920000076293945,9.67039966583252,9.920000076293945,7.04501485824585,469
2002-09-16,9.920000076293945,9.920000076293945,9.920000076293945,9.920000076293945,7.04501485824585,0
2002-09-17,9.920000076293945,9.920000076293945,9.920000076293945,9.920000076293945,7.04501485824585,1562
2002-09-18,9.97760009765625,9.97760009765625,9.51039981842041,9.721599578857422,6.904112815856934,1719
2002-09-19,9.472000122070312,9.472000122070312,9.472000122070312,9.472000122070312,6.726853370666504,937
2002-09-20,9.600000381469727,9.600000381469727,9.600000381469727,9.600000381469727,6.81775426864624,625
2002-09-23,9.46560001373291,9.46560001373291,9.279999732971191,9.279999732971191,6.590496063232422,1406
2002-09-24,9.279999732971191,9.279999732971191,9.279999732971191,9.279999732971191,6.590496063232422,0
2002-09-25,9.279999732971191,9.279999732971191,9.279999732971191,9.279999732971191,6.590496063232422,0
2002-09-26,9.235199928283691,9.235199928283691,9.235199928283691,9.235199928283691,6.59049654006958,0
2002-09-27,9.273599624633789,9.279999732971191,9.273599624633789,9.279999732971191,6.622466564178467,1719
2002-09-30,9.279999732971191,9.279999732971191,9.279999732971191,9.279999732971191,6.622466564178467,0
2002-10-01,9.196800231933594,9.343999862670898,9.190400123596191,9.190400123596191,6.558526515960693,1406
2002-10-02,9.190400123596191,9.273599624633789,9.119999885559082,9.184000015258789,6.55396032333374,4219
2002-10-03,9.184000015258789,9.184000015258789,9.184000015258789,9.184000015258789,6.55396032333374,0
2002-10-04,9.119999885559082,9.119999885559082,8.736000061035156,8.736000061035156,6.234252452850342,1875
2002-10-07,8.723199844360352,8.723199844360352,8.723199844360352,8.723199844360352,6.225119590759277,469
2002-10-08,8.723199844360352,9.267200469970703,8.704000473022461,8.704000473022461,6.2114176750183105,469
2002-10-09,8.704000473022461,8.704000473022461,8.704000473022461,8.704000473022461,6.2114176750183105,0
2002-10-10,9.273599624633789,9.273599624633789,9.273599624633789,9.273599624633789,6.617898941040039,312
2002-10-11,8.710399627685547,9.273599624633789,8.704000473022461,9.273599624633789,6.617898941040039,2344
2002-10-14,8.774399757385254,8.774399757385254,8.774399757385254,8.774399757385254,6.261658668518066,156
2002-10-15,8.774399757385254,8.774399757385254,8.774399757385254,8.774399757385254,6.261658668518066,0
2002-10-16,8.838399887084961,9.273599624633789,8.831999778747559,9.273599624633789,6.617898941040039,1562
2002-10-17,8.838399887084961,8.838399887084961,8.838399887084961,8.838399887084961,6.307331562042236,156
2002-10-18,8.895999908447266,8.895999908447266,8.895999908447266,8.895999908447266,6.348432540893555,156
2002-10-21,8.902400016784668,9.279999732971191,8.902400016784668,9.279999732971191,6.622466564178467,781
2002-10-22,9.030400276184082,9.030400276184082,8.774399757385254,8.774399757385254,6.261658668518066,1406
2002-10-23,8.774399757385254,8.774399757385254,8.774399757385254,8.774399757385254,6.261658668518066,781
2002-10-24,8.966400146484375,8.966400146484375,8.966400146484375,8.966400146484375,6.398673057556152,156
2002-10-25,9.279999732971191,9.37600040435791,8.972800254821777,9.279999732971191,6.622466564178467,4219
2002-10-28,8.99839973449707,8.99839973449707,8.99839973449707,8.99839973449707,6.421508312225342,156
2002-10-29,8.99839973449707,9.343999862670898,8.99839973449707,9.343999862670898,6.668138027191162,3281
2002-10-30,9.017600059509277,9.017600059509277,9.017600059509277,9.017600059509277,6.435210704803467,156
2002-10-31,9.011199951171875,9.011199951171875,9.011199951171875,9.011199951171875,6.430642127990723,156
2002-11-01,9.011199951171875,9.011199951171875,9.011199951171875,9.011199951171875,6.430642127990723,0
2002-11-04,9.279999732971191,9.279999732971191,9.248000144958496,9.279999732971191,6.622466564178467,4687
2002-11-05,9.119999885559082,9.119999885559082,9.119999885559082,9.119999885559082,6.508286952972412,469
2002-11-06,9.184000015258789,9.279999732971191,9.184000015258789,9.279999732971191,6.622466564178467,1406
2002-11-07,9.017600059509277,9.913599967956543,9.017600059509277,9.913599967956543,7.074619770050049,4531
2002-11-08,9.913599967956543,9.913599967956543,9.913599967956543,9.913599967956543,7.074619770050049,0
2002-11-11,9.286399841308594,9.286399841308594,9.286399841308594,9.286399841308594,6.627033233642578,312
2002-11-12,9.286399841308594,9.286399841308594,9.286399841308594,9.286399841308594,6.627033233642578,0
2002-11-13,9.600000381469727,9.600000381469727,9.600000381469727,9.600000381469727,6.850827217102051,469
2002-11-14,9.600000381469727,9.600000381469727,9.600000381469727,9.600000381469727,6.850827217102051,0
2002-11-15,9.600000381469727,9.600000381469727,9.600000381469727,9.600000381469727,6.850827217102051,0
2002-11-18,9.600000381469727,9.600000381469727,9.600000381469727,9.600000381469727,6.850827217102051,0
2002-11-19,9.567999839782715,9.567999839782715,9.567999839782715,9.567999839782715,6.8279924392700195,469
2002-11-20,9.600000381469727,9.600000381469727,9.600000381469727,9.600000381469727,6.850827217102051,156
2002-11-21,9.600000381469727,9.600000381469727,9.600000381469727,9.600000381469727,6.850827217102051,0
2002-11-22,9.600000381469727,9.600000381469727,9.600000381469727,9.600000381469727,6.850827217102051,0
2002-11-25,9.606399536132812,9.606399536132812,9.606399536132812,9.606399536132812,6.855396747589111,312
2002-11-26,9.606399536132812,9.606399536132812,9.606399536132812,9.606399536132812,6.855396747589111,0
2002-11-27,9.606399536132812,9.606399536132812,9.606399536132812,9.606399536132812,6.855396747589111,0
2002-11-29,9.606399536132812,9.606399536132812,9.606399536132812,9.606399536132812,6.855396747589111,0
2002-12-02,9.606399536132812,9.606399536132812,9.606399536132812,9.606399536132812,6.855396747589111,0
2002-12-03,9.606399536132812,9.631999969482422,9.3503999710083,9.3503999710083,6.672707557678223,6875
2002-12-04,9.3503999710083,9.3503999710083,9.3503999710083,9.3503999710083,6.672707557678223,0
2002-12-05,9.3503999710083,9.3503999710083,9.3503999710083,9.3503999710083,6.672707557678223,0
2002-12-06,9.3503999710083,9.3503999710083,9.3503999710083,9.3503999710083,6.672707557678223,0
2002-12-09,9.3503999710083,9.3503999710083,9.3503999710083,9.3503999710083,6.672707557678223,0
2002-12-10,9.3503999710083,9.3503999710083,9.3503999710083,9.3503999710083,6.672707557678223,0
2002-12-11,9.3503999710083,9.3503999710083,9.3503999710083,9.3503999710083,6.672707557678223,0
2002-12-12,9.292799949645996,9.292799949645996,9.254400253295898,9.254400253295898,6.6041975021362305,781
2002-12-13,9.254400253295898,9.254400253295898,9.254400253295898,9.254400253295898,6.6041975021362305,0
2002-12-16,9.02400016784668,9.02400016784668,9.02400016784668,9.02400016784668,6.439777851104736,781
2002-12-17,9.02400016784668,9.02400016784668,9.02400016784668,9.02400016784668,6.439777851104736,0
2002-12-18,9.02400016784668,9.02400016784668,9.02400016784668,9.02400016784668,6.439777851104736,0
2002-12-19,9.107199668884277,9.107199668884277,9.055999755859375,9.055999755859375,6.462615966796875,937
2002-12-20,9.088000297546387,9.088000297546387,9.02400016784668,9.02400016784668,6.439777851104736,2969
2002-12-23,9.171199798583984,9.171199798583984,9.171199798583984,9.171199798583984,6.544826507568359,312
2002-12-24,9.279999732971191,9.279999732971191,9.279999732971191,9.279999732971191,6.622466564178467,1562
2002-12-26,9.235199928283691,9.753600120544434,9.235199928283691,9.619199752807617,6.864528656005859,2031
2002-12-27,10.233599662780762,10.239999771118164,10.233599662780762,10.239999771118164,7.344196796417236,2344
2002-12-30,10.239999771118164,10.239999771118164,10.239999771118164,10.239999771118164,7.344196796417236,0
2002-12-31,10.239999771118164,10.239999771118164,10.239999771118164,10.239999771118164,7.344196796417236,0
2003-01-02,10.239999771118164,10.239999771118164,10.239999771118164,10.239999771118164,7.344196796417236,469
2003-01-03,10.175999641418457,10.175999641418457,10.175999641418457,10.175999641418457,7.298295497894287,469
2003-01-06,10.175999641418457,10.175999641418457,10.175999641418457,10.175999641418457,7.298295497894287,0
2003-01-07,10.355199813842773,10.355199813842773,10.355199813842773,10.355199813842773,7.426818370819092,156
2003-01-08,10.355199813842773,10.355199813842773,10.355199813842773,10.355199813842773,7.426818370819092,0
2003-01-09,10.355199813842773,10.355199813842773,10.355199813842773,10.355199813842773,7.426818370819092,0
2003-01-10,10.355199813842773,10.355199813842773,10.355199813842773,10.355199813842773,7.426818370819092,0
2003-01-13,10.233599662780762,10.233599662780762,10.233599662780762,10.233599662780762,7.339606761932373,312
2003-01-14,9.631999969482422,9.631999969482422,9.631999969482422,9.631999969482422,6.908137798309326,312
2003-01-15,10.233599662780762,10.233599662780762,10.079999923706055,10.233599662780762,7.339606761932373,12656
2003-01-16,9.798399925231934,9.798399925231934,9.798399925231934,9.798399925231934,7.0274786949157715,5156
2003-01-17,9.855999946594238,9.855999946594238,9.855999946594238,9.855999946594238,7.068790912628174,3594
2003-01-21,9.855999946594238,9.855999946594238,9.855999946594238,9.855999946594238,7.068790912628174,0
2003-01-22,9.855999946594238,9.855999946594238,9.855999946594238,9.855999946594238,7.068790912628174,0
2003-01-23,10.015999794006348,10.336000442504883,9.811200141906738,10.144000053405762,7.275346279144287,9375
2003-01-24,10.144000053405762,10.144000053405762,10.144000053405762,10.144000053405762,7.275346279144287,0
2003-01-27,10.368000030517578,10.368000030517578,10.368000030517578,10.368000030517578,7.436000347137451,312
2003-01-28,10.278400421142578,10.336000442504883,10.239999771118164,10.272000312805176,7.367146015167236,2500
2003-01-29,10.272000312805176,10.272000312805176,10.272000312805176,10.272000312805176,7.367146015167236,0
2003-01-30,10.272000312805176,10.272000312805176,10.272000312805176,10.272000312805176,7.367146015167236,0
2003-01-31,10.272000312805176,10.272000312805176,10.272000312805176,10.272000312805176,7.367146015167236,0
2003-02-03,10.399999618530273,10.399999618530273,10.399999618530273,10.399999618530273,7.458951950073242,312
2003-02-04,10.399999618530273,10.720000267028809,10.399999618530273,10.720000267028809,7.688458442687988,1719
2003-02-05,10.611200332641602,10.944000244140625,10.611200332641602,10.944000244140625,7.849110126495361,5469
2003-02-06,10.796799659729004,10.873600006103516,10.784000396728516,10.822400093078613,7.761897563934326,2187
2003-02-07,10.815999984741211,11.008000373840332,10.784000396728516,11.008000373840332,7.895016193389893,2187
2003-02-10,11.039999961853027,11.104000091552734,11.039999961853027,11.104000091552734,7.963865756988525,2344
2003-02-11,11.039999961853027,11.052800178527832,10.944000244140625,10.944000244140625,7.849110126495361,3125
2003-02-12,10.93120002746582,10.969599723815918,10.93120002746582,10.969599723815918,7.867469787597656,1719
2003-02-13,11.123200416564941,11.123200416564941,11.123200416564941,11.123200416564941,7.977634906768799,156
2003-02-14,11.155200004577637,11.295999526977539,11.155200004577637,11.295999526977539,8.101564407348633,469
2003-02-18,11.359999656677246,11.64799976348877,11.359999656677246,11.616000175476074,8.331075668334961,1719
2003-02-19,11.616000175476074,11.616000175476074,11.616000175476074,11.616000175476074,8.331075668334961,0
2003-02-20,11.616000175476074,11.616000175476074,11.616000175476074,11.616000175476074,8.331075668334961,0
2003-02-21,11.55840015411377,11.583999633789062,11.520000457763672,11.520000457763672,8.262222290039062,1406
2003-02-24,11.564800262451172,12.35200023651123,11.520000457763672,12.20479965209961,8.753365516662598,12344
2003-02-25,12.288000106811523,12.787199974060059,12.211199760437012,12.51200008392334,8.973692893981934,2969
2003-02-26,12.416000366210938,12.479999542236328,12.35200023651123,12.35200023651123,8.858939170837402,781
2003-02-27,12.268799781799316,12.288000106811523,11.871999740600586,11.993599891662598,8.601893424987793,5312
2003-02-28,12.038399696350098,12.038399696350098,11.705599784851074,11.705599784851074,8.395337104797363,3437
2003-03-03,11.705599784851074,11.705599784851074,11.705599784851074,11.705599784851074,8.395337104797363,0
2003-03-04,11.64799976348877,11.64799976348877,11.55840015411377,11.55840015411377,8.289767265319824,312
2003-03-05,11.55840015411377,11.55840015411377,11.55840015411377,11.55840015411377,8.289767265319824,0
2003-03-06,11.539199829101562,11.539199829101562,11.321599960327148,11.353599548339844,8.142881393432617,2187
2003-03-07,11.28320026397705,11.28320026397705,11.28320026397705,11.28320026397705,8.092389106750488,312
2003-03-10,11.28320026397705,11.28320026397705,11.28320026397705,11.28320026397705,8.092389106750488,0
2003-03-11,11.315199851989746,11.353599548339844,11.315199851989746,11.353599548339844,8.142881393432617,625
2003-03-12,11.353599548339844,11.353599548339844,11.353599548339844,11.353599548339844,8.142881393432617,0
2003-03-13,11.359999656677246,11.359999656677246,11.359999656677246,11.359999656677246,8.147467613220215,1094
2003-03-14,11.359999656677246,11.359999656677246,11.359999656677246,11.359999656677246,8.147467613220215,0
2003-03-17,11.359999656677246,11.359999656677246,11.359999656677246,11.359999656677246,8.147467613220215,0
2003-03-18,11.359999656677246,11.359999656677246,11.359999656677246,11.359999656677246,8.147467613220215,0
2003-03-19,11.359999656677246,11.379199981689453,11.32800006866455,11.32800006866455,8.124517440795898,2812
2003-03-20,11.32800006866455,11.32800006866455,11.32800006866455,11.32800006866455,8.124517440795898,0
2003-03-21,11.32800006866455,11.32800006866455,11.32800006866455,11.32800006866455,8.124517440795898,0
2003-03-24,11.315199851989746,11.315199851989746,11.315199851989746,11.315199851989746,8.115337371826172,156
2003-03-25,11.315199851989746,11.392000198364258,11.315199851989746,11.392000198364258,8.170417785644531,3594
2003-03-26,11.32800006866455,11.51360034942627,11.32800006866455,11.39840030670166,8.175009727478027,5312
2003-03-27,11.347200393676758,11.347200393676758,11.347200393676758,11.347200393676758,8.172707557678223,0
2003-03-28,11.347200393676758,11.347200393676758,11.347200393676758,11.347200393676758,8.172707557678223,0
2003-03-31,11.347200393676758,11.347200393676758,11.347200393676758,11.347200393676758,8.172707557678223,0
2003-04-01,11.359999656677246,11.449600219726562,11.340800285339355,11.340800285339355,8.16809368133545,937
2003-04-02,11.456000328063965,11.520000457763672,10.982399940490723,10.982399940490723,7.909961700439453,2344
2003-04-03,10.815999984741211,10.815999984741211,10.809599876403809,10.809599876403809,7.785505771636963,625
2003-04-04,10.809599876403809,10.809599876403809,10.809599876403809,10.809599876403809,7.785505771636963,0
2003-04-07,10.867199897766113,10.867199897766113,10.867199897766113,10.867199897766113,7.826988697052002,469
2003-04-08,10.924799919128418,10.924799919128418,10.867199897766113,10.867199897766113,7.826988697052002,625
2003-04-09,10.867199897766113,10.867199897766113,10.867199897766113,10.867199897766113,7.826988697052002,0
2003-04-10,10.867199897766113,10.867199897766113,10.867199897766113,10.867199897766113,7.826988697052002,0
2003-04-11,10.963199615478516,10.963199615478516,10.963199615478516,10.963199615478516,7.896132469177246,156
2003-04-14,10.963199615478516,10.963199615478516,10.963199615478516,10.963199615478516,7.896132469177246,0
2003-04-15,11.09119987487793,11.123200416564941,11.09119987487793,11.123200416564941,8.011370658874512,312
2003-04-16,11.212800025939941,11.244799613952637,11.212800025939941,11.244799613952637,8.098952293395996,625
2003-04-17,11.244799613952637,11.244799613952637,11.244799613952637,11.244799613952637,8.098952293395996,0
2003-04-21,11.244799613952637,11.244799613952637,11.244799613952637,11.244799613952637,8.098952293395996,0
2003-04-22,11.48799991607666,11.520000457763672,11.104000091552734,11.32800006866455,8.15887451171875,3437
2003-04-23,11.32800006866455,11.32800006866455,11.32800006866455,11.32800006866455,8.15887451171875,0
2003-04-24,11.436800003051758,11.583999633789062,11.436800003051758,11.583999633789062,8.34325885772705,2187
2003-04-25,11.64799976348877,12.064000129699707,11.520000457763672,11.744000434875488,8.458494186401367,22344
2003-04-28,11.711999893188477,12.128000259399414,11.64799976348877,11.744000434875488,8.458494186401367,2812
2003-04-29,11.711999893188477,11.993599891662598,11.680000305175781,11.993599891662598,8.638267517089844,4531
2003-04-30,11.993599891662598,12.0,11.79520034790039,11.79520034790039,8.495373725891113,2187
2003-05-01,11.948800086975098,11.968000411987305,11.673600196838379,11.935999870300293,8.596776962280273,2969
2003-05-02,11.968000411987305,11.968000411987305,11.968000411987305,11.968000411987305,8.619829177856445,156
2003-05-05,11.968000411987305,11.968000411987305,11.968000411987305,11.968000411987305,8.619829177856445,0
2003-05-06,11.904000282287598,11.904000282287598,11.84000015258789,11.84000015258789,8.527640342712402,625
2003-05-07,11.846400260925293,11.846400260925293,11.846400260925293,11.846400260925293,8.532248497009277,625
2003-05-08,11.846400260925293,11.846400260925293,11.846400260925293,11.846400260925293,8.532248497009277,0
2003-05-09,11.904000282287598,11.904000282287598,11.84000015258789,11.84000015258789,8.527640342712402,1250
2003-05-12,11.84000015258789,12.15999984741211,11.84000015258789,11.84000015258789,8.527640342712402,10625
2003-05-13,11.84000015258789,11.84000015258789,11.84000015258789,11.84000015258789,8.527640342712402,7031
2003-05-14,12.15999984741211,12.15999984741211,12.15999984741211,12.15999984741211,8.758113861083984,625
2003-05-15,12.15999984741211,12.15999984741211,12.15999984741211,12.15999984741211,8.758113861083984,0
2003-05-16,11.807999610900879,12.095999717712402,11.456000328063965,12.095999717712402,8.712018966674805,1406
2003-05-19,11.44320011138916,11.53279972076416,11.44320011138916,11.520000457763672,8.297163009643555,2187
2003-05-20,11.520000457763672,11.520000457763672,11.520000457763672,11.520000457763672,8.297163009643555,0
2003-05-21,11.520000457763672,11.520000457763672,11.520000457763672,11.520000457763672,8.297163009643555,0
2003-05-22,11.520000457763672,11.520000457763672,11.520000457763672,11.520000457763672,8.297163009643555,0
2003-05-23,11.520000457763672,11.520000457763672,11.520000457763672,11.520000457763672,8.297163009643555,156
2003-05-27,11.520000457763672,11.520000457763672,11.520000457763672,11.520000457763672,8.297163009643555,0
2003-05-28,11.430399894714355,11.456000328063965,11.199999809265137,11.199999809265137,8.06668472290039,3281
2003-05-29,11.436800003051758,12.371199607849121,11.436800003051758,12.15999984741211,8.758113861083984,15625
2003-05-30,12.371199607849121,12.371199607849121,12.371199607849121,12.371199607849121,8.91023063659668,312
2003-06-02,12.371199607849121,12.371199607849121,12.371199607849121,12.371199607849121,8.91023063659668,0
2003-06-03,12.371199607849121,12.371199607849121,12.371199607849121,12.371199607849121,8.91023063659668,0
2003-06-04,12.371199607849121,12.371199607849121,12.371199607849121,12.371199607849121,8.91023063659668,0
2003-06-05,12.371199607849121,12.371199607849121,12.371199607849121,12.371199607849121,8.91023063659668,0
2003-06-06,12.192000389099121,12.192000389099121,12.192000389099121,12.192000389099121,8.781163215637207,312
2003-06-09,12.319999694824219,13.331199645996094,12.319999694824219,13.331199645996094,9.601661682128906,4219
2003-06-10,13.331199645996094,13.331199645996094,13.331199645996094,13.331199645996094,9.601661682128906,0
2003-06-11,12.812800407409668,12.876799583435059,12.800000190734863,12.812800407409668,9.228289604187012,625
2003-06-12,12.800000190734863,13.279999732971191,12.800000190734863,13.279999732971191,9.56478500366211,1094
2003-06-13,13.164799690246582,13.37600040435791,12.652799606323242,12.652799606323242,9.113053321838379,937
2003-06-16,13.279999732971191,13.279999732971191,13.254400253295898,13.254400253295898,9.546345710754395,312
2003-06-17,13.254400253295898,13.254400253295898,13.254400253295898,13.254400253295898,9.546345710754395,0
2003-06-18,12.960000038146973,12.960000038146973,12.960000038146973,12.960000038146973,9.334307670593262,781
2003-06-19,12.800000190734863,12.800000190734863,12.800000190734863,12.800000190734863,9.219069480895996,156
2003-06-20,12.640000343322754,12.960000038146973,12.607999801635742,12.960000038146973,9.334307670593262,625
2003-06-23,12.960000038146973,12.960000038146973,12.960000038146973,12.960000038146973,9.334307670593262,0
2003-06-24,12.960000038146973,12.960000038146973,12.960000038146973,12.960000038146973,9.334307670593262,312
2003-06-25,12.960000038146973,12.960000038146973,12.960000038146973,12.960000038146973,9.334307670593262,156
2003-06-26,13.119999885559082,13.119999885559082,12.800000190734863,12.800000190734863,9.25793170928955,312
2003-06-27,12.800000190734863,12.800000190734863,12.800000190734863,12.800000190734863,9.25793170928955,937
2003-06-30,12.800000190734863,12.800000190734863,12.800000190734863,12.800000190734863,9.25793170928955,0
2003-07-01,12.800000190734863,12.800000190734863,12.800000190734863,12.800000190734863,9.25793170928955,0
2003-07-02,12.800000190734863,12.800000190734863,12.800000190734863,12.800000190734863,9.25793170928955,0
2003-07-03,12.800000190734863,12.800000190734863,12.800000190734863,12.800000190734863,9.25793170928955,0
2003-07-07,12.800000190734863,12.800000190734863,12.800000190734863,12.800000190734863,9.25793170928955,0
2003-07-08,13.312000274658203,13.4399995803833,13.286399841308594,13.4399995803833,9.720827102661133,625
2003-07-09,13.139200210571289,13.171199798583984,12.812800407409668,12.812800407409668,9.267186164855957,937
2003-07-10,12.812800407409668,12.812800407409668,12.812800407409668,12.812800407409668,9.267186164855957,0
2003-07-11,12.800000190734863,12.800000190734863,12.800000190734863,12.800000190734863,9.25793170928955,1406
2003-07-14,13.02400016784668,13.02400016784668,12.800000190734863,12.800000190734863,9.25793170928955,937
2003-07-15,12.831999778747559,13.312000274658203,12.831999778747559,13.312000274658203,9.628249168395996,1406
2003-07-16,13.567999839782715,14.079999923706055,13.567999839782715,13.920000076293945,10.068001747131348,937
2003-07-17,13.920000076293945,13.920000076293945,13.920000076293945,13.920000076293945,10.068001747131348,156
2003-07-18,13.920000076293945,13.920000076293945,13.920000076293945,13.920000076293945,10.068001747131348,0
2003-07-21,13.920000076293945,13.920000076293945,12.800000190734863,13.920000076293945,10.068001747131348,6094
2003-07-22,13.920000076293945,13.920000076293945,13.920000076293945,13.920000076293945,10.068001747131348,0
2003-07-23,13.920000076293945,13.920000076293945,13.920000076293945,13.920000076293945,10.068001747131348,0
2003-07-24,14.239999771118164,14.239999771118164,14.239999771118164,14.239999771118164,10.29944896697998,2344
2003-07-25,14.239999771118164,14.239999771118164,14.239999771118164,14.239999771118164,10.29944896697998,937
2003-07-28,14.720000267028809,15.04640007019043,14.527999877929688,15.04640007019043,10.882696151733398,5000
2003-07-29,14.732799530029297,14.732799530029297,14.713600158691406,14.713600158691406,10.641992568969727,625
2003-07-30,14.720000267028809,15.302399635314941,14.720000267028809,15.302399635314941,11.067852973937988,469
2003-07-31,15.302399635314941,15.302399635314941,15.302399635314941,15.302399635314941,11.067852973937988,0
2003-08-01,14.97599983215332,15.289600372314453,14.880000114440918,14.880000114440918,10.762346267700195,937
2003-08-04,14.880000114440918,14.880000114440918,14.880000114440918,14.880000114440918,10.762346267700195,156
2003-08-05,14.880000114440918,14.880000114440918,14.880000114440918,14.880000114440918,10.762346267700195,0
2003-08-06,14.880000114440918,14.880000114440918,14.880000114440918,14.880000114440918,10.762346267700195,0
2003-08-07,14.880000114440918,14.880000114440918,14.880000114440918,14.880000114440918,10.762346267700195,0
2003-08-08,14.880000114440918,14.880000114440918,14.880000114440918,14.880000114440918,10.762346267700195,0
2003-08-11,15.027199745178223,15.027199745178223,15.027199745178223,15.027199745178223,10.868806838989258,312
2003-08-12,14.97599983215332,14.97599983215332,14.97599983215332,14.97599983215332,10.831775665283203,312
2003-08-13,14.97599983215332,14.97599983215332,14.97599983215332,14.97599983215332,10.831775665283203,0
2003-08-14,14.41919994354248,14.41919994354248,14.41919994354248,14.41919994354248,10.429057121276855,156
2003-08-15,14.41919994354248,14.41919994354248,14.41919994354248,14.41919994354248,10.429057121276855,0
2003-08-18,14.41919994354248,14.41919994354248,14.41919994354248,14.41919994354248,10.429057121276855,0
2003-08-19,14.41919994354248,14.41919994354248,14.41919994354248,14.41919994354248,10.429057121276855,0
2003-08-20,14.41919994354248,14.41919994354248,14.41919994354248,14.41919994354248,10.429057121276855,0
2003-08-21,15.359999656677246,15.359999656677246,14.399999618530273,15.052800178527832,10.887328147888184,7187
2003-08-22,15.04640007019043,15.353599548339844,14.944000244140625,14.944000244140625,10.808633804321289,5469
2003-08-25,14.784000396728516,14.784000396728516,14.5600004196167,14.5600004196167,10.53089427947998,781
2003-08-26,14.88640022277832,15.039999961853027,14.88640022277832,15.039999961853027,10.878067970275879,937
2003-08-27,15.353599548339844,15.359999656677246,15.071999549865723,15.359999656677246,11.109516143798828,1719
2003-08-28,15.199999809265137,15.635199546813965,15.199999809265137,15.456000328063965,11.178950309753418,1875
2003-08-29,15.680000305175781,16.31999969482422,15.680000305175781,16.31999969482422,11.803861618041992,1875
2003-09-02,16.31999969482422,16.31999969482422,15.84000015258789,15.84000015258789,11.45669174194336,3437
2003-09-03,16.0,16.24959945678711,15.820799827575684,15.820799827575684,11.44279956817627,2656
2003-09-04,15.820799827575684,15.820799827575684,15.820799827575684,15.820799827575684,11.44279956817627,0
2003-09-05,16.31999969482422,16.31999969482422,16.29439926147461,16.29439926147461,11.785346031188965,625
2003-09-08,16.307199478149414,17.286399841308594,16.307199478149414,17.286399841308594,12.502839088439941,4219
2003-09-09,16.86400032043457,16.86400032043457,16.006399154663086,16.006399154663086,11.577040672302246,1719
2003-09-10,16.63360023498535,16.76799964904785,16.63360023498535,16.76799964904785,12.127889633178711,2969
2003-09-11,16.76799964904785,16.76799964904785,16.76799964904785,16.76799964904785,12.127889633178711,0
2003-09-12,16.607999801635742,16.646400451660156,16.607999801635742,16.607999801635742,12.012163162231445,1875
2003-09-15,16.595199584960938,16.639999389648438,16.595199584960938,16.639999389648438,12.035310745239258,937
2003-09-16,17.600000381469727,17.600000381469727,15.199999809265137,15.359999656677246,11.109516143798828,6250
2003-09-17,15.567999839782715,15.567999839782715,15.0,15.399999618530273,11.138446807861328,1750
2003-09-18,15.039999961853027,15.039999961853027,14.807999610900879,14.880000114440918,10.762346267700195,1375
2003-09-19,14.800000190734863,15.5600004196167,14.720000267028809,15.184000015258789,10.982218742370605,1875
2003-09-22,15.02400016784668,15.02400016784668,14.800000190734863,14.800000190734863,10.704482078552246,750
2003-09-23,15.15999984741211,15.239999771118164,15.088000297546387,15.232000350952148,11.016939163208008,3000
2003-09-24,15.831999778747559,15.831999778747559,13.199999809265137,13.600000381469727,9.836549758911133,7000
2003-09-25,14.119999885559082,14.920000076293945,13.928000450134277,14.920000076293945,10.791272163391113,6250
2003-09-26,15.199999809265137,15.199999809265137,13.800000190734863,14.479999542236328,10.512491226196289,2250
2003-09-29,13.935999870300293,14.239999771118164,13.935999870300293,14.239999771118164,10.338250160217285,375
2003-09-30,14.239999771118164,14.239999771118164,14.232000350952148,14.232000350952148,10.332443237304688,1750
2003-10-01,14.04800033569336,14.04800033569336,14.04800033569336,14.04800033569336,10.198859214782715,125
2003-10-02,14.04800033569336,15.039999961853027,14.0,15.039999961853027,10.919053077697754,7250
2003-10-03,14.607999801635742,15.088000297546387,14.607999801635742,15.079999923706055,10.948091506958008,1000
2003-10-06,14.600000381469727,15.239999771118164,14.600000381469727,15.239999771118164,11.064251899719238,1000
2003-10-07,15.239999771118164,15.279999732971191,15.039999961853027,15.279999732971191,11.093292236328125,1875
2003-10-08,15.144000053405762,15.831999778747559,14.479999542236328,15.831999778747559,11.494044303894043,1500
2003-10-09,15.831999778747559,15.831999778747559,15.831999778747559,15.831999778747559,11.494044303894043,0
2003-10-10,14.895999908447266,16.200000762939453,14.895999908447266,16.200000762939453,11.761212348937988,500
2003-10-13,16.399999618530273,16.799999237060547,16.399999618530273,16.799999237060547,12.196807861328125,1875
2003-10-14,16.799999237060547,16.799999237060547,16.239999771118164,16.239999771118164,11.790253639221191,9000
2003-10-15,16.200000762939453,16.200000762939453,16.0,16.0,11.616009712219238,625
2003-10-16,16.68000030517578,16.68000030517578,14.640000343322754,14.968000411987305,10.866780281066895,1750
2003-10-17,14.84000015258789,14.84000015258789,14.640000343322754,14.640000343322754,10.62865161895752,250
2003-10-20,14.640000343322754,14.640000343322754,14.640000343322754,14.640000343322754,10.62865161895752,0
2003-10-21,14.640000343322754,14.640000343322754,14.640000343322754,14.640000343322754,10.62865161895752,0
2003-10-22,15.359999656677246,15.359999656677246,15.359999656677246,15.359999656677246,11.1513671875,125
2003-10-23,14.640000343322754,14.640000343322754,14.640000343322754,14.640000343322754,10.62865161895752,125
2003-10-24,14.640000343322754,14.640000343322754,14.640000343322754,14.640000343322754,10.62865161895752,0
2003-10-27,14.920000076293945,14.935999870300293,14.399999618530273,14.399999618530273,10.454412460327148,875
2003-10-28,14.600000381469727,14.600000381469727,14.600000381469727,14.600000381469727,10.599609375,250
2003-10-29,14.600000381469727,14.600000381469727,14.600000381469727,14.600000381469727,10.599609375,250
2003-10-30,14.984000205993652,15.0,14.984000205993652,15.0,10.890010833740234,1000
2003-10-31,15.192000389099121,15.208000183105469,15.192000389099121,15.208000183105469,11.041022300720215,375
2003-11-03,15.208000183105469,15.208000183105469,15.208000183105469,15.208000183105469,11.041022300720215,0
2003-11-04,15.720000267028809,16.0,15.720000267028809,16.0,11.616009712219238,750
2003-11-05,15.5600004196167,15.640000343322754,15.5600004196167,15.640000343322754,11.35465145111084,750
2003-11-06,15.640000343322754,15.640000343322754,15.640000343322754,15.640000343322754,11.35465145111084,0
2003-11-07,15.991999626159668,16.0,14.800000190734863,14.800000190734863,10.74481201171875,1375
2003-11-10,14.751999855041504,15.199999809265137,14.751999855041504,15.199999809265137,11.035211563110352,375
2003-11-11,15.192000389099121,15.199999809265137,14.640000343322754,14.640000343322754,10.62865161895752,5750
2003-11-12,14.640000343322754,16.0,14.640000343322754,15.880000114440918,11.528892517089844,1500
2003-11-13,15.720000267028809,17.200000762939453,15.640000343322754,17.040000915527344,12.371049880981445,25250
2003-11-14,16.799999237060547,16.799999237060547,16.648000717163086,16.799999237060547,12.196807861328125,1375
2003-11-17,16.399999618530273,16.399999618530273,16.399999618530273,16.399999618530273,11.906412124633789,250
2003-11-18,16.31999969482422,16.31999969482422,16.200000762939453,16.200000762939453,11.761212348937988,250
2003-11-19,16.31999969482422,16.399999618530273,16.31999969482422,16.399999618530273,11.906412124633789,250
2003-11-20,16.399999618530273,16.399999618530273,16.399999618530273,16.399999618530273,11.906412124633789,0
2003-11-21,15.800000190734863,15.800000190734863,15.800000190734863,15.800000190734863,11.47081184387207,250
2003-11-24,15.800000190734863,15.800000190734863,15.800000190734863,15.800000190734863,11.47081184387207,0
2003-11-25,15.800000190734863,15.800000190734863,15.800000190734863,15.800000190734863,11.47081184387207,500
2003-11-26,15.800000190734863,15.800000190734863,15.800000190734863,15.800000190734863,11.47081184387207,0
2003-11-28,15.800000190734863,15.800000190734863,15.800000190734863,15.800000190734863,11.47081184387207,0
2003-12-01,15.62399959564209,15.62399959564209,15.62399959564209,15.62399959564209,11.343037605285645,250
2003-12-02,15.744000434875488,16.440000534057617,15.744000434875488,16.440000534057617,11.935450553894043,1750
2003-12-03,16.31999969482422,16.920000076293945,15.815999984741211,16.920000076293945,12.283927917480469,1500
2003-12-04,16.799999237060547,16.799999237060547,16.447999954223633,16.799999237060547,12.196807861328125,500
2003-12-05,16.440000534057617,17.016000747680664,16.079999923706055,17.016000747680664,12.353630065917969,500
2003-12-08,17.007999420166016,17.007999420166016,16.68000030517578,16.799999237060547,12.196807861328125,750
2003-12-09,17.016000747680664,17.016000747680664,14.880000114440918,14.880000114440918,10.802889823913574,6375
2003-12-10,15.119999885559082,16.959999084472656,15.119999885559082,16.959999084472656,12.312972068786621,1750
2003-12-11,16.440000534057617,16.799999237060547,15.5600004196167,16.799999237060547,12.196807861328125,1250
2003-12-12,15.319999694824219,15.399999618530273,15.119999885559082,15.399999618530273,11.180411338806152,1625
2003-12-15,16.920000076293945,16.920000076293945,15.272000312805176,15.472000122070312,11.232681274414062,4625
2003-12-16,15.399999618530273,15.399999618530273,15.399999618530273,15.399999618530273,11.180411338806152,375
2003-12-17,15.319999694824219,15.319999694824219,15.319999694824219,15.319999694824219,11.122331619262695,125
2003-12-18,16.31999969482422,16.31999969482422,15.368000030517578,16.143999099731445,11.720556259155273,875
2003-12-19,16.15999984741211,16.15999984741211,16.15999984741211,16.15999984741211,11.732171058654785,250
2003-12-22,16.15999984741211,16.15999984741211,16.15999984741211,16.15999984741211,11.732171058654785,0
2003-12-23,16.799999237060547,16.799999237060547,16.31999969482422,16.31999969482422,11.8483304977417,500
2003-12-24,16.31999969482422,16.31999969482422,16.31999969482422,16.31999969482422,11.8483304977417,0
2003-12-26,16.31999969482422,16.31999969482422,16.31999969482422,16.31999969482422,11.8483304977417,0
2003-12-29,16.399999618530273,16.399999618530273,16.0,16.0,11.657726287841797,750
2003-12-30,16.0,16.0,16.0,16.0,11.657726287841797,0
2003-12-31,16.15999984741211,16.15999984741211,16.15999984741211,16.15999984741211,11.774304389953613,125
2004-01-02,16.15999984741211,16.15999984741211,16.15999984741211,16.15999984741211,11.774304389953613,0
2004-01-05,16.263999938964844,16.399999618530273,15.800000190734863,15.800000190734863,11.512004852294922,2375
2004-01-06,16.0,16.0,15.800000190734863,15.800000190734863,11.512004852294922,1000
2004-01-07,15.84000015258789,15.944000244140625,15.84000015258789,15.944000244140625,11.616928100585938,500
2004-01-08,15.944000244140625,15.944000244140625,15.944000244140625,15.944000244140625,11.616928100585938,0
2004-01-09,16.0,16.600000381469727,16.0,16.392000198364258,11.943345069885254,6625
2004-01-12,16.583999633789062,16.583999633789062,16.583999633789062,16.583999633789062,12.083232879638672,375
2004-01-13,15.847999572753906,15.847999572753906,15.815999984741211,15.815999984741211,11.523664474487305,375
2004-01-14,15.815999984741211,15.815999984741211,15.815999984741211,15.815999984741211,11.523664474487305,0
2004-01-15,16.552000045776367,16.624000549316406,16.423999786376953,16.423999786376953,11.966657638549805,625
2004-01-16,16.93600082397461,16.93600082397461,15.831999778747559,15.871999740600586,11.56446361541748,500
2004-01-20,16.959999084472656,16.959999084472656,16.13599967956543,16.13599967956543,11.756818771362305,3500
2004-01-21,15.824000358581543,15.824000358581543,15.800000190734863,15.800000190734863,11.512004852294922,250
2004-01-22,15.800000190734863,15.800000190734863,15.800000190734863,15.800000190734863,11.512004852294922,0
2004-01-23,16.399999618530273,16.399999618530273,16.399999618530273,16.399999618530273,11.949173927307129,250
2004-01-26,16.0,16.0,15.895999908447266,15.895999908447266,11.581954002380371,500
2004-01-27,15.895999908447266,16.055999755859375,15.895999908447266,16.055999755859375,11.698526382446289,250
2004-01-28,16.055999755859375,16.055999755859375,16.055999755859375,16.055999755859375,11.698526382446289,0
2004-01-29,16.09600067138672,16.200000762939453,16.09600067138672,16.200000762939453,11.80345344543457,375
2004-01-30,16.200000762939453,16.200000762939453,16.200000762939453,16.200000762939453,11.80345344543457,0
2004-02-02,16.200000762939453,16.200000762939453,16.200000762939453,16.200000762939453,11.80345344543457,0
2004-02-03,16.09600067138672,16.09600067138672,16.09600067138672,16.09600067138672,11.727672576904297,125
2004-02-04,16.09600067138672,16.09600067138672,16.09600067138672,16.09600067138672,11.727672576904297,0
2004-02-05,16.0,16.0,16.0,16.0,11.657726287841797,125
2004-02-06,16.200000762939453,17.600000381469727,16.200000762939453,17.416000366210938,12.689437866210938,2500
2004-02-09,16.8799991607666,16.8799991607666,15.880000114440918,15.880000114440918,11.570296287536621,2000
2004-02-10,15.920000076293945,16.552000045776367,15.920000076293945,16.552000045776367,12.059920310974121,250
2004-02-11,16.0,16.847999572753906,16.0,16.847999572753906,12.275589942932129,2125
2004-02-12,16.1200008392334,16.1200008392334,16.1200008392334,16.1200008392334,11.74516487121582,1250
2004-02-13,16.1200008392334,16.128000259399414,16.1200008392334,16.1200008392334,11.74516487121582,875
2004-02-17,16.8799991607666,16.8799991607666,16.8799991607666,16.8799991607666,12.29890251159668,500
2004-02-18,16.224000930786133,16.224000930786133,16.200000762939453,16.200000762939453,11.80345344543457,1250
2004-02-19,16.200000762939453,16.200000762939453,16.200000762939453,16.200000762939453,11.80345344543457,0
2004-02-20,16.200000762939453,16.200000762939453,16.200000762939453,16.200000762939453,11.80345344543457,0
2004-02-23,16.799999237060547,16.799999237060547,16.239999771118164,16.239999771118164,11.832592010498047,1000
2004-02-24,17.200000762939453,17.520000457763672,16.200000762939453,16.200000762939453,11.80345344543457,2750
2004-02-25,16.215999603271484,16.600000381469727,16.215999603271484,16.600000381469727,12.09489631652832,3375
2004-02-26,16.799999237060547,16.799999237060547,16.6560001373291,16.6560001373291,12.135692596435547,500
2004-02-27,16.799999237060547,16.799999237060547,16.799999237060547,16.799999237060547,12.240612030029297,625
2004-03-01,16.799999237060547,16.799999237060547,16.799999237060547,16.799999237060547,12.240612030029297,0
2004-03-02,16.799999237060547,16.799999237060547,16.799999237060547,16.799999237060547,12.240612030029297,0
2004-03-03,16.399999618530273,16.399999618530273,16.399999618530273,16.399999618530273,11.949173927307129,250
2004-03-04,16.399999618530273,16.399999618530273,16.399999618530273,16.399999618530273,11.949173927307129,0
2004-03-05,16.799999237060547,16.799999237060547,16.799999237060547,16.799999237060547,12.240612030029297,250
2004-03-08,17.360000610351562,17.360000610351562,17.360000610351562,17.360000610351562,12.64863395690918,375
2004-03-09,17.360000610351562,17.360000610351562,17.360000610351562,17.360000610351562,12.64863395690918,0
2004-03-10,17.360000610351562,17.360000610351562,17.360000610351562,17.360000610351562,12.64863395690918,0
2004-03-11,17.200000762939453,17.200000762939453,16.239999771118164,16.799999237060547,12.240612030029297,2750
2004-03-12,16.799999237060547,17.1200008392334,16.799999237060547,17.1200008392334,12.473770141601562,2125
2004-03-15,17.1200008392334,17.1200008392334,17.1200008392334,17.1200008392334,12.473770141601562,0
2004-03-16,16.799999237060547,16.799999237060547,16.799999237060547,16.799999237060547,12.240612030029297,750
2004-03-17,16.799999237060547,16.799999237060547,16.799999237060547,16.799999237060547,12.240612030029297,0
2004-03-18,17.200000762939453,17.200000762939453,17.200000762939453,17.200000762939453,12.532060623168945,250
2004-03-19,17.200000762939453,17.360000610351562,17.128000259399414,17.128000259399414,12.47960376739502,1000
2004-03-22,17.128000259399414,17.128000259399414,17.128000259399414,17.128000259399414,12.47960376739502,0
2004-03-23,17.128000259399414,17.128000259399414,17.128000259399414,17.128000259399414,12.47960376739502,0
2004-03-24,17.128000259399414,17.128000259399414,17.128000259399414,17.128000259399414,12.47960376739502,0
2004-03-25,17.360000610351562,17.360000610351562,16.823999404907227,16.823999404907227,12.258101463317871,1000
2004-03-26,17.399999618530273,17.399999618530273,17.27199935913086,17.27199935913086,12.584515571594238,375
2004-03-29,17.479999542236328,17.479999542236328,17.02400016784668,17.02400016784668,12.447064399719238,625
2004-03-30,16.992000579833984,16.992000579833984,16.992000579833984,16.992000579833984,12.423663139343262,125
2004-03-31,17.200000762939453,17.200000762939453,17.200000762939453,17.200000762939453,12.575743675231934,125
2004-04-01,17.583999633789062,17.600000381469727,17.0,17.600000381469727,12.868206024169922,1875
2004-04-02,17.600000381469727,17.600000381469727,17.600000381469727,17.600000381469727,12.868206024169922,0
2004-04-05,16.983999252319336,17.0,16.983999252319336,17.0,12.429512977600098,500
2004-04-06,17.520000457763672,17.520000457763672,17.520000457763672,17.520000457763672,12.809710502624512,250
2004-04-07,17.600000381469727,17.600000381469727,17.200000762939453,17.200000762939453,12.575743675231934,1875
2004-04-08,16.799999237060547,17.3439998626709,16.799999237060547,17.3439998626709,12.681025505065918,2625
2004-04-12,17.600000381469727,17.600000381469727,17.368000030517578,17.368000030517578,12.698578834533691,2625
2004-04-13,16.983999252319336,17.600000381469727,16.959999084472656,17.600000381469727,12.868206024169922,1000
2004-04-14,17.895999908447266,17.959999084472656,17.799999237060547,17.959999084472656,13.131414413452148,500
2004-04-15,17.496000289916992,17.799999237060547,16.91200065612793,16.91200065612793,12.365172386169434,2125
2004-04-16,17.799999237060547,17.799999237060547,17.200000762939453,17.615999221801758,12.879899024963379,1125
2004-04-19,17.79199981689453,17.79199981689453,17.79199981689453,17.79199981689453,13.00858211517334,375
2004-04-20,17.920000076293945,17.920000076293945,17.920000076293945,17.920000076293945,13.102171897888184,375
2004-04-21,17.13599967956543,17.263999938964844,17.13599967956543,17.263999938964844,12.622538566589355,250
2004-04-22,17.08799934387207,17.08799934387207,17.08799934387207,17.08799934387207,12.493850708007812,250
2004-04-23,17.08799934387207,17.08799934387207,17.08799934387207,17.08799934387207,12.493850708007812,0
2004-04-26,17.920000076293945,17.920000076293945,17.08799934387207,17.08799934387207,12.493850708007812,375
2004-04-27,18.040000915527344,18.040000915527344,18.040000915527344,18.040000915527344,13.18990707397461,375
2004-04-28,18.040000915527344,18.040000915527344,18.040000915527344,18.040000915527344,13.18990707397461,0
2004-04-29,18.15999984741211,18.15999984741211,17.648000717163086,17.648000717163086,12.903295516967773,375
2004-04-30,17.648000717163086,17.648000717163086,17.648000717163086,17.648000717163086,12.903295516967773,0
2004-05-03,17.648000717163086,17.648000717163086,17.648000717163086,17.648000717163086,12.903295516967773,0
2004-05-04,17.648000717163086,17.648000717163086,17.648000717163086,17.648000717163086,12.903295516967773,0
2004-05-05,16.559999465942383,17.1200008392334,16.479999542236328,16.663999557495117,12.18384838104248,1875
2004-05-06,16.719999313354492,17.535999298095703,16.719999313354492,17.535999298095703,12.821405410766602,750
2004-05-07,16.639999389648438,17.392000198364258,16.639999389648438,17.392000198364258,12.71612548828125,750
2004-05-10,17.392000198364258,17.392000198364258,17.392000198364258,17.392000198364258,12.71612548828125,0
2004-05-11,17.600000381469727,17.615999221801758,17.600000381469727,17.615999221801758,12.879899024963379,2625
2004-05-12,16.639999389648438,17.215999603271484,16.639999389648438,17.079999923706055,12.488004684448242,1375
2004-05-13,17.15999984741211,17.15999984741211,17.15999984741211,17.15999984741211,12.546494483947754,125
2004-05-14,17.799999237060547,17.799999237060547,17.559999465942383,17.559999465942383,12.838957786560059,750
2004-05-17,17.559999465942383,17.559999465942383,16.920000076293945,16.959999084472656,12.400267601013184,750
2004-05-18,17.591999053955078,17.600000381469727,17.472000122070312,17.600000381469727,12.868206024169922,625
2004-05-19,17.591999053955078,17.591999053955078,17.591999053955078,17.591999053955078,12.862353324890137,625
2004-05-20,17.591999053955078,17.591999053955078,17.591999053955078,17.591999053955078,12.862353324890137,0
2004-05-21,17.520000457763672,17.520000457763672,16.81599998474121,17.0,12.429512977600098,1625
2004-05-24,17.0,17.0,17.0,17.0,12.429512977600098,0
2004-05-25,17.0,17.0,17.0,17.0,12.429512977600098,375
2004-05-26,17.0,17.0,17.0,17.0,12.429512977600098,0
2004-05-27,17.0,17.0,17.0,17.0,12.429512977600098,1500
2004-05-28,17.176000595092773,17.191999435424805,17.176000595092773,17.191999435424805,12.569894790649414,375
2004-06-01,17.0,17.0,17.0,17.0,12.429512977600098,875
2004-06-02,17.200000762939453,17.399999618530273,17.0,17.0,12.429512977600098,1625
2004-06-03,17.200000762939453,17.200000762939453,17.15999984741211,17.15999984741211,12.546494483947754,250
2004-06-04,17.04800033569336,17.04800033569336,17.04800033569336,17.04800033569336,12.464612007141113,875
2004-06-07,17.04800033569336,17.04800033569336,17.04800033569336,17.04800033569336,12.464612007141113,0
2004-06-08,17.15999984741211,17.15999984741211,17.15999984741211,17.15999984741211,12.546494483947754,3750
2004-06-09,17.007999420166016,17.007999420166016,17.007999420166016,17.007999420166016,12.4353666305542,250
2004-06-10,17.007999420166016,17.007999420166016,17.007999420166016,17.007999420166016,12.4353666305542,0
2004-06-14,17.200000762939453,17.200000762939453,17.200000762939453,17.200000762939453,12.575743675231934,250
2004-06-15,17.799999237060547,17.799999237060547,17.079999923706055,17.079999923706055,12.488004684448242,1875
2004-06-16,17.079999923706055,17.079999923706055,17.079999923706055,17.079999923706055,12.488004684448242,0
2004-06-17,17.799999237060547,17.808000564575195,17.799999237060547,17.808000564575195,13.020282745361328,500
2004-06-18,17.944000244140625,17.944000244140625,17.944000244140625,17.944000244140625,13.119715690612793,125
2004-06-21,17.200000762939453,18.312000274658203,17.200000762939453,18.312000274658203,13.388781547546387,1375
2004-06-22,18.1200008392334,18.1200008392334,18.031999588012695,18.031999588012695,13.184060096740723,250
2004-06-23,17.799999237060547,17.799999237060547,17.799999237060547,17.799999237060547,13.014434814453125,500
2004-06-24,17.799999237060547,17.799999237060547,17.799999237060547,17.799999237060547,13.014434814453125,0
2004-06-25,17.6560001373291,17.68000030517578,17.23200035095215,17.68000030517578,12.926694869995117,500
2004-06-28,17.72800064086914,17.72800064086914,17.72800064086914,17.72800064086914,13.007698059082031,750
2004-06-29,17.72800064086914,17.72800064086914,17.72800064086914,17.72800064086914,13.007698059082031,0
2004-06-30,17.72800064086914,17.72800064086914,17.72800064086914,17.72800064086914,13.007698059082031,250
2004-07-01,17.72800064086914,17.72800064086914,17.72800064086914,17.72800064086914,13.007698059082031,0
2004-07-02,17.72800064086914,17.72800064086914,17.695999145507812,17.695999145507812,12.98421859741211,2250
2004-07-06,18.31999969482422,18.31999969482422,17.695999145507812,17.72800064086914,13.007698059082031,625
2004-07-07,17.72800064086914,17.72800064086914,17.72800064086914,17.72800064086914,13.007698059082031,0
2004-07-08,17.72800064086914,17.72800064086914,17.72800064086914,17.72800064086914,13.007698059082031,0
2004-07-09,17.68000030517578,17.68000030517578,17.68000030517578,17.68000030517578,12.972480773925781,1250
2004-07-12,17.72800064086914,17.72800064086914,17.695999145507812,17.72800064086914,13.007698059082031,2500
2004-07-13,18.312000274658203,18.312000274658203,17.607999801635742,18.280000686645508,13.4127197265625,3375
2004-07-14,17.68000030517578,17.68000030517578,17.68000030517578,17.68000030517578,12.972480773925781,250
2004-07-15,17.68000030517578,17.68000030517578,17.68000030517578,17.68000030517578,12.972480773925781,0
2004-07-16,17.68000030517578,17.68000030517578,17.68000030517578,17.68000030517578,12.972480773925781,0
2004-07-19,17.68000030517578,17.68000030517578,17.68000030517578,17.68000030517578,12.972480773925781,0
2004-07-20,17.799999237060547,17.799999237060547,17.600000381469727,17.600000381469727,12.91378402709961,1375
2004-07-21,17.624000549316406,17.624000549316406,17.600000381469727,17.600000381469727,12.91378402709961,1375
2004-07-22,17.600000381469727,17.600000381469727,17.600000381469727,17.600000381469727,12.91378402709961,0
2004-07-23,17.639999389648438,17.639999389648438,17.607999801635742,17.607999801635742,12.91965103149414,1375
2004-07-26,18.0,18.312000274658203,18.0,18.143999099731445,13.312933921813965,875
2004-07-27,18.143999099731445,18.143999099731445,18.143999099731445,18.143999099731445,13.312933921813965,0
2004-07-28,18.15999984741211,18.392000198364258,18.15999984741211,18.392000198364258,13.494902610778809,2125
2004-07-29,18.399999618530273,18.472000122070312,18.200000762939453,18.215999603271484,13.365762710571289,625
2004-07-30,18.215999603271484,18.215999603271484,18.215999603271484,18.215999603271484,13.365762710571289,0
2004-08-02,18.215999603271484,18.215999603271484,18.215999603271484,18.215999603271484,13.365762710571289,0
2004-08-03,18.215999603271484,18.215999603271484,18.215999603271484,18.215999603271484,13.365762710571289,0
2004-08-04,18.215999603271484,18.215999603271484,18.215999603271484,18.215999603271484,13.365762710571289,0
2004-08-05,18.215999603271484,18.215999603271484,18.215999603271484,18.215999603271484,13.365762710571289,0
2004-08-06,18.23200035095215,18.583999633789062,18.23200035095215,18.583999633789062,13.635781288146973,750
2004-08-09,18.583999633789062,18.583999633789062,18.583999633789062,18.583999633789062,13.635781288146973,0
2004-08-10,18.583999633789062,18.583999633789062,18.583999633789062,18.583999633789062,13.635781288146973,0
2004-08-11,18.583999633789062,18.583999633789062,18.54400062561035,18.54400062561035,13.606433868408203,250
2004-08-12,18.54400062561035,18.54400062561035,18.54400062561035,18.54400062561035,13.606433868408203,0
2004-08-13,18.54400062561035,18.54400062561035,18.54400062561035,18.54400062561035,13.606433868408203,0
2004-08-16,18.54400062561035,18.54400062561035,18.54400062561035,18.54400062561035,13.606433868408203,0
2004-08-17,18.408000946044922,18.440000534057617,18.200000762939453,18.200000762939453,13.354021072387695,1000
2004-08-18,18.200000762939453,18.200000762939453,18.200000762939453,18.200000762939453,13.354021072387695,0
2004-08-19,18.200000762939453,18.200000762939453,18.200000762939453,18.200000762939453,13.354021072387695,0
2004-08-20,18.200000762939453,18.200000762939453,18.200000762939453,18.200000762939453,13.354021072387695,0
2004-08-23,18.200000762939453,18.200000762939453,18.200000762939453,18.200000762939453,13.354021072387695,0
2004-08-24,18.97599983215332,18.97599983215332,18.624000549316406,18.624000549316406,13.665130615234375,500
2004-08-25,18.503999710083008,18.54400062561035,18.368000030517578,18.479999542236328,13.559464454650879,2250
2004-08-26,18.479999542236328,18.479999542236328,18.479999542236328,18.479999542236328,13.559464454650879,0
2004-08-27,18.408000946044922,18.408000946044922,18.408000946044922,18.408000946044922,13.50664234161377,375
2004-08-30,18.479999542236328,18.600000381469727,18.479999542236328,18.600000381469727,13.647516250610352,2125
2004-08-31,18.92799949645996,19.079999923706055,18.92799949645996,19.079999923706055,13.999713897705078,625
2004-09-01,18.799999237060547,19.079999923706055,18.799999237060547,18.84000015258789,13.823613166809082,625
2004-09-02,18.799999237060547,19.079999923706055,18.799999237060547,18.799999237060547,13.794268608093262,875
2004-09-03,18.799999237060547,18.799999237060547,18.799999237060547,18.799999237060547,13.794268608093262,0
2004-09-07,19.200000762939453,19.799999237060547,19.200000762939453,19.488000869750977,14.299080848693848,875
2004-09-08,19.79199981689453,19.823999404907227,19.75200080871582,19.823999404907227,14.545612335205078,500
2004-09-09,19.8799991607666,20.351999282836914,19.81599998474121,20.351999282836914,14.933032035827637,1375
2004-09-10,19.351999282836914,20.15999984741211,19.079999923706055,19.399999618530273,14.23451042175293,8625
2004-09-13,19.399999618530273,19.399999618530273,19.399999618530273,19.399999618530273,14.23451042175293,0
2004-09-14,19.75200080871582,19.75200080871582,19.600000381469727,19.600000381469727,14.381258010864258,375
2004-09-15,19.20800018310547,19.20800018310547,19.200000762939453,19.200000762939453,14.087764739990234,375
2004-09-16,19.56800079345703,19.56800079345703,19.479999542236328,19.479999542236328,14.293212890625,500
2004-09-17,19.600000381469727,19.600000381469727,19.600000381469727,19.600000381469727,14.381258010864258,375
2004-09-20,19.600000381469727,19.600000381469727,19.600000381469727,19.600000381469727,14.381258010864258,0
2004-09-21,19.600000381469727,19.600000381469727,19.600000381469727,19.600000381469727,14.381258010864258,0
2004-09-22,19.600000381469727,19.600000381469727,19.600000381469727,19.600000381469727,14.381258010864258,0
2004-09-23,19.615999221801758,19.615999221801758,19.615999221801758,19.615999221801758,14.392997741699219,375
2004-09-24,19.615999221801758,19.615999221801758,19.615999221801758,19.615999221801758,14.392997741699219,0
2004-09-27,19.639999389648438,19.8799991607666,19.639999389648438,19.8799991607666,14.586701393127441,500
2004-09-28,19.81599998474121,19.81599998474121,19.81599998474121,19.81599998474121,14.586703300476074,0
2004-09-29,19.81599998474121,19.81599998474121,19.81599998474121,19.81599998474121,14.586703300476074,0
2004-09-30,19.81599998474121,19.81599998474121,19.81599998474121,19.81599998474121,14.586703300476074,0
2004-10-01,20.0,20.0,20.0,20.0,14.722146034240723,2750
2004-10-04,20.0,20.0,20.0,20.0,14.722146034240723,0
2004-10-05,20.200000762939453,20.200000762939453,20.143999099731445,20.191999435424805,14.86347484588623,500
2004-10-06,20.07200050354004,20.07200050354004,19.535999298095703,19.86400032043457,14.622039794921875,3625
2004-10-07,19.719999313354492,19.719999313354492,19.600000381469727,19.600000381469727,14.427705764770508,625
2004-10-08,19.600000381469727,19.600000381469727,19.600000381469727,19.600000381469727,14.427705764770508,0
2004-10-11,20.408000946044922,20.408000946044922,20.399999618530273,20.399999618530273,15.016592025756836,1125
2004-10-12,20.31999969482422,20.663999557495117,20.31999969482422,20.336000442504883,14.969481468200684,375
2004-10-13,20.799999237060547,21.200000762939453,20.631999969482422,20.631999969482422,15.187369346618652,1625
2004-10-14,21.176000595092773,21.31999969482422,20.808000564575195,21.007999420166016,15.464144706726074,875
2004-10-15,21.31999969482422,21.583999633789062,20.92799949645996,20.92799949645996,15.405254364013672,375
2004-10-18,20.992000579833984,21.591999053955078,20.992000579833984,21.591999053955078,15.894025802612305,375
2004-10-19,21.600000381469727,21.799999237060547,21.600000381469727,21.799999237060547,16.047147750854492,2500
2004-10-20,20.823999404907227,21.559999465942383,20.823999404907227,21.559999465942383,15.870469093322754,500
2004-10-21,21.799999237060547,22.031999588012695,21.799999237060547,21.84000015258789,16.076580047607422,625
2004-10-22,22.031999588012695,22.079999923706055,22.031999588012695,22.055999755859375,16.235584259033203,1125
2004-10-25,22.399999618530273,22.399999618530273,22.288000106811523,22.288000106811523,16.406362533569336,500
2004-10-26,21.600000381469727,21.600000381469727,21.600000381469727,21.600000381469727,15.899920463562012,125
2004-10-27,22.959999084472656,23.20800018310547,22.959999084472656,23.20800018310547,17.08357810974121,875
2004-10-28,22.84000015258789,23.07200050354004,22.472000122070312,22.472000122070312,16.541805267333984,2750
2004-10-29,22.239999771118164,22.823999404907227,21.624000549316406,22.823999404907227,16.800918579101562,2500
2004-11-01,22.823999404907227,22.823999404907227,22.0,22.256000518798828,16.3828067779541,5875
2004-11-02,23.07200050354004,23.07200050354004,23.07200050354004,23.07200050354004,16.983469009399414,125
2004-11-03,23.479999542236328,23.615999221801758,22.399999618530273,22.399999618530273,16.488805770874023,1875
2004-11-04,22.399999618530273,23.27199935913086,22.360000610351562,23.27199935913086,17.13068962097168,28375
2004-11-05,24.200000762939453,24.68000030517578,23.600000381469727,24.68000030517578,18.167131423950195,1750
2004-11-08,23.54400062561035,24.43199920654297,23.54400062561035,24.43199920654297,17.984575271606445,2125
2004-11-09,24.031999588012695,24.959999084472656,24.016000747680664,24.799999237060547,18.25545883178711,3750
2004-11-10,24.79199981689453,25.399999618530273,24.672000885009766,24.79199981689453,18.24957847595215,1750
2004-11-11,25.079999923706055,25.200000762939453,24.88800048828125,25.200000762939453,18.549903869628906,8375
2004-11-12,24.959999084472656,24.959999084472656,24.84000015258789,24.959999084472656,18.37323760986328,3500
2004-11-15,24.959999084472656,24.959999084472656,24.959999084472656,24.959999084472656,18.37323760986328,0
2004-11-16,24.799999237060547,24.799999237060547,24.68000030517578,24.68000030517578,18.167131423950195,1250
2004-11-17,24.0,24.799999237060547,24.0,24.799999237060547,18.25545883178711,1250
2004-11-18,24.079999923706055,24.799999237060547,24.079999923706055,24.799999237060547,18.25545883178711,625
2004-11-19,24.799999237060547,25.600000381469727,24.799999237060547,24.799999237060547,18.25545883178711,1750
2004-11-22,24.799999237060547,24.799999237060547,24.799999237060547,24.799999237060547,18.25545883178711,250
2004-11-23,25.736000061035156,25.736000061035156,25.736000061035156,25.736000061035156,18.94445037841797,250
2004-11-24,25.360000610351562,25.360000610351562,25.360000610351562,25.360000610351562,18.667682647705078,500
2004-11-26,25.360000610351562,25.399999618530273,25.360000610351562,25.399999618530273,18.697124481201172,375
2004-11-29,25.600000381469727,25.719999313354492,25.600000381469727,25.719999313354492,18.932682037353516,1000
2004-11-30,25.719999313354492,25.719999313354492,25.719999313354492,25.719999313354492,18.932682037353516,0
2004-12-01,25.20800018310547,25.215999603271484,24.600000381469727,24.600000381469727,18.108240127563477,875
2004-12-02,24.600000381469727,24.600000381469727,24.600000381469727,24.600000381469727,18.108240127563477,0
2004-12-03,24.079999923706055,24.18400001525879,24.079999923706055,24.08799934387207,17.73134994506836,1000
2004-12-06,25.784000396728516,25.784000396728516,24.799999237060547,24.799999237060547,18.25545883178711,625
2004-12-07,24.799999237060547,25.040000915527344,24.600000381469727,24.799999237060547,18.25545883178711,4375
2004-12-08,24.600000381469727,25.27199935913086,24.600000381469727,25.27199935913086,18.602903366088867,3375
2004-12-09,25.399999618530273,25.399999618530273,25.399999618530273,25.399999618530273,18.697124481201172,1125
2004-12-10,25.392000198364258,25.600000381469727,25.392000198364258,25.600000381469727,18.844348907470703,750
2004-12-13,25.600000381469727,25.600000381469727,25.600000381469727,25.600000381469727,18.844348907470703,0
2004-12-14,25.0,25.0,25.0,25.0,18.40268325805664,250
2004-12-15,25.600000381469727,25.600000381469727,25.600000381469727,25.600000381469727,18.844348907470703,125
2004-12-16,25.799999237060547,25.799999237060547,25.799999237060547,25.799999237060547,18.99156379699707,1250
2004-12-17,25.799999237060547,25.799999237060547,25.799999237060547,25.799999237060547,18.99156379699707,375
2004-12-20,25.639999389648438,25.799999237060547,24.81599998474121,25.799999237060547,18.99156379699707,750
2004-12-21,25.79199981689453,25.79199981689453,25.79199981689453,25.79199981689453,18.985671997070312,625
2004-12-22,25.79199981689453,25.79199981689453,25.79199981689453,25.79199981689453,18.985671997070312,0
2004-12-23,26.104000091552734,26.104000091552734,25.23200035095215,25.23200035095215,18.573461532592773,1250
2004-12-27,25.968000411987305,26.520000457763672,25.856000900268555,26.360000610351562,19.403791427612305,4500
2004-12-28,26.639999389648438,28.0,26.399999618530273,28.0,20.611007690429688,9375
2004-12-29,27.968000411987305,28.0,27.639999389648438,27.639999389648438,20.394372940063477,1250
2004-12-30,28.0,28.0,26.92799949645996,27.200000762939453,20.069717407226562,2875
2004-12-31,27.200000762939453,27.200000762939453,27.200000762939453,27.200000762939453,20.069717407226562,0
2005-01-03,26.68000030517578,27.07200050354004,26.68000030517578,27.07200050354004,19.97526741027832,3375
2005-01-04,26.760000228881836,26.760000228881836,26.20800018310547,26.20800018310547,19.337759017944336,1500
2005-01-05,26.200000762939453,26.280000686645508,26.11199951171875,26.280000686645508,19.390884399414062,1250
2005-01-06,26.11199951171875,26.11199951171875,26.11199951171875,26.11199951171875,19.266925811767578,2500
2005-01-07,26.399999618530273,26.496000289916992,26.1200008392334,26.1200008392334,19.272825241088867,1500
2005-01-10,26.1200008392334,26.408000946044922,25.600000381469727,25.68000030517578,18.948179244995117,2250
2005-01-11,25.600000381469727,26.0,25.327999114990234,26.0,19.18428611755371,1500
2005-01-12,26.0,26.0,26.0,26.0,19.18428611755371,125
2005-01-13,26.0,26.0,26.0,26.0,19.18428611755371,0
2005-01-14,26.520000457763672,26.520000457763672,26.520000457763672,26.520000457763672,19.56797218322754,625
2005-01-18,26.511999130249023,26.520000457763672,25.607999801635742,25.663999557495117,18.936363220214844,2750
2005-01-19,26.0,26.167999267578125,26.0,26.167999267578125,19.308242797851562,875
2005-01-20,26.375999450683594,26.399999618530273,25.600000381469727,25.639999389648438,18.918655395507812,4000
2005-01-21,26.200000762939453,26.200000762939453,25.6560001373291,25.6560001373291,18.930465698242188,1750
2005-01-24,26.384000778198242,26.384000778198242,25.648000717163086,25.648000717163086,18.9245548248291,250
2005-01-25,25.639999389648438,25.639999389648438,25.600000381469727,25.600000381469727,18.88914680480957,1500
2005-01-26,26.327999114990234,26.327999114990234,26.327999114990234,26.327999114990234,19.42630386352539,125
2005-01-27,26.327999114990234,26.327999114990234,26.327999114990234,26.327999114990234,19.42630386352539,0
2005-01-28,25.600000381469727,26.0,25.472000122070312,25.871999740600586,19.089834213256836,1500
2005-01-31,25.399999618530273,25.399999618530273,24.0,24.408000946044922,18.00961685180664,19250
2005-02-01,24.799999237060547,24.95199966430664,24.423999786376953,24.799999237060547,18.29884910583496,11500
2005-02-02,24.799999237060547,24.799999237060547,24.799999237060547,24.799999237060547,18.29884910583496,250
2005-02-03,24.607999801635742,24.784000396728516,24.040000915527344,24.040000915527344,17.738088607788086,3250
2005-02-04,24.399999618530273,24.399999618530273,24.399999618530273,24.399999618530273,18.00371551513672,500
2005-02-07,24.399999618530273,24.399999618530273,24.29599952697754,24.31999969482422,17.944684982299805,750
2005-02-08,24.75200080871582,24.799999237060547,24.75200080871582,24.799999237060547,18.29884910583496,875
2005-02-09,24.90399932861328,24.93600082397461,24.799999237060547,24.799999237060547,18.29884910583496,1750
2005-02-10,24.799999237060547,24.799999237060547,24.799999237060547,24.799999237060547,18.29884910583496,0
2005-02-11,24.76799964904785,24.95199966430664,24.760000228881836,24.95199966430664,18.4110107421875,6500
2005-02-14,24.95199966430664,24.95199966430664,24.95199966430664,24.95199966430664,18.4110107421875,0
2005-02-15,24.808000564575195,24.992000579833984,24.808000564575195,24.992000579833984,18.440526962280273,500
2005-02-16,24.808000564575195,24.808000564575195,24.24799919128418,24.24799919128418,17.891557693481445,2750
2005-02-17,24.24799919128418,24.24799919128418,24.24799919128418,24.24799919128418,17.891557693481445,0
2005-02-18,24.24799919128418,24.24799919128418,24.24799919128418,24.24799919128418,17.891557693481445,0
2005-02-22,24.24799919128418,24.24799919128418,24.24799919128418,24.24799919128418,17.891557693481445,0
2005-02-23,24.360000610351562,24.360000610351562,24.31999969482422,24.31999969482422,17.944684982299805,2500
2005-02-24,24.176000595092773,24.176000595092773,24.176000595092773,24.176000595092773,17.83843231201172,125
2005-02-25,24.1200008392334,24.711999893188477,24.1200008392334,24.695999145507812,18.22212028503418,1250
2005-02-28,24.24799919128418,24.327999114990234,24.191999435424805,24.327999114990234,17.950586318969727,7500
2005-03-01,24.13599967956543,24.13599967956543,24.1200008392334,24.128000259399414,17.803014755249023,8625
2005-03-02,24.15999984741211,24.15999984741211,24.15999984741211,24.15999984741211,17.826631546020508,17375
2005-03-03,24.079999923706055,24.11199951171875,24.079999923706055,24.079999923706055,17.767602920532227,500
2005-03-04,24.079999923706055,24.079999923706055,24.079999923706055,24.079999923706055,17.767602920532227,0
2005-03-07,24.040000915527344,24.215999603271484,24.040000915527344,24.215999603271484,17.86794662475586,375
2005-03-08,24.215999603271484,24.215999603271484,24.215999603271484,24.215999603271484,17.86794662475586,0
2005-03-09,24.312000274658203,24.312000274658203,24.040000915527344,24.040000915527344,17.738088607788086,375
2005-03-10,24.040000915527344,24.040000915527344,24.040000915527344,24.040000915527344,17.738088607788086,0
2005-03-11,24.040000915527344,24.040000915527344,24.040000915527344,24.040000915527344,17.738088607788086,250
2005-03-14,24.27199935913086,24.760000228881836,24.224000930786133,24.600000381469727,18.15128517150879,8875
2005-03-15,24.79199981689453,24.79199981689453,24.79199981689453,24.79199981689453,18.292949676513672,125
2005-03-16,24.399999618530273,24.399999618530273,24.399999618530273,24.399999618530273,18.00371551513672,125
2005-03-17,24.399999618530273,25.239999771118164,24.399999618530273,25.239999771118164,18.623510360717773,3000
2005-03-18,25.583999633789062,25.583999633789062,25.583999633789062,25.583999633789062,18.877336502075195,1000
2005-03-21,25.239999771118164,25.799999237060547,24.736000061035156,24.97599983215332,18.428720474243164,1375
2005-03-22,24.97599983215332,24.97599983215332,24.97599983215332,24.97599983215332,18.428720474243164,0
2005-03-23,24.97599983215332,24.97599983215332,24.97599983215332,24.97599983215332,18.428720474243164,0
2005-03-24,25.368000030517578,25.368000030517578,25.368000030517578,25.368000030517578,18.71795654296875,375
2005-03-28,25.368000030517578,25.368000030517578,25.368000030517578,25.368000030517578,18.71795654296875,0
2005-03-29,25.600000381469727,25.600000381469727,25.600000381469727,25.600000381469727,18.939910888671875,125
2005-03-30,25.384000778198242,25.384000778198242,24.84000015258789,24.84000015258789,18.37763023376465,1125
2005-03-31,24.84000015258789,24.84000015258789,24.84000015258789,24.84000015258789,18.37763023376465,0
2005-04-01,25.399999618530273,25.399999618530273,25.399999618530273,25.399999618530273,18.791940689086914,250
2005-04-04,25.799999237060547,25.799999237060547,25.799999237060547,25.799999237060547,19.087873458862305,500
2005-04-05,25.600000381469727,25.600000381469727,25.600000381469727,25.600000381469727,18.939910888671875,250
2005-04-06,25.399999618530273,25.399999618530273,25.200000762939453,25.200000762939453,18.64397430419922,1750
2005-04-07,24.808000564575195,24.808000564575195,24.808000564575195,24.808000564575195,18.35395622253418,250
2005-04-08,24.992000579833984,25.0,24.799999237060547,25.0,18.496007919311523,3125
2005-04-11,25.0,25.0,25.0,25.0,18.496007919311523,250
2005-04-12,25.0,25.0,25.0,25.0,18.496007919311523,375
2005-04-13,25.0,25.0,25.0,25.0,18.496007919311523,0
2005-04-14,25.0,25.0,25.0,25.0,18.496007919311523,0
2005-04-15,25.0,25.0,24.799999237060547,24.799999237060547,18.348031997680664,2750
2005-04-18,24.760000228881836,24.760000228881836,24.760000228881836,24.760000228881836,18.318450927734375,875
2005-04-19,24.760000228881836,25.256000518798828,24.760000228881836,25.167999267578125,18.62030029296875,1000
2005-04-20,25.06399917602539,25.06399917602539,25.06399917602539,25.06399917602539,18.543359756469727,250
2005-04-21,25.559999465942383,25.559999465942383,25.559999465942383,25.559999465942383,18.910314559936523,500
2005-04-22,25.20800018310547,25.336000442504883,25.055999755859375,25.336000442504883,18.74458885192871,750
2005-04-25,26.399999618530273,26.399999618530273,25.399999618530273,26.29599952697754,19.4548397064209,2000
2005-04-26,26.1200008392334,26.1200008392334,25.992000579833984,26.1200008392334,19.324628829956055,875
2005-04-27,26.079999923706055,26.079999923706055,25.95199966430664,26.079999923706055,19.295028686523438,3250
2005-04-28,26.31999969482422,26.31999969482422,26.079999923706055,26.079999923706055,19.295028686523438,750
2005-04-29,25.607999801635742,25.81599998474121,25.607999801635742,25.81599998474121,19.09971809387207,625
2005-05-02,26.016000747680664,26.1200008392334,25.68000030517578,26.1200008392334,19.324628829956055,4000
2005-05-03,25.600000381469727,26.760000228881836,25.600000381469727,26.760000228881836,19.798126220703125,10500
2005-05-04,26.399999618530273,26.959999084472656,26.079999923706055,26.959999084472656,19.94609260559082,5375
2005-05-05,27.0,27.200000762939453,26.944000244140625,27.200000762939453,20.123661041259766,7250
2005-05-06,27.200000762939453,27.600000381469727,27.0,27.600000381469727,20.419593811035156,7000
2005-05-09,27.600000381469727,28.0,27.600000381469727,28.0,20.715526580810547,6375
2005-05-10,28.0,28.75200080871582,28.0,28.68000030517578,21.218612670898438,4375
2005-05-11,28.399999618530273,28.799999237060547,28.167999267578125,28.719999313354492,21.248207092285156,8250
2005-05-12,28.719999313354492,28.799999237060547,28.0,28.76799964904785,21.283729553222656,6625
2005-05-13,29.0,29.0,28.784000396728516,28.799999237060547,21.30739974975586,12250
2005-05-16,28.799999237060547,28.799999237060547,27.75200080871582,27.97599983215332,20.697771072387695,7125
2005-05-17,28.25,29.93000030517578,27.700000762939453,29.739999771118164,22.00284767150879,8600
2005-05-18,29.899999618530273,30.270000457763672,29.489999771118164,29.5,21.825286865234375,5900
2005-05-19,28.690000534057617,29.5,27.959999084472656,29.5,21.825286865234375,14900
2005-05-20,29.5,29.5,29.18000030517578,29.489999771118164,21.817890167236328,2300
2005-05-23,28.549999237060547,29.5,28.5,29.489999771118164,21.817890167236328,2800
2005-05-24,30.299999237060547,30.5,29.1299991607666,30.450000762939453,22.528133392333984,18400
2005-05-25,30.5,31.0,30.5,31.0,22.93504524230957,4800
2005-05-26,31.0,31.049999237060547,30.700000762939453,31.040000915527344,22.964643478393555,4500
2005-05-27,31.079999923706055,32.54999923706055,31.079999923706055,32.470001220703125,24.02261734008789,7700
2005-05-31,31.989999771118164,32.5,31.989999771118164,32.5,24.044811248779297,4100
2005-06-01,32.5,32.79999923706055,32.459999084472656,32.79999923706055,24.266761779785156,4900
2005-06-02,32.79999923706055,32.97999954223633,32.720001220703125,32.97999954223633,24.399932861328125,9300
2005-06-03,33.0,33.04999923706055,32.959999084472656,33.04999923706055,24.451717376708984,2200
2005-06-06,32.599998474121094,33.29999923706055,32.599998474121094,33.29999923706055,24.63667869567871,6600
2005-06-07,33.29999923706055,34.0,32.61000061035156,32.61000061035156,24.126192092895508,13700
2005-06-08,32.900001525878906,33.25,32.70000076293945,32.959999084472656,24.385135650634766,10900
2005-06-09,33.099998474121094,33.220001220703125,32.7599983215332,33.209999084472656,24.570098876953125,10800
2005-06-10,33.150001525878906,33.25,32.599998474121094,33.16999816894531,24.540504455566406,10500
2005-06-13,33.0,33.18000030517578,32.650001525878906,33.18000030517578,24.54789924621582,5700
2005-06-14,32.61000061035156,33.22999954223633,32.61000061035156,33.22999954223633,24.584896087646484,7800
2005-06-15,32.630001068115234,33.27000045776367,32.5,32.79999923706055,24.266761779785156,22800
2005-06-16,32.5,33.25,32.22999954223633,33.0,24.41472816467285,11300
2005-06-17,33.25,33.25,33.0,33.25,24.599685668945312,5600
2005-06-20,32.40999984741211,33.0,32.40999984741211,32.9900016784668,24.407325744628906,5900
2005-06-21,32.599998474121094,32.61000061035156,32.27000045776367,32.40999984741211,23.978221893310547,9500
2005-06-22,32.45000076293945,32.45000076293945,31.899999618530273,32.04999923706055,23.71187973022461,5600
2005-06-23,32.0,32.0,30.450000762939453,30.719999313354492,22.727890014648438,10800
2005-06-24,30.790000915527344,32.060001373291016,30.149999618530273,30.600000381469727,22.639116287231445,282700
2005-06-27,30.5,30.899999618530273,28.239999771118164,28.670000076293945,21.211219787597656,24100
2005-06-28,28.420000076293945,30.25,28.110000610351562,30.0,22.24953269958496,15000
2005-06-29,29.709999084472656,30.510000228881836,29.489999771118164,30.18000030517578,22.383024215698242,4100
2005-06-30,30.260000228881836,30.540000915527344,29.540000915527344,30.040000915527344,22.279205322265625,4200
2005-07-01,29.520000457763672,31.040000915527344,28.75,31.040000915527344,23.02085304260254,10600
2005-07-05,31.040000915527344,32.150001525878906,30.3799991607666,32.0,23.732833862304688,15300
2005-07-06,32.099998474121094,32.099998474121094,30.81999969482422,31.290000915527344,23.206268310546875,3200
2005-07-07,31.31999969482422,32.0,30.3799991607666,32.0,23.732833862304688,2600
2005-07-08,32.15999984741211,32.15999984741211,31.440000534057617,31.739999771118164,23.540006637573242,6100
2005-07-11,31.43000030517578,32.04999923706055,30.989999771118164,31.079999923706055,23.05051612854004,5600
2005-07-12,31.729999542236328,32.0,31.31999969482422,31.690000534057617,23.502925872802734,7200
2005-07-13,31.6299991607666,31.850000381469727,31.190000534057617,31.6200008392334,23.451005935668945,900
2005-07-14,31.56999969482422,31.84000015258789,30.65999984741211,30.65999984741211,22.739023208618164,8900
2005-07-15,30.299999237060547,30.299999237060547,30.15999984741211,30.270000457763672,22.44977569580078,2600
2005-07-18,30.5,30.5,30.0,30.0,22.24953269958496,4800
2005-07-19,30.360000610351562,30.43000030517578,29.84000015258789,30.200000762939453,22.39786148071289,4600
2005-07-20,29.889999389648438,30.5,29.889999389648438,30.0,22.24953269958496,6500
2005-07-21,29.799999237060547,30.0,28.979999542236328,29.209999084472656,21.663623809814453,7300
2005-07-22,28.969999313354492,29.780000686645508,27.690000534057617,28.260000228881836,20.959054946899414,22800
2005-07-25,27.950000762939453,28.260000228881836,27.829999923706055,27.860000610351562,20.662399291992188,9900
2005-07-26,28.0,28.399999618530273,27.68000030517578,28.399999618530273,21.062896728515625,18700
2005-07-27,28.43000030517578,29.09000015258789,28.43000030517578,29.049999237060547,21.544965744018555,2500
2005-07-28,29.049999237060547,29.639999389648438,28.040000915527344,29.639999389648438,21.9825382232666,4600
2005-07-29,29.489999771118164,29.5,28.31999969482422,28.739999771118164,21.315048217773438,2800
2005-08-01,28.350000381469727,29.75,28.350000381469727,29.34000015258789,21.76004409790039,3400
2005-08-02,29.34000015258789,29.399999618530273,29.049999237060547,29.399999618530273,21.804540634155273,1100
2005-08-03,28.899999618530273,29.760000228881836,28.770000457763672,29.760000228881836,22.071535110473633,1700
2005-08-04,28.979999542236328,28.979999542236328,27.809999465942383,28.290000915527344,20.981307983398438,2800
2005-08-05,27.75,27.75,25.18000030517578,25.420000076293945,18.852767944335938,7000
2005-08-08,25.899999618530273,26.0,25.079999923706055,25.09000015258789,18.6080265045166,4500
2005-08-09,25.0,25.190000534057617,25.0,25.149999618530273,18.65252685546875,1800
2005-08-10,25.56999969482422,26.0,25.56999969482422,26.0,19.282928466796875,3500
2005-08-11,25.610000610351562,25.75,25.520000457763672,25.600000381469727,18.986268997192383,2600
2005-08-12,25.600000381469727,26.0,25.549999237060547,25.559999465942383,18.956600189208984,4900
2005-08-15,25.549999237060547,25.790000915527344,25.510000228881836,25.790000915527344,19.127180099487305,2700
2005-08-16,25.510000228881836,25.700000762939453,25.5,25.600000381469727,18.986268997192383,3900
2005-08-17,25.0,25.899999618530273,25.0,25.010000228881836,18.548688888549805,22400
2005-08-18,24.950000762939453,24.950000762939453,24.0,24.799999237060547,18.3929386138916,10200
2005-08-19,25.040000915527344,25.040000915527344,24.40999984741211,24.600000381469727,18.24461555480957,14400
2005-08-22,24.989999771118164,25.219999313354492,24.780000686645508,24.940000534057617,18.496782302856445,5500
2005-08-23,24.719999313354492,24.719999313354492,24.520000457763672,24.540000915527344,18.20012092590332,3400
2005-08-24,24.8700008392334,24.899999618530273,24.639999389648438,24.639999389648438,18.27427864074707,1200
2005-08-25,25.1200008392334,25.200000762939453,24.770000457763672,24.770000457763672,18.370698928833008,500
2005-08-26,25.229999542236328,25.229999542236328,24.25,24.440000534057617,18.125953674316406,2600
2005-08-29,25.0,25.0,24.40999984741211,24.40999984741211,18.103700637817383,400
2005-08-30,24.40999984741211,24.940000534057617,24.399999618530273,24.940000534057617,18.496782302856445,2700
2005-08-31,25.1299991607666,26.25,25.1299991607666,25.579999923706055,18.971435546875,4000
2005-09-01,25.3700008392334,27.809999465942383,25.3700008392334,27.280000686645508,20.232242584228516,6300
2005-09-02,27.309999465942383,27.850000381469727,27.309999465942383,27.56999969482422,20.447322845458984,1800
2005-09-06,27.049999237060547,27.90999984741211,26.049999237060547,27.90999984741211,20.69948387145996,3100
2005-09-07,27.549999237060547,28.229999542236328,27.549999237060547,28.110000610351562,20.847814559936523,5700
2005-09-08,27.709999084472656,27.75,27.559999465942383,27.600000381469727,20.469572067260742,600
2005-09-09,27.649999618530273,27.899999618530273,27.649999618530273,27.899999618530273,20.69206428527832,1800
2005-09-12,27.93000030517578,28.940000534057617,27.760000228881836,28.940000534057617,21.46338653564453,2900
2005-09-13,28.68000030517578,28.850000381469727,28.68000030517578,28.850000381469727,21.396635055541992,800
2005-09-14,29.0,29.0,27.989999771118164,28.200000762939453,20.914560317993164,1500
2005-09-15,28.200000762939453,28.200000762939453,27.010000228881836,27.34000015258789,20.276737213134766,1700
2005-09-16,27.610000610351562,28.239999771118164,27.0,27.770000457763672,20.59565544128418,24200
2005-09-19,28.350000381469727,28.350000381469727,26.969999313354492,27.059999465942383,20.069082260131836,2300
2005-09-20,27.700000762939453,27.700000762939453,26.440000534057617,27.190000534057617,20.16549301147461,2500
2005-09-21,26.43000030517578,26.43000030517578,25.90999984741211,25.90999984741211,19.2161808013916,2800
2005-09-22,25.559999465942383,26.639999389648438,25.40999984741211,25.639999389648438,19.015933990478516,2400
2005-09-23,25.3700008392334,25.65999984741211,25.3700008392334,25.3700008392334,18.815690994262695,400
2005-09-26,25.950000762939453,29.450000762939453,25.5,29.450000762939453,21.841625213623047,2800
2005-09-27,29.450000762939453,29.549999237060547,28.5,28.5,21.137056350708008,1300
2005-09-28,28.5,28.600000381469727,27.020000457763672,27.5,20.447059631347656,2700
2005-09-29,27.0,27.780000686645508,27.0,27.780000686645508,20.655244827270508,1100
2005-09-30,27.75,27.75,27.0,27.059999465942383,20.119909286499023,2200
2005-10-03,27.020000457763672,27.020000457763672,26.450000762939453,26.450000762939453,19.666364669799805,1900
2005-10-04,26.729999542236328,26.729999542236328,26.0,26.559999465942383,19.748140335083008,4900
2005-10-05,25.850000381469727,25.850000381469727,24.65999984741211,24.739999771118164,18.394922256469727,8200
2005-10-06,24.75,25.079999923706055,23.8799991607666,23.979999542236328,17.829837799072266,4100
2005-10-07,24.25,24.25,23.989999771118164,23.989999771118164,17.8372745513916,1500
2005-10-10,23.549999237060547,23.600000381469727,23.329999923706055,23.34000015258789,17.35397720336914,1000
2005-10-11,23.450000762939453,23.450000762939453,22.950000762939453,22.950000762939453,17.064001083374023,3200
2005-10-12,22.489999771118164,22.93000030517578,22.280000686645508,22.469999313354492,16.70710563659668,1800
2005-10-13,22.010000228881836,22.600000381469727,22.0,22.260000228881836,16.550962448120117,1800
2005-10-14,22.59000015258789,22.940000534057617,22.260000228881836,22.940000534057617,17.056570053100586,600
2005-10-17,23.209999084472656,23.229999542236328,22.15999984741211,23.229999542236328,17.27219009399414,5700
2005-10-18,23.8799991607666,23.8799991607666,22.200000762939453,22.25,16.54353141784668,2400
2005-10-19,22.149999618530273,25.149999618530273,22.100000381469727,25.149999618530273,18.699766159057617,6900
2005-10-20,25.25,25.610000610351562,24.479999542236328,24.979999542236328,18.573366165161133,9100
2005-10-21,24.6200008392334,25.190000534057617,24.280000686645508,24.309999465942383,18.075199127197266,2400
2005-10-24,25.059999465942383,25.56999969482422,24.780000686645508,25.360000610351562,18.855911254882812,2700
2005-10-25,24.989999771118164,25.469999313354492,24.510000228881836,25.030000686645508,18.610544204711914,1600
2005-10-26,25.020000457763672,25.020000457763672,24.950000762939453,24.950000762939453,18.551061630249023,400
2005-10-27,23.829999923706055,23.829999923706055,23.780000686645508,23.780000686645508,17.681133270263672,600
2005-10-28,23.75,23.75,22.100000381469727,22.34000015258789,16.61045265197754,7300
2005-10-31,22.549999237060547,24.979999542236328,22.479999542236328,24.979999542236328,18.573366165161133,6300
2005-11-01,24.719999313354492,25.010000228881836,24.239999771118164,25.010000228881836,18.595670700073242,2800
2005-11-02,24.149999618530273,25.0,24.149999618530273,25.0,18.58823585510254,1000
2005-11-03,25.030000686645508,25.030000686645508,25.0,25.0,18.58823585510254,1700
2005-11-04,24.079999923706055,25.0,24.079999923706055,24.280000686645508,18.052900314331055,800
2005-11-07,24.25,24.75,24.25,24.25,18.03058624267578,1900
2005-11-08,23.950000762939453,24.0,23.329999923706055,24.0,17.844707489013672,1300
2005-11-09,23.1200008392334,24.639999389648438,23.1200008392334,23.81999969482422,17.710866928100586,1800
2005-11-10,24.649999618530273,25.0,24.5,24.989999771118164,18.580806732177734,1500
2005-11-11,24.979999542236328,25.100000381469727,24.389999389648438,25.010000228881836,18.595670700073242,3200
2005-11-14,25.0,25.0,24.790000915527344,25.0,18.58823585510254,4400
2005-11-15,25.0,25.280000686645508,24.149999618530273,25.280000686645508,18.796422958374023,2600
2005-11-16,25.540000915527344,25.540000915527344,24.40999984741211,24.420000076293945,18.1569881439209,2100
2005-11-17,24.270000457763672,25.079999923706055,24.270000457763672,25.079999923706055,18.647724151611328,2100
2005-11-18,25.75,25.75,25.0,25.0,18.58823585510254,1200
2005-11-21,24.5,25.399999618530273,24.5,25.399999618530273,18.88564682006836,900
2005-11-22,25.0,25.5,25.0,25.5,18.96000099182129,1000
2005-11-23,25.5,25.5,25.5,25.5,18.96000099182129,1400
2005-11-25,25.5,25.5,25.5,25.5,18.96000099182129,0
2005-11-28,25.030000686645508,25.18000030517578,25.030000686645508,25.18000030517578,18.722070693969727,3100
2005-11-29,25.610000610351562,25.610000610351562,25.25,25.59000015258789,19.026926040649414,1000
2005-11-30,25.5,25.600000381469727,25.5,25.600000381469727,19.03435707092285,1800
2005-12-01,25.850000381469727,26.739999771118164,25.700000762939453,26.059999465942383,19.376380920410156,1500
2005-12-02,25.90999984741211,25.90999984741211,25.8700008392334,25.8799991607666,19.242542266845703,700
2005-12-05,26.0,26.209999084472656,26.0,26.209999084472656,19.48790740966797,2100
2005-12-06,26.25,26.389999389648438,26.25,26.25,19.517648696899414,4000
2005-12-07,26.399999618530273,26.399999618530273,26.0,26.0,19.331768035888672,5800
2005-12-08,26.0,26.0,26.0,26.0,19.331768035888672,5900
2005-12-09,26.0,26.0,26.0,26.0,19.331768035888672,0
2005-12-12,26.270000457763672,26.399999618530273,26.270000457763672,26.399999618530273,19.62917709350586,2200
2005-12-13,26.399999618530273,26.399999618530273,26.389999389648438,26.399999618530273,19.62917709350586,1000
2005-12-14,26.399999618530273,26.899999618530273,26.399999618530273,26.43000030517578,19.651491165161133,6300
2005-12-15,26.0,26.93000030517578,26.0,26.93000030517578,20.02324867248535,4900
2005-12-16,26.950000762939453,26.950000762939453,26.020000457763672,26.760000228881836,19.8968505859375,30700
2005-12-19,26.149999618530273,26.40999984741211,25.739999771118164,25.860000610351562,19.22767448425293,8100
2005-12-20,26.3799991607666,26.3799991607666,25.860000610351562,26.09000015258789,19.398683547973633,1700
2005-12-21,25.860000610351562,25.860000610351562,25.860000610351562,25.860000610351562,19.22767448425293,200
2005-12-22,25.860000610351562,26.3799991607666,25.860000610351562,26.3799991607666,19.614303588867188,600
2005-12-23,26.3799991607666,26.739999771118164,26.3799991607666,26.739999771118164,19.881980895996094,200
2005-12-27,26.25,26.25,26.209999084472656,26.209999084472656,19.48790740966797,400
2005-12-28,25.8799991607666,25.8799991607666,25.8799991607666,25.8799991607666,19.29776954650879,100
2005-12-29,25.860000610351562,26.0,25.440000534057617,25.520000457763672,19.029325485229492,5800
2005-12-30,25.440000534057617,25.440000534057617,24.610000610351562,24.979999542236328,18.626663208007812,4800
2006-01-03,25.0,25.0,24.639999389648438,24.700000762939453,18.417879104614258,3200
2006-01-04,24.700000762939453,24.700000762939453,24.700000762939453,24.700000762939453,18.417879104614258,0
2006-01-05,24.729999542236328,24.729999542236328,24.440000534057617,24.729999542236328,18.440250396728516,2000
2006-01-06,24.709999084472656,25.0,24.200000762939453,24.700000762939453,18.417879104614258,16500
2006-01-09,24.709999084472656,24.709999084472656,24.270000457763672,24.270000457763672,18.097248077392578,200
2006-01-10,24.139999389648438,24.6200008392334,24.139999389648438,24.6200008392334,18.35822868347168,3700
2006-01-11,24.43000030517578,24.43000030517578,23.690000534057617,23.690000534057617,17.664764404296875,4100
2006-01-12,23.75,23.809999465942383,23.18000030517578,23.18000030517578,17.28447151184082,4200
2006-01-13,23.5,23.899999618530273,23.5,23.899999618530273,17.821353912353516,4600
2006-01-17,23.969999313354492,24.100000381469727,23.969999313354492,24.100000381469727,17.970476150512695,1000
2006-01-18,24.100000381469727,24.389999389648438,23.850000381469727,24.31999969482422,18.134532928466797,1700
2006-01-19,24.649999618530273,25.0,24.649999618530273,25.0,18.641578674316406,400
2006-01-20,25.0,25.0,24.809999465942383,24.959999084472656,18.61175537109375,5700
2006-01-23,25.0,25.0,24.299999237060547,24.309999465942383,18.127071380615234,6100
2006-01-24,24.81999969482422,25.299999237060547,24.360000610351562,25.299999237060547,18.865276336669922,1100
2006-01-25,25.649999618530273,26.049999237060547,25.649999618530273,26.049999237060547,19.424522399902344,1100
2006-01-26,26.989999771118164,27.549999237060547,26.989999771118164,27.549999237060547,20.54302215576172,1900
2006-01-27,27.260000228881836,27.260000228881836,26.479999542236328,26.579999923706055,19.819726943969727,8100
2006-01-30,26.200000762939453,26.389999389648438,25.06999969482422,25.489999771118164,19.0069522857666,2900
2006-01-31,25.360000610351562,25.459999084472656,24.100000381469727,24.100000381469727,17.970476150512695,1800
2006-02-01,24.3799991607666,27.5,24.010000228881836,26.209999084472656,19.543834686279297,1000
2006-02-02,26.219999313354492,26.219999313354492,24.170000076293945,24.639999389648438,18.373144149780273,2500
2006-02-03,24.540000915527344,24.68000030517578,24.170000076293945,24.56999969482422,18.320947647094727,1900
2006-02-06,24.610000610351562,24.610000610351562,24.049999237060547,24.049999237060547,17.933202743530273,700
2006-02-07,23.510000228881836,23.510000228881836,23.020000457763672,23.020000457763672,17.165170669555664,200
2006-02-08,23.0,23.610000610351562,23.0,23.610000610351562,17.60511016845703,1500
2006-02-09,23.989999771118164,24.049999237060547,23.56999969482422,23.56999969482422,17.575288772583008,1500
2006-02-10,23.549999237060547,23.84000015258789,23.549999237060547,23.75,17.70949935913086,900
2006-02-13,24.299999237060547,25.15999984741211,23.719999313354492,23.719999313354492,17.6871280670166,5600
2006-02-14,24.030000686645508,25.149999618530273,24.030000686645508,24.3700008392334,18.17181396484375,3100
2006-02-15,24.399999618530273,24.889999389648438,24.399999618530273,24.889999389648438,18.559553146362305,1600
2006-02-16,25.600000381469727,25.600000381469727,25.100000381469727,25.110000610351562,18.723602294921875,1700
2006-02-17,25.700000762939453,25.75,25.100000381469727,25.100000381469727,18.716140747070312,3500
2006-02-21,24.850000381469727,24.950000762939453,24.399999618530273,24.950000762939453,18.604293823242188,7700
2006-02-22,25.709999084472656,25.829999923706055,24.329999923706055,25.530000686645508,19.036781311035156,1800
2006-02-23,25.799999237060547,25.799999237060547,24.920000076293945,24.959999084472656,18.61175537109375,1100
2006-02-24,24.649999618530273,24.90999984741211,24.649999618530273,24.899999618530273,18.5670166015625,600
2006-02-27,24.940000534057617,25.649999618530273,24.65999984741211,25.0,18.641578674316406,1200
2006-02-28,25.0,25.0,24.5,24.5,18.26875114440918,1600
2006-03-01,24.25,25.600000381469727,24.25,25.600000381469727,19.0889835357666,900
2006-03-02,25.3700008392334,25.399999618530273,24.25,24.969999313354492,18.61921501159668,3200
2006-03-03,24.670000076293945,25.600000381469727,24.329999923706055,24.329999923706055,18.14198875427246,2800
2006-03-06,24.329999923706055,24.43000030517578,24.25,24.34000015258789,18.149438858032227,7100
2006-03-07,24.43000030517578,25.479999542236328,23.8799991607666,23.8799991607666,17.806434631347656,5300
2006-03-08,23.100000381469727,23.100000381469727,22.75,23.049999237060547,17.187536239624023,1900
2006-03-09,22.899999618530273,23.040000915527344,22.729999542236328,22.729999542236328,16.948923110961914,5300
2006-03-10,22.459999084472656,22.540000915527344,22.149999618530273,22.149999618530273,16.51643943786621,1800
2006-03-13,22.770000457763672,23.31999969482422,22.549999237060547,22.899999618530273,17.075687408447266,2700
2006-03-14,22.90999984741211,22.90999984741211,22.049999237060547,22.290000915527344,16.620834350585938,3600
2006-03-15,22.489999771118164,22.489999771118164,21.899999618530273,22.260000228881836,16.59846305847168,5900
2006-03-16,22.260000228881836,23.1299991607666,22.260000228881836,23.0,17.150253295898438,2800
2006-03-17,23.229999542236328,23.229999542236328,22.530000686645508,22.540000915527344,16.807249069213867,36800
2006-03-20,22.350000381469727,22.350000381469727,21.540000915527344,22.1299991607666,16.50152587890625,7800
2006-03-21,21.520000457763672,22.719999313354492,21.459999084472656,21.520000457763672,16.046667098999023,7600
2006-03-22,21.649999618530273,21.649999618530273,21.049999237060547,21.049999237060547,15.69621467590332,4600
2006-03-23,22.969999313354492,22.969999313354492,21.530000686645508,22.010000228881836,16.412044525146484,5500
2006-03-24,22.020000457763672,22.260000228881836,21.950000762939453,22.209999084472656,16.561180114746094,1900
2006-03-27,22.190000534057617,22.299999237060547,22.030000686645508,22.139999389648438,16.50898551940918,4700
2006-03-28,22.270000457763672,22.270000457763672,22.049999237060547,22.15999984741211,16.523900985717773,5000
2006-03-29,22.049999237060547,23.489999771118164,22.049999237060547,23.489999771118164,17.577495574951172,4100
2006-03-30,22.3700008392334,22.530000686645508,22.0,22.530000686645508,16.859130859375,3600
2006-03-31,22.229999542236328,22.450000762939453,22.040000915527344,22.040000915527344,16.492462158203125,2000
2006-04-03,22.360000610351562,22.6299991607666,21.5,21.8799991607666,16.372739791870117,8100
2006-04-04,21.75,21.959999084472656,21.549999237060547,21.559999465942383,16.133283615112305,4100
2006-04-05,21.549999237060547,21.760000228881836,21.549999237060547,21.760000228881836,16.282943725585938,3300
2006-04-06,21.829999923706055,21.829999923706055,21.5,21.510000228881836,16.095874786376953,4500
2006-04-07,21.549999237060547,21.549999237060547,21.110000610351562,21.190000534057617,15.856416702270508,5600
2006-04-10,21.110000610351562,21.350000381469727,21.0,21.059999465942383,15.759136199951172,11100
2006-04-11,21.010000228881836,21.239999771118164,20.739999771118164,20.760000228881836,15.534647941589355,6900
2006-04-12,21.010000228881836,21.200000762939453,20.739999771118164,20.739999771118164,15.51967716217041,2700
2006-04-13,20.739999771118164,20.860000610351562,20.5,20.860000610351562,15.609478950500488,3700
2006-04-17,21.059999465942383,21.059999465942383,20.540000915527344,20.780000686645508,15.549614906311035,7100
2006-04-18,21.010000228881836,21.010000228881836,20.5,20.809999465942383,15.57205581665039,3400
2006-04-19,20.549999237060547,20.6299991607666,20.389999389648438,20.579999923706055,15.399961471557617,2500
2006-04-20,20.56999969482422,20.56999969482422,20.25,20.3799991607666,15.250293731689453,8400
2006-04-21,20.979999542236328,20.989999771118164,19.860000610351562,19.989999771118164,14.95846176147461,8700
2006-04-24,19.989999771118164,20.1299991607666,19.25,19.25,14.4047212600708,3800
2006-04-25,19.5,19.5,18.5,18.520000457763672,13.8584623336792,7400
2006-04-26,18.350000381469727,18.5,18.350000381469727,18.420000076293945,13.78363037109375,4600
2006-04-27,18.350000381469727,18.75,18.350000381469727,18.5,13.84349536895752,6000
2006-04-28,18.579999923706055,18.75,18.5,18.700000762939453,13.993155479431152,3700
2006-05-01,18.510000228881836,18.510000228881836,18.010000228881836,18.040000915527344,13.499284744262695,6100
2006-05-02,17.989999771118164,18.06999969482422,17.510000228881836,17.600000381469727,13.170028686523438,6800
2006-05-03,17.600000381469727,18.65999984741211,17.510000228881836,18.5,13.84349536895752,19900
2006-05-04,18.75,18.850000381469727,18.5,18.799999237060547,14.06799030303955,3600
2006-05-05,18.850000381469727,18.850000381469727,18.709999084472656,18.709999084472656,14.00063419342041,500
2006-05-08,18.700000762939453,19.25,18.68000030517578,19.049999237060547,14.255059242248535,5000
2006-05-09,19.18000030517578,19.18000030517578,18.299999237060547,18.739999771118164,14.023088455200195,5200
2006-05-10,18.829999923706055,18.829999923706055,18.360000610351562,18.399999618530273,13.76866626739502,1100
2006-05-11,18.350000381469727,18.350000381469727,17.510000228881836,17.520000457763672,13.110162734985352,6000
2006-05-12,17.540000915527344,17.93000030517578,17.100000381469727,17.190000534057617,12.8632230758667,10200
2006-05-15,17.25,17.959999084472656,17.25,17.700000762939453,13.244855880737305,2800
2006-05-16,17.81999969482422,18.06999969482422,17.81999969482422,18.06999969482422,13.52172565460205,1900
2006-05-17,17.860000610351562,17.899999618530273,17.149999618530273,17.850000381469727,13.357101440429688,6300
2006-05-18,18.0,18.399999618530273,17.200000762939453,17.399999618530273,13.020365715026855,8700
2006-05-19,17.290000915527344,17.950000762939453,17.25,17.799999237060547,13.319687843322754,2600
2006-05-22,17.399999618530273,18.889999389648438,17.350000381469727,18.739999771118164,14.023088455200195,5200
2006-05-23,18.780000686645508,19.0,18.510000228881836,18.510000228881836,13.850975036621094,11300
2006-05-24,18.549999237060547,18.770000457763672,18.06999969482422,18.75,14.030570030212402,2500
2006-05-25,18.469999313354492,18.889999389648438,18.420000076293945,18.799999237060547,14.06799030303955,5600
2006-05-26,18.899999618530273,18.899999618530273,18.049999237060547,18.280000686645508,13.678874015808105,6400
2006-05-30,18.299999237060547,18.3799991607666,17.5,17.5,13.09520149230957,7800
2006-05-31,17.56999969482422,18.1200008392334,17.56999969482422,17.979999542236328,13.454384803771973,6900
2006-06-01,18.139999389648438,18.489999771118164,18.0,18.18000030517578,13.604039192199707,6600
2006-06-02,18.979999542236328,18.979999542236328,18.43000030517578,18.770000457763672,14.045537948608398,4000
2006-06-05,18.780000686645508,18.790000915527344,17.229999542236328,17.270000457763672,12.923091888427734,15900
2006-06-06,17.5,18.25,17.299999237060547,18.06999969482422,13.52172565460205,11700
2006-06-07,18.239999771118164,18.25,17.600000381469727,18.1299991607666,13.566621780395508,7600
2006-06-08,18.0,18.139999389648438,17.549999237060547,18.139999389648438,13.574108123779297,4000
2006-06-09,18.010000228881836,18.420000076293945,18.010000228881836,18.06999969482422,13.52172565460205,4500
2006-06-12,17.780000686645508,18.15999984741211,17.709999084472656,17.84000015258789,13.349621772766113,11900
2006-06-13,17.950000762939453,18.350000381469727,17.899999618530273,18.25,13.656423568725586,6000
2006-06-14,18.030000686645508,18.489999771118164,17.75,18.489999771118164,13.836012840270996,17200
2006-06-15,18.5,18.5,18.040000915527344,18.459999084472656,13.813565254211426,7900
2006-06-16,18.469999313354492,18.829999923706055,18.0,18.440000534057617,13.798595428466797,65400
2006-06-19,18.420000076293945,18.420000076293945,18.100000381469727,18.290000915527344,13.68635368347168,20500
2006-06-20,18.3700008392334,18.420000076293945,18.0,18.290000915527344,13.68635368347168,19200
2006-06-21,18.389999389648438,18.81999969482422,18.020000457763672,18.270000457763672,13.671385765075684,10800
2006-06-22,18.079999923706055,18.610000610351562,18.010000228881836,18.5,13.84349536895752,5600
2006-06-23,18.329999923706055,18.75,18.25,18.299999237060547,13.693832397460938,4300
2006-06-26,18.559999465942383,19.950000762939453,18.25,19.799999237060547,14.816286087036133,8100
2006-06-27,19.950000762939453,19.989999771118164,19.290000915527344,19.59000015258789,14.659137725830078,5400
2006-06-28,19.450000762939453,19.450000762939453,18.899999618530273,19.350000381469727,14.538919448852539,5100
2006-06-29,19.670000076293945,20.3700008392334,18.760000228881836,20.3700008392334,15.305314064025879,14700
2006-06-30,20.739999771118164,22.34000015258789,19.969999313354492,22.34000015258789,16.785507202148438,618500
2006-07-03,21.280000686645508,22.06999969482422,21.280000686645508,21.81999969482422,16.394800186157227,5200
2006-07-05,21.510000228881836,21.559999465942383,21.040000915527344,21.139999389648438,15.883866310119629,17900
2006-07-06,21.540000915527344,21.549999237060547,20.600000381469727,20.979999542236328,15.763642311096191,13700
2006-07-07,20.25,20.8799991607666,20.25,20.610000610351562,15.485647201538086,3000
2006-07-10,20.5,21.190000534057617,20.5,20.670000076293945,15.530725479125977,8400
2006-07-11,20.579999923706055,20.579999923706055,19.3799991607666,20.350000381469727,15.290285110473633,3100
2006-07-12,20.420000076293945,20.479999542236328,19.65999984741211,19.809999465942383,14.884550094604492,1500
2006-07-13,19.6200008392334,19.6200008392334,19.510000228881836,19.510000228881836,14.659137725830078,300
2006-07-14,19.899999618530273,19.899999618530273,19.899999618530273,19.899999618530273,14.952174186706543,200
2006-07-17,19.5,19.799999237060547,19.5,19.510000228881836,14.659137725830078,500
2006-07-18,19.139999389648438,19.149999618530273,19.040000915527344,19.049999237060547,14.313508987426758,1700
2006-07-19,19.15999984741211,19.530000686645508,19.15999984741211,19.440000534057617,14.606549263000488,1900
2006-07-20,19.5,19.610000610351562,19.5,19.610000610351562,14.734275817871094,300
2006-07-21,19.75,21.0,19.75,20.950000762939453,15.741110801696777,14200
2006-07-24,20.899999618530273,21.329999923706055,20.40999984741211,21.329999923706055,16.026622772216797,8600
2006-07-25,21.5,21.5,21.3799991607666,21.3799991607666,16.06419563293457,1600
2006-07-26,21.280000686645508,21.389999389648438,20.399999618530273,21.170000076293945,15.906405448913574,4500
2006-07-27,21.209999084472656,21.260000228881836,21.030000686645508,21.100000381469727,15.853808403015137,2300
2006-07-28,20.549999237060547,21.229999542236328,20.3799991607666,21.229999542236328,15.951491355895996,1400
2006-07-31,20.639999389648438,20.639999389648438,20.450000762939453,20.450000762939453,15.365419387817383,500
2006-08-01,20.3700008392334,20.3700008392334,19.809999465942383,20.219999313354492,15.192612648010254,4200
2006-08-02,19.799999237060547,21.09000015258789,19.799999237060547,21.09000015258789,15.846297264099121,1900
2006-08-03,20.59000015258789,20.59000015258789,20.59000015258789,20.59000015258789,15.47061538696289,200
2006-08-04,19.81999969482422,19.81999969482422,19.81999969482422,19.81999969482422,14.89206600189209,500
2006-08-07,19.809999465942383,20.0,19.809999465942383,20.0,15.02730941772461,600
2006-08-08,20.0,20.0,19.850000381469727,20.0,15.02730941772461,1100
2006-08-09,20.719999313354492,20.799999237060547,20.030000686645508,20.799999237060547,15.628401756286621,2100
2006-08-10,20.799999237060547,20.799999237060547,20.049999237060547,20.049999237060547,15.0648775100708,300
2006-08-11,20.1299991607666,20.670000076293945,20.049999237060547,20.670000076293945,15.530725479125977,5400
2006-08-14,20.850000381469727,21.1200008392334,20.520000457763672,20.780000686645508,15.613377571105957,700
2006-08-15,20.5,20.5,20.059999465942383,20.5,15.402996063232422,2100
2006-08-16,20.059999465942383,20.100000381469727,20.059999465942383,20.100000381469727,15.102448463439941,300
2006-08-17,20.059999465942383,20.059999465942383,19.850000381469727,20.040000915527344,15.057361602783203,1600
2006-08-18,20.040000915527344,20.040000915527344,20.040000915527344,20.040000915527344,15.057361602783203,0
2006-08-21,20.850000381469727,20.850000381469727,20.260000228881836,20.280000686645508,15.237690925598145,1900
2006-08-22,19.75,20.1200008392334,19.75,20.1200008392334,15.117473602294922,900
2006-08-23,19.809999465942383,20.0,19.700000762939453,20.0,15.02730941772461,1700
2006-08-24,20.0,20.0,20.0,20.0,15.02730941772461,0
2006-08-25,20.0,20.219999313354492,20.0,20.219999313354492,15.192612648010254,1300
2006-08-28,20.25,20.25,20.25,20.25,15.21514892578125,800
2006-08-29,20.0,20.0,19.850000381469727,19.899999618530273,14.952174186706543,11600
2006-08-30,19.899999618530273,19.899999618530273,19.899999618530273,19.899999618530273,14.952174186706543,0
2006-08-31,19.850000381469727,19.989999771118164,19.850000381469727,19.989999771118164,15.019795417785645,2500
2006-09-01,20.18000030517578,20.3799991607666,20.09000015258789,20.3799991607666,15.312825202941895,300
2006-09-05,20.790000915527344,20.790000915527344,20.280000686645508,20.280000686645508,15.237690925598145,400
2006-09-06,20.280000686645508,20.280000686645508,20.280000686645508,20.280000686645508,15.237690925598145,100
2006-09-07,20.100000381469727,20.25,20.100000381469727,20.25,15.21514892578125,600
2006-09-08,20.25,20.25,20.25,20.25,15.21514892578125,0
2006-09-11,20.25,20.25,20.25,20.25,15.21514892578125,0
2006-09-12,20.170000076293945,20.170000076293945,20.100000381469727,20.100000381469727,15.102448463439941,1000
2006-09-13,20.3799991607666,20.3799991607666,20.3799991607666,20.3799991607666,15.312825202941895,100
2006-09-14,20.3799991607666,20.3799991607666,20.3799991607666,20.3799991607666,15.312825202941895,0
2006-09-15,20.3799991607666,20.3799991607666,20.3799991607666,20.3799991607666,15.312825202941895,0
2006-09-18,20.09000015258789,20.149999618530273,20.09000015258789,20.100000381469727,15.102448463439941,900
2006-09-19,20.09000015258789,20.09000015258789,20.09000015258789,20.09000015258789,15.094931602478027,400
2006-09-20,20.09000015258789,20.43000030517578,20.09000015258789,20.43000030517578,15.35039234161377,1100
2006-09-21,21.190000534057617,21.239999771118164,20.799999237060547,20.799999237060547,15.628401756286621,900
2006-09-22,21.030000686645508,21.479999542236328,21.020000457763672,21.479999542236328,16.139331817626953,400
2006-09-25,20.969999313354492,20.969999313354492,20.549999237060547,20.549999237060547,15.440563201904297,400
2006-09-26,20.559999465942383,20.559999465942383,20.559999465942383,20.559999465942383,15.44807243347168,100
2006-09-27,20.020000457763672,20.049999237060547,20.0,20.0,15.088217735290527,2000
2006-09-28,20.0,20.479999542236328,20.0,20.479999542236328,15.450337409973145,1000
2006-09-29,21.0,21.059999465942383,20.899999618530273,20.899999618530273,15.76718807220459,800
2006-10-02,20.899999618530273,20.899999618530273,20.899999618530273,20.899999618530273,15.76718807220459,0
2006-10-03,20.420000076293945,20.420000076293945,20.329999923706055,20.360000610351562,15.359807968139648,800
2006-10-04,20.360000610351562,20.360000610351562,20.360000610351562,20.360000610351562,15.359807968139648,0
2006-10-05,20.0,20.0,20.0,20.0,15.088217735290527,200
2006-10-06,20.389999389648438,20.389999389648438,19.700000762939453,20.100000381469727,15.163664817810059,1900
2006-10-09,19.829999923706055,19.829999923706055,19.829999923706055,19.829999923706055,14.95997142791748,500
2006-10-10,20.399999618530273,20.399999618530273,19.760000228881836,19.760000228881836,14.907164573669434,1200
2006-10-11,19.719999313354492,19.719999313354492,19.25,19.25,14.52241325378418,6200
2006-10-12,19.260000228881836,19.260000228881836,19.010000228881836,19.010000228881836,14.341350555419922,3300
2006-10-13,19.690000534057617,20.450000762939453,19.010000228881836,20.450000762939453,15.427712440490723,3000
2006-10-16,20.5,20.520000457763672,20.389999389648438,20.399999618530273,15.389981269836426,1500
2006-10-17,20.06999969482422,20.06999969482422,20.06999969482422,20.06999969482422,15.141032218933105,200
2006-10-18,19.969999313354492,19.969999313354492,19.200000762939453,19.579999923706055,14.771369934082031,1000
2006-10-19,19.579999923706055,19.579999923706055,19.579999923706055,19.579999923706055,14.771369934082031,0
2006-10-20,19.920000076293945,19.920000076293945,19.920000076293945,19.920000076293945,15.027860641479492,200
2006-10-23,19.510000228881836,19.809999465942383,18.84000015258789,18.8799991607666,14.243278503417969,14700
2006-10-24,18.770000457763672,18.829999923706055,18.770000457763672,18.829999923706055,14.205556869506836,400
2006-10-25,18.829999923706055,18.829999923706055,18.829999923706055,18.829999923706055,14.205556869506836,0
2006-10-26,18.75,18.770000457763672,18.739999771118164,18.739999771118164,14.137661933898926,1800
2006-10-27,18.799999237060547,18.799999237060547,18.799999237060547,18.799999237060547,14.182927131652832,100
2006-10-30,18.989999771118164,19.280000686645508,18.989999771118164,19.1200008392334,14.424339294433594,1700
2006-10-31,18.90999984741211,18.90999984741211,18.90999984741211,18.90999984741211,14.265907287597656,200
2006-11-01,19.049999237060547,19.280000686645508,19.049999237060547,19.280000686645508,14.545042037963867,200
2006-11-02,19.329999923706055,19.329999923706055,19.15999984741211,19.15999984741211,14.454510688781738,500
2006-11-03,19.15999984741211,19.15999984741211,19.15999984741211,19.15999984741211,14.454510688781738,0
2006-11-06,19.15999984741211,19.15999984741211,19.15999984741211,19.15999984741211,14.454510688781738,0
2006-11-07,18.75,19.049999237060547,18.75,18.950000762939453,14.296089172363281,1400
2006-11-08,18.989999771118164,18.989999771118164,18.850000381469727,18.899999618530273,14.258366584777832,3700
2006-11-09,18.899999618530273,18.899999618530273,18.899999618530273,18.899999618530273,14.258366584777832,0
2006-11-10,19.200000762939453,19.200000762939453,18.969999313354492,18.969999313354492,14.311177253723145,300
2006-11-13,18.969999313354492,18.969999313354492,18.969999313354492,18.969999313354492,14.311177253723145,0
2006-11-14,18.989999771118164,19.40999984741211,18.959999084472656,18.969999313354492,14.311177253723145,10300
2006-11-15,18.969999313354492,18.969999313354492,18.969999313354492,18.969999313354492,14.311177253723145,0
2006-11-16,18.899999618530273,18.940000534057617,18.399999618530273,18.700000762939453,14.107483863830566,4000
2006-11-17,18.700000762939453,18.700000762939453,18.700000762939453,18.700000762939453,14.107483863830566,0
2006-11-20,19.0,19.200000762939453,19.0,19.0,14.333810806274414,800
2006-11-21,19.049999237060547,19.049999237060547,18.989999771118164,18.989999771118164,14.326263427734375,500
2006-11-22,19.290000915527344,19.450000762939453,19.100000381469727,19.25,14.52241325378418,1900
2006-11-24,19.25,19.25,19.25,19.25,14.52241325378418,0
2006-11-27,18.760000228881836,18.760000228881836,18.760000228881836,18.760000228881836,14.152751922607422,800
2006-11-28,18.75,18.75,18.200000762939453,18.200000762939453,13.7302827835083,5800
2006-11-29,18.280000686645508,18.43000030517578,18.280000686645508,18.350000381469727,13.843435287475586,500
2006-11-30,18.3700008392334,18.399999618530273,18.3700008392334,18.399999618530273,13.881157875061035,200
2006-12-01,18.399999618530273,18.399999618530273,18.399999618530273,18.399999618530273,13.881157875061035,0
2006-12-04,18.399999618530273,18.399999618530273,18.149999618530273,18.15999984741211,13.700106620788574,2700
2006-12-05,18.15999984741211,18.200000762939453,18.049999237060547,18.049999237060547,13.61711597442627,3500
2006-12-06,18.200000762939453,19.049999237060547,18.200000762939453,18.84000015258789,14.21310043334961,5200
2006-12-07,18.5,18.579999923706055,18.149999618530273,18.200000762939453,13.7302827835083,1500
2006-12-08,18.0,18.0,17.6200008392334,17.770000457763672,13.405879974365234,2300
2006-12-11,17.579999923706055,17.739999771118164,17.520000457763672,17.739999771118164,13.383246421813965,1800
2006-12-12,18.399999618530273,18.399999618530273,18.229999542236328,18.329999923706055,13.828349113464355,500
2006-12-13,17.75,17.850000381469727,17.75,17.850000381469727,13.466235160827637,1100
2006-12-14,17.649999618530273,17.780000686645508,17.469999313354492,17.5,13.20219612121582,4900
2006-12-15,17.81999969482422,17.850000381469727,17.559999465942383,17.850000381469727,13.466235160827637,1700
2006-12-18,17.850000381469727,17.850000381469727,17.5,17.709999084472656,13.360616683959961,3100
2006-12-19,17.860000610351562,17.950000762939453,17.649999618530273,17.649999618530273,13.315353393554688,4000
2006-12-20,17.75,17.899999618530273,17.56999969482422,17.56999969482422,13.25500202178955,2200
2006-12-21,17.75,17.75,17.25,17.25,13.013588905334473,13800
2006-12-22,17.459999084472656,17.84000015258789,17.459999084472656,17.75,13.390792846679688,2200
2006-12-26,17.549999237060547,17.799999237060547,17.510000228881836,17.56999969482422,13.25500202178955,2600
2006-12-27,17.549999237060547,17.549999237060547,17.549999237060547,17.549999237060547,13.304274559020996,100
2006-12-28,17.979999542236328,17.989999771118164,17.600000381469727,17.959999084472656,13.615084648132324,2000
2006-12-29,17.700000762939453,17.700000762939453,17.68000030517578,17.700000762939453,13.417987823486328,2000
2007-01-03,17.850000381469727,17.850000381469727,17.65999984741211,17.68000030517578,13.402825355529785,2600
2007-01-04,17.549999237060547,17.75,17.549999237060547,17.75,13.455888748168945,1600
2007-01-05,17.959999084472656,18.440000534057617,17.959999084472656,18.299999237060547,13.87283706665039,8100
2007-01-08,18.399999618530273,18.459999084472656,18.290000915527344,18.290000915527344,13.865255355834961,2700
2007-01-09,17.899999618530273,18.489999771118164,17.899999618530273,18.489999771118164,14.016868591308594,3300
2007-01-10,18.5,19.209999084472656,18.5,19.200000762939453,14.555103302001953,6300
2007-01-11,19.360000610351562,19.360000610351562,19.1200008392334,19.309999465942383,14.638495445251465,3400
2007-01-12,19.399999618530273,19.530000686645508,19.360000610351562,19.5,14.782526969909668,11300
2007-01-16,19.5,19.969999313354492,19.0,19.690000534057617,14.92656135559082,18400
2007-01-17,19.610000610351562,19.979999542236328,19.5,19.610000610351562,14.86591911315918,7600
2007-01-18,19.600000381469727,19.700000762939453,19.399999618530273,19.399999618530273,14.706721305847168,8900
2007-01-19,19.559999465942383,19.700000762939453,19.299999237060547,19.299999237060547,14.630914688110352,4800
2007-01-22,19.34000015258789,19.510000228881836,19.219999313354492,19.510000228881836,14.79011058807373,3800
2007-01-23,19.309999465942383,19.309999465942383,18.68000030517578,19.190000534057617,14.547526359558105,4700
2007-01-24,19.280000686645508,19.649999618530273,19.280000686645508,19.649999618530273,14.896244049072266,15000
2007-01-25,19.59000015258789,19.600000381469727,19.190000534057617,19.34000015258789,14.661232948303223,2600
2007-01-26,19.219999313354492,19.489999771118164,19.219999313354492,19.459999084472656,14.752203941345215,600
2007-01-29,19.31999969482422,19.450000762939453,19.290000915527344,19.450000762939453,14.74462890625,1400
2007-01-30,19.440000534057617,19.489999771118164,19.440000534057617,19.489999771118164,14.774945259094238,300
2007-01-31,19.5,19.5,19.329999923706055,19.489999771118164,14.774945259094238,1600
2007-02-01,19.479999542236328,19.479999542236328,19.350000381469727,19.350000381469727,14.668817520141602,600
2007-02-02,19.350000381469727,19.700000762939453,19.350000381469727,19.530000686645508,14.80527400970459,6800
2007-02-05,19.559999465942383,19.559999465942383,19.5,19.5,14.782526969909668,300
2007-02-06,19.3700008392334,19.3700008392334,19.040000915527344,19.040000915527344,14.433813095092773,2000
2007-02-07,19.100000381469727,19.100000381469727,18.860000610351562,18.860000610351562,14.297356605529785,1300
2007-02-08,18.889999389648438,18.889999389648438,18.889999389648438,18.889999389648438,14.320104598999023,100
2007-02-09,18.8700008392334,18.950000762939453,18.850000381469727,18.850000381469727,14.289778709411621,1400
2007-02-12,18.969999313354492,18.979999542236328,18.940000534057617,18.940000534057617,14.358006477355957,1200
2007-02-13,18.729999542236328,19.149999618530273,18.610000610351562,18.760000228881836,14.221553802490234,2100
2007-02-14,18.709999084472656,19.1200008392334,18.709999084472656,19.0,14.403489112854004,800
2007-02-15,18.799999237060547,18.799999237060547,18.739999771118164,18.739999771118164,14.206393241882324,1000
2007-02-16,18.610000610351562,18.719999313354492,18.610000610351562,18.719999313354492,14.191222190856934,300
2007-02-20,18.700000762939453,19.0,18.469999313354492,18.860000610351562,14.297356605529785,3700
2007-02-21,18.68000030517578,19.030000686645508,18.68000030517578,18.899999618530273,14.327680587768555,2200
2007-02-22,18.700000762939453,19.0,18.700000762939453,19.0,14.403489112854004,1600
2007-02-23,19.440000534057617,19.600000381469727,19.3799991607666,19.450000762939453,14.74462890625,20100
2007-02-26,19.600000381469727,19.649999618530273,19.43000030517578,19.549999237060547,14.820435523986816,1800
2007-02-27,19.420000076293945,19.610000610351562,19.399999618530273,19.610000610351562,14.86591911315918,5200
2007-02-28,19.690000534057617,19.950000762939453,19.690000534057617,19.950000762939453,15.12366771697998,2700
2007-03-01,19.90999984741211,19.93000030517578,19.90999984741211,19.93000030517578,15.108504295349121,2000
2007-03-02,19.969999313354492,20.209999084472656,19.950000762939453,19.950000762939453,15.12366771697998,5100
2007-03-05,20.030000686645508,20.049999237060547,19.860000610351562,19.93000030517578,15.108504295349121,1600
2007-03-06,20.0,20.0,20.0,20.0,15.161571502685547,2100
2007-03-07,20.200000762939453,20.25,20.200000762939453,20.25,15.351081848144531,1100
2007-03-08,20.25,20.25,20.219999313354492,20.219999313354492,15.328348159790039,1500
2007-03-09,20.219999313354492,20.219999313354492,19.850000381469727,19.850000381469727,15.047853469848633,1000
2007-03-12,19.850000381469727,20.25,19.850000381469727,20.079999923706055,15.22221851348877,10500
2007-03-13,20.079999923706055,20.079999923706055,20.079999923706055,20.079999923706055,15.22221851348877,0
2007-03-14,20.079999923706055,20.079999923706055,20.079999923706055,20.079999923706055,15.22221851348877,0
2007-03-15,20.010000228881836,20.010000228881836,20.010000228881836,20.010000228881836,15.169145584106445,100
2007-03-16,19.899999618530273,19.899999618530273,19.889999389648438,19.889999389648438,15.078182220458984,200
2007-03-19,20.219999313354492,20.219999313354492,19.940000534057617,19.940000534057617,15.116081237792969,600
2007-03-20,19.989999771118164,19.989999771118164,19.989999771118164,19.989999771118164,15.153985977172852,200
2007-03-21,20.0,20.0,20.0,20.0,15.161571502685547,100
2007-03-22,20.0,20.0,20.0,20.0,15.161571502685547,0
2007-03-23,20.0,20.0,20.0,20.0,15.161571502685547,0
2007-03-26,20.0,20.0,19.670000076293945,19.899999618530273,15.085756301879883,2100
2007-03-27,20.229999542236328,20.25,20.229999542236328,20.239999771118164,15.343506813049316,1000
2007-03-28,20.219999313354492,20.25,20.219999313354492,20.25,15.41811752319336,2800
2007-03-29,20.149999618530273,20.5,20.149999618530273,20.5,15.60846996307373,8100
2007-03-30,20.5,20.760000228881836,20.5,20.760000228881836,15.806432723999023,2000
2007-04-02,20.760000228881836,20.799999237060547,20.760000228881836,20.799999237060547,15.836880683898926,700
2007-04-03,20.610000610351562,20.780000686645508,20.5,20.65999984741211,15.7302885055542,2400
2007-04-04,20.540000915527344,20.81999969482422,20.530000686645508,20.81999969482422,15.852113723754883,1900
2007-04-05,20.6200008392334,20.670000076293945,20.6200008392334,20.670000076293945,15.737905502319336,2100
2007-04-09,20.670000076293945,20.670000076293945,20.670000076293945,20.670000076293945,15.737905502319336,0
2007-04-10,20.969999313354492,20.979999542236328,20.760000228881836,20.979999542236328,15.973932266235352,600
2007-04-11,20.979999542236328,20.979999542236328,20.979999542236328,20.979999542236328,15.973932266235352,0
2007-04-12,21.0,21.0,20.959999084472656,20.959999084472656,15.95870304107666,400
2007-04-13,21.0,21.049999237060547,21.0,21.049999237060547,16.027231216430664,800
2007-04-16,21.299999237060547,21.75,21.1200008392334,21.75,16.560205459594727,2200
2007-04-17,21.700000762939453,21.850000381469727,21.700000762939453,21.850000381469727,16.6363468170166,1500
2007-04-18,21.770000457763672,21.790000915527344,21.75,21.790000915527344,16.590660095214844,1300
2007-04-19,21.739999771118164,21.739999771118164,21.229999542236328,21.229999542236328,16.16428565979004,1100
2007-04-20,21.06999969482422,21.06999969482422,21.0,21.0,15.989171028137207,200
2007-04-23,21.420000076293945,21.450000762939453,21.420000076293945,21.450000762939453,16.331790924072266,600
2007-04-24,21.18000030517578,21.18000030517578,21.18000030517578,21.18000030517578,16.12621307373047,100
2007-04-25,21.25,21.25,21.25,21.25,16.179506301879883,200
2007-04-26,21.25,21.25,21.25,21.25,16.179506301879883,200
2007-04-27,21.209999084472656,21.25,21.209999084472656,21.25,16.179506301879883,300
2007-04-30,20.860000610351562,20.860000610351562,20.860000610351562,20.860000610351562,15.882575035095215,200
2007-05-01,20.860000610351562,21.219999313354492,20.860000610351562,21.149999618530273,16.10337257385254,400
2007-05-02,20.969999313354492,20.969999313354492,20.850000381469727,20.8799991607666,15.897794723510742,700
2007-05-03,20.850000381469727,20.850000381469727,20.81999969482422,20.81999969482422,15.852113723754883,500
2007-05-04,20.829999923706055,20.829999923706055,20.829999923706055,20.829999923706055,15.859726905822754,200
2007-05-07,20.799999237060547,20.799999237060547,20.799999237060547,20.799999237060547,15.836880683898926,100
2007-05-08,20.799999237060547,20.799999237060547,20.799999237060547,20.799999237060547,15.836880683898926,100
2007-05-09,20.799999237060547,20.799999237060547,20.799999237060547,20.799999237060547,15.836880683898926,300
2007-05-10,20.799999237060547,20.799999237060547,20.799999237060547,20.799999237060547,15.836880683898926,300
2007-05-11,20.799999237060547,20.899999618530273,20.010000228881836,20.899999618530273,15.913023948669434,2400
2007-05-14,20.899999618530273,20.899999618530273,20.899999618530273,20.899999618530273,15.913023948669434,0
2007-05-15,20.899999618530273,20.899999618530273,20.899999618530273,20.899999618530273,15.913023948669434,0
2007-05-16,20.950000762939453,21.0,20.81999969482422,20.969999313354492,15.966325759887695,6100
2007-05-17,20.899999618530273,20.899999618530273,20.799999237060547,20.799999237060547,15.836880683898926,2300
2007-05-18,20.729999542236328,20.799999237060547,20.729999542236328,20.799999237060547,15.836880683898926,2900
2007-05-21,20.799999237060547,20.989999771118164,20.799999237060547,20.989999771118164,15.981547355651855,3000
2007-05-22,20.799999237060547,20.989999771118164,20.799999237060547,20.989999771118164,15.981547355651855,1800
2007-05-23,20.860000610351562,21.0,20.829999923706055,21.0,15.989171028137207,6000
2007-05-24,21.0,21.0,21.0,21.0,15.989171028137207,0
2007-05-25,21.1299991607666,21.139999389648438,21.1299991607666,21.139999389648438,16.09576416015625,600
2007-05-29,20.8700008392334,21.0,20.84000015258789,20.989999771118164,15.981547355651855,1600
2007-05-30,20.829999923706055,20.8700008392334,20.829999923706055,20.8700008392334,15.890182495117188,300
2007-05-31,20.899999618530273,21.209999084472656,20.899999618530273,21.049999237060547,16.027231216430664,2500
2007-06-01,21.25,21.25,21.25,21.25,16.179506301879883,300
2007-06-04,20.809999465942383,20.8700008392334,20.459999084472656,20.799999237060547,15.836880683898926,2200
2007-06-05,20.799999237060547,20.799999237060547,20.799999237060547,20.799999237060547,15.836880683898926,400
2007-06-06,20.799999237060547,20.799999237060547,20.799999237060547,20.799999237060547,15.836880683898926,0
2007-06-07,21.15999984741211,21.15999984741211,20.940000534057617,20.969999313354492,15.966325759887695,500
2007-06-08,20.709999084472656,20.809999465942383,20.56999969482422,20.56999969482422,15.661766052246094,1700
2007-06-11,20.510000228881836,20.799999237060547,20.510000228881836,20.790000915527344,15.829275131225586,400
2007-06-12,20.520000457763672,20.520000457763672,20.25,20.31999969482422,15.471413612365723,2300
2007-06-13,20.010000228881836,20.020000457763672,19.510000228881836,19.709999084472656,15.006970405578613,4700
2007-06-14,19.700000762939453,19.700000762939453,19.600000381469727,19.600000381469727,14.923219680786133,200
2007-06-15,19.520000457763672,19.520000457763672,19.510000228881836,19.510000228881836,14.854695320129395,400
2007-06-18,19.510000228881836,19.559999465942383,19.510000228881836,19.559999465942383,14.8927583694458,500
2007-06-19,19.3799991607666,19.780000686645508,19.299999237060547,19.399999618530273,14.770940780639648,3600
2007-06-20,19.399999618530273,19.399999618530273,19.149999618530273,19.200000762939453,14.618664741516113,3000
2007-06-21,19.329999923706055,19.329999923706055,18.8799991607666,19.09000015258789,14.53490924835205,2400
2007-06-22,19.049999237060547,19.049999237060547,19.049999237060547,19.049999237060547,14.504454612731934,700
2007-06-25,19.049999237060547,19.049999237060547,18.940000534057617,18.950000762939453,14.428317070007324,2100
2007-06-26,19.229999542236328,19.469999313354492,19.229999542236328,19.469999313354492,14.824238777160645,10100
2007-06-27,19.469999313354492,19.469999313354492,19.469999313354492,19.469999313354492,14.893080711364746,0
2007-06-28,19.5,19.59000015258789,19.5,19.59000015258789,14.984879493713379,600
2007-06-29,19.479999542236328,19.479999542236328,19.479999542236328,19.479999542236328,14.90073013305664,1600
2007-07-02,19.59000015258789,19.59000015258789,19.59000015258789,19.59000015258789,14.984879493713379,100
2007-07-03,19.040000915527344,19.5,19.010000228881836,19.489999771118164,14.908379554748535,1600
2007-07-05,19.489999771118164,19.489999771118164,19.489999771118164,19.489999771118164,14.908379554748535,0
2007-07-06,19.040000915527344,19.59000015258789,19.040000915527344,19.510000228881836,14.92368221282959,1700
2007-07-09,19.600000381469727,20.0,19.59000015258789,20.0,15.298492431640625,2500
2007-07-10,20.0,20.299999237060547,20.0,20.299999237060547,15.527975082397461,3000
2007-07-11,20.5,20.5,20.149999618530273,20.34000015258789,15.558566093444824,2100
2007-07-12,20.5,20.5,19.950000762939453,20.5,15.680953979492188,38000
2007-07-13,20.5,20.5,19.950000762939453,19.950000762939453,15.26025390625,300
2007-07-16,20.40999984741211,20.5,20.0,20.0,15.298492431640625,1400
2007-07-17,19.989999771118164,20.25,19.989999771118164,20.25,15.48972225189209,900
2007-07-18,20.25,20.25,20.25,20.25,15.48972225189209,0
2007-07-19,20.25,20.329999923706055,20.219999313354492,20.239999771118164,15.482073783874512,2600
2007-07-20,20.239999771118164,20.239999771118164,20.239999771118164,20.239999771118164,15.482073783874512,0
2007-07-23,20.239999771118164,20.239999771118164,20.239999771118164,20.239999771118164,15.482073783874512,0
2007-07-24,19.690000534057617,19.719999313354492,19.690000534057617,19.719999313354492,15.084312438964844,1200
2007-07-25,19.719999313354492,19.719999313354492,19.170000076293945,19.479999542236328,14.90073013305664,1600
2007-07-26,19.649999618530273,19.700000762939453,19.5,19.700000762939453,15.069019317626953,10700
2007-07-27,19.549999237060547,19.860000610351562,19.25,19.709999084472656,15.076663970947266,4700
2007-07-30,19.719999313354492,19.799999237060547,19.56999969482422,19.799999237060547,15.145505905151367,2900
2007-07-31,19.760000228881836,20.280000686645508,19.610000610351562,20.149999618530273,15.413225173950195,1600
2007-08-01,19.989999771118164,20.0,19.719999313354492,19.719999313354492,15.084312438964844,1600
2007-08-02,20.0,20.200000762939453,19.979999542236328,20.200000762939453,15.4514799118042,1100
2007-08-03,20.200000762939453,20.25,19.670000076293945,19.84000015258789,15.176108360290527,3100
2007-08-06,19.059999465942383,19.110000610351562,18.850000381469727,18.850000381469727,14.418830871582031,3300
2007-08-07,18.850000381469727,18.850000381469727,18.850000381469727,18.850000381469727,14.418830871582031,300
2007-08-08,19.190000534057617,19.239999771118164,19.190000534057617,19.239999771118164,14.717151641845703,300
2007-08-09,19.25,19.25,18.850000381469727,19.030000686645508,14.556517601013184,700
2007-08-10,19.079999923706055,19.079999923706055,18.850000381469727,18.850000381469727,14.418830871582031,400
2007-08-13,18.850000381469727,18.850000381469727,18.850000381469727,18.850000381469727,14.418830871582031,4800
2007-08-14,18.75,18.790000915527344,18.540000915527344,18.649999618530273,14.265841484069824,2100
2007-08-15,18.510000228881836,18.510000228881836,18.510000228881836,18.510000228881836,14.158754348754883,200
2007-08-16,18.5,18.5,18.25,18.25,13.959877014160156,600
2007-08-17,18.260000228881836,18.260000228881836,18.260000228881836,18.260000228881836,13.967527389526367,200
2007-08-20,18.25,18.25,18.200000762939453,18.200000762939453,13.92163372039795,1300
2007-08-21,18.239999771118164,18.239999771118164,18.229999542236328,18.229999542236328,13.94457721710205,200
2007-08-22,18.260000228881836,18.59000015258789,18.260000228881836,18.59000015258789,14.219950675964355,900
2007-08-23,18.420000076293945,18.43000030517578,18.25,18.43000030517578,14.097561836242676,3800
2007-08-24,18.989999771118164,19.0,18.989999771118164,19.0,14.533570289611816,900
2007-08-27,18.799999237060547,18.799999237060547,18.799999237060547,18.799999237060547,14.380583763122559,9200
2007-08-28,18.760000228881836,18.760000228881836,18.25,18.25,13.959877014160156,2900
2007-08-29,18.25,18.25,18.25,18.25,13.959877014160156,0
2007-08-30,18.25,18.25,18.25,18.25,13.959877014160156,200
2007-08-31,18.25,18.25,18.15999984741211,18.25,13.959877014160156,1100
2007-09-04,18.31999969482422,18.600000381469727,18.31999969482422,18.600000381469727,14.22760009765625,200
2007-09-05,18.149999618530273,18.149999618530273,18.149999618530273,18.149999618530273,13.883380889892578,200
2007-09-06,18.389999389648438,18.389999389648438,17.940000534057617,17.940000534057617,13.722750663757324,800
2007-09-07,17.940000534057617,17.940000534057617,17.940000534057617,17.940000534057617,13.722750663757324,0
2007-09-10,17.790000915527344,18.459999084472656,17.510000228881836,17.610000610351562,13.47032356262207,5100
2007-09-11,18.25,18.25,18.0,18.0,13.768644332885742,400
2007-09-12,18.0,18.0,18.0,18.0,13.768644332885742,0
2007-09-13,17.5,17.5,17.5,17.5,13.386181831359863,400
2007-09-14,17.5,17.5,17.5,17.5,13.386181831359863,0
2007-09-17,17.540000915527344,17.540000915527344,17.540000915527344,17.540000915527344,13.416779518127441,100
2007-09-18,17.530000686645508,17.549999237060547,17.25,17.25,13.19494915008545,1500
2007-09-19,17.200000762939453,17.260000228881836,17.200000762939453,17.260000228881836,13.202598571777344,800
2007-09-20,17.5,17.5,16.469999313354492,16.600000381469727,12.69775104522705,13200
2007-09-21,17.229999542236328,17.229999542236328,16.75,16.790000915527344,12.8430814743042,2500
2007-09-24,16.799999237060547,16.799999237060547,16.799999237060547,16.799999237060547,12.85073471069336,1100
2007-09-25,16.850000381469727,16.950000762939453,16.850000381469727,16.950000762939453,12.965476036071777,1500
2007-09-26,17.25,17.25,17.06999969482422,17.06999969482422,13.129297256469727,400
2007-09-27,17.06999969482422,17.06999969482422,16.799999237060547,16.799999237060547,12.921634674072266,1200
2007-09-28,16.799999237060547,17.350000381469727,16.799999237060547,17.350000381469727,13.344661712646484,400
2007-10-01,16.860000610351562,16.860000610351562,16.860000610351562,16.860000610351562,12.967779159545898,200
2007-10-02,16.860000610351562,16.860000610351562,16.860000610351562,16.860000610351562,12.967779159545898,0
2007-10-03,16.860000610351562,16.860000610351562,16.860000610351562,16.860000610351562,12.967779159545898,0
2007-10-04,16.979999542236328,16.979999542236328,16.979999542236328,16.979999542236328,13.060078620910645,200
2007-10-05,17.049999237060547,17.280000686645508,17.049999237060547,17.280000686645508,13.290825843811035,800
2007-10-08,16.81999969482422,16.81999969482422,16.81999969482422,16.81999969482422,12.93701457977295,200
2007-10-09,17.15999984741211,17.549999237060547,17.15999984741211,17.399999618530273,13.383116722106934,3600
2007-10-10,17.549999237060547,17.549999237060547,17.350000381469727,17.3799991607666,13.3677339553833,3300
2007-10-11,17.809999465942383,17.809999465942383,17.299999237060547,17.299999237060547,13.306203842163086,2000
2007-10-12,17.860000610351562,18.040000915527344,17.709999084472656,18.040000915527344,13.875373840332031,3500
2007-10-15,18.139999389648438,18.639999389648438,18.139999389648438,18.639999389648438,14.336861610412598,3200
2007-10-16,18.610000610351562,18.809999465942383,18.610000610351562,18.809999465942383,14.467612266540527,3900
2007-10-17,18.989999771118164,19.0,18.889999389648438,18.889999389648438,14.529147148132324,700
2007-10-18,19.0,19.0,18.989999771118164,18.989999771118164,14.606058120727539,300
2007-10-19,18.799999237060547,18.799999237060547,18.799999237060547,18.799999237060547,14.459922790527344,2000
2007-10-22,18.770000457763672,18.770000457763672,18.770000457763672,18.770000457763672,14.436851501464844,200
2007-10-23,18.729999542236328,18.729999542236328,18.719999313354492,18.719999313354492,14.39838981628418,1000
2007-10-24,18.510000228881836,18.739999771118164,18.510000228881836,18.739999771118164,14.41377067565918,1300
2007-10-25,18.739999771118164,18.739999771118164,18.739999771118164,18.739999771118164,14.41377067565918,0
2007-10-26,18.5,18.5,18.489999771118164,18.5,14.229179382324219,3900
2007-10-29,18.5,18.5,18.5,18.5,14.229179382324219,0
2007-10-30,18.5,18.5,18.5,18.5,14.229179382324219,0
2007-10-31,18.5,18.5,18.5,18.5,14.229179382324219,0
2007-11-01,18.5,18.5,18.5,18.5,14.229179382324219,0
2007-11-02,18.040000915527344,18.040000915527344,17.829999923706055,18.0,13.8446044921875,12700
2007-11-05,17.75,17.75,17.010000228881836,17.010000228881836,13.083149909973145,1200
2007-11-06,17.010000228881836,17.010000228881836,17.010000228881836,17.010000228881836,13.083149909973145,0
2007-11-07,16.799999237060547,17.100000381469727,16.760000228881836,17.100000381469727,13.152377128601074,1600
2007-11-08,17.5,17.5,17.5,17.5,13.46003532409668,4000
2007-11-09,17.56999969482422,17.56999969482422,17.549999237060547,17.549999237060547,13.498491287231445,600
2007-11-12,17.549999237060547,17.549999237060547,17.549999237060547,17.549999237060547,13.498491287231445,0
2007-11-13,16.790000915527344,16.790000915527344,16.760000228881836,16.760000228881836,12.890867233276367,1200
2007-11-14,16.799999237060547,16.850000381469727,16.790000915527344,16.850000381469727,12.960091590881348,400
2007-11-15,16.850000381469727,16.850000381469727,16.850000381469727,16.850000381469727,12.960091590881348,0
2007-11-16,16.850000381469727,16.850000381469727,16.850000381469727,16.850000381469727,12.960091590881348,400
2007-11-19,16.850000381469727,17.200000762939453,16.850000381469727,17.200000762939453,13.229290962219238,1200
2007-11-20,16.860000610351562,16.899999618530273,16.799999237060547,16.899999618530273,12.998546600341797,11900
2007-11-21,16.8799991607666,16.8799991607666,16.799999237060547,16.799999237060547,12.921634674072266,7100
2007-11-23,16.799999237060547,16.799999237060547,16.799999237060547,16.799999237060547,12.921634674072266,0
2007-11-26,16.780000686645508,16.780000686645508,16.690000534057617,16.700000762939453,12.84471607208252,6300
2007-11-27,16.700000762939453,16.700000762939453,16.020000457763672,16.079999923706055,12.36784839630127,1100
2007-11-28,16.790000915527344,16.790000915527344,16.100000381469727,16.100000381469727,12.383232116699219,1200
2007-11-29,16.100000381469727,16.100000381469727,16.100000381469727,16.100000381469727,12.383232116699219,0
2007-11-30,16.100000381469727,16.100000381469727,16.100000381469727,16.100000381469727,12.383232116699219,300
2007-12-03,16.0,16.0,14.800000190734863,14.800000190734863,11.383342742919922,1100
2007-12-04,14.8100004196167,14.989999771118164,14.8100004196167,14.989999771118164,11.529478073120117,300
2007-12-05,14.970000267028809,14.970000267028809,14.800000190734863,14.800000190734863,11.383342742919922,1500
2007-12-06,15.0,15.010000228881836,14.979999542236328,15.010000228881836,11.54486083984375,400
2007-12-07,15.010000228881836,15.479999542236328,14.979999542236328,15.479999542236328,11.906360626220703,500
2007-12-10,15.479999542236328,15.479999542236328,15.479999542236328,15.479999542236328,11.906360626220703,0
2007-12-11,15.239999771118164,15.270000457763672,15.229999542236328,15.25,11.729456901550293,5300
2007-12-12,14.550000190734863,14.550000190734863,14.550000190734863,14.550000190734863,11.191056251525879,300
2007-12-13,15.270000457763672,15.270000457763672,15.239999771118164,15.25,11.729456901550293,2000
2007-12-14,15.220000267028809,15.25,15.220000267028809,15.25,11.729456901550293,800
2007-12-17,15.489999771118164,16.059999465942383,15.489999771118164,16.059999465942383,12.352463722229004,2700
2007-12-18,16.1200008392334,16.190000534057617,15.729999542236328,15.75,12.114029884338379,29600
2007-12-19,15.779999732971191,15.779999732971191,15.75,15.760000228881836,12.121718406677246,700
2007-12-20,15.739999771118164,16.110000610351562,15.399999618530273,15.479999542236328,11.906360626220703,21100
2007-12-21,15.640000343322754,16.100000381469727,15.640000343322754,15.739999771118164,12.106339454650879,2500
2007-12-24,15.739999771118164,15.739999771118164,15.739999771118164,15.739999771118164,12.106339454650879,0
2007-12-26,15.739999771118164,15.899999618530273,15.699999809265137,15.699999809265137,12.075573921203613,8300
2007-12-27,15.1899995803833,15.5,15.180000305175781,15.220000267028809,11.7776517868042,4200
2007-12-28,15.220000267028809,15.220000267028809,15.220000267028809,15.220000267028809,11.7776517868042,0
2007-12-31,15.199999809265137,15.369999885559082,15.199999809265137,15.199999809265137,11.76217269897461,1400
2008-01-02,15.9399995803833,15.9399995803833,15.4399995803833,15.520000457763672,12.00979995727539,1500
2008-01-03,15.720000267028809,15.720000267028809,15.029999732971191,15.029999732971191,11.630622863769531,300
2008-01-04,15.600000381469727,15.600000381469727,14.010000228881836,14.640000343322754,11.328828811645508,2900
2008-01-07,14.350000381469727,14.350000381469727,14.029999732971191,14.170000076293945,10.965129852294922,500
2008-01-08,14.029999732971191,14.029999732971191,12.510000228881836,13.010000228881836,10.067493438720703,4300
2008-01-09,13.010000228881836,14.899999618530273,13.0,14.489999771118164,11.212756156921387,7300
2008-01-10,14.069999694824219,14.84000015258789,13.989999771118164,14.84000015258789,11.48359489440918,3800
2008-01-11,15.0,15.90999984741211,14.899999618530273,15.609999656677246,12.079442977905273,6600
2008-01-14,15.890000343322754,15.899999618530273,15.890000343322754,15.899999618530273,12.303850173950195,2600
2008-01-15,15.069999694824219,15.5600004196167,14.819999694824219,14.819999694824219,11.468119621276855,1200
2008-01-16,14.819999694824219,14.819999694824219,14.819999694824219,14.819999694824219,11.468119621276855,0
2008-01-17,15.770000457763672,15.890000343322754,15.729999542236328,15.890000343322754,12.296114921569824,1700
2008-01-18,14.75,14.880000114440918,14.739999771118164,14.75,11.413948059082031,1000
2008-01-22,13.779999732971191,14.899999618530273,13.779999732971191,13.800000190734863,10.678814888000488,500
2008-01-23,13.800000190734863,13.800000190734863,13.800000190734863,13.800000190734863,10.678814888000488,0
2008-01-24,14.800000190734863,14.800000190734863,13.760000228881836,13.760000228881836,10.647862434387207,1200
2008-01-25,14.180000305175781,14.180000305175781,13.949999809265137,13.949999809265137,10.794888496398926,300
2008-01-28,13.75,13.75,13.75,13.75,10.640120506286621,700
2008-01-29,13.75,13.75,13.75,13.75,10.640120506286621,0
2008-01-30,13.600000381469727,13.600000381469727,13.260000228881836,13.59000015258789,10.516311645507812,1200
2008-01-31,13.5,13.5,13.319999694824219,13.449999809265137,10.407974243164062,4200
2008-02-01,13.25,13.470000267028809,13.050000190734863,13.050000190734863,10.098447799682617,800
2008-02-04,13.020000457763672,13.020000457763672,13.0,13.0,10.05975341796875,300
2008-02-05,13.0,13.0,13.0,13.0,10.05975341796875,0
2008-02-06,13.210000038146973,13.430000305175781,13.210000038146973,13.210000038146973,10.222254753112793,1200
2008-02-07,13.470000267028809,13.5,13.199999809265137,13.199999809265137,10.214518547058105,1400
2008-02-08,13.819999694824219,13.819999694824219,13.199999809265137,13.25,10.253209114074707,400
2008-02-11,13.239999771118164,13.989999771118164,13.239999771118164,13.989999771118164,10.82583999633789,400
2008-02-12,13.4399995803833,13.729999542236328,13.029999732971191,13.729999542236328,10.624645233154297,1700
2008-02-13,13.050000190734863,13.260000228881836,13.050000190734863,13.260000228881836,10.260947227478027,200
2008-02-14,13.260000228881836,13.260000228881836,13.260000228881836,13.260000228881836,10.260947227478027,0
2008-02-15,13.25,13.25,13.25,13.25,10.253209114074707,400
2008-02-19,13.350000381469727,13.350000381469727,13.25,13.25,10.253209114074707,200
2008-02-20,13.25,13.25,13.25,13.25,10.253209114074707,100
2008-02-21,13.25,13.25,12.970000267028809,12.989999771118164,10.052014350891113,1300
2008-02-22,12.989999771118164,13.0,12.989999771118164,13.0,10.05975341796875,1000
2008-02-25,13.0,13.0,13.0,13.0,10.05975341796875,100
2008-02-26,13.0,13.0,13.0,13.0,10.05975341796875,0
2008-02-27,13.0,13.0,13.0,13.0,10.05975341796875,0
2008-02-28,13.100000381469727,13.100000381469727,13.100000381469727,13.100000381469727,10.13713550567627,2000
2008-02-29,13.119999885559082,13.149999618530273,13.119999885559082,13.149999618530273,10.175825119018555,1000
2008-03-03,13.149999618530273,13.180000305175781,13.119999885559082,13.149999618530273,10.175825119018555,2000
2008-03-04,13.119999885559082,13.119999885559082,13.0,13.0,10.05975341796875,1100
2008-03-05,13.010000228881836,13.010000228881836,13.0,13.0,10.05975341796875,200
2008-03-06,13.0,13.0,12.510000228881836,12.510000228881836,9.68057918548584,1900
2008-03-07,12.510000228881836,12.510000228881836,12.510000228881836,12.510000228881836,9.68057918548584,0
2008-03-10,13.210000038146973,13.25,13.0,13.1899995803833,10.206775665283203,1000
2008-03-11,13.25,13.25,13.0,13.0,10.05975341796875,1800
2008-03-12,13.260000228881836,13.260000228881836,13.25,13.25,10.253209114074707,300
2008-03-13,13.5,13.5,13.0,13.0,10.05975341796875,1000
2008-03-14,13.0,13.0,13.0,13.0,10.05975341796875,0
2008-03-17,13.0,13.0,13.0,13.0,10.05975341796875,0
2008-03-18,13.0,13.0,13.0,13.0,10.05975341796875,900
2008-03-19,13.0,13.0,13.0,13.0,10.05975341796875,200
2008-03-20,13.25,13.25,13.25,13.25,10.253209114074707,400
2008-03-24,13.25,13.25,13.239999771118164,13.25,10.253209114074707,800
2008-03-25,13.0,13.0,13.0,13.0,10.05975341796875,900
2008-03-26,13.4399995803833,13.4399995803833,13.4399995803833,13.4399995803833,10.400238037109375,100
2008-03-27,13.4399995803833,13.4399995803833,13.4399995803833,13.4399995803833,10.476630210876465,0
2008-03-28,13.0,13.0,12.699999809265137,12.699999809265137,9.89979076385498,200
2008-03-31,12.699999809265137,12.699999809265137,12.699999809265137,12.699999809265137,9.89979076385498,0
2008-04-01,12.720000267028809,12.720000267028809,12.720000267028809,12.720000267028809,9.91538143157959,400
2008-04-02,12.720000267028809,12.720000267028809,12.720000267028809,12.720000267028809,9.91538143157959,0
2008-04-03,12.720000267028809,12.720000267028809,12.720000267028809,12.720000267028809,9.91538143157959,400
2008-04-04,13.0,13.0,13.0,13.0,10.133645057678223,300
2008-04-07,13.0,13.0,13.0,13.0,10.133645057678223,0
2008-04-08,13.4399995803833,13.449999809265137,13.229999542236328,13.449999809265137,10.48442554473877,1000
2008-04-09,13.449999809265137,13.449999809265137,13.449999809265137,13.449999809265137,10.48442554473877,600
2008-04-10,13.5,13.5,13.5,13.5,10.523398399353027,200
2008-04-11,13.90999984741211,13.920000076293945,13.90999984741211,13.90999984741211,10.842998504638672,800
2008-04-14,14.40999984741211,14.40999984741211,14.40999984741211,14.40999984741211,11.232751846313477,2000
2008-04-15,13.5,13.5600004196167,13.5,13.529999732971191,10.546784400939941,1500
2008-04-16,13.529999732971191,13.529999732971191,13.529999732971191,13.529999732971191,10.546784400939941,0
2008-04-17,13.529999732971191,13.529999732971191,13.529999732971191,13.529999732971191,10.546784400939941,0
2008-04-18,13.260000228881836,13.279999732971191,13.260000228881836,13.279999732971191,10.351905822753906,400
2008-04-21,13.279999732971191,13.279999732971191,13.279999732971191,13.279999732971191,10.351905822753906,0
2008-04-22,14.949999809265137,14.949999809265137,14.949999809265137,14.949999809265137,11.653692245483398,1400
2008-04-23,14.949999809265137,14.949999809265137,13.260000228881836,13.260000228881836,10.336315155029297,300
2008-04-24,13.260000228881836,13.260000228881836,13.260000228881836,13.260000228881836,10.336315155029297,0
2008-04-25,13.3100004196167,13.3100004196167,13.3100004196167,13.3100004196167,10.37529468536377,200
2008-04-28,13.3100004196167,13.3100004196167,13.3100004196167,13.3100004196167,10.37529468536377,0
2008-04-29,13.3100004196167,13.3100004196167,13.3100004196167,13.3100004196167,10.37529468536377,0
2008-04-30,13.5,13.5,13.5,13.5,10.523398399353027,900
2008-05-01,13.65999984741211,13.65999984741211,13.65999984741211,13.65999984741211,10.64812183380127,100
2008-05-02,13.289999961853027,13.289999961853027,13.289999961853027,13.289999961853027,10.35970401763916,300
2008-05-05,13.5,13.5,13.199999809265137,13.199999809265137,10.289545059204102,1900
2008-05-06,13.199999809265137,13.199999809265137,13.199999809265137,13.199999809265137,10.289545059204102,0
2008-05-07,13.079999923706055,13.079999923706055,12.720000267028809,12.75,9.938767433166504,3300
2008-05-08,12.75,12.75,12.75,12.75,9.938767433166504,0
2008-05-09,12.75,12.75,12.75,12.75,9.938767433166504,0
2008-05-12,12.75,12.75,12.75,12.75,9.938767433166504,0
2008-05-13,12.930000305175781,12.930000305175781,11.020000457763672,11.800000190734863,9.19823169708252,7700
2008-05-14,11.800000190734863,11.850000381469727,11.600000381469727,11.789999961853027,9.190436363220215,1500
2008-05-15,11.75,11.850000381469727,11.75,11.850000381469727,9.237204551696777,3100
2008-05-16,11.850000381469727,11.850000381469727,11.850000381469727,11.850000381469727,9.237204551696777,0
2008-05-19,11.850000381469727,11.850000381469727,11.850000381469727,11.850000381469727,9.237204551696777,0
2008-05-20,13.720000267028809,13.720000267028809,13.720000267028809,13.720000267028809,10.694892883300781,100
2008-05-21,13.699999809265137,13.699999809265137,13.699999809265137,13.699999809265137,10.679302215576172,100
2008-05-22,13.699999809265137,13.699999809265137,13.699999809265137,13.699999809265137,10.679302215576172,0
2008-05-23,13.699999809265137,13.699999809265137,13.699999809265137,13.699999809265137,10.679302215576172,0
2008-05-27,13.699999809265137,13.699999809265137,13.699999809265137,13.699999809265137,10.679302215576172,0
2008-05-28,12.5,12.5,12.5,12.5,9.743886947631836,200
2008-05-29,11.9399995803833,11.9399995803833,11.199999809265137,11.199999809265137,8.730525970458984,1400
2008-05-30,11.199999809265137,11.199999809265137,11.199999809265137,11.199999809265137,8.730525970458984,0
2008-06-02,11.079999923706055,11.079999923706055,10.109999656677246,10.130000114440918,7.896446704864502,700
2008-06-03,10.449999809265137,11.0,10.449999809265137,10.829999923706055,8.44210433959961,3300
2008-06-04,10.899999618530273,11.579999923706055,10.899999618530273,11.579999923706055,9.026738166809082,3500
2008-06-05,11.449999809265137,11.449999809265137,11.449999809265137,11.449999809265137,8.925402641296387,500
2008-06-06,11.199999809265137,11.609999656677246,11.199999809265137,11.609999656677246,9.050121307373047,3000
2008-06-09,11.609999656677246,11.609999656677246,11.609999656677246,11.609999656677246,9.050121307373047,0
2008-06-10,11.649999618530273,11.649999618530273,11.649999618530273,11.649999618530273,9.081302642822266,200
2008-06-11,11.649999618530273,11.649999618530273,11.649999618530273,11.649999618530273,9.081302642822266,0
2008-06-12,11.510000228881836,11.510000228881836,11.5,11.5,8.964376449584961,600
2008-06-13,12.0,12.0,11.449999809265137,11.449999809265137,8.925402641296387,1900
2008-06-16,11.449999809265137,11.449999809265137,11.449999809265137,11.449999809265137,8.925402641296387,0
2008-06-17,11.449999809265137,11.449999809265137,11.449999809265137,11.449999809265137,8.925402641296387,0
2008-06-18,11.449999809265137,11.449999809265137,11.449999809265137,11.449999809265137,8.925402641296387,600
2008-06-19,11.449999809265137,11.449999809265137,11.449999809265137,11.449999809265137,8.925402641296387,900
2008-06-20,11.529999732971191,11.529999732971191,11.449999809265137,11.449999809265137,8.925402641296387,3200
2008-06-23,11.449999809265137,11.460000038146973,11.449999809265137,11.460000038146973,8.933196067810059,1100
2008-06-24,11.460000038146973,11.460000038146973,11.460000038146973,11.460000038146973,8.933196067810059,0
2008-06-25,11.460000038146973,11.460000038146973,11.460000038146973,11.460000038146973,8.933196067810059,0
2008-06-26,11.350000381469727,11.350000381469727,11.350000381469727,11.350000381469727,8.923763275146484,500
2008-06-27,11.350000381469727,11.350000381469727,11.350000381469727,11.350000381469727,8.923763275146484,5100
2008-06-30,11.350000381469727,11.350000381469727,11.350000381469727,11.350000381469727,8.923763275146484,0
2008-07-01,11.130000114440918,11.130000114440918,11.100000381469727,11.100000381469727,8.727206230163574,600
2008-07-02,11.100000381469727,11.100000381469727,11.100000381469727,11.100000381469727,8.727206230163574,0
2008-07-03,11.100000381469727,11.100000381469727,11.050000190734863,11.050000190734863,8.687893867492676,500
2008-07-07,11.050000190734863,11.0600004196167,10.710000038146973,10.710000038146973,8.420572280883789,1900
2008-07-08,11.0,11.630000114440918,11.0,11.630000114440918,9.143905639648438,1100
2008-07-09,11.109999656677246,11.109999656677246,10.069999694824219,10.069999694824219,7.9173784255981445,2800
2008-07-10,10.75,10.75,10.109999656677246,10.109999656677246,7.948831081390381,1000
2008-07-11,10.90999984741211,11.069999694824219,10.010000228881836,10.850000381469727,8.530644416809082,6800
2008-07-14,11.0,11.050000190734863,10.010000228881836,10.010000228881836,7.870206356048584,38400
2008-07-15,9.5,9.5,8.5,8.850000381469727,6.958177089691162,1000
2008-07-16,9.270000457763672,10.0,9.270000457763672,9.5,7.469228267669678,500
2008-07-17,10.25,10.319999694824219,10.0,10.319999694824219,8.11393928527832,1500
2008-07-18,11.5,11.5,11.5,11.5,9.041694641113281,300
2008-07-21,9.90999984741211,11.5,9.90999984741211,11.130000114440918,8.7507905960083,2400
2008-07-22,10.050000190734863,10.050000190734863,10.050000190734863,10.050000190734863,7.901656627655029,300
2008-07-23,10.050000190734863,10.050000190734863,10.050000190734863,10.050000190734863,7.901656627655029,0
2008-07-24,10.59000015258789,11.289999961853027,10.59000015258789,10.979999542236328,8.632853507995605,1600
2008-07-25,10.979999542236328,10.979999542236328,10.979999542236328,10.979999542236328,8.632853507995605,0
2008-07-28,10.649999618530273,10.649999618530273,10.649999618530273,10.649999618530273,8.373397827148438,500
2008-07-29,10.890000343322754,10.899999618530273,10.890000343322754,10.899999618530273,8.56995964050293,1400
2008-07-30,10.649999618530273,10.649999618530273,10.5,10.5,8.255465507507324,600
2008-07-31,10.5,10.5,10.5,10.5,8.255465507507324,200
2008-08-01,10.5,10.5,10.5,10.5,8.255465507507324,0
2008-08-04,10.5,10.5,10.5,10.5,8.255465507507324,0
2008-08-05,10.5,10.5,10.5,10.5,8.255465507507324,0
2008-08-06,10.5,10.5,10.5,10.5,8.255465507507324,0
2008-08-07,10.550000190734863,10.550000190734863,10.550000190734863,10.550000190734863,8.294775009155273,300
2008-08-08,10.550000190734863,10.550000190734863,10.550000190734863,10.550000190734863,8.294775009155273,0
2008-08-11,10.960000038146973,10.960000038146973,10.5,10.5,8.255465507507324,600
2008-08-12,10.5,10.5,10.5,10.5,8.255465507507324,0
2008-08-13,10.640000343322754,10.90999984741211,10.579999923706055,10.600000381469727,8.334084510803223,4000
2008-08-14,11.220000267028809,11.720000267028809,10.720000267028809,11.720000267028809,9.214666366577148,2600
2008-08-15,11.800000190734863,11.899999618530273,11.579999923706055,11.899999618530273,9.356192588806152,3000
2008-08-18,11.899999618530273,11.899999618530273,11.899999618530273,11.899999618530273,9.356192588806152,0
2008-08-19,11.899999618530273,11.899999618530273,11.899999618530273,11.899999618530273,9.356192588806152,0
2008-08-20,10.699999809265137,11.319999694824219,10.649999618530273,11.319999694824219,8.900175094604492,1000
2008-08-21,10.5,10.609999656677246,10.5,10.600000381469727,8.334084510803223,1300
2008-08-22,10.600000381469727,10.600000381469727,10.600000381469727,10.600000381469727,8.334084510803223,0
2008-08-25,10.890000343322754,10.979999542236328,10.890000343322754,10.979999542236328,8.632853507995605,200
2008-08-26,10.979999542236328,10.979999542236328,10.979999542236328,10.979999542236328,8.632853507995605,0
2008-08-27,10.600000381469727,10.600000381469727,10.600000381469727,10.600000381469727,8.334084510803223,200
2008-08-28,10.600000381469727,10.600000381469727,10.600000381469727,10.600000381469727,8.334084510803223,0
2008-08-29,10.600000381469727,10.600000381469727,10.600000381469727,10.600000381469727,8.334084510803223,0
2008-09-02,10.600000381469727,10.600000381469727,10.600000381469727,10.600000381469727,8.334084510803223,0
2008-09-03,11.399999618530273,11.399999618530273,11.350000381469727,11.350000381469727,8.923763275146484,500
2008-09-04,11.699999809265137,11.699999809265137,10.869999885559082,10.869999885559082,8.546368598937988,800
2008-09-05,10.869999885559082,10.869999885559082,10.869999885559082,10.869999885559082,8.546368598937988,0
2008-09-08,10.869999885559082,10.869999885559082,10.869999885559082,10.869999885559082,8.546368598937988,0
2008-09-09,10.850000381469727,10.850000381469727,10.850000381469727,10.850000381469727,8.530644416809082,2800
2008-09-10,11.579999923706055,11.579999923706055,10.8100004196167,10.979999542236328,8.632853507995605,2300
2008-09-11,10.760000228881836,10.760000228881836,10.199999809265137,10.199999809265137,8.019593238830566,2900
2008-09-12,10.199999809265137,10.199999809265137,10.199999809265137,10.199999809265137,8.019593238830566,0
2008-09-15,10.199999809265137,10.199999809265137,10.199999809265137,10.199999809265137,8.019593238830566,0
2008-09-16,10.029999732971191,10.029999732971191,9.5,9.75,7.665786266326904,4200
2008-09-17,10.050000190734863,10.050000190734863,9.5600004196167,9.739999771118164,7.657920837402344,1400
2008-09-18,9.739999771118164,9.739999771118164,9.739999771118164,9.739999771118164,7.657920837402344,0
2008-09-19,9.899999618530273,10.710000038146973,9.899999618530273,10.25,8.058903694152832,3200
2008-09-22,10.25,10.25,10.25,10.25,8.058903694152832,3900
2008-09-23,10.399999618530273,10.399999618530273,10.399999618530273,10.399999618530273,8.176837921142578,100
2008-09-24,10.449999809265137,10.449999809265137,10.449999809265137,10.449999809265137,8.216155052185059,100
2008-09-25,10.420000076293945,10.420000076293945,10.420000076293945,10.420000076293945,8.1925630569458,100
2008-09-26,10.899999618530273,10.899999618530273,10.399999618530273,10.449999809265137,8.294161796569824,2300
2008-09-29,10.399999618530273,10.600000381469727,10.399999618530273,10.600000381469727,8.41321086883545,4000
2008-09-30,10.199999809265137,10.399999618530273,10.100000381469727,10.399999618530273,8.254473686218262,1300
2008-10-01,10.199999809265137,10.279999732971191,9.75,10.279999732971191,8.15923023223877,9500
2008-10-02,10.050000190734863,10.199999809265137,10.050000190734863,10.199999809265137,8.095733642578125,2600
2008-10-03,10.010000228881836,10.010000228881836,10.0,10.0,7.936992645263672,800
2008-10-06,10.0,10.0,10.0,10.0,7.936992645263672,3300
2008-10-07,9.989999771118164,10.949999809265137,9.989999771118164,10.949999809265137,8.691006660461426,2400
2008-10-08,10.5,10.5,10.449999809265137,10.5,8.333844184875488,1800
2008-10-09,10.5,10.5,9.800000190734863,9.800000190734863,7.778253555297852,3200
2008-10-10,9.75,9.75,9.75,9.75,7.738567352294922,2200
2008-10-13,10.0,10.100000381469727,10.0,10.0,7.936992645263672,11900
2008-10-14,10.0,10.0,10.0,10.0,7.936992645263672,0
2008-10-15,9.899999618530273,9.899999618530273,9.899999618530273,9.899999618530273,7.857623100280762,1000
2008-10-16,9.90999984741211,9.90999984741211,9.649999618530273,9.75,7.738567352294922,3900
2008-10-17,9.890000343322754,10.449999809265137,9.890000343322754,9.890000343322754,7.849686145782471,500
2008-10-20,9.899999618530273,9.899999618530273,9.899999618530273,9.899999618530273,7.857623100280762,1000
2008-10-21,9.899999618530273,9.899999618530273,9.899999618530273,9.899999618530273,7.857623100280762,0
2008-10-22,9.899999618530273,9.899999618530273,9.899999618530273,9.899999618530273,7.857623100280762,0
2008-10-23,9.899999618530273,9.899999618530273,9.899999618530273,9.899999618530273,7.857623100280762,0
2008-10-24,9.899999618530273,9.899999618530273,9.899999618530273,9.899999618530273,7.857623100280762,0
2008-10-27,9.270000457763672,9.3100004196167,9.25,9.25,7.341719150543213,2200
2008-10-28,9.199999809265137,9.199999809265137,9.199999809265137,9.199999809265137,7.302031993865967,200
2008-10-29,9.199999809265137,9.199999809265137,8.539999961853027,8.75,6.944869041442871,3200
2008-10-30,8.75,8.75,8.75,8.75,6.944869041442871,2000
2008-10-31,8.75,8.75,8.75,8.75,6.944869041442871,2600
2008-11-03,9.029999732971191,9.470000267028809,9.0,9.4399995803833,7.492520809173584,2100
2008-11-04,9.4399995803833,9.4399995803833,9.4399995803833,9.4399995803833,7.492520809173584,0
2008-11-05,9.4399995803833,9.4399995803833,9.4399995803833,9.4399995803833,7.492520809173584,0
2008-11-06,9.029999732971191,9.029999732971191,9.010000228881836,9.010000228881836,7.151230812072754,1500
2008-11-07,9.050000190734863,9.09000015258789,9.050000190734863,9.050000190734863,7.182982444763184,2200
2008-11-10,9.199999809265137,9.199999809265137,9.199999809265137,9.199999809265137,7.302031993865967,100
2008-11-11,9.1899995803833,9.199999809265137,9.1899995803833,9.1899995803833,7.294095993041992,500
2008-11-12,9.0,9.0,8.600000381469727,8.989999771118164,7.135354042053223,13100
2008-11-13,8.600000381469727,8.75,8.279999732971191,8.569999694824219,6.802003860473633,7500
2008-11-14,8.569999694824219,8.569999694824219,8.569999694824219,8.569999694824219,6.802003860473633,600
2008-11-17,8.170000076293945,8.899999618530273,8.170000076293945,8.899999618530273,7.063924789428711,1900
2008-11-18,9.170000076293945,9.170000076293945,8.180000305175781,8.180000305175781,6.492460250854492,2500
2008-11-19,8.479999542236328,8.510000228881836,8.3100004196167,8.3100004196167,6.595641613006592,2900
2008-11-20,8.15999984741211,8.6899995803833,8.15999984741211,8.239999771118164,6.540082931518555,6200
2008-11-21,8.399999618530273,8.399999618530273,6.75,6.75,5.35746955871582,12700
2008-11-24,6.75,7.71999979019165,6.650000095367432,7.71999979019165,6.127359390258789,600
2008-11-25,7.699999809265137,7.699999809265137,7.699999809265137,7.699999809265137,6.111483573913574,100
2008-11-26,7.699999809265137,7.699999809265137,7.699999809265137,7.699999809265137,6.111483573913574,0
2008-11-28,7.699999809265137,7.699999809265137,7.699999809265137,7.699999809265137,6.111483573913574,0
2008-12-01,7.019999980926514,7.019999980926514,6.230000019073486,6.880000114440918,5.46065092086792,5000
2008-12-02,6.5,7.039999961853027,6.070000171661377,7.039999961853027,5.587642192840576,1500
2008-12-03,7.039999961853027,7.039999961853027,7.039999961853027,7.039999961853027,5.587642192840576,0
2008-12-04,6.710000038146973,6.710000038146973,6.710000038146973,6.710000038146973,5.325723171234131,900
2008-12-05,6.710000038146973,6.710000038146973,6.710000038146973,6.710000038146973,5.325723171234131,0
2008-12-08,7.730000019073486,7.730000019073486,7.730000019073486,7.730000019073486,6.1352949142456055,200
2008-12-09,7.110000133514404,7.110000133514404,7.090000152587891,7.090000152587891,5.627327919006348,200
2008-12-10,7.090000152587891,7.090000152587891,7.090000152587891,7.090000152587891,5.627327919006348,0
2008-12-11,7.119999885559082,7.550000190734863,7.019999980926514,7.550000190734863,5.992429256439209,1800
2008-12-12,7.550000190734863,7.550000190734863,7.550000190734863,7.550000190734863,5.992429256439209,0
2008-12-15,7.510000228881836,7.510000228881836,7.079999923706055,7.110000133514404,5.643202304840088,1200
2008-12-16,7.050000190734863,7.050000190734863,6.900000095367432,6.900000095367432,5.476524829864502,1600
2008-12-17,7.230000019073486,7.550000190734863,7.199999809265137,7.480000019073486,5.936871528625488,900
2008-12-18,7.480000019073486,7.480000019073486,7.480000019073486,7.480000019073486,5.936871528625488,0
2008-12-19,6.900000095367432,6.900000095367432,6.900000095367432,6.900000095367432,5.476524829864502,200
2008-12-22,7.519999980926514,9.489999771118164,7.519999980926514,8.050000190734863,6.389278888702393,25000
2008-12-23,8.050000190734863,8.289999961853027,7.21999979019165,8.289999961853027,6.579765796661377,3200
2008-12-24,8.010000228881836,8.270000457763672,6.769999980926514,6.849999904632568,5.436839580535889,3600
2008-12-26,6.849999904632568,6.849999904632568,6.849999904632568,6.849999904632568,5.436839580535889,0
2008-12-29,7.78000020980835,8.949999809265137,7.5,8.5,6.844363689422607,2300
2008-12-30,8.5,8.5,8.5,8.5,6.844363689422607,0
2008-12-31,8.010000228881836,8.09000015258789,8.0,8.029999732971191,6.465909481048584,700
2009-01-02,8.029999732971191,8.029999732971191,8.029999732971191,8.029999732971191,6.465909481048584,0
2009-01-05,8.029999732971191,8.029999732971191,8.029999732971191,8.029999732971191,6.465909481048584,0
2009-01-06,8.529999732971191,8.9399995803833,8.529999732971191,8.899999618530273,7.166451454162598,1500
2009-01-07,8.260000228881836,8.5,8.109999656677246,8.109999656677246,6.530325889587402,4000
2009-01-08,8.520000457763672,8.520000457763672,8.520000457763672,8.520000457763672,6.86046838760376,400
2009-01-09,8.520000457763672,8.520000457763672,8.319999694824219,8.5,6.844363689422607,9600
2009-01-12,9.0,9.0,9.0,9.0,7.246971607208252,1000
2009-01-13,8.0,8.0,8.0,8.0,6.441752910614014,2000
2009-01-14,8.0,9.020000457763672,8.0,9.020000457763672,7.263078212738037,13800
2009-01-15,9.5,9.5,9.300000190734863,9.300000190734863,7.488537788391113,600
2009-01-16,8.140000343322754,8.960000038146973,8.119999885559082,8.960000038146973,7.214762210845947,300
2009-01-20,8.960000038146973,8.960000038146973,8.960000038146973,8.960000038146973,7.214762210845947,0
2009-01-21,8.960000038146973,8.960000038146973,8.960000038146973,8.960000038146973,7.214762210845947,0
2009-01-22,8.960000038146973,8.960000038146973,8.960000038146973,8.960000038146973,7.214762210845947,0
2009-01-23,8.300000190734863,8.300000190734863,8.289999961853027,8.289999961853027,6.675265789031982,300
2009-01-26,8.279999732971191,8.289999961853027,8.239999771118164,8.239999771118164,6.635006904602051,3700
2009-01-27,8.239999771118164,8.239999771118164,8.239999771118164,8.239999771118164,6.635006904602051,0
2009-01-28,8.029999732971191,8.029999732971191,7.539999961853027,7.539999961853027,6.071351528167725,700
2009-01-29,7.510000228881836,7.510000228881836,7.309999942779541,7.309999942779541,5.886152267456055,800
2009-01-30,8.649999618530273,8.649999618530273,8.649999618530273,8.649999618530273,6.965146541595459,200
2009-02-02,8.649999618530273,8.649999618530273,8.649999618530273,8.649999618530273,6.965146541595459,0
2009-02-03,8.649999618530273,8.649999618530273,8.649999618530273,8.649999618530273,6.965146541595459,0
2009-02-04,8.649999618530273,8.649999618530273,8.649999618530273,8.649999618530273,6.965146541595459,0
2009-02-05,8.649999618530273,8.649999618530273,8.649999618530273,8.649999618530273,6.965146541595459,0
2009-02-06,7.320000171661377,7.320000171661377,7.320000171661377,7.320000171661377,5.894205093383789,200
2009-02-09,7.159999847412109,7.159999847412109,7.159999847412109,7.159999847412109,5.765369892120361,300
2009-02-10,7.400000095367432,7.400000095367432,7.190000057220459,7.190000057220459,5.789525032043457,2000
2009-02-11,6.989999771118164,7.699999809265137,6.989999771118164,7.699999809265137,6.2001872062683105,1500
2009-02-12,7.960000038146973,8.859999656677246,7.400000095367432,7.400000095367432,5.958621025085449,3100
2009-02-13,7.400000095367432,7.400000095367432,7.400000095367432,7.400000095367432,5.958621025085449,0
2009-02-17,7.400000095367432,7.400000095367432,7.400000095367432,7.400000095367432,5.958621025085449,0
2009-02-18,7.400000095367432,7.400000095367432,7.400000095367432,7.400000095367432,5.958621025085449,0
2009-02-19,7.400000095367432,7.400000095367432,7.400000095367432,7.400000095367432,5.958621025085449,0
2009-02-20,7.400000095367432,7.400000095367432,7.400000095367432,7.400000095367432,5.958621025085449,0
2009-02-23,6.659999847412109,6.659999847412109,6.659999847412109,6.659999847412109,5.362761497497559,200
2009-02-24,6.650000095367432,6.650000095367432,6.400000095367432,6.400000095367432,5.153401851654053,1600
2009-02-25,6.400000095367432,6.400000095367432,6.400000095367432,6.400000095367432,5.153401851654053,0
2009-02-26,6.389999866485596,6.389999866485596,6.389999866485596,6.389999866485596,5.145351886749268,500
2009-02-27,6.389999866485596,6.389999866485596,6.389999866485596,6.389999866485596,5.145351886749268,0
2009-03-02,6.389999866485596,6.389999866485596,6.389999866485596,6.389999866485596,5.145351886749268,0
2009-03-03,6.389999866485596,6.389999866485596,6.389999866485596,6.389999866485596,5.145351886749268,0
2009-03-04,6.389999866485596,6.389999866485596,6.389999866485596,6.389999866485596,5.145351886749268,0
2009-03-05,6.010000228881836,6.010000228881836,6.010000228881836,6.010000228881836,4.839367866516113,700
2009-03-06,6.0,6.0,5.260000228881836,5.28000020980835,4.251556396484375,4300
2009-03-09,5.159999847412109,5.159999847412109,5.159999847412109,5.159999847412109,4.154932498931885,100
2009-03-10,5.0,5.039999961853027,5.0,5.0,4.026095867156982,800
2009-03-11,5.869999885559082,5.900000095367432,5.440000057220459,5.440000057220459,4.380392551422119,1400
2009-03-12,5.440000057220459,5.78000020980835,5.389999866485596,5.78000020980835,4.6541666984558105,4400
2009-03-13,5.25,5.400000095367432,4.510000228881836,5.400000095367432,4.348184108734131,5300
2009-03-16,5.579999923706055,5.579999923706055,5.380000114440918,5.380000114440918,4.332078456878662,400
2009-03-17,5.75,5.75,5.75,5.75,4.630009651184082,200
2009-03-18,5.71999979019165,6.46999979019165,5.71999979019165,6.46999979019165,5.209768772125244,1700
2009-03-19,6.46999979019165,6.46999979019165,6.46999979019165,6.46999979019165,5.209768772125244,0
2009-03-20,6.46999979019165,6.46999979019165,6.46999979019165,6.46999979019165,5.209768772125244,0
2009-03-23,6.46999979019165,6.46999979019165,6.46999979019165,6.46999979019165,5.209768772125244,0
2009-03-24,6.21999979019165,6.460000038146973,6.21999979019165,6.460000038146973,5.201716423034668,500
2009-03-25,6.460000038146973,6.460000038146973,6.460000038146973,6.460000038146973,5.201716423034668,0
2009-03-26,6.0,6.050000190734863,6.0,6.0,4.831315517425537,1100
2009-03-27,6.460000038146973,6.920000076293945,6.03000020980835,6.539999961853027,5.353574752807617,6500
2009-03-30,6.579999923706055,7.25,5.96999979019165,6.679999828338623,5.468177795410156,11800
2009-03-31,6.150000095367432,6.590000152587891,6.03000020980835,6.389999866485596,5.2307868003845215,6800
2009-04-01,6.130000114440918,7.159999847412109,6.130000114440918,6.329999923706055,5.1816725730896,7700
2009-04-02,6.349999904632568,6.349999904632568,6.349999904632568,6.349999904632568,5.198043346405029,100
2009-04-03,6.210000038146973,7.0,6.210000038146973,6.489999771118164,5.31264591217041,5000
2009-04-06,6.880000114440918,6.880000114440918,6.599999904632568,6.739999771118164,5.517292499542236,1300
2009-04-07,6.739999771118164,6.739999771118164,6.739999771118164,6.739999771118164,5.517292499542236,0
2009-04-08,6.909999847412109,6.909999847412109,6.539999961853027,6.860000133514404,5.615523815155029,4000
2009-04-09,6.809999942779541,6.809999942779541,6.809999942779541,6.809999942779541,5.574594497680664,200
2009-04-13,7.389999866485596,7.389999866485596,6.980000019073486,7.360000133514404,6.024819374084473,16400
2009-04-14,7.400000095367432,7.840000152587891,6.909999847412109,7.840000152587891,6.417742729187012,7400
2009-04-15,7.96999979019165,8.0,7.860000133514404,7.860000133514404,6.4341139793396,300
2009-04-16,7.980000019073486,7.980000019073486,7.980000019073486,7.980000019073486,6.532344818115234,200
2009-04-17,7.760000228881836,7.760000228881836,6.989999771118164,7.099999904632568,5.811985015869141,2100
2009-04-20,8.0,8.0,7.059999942779541,8.0,6.548715114593506,1500
2009-04-21,7.46999979019165,7.550000190734863,6.590000152587891,7.199999809265137,5.893844127655029,3400
2009-04-22,7.300000190734863,7.739999771118164,7.300000190734863,7.739999771118164,6.335882186889648,1500
2009-04-23,8.0,8.0,8.0,8.0,6.548715114593506,500
2009-04-24,7.570000171661377,7.599999904632568,7.550000190734863,7.599999904632568,6.221279621124268,800
2009-04-27,7.849999904632568,7.900000095367432,7.099999904632568,7.179999828338623,5.877472400665283,5200
2009-04-28,6.809999942779541,7.619999885559082,6.639999866485596,7.440000057220459,6.090305805206299,7800
2009-04-29,7.75,7.849999904632568,6.519999980926514,7.389999866485596,6.049375534057617,32600
2009-04-30,7.75,8.449999809265137,7.75,8.380000114440918,6.8597798347473145,19400
2009-05-01,8.699999809265137,8.699999809265137,8.4399995803833,8.4399995803833,6.908895492553711,1000
2009-05-04,8.850000381469727,8.869999885559082,8.109999656677246,8.850000381469727,7.244518756866455,600
2009-05-05,8.850000381469727,8.850000381469727,8.850000381469727,8.850000381469727,7.244518756866455,0
2009-05-06,8.850000381469727,8.899999618530273,8.850000381469727,8.899999618530273,7.285447120666504,400
2009-05-07,8.739999771118164,8.739999771118164,8.079999923706055,8.470000267028809,6.93345308303833,2400
2009-05-08,8.84000015258789,8.84000015258789,8.470000267028809,8.470000267028809,6.93345308303833,200
2009-05-11,8.5,8.600000381469727,8.289999961853027,8.460000038146973,6.925265789031982,4600
2009-05-12,8.859999656677246,8.859999656677246,8.039999961853027,8.479999542236328,6.94163703918457,900
2009-05-13,8.479999542236328,8.479999542236328,8.479999542236328,8.479999542236328,6.94163703918457,0
2009-05-14,8.479999542236328,8.479999542236328,8.479999542236328,8.479999542236328,6.94163703918457,0
2009-05-15,8.539999961853027,8.710000038146973,8.5,8.550000190734863,6.9989399909973145,5100
2009-05-18,8.550000190734863,8.550000190734863,8.550000190734863,8.550000190734863,6.9989399909973145,0
2009-05-19,8.550000190734863,8.550000190734863,8.550000190734863,8.550000190734863,6.9989399909973145,0
2009-05-20,8.100000381469727,8.100000381469727,8.100000381469727,8.100000381469727,6.630575180053711,200
2009-05-21,8.130000114440918,8.220000267028809,8.09000015258789,8.220000267028809,6.728806018829346,900
2009-05-22,8.239999771118164,8.239999771118164,8.239999771118164,8.239999771118164,6.745177745819092,100
2009-05-26,8.239999771118164,8.239999771118164,8.239999771118164,8.239999771118164,6.745177745819092,0
2009-05-27,8.09000015258789,8.09000015258789,7.099999904632568,7.460000038146973,6.106677055358887,2200
2009-05-28,8.25,8.25,8.25,8.25,6.75336217880249,100
2009-05-29,7.260000228881836,8.0,7.099999904632568,7.480000019073486,6.123050689697266,3400
2009-06-01,7.320000171661377,7.559999942779541,7.320000171661377,7.389999866485596,6.049375534057617,1300
2009-06-02,7.670000076293945,7.699999809265137,7.639999866485596,7.699999809265137,6.30313777923584,900
2009-06-03,7.699999809265137,7.699999809265137,7.699999809265137,7.699999809265137,6.30313777923584,0
2009-06-04,7.289999961853027,7.989999771118164,7.289999961853027,7.849999904632568,6.42592716217041,3800
2009-06-05,7.980000019073486,7.980000019073486,7.179999828338623,7.179999828338623,5.877472400665283,1400
2009-06-08,7.78000020980835,7.78000020980835,7.239999771118164,7.239999771118164,5.9265875816345215,3000
2009-06-09,8.050000190734863,8.050000190734863,7.360000133514404,7.550000190734863,6.180349826812744,900
2009-06-10,7.190000057220459,7.5,7.190000057220459,7.5,6.139420986175537,1100
2009-06-11,7.5,8.25,7.5,7.860000133514404,6.4341139793396,2800
2009-06-12,7.860000133514404,7.860000133514404,7.860000133514404,7.860000133514404,6.4341139793396,0
2009-06-15,7.860000133514404,7.860000133514404,7.860000133514404,7.860000133514404,6.4341139793396,0
2009-06-16,7.860000133514404,7.860000133514404,7.860000133514404,7.860000133514404,6.4341139793396,0
2009-06-17,7.849999904632568,7.849999904632568,7.0,7.0,5.730127811431885,4000
2009-06-18,6.619999885559082,7.019999980926514,6.559999942779541,6.949999809265137,5.689197540283203,8300
2009-06-19,7.019999980926514,7.230000019073486,7.019999980926514,7.230000019073486,5.918402671813965,700
2009-06-22,6.760000228881836,7.900000095367432,6.75,7.900000095367432,6.466857433319092,6200
2009-06-23,7.210000038146973,7.480000019073486,7.010000228881836,7.019999980926514,5.746497631072998,2400
2009-06-24,6.75,8.210000038146973,6.75,7.670000076293945,6.278581619262695,6100
2009-06-25,8.0,8.050000190734863,6.880000114440918,6.940000057220459,5.681012153625488,3900
2009-06-26,7.940000057220459,7.949999809265137,7.25,7.949999809265137,6.5540618896484375,5100
2009-06-29,7.949999809265137,7.949999809265137,7.949999809265137,7.949999809265137,6.5540618896484375,0
2009-06-30,7.599999904632568,7.599999904632568,7.110000133514404,7.110000133514404,5.861557483673096,1500
2009-07-01,7.110000133514404,7.329999923706055,7.110000133514404,7.269999980926514,5.993464469909668,4700
2009-07-02,7.269999980926514,7.949999809265137,7.170000076293945,7.679999828338623,6.331470966339111,5900
2009-07-06,7.679999828338623,7.679999828338623,7.679999828338623,7.679999828338623,6.331470966339111,0
2009-07-07,6.920000076293945,7.5,6.710000038146973,6.769999980926514,5.581256866455078,600
2009-07-08,7.730000019073486,7.920000076293945,7.050000190734863,7.300000190734863,6.018195629119873,3200
2009-07-09,7.329999923706055,7.340000152587891,7.130000114440918,7.300000190734863,6.018195629119873,700
2009-07-10,7.929999828338623,7.929999828338623,6.980000019073486,7.289999961853027,6.009949684143066,9800
2009-07-13,7.210000038146973,7.659999847412109,7.210000038146973,7.519999980926514,6.199565887451172,7600
2009-07-14,7.5,7.5,7.5,7.5,6.183076858520508,100
2009-07-15,7.349999904632568,7.5,7.0,7.5,6.183076858520508,1600
2009-07-16,7.239999771118164,7.900000095367432,7.239999771118164,7.53000020980835,6.207808494567871,15500
2009-07-17,7.900000095367432,7.900000095367432,7.699999809265137,7.789999961853027,6.422155380249023,1300
2009-07-20,7.46999979019165,7.5,7.46999979019165,7.489999771118164,6.17483377456665,700
2009-07-21,7.210000038146973,7.260000228881836,7.130000114440918,7.130000114440918,5.878044605255127,400
2009-07-22,7.25,7.25,7.0,7.25,5.976973533630371,11600
2009-07-23,7.5,8.829999923706055,7.5,8.5,7.007488250732422,14900
2009-07-24,8.489999771118164,8.489999771118164,7.800000190734863,7.800000190734863,6.43040132522583,7500
2009-07-27,7.409999847412109,7.510000228881836,7.409999847412109,7.510000228881836,6.191321849822998,2000
2009-07-28,7.460000038146973,8.470000267028809,7.460000038146973,8.039999961853027,6.62825870513916,9000
2009-07-29,7.800000190734863,7.880000114440918,7.590000152587891,7.800000190734863,6.43040132522583,1400
2009-07-30,7.150000095367432,7.150000095367432,7.150000095367432,7.150000095367432,5.894534111022949,100
2009-07-31,7.449999809265137,7.800000190734863,7.300000190734863,7.300000190734863,6.018195629119873,8100
2009-08-03,7.789999961853027,7.789999961853027,7.099999904632568,7.210000038146973,5.943997859954834,6400
2009-08-04,7.400000095367432,7.400000095367432,7.210000038146973,7.28000020980835,6.001707553863525,2200
2009-08-05,7.400000095367432,8.09000015258789,7.199999809265137,7.389999866485596,6.0923919677734375,12400
2009-08-06,7.989999771118164,7.989999771118164,7.0,7.409999847412109,6.108880043029785,4300
2009-08-07,7.300000190734863,7.739999771118164,7.210000038146973,7.210000038146973,5.943997859954834,21500
2009-08-10,7.199999809265137,7.789999961853027,7.159999847412109,7.630000114440918,6.290249824523926,3900
2009-08-11,7.75,7.75,7.75,7.75,6.389179706573486,100
2009-08-12,7.639999866485596,7.639999866485596,7.150000095367432,7.329999923706055,6.042926788330078,6100
2009-08-13,7.639999866485596,7.639999866485596,7.400000095367432,7.400000095367432,6.100635051727295,2800
2009-08-14,7.21999979019165,7.570000171661377,7.110000133514404,7.110000133514404,5.861557483673096,1700
2009-08-17,7.429999828338623,7.429999828338623,6.769999980926514,6.769999980926514,5.581256866455078,5100
2009-08-18,7.150000095367432,7.150000095367432,6.5,6.739999771118164,5.55652379989624,1300
2009-08-19,7.239999771118164,7.260000228881836,7.130000114440918,7.130000114440918,5.878044605255127,400
2009-08-20,7.199999809265137,7.199999809265137,6.03000020980835,6.78000020980835,5.589501857757568,800
2009-08-21,7.190000057220459,7.190000057220459,6.150000095367432,7.159999847412109,5.902776718139648,2100
2009-08-24,6.5,6.5,6.050000190734863,6.050000190734863,4.987682342529297,700
2009-08-25,6.079999923706055,6.460000038146973,6.050000190734863,6.050000190734863,4.987682342529297,3100
2009-08-26,6.489999771118164,6.489999771118164,6.050000190734863,6.050000190734863,4.987682342529297,800
2009-08-27,6.25,6.679999828338623,6.25,6.679999828338623,5.507059574127197,400
2009-08-28,6.269999980926514,6.269999980926514,6.010000228881836,6.260000228881836,5.160808086395264,2000
2009-08-31,6.349999904632568,6.599999904632568,6.349999904632568,6.480000019073486,5.3421783447265625,600
2009-09-01,6.019999980926514,6.389999866485596,6.019999980926514,6.389999866485596,5.26798152923584,400
2009-09-02,6.010000228881836,6.010000228881836,6.0,6.0,4.946460247039795,400
2009-09-03,6.010000228881836,6.360000133514404,6.0,6.360000133514404,5.243249416351318,700
2009-09-04,6.360000133514404,6.360000133514404,6.360000133514404,6.360000133514404,5.243249416351318,0
2009-09-08,6.239999771118164,6.239999771118164,6.230000019073486,6.239999771118164,5.144319534301758,700
2009-09-09,6.239999771118164,6.239999771118164,6.239999771118164,6.239999771118164,5.144319534301758,0
2009-09-10,6.239999771118164,6.239999771118164,6.239999771118164,6.239999771118164,5.144319534301758,0
2009-09-11,6.03000020980835,6.03000020980835,6.03000020980835,6.03000020980835,4.971192836761475,100
2009-09-14,6.25,6.25,5.900000095367432,6.199999809265137,5.111342906951904,1000
2009-09-15,6.190000057220459,6.559999942779541,6.190000057220459,6.230000019073486,5.136075019836426,4000
2009-09-16,6.769999980926514,6.769999980926514,6.159999847412109,6.679999828338623,5.507059574127197,1100
2009-09-17,6.679999828338623,6.679999828338623,6.679999828338623,6.679999828338623,5.507059574127197,200
2009-09-18,6.820000171661377,6.820000171661377,6.409999847412109,6.409999847412109,5.284470081329346,1300
2009-09-21,6.389999866485596,6.659999847412109,6.199999809265137,6.659999847412109,5.490572452545166,900
2009-09-22,6.71999979019165,6.71999979019165,6.71999979019165,6.71999979019165,5.540036201477051,100
2009-09-23,6.460000038146973,6.460000038146973,6.010000228881836,6.010000228881836,4.954705238342285,800
2009-09-24,6.75,6.75,6.75,6.75,5.564767837524414,200
2009-09-25,6.75,6.75,6.75,6.75,5.564767837524414,0
2009-09-28,6.050000190734863,6.699999809265137,6.050000190734863,6.690000057220459,5.515303611755371,500
2009-09-29,6.690000057220459,6.690000057220459,6.690000057220459,6.690000057220459,5.515303611755371,0
2009-09-30,6.690000057220459,6.690000057220459,6.690000057220459,6.690000057220459,5.515303611755371,0
2009-10-01,6.690000057220459,6.690000057220459,6.690000057220459,6.690000057220459,5.515303611755371,0
2009-10-02,6.0,6.380000114440918,6.0,6.380000114440918,5.259737968444824,500
2009-10-05,6.199999809265137,6.199999809265137,6.199999809265137,6.199999809265137,5.111342906951904,200
2009-10-06,6.0,6.340000152587891,6.0,6.340000152587891,5.2267608642578125,1200
2009-10-07,6.0,6.0,5.400000095367432,5.400000095367432,4.451817512512207,3200
2009-10-08,6.28000020980835,6.28000020980835,6.03000020980835,6.03000020980835,4.971192836761475,200
2009-10-09,6.320000171661377,6.320000171661377,6.010000228881836,6.21999979019165,5.127832889556885,400
2009-10-12,6.320000171661377,6.329999923706055,6.269999980926514,6.289999961853027,5.185541152954102,1800
2009-10-13,5.800000190734863,6.139999866485596,5.800000190734863,6.110000133514404,5.037147045135498,3500
2009-10-14,6.079999923706055,6.079999923706055,6.079999923706055,6.079999923706055,5.012413501739502,200
2009-10-15,6.25,6.340000152587891,5.889999866485596,6.340000152587891,5.2267608642578125,1400
2009-10-16,5.800000190734863,5.800000190734863,5.800000190734863,5.800000190734863,4.781580448150635,200
2009-10-19,6.320000171661377,6.320000171661377,5.800000190734863,5.800000190734863,4.781580448150635,1700
2009-10-20,5.989999771118164,5.989999771118164,5.800000190734863,5.800000190734863,4.781580448150635,1200
2009-10-21,5.730000019073486,6.0,5.730000019073486,6.0,4.946460247039795,700
2009-10-22,5.699999809265137,6.0,5.699999809265137,5.75,4.740358352661133,2100
2009-10-23,6.079999923706055,6.079999923706055,6.079999923706055,6.079999923706055,5.012413501739502,100
2009-10-26,6.079999923706055,6.079999923706055,6.079999923706055,6.079999923706055,5.012413501739502,0
2009-10-27,5.699999809265137,5.699999809265137,5.699999809265137,5.699999809265137,4.69913911819458,200
2009-10-28,5.699999809265137,5.699999809265137,5.699999809265137,5.699999809265137,4.69913911819458,0
2009-10-29,6.039999961853027,6.039999961853027,6.039999961853027,6.039999961853027,4.979437828063965,100
2009-10-30,5.550000190734863,5.550000190734863,5.449999809265137,5.449999809265137,4.493036270141602,3300
2009-11-02,6.010000228881836,6.010000228881836,5.570000171661377,5.570000171661377,4.591965198516846,300
2009-11-03,5.480000019073486,5.480000019073486,5.449999809265137,5.449999809265137,4.493036270141602,1600
2009-11-04,5.449999809265137,5.449999809265137,5.449999809265137,5.449999809265137,4.493036270141602,0
2009-11-05,5.650000095367432,5.659999847412109,5.21999979019165,5.25,4.328154563903809,700
2009-11-06,5.25,5.25,5.25,5.25,4.328154563903809,0
2009-11-09,5.110000133514404,5.110000133514404,5.110000133514404,5.110000133514404,4.212738513946533,200
2009-11-10,5.179999828338623,5.25,5.179999828338623,5.25,4.328154563903809,3000
2009-11-11,5.050000190734863,5.050000190734863,5.03000020980835,5.03000020980835,4.146783828735352,600
2009-11-12,5.03000020980835,5.03000020980835,5.03000020980835,5.03000020980835,4.146783828735352,0
2009-11-13,5.0,5.0,4.71999979019165,4.71999979019165,3.8912158012390137,1100
2009-11-16,5.21999979019165,5.21999979019165,4.949999809265137,4.949999809265137,4.080831050872803,400
2009-11-17,5.179999828338623,5.179999828338623,5.179999828338623,5.179999828338623,4.270444869995117,100
2009-11-18,5.179999828338623,5.179999828338623,5.179999828338623,5.179999828338623,4.270444869995117,0
2009-11-19,5.550000190734863,5.550000190734863,5.21999979019165,5.25,4.328154563903809,1500
2009-11-20,5.650000095367432,5.650000095367432,5.650000095367432,5.650000095367432,4.657918930053711,100
2009-11-23,5.340000152587891,5.519999980926514,5.050000190734863,5.050000190734863,4.163272380828857,1100
2009-11-24,5.0,5.0,5.0,5.0,4.12205171585083,1000
2009-11-25,5.059999942779541,5.059999942779541,5.010000228881836,5.010000228881836,4.130293846130371,1500
2009-11-27,4.409999847412109,5.199999809265137,4.400000095367432,5.190000057220459,4.278689384460449,1800
2009-11-30,5.630000114440918,5.630000114440918,5.0,5.0,4.12205171585083,300
2009-12-01,5.0,5.0,4.960000038146973,4.960000038146973,4.089076042175293,700
2009-12-02,4.630000114440918,4.78000020980835,4.409999847412109,4.550000190734863,3.7510671615600586,1400
2009-12-03,4.800000190734863,4.800000190734863,4.800000190734863,4.800000190734863,3.9571690559387207,100
2009-12-04,4.989999771118164,4.989999771118164,3.549999952316284,3.690000057220459,3.0420737266540527,15400
2009-12-07,4.429999828338623,4.429999828338623,4.039999961853027,4.039999961853027,3.3306171894073486,5900
2009-12-08,4.380000114440918,4.380000114440918,4.090000152587891,4.239999771118164,3.4954988956451416,7000
2009-12-09,4.25,4.650000095367432,4.25,4.650000095367432,3.8335084915161133,8700
2009-12-10,4.510000228881836,4.519999980926514,4.460000038146973,4.460000038146973,3.676870584487915,1600
2009-12-11,4.650000095367432,4.650000095367432,4.650000095367432,4.650000095367432,3.8335084915161133,300
2009-12-14,4.690000057220459,4.690000057220459,4.25,4.25,3.503744125366211,4000
2009-12-15,4.260000228881836,4.5,4.199999809265137,4.199999809265137,3.4625227451324463,8100
2009-12-16,4.489999771118164,4.489999771118164,4.489999771118164,4.489999771118164,3.701601982116699,100
2009-12-17,4.300000190734863,4.300000190734863,4.050000190734863,4.159999847412109,3.429547071456909,4100
2009-12-18,4.099999904632568,4.25,4.099999904632568,4.099999904632568,3.3800816535949707,1600
2009-12-21,4.349999904632568,4.369999885559082,4.110000133514404,4.369999885559082,3.602673053741455,800
2009-12-22,4.059999942779541,4.070000171661377,4.050000190734863,4.050000190734863,3.3388617038726807,2800
2009-12-23,4.070000171661377,4.070000171661377,3.7300000190734863,3.75,3.091538429260254,11500
2009-12-24,3.940000057220459,3.940000057220459,3.7300000190734863,3.75,3.091538429260254,2400
2009-12-28,3.7899999618530273,3.9000000953674316,3.7899999618530273,3.9000000953674316,3.215200662612915,1700
2009-12-29,3.9000000953674316,4.650000095367432,3.7699999809265137,4.650000095367432,3.8335084915161133,2100
2009-12-30,4.039999961853027,4.590000152587891,3.869999885559082,4.579999923706055,3.7757980823516846,3400
2009-12-31,4.630000114440918,4.630000114440918,4.610000133514404,4.610000133514404,3.8005309104919434,200
2010-01-04,4.269999980926514,4.5,4.210000038146973,4.5,3.7098464965820312,1700
2010-01-05,4.5,4.5,4.25,4.25,3.503744125366211,4200
2010-01-06,4.5,4.5,4.389999866485596,4.389999866485596,3.6191601753234863,900
2010-01-07,4.389999866485596,4.389999866485596,4.320000171661377,4.320000171661377,3.561452627182007,500
2010-01-08,4.309999942779541,4.309999942779541,4.309999942779541,4.309999942779541,3.5532078742980957,100
2010-01-11,4.349999904632568,4.5,4.349999904632568,4.489999771118164,3.701601982116699,600
2010-01-12,4.489999771118164,4.489999771118164,4.269999980926514,4.28000020980835,3.528475046157837,3700
2010-01-13,4.28000020980835,4.489999771118164,4.269999980926514,4.389999866485596,3.6191601753234863,800
2010-01-14,4.389999866485596,4.389999866485596,4.389999866485596,4.389999866485596,3.6191601753234863,0
2010-01-15,4.230000019073486,4.230000019073486,4.230000019073486,4.230000019073486,3.4872543811798096,700
2010-01-19,4.489999771118164,4.489999771118164,4.389999866485596,4.400000095367432,3.6274051666259766,1800
2010-01-20,4.25,4.25,4.25,4.25,3.503744125366211,400
2010-01-21,4.25,4.25,4.25,4.25,3.503744125366211,400
2010-01-22,4.25,4.269999980926514,4.150000095367432,4.150000095367432,3.4213035106658936,2100
2010-01-25,3.7899999618530273,3.9800000190734863,3.7899999618530273,3.9800000190734863,3.2811527252197266,1200
2010-01-26,3.990000009536743,3.990000009536743,3.799999952316284,3.799999952316284,3.132758617401123,1800
2010-01-27,3.950000047683716,3.950000047683716,3.7300000190734863,3.7300000190734863,3.075049877166748,8500
2010-01-28,3.7300000190734863,3.7300000190734863,3.7300000190734863,3.7300000190734863,3.075049877166748,0
2010-01-29,3.75,3.75,3.740000009536743,3.740000009536743,3.0832948684692383,500
2010-02-01,3.7300000190734863,4.449999809265137,3.7300000190734863,4.440000057220459,3.660381555557251,13000
2010-02-02,4.449999809265137,4.449999809265137,4.449999809265137,4.449999809265137,3.668625831604004,1200
2010-02-03,3.859999895095825,4.579999923706055,3.859999895095825,4.579999923706055,3.7757980823516846,8500
2010-02-04,4.579999923706055,4.579999923706055,4.579999923706055,4.579999923706055,3.7757980823516846,0
2010-02-05,3.809999942779541,4.5,3.6700000762939453,4.440000057220459,3.660381555557251,2600
2010-02-08,4.440000057220459,4.440000057220459,4.440000057220459,4.440000057220459,3.660381555557251,0
2010-02-09,4.639999866485596,4.639999866485596,3.990000009536743,4.239999771118164,3.4954988956451416,4400
2010-02-10,4.599999904632568,4.599999904632568,3.759999990463257,3.859999895095825,3.1822235584259033,29200
2010-02-11,3.9200000762939453,3.9700000286102295,3.8299999237060547,3.9700000286102295,3.2729084491729736,1900
2010-02-12,3.8399999141693115,4.130000114440918,3.75,3.9600000381469727,3.264664888381958,12600
2010-02-16,4.170000076293945,4.300000190734863,3.8499999046325684,4.010000228881836,3.3058855533599854,3300
2010-02-17,4.239999771118164,4.420000076293945,4.230000019073486,4.239999771118164,3.4954988956451416,3500
2010-02-18,4.239999771118164,4.25,4.099999904632568,4.099999904632568,3.3800816535949707,2700
2010-02-19,4.0,4.019999980926514,4.0,4.010000228881836,3.3058855533599854,1800
2010-02-22,4.0,4.0,4.0,4.0,3.2976412773132324,1800
2010-02-23,3.950000047683716,4.0,3.740000009536743,3.9100000858306885,3.2234444618225098,2500
2010-02-24,3.9000000953674316,3.9200000762939453,3.819999933242798,3.9200000762939453,3.2316884994506836,900
2010-02-25,3.9200000762939453,3.9200000762939453,3.9200000762939453,3.9200000762939453,3.2316884994506836,0
2010-02-26,3.7799999713897705,3.819999933242798,3.7799999713897705,3.819999933242798,3.14924693107605,200
2010-03-01,3.7799999713897705,3.859999895095825,3.5,3.619999885559082,2.9843649864196777,21900
2010-03-02,3.819999933242798,3.859999895095825,3.799999952316284,3.799999952316284,3.132758617401123,1000
2010-03-03,3.6600000858306885,3.75,3.6600000858306885,3.75,3.091538429260254,1500
2010-03-04,3.8499999046325684,3.859999895095825,3.700000047683716,3.7899999618530273,3.124514579772949,6300
2010-03-05,3.7899999618530273,3.9000000953674316,3.7899999618530273,3.9000000953674316,3.215200662612915,3100
2010-03-08,3.9000000953674316,4.0,3.9000000953674316,4.0,3.2976412773132324,2700
2010-03-09,4.0,4.0,4.0,4.0,3.2976412773132324,0
2010-03-10,4.199999809265137,4.239999771118164,4.010000228881836,4.010000228881836,3.3058855533599854,18200
2010-03-11,4.190000057220459,4.190000057220459,4.019999980926514,4.019999980926514,3.31412935256958,200
2010-03-12,4.070000171661377,4.179999828338623,4.010000228881836,4.179999828338623,3.4460349082946777,1000
2010-03-15,4.090000152587891,4.110000133514404,4.03000020980835,4.110000133514404,3.388326644897461,900
2010-03-16,4.460000038146973,4.460000038146973,4.360000133514404,4.360000133514404,3.5944299697875977,500
2010-03-17,4.349999904632568,4.400000095367432,4.25,4.400000095367432,3.6274051666259766,4400
2010-03-18,4.5,4.5,4.210000038146973,4.320000171661377,3.561452627182007,5500
2010-03-19,4.099999904632568,4.25,4.019999980926514,4.170000076293945,3.437791347503662,7100
2010-03-22,4.25,4.25,4.170000076293945,4.21999979019165,3.479011058807373,1600
2010-03-23,4.21999979019165,4.21999979019165,4.21999979019165,4.21999979019165,3.479011058807373,0
2010-03-24,4.059999942779541,4.420000076293945,4.059999942779541,4.420000076293945,3.6438939571380615,1600
2010-03-25,4.349999904632568,4.400000095367432,4.349999904632568,4.360000133514404,3.5944299697875977,3100
2010-03-26,4.25,4.25,4.25,4.25,3.503744125366211,1300
2010-03-29,4.119999885559082,4.75,4.050000190734863,4.5,3.7098464965820312,40200
2010-03-30,4.690000057220459,5.5,4.690000057220459,5.400000095367432,4.451817512512207,24100
2010-03-31,5.389999866485596,6.059999942779541,5.360000133514404,5.840000152587891,4.81455659866333,22400
2010-04-01,6.0,6.300000190734863,5.900000095367432,5.900000095367432,4.8640217781066895,3600
2010-04-05,5.900000095367432,7.650000095367432,5.900000095367432,7.0,5.770872116088867,38300
2010-04-06,7.090000152587891,7.900000095367432,6.699999809265137,7.710000038146973,6.356202602386475,87300
2010-04-07,7.869999885559082,8.0,7.5,7.869999885559082,6.488109588623047,26500
2010-04-08,7.53000020980835,7.989999771118164,7.0,7.5,6.183076858520508,28400
2010-04-09,7.559999942779541,7.800000190734863,7.070000171661377,7.300000190734863,6.018195629119873,4500
2010-04-12,7.300000190734863,7.849999904632568,6.650000095367432,7.619999885559082,6.282006740570068,31400
2010-04-13,7.460000038146973,7.630000114440918,7.25,7.269999980926514,5.993464469909668,9800
2010-04-14,6.900000095367432,7.980000019073486,6.900000095367432,7.699999809265137,6.347958087921143,32100
2010-04-15,7.460000038146973,7.949999809265137,7.260000228881836,7.659999847412109,6.314981937408447,12400
2010-04-16,7.550000190734863,7.579999923706055,7.099999904632568,7.190000057220459,5.927508354187012,5200
2010-04-19,7.309999942779541,7.449999809265137,6.659999847412109,6.809999942779541,5.614234447479248,2400
2010-04-20,6.960000038146973,7.0,6.510000228881836,6.53000020980835,5.38339900970459,4300
2010-04-21,6.650000095367432,7.420000076293945,6.539999961853027,7.110000133514404,5.861557483673096,19100
2010-04-22,6.989999771118164,7.28000020980835,6.900000095367432,7.199999809265137,5.935752868652344,4000
2010-04-23,7.019999980926514,7.199999809265137,7.0,7.0,5.770872116088867,1400
2010-04-26,7.199999809265137,8.40999984741211,7.199999809265137,8.199999809265137,6.760163307189941,19200
2010-04-27,8.0,8.050000190734863,7.400000095367432,7.650000095367432,6.306738376617432,11300
2010-04-28,7.690000057220459,7.960000038146973,7.400000095367432,7.900000095367432,6.512841701507568,13500
2010-04-29,7.949999809265137,8.0,7.599999904632568,7.730000019073486,6.372690200805664,10200
2010-04-30,8.0,8.0,7.25,7.380000114440918,6.0841474533081055,6900
2010-05-03,7.710000038146973,7.929999828338623,7.5,7.800000190734863,6.43040132522583,10100
2010-05-04,7.510000228881836,7.929999828338623,7.309999942779541,7.769999980926514,6.405669212341309,11900
2010-05-05,7.510000228881836,8.25,7.5,7.730000019073486,6.372690200805664,8600
2010-05-06,7.800000190734863,9.25,7.75,8.65999984741211,7.1393914222717285,48800
2010-05-07,8.710000038146973,9.0,8.619999885559082,8.619999885559082,7.106415748596191,6700
2010-05-10,8.100000381469727,9.199999809265137,7.909999847412109,8.199999809265137,6.760163307189941,7500
2010-05-11,8.0,8.039999961853027,7.929999828338623,7.929999828338623,6.53757381439209,1000
2010-05-12,8.0,8.0,8.0,8.0,6.595282554626465,300
2010-05-13,7.840000152587891,8.069999694824219,7.78000020980835,8.069999694824219,6.652989864349365,600
2010-05-14,7.989999771118164,8.470000267028809,7.659999847412109,8.140000343322754,6.710698127746582,4200
2010-05-17,8.050000190734863,8.5,8.020000457763672,8.470000267028809,6.982754230499268,800
2010-05-18,8.3100004196167,8.390000343322754,8.010000228881836,8.369999885559082,6.900313377380371,2000
2010-05-19,8.100000381469727,8.960000038146973,7.940000057220459,8.380000114440918,6.908559322357178,4100
2010-05-20,8.039999961853027,8.430000305175781,7.900000095367432,8.430000305175781,6.949778079986572,3100
2010-05-21,8.279999732971191,8.369999885559082,8.0,8.369999885559082,6.900313377380371,2800
2010-05-24,7.539999961853027,8.180000305175781,7.5,8.180000305175781,6.743675708770752,1200
2010-05-25,7.539999961853027,7.539999961853027,7.050000190734863,7.230000019073486,5.96048641204834,6200
2010-05-26,7.5,7.5,7.25,7.25,5.976973533630371,2700
2010-05-27,7.349999904632568,7.349999904632568,7.0,7.21999979019165,5.952241897583008,2900
2010-05-28,7.199999809265137,7.199999809265137,7.199999809265137,7.199999809265137,5.935752868652344,200
2010-06-01,6.610000133514404,7.25,6.599999904632568,6.949999809265137,5.72965145111084,3600
2010-06-02,7.199999809265137,7.320000171661377,6.949999809265137,6.949999809265137,5.72965145111084,1400
2010-06-03,7.0,7.0,7.0,7.0,5.770872116088867,100
2010-06-04,6.909999847412109,7.800000190734863,6.900000095367432,7.800000190734863,6.43040132522583,4500
2010-06-07,7.5,8.0,7.5,7.599999904632568,6.265517234802246,4300
2010-06-08,6.900000095367432,7.050000190734863,6.760000228881836,6.860000133514404,5.655454635620117,1700
2010-06-09,6.639999866485596,6.860000133514404,6.630000114440918,6.860000133514404,5.655454635620117,800
2010-06-10,6.659999847412109,7.239999771118164,6.659999847412109,6.900000095367432,5.688431262969971,3100
2010-06-11,6.769999980926514,6.860000133514404,6.610000133514404,6.75,5.564767837524414,2100
2010-06-14,7.190000057220459,7.21999979019165,6.679999828338623,6.679999828338623,5.507059574127197,1300
2010-06-15,6.630000114440918,7.449999809265137,6.610000133514404,6.860000133514404,5.655454635620117,8100
2010-06-16,6.639999866485596,6.760000228881836,6.619999885559082,6.75,5.564767837524414,900
2010-06-17,6.980000019073486,7.400000095367432,6.96999979019165,7.050000190734863,5.812090873718262,8400
2010-06-18,7.0,7.0,7.0,7.0,5.770872116088867,400
2010-06-21,7.179999828338623,7.199999809265137,7.059999942779541,7.059999942779541,5.820335865020752,2800
2010-06-22,7.059999942779541,7.199999809265137,7.0,7.0,5.770872116088867,5700
2010-06-23,7.050000190734863,7.050000190734863,6.929999828338623,6.929999828338623,5.71316385269165,600
2010-06-24,6.929999828338623,6.929999828338623,6.929999828338623,6.929999828338623,5.71316385269165,0
2010-06-25,7.0,7.010000228881836,6.610000133514404,6.610000133514404,5.449350833892822,2700
2010-06-28,6.610000133514404,7.199999809265137,6.599999904632568,7.159999847412109,5.902776718139648,5600
2010-06-29,7.199999809265137,7.199999809265137,7.099999904632568,7.099999904632568,5.853312015533447,400
2010-06-30,7.0,7.0,7.0,7.0,5.770872116088867,400
2010-07-01,7.0,7.0,7.0,7.0,5.770872116088867,0
2010-07-02,7.0,7.0,7.0,7.0,5.770872116088867,0
2010-07-06,7.0,7.0,6.690000057220459,7.0,5.770872116088867,1400
2010-07-07,6.710000038146973,6.900000095367432,6.699999809265137,6.769999980926514,5.581256866455078,2300
2010-07-08,6.699999809265137,6.900000095367432,6.599999904632568,6.650000095367432,5.482327938079834,4700
2010-07-09,6.650000095367432,6.650000095367432,6.650000095367432,6.650000095367432,5.482327938079834,0
2010-07-12,6.599999904632568,6.630000114440918,6.460000038146973,6.630000114440918,5.465839862823486,2900
2010-07-13,6.610000133514404,6.639999866485596,6.050000190734863,6.28000020980835,5.177294731140137,5500
2010-07-14,6.559999942779541,6.570000171661377,5.840000152587891,5.840000152587891,4.81455659866333,3300
2010-07-15,5.840000152587891,5.840000152587891,5.840000152587891,5.840000152587891,4.81455659866333,0
2010-07-16,6.570000171661377,6.570000171661377,6.099999904632568,6.150000095367432,5.070122718811035,1300
2010-07-19,6.25,6.25,6.190000057220459,6.190000057220459,5.103099346160889,600
2010-07-20,6.099999904632568,6.099999904632568,5.800000190734863,5.809999942779541,4.789823055267334,2100
2010-07-21,6.300000190734863,6.619999885559082,5.840000152587891,6.0,4.946460247039795,4400
2010-07-22,6.090000152587891,6.099999904632568,6.090000152587891,6.099999904632568,5.028903007507324,500
2010-07-23,6.099999904632568,6.099999904632568,6.099999904632568,6.099999904632568,5.028903007507324,0
2010-07-26,6.0,6.949999809265137,6.0,6.400000095367432,5.276225566864014,13000
2010-07-27,6.510000228881836,6.53000020980835,6.46999979019165,6.53000020980835,5.38339900970459,1600
2010-07-28,6.400000095367432,6.400000095367432,6.039999961853027,6.159999847412109,5.078366756439209,5800
2010-07-29,6.059999942779541,6.150000095367432,5.679999828338623,5.789999961853027,4.7733354568481445,2600
2010-07-30,5.699999809265137,6.139999866485596,5.699999809265137,5.949999809265137,4.905240535736084,3700
2010-08-02,5.829999923706055,5.829999923706055,5.829999923706055,5.829999923706055,4.806311130523682,100
2010-08-03,5.730000019073486,5.940000057220459,5.690000057220459,5.690000057220459,4.690895080566406,1200
2010-08-04,5.440000057220459,5.440000057220459,5.440000057220459,5.440000057220459,4.484791278839111,1000
2010-08-05,5.289999961853027,5.289999961853027,5.25,5.25,4.328154563903809,2200
2010-08-06,5.300000190734863,5.300000190734863,5.25,5.25,4.328154563903809,400
2010-08-09,5.190000057220459,5.190000057220459,5.0,5.0,4.12205171585083,1600
2010-08-10,5.03000020980835,5.03000020980835,5.03000020980835,5.03000020980835,4.146783828735352,300
2010-08-11,5.300000190734863,5.300000190734863,5.010000228881836,5.010000228881836,4.130293846130371,800
2010-08-12,4.989999771118164,4.989999771118164,4.900000095367432,4.900000095367432,4.039610385894775,3300
2010-08-13,4.900000095367432,4.900000095367432,4.809999942779541,4.809999942779541,3.9654147624969482,300
2010-08-16,4.75,4.789999961853027,4.650000095367432,4.710000038146973,3.8829727172851562,3000
2010-08-17,4.900000095367432,5.829999923706055,4.900000095367432,5.5,4.5342559814453125,6300
2010-08-18,5.5,5.5,5.5,5.5,4.5342559814453125,0
2010-08-19,5.489999771118164,5.829999923706055,5.489999771118164,5.5,4.5342559814453125,1000
2010-08-20,5.5,5.5,5.489999771118164,5.5,4.5342559814453125,1900
2010-08-23,5.840000152587891,5.949999809265137,5.5,5.5,4.5342559814453125,1700
2010-08-24,5.449999809265137,5.449999809265137,5.039999961853027,5.449999809265137,4.493036270141602,3000
2010-08-25,5.630000114440918,5.75,5.059999942779541,5.739999771118164,4.732114315032959,3900
2010-08-26,5.949999809265137,5.949999809265137,5.5,5.699999809265137,4.69913911819458,3500
2010-08-27,5.400000095367432,5.909999847412109,5.400000095367432,5.78000020980835,4.765091419219971,1100
2010-08-30,5.829999923706055,6.0,5.329999923706055,5.78000020980835,4.765091419219971,5600
2010-08-31,5.630000114440918,5.630000114440918,5.550000190734863,5.550000190734863,4.575477600097656,4600
2010-09-01,5.5,6.0,5.5,5.539999961853027,4.567232608795166,600
2010-09-02,5.929999828338623,5.929999828338623,5.929999828338623,5.929999828338623,4.888751983642578,500
2010-09-03,5.929999828338623,5.929999828338623,5.929999828338623,5.929999828338623,4.888751983642578,0
2010-09-07,5.929999828338623,5.929999828338623,5.929999828338623,5.929999828338623,4.888751983642578,0
2010-09-08,5.929999828338623,5.929999828338623,5.929999828338623,5.929999828338623,4.888751983642578,0
2010-09-09,5.869999885559082,6.269999980926514,5.760000228881836,5.760000228881836,4.7486042976379395,3300
2010-09-10,6.039999961853027,6.039999961853027,6.039999961853027,6.039999961853027,4.979437828063965,100
2010-09-13,5.570000171661377,5.570000171661377,5.320000171661377,5.369999885559082,4.4270830154418945,9400
2010-09-14,5.050000190734863,5.050000190734863,5.0,5.0,4.12205171585083,2900
2010-09-15,5.010000228881836,5.059999942779541,5.010000228881836,5.059999942779541,4.171516418457031,200
2010-09-16,5.059999942779541,5.110000133514404,5.059999942779541,5.110000133514404,4.212738513946533,200
2010-09-17,5.059999942779541,5.090000152587891,5.059999942779541,5.090000152587891,4.1962480545043945,900
2010-09-20,5.050000190734863,5.070000171661377,5.050000190734863,5.050000190734863,4.163272380828857,400
2010-09-21,5.0,5.0,5.0,5.0,4.12205171585083,1200
2010-09-22,5.0,5.0,5.0,5.0,4.12205171585083,0
2010-09-23,4.949999809265137,4.949999809265137,4.940000057220459,4.949999809265137,4.080831050872803,2900
2010-09-24,4.949999809265137,4.949999809265137,4.949999809265137,4.949999809265137,4.080831050872803,0
2010-09-27,5.050000190734863,5.050000190734863,4.909999847412109,4.909999847412109,4.047854423522949,400
2010-09-28,4.789999961853027,4.800000190734863,4.75,4.800000190734863,3.9571690559387207,2500
2010-09-29,4.800000190734863,4.800000190734863,4.5,4.5,3.7098464965820312,5300
2010-09-30,4.5,4.5,4.5,4.5,3.7098464965820312,0
2010-10-01,4.510000228881836,4.550000190734863,4.400000095367432,4.400000095367432,3.6274051666259766,8300
2010-10-04,4.400000095367432,4.400000095367432,4.400000095367432,4.400000095367432,3.6274051666259766,0
2010-10-05,4.400000095367432,4.409999847412109,4.400000095367432,4.400000095367432,3.6274051666259766,700
2010-10-06,4.400000095367432,4.400000095367432,4.300000190734863,4.300000190734863,3.54496431350708,1500
2010-10-07,4.300000190734863,4.300000190734863,4.300000190734863,4.300000190734863,3.54496431350708,0
2010-10-08,4.25,4.25,4.25,4.25,3.503744125366211,1100
2010-10-11,4.25,4.25,4.25,4.25,3.503744125366211,0
2010-10-12,4.159999847412109,4.199999809265137,4.150000095367432,4.199999809265137,3.4625227451324463,1500
2010-10-13,4.199999809265137,4.21999979019165,4.199999809265137,4.21999979019165,3.479011058807373,200
2010-10-14,4.210000038146973,4.230000019073486,4.199999809265137,4.199999809265137,3.4625227451324463,500
2010-10-15,4.199999809265137,4.199999809265137,4.199999809265137,4.199999809265137,3.4625227451324463,3000
2010-10-18,4.199999809265137,4.199999809265137,4.199999809265137,4.199999809265137,3.4625227451324463,0
2010-10-19,4.210000038146973,4.210000038146973,4.150000095367432,4.150000095367432,3.4213035106658936,1700
2010-10-20,4.150000095367432,4.150000095367432,4.150000095367432,4.150000095367432,3.4213035106658936,0
2010-10-21,4.570000171661377,4.570000171661377,4.199999809265137,4.199999809265137,3.4625227451324463,1600
2010-10-22,4.199999809265137,4.199999809265137,4.0,4.019999980926514,3.31412935256958,1700
2010-10-25,4.0,4.0,4.0,4.0,3.2976412773132324,300
2010-10-26,4.0,4.0,3.799999952316284,3.819999933242798,3.14924693107605,7200
2010-10-27,3.7899999618530273,4.0,3.7899999618530273,3.9600000381469727,3.264664888381958,5400
2010-10-28,3.890000104904175,3.890000104904175,3.759999990463257,3.7799999713897705,3.1162712574005127,400
2010-10-29,3.7899999618530273,3.8499999046325684,3.7799999713897705,3.7799999713897705,3.1162712574005127,1300
2010-11-01,3.950000047683716,3.950000047683716,3.950000047683716,3.950000047683716,3.256420850753784,1000
2010-11-02,3.950000047683716,3.950000047683716,3.950000047683716,3.950000047683716,3.256420850753784,0
2010-11-03,3.950000047683716,3.950000047683716,3.950000047683716,3.950000047683716,3.256420850753784,0
2010-11-04,3.990000009536743,4.0,3.890000104904175,4.0,3.2976412773132324,6100
2010-11-05,4.0,4.860000133514404,4.0,4.860000133514404,4.006634712219238,2500
2010-11-08,4.96999979019165,4.96999979019165,4.039999961853027,4.039999961853027,3.3306171894073486,600
2010-11-09,4.75,4.75,4.269999980926514,4.269999980926514,3.5202319622039795,1800
2010-11-10,4.909999847412109,4.909999847412109,4.239999771118164,4.579999923706055,3.7757980823516846,2400
2010-11-11,4.670000076293945,4.670000076293945,4.5,4.570000171661377,3.7675554752349854,400
2010-11-12,4.570000171661377,4.570000171661377,4.570000171661377,4.570000171661377,3.7675554752349854,0
2010-11-15,4.539999961853027,4.550000190734863,4.309999942779541,4.550000190734863,3.7510671615600586,400
2010-11-16,4.230000019073486,4.739999771118164,4.230000019073486,4.5,3.7098464965820312,2900
2010-11-17,4.5,4.5,4.5,4.5,3.7098464965820312,0
2010-11-18,4.5,4.5,4.5,4.5,3.7098464965820312,0
2010-11-19,4.449999809265137,4.449999809265137,4.019999980926514,4.03000020980835,3.322373628616333,1200
2010-11-22,4.03000020980835,4.46999979019165,3.9000000953674316,4.099999904632568,3.3800816535949707,2500
2010-11-23,4.159999847412109,4.159999847412109,4.159999847412109,4.159999847412109,3.429547071456909,200
2010-11-24,4.400000095367432,4.460000038146973,4.050000190734863,4.130000114440918,3.404815196990967,2100
2010-11-26,4.130000114440918,4.130000114440918,4.130000114440918,4.130000114440918,3.404815196990967,0
2010-11-29,4.329999923706055,4.329999923706055,4.119999885559082,4.119999885559082,3.3965702056884766,200
2010-11-30,4.03000020980835,4.210000038146973,4.03000020980835,4.210000038146973,3.4707677364349365,2400
2010-12-01,4.010000228881836,4.010000228881836,3.9700000286102295,3.9700000286102295,3.2729084491729736,1300
2010-12-02,4.0,4.0,4.0,4.0,3.2976412773132324,100
2010-12-03,4.5,4.5,4.300000190734863,4.300000190734863,3.54496431350708,200
2010-12-06,4.099999904632568,4.099999904632568,3.950000047683716,3.950000047683716,3.256420850753784,1800
2010-12-07,4.300000190734863,4.300000190734863,4.289999961853027,4.300000190734863,3.54496431350708,1600
2010-12-08,4.130000114440918,4.130000114440918,4.099999904632568,4.099999904632568,3.3800816535949707,500
2010-12-09,4.099999904632568,4.099999904632568,4.099999904632568,4.099999904632568,3.3800816535949707,10300
2010-12-10,4.070000171661377,4.110000133514404,4.070000171661377,4.070000171661377,3.355349063873291,2800
2010-12-13,4.199999809265137,4.699999809265137,4.119999885559082,4.610000133514404,3.8005309104919434,12700
2010-12-14,4.5,4.5,4.300000190734863,4.300000190734863,3.54496431350708,2200
2010-12-15,4.139999866485596,4.139999866485596,4.110000133514404,4.130000114440918,3.404815196990967,800
2010-12-16,4.050000190734863,4.739999771118164,4.050000190734863,4.639999866485596,3.825263261795044,4200
2010-12-17,4.25,4.389999866485596,4.25,4.389999866485596,3.6191601753234863,200
2010-12-20,4.380000114440918,4.559999942779541,4.199999809265137,4.199999809265137,3.4625227451324463,900
2010-12-21,4.699999809265137,4.699999809265137,4.090000152587891,4.210000038146973,3.4707677364349365,1400
2010-12-22,4.159999847412109,4.349999904632568,4.110000133514404,4.119999885559082,3.3965702056884766,22200
2010-12-23,4.119999885559082,4.119999885559082,4.119999885559082,4.119999885559082,3.3965702056884766,100
2010-12-27,4.170000076293945,4.170000076293945,4.119999885559082,4.119999885559082,3.3965702056884766,7000
2010-12-28,4.110000133514404,4.139999866485596,4.010000228881836,4.019999980926514,3.31412935256958,8700
2010-12-29,4.03000020980835,4.070000171661377,4.03000020980835,4.039999961853027,3.3306171894073486,6200
2010-12-30,4.039999961853027,4.039999961853027,4.039999961853027,4.039999961853027,3.3306171894073486,0
2010-12-31,4.179999828338623,4.25,4.03000020980835,4.03000020980835,3.322373628616333,2400
2011-01-03,4.21999979019165,4.230000019073486,4.21999979019165,4.230000019073486,3.4872543811798096,300
2011-01-04,4.070000171661377,4.25,4.070000171661377,4.25,3.503744125366211,2900
2011-01-05,4.289999961853027,4.289999961853027,4.289999961853027,4.289999961853027,3.5367205142974854,100
2011-01-06,4.389999866485596,4.400000095367432,4.389999866485596,4.400000095367432,3.6274051666259766,1000
2011-01-07,4.260000228881836,4.369999885559082,4.25,4.269999980926514,3.5202319622039795,1200
2011-01-10,4.25,4.25,4.25,4.25,3.503744125366211,300
2011-01-11,4.269999980926514,4.349999904632568,4.269999980926514,4.349999904632568,3.586184024810791,1200
2011-01-12,4.260000228881836,4.260000228881836,4.25,4.25,3.503744125366211,2000
2011-01-13,4.239999771118164,4.239999771118164,4.199999809265137,4.199999809265137,3.4625227451324463,700
2011-01-14,4.199999809265137,4.199999809265137,4.199999809265137,4.199999809265137,3.4625227451324463,0
2011-01-18,4.199999809265137,4.199999809265137,4.199999809265137,4.199999809265137,3.4625227451324463,0
2011-01-19,4.059999942779541,4.059999942779541,4.059999942779541,4.059999942779541,3.3471057415008545,300
2011-01-20,4.059999942779541,4.059999942779541,4.059999942779541,4.059999942779541,3.3471057415008545,0
2011-01-21,4.070000171661377,4.150000095367432,4.059999942779541,4.139999866485596,3.4130587577819824,1700
2011-01-24,4.119999885559082,4.130000114440918,4.059999942779541,4.059999942779541,3.3471057415008545,7000
2011-01-25,4.059999942779541,4.059999942779541,4.059999942779541,4.059999942779541,3.3471057415008545,0
2011-01-26,4.03000020980835,4.039999961853027,4.010000228881836,4.010000228881836,3.3058855533599854,800
2011-01-27,4.150000095367432,4.199999809265137,4.150000095367432,4.199999809265137,3.4625227451324463,800
2011-01-28,4.199999809265137,4.269999980926514,4.199999809265137,4.25,3.503744125366211,1500
2011-01-31,4.25,4.25,4.25,4.25,3.503744125366211,2000
2011-02-01,4.380000114440918,4.389999866485596,4.260000228881836,4.260000228881836,3.5119879245758057,1900
2011-02-02,4.260000228881836,4.260000228881836,4.260000228881836,4.260000228881836,3.5119879245758057,0
2011-02-03,4.260000228881836,4.260000228881836,4.260000228881836,4.260000228881836,3.5119879245758057,0
2011-02-04,4.300000190734863,4.400000095367432,4.300000190734863,4.300000190734863,3.54496431350708,1100
2011-02-07,4.300000190734863,4.300000190734863,4.300000190734863,4.300000190734863,3.54496431350708,0
2011-02-08,4.340000152587891,4.340000152587891,4.340000152587891,4.340000152587891,3.5779404640197754,600
2011-02-09,4.320000171661377,4.320000171661377,4.210000038146973,4.210000038146973,3.4707677364349365,2100
2011-02-10,4.25,4.25,4.159999847412109,4.159999847412109,3.429547071456909,700
2011-02-11,4.159999847412109,4.159999847412109,4.159999847412109,4.159999847412109,3.429547071456909,0
2011-02-14,4.210000038146973,4.210000038146973,4.099999904632568,4.099999904632568,3.3800816535949707,2000
2011-02-15,4.099999904632568,4.099999904632568,4.099999904632568,4.099999904632568,3.3800816535949707,0
2011-02-16,4.130000114440918,4.179999828338623,4.130000114440918,4.150000095367432,3.4213035106658936,300
2011-02-17,4.150000095367432,4.150000095367432,4.150000095367432,4.150000095367432,3.4213035106658936,0
2011-02-18,4.150000095367432,4.150000095367432,4.150000095367432,4.150000095367432,3.4213035106658936,0
2011-02-22,4.150000095367432,4.5,4.150000095367432,4.489999771118164,3.701601982116699,17100
2011-02-23,4.260000228881836,4.260000228881836,4.25,4.25,3.503744125366211,1900
2011-02-24,4.25,4.25,4.25,4.25,3.503744125366211,0
2011-02-25,4.349999904632568,4.349999904632568,4.340000152587891,4.349999904632568,3.586184024810791,1000
2011-02-28,4.25,4.440000057220459,4.21999979019165,4.440000057220459,3.660381555557251,12600
2011-03-01,4.489999771118164,4.489999771118164,4.260000228881836,4.260000228881836,3.5119879245758057,2800
2011-03-02,4.170000076293945,4.170000076293945,4.170000076293945,4.170000076293945,3.437791347503662,200
2011-03-03,4.170000076293945,4.170000076293945,4.170000076293945,4.170000076293945,3.437791347503662,0
2011-03-04,4.260000228881836,4.260000228881836,4.260000228881836,4.260000228881836,3.5119879245758057,600
2011-03-07,4.269999980926514,4.349999904632568,4.199999809265137,4.199999809265137,3.4625227451324463,3400
2011-03-08,4.199999809265137,4.199999809265137,4.199999809265137,4.199999809265137,3.4625227451324463,0
2011-03-09,4.269999980926514,4.269999980926514,4.269999980926514,4.269999980926514,3.5202319622039795,100
2011-03-10,4.150000095367432,4.150000095367432,4.050000190734863,4.090000152587891,3.371837854385376,3600
2011-03-11,4.090000152587891,4.090000152587891,4.090000152587891,4.090000152587891,3.371837854385376,0
2011-03-14,4.199999809265137,4.199999809265137,4.170000076293945,4.199999809265137,3.4625227451324463,1900
2011-03-15,4.110000133514404,4.110000133514404,4.099999904632568,4.099999904632568,3.3800816535949707,400
2011-03-16,4.099999904632568,4.289999961853027,4.099999904632568,4.289999961853027,3.5367205142974854,500
2011-03-17,4.289999961853027,4.289999961853027,4.289999961853027,4.289999961853027,3.5367205142974854,0
2011-03-18,4.289999961853027,4.289999961853027,4.289999961853027,4.289999961853027,3.5367205142974854,0
2011-03-21,4.28000020980835,4.329999923706055,4.099999904632568,4.110000133514404,3.388326644897461,1800
2011-03-22,4.110000133514404,4.110000133514404,4.110000133514404,4.110000133514404,3.388326644897461,300
2011-03-23,4.199999809265137,4.199999809265137,4.099999904632568,4.099999904632568,3.3800816535949707,900
2011-03-24,4.099999904632568,4.099999904632568,4.099999904632568,4.099999904632568,3.3800816535949707,0
2011-03-25,4.099999904632568,4.099999904632568,4.099999904632568,4.099999904632568,3.3800816535949707,10100
2011-03-28,4.25,4.25,4.059999942779541,4.059999942779541,3.3471057415008545,900
2011-03-29,4.059999942779541,4.110000133514404,4.050000190734863,4.110000133514404,3.388326644897461,7400
2011-03-30,4.110000133514404,4.150000095367432,4.110000133514404,4.119999885559082,3.3965702056884766,600
2011-03-31,4.050000190734863,4.150000095367432,4.050000190734863,4.150000095367432,3.4213035106658936,2600
2011-04-01,4.150000095367432,4.150000095367432,4.150000095367432,4.150000095367432,3.4213035106658936,0
2011-04-04,4.150000095367432,4.150000095367432,4.099999904632568,4.150000095367432,3.4213035106658936,9500
2011-04-05,4.050000190734863,4.150000095367432,4.050000190734863,4.090000152587891,3.371837854385376,3300
2011-04-06,4.059999942779541,4.150000095367432,4.059999942779541,4.059999942779541,3.3471057415008545,4000
2011-04-07,4.059999942779541,4.239999771118164,4.059999942779541,4.199999809265137,3.4625227451324463,300
2011-04-08,4.139999866485596,4.150000095367432,4.099999904632568,4.099999904632568,3.3800816535949707,4000
2011-04-11,4.099999904632568,4.099999904632568,4.099999904632568,4.099999904632568,3.3800816535949707,0
2011-04-12,4.059999942779541,4.059999942779541,4.010000228881836,4.010000228881836,3.3058855533599854,5100
2011-04-13,4.010000228881836,4.010000228881836,4.010000228881836,4.010000228881836,3.3058855533599854,0
2011-04-14,4.010000228881836,4.010000228881836,4.010000228881836,4.010000228881836,3.3058855533599854,0
2011-04-15,4.010000228881836,4.010000228881836,4.010000228881836,4.010000228881836,3.3058855533599854,0
2011-04-18,4.010000228881836,4.090000152587891,4.010000228881836,4.019999980926514,3.31412935256958,3200
2011-04-19,4.019999980926514,4.019999980926514,4.019999980926514,4.019999980926514,3.31412935256958,100
2011-04-20,4.050000190734863,4.070000171661377,4.019999980926514,4.019999980926514,3.31412935256958,2900
2011-04-21,4.039999961853027,4.039999961853027,4.039999961853027,4.039999961853027,3.3306171894073486,4900
2011-04-25,4.019999980926514,4.019999980926514,4.019999980926514,4.019999980926514,3.31412935256958,5000
2011-04-26,4.019999980926514,4.019999980926514,4.019999980926514,4.019999980926514,3.31412935256958,0
2011-04-27,4.019999980926514,4.019999980926514,4.019999980926514,4.019999980926514,3.31412935256958,1000
2011-04-28,4.03000020980835,4.03000020980835,4.019999980926514,4.019999980926514,3.31412935256958,1000
2011-04-29,4.019999980926514,4.099999904632568,4.010000228881836,4.090000152587891,3.371837854385376,2700
2011-05-02,4.059999942779541,4.059999942779541,4.010000228881836,4.010000228881836,3.3058855533599854,6000
2011-05-03,4.0,4.0,3.940000057220459,3.940000057220459,3.248176336288452,500
2011-05-04,3.940000057220459,3.940000057220459,3.940000057220459,3.940000057220459,3.248176336288452,0
2011-05-05,3.9600000381469727,4.050000190734863,3.9600000381469727,3.990000009536743,3.2893972396850586,400
2011-05-06,3.9600000381469727,3.9600000381469727,3.700000047683716,3.75,3.091538429260254,17000
2011-05-09,3.700000047683716,3.8499999046325684,3.6500000953674316,3.680000066757202,3.033829689025879,9100
2011-05-10,3.740000009536743,3.740000009536743,3.7200000286102295,3.7300000190734863,3.075049877166748,1300
2011-05-11,3.640000104904175,3.740000009536743,3.5999999046325684,3.5999999046325684,2.967876434326172,2200
2011-05-12,3.619999885559082,3.690000057220459,3.619999885559082,3.690000057220459,3.0420737266540527,800
2011-05-13,3.6500000953674316,3.690000057220459,3.6500000953674316,3.680000066757202,3.033829689025879,3400
2011-05-16,3.7100000381469727,3.75,3.6700000762939453,3.740000009536743,3.0832948684692383,4400
2011-05-17,3.740000009536743,3.740000009536743,3.740000009536743,3.740000009536743,3.0832948684692383,0
2011-05-18,3.680000066757202,3.75,3.680000066757202,3.75,3.091538429260254,700
2011-05-19,3.559999942779541,3.6700000762939453,3.5,3.5999999046325684,2.967876434326172,4000
2011-05-20,3.5899999141693115,3.7200000286102295,3.5899999141693115,3.7200000286102295,3.0668060779571533,1300
2011-05-23,3.740000009536743,3.740000009536743,3.7200000286102295,3.740000009536743,3.0832948684692383,1000
2011-05-24,3.740000009536743,3.740000009536743,3.740000009536743,3.740000009536743,3.0832948684692383,0
2011-05-25,3.619999885559082,3.75,3.619999885559082,3.619999885559082,2.9843649864196777,2600
2011-05-26,3.619999885559082,3.619999885559082,3.619999885559082,3.619999885559082,2.9843649864196777,300
2011-05-27,3.509999990463257,3.619999885559082,3.359999895095825,3.430000066757202,2.8277273178100586,6900
2011-05-31,3.430000066757202,3.509999990463257,3.430000066757202,3.440000057220459,2.8359711170196533,1100
2011-06-01,3.4600000381469727,3.4600000381469727,3.2100000381469727,3.450000047683716,2.8442156314849854,5900
2011-06-02,3.4000000953674316,3.4000000953674316,3.4000000953674316,3.4000000953674316,2.802995204925537,500
2011-06-03,3.299999952316284,3.380000114440918,3.240000009536743,3.240000009536743,2.6710891723632812,3800
2011-06-06,3.25,3.25,3.25,3.25,2.679333448410034,400
2011-06-07,3.25,3.4600000381469727,3.25,3.299999952316284,2.7205538749694824,1300
2011-06-08,3.319999933242798,3.319999933242798,3.2799999713897705,3.2799999713897705,2.7040657997131348,500
2011-06-09,3.2799999713897705,3.2799999713897705,3.2799999713897705,3.2799999713897705,2.7040657997131348,0
2011-06-10,3.2100000381469727,3.2100000381469727,2.940000057220459,3.2100000381469727,2.6463568210601807,6300
2011-06-13,3.4000000953674316,3.4800000190734863,3.2300000190734863,3.2300000190734863,2.6628451347351074,1200
2011-06-14,3.5,3.5,3.200000047683716,3.200000047683716,2.638112783432007,4800
2011-06-15,3.200000047683716,3.200000047683716,3.200000047683716,3.200000047683716,2.638112783432007,0
2011-06-16,3.180000066757202,3.180000066757202,3.130000114440918,3.1500000953674316,2.5968916416168213,3000
2011-06-17,3.1500000953674316,3.1500000953674316,3.0,3.130000114440918,2.580404043197632,4900
2011-06-20,3.0799999237060547,3.0799999237060547,2.7799999713897705,2.7799999713897705,2.2918601036071777,4100
2011-06-21,2.9800000190734863,3.0,2.859999895095825,2.880000114440918,2.3743021488189697,7300
2011-06-22,2.9800000190734863,3.0999999046325684,2.9800000190734863,3.0999999046325684,2.555671453475952,7200
2011-06-23,3.2899999618530273,3.2899999618530273,2.950000047683716,3.0899999141693115,2.5474278926849365,5800
2011-06-24,3.0799999237060547,3.430000066757202,2.7899999618530273,3.130000114440918,2.580404043197632,4500
2011-06-27,3.259999990463257,3.259999990463257,2.740000009536743,2.740000009536743,2.2588839530944824,7800
2011-06-28,2.9100000858306885,3.0999999046325684,2.7200000286102295,2.9000000953674316,2.3907902240753174,3600
2011-06-29,2.9100000858306885,2.9800000190734863,2.8499999046325684,2.8499999046325684,2.34956955909729,1700
2011-06-30,2.869999885559082,2.869999885559082,2.869999885559082,2.869999885559082,2.3660571575164795,100
2011-07-01,2.890000104904175,3.0899999141693115,2.890000104904175,3.0,2.4732301235198975,4200
2011-07-05,3.130000114440918,3.4800000190734863,3.009999990463257,3.4000000953674316,2.802995204925537,15400
2011-07-06,3.390000104904175,3.390000104904175,2.9100000858306885,3.049999952316284,2.514451503753662,1800
2011-07-07,3.049999952316284,3.049999952316284,3.0399999618530273,3.0399999618530273,2.506206750869751,400
2011-07-08,3.0,3.319999933242798,3.0,3.119999885559082,2.572159767150879,10900
2011-07-11,3.049999952316284,3.190000057220459,2.809999942779541,2.9100000858306885,2.3990345001220703,4500
2011-07-12,2.869999885559082,2.869999885559082,2.869999885559082,2.869999885559082,2.3660571575164795,100
2011-07-13,2.869999885559082,2.869999885559082,2.869999885559082,2.869999885559082,2.3660571575164795,0
2011-07-14,3.200000047683716,3.200000047683716,2.930000066757202,3.0,2.4732301235198975,2400
2011-07-15,3.1600000858306885,3.1600000858306885,3.0899999141693115,3.0999999046325684,2.555671453475952,1200
2011-07-18,3.200000047683716,3.200000047683716,2.700000047683716,2.7799999713897705,2.2918601036071777,10600
2011-07-19,2.7799999713897705,2.7799999713897705,2.7799999713897705,2.7799999713897705,2.2918601036071777,0
2011-07-20,2.819999933242798,2.819999933242798,2.819999933242798,2.819999933242798,2.3248374462127686,200
2011-07-21,2.8499999046325684,3.0,2.75,2.8299999237060547,2.333081007003784,9900
2011-07-22,2.8399999141693115,2.8399999141693115,2.75,2.819999933242798,2.3248374462127686,1600
2011-07-25,3.0,3.0,2.990000009536743,2.990000009536743,2.464986562728882,300
2011-07-26,2.890000104904175,2.9800000190734863,2.75,2.75,2.2671279907226562,18700
2011-07-27,2.990000009536743,2.990000009536743,2.7799999713897705,2.7899999618530273,2.3001041412353516,3600
2011-07-28,2.990000009536743,2.990000009536743,2.75,2.8299999237060547,2.333081007003784,4200
2011-07-29,2.75,2.869999885559082,2.75,2.7899999618530273,2.3001041412353516,4000
2011-08-01,3.2300000190734863,3.2300000190734863,2.8499999046325684,3.0,2.4732301235198975,1200
2011-08-02,3.0,3.0,3.0,3.0,2.4732301235198975,0
2011-08-03,2.9700000286102295,2.9700000286102295,2.7699999809265137,2.7699999809265137,2.283616304397583,500
2011-08-04,2.9000000953674316,3.0999999046325684,2.799999952316284,2.809999942779541,2.31659197807312,14200
2011-08-05,2.819999933242798,2.9000000953674316,2.75,2.75,2.2671279907226562,13200
2011-08-08,2.8499999046325684,2.950000047683716,2.75,2.75,2.2671279907226562,3800
2011-08-09,2.75,2.75,2.75,2.75,2.2671279907226562,0
2011-08-10,2.7799999713897705,2.7799999713897705,2.740000009536743,2.75,2.2671279907226562,700
2011-08-11,2.75,2.75,2.75,2.75,2.2671279907226562,0
2011-08-12,2.7200000286102295,2.75,2.7200000286102295,2.740000009536743,2.2588839530944824,600
2011-08-15,2.740000009536743,2.75,2.700000047683716,2.740000009536743,2.2588839530944824,7100
2011-08-16,2.75,2.75,2.700000047683716,2.700000047683716,2.2259087562561035,1000
2011-08-17,2.740000009536743,2.9800000190734863,2.700000047683716,2.880000114440918,2.3743021488189697,8000
2011-08-18,2.9100000858306885,3.299999952316284,2.740000009536743,3.009999990463257,2.4814751148223877,4200
2011-08-19,2.8399999141693115,2.950000047683716,2.809999942779541,2.809999942779541,2.31659197807312,2000
2011-08-22,2.799999952316284,2.950000047683716,2.6500000953674316,2.6500000953674316,2.1846871376037598,5500
2011-08-23,2.680000066757202,2.680000066757202,2.640000104904175,2.6500000953674316,2.1846871376037598,3400
2011-08-24,2.5999999046325684,2.619999885559082,2.549999952316284,2.549999952316284,2.1022465229034424,1700
2011-08-25,2.549999952316284,2.549999952316284,2.549999952316284,2.549999952316284,2.1022465229034424,0
2011-08-26,2.5799999237060547,2.869999885559082,2.549999952316284,2.680000066757202,2.2094197273254395,600
2011-08-29,2.5,2.9200000762939453,2.4000000953674316,2.9000000953674316,2.3907902240753174,18300
2011-08-30,2.9000000953674316,3.140000104904175,2.9000000953674316,3.140000104904175,2.5886473655700684,4800
2011-08-31,2.950000047683716,3.0,2.9200000762939453,3.0,2.4732301235198975,800
2011-09-01,3.0199999809265137,3.0199999809265137,2.9100000858306885,2.9100000858306885,2.3990345001220703,2600
2011-09-02,2.9700000286102295,2.9800000190734863,2.9700000286102295,2.9800000190734863,2.456742763519287,200
2011-09-06,2.9800000190734863,2.9800000190734863,2.9800000190734863,2.9800000190734863,2.456742763519287,0
2011-09-07,2.9800000190734863,2.9800000190734863,2.9800000190734863,2.9800000190734863,2.456742763519287,0
2011-09-08,2.9800000190734863,2.9800000190734863,2.9800000190734863,2.9800000190734863,2.456742763519287,0
2011-09-09,2.9800000190734863,2.9800000190734863,2.9800000190734863,2.9800000190734863,2.456742763519287,0
2011-09-12,2.9800000190734863,2.9800000190734863,2.9800000190734863,2.9800000190734863,2.456742763519287,0
2011-09-13,2.9800000190734863,2.9800000190734863,2.9800000190734863,2.9800000190734863,2.456742763519287,0
2011-09-14,2.9800000190734863,2.9800000190734863,2.9800000190734863,2.9800000190734863,2.456742763519287,0
2011-09-15,2.9600000381469727,2.9600000381469727,2.9000000953674316,2.9000000953674316,2.3907902240753174,5200
2011-09-16,2.9200000762939453,2.9200000762939453,2.9200000762939453,2.9200000762939453,2.407278299331665,100
2011-09-19,2.9000000953674316,2.9000000953674316,2.9000000953674316,2.9000000953674316,2.3907902240753174,1200
2011-09-20,2.9200000762939453,2.9200000762939453,2.9000000953674316,2.9100000858306885,2.3990345001220703,2000
2011-09-21,2.9100000858306885,2.9100000858306885,2.9100000858306885,2.9100000858306885,2.3990345001220703,0
2011-09-22,2.9100000858306885,3.0399999618530273,2.9000000953674316,2.940000057220459,2.423766613006592,1700
2011-09-23,2.9700000286102295,2.9700000286102295,2.9000000953674316,2.9000000953674316,2.3907902240753174,3800
2011-09-26,2.9000000953674316,2.9700000286102295,2.5999999046325684,2.7699999809265137,2.283616304397583,3200
2011-09-27,2.7699999809265137,2.7699999809265137,2.7699999809265137,2.7699999809265137,2.283616304397583,0
2011-09-28,2.7699999809265137,2.7699999809265137,2.7699999809265137,2.7699999809265137,2.283616304397583,0
2011-09-29,2.7699999809265137,2.7699999809265137,2.7699999809265137,2.7699999809265137,2.283616304397583,0
2011-09-30,2.630000114440918,2.690000057220459,2.630000114440918,2.630000114440918,2.168199300765991,1200
2011-10-03,2.630000114440918,2.630000114440918,2.630000114440918,2.630000114440918,2.168199300765991,0
2011-10-04,2.569999933242798,2.569999933242798,2.559999942779541,2.559999942779541,2.110490560531616,1600
2011-10-05,2.559999942779541,2.569999933242798,2.559999942779541,2.559999942779541,2.110490560531616,1000
2011-10-06,2.75,2.75,2.549999952316284,2.549999952316284,2.1022465229034424,2200
2011-10-07,2.569999933242798,2.569999933242798,2.559999942779541,2.559999942779541,2.110490560531616,700
2011-10-10,2.4200000762939453,2.4700000286102295,2.319999933242798,2.319999933242798,1.912631630897522,4200
2011-10-11,2.319999933242798,2.319999933242798,2.319999933242798,2.319999933242798,1.912631630897522,0
2011-10-12,2.450000047683716,2.5999999046325684,2.3499999046325684,2.3499999046325684,1.9373643398284912,6300
2011-10-13,2.369999885559082,2.559999942779541,2.2799999713897705,2.2799999713897705,1.8796554803848267,15500
2011-10-14,2.3299999237060547,2.7100000381469727,2.3299999237060547,2.3499999046325684,1.9373643398284912,700
2011-10-17,2.549999952316284,2.549999952316284,2.309999942779541,2.319999933242798,1.912631630897522,5400
2011-10-18,2.4000000953674316,2.4000000953674316,2.319999933242798,2.319999933242798,1.912631630897522,4300
2011-10-19,2.4000000953674316,2.4000000953674316,2.3499999046325684,2.3499999046325684,1.9373643398284912,5300
2011-10-20,2.3499999046325684,2.3499999046325684,2.3499999046325684,2.3499999046325684,1.9373643398284912,300
2011-10-21,2.319999933242798,2.3499999046325684,2.319999933242798,2.319999933242798,1.912631630897522,2200
2011-10-24,2.319999933242798,2.3299999237060547,2.2899999618530273,2.2899999618530273,1.8878990411758423,12400
2011-10-25,2.2799999713897705,2.2799999713897705,2.25,2.25,1.8549232482910156,9900
2011-10-26,2.2799999713897705,2.380000114440918,2.25,2.25,1.8549232482910156,1800
2011-10-27,2.309999942779541,2.309999942779541,2.25,2.25,1.8549232482910156,2500
2011-10-28,2.2799999713897705,2.380000114440918,2.2799999713897705,2.380000114440918,1.9620965719223022,1500
2011-10-31,2.380000114440918,2.380000114440918,2.380000114440918,2.380000114440918,1.9620965719223022,0
2011-11-01,2.380000114440918,2.380000114440918,2.380000114440918,2.380000114440918,1.9620965719223022,0
2011-11-02,2.3499999046325684,2.4000000953674316,2.3299999237060547,2.380000114440918,1.9620965719223022,2700
2011-11-03,2.4000000953674316,2.4000000953674316,2.299999952316284,2.299999952316284,1.8961434364318848,1100
2011-11-04,2.319999933242798,2.390000104904175,2.299999952316284,2.390000104904175,1.9703409671783447,1600
2011-11-07,2.2699999809265137,2.2699999809265137,2.25,2.25,1.8549232482910156,800
2011-11-08,2.25,2.25,2.25,2.25,1.8549232482910156,0
2011-11-09,2.380000114440918,2.7899999618530273,2.299999952316284,2.299999952316284,1.8961434364318848,13000
2011-11-10,2.2799999713897705,2.3399999141693115,2.25,2.3399999141693115,1.9291194677352905,3100
2011-11-11,2.3399999141693115,2.3399999141693115,2.3399999141693115,2.3399999141693115,1.9291194677352905,0
2011-11-14,2.319999933242798,2.3299999237060547,2.319999933242798,2.3299999237060547,1.920876145362854,1000
2011-11-15,2.3299999237060547,2.3299999237060547,2.3299999237060547,2.3299999237060547,1.920876145362854,0
2011-11-16,2.3299999237060547,2.3299999237060547,2.3299999237060547,2.3299999237060547,1.920876145362854,0
2011-11-17,2.25,2.25,2.25,2.25,1.8549232482910156,900
2011-11-18,2.259999990463257,2.4200000762939453,2.259999990463257,2.4200000762939453,1.995072841644287,1500
2011-11-21,2.2699999809265137,2.7200000286102295,2.2699999809265137,2.640000104904175,2.176443099975586,600
2011-11-22,2.2799999713897705,2.7100000381469727,2.2799999713897705,2.4700000286102295,2.0362937450408936,1400
2011-11-23,2.2799999713897705,2.309999942779541,2.1600000858306885,2.1600000858306885,1.7807263135910034,6800
2011-11-25,2.009999990463257,2.1500000953674316,2.0,2.009999990463257,1.65706467628479,6300
2011-11-28,2.009999990463257,2.0299999713897705,2.009999990463257,2.0299999713897705,1.6735528707504272,3300
2011-11-29,2.0399999618530273,2.0399999618530273,2.0199999809265137,2.0199999809265137,1.6653085947036743,200
2011-11-30,2.119999885559082,2.569999933242798,2.0999999046325684,2.0999999046325684,1.7312613725662231,13000
2011-12-01,2.0999999046325684,2.0999999046325684,2.0999999046325684,2.0999999046325684,1.7312613725662231,0
2011-12-02,2.1700000762939453,2.369999885559082,2.1500000953674316,2.369999885559082,1.9538519382476807,700
2011-12-05,2.1600000858306885,2.1600000858306885,2.109999895095825,2.1500000953674316,1.77248215675354,2400
2011-12-06,2.259999990463257,2.259999990463257,2.259999990463257,2.259999990463257,1.8631669282913208,800
2011-12-07,2.259999990463257,2.259999990463257,2.259999990463257,2.259999990463257,1.8631669282913208,0
2011-12-08,2.259999990463257,2.259999990463257,2.259999990463257,2.259999990463257,1.8631669282913208,0
2011-12-09,2.3299999237060547,2.630000114440918,2.3299999237060547,2.630000114440918,2.168199300765991,2900
2011-12-12,2.630000114440918,2.640000104904175,2.299999952316284,2.549999952316284,2.1022465229034424,3500
2011-12-13,2.1600000858306885,2.75,2.140000104904175,2.2200000286102295,1.8301907777786255,2600
2011-12-14,2.2300000190734863,2.25,2.2300000190734863,2.25,1.8549232482910156,700
2011-12-15,2.25,2.4000000953674316,2.25,2.4000000953674316,1.9785845279693604,1300
2011-12-16,2.319999933242798,2.3399999141693115,2.309999942779541,2.3399999141693115,1.9291194677352905,600
2011-12-19,2.2899999618530273,2.380000114440918,2.2899999618530273,2.319999933242798,1.912631630897522,700
2011-12-20,2.25,2.299999952316284,2.1500000953674316,2.1500000953674316,1.77248215675354,6800
2011-12-21,2.140000104904175,2.299999952316284,2.119999885559082,2.2200000286102295,1.8301907777786255,3200
2011-12-22,2.2300000190734863,2.2300000190734863,2.200000047683716,2.200000047683716,1.8137025833129883,3100
2011-12-23,2.200000047683716,2.2799999713897705,2.1700000762939453,2.190000057220459,1.805458426475525,6200
2011-12-27,2.2300000190734863,2.2300000190734863,2.1700000762939453,2.1700000762939453,1.7889702320098877,3500
2011-12-28,2.190000057220459,2.190000057220459,2.119999885559082,2.119999885559082,1.7477494478225708,1500
2011-12-29,2.180000066757202,2.180000066757202,2.119999885559082,2.119999885559082,1.7477494478225708,1200
2011-12-30,2.2300000190734863,2.240000009536743,2.2200000286102295,2.240000009536743,1.846678376197815,400
2012-01-03,2.2200000286102295,2.2200000286102295,2.0999999046325684,2.0999999046325684,1.7312613725662231,3500
2012-01-04,2.119999885559082,2.119999885559082,2.0,2.049999952316284,1.6900408267974854,25700
2012-01-05,2.0,2.0,1.909999966621399,1.9800000190734863,1.632332444190979,8600
2012-01-06,2.25,2.319999933242798,1.909999966621399,1.9900000095367432,1.6405763626098633,10000
2012-01-09,1.9500000476837158,1.9500000476837158,1.9500000476837158,1.9500000476837158,1.6076003313064575,400
2012-01-10,2.200000047683716,2.200000047683716,1.940000057220459,1.9500000476837158,1.6076003313064575,11200
2012-01-11,1.940000057220459,1.9700000286102295,1.940000057220459,1.9500000476837158,1.6076003313064575,6000
2012-01-12,2.049999952316284,2.049999952316284,1.9500000476837158,1.9500000476837158,1.6076003313064575,12300
2012-01-13,1.9500000476837158,1.9500000476837158,1.940000057220459,1.940000057220459,1.5993562936782837,4500
2012-01-17,1.899999976158142,1.899999976158142,1.899999976158142,1.899999976158142,1.5663793087005615,1100
2012-01-18,1.909999966621399,1.909999966621399,1.909999966621399,1.909999966621399,1.574623465538025,1400
2012-01-19,1.899999976158142,2.0899999141693115,1.899999976158142,1.9700000286102295,1.624088168144226,14300
2012-01-20,2.0799999237060547,2.0799999237060547,2.0799999237060547,2.0799999237060547,1.7147735357284546,500
2012-01-23,2.490000009536743,2.5,2.0199999809265137,2.490000009536743,2.052781820297241,4800
2012-01-24,2.4600000381469727,2.5999999046325684,2.259999990463257,2.509999990463257,2.069269895553589,7100
2012-01-25,2.5899999141693115,2.5899999141693115,2.5799999237060547,2.5799999237060547,2.126978635787964,900
2012-01-26,2.569999933242798,2.680000066757202,2.569999933242798,2.680000066757202,2.2094197273254395,6300
2012-01-27,2.75,2.8499999046325684,2.700000047683716,2.75,2.2671279907226562,7800
2012-01-30,2.5999999046325684,2.619999885559082,2.5,2.609999895095825,2.1517107486724854,4000
2012-01-31,2.740000009536743,2.809999942779541,2.7300000190734863,2.7699999809265137,2.283616304397583,4900
2012-02-01,2.759999990463257,3.0,2.630000114440918,3.0,2.4732301235198975,28000
2012-02-02,3.0,3.0,2.7699999809265137,3.0,2.4732301235198975,2900
2012-02-03,2.990000009536743,3.0,2.990000009536743,3.0,2.4732301235198975,1600
2012-02-06,2.9700000286102295,3.4200000762939453,2.9700000286102295,3.2200000286102295,2.6546013355255127,13800
2012-02-07,3.2799999713897705,4.349999904632568,3.2799999713897705,3.8399999141693115,3.1657354831695557,33500
2012-02-08,3.880000114440918,4.96999979019165,3.880000114440918,4.940000057220459,4.072587490081787,26900
2012-02-09,4.860000133514404,5.829999923706055,4.860000133514404,5.050000190734863,4.163272380828857,36500
2012-02-10,5.099999904632568,5.25,4.429999828338623,4.869999885559082,4.014876842498779,17400
2012-02-13,4.710000038146973,4.710000038146973,4.440000057220459,4.53000020980835,3.7345778942108154,19500
2012-02-14,4.53000020980835,4.53000020980835,4.119999885559082,4.119999885559082,3.3965702056884766,4200
2012-02-15,4.150000095367432,4.150000095367432,3.819999933242798,3.819999933242798,3.14924693107605,5300
2012-02-16,3.890000104904175,3.9600000381469727,3.8399999141693115,3.869999885559082,3.190467596054077,4200
2012-02-17,3.9200000762939453,4.070000171661377,3.819999933242798,4.059999942779541,3.3471057415008545,900
2012-02-21,4.190000057220459,4.190000057220459,3.8499999046325684,3.8499999046325684,3.1739790439605713,2300
2012-02-22,3.8499999046325684,4.170000076293945,3.819999933242798,3.869999885559082,3.190467596054077,3700
2012-02-23,3.9600000381469727,4.050000190734863,3.890000104904175,3.940000057220459,3.248176336288452,6300
2012-02-24,3.9200000762939453,4.010000228881836,3.8399999141693115,3.9000000953674316,3.215200662612915,8800
2012-02-27,3.9000000953674316,4.010000228881836,3.819999933242798,3.950000047683716,3.256420850753784,2300
2012-02-28,3.940000057220459,4.010000228881836,3.819999933242798,3.9800000190734863,3.2811527252197266,8100
2012-02-29,3.950000047683716,4.119999885559082,3.9200000762939453,3.940000057220459,3.248176336288452,4200
2012-03-01,3.940000057220459,4.0,3.890000104904175,4.0,3.2976412773132324,500
2012-03-02,3.9800000190734863,3.9800000190734863,3.8499999046325684,3.8499999046325684,3.1739790439605713,300
2012-03-05,3.8299999237060547,3.990000009536743,3.799999952316284,3.799999952316284,3.132758617401123,13000
2012-03-06,3.819999933242798,3.819999933242798,3.799999952316284,3.799999952316284,3.132758617401123,1300
2012-03-07,3.799999952316284,3.799999952316284,3.799999952316284,3.799999952316284,3.132758617401123,0
2012-03-08,3.75,3.7899999618530273,3.7100000381469727,3.759999990463257,3.099782943725586,900
2012-03-09,3.7300000190734863,3.7300000190734863,3.7300000190734863,3.7300000190734863,3.075049877166748,300
2012-03-12,3.7300000190734863,3.7300000190734863,3.7300000190734863,3.7300000190734863,3.075049877166748,0
2012-03-13,3.7300000190734863,3.7300000190734863,3.7300000190734863,3.7300000190734863,3.075049877166748,0
2012-03-14,3.930000066757202,3.930000066757202,3.869999885559082,3.869999885559082,3.190467596054077,400
2012-03-15,3.950000047683716,3.950000047683716,3.890000104904175,3.890000104904175,3.206955909729004,3100
2012-03-16,3.940000057220459,3.940000057220459,3.799999952316284,3.799999952316284,3.132758617401123,2100
2012-03-19,3.75,3.75,3.75,3.75,3.091538429260254,200
2012-03-20,3.75,3.75,3.75,3.75,3.091538429260254,300
2012-03-21,3.7899999618530273,3.7899999618530273,3.7899999618530273,3.7899999618530273,3.124514579772949,200
2012-03-22,3.819999933242798,3.819999933242798,3.819999933242798,3.819999933242798,3.14924693107605,800
2012-03-23,3.809999942779541,3.950000047683716,3.809999942779541,3.950000047683716,3.256420850753784,5800
2012-03-26,3.890000104904175,3.890000104904175,3.890000104904175,3.890000104904175,3.206955909729004,500
2012-03-27,3.890000104904175,3.890000104904175,3.890000104904175,3.890000104904175,3.206955909729004,0
2012-03-28,3.880000114440918,3.880000114440918,3.759999990463257,3.759999990463257,3.099782943725586,2400
2012-03-29,3.7699999809265137,3.819999933242798,3.759999990463257,3.819999933242798,3.14924693107605,900
2012-03-30,3.7899999618530273,3.880000114440918,3.75,3.75,3.091538429260254,8000
2012-04-02,3.869999885559082,3.880000114440918,3.7699999809265137,3.799999952316284,3.132758617401123,1000
2012-04-03,3.799999952316284,3.9200000762939453,3.799999952316284,3.799999952316284,3.132758617401123,4000
2012-04-04,3.759999990463257,3.8399999141693115,3.759999990463257,3.8399999141693115,3.1657354831695557,1300
2012-04-05,3.7799999713897705,3.990000009536743,3.700000047683716,3.990000009536743,3.2893972396850586,14000
2012-04-09,3.8399999141693115,4.139999866485596,3.8299999237060547,3.950000047683716,3.256420850753784,9900
2012-04-10,3.759999990463257,4.239999771118164,3.759999990463257,4.099999904632568,3.3800816535949707,1200
2012-04-11,4.239999771118164,4.239999771118164,4.039999961853027,4.230000019073486,3.4872543811798096,2800
2012-04-12,4.230000019073486,4.230000019073486,4.230000019073486,4.230000019073486,3.4872543811798096,0
2012-04-13,4.230000019073486,4.230000019073486,4.230000019073486,4.230000019073486,3.4872543811798096,0
2012-04-16,4.199999809265137,4.239999771118164,4.0,4.239999771118164,3.4954988956451416,2800
2012-04-17,4.03000020980835,4.039999961853027,3.9000000953674316,3.950000047683716,3.256420850753784,7100
2012-04-18,3.950000047683716,4.179999828338623,3.950000047683716,4.0,3.2976412773132324,3200
2012-04-19,4.0,4.0,4.0,4.0,3.2976412773132324,0
2012-04-20,4.170000076293945,4.210000038146973,4.0,4.199999809265137,3.4625227451324463,3900
2012-04-23,4.050000190734863,4.199999809265137,4.050000190734863,4.170000076293945,3.437791347503662,1000
2012-04-24,4.210000038146973,4.21999979019165,4.110000133514404,4.21999979019165,3.479011058807373,5100
2012-04-25,4.03000020980835,4.21999979019165,4.03000020980835,4.21999979019165,3.479011058807373,400
2012-04-26,4.110000133514404,4.210000038146973,4.110000133514404,4.210000038146973,3.4707677364349365,700
2012-04-27,4.210000038146973,4.210000038146973,4.210000038146973,4.210000038146973,3.4707677364349365,0
2012-04-30,4.210000038146973,4.210000038146973,4.210000038146973,4.210000038146973,3.4707677364349365,0
2012-05-01,4.210000038146973,4.210000038146973,4.110000133514404,4.210000038146973,3.4707677364349365,1100
2012-05-02,4.210000038146973,4.210000038146973,4.210000038146973,4.210000038146973,3.4707677364349365,0
2012-05-03,4.010000228881836,4.210000038146973,4.010000228881836,4.019999980926514,3.31412935256958,3200
2012-05-04,4.210000038146973,4.210000038146973,4.190000057220459,4.199999809265137,3.4625227451324463,700
2012-05-07,4.010000228881836,4.170000076293945,4.0,4.170000076293945,3.437791347503662,11000
2012-05-08,4.03000020980835,4.059999942779541,4.03000020980835,4.059999942779541,3.3471057415008545,300
2012-05-09,4.03000020980835,4.179999828338623,4.03000020980835,4.179999828338623,3.4460349082946777,200
2012-05-10,4.159999847412109,4.159999847412109,4.090000152587891,4.099999904632568,3.3800816535949707,2500
2012-05-11,4.199999809265137,4.5,4.179999828338623,4.269999980926514,3.5202319622039795,17900
2012-05-14,4.28000020980835,4.5,4.099999904632568,4.5,3.7098464965820312,2000
2012-05-15,4.059999942779541,4.159999847412109,4.059999942779541,4.159999847412109,3.429547071456909,2400
2012-05-16,4.099999904632568,4.5,4.099999904632568,4.489999771118164,3.701601982116699,3600
2012-05-17,4.199999809265137,4.400000095367432,4.130000114440918,4.400000095367432,3.6274051666259766,3000
2012-05-18,4.210000038146973,4.449999809265137,4.170000076293945,4.449999809265137,3.668625831604004,1800
2012-05-21,4.449999809265137,4.5,4.380000114440918,4.380000114440918,3.61091685295105,1800
2012-05-22,4.380000114440918,4.5,4.309999942779541,4.309999942779541,3.5532078742980957,1600
2012-05-23,4.099999904632568,4.380000114440918,4.099999904632568,4.199999809265137,3.4625227451324463,1600
2012-05-24,4.309999942779541,4.5,4.309999942779541,4.5,3.7098464965820312,1800
2012-05-25,4.46999979019165,5.739999771118164,4.449999809265137,5.159999847412109,4.253957271575928,7300
2012-05-29,5.400000095367432,5.400000095367432,4.25,5.239999771118164,4.319910526275635,3000
2012-05-30,5.0,5.28000020980835,4.53000020980835,4.980000019073486,4.105563640594482,3700
2012-05-31,5.0,5.0,5.0,5.0,4.12205171585083,300
2012-06-01,4.940000057220459,5.329999923706055,4.940000057220459,5.179999828338623,4.270444869995117,2700
2012-06-04,5.210000038146973,5.25,5.190000057220459,5.190000057220459,4.278689384460449,2800
2012-06-05,5.03000020980835,6.199999809265137,5.03000020980835,6.050000190734863,4.987682342529297,17600
2012-06-06,6.059999942779541,8.0600004196167,5.929999828338623,7.570000171661377,6.240785121917725,10300
2012-06-07,7.699999809265137,7.699999809265137,6.559999942779541,7.25,5.976973533630371,13300
2012-06-08,7.03000020980835,7.03000020980835,6.010000228881836,6.900000095367432,5.688431262969971,3400
2012-06-11,6.920000076293945,6.920000076293945,5.019999980926514,5.699999809265137,4.69913911819458,7000
2012-06-12,5.699999809265137,6.5,5.159999847412109,6.5,5.358666896820068,1900
2012-06-13,6.380000114440918,6.380000114440918,5.25,5.460000038146973,4.501280784606934,4600
2012-06-14,5.849999904632568,6.179999828338623,5.710000038146973,5.800000190734863,4.781580448150635,1700
2012-06-15,5.789999961853027,5.840000152587891,5.260000228881836,5.840000152587891,4.81455659866333,3600
2012-06-18,5.75,6.0,5.690000057220459,5.989999771118164,4.938216209411621,3100
2012-06-19,5.940000057220459,5.940000057220459,5.940000057220459,5.940000057220459,4.89699649810791,100
2012-06-20,5.710000038146973,6.0,5.519999980926514,5.909999847412109,4.872264862060547,12600
2012-06-21,5.699999809265137,5.900000095367432,5.510000228881836,5.570000171661377,4.591965198516846,1700
2012-06-22,5.53000020980835,5.559999942779541,5.110000133514404,5.110000133514404,4.212738513946533,3700
2012-06-25,5.289999961853027,5.53000020980835,5.110000133514404,5.519999980926514,4.550745964050293,2100
2012-06-26,5.349999904632568,5.800000190734863,4.340000152587891,5.019999980926514,4.138539791107178,4100
2012-06-27,4.78000020980835,5.380000114440918,4.639999866485596,5.349999904632568,4.410595893859863,2000
2012-06-28,5.25,5.400000095367432,4.699999809265137,5.0,4.12205171585083,9600
2012-06-29,4.980000019073486,5.090000152587891,4.730000019073486,4.730000019073486,3.8994603157043457,2500
2012-07-02,4.360000133514404,5.210000038146973,4.360000133514404,5.210000038146973,4.2951765060424805,4800
2012-07-03,4.880000114440918,4.980000019073486,4.349999904632568,4.789999961853027,3.948925256729126,5700
2012-07-05,4.789999961853027,4.789999961853027,4.789999961853027,4.789999961853027,3.948925256729126,0
2012-07-06,4.550000190734863,4.730000019073486,4.550000190734863,4.590000152587891,3.7840428352355957,2500
2012-07-09,4.699999809265137,4.900000095367432,4.639999866485596,4.650000095367432,3.8335084915161133,3000
2012-07-10,4.739999771118164,5.010000228881836,4.739999771118164,4.800000190734863,3.9571690559387207,2400
2012-07-11,5.079999923706055,5.179999828338623,4.619999885559082,5.179999828338623,4.270444869995117,5700
2012-07-12,4.960000038146973,5.019999980926514,4.909999847412109,4.980000019073486,4.105563640594482,2200
2012-07-13,4.900000095367432,5.019999980926514,4.619999885559082,4.619999885559082,3.8087759017944336,2000
2012-07-16,4.630000114440918,5.25,4.630000114440918,5.0,4.12205171585083,14300
2012-07-17,4.820000171661377,5.480000019073486,4.820000171661377,5.070000171661377,4.1797614097595215,1400
2012-07-18,5.079999923706055,5.21999979019165,4.900000095367432,4.900000095367432,4.039610385894775,3800
2012-07-19,4.909999847412109,5.480000019073486,4.909999847412109,5.099999904632568,4.204493045806885,1700
2012-07-20,4.900000095367432,4.900000095367432,4.900000095367432,4.900000095367432,4.039610385894775,100
2012-07-23,4.849999904632568,4.929999828338623,4.599999904632568,4.650000095367432,3.8335084915161133,3600
2012-07-24,4.889999866485596,4.96999979019165,4.75,4.75,3.9159486293792725,2000
2012-07-25,4.909999847412109,4.909999847412109,4.909999847412109,4.909999847412109,4.047854423522949,300
2012-07-26,4.159999847412109,4.909999847412109,4.159999847412109,4.25,3.503744125366211,13100
2012-07-27,4.5,4.5,3.9000000953674316,3.950000047683716,3.256420850753784,8800
2012-07-30,4.0,4.0,4.0,4.0,3.2976412773132324,1500
2012-07-31,4.0,4.710000038146973,4.0,4.0,3.2976412773132324,5700
2012-08-01,4.0,4.0,4.0,4.0,3.2976412773132324,0
2012-08-02,4.190000057220459,4.199999809265137,4.179999828338623,4.179999828338623,3.4460349082946777,2000
2012-08-03,4.119999885559082,4.659999847412109,4.119999885559082,4.260000228881836,3.5119879245758057,5000
2012-08-06,4.309999942779541,4.309999942779541,4.03000020980835,4.150000095367432,3.4213035106658936,2800
2012-08-07,4.019999980926514,4.019999980926514,4.019999980926514,4.019999980926514,3.31412935256958,200
2012-08-08,4.0,4.0,4.0,4.0,3.2976412773132324,100
2012-08-09,4.0,4.0,4.0,4.0,3.2976412773132324,0
2012-08-10,4.159999847412109,4.159999847412109,4.159999847412109,4.159999847412109,3.429547071456909,100
2012-08-13,4.159999847412109,4.159999847412109,4.159999847412109,4.159999847412109,3.429547071456909,0
2012-08-14,4.159999847412109,4.159999847412109,4.159999847412109,4.159999847412109,3.429547071456909,0
2012-08-15,4.059999942779541,4.059999942779541,4.050000190734863,4.050000190734863,3.3388617038726807,400
2012-08-16,4.110000133514404,4.110000133514404,4.0,4.0,3.2976412773132324,2900
2012-08-17,4.0,4.300000190734863,4.0,4.190000057220459,3.454279661178589,2800
2012-08-20,4.21999979019165,4.21999979019165,3.990000009536743,3.990000009536743,3.2893972396850586,1400
2012-08-21,4.190000057220459,4.190000057220459,4.190000057220459,4.190000057220459,3.454279661178589,800
2012-08-22,4.150000095367432,4.179999828338623,4.099999904632568,4.099999904632568,3.3800816535949707,2700
2012-08-23,4.099999904632568,4.179999828338623,4.099999904632568,4.150000095367432,3.4213035106658936,700
2012-08-24,4.059999942779541,4.190000057220459,4.059999942779541,4.190000057220459,3.454279661178589,3800
2012-08-27,4.130000114440918,4.130000114440918,4.130000114440918,4.130000114440918,3.404815196990967,200
2012-08-28,4.130000114440918,4.130000114440918,4.130000114440918,4.130000114440918,3.404815196990967,0
2012-08-29,4.130000114440918,4.130000114440918,4.130000114440918,4.130000114440918,3.404815196990967,0
2012-08-30,4.119999885559082,4.199999809265137,4.119999885559082,4.199999809265137,3.4625227451324463,400
2012-08-31,4.199999809265137,4.199999809265137,3.9800000190734863,3.9800000190734863,3.2811527252197266,1000
2012-09-04,3.9800000190734863,3.9800000190734863,3.9800000190734863,3.9800000190734863,3.2811527252197266,0
2012-09-05,3.9700000286102295,3.9700000286102295,3.9700000286102295,3.9700000286102295,3.2729084491729736,300
2012-09-06,4.0,4.0,3.799999952316284,4.0,3.2976412773132324,5500
2012-09-07,3.819999933242798,4.400000095367432,3.75,4.369999885559082,3.602673053741455,7400
2012-09-10,4.420000076293945,4.599999904632568,4.050000190734863,4.389999866485596,3.6191601753234863,6900
2012-09-11,4.590000152587891,4.590000152587891,4.039999961853027,4.090000152587891,3.371837854385376,1200
2012-09-12,4.170000076293945,4.25,3.859999895095825,4.090000152587891,3.371837854385376,10900
2012-09-13,3.9200000762939453,4.25,3.4700000286102295,3.799999952316284,3.132758617401123,25600
2012-09-14,3.799999952316284,4.059999942779541,3.2200000286102295,3.4600000381469727,2.852459669113159,106300
2012-09-17,3.5,3.740000009536743,3.5,3.700000047683716,3.0503175258636475,8000
2012-09-18,3.6600000858306885,3.700000047683716,3.559999942779541,3.690000057220459,3.0420737266540527,9000
2012-09-19,3.680000066757202,3.7100000381469727,3.6500000953674316,3.6700000762939453,3.025585651397705,1300
2012-09-20,3.859999895095825,3.859999895095825,3.7899999618530273,3.7899999618530273,3.124514579772949,1100
2012-09-21,3.809999942779541,3.990000009536743,3.7799999713897705,3.930000066757202,3.2399325370788574,3300
2012-09-24,3.8499999046325684,3.9000000953674316,3.6600000858306885,3.6600000858306885,3.0173420906066895,2400
2012-09-25,3.680000066757202,3.680000066757202,3.680000066757202,3.680000066757202,3.033829689025879,100
2012-09-26,3.700000047683716,3.700000047683716,3.700000047683716,3.700000047683716,3.0503175258636475,100
2012-09-27,3.7899999618530273,3.7899999618530273,3.7899999618530273,3.7899999618530273,3.124514579772949,100
2012-09-28,3.799999952316284,3.859999895095825,3.569999933242798,3.680000066757202,3.033829689025879,3600
2012-10-01,3.5999999046325684,3.7100000381469727,3.5999999046325684,3.700000047683716,3.0503175258636475,2500
2012-10-02,3.6600000858306885,3.75,3.6600000858306885,3.75,3.091538429260254,300
2012-10-03,3.75,3.75,3.75,3.75,3.091538429260254,0
2012-10-04,3.799999952316284,3.8299999237060547,3.799999952316284,3.799999952316284,3.132758617401123,1500
2012-10-05,3.7899999618530273,3.8299999237060547,3.7899999618530273,3.819999933242798,3.14924693107605,3400
2012-10-08,3.8499999046325684,3.890000104904175,3.8499999046325684,3.890000104904175,3.206955909729004,5600
2012-10-09,3.8499999046325684,4.170000076293945,3.8499999046325684,4.170000076293945,3.437791347503662,4100
2012-10-10,4.150000095367432,4.46999979019165,4.099999904632568,4.25,3.503744125366211,17100
2012-10-11,4.199999809265137,4.5,3.7799999713897705,3.809999942779541,3.141003370285034,36500
2012-10-12,3.940000057220459,4.210000038146973,3.940000057220459,4.010000228881836,3.3058855533599854,2000
2012-10-15,3.9200000762939453,4.230000019073486,3.9200000762939453,4.230000019073486,3.4872543811798096,4100
2012-10-16,4.190000057220459,4.349999904632568,3.9000000953674316,3.950000047683716,3.256420850753784,4700
2012-10-17,3.8499999046325684,4.099999904632568,3.8499999046325684,4.099999904632568,3.3800816535949707,900
2012-10-18,4.0,4.0,4.0,4.0,3.2976412773132324,200
2012-10-19,3.950000047683716,4.039999961853027,3.4200000762939453,3.5799999237060547,2.951388359069824,31300
2012-10-22,3.640000104904175,4.199999809265137,3.640000104904175,3.930000066757202,3.2399325370788574,1900
2012-10-23,3.819999933242798,4.050000190734863,3.819999933242798,3.990000009536743,3.2893972396850586,1600
2012-10-24,3.9100000858306885,3.9800000190734863,3.9100000858306885,3.9800000190734863,3.2811527252197266,2600
2012-10-25,3.890000104904175,3.9000000953674316,3.700000047683716,3.759999990463257,3.099782943725586,10300
2012-10-26,3.740000009536743,3.740000009536743,3.740000009536743,3.740000009536743,3.0832948684692383,100
2012-10-31,3.6500000953674316,3.9800000190734863,3.6500000953674316,3.9800000190734863,3.2811527252197266,2200
2012-11-01,3.9200000762939453,3.9200000762939453,3.6700000762939453,3.6700000762939453,3.025585651397705,2700
2012-11-02,3.6500000953674316,3.9000000953674316,3.6500000953674316,3.759999990463257,3.099782943725586,1600
2012-11-05,3.75,3.759999990463257,3.75,3.759999990463257,3.099782943725586,200
2012-11-06,3.75,3.9700000286102295,3.75,3.8499999046325684,3.1739790439605713,1200
2012-11-07,3.819999933242798,3.819999933242798,3.819999933242798,3.819999933242798,3.14924693107605,500
2012-11-08,3.7799999713897705,3.7799999713897705,3.7799999713897705,3.7799999713897705,3.1162712574005127,100
2012-11-09,3.7300000190734863,3.9000000953674316,3.700000047683716,3.799999952316284,3.132758617401123,2500
2012-11-12,3.7300000190734863,3.7899999618530273,3.700000047683716,3.700000047683716,3.0503175258636475,2600
2012-11-13,3.700000047683716,3.700000047683716,3.700000047683716,3.700000047683716,3.0503175258636475,400
2012-11-14,3.7799999713897705,3.7799999713897705,3.7799999713897705,3.7799999713897705,3.1162712574005127,100
2012-11-15,3.7100000381469727,3.9000000953674316,3.700000047683716,3.819999933242798,3.14924693107605,2600
2012-11-16,3.940000057220459,3.940000057220459,3.940000057220459,3.940000057220459,3.248176336288452,100
2012-11-19,3.7300000190734863,3.7300000190734863,3.7100000381469727,3.7100000381469727,3.058562755584717,500
2012-11-20,3.7100000381469727,3.7100000381469727,3.7100000381469727,3.7100000381469727,3.058562755584717,0
2012-11-21,3.75,3.75,3.75,3.75,3.091538429260254,300
2012-11-23,3.75,3.75,3.75,3.75,3.091538429260254,0
2012-11-26,3.7799999713897705,3.799999952316284,3.7799999713897705,3.799999952316284,3.132758617401123,800
2012-11-27,3.799999952316284,3.799999952316284,3.799999952316284,3.799999952316284,3.132758617401123,100
2012-11-28,3.819999933242798,3.8399999141693115,3.819999933242798,3.8399999141693115,3.1657354831695557,300
2012-11-29,3.8399999141693115,3.8399999141693115,3.8399999141693115,3.8399999141693115,3.1657354831695557,0
2012-11-30,3.799999952316284,3.8299999237060547,3.6600000858306885,3.819999933242798,3.14924693107605,4500
2012-12-03,3.7899999618530273,3.9200000762939453,3.700000047683716,3.799999952316284,3.132758617401123,4000
2012-12-04,3.7100000381469727,3.7899999618530273,3.619999885559082,3.6600000858306885,3.0173420906066895,6300
2012-12-05,3.680000066757202,3.950000047683716,3.680000066757202,3.7799999713897705,3.1162712574005127,900
2012-12-06,3.9200000762939453,3.9700000286102295,3.9200000762939453,3.9700000286102295,3.2729084491729736,4400
2012-12-07,3.940000057220459,3.940000057220459,3.700000047683716,3.799999952316284,3.132758617401123,4900
2012-12-10,3.759999990463257,3.799999952316284,3.759999990463257,3.799999952316284,3.132758617401123,1500
2012-12-11,3.7799999713897705,3.7799999713897705,3.7799999713897705,3.7799999713897705,3.1162712574005127,100
2012-12-12,3.759999990463257,3.799999952316284,3.549999952316284,3.5999999046325684,2.967876434326172,42500
2012-12-13,3.759999990463257,3.759999990463257,3.6500000953674316,3.680000066757202,3.033829689025879,400
2012-12-14,3.7300000190734863,3.799999952316284,3.7200000286102295,3.799999952316284,3.132758617401123,1100
2012-12-17,3.7100000381469727,3.75,3.7100000381469727,3.7100000381469727,3.058562755584717,800
2012-12-18,3.7100000381469727,3.799999952316284,3.7100000381469727,3.759999990463257,3.099782943725586,900
2012-12-19,3.759999990463257,3.759999990463257,3.7100000381469727,3.7100000381469727,3.058562755584717,7200
2012-12-20,3.7100000381469727,3.75,3.609999895095825,3.609999895095825,2.976120948791504,3500
2012-12-21,3.700000047683716,3.700000047683716,3.609999895095825,3.609999895095825,2.976120948791504,5200
2012-12-24,3.5999999046325684,3.75,3.549999952316284,3.549999952316284,2.9266560077667236,3600
2012-12-26,3.700000047683716,3.700000047683716,3.609999895095825,3.609999895095825,2.976120948791504,400
2012-12-27,3.619999885559082,3.700000047683716,3.549999952316284,3.640000104904175,3.0008537769317627,13300
2012-12-28,3.5799999237060547,3.759999990463257,3.549999952316284,3.740000009536743,3.0832948684692383,17600
2012-12-31,3.5999999046325684,3.740000009536743,3.509999990463257,3.5999999046325684,2.967876434326172,7900
2013-01-02,3.569999933242798,3.569999933242798,3.549999952316284,3.549999952316284,2.9266560077667236,400
2013-01-03,3.5899999141693115,3.6500000953674316,3.5899999141693115,3.6500000953674316,3.0090978145599365,300
2013-01-04,3.700000047683716,3.759999990463257,3.700000047683716,3.75,3.091538429260254,3500
2013-01-07,3.759999990463257,3.950000047683716,3.5799999237060547,3.8299999237060547,3.1574909687042236,37400
2013-01-08,3.7799999713897705,4.159999847412109,3.7799999713897705,4.0,3.2976412773132324,21800
2013-01-09,4.150000095367432,4.329999923706055,4.090000152587891,4.260000228881836,3.5119879245758057,11700
2013-01-10,4.329999923706055,4.340000152587891,4.260000228881836,4.260000228881836,3.5119879245758057,2300
2013-01-11,4.260000228881836,4.429999828338623,4.260000228881836,4.369999885559082,3.602673053741455,17200
2013-01-14,4.449999809265137,5.400000095367432,4.449999809265137,4.949999809265137,4.080831050872803,34000
2013-01-15,4.96999979019165,5.75,4.96999979019165,5.150000095367432,4.245712757110596,19500
2013-01-16,5.170000076293945,5.710000038146973,5.150000095367432,5.480000019073486,4.517767906188965,11800
2013-01-17,5.5,5.599999904632568,5.150000095367432,5.590000152587891,4.608453273773193,9400
2013-01-18,5.710000038146973,5.710000038146973,5.5,5.670000076293945,4.6744065284729,1500
2013-01-22,5.699999809265137,5.699999809265137,5.5,5.53000020980835,4.558990001678467,3200
2013-01-23,5.519999980926514,5.75,5.5,5.590000152587891,4.608453273773193,2900
2013-01-24,5.5,5.539999961853027,5.340000152587891,5.340000152587891,4.402349948883057,2900
2013-01-25,5.300000190734863,5.300000190734863,5.150000095367432,5.199999809265137,4.286932468414307,1800
2013-01-28,5.199999809265137,5.210000038146973,5.150000095367432,5.199999809265137,4.286932468414307,5200
2013-01-29,5.5,5.5,5.5,5.5,4.5342559814453125,100
2013-01-30,5.329999923706055,5.440000057220459,5.329999923706055,5.440000057220459,4.484791278839111,900
2013-01-31,5.489999771118164,5.5,5.449999809265137,5.5,4.5342559814453125,3400
2013-02-01,5.309999942779541,5.5,5.309999942779541,5.389999866485596,4.443572521209717,2500
2013-02-04,5.5,5.730000019073486,5.320000171661377,5.730000019073486,4.723870754241943,8800
2013-02-05,5.730000019073486,5.739999771118164,5.340000152587891,5.340000152587891,4.402349948883057,3300
2013-02-06,5.340000152587891,5.760000228881836,5.340000152587891,5.739999771118164,4.732114315032959,16000
2013-02-07,5.739999771118164,5.949999809265137,5.619999885559082,5.630000114440918,4.641429424285889,6200
2013-02-08,5.639999866485596,5.639999866485596,5.630000114440918,5.630000114440918,4.641429424285889,800
2013-02-11,5.679999828338623,5.869999885559082,5.449999809265137,5.460000038146973,4.501280784606934,3100
2013-02-12,5.460000038146973,5.460000038146973,5.460000038146973,5.460000038146973,4.501280784606934,0
2013-02-13,5.460000038146973,5.5,5.449999809265137,5.449999809265137,4.493036270141602,9100
2013-02-14,5.300000190734863,5.300000190734863,5.289999961853027,5.289999961853027,4.361128807067871,4700
2013-02-15,5.239999771118164,5.269999980926514,5.210000038146973,5.210000038146973,4.2951765060424805,1200
2013-02-19,5.239999771118164,5.239999771118164,5.199999809265137,5.199999809265137,4.286932468414307,6900
2013-02-20,5.159999847412109,5.199999809265137,5.159999847412109,5.199999809265137,4.286932468414307,400
2013-02-21,5.199999809265137,5.199999809265137,5.199999809265137,5.199999809265137,4.286932468414307,0
2013-02-22,5.21999979019165,5.21999979019165,5.21999979019165,5.21999979019165,4.303421497344971,900
2013-02-25,5.260000228881836,5.400000095367432,5.070000171661377,5.130000114440918,4.229224681854248,5400
2013-02-26,5.039999961853027,5.349999904632568,5.0,5.289999961853027,4.361128807067871,4800
2013-02-27,5.150000095367432,5.230000019073486,5.050000190734863,5.119999885559082,4.220981121063232,4200
2013-02-28,5.110000133514404,5.460000038146973,5.110000133514404,5.360000133514404,4.418839454650879,2900
2013-03-01,5.199999809265137,5.199999809265137,5.199999809265137,5.199999809265137,4.286932468414307,200
2013-03-04,5.110000133514404,5.199999809265137,5.110000133514404,5.199999809265137,4.286932468414307,500
2013-03-05,5.25,5.28000020980835,5.230000019073486,5.28000020980835,4.352886199951172,5500
2013-03-06,5.429999828338623,5.429999828338623,5.429999828338623,5.429999828338623,4.4765472412109375,100
2013-03-07,5.440000057220459,5.440000057220459,5.440000057220459,5.440000057220459,4.484791278839111,100
2013-03-08,5.309999942779541,5.440000057220459,5.300000190734863,5.429999828338623,4.4765472412109375,700
2013-03-11,5.440000057220459,5.489999771118164,5.440000057220459,5.489999771118164,4.526012897491455,4500
2013-03-12,5.440000057220459,5.449999809265137,5.440000057220459,5.449999809265137,4.493036270141602,3100
2013-03-13,5.449999809265137,5.449999809265137,5.449999809265137,5.449999809265137,4.493036270141602,300
2013-03-14,5.449999809265137,5.449999809265137,5.449999809265137,5.449999809265137,4.493036270141602,0
2013-03-15,5.400000095367432,5.449999809265137,5.400000095367432,5.449999809265137,4.493036270141602,1500
2013-03-18,5.449999809265137,5.679999828338623,5.449999809265137,5.639999866485596,4.649674892425537,4400
2013-03-19,5.460000038146973,5.46999979019165,5.449999809265137,5.449999809265137,4.493036270141602,2000
2013-03-20,5.449999809265137,5.449999809265137,5.449999809265137,5.449999809265137,4.493036270141602,0
2013-03-21,5.440000057220459,5.449999809265137,5.440000057220459,5.449999809265137,4.493036270141602,3600
2013-03-22,5.440000057220459,5.449999809265137,5.409999847412109,5.409999847412109,4.46005916595459,500
2013-03-25,5.570000171661377,5.570000171661377,5.570000171661377,5.570000171661377,4.591965198516846,100
2013-03-26,5.460000038146973,5.630000114440918,5.460000038146973,5.510000228881836,4.542501449584961,2500
2013-03-27,5.480000019073486,5.480000019073486,5.480000019073486,5.480000019073486,4.517767906188965,100
2013-03-28,5.409999847412109,5.5,5.409999847412109,5.449999809265137,4.493036270141602,11700
2013-04-01,5.489999771118164,5.639999866485596,5.449999809265137,5.449999809265137,4.493036270141602,4300
2013-04-02,5.519999980926514,5.550000190734863,5.289999961853027,5.380000114440918,4.435327053070068,3700
2013-04-03,5.210000038146973,5.309999942779541,5.210000038146973,5.309999942779541,4.377618312835693,300
2013-04-04,5.360000133514404,5.46999979019165,5.360000133514404,5.46999979019165,4.509524345397949,400
2013-04-05,5.510000228881836,5.510000228881836,5.5,5.5,4.5342559814453125,1500
2013-04-08,5.5,5.519999980926514,5.400000095367432,5.5,4.5342559814453125,4000
2013-04-09,5.489999771118164,5.489999771118164,5.489999771118164,5.489999771118164,4.526012897491455,100
2013-04-10,5.440000057220459,5.5,5.440000057220459,5.489999771118164,4.526012897491455,5300
2013-04-11,5.300000190734863,5.300000190734863,5.300000190734863,5.300000190734863,4.3693742752075195,200
2013-04-12,5.349999904632568,5.380000114440918,5.349999904632568,5.380000114440918,4.435327053070068,2200
2013-04-15,5.449999809265137,5.449999809265137,5.449999809265137,5.449999809265137,4.493036270141602,200
2013-04-16,5.25,5.5,5.25,5.5,4.5342559814453125,2200
2013-04-17,5.420000076293945,5.53000020980835,5.409999847412109,5.53000020980835,4.558990001678467,500
2013-04-18,5.539999961853027,5.550000190734863,5.5,5.550000190734863,4.575477600097656,4600
2013-04-19,5.659999847412109,5.900000095367432,5.650000095367432,5.71999979019165,4.715627193450928,14400
2013-04-22,5.900000095367432,6.0,5.809999942779541,5.900000095367432,4.8640217781066895,5800
2013-04-23,5.989999771118164,5.989999771118164,5.900000095367432,5.900000095367432,4.8640217781066895,1400
2013-04-24,5.929999828338623,5.96999979019165,5.760000228881836,5.96999979019165,4.921728610992432,3300
2013-04-25,6.0,6.0,5.900000095367432,5.96999979019165,4.921728610992432,6200
2013-04-26,6.0,6.0,5.960000038146973,5.989999771118164,4.938216209411621,2600
2013-04-29,5.989999771118164,6.199999809265137,5.989999771118164,6.199999809265137,5.111342906951904,9400
2013-04-30,6.190000057220459,6.539999961853027,6.0,6.0,4.946460247039795,3200
2013-05-01,6.579999923706055,6.579999923706055,6.019999980926514,6.510000228881836,5.3669114112854,700
2013-05-02,6.579999923706055,6.579999923706055,6.360000133514404,6.480000019073486,5.3421783447265625,400
2013-05-03,6.369999885559082,6.570000171661377,6.260000228881836,6.260000228881836,5.160808086395264,5900
2013-05-06,6.260000228881836,6.539999961853027,6.260000228881836,6.539999961853027,5.391643047332764,1000
2013-05-07,6.5,6.590000152587891,6.25,6.590000152587891,5.432864665985107,1500
2013-05-08,6.590000152587891,6.590000152587891,6.300000190734863,6.590000152587891,5.432864665985107,5700
2013-05-09,6.579999923706055,6.590000152587891,6.53000020980835,6.53000020980835,5.38339900970459,1100
2013-05-10,6.400000095367432,6.400000095367432,6.309999942779541,6.369999885559082,5.25149393081665,5300
2013-05-13,6.369999885559082,6.46999979019165,6.300000190734863,6.46999979019165,5.333934783935547,3300
2013-05-14,6.46999979019165,6.46999979019165,6.46999979019165,6.46999979019165,5.333934783935547,0
2013-05-15,6.260000228881836,6.449999809265137,6.260000228881836,6.440000057220459,5.309202671051025,4100
2013-05-16,6.449999809265137,6.449999809265137,6.269999980926514,6.269999980926514,5.169050693511963,1900
2013-05-17,6.329999923706055,6.329999923706055,6.329999923706055,6.329999923706055,5.2185163497924805,200
2013-05-20,6.449999809265137,6.449999809265137,6.28000020980835,6.28000020980835,5.177294731140137,1300
2013-05-21,6.389999866485596,6.440000057220459,6.389999866485596,6.440000057220459,5.309202671051025,500
2013-05-22,6.429999828338623,6.429999828338623,6.420000076293945,6.420000076293945,5.292713642120361,500
2013-05-23,6.380000114440918,6.440000057220459,6.380000114440918,6.440000057220459,5.309202671051025,500
2013-05-24,6.28000020980835,6.440000057220459,6.28000020980835,6.28000020980835,5.177294731140137,1600
2013-05-28,6.329999923706055,6.590000152587891,6.329999923706055,6.590000152587891,5.432864665985107,4200
2013-05-29,6.590000152587891,7.090000152587891,6.590000152587891,6.900000095367432,5.688431262969971,12200
2013-05-30,6.510000228881836,7.0,6.510000228881836,7.0,5.770872116088867,300
2013-05-31,6.929999828338623,7.139999866485596,6.849999904632568,7.139999866485596,5.886288166046143,15700
2013-06-03,7.230000019073486,7.449999809265137,7.010000228881836,7.050000190734863,5.812090873718262,17100
2013-06-04,7.110000133514404,7.309999942779541,7.010000228881836,7.300000190734863,6.018195629119873,900
2013-06-05,7.190000057220459,7.28000020980835,7.190000057220459,7.190000057220459,5.927508354187012,800
2013-06-06,7.340000152587891,7.400000095367432,7.010000228881836,7.400000095367432,6.100635051727295,3800
2013-06-07,7.369999885559082,7.5,7.369999885559082,7.429999828338623,6.125367641448975,1800
2013-06-10,7.489999771118164,7.489999771118164,7.489999771118164,7.489999771118164,6.17483377456665,1200
2013-06-11,7.489999771118164,7.489999771118164,7.489999771118164,7.489999771118164,6.17483377456665,0
2013-06-12,7.46999979019165,7.46999979019165,7.159999847412109,7.159999847412109,5.902776718139648,4800
2013-06-13,7.210000038146973,7.210000038146973,7.199999809265137,7.199999809265137,5.935752868652344,700
2013-06-14,7.210000038146973,7.46999979019165,7.210000038146973,7.46999979019165,6.158344745635986,700
2013-06-17,7.320000171661377,7.46999979019165,7.199999809265137,7.210000038146973,5.943997859954834,5800
2013-06-18,7.210000038146973,7.400000095367432,7.199999809265137,7.28000020980835,6.001707553863525,3300
2013-06-19,7.340000152587891,7.380000114440918,7.199999809265137,7.199999809265137,5.935752868652344,2100
2013-06-20,7.210000038146973,7.210000038146973,7.210000038146973,7.210000038146973,5.943997859954834,200
2013-06-21,7.210000038146973,7.5,7.179999828338623,7.460000038146973,6.150099754333496,8500
2013-06-24,7.449999809265137,7.480000019073486,7.210000038146973,7.210000038146973,5.943997859954834,5300
2013-06-25,7.230000019073486,7.360000133514404,7.210000038146973,7.210000038146973,5.943997859954834,1300
2013-06-26,7.159999847412109,7.320000171661377,7.0,7.0,5.770872116088867,7700
2013-06-27,7.0,7.489999771118164,6.730000019073486,6.730000019073486,5.548280715942383,6700
2013-06-28,6.800000190734863,7.269999980926514,6.800000190734863,6.809999942779541,5.614234447479248,1100
2013-07-01,7.389999866485596,7.400000095367432,6.829999923706055,7.260000228881836,5.9852190017700195,2500
2013-07-02,7.210000038146973,7.289999961853027,7.210000038146973,7.25,5.976973533630371,900
2013-07-03,7.25,7.25,7.25,7.25,5.976973533630371,0
2013-07-05,6.840000152587891,7.099999904632568,6.820000171661377,7.099999904632568,5.853312015533447,1000
2013-07-08,7.070000171661377,7.070000171661377,7.070000171661377,7.070000171661377,5.828580379486084,100
2013-07-09,7.099999904632568,7.400000095367432,6.949999809265137,7.349999904632568,6.0594162940979,9900
2013-07-10,7.329999923706055,7.380000114440918,7.159999847412109,7.380000114440918,6.0841474533081055,1600
2013-07-11,7.300000190734863,7.300000190734863,7.159999847412109,7.21999979019165,5.952241897583008,1600
2013-07-12,7.289999961853027,7.289999961853027,7.289999961853027,7.289999961853027,6.009949684143066,100
2013-07-15,7.360000133514404,7.360000133514404,7.159999847412109,7.159999847412109,5.902776718139648,600
2013-07-16,7.170000076293945,7.46999979019165,7.170000076293945,7.179999828338623,5.9192657470703125,700
2013-07-17,7.170000076293945,7.309999942779541,7.159999847412109,7.28000020980835,6.001707553863525,2500
2013-07-18,7.239999771118164,7.260000228881836,7.239999771118164,7.260000228881836,5.9852190017700195,200
2013-07-19,7.25,7.25,6.75,7.150000095367432,5.894534111022949,54400
2013-07-22,7.039999961853027,7.25,6.940000057220459,7.0,5.770872116088867,6000
2013-07-23,7.210000038146973,7.21999979019165,7.039999961853027,7.039999961853027,5.8038482666015625,1100
2013-07-24,7.039999961853027,7.210000038146973,7.039999961853027,7.210000038146973,5.943997859954834,400
2013-07-25,7.210000038146973,7.46999979019165,7.210000038146973,7.46999979019165,6.158344745635986,5700
2013-07-26,7.389999866485596,7.389999866485596,7.349999904632568,7.349999904632568,6.0594162940979,1500
2013-07-29,7.079999923706055,7.449999809265137,7.079999923706055,7.199999809265137,5.935752868652344,3400
2013-07-30,7.230000019073486,7.25,7.199999809265137,7.199999809265137,5.935752868652344,900
2013-07-31,7.239999771118164,7.239999771118164,7.239999771118164,7.239999771118164,5.9687299728393555,100
2013-08-01,7.28000020980835,7.28000020980835,7.03000020980835,7.239999771118164,5.9687299728393555,3400
2013-08-02,7.159999847412109,7.239999771118164,7.03000020980835,7.03000020980835,5.795602798461914,4700
2013-08-05,7.070000171661377,7.070000171661377,7.03000020980835,7.03000020980835,5.795602798461914,200
2013-08-06,7.03000020980835,7.179999828338623,7.03000020980835,7.179999828338623,5.9192657470703125,500
2013-08-07,7.179999828338623,7.179999828338623,7.179999828338623,7.179999828338623,5.9192657470703125,100
2013-08-08,7.150000095367432,7.150000095367432,7.059999942779541,7.059999942779541,5.820335865020752,3700
2013-08-09,7.050000190734863,7.139999866485596,7.010000228881836,7.010000228881836,5.779115676879883,1700
2013-08-12,7.03000020980835,7.190000057220459,7.03000020980835,7.190000057220459,5.927508354187012,600
2013-08-13,7.119999885559082,7.150000095367432,7.03000020980835,7.03000020980835,5.795602798461914,2200
2013-08-14,7.090000152587891,7.090000152587891,7.03000020980835,7.03000020980835,5.795602798461914,2500
2013-08-15,7.03000020980835,7.039999961853027,7.0,7.010000228881836,5.779115676879883,1500
2013-08-16,6.880000114440918,7.199999809265137,6.880000114440918,7.039999961853027,5.8038482666015625,2500
2013-08-19,6.889999866485596,7.159999847412109,6.889999866485596,7.050000190734863,5.812090873718262,300
2013-08-20,7.110000133514404,7.150000095367432,6.5,6.599999904632568,5.441107749938965,18500
2013-08-21,6.599999904632568,6.699999809265137,6.050000190734863,6.179999828338623,5.094855785369873,10300
2013-08-22,6.300000190734863,6.650000095367432,6.300000190734863,6.650000095367432,5.482327938079834,500
2013-08-23,6.309999942779541,6.619999885559082,6.269999980926514,6.269999980926514,5.169050693511963,3400
2013-08-26,7.090000152587891,7.090000152587891,6.050000190734863,6.730000019073486,5.548280715942383,6800
2013-08-27,6.510000228881836,6.639999866485596,6.119999885559082,6.119999885559082,5.0453901290893555,1500
2013-08-28,6.309999942779541,6.599999904632568,6.210000038146973,6.340000152587891,5.2267608642578125,4900
2013-08-29,6.409999847412109,6.579999923706055,6.409999847412109,6.480000019073486,5.3421783447265625,400
2013-08-30,6.460000038146973,6.5,6.460000038146973,6.5,5.358666896820068,1200
2013-09-03,6.199999809265137,6.5,6.199999809265137,6.400000095367432,5.276225566864014,2000
2013-09-04,6.309999942779541,6.5,6.300000190734863,6.5,5.358666896820068,2400
2013-09-05,6.460000038146973,6.460000038146973,6.460000038146973,6.460000038146973,5.325690269470215,200
2013-09-06,6.449999809265137,6.449999809265137,6.420000076293945,6.420000076293945,5.292713642120361,1300
2013-09-09,6.440000057220459,6.440000057220459,6.440000057220459,6.440000057220459,5.309202671051025,100
2013-09-10,6.440000057220459,6.440000057220459,6.429999828338623,6.429999828338623,5.300958633422852,300
2013-09-11,6.389999866485596,6.389999866485596,6.389999866485596,6.389999866485596,5.26798152923584,100
2013-09-12,6.400000095367432,6.400000095367432,6.389999866485596,6.389999866485596,5.26798152923584,400
2013-09-13,6.25,6.340000152587891,6.239999771118164,6.25,5.152565002441406,13000
2013-09-16,6.199999809265137,6.199999809265137,5.980000019073486,6.050000190734863,4.987682342529297,6800
2013-09-17,6.099999904632568,6.480000019073486,6.070000171661377,6.320000171661377,5.210273265838623,3300
2013-09-18,6.300000190734863,6.300000190734863,6.130000114440918,6.159999847412109,5.078366756439209,1000
2013-09-19,6.300000190734863,6.300000190734863,6.260000228881836,6.260000228881836,5.160808086395264,300
2013-09-20,6.110000133514404,6.119999885559082,6.099999904632568,6.119999885559082,5.0453901290893555,2900
2013-09-23,6.170000076293945,6.300000190734863,6.170000076293945,6.300000190734863,5.193783283233643,500
2013-09-24,6.199999809265137,6.300000190734863,6.019999980926514,6.199999809265137,5.111342906951904,7400
2013-09-25,6.150000095367432,6.190000057220459,6.130000114440918,6.130000114440918,5.053633689880371,900
2013-09-26,6.070000171661377,6.199999809265137,6.050000190734863,6.070000171661377,5.0041704177856445,17400
2013-09-27,6.059999942779541,6.199999809265137,6.0,6.0,4.946460247039795,11000
2013-09-30,6.0,6.010000228881836,5.849999904632568,5.849999904632568,4.822800636291504,2900
2013-10-01,5.949999809265137,6.070000171661377,5.900000095367432,5.900000095367432,4.8640217781066895,16600
2013-10-02,5.949999809265137,5.989999771118164,5.900000095367432,5.900000095367432,4.8640217781066895,10800
2013-10-03,6.099999904632568,6.099999904632568,6.0,6.0,4.946460247039795,400
2013-10-04,5.829999923706055,6.090000152587891,5.809999942779541,6.090000152587891,5.020658016204834,1100
2013-10-07,6.090000152587891,6.090000152587891,6.090000152587891,6.090000152587891,5.020658016204834,0
2013-10-08,6.099999904632568,6.099999904632568,6.099999904632568,6.099999904632568,5.028903007507324,100
2013-10-09,6.099999904632568,6.099999904632568,6.099999904632568,6.099999904632568,5.028903007507324,0
2013-10-10,6.079999923706055,6.079999923706055,6.079999923706055,6.079999923706055,5.012413501739502,100
2013-10-11,6.079999923706055,6.079999923706055,6.079999923706055,6.079999923706055,5.012413501739502,0
2013-10-14,6.389999866485596,6.389999866485596,6.090000152587891,6.090000152587891,5.020658016204834,1000
2013-10-15,6.099999904632568,6.099999904632568,6.099999904632568,6.099999904632568,5.028903007507324,100
2013-10-16,6.130000114440918,6.320000171661377,6.110000133514404,6.130000114440918,5.053633689880371,1600
2013-10-17,6.130000114440918,6.130000114440918,6.130000114440918,6.130000114440918,5.053633689880371,0
2013-10-18,6.019999980926514,6.329999923706055,5.900000095367432,6.039999961853027,4.979437828063965,102200
2013-10-21,6.0,6.400000095367432,6.0,6.400000095367432,5.276225566864014,500
2013-10-22,6.400000095367432,6.400000095367432,5.900000095367432,6.179999828338623,5.094855785369873,27900
2013-10-23,6.050000190734863,6.230000019073486,6.0,6.079999923706055,5.012413501739502,27800
2013-10-24,6.150000095367432,6.199999809265137,6.050000190734863,6.050000190734863,4.987682342529297,3000
2013-10-25,6.139999866485596,6.139999866485596,6.139999866485596,6.139999866485596,5.061878204345703,100
2013-10-28,6.150000095367432,6.28000020980835,6.019999980926514,6.019999980926514,4.962950229644775,2400
2013-10-29,6.099999904632568,6.139999866485596,6.099999904632568,6.099999904632568,5.028903007507324,800
2013-10-30,6.110000133514404,6.199999809265137,6.110000133514404,6.199999809265137,5.111342906951904,400
2013-10-31,6.150000095367432,6.28000020980835,6.099999904632568,6.119999885559082,5.0453901290893555,2400
2013-11-01,6.119999885559082,6.130000114440918,6.110000133514404,6.110000133514404,5.037147045135498,500
2013-11-04,6.179999828338623,6.269999980926514,6.179999828338623,6.25,5.152565002441406,4700
2013-11-05,6.110000133514404,6.380000114440918,6.099999904632568,6.130000114440918,5.053633689880371,12300
2013-11-06,6.130000114440918,6.130000114440918,6.130000114440918,6.130000114440918,5.053633689880371,0
2013-11-07,6.110000133514404,6.380000114440918,6.110000133514404,6.380000114440918,5.259737968444824,300
2013-11-08,6.309999942779541,6.380000114440918,6.309999942779541,6.380000114440918,5.259737968444824,400
2013-11-11,6.340000152587891,6.380000114440918,6.340000152587891,6.340000152587891,5.2267608642578125,2100
2013-11-12,6.369999885559082,6.400000095367432,6.039999961853027,6.039999961853027,4.979437828063965,2000
2013-11-13,6.329999923706055,6.400000095367432,6.329999923706055,6.400000095367432,5.276225566864014,300
2013-11-14,6.380000114440918,6.380000114440918,6.380000114440918,6.380000114440918,5.259737968444824,200
2013-11-15,6.400000095367432,6.400000095367432,6.050000190734863,6.400000095367432,5.276225566864014,900
2013-11-18,6.400000095367432,6.400000095367432,6.28000020980835,6.28000020980835,5.177294731140137,400
2013-11-19,6.28000020980835,6.28000020980835,6.28000020980835,6.28000020980835,5.177294731140137,0
2013-11-20,6.28000020980835,6.380000114440918,6.28000020980835,6.380000114440918,5.259737968444824,500
2013-11-21,6.380000114440918,6.389999866485596,6.050000190734863,6.380000114440918,5.259737968444824,13500
2013-11-22,6.369999885559082,6.389999866485596,6.369999885559082,6.389999866485596,5.26798152923584,300
2013-11-25,6.389999866485596,6.389999866485596,6.099999904632568,6.309999942779541,5.202028274536133,700
2013-11-26,6.21999979019165,6.389999866485596,6.110000133514404,6.389999866485596,5.26798152923584,5100
2013-11-27,6.389999866485596,6.389999866485596,6.380000114440918,6.380000114440918,5.259737968444824,400
2013-11-29,6.380000114440918,6.380000114440918,6.380000114440918,6.380000114440918,5.259737968444824,0
2013-12-02,6.090000152587891,6.369999885559082,6.050000190734863,6.239999771118164,5.144319534301758,3200
2013-12-03,6.25,6.369999885559082,6.070000171661377,6.079999923706055,5.012413501739502,700
2013-12-04,6.079999923706055,6.079999923706055,6.079999923706055,6.079999923706055,5.012413501739502,0
2013-12-05,6.079999923706055,6.079999923706055,6.079999923706055,6.079999923706055,5.012413501739502,0
2013-12-06,6.110000133514404,6.239999771118164,6.090000152587891,6.090000152587891,5.020658016204834,2100
2013-12-09,6.159999847412109,6.25,6.070000171661377,6.099999904632568,5.028903007507324,2600
2013-12-10,6.110000133514404,6.199999809265137,6.099999904632568,6.199999809265137,5.111342906951904,8200
2013-12-11,6.119999885559082,6.21999979019165,6.099999904632568,6.199999809265137,5.111342906951904,3700
2013-12-12,6.199999809265137,6.199999809265137,6.199999809265137,6.199999809265137,5.111342906951904,0
2013-12-13,6.21999979019165,6.369999885559082,6.110000133514404,6.190000057220459,5.103099346160889,1900
2013-12-16,6.119999885559082,6.21999979019165,6.0,6.159999847412109,5.078366756439209,5000
2013-12-17,6.170000076293945,6.170000076293945,6.170000076293945,6.170000076293945,5.086612701416016,300
2013-12-18,6.170000076293945,6.170000076293945,6.170000076293945,6.170000076293945,5.086612701416016,0
2013-12-19,6.059999942779541,6.150000095367432,5.989999771118164,5.989999771118164,4.938216209411621,700
2013-12-20,6.010000228881836,6.010000228881836,6.010000228881836,6.010000228881836,4.954705238342285,400
2013-12-23,6.010000228881836,6.170000076293945,6.0,6.039999961853027,4.979437828063965,1500
2013-12-24,6.010000228881836,6.150000095367432,6.010000228881836,6.150000095367432,5.070122718811035,600
2013-12-26,6.150000095367432,6.150000095367432,6.150000095367432,6.150000095367432,5.070122718811035,0
2013-12-27,6.150000095367432,6.150000095367432,6.150000095367432,6.150000095367432,5.070122718811035,0
2013-12-30,6.03000020980835,6.150000095367432,5.809999942779541,5.889999866485596,4.855777263641357,5000
2013-12-31,5.900000095367432,6.099999904632568,5.900000095367432,6.099999904632568,5.028903007507324,200
2014-01-02,6.099999904632568,6.099999904632568,6.099999904632568,6.099999904632568,5.028903007507324,0
2014-01-03,6.019999980926514,6.210000038146973,6.019999980926514,6.039999961853027,4.979437828063965,500
2014-01-06,6.059999942779541,6.5,6.0,6.130000114440918,5.053633689880371,7400
2014-01-07,6.099999904632568,6.400000095367432,6.079999923706055,6.400000095367432,5.276225566864014,2700
2014-01-08,6.400000095367432,6.400000095367432,6.400000095367432,6.400000095367432,5.276225566864014,0
2014-01-09,6.050000190734863,6.400000095367432,6.050000190734863,6.139999866485596,5.061878204345703,1000
2014-01-10,6.400000095367432,6.5,6.320000171661377,6.489999771118164,5.350421905517578,3000
2014-01-13,6.099999904632568,6.489999771118164,6.099999904632568,6.300000190734863,5.193783283233643,2500
2014-01-14,6.309999942779541,6.309999942779541,6.289999961853027,6.300000190734863,5.193783283233643,5700
2014-01-15,6.25,6.480000019073486,6.25,6.300000190734863,5.193783283233643,4400
2014-01-16,6.099999904632568,6.429999828338623,6.099999904632568,6.300000190734863,5.193783283233643,3500
2014-01-17,6.360000133514404,6.460000038146973,6.179999828338623,6.179999828338623,5.094855785369873,700
2014-01-21,6.179999828338623,6.320000171661377,6.179999828338623,6.320000171661377,5.210273265838623,900
2014-01-22,6.199999809265137,6.300000190734863,6.199999809265137,6.300000190734863,5.193783283233643,4300
2014-01-23,6.110000133514404,6.489999771118164,6.110000133514404,6.300000190734863,5.193783283233643,1800
2014-01-24,6.239999771118164,6.449999809265137,6.199999809265137,6.300000190734863,5.193783283233643,6600
2014-01-27,6.449999809265137,6.449999809265137,6.119999885559082,6.300000190734863,5.193783283233643,3500
2014-01-28,6.449999809265137,6.5,6.230000019073486,6.300000190734863,5.193783283233643,29700
2014-01-29,6.300000190734863,6.300000190734863,6.300000190734863,6.300000190734863,5.193783283233643,1800
2014-01-30,6.349999904632568,6.480000019073486,6.28000020980835,6.300000190734863,5.193783283233643,4900
2014-01-31,6.210000038146973,6.289999961853027,6.199999809265137,6.199999809265137,5.111342906951904,2800
2014-02-03,6.260000228881836,6.429999828338623,6.179999828338623,6.179999828338623,5.094855785369873,3800
2014-02-04,6.369999885559082,6.389999866485596,6.050000190734863,6.199999809265137,5.111342906951904,4700
2014-02-05,6.039999961853027,6.289999961853027,6.039999961853027,6.289999961853027,5.185541152954102,3500
2014-02-06,6.260000228881836,6.5,6.199999809265137,6.260000228881836,5.160808086395264,3200
2014-02-07,6.409999847412109,6.429999828338623,6.409999847412109,6.420000076293945,5.292713642120361,400
2014-02-10,6.349999904632568,6.449999809265137,6.340000152587891,6.340000152587891,5.2267608642578125,1200
2014-02-11,6.300000190734863,6.309999942779541,6.269999980926514,6.300000190734863,5.193783283233643,3000
2014-02-12,6.329999923706055,6.389999866485596,6.199999809265137,6.199999809265137,5.111342906951904,1000
2014-02-13,6.019999980926514,6.300000190734863,6.019999980926514,6.110000133514404,5.037147045135498,10100
2014-02-14,6.190000057220459,6.300000190734863,6.110000133514404,6.139999866485596,5.061878204345703,1800
2014-02-18,6.25,6.289999961853027,6.230000019073486,6.289999961853027,5.185541152954102,1900
2014-02-19,6.21999979019165,6.289999961853027,6.199999809265137,6.25,5.152565002441406,900
2014-02-20,6.25,6.300000190734863,6.25,6.300000190734863,5.193783283233643,2700
2014-02-21,6.25,6.300000190734863,6.25,6.260000228881836,5.160808086395264,4700
2014-02-24,6.25,6.300000190734863,6.25,6.300000190734863,5.193783283233643,5500
2014-02-25,6.300000190734863,6.300000190734863,6.300000190734863,6.300000190734863,5.193783283233643,300
2014-02-26,6.139999866485596,6.300000190734863,6.139999866485596,6.179999828338623,5.094855785369873,6700
2014-02-27,6.28000020980835,6.289999961853027,6.28000020980835,6.289999961853027,5.185541152954102,200
2014-02-28,6.289999961853027,6.289999961853027,6.289999961853027,6.289999961853027,5.185541152954102,0
2014-03-03,6.289999961853027,6.300000190734863,6.289999961853027,6.300000190734863,5.193783283233643,400
2014-03-04,6.300000190734863,6.300000190734863,6.300000190734863,6.300000190734863,5.193783283233643,1600
2014-03-05,6.260000228881836,6.300000190734863,6.25,6.25,5.152565002441406,400
2014-03-06,6.25,6.25,6.25,6.25,5.152565002441406,0
2014-03-07,6.300000190734863,6.300000190734863,6.300000190734863,6.300000190734863,5.193783283233643,100
2014-03-10,6.25,6.25,6.25,6.25,5.152565002441406,1300
2014-03-11,6.25,6.25,6.25,6.25,5.152565002441406,0
2014-03-12,6.25,6.25,6.25,6.25,5.152565002441406,1500
2014-03-13,6.25,6.25,6.25,6.25,5.152565002441406,300
2014-03-14,6.199999809265137,6.199999809265137,6.199999809265137,6.199999809265137,5.111342906951904,3700
2014-03-17,6.119999885559082,6.25,6.110000133514404,6.119999885559082,5.0453901290893555,1400
2014-03-18,6.239999771118164,6.25,6.099999904632568,6.130000114440918,5.053633689880371,6400
2014-03-19,6.199999809265137,6.199999809265137,6.110000133514404,6.110000133514404,5.037147045135498,4000
2014-03-20,6.099999904632568,6.110000133514404,6.099999904632568,6.110000133514404,5.037147045135498,1900
2014-03-21,6.099999904632568,6.230000019073486,6.099999904632568,6.210000038146973,5.1195878982543945,1200
2014-03-24,6.210000038146973,6.210000038146973,6.210000038146973,6.210000038146973,5.1195878982543945,3300
2014-03-25,6.210000038146973,6.210000038146973,6.210000038146973,6.210000038146973,5.1195878982543945,0
2014-03-26,6.099999904632568,6.099999904632568,6.070000171661377,6.070000171661377,5.0041704177856445,1300
2014-03-27,5.989999771118164,6.079999923706055,5.900000095367432,6.079999923706055,5.012413501739502,6200
2014-03-28,6.079999923706055,6.079999923706055,6.079999923706055,6.079999923706055,5.012413501739502,0
2014-03-31,6.0,6.130000114440918,6.0,6.130000114440918,5.053633689880371,2200
2014-04-01,6.130000114440918,6.130000114440918,6.130000114440918,6.130000114440918,5.053633689880371,0
2014-04-02,6.130000114440918,6.130000114440918,6.130000114440918,6.130000114440918,5.053633689880371,0
2014-04-03,6.130000114440918,6.130000114440918,6.130000114440918,6.130000114440918,5.053633689880371,0
2014-04-04,5.920000076293945,6.090000152587891,5.920000076293945,6.079999923706055,5.012413501739502,6100
2014-04-07,6.079999923706055,6.079999923706055,6.079999923706055,6.079999923706055,5.012413501739502,0
2014-04-08,5.880000114440918,6.21999979019165,5.880000114440918,6.099999904632568,5.028903007507324,800
2014-04-09,6.0,6.25,6.0,6.199999809265137,5.111342906951904,4700
2014-04-10,6.199999809265137,6.239999771118164,5.880000114440918,6.230000019073486,5.136075019836426,9700
2014-04-11,6.070000171661377,6.190000057220459,6.070000171661377,6.190000057220459,5.103099346160889,1200
2014-04-14,6.0,6.099999904632568,6.0,6.0,4.946460247039795,3200
2014-04-15,6.199999809265137,6.199999809265137,6.179999828338623,6.190000057220459,5.103099346160889,1600
2014-04-16,6.039999961853027,6.099999904632568,6.010000228881836,6.099999904632568,5.028903007507324,2200
2014-04-17,6.190000057220459,6.190000057220459,6.190000057220459,6.190000057220459,5.103099346160889,100
2014-04-21,6.190000057220459,6.190000057220459,6.190000057220459,6.190000057220459,5.103099346160889,0
2014-04-22,6.099999904632568,6.190000057220459,6.010000228881836,6.099999904632568,5.028903007507324,2500
2014-04-23,6.099999904632568,6.099999904632568,6.099999904632568,6.099999904632568,5.028903007507324,0
2014-04-24,6.050000190734863,6.130000114440918,6.03000020980835,6.110000133514404,5.037147045135498,4500
2014-04-25,6.03000020980835,6.03000020980835,6.03000020980835,6.03000020980835,4.971192836761475,800
2014-04-28,6.03000020980835,6.03000020980835,6.03000020980835,6.03000020980835,4.971192836761475,0
2014-04-29,6.03000020980835,6.03000020980835,6.03000020980835,6.03000020980835,4.971192836761475,0
2014-04-30,6.03000020980835,6.03000020980835,6.03000020980835,6.03000020980835,4.971192836761475,0
2014-05-01,6.010000228881836,6.190000057220459,5.829999923706055,5.960000038146973,4.913485527038574,7300
2014-05-02,5.960000038146973,5.960000038146973,5.960000038146973,5.960000038146973,4.913485527038574,0
2014-05-05,5.949999809265137,6.050000190734863,5.630000114440918,6.019999980926514,4.962950229644775,10500
2014-05-06,6.019999980926514,6.019999980926514,6.019999980926514,6.019999980926514,4.962950229644775,0
2014-05-07,5.989999771118164,6.019999980926514,5.449999809265137,5.889999866485596,4.855777263641357,12800
2014-05-08,6.050000190734863,6.050000190734863,5.900000095367432,6.03000020980835,4.971192836761475,6100
2014-05-09,6.0,6.0,5.900000095367432,6.0,4.946460247039795,2700
2014-05-12,5.940000057220459,6.050000190734863,5.909999847412109,6.03000020980835,4.971192836761475,9000
2014-05-13,6.039999961853027,6.070000171661377,6.039999961853027,6.070000171661377,5.0041704177856445,1600
2014-05-14,6.019999980926514,6.059999942779541,5.909999847412109,6.050000190734863,4.987682342529297,42500
2014-05-15,6.050000190734863,6.070000171661377,5.989999771118164,6.039999961853027,4.979437828063965,3800
2014-05-16,6.050000190734863,6.099999904632568,5.699999809265137,5.699999809265137,4.69913911819458,16200
2014-05-19,5.849999904632568,6.099999904632568,5.849999904632568,6.070000171661377,5.0041704177856445,5200
2014-05-20,6.099999904632568,6.099999904632568,6.050000190734863,6.099999904632568,5.028903007507324,2900
2014-05-21,6.0,6.0,6.0,6.0,4.946460247039795,1300
2014-05-22,6.0,6.099999904632568,6.0,6.019999980926514,4.962950229644775,1500
2014-05-23,6.039999961853027,6.039999961853027,6.010000228881836,6.010000228881836,4.954705238342285,2700
2014-05-27,6.039999961853027,6.230000019073486,6.019999980926514,6.230000019073486,5.136075019836426,2500
2014-05-28,6.0,6.119999885559082,6.0,6.019999980926514,4.962950229644775,4800
2014-05-29,6.019999980926514,6.019999980926514,6.019999980926514,6.019999980926514,4.962950229644775,0
2014-05-30,6.019999980926514,6.019999980926514,6.019999980926514,6.019999980926514,4.962950229644775,0
2014-06-02,6.0,6.099999904632568,6.0,6.099999904632568,5.028903007507324,5500
2014-06-03,6.099999904632568,6.099999904632568,6.099999904632568,6.099999904632568,5.028903007507324,0
2014-06-04,6.019999980926514,6.019999980926514,6.019999980926514,6.019999980926514,4.962950229644775,100
2014-06-05,6.070000171661377,6.070000171661377,6.070000171661377,6.070000171661377,5.0041704177856445,100
2014-06-06,6.179999828338623,6.25,6.079999923706055,6.079999923706055,5.012413501739502,9100
2014-06-09,6.059999942779541,6.059999942779541,6.059999942779541,6.059999942779541,4.9959259033203125,2100
2014-06-10,6.059999942779541,6.059999942779541,6.059999942779541,6.059999942779541,4.9959259033203125,0
2014-06-11,6.090000152587891,6.090000152587891,6.090000152587891,6.090000152587891,5.020658016204834,100
2014-06-12,6.0,6.090000152587891,6.0,6.090000152587891,5.020658016204834,1300
2014-06-13,6.090000152587891,6.28000020980835,6.079999923706055,6.150000095367432,5.070122718811035,8000
2014-06-16,6.059999942779541,6.150000095367432,6.0,6.139999866485596,5.061878204345703,1300
2014-06-17,6.139999866485596,6.139999866485596,6.139999866485596,6.139999866485596,5.061878204345703,0
2014-06-18,6.150000095367432,6.28000020980835,6.099999904632568,6.28000020980835,5.177294731140137,3200
2014-06-19,6.289999961853027,6.300000190734863,6.010000228881836,6.099999904632568,5.028903007507324,3600
2014-06-20,6.110000133514404,6.21999979019165,6.0,6.199999809265137,5.111342906951904,11100
2014-06-23,6.170000076293945,6.170000076293945,6.019999980926514,6.019999980926514,4.962950229644775,4400
2014-06-24,6.119999885559082,6.199999809265137,6.0,6.130000114440918,5.053633689880371,10700
2014-06-25,6.139999866485596,6.190000057220459,6.03000020980835,6.059999942779541,4.9959259033203125,3300
2014-06-26,6.059999942779541,6.300000190734863,6.0,6.059999942779541,4.9959259033203125,16700
2014-06-27,6.179999828338623,6.300000190734863,6.119999885559082,6.300000190734863,5.193783283233643,8700
2014-06-30,6.179999828338623,6.309999942779541,6.0,6.309999942779541,5.202028274536133,7600
2014-07-01,6.269999980926514,6.269999980926514,6.0,6.059999942779541,4.9959259033203125,7300
2014-07-02,6.070000171661377,6.449999809265137,6.070000171661377,6.260000228881836,5.160808086395264,11900
2014-07-03,6.139999866485596,6.449999809265137,6.099999904632568,6.420000076293945,5.292713642120361,10600
2014-07-07,6.380000114440918,6.380000114440918,6.380000114440918,6.380000114440918,5.259737968444824,400
2014-07-08,6.349999904632568,6.409999847412109,6.25,6.25,5.152565002441406,7300
2014-07-09,6.269999980926514,6.449999809265137,6.25,6.269999980926514,5.169050693511963,3100
2014-07-10,6.349999904632568,6.400000095367432,6.269999980926514,6.269999980926514,5.169050693511963,2500
2014-07-11,6.269999980926514,6.449999809265137,6.25,6.28000020980835,5.177294731140137,4200
2014-07-14,6.25,6.389999866485596,6.25,6.25,5.152565002441406,7500
2014-07-15,6.320000171661377,6.320000171661377,6.25,6.25,5.152565002441406,2500
2014-07-16,6.309999942779541,6.360000133514404,6.25,6.260000228881836,5.160808086395264,6600
2014-07-17,6.429999828338623,7.130000114440918,6.429999828338623,6.960000038146973,5.73789644241333,33800
2014-07-18,7.03000020980835,7.03000020980835,6.639999866485596,6.690000057220459,5.515303611755371,3500
2014-07-21,6.690000057220459,7.0,6.650000095367432,6.650000095367432,5.482327938079834,6500
2014-07-22,6.789999961853027,6.880000114440918,6.659999847412109,6.699999809265137,5.523548126220703,8600
2014-07-23,6.329999923706055,6.639999866485596,6.329999923706055,6.610000133514404,5.449350833892822,700
2014-07-24,6.820000171661377,6.820000171661377,6.46999979019165,6.46999979019165,5.333934783935547,800
2014-07-25,6.340000152587891,6.75,6.300000190734863,6.440000057220459,5.309202671051025,1400
2014-07-28,6.96999979019165,6.96999979019165,6.96999979019165,6.96999979019165,5.746140480041504,200
2014-07-29,6.690000057220459,6.96999979019165,6.329999923706055,6.449999809265137,5.317445755004883,2600
2014-07-30,6.610000133514404,6.610000133514404,6.610000133514404,6.610000133514404,5.449350833892822,100
2014-07-31,6.96999979019165,6.96999979019165,6.340000152587891,6.889999866485596,5.680184841156006,2300
2014-08-01,6.800000190734863,6.800000190734863,6.309999942779541,6.739999771118164,5.55652379989624,3300
2014-08-04,6.349999904632568,6.730000019073486,6.349999904632568,6.550000190734863,5.399887561798096,24400
2014-08-05,6.360000133514404,6.599999904632568,6.360000133514404,6.5,5.358666896820068,4800
2014-08-06,6.5,6.5,6.360000133514404,6.369999885559082,5.25149393081665,6400
2014-08-07,6.380000114440918,6.550000190734863,6.349999904632568,6.369999885559082,5.25149393081665,5200
2014-08-08,6.690000057220459,6.730000019073486,6.449999809265137,6.730000019073486,5.548280715942383,800
2014-08-11,6.46999979019165,6.579999923706055,6.449999809265137,6.559999942779541,5.4081315994262695,3200
2014-08-12,6.559999942779541,6.559999942779541,6.559999942779541,6.559999942779541,5.4081315994262695,0
2014-08-13,6.400000095367432,6.5,6.400000095367432,6.429999828338623,5.300958633422852,3800
2014-08-14,6.53000020980835,6.570000171661377,6.429999828338623,6.429999828338623,5.300958633422852,1200
2014-08-15,6.440000057220459,6.5,6.429999828338623,6.5,5.358666896820068,4100
2014-08-18,6.670000076293945,6.670000076293945,6.510000228881836,6.510000228881836,5.3669114112854,200
2014-08-19,6.510000228881836,6.510000228881836,6.510000228881836,6.510000228881836,5.3669114112854,0
2014-08-20,6.429999828338623,6.690000057220459,6.429999828338623,6.690000057220459,5.515303611755371,400
2014-08-21,6.690000057220459,6.690000057220459,6.690000057220459,6.690000057220459,5.515303611755371,400
2014-08-22,6.489999771118164,6.619999885559082,6.480000019073486,6.559999942779541,5.4081315994262695,1400
2014-08-25,6.559999942779541,6.559999942779541,6.559999942779541,6.559999942779541,5.4081315994262695,0
2014-08-26,6.559999942779541,6.559999942779541,6.559999942779541,6.559999942779541,5.4081315994262695,0
2014-08-27,6.559999942779541,6.559999942779541,6.559999942779541,6.559999942779541,5.4081315994262695,0
2014-08-28,6.5,6.5,6.5,6.5,5.358666896820068,100
2014-08-29,6.5,6.5,6.5,6.5,5.358666896820068,1500
2014-09-02,6.5,6.559999942779541,6.5,6.559999942779541,5.4081315994262695,4100
2014-09-03,6.559999942779541,6.559999942779541,6.559999942779541,6.559999942779541,5.4081315994262695,0
2014-09-04,6.699999809265137,6.699999809265137,6.349999904632568,6.579999923706055,5.424619674682617,21300
2014-09-05,6.630000114440918,6.630000114440918,6.630000114440918,6.630000114440918,5.465839862823486,400
2014-09-08,6.260000228881836,6.5,6.260000228881836,6.5,5.358666896820068,3100
2014-09-09,6.519999980926514,6.539999961853027,6.519999980926514,6.539999961853027,5.391643047332764,1300
2014-09-10,6.539999961853027,6.539999961853027,6.539999961853027,6.539999961853027,5.391643047332764,0
2014-09-11,6.5,6.619999885559082,6.5,6.570000171661377,5.416375637054443,2700
2014-09-12,6.570000171661377,6.570000171661377,6.570000171661377,6.570000171661377,5.416375637054443,0
2014-09-15,6.599999904632568,6.599999904632568,6.599999904632568,6.599999904632568,5.441107749938965,100
2014-09-16,6.739999771118164,6.739999771118164,6.739999771118164,6.739999771118164,5.55652379989624,200
2014-09-17,6.739999771118164,6.739999771118164,6.739999771118164,6.739999771118164,5.55652379989624,0
2014-09-18,6.5,6.519999980926514,6.5,6.5,5.358666896820068,1100
2014-09-19,6.650000095367432,6.650000095367432,6.650000095367432,6.650000095367432,5.482327938079834,200
2014-09-22,6.690000057220459,6.690000057220459,6.309999942779541,6.659999847412109,5.490572452545166,900
2014-09-23,6.289999961853027,6.659999847412109,6.269999980926514,6.659999847412109,5.490572452545166,1000
2014-09-24,6.559999942779541,6.699999809265137,6.510000228881836,6.699999809265137,5.523548126220703,7100
2014-09-25,6.699999809265137,6.699999809265137,6.699999809265137,6.699999809265137,5.523548126220703,0
2014-09-26,6.699999809265137,6.699999809265137,6.699999809265137,6.699999809265137,5.523548126220703,0
2014-09-29,6.699999809265137,6.699999809265137,6.699999809265137,6.699999809265137,5.523548126220703,1400
2014-09-30,6.699999809265137,6.699999809265137,6.699999809265137,6.699999809265137,5.523548126220703,0
2014-10-01,6.699999809265137,7.099999904632568,6.699999809265137,7.099999904632568,5.853312015533447,19700
2014-10-02,6.349999904632568,7.099999904632568,6.300000190734863,6.699999809265137,5.523548126220703,27400
2014-10-03,7.070000171661377,7.070000171661377,7.070000171661377,7.070000171661377,5.828580379486084,100
2014-10-06,6.699999809265137,6.75,6.699999809265137,6.699999809265137,5.523548126220703,1000
2014-10-07,6.699999809265137,7.099999904632568,6.699999809265137,6.96999979019165,5.746140480041504,1900
2014-10-08,6.539999961853027,6.989999771118164,6.539999961853027,6.909999847412109,5.696675777435303,1100
2014-10-09,6.909999847412109,6.909999847412109,6.909999847412109,6.909999847412109,5.696675777435303,0
2014-10-10,6.909999847412109,6.909999847412109,6.909999847412109,6.909999847412109,5.696675777435303,0
2014-10-13,6.579999923706055,6.739999771118164,6.579999923706055,6.590000152587891,5.432864665985107,1200
2014-10-14,6.510000228881836,6.579999923706055,6.510000228881836,6.550000190734863,5.399887561798096,2000
2014-10-15,6.400000095367432,6.730000019073486,6.400000095367432,6.730000019073486,5.548280715942383,1900
2014-10-16,6.599999904632568,6.730000019073486,6.599999904632568,6.599999904632568,5.441107749938965,1800
2014-10-17,6.400000095367432,6.730000019073486,6.400000095367432,6.710000038146973,5.531793117523193,1000
2014-10-20,6.400000095367432,6.739999771118164,6.400000095367432,6.71999979019165,5.540036201477051,500
2014-10-21,6.679999828338623,6.75,6.619999885559082,6.619999885559082,5.457596302032471,500
2014-10-22,6.639999866485596,6.639999866485596,6.639999866485596,6.639999866485596,5.4740824699401855,200
2014-10-23,6.809999942779541,6.809999942779541,6.809999942779541,6.809999942779541,5.614234447479248,300
2014-10-24,6.809999942779541,6.809999942779541,6.809999942779541,6.809999942779541,5.614234447479248,200
2014-10-27,6.929999828338623,6.929999828338623,6.800000190734863,6.800000190734863,5.605990409851074,700
2014-10-28,6.800000190734863,7.159999847412109,6.800000190734863,6.980000019073486,5.754384517669678,10900
2014-10-29,6.900000095367432,6.900000095367432,6.800000190734863,6.869999885559082,5.663699150085449,2400
2014-10-30,6.800000190734863,6.900000095367432,6.800000190734863,6.809999942779541,5.614234447479248,1800
2014-10-31,6.800000190734863,6.900000095367432,6.800000190734863,6.900000095367432,5.688431262969971,7500
2014-11-03,7.0,7.0,6.949999809265137,6.949999809265137,5.72965145111084,500
2014-11-04,7.0,7.099999904632568,6.989999771118164,7.099999904632568,5.853312015533447,2900
2014-11-05,7.070000171661377,7.099999904632568,7.070000171661377,7.099999904632568,5.853312015533447,900
2014-11-06,6.610000133514404,6.909999847412109,6.610000133514404,6.900000095367432,5.688431262969971,400
2014-11-07,6.900000095367432,6.900000095367432,6.900000095367432,6.900000095367432,5.688431262969971,1100
2014-11-10,6.900000095367432,6.900000095367432,6.900000095367432,6.900000095367432,5.688431262969971,0
2014-11-11,6.900000095367432,6.920000076293945,6.650000095367432,6.650000095367432,5.482327938079834,6200
2014-11-12,6.75,6.920000076293945,6.590000152587891,6.800000190734863,5.605990409851074,3200
2014-11-13,7.059999942779541,7.059999942779541,6.78000020980835,6.78000020980835,5.589501857757568,400
2014-11-14,6.75,6.980000019073486,6.75,6.900000095367432,5.688431262969971,5800
2014-11-17,6.989999771118164,7.099999904632568,6.989999771118164,7.03000020980835,5.795602798461914,9700
2014-11-18,7.03000020980835,7.03000020980835,7.03000020980835,7.03000020980835,5.795602798461914,500
2014-11-19,7.03000020980835,7.03000020980835,7.03000020980835,7.03000020980835,5.795602798461914,0
2014-11-20,7.079999923706055,7.079999923706055,7.079999923706055,7.079999923706055,5.836824417114258,900
2014-11-21,7.03000020980835,7.099999904632568,7.03000020980835,7.099999904632568,5.853312015533447,3300
2014-11-24,7.190000057220459,7.300000190734863,7.179999828338623,7.25,5.976973533630371,11300
2014-11-25,7.199999809265137,8.0,7.199999809265137,7.28000020980835,6.001707553863525,14900
2014-11-26,7.960000038146973,7.960000038146973,7.25,7.5,6.183076858520508,2600
2014-11-28,7.829999923706055,7.829999923706055,7.539999961853027,7.539999961853027,6.2160515785217285,300
2014-12-01,7.25,7.849999904632568,7.199999809265137,7.25,5.976973533630371,3500
2014-12-02,7.269999980926514,7.53000020980835,7.269999980926514,7.53000020980835,6.207808494567871,700
2014-12-03,7.300000190734863,7.309999942779541,7.199999809265137,7.289999961853027,6.009949684143066,1100
2014-12-04,7.199999809265137,7.53000020980835,7.199999809265137,7.329999923706055,6.042926788330078,6200
2014-12-05,7.829999923706055,7.829999923706055,7.489999771118164,7.489999771118164,6.17483377456665,600
2014-12-08,7.679999828338623,7.699999809265137,7.679999828338623,7.699999809265137,6.347958087921143,1300
2014-12-09,7.699999809265137,7.699999809265137,7.599999904632568,7.619999885559082,6.282006740570068,5500
2014-12-10,7.619999885559082,7.619999885559082,7.619999885559082,7.619999885559082,6.282006740570068,0
2014-12-11,7.5,7.699999809265137,7.489999771118164,7.699999809265137,6.347958087921143,5400
2014-12-12,7.570000171661377,7.699999809265137,7.489999771118164,7.489999771118164,6.17483377456665,5300
2014-12-15,7.610000133514404,7.610000133514404,7.25,7.28000020980835,6.001707553863525,2600
2014-12-16,7.5,7.519999980926514,7.5,7.519999980926514,6.199565887451172,1100
2014-12-17,7.449999809265137,7.5,7.449999809265137,7.5,6.183076858520508,900
2014-12-18,7.5,7.5,7.5,7.5,6.183076858520508,0
2014-12-19,7.670000076293945,7.670000076293945,7.380000114440918,7.400000095367432,6.100635051727295,600
2014-12-22,7.610000133514404,7.610000133514404,7.360000133514404,7.360000133514404,6.067659378051758,900
2014-12-23,7.409999847412109,7.409999847412109,7.409999847412109,7.409999847412109,6.108880043029785,200
2014-12-24,7.409999847412109,7.5,7.349999904632568,7.420000076293945,6.117125511169434,8900
2014-12-26,7.570000171661377,7.570000171661377,7.570000171661377,7.570000171661377,6.240785121917725,100
2014-12-29,7.630000114440918,7.630000114440918,7.630000114440918,7.630000114440918,6.290249824523926,200
2014-12-30,7.599999904632568,7.760000228881836,7.53000020980835,7.650000095367432,6.306738376617432,6200
2014-12-31,7.659999847412109,7.880000114440918,7.659999847412109,7.880000114440918,6.496352672576904,1900
2015-01-02,7.880000114440918,7.880000114440918,7.880000114440918,7.880000114440918,6.496352672576904,0
2015-01-05,7.650000095367432,7.789999961853027,7.639999866485596,7.789999961853027,6.422155380249023,2800
2015-01-06,7.71999979019165,7.800000190734863,7.599999904632568,7.670000076293945,6.323226451873779,7200
2015-01-07,7.53000020980835,7.78000020980835,7.53000020980835,7.71999979019165,6.364447116851807,5500
2015-01-08,7.75,7.789999961853027,7.75,7.78000020980835,6.413911819458008,1000
2015-01-09,7.610000133514404,7.610000133514404,7.610000133514404,7.610000133514404,6.2737627029418945,200
2015-01-12,7.769999980926514,7.920000076293945,7.440000057220459,7.440000057220459,6.133612155914307,11700
2015-01-13,7.440000057220459,7.789999961853027,7.440000057220459,7.5,6.183076858520508,1200
2015-01-14,7.570000171661377,7.739999771118164,7.5,7.739999771118164,6.380935192108154,900
2015-01-15,7.599999904632568,7.599999904632568,7.53000020980835,7.550000190734863,6.224297046661377,700
2015-01-16,7.550000190734863,7.75,7.5,7.550000190734863,6.224297046661377,7400
2015-01-20,7.599999904632568,7.829999923706055,7.599999904632568,7.829999923706055,6.455132007598877,1000
2015-01-21,7.829999923706055,7.829999923706055,7.829999923706055,7.829999923706055,6.455132007598877,0
2015-01-22,7.579999923706055,7.579999923706055,7.320000171661377,7.5,6.183076858520508,10100
2015-01-23,7.5,7.599999904632568,7.5,7.599999904632568,6.265517234802246,1700
2015-01-26,7.809999942779541,7.809999942779541,7.309999942779541,7.449999809265137,6.1418561935424805,18200
2015-01-27,7.369999885559082,7.679999828338623,7.369999885559082,7.679999828338623,6.331470966339111,700
2015-01-28,7.409999847412109,7.5,7.369999885559082,7.369999885559082,6.0759053230285645,1700
2015-01-29,7.349999904632568,7.5,7.349999904632568,7.5,6.183076858520508,2100
2015-01-30,7.460000038146973,7.460000038146973,7.460000038146973,7.460000038146973,6.150099754333496,100
2015-02-02,7.460000038146973,7.460000038146973,7.400000095367432,7.400000095367432,6.100635051727295,11400
2015-02-03,7.400000095367432,7.449999809265137,7.400000095367432,7.449999809265137,6.1418561935424805,2400
2015-02-04,7.449999809265137,7.449999809265137,7.449999809265137,7.449999809265137,6.1418561935424805,0
2015-02-05,7.5,7.670000076293945,7.5,7.5,6.183076858520508,1400
2015-02-06,7.449999809265137,7.449999809265137,7.449999809265137,7.449999809265137,6.1418561935424805,500
2015-02-09,7.400000095367432,7.400000095367432,7.400000095367432,7.400000095367432,6.100635051727295,500
2015-02-10,7.429999828338623,7.510000228881836,7.420000076293945,7.460000038146973,6.150099754333496,7000
2015-02-11,7.460000038146973,7.460000038146973,7.460000038146973,7.460000038146973,6.150099754333496,0
2015-02-12,7.460000038146973,7.460000038146973,7.460000038146973,7.460000038146973,6.150099754333496,0
2015-02-13,7.579999923706055,7.690000057220459,7.579999923706055,7.690000057220459,6.339714050292969,3200
2015-02-17,7.679999828338623,7.699999809265137,7.679999828338623,7.699999809265137,6.347958087921143,3700
2015-02-18,7.75,7.75,7.599999904632568,7.599999904632568,6.265517234802246,15500
2015-02-19,7.650000095367432,7.880000114440918,7.349999904632568,7.769999980926514,6.405669212341309,21200
2015-02-20,7.860000133514404,7.989999771118164,7.860000133514404,7.940000057220459,6.545816898345947,8300
2015-02-23,7.940000057220459,7.940000057220459,7.940000057220459,7.940000057220459,6.545816898345947,0
2015-02-24,7.940000057220459,7.940000057220459,7.940000057220459,7.940000057220459,6.545816898345947,0
2015-02-25,7.900000095367432,8.069999694824219,7.900000095367432,7.989999771118164,6.587037086486816,8900
2015-02-26,7.989999771118164,7.989999771118164,7.900000095367432,7.900000095367432,6.512841701507568,900
2015-02-27,7.900000095367432,7.900000095367432,7.900000095367432,7.900000095367432,6.512841701507568,0
2015-03-02,7.929999828338623,8.15999984741211,7.929999828338623,8.15999984741211,6.727187633514404,14700
2015-03-03,8.15999984741211,8.15999984741211,8.15999984741211,8.15999984741211,6.727187633514404,0
2015-03-04,8.180000305175781,8.199999809265137,8.130000114440918,8.149999618530273,6.718942165374756,11900
2015-03-05,8.149999618530273,8.149999618530273,8.0,8.130000114440918,6.702454566955566,4700
2015-03-06,8.140000343322754,8.380000114440918,8.130000114440918,8.380000114440918,6.908559322357178,21600
2015-03-09,8.199999809265137,8.199999809265137,8.199999809265137,8.199999809265137,6.760163307189941,100
2015-03-10,8.100000381469727,8.1899995803833,8.100000381469727,8.100000381469727,6.677723407745361,1400
2015-03-11,8.029999732971191,8.25,8.0,8.119999885559082,6.694211483001709,1300
2015-03-12,8.069999694824219,8.1899995803833,8.050000190734863,8.1899995803833,6.751919746398926,3800
2015-03-13,8.0,8.229999542236328,8.0,8.229999542236328,6.784897327423096,2300
2015-03-16,8.0600004196167,8.220000267028809,8.050000190734863,8.100000381469727,6.677723407745361,5300
2015-03-17,8.119999885559082,8.289999961853027,8.119999885559082,8.25,6.801384449005127,4300
2015-03-18,8.199999809265137,8.199999809265137,8.199999809265137,8.199999809265137,6.760163307189941,500
2015-03-19,8.100000381469727,8.199999809265137,8.100000381469727,8.119999885559082,6.694211483001709,2500
2015-03-20,8.100000381469727,8.199999809265137,8.010000228881836,8.010000228881836,6.603526592254639,26800
2015-03-23,8.0,8.239999771118164,8.0,8.100000381469727,6.677723407745361,8900
2015-03-24,8.020000457763672,8.020000457763672,8.0,8.0,6.595282554626465,1000
2015-03-25,8.0,8.239999771118164,8.0,8.220000267028809,6.776653289794922,600
2015-03-26,8.100000381469727,8.100000381469727,8.050000190734863,8.100000381469727,6.677723407745361,10800
2015-03-27,8.0,8.149999618530273,8.0,8.149999618530273,6.718942165374756,2500
2015-03-30,8.069999694824219,8.25,8.050000190734863,8.0600004196167,6.644747257232666,5000
2015-03-31,8.100000381469727,8.25,8.100000381469727,8.100000381469727,6.677723407745361,1300
2015-04-01,8.109999656677246,8.25,8.0600004196167,8.100000381469727,6.677723407745361,11100
2015-04-02,8.109999656677246,8.229999542236328,8.100000381469727,8.100000381469727,6.677723407745361,1200
2015-04-06,8.100000381469727,8.149999618530273,8.0600004196167,8.0600004196167,6.644747257232666,900
2015-04-07,8.100000381469727,8.149999618530273,8.100000381469727,8.149999618530273,6.718942165374756,4000
2015-04-08,8.130000114440918,8.25,8.130000114440918,8.149999618530273,6.718942165374756,9400
2015-04-09,8.1899995803833,8.300000190734863,8.1899995803833,8.300000190734863,6.842607021331787,4700
2015-04-10,8.300000190734863,8.300000190734863,8.25,8.289999961853027,6.8343610763549805,2100
2015-04-13,8.380000114440918,8.380000114440918,8.15999984741211,8.15999984741211,6.727187633514404,2500
2015-04-14,8.25,8.25,8.199999809265137,8.239999771118164,6.793140411376953,800
2015-04-15,8.25,8.510000228881836,8.239999771118164,8.460000038146973,6.974508762359619,2100
2015-04-16,8.350000381469727,8.350000381469727,8.1899995803833,8.1899995803833,6.751919746398926,900
2015-04-17,8.1899995803833,8.1899995803833,8.1899995803833,8.1899995803833,6.751919746398926,0
2015-04-20,8.34000015258789,8.34000015258789,8.25,8.260000228881836,6.809630393981934,500
2015-04-21,8.25,8.25,8.25,8.25,6.801384449005127,1800
2015-04-22,8.300000190734863,8.460000038146973,8.25,8.3100004196167,6.8508501052856445,3000
2015-04-23,8.270000457763672,8.279999732971191,8.270000457763672,8.279999732971191,6.826117515563965,400
2015-04-24,8.399999618530273,8.529999732971191,8.25,8.529999732971191,7.0322184562683105,6700
2015-04-27,8.289999961853027,8.390000343322754,8.260000228881836,8.270000457763672,6.817874431610107,5600
2015-04-28,8.270000457763672,8.270000457763672,8.210000038146973,8.210000038146973,6.768409252166748,6200
2015-04-29,8.420000076293945,8.420000076293945,8.3100004196167,8.390000343322754,6.916803359985352,8700
2015-04-30,8.319999694824219,8.390000343322754,8.300000190734863,8.369999885559082,6.900313377380371,2600
2015-05-01,8.300000190734863,8.380000114440918,8.300000190734863,8.300000190734863,6.842607021331787,12800
2015-05-04,8.34000015258789,8.34000015258789,8.270000457763672,8.270000457763672,6.817874431610107,3500
2015-05-05,8.229999542236328,8.329999923706055,8.229999542236328,8.260000228881836,6.809630393981934,2300
2015-05-06,8.260000228881836,8.260000228881836,8.260000228881836,8.260000228881836,6.809630393981934,0
2015-05-07,8.260000228881836,8.34000015258789,8.25,8.25,6.801384449005127,4700
2015-05-08,8.34000015258789,8.34000015258789,8.34000015258789,8.34000015258789,6.875582695007324,1000
2015-05-11,8.300000190734863,8.300000190734863,8.289999961853027,8.300000190734863,6.842607021331787,3800
2015-05-12,8.260000228881836,8.34000015258789,8.260000228881836,8.34000015258789,6.875582695007324,1000
2015-05-13,8.34000015258789,8.350000381469727,8.279999732971191,8.279999732971191,6.826117515563965,12100
2015-05-14,8.279999732971191,8.369999885559082,8.260000228881836,8.260000228881836,6.809630393981934,1200
2015-05-15,8.25,8.380000114440918,8.25,8.380000114440918,6.908559322357178,10100
2015-05-18,8.380000114440918,8.380000114440918,8.260000228881836,8.260000228881836,6.809630393981934,2000
2015-05-19,8.380000114440918,8.5,8.350000381469727,8.350000381469727,6.883825778961182,6800
2015-05-20,8.449999809265137,8.449999809265137,8.350000381469727,8.449999809265137,6.966268062591553,1100
2015-05-21,8.399999618530273,8.449999809265137,8.350000381469727,8.449999809265137,6.966268062591553,1400
2015-05-22,8.449999809265137,8.449999809265137,8.399999618530273,8.449999809265137,6.966268062591553,500
2015-05-26,8.369999885559082,8.369999885559082,8.1899995803833,8.1899995803833,6.751919746398926,1200
2015-05-27,8.210000038146973,8.369999885559082,8.170000076293945,8.210000038146973,6.768409252166748,1700
2015-05-28,8.300000190734863,8.470000267028809,8.300000190734863,8.470000267028809,6.982754230499268,1400
2015-05-29,8.470000267028809,8.470000267028809,8.470000267028809,8.470000267028809,6.982754230499268,0
2015-06-01,8.430000305175781,8.449999809265137,8.399999618530273,8.399999618530273,6.925045490264893,2500
2015-06-02,8.449999809265137,8.449999809265137,8.359999656677246,8.4399995803833,6.958022117614746,700
2015-06-03,8.4399995803833,8.4399995803833,8.4399995803833,8.4399995803833,6.958022117614746,0
2015-06-04,8.359999656677246,8.390000343322754,8.359999656677246,8.380000114440918,6.908559322357178,3400
2015-06-05,8.380000114440918,8.380000114440918,8.380000114440918,8.380000114440918,6.908559322357178,0
2015-06-08,8.449999809265137,8.5,8.430000305175781,8.430000305175781,6.949778079986572,4600
2015-06-09,8.5,8.5600004196167,8.40999984741211,8.40999984741211,6.933290481567383,2400
2015-06-10,8.449999809265137,9.300000190734863,8.449999809265137,9.0,7.4196929931640625,500
2015-06-11,8.550000190734863,9.350000381469727,8.550000190734863,9.300000190734863,7.667016983032227,17800
2015-06-12,9.239999771118164,9.239999771118164,8.65999984741211,8.680000305175781,7.155880928039551,5600
2015-06-15,8.739999771118164,9.170000076293945,8.729999542236328,8.970000267028809,7.394960880279541,4400
2015-06-16,8.789999961853027,8.930000305175781,8.789999961853027,8.84000015258789,7.287787914276123,3600
2015-06-17,8.930000305175781,8.979999542236328,8.930000305175781,8.979999542236328,7.403203964233398,400
2015-06-18,8.8100004196167,8.949999809265137,8.8100004196167,8.890000343322754,7.32900857925415,1800
2015-06-19,8.75,9.0,8.75,9.0,7.4196929931640625,1400
2015-06-22,8.770000457763672,8.84000015258789,8.630000114440918,8.630000114440918,7.11466121673584,1400
2015-06-23,8.649999618530273,8.949999809265137,8.649999618530273,8.9399995803833,7.370226860046387,1900
2015-06-24,8.949999809265137,8.949999809265137,8.710000038146973,8.729999542236328,7.197100639343262,3700
2015-06-25,8.729999542236328,8.729999542236328,8.729999542236328,8.729999542236328,7.197100639343262,0
2015-06-26,8.5600004196167,9.0,8.5600004196167,9.0,7.4196929931640625,2100
2015-06-29,8.5600004196167,8.5600004196167,8.5600004196167,8.5600004196167,7.056950092315674,1100
2015-06-30,8.5600004196167,8.5600004196167,8.5600004196167,8.5600004196167,7.056950092315674,0
2015-07-01,8.960000038146973,9.25,8.8100004196167,9.25,7.625795364379883,3900
2015-07-02,9.010000228881836,9.199999809265137,8.65999984741211,9.0,7.4196929931640625,5900
2015-07-06,9.079999923706055,9.199999809265137,8.65999984741211,9.199999809265137,7.584573745727539,700
2015-07-07,8.779999732971191,8.779999732971191,8.6899995803833,8.6899995803833,7.164125442504883,2400
2015-07-08,8.609999656677246,9.09000015258789,8.609999656677246,8.649999618530273,7.131148338317871,8900
2015-07-09,8.649999618530273,8.649999618530273,8.649999618530273,8.649999618530273,7.131148338317871,0
2015-07-10,8.649999618530273,8.649999618530273,8.649999618530273,8.649999618530273,7.131148338317871,0
2015-07-13,8.970000267028809,9.010000228881836,8.760000228881836,8.760000228881836,7.2218337059021,1000
2015-07-14,8.899999618530273,8.899999618530273,8.75,8.890000343322754,7.32900857925415,10900
2015-07-15,9.0,9.0,8.899999618530273,8.899999618530273,7.337251663208008,400
2015-07-16,9.039999961853027,9.039999961853027,8.989999771118164,9.020000457763672,7.436182975769043,10000
2015-07-17,9.020000457763672,9.020000457763672,9.020000457763672,9.020000457763672,7.436182975769043,0
2015-07-20,9.010000228881836,9.100000381469727,9.010000228881836,9.010000228881836,7.4279375076293945,1400
2015-07-21,9.010000228881836,9.180000305175781,9.010000228881836,9.010000228881836,7.4279375076293945,5700
2015-07-22,9.050000190734863,9.199999809265137,9.0,9.010000228881836,7.4279375076293945,2200
2015-07-23,9.0,9.100000381469727,8.800000190734863,9.020000457763672,7.436182975769043,17200
2015-07-24,8.930000305175781,9.170000076293945,8.899999618530273,9.170000076293945,7.559841632843018,800
2015-07-27,8.920000076293945,8.930000305175781,8.800000190734863,8.859999656677246,7.304272651672363,6800
2015-07-28,8.90999984741211,9.170000076293945,8.899999618530273,8.930000305175781,7.361983299255371,1000
2015-07-29,8.930000305175781,8.930000305175781,8.930000305175781,8.930000305175781,7.361983299255371,0
2015-07-30,8.920000076293945,8.9399995803833,8.90999984741211,8.9399995803833,7.370226860046387,300
2015-07-31,8.9399995803833,8.9399995803833,8.9399995803833,8.9399995803833,7.370226860046387,100
2015-08-03,8.899999618530273,8.960000038146973,8.899999618530273,8.960000038146973,7.38671350479126,3800
2015-08-04,9.100000381469727,9.100000381469727,8.949999809265137,9.020000457763672,7.436182975769043,8500
2015-08-05,8.949999809265137,8.949999809265137,8.890000343322754,8.930000305175781,7.361983299255371,23000
2015-08-06,8.90999984741211,8.90999984741211,8.899999618530273,8.899999618530273,7.337251663208008,12800
2015-08-07,8.899999618530273,8.899999618530273,8.800000190734863,8.829999923706055,7.279542922973633,9700
2015-08-10,8.829999923706055,8.829999923706055,8.800000190734863,8.819999694824219,7.271299362182617,1600
2015-08-11,8.760000228881836,8.979999542236328,8.760000228881836,8.979999542236328,7.403203964233398,900
2015-08-12,8.8100004196167,8.979999542236328,8.8100004196167,8.979999542236328,7.403203964233398,600
2015-08-13,8.859999656677246,8.859999656677246,8.8100004196167,8.84000015258789,7.287787914276123,1300
2015-08-14,8.890000343322754,9.180000305175781,8.859999656677246,9.180000305175781,7.568085670471191,400
2015-08-17,8.850000381469727,8.850000381469727,8.8100004196167,8.8100004196167,7.263054847717285,200
2015-08-18,8.850000381469727,8.850000381469727,8.670000076293945,8.75,7.213590145111084,8000
2015-08-19,8.75,9.140000343322754,8.75,8.75,7.213590145111084,1100
2015-08-20,8.770000457763672,9.029999732971191,8.760000228881836,8.779999732971191,7.238320350646973,1500
2015-08-21,8.760000228881836,8.760000228881836,8.75,8.75,7.213590145111084,400
2015-08-24,8.75,9.109999656677246,8.75,8.760000228881836,7.2218337059021,4000
2015-08-25,8.9399995803833,8.9399995803833,8.75,8.75,7.213590145111084,1500
2015-08-26,8.770000457763672,8.770000457763672,8.770000457763672,8.770000457763672,7.23007869720459,100
2015-08-27,9.0,9.029999732971191,9.0,9.029999732971191,7.444425582885742,900
2015-08-28,8.930000305175781,9.069999694824219,8.75,8.75,7.213590145111084,3200
2015-08-31,8.800000190734863,8.8100004196167,8.75,8.75,7.213590145111084,3600
2015-09-01,8.770000457763672,8.850000381469727,8.770000457763672,8.850000381469727,7.296032428741455,500
2015-09-02,8.800000190734863,8.979999542236328,8.760000228881836,8.760000228881836,7.2218337059021,3300
2015-09-03,8.800000190734863,8.989999771118164,8.800000190734863,8.989999771118164,7.411448955535889,2300
2015-09-04,8.760000228881836,8.760000228881836,8.760000228881836,8.760000228881836,7.2218337059021,700
2015-09-08,8.760000228881836,8.800000190734863,8.75,8.800000190734863,7.254810333251953,1900
2015-09-09,8.800000190734863,8.979999542236328,8.800000190734863,8.800000190734863,7.254810333251953,700
2015-09-10,8.800000190734863,8.800000190734863,8.800000190734863,8.800000190734863,7.254810333251953,400
2015-09-11,8.800000190734863,8.899999618530273,8.75,8.8100004196167,7.263054847717285,9200
2015-09-14,8.800000190734863,8.8100004196167,8.800000190734863,8.8100004196167,7.263054847717285,400
2015-09-15,8.800000190734863,8.800000190734863,8.800000190734863,8.800000190734863,7.254810333251953,500
2015-09-16,8.800000190734863,8.800000190734863,8.800000190734863,8.800000190734863,7.254810333251953,1600
2015-09-17,8.800000190734863,8.800000190734863,8.800000190734863,8.800000190734863,7.254810333251953,600
2015-09-18,8.800000190734863,8.899999618530273,8.800000190734863,8.899999618530273,7.337251663208008,2800
2015-09-21,9.0,9.119999885559082,8.800000190734863,8.800000190734863,7.254810333251953,2600
2015-09-22,8.819999694824219,8.819999694824219,8.819999694824219,8.819999694824219,7.271299362182617,100
2015-09-23,8.819999694824219,8.819999694824219,8.819999694824219,8.819999694824219,7.271299362182617,100
2015-09-24,8.899999618530273,8.899999618530273,8.899999618530273,8.899999618530273,7.337251663208008,100
2015-09-25,8.930000305175781,8.930000305175781,8.930000305175781,8.930000305175781,7.361983299255371,100
2015-09-28,8.899999618530273,8.920000076293945,8.899999618530273,8.920000076293945,7.35374116897583,1600
2015-09-29,8.899999618530273,8.899999618530273,8.899999618530273,8.899999618530273,7.337251663208008,100
2015-09-30,8.899999618530273,8.899999618530273,8.899999618530273,8.899999618530273,7.337251663208008,0
2015-10-01,8.899999618530273,8.899999618530273,8.899999618530273,8.899999618530273,7.337251663208008,1800
2015-10-02,8.899999618530273,8.899999618530273,8.899999618530273,8.899999618530273,7.337251663208008,200
2015-10-05,8.899999618530273,8.899999618530273,8.899999618530273,8.899999618530273,7.337251663208008,300
2015-10-06,9.0,9.0,9.0,9.0,7.4196929931640625,200
2015-10-07,9.119999885559082,9.140000343322754,8.920000076293945,8.920000076293945,7.35374116897583,900
2015-10-08,8.920000076293945,8.920000076293945,8.920000076293945,8.920000076293945,7.35374116897583,0
2015-10-09,8.920000076293945,8.920000076293945,8.920000076293945,8.920000076293945,7.35374116897583,0
2015-10-12,8.899999618530273,8.899999618530273,8.899999618530273,8.899999618530273,7.337251663208008,1800
2015-10-13,8.989999771118164,9.0,8.75,8.880000114440918,7.320763111114502,20300
2015-10-14,8.880000114440918,8.880000114440918,8.800000190734863,8.8100004196167,7.263054847717285,8600
2015-10-15,8.899999618530273,9.199999809265137,8.899999618530273,9.180000305175781,7.568085670471191,3700
2015-10-16,9.0,9.130000114440918,9.0,9.020000457763672,7.436182975769043,8600
2015-10-19,9.0,9.0,9.0,9.0,7.4196929931640625,100
2015-10-20,9.0,9.100000381469727,9.0,9.100000381469727,7.502134323120117,4000
2015-10-21,9.180000305175781,9.180000305175781,9.020000457763672,9.100000381469727,7.502134323120117,2900
2015-10-22,9.109999656677246,9.1899995803833,9.109999656677246,9.149999618530273,7.543354511260986,700
2015-10-23,9.100000381469727,9.15999984741211,9.100000381469727,9.15999984741211,7.551596164703369,2000
2015-10-26,9.100000381469727,9.199999809265137,9.020000457763672,9.140000343322754,7.535110950469971,4400
2015-10-27,9.100000381469727,9.220000267028809,9.100000381469727,9.140000343322754,7.535110950469971,5500
2015-10-28,9.1899995803833,9.220000267028809,9.15999984741211,9.220000267028809,7.601061820983887,21200
2015-10-29,9.220000267028809,9.229999542236328,9.100000381469727,9.149999618530273,7.543354511260986,5800
2015-10-30,9.180000305175781,9.180000305175781,9.109999656677246,9.109999656677246,7.510376930236816,4200
2015-11-02,9.180000305175781,9.229999542236328,9.180000305175781,9.199999809265137,7.584573745727539,2400
2015-11-03,9.199999809265137,9.199999809265137,9.199999809265137,9.199999809265137,7.584573745727539,0
2015-11-04,9.180000305175781,9.220000267028809,9.180000305175781,9.210000038146973,7.592816352844238,4300
2015-11-05,9.239999771118164,9.350000381469727,9.220000267028809,9.350000381469727,7.70823335647583,2400
2015-11-06,9.289999961853027,9.289999961853027,9.289999961853027,9.289999961853027,7.658771514892578,2100
2015-11-09,9.399999618530273,9.399999618530273,9.199999809265137,9.369999885559082,7.724725723266602,3000
2015-11-10,9.199999809265137,9.359999656677246,9.199999809265137,9.359999656677246,7.716477870941162,1200
2015-11-11,9.34000015258789,9.34000015258789,9.25,9.25,7.625795364379883,500
2015-11-12,9.199999809265137,9.489999771118164,9.199999809265137,9.449999809265137,7.790677070617676,8100
2015-11-13,9.489999771118164,9.489999771118164,9.229999542236328,9.470000267028809,7.807162284851074,1800
2015-11-16,9.4399995803833,9.4399995803833,9.289999961853027,9.289999961853027,7.658771514892578,1300
2015-11-17,9.25,9.300000190734863,9.199999809265137,9.270000457763672,7.642284393310547,4200
2015-11-18,9.25,9.489999771118164,9.25,9.34000015258789,7.699991703033447,5900
2015-11-19,9.479999542236328,9.899999618530273,9.350000381469727,9.5,7.831897258758545,6900
2015-11-20,9.510000228881836,9.850000381469727,8.979999542236328,9.300000190734863,7.667016983032227,11300
2015-11-23,9.300000190734863,9.880000114440918,9.300000190734863,9.880000114440918,8.145174980163574,700
2015-11-24,9.59000015258789,9.850000381469727,9.34000015258789,9.640000343322754,7.947314262390137,1400
2015-11-25,9.640000343322754,9.640000343322754,9.640000343322754,9.640000343322754,7.947314262390137,0
2015-11-27,9.640000343322754,9.640000343322754,9.640000343322754,9.640000343322754,7.947314262390137,0
2015-11-30,9.3100004196167,9.640000343322754,9.3100004196167,9.640000343322754,7.947314262390137,1600
2015-12-01,9.59000015258789,9.59000015258789,9.3100004196167,9.420000076293945,7.7659454345703125,5400
2015-12-02,9.399999618530273,9.430000305175781,9.359999656677246,9.359999656677246,7.716477870941162,6000
2015-12-03,9.359999656677246,9.359999656677246,9.359999656677246,9.359999656677246,7.716477870941162,0
2015-12-04,9.350000381469727,9.350000381469727,9.350000381469727,9.350000381469727,7.70823335647583,200
2015-12-07,9.420000076293945,9.59000015258789,9.350000381469727,9.359999656677246,7.716477870941162,8600
2015-12-08,9.359999656677246,9.420000076293945,9.359999656677246,9.420000076293945,7.7659454345703125,4600
2015-12-09,9.350000381469727,9.369999885559082,9.350000381469727,9.369999885559082,7.724725723266602,2500
2015-12-10,9.989999771118164,9.989999771118164,9.989999771118164,9.989999771118164,8.235858917236328,500
2015-12-11,9.399999618530273,9.520000457763672,9.399999618530273,9.399999618530273,7.749457359313965,400
2015-12-14,9.350000381469727,9.630000114440918,9.350000381469727,9.350000381469727,7.70823335647583,3700
2015-12-15,9.350000381469727,9.350000381469727,9.350000381469727,9.350000381469727,7.70823335647583,0
2015-12-16,9.350000381469727,9.350000381469727,9.350000381469727,9.350000381469727,7.70823335647583,0
2015-12-17,9.529999732971191,9.819999694824219,9.399999618530273,9.399999618530273,7.749457359313965,5200
2015-12-18,9.5,9.75,9.289999961853027,9.75,8.038000106811523,17800
2015-12-21,9.539999961853027,9.539999961853027,9.34000015258789,9.479999542236328,7.815407752990723,1700
2015-12-22,9.319999694824219,9.34000015258789,9.319999694824219,9.319999694824219,7.683504581451416,1900
2015-12-23,9.319999694824219,9.319999694824219,9.319999694824219,9.319999694824219,7.683504581451416,0
2015-12-24,9.319999694824219,9.319999694824219,9.3100004196167,9.319999694824219,7.683504581451416,3100
2015-12-28,9.720000267028809,9.75,9.329999923706055,9.350000381469727,7.70823335647583,2000
2015-12-29,9.350000381469727,9.350000381469727,9.350000381469727,9.350000381469727,7.70823335647583,0
2015-12-30,9.399999618530273,9.399999618530273,9.399999618530273,9.399999618530273,7.749457359313965,300
2015-12-31,9.75,9.75,9.5,9.529999732971191,7.856627941131592,2600
2016-01-04,9.510000228881836,9.75,9.510000228881836,9.569999694824219,7.889604091644287,1600
2016-01-05,9.850000381469727,10.039999961853027,9.649999618530273,9.890000343322754,8.153417587280273,6800
2016-01-06,10.0,10.0,9.6899995803833,9.6899995803833,7.988533973693848,900
2016-01-07,9.600000381469727,9.6899995803833,9.600000381469727,9.6899995803833,7.988533973693848,1200
2016-01-08,9.6899995803833,9.800000190734863,9.649999618530273,9.800000190734863,8.07922077178955,9400
2016-01-11,9.800000190734863,9.800000190734863,9.800000190734863,9.800000190734863,8.07922077178955,0
2016-01-12,9.649999618530273,9.649999618530273,9.649999618530273,9.649999618530273,7.955559730529785,400
2016-01-13,9.649999618530273,9.9399995803833,9.59000015258789,9.890000343322754,8.153417587280273,11100
2016-01-14,9.550000190734863,9.949999809265137,9.550000190734863,9.949999809265137,8.202882766723633,3600
2016-01-15,9.729999542236328,9.880000114440918,9.550000190734863,9.579999923706055,7.897850513458252,3100
2016-01-19,9.600000381469727,9.619999885559082,9.3100004196167,9.3100004196167,7.675260066986084,7400
2016-01-20,9.829999923706055,9.829999923706055,9.3100004196167,9.3100004196167,7.675260066986084,2200
2016-01-21,9.399999618530273,9.399999618530273,9.3100004196167,9.3100004196167,7.675260066986084,500
2016-01-22,9.449999809265137,9.449999809265137,9.350000381469727,9.350000381469727,7.70823335647583,400
2016-01-25,9.3100004196167,9.449999809265137,9.3100004196167,9.329999923706055,7.691746234893799,800
2016-01-26,9.3100004196167,9.3100004196167,9.3100004196167,9.3100004196167,7.675260066986084,4500
2016-01-27,9.380000114440918,9.449999809265137,9.380000114440918,9.449999809265137,7.790677070617676,600
2016-01-28,9.3100004196167,9.449999809265137,9.3100004196167,9.350000381469727,7.70823335647583,1100
2016-01-29,9.390000343322754,9.859999656677246,9.3100004196167,9.3100004196167,7.675260066986084,2700
2016-02-01,9.350000381469727,9.430000305175781,9.319999694824219,9.319999694824219,7.683504581451416,5500
2016-02-02,9.329999923706055,9.489999771118164,9.329999923706055,9.390000343322754,7.741212844848633,700
2016-02-03,9.350000381469727,9.479999542236328,9.3100004196167,9.3100004196167,7.675260066986084,2900
2016-02-04,9.430000305175781,9.430000305175781,9.430000305175781,9.430000305175781,7.774186134338379,700
2016-02-05,9.3100004196167,9.3100004196167,9.270000457763672,9.270000457763672,7.642284393310547,18700
2016-02-08,9.149999618530273,9.25,9.149999618530273,9.25,7.625795364379883,2600
2016-02-09,9.25,9.25,8.819999694824219,8.960000038146973,7.38671350479126,7200
2016-02-10,9.130000114440918,9.130000114440918,8.770000457763672,8.90999984741211,7.345496654510498,2600
2016-02-11,8.760000228881836,8.869999885559082,8.109999656677246,8.300000190734863,6.842607021331787,18000
2016-02-12,8.789999961853027,9.149999618530273,8.539999961853027,8.899999618530273,7.337251663208008,5600
2016-02-16,8.890000343322754,8.899999618530273,8.399999618530273,8.899999618530273,7.337251663208008,6400
2016-02-17,8.899999618530273,9.09000015258789,8.800000190734863,8.800000190734863,7.254810333251953,2400
2016-02-18,8.800000190734863,8.859999656677246,8.800000190734863,8.859999656677246,7.304272651672363,2300
2016-02-19,8.850000381469727,9.069999694824219,8.850000381469727,8.850000381469727,7.296032428741455,1800
2016-02-22,8.850000381469727,8.850000381469727,8.850000381469727,8.850000381469727,7.296032428741455,0
2016-02-23,8.859999656677246,9.069999694824219,8.260000228881836,8.350000381469727,6.883825778961182,6800
2016-02-24,8.640000343322754,8.949999809265137,8.5600004196167,8.600000381469727,7.08992862701416,4400
2016-02-25,8.640000343322754,8.640000343322754,8.399999618530273,8.640000343322754,7.122905254364014,3000
2016-02-26,8.640000343322754,8.640000343322754,8.640000343322754,8.640000343322754,7.122905254364014,0
2016-02-29,8.649999618530273,8.699999809265137,8.5,8.520000457763672,7.023975849151611,15600
2016-03-01,8.760000228881836,8.890000343322754,8.5,8.890000343322754,7.32900857925415,12500
2016-03-02,8.859999656677246,9.609999656677246,8.859999656677246,9.100000381469727,7.502134323120117,23500
2016-03-03,9.100000381469727,9.210000038146973,8.84000015258789,8.84000015258789,7.287787914276123,700
2016-03-04,8.930000305175781,8.930000305175781,8.930000305175781,8.930000305175781,7.361983299255371,200
2016-03-07,8.960000038146973,9.4399995803833,8.829999923706055,9.300000190734863,7.667016983032227,22700
2016-03-08,9.050000190734863,9.270000457763672,9.029999732971191,9.029999732971191,7.444425582885742,1200
2016-03-09,9.300000190734863,9.300000190734863,9.220000267028809,9.220000267028809,7.601061820983887,300
2016-03-10,9.300000190734863,9.300000190734863,9.300000190734863,9.300000190734863,7.667016983032227,1500
2016-03-11,9.180000305175781,9.180000305175781,9.180000305175781,9.180000305175781,7.568085670471191,800
2016-03-14,9.25,9.460000038146973,9.199999809265137,9.460000038146973,7.798920631408691,1000
2016-03-15,9.479999542236328,9.479999542236328,9.239999771118164,9.319999694824219,7.683504581451416,1600
2016-03-16,9.34000015258789,9.34000015258789,9.34000015258789,9.34000015258789,7.699991703033447,200
2016-03-17,9.34000015258789,9.34000015258789,9.34000015258789,9.34000015258789,7.699991703033447,0
2016-03-18,9.239999771118164,9.239999771118164,9.199999809265137,9.199999809265137,7.584573745727539,2100
2016-03-21,9.319999694824219,9.460000038146973,9.220000267028809,9.229999542236328,7.609307289123535,4600
2016-03-22,9.300000190734863,9.300000190734863,9.300000190734863,9.300000190734863,7.667016983032227,200
2016-03-23,9.300000190734863,9.300000190734863,9.300000190734863,9.300000190734863,7.667016983032227,0
2016-03-24,9.300000190734863,9.300000190734863,9.300000190734863,9.300000190734863,7.667016983032227,0
2016-03-28,9.25,9.25,9.25,9.25,7.625795364379883,800
2016-03-29,9.210000038146973,9.319999694824219,9.180000305175781,9.180000305175781,7.568085670471191,3200
2016-03-30,9.390000343322754,9.390000343322754,9.229999542236328,9.380000114440918,7.732968807220459,1600
2016-03-31,9.399999618530273,9.399999618530273,9.1899995803833,9.1899995803833,7.57633113861084,5200
2016-04-01,9.460000038146973,9.460000038146973,9.329999923706055,9.350000381469727,7.70823335647583,1400
2016-04-04,9.390000343322754,9.399999618530273,9.239999771118164,9.380000114440918,7.732968807220459,4500
2016-04-05,9.380000114440918,9.380000114440918,9.380000114440918,9.380000114440918,7.732968807220459,0
2016-04-06,9.380000114440918,9.380000114440918,9.380000114440918,9.380000114440918,7.732968807220459,0
2016-04-07,9.380000114440918,9.380000114440918,9.380000114440918,9.380000114440918,7.732968807220459,0
2016-04-08,9.279999732971191,9.279999732971191,9.199999809265137,9.199999809265137,7.584573745727539,300
2016-04-11,9.319999694824219,9.319999694824219,9.25,9.300000190734863,7.667016983032227,800
2016-04-12,9.359999656677246,9.649999618530273,9.359999656677246,9.5600004196167,7.881363868713379,7000
2016-04-13,9.319999694824219,9.5,9.300000190734863,9.5,7.831897258758545,4500
2016-04-14,9.5,9.649999618530273,9.279999732971191,9.470000267028809,7.807162284851074,3400
2016-04-15,9.470000267028809,9.649999618530273,9.420000076293945,9.4399995803833,7.782431602478027,3000
2016-04-18,9.4399995803833,9.539999961853027,9.420000076293945,9.5,7.831897258758545,2900
2016-04-19,9.520000457763672,9.710000038146973,9.520000457763672,9.649999618530273,7.955559730529785,6600
2016-04-20,9.649999618530273,10.0,9.40999984741211,9.420000076293945,7.7659454345703125,28300
2016-04-21,9.420000076293945,9.65999984741211,9.390000343322754,9.399999618530273,7.749457359313965,7900
2016-04-22,9.449999809265137,9.890000343322754,9.390000343322754,9.4399995803833,7.782431602478027,6200
2016-04-25,9.880000114440918,9.880000114440918,9.4399995803833,9.720000267028809,8.013269424438477,7100
2016-04-26,9.779999732971191,9.859999656677246,9.720000267028809,9.720000267028809,8.013269424438477,3000
2016-04-27,9.460000038146973,9.600000381469727,9.40999984741211,9.539999961853027,7.864875316619873,3500
2016-04-28,9.600000381469727,9.779999732971191,9.600000381469727,9.779999732971191,8.062729835510254,500
2016-04-29,9.430000305175781,9.619999885559082,9.329999923706055,9.34000015258789,7.699991703033447,800
2016-05-02,9.619999885559082,9.649999618530273,9.319999694824219,9.319999694824219,7.683504581451416,3300
2016-05-03,9.399999618530273,9.470000267028809,9.399999618530273,9.399999618530273,7.749457359313965,3200
2016-05-04,9.390000343322754,9.399999618530273,9.390000343322754,9.399999618530273,7.749457359313965,1600
2016-05-05,9.399999618530273,9.399999618530273,9.399999618530273,9.399999618530273,7.749457359313965,0
2016-05-06,9.460000038146973,9.470000267028809,9.460000038146973,9.470000267028809,7.807162284851074,400
2016-05-09,9.260000228881836,9.5,9.260000228881836,9.479999542236328,7.815407752990723,2600
2016-05-10,9.479999542236328,9.479999542236328,9.479999542236328,9.479999542236328,7.815407752990723,0
2016-05-11,9.479999542236328,9.479999542236328,9.479999542236328,9.479999542236328,7.815407752990723,0
2016-05-12,9.4399995803833,9.4399995803833,9.4399995803833,9.4399995803833,7.782431602478027,100
2016-05-13,9.329999923706055,9.329999923706055,9.329999923706055,9.329999923706055,7.691746234893799,400
2016-05-16,9.329999923706055,9.420000076293945,9.329999923706055,9.420000076293945,7.7659454345703125,3200
2016-05-17,9.5,9.6899995803833,9.5,9.6899995803833,7.988533973693848,400
2016-05-18,9.600000381469727,9.600000381469727,9.5,9.550000190734863,7.873117923736572,1200
2016-05-19,9.569999694824219,9.569999694824219,9.5600004196167,9.5600004196167,7.881363868713379,800
2016-05-20,9.5,9.5600004196167,9.5,9.5600004196167,7.881363868713379,2500
2016-05-23,9.6899995803833,9.6899995803833,9.649999618530273,9.670000076293945,7.972048759460449,2800
2016-05-24,9.520000457763672,9.520000457763672,9.520000457763672,9.520000457763672,7.848386287689209,400
2016-05-25,9.550000190734863,9.649999618530273,9.550000190734863,9.640000343322754,7.947314262390137,7000
2016-05-26,9.65999984741211,9.65999984741211,9.5600004196167,9.65999984741211,7.963803291320801,500
2016-05-27,9.65999984741211,9.65999984741211,9.65999984741211,9.65999984741211,7.963803291320801,0
2016-05-31,9.65999984741211,9.65999984741211,9.65999984741211,9.65999984741211,7.963803291320801,0
2016-06-01,9.6899995803833,9.6899995803833,9.5600004196167,9.6899995803833,7.988533973693848,2000
2016-06-02,9.680000305175781,9.680000305175781,9.520000457763672,9.520000457763672,7.848386287689209,700
2016-06-03,9.520000457763672,9.520000457763672,9.520000457763672,9.520000457763672,7.848386287689209,0
2016-06-06,9.600000381469727,9.75,9.579999923706055,9.6899995803833,7.988533973693848,1500
2016-06-07,9.6899995803833,9.6899995803833,9.6899995803833,9.6899995803833,7.988533973693848,0
2016-06-08,9.6899995803833,9.6899995803833,9.6899995803833,9.6899995803833,7.988533973693848,0
2016-06-09,9.6899995803833,9.6899995803833,9.6899995803833,9.6899995803833,7.988533973693848,0
2016-06-10,9.6899995803833,9.6899995803833,9.6899995803833,9.6899995803833,7.988533973693848,0
2016-06-13,9.510000228881836,9.649999618530273,9.510000228881836,9.510000228881836,7.8401408195495605,5500
2016-06-14,9.65999984741211,9.65999984741211,9.550000190734863,9.649999618530273,7.955559730529785,900
2016-06-15,9.670000076293945,9.699999809265137,9.670000076293945,9.699999809265137,7.996779918670654,400
2016-06-16,9.699999809265137,9.699999809265137,9.5600004196167,9.5600004196167,7.881363868713379,600
2016-06-17,9.529999732971191,9.529999732971191,9.529999732971191,9.529999732971191,7.856627941131592,300
2016-06-20,9.520000457763672,9.520000457763672,9.520000457763672,9.520000457763672,7.848386287689209,300
2016-06-21,9.5,9.5,9.449999809265137,9.489999771118164,7.8236517906188965,1500
2016-06-22,9.5,9.5,9.350000381469727,9.350000381469727,7.70823335647583,5700
2016-06-23,9.680000305175781,9.680000305175781,9.390000343322754,9.390000343322754,7.741212844848633,800
2016-06-24,9.350000381469727,9.460000038146973,9.350000381469727,9.430000305175781,7.774186134338379,1700
2016-06-27,9.430000305175781,9.430000305175781,9.399999618530273,9.399999618530273,7.749457359313965,300
2016-06-28,9.399999618530273,9.399999618530273,9.399999618530273,9.399999618530273,7.749457359313965,0
2016-06-29,9.649999618530273,9.75,9.449999809265137,9.640000343322754,7.947314262390137,4600
2016-06-30,9.739999771118164,9.75,9.510000228881836,9.510000228881836,7.8401408195495605,2100
2016-07-01,9.5,9.510000228881836,9.399999618530273,9.399999618530273,7.749457359313965,2900
2016-07-05,9.510000228881836,9.600000381469727,9.460000038146973,9.5,7.831897258758545,5200
2016-07-06,9.449999809265137,9.539999961853027,8.800000190734863,8.800000190734863,7.254810333251953,11900
2016-07-07,9.300000190734863,9.3100004196167,9.300000190734863,9.3100004196167,7.675260066986084,1000
2016-07-08,9.239999771118164,9.40999984741211,9.239999771118164,9.399999618530273,7.749457359313965,5700
2016-07-11,9.300000190734863,9.489999771118164,9.300000190734863,9.399999618530273,7.749457359313965,1800
2016-07-12,9.399999618530273,9.449999809265137,9.399999618530273,9.430000305175781,7.774186134338379,8200
2016-07-13,9.399999618530273,9.470000267028809,9.399999618530273,9.470000267028809,7.807162284851074,700
2016-07-14,9.430000305175781,9.430000305175781,9.430000305175781,9.430000305175781,7.774186134338379,300
2016-07-15,9.40999984741211,9.40999984741211,9.399999618530273,9.399999618530273,7.749457359313965,800
2016-07-18,9.449999809265137,9.619999885559082,9.449999809265137,9.550000190734863,7.873117923736572,4100
2016-07-19,9.550000190734863,9.550000190734863,9.550000190734863,9.550000190734863,7.873117923736572,0
2016-07-20,9.550000190734863,9.800000190734863,9.550000190734863,9.729999542236328,8.021510124206543,20400
2016-07-21,9.729999542236328,9.729999542236328,9.729999542236328,9.729999542236328,8.021510124206543,0
2016-07-22,9.729999542236328,9.75,9.729999542236328,9.75,8.038000106811523,500
2016-07-25,9.550000190734863,9.84000015258789,9.380000114440918,9.84000015258789,8.112197875976562,9000
2016-07-26,9.84000015258789,9.84000015258789,9.84000015258789,9.84000015258789,8.112197875976562,0
2016-07-27,9.84000015258789,9.84000015258789,9.84000015258789,9.84000015258789,8.112197875976562,0
2016-07-28,9.600000381469727,9.609999656677246,9.600000381469727,9.600000381469727,7.914338111877441,1500
2016-07-29,9.369999885559082,9.9399995803833,9.369999885559082,9.9399995803833,8.194637298583984,800
2016-08-01,9.630000114440918,9.640000343322754,9.630000114440918,9.640000343322754,7.947314262390137,400
2016-08-02,9.640000343322754,9.640000343322754,9.640000343322754,9.640000343322754,7.947314262390137,0
2016-08-03,9.699999809265137,9.699999809265137,9.699999809265137,9.699999809265137,7.996779918670654,200
2016-08-04,9.699999809265137,9.699999809265137,9.699999809265137,9.699999809265137,7.996779918670654,0
2016-08-05,9.649999618530273,9.75,9.640000343322754,9.65999984741211,7.963803291320801,2200
2016-08-08,9.65999984741211,9.65999984741211,9.65999984741211,9.65999984741211,7.963803291320801,0
2016-08-09,9.65999984741211,9.65999984741211,9.65999984741211,9.65999984741211,7.963803291320801,0
2016-08-10,9.65999984741211,9.65999984741211,9.65999984741211,9.65999984741211,7.963803291320801,0
2016-08-11,9.699999809265137,9.699999809265137,9.699999809265137,9.699999809265137,7.996779918670654,800
2016-08-12,9.550000190734863,9.550000190734863,9.550000190734863,9.550000190734863,7.873117923736572,800
2016-08-15,9.550000190734863,9.550000190734863,9.550000190734863,9.550000190734863,7.873117923736572,0
2016-08-16,9.5,9.550000190734863,9.40999984741211,9.550000190734863,7.873117923736572,1500
2016-08-17,9.550000190734863,9.5600004196167,9.550000190734863,9.5600004196167,7.881363868713379,1700
2016-08-18,9.5600004196167,9.5600004196167,9.5600004196167,9.5600004196167,7.881363868713379,0
2016-08-19,9.399999618530273,9.699999809265137,9.399999618530273,9.699999809265137,7.996779918670654,3600
2016-08-22,9.699999809265137,9.729999542236328,9.699999809265137,9.720000267028809,8.013269424438477,2700
2016-08-23,9.75,9.75,9.460000038146973,9.75,8.038000106811523,21900
2016-08-24,9.710000038146973,9.739999771118164,9.699999809265137,9.699999809265137,7.996779918670654,1800
2016-08-25,9.75,9.75,9.619999885559082,9.670000076293945,7.972048759460449,19600
2016-08-26,9.779999732971191,9.880000114440918,9.779999732971191,9.880000114440918,8.145174980163574,6500
2016-08-29,9.760000228881836,9.770000457763672,9.760000228881836,9.770000457763672,8.054488182067871,600
2016-08-30,9.829999923706055,9.829999923706055,9.699999809265137,9.699999809265137,7.996779918670654,4300
2016-08-31,9.800000190734863,9.930000305175781,9.800000190734863,9.800000190734863,8.07922077178955,3400
2016-09-01,9.800000190734863,9.800000190734863,9.800000190734863,9.800000190734863,8.07922077178955,300
2016-09-02,9.819999694824219,9.859999656677246,9.800000190734863,9.859999656677246,8.128684997558594,3200
2016-09-06,9.800000190734863,9.949999809265137,9.800000190734863,9.84000015258789,8.112197875976562,1000
2016-09-07,9.800000190734863,9.949999809265137,9.800000190734863,9.800000190734863,8.07922077178955,8500
2016-09-08,9.890000343322754,9.949999809265137,9.890000343322754,9.930000305175781,8.186396598815918,5500
2016-09-09,9.880000114440918,9.890000343322754,9.819999694824219,9.819999694824219,8.095708847045898,5200
2016-09-12,9.890000343322754,9.890000343322754,9.850000381469727,9.890000343322754,8.153417587280273,1300
2016-09-13,9.850000381469727,9.869999885559082,9.850000381469727,9.869999885559082,8.136930465698242,300
2016-09-14,9.850000381469727,9.890000343322754,9.850000381469727,9.850000381469727,8.120444297790527,3400
2016-09-15,9.920000076293945,10.029999732971191,9.649999618530273,9.699999809265137,7.996779918670654,14200
2016-09-16,10.020000457763672,10.020000457763672,9.869999885559082,9.949999809265137,8.202882766723633,2400
2016-09-19,9.9399995803833,10.0600004196167,9.850000381469727,9.850000381469727,8.120444297790527,8700
2016-09-20,9.859999656677246,9.989999771118164,9.850000381469727,9.850000381469727,8.120444297790527,5600
2016-09-21,9.989999771118164,9.989999771118164,9.949999809265137,9.949999809265137,8.202882766723633,300
2016-09-22,9.869999885559082,9.989999771118164,9.850000381469727,9.850000381469727,8.120444297790527,2700
2016-09-23,9.859999656677246,9.989999771118164,9.859999656677246,9.859999656677246,8.128684997558594,1000
2016-09-26,9.979999542236328,9.979999542236328,9.850000381469727,9.850000381469727,8.120444297790527,1700
2016-09-27,9.850000381469727,9.850000381469727,9.850000381469727,9.850000381469727,8.120444297790527,0
2016-09-28,9.979999542236328,9.979999542236328,9.850000381469727,9.850000381469727,8.120444297790527,700
2016-09-29,9.850000381469727,9.899999618530273,9.850000381469727,9.899999618530273,8.161662101745605,800
2016-09-30,9.890000343322754,9.920000076293945,9.880000114440918,9.890000343322754,8.153417587280273,1400
2016-10-03,9.859999656677246,10.0600004196167,9.850000381469727,9.949999809265137,8.202882766723633,10100
2016-10-04,9.949999809265137,9.960000038146973,9.949999809265137,9.960000038146973,8.211127281188965,3800
2016-10-05,9.880000114440918,10.100000381469727,9.859999656677246,9.949999809265137,8.202882766723633,7200
2016-10-06,9.949999809265137,10.100000381469727,9.949999809265137,10.079999923706055,8.310053825378418,5000
2016-10-07,10.15999984741211,10.15999984741211,10.15999984741211,10.15999984741211,8.376007080078125,200
2016-10-10,10.15999984741211,10.15999984741211,10.15999984741211,10.15999984741211,8.376007080078125,0
2016-10-11,9.949999809265137,10.069999694824219,9.949999809265137,10.069999694824219,8.301809310913086,2300
2016-10-12,10.020000457763672,10.020000457763672,10.0,10.0,8.24410343170166,300
2016-10-13,9.880000114440918,10.170000076293945,9.859999656677246,9.859999656677246,8.128684997558594,7200
2016-10-14,9.859999656677246,9.859999656677246,9.859999656677246,9.859999656677246,8.128684997558594,0
2016-10-17,9.859999656677246,9.859999656677246,9.859999656677246,9.859999656677246,8.128684997558594,0
2016-10-18,10.100000381469727,10.100000381469727,10.0,10.0,8.24410343170166,600
2016-10-19,10.050000190734863,10.0600004196167,10.050000190734863,10.050000190734863,8.285323143005371,1900
2016-10-20,10.050000190734863,10.050000190734863,10.0,10.0,8.24410343170166,5100
2016-10-21,9.899999618530273,10.0,9.899999618530273,10.0,8.24410343170166,900
2016-10-24,10.050000190734863,10.050000190734863,10.050000190734863,10.050000190734863,8.285323143005371,1100
2016-10-25,10.050000190734863,10.199999809265137,10.050000190734863,10.199999809265137,8.40898609161377,2500
2016-10-26,10.050000190734863,10.210000038146973,10.050000190734863,10.050000190734863,8.285323143005371,4300
2016-10-27,10.050000190734863,10.050000190734863,10.050000190734863,10.050000190734863,8.285323143005371,1600
2016-10-28,10.050000190734863,10.050000190734863,10.050000190734863,10.050000190734863,8.285323143005371,0
2016-10-31,9.899999618530273,10.050000190734863,9.899999618530273,10.050000190734863,8.285323143005371,2600
2016-11-01,10.0,10.050000190734863,10.0,10.050000190734863,8.285323143005371,1200
2016-11-02,10.069999694824219,10.100000381469727,9.850000381469727,9.850000381469727,8.120444297790527,14000
2016-11-03,9.899999618530273,9.899999618530273,9.899999618530273,9.899999618530273,8.161662101745605,300
2016-11-04,10.199999809265137,10.199999809265137,9.850000381469727,9.850000381469727,8.120444297790527,400
2016-11-07,9.899999618530273,9.899999618530273,9.850000381469727,9.850000381469727,8.120444297790527,3200
2016-11-08,9.850000381469727,9.899999618530273,9.649999618530273,9.699999809265137,7.996779918670654,19300
2016-11-09,9.649999618530273,9.800000190734863,9.649999618530273,9.699999809265137,7.996779918670654,6100
2016-11-10,9.949999809265137,10.149999618530273,9.449999809265137,9.699999809265137,7.996779918670654,57300
2016-11-11,10.0,10.199999809265137,10.0,10.199999809265137,8.40898609161377,800
2016-11-14,10.199999809265137,10.300000190734863,10.130000114440918,10.130000114440918,8.351277351379395,1900
2016-11-15,10.350000381469727,10.350000381469727,10.199999809265137,10.300000190734863,8.491425514221191,3700
2016-11-16,10.350000381469727,10.649999618530273,10.300000190734863,10.600000381469727,8.738748550415039,12300
2016-11-17,10.600000381469727,10.600000381469727,10.5,10.550000190734863,8.697528839111328,12300
2016-11-18,10.350000381469727,10.649999618530273,10.350000381469727,10.449999809265137,8.615087509155273,2700
2016-11-21,10.5,10.75,10.5,10.699999809265137,8.821191787719727,10300
2016-11-22,10.800000190734863,11.149999618530273,10.800000190734863,11.149999618530273,9.192174911499023,14900
2016-11-23,11.199999809265137,11.199999809265137,10.75,10.899999618530273,8.986072540283203,2700
2016-11-25,10.899999618530273,11.149999618530273,10.899999618530273,11.149999618530273,9.192174911499023,900
2016-11-28,11.1899995803833,11.199999809265137,10.819999694824219,11.149999618530273,9.192174911499023,5500
2016-11-29,11.199999809265137,11.25,11.199999809265137,11.229999542236328,9.258125305175781,6000
2016-11-30,11.199999809265137,11.300000190734863,11.149999618530273,11.300000190734863,9.315837860107422,1300
2016-12-01,11.350000381469727,11.350000381469727,11.149999618530273,11.199999809265137,9.233394622802734,5600
2016-12-02,11.25,11.649999618530273,11.25,11.5,9.480716705322266,2700
2016-12-05,11.699999809265137,11.699999809265137,11.350000381469727,11.550000190734863,9.521937370300293,3700
2016-12-06,11.449999809265137,11.699999809265137,11.449999809265137,11.649999618530273,9.604379653930664,2800
2016-12-07,11.75,12.550000190734863,11.75,11.949999809265137,9.851703643798828,1700
2016-12-08,12.25,12.449999809265137,11.850000381469727,11.850000381469727,9.769262313842773,13000
2016-12-09,11.949999809265137,12.180000305175781,11.149999618530273,12.0,9.89292049407959,6200
2016-12-12,11.850000381469727,12.0,11.850000381469727,12.0,9.89292049407959,1100
2016-12-13,11.75,12.40999984741211,11.75,12.40999984741211,10.230931282043457,7100
2016-12-14,12.100000381469727,12.380000114440918,11.149999618530273,11.149999618530273,9.192174911499023,23600
2016-12-15,11.449999809265137,12.399999618530273,11.25,12.300000190734863,10.14024543762207,21000
2016-12-16,12.300000190734863,12.300000190734863,12.0,12.0,9.89292049407959,3900
2016-12-19,12.0,12.0,11.329999923706055,11.329999923706055,9.340568542480469,2100
2016-12-20,12.0,12.300000190734863,12.0,12.130000114440918,10.000096321105957,5500
2016-12-21,12.010000228881836,12.449999809265137,12.010000228881836,12.399999618530273,10.222685813903809,10100
2016-12-22,12.050000190734863,12.600000381469727,12.050000190734863,12.5,10.305130004882812,18100
2016-12-23,12.100000381469727,12.550000190734863,12.100000381469727,12.550000190734863,10.34634780883789,2600
2016-12-27,12.699999809265137,12.850000381469727,12.649999618530273,12.800000190734863,10.552451133728027,17500
2016-12-28,12.899999618530273,12.899999618530273,12.789999961853027,12.789999961853027,10.544205665588379,300
2016-12-29,12.899999618530273,13.039999961853027,12.899999618530273,13.039999961853027,10.750309944152832,700
2016-12-30,13.149999618530273,13.300000190734863,12.800000190734863,13.199999809265137,10.88221549987793,13100
2017-01-03,13.300000190734863,13.300000190734863,13.0,13.300000190734863,10.964655876159668,4200
2017-01-04,13.449999809265137,13.699999809265137,13.3100004196167,13.600000381469727,11.211980819702148,19300
2017-01-05,13.649999618530273,13.649999618530273,13.5,13.5,11.129535675048828,4500
2017-01-06,13.649999618530273,13.649999618530273,13.050000190734863,13.600000381469727,11.211980819702148,33100
2017-01-09,13.649999618530273,13.649999618530273,13.5600004196167,13.649999618530273,11.253198623657227,4400
2017-01-10,13.5,13.649999618530273,13.5,13.550000190734863,11.170759201049805,5300
2017-01-11,13.550000190734863,13.649999618530273,13.550000190734863,13.649999618530273,11.253198623657227,1200
2017-01-12,13.649999618530273,14.199999809265137,13.5,13.550000190734863,11.170759201049805,95300
2017-01-13,13.5,14.0,13.5,13.550000190734863,11.170759201049805,5100
2017-01-17,13.5,13.699999809265137,13.5,13.649999618530273,11.253198623657227,3600
2017-01-18,13.600000381469727,14.0,13.5,13.550000190734863,11.170759201049805,3900
2017-01-19,13.199999809265137,13.699999809265137,13.199999809265137,13.550000190734863,11.170759201049805,4200
2017-01-20,13.5,13.75,13.5,13.649999618530273,11.253198623657227,1600
2017-01-23,13.75,13.850000381469727,13.75,13.850000381469727,11.418082237243652,1600
2017-01-24,13.529999732971191,13.529999732971191,13.529999732971191,13.529999732971191,11.154271125793457,300
2017-01-25,13.5600004196167,13.699999809265137,13.5,13.550000190734863,11.170759201049805,4100
2017-01-26,13.699999809265137,13.699999809265137,13.6899995803833,13.699999809265137,11.29442024230957,4600
2017-01-27,13.699999809265137,13.699999809265137,13.699999809265137,13.699999809265137,11.29442024230957,0
2017-01-30,13.5,13.5,13.5,13.5,11.129535675048828,300
2017-01-31,13.699999809265137,13.899999618530273,13.680000305175781,13.850000381469727,11.418082237243652,1500
2017-02-01,13.949999809265137,13.949999809265137,13.5,13.850000381469727,11.418082237243652,30000
2017-02-02,13.699999809265137,13.949999809265137,13.649999618530273,13.899999618530273,11.45930290222168,1200
2017-02-03,13.649999618530273,13.800000190734863,13.649999618530273,13.649999618530273,11.253198623657227,10000
2017-02-06,13.949999809265137,13.949999809265137,13.550000190734863,13.899999618530273,11.45930290222168,2700
2017-02-07,13.800000190734863,13.850000381469727,13.59000015258789,13.59000015258789,11.2037353515625,7400
2017-02-08,13.850000381469727,13.850000381469727,13.779999732971191,13.800000190734863,11.376862525939941,2700
2017-02-09,13.819999694824219,13.850000381469727,13.800000190734863,13.850000381469727,11.418082237243652,2500
2017-02-10,13.819999694824219,13.819999694824219,13.819999694824219,13.819999694824219,11.393351554870605,200
2017-02-13,13.649999618530273,13.800000190734863,13.649999618530273,13.680000305175781,11.277931213378906,2600
2017-02-14,13.550000190734863,13.640000343322754,13.5,13.640000343322754,11.244956970214844,2400
2017-02-15,13.850000381469727,13.850000381469727,13.800000190734863,13.850000381469727,11.418082237243652,1300
2017-02-16,13.880000114440918,13.880000114440918,13.75,13.75,11.335641860961914,1200
2017-02-17,13.850000381469727,13.850000381469727,13.850000381469727,13.850000381469727,11.418082237243652,300
2017-02-21,13.949999809265137,14.0,13.930000305175781,13.949999809265137,11.500523567199707,8700
2017-02-22,13.949999809265137,13.949999809265137,13.850000381469727,13.949999809265137,11.500523567199707,8800
2017-02-23,14.050000190734863,14.050000190734863,13.5,13.800000190734863,11.376862525939941,12700
2017-02-24,13.550000190734863,14.0,13.510000228881836,14.0,11.541744232177734,4200
2017-02-27,14.050000190734863,14.050000190734863,13.649999618530273,13.899999618530273,11.479801177978516,5200
2017-02-28,13.800000190734863,13.800000190734863,13.649999618530273,13.699999809265137,11.314627647399902,1200
2017-03-01,13.800000190734863,14.550000190734863,13.75,13.800000190734863,11.39721393585205,37500
2017-03-02,14.100000381469727,14.350000381469727,14.0,14.350000381469727,11.851449966430664,3900
2017-03-03,14.210000038146973,14.399999618530273,14.210000038146973,14.25,11.768860816955566,3200
2017-03-06,14.199999809265137,14.199999809265137,14.0,14.0,11.56239128112793,1900
2017-03-07,13.850000381469727,14.0,13.800000190734863,13.800000190734863,11.39721393585205,700
2017-03-08,13.800000190734863,14.0,13.800000190734863,13.800000190734863,11.39721393585205,1500
2017-03-09,13.800000190734863,14.0,13.800000190734863,13.800000190734863,11.39721393585205,900
2017-03-10,14.0,14.0,13.649999618530273,13.649999618530273,11.273329734802246,1600
2017-03-13,13.600000381469727,14.199999809265137,13.529999732971191,14.0,11.56239128112793,6100
2017-03-14,14.0,14.100000381469727,13.5,14.050000190734863,11.60368537902832,1900
2017-03-15,14.050000190734863,14.149999618530273,13.850000381469727,13.850000381469727,11.438508033752441,6900
2017-03-16,14.0600004196167,14.069999694824219,13.989999771118164,13.989999771118164,11.554132461547852,1300
2017-03-17,14.050000190734863,14.050000190734863,14.050000190734863,14.050000190734863,11.60368537902832,2400
2017-03-20,14.050000190734863,14.050000190734863,14.0,14.0,11.56239128112793,500
2017-03-21,14.0,14.0,13.699999809265137,14.0,11.56239128112793,2500
2017-03-22,13.600000381469727,13.949999809265137,13.600000381469727,13.949999809265137,11.521095275878906,600
2017-03-23,13.75,13.779999732971191,13.680000305175781,13.779999732971191,11.380695343017578,600
2017-03-24,13.649999618530273,13.649999618530273,13.649999618530273,13.649999618530273,11.273329734802246,1000
2017-03-27,13.850000381469727,13.850000381469727,13.850000381469727,13.850000381469727,11.438508033752441,800
2017-03-28,13.859999656677246,13.949999809265137,13.75,13.850000381469727,11.438508033752441,45600
2017-03-29,13.949999809265137,13.949999809265137,13.649999618530273,13.75,11.355918884277344,37800
2017-03-30,13.75,13.949999809265137,13.75,13.800000190734863,11.39721393585205,1400
2017-03-31,13.75,14.0,13.75,13.850000381469727,11.438508033752441,16200
2017-04-03,13.800000190734863,14.0,13.5,13.550000190734863,11.190742492675781,3900
2017-04-04,13.850000381469727,13.850000381469727,13.550000190734863,13.550000190734863,11.190742492675781,3700
2017-04-05,13.619999885559082,13.800000190734863,13.619999885559082,13.800000190734863,11.39721393585205,400
2017-04-06,13.649999618530273,13.680000305175781,13.649999618530273,13.649999618530273,11.273329734802246,2400
2017-04-07,13.800000190734863,13.800000190734863,13.800000190734863,13.800000190734863,11.39721393585205,1400
2017-04-10,13.800000190734863,13.800000190734863,13.649999618530273,13.649999618530273,11.273329734802246,700
2017-04-11,13.670000076293945,13.699999809265137,13.649999618530273,13.649999618530273,11.273329734802246,1200
2017-04-12,13.649999618530273,13.649999618530273,13.649999618530273,13.649999618530273,11.273329734802246,0
2017-04-13,13.850000381469727,13.850000381469727,13.600000381469727,13.600000381469727,11.232036590576172,1200
2017-04-17,13.720000267028809,13.75,13.600000381469727,13.600000381469727,11.232036590576172,2600
2017-04-18,13.800000190734863,13.800000190734863,13.550000190734863,13.550000190734863,11.190742492675781,300
2017-04-19,13.600000381469727,13.649999618530273,13.600000381469727,13.600000381469727,11.232036590576172,1100
2017-04-20,13.550000190734863,13.680000305175781,13.550000190734863,13.680000305175781,11.298108100891113,1500
2017-04-21,13.75,13.75,13.649999618530273,13.649999618530273,11.273329734802246,800
2017-04-24,13.600000381469727,13.65999984741211,13.600000381469727,13.65999984741211,11.28158950805664,1900
2017-04-25,13.800000190734863,13.800000190734863,13.649999618530273,13.699999809265137,11.314627647399902,1900
2017-04-26,13.600000381469727,13.600000381469727,13.600000381469727,13.600000381469727,11.232036590576172,2500
2017-04-27,13.600000381469727,13.609999656677246,13.550000190734863,13.600000381469727,11.232036590576172,5900
2017-04-28,13.550000190734863,13.699999809265137,13.5,13.5,11.149450302124023,9700
2017-05-01,13.550000190734863,13.699999809265137,13.5,13.699999809265137,11.314627647399902,1500
2017-05-02,13.550000190734863,13.75,13.5,13.550000190734863,11.190742492675781,1200
2017-05-03,13.5,13.5,13.5,13.5,11.149450302124023,200
2017-05-04,13.5,13.5,13.5,13.5,11.149450302124023,0
2017-05-05,13.5,13.550000190734863,13.5,13.5,11.149450302124023,7100
2017-05-08,13.699999809265137,13.699999809265137,13.5600004196167,13.649999618530273,11.273329734802246,1700
2017-05-09,13.510000228881836,13.699999809265137,13.5,13.550000190734863,11.190742492675781,7100
2017-05-10,13.550000190734863,13.550000190734863,13.5,13.550000190734863,11.190742492675781,1900
2017-05-11,13.5,13.529999732971191,13.5,13.5,11.149450302124023,2300
2017-05-12,13.649999618530273,13.649999618530273,13.649999618530273,13.649999618530273,11.273329734802246,300
2017-05-15,13.5,13.649999618530273,13.5,13.649999618530273,11.273329734802246,500
2017-05-16,13.649999618530273,13.649999618530273,13.649999618530273,13.649999618530273,11.273329734802246,0
2017-05-17,13.5,13.550000190734863,13.5,13.5,11.149450302124023,6100
2017-05-18,13.649999618530273,13.649999618530273,13.5,13.550000190734863,11.190742492675781,2500
2017-05-19,13.5,13.649999618530273,13.5,13.649999618530273,11.273329734802246,3700
2017-05-22,13.550000190734863,13.630000114440918,13.5,13.5,11.149450302124023,4400
2017-05-23,13.550000190734863,13.550000190734863,13.550000190734863,13.550000190734863,11.190742492675781,300
2017-05-24,13.550000190734863,13.550000190734863,13.550000190734863,13.550000190734863,11.190742492675781,0
2017-05-25,13.550000190734863,13.550000190734863,13.550000190734863,13.550000190734863,11.190742492675781,0
2017-05-26,13.550000190734863,13.550000190734863,13.550000190734863,13.550000190734863,11.190742492675781,0
2017-05-30,13.5,13.5,13.5,13.5,11.149450302124023,300
2017-05-31,13.479999542236328,13.550000190734863,13.449999809265137,13.550000190734863,11.211504936218262,3400
2017-06-01,13.550000190734863,13.550000190734863,13.449999809265137,13.449999809265137,11.128763198852539,15700
2017-06-02,13.550000190734863,13.550000190734863,13.5,13.5,11.170132637023926,3500
2017-06-05,13.569999694824219,13.569999694824219,13.5,13.5,11.170132637023926,500
2017-06-06,13.5,13.550000190734863,13.5,13.550000190734863,11.211504936218262,600
2017-06-07,13.5,13.600000381469727,13.5,13.600000381469727,11.252874374389648,3000
2017-06-08,13.550000190734863,13.600000381469727,13.550000190734863,13.600000381469727,11.252874374389648,1700
2017-06-09,13.600000381469727,13.600000381469727,13.600000381469727,13.600000381469727,11.252874374389648,0
2017-06-12,13.649999618530273,13.649999618530273,13.5,13.649999618530273,11.294244766235352,700
2017-06-13,13.640000343322754,13.640000343322754,13.5,13.5,11.170132637023926,1500
2017-06-14,13.5,13.5,13.5,13.5,11.170132637023926,0
2017-06-15,13.600000381469727,13.649999618530273,13.5,13.649999618530273,11.294244766235352,800
2017-06-16,13.5,13.649999618530273,13.5,13.649999618530273,11.294244766235352,2300
2017-06-19,13.5,13.649999618530273,13.5,13.5,11.170132637023926,900
2017-06-20,13.5,13.5,13.5,13.5,11.170132637023926,100
2017-06-21,13.5,13.550000190734863,13.5,13.550000190734863,11.211504936218262,300
2017-06-22,13.550000190734863,13.550000190734863,13.550000190734863,13.550000190734863,11.211504936218262,0
2017-06-23,13.699999809265137,13.699999809265137,13.699999809265137,13.699999809265137,11.335617065429688,400
2017-06-26,13.699999809265137,13.699999809265137,13.699999809265137,13.699999809265137,11.335617065429688,0
2017-06-27,13.699999809265137,13.699999809265137,13.5,13.5,11.170132637023926,300
2017-06-28,13.5,13.569999694824219,13.5,13.5,11.170132637023926,1900
2017-06-29,13.699999809265137,13.800000190734863,13.5,13.5,11.170132637023926,9100
2017-06-30,13.699999809265137,13.699999809265137,13.600000381469727,13.699999809265137,11.335617065429688,1800
2017-07-03,13.65999984741211,13.65999984741211,13.65999984741211,13.65999984741211,11.302519798278809,1100
2017-07-05,13.5,13.550000190734863,13.5,13.550000190734863,11.211504936218262,1400
2017-07-06,13.550000190734863,13.550000190734863,13.550000190734863,13.550000190734863,11.211504936218262,0
2017-07-07,13.5,13.5,13.5,13.5,11.170132637023926,400
2017-07-10,13.5,13.5,13.5,13.5,11.170132637023926,0
2017-07-11,13.5,13.600000381469727,13.5,13.5,11.170132637023926,1000
2017-07-12,13.5,13.5,13.5,13.5,11.170132637023926,0
2017-07-13,13.5,13.510000228881836,13.5,13.510000228881836,11.178404808044434,4300
2017-07-14,13.699999809265137,13.699999809265137,13.699999809265137,13.699999809265137,11.335617065429688,700
2017-07-17,13.699999809265137,13.699999809265137,13.699999809265137,13.699999809265137,11.335617065429688,0
2017-07-18,13.699999809265137,13.949999809265137,13.699999809265137,13.850000381469727,11.459728240966797,12400
2017-07-19,13.550000190734863,13.850000381469727,13.550000190734863,13.850000381469727,11.459728240966797,1100
2017-07-20,13.850000381469727,13.850000381469727,13.850000381469727,13.850000381469727,11.459728240966797,0
2017-07-21,13.850000381469727,13.850000381469727,13.850000381469727,13.850000381469727,11.459728240966797,300
2017-07-24,13.850000381469727,13.949999809265137,13.850000381469727,13.850000381469727,11.459728240966797,9900
2017-07-25,13.869999885559082,14.0,13.850000381469727,13.850000381469727,11.459728240966797,12600
2017-07-26,13.850000381469727,13.850000381469727,13.75,13.850000381469727,11.459728240966797,2100
2017-07-27,13.850000381469727,13.850000381469727,13.850000381469727,13.850000381469727,11.459728240966797,1000
2017-07-28,13.850000381469727,13.850000381469727,13.850000381469727,13.850000381469727,11.459728240966797,0
2017-07-31,13.949999809265137,14.050000190734863,13.949999809265137,14.050000190734863,11.625211715698242,2200
2017-08-01,13.859999656677246,14.0,13.850000381469727,13.850000381469727,11.459728240966797,3400
2017-08-02,13.850000381469727,13.850000381469727,13.850000381469727,13.850000381469727,11.459728240966797,0
2017-08-03,14.0,14.0,14.0,14.0,11.583842277526855,1200
2017-08-04,13.649999618530273,13.699999809265137,13.649999618530273,13.699999809265137,11.335617065429688,1200
2017-08-07,13.75,13.800000190734863,13.75,13.75,11.376986503601074,1200
2017-08-08,13.75,13.800000190734863,13.600000381469727,13.600000381469727,11.252874374389648,2700
2017-08-09,13.600000381469727,13.699999809265137,13.5,13.5,11.170132637023926,1000
2017-08-10,13.609999656677246,13.609999656677246,13.609999656677246,13.609999656677246,11.261148452758789,600
2017-08-11,13.699999809265137,13.699999809265137,13.600000381469727,13.699999809265137,11.335617065429688,900
2017-08-14,13.699999809265137,13.699999809265137,13.699999809265137,13.699999809265137,11.335617065429688,600
2017-08-15,13.600000381469727,13.600000381469727,13.600000381469727,13.600000381469727,11.252874374389648,0
2017-08-16,13.65999984741211,14.0,13.600000381469727,14.0,11.583842277526855,4300
2017-08-17,14.0,14.0,14.0,14.0,11.583842277526855,0
2017-08-18,14.199999809265137,14.199999809265137,12.649999618530273,12.649999618530273,10.466829299926758,400
2017-08-21,14.079999923706055,14.079999923706055,13.800000190734863,13.800000190734863,11.418357849121094,600
2017-08-22,13.800000190734863,13.800000190734863,13.800000190734863,13.800000190734863,11.418357849121094,0
2017-08-23,13.800000190734863,13.800000190734863,13.800000190734863,13.800000190734863,11.418357849121094,0
2017-08-24,13.25,13.5,13.149999618530273,13.300000190734863,11.004651069641113,5700
2017-08-25,13.300000190734863,13.300000190734863,13.300000190734863,13.300000190734863,11.004651069641113,0
2017-08-28,14.199999809265137,14.199999809265137,13.300000190734863,13.300000190734863,11.004651069641113,3800
2017-08-29,13.300000190734863,13.550000190734863,13.300000190734863,13.550000190734863,11.211504936218262,2500
2017-08-30,12.050000190734863,13.050000190734863,11.100000381469727,12.899999618530273,10.693413734436035,4300
2017-08-31,13.5,13.699999809265137,13.300000190734863,13.300000190734863,11.024991035461426,3800
2017-09-01,13.300000190734863,13.3100004196167,13.300000190734863,13.300000190734863,11.024991035461426,1300
2017-09-05,13.300000190734863,13.5,13.300000190734863,13.300000190734863,11.024991035461426,1100
2017-09-06,12.899999618530273,13.350000381469727,12.899999618530273,13.350000381469727,11.066439628601074,3500
2017-09-07,13.300000190734863,13.300000190734863,13.300000190734863,13.300000190734863,11.024991035461426,400
2017-09-08,13.199999809265137,13.199999809265137,13.100000381469727,13.199999809265137,10.942098617553711,3500
2017-09-11,13.199999809265137,13.449999809265137,13.199999809265137,13.449999809265137,11.149333953857422,2000
2017-09-12,13.300000190734863,13.350000381469727,13.300000190734863,13.300000190734863,11.024991035461426,1800
2017-09-13,13.449999809265137,13.449999809265137,13.399999618530273,13.399999618530273,11.107888221740723,1000
2017-09-14,13.300000190734863,13.75,13.199999809265137,13.199999809265137,10.942098617553711,1200
2017-09-15,13.300000190734863,13.75,13.300000190734863,13.75,11.398017883300781,3600
2017-09-18,13.550000190734863,14.199999809265137,13.329999923706055,13.350000381469727,11.066439628601074,6200
2017-09-19,13.350000381469727,13.350000381469727,13.350000381469727,13.350000381469727,11.066439628601074,0
2017-09-20,13.350000381469727,13.350000381469727,13.350000381469727,13.350000381469727,11.066439628601074,0
2017-09-21,13.350000381469727,13.350000381469727,13.350000381469727,13.350000381469727,11.066439628601074,0
2017-09-22,13.350000381469727,13.350000381469727,13.350000381469727,13.350000381469727,11.066439628601074,0
2017-09-25,13.600000381469727,13.850000381469727,13.569999694824219,13.649999618530273,11.3151216506958,3200
2017-09-26,13.649999618530273,13.649999618530273,13.350000381469727,13.350000381469727,11.066439628601074,8400
2017-09-27,13.350000381469727,13.350000381469727,13.350000381469727,13.350000381469727,11.066439628601074,0
2017-09-28,13.649999618530273,13.649999618530273,13.649999618530273,13.649999618530273,11.3151216506958,9700
2017-09-29,13.5,13.75,13.5,13.75,11.398017883300781,1700
2017-10-02,13.779999732971191,13.800000190734863,13.75,13.800000190734863,11.439464569091797,1700
2017-10-03,13.75,13.800000190734863,13.75,13.75,11.398017883300781,1000
2017-10-04,13.84000015258789,13.84000015258789,13.350000381469727,13.720000267028809,11.373150825500488,1500
2017-10-05,13.720000267028809,13.720000267028809,13.720000267028809,13.720000267028809,11.373150825500488,0
2017-10-06,13.489999771118164,13.699999809265137,13.0,13.699999809265137,11.356571197509766,5600
2017-10-09,13.649999618530273,13.649999618530273,13.300000190734863,13.300000190734863,11.024991035461426,500
2017-10-10,13.300000190734863,13.3100004196167,13.300000190734863,13.300000190734863,11.024991035461426,500
2017-10-11,13.300000190734863,13.300000190734863,13.300000190734863,13.300000190734863,11.024991035461426,2300
2017-10-12,13.300000190734863,13.449999809265137,13.100000381469727,13.100000381469727,10.859203338623047,3000
2017-10-13,13.300000190734863,13.449999809265137,13.300000190734863,13.449999809265137,11.149333953857422,1500
2017-10-16,13.449999809265137,13.449999809265137,13.449999809265137,13.449999809265137,11.149333953857422,0
2017-10-17,14.199999809265137,14.199999809265137,14.0,14.0,11.605257034301758,500
2017-10-18,13.800000190734863,13.800000190734863,13.5,13.5,11.190781593322754,1500
2017-10-19,13.699999809265137,14.260000228881836,13.699999809265137,13.949999809265137,11.56380558013916,17100
2017-10-20,13.75,13.75,13.75,13.75,11.398017883300781,1800
2017-10-23,13.949999809265137,14.0,13.609999656677246,13.949999809265137,11.56380558013916,1600
2017-10-24,14.0,14.0,13.680000305175781,13.899999618530273,11.522359848022461,1600
2017-10-25,13.5,13.699999809265137,13.5,13.699999809265137,11.356571197509766,4100
2017-10-26,13.699999809265137,13.699999809265137,13.699999809265137,13.699999809265137,11.356571197509766,0
2017-10-27,13.899999618530273,13.899999618530273,13.899999618530273,13.899999618530273,11.522359848022461,300
2017-10-30,13.899999618530273,13.899999618530273,13.899999618530273,13.899999618530273,11.522359848022461,0
2017-10-31,13.5,13.5,13.5,13.5,11.190781593322754,300
2017-11-01,13.800000190734863,13.899999618530273,13.800000190734863,13.899999618530273,11.522359848022461,13300
2017-11-02,13.899999618530273,14.399999618530273,13.899999618530273,14.300000190734863,11.853937149047852,20000
2017-11-03,14.25,14.25,14.25,14.25,11.812488555908203,1000
2017-11-06,14.100000381469727,14.100000381469727,14.010000228881836,14.010000228881836,11.613545417785645,4100
2017-11-07,13.949999809265137,14.199999809265137,13.949999809265137,13.949999809265137,11.56380558013916,1200
2017-11-08,13.800000190734863,14.149999618530273,13.800000190734863,14.149999618530273,11.729595184326172,1400
2017-11-09,14.149999618530273,14.149999618530273,14.0,14.0,11.605257034301758,1600
2017-11-10,14.0,14.0,13.850000381469727,13.850000381469727,11.480912208557129,900
2017-11-13,13.699999809265137,14.0,13.699999809265137,14.0,11.605257034301758,200
2017-11-14,14.0,14.149999618530273,14.0,14.149999618530273,11.729595184326172,2000
2017-11-15,14.149999618530273,14.149999618530273,14.149999618530273,14.149999618530273,11.729595184326172,0
2017-11-16,13.800000190734863,14.0,13.800000190734863,14.0,11.605257034301758,1400
2017-11-17,14.0,14.0,14.0,14.0,11.605257034301758,200
2017-11-20,13.949999809265137,14.0,13.949999809265137,14.0,11.605257034301758,1200
2017-11-21,14.0,14.0,13.5,13.600000381469727,11.273675918579102,2200
2017-11-22,13.800000190734863,13.949999809265137,13.550000190734863,13.949999809265137,11.56380558013916,1100
2017-11-24,14.0,14.0,14.0,14.0,11.605257034301758,300
2017-11-27,13.850000381469727,14.0,13.850000381469727,14.0,11.605257034301758,4100
2017-11-28,13.9399995803833,14.0,13.9399995803833,14.0,11.605257034301758,15200
2017-11-29,14.0,14.020000457763672,13.75,13.800000190734863,11.439464569091797,3400
2017-11-30,14.0,14.0,14.0,14.0,11.605257034301758,2000
2017-12-01,13.899999618530273,14.149999618530273,13.899999618530273,14.149999618530273,11.729595184326172,2500
2017-12-04,14.149999618530273,14.149999618530273,14.0,14.0,11.6257963180542,3200
2017-12-05,14.079999923706055,14.199999809265137,14.079999923706055,14.199999809265137,11.791878700256348,3200
2017-12-06,14.199999809265137,14.199999809265137,14.199999809265137,14.199999809265137,11.791878700256348,200
2017-12-07,14.0,14.199999809265137,13.800000190734863,14.199999809265137,11.791878700256348,2300
2017-12-08,14.199999809265137,14.449999809265137,14.199999809265137,14.25,11.833395957946777,2600
2017-12-11,13.609999656677246,14.050000190734863,13.609999656677246,14.0,11.6257963180542,1800
2017-12-12,14.289999961853027,14.289999961853027,14.229999542236328,14.229999542236328,11.816788673400879,1100
2017-12-13,14.210000038146973,14.449999809265137,14.210000038146973,14.399999618530273,11.95796012878418,700
2017-12-14,14.449999809265137,14.449999809265137,14.119999885559082,14.25,11.833395957946777,1100
2017-12-15,14.449999809265137,14.5,14.300000190734863,14.300000190734863,11.874917984008789,2600
2017-12-18,14.479999542236328,14.479999542236328,14.100000381469727,14.100000381469727,11.708836555480957,1200
2017-12-19,14.050000190734863,14.600000381469727,14.0,14.449999809265137,11.999479293823242,11700
2017-12-20,14.449999809265137,14.550000190734863,14.40999984741211,14.550000190734863,12.082521438598633,1300
2017-12-21,14.09000015258789,14.350000381469727,14.09000015258789,14.25,11.833395957946777,3600
2017-12-22,14.149999618530273,14.600000381469727,14.149999618530273,14.600000381469727,12.124043464660645,2200
2017-12-26,14.600000381469727,14.75,14.600000381469727,14.699999809265137,12.207085609436035,1600
2017-12-27,14.399999618530273,14.399999618530273,14.399999618530273,14.399999618530273,11.95796012878418,200
2017-12-28,14.600000381469727,14.600000381469727,14.550000190734863,14.600000381469727,12.124043464660645,2300
2017-12-29,14.5,14.600000381469727,14.5,14.600000381469727,12.124043464660645,600
2018-01-02,14.539999961853027,14.600000381469727,14.399999618530273,14.399999618530273,11.95796012878418,2100
2018-01-03,14.399999618530273,14.75,14.100000381469727,14.75,12.248603820800781,3800
2018-01-04,14.550000190734863,14.579999923706055,14.399999618530273,14.579999923706055,12.10743522644043,3100
2018-01-05,14.449999809265137,14.699999809265137,14.449999809265137,14.460000038146973,12.007784843444824,3000
2018-01-08,14.649999618530273,14.649999618530273,14.300000190734863,14.600000381469727,12.124043464660645,7200
2018-01-09,14.25,14.5,14.149999618530273,14.399999618530273,11.95796012878418,13900
2018-01-10,14.449999809265137,14.699999809265137,14.399999618530273,14.5,12.041000366210938,2800
2018-01-11,14.649999618530273,14.649999618530273,14.399999618530273,14.5,12.041000366210938,3200
2018-01-12,14.399999618530273,14.699999809265137,14.300000190734863,14.399999618530273,11.95796012878418,4800
2018-01-16,14.399999618530273,14.5,14.0600004196167,14.5,12.041000366210938,3900
2018-01-17,14.5,14.5,14.399999618530273,14.449999809265137,11.999479293823242,600
2018-01-18,14.600000381469727,14.600000381469727,14.600000381469727,14.600000381469727,12.124043464660645,200
2018-01-19,14.399999618530273,14.399999618530273,14.350000381469727,14.399999618530273,11.95796012878418,900
2018-01-22,14.550000190734863,14.600000381469727,14.550000190734863,14.600000381469727,12.124043464660645,200
2018-01-23,14.600000381469727,14.600000381469727,14.600000381469727,14.600000381469727,12.124043464660645,1700
2018-01-24,14.600000381469727,14.600000381469727,14.350000381469727,14.600000381469727,12.124043464660645,12800
2018-01-25,14.350000381469727,14.600000381469727,14.350000381469727,14.399999618530273,11.95796012878418,1100
2018-01-26,14.550000190734863,14.649999618530273,14.550000190734863,14.550000190734863,12.082521438598633,6100
2018-01-29,14.399999618530273,14.399999618530273,14.350000381469727,14.350000381469727,11.9164400100708,1600
2018-01-30,14.350000381469727,14.350000381469727,14.350000381469727,14.350000381469727,11.9164400100708,700
2018-01-31,14.350000381469727,14.600000381469727,14.350000381469727,14.350000381469727,11.9164400100708,3900
2018-02-01,14.350000381469727,14.350000381469727,14.350000381469727,14.350000381469727,11.9164400100708,0
2018-02-02,14.350000381469727,14.350000381469727,14.350000381469727,14.350000381469727,11.9164400100708,1000
2018-02-05,14.449999809265137,14.449999809265137,14.350000381469727,14.399999618530273,11.95796012878418,700
2018-02-06,14.399999618530273,14.399999618530273,13.510000228881836,13.800000190734863,11.459711074829102,7500
2018-02-07,13.850000381469727,13.850000381469727,13.649999618530273,13.649999618530273,11.335148811340332,200
2018-02-08,13.800000190734863,13.800000190734863,13.800000190734863,13.800000190734863,11.459711074829102,100000
2018-02-09,13.949999809265137,13.949999809265137,13.949999809265137,13.949999809265137,11.584272384643555,300
2018-02-12,14.0,14.199999809265137,13.550000190734863,13.800000190734863,11.459711074829102,105900
2018-02-13,13.729999542236328,14.0,13.649999618530273,13.699999809265137,11.376670837402344,4200
2018-02-14,13.949999809265137,13.949999809265137,13.649999618530273,13.949999809265137,11.584272384643555,1700
2018-02-15,13.899999618530273,14.149999618530273,13.899999618530273,14.0,11.6257963180542,8500
2018-02-16,13.850000381469727,14.199999809265137,13.850000381469727,14.100000381469727,11.708836555480957,1200
2018-02-20,14.050000190734863,14.100000381469727,13.75,14.050000190734863,11.667316436767578,800
2018-02-21,14.100000381469727,14.199999809265137,14.050000190734863,14.050000190734863,11.667316436767578,2000
2018-02-22,14.199999809265137,14.199999809265137,14.149999618530273,14.149999618530273,11.75035572052002,500
2018-02-23,14.149999618530273,14.149999618530273,14.149999618530273,14.149999618530273,11.75035572052002,0
2018-02-26,14.399999618530273,14.399999618530273,14.399999618530273,14.399999618530273,11.95796012878418,600
2018-02-27,14.399999618530273,14.399999618530273,14.399999618530273,14.399999618530273,11.95796012878418,0
2018-02-28,14.050000190734863,14.350000381469727,14.050000190734863,14.130000114440918,11.733748435974121,1000
2018-03-01,14.0600004196167,14.399999618530273,14.0600004196167,14.399999618530273,11.95796012878418,300
2018-03-02,14.449999809265137,14.649999618530273,14.329999923706055,14.649999618530273,12.207952499389648,142900
2018-03-05,14.300000190734863,14.850000381469727,14.300000190734863,14.850000381469727,12.374613761901855,700
2018-03-06,14.949999809265137,15.100000381469727,14.699999809265137,14.800000190734863,12.3329496383667,3600
2018-03-07,14.449999809265137,15.100000381469727,14.449999809265137,14.850000381469727,12.374613761901855,1800
2018-03-08,14.59000015258789,15.0,14.59000015258789,15.0,12.49960994720459,1200
2018-03-09,14.850000381469727,15.050000190734863,14.850000381469727,15.050000190734863,12.541275024414062,300
2018-03-12,15.0,15.25,14.649999618530273,15.25,12.707937240600586,4600
2018-03-13,15.050000190734863,15.300000190734863,15.050000190734863,15.289999961853027,12.7412691116333,1500
2018-03-14,15.449999809265137,15.449999809265137,15.449999809265137,15.449999809265137,12.874598503112793,400
2018-03-15,15.640000343322754,15.649999618530273,15.550000190734863,15.649999618530273,13.041259765625,2900
2018-03-16,15.699999809265137,16.950000762939453,15.699999809265137,16.700000762939453,13.916232109069824,5700
2018-03-19,15.699999809265137,16.549999237060547,15.550000190734863,16.5,13.7495698928833,2400
2018-03-20,17.399999618530273,17.399999618530273,15.710000038146973,16.899999618530273,14.082893371582031,3600
2018-03-21,15.3100004196167,16.100000381469727,15.010000228881836,15.800000190734863,13.166257858276367,3400
2018-03-22,16.25,16.700000762939453,15.0,16.700000762939453,13.916232109069824,3500
2018-03-23,16.700000762939453,16.700000762939453,16.649999618530273,16.700000762939453,13.916232109069824,1100
2018-03-26,16.0,19.5,16.0,19.5,16.249494552612305,2700
2018-03-27,18.0,18.950000762939453,17.190000534057617,17.299999237060547,14.416215896606445,8400
2018-03-28,17.100000381469727,17.700000762939453,16.049999237060547,17.049999237060547,14.20788860321045,10600
2018-03-29,17.100000381469727,17.25,16.200000762939453,17.0,14.16622257232666,4400
2018-04-02,16.0,16.600000381469727,15.399999618530273,16.0,13.332915306091309,4100
2018-04-03,15.850000381469727,16.0,15.25,15.350000381469727,12.791268348693848,2900
2018-04-04,15.40999984741211,16.350000381469727,15.010000228881836,16.350000381469727,13.624573707580566,5900
2018-04-05,16.350000381469727,16.350000381469727,16.350000381469727,16.350000381469727,13.624573707580566,0
2018-04-06,16.350000381469727,16.350000381469727,16.350000381469727,16.350000381469727,13.624573707580566,500
2018-04-09,15.300000190734863,16.200000762939453,15.300000190734863,15.800000190734863,13.166257858276367,1100
2018-04-10,15.949999809265137,16.299999237060547,15.630000114440918,16.049999237060547,13.374581336975098,7900
2018-04-11,15.949999809265137,16.0,15.949999809265137,16.0,13.332915306091309,2100
2018-04-12,16.100000381469727,16.100000381469727,15.399999618530273,15.649999618530273,13.041259765625,4800
2018-04-13,15.649999618530273,15.649999618530273,15.649999618530273,15.649999618530273,13.041259765625,0
2018-04-16,15.350000381469727,15.350000381469727,15.350000381469727,15.350000381469727,12.791268348693848,500
2018-04-17,15.300000190734863,15.600000381469727,15.25,15.600000381469727,12.999592781066895,2000
2018-04-18,15.350000381469727,15.760000228881836,15.350000381469727,15.75,13.124588966369629,3300
2018-04-19,16.0,17.0,16.0,16.0,13.332915306091309,3300
2018-04-20,16.149999618530273,16.5,16.100000381469727,16.200000762939453,13.499578475952148,20600
2018-04-23,16.100000381469727,17.75,16.100000381469727,17.75,14.791200637817383,500
2018-04-24,16.149999618530273,17.600000381469727,16.0,16.350000381469727,13.624573707580566,16700
2018-04-25,16.299999237060547,16.700000762939453,16.100000381469727,16.25,13.541243553161621,4400
2018-04-26,16.450000762939453,16.93000030517578,16.049999237060547,16.25,13.541243553161621,3400
2018-04-27,16.450000762939453,17.649999618530273,16.299999237060547,16.299999237060547,13.58290958404541,2500
2018-04-30,16.399999618530273,16.600000381469727,16.350000381469727,16.350000381469727,13.624573707580566,1800
2018-05-01,16.399999618530273,16.700000762939453,16.100000381469727,16.700000762939453,13.916232109069824,1500
2018-05-02,16.799999237060547,17.75,16.049999237060547,16.649999618530273,13.874564170837402,30100
2018-05-03,16.5,16.719999313354492,16.5,16.700000762939453,13.916232109069824,3000
2018-05-04,17.399999618530273,17.399999618530273,16.799999237060547,16.799999237060547,13.99956226348877,600
2018-05-07,16.510000228881836,16.510000228881836,16.510000228881836,16.510000228881836,13.757901191711426,1000
2018-05-08,16.700000762939453,16.700000762939453,16.299999237060547,16.299999237060547,13.58290958404541,1900
2018-05-09,16.3799991607666,16.43000030517578,15.5,16.049999237060547,13.374581336975098,19500
2018-05-10,16.049999237060547,16.049999237060547,16.049999237060547,16.049999237060547,13.374581336975098,0
2018-05-11,16.700000762939453,16.700000762939453,16.700000762939453,16.700000762939453,13.916232109069824,1800
2018-05-14,16.850000381469727,17.0,16.399999618530273,16.399999618530273,13.666236877441406,5700
2018-05-15,16.399999618530273,16.399999618530273,16.399999618530273,16.399999618530273,13.666236877441406,0
2018-05-16,17.0,17.0,16.5,16.5,13.7495698928833,800
2018-05-17,16.899999618530273,16.899999618530273,16.899999618530273,16.899999618530273,14.082893371582031,200
2018-05-18,16.899999618530273,16.899999618530273,16.899999618530273,16.899999618530273,14.082893371582031,0
2018-05-21,16.899999618530273,16.899999618530273,16.549999237060547,16.549999237060547,13.791236877441406,3900
2018-05-22,16.299999237060547,16.299999237060547,15.3100004196167,16.100000381469727,13.41624641418457,4600
2018-05-23,16.450000762939453,16.5,16.200000762939453,16.350000381469727,13.624573707580566,900
2018-05-24,16.350000381469727,16.350000381469727,15.5,16.0,13.332915306091309,3200
2018-05-25,15.539999961853027,16.200000762939453,15.539999961853027,15.899999618530273,13.24958610534668,2800
2018-05-29,15.899999618530273,16.75,15.4399995803833,16.600000381469727,13.832902908325195,2900
2018-05-30,16.600000381469727,16.600000381469727,16.0,16.0,13.332915306091309,5700
2018-05-31,15.899999618530273,16.299999237060547,15.699999809265137,16.100000381469727,13.41624641418457,3800
2018-06-01,15.899999618530273,16.100000381469727,15.59000015258789,16.0,13.3744478225708,2500
2018-06-04,16.0,16.0,15.350000381469727,15.600000381469727,13.040091514587402,5800
2018-06-05,15.800000190734863,16.1299991607666,15.449999809265137,16.0,13.3744478225708,6200
2018-06-06,16.049999237060547,16.5,15.649999618530273,15.649999618530273,13.081887245178223,4500
2018-06-07,16.0,16.0,15.729999542236328,15.75,13.165477752685547,3000
2018-06-08,15.850000381469727,15.850000381469727,15.5,15.550000190734863,12.998294830322266,2900
2018-06-11,15.850000381469727,15.850000381469727,15.850000381469727,15.850000381469727,13.249068260192871,300
2018-06-12,15.800000190734863,15.899999618530273,15.800000190734863,15.899999618530273,13.290861129760742,400
2018-06-13,15.899999618530273,16.860000610351562,15.850000381469727,16.860000610351562,14.093331336975098,9300
2018-06-14,16.649999618530273,16.75,16.649999618530273,16.700000762939453,13.959585189819336,1400
2018-06-15,16.670000076293945,16.75,16.670000076293945,16.75,14.00137710571289,900
2018-06-18,16.75,16.899999618530273,16.200000762939453,16.899999618530273,14.126766204833984,1300
2018-06-19,18.0,18.0,17.100000381469727,17.110000610351562,14.302305221557617,4800
2018-06-20,17.0,17.0,16.93000030517578,16.950000762939453,14.168561935424805,500
2018-06-21,16.950000762939453,16.950000762939453,16.950000762939453,16.950000762939453,14.168561935424805,0
2018-06-22,17.1299991607666,17.1299991607666,16.350000381469727,16.5,13.792403221130371,3000
2018-06-25,16.5,16.5,16.5,16.5,13.792403221130371,0
2018-06-26,16.450000762939453,17.399999618530273,16.350000381469727,16.950000762939453,14.168561935424805,3800
2018-06-27,17.0,17.0,16.850000381469727,16.899999618530273,14.126766204833984,1400
2018-06-28,16.899999618530273,16.899999618530273,16.5,16.700000762939453,13.959585189819336,5800
2018-06-29,17.049999237060547,17.049999237060547,16.799999237060547,16.899999618530273,14.126766204833984,2000
2018-07-02,17.200000762939453,17.799999237060547,17.0,17.700000762939453,14.795487403869629,8800
2018-07-03,17.5,17.5,17.299999237060547,17.350000381469727,14.502923965454102,5100
2018-07-05,17.059999465942383,17.5,17.059999465942383,17.5,14.628308296203613,1000
2018-07-06,17.700000762939453,18.0,17.399999618530273,17.5,14.628308296203613,6700
2018-07-09,17.90999984741211,17.950000762939453,17.5,17.5,14.628308296203613,3100
2018-07-10,17.770000457763672,18.049999237060547,17.770000457763672,17.799999237060547,14.87907886505127,5500
2018-07-11,17.700000762939453,17.799999237060547,17.549999237060547,17.549999237060547,14.670101165771484,2300
2018-07-12,17.549999237060547,17.549999237060547,17.549999237060547,17.549999237060547,14.670101165771484,0
2018-07-13,17.549999237060547,18.0,17.549999237060547,17.600000381469727,14.711897850036621,2900
2018-07-16,17.549999237060547,17.899999618530273,17.549999237060547,17.600000381469727,14.711897850036621,1700
2018-07-17,17.75,17.75,17.700000762939453,17.700000762939453,14.795487403869629,400
2018-07-18,17.700000762939453,17.700000762939453,17.700000762939453,17.700000762939453,14.795487403869629,500
2018-07-19,17.549999237060547,17.549999237060547,17.549999237060547,17.549999237060547,14.670101165771484,500
2018-07-20,17.549999237060547,17.549999237060547,17.450000762939453,17.450000762939453,14.586515426635742,700
2018-07-23,17.450000762939453,17.450000762939453,17.450000762939453,17.450000762939453,14.586515426635742,0
2018-07-24,17.540000915527344,17.549999237060547,17.399999618530273,17.399999618530273,14.544715881347656,5400
2018-07-25,17.600000381469727,17.600000381469727,17.5,17.5,14.628308296203613,600
2018-07-26,17.5,17.5,17.5,17.5,14.628308296203613,400
2018-07-27,17.5,17.5,17.5,17.5,14.628308296203613,0
2018-07-30,17.399999618530273,17.420000076293945,17.209999084472656,17.209999084472656,14.385892868041992,4700
2018-07-31,17.100000381469727,17.450000762939453,16.5,16.549999237060547,13.834198951721191,9500
2018-08-01,16.700000762939453,17.1200008392334,16.700000762939453,16.700000762939453,13.959585189819336,1500
2018-08-02,16.75,16.799999237060547,16.700000762939453,16.75,14.00137710571289,6200
2018-08-03,17.0,17.049999237060547,17.0,17.049999237060547,14.252147674560547,900
2018-08-06,17.219999313354492,17.219999313354492,17.100000381469727,17.100000381469727,14.293943405151367,600
2018-08-07,17.139999389648438,17.149999618530273,17.139999389648438,17.149999618530273,14.335741996765137,700
2018-08-08,17.25,17.450000762939453,17.25,17.450000762939453,14.586515426635742,5800
2018-08-09,17.350000381469727,17.399999618530273,17.25,17.350000381469727,14.502923965454102,5200
2018-08-10,17.3799991607666,17.450000762939453,17.309999465942383,17.399999618530273,14.544715881347656,14100
2018-08-13,17.450000762939453,17.600000381469727,17.350000381469727,17.600000381469727,14.711897850036621,6300
2018-08-14,17.549999237060547,17.75,17.549999237060547,17.75,14.837281227111816,2200
2018-08-15,17.700000762939453,17.75,17.649999618530273,17.75,14.837281227111816,900
2018-08-16,17.600000381469727,17.600000381469727,17.5,17.5,14.628308296203613,1500
2018-08-17,17.200000762939453,17.200000762939453,17.200000762939453,17.200000762939453,14.377537727355957,300
2018-08-20,17.350000381469727,17.850000381469727,17.350000381469727,17.850000381469727,14.920873641967773,11400
2018-08-21,17.75,17.75,17.75,17.75,14.837281227111816,200
2018-08-22,17.75,17.75,17.700000762939453,17.700000762939453,14.795487403869629,500
2018-08-23,17.700000762939453,17.700000762939453,17.700000762939453,17.700000762939453,14.795487403869629,0
2018-08-24,17.700000762939453,17.700000762939453,17.700000762939453,17.700000762939453,14.795487403869629,0
2018-08-27,18.0,18.0,17.25,17.299999237060547,14.461125373840332,1400
2018-08-28,17.5,17.5,17.350000381469727,17.399999618530273,14.544715881347656,500
2018-08-29,18.0,18.0,17.510000228881836,17.75,14.837281227111816,2300
2018-08-30,18.0,18.049999237060547,17.65999984741211,18.0,15.088763236999512,53800
2018-08-31,18.0,18.25,18.0,18.0,15.088763236999512,6900
2018-09-04,18.0,18.25,17.899999618530273,18.25,15.298328399658203,12100
2018-09-05,18.25,18.25,18.0,18.010000228881836,15.097146034240723,6400
2018-09-06,17.549999237060547,18.049999237060547,17.549999237060547,18.049999237060547,15.13067626953125,6700
2018-09-07,18.25,18.25,18.200000762939453,18.200000762939453,15.256418228149414,400
2018-09-10,18.100000381469727,18.350000381469727,18.100000381469727,18.350000381469727,15.382160186767578,18300
2018-09-11,18.5,18.5,17.25,17.25,14.460062980651855,2100
2018-09-12,17.700000762939453,18.399999618530273,17.700000762939453,17.899999618530273,15.00493335723877,1400
2018-09-13,17.600000381469727,18.0,17.5,17.5,14.669628143310547,2600
2018-09-14,17.5,18.399999618530273,17.25,17.25,14.460062980651855,10100
2018-09-17,18.299999237060547,18.399999618530273,17.75,17.799999237060547,14.921110153198242,1500
2018-09-18,17.799999237060547,18.350000381469727,17.799999237060547,18.100000381469727,15.172592163085938,7400
2018-09-19,18.0,18.40999984741211,18.0,18.100000381469727,15.172592163085938,800
2018-09-20,18.100000381469727,18.489999771118164,18.100000381469727,18.100000381469727,15.172592163085938,2500
2018-09-21,18.5,18.5,18.5,18.5,15.507894515991211,4100
2018-09-24,18.399999618530273,18.399999618530273,18.399999618530273,18.399999618530273,15.424073219299316,300
2018-09-25,18.399999618530273,18.5,18.399999618530273,18.5,15.507894515991211,1300
2018-09-26,18.0,19.0,18.0,18.950000762939453,15.885116577148438,8000
2018-09-27,19.0,19.200000762939453,18.149999618530273,18.149999618530273,15.214505195617676,9800
2018-09-28,18.25,18.350000381469727,17.799999237060547,17.799999237060547,14.921110153198242,26600
2018-10-01,17.969999313354492,18.59000015258789,17.969999313354492,18.0,15.088763236999512,4800
2018-10-02,18.0,18.139999389648438,18.0,18.139999389648438,15.206116676330566,2300
2018-10-03,18.0,18.25,18.0,18.200000762939453,15.256418228149414,1400
2018-10-04,18.190000534057617,18.200000762939453,17.989999771118164,18.200000762939453,15.256418228149414,1700
2018-10-05,18.020000457763672,18.190000534057617,18.0,18.18000030517578,15.239649772644043,2700
2018-10-08,18.18000030517578,18.18000030517578,18.040000915527344,18.18000030517578,15.239649772644043,2100
2018-10-09,18.010000228881836,18.040000915527344,17.600000381469727,17.600000381469727,14.753458023071289,24200
2018-10-10,17.809999465942383,18.100000381469727,17.700000762939453,17.700000762939453,14.83728313446045,21200
2018-10-11,17.700000762939453,17.950000762939453,17.59000015258789,17.889999389648438,14.996552467346191,4300
2018-10-12,17.90999984741211,17.950000762939453,17.5,17.65999984741211,14.803750038146973,8600
2018-10-15,17.670000076293945,17.719999313354492,17.649999618530273,17.690000534057617,14.828899383544922,3100
2018-10-16,17.799999237060547,17.799999237060547,17.549999237060547,17.600000381469727,14.753458023071289,1500
2018-10-17,17.510000228881836,17.65999984741211,17.510000228881836,17.65999984741211,14.803750038146973,1200
2018-10-18,17.549999237060547,17.549999237060547,17.549999237060547,17.549999237060547,14.7115478515625,500
2018-10-19,17.25,17.760000228881836,17.010000228881836,17.549999237060547,14.7115478515625,16200
2018-10-22,17.549999237060547,17.549999237060547,17.549999237060547,17.549999237060547,14.7115478515625,0
2018-10-23,17.700000762939453,17.700000762939453,17.700000762939453,17.700000762939453,14.83728313446045,200
2018-10-24,17.0,17.459999084472656,17.0,17.459999084472656,14.636100769042969,1100
2018-10-25,17.06999969482422,17.06999969482422,17.06999969482422,17.06999969482422,14.309175491333008,400
2018-10-26,17.25,18.170000076293945,17.25,18.110000610351562,15.180971145629883,1500
2018-10-29,17.549999237060547,17.549999237060547,17.049999237060547,17.059999465942383,14.340386390686035,9000
2018-10-30,17.06999969482422,17.1200008392334,16.100000381469727,16.56999969482422,13.928500175476074,38900
2018-10-31,16.59000015258789,17.049999237060547,16.56999969482422,16.6200008392334,13.970529556274414,4700
2018-11-01,16.780000686645508,17.8700008392334,16.780000686645508,17.8700008392334,15.021262168884277,1900
2018-11-02,18.200000762939453,18.200000762939453,17.1200008392334,17.1200008392334,14.39082145690918,9900
2018-11-05,17.81999969482422,18.0,17.549999237060547,17.549999237060547,14.752275466918945,1100
2018-11-06,17.549999237060547,17.549999237060547,17.549999237060547,17.549999237060547,14.752275466918945,100
2018-11-07,17.34000015258789,18.040000915527344,17.34000015258789,18.040000915527344,15.164161682128906,400
2018-11-08,17.260000228881836,17.260000228881836,17.260000228881836,17.260000228881836,14.508502960205078,200
2018-11-09,17.280000686645508,17.510000228881836,16.850000381469727,17.0,14.289950370788574,3300
2018-11-12,17.200000762939453,17.389999389648438,16.850000381469727,16.850000381469727,14.163864135742188,2700
2018-11-13,16.889999389648438,17.0,16.850000381469727,16.940000534057617,14.23951530456543,3600
2018-11-14,16.850000381469727,16.850000381469727,16.850000381469727,16.850000381469727,14.163864135742188,400
2018-11-15,17.040000915527344,17.079999923706055,17.0,17.0,14.289950370788574,2700
2018-11-16,16.850000381469727,16.850000381469727,16.850000381469727,16.850000381469727,14.163864135742188,200
2018-11-19,17.0,17.0,16.850000381469727,16.850000381469727,14.163864135742188,1800
2018-11-20,16.850000381469727,17.0,16.850000381469727,17.0,14.289950370788574,1400
2018-11-21,16.850000381469727,16.850000381469727,16.850000381469727,16.850000381469727,14.163864135742188,800
2018-11-23,16.850000381469727,16.93000030517578,16.850000381469727,16.93000030517578,14.231112480163574,200
2018-11-26,16.850000381469727,17.0,16.850000381469727,17.0,14.289950370788574,1100
2018-11-27,17.0,17.0,17.0,17.0,14.289950370788574,1500
2018-11-28,16.850000381469727,17.0,16.020000457763672,16.799999237060547,14.121833801269531,6400
2018-11-29,16.799999237060547,16.799999237060547,16.799999237060547,16.799999237060547,14.121833801269531,100
2018-11-30,16.309999465942383,17.989999771118164,16.309999465942383,17.149999618530273,14.416040420532227,8500
2018-12-03,16.510000228881836,17.809999465942383,16.510000228881836,16.860000610351562,14.172270774841309,3500
2018-12-04,17.489999771118164,17.489999771118164,16.25,16.350000381469727,13.743573188781738,5400
2018-12-06,16.200000762939453,17.290000915527344,16.200000762939453,16.5,13.869659423828125,1800
2018-12-07,16.200000762939453,16.600000381469727,16.200000762939453,16.600000381469727,13.953719139099121,3200
2018-12-10,16.600000381469727,16.600000381469727,16.200000762939453,16.200000762939453,13.61748218536377,2100
2018-12-11,15.300000190734863,17.5,12.289999961853027,17.5,14.710243225097656,11000
2018-12-12,17.0,17.0,16.25,16.329999923706055,13.72675895690918,2900
2018-12-13,17.329999923706055,17.329999923706055,16.420000076293945,16.420000076293945,13.802412033081055,600
2018-12-14,17.0,17.0,16.059999465942383,16.149999618530273,13.57545280456543,5000
2018-12-17,16.079999923706055,16.299999237060547,16.0,16.100000381469727,13.53342342376709,1900
2018-12-18,15.899999618530273,16.690000534057617,15.529999732971191,16.149999618530273,13.57545280456543,6700
2018-12-19,16.020000457763672,16.020000457763672,14.5,14.600000381469727,12.272547721862793,17200
2018-12-20,15.0,15.0,14.5,14.5,12.188486099243164,1600
2018-12-21,14.569999694824219,15.600000381469727,13.890000343322754,15.600000381469727,13.113133430480957,6400
2018-12-24,15.600000381469727,15.600000381469727,15.600000381469727,15.600000381469727,13.113133430480957,100
2018-12-26,14.0,14.90999984741211,14.0,14.90999984741211,12.533127784729004,4400
2018-12-27,14.239999771118164,15.369999885559082,14.199999809265137,14.369999885559082,12.07921314239502,10200
2018-12-28,14.380000114440918,14.380000114440918,14.380000114440918,14.380000114440918,12.087616920471191,1000
2018-12-31,14.600000381469727,14.600000381469727,14.600000381469727,14.600000381469727,12.272547721862793,900
2019-01-02,14.600000381469727,14.600000381469727,14.600000381469727,14.600000381469727,12.272547721862793,100
2019-01-03,14.569999694824219,14.569999694824219,14.569999694824219,14.569999694824219,12.247328758239746,300
2019-01-04,15.270000457763672,15.289999961853027,14.529999732971191,14.529999732971191,12.213706016540527,700
2019-01-07,15.010000228881836,15.720000267028809,15.010000228881836,15.1899995803833,12.768492698669434,2000
2019-01-08,15.0,15.319999694824219,15.0,15.319999694824219,12.877767562866211,4000
2019-01-09,15.319999694824219,15.319999694824219,15.319999694824219,15.319999694824219,12.877767562866211,200
2019-01-10,15.319999694824219,15.319999694824219,15.079999923706055,15.079999923706055,12.676026344299316,400
2019-01-11,15.010000228881836,15.359999656677246,15.0,15.359999656677246,12.91139030456543,1600
2019-01-14,15.359999656677246,15.359999656677246,15.359999656677246,15.359999656677246,12.91139030456543,300
2019-01-15,15.5,15.5,15.029999732971191,15.029999732971191,12.633996963500977,1000
2019-01-16,15.0,15.739999771118164,15.0,15.5,13.029072761535645,1000
2019-01-17,15.75,15.75,15.6899995803833,15.6899995803833,13.188783645629883,400
2019-01-18,15.6899995803833,15.6899995803833,15.6899995803833,15.6899995803833,13.188783645629883,100
2019-01-22,15.6899995803833,15.6899995803833,15.6899995803833,15.6899995803833,13.188783645629883,100
2019-01-23,15.5,15.5,15.109999656677246,15.329999923706055,12.886175155639648,1100
2019-01-24,15.380000114440918,15.75,15.0600004196167,15.75,13.239217758178711,3100
2019-01-25,15.75,15.75,15.75,15.75,13.239217758178711,100
2019-01-28,15.75,15.75,15.75,15.75,13.239217758178711,200
2019-01-29,15.0,15.75,15.0,15.75,13.30256462097168,19200
2019-01-30,15.350000381469727,15.75,15.3100004196167,15.5,13.091412544250488,2200
2019-01-31,15.5,15.699999809265137,15.5,15.699999809265137,13.260334014892578,1500
2019-02-01,15.600000381469727,15.699999809265137,15.600000381469727,15.600000381469727,13.175875663757324,1300
2019-02-04,15.699999809265137,15.75,15.579999923706055,15.75,13.30256462097168,5000
2019-02-05,15.739999771118164,16.559999465942383,15.670000076293945,15.710000038146973,13.268783569335938,14600
2019-02-06,15.710000038146973,15.710000038146973,15.710000038146973,15.710000038146973,13.268783569335938,100
2019-02-07,16.0,16.0,16.0,16.0,13.513715744018555,100
2019-02-08,15.3100004196167,15.989999771118164,15.3100004196167,15.949999809265137,13.47148609161377,1100
2019-02-11,15.75,15.75,15.65999984741211,15.65999984741211,13.22655200958252,600
2019-02-12,15.979999542236328,16.0,15.979999542236328,16.0,13.513715744018555,600
2019-02-13,15.989999771118164,16.700000762939453,15.75,16.219999313354492,13.699531555175781,5900
2019-02-14,16.0,16.0,15.850000381469727,15.850000381469727,13.387025833129883,1200
2019-02-15,16.329999923706055,16.329999923706055,15.850000381469727,15.850000381469727,13.387025833129883,900
2019-02-19,15.850000381469727,16.6299991607666,15.8100004196167,15.8100004196167,13.353241920471191,8400
2019-02-20,15.90999984741211,15.949999809265137,15.600000381469727,15.630000114440918,13.201211929321289,6800
2019-02-21,15.380000114440918,16.3700008392334,15.380000114440918,16.040000915527344,13.547499656677246,7400
2019-02-22,16.100000381469727,17.100000381469727,15.8100004196167,16.350000381469727,13.809331893920898,4000
2019-02-25,16.350000381469727,16.350000381469727,16.0,16.079999923706055,13.581286430358887,2700
2019-02-26,15.890000343322754,16.579999923706055,15.890000343322754,16.579999923706055,14.003588676452637,1900
2019-02-27,16.079999923706055,16.079999923706055,16.079999923706055,16.079999923706055,13.581286430358887,100
2019-02-28,16.079999923706055,16.079999923706055,16.079999923706055,16.079999923706055,13.581286430358887,0
2019-03-01,16.079999923706055,16.079999923706055,16.079999923706055,16.079999923706055,13.581286430358887,100
2019-03-04,16.8799991607666,16.8799991607666,16.5,16.510000228881836,13.944466590881348,1100
2019-03-05,16.510000228881836,16.510000228881836,16.510000228881836,16.510000228881836,13.944466590881348,0
2019-03-06,16.75,17.479999542236328,16.75,17.399999618530273,14.696166038513184,2400
2019-03-07,17.290000915527344,17.299999237060547,17.049999237060547,17.049999237060547,14.400557518005371,700
2019-03-08,17.399999618530273,17.399999618530273,17.399999618530273,17.399999618530273,14.696166038513184,400
2019-03-11,16.6200008392334,16.809999465942383,16.5,16.5,13.936020851135254,500
2019-03-12,16.75,17.030000686645508,16.670000076293945,16.979999542236328,14.341431617736816,1200
2019-03-13,16.760000228881836,17.5,16.700000762939453,17.5,14.780628204345703,4800
2019-03-14,17.520000457763672,17.809999465942383,17.219999313354492,17.799999237060547,15.034011840820312,4300
2019-03-15,17.530000686645508,17.93000030517578,17.149999618530273,17.670000076293945,14.924214363098145,8200
2019-03-18,17.670000076293945,17.670000076293945,17.670000076293945,17.670000076293945,14.924214363098145,600
2019-03-19,17.670000076293945,17.670000076293945,17.670000076293945,17.670000076293945,14.924214363098145,800
2019-03-20,16.729999542236328,16.899999618530273,16.3799991607666,16.700000762939453,14.104944229125977,4100
2019-03-21,17.059999465942383,17.270000457763672,16.270000457763672,16.399999618530273,13.85155963897705,3000
2019-03-22,16.75,16.75,16.5,16.5,13.936020851135254,1300
2019-03-25,16.950000762939453,16.979999542236328,16.3700008392334,16.549999237060547,13.978252410888672,3000
2019-03-26,16.719999313354492,16.719999313354492,16.200000762939453,16.549999237060547,13.978252410888672,2200
2019-03-27,16.549999237060547,17.0,16.239999771118164,17.0,14.35832405090332,6600
2019-03-28,17.049999237060547,17.549999237060547,16.549999237060547,17.110000610351562,14.451231956481934,4100
2019-03-29,17.489999771118164,17.510000228881836,17.100000381469727,17.100000381469727,14.442787170410156,2600
2019-04-01,17.049999237060547,17.600000381469727,16.959999084472656,17.020000457763672,14.375215530395508,8300
2019-04-02,17.0,17.049999237060547,16.920000076293945,17.0,14.35832405090332,5600
2019-04-03,17.0,17.510000228881836,16.440000534057617,16.440000534057617,13.88534164428711,54700
2019-04-04,16.610000610351562,18.0,16.56999969482422,18.0,15.202935218811035,3900
2019-04-05,17.399999618530273,18.950000762939453,16.65999984741211,17.489999771118164,14.772181510925293,9600
2019-04-08,17.610000610351562,17.940000534057617,17.559999465942383,17.700000762939453,14.94955062866211,4800
2019-04-09,16.799999237060547,17.989999771118164,16.799999237060547,17.969999313354492,15.177595138549805,16200
2019-04-10,17.940000534057617,17.969999313354492,16.299999237060547,16.610000610351562,14.028928756713867,19100
2019-04-11,17.0,17.510000228881836,16.639999389648438,17.149999618530273,14.485017776489258,12000
2019-04-12,17.75,17.75,17.399999618530273,17.75,14.991781234741211,8400
2019-04-15,17.68000030517578,17.75,17.25,17.75,14.991781234741211,3600
2019-04-16,17.75,17.75,16.950000762939453,17.1200008392334,14.459677696228027,8500
2019-04-17,16.809999465942383,17.600000381469727,16.700000762939453,16.829999923706055,14.214740753173828,10400
2019-04-18,17.389999389648438,17.399999618530273,16.770000457763672,17.09000015258789,14.434337615966797,4600
2019-04-22,16.639999389648438,17.3799991607666,16.639999389648438,16.989999771118164,14.349878311157227,6400
2019-04-23,16.989999771118164,16.989999771118164,16.989999771118164,16.989999771118164,14.349878311157227,200
2019-04-24,16.75,16.75,16.75,16.75,14.147175788879395,200
2019-04-25,17.010000228881836,17.219999313354492,17.010000228881836,17.219999313354492,14.544136047363281,800
2019-04-26,16.729999542236328,17.440000534057617,16.729999542236328,17.440000534057617,14.729950904846191,1900
2019-04-29,17.06999969482422,17.389999389648438,16.739999771118164,17.030000686645508,14.445788383483887,4700
2019-04-30,16.780000686645508,17.43000030517578,16.700000762939453,17.110000610351562,14.513647079467773,11500
2019-05-01,16.969999313354492,17.43000030517578,16.950000762939453,17.290000915527344,14.666335105895996,2800
2019-05-02,17.440000534057617,17.530000686645508,17.440000534057617,17.530000686645508,14.869919776916504,1700
2019-05-03,17.719999313354492,17.719999313354492,17.3700008392334,17.56999969482422,14.903844833374023,7400
2019-05-06,17.450000762939453,17.579999923706055,16.989999771118164,17.399999618530273,14.759636878967285,24000
2019-05-07,17.549999237060547,17.549999237060547,17.399999618530273,17.40999984741211,14.7681245803833,1100
2019-05-08,17.219999313354492,17.450000762939453,16.809999465942383,17.200000762939453,14.589988708496094,17100
2019-05-09,16.950000762939453,17.75,16.950000762939453,17.3700008392334,14.734193801879883,12200
2019-05-10,17.200000762939453,17.75,17.040000915527344,17.690000534057617,15.005633354187012,54300
2019-05-13,17.540000915527344,17.540000915527344,17.079999923706055,17.280000686645508,14.65785026550293,14000
2019-05-14,17.25,17.389999389648438,16.920000076293945,17.200000762939453,14.589988708496094,22100
2019-05-15,17.149999618530273,17.510000228881836,17.0,17.25,14.632402420043945,22000
2019-05-16,17.200000762939453,17.489999771118164,17.190000534057617,17.25,14.632402420043945,9700
2019-05-17,17.139999389648438,17.25,17.0,17.200000762939453,14.589988708496094,13000
2019-05-20,17.030000686645508,17.100000381469727,16.959999084472656,16.969999313354492,14.394887924194336,37700
2019-05-21,17.059999465942383,17.059999465942383,16.3799991607666,17.0,14.420337677001953,33300
2019-05-22,17.110000610351562,17.219999313354492,16.549999237060547,16.760000228881836,14.216758728027344,22200
2019-05-23,16.3799991607666,17.0,16.3799991607666,16.520000457763672,14.013178825378418,14800
2019-05-24,16.530000686645508,16.75,16.520000457763672,16.75,14.208276748657227,11200
2019-05-28,16.709999084472656,16.969999313354492,16.59000015258789,16.700000762939453,14.165862083435059,13200
2019-05-29,16.670000076293945,17.15999984741211,16.43000030517578,16.600000381469727,14.081036567687988,40400
2019-05-30,16.93000030517578,17.299999237060547,16.3799991607666,17.0,14.420337677001953,21100
2019-05-31,16.600000381469727,17.049999237060547,16.31999969482422,16.700000762939453,14.165862083435059,19700
2019-06-03,17.389999389648438,17.389999389648438,16.059999465942383,16.989999771118164,14.41185188293457,9400
2019-06-04,17.0,17.0,16.469999313354492,16.809999465942383,14.259171485900879,15800
2019-06-05,16.739999771118164,16.989999771118164,16.440000534057617,16.850000381469727,14.29310131072998,12900
2019-06-06,16.940000534057617,16.959999084472656,16.260000228881836,16.75,14.208276748657227,13900
2019-06-07,16.479999542236328,17.0,16.479999542236328,16.540000915527344,14.030141830444336,31000
2019-06-10,16.690000534057617,17.0,16.56999969482422,16.719999313354492,14.182827949523926,23900
2019-06-11,16.8799991607666,17.0,16.8799991607666,16.90999984741211,14.343996047973633,29200
2019-06-12,16.989999771118164,17.15999984741211,16.600000381469727,16.920000076293945,14.352477073669434,30100
2019-06-13,16.940000534057617,17.0,16.780000686645508,16.90999984741211,14.343996047973633,19200
2019-06-14,16.90999984741211,17.0,16.90999984741211,16.969999313354492,14.394887924194336,13100
2019-06-17,16.940000534057617,17.0,16.549999237060547,16.75,14.208276748657227,22000
2019-06-18,16.65999984741211,16.75,16.5,16.600000381469727,14.081036567687988,23100
2019-06-19,16.75,16.799999237060547,16.399999618530273,16.75,14.208276748657227,16400
2019-06-20,16.6299991607666,16.75,16.5,16.75,14.208276748657227,12500
2019-06-21,16.790000915527344,17.399999618530273,16.510000228881836,16.75,14.208276748657227,47500
2019-06-24,16.6299991607666,16.75,16.309999465942383,16.350000381469727,13.868972778320312,27700
2019-06-25,16.31999969482422,16.75,16.31999969482422,16.65999984741211,14.131933212280273,13600
2019-06-26,16.719999313354492,17.0,16.719999313354492,17.0,14.420337677001953,30900
2019-06-27,16.770000457763672,17.0,16.770000457763672,17.0,14.420337677001953,68700
2019-06-28,16.969999313354492,17.399999618530273,16.93000030517578,16.950000762939453,14.377924919128418,918400
2019-07-01,17.010000228881836,17.399999618530273,16.559999465942383,16.920000076293945,14.352477073669434,74300
2019-07-02,16.809999465942383,17.200000762939453,16.770000457763672,16.959999084472656,14.386409759521484,50500
2019-07-03,17.0,17.0,16.850000381469727,16.979999542236328,14.403375625610352,3600
2019-07-05,16.979999542236328,17.0,16.639999389648438,16.940000534057617,14.3694429397583,10300
2019-07-08,16.979999542236328,17.360000610351562,16.799999237060547,17.219999313354492,14.606953620910645,15800
2019-07-09,17.290000915527344,17.299999237060547,16.690000534057617,16.899999618530273,14.335514068603516,7900
2019-07-10,16.979999542236328,17.229999542236328,16.649999618530273,16.719999313354492,14.182827949523926,10700
2019-07-11,16.600000381469727,16.979999542236328,16.43000030517578,16.600000381469727,14.081036567687988,11400
2019-07-12,16.440000534057617,16.690000534057617,16.350000381469727,16.459999084472656,13.962279319763184,12300
2019-07-15,16.350000381469727,16.399999618530273,16.170000076293945,16.329999923706055,13.852007865905762,12100
2019-07-16,16.170000076293945,16.610000610351562,15.670000076293945,16.40999984741211,13.919869422912598,12100
2019-07-17,16.420000076293945,16.549999237060547,16.040000915527344,16.059999465942383,13.622980117797852,9300
2019-07-18,16.110000610351562,16.3799991607666,16.079999923706055,16.3799991607666,13.89441967010498,4500
2019-07-19,16.100000381469727,16.68000030517578,16.100000381469727,16.68000030517578,14.148897171020508,5800
2019-07-22,16.719999313354492,16.719999313354492,16.190000534057617,16.440000534057617,13.94531536102295,4400
2019-07-23,16.6299991607666,16.6299991607666,16.149999618530273,16.40999984741211,13.919869422912598,3200
2019-07-24,16.239999771118164,16.3700008392334,16.239999771118164,16.299999237060547,13.826559066772461,4900
2019-07-25,16.299999237060547,16.34000015258789,16.030000686645508,16.299999237060547,13.826559066772461,2800
2019-07-26,16.329999923706055,16.700000762939453,16.329999923706055,16.450000762939453,13.9537992477417,7100
2019-07-29,16.469999313354492,16.75,16.309999465942383,16.309999465942383,13.835042953491211,4400
2019-07-30,16.6299991607666,16.950000762939453,16.40999984741211,16.700000762939453,14.231303215026855,11000
2019-07-31,16.799999237060547,16.989999771118164,16.719999313354492,16.75,14.273913383483887,10100
2019-08-01,17.0,17.0,16.389999389648438,16.56999969482422,14.120521545410156,7600
2019-08-02,16.280000686645508,16.440000534057617,16.1299991607666,16.1299991607666,13.745562553405762,3100
2019-08-05,16.290000915527344,16.56999969482422,16.049999237060547,16.06999969482422,13.694433212280273,3900
2019-08-06,16.110000610351562,16.139999389648438,15.989999771118164,16.049999237060547,13.677390098571777,3800
2019-08-07,15.90999984741211,16.110000610351562,15.8100004196167,15.949999809265137,13.592172622680664,4300
2019-08-08,16.149999618530273,16.84000015258789,16.149999618530273,16.510000228881836,14.069392204284668,7800
2019-08-09,15.699999809265137,16.440000534057617,15.680000305175781,16.209999084472656,13.813738822937012,3600
2019-08-12,16.329999923706055,16.5,16.049999237060547,16.360000610351562,13.94156551361084,5200
2019-08-13,16.1299991607666,16.350000381469727,16.010000228881836,16.25,13.847823143005371,3700
2019-08-14,16.079999923706055,16.149999618530273,15.760000228881836,15.760000228881836,13.430259704589844,5600
2019-08-15,15.899999618530273,16.1200008392334,15.670000076293945,15.880000114440918,13.53252124786377,5900
2019-08-16,15.970000267028809,16.079999923706055,15.850000381469727,16.079999923706055,13.702958106994629,4200
2019-08-19,16.149999618530273,16.59000015258789,15.989999771118164,16.5,14.060868263244629,8800
2019-08-20,16.5,16.5,16.020000457763672,16.149999618530273,13.76260757446289,2300
2019-08-21,15.989999771118164,16.110000610351562,15.800000190734863,15.989999771118164,13.626260757446289,8200
2019-08-22,15.84000015258789,15.970000267028809,15.739999771118164,15.739999771118164,13.413214683532715,5800
2019-08-23,15.5,15.699999809265137,15.149999618530273,15.699999809265137,13.379129409790039,8100
2019-08-26,15.569999694824219,16.329999923706055,15.350000381469727,16.329999923706055,13.915998458862305,15500
2019-08-27,16.1200008392334,16.290000915527344,15.760000228881836,15.819999694824219,13.481389999389648,7200
2019-08-28,15.819999694824219,16.0,15.40999984741211,15.899999618530273,13.549562454223633,5300
2019-08-29,15.859999656677246,16.270000457763672,15.699999809265137,15.890000343322754,13.541041374206543,6300
2019-08-30,15.789999961853027,15.960000038146973,15.789999961853027,15.960000038146973,13.600695610046387,3300
2019-09-03,15.640000343322754,15.819999694824219,15.399999618530273,15.489999771118164,13.200169563293457,3000
2019-09-04,15.539999961853027,15.949999809265137,15.539999961853027,15.65999984741211,13.345041275024414,2800
2019-09-05,15.149999618530273,15.800000190734863,15.149999618530273,15.449999809265137,13.166085243225098,9100
2019-09-06,15.59000015258789,15.699999809265137,15.229999542236328,15.25,12.995648384094238,2600
2019-09-09,15.229999542236328,15.430000305175781,15.199999809265137,15.34000015258789,13.072345733642578,4000
2019-09-10,15.319999694824219,15.449999809265137,15.319999694824219,15.359999656677246,13.089387893676758,2500
2019-09-11,15.569999694824219,15.579999923706055,15.550000190734863,15.579999923706055,13.27686882019043,2300
2019-09-12,15.390000343322754,16.25,15.390000343322754,16.149999618530273,13.76260757446289,10400
2019-09-13,16.079999923706055,16.170000076293945,15.729999542236328,15.729999542236328,13.404693603515625,9500
2019-09-16,15.979999542236328,16.25,15.770000457763672,16.049999237060547,13.677390098571777,6100
2019-09-17,16.100000381469727,16.25,15.710000038146973,16.1299991607666,13.745562553405762,19400
2019-09-18,16.200000762939453,16.25,15.890000343322754,16.1299991607666,13.745562553405762,8500
2019-09-19,16.100000381469727,16.239999771118164,15.779999732971191,15.779999732971191,13.447300910949707,6200
2019-09-20,15.789999961853027,16.25,15.529999732971191,16.25,13.847823143005371,34500
2019-09-23,15.970000267028809,16.139999389648438,15.710000038146973,15.899999618530273,13.549562454223633,2800
2019-09-24,16.0,16.239999771118164,15.399999618530273,15.739999771118164,13.413214683532715,24200
2019-09-25,15.739999771118164,15.90999984741211,15.569999694824219,15.670000076293945,13.353564262390137,14400
2019-09-26,15.84000015258789,15.84000015258789,15.350000381469727,15.369999885559082,13.097911834716797,11100
2019-09-27,15.649999618530273,15.670000076293945,15.350000381469727,15.350000381469727,13.0808687210083,4400
2019-09-30,15.25,15.600000381469727,15.25,15.350000381469727,13.0808687210083,6900
2019-10-01,15.539999961853027,15.539999961853027,15.239999771118164,15.239999771118164,12.987131118774414,2400
2019-10-02,15.119999885559082,15.300000190734863,14.960000038146973,14.960000038146973,12.748520851135254,4300
2019-10-03,15.0,15.109999656677246,14.960000038146973,15.09000015258789,12.859306335449219,3200
2019-10-04,15.0,15.25,14.949999809265137,15.079999923706055,12.850778579711914,5400
2019-10-07,15.140000343322754,15.630000114440918,15.140000343322754,15.420000076293945,13.140522003173828,5900
2019-10-08,15.470000267028809,15.600000381469727,15.449999809265137,15.449999809265137,13.166085243225098,2100
2019-10-09,15.619999885559082,15.75,15.350000381469727,15.350000381469727,13.0808687210083,2500
2019-10-10,15.489999771118164,15.539999961853027,15.100000381469727,15.300000190734863,13.038260459899902,3500
2019-10-11,15.5,15.739999771118164,15.380000114440918,15.600000381469727,13.29391098022461,12900
2019-10-14,15.609999656677246,15.90999984741211,15.420000076293945,15.75,13.421737670898438,2300
2019-10-15,15.460000038146973,15.989999771118164,15.460000038146973,15.869999885559082,13.523998260498047,2000
2019-10-16,15.789999961853027,15.789999961853027,15.350000381469727,15.6899995803833,13.370607376098633,5000
2019-10-17,15.789999961853027,15.789999961853027,15.789999961853027,15.789999961853027,13.455827713012695,3000
2019-10-18,15.399999618530273,15.75,15.399999618530273,15.75,13.421737670898438,12600
2019-10-21,15.75,15.75,15.630000114440918,15.75,13.421737670898438,3900
2019-10-22,15.75,15.75,15.619999885559082,15.729999542236328,13.404693603515625,3500
2019-10-23,15.75,15.970000267028809,15.479999542236328,15.630000114440918,13.319478034973145,7900
2019-10-24,15.619999885559082,15.760000228881836,15.5,15.619999885559082,13.310954093933105,2200
2019-10-25,15.670000076293945,15.75,15.550000190734863,15.550000190734863,13.251304626464844,5300
2019-10-28,15.649999618530273,15.729999542236328,15.479999542236328,15.529999732971191,13.234259605407715,3300
2019-10-29,15.180000305175781,15.710000038146973,15.180000305175781,15.680000305175781,13.362086296081543,5200
2019-10-30,15.6899995803833,15.6899995803833,15.15999984741211,15.550000190734863,13.31499195098877,10800
2019-10-31,15.640000343322754,15.640000343322754,15.3100004196167,15.539999961853027,13.306429862976074,6400
2019-11-01,15.329999923706055,15.75,15.329999923706055,15.75,13.486245155334473,4100
2019-11-04,15.699999809265137,15.75,15.470000267028809,15.699999809265137,13.443432807922363,6700
2019-11-05,15.550000190734863,15.75,15.510000228881836,15.710000038146973,13.451993942260742,11400
2019-11-06,15.680000305175781,15.680000305175781,15.520000457763672,15.579999923706055,13.340678215026855,2300
2019-11-07,15.739999771118164,15.979999542236328,15.59000015258789,15.630000114440918,13.383492469787598,15600
2019-11-08,15.569999694824219,15.75,15.329999923706055,15.600000381469727,13.357805252075195,12800
2019-11-11,15.449999809265137,15.699999809265137,15.359999656677246,15.699999809265137,13.443432807922363,1800
2019-11-12,15.630000114440918,15.75,15.5,15.649999618530273,13.400619506835938,5600
2019-11-13,15.640000343322754,15.75,15.460000038146973,15.569999694824219,13.33211612701416,5200
2019-11-14,15.300000190734863,15.75,15.270000457763672,15.449999809265137,13.229361534118652,5100
2019-11-15,15.630000114440918,15.75,15.539999961853027,15.6899995803833,13.434869766235352,7100
2019-11-18,15.699999809265137,15.770000457763672,15.5600004196167,15.5600004196167,13.323554039001465,5900
2019-11-19,15.729999542236328,15.75,15.539999961853027,15.75,13.486245155334473,9200
2019-11-20,15.40999984741211,15.75,15.40999984741211,15.420000076293945,13.203675270080566,15300
2019-11-21,15.609999656677246,16.040000915527344,15.449999809265137,15.84000015258789,13.563307762145996,14600
2019-11-22,15.75,15.979999542236328,15.670000076293945,15.680000305175781,13.426307678222656,1600
2019-11-25,15.630000114440918,16.329999923706055,15.630000114440918,15.8100004196167,13.53762149810791,7500
2019-11-26,16.0,16.489999771118164,15.989999771118164,16.149999618530273,13.828753471374512,10500
2019-11-27,16.229999542236328,16.25,16.010000228881836,16.190000534057617,13.863000869750977,2400
2019-11-29,16.010000228881836,16.209999084472656,16.010000228881836,16.209999084472656,13.880126953125,1700
2019-12-02,15.880000114440918,16.25,15.880000114440918,15.930000305175781,13.640373229980469,3500
2019-12-03,16.049999237060547,16.229999542236328,15.770000457763672,16.020000457763672,13.717438697814941,4200
2019-12-04,16.100000381469727,16.139999389648438,16.049999237060547,16.049999237060547,13.743124961853027,2900
2019-12-05,15.989999771118164,16.200000762939453,15.670000076293945,15.75,13.486245155334473,8500
2019-12-06,15.5,16.020000457763672,15.40999984741211,15.859999656677246,13.580435752868652,16500
2019-12-09,15.40999984741211,16.079999923706055,15.40999984741211,15.869999885559082,13.588995933532715,6600
2019-12-10,15.510000228881836,16.25,15.510000228881836,16.239999771118164,13.905814170837402,10000
2019-12-11,16.100000381469727,16.25,16.100000381469727,16.25,13.914379119873047,3900
2019-12-12,16.239999771118164,16.25,16.09000015258789,16.219999313354492,13.888689041137695,9800
2019-12-13,16.200000762939453,16.25,15.930000305175781,16.149999618530273,13.828753471374512,2200
2019-12-16,16.030000686645508,16.5,16.030000686645508,16.3799991607666,14.025694847106934,8700
2019-12-17,16.030000686645508,16.489999771118164,16.030000686645508,16.290000915527344,13.948630332946777,5800
2019-12-18,16.309999465942383,16.5,16.0,16.059999465942383,13.751687049865723,11600
2019-12-19,16.049999237060547,16.219999313354492,15.880000114440918,16.18000030517578,13.854439735412598,3200
2019-12-20,16.15999984741211,16.399999618530273,16.100000381469727,16.100000381469727,13.78593921661377,17300
2019-12-23,16.389999389648438,16.40999984741211,16.139999389648438,16.209999084472656,13.880126953125,5300
2019-12-24,16.100000381469727,16.219999313354492,16.100000381469727,16.219999313354492,13.888689041137695,800
2019-12-26,16.25,16.399999618530273,16.049999237060547,16.399999618530273,14.042819023132324,10500
2019-12-27,16.3700008392334,16.450000762939453,16.34000015258789,16.450000762939453,14.085634231567383,10600
2019-12-30,16.450000762939453,16.450000762939453,16.059999465942383,16.25,13.914379119873047,6200
2019-12-31,16.170000076293945,16.5,15.170000076293945,16.5,14.128447532653809,4800
2020-01-02,16.489999771118164,16.489999771118164,15.520000457763672,15.789999961853027,13.520495414733887,19200
2020-01-03,15.649999618530273,15.850000381469727,15.649999618530273,15.65999984741211,13.4091796875,3900
2020-01-06,15.649999618530273,15.680000305175781,15.539999961853027,15.539999961853027,13.306429862976074,2800
2020-01-07,15.520000457763672,15.59000015258789,15.319999694824219,15.380000114440918,13.169425010681152,3600
2020-01-08,15.369999885559082,15.489999771118164,15.149999618530273,15.380000114440918,13.169425010681152,6100
2020-01-09,15.489999771118164,16.299999237060547,15.40999984741211,15.470000267028809,13.246490478515625,11300
2020-01-10,15.460000038146973,16.049999237060547,15.25,15.25,13.058109283447266,8300
2020-01-13,15.399999618530273,15.399999618530273,15.09000015258789,15.09000015258789,12.92110824584961,33000
2020-01-14,15.050000190734863,15.829999923706055,15.0,15.1899995803833,13.006733894348145,16500
2020-01-15,15.350000381469727,15.739999771118164,15.3100004196167,15.600000381469727,13.357805252075195,6700
2020-01-16,15.390000343322754,15.84000015258789,15.390000343322754,15.59000015258789,13.3492431640625,2400
2020-01-17,15.869999885559082,15.989999771118164,15.460000038146973,15.460000038146973,13.237927436828613,4200
2020-01-21,15.890000343322754,15.970000267028809,15.550000190734863,15.550000190734863,13.31499195098877,7000
2020-01-22,15.5,15.75,15.350000381469727,15.59000015258789,13.3492431640625,8500
2020-01-23,15.75,15.75,15.460000038146973,15.460000038146973,13.237927436828613,1500
2020-01-24,15.529999732971191,15.539999961853027,15.399999618530273,15.399999618530273,13.186552047729492,3400
2020-01-27,15.170000076293945,15.710000038146973,15.170000076293945,15.350000381469727,13.14373779296875,5500
2020-01-28,15.380000114440918,15.489999771118164,15.010000228881836,15.489999771118164,13.2636137008667,4400
2020-01-29,15.680000305175781,15.680000305175781,15.1899995803833,15.390000343322754,13.177988052368164,4300
2020-01-30,15.319999694824219,15.449999809265137,15.029999732971191,15.4399995803833,13.307267189025879,4800
2020-01-31,15.25,15.579999923706055,15.25,15.350000381469727,13.22969913482666,8000
2020-02-03,15.270000457763672,15.40999984741211,15.239999771118164,15.260000228881836,13.152132034301758,8300
2020-02-04,15.399999618530273,15.399999618530273,15.0,15.300000190734863,13.186606407165527,9400
2020-02-05,15.479999542236328,15.479999542236328,15.260000228881836,15.470000267028809,13.333126068115234,2700
2020-02-06,15.3100004196167,15.5,15.3100004196167,15.350000381469727,13.22969913482666,6700
2020-02-07,15.449999809265137,15.460000038146973,15.15999984741211,15.319999694824219,13.203845977783203,2500
2020-02-10,15.380000114440918,15.380000114440918,15.210000038146973,15.25,13.143513679504395,4000
2020-02-11,15.350000381469727,15.350000381469727,15.130000114440918,15.170000076293945,13.074564933776855,11000
2020-02-12,15.25,15.25,15.109999656677246,15.109999656677246,13.022851943969727,4900
2020-02-13,15.100000381469727,15.40999984741211,15.0,15.279999732971191,13.169371604919434,23400
2020-02-14,15.199999809265137,15.300000190734863,15.15999984741211,15.15999984741211,13.065945625305176,5400
2020-02-18,15.199999809265137,15.199999809265137,15.119999885559082,15.119999885559082,13.031471252441406,17500
2020-02-19,15.010000228881836,15.239999771118164,15.010000228881836,15.020000457763672,12.945282936096191,8600
2020-02-20,15.020000457763672,15.1899995803833,15.020000457763672,15.029999732971191,12.953902244567871,1900
2020-02-21,15.100000381469727,15.210000038146973,15.0,15.029999732971191,12.953902244567871,8400
2020-02-24,15.15999984741211,15.15999984741211,14.850000381469727,15.069999694824219,12.988375663757324,5000
2020-02-25,15.0600004196167,15.210000038146973,14.729999542236328,14.979999542236328,12.910806655883789,16300
2020-02-26,14.859999656677246,15.050000190734863,14.859999656677246,14.9399995803833,12.87633228302002,2800
2020-02-27,14.899999618530273,14.899999618530273,14.649999618530273,14.649999618530273,12.62639045715332,10000
2020-02-28,14.5,15.069999694824219,14.109999656677246,14.869999885559082,12.816001892089844,19900
2020-03-02,14.630000114440918,14.960000038146973,14.489999771118164,14.760000228881836,12.721198081970215,13100
2020-03-03,14.699999809265137,14.699999809265137,13.600000381469727,13.869999885559082,11.954133033752441,44200
2020-03-04,14.100000381469727,14.100000381469727,13.770000457763672,13.970000267028809,12.040321350097656,6400
2020-03-05,13.579999923706055,13.869999885559082,13.050000190734863,13.699999809265137,11.80761432647705,8200
2020-03-06,13.510000228881836,13.510000228881836,13.109999656677246,13.15999984741211,11.342205047607422,14300
2020-03-09,13.300000190734863,13.300000190734863,11.899999618530273,12.319999694824219,10.618234634399414,15800
2020-03-10,12.15999984741211,13.079999923706055,11.75,12.520000457763672,10.790608406066895,49200
2020-03-11,12.0,12.479999542236328,11.510000228881836,12.369999885559082,10.66132926940918,16800
2020-03-12,12.100000381469727,12.6899995803833,11.039999961853027,12.199999809265137,10.514810562133789,19400
2020-03-13,12.600000381469727,13.1899995803833,12.579999923706055,12.75,10.988839149475098,15100
2020-03-16,12.5,12.5,10.65999984741211,10.789999961853027,9.299574851989746,22700
2020-03-17,11.0,12.489999771118164,11.0,12.489999771118164,10.764752388000488,24700
2020-03-18,12.109999656677246,12.109999656677246,11.010000228881836,11.15999984741211,9.618464469909668,12900
2020-03-19,11.300000190734863,12.25,10.760000228881836,11.229999542236328,9.678794860839844,27800
2020-03-20,11.0600004196167,12.0,10.75,12.0,10.342438697814941,32700
2020-03-23,11.75,11.75,11.149999618530273,11.239999771118164,9.68741512298584,19000
2020-03-24,11.109999656677246,11.760000228881836,10.399999618530273,11.760000228881836,10.135589599609375,37500
2020-03-25,12.149999618530273,12.149999618530273,11.180000305175781,12.0,10.342438697814941,20700
2020-03-26,12.079999923706055,13.25,10.34000015258789,12.329999923706055,10.626853942871094,42500
2020-03-27,12.199999809265137,13.109999656677246,11.869999885559082,12.899999618530273,11.118119239807129,24000
2020-03-30,12.890000343322754,12.890000343322754,11.4399995803833,12.449999809265137,10.730277061462402,20900
2020-03-31,12.210000038146973,13.239999771118164,11.699999809265137,12.5,10.773371696472168,20800
2020-04-01,11.699999809265137,12.239999771118164,11.5,11.539999961853027,9.945980072021484,17400
2020-04-02,11.890000343322754,12.149999618530273,10.800000190734863,11.34000015258789,9.773602485656738,16300
2020-04-03,11.789999961853027,11.789999961853027,10.710000038146973,11.0,9.480566024780273,9500
2020-04-06,11.479999542236328,11.979999542236328,11.170000076293945,11.670000076293945,10.05802059173584,20700
2020-04-07,11.5,11.84000015258789,11.09000015258789,11.34000015258789,9.773602485656738,13700
2020-04-08,11.369999885559082,11.979999542236328,11.100000381469727,11.90999984741211,10.26486873626709,12100
2020-04-09,12.0,12.470000267028809,11.630000114440918,12.079999923706055,10.41138744354248,22200
2020-04-13,11.949999809265137,12.239999771118164,11.949999809265137,12.199999809265137,10.514810562133789,3700
2020-04-14,12.239999771118164,12.899999618530273,11.680000305175781,12.010000228881836,10.351055145263672,22200
2020-04-15,11.399999618530273,12.300000190734863,11.020000457763672,11.100000381469727,9.566753387451172,9000
2020-04-16,11.010000228881836,11.010000228881836,9.970000267028809,10.369999885559082,8.937590599060059,20100
2020-04-17,10.550000190734863,11.350000381469727,10.550000190734863,10.869999885559082,9.368522644042969,14500
2020-04-20,10.319999694824219,11.630000114440918,10.239999771118164,10.260000228881836,8.84278392791748,11000
2020-04-21,10.140000343322754,10.609999656677246,9.550000190734863,10.079999923706055,8.68764591217041,13900
2020-04-22,10.199999809265137,11.920000076293945,10.199999809265137,10.899999618530273,9.394379615783691,15800
2020-04-23,10.800000190734863,11.399999618530273,10.40999984741211,10.600000381469727,9.135819435119629,9200
2020-04-24,11.359999656677246,11.359999656677246,10.449999809265137,10.779999732971191,9.29095458984375,6200
2020-04-27,10.800000190734863,11.460000038146973,10.649999618530273,11.210000038146973,9.66156005859375,23300
2020-04-28,11.489999771118164,11.5,10.75,11.149999618530273,9.609848022460938,9900
2020-04-29,11.449999809265137,13.050000190734863,11.210000038146973,13.050000190734863,11.247397422790527,24100
2020-04-30,12.399999618530273,13.25,12.369999885559082,12.600000381469727,10.85955810546875,25600
2020-05-01,12.3100004196167,13.229999542236328,11.220000267028809,11.6899995803833,10.075258255004883,11100
2020-05-04,11.380000114440918,13.399999618530273,11.380000114440918,12.75,10.988839149475098,20800
2020-05-05,13.380000114440918,13.380000114440918,11.15999984741211,11.40999984741211,9.833932876586914,12400
2020-05-06,11.6899995803833,12.399999618530273,11.5,11.800000190734863,10.170061111450195,21800
2020-05-07,11.630000114440918,11.979999542236328,11.0600004196167,11.270000457763672,9.796292304992676,11700
2020-05-08,11.399999618530273,11.970000267028809,11.319999694824219,11.319999694824219,9.839752197265625,11200
2020-05-11,11.119999885559082,11.5,10.819999694824219,10.989999771118164,9.55290412902832,11000
2020-05-12,10.859999656677246,11.449999809265137,9.5600004196167,9.710000038146973,8.440282821655273,19400
2020-05-13,10.0,10.270000457763672,9.109999656677246,9.15999984741211,7.96220064163208,28000
2020-05-14,9.199999809265137,9.789999961853027,8.699999809265137,9.789999961853027,8.509820938110352,31700
2020-05-15,9.989999771118164,10.729999542236328,9.989999771118164,10.25,8.909669876098633,7600
2020-05-18,10.899999618530273,11.029999732971191,10.260000228881836,11.0,9.561593055725098,16300
2020-05-19,10.600000381469727,10.600000381469727,10.119999885559082,10.229999542236328,8.892284393310547,11200
2020-05-20,10.300000190734863,10.739999771118164,9.979999542236328,10.739999771118164,9.335596084594727,9200
2020-05-21,10.6899995803833,10.800000190734863,10.460000038146973,10.5600004196167,9.179131507873535,6200
2020-05-22,10.8100004196167,11.399999618530273,10.600000381469727,10.729999542236328,9.326904296875,16800
2020-05-26,11.029999732971191,13.020000457763672,11.029999732971191,11.779999732971191,10.239602088928223,17100
2020-05-27,12.350000381469727,12.680000305175781,11.75,12.510000228881836,10.874146461486816,15900
2020-05-28,12.850000381469727,13.34000015258789,12.430000305175781,12.800000190734863,11.126220703125,27400
2020-05-29,12.479999542236328,13.229999542236328,12.479999542236328,12.720000267028809,11.056683540344238,12400
2020-06-01,12.010000228881836,12.9399995803833,12.010000228881836,12.039999961853027,10.46560287475586,16100
2020-06-02,12.600000381469727,13.020000457763672,10.90999984741211,11.229999542236328,9.761520385742188,22400
2020-06-03,11.739999771118164,12.489999771118164,11.510000228881836,12.4399995803833,10.8132963180542,11100
2020-06-04,12.039999961853027,13.149999618530273,12.039999961853027,13.149999618530273,11.430456161499023,13300
2020-06-05,13.75,13.75,12.380000114440918,13.699999809265137,11.908535957336426,12400
2020-06-08,13.75,14.390000343322754,13.40999984741211,13.899999618530273,12.082382202148438,22200
2020-06-09,13.789999961853027,14.069999694824219,12.699999809265137,12.800000190734863,11.126220703125,15500
2020-06-10,12.699999809265137,13.270000457763672,12.5,12.960000038146973,11.265299797058105,11500
2020-06-11,12.3100004196167,12.989999771118164,11.369999885559082,11.510000228881836,10.004908561706543,22500
2020-06-12,12.100000381469727,12.329999923706055,11.149999618530273,11.850000381469727,10.30044937133789,11200
2020-06-15,11.449999809265137,12.630000114440918,11.449999809265137,12.630000114440918,10.978453636169434,11200
2020-06-16,12.90999984741211,13.359999656677246,12.149999618530273,12.460000038146973,10.830683708190918,5700
2020-06-17,12.75,12.75,11.609999656677246,11.930000305175781,10.369988441467285,17300
2020-06-18,12.529999732971191,12.529999732971191,11.170000076293945,11.760000228881836,10.222219467163086,25000
2020-06-19,11.819999694824219,11.930000305175781,11.239999771118164,11.850000381469727,10.30044937133789,44200
2020-06-22,11.600000381469727,12.489999771118164,11.300000190734863,12.289999961853027,10.682910919189453,34100
2020-06-23,12.5,12.84000015258789,12.289999961853027,12.619999885559082,10.969759941101074,59600
2020-06-24,12.270000457763672,12.609999656677246,11.770000457763672,11.84000015258789,10.291757583618164,11900
2020-06-25,12.579999923706055,12.829999923706055,12.25,12.4399995803833,10.8132963180542,8600
2020-06-26,12.229999542236328,12.880000114440918,11.020000457763672,11.130000114440918,9.674598693847656,38500
2020-06-29,11.609999656677246,12.119999885559082,11.260000228881836,12.09000015258789,10.509065628051758,20100
2020-06-30,12.0,12.0,11.770000457763672,11.770000457763672,10.230910301208496,4200
2020-07-01,11.920000076293945,12.09000015258789,11.609999656677246,12.010000228881836,10.439526557922363,9700
2020-07-02,12.119999885559082,12.149999618530273,11.770000457763672,11.770000457763672,10.230910301208496,6200
2020-07-06,11.710000038146973,11.710000038146973,11.34000015258789,11.34000015258789,9.857138633728027,5100
2020-07-07,11.180000305175781,11.300000190734863,10.6899995803833,10.760000228881836,9.35297966003418,7800
2020-07-08,10.9399995803833,10.9399995803833,10.699999809265137,10.699999809265137,9.300827026367188,6500
2020-07-09,10.600000381469727,10.75,9.789999961853027,9.989999771118164,8.68366813659668,61900
2020-07-10,10.34000015258789,11.140000343322754,9.84000015258789,10.970000267028809,9.535520553588867,15900
2020-07-13,11.380000114440918,12.0,10.0,10.399999618530273,9.040054321289062,19700
2020-07-14,10.520000457763672,10.800000190734863,10.199999809265137,10.640000343322754,9.248672485351562,11300
2020-07-15,10.640000343322754,11.279999732971191,10.640000343322754,10.90999984741211,9.483365058898926,14700
2020-07-16,10.699999809265137,10.880000114440918,10.399999618530273,10.680000305175781,9.283441543579102,16900
2020-07-17,10.550000190734863,11.199999809265137,10.279999732971191,10.300000190734863,8.953133583068848,12400
2020-07-20,10.430000305175781,11.199999809265137,10.210000038146973,10.470000267028809,9.10090160369873,9000
2020-07-21,10.699999809265137,11.050000190734863,10.399999618530273,10.789999961853027,9.379057884216309,10400
2020-07-22,10.449999809265137,10.600000381469727,10.449999809265137,10.600000381469727,9.213903427124023,3000
2020-07-23,10.5,10.770000457763672,10.210000038146973,10.369999885559082,9.0139799118042,5200
2020-07-24,10.5,11.09000015258789,10.34000015258789,10.399999618530273,9.040054321289062,10400
2020-07-27,10.399999618530273,10.699999809265137,10.109999656677246,10.5,9.126978874206543,11800
2020-07-28,10.779999732971191,11.0,10.75,10.850000381469727,9.431211471557617,5000
2020-07-29,11.289999961853027,11.5,10.779999732971191,11.239999771118164,9.77021312713623,31600
2020-07-30,11.300000190734863,11.300000190734863,10.710000038146973,10.710000038146973,9.30951976776123,4600
2020-07-31,10.789999961853027,12.0,10.630000114440918,10.670000076293945,9.274749755859375,12600
2020-08-03,10.729999542236328,10.850000381469727,10.539999961853027,10.850000381469727,9.431211471557617,4200
2020-08-04,10.550000190734863,10.880000114440918,10.350000381469727,10.529999732971191,9.153057098388672,2700
2020-08-05,10.800000190734863,11.0,10.619999885559082,11.0,9.561593055725098,4600
2020-08-06,10.600000381469727,10.739999771118164,10.510000228881836,10.699999809265137,9.386155128479004,2200
2020-08-07,11.020000457763672,11.029999732971191,10.40999984741211,10.510000228881836,9.21948528289795,4400
2020-08-10,11.239999771118164,11.239999771118164,10.880000114440918,10.880000114440918,9.544053077697754,8300
2020-08-11,11.229999542236328,11.640000343322754,10.979999542236328,11.069999694824219,9.710722923278809,8200
2020-08-12,11.600000381469727,11.65999984741211,11.40999984741211,11.65999984741211,10.228277206420898,1800
2020-08-13,11.75,11.75,10.899999618530273,11.220000267028809,9.842307090759277,13900
2020-08-14,11.25,11.489999771118164,11.239999771118164,11.420000076293945,10.017748832702637,2400
2020-08-17,11.279999732971191,11.420000076293945,11.229999542236328,11.229999542236328,9.851076126098633,2000
2020-08-18,11.109999656677246,11.119999885559082,11.100000381469727,11.100000381469727,9.737039566040039,2200
2020-08-19,11.109999656677246,11.289999961853027,11.100000381469727,11.100000381469727,9.737039566040039,5000
2020-08-20,11.329999923706055,11.329999923706055,11.0,11.319999694824219,9.93002700805664,3000
2020-08-21,11.229999542236328,11.430000305175781,11.050000190734863,11.199999809265137,9.824759483337402,10900
2020-08-24,11.119999885559082,11.579999923706055,11.0,11.1899995803833,9.81598949432373,2400
2020-08-25,10.829999923706055,11.109999656677246,10.829999923706055,10.920000076293945,9.579143524169922,1000
2020-08-26,10.75,10.75,10.75,10.75,9.430015563964844,2600
2020-08-27,11.119999885559082,11.6899995803833,11.0,11.0,9.64931869506836,10100
2020-08-28,11.300000190734863,11.350000381469727,11.0,11.350000381469727,9.956340789794922,3700
2020-08-31,11.109999656677246,11.109999656677246,10.979999542236328,11.0,9.64931869506836,9200
2020-09-01,11.279999732971191,11.279999732971191,10.75,11.170000076293945,9.798442840576172,5400
2020-09-02,11.130000114440918,11.170000076293945,10.880000114440918,11.0,9.64931869506836,6700
2020-09-03,10.75,11.100000381469727,10.550000190734863,10.619999885559082,9.315977096557617,16400
2020-09-04,10.6899995803833,10.829999923706055,10.550000190734863,10.699999809265137,9.386155128479004,15000
2020-09-08,10.550000190734863,10.729999542236328,10.470000267028809,10.529999732971191,9.237030029296875,29900
2020-09-09,10.510000228881836,10.680000305175781,10.510000228881836,10.539999961853027,9.24580192565918,9200
2020-09-10,10.630000114440918,10.65999984741211,10.40999984741211,10.600000381469727,9.298432350158691,3600
2020-09-11,10.630000114440918,10.630000114440918,10.449999809265137,10.449999809265137,9.166851997375488,3200
2020-09-14,10.399999618530273,10.800000190734863,10.399999618530273,10.800000190734863,9.473876953125,4700
2020-09-15,10.470000267028809,10.470000267028809,10.470000267028809,10.470000267028809,9.18439769744873,700
2020-09-16,10.479999542236328,10.569999694824219,10.4399995803833,10.4399995803833,9.158082008361816,4700
2020-09-17,10.3100004196167,10.4399995803833,10.300000190734863,10.4399995803833,9.158082008361816,2700
2020-09-18,10.680000305175781,10.75,10.40999984741211,10.75,9.430015563964844,21300
2020-09-21,10.75,10.75,10.199999809265137,10.199999809265137,8.947550773620605,10500
2020-09-22,10.390000343322754,10.390000343322754,9.569999694824219,9.65999984741211,8.473855018615723,17700
2020-09-23,10.0,10.029999732971191,9.520000457763672,9.5600004196167,8.386136054992676,19200
2020-09-24,9.75,9.880000114440918,9.75,9.880000114440918,8.66684341430664,3200
2020-09-25,9.9399995803833,10.09000015258789,9.619999885559082,9.890000343322754,8.675615310668945,5500
2020-09-28,10.100000381469727,10.640000343322754,10.100000381469727,10.430000305175781,9.149308204650879,13800
2020-09-29,10.6899995803833,10.890000343322754,10.359999656677246,10.800000190734863,9.473876953125,12100
2020-09-30,11.029999732971191,11.039999961853027,10.75,10.75,9.430015563964844,2300
2020-10-01,10.739999771118164,11.0,10.569999694824219,10.569999694824219,9.272115707397461,5200
2020-10-02,10.350000381469727,10.579999923706055,10.350000381469727,10.390000343322754,9.114219665527344,4100
2020-10-05,10.5,11.010000228881836,10.5,10.729999542236328,9.412469863891602,7600
2020-10-06,10.899999618530273,11.029999732971191,10.399999618530273,10.449999809265137,9.166851997375488,6400
2020-10-07,10.850000381469727,10.850000381469727,10.210000038146973,10.800000190734863,9.473876953125,13300
2020-10-08,10.9399995803833,11.399999618530273,10.569999694824219,11.0,9.64931869506836,28800
2020-10-09,11.100000381469727,11.399999618530273,11.100000381469727,11.399999618530273,10.000203132629395,22900
2020-10-12,11.449999809265137,12.5,11.449999809265137,12.239999771118164,10.737060546875,11000
2020-10-13,12.15999984741211,12.15999984741211,11.329999923706055,11.819999694824219,10.368631362915039,9000
2020-10-14,12.420000076293945,12.640000343322754,12.029999732971191,12.25,10.745831489562988,13200
2020-10-15,12.319999694824219,12.699999809265137,12.109999656677246,12.699999809265137,11.140576362609863,5200
2020-10-16,12.0600004196167,12.550000190734863,12.0600004196167,12.229999542236328,10.728285789489746,3800
2020-10-19,12.34000015258789,12.34000015258789,12.239999771118164,12.239999771118164,10.737060546875,1800
2020-10-20,12.25,12.380000114440918,12.25,12.380000114440918,10.859869956970215,1400
2020-10-21,12.460000038146973,12.460000038146973,12.199999809265137,12.329999923706055,10.816008567810059,2700
2020-10-22,12.15999984741211,12.5,11.880000114440918,12.399999618530273,10.877412796020508,13600
2020-10-23,12.479999542236328,12.859999656677246,12.479999542236328,12.75,11.184438705444336,10400
2020-10-26,12.850000381469727,12.859999656677246,12.579999923706055,12.579999923706055,11.035311698913574,4300
2020-10-27,12.890000343322754,12.890000343322754,12.289999961853027,12.289999961853027,10.780920028686523,4100
2020-10-28,11.979999542236328,12.289999961853027,11.289999961853027,12.210000038146973,10.71074390411377,16500
2020-10-29,12.079999923706055,13.210000038146973,12.079999923706055,12.800000190734863,11.321016311645508,16000
2020-10-30,12.800000190734863,12.800000190734863,12.529999732971191,12.529999732971191,11.08221435546875,3600
2020-11-02,12.670000076293945,12.899999618530273,12.670000076293945,12.84000015258789,11.356396675109863,3400
2020-11-03,12.859999656677246,12.899999618530273,12.40999984741211,12.899999618530273,11.409462928771973,11300
2020-11-04,12.5600004196167,12.859999656677246,12.449999809265137,12.619999885559082,11.16181468963623,3300
2020-11-05,12.510000228881836,13.029999732971191,12.510000228881836,12.850000381469727,11.365239143371582,2900
2020-11-06,12.449999809265137,12.90999984741211,12.40999984741211,12.40999984741211,10.976079940795898,5100
2020-11-09,12.979999542236328,13.260000228881836,12.819999694824219,12.819999694824219,11.338706970214844,12500
2020-11-10,13.149999618530273,13.319999694824219,13.010000228881836,13.170000076293945,11.648263931274414,13600
2020-11-11,13.300000190734863,13.449999809265137,12.789999961853027,13.270000457763672,11.736710548400879,9000
2020-11-12,13.180000305175781,13.5,12.970000267028809,13.010000228881836,11.506752967834473,13400
2020-11-13,13.390000343322754,13.489999771118164,12.890000343322754,13.0,11.497908592224121,18400
2020-11-16,13.199999809265137,13.430000305175781,12.970000267028809,13.3100004196167,11.772089004516602,23900
2020-11-17,13.010000228881836,13.350000381469727,12.729999542236328,12.729999542236328,11.25910472869873,7600
2020-11-18,13.029999732971191,13.029999732971191,12.970000267028809,12.970000267028809,11.471375465393066,4000
2020-11-19,13.1899995803833,13.3100004196167,13.1899995803833,13.3100004196167,11.772089004516602,2100
2020-11-20,12.880000114440918,13.149999618530273,12.880000114440918,13.149999618530273,11.630577087402344,4600
2020-11-23,13.5,13.5,13.119999885559082,13.380000114440918,11.834000587463379,4200
2020-11-24,13.489999771118164,14.0,13.279999732971191,14.0,12.382363319396973,23100
2020-11-25,13.510000228881836,14.270000457763672,13.5,13.600000381469727,12.028580665588379,18200
2020-11-27,14.270000457763672,14.270000457763672,13.75,14.0600004196167,12.435428619384766,5800
2020-11-30,13.8100004196167,14.260000228881836,13.8100004196167,14.260000228881836,12.612320899963379,5300
2020-12-01,14.1899995803833,14.920000076293945,14.140000343322754,14.40999984741211,12.744990348815918,8600
2020-12-02,14.210000038146973,14.5,13.970000267028809,13.970000267028809,12.355826377868652,6600
2020-12-03,13.739999771118164,13.979999542236328,13.710000038146973,13.829999923706055,12.232006072998047,2300
2020-12-04,14.15999984741211,14.3100004196167,14.109999656677246,14.3100004196167,12.65654468536377,2800
2020-12-07,14.100000381469727,14.5,13.949999809265137,13.949999809265137,12.338139533996582,10600
2020-12-08,14.5,14.859999656677246,14.5,14.859999656677246,13.142993927001953,3800
2020-12-09,14.680000305175781,14.869999885559082,14.149999618530273,14.149999618530273,12.515032768249512,24200
2020-12-10,15.0,15.0,14.399999618530273,14.510000228881836,12.833436012268066,3700
2020-12-11,14.670000076293945,15.0,14.5,14.6899995803833,12.992635726928711,10400
2020-12-14,14.5,14.75,14.199999809265137,14.199999809265137,12.55925464630127,9500
2020-12-15,14.430000305175781,14.640000343322754,14.270000457763672,14.270000457763672,12.62116527557373,7700
2020-12-16,14.479999542236328,14.479999542236328,14.140000343322754,14.140000343322754,12.506186485290527,5100
2020-12-17,14.010000228881836,14.4399995803833,14.010000228881836,14.100000381469727,12.470807075500488,5100
2020-12-18,14.350000381469727,14.729999542236328,14.119999885559082,14.119999885559082,12.488495826721191,96100
2020-12-21,13.90999984741211,14.300000190734863,13.90999984741211,14.079999923706055,12.453118324279785,4300
2020-12-22,14.279999732971191,14.279999732971191,14.279999732971191,14.279999732971191,12.630011558532715,1400
2020-12-23,14.449999809265137,14.449999809265137,14.449999809265137,14.449999809265137,12.780365943908691,4700
2020-12-24,14.3100004196167,14.350000381469727,14.130000114440918,14.130000114440918,12.497343063354492,2600
2020-12-28,13.930000305175781,14.350000381469727,13.930000305175781,14.050000190734863,12.426584243774414,5700
2020-12-29,14.350000381469727,14.350000381469727,13.979999542236328,14.140000343322754,12.506186485290527,5400
2020-12-30,14.350000381469727,14.739999771118164,14.319999694824219,14.569999694824219,12.886500358581543,7300
2020-12-31,14.6899995803833,15.0,14.649999618530273,14.649999618530273,12.957256317138672,17200
2021-01-04,14.619999885559082,14.779999732971191,14.199999809265137,14.199999809265137,12.55925464630127,10500
2021-01-05,14.09000015258789,14.430000305175781,13.859999656677246,13.859999656677246,12.258538246154785,13400
2021-01-06,14.210000038146973,15.6899995803833,14.210000038146973,14.859999656677246,13.142993927001953,25700
2021-01-07,14.9399995803833,15.569999694824219,14.210000038146973,14.729999542236328,13.028013229370117,8800
2021-01-08,15.3100004196167,15.3100004196167,14.199999809265137,14.59000015258789,12.904191017150879,10300
2021-01-11,14.329999923706055,14.9399995803833,14.329999923706055,14.600000381469727,12.913037300109863,6000
2021-01-12,14.600000381469727,15.029999732971191,14.300000190734863,14.90999984741211,13.187215805053711,9400
2021-01-13,15.0,15.0,14.59000015258789,14.800000190734863,13.089927673339844,10100
2021-01-14,14.649999618530273,15.489999771118164,14.569999694824219,14.710000038146973,13.010326385498047,6300
2021-01-15,14.510000228881836,14.899999618530273,14.510000228881836,14.550000190734863,12.868813514709473,7400
2021-01-19,14.640000343322754,15.390000343322754,14.380000114440918,14.539999961853027,12.859967231750488,12000
2021-01-20,14.449999809265137,15.0,14.079999923706055,14.260000228881836,12.612320899963379,16800
2021-01-21,14.199999809265137,14.25,13.720000267028809,13.960000038146973,12.34698486328125,9800
2021-01-22,13.850000381469727,14.350000381469727,13.8100004196167,14.350000381469727,12.69192123413086,11400
2021-01-25,14.079999923706055,14.270000457763672,13.800000190734863,14.020000457763672,12.40005111694336,10600
2021-01-26,14.079999923706055,14.1899995803833,13.75,13.989999771118164,12.373517036437988,12100
2021-01-27,13.75,14.279999732971191,13.75,13.989999771118164,12.373517036437988,22200
2021-01-28,14.0,14.010000228881836,13.75,13.859999656677246,12.349459648132324,13800
2021-01-29,13.75,13.890000343322754,13.75,13.850000381469727,12.340550422668457,11600
2021-02-01,13.989999771118164,13.989999771118164,13.75,13.84000015258789,12.331643104553223,11200
2021-02-02,13.829999923706055,14.09000015258789,13.770000457763672,13.989999771118164,12.465291976928711,12700
2021-02-03,13.9399995803833,13.960000038146973,13.75,13.800000190734863,12.296000480651855,13000
2021-02-04,13.770000457763672,13.890000343322754,13.699999809265137,13.859999656677246,12.349459648132324,4800
2021-02-05,13.850000381469727,14.289999961853027,13.850000381469727,14.170000076293945,12.625675201416016,11000
2021-02-08,14.300000190734863,14.369999885559082,13.989999771118164,14.25,12.6969575881958,7800
2021-02-09,14.15999984741211,14.729999542236328,13.970000267028809,14.649999618530273,13.053361892700195,10100
2021-02-10,14.609999656677246,14.680000305175781,14.010000228881836,14.0600004196167,12.527663230895996,12700
2021-02-11,14.050000190734863,14.75,13.819999694824219,14.039999961853027,12.509843826293945,17200
2021-02-12,14.069999694824219,14.75,13.960000038146973,14.380000114440918,12.812788963317871,17000
2021-02-16,14.75,14.75,14.220000267028809,14.300000190734863,12.741506576538086,7000
2021-02-17,14.210000038146973,14.720000267028809,14.199999809265137,14.390000343322754,12.821698188781738,11400
2021-02-18,14.40999984741211,14.40999984741211,13.920000076293945,13.920000076293945,12.40291976928711,7000
2021-02-19,13.960000038146973,14.59000015258789,13.960000038146973,14.539999961853027,12.955350875854492,14700
2021-02-22,14.300000190734863,14.65999984741211,14.300000190734863,14.380000114440918,12.812788963317871,7900
2021-02-23,14.399999618530273,14.399999618530273,13.800000190734863,13.930000305175781,12.41183090209961,17800
2021-02-24,14.0,14.710000038146973,13.949999809265137,14.680000305175781,13.080092430114746,9300
2021-02-25,14.319999694824219,14.75,14.119999885559082,14.399999618530273,12.830609321594238,12900
2021-02-26,14.40999984741211,14.6899995803833,14.300000190734863,14.350000381469727,12.786059379577637,9300
2021-03-01,14.699999809265137,14.75,14.279999732971191,14.479999542236328,12.90188980102539,10900
2021-03-02,14.40999984741211,14.420000076293945,13.779999732971191,13.8100004196167,12.304911613464355,24000
2021-03-03,13.9399995803833,14.40999984741211,13.859999656677246,14.359999656677246,12.794968605041504,21400
2021-03-04,14.65999984741211,14.989999771118164,14.369999885559082,14.720000267028809,13.11573314666748,23200
2021-03-05,14.760000228881836,15.0,14.760000228881836,14.989999771118164,13.356308937072754,20300
2021-03-08,15.0,15.25,14.859999656677246,15.0,13.365218162536621,47200
2021-03-09,15.010000228881836,15.020000457763672,14.569999694824219,15.010000228881836,13.374128341674805,20800
2021-03-10,15.0,15.100000381469727,14.930000305175781,15.0,13.365218162536621,38000
2021-03-11,14.90999984741211,15.09000015258789,14.680000305175781,15.020000457763672,13.383038520812988,29700
2021-03-12,15.050000190734863,15.25,14.960000038146973,15.25,13.587969779968262,29600
2021-03-15,15.0600004196167,15.239999771118164,15.020000457763672,15.239999771118164,13.579059600830078,15700
2021-03-16,15.0,15.239999771118164,15.0,15.170000076293945,13.516691207885742,7900
2021-03-17,15.119999885559082,15.1899995803833,15.050000190734863,15.079999923706055,13.43649959564209,6800
2021-03-18,15.149999618530273,16.489999771118164,15.149999618530273,16.059999465942383,14.3096923828125,69600
2021-03-19,15.970000267028809,16.43000030517578,15.09000015258789,16.3799991607666,14.594817161560059,114600
2021-03-22,16.200000762939453,16.25,15.460000038146973,15.600000381469727,13.899826049804688,28400
2021-03-23,15.569999694824219,15.619999885559082,15.109999656677246,15.510000228881836,13.819634437561035,18500
2021-03-24,15.9399995803833,15.9399995803833,15.260000228881836,15.329999923706055,13.65925121307373,10600
2021-03-25,15.229999542236328,15.539999961853027,15.229999542236328,15.460000038146973,13.77508544921875,14000
2021-03-26,15.399999618530273,15.399999618530273,15.25,15.34000015258789,13.668163299560547,7400
2021-03-29,15.25,15.869999885559082,15.229999542236328,15.390000343322754,13.712712287902832,15000
2021-03-30,15.520000457763672,15.869999885559082,15.4399995803833,15.6899995803833,13.980016708374023,16700
2021-03-31,15.84000015258789,15.84000015258789,15.270000457763672,15.600000381469727,13.899826049804688,12900
2021-04-01,15.829999923706055,15.989999771118164,15.479999542236328,15.789999961853027,14.06911849975586,9100
2021-04-05,15.90999984741211,15.90999984741211,15.069999694824219,15.539999961853027,13.846366882324219,15100
2021-04-06,15.5,15.640000343322754,15.270000457763672,15.350000381469727,13.677072525024414,7800
2021-04-07,15.520000457763672,15.520000457763672,15.100000381469727,15.239999771118164,13.579059600830078,8900
2021-04-08,15.5,15.5,15.010000228881836,15.289999961853027,13.623610496520996,13400
2021-04-09,14.9399995803833,15.380000114440918,14.9399995803833,15.329999923706055,13.65925121307373,10500
2021-04-12,15.34000015258789,15.640000343322754,15.050000190734863,15.149999618530273,13.498868942260742,17700
2021-04-13,15.130000114440918,15.600000381469727,15.0600004196167,15.199999809265137,13.543420791625977,11600
2021-04-14,15.109999656677246,15.369999885559082,14.9399995803833,15.09000015258789,13.445408821105957,13600
2021-04-15,15.15999984741211,15.210000038146973,15.0,15.010000228881836,13.374128341674805,11800
2021-04-16,15.149999618530273,15.4399995803833,14.699999809265137,15.09000015258789,13.445408821105957,13700
2021-04-19,15.180000305175781,15.180000305175781,14.789999961853027,15.020000457763672,13.383038520812988,14400
2021-04-20,15.039999961853027,15.130000114440918,14.75,14.899999618530273,13.276116371154785,22600
2021-04-21,14.899999618530273,15.15999984741211,14.8100004196167,15.0,13.365218162536621,10100
2021-04-22,14.989999771118164,15.359999656677246,14.75,14.989999771118164,13.356308937072754,27300
2021-04-23,15.229999542236328,15.229999542236328,14.5,14.850000381469727,13.23156452178955,37500
2021-04-26,14.970000267028809,15.420000076293945,14.970000267028809,15.039999961853027,13.400856971740723,25700
2021-04-27,15.239999771118164,15.430000305175781,14.90999984741211,15.270000457763672,13.605792999267578,91900
2021-04-28,15.229999542236328,15.449999809265137,15.130000114440918,15.350000381469727,13.677072525024414,51200
2021-04-29,15.710000038146973,15.75,15.300000190734863,15.609999656677246,13.908737182617188,33700
2021-04-30,15.520000457763672,15.739999771118164,15.520000457763672,15.59000015258789,13.983182907104492,23600
2021-05-03,15.720000267028809,16.8799991607666,15.680000305175781,16.34000015258789,14.655881881713867,66400
2021-05-04,16.200000762939453,16.649999618530273,15.970000267028809,16.200000762939453,14.530311584472656,47100
2021-05-05,16.190000534057617,16.239999771118164,16.030000686645508,16.209999084472656,14.53927993774414,40100
2021-05-06,16.40999984741211,16.40999984741211,16.0,16.209999084472656,14.53927993774414,26800
2021-05-07,16.1200008392334,16.350000381469727,16.049999237060547,16.290000915527344,14.61103630065918,27100
2021-05-10,16.3700008392334,16.84000015258789,16.31999969482422,16.479999542236328,14.781452178955078,43900
2021-05-11,16.329999923706055,16.809999465942383,16.329999923706055,16.40999984741211,14.718667030334473,7000
2021-05-12,16.3700008392334,16.649999618530273,16.34000015258789,16.5,14.799391746520996,35900
2021-05-13,16.639999389648438,16.940000534057617,16.40999984741211,16.549999237060547,14.844237327575684,36200
2021-05-14,17.049999237060547,17.049999237060547,16.299999237060547,16.739999771118164,15.014655113220215,26200
2021-05-17,16.700000762939453,17.520000457763672,16.700000762939453,17.459999084472656,15.660445213317871,42200
2021-05-18,17.459999084472656,17.59000015258789,17.1200008392334,17.280000686645508,15.49899959564209,15800
2021-05-19,17.149999618530273,17.290000915527344,17.0,17.170000076293945,15.400338172912598,23500
2021-05-20,17.100000381469727,17.399999618530273,16.799999237060547,17.389999389648438,15.597660064697266,28100
2021-05-21,17.489999771118164,18.350000381469727,17.209999084472656,17.979999542236328,16.126850128173828,42000
2021-05-24,18.139999389648438,19.59000015258789,18.049999237060547,18.690000534057617,16.763673782348633,55700
2021-05-25,18.600000381469727,19.239999771118164,17.649999618530273,18.299999237060547,16.413869857788086,52500
2021-05-26,18.40999984741211,18.639999389648438,18.010000228881836,18.270000457763672,16.386962890625,21900
2021-05-27,18.440000534057617,18.979999542236328,18.360000610351562,18.579999923706055,16.66501235961914,18400
2021-05-28,18.729999542236328,18.829999923706055,18.040000915527344,18.360000610351562,16.46768569946289,19300
2021-06-01,18.260000228881836,18.59000015258789,18.030000686645508,18.40999984741211,16.51253318786621,31300
2021-06-02,18.59000015258789,18.600000381469727,18.059999465942383,18.479999542236328,16.575315475463867,10000
2021-06-03,18.56999969482422,18.600000381469727,18.15999984741211,18.280000686645508,16.395933151245117,24600
2021-06-04,18.309999465942383,18.34000015258789,18.040000915527344,18.229999542236328,16.351085662841797,19500
2021-06-07,18.1200008392334,18.399999618530273,18.049999237060547,18.139999389648438,16.270357131958008,34200
2021-06-08,18.25,18.299999237060547,18.049999237060547,18.110000610351562,16.243452072143555,16300
2021-06-09,18.0,18.15999984741211,17.75,18.049999237060547,16.18963623046875,21000
2021-06-10,18.06999969482422,18.56999969482422,17.75,17.889999389648438,16.04612922668457,28000
2021-06-11,17.8700008392334,18.59000015258789,17.75,17.850000381469727,16.010250091552734,18700
2021-06-14,17.68000030517578,18.260000228881836,17.5,17.760000228881836,15.929524421691895,28800
2021-06-15,17.760000228881836,17.93000030517578,17.299999237060547,17.8799991607666,16.037158966064453,25400
2021-06-16,17.799999237060547,18.219999313354492,17.6299991607666,17.889999389648438,16.04612922668457,42800
2021-06-17,17.770000457763672,17.950000762939453,17.479999542236328,17.760000228881836,15.929524421691895,46200
2021-06-18,17.510000228881836,18.100000381469727,16.989999771118164,17.6299991607666,15.812922477722168,182900
2021-06-21,17.670000076293945,17.829999923706055,17.309999465942383,17.690000534057617,15.866742134094238,89900
2021-06-22,17.420000076293945,17.889999389648438,17.420000076293945,17.729999542236328,15.902617454528809,38600
2021-06-23,17.600000381469727,17.8700008392334,17.43000030517578,17.760000228881836,15.929524421691895,40700
2021-06-24,17.440000534057617,18.09000015258789,17.440000534057617,17.84000015258789,16.001277923583984,55300
2021-06-25,17.780000686645508,17.920000076293945,17.600000381469727,17.649999618530273,15.830864906311035,984000
2021-06-28,17.739999771118164,18.170000076293945,17.700000762939453,17.799999237060547,15.965404510498047,28400
2021-06-29,17.889999389648438,18.0,17.719999313354492,17.809999465942383,15.974374771118164,21400
2021-06-30,18.079999923706055,18.079999923706055,17.690000534057617,17.860000610351562,16.01922035217285,38000
2021-07-01,17.950000762939453,18.15999984741211,17.81999969482422,17.93000030517578,16.08200454711914,18100
2021-07-02,17.8700008392334,18.15999984741211,17.84000015258789,17.950000762939453,16.099943161010742,14400
2021-07-06,17.979999542236328,18.389999389648438,17.719999313354492,17.959999084472656,16.10891342163086,29500
2021-07-07,18.079999923706055,18.139999389648438,17.770000457763672,18.0,16.144786834716797,28700
2021-07-08,17.940000534057617,18.020000457763672,17.780000686645508,17.899999618530273,16.055097579956055,18900
2021-07-09,18.25,18.299999237060547,17.950000762939453,18.1299991607666,16.261388778686523,15200
2021-07-12,18.190000534057617,18.229999542236328,18.010000228881836,18.049999237060547,16.18963623046875,11600
2021-07-13,18.149999618530273,18.329999923706055,17.989999771118164,18.030000686645508,16.17169761657715,18600
2021-07-14,18.040000915527344,18.229999542236328,17.90999984741211,18.1299991607666,16.261388778686523,14200
2021-07-15,18.200000762939453,18.459999084472656,17.90999984741211,18.290000915527344,16.404903411865234,29600
2021-07-16,18.290000915527344,18.350000381469727,18.06999969482422,18.15999984741211,16.288301467895508,14600
2021-07-19,17.81999969482422,18.190000534057617,17.649999618530273,17.700000762939453,15.875711441040039,30700
2021-07-20,17.75,18.1200008392334,17.520000457763672,17.729999542236328,15.902617454528809,36000
2021-07-21,17.729999542236328,17.93000030517578,17.600000381469727,17.709999084472656,15.884679794311523,12200
2021-07-22,17.579999923706055,17.829999923706055,17.579999923706055,17.780000686645508,15.947463989257812,7100
2021-07-23,17.829999923706055,18.170000076293945,17.799999237060547,17.959999084472656,16.10891342163086,8800
2021-07-26,18.0,18.299999237060547,17.81999969482422,17.950000762939453,16.099943161010742,8900
2021-07-27,17.8799991607666,18.149999618530273,17.520000457763672,17.829999923706055,15.992310523986816,27300
2021-07-28,17.770000457763672,17.940000534057617,17.709999084472656,17.770000457763672,15.938495635986328,9900
2021-07-29,17.690000534057617,18.06999969482422,17.690000534057617,17.950000762939453,16.099943161010742,15500
2021-07-30,17.959999084472656,18.190000534057617,17.719999313354492,17.899999618530273,16.055097579956055,6000
2021-08-02,17.8799991607666,18.299999237060547,17.84000015258789,18.0,16.23822593688965,8700
2021-08-03,17.940000534057617,18.149999618530273,17.719999313354492,17.959999084472656,16.20214080810547,18200
2021-08-04,18.049999237060547,18.200000762939453,17.959999084472656,17.979999542236328,16.220184326171875,13400
2021-08-05,17.979999542236328,17.979999542236328,17.700000762939453,17.90999984741211,16.157033920288086,19000
2021-08-06,17.790000915527344,17.950000762939453,17.510000228881836,17.790000915527344,16.048786163330078,40800
2021-08-09,17.760000228881836,17.770000457763672,17.030000686645508,17.40999984741211,15.705974578857422,1380500
2021-08-10,17.559999465942383,18.200000762939453,17.559999465942383,18.100000381469727,16.328441619873047,61900
2021-08-11,18.049999237060547,18.229999542236328,18.0,18.15999984741211,16.382568359375,32500
2021-08-12,18.219999313354492,18.229999542236328,17.8799991607666,18.09000015258789,16.319419860839844,45000
2021-08-13,18.100000381469727,18.100000381469727,17.540000915527344,18.049999237060547,16.28333282470703,19000
2021-08-16,18.040000915527344,18.15999984741211,17.969999313354492,18.030000686645508,16.265291213989258,10500
2021-08-17,18.030000686645508,18.1200008392334,17.81999969482422,18.0,16.23822593688965,54800
2021-08-18,18.049999237060547,18.049999237060547,17.729999542236328,17.959999084472656,16.20214080810547,21500
2021-08-19,17.739999771118164,17.950000762939453,17.65999984741211,17.809999465942383,16.06682586669922,27400
2021-08-20,17.809999465942383,17.969999313354492,17.809999465942383,17.969999313354492,16.21116065979004,18100
2021-08-23,18.059999465942383,18.059999465942383,17.809999465942383,17.979999542236328,16.220184326171875,12400
2021-08-24,17.790000915527344,18.1200008392334,17.790000915527344,18.010000228881836,16.24724769592285,13200
2021-08-25,18.0,18.09000015258789,17.799999237060547,18.049999237060547,16.28333282470703,17300
2021-08-26,18.020000457763672,18.079999923706055,17.979999542236328,18.059999465942383,16.2923526763916,13900
2021-08-27,18.0,18.190000534057617,17.979999542236328,18.06999969482422,16.301374435424805,14300
2021-08-30,18.229999542236328,18.229999542236328,18.079999923706055,18.190000534057617,16.409629821777344,25100
2021-08-31,18.190000534057617,18.59000015258789,18.139999389648438,18.59000015258789,16.770479202270508,88500
2021-09-01,18.489999771118164,18.59000015258789,18.280000686645508,18.3799991607666,16.581035614013672,10900
2021-09-02,18.399999618530273,18.579999923706055,18.280000686645508,18.3799991607666,16.581035614013672,13000
2021-09-03,18.360000610351562,18.59000015258789,18.170000076293945,18.350000381469727,16.55396842956543,14800
2021-09-07,18.350000381469727,18.459999084472656,18.09000015258789,18.219999313354492,16.436697006225586,23000
2021-09-08,18.1299991607666,18.170000076293945,17.84000015258789,17.959999084472656,16.20214080810547,20700
2021-09-09,18.0,18.0,17.780000686645508,17.850000381469727,16.102909088134766,30100
2021-09-10,17.979999542236328,17.979999542236328,17.780000686645508,17.850000381469727,16.102909088134766,17100
2021-09-13,17.989999771118164,18.200000762939453,17.81999969482422,17.90999984741211,16.157033920288086,34600
2021-09-14,17.940000534057617,17.940000534057617,17.600000381469727,17.709999084472656,15.976612091064453,30800
2021-09-15,17.600000381469727,17.809999465942383,17.540000915527344,17.68000030517578,15.949553489685059,44300
2021-09-16,17.600000381469727,17.790000915527344,17.600000381469727,17.760000228881836,16.021717071533203,58700
2021-09-17,17.850000381469727,17.989999771118164,16.799999237060547,16.809999465942383,15.16469955444336,154700
2021-09-20,16.899999618530273,17.440000534057617,16.850000381469727,17.31999969482422,15.62478256225586,41900
2021-09-21,17.399999618530273,17.829999923706055,17.15999984741211,17.65999984741211,15.931506156921387,53100
2021-09-22,17.6299991607666,17.760000228881836,17.280000686645508,17.34000015258789,15.642826080322266,29400
2021-09-23,17.440000534057617,17.739999771118164,17.420000076293945,17.65999984741211,15.931506156921387,9800
2021-09-24,17.729999542236328,17.940000534057617,17.729999542236328,17.940000534057617,16.184097290039062,13700
2021-09-27,17.940000534057617,18.479999542236328,17.940000534057617,18.3700008392334,16.5720157623291,53900
2021-09-28,18.43000030517578,18.5,18.270000457763672,18.459999084472656,16.653202056884766,15200
2021-09-29,18.280000686645508,18.549999237060547,18.280000686645508,18.479999542236328,16.671247482299805,22000
2021-09-30,18.399999618530273,18.739999771118164,18.329999923706055,18.6200008392334,16.79754638671875,30700
2021-10-01,18.780000686645508,19.59000015258789,18.530000686645508,19.25,17.36587905883789,27100
2021-10-04,19.190000534057617,19.190000534057617,19.049999237060547,19.110000610351562,17.239585876464844,18300
2021-10-05,19.139999389648438,19.350000381469727,19.1299991607666,19.239999771118164,17.35685920715332,21500
2021-10-06,19.020000457763672,19.15999984741211,18.639999389648438,19.049999237060547,17.18545913696289,6000
2021-10-07,19.06999969482422,19.239999771118164,18.860000610351562,18.979999542236328,17.122310638427734,4400
2021-10-08,18.950000762939453,19.239999771118164,18.809999465942383,19.149999618530273,17.275671005249023,7200
2021-10-11,19.149999618530273,19.420000076293945,18.799999237060547,18.959999084472656,17.104265213012695,4700
2021-10-12,18.90999984741211,18.940000534057617,18.6299991607666,18.850000381469727,17.005035400390625,4800
2021-10-13,18.709999084472656,18.969999313354492,18.530000686645508,18.760000228881836,16.92384147644043,19800
2021-10-14,18.739999771118164,18.790000915527344,18.520000457763672,18.670000076293945,16.8426513671875,10400
2021-10-15,18.940000534057617,19.25,18.600000381469727,18.709999084472656,16.878732681274414,8400
2021-10-18,18.649999618530273,18.790000915527344,18.09000015258789,18.299999237060547,16.508867263793945,17900
2021-10-19,18.1200008392334,18.549999237060547,18.100000381469727,18.5,16.68929100036621,2500
2021-10-20,18.350000381469727,18.719999313354492,18.219999313354492,18.5,16.68929100036621,12500
2021-10-21,18.329999923706055,18.43000030517578,18.229999542236328,18.329999923706055,16.53592872619629,7400
2021-10-22,18.350000381469727,19.0,18.350000381469727,18.700000762939453,16.869714736938477,15500
2021-10-25,18.65999984741211,18.959999084472656,18.530000686645508,18.860000610351562,17.014053344726562,7900
2021-10-26,18.799999237060547,19.1200008392334,18.75,18.84000015258789,16.99601173400879,16700
2021-10-27,18.75,18.940000534057617,18.649999618530273,18.649999618530273,16.824607849121094,13200
2021-10-28,18.700000762939453,18.889999389648438,18.530000686645508,18.889999389648438,17.041114807128906,16300
2021-10-29,18.75,18.979999542236328,18.579999923706055,18.799999237060547,16.95992660522461,7800
2021-11-01,18.799999237060547,19.280000686645508,18.700000762939453,19.280000686645508,17.392946243286133,16200
2021-11-02,19.15999984741211,19.270000457763672,19.010000228881836,19.229999542236328,17.44101333618164,4700
2021-11-03,19.200000762939453,19.209999084472656,18.799999237060547,19.139999389648438,17.35938835144043,9000
2021-11-04,19.139999389648438,19.139999389648438,18.760000228881836,18.81999969482422,17.069154739379883,2600
2021-11-05,18.81999969482422,18.81999969482422,18.81999969482422,18.81999969482422,17.069154739379883,800
2021-11-08,19.139999389648438,19.139999389648438,18.729999542236328,18.920000076293945,17.15985679626465,8200
2021-11-09,18.75,19.149999618530273,18.75,18.950000762939453,17.187063217163086,5300
2021-11-10,19.1299991607666,19.1299991607666,18.850000381469727,18.850000381469727,17.09636878967285,1300
2021-11-11,18.90999984741211,18.90999984741211,18.90999984741211,18.90999984741211,17.150785446166992,2200
2021-11-12,18.75,18.760000228881836,18.510000228881836,18.510000228881836,16.788000106811523,5600
2021-11-15,18.68000030517578,18.940000534057617,18.0,18.290000915527344,16.58846664428711,15900
2021-11-16,18.549999237060547,18.84000015258789,18.049999237060547,18.229999542236328,16.534046173095703,11900
2021-11-17,18.34000015258789,18.579999923706055,18.149999618530273,18.3799991607666,16.670093536376953,8900
2021-11-18,18.440000534057617,18.540000915527344,18.440000534057617,18.540000915527344,16.815204620361328,2000
2021-11-19,18.6200008392334,18.989999771118164,18.25,18.530000686645508,16.806137084960938,14200
2021-11-22,18.59000015258789,18.59000015258789,18.25,18.43000030517578,16.715444564819336,9900
2021-11-23,18.59000015258789,18.59000015258789,18.25,18.25,16.552188873291016,3500
2021-11-24,18.239999771118164,18.440000534057617,18.149999618530273,18.309999465942383,16.606605529785156,4400
2021-11-26,18.0,18.34000015258789,17.920000076293945,18.25,16.552188873291016,1600
2021-11-29,18.1299991607666,18.1299991607666,17.75,17.850000381469727,16.18939781188965,11800
2021-11-30,18.0,18.399999618530273,17.8799991607666,18.399999618530273,16.688230514526367,2100
2021-12-01,18.209999084472656,18.399999618530273,17.0,17.1299991607666,15.53637981414795,29500
2021-12-02,17.520000457763672,17.8799991607666,17.420000076293945,17.65999984741211,16.017072677612305,8600
2021-12-03,17.440000534057617,18.110000610351562,17.440000534057617,17.780000686645508,16.12590980529785,2200
2021-12-06,17.989999771118164,18.09000015258789,17.290000915527344,17.600000381469727,15.96265697479248,42300
2021-12-07,17.56999969482422,17.889999389648438,17.56999969482422,17.729999542236328,16.080562591552734,3200
2021-12-08,18.010000228881836,18.010000228881836,17.799999237060547,17.799999237060547,16.14405059814453,1200
2021-12-09,17.59000015258789,17.899999618530273,17.56999969482422,17.6200008392334,15.980796813964844,4500
2021-12-10,17.84000015258789,18.389999389648438,17.530000686645508,17.920000076293945,16.252885818481445,38000
2021-12-13,17.760000228881836,17.989999771118164,17.649999618530273,17.649999618530273,16.00800323486328,7100
2021-12-14,17.68000030517578,18.09000015258789,17.0,17.049999237060547,15.463823318481445,39900
2021-12-15,17.15999984741211,17.239999771118164,16.3700008392334,16.3700008392334,14.847084045410156,23400
2021-12-16,16.600000381469727,16.950000762939453,16.450000762939453,16.950000762939453,15.373126029968262,16800
2021-12-17,16.799999237060547,17.09000015258789,16.420000076293945,16.8700008392334,15.300568580627441,16000
2021-12-20,17.3799991607666,17.450000762939453,16.510000228881836,16.610000610351562,15.0647554397583,7000
2021-12-21,17.18000030517578,17.829999923706055,16.299999237060547,16.31999969482422,14.80173397064209,53200
2021-12-22,16.510000228881836,16.510000228881836,16.299999237060547,16.309999465942383,14.7926664352417,19500
2021-12-23,17.649999618530273,17.790000915527344,16.450000762939453,16.799999237060547,15.237080574035645,13600
2021-12-27,17.0,17.540000915527344,16.84000015258789,17.200000762939453,15.599868774414062,10200
2021-12-28,17.18000030517578,17.59000015258789,16.969999313354492,17.100000381469727,15.509171485900879,20800
2021-12-29,17.059999465942383,17.200000762939453,16.299999237060547,16.940000534057617,15.364056587219238,41900
2021-12-30,16.850000381469727,17.209999084472656,16.75,16.770000457763672,15.209871292114258,9000
2021-12-31,16.899999618530273,17.43000030517578,16.8700008392334,17.06999969482422,15.481962203979492,7500
2022-01-03,17.149999618530273,17.399999618530273,16.829999923706055,17.329999923706055,15.717772483825684,13700
2022-01-04,17.610000610351562,17.690000534057617,17.450000762939453,17.6299991607666,15.989863395690918,5500
2022-01-05,17.540000915527344,17.90999984741211,17.270000457763672,17.389999389648438,15.77219009399414,8400
2022-01-06,17.579999923706055,17.690000534057617,17.540000915527344,17.690000534057617,16.044282913208008,6200
2022-01-07,17.75,17.989999771118164,17.75,17.969999313354492,16.298233032226562,8700
2022-01-10,17.969999313354492,18.0,17.59000015258789,17.989999771118164,16.316370010375977,12100
2022-01-11,17.770000457763672,17.829999923706055,17.530000686645508,17.760000228881836,16.107770919799805,3200
2022-01-12,17.829999923706055,18.239999771118164,17.829999923706055,18.059999465942383,16.379859924316406,6800
2022-01-13,18.059999465942383,18.25,18.059999465942383,18.219999313354492,16.52497673034668,5300
2022-01-14,18.06999969482422,18.25,17.899999618530273,18.030000686645508,16.352651596069336,7100
2022-01-18,17.959999084472656,18.1299991607666,17.700000762939453,18.049999237060547,16.370790481567383,8200
2022-01-19,18.25,18.5,18.049999237060547,18.1299991607666,16.44334602355957,5800
2022-01-20,18.1200008392334,18.1200008392334,17.489999771118164,17.549999237060547,15.91730785369873,3400
2022-01-21,17.56999969482422,17.639999389648438,17.0,17.639999389648438,15.998932838439941,5900
2022-01-24,17.450000762939453,17.610000610351562,17.25,17.440000534057617,15.817540168762207,8800
2022-01-25,17.15999984741211,17.15999984741211,17.15999984741211,17.15999984741211,15.563590049743652,900
2022-01-26,17.209999084472656,17.5,17.149999618530273,17.40999984741211,15.79033088684082,14900
2022-01-27,17.40999984741211,17.40999984741211,17.209999084472656,17.309999465942383,15.699637413024902,6400
2022-01-28,17.200000762939453,17.399999618530273,17.0,17.0,15.418476104736328,20400
2022-01-31,17.15999984741211,17.239999771118164,16.559999465942383,16.850000381469727,15.282427787780762,15100
2022-02-01,16.639999389648438,16.84000015258789,15.949999809265137,16.5,14.964990615844727,23400
2022-02-02,16.299999237060547,16.940000534057617,16.25,16.940000534057617,15.364056587219238,4000
2022-02-03,16.299999237060547,16.860000610351562,16.290000915527344,16.479999542236328,15.042753219604492,6500
2022-02-04,16.770000457763672,17.389999389648438,16.290000915527344,16.850000381469727,15.380485534667969,11300
2022-02-07,16.770000457763672,17.020000457763672,16.600000381469727,17.020000457763672,15.535663604736328,8500
2022-02-08,17.049999237060547,18.579999923706055,16.84000015258789,18.100000381469727,16.521472930908203,95100
2022-02-09,18.56999969482422,18.790000915527344,17.84000015258789,18.200000762939453,16.612749099731445,39200
2022-02-10,18.010000228881836,18.459999084472656,18.0,18.25,16.65839195251465,53000
2022-02-11,18.950000762939453,18.950000762939453,18.25,18.579999923706055,16.959611892700195,23600
2022-02-14,18.489999771118164,18.540000915527344,18.010000228881836,18.190000534057617,16.603622436523438,17600
2022-02-15,18.540000915527344,18.600000381469727,18.260000228881836,18.489999771118164,16.877460479736328,34300
2022-02-16,18.309999465942383,18.5,18.25,18.5,16.88658905029297,27300
2022-02-17,18.06999969482422,18.459999084472656,18.06999969482422,18.25,16.65839195251465,19100
2022-02-18,18.34000015258789,18.420000076293945,18.110000610351562,18.31999969482422,16.7222843170166,17700
2022-02-22,18.34000015258789,19.0,18.25,18.6200008392334,16.996126174926758,37800
2022-02-23,18.780000686645508,18.950000762939453,18.75,18.950000762939453,17.297340393066406,25800
2022-02-24,18.709999084472656,18.709999084472656,18.06999969482422,18.450000762939453,16.8409481048584,41200
2022-02-25,18.34000015258789,18.549999237060547,18.18000030517578,18.440000534057617,16.831823348999023,12400
2022-02-28,18.329999923706055,18.399999618530273,18.239999771118164,18.290000915527344,16.694904327392578,13900
2022-03-01,18.270000457763672,18.280000686645508,17.75,18.100000381469727,16.521472930908203,23700
2022-03-02,18.280000686645508,18.5,18.239999771118164,18.440000534057617,16.831823348999023,13200
2022-03-03,18.170000076293945,18.600000381469727,18.170000076293945,18.600000381469727,16.977867126464844,22500
2022-03-04,18.399999618530273,18.670000076293945,18.209999084472656,18.670000076293945,17.041763305664062,60300
2022-03-07,18.690000534057617,18.690000534057617,18.200000762939453,18.299999237060547,16.704030990600586,42000
2022-03-08,18.290000915527344,18.729999542236328,18.200000762939453,18.399999618530273,16.795310974121094,16500
2022-03-09,18.510000228881836,18.510000228881836,18.190000534057617,18.190000534057617,16.603622436523438,30000
2022-03-10,18.079999923706055,18.360000610351562,18.049999237060547,18.31999969482422,16.7222843170166,35000
2022-03-11,18.239999771118164,18.299999237060547,18.030000686645508,18.290000915527344,16.694904327392578,29300
2022-03-14,18.09000015258789,18.25,17.799999237060547,18.06999969482422,16.49408721923828,45600
2022-03-15,18.030000686645508,18.15999984741211,17.790000915527344,17.899999618530273,16.33891487121582,21100
2022-03-16,18.0,18.25,18.0,18.25,16.65839195251465,21900
2022-03-17,18.170000076293945,18.450000762939453,18.15999984741211,18.399999618530273,16.795310974121094,32900
2022-03-18,18.440000534057617,18.719999313354492,18.010000228881836,18.540000915527344,16.923099517822266,205800
2022-03-21,18.489999771118164,18.68000030517578,18.34000015258789,18.489999771118164,16.877460479736328,58300
2022-03-22,18.579999923706055,18.979999542236328,18.579999923706055,18.850000381469727,17.206064224243164,52900
2022-03-23,18.799999237060547,18.860000610351562,18.649999618530273,18.790000915527344,17.151294708251953,27700
2022-03-24,18.709999084472656,18.75,18.649999618530273,18.649999618530273,17.023508071899414,60100
2022-03-25,18.729999542236328,18.75,18.360000610351562,18.729999542236328,17.096525192260742,28400
2022-03-28,18.670000076293945,18.729999542236328,18.510000228881836,18.670000076293945,17.041763305664062,34600
2022-03-29,18.6299991607666,18.979999542236328,18.6200008392334,18.809999465942383,17.169551849365234,44000
2022-03-30,18.719999313354492,18.8700008392334,18.520000457763672,18.75,17.114784240722656,36600
2022-03-31,18.770000457763672,18.799999237060547,18.639999389648438,18.670000076293945,17.041763305664062,20500
2022-04-01,18.649999618530273,18.739999771118164,18.43000030517578,18.489999771118164,16.877460479736328,41800
2022-04-04,18.450000762939453,18.56999969482422,18.1299991607666,18.260000228881836,16.66752052307129,42800
2022-04-05,18.459999084472656,18.459999084472656,18.100000381469727,18.239999771118164,16.64926528930664,33300
2022-04-06,18.239999771118164,18.260000228881836,17.93000030517578,18.09000015258789,16.512344360351562,50000
2022-04-07,18.030000686645508,18.110000610351562,17.729999542236328,17.739999771118164,16.192867279052734,65200
2022-04-08,17.799999237060547,17.940000534057617,17.709999084472656,17.780000686645508,16.229379653930664,33500
2022-04-11,17.709999084472656,17.799999237060547,17.709999084472656,17.799999237060547,16.247634887695312,15500
2022-04-12,17.8700008392334,17.889999389648438,17.59000015258789,17.690000534057617,16.147228240966797,55600
2022-04-13,17.860000610351562,17.860000610351562,17.559999465942383,17.729999542236328,16.183738708496094,29400
2022-04-14,17.649999618530273,17.979999542236328,17.549999237060547,17.649999618530273,16.110713958740234,93200
2022-04-18,17.559999465942383,17.81999969482422,17.440000534057617,17.510000228881836,15.982928276062012,79300
2022-04-19,17.690000534057617,17.889999389648438,17.420000076293945,17.799999237060547,16.247634887695312,73100
2022-04-20,18.0,18.200000762939453,17.829999923706055,17.899999618530273,16.33891487121582,89700
2022-04-21,17.989999771118164,17.989999771118164,17.670000076293945,17.790000915527344,16.238508224487305,60700
2022-04-22,17.709999084472656,17.8700008392334,17.290000915527344,17.530000686645508,16.001182556152344,56500
2022-04-25,17.5,17.690000534057617,17.149999618530273,17.579999923706055,16.046817779541016,163100
2022-04-26,17.469999313354492,17.59000015258789,17.25,17.329999923706055,15.818622589111328,107700
2022-04-27,17.299999237060547,17.3799991607666,17.010000228881836,17.079999923706055,15.590428352355957,77000
2022-04-28,17.15999984741211,17.290000915527344,17.09000015258789,17.18000030517578,15.681706428527832,51800
2022-04-29,17.25,17.360000610351562,17.040000915527344,17.139999389648438,15.645195960998535,46100
2022-05-02,17.010000228881836,17.170000076293945,16.950000762939453,17.010000228881836,15.526534080505371,64600
2022-05-03,17.100000381469727,17.1299991607666,16.8799991607666,16.940000534057617,15.462636947631836,54100
2022-05-04,16.969999313354492,17.040000915527344,16.809999465942383,17.0,15.51740550994873,47700
2022-05-05,16.940000534057617,16.940000534057617,16.600000381469727,16.700000762939453,15.341028213500977,38900
2022-05-06,16.610000610351562,16.729999542236328,16.549999237060547,16.639999389648438,15.28591251373291,28400
2022-05-09,16.6299991607666,16.68000030517578,16.34000015258789,16.530000686645508,15.184864044189453,54000
2022-05-10,16.700000762939453,16.739999771118164,16.190000534057617,16.299999237060547,14.973579406738281,68100
2022-05-11,16.31999969482422,16.3799991607666,16.200000762939453,16.309999465942383,14.982766151428223,59300
2022-05-12,16.31999969482422,16.43000030517578,16.110000610351562,16.290000915527344,14.964394569396973,57000
2022-05-13,16.309999465942383,16.389999389648438,16.15999984741211,16.34000015258789,15.010322570800781,50700
2022-05-16,16.239999771118164,16.389999389648438,16.209999084472656,16.299999237060547,14.973579406738281,77900
2022-05-17,16.549999237060547,16.549999237060547,16.360000610351562,16.479999542236328,15.138930320739746,81800
2022-05-18,16.5,16.549999237060547,16.18000030517578,16.260000228881836,14.936833381652832,39900
2022-05-19,16.290000915527344,16.40999984741211,16.100000381469727,16.170000076293945,14.854158401489258,60200
2022-05-20,16.209999084472656,16.25,15.9399995803833,16.0,14.697990417480469,87200
2022-05-23,16.15999984741211,16.18000030517578,16.059999465942383,16.149999618530273,14.835783958435059,49600
2022-05-24,16.170000076293945,16.260000228881836,15.979999542236328,16.190000534057617,14.872529983520508,98400
2022-05-25,16.270000457763672,16.43000030517578,16.110000610351562,16.31999969482422,14.991950988769531,118200
2022-05-26,16.350000381469727,16.559999465942383,16.350000381469727,16.450000762939453,15.111372947692871,80600
2022-05-27,16.530000686645508,16.700000762939453,16.5,16.649999618530273,15.295098304748535,72200
2022-05-31,16.649999618530273,16.90999984741211,16.469999313354492,16.899999618530273,15.524752616882324,80500
2022-06-01,17.1200008392334,17.1200008392334,16.799999237060547,17.010000228881836,15.625802993774414,113700
2022-06-02,16.940000534057617,17.079999923706055,16.899999618530273,16.950000762939453,15.570685386657715,68700
2022-06-03,16.899999618530273,16.989999771118164,16.760000228881836,16.950000762939453,15.570685386657715,70600
2022-06-06,17.110000610351562,17.110000610351562,16.81999969482422,16.850000381469727,15.478822708129883,68500
2022-06-07,16.760000228881836,16.940000534057617,16.329999923706055,16.790000915527344,15.423707008361816,191900
2022-06-08,16.719999313354492,16.8700008392334,16.5,16.56999969482422,15.221606254577637,68000
2022-06-09,16.56999969482422,16.709999084472656,16.260000228881836,16.260000228881836,14.936833381652832,78100
2022-06-10,16.31999969482422,16.43000030517578,15.90999984741211,16.09000015258789,14.780669212341309,55100
2022-06-13,16.040000915527344,16.040000915527344,15.5,15.510000228881836,14.247865676879883,74900
2022-06-14,15.5600004196167,15.579999923706055,15.390000343322754,15.510000228881836,14.247865676879883,50100
2022-06-15,15.65999984741211,15.890000343322754,15.640000343322754,15.819999694824219,14.532638549804688,134500
2022-06-16,16.049999237060547,16.049999237060547,15.539999961853027,15.65999984741211,14.385658264160156,89500
2022-06-17,15.65999984741211,15.920000076293945,15.630000114440918,15.770000457763672,14.486708641052246,217600
2022-06-21,15.779999732971191,16.030000686645508,15.779999732971191,15.850000381469727,14.560198783874512,131200
2022-06-22,15.770000457763672,15.9399995803833,15.619999885559082,15.800000190734863,14.514266014099121,116600
2022-06-23,15.800000190734863,15.90999984741211,15.300000190734863,15.390000343322754,14.1376314163208,191600
2022-06-24,15.479999542236328,15.6899995803833,14.75,14.75,13.549710273742676,1991000
2022-06-27,14.90999984741211,15.5,14.890000343322754,15.180000305175781,13.944719314575195,188100
2022-06-28,15.279999732971191,15.960000038146973,15.050000190734863,15.0600004196167,13.834485054016113,96300
2022-06-29,15.079999923706055,15.640000343322754,14.899999618530273,15.039999961853027,13.816110610961914,97800
2022-06-30,14.899999618530273,15.449999809265137,14.779999732971191,15.09000015258789,13.862044334411621,88500
2022-07-01,14.829999923706055,16.18000030517578,14.829999923706055,15.210000038146973,13.972278594970703,64600
2022-07-05,15.140000343322754,15.489999771118164,14.979999542236328,15.350000381469727,14.100885391235352,112400
2022-07-06,15.300000190734863,15.550000190734863,15.09000015258789,15.109999656677246,13.880415916442871,52100
2022-07-07,15.220000267028809,15.220000267028809,14.949999809265137,15.039999961853027,13.816110610961914,84300
2022-07-08,15.119999885559082,15.170000076293945,14.890000343322754,15.09000015258789,13.862044334411621,59000
2022-07-11,15.079999923706055,15.350000381469727,14.899999618530273,14.960000038146973,13.742622375488281,81300
2022-07-12,14.970000267028809,15.010000228881836,14.829999923706055,14.850000381469727,13.641571998596191,29400
2022-07-13,14.779999732971191,14.970000267028809,14.619999885559082,14.6899995803833,13.494593620300293,58300
2022-07-14,14.5,14.699999809265137,14.40999984741211,14.59000015258789,13.402731895446777,58600
2022-07-15,14.829999923706055,14.949999809265137,14.569999694824219,14.850000381469727,13.641571998596191,52000
2022-07-18,14.869999885559082,15.029999732971191,14.829999923706055,14.84000015258789,13.6323881149292,47100
2022-07-19,15.010000228881836,15.270000457763672,14.979999542236328,15.010000228881836,13.788553237915039,161000
2022-07-20,15.109999656677246,15.4399995803833,14.949999809265137,15.420000076293945,14.165189743041992,107500
2022-07-21,15.3100004196167,15.380000114440918,15.09000015258789,15.25,14.00902271270752,76100
2022-07-22,14.5,15.079999923706055,13.880000114440918,14.149999618530273,12.99853801727295,343300
2022-07-25,14.109999656677246,14.300000190734863,13.84000015258789,14.100000381469727,12.952606201171875,145100
2022-07-26,14.229999542236328,14.300000190734863,14.09000015258789,14.100000381469727,12.952606201171875,45700
2022-07-27,14.220000267028809,14.279999732971191,14.029999732971191,14.109999656677246,12.961790084838867,51100
2022-07-28,14.140000343322754,14.289999961853027,14.100000381469727,14.180000305175781,13.026095390319824,41900
2022-07-29,14.3100004196167,14.6899995803833,14.109999656677246,14.520000457763672,13.338428497314453,53700
2022-08-01,14.430000305175781,14.859999656677246,14.430000305175781,14.729999542236328,13.53133773803711,72900
2022-08-02,14.640000343322754,15.100000381469727,14.350000381469727,14.399999618530273,13.228193283081055,46900
2022-08-03,14.479999542236328,14.489999771118164,14.300000190734863,14.40999984741211,13.237377166748047,39500
2022-08-04,14.229999542236328,14.369999885559082,14.149999618530273,14.3100004196167,13.244783401489258,36800
2022-08-05,14.210000038146973,14.34000015258789,14.210000038146973,14.239999771118164,13.179994583129883,29100
2022-08-08,14.380000114440918,14.380000114440918,14.1899995803833,14.279999732971191,13.21701717376709,46000
2022-08-09,14.329999923706055,14.350000381469727,14.15999984741211,14.270000457763672,13.207761764526367,33200
2022-08-10,14.260000228881836,14.550000190734863,14.260000228881836,14.4399995803833,13.365106582641602,28800
2022-08-11,14.489999771118164,14.579999923706055,14.420000076293945,14.550000190734863,13.4669189453125,34500
2022-08-12,14.789999961853027,14.859999656677246,14.270000457763672,14.760000228881836,13.661286354064941,45700
2022-08-15,14.699999809265137,14.84000015258789,14.640000343322754,14.760000228881836,13.661286354064941,33300
2022-08-16,14.649999618530273,15.180000305175781,14.619999885559082,15.020000457763672,13.901932716369629,50900
2022-08-17,15.100000381469727,15.100000381469727,14.710000038146973,14.880000114440918,13.772355079650879,24900
2022-08-18,14.949999809265137,15.100000381469727,14.720000267028809,14.800000190734863,13.698309898376465,22100
2022-08-19,14.75,14.75,14.550000190734863,14.609999656677246,13.522452354431152,25900
2022-08-22,14.569999694824219,14.6899995803833,14.449999809265137,14.600000381469727,13.513195991516113,40300
2022-08-23,14.760000228881836,14.789999961853027,14.350000381469727,14.390000343322754,13.318828582763672,20100
2022-08-24,14.3100004196167,14.489999771118164,14.1899995803833,14.34000015258789,13.272549629211426,37100
2022-08-25,14.300000190734863,14.529999732971191,14.300000190734863,14.4399995803833,13.365106582641602,28400
2022-08-26,14.5600004196167,14.5600004196167,14.199999809265137,14.210000038146973,13.152228355407715,36700
2022-08-29,14.289999961853027,14.289999961853027,14.020000457763672,14.109999656677246,13.059669494628906,37800
2022-08-30,14.109999656677246,14.260000228881836,14.0600004196167,14.180000305175781,13.124460220336914,34800
2022-08-31,14.119999885559082,14.279999732971191,14.050000190734863,14.119999885559082,13.068925857543945,29200
2022-09-01,14.020000457763672,14.390000343322754,13.979999542236328,14.119999885559082,13.068925857543945,87200
2022-09-02,14.100000381469727,14.170000076293945,14.0,14.050000190734863,13.00413703918457,30300
2022-09-06,13.90999984741211,14.069999694824219,13.880000114440918,13.979999542236328,12.939346313476562,31900
2022-09-07,13.9399995803833,14.079999923706055,13.920000076293945,14.0,12.957859992980957,22700
2022-09-08,13.930000305175781,14.09000015258789,13.920000076293945,14.0600004196167,13.01339340209961,18200
2022-09-09,14.300000190734863,14.359999656677246,14.119999885559082,14.1899995803833,13.133715629577637,26000
2022-09-12,14.210000038146973,14.319999694824219,14.170000076293945,14.229999542236328,13.170737266540527,14000
2022-09-13,14.0600004196167,14.289999961853027,13.819999694824219,13.890000343322754,12.856047630310059,38500
2022-09-14,14.079999923706055,14.079999923706055,13.5600004196167,13.729999542236328,12.707956314086914,38100
2022-09-15,13.65999984741211,13.800000190734863,13.579999923706055,13.6899995803833,12.670933723449707,22800
2022-09-16,13.729999542236328,14.199999809265137,13.579999923706055,13.930000305175781,12.893070220947266,249900
2022-09-19,14.149999618530273,14.489999771118164,13.989999771118164,14.260000228881836,13.198504447937012,93200
2022-09-20,14.149999618530273,14.289999961853027,13.949999809265137,14.100000381469727,13.050415992736816,19600
2022-09-21,14.119999885559082,14.239999771118164,13.75,13.770000457763672,12.744980812072754,31100
2022-09-22,13.520000457763672,13.75,13.4399995803833,13.680000305175781,12.661680221557617,48700
2022-09-23,13.640000343322754,13.640000343322754,13.300000190734863,13.420000076293945,12.42103385925293,22500
2022-09-26,13.579999923706055,13.979999542236328,13.210000038146973,13.3100004196167,12.319222450256348,32700
2022-09-27,13.399999618530273,13.699999809265137,13.050000190734863,13.15999984741211,12.180387496948242,37800
2022-09-28,13.1899995803833,13.40999984741211,13.180000305175781,13.1899995803833,12.208154678344727,35300
2022-09-29,13.270000457763672,13.270000457763672,12.890000343322754,13.079999923706055,12.106343269348145,36500
2022-09-30,13.229999542236328,13.380000114440918,13.010000228881836,13.029999732971191,12.060066223144531,43600
2022-10-03,13.0600004196167,13.380000114440918,13.020000457763672,13.34000015258789,12.346990585327148,32700
2022-10-04,13.420000076293945,13.989999771118164,13.420000076293945,13.779999732971191,12.754237174987793,25000
2022-10-05,13.630000114440918,13.800000190734863,13.619999885559082,13.739999771118164,12.717211723327637,23600
2022-10-06,13.84000015258789,13.84000015258789,13.5,13.550000190734863,12.54135513305664,9100
2022-10-07,13.470000267028809,13.579999923706055,13.109999656677246,13.25,12.263688087463379,20400
2022-10-10,13.430000305175781,13.479999542236328,13.220000267028809,13.229999542236328,12.245177268981934,13300
2022-10-11,13.239999771118164,13.40999984741211,13.100000381469727,13.279999732971191,12.291455268859863,16400
2022-10-12,13.199999809265137,13.350000381469727,13.0600004196167,13.210000038146973,12.226665496826172,20100
2022-10-13,13.25,13.789999961853027,13.020000457763672,13.600000381469727,12.587635040283203,44300
2022-10-14,13.770000457763672,13.770000457763672,13.479999542236328,13.600000381469727,12.587635040283203,18200
2022-10-17,13.779999732971191,13.989999771118164,13.630000114440918,13.960000038146973,12.920838356018066,33600
2022-10-18,14.449999809265137,14.470000267028809,13.850000381469727,14.100000381469727,13.050415992736816,33100
2022-10-19,14.109999656677246,14.260000228881836,13.8100004196167,13.84000015258789,12.809770584106445,102100
2022-10-20,13.9399995803833,13.9399995803833,13.430000305175781,13.600000381469727,12.587635040283203,43800
2022-10-21,13.989999771118164,14.119999885559082,13.649999618530273,13.779999732971191,12.754237174987793,42700
2022-10-24,13.710000038146973,13.84000015258789,13.369999885559082,13.550000190734863,12.54135513305664,34600
2022-10-25,13.529999732971191,13.710000038146973,13.319999694824219,13.59000015258789,12.578380584716797,33800
2022-10-26,13.65999984741211,13.84000015258789,13.59000015258789,13.630000114440918,12.615402221679688,26900
2022-10-27,13.729999542236328,13.880000114440918,13.65999984741211,13.680000305175781,12.661680221557617,47500
2022-10-28,13.729999542236328,13.729999542236328,13.630000114440918,13.720000267028809,12.698702812194824,42800
2022-10-31,13.630000114440918,13.819999694824219,13.520000457763672,13.800000190734863,12.772747039794922,54600
2022-11-01,13.770000457763672,14.270000457763672,13.609999656677246,13.710000038146973,12.689447402954102,50100
2022-11-02,13.630000114440918,13.880000114440918,13.5600004196167,13.5600004196167,12.550613403320312,40300
2022-11-03,13.390000343322754,13.550000190734863,13.300000190734863,13.5,12.5953950881958,39100
2022-11-04,13.619999885559082,13.6899995803833,13.460000038146973,13.59000015258789,12.679366111755371,30200
2022-11-07,13.630000114440918,13.640000343322754,13.229999542236328,13.569999694824219,12.66070556640625,33700
2022-11-08,13.630000114440918,13.630000114440918,13.430000305175781,13.550000190734863,12.642045974731445,35400
2022-11-09,13.569999694824219,13.600000381469727,13.430000305175781,13.479999542236328,12.576735496520996,17900
2022-11-10,13.59000015258789,13.899999618530273,13.520000457763672,13.739999771118164,12.819314002990723,71200
2022-11-11,13.600000381469727,13.850000381469727,13.529999732971191,13.789999961853027,12.865962982177734,203500
2022-11-14,13.770000457763672,13.890000343322754,13.729999542236328,13.770000457763672,12.847304344177246,47400
2022-11-15,13.819999694824219,14.220000267028809,13.699999809265137,13.75,12.828643798828125,83000
2022-11-16,13.8100004196167,13.84000015258789,13.75,13.75,12.828643798828125,25800
2022-11-17,13.720000267028809,13.739999771118164,13.59000015258789,13.649999618530273,12.735344886779785,31000
2022-11-18,13.760000228881836,14.069999694824219,13.640000343322754,13.760000228881836,12.837974548339844,40800
2022-11-21,13.6899995803833,13.819999694824219,13.609999656677246,13.670000076293945,12.75400447845459,19500
2022-11-22,13.760000228881836,13.760000228881836,13.65999984741211,13.699999809265137,12.781994819641113,10100
2022-11-23,13.770000457763672,13.770000457763672,13.619999885559082,13.680000305175781,12.763334274291992,17300
2022-11-25,13.619999885559082,13.779999732971191,13.619999885559082,13.739999771118164,12.819314002990723,3200
2022-11-28,13.630000114440918,13.699999809265137,13.579999923706055,13.630000114440918,12.71668529510498,20800
2022-11-29,13.619999885559082,13.670000076293945,13.59000015258789,13.609999656677246,12.698025703430176,15700
2022-11-30,13.600000381469727,13.710000038146973,13.420000076293945,13.710000038146973,12.791324615478516,25300
2022-12-01,13.789999961853027,13.880000114440918,13.5,13.670000076293945,12.75400447845459,191400
2022-12-02,13.5600004196167,13.989999771118164,13.5600004196167,13.670000076293945,12.75400447845459,28700
2022-12-05,13.9399995803833,13.9399995803833,13.399999618530273,13.489999771118164,12.586066246032715,25200
2022-12-06,13.510000228881836,13.529999732971191,13.359999656677246,13.479999542236328,12.576735496520996,60900
2022-12-07,13.479999542236328,13.609999656677246,13.359999656677246,13.369999885559082,12.47410774230957,21900
2022-12-08,13.359999656677246,13.5,13.359999656677246,13.449999809265137,12.548746109008789,13300
2022-12-09,13.40999984741211,13.529999732971191,13.40999984741211,13.4399995803833,12.539416313171387,88300
2022-12-12,13.399999618530273,13.569999694824219,13.319999694824219,13.460000038146973,12.558074951171875,36100
2022-12-13,13.680000305175781,13.899999618530273,13.4399995803833,13.619999885559082,12.707355499267578,81500
2022-12-14,13.529999732971191,13.65999984741211,13.350000381469727,13.350000381469727,12.455446243286133,43900
2022-12-15,13.25,13.279999732971191,12.979999542236328,13.130000114440918,12.250189781188965,75400
2022-12-16,13.0,13.109999656677246,12.640000343322754,13.09000015258789,12.212869644165039,195200
2022-12-19,13.020000457763672,13.15999984741211,12.779999732971191,12.84000015258789,11.979621887207031,31800
2022-12-20,12.8100004196167,12.970000267028809,12.729999542236328,12.819999694824219,11.960960388183594,39700
2022-12-21,12.890000343322754,12.989999771118164,12.850000381469727,12.970000267028809,12.100910186767578,30700
2022-12-22,12.880000114440918,12.949999809265137,12.640000343322754,12.859999656677246,11.99828052520752,29200
2022-12-23,12.960000038146973,12.960000038146973,12.829999923706055,12.899999618530273,12.035601615905762,24900
2022-12-27,12.880000114440918,12.90999984741211,12.760000228881836,12.8100004196167,11.951631546020508,26300
2022-12-28,12.850000381469727,12.850000381469727,12.699999809265137,12.699999809265137,11.849000930786133,26700
2022-12-29,12.75,12.819999694824219,12.75,12.789999961853027,11.932971954345703,14900
2022-12-30,12.760000228881836,12.829999923706055,12.649999618530273,12.6899995803833,11.83967113494873,66900
2023-01-03,12.800000190734863,13.5600004196167,12.729999542236328,12.850000381469727,11.988951683044434,45900
2023-01-04,12.829999923706055,12.960000038146973,12.699999809265137,12.8100004196167,11.951631546020508,21800
2023-01-05,12.829999923706055,12.829999923706055,12.529999732971191,12.6899995803833,11.83967113494873,15500
2023-01-06,12.739999771118164,12.960000038146973,12.649999618530273,12.850000381469727,11.988951683044434,33700
2023-01-09,12.8100004196167,12.829999923706055,12.699999809265137,12.75,11.895652770996094,16500
2023-01-10,13.0,13.300000190734863,12.520000457763672,12.65999984741211,11.81168270111084,17800
2023-01-11,12.760000228881836,12.779999732971191,12.569999694824219,12.630000114440918,11.783692359924316,25400
2023-01-12,12.869999885559082,12.9399995803833,12.75,12.850000381469727,11.988951683044434,25100
2023-01-13,12.859999656677246,13.0,12.75,12.869999885559082,12.007609367370605,19500
2023-01-17,12.869999885559082,13.260000228881836,12.640000343322754,12.859999656677246,11.99828052520752,27000
2023-01-18,12.770000457763672,13.979999542236328,12.680000305175781,12.720000267028809,11.86766242980957,29800
2023-01-19,12.6899995803833,12.8100004196167,12.569999694824219,12.779999732971191,11.9236421585083,27400
2023-01-20,12.899999618530273,12.949999809265137,12.8100004196167,12.869999885559082,12.007609367370605,33600
2023-01-23,12.970000267028809,13.050000190734863,12.789999961853027,12.899999618530273,12.035601615905762,19400
2023-01-24,12.970000267028809,12.970000267028809,12.710000038146973,12.8100004196167,11.951631546020508,17200
2023-01-25,12.710000038146973,12.869999885559082,12.619999885559082,12.800000190734863,11.942300796508789,72700
2023-01-26,12.729999542236328,12.859999656677246,12.729999542236328,12.800000190734863,11.942300796508789,23300
2023-01-27,12.800000190734863,12.890000343322754,12.550000190734863,12.819999694824219,11.960960388183594,93400
2023-01-30,12.90999984741211,12.9399995803833,12.760000228881836,12.760000228881836,11.90498161315918,17100
2023-01-31,12.760000228881836,12.930000305175781,12.760000228881836,12.890000343322754,12.026270866394043,52400
2023-02-01,12.890000343322754,13.020000457763672,12.829999923706055,12.960000038146973,12.091581344604492,36400
2023-02-02,13.079999923706055,13.479999542236328,12.9399995803833,13.25,12.362147331237793,53500
2023-02-03,13.130000114440918,13.390000343322754,13.130000114440918,13.350000381469727,12.455446243286133,42500
2023-02-06,13.430000305175781,13.430000305175781,13.109999656677246,13.260000228881836,12.371478080749512,32900
2023-02-07,13.25,13.34000015258789,13.1899995803833,13.300000190734863,12.408797264099121,36100
2023-02-08,13.010000228881836,13.199999809265137,13.010000228881836,13.079999923706055,12.305312156677246,11300
2023-02-09,13.15999984741211,13.180000305175781,13.010000228881836,13.079999923706055,12.305312156677246,41500
2023-02-10,13.0,13.050000190734863,12.890000343322754,13.0,12.23005199432373,17200
2023-02-13,13.020000457763672,13.09000015258789,12.989999771118164,13.079999923706055,12.305312156677246,38600
2023-02-14,13.029999732971191,13.029999732971191,12.819999694824219,12.890000343322754,12.126564979553223,63900
2023-02-15,12.770000457763672,13.229999542236328,12.649999618530273,12.819999694824219,12.060710906982422,33200
2023-02-16,12.680000305175781,12.789999961853027,12.600000381469727,12.6899995803833,11.938410758972168,17400
2023-02-17,12.770000457763672,12.770000457763672,12.630000114440918,12.710000038146973,11.95722770690918,37700
2023-02-21,12.739999771118164,12.779999732971191,12.550000190734863,12.670000076293945,11.919594764709473,22500
2023-02-22,12.640000343322754,12.729999542236328,12.520000457763672,12.59000015258789,11.84433364868164,25600
2023-02-23,12.6899995803833,12.729999542236328,12.539999961853027,12.699999809265137,11.947818756103516,33500
2023-02-24,12.609999656677246,12.6899995803833,12.539999961853027,12.609999656677246,11.86314868927002,19800
2023-02-27,12.600000381469727,12.6899995803833,12.520000457763672,12.630000114440918,11.881965637207031,16900
2023-02-28,12.649999618530273,12.720000267028809,12.5,12.569999694824219,11.825518608093262,29800
2023-03-01,12.5,12.630000114440918,12.399999618530273,12.449999809265137,11.712625503540039,79100
2023-03-02,12.399999618530273,12.4399995803833,12.119999885559082,12.3100004196167,11.580917358398438,31700
2023-03-03,12.260000228881836,12.359999656677246,12.210000038146973,12.300000190734863,11.571510314941406,20400
2023-03-06,12.380000114440918,12.380000114440918,12.050000190734863,12.149999618530273,11.430394172668457,65700
2023-03-07,12.0600004196167,12.119999885559082,11.979999542236328,12.079999923706055,11.364540100097656,18200
2023-03-08,12.279999732971191,12.279999732971191,12.0,12.0600004196167,11.345725059509277,23200
2023-03-09,12.039999961853027,12.0600004196167,11.699999809265137,11.699999809265137,11.007046699523926,39500
2023-03-10,11.579999923706055,11.649999618530273,10.979999542236328,11.09000015258789,10.433174133300781,108500
2023-03-13,10.920000076293945,11.380000114440918,10.100000381469727,10.369999885559082,9.755817413330078,66700
2023-03-14,11.319999694824219,11.319999694824219,10.5,10.539999961853027,9.915748596191406,39200
2023-03-15,10.34000015258789,10.770000457763672,10.25,10.460000038146973,9.840487480163574,34600
2023-03-16,10.350000381469727,11.15999984741211,10.350000381469727,10.649999618530273,10.019233703613281,48900
2023-03-17,10.600000381469727,11.220000267028809,10.319999694824219,10.59000015258789,9.962788581848145,109600
2023-03-20,10.699999809265137,10.8100004196167,10.380000114440918,10.489999771118164,9.8687105178833,46100
2023-03-21,10.649999618530273,10.779999732971191,10.510000228881836,10.569999694824219,9.943971633911133,34800
2023-03-22,10.539999961853027,10.779999732971191,10.220000267028809,10.220000267028809,9.614701271057129,37000
2023-03-23,10.539999961853027,10.699999809265137,10.0,10.119999885559082,9.520624160766602,35400
2023-03-24,10.010000228881836,10.479999542236328,10.010000228881836,10.359999656677246,9.74640941619873,27800
2023-03-27,10.600000381469727,10.600000381469727,10.34000015258789,10.4399995803833,9.821671485900879,35000
2023-03-28,10.420000076293945,10.699999809265137,10.319999694824219,10.449999809265137,9.83107852935791,24300
2023-03-29,10.65999984741211,10.65999984741211,10.25,10.4399995803833,9.821671485900879,42200
2023-03-30,10.430000305175781,10.569999694824219,10.119999885559082,10.170000076293945,9.567663192749023,25600
2023-03-31,10.260000228881836,10.270000457763672,10.0600004196167,10.199999809265137,9.595885276794434,56900
2023-04-03,10.199999809265137,10.3100004196167,9.859999656677246,10.100000381469727,9.501810073852539,68200
2023-04-04,10.180000305175781,10.260000228881836,9.649999618530273,9.699999809265137,9.125499725341797,112200
2023-04-05,9.779999732971191,9.850000381469727,9.470000267028809,9.539999961853027,8.974974632263184,63800
2023-04-06,9.579999923706055,9.800000190734863,9.4399995803833,9.59000015258789,9.022015571594238,184600
2023-04-10,9.59000015258789,9.899999618530273,9.520000457763672,9.829999923706055,9.24779987335205,53200
2023-04-11,9.819999694824219,10.010000228881836,9.729999542236328,9.800000190734863,9.219576835632324,39900
2023-04-12,9.710000038146973,9.859999656677246,9.550000190734863,9.710000038146973,9.134907722473145,24600
2023-04-13,9.710000038146973,9.789999961853027,9.609999656677246,9.720000267028809,9.144314765930176,19800
2023-04-14,9.800000190734863,9.869999885559082,9.510000228881836,9.609999656677246,9.0408296585083,32100
2023-04-17,9.539999961853027,9.869999885559082,9.399999618530273,9.75,9.172537803649902,32000
2023-04-18,10.020000457763672,10.020000457763672,9.430000305175781,9.510000228881836,8.946752548217773,62300
2023-04-19,9.600000381469727,9.970000267028809,9.529999732971191,9.8100004196167,9.228984832763672,51400
2023-04-20,9.729999542236328,9.890000343322754,9.6899995803833,9.850000381469727,9.266615867614746,17500
2023-04-21,9.760000228881836,10.140000343322754,9.609999656677246,9.710000038146973,9.134907722473145,24500
2023-04-24,9.670000076293945,9.8100004196167,9.4399995803833,9.520000457763672,8.956160545349121,58900
2023-04-25,9.460000038146973,9.880000114440918,9.34000015258789,9.430000305175781,8.871491432189941,31900
2023-04-26,9.430000305175781,9.649999618530273,9.260000228881836,9.399999618530273,8.843267440795898,17700
2023-04-27,9.420000076293945,9.720000267028809,9.289999961853027,9.5,8.937344551086426,28400
2023-04-28,9.829999923706055,10.09000015258789,9.619999885559082,9.880000114440918,9.294837951660156,47400
2023-05-01,9.880000114440918,9.989999771118164,9.5,9.609999656677246,9.0408296585083,32900
2023-05-02,9.600000381469727,9.600000381469727,8.869999885559082,9.039999961853027,8.504589080810547,55800
2023-05-03,9.239999771118164,9.4399995803833,9.0600004196167,9.079999923706055,8.542221069335938,33900
2023-05-04,9.039999961853027,9.140000343322754,8.59000015258789,8.949999809265137,8.41991901397705,70400
2023-05-05,8.960000038146973,9.489999771118164,8.960000038146973,9.180000305175781,8.636296272277832,44300
2023-05-08,9.180000305175781,9.180000305175781,8.90999984741211,8.90999984741211,8.382288932800293,44000
2023-05-09,8.8100004196167,9.170000076293945,8.8100004196167,9.0600004196167,8.629947662353516,44300
2023-05-10,9.100000381469727,9.130000114440918,8.770000457763672,8.970000267028809,8.544219017028809,44000
2023-05-11,8.8100004196167,9.010000228881836,8.630000114440918,8.739999771118164,8.325136184692383,41700
2023-05-12,8.760000228881836,8.890000343322754,8.600000381469727,8.75,8.334662437438965,38600
2023-05-15,8.84000015258789,9.270000457763672,8.84000015258789,9.010000228881836,8.582320213317871,82400
2023-05-16,9.100000381469727,9.119999885559082,8.869999885559082,8.869999885559082,8.448966026306152,15400
2023-05-17,8.949999809265137,9.359999656677246,8.949999809265137,9.170000076293945,8.734724998474121,44100
2023-05-18,9.210000038146973,9.289999961853027,9.15999984741211,9.199999809265137,8.763301849365234,19200
2023-05-19,9.300000190734863,9.479999542236328,8.989999771118164,9.09000015258789,8.658523559570312,20300
2023-05-22,9.140000343322754,9.34000015258789,9.050000190734863,9.319999694824219,8.877606391906738,74700
2023-05-23,9.329999923706055,9.5,9.1899995803833,9.359999656677246,8.915706634521484,50400
2023-05-24,9.359999656677246,9.489999771118164,9.34000015258789,9.350000381469727,8.906180381774902,46000
2023-05-25,9.300000190734863,9.380000114440918,9.050000190734863,9.260000228881836,8.820453643798828,59500
2023-05-26,9.130000114440918,9.369999885559082,9.109999656677246,9.3100004196167,8.868081092834473,44700
2023-05-30,9.390000343322754,9.390000343322754,9.15999984741211,9.300000190734863,8.85855484008789,38900
2023-05-31,9.25,9.329999923706055,9.119999885559082,9.300000190734863,8.85855484008789,50200
2023-06-01,9.329999923706055,9.390000343322754,9.229999542236328,9.319999694824219,8.877606391906738,44000
2023-06-02,9.399999618530273,9.520000457763672,9.329999923706055,9.5,9.04906177520752,86500
2023-06-05,9.479999542236328,9.729999542236328,9.470000267028809,9.550000190734863,9.096688270568848,91100
2023-06-06,9.550000190734863,9.899999618530273,9.550000190734863,9.720000267028809,9.258618354797363,104400
2023-06-07,9.729999542236328,10.149999618530273,9.720000267028809,10.140000343322754,9.658682823181152,109500
2023-06-08,10.140000343322754,10.220000267028809,10.050000190734863,10.140000343322754,9.658682823181152,65900
2023-06-09,10.100000381469727,10.1899995803833,10.0,10.109999656677246,9.630106925964355,53200
2023-06-12,10.079999923706055,10.199999809265137,9.850000381469727,9.90999984741211,9.439599990844727,48300
2023-06-13,9.90999984741211,10.100000381469727,9.890000343322754,9.930000305175781,9.458650588989258,44400
2023-06-14,9.899999618530273,10.079999923706055,9.779999732971191,9.829999923706055,9.363396644592285,56400
2023-06-15,9.84000015258789,9.970000267028809,9.670000076293945,9.869999885559082,9.401498794555664,54000
2023-06-16,9.890000343322754,9.920000076293945,9.739999771118164,9.84000015258789,9.372922897338867,159600
2023-06-20,9.84000015258789,9.960000038146973,9.680000305175781,9.779999732971191,9.315771102905273,47200
2023-06-21,9.770000457763672,9.829999923706055,9.369999885559082,9.539999961853027,9.087162017822266,180200
2023-06-22,9.520000457763672,9.75,9.399999618530273,9.600000381469727,9.144315719604492,38200
2023-06-23,9.539999961853027,9.710000038146973,9.319999694824219,9.600000381469727,9.144315719604492,385200
2023-06-26,9.609999656677246,9.729999542236328,9.520000457763672,9.550000190734863,9.096688270568848,27500
2023-06-27,9.59000015258789,9.720000267028809,9.430000305175781,9.569999694824219,9.115738868713379,33800
2023-06-28,9.569999694824219,9.609999656677246,9.380000114440918,9.5,9.04906177520752,32600
2023-06-29,9.569999694824219,9.619999885559082,9.430000305175781,9.489999771118164,9.039535522460938,20500
2023-06-30,9.510000228881836,9.630000114440918,9.359999656677246,9.420000076293945,8.972858428955078,53600
2023-07-03,9.550000190734863,9.59000015258789,9.399999618530273,9.430000305175781,8.982383728027344,14200
2023-07-05,9.420000076293945,9.5,9.260000228881836,9.359999656677246,8.915706634521484,36100
2023-07-06,9.300000190734863,9.300000190734863,9.029999732971191,9.199999809265137,8.763301849365234,38700
2023-07-07,9.210000038146973,9.4399995803833,9.210000038146973,9.359999656677246,8.915706634521484,98100
2023-07-10,9.329999923706055,9.470000267028809,9.319999694824219,9.420000076293945,8.972858428955078,29000
2023-07-11,9.420000076293945,9.579999923706055,9.369999885559082,9.420000076293945,8.972858428955078,14700
2023-07-12,9.5,9.930000305175781,9.479999542236328,9.760000228881836,9.296719551086426,23800
2023-07-13,9.739999771118164,10.100000381469727,9.710000038146973,9.859999656677246,9.391973495483398,48000
2023-07-14,9.920000076293945,9.920000076293945,9.649999618530273,9.869999885559082,9.401498794555664,21900
2023-07-17,9.869999885559082,10.0,9.8100004196167,9.880000114440918,9.411023139953613,28600
2023-07-18,9.880000114440918,10.279999732971191,9.880000114440918,10.140000343322754,9.658682823181152,69500
2023-07-19,10.109999656677246,10.270000457763672,10.09000015258789,10.270000457763672,9.782512664794922,38200
2023-07-20,10.319999694824219,10.350000381469727,10.279999732971191,10.329999923706055,9.839664459228516,102500
2023-07-21,10.329999923706055,10.430000305175781,10.149999618530273,10.170000076293945,9.687257766723633,45000
2023-07-24,10.229999542236328,10.479999542236328,10.069999694824219,10.390000343322754,9.89681625366211,30700
2023-07-25,10.380000114440918,10.5600004196167,10.3100004196167,10.34000015258789,9.849189758300781,31800
2023-07-26,10.319999694824219,10.739999771118164,10.239999771118164,10.619999885559082,10.115898132324219,48200
2023-07-27,10.899999618530273,10.970000267028809,10.569999694824219,10.609999656677246,10.106371879577637,39500
2023-07-28,10.65999984741211,11.15999984741211,10.65999984741211,10.770000457763672,10.25877857208252,19800
2023-07-31,10.75,10.770000457763672,10.640000343322754,10.720000267028809,10.211152076721191,32200
2023-08-01,10.699999809265137,10.720000267028809,10.510000228881836,10.720000267028809,10.211152076721191,25200
2023-08-02,10.670000076293945,10.789999961853027,10.579999923706055,10.699999809265137,10.192100524902344,37300
2023-08-03,10.699999809265137,10.850000381469727,10.630000114440918,10.819999694824219,10.306405067443848,32300
2023-08-04,10.8100004196167,11.229999542236328,10.789999961853027,11.140000343322754,10.611215591430664,47800
2023-08-07,11.1899995803833,11.34000015258789,11.109999656677246,11.180000305175781,10.649316787719727,37400
2023-08-08,11.010000228881836,11.119999885559082,10.880000114440918,10.960000038146973,10.543498039245605,60400
2023-08-09,10.960000038146973,11.0,10.6899995803833,10.729999542236328,10.322237014770508,45900
2023-08-10,10.739999771118164,10.800000190734863,10.399999618530273,10.470000267028809,10.072117805480957,64700
2023-08-11,10.470000267028809,10.680000305175781,10.420000076293945,10.550000190734863,10.149078369140625,49700
2023-08-14,10.449999809265137,10.59000015258789,10.359999656677246,10.449999809265137,10.052877426147461,24800
2023-08-15,10.369999885559082,10.369999885559082,10.220000267028809,10.260000228881836,9.870099067687988,24600
2023-08-16,10.460000038146973,10.460000038146973,10.279999732971191,10.319999694824219,9.927818298339844,18100
2023-08-17,10.3100004196167,10.4399995803833,10.270000457763672,10.369999885559082,9.97591781616211,32100
2023-08-18,10.300000190734863,10.609999656677246,10.300000190734863,10.449999809265137,10.052877426147461,34900
2023-08-21,10.449999809265137,10.449999809265137,10.260000228881836,10.399999618530273,10.004777908325195,30700
2023-08-22,10.479999542236328,10.479999542236328,10.180000305175781,10.279999732971191,9.889338493347168,28100
2023-08-23,10.380000114440918,10.6899995803833,10.229999542236328,10.569999694824219,10.168317794799805,49800
2023-08-24,10.59000015258789,10.75,10.430000305175781,10.470000267028809,10.072117805480957,21600
2023-08-25,10.449999809265137,10.600000381469727,10.25,10.420000076293945,10.024017333984375,15100
2023-08-28,10.430000305175781,10.579999923706055,10.260000228881836,10.369999885559082,9.97591781616211,32400
2023-08-29,10.390000343322754,10.510000228881836,10.3100004196167,10.460000038146973,10.062498092651367,19300
2023-08-30,10.4399995803833,10.600000381469727,10.3100004196167,10.399999618530273,10.004777908325195,18800
2023-08-31,10.390000343322754,10.579999923706055,10.359999656677246,10.40999984741211,10.014397621154785,25600
2023-09-01,10.489999771118164,10.630000114440918,10.460000038146973,10.539999961853027,10.139456748962402,24200
2023-09-05,10.550000190734863,10.5600004196167,10.329999923706055,10.399999618530273,10.004777908325195,36200
2023-09-06,10.350000381469727,10.470000267028809,10.15999984741211,10.25,9.860478401184082,29700
2023-09-07,10.220000267028809,10.3100004196167,10.0600004196167,10.1899995803833,9.80275821685791,118900
2023-09-08,10.210000038146973,10.380000114440918,10.149999618530273,10.239999771118164,9.850857734680176,14000
2023-09-11,10.350000381469727,10.430000305175781,10.0600004196167,10.180000305175781,9.793139457702637,95500
2023-09-12,10.199999809265137,10.229999542236328,10.109999656677246,10.180000305175781,9.793139457702637,20600
2023-09-13,10.119999885559082,10.220000267028809,10.050000190734863,10.140000343322754,9.754659652709961,22400
2023-09-14,10.149999618530273,10.319999694824219,10.149999618530273,10.289999961853027,9.898957252502441,17900
2023-09-15,10.260000228881836,10.380000114440918,10.039999961853027,10.119999885559082,9.735418319702148,106700
2023-09-18,10.1899995803833,10.1899995803833,9.84000015258789,9.920000076293945,9.543018341064453,52800
2023-09-19,9.970000267028809,10.199999809265137,9.75,9.890000343322754,9.51416015625,143200
2023-09-20,9.9399995803833,10.0,9.75,9.819999694824219,9.446819305419922,128500
2023-09-21,9.729999542236328,9.890000343322754,9.65999984741211,9.800000190734863,9.427578926086426,106100
2023-09-22,9.800000190734863,9.90999984741211,9.699999809265137,9.760000228881836,9.38909912109375,95900
2023-09-25,9.699999809265137,9.760000228881836,9.579999923706055,9.729999542236328,9.360239028930664,73300
2023-09-26,9.819999694824219,9.819999694824219,9.670000076293945,9.760000228881836,9.38909912109375,75300
2023-09-27,9.880000114440918,9.880000114440918,9.699999809265137,9.739999771118164,9.369858741760254,29500
2023-09-28,9.789999961853027,9.9399995803833,9.760000228881836,9.84000015258789,9.466059684753418,38200
2023-09-29,9.84000015258789,10.140000343322754,9.789999961853027,9.989999771118164,9.610358238220215,216100
2023-10-02,9.930000305175781,10.210000038146973,9.880000114440918,9.90999984741211,9.533398628234863,44900
2023-10-03,9.890000343322754,10.050000190734863,9.729999542236328,9.800000190734863,9.427578926086426,36000
2023-10-04,9.949999809265137,9.949999809265137,9.699999809265137,9.84000015258789,9.466059684753418,33400
2023-10-05,9.84000015258789,10.010000228881836,9.819999694824219,9.989999771118164,9.610358238220215,38600
2023-10-06,10.029999732971191,10.029999732971191,9.90999984741211,9.970000267028809,9.591118812561035,26600
2023-10-09,9.920000076293945,10.039999961853027,9.920000076293945,9.960000038146973,9.581499099731445,22300
2023-10-10,9.960000038146973,10.109999656677246,9.9399995803833,9.979999542236328,9.600738525390625,39600
2023-10-11,10.0,10.1899995803833,9.949999809265137,10.119999885559082,9.735418319702148,51900
2023-10-12,10.0600004196167,10.079999923706055,9.960000038146973,10.0,9.619978904724121,34400
2023-10-13,10.09000015258789,10.09000015258789,9.84000015258789,9.850000381469727,9.475679397583008,31800
2023-10-16,9.960000038146973,10.15999984741211,9.960000038146973,9.979999542236328,9.600738525390625,33500
2023-10-17,10.029999732971191,10.359999656677246,10.029999732971191,10.050000190734863,9.668078422546387,38800
2023-10-18,10.010000228881836,10.079999923706055,9.8100004196167,9.920000076293945,9.543018341064453,23800
2023-10-19,9.960000038146973,10.300000190734863,9.930000305175781,9.970000267028809,9.591118812561035,29000
2023-10-20,9.989999771118164,9.989999771118164,9.729999542236328,9.760000228881836,9.38909912109375,32000
2023-10-23,9.670000076293945,9.880000114440918,9.550000190734863,9.569999694824219,9.206319808959961,33300
2023-10-24,9.59000015258789,9.670000076293945,9.359999656677246,9.59000015258789,9.225560188293457,25300
2023-10-25,9.5,9.630000114440918,9.380000114440918,9.489999771118164,9.129359245300293,27100
2023-10-26,9.75,9.989999771118164,9.609999656677246,9.649999618530273,9.283279418945312,26700
2023-10-27,9.699999809265137,9.789999961853027,9.460000038146973,9.609999656677246,9.244799613952637,32900
2023-10-30,9.6899995803833,9.949999809265137,9.609999656677246,9.8100004196167,9.437199592590332,32500
2023-10-31,9.8100004196167,10.130000114440918,9.8100004196167,9.949999809265137,9.571879386901855,31100
2023-11-01,9.930000305175781,10.119999885559082,9.84000015258789,9.989999771118164,9.610358238220215,16900
2023-11-02,10.149999618530273,10.4399995803833,10.0,10.3100004196167,9.918198585510254,25000
2023-11-03,10.5,10.5,10.260000228881836,10.420000076293945,10.024017333984375,42500
2023-11-06,10.430000305175781,10.489999771118164,10.289999961853027,10.399999618530273,10.004777908325195,17200
2023-11-07,10.319999694824219,10.420000076293945,10.180000305175781,10.239999771118164,9.95616340637207,23500
2023-11-08,10.300000190734863,10.300000190734863,10.039999961853027,10.09000015258789,9.810322761535645,21900
2023-11-09,10.140000343322754,10.300000190734863,9.890000343322754,10.010000228881836,9.732539176940918,17400
2023-11-10,10.039999961853027,10.149999618530273,9.970000267028809,10.079999923706055,9.800599098205566,23800
2023-11-13,10.050000190734863,10.149999618530273,9.920000076293945,10.079999923706055,9.800599098205566,17900
2023-11-14,10.350000381469727,10.819999694824219,10.0600004196167,10.5,10.20895767211914,98800
2023-11-15,10.489999771118164,10.699999809265137,10.479999542236328,10.479999542236328,10.189510345458984,69600
2023-11-16,10.5,10.5,10.380000114440918,10.470000267028809,10.179788589477539,23200
2023-11-17,10.550000190734863,10.760000228881836,10.460000038146973,10.710000038146973,10.41313648223877,60400
2023-11-20,10.6899995803833,10.819999694824219,10.600000381469727,10.649999618530273,10.354799270629883,33900
2023-11-21,10.510000228881836,10.6899995803833,10.510000228881836,10.550000190734863,10.25757122039795,15600
2023-11-22,10.680000305175781,10.800000190734863,10.550000190734863,10.670000076293945,10.374244689941406,25600
2023-11-24,10.609999656677246,10.770000457763672,10.600000381469727,10.640000343322754,10.345077514648438,8400
2023-11-27,10.539999961853027,10.680000305175781,10.520000457763672,10.529999732971191,10.238125801086426,28200
2023-11-28,10.529999732971191,10.649999618530273,10.470000267028809,10.5,10.20895767211914,50100
2023-11-29,10.550000190734863,10.880000114440918,10.5,10.6899995803833,10.39369010925293,104100
2023-11-30,10.8100004196167,10.850000381469727,10.65999984741211,10.729999542236328,10.432580947875977,40700
2023-12-01,10.850000381469727,11.25,10.710000038146973,11.050000190734863,10.743712425231934,65800
2023-12-04,11.010000228881836,11.430000305175781,11.010000228881836,11.399999618530273,11.084010124206543,58800
2023-12-05,11.3100004196167,11.5,11.25,11.270000457763672,10.95761489868164,39300
2023-12-06,11.3100004196167,11.640000343322754,11.210000038146973,11.239999771118164,10.928444862365723,52300
2023-12-07,11.199999809265137,11.579999923706055,11.199999809265137,11.460000038146973,11.142348289489746,33200
2023-12-08,11.479999542236328,11.6899995803833,11.460000038146973,11.579999923706055,11.259021759033203,15200
2023-12-11,11.640000343322754,11.739999771118164,11.550000190734863,11.619999885559082,11.29791259765625,32000
2023-12-12,11.699999809265137,11.829999923706055,11.579999923706055,11.699999809265137,11.37569522857666,30600
2023-12-13,11.760000228881836,12.380000114440918,11.720000267028809,12.1899995803833,11.85211181640625,156000
2023-12-14,12.0,12.739999771118164,11.989999771118164,12.430000305175781,12.085460662841797,150500
2023-12-15,12.489999771118164,12.970000267028809,12.399999618530273,12.720000267028809,12.367422103881836,143000
2023-12-18,12.800000190734863,12.949999809265137,12.520000457763672,12.770000457763672,12.416036605834961,76300
2023-12-19,12.770000457763672,13.239999771118164,12.75,13.109999656677246,12.746611595153809,84600
2023-12-20,13.020000457763672,13.579999923706055,12.949999809265137,12.989999771118164,12.629937171936035,92000
2023-12-21,13.140000343322754,13.390000343322754,12.869999885559082,13.100000381469727,12.736889839172363,56800
2023-12-22,13.140000343322754,13.3100004196167,13.010000228881836,13.199999809265137,12.834117889404297,31600
2023-12-26,13.1899995803833,13.430000305175781,13.109999656677246,13.3100004196167,12.941068649291992,26900
2023-12-27,13.270000457763672,13.399999618530273,13.199999809265137,13.329999923706055,12.960514068603516,52500
2023-12-28,13.430000305175781,13.430000305175781,13.260000228881836,13.329999923706055,12.960514068603516,19500
2023-12-29,13.239999771118164,13.40999984741211,13.149999618530273,13.300000190734863,12.931344985961914,32000
2024-01-02,13.140000343322754,13.420000076293945,12.979999542236328,13.100000381469727,12.736889839172363,92100
2024-01-03,13.130000114440918,13.130000114440918,12.880000114440918,12.920000076293945,12.561878204345703,81200
2024-01-04,12.920000076293945,13.09000015258789,12.880000114440918,12.970000267028809,12.610491752624512,35100
2024-01-05,12.90999984741211,13.390000343322754,12.899999618530273,13.149999618530273,12.785503387451172,126800
2024-01-08,13.149999618530273,13.239999771118164,13.0,13.039999961853027,12.678552627563477,27800
2024-01-09,12.90999984741211,13.079999923706055,12.850000381469727,12.899999618530273,12.54243278503418,30800
2024-01-10,12.880000114440918,12.920000076293945,12.640000343322754,12.829999923706055,12.474372863769531,53300
2024-01-11,12.800000190734863,13.050000190734863,12.5600004196167,12.710000038146973,12.35770034790039,37600
2024-01-12,12.789999961853027,12.949999809265137,12.510000228881836,12.65999984741211,12.309083938598633,20400
2024-01-16,12.59000015258789,12.75,12.40999984741211,12.449999809265137,12.10490608215332,34800
2024-01-17,12.3100004196167,12.609999656677246,12.279999732971191,12.359999656677246,12.017399787902832,35800
2024-01-18,12.449999809265137,12.59000015258789,12.34000015258789,12.380000114440918,12.036847114562988,28200
2024-01-19,12.460000038146973,12.479999542236328,12.3100004196167,12.399999618530273,12.056292533874512,23300
2024-01-22,12.399999618530273,13.130000114440918,12.399999618530273,13.029999732971191,12.668829917907715,82200
2024-01-23,13.15999984741211,13.15999984741211,12.899999618530273,12.899999618530273,12.54243278503418,32600
2024-01-24,12.8100004196167,13.350000381469727,12.8100004196167,13.069999694824219,12.707720756530762,27800
2024-01-25,13.239999771118164,13.260000228881836,12.630000114440918,13.100000381469727,12.736889839172363,20600
2024-01-26,13.25,13.25,12.979999542236328,13.149999618530273,12.785503387451172,10100
2024-01-29,13.010000228881836,13.430000305175781,12.800000190734863,12.850000381469727,12.493819236755371,81800
2024-01-30,12.850000381469727,13.050000190734863,12.850000381469727,12.930000305175781,12.571601867675781,30600
2024-01-31,12.8100004196167,12.90999984741211,12.229999542236328,12.229999542236328,11.891003608703613,41400
2024-02-01,12.300000190734863,12.319999694824219,11.729999542236328,11.9399995803833,11.609042167663574,71400
2024-02-02,11.789999961853027,12.029999732971191,11.739999771118164,11.850000381469727,11.521537780761719,41000
2024-02-05,11.75,11.890000343322754,11.680000305175781,11.829999923706055,11.502092361450195,83900
2024-02-06,11.720000267028809,11.800000190734863,11.550000190734863,11.640000343322754,11.426505088806152,28900
2024-02-07,11.609999656677246,11.670000076293945,11.350000381469727,11.470000267028809,11.259622573852539,36200
2024-02-08,11.489999771118164,11.510000228881836,11.359999656677246,11.399999618530273,11.190905570983887,22600
2024-02-09,11.380000114440918,11.569999694824219,11.180000305175781,11.520000457763672,11.30870532989502,32300
2024-02-12,11.5,11.800000190734863,11.5,11.739999771118164,11.524669647216797,45600
2024-02-13,11.5,11.640000343322754,10.90999984741211,10.949999809265137,10.749159812927246,51400
2024-02-14,11.039999961853027,11.1899995803833,10.920000076293945,11.1899995803833,10.984757423400879,31000
2024-02-15,11.289999961853027,11.710000038146973,11.1899995803833,11.680000305175781,11.465770721435547,38100
2024-02-16,11.59000015258789,11.729999542236328,11.510000228881836,11.5600004196167,11.34797191619873,29700
2024-02-20,11.40999984741211,11.75,11.40999984741211,11.470000267028809,11.259622573852539,30200
2024-02-21,11.449999809265137,11.510000228881836,11.100000381469727,11.220000267028809,11.01420783996582,51600
2024-02-22,11.15999984741211,11.260000228881836,10.890000343322754,11.100000381469727,10.896409034729004,35100
2024-02-23,11.010000228881836,11.3100004196167,10.930000305175781,11.210000038146973,11.004390716552734,139600
2024-02-26,11.100000381469727,11.470000267028809,11.100000381469727,11.149999618530273,10.945491790771484,25600
2024-02-27,11.289999961853027,11.350000381469727,11.210000038146973,11.25,11.043657302856445,19500
2024-02-28,11.15999984741211,11.380000114440918,10.880000114440918,10.949999809265137,10.749159812927246,88000
2024-02-29,11.1899995803833,11.5,11.069999694824219,11.34000015258789,11.132006645202637,34600
2024-03-01,11.279999732971191,11.300000190734863,11.020000457763672,11.149999618530273,10.945491790771484,28500
2024-03-04,11.270000457763672,11.319999694824219,11.039999961853027,11.199999809265137,10.994574546813965,16300
2024-03-05,11.010000228881836,11.489999771118164,11.010000228881836,11.34000015258789,11.132006645202637,16900
2024-03-06,11.489999771118164,11.5,11.039999961853027,11.279999732971191,11.07310676574707,23100
2024-03-07,11.430000305175781,11.4399995803833,11.050000190734863,11.140000343322754,10.935675621032715,31800
2024-03-08,11.3100004196167,11.3100004196167,10.989999771118164,11.109999656677246,10.906225204467773,32100
2024-03-11,11.119999885559082,11.239999771118164,11.029999732971191,11.069999694824219,10.866957664489746,39100
2024-03-12,11.0,11.109999656677246,10.930000305175781,11.020000457763672,10.817875862121582,19600
2024-03-13,11.09000015258789,11.170000076293945,10.960000038146973,11.029999732971191,10.827692031860352,30000
2024-03-14,10.949999809265137,11.109999656677246,10.760000228881836,10.829999923706055,10.631360054016113,28200
2024-03-15,10.760000228881836,10.949999809265137,10.489999771118164,10.760000228881836,10.562644958496094,86300
2024-03-18,10.770000457763672,10.800000190734863,10.600000381469727,10.630000114440918,10.435029029846191,22300
2024-03-19,10.649999618530273,10.729999542236328,10.520000457763672,10.6899995803833,10.493927955627441,28100
2024-03-20,10.6899995803833,11.229999542236328,10.510000228881836,11.140000343322754,10.935675621032715,70600
2024-03-21,11.289999961853027,11.390000343322754,11.15999984741211,11.270000457763672,11.0632905960083,44700
2024-03-22,11.329999923706055,11.329999923706055,11.09000015258789,11.1899995803833,10.984757423400879,28000
2024-03-25,11.229999542236328,11.319999694824219,11.029999732971191,11.039999961853027,10.837509155273438,21900
2024-03-26,11.010000228881836,11.25,10.850000381469727,10.899999618530273,10.700077056884766,33500
2024-03-27,10.84000015258789,11.199999809265137,10.84000015258789,11.15999984741211,10.955307960510254,44000
2024-03-28,11.100000381469727,11.630000114440918,11.100000381469727,11.5,11.289072036743164,27700
2024-04-01,11.489999771118164,11.579999923706055,11.130000114440918,11.149999618530273,10.945491790771484,20800
2024-04-02,11.050000190734863,11.180000305175781,10.800000190734863,10.899999618530273,10.700077056884766,31200
2024-04-03,10.829999923706055,11.010000228881836,10.829999923706055,10.9399995803833,10.73934268951416,19900
2024-04-04,11.09000015258789,11.229999542236328,10.789999961853027,10.789999961853027,10.592094421386719,21600
2024-04-05,10.819999694824219,10.920000076293945,10.699999809265137,10.850000381469727,10.650994300842285,19000
2024-04-08,10.989999771118164,11.069999694824219,10.800000190734863,10.880000114440918,10.68044376373291,37000
2024-04-09,10.960000038146973,11.079999923706055,10.8100004196167,10.949999809265137,10.749159812927246,16500
2024-04-10,10.789999961853027,10.829999923706055,10.529999732971191,10.720000267028809,10.5233793258667,49600
2024-04-11,10.720000267028809,10.789999961853027,10.550000190734863,10.630000114440918,10.435029029846191,30900
2024-04-12,10.5,10.75,10.5,10.569999694824219,10.376130104064941,17800
2024-04-15,10.550000190734863,10.699999809265137,10.399999618530273,10.579999923706055,10.385945320129395,33000
2024-04-16,10.600000381469727,10.760000228881836,10.399999618530273,10.59000015258789,10.39576244354248,36400
2024-04-17,10.59000015258789,10.649999618530273,10.479999542236328,10.529999732971191,10.336862564086914,15800
2024-04-18,10.520000457763672,10.670000076293945,10.329999923706055,10.449999809265137,10.258330345153809,39100
2024-04-19,10.420000076293945,10.680000305175781,10.329999923706055,10.630000114440918,10.435029029846191,35900
2024-04-22,10.6899995803833,10.930000305175781,10.520000457763672,10.699999809265137,10.503745079040527,17600
2024-04-23,10.890000343322754,10.960000038146973,10.729999542236328,10.800000190734863,10.601911544799805,13200
2024-04-24,10.649999618530273,10.960000038146973,10.600000381469727,10.760000228881836,10.562644958496094,43700
2024-04-25,10.829999923706055,10.920000076293945,10.680000305175781,10.850000381469727,10.650994300842285,28900
2024-04-26,10.970000267028809,10.979999542236328,10.739999771118164,10.800000190734863,10.601911544799805,19700
2024-04-29,10.779999732971191,11.319999694824219,10.739999771118164,11.069999694824219,10.866957664489746,27100
2024-04-30,10.930000305175781,11.149999618530273,10.680000305175781,10.869999885559082,10.670626640319824,43700
2024-05-01,10.880000114440918,11.109999656677246,10.880000114440918,10.979999542236328,10.778609275817871,25900
2024-05-02,10.970000267028809,11.40999984741211,10.970000267028809,11.199999809265137,10.994574546813965,30800
2024-05-03,11.3100004196167,11.699999809265137,11.199999809265137,11.300000190734863,11.092741012573242,37200
2024-05-06,11.25,11.520000457763672,11.210000038146973,11.380000114440918,11.171273231506348,27000
2024-05-07,11.3100004196167,11.529999732971191,11.25,11.25,11.154417037963867,19500
2024-05-08,11.260000228881836,11.34000015258789,11.25,11.289999961853027,11.194077491760254,13800
2024-05-09,11.300000190734863,11.4399995803833,11.210000038146973,11.300000190734863,11.20399284362793,33100
2024-05-10,11.390000343322754,11.479999542236328,11.25,11.399999618530273,11.303142547607422,20300
2024-05-13,11.470000267028809,11.600000381469727,11.350000381469727,11.4399995803833,11.342803001403809,18100
2024-05-14,11.59000015258789,11.680000305175781,11.430000305175781,11.609999656677246,11.511358261108398,25000
2024-05-15,11.710000038146973,11.979999542236328,11.510000228881836,11.930000305175781,11.82863998413086,35500
2024-05-16,12.0,12.0,11.800000190734863,11.899999618530273,11.798894882202148,43900
2024-05-17,12.010000228881836,12.010000228881836,11.819999694824219,11.90999984741211,11.808810234069824,26400
2024-05-20,11.9399995803833,12.180000305175781,11.829999923706055,11.90999984741211,11.808810234069824,22100
2024-05-21,11.949999809265137,12.0600004196167,11.789999961853027,11.880000114440918,11.779065132141113,23700
2024-05-22,11.899999618530273,12.229999542236328,11.880000114440918,12.100000381469727,11.997196197509766,37100
2024-05-23,12.119999885559082,12.170000076293945,11.760000228881836,11.890000343322754,11.788980484008789,34600
2024-05-24,12.0,12.0,11.8100004196167,11.850000381469727,11.749320030212402,31800
2024-05-28,11.920000076293945,12.0600004196167,11.800000190734863,11.859999656677246,11.759234428405762,35200
2024-05-29,11.729999542236328,11.930000305175781,11.59000015258789,11.800000190734863,11.699745178222656,50800
2024-05-30,11.970000267028809,12.149999618530273,11.779999732971191,11.979999542236328,11.878214836120605,26700
2024-05-31,12.170000076293945,12.170000076293945,12.020000457763672,12.079999923706055,11.977365493774414,13900
2024-06-03,12.229999542236328,12.229999542236328,11.880000114440918,11.9399995803833,11.838554382324219,14400
2024-06-04,11.930000305175781,12.119999885559082,11.770000457763672,11.869999885559082,11.769149780273438,32600
2024-06-05,11.899999618530273,12.050000190734863,11.800000190734863,11.880000114440918,11.779065132141113,19900
2024-06-06,11.8100004196167,12.0,11.739999771118164,11.960000038146973,11.85838508605957,34600
2024-06-07,11.920000076293945,11.970000267028809,11.75,11.75,11.650169372558594,27400
2024-06-10,11.65999984741211,11.800000190734863,11.510000228881836,11.600000381469727,11.501443862915039,21800
2024-06-11,11.619999885559082,11.640000343322754,11.3100004196167,11.510000228881836,11.412208557128906,30100
2024-06-12,11.829999923706055,12.4399995803833,11.829999923706055,11.84000015258789,11.739404678344727,35000
2024-06-13,11.770000457763672,11.829999923706055,11.699999809265137,11.8100004196167,11.709659576416016,11700
2024-06-14,11.699999809265137,12.0,11.619999885559082,11.75,11.650169372558594,27500
2024-06-17,11.739999771118164,11.880000114440918,11.260000228881836,11.470000267028809,11.37254810333252,96000
2024-06-18,11.600000381469727,11.729999542236328,11.449999809265137,11.510000228881836,11.412208557128906,37000
2024-06-20,11.390000343322754,11.6899995803833,11.390000343322754,11.470000267028809,11.37254810333252,23500
2024-06-21,11.520000457763672,11.520000457763672,11.300000190734863,11.369999885559082,11.273397445678711,54900
2024-06-24,11.479999542236328,11.979999542236328,11.479999542236328,11.899999618530273,11.798894882202148,22200
2024-06-25,11.890000343322754,11.9399995803833,11.770000457763672,11.8100004196167,11.709659576416016,17000
2024-06-26,11.760000228881836,11.930000305175781,11.710000038146973,11.800000190734863,11.699745178222656,29400
2024-06-27,11.869999885559082,12.149999618530273,11.829999923706055,12.140000343322754,12.036855697631836,26300
2024-06-28,12.260000228881836,12.5,12.210000038146973,12.25,12.14592170715332,203200
2024-07-01,12.3100004196167,12.460000038146973,12.0600004196167,12.149999618530273,12.046770095825195,33600
2024-07-02,12.270000457763672,12.399999618530273,12.210000038146973,12.239999771118164,12.136006355285645,18900
2024-07-03,12.279999732971191,12.319999694824219,12.15999984741211,12.199999809265137,12.096345901489258,11300
2024-07-05,12.199999809265137,12.25,11.930000305175781,12.010000228881836,11.907960891723633,57600
2024-07-08,12.15999984741211,12.270000457763672,12.109999656677246,12.130000114440918,12.026941299438477,27300
2024-07-09,12.149999618530273,12.279999732971191,12.0,12.149999618530273,12.046770095825195,24000
2024-07-10,12.180000305175781,12.479999542236328,12.130000114440918,12.479999542236328,12.373966217041016,30600
2024-07-11,12.649999618530273,13.300000190734863,12.649999618530273,13.260000228881836,13.147339820861816,58500
2024-07-12,13.300000190734863,13.329999923706055,12.720000267028809,13.279999732971191,13.167169570922852,48400
2024-07-15,13.430000305175781,13.5,13.1899995803833,13.350000381469727,13.236576080322266,79800
2024-07-16,13.449999809265137,13.710000038146973,13.449999809265137,13.649999618530273,13.534026145935059,112000
2024-07-17,13.619999885559082,13.779999732971191,13.550000190734863,13.699999809265137,13.583601951599121,86100
2024-07-18,13.59000015258789,13.880000114440918,13.550000190734863,13.649999618530273,13.534026145935059,62100
2024-07-19,13.649999618530273,13.960000038146973,13.550000190734863,13.550000190734863,13.434876441955566,34200
2024-07-22,13.59000015258789,13.75,13.479999542236328,13.699999809265137,13.583601951599121,80100
2024-07-23,13.680000305175781,13.869999885559082,13.520000457763672,13.800000190734863,13.68275260925293,172000
2024-07-24,13.779999732971191,14.079999923706055,13.779999732971191,14.0,13.88105297088623,154500
2024-07-25,14.260000228881836,14.380000114440918,14.010000228881836,14.15999984741211,14.039692878723145,234400
2024-07-26,14.350000381469727,15.5600004196167,14.350000381469727,15.449999809265137,15.318733215332031,159600
2024-07-29,15.5600004196167,15.5600004196167,15.170000076293945,15.260000228881836,15.130348205566406,64000
2024-07-30,15.369999885559082,15.800000190734863,15.199999809265137,15.600000381469727,15.467459678649902,94600
2024-07-31,15.699999809265137,15.760000228881836,15.479999542236328,15.529999732971191,15.398053169250488,124100
2024-08-01,15.59000015258789,15.739999771118164,14.359999656677246,14.550000190734863,14.426380157470703,103800
2024-08-02,14.100000381469727,14.260000228881836,13.789999961853027,13.960000038146973,13.841392517089844,51900
2024-08-05,13.40999984741211,13.630000114440918,13.220000267028809,13.319999694824219,13.206830024719238,64800
2024-08-06,13.289999961853027,13.510000228881836,13.119999885559082,13.300000190734863,13.187000274658203,42700
2024-08-07,13.350000381469727,13.5600004196167,13.020000457763672,13.09000015258789,13.09000015258789,34900
2024-08-08,13.489999771118164,13.489999771118164,13.149999618530273,13.25,13.25,31700
2024-08-09,13.279999732971191,13.430000305175781,13.069999694824219,13.140000343322754,13.140000343322754,28177
