Date,Open,High,Low,Close,Adj Close,Volume
2004-12-14,133.0,133.0,116.97000122070312,117.25,117.25,297857
2004-12-15,118.93000030517578,121.44999694824219,117.25,120.95999908447266,120.95999908447266,27286
2004-12-16,122.43000030517578,123.76000213623047,119.06999969482422,123.55000305175781,123.55000305175781,21929
2004-12-17,124.25,133.0,120.75,126.13999938964844,126.13999938964844,22443
2004-12-20,127.75,137.5500030517578,125.86000061035156,132.92999267578125,132.92999267578125,41814
2004-12-21,135.8000030517578,135.8000030517578,130.1999969482422,134.75,134.75,5957
2004-12-22,135.4499969482422,148.9600067138672,135.4499969482422,145.17999267578125,145.17999267578125,13371
2004-12-23,147.0,149.66000366210938,142.52000427246094,145.52999877929688,145.52999877929688,13729
2004-12-27,146.86000061035156,147.6999969482422,140.0,141.82000732421875,141.82000732421875,4829
2004-12-28,143.22000122070312,148.67999267578125,141.82000732421875,146.86000061035156,146.86000061035156,2714
2004-12-29,147.6999969482422,147.6999969482422,141.75,146.64999389648438,146.64999389648438,2643
2004-12-30,145.25,145.9499969482422,140.07000732421875,144.27000427246094,144.27000427246094,3329
2004-12-31,142.24000549316406,154.6999969482422,142.24000549316406,153.7899932861328,153.7899932861328,6229
2005-01-03,172.33999633789062,173.74000549316406,154.2100067138672,156.10000610351562,156.10000610351562,30857
2005-01-04,157.0800018310547,159.25,143.63999938964844,150.85000610351562,150.85000610351562,13929
2005-01-05,150.5,150.5,141.5399932861328,142.4499969482422,142.4499969482422,11571
2005-01-06,141.0500030517578,141.39999389648438,128.72999572753906,138.0399932861328,138.0399932861328,17614
2005-01-07,136.5,139.5800018310547,131.9499969482422,134.88999938964844,134.88999938964844,5300
2005-01-10,136.14999389648438,143.36000061035156,133.0,142.10000610351562,142.10000610351562,11114
2005-01-11,142.8000030517578,142.8000030517578,137.33999633789062,140.0,140.0,13529
2005-01-12,139.7899932861328,141.82000732421875,136.5,138.38999938964844,138.38999938964844,5986
2005-01-13,136.57000732421875,139.92999267578125,135.58999633789062,138.8800048828125,138.8800048828125,5671
2005-01-14,135.8000030517578,151.1300048828125,135.8000030517578,144.41000366210938,144.41000366210938,4843
2005-01-18,138.80999755859375,152.32000732421875,138.80999755859375,151.75999450683594,151.75999450683594,16771
2005-01-19,160.64999389648438,164.2899932861328,154.0,158.89999389648438,158.89999389648438,17071
2005-01-20,160.3000030517578,160.3000030517578,154.35000610351562,157.5,157.5,3057
2005-01-21,159.4600067138672,161.0,151.97000122070312,160.92999267578125,160.92999267578125,19714
2005-01-24,163.30999755859375,164.42999267578125,156.72999572753906,160.3699951171875,160.3699951171875,12557
2005-01-25,161.35000610351562,162.47000122070312,157.57000732421875,158.5500030517578,158.5500030517578,7171
2005-01-26,161.4199981689453,168.13999938964844,161.0,168.0,168.0,16914
2005-01-27,168.0,175.0,167.92999267578125,170.10000610351562,170.10000610351562,21971
2005-01-28,169.82000732421875,172.1999969482422,165.1300048828125,168.6999969482422,168.6999969482422,7029
2005-01-31,172.1300048828125,172.1300048828125,159.60000610351562,167.64999389648438,167.64999389648438,11814
2005-02-01,167.92999267578125,169.0500030517578,164.99000549316406,166.60000610351562,166.60000610351562,3971
2005-02-02,166.60000610351562,171.5,165.1999969482422,169.67999267578125,169.67999267578125,11114
2005-02-03,181.92999267578125,181.92999267578125,172.5500030517578,175.49000549316406,175.49000549316406,30757
2005-02-04,172.5500030517578,188.08999633789062,172.5500030517578,183.0500030517578,183.0500030517578,31743
2005-02-07,186.05999755859375,186.89999389648438,171.85000610351562,173.74000549316406,173.74000549316406,20429
2005-02-08,175.83999633789062,178.36000061035156,173.32000732421875,173.38999938964844,173.38999938964844,11200
2005-02-09,173.25,181.86000061035156,171.5,175.35000610351562,175.35000610351562,11771
2005-02-10,181.02000427246094,181.02000427246094,175.83999633789062,178.85000610351562,178.85000610351562,4914
2005-02-11,174.64999389648438,174.64999389648438,154.13999938964844,160.44000244140625,160.44000244140625,31400
2005-02-14,158.89999389648438,170.94000244140625,154.0,168.0,168.0,13071
2005-02-15,170.10000610351562,170.66000366210938,161.0,162.9600067138672,162.9600067138672,5643
2005-02-16,164.9199981689453,173.38999938964844,163.1699981689453,171.42999267578125,171.42999267578125,7614
2005-02-17,173.52999877929688,189.07000732421875,172.27000427246094,187.32000732421875,187.32000732421875,28857
2005-02-18,188.3000030517578,189.6999969482422,173.4600067138672,187.4600067138672,187.4600067138672,22243
2005-02-22,191.30999755859375,197.75,187.4600067138672,192.5,192.5,61329
2005-02-23,195.44000244140625,197.1199951171875,191.10000610351562,194.4600067138672,194.4600067138672,26529
2005-02-24,196.0,203.0,179.69000244140625,182.35000610351562,182.35000610351562,34457
2005-02-25,196.0,198.66000366210938,182.0,193.1999969482422,193.1999969482422,69814
2005-02-28,203.49000549316406,217.0,194.6699981689453,207.89999389648438,207.89999389648438,134986
2005-03-01,211.67999267578125,211.67999267578125,196.13999938964844,203.0,203.0,54514
2005-03-02,206.9199981689453,206.9199981689453,171.5,182.91000366210938,182.91000366210938,178486
2005-03-03,183.0500030517578,186.1999969482422,175.07000732421875,179.69000244140625,179.69000244140625,36357
2005-03-04,179.27000427246094,192.2899932861328,175.0,189.6999969482422,189.6999969482422,53686
2005-03-07,188.3699951171875,202.64999389648438,188.3699951171875,195.86000061035156,195.86000061035156,40186
2005-03-08,193.89999389648438,199.57000732421875,182.35000610351562,189.55999755859375,189.55999755859375,15386
2005-03-09,191.4499969482422,191.4499969482422,175.2100067138672,181.64999389648438,181.64999389648438,25686
2005-03-10,180.74000549316406,180.74000549316406,168.6999969482422,174.3000030517578,174.3000030517578,41586
2005-03-11,171.22000122070312,175.55999755859375,168.07000732421875,172.75999450683594,172.75999450683594,18786
2005-03-14,171.5,171.5,151.1999969482422,153.3699951171875,153.3699951171875,61900
2005-03-15,162.39999389648438,171.36000061035156,161.0,165.89999389648438,165.89999389648438,49714
2005-03-16,166.9499969482422,170.02999877929688,161.55999755859375,162.1199951171875,162.1199951171875,20557
2005-03-17,161.35000610351562,162.39999389648438,154.0,156.8000030517578,156.8000030517578,23857
2005-03-18,157.14999389648438,168.0,157.14999389648438,161.55999755859375,161.55999755859375,9071
2005-03-21,160.5800018310547,164.22000122070312,152.9499969482422,154.77000427246094,154.77000427246094,10157
2005-03-22,154.6999969482422,163.58999633789062,151.47999572753906,153.16000366210938,153.16000366210938,17929
2005-03-23,152.32000732421875,154.07000732421875,142.4499969482422,147.2100067138672,147.2100067138672,23214
2005-03-24,144.41000366210938,156.8699951171875,144.1999969482422,155.25999450683594,155.25999450683594,18971
2005-03-28,156.58999633789062,157.99000549316406,147.83999633789062,156.58999633789062,156.58999633789062,8900
2005-03-29,150.9199981689453,153.44000244140625,144.05999755859375,149.1699981689453,149.1699981689453,16100
2005-03-30,150.5,153.08999633789062,145.60000610351562,149.02999877929688,149.02999877929688,8529
2005-03-31,149.8000030517578,158.33999633789062,146.44000244140625,149.02999877929688,149.02999877929688,32943
2005-04-01,148.5399932861328,151.89999389648438,140.13999938964844,142.3800048828125,142.3800048828125,21529
2005-04-04,144.89999389648438,147.97999572753906,132.50999450683594,141.67999267578125,141.67999267578125,25943
2005-04-05,142.02999877929688,142.58999633789062,135.66000366210938,141.1199951171875,141.1199951171875,19843
2005-04-06,141.0500030517578,142.72999572753906,136.5,137.5500030517578,137.5500030517578,19357
2005-04-07,136.14999389648438,140.0,134.3300018310547,140.0,140.0,7143
2005-04-08,140.07000732421875,140.77000427246094,134.9600067138672,136.77999877929688,136.77999877929688,9786
2005-04-11,139.3000030517578,139.3000030517578,131.60000610351562,135.30999755859375,135.30999755859375,15743
2005-04-12,144.1300048828125,162.5399932861328,143.9199981689453,159.60000610351562,159.60000610351562,89743
2005-04-13,164.5,175.0,161.91000366210938,165.69000244140625,165.69000244140625,80629
2005-04-14,161.2100067138672,164.42999267578125,154.6999969482422,156.72999572753906,156.72999572753906,27143
2005-04-15,155.0500030517578,158.5500030517578,145.6699981689453,151.89999389648438,151.89999389648438,17114
2005-04-18,150.77999877929688,154.6999969482422,145.25,149.10000610351562,149.10000610351562,21057
2005-04-19,148.75,160.72000122070312,148.75,157.5,157.5,13971
2005-04-20,157.5,159.0399932861328,143.77999877929688,147.55999755859375,147.55999755859375,23071
2005-04-21,147.13999938964844,154.49000549316406,144.5500030517578,154.0,154.0,22786
2005-04-22,153.64999389648438,155.75,149.8699951171875,155.0500030517578,155.0500030517578,16671
2005-04-25,155.75,158.89999389648438,152.60000610351562,156.94000244140625,156.94000244140625,11686
2005-04-26,157.5,169.75,154.27999877929688,162.19000244140625,162.19000244140625,32271
2005-04-27,164.42999267578125,166.25,158.1999969482422,165.1999969482422,165.1999969482422,16071
2005-04-28,165.89999389648438,169.3300018310547,159.9499969482422,165.41000366210938,165.41000366210938,8000
2005-04-29,164.5,169.47000122070312,162.61000061035156,165.8300018310547,165.8300018310547,5514
2005-05-02,166.11000061035156,173.8800048828125,164.42999267578125,169.25999450683594,169.25999450683594,11743
2005-05-03,168.4199981689453,171.5,162.25999450683594,170.10000610351562,170.10000610351562,11000
2005-05-04,174.64999389648438,180.74000549316406,168.49000549316406,177.8000030517578,177.8000030517578,34786
2005-05-05,179.5500030517578,187.9499969482422,178.00999450683594,185.85000610351562,185.85000610351562,17729
2005-05-06,186.89999389648438,189.0,180.0399932861328,184.10000610351562,184.10000610351562,9900
2005-05-09,185.5,185.5,180.8800048828125,183.0500030517578,183.0500030517578,5786
2005-05-10,182.13999938964844,185.36000061035156,180.32000732421875,182.0,182.0,2771
2005-05-11,182.0,184.72999572753906,175.35000610351562,182.35000610351562,182.35000610351562,5429
2005-05-12,183.3300018310547,189.2100067138672,178.00999450683594,180.32000732421875,180.32000732421875,3157
2005-05-13,179.5500030517578,179.5500030517578,164.5,169.39999389648438,169.39999389648438,16786
2005-05-16,168.0,172.27000427246094,165.75999450683594,171.85000610351562,171.85000610351562,5500
2005-05-17,169.75,175.0,169.39999389648438,173.25,173.25,4557
2005-05-18,174.02000427246094,177.1699981689453,170.4499969482422,173.9499969482422,173.9499969482422,19371
2005-05-19,175.0,176.0500030517578,171.0800018310547,172.27000427246094,172.27000427246094,4529
2005-05-20,172.89999389648438,174.22999572753906,168.77000427246094,172.5500030517578,172.5500030517578,4757
2005-05-23,173.60000610351562,173.9499969482422,168.6999969482422,171.7100067138672,171.7100067138672,6614
2005-05-24,168.0,168.49000549316406,159.38999938964844,162.75,162.75,27029
2005-05-25,163.72999572753906,163.72999572753906,157.2899932861328,158.05999755859375,158.05999755859375,9186
2005-05-26,157.85000610351562,167.92999267578125,157.85000610351562,162.3300018310547,162.3300018310547,6400
2005-05-27,167.44000244140625,167.44000244140625,161.13999938964844,164.14999389648438,164.14999389648438,3986
2005-05-31,166.25,168.6999969482422,162.39999389648438,163.8000030517578,163.8000030517578,5929
2005-06-01,165.41000366210938,169.3300018310547,162.61000061035156,169.0500030517578,169.0500030517578,20486
2005-06-02,169.39999389648438,171.5,168.6999969482422,171.5,171.5,11514
2005-06-03,172.05999755859375,173.0399932861328,168.6999969482422,172.89999389648438,172.89999389648438,9814
2005-06-06,173.74000549316406,177.10000610351562,171.7100067138672,175.27999877929688,175.27999877929688,18300
2005-06-07,175.6999969482422,177.30999755859375,174.5800018310547,176.75,176.75,9157
2005-06-08,176.75,177.58999633789062,175.0,175.4199981689453,175.4199981689453,11286
2005-06-09,174.50999450683594,175.07000732421875,168.07000732421875,173.52999877929688,173.52999877929688,9714
2005-06-10,173.60000610351562,173.6699981689453,167.3000030517578,170.1699981689453,170.1699981689453,4971
2005-06-13,170.3800048828125,170.3800048828125,166.25,168.27999877929688,168.27999877929688,6343
2005-06-14,167.86000061035156,167.86000061035156,162.19000244140625,165.27000427246094,165.27000427246094,19543
2005-06-15,163.3800048828125,168.0,162.39999389648438,167.3699951171875,167.3699951171875,15457
2005-06-16,171.00999450683594,176.67999267578125,164.57000732421875,167.92999267578125,167.92999267578125,65714
2005-06-17,175.6999969482422,179.75999450683594,171.5,176.39999389648438,176.39999389648438,208700
2005-06-20,178.2899932861328,181.3000030517578,170.30999755859375,175.35000610351562,175.35000610351562,74257
2005-06-21,175.77000427246094,176.0500030517578,171.5,175.49000549316406,175.49000549316406,18671
2005-06-22,175.97999572753906,178.2899932861328,175.0,176.0500030517578,176.0500030517578,14900
2005-06-23,175.27999877929688,177.24000549316406,168.13999938964844,170.1699981689453,170.1699981689453,24057
2005-06-24,167.7899932861328,170.1699981689453,157.5,164.7100067138672,164.7100067138672,64929
2005-06-27,161.0,166.11000061035156,161.0,164.57000732421875,164.57000732421875,24529
2005-06-28,164.0800018310547,170.72999572753906,161.0,168.97999572753906,168.97999572753906,18000
2005-06-29,172.47999572753906,172.47999572753906,165.27000427246094,167.08999633789062,167.08999633789062,13971
2005-06-30,166.6699981689453,172.69000244140625,165.6199951171875,169.5399932861328,169.5399932861328,19257
2005-07-01,169.9600067138672,171.5,166.6699981689453,169.39999389648438,169.39999389648438,8614
2005-07-05,168.13999938964844,170.94000244140625,165.75999450683594,170.02999877929688,170.02999877929688,9343
2005-07-06,168.83999633789062,172.69000244140625,167.16000366210938,169.39999389648438,169.39999389648438,7457
2005-07-07,167.72000122070312,178.5,167.16000366210938,178.5,178.5,72929
2005-07-08,187.25,196.0,185.57000732421875,191.30999755859375,191.30999755859375,91343
2005-07-11,192.5,197.75,191.8699951171875,194.25,194.25,32686
2005-07-12,195.22999572753906,195.22999572753906,191.30999755859375,194.38999938964844,194.38999938964844,10743
2005-07-13,194.52999877929688,194.6699981689453,191.94000244140625,193.6199951171875,193.6199951171875,9986
2005-07-14,194.25,199.5,193.1300048828125,193.97000122070312,193.97000122070312,27543
2005-07-15,193.97000122070312,195.16000366210938,185.5,194.60000610351562,194.60000610351562,17243
2005-07-18,195.3000030517578,196.07000732421875,189.0,189.0,189.0,13286
2005-07-19,193.1300048828125,193.1300048828125,180.60000610351562,183.25999450683594,183.25999450683594,51871
2005-07-20,184.10000610351562,189.6999969482422,178.9199981689453,189.0,189.0,19971
2005-07-21,189.0,189.0,182.0,184.66000366210938,184.66000366210938,8571
2005-07-22,185.0800018310547,185.77999877929688,182.07000732421875,185.5,185.5,18314
2005-07-25,186.41000366210938,187.17999267578125,182.07000732421875,182.97999572753906,182.97999572753906,11800
2005-07-26,183.75,186.5500030517578,182.77000427246094,183.39999389648438,183.39999389648438,16371
2005-07-27,183.75,185.36000061035156,172.1999969482422,182.6999969482422,182.6999969482422,20986
2005-07-28,182.0,197.67999267578125,182.0,196.91000366210938,196.91000366210938,47343
2005-07-29,201.9499969482422,203.0,193.41000366210938,197.25999450683594,197.25999450683594,48714
2005-08-01,199.2899932861328,205.94000244140625,193.27000427246094,205.72999572753906,205.72999572753906,82900
2005-08-02,187.9499969482422,193.33999633789062,182.55999755859375,186.33999633789062,186.33999633789062,131071
2005-08-03,182.6999969482422,191.1699981689453,182.6999969482422,186.27000427246094,186.27000427246094,53071
2005-08-04,185.42999267578125,187.0399932861328,180.8800048828125,185.2899932861328,185.2899932861328,19971
2005-08-05,183.39999389648438,183.75,165.1300048828125,170.4499969482422,170.4499969482422,64243
2005-08-08,168.97999572753906,170.1699981689453,158.1300048828125,160.72000122070312,160.72000122070312,59414
2005-08-09,161.2100067138672,171.36000061035156,160.72000122070312,165.6199951171875,165.6199951171875,37643
2005-08-10,166.52999877929688,170.02999877929688,161.07000732421875,166.74000549316406,166.74000549316406,18400
2005-08-11,165.89999389648438,168.0,161.49000549316406,166.74000549316406,166.74000549316406,17500
2005-08-12,166.0399932861328,167.7899932861328,162.39999389648438,163.94000244140625,163.94000244140625,10671
2005-08-15,163.66000366210938,164.85000610351562,159.80999755859375,163.02999877929688,163.02999877929688,7071
2005-08-16,162.61000061035156,162.75,160.5800018310547,161.6300048828125,161.6300048828125,5129
2005-08-17,161.0,161.0,151.1999969482422,156.10000610351562,156.10000610351562,26243
2005-08-18,156.8699951171875,157.99000549316406,152.60000610351562,157.0800018310547,157.0800018310547,15743
2005-08-19,158.1300048828125,158.1300048828125,153.3000030517578,154.0,154.0,19286
2005-08-22,153.44000244140625,156.58999633789062,152.60000610351562,156.52000427246094,156.52000427246094,8629
2005-08-23,156.8000030517578,157.5,152.9499969482422,154.6999969482422,154.6999969482422,9400
2005-08-24,154.55999755859375,165.1999969482422,153.3699951171875,156.8699951171875,156.8699951171875,18329
2005-08-25,157.5,160.5800018310547,144.41000366210938,146.3000030517578,146.3000030517578,47571
2005-08-26,144.5500030517578,147.91000366210938,141.75,146.92999267578125,146.92999267578125,19886
2005-08-29,145.17999267578125,147.91000366210938,143.0800018310547,145.8800048828125,145.8800048828125,33257
2005-08-30,144.75999450683594,149.30999755859375,144.1999969482422,144.5500030517578,144.5500030517578,17500
2005-08-31,144.5500030517578,150.0800018310547,143.7100067138672,149.10000610351562,149.10000610351562,23114
2005-09-01,149.52000427246094,152.74000549316406,147.07000732421875,151.89999389648438,151.89999389648438,10829
2005-09-02,152.25,159.4600067138672,148.47000122070312,148.88999938964844,148.88999938964844,19900
2005-09-06,149.66000366210938,151.97000122070312,147.97999572753906,151.1999969482422,151.1999969482422,19514
2005-09-07,150.99000549316406,152.38999938964844,148.67999267578125,150.5,150.5,12443
2005-09-08,148.5399932861328,148.75,140.0,144.27000427246094,144.27000427246094,26614
2005-09-09,143.7100067138672,146.22999572753906,140.6999969482422,143.5,143.5,14443
2005-09-12,143.77999877929688,145.38999938964844,143.22000122070312,145.32000732421875,145.32000732421875,11557
2005-09-13,145.32000732421875,146.22999572753906,142.10000610351562,142.94000244140625,142.94000244140625,16329
2005-09-14,143.00999450683594,143.00999450683594,137.89999389648438,140.91000366210938,140.91000366210938,18314
2005-09-15,141.47000122070312,145.8800048828125,141.47000122070312,142.10000610351562,142.10000610351562,11200
2005-09-16,143.22000122070312,143.2899932861328,139.02000427246094,140.2100067138672,140.2100067138672,7329
2005-09-19,139.86000061035156,140.83999633789062,134.82000732421875,136.85000610351562,136.85000610351562,6829
2005-09-20,136.7100067138672,137.1300048828125,126.69999694824219,129.63999938964844,129.63999938964844,27171
2005-09-21,128.8000030517578,133.0,127.75,129.0800018310547,129.0800018310547,23171
2005-09-22,129.5,135.8699951171875,129.5,135.52000427246094,135.52000427246094,14357
2005-09-23,135.10000610351562,139.7899932861328,130.5500030517578,134.88999938964844,134.88999938964844,13757
2005-09-26,134.75,136.0800018310547,130.5500030517578,132.22999572753906,132.22999572753906,7429
2005-09-27,131.60000610351562,133.07000732421875,128.10000610351562,130.89999389648438,130.89999389648438,14129
2005-09-28,131.25,132.16000366210938,124.31999969482422,128.52000427246094,128.52000427246094,19914
2005-09-29,128.30999755859375,138.60000610351562,124.73999786376953,135.1699981689453,135.1699981689453,45071
2005-09-30,134.9600067138672,141.47000122070312,134.9600067138672,139.44000244140625,139.44000244140625,23429
2005-10-03,139.3000030517578,139.7899932861328,135.4499969482422,135.66000366210938,135.66000366210938,9629
2005-10-04,135.4499969482422,135.8000030517578,131.74000549316406,133.6300048828125,133.6300048828125,17743
2005-10-05,133.13999938964844,133.13999938964844,125.0199966430664,125.6500015258789,125.6500015258789,13771
2005-10-06,125.37000274658203,127.33000183105469,120.19000244140625,121.66000366210938,121.66000366210938,24600
2005-10-07,121.02999877929688,124.94999694824219,119.0,120.75,120.75,30671
2005-10-10,119.83999633789062,119.83999633789062,105.13999938964844,109.33999633789062,109.33999633789062,107043
2005-10-11,115.77999877929688,121.37999725341797,115.77999877929688,117.5999984741211,117.5999984741211,42000
2005-10-12,117.25,117.25,112.91000366210938,114.0999984741211,114.0999984741211,18000
2005-10-13,114.7300033569336,114.7300033569336,106.54000091552734,111.2300033569336,111.2300033569336,31271
2005-10-14,112.20999908447266,114.0999984741211,108.63999938964844,112.91000366210938,112.91000366210938,17743
2005-10-17,109.9000015258789,121.37999725341797,108.56999969482422,120.88999938964844,120.88999938964844,24086
2005-10-18,120.68000030517578,120.75,116.76000213623047,118.08999633789062,118.08999633789062,17886
2005-10-19,117.38999938964844,121.80000305175781,114.23999786376953,121.80000305175781,121.80000305175781,17671
2005-10-20,121.80000305175781,124.52999877929688,119.7699966430664,122.91999816894531,122.91999816894531,16429
2005-10-21,124.04000091552734,125.2300033569336,119.55999755859375,122.91999816894531,122.91999816894531,15471
2005-10-24,123.33999633789062,126.06999969482422,120.61000061035156,124.52999877929688,124.52999877929688,12400
2005-10-25,124.04000091552734,125.44000244140625,119.06999969482422,119.55999755859375,119.55999755859375,5714
2005-10-26,120.12000274658203,121.66000366210938,116.83000183105469,117.31999969482422,117.31999969482422,4300
2005-10-27,116.55000305175781,116.55000305175781,109.69000244140625,109.69000244140625,109.69000244140625,6957
2005-10-28,109.19999694824219,117.52999877929688,109.19999694824219,113.88999938964844,113.88999938964844,19914
2005-10-31,114.87000274658203,121.02999877929688,112.7699966430664,116.19999694824219,116.19999694824219,14771
2005-11-01,115.43000030517578,117.25,112.91000366210938,115.01000213623047,115.01000213623047,14414
2005-11-02,115.56999969482422,122.1500015258789,114.66000366210938,117.45999908447266,117.45999908447266,64057
2005-11-03,118.16000366210938,125.30000305175781,118.16000366210938,124.38999938964844,124.38999938964844,32557
2005-11-04,123.69000244140625,125.44000244140625,120.88999938964844,122.91999816894531,122.91999816894531,8786
2005-11-07,122.56999969482422,125.37000274658203,120.26000213623047,124.87999725341797,124.87999725341797,18486
2005-11-08,124.87999725341797,124.87999725341797,114.66000366210938,117.94999694824219,117.94999694824219,36457
2005-11-09,118.93000030517578,118.93000030517578,114.30999755859375,115.77999877929688,115.77999877929688,9086
2005-11-10,115.77999877929688,117.45999908447266,109.55000305175781,114.23999786376953,114.23999786376953,17557
2005-11-11,114.16999816894531,115.63999938964844,110.38999938964844,112.9800033569336,112.9800033569336,24071
2005-11-14,113.61000061035156,115.01000213623047,110.5999984741211,112.55999755859375,112.55999755859375,6271
2005-11-15,112.0,112.3499984741211,108.5,108.70999908447266,108.70999908447266,8471
2005-11-16,108.5,110.87999725341797,108.5,109.19999694824219,109.19999694824219,7000
2005-11-17,110.04000091552734,113.68000030517578,108.1500015258789,113.19000244140625,113.19000244140625,23157
2005-11-18,113.54000091552734,115.08000183105469,111.16000366210938,111.58000183105469,111.58000183105469,9186
2005-11-21,111.58000183105469,113.05000305175781,110.52999877929688,113.05000305175781,113.05000305175781,4500
2005-11-22,113.75,116.97000122070312,111.16000366210938,114.94000244140625,114.94000244140625,58957
2005-11-23,114.80000305175781,117.45999908447266,114.5199966430664,114.87000274658203,114.87000274658203,24071
2005-11-25,114.23999786376953,115.36000061035156,112.62999725341797,113.75,113.75,2786
2005-11-28,113.75,114.44999694824219,110.52999877929688,110.80999755859375,110.80999755859375,6200
2005-11-29,111.44000244140625,113.68000030517578,108.08000183105469,108.5,108.5,10643
2005-11-30,108.5,110.11000061035156,105.91000366210938,107.58999633789062,107.58999633789062,11771
2005-12-01,108.1500015258789,111.79000091552734,107.66000366210938,110.45999908447266,110.45999908447266,30914
2005-12-02,109.9000015258789,111.30000305175781,108.63999938964844,109.33999633789062,109.33999633789062,12500
2005-12-05,105.83999633789062,107.7300033569336,97.30000305175781,98.27999877929688,98.27999877929688,61114
2005-12-06,99.47000122070312,99.47000122070312,93.37999725341797,95.76000213623047,95.76000213623047,97129
2005-12-07,95.76000213623047,95.9000015258789,94.5,95.12999725341797,95.12999725341797,30286
2005-12-08,95.19999694824219,102.12999725341797,94.8499984741211,100.5199966430664,100.5199966430664,79514
2005-12-09,100.5199966430664,100.5199966430664,96.25,99.19000244140625,99.19000244140625,11643
2005-12-12,99.19000244140625,102.76000213623047,98.69999694824219,99.88999938964844,99.88999938964844,15114
2005-12-13,99.75,101.98999786376953,99.61000061035156,99.88999938964844,99.88999938964844,16386
2005-12-14,99.4000015258789,105.0,99.4000015258789,104.86000061035156,104.86000061035156,21271
2005-12-15,104.86000061035156,108.43000030517578,100.66000366210938,101.36000061035156,101.36000061035156,19686
2005-12-16,101.63999938964844,105.0,100.87000274658203,104.93000030517578,104.93000030517578,19557
2005-12-19,105.0,106.26000213623047,101.01000213623047,102.41000366210938,102.41000366210938,11186
2005-12-20,101.22000122070312,108.43000030517578,101.1500015258789,103.18000030517578,103.18000030517578,19257
2005-12-21,102.9000015258789,104.72000122070312,100.44999694824219,101.08000183105469,101.08000183105469,7186
2005-12-22,100.5199966430664,102.62000274658203,100.5199966430664,101.5,101.5,13114
2005-12-23,102.05999755859375,102.19999694824219,99.75,100.66000366210938,100.66000366210938,12557
2005-12-27,100.23999786376953,101.5,99.75,100.16999816894531,100.16999816894531,12800
2005-12-28,100.0999984741211,101.5,98.0,99.26000213623047,99.26000213623047,30900
2005-12-29,99.75,100.94000244140625,99.05000305175781,99.4000015258789,99.4000015258789,22014
2005-12-30,99.81999969482422,100.7300033569336,98.20999908447266,98.7699966430664,98.7699966430664,16271
2006-01-03,100.02999877929688,102.55000305175781,98.0,101.98999786376953,101.98999786376953,24986
2006-01-04,101.98999786376953,102.33999633789062,98.3499984741211,98.3499984741211,98.3499984741211,13914
2006-01-05,99.12000274658203,101.77999877929688,98.69999694824219,100.30999755859375,100.30999755859375,8900
2006-01-06,99.61000061035156,100.0999984741211,96.73999786376953,99.26000213623047,99.26000213623047,38600
2006-01-09,99.26000213623047,102.05999755859375,98.69999694824219,100.94000244140625,100.94000244140625,28814
2006-01-10,99.95999908447266,102.19999694824219,99.88999938964844,101.01000213623047,101.01000213623047,20129
2006-01-11,102.19999694824219,102.83000183105469,99.75,100.44999694824219,100.44999694824219,23986
2006-01-12,100.80000305175781,100.80000305175781,98.06999969482422,98.20999908447266,98.20999908447266,22743
2006-01-13,98.0,98.91000366210938,96.52999877929688,96.5999984741211,96.5999984741211,6700
2006-01-17,96.87999725341797,99.95999908447266,96.5999984741211,97.79000091552734,97.79000091552734,11257
2006-01-18,97.08999633789062,100.66000366210938,97.08999633789062,98.0,98.0,15671
2006-01-19,99.12000274658203,100.02999877929688,96.5999984741211,96.5999984741211,96.5999984741211,16257
2006-01-20,97.37000274658203,97.72000122070312,94.5,94.63999938964844,94.63999938964844,13629
2006-01-23,94.5,95.83000183105469,91.20999908447266,92.12000274658203,92.12000274658203,19571
2006-01-24,92.12000274658203,93.0999984741211,86.58999633789062,90.72000122070312,90.72000122070312,35143
2006-01-25,91.3499984741211,91.3499984741211,87.56999969482422,88.76000213623047,88.76000213623047,14043
2006-01-26,89.5999984741211,93.02999877929688,88.9000015258789,91.83999633789062,91.83999633789062,20286
2006-01-27,92.05000305175781,93.16999816894531,90.30000305175781,91.62999725341797,91.62999725341797,24243
2006-01-30,91.27999877929688,91.48999786376953,89.80999755859375,90.08999633789062,90.08999633789062,12129
2006-01-31,89.87999725341797,89.87999725341797,75.25,76.93000030517578,76.93000030517578,117929
2006-02-01,77.06999969482422,79.66000366210938,76.0199966430664,76.37000274658203,76.37000274658203,66343
2006-02-02,78.12000274658203,78.12000274658203,75.25,75.38999938964844,75.38999938964844,19286
2006-02-03,75.38999938964844,77.83999633789062,73.5,74.41000366210938,74.41000366210938,34486
2006-02-06,74.9000015258789,75.87999725341797,73.8499984741211,74.33999633789062,74.33999633789062,19914
2006-02-07,74.55000305175781,74.76000213623047,71.05000305175781,72.44999694824219,72.44999694824219,62486
2006-02-08,73.1500015258789,73.22000122070312,70.7699966430664,71.4000015258789,71.4000015258789,42300
2006-02-09,71.33000183105469,71.68000030517578,69.51000213623047,69.6500015258789,69.6500015258789,41814
2006-02-10,69.72000122070312,69.72000122070312,67.12999725341797,67.83000183105469,67.83000183105469,38971
2006-02-13,67.55000305175781,70.7699966430664,67.55000305175781,68.18000030517578,68.18000030517578,21586
2006-02-14,68.5999984741211,71.05000305175781,66.8499984741211,70.27999877929688,70.27999877929688,33686
2006-02-15,70.62999725341797,73.77999877929688,69.6500015258789,72.80000305175781,72.80000305175781,39186
2006-02-16,73.63999938964844,74.62000274658203,70.7699966430664,71.4000015258789,71.4000015258789,26886
2006-02-17,71.81999969482422,72.44999694824219,70.0,70.0,70.0,18100
2006-02-21,70.55999755859375,72.37999725341797,66.70999908447266,66.91999816894531,66.91999816894531,27329
2006-02-22,66.98999786376953,69.0199966430664,66.5,67.62000274658203,67.62000274658203,58771
2006-02-23,67.97000122070312,69.2300033569336,66.5,68.04000091552734,68.04000091552734,18871
2006-02-24,68.31999969482422,69.0199966430664,67.2699966430664,68.87999725341797,68.87999725341797,9529
2006-02-27,69.2300033569336,70.69999694824219,67.2699966430664,67.9000015258789,67.9000015258789,17129
2006-02-28,67.83000183105469,67.83000183105469,64.81999969482422,65.44999694824219,65.44999694824219,26714
2006-03-01,66.22000122070312,66.70999908447266,65.16999816894531,66.5,66.5,17429
2006-03-02,66.77999877929688,66.91999816894531,65.16999816894531,65.44999694824219,65.44999694824219,33614
2006-03-03,65.44999694824219,65.94000244140625,64.81999969482422,65.02999877929688,65.02999877929688,26629
2006-03-06,65.0999984741211,66.70999908447266,65.0999984741211,65.5199966430664,65.5199966430664,22329
2006-03-07,66.98999786376953,69.6500015258789,62.790000915527344,63.279998779296875,63.279998779296875,104157
2006-03-08,63.70000076293945,63.97999954223633,61.7400016784668,62.15999984741211,62.15999984741211,57700
2006-03-09,62.369998931884766,63.209999084472656,62.22999954223633,62.369998931884766,62.369998931884766,27314
2006-03-10,62.22999954223633,64.88999938964844,61.38999938964844,63.630001068115234,63.630001068115234,34157
2006-03-13,64.12000274658203,65.44999694824219,63.97999954223633,65.16999816894531,65.16999816894531,15286
2006-03-14,65.16999816894531,67.55000305175781,65.16999816894531,67.33999633789062,67.33999633789062,25357
2006-03-15,67.55000305175781,68.5999984741211,65.44999694824219,66.5,66.5,28471
2006-03-16,66.98999786376953,69.2300033569336,66.98999786376953,69.0199966430664,69.0199966430664,21157
2006-03-17,69.30000305175781,73.1500015258789,69.30000305175781,72.80000305175781,72.80000305175781,40786
2006-03-20,73.29000091552734,73.8499984741211,71.05000305175781,72.80000305175781,72.80000305175781,27614
2006-03-21,71.75,72.5199966430664,71.12000274658203,71.26000213623047,71.26000213623047,29500
2006-03-22,71.05000305175781,72.0999984741211,70.41999816894531,72.02999877929688,72.02999877929688,41757
2006-03-23,72.5199966430664,76.58000183105469,72.44999694824219,76.2300033569336,76.2300033569336,57200
2006-03-24,76.30000305175781,77.0,74.55000305175781,76.37000274658203,76.37000274658203,28000
2006-03-27,76.51000213623047,79.23999786376953,75.25,78.47000122070312,78.47000122070312,23714
2006-03-28,78.47000122070312,81.33999633789062,77.0,78.12000274658203,78.12000274658203,36414
2006-03-29,78.05000305175781,79.66000366210938,77.62999725341797,79.58999633789062,79.58999633789062,12686
2006-03-30,79.66000366210938,79.66000366210938,77.3499984741211,78.75,78.75,16643
2006-03-31,79.0999984741211,79.0999984741211,75.87999725341797,77.06999969482422,77.06999969482422,24800
2006-04-03,77.41999816894531,77.41999816894531,74.62000274658203,75.52999877929688,75.52999877929688,17443
2006-04-04,75.38999938964844,75.38999938964844,73.56999969482422,74.9000015258789,74.9000015258789,19229
2006-04-05,74.76000213623047,81.19999694824219,73.22000122070312,79.44999694824219,79.44999694824219,33714
2006-04-06,79.44999694824219,79.58999633789062,77.69999694824219,78.19000244140625,78.19000244140625,10671
2006-04-07,78.4000015258789,78.54000091552734,75.94999694824219,77.27999877929688,77.27999877929688,21043
2006-04-10,77.13999938964844,79.80000305175781,77.13999938964844,78.81999969482422,78.81999969482422,28371
2006-04-11,78.95999908447266,79.02999877929688,76.0199966430664,77.06999969482422,77.06999969482422,24100
2006-04-12,76.86000061035156,77.55999755859375,75.5999984741211,75.5999984741211,75.5999984741211,14800
2006-04-13,75.5999984741211,76.30000305175781,72.44999694824219,75.38999938964844,75.38999938964844,13071
2006-04-17,75.25,75.38999938964844,71.81999969482422,71.95999908447266,71.95999908447266,14657
2006-04-18,73.01000213623047,73.98999786376953,70.7699966430664,73.36000061035156,73.36000061035156,22800
2006-04-19,73.08000183105469,73.5,71.61000061035156,72.37999725341797,72.37999725341797,10571
2006-04-20,72.37999725341797,72.37999725341797,70.83999633789062,71.47000122070312,71.47000122070312,8929
2006-04-21,71.81999969482422,72.80000305175781,70.83999633789062,72.44999694824219,72.44999694824219,17500
2006-04-24,72.44999694824219,75.73999786376953,71.05000305175781,71.05000305175781,71.05000305175781,14600
2006-04-25,71.05000305175781,71.88999938964844,69.16000366210938,70.0,70.0,14071
2006-04-26,70.55999755859375,73.08000183105469,69.37000274658203,69.37000274658203,69.37000274658203,27043
2006-04-27,69.0199966430664,69.30000305175781,65.30999755859375,66.5,66.5,47271
2006-04-28,66.5,67.33999633789062,63.70000076293945,65.23999786376953,65.23999786376953,20000
2006-05-01,65.58999633789062,67.2699966430664,65.16999816894531,65.94000244140625,65.94000244140625,16543
2006-05-02,65.94000244140625,66.36000061035156,64.26000213623047,65.7300033569336,65.7300033569336,20129
2006-05-03,65.58999633789062,66.70999908447266,63.41999816894531,64.54000091552734,64.54000091552734,16243
2006-05-04,64.12000274658203,66.43000030517578,63.90999984741211,66.01000213623047,66.01000213623047,10743
2006-05-05,66.56999969482422,69.2300033569336,64.54000091552734,68.5999984741211,68.5999984741211,17086
2006-05-08,69.0199966430664,69.37000274658203,65.30999755859375,65.30999755859375,65.30999755859375,12414
2006-05-09,65.7300033569336,67.9000015258789,63.349998474121094,63.70000076293945,63.70000076293945,16586
2006-05-10,63.77000045776367,66.22000122070312,63.0,64.33000183105469,64.33000183105469,20086
2006-05-11,64.19000244140625,64.19000244140625,60.900001525878906,61.11000061035156,61.11000061035156,53314
2006-05-12,60.130001068115234,60.54999923706055,56.560001373291016,57.61000061035156,57.61000061035156,48314
2006-05-15,57.68000030517578,58.029998779296875,54.880001068115234,56.279998779296875,56.279998779296875,17457
2006-05-16,56.560001373291016,57.400001525878906,55.02000045776367,56.560001373291016,56.560001373291016,18657
2006-05-17,56.06999969482422,56.4900016784668,52.709999084472656,55.58000183105469,55.58000183105469,18100
2006-05-18,55.650001525878906,57.33000183105469,55.09000015258789,55.790000915527344,55.790000915527344,18214
2006-05-19,55.790000915527344,55.790000915527344,53.34000015258789,53.900001525878906,53.900001525878906,21500
2006-05-22,53.7599983215332,54.66999816894531,52.849998474121094,53.130001068115234,53.130001068115234,18671
2006-05-23,53.83000183105469,54.11000061035156,50.119998931884766,50.470001220703125,50.470001220703125,27257
2006-05-24,50.61000061035156,51.52000045776367,49.97999954223633,51.029998779296875,51.029998779296875,23557
2006-05-25,51.52000045776367,51.79999923706055,49.4900016784668,50.400001525878906,50.400001525878906,19029
2006-05-26,50.61000061035156,50.61000061035156,49.13999938964844,49.90999984741211,49.90999984741211,19943
2006-05-30,49.630001068115234,50.68000030517578,49.349998474121094,49.4900016784668,49.4900016784668,12586
2006-05-31,49.349998474121094,50.33000183105469,47.810001373291016,49.13999938964844,49.13999938964844,39843
2006-06-01,49.349998474121094,50.470001220703125,49.13999938964844,49.97999954223633,49.97999954223633,27986
2006-06-02,50.68000030517578,50.68000030517578,49.4900016784668,50.189998626708984,50.189998626708984,12886
2006-06-05,49.84000015258789,50.04999923706055,47.95000076293945,48.5099983215332,48.5099983215332,31386
2006-06-06,48.790000915527344,48.93000030517578,44.099998474121094,45.220001220703125,45.220001220703125,52371
2006-06-07,46.47999954223633,46.54999923706055,44.380001068115234,44.380001068115234,44.380001068115234,34986
2006-06-08,44.380001068115234,44.380001068115234,42.41999816894531,42.77000045776367,42.77000045776367,79843
2006-06-09,42.84000015258789,44.380001068115234,42.84000015258789,43.119998931884766,43.119998931884766,28486
2006-06-12,42.84000015258789,43.68000030517578,41.09000015258789,41.29999923706055,41.29999923706055,52143
2006-06-13,41.02000045776367,42.630001068115234,39.900001525878906,40.18000030517578,40.18000030517578,45357
2006-06-14,40.25,41.58000183105469,39.40999984741211,39.900001525878906,39.900001525878906,23057
2006-06-15,39.619998931884766,42.349998474121094,39.54999923706055,41.650001525878906,41.650001525878906,40986
2006-06-16,41.5099983215332,42.4900016784668,40.25,40.25,40.25,25200
2006-06-19,40.7400016784668,42.560001373291016,39.7599983215332,39.7599983215332,39.7599983215332,30300
2006-06-20,39.47999954223633,40.95000076293945,39.47999954223633,39.900001525878906,39.900001525878906,40529
2006-06-21,39.689998626708984,41.15999984741211,39.689998626708984,40.880001068115234,40.880001068115234,23800
2006-06-22,40.810001373291016,40.95000076293945,39.900001525878906,40.599998474121094,40.599998474121094,13300
2006-06-23,40.529998779296875,42.4900016784668,40.11000061035156,41.650001525878906,41.650001525878906,27243
2006-06-26,42.13999938964844,42.84000015258789,41.86000061035156,42.279998779296875,42.279998779296875,16043
2006-06-27,42.13999938964844,42.90999984741211,39.900001525878906,40.38999938964844,40.38999938964844,18843
2006-06-28,40.459999084472656,40.459999084472656,38.150001525878906,38.709999084472656,38.709999084472656,21986
2006-06-29,39.20000076293945,42.70000076293945,39.20000076293945,42.0,42.0,24814
2006-06-30,42.41999816894531,44.310001373291016,40.38999938964844,44.310001373291016,44.310001373291016,149129
2006-07-03,44.099998474121094,44.45000076293945,42.90999984741211,44.029998779296875,44.029998779296875,18586
2006-07-05,43.959999084472656,43.959999084472656,40.66999816894531,41.58000183105469,41.58000183105469,28314
2006-07-06,41.5099983215332,43.33000183105469,41.02000045776367,42.13999938964844,42.13999938964844,28814
2006-07-07,42.209999084472656,50.2599983215332,41.15999984741211,49.349998474121094,49.349998474121094,262686
2006-07-10,49.630001068115234,49.84000015258789,44.79999923706055,47.599998474121094,47.599998474121094,126857
2006-07-11,47.66999816894531,48.58000183105469,45.5,48.15999984741211,48.15999984741211,42286
2006-07-12,48.09000015258789,48.09000015258789,45.849998474121094,45.849998474121094,45.849998474121094,34200
2006-07-13,45.56999969482422,46.20000076293945,43.400001525878906,43.470001220703125,43.470001220703125,25457
2006-07-14,43.400001525878906,43.68000030517578,42.0,42.41999816894531,42.41999816894531,24214
2006-07-17,42.279998779296875,43.75,41.58000183105469,41.720001220703125,41.720001220703125,22814
2006-07-18,42.0,42.279998779296875,39.40999984741211,39.900001525878906,39.900001525878906,31400
2006-07-19,39.689998626708984,45.779998779296875,39.689998626708984,43.88999938964844,43.88999938964844,41114
2006-07-20,44.029998779296875,44.029998779296875,40.95000076293945,41.22999954223633,41.22999954223633,13357
2006-07-21,41.650001525878906,41.720001220703125,38.63999938964844,39.130001068115234,39.130001068115234,29757
2006-07-24,39.54999923706055,40.599998474121094,39.54999923706055,39.970001220703125,39.970001220703125,26214
2006-07-25,39.970001220703125,42.4900016784668,39.27000045776367,40.529998779296875,40.529998779296875,50629
2006-07-26,40.040000915527344,41.29999923706055,40.040000915527344,40.599998474121094,40.599998474121094,23686
2006-07-27,41.29999923706055,42.279998779296875,38.779998779296875,39.060001373291016,39.060001373291016,18957
2006-07-28,39.060001373291016,40.38999938964844,38.91999816894531,39.900001525878906,39.900001525878906,17629
2006-07-31,39.900001525878906,39.900001525878906,38.56999969482422,39.689998626708984,39.689998626708984,16471
2006-08-01,39.83000183105469,39.83000183105469,37.310001373291016,37.79999923706055,37.79999923706055,32643
2006-08-02,37.939998626708984,39.900001525878906,37.310001373291016,39.40999984741211,39.40999984741211,31629
2006-08-03,38.779998779296875,40.599998474121094,38.0099983215332,40.18000030517578,40.18000030517578,45686
2006-08-04,40.95000076293945,41.439998626708984,38.779998779296875,38.91999816894531,38.91999816894531,37029
2006-08-07,38.849998474121094,40.040000915527344,38.56999969482422,38.56999969482422,38.56999969482422,35543
2006-08-08,34.22999954223633,34.29999923706055,27.790000915527344,28.420000076293945,28.420000076293945,225429
2006-08-09,28.6299991607666,29.610000610351562,26.389999389648438,26.530000686645508,26.530000686645508,77414
2006-08-10,26.18000030517578,26.950000762939453,25.549999237060547,26.25,26.25,57014
2006-08-11,28.0,29.469999313354492,27.440000534057617,28.280000686645508,28.280000686645508,82686
2006-08-14,28.559999465942383,29.399999618530273,27.020000457763672,28.6299991607666,28.6299991607666,62200
2006-08-15,29.75,29.81999969482422,28.84000015258789,28.84000015258789,28.84000015258789,34571
2006-08-16,30.450000762939453,33.18000030517578,29.959999084472656,32.619998931884766,32.619998931884766,73386
2006-08-17,33.18000030517578,34.02000045776367,31.290000915527344,33.31999969482422,33.31999969482422,57471
2006-08-18,33.31999969482422,33.599998474121094,31.219999313354492,31.360000610351562,31.360000610351562,53929
2006-08-21,31.360000610351562,31.780000686645508,30.8700008392334,31.010000228881836,31.010000228881836,30157
2006-08-22,30.799999237060547,31.639999389648438,30.799999237060547,31.639999389648438,31.639999389648438,24486
2006-08-23,31.5,31.5,29.889999389648438,30.3799991607666,30.3799991607666,21557
2006-08-24,29.889999389648438,33.810001373291016,29.889999389648438,32.7599983215332,32.7599983215332,78886
2006-08-25,32.970001220703125,34.5099983215332,32.27000045776367,33.31999969482422,33.31999969482422,40257
2006-08-28,33.529998779296875,34.29999923706055,33.11000061035156,34.15999984741211,34.15999984741211,35729
2006-08-29,34.93000030517578,35.41999816894531,33.7400016784668,35.279998779296875,35.279998779296875,56471
2006-08-30,35.90999984741211,37.79999923706055,35.560001373291016,37.79999923706055,37.79999923706055,50229
2006-08-31,38.43000030517578,40.95000076293945,37.939998626708984,40.18000030517578,40.18000030517578,82371
2006-09-01,39.54999923706055,40.31999969482422,37.79999923706055,38.56999969482422,38.56999969482422,45629
2006-09-05,37.79999923706055,37.79999923706055,35.13999938964844,35.209999084472656,35.209999084472656,55657
2006-09-06,35.06999969482422,35.70000076293945,33.599998474121094,33.880001068115234,33.880001068115234,45800
2006-09-07,33.459999084472656,35.84000015258789,32.900001525878906,34.02000045776367,34.02000045776367,27571
2006-09-08,33.7400016784668,37.029998779296875,33.25,37.029998779296875,37.029998779296875,37171
2006-09-11,36.61000061035156,37.310001373291016,35.0,35.560001373291016,35.560001373291016,22071
2006-09-12,35.560001373291016,38.36000061035156,35.349998474121094,38.0099983215332,38.0099983215332,41657
2006-09-13,38.220001220703125,38.5,35.560001373291016,36.75,36.75,27857
2006-09-14,36.75,36.88999938964844,35.70000076293945,36.04999923706055,36.04999923706055,20957
2006-09-15,36.68000030517578,37.72999954223633,35.41999816894531,35.77000045776367,35.77000045776367,42543
2006-09-18,35.70000076293945,37.310001373291016,35.4900016784668,35.97999954223633,35.97999954223633,27143
2006-09-19,36.189998626708984,36.189998626708984,35.0,35.209999084472656,35.209999084472656,24357
2006-09-20,35.70000076293945,36.540000915527344,35.209999084472656,36.540000915527344,36.540000915527344,20357
2006-09-21,36.88999938964844,37.099998474121094,36.04999923706055,36.119998931884766,36.119998931884766,20186
2006-09-22,35.77000045776367,36.88999938964844,35.209999084472656,35.4900016784668,35.4900016784668,10700
2006-09-25,35.349998474121094,36.88999938964844,35.349998474121094,36.540000915527344,36.540000915527344,15800
2006-09-26,36.2599983215332,39.27000045776367,35.77000045776367,39.060001373291016,39.060001373291016,65814
2006-09-27,39.060001373291016,40.31999969482422,37.72999954223633,38.709999084472656,38.709999084472656,35243
2006-09-28,39.060001373291016,40.25,36.81999969482422,38.36000061035156,38.36000061035156,14771
2006-09-29,38.36000061035156,38.5,37.099998474121094,37.79999923706055,37.79999923706055,7571
2006-10-02,37.79999923706055,37.79999923706055,35.41999816894531,35.90999984741211,35.90999984741211,22214
2006-10-03,35.90999984741211,36.470001220703125,35.4900016784668,35.4900016784668,35.4900016784668,14029
2006-10-04,35.630001068115234,36.959999084472656,35.349998474121094,36.75,36.75,22814
2006-10-05,36.189998626708984,37.380001068115234,35.560001373291016,35.70000076293945,35.70000076293945,12114
2006-10-06,35.70000076293945,36.75,35.70000076293945,35.84000015258789,35.84000015258789,11057
2006-10-09,35.97999954223633,36.61000061035156,35.70000076293945,36.33000183105469,36.33000183105469,13843
2006-10-10,35.90999984741211,38.9900016784668,35.77000045776367,37.939998626708984,37.939998626708984,29457
2006-10-11,37.939998626708984,39.54999923706055,37.099998474121094,38.5,38.5,21186
2006-10-12,38.849998474121094,41.29999923706055,38.56999969482422,40.25,40.25,39043
2006-10-13,40.459999084472656,41.439998626708984,39.47999954223633,40.25,40.25,18400
2006-10-16,39.54999923706055,42.70000076293945,39.20000076293945,42.13999938964844,42.13999938964844,29143
2006-10-17,42.349998474121094,42.560001373291016,40.599998474121094,42.06999969482422,42.06999969482422,27086
2006-10-18,42.13999938964844,43.68000030517578,40.599998474121094,41.09000015258789,41.09000015258789,23414
2006-10-19,40.880001068115234,41.650001525878906,39.54999923706055,40.25,40.25,18557
2006-10-20,39.970001220703125,40.11000061035156,38.9900016784668,39.54999923706055,39.54999923706055,16514
2006-10-23,39.40999984741211,40.459999084472656,39.20000076293945,39.619998931884766,39.619998931884766,17043
2006-10-24,39.54999923706055,40.11000061035156,39.27000045776367,39.689998626708984,39.689998626708984,16143
2006-10-25,36.959999084472656,38.779998779296875,34.369998931884766,37.939998626708984,37.939998626708984,107686
2006-10-26,38.56999969482422,39.34000015258789,37.65999984741211,38.849998474121094,38.849998474121094,40029
2006-10-27,38.5,40.599998474121094,38.5,39.54999923706055,39.54999923706055,12600
2006-10-30,39.970001220703125,40.18000030517578,38.5,38.849998474121094,38.849998474121094,8543
2006-10-31,38.56999969482422,39.83000183105469,37.45000076293945,37.869998931884766,37.869998931884766,9057
2006-11-01,37.939998626708984,39.060001373291016,37.45000076293945,37.45000076293945,37.45000076293945,12957
2006-11-02,37.310001373291016,37.65999984741211,36.540000915527344,36.68000030517578,36.68000030517578,13714
2006-11-03,36.75,36.959999084472656,34.720001220703125,35.0,35.0,26829
2006-11-06,34.650001525878906,35.70000076293945,32.970001220703125,35.0,35.0,27614
2006-11-07,34.93000030517578,35.279998779296875,34.02000045776367,34.439998626708984,34.439998626708984,13829
2006-11-08,33.7400016784668,33.95000076293945,32.34000015258789,33.25,33.25,27500
2006-11-09,33.25,33.25,31.920000076293945,33.25,33.25,21229
2006-11-10,33.25,33.31999969482422,30.799999237060547,31.850000381469727,31.850000381469727,45200
2006-11-13,31.850000381469727,33.25,31.219999313354492,32.83000183105469,32.83000183105469,21629
2006-11-14,32.689998626708984,34.86000061035156,32.47999954223633,34.790000915527344,34.790000915527344,31600
2006-11-15,34.93000030517578,35.41999816894531,33.25,33.599998474121094,33.599998474121094,25257
2006-11-16,33.18000030517578,35.13999938964844,32.970001220703125,34.439998626708984,34.439998626708984,22243
2006-11-17,33.810001373291016,34.29999923706055,32.900001525878906,33.7400016784668,33.7400016784668,18843
2006-11-20,33.529998779296875,33.66999816894531,32.689998626708984,32.900001525878906,32.900001525878906,13700
2006-11-21,33.529998779296875,33.95000076293945,32.27000045776367,33.25,33.25,20314
2006-11-22,33.599998474121094,35.77000045776367,32.900001525878906,35.4900016784668,35.4900016784668,28714
2006-11-24,35.70000076293945,35.77000045776367,35.06999969482422,35.630001068115234,35.630001068115234,6057
2006-11-27,35.84000015258789,35.84000015258789,35.0,35.0,35.0,13671
2006-11-28,35.630001068115234,35.70000076293945,34.02000045776367,35.06999969482422,35.06999969482422,12814
2006-11-29,35.560001373291016,36.2599983215332,34.09000015258789,34.650001525878906,34.650001525878906,17386
2006-11-30,36.68000030517578,36.68000030517578,34.22999954223633,35.630001068115234,35.630001068115234,35657
2006-12-01,35.70000076293945,36.400001525878906,33.95000076293945,34.22999954223633,34.22999954223633,27786
2006-12-04,34.650001525878906,34.86000061035156,32.900001525878906,33.459999084472656,33.459999084472656,35357
2006-12-05,34.58000183105469,37.2400016784668,33.529998779296875,36.61000061035156,36.61000061035156,80300
2006-12-06,36.68000030517578,38.9900016784668,36.68000030517578,37.65999984741211,37.65999984741211,66443
2006-12-07,37.59000015258789,38.150001525878906,36.04999923706055,36.04999923706055,36.04999923706055,29800
2006-12-08,37.380001068115234,37.380001068115234,35.41999816894531,35.560001373291016,35.560001373291016,20543
2006-12-11,35.41999816894531,35.560001373291016,34.02000045776367,34.93000030517578,34.93000030517578,30600
2006-12-12,36.33000183105469,36.61000061035156,34.5099983215332,34.58000183105469,34.58000183105469,15843
2006-12-13,34.369998931884766,37.45000076293945,34.09000015258789,34.369998931884766,34.369998931884766,60257
2006-12-14,34.22999954223633,35.41999816894531,34.22999954223633,35.209999084472656,35.209999084472656,68257
2006-12-15,35.13999938964844,35.349998474121094,34.5099983215332,34.5099983215332,34.5099983215332,25800
2006-12-18,34.650001525878906,34.790000915527344,33.25,33.38999938964844,33.38999938964844,76529
2006-12-19,33.25,33.529998779296875,27.579999923706055,32.689998626708984,32.689998626708984,87371
2006-12-20,33.11000061035156,33.810001373291016,32.20000076293945,33.25,33.25,24957
2006-12-21,33.11000061035156,35.0,32.689998626708984,34.86000061035156,34.86000061035156,44014
2006-12-22,36.75,36.75,33.880001068115234,34.93000030517578,34.93000030517578,41271
2006-12-26,34.86000061035156,36.04999923706055,34.29999923706055,35.97999954223633,35.97999954223633,16100
2006-12-27,37.79999923706055,39.20000076293945,36.04999923706055,38.91999816894531,38.91999816894531,89786
2006-12-28,39.619998931884766,40.95000076293945,38.5,39.619998931884766,39.619998931884766,49743
2006-12-29,39.27000045776367,40.529998779296875,37.869998931884766,40.25,40.25,73671
2007-01-03,40.95000076293945,42.630001068115234,40.11000061035156,42.630001068115234,42.630001068115234,83557
2007-01-04,42.279998779296875,46.40999984741211,42.13999938964844,45.36000061035156,45.36000061035156,98429
2007-01-05,45.0099983215332,46.900001525878906,42.06999969482422,42.06999969482422,42.06999969482422,61571
2007-01-08,42.349998474121094,43.119998931884766,37.79999923706055,41.22999954223633,41.22999954223633,54614
2007-01-09,41.5099983215332,42.349998474121094,41.369998931884766,42.279998779296875,42.279998779296875,27500
2007-01-10,41.790000915527344,43.75,41.790000915527344,43.04999923706055,43.04999923706055,21357
2007-01-11,42.97999954223633,43.75,42.84000015258789,43.75,43.75,15100
2007-01-12,43.540000915527344,44.65999984741211,43.119998931884766,44.45000076293945,44.45000076293945,11329
2007-01-16,44.59000015258789,44.869998931884766,43.81999969482422,44.59000015258789,44.59000015258789,27900
2007-01-17,44.59000015258789,46.47999954223633,44.59000015258789,45.779998779296875,45.779998779296875,37614
2007-01-18,45.849998474121094,46.47999954223633,45.5,45.779998779296875,45.779998779296875,21843
2007-01-19,45.56999969482422,45.849998474121094,45.0099983215332,45.709999084472656,45.709999084472656,21829
2007-01-22,45.43000030517578,45.56999969482422,44.869998931884766,45.36000061035156,45.36000061035156,12000
2007-01-23,45.63999938964844,46.689998626708984,43.04999923706055,43.119998931884766,43.119998931884766,30700
2007-01-24,43.119998931884766,45.5,43.119998931884766,45.5,45.5,13200
2007-01-25,45.9900016784668,46.20000076293945,43.2599983215332,43.33000183105469,43.33000183105469,17643
2007-01-26,43.2599983215332,43.470001220703125,42.41999816894531,42.90999984741211,42.90999984741211,11057
2007-01-29,43.2599983215332,43.75,42.77000045776367,43.33000183105469,43.33000183105469,6500
2007-01-30,43.81999969482422,44.65999984741211,43.04999923706055,43.400001525878906,43.400001525878906,8086
2007-01-31,43.470001220703125,45.43000030517578,43.189998626708984,45.43000030517578,45.43000030517578,10057
2007-02-01,45.709999084472656,46.27000045776367,45.63999938964844,45.9900016784668,45.9900016784668,14271
2007-02-02,45.91999816894531,48.439998626708984,45.5,47.880001068115234,47.880001068115234,45471
2007-02-05,48.29999923706055,48.29999923706055,46.83000183105469,47.31999969482422,47.31999969482422,10000
2007-02-06,47.66999816894531,47.66999816894531,45.63999938964844,46.40999984741211,46.40999984741211,15429
2007-02-07,46.060001373291016,47.7400016784668,45.56999969482422,45.709999084472656,45.709999084472656,10257
2007-02-08,45.849998474121094,45.849998474121094,44.099998474121094,45.150001525878906,45.150001525878906,10586
2007-02-09,44.939998626708984,45.56999969482422,44.099998474121094,44.72999954223633,44.72999954223633,10700
2007-02-12,44.45000076293945,44.45000076293945,42.560001373291016,43.189998626708984,43.189998626708984,20514
2007-02-13,42.97999954223633,44.099998474121094,42.97999954223633,43.61000061035156,43.61000061035156,11700
2007-02-14,43.959999084472656,44.79999923706055,43.470001220703125,43.470001220703125,43.470001220703125,6271
2007-02-15,43.81999969482422,45.0099983215332,43.81999969482422,44.939998626708984,44.939998626708984,15500
2007-02-16,44.72999954223633,45.849998474121094,43.61000061035156,45.290000915527344,45.290000915527344,17286
2007-02-20,45.08000183105469,45.08000183105469,43.04999923706055,43.959999084472656,43.959999084472656,18114
2007-02-21,43.68000030517578,45.290000915527344,43.68000030517578,45.0099983215332,45.0099983215332,17857
2007-02-22,45.150001525878906,45.709999084472656,43.81999969482422,44.65999984741211,44.65999984741211,8100
2007-02-23,43.959999084472656,44.869998931884766,42.70000076293945,43.04999923706055,43.04999923706055,18871
2007-02-26,42.97999954223633,43.04999923706055,42.70000076293945,42.90999984741211,42.90999984741211,15557
2007-02-27,42.4900016784668,42.90999984741211,40.599998474121094,42.279998779296875,42.279998779296875,69929
2007-02-28,42.06999969482422,42.560001373291016,41.15999984741211,42.06999969482422,42.06999969482422,12171
2007-03-01,41.29999923706055,42.209999084472656,40.599998474121094,41.86000061035156,41.86000061035156,12514
2007-03-02,41.5099983215332,43.2599983215332,41.02000045776367,42.70000076293945,42.70000076293945,6057
2007-03-05,41.86000061035156,41.86000061035156,40.66999816894531,40.7400016784668,40.7400016784668,20471
2007-03-06,41.29999923706055,42.209999084472656,41.09000015258789,42.0,42.0,5457
2007-03-07,41.93000030517578,43.400001525878906,40.95000076293945,41.5099983215332,41.5099983215332,22700
2007-03-08,41.15999984741211,42.13999938964844,40.880001068115234,42.0,42.0,11614
2007-03-09,42.0,42.0,39.40999984741211,39.970001220703125,39.970001220703125,18029
2007-03-12,36.33000183105469,38.9900016784668,36.04999923706055,37.45000076293945,37.45000076293945,52543
2007-03-13,36.470001220703125,37.869998931884766,32.619998931884766,34.15999984741211,34.15999984741211,71414
2007-03-14,33.95000076293945,34.439998626708984,33.25,34.369998931884766,34.369998931884766,29300
2007-03-15,34.15999984741211,34.790000915527344,33.599998474121094,34.29999923706055,34.29999923706055,17214
2007-03-16,34.09000015258789,34.439998626708984,33.18000030517578,33.599998474121094,33.599998474121094,11729
2007-03-19,33.529998779296875,35.209999084472656,32.900001525878906,33.31999969482422,33.31999969482422,17257
2007-03-20,34.439998626708984,34.439998626708984,32.54999923706055,32.54999923706055,32.54999923706055,7829
2007-03-21,32.40999984741211,33.7400016784668,31.920000076293945,32.689998626708984,32.689998626708984,13214
2007-03-22,32.54999923706055,33.25,32.27000045776367,32.970001220703125,32.970001220703125,6500
2007-03-23,33.25,33.25,31.5,31.56999969482422,31.56999969482422,14829
2007-03-26,31.5,31.780000686645508,30.239999771118164,30.799999237060547,30.799999237060547,12486
2007-03-27,30.59000015258789,31.010000228881836,30.450000762939453,30.799999237060547,30.799999237060547,9629
2007-03-28,31.43000030517578,31.780000686645508,29.81999969482422,30.100000381469727,30.100000381469727,12443
2007-03-29,30.100000381469727,30.309999465942383,27.93000030517578,27.93000030517578,27.93000030517578,42086
2007-03-30,28.209999084472656,28.84000015258789,28.0,28.350000381469727,28.350000381469727,19014
2007-04-02,28.6299991607666,28.84000015258789,27.649999618530273,28.209999084472656,28.209999084472656,8557
2007-04-03,28.420000076293945,28.6299991607666,26.600000381469727,26.8799991607666,26.8799991607666,105500
2007-04-04,26.739999771118164,27.299999237060547,26.25,26.389999389648438,26.389999389648438,36400
2007-04-05,26.530000686645508,27.09000015258789,26.389999389648438,26.459999084472656,26.459999084472656,38029
2007-04-09,26.670000076293945,26.670000076293945,25.40999984741211,26.25,26.25,20200
2007-04-10,26.25,26.459999084472656,26.25,26.31999969482422,26.31999969482422,4443
2007-04-11,26.110000610351562,26.600000381469727,25.969999313354492,25.969999313354492,25.969999313354492,17071
2007-04-12,26.25,26.670000076293945,25.969999313354492,26.600000381469727,26.600000381469727,14500
2007-04-13,26.809999465942383,28.0,26.809999465942383,27.649999618530273,27.649999618530273,16900
2007-04-16,27.860000610351562,29.260000228881836,27.860000610351562,28.350000381469727,28.350000381469727,18600
2007-04-17,29.190000534057617,29.75,28.559999465942383,28.700000762939453,28.700000762939453,17443
2007-04-18,30.030000686645508,30.030000686645508,27.860000610351562,28.0,28.0,11429
2007-04-19,27.860000610351562,29.540000915527344,27.860000610351562,28.90999984741211,28.90999984741211,6343
2007-04-20,29.260000228881836,29.399999618530273,28.84000015258789,29.260000228881836,29.260000228881836,6314
2007-04-23,29.68000030517578,29.68000030517578,28.0,28.0,28.0,9800
2007-04-24,27.93000030517578,28.209999084472656,27.299999237060547,27.299999237060547,27.299999237060547,5643
2007-04-25,27.3700008392334,27.719999313354492,26.389999389648438,26.459999084472656,26.459999084472656,10229
2007-04-26,26.530000686645508,28.0,26.530000686645508,26.739999771118164,26.739999771118164,22371
2007-04-27,26.950000762939453,27.790000915527344,26.670000076293945,27.229999542236328,27.229999542236328,11243
2007-04-30,27.020000457763672,27.510000228881836,26.670000076293945,27.15999984741211,27.15999984741211,8600
2007-05-01,27.299999237060547,27.299999237060547,26.040000915527344,26.25,26.25,20071
2007-05-02,26.040000915527344,26.389999389648438,25.270000457763672,26.389999389648438,26.389999389648438,27814
2007-05-03,26.25,26.530000686645508,25.059999465942383,25.34000015258789,25.34000015258789,14614
2007-05-04,25.549999237060547,26.110000610351562,24.780000686645508,25.40999984741211,25.40999984741211,18471
2007-05-07,25.549999237060547,25.549999237060547,23.520000457763672,23.729999542236328,23.729999542236328,26157
2007-05-08,24.5,25.059999465942383,24.079999923706055,24.5,24.5,33457
2007-05-09,24.5,26.040000915527344,24.219999313354492,25.479999542236328,25.479999542236328,15529
2007-05-10,24.989999771118164,25.549999237060547,24.780000686645508,24.920000076293945,24.920000076293945,7257
2007-05-11,24.780000686645508,24.850000381469727,23.309999465942383,23.8700008392334,23.8700008392334,49114
2007-05-14,23.520000457763672,24.219999313354492,22.81999969482422,22.959999084472656,22.959999084472656,18771
2007-05-15,22.75,23.170000076293945,21.489999771118164,21.700000762939453,21.700000762939453,29743
2007-05-16,21.420000076293945,21.420000076293945,20.020000457763672,20.440000534057617,20.440000534057617,60229
2007-05-17,20.299999237060547,21.0,20.299999237060547,20.649999618530273,20.649999618530273,27057
2007-05-18,20.510000228881836,21.06999969482422,20.510000228881836,20.790000915527344,20.790000915527344,12571
2007-05-21,20.93000030517578,20.93000030517578,20.3700008392334,20.579999923706055,20.579999923706055,23157
2007-05-22,20.3700008392334,21.979999542236328,20.3700008392334,21.280000686645508,21.280000686645508,37271
2007-05-23,21.979999542236328,23.309999465942383,21.489999771118164,22.610000610351562,22.610000610351562,19886
2007-05-24,22.81999969482422,24.149999618530273,21.350000381469727,21.559999465942383,21.559999465942383,16800
2007-05-25,21.559999465942383,22.81999969482422,21.559999465942383,22.540000915527344,22.540000915527344,12057
2007-05-29,22.540000915527344,23.520000457763672,22.1200008392334,22.1200008392334,22.1200008392334,18086
2007-05-30,21.84000015258789,21.84000015258789,21.350000381469727,21.420000076293945,21.420000076293945,8014
2007-05-31,21.559999465942383,22.329999923706055,21.559999465942383,22.049999237060547,22.049999237060547,10214
2007-06-01,21.700000762939453,22.610000610351562,21.350000381469727,21.979999542236328,21.979999542236328,12914
2007-06-04,22.1200008392334,22.469999313354492,21.559999465942383,22.399999618530273,22.399999618530273,9243
2007-06-05,22.469999313354492,22.469999313354492,21.979999542236328,21.979999542236328,21.979999542236328,3329
2007-06-06,22.049999237060547,22.049999237060547,21.209999084472656,21.350000381469727,21.350000381469727,8129
2007-06-07,21.350000381469727,21.84000015258789,21.280000686645508,21.489999771118164,21.489999771118164,10043
2007-06-08,21.559999465942383,22.260000228881836,21.209999084472656,21.350000381469727,21.350000381469727,15486
2007-06-11,21.350000381469727,21.559999465942383,21.0,21.0,21.0,9271
2007-06-12,21.0,21.139999389648438,20.299999237060547,20.510000228881836,20.510000228881836,16529
2007-06-13,20.3700008392334,20.860000610351562,20.3700008392334,20.3700008392334,20.3700008392334,10043
2007-06-14,20.299999237060547,20.649999618530273,19.950000762939453,20.3700008392334,20.3700008392334,21286
2007-06-15,20.510000228881836,20.790000915527344,20.229999542236328,20.790000915527344,20.790000915527344,19886
2007-06-18,20.790000915527344,21.0,20.579999923706055,20.719999313354492,20.719999313354492,13857
2007-06-19,20.719999313354492,20.719999313354492,20.229999542236328,20.719999313354492,20.719999313354492,9243
2007-06-20,20.3700008392334,20.790000915527344,19.739999771118164,19.809999465942383,19.809999465942383,24157
2007-06-21,19.600000381469727,19.8799991607666,19.25,19.459999084472656,19.459999084472656,16571
2007-06-22,19.25,19.600000381469727,19.18000030517578,19.18000030517578,19.18000030517578,13086
2007-06-25,19.25,19.459999084472656,19.18000030517578,19.18000030517578,19.18000030517578,9743
2007-06-26,19.18000030517578,19.18000030517578,17.850000381469727,18.479999542236328,18.479999542236328,19800
2007-06-27,18.760000228881836,18.829999923706055,18.200000762939453,18.6200008392334,18.6200008392334,10529
2007-06-28,18.34000015258789,18.690000534057617,18.200000762939453,18.270000457763672,18.270000457763672,13414
2007-06-29,18.200000762939453,20.579999923706055,18.200000762939453,19.459999084472656,19.459999084472656,50800
2007-07-02,19.389999389648438,20.649999618530273,19.389999389648438,20.579999923706055,20.579999923706055,13500
2007-07-03,20.3700008392334,20.3700008392334,20.15999984741211,20.299999237060547,20.299999237060547,5557
2007-07-05,20.09000015258789,20.09000015258789,18.899999618530273,19.950000762939453,19.950000762939453,19543
2007-07-06,19.8799991607666,19.950000762939453,19.600000381469727,19.600000381469727,19.600000381469727,6386
2007-07-09,19.809999465942383,19.809999465942383,18.270000457763672,18.969999313354492,18.969999313354492,12014
2007-07-10,18.690000534057617,18.969999313354492,18.690000534057617,18.969999313354492,18.969999313354492,6629
2007-07-11,19.040000915527344,19.040000915527344,18.200000762939453,18.40999984741211,18.40999984741211,10843
2007-07-12,18.270000457763672,18.549999237060547,17.920000076293945,18.1299991607666,18.1299991607666,11300
2007-07-13,18.829999923706055,19.600000381469727,17.639999389648438,18.6200008392334,18.6200008392334,42443
2007-07-16,18.40999984741211,18.760000228881836,18.059999465942383,18.059999465942383,18.059999465942383,11886
2007-07-17,17.920000076293945,18.690000534057617,17.850000381469727,17.850000381469727,17.850000381469727,10014
2007-07-18,17.920000076293945,17.920000076293945,17.079999923706055,17.5,17.5,17014
2007-07-19,17.360000610351562,17.639999389648438,16.729999542236328,17.010000228881836,17.010000228881836,9971
2007-07-20,16.729999542236328,16.940000534057617,15.539999961853027,15.680000305175781,15.680000305175781,24329
2007-07-23,15.539999961853027,15.960000038146973,14.979999542236328,15.260000228881836,15.260000228881836,8329
2007-07-24,15.1899995803833,15.1899995803833,14.5600004196167,14.84000015258789,14.84000015258789,18571
2007-07-25,14.979999542236328,14.979999542236328,14.210000038146973,14.489999771118164,14.489999771118164,16614
2007-07-26,14.140000343322754,14.279999732971191,12.739999771118164,12.880000114440918,12.880000114440918,25686
2007-07-27,12.739999771118164,14.210000038146973,12.180000305175781,12.529999732971191,12.529999732971191,30900
2007-07-30,12.880000114440918,12.949999809265137,12.529999732971191,12.600000381469727,12.600000381469727,20529
2007-07-31,12.460000038146973,13.020000457763672,12.25,12.529999732971191,12.529999732971191,11586
2007-08-01,12.319999694824219,12.319999694824219,10.5,10.920000076293945,10.920000076293945,45729
2007-08-02,10.779999732971191,11.199999809265137,10.640000343322754,11.199999809265137,11.199999809265137,20371
2007-08-03,11.130000114440918,11.130000114440918,9.800000190734863,9.9399995803833,9.9399995803833,23829
2007-08-06,9.65999984741211,10.079999923706055,8.470000267028809,8.609999656677246,8.609999656677246,42086
2007-08-07,9.729999542236328,11.40999984741211,8.609999656677246,11.199999809265137,11.199999809265137,77900
2007-08-08,11.34000015258789,13.229999542236328,11.199999809265137,12.739999771118164,12.739999771118164,39871
2007-08-09,12.600000381469727,13.649999618530273,10.149999618530273,13.649999618530273,13.649999618530273,92857
2007-08-10,12.600000381469727,14.5600004196167,10.989999771118164,13.649999618530273,13.649999618530273,42557
2007-08-13,13.649999618530273,14.630000114440918,12.949999809265137,13.649999618530273,13.649999618530273,23329
2007-08-14,14.0,14.0,12.319999694824219,12.600000381469727,12.600000381469727,9986
2007-08-15,12.319999694824219,12.949999809265137,12.180000305175781,12.670000076293945,12.670000076293945,7786
2007-08-16,11.899999618530273,13.020000457763672,11.34000015258789,12.600000381469727,12.600000381469727,10500
2007-08-17,13.300000190734863,13.720000267028809,12.670000076293945,13.720000267028809,13.720000267028809,9729
2007-08-20,14.350000381469727,14.979999542236328,13.4399995803833,14.210000038146973,14.210000038146973,13157
2007-08-21,14.350000381469727,14.350000381469727,12.739999771118164,13.720000267028809,13.720000267028809,10143
2007-08-22,13.579999923706055,14.630000114440918,13.09000015258789,14.420000076293945,14.420000076293945,10214
2007-08-23,14.350000381469727,15.399999618530273,14.210000038146973,15.1899995803833,15.1899995803833,13929
2007-08-24,15.329999923706055,19.809999465942383,14.84000015258789,19.809999465942383,19.809999465942383,44043
2007-08-27,19.950000762939453,19.950000762939453,15.75,17.219999313354492,17.219999313354492,29171
2007-08-28,17.360000610351562,17.360000610351562,16.170000076293945,16.450000762939453,16.450000762939453,7386
2007-08-29,16.729999542236328,18.760000228881836,16.3799991607666,18.059999465942383,18.059999465942383,38686
2007-08-30,17.780000686645508,18.059999465942383,16.450000762939453,16.65999984741211,16.65999984741211,8243
2007-08-31,17.43000030517578,17.920000076293945,17.360000610351562,17.780000686645508,17.780000686645508,7386
2007-09-04,18.549999237060547,18.549999237060547,16.59000015258789,16.729999542236328,16.729999542236328,9929
2007-09-05,16.799999237060547,16.799999237060547,15.680000305175781,15.890000343322754,15.890000343322754,14214
2007-09-06,15.399999618530273,15.75,14.350000381469727,14.699999809265137,14.699999809265137,20771
2007-09-07,14.420000076293945,14.699999809265137,13.859999656677246,14.279999732971191,14.279999732971191,12371
2007-09-10,14.210000038146973,14.770000457763672,13.4399995803833,14.489999771118164,14.489999771118164,7771
2007-09-11,14.699999809265137,14.699999809265137,13.930000305175781,14.350000381469727,14.350000381469727,10014
2007-09-12,14.140000343322754,14.210000038146973,13.579999923706055,13.930000305175781,13.930000305175781,10914
2007-09-13,13.930000305175781,13.930000305175781,13.369999885559082,13.369999885559082,13.369999885559082,11157
2007-09-14,13.300000190734863,15.050000190734863,13.300000190734863,14.770000457763672,14.770000457763672,28229
2007-09-17,14.630000114440918,14.699999809265137,13.930000305175781,14.420000076293945,14.420000076293945,5957
2007-09-18,14.5600004196167,17.010000228881836,13.300000190734863,15.890000343322754,15.890000343322754,28600
2007-09-19,15.890000343322754,16.450000762939453,15.399999618530273,15.960000038146973,15.960000038146973,30786
2007-09-20,15.960000038146973,15.960000038146973,15.470000267028809,15.539999961853027,15.539999961853027,9443
2007-09-21,15.399999618530273,15.819999694824219,14.489999771118164,14.489999771118164,14.489999771118164,7286
2007-09-24,14.420000076293945,15.050000190734863,12.880000114440918,13.09000015258789,13.09000015258789,27729
2007-09-25,13.15999984741211,13.4399995803833,12.600000381469727,13.15999984741211,13.15999984741211,18200
2007-09-26,13.09000015258789,13.15999984741211,12.8100004196167,12.8100004196167,12.8100004196167,5757
2007-09-27,12.8100004196167,13.4399995803833,12.670000076293945,13.020000457763672,13.020000457763672,13529
2007-09-28,12.880000114440918,13.300000190734863,12.739999771118164,12.8100004196167,12.8100004196167,9557
2007-10-01,12.949999809265137,13.4399995803833,12.390000343322754,13.15999984741211,13.15999984741211,10071
2007-10-02,13.300000190734863,13.4399995803833,12.600000381469727,12.880000114440918,12.880000114440918,24386
2007-10-03,12.739999771118164,13.649999618530273,12.600000381469727,13.300000190734863,13.300000190734863,26486
2007-10-04,13.510000228881836,13.510000228881836,12.8100004196167,12.880000114440918,12.880000114440918,11486
2007-10-05,13.09000015258789,13.369999885559082,12.600000381469727,12.949999809265137,12.949999809265137,13829
2007-10-08,13.15999984741211,13.789999961853027,12.949999809265137,13.789999961853027,13.789999961853027,16357
2007-10-09,13.930000305175781,14.0,13.09000015258789,13.300000190734863,13.300000190734863,21414
2007-10-10,13.510000228881836,13.859999656677246,13.300000190734863,13.510000228881836,13.510000228881836,10043
2007-10-11,13.510000228881836,13.649999618530273,13.09000015258789,13.4399995803833,13.4399995803833,3714
2007-10-12,13.369999885559082,13.4399995803833,12.670000076293945,12.8100004196167,12.8100004196167,7143
2007-10-15,12.600000381469727,12.600000381469727,11.760000228881836,11.760000228881836,11.760000228881836,14100
2007-10-16,11.899999618530273,12.109999656677246,11.760000228881836,11.829999923706055,11.829999923706055,12700
2007-10-17,11.760000228881836,11.760000228881836,11.479999542236328,11.550000190734863,11.550000190734863,6886
2007-10-18,11.40999984741211,11.6899995803833,11.0600004196167,11.6899995803833,11.6899995803833,6329
2007-10-19,11.550000190734863,12.739999771118164,11.34000015258789,11.550000190734863,11.550000190734863,11886
2007-10-22,11.550000190734863,11.829999923706055,11.270000457763672,11.34000015258789,11.34000015258789,13686
2007-10-23,11.270000457763672,11.479999542236328,10.5,10.640000343322754,10.640000343322754,12357
2007-10-24,9.9399995803833,10.640000343322754,9.9399995803833,10.430000305175781,10.430000305175781,9071
2007-10-25,10.5,11.199999809265137,10.149999618530273,10.989999771118164,10.989999771118164,7014
2007-10-26,11.0600004196167,11.40999984741211,10.989999771118164,11.34000015258789,11.34000015258789,3100
2007-10-29,11.899999618530273,11.899999618530273,9.239999771118164,9.65999984741211,9.65999984741211,26443
2007-10-30,9.380000114440918,11.479999542236328,8.890000343322754,11.34000015258789,11.34000015258789,27086
2007-10-31,11.550000190734863,11.550000190734863,10.710000038146973,10.850000381469727,10.850000381469727,6100
2007-11-01,10.640000343322754,10.640000343322754,10.149999618530273,10.289999961853027,10.289999961853027,4671
2007-11-02,9.9399995803833,9.9399995803833,9.449999809265137,9.65999984741211,9.65999984741211,9357
2007-11-05,9.729999542236328,9.800000190734863,8.890000343322754,9.170000076293945,9.170000076293945,8071
2007-11-06,9.100000381469727,9.100000381469727,8.539999961853027,8.680000305175781,8.680000305175781,15357
2007-11-07,8.539999961853027,9.449999809265137,8.539999961853027,9.3100004196167,9.3100004196167,10614
2007-11-08,8.960000038146973,9.380000114440918,8.470000267028809,8.960000038146973,8.960000038146973,6957
2007-11-09,8.75,8.75,7.980000019073486,8.75,8.75,36343
2007-11-12,8.75,9.170000076293945,8.539999961853027,9.100000381469727,9.100000381469727,10414
2007-11-13,9.100000381469727,9.3100004196167,8.470000267028809,8.680000305175781,8.680000305175781,5557
2007-11-14,8.399999618530273,8.680000305175781,8.050000190734863,8.539999961853027,8.539999961853027,10486
2007-11-15,8.260000228881836,8.260000228881836,7.699999809265137,7.980000019073486,7.980000019073486,12029
2007-11-16,8.050000190734863,8.050000190734863,7.489999771118164,7.630000114440918,7.630000114440918,6400
2007-11-19,7.559999942779541,7.909999847412109,7.0,7.139999866485596,7.139999866485596,12914
2007-11-20,7.489999771118164,7.980000019073486,7.0,7.070000171661377,7.070000171661377,13014
2007-11-21,7.070000171661377,7.489999771118164,6.860000133514404,6.860000133514404,6.860000133514404,10343
2007-11-23,7.0,7.559999942779541,6.860000133514404,7.139999866485596,7.139999866485596,8300
2007-11-26,7.349999904632568,7.559999942779541,6.860000133514404,7.0,7.0,12171
2007-11-27,6.860000133514404,6.929999828338623,6.650000095367432,6.860000133514404,6.860000133514404,9329
2007-11-28,6.650000095367432,6.789999961853027,6.369999885559082,6.369999885559082,6.369999885559082,22757
2007-11-29,6.369999885559082,6.440000057220459,5.599999904632568,5.670000076293945,5.670000076293945,14843
2007-11-30,5.670000076293945,6.300000190734863,5.670000076293945,6.300000190734863,6.300000190734863,14271
2007-12-03,5.880000114440918,6.230000019073486,5.739999771118164,5.739999771118164,5.739999771118164,7186
2007-12-04,5.949999809265137,5.949999809265137,5.53000020980835,5.670000076293945,5.670000076293945,4357
2007-12-05,5.880000114440918,5.880000114440918,5.110000133514404,5.809999942779541,5.809999942779541,8443
2007-12-06,7.210000038146973,7.210000038146973,5.039999961853027,6.300000190734863,6.300000190734863,16500
2007-12-07,7.349999904632568,7.559999942779541,6.579999923706055,6.929999828338623,6.929999828338623,14486
2007-12-10,7.0,7.0,6.230000019073486,6.300000190734863,6.300000190734863,17714
2007-12-11,6.510000228881836,6.650000095367432,5.670000076293945,5.670000076293945,5.670000076293945,10629
2007-12-12,6.300000190734863,6.300000190734863,4.96999979019165,5.25,5.25,27743
2007-12-13,5.039999961853027,5.110000133514404,4.760000228881836,4.900000095367432,4.900000095367432,17071
2007-12-14,4.900000095367432,4.900000095367432,3.990000009536743,4.199999809265137,4.199999809265137,56943
2007-12-17,3.8499999046325684,4.550000190734863,3.569999933242798,3.990000009536743,3.990000009536743,11171
2007-12-18,3.990000009536743,4.409999847412109,3.7799999713897705,3.9200000762939453,3.9200000762939453,36043
2007-12-19,3.990000009536743,4.199999809265137,3.569999933242798,3.8499999046325684,3.8499999046325684,44829
2007-12-20,3.640000104904175,5.039999961853027,3.5,4.900000095367432,4.900000095367432,17829
2007-12-21,4.550000190734863,4.829999923706055,3.640000104904175,3.640000104904175,3.640000104904175,30900
2007-12-24,4.199999809265137,4.199999809265137,3.640000104904175,3.8499999046325684,3.8499999046325684,18129
2007-12-26,3.8499999046325684,4.199999809265137,3.8499999046325684,4.130000114440918,4.130000114440918,16743
2007-12-27,3.7799999713897705,4.130000114440918,3.569999933242798,3.990000009536743,3.990000009536743,12057
2007-12-28,3.640000104904175,3.990000009536743,3.640000104904175,3.990000009536743,3.990000009536743,18886
2007-12-31,3.7799999713897705,4.829999923706055,3.640000104904175,4.619999885559082,4.619999885559082,34700
2008-01-02,4.619999885559082,4.96999979019165,4.269999980926514,4.269999980926514,4.269999980926514,3929
2008-01-03,4.690000057220459,6.019999980926514,4.340000152587891,5.110000133514404,5.110000133514404,17886
2008-01-04,5.460000038146973,5.53000020980835,3.9200000762939453,4.690000057220459,4.690000057220459,22857
2008-01-07,5.039999961853027,5.460000038146973,4.829999923706055,5.460000038146973,5.460000038146973,10086
2008-01-08,5.460000038146973,5.949999809265137,4.760000228881836,4.829999923706055,4.829999923706055,14671
2008-01-09,4.340000152587891,4.96999979019165,3.640000104904175,3.990000009536743,3.990000009536743,7871
2008-01-10,3.640000104904175,4.340000152587891,3.640000104904175,4.130000114440918,4.130000114440918,13443
2008-01-11,4.130000114440918,5.599999904632568,4.130000114440918,5.110000133514404,5.110000133514404,48229
2008-01-14,5.110000133514404,5.25,4.900000095367432,5.039999961853027,5.039999961853027,5057
2008-01-15,5.039999961853027,5.25,4.96999979019165,4.96999979019165,4.96999979019165,5400
2008-01-16,4.900000095367432,5.949999809265137,4.760000228881836,5.179999828338623,5.179999828338623,14100
2008-01-17,5.25,5.389999866485596,4.619999885559082,4.619999885559082,4.619999885559082,10443
2008-01-18,5.179999828338623,5.179999828338623,4.900000095367432,4.900000095367432,4.900000095367432,7300
2008-01-22,4.550000190734863,5.599999904632568,4.409999847412109,5.110000133514404,5.110000133514404,19157
2008-01-23,4.690000057220459,5.25,4.690000057220459,4.96999979019165,4.96999979019165,23900
2008-01-24,5.25,5.25,4.760000228881836,4.900000095367432,4.900000095367432,8643
2008-01-25,5.25,5.25,4.690000057220459,5.179999828338623,5.179999828338623,30829
2008-01-28,5.110000133514404,5.110000133514404,4.829999923706055,4.900000095367432,4.900000095367432,4871
2008-01-29,5.25,5.389999866485596,5.110000133514404,5.25,5.25,6543
2008-01-30,5.25,5.320000171661377,4.900000095367432,5.179999828338623,5.179999828338623,4543
2008-01-31,5.179999828338623,9.029999732971191,5.179999828338623,7.630000114440918,7.630000114440918,124614
2008-02-01,9.380000114440918,9.59000015258789,7.769999980926514,8.399999618530273,8.399999618530273,114386
2008-02-04,8.260000228881836,8.75,7.139999866485596,8.539999961853027,8.539999961853027,38400
2008-02-05,8.1899995803833,8.539999961853027,7.070000171661377,7.699999809265137,7.699999809265137,28957
2008-02-06,7.559999942779541,8.119999885559082,6.300000190734863,6.369999885559082,6.369999885559082,35057
2008-02-07,6.090000152587891,6.71999979019165,5.599999904632568,6.440000057220459,6.440000057220459,23043
2008-02-08,6.650000095367432,7.139999866485596,6.440000057220459,6.440000057220459,6.440000057220459,11486
2008-02-11,6.369999885559082,6.440000057220459,6.019999980926514,6.230000019073486,6.230000019073486,3929
2008-02-12,5.949999809265137,7.139999866485596,5.949999809265137,6.929999828338623,6.929999828338623,13557
2008-02-13,7.139999866485596,7.139999866485596,6.929999828338623,7.0,7.0,10157
2008-02-14,7.28000020980835,7.349999904632568,6.860000133514404,7.0,7.0,7043
2008-02-15,6.440000057220459,7.0,6.369999885559082,6.510000228881836,6.510000228881836,5743
2008-02-19,6.369999885559082,6.860000133514404,5.949999809265137,6.230000019073486,6.230000019073486,11729
2008-02-20,6.300000190734863,6.300000190734863,5.599999904632568,6.019999980926514,6.019999980926514,2829
2008-02-21,6.300000190734863,6.300000190734863,6.019999980926514,6.019999980926514,6.019999980926514,2171
2008-02-22,6.019999980926514,6.230000019073486,5.460000038146973,5.880000114440918,5.880000114440918,3757
2008-02-25,5.670000076293945,6.159999847412109,5.670000076293945,5.739999771118164,5.739999771118164,1829
2008-02-26,5.039999961853027,6.440000057220459,4.96999979019165,5.389999866485596,5.389999866485596,30300
2008-02-27,5.389999866485596,6.230000019073486,5.389999866485596,5.949999809265137,5.949999809265137,6629
2008-02-28,5.949999809265137,6.159999847412109,5.670000076293945,5.739999771118164,5.739999771118164,1700
2008-02-29,5.670000076293945,5.739999771118164,5.389999866485596,5.389999866485596,5.389999866485596,2700
2008-03-03,5.389999866485596,5.809999942779541,5.389999866485596,5.53000020980835,5.53000020980835,2286
2008-03-04,5.389999866485596,5.389999866485596,5.039999961853027,5.110000133514404,5.110000133514404,5371
2008-03-05,5.179999828338623,5.389999866485596,5.179999828338623,5.179999828338623,5.179999828338623,1786
2008-03-06,5.179999828338623,5.460000038146973,5.110000133514404,5.110000133514404,5.110000133514404,1686
2008-03-07,5.110000133514404,5.389999866485596,5.110000133514404,5.25,5.25,1757
2008-03-10,5.110000133514404,5.25,4.829999923706055,4.829999923706055,4.829999923706055,8243
2008-03-11,4.900000095367432,5.53000020980835,4.760000228881836,4.829999923706055,4.829999923706055,3257
2008-03-12,4.690000057220459,5.039999961853027,4.690000057220459,4.760000228881836,4.760000228881836,2786
2008-03-13,4.690000057220459,5.320000171661377,4.690000057220459,5.25,5.25,3686
2008-03-14,5.460000038146973,5.53000020980835,5.25,5.25,5.25,3400
2008-03-17,4.690000057220459,5.25,4.690000057220459,4.829999923706055,4.829999923706055,900
2008-03-18,4.829999923706055,5.460000038146973,4.829999923706055,5.320000171661377,5.320000171661377,2043
2008-03-19,4.96999979019165,5.460000038146973,4.96999979019165,5.320000171661377,5.320000171661377,3257
2008-03-20,5.320000171661377,6.019999980926514,5.320000171661377,5.809999942779541,5.809999942779541,6214
2008-03-24,6.159999847412109,6.159999847412109,5.809999942779541,6.159999847412109,6.159999847412109,4871
2008-03-25,6.230000019073486,6.789999961853027,6.230000019073486,6.510000228881836,6.510000228881836,12000
2008-03-26,6.510000228881836,6.860000133514404,6.090000152587891,6.300000190734863,6.300000190734863,6329
2008-03-27,6.019999980926514,6.650000095367432,6.019999980926514,6.440000057220459,6.440000057220459,4314
2008-03-28,6.71999979019165,6.860000133514404,6.019999980926514,6.019999980926514,6.019999980926514,4786
2008-03-31,5.949999809265137,6.300000190734863,5.599999904632568,6.019999980926514,6.019999980926514,4757
2008-04-01,5.739999771118164,5.809999942779541,3.8499999046325684,4.409999847412109,4.409999847412109,52529
2008-04-02,4.480000019073486,4.900000095367432,4.409999847412109,4.690000057220459,4.690000057220459,13857
2008-04-03,4.900000095367432,5.039999961853027,4.269999980926514,4.829999923706055,4.829999923706055,4200
2008-04-04,4.829999923706055,4.900000095367432,4.409999847412109,4.690000057220459,4.690000057220459,6329
2008-04-07,4.409999847412109,4.96999979019165,4.409999847412109,4.550000190734863,4.550000190734863,1943
2008-04-08,4.340000152587891,4.550000190734863,4.340000152587891,4.409999847412109,4.409999847412109,7029
2008-04-09,4.409999847412109,4.550000190734863,4.340000152587891,4.550000190734863,4.550000190734863,500
2008-04-10,4.409999847412109,4.480000019073486,4.269999980926514,4.480000019073486,4.480000019073486,3057
2008-04-11,4.199999809265137,4.480000019073486,4.059999942779541,4.199999809265137,4.199999809265137,3786
2008-04-14,4.269999980926514,4.409999847412109,4.059999942779541,4.059999942779541,4.059999942779541,3371
2008-04-15,4.059999942779541,4.059999942779541,3.569999933242798,3.640000104904175,3.640000104904175,11543
2008-04-16,3.8499999046325684,3.8499999046325684,3.1500000953674316,3.2899999618530273,3.2899999618530273,9971
2008-04-17,3.5,3.569999933242798,3.2200000286102295,3.359999895095825,3.359999895095825,4400
2008-04-18,3.569999933242798,4.760000228881836,3.5,4.619999885559082,4.619999885559082,11086
2008-04-21,4.340000152587891,5.039999961853027,3.990000009536743,5.039999961853027,5.039999961853027,3300
2008-04-22,4.199999809265137,4.829999923706055,4.199999809265137,4.409999847412109,4.409999847412109,1757
2008-04-23,4.760000228881836,4.760000228881836,4.340000152587891,4.409999847412109,4.409999847412109,357
2008-04-24,4.480000019073486,4.550000190734863,4.269999980926514,4.480000019073486,4.480000019073486,829
2008-04-25,4.480000019073486,4.480000019073486,3.8499999046325684,3.990000009536743,3.990000009536743,4629
2008-04-28,3.9200000762939453,4.269999980926514,3.8499999046325684,3.8499999046325684,3.8499999046325684,4786
2008-04-29,3.8499999046325684,4.199999809265137,3.569999933242798,4.199999809265137,4.199999809265137,2486
2008-04-30,3.569999933242798,4.340000152587891,3.569999933242798,4.059999942779541,4.059999942779541,1886
2008-05-01,4.269999980926514,4.340000152587891,4.130000114440918,4.199999809265137,4.199999809265137,2243
2008-05-02,4.199999809265137,4.269999980926514,4.059999942779541,4.059999942779541,4.059999942779541,1429
2008-05-05,4.340000152587891,4.340000152587891,3.9200000762939453,3.9200000762939453,3.9200000762939453,814
2008-05-06,3.9200000762939453,4.199999809265137,3.9200000762939453,4.059999942779541,4.059999942779541,2486
2008-05-07,3.8499999046325684,3.990000009536743,3.7100000381469727,3.7100000381469727,3.7100000381469727,829
2008-05-08,3.7100000381469727,3.8499999046325684,3.640000104904175,3.640000104904175,3.640000104904175,943
2008-05-09,3.640000104904175,3.9200000762939453,3.569999933242798,3.569999933242798,3.569999933242798,2643
2008-05-12,4.130000114440918,4.550000190734863,3.9200000762939453,4.269999980926514,4.269999980926514,6086
2008-05-13,4.550000190734863,5.25,4.340000152587891,5.25,5.25,10271
2008-05-14,5.320000171661377,5.320000171661377,4.409999847412109,4.760000228881836,4.760000228881836,6000
2008-05-15,4.900000095367432,4.96999979019165,4.619999885559082,4.829999923706055,4.829999923706055,2857
2008-05-16,5.039999961853027,5.039999961853027,4.480000019073486,4.480000019073486,4.480000019073486,1071
2008-05-19,4.480000019073486,4.690000057220459,3.8499999046325684,4.199999809265137,4.199999809265137,16471
2008-05-20,4.480000019073486,4.480000019073486,4.199999809265137,4.199999809265137,4.199999809265137,2414
2008-05-21,4.480000019073486,4.480000019073486,3.8499999046325684,3.8499999046325684,3.8499999046325684,3200
2008-05-22,4.059999942779541,4.269999980926514,3.8499999046325684,3.8499999046325684,3.8499999046325684,3943
2008-05-23,3.8499999046325684,4.059999942779541,3.7100000381469727,3.7100000381469727,3.7100000381469727,3757
2008-05-27,3.7100000381469727,3.990000009536743,3.640000104904175,3.640000104904175,3.640000104904175,3671
2008-05-28,3.8499999046325684,3.990000009536743,3.8499999046325684,3.8499999046325684,3.8499999046325684,2157
2008-05-29,3.8499999046325684,4.059999942779541,3.8499999046325684,3.990000009536743,3.990000009536743,1243
2008-05-30,3.9200000762939453,4.409999847412109,3.9200000762939453,4.409999847412109,4.409999847412109,3671
2008-06-02,4.480000019073486,4.480000019073486,3.990000009536743,3.990000009536743,3.990000009536743,1129
2008-06-03,4.199999809265137,4.199999809265137,2.1700000762939453,3.430000066757202,3.430000066757202,33900
2008-06-04,3.7100000381469727,3.7100000381469727,3.2200000286102295,3.640000104904175,3.640000104904175,1143
2008-06-05,3.7100000381469727,3.8499999046325684,3.5,3.5,3.5,2143
2008-06-06,3.5,3.8499999046325684,3.359999895095825,3.5,3.5,1786
2008-06-09,3.359999895095825,3.8499999046325684,3.2899999618530273,3.569999933242798,3.569999933242798,4443
2008-06-10,3.5,3.7799999713897705,3.5,3.5,3.5,2243
2008-06-11,3.5,3.7100000381469727,3.359999895095825,3.430000066757202,3.430000066757202,357
2008-06-12,3.640000104904175,3.640000104904175,3.5,3.5,3.5,186
2008-06-13,3.7100000381469727,3.7100000381469727,2.940000057220459,3.2899999618530273,3.2899999618530273,4100
2008-06-16,3.430000066757202,3.640000104904175,3.2899999618530273,3.569999933242798,3.569999933242798,1629
2008-06-17,3.7799999713897705,3.990000009536743,3.7799999713897705,3.9200000762939453,3.9200000762939453,6886
2008-06-18,3.7799999713897705,3.8499999046325684,3.430000066757202,3.8499999046325684,3.8499999046325684,914
2008-06-19,3.9200000762939453,4.059999942779541,3.7799999713897705,3.9200000762939453,3.9200000762939453,1686
2008-06-20,3.8499999046325684,3.8499999046325684,3.1500000953674316,3.359999895095825,3.359999895095825,2814
2008-06-23,3.359999895095825,3.640000104904175,3.359999895095825,3.5,3.5,3086
2008-06-24,3.430000066757202,3.430000066757202,3.359999895095825,3.359999895095825,3.359999895095825,2057
2008-06-25,3.359999895095825,3.640000104904175,3.009999990463257,3.359999895095825,3.359999895095825,4214
2008-06-26,3.009999990463257,3.640000104904175,2.940000057220459,3.2200000286102295,3.2200000286102295,3586
2008-06-27,3.0799999237060547,3.2899999618530273,2.940000057220459,3.0799999237060547,3.0799999237060547,1371
2008-06-30,3.009999990463257,3.0799999237060547,2.5199999809265137,2.5199999809265137,2.5199999809265137,8657
2008-07-01,2.5199999809265137,2.5199999809265137,2.309999942779541,2.380000114440918,2.380000114440918,6700
2008-07-02,2.450000047683716,2.450000047683716,1.9600000381469727,2.0999999046325684,2.0999999046325684,21229
2008-07-03,1.8899999856948853,2.1700000762939453,1.8899999856948853,2.1700000762939453,2.1700000762939453,2829
2008-07-07,1.9600000381469727,2.1700000762939453,1.8200000524520874,2.0999999046325684,2.0999999046325684,1257
2008-07-08,1.75,2.1700000762939453,1.75,2.0299999713897705,2.0299999713897705,9214
2008-07-09,2.0999999046325684,2.0999999046325684,2.0299999713897705,2.0299999713897705,2.0299999713897705,1014
2008-07-10,1.75,1.8200000524520874,0.9100000262260437,1.399999976158142,1.399999976158142,45386
2008-07-11,1.399999976158142,1.399999976158142,1.0499999523162842,1.2599999904632568,1.2599999904632568,24500
2008-07-14,1.2599999904632568,1.3300000429153442,0.9100000262260437,0.9800000190734863,0.9800000190734863,33529
2008-07-15,1.0499999523162842,1.1200000047683716,0.7699999809265137,0.7699999809265137,0.7699999809265137,13914
2008-07-16,0.5600000023841858,0.8399999737739563,0.5600000023841858,0.5600000023841858,0.5600000023841858,70357
2008-07-17,0.699999988079071,0.699999988079071,0.3499999940395355,0.41999998688697815,0.41999998688697815,238843
2008-07-18,0.5600000023841858,0.8399999737739563,0.41999998688697815,0.699999988079071,0.699999988079071,192157
2008-07-21,1.0499999523162842,3.009999990463257,0.9100000262260437,3.009999990463257,3.009999990463257,436057
2008-07-22,2.799999952316284,3.640000104904175,1.9600000381469727,2.5199999809265137,2.5199999809265137,299871
2008-07-23,2.240000009536743,2.5199999809265137,1.6799999475479126,1.75,1.75,132143
2008-07-24,1.75,2.0999999046325684,1.399999976158142,1.399999976158142,1.399999976158142,48457
2008-07-25,1.399999976158142,1.6799999475479126,1.3300000429153442,1.399999976158142,1.399999976158142,21471
2008-07-28,1.3300000429153442,1.6799999475479126,1.190000057220459,1.2599999904632568,1.2599999904632568,47714
2008-07-29,1.6799999475479126,1.6799999475479126,1.3300000429153442,1.399999976158142,1.399999976158142,43100
2008-07-30,1.5399999618530273,1.5399999618530273,1.2599999904632568,1.399999976158142,1.399999976158142,14600
2008-07-31,1.399999976158142,1.4700000286102295,1.190000057220459,1.2599999904632568,1.2599999904632568,15600
2008-08-01,1.2599999904632568,1.399999976158142,1.2599999904632568,1.3300000429153442,1.3300000429153442,9157
2008-08-04,1.3300000429153442,1.4700000286102295,1.190000057220459,1.2599999904632568,1.2599999904632568,19943
2008-08-05,1.3300000429153442,1.3300000429153442,1.0499999523162842,1.0499999523162842,1.0499999523162842,35643
2008-08-06,1.190000057220459,1.3300000429153442,0.9100000262260437,1.0499999523162842,1.0499999523162842,38729
2008-08-07,1.0499999523162842,1.3300000429153442,0.9100000262260437,1.2599999904632568,1.2599999904632568,32643
2008-08-08,1.3300000429153442,1.3300000429153442,1.0499999523162842,1.0499999523162842,1.0499999523162842,22200
2008-08-11,1.1200000047683716,1.3300000429153442,1.1200000047683716,1.190000057220459,1.190000057220459,37029
2008-08-12,1.190000057220459,1.2599999904632568,1.0499999523162842,1.190000057220459,1.190000057220459,22171
2008-08-13,1.190000057220459,1.190000057220459,1.0499999523162842,1.190000057220459,1.190000057220459,3429
2008-08-14,1.0499999523162842,1.190000057220459,1.0499999523162842,1.0499999523162842,1.0499999523162842,7629
2008-08-15,1.190000057220459,1.190000057220459,1.0499999523162842,1.0499999523162842,1.0499999523162842,19129
2008-08-18,1.1200000047683716,1.190000057220459,1.0499999523162842,1.0499999523162842,1.0499999523162842,20486
2008-08-19,1.0499999523162842,1.1200000047683716,0.9800000190734863,0.9800000190734863,0.9800000190734863,10186
2008-08-20,0.9800000190734863,1.1200000047683716,0.9800000190734863,0.9800000190734863,0.9800000190734863,18243
2008-08-21,0.9800000190734863,1.0499999523162842,0.9100000262260437,0.9100000262260437,0.9100000262260437,12914
2008-08-22,0.9100000262260437,1.0499999523162842,0.8399999737739563,0.9800000190734863,0.9800000190734863,8829
2008-08-25,0.8399999737739563,0.9100000262260437,0.6299999952316284,0.699999988079071,0.699999988079071,81900
2008-08-26,0.699999988079071,1.0499999523162842,0.699999988079071,0.7699999809265137,0.7699999809265137,76143
2008-08-27,0.9800000190734863,0.9800000190734863,0.7699999809265137,0.9100000262260437,0.9100000262260437,29329
2008-08-28,0.9100000262260437,0.9800000190734863,0.8399999737739563,0.8399999737739563,0.8399999737739563,21100
2008-08-29,0.9800000190734863,0.9800000190734863,0.8399999737739563,0.9100000262260437,0.9100000262260437,26657
2008-09-02,1.0499999523162842,2.5899999141693115,1.0499999523162842,2.5899999141693115,2.5899999141693115,348914
2008-09-03,2.7300000190734863,6.860000133514404,2.1700000762939453,5.110000133514404,5.110000133514404,984729
2008-09-04,6.300000190734863,7.349999904632568,5.389999866485596,5.739999771118164,5.739999771118164,777986
2008-09-05,5.670000076293945,6.300000190734863,4.269999980926514,5.25,5.25,329586
2008-09-08,5.460000038146973,5.739999771118164,3.9200000762939453,4.340000152587891,4.340000152587891,260314
2008-09-09,4.409999847412109,4.409999847412109,2.6600000858306885,3.0799999237060547,3.0799999237060547,175400
2008-09-10,3.009999990463257,3.359999895095825,2.240000009536743,2.5899999141693115,2.5899999141693115,85757
2008-09-11,2.5899999141693115,3.8499999046325684,2.240000009536743,3.640000104904175,3.640000104904175,100900
2008-09-12,3.8499999046325684,4.760000228881836,2.869999885559082,3.7799999713897705,3.7799999713897705,258857
2008-09-15,4.130000114440918,4.130000114440918,2.6600000858306885,3.1500000953674316,3.1500000953674316,66429
2008-09-16,3.1500000953674316,3.430000066757202,2.799999952316284,2.940000057220459,2.940000057220459,42386
2008-09-17,2.940000057220459,3.2899999618530273,2.940000057220459,3.009999990463257,3.009999990463257,42171
2008-09-18,3.2899999618530273,3.2899999618530273,2.940000057220459,3.0799999237060547,3.0799999237060547,28486
2008-09-19,3.359999895095825,4.059999942779541,3.1500000953674316,3.2899999618530273,3.2899999618530273,66886
2008-09-22,3.640000104904175,3.640000104904175,3.0799999237060547,3.2200000286102295,3.2200000286102295,15900
2008-09-23,2.869999885559082,3.2899999618530273,2.450000047683716,2.799999952316284,2.799999952316284,55157
2008-09-24,2.869999885559082,2.940000057220459,2.5199999809265137,2.6600000858306885,2.6600000858306885,34871
2008-09-25,2.869999885559082,2.869999885559082,1.8899999856948853,2.1700000762939453,2.1700000762939453,73486
2008-09-26,2.240000009536743,2.380000114440918,1.8899999856948853,1.8899999856948853,1.8899999856948853,29200
2008-09-29,1.8899999856948853,2.1700000762939453,0.5600000023841858,1.8899999856948853,1.8899999856948853,39214
2008-09-30,1.6799999475479126,1.9600000381469727,1.5399999618530273,1.6799999475479126,1.6799999475479126,20243
2008-10-01,1.6799999475479126,3.5,1.6799999475479126,3.430000066757202,3.430000066757202,110457
2008-10-02,3.8499999046325684,5.599999904632568,3.5,3.990000009536743,3.990000009536743,143700
2008-10-03,4.199999809265137,4.690000057220459,2.940000057220459,3.359999895095825,3.359999895095825,97086
2008-10-06,3.009999990463257,3.009999990463257,2.450000047683716,2.799999952316284,2.799999952316284,41200
2008-10-07,2.940000057220459,2.940000057220459,2.1700000762939453,2.5899999141693115,2.5899999141693115,31186
2008-10-08,2.0999999046325684,2.7300000190734863,2.0999999046325684,2.5899999141693115,2.5899999141693115,15300
2008-10-09,2.5899999141693115,2.6600000858306885,2.0999999046325684,2.0999999046325684,2.0999999046325684,18471
2008-10-10,2.0999999046325684,2.450000047683716,2.0999999046325684,2.380000114440918,2.380000114440918,17671
2008-10-13,2.7300000190734863,2.7300000190734863,2.309999942779541,2.309999942779541,2.309999942779541,1214
2008-10-14,2.380000114440918,2.450000047683716,2.0999999046325684,2.240000009536743,2.240000009536743,22086
2008-10-15,2.1700000762939453,2.240000009536743,2.0999999046325684,2.0999999046325684,2.0999999046325684,16100
2008-10-16,2.0299999713897705,2.0299999713897705,1.8899999856948853,1.9600000381469727,1.9600000381469727,7743
2008-10-17,2.309999942779541,2.5199999809265137,1.9600000381469727,2.1700000762939453,2.1700000762939453,14800
2008-10-20,2.309999942779541,2.6600000858306885,2.240000009536743,2.380000114440918,2.380000114440918,15086
2008-10-21,2.240000009536743,2.240000009536743,1.5399999618530273,2.0299999713897705,2.0299999713897705,21071
2008-10-22,2.0299999713897705,2.240000009536743,1.4700000286102295,2.0299999713897705,2.0299999713897705,11643
2008-10-23,2.0999999046325684,2.1700000762939453,1.8200000524520874,1.9600000381469727,1.9600000381469727,5471
2008-10-24,2.0999999046325684,2.0999999046325684,1.75,1.9600000381469727,1.9600000381469727,6629
2008-10-27,1.75,2.0299999713897705,1.75,2.0299999713897705,2.0299999713897705,6114
2008-10-28,1.8200000524520874,2.240000009536743,1.8200000524520874,2.1700000762939453,2.1700000762939453,6129
2008-10-29,2.1700000762939453,2.309999942779541,1.9600000381469727,2.1700000762939453,2.1700000762939453,4729
2008-10-30,2.0999999046325684,2.0999999046325684,1.9600000381469727,1.9600000381469727,1.9600000381469727,6929
2008-10-31,1.9600000381469727,2.1700000762939453,1.8899999856948853,2.0999999046325684,2.0999999046325684,5071
2008-11-03,2.240000009536743,2.240000009536743,1.9600000381469727,2.0299999713897705,2.0299999713897705,5543
2008-11-04,2.0999999046325684,2.0999999046325684,1.8200000524520874,1.9600000381469727,1.9600000381469727,7957
2008-11-05,1.9600000381469727,2.0299999713897705,1.75,1.75,1.75,5971
2008-11-06,1.75,1.8200000524520874,1.5399999618530273,1.6799999475479126,1.6799999475479126,7957
2008-11-07,1.6100000143051147,1.8200000524520874,1.6100000143051147,1.75,1.75,5457
2008-11-10,1.5399999618530273,1.9600000381469727,1.5399999618530273,1.75,1.75,2443
2008-11-11,1.8899999856948853,1.8899999856948853,1.5399999618530273,1.75,1.75,7557
2008-11-12,1.6100000143051147,1.9600000381469727,1.5399999618530273,1.5399999618530273,1.5399999618530273,6157
2008-11-13,1.4700000286102295,1.75,1.4700000286102295,1.5399999618530273,1.5399999618530273,5243
2008-11-14,1.6100000143051147,1.75,1.5399999618530273,1.6799999475479126,1.6799999475479126,6914
2008-11-17,1.5399999618530273,1.75,1.4700000286102295,1.6799999475479126,1.6799999475479126,8071
2008-11-18,1.4700000286102295,1.8899999856948853,1.4700000286102295,1.75,1.75,9100
2008-11-19,1.5399999618530273,1.8899999856948853,1.4700000286102295,1.75,1.75,4929
2008-11-20,1.4700000286102295,1.5399999618530273,1.1200000047683716,1.190000057220459,1.190000057220459,13171
2008-11-21,1.4700000286102295,1.4700000286102295,1.190000057220459,1.4700000286102295,1.4700000286102295,7600
2008-11-24,1.3300000429153442,1.75,1.3300000429153442,1.75,1.75,9200
2008-11-25,1.9600000381469727,2.0999999046325684,1.5399999618530273,1.6799999475479126,1.6799999475479126,8871
2008-11-26,2.0299999713897705,2.0299999713897705,1.6100000143051147,1.8200000524520874,1.8200000524520874,10229
2008-11-28,1.8200000524520874,2.0299999713897705,1.5399999618530273,1.75,1.75,4586
2008-12-01,1.6799999475479126,1.75,1.4700000286102295,1.4700000286102295,1.4700000286102295,5171
2008-12-02,1.6799999475479126,1.75,1.2599999904632568,1.2599999904632568,1.2599999904632568,19171
2008-12-03,1.5399999618530273,1.6799999475479126,1.399999976158142,1.6100000143051147,1.6100000143051147,20300
2008-12-04,1.8200000524520874,1.8200000524520874,1.6100000143051147,1.6100000143051147,1.6100000143051147,14143
2008-12-05,1.8899999856948853,1.9600000381469727,1.4700000286102295,1.75,1.75,3486
2008-12-08,1.5399999618530273,1.8899999856948853,1.5399999618530273,1.8200000524520874,1.8200000524520874,5857
2008-12-09,1.5399999618530273,1.9600000381469727,1.5399999618530273,1.8899999856948853,1.8899999856948853,5829
2008-12-10,1.8200000524520874,1.8899999856948853,1.399999976158142,1.6100000143051147,1.6100000143051147,25871
2008-12-11,1.8200000524520874,1.8200000524520874,1.4700000286102295,1.6799999475479126,1.6799999475479126,7943
2008-12-12,1.6100000143051147,1.75,1.4700000286102295,1.75,1.75,17214
2008-12-15,1.75,1.9600000381469727,1.6100000143051147,1.9600000381469727,1.9600000381469727,11700
2008-12-16,1.9600000381469727,1.9600000381469727,1.6100000143051147,1.8200000524520874,1.8200000524520874,4614
2008-12-17,1.8899999856948853,1.8899999856948853,1.6799999475479126,1.8200000524520874,1.8200000524520874,386
2008-12-18,1.75,1.9600000381469727,1.6799999475479126,1.6799999475479126,1.6799999475479126,6571
2008-12-19,1.6799999475479126,1.8200000524520874,1.6100000143051147,1.6100000143051147,1.6100000143051147,3514
2008-12-22,1.6100000143051147,1.75,1.6100000143051147,1.6799999475479126,1.6799999475479126,2229
2008-12-23,1.6100000143051147,1.6799999475479126,1.2599999904632568,1.2599999904632568,1.2599999904632568,41629
2008-12-24,1.6799999475479126,1.6799999475479126,1.2599999904632568,1.2599999904632568,1.2599999904632568,4600
2008-12-26,1.399999976158142,1.4700000286102295,1.3300000429153442,1.399999976158142,1.399999976158142,3129
2008-12-29,1.399999976158142,1.399999976158142,1.2599999904632568,1.2599999904632568,1.2599999904632568,7157
2008-12-30,1.2599999904632568,1.3300000429153442,1.1200000047683716,1.190000057220459,1.190000057220459,21457
2008-12-31,1.190000057220459,1.5399999618530273,1.190000057220459,1.190000057220459,1.190000057220459,25757
2009-01-02,1.5399999618530273,2.309999942779541,1.399999976158142,2.0299999713897705,2.0299999713897705,79157
2009-01-05,1.75,2.380000114440918,1.4700000286102295,2.240000009536743,2.240000009536743,39671
2009-01-06,2.0999999046325684,2.309999942779541,1.8899999856948853,2.1700000762939453,2.1700000762939453,12371
2009-01-07,2.309999942779541,2.309999942779541,1.8899999856948853,2.240000009536743,2.240000009536743,3786
2009-01-08,1.8899999856948853,2.240000009536743,1.8899999856948853,1.9600000381469727,1.9600000381469727,3229
2009-01-09,2.0299999713897705,2.0999999046325684,1.8899999856948853,2.0299999713897705,2.0299999713897705,1914
2009-01-12,1.9600000381469727,2.0999999046325684,1.8899999856948853,1.8899999856948853,1.8899999856948853,2029
2009-01-13,1.6100000143051147,1.9600000381469727,1.6100000143051147,1.9600000381469727,1.9600000381469727,10057
2009-01-14,1.75,1.8899999856948853,1.6100000143051147,1.75,1.75,4614
2009-01-15,1.75,1.8899999856948853,1.75,1.8899999856948853,1.8899999856948853,4229
2009-01-16,1.8899999856948853,1.9600000381469727,1.8899999856948853,1.9600000381469727,1.9600000381469727,4129
2009-01-20,1.75,1.9600000381469727,1.75,1.75,1.75,2586
2009-01-21,2.0299999713897705,2.0299999713897705,1.75,1.9600000381469727,1.9600000381469727,14957
2009-01-22,1.8200000524520874,1.8899999856948853,1.8200000524520874,1.8200000524520874,1.8200000524520874,2829
2009-01-23,1.75,1.8200000524520874,1.75,1.75,1.75,2257
2009-01-26,1.75,1.8899999856948853,1.75,1.75,1.75,3771
2009-01-27,2.0299999713897705,2.0299999713897705,1.8200000524520874,1.8899999856948853,1.8899999856948853,1671
2009-01-28,1.75,2.0299999713897705,1.75,2.0299999713897705,2.0299999713897705,8900
2009-01-29,1.9600000381469727,1.9600000381469727,1.75,1.9600000381469727,1.9600000381469727,1643
2009-01-30,1.9600000381469727,1.9600000381469727,1.8899999856948853,1.9600000381469727,1.9600000381469727,2186
2009-02-02,1.9600000381469727,2.0999999046325684,1.75,1.8200000524520874,1.8200000524520874,7329
2009-02-03,1.8200000524520874,1.9600000381469727,1.6100000143051147,1.6100000143051147,1.6100000143051147,14386
2009-02-04,1.75,1.9600000381469727,1.75,1.8899999856948853,1.8899999856948853,1114
2009-02-05,1.8899999856948853,1.8899999856948853,1.75,1.8899999856948853,1.8899999856948853,900
2009-02-06,1.75,1.9600000381469727,1.75,1.75,1.75,9043
2009-02-09,1.75,1.9600000381469727,1.75,1.8899999856948853,1.8899999856948853,1800
2009-02-10,1.8200000524520874,1.8200000524520874,1.8200000524520874,1.8200000524520874,1.8200000524520874,1029
2009-02-11,1.9600000381469727,1.9600000381469727,1.75,1.9600000381469727,1.9600000381469727,1486
2009-02-12,1.75,1.8899999856948853,1.75,1.8899999856948853,1.8899999856948853,171
2009-02-13,1.9600000381469727,2.0299999713897705,1.8200000524520874,1.9600000381469727,1.9600000381469727,1643
2009-02-17,1.75,1.8899999856948853,1.5399999618530273,1.8200000524520874,1.8200000524520874,17957
2009-02-18,1.75,1.75,1.2599999904632568,1.3300000429153442,1.3300000429153442,22900
2009-02-19,1.4700000286102295,1.75,1.3300000429153442,1.3300000429153442,1.3300000429153442,8829
2009-02-20,1.3300000429153442,1.399999976158142,1.3300000429153442,1.3300000429153442,1.3300000429153442,4314
2009-02-23,1.3300000429153442,1.4700000286102295,1.2599999904632568,1.2599999904632568,1.2599999904632568,5171
2009-02-24,1.2599999904632568,1.4700000286102295,1.1200000047683716,1.399999976158142,1.399999976158142,5757
2009-02-25,1.399999976158142,1.399999976158142,1.2599999904632568,1.3300000429153442,1.3300000429153442,1300
2009-02-26,1.3300000429153442,1.399999976158142,1.3300000429153442,1.3300000429153442,1.3300000429153442,129
2009-02-27,1.2599999904632568,1.2599999904632568,1.190000057220459,1.2599999904632568,1.2599999904632568,3314
2009-03-02,1.2599999904632568,1.2599999904632568,1.1200000047683716,1.1200000047683716,1.1200000047683716,2600
2009-03-03,1.1200000047683716,1.190000057220459,1.1200000047683716,1.1200000047683716,1.1200000047683716,3157
2009-03-04,1.1200000047683716,1.190000057220459,1.1200000047683716,1.190000057220459,1.190000057220459,1357
2009-03-05,1.1200000047683716,1.1200000047683716,0.9100000262260437,0.9100000262260437,0.9100000262260437,2600
2009-03-06,0.9100000262260437,0.9800000190734863,0.8399999737739563,0.9100000262260437,0.9100000262260437,2057
2009-03-09,0.9100000262260437,1.2599999904632568,0.8399999737739563,0.9100000262260437,0.9100000262260437,7800
2009-03-10,0.9800000190734863,1.1200000047683716,0.9100000262260437,0.9100000262260437,0.9100000262260437,3500
2009-03-11,0.9800000190734863,1.1200000047683716,0.9800000190734863,0.9800000190734863,0.9800000190734863,2043
2009-03-12,1.1200000047683716,1.1200000047683716,0.9800000190734863,1.1200000047683716,1.1200000047683716,2700
2009-03-13,1.2599999904632568,1.399999976158142,1.190000057220459,1.2599999904632568,1.2599999904632568,6400
2009-03-16,1.2599999904632568,1.3300000429153442,1.0499999523162842,1.190000057220459,1.190000057220459,2200
2009-03-17,1.4700000286102295,1.4700000286102295,1.399999976158142,1.4700000286102295,1.4700000286102295,4471
2009-03-18,1.4700000286102295,1.4700000286102295,1.2599999904632568,1.4700000286102295,1.4700000286102295,1843
2009-03-19,1.4700000286102295,1.4700000286102295,1.1200000047683716,1.2599999904632568,1.2599999904632568,8529
2009-03-20,1.5399999618530273,1.5399999618530273,1.2599999904632568,1.2599999904632568,1.2599999904632568,2300
2009-03-23,1.4700000286102295,1.4700000286102295,1.3300000429153442,1.4700000286102295,1.4700000286102295,4129
2009-03-24,1.6100000143051147,1.6100000143051147,1.5399999618530273,1.6100000143051147,1.6100000143051147,4986
2009-03-25,1.75,2.0299999713897705,1.6100000143051147,1.75,1.75,13686
2009-03-26,2.240000009536743,2.240000009536743,1.6799999475479126,1.8899999856948853,1.8899999856948853,11943
2009-03-27,1.75,1.9600000381469727,1.6799999475479126,1.9600000381469727,1.9600000381469727,2557
2009-03-30,1.75,1.75,1.4700000286102295,1.5399999618530273,1.5399999618530273,3757
2009-03-31,1.5399999618530273,1.8899999856948853,1.4700000286102295,1.5399999618530273,1.5399999618530273,6871
2009-04-01,1.4700000286102295,1.4700000286102295,1.0499999523162842,1.1200000047683716,1.1200000047683716,82943
2009-04-02,1.1200000047683716,1.2599999904632568,1.0499999523162842,1.0499999523162842,1.0499999523162842,23057
2009-04-03,1.1200000047683716,1.190000057220459,0.7699999809265137,0.9800000190734863,0.9800000190734863,42500
2009-04-06,0.8399999737739563,1.0499999523162842,0.8399999737739563,0.9100000262260437,0.9100000262260437,12400
2009-04-07,0.9800000190734863,1.1200000047683716,0.9100000262260437,0.9100000262260437,0.9100000262260437,7300
2009-04-08,0.9100000262260437,1.9600000381469727,0.9100000262260437,1.190000057220459,1.190000057220459,125129
2009-04-09,1.190000057220459,1.75,1.190000057220459,1.399999976158142,1.399999976158142,61600
2009-04-13,1.6799999475479126,1.6799999475479126,1.399999976158142,1.399999976158142,1.399999976158142,2600
2009-04-14,1.4700000286102295,1.6799999475479126,1.399999976158142,1.399999976158142,1.399999976158142,24186
2009-04-15,1.399999976158142,1.6100000143051147,1.190000057220459,1.2599999904632568,1.2599999904632568,24371
2009-04-16,1.190000057220459,1.399999976158142,1.190000057220459,1.190000057220459,1.190000057220459,5943
2009-04-17,1.2599999904632568,1.399999976158142,1.2599999904632568,1.399999976158142,1.399999976158142,6043
2009-04-20,1.2599999904632568,1.6100000143051147,1.190000057220459,1.2599999904632568,1.2599999904632568,10100
2009-04-21,1.5399999618530273,1.5399999618530273,1.3300000429153442,1.3300000429153442,1.3300000429153442,9000
2009-04-22,1.4700000286102295,1.4700000286102295,1.2599999904632568,1.2599999904632568,1.2599999904632568,4800
2009-04-23,1.2599999904632568,1.399999976158142,1.2599999904632568,1.2599999904632568,1.2599999904632568,6671
2009-04-24,1.2599999904632568,1.399999976158142,1.190000057220459,1.399999976158142,1.399999976158142,5086
2009-04-27,1.3300000429153442,1.399999976158142,1.190000057220459,1.190000057220459,1.190000057220459,4943
2009-04-28,1.2599999904632568,1.3300000429153442,1.190000057220459,1.190000057220459,1.190000057220459,3343
2009-04-29,1.2599999904632568,1.3300000429153442,1.2599999904632568,1.3300000429153442,1.3300000429153442,7057
2009-04-30,1.399999976158142,1.399999976158142,1.190000057220459,1.2599999904632568,1.2599999904632568,4129
2009-05-01,1.4700000286102295,1.4700000286102295,1.1200000047683716,1.2599999904632568,1.2599999904632568,6900
2009-05-04,1.190000057220459,1.3300000429153442,1.190000057220459,1.2599999904632568,1.2599999904632568,10514
2009-05-05,1.2599999904632568,2.0299999713897705,1.2599999904632568,1.6799999475479126,1.6799999475479126,74286
2009-05-06,1.6799999475479126,1.8200000524520874,1.6799999475479126,1.75,1.75,19114
2009-05-07,1.75,1.75,1.4700000286102295,1.4700000286102295,1.4700000286102295,10271
2009-05-08,1.4700000286102295,1.6799999475479126,1.4700000286102295,1.6100000143051147,1.6100000143051147,5400
2009-05-11,1.6100000143051147,1.75,1.4700000286102295,1.6100000143051147,1.6100000143051147,16129
2009-05-12,1.4700000286102295,1.6100000143051147,1.0499999523162842,1.399999976158142,1.399999976158142,50314
2009-05-13,1.75,1.75,1.3300000429153442,1.3300000429153442,1.3300000429153442,12214
2009-05-14,1.6799999475479126,1.6799999475479126,1.399999976158142,1.4700000286102295,1.4700000286102295,1829
2009-05-15,1.5399999618530273,1.6100000143051147,1.399999976158142,1.399999976158142,1.399999976158142,6829
2009-05-18,1.5399999618530273,1.6799999475479126,1.399999976158142,1.6799999475479126,1.6799999475479126,27300
2009-05-19,1.6799999475479126,1.75,1.4700000286102295,1.5399999618530273,1.5399999618530273,22386
2009-05-20,1.6100000143051147,1.6799999475479126,1.3300000429153442,1.3300000429153442,1.3300000429153442,24843
2009-05-21,1.4700000286102295,1.5399999618530273,1.3300000429153442,1.399999976158142,1.399999976158142,10986
2009-05-22,1.5399999618530273,1.6799999475479126,1.4700000286102295,1.5399999618530273,1.5399999618530273,32329
2009-05-26,1.5399999618530273,1.6100000143051147,1.399999976158142,1.5399999618530273,1.5399999618530273,3471
2009-05-27,1.399999976158142,1.6799999475479126,1.399999976158142,1.5399999618530273,1.5399999618530273,4357
2009-05-28,1.4700000286102295,1.4700000286102295,1.3300000429153442,1.399999976158142,1.399999976158142,9657
2009-05-29,1.399999976158142,1.399999976158142,1.2599999904632568,1.2599999904632568,1.2599999904632568,9400
2009-06-01,1.4700000286102295,1.6100000143051147,1.2599999904632568,1.3300000429153442,1.3300000429153442,21900
2009-06-02,1.3300000429153442,1.4700000286102295,1.3300000429153442,1.4700000286102295,1.4700000286102295,10414
2009-06-03,1.3300000429153442,1.4700000286102295,1.3300000429153442,1.4700000286102295,1.4700000286102295,7457
2009-06-04,1.5399999618530273,1.6100000143051147,1.3300000429153442,1.5399999618530273,1.5399999618530273,9357
2009-06-05,1.5399999618530273,1.5399999618530273,1.399999976158142,1.399999976158142,1.399999976158142,14429
2009-06-08,1.5399999618530273,1.5399999618530273,1.399999976158142,1.399999976158142,1.399999976158142,2543
2009-06-09,1.4700000286102295,2.450000047683716,1.399999976158142,1.8200000524520874,1.8200000524520874,314129
2009-06-10,2.0999999046325684,2.6600000858306885,1.9600000381469727,2.0299999713897705,2.0299999713897705,303386
2009-06-11,2.240000009536743,2.240000009536743,1.6799999475479126,1.8200000524520874,1.8200000524520874,69371
2009-06-12,1.8899999856948853,1.8899999856948853,1.4700000286102295,1.6100000143051147,1.6100000143051147,38371
2009-06-15,1.5399999618530273,1.8200000524520874,1.5399999618530273,1.75,1.75,18243
2009-06-16,1.6100000143051147,1.75,1.5399999618530273,1.5399999618530273,1.5399999618530273,27657
2009-06-17,1.6799999475479126,1.6799999475479126,1.5399999618530273,1.5399999618530273,1.5399999618530273,15671
2009-06-18,1.6100000143051147,1.6799999475479126,1.399999976158142,1.5399999618530273,1.5399999618530273,7143
2009-06-19,1.5399999618530273,1.75,1.5399999618530273,1.5399999618530273,1.5399999618530273,10786
2009-06-22,1.6100000143051147,1.6100000143051147,1.4700000286102295,1.4700000286102295,1.4700000286102295,16214
2009-06-23,1.4700000286102295,1.5399999618530273,1.190000057220459,1.3300000429153442,1.3300000429153442,23929
2009-06-24,1.399999976158142,1.4700000286102295,1.3300000429153442,1.399999976158142,1.399999976158142,6914
2009-06-25,1.399999976158142,1.75,1.399999976158142,1.6100000143051147,1.6100000143051147,31271
2009-06-26,1.399999976158142,1.6799999475479126,1.399999976158142,1.5399999618530273,1.5399999618530273,3643
2009-06-29,1.5399999618530273,1.6100000143051147,1.399999976158142,1.5399999618530273,1.5399999618530273,3757
2009-06-30,1.4700000286102295,1.5399999618530273,1.399999976158142,1.399999976158142,1.399999976158142,4086
2009-07-01,1.399999976158142,1.5399999618530273,1.399999976158142,1.399999976158142,1.399999976158142,3371
2009-07-02,1.399999976158142,1.4700000286102295,1.3300000429153442,1.3300000429153442,1.3300000429153442,11800
2009-07-06,1.4700000286102295,1.4700000286102295,1.2599999904632568,1.2599999904632568,1.2599999904632568,2786
2009-07-07,1.3300000429153442,1.399999976158142,1.3300000429153442,1.3300000429153442,1.3300000429153442,2114
2009-07-08,1.3300000429153442,1.399999976158142,1.3300000429153442,1.3300000429153442,1.3300000429153442,4414
2009-07-09,1.399999976158142,1.399999976158142,1.3300000429153442,1.399999976158142,1.399999976158142,971
2009-07-10,1.2599999904632568,1.399999976158142,1.2599999904632568,1.3300000429153442,1.3300000429153442,4214
2009-07-13,1.3300000429153442,1.399999976158142,1.3300000429153442,1.399999976158142,1.399999976158142,2357
2009-07-14,1.399999976158142,1.399999976158142,1.2599999904632568,1.2599999904632568,1.2599999904632568,3200
2009-07-15,1.3300000429153442,1.4700000286102295,1.3300000429153442,1.4700000286102295,1.4700000286102295,13471
2009-07-16,1.4700000286102295,1.5399999618530273,1.2599999904632568,1.399999976158142,1.399999976158142,7486
2009-07-17,1.3300000429153442,1.4700000286102295,1.3300000429153442,1.3300000429153442,1.3300000429153442,1829
2009-07-20,1.2599999904632568,1.4700000286102295,1.2599999904632568,1.399999976158142,1.399999976158142,4486
2009-07-21,1.399999976158142,1.399999976158142,1.2599999904632568,1.2599999904632568,1.2599999904632568,7357
2009-07-22,1.2599999904632568,1.4700000286102295,1.2599999904632568,1.399999976158142,1.399999976158142,17057
2009-07-23,1.4700000286102295,1.6100000143051147,1.399999976158142,1.5399999618530273,1.5399999618530273,11214
2009-07-24,1.6100000143051147,1.6100000143051147,1.399999976158142,1.4700000286102295,1.4700000286102295,8600
2009-07-27,1.5399999618530273,1.8200000524520874,1.5399999618530273,1.75,1.75,50086
2009-07-28,1.6100000143051147,1.8200000524520874,1.6100000143051147,1.6100000143051147,1.6100000143051147,18486
2009-07-29,1.6100000143051147,1.75,1.5399999618530273,1.6799999475479126,1.6799999475479126,5714
2009-07-30,1.75,1.75,1.5399999618530273,1.6100000143051147,1.6100000143051147,16171
2009-07-31,1.75,1.75,1.6100000143051147,1.6100000143051147,1.6100000143051147,2171
2009-08-03,1.75,1.8200000524520874,1.75,1.75,1.75,16986
2009-08-04,1.6100000143051147,2.309999942779541,1.6100000143051147,2.0999999046325684,2.0999999046325684,56171
2009-08-05,2.450000047683716,2.450000047683716,2.0299999713897705,2.450000047683716,2.450000047683716,39900
2009-08-06,2.450000047683716,2.5899999141693115,2.0999999046325684,2.240000009536743,2.240000009536743,23629
2009-08-07,2.240000009536743,2.309999942779541,2.0999999046325684,2.0999999046325684,2.0999999046325684,15929
2009-08-10,2.240000009536743,2.309999942779541,2.0999999046325684,2.0999999046325684,2.0999999046325684,9500
2009-08-11,2.1700000762939453,2.450000047683716,2.0999999046325684,2.240000009536743,2.240000009536743,9986
2009-08-12,2.0999999046325684,2.5899999141693115,2.0999999046325684,2.380000114440918,2.380000114440918,23686
2009-08-13,2.380000114440918,2.380000114440918,2.240000009536743,2.240000009536743,2.240000009536743,7729
2009-08-14,2.240000009536743,2.380000114440918,2.1700000762939453,2.240000009536743,2.240000009536743,6357
2009-08-17,2.309999942779541,2.380000114440918,1.6799999475479126,1.8200000524520874,1.8200000524520874,76686
2009-08-18,1.9600000381469727,2.0299999713897705,1.75,1.8899999856948853,1.8899999856948853,25529
2009-08-19,2.0999999046325684,2.450000047683716,2.0299999713897705,2.380000114440918,2.380000114440918,112843
2009-08-20,2.380000114440918,2.380000114440918,2.1700000762939453,2.240000009536743,2.240000009536743,29100
2009-08-21,2.240000009536743,5.599999904632568,2.1700000762939453,4.340000152587891,4.340000152587891,669486
2009-08-24,5.110000133514404,5.110000133514404,3.7100000381469727,4.409999847412109,4.409999847412109,254929
2009-08-25,4.340000152587891,4.760000228881836,3.8499999046325684,4.199999809265137,4.199999809265137,128443
2009-08-26,4.269999980926514,6.860000133514404,4.199999809265137,5.320000171661377,5.320000171661377,491571
2009-08-27,5.670000076293945,6.929999828338623,5.389999866485596,5.739999771118164,5.739999771118164,295729
2009-08-28,6.090000152587891,6.71999979019165,5.670000076293945,5.809999942779541,5.809999942779541,162257
2009-08-31,5.880000114440918,5.880000114440918,4.760000228881836,5.320000171661377,5.320000171661377,81614
2009-09-01,5.389999866485596,5.460000038146973,4.900000095367432,4.96999979019165,4.96999979019165,37643
2009-09-02,4.760000228881836,4.829999923706055,3.7100000381469727,4.059999942779541,4.059999942779541,65771
2009-09-03,4.199999809265137,6.019999980926514,4.199999809265137,5.320000171661377,5.320000171661377,100400
2009-09-04,5.809999942779541,5.809999942779541,4.900000095367432,5.25,5.25,37043
2009-09-08,5.460000038146973,6.650000095367432,4.96999979019165,5.949999809265137,5.949999809265137,195057
2009-09-09,6.090000152587891,6.090000152587891,5.460000038146973,5.670000076293945,5.670000076293945,57371
2009-09-10,5.880000114440918,5.880000114440918,4.760000228881836,5.039999961853027,5.039999961853027,65529
2009-09-11,5.110000133514404,5.320000171661377,4.760000228881836,4.900000095367432,4.900000095367432,28929
2009-09-14,5.110000133514404,5.320000171661377,4.829999923706055,5.110000133514404,5.110000133514404,26257
2009-09-15,5.110000133514404,5.320000171661377,5.039999961853027,5.320000171661377,5.320000171661377,19971
2009-09-16,5.599999904632568,5.670000076293945,5.039999961853027,5.460000038146973,5.460000038146973,39071
2009-09-17,5.460000038146973,8.890000343322754,5.460000038146973,8.1899995803833,8.1899995803833,621114
2009-09-18,8.119999885559082,8.260000228881836,6.650000095367432,7.0,7.0,225100
2009-09-21,7.559999942779541,9.380000114440918,7.070000171661377,7.630000114440918,7.630000114440918,214743
2009-09-22,7.630000114440918,8.819999694824219,7.070000171661377,7.630000114440918,7.630000114440918,252871
2009-09-23,8.119999885559082,8.329999923706055,7.070000171661377,7.28000020980835,7.28000020980835,100700
2009-09-24,7.28000020980835,7.980000019073486,6.650000095367432,7.139999866485596,7.139999866485596,91871
2009-09-25,6.860000133514404,7.699999809265137,6.650000095367432,7.139999866485596,7.139999866485596,40386
2009-09-28,6.929999828338623,8.329999923706055,6.789999961853027,7.139999866485596,7.139999866485596,100414
2009-09-29,7.070000171661377,8.260000228881836,7.0,7.980000019073486,7.980000019073486,131500
2009-09-30,7.980000019073486,7.980000019073486,7.139999866485596,7.349999904632568,7.349999904632568,49457
2009-10-01,7.630000114440918,7.630000114440918,6.369999885559082,6.579999923706055,6.579999923706055,71471
2009-10-02,6.510000228881836,6.510000228881836,5.949999809265137,6.230000019073486,6.230000019073486,32743
2009-10-05,6.300000190734863,6.789999961853027,6.300000190734863,6.650000095367432,6.650000095367432,17886
2009-10-06,6.650000095367432,6.71999979019165,6.300000190734863,6.369999885559082,6.369999885559082,16443
2009-10-07,6.510000228881836,6.579999923706055,6.019999980926514,6.159999847412109,6.159999847412109,18371
2009-10-08,6.019999980926514,6.159999847412109,5.670000076293945,5.949999809265137,5.949999809265137,40571
2009-10-09,5.739999771118164,6.300000190734863,5.739999771118164,5.949999809265137,5.949999809265137,18571
2009-10-12,5.809999942779541,6.300000190734863,5.809999942779541,6.090000152587891,6.090000152587891,6771
2009-10-13,6.300000190734863,7.070000171661377,6.159999847412109,6.300000190734863,6.300000190734863,58100
2009-10-14,6.440000057220459,6.440000057220459,5.949999809265137,6.090000152587891,6.090000152587891,25543
2009-10-15,6.019999980926514,6.300000190734863,5.949999809265137,6.230000019073486,6.230000019073486,11029
2009-10-16,6.440000057220459,6.440000057220459,6.090000152587891,6.159999847412109,6.159999847412109,6186
2009-10-19,6.440000057220459,6.440000057220459,6.090000152587891,6.440000057220459,6.440000057220459,12714
2009-10-20,6.440000057220459,6.440000057220459,5.809999942779541,5.880000114440918,5.880000114440918,25643
2009-10-21,5.949999809265137,6.159999847412109,5.599999904632568,5.599999904632568,5.599999904632568,16229
2009-10-22,5.599999904632568,5.599999904632568,5.110000133514404,5.25,5.25,22271
2009-10-23,5.599999904632568,5.599999904632568,5.110000133514404,5.179999828338623,5.179999828338623,11886
2009-10-26,5.110000133514404,5.110000133514404,4.690000057220459,4.690000057220459,4.690000057220459,21571
2009-10-27,4.900000095367432,5.25,4.760000228881836,4.900000095367432,4.900000095367432,21229
2009-10-28,4.760000228881836,4.760000228881836,4.199999809265137,4.409999847412109,4.409999847412109,17986
2009-10-29,4.340000152587891,4.760000228881836,4.340000152587891,4.760000228881836,4.760000228881836,8257
2009-10-30,4.829999923706055,4.829999923706055,4.340000152587891,4.409999847412109,4.409999847412109,7500
2009-11-02,4.269999980926514,5.039999961853027,3.7799999713897705,3.7799999713897705,3.7799999713897705,45500
2009-11-03,4.199999809265137,4.199999809265137,3.430000066757202,4.059999942779541,4.059999942779541,15057
2009-11-04,4.340000152587891,4.900000095367432,4.199999809265137,4.690000057220459,4.690000057220459,15157
2009-11-05,4.900000095367432,5.179999828338623,4.900000095367432,5.039999961853027,5.039999961853027,4243
2009-11-06,5.25,5.25,4.760000228881836,4.760000228881836,4.760000228881836,9700
2009-11-09,5.179999828338623,8.329999923706055,4.550000190734863,6.230000019073486,6.230000019073486,205871
2009-11-10,6.090000152587891,6.090000152587891,5.460000038146973,5.880000114440918,5.880000114440918,54786
2009-11-11,5.949999809265137,7.0,5.599999904632568,6.300000190734863,6.300000190734863,72443
2009-11-12,6.789999961853027,6.789999961853027,5.670000076293945,6.090000152587891,6.090000152587891,36257
2009-11-13,6.090000152587891,6.510000228881836,5.739999771118164,6.510000228881836,6.510000228881836,13486
2009-11-16,6.510000228881836,6.510000228881836,5.670000076293945,5.670000076293945,5.670000076293945,13986
2009-11-17,5.739999771118164,5.880000114440918,5.25,5.880000114440918,5.880000114440918,16629
2009-11-18,5.460000038146973,5.809999942779541,5.460000038146973,5.460000038146973,5.460000038146973,7957
2009-11-19,5.25,5.739999771118164,5.25,5.670000076293945,5.670000076293945,3171
2009-11-20,5.949999809265137,5.949999809265137,5.320000171661377,5.53000020980835,5.53000020980835,2929
2009-11-23,5.320000171661377,5.670000076293945,5.320000171661377,5.599999904632568,5.599999904632568,2414
2009-11-24,5.320000171661377,5.53000020980835,5.25,5.320000171661377,5.320000171661377,7171
2009-11-25,4.900000095367432,5.389999866485596,4.900000095367432,5.25,5.25,7971
2009-11-27,4.900000095367432,5.179999828338623,4.900000095367432,5.039999961853027,5.039999961853027,4429
2009-11-30,5.25,5.320000171661377,5.110000133514404,5.25,5.25,4386
2009-12-01,5.389999866485596,5.389999866485596,5.039999961853027,5.039999961853027,5.039999961853027,5143
2009-12-02,5.039999961853027,5.320000171661377,5.039999961853027,5.110000133514404,5.110000133514404,4257
2009-12-03,5.25,5.389999866485596,5.110000133514404,5.389999866485596,5.389999866485596,4271
2009-12-04,5.320000171661377,5.599999904632568,5.25,5.599999904632568,5.599999904632568,3543
2009-12-07,5.460000038146973,5.670000076293945,5.389999866485596,5.460000038146973,5.460000038146973,7386
2009-12-08,5.25,5.25,5.039999961853027,5.110000133514404,5.110000133514404,943
2009-12-09,5.039999961853027,5.599999904632568,5.039999961853027,5.599999904632568,5.599999904632568,8043
2009-12-10,5.389999866485596,5.949999809265137,5.389999866485596,5.670000076293945,5.670000076293945,10186
2009-12-11,5.739999771118164,5.880000114440918,5.670000076293945,5.739999771118164,5.739999771118164,3800
2009-12-14,5.739999771118164,6.090000152587891,5.739999771118164,5.809999942779541,5.809999942779541,5557
2009-12-15,6.090000152587891,6.090000152587891,5.389999866485596,5.389999866485596,5.389999866485596,2871
2009-12-16,5.949999809265137,5.949999809265137,5.460000038146973,5.670000076293945,5.670000076293945,943
2009-12-17,5.809999942779541,5.809999942779541,5.460000038146973,5.460000038146973,5.460000038146973,2329
2009-12-18,5.460000038146973,6.159999847412109,5.389999866485596,5.389999866485596,5.389999866485596,11257
2009-12-21,5.880000114440918,5.880000114440918,5.460000038146973,5.460000038146973,5.460000038146973,1486
2009-12-22,5.389999866485596,5.949999809265137,5.389999866485596,5.460000038146973,5.460000038146973,1214
2009-12-23,5.739999771118164,5.949999809265137,5.460000038146973,5.949999809265137,5.949999809265137,10300
2009-12-24,5.949999809265137,5.949999809265137,5.53000020980835,5.599999904632568,5.599999904632568,2686
2009-12-28,5.599999904632568,6.369999885559082,5.599999904632568,6.230000019073486,6.230000019073486,15271
2009-12-29,5.949999809265137,6.510000228881836,5.949999809265137,6.019999980926514,6.019999980926514,15343
2009-12-30,6.019999980926514,6.510000228881836,6.019999980926514,6.159999847412109,6.159999847412109,3300
2009-12-31,5.880000114440918,5.949999809265137,5.670000076293945,5.739999771118164,5.739999771118164,4071
2010-01-04,5.949999809265137,6.300000190734863,5.949999809265137,6.159999847412109,6.159999847412109,6043
2010-01-05,6.300000190734863,6.579999923706055,6.230000019073486,6.300000190734863,6.300000190734863,15557
2010-01-06,6.300000190734863,6.650000095367432,6.019999980926514,6.019999980926514,6.019999980926514,7886
2010-01-07,6.230000019073486,6.650000095367432,6.090000152587891,6.579999923706055,6.579999923706055,12600
2010-01-08,6.579999923706055,6.579999923706055,6.159999847412109,6.369999885559082,6.369999885559082,7900
2010-01-11,6.510000228881836,6.579999923706055,6.019999980926514,6.230000019073486,6.230000019073486,8871
2010-01-12,6.159999847412109,6.159999847412109,6.019999980926514,6.019999980926514,6.019999980926514,4443
2010-01-13,6.019999980926514,6.300000190734863,5.949999809265137,5.949999809265137,5.949999809265137,3171
2010-01-14,6.300000190734863,6.300000190734863,5.880000114440918,5.880000114440918,5.880000114440918,7114
2010-01-15,5.949999809265137,5.949999809265137,5.670000076293945,5.739999771118164,5.739999771118164,7157
2010-01-19,5.739999771118164,5.809999942779541,5.599999904632568,5.670000076293945,5.670000076293945,5529
2010-01-20,5.809999942779541,6.090000152587891,5.25,5.739999771118164,5.739999771118164,13129
2010-01-21,5.949999809265137,6.579999923706055,5.599999904632568,6.579999923706055,6.579999923706055,5171
2010-01-22,6.369999885559082,6.369999885559082,5.809999942779541,5.809999942779541,5.809999942779541,2657
2010-01-25,5.809999942779541,5.809999942779541,5.599999904632568,5.599999904632568,5.599999904632568,3500
2010-01-26,5.809999942779541,6.159999847412109,5.670000076293945,5.670000076293945,5.670000076293945,3114
2010-01-27,5.670000076293945,5.670000076293945,5.320000171661377,5.460000038146973,5.460000038146973,14857
2010-01-28,5.460000038146973,5.460000038146973,5.389999866485596,5.389999866485596,5.389999866485596,4943
2010-01-29,5.460000038146973,5.460000038146973,5.320000171661377,5.320000171661377,5.320000171661377,9029
2010-02-01,5.179999828338623,5.53000020980835,5.110000133514404,5.110000133514404,5.110000133514404,2714
2010-02-02,5.110000133514404,5.460000038146973,5.110000133514404,5.110000133514404,5.110000133514404,9929
2010-02-03,5.25,5.460000038146973,5.039999961853027,5.039999961853027,5.039999961853027,4171
2010-02-04,5.039999961853027,5.599999904632568,4.900000095367432,4.900000095367432,4.900000095367432,8314
2010-02-05,4.900000095367432,5.460000038146973,4.900000095367432,4.900000095367432,4.900000095367432,5871
2010-02-08,5.25,5.460000038146973,4.900000095367432,5.25,5.25,5471
2010-02-09,5.460000038146973,5.53000020980835,5.25,5.53000020980835,5.53000020980835,3400
2010-02-10,5.599999904632568,5.599999904632568,5.460000038146973,5.599999904632568,5.599999904632568,2471
2010-02-11,5.460000038146973,5.460000038146973,4.96999979019165,4.96999979019165,4.96999979019165,1029
2010-02-12,5.110000133514404,5.179999828338623,4.96999979019165,5.179999828338623,5.179999828338623,1629
2010-02-16,5.389999866485596,5.460000038146973,5.039999961853027,5.25,5.25,1557
2010-02-17,4.96999979019165,5.599999904632568,4.96999979019165,5.460000038146973,5.460000038146973,4100
2010-02-18,5.599999904632568,6.300000190734863,5.599999904632568,5.880000114440918,5.880000114440918,18629
2010-02-19,6.090000152587891,6.090000152587891,5.460000038146973,5.739999771118164,5.739999771118164,1771
2010-02-22,5.949999809265137,6.159999847412109,5.739999771118164,6.159999847412109,6.159999847412109,2029
2010-02-23,6.230000019073486,6.230000019073486,5.739999771118164,6.019999980926514,6.019999980926514,3943
2010-02-24,5.739999771118164,6.579999923706055,5.739999771118164,6.440000057220459,6.440000057220459,19886
2010-02-25,6.300000190734863,6.369999885559082,5.949999809265137,6.369999885559082,6.369999885559082,7629
2010-02-26,7.349999904632568,8.260000228881836,6.510000228881836,6.650000095367432,6.650000095367432,198057
2010-03-01,6.929999828338623,6.929999828338623,6.300000190734863,6.440000057220459,6.440000057220459,16314
2010-03-02,6.510000228881836,6.579999923706055,6.159999847412109,6.159999847412109,6.159999847412109,15614
2010-03-03,6.300000190734863,6.650000095367432,6.230000019073486,6.650000095367432,6.650000095367432,8300
2010-03-04,6.789999961853027,6.789999961853027,6.159999847412109,6.650000095367432,6.650000095367432,6986
2010-03-05,6.650000095367432,6.650000095367432,6.159999847412109,6.159999847412109,6.159999847412109,6214
2010-03-08,6.019999980926514,6.369999885559082,6.019999980926514,6.230000019073486,6.230000019073486,5414
2010-03-09,6.369999885559082,6.369999885559082,5.599999904632568,5.949999809265137,5.949999809265137,20471
2010-03-10,5.949999809265137,6.230000019073486,5.809999942779541,5.880000114440918,5.880000114440918,5414
2010-03-11,5.880000114440918,6.019999980926514,5.880000114440918,5.880000114440918,5.880000114440918,1414
2010-03-12,5.949999809265137,5.949999809265137,5.809999942779541,5.809999942779541,5.809999942779541,3143
2010-03-15,5.809999942779541,5.809999942779541,5.739999771118164,5.809999942779541,5.809999942779541,4129
2010-03-16,5.739999771118164,6.230000019073486,5.739999771118164,6.159999847412109,6.159999847412109,2914
2010-03-17,6.230000019073486,6.230000019073486,6.090000152587891,6.090000152587891,6.090000152587891,4986
2010-03-18,6.090000152587891,6.230000019073486,6.090000152587891,6.159999847412109,6.159999847412109,5314
2010-03-19,6.369999885559082,6.369999885559082,6.090000152587891,6.369999885559082,6.369999885559082,4429
2010-03-22,6.440000057220459,6.510000228881836,5.809999942779541,6.090000152587891,6.090000152587891,1671
2010-03-23,6.090000152587891,6.090000152587891,5.670000076293945,5.880000114440918,5.880000114440918,10500
2010-03-24,5.880000114440918,6.019999980926514,5.670000076293945,5.880000114440918,5.880000114440918,5743
2010-03-25,5.739999771118164,5.880000114440918,5.739999771118164,5.739999771118164,5.739999771118164,5929
2010-03-26,5.739999771118164,5.880000114440918,5.739999771118164,5.809999942779541,5.809999942779541,3086
2010-03-29,5.880000114440918,6.300000190734863,5.739999771118164,5.739999771118164,5.739999771118164,3900
2010-03-30,5.599999904632568,5.739999771118164,5.53000020980835,5.599999904632568,5.599999904632568,7943
2010-03-31,5.599999904632568,8.75,5.25,7.630000114440918,7.630000114440918,498714
2010-04-01,8.050000190734863,8.1899995803833,7.349999904632568,7.630000114440918,7.630000114440918,74557
2010-04-05,7.630000114440918,7.699999809265137,6.650000095367432,6.860000133514404,6.860000133514404,27357
2010-04-06,6.71999979019165,7.210000038146973,6.369999885559082,7.0,7.0,23257
2010-04-07,6.929999828338623,7.630000114440918,6.929999828338623,7.559999942779541,7.559999942779541,12629
2010-04-08,7.559999942779541,7.699999809265137,7.139999866485596,7.210000038146973,7.210000038146973,9914
2010-04-09,7.28000020980835,7.559999942779541,7.28000020980835,7.349999904632568,7.349999904632568,7471
2010-04-12,7.699999809265137,8.050000190734863,7.489999771118164,7.909999847412109,7.909999847412109,25843
2010-04-13,7.909999847412109,8.890000343322754,7.699999809265137,8.819999694824219,8.819999694824219,65914
2010-04-14,9.380000114440918,18.690000534057617,8.470000267028809,14.350000381469727,14.350000381469727,985714
2010-04-15,12.180000305175781,13.649999618530273,11.619999885559082,12.880000114440918,12.880000114440918,157771
2010-04-16,12.949999809265137,13.020000457763672,11.760000228881836,11.899999618530273,11.899999618530273,42400
2010-04-19,10.989999771118164,12.180000305175781,10.920000076293945,11.270000457763672,11.270000457763672,46571
2010-04-20,11.619999885559082,14.770000457763672,11.550000190734863,12.529999732971191,12.529999732971191,189257
2010-04-21,12.880000114440918,15.399999618530273,12.600000381469727,13.300000190734863,13.300000190734863,180357
2010-04-22,13.15999984741211,17.5,12.670000076293945,15.75,15.75,354057
2010-04-23,16.799999237060547,23.030000686645508,16.309999465942383,22.1200008392334,22.1200008392334,485814
2010-04-26,22.68000030517578,27.93000030517578,22.68000030517578,25.899999618530273,25.899999618530273,357914
2010-04-27,24.360000610351562,24.43000030517578,20.440000534057617,21.280000686645508,21.280000686645508,238214
2010-04-28,22.329999923706055,23.239999771118164,18.200000762939453,18.270000457763672,18.270000457763672,143271
2010-04-29,19.530000686645508,20.649999618530273,18.34000015258789,20.09000015258789,20.09000015258789,83000
2010-04-30,20.649999618530273,22.399999618530273,18.6200008392334,18.690000534057617,18.690000534057617,99129
2010-05-03,19.110000610351562,20.510000228881836,19.110000610351562,19.950000762939453,19.950000762939453,44986
2010-05-04,20.299999237060547,20.299999237060547,17.149999618530273,18.270000457763672,18.270000457763672,54929
2010-05-05,17.780000686645508,19.18000030517578,16.450000762939453,17.709999084472656,17.709999084472656,50986
2010-05-06,18.969999313354492,18.969999313354492,14.489999771118164,16.450000762939453,16.450000762939453,71157
2010-05-07,16.450000762939453,17.43000030517578,15.050000190734863,15.539999961853027,15.539999961853027,43671
2010-05-10,17.43000030517578,20.93000030517578,17.43000030517578,17.850000381469727,17.850000381469727,80271
2010-05-11,18.829999923706055,19.459999084472656,17.850000381469727,17.989999771118164,17.989999771118164,37686
2010-05-12,18.34000015258789,19.25,17.989999771118164,18.899999618530273,18.899999618530273,23314
2010-05-13,19.459999084472656,19.459999084472656,16.799999237060547,17.149999618530273,17.149999618530273,31614
2010-05-14,17.780000686645508,18.760000228881836,16.729999542236328,17.780000686645508,17.780000686645508,30314
2010-05-17,18.1299991607666,18.479999542236328,16.8700008392334,18.479999542236328,18.479999542236328,35200
2010-05-18,18.829999923706055,20.649999618530273,17.920000076293945,19.040000915527344,19.040000915527344,90657
2010-05-19,18.549999237060547,19.670000076293945,17.219999313354492,17.989999771118164,17.989999771118164,54643
2010-05-20,17.149999618530273,17.56999969482422,15.75,16.030000686645508,16.030000686645508,60614
2010-05-21,14.979999542236328,16.520000457763672,14.5600004196167,15.470000267028809,15.470000267028809,72029
2010-05-24,15.260000228881836,16.59000015258789,14.699999809265137,14.699999809265137,14.699999809265137,38500
2010-05-25,14.420000076293945,14.699999809265137,13.789999961853027,14.699999809265137,14.699999809265137,53014
2010-05-26,14.84000015258789,16.799999237060547,14.84000015258789,15.1899995803833,15.1899995803833,44200
2010-05-27,15.960000038146973,16.239999771118164,15.329999923706055,15.470000267028809,15.470000267028809,23257
2010-05-28,15.260000228881836,15.329999923706055,14.5600004196167,15.119999885559082,15.119999885559082,9286
2010-06-01,15.819999694824219,15.819999694824219,14.420000076293945,14.5600004196167,14.5600004196167,9186
2010-06-02,14.5600004196167,14.630000114440918,13.510000228881836,13.720000267028809,13.720000267028809,22071
2010-06-03,13.579999923706055,14.5600004196167,12.949999809265137,14.279999732971191,14.279999732971191,25443
2010-06-04,13.720000267028809,14.0,13.720000267028809,13.720000267028809,13.720000267028809,21586
2010-06-07,13.720000267028809,14.210000038146973,12.600000381469727,12.670000076293945,12.670000076293945,24800
2010-06-08,12.600000381469727,12.670000076293945,11.970000267028809,12.180000305175781,12.180000305175781,36971
2010-06-09,12.180000305175781,13.859999656677246,12.039999961853027,12.529999732971191,12.529999732971191,18271
2010-06-10,12.949999809265137,13.510000228881836,12.529999732971191,13.300000190734863,13.300000190734863,6714
2010-06-11,13.4399995803833,13.4399995803833,12.670000076293945,13.15999984741211,13.15999984741211,5343
2010-06-14,13.229999542236328,13.510000228881836,12.739999771118164,12.8100004196167,12.8100004196167,6914
2010-06-15,12.8100004196167,13.579999923706055,12.8100004196167,13.510000228881836,13.510000228881836,13014
2010-06-16,13.15999984741211,14.489999771118164,12.949999809265137,13.15999984741211,13.15999984741211,16829
2010-06-17,13.300000190734863,13.300000190734863,12.25,13.09000015258789,13.09000015258789,12529
2010-06-18,13.229999542236328,13.229999542236328,12.529999732971191,12.670000076293945,12.670000076293945,3843
2010-06-21,12.949999809265137,13.09000015258789,12.25,12.25,12.25,6529
2010-06-22,12.25,12.319999694824219,11.970000267028809,11.970000267028809,11.970000267028809,11214
2010-06-23,11.970000267028809,12.25,11.899999618530273,11.970000267028809,11.970000267028809,14886
2010-06-24,11.970000267028809,12.109999656677246,11.970000267028809,12.109999656677246,12.109999656677246,8229
2010-06-25,12.319999694824219,12.529999732971191,11.970000267028809,12.109999656677246,12.109999656677246,5886
2010-06-28,11.970000267028809,12.25,11.970000267028809,12.25,12.25,6829
2010-06-29,11.970000267028809,12.180000305175781,9.800000190734863,10.220000267028809,10.220000267028809,17971
2010-06-30,10.710000038146973,10.850000381469727,9.100000381469727,9.800000190734863,9.800000190734863,12029
2010-07-01,9.729999542236328,9.729999542236328,8.470000267028809,9.59000015258789,9.59000015258789,17443
2010-07-02,9.800000190734863,10.640000343322754,9.520000457763672,9.59000015258789,9.59000015258789,8300
2010-07-06,9.65999984741211,9.869999885559082,8.890000343322754,9.100000381469727,9.100000381469727,13386
2010-07-07,9.100000381469727,11.199999809265137,9.100000381469727,10.289999961853027,10.289999961853027,11743
2010-07-08,10.569999694824219,11.40999984741211,10.5,10.920000076293945,10.920000076293945,6043
2010-07-09,10.920000076293945,12.460000038146973,10.920000076293945,11.550000190734863,11.550000190734863,9071
2010-07-12,11.40999984741211,11.6899995803833,10.149999618530273,11.40999984741211,11.40999984741211,2843
2010-07-13,11.479999542236328,11.6899995803833,10.710000038146973,10.920000076293945,10.920000076293945,5800
2010-07-14,10.779999732971191,10.989999771118164,10.220000267028809,10.430000305175781,10.430000305175781,3343
2010-07-15,10.5,10.5,10.430000305175781,10.430000305175781,10.430000305175781,2029
2010-07-16,10.5,10.5,9.449999809265137,9.729999542236328,9.729999542236328,6257
2010-07-19,9.729999542236328,9.729999542236328,9.170000076293945,9.3100004196167,9.3100004196167,4829
2010-07-20,9.100000381469727,10.850000381469727,9.100000381469727,9.9399995803833,9.9399995803833,9086
2010-07-21,10.149999618530273,10.149999618530273,9.170000076293945,9.380000114440918,9.380000114440918,6857
2010-07-22,9.380000114440918,11.199999809265137,9.380000114440918,10.779999732971191,10.779999732971191,14957
2010-07-23,10.779999732971191,11.40999984741211,10.5,10.989999771118164,10.989999771118164,4129
2010-07-26,11.199999809265137,13.15999984741211,10.220000267028809,12.600000381469727,12.600000381469727,39514
2010-07-27,13.020000457763672,13.15999984741211,11.760000228881836,13.09000015258789,13.09000015258789,23657
2010-07-28,13.15999984741211,13.15999984741211,11.40999984741211,11.829999923706055,11.829999923706055,15200
2010-07-29,11.760000228881836,12.390000343322754,11.199999809265137,11.270000457763672,11.270000457763672,8871
2010-07-30,11.270000457763672,11.270000457763672,10.5,10.5,10.5,13729
2010-08-02,10.779999732971191,12.949999809265137,10.779999732971191,12.949999809265137,12.949999809265137,39414
2010-08-03,12.880000114440918,12.949999809265137,12.180000305175781,12.949999809265137,12.949999809265137,9400
2010-08-04,12.949999809265137,13.020000457763672,12.600000381469727,12.8100004196167,12.8100004196167,2929
2010-08-05,12.8100004196167,12.8100004196167,12.390000343322754,12.739999771118164,12.739999771118164,6100
2010-08-06,13.020000457763672,13.020000457763672,12.390000343322754,12.600000381469727,12.600000381469727,4100
2010-08-09,12.600000381469727,12.600000381469727,12.25,12.25,12.25,5329
2010-08-10,12.039999961853027,12.039999961853027,11.550000190734863,11.829999923706055,11.829999923706055,5443
2010-08-11,11.479999542236328,11.550000190734863,10.920000076293945,11.34000015258789,11.34000015258789,7129
2010-08-12,11.34000015258789,12.390000343322754,11.34000015258789,11.970000267028809,11.970000267028809,6057
2010-08-13,11.899999618530273,11.899999618530273,10.850000381469727,11.0600004196167,11.0600004196167,8814
2010-08-16,11.199999809265137,11.760000228881836,11.130000114440918,11.270000457763672,11.270000457763672,3029
2010-08-17,11.550000190734863,12.25,11.40999984741211,12.180000305175781,12.180000305175781,6129
2010-08-18,11.970000267028809,11.970000267028809,11.130000114440918,11.270000457763672,11.270000457763672,5129
2010-08-19,11.479999542236328,11.479999542236328,10.5,10.640000343322754,10.640000343322754,6014
2010-08-20,10.640000343322754,11.130000114440918,10.5,10.850000381469727,10.850000381469727,7357
2010-08-23,10.850000381469727,11.0600004196167,10.569999694824219,10.569999694824219,10.569999694824219,1871
2010-08-24,10.5,10.5,10.010000228881836,10.010000228881836,10.010000228881836,6571
2010-08-25,10.010000228881836,10.779999732971191,10.010000228881836,10.359999656677246,10.359999656677246,8314
2010-08-26,10.5,11.130000114440918,10.5,10.850000381469727,10.850000381469727,1671
2010-08-27,10.920000076293945,10.920000076293945,10.149999618530273,10.640000343322754,10.640000343322754,4600
2010-08-30,10.430000305175781,10.640000343322754,10.010000228881836,10.430000305175781,10.430000305175781,3843
2010-08-31,10.5,10.5,10.010000228881836,10.149999618530273,10.149999618530273,2557
2010-09-01,10.430000305175781,10.640000343322754,10.010000228881836,10.220000267028809,10.220000267028809,4771
2010-09-02,10.289999961853027,10.640000343322754,10.010000228881836,10.149999618530273,10.149999618530273,14429
2010-09-03,10.5,10.710000038146973,10.010000228881836,10.220000267028809,10.220000267028809,15843
2010-09-07,9.9399995803833,10.220000267028809,9.9399995803833,9.9399995803833,9.9399995803833,4714
2010-09-08,9.9399995803833,10.359999656677246,9.800000190734863,9.869999885559082,9.869999885559082,3586
2010-09-09,10.220000267028809,10.289999961853027,9.449999809265137,9.729999542236328,9.729999542236328,6486
2010-09-10,9.65999984741211,10.079999923706055,9.65999984741211,9.800000190734863,9.800000190734863,6071
2010-09-13,9.869999885559082,9.869999885559082,9.449999809265137,9.520000457763672,9.520000457763672,7114
2010-09-14,9.380000114440918,10.289999961853027,8.680000305175781,8.680000305175781,8.680000305175781,10871
2010-09-15,8.75,9.029999732971191,8.050000190734863,8.260000228881836,8.260000228881836,20771
2010-09-16,8.260000228881836,8.609999656677246,8.260000228881836,8.470000267028809,8.470000267028809,15329
2010-09-17,8.680000305175781,8.960000038146973,8.399999618530273,8.819999694824219,8.819999694824219,7257
2010-09-20,8.819999694824219,9.449999809265137,8.470000267028809,9.239999771118164,9.239999771118164,8729
2010-09-21,9.029999732971191,10.640000343322754,9.029999732971191,10.010000228881836,10.010000228881836,29300
2010-09-22,10.710000038146973,10.710000038146973,9.65999984741211,10.220000267028809,10.220000267028809,8914
2010-09-23,9.729999542236328,9.800000190734863,9.170000076293945,9.520000457763672,9.520000457763672,9957
2010-09-24,9.65999984741211,10.149999618530273,9.59000015258789,9.800000190734863,9.800000190734863,4100
2010-09-27,10.289999961853027,10.289999961853027,9.869999885559082,10.010000228881836,10.010000228881836,4186
2010-09-28,10.359999656677246,10.5,9.449999809265137,9.800000190734863,9.800000190734863,8400
2010-09-29,9.800000190734863,9.9399995803833,8.960000038146973,9.100000381469727,9.100000381469727,7857
2010-09-30,8.960000038146973,10.010000228881836,8.960000038146973,9.59000015258789,9.59000015258789,4029
2010-10-01,9.800000190734863,9.869999885559082,9.380000114440918,9.520000457763672,9.520000457763672,3157
2010-10-04,9.59000015258789,9.9399995803833,9.520000457763672,9.59000015258789,9.59000015258789,3557
2010-10-05,9.65999984741211,9.65999984741211,9.170000076293945,9.65999984741211,9.65999984741211,4657
2010-10-06,9.520000457763672,9.520000457763672,9.170000076293945,9.170000076293945,9.170000076293945,2243
2010-10-07,9.239999771118164,9.520000457763672,9.170000076293945,9.170000076293945,9.170000076293945,1371
2010-10-08,9.449999809265137,9.520000457763672,8.890000343322754,9.100000381469727,9.100000381469727,4600
2010-10-11,9.170000076293945,9.170000076293945,8.960000038146973,9.100000381469727,9.100000381469727,429
2010-10-12,9.029999732971191,9.100000381469727,8.609999656677246,8.890000343322754,8.890000343322754,3629
2010-10-13,8.960000038146973,9.100000381469727,8.75,8.819999694824219,8.819999694824219,4843
2010-10-14,9.029999732971191,9.65999984741211,9.029999732971191,9.3100004196167,9.3100004196167,8614
2010-10-15,9.239999771118164,9.239999771118164,8.75,8.890000343322754,8.890000343322754,5800
2010-10-18,8.75,9.170000076293945,8.75,8.819999694824219,8.819999694824219,5229
2010-10-19,8.75,9.100000381469727,8.75,8.819999694824219,8.819999694824219,2143
2010-10-20,9.029999732971191,9.100000381469727,8.75,8.75,8.75,3029
2010-10-21,8.75,8.819999694824219,8.470000267028809,8.539999961853027,8.539999961853027,4871
2010-10-22,8.539999961853027,9.029999732971191,8.399999618530273,8.539999961853027,8.539999961853027,8514
2010-10-25,8.609999656677246,9.520000457763672,8.050000190734863,8.399999618530273,8.399999618530273,17229
2010-10-26,8.470000267028809,8.680000305175781,8.050000190734863,8.399999618530273,8.399999618530273,5500
2010-10-27,8.470000267028809,8.539999961853027,7.699999809265137,8.119999885559082,8.119999885559082,13414
2010-10-28,8.329999923706055,8.819999694824219,8.329999923706055,8.399999618530273,8.399999618530273,3471
2010-10-29,8.470000267028809,8.470000267028809,7.909999847412109,7.980000019073486,7.980000019073486,5600
2010-11-01,7.980000019073486,7.980000019073486,7.0,7.559999942779541,7.559999942779541,7600
2010-11-02,7.489999771118164,8.1899995803833,7.0,7.980000019073486,7.980000019073486,15600
2010-11-03,8.1899995803833,8.539999961853027,7.699999809265137,7.909999847412109,7.909999847412109,7014
2010-11-04,7.699999809265137,8.050000190734863,7.489999771118164,7.699999809265137,7.699999809265137,10743
2010-11-05,7.840000152587891,8.470000267028809,7.840000152587891,8.470000267028809,8.470000267028809,8700
2010-11-08,8.539999961853027,9.239999771118164,8.399999618530273,8.75,8.75,31143
2010-11-09,9.239999771118164,9.239999771118164,8.399999618530273,9.239999771118164,9.239999771118164,9671
2010-11-10,9.449999809265137,9.729999542236328,9.239999771118164,9.239999771118164,9.239999771118164,8543
2010-11-11,9.449999809265137,9.729999542236328,9.100000381469727,9.59000015258789,9.59000015258789,4357
2010-11-12,9.520000457763672,9.520000457763672,8.890000343322754,9.3100004196167,9.3100004196167,4329
2010-11-15,9.100000381469727,9.3100004196167,8.260000228881836,8.399999618530273,8.399999618530273,6286
2010-11-16,8.399999618530273,8.960000038146973,8.119999885559082,8.1899995803833,8.1899995803833,4300
2010-11-17,8.050000190734863,8.329999923706055,7.699999809265137,7.840000152587891,7.840000152587891,6914
2010-11-18,7.769999980926514,7.909999847412109,7.349999904632568,7.840000152587891,7.840000152587891,19757
2010-11-19,7.699999809265137,8.1899995803833,7.699999809265137,7.699999809265137,7.699999809265137,2943
2010-11-22,7.699999809265137,7.980000019073486,7.699999809265137,7.980000019073486,7.980000019073486,1386
2010-11-23,7.769999980926514,8.470000267028809,7.070000171661377,7.699999809265137,7.699999809265137,7943
2010-11-24,7.699999809265137,8.050000190734863,7.699999809265137,7.699999809265137,7.699999809265137,5214
2010-11-26,7.699999809265137,8.1899995803833,7.699999809265137,7.769999980926514,7.769999980926514,2386
2010-11-29,7.769999980926514,7.980000019073486,7.349999904632568,7.630000114440918,7.630000114440918,4957
2010-11-30,7.349999904632568,7.559999942779541,6.71999979019165,6.789999961853027,6.789999961853027,24971
2010-12-01,6.789999961853027,7.139999866485596,6.71999979019165,6.929999828338623,6.929999828338623,6871
2010-12-02,7.070000171661377,8.260000228881836,7.070000171661377,8.119999885559082,8.119999885559082,25271
2010-12-03,7.909999847412109,7.909999847412109,7.070000171661377,7.420000076293945,7.420000076293945,12286
2010-12-06,7.28000020980835,7.559999942779541,7.070000171661377,7.210000038146973,7.210000038146973,5257
2010-12-07,7.139999866485596,7.489999771118164,7.070000171661377,7.349999904632568,7.349999904632568,8814
2010-12-08,7.28000020980835,7.28000020980835,7.0,7.139999866485596,7.139999866485596,7471
2010-12-09,7.139999866485596,7.420000076293945,7.070000171661377,7.139999866485596,7.139999866485596,2443
2010-12-10,7.139999866485596,7.489999771118164,7.139999866485596,7.28000020980835,7.28000020980835,6586
2010-12-13,7.139999866485596,7.630000114440918,7.139999866485596,7.630000114440918,7.630000114440918,9314
2010-12-14,7.769999980926514,7.980000019073486,7.699999809265137,7.699999809265137,7.699999809265137,5600
2010-12-15,7.699999809265137,7.699999809265137,7.28000020980835,7.349999904632568,7.349999904632568,4471
2010-12-16,7.28000020980835,7.349999904632568,7.070000171661377,7.349999904632568,7.349999904632568,4257
2010-12-17,7.349999904632568,7.420000076293945,7.070000171661377,7.070000171661377,7.070000171661377,7729
2010-12-20,7.139999866485596,7.909999847412109,7.070000171661377,7.420000076293945,7.420000076293945,32400
2010-12-21,7.630000114440918,7.630000114440918,7.349999904632568,7.630000114440918,7.630000114440918,4086
2010-12-22,7.630000114440918,8.050000190734863,7.630000114440918,7.769999980926514,7.769999980926514,14957
2010-12-23,7.909999847412109,7.909999847412109,7.28000020980835,7.420000076293945,7.420000076293945,3643
2010-12-27,7.559999942779541,8.960000038146973,7.559999942779541,8.050000190734863,8.050000190734863,70357
2010-12-28,8.260000228881836,8.260000228881836,7.559999942779541,7.980000019073486,7.980000019073486,17043
2010-12-29,8.119999885559082,8.119999885559082,7.559999942779541,7.630000114440918,7.630000114440918,13114
2010-12-30,7.559999942779541,8.399999618530273,7.559999942779541,7.980000019073486,7.980000019073486,40214
2010-12-31,8.050000190734863,8.1899995803833,7.769999980926514,8.050000190734863,8.050000190734863,6486
2011-01-03,7.980000019073486,8.399999618530273,7.840000152587891,7.980000019073486,7.980000019073486,8671
2011-01-04,7.909999847412109,8.119999885559082,7.699999809265137,7.840000152587891,7.840000152587891,5614
2011-01-05,7.980000019073486,8.119999885559082,7.630000114440918,7.769999980926514,7.769999980926514,14200
2011-01-06,7.980000019073486,8.539999961853027,7.909999847412109,8.329999923706055,8.329999923706055,26171
2011-01-07,8.399999618530273,9.800000190734863,8.329999923706055,9.520000457763672,9.520000457763672,69086
2011-01-10,9.65999984741211,9.729999542236328,8.819999694824219,9.380000114440918,9.380000114440918,17829
2011-01-11,9.59000015258789,10.850000381469727,9.449999809265137,10.359999656677246,10.359999656677246,46543
2011-01-12,10.569999694824219,10.569999694824219,9.869999885559082,10.010000228881836,10.010000228881836,12543
2011-01-13,9.9399995803833,10.149999618530273,9.380000114440918,9.65999984741211,9.65999984741211,18243
2011-01-14,9.729999542236328,10.359999656677246,9.59000015258789,10.220000267028809,10.220000267028809,22414
2011-01-18,10.220000267028809,10.220000267028809,9.449999809265137,9.65999984741211,9.65999984741211,20386
2011-01-19,9.800000190734863,9.800000190734863,8.470000267028809,8.819999694824219,8.819999694824219,20743
2011-01-20,9.029999732971191,9.029999732971191,8.75,8.75,8.75,11057
2011-01-21,8.75,8.819999694824219,8.75,8.819999694824219,8.819999694824219,4257
2011-01-24,8.819999694824219,9.029999732971191,8.75,8.819999694824219,8.819999694824219,11171
2011-01-25,8.890000343322754,9.3100004196167,8.819999694824219,9.029999732971191,9.029999732971191,10186
2011-01-26,9.100000381469727,9.239999771118164,8.819999694824219,9.239999771118164,9.239999771118164,6043
2011-01-27,9.380000114440918,9.9399995803833,9.239999771118164,9.65999984741211,9.65999984741211,19229
2011-01-28,9.729999542236328,10.220000267028809,9.029999732971191,9.239999771118164,9.239999771118164,14386
2011-01-31,8.890000343322754,8.890000343322754,8.470000267028809,8.890000343322754,8.890000343322754,12629
2011-02-01,8.960000038146973,9.520000457763672,8.470000267028809,8.819999694824219,8.819999694824219,8800
2011-02-02,8.890000343322754,9.800000190734863,8.819999694824219,9.59000015258789,9.59000015258789,16443
2011-02-03,9.59000015258789,9.59000015258789,8.890000343322754,9.100000381469727,9.100000381469727,5371
2011-02-04,9.239999771118164,9.729999542236328,9.100000381469727,9.100000381469727,9.100000381469727,8214
2011-02-07,9.100000381469727,9.65999984741211,9.100000381469727,9.3100004196167,9.3100004196167,6943
2011-02-08,9.3100004196167,9.380000114440918,8.890000343322754,9.3100004196167,9.3100004196167,3686
2011-02-09,9.100000381469727,9.380000114440918,8.819999694824219,9.380000114440918,9.380000114440918,4957
2011-02-10,9.239999771118164,9.449999809265137,8.890000343322754,9.029999732971191,9.029999732971191,3329
2011-02-11,9.100000381469727,9.3100004196167,8.890000343322754,8.960000038146973,8.960000038146973,2929
2011-02-14,9.029999732971191,9.239999771118164,8.960000038146973,9.239999771118164,9.239999771118164,2271
2011-02-15,9.100000381469727,9.3100004196167,8.960000038146973,9.029999732971191,9.029999732971191,2643
2011-02-16,8.960000038146973,10.779999732971191,8.960000038146973,10.079999923706055,10.079999923706055,63800
2011-02-17,10.149999618530273,10.640000343322754,9.59000015258789,10.640000343322754,10.640000343322754,22857
2011-02-18,10.779999732971191,14.489999771118164,10.779999732971191,12.600000381469727,12.600000381469727,196071
2011-02-22,12.039999961853027,12.25,10.779999732971191,11.760000228881836,11.760000228881836,38900
2011-02-23,12.039999961853027,12.039999961853027,10.779999732971191,10.779999732971191,10.779999732971191,16100
2011-02-24,10.779999732971191,11.6899995803833,10.710000038146973,11.199999809265137,11.199999809265137,12186
2011-02-25,11.34000015258789,11.829999923706055,10.920000076293945,11.40999984741211,11.40999984741211,15186
2011-02-28,11.619999885559082,11.899999618530273,11.40999984741211,11.550000190734863,11.550000190734863,5586
2011-03-01,11.6899995803833,11.899999618530273,11.199999809265137,11.34000015258789,11.34000015258789,5614
2011-03-02,11.40999984741211,11.40999984741211,10.289999961853027,10.359999656677246,10.359999656677246,18686
2011-03-03,10.289999961853027,10.850000381469727,10.079999923706055,10.149999618530273,10.149999618530273,16614
2011-03-04,10.289999961853027,10.430000305175781,9.9399995803833,9.9399995803833,9.9399995803833,2186
2011-03-07,10.5,10.5,10.010000228881836,10.149999618530273,10.149999618530273,5629
2011-03-08,10.149999618530273,10.710000038146973,9.9399995803833,10.359999656677246,10.359999656677246,6314
2011-03-09,10.710000038146973,11.0600004196167,10.079999923706055,10.359999656677246,10.359999656677246,6843
2011-03-10,10.359999656677246,10.359999656677246,9.65999984741211,9.800000190734863,9.800000190734863,11329
2011-03-11,9.59000015258789,10.079999923706055,9.449999809265137,9.449999809265137,9.449999809265137,10186
2011-03-14,9.449999809265137,9.9399995803833,9.170000076293945,9.520000457763672,9.520000457763672,5686
2011-03-15,9.170000076293945,9.65999984741211,9.170000076293945,9.449999809265137,9.449999809265137,3786
2011-03-16,9.520000457763672,9.65999984741211,8.75,8.890000343322754,8.890000343322754,13314
2011-03-17,8.890000343322754,9.3100004196167,8.890000343322754,9.170000076293945,9.170000076293945,3443
2011-03-18,9.3100004196167,9.59000015258789,8.960000038146973,9.170000076293945,9.170000076293945,6214
2011-03-21,9.380000114440918,9.59000015258789,8.890000343322754,9.449999809265137,9.449999809265137,3657
2011-03-22,9.59000015258789,9.869999885559082,9.100000381469727,9.869999885559082,9.869999885559082,6371
2011-03-23,9.729999542236328,10.010000228881836,9.449999809265137,9.520000457763672,9.520000457763672,2486
2011-03-24,9.729999542236328,10.079999923706055,9.520000457763672,9.729999542236328,9.729999542236328,4786
2011-03-25,9.729999542236328,9.9399995803833,9.59000015258789,9.59000015258789,9.59000015258789,2829
2011-03-28,9.729999542236328,10.079999923706055,9.65999984741211,9.800000190734863,9.800000190734863,5071
2011-03-29,9.65999984741211,9.65999984741211,9.59000015258789,9.65999984741211,9.65999984741211,1071
2011-03-30,9.59000015258789,9.65999984741211,9.170000076293945,9.449999809265137,9.449999809265137,4786
2011-03-31,9.380000114440918,9.449999809265137,9.170000076293945,9.170000076293945,9.170000076293945,2443
2011-04-01,9.170000076293945,9.449999809265137,9.170000076293945,9.380000114440918,9.380000114440918,2586
2011-04-04,9.3100004196167,9.380000114440918,9.170000076293945,9.170000076293945,9.170000076293945,2429
2011-04-05,9.239999771118164,9.380000114440918,9.170000076293945,9.239999771118164,9.239999771118164,2100
2011-04-06,9.380000114440918,9.449999809265137,9.380000114440918,9.449999809265137,9.449999809265137,843
2011-04-07,9.449999809265137,9.449999809265137,9.239999771118164,9.3100004196167,9.3100004196167,6086
2011-04-08,9.3100004196167,10.010000228881836,9.3100004196167,9.520000457763672,9.520000457763672,6057
2011-04-11,9.380000114440918,9.65999984741211,9.100000381469727,9.520000457763672,9.520000457763672,1743
2011-04-12,8.819999694824219,9.729999542236328,8.819999694824219,8.960000038146973,8.960000038146973,8600
2011-04-13,9.029999732971191,9.449999809265137,9.029999732971191,9.449999809265137,9.449999809265137,1271
2011-04-14,9.380000114440918,9.449999809265137,9.100000381469727,9.239999771118164,9.239999771118164,2071
2011-04-15,9.239999771118164,9.380000114440918,8.890000343322754,9.3100004196167,9.3100004196167,5071
2011-04-18,9.100000381469727,9.380000114440918,8.960000038146973,9.100000381469727,9.100000381469727,2857
2011-04-19,9.100000381469727,9.239999771118164,8.960000038146973,9.029999732971191,9.029999732971191,4114
2011-04-20,9.170000076293945,9.65999984741211,8.75,9.3100004196167,9.3100004196167,18943
2011-04-21,9.449999809265137,9.520000457763672,8.890000343322754,8.960000038146973,8.960000038146973,5400
2011-04-25,8.399999618530273,8.819999694824219,8.399999618530273,8.609999656677246,8.609999656677246,14200
2011-04-26,8.539999961853027,9.100000381469727,8.539999961853027,8.75,8.75,2586
2011-04-27,8.75,9.100000381469727,8.75,8.819999694824219,8.819999694824219,1443
2011-04-28,8.75,9.100000381469727,8.399999618530273,8.609999656677246,8.609999656677246,3143
2011-04-29,8.680000305175781,9.029999732971191,8.470000267028809,8.609999656677246,8.609999656677246,2286
2011-05-02,8.75,9.029999732971191,8.680000305175781,8.75,8.75,4129
2011-05-03,8.680000305175781,9.100000381469727,8.680000305175781,8.960000038146973,8.960000038146973,3100
2011-05-04,8.960000038146973,8.960000038146973,8.609999656677246,8.680000305175781,8.680000305175781,6000
2011-05-05,8.680000305175781,8.75,8.609999656677246,8.680000305175781,8.680000305175781,13129
2011-05-06,8.819999694824219,9.100000381469727,8.75,8.960000038146973,8.960000038146973,3857
2011-05-09,9.029999732971191,9.100000381469727,8.75,8.960000038146973,8.960000038146973,2071
2011-05-10,9.029999732971191,9.100000381469727,8.819999694824219,8.819999694824219,8.819999694824219,1771
2011-05-11,8.819999694824219,8.960000038146973,8.470000267028809,8.539999961853027,8.539999961853027,2029
2011-05-12,8.539999961853027,8.960000038146973,8.1899995803833,8.539999961853027,8.539999961853027,929
2011-05-13,8.609999656677246,8.609999656677246,8.1899995803833,8.539999961853027,8.539999961853027,2814
2011-05-16,8.680000305175781,8.680000305175781,8.1899995803833,8.1899995803833,8.1899995803833,1571
2011-05-17,8.1899995803833,8.539999961853027,8.1899995803833,8.399999618530273,8.399999618530273,1843
2011-05-18,8.399999618530273,8.680000305175781,8.1899995803833,8.680000305175781,8.680000305175781,1614
2011-05-19,8.75,8.960000038146973,8.609999656677246,8.75,8.75,1629
2011-05-20,8.680000305175781,8.890000343322754,8.119999885559082,8.75,8.75,3614
2011-05-23,8.609999656677246,8.819999694824219,8.260000228881836,8.399999618530273,8.399999618530273,2471
2011-05-24,8.470000267028809,8.75,8.399999618530273,8.399999618530273,8.399999618530273,1714
2011-05-25,8.329999923706055,8.399999618530273,7.840000152587891,7.909999847412109,7.909999847412109,6814
2011-05-26,7.699999809265137,8.050000190734863,7.139999866485596,7.769999980926514,7.769999980926514,22500
2011-05-27,7.769999980926514,7.769999980926514,7.420000076293945,7.769999980926514,7.769999980926514,4971
2011-05-31,7.769999980926514,8.119999885559082,7.630000114440918,7.909999847412109,7.909999847412109,7071
2011-06-01,7.769999980926514,7.769999980926514,7.210000038146973,7.210000038146973,7.210000038146973,11243
2011-06-02,7.210000038146973,7.630000114440918,7.210000038146973,7.420000076293945,7.420000076293945,2529
2011-06-03,7.28000020980835,7.489999771118164,7.0,7.28000020980835,7.28000020980835,9414
2011-06-06,7.0,7.210000038146973,6.929999828338623,6.929999828338623,6.929999828338623,6200
2011-06-07,6.860000133514404,7.139999866485596,6.860000133514404,7.0,7.0,6086
2011-06-08,7.0,7.0,6.860000133514404,6.860000133514404,6.860000133514404,2143
2011-06-09,6.789999961853027,7.139999866485596,6.650000095367432,7.070000171661377,7.070000171661377,8557
2011-06-10,6.650000095367432,6.860000133514404,6.650000095367432,6.860000133514404,6.860000133514404,5271
2011-06-13,6.71999979019165,6.789999961853027,6.650000095367432,6.650000095367432,6.650000095367432,2729
2011-06-14,6.650000095367432,6.71999979019165,6.650000095367432,6.650000095367432,6.650000095367432,2500
2011-06-15,6.579999923706055,6.860000133514404,6.440000057220459,6.650000095367432,6.650000095367432,2214
2011-06-16,6.650000095367432,6.789999961853027,6.369999885559082,6.579999923706055,6.579999923706055,1343
2011-06-17,6.579999923706055,6.789999961853027,6.510000228881836,6.789999961853027,6.789999961853027,1000
2011-06-20,6.71999979019165,6.71999979019165,6.369999885559082,6.510000228881836,6.510000228881836,2343
2011-06-21,6.71999979019165,6.71999979019165,6.510000228881836,6.510000228881836,6.510000228881836,1114
2011-06-22,6.510000228881836,6.579999923706055,6.440000057220459,6.440000057220459,6.440000057220459,857
2011-06-23,6.440000057220459,6.650000095367432,6.300000190734863,6.579999923706055,6.579999923706055,5814
2011-06-24,6.650000095367432,7.210000038146973,6.650000095367432,7.139999866485596,7.139999866485596,3071
2011-06-27,7.139999866485596,7.139999866485596,6.860000133514404,6.860000133514404,6.860000133514404,1471
2011-06-28,7.070000171661377,7.210000038146973,6.860000133514404,7.070000171661377,7.070000171661377,3386
2011-06-29,7.0,8.609999656677246,7.0,8.470000267028809,8.470000267028809,16686
2011-06-30,8.399999618530273,8.399999618530273,7.840000152587891,8.050000190734863,8.050000190734863,2286
2011-07-01,7.980000019073486,8.1899995803833,7.769999980926514,7.840000152587891,7.840000152587891,3143
2011-07-05,8.260000228881836,8.399999618530273,7.769999980926514,7.769999980926514,7.769999980926514,886
2011-07-06,7.840000152587891,7.840000152587891,7.769999980926514,7.840000152587891,7.840000152587891,771
2011-07-07,7.840000152587891,8.1899995803833,7.769999980926514,7.909999847412109,7.909999847412109,1586
2011-07-08,7.840000152587891,7.840000152587891,7.699999809265137,7.699999809265137,7.699999809265137,1257
2011-07-11,7.699999809265137,7.840000152587891,7.699999809265137,7.840000152587891,7.840000152587891,1771
2011-07-12,7.699999809265137,8.470000267028809,7.699999809265137,7.980000019073486,7.980000019073486,3543
2011-07-13,7.909999847412109,11.130000114440918,7.909999847412109,8.819999694824219,8.819999694824219,121229
2011-07-14,8.75,8.960000038146973,8.1899995803833,8.960000038146973,8.960000038146973,17543
2011-07-15,8.890000343322754,10.079999923706055,8.539999961853027,9.449999809265137,9.449999809265137,14257
2011-07-18,9.449999809265137,9.520000457763672,8.609999656677246,8.75,8.75,15000
2011-07-19,8.960000038146973,9.729999542236328,8.960000038146973,9.100000381469727,9.100000381469727,14014
2011-07-20,9.239999771118164,9.729999542236328,8.75,9.100000381469727,9.100000381469727,5271
2011-07-21,8.890000343322754,9.380000114440918,8.75,9.100000381469727,9.100000381469727,4500
2011-07-22,9.029999732971191,9.029999732971191,8.539999961853027,8.75,8.75,6700
2011-07-25,8.680000305175781,8.680000305175781,8.399999618530273,8.470000267028809,8.470000267028809,5257
2011-07-26,9.239999771118164,10.359999656677246,9.170000076293945,9.239999771118164,9.239999771118164,26971
2011-07-27,9.449999809265137,9.449999809265137,8.819999694824219,9.029999732971191,9.029999732971191,6429
2011-07-28,8.75,9.449999809265137,8.609999656677246,8.680000305175781,8.680000305175781,9043
2011-07-29,8.609999656677246,8.890000343322754,8.609999656677246,8.680000305175781,8.680000305175781,1943
2011-08-01,8.960000038146973,8.960000038146973,8.1899995803833,8.539999961853027,8.539999961853027,6057
2011-08-02,8.470000267028809,8.539999961853027,8.260000228881836,8.329999923706055,8.329999923706055,1800
2011-08-03,8.260000228881836,8.399999618530273,8.1899995803833,8.260000228881836,8.260000228881836,1514
2011-08-04,8.1899995803833,8.260000228881836,7.559999942779541,7.559999942779541,7.559999942779541,7800
2011-08-05,7.349999904632568,8.609999656677246,7.0,7.769999980926514,7.769999980926514,9914
2011-08-08,7.210000038146973,8.119999885559082,6.860000133514404,6.929999828338623,6.929999828338623,9343
2011-08-09,6.789999961853027,8.119999885559082,6.650000095367432,7.0,7.0,4614
2011-08-10,7.210000038146973,7.769999980926514,7.139999866485596,7.420000076293945,7.420000076293945,5686
2011-08-11,7.349999904632568,7.769999980926514,7.349999904632568,7.559999942779541,7.559999942779541,1471
2011-08-12,7.349999904632568,8.399999618530273,7.349999904632568,7.909999847412109,7.909999847412109,6500
2011-08-15,8.609999656677246,8.960000038146973,7.070000171661377,8.329999923706055,8.329999923706055,13029
2011-08-16,8.1899995803833,8.1899995803833,7.420000076293945,7.699999809265137,7.699999809265137,571
2011-08-17,7.840000152587891,8.1899995803833,7.349999904632568,7.630000114440918,7.630000114440918,5586
2011-08-18,7.349999904632568,7.489999771118164,7.070000171661377,7.210000038146973,7.210000038146973,7000
2011-08-19,8.329999923706055,8.329999923706055,7.210000038146973,7.559999942779541,7.559999942779541,6557
2011-08-22,7.559999942779541,7.699999809265137,7.28000020980835,7.28000020980835,7.28000020980835,3543
2011-08-23,7.559999942779541,7.699999809265137,7.28000020980835,7.630000114440918,7.630000114440918,3586
2011-08-24,7.559999942779541,7.699999809265137,7.349999904632568,7.420000076293945,7.420000076293945,700
2011-08-25,7.699999809265137,7.699999809265137,7.28000020980835,7.559999942779541,7.559999942779541,2714
2011-08-26,7.28000020980835,7.349999904632568,7.070000171661377,7.210000038146973,7.210000038146973,3786
2011-08-29,7.489999771118164,8.050000190734863,7.139999866485596,7.840000152587891,7.840000152587891,8100
2011-08-30,7.349999904632568,8.1899995803833,7.349999904632568,8.050000190734863,8.050000190734863,557
2011-08-31,7.840000152587891,7.840000152587891,7.349999904632568,7.630000114440918,7.630000114440918,2029
2011-09-01,7.349999904632568,7.840000152587891,7.28000020980835,7.840000152587891,7.840000152587891,5929
2011-09-02,7.769999980926514,7.769999980926514,7.210000038146973,7.349999904632568,7.349999904632568,1371
2011-09-06,7.210000038146973,7.28000020980835,7.0,7.139999866485596,7.139999866485596,2929
2011-09-07,7.139999866485596,7.489999771118164,7.139999866485596,7.489999771118164,7.489999771118164,400
2011-09-08,7.420000076293945,7.489999771118164,7.210000038146973,7.28000020980835,7.28000020980835,486
2011-09-09,7.070000171661377,7.210000038146973,7.0,7.139999866485596,7.139999866485596,229
2011-09-12,7.0,7.28000020980835,7.0,7.210000038146973,7.210000038146973,3500
2011-09-13,7.210000038146973,7.210000038146973,7.0,7.210000038146973,7.210000038146973,1214
2011-09-14,7.210000038146973,7.210000038146973,6.510000228881836,6.860000133514404,6.860000133514404,6643
2011-09-15,7.0,7.420000076293945,6.71999979019165,7.349999904632568,7.349999904632568,19029
2011-09-16,7.420000076293945,7.489999771118164,7.0,7.420000076293945,7.420000076293945,3829
2011-09-19,6.929999828338623,7.139999866485596,6.71999979019165,7.0,7.0,3186
2011-09-20,7.349999904632568,7.349999904632568,6.579999923706055,6.579999923706055,6.579999923706055,3143
2011-09-21,7.210000038146973,7.28000020980835,6.650000095367432,7.0,7.0,971
2011-09-22,6.440000057220459,7.349999904632568,6.440000057220459,6.789999961853027,6.789999961853027,11614
2011-09-23,6.650000095367432,6.860000133514404,6.019999980926514,6.71999979019165,6.71999979019165,4914
2011-09-26,6.71999979019165,7.0,6.300000190734863,7.0,7.0,3686
2011-09-27,7.0,7.0,6.369999885559082,6.440000057220459,6.440000057220459,6614
2011-09-28,6.860000133514404,6.860000133514404,6.440000057220459,6.440000057220459,6.440000057220459,1757
2011-09-29,6.650000095367432,6.650000095367432,6.440000057220459,6.440000057220459,6.440000057220459,2071
2011-09-30,6.440000057220459,6.650000095367432,6.440000057220459,6.510000228881836,6.510000228881836,3957
2011-10-03,6.440000057220459,6.510000228881836,6.440000057220459,6.440000057220459,6.440000057220459,2214
2011-10-04,6.440000057220459,6.71999979019165,6.440000057220459,6.440000057220459,6.440000057220459,7071
2011-10-05,6.440000057220459,6.510000228881836,6.440000057220459,6.440000057220459,6.440000057220459,3443
2011-10-06,6.579999923706055,6.929999828338623,6.440000057220459,6.440000057220459,6.440000057220459,1043
2011-10-07,6.510000228881836,6.579999923706055,6.440000057220459,6.510000228881836,6.510000228881836,457
2011-10-10,6.650000095367432,6.789999961853027,6.510000228881836,6.510000228881836,6.510000228881836,3086
2011-10-11,6.650000095367432,6.929999828338623,6.440000057220459,6.579999923706055,6.579999923706055,2143
2011-10-12,6.510000228881836,6.510000228881836,6.440000057220459,6.510000228881836,6.510000228881836,1914
2011-10-13,6.650000095367432,6.71999979019165,6.650000095367432,6.71999979019165,6.71999979019165,271
2011-10-14,6.650000095367432,6.650000095367432,6.369999885559082,6.650000095367432,6.650000095367432,471
2011-10-17,6.510000228881836,6.510000228881836,6.369999885559082,6.369999885559082,6.369999885559082,1957
2011-10-18,6.650000095367432,7.0,6.369999885559082,6.71999979019165,6.71999979019165,6157
2011-10-19,6.369999885559082,6.650000095367432,6.369999885559082,6.650000095367432,6.650000095367432,1986
2011-10-20,6.440000057220459,6.510000228881836,6.440000057220459,6.510000228881836,6.510000228881836,971
2011-10-21,6.71999979019165,6.860000133514404,6.440000057220459,6.510000228881836,6.510000228881836,3629
2011-10-24,6.579999923706055,6.650000095367432,6.369999885559082,6.579999923706055,6.579999923706055,8557
2011-10-25,6.440000057220459,6.579999923706055,6.369999885559082,6.369999885559082,6.369999885559082,1557
2011-10-26,6.650000095367432,6.71999979019165,6.369999885559082,6.369999885559082,6.369999885559082,357
2011-10-27,6.579999923706055,6.860000133514404,6.369999885559082,6.71999979019165,6.71999979019165,6714
2011-10-28,6.789999961853027,6.860000133514404,6.579999923706055,6.650000095367432,6.650000095367432,714
2011-10-31,6.579999923706055,8.539999961853027,6.579999923706055,8.1899995803833,8.1899995803833,29329
2011-11-01,7.769999980926514,7.980000019073486,7.489999771118164,7.980000019073486,7.980000019073486,13929
2011-11-02,7.909999847412109,7.909999847412109,7.139999866485596,7.28000020980835,7.28000020980835,12771
2011-11-03,7.420000076293945,7.699999809265137,7.210000038146973,7.210000038146973,7.210000038146973,3114
2011-11-04,7.769999980926514,7.769999980926514,7.420000076293945,7.420000076293945,7.420000076293945,1400
2011-11-07,7.28000020980835,7.559999942779541,7.28000020980835,7.28000020980835,7.28000020980835,5529
2011-11-08,7.630000114440918,7.630000114440918,7.420000076293945,7.420000076293945,7.420000076293945,400
2011-11-09,7.28000020980835,7.699999809265137,7.28000020980835,7.489999771118164,7.489999771118164,2100
2011-11-10,7.349999904632568,7.349999904632568,7.28000020980835,7.28000020980835,7.28000020980835,371
2011-11-11,7.28000020980835,7.489999771118164,7.28000020980835,7.489999771118164,7.489999771118164,1800
2011-11-14,7.630000114440918,7.630000114440918,7.28000020980835,7.28000020980835,7.28000020980835,1443
2011-11-15,7.699999809265137,7.769999980926514,7.420000076293945,7.489999771118164,7.489999771118164,4843
2011-11-16,7.630000114440918,7.909999847412109,7.28000020980835,7.349999904632568,7.349999904632568,4800
2011-11-17,7.420000076293945,7.699999809265137,7.28000020980835,7.28000020980835,7.28000020980835,6114
2011-11-18,7.349999904632568,7.630000114440918,7.349999904632568,7.630000114440918,7.630000114440918,929
2011-11-21,7.489999771118164,7.489999771118164,7.28000020980835,7.28000020980835,7.28000020980835,1971
2011-11-22,7.28000020980835,7.28000020980835,7.28000020980835,7.28000020980835,7.28000020980835,0
2011-11-23,7.349999904632568,7.559999942779541,7.28000020980835,7.28000020980835,7.28000020980835,7514
2011-11-25,7.28000020980835,7.349999904632568,7.28000020980835,7.349999904632568,7.349999904632568,271
2011-11-28,7.349999904632568,7.559999942779541,7.28000020980835,7.349999904632568,7.349999904632568,2400
2011-11-29,7.349999904632568,7.699999809265137,7.349999904632568,7.559999942779541,7.559999942779541,1943
2011-11-30,7.699999809265137,7.699999809265137,7.420000076293945,7.489999771118164,7.489999771118164,1771
2011-12-01,7.420000076293945,7.559999942779541,7.349999904632568,7.349999904632568,7.349999904632568,4200
2011-12-02,7.349999904632568,7.559999942779541,7.349999904632568,7.349999904632568,7.349999904632568,1214
2011-12-05,7.489999771118164,7.559999942779541,7.349999904632568,7.349999904632568,7.349999904632568,2829
2011-12-06,7.420000076293945,7.420000076293945,7.349999904632568,7.349999904632568,7.349999904632568,600
2011-12-07,7.349999904632568,7.489999771118164,7.349999904632568,7.420000076293945,7.420000076293945,700
2011-12-08,7.699999809265137,7.699999809265137,7.420000076293945,7.420000076293945,7.420000076293945,4471
2011-12-09,7.630000114440918,7.630000114440918,7.420000076293945,7.559999942779541,7.559999942779541,914
2011-12-12,7.559999942779541,7.840000152587891,7.420000076293945,7.840000152587891,7.840000152587891,4171
2011-12-13,7.840000152587891,7.840000152587891,7.420000076293945,7.489999771118164,7.489999771118164,1500
2011-12-14,7.699999809265137,7.699999809265137,7.420000076293945,7.420000076293945,7.420000076293945,1600
2011-12-15,7.489999771118164,7.699999809265137,7.420000076293945,7.420000076293945,7.420000076293945,2314
2011-12-16,7.489999771118164,7.559999942779541,7.420000076293945,7.420000076293945,7.420000076293945,2100
2011-12-19,7.420000076293945,7.489999771118164,7.420000076293945,7.420000076293945,7.420000076293945,3457
2011-12-20,7.420000076293945,7.840000152587891,7.420000076293945,7.489999771118164,7.489999771118164,3986
2011-12-21,7.699999809265137,7.769999980926514,7.420000076293945,7.489999771118164,7.489999771118164,2329
2011-12-22,7.489999771118164,7.559999942779541,7.420000076293945,7.420000076293945,7.420000076293945,614
2011-12-23,7.420000076293945,7.489999771118164,7.420000076293945,7.420000076293945,7.420000076293945,729
2011-12-27,7.559999942779541,7.769999980926514,7.210000038146973,7.349999904632568,7.349999904632568,4271
2011-12-28,7.28000020980835,7.349999904632568,7.139999866485596,7.139999866485596,7.139999866485596,1357
2011-12-29,7.210000038146973,7.769999980926514,7.070000171661377,7.630000114440918,7.630000114440918,2971
2011-12-30,7.489999771118164,7.909999847412109,7.139999866485596,7.699999809265137,7.699999809265137,6971
2012-01-03,7.559999942779541,8.050000190734863,7.559999942779541,7.980000019073486,7.980000019073486,4086
2012-01-04,7.980000019073486,7.980000019073486,7.699999809265137,7.840000152587891,7.840000152587891,943
2012-01-05,7.840000152587891,8.399999618530273,7.840000152587891,8.119999885559082,8.119999885559082,1843
2012-01-06,8.260000228881836,10.010000228881836,8.1899995803833,9.3100004196167,9.3100004196167,20886
2012-01-09,9.170000076293945,9.239999771118164,8.399999618530273,9.239999771118164,9.239999771118164,4600
2012-01-10,9.239999771118164,9.9399995803833,9.239999771118164,9.59000015258789,9.59000015258789,8957
2012-01-11,9.59000015258789,10.220000267028809,9.520000457763672,9.520000457763672,9.520000457763672,5571
2012-01-12,9.800000190734863,10.359999656677246,9.449999809265137,9.800000190734863,9.800000190734863,8414
2012-01-13,10.010000228881836,10.710000038146973,9.800000190734863,9.869999885559082,9.869999885559082,6529
2012-01-17,10.359999656677246,11.550000190734863,10.289999961853027,11.0600004196167,11.0600004196167,24814
2012-01-18,10.779999732971191,11.899999618530273,10.779999732971191,11.550000190734863,11.550000190734863,25114
2012-01-19,11.899999618530273,13.020000457763672,11.829999923706055,12.529999732971191,12.529999732971191,25000
2012-01-20,12.319999694824219,12.949999809265137,11.199999809265137,11.199999809265137,11.199999809265137,14971
2012-01-23,11.6899995803833,11.970000267028809,11.270000457763672,11.899999618530273,11.899999618530273,4514
2012-01-24,12.180000305175781,12.319999694824219,11.199999809265137,12.25,12.25,8314
2012-01-25,12.25,12.670000076293945,11.970000267028809,12.390000343322754,12.390000343322754,5286
2012-01-26,12.600000381469727,12.670000076293945,11.899999618530273,11.970000267028809,11.970000267028809,9900
2012-01-27,12.180000305175781,12.25,11.199999809265137,12.109999656677246,12.109999656677246,8800
2012-01-30,12.109999656677246,12.25,10.989999771118164,11.550000190734863,11.550000190734863,5700
2012-01-31,11.619999885559082,11.619999885559082,10.079999923706055,10.359999656677246,10.359999656677246,18814
2012-02-01,10.430000305175781,10.640000343322754,10.079999923706055,10.430000305175781,10.430000305175781,6486
2012-02-02,10.430000305175781,10.5,10.149999618530273,10.220000267028809,10.220000267028809,5786
2012-02-03,10.220000267028809,11.479999542236328,10.220000267028809,11.34000015258789,11.34000015258789,10186
2012-02-06,10.989999771118164,11.760000228881836,10.640000343322754,10.920000076293945,10.920000076293945,4314
2012-02-07,11.130000114440918,11.550000190734863,10.920000076293945,11.550000190734863,11.550000190734863,2343
2012-02-08,11.6899995803833,12.319999694824219,11.550000190734863,12.25,12.25,6029
2012-02-09,12.25,12.25,11.270000457763672,11.899999618530273,11.899999618530273,2143
2012-02-10,11.899999618530273,12.180000305175781,11.199999809265137,11.760000228881836,11.760000228881836,3443
2012-02-13,11.760000228881836,11.760000228881836,11.270000457763672,11.34000015258789,11.34000015258789,2714
2012-02-14,11.130000114440918,11.34000015258789,10.989999771118164,10.989999771118164,10.989999771118164,4071
2012-02-15,11.34000015258789,11.760000228881836,10.850000381469727,10.850000381469727,10.850000381469727,5071
2012-02-16,11.130000114440918,11.760000228881836,10.640000343322754,11.0600004196167,11.0600004196167,2071
2012-02-17,11.0600004196167,12.25,10.850000381469727,12.25,12.25,7671
2012-02-21,11.970000267028809,11.970000267028809,11.40999984741211,11.619999885559082,11.619999885559082,5829
2012-02-22,11.619999885559082,11.829999923706055,11.199999809265137,11.550000190734863,11.550000190734863,1643
2012-02-23,11.550000190734863,11.550000190734863,10.850000381469727,11.199999809265137,11.199999809265137,4400
2012-02-24,10.989999771118164,11.619999885559082,10.989999771118164,11.0600004196167,11.0600004196167,4071
2012-02-27,10.989999771118164,11.760000228881836,10.989999771118164,11.550000190734863,11.550000190734863,2286
2012-02-28,11.6899995803833,11.829999923706055,11.619999885559082,11.760000228881836,11.760000228881836,2057
2012-02-29,11.760000228881836,11.899999618530273,11.40999984741211,11.829999923706055,11.829999923706055,5571
2012-03-01,11.899999618530273,11.970000267028809,11.270000457763672,11.970000267028809,11.970000267028809,3014
2012-03-02,11.829999923706055,11.970000267028809,11.40999984741211,11.970000267028809,11.970000267028809,1843
2012-03-05,12.039999961853027,12.039999961853027,11.479999542236328,11.550000190734863,11.550000190734863,1186
2012-03-06,11.479999542236328,11.550000190734863,11.0600004196167,11.0600004196167,11.0600004196167,5643
2012-03-07,11.199999809265137,11.199999809265137,11.0600004196167,11.130000114440918,11.130000114440918,1157
2012-03-08,11.0600004196167,12.25,11.0600004196167,11.899999618530273,11.899999618530273,13114
2012-03-09,11.899999618530273,12.739999771118164,10.920000076293945,11.6899995803833,11.6899995803833,18129
2012-03-12,11.6899995803833,12.8100004196167,11.6899995803833,12.739999771118164,12.739999771118164,7257
2012-03-13,12.739999771118164,14.210000038146973,12.670000076293945,13.789999961853027,13.789999961853027,30086
2012-03-14,14.0,14.069999694824219,12.739999771118164,12.880000114440918,12.880000114440918,10200
2012-03-15,13.229999542236328,13.789999961853027,12.880000114440918,13.09000015258789,13.09000015258789,7829
2012-03-16,12.670000076293945,12.949999809265137,12.25,12.949999809265137,12.949999809265137,11629
2012-03-19,12.670000076293945,12.949999809265137,12.460000038146973,12.880000114440918,12.880000114440918,5814
2012-03-20,12.600000381469727,12.949999809265137,12.600000381469727,12.880000114440918,12.880000114440918,2186
2012-03-21,12.880000114440918,13.4399995803833,12.8100004196167,13.369999885559082,13.369999885559082,7571
2012-03-22,13.510000228881836,13.579999923706055,12.600000381469727,12.880000114440918,12.880000114440918,5814
2012-03-23,12.8100004196167,13.09000015258789,12.319999694824219,12.319999694824219,12.319999694824219,6414
2012-03-26,12.319999694824219,12.600000381469727,11.760000228881836,12.109999656677246,12.109999656677246,5886
2012-03-27,12.109999656677246,12.739999771118164,11.970000267028809,12.039999961853027,12.039999961853027,3200
2012-03-28,12.180000305175781,12.529999732971191,12.180000305175781,12.390000343322754,12.390000343322754,2229
2012-03-29,12.390000343322754,12.670000076293945,12.180000305175781,12.670000076293945,12.670000076293945,3314
2012-03-30,12.670000076293945,12.739999771118164,12.25,12.670000076293945,12.670000076293945,4543
2012-04-02,12.319999694824219,12.739999771118164,11.829999923706055,12.670000076293945,12.670000076293945,8071
2012-04-03,12.739999771118164,12.739999771118164,12.390000343322754,12.600000381469727,12.600000381469727,1129
2012-04-04,12.600000381469727,12.600000381469727,11.760000228881836,11.829999923706055,11.829999923706055,5957
2012-04-05,11.760000228881836,11.829999923706055,11.130000114440918,11.130000114440918,11.130000114440918,6929
2012-04-09,11.199999809265137,11.479999542236328,10.779999732971191,10.779999732971191,10.779999732971191,2057
2012-04-10,10.5,10.850000381469727,9.449999809265137,10.079999923706055,10.079999923706055,19314
2012-04-11,10.220000267028809,10.779999732971191,10.220000267028809,10.5,10.5,4857
2012-04-12,10.149999618530273,11.199999809265137,9.869999885559082,10.920000076293945,10.920000076293945,5657
2012-04-13,10.779999732971191,10.920000076293945,10.289999961853027,10.710000038146973,10.710000038146973,3086
2012-04-16,10.430000305175781,10.710000038146973,10.289999961853027,10.5,10.5,5186
2012-04-17,10.710000038146973,10.710000038146973,10.359999656677246,10.430000305175781,10.430000305175781,2057
2012-04-18,10.220000267028809,11.199999809265137,10.220000267028809,10.779999732971191,10.779999732971191,4000
2012-04-19,10.640000343322754,10.640000343322754,10.640000343322754,10.640000343322754,10.640000343322754,129
2012-04-20,10.779999732971191,10.779999732971191,10.079999923706055,10.5,10.5,1143
2012-04-23,10.149999618530273,10.569999694824219,10.149999618530273,10.359999656677246,10.359999656677246,829
2012-04-24,10.569999694824219,10.640000343322754,10.569999694824219,10.640000343322754,10.640000343322754,143
2012-04-25,10.640000343322754,10.920000076293945,10.569999694824219,10.640000343322754,10.640000343322754,1000
2012-04-26,10.569999694824219,10.850000381469727,10.569999694824219,10.640000343322754,10.640000343322754,1457
2012-04-27,10.640000343322754,10.640000343322754,10.079999923706055,10.430000305175781,10.430000305175781,1571
2012-04-30,10.640000343322754,10.640000343322754,9.800000190734863,10.010000228881836,10.010000228881836,4900
2012-05-01,9.9399995803833,10.569999694824219,9.800000190734863,9.800000190734863,9.800000190734863,4571
2012-05-02,9.800000190734863,10.640000343322754,9.800000190734863,10.5,10.5,1571
2012-05-03,10.5,10.5,10.5,10.5,10.5,0
2012-05-04,10.289999961853027,10.289999961853027,9.869999885559082,10.149999618530273,10.149999618530273,1943
2012-05-07,9.800000190734863,10.359999656677246,9.800000190734863,10.149999618530273,10.149999618530273,4086
2012-05-08,10.359999656677246,10.640000343322754,9.869999885559082,9.9399995803833,9.9399995803833,729
2012-05-09,9.9399995803833,10.289999961853027,9.9399995803833,10.010000228881836,10.010000228881836,143
2012-05-10,10.289999961853027,10.640000343322754,10.289999961853027,10.430000305175781,10.430000305175781,214
2012-05-11,10.640000343322754,11.760000228881836,10.289999961853027,11.0600004196167,11.0600004196167,4086
2012-05-14,11.199999809265137,11.199999809265137,10.220000267028809,10.220000267028809,10.220000267028809,2571
2012-05-15,10.289999961853027,10.430000305175781,9.800000190734863,10.359999656677246,10.359999656677246,2929
2012-05-16,10.220000267028809,10.289999961853027,9.800000190734863,9.800000190734863,9.800000190734863,1714
2012-05-17,10.359999656677246,10.430000305175781,10.079999923706055,10.289999961853027,10.289999961853027,600
2012-05-18,10.079999923706055,10.079999923706055,9.800000190734863,10.010000228881836,10.010000228881836,5571
2012-05-21,10.010000228881836,10.010000228881836,9.800000190734863,9.800000190734863,9.800000190734863,3157
2012-05-22,9.800000190734863,9.800000190734863,9.170000076293945,9.3100004196167,9.3100004196167,2614
2012-05-23,9.449999809265137,9.9399995803833,9.449999809265137,9.9399995803833,9.9399995803833,1600
2012-05-24,9.869999885559082,9.9399995803833,9.800000190734863,9.9399995803833,9.9399995803833,1271
2012-05-25,9.9399995803833,9.9399995803833,9.9399995803833,9.9399995803833,9.9399995803833,0
2012-05-29,9.239999771118164,10.010000228881836,9.100000381469727,10.010000228881836,10.010000228881836,3214
2012-05-30,9.59000015258789,10.079999923706055,9.380000114440918,9.800000190734863,9.800000190734863,814
2012-05-31,9.65999984741211,9.729999542236328,9.449999809265137,9.520000457763672,9.520000457763672,571
2012-06-01,9.449999809265137,9.449999809265137,8.329999923706055,9.380000114440918,9.380000114440918,3571
2012-06-04,9.449999809265137,9.449999809265137,8.399999618530273,8.470000267028809,8.470000267028809,2743
2012-06-05,8.399999618530273,8.470000267028809,7.909999847412109,8.050000190734863,8.050000190734863,6429
2012-06-06,8.1899995803833,8.890000343322754,8.1899995803833,8.75,8.75,9971
2012-06-07,8.890000343322754,9.100000381469727,8.470000267028809,8.960000038146973,8.960000038146973,2500
2012-06-08,8.819999694824219,9.100000381469727,8.75,9.029999732971191,9.029999732971191,443
2012-06-11,8.890000343322754,8.890000343322754,8.470000267028809,8.470000267028809,8.470000267028809,443
2012-06-12,8.75,8.75,8.329999923706055,8.329999923706055,8.329999923706055,486
2012-06-13,8.539999961853027,8.539999961853027,8.050000190734863,8.399999618530273,8.399999618530273,1771
2012-06-14,8.050000190734863,8.329999923706055,8.050000190734863,8.329999923706055,8.329999923706055,614
2012-06-15,8.329999923706055,8.75,8.119999885559082,8.75,8.75,4157
2012-06-18,8.609999656677246,9.029999732971191,8.329999923706055,8.960000038146973,8.960000038146973,3771
2012-06-19,8.960000038146973,8.960000038146973,8.680000305175781,8.960000038146973,8.960000038146973,1743
2012-06-20,8.960000038146973,8.960000038146973,8.470000267028809,8.470000267028809,8.470000267028809,2386
2012-06-21,8.680000305175781,8.680000305175781,8.470000267028809,8.470000267028809,8.470000267028809,1057
2012-06-22,8.680000305175781,8.680000305175781,8.260000228881836,8.260000228881836,8.260000228881836,1043
2012-06-25,8.1899995803833,8.470000267028809,8.1899995803833,8.399999618530273,8.399999618530273,571
2012-06-26,8.399999618530273,8.680000305175781,8.119999885559082,8.470000267028809,8.470000267028809,1814
2012-06-27,8.399999618530273,9.029999732971191,8.399999618530273,8.75,8.75,4171
2012-06-28,8.539999961853027,8.680000305175781,8.539999961853027,8.680000305175781,8.680000305175781,100
2012-06-29,8.890000343322754,9.449999809265137,8.470000267028809,9.170000076293945,9.170000076293945,5286
2012-07-02,9.800000190734863,9.800000190734863,8.960000038146973,9.449999809265137,9.449999809265137,1429
2012-07-03,9.65999984741211,10.149999618530273,9.59000015258789,10.079999923706055,10.079999923706055,5329
2012-07-05,10.010000228881836,10.010000228881836,9.3100004196167,9.729999542236328,9.729999542236328,2771
2012-07-06,9.449999809265137,10.149999618530273,9.449999809265137,10.010000228881836,10.010000228881836,2271
2012-07-09,9.59000015258789,10.220000267028809,9.520000457763672,9.9399995803833,9.9399995803833,2571
2012-07-10,9.869999885559082,10.5,9.520000457763672,9.800000190734863,9.800000190734863,2629
2012-07-11,9.729999542236328,9.729999542236328,9.380000114440918,9.380000114440918,9.380000114440918,1414
2012-07-12,9.380000114440918,9.380000114440918,8.960000038146973,9.100000381469727,9.100000381469727,1529
2012-07-13,9.170000076293945,9.729999542236328,9.170000076293945,9.59000015258789,9.59000015258789,3143
2012-07-16,9.59000015258789,9.729999542236328,9.239999771118164,9.729999542236328,9.729999542236328,514
2012-07-17,9.59000015258789,9.59000015258789,9.029999732971191,9.029999732971191,9.029999732971191,1100
2012-07-18,9.100000381469727,9.100000381469727,8.609999656677246,8.680000305175781,8.680000305175781,1429
2012-07-19,8.680000305175781,8.960000038146973,8.470000267028809,8.819999694824219,8.819999694824219,1071
2012-07-20,8.539999961853027,8.890000343322754,8.1899995803833,8.890000343322754,8.890000343322754,1571
2012-07-23,8.260000228881836,8.819999694824219,8.260000228881836,8.399999618530273,8.399999618530273,643
2012-07-24,8.539999961853027,8.819999694824219,8.119999885559082,8.260000228881836,8.260000228881836,1829
2012-07-25,8.470000267028809,8.75,8.399999618530273,8.470000267028809,8.470000267028809,1757
2012-07-26,8.399999618530273,8.609999656677246,8.399999618530273,8.399999618530273,8.399999618530273,1971
2012-07-27,8.75,8.75,8.470000267028809,8.470000267028809,8.470000267028809,971
2012-07-30,7.909999847412109,9.029999732971191,7.699999809265137,8.680000305175781,8.680000305175781,3929
2012-07-31,8.539999961853027,8.680000305175781,8.470000267028809,8.470000267028809,8.470000267028809,557
2012-08-01,8.470000267028809,8.680000305175781,7.909999847412109,8.470000267028809,8.470000267028809,2871
2012-08-02,8.119999885559082,8.399999618530273,7.980000019073486,8.260000228881836,8.260000228881836,529
2012-08-03,8.399999618530273,8.470000267028809,7.980000019073486,8.399999618530273,8.399999618530273,1386
2012-08-06,8.399999618530273,8.399999618530273,8.119999885559082,8.399999618530273,8.399999618530273,1329
2012-08-07,8.680000305175781,8.680000305175781,8.1899995803833,8.329999923706055,8.329999923706055,1129
2012-08-08,8.399999618530273,8.609999656677246,8.399999618530273,8.539999961853027,8.539999961853027,71
2012-08-09,8.680000305175781,8.75,8.329999923706055,8.399999618530273,8.399999618530273,2200
2012-08-10,8.680000305175781,8.680000305175781,8.399999618530273,8.539999961853027,8.539999961853027,286
2012-08-13,8.539999961853027,8.75,8.539999961853027,8.609999656677246,8.609999656677246,629
2012-08-14,8.75,8.960000038146973,8.75,8.75,8.75,1400
2012-08-15,8.539999961853027,8.539999961853027,8.329999923706055,8.399999618530273,8.399999618530273,1386
2012-08-16,8.399999618530273,8.75,8.399999618530273,8.75,8.75,771
2012-08-17,8.819999694824219,8.819999694824219,8.609999656677246,8.609999656677246,8.609999656677246,643
2012-08-20,8.609999656677246,8.960000038146973,8.399999618530273,8.539999961853027,8.539999961853027,1729
2012-08-21,8.539999961853027,8.609999656677246,8.050000190734863,8.119999885559082,8.119999885559082,2443
2012-08-22,8.399999618530273,8.609999656677246,8.399999618530273,8.539999961853027,8.539999961853027,3143
2012-08-23,8.960000038146973,8.960000038146973,8.1899995803833,8.819999694824219,8.819999694824219,257
2012-08-24,8.890000343322754,8.890000343322754,8.1899995803833,8.470000267028809,8.470000267028809,371
2012-08-27,8.329999923706055,8.75,8.329999923706055,8.75,8.75,557
2012-08-28,8.819999694824219,8.960000038146973,8.260000228881836,8.819999694824219,8.819999694824219,1557
2012-08-29,8.609999656677246,8.75,8.260000228881836,8.329999923706055,8.329999923706055,1243
2012-08-30,8.260000228881836,8.399999618530273,8.260000228881836,8.329999923706055,8.329999923706055,229
2012-08-31,8.329999923706055,8.329999923706055,8.329999923706055,8.329999923706055,8.329999923706055,0
2012-09-04,8.260000228881836,8.539999961853027,8.260000228881836,8.539999961853027,8.539999961853027,1086
2012-09-05,8.539999961853027,8.539999961853027,8.539999961853027,8.539999961853027,8.539999961853027,0
2012-09-06,8.539999961853027,8.539999961853027,8.260000228881836,8.260000228881836,8.260000228881836,400
2012-09-07,8.260000228881836,8.399999618530273,8.260000228881836,8.399999618530273,8.399999618530273,1686
2012-09-10,8.260000228881836,8.819999694824219,8.260000228881836,8.399999618530273,8.399999618530273,714
2012-09-11,8.680000305175781,8.680000305175781,8.470000267028809,8.470000267028809,8.470000267028809,129
2012-09-12,8.680000305175781,9.800000190734863,8.399999618530273,9.100000381469727,9.100000381469727,5700
2012-09-13,8.960000038146973,9.800000190734863,8.960000038146973,9.65999984741211,9.65999984741211,4757
2012-09-14,9.800000190734863,10.359999656677246,9.170000076293945,10.149999618530273,10.149999618530273,15086
2012-09-17,10.079999923706055,10.079999923706055,8.75,9.520000457763672,9.520000457763672,6029
2012-09-18,9.449999809265137,10.5,9.449999809265137,10.010000228881836,10.010000228881836,3700
2012-09-19,10.149999618530273,10.149999618530273,9.520000457763672,10.010000228881836,10.010000228881836,1714
2012-09-20,9.239999771118164,9.800000190734863,9.239999771118164,9.800000190734863,9.800000190734863,1671
2012-09-21,9.3100004196167,10.710000038146973,9.3100004196167,10.5,10.5,12029
2012-09-24,10.149999618530273,10.5,9.59000015258789,10.359999656677246,10.359999656677246,5600
2012-09-25,10.359999656677246,10.5,9.449999809265137,9.59000015258789,9.59000015258789,2671
2012-09-26,9.520000457763672,10.289999961853027,9.380000114440918,9.380000114440918,9.380000114440918,3114
2012-09-27,9.380000114440918,10.640000343322754,8.819999694824219,9.3100004196167,9.3100004196167,5414
2012-09-28,9.029999732971191,10.079999923706055,9.029999732971191,9.3100004196167,9.3100004196167,1543
2012-10-01,9.59000015258789,10.010000228881836,9.029999732971191,9.65999984741211,9.65999984741211,2757
2012-10-02,9.65999984741211,10.289999961853027,9.449999809265137,9.9399995803833,9.9399995803833,2486
2012-10-03,10.010000228881836,10.569999694824219,9.800000190734863,10.569999694824219,10.569999694824219,6943
2012-10-04,10.569999694824219,10.569999694824219,9.729999542236328,10.5,10.5,1957
2012-10-05,10.569999694824219,10.640000343322754,9.800000190734863,9.869999885559082,9.869999885559082,2629
2012-10-08,9.800000190734863,9.9399995803833,9.800000190734863,9.800000190734863,9.800000190734863,571
2012-10-09,10.010000228881836,10.010000228881836,9.380000114440918,9.380000114440918,9.380000114440918,500
2012-10-10,9.3100004196167,9.65999984741211,9.3100004196167,9.59000015258789,9.59000015258789,1843
2012-10-11,9.729999542236328,9.729999542236328,9.3100004196167,9.3100004196167,9.3100004196167,1157
2012-10-12,9.449999809265137,9.449999809265137,9.100000381469727,9.449999809265137,9.449999809265137,214
2012-10-15,9.59000015258789,9.59000015258789,9.59000015258789,9.59000015258789,9.59000015258789,57
2012-10-16,9.59000015258789,9.65999984741211,9.59000015258789,9.59000015258789,9.59000015258789,1057
2012-10-17,9.59000015258789,10.430000305175781,9.59000015258789,9.800000190734863,9.800000190734863,6000
2012-10-18,9.800000190734863,11.130000114440918,9.729999542236328,10.359999656677246,10.359999656677246,22829
2012-10-19,10.149999618530273,10.289999961853027,9.869999885559082,10.010000228881836,10.010000228881836,5943
2012-10-22,10.220000267028809,10.5,9.729999542236328,9.729999542236328,9.729999542236328,1871
2012-10-23,9.800000190734863,10.079999923706055,9.449999809265137,9.520000457763672,9.520000457763672,5143
2012-10-24,10.010000228881836,10.079999923706055,9.729999542236328,9.729999542236328,9.729999542236328,1357
2012-10-25,10.079999923706055,10.359999656677246,9.729999542236328,9.9399995803833,9.9399995803833,3000
2012-10-26,10.079999923706055,10.149999618530273,9.729999542236328,9.800000190734863,9.800000190734863,1286
2012-10-31,9.800000190734863,9.800000190734863,9.59000015258789,9.729999542236328,9.729999542236328,286
2012-11-01,9.520000457763672,10.010000228881836,9.520000457763672,9.9399995803833,9.9399995803833,1057
2012-11-02,9.65999984741211,10.079999923706055,9.59000015258789,9.800000190734863,9.800000190734863,1200
2012-11-05,9.9399995803833,9.9399995803833,9.449999809265137,9.59000015258789,9.59000015258789,1429
2012-11-06,9.59000015258789,9.800000190734863,9.100000381469727,9.170000076293945,9.170000076293945,3514
2012-11-07,9.449999809265137,9.9399995803833,9.449999809265137,9.729999542236328,9.729999542236328,1029
2012-11-08,9.65999984741211,9.9399995803833,9.170000076293945,9.239999771118164,9.239999771118164,2171
2012-11-09,9.449999809265137,9.520000457763672,9.170000076293945,9.170000076293945,9.170000076293945,914
2012-11-12,8.890000343322754,9.239999771118164,8.75,8.890000343322754,8.890000343322754,157
2012-11-13,8.960000038146973,9.65999984741211,8.890000343322754,9.170000076293945,9.170000076293945,814
2012-11-14,9.729999542236328,9.800000190734863,8.960000038146973,8.960000038146973,8.960000038146973,1943
2012-11-15,8.819999694824219,9.029999732971191,8.470000267028809,8.539999961853027,8.539999961853027,4414
2012-11-16,8.470000267028809,9.449999809265137,8.470000267028809,9.029999732971191,9.029999732971191,1914
2012-11-19,9.100000381469727,9.380000114440918,8.960000038146973,8.960000038146973,8.960000038146973,543
2012-11-20,8.75,9.029999732971191,8.470000267028809,8.960000038146973,8.960000038146973,886
2012-11-21,9.239999771118164,9.239999771118164,9.100000381469727,9.100000381469727,9.100000381469727,1214
2012-11-23,9.239999771118164,9.3100004196167,8.680000305175781,8.890000343322754,8.890000343322754,529
2012-11-26,8.75,9.3100004196167,8.75,8.960000038146973,8.960000038146973,786
2012-11-27,9.170000076293945,9.239999771118164,8.819999694824219,9.100000381469727,9.100000381469727,2029
2012-11-28,8.960000038146973,9.170000076293945,8.539999961853027,8.960000038146973,8.960000038146973,1743
2012-11-29,8.890000343322754,9.029999732971191,8.539999961853027,8.890000343322754,8.890000343322754,1586
2012-11-30,8.890000343322754,8.890000343322754,8.890000343322754,8.890000343322754,8.890000343322754,0
2012-12-03,9.029999732971191,9.100000381469727,8.539999961853027,9.029999732971191,9.029999732971191,2786
2012-12-04,9.100000381469727,9.100000381469727,8.609999656677246,8.75,8.75,686
2012-12-05,8.539999961853027,8.960000038146973,8.050000190734863,8.890000343322754,8.890000343322754,1629
2012-12-06,8.890000343322754,8.960000038146973,8.539999961853027,8.609999656677246,8.609999656677246,914
2012-12-07,8.609999656677246,8.890000343322754,8.1899995803833,8.329999923706055,8.329999923706055,2886
2012-12-10,8.470000267028809,8.890000343322754,8.050000190734863,8.75,8.75,3529
2012-12-11,8.539999961853027,8.539999961853027,8.329999923706055,8.329999923706055,8.329999923706055,1229
2012-12-12,8.260000228881836,8.260000228881836,8.050000190734863,8.260000228881836,8.260000228881836,2943
2012-12-13,8.1899995803833,8.260000228881836,8.1899995803833,8.260000228881836,8.260000228881836,4529
2012-12-14,8.1899995803833,8.960000038146973,8.050000190734863,8.819999694824219,8.819999694824219,2643
2012-12-17,8.470000267028809,8.890000343322754,8.399999618530273,8.609999656677246,8.609999656677246,629
2012-12-18,8.399999618530273,8.960000038146973,8.399999618530273,8.680000305175781,8.680000305175781,2143
2012-12-19,8.539999961853027,8.960000038146973,8.260000228881836,8.960000038146973,8.960000038146973,2743
2012-12-20,8.819999694824219,8.819999694824219,8.399999618530273,8.819999694824219,8.819999694824219,543
2012-12-21,8.399999618530273,9.100000381469727,8.119999885559082,8.539999961853027,8.539999961853027,3600
2012-12-24,8.119999885559082,8.539999961853027,8.119999885559082,8.539999961853027,8.539999961853027,300
2012-12-26,8.329999923706055,8.680000305175781,8.329999923706055,8.680000305175781,8.680000305175781,257
2012-12-27,8.75,8.819999694824219,8.1899995803833,8.260000228881836,8.260000228881836,5386
2012-12-28,8.329999923706055,8.399999618530273,8.119999885559082,8.1899995803833,8.1899995803833,4000
2012-12-31,8.1899995803833,8.539999961853027,8.050000190734863,8.119999885559082,8.119999885559082,9000
2013-01-02,8.680000305175781,8.890000343322754,8.050000190734863,8.050000190734863,8.050000190734863,8786
2013-01-03,8.119999885559082,8.609999656677246,8.119999885559082,8.470000267028809,8.470000267028809,3829
2013-01-04,8.260000228881836,8.609999656677246,8.260000228881836,8.539999961853027,8.539999961853027,1957
2013-01-07,8.399999618530273,9.029999732971191,8.329999923706055,9.029999732971191,9.029999732971191,3086
2013-01-08,8.819999694824219,8.890000343322754,8.609999656677246,8.680000305175781,8.680000305175781,629
2013-01-09,8.960000038146973,9.65999984741211,8.75,9.449999809265137,9.449999809265137,13571
2013-01-10,9.59000015258789,9.800000190734863,9.449999809265137,9.59000015258789,9.59000015258789,2786
2013-01-11,9.65999984741211,9.869999885559082,9.59000015258789,9.800000190734863,9.800000190734863,8800
2013-01-14,9.729999542236328,10.149999618530273,9.729999542236328,10.079999923706055,10.079999923706055,5571
2013-01-15,10.220000267028809,10.5,9.9399995803833,10.149999618530273,10.149999618530273,7371
2013-01-16,10.079999923706055,10.779999732971191,9.65999984741211,10.149999618530273,10.149999618530273,5529
2013-01-17,10.359999656677246,10.5,9.869999885559082,10.079999923706055,10.079999923706055,3186
2013-01-18,10.079999923706055,10.5,10.079999923706055,10.430000305175781,10.430000305175781,1386
2013-01-22,10.220000267028809,10.569999694824219,10.149999618530273,10.289999961853027,10.289999961853027,4386
2013-01-23,10.359999656677246,10.640000343322754,9.800000190734863,10.010000228881836,10.010000228881836,11343
2013-01-24,9.800000190734863,10.149999618530273,9.170000076293945,9.729999542236328,9.729999542236328,4757
2013-01-25,9.239999771118164,10.079999923706055,9.100000381469727,10.079999923706055,10.079999923706055,7329
2013-01-28,10.079999923706055,10.289999961853027,9.65999984741211,9.800000190734863,9.800000190734863,8186
2013-01-29,9.65999984741211,10.079999923706055,9.65999984741211,9.800000190734863,9.800000190734863,1600
2013-01-30,9.65999984741211,9.65999984741211,9.59000015258789,9.65999984741211,9.65999984741211,1657
2013-01-31,9.59000015258789,9.65999984741211,9.449999809265137,9.59000015258789,9.59000015258789,3143
2013-02-01,9.3100004196167,9.800000190734863,9.3100004196167,9.380000114440918,9.380000114440918,1757
2013-02-04,9.3100004196167,9.449999809265137,9.3100004196167,9.380000114440918,9.380000114440918,1214
2013-02-05,9.520000457763672,9.59000015258789,9.3100004196167,9.520000457763672,9.520000457763672,957
2013-02-06,9.239999771118164,9.3100004196167,9.100000381469727,9.239999771118164,9.239999771118164,786
2013-02-07,9.449999809265137,9.65999984741211,9.239999771118164,9.59000015258789,9.59000015258789,3071
2013-02-08,9.800000190734863,9.800000190734863,9.100000381469727,9.380000114440918,9.380000114440918,2229
2013-02-11,9.239999771118164,9.239999771118164,9.100000381469727,9.100000381469727,9.100000381469727,5671
2013-02-12,8.960000038146973,9.65999984741211,8.960000038146973,9.59000015258789,9.59000015258789,814
2013-02-13,9.65999984741211,9.800000190734863,9.449999809265137,9.520000457763672,9.520000457763672,3700
2013-02-14,9.59000015258789,9.9399995803833,9.520000457763672,9.65999984741211,9.65999984741211,1600
2013-02-15,9.729999542236328,9.800000190734863,9.449999809265137,9.729999542236328,9.729999542236328,2886
2013-02-19,9.9399995803833,9.9399995803833,9.65999984741211,9.65999984741211,9.65999984741211,757
2013-02-20,9.59000015258789,9.9399995803833,9.100000381469727,9.239999771118164,9.239999771118164,1571
2013-02-21,9.239999771118164,9.800000190734863,8.75,9.59000015258789,9.59000015258789,3957
2013-02-22,9.9399995803833,9.9399995803833,9.100000381469727,9.800000190734863,9.800000190734863,3557
2013-02-25,9.65999984741211,9.65999984741211,9.170000076293945,9.239999771118164,9.239999771118164,757
2013-02-26,9.380000114440918,9.380000114440918,9.100000381469727,9.239999771118164,9.239999771118164,3443
2013-02-27,9.239999771118164,9.729999542236328,9.100000381469727,9.239999771118164,9.239999771118164,2729
2013-02-28,9.170000076293945,9.3100004196167,9.100000381469727,9.170000076293945,9.170000076293945,300
2013-03-01,9.100000381469727,9.520000457763672,8.960000038146973,9.100000381469727,9.100000381469727,2914
2013-03-04,8.890000343322754,9.170000076293945,8.890000343322754,9.170000076293945,9.170000076293945,1443
2013-03-05,9.170000076293945,9.380000114440918,9.170000076293945,9.239999771118164,9.239999771118164,2014
2013-03-06,9.100000381469727,9.3100004196167,8.890000343322754,8.960000038146973,8.960000038146973,500
2013-03-07,8.75,9.100000381469727,8.75,8.890000343322754,8.890000343322754,2843
2013-03-08,8.75,9.3100004196167,8.75,9.100000381469727,9.100000381469727,1643
2013-03-11,9.029999732971191,9.59000015258789,9.029999732971191,9.449999809265137,9.449999809265137,3814
2013-03-12,9.380000114440918,9.59000015258789,8.890000343322754,9.520000457763672,9.520000457763672,2057
2013-03-13,9.3100004196167,9.449999809265137,8.890000343322754,9.029999732971191,9.029999732971191,1229
2013-03-14,8.890000343322754,9.3100004196167,8.890000343322754,9.100000381469727,9.100000381469727,2300
2013-03-15,9.100000381469727,9.170000076293945,8.890000343322754,9.170000076293945,9.170000076293945,1100
2013-03-18,9.170000076293945,9.170000076293945,9.170000076293945,9.170000076293945,9.170000076293945,0
2013-03-19,9.100000381469727,9.380000114440918,8.960000038146973,9.029999732971191,9.029999732971191,4371
2013-03-20,9.3100004196167,9.3100004196167,8.470000267028809,8.470000267028809,8.470000267028809,18457
2013-03-21,8.260000228881836,8.399999618530273,3.359999895095825,8.260000228881836,8.260000228881836,57757
2013-03-22,8.819999694824219,8.819999694824219,8.050000190734863,8.399999618530273,8.399999618530273,4400
2013-03-25,8.1899995803833,8.470000267028809,7.909999847412109,8.1899995803833,8.1899995803833,5900
2013-03-26,8.260000228881836,8.260000228881836,7.909999847412109,8.1899995803833,8.1899995803833,4871
2013-03-27,11.829999923706055,13.720000267028809,10.850000381469727,13.09000015258789,13.09000015258789,396257
2013-03-28,12.8100004196167,13.020000457763672,11.760000228881836,12.319999694824219,12.319999694824219,62357
2013-04-01,12.25,15.329999923706055,11.550000190734863,14.069999694824219,14.069999694824219,77329
2013-04-02,14.630000114440918,17.780000686645508,14.350000381469727,16.65999984741211,16.65999984741211,161357
2013-04-03,16.450000762939453,17.079999923706055,14.979999542236328,16.59000015258789,16.59000015258789,64614
2013-04-04,16.239999771118164,16.799999237060547,15.399999618530273,16.799999237060547,16.799999237060547,26943
2013-04-05,16.799999237060547,18.829999923706055,15.680000305175781,18.270000457763672,18.270000457763672,64286
2013-04-08,18.760000228881836,20.579999923706055,17.079999923706055,17.989999771118164,17.989999771118164,93557
2013-04-09,17.850000381469727,18.270000457763672,16.799999237060547,17.780000686645508,17.780000686645508,40114
2013-04-10,18.059999465942383,20.510000228881836,17.709999084472656,17.920000076293945,17.920000076293945,98400
2013-04-11,18.200000762939453,19.530000686645508,17.5,18.059999465942383,18.059999465942383,44629
2013-04-12,18.059999465942383,18.40999984741211,17.149999618530273,17.56999969482422,17.56999969482422,13600
2013-04-15,17.360000610351562,17.920000076293945,15.399999618530273,16.170000076293945,16.170000076293945,56300
2013-04-16,17.43000030517578,19.530000686645508,17.149999618530273,19.25,19.25,83129
2013-04-17,18.6200008392334,19.31999969482422,18.200000762939453,18.829999923706055,18.829999923706055,27443
2013-04-18,19.18000030517578,19.18000030517578,17.920000076293945,18.899999618530273,18.899999618530273,11514
2013-04-19,18.549999237060547,19.18000030517578,18.200000762939453,18.549999237060547,18.549999237060547,14629
2013-04-22,18.34000015258789,19.950000762939453,18.1299991607666,19.8799991607666,19.8799991607666,20657
2013-04-23,20.09000015258789,20.15999984741211,18.829999923706055,19.18000030517578,19.18000030517578,18643
2013-04-24,19.530000686645508,22.329999923706055,19.530000686645508,21.0,21.0,92571
2013-04-25,22.190000534057617,24.43000030517578,21.06999969482422,23.65999984741211,23.65999984741211,112814
2013-04-26,23.3799991607666,25.200000762939453,22.190000534057617,23.170000076293945,23.170000076293945,98814
2013-04-29,23.239999771118164,23.940000534057617,20.790000915527344,21.420000076293945,21.420000076293945,84886
2013-04-30,21.420000076293945,21.420000076293945,19.25,19.809999465942383,19.809999465942383,97129
2013-05-01,19.600000381469727,20.229999542236328,18.34000015258789,19.31999969482422,19.31999969482422,61271
2013-05-02,19.389999389648438,19.389999389648438,17.5,18.200000762939453,18.200000762939453,96729
2013-05-03,18.899999618530273,18.899999618530273,17.360000610351562,17.360000610351562,17.360000610351562,73571
2013-05-06,17.149999618530273,17.219999313354492,15.609999656677246,15.819999694824219,15.819999694824219,128943
2013-05-07,16.100000381469727,16.450000762939453,15.609999656677246,15.819999694824219,15.819999694824219,58000
2013-05-08,15.75,17.290000915527344,15.609999656677246,16.940000534057617,16.940000534057617,49643
2013-05-09,17.5,18.200000762939453,16.170000076293945,16.239999771118164,16.239999771118164,79286
2013-05-10,16.239999771118164,17.079999923706055,15.75,15.890000343322754,15.890000343322754,39200
2013-05-13,16.100000381469727,16.799999237060547,15.75,15.819999694824219,15.819999694824219,44014
2013-05-14,16.170000076293945,18.200000762939453,15.819999694824219,17.56999969482422,17.56999969482422,120029
2013-05-15,23.520000457763672,25.549999237060547,21.6299991607666,22.959999084472656,22.959999084472656,456500
2013-05-16,24.5,24.709999084472656,21.84000015258789,23.3799991607666,23.3799991607666,107629
2013-05-17,24.149999618530273,24.149999618530273,21.06999969482422,21.84000015258789,21.84000015258789,75186
2013-05-20,22.1200008392334,22.68000030517578,19.600000381469727,19.950000762939453,19.950000762939453,90271
2013-05-21,20.15999984741211,21.979999542236328,19.31999969482422,21.209999084472656,21.209999084472656,56814
2013-05-22,21.420000076293945,22.959999084472656,19.389999389648438,19.600000381469727,19.600000381469727,112257
2013-05-23,19.389999389648438,20.649999618530273,18.690000534057617,19.809999465942383,19.809999465942383,35386
2013-05-24,19.739999771118164,20.510000228881836,18.899999618530273,19.25,19.25,27257
2013-05-28,20.15999984741211,21.700000762939453,19.600000381469727,19.8799991607666,19.8799991607666,59714
2013-05-29,20.15999984741211,20.649999618530273,18.760000228881836,19.950000762939453,19.950000762939453,41514
2013-05-30,20.020000457763672,20.020000457763672,19.110000610351562,19.389999389648438,19.389999389648438,28600
2013-05-31,19.110000610351562,19.18000030517578,18.059999465942383,18.270000457763672,18.270000457763672,53271
2013-06-03,18.40999984741211,18.40999984741211,17.219999313354492,17.56999969482422,17.56999969482422,37357
2013-06-04,17.709999084472656,18.40999984741211,17.5,17.709999084472656,17.709999084472656,17257
2013-06-05,17.56999969482422,17.780000686645508,17.219999313354492,17.43000030517578,17.43000030517578,14029
2013-06-06,17.639999389648438,18.690000534057617,17.010000228881836,18.40999984741211,18.40999984741211,27714
2013-06-07,18.969999313354492,19.110000610351562,18.34000015258789,18.549999237060547,18.549999237060547,15857
2013-06-10,18.479999542236328,18.690000534057617,17.5,18.6200008392334,18.6200008392334,17471
2013-06-11,18.200000762939453,18.6200008392334,17.989999771118164,18.059999465942383,18.059999465942383,9929
2013-06-12,18.059999465942383,18.34000015258789,17.010000228881836,17.219999313354492,17.219999313354492,20457
2013-06-13,17.010000228881836,19.18000030517578,16.520000457763672,18.969999313354492,18.969999313354492,62186
2013-06-14,18.969999313354492,20.649999618530273,18.479999542236328,20.09000015258789,20.09000015258789,63043
2013-06-17,20.440000534057617,20.719999313354492,19.110000610351562,19.459999084472656,19.459999084472656,32714
2013-06-18,19.809999465942383,19.8799991607666,18.899999618530273,18.969999313354492,18.969999313354492,16171
2013-06-19,18.969999313354492,19.950000762939453,18.270000457763672,19.31999969482422,19.31999969482422,32929
2013-06-20,19.25,19.600000381469727,17.989999771118164,18.690000534057617,18.690000534057617,32429
2013-06-21,19.040000915527344,19.31999969482422,17.290000915527344,19.110000610351562,19.110000610351562,41286
2013-06-24,19.25,19.25,17.5,18.270000457763672,18.270000457763672,25714
2013-06-25,18.969999313354492,19.25,18.270000457763672,19.18000030517578,19.18000030517578,22229
2013-06-26,19.18000030517578,20.649999618530273,18.760000228881836,20.649999618530273,20.649999618530273,58900
2013-06-27,21.0,21.350000381469727,19.25,19.600000381469727,19.600000381469727,49157
2013-06-28,19.600000381469727,20.229999542236328,18.829999923706055,19.389999389648438,19.389999389648438,27257
2013-07-01,19.31999969482422,19.459999084472656,18.829999923706055,19.110000610351562,19.110000610351562,25929
2013-07-02,19.110000610351562,19.389999389648438,18.760000228881836,19.25,19.25,8400
2013-07-03,19.670000076293945,19.670000076293945,18.899999618530273,18.969999313354492,18.969999313354492,6414
2013-07-05,18.969999313354492,19.110000610351562,18.200000762939453,18.270000457763672,18.270000457763672,15329
2013-07-08,18.549999237060547,19.040000915527344,18.34000015258789,18.40999984741211,18.40999984741211,7457
2013-07-09,18.40999984741211,20.15999984741211,17.920000076293945,19.389999389648438,19.389999389648438,42171
2013-07-10,19.25,19.809999465942383,18.549999237060547,19.530000686645508,19.530000686645508,12129
2013-07-11,19.950000762939453,20.440000534057617,19.809999465942383,20.020000457763672,20.020000457763672,32100
2013-07-12,20.09000015258789,20.229999542236328,19.530000686645508,20.020000457763672,20.020000457763672,12700
2013-07-15,19.950000762939453,19.950000762939453,19.110000610351562,19.25,19.25,13171
2013-07-16,19.25,19.600000381469727,18.200000762939453,18.6200008392334,18.6200008392334,34386
2013-07-17,18.6200008392334,19.18000030517578,18.34000015258789,18.899999618530273,18.899999618530273,16943
2013-07-18,19.25,19.809999465942383,18.829999923706055,19.31999969482422,19.31999969482422,17814
2013-07-19,19.18000030517578,19.459999084472656,19.040000915527344,19.31999969482422,19.31999969482422,4700
2013-07-22,19.459999084472656,19.530000686645508,18.549999237060547,19.18000030517578,19.18000030517578,7629
2013-07-23,19.110000610351562,19.809999465942383,18.6200008392334,19.809999465942383,19.809999465942383,13043
2013-07-24,19.8799991607666,20.020000457763672,19.25,19.739999771118164,19.739999771118164,12171
2013-07-25,19.8799991607666,19.8799991607666,19.25,19.459999084472656,19.459999084472656,13171
2013-07-26,19.670000076293945,19.670000076293945,18.760000228881836,19.25,19.25,10600
2013-07-29,19.25,19.459999084472656,18.690000534057617,18.899999618530273,18.899999618530273,8543
2013-07-30,18.899999618530273,19.18000030517578,18.059999465942383,18.059999465942383,18.059999465942383,17829
2013-07-31,18.059999465942383,18.829999923706055,17.56999969482422,18.40999984741211,18.40999984741211,24714
2013-08-01,18.479999542236328,19.040000915527344,17.639999389648438,17.920000076293945,17.920000076293945,22829
2013-08-02,18.059999465942383,18.34000015258789,17.639999389648438,18.1299991607666,18.1299991607666,5371
2013-08-05,17.920000076293945,18.6200008392334,17.780000686645508,18.059999465942383,18.059999465942383,10600
2013-08-06,17.989999771118164,18.200000762939453,17.56999969482422,18.059999465942383,18.059999465942383,10900
2013-08-07,18.200000762939453,18.829999923706055,17.850000381469727,18.40999984741211,18.40999984741211,10486
2013-08-08,18.690000534057617,19.18000030517578,18.059999465942383,19.110000610351562,19.110000610351562,9386
2013-08-09,19.18000030517578,19.530000686645508,18.829999923706055,19.31999969482422,19.31999969482422,17529
2013-08-12,19.389999389648438,19.530000686645508,18.690000534057617,19.530000686645508,19.530000686645508,9429
2013-08-13,17.639999389648438,17.850000381469727,15.609999656677246,16.030000686645508,16.030000686645508,116686
2013-08-14,16.309999465942383,16.65999984741211,14.350000381469727,14.84000015258789,14.84000015258789,84729
2013-08-15,14.699999809265137,15.609999656677246,14.069999694824219,14.699999809265137,14.699999809265137,47443
2013-08-16,14.84000015258789,14.979999542236328,14.350000381469727,14.350000381469727,14.350000381469727,21600
2013-08-19,14.210000038146973,15.260000228881836,14.210000038146973,14.630000114440918,14.630000114440918,11486
2013-08-20,14.630000114440918,15.399999618530273,14.630000114440918,15.329999923706055,15.329999923706055,11014
2013-08-21,15.119999885559082,15.399999618530273,15.050000190734863,15.1899995803833,15.1899995803833,6643
2013-08-22,15.329999923706055,15.399999618530273,14.770000457763672,14.84000015258789,14.84000015258789,9400
2013-08-23,14.979999542236328,15.119999885559082,14.420000076293945,14.630000114440918,14.630000114440918,12100
2013-08-26,14.5600004196167,15.329999923706055,14.5600004196167,14.699999809265137,14.699999809265137,26086
2013-08-27,14.699999809265137,14.90999984741211,14.350000381469727,14.350000381469727,14.350000381469727,32457
2013-08-28,14.489999771118164,14.630000114440918,14.489999771118164,14.630000114440918,14.630000114440918,13700
2013-08-29,14.5600004196167,14.770000457763672,14.489999771118164,14.770000457763672,14.770000457763672,7557
2013-08-30,14.770000457763672,14.770000457763672,14.489999771118164,14.489999771118164,14.489999771118164,1914
2013-09-03,14.489999771118164,14.770000457763672,14.489999771118164,14.489999771118164,14.489999771118164,7143
2013-09-04,14.489999771118164,14.5600004196167,13.300000190734863,13.510000228881836,13.510000228881836,47700
2013-09-05,13.649999618530273,13.649999618530273,12.319999694824219,12.8100004196167,12.8100004196167,60157
2013-09-06,12.8100004196167,12.8100004196167,12.390000343322754,12.8100004196167,12.8100004196167,20671
2013-09-09,12.739999771118164,13.510000228881836,12.739999771118164,13.510000228881836,13.510000228881836,11457
2013-09-10,13.720000267028809,13.720000267028809,13.369999885559082,13.579999923706055,13.579999923706055,12100
2013-09-11,13.720000267028809,13.789999961853027,13.15999984741211,13.720000267028809,13.720000267028809,9329
2013-09-12,13.510000228881836,13.789999961853027,13.229999542236328,13.4399995803833,13.4399995803833,4314
2013-09-13,13.579999923706055,13.720000267028809,13.15999984741211,13.649999618530273,13.649999618530273,6900
2013-09-16,13.789999961853027,14.279999732971191,13.369999885559082,13.4399995803833,13.4399995803833,4057
2013-09-17,13.649999618530273,13.649999618530273,13.229999542236328,13.510000228881836,13.510000228881836,4129
2013-09-18,13.369999885559082,13.579999923706055,12.8100004196167,13.229999542236328,13.229999542236328,13500
2013-09-19,13.09000015258789,13.930000305175781,13.020000457763672,13.369999885559082,13.369999885559082,4829
2013-09-20,13.369999885559082,13.510000228881836,13.09000015258789,13.4399995803833,13.4399995803833,5829
2013-09-23,13.4399995803833,13.649999618530273,13.09000015258789,13.300000190734863,13.300000190734863,1900
2013-09-24,13.09000015258789,13.09000015258789,12.180000305175781,12.739999771118164,12.739999771118164,11086
2013-09-25,12.600000381469727,12.600000381469727,12.180000305175781,12.460000038146973,12.460000038146973,13386
2013-09-26,12.670000076293945,13.09000015258789,12.529999732971191,12.670000076293945,12.670000076293945,2643
2013-09-27,12.600000381469727,12.739999771118164,12.460000038146973,12.460000038146973,12.460000038146973,6571
2013-09-30,12.390000343322754,12.670000076293945,12.319999694824219,12.670000076293945,12.670000076293945,1700
2013-10-01,12.529999732971191,12.949999809265137,12.25,12.670000076293945,12.670000076293945,4886
2013-10-02,12.460000038146973,12.8100004196167,12.319999694824219,12.8100004196167,12.8100004196167,3157
2013-10-03,12.600000381469727,13.15999984741211,12.600000381469727,12.880000114440918,12.880000114440918,4443
2013-10-04,12.8100004196167,12.8100004196167,12.739999771118164,12.739999771118164,12.739999771118164,2100
2013-10-07,13.020000457763672,13.020000457763672,12.600000381469727,12.600000381469727,12.600000381469727,2857
2013-10-08,12.600000381469727,12.739999771118164,12.319999694824219,12.319999694824219,12.319999694824219,5757
2013-10-09,12.460000038146973,12.600000381469727,11.899999618530273,11.899999618530273,11.899999618530273,7243
2013-10-10,12.039999961853027,12.600000381469727,12.039999961853027,12.25,12.25,5957
2013-10-11,12.25,12.600000381469727,12.25,12.600000381469727,12.600000381469727,7686
2013-10-14,12.600000381469727,12.600000381469727,12.319999694824219,12.390000343322754,12.390000343322754,3171
2013-10-15,12.319999694824219,12.670000076293945,12.319999694824219,12.460000038146973,12.460000038146973,6043
2013-10-16,12.600000381469727,12.880000114440918,12.390000343322754,12.8100004196167,12.8100004196167,12571
2013-10-17,12.880000114440918,13.930000305175781,12.460000038146973,13.859999656677246,13.859999656677246,20957
2013-10-18,13.930000305175781,14.90999984741211,13.4399995803833,14.699999809265137,14.699999809265137,26300
2013-10-21,14.420000076293945,14.84000015258789,13.579999923706055,13.720000267028809,13.720000267028809,6486
2013-10-22,15.1899995803833,15.1899995803833,14.0,14.699999809265137,14.699999809265137,10700
2013-10-23,14.90999984741211,14.90999984741211,13.649999618530273,14.210000038146973,14.210000038146973,4657
2013-10-24,15.050000190734863,15.050000190734863,14.069999694824219,14.279999732971191,14.279999732971191,16129
2013-10-25,14.770000457763672,14.84000015258789,14.420000076293945,14.630000114440918,14.630000114440918,9014
2013-10-28,14.489999771118164,14.699999809265137,14.420000076293945,14.5600004196167,14.5600004196167,5114
2013-10-29,14.5600004196167,14.630000114440918,14.420000076293945,14.420000076293945,14.420000076293945,3371
2013-10-30,14.420000076293945,14.630000114440918,14.420000076293945,14.5600004196167,14.5600004196167,1343
2013-10-31,14.350000381469727,14.5600004196167,14.350000381469727,14.350000381469727,14.350000381469727,5000
2013-11-01,14.420000076293945,14.5600004196167,14.350000381469727,14.5600004196167,14.5600004196167,3200
2013-11-04,15.260000228881836,15.680000305175781,14.699999809265137,14.90999984741211,14.90999984741211,6371
2013-11-05,14.90999984741211,14.979999542236328,14.699999809265137,14.699999809265137,14.699999809265137,2971
2013-11-06,14.90999984741211,14.90999984741211,14.5600004196167,14.770000457763672,14.770000457763672,7929
2013-11-07,14.699999809265137,14.90999984741211,14.5600004196167,14.699999809265137,14.699999809265137,5814
2013-11-08,14.699999809265137,14.699999809265137,13.859999656677246,14.279999732971191,14.279999732971191,8114
2013-11-11,14.420000076293945,14.420000076293945,13.859999656677246,14.350000381469727,14.350000381469727,786
2013-11-12,14.420000076293945,14.699999809265137,14.210000038146973,14.420000076293945,14.420000076293945,3600
2013-11-13,14.5600004196167,14.699999809265137,13.649999618530273,13.859999656677246,13.859999656677246,8971
2013-11-14,13.789999961853027,13.859999656677246,13.15999984741211,13.789999961853027,13.789999961853027,8371
2013-11-15,14.0,14.350000381469727,13.789999961853027,14.0,14.0,5429
2013-11-18,14.0,14.0,13.720000267028809,13.859999656677246,13.859999656677246,4586
2013-11-19,14.0,14.0,13.579999923706055,13.720000267028809,13.720000267028809,7314
2013-11-20,13.579999923706055,13.789999961853027,13.229999542236328,13.510000228881836,13.510000228881836,2900
2013-11-21,13.300000190734863,13.859999656677246,13.15999984741211,13.720000267028809,13.720000267028809,4114
2013-11-22,13.510000228881836,13.720000267028809,13.300000190734863,13.510000228881836,13.510000228881836,2757
2013-11-25,13.369999885559082,14.0,13.369999885559082,13.649999618530273,13.649999618530273,3957
2013-11-26,13.579999923706055,13.930000305175781,13.579999923706055,13.859999656677246,13.859999656677246,4443
2013-11-27,13.720000267028809,13.930000305175781,13.369999885559082,13.4399995803833,13.4399995803833,3714
2013-11-29,13.4399995803833,13.789999961853027,13.369999885559082,13.789999961853027,13.789999961853027,714
2013-12-02,13.649999618530273,13.930000305175781,13.4399995803833,13.4399995803833,13.4399995803833,1057
2013-12-03,13.369999885559082,13.369999885559082,12.8100004196167,13.020000457763672,13.020000457763672,3814
2013-12-04,12.8100004196167,12.949999809265137,12.600000381469727,12.949999809265137,12.949999809265137,8900
2013-12-05,12.880000114440918,13.020000457763672,12.670000076293945,12.880000114440918,12.880000114440918,2000
2013-12-06,12.880000114440918,13.649999618530273,12.739999771118164,13.09000015258789,13.09000015258789,5857
2013-12-09,13.09000015258789,13.09000015258789,12.600000381469727,12.739999771118164,12.739999771118164,6500
2013-12-10,12.739999771118164,12.880000114440918,12.390000343322754,12.460000038146973,12.460000038146973,5357
2013-12-11,12.600000381469727,12.8100004196167,11.970000267028809,11.970000267028809,11.970000267028809,5729
2013-12-12,12.180000305175781,12.460000038146973,11.550000190734863,12.039999961853027,12.039999961853027,11029
2013-12-13,11.760000228881836,12.460000038146973,11.34000015258789,12.390000343322754,12.390000343322754,35543
2013-12-16,12.319999694824219,12.319999694824219,11.34000015258789,11.899999618530273,11.899999618530273,24971
2013-12-17,12.109999656677246,12.390000343322754,11.899999618530273,12.25,12.25,11586
2013-12-18,12.25,13.300000190734863,11.829999923706055,12.8100004196167,12.8100004196167,17786
2013-12-19,12.880000114440918,13.369999885559082,12.319999694824219,12.670000076293945,12.670000076293945,5514
2013-12-20,11.899999618530273,12.460000038146973,11.899999618530273,12.390000343322754,12.390000343322754,4614
2013-12-23,12.390000343322754,13.15999984741211,12.109999656677246,12.880000114440918,12.880000114440918,18514
2013-12-24,13.229999542236328,14.489999771118164,13.15999984741211,14.140000343322754,14.140000343322754,33643
2013-12-26,13.859999656677246,14.979999542236328,13.859999656677246,14.5600004196167,14.5600004196167,27900
2013-12-27,14.979999542236328,15.399999618530273,14.0,14.210000038146973,14.210000038146973,20686
2013-12-30,14.630000114440918,15.050000190734863,12.880000114440918,13.649999618530273,13.649999618530273,51214
2013-12-31,13.4399995803833,14.0,13.369999885559082,14.0,14.0,24829
2014-01-02,13.789999961853027,14.279999732971191,13.649999618530273,13.859999656677246,13.859999656677246,8614
2014-01-03,14.0,14.630000114440918,13.859999656677246,14.210000038146973,14.210000038146973,10314
2014-01-06,13.930000305175781,14.279999732971191,13.789999961853027,14.069999694824219,14.069999694824219,4200
2014-01-07,13.930000305175781,14.0,13.09000015258789,13.09000015258789,13.09000015258789,18100
2014-01-08,13.09000015258789,13.720000267028809,12.880000114440918,13.229999542236328,13.229999542236328,16143
2014-01-09,13.229999542236328,14.279999732971191,12.739999771118164,13.020000457763672,13.020000457763672,7314
2014-01-10,13.09000015258789,13.720000267028809,12.739999771118164,13.649999618530273,13.649999618530273,10714
2014-01-13,13.510000228881836,13.579999923706055,13.020000457763672,13.020000457763672,13.020000457763672,5057
2014-01-14,13.09000015258789,13.369999885559082,13.020000457763672,13.369999885559082,13.369999885559082,4443
2014-01-15,13.4399995803833,13.930000305175781,13.4399995803833,13.510000228881836,13.510000228881836,3614
2014-01-16,13.4399995803833,13.4399995803833,12.600000381469727,12.880000114440918,12.880000114440918,15043
2014-01-17,13.020000457763672,13.4399995803833,12.390000343322754,12.529999732971191,12.529999732971191,21171
2014-01-21,12.600000381469727,13.649999618530273,12.319999694824219,12.600000381469727,12.600000381469727,9129
2014-01-22,12.529999732971191,13.720000267028809,12.319999694824219,13.720000267028809,13.720000267028809,56986
2014-01-23,13.579999923706055,14.210000038146973,12.880000114440918,13.4399995803833,13.4399995803833,42600
2014-01-24,13.369999885559082,13.369999885559082,12.529999732971191,12.880000114440918,12.880000114440918,8914
2014-01-27,12.739999771118164,12.949999809265137,12.319999694824219,12.460000038146973,12.460000038146973,9571
2014-01-28,12.670000076293945,13.369999885559082,12.670000076293945,12.8100004196167,12.8100004196167,10371
2014-01-29,12.460000038146973,12.880000114440918,12.460000038146973,12.600000381469727,12.600000381469727,6486
2014-01-30,12.670000076293945,13.720000267028809,12.460000038146973,13.15999984741211,13.15999984741211,30143
2014-01-31,12.8100004196167,13.369999885559082,12.8100004196167,13.15999984741211,13.15999984741211,5843
2014-02-03,12.949999809265137,13.649999618530273,12.390000343322754,12.600000381469727,12.600000381469727,13086
2014-02-04,12.390000343322754,12.600000381469727,12.25,12.529999732971191,12.529999732971191,6871
2014-02-05,12.600000381469727,12.880000114440918,12.25,12.390000343322754,12.390000343322754,11471
2014-02-06,12.460000038146973,13.229999542236328,12.319999694824219,12.460000038146973,12.460000038146973,7343
2014-02-07,15.050000190734863,15.680000305175781,13.510000228881836,13.789999961853027,13.789999961853027,256829
2014-02-10,13.369999885559082,13.859999656677246,12.949999809265137,13.720000267028809,13.720000267028809,32729
2014-02-11,14.0,14.0,13.15999984741211,13.510000228881836,13.510000228881836,13643
2014-02-12,13.369999885559082,13.510000228881836,12.600000381469727,12.739999771118164,12.739999771118164,26857
2014-02-13,12.600000381469727,13.300000190734863,12.529999732971191,13.020000457763672,13.020000457763672,15171
2014-02-14,12.739999771118164,13.369999885559082,12.529999732971191,12.880000114440918,12.880000114440918,8000
2014-02-18,12.8100004196167,12.880000114440918,12.390000343322754,12.739999771118164,12.739999771118164,15114
2014-02-19,12.600000381469727,13.09000015258789,12.109999656677246,12.319999694824219,12.319999694824219,15086
2014-02-20,12.319999694824219,12.949999809265137,12.180000305175781,12.460000038146973,12.460000038146973,25529
2014-02-21,12.600000381469727,12.8100004196167,12.109999656677246,12.390000343322754,12.390000343322754,12414
2014-02-24,12.25,12.529999732971191,12.039999961853027,12.390000343322754,12.390000343322754,19729
2014-02-25,12.180000305175781,12.600000381469727,12.109999656677246,12.25,12.25,10700
2014-02-26,12.460000038146973,13.229999542236328,12.039999961853027,12.600000381469727,12.600000381469727,33257
2014-02-27,12.670000076293945,13.020000457763672,12.319999694824219,12.460000038146973,12.460000038146973,14957
2014-02-28,12.319999694824219,12.8100004196167,12.109999656677246,12.319999694824219,12.319999694824219,20686
2014-03-03,12.25,12.8100004196167,12.25,12.670000076293945,12.670000076293945,8000
2014-03-04,12.739999771118164,12.8100004196167,12.460000038146973,12.529999732971191,12.529999732971191,4586
2014-03-05,12.670000076293945,12.739999771118164,12.529999732971191,12.670000076293945,12.670000076293945,3371
2014-03-06,12.670000076293945,12.739999771118164,12.529999732971191,12.529999732971191,12.529999732971191,9571
2014-03-07,12.600000381469727,12.739999771118164,12.529999732971191,12.600000381469727,12.600000381469727,9771
2014-03-10,12.600000381469727,12.670000076293945,12.460000038146973,12.460000038146973,12.460000038146973,9643
2014-03-11,12.460000038146973,12.670000076293945,12.390000343322754,12.529999732971191,12.529999732971191,13171
2014-03-12,12.180000305175781,12.529999732971191,12.109999656677246,12.390000343322754,12.390000343322754,7029
2014-03-13,12.390000343322754,12.529999732971191,12.180000305175781,12.25,12.25,10071
2014-03-14,12.109999656677246,12.319999694824219,12.109999656677246,12.319999694824219,12.319999694824219,8486
2014-03-17,12.529999732971191,12.600000381469727,12.25,12.319999694824219,12.319999694824219,9100
2014-03-18,12.390000343322754,12.460000038146973,12.180000305175781,12.319999694824219,12.319999694824219,13271
2014-03-19,12.390000343322754,12.600000381469727,12.319999694824219,12.390000343322754,12.390000343322754,1700
2014-03-20,12.25,13.229999542236328,12.180000305175781,12.949999809265137,12.949999809265137,86114
2014-03-21,13.15999984741211,13.300000190734863,12.670000076293945,12.739999771118164,12.739999771118164,18429
2014-03-24,12.949999809265137,12.949999809265137,12.180000305175781,12.600000381469727,12.600000381469727,18286
2014-03-25,12.600000381469727,13.369999885559082,12.319999694824219,12.600000381469727,12.600000381469727,36400
2014-03-26,12.670000076293945,12.670000076293945,12.319999694824219,12.460000038146973,12.460000038146973,14171
2014-03-27,12.600000381469727,12.600000381469727,12.109999656677246,12.529999732971191,12.529999732971191,18300
2014-03-28,12.880000114440918,13.300000190734863,11.899999618530273,12.039999961853027,12.039999961853027,42371
2014-03-31,12.039999961853027,12.039999961853027,10.850000381469727,11.270000457763672,11.270000457763672,92057
2014-04-01,11.0600004196167,11.0600004196167,10.569999694824219,10.569999694824219,10.569999694824219,37886
2014-04-02,10.779999732971191,11.199999809265137,10.569999694824219,11.130000114440918,11.130000114440918,19343
2014-04-03,11.0600004196167,11.34000015258789,10.710000038146973,10.850000381469727,10.850000381469727,17871
2014-04-04,10.850000381469727,11.130000114440918,10.569999694824219,10.710000038146973,10.710000038146973,22114
2014-04-07,10.989999771118164,10.989999771118164,10.640000343322754,10.779999732971191,10.779999732971191,8971
2014-04-08,10.5,10.5,10.289999961853027,10.430000305175781,10.430000305175781,23329
2014-04-09,10.220000267028809,10.5,10.220000267028809,10.5,10.5,15900
2014-04-10,10.289999961853027,10.430000305175781,9.65999984741211,9.729999542236328,9.729999542236328,19557
2014-04-11,9.729999542236328,10.359999656677246,9.449999809265137,9.59000015258789,9.59000015258789,15186
2014-04-14,9.869999885559082,10.430000305175781,9.729999542236328,9.869999885559082,9.869999885559082,11229
2014-04-15,10.079999923706055,10.079999923706055,9.100000381469727,9.59000015258789,9.59000015258789,7029
2014-04-16,9.729999542236328,9.869999885559082,9.59000015258789,9.869999885559082,9.869999885559082,5329
2014-04-17,10.010000228881836,10.359999656677246,9.59000015258789,9.869999885559082,9.869999885559082,3671
2014-04-21,9.9399995803833,10.149999618530273,9.65999984741211,9.9399995803833,9.9399995803833,4043
2014-04-22,9.800000190734863,9.800000190734863,9.59000015258789,9.729999542236328,9.729999542236328,3714
2014-04-23,9.729999542236328,9.9399995803833,9.65999984741211,9.9399995803833,9.9399995803833,5657
2014-04-24,9.869999885559082,10.079999923706055,9.869999885559082,10.079999923706055,10.079999923706055,4786
2014-04-25,10.149999618530273,10.220000267028809,10.010000228881836,10.079999923706055,10.079999923706055,4343
2014-04-28,10.079999923706055,10.220000267028809,9.65999984741211,9.729999542236328,9.729999542236328,4686
2014-04-29,9.729999542236328,10.079999923706055,9.59000015258789,9.59000015258789,9.59000015258789,3114
2014-04-30,9.59000015258789,9.729999542236328,9.59000015258789,9.65999984741211,9.65999984741211,686
2014-05-01,9.59000015258789,9.800000190734863,9.59000015258789,9.729999542236328,9.729999542236328,1743
2014-05-02,9.59000015258789,9.800000190734863,9.449999809265137,9.729999542236328,9.729999542236328,2314
2014-05-05,9.65999984741211,9.729999542236328,9.520000457763672,9.59000015258789,9.59000015258789,1800
2014-05-06,9.729999542236328,9.800000190734863,9.520000457763672,9.59000015258789,9.59000015258789,757
2014-05-07,9.729999542236328,9.729999542236328,9.59000015258789,9.65999984741211,9.65999984741211,1114
2014-05-08,9.449999809265137,9.449999809265137,9.100000381469727,9.100000381469727,9.100000381469727,9014
2014-05-09,8.960000038146973,9.029999732971191,8.75,8.890000343322754,8.890000343322754,13471
2014-05-12,8.890000343322754,10.079999923706055,8.75,9.869999885559082,9.869999885559082,13157
2014-05-13,9.239999771118164,10.079999923706055,9.170000076293945,10.010000228881836,10.010000228881836,8043
2014-05-14,10.010000228881836,10.010000228881836,9.65999984741211,9.800000190734863,9.800000190734863,5371
2014-05-15,9.59000015258789,9.869999885559082,9.380000114440918,9.449999809265137,9.449999809265137,4914
2014-05-16,9.449999809265137,9.449999809265137,8.75,9.100000381469727,9.100000381469727,5257
2014-05-19,8.890000343322754,9.100000381469727,8.890000343322754,9.029999732971191,9.029999732971191,1243
2014-05-20,8.960000038146973,9.380000114440918,8.890000343322754,8.890000343322754,8.890000343322754,4186
2014-05-21,9.029999732971191,9.449999809265137,8.890000343322754,9.170000076293945,9.170000076293945,2300
2014-05-22,9.449999809265137,10.289999961853027,9.239999771118164,9.520000457763672,9.520000457763672,6071
2014-05-23,9.800000190734863,10.079999923706055,9.3100004196167,9.9399995803833,9.9399995803833,4114
2014-05-27,9.59000015258789,9.59000015258789,8.819999694824219,9.029999732971191,9.029999732971191,17414
2014-05-28,9.170000076293945,9.449999809265137,8.819999694824219,9.3100004196167,9.3100004196167,6943
2014-05-29,9.100000381469727,9.380000114440918,8.890000343322754,9.100000381469727,9.100000381469727,4014
2014-05-30,9.3100004196167,9.380000114440918,8.75,9.239999771118164,9.239999771118164,14757
2014-06-02,9.170000076293945,9.380000114440918,9.170000076293945,9.239999771118164,9.239999771118164,1200
2014-06-03,8.960000038146973,9.239999771118164,8.819999694824219,9.170000076293945,9.170000076293945,3157
2014-06-04,8.960000038146973,9.380000114440918,8.819999694824219,8.960000038146973,8.960000038146973,4286
2014-06-05,9.100000381469727,9.100000381469727,8.890000343322754,8.960000038146973,8.960000038146973,2286
2014-06-06,8.819999694824219,9.100000381469727,8.819999694824219,9.029999732971191,9.029999732971191,6886
2014-06-09,8.960000038146973,9.100000381469727,8.75,9.029999732971191,9.029999732971191,3771
2014-06-10,9.029999732971191,9.100000381469727,9.029999732971191,9.100000381469727,9.100000381469727,771
2014-06-11,9.029999732971191,9.100000381469727,8.75,8.890000343322754,8.890000343322754,3943
2014-06-12,8.819999694824219,9.3100004196167,8.819999694824219,9.029999732971191,9.029999732971191,7314
2014-06-13,9.029999732971191,9.239999771118164,8.75,9.100000381469727,9.100000381469727,3229
2014-06-16,8.960000038146973,9.100000381469727,8.680000305175781,8.75,8.75,8543
2014-06-17,8.680000305175781,8.75,8.399999618530273,8.680000305175781,8.680000305175781,5157
2014-06-18,8.539999961853027,8.75,8.539999961853027,8.680000305175781,8.680000305175781,3200
2014-06-19,8.680000305175781,8.680000305175781,8.050000190734863,8.470000267028809,8.470000267028809,13771
2014-06-20,8.539999961853027,8.539999961853027,8.050000190734863,8.050000190734863,8.050000190734863,16157
2014-06-23,8.119999885559082,8.329999923706055,7.980000019073486,8.260000228881836,8.260000228881836,14100
2014-06-24,8.260000228881836,8.329999923706055,8.119999885559082,8.260000228881836,8.260000228881836,6914
2014-06-25,8.119999885559082,8.329999923706055,8.119999885559082,8.260000228881836,8.260000228881836,1243
2014-06-26,8.119999885559082,9.100000381469727,8.119999885559082,8.819999694824219,8.819999694824219,23486
2014-06-27,8.819999694824219,9.380000114440918,8.050000190734863,8.119999885559082,8.119999885559082,25786
2014-06-30,8.329999923706055,8.539999961853027,8.119999885559082,8.329999923706055,8.329999923706055,9657
2014-07-01,8.399999618530273,8.75,8.050000190734863,8.609999656677246,8.609999656677246,5857
2014-07-02,8.75,8.960000038146973,8.470000267028809,8.539999961853027,8.539999961853027,2500
2014-07-03,8.819999694824219,9.029999732971191,8.75,8.960000038146973,8.960000038146973,7914
2014-07-07,9.100000381469727,9.100000381469727,8.399999618530273,8.609999656677246,8.609999656677246,7629
2014-07-08,8.609999656677246,8.75,8.399999618530273,8.470000267028809,8.470000267028809,929
2014-07-09,8.399999618530273,8.399999618530273,8.260000228881836,8.329999923706055,8.329999923706055,4843
2014-07-10,8.1899995803833,8.399999618530273,8.119999885559082,8.1899995803833,8.1899995803833,2986
2014-07-11,8.119999885559082,8.260000228881836,7.909999847412109,8.119999885559082,8.119999885559082,5571
2014-07-14,8.050000190734863,8.050000190734863,7.840000152587891,7.909999847412109,7.909999847412109,4029
2014-07-15,7.840000152587891,8.119999885559082,7.840000152587891,7.909999847412109,7.909999847412109,5414
2014-07-16,7.840000152587891,8.470000267028809,7.769999980926514,7.980000019073486,7.980000019073486,13271
2014-07-17,7.980000019073486,8.329999923706055,7.769999980926514,7.840000152587891,7.840000152587891,10014
2014-07-18,7.840000152587891,8.050000190734863,7.769999980926514,7.909999847412109,7.909999847412109,4071
2014-07-21,7.699999809265137,8.050000190734863,7.699999809265137,7.699999809265137,7.699999809265137,3586
2014-07-22,7.840000152587891,8.329999923706055,7.769999980926514,7.980000019073486,7.980000019073486,9971
2014-07-23,7.980000019073486,8.470000267028809,7.909999847412109,8.050000190734863,8.050000190734863,20329
2014-07-24,8.119999885559082,8.75,8.119999885559082,8.260000228881836,8.260000228881836,6457
2014-07-25,8.119999885559082,8.1899995803833,7.909999847412109,8.050000190734863,8.050000190734863,1671
2014-07-28,7.980000019073486,8.1899995803833,7.909999847412109,7.980000019073486,7.980000019073486,2286
2014-07-29,7.909999847412109,8.119999885559082,7.909999847412109,7.980000019073486,7.980000019073486,5886
2014-07-30,7.980000019073486,8.1899995803833,7.909999847412109,8.1899995803833,8.1899995803833,557
2014-07-31,7.909999847412109,8.1899995803833,7.909999847412109,8.119999885559082,8.119999885559082,400
2014-08-01,7.980000019073486,8.1899995803833,7.769999980926514,8.050000190734863,8.050000190734863,2857
2014-08-04,8.119999885559082,8.260000228881836,7.699999809265137,8.260000228881836,8.260000228881836,1057
2014-08-05,8.260000228881836,8.609999656677246,8.260000228881836,8.470000267028809,8.470000267028809,13400
2014-08-06,8.260000228881836,8.609999656677246,8.260000228881836,8.470000267028809,8.470000267028809,1843
2014-08-07,8.470000267028809,8.680000305175781,8.329999923706055,8.539999961853027,8.539999961853027,2443
2014-08-08,8.399999618530273,8.75,8.329999923706055,8.680000305175781,8.680000305175781,10629
2014-08-11,8.399999618530273,8.819999694824219,8.399999618530273,8.609999656677246,8.609999656677246,2386
2014-08-12,8.609999656677246,9.3100004196167,8.470000267028809,9.239999771118164,9.239999771118164,12457
2014-08-13,9.449999809265137,9.9399995803833,9.3100004196167,9.800000190734863,9.800000190734863,10157
2014-08-14,9.59000015258789,9.59000015258789,8.399999618530273,8.75,8.75,34671
2014-08-15,8.609999656677246,9.029999732971191,8.260000228881836,8.609999656677246,8.609999656677246,18829
2014-08-18,8.609999656677246,8.609999656677246,8.260000228881836,8.399999618530273,8.399999618530273,2586
2014-08-19,8.260000228881836,8.890000343322754,8.260000228881836,8.539999961853027,8.539999961853027,18114
2014-08-20,8.1899995803833,8.680000305175781,8.1899995803833,8.329999923706055,8.329999923706055,11743
2014-08-21,8.260000228881836,8.399999618530273,7.840000152587891,8.1899995803833,8.1899995803833,8700
2014-08-22,8.050000190734863,8.609999656677246,8.050000190734863,8.260000228881836,8.260000228881836,2057
2014-08-25,8.539999961853027,8.539999961853027,8.1899995803833,8.1899995803833,8.1899995803833,2257
2014-08-26,8.470000267028809,8.470000267028809,7.980000019073486,8.260000228881836,8.260000228881836,4429
2014-08-27,8.609999656677246,8.609999656677246,8.050000190734863,8.119999885559082,8.119999885559082,2857
2014-08-28,8.119999885559082,8.399999618530273,8.119999885559082,8.1899995803833,8.1899995803833,2800
2014-08-29,8.1899995803833,8.399999618530273,8.1899995803833,8.1899995803833,8.1899995803833,4571
2014-09-02,8.470000267028809,8.470000267028809,8.329999923706055,8.329999923706055,8.329999923706055,1629
2014-09-03,8.1899995803833,8.470000267028809,8.119999885559082,8.399999618530273,8.399999618530273,9400
2014-09-04,8.329999923706055,8.470000267028809,8.260000228881836,8.399999618530273,8.399999618530273,2943
2014-09-05,8.470000267028809,8.609999656677246,8.399999618530273,8.539999961853027,8.539999961853027,3014
2014-09-08,8.399999618530273,8.680000305175781,8.329999923706055,8.539999961853027,8.539999961853027,2671
2014-09-09,8.399999618530273,8.680000305175781,8.399999618530273,8.539999961853027,8.539999961853027,500
2014-09-10,8.399999618530273,8.680000305175781,8.1899995803833,8.539999961853027,8.539999961853027,1143
2014-09-11,8.539999961853027,8.609999656677246,8.399999618530273,8.609999656677246,8.609999656677246,5186
2014-09-12,8.399999618530273,8.539999961853027,8.329999923706055,8.470000267028809,8.470000267028809,3129
2014-09-15,8.260000228881836,8.75,8.260000228881836,8.680000305175781,8.680000305175781,20543
2014-09-16,8.329999923706055,9.029999732971191,8.329999923706055,8.329999923706055,8.329999923706055,22714
2014-09-17,8.1899995803833,8.75,8.1899995803833,8.399999618530273,8.399999618530273,6186
2014-09-18,8.260000228881836,8.539999961853027,8.1899995803833,8.1899995803833,8.1899995803833,3386
2014-09-19,8.1899995803833,8.680000305175781,8.1899995803833,8.329999923706055,8.329999923706055,7086
2014-09-22,8.609999656677246,8.609999656677246,8.399999618530273,8.399999618530273,8.399999618530273,3829
2014-09-23,8.260000228881836,8.609999656677246,8.1899995803833,8.399999618530273,8.399999618530273,4686
2014-09-24,8.260000228881836,8.539999961853027,8.050000190734863,8.260000228881836,8.260000228881836,4986
2014-09-25,8.119999885559082,8.470000267028809,8.119999885559082,8.1899995803833,8.1899995803833,1229
2014-09-26,8.050000190734863,8.399999618530273,7.980000019073486,8.1899995803833,8.1899995803833,5700
2014-09-29,8.050000190734863,8.399999618530273,7.980000019073486,8.260000228881836,8.260000228881836,1486
2014-09-30,8.050000190734863,8.050000190734863,7.840000152587891,8.050000190734863,8.050000190734863,4586
2014-10-01,7.909999847412109,8.329999923706055,7.840000152587891,8.1899995803833,8.1899995803833,8500
2014-10-02,8.050000190734863,8.399999618530273,8.050000190734863,8.1899995803833,8.1899995803833,2371
2014-10-03,8.1899995803833,8.399999618530273,8.1899995803833,8.329999923706055,8.329999923706055,4500
2014-10-06,8.119999885559082,8.539999961853027,7.840000152587891,8.399999618530273,8.399999618530273,18729
2014-10-07,8.539999961853027,8.539999961853027,7.349999904632568,7.630000114440918,7.630000114440918,17829
2014-10-08,7.420000076293945,7.559999942779541,6.510000228881836,6.929999828338623,6.929999828338623,29543
2014-10-09,7.0,7.420000076293945,6.650000095367432,6.929999828338623,6.929999828338623,8357
2014-10-10,6.929999828338623,7.139999866485596,6.579999923706055,6.579999923706055,6.579999923706055,3971
2014-10-13,6.510000228881836,6.579999923706055,5.599999904632568,6.019999980926514,6.019999980926514,10329
2014-10-14,6.369999885559082,6.369999885559082,5.809999942779541,6.300000190734863,6.300000190734863,3800
2014-10-15,6.090000152587891,6.159999847412109,5.809999942779541,6.019999980926514,6.019999980926514,11971
2014-10-16,6.090000152587891,6.369999885559082,6.090000152587891,6.369999885559082,6.369999885559082,9471
2014-10-17,6.440000057220459,6.789999961853027,6.440000057220459,6.71999979019165,6.71999979019165,4514
2014-10-20,6.929999828338623,7.489999771118164,6.789999961853027,7.0,7.0,5329
2014-10-21,7.420000076293945,7.769999980926514,6.860000133514404,6.929999828338623,6.929999828338623,8000
2014-10-22,6.71999979019165,6.860000133514404,6.159999847412109,6.369999885559082,6.369999885559082,10457
2014-10-23,6.369999885559082,6.369999885559082,6.159999847412109,6.300000190734863,6.300000190734863,8657
2014-10-24,6.300000190734863,6.369999885559082,6.019999980926514,6.090000152587891,6.090000152587891,30186
2014-10-27,6.369999885559082,6.369999885559082,6.300000190734863,6.300000190734863,6.300000190734863,2214
2014-10-28,6.369999885559082,6.510000228881836,6.019999980926514,6.300000190734863,6.300000190734863,40071
2014-10-29,6.300000190734863,6.300000190734863,6.090000152587891,6.159999847412109,6.159999847412109,3500
2014-10-30,6.019999980926514,6.579999923706055,6.019999980926514,6.369999885559082,6.369999885559082,4400
2014-10-31,6.440000057220459,6.440000057220459,6.019999980926514,6.230000019073486,6.230000019073486,2443
2014-11-03,6.230000019073486,6.230000019073486,5.460000038146973,5.949999809265137,5.949999809265137,10471
2014-11-04,5.949999809265137,7.0,5.880000114440918,5.949999809265137,5.949999809265137,22186
2014-11-05,6.510000228881836,6.510000228881836,6.159999847412109,6.300000190734863,6.300000190734863,2157
2014-11-06,6.510000228881836,6.510000228881836,6.019999980926514,6.159999847412109,6.159999847412109,5243
2014-11-07,6.159999847412109,6.300000190734863,6.090000152587891,6.300000190734863,6.300000190734863,1357
2014-11-10,6.159999847412109,6.650000095367432,6.019999980926514,6.440000057220459,6.440000057220459,19243
2014-11-11,6.579999923706055,7.769999980926514,6.510000228881836,7.489999771118164,7.489999771118164,44986
2014-11-12,7.210000038146973,7.489999771118164,7.0,7.489999771118164,7.489999771118164,5086
2014-11-13,7.210000038146973,7.489999771118164,6.71999979019165,7.489999771118164,7.489999771118164,15286
2014-11-14,6.71999979019165,7.489999771118164,6.71999979019165,7.420000076293945,7.420000076293945,2671
2014-11-17,7.349999904632568,7.349999904632568,6.71999979019165,7.210000038146973,7.210000038146973,4629
2014-11-18,6.860000133514404,7.349999904632568,6.789999961853027,6.929999828338623,6.929999828338623,4643
2014-11-19,7.0,7.699999809265137,7.0,7.489999771118164,7.489999771118164,14714
2014-11-20,7.420000076293945,7.699999809265137,7.349999904632568,7.420000076293945,7.420000076293945,3714
2014-11-21,7.420000076293945,8.050000190734863,7.28000020980835,7.559999942779541,7.559999942779541,16343
2014-11-24,7.699999809265137,7.909999847412109,7.210000038146973,7.210000038146973,7.210000038146973,7471
2014-11-25,7.210000038146973,7.489999771118164,7.0,7.349999904632568,7.349999904632568,4429
2014-11-26,7.489999771118164,7.559999942779541,7.070000171661377,7.070000171661377,7.070000171661377,1486
2014-11-28,7.28000020980835,7.699999809265137,7.139999866485596,7.420000076293945,7.420000076293945,3329
2014-12-01,7.769999980926514,7.909999847412109,7.489999771118164,7.559999942779541,7.559999942779541,9286
2014-12-02,7.769999980926514,7.769999980926514,7.559999942779541,7.699999809265137,7.699999809265137,686
2014-12-03,7.909999847412109,7.980000019073486,7.699999809265137,7.980000019073486,7.980000019073486,5086
2014-12-04,7.980000019073486,8.329999923706055,7.699999809265137,8.119999885559082,8.119999885559082,18014
2014-12-05,8.050000190734863,8.819999694824219,8.050000190734863,8.329999923706055,8.329999923706055,19786
2014-12-08,8.119999885559082,8.680000305175781,7.980000019073486,8.399999618530273,8.399999618530273,20214
2014-12-09,8.399999618530273,8.75,8.399999618530273,8.470000267028809,8.470000267028809,6857
2014-12-10,8.539999961853027,8.539999961853027,8.1899995803833,8.260000228881836,8.260000228881836,2186
2014-12-11,8.1899995803833,8.399999618530273,7.559999942779541,7.559999942779541,7.559999942779541,8400
2014-12-12,7.630000114440918,7.909999847412109,7.420000076293945,7.630000114440918,7.630000114440918,1186
2014-12-15,7.489999771118164,7.980000019073486,7.28000020980835,7.559999942779541,7.559999942779541,3086
2014-12-16,7.28000020980835,7.909999847412109,7.139999866485596,7.210000038146973,7.210000038146973,1557
2014-12-17,7.489999771118164,7.769999980926514,7.210000038146973,7.210000038146973,7.210000038146973,1429
2014-12-18,7.489999771118164,7.559999942779541,7.139999866485596,7.420000076293945,7.420000076293945,957
2014-12-19,7.349999904632568,7.699999809265137,6.650000095367432,7.210000038146973,7.210000038146973,4757
2014-12-22,7.28000020980835,7.489999771118164,7.0,7.0,7.0,6414
2014-12-23,7.0,7.489999771118164,7.0,7.070000171661377,7.070000171661377,10714
2014-12-24,7.420000076293945,7.420000076293945,7.210000038146973,7.210000038146973,7.210000038146973,1357
2014-12-26,7.210000038146973,7.349999904632568,6.929999828338623,7.349999904632568,7.349999904632568,5843
2014-12-29,7.139999866485596,7.420000076293945,6.929999828338623,7.349999904632568,7.349999904632568,4971
2014-12-30,7.070000171661377,7.349999904632568,7.0,7.349999904632568,7.349999904632568,4814
2014-12-31,7.210000038146973,7.28000020980835,7.0,7.210000038146973,7.210000038146973,15529
2015-01-02,7.139999866485596,7.349999904632568,7.0,7.349999904632568,7.349999904632568,5543
2015-01-05,7.349999904632568,7.349999904632568,7.070000171661377,7.070000171661377,7.070000171661377,257
2015-01-06,7.0,7.139999866485596,6.71999979019165,7.0,7.0,3929
2015-01-07,7.210000038146973,7.349999904632568,6.789999961853027,6.929999828338623,6.929999828338623,5686
2015-01-08,6.71999979019165,7.420000076293945,6.71999979019165,7.0,7.0,971
2015-01-09,6.71999979019165,7.349999904632568,6.71999979019165,7.139999866485596,7.139999866485596,4514
2015-01-12,7.139999866485596,7.840000152587891,7.139999866485596,7.699999809265137,7.699999809265137,6329
2015-01-13,7.840000152587891,7.840000152587891,6.789999961853027,7.070000171661377,7.070000171661377,8343
2015-01-14,6.860000133514404,6.929999828338623,6.71999979019165,6.789999961853027,6.789999961853027,5100
2015-01-15,6.789999961853027,7.070000171661377,6.789999961853027,7.0,7.0,3986
2015-01-16,6.860000133514404,7.0,6.860000133514404,6.860000133514404,6.860000133514404,1371
2015-01-20,6.929999828338623,7.0,6.71999979019165,6.929999828338623,6.929999828338623,5400
2015-01-21,6.860000133514404,7.0,6.650000095367432,6.650000095367432,6.650000095367432,3000
2015-01-22,6.789999961853027,7.559999942779541,6.650000095367432,6.929999828338623,6.929999828338623,6071
2015-01-23,6.789999961853027,7.0,6.71999979019165,6.860000133514404,6.860000133514404,3086
2015-01-26,6.789999961853027,6.929999828338623,6.650000095367432,6.929999828338623,6.929999828338623,3914
2015-01-27,6.929999828338623,7.070000171661377,6.510000228881836,6.860000133514404,6.860000133514404,2029
2015-01-28,6.789999961853027,7.0,6.650000095367432,6.71999979019165,6.71999979019165,3786
2015-01-29,6.650000095367432,6.929999828338623,6.440000057220459,6.789999961853027,6.789999961853027,1357
2015-01-30,6.71999979019165,6.929999828338623,6.71999979019165,6.789999961853027,6.789999961853027,271
2015-02-02,6.650000095367432,6.929999828338623,6.650000095367432,6.789999961853027,6.789999961853027,1100
2015-02-03,6.929999828338623,7.0,6.789999961853027,6.789999961853027,6.789999961853027,1714
2015-02-04,6.71999979019165,7.0,6.71999979019165,7.0,7.0,3071
2015-02-05,6.71999979019165,7.0,6.369999885559082,6.71999979019165,6.71999979019165,3529
2015-02-06,7.0,7.139999866485596,6.929999828338623,6.929999828338623,6.929999828338623,1986
2015-02-09,7.070000171661377,7.139999866485596,7.070000171661377,7.139999866485596,7.139999866485596,86
2015-02-10,6.929999828338623,7.139999866485596,6.860000133514404,7.0,7.0,414
2015-02-11,6.789999961853027,7.0,6.789999961853027,6.789999961853027,6.789999961853027,914
2015-02-12,6.860000133514404,7.349999904632568,6.860000133514404,7.139999866485596,7.139999866485596,3257
2015-02-13,7.0,7.559999942779541,7.0,7.420000076293945,7.420000076293945,6043
2015-02-17,7.559999942779541,7.699999809265137,6.789999961853027,7.489999771118164,7.489999771118164,8486
2015-02-18,7.210000038146973,7.559999942779541,7.139999866485596,7.139999866485596,7.139999866485596,4786
2015-02-19,7.210000038146973,7.489999771118164,7.139999866485596,7.349999904632568,7.349999904632568,2957
2015-02-20,7.420000076293945,7.420000076293945,7.139999866485596,7.139999866485596,7.139999866485596,2386
2015-02-23,7.139999866485596,7.349999904632568,7.139999866485596,7.210000038146973,7.210000038146973,814
2015-02-24,7.139999866485596,7.139999866485596,6.929999828338623,6.929999828338623,6.929999828338623,12057
2015-02-25,6.929999828338623,7.420000076293945,6.929999828338623,7.210000038146973,7.210000038146973,1371
2015-02-26,7.28000020980835,7.28000020980835,6.929999828338623,7.0,7.0,857
2015-02-27,7.210000038146973,7.210000038146973,6.789999961853027,6.789999961853027,6.789999961853027,2600
2015-03-02,6.860000133514404,7.070000171661377,6.789999961853027,6.789999961853027,6.789999961853027,2557
2015-03-03,6.860000133514404,7.349999904632568,6.71999979019165,6.71999979019165,6.71999979019165,2229
2015-03-04,6.71999979019165,7.070000171661377,6.71999979019165,6.789999961853027,6.789999961853027,5057
2015-03-05,7.070000171661377,7.210000038146973,6.71999979019165,7.070000171661377,7.070000171661377,6743
2015-03-06,7.139999866485596,7.139999866485596,6.789999961853027,6.789999961853027,6.789999961853027,1800
2015-03-09,7.0,7.070000171661377,6.71999979019165,6.929999828338623,6.929999828338623,1957
2015-03-10,6.929999828338623,6.929999828338623,6.71999979019165,6.929999828338623,6.929999828338623,4157
2015-03-11,6.71999979019165,7.0,6.71999979019165,6.860000133514404,6.860000133514404,2329
2015-03-12,7.0,7.0,6.71999979019165,6.71999979019165,6.71999979019165,2086
2015-03-13,6.789999961853027,7.0,6.71999979019165,7.0,7.0,1757
2015-03-16,7.0,7.210000038146973,6.860000133514404,6.929999828338623,6.929999828338623,6729
2015-03-17,6.789999961853027,7.0,6.440000057220459,6.71999979019165,6.71999979019165,4471
2015-03-18,6.929999828338623,7.070000171661377,6.650000095367432,6.929999828338623,6.929999828338623,4371
2015-03-19,6.71999979019165,7.0,6.650000095367432,6.71999979019165,6.71999979019165,1100
2015-03-20,6.650000095367432,6.929999828338623,6.440000057220459,6.650000095367432,6.650000095367432,2629
2015-03-23,6.71999979019165,6.860000133514404,6.650000095367432,6.650000095367432,6.650000095367432,1229
2015-03-24,6.579999923706055,6.860000133514404,6.440000057220459,6.510000228881836,6.510000228881836,3529
2015-03-25,6.369999885559082,6.650000095367432,6.369999885559082,6.650000095367432,6.650000095367432,214
2015-03-26,6.440000057220459,6.650000095367432,6.300000190734863,6.650000095367432,6.650000095367432,2671
2015-03-27,6.860000133514404,7.139999866485596,5.25,6.510000228881836,6.510000228881836,20171
2015-03-30,6.230000019073486,6.579999923706055,5.949999809265137,6.510000228881836,6.510000228881836,2000
2015-03-31,6.440000057220459,6.510000228881836,6.090000152587891,6.440000057220459,6.440000057220459,429
2015-04-01,5.949999809265137,6.650000095367432,5.599999904632568,6.510000228881836,6.510000228881836,5786
2015-04-02,6.650000095367432,6.650000095367432,6.300000190734863,6.510000228881836,6.510000228881836,786
2015-04-06,6.440000057220459,6.510000228881836,6.019999980926514,6.300000190734863,6.300000190734863,757
2015-04-07,5.949999809265137,6.510000228881836,5.949999809265137,6.159999847412109,6.159999847412109,2371
2015-04-08,6.019999980926514,6.440000057220459,5.739999771118164,6.230000019073486,6.230000019073486,6557
2015-04-09,6.230000019073486,6.300000190734863,6.159999847412109,6.230000019073486,6.230000019073486,286
2015-04-10,6.019999980926514,6.019999980926514,5.599999904632568,5.949999809265137,5.949999809265137,3529
2015-04-13,5.949999809265137,5.949999809265137,5.809999942779541,5.809999942779541,5.809999942779541,1557
2015-04-14,6.090000152587891,6.090000152587891,5.670000076293945,5.809999942779541,5.809999942779541,2300
2015-04-15,6.019999980926514,6.019999980926514,5.599999904632568,5.739999771118164,5.739999771118164,2043
2015-04-16,5.739999771118164,5.739999771118164,5.389999866485596,5.389999866485596,5.389999866485596,5800
2015-04-17,5.460000038146973,5.599999904632568,5.039999961853027,5.389999866485596,5.389999866485596,4186
2015-04-20,5.599999904632568,5.599999904632568,5.25,5.25,5.25,3557
2015-04-21,5.110000133514404,5.389999866485596,5.110000133514404,5.389999866485596,5.389999866485596,3686
2015-04-22,5.110000133514404,5.599999904632568,5.110000133514404,5.389999866485596,5.389999866485596,2286
2015-04-23,5.53000020980835,5.53000020980835,5.389999866485596,5.389999866485596,5.389999866485596,3286
2015-04-24,5.110000133514404,5.320000171661377,4.760000228881836,4.96999979019165,4.96999979019165,11971
2015-04-27,4.900000095367432,5.110000133514404,4.340000152587891,4.340000152587891,4.340000152587891,13543
2015-04-28,4.760000228881836,5.110000133514404,4.480000019073486,4.760000228881836,4.760000228881836,3414
2015-04-29,4.829999923706055,4.900000095367432,4.550000190734863,4.829999923706055,4.829999923706055,4600
2015-04-30,4.829999923706055,4.96999979019165,4.480000019073486,4.96999979019165,4.96999979019165,614
2015-05-01,5.039999961853027,5.039999961853027,5.039999961853027,5.039999961853027,5.039999961853027,157
2015-05-04,5.039999961853027,5.039999961853027,4.690000057220459,4.690000057220459,4.690000057220459,571
2015-05-05,4.829999923706055,4.900000095367432,4.690000057220459,4.900000095367432,4.900000095367432,471
2015-05-06,4.829999923706055,4.829999923706055,4.690000057220459,4.690000057220459,4.690000057220459,157
2015-05-07,4.480000019073486,4.480000019073486,3.569999933242798,4.409999847412109,4.409999847412109,12200
2015-05-08,4.760000228881836,4.760000228881836,4.340000152587891,4.480000019073486,4.480000019073486,514
2015-05-11,4.480000019073486,4.480000019073486,3.7799999713897705,4.130000114440918,4.130000114440918,6686
2015-05-12,3.9200000762939453,4.199999809265137,3.8499999046325684,3.990000009536743,3.990000009536743,15557
2015-05-13,3.8499999046325684,4.059999942779541,3.8499999046325684,3.8499999046325684,3.8499999046325684,7400
2015-05-14,3.8499999046325684,3.8499999046325684,3.7799999713897705,3.7799999713897705,3.7799999713897705,6214
2015-05-15,3.7100000381469727,3.7799999713897705,3.7100000381469727,3.7100000381469727,3.7100000381469727,8343
2015-05-18,3.569999933242798,3.990000009536743,3.569999933242798,3.640000104904175,3.640000104904175,4071
2015-05-19,3.5,4.409999847412109,3.5,4.340000152587891,4.340000152587891,10729
2015-05-20,4.059999942779541,4.760000228881836,4.059999942779541,4.760000228881836,4.760000228881836,1100
2015-05-21,4.550000190734863,4.690000057220459,4.550000190734863,4.690000057220459,4.690000057220459,543
2015-05-22,4.480000019073486,4.619999885559082,4.340000152587891,4.409999847412109,4.409999847412109,1857
2015-05-26,4.340000152587891,4.340000152587891,4.130000114440918,4.199999809265137,4.199999809265137,1329
2015-05-27,4.340000152587891,4.619999885559082,4.199999809265137,4.340000152587891,4.340000152587891,771
2015-05-28,4.550000190734863,4.550000190734863,4.130000114440918,4.130000114440918,4.130000114440918,1871
2015-05-29,4.199999809265137,4.199999809265137,3.8499999046325684,4.199999809265137,4.199999809265137,3086
2015-06-01,4.269999980926514,4.340000152587891,4.199999809265137,4.340000152587891,4.340000152587891,1600
2015-06-02,4.269999980926514,4.550000190734863,4.269999980926514,4.550000190734863,4.550000190734863,800
2015-06-03,4.550000190734863,4.900000095367432,4.199999809265137,4.690000057220459,4.690000057220459,1671
2015-06-04,4.550000190734863,4.829999923706055,4.480000019073486,4.619999885559082,4.619999885559082,1057
2015-06-05,4.550000190734863,4.760000228881836,4.550000190734863,4.690000057220459,4.690000057220459,1429
2015-06-08,4.829999923706055,5.25,4.690000057220459,5.25,5.25,11586
2015-06-09,5.25,5.389999866485596,5.039999961853027,5.389999866485596,5.389999866485596,2686
2015-06-10,5.179999828338623,5.25,5.039999961853027,5.039999961853027,5.039999961853027,5614
2015-06-11,5.110000133514404,5.25,4.409999847412109,5.110000133514404,5.110000133514404,2486
2015-06-12,4.900000095367432,5.110000133514404,4.130000114440918,5.110000133514404,5.110000133514404,1343
2015-06-15,4.550000190734863,5.179999828338623,4.550000190734863,4.96999979019165,4.96999979019165,1014
2015-06-16,4.760000228881836,4.900000095367432,4.340000152587891,4.550000190734863,4.550000190734863,5014
2015-06-17,4.550000190734863,4.829999923706055,4.199999809265137,4.690000057220459,4.690000057220459,1800
2015-06-18,4.760000228881836,4.760000228881836,4.269999980926514,4.269999980926514,4.269999980926514,3043
2015-06-19,4.480000019073486,4.480000019073486,3.7799999713897705,3.7799999713897705,3.7799999713897705,6600
2015-06-22,3.7100000381469727,4.130000114440918,3.7100000381469727,3.7799999713897705,3.7799999713897705,1786
2015-06-23,3.9200000762939453,4.130000114440918,3.8499999046325684,3.8499999046325684,3.8499999046325684,1143
2015-06-24,3.990000009536743,4.690000057220459,3.640000104904175,4.340000152587891,4.340000152587891,3257
2015-06-25,4.059999942779541,4.340000152587891,4.059999942779541,4.199999809265137,4.199999809265137,129
2015-06-26,4.059999942779541,4.619999885559082,4.059999942779541,4.130000114440918,4.130000114440918,614
2015-06-29,4.130000114440918,4.130000114440918,3.9200000762939453,3.9200000762939453,3.9200000762939453,329
2015-06-30,3.990000009536743,3.990000009536743,3.9200000762939453,3.9200000762939453,3.9200000762939453,71
2015-07-01,3.9200000762939453,4.409999847412109,3.8499999046325684,4.199999809265137,4.199999809265137,4543
2015-07-02,3.9200000762939453,4.059999942779541,3.9200000762939453,3.9200000762939453,3.9200000762939453,229
2015-07-06,3.640000104904175,3.8499999046325684,3.640000104904175,3.7100000381469727,3.7100000381469727,2086
2015-07-07,4.059999942779541,4.059999942779541,3.7100000381469727,3.7100000381469727,3.7100000381469727,2600
2015-07-08,3.7100000381469727,3.9200000762939453,3.5,3.640000104904175,3.640000104904175,2829
2015-07-09,4.130000114440918,4.130000114440918,3.640000104904175,3.640000104904175,3.640000104904175,1443
2015-07-10,3.7100000381469727,3.7100000381469727,3.569999933242798,3.569999933242798,3.569999933242798,1086
2015-07-13,3.640000104904175,3.8499999046325684,3.5,3.569999933242798,3.569999933242798,5529
2015-07-14,3.5,3.7100000381469727,3.5,3.7100000381469727,3.7100000381469727,1786
2015-07-15,3.7100000381469727,3.7100000381469727,3.569999933242798,3.569999933242798,3.569999933242798,2029
2015-07-16,3.569999933242798,3.569999933242798,3.569999933242798,3.569999933242798,3.569999933242798,14
2015-07-17,3.7100000381469727,3.7100000381469727,3.5,3.569999933242798,3.569999933242798,2114
2015-07-20,3.5,3.569999933242798,3.2899999618530273,3.5,3.5,6971
2015-07-21,3.430000066757202,3.5,3.430000066757202,3.430000066757202,3.430000066757202,357
2015-07-22,3.430000066757202,3.430000066757202,3.430000066757202,3.430000066757202,3.430000066757202,743
2015-07-23,3.359999895095825,3.430000066757202,3.359999895095825,3.430000066757202,3.430000066757202,5543
2015-07-24,3.5,3.5,3.359999895095825,3.430000066757202,3.430000066757202,1043
2015-07-27,3.2200000286102295,3.2200000286102295,3.1500000953674316,3.2200000286102295,3.2200000286102295,229
2015-07-28,3.0799999237060547,3.1500000953674316,2.940000057220459,2.940000057220459,2.940000057220459,1614
2015-07-29,2.799999952316284,3.359999895095825,2.799999952316284,3.009999990463257,3.009999990463257,4857
2015-07-30,2.799999952316284,3.359999895095825,2.799999952316284,3.0799999237060547,3.0799999237060547,4786
2015-07-31,2.799999952316284,3.0799999237060547,2.799999952316284,3.0799999237060547,3.0799999237060547,2071
2015-08-03,3.2899999618530273,3.2899999618530273,2.940000057220459,3.0799999237060547,3.0799999237060547,2571
2015-08-04,3.1500000953674316,3.5,3.1500000953674316,3.5,3.5,200
2015-08-05,2.869999885559082,3.1500000953674316,2.869999885559082,3.009999990463257,3.009999990463257,1614
2015-08-06,3.009999990463257,3.009999990463257,3.009999990463257,3.009999990463257,3.009999990463257,0
2015-08-07,2.940000057220459,3.569999933242798,2.940000057220459,3.569999933242798,3.569999933242798,5000
2015-08-10,3.640000104904175,3.640000104904175,2.450000047683716,3.1500000953674316,3.1500000953674316,6486
2015-08-11,3.359999895095825,3.359999895095825,3.0799999237060547,3.359999895095825,3.359999895095825,2943
2015-08-12,3.359999895095825,3.7799999713897705,3.359999895095825,3.640000104904175,3.640000104904175,3157
2015-08-13,3.7100000381469727,3.7799999713897705,3.430000066757202,3.7799999713897705,3.7799999713897705,2543
2015-08-14,3.2899999618530273,3.8499999046325684,3.2899999618530273,3.8499999046325684,3.8499999046325684,1971
2015-08-17,3.8499999046325684,3.8499999046325684,3.7799999713897705,3.7799999713897705,3.7799999713897705,4943
2015-08-18,3.7799999713897705,4.199999809265137,3.7799999713897705,4.130000114440918,4.130000114440918,400
2015-08-19,4.199999809265137,4.199999809265137,3.990000009536743,4.059999942779541,4.059999942779541,2671
2015-08-20,3.990000009536743,4.269999980926514,3.990000009536743,4.269999980926514,4.269999980926514,2629
2015-08-21,4.130000114440918,4.550000190734863,3.9200000762939453,3.9200000762939453,3.9200000762939453,4943
2015-08-24,4.130000114440918,4.550000190734863,3.7799999713897705,4.130000114440918,4.130000114440918,2143
2015-08-25,3.9200000762939453,4.690000057220459,3.9200000762939453,4.690000057220459,4.690000057220459,1300
2015-08-26,5.739999771118164,5.739999771118164,4.829999923706055,5.039999961853027,5.039999961853027,6286
2015-08-27,5.039999961853027,5.53000020980835,5.039999961853027,5.110000133514404,5.110000133514404,1386
2015-08-28,5.460000038146973,5.460000038146973,4.269999980926514,4.480000019073486,4.480000019073486,3843
2015-08-31,4.199999809265137,5.389999866485596,4.199999809265137,4.760000228881836,4.760000228881836,1229
2015-09-01,4.829999923706055,4.829999923706055,4.550000190734863,4.760000228881836,4.760000228881836,1571
2015-09-02,4.690000057220459,4.760000228881836,4.690000057220459,4.690000057220459,4.690000057220459,629
2015-09-03,4.829999923706055,4.829999923706055,4.619999885559082,4.829999923706055,4.829999923706055,671
2015-09-04,4.829999923706055,5.110000133514404,4.829999923706055,5.110000133514404,5.110000133514404,1143
2015-09-08,4.690000057220459,5.179999828338623,4.409999847412109,4.690000057220459,4.690000057220459,4586
2015-09-09,4.619999885559082,5.25,4.619999885559082,4.690000057220459,4.690000057220459,2671
2015-09-10,4.900000095367432,4.900000095367432,4.409999847412109,4.409999847412109,4.409999847412109,1243
2015-09-11,4.269999980926514,4.690000057220459,4.269999980926514,4.409999847412109,4.409999847412109,143
2015-09-14,4.269999980926514,6.230000019073486,4.269999980926514,5.320000171661377,5.320000171661377,28629
2015-09-15,5.320000171661377,5.949999809265137,4.900000095367432,5.53000020980835,5.53000020980835,11471
2015-09-16,6.159999847412109,6.159999847412109,5.179999828338623,5.179999828338623,5.179999828338623,3257
2015-09-17,6.090000152587891,6.159999847412109,5.039999961853027,5.110000133514404,5.110000133514404,4929
2015-09-18,5.110000133514404,5.739999771118164,4.900000095367432,5.039999961853027,5.039999961853027,1114
2015-09-21,5.460000038146973,6.019999980926514,5.25,5.809999942779541,5.809999942779541,6414
2015-09-22,5.809999942779541,5.809999942779541,4.550000190734863,5.110000133514404,5.110000133514404,6271
2015-09-23,5.880000114440918,5.880000114440918,4.96999979019165,5.25,5.25,729
2015-09-24,4.900000095367432,5.599999904632568,4.900000095367432,5.389999866485596,5.389999866485596,6529
2015-09-25,5.389999866485596,5.389999866485596,3.8499999046325684,4.130000114440918,4.130000114440918,27271
2015-09-28,3.9200000762939453,5.090000152587891,3.2200000286102295,4.510000228881836,4.510000228881836,13200
2015-09-29,3.5999999046325684,4.119999885559082,3.5999999046325684,3.609999895095825,3.609999895095825,16800
2015-09-30,4.199999809265137,4.199999809265137,3.3499999046325684,3.5399999618530273,3.5399999618530273,5600
2015-10-01,3.7100000381469727,3.7100000381469727,3.549999952316284,3.609999895095825,3.609999895095825,2800
2015-10-02,3.2699999809265137,3.7200000286102295,3.049999952316284,3.4600000381469727,3.4600000381469727,11200
2015-10-05,3.3499999046325684,3.440000057220459,3.25,3.25,3.25,1500
2015-10-06,3.2699999809265137,3.5899999141693115,3.0,3.059999942779541,3.059999942779541,20100
2015-10-07,3.0,3.5,2.9700000286102295,3.069999933242798,3.069999933242798,8900
2015-10-08,3.0,3.119999885559082,2.9700000286102295,3.0,3.0,6700
2015-10-09,3.0199999809265137,3.069999933242798,2.9100000858306885,2.950000047683716,2.950000047683716,11600
2015-10-12,3.0399999618530273,3.140000104904175,2.799999952316284,2.859999895095825,2.859999895095825,68800
2015-10-13,3.0,3.0999999046325684,2.8299999237060547,3.0,3.0,24400
2015-10-14,3.0,3.0899999141693115,2.569999933242798,2.740000009536743,2.740000009536743,9500
2015-10-15,2.740000009536743,2.75,2.140000104904175,2.5799999237060547,2.5799999237060547,9800
2015-10-16,2.4000000953674316,2.700000047683716,2.3499999046325684,2.700000047683716,2.700000047683716,28500
2015-10-19,2.5799999237060547,2.869999885559082,2.5799999237060547,2.8499999046325684,2.8499999046325684,19600
2015-10-20,2.8499999046325684,3.5999999046325684,2.509999990463257,3.3499999046325684,3.3499999046325684,36900
2015-10-21,3.440000057220459,3.450000047683716,2.8499999046325684,3.0199999809265137,3.0199999809265137,34100
2015-10-22,3.0199999809265137,3.25,2.8399999141693115,2.930000066757202,2.930000066757202,17800
2015-10-23,2.9000000953674316,3.3499999046325684,2.5999999046325684,2.799999952316284,2.799999952316284,50300
2015-10-26,2.759999990463257,2.799999952316284,2.549999952316284,2.549999952316284,2.549999952316284,6500
2015-10-27,2.799999952316284,2.890000104904175,2.490000009536743,2.609999895095825,2.609999895095825,13800
2015-10-28,2.5399999618530273,2.569999933242798,2.309999942779541,2.5,2.5,8600
2015-10-29,2.440000057220459,2.7899999618530273,2.359999895095825,2.430000066757202,2.430000066757202,26700
2015-10-30,2.4000000953674316,2.680000066757202,2.4000000953674316,2.680000066757202,2.680000066757202,17700
2015-11-02,2.509999990463257,2.5999999046325684,2.509999990463257,2.5999999046325684,2.5999999046325684,1300
2015-11-03,2.4700000286102295,2.7200000286102295,2.380000114440918,2.549999952316284,2.549999952316284,3900
2015-11-04,2.440000057220459,2.690000057220459,2.369999885559082,2.450000047683716,2.450000047683716,7200
2015-11-05,2.4800000190734863,2.4800000190734863,2.4800000190734863,2.4800000190734863,2.4800000190734863,200
2015-11-06,2.4800000190734863,2.4800000190734863,2.299999952316284,2.4200000762939453,2.4200000762939453,2400
2015-11-09,2.3399999141693115,2.369999885559082,2.200000047683716,2.2899999618530273,2.2899999618530273,9400
2015-11-10,2.2899999618530273,2.4000000953674316,2.2100000381469727,2.369999885559082,2.369999885559082,4300
2015-11-11,2.299999952316284,2.309999942779541,2.299999952316284,2.309999942779541,2.309999942779541,1600
2015-11-12,2.200000047683716,2.4100000858306885,2.200000047683716,2.3299999237060547,2.3299999237060547,1200
2015-11-13,2.2200000286102295,2.319999933242798,2.0999999046325684,2.25,2.25,8500
2015-11-16,2.180000066757202,2.2799999713897705,2.0999999046325684,2.190000057220459,2.190000057220459,8800
2015-11-17,2.2100000381469727,2.2100000381469727,2.0999999046325684,2.119999885559082,2.119999885559082,800
2015-11-18,2.0999999046325684,2.0999999046325684,2.0299999713897705,2.049999952316284,2.049999952316284,49300
2015-11-19,2.0299999713897705,2.0899999141693115,2.0299999713897705,2.049999952316284,2.049999952316284,37000
2015-11-20,2.0999999046325684,2.0999999046325684,2.0899999141693115,2.0899999141693115,2.0899999141693115,2100
2015-11-23,2.0299999713897705,2.0299999713897705,2.0299999713897705,2.0299999713897705,2.0299999713897705,5900
2015-11-24,2.0299999713897705,2.109999895095825,2.0299999713897705,2.049999952316284,2.049999952316284,11800
2015-11-25,2.049999952316284,2.140000104904175,2.0299999713897705,2.140000104904175,2.140000104904175,13800
2015-11-27,1.9900000095367432,2.0899999141693115,1.9900000095367432,2.0,2.0,3700
2015-11-30,1.9600000381469727,1.9800000190734863,1.9500000476837158,1.9500000476837158,1.9500000476837158,8000
2015-12-01,1.9199999570846558,1.940000057220459,1.75,1.7699999809265137,1.7699999809265137,23200
2015-12-02,1.7599999904632568,1.7999999523162842,1.7599999904632568,1.7799999713897705,1.7799999713897705,12900
2015-12-03,1.8799999952316284,1.8799999952316284,1.7799999713897705,1.8600000143051147,1.8600000143051147,6600
2015-12-04,1.850000023841858,1.9600000381469727,1.7599999904632568,1.7599999904632568,1.7599999904632568,5000
2015-12-07,1.7400000095367432,1.909999966621399,1.5,1.5800000429153442,1.5800000429153442,15000
2015-12-08,1.5700000524520874,1.600000023841858,1.5700000524520874,1.5800000429153442,1.5800000429153442,3600
2015-12-09,1.6299999952316284,1.7400000095367432,1.559999942779541,1.559999942779541,1.559999942779541,13800
2015-12-10,1.5299999713897705,1.9199999570846558,1.5,1.7100000381469727,1.7100000381469727,35000
2015-12-11,1.7799999713897705,1.7799999713897705,1.7000000476837158,1.7000000476837158,1.7000000476837158,12300
2015-12-14,1.659999966621399,1.75,1.5399999618530273,1.5800000429153442,1.5800000429153442,13600
2015-12-15,1.5800000429153442,1.6399999856948853,1.5800000429153442,1.5800000429153442,1.5800000429153442,3000
2015-12-16,1.6399999856948853,1.6399999856948853,1.5800000429153442,1.590000033378601,1.590000033378601,10800
2015-12-17,1.690000057220459,1.75,1.5700000524520874,1.6100000143051147,1.6100000143051147,14800
2015-12-18,1.5800000429153442,1.7300000190734863,1.5700000524520874,1.5700000524520874,1.5700000524520874,40800
2015-12-21,1.6399999856948853,1.7100000381469727,1.5700000524520874,1.590000033378601,1.590000033378601,4500
2015-12-22,1.6399999856948853,1.7000000476837158,1.5700000524520874,1.5800000429153442,1.5800000429153442,7200
2015-12-23,1.5800000429153442,1.6799999475479126,1.5800000429153442,1.649999976158142,1.649999976158142,4200
2015-12-24,1.6100000143051147,1.6100000143051147,1.5199999809265137,1.5199999809265137,1.5199999809265137,900
2015-12-28,1.5299999713897705,1.5700000524520874,1.5,1.5,1.5,11200
2015-12-29,1.5,1.559999942779541,1.5,1.5,1.5,16300
2015-12-30,1.5,1.5299999713897705,1.5,1.5099999904632568,1.5099999904632568,14500
2015-12-31,1.5099999904632568,1.659999966621399,1.409999966621399,1.4600000381469727,1.4600000381469727,25900
2016-01-04,1.4900000095367432,1.6399999856948853,1.4299999475479126,1.5,1.5,7900
2016-01-05,1.6299999952316284,1.6299999952316284,1.409999966621399,1.5,1.5,8000
2016-01-06,1.6299999952316284,2.4800000190734863,1.6200000047683716,1.9700000286102295,1.9700000286102295,127100
2016-01-07,1.7999999523162842,1.8700000047683716,1.399999976158142,1.7100000381469727,1.7100000381469727,34500
2016-01-08,1.600000023841858,2.0,1.600000023841858,1.9199999570846558,1.9199999570846558,30100
2016-01-11,1.690000057220459,1.8700000047683716,1.690000057220459,1.840000033378601,1.840000033378601,24300
2016-01-12,1.840000033378601,1.8799999952316284,1.809999942779541,1.809999942779541,1.809999942779541,5700
2016-01-13,1.8200000524520874,1.8600000143051147,1.690000057220459,1.690000057220459,1.690000057220459,12500
2016-01-14,1.7100000381469727,1.850000023841858,1.5,1.7699999809265137,1.7699999809265137,27700
2016-01-15,1.75,1.9800000190734863,1.5499999523162842,1.6100000143051147,1.6100000143051147,37900
2016-01-19,1.7999999523162842,1.8799999952316284,1.6100000143051147,1.649999976158142,1.649999976158142,18500
2016-01-20,1.75,1.75,1.5399999618530273,1.5499999523162842,1.5499999523162842,16700
2016-01-21,1.7000000476837158,1.8799999952316284,1.5800000429153442,1.6399999856948853,1.6399999856948853,6900
2016-01-22,1.659999966621399,1.8700000047683716,1.6299999952316284,1.6699999570846558,1.6699999570846558,5400
2016-01-25,1.6399999856948853,1.8600000143051147,1.5700000524520874,1.7899999618530273,1.7899999618530273,12000
2016-01-26,1.7100000381469727,1.840000033378601,1.6799999475479126,1.8200000524520874,1.8200000524520874,9900
2016-01-27,1.850000023841858,1.850000023841858,1.5800000429153442,1.7400000095367432,1.7400000095367432,8300
2016-01-28,1.7400000095367432,1.7400000095367432,1.7400000095367432,1.7400000095367432,1.7400000095367432,0
2016-01-29,1.6399999856948853,1.7799999713897705,1.5800000429153442,1.7599999904632568,1.7599999904632568,4300
2016-02-01,1.7699999809265137,1.7799999713897705,1.7400000095367432,1.7400000095367432,1.7400000095367432,3600
2016-02-02,1.7899999618530273,1.7899999618530273,1.600000023841858,1.7100000381469727,1.7100000381469727,800
2016-02-03,1.7599999904632568,1.7599999904632568,1.7000000476837158,1.7000000476837158,1.7000000476837158,5600
2016-02-04,1.659999966621399,1.7599999904632568,1.600000023841858,1.7599999904632568,1.7599999904632568,1700
2016-02-05,1.7200000286102295,1.75,1.5700000524520874,1.7400000095367432,1.7400000095367432,2000
2016-02-08,1.7400000095367432,1.7799999713897705,1.7000000476837158,1.7000000476837158,1.7000000476837158,2900
2016-02-09,1.6299999952316284,1.7899999618530273,1.6299999952316284,1.75,1.75,6300
2016-02-10,1.7999999523162842,1.8899999856948853,1.7599999904632568,1.7599999904632568,1.7599999904632568,1700
2016-02-11,1.75,1.8899999856948853,1.75,1.75,1.75,700
2016-02-12,1.75,1.75,1.75,1.75,1.75,0
2016-02-16,1.7999999523162842,1.7999999523162842,1.7899999618530273,1.7999999523162842,1.7999999523162842,2500
2016-02-17,1.7599999904632568,1.8799999952316284,1.6699999570846558,1.7300000190734863,1.7300000190734863,1700
2016-02-18,1.8799999952316284,1.8899999856948853,1.6100000143051147,1.8200000524520874,1.8200000524520874,3700
2016-02-19,1.7599999904632568,1.909999966621399,1.690000057220459,1.7000000476837158,1.7000000476837158,3100
2016-02-22,1.909999966621399,1.909999966621399,1.7000000476837158,1.7100000381469727,1.7100000381469727,6000
2016-02-23,1.7300000190734863,1.7999999523162842,1.7300000190734863,1.7400000095367432,1.7400000095367432,1500
2016-02-24,1.7599999904632568,1.7599999904632568,1.600000023841858,1.6399999856948853,1.6399999856948853,11200
2016-02-25,1.7000000476837158,1.7000000476837158,1.690000057220459,1.690000057220459,1.690000057220459,4400
2016-02-26,1.7400000095367432,1.7400000095367432,1.6399999856948853,1.690000057220459,1.690000057220459,2000
2016-02-29,1.7000000476837158,1.7300000190734863,1.7000000476837158,1.7300000190734863,1.7300000190734863,400
2016-03-01,1.75,1.75,1.7300000190734863,1.7300000190734863,1.7300000190734863,1000
2016-03-02,1.7100000381469727,1.7100000381469727,1.659999966621399,1.659999966621399,1.659999966621399,4500
2016-03-03,1.7300000190734863,1.75,1.7300000190734863,1.75,1.75,2000
2016-03-04,1.7400000095367432,1.7400000095367432,1.7000000476837158,1.7300000190734863,1.7300000190734863,13000
2016-03-07,1.7200000286102295,1.7400000095367432,1.7000000476837158,1.7000000476837158,1.7000000476837158,6200
2016-03-08,1.7000000476837158,1.7100000381469727,1.7000000476837158,1.7100000381469727,1.7100000381469727,2800
2016-03-09,1.7300000190734863,1.75,1.7300000190734863,1.75,1.75,2600
2016-03-10,1.7100000381469727,1.7200000286102295,1.7100000381469727,1.7200000286102295,1.7200000286102295,200
2016-03-11,1.7100000381469727,1.7100000381469727,1.7000000476837158,1.7000000476837158,1.7000000476837158,700
2016-03-14,1.7000000476837158,1.7000000476837158,1.7000000476837158,1.7000000476837158,1.7000000476837158,0
2016-03-15,1.7100000381469727,1.7100000381469727,1.7100000381469727,1.7100000381469727,1.7100000381469727,100
2016-03-16,1.7999999523162842,1.7999999523162842,1.7000000476837158,1.7100000381469727,1.7100000381469727,1700
2016-03-17,1.7000000476837158,1.75,1.7000000476837158,1.7400000095367432,1.7400000095367432,700
2016-03-18,1.7999999523162842,1.850000023841858,1.7000000476837158,1.7000000476837158,1.7000000476837158,1700
2016-03-21,1.7000000476837158,1.7000000476837158,1.7000000476837158,1.7000000476837158,1.7000000476837158,0
2016-03-22,1.7000000476837158,1.7000000476837158,1.7000000476837158,1.7000000476837158,1.7000000476837158,0
2016-03-23,1.8899999856948853,1.8899999856948853,1.7100000381469727,1.7899999618530273,1.7899999618530273,1800
2016-03-24,1.8700000047683716,1.8700000047683716,1.7999999523162842,1.7999999523162842,1.7999999523162842,2600
2016-03-28,1.7999999523162842,1.7999999523162842,1.7999999523162842,1.7999999523162842,1.7999999523162842,0
2016-03-29,1.7100000381469727,1.850000023841858,1.7100000381469727,1.850000023841858,1.850000023841858,6100
2016-03-30,1.7100000381469727,1.7100000381469727,1.7100000381469727,1.7100000381469727,1.7100000381469727,1000
2016-03-31,1.8200000524520874,1.8200000524520874,1.7799999713897705,1.7899999618530273,1.7899999618530273,1200
2016-04-01,1.809999942779541,1.809999942779541,1.7000000476837158,1.75,1.75,4800
2016-04-04,1.8799999952316284,1.8799999952316284,1.7100000381469727,1.7100000381469727,1.7100000381469727,1400
2016-04-05,1.899999976158142,1.899999976158142,1.7599999904632568,1.8899999856948853,1.8899999856948853,2300
2016-04-06,1.9199999570846558,1.9199999570846558,1.850000023841858,1.909999966621399,1.909999966621399,4200
2016-04-07,1.7300000190734863,1.8300000429153442,1.7300000190734863,1.8300000429153442,1.8300000429153442,600
2016-04-08,1.7999999523162842,1.7999999523162842,1.7999999523162842,1.7999999523162842,1.7999999523162842,300
2016-04-11,1.7100000381469727,1.7999999523162842,1.7100000381469727,1.7899999618530273,1.7899999618530273,3800
2016-04-12,1.7300000190734863,1.8899999856948853,1.7300000190734863,1.7899999618530273,1.7899999618530273,900
2016-04-13,1.7100000381469727,1.7100000381469727,1.7100000381469727,1.7100000381469727,1.7100000381469727,500
2016-04-14,1.7799999713897705,1.7799999713897705,1.7200000286102295,1.7200000286102295,1.7200000286102295,4200
2016-04-15,1.7200000286102295,1.7200000286102295,1.7200000286102295,1.7200000286102295,1.7200000286102295,200
2016-04-18,1.809999942779541,1.850000023841858,1.809999942779541,1.8300000429153442,1.8300000429153442,900
2016-04-19,1.7100000381469727,1.7300000190734863,1.7100000381469727,1.7100000381469727,1.7100000381469727,500
2016-04-20,1.7100000381469727,1.7100000381469727,1.7100000381469727,1.7100000381469727,1.7100000381469727,0
2016-04-21,1.75,1.75,1.75,1.75,1.75,300
2016-04-22,1.7100000381469727,1.7300000190734863,1.7000000476837158,1.7300000190734863,1.7300000190734863,2600
2016-04-25,1.8600000143051147,1.8600000143051147,1.7100000381469727,1.7899999618530273,1.7899999618530273,3000
2016-04-26,1.7899999618530273,1.7899999618530273,1.7899999618530273,1.7899999618530273,1.7899999618530273,0
2016-04-27,1.7300000190734863,1.75,1.7300000190734863,1.75,1.75,800
2016-04-28,1.7599999904632568,1.7699999809265137,1.7599999904632568,1.7699999809265137,1.7699999809265137,500
2016-04-29,1.7000000476837158,1.7400000095367432,1.6799999475479126,1.7300000190734863,1.7300000190734863,7100
2016-05-02,1.6799999475479126,1.7400000095367432,1.6799999475479126,1.7300000190734863,1.7300000190734863,6300
2016-05-03,1.7300000190734863,1.7300000190734863,1.7300000190734863,1.7300000190734863,1.7300000190734863,1700
2016-05-04,1.75,1.7899999618530273,1.75,1.7899999618530273,1.7899999618530273,6500
2016-05-05,1.809999942779541,1.809999942779541,1.7799999713897705,1.809999942779541,1.809999942779541,2500
2016-05-06,1.7799999713897705,1.809999942779541,1.7799999713897705,1.809999942779541,1.809999942779541,12700
2016-05-09,1.7799999713897705,1.7799999713897705,1.7799999713897705,1.7799999713897705,1.7799999713897705,1700
2016-05-10,1.7100000381469727,1.7899999618530273,1.690000057220459,1.7799999713897705,1.7799999713897705,4100
2016-05-11,1.7999999523162842,1.7999999523162842,1.7100000381469727,1.7100000381469727,1.7100000381469727,1000
2016-05-12,1.7000000476837158,1.7899999618530273,1.7000000476837158,1.7899999618530273,1.7899999618530273,1400
2016-05-13,1.75,1.7999999523162842,1.7400000095367432,1.7799999713897705,1.7799999713897705,1600
2016-05-16,1.7400000095367432,1.75,1.7400000095367432,1.75,1.75,3400
2016-05-17,1.7899999618530273,1.8200000524520874,1.7000000476837158,1.7300000190734863,1.7300000190734863,15400
2016-05-18,1.7899999618530273,1.7899999618530273,1.7599999904632568,1.7799999713897705,1.7799999713897705,300
2016-05-19,1.7300000190734863,1.7999999523162842,1.7000000476837158,1.7200000286102295,1.7200000286102295,33800
2016-05-20,1.7200000286102295,1.7200000286102295,1.7200000286102295,1.7200000286102295,1.7200000286102295,0
2016-05-23,1.7599999904632568,1.7799999713897705,1.7300000190734863,1.7799999713897705,1.7799999713897705,700
2016-05-24,1.75,1.9700000286102295,1.75,1.940000057220459,1.940000057220459,21600
2016-05-25,2.0,2.0299999713897705,1.850000023841858,1.9199999570846558,1.9199999570846558,10400
2016-05-26,1.8799999952316284,1.8799999952316284,1.8799999952316284,1.8799999952316284,1.8799999952316284,600
2016-05-27,1.850000023841858,1.9199999570846558,1.850000023841858,1.9199999570846558,1.9199999570846558,1200
2016-05-31,1.8899999856948853,1.940000057220459,1.8799999952316284,1.8799999952316284,1.8799999952316284,3200
2016-06-01,1.8899999856948853,1.8899999856948853,1.7799999713897705,1.809999942779541,1.809999942779541,5600
2016-06-02,1.8799999952316284,1.8799999952316284,1.7799999713897705,1.850000023841858,1.850000023841858,1800
2016-06-03,1.8200000524520874,1.8200000524520874,1.809999942779541,1.809999942779541,1.809999942779541,400
2016-06-06,1.7999999523162842,1.7999999523162842,1.7999999523162842,1.7999999523162842,1.7999999523162842,200
2016-06-07,1.7799999713897705,1.7999999523162842,1.7799999713897705,1.7899999618530273,1.7899999618530273,12400
2016-06-08,1.8700000047683716,2.7899999618530273,1.7899999618530273,1.899999976158142,1.899999976158142,321900
2016-06-09,1.8899999856948853,2.0399999618530273,1.8799999952316284,1.899999976158142,1.899999976158142,30600
2016-06-10,1.909999966621399,1.909999966621399,1.7799999713897705,1.8600000143051147,1.8600000143051147,4800
2016-06-13,1.7999999523162842,1.8600000143051147,1.7999999523162842,1.7999999523162842,1.7999999523162842,4400
2016-06-14,1.7999999523162842,1.9800000190734863,1.7999999523162842,1.8200000524520874,1.8200000524520874,5400
2016-06-15,1.8700000047683716,1.8700000047683716,1.7999999523162842,1.7999999523162842,1.7999999523162842,6000
2016-06-16,1.8200000524520874,1.8300000429153442,1.8200000524520874,1.8300000429153442,1.8300000429153442,1200
2016-06-17,1.8700000047683716,1.8899999856948853,1.809999942779541,1.809999942779541,1.809999942779541,1100
2016-06-20,1.809999942779541,1.809999942779541,1.809999942779541,1.809999942779541,1.809999942779541,0
2016-06-21,2.069999933242798,2.069999933242798,1.7999999523162842,1.8600000143051147,1.8600000143051147,6100
2016-06-22,1.7999999523162842,1.840000033378601,1.7999999523162842,1.840000033378601,1.840000033378601,600
2016-06-23,1.8200000524520874,1.8300000429153442,1.7999999523162842,1.8300000429153442,1.8300000429153442,3400
2016-06-24,1.7799999713897705,1.9199999570846558,1.7799999713897705,1.809999942779541,1.809999942779541,3600
2016-06-27,1.7300000190734863,1.7899999618530273,1.7300000190734863,1.7899999618530273,1.7899999618530273,2100
2016-06-28,1.7799999713897705,1.7799999713897705,1.7799999713897705,1.7799999713897705,1.7799999713897705,2700
2016-06-29,1.7599999904632568,1.8799999952316284,1.7599999904632568,1.8300000429153442,1.8300000429153442,2300
2016-06-30,1.840000033378601,1.840000033378601,1.7799999713897705,1.7799999713897705,1.7799999713897705,900
2016-07-01,1.7899999618530273,1.7999999523162842,1.7899999618530273,1.7999999523162842,1.7999999523162842,800
2016-07-05,1.7999999523162842,1.7999999523162842,1.6699999570846558,1.6699999570846558,1.6699999570846558,10700
2016-07-06,1.7200000286102295,1.7799999713897705,1.7200000286102295,1.7300000190734863,1.7300000190734863,7600
2016-07-07,1.8300000429153442,1.8300000429153442,1.7000000476837158,1.7000000476837158,1.7000000476837158,3700
2016-07-08,1.7300000190734863,1.75,1.7200000286102295,1.7200000286102295,1.7200000286102295,5100
2016-07-11,1.690000057220459,1.7999999523162842,1.690000057220459,1.7999999523162842,1.7999999523162842,9400
2016-07-12,1.8200000524520874,1.8200000524520874,1.7300000190734863,1.7999999523162842,1.7999999523162842,1300
2016-07-13,1.7999999523162842,1.809999942779541,1.7200000286102295,1.7799999713897705,1.7799999713897705,3700
2016-07-14,1.7000000476837158,1.7000000476837158,1.5,1.590000033378601,1.590000033378601,9000
2016-07-15,1.7400000095367432,1.9800000190734863,1.6200000047683716,1.7599999904632568,1.7599999904632568,15800
2016-07-18,1.7599999904632568,1.7799999713897705,1.7599999904632568,1.7599999904632568,1.7599999904632568,1000
2016-07-19,1.7599999904632568,1.7599999904632568,1.7599999904632568,1.7599999904632568,1.7599999904632568,1300
2016-07-20,1.7599999904632568,2.4000000953674316,1.7599999904632568,2.0399999618530273,2.0399999618530273,342300
2016-07-21,2.0299999713897705,2.369999885559082,2.0299999713897705,2.119999885559082,2.119999885559082,48800
2016-07-22,2.0,2.0999999046325684,1.7999999523162842,1.8200000524520874,1.8200000524520874,11900
2016-07-25,1.840000033378601,2.0899999141693115,1.7799999713897705,1.940000057220459,1.940000057220459,38400
2016-07-26,1.9800000190734863,1.9800000190734863,1.8799999952316284,1.909999966621399,1.909999966621399,7700
2016-07-27,1.8700000047683716,2.4000000953674316,1.850000023841858,2.25,2.25,189900
2016-07-28,2.6500000953674316,2.740000009536743,1.9199999570846558,1.9900000095367432,1.9900000095367432,407600
2016-07-29,1.9800000190734863,2.0199999809265137,1.850000023841858,1.850000023841858,1.850000023841858,33400
2016-08-01,1.8600000143051147,1.940000057220459,1.7599999904632568,1.8200000524520874,1.8200000524520874,20400
2016-08-02,1.8200000524520874,1.8300000429153442,1.659999966621399,1.7699999809265137,1.7699999809265137,26400
2016-08-03,1.7000000476837158,1.7899999618530273,1.5499999523162842,1.7000000476837158,1.7000000476837158,65100
2016-08-04,1.7000000476837158,1.7699999809265137,1.7000000476837158,1.7699999809265137,1.7699999809265137,14800
2016-08-05,1.75,1.7799999713897705,1.7000000476837158,1.7300000190734863,1.7300000190734863,9700
2016-08-08,1.7100000381469727,1.7799999713897705,1.649999976158142,1.690000057220459,1.690000057220459,16700
2016-08-09,1.7799999713897705,1.7899999618530273,1.690000057220459,1.7599999904632568,1.7599999904632568,17400
2016-08-10,1.7200000286102295,1.7899999618530273,1.7000000476837158,1.75,1.75,4600
2016-08-11,1.7400000095367432,1.850000023841858,1.7400000095367432,1.8300000429153442,1.8300000429153442,59500
2016-08-12,1.7699999809265137,1.840000033378601,1.7300000190734863,1.75,1.75,9600
2016-08-15,1.850000023841858,1.850000023841858,1.75,1.7899999618530273,1.7899999618530273,8300
2016-08-16,1.7200000286102295,1.850000023841858,1.7200000286102295,1.8200000524520874,1.8200000524520874,21100
2016-08-17,1.809999942779541,1.8200000524520874,1.75,1.7999999523162842,1.7999999523162842,7200
2016-08-18,1.7999999523162842,1.850000023841858,1.7999999523162842,1.7999999523162842,1.7999999523162842,5000
2016-08-19,1.809999942779541,1.840000033378601,1.7999999523162842,1.8200000524520874,1.8200000524520874,5200
2016-08-22,1.7999999523162842,1.850000023841858,1.7999999523162842,1.8200000524520874,1.8200000524520874,7400
2016-08-23,1.809999942779541,1.8600000143051147,1.7799999713897705,1.7999999523162842,1.7999999523162842,19900
2016-08-24,1.7999999523162842,1.850000023841858,1.7100000381469727,1.8300000429153442,1.8300000429153442,14000
2016-08-25,1.8300000429153442,1.8600000143051147,1.8300000429153442,1.8600000143051147,1.8600000143051147,1300
2016-08-26,1.8300000429153442,1.8300000429153442,1.7999999523162842,1.7999999523162842,1.7999999523162842,5200
2016-08-29,1.809999942779541,1.8700000047683716,1.809999942779541,1.809999942779541,1.809999942779541,7800
2016-08-30,1.8600000143051147,1.8600000143051147,1.8300000429153442,1.840000033378601,1.840000033378601,1300
2016-08-31,1.840000033378601,1.8700000047683716,1.7999999523162842,1.8200000524520874,1.8200000524520874,20500
2016-09-01,1.8799999952316284,1.9600000381469727,1.8600000143051147,1.9500000476837158,1.9500000476837158,9700
2016-09-02,1.909999966621399,2.1700000762939453,1.909999966621399,2.119999885559082,2.119999885559082,21400
2016-09-06,2.200000047683716,2.200000047683716,1.9900000095367432,2.0899999141693115,2.0899999141693115,32200
2016-09-07,2.119999885559082,2.2100000381469727,2.009999990463257,2.140000104904175,2.140000104904175,14200
2016-09-08,2.0999999046325684,2.1500000953674316,2.0399999618530273,2.119999885559082,2.119999885559082,9800
2016-09-09,2.049999952316284,2.1600000858306885,1.9299999475479126,2.1500000953674316,2.1500000953674316,20900
2016-09-12,1.9900000095367432,2.0799999237060547,1.9199999570846558,1.9199999570846558,1.9199999570846558,13600
2016-09-13,2.009999990463257,2.009999990463257,1.8799999952316284,1.9600000381469727,1.9600000381469727,7400
2016-09-14,1.9199999570846558,2.0899999141693115,1.8799999952316284,1.8799999952316284,1.8799999952316284,7400
2016-09-15,1.909999966621399,2.009999990463257,1.8899999856948853,1.9500000476837158,1.9500000476837158,3400
2016-09-16,1.909999966621399,1.9600000381469727,1.899999976158142,1.9199999570846558,1.9199999570846558,2800
2016-09-19,1.909999966621399,1.9600000381469727,1.850000023841858,1.850000023841858,1.850000023841858,4000
2016-09-20,1.840000033378601,1.9500000476837158,1.840000033378601,1.8799999952316284,1.8799999952316284,1500
2016-09-21,1.9299999475479126,1.9299999475479126,1.8799999952316284,1.8799999952316284,1.8799999952316284,800
2016-09-22,1.8799999952316284,1.8799999952316284,1.8799999952316284,1.8799999952316284,1.8799999952316284,0
2016-09-23,1.899999976158142,1.899999976158142,1.850000023841858,1.8600000143051147,1.8600000143051147,2700
2016-09-26,1.8799999952316284,1.899999976158142,1.8799999952316284,1.899999976158142,1.899999976158142,2200
2016-09-27,1.9199999570846558,1.9700000286102295,1.899999976158142,1.909999966621399,1.909999966621399,5500
2016-09-28,1.8899999856948853,1.8899999856948853,1.8899999856948853,1.8899999856948853,1.8899999856948853,900
2016-09-29,1.9500000476837158,1.9500000476837158,1.7999999523162842,1.8300000429153442,1.8300000429153442,6200
2016-09-30,1.8300000429153442,1.850000023841858,1.8300000429153442,1.850000023841858,1.850000023841858,3600
2016-10-03,1.850000023841858,1.8600000143051147,1.8300000429153442,1.8300000429153442,1.8300000429153442,10700
2016-10-04,1.840000033378601,1.840000033378601,1.840000033378601,1.840000033378601,1.840000033378601,200
2016-10-05,1.8799999952316284,2.0899999141693115,1.8799999952316284,1.9500000476837158,1.9500000476837158,5900
2016-10-06,1.9199999570846558,2.059999942779541,1.9199999570846558,1.940000057220459,1.940000057220459,5800
2016-10-07,1.9600000381469727,2.059999942779541,1.899999976158142,2.0399999618530273,2.0399999618530273,25500
2016-10-10,2.0,2.059999942779541,1.9199999570846558,2.049999952316284,2.049999952316284,3800
2016-10-11,2.0199999809265137,2.0199999809265137,2.0199999809265137,2.0199999809265137,2.0199999809265137,200
2016-10-12,2.0199999809265137,2.0199999809265137,2.0199999809265137,2.0199999809265137,2.0199999809265137,0
2016-10-13,1.9299999475479126,2.0,1.9199999570846558,2.0,2.0,4500
2016-10-14,1.9199999570846558,2.0399999618530273,1.899999976158142,1.9600000381469727,1.9600000381469727,6200
2016-10-17,1.899999976158142,2.0,1.899999976158142,2.0,2.0,300
2016-10-18,1.899999976158142,2.0199999809265137,1.899999976158142,1.899999976158142,1.899999976158142,900
2016-10-19,1.8899999856948853,1.8899999856948853,1.7200000286102295,1.7999999523162842,1.7999999523162842,27300
2016-10-20,1.840000033378601,1.840000033378601,1.7999999523162842,1.809999942779541,1.809999942779541,2000
2016-10-21,1.850000023841858,1.850000023841858,1.850000023841858,1.850000023841858,1.850000023841858,4600
2016-10-24,1.8300000429153442,1.909999966621399,1.8300000429153442,1.909999966621399,1.909999966621399,5100
2016-10-25,1.9199999570846558,1.9199999570846558,1.909999966621399,1.909999966621399,1.909999966621399,1400
2016-10-26,1.8600000143051147,1.899999976158142,1.850000023841858,1.899999976158142,1.899999976158142,3400
2016-10-27,1.8799999952316284,1.8799999952316284,1.850000023841858,1.850000023841858,1.850000023841858,4700
2016-10-28,1.909999966621399,1.909999966621399,1.899999976158142,1.909999966621399,1.909999966621399,1500
2016-10-31,1.899999976158142,1.909999966621399,1.899999976158142,1.909999966621399,1.909999966621399,600
2016-11-01,1.8600000143051147,1.8600000143051147,1.8600000143051147,1.8600000143051147,1.8600000143051147,100
2016-11-02,1.8899999856948853,1.8899999856948853,1.8899999856948853,1.8899999856948853,1.8899999856948853,2700
2016-11-03,1.8899999856948853,1.8899999856948853,1.8899999856948853,1.8899999856948853,1.8899999856948853,0
2016-11-04,1.899999976158142,1.909999966621399,1.8899999856948853,1.909999966621399,1.909999966621399,9700
2016-11-07,1.8899999856948853,1.899999976158142,1.8799999952316284,1.899999976158142,1.899999976158142,10500
2016-11-08,1.8899999856948853,1.899999976158142,1.8899999856948853,1.899999976158142,1.899999976158142,700
2016-11-09,1.8799999952316284,1.8799999952316284,1.8700000047683716,1.8700000047683716,1.8700000047683716,4200
2016-11-10,1.8700000047683716,1.899999976158142,1.8300000429153442,1.899999976158142,1.899999976158142,3300
2016-11-11,1.899999976158142,1.899999976158142,1.850000023841858,1.850000023841858,1.850000023841858,3800
2016-11-14,1.850000023841858,2.0999999046325684,1.850000023841858,2.0199999809265137,2.0199999809265137,84100
2016-11-15,1.9700000286102295,1.9700000286102295,1.8799999952316284,1.899999976158142,1.899999976158142,7500
2016-11-16,2.059999942779541,2.059999942779541,1.850000023841858,1.8600000143051147,1.8600000143051147,24700
2016-11-17,1.899999976158142,1.909999966621399,1.8799999952316284,1.8799999952316284,1.8799999952316284,6600
2016-11-18,1.8899999856948853,1.8899999856948853,1.8899999856948853,1.8899999856948853,1.8899999856948853,600
2016-11-21,1.8700000047683716,1.8700000047683716,1.8700000047683716,1.8700000047683716,1.8700000047683716,300
2016-11-22,1.8600000143051147,1.8700000047683716,1.8600000143051147,1.8700000047683716,1.8700000047683716,1000
2016-11-23,1.8600000143051147,1.8600000143051147,1.8600000143051147,1.8600000143051147,1.8600000143051147,1300
2016-11-25,1.8700000047683716,1.8700000047683716,1.8700000047683716,1.8700000047683716,1.8700000047683716,1700
2016-11-28,1.9299999475479126,1.9299999475479126,1.850000023841858,1.850000023841858,1.850000023841858,2200
2016-11-29,1.8899999856948853,1.8899999856948853,1.850000023841858,1.850000023841858,1.850000023841858,3300
2016-11-30,1.850000023841858,1.850000023841858,1.850000023841858,1.850000023841858,1.850000023841858,1600
2016-12-01,1.850000023841858,1.850000023841858,1.850000023841858,1.850000023841858,1.850000023841858,300
2016-12-02,1.9199999570846558,1.9299999475479126,1.8600000143051147,1.8700000047683716,1.8700000047683716,8600
2016-12-05,1.899999976158142,1.9800000190734863,1.899999976158142,1.9600000381469727,1.9600000381469727,17000
2016-12-06,1.899999976158142,1.9600000381469727,1.7899999618530273,1.8600000143051147,1.8600000143051147,8300
2016-12-07,1.909999966621399,1.909999966621399,1.7899999618530273,1.840000033378601,1.840000033378601,17500
2016-12-08,1.8899999856948853,1.909999966621399,1.840000033378601,1.8600000143051147,1.8600000143051147,21300
2016-12-09,1.8600000143051147,1.8700000047683716,1.8600000143051147,1.8700000047683716,1.8700000047683716,500
2016-12-12,1.840000033378601,1.8600000143051147,1.840000033378601,1.850000023841858,1.850000023841858,3200
2016-12-13,1.850000023841858,1.8600000143051147,1.850000023841858,1.8600000143051147,1.8600000143051147,3100
2016-12-14,1.850000023841858,1.8899999856948853,1.850000023841858,1.8899999856948853,1.8899999856948853,1600
2016-12-15,1.850000023841858,1.8700000047683716,1.850000023841858,1.850000023841858,1.850000023841858,6100
2016-12-16,1.8600000143051147,1.8600000143051147,1.850000023841858,1.850000023841858,1.850000023841858,5400
2016-12-19,1.8600000143051147,1.8600000143051147,1.850000023841858,1.850000023841858,1.850000023841858,3400
2016-12-20,1.809999942779541,1.8600000143051147,1.7699999809265137,1.850000023841858,1.850000023841858,12200
2016-12-21,1.8200000524520874,1.8600000143051147,1.7599999904632568,1.7799999713897705,1.7799999713897705,18700
2016-12-22,1.850000023841858,1.9500000476837158,1.850000023841858,1.850000023841858,1.850000023841858,7300
2016-12-23,1.940000057220459,1.940000057220459,1.75,1.8200000524520874,1.8200000524520874,8800
2016-12-27,1.850000023841858,1.850000023841858,1.7599999904632568,1.7599999904632568,1.7599999904632568,6900
2016-12-28,1.7300000190734863,1.7999999523162842,1.7000000476837158,1.7000000476837158,1.7000000476837158,66800
2016-12-29,1.7000000476837158,1.8799999952316284,1.6699999570846558,1.840000033378601,1.840000033378601,43300
2016-12-30,1.8300000429153442,1.8300000429153442,1.7100000381469727,1.7999999523162842,1.7999999523162842,33800
2017-01-03,1.7999999523162842,1.8700000047683716,1.7699999809265137,1.8600000143051147,1.8600000143051147,49600
2017-01-04,1.7999999523162842,1.8600000143051147,1.7100000381469727,1.7100000381469727,1.7100000381469727,21700
2017-01-05,1.7999999523162842,1.7999999523162842,1.7200000286102295,1.7200000286102295,1.7200000286102295,9200
2017-01-06,1.7300000190734863,1.7999999523162842,1.7100000381469727,1.7100000381469727,1.7100000381469727,3900
2017-01-09,1.7599999904632568,1.7799999713897705,1.6399999856948853,1.7799999713897705,1.7799999713897705,30800
2017-01-10,1.7799999713897705,1.940000057220459,1.7300000190734863,1.7599999904632568,1.7599999904632568,39500
2017-01-11,1.7599999904632568,1.840000033378601,1.690000057220459,1.8300000429153442,1.8300000429153442,15400
2017-01-12,1.7999999523162842,1.8600000143051147,1.7000000476837158,1.7599999904632568,1.7599999904632568,33500
2017-01-13,1.7999999523162842,1.840000033378601,1.7300000190734863,1.7300000190734863,1.7300000190734863,3600
2017-01-17,1.75,1.8799999952316284,1.75,1.8700000047683716,1.8700000047683716,16200
2017-01-18,1.8799999952316284,3.359999895095825,1.8799999952316284,2.4200000762939453,2.4200000762939453,1952000
2017-01-19,2.5999999046325684,2.5999999046325684,2.119999885559082,2.180000066757202,2.180000066757202,97800
2017-01-20,2.1700000762939453,2.2799999713897705,1.9600000381469727,2.2799999713897705,2.2799999713897705,45200
2017-01-23,2.299999952316284,2.299999952316284,2.140000104904175,2.25,2.25,13500
2017-01-24,2.240000009536743,2.319999933242798,2.200000047683716,2.299999952316284,2.299999952316284,12000
2017-01-25,2.259999990463257,2.319999933242798,2.240000009536743,2.240000009536743,2.240000009536743,5400
2017-01-26,2.2899999618530273,2.390000104904175,2.109999895095825,2.3399999141693115,2.3399999141693115,11600
2017-01-27,2.359999895095825,2.450000047683716,2.2300000190734863,2.369999885559082,2.369999885559082,11500
2017-01-30,2.25,2.25,2.25,2.25,2.25,1000
2017-01-31,2.259999990463257,2.380000114440918,2.200000047683716,2.2300000190734863,2.2300000190734863,5300
2017-02-01,2.2200000286102295,2.390000104904175,2.2200000286102295,2.25,2.25,11700
2017-02-02,2.3399999141693115,2.3399999141693115,2.240000009536743,2.240000009536743,2.240000009536743,2900
2017-02-03,2.2899999618530273,2.3499999046325684,2.259999990463257,2.3499999046325684,2.3499999046325684,2000
2017-02-06,2.240000009536743,2.2899999618530273,2.240000009536743,2.2899999618530273,2.2899999618530273,700
2017-02-07,2.240000009536743,2.240000009536743,2.2300000190734863,2.2300000190734863,2.2300000190734863,700
2017-02-08,2.2300000190734863,2.2300000190734863,2.0899999141693115,2.109999895095825,2.109999895095825,8900
2017-02-09,2.0999999046325684,2.119999885559082,2.0999999046325684,2.119999885559082,2.119999885559082,6100
2017-02-10,2.140000104904175,2.180000066757202,2.0299999713897705,2.0999999046325684,2.0999999046325684,21600
2017-02-13,2.059999942779541,2.119999885559082,2.0199999809265137,2.0299999713897705,2.0299999713897705,20000
2017-02-14,2.069999933242798,2.0899999141693115,2.069999933242798,2.0899999141693115,2.0899999141693115,2500
2017-02-15,2.0299999713897705,2.0299999713897705,2.0299999713897705,2.0299999713897705,2.0299999713897705,300
2017-02-16,2.0799999237060547,2.180000066757202,2.0199999809265137,2.109999895095825,2.109999895095825,28000
2017-02-17,2.119999885559082,2.1700000762939453,2.0999999046325684,2.1700000762939453,2.1700000762939453,10300
2017-02-21,2.119999885559082,2.6700000762939453,2.109999895095825,2.190000057220459,2.190000057220459,202300
2017-02-22,2.1500000953674316,2.240000009536743,2.0,2.1500000953674316,2.1500000953674316,91100
2017-02-23,2.180000066757202,2.5299999713897705,2.0799999237060547,2.0799999237060547,2.0799999237060547,119400
2017-02-24,2.0999999046325684,2.200000047683716,2.0899999141693115,2.200000047683716,2.200000047683716,34300
2017-02-27,2.119999885559082,2.2200000286102295,2.119999885559082,2.200000047683716,2.200000047683716,9000
2017-02-28,2.1600000858306885,2.190000057220459,2.130000114440918,2.190000057220459,2.190000057220459,11300
2017-03-01,2.190000057220459,2.299999952316284,2.109999895095825,2.190000057220459,2.190000057220459,26600
2017-03-02,2.1500000953674316,2.1500000953674316,2.049999952316284,2.119999885559082,2.119999885559082,29000
2017-03-03,2.0999999046325684,2.140000104904175,2.059999942779541,2.069999933242798,2.069999933242798,14900
2017-03-06,2.109999895095825,2.200000047683716,2.049999952316284,2.200000047683716,2.200000047683716,23600
2017-03-07,2.1600000858306885,2.190000057220459,2.0899999141693115,2.130000114440918,2.130000114440918,24500
2017-03-08,2.119999885559082,2.140000104904175,2.109999895095825,2.119999885559082,2.119999885559082,3700
2017-03-09,2.130000114440918,2.1700000762939453,2.119999885559082,2.140000104904175,2.140000104904175,1300
2017-03-10,2.200000047683716,2.200000047683716,2.130000114440918,2.140000104904175,2.140000104904175,900
2017-03-13,2.130000114440918,2.140000104904175,2.119999885559082,2.130000114440918,2.130000114440918,3800
2017-03-14,2.119999885559082,2.130000114440918,2.119999885559082,2.130000114440918,2.130000114440918,2000
2017-03-15,2.109999895095825,2.109999895095825,2.109999895095825,2.109999895095825,2.109999895095825,500
2017-03-16,2.109999895095825,2.1500000953674316,2.109999895095825,2.1500000953674316,2.1500000953674316,1900
2017-03-17,2.140000104904175,2.180000066757202,2.130000114440918,2.180000066757202,2.180000066757202,5900
2017-03-20,2.1500000953674316,2.1500000953674316,2.069999933242798,2.130000114440918,2.130000114440918,20800
2017-03-21,2.0999999046325684,2.109999895095825,2.0899999141693115,2.0899999141693115,2.0899999141693115,28100
2017-03-22,2.0899999141693115,2.0899999141693115,2.0899999141693115,2.0899999141693115,2.0899999141693115,0
2017-03-23,2.1500000953674316,2.1500000953674316,2.069999933242798,2.0799999237060547,2.0799999237060547,3900
2017-03-24,2.0799999237060547,2.1700000762939453,2.0799999237060547,2.109999895095825,2.109999895095825,11800
2017-03-27,2.140000104904175,2.1500000953674316,2.109999895095825,2.1500000953674316,2.1500000953674316,4200
2017-03-28,2.1500000953674316,2.2100000381469727,2.130000114440918,2.1600000858306885,2.1600000858306885,28500
2017-03-29,2.140000104904175,2.200000047683716,2.0899999141693115,2.200000047683716,2.200000047683716,20200
2017-03-30,2.1600000858306885,2.25,2.1600000858306885,2.25,2.25,28700
2017-03-31,2.2300000190734863,2.2300000190734863,2.109999895095825,2.1600000858306885,2.1600000858306885,23200
2017-04-03,2.1600000858306885,2.1600000858306885,2.119999885559082,2.140000104904175,2.140000104904175,10400
2017-04-04,2.0999999046325684,2.1600000858306885,2.0799999237060547,2.130000114440918,2.130000114440918,18600
2017-04-05,2.1500000953674316,2.180000066757202,2.0199999809265137,2.049999952316284,2.049999952316284,64400
2017-04-06,2.049999952316284,2.2799999713897705,2.0199999809265137,2.0999999046325684,2.0999999046325684,40200
2017-04-07,2.0899999141693115,2.0999999046325684,2.059999942779541,2.059999942779541,2.059999942779541,10700
2017-04-10,2.0199999809265137,2.109999895095825,2.0199999809265137,2.059999942779541,2.059999942779541,20600
2017-04-11,2.059999942779541,2.109999895095825,2.0399999618530273,2.069999933242798,2.069999933242798,16700
2017-04-12,2.0799999237060547,2.0899999141693115,2.0,2.059999942779541,2.059999942779541,46500
2017-04-13,2.0299999713897705,2.0799999237060547,2.0299999713897705,2.0399999618530273,2.0399999618530273,10500
2017-04-17,2.0199999809265137,2.059999942779541,2.0199999809265137,2.049999952316284,2.049999952316284,3000
2017-04-18,2.0799999237060547,2.0799999237060547,2.0299999713897705,2.0299999713897705,2.0299999713897705,20900
2017-04-19,2.009999990463257,2.069999933242798,2.009999990463257,2.009999990463257,2.009999990463257,5800
2017-04-20,2.009999990463257,2.009999990463257,1.9199999570846558,1.9700000286102295,1.9700000286102295,30200
2017-04-21,1.9900000095367432,1.9900000095367432,1.9700000286102295,1.9800000190734863,1.9800000190734863,9500
2017-04-24,2.009999990463257,2.009999990463257,1.8899999856948853,1.9600000381469727,1.9600000381469727,8900
2017-04-25,1.9500000476837158,2.009999990463257,1.9500000476837158,1.9700000286102295,1.9700000286102295,16000
2017-04-26,1.9700000286102295,2.009999990463257,1.9700000286102295,1.9900000095367432,1.9900000095367432,2600
2017-04-27,1.9700000286102295,1.9700000286102295,1.9700000286102295,1.9700000286102295,1.9700000286102295,600
2017-04-28,1.9600000381469727,1.9700000286102295,1.9600000381469727,1.9600000381469727,1.9600000381469727,1000
2017-05-01,1.9600000381469727,2.0,1.9600000381469727,1.9600000381469727,1.9600000381469727,2800
2017-05-02,1.9600000381469727,2.4000000953674316,1.9600000381469727,2.1600000858306885,2.1600000858306885,231300
2017-05-03,2.359999895095825,2.380000114440918,1.940000057220459,1.940000057220459,1.940000057220459,139100
2017-05-04,1.940000057220459,1.940000057220459,1.7699999809265137,1.7799999713897705,1.7799999713897705,34300
2017-05-05,1.8200000524520874,1.8600000143051147,1.7999999523162842,1.7999999523162842,1.7999999523162842,7900
2017-05-08,1.7999999523162842,1.8700000047683716,1.7699999809265137,1.7999999523162842,1.7999999523162842,24900
2017-05-09,1.7899999618530273,1.850000023841858,1.600000023841858,1.75,1.75,28000
2017-05-10,1.7400000095367432,1.75,1.7000000476837158,1.7300000190734863,1.7300000190734863,5800
2017-05-11,1.6799999475479126,1.7100000381469727,1.6799999475479126,1.7000000476837158,1.7000000476837158,3700
2017-05-12,1.6799999475479126,1.690000057220459,1.6399999856948853,1.659999966621399,1.659999966621399,7000
2017-05-15,1.6399999856948853,1.7599999904632568,1.6100000143051147,1.7200000286102295,1.7200000286102295,29600
2017-05-16,2.200000047683716,2.200000047683716,1.8600000143051147,1.9199999570846558,1.9199999570846558,43600
2017-05-17,1.8899999856948853,1.8899999856948853,1.7999999523162842,1.8700000047683716,1.8700000047683716,11200
2017-05-18,1.8899999856948853,1.8899999856948853,1.7300000190734863,1.7799999713897705,1.7799999713897705,41800
2017-05-19,1.7699999809265137,1.840000033378601,1.75,1.8300000429153442,1.8300000429153442,1700
2017-05-22,1.8899999856948853,2.0899999141693115,1.7100000381469727,1.8799999952316284,1.8799999952316284,58200
2017-05-23,1.899999976158142,1.909999966621399,1.7899999618530273,1.840000033378601,1.840000033378601,39100
2017-05-24,1.840000033378601,1.840000033378601,1.7599999904632568,1.8300000429153442,1.8300000429153442,27800
2017-05-25,1.899999976158142,1.899999976158142,1.7899999618530273,1.8200000524520874,1.8200000524520874,4000
2017-05-26,1.8300000429153442,1.850000023841858,1.8200000524520874,1.850000023841858,1.850000023841858,8500
2017-05-30,1.840000033378601,1.8799999952316284,1.8300000429153442,1.8799999952316284,1.8799999952316284,5100
2017-05-31,1.8200000524520874,2.109999895095825,1.7799999713897705,1.8700000047683716,1.8700000047683716,108600
2017-06-01,1.8899999856948853,1.9900000095367432,1.75,1.9199999570846558,1.9199999570846558,40900
2017-06-02,1.8600000143051147,2.0999999046325684,1.8600000143051147,1.9900000095367432,1.9900000095367432,26100
2017-06-05,2.0799999237060547,2.109999895095825,2.069999933242798,2.0999999046325684,2.0999999046325684,16600
2017-06-06,2.049999952316284,2.049999952316284,2.0,2.0399999618530273,2.0399999618530273,14900
2017-06-07,2.0399999618530273,2.0399999618530273,2.0399999618530273,2.0399999618530273,2.0399999618530273,0
2017-06-08,2.059999942779541,2.059999942779541,2.0399999618530273,2.0399999618530273,2.0399999618530273,1700
2017-06-09,2.059999942779541,2.109999895095825,1.909999966621399,1.9199999570846558,1.9199999570846558,43100
2017-06-12,1.9500000476837158,2.0199999809265137,1.8700000047683716,2.0199999809265137,2.0199999809265137,20900
2017-06-13,2.0199999809265137,2.0899999141693115,1.9800000190734863,2.0,2.0,27400
2017-06-14,2.0399999618530273,2.0399999618530273,2.0,2.0,2.0,4200
2017-06-15,1.9800000190734863,1.9800000190734863,1.899999976158142,1.9800000190734863,1.9800000190734863,11200
2017-06-16,1.9500000476837158,1.9800000190734863,1.899999976158142,1.9600000381469727,1.9600000381469727,4800
2017-06-19,2.0,2.0299999713897705,1.899999976158142,1.9900000095367432,1.9900000095367432,2400
2017-06-20,1.940000057220459,2.059999942779541,1.940000057220459,2.049999952316284,2.049999952316284,7300
2017-06-21,2.049999952316284,2.049999952316284,1.940000057220459,1.9800000190734863,1.9800000190734863,8500
2017-06-22,2.0199999809265137,2.0299999713897705,1.9900000095367432,2.0299999713897705,2.0299999713897705,4400
2017-06-23,2.049999952316284,2.049999952316284,1.9700000286102295,2.0199999809265137,2.0199999809265137,1200
2017-06-26,2.0399999618530273,2.0399999618530273,2.0399999618530273,2.0399999618530273,2.0399999618530273,900
2017-06-27,2.0399999618530273,2.0399999618530273,1.9800000190734863,1.9800000190734863,1.9800000190734863,2800
2017-06-28,1.9900000095367432,1.9900000095367432,1.9900000095367432,1.9900000095367432,1.9900000095367432,300
2017-06-29,1.9500000476837158,1.9700000286102295,1.9500000476837158,1.9700000286102295,1.9700000286102295,1400
2017-06-30,1.9700000286102295,1.9700000286102295,1.9700000286102295,1.9700000286102295,1.9700000286102295,0
2017-07-03,2.049999952316284,2.049999952316284,2.0299999713897705,2.0299999713897705,2.0299999713897705,500
2017-07-05,2.069999933242798,2.0799999237060547,1.9500000476837158,2.0,2.0,2800
2017-07-06,2.0399999618530273,2.049999952316284,2.0,2.0,2.0,6700
2017-07-07,1.9700000286102295,1.9700000286102295,1.9600000381469727,1.9600000381469727,1.9600000381469727,1000
2017-07-10,2.049999952316284,2.0899999141693115,2.0399999618530273,2.049999952316284,2.049999952316284,26100
2017-07-11,2.190000057220459,2.200000047683716,2.009999990463257,2.009999990463257,2.009999990463257,3300
2017-07-12,2.200000047683716,2.200000047683716,2.009999990463257,2.009999990463257,2.009999990463257,12700
2017-07-13,2.109999895095825,2.109999895095825,2.009999990463257,2.0799999237060547,2.0799999237060547,3700
2017-07-14,2.0899999141693115,2.0899999141693115,2.0199999809265137,2.069999933242798,2.069999933242798,6200
2017-07-17,2.009999990463257,2.0199999809265137,1.9700000286102295,1.9700000286102295,1.9700000286102295,6800
2017-07-18,2.059999942779541,2.059999942779541,2.0,2.0199999809265137,2.0199999809265137,11400
2017-07-19,2.0799999237060547,2.0799999237060547,2.049999952316284,2.049999952316284,2.049999952316284,1800
2017-07-20,2.109999895095825,2.109999895095825,2.0399999618530273,2.049999952316284,2.049999952316284,10800
2017-07-21,2.0199999809265137,2.0199999809265137,1.9900000095367432,1.9900000095367432,1.9900000095367432,14800
2017-07-24,2.0899999141693115,2.0899999141693115,2.009999990463257,2.0199999809265137,2.0199999809265137,4200
2017-07-25,2.0,2.0999999046325684,1.9900000095367432,2.009999990463257,2.009999990463257,3800
2017-07-26,2.0399999618530273,2.0399999618530273,2.0199999809265137,2.0199999809265137,2.0199999809265137,900
2017-07-27,2.0199999809265137,2.0199999809265137,2.0199999809265137,2.0199999809265137,2.0199999809265137,0
2017-07-28,2.069999933242798,2.069999933242798,1.9600000381469727,2.009999990463257,2.009999990463257,20000
2017-07-31,2.059999942779541,2.059999942779541,1.9700000286102295,1.9700000286102295,1.9700000286102295,600
2017-08-01,2.0,2.069999933242798,2.0,2.009999990463257,2.009999990463257,3000
2017-08-02,2.0199999809265137,2.0199999809265137,2.0199999809265137,2.0199999809265137,2.0199999809265137,3900
2017-08-03,2.0199999809265137,2.0199999809265137,2.0,2.0,2.0,800
2017-08-04,1.9700000286102295,2.0399999618530273,1.9199999570846558,2.0399999618530273,2.0399999618530273,29600
2017-08-07,1.9600000381469727,2.0199999809265137,1.9299999475479126,2.0199999809265137,2.0199999809265137,7700
2017-08-08,1.940000057220459,1.9700000286102295,1.940000057220459,1.9700000286102295,1.9700000286102295,700
2017-08-09,1.940000057220459,2.0199999809265137,1.940000057220459,2.0199999809265137,2.0199999809265137,2000
2017-08-10,2.0,2.059999942779541,1.940000057220459,1.9500000476837158,1.9500000476837158,25300
2017-08-11,1.9800000190734863,1.9800000190734863,1.9800000190734863,1.9800000190734863,1.9800000190734863,4400
2017-08-14,2.069999933242798,2.069999933242798,1.940000057220459,1.940000057220459,1.940000057220459,600
2017-08-15,2.0999999046325684,2.0999999046325684,1.940000057220459,1.9500000476837158,1.9500000476837158,14100
2017-08-16,1.9800000190734863,1.9900000095367432,1.9800000190734863,1.9900000095367432,1.9900000095367432,1700
2017-08-17,2.059999942779541,2.0999999046325684,1.9900000095367432,2.0199999809265137,2.0199999809265137,3900
2017-08-18,2.0299999713897705,2.0299999713897705,2.0,2.0,2.0,3100
2017-08-21,1.940000057220459,1.9700000286102295,1.940000057220459,1.9500000476837158,1.9500000476837158,800
2017-08-22,2.0299999713897705,2.0299999713897705,2.0299999713897705,2.0299999713897705,2.0299999713897705,1000
2017-08-23,2.0199999809265137,2.1500000953674316,1.9500000476837158,1.9700000286102295,1.9700000286102295,23900
2017-08-24,1.9900000095367432,1.9900000095367432,1.9900000095367432,1.9900000095367432,1.9900000095367432,1000
2017-08-25,2.0,2.009999990463257,2.0,2.0,2.0,1700
2017-08-28,1.9700000286102295,1.9900000095367432,1.9700000286102295,1.9800000190734863,1.9800000190734863,400
2017-08-29,1.9700000286102295,1.9700000286102295,1.9700000286102295,1.9700000286102295,1.9700000286102295,300
2017-08-30,1.9700000286102295,1.9700000286102295,1.9700000286102295,1.9700000286102295,1.9700000286102295,0
2017-08-31,1.9900000095367432,2.009999990463257,1.940000057220459,1.940000057220459,1.940000057220459,16400
2017-09-01,1.940000057220459,1.9800000190734863,1.940000057220459,1.9800000190734863,1.9800000190734863,1200
2017-09-05,1.940000057220459,1.9700000286102295,1.940000057220459,1.9700000286102295,1.9700000286102295,700
2017-09-06,1.940000057220459,1.9600000381469727,1.940000057220459,1.9600000381469727,1.9600000381469727,500
2017-09-07,1.940000057220459,1.9700000286102295,1.940000057220459,1.9700000286102295,1.9700000286102295,1700
2017-09-08,1.940000057220459,1.940000057220459,1.8600000143051147,1.8700000047683716,1.8700000047683716,5800
2017-09-11,1.8600000143051147,1.8799999952316284,1.8600000143051147,1.8600000143051147,1.8600000143051147,4000
2017-09-12,1.8899999856948853,1.9500000476837158,1.8700000047683716,1.8700000047683716,1.8700000047683716,4100
2017-09-13,1.8600000143051147,1.9500000476837158,1.8600000143051147,1.8799999952316284,1.8799999952316284,1200
2017-09-14,1.909999966621399,1.909999966621399,1.8700000047683716,1.8700000047683716,1.8700000047683716,1400
2017-09-15,1.8600000143051147,1.9600000381469727,1.8600000143051147,1.9600000381469727,1.9600000381469727,2100
2017-09-18,1.9299999475479126,1.9900000095367432,1.8600000143051147,1.8600000143051147,1.8600000143051147,10500
2017-09-19,1.8899999856948853,1.9199999570846558,1.8899999856948853,1.909999966621399,1.909999966621399,1100
2017-09-20,1.899999976158142,1.899999976158142,1.8700000047683716,1.8700000047683716,1.8700000047683716,1400
2017-09-21,1.8700000047683716,1.8700000047683716,1.8700000047683716,1.8700000047683716,1.8700000047683716,0
2017-09-22,1.8799999952316284,1.8799999952316284,1.7999999523162842,1.7999999523162842,1.7999999523162842,4200
2017-09-25,1.7999999523162842,1.7999999523162842,1.7999999523162842,1.7999999523162842,1.7999999523162842,800
2017-09-26,1.7899999618530273,1.7899999618530273,1.6100000143051147,1.690000057220459,1.690000057220459,16600
2017-09-27,1.7799999713897705,1.7799999713897705,1.6100000143051147,1.6100000143051147,1.6100000143051147,3400
2017-09-28,1.7799999713897705,1.7799999713897705,1.5800000429153442,1.590000033378601,1.590000033378601,6300
2017-09-29,1.649999976158142,1.7000000476837158,1.600000023841858,1.6699999570846558,1.6699999570846558,5200
2017-10-02,1.649999976158142,1.690000057220459,1.6200000047683716,1.649999976158142,1.649999976158142,5900
2017-10-03,1.659999966621399,1.7300000190734863,1.6100000143051147,1.649999976158142,1.649999976158142,8300
2017-10-04,1.7000000476837158,1.7000000476837158,1.590000033378601,1.600000023841858,1.600000023841858,12500
2017-10-05,1.6100000143051147,1.649999976158142,1.6100000143051147,1.649999976158142,1.649999976158142,700
2017-10-06,1.649999976158142,1.649999976158142,1.6200000047683716,1.6200000047683716,1.6200000047683716,3100
2017-10-09,1.649999976158142,1.7000000476837158,1.6200000047683716,1.690000057220459,1.690000057220459,3300
2017-10-10,1.6299999952316284,1.7300000190734863,1.6299999952316284,1.7300000190734863,1.7300000190734863,3800
2017-10-11,1.659999966621399,1.7000000476837158,1.659999966621399,1.659999966621399,1.659999966621399,3800
2017-10-12,1.649999976158142,1.649999976158142,1.649999976158142,1.649999976158142,1.649999976158142,300
2017-10-13,1.659999966621399,1.690000057220459,1.659999966621399,1.6799999475479126,1.6799999475479126,1300
2017-10-16,1.7599999904632568,1.7699999809265137,1.659999966621399,1.6699999570846558,1.6699999570846558,1300
2017-10-17,1.659999966621399,1.659999966621399,1.590000033378601,1.590000033378601,1.590000033378601,12100
2017-10-18,1.6299999952316284,1.7699999809265137,1.590000033378601,1.6699999570846558,1.6699999570846558,23300
2017-10-19,1.6699999570846558,1.6699999570846558,1.6699999570846558,1.6699999570846558,1.6699999570846558,0
2017-10-20,1.6799999475479126,1.7000000476837158,1.6100000143051147,1.6799999475479126,1.6799999475479126,3900
2017-10-23,1.6200000047683716,1.7000000476837158,1.6200000047683716,1.7000000476837158,1.7000000476837158,5300
2017-10-24,1.7000000476837158,1.7000000476837158,1.6399999856948853,1.6399999856948853,1.6399999856948853,8200
2017-10-25,1.649999976158142,1.649999976158142,1.649999976158142,1.649999976158142,1.649999976158142,500
2017-10-26,1.6399999856948853,1.6399999856948853,1.6399999856948853,1.6399999856948853,1.6399999856948853,200
2017-10-27,1.6399999856948853,1.6399999856948853,1.6399999856948853,1.6399999856948853,1.6399999856948853,200
2017-10-30,1.6399999856948853,1.6399999856948853,1.6399999856948853,1.6399999856948853,1.6399999856948853,1600
2017-10-31,1.6100000143051147,1.6399999856948853,1.6100000143051147,1.6399999856948853,1.6399999856948853,5400
2017-11-01,1.6399999856948853,1.6399999856948853,1.6399999856948853,1.6399999856948853,1.6399999856948853,0
2017-11-02,1.590000033378601,1.6399999856948853,1.590000033378601,1.6399999856948853,1.6399999856948853,400
2017-11-03,1.6200000047683716,1.6200000047683716,1.6200000047683716,1.6200000047683716,1.6200000047683716,200
2017-11-06,1.6200000047683716,1.6200000047683716,1.6200000047683716,1.6200000047683716,1.6200000047683716,1600
2017-11-07,1.600000023841858,1.6100000143051147,1.600000023841858,1.6100000143051147,1.6100000143051147,900
2017-11-08,1.6100000143051147,1.6100000143051147,1.6100000143051147,1.6100000143051147,1.6100000143051147,0
2017-11-09,1.649999976158142,1.649999976158142,1.6100000143051147,1.6100000143051147,1.6100000143051147,6000
2017-11-10,1.6399999856948853,1.940000057220459,1.6299999952316284,1.7100000381469727,1.7100000381469727,109000
2017-11-13,1.6200000047683716,1.7100000381469727,1.6100000143051147,1.6100000143051147,1.6100000143051147,5600
2017-11-14,1.690000057220459,1.690000057220459,1.649999976158142,1.659999966621399,1.659999966621399,6900
2017-11-15,1.6100000143051147,2.2300000190734863,1.6100000143051147,1.909999966621399,1.909999966621399,371700
2017-11-16,1.899999976158142,2.869999885559082,1.7999999523162842,2.069999933242798,2.069999933242798,347100
2017-11-17,1.8200000524520874,1.909999966621399,1.7200000286102295,1.7599999904632568,1.7599999904632568,37300
2017-11-20,1.7899999618530273,2.0199999809265137,1.7599999904632568,1.8300000429153442,1.8300000429153442,17200
2017-11-21,1.9700000286102295,1.9700000286102295,1.7799999713897705,1.7899999618530273,1.7899999618530273,23800
2017-11-22,1.7699999809265137,1.7699999809265137,1.6799999475479126,1.7100000381469727,1.7100000381469727,11100
2017-11-24,1.7300000190734863,1.809999942779541,1.6799999475479126,1.6799999475479126,1.6799999475479126,6600
2017-11-27,1.7000000476837158,1.7100000381469727,1.6100000143051147,1.6100000143051147,1.6100000143051147,16200
2017-11-28,1.690000057220459,1.690000057220459,1.590000033378601,1.590000033378601,1.590000033378601,13000
2017-11-29,1.6200000047683716,1.649999976158142,1.5199999809265137,1.5700000524520874,1.5700000524520874,26000
2017-11-30,1.5700000524520874,1.6299999952316284,1.4800000190734863,1.5099999904632568,1.5099999904632568,25100
2017-12-01,1.5199999809265137,1.5499999523162842,1.409999966621399,1.4800000190734863,1.4800000190734863,8100
2017-12-04,1.4900000095367432,1.5499999523162842,1.4700000286102295,1.4800000190734863,1.4800000190734863,8700
2017-12-05,1.4500000476837158,1.5199999809265137,1.3300000429153442,1.3799999952316284,1.3799999952316284,5800
2017-12-06,1.4199999570846558,1.4500000476837158,1.350000023841858,1.409999966621399,1.409999966621399,16200
2017-12-07,1.3799999952316284,1.399999976158142,1.2799999713897705,1.350000023841858,1.350000023841858,28900
2017-12-08,1.399999976158142,1.4299999475479126,1.2899999618530273,1.350000023841858,1.350000023841858,13900
2017-12-11,1.3799999952316284,1.4299999475479126,1.3300000429153442,1.340000033378601,1.340000033378601,9700
2017-12-12,1.3200000524520874,1.7000000476837158,1.2899999618530273,1.5700000524520874,1.5700000524520874,197500
2017-12-13,1.6399999856948853,1.7000000476837158,1.340000033378601,1.3799999952316284,1.3799999952316284,63400
2017-12-14,1.3600000143051147,1.4800000190734863,1.2999999523162842,1.4700000286102295,1.4700000286102295,52000
2017-12-15,1.3700000047683716,1.4700000286102295,1.3200000524520874,1.3200000524520874,1.3200000524520874,11800
2017-12-18,1.2999999523162842,1.409999966621399,1.2899999618530273,1.2999999523162842,1.2999999523162842,33100
2017-12-19,1.2999999523162842,1.340000033378601,1.2799999713897705,1.309999942779541,1.309999942779541,9700
2017-12-20,1.2999999523162842,1.3200000524520874,1.2000000476837158,1.3200000524520874,1.3200000524520874,12700
2017-12-21,1.2999999523162842,1.3200000524520874,1.2000000476837158,1.25,1.25,8200
2017-12-22,1.2799999713897705,1.5199999809265137,1.2799999713897705,1.340000033378601,1.340000033378601,129300
2017-12-26,1.350000023841858,1.399999976158142,1.2999999523162842,1.3300000429153442,1.3300000429153442,19100
2017-12-27,1.2999999523162842,1.340000033378601,1.2999999523162842,1.2999999523162842,1.2999999523162842,7800
2017-12-28,1.2799999713897705,1.3799999952316284,1.25,1.3700000047683716,1.3700000047683716,24300
2017-12-29,1.3300000429153442,1.8799999952316284,1.2699999809265137,1.7000000476837158,1.7000000476837158,208500
2018-01-02,1.7599999904632568,3.9000000953674316,1.4900000095367432,1.5800000429153442,1.5800000429153442,4182700
2018-01-03,1.7400000095367432,3.1500000953674316,1.7000000476837158,2.200000047683716,2.200000047683716,3870200
2018-01-04,2.2699999809265137,2.4000000953674316,2.0,2.0399999618530273,2.0399999618530273,406900
2018-01-05,2.0399999618530273,2.069999933242798,1.7599999904632568,1.8700000047683716,1.8700000047683716,213900
2018-01-08,1.840000033378601,1.9900000095367432,1.7100000381469727,1.809999942779541,1.809999942779541,244900
2018-01-09,1.899999976158142,1.899999976158142,1.6699999570846558,1.690000057220459,1.690000057220459,68300
2018-01-10,1.690000057220459,1.840000033378601,1.6399999856948853,1.6699999570846558,1.6699999570846558,313000
2018-01-11,1.7000000476837158,1.9500000476837158,1.6799999475479126,1.7400000095367432,1.7400000095367432,304700
2018-01-12,1.7599999904632568,1.7699999809265137,1.649999976158142,1.7000000476837158,1.7000000476837158,40900
2018-01-16,1.7100000381469727,1.7300000190734863,1.649999976158142,1.6799999475479126,1.6799999475479126,68900
2018-01-17,1.649999976158142,1.8899999856948853,1.649999976158142,1.7000000476837158,1.7000000476837158,118300
2018-01-18,1.6799999475479126,1.9500000476837158,1.659999966621399,1.809999942779541,1.809999942779541,278700
2018-01-19,1.850000023841858,1.8799999952316284,1.7100000381469727,1.7300000190734863,1.7300000190734863,75400
2018-01-22,1.7699999809265137,2.5999999046325684,1.6799999475479126,1.7999999523162842,1.7999999523162842,2315000
2018-01-23,1.8300000429153442,1.8300000429153442,1.7000000476837158,1.7899999618530273,1.7899999618530273,102100
2018-01-24,1.7799999713897705,1.7799999713897705,1.659999966621399,1.6799999475479126,1.6799999475479126,89800
2018-01-25,1.649999976158142,1.649999976158142,1.5800000429153442,1.6100000143051147,1.6100000143051147,103500
2018-01-26,1.6100000143051147,1.7000000476837158,1.5099999904632568,1.5199999809265137,1.5199999809265137,89800
2018-01-29,1.5399999618530273,1.5800000429153442,1.5,1.5,1.5,115700
2018-01-30,1.5,1.5199999809265137,1.3799999952316284,1.3899999856948853,1.3899999856948853,88800
2018-01-31,1.399999976158142,1.4500000476837158,1.3200000524520874,1.3899999856948853,1.3899999856948853,58300
2018-02-01,1.399999976158142,1.6200000047683716,1.3200000524520874,1.3799999952316284,1.3799999952316284,237300
2018-02-02,1.350000023841858,1.399999976158142,1.25,1.309999942779541,1.309999942779541,110400
2018-02-05,1.2899999618530273,2.0999999046325684,1.2699999809265137,1.440000057220459,1.440000057220459,1584600
2018-02-06,1.5299999713897705,1.5800000429153442,1.4199999570846558,1.4500000476837158,1.4500000476837158,83000
2018-02-07,1.440000057220459,1.559999942779541,1.4199999570846558,1.4800000190734863,1.4800000190734863,203500
2018-02-08,1.5,1.5,1.4500000476837158,1.4700000286102295,1.4700000286102295,69800
2018-02-09,1.4500000476837158,1.4900000095367432,1.4500000476837158,1.4700000286102295,1.4700000286102295,53700
2018-02-12,1.4600000381469727,1.590000033378601,1.3799999952316284,1.5800000429153442,1.5800000429153442,173900
2018-02-13,1.5700000524520874,1.7100000381469727,1.4800000190734863,1.6299999952316284,1.6299999952316284,180800
2018-02-14,1.659999966621399,1.659999966621399,1.5499999523162842,1.590000033378601,1.590000033378601,50200
2018-02-15,1.5700000524520874,1.6799999475479126,1.5499999523162842,1.649999976158142,1.649999976158142,171200
2018-02-16,1.7100000381469727,1.7400000095367432,1.600000023841858,1.6799999475479126,1.6799999475479126,117200
2018-02-20,1.7200000286102295,1.7899999618530273,1.649999976158142,1.7300000190734863,1.7300000190734863,75600
2018-02-21,1.7000000476837158,1.7599999904632568,1.7000000476837158,1.7100000381469727,1.7100000381469727,52700
2018-02-22,1.7799999713897705,1.7899999618530273,1.5499999523162842,1.6200000047683716,1.6200000047683716,38500
2018-02-23,1.6799999475479126,1.7400000095367432,1.4700000286102295,1.6200000047683716,1.6200000047683716,30800
2018-02-26,1.6299999952316284,1.6799999475479126,1.600000023841858,1.6299999952316284,1.6299999952316284,3400
2018-02-27,1.6399999856948853,1.8899999856948853,1.5099999904632568,1.8899999856948853,1.8899999856948853,202900
2018-02-28,1.8700000047683716,2.299999952316284,1.649999976158142,1.6799999475479126,1.6799999475479126,478100
2018-03-01,1.690000057220459,1.7200000286102295,1.6200000047683716,1.690000057220459,1.690000057220459,43500
2018-03-02,1.690000057220459,1.7300000190734863,1.600000023841858,1.659999966621399,1.659999966621399,36400
2018-03-05,1.649999976158142,1.7699999809265137,1.649999976158142,1.7400000095367432,1.7400000095367432,60300
2018-03-06,1.75,1.7599999904632568,1.7100000381469727,1.7599999904632568,1.7599999904632568,10400
2018-03-07,1.7699999809265137,1.7699999809265137,1.7400000095367432,1.7400000095367432,1.7400000095367432,4900
2018-03-08,1.7599999904632568,2.0,1.649999976158142,1.7000000476837158,1.7000000476837158,284500
2018-03-09,1.8200000524520874,1.8899999856948853,1.6799999475479126,1.7699999809265137,1.7699999809265137,143800
2018-03-12,1.7999999523162842,1.8200000524520874,1.6799999475479126,1.7899999618530273,1.7899999618530273,33400
2018-03-13,1.7599999904632568,1.7899999618530273,1.649999976158142,1.690000057220459,1.690000057220459,73500
2018-03-14,1.649999976158142,1.7899999618530273,1.649999976158142,1.6799999475479126,1.6799999475479126,125300
2018-03-15,1.6699999570846558,1.7899999618530273,1.649999976158142,1.690000057220459,1.690000057220459,154600
2018-03-16,1.6799999475479126,1.75,1.649999976158142,1.6699999570846558,1.6699999570846558,30600
2018-03-19,1.6699999570846558,1.690000057220459,1.5800000429153442,1.6200000047683716,1.6200000047683716,61200
2018-03-20,1.6299999952316284,1.7000000476837158,1.6200000047683716,1.659999966621399,1.659999966621399,10400
2018-03-21,1.649999976158142,1.7400000095367432,1.6200000047683716,1.6200000047683716,1.6200000047683716,41900
2018-03-22,1.7000000476837158,1.7000000476837158,1.590000033378601,1.6100000143051147,1.6100000143051147,39400
2018-03-23,1.6399999856948853,1.7300000190734863,1.590000033378601,1.6299999952316284,1.6299999952316284,30800
2018-03-26,1.6299999952316284,1.6699999570846558,1.600000023841858,1.6100000143051147,1.6100000143051147,32400
2018-03-27,1.6399999856948853,1.6399999856948853,1.600000023841858,1.6100000143051147,1.6100000143051147,18800
2018-03-28,1.6100000143051147,1.6200000047683716,1.5399999618530273,1.5499999523162842,1.5499999523162842,68000
2018-03-29,1.5499999523162842,1.6399999856948853,1.5199999809265137,1.5499999523162842,1.5499999523162842,12000
2018-04-02,1.5299999713897705,1.899999976158142,1.5299999713897705,1.6200000047683716,1.6200000047683716,320300
2018-04-03,1.649999976158142,1.8899999856948853,1.600000023841858,1.659999966621399,1.659999966621399,114300
2018-04-04,1.6699999570846558,1.8799999952316284,1.6699999570846558,1.7799999713897705,1.7799999713897705,90600
2018-04-05,1.840000033378601,1.8700000047683716,1.7899999618530273,1.850000023841858,1.850000023841858,39200
2018-04-06,1.8799999952316284,1.899999976158142,1.690000057220459,1.8200000524520874,1.8200000524520874,96000
2018-04-09,1.7799999713897705,1.8899999856948853,1.7799999713897705,1.8799999952316284,1.8799999952316284,11500
2018-04-10,1.899999976158142,1.9800000190734863,1.8300000429153442,1.8700000047683716,1.8700000047683716,57400
2018-04-11,1.899999976158142,1.9600000381469727,1.8700000047683716,1.9199999570846558,1.9199999570846558,23900
2018-04-12,1.9600000381469727,1.9800000190734863,1.7999999523162842,1.8700000047683716,1.8700000047683716,30900
2018-04-13,1.850000023841858,1.9500000476837158,1.850000023841858,1.909999966621399,1.909999966621399,14800
2018-04-16,1.8899999856948853,1.9800000190734863,1.7999999523162842,1.9500000476837158,1.9500000476837158,21400
2018-04-17,1.9700000286102295,1.9900000095367432,1.909999966621399,1.9500000476837158,1.9500000476837158,8300
2018-04-18,1.9900000095367432,2.1700000762939453,1.9500000476837158,2.140000104904175,2.140000104904175,75200
2018-04-19,2.200000047683716,2.4000000953674316,2.1700000762939453,2.240000009536743,2.240000009536743,107700
2018-04-20,2.3399999141693115,2.4200000762939453,2.25,2.4200000762939453,2.4200000762939453,95700
2018-04-23,2.4700000286102295,2.4700000286102295,2.359999895095825,2.440000057220459,2.440000057220459,42900
2018-04-24,2.5,2.559999942779541,2.1600000858306885,2.369999885559082,2.369999885559082,50600
2018-04-25,2.319999933242798,2.3499999046325684,2.119999885559082,2.25,2.25,15700
2018-04-26,2.259999990463257,2.390000104904175,2.240000009536743,2.390000104904175,2.390000104904175,13600
2018-04-27,2.299999952316284,2.390000104904175,2.299999952316284,2.369999885559082,2.369999885559082,10400
2018-04-30,2.380000114440918,2.4100000858306885,2.25,2.4100000858306885,2.4100000858306885,6300
2018-05-01,2.390000104904175,2.390000104904175,2.309999942779541,2.359999895095825,2.359999895095825,10600
2018-05-02,2.3499999046325684,2.380000114440918,2.2899999618530273,2.3299999237060547,2.3299999237060547,26100
2018-05-03,2.299999952316284,2.359999895095825,2.299999952316284,2.3399999141693115,2.3399999141693115,6600
2018-05-04,2.3299999237060547,2.5999999046325684,2.299999952316284,2.440000057220459,2.440000057220459,193200
2018-05-07,2.5299999713897705,2.5299999713897705,2.359999895095825,2.4700000286102295,2.4700000286102295,21800
2018-05-08,2.5199999809265137,2.6700000762939453,2.450000047683716,2.549999952316284,2.549999952316284,75500
2018-05-09,2.5899999141693115,2.7899999618530273,2.390000104904175,2.700000047683716,2.700000047683716,181200
2018-05-10,2.7899999618530273,2.8499999046325684,2.609999895095825,2.690000057220459,2.690000057220459,88800
2018-05-11,2.7200000286102295,2.7699999809265137,2.6700000762939453,2.690000057220459,2.690000057220459,36300
2018-05-14,2.7300000190734863,2.740000009536743,2.559999942779541,2.559999942779541,2.559999942779541,26900
2018-05-15,2.549999952316284,2.549999952316284,2.009999990463257,2.25,2.25,66600
2018-05-16,2.2300000190734863,2.380000114440918,2.1500000953674316,2.2100000381469727,2.2100000381469727,19500
2018-05-17,2.25,2.559999942779541,2.200000047683716,2.2799999713897705,2.2799999713897705,34700
2018-05-18,2.2100000381469727,2.2699999809265137,2.119999885559082,2.2300000190734863,2.2300000190734863,9600
2018-05-21,2.200000047683716,2.200000047683716,2.109999895095825,2.119999885559082,2.119999885559082,12500
2018-05-22,2.0799999237060547,2.190000057220459,2.0799999237060547,2.140000104904175,2.140000104904175,8500
2018-05-23,2.190000057220459,2.190000057220459,2.0199999809265137,2.0199999809265137,2.0199999809265137,15000
2018-05-24,2.1500000953674316,6.579999923706055,2.1500000953674316,5.150000095367432,5.150000095367432,16458700
2018-05-25,4.5,4.900000095367432,3.8299999237060547,3.9700000286102295,3.9700000286102295,1893900
2018-05-29,3.9000000953674316,4.800000190734863,3.7699999809265137,3.950000047683716,3.950000047683716,1420100
2018-05-30,3.799999952316284,3.9700000286102295,3.4100000858306885,3.4100000858306885,3.4100000858306885,198000
2018-05-31,3.390000104904175,3.809999942779541,3.2699999809265137,3.5799999237060547,3.5799999237060547,123800
2018-06-01,3.549999952316284,3.8499999046325684,3.369999885559082,3.7100000381469727,3.7100000381469727,189500
2018-06-04,3.799999952316284,4.300000190734863,3.450000047683716,3.569999933242798,3.569999933242798,773600
2018-06-05,3.549999952316284,3.559999942779541,3.4000000953674316,3.4200000762939453,3.4200000762939453,72100
2018-06-06,3.440000057220459,3.440000057220459,3.0799999237060547,3.3399999141693115,3.3399999141693115,183100
2018-06-07,3.4100000858306885,3.5299999713897705,3.200000047683716,3.4000000953674316,3.4000000953674316,58300
2018-06-08,3.4000000953674316,3.4000000953674316,3.1700000762939453,3.359999895095825,3.359999895095825,30300
2018-06-11,3.369999885559082,3.5899999141693115,3.359999895095825,3.440000057220459,3.440000057220459,56100
2018-06-12,3.4000000953674316,3.549999952316284,3.1600000858306885,3.319999933242798,3.319999933242798,52600
2018-06-13,3.4100000858306885,3.4200000762939453,3.3499999046325684,3.4200000762939453,3.4200000762939453,20400
2018-06-14,3.440000057220459,3.549999952316284,3.3299999237060547,3.490000009536743,3.490000009536743,45300
2018-06-15,3.4600000381469727,3.4800000190734863,3.319999933242798,3.380000114440918,3.380000114440918,20300
2018-06-18,3.4000000953674316,3.4100000858306885,3.2100000381469727,3.359999895095825,3.359999895095825,42000
2018-06-19,3.569999933242798,3.9800000190734863,3.069999933242798,3.180000066757202,3.180000066757202,617700
2018-06-20,3.180000066757202,3.180000066757202,2.880000114440918,3.0,3.0,241700
2018-06-21,2.880000114440918,2.9800000190734863,2.859999895095825,2.940000057220459,2.940000057220459,42200
2018-06-22,2.9000000953674316,2.930000066757202,2.7799999713897705,2.9000000953674316,2.9000000953674316,66800
2018-06-25,2.869999885559082,3.130000114440918,2.809999942779541,2.8499999046325684,2.8499999046325684,110400
2018-06-26,2.869999885559082,3.180000066757202,2.819999933242798,2.950000047683716,2.950000047683716,90800
2018-06-27,2.9700000286102295,2.9700000286102295,2.6600000858306885,2.7100000381469727,2.7100000381469727,68600
2018-06-28,2.7799999713897705,2.7799999713897705,2.5,2.5899999141693115,2.5899999141693115,39200
2018-06-29,2.5899999141693115,2.630000114440918,2.3399999141693115,2.619999885559082,2.619999885559082,18000
2018-07-02,2.640000104904175,2.940000057220459,2.5799999237060547,2.75,2.75,55700
2018-07-03,2.759999990463257,2.809999942779541,2.630000114440918,2.759999990463257,2.759999990463257,16200
2018-07-05,2.7100000381469727,2.7100000381469727,2.6600000858306885,2.690000057220459,2.690000057220459,5100
2018-07-06,2.75,2.759999990463257,2.6600000858306885,2.680000066757202,2.680000066757202,13700
2018-07-09,2.680000066757202,2.7699999809265137,2.609999895095825,2.7200000286102295,2.7200000286102295,29300
2018-07-10,2.740000009536743,3.7799999713897705,2.6600000858306885,2.6600000858306885,2.6600000858306885,1362500
2018-07-11,2.6500000953674316,2.7799999713897705,2.559999942779541,2.6700000762939453,2.6700000762939453,61800
2018-07-12,2.609999895095825,2.609999895095825,2.369999885559082,2.559999942779541,2.559999942779541,50600
2018-07-13,2.5399999618530273,2.630000114440918,2.490000009536743,2.490000009536743,2.490000009536743,14100
2018-07-16,2.490000009536743,2.5399999618530273,2.4200000762939453,2.4200000762939453,2.4200000762939453,12500
2018-07-17,2.4000000953674316,2.759999990463257,2.4000000953674316,2.6600000858306885,2.6600000858306885,90000
2018-07-18,2.619999885559082,2.6500000953674316,2.5299999713897705,2.5299999713897705,2.5299999713897705,12300
2018-07-19,2.509999990463257,2.7300000190734863,2.509999990463257,2.630000114440918,2.630000114440918,11000
2018-07-20,2.609999895095825,2.869999885559082,2.5799999237060547,2.5999999046325684,2.5999999046325684,24800
2018-07-23,2.640000104904175,2.6600000858306885,2.559999942779541,2.5899999141693115,2.5899999141693115,12200
2018-07-24,2.5199999809265137,2.6600000858306885,2.509999990463257,2.5299999713897705,2.5299999713897705,21900
2018-07-25,2.5,2.7300000190734863,2.5,2.5399999618530273,2.5399999618530273,15900
2018-07-26,2.569999933242798,2.7100000381469727,2.549999952316284,2.640000104904175,2.640000104904175,3900
2018-07-27,2.640000104904175,2.6700000762939453,2.549999952316284,2.569999933242798,2.569999933242798,14400
2018-07-30,2.569999933242798,2.5899999141693115,2.450000047683716,2.5,2.5,23500
2018-07-31,2.5899999141693115,2.5899999141693115,2.4100000858306885,2.440000057220459,2.440000057220459,6500
2018-08-01,2.440000057220459,2.6700000762939453,2.4200000762939453,2.630000114440918,2.630000114440918,67100
2018-08-02,2.609999895095825,2.609999895095825,2.5399999618530273,2.559999942779541,2.559999942779541,5500
2018-08-03,2.640000104904175,2.8499999046325684,2.490000009536743,2.819999933242798,2.819999933242798,78800
2018-08-06,2.799999952316284,3.3399999141693115,2.5799999237060547,2.5799999237060547,2.5799999237060547,294000
2018-08-07,2.609999895095825,2.7300000190734863,2.569999933242798,2.5999999046325684,2.5999999046325684,18500
2018-08-08,2.6700000762939453,2.700000047683716,2.569999933242798,2.6500000953674316,2.6500000953674316,17800
2018-08-09,2.569999933242798,2.700000047683716,2.569999933242798,2.680000066757202,2.680000066757202,62000
2018-08-10,2.6600000858306885,2.680000066757202,2.619999885559082,2.630000114440918,2.630000114440918,10800
2018-08-13,2.609999895095825,2.700000047683716,2.509999990463257,2.559999942779541,2.559999942779541,9300
2018-08-14,2.630000114440918,2.6500000953674316,2.5799999237060547,2.5999999046325684,2.5999999046325684,3300
2018-08-15,2.630000114440918,2.6500000953674316,2.559999942779541,2.6500000953674316,2.6500000953674316,13700
2018-08-16,2.640000104904175,2.9200000762939453,2.640000104904175,2.9200000762939453,2.9200000762939453,33100
2018-08-17,2.9000000953674316,3.0399999618530273,2.700000047683716,2.8299999237060547,2.8299999237060547,46900
2018-08-20,2.799999952316284,2.9700000286102295,2.7100000381469727,2.799999952316284,2.799999952316284,9600
2018-08-21,2.7799999713897705,3.0299999713897705,2.7799999713897705,2.880000114440918,2.880000114440918,46500
2018-08-22,2.9000000953674316,3.0,2.9000000953674316,2.9200000762939453,2.9200000762939453,28300
2018-08-23,2.8399999141693115,2.930000066757202,2.75,2.75,2.75,8300
2018-08-24,2.8499999046325684,2.950000047683716,2.809999942779541,2.809999942779541,2.809999942779541,7900
2018-08-27,2.819999933242798,2.930000066757202,2.819999933242798,2.8299999237060547,2.8299999237060547,10000
2018-08-28,2.8499999046325684,2.950000047683716,2.7799999713897705,2.940000057220459,2.940000057220459,14600
2018-08-29,2.950000047683716,2.9700000286102295,2.8399999141693115,2.950000047683716,2.950000047683716,27900
2018-08-30,2.930000066757202,2.950000047683716,2.8499999046325684,2.940000057220459,2.940000057220459,5200
2018-08-31,2.9200000762939453,2.950000047683716,2.799999952316284,2.799999952316284,2.799999952316284,15500
2018-09-04,2.9100000858306885,2.950000047683716,2.819999933242798,2.950000047683716,2.950000047683716,43900
2018-09-05,2.869999885559082,2.950000047683716,2.859999895095825,2.890000104904175,2.890000104904175,21300
2018-09-06,2.880000114440918,2.940000057220459,2.880000114440918,2.940000057220459,2.940000057220459,11600
2018-09-07,2.950000047683716,3.1700000762939453,2.9200000762939453,3.009999990463257,3.009999990463257,158500
2018-09-10,3.0299999713897705,3.2699999809265137,3.0299999713897705,3.0799999237060547,3.0799999237060547,120100
2018-09-11,3.119999885559082,3.240000009536743,2.8499999046325684,2.8499999046325684,2.8499999046325684,98000
2018-09-12,2.880000114440918,3.1700000762939453,2.8499999046325684,3.140000104904175,3.140000104904175,200300
2018-09-13,3.119999885559082,3.2300000190734863,2.859999895095825,2.930000066757202,2.930000066757202,112600
2018-09-14,2.9100000858306885,3.0,2.809999942779541,2.9000000953674316,2.9000000953674316,62800
2018-09-17,2.880000114440918,3.0,2.8499999046325684,2.9000000953674316,2.9000000953674316,34800
2018-09-18,2.950000047683716,2.9700000286102295,2.559999942779541,2.6700000762939453,2.6700000762939453,98800
2018-09-19,2.680000066757202,2.8299999237060547,2.559999942779541,2.5799999237060547,2.5799999237060547,54100
2018-09-20,2.680000066757202,2.700000047683716,2.5899999141693115,2.6700000762939453,2.6700000762939453,14800
2018-09-21,2.680000066757202,2.7799999713897705,2.630000114440918,2.630000114440918,2.630000114440918,23700
2018-09-24,2.6600000858306885,2.700000047683716,2.559999942779541,2.609999895095825,2.609999895095825,34900
2018-09-25,2.7899999618530273,2.7899999618530273,2.5299999713897705,2.640000104904175,2.640000104904175,75400
2018-09-26,2.630000114440918,2.630000114440918,2.5199999809265137,2.5299999713897705,2.5299999713897705,20800
2018-09-27,2.5799999237060547,2.5899999141693115,2.5299999713897705,2.569999933242798,2.569999933242798,14600
2018-09-28,2.549999952316284,2.569999933242798,2.4000000953674316,2.4200000762939453,2.4200000762939453,26500
2018-10-01,2.4200000762939453,2.5,2.4200000762939453,2.4200000762939453,2.4200000762939453,24500
2018-10-02,2.450000047683716,2.4600000381469727,2.319999933242798,2.430000066757202,2.430000066757202,24800
2018-10-03,2.390000104904175,2.430000066757202,2.1500000953674316,2.180000066757202,2.180000066757202,38200
2018-10-04,2.1700000762939453,2.25,2.1700000762939453,2.2100000381469727,2.2100000381469727,8200
2018-10-05,2.190000057220459,2.2300000190734863,2.1600000858306885,2.1600000858306885,2.1600000858306885,14900
2018-10-08,2.1500000953674316,2.25,2.1500000953674316,2.1600000858306885,2.1600000858306885,23100
2018-10-09,2.1700000762939453,2.240000009536743,2.1700000762939453,2.200000047683716,2.200000047683716,4800
2018-10-10,2.200000047683716,2.319999933242798,2.1600000858306885,2.190000057220459,2.190000057220459,25500
2018-10-11,2.1700000762939453,2.259999990463257,2.1600000858306885,2.1700000762939453,2.1700000762939453,30000
2018-10-12,2.1700000762939453,2.4600000381469727,2.1700000762939453,2.390000104904175,2.390000104904175,114300
2018-10-15,2.309999942779541,2.369999885559082,2.200000047683716,2.200000047683716,2.200000047683716,38200
2018-10-16,2.259999990463257,2.299999952316284,2.25,2.259999990463257,2.259999990463257,8400
2018-10-17,2.2699999809265137,2.390000104904175,2.25,2.3299999237060547,2.3299999237060547,36100
2018-10-18,2.380000114440918,2.5899999141693115,2.299999952316284,2.359999895095825,2.359999895095825,49900
2018-10-19,2.359999895095825,2.4100000858306885,2.180000066757202,2.2200000286102295,2.2200000286102295,61500
2018-10-22,2.2100000381469727,2.240000009536743,2.1700000762939453,2.180000066757202,2.180000066757202,4200
2018-10-23,2.1700000762939453,2.240000009536743,2.0199999809265137,2.140000104904175,2.140000104904175,35100
2018-10-24,2.130000114440918,2.2300000190734863,1.9500000476837158,1.9900000095367432,1.9900000095367432,19900
2018-10-25,1.9800000190734863,1.9900000095367432,1.899999976158142,1.899999976158142,1.899999976158142,18500
2018-10-26,1.9900000095367432,1.9900000095367432,1.9299999475479126,1.9900000095367432,1.9900000095367432,19900
2018-10-29,2.009999990463257,2.009999990463257,1.940000057220459,1.9800000190734863,1.9800000190734863,3700
2018-10-30,1.9700000286102295,2.0399999618530273,1.9500000476837158,1.9600000381469727,1.9600000381469727,5900
2018-10-31,1.9500000476837158,2.0399999618530273,1.9299999475479126,2.0299999713897705,2.0299999713897705,15000
2018-11-01,2.0399999618530273,2.1600000858306885,2.0299999713897705,2.0299999713897705,2.0299999713897705,15300
2018-11-02,2.130000114440918,2.180000066757202,2.109999895095825,2.1500000953674316,2.1500000953674316,7500
2018-11-05,2.1700000762939453,2.990000009536743,2.1700000762939453,2.6700000762939453,2.6700000762939453,1599000
2018-11-06,2.4600000381469727,2.569999933242798,2.2100000381469727,2.3499999046325684,2.3499999046325684,102000
2018-11-07,2.4600000381469727,2.5299999713897705,2.2699999809265137,2.359999895095825,2.359999895095825,39300
2018-11-08,2.359999895095825,2.430000066757202,2.359999895095825,2.359999895095825,2.359999895095825,44300
2018-11-09,2.4100000858306885,2.4100000858306885,2.049999952316284,2.2300000190734863,2.2300000190734863,21100
2018-11-12,2.2100000381469727,2.2100000381469727,1.899999976158142,1.9500000476837158,1.9500000476837158,82400
2018-11-13,1.9299999475479126,2.0799999237060547,1.9299999475479126,2.0199999809265137,2.0199999809265137,17900
2018-11-14,1.9500000476837158,2.0399999618530273,1.7899999618530273,1.8200000524520874,1.8200000524520874,45700
2018-11-15,1.8200000524520874,1.9700000286102295,1.7100000381469727,1.9700000286102295,1.9700000286102295,22300
2018-11-16,1.9299999475479126,1.9600000381469727,1.7200000286102295,1.7200000286102295,1.7200000286102295,10900
2018-11-19,1.75,1.7899999618530273,1.75,1.7899999618530273,1.7899999618530273,9000
2018-11-20,1.7599999904632568,1.8300000429153442,1.649999976158142,1.7000000476837158,1.7000000476837158,9400
2018-11-21,1.7899999618530273,1.7899999618530273,1.7000000476837158,1.7000000476837158,1.7000000476837158,900
2018-11-23,1.75,1.75,1.7000000476837158,1.7000000476837158,1.7000000476837158,2800
2018-11-26,1.7699999809265137,1.7899999618530273,1.7599999904632568,1.7899999618530273,1.7899999618530273,3000
2018-11-27,1.840000033378601,1.8899999856948853,1.7799999713897705,1.7799999713897705,1.7799999713897705,11700
2018-11-28,1.809999942779541,2.0299999713897705,1.7599999904632568,1.9299999475479126,1.9299999475479126,42300
2018-11-29,1.9800000190734863,2.0799999237060547,1.8300000429153442,1.9299999475479126,1.9299999475479126,18800
2018-11-30,1.8899999856948853,2.0299999713897705,1.840000033378601,1.850000023841858,1.850000023841858,3700
2018-12-03,1.850000023841858,1.850000023841858,1.75,1.75,1.75,18200
2018-12-04,1.7300000190734863,1.7999999523162842,1.7200000286102295,1.75,1.75,4300
2018-12-06,1.7200000286102295,1.7999999523162842,1.7200000286102295,1.7899999618530273,1.7899999618530273,6400
2018-12-07,1.7999999523162842,1.8300000429153442,1.75,1.75,1.75,3300
2018-12-10,1.7300000190734863,1.8200000524520874,1.7000000476837158,1.7300000190734863,1.7300000190734863,15000
2018-12-11,1.7400000095367432,1.7999999523162842,1.7400000095367432,1.75,1.75,29900
2018-12-12,1.75,1.75,1.75,1.75,1.75,400
2018-12-13,1.7599999904632568,1.7599999904632568,1.7599999904632568,1.7599999904632568,1.7599999904632568,900
2018-12-14,1.7699999809265137,1.8600000143051147,1.7699999809265137,1.8200000524520874,1.8200000524520874,7200
2018-12-17,1.7699999809265137,1.7999999523162842,1.75,1.7599999904632568,1.7599999904632568,11200
2018-12-18,1.7799999713897705,2.0999999046325684,1.75,1.7799999713897705,1.7799999713897705,194400
2018-12-19,1.7699999809265137,1.8899999856948853,1.75,1.75,1.75,22100
2018-12-20,1.7599999904632568,1.7999999523162842,1.7400000095367432,1.75,1.75,34000
2018-12-21,1.75,1.809999942779541,1.75,1.75,1.75,17800
2018-12-24,1.75,1.7599999904632568,1.75,1.75,1.75,9400
2018-12-26,1.75,1.8300000429153442,1.75,1.8300000429153442,1.8300000429153442,2200
2018-12-27,1.7599999904632568,1.9199999570846558,1.6200000047683716,1.6699999570846558,1.6699999570846558,15800
2018-12-28,1.7000000476837158,1.7000000476837158,1.690000057220459,1.7000000476837158,1.7000000476837158,1000
2018-12-31,1.7000000476837158,1.7799999713897705,1.6799999475479126,1.6799999475479126,1.6799999475479126,15000
2019-01-02,1.809999942779541,1.840000033378601,1.809999942779541,1.8300000429153442,1.8300000429153442,1900
2019-01-03,1.7599999904632568,1.7599999904632568,1.7300000190734863,1.75,1.75,600
2019-01-04,1.7999999523162842,1.909999966621399,1.7799999713897705,1.8799999952316284,1.8799999952316284,9400
2019-01-07,1.9199999570846558,1.9199999570846558,1.809999942779541,1.8899999856948853,1.8899999856948853,5200
2019-01-08,1.8899999856948853,2.0399999618530273,1.8899999856948853,1.9299999475479126,1.9299999475479126,6600
2019-01-09,1.8799999952316284,2.190000057220459,1.8799999952316284,2.0199999809265137,2.0199999809265137,10700
2019-01-10,2.0999999046325684,2.0999999046325684,1.9600000381469727,1.9700000286102295,1.9700000286102295,3800
2019-01-11,1.899999976158142,2.0899999141693115,1.899999976158142,2.0899999141693115,2.0899999141693115,1900
2019-01-14,2.190000057220459,2.190000057220459,2.0399999618530273,2.0899999141693115,2.0899999141693115,4200
2019-01-15,2.130000114440918,2.1600000858306885,2.0199999809265137,2.0199999809265137,2.0199999809265137,2700
2019-01-16,2.1500000953674316,2.1600000858306885,2.009999990463257,2.009999990463257,2.009999990463257,4000
2019-01-17,2.1500000953674316,2.1500000953674316,2.069999933242798,2.069999933242798,2.069999933242798,2500
2019-01-18,2.0399999618530273,2.1600000858306885,2.0,2.009999990463257,2.009999990463257,7000
2019-01-22,1.940000057220459,2.140000104904175,1.899999976158142,2.0899999141693115,2.0899999141693115,7700
2019-01-23,2.1600000858306885,2.1600000858306885,1.9500000476837158,1.9500000476837158,1.9500000476837158,18300
2019-01-24,2.0799999237060547,2.0899999141693115,2.0299999713897705,2.0299999713897705,2.0299999713897705,800
2019-01-25,2.049999952316284,2.140000104904175,2.009999990463257,2.0799999237060547,2.0799999237060547,7000
2019-01-28,2.140000104904175,2.140000104904175,2.0399999618530273,2.069999933242798,2.069999933242798,5700
2019-01-29,2.0199999809265137,2.140000104904175,1.9299999475479126,2.0,2.0,14400
2019-01-30,1.9700000286102295,1.9700000286102295,1.9299999475479126,1.9500000476837158,1.9500000476837158,1600
2019-01-31,1.9700000286102295,2.380000114440918,1.9700000286102295,2.299999952316284,2.299999952316284,55600
2019-02-01,2.2100000381469727,2.3499999046325684,2.1600000858306885,2.1600000858306885,2.1600000858306885,4300
2019-02-04,2.0899999141693115,2.190000057220459,2.0199999809265137,2.0199999809265137,2.0199999809265137,9800
2019-02-05,2.0199999809265137,2.119999885559082,1.9800000190734863,2.0899999141693115,2.0899999141693115,6000
2019-02-06,2.0999999046325684,2.1500000953674316,2.0199999809265137,2.0199999809265137,2.0199999809265137,1900
2019-02-07,2.1500000953674316,2.200000047683716,2.0199999809265137,2.0899999141693115,2.0899999141693115,38300
2019-02-08,2.140000104904175,2.1700000762939453,1.9700000286102295,1.9800000190734863,1.9800000190734863,26200
2019-02-11,1.9700000286102295,2.0399999618530273,1.9700000286102295,2.009999990463257,2.009999990463257,4800
2019-02-12,1.9600000381469727,2.0399999618530273,1.9600000381469727,2.0399999618530273,2.0399999618530273,1800
2019-02-13,2.069999933242798,2.0999999046325684,2.049999952316284,2.059999942779541,2.059999942779541,3500
2019-02-14,2.069999933242798,2.3499999046325684,2.049999952316284,2.1600000858306885,2.1600000858306885,79500
2019-02-15,2.200000047683716,2.200000047683716,2.049999952316284,2.059999942779541,2.059999942779541,9700
2019-02-19,2.0999999046325684,2.0999999046325684,2.0199999809265137,2.0199999809265137,2.0199999809265137,2400
2019-02-20,2.119999885559082,2.119999885559082,2.0399999618530273,2.0399999618530273,2.0399999618530273,5800
2019-02-21,2.0999999046325684,2.119999885559082,2.0999999046325684,2.119999885559082,2.119999885559082,3000
2019-02-22,2.0999999046325684,2.119999885559082,2.0899999141693115,2.0999999046325684,2.0999999046325684,1200
2019-02-25,2.0899999141693115,2.299999952316284,2.0399999618530273,2.2200000286102295,2.2200000286102295,19600
2019-02-26,2.2100000381469727,2.299999952316284,2.2100000381469727,2.259999990463257,2.259999990463257,2000
2019-02-27,2.2899999618530273,2.299999952316284,2.200000047683716,2.299999952316284,2.299999952316284,2600
2019-02-28,2.200000047683716,2.299999952316284,2.200000047683716,2.2899999618530273,2.2899999618530273,6700
2019-03-01,2.240000009536743,2.299999952316284,2.240000009536743,2.2799999713897705,2.2799999713897705,5700
2019-03-04,2.3499999046325684,2.859999895095825,2.3499999046325684,2.859999895095825,2.859999895095825,62900
2019-03-05,3.0999999046325684,3.119999885559082,2.509999990463257,2.509999990463257,2.509999990463257,37900
2019-03-06,2.7100000381469727,2.859999895095825,2.390000104904175,2.680000066757202,2.680000066757202,13900
2019-03-07,2.759999990463257,2.759999990463257,2.4200000762939453,2.680000066757202,2.680000066757202,11700
2019-03-08,2.5199999809265137,2.690000057220459,2.4000000953674316,2.690000057220459,2.690000057220459,11700
2019-03-11,2.740000009536743,2.75,2.5999999046325684,2.609999895095825,2.609999895095825,7800
2019-03-12,2.609999895095825,2.690000057220459,2.609999895095825,2.6500000953674316,2.6500000953674316,3300
2019-03-13,2.609999895095825,2.740000009536743,2.609999895095825,2.609999895095825,2.609999895095825,5100
2019-03-14,2.5399999618530273,2.7100000381469727,2.4100000858306885,2.4100000858306885,2.4100000858306885,8800
2019-03-15,2.5,2.5,2.380000114440918,2.380000114440918,2.380000114440918,6200
2019-03-18,2.4800000190734863,2.4800000190734863,2.4200000762939453,2.4700000286102295,2.4700000286102295,9200
2019-03-19,2.4200000762939453,2.5199999809265137,2.4200000762939453,2.4700000286102295,2.4700000286102295,6000
2019-03-20,2.4600000381469727,2.4600000381469727,2.4600000381469727,2.4600000381469727,2.4600000381469727,400
2019-03-21,2.4100000858306885,2.4600000381469727,2.4000000953674316,2.440000057220459,2.440000057220459,7300
2019-03-22,2.4200000762939453,2.5799999237060547,2.4200000762939453,2.440000057220459,2.440000057220459,2500
2019-03-25,2.880000114440918,2.880000114440918,2.549999952316284,2.75,2.75,2300
2019-03-26,2.509999990463257,2.759999990463257,2.5,2.5,2.5,11800
2019-03-27,2.640000104904175,2.640000104904175,2.049999952316284,2.240000009536743,2.240000009536743,132000
2019-03-28,2.240000009536743,2.240000009536743,2.140000104904175,2.1500000953674316,2.1500000953674316,5100
2019-03-29,2.140000104904175,2.200000047683716,2.140000104904175,2.180000066757202,2.180000066757202,6100
2019-04-01,2.309999942779541,2.490000009536743,2.200000047683716,2.4000000953674316,2.4000000953674316,29000
2019-04-02,2.4700000286102295,2.490000009536743,2.4100000858306885,2.4100000858306885,2.4100000858306885,2000
2019-04-03,2.359999895095825,2.450000047683716,2.3399999141693115,2.390000104904175,2.390000104904175,5700
2019-04-04,2.5,2.5,2.4000000953674316,2.4000000953674316,2.4000000953674316,1100
2019-04-05,2.4800000190734863,2.4800000190734863,2.359999895095825,2.359999895095825,2.359999895095825,2900
2019-04-08,2.309999942779541,2.8399999141693115,2.2300000190734863,2.25,2.25,317600
2019-04-09,2.259999990463257,2.380000114440918,2.1700000762939453,2.2300000190734863,2.2300000190734863,52600
2019-04-10,2.240000009536743,2.3399999141693115,2.2300000190734863,2.2300000190734863,2.2300000190734863,14900
2019-04-11,2.240000009536743,2.299999952316284,2.2300000190734863,2.2699999809265137,2.2699999809265137,10200
2019-04-12,2.200000047683716,2.299999952316284,2.200000047683716,2.2899999618530273,2.2899999618530273,9900
2019-04-15,2.319999933242798,2.4000000953674316,2.299999952316284,2.3499999046325684,2.3499999046325684,10400
2019-04-16,2.4000000953674316,2.4600000381469727,2.369999885559082,2.440000057220459,2.440000057220459,17200
2019-04-17,2.440000057220459,2.609999895095825,2.440000057220459,2.569999933242798,2.569999933242798,32500
2019-04-18,2.5399999618530273,2.5999999046325684,2.4000000953674316,2.549999952316284,2.549999952316284,6600
2019-04-22,2.5999999046325684,2.5999999046325684,2.4100000858306885,2.549999952316284,2.549999952316284,2400
2019-04-23,2.4700000286102295,2.5899999141693115,2.4700000286102295,2.5899999141693115,2.5899999141693115,5300
2019-04-24,2.5999999046325684,2.6500000953674316,2.5899999141693115,2.6500000953674316,2.6500000953674316,5200
2019-04-25,2.690000057220459,2.690000057220459,2.509999990463257,2.559999942779541,2.559999942779541,7700
2019-04-26,2.569999933242798,2.569999933242798,2.4700000286102295,2.549999952316284,2.549999952316284,2400
2019-04-29,2.509999990463257,2.5399999618530273,2.309999942779541,2.359999895095825,2.359999895095825,41400
2019-04-30,2.450000047683716,2.450000047683716,2.4200000762939453,2.4200000762939453,2.4200000762939453,2700
2019-05-01,2.4000000953674316,2.700000047683716,2.4000000953674316,2.5899999141693115,2.5899999141693115,9600
2019-05-02,2.569999933242798,2.5799999237060547,2.5,2.5799999237060547,2.5799999237060547,3400
2019-05-03,2.630000114440918,2.6500000953674316,2.5399999618530273,2.6500000953674316,2.6500000953674316,6500
2019-05-06,2.509999990463257,2.700000047683716,2.509999990463257,2.559999942779541,2.559999942779541,3100
2019-05-07,2.609999895095825,2.7899999618530273,2.5,2.7100000381469727,2.7100000381469727,5700
2019-05-08,2.759999990463257,2.7899999618530273,2.5399999618530273,2.5399999618530273,2.5399999618530273,5400
2019-05-09,2.6500000953674316,2.690000057220459,2.619999885559082,2.6700000762939453,2.6700000762939453,5300
2019-05-10,2.640000104904175,2.640000104904175,2.5,2.630000114440918,2.630000114440918,3000
2019-05-13,2.440000057220459,2.75,2.440000057220459,2.4800000190734863,2.4800000190734863,9000
2019-05-14,2.569999933242798,2.630000114440918,2.4200000762939453,2.4200000762939453,2.4200000762939453,6700
2019-05-15,2.5,2.690000057220459,2.359999895095825,2.4000000953674316,2.4000000953674316,21900
2019-05-16,2.4600000381469727,2.799999952316284,2.319999933242798,2.5399999618530273,2.5399999618530273,51700
2019-05-17,2.630000114440918,2.799999952316284,2.569999933242798,2.7699999809265137,2.7699999809265137,46300
2019-05-20,2.8299999237060547,2.8299999237060547,2.759999990463257,2.7699999809265137,2.7699999809265137,2300
2019-05-21,2.7699999809265137,2.7699999809265137,2.630000114440918,2.7100000381469727,2.7100000381469727,4600
2019-05-22,2.7300000190734863,2.740000009536743,2.430000066757202,2.609999895095825,2.609999895095825,35000
2019-05-23,2.5999999046325684,2.690000057220459,2.5999999046325684,2.690000057220459,2.690000057220459,400
2019-05-24,2.6500000953674316,2.8499999046325684,2.6500000953674316,2.809999942779541,2.809999942779541,79500
2019-05-28,2.75,2.869999885559082,2.630000114440918,2.7200000286102295,2.7200000286102295,12800
2019-05-29,2.799999952316284,2.8499999046325684,2.569999933242798,2.6600000858306885,2.6600000858306885,10900
2019-05-30,2.740000009536743,2.7699999809265137,2.5999999046325684,2.6700000762939453,2.6700000762939453,9200
2019-05-31,2.569999933242798,2.700000047683716,2.5199999809265137,2.690000057220459,2.690000057220459,7600
2019-06-03,2.690000057220459,2.690000057220459,2.609999895095825,2.609999895095825,2.609999895095825,22900
2019-06-04,2.759999990463257,2.799999952316284,2.4600000381469727,2.5399999618530273,2.5399999618530273,22800
2019-06-05,2.5299999713897705,2.7100000381469727,2.490000009536743,2.559999942779541,2.559999942779541,18800
2019-06-06,2.549999952316284,2.619999885559082,2.4600000381469727,2.5,2.5,8100
2019-06-07,2.569999933242798,2.5899999141693115,2.5199999809265137,2.5399999618530273,2.5399999618530273,12600
2019-06-10,2.490000009536743,2.630000114440918,2.450000047683716,2.450000047683716,2.450000047683716,13100
2019-06-11,2.609999895095825,2.609999895095825,2.4600000381469727,2.5799999237060547,2.5799999237060547,2900
2019-06-12,2.609999895095825,2.609999895095825,2.450000047683716,2.450000047683716,2.450000047683716,13100
2019-06-13,2.4200000762939453,2.569999933242798,2.4200000762939453,2.5299999713897705,2.5299999713897705,5100
2019-06-14,2.450000047683716,2.5999999046325684,2.450000047683716,2.4700000286102295,2.4700000286102295,6900
2019-06-17,2.569999933242798,2.5999999046325684,2.549999952316284,2.5999999046325684,2.5999999046325684,6300
2019-06-18,2.619999885559082,2.619999885559082,2.5,2.619999885559082,2.619999885559082,13300
2019-06-19,2.559999942779541,2.619999885559082,2.549999952316284,2.619999885559082,2.619999885559082,4700
2019-06-20,2.549999952316284,2.5999999046325684,2.549999952316284,2.5999999046325684,2.5999999046325684,300
2019-06-21,2.619999885559082,2.619999885559082,2.559999942779541,2.619999885559082,2.619999885559082,3100
2019-06-24,2.559999942779541,2.8399999141693115,2.549999952316284,2.680000066757202,2.680000066757202,37000
2019-06-25,2.6700000762939453,2.6700000762939453,2.619999885559082,2.6700000762939453,2.6700000762939453,3700
2019-06-26,2.569999933242798,2.7899999618530273,2.569999933242798,2.700000047683716,2.700000047683716,15000
2019-06-27,2.7699999809265137,2.7699999809265137,2.7300000190734863,2.7300000190734863,2.7300000190734863,3700
2019-06-28,2.7100000381469727,2.7799999713897705,2.6500000953674316,2.6500000953674316,2.6500000953674316,1000
2019-07-01,2.6500000953674316,2.7899999618530273,2.6500000953674316,2.7100000381469727,2.7100000381469727,1100
2019-07-02,2.700000047683716,2.7899999618530273,2.700000047683716,2.7899999618530273,2.7899999618530273,2900
2019-07-03,2.8399999141693115,2.8399999141693115,2.700000047683716,2.7899999618530273,2.7899999618530273,6100
2019-07-05,2.799999952316284,2.799999952316284,2.7699999809265137,2.799999952316284,2.799999952316284,7500
2019-07-08,2.759999990463257,2.8299999237060547,2.75,2.7699999809265137,2.7699999809265137,3800
2019-07-09,2.799999952316284,2.809999942779541,2.7799999713897705,2.7799999713897705,2.7799999713897705,1800
2019-07-10,2.759999990463257,2.7799999713897705,2.640000104904175,2.759999990463257,2.759999990463257,6300
2019-07-11,2.819999933242798,2.819999933242798,2.619999885559082,2.619999885559082,2.619999885559082,1500
2019-07-12,2.7699999809265137,2.7899999618530273,2.640000104904175,2.680000066757202,2.680000066757202,18000
2019-07-15,2.700000047683716,2.700000047683716,2.690000057220459,2.690000057220459,2.690000057220459,1700
2019-07-16,2.6600000858306885,2.700000047683716,2.630000114440918,2.640000104904175,2.640000104904175,4600
2019-07-17,2.619999885559082,2.6500000953674316,2.5,2.5199999809265137,2.5199999809265137,16000
2019-07-18,2.5199999809265137,2.5899999141693115,2.5199999809265137,2.569999933242798,2.569999933242798,1200
2019-07-19,2.549999952316284,2.549999952316284,2.549999952316284,2.549999952316284,2.549999952316284,200
2019-07-22,2.549999952316284,2.549999952316284,2.509999990463257,2.509999990463257,2.509999990463257,800
2019-07-23,2.5199999809265137,2.5199999809265137,2.4700000286102295,2.4700000286102295,2.4700000286102295,7200
2019-07-24,2.4800000190734863,2.4800000190734863,2.4600000381469727,2.4600000381469727,2.4600000381469727,2200
2019-07-25,2.4700000286102295,2.4700000286102295,2.2100000381469727,2.299999952316284,2.299999952316284,36200
2019-07-26,2.3299999237060547,2.3299999237060547,2.2799999713897705,2.2899999618530273,2.2899999618530273,4900
2019-07-29,2.2899999618530273,2.319999933242798,2.2899999618530273,2.319999933242798,2.319999933242798,1600
2019-07-30,2.3299999237060547,2.3299999237060547,2.180000066757202,2.180000066757202,2.180000066757202,15500
2019-07-31,2.200000047683716,2.2799999713897705,1.9600000381469727,2.0899999141693115,2.0899999141693115,60600
2019-08-01,2.0299999713897705,2.2200000286102295,2.0,2.009999990463257,2.009999990463257,15700
2019-08-02,2.0399999618530273,2.190000057220459,2.0399999618530273,2.1700000762939453,2.1700000762939453,17300
2019-08-05,2.069999933242798,2.140000104904175,2.069999933242798,2.0999999046325684,2.0999999046325684,3400
2019-08-06,2.130000114440918,2.1600000858306885,2.0,2.009999990463257,2.009999990463257,2800
2019-08-07,2.109999895095825,2.119999885559082,1.9800000190734863,2.0,2.0,16700
2019-08-08,2.059999942779541,2.1600000858306885,2.0,2.0299999713897705,2.0299999713897705,7200
2019-08-09,2.130000114440918,2.319999933242798,2.069999933242798,2.1700000762939453,2.1700000762939453,12200
2019-08-12,2.2200000286102295,2.4800000190734863,2.0299999713897705,2.190000057220459,2.190000057220459,9900
2019-08-13,2.3499999046325684,2.3499999046325684,2.119999885559082,2.2699999809265137,2.2699999809265137,11300
2019-08-14,2.1600000858306885,2.200000047683716,2.1500000953674316,2.1500000953674316,2.1500000953674316,3200
2019-08-15,2.069999933242798,2.069999933242798,2.059999942779541,2.069999933242798,2.069999933242798,800
2019-08-16,2.0399999618530273,2.109999895095825,2.0299999713897705,2.109999895095825,2.109999895095825,8600
2019-08-19,2.109999895095825,2.25,2.109999895095825,2.25,2.25,5500
2019-08-20,2.299999952316284,2.299999952316284,2.1500000953674316,2.200000047683716,2.200000047683716,14300
2019-08-21,2.1500000953674316,2.190000057220459,2.049999952316284,2.0999999046325684,2.0999999046325684,5100
2019-08-22,2.0899999141693115,2.1500000953674316,2.069999933242798,2.069999933242798,2.069999933242798,6100
2019-08-23,2.059999942779541,2.1700000762939453,2.0399999618530273,2.0399999618530273,2.0399999618530273,6800
2019-08-26,2.0399999618530273,2.069999933242798,2.0199999809265137,2.0299999713897705,2.0299999713897705,7000
2019-08-27,2.0299999713897705,2.0999999046325684,1.9299999475479126,2.0199999809265137,2.0199999809265137,10000
2019-08-28,2.009999990463257,2.069999933242798,2.009999990463257,2.049999952316284,2.049999952316284,10300
2019-08-29,2.049999952316284,2.200000047683716,1.9500000476837158,2.0,2.0,9700
2019-08-30,2.0199999809265137,2.0199999809265137,2.009999990463257,2.009999990463257,2.009999990463257,3900
2019-09-03,1.9199999570846558,1.9500000476837158,1.9199999570846558,1.9500000476837158,1.9500000476837158,1500
2019-09-04,2.0,2.0799999237060547,1.9500000476837158,2.0,2.0,4200
2019-09-05,2.0999999046325684,2.0999999046325684,2.0999999046325684,2.0999999046325684,2.0999999046325684,500
2019-09-06,2.140000104904175,2.1500000953674316,2.0299999713897705,2.1500000953674316,2.1500000953674316,16600
2019-09-09,2.0199999809265137,2.0899999141693115,2.0199999809265137,2.069999933242798,2.069999933242798,7000
2019-09-10,2.069999933242798,2.069999933242798,2.009999990463257,2.049999952316284,2.049999952316284,6000
2019-09-11,2.069999933242798,2.119999885559082,2.0399999618530273,2.109999895095825,2.109999895095825,1600
2019-09-12,2.0899999141693115,2.0899999141693115,2.0299999713897705,2.0299999713897705,2.0299999713897705,400
2019-09-13,2.119999885559082,2.119999885559082,2.0199999809265137,2.069999933242798,2.069999933242798,5200
2019-09-16,2.0999999046325684,2.0999999046325684,2.0,2.0,2.0,6200
2019-09-17,2.0899999141693115,2.0999999046325684,2.009999990463257,2.0899999141693115,2.0899999141693115,5400
2019-09-18,2.069999933242798,2.0899999141693115,2.0,2.069999933242798,2.069999933242798,9600
2019-09-19,2.059999942779541,2.0999999046325684,2.0399999618530273,2.0999999046325684,2.0999999046325684,8100
2019-09-20,2.0899999141693115,2.1500000953674316,1.9600000381469727,1.9600000381469727,1.9600000381469727,15600
2019-09-23,2.009999990463257,2.009999990463257,1.8799999952316284,1.9299999475479126,1.9299999475479126,3500
2019-09-24,1.8600000143051147,1.940000057220459,1.8300000429153442,1.850000023841858,1.850000023841858,6600
2019-09-25,1.8700000047683716,1.899999976158142,1.850000023841858,1.850000023841858,1.850000023841858,500
2019-09-26,1.8899999856948853,1.9299999475479126,1.7599999904632568,1.8600000143051147,1.8600000143051147,1000
2019-09-27,1.840000033378601,1.940000057220459,1.840000033378601,1.9199999570846558,1.9199999570846558,1800
2019-09-30,1.9299999475479126,1.9299999475479126,1.850000023841858,1.850000023841858,1.850000023841858,200
2019-10-01,1.909999966621399,1.909999966621399,1.8899999856948853,1.8899999856948853,1.8899999856948853,500
2019-10-02,1.8799999952316284,1.8899999856948853,1.8600000143051147,1.8600000143051147,1.8600000143051147,3200
2019-10-03,1.8600000143051147,1.8600000143051147,1.8600000143051147,1.8600000143051147,1.8600000143051147,100
2019-10-04,1.8899999856948853,1.8899999856948853,1.8600000143051147,1.8600000143051147,1.8600000143051147,700
2019-10-07,1.8799999952316284,1.8799999952316284,1.8799999952316284,1.8799999952316284,1.8799999952316284,1600
2019-10-08,1.9299999475479126,1.9299999475479126,1.899999976158142,1.899999976158142,1.899999976158142,500
2019-10-09,1.9900000095367432,1.9900000095367432,1.899999976158142,1.899999976158142,1.899999976158142,300
2019-10-10,1.7799999713897705,1.899999976158142,1.7799999713897705,1.899999976158142,1.899999976158142,2500
2019-10-11,1.899999976158142,1.899999976158142,1.899999976158142,1.899999976158142,1.899999976158142,400
2019-10-14,1.9299999475479126,1.9299999475479126,1.9199999570846558,1.9199999570846558,1.9199999570846558,300
2019-10-15,1.9199999570846558,1.9199999570846558,1.9199999570846558,1.9199999570846558,1.9199999570846558,100
2019-10-16,1.9199999570846558,1.9199999570846558,1.9199999570846558,1.9199999570846558,1.9199999570846558,100
2019-10-17,1.899999976158142,1.899999976158142,1.899999976158142,1.899999976158142,1.899999976158142,800
2019-10-18,1.9900000095367432,1.9900000095367432,1.9500000476837158,1.9800000190734863,1.9800000190734863,7000
2019-10-21,1.9199999570846558,2.1500000953674316,1.909999966621399,2.119999885559082,2.119999885559082,8900
2019-10-22,2.109999895095825,2.640000104904175,2.0799999237060547,2.369999885559082,2.369999885559082,55000
2019-10-23,2.309999942779541,2.380000114440918,2.2699999809265137,2.380000114440918,2.380000114440918,8900
2019-10-24,2.25,2.259999990463257,2.25,2.25,2.25,4600
2019-10-25,2.25,2.25,2.009999990463257,2.240000009536743,2.240000009536743,4000
2019-10-28,2.1600000858306885,2.1600000858306885,2.1600000858306885,2.1600000858306885,2.1600000858306885,200
2019-10-29,2.1600000858306885,2.1600000858306885,2.1600000858306885,2.1600000858306885,2.1600000858306885,100
2019-10-30,2.069999933242798,2.130000114440918,2.059999942779541,2.0899999141693115,2.0899999141693115,7500
2019-10-31,2.0999999046325684,2.190000057220459,1.9900000095367432,2.0,2.0,4800
2019-11-01,1.9900000095367432,2.049999952316284,1.9600000381469727,2.0299999713897705,2.0299999713897705,15400
2019-11-04,1.9600000381469727,2.0299999713897705,1.9600000381469727,2.0299999713897705,2.0299999713897705,600
2019-11-05,2.200000047683716,2.200000047683716,2.119999885559082,2.119999885559082,2.119999885559082,900
2019-11-06,2.119999885559082,2.119999885559082,2.119999885559082,2.119999885559082,2.119999885559082,100
2019-11-07,2.1600000858306885,2.200000047683716,2.009999990463257,2.049999952316284,2.049999952316284,4600
2019-11-08,2.0199999809265137,2.0199999809265137,2.0199999809265137,2.0199999809265137,2.0199999809265137,2100
2019-11-11,2.0299999713897705,2.0299999713897705,2.0299999713897705,2.0299999713897705,2.0299999713897705,200
2019-11-12,2.109999895095825,2.109999895095825,2.0299999713897705,2.0299999713897705,2.0299999713897705,1800
2019-11-13,2.0299999713897705,2.0299999713897705,2.0299999713897705,2.0299999713897705,2.0299999713897705,100
2019-11-14,2.0299999713897705,2.0299999713897705,2.0299999713897705,2.0299999713897705,2.0299999713897705,100
2019-11-15,2.299999952316284,2.309999942779541,2.069999933242798,2.2100000381469727,2.2100000381469727,2200
2019-11-18,2.140000104904175,2.180000066757202,2.0999999046325684,2.0999999046325684,2.0999999046325684,800
2019-11-19,2.049999952316284,2.200000047683716,2.049999952316284,2.200000047683716,2.200000047683716,1100
2019-11-20,2.200000047683716,2.200000047683716,2.200000047683716,2.200000047683716,2.200000047683716,300
2019-11-21,2.1700000762939453,2.1700000762939453,2.059999942779541,2.069999933242798,2.069999933242798,5300
2019-11-22,2.049999952316284,2.0899999141693115,2.049999952316284,2.0899999141693115,2.0899999141693115,600
2019-11-25,2.0899999141693115,2.0899999141693115,2.0899999141693115,2.0899999141693115,2.0899999141693115,100
2019-11-26,2.069999933242798,2.119999885559082,2.049999952316284,2.0899999141693115,2.0899999141693115,3000
2019-11-27,2.059999942779541,2.119999885559082,2.059999942779541,2.069999933242798,2.069999933242798,5000
2019-11-29,2.069999933242798,2.069999933242798,2.069999933242798,2.069999933242798,2.069999933242798,0
2019-12-02,2.0799999237060547,2.0999999046325684,2.0799999237060547,2.0999999046325684,2.0999999046325684,2200
2019-12-03,2.059999942779541,2.059999942779541,2.059999942779541,2.059999942779541,2.059999942779541,300
2019-12-04,2.059999942779541,2.109999895095825,2.049999952316284,2.049999952316284,2.049999952316284,10400
2019-12-05,2.059999942779541,2.0899999141693115,2.059999942779541,2.069999933242798,2.069999933242798,2000
2019-12-06,2.049999952316284,2.0899999141693115,2.049999952316284,2.049999952316284,2.049999952316284,1400
2019-12-09,2.0799999237060547,2.0799999237060547,2.049999952316284,2.049999952316284,2.049999952316284,4900
2019-12-10,2.059999942779541,2.119999885559082,2.0199999809265137,2.049999952316284,2.049999952316284,7000
2019-12-11,2.009999990463257,2.069999933242798,2.009999990463257,2.049999952316284,2.049999952316284,2100
2019-12-12,2.049999952316284,2.059999942779541,2.0399999618530273,2.059999942779541,2.059999942779541,2000
2019-12-13,2.049999952316284,2.069999933242798,2.049999952316284,2.049999952316284,2.049999952316284,800
2019-12-16,2.0299999713897705,2.0399999618530273,1.9900000095367432,1.9900000095367432,1.9900000095367432,4200
2019-12-17,1.9900000095367432,1.9900000095367432,1.9299999475479126,1.9800000190734863,1.9800000190734863,2900
2019-12-18,1.9600000381469727,1.9700000286102295,1.9600000381469727,1.9600000381469727,1.9600000381469727,1000
2019-12-19,1.9500000476837158,1.9700000286102295,1.9500000476837158,1.9500000476837158,1.9500000476837158,1500
2019-12-20,1.9500000476837158,1.9500000476837158,1.9500000476837158,1.9500000476837158,1.9500000476837158,0
2019-12-23,1.899999976158142,2.049999952316284,1.899999976158142,1.940000057220459,1.940000057220459,11800
2019-12-24,2.009999990463257,2.049999952316284,2.009999990463257,2.049999952316284,2.049999952316284,2300
2019-12-26,1.9299999475479126,1.9800000190734863,1.9299999475479126,1.9299999475479126,1.9299999475479126,13800
2019-12-27,1.909999966621399,2.0,1.909999966621399,1.9299999475479126,1.9299999475479126,5900
2019-12-30,1.9700000286102295,1.9700000286102295,1.9199999570846558,1.9199999570846558,1.9199999570846558,6000
2019-12-31,1.9500000476837158,1.9600000381469727,1.9199999570846558,1.9600000381469727,1.9600000381469727,13200
2020-01-02,2.0199999809265137,2.0199999809265137,1.940000057220459,1.940000057220459,1.940000057220459,2300
2020-01-03,1.909999966621399,1.9199999570846558,1.909999966621399,1.9199999570846558,1.9199999570846558,400
2020-01-06,1.909999966621399,1.9900000095367432,1.909999966621399,1.9900000095367432,1.9900000095367432,4200
2020-01-07,1.940000057220459,1.9900000095367432,1.940000057220459,1.940000057220459,1.940000057220459,900
2020-01-08,1.9900000095367432,1.9900000095367432,1.909999966621399,1.909999966621399,1.909999966621399,3100
2020-01-09,1.909999966621399,2.119999885559082,1.909999966621399,2.119999885559082,2.119999885559082,1400
2020-01-10,2.0999999046325684,2.0999999046325684,2.059999942779541,2.069999933242798,2.069999933242798,2200
2020-01-13,2.0299999713897705,2.0299999713897705,2.0299999713897705,2.0299999713897705,2.0299999713897705,300
2020-01-14,2.1700000762939453,2.1700000762939453,1.9900000095367432,1.9900000095367432,1.9900000095367432,500
2020-01-15,2.180000066757202,2.190000057220459,2.180000066757202,2.190000057220459,2.190000057220459,1300
2020-01-16,2.130000114440918,2.190000057220459,2.130000114440918,2.190000057220459,2.190000057220459,1600
2020-01-17,2.180000066757202,2.25,2.1700000762939453,2.2300000190734863,2.2300000190734863,6900
2020-01-21,2.259999990463257,2.4100000858306885,2.259999990463257,2.390000104904175,2.390000104904175,4800
2020-01-22,2.440000057220459,2.5,2.4000000953674316,2.4800000190734863,2.4800000190734863,5500
2020-01-23,2.4100000858306885,2.4100000858306885,2.2699999809265137,2.2699999809265137,2.2699999809265137,1700
2020-01-24,2.200000047683716,2.369999885559082,2.200000047683716,2.369999885559082,2.369999885559082,3600
2020-01-27,2.2100000381469727,2.2699999809265137,2.2100000381469727,2.2699999809265137,2.2699999809265137,1300
2020-01-28,2.3399999141693115,2.3399999141693115,2.309999942779541,2.3299999237060547,2.3299999237060547,1500
2020-01-29,2.25,2.25,2.240000009536743,2.240000009536743,2.240000009536743,800
2020-01-30,2.049999952316284,2.4000000953674316,2.049999952316284,2.190000057220459,2.190000057220459,8100
2020-01-31,2.190000057220459,2.190000057220459,2.190000057220459,2.190000057220459,2.190000057220459,0
2020-02-03,2.140000104904175,2.140000104904175,2.140000104904175,2.140000104904175,2.140000104904175,600
2020-02-04,2.2699999809265137,2.2699999809265137,2.1600000858306885,2.25,2.25,1800
2020-02-05,2.25,2.25,2.25,2.25,2.25,0
2020-02-06,2.25,2.25,2.25,2.25,2.25,0
2020-02-07,2.3499999046325684,2.3499999046325684,2.3499999046325684,2.3499999046325684,2.3499999046325684,200
2020-02-10,2.319999933242798,2.3299999237060547,2.309999942779541,2.309999942779541,2.309999942779541,2100
2020-02-11,2.2100000381469727,2.299999952316284,2.2100000381469727,2.299999952316284,2.299999952316284,1200
2020-02-12,2.1700000762939453,2.3399999141693115,2.109999895095825,2.109999895095825,2.109999895095825,1700
2020-02-13,2.259999990463257,2.3499999046325684,2.2300000190734863,2.2300000190734863,2.2300000190734863,400
2020-02-14,2.200000047683716,2.200000047683716,2.200000047683716,2.200000047683716,2.200000047683716,3100
2020-02-18,2.2100000381469727,2.2100000381469727,2.119999885559082,2.119999885559082,2.119999885559082,6100
2020-02-19,2.319999933242798,2.319999933242798,2.130000114440918,2.2200000286102295,2.2200000286102295,3400
2020-02-20,2.3499999046325684,2.3499999046325684,2.1600000858306885,2.259999990463257,2.259999990463257,5800
2020-02-21,2.2100000381469727,2.2100000381469727,2.2100000381469727,2.2100000381469727,2.2100000381469727,200
2020-02-24,2.2300000190734863,2.2300000190734863,2.2300000190734863,2.2300000190734863,2.2300000190734863,200
2020-02-25,2.200000047683716,2.200000047683716,2.1700000762939453,2.190000057220459,2.190000057220459,4100
2020-02-26,2.190000057220459,2.200000047683716,2.180000066757202,2.180000066757202,2.180000066757202,1400
2020-02-27,2.1600000858306885,2.1700000762939453,2.109999895095825,2.109999895095825,2.109999895095825,8500
2020-02-28,2.0199999809265137,2.0199999809265137,1.7699999809265137,1.850000023841858,1.850000023841858,25300
2020-03-02,1.909999966621399,2.0,1.8799999952316284,2.0,2.0,5100
2020-03-03,2.0299999713897705,2.0299999713897705,2.0299999713897705,2.0299999713897705,2.0299999713897705,500
2020-03-04,2.0299999713897705,2.0299999713897705,2.0299999713897705,2.0299999713897705,2.0299999713897705,0
2020-03-05,2.009999990463257,2.009999990463257,1.8899999856948853,1.8899999856948853,1.8899999856948853,4900
2020-03-06,1.8300000429153442,1.850000023841858,1.7999999523162842,1.7999999523162842,1.7999999523162842,5000
2020-03-09,1.7999999523162842,1.809999942779541,1.6200000047683716,1.6200000047683716,1.6200000047683716,9800
2020-03-10,1.6200000047683716,1.6399999856948853,1.590000033378601,1.590000033378601,1.590000033378601,3600
2020-03-11,1.590000033378601,1.590000033378601,1.590000033378601,1.590000033378601,1.590000033378601,0
2020-03-12,1.75,1.7699999809265137,1.600000023841858,1.6799999475479126,1.6799999475479126,9100
2020-03-13,1.559999942779541,1.6799999475479126,1.5499999523162842,1.6299999952316284,1.6299999952316284,5100
2020-03-16,1.5499999523162842,1.6699999570846558,1.3300000429153442,1.3300000429153442,1.3300000429153442,9900
2020-03-17,1.4600000381469727,1.4600000381469727,1.409999966621399,1.440000057220459,1.440000057220459,2600
2020-03-18,1.399999976158142,1.399999976158142,1.059999942779541,1.3300000429153442,1.3300000429153442,14500
2020-03-19,1.159999966621399,1.2699999809265137,1.159999966621399,1.2699999809265137,1.2699999809265137,300
2020-03-20,1.2999999523162842,1.5499999523162842,1.2999999523162842,1.5299999713897705,1.5299999713897705,17200
2020-03-23,1.2899999618530273,1.2899999618530273,1.2699999809265137,1.2799999713897705,1.2799999713897705,800
2020-03-24,1.4900000095367432,1.4900000095367432,1.4800000190734863,1.4900000095367432,1.4900000095367432,1200
2020-03-25,1.4900000095367432,1.5299999713897705,1.4900000095367432,1.5,1.5,1200
2020-03-26,1.350000023841858,1.5800000429153442,1.350000023841858,1.5399999618530273,1.5399999618530273,16600
2020-03-27,1.440000057220459,1.909999966621399,1.440000057220459,1.5800000429153442,1.5800000429153442,9500
2020-03-30,1.7100000381469727,1.7100000381469727,1.4600000381469727,1.5099999904632568,1.5099999904632568,1400
2020-03-31,1.5499999523162842,1.6200000047683716,1.5499999523162842,1.559999942779541,1.559999942779541,3300
2020-04-01,1.4600000381469727,1.6399999856948853,1.2999999523162842,1.2999999523162842,1.2999999523162842,9200
2020-04-02,1.4900000095367432,1.5,1.3600000143051147,1.3600000143051147,1.3600000143051147,1000
2020-04-03,1.3899999856948853,1.5,1.3899999856948853,1.5,1.5,3500
2020-04-06,1.6100000143051147,1.6100000143051147,1.4500000476837158,1.4500000476837158,1.4500000476837158,3200
2020-04-07,1.6299999952316284,1.6799999475479126,1.5800000429153442,1.590000033378601,1.590000033378601,4000
2020-04-08,1.7300000190734863,1.75,1.399999976158142,1.5,1.5,3100
2020-04-09,1.4500000476837158,1.7599999904632568,1.4500000476837158,1.600000023841858,1.600000023841858,2700
2020-04-13,1.340000033378601,1.75,1.340000033378601,1.600000023841858,1.600000023841858,1900
2020-04-14,1.559999942779541,1.649999976158142,1.409999966621399,1.600000023841858,1.600000023841858,15500
2020-04-15,3.0899999141693115,6.260000228881836,2.509999990463257,2.559999942779541,2.559999942779541,13778400
2020-04-16,2.7699999809265137,3.25,2.0199999809265137,2.319999933242798,2.319999933242798,1352300
2020-04-17,2.130000114440918,2.4100000858306885,1.899999976158142,2.200000047683716,2.200000047683716,378900
2020-04-20,2.2200000286102295,2.450000047683716,2.0199999809265137,2.1600000858306885,2.1600000858306885,284400
2020-04-21,1.9800000190734863,2.0399999618530273,1.8200000524520874,1.9500000476837158,1.9500000476837158,122400
2020-04-22,1.8600000143051147,2.049999952316284,1.8600000143051147,2.0,2.0,57100
2020-04-23,1.9600000381469727,2.0199999809265137,1.899999976158142,1.9500000476837158,1.9500000476837158,65400
2020-04-24,1.8700000047683716,1.9600000381469727,1.850000023841858,1.9299999475479126,1.9299999475479126,73500
2020-04-27,1.8600000143051147,1.909999966621399,1.7999999523162842,1.909999966621399,1.909999966621399,62900
2020-04-28,1.8799999952316284,2.049999952316284,1.8799999952316284,2.049999952316284,2.049999952316284,70300
2020-04-29,1.9800000190734863,2.2300000190734863,1.9600000381469727,2.200000047683716,2.200000047683716,101900
2020-04-30,2.069999933242798,2.1700000762939453,2.0,2.0899999141693115,2.0899999141693115,75900
2020-05-01,2.0799999237060547,2.1500000953674316,2.0,2.140000104904175,2.140000104904175,34400
2020-05-04,2.049999952316284,2.130000114440918,1.9500000476837158,2.009999990463257,2.009999990463257,37900
2020-05-05,1.9900000095367432,2.069999933242798,1.9700000286102295,2.059999942779541,2.059999942779541,31600
2020-05-06,2.0299999713897705,2.069999933242798,1.9700000286102295,1.9900000095367432,1.9900000095367432,18800
2020-05-07,2.0,2.059999942779541,1.9700000286102295,2.0,2.0,30900
2020-05-08,1.9600000381469727,2.130000114440918,1.9600000381469727,2.069999933242798,2.069999933242798,19300
2020-05-11,2.049999952316284,2.109999895095825,2.0,2.069999933242798,2.069999933242798,33900
2020-05-12,2.119999885559082,2.119999885559082,2.059999942779541,2.0799999237060547,2.0799999237060547,18100
2020-05-13,2.009999990463257,2.1500000953674316,2.009999990463257,2.119999885559082,2.119999885559082,28400
2020-05-14,2.049999952316284,2.390000104904175,2.049999952316284,2.140000104904175,2.140000104904175,74200
2020-05-15,2.0999999046325684,2.3499999046325684,2.0999999046325684,2.1500000953674316,2.1500000953674316,20200
2020-05-18,2.200000047683716,2.25,2.0,2.009999990463257,2.009999990463257,42900
2020-05-19,2.0299999713897705,2.140000104904175,2.0,2.0399999618530273,2.0399999618530273,40700
2020-05-20,2.049999952316284,2.109999895095825,1.9800000190734863,2.009999990463257,2.009999990463257,23000
2020-05-21,1.9800000190734863,2.049999952316284,1.9800000190734863,2.0299999713897705,2.0299999713897705,27600
2020-05-22,2.0899999141693115,2.0899999141693115,1.9700000286102295,1.9700000286102295,1.9700000286102295,33600
2020-05-26,1.9800000190734863,2.069999933242798,1.9500000476837158,1.9600000381469727,1.9600000381469727,12400
2020-05-27,2.0199999809265137,2.059999942779541,1.9900000095367432,2.0399999618530273,2.0399999618530273,30000
2020-05-28,2.059999942779541,2.059999942779541,1.9700000286102295,2.0,2.0,8100
2020-05-29,2.799999952316284,3.75,2.1500000953674316,2.319999933242798,2.319999933242798,5221200
2020-06-01,2.569999933242798,2.5799999237060547,2.2799999713897705,2.3399999141693115,2.3399999141693115,131500
2020-06-02,2.25,2.4100000858306885,2.0799999237060547,2.2899999618530273,2.2899999618530273,112000
2020-06-03,2.359999895095825,2.509999990463257,2.319999933242798,2.4600000381469727,2.4600000381469727,88600
2020-06-04,2.440000057220459,2.440000057220459,2.180000066757202,2.2699999809265137,2.2699999809265137,76600
2020-06-05,2.2799999713897705,2.5299999713897705,2.2799999713897705,2.3499999046325684,2.3499999046325684,51800
2020-06-08,2.3499999046325684,2.450000047683716,2.2899999618530273,2.390000104904175,2.390000104904175,44400
2020-06-09,2.4000000953674316,2.440000057220459,2.2899999618530273,2.369999885559082,2.369999885559082,31100
2020-06-10,2.3399999141693115,2.4000000953674316,2.2799999713897705,2.380000114440918,2.380000114440918,15300
2020-06-11,2.2899999618530273,2.299999952316284,2.1600000858306885,2.190000057220459,2.190000057220459,54100
2020-06-12,2.2300000190734863,2.299999952316284,2.119999885559082,2.1600000858306885,2.1600000858306885,15500
2020-06-15,2.109999895095825,2.2699999809265137,2.109999895095825,2.25,2.25,7700
2020-06-16,2.2799999713897705,2.3499999046325684,2.2300000190734863,2.309999942779541,2.309999942779541,107500
2020-06-17,2.450000047683716,3.200000047683716,2.309999942779541,2.4000000953674316,2.4000000953674316,1091000
2020-06-18,2.4000000953674316,2.490000009536743,2.319999933242798,2.450000047683716,2.450000047683716,1269300
2020-06-19,3.2100000381469727,4.300000190734863,2.7699999809265137,2.990000009536743,2.990000009536743,5125400
2020-06-22,2.8499999046325684,3.0799999237060547,2.430000066757202,2.6600000858306885,2.6600000858306885,358100
2020-06-23,2.569999933242798,2.640000104904175,2.509999990463257,2.5999999046325684,2.5999999046325684,81800
2020-06-24,2.509999990463257,2.7799999713897705,2.430000066757202,2.640000104904175,2.640000104904175,187000
2020-06-25,2.490000009536743,2.75,2.490000009536743,2.75,2.75,106800
2020-06-26,2.700000047683716,2.740000009536743,2.569999933242798,2.609999895095825,2.609999895095825,99800
2020-06-29,2.5999999046325684,2.7100000381469727,2.559999942779541,2.6500000953674316,2.6500000953674316,53400
2020-06-30,2.630000114440918,2.9100000858306885,2.630000114440918,2.7899999618530273,2.7899999618530273,82600
2020-07-01,2.7799999713897705,2.859999895095825,2.6600000858306885,2.7300000190734863,2.7300000190734863,34700
2020-07-02,2.75,2.759999990463257,2.549999952316284,2.569999933242798,2.569999933242798,57400
2020-07-06,2.5799999237060547,2.7300000190734863,2.5799999237060547,2.640000104904175,2.640000104904175,68600
2020-07-07,2.5999999046325684,2.680000066757202,2.5399999618530273,2.5999999046325684,2.5999999046325684,81800
2020-07-08,2.569999933242798,2.7300000190734863,2.569999933242798,2.5999999046325684,2.5999999046325684,75800
2020-07-09,2.609999895095825,2.700000047683716,2.5799999237060547,2.5899999141693115,2.5899999141693115,72900
2020-07-10,2.559999942779541,2.740000009536743,2.5399999618530273,2.640000104904175,2.640000104904175,230700
2020-07-13,2.680000066757202,2.9800000190734863,2.5999999046325684,2.5999999046325684,2.5999999046325684,220100
2020-07-14,2.5899999141693115,2.809999942779541,2.5799999237060547,2.6600000858306885,2.6600000858306885,83900
2020-07-15,2.6500000953674316,2.8399999141693115,2.6500000953674316,2.7300000190734863,2.7300000190734863,57400
2020-07-16,2.690000057220459,2.940000057220459,2.680000066757202,2.8499999046325684,2.8499999046325684,87500
2020-07-17,2.890000104904175,3.140000104904175,2.890000104904175,3.109999895095825,3.109999895095825,119600
2020-07-20,3.180000066757202,3.180000066757202,2.950000047683716,3.009999990463257,3.009999990463257,68800
2020-07-21,2.990000009536743,3.109999895095825,2.930000066757202,3.0,3.0,36500
2020-07-22,2.9700000286102295,3.2300000190734863,2.9700000286102295,3.140000104904175,3.140000104904175,92000
2020-07-23,3.0999999046325684,3.1600000858306885,3.0199999809265137,3.109999895095825,3.109999895095825,47200
2020-07-24,3.0799999237060547,3.109999895095825,3.0399999618530273,3.109999895095825,3.109999895095825,11700
2020-07-27,3.109999895095825,3.2200000286102295,2.9800000190734863,3.0299999713897705,3.0299999713897705,44000
2020-07-28,3.0,3.1600000858306885,3.0,3.140000104904175,3.140000104904175,24700
2020-07-29,3.109999895095825,3.2100000381469727,3.0999999046325684,3.119999885559082,3.119999885559082,24900
2020-07-30,3.069999933242798,3.1500000953674316,3.069999933242798,3.0899999141693115,3.0899999141693115,15200
2020-07-31,3.200000047683716,3.200000047683716,2.930000066757202,2.940000057220459,2.940000057220459,50500
2020-08-03,3.069999933242798,3.069999933242798,2.9800000190734863,3.0299999713897705,3.0299999713897705,23700
2020-08-04,3.049999952316284,3.1500000953674316,3.0199999809265137,3.130000114440918,3.130000114440918,17000
2020-08-05,3.0899999141693115,3.200000047683716,3.0899999141693115,3.140000104904175,3.140000104904175,21300
2020-08-06,3.130000114440918,3.1700000762939453,3.059999942779541,3.109999895095825,3.109999895095825,11700
2020-08-07,3.119999885559082,3.319999933242798,3.0999999046325684,3.2699999809265137,3.2699999809265137,71400
2020-08-10,3.3399999141693115,3.490000009536743,3.2699999809265137,3.2799999713897705,3.2799999713897705,122600
2020-08-11,3.240000009536743,3.299999952316284,3.200000047683716,3.2100000381469727,3.2100000381469727,35800
2020-08-12,3.200000047683716,3.259999990463257,3.140000104904175,3.180000066757202,3.180000066757202,39800
2020-08-13,3.2100000381469727,3.3499999046325684,3.190000057220459,3.2699999809265137,3.2699999809265137,35600
2020-08-14,3.25,3.369999885559082,3.25,3.3399999141693115,3.3399999141693115,191300
2020-08-17,3.880000114440918,3.880000114440918,3.25,3.3399999141693115,3.3399999141693115,343400
2020-08-18,3.2899999618530273,3.430000066757202,3.0799999237060547,3.190000057220459,3.190000057220459,153800
2020-08-19,3.200000047683716,3.3499999046325684,3.130000114440918,3.2300000190734863,3.2300000190734863,129300
2020-08-20,3.1600000858306885,3.200000047683716,3.0899999141693115,3.200000047683716,3.200000047683716,76800
2020-08-21,3.130000114440918,3.1500000953674316,2.940000057220459,3.0,3.0,53500
2020-08-24,2.950000047683716,3.0,2.6600000858306885,2.7200000286102295,2.7200000286102295,70800
2020-08-25,2.6600000858306885,2.880000114440918,2.6600000858306885,2.7899999618530273,2.7899999618530273,30100
2020-08-26,2.7300000190734863,3.6700000762939453,2.700000047683716,3.4600000381469727,3.4600000381469727,1213500
2020-08-27,3.2300000190734863,3.25,2.619999885559082,2.690000057220459,2.690000057220459,325400
2020-08-28,2.799999952316284,2.859999895095825,2.559999942779541,2.5899999141693115,2.5899999141693115,145500
2020-08-31,2.619999885559082,2.640000104904175,2.450000047683716,2.490000009536743,2.490000009536743,61400
2020-09-01,2.549999952316284,2.5799999237060547,2.2100000381469727,2.2100000381469727,2.2100000381469727,90200
2020-09-02,2.25,2.3499999046325684,2.2100000381469727,2.3399999141693115,2.3399999141693115,50800
2020-09-03,2.2799999713897705,2.309999942779541,2.2100000381469727,2.25,2.25,30200
2020-09-04,2.259999990463257,2.4800000190734863,2.259999990463257,2.4600000381469727,2.4600000381469727,41200
2020-09-08,2.4600000381469727,2.4600000381469727,2.309999942779541,2.4100000858306885,2.4100000858306885,25600
2020-09-09,2.4100000858306885,2.4100000858306885,2.3299999237060547,2.4100000858306885,2.4100000858306885,11000
2020-09-10,2.4100000858306885,2.4100000858306885,2.240000009536743,2.259999990463257,2.259999990463257,25500
2020-09-11,2.259999990463257,2.2699999809265137,2.200000047683716,2.25,2.25,16400
2020-09-14,2.2200000286102295,2.3499999046325684,2.2200000286102295,2.259999990463257,2.259999990463257,29500
2020-09-15,2.25,2.4000000953674316,2.25,2.3499999046325684,2.3499999046325684,14800
2020-09-16,2.3399999141693115,2.440000057220459,2.309999942779541,2.309999942779541,2.309999942779541,18900
2020-09-17,2.359999895095825,2.359999895095825,2.2799999713897705,2.2899999618530273,2.2899999618530273,24800
2020-09-18,2.319999933242798,2.3299999237060547,2.2799999713897705,2.2799999713897705,2.2799999713897705,37600
2020-09-21,2.259999990463257,2.259999990463257,2.200000047683716,2.200000047683716,2.200000047683716,29800
2020-09-22,2.25,2.25,2.200000047683716,2.200000047683716,2.200000047683716,12600
2020-09-23,2.309999942779541,2.4200000762939453,2.180000066757202,2.200000047683716,2.200000047683716,69700
2020-09-24,2.240000009536743,2.2699999809265137,2.140000104904175,2.1600000858306885,2.1600000858306885,31800
2020-09-25,2.200000047683716,2.2300000190734863,2.190000057220459,2.190000057220459,2.190000057220459,7200
2020-09-28,2.2100000381469727,2.3499999046325684,2.2100000381469727,2.309999942779541,2.309999942779541,44900
2020-09-29,2.309999942779541,2.640000104904175,2.309999942779541,2.4700000286102295,2.4700000286102295,95500
2020-09-30,2.4100000858306885,2.5199999809265137,2.4100000858306885,2.4600000381469727,2.4600000381469727,14300
2020-10-01,2.4100000858306885,2.5399999618530273,2.319999933242798,2.4800000190734863,2.4800000190734863,20900
2020-10-02,2.3299999237060547,2.509999990463257,2.3299999237060547,2.430000066757202,2.430000066757202,13800
2020-10-05,2.4800000190734863,2.740000009536743,2.380000114440918,2.549999952316284,2.549999952316284,67000
2020-10-06,2.5799999237060547,3.8299999237060547,2.5799999237060547,2.869999885559082,2.869999885559082,4597800
2020-10-07,2.8399999141693115,2.869999885559082,2.559999942779541,2.6700000762939453,2.6700000762939453,294700
2020-10-08,2.5,2.700000047683716,2.430000066757202,2.440000057220459,2.440000057220459,142400
2020-10-09,2.450000047683716,2.5999999046325684,2.4200000762939453,2.4700000286102295,2.4700000286102295,75900
2020-10-12,2.430000066757202,2.549999952316284,2.430000066757202,2.450000047683716,2.450000047683716,43900
2020-10-13,2.4100000858306885,2.4700000286102295,2.2899999618530273,2.380000114440918,2.380000114440918,68600
2020-10-14,2.369999885559082,3.140000104904175,2.369999885559082,2.819999933242798,2.819999933242798,2132000
2020-10-15,2.549999952316284,2.6700000762939453,2.4000000953674316,2.490000009536743,2.490000009536743,467300
2020-10-16,2.4100000858306885,2.5299999713897705,2.380000114440918,2.4000000953674316,2.4000000953674316,58300
2020-10-19,2.4600000381469727,2.4600000381469727,2.25,2.299999952316284,2.299999952316284,111500
2020-10-20,2.299999952316284,2.390000104904175,2.259999990463257,2.3399999141693115,2.3399999141693115,73300
2020-10-21,2.2899999618530273,2.4200000762939453,2.259999990463257,2.3499999046325684,2.3499999046325684,36400
2020-10-22,2.4000000953674316,2.4100000858306885,2.299999952316284,2.369999885559082,2.369999885559082,51100
2020-10-23,2.380000114440918,2.5399999618530273,2.3499999046325684,2.4200000762939453,2.4200000762939453,198600
2020-10-26,2.4000000953674316,2.4700000286102295,2.359999895095825,2.450000047683716,2.450000047683716,42500
2020-10-27,2.4000000953674316,2.740000009536743,2.390000104904175,2.5899999141693115,2.5899999141693115,441400
2020-10-28,2.6700000762939453,2.950000047683716,2.4100000858306885,2.6500000953674316,2.6500000953674316,564800
2020-10-29,2.609999895095825,2.6700000762939453,2.509999990463257,2.5799999237060547,2.5799999237060547,356100
2020-10-30,2.5,2.5199999809265137,2.3399999141693115,2.5199999809265137,2.5199999809265137,162900
2020-11-02,2.4000000953674316,2.5199999809265137,2.390000104904175,2.490000009536743,2.490000009536743,65400
2020-11-03,2.4600000381469727,2.559999942779541,2.430000066757202,2.5,2.5,15700
2020-11-04,2.4600000381469727,2.609999895095825,2.4600000381469727,2.509999990463257,2.509999990463257,53500
2020-11-05,2.5199999809265137,2.569999933242798,2.490000009536743,2.5199999809265137,2.5199999809265137,36800
2020-11-06,2.559999942779541,2.700000047683716,2.5399999618530273,2.5999999046325684,2.5999999046325684,68800
2020-11-09,2.5999999046325684,3.2699999809265137,2.5999999046325684,2.809999942779541,2.809999942779541,1422900
2020-11-10,2.7100000381469727,2.75,2.440000057220459,2.5899999141693115,2.5899999141693115,337500
2020-11-11,2.5399999618530273,2.680000066757202,2.5399999618530273,2.630000114440918,2.630000114440918,68600
2020-11-12,2.5999999046325684,2.630000114440918,2.559999942779541,2.609999895095825,2.609999895095825,44300
2020-11-13,2.680000066757202,2.680000066757202,2.5899999141693115,2.6500000953674316,2.6500000953674316,37300
2020-11-16,3.2300000190734863,3.3399999141693115,2.619999885559082,2.7899999618530273,2.7899999618530273,4741400
2020-11-17,2.700000047683716,2.759999990463257,2.559999942779541,2.7300000190734863,2.7300000190734863,238900
2020-11-18,2.759999990463257,2.799999952316284,2.630000114440918,2.7300000190734863,2.7300000190734863,125900
2020-11-19,2.6500000953674316,2.950000047683716,2.6500000953674316,2.9000000953674316,2.9000000953674316,69300
2020-11-20,2.890000104904175,2.9700000286102295,2.75,2.7799999713897705,2.7799999713897705,230700
2020-11-23,2.799999952316284,2.940000057220459,2.700000047683716,2.75,2.75,126900
2020-11-24,2.759999990463257,2.8299999237060547,2.690000057220459,2.7899999618530273,2.7899999618530273,55400
2020-11-25,2.809999942779541,2.9800000190734863,2.759999990463257,2.9100000858306885,2.9100000858306885,134600
2020-11-27,2.940000057220459,3.109999895095825,2.8399999141693115,3.049999952316284,3.049999952316284,110300
2020-11-30,3.0299999713897705,3.119999885559082,2.930000066757202,3.049999952316284,3.049999952316284,54300
2020-12-01,3.069999933242798,3.069999933242798,2.9000000953674316,2.950000047683716,2.950000047683716,49800
2020-12-02,2.990000009536743,3.049999952316284,2.9200000762939453,3.009999990463257,3.009999990463257,41100
2020-12-03,2.990000009536743,3.1600000858306885,2.990000009536743,3.059999942779541,3.059999942779541,98800
2020-12-04,3.109999895095825,3.549999952316284,3.0799999237060547,3.190000057220459,3.190000057220459,586500
2020-12-07,3.1500000953674316,3.1600000858306885,3.0299999713897705,3.0999999046325684,3.0999999046325684,61300
2020-12-08,3.109999895095825,3.25,3.069999933242798,3.1600000858306885,3.1600000858306885,71400
2020-12-09,3.2100000381469727,3.2200000286102295,3.049999952316284,3.0899999141693115,3.0899999141693115,41800
2020-12-10,3.109999895095825,3.180000066757202,3.059999942779541,3.130000114440918,3.130000114440918,23600
2020-12-11,3.1600000858306885,3.1700000762939453,3.0799999237060547,3.1700000762939453,3.1700000762939453,13300
2020-12-14,3.190000057220459,3.25,3.0799999237060547,3.1500000953674316,3.1500000953674316,36600
2020-12-15,3.140000104904175,3.140000104904175,3.0399999618530273,3.069999933242798,3.069999933242798,26400
2020-12-16,3.359999895095825,3.700000047683716,2.7799999713897705,3.0299999713897705,3.0299999713897705,956300
2020-12-17,2.990000009536743,3.119999885559082,2.9000000953674316,3.059999942779541,3.059999942779541,64200
2020-12-18,3.009999990463257,3.0999999046325684,3.0,3.0399999618530273,3.0399999618530273,30800
2020-12-21,3.0399999618530273,3.109999895095825,2.9600000381469727,3.069999933242798,3.069999933242798,28300
2020-12-22,3.0299999713897705,3.0999999046325684,3.0,3.0,3.0,35500
2020-12-23,3.0,3.049999952316284,2.930000066757202,2.990000009536743,2.990000009536743,10600
2020-12-24,2.9600000381469727,3.0399999618530273,2.9100000858306885,2.940000057220459,2.940000057220459,16400
2020-12-28,2.940000057220459,3.0999999046325684,2.9200000762939453,3.0,3.0,71800
2020-12-29,2.9700000286102295,3.6500000953674316,2.9700000286102295,3.4000000953674316,3.4000000953674316,943200
2020-12-30,3.309999942779541,3.3399999141693115,3.009999990463257,3.109999895095825,3.109999895095825,252400
2020-12-31,3.059999942779541,3.200000047683716,3.059999942779541,3.1700000762939453,3.1700000762939453,36900
2021-01-04,3.140000104904175,3.1500000953674316,2.7899999618530273,2.990000009536743,2.990000009536743,142500
2021-01-05,3.009999990463257,3.130000114440918,2.9700000286102295,3.059999942779541,3.059999942779541,55800
2021-01-06,3.0899999141693115,3.3499999046325684,3.049999952316284,3.069999933242798,3.069999933242798,183800
2021-01-07,3.0999999046325684,3.3299999237060547,3.059999942779541,3.1600000858306885,3.1600000858306885,227900
2021-01-08,3.200000047683716,3.2699999809265137,3.059999942779541,3.130000114440918,3.130000114440918,58400
2021-01-11,3.180000066757202,3.259999990463257,3.130000114440918,3.180000066757202,3.180000066757202,26600
2021-01-12,3.2100000381469727,3.2799999713897705,3.190000057220459,3.2300000190734863,3.2300000190734863,18200
2021-01-13,3.2300000190734863,3.4700000286102295,3.1600000858306885,3.200000047683716,3.200000047683716,196200
2021-01-14,3.0999999046325684,3.369999885559082,3.0999999046325684,3.2100000381469727,3.2100000381469727,225300
2021-01-15,3.299999952316284,3.3299999237060547,3.0999999046325684,3.2200000286102295,3.2200000286102295,49600
2021-01-19,3.259999990463257,3.3399999141693115,3.190000057220459,3.2899999618530273,3.2899999618530273,42300
2021-01-20,3.2899999618530273,3.4800000190734863,3.2100000381469727,3.4000000953674316,3.4000000953674316,366300
2021-01-21,3.3499999046325684,3.6600000858306885,3.2799999713897705,3.5299999713897705,3.5299999713897705,209700
2021-01-22,3.569999933242798,3.680000066757202,3.5399999618530273,3.5999999046325684,3.5999999046325684,82200
2021-01-25,3.5999999046325684,3.7899999618530273,3.5999999046325684,3.6700000762939453,3.6700000762939453,92000
2021-01-26,3.7200000286102295,3.7899999618530273,3.5399999618530273,3.7300000190734863,3.7300000190734863,55500
2021-01-27,3.7300000190734863,3.7300000190734863,3.490000009536743,3.490000009536743,3.490000009536743,45000
2021-01-28,3.450000047683716,3.630000114440918,3.3399999141693115,3.369999885559082,3.369999885559082,46900
2021-01-29,3.3399999141693115,3.4700000286102295,3.25,3.2799999713897705,3.2799999713897705,32200
2021-02-01,3.390000104904175,3.450000047683716,3.2100000381469727,3.4200000762939453,3.4200000762939453,63400
2021-02-02,3.430000066757202,3.5899999141693115,3.430000066757202,3.450000047683716,3.450000047683716,32700
2021-02-03,3.490000009536743,3.559999942779541,3.450000047683716,3.549999952316284,3.549999952316284,18000
2021-02-04,3.5899999141693115,3.5899999141693115,3.4600000381469727,3.4800000190734863,3.4800000190734863,15100
2021-02-05,3.5199999809265137,3.5999999046325684,3.5199999809265137,3.559999942779541,3.559999942779541,12000
2021-02-08,3.509999990463257,4.590000152587891,3.509999990463257,4.21999979019165,4.21999979019165,3840500
2021-02-09,13.4399995803833,15.720000267028809,7.829999923706055,8.380000114440918,8.380000114440918,33920100
2021-02-10,6.900000095367432,7.019999980926514,6.199999809265137,6.619999885559082,6.619999885559082,1736000
2021-02-11,7.349999904632568,7.420000076293945,6.380000114440918,6.539999961853027,6.539999961853027,686800
2021-02-12,6.199999809265137,6.690000057220459,5.75,6.690000057220459,6.690000057220459,542600
2021-02-16,6.699999809265137,6.699999809265137,6.239999771118164,6.289999961853027,6.289999961853027,156000
2021-02-17,6.329999923706055,6.329999923706055,5.929999828338623,6.179999828338623,6.179999828338623,144200
2021-02-18,6.039999961853027,6.230000019073486,5.949999809265137,6.130000114440918,6.130000114440918,185800
2021-02-19,6.159999847412109,6.449999809265137,6.0,6.289999961853027,6.289999961853027,80200
2021-02-22,6.28000020980835,6.53000020980835,6.110000133514404,6.400000095367432,6.400000095367432,103100
2021-02-23,6.21999979019165,6.239999771118164,5.650000095367432,5.659999847412109,5.659999847412109,99300
2021-02-24,5.650000095367432,5.880000114440918,5.550000190734863,5.710000038146973,5.710000038146973,67400
2021-02-25,5.710000038146973,6.0,5.619999885559082,5.739999771118164,5.739999771118164,142000
2021-02-26,5.940000057220459,5.940000057220459,5.5,5.579999923706055,5.579999923706055,56400
2021-03-01,5.619999885559082,5.75,5.460000038146973,5.5,5.5,46400
2021-03-02,5.570000171661377,5.949999809265137,5.510000228881836,5.679999828338623,5.679999828338623,47600
2021-03-03,5.550000190734863,5.659999847412109,5.420000076293945,5.420000076293945,5.420000076293945,43300
2021-03-04,5.429999828338623,5.690000057220459,4.71999979019165,4.880000114440918,4.880000114440918,63400
2021-03-05,5.0,5.190000057220459,4.659999847412109,5.059999942779541,5.059999942779541,45500
2021-03-08,5.079999923706055,5.480000019073486,5.039999961853027,5.300000190734863,5.300000190734863,38400
2021-03-09,5.389999866485596,5.730000019073486,5.309999942779541,5.699999809265137,5.699999809265137,121400
2021-03-10,5.650000095367432,5.789999961853027,5.489999771118164,5.730000019073486,5.730000019073486,41000
2021-03-11,5.78000020980835,5.889999866485596,5.679999828338623,5.829999923706055,5.829999923706055,91900
2021-03-12,5.900000095367432,5.900000095367432,5.389999866485596,5.699999809265137,5.699999809265137,91700
2021-03-15,5.769999980926514,5.929999828338623,5.579999923706055,5.840000152587891,5.840000152587891,51300
2021-03-16,5.889999866485596,5.889999866485596,5.489999771118164,5.579999923706055,5.579999923706055,37400
2021-03-17,5.449999809265137,5.889999866485596,5.449999809265137,5.71999979019165,5.71999979019165,52900
2021-03-18,5.730000019073486,5.849999904632568,5.5,5.5,5.5,33600
2021-03-19,5.5,5.929999828338623,5.460000038146973,5.659999847412109,5.659999847412109,59600
2021-03-22,5.690000057220459,5.900000095367432,5.670000076293945,5.730000019073486,5.730000019073486,31700
2021-03-23,5.690000057220459,5.949999809265137,5.5,5.510000228881836,5.510000228881836,46200
2021-03-24,5.53000020980835,5.75,5.340000152587891,5.380000114440918,5.380000114440918,38900
2021-03-25,5.25,5.429999828338623,5.119999885559082,5.369999885559082,5.369999885559082,27300
2021-03-26,5.309999942779541,5.5,5.309999942779541,5.400000095367432,5.400000095367432,25700
2021-03-29,5.389999866485596,5.5,5.210000038146973,5.269999980926514,5.269999980926514,16600
2021-03-30,5.199999809265137,5.369999885559082,5.190000057220459,5.269999980926514,5.269999980926514,22400
2021-03-31,5.380000114440918,5.78000020980835,5.320000171661377,5.78000020980835,5.78000020980835,89300
2021-04-01,5.980000019073486,6.03000020980835,5.550000190734863,5.739999771118164,5.739999771118164,41300
2021-04-05,5.800000190734863,5.800000190734863,5.409999847412109,5.46999979019165,5.46999979019165,52900
2021-04-06,5.260000228881836,5.46999979019165,5.260000228881836,5.420000076293945,5.420000076293945,14000
2021-04-07,5.340000152587891,5.340000152587891,4.909999847412109,4.980000019073486,4.980000019073486,68700
2021-04-08,5.070000171661377,5.309999942779541,4.900000095367432,5.079999923706055,5.079999923706055,248000
2021-04-09,5.010000228881836,5.260000228881836,4.989999771118164,5.110000133514404,5.110000133514404,50700
2021-04-12,5.110000133514404,5.110000133514404,4.889999866485596,4.900000095367432,4.900000095367432,26300
2021-04-13,4.849999904632568,4.880000114440918,4.480000019073486,4.610000133514404,4.610000133514404,38500
2021-04-14,4.769999980926514,4.800000190734863,4.670000076293945,4.670000076293945,4.670000076293945,9600
2021-04-15,4.760000228881836,4.760000228881836,4.559999942779541,4.619999885559082,4.619999885559082,14500
2021-04-16,4.559999942779541,4.659999847412109,4.420000076293945,4.570000171661377,4.570000171661377,27600
2021-04-19,4.5,4.570000171661377,4.389999866485596,4.400000095367432,4.400000095367432,16300
2021-04-20,4.309999942779541,4.53000020980835,4.170000076293945,4.400000095367432,4.400000095367432,22700
2021-04-21,4.320000171661377,4.389999866485596,4.230000019073486,4.300000190734863,4.300000190734863,23300
2021-04-22,4.25,4.53000020980835,4.25,4.300000190734863,4.300000190734863,10500
2021-04-23,4.449999809265137,4.449999809265137,4.210000038146973,4.440000057220459,4.440000057220459,11600
2021-04-26,4.429999828338623,4.630000114440918,4.389999866485596,4.46999979019165,4.46999979019165,8800
2021-04-27,4.590000152587891,4.590000152587891,4.400000095367432,4.429999828338623,4.429999828338623,12000
2021-04-28,4.389999866485596,4.610000133514404,4.389999866485596,4.550000190734863,4.550000190734863,7500
2021-04-29,4.5,4.599999904632568,4.400000095367432,4.409999847412109,4.409999847412109,26800
2021-04-30,4.320000171661377,4.449999809265137,4.320000171661377,4.360000133514404,4.360000133514404,17300
2021-05-03,4.5,5.269999980926514,4.5,5.150000095367432,5.150000095367432,368600
2021-05-04,4.940000057220459,5.099999904632568,4.650000095367432,4.900000095367432,4.900000095367432,54100
2021-05-05,4.900000095367432,6.420000076293945,4.900000095367432,5.039999961853027,5.039999961853027,725800
2021-05-06,5.070000171661377,5.199999809265137,4.699999809265137,4.940000057220459,4.940000057220459,94100
2021-05-07,5.0,5.880000114440918,4.960000038146973,5.110000133514404,5.110000133514404,333700
2021-05-10,5.050000190734863,5.369999885559082,5.0,5.130000114440918,5.130000114440918,161100
2021-05-11,5.0,5.949999809265137,4.699999809265137,5.690000057220459,5.690000057220459,490500
2021-05-12,5.769999980926514,7.179999828338623,5.460000038146973,6.170000076293945,6.170000076293945,1315100
2021-05-13,6.400000095367432,7.650000095367432,6.400000095367432,7.190000057220459,7.190000057220459,3084500
2021-05-14,7.429999828338623,7.5,6.659999847412109,7.019999980926514,7.019999980926514,1177700
2021-05-17,6.920000076293945,7.079999923706055,6.550000190734863,6.889999866485596,6.889999866485596,619300
2021-05-18,6.739999771118164,6.820000171661377,6.130000114440918,6.820000171661377,6.820000171661377,617000
2021-05-19,6.46999979019165,6.46999979019165,6.099999904632568,6.25,6.25,219200
2021-05-20,6.300000190734863,6.710000038146973,6.199999809265137,6.300000190734863,6.300000190734863,224400
2021-05-21,6.329999923706055,6.570000171661377,5.849999904632568,6.5,6.5,842400
2021-05-24,6.400000095367432,6.889999866485596,6.28000020980835,6.659999847412109,6.659999847412109,619900
2021-05-25,6.539999961853027,6.860000133514404,6.170000076293945,6.260000228881836,6.260000228881836,700200
2021-05-26,6.190000057220459,6.679999828338623,6.090000152587891,6.550000190734863,6.550000190734863,1709300
2021-05-27,6.53000020980835,6.630000114440918,6.199999809265137,6.289999961853027,6.289999961853027,409200
2021-05-28,6.340000152587891,6.5,6.210000038146973,6.380000114440918,6.380000114440918,174300
2021-06-01,6.409999847412109,6.869999885559082,6.349999904632568,6.71999979019165,6.71999979019165,522200
2021-06-02,6.75,7.159999847412109,6.619999885559082,6.760000228881836,6.760000228881836,1527800
2021-06-03,6.650000095367432,6.699999809265137,6.099999904632568,6.460000038146973,6.460000038146973,610000
2021-06-04,6.53000020980835,6.869999885559082,6.25,6.349999904632568,6.349999904632568,1276100
2021-06-07,6.5,6.679999828338623,6.349999904632568,6.610000133514404,6.610000133514404,377200
2021-06-08,6.559999942779541,7.320000171661377,6.260000228881836,7.070000171661377,7.070000171661377,1942700
2021-06-09,7.010000228881836,8.239999771118164,6.610000133514404,6.789999961853027,6.789999961853027,3831100
2021-06-10,6.710000038146973,6.880000114440918,6.059999942779541,6.28000020980835,6.28000020980835,666300
2021-06-11,6.210000038146973,6.449999809265137,6.019999980926514,6.400000095367432,6.400000095367432,736400
2021-06-14,6.449999809265137,6.46999979019165,6.059999942779541,6.119999885559082,6.119999885559082,324700
2021-06-15,6.099999904632568,6.110000133514404,5.440000057220459,5.53000020980835,5.53000020980835,645600
2021-06-16,5.480000019073486,5.849999904632568,5.260000228881836,5.769999980926514,5.769999980926514,451000
2021-06-17,5.670000076293945,5.849999904632568,5.409999847412109,5.690000057220459,5.690000057220459,309300
2021-06-18,5.599999904632568,6.019999980926514,5.429999828338623,5.989999771118164,5.989999771118164,346000
2021-06-21,5.949999809265137,6.119999885559082,5.809999942779541,5.96999979019165,5.96999979019165,158600
2021-06-22,5.96999979019165,6.010000228881836,5.690000057220459,5.960000038146973,5.960000038146973,103000
2021-06-23,5.940000057220459,6.019999980926514,5.849999904632568,6.019999980926514,6.019999980926514,44600
2021-06-24,6.0,6.550000190734863,5.929999828338623,6.360000133514404,6.360000133514404,400800
2021-06-25,6.360000133514404,6.360000133514404,6.099999904632568,6.260000228881836,6.260000228881836,84100
2021-06-28,6.190000057220459,6.400000095367432,6.119999885559082,6.269999980926514,6.269999980926514,59500
2021-06-29,6.269999980926514,6.369999885559082,6.110000133514404,6.119999885559082,6.119999885559082,163100
2021-06-30,6.119999885559082,6.210000038146973,5.949999809265137,5.980000019073486,5.980000019073486,102200
2021-07-01,6.010000228881836,6.239999771118164,5.869999885559082,6.0,6.0,219600
2021-07-02,6.010000228881836,6.170000076293945,5.809999942779541,6.110000133514404,6.110000133514404,259700
2021-07-06,6.099999904632568,6.46999979019165,6.099999904632568,6.28000020980835,6.28000020980835,240400
2021-07-07,6.289999961853027,6.389999866485596,5.840000152587891,5.920000076293945,5.920000076293945,153900
2021-07-08,5.690000057220459,5.880000114440918,5.400000095367432,5.760000228881836,5.760000228881836,125400
2021-07-09,5.739999771118164,5.940000057220459,5.730000019073486,5.829999923706055,5.829999923706055,23400
2021-07-12,5.909999847412109,6.139999866485596,5.909999847412109,6.0,6.0,40300
2021-07-13,5.900000095367432,5.989999771118164,5.739999771118164,5.809999942779541,5.809999942779541,31500
2021-07-14,5.849999904632568,6.190000057220459,5.670000076293945,5.940000057220459,5.940000057220459,156200
2021-07-15,5.900000095367432,6.070000171661377,5.46999979019165,5.489999771118164,5.489999771118164,213400
2021-07-16,5.510000228881836,5.679999828338623,5.449999809265137,5.480000019073486,5.480000019073486,63500
2021-07-19,5.199999809265137,5.610000133514404,5.199999809265137,5.570000171661377,5.570000171661377,97400
2021-07-20,5.599999904632568,5.869999885559082,5.46999979019165,5.789999961853027,5.789999961853027,29800
2021-07-21,5.800000190734863,6.079999923706055,5.800000190734863,5.820000171661377,5.820000171661377,42900
2021-07-22,5.829999923706055,5.980000019073486,5.699999809265137,5.849999904632568,5.849999904632568,18800
2021-07-23,5.920000076293945,6.090000152587891,5.760000228881836,5.949999809265137,5.949999809265137,108500
2021-07-26,5.889999866485596,5.949999809265137,5.710000038146973,5.710000038146973,5.710000038146973,19900
2021-07-27,5.730000019073486,5.880000114440918,5.630000114440918,5.699999809265137,5.699999809265137,17000
2021-07-28,5.739999771118164,6.050000190734863,5.659999847412109,5.920000076293945,5.920000076293945,32900
2021-07-29,6.010000228881836,6.360000133514404,5.880000114440918,6.119999885559082,6.119999885559082,125100
2021-07-30,6.010000228881836,6.110000133514404,5.840000152587891,6.019999980926514,6.019999980926514,27000
2021-08-02,6.039999961853027,6.389999866485596,6.010000228881836,6.039999961853027,6.039999961853027,99600
2021-08-03,6.090000152587891,6.489999771118164,6.079999923706055,6.360000133514404,6.360000133514404,120000
2021-08-04,6.260000228881836,6.480000019073486,6.0,6.170000076293945,6.170000076293945,41000
2021-08-05,6.21999979019165,6.449999809265137,6.21999979019165,6.440000057220459,6.440000057220459,44100
2021-08-06,6.380000114440918,6.639999866485596,6.320000171661377,6.429999828338623,6.429999828338623,95100
2021-08-09,6.489999771118164,6.579999923706055,6.369999885559082,6.460000038146973,6.460000038146973,26400
2021-08-10,6.53000020980835,6.690000057220459,6.130000114440918,6.199999809265137,6.199999809265137,47400
2021-08-11,6.28000020980835,6.300000190734863,6.010000228881836,6.059999942779541,6.059999942779541,54500
2021-08-12,6.019999980926514,6.019999980926514,5.809999942779541,5.880000114440918,5.880000114440918,20600
2021-08-13,5.949999809265137,6.039999961853027,5.599999904632568,5.869999885559082,5.869999885559082,44600
2021-08-16,5.909999847412109,5.96999979019165,5.699999809265137,5.840000152587891,5.840000152587891,17300
2021-08-17,5.739999771118164,5.809999942779541,5.510000228881836,5.650000095367432,5.650000095367432,34700
2021-08-18,5.579999923706055,5.860000133514404,5.510000228881836,5.590000152587891,5.590000152587891,28200
2021-08-19,5.5,5.699999809265137,5.5,5.519999980926514,5.519999980926514,9300
2021-08-20,5.579999923706055,5.71999979019165,5.380000114440918,5.630000114440918,5.630000114440918,27800
2021-08-23,5.78000020980835,5.78000020980835,5.440000057220459,5.489999771118164,5.489999771118164,9000
2021-08-24,5.489999771118164,5.599999904632568,5.480000019073486,5.519999980926514,5.519999980926514,16200
2021-08-25,5.480000019073486,5.809999942779541,5.409999847412109,5.519999980926514,5.519999980926514,89500
2021-08-26,5.590000152587891,5.78000020980835,5.5,5.639999866485596,5.639999866485596,35000
2021-08-27,5.650000095367432,5.989999771118164,5.449999809265137,5.900000095367432,5.900000095367432,131400
2021-08-30,5.980000019073486,6.0,5.809999942779541,5.909999847412109,5.909999847412109,30300
2021-08-31,5.860000133514404,6.239999771118164,5.809999942779541,5.989999771118164,5.989999771118164,50000
2021-09-01,5.949999809265137,6.099999904632568,5.829999923706055,5.829999923706055,5.829999923706055,45300
2021-09-02,5.909999847412109,5.989999771118164,5.75,5.909999847412109,5.909999847412109,28000
2021-09-03,5.889999866485596,5.889999866485596,5.670000076293945,5.690000057220459,5.690000057220459,22500
2021-09-07,5.739999771118164,5.75,5.5,5.550000190734863,5.550000190734863,18600
2021-09-08,5.550000190734863,5.550000190734863,5.210000038146973,5.46999979019165,5.46999979019165,39500
2021-09-09,5.409999847412109,5.53000020980835,5.400000095367432,5.400000095367432,5.400000095367432,19300
2021-09-10,5.349999904632568,5.489999771118164,5.170000076293945,5.289999961853027,5.289999961853027,32400
2021-09-13,5.269999980926514,5.269999980926514,4.960000038146973,5.0,5.0,23700
2021-09-14,5.0,5.110000133514404,4.960000038146973,4.96999979019165,4.96999979019165,25100
2021-09-15,4.900000095367432,5.130000114440918,4.900000095367432,5.079999923706055,5.079999923706055,35300
2021-09-16,5.039999961853027,5.139999866485596,4.809999942779541,5.139999866485596,5.139999866485596,28600
2021-09-17,5.090000152587891,5.199999809265137,4.949999809265137,5.199999809265137,5.199999809265137,30700
2021-09-20,4.989999771118164,5.019999980926514,4.630000114440918,4.849999904632568,4.849999904632568,45300
2021-09-21,4.860000133514404,5.010000228881836,4.670000076293945,4.989999771118164,4.989999771118164,33900
2021-09-22,4.909999847412109,5.0,4.849999904632568,4.849999904632568,4.849999904632568,8400
2021-09-23,4.920000076293945,5.25,4.800000190734863,5.230000019073486,5.230000019073486,15200
2021-09-24,5.050000190734863,5.139999866485596,4.929999828338623,4.96999979019165,4.96999979019165,17600
2021-09-27,5.0,5.110000133514404,5.0,5.03000020980835,5.03000020980835,7100
2021-09-28,5.070000171661377,5.119999885559082,4.889999866485596,5.03000020980835,5.03000020980835,9800
2021-09-29,5.010000228881836,5.21999979019165,4.869999885559082,5.0,5.0,9600
2021-09-30,5.0,5.010000228881836,4.769999980926514,4.769999980926514,4.769999980926514,11600
2021-10-01,4.78000020980835,4.78000020980835,4.590000152587891,4.760000228881836,4.760000228881836,26200
2021-10-04,4.769999980926514,4.78000020980835,4.599999904632568,4.650000095367432,4.650000095367432,14600
2021-10-05,4.699999809265137,4.769999980926514,4.630000114440918,4.739999771118164,4.739999771118164,6200
2021-10-06,4.739999771118164,4.739999771118164,4.380000114440918,4.46999979019165,4.46999979019165,32300
2021-10-07,4.449999809265137,4.739999771118164,4.400000095367432,4.510000228881836,4.510000228881836,143600
2021-10-08,4.510000228881836,4.659999847412109,4.5,4.5,4.5,7400
2021-10-11,4.46999979019165,4.619999885559082,4.46999979019165,4.539999961853027,4.539999961853027,9200
2021-10-12,4.5,4.610000133514404,4.449999809265137,4.570000171661377,4.570000171661377,4500
2021-10-13,4.570000171661377,4.570000171661377,4.409999847412109,4.409999847412109,4.409999847412109,8100
2021-10-14,4.400000095367432,4.639999866485596,4.400000095367432,4.429999828338623,4.429999828338623,6700
2021-10-15,4.420000076293945,4.579999923706055,4.409999847412109,4.440000057220459,4.440000057220459,11400
2021-10-18,4.429999828338623,4.610000133514404,4.409999847412109,4.5,4.5,6200
2021-10-19,4.420000076293945,4.53000020980835,4.420000076293945,4.53000020980835,4.53000020980835,2700
2021-10-20,4.46999979019165,4.599999904632568,4.429999828338623,4.550000190734863,4.550000190734863,12400
2021-10-21,4.760000228881836,4.769999980926514,4.590000152587891,4.590000152587891,4.590000152587891,8100
2021-10-22,4.650000095367432,4.769999980926514,4.480000019073486,4.769999980926514,4.769999980926514,9900
2021-10-25,4.789999961853027,5.159999847412109,4.639999866485596,4.929999828338623,4.929999828338623,55300
2021-10-26,4.849999904632568,4.96999979019165,4.789999961853027,4.789999961853027,4.789999961853027,12200
2021-10-27,4.909999847412109,4.909999847412109,4.590000152587891,4.610000133514404,4.610000133514404,19000
2021-10-28,4.599999904632568,4.730000019073486,4.440000057220459,4.440000057220459,4.440000057220459,18000
2021-10-29,4.510000228881836,4.670000076293945,4.409999847412109,4.409999847412109,4.409999847412109,18900
2021-11-01,4.53000020980835,4.550000190734863,4.389999866485596,4.409999847412109,4.409999847412109,11500
2021-11-02,4.340000152587891,4.449999809265137,4.170000076293945,4.309999942779541,4.309999942779541,13400
2021-11-03,4.300000190734863,4.539999961853027,4.300000190734863,4.400000095367432,4.400000095367432,12300
2021-11-04,4.420000076293945,4.739999771118164,4.420000076293945,4.5,4.5,42200
2021-11-05,4.510000228881836,4.670000076293945,4.510000228881836,4.519999980926514,4.519999980926514,3400
2021-11-08,4.590000152587891,4.860000133514404,4.559999942779541,4.789999961853027,4.789999961853027,47100
2021-11-09,4.789999961853027,4.829999923706055,4.639999866485596,4.71999979019165,4.71999979019165,5500
2021-11-10,4.75,4.840000152587891,4.619999885559082,4.789999961853027,4.789999961853027,12200
2021-11-11,4.78000020980835,4.920000076293945,4.739999771118164,4.909999847412109,4.909999847412109,5300
2021-11-12,4.949999809265137,4.980000019073486,4.739999771118164,4.980000019073486,4.980000019073486,7200
2021-11-15,4.78000020980835,4.980000019073486,4.78000020980835,4.900000095367432,4.900000095367432,87700
2021-11-16,5.380000114440918,6.0,5.010000228881836,6.0,6.0,1385500
2021-11-17,5.659999847412109,5.900000095367432,5.349999904632568,5.860000133514404,5.860000133514404,127900
2021-11-18,5.519999980926514,5.690000057220459,5.269999980926514,5.300000190734863,5.300000190734863,59200
2021-11-19,5.210000038146973,5.639999866485596,5.210000038146973,5.570000171661377,5.570000171661377,30800
2021-11-22,5.670000076293945,5.670000076293945,5.010000228881836,5.059999942779541,5.059999942779541,57800
2021-11-23,5.159999847412109,5.380000114440918,4.800000190734863,4.96999979019165,4.96999979019165,53100
2021-11-24,4.989999771118164,5.099999904632568,4.880000114440918,5.050000190734863,5.050000190734863,17300
2021-11-26,4.900000095367432,5.03000020980835,4.820000171661377,4.869999885559082,4.869999885559082,3000
2021-11-29,4.869999885559082,5.210000038146973,4.710000038146973,4.800000190734863,4.800000190734863,32300
2021-11-30,4.829999923706055,4.909999847412109,4.699999809265137,4.78000020980835,4.78000020980835,12100
2021-12-01,4.889999866485596,4.949999809265137,4.820000171661377,4.829999923706055,4.829999923706055,5200
2021-12-02,4.860000133514404,4.860000133514404,4.71999979019165,4.78000020980835,4.78000020980835,8900
2021-12-03,4.840000152587891,4.840000152587891,4.550000190734863,4.579999923706055,4.579999923706055,9600
2021-12-06,4.559999942779541,4.829999923706055,4.329999923706055,4.829999923706055,4.829999923706055,33400
2021-12-07,4.820000171661377,5.139999866485596,4.809999942779541,5.039999961853027,5.039999961853027,66000
2021-12-08,4.550000190734863,5.090000152587891,4.550000190734863,4.869999885559082,4.869999885559082,19400
2021-12-09,4.900000095367432,4.96999979019165,4.730000019073486,4.760000228881836,4.760000228881836,5700
2021-12-10,5.039999961853027,5.039999961853027,4.619999885559082,4.809999942779541,4.809999942779541,6600
2021-12-13,4.840000152587891,4.840000152587891,4.400000095367432,4.400000095367432,4.400000095367432,19900
2021-12-14,4.320000171661377,4.510000228881836,4.320000171661377,4.409999847412109,4.409999847412109,18500
2021-12-15,4.409999847412109,4.46999979019165,4.210000038146973,4.360000133514404,4.360000133514404,14000
2021-12-16,4.429999828338623,4.46999979019165,4.300000190734863,4.320000171661377,4.320000171661377,4000
2021-12-17,4.269999980926514,4.460000038146973,4.269999980926514,4.460000038146973,4.460000038146973,7700
2021-12-20,4.429999828338623,4.429999828338623,4.150000095367432,4.199999809265137,4.199999809265137,10800
2021-12-21,4.300000190734863,4.550000190734863,4.300000190734863,4.429999828338623,4.429999828338623,15100
2021-12-22,4.630000114440918,4.639999866485596,4.400000095367432,4.400000095367432,4.400000095367432,25500
2021-12-23,4.480000019073486,4.550000190734863,4.409999847412109,4.449999809265137,4.449999809265137,21100
2021-12-27,4.360000133514404,4.480000019073486,4.360000133514404,4.400000095367432,4.400000095367432,13600
2021-12-28,4.510000228881836,4.510000228881836,4.340000152587891,4.46999979019165,4.46999979019165,5300
2021-12-29,4.440000057220459,4.5,4.440000057220459,4.480000019073486,4.480000019073486,7200
2021-12-30,4.300000190734863,4.679999828338623,4.300000190734863,4.659999847412109,4.659999847412109,10500
2021-12-31,4.659999847412109,5.130000114440918,4.539999961853027,4.849999904632568,4.849999904632568,35700
2022-01-03,4.960000038146973,5.019999980926514,4.699999809265137,4.71999979019165,4.71999979019165,34000
2022-01-04,4.71999979019165,4.880000114440918,4.679999828338623,4.800000190734863,4.800000190734863,14500
2022-01-05,4.909999847412109,4.980000019073486,4.769999980926514,4.829999923706055,4.829999923706055,9900
2022-01-06,4.909999847412109,4.909999847412109,4.650000095367432,4.650000095367432,4.650000095367432,9200
2022-01-07,4.590000152587891,4.670000076293945,4.5,4.5,4.5,14400
2022-01-10,4.510000228881836,4.610000133514404,4.440000057220459,4.590000152587891,4.590000152587891,16100
2022-01-11,4.650000095367432,4.650000095367432,4.440000057220459,4.630000114440918,4.630000114440918,6900
2022-01-12,4.480000019073486,4.650000095367432,4.429999828338623,4.650000095367432,4.650000095367432,10800
2022-01-13,4.650000095367432,4.679999828338623,4.53000020980835,4.659999847412109,4.659999847412109,3600
2022-01-14,4.579999923706055,4.889999866485596,4.539999961853027,4.889999866485596,4.889999866485596,14000
2022-01-18,4.849999904632568,5.230000019073486,4.800000190734863,5.119999885559082,5.119999885559082,44000
2022-01-19,5.190000057220459,5.25,5.03000020980835,5.139999866485596,5.139999866485596,14500
2022-01-20,5.150000095367432,5.46999979019165,5.059999942779541,5.239999771118164,5.239999771118164,43300
2022-01-21,5.039999961853027,5.070000171661377,4.699999809265137,4.710000038146973,4.710000038146973,40000
2022-01-24,4.710000038146973,4.71999979019165,4.449999809265137,4.579999923706055,4.579999923706055,16600
2022-01-25,4.590000152587891,4.71999979019165,4.510000228881836,4.630000114440918,4.630000114440918,8800
2022-01-26,4.670000076293945,4.739999771118164,4.519999980926514,4.619999885559082,4.619999885559082,4700
2022-01-27,4.639999866485596,4.730000019073486,4.099999904632568,4.159999847412109,4.159999847412109,24400
2022-01-28,4.139999866485596,4.28000020980835,4.119999885559082,4.199999809265137,4.199999809265137,6000
2022-01-31,4.5,4.5,4.179999828338623,4.260000228881836,4.260000228881836,6400
2022-02-01,4.389999866485596,4.480000019073486,4.300000190734863,4.429999828338623,4.429999828338623,6600
2022-02-02,4.5,4.579999923706055,4.400000095367432,4.539999961853027,4.539999961853027,3500
2022-02-03,4.550000190734863,4.690000057220459,4.510000228881836,4.590000152587891,4.590000152587891,5900
2022-02-04,4.480000019073486,4.599999904632568,4.480000019073486,4.590000152587891,4.590000152587891,3500
2022-02-07,4.539999961853027,4.590000152587891,4.460000038146973,4.5,4.5,3300
2022-02-08,4.510000228881836,4.71999979019165,4.510000228881836,4.619999885559082,4.619999885559082,16200
2022-02-09,4.679999828338623,4.679999828338623,4.590000152587891,4.599999904632568,4.599999904632568,2800
2022-02-10,4.710000038146973,4.929999828338623,4.559999942779541,4.639999866485596,4.639999866485596,32900
2022-02-11,4.590000152587891,4.590000152587891,4.440000057220459,4.5,4.5,6100
2022-02-14,4.519999980926514,4.599999904632568,4.409999847412109,4.409999847412109,4.409999847412109,3100
2022-02-15,4.489999771118164,4.650000095367432,4.489999771118164,4.650000095367432,4.650000095367432,3600
2022-02-16,4.619999885559082,4.860000133514404,4.440000057220459,4.800000190734863,4.800000190734863,18300
2022-02-17,4.800000190734863,4.800000190734863,4.559999942779541,4.75,4.75,7500
2022-02-18,4.71999979019165,4.849999904632568,4.590000152587891,4.849999904632568,4.849999904632568,10800
2022-02-22,4.489999771118164,4.670000076293945,4.460000038146973,4.539999961853027,4.539999961853027,13700
2022-02-23,4.489999771118164,4.639999866485596,4.46999979019165,4.510000228881836,4.510000228881836,5000
2022-02-24,4.409999847412109,4.5,4.409999847412109,4.5,4.5,6600
2022-02-25,4.5,4.650000095367432,4.400000095367432,4.539999961853027,4.539999961853027,6000
2022-02-28,4.650000095367432,4.800000190734863,4.550000190734863,4.800000190734863,4.800000190734863,13000
2022-03-01,4.670000076293945,4.940000057220459,4.539999961853027,4.809999942779541,4.809999942779541,14200
2022-03-02,4.510000228881836,5.0,4.510000228881836,4.889999866485596,4.889999866485596,14800
2022-03-03,4.800000190734863,4.800000190734863,4.679999828338623,4.78000020980835,4.78000020980835,6000
2022-03-04,4.809999942779541,4.849999904632568,4.699999809265137,4.849999904632568,4.849999904632568,2700
2022-03-07,4.78000020980835,4.980000019073486,4.760000228881836,4.789999961853027,4.789999961853027,13200
2022-03-08,4.800000190734863,4.929999828338623,4.710000038146973,4.760000228881836,4.760000228881836,7500
2022-03-09,4.71999979019165,4.889999866485596,4.71999979019165,4.880000114440918,4.880000114440918,1700
2022-03-10,4.769999980926514,4.940000057220459,4.769999980926514,4.920000076293945,4.920000076293945,2700
2022-03-11,4.929999828338623,5.309999942779541,4.880000114440918,5.25,5.25,29200
2022-03-14,5.340000152587891,5.860000133514404,5.159999847412109,5.539999961853027,5.539999961853027,47000
2022-03-15,5.639999866485596,5.679999828338623,5.190000057220459,5.210000038146973,5.210000038146973,17600
2022-03-16,5.239999771118164,5.590000152587891,5.190000057220459,5.230000019073486,5.230000019073486,15900
2022-03-17,5.329999923706055,5.550000190734863,5.110000133514404,5.210000038146973,5.210000038146973,17100
2022-03-18,5.320000171661377,5.320000171661377,4.880000114440918,4.909999847412109,4.909999847412109,17900
2022-03-21,5.0,5.590000152587891,5.0,5.050000190734863,5.050000190734863,46000
2022-03-22,5.550000190734863,5.550000190734863,5.119999885559082,5.119999885559082,5.119999885559082,12900
2022-03-23,5.050000190734863,5.550000190734863,5.050000190734863,5.550000190734863,5.550000190734863,24400
2022-03-24,5.53000020980835,5.769999980926514,5.46999979019165,5.730000019073486,5.730000019073486,18700
2022-03-25,5.730000019073486,6.099999904632568,5.679999828338623,5.960000038146973,5.960000038146973,28800
2022-03-28,6.039999961853027,6.099999904632568,5.860000133514404,5.880000114440918,5.880000114440918,25200
2022-03-29,5.820000171661377,5.940000057220459,5.820000171661377,5.889999866485596,5.889999866485596,17100
2022-03-30,5.989999771118164,6.070000171661377,5.809999942779541,6.039999961853027,6.039999961853027,11700
2022-03-31,5.900000095367432,5.96999979019165,5.769999980926514,5.96999979019165,5.96999979019165,19700
2022-04-01,6.099999904632568,6.099999904632568,5.059999942779541,5.090000152587891,5.090000152587891,104600
2022-04-04,5.309999942779541,5.420000076293945,5.110000133514404,5.170000076293945,5.170000076293945,14500
2022-04-05,5.199999809265137,5.199999809265137,5.099999904632568,5.099999904632568,5.099999904632568,12700
2022-04-06,5.159999847412109,5.53000020980835,5.119999885559082,5.409999847412109,5.409999847412109,27200
2022-04-07,5.179999828338623,5.179999828338623,5.179999828338623,5.179999828338623,5.179999828338623,1400
2022-04-08,5.199999809265137,5.28000020980835,5.139999866485596,5.150000095367432,5.150000095367432,2900
2022-04-11,5.139999866485596,5.409999847412109,5.139999866485596,5.139999866485596,5.139999866485596,3400
2022-04-12,5.409999847412109,5.409999847412109,5.139999866485596,5.329999923706055,5.329999923706055,5500
2022-04-13,5.260000228881836,5.5,5.21999979019165,5.360000133514404,5.360000133514404,7100
2022-04-14,5.389999866485596,5.5,5.349999904632568,5.440000057220459,5.440000057220459,14000
2022-04-18,5.349999904632568,5.349999904632568,5.260000228881836,5.260000228881836,5.260000228881836,4200
2022-04-19,5.28000020980835,5.349999904632568,5.210000038146973,5.28000020980835,5.28000020980835,7200
2022-04-20,5.199999809265137,5.289999961853027,5.199999809265137,5.199999809265137,5.199999809265137,3400
2022-04-21,5.300000190734863,5.489999771118164,5.190000057220459,5.210000038146973,5.210000038146973,3900
2022-04-22,5.269999980926514,5.28000020980835,5.179999828338623,5.199999809265137,5.199999809265137,2800
2022-04-25,5.21999979019165,5.21999979019165,5.059999942779541,5.059999942779541,5.059999942779541,6000
2022-04-26,5.0,5.03000020980835,4.679999828338623,4.679999828338623,4.679999828338623,26100
2022-04-27,4.75,4.869999885559082,4.539999961853027,4.590000152587891,4.590000152587891,8100
2022-04-28,4.619999885559082,4.619999885559082,4.579999923706055,4.619999885559082,4.619999885559082,3400
2022-04-29,4.489999771118164,4.5,4.449999809265137,4.460000038146973,4.460000038146973,3000
2022-05-02,4.489999771118164,4.550000190734863,4.460000038146973,4.5,4.5,5100
2022-05-03,4.480000019073486,4.650000095367432,4.46999979019165,4.650000095367432,4.650000095367432,2000
2022-05-04,4.71999979019165,4.75,4.599999904632568,4.690000057220459,4.690000057220459,5200
2022-05-05,4.670000076293945,4.699999809265137,4.630000114440918,4.699999809265137,4.699999809265137,500
2022-05-06,4.650000095367432,4.800000190734863,4.429999828338623,4.429999828338623,4.429999828338623,8700
2022-05-09,4.480000019073486,4.480000019073486,4.360000133514404,4.360000133514404,4.360000133514404,10700
2022-05-10,4.449999809265137,4.449999809265137,4.369999885559082,4.369999885559082,4.369999885559082,2500
2022-05-11,4.409999847412109,4.409999847412109,4.010000228881836,4.03000020980835,4.03000020980835,14300
2022-05-12,4.03000020980835,4.150000095367432,3.859999895095825,4.039999961853027,4.039999961853027,11800
2022-05-13,4.099999904632568,4.119999885559082,3.9600000381469727,4.019999980926514,4.019999980926514,5600
2022-05-16,4.130000114440918,4.150000095367432,4.099999904632568,4.099999904632568,4.099999904632568,5800
2022-05-17,4.769999980926514,4.789999961853027,4.320000171661377,4.449999809265137,4.449999809265137,16200
2022-05-18,4.659999847412109,4.659999847412109,4.400000095367432,4.400000095367432,4.400000095367432,2800
2022-05-19,4.510000228881836,4.510000228881836,4.400000095367432,4.429999828338623,4.429999828338623,600
2022-05-20,4.409999847412109,4.409999847412109,4.25,4.28000020980835,4.28000020980835,3100
2022-05-23,4.179999828338623,4.380000114440918,4.159999847412109,4.349999904632568,4.349999904632568,6200
2022-05-24,4.159999847412109,4.400000095367432,4.130000114440918,4.369999885559082,4.369999885559082,3400
2022-05-25,4.269999980926514,4.550000190734863,4.269999980926514,4.53000020980835,4.53000020980835,2800
2022-05-26,4.71999979019165,4.820000171661377,4.650000095367432,4.789999961853027,4.789999961853027,3100
2022-05-27,4.670000076293945,4.900000095367432,4.650000095367432,4.900000095367432,4.900000095367432,2800
2022-05-31,4.869999885559082,4.96999979019165,4.860000133514404,4.96999979019165,4.96999979019165,6200
2022-06-01,4.989999771118164,5.0,4.869999885559082,4.880000114440918,4.880000114440918,6000
2022-06-02,4.860000133514404,4.920000076293945,4.840000152587891,4.920000076293945,4.920000076293945,2400
2022-06-03,4.980000019073486,4.980000019073486,4.840000152587891,4.860000133514404,4.860000133514404,7300
2022-06-06,4.639999866485596,4.849999904632568,4.400000095367432,4.400000095367432,4.400000095367432,17200
2022-06-07,4.400000095367432,4.400000095367432,4.28000020980835,4.289999961853027,4.289999961853027,3800
2022-06-08,4.380000114440918,4.46999979019165,4.380000114440918,4.380000114440918,4.380000114440918,2200
2022-06-09,4.489999771118164,4.489999771118164,4.429999828338623,4.429999828338623,4.429999828338623,7300
2022-06-10,4.340000152587891,4.369999885559082,4.019999980926514,4.230000019073486,4.230000019073486,11300
2022-06-13,4.130000114440918,4.559999942779541,4.119999885559082,4.519999980926514,4.519999980926514,19100
2022-06-14,4.739999771118164,4.869999885559082,4.329999923706055,4.610000133514404,4.610000133514404,29300
2022-06-15,4.639999866485596,4.900000095367432,4.579999923706055,4.869999885559082,4.869999885559082,7900
2022-06-16,4.800000190734863,4.900000095367432,4.5,4.599999904632568,4.599999904632568,3800
2022-06-17,4.559999942779541,4.78000020980835,4.559999942779541,4.78000020980835,4.78000020980835,1000
2022-06-21,4.699999809265137,4.789999961853027,4.699999809265137,4.78000020980835,4.78000020980835,2000
2022-06-22,4.849999904632568,4.869999885559082,4.599999904632568,4.829999923706055,4.829999923706055,1500
2022-06-23,4.650000095367432,4.809999942779541,4.650000095367432,4.75,4.75,3200
2022-06-24,4.699999809265137,4.849999904632568,4.659999847412109,4.75,4.75,3300
2022-06-27,4.75,4.849999904632568,4.75,4.769999980926514,4.769999980926514,11200
2022-06-28,4.690000057220459,4.760000228881836,4.650000095367432,4.690000057220459,4.690000057220459,9700
2022-06-29,4.639999866485596,4.639999866485596,4.550000190734863,4.579999923706055,4.579999923706055,1700
2022-06-30,4.550000190734863,4.550000190734863,4.5,4.519999980926514,4.519999980926514,1100
2022-07-01,4.539999961853027,4.539999961853027,4.510000228881836,4.539999961853027,4.539999961853027,1900
2022-07-05,4.429999828338623,4.630000114440918,4.25,4.599999904632568,4.599999904632568,2900
2022-07-06,4.559999942779541,4.630000114440918,4.360000133514404,4.429999828338623,4.429999828338623,1800
2022-07-07,4.440000057220459,4.510000228881836,4.420000076293945,4.420000076293945,4.420000076293945,1400
2022-07-08,4.409999847412109,4.539999961853027,4.409999847412109,4.539999961853027,4.539999961853027,400
2022-07-11,4.53000020980835,4.53000020980835,4.53000020980835,4.53000020980835,4.53000020980835,200
2022-07-12,4.420000076293945,4.960000038146973,4.260000228881836,4.599999904632568,4.599999904632568,37900
2022-07-13,4.429999828338623,4.639999866485596,4.429999828338623,4.550000190734863,4.550000190734863,4700
2022-07-14,4.519999980926514,4.650000095367432,4.300000190734863,4.380000114440918,4.380000114440918,5600
2022-07-15,4.53000020980835,4.53000020980835,4.449999809265137,4.46999979019165,4.46999979019165,2900
2022-07-18,4.579999923706055,4.579999923706055,4.260000228881836,4.309999942779541,4.309999942779541,6700
2022-07-19,4.449999809265137,4.5,4.300000190734863,4.389999866485596,4.389999866485596,4900
2022-07-20,4.389999866485596,4.389999866485596,4.260000228881836,4.260000228881836,4.260000228881836,5300
2022-07-21,4.260000228881836,4.340000152587891,4.150000095367432,4.320000171661377,4.320000171661377,6700
2022-07-22,4.320000171661377,4.340000152587891,4.320000171661377,4.340000152587891,4.340000152587891,1000
2022-07-25,4.400000095367432,4.480000019073486,4.380000114440918,4.409999847412109,4.409999847412109,8400
2022-07-26,4.300000190734863,4.400000095367432,4.150000095367432,4.369999885559082,4.369999885559082,5200
2022-07-27,4.449999809265137,4.449999809265137,4.420000076293945,4.429999828338623,4.429999828338623,1200
2022-07-28,4.400000095367432,4.489999771118164,4.400000095367432,4.449999809265137,4.449999809265137,3900
2022-07-29,4.539999961853027,4.539999961853027,4.349999904632568,4.400000095367432,4.400000095367432,6200
2022-08-01,4.28000020980835,4.440000057220459,4.28000020980835,4.340000152587891,4.340000152587891,11800
2022-08-02,4.340000152587891,4.340000152587891,4.150000095367432,4.300000190734863,4.300000190734863,3600
2022-08-03,4.300000190734863,4.510000228881836,4.300000190734863,4.329999923706055,4.329999923706055,10900
2022-08-04,4.449999809265137,4.53000020980835,4.409999847412109,4.420000076293945,4.420000076293945,6100
2022-08-05,4.409999847412109,4.53000020980835,4.329999923706055,4.460000038146973,4.460000038146973,5700
2022-08-08,4.5,4.510000228881836,4.480000019073486,4.5,4.5,5000
2022-08-09,4.5,4.639999866485596,4.449999809265137,4.460000038146973,4.460000038146973,5700
2022-08-10,4.480000019073486,4.480000019073486,4.309999942779541,4.440000057220459,4.440000057220459,6000
2022-08-11,4.619999885559082,4.639999866485596,4.539999961853027,4.639999866485596,4.639999866485596,4600
2022-08-12,4.599999904632568,4.75,4.550000190734863,4.610000133514404,4.610000133514404,16500
2022-08-15,4.53000020980835,4.630000114440918,4.510000228881836,4.550000190734863,4.550000190734863,3100
2022-08-16,4.510000228881836,4.610000133514404,4.300000190734863,4.349999904632568,4.349999904632568,40200
2022-08-17,4.329999923706055,4.360000133514404,4.329999923706055,4.360000133514404,4.360000133514404,500
2022-08-18,4.380000114440918,4.480000019073486,4.289999961853027,4.320000171661377,4.320000171661377,7400
2022-08-19,4.300000190734863,4.340000152587891,4.230000019073486,4.230000019073486,4.230000019073486,7400
2022-08-22,4.230000019073486,4.409999847412109,4.230000019073486,4.230000019073486,4.230000019073486,4200
2022-08-23,4.409999847412109,4.409999847412109,4.239999771118164,4.239999771118164,4.239999771118164,1300
2022-08-24,4.28000020980835,4.449999809265137,4.239999771118164,4.239999771118164,4.239999771118164,1100
2022-08-25,4.25,4.590000152587891,4.25,4.480000019073486,4.480000019073486,5700
2022-08-26,4.480000019073486,4.550000190734863,4.409999847412109,4.409999847412109,4.409999847412109,4500
2022-08-29,4.340000152587891,4.489999771118164,4.260000228881836,4.320000171661377,4.320000171661377,5200
2022-08-30,4.309999942779541,4.349999904632568,4.159999847412109,4.199999809265137,4.199999809265137,4200
2022-08-31,4.210000038146973,4.329999923706055,4.210000038146973,4.28000020980835,4.28000020980835,13100
2022-09-01,4.260000228881836,4.329999923706055,4.150000095367432,4.159999847412109,4.159999847412109,3200
2022-09-02,4.289999961853027,4.429999828338623,4.199999809265137,4.21999979019165,4.21999979019165,13900
2022-09-06,4.210000038146973,4.210000038146973,4.210000038146973,4.210000038146973,4.210000038146973,2400
2022-09-07,4.300000190734863,4.400000095367432,4.230000019073486,4.329999923706055,4.329999923706055,5600
2022-09-08,4.440000057220459,4.599999904632568,4.440000057220459,4.519999980926514,4.519999980926514,25200
2022-09-09,4.480000019073486,4.519999980926514,4.389999866485596,4.449999809265137,4.449999809265137,12900
2022-09-12,4.309999942779541,4.489999771118164,4.309999942779541,4.369999885559082,4.369999885559082,14100
2022-09-13,4.440000057220459,4.5,4.309999942779541,4.420000076293945,4.420000076293945,13700
2022-09-14,4.409999847412109,4.510000228881836,4.329999923706055,4.510000228881836,4.510000228881836,14600
2022-09-15,4.369999885559082,4.650000095367432,4.369999885559082,4.650000095367432,4.650000095367432,24300
2022-09-16,4.409999847412109,4.909999847412109,4.409999847412109,4.909999847412109,4.909999847412109,22800
2022-09-19,4.909999847412109,4.909999847412109,4.300000190734863,4.849999904632568,4.849999904632568,66900
2022-09-20,4.699999809265137,4.71999979019165,4.369999885559082,4.71999979019165,4.71999979019165,13900
2022-09-21,4.639999866485596,4.789999961853027,4.480000019073486,4.650000095367432,4.650000095367432,3000
2022-09-22,4.730000019073486,4.730000019073486,4.599999904632568,4.599999904632568,4.599999904632568,1800
2022-09-23,4.420000076293945,4.53000020980835,4.309999942779541,4.349999904632568,4.349999904632568,7800
2022-09-26,4.329999923706055,4.329999923706055,4.179999828338623,4.179999828338623,4.179999828338623,2500
2022-09-27,4.239999771118164,4.28000020980835,4.150000095367432,4.150000095367432,4.150000095367432,6900
2022-09-28,4.150000095367432,4.380000114440918,4.150000095367432,4.230000019073486,4.230000019073486,15500
2022-09-29,4.03000020980835,4.190000057220459,3.5899999141693115,3.9100000858306885,3.9100000858306885,24600
2022-09-30,3.9100000858306885,4.099999904632568,3.9100000858306885,3.9700000286102295,3.9700000286102295,4800
2022-10-03,3.940000057220459,4.0,3.940000057220459,4.0,4.0,2600
2022-10-04,4.090000152587891,4.090000152587891,3.9600000381469727,3.990000009536743,3.990000009536743,5100
2022-10-05,4.110000133514404,4.110000133514404,4.070000171661377,4.070000171661377,4.070000171661377,1800
2022-10-06,4.039999961853027,4.079999923706055,4.039999961853027,4.079999923706055,4.079999923706055,700
2022-10-07,4.019999980926514,4.019999980926514,4.019999980926514,4.019999980926514,4.019999980926514,500
2022-10-10,3.9600000381469727,4.090000152587891,3.9600000381469727,4.0,4.0,1700
2022-10-11,4.03000020980835,4.159999847412109,4.010000228881836,4.010000228881836,4.010000228881836,2700
2022-10-12,4.03000020980835,4.139999866485596,4.010000228881836,4.010000228881836,4.010000228881836,1300
2022-10-13,3.940000057220459,4.130000114440918,3.940000057220459,4.090000152587891,4.090000152587891,1000
2022-10-14,3.990000009536743,4.010000228881836,3.990000009536743,4.0,4.0,2400
2022-10-17,4.019999980926514,4.150000095367432,3.9100000858306885,4.070000171661377,4.070000171661377,30100
2022-10-18,4.039999961853027,4.039999961853027,3.809999942779541,3.819999933242798,3.819999933242798,10500
2022-10-19,3.950000047683716,3.950000047683716,3.690000057220459,3.700000047683716,3.700000047683716,4600
2022-10-20,3.8299999237060547,3.890000104904175,3.7300000190734863,3.740000009536743,3.740000009536743,5700
2022-10-21,3.809999942779541,3.880000114440918,3.740000009536743,3.759999990463257,3.759999990463257,5800
2022-10-24,3.75,3.930000066757202,3.7300000190734863,3.890000104904175,3.890000104904175,9100
2022-10-25,3.869999885559082,3.9200000762939453,3.7799999713897705,3.7799999713897705,3.7799999713897705,5900
2022-10-26,3.8499999046325684,3.8499999046325684,3.75,3.759999990463257,3.759999990463257,1800
2022-10-27,3.75,3.799999952316284,3.75,3.799999952316284,3.799999952316284,2400
2022-10-28,3.7899999618530273,3.9100000858306885,3.75,3.9000000953674316,3.9000000953674316,8200
2022-10-31,3.880000114440918,4.0,3.880000114440918,3.9100000858306885,3.9100000858306885,3600
2022-11-01,3.9100000858306885,3.9100000858306885,3.75,3.8499999046325684,3.8499999046325684,4600
2022-11-02,3.9600000381469727,3.9700000286102295,3.680000066757202,3.9000000953674316,3.9000000953674316,11400
2022-11-03,3.9000000953674316,4.010000228881836,3.9000000953674316,4.010000228881836,4.010000228881836,5100
2022-11-04,3.9800000190734863,4.190000057220459,3.9800000190734863,4.019999980926514,4.019999980926514,7500
2022-11-07,4.090000152587891,4.199999809265137,4.050000190734863,4.050000190734863,4.050000190734863,8500
2022-11-08,4.150000095367432,4.150000095367432,4.099999904632568,4.099999904632568,4.099999904632568,1500
2022-11-09,4.199999809265137,4.28000020980835,4.050000190734863,4.179999828338623,4.179999828338623,9000
2022-11-10,4.260000228881836,4.480000019073486,4.050000190734863,4.150000095367432,4.150000095367432,10100
2022-11-11,4.260000228881836,4.449999809265137,4.260000228881836,4.320000171661377,4.320000171661377,7900
2022-11-14,4.550000190734863,4.550000190734863,4.150000095367432,4.159999847412109,4.159999847412109,6000
2022-11-15,4.449999809265137,4.449999809265137,4.230000019073486,4.269999980926514,4.269999980926514,5100
2022-11-16,4.21999979019165,4.329999923706055,4.150000095367432,4.28000020980835,4.28000020980835,6100
2022-11-17,4.179999828338623,4.28000020980835,4.150000095367432,4.25,4.25,4800
2022-11-18,4.340000152587891,4.340000152587891,4.170000076293945,4.25,4.25,2000
2022-11-21,4.289999961853027,4.389999866485596,4.260000228881836,4.389999866485596,4.389999866485596,9500
2022-11-22,4.380000114440918,4.449999809265137,4.28000020980835,4.28000020980835,4.28000020980835,10000
2022-11-23,4.329999923706055,4.420000076293945,4.269999980926514,4.400000095367432,4.400000095367432,2000
2022-11-25,4.400000095367432,4.400000095367432,4.400000095367432,4.400000095367432,4.400000095367432,0
2022-11-28,4.400000095367432,4.449999809265137,4.380000114440918,4.409999847412109,4.409999847412109,3400
2022-11-29,4.389999866485596,4.420000076293945,4.389999866485596,4.400000095367432,4.400000095367432,700
2022-11-30,4.389999866485596,4.389999866485596,4.369999885559082,4.369999885559082,4.369999885559082,800
2022-12-01,4.449999809265137,4.599999904632568,4.380000114440918,4.570000171661377,4.570000171661377,16000
2022-12-02,4.510000228881836,4.960000038146973,4.5,4.949999809265137,4.949999809265137,25400
2022-12-05,4.949999809265137,5.25,4.949999809265137,4.949999809265137,4.949999809265137,20300
2022-12-06,4.980000019073486,4.980000019073486,4.570000171661377,4.71999979019165,4.71999979019165,31000
2022-12-07,4.809999942779541,4.880000114440918,4.53000020980835,4.550000190734863,4.550000190734863,8100
2022-12-08,4.539999961853027,4.690000057220459,4.440000057220459,4.550000190734863,4.550000190734863,10000
2022-12-09,4.75,4.75,4.480000019073486,4.639999866485596,4.639999866485596,2000
2022-12-12,4.579999923706055,4.639999866485596,4.369999885559082,4.440000057220459,4.440000057220459,10600
2022-12-13,4.460000038146973,4.670000076293945,4.289999961853027,4.440000057220459,4.440000057220459,61100
2022-12-14,4.489999771118164,4.630000114440918,4.179999828338623,4.400000095367432,4.400000095367432,19200
2022-12-15,4.349999904632568,4.539999961853027,4.179999828338623,4.199999809265137,4.199999809265137,13000
2022-12-16,4.21999979019165,4.21999979019165,3.9100000858306885,3.9100000858306885,3.9100000858306885,13900
2022-12-19,3.8499999046325684,4.139999866485596,3.799999952316284,4.03000020980835,4.03000020980835,7900
2022-12-20,3.940000057220459,4.389999866485596,3.940000057220459,4.159999847412109,4.159999847412109,9500
2022-12-21,4.090000152587891,4.300000190734863,4.090000152587891,4.300000190734863,4.300000190734863,900
2022-12-22,4.25,4.25,4.0,4.0,4.0,5700
2022-12-23,4.019999980926514,4.039999961853027,4.019999980926514,4.039999961853027,4.039999961853027,1000
2022-12-27,4.03000020980835,4.110000133514404,4.0,4.010000228881836,4.010000228881836,2800
2022-12-28,4.059999942779541,4.059999942779541,4.019999980926514,4.019999980926514,4.019999980926514,900
2022-12-29,4.210000038146973,4.210000038146973,4.03000020980835,4.190000057220459,4.190000057220459,9100
2022-12-30,4.170000076293945,4.269999980926514,4.059999942779541,4.25,4.25,8200
2023-01-03,4.320000171661377,4.320000171661377,3.9600000381469727,3.9600000381469727,3.9600000381469727,44800
2023-01-04,4.130000114440918,4.130000114440918,3.9100000858306885,3.990000009536743,3.990000009536743,11800
2023-01-05,4.03000020980835,4.03000020980835,3.8499999046325684,3.880000114440918,3.880000114440918,12500
2023-01-06,3.869999885559082,3.9000000953674316,3.8499999046325684,3.880000114440918,3.880000114440918,3000
2023-01-09,3.880000114440918,3.890000104904175,3.799999952316284,3.8399999141693115,3.8399999141693115,20300
2023-01-10,3.880000114440918,3.9700000286102295,3.880000114440918,3.9700000286102295,3.9700000286102295,2700
2023-01-11,3.869999885559082,4.03000020980835,3.869999885559082,4.03000020980835,4.03000020980835,2900
2023-01-12,3.9100000858306885,4.039999961853027,3.9100000858306885,4.019999980926514,4.019999980926514,1600
2023-01-13,3.950000047683716,4.050000190734863,3.950000047683716,4.050000190734863,4.050000190734863,1600
2023-01-17,4.130000114440918,4.130000114440918,3.9600000381469727,4.079999923706055,4.079999923706055,5000
2023-01-18,4.139999866485596,4.150000095367432,4.010000228881836,4.119999885559082,4.119999885559082,6400
2023-01-19,4.119999885559082,4.119999885559082,4.0,4.039999961853027,4.039999961853027,2000
2023-01-20,3.9600000381469727,4.059999942779541,3.930000066757202,4.059999942779541,4.059999942779541,10100
2023-01-23,4.070000171661377,4.150000095367432,4.039999961853027,4.079999923706055,4.079999923706055,6600
2023-01-24,4.119999885559082,4.170000076293945,4.110000133514404,4.150000095367432,4.150000095367432,3400
2023-01-25,4.150000095367432,4.210000038146973,4.150000095367432,4.210000038146973,4.210000038146973,3400
2023-01-26,4.190000057220459,4.199999809265137,4.159999847412109,4.199999809265137,4.199999809265137,800
2023-01-27,4.210000038146973,4.230000019073486,4.150000095367432,4.159999847412109,4.159999847412109,7000
2023-01-30,4.230000019073486,4.239999771118164,4.159999847412109,4.159999847412109,4.159999847412109,6000
2023-01-31,4.199999809265137,4.239999771118164,4.199999809265137,4.21999979019165,4.21999979019165,4800
2023-02-01,4.269999980926514,4.619999885559082,4.210000038146973,4.440000057220459,4.440000057220459,30900
2023-02-02,4.300000190734863,4.940000057220459,4.25,4.78000020980835,4.78000020980835,36700
2023-02-03,4.840000152587891,5.099999904632568,4.690000057220459,4.880000114440918,4.880000114440918,22800
2023-02-06,4.980000019073486,5.0,4.820000171661377,4.860000133514404,4.860000133514404,15300
2023-02-07,4.820000171661377,4.949999809265137,4.800000190734863,4.880000114440918,4.880000114440918,2800
2023-02-08,4.869999885559082,4.96999979019165,4.809999942779541,4.809999942779541,4.809999942779541,4200
2023-02-09,4.880000114440918,4.880000114440918,4.789999961853027,4.789999961853027,4.789999961853027,700
2023-02-10,4.800000190734863,4.960000038146973,4.769999980926514,4.960000038146973,4.960000038146973,4800
2023-02-13,4.840000152587891,4.900000095367432,4.800000190734863,4.889999866485596,4.889999866485596,1300
2023-02-14,4.880000114440918,4.880000114440918,4.760000228881836,4.820000171661377,4.820000171661377,7800
2023-02-15,4.769999980926514,4.809999942779541,4.349999904632568,4.360000133514404,4.360000133514404,35700
2023-02-16,4.369999885559082,5.400000095367432,4.340000152587891,4.929999828338623,4.929999828338623,134800
2023-02-17,5.150000095367432,5.230000019073486,4.269999980926514,4.349999904632568,4.349999904632568,116300
2023-02-21,4.329999923706055,4.820000171661377,4.269999980926514,4.800000190734863,4.800000190734863,29400
2023-02-22,4.710000038146973,4.980000019073486,4.699999809265137,4.909999847412109,4.909999847412109,11900
2023-02-23,4.960000038146973,5.309999942779541,4.960000038146973,5.25,5.25,27500
2023-02-24,5.079999923706055,5.849999904632568,5.079999923706055,5.409999847412109,5.409999847412109,42600
2023-02-27,5.429999828338623,6.059999942779541,5.429999828338623,5.869999885559082,5.869999885559082,46800
2023-02-28,5.869999885559082,6.46999979019165,5.769999980926514,6.440000057220459,6.440000057220459,64000
2023-03-01,6.440000057220459,6.940000057220459,5.110000133514404,5.300000190734863,5.300000190734863,113200
2023-03-02,5.239999771118164,5.420000076293945,4.5,4.539999961853027,4.539999961853027,89000
2023-03-03,4.5,5.590000152587891,4.5,5.269999980926514,5.269999980926514,104600
2023-03-06,5.460000038146973,5.460000038146973,5.269999980926514,5.360000133514404,5.360000133514404,12300
2023-03-07,5.420000076293945,5.639999866485596,5.340000152587891,5.349999904632568,5.349999904632568,18000
2023-03-08,5.269999980926514,5.389999866485596,5.25,5.360000133514404,5.360000133514404,3200
2023-03-09,5.210000038146973,5.489999771118164,5.210000038146973,5.409999847412109,5.409999847412109,10500
2023-03-10,5.480000019073486,5.539999961853027,5.409999847412109,5.409999847412109,5.409999847412109,6300
2023-03-13,5.380000114440918,5.53000020980835,5.150000095367432,5.53000020980835,5.53000020980835,15300
2023-03-14,5.460000038146973,5.510000228881836,5.389999866485596,5.409999847412109,5.409999847412109,5100
2023-03-15,5.090000152587891,5.619999885559082,5.090000152587891,5.309999942779541,5.309999942779541,15800
2023-03-16,5.380000114440918,5.570000171661377,5.119999885559082,5.119999885559082,5.119999885559082,4000
2023-03-17,5.139999866485596,5.550000190734863,5.03000020980835,5.050000190734863,5.050000190734863,25600
2023-03-20,5.050000190734863,5.300000190734863,5.03000020980835,5.300000190734863,5.300000190734863,11800
2023-03-21,5.429999828338623,5.46999979019165,5.320000171661377,5.429999828338623,5.429999828338623,3700
2023-03-22,5.480000019073486,5.53000020980835,5.289999961853027,5.449999809265137,5.449999809265137,9300
2023-03-23,5.269999980926514,5.429999828338623,5.110000133514404,5.199999809265137,5.199999809265137,13100
2023-03-24,5.440000057220459,5.440000057220459,5.010000228881836,5.070000171661377,5.070000171661377,3300
2023-03-27,5.230000019073486,5.230000019073486,5.019999980926514,5.03000020980835,5.03000020980835,1400
2023-03-28,5.079999923706055,5.21999979019165,4.739999771118164,4.849999904632568,4.849999904632568,30500
2023-03-29,4.920000076293945,4.980000019073486,4.860000133514404,4.889999866485596,4.889999866485596,3600
2023-03-30,5.0,5.03000020980835,4.900000095367432,4.900000095367432,4.900000095367432,5100
2023-03-31,4.949999809265137,5.070000171661377,4.949999809265137,5.070000171661377,5.070000171661377,4800
2023-04-03,5.0,5.03000020980835,4.559999942779541,4.829999923706055,4.829999923706055,88700
2023-04-04,4.690000057220459,4.840000152587891,4.519999980926514,4.710000038146973,4.710000038146973,34900
2023-04-05,4.679999828338623,4.710000038146973,4.5,4.53000020980835,4.53000020980835,12100
2023-04-06,4.519999980926514,4.710000038146973,4.519999980926514,4.690000057220459,4.690000057220459,4900
2023-04-10,4.579999923706055,4.699999809265137,4.550000190734863,4.639999866485596,4.639999866485596,12600
2023-04-11,4.579999923706055,4.699999809265137,4.519999980926514,4.690000057220459,4.690000057220459,22800
2023-04-12,4.690000057220459,4.739999771118164,4.510000228881836,4.590000152587891,4.590000152587891,10700
2023-04-13,4.590000152587891,4.590000152587891,4.519999980926514,4.579999923706055,4.579999923706055,5200
2023-04-14,4.570000171661377,4.659999847412109,4.519999980926514,4.639999866485596,4.639999866485596,8100
2023-04-17,4.599999904632568,4.619999885559082,4.5,4.5,4.5,9300
2023-04-18,4.5,4.590000152587891,4.5,4.510000228881836,4.510000228881836,4100
2023-04-19,4.579999923706055,4.579999923706055,4.420000076293945,4.480000019073486,4.480000019073486,6400
2023-04-20,4.460000038146973,4.590000152587891,4.349999904632568,4.480000019073486,4.480000019073486,7700
2023-04-21,4.489999771118164,4.489999771118164,4.480000019073486,4.489999771118164,4.489999771118164,1500
2023-04-24,4.519999980926514,4.550000190734863,4.409999847412109,4.409999847412109,4.409999847412109,6200
2023-04-25,4.489999771118164,4.489999771118164,4.349999904632568,4.360000133514404,4.360000133514404,4000
2023-04-26,4.329999923706055,4.369999885559082,4.300000190734863,4.369999885559082,4.369999885559082,3900
2023-04-27,4.289999961853027,4.440000057220459,4.289999961853027,4.380000114440918,4.380000114440918,4300
2023-04-28,4.820000171661377,4.820000171661377,4.380000114440918,4.380000114440918,4.380000114440918,7400
2023-05-01,4.53000020980835,4.53000020980835,4.400000095367432,4.400000095367432,4.400000095367432,19600
2023-05-02,4.429999828338623,4.429999828338623,4.309999942779541,4.389999866485596,4.389999866485596,3800
2023-05-03,4.389999866485596,5.25,4.389999866485596,4.699999809265137,4.699999809265137,80400
2023-05-04,4.769999980926514,6.539999961853027,4.590000152587891,4.679999828338623,4.679999828338623,341400
2023-05-05,4.639999866485596,4.71999979019165,4.349999904632568,4.349999904632568,4.349999904632568,26500
2023-05-08,4.349999904632568,4.639999866485596,4.300000190734863,4.329999923706055,4.329999923706055,22500
2023-05-09,4.440000057220459,4.5,4.25,4.389999866485596,4.389999866485596,11400
2023-05-10,4.400000095367432,4.889999866485596,4.400000095367432,4.730000019073486,4.730000019073486,54300
2023-05-11,4.710000038146973,4.739999771118164,4.710000038146973,4.730000019073486,4.730000019073486,2600
2023-05-12,4.639999866485596,4.820000171661377,4.630000114440918,4.78000020980835,4.78000020980835,4600
2023-05-15,4.539999961853027,4.539999961853027,4.199999809265137,4.199999809265137,4.199999809265137,43600
2023-05-16,4.25,4.289999961853027,4.199999809265137,4.199999809265137,4.199999809265137,6300
2023-05-17,4.110000133514404,4.300000190734863,4.070000171661377,4.150000095367432,4.150000095367432,24500
2023-05-18,4.070000171661377,4.239999771118164,4.070000171661377,4.179999828338623,4.179999828338623,5700
2023-05-19,4.199999809265137,4.25,4.130000114440918,4.130000114440918,4.130000114440918,1500
2023-05-22,4.309999942779541,4.309999942779541,4.130000114440918,4.130000114440918,4.130000114440918,3300
2023-05-23,4.119999885559082,4.300000190734863,4.110000133514404,4.110000133514404,4.110000133514404,9800
2023-05-24,4.25,4.25,4.119999885559082,4.119999885559082,4.119999885559082,3000
2023-05-25,4.260000228881836,4.260000228881836,4.099999904632568,4.110000133514404,4.110000133514404,1300
2023-05-26,4.119999885559082,4.25,4.099999904632568,4.099999904632568,4.099999904632568,2900
2023-05-30,4.130000114440918,4.130000114440918,3.759999990463257,3.880000114440918,3.880000114440918,45500
2023-05-31,3.8499999046325684,3.8499999046325684,3.7699999809265137,3.7699999809265137,3.7699999809265137,5600
2023-06-01,3.7699999809265137,4.0,3.75,3.75,3.75,28600
2023-06-02,3.859999895095825,3.859999895095825,3.640000104904175,3.7300000190734863,3.7300000190734863,30400
2023-06-05,3.7300000190734863,3.740000009536743,3.4700000286102295,3.509999990463257,3.509999990463257,30600
2023-06-06,3.4800000190734863,3.5799999237060547,3.4800000190734863,3.5299999713897705,3.5299999713897705,12700
2023-06-07,3.569999933242798,3.740000009536743,3.5,3.7200000286102295,3.7200000286102295,17100
2023-06-08,3.7200000286102295,3.740000009536743,3.559999942779541,3.630000114440918,3.630000114440918,4900
2023-06-09,3.569999933242798,4.059999942779541,3.569999933242798,4.0,4.0,32300
2023-06-12,3.9800000190734863,4.309999942779541,3.9800000190734863,4.03000020980835,4.03000020980835,26900
2023-06-13,3.990000009536743,4.099999904632568,3.990000009536743,4.050000190734863,4.050000190734863,6800
2023-06-14,4.099999904632568,4.099999904632568,3.9800000190734863,3.9800000190734863,3.9800000190734863,11100
2023-06-15,3.9800000190734863,4.179999828338623,3.9800000190734863,4.059999942779541,4.059999942779541,16400
2023-06-16,4.190000057220459,4.190000057220459,3.9000000953674316,3.990000009536743,3.990000009536743,8300
2023-06-20,3.9200000762939453,4.090000152587891,3.9200000762939453,3.930000066757202,3.930000066757202,7100
2023-06-21,3.880000114440918,3.9000000953674316,3.75,3.799999952316284,3.799999952316284,5700
2023-06-22,3.759999990463257,3.819999933242798,3.75,3.7799999713897705,3.7799999713897705,1200
2023-06-23,3.8499999046325684,3.8499999046325684,3.759999990463257,3.759999990463257,3.759999990463257,3400
2023-06-26,3.8299999237060547,3.890000104904175,3.75,3.7799999713897705,3.7799999713897705,4400
2023-06-27,3.859999895095825,3.859999895095825,3.700000047683716,3.8299999237060547,3.8299999237060547,8200
2023-06-28,3.8299999237060547,3.859999895095825,3.819999933242798,3.819999933242798,3.819999933242798,3000
2023-06-29,3.7200000286102295,4.079999923706055,3.700000047683716,4.079999923706055,4.079999923706055,20300
2023-06-30,4.050000190734863,4.190000057220459,4.03000020980835,4.190000057220459,4.190000057220459,3800
2023-07-03,4.179999828338623,4.190000057220459,4.0,4.190000057220459,4.190000057220459,3600
2023-07-05,4.050000190734863,4.159999847412109,4.050000190734863,4.159999847412109,4.159999847412109,2200
2023-07-06,4.130000114440918,4.210000038146973,4.090000152587891,4.199999809265137,4.199999809265137,18900
2023-07-07,4.159999847412109,4.230000019073486,4.150000095367432,4.230000019073486,4.230000019073486,2600
2023-07-10,4.25,4.329999923706055,4.21999979019165,4.320000171661377,4.320000171661377,1300
2023-07-11,4.320000171661377,4.429999828338623,4.260000228881836,4.349999904632568,4.349999904632568,6400
2023-07-12,4.260000228881836,4.400000095367432,4.260000228881836,4.320000171661377,4.320000171661377,5300
2023-07-13,4.25,4.429999828338623,4.239999771118164,4.309999942779541,4.309999942779541,3700
2023-07-14,4.269999980926514,4.460000038146973,4.269999980926514,4.429999828338623,4.429999828338623,4300
2023-07-17,4.510000228881836,4.53000020980835,4.320000171661377,4.480000019073486,4.480000019073486,2400
2023-07-18,4.389999866485596,4.510000228881836,4.380000114440918,4.510000228881836,4.510000228881836,4700
2023-07-19,4.400000095367432,4.539999961853027,4.400000095367432,4.539999961853027,4.539999961853027,4000
2023-07-20,4.480000019073486,4.570000171661377,4.400000095367432,4.570000171661377,4.570000171661377,2000
2023-07-21,4.550000190734863,4.619999885559082,4.550000190734863,4.619999885559082,4.619999885559082,1700
2023-07-24,4.619999885559082,4.820000171661377,4.579999923706055,4.670000076293945,4.670000076293945,3700
2023-07-25,4.710000038146973,4.789999961853027,4.710000038146973,4.789999961853027,4.789999961853027,2200
2023-07-26,4.789999961853027,4.800000190734863,4.739999771118164,4.789999961853027,4.789999961853027,1900
2023-07-27,4.809999942779541,4.889999866485596,4.739999771118164,4.880000114440918,4.880000114440918,4600
2023-07-28,4.900000095367432,4.900000095367432,4.860000133514404,4.889999866485596,4.889999866485596,6400
2023-07-31,4.949999809265137,4.949999809265137,4.800000190734863,4.809999942779541,4.809999942779541,7000
2023-08-01,4.710000038146973,4.75,4.590000152587891,4.699999809265137,4.699999809265137,3600
2023-08-02,4.75,4.789999961853027,4.199999809265137,4.690000057220459,4.690000057220459,19100
2023-08-03,4.550000190734863,4.800000190734863,4.429999828338623,4.539999961853027,4.539999961853027,11100
2023-08-04,4.460000038146973,4.760000228881836,4.409999847412109,4.659999847412109,4.659999847412109,13200
2023-08-07,4.5,4.599999904632568,4.420000076293945,4.420000076293945,4.420000076293945,1600
2023-08-08,4.460000038146973,4.71999979019165,4.380000114440918,4.5,4.5,7800
2023-08-09,4.480000019073486,4.599999904632568,4.309999942779541,4.420000076293945,4.420000076293945,8400
2023-08-10,4.449999809265137,4.449999809265137,4.369999885559082,4.369999885559082,4.369999885559082,900
2023-08-11,4.559999942779541,4.710000038146973,4.420000076293945,4.420000076293945,4.420000076293945,4500
2023-08-14,4.630000114440918,4.690000057220459,4.389999866485596,4.440000057220459,4.440000057220459,5200
2023-08-15,4.429999828338623,4.550000190734863,4.360000133514404,4.360000133514404,4.360000133514404,3700
2023-08-16,4.380000114440918,4.510000228881836,4.25,4.309999942779541,4.309999942779541,6700
2023-08-17,4.210000038146973,4.409999847412109,4.210000038146973,4.260000228881836,4.260000228881836,3000
2023-08-18,4.269999980926514,4.28000020980835,4.110000133514404,4.179999828338623,4.179999828338623,5600
2023-08-21,4.170000076293945,4.349999904632568,3.8499999046325684,4.199999809265137,4.199999809265137,24300
2023-08-22,4.050000190734863,4.46999979019165,4.050000190734863,4.349999904632568,4.349999904632568,34900
2023-08-23,4.340000152587891,4.619999885559082,4.289999961853027,4.429999828338623,4.429999828338623,14600
2023-08-24,4.53000020980835,4.53000020980835,4.090000152587891,4.389999866485596,4.389999866485596,10300
2023-08-25,4.300000190734863,4.400000095367432,4.170000076293945,4.380000114440918,4.380000114440918,7300
2023-08-28,4.349999904632568,4.380000114440918,4.139999866485596,4.380000114440918,4.380000114440918,9700
2023-08-29,4.289999961853027,4.53000020980835,4.260000228881836,4.300000190734863,4.300000190734863,2400
2023-08-30,4.320000171661377,4.409999847412109,4.320000171661377,4.409999847412109,4.409999847412109,1800
2023-08-31,4.340000152587891,4.369999885559082,4.309999942779541,4.309999942779541,4.309999942779541,1600
2023-09-01,4.28000020980835,4.28000020980835,4.269999980926514,4.269999980926514,4.269999980926514,1100
2023-09-05,4.260000228881836,4.260000228881836,4.230000019073486,4.230000019073486,4.230000019073486,900
2023-09-06,4.300000190734863,4.300000190734863,4.21999979019165,4.300000190734863,4.300000190734863,5000
2023-09-07,4.25,4.320000171661377,4.25,4.320000171661377,4.320000171661377,500
2023-09-08,4.340000152587891,4.340000152587891,4.239999771118164,4.239999771118164,4.239999771118164,3200
2023-09-11,4.340000152587891,4.349999904632568,4.199999809265137,4.199999809265137,4.199999809265137,4400
2023-09-12,4.320000171661377,4.340000152587891,4.199999809265137,4.21999979019165,4.21999979019165,7400
2023-09-13,4.269999980926514,4.28000020980835,4.199999809265137,4.199999809265137,4.199999809265137,3000
2023-09-14,4.28000020980835,4.28000020980835,4.21999979019165,4.28000020980835,4.28000020980835,2100
2023-09-15,4.28000020980835,4.5,4.230000019073486,4.5,4.5,6300
2023-09-18,4.5,4.5,4.329999923706055,4.5,4.5,5600
2023-09-19,4.5,4.659999847412109,4.5,4.659999847412109,4.659999847412109,3900
2023-09-20,4.75,4.829999923706055,4.71999979019165,4.730000019073486,4.730000019073486,6600
2023-09-21,4.78000020980835,4.78000020980835,4.71999979019165,4.760000228881836,4.760000228881836,1700
2023-09-22,4.769999980926514,4.789999961853027,4.690000057220459,4.78000020980835,4.78000020980835,2100
2023-09-25,4.630000114440918,4.710000038146973,4.510000228881836,4.710000038146973,4.710000038146973,5700
2023-09-26,4.699999809265137,4.800000190734863,4.699999809265137,4.699999809265137,4.699999809265137,2600
2023-09-27,4.699999809265137,4.699999809265137,4.699999809265137,4.699999809265137,4.699999809265137,500
2023-09-28,4.760000228881836,4.769999980926514,4.760000228881836,4.769999980926514,4.769999980926514,1100
2023-09-29,4.769999980926514,4.769999980926514,4.630000114440918,4.760000228881836,4.760000228881836,1900
2023-10-02,4.690000057220459,4.849999904632568,4.690000057220459,4.800000190734863,4.800000190734863,3500
2023-10-03,4.599999904632568,4.610000133514404,4.599999904632568,4.610000133514404,4.610000133514404,2000
2023-10-04,4.739999771118164,4.739999771118164,4.739999771118164,4.739999771118164,4.739999771118164,700
2023-10-05,4.610000133514404,4.710000038146973,4.519999980926514,4.559999942779541,4.559999942779541,15600
2023-10-06,4.519999980926514,4.670000076293945,4.389999866485596,4.389999866485596,4.389999866485596,4500
2023-10-09,4.300000190734863,4.739999771118164,4.300000190734863,4.420000076293945,4.420000076293945,800
2023-10-10,4.349999904632568,4.739999771118164,4.300000190734863,4.489999771118164,4.489999771118164,3600
2023-10-11,4.539999961853027,4.650000095367432,4.320000171661377,4.369999885559082,4.369999885559082,52000
2023-10-12,4.369999885559082,4.5,4.329999923706055,4.349999904632568,4.349999904632568,2000
2023-10-13,4.320000171661377,4.489999771118164,4.309999942779541,4.480000019073486,4.480000019073486,2100
2023-10-16,4.309999942779541,4.489999771118164,4.309999942779541,4.369999885559082,4.369999885559082,3200
2023-10-17,4.300000190734863,4.5,4.300000190734863,4.320000171661377,4.320000171661377,4500
2023-10-18,4.489999771118164,4.5,4.460000038146973,4.5,4.5,10500
2023-10-19,4.309999942779541,4.590000152587891,4.309999942779541,4.510000228881836,4.510000228881836,3400
2023-10-20,4.329999923706055,4.550000190734863,4.329999923706055,4.489999771118164,4.489999771118164,2100
2023-10-23,4.320000171661377,4.340000152587891,4.300000190734863,4.340000152587891,4.340000152587891,2200
2023-10-24,4.460000038146973,4.460000038146973,4.25,4.300000190734863,4.300000190734863,1200
2023-10-25,4.289999961853027,4.429999828338623,4.25,4.25,4.25,4700
2023-10-26,4.199999809265137,4.269999980926514,4.199999809265137,4.269999980926514,4.269999980926514,1200
2023-10-27,4.199999809265137,4.25,4.099999904632568,4.25,4.25,10700
2023-10-30,4.409999847412109,4.409999847412109,4.099999904632568,4.199999809265137,4.199999809265137,1500
2023-10-31,4.489999771118164,4.53000020980835,4.010000228881836,4.010000228881836,4.010000228881836,5400
2023-11-01,4.360000133514404,4.389999866485596,4.159999847412109,4.389999866485596,4.389999866485596,5700
2023-11-02,4.380000114440918,4.449999809265137,4.380000114440918,4.449999809265137,4.449999809265137,800
2023-11-03,4.349999904632568,4.5,4.21999979019165,4.21999979019165,4.21999979019165,12500
2023-11-06,4.409999847412109,4.409999847412109,4.230000019073486,4.25,4.25,4600
2023-11-07,4.199999809265137,4.380000114440918,4.199999809265137,4.210000038146973,4.210000038146973,2300
2023-11-08,4.199999809265137,4.199999809265137,4.199999809265137,4.199999809265137,4.199999809265137,800
2023-11-09,4.230000019073486,4.400000095367432,4.179999828338623,4.400000095367432,4.400000095367432,6700
2023-11-10,4.119999885559082,4.53000020980835,4.090000152587891,4.179999828338623,4.179999828338623,46900
2023-11-13,4.230000019073486,4.440000057220459,4.050000190734863,4.369999885559082,4.369999885559082,29100
2023-11-14,4.340000152587891,4.389999866485596,4.25,4.25,4.25,4800
2023-11-15,4.159999847412109,4.239999771118164,4.150000095367432,4.239999771118164,4.239999771118164,1800
2023-11-16,4.389999866485596,4.389999866485596,4.210000038146973,4.21999979019165,4.21999979019165,7100
2023-11-17,4.269999980926514,4.429999828338623,4.230000019073486,4.25,4.25,13800
2023-11-20,4.360000133514404,4.360000133514404,4.260000228881836,4.300000190734863,4.300000190734863,3800
2023-11-21,4.260000228881836,4.389999866485596,4.260000228881836,4.389999866485596,4.389999866485596,2600
2023-11-22,4.239999771118164,4.389999866485596,4.239999771118164,4.349999904632568,4.349999904632568,1400
2023-11-24,4.309999942779541,4.400000095367432,4.309999942779541,4.400000095367432,4.400000095367432,1300
2023-11-27,4.53000020980835,4.550000190734863,4.400000095367432,4.429999828338623,4.429999828338623,3900
2023-11-28,4.420000076293945,4.480000019073486,4.420000076293945,4.420000076293945,4.420000076293945,3500
2023-11-29,4.420000076293945,4.46999979019165,4.420000076293945,4.420000076293945,4.420000076293945,2000
2023-11-30,4.489999771118164,4.5,4.420000076293945,4.420000076293945,4.420000076293945,1100
2023-12-01,4.420000076293945,4.429999828338623,4.309999942779541,4.420000076293945,4.420000076293945,5500
2023-12-04,4.449999809265137,4.489999771118164,4.260000228881836,4.260000228881836,4.260000228881836,9600
2023-12-05,4.230000019073486,4.230000019073486,4.199999809265137,4.199999809265137,4.199999809265137,10200
2023-12-06,4.159999847412109,4.239999771118164,4.110000133514404,4.110000133514404,4.110000133514404,7800
2023-12-07,4.119999885559082,4.119999885559082,4.119999885559082,4.119999885559082,4.119999885559082,400
2023-12-08,4.260000228881836,4.349999904632568,4.119999885559082,4.119999885559082,4.119999885559082,5300
2023-12-11,4.349999904632568,4.349999904632568,4.099999904632568,4.110000133514404,4.110000133514404,8100
2023-12-12,4.139999866485596,4.139999866485596,3.9000000953674316,3.930000066757202,3.930000066757202,7100
2023-12-13,3.930000066757202,3.9800000190734863,3.930000066757202,3.9800000190734863,3.9800000190734863,1100
2023-12-14,4.050000190734863,4.119999885559082,4.050000190734863,4.119999885559082,4.119999885559082,4700
2023-12-15,4.039999961853027,4.400000095367432,4.039999961853027,4.190000057220459,4.190000057220459,6700
2023-12-18,4.28000020980835,4.389999866485596,4.190000057220459,4.199999809265137,4.199999809265137,2600
2023-12-19,4.380000114440918,4.380000114440918,4.159999847412109,4.25,4.25,3900
2023-12-20,4.360000133514404,4.380000114440918,4.289999961853027,4.360000133514404,4.360000133514404,5100
2023-12-21,4.360000133514404,4.360000133514404,4.269999980926514,4.320000171661377,4.320000171661377,2200
2023-12-22,4.409999847412109,4.409999847412109,4.309999942779541,4.309999942779541,4.309999942779541,1700
2023-12-26,4.429999828338623,4.550000190734863,4.300000190734863,4.369999885559082,4.369999885559082,16300
2023-12-27,4.369999885559082,4.730000019073486,4.369999885559082,4.440000057220459,4.440000057220459,8800
2023-12-28,4.429999828338623,4.599999904632568,4.400000095367432,4.400000095367432,4.400000095367432,6100
2023-12-29,4.360000133514404,4.429999828338623,4.360000133514404,4.429999828338623,4.429999828338623,3000
2024-01-02,4.519999980926514,4.559999942779541,4.5,4.559999942779541,4.559999942779541,4300
2024-01-03,4.570000171661377,4.699999809265137,4.570000171661377,4.699999809265137,4.699999809265137,1800
2024-01-04,4.659999847412109,4.75,4.659999847412109,4.75,4.75,3100
2024-01-05,4.78000020980835,4.78000020980835,4.46999979019165,4.480000019073486,4.480000019073486,9000
2024-01-08,4.570000171661377,4.670000076293945,4.570000171661377,4.670000076293945,4.670000076293945,6800
2024-01-09,4.75,4.75,4.630000114440918,4.630000114440918,4.630000114440918,2300
2024-01-10,4.75,4.75,4.489999771118164,4.699999809265137,4.699999809265137,6200
2024-01-11,4.730000019073486,4.75,4.519999980926514,4.71999979019165,4.71999979019165,7200
2024-01-12,4.710000038146973,4.75,4.630000114440918,4.75,4.75,4100
2024-01-16,4.75,4.769999980926514,4.650000095367432,4.760000228881836,4.760000228881836,2200
2024-01-17,4.570000171661377,4.75,4.539999961853027,4.730000019073486,4.730000019073486,3000
2024-01-18,4.659999847412109,4.659999847412109,4.550000190734863,4.570000171661377,4.570000171661377,16200
2024-01-19,4.650000095367432,4.75,4.650000095367432,4.75,4.75,2700
2024-01-22,4.71999979019165,4.849999904632568,4.630000114440918,4.630000114440918,4.630000114440918,11400
2024-01-23,4.699999809265137,4.699999809265137,4.630000114440918,4.630000114440918,4.630000114440918,2000
2024-01-24,4.639999866485596,4.789999961853027,4.639999866485596,4.739999771118164,4.739999771118164,7900
2024-01-25,4.71999979019165,4.820000171661377,4.71999979019165,4.789999961853027,4.789999961853027,10300
2024-01-26,4.78000020980835,4.78000020980835,4.760000228881836,4.760000228881836,4.760000228881836,2200
2024-01-29,4.760000228881836,4.840000152587891,4.760000228881836,4.840000152587891,4.840000152587891,9300
2024-01-30,4.769999980926514,4.829999923706055,4.769999980926514,4.809999942779541,4.809999942779541,1800
2024-01-31,4.760000228881836,4.849999904632568,4.760000228881836,4.78000020980835,4.78000020980835,1700
2024-02-01,4.789999961853027,4.829999923706055,4.789999961853027,4.809999942779541,4.809999942779541,3700
2024-02-02,4.760000228881836,4.820000171661377,4.760000228881836,4.820000171661377,4.820000171661377,2200
2024-02-05,4.820000171661377,4.829999923706055,4.789999961853027,4.800000190734863,4.800000190734863,7200
2024-02-06,4.760000228881836,4.820000171661377,4.760000228881836,4.789999961853027,4.789999961853027,3200
2024-02-07,4.829999923706055,4.829999923706055,4.760000228881836,4.769999980926514,4.769999980926514,4200
2024-02-08,4.809999942779541,4.809999942779541,4.800000190734863,4.809999942779541,4.809999942779541,2700
2024-02-09,4.809999942779541,4.809999942779541,4.769999980926514,4.789999961853027,4.789999961853027,900
2024-02-12,4.760000228881836,4.820000171661377,4.710000038146973,4.730000019073486,4.730000019073486,10100
2024-02-13,4.809999942779541,4.809999942779541,4.800000190734863,4.800000190734863,4.800000190734863,900
2024-02-14,4.739999771118164,4.760000228881836,4.739999771118164,4.760000228881836,4.760000228881836,4300
2024-02-15,4.710000038146973,4.710000038146973,4.710000038146973,4.710000038146973,4.710000038146973,3200
2024-02-16,4.800000190734863,4.829999923706055,4.730000019073486,4.769999980926514,4.769999980926514,3300
2024-02-20,4.789999961853027,4.789999961853027,4.710000038146973,4.710000038146973,4.710000038146973,1500
2024-02-21,4.730000019073486,4.75,4.710000038146973,4.75,4.75,2800
2024-02-22,4.710000038146973,4.71999979019165,4.659999847412109,4.71999979019165,4.71999979019165,2400
2024-02-23,4.730000019073486,4.730000019073486,4.550000190734863,4.699999809265137,4.699999809265137,2200
2024-02-26,4.639999866485596,4.75,4.630000114440918,4.639999866485596,4.639999866485596,1600
2024-02-27,4.679999828338623,4.75,4.679999828338623,4.679999828338623,4.679999828338623,7800
2024-02-28,4.71999979019165,4.739999771118164,4.699999809265137,4.730000019073486,4.730000019073486,9500
2024-02-29,4.800000190734863,4.800000190734863,4.800000190734863,4.800000190734863,4.800000190734863,1100
2024-03-01,4.789999961853027,4.789999961853027,4.679999828338623,4.739999771118164,4.739999771118164,2400
2024-03-04,4.739999771118164,4.800000190734863,4.679999828338623,4.75,4.75,7900
2024-03-05,4.710000038146973,4.710000038146973,4.699999809265137,4.699999809265137,4.699999809265137,3700
2024-03-06,4.75,4.75,4.75,4.75,4.75,1000
2024-03-07,4.739999771118164,4.739999771118164,4.71999979019165,4.71999979019165,4.71999979019165,2800
2024-03-08,4.739999771118164,4.800000190734863,4.710000038146973,4.710000038146973,4.710000038146973,1400
2024-03-11,4.639999866485596,4.639999866485596,4.630000114440918,4.630000114440918,4.630000114440918,4800
2024-03-12,4.650000095367432,4.699999809265137,4.650000095367432,4.699999809265137,4.699999809265137,2800
2024-03-13,4.71999979019165,4.789999961853027,4.659999847412109,4.659999847412109,4.659999847412109,2100
2024-03-14,4.659999847412109,4.78000020980835,4.650000095367432,4.650000095367432,4.650000095367432,2000
2024-03-15,4.71999979019165,4.78000020980835,4.670000076293945,4.670000076293945,4.670000076293945,2000
2024-03-18,4.659999847412109,4.739999771118164,4.630000114440918,4.659999847412109,4.659999847412109,3400
2024-03-19,4.639999866485596,4.639999866485596,4.639999866485596,4.639999866485596,4.639999866485596,1000
2024-03-20,4.630000114440918,4.630000114440918,4.599999904632568,4.599999904632568,4.599999904632568,2000
2024-03-21,4.610000133514404,4.650000095367432,4.610000133514404,4.650000095367432,4.650000095367432,2900
2024-03-22,4.760000228881836,5.25,4.710000038146973,5.199999809265137,5.199999809265137,40500
2024-03-25,5.269999980926514,5.269999980926514,5.050000190734863,5.150000095367432,5.150000095367432,9500
2024-03-26,5.130000114440918,5.130000114440918,5.0,5.110000133514404,5.110000133514404,9300
2024-03-27,5.079999923706055,5.110000133514404,5.0,5.110000133514404,5.110000133514404,7600
2024-03-28,5.099999904632568,5.099999904632568,5.0,5.090000152587891,5.090000152587891,5100
2024-04-01,5.079999923706055,5.150000095367432,5.010000228881836,5.139999866485596,5.139999866485596,13000
2024-04-02,5.150000095367432,5.25,5.010000228881836,5.21999979019165,5.21999979019165,7300
2024-04-03,5.21999979019165,5.25,5.110000133514404,5.25,5.25,9600
2024-04-04,5.25,5.300000190734863,5.019999980926514,5.300000190734863,5.300000190734863,13100
2024-04-05,5.369999885559082,5.369999885559082,5.269999980926514,5.28000020980835,5.28000020980835,12500
2024-04-08,5.210000038146973,5.53000020980835,5.210000038146973,5.400000095367432,5.400000095367432,16600
2024-04-09,5.460000038146973,5.519999980926514,5.349999904632568,5.360000133514404,5.360000133514404,17100
2024-04-10,5.360000133514404,5.579999923706055,5.21999979019165,5.46999979019165,5.46999979019165,10400
2024-04-11,5.5,6.630000114440918,5.480000019073486,6.289999961853027,6.289999961853027,172100
2024-04-12,6.349999904632568,6.349999904632568,6.139999866485596,6.21999979019165,6.21999979019165,30300
2024-04-15,6.300000190734863,6.639999866485596,6.300000190734863,6.440000057220459,6.440000057220459,74500
2024-04-16,6.480000019073486,6.809999942779541,6.309999942779541,6.519999980926514,6.519999980926514,54900
2024-04-17,6.599999904632568,6.769999980926514,6.519999980926514,6.769999980926514,6.769999980926514,50400
2024-04-18,6.809999942779541,7.050000190734863,6.710000038146973,6.800000190734863,6.800000190734863,70800
2024-04-19,6.800000190734863,7.199999809265137,6.800000190734863,7.179999828338623,7.179999828338623,65400
2024-04-22,7.190000057220459,8.0,7.190000057220459,7.940000057220459,7.940000057220459,95200
2024-04-23,8.289999961853027,8.289999961853027,6.110000133514404,6.28000020980835,6.28000020980835,187200
2024-04-24,6.099999904632568,6.710000038146973,6.099999904632568,6.480000019073486,6.480000019073486,31000
2024-04-25,6.46999979019165,6.46999979019165,6.099999904632568,6.409999847412109,6.409999847412109,29000
2024-04-26,6.429999828338623,7.159999847412109,6.28000020980835,7.130000114440918,7.130000114440918,29100
2024-04-29,7.079999923706055,7.610000133514404,7.079999923706055,7.539999961853027,7.539999961853027,48700
2024-04-30,7.480000019073486,7.489999771118164,7.210000038146973,7.349999904632568,7.349999904632568,10800
2024-05-01,7.130000114440918,7.389999866485596,6.949999809265137,7.389999866485596,7.389999866485596,25100
2024-05-02,7.329999923706055,7.480000019073486,7.199999809265137,7.239999771118164,7.239999771118164,7100
2024-05-03,7.159999847412109,7.369999885559082,6.75,6.829999923706055,6.829999923706055,21400
2024-05-06,6.75,7.449999809265137,6.610000133514404,7.21999979019165,7.21999979019165,45900
2024-05-07,7.099999904632568,7.869999885559082,7.099999904632568,7.829999923706055,7.829999923706055,41700
2024-05-08,7.800000190734863,8.289999961853027,7.559999942779541,8.140000343322754,8.140000343322754,34600
2024-05-09,8.210000038146973,8.300000190734863,7.510000228881836,7.670000076293945,7.670000076293945,16000
2024-05-10,7.840000152587891,8.0600004196167,7.659999847412109,8.0,8.0,13200
2024-05-13,8.050000190734863,8.0600004196167,7.25,7.329999923706055,7.329999923706055,40200
2024-05-14,7.400000095367432,8.5600004196167,7.400000095367432,8.539999961853027,8.539999961853027,40100
2024-05-15,7.610000133514404,8.479999542236328,7.610000133514404,7.980000019073486,7.980000019073486,43900
2024-05-16,7.980000019073486,8.550000190734863,7.840000152587891,8.020000457763672,8.020000457763672,25900
2024-05-17,8.010000228881836,8.180000305175781,7.400000095367432,7.710000038146973,7.710000038146973,49700
2024-05-20,7.599999904632568,7.599999904632568,6.110000133514404,6.510000228881836,6.510000228881836,63400
2024-05-21,6.5,6.820000171661377,6.21999979019165,6.690000057220459,6.690000057220459,21600
2024-05-22,6.590000152587891,6.659999847412109,6.46999979019165,6.659999847412109,6.659999847412109,3600
2024-05-23,6.639999866485596,6.639999866485596,6.289999961853027,6.349999904632568,6.349999904632568,11500
2024-05-24,6.300000190734863,6.78000020980835,6.300000190734863,6.699999809265137,6.699999809265137,7900
2024-05-28,6.539999961853027,6.550000190734863,6.159999847412109,6.380000114440918,6.380000114440918,17000
2024-05-29,6.260000228881836,6.309999942779541,6.110000133514404,6.139999866485596,6.139999866485596,12900
2024-05-30,6.099999904632568,6.139999866485596,6.019999980926514,6.099999904632568,6.099999904632568,7400
2024-05-31,6.0,6.179999828338623,6.0,6.170000076293945,6.170000076293945,15300
2024-06-03,6.179999828338623,6.179999828338623,5.909999847412109,6.170000076293945,6.170000076293945,36300
2024-06-04,6.099999904632568,6.150000095367432,6.050000190734863,6.130000114440918,6.130000114440918,7000
2024-06-05,6.130000114440918,6.170000076293945,6.090000152587891,6.170000076293945,6.170000076293945,4000
2024-06-06,6.039999961853027,6.150000095367432,5.900000095367432,6.139999866485596,6.139999866485596,20200
2024-06-07,6.0,6.159999847412109,5.900000095367432,6.0,6.0,15900
2024-06-10,5.989999771118164,6.090000152587891,5.909999847412109,6.090000152587891,6.090000152587891,5600
2024-06-11,6.150000095367432,6.150000095367432,5.980000019073486,6.110000133514404,6.110000133514404,3800
2024-06-12,6.110000133514404,6.480000019073486,6.010000228881836,6.320000171661377,6.320000171661377,50000
2024-06-13,6.300000190734863,6.590000152587891,6.300000190734863,6.579999923706055,6.579999923706055,7300
2024-06-14,6.440000057220459,6.829999923706055,6.369999885559082,6.570000171661377,6.570000171661377,30800
2024-06-17,6.599999904632568,6.940000057220459,6.289999961853027,6.409999847412109,6.409999847412109,26700
2024-06-18,6.449999809265137,6.559999942779541,6.139999866485596,6.320000171661377,6.320000171661377,6000
2024-06-20,6.210000038146973,6.389999866485596,6.190000057220459,6.21999979019165,6.21999979019165,19600
2024-06-21,6.619999885559082,6.630000114440918,6.260000228881836,6.349999904632568,6.349999904632568,9800
2024-06-24,6.400000095367432,6.5,6.389999866485596,6.389999866485596,6.389999866485596,4300
2024-06-25,6.269999980926514,6.400000095367432,6.269999980926514,6.400000095367432,6.400000095367432,2600
2024-06-26,6.309999942779541,6.340000152587891,6.230000019073486,6.260000228881836,6.260000228881836,4900
2024-06-27,6.369999885559082,6.650000095367432,6.369999885559082,6.579999923706055,6.579999923706055,3000
2024-06-28,6.420000076293945,6.420000076293945,6.369999885559082,6.369999885559082,6.369999885559082,5900
2024-07-01,6.25,6.46999979019165,6.199999809265137,6.21999979019165,6.21999979019165,3300
2024-07-02,6.269999980926514,6.420000076293945,6.25,6.260000228881836,6.260000228881836,1700
2024-07-03,6.579999923706055,6.590000152587891,6.28000020980835,6.28000020980835,6.28000020980835,3300
2024-07-05,6.269999980926514,6.349999904632568,6.230000019073486,6.289999961853027,6.289999961853027,2700
2024-07-08,6.480000019073486,6.480000019073486,6.309999942779541,6.309999942779541,6.309999942779541,3200
2024-07-09,6.420000076293945,6.519999980926514,6.349999904632568,6.349999904632568,6.349999904632568,3900
2024-07-10,6.340000152587891,6.579999923706055,6.230000019073486,6.369999885559082,6.369999885559082,13900
2024-07-11,6.309999942779541,6.389999866485596,6.260000228881836,6.289999961853027,6.289999961853027,3400
2024-07-12,6.380000114440918,6.599999904632568,6.289999961853027,6.420000076293945,6.420000076293945,1800
2024-07-15,6.489999771118164,6.489999771118164,6.300000190734863,6.320000171661377,6.320000171661377,19300
2024-07-16,6.369999885559082,6.369999885559082,6.320000171661377,6.320000171661377,6.320000171661377,500
2024-07-17,6.53000020980835,6.53000020980835,6.28000020980835,6.489999771118164,6.489999771118164,2500
2024-07-18,6.510000228881836,6.559999942779541,6.300000190734863,6.340000152587891,6.340000152587891,4400
2024-07-19,6.550000190734863,6.550000190734863,6.340000152587891,6.340000152587891,6.340000152587891,700
2024-07-22,6.440000057220459,6.5,6.260000228881836,6.309999942779541,6.309999942779541,9100
2024-07-23,6.309999942779541,6.5,6.230000019073486,6.5,6.5,3700
2024-07-24,6.25,6.550000190734863,6.239999771118164,6.380000114440918,6.380000114440918,11800
2024-07-25,6.559999942779541,6.579999923706055,6.199999809265137,6.329999923706055,6.329999923706055,3400
2024-07-26,6.300000190734863,6.570000171661377,6.300000190734863,6.320000171661377,6.320000171661377,3000
2024-07-29,6.349999904632568,6.5,6.349999904632568,6.369999885559082,6.369999885559082,4700
2024-07-30,6.440000057220459,6.5,6.329999923706055,6.449999809265137,6.449999809265137,1100
2024-07-31,6.550000190734863,6.590000152587891,6.349999904632568,6.349999904632568,6.349999904632568,6500
2024-08-01,6.320000171661377,6.429999828338623,6.320000171661377,6.349999904632568,6.349999904632568,9000
2024-08-02,6.449999809265137,6.5,6.300000190734863,6.320000171661377,6.320000171661377,9800
2024-08-05,6.389999866485596,6.510000228881836,6.150000095367432,6.269999980926514,6.269999980926514,21600
2024-08-06,6.269999980926514,6.480000019073486,6.269999980926514,6.289999961853027,6.289999961853027,13600
2024-08-07,6.349999904632568,6.349999904632568,6.349999904632568,6.349999904632568,6.349999904632568,800
2024-08-08,6.349999904632568,6.46999979019165,6.340000152587891,6.429999828338623,6.429999828338623,3600
2024-08-09,6.5,6.5,6.400000095367432,6.480000019073486,6.480000019073486,6300
2024-08-12,6.699999809265137,7.579999923706055,6.579999923706055,6.860000133514404,6.860000133514404,42000
2024-08-13,7.019999980926514,7.199999809265137,6.840000152587891,7.010000228881836,7.010000228881836,5800
2024-08-14,7.0,7.210000038146973,6.989999771118164,7.03000020980835,7.03000020980835,12300
2024-08-15,7.179999828338623,7.429999828338623,7.070000171661377,7.119999885559082,7.119999885559082,16900
2024-08-16,7.289999961853027,7.289999961853027,7.0,7.03000020980835,7.03000020980835,7300
2024-08-19,7.190000057220459,7.25,6.900000095367432,7.099999904632568,7.099999904632568,19800
2024-08-20,7.03000020980835,7.329999923706055,6.710000038146973,6.710000038146973,6.710000038146973,47000
2024-08-21,6.800000190734863,7.260000228881836,6.800000190734863,6.949999809265137,6.949999809265137,17400
2024-08-22,7.360000133514404,7.360000133514404,6.920000076293945,6.980000019073486,6.980000019073486,5500
2024-08-23,7.199999809265137,7.199999809265137,7.0,7.079999923706055,7.079999923706055,5600
2024-08-26,6.960000038146973,7.21999979019165,6.960000038146973,7.119999885559082,7.119999885559082,9400
2024-08-27,7.150000095367432,7.199999809265137,7.110000133514404,7.110000133514404,7.110000133514404,8800
2024-08-28,7.179999828338623,7.179999828338623,7.0,7.050000190734863,7.050000190734863,4400
2024-08-29,7.099999904632568,7.119999885559082,6.949999809265137,7.119999885559082,7.119999885559082,5200
2024-08-30,7.119999885559082,7.289999961853027,6.909999847412109,7.019999980926514,7.019999980926514,12800
2024-09-03,7.269999980926514,7.949999809265137,7.269999980926514,7.659999847412109,7.659999847412109,56600
2024-09-04,7.670000076293945,7.739999771118164,7.269999980926514,7.5,7.5,33900
2024-09-05,7.679999828338623,7.789999961853027,7.320000171661377,7.659999847412109,7.659999847412109,12800
2024-09-06,7.699999809265137,7.739999771118164,7.389999866485596,7.570000171661377,7.570000171661377,25500
2024-09-09,7.699999809265137,8.0,7.690000057220459,7.949999809265137,7.949999809265137,43900
2024-09-10,7.920000076293945,8.069999694824219,7.769999980926514,7.769999980926514,7.769999980926514,13500
2024-09-11,7.730000019073486,7.889999866485596,7.639999866485596,7.679999828338623,7.679999828338623,11800
2024-09-12,7.75,8.319999694824219,7.75,8.09000015258789,8.09000015258789,11300
2024-09-13,8.210000038146973,8.3100004196167,8.069999694824219,8.3100004196167,8.3100004196167,15000
2024-09-16,8.479999542236328,8.880000114440918,8.350000381469727,8.600000381469727,8.600000381469727,44200
2024-09-17,8.710000038146973,8.989999771118164,8.449999809265137,8.59000015258789,8.59000015258789,27400
2024-09-18,8.75,8.779999732971191,8.229999542236328,8.229999542236328,8.229999542236328,36200
2024-09-19,8.5,8.569999694824219,8.220000267028809,8.229999542236328,8.229999542236328,14500
2024-09-20,8.270000457763672,8.760000228881836,8.270000457763672,8.5600004196167,8.5600004196167,24100
2024-09-23,8.760000228881836,9.869999885559082,8.760000228881836,8.989999771118164,8.989999771118164,43500
2024-09-24,9.140000343322754,9.390000343322754,9.100000381469727,9.25,9.25,26300
2024-09-25,9.390000343322754,9.399999618530273,8.5,8.720000267028809,8.720000267028809,29200
2024-09-26,8.979999542236328,9.289999961853027,8.760000228881836,9.289999961853027,9.289999961853027,35300
2024-09-27,9.380000114440918,9.75,9.029999732971191,9.75,9.75,35800
2024-09-30,9.75,10.0,9.430000305175781,9.989999771118164,9.989999771118164,51800
2024-10-01,9.989999771118164,10.220000267028809,9.569999694824219,10.100000381469727,10.100000381469727,42400
2024-10-02,10.130000114440918,10.239999771118164,9.899999618530273,10.199999809265137,10.199999809265137,32100
