Date,Open,High,Low,Close,Adj Close,Volume
1984-09-25,0.34201401472091675,0.34201401472091675,0.3368059992790222,0.3368059992790222,0.13667258620262146,79200
1984-09-26,0.3402779996395111,0.34375,0.3402779996395111,0.34375,0.13949036598205566,266400
1984-09-27,0.34548598527908325,0.35416701436042786,0.34548598527908325,0.34895798563957214,0.14160366356372833,280800
1984-09-28,0.3506940007209778,0.3506940007209778,0.3506940007209778,0.3506940007209778,0.14230817556381226,7200
1984-10-01,0.3506940007209778,0.3559029996395111,0.3506940007209778,0.35416701436042786,0.1437174677848816,201600
1984-10-02,0.35416701436042786,0.359375,0.35416701436042786,0.35763901472091675,0.1451263576745987,475200
1984-10-03,0.35416701436042786,0.35416701436042786,0.35416701436042786,0.35416701436042786,0.1437174677848816,28800
1984-10-04,0.35416701436042786,0.35416701436042786,0.35416701436042786,0.35416701436042786,0.1437174677848816,0
1984-10-05,0.35416701436042786,0.35416701436042786,0.35416701436042786,0.35416701436042786,0.1437174677848816,36000
1984-10-08,0.35416701436042786,0.35416701436042786,0.35416701436042786,0.35416701436042786,0.1437174677848816,7200
1984-10-09,0.35763901472091675,0.36111098527908325,0.35763901472091675,0.359375,0.14583081007003784,4255200
1984-10-10,0.35416701436042786,0.35416701436042786,0.35416701436042786,0.35416701436042786,0.1437174677848816,57600
1984-10-11,0.35763901472091675,0.359375,0.35763901472091675,0.359375,0.14583081007003784,194400
1984-10-12,0.359375,0.359375,0.35416701436042786,0.359375,0.14583081007003784,79200
1984-10-15,0.359375,0.359375,0.359375,0.359375,0.14583081007003784,0
1984-10-16,0.35763901472091675,0.35763901472091675,0.35416701436042786,0.35416701436042786,0.1437174677848816,1274400
1984-10-17,0.35416701436042786,0.35416701436042786,0.35416701436042786,0.35416701436042786,0.1437174677848816,0
1984-10-18,0.35416701436042786,0.35763901472091675,0.35416701436042786,0.35763901472091675,0.1451263576745987,223200
1984-10-19,0.35763901472091675,0.3628470003604889,0.3559029996395111,0.36111098527908325,0.146535262465477,1245600
1984-10-22,0.36111098527908325,0.36458298563957214,0.359375,0.36458298563957214,0.14794416725635529,9115200
1984-10-23,0.36458298563957214,0.36458298563957214,0.35763901472091675,0.36458298563957214,0.14794416725635529,165600
1984-10-24,0.36458298563957214,0.36458298563957214,0.35763901472091675,0.35763901472091675,0.1451263576745987,813600
1984-10-25,0.35763901472091675,0.3628470003604889,0.35763901472091675,0.36111098527908325,0.146535262465477,3211200
1984-10-26,0.36111098527908325,0.36458298563957214,0.359375,0.359375,0.14583081007003784,216000
1984-10-29,0.359375,0.3663190007209778,0.359375,0.359375,0.14583081007003784,86400
1984-10-30,0.359375,0.3663190007209778,0.359375,0.359375,0.14583081007003784,50400
1984-10-31,0.359375,0.359375,0.359375,0.359375,0.14583081007003784,14400
1984-11-01,0.359375,0.359375,0.359375,0.359375,0.14583081007003784,0
1984-11-02,0.359375,0.359375,0.359375,0.359375,0.14583081007003784,7200
1984-11-05,0.359375,0.3663190007209778,0.359375,0.359375,0.14583081007003784,129600
1984-11-06,0.359375,0.3663190007209778,0.359375,0.3663190007209778,0.14864857494831085,21600
1984-11-07,0.3663190007209778,0.3663190007209778,0.3663190007209778,0.3663190007209778,0.14864857494831085,0
1984-11-08,0.36458298563957214,0.36458298563957214,0.36458298563957214,0.36458298563957214,0.14794416725635529,7200
1984-11-09,0.3663190007209778,0.3663190007209778,0.3663190007209778,0.3663190007209778,0.14864857494831085,14400
1984-11-12,0.3680559992790222,0.3680559992790222,0.3680559992790222,0.3680559992790222,0.1493535041809082,36000
1984-11-13,0.36111098527908325,0.36111098527908325,0.36111098527908325,0.36111098527908325,0.146535262465477,21600
1984-11-14,0.36111098527908325,0.3628470003604889,0.35763901472091675,0.3628470003604889,0.14723974466323853,2167200
1984-11-15,0.3628470003604889,0.3663190007209778,0.36111098527908325,0.36111098527908325,0.146535262465477,1108800
1984-11-16,0.36111098527908325,0.36111098527908325,0.36111098527908325,0.36111098527908325,0.146535262465477,21600
1984-11-19,0.36111098527908325,0.3663190007209778,0.36111098527908325,0.36111098527908325,0.146535262465477,720000
1984-11-20,0.36111098527908325,0.3628470003604889,0.36111098527908325,0.36111098527908325,0.146535262465477,43200
1984-11-21,0.3628470003604889,0.3680559992790222,0.3628470003604889,0.3628470003604889,0.14723974466323853,72000
1984-11-23,0.3680559992790222,0.37326401472091675,0.3680559992790222,0.3715279996395111,0.1507623940706253,316800
1984-11-26,0.37326401472091675,0.37326401472091675,0.37326401472091675,0.37326401472091675,0.15146683156490326,72000
1984-11-27,0.37326401472091675,0.37326401472091675,0.37326401472091675,0.37326401472091675,0.15146683156490326,0
1984-11-28,0.3715279996395111,0.3715279996395111,0.3715279996395111,0.3715279996395111,0.1507623940706253,21600
1984-11-29,0.3715279996395111,0.375,0.3715279996395111,0.3715279996395111,0.1507623940706253,108000
1984-11-30,0.3715279996395111,0.3715279996395111,0.3715279996395111,0.3715279996395111,0.1507623940706253,172800
1984-12-03,0.37326401472091675,0.37326401472091675,0.37326401472091675,0.37326401472091675,0.15146683156490326,14400
1984-12-04,0.3715279996395111,0.3715279996395111,0.3715279996395111,0.3715279996395111,0.1507623940706253,129600
1984-12-05,0.3715279996395111,0.37326401472091675,0.3680559992790222,0.3680559992790222,0.1493535041809082,676800
1984-12-06,0.3680559992790222,0.3715279996395111,0.3663190007209778,0.3715279996395111,0.1507623940706253,230400
1984-12-07,0.3715279996395111,0.3715279996395111,0.3663190007209778,0.3663190007209778,0.14864857494831085,158400
1984-12-10,0.3663190007209778,0.3663190007209778,0.3663190007209778,0.3663190007209778,0.14864857494831085,57600
1984-12-11,0.3663190007209778,0.3680559992790222,0.3628470003604889,0.3628470003604889,0.14723974466323853,1468800
1984-12-12,0.3628470003604889,0.3680559992790222,0.3628470003604889,0.3680559992790222,0.1493535041809082,576000
1984-12-13,0.3680559992790222,0.3680559992790222,0.3628470003604889,0.3680559992790222,0.1493535041809082,612000
1984-12-14,0.3680559992790222,0.3680559992790222,0.3628470003604889,0.3680559992790222,0.1493535041809082,136800
1984-12-17,0.3663190007209778,0.3663190007209778,0.3663190007209778,0.3663190007209778,0.14864857494831085,36000
1984-12-18,0.36458298563957214,0.36458298563957214,0.36111098527908325,0.3628470003604889,0.14723974466323853,108000
1984-12-19,0.3628470003604889,0.3628470003604889,0.359375,0.3628470003604889,0.14723974466323853,1432800
1984-12-20,0.36458298563957214,0.36458298563957214,0.36458298563957214,0.36458298563957214,0.14794416725635529,43200
1984-12-21,0.359375,0.359375,0.359375,0.359375,0.14583081007003784,144000
1984-12-24,0.36458298563957214,0.3663190007209778,0.36458298563957214,0.3663190007209778,0.14864857494831085,100800
1984-12-26,0.3663190007209778,0.3663190007209778,0.359375,0.3663190007209778,0.14864857494831085,223200
1984-12-27,0.3663190007209778,0.3663190007209778,0.3663190007209778,0.3663190007209778,0.14864857494831085,0
1984-12-28,0.3663190007209778,0.3663190007209778,0.36111098527908325,0.3663190007209778,0.14864857494831085,28800
1984-12-31,0.3663190007209778,0.3663190007209778,0.36111098527908325,0.3628470003604889,0.14723974466323853,468000
1985-01-02,0.3628470003604889,0.3628470003604889,0.3628470003604889,0.3628470003604889,0.14723974466323853,0
1985-01-03,0.36111098527908325,0.36111098527908325,0.36111098527908325,0.36111098527908325,0.146535262465477,360000
1985-01-04,0.36111098527908325,0.36111098527908325,0.36111098527908325,0.36111098527908325,0.146535262465477,0
1985-01-07,0.359375,0.359375,0.359375,0.359375,0.14583081007003784,7200
1985-01-08,0.36111098527908325,0.36111098527908325,0.36111098527908325,0.36111098527908325,0.146535262465477,108000
1985-01-09,0.359375,0.359375,0.359375,0.359375,0.14583081007003784,36000
1985-01-10,0.359375,0.3663190007209778,0.359375,0.359375,0.14583081007003784,496800
1985-01-11,0.359375,0.36458298563957214,0.359375,0.359375,0.14583081007003784,237600
1985-01-14,0.359375,0.3628470003604889,0.359375,0.3628470003604889,0.14723974466323853,316800
1985-01-15,0.3628470003604889,0.3628470003604889,0.3628470003604889,0.3628470003604889,0.14723974466323853,72000
1985-01-16,0.36111098527908325,0.36111098527908325,0.36111098527908325,0.36111098527908325,0.146535262465477,14400
1985-01-17,0.36111098527908325,0.36111098527908325,0.36111098527908325,0.36111098527908325,0.146535262465477,7200
1985-01-18,0.36111098527908325,0.3628470003604889,0.35416701436042786,0.359375,0.14583081007003784,93600
1985-01-21,0.359375,0.36111098527908325,0.35416701436042786,0.36111098527908325,0.146535262465477,172800
1985-01-22,0.35416701436042786,0.35416701436042786,0.35416701436042786,0.35416701436042786,0.1437174677848816,28800
1985-01-23,0.35416701436042786,0.35416701436042786,0.35416701436042786,0.35416701436042786,0.1437174677848816,14400
1985-01-24,0.35416701436042786,0.36111098527908325,0.35416701436042786,0.35416701436042786,0.1437174677848816,1332000
1985-01-25,0.35763901472091675,0.3663190007209778,0.35763901472091675,0.36458298563957214,0.14794416725635529,3441600
1985-01-28,0.36458298563957214,0.3680559992790222,0.36458298563957214,0.36458298563957214,0.14794416725635529,590400
1985-01-29,0.3680559992790222,0.3715279996395111,0.3680559992790222,0.3715279996395111,0.1507623940706253,273600
1985-01-30,0.375,0.38020798563957214,0.375,0.375,0.1521712690591812,273600
1985-01-31,0.3819440007209778,0.3819440007209778,0.3819440007209778,0.3819440007209778,0.15498913824558258,21600
1985-02-01,0.3819440007209778,0.3819440007209778,0.37673598527908325,0.3819440007209778,0.15498913824558258,201600
1985-02-04,0.3784720003604889,0.3784720003604889,0.3784720003604889,0.3784720003604889,0.15358015894889832,72000
1985-02-05,0.3784720003604889,0.3819440007209778,0.37673598527908325,0.3819440007209778,0.15498913824558258,93600
1985-02-06,0.3819440007209778,0.3836809992790222,0.3819440007209778,0.3819440007209778,0.15498913824558258,151200
1985-02-07,0.38541701436042786,0.3993059992790222,0.38541701436042786,0.39583298563957214,0.1606251448392868,432000
1985-02-08,0.3993059992790222,0.40451401472091675,0.3993059992790222,0.4027779996395111,0.16344332695007324,1404000
1985-02-11,0.4027779996395111,0.4097220003604889,0.3993059992790222,0.3993059992790222,0.16203443706035614,151200
1985-02-12,0.3993059992790222,0.4097220003604889,0.3993059992790222,0.40625,0.16485221683979034,1116000
1985-02-13,0.40625,0.4097220003604889,0.4027779996395111,0.4027779996395111,0.16344332695007324,208800
1985-02-14,0.4097220003604889,0.41666701436042786,0.4097220003604889,0.41666701436042786,0.16907939314842224,381600
1985-02-15,0.41666701436042786,0.42013901472091675,0.4131940007209778,0.4131940007209778,0.1676700860261917,50400
1985-02-19,0.4131940007209778,0.42013901472091675,0.4131940007209778,0.4131940007209778,0.1676700860261917,136800
1985-02-20,0.42013901472091675,0.42013901472091675,0.42013901472091675,0.42013901472091675,0.17048832774162292,14400
1985-02-21,0.42013901472091675,0.42013901472091675,0.4131940007209778,0.42013901472091675,0.17048832774162292,1771200
1985-02-22,0.42013901472091675,0.42013901472091675,0.41666701436042786,0.41666701436042786,0.16907939314842224,79200
1985-02-25,0.41666701436042786,0.42013901472091675,0.41666701436042786,0.42013901472091675,0.17048832774162292,432000
1985-02-26,0.42013901472091675,0.42361098527908325,0.41666701436042786,0.42013901472091675,0.17048832774162292,338400
1985-02-27,0.42013901472091675,0.4305559992790222,0.42013901472091675,0.42361098527908325,0.17189718782901764,1900800
1985-02-28,0.42361098527908325,0.42361098527908325,0.42361098527908325,0.42361098527908325,0.17189718782901764,36000
1985-03-01,0.42708298563957214,0.4409720003604889,0.42708298563957214,0.4305559992790222,0.17471538484096527,741600
1985-03-04,0.4375,0.44791701436042786,0.4375,0.4375,0.17753317952156067,396000
1985-03-05,0.4375,0.44791701436042786,0.4375,0.4375,0.17753317952156067,64800
1985-03-06,0.4375,0.4375,0.4375,0.4375,0.17753317952156067,72000
1985-03-07,0.4375,0.4375,0.4375,0.4375,0.17753317952156067,496800
1985-03-08,0.4375,0.4444440007209778,0.4375,0.4375,0.17753317952156067,36000
1985-03-11,0.4375,0.4375,0.4375,0.4375,0.17753317952156067,14400
1985-03-12,0.4375,0.4444440007209778,0.4375,0.4375,0.17753317952156067,806400
1985-03-13,0.4375,0.4444440007209778,0.4375,0.4444440007209778,0.18035098910331726,79200
1985-03-14,0.4444440007209778,0.4444440007209778,0.4375,0.4375,0.17753317952156067,144000
1985-03-15,0.4375,0.4444440007209778,0.4375,0.4444440007209778,0.18035098910331726,266400
1985-03-18,0.4340279996395111,0.4340279996395111,0.4340279996395111,0.4340279996395111,0.17612434923648834,28800
1985-03-19,0.4340279996395111,0.4444440007209778,0.4340279996395111,0.43923598527908325,0.17823758721351624,1965600
1985-03-20,0.43923598527908325,0.4444440007209778,0.4340279996395111,0.4340279996395111,0.17612434923648834,316800
1985-03-21,0.4409720003604889,0.4409720003604889,0.4409720003604889,0.4409720003604889,0.17894211411476135,14400
1985-03-22,0.4340279996395111,0.4340279996395111,0.4340279996395111,0.4340279996395111,0.17612434923648834,7200
1985-03-25,0.4340279996395111,0.4444440007209778,0.4340279996395111,0.4340279996395111,0.17612434923648834,122400
1985-03-26,0.4340279996395111,0.4444440007209778,0.4340279996395111,0.4444440007209778,0.18035098910331726,14400
1985-03-27,0.4444440007209778,0.4444440007209778,0.4444440007209778,0.4444440007209778,0.18035098910331726,252000
1985-03-28,0.4444440007209778,0.4444440007209778,0.4444440007209778,0.4444440007209778,0.18035098910331726,14400
1985-03-29,0.4444440007209778,0.4444440007209778,0.4375,0.4375,0.17753317952156067,21600
1985-04-01,0.4375,0.4375,0.4375,0.4375,0.17753317952156067,43200
1985-04-02,0.4375,0.44791701436042786,0.4375,0.4409720003604889,0.17894211411476135,1404000
1985-04-03,0.4409720003604889,0.4444440007209778,0.4375,0.4409720003604889,0.17894211411476135,1137600
1985-04-04,0.44270798563957214,0.44791701436042786,0.44270798563957214,0.44270798563957214,0.1796465516090393,172800
1985-04-08,0.44270798563957214,0.4444440007209778,0.4340279996395111,0.4375,0.17753317952156067,1440000
1985-04-09,0.4375,0.4444440007209778,0.4375,0.4375,0.17753317952156067,86400
1985-04-10,0.4375,0.44791701436042786,0.4375,0.4375,0.17753317952156067,57600
1985-04-11,0.4375,0.44791701436042786,0.4375,0.44791701436042786,0.1817602813243866,403200
1985-04-12,0.44791701436042786,0.44791701436042786,0.4409720003604889,0.44791701436042786,0.1817602813243866,158400
1985-04-15,0.44791701436042786,0.44791701436042786,0.4409720003604889,0.44791701436042786,0.1817602813243866,201600
1985-04-16,0.44791701436042786,0.45138901472091675,0.4444440007209778,0.44791701436042786,0.1817602813243866,237600
1985-04-17,0.44791701436042786,0.45486098527908325,0.4444440007209778,0.45138901472091675,0.1831692010164261,1353600
1985-04-18,0.45138901472091675,0.45486098527908325,0.4444440007209778,0.45486098527908325,0.1845780909061432,1404000
1985-04-19,0.45486098527908325,0.45486098527908325,0.45486098527908325,0.45486098527908325,0.1845780909061432,93600
1985-04-22,0.45486098527908325,0.45486098527908325,0.4444440007209778,0.44791701436042786,0.1817602813243866,1850400
1985-04-23,0.44791701436042786,0.45486098527908325,0.4444440007209778,0.44791701436042786,0.1817602813243866,223200
1985-04-24,0.45138901472091675,0.45833298563957214,0.45138901472091675,0.45833298563957214,0.18598699569702148,1159200
1985-04-25,0.45833298563957214,0.45833298563957214,0.44791701436042786,0.45833298563957214,0.18598699569702148,979200
1985-04-26,0.45833298563957214,0.45833298563957214,0.45486098527908325,0.45486098527908325,0.1845780909061432,86400
1985-04-29,0.45486098527908325,0.4618059992790222,0.45486098527908325,0.45486098527908325,0.1845780909061432,72000
1985-04-30,0.45486098527908325,0.4618059992790222,0.45138901472091675,0.45138901472091675,0.1831692010164261,21600
1985-05-01,0.45138901472091675,0.4618059992790222,0.45138901472091675,0.45138901472091675,0.1831692010164261,468000
1985-05-02,0.45138901472091675,0.4618059992790222,0.45138901472091675,0.45138901472091675,0.1831692010164261,2253600
1985-05-03,0.45138901472091675,0.4618059992790222,0.45138901472091675,0.45138901472091675,0.1831692010164261,547200
1985-05-06,0.45833298563957214,0.4652779996395111,0.45833298563957214,0.45833298563957214,0.18598699569702148,108000
1985-05-07,0.45833298563957214,0.4652779996395111,0.45833298563957214,0.45833298563957214,0.18598699569702148,172800
1985-05-08,0.45833298563957214,0.45833298563957214,0.45833298563957214,0.45833298563957214,0.18598699569702148,36000
1985-05-09,0.45833298563957214,0.46875,0.45833298563957214,0.45833298563957214,0.18598699569702148,86400
1985-05-10,0.45833298563957214,0.45833298563957214,0.45833298563957214,0.45833298563957214,0.18598699569702148,36000
1985-05-13,0.4618059992790222,0.46875,0.4618059992790222,0.4618059992790222,0.18739630281925201,86400
1985-05-14,0.4618059992790222,0.4618059992790222,0.4618059992790222,0.4618059992790222,0.18739630281925201,72000
1985-05-15,0.4722220003604889,0.4722220003604889,0.4722220003604889,0.4722220003604889,0.1916230171918869,57600
1985-05-16,0.4722220003604889,0.4722220003604889,0.4618059992790222,0.4618059992790222,0.18739630281925201,93600
1985-05-17,0.4722220003604889,0.4722220003604889,0.4722220003604889,0.4722220003604889,0.1916230171918869,50400
1985-05-20,0.4722220003604889,0.4722220003604889,0.4652779996395111,0.4652779996395111,0.1888052076101303,122400
1985-05-21,0.4652779996395111,0.4756940007209778,0.4652779996395111,0.4756940007209778,0.193031907081604,122400
1985-05-22,0.4756940007209778,0.4756940007209778,0.4652779996395111,0.4756940007209778,0.193031907081604,115200
1985-05-23,0.4756940007209778,0.4756940007209778,0.4652779996395111,0.4652779996395111,0.1888052076101303,986400
1985-05-24,0.4756940007209778,0.4756940007209778,0.4756940007209778,0.4756940007209778,0.193031907081604,14400
1985-05-28,0.4756940007209778,0.4756940007209778,0.4652779996395111,0.46875,0.1902140974998474,4572000
1985-05-29,0.46875,0.4756940007209778,0.46875,0.46875,0.1902140974998474,93600
1985-05-30,0.46875,0.4756940007209778,0.46875,0.46875,0.1902140974998474,172800
1985-05-31,0.4722220003604889,0.47916701436042786,0.4722220003604889,0.4722220003604889,0.1916230171918869,604800
1985-06-03,0.4722220003604889,0.48263901472091675,0.4722220003604889,0.4722220003604889,0.1916230171918869,763200
1985-06-04,0.4722220003604889,0.48263901472091675,0.4722220003604889,0.4722220003604889,0.1916230171918869,21600
1985-06-05,0.4722220003604889,0.4722220003604889,0.4722220003604889,0.4722220003604889,0.1916230171918869,14400
1985-06-06,0.4722220003604889,0.48263901472091675,0.4722220003604889,0.48263901472091675,0.19585011899471283,799200
1985-06-07,0.48263901472091675,0.48263901472091675,0.48263901472091675,0.48263901472091675,0.19585011899471283,72000
1985-06-10,0.48263901472091675,0.48263901472091675,0.4722220003604889,0.4722220003604889,0.1916230171918869,144000
1985-06-11,0.4722220003604889,0.48263901472091675,0.4722220003604889,0.48263901472091675,0.19585011899471283,799200
1985-06-12,0.4722220003604889,0.4722220003604889,0.4722220003604889,0.4722220003604889,0.1916230171918869,7200
1985-06-13,0.4722220003604889,0.4756940007209778,0.4722220003604889,0.4722220003604889,0.1916230171918869,547200
1985-06-14,0.4722220003604889,0.48958298563957214,0.4722220003604889,0.48263901472091675,0.19585011899471283,813600
1985-06-17,0.48958298563957214,0.4965279996395111,0.48958298563957214,0.48958298563957214,0.19866791367530823,165600
1985-06-18,0.4930559992790222,0.5034719705581665,0.4930559992790222,0.4930559992790222,0.20007723569869995,230400
1985-06-19,0.4930559992790222,0.4930559992790222,0.4930559992790222,0.4930559992790222,0.20007723569869995,28800
1985-06-20,0.4930559992790222,0.4930559992790222,0.4930559992790222,0.4930559992790222,0.20007723569869995,0
1985-06-21,0.4930559992790222,0.5034719705581665,0.4930559992790222,0.4930559992790222,0.20007723569869995,295200
1985-06-24,0.4930559992790222,0.5034719705581665,0.4930559992790222,0.4930559992790222,0.20007723569869995,28800
1985-06-25,0.5,0.5104169845581055,0.5,0.5,0.2028951197862625,4183200
1985-06-26,0.5104169845581055,0.5347219705581665,0.5104169845581055,0.5243059992790222,0.21275819838047028,4838400
1985-06-27,0.5243059992790222,0.5347219705581665,0.5243059992790222,0.5243059992790222,0.21275819838047028,1288800
1985-06-28,0.5243059992790222,0.53125,0.5243059992790222,0.5243059992790222,0.21275819838047028,432000
1985-07-01,0.5243059992790222,0.5329859852790833,0.5243059992790222,0.53125,0.21557600796222687,4032000
1985-07-02,0.5347219705581665,0.5347219705581665,0.5347219705581665,0.5347219705581665,0.216984823346138,28800
1985-07-03,0.5347219705581665,0.5347219705581665,0.5347219705581665,0.5347219705581665,0.216984823346138,64800
1985-07-05,0.5347219705581665,0.5347219705581665,0.5347219705581665,0.5347219705581665,0.216984823346138,28800
1985-07-08,0.5347219705581665,0.5347219705581665,0.5277780294418335,0.5347219705581665,0.216984823346138,64800
1985-07-09,0.5277780294418335,0.5277780294418335,0.5277780294418335,0.5277780294418335,0.21416710317134857,36000
1985-07-10,0.5277780294418335,0.5347219705581665,0.5277780294418335,0.5347219705581665,0.216984823346138,799200
1985-07-11,0.5347219705581665,0.5381940007209778,0.53125,0.53125,0.21557600796222687,2188800
1985-07-12,0.5381940007209778,0.5381940007209778,0.5381940007209778,0.5381940007209778,0.21839378774166107,14400
1985-07-15,0.5381940007209778,0.5416669845581055,0.5381940007209778,0.5381940007209778,0.21839378774166107,122400
1985-07-16,0.5381940007209778,0.5416669845581055,0.5381940007209778,0.5381940007209778,0.21839378774166107,86400
1985-07-17,0.5381940007209778,0.5486109852790833,0.5381940007209778,0.5486109852790833,0.2226209044456482,799200
1985-07-18,0.5486109852790833,0.5625,0.5416669845581055,0.5555559992790222,0.2254391461610794,8978400
1985-07-19,0.5555559992790222,0.5625,0.5555559992790222,0.5555559992790222,0.2254391461610794,151200
1985-07-22,0.5659719705581665,0.5659719705581665,0.5659719705581665,0.5659719705581665,0.22966589033603668,14400
1985-07-23,0.5659719705581665,0.5694440007209778,0.5590280294418335,0.5694440007209778,0.23107470571994781,115200
1985-07-24,0.5763890147209167,0.5798609852790833,0.5763890147209167,0.5798609852790833,0.2353018969297409,734400
1985-07-25,0.5798609852790833,0.5902780294418335,0.5798609852790833,0.5868059992790222,0.23812004923820496,748800
1985-07-26,0.6006940007209778,0.6215280294418335,0.6006940007209778,0.6145830154418945,0.24939170479774475,223200
1985-07-29,0.6145830154418945,0.6215280294418335,0.6111109852790833,0.6111109852790833,0.24798277020454407,928800
1985-07-30,0.6076390147209167,0.6076390147209167,0.5763890147209167,0.5972219705581665,0.24234680831432343,3960000
1985-07-31,0.59375,0.59375,0.5694440007209778,0.5694440007209778,0.23107470571994781,1785600
1985-08-01,0.5694440007209778,0.5729169845581055,0.5625,0.5625,0.2282569706439972,108000
1985-08-02,0.5625,0.5729169845581055,0.5625,0.5625,0.2282569706439972,129600
1985-08-05,0.5642359852790833,0.5729169845581055,0.5642359852790833,0.5729169845581055,0.23248399794101715,288000
1985-08-06,0.5625,0.5625,0.5625,0.5625,0.2282569706439972,7200
1985-08-07,0.5729169845581055,0.5763890147209167,0.5729169845581055,0.5729169845581055,0.23248399794101715,21600
1985-08-08,0.5625,0.5625,0.5625,0.5625,0.2282569706439972,43200
1985-08-09,0.5625,0.5625,0.5625,0.5625,0.2282569706439972,208800
1985-08-12,0.5625,0.5694440007209778,0.5625,0.5625,0.2282569706439972,756000
1985-08-13,0.5625,0.5694440007209778,0.5625,0.5659719705581665,0.22966589033603668,3708000
1985-08-14,0.5659719705581665,0.5659719705581665,0.5590280294418335,0.5659719705581665,0.22966589033603668,475200
1985-08-15,0.5625,0.5625,0.5590280294418335,0.5625,0.2282569706439972,165600
1985-08-16,0.5625,0.5659719705581665,0.5590280294418335,0.5659719705581665,0.22966589033603668,14400
1985-08-19,0.5590280294418335,0.5590280294418335,0.5590280294418335,0.5590280294418335,0.22684800624847412,7200
1985-08-20,0.5590280294418335,0.5659719705581665,0.5590280294418335,0.5659719705581665,0.22966589033603668,957600
1985-08-21,0.5625,0.5625,0.5590280294418335,0.5625,0.2282569706439972,907200
1985-08-22,0.5590280294418335,0.5590280294418335,0.5590280294418335,0.5590280294418335,0.22684800624847412,165600
1985-08-23,0.5659719705581665,0.5659719705581665,0.5659719705581665,0.5659719705581665,0.22966589033603668,7200
1985-08-26,0.5590280294418335,0.5590280294418335,0.5590280294418335,0.5590280294418335,0.22684800624847412,14400
1985-08-27,0.5590280294418335,0.5590280294418335,0.5590280294418335,0.5590280294418335,0.22684800624847412,0
1985-08-28,0.5625,0.5625,0.5625,0.5625,0.2282569706439972,144000
1985-08-29,0.5625,0.5659719705581665,0.5590280294418335,0.5659719705581665,0.22966589033603668,93600
1985-08-30,0.5659719705581665,0.5659719705581665,0.5590280294418335,0.5590280294418335,0.22684800624847412,21600
1985-09-03,0.5590280294418335,0.5607640147209167,0.5555559992790222,0.5590280294418335,0.22684800624847412,7992000
1985-09-04,0.5590280294418335,0.5659719705581665,0.5555559992790222,0.5590280294418335,0.22684800624847412,1202400
1985-09-05,0.5555559992790222,0.5555559992790222,0.5451390147209167,0.5555559992790222,0.2254391461610794,194400
1985-09-06,0.5520830154418945,0.5520830154418945,0.5416669845581055,0.5520830154418945,0.22402986884117126,705600
1985-09-09,0.5520830154418945,0.5520830154418945,0.5347219705581665,0.5347219705581665,0.216984823346138,201600
1985-09-10,0.5486109852790833,0.5486109852790833,0.5486109852790833,0.5486109852790833,0.2226209044456482,14400
1985-09-11,0.5486109852790833,0.5486109852790833,0.5277780294418335,0.5416669845581055,0.21980319917201996,216000
1985-09-12,0.5416669845581055,0.5486109852790833,0.5277780294418335,0.5486109852790833,0.2226209044456482,1468800
1985-09-13,0.5486109852790833,0.5555559992790222,0.5451390147209167,0.5486109852790833,0.2226209044456482,460800
1985-09-16,0.5486109852790833,0.5486109852790833,0.5347219705581665,0.5486109852790833,0.2226209044456482,417600
1985-09-17,0.5347219705581665,0.5347219705581665,0.5208330154418945,0.5277780294418335,0.21416710317134857,468000
1985-09-18,0.5277780294418335,0.5277780294418335,0.5,0.5104169845581055,0.20712214708328247,2210400
1985-09-19,0.5104169845581055,0.5104169845581055,0.5034719705581665,0.5104169845581055,0.20712214708328247,64800
1985-09-20,0.5104169845581055,0.5138890147209167,0.5034719705581665,0.5034719705581665,0.20430390536785126,151200
1985-09-23,0.5069440007209778,0.5138890147209167,0.5069440007209778,0.5138890147209167,0.20853106677532196,201600
1985-09-24,0.5138890147209167,0.5277780294418335,0.5104169845581055,0.5208330154418945,0.21134884655475616,1483200
1985-09-25,0.5138890147209167,0.5138890147209167,0.5104169845581055,0.5104169845581055,0.20712214708328247,165600
1985-09-26,0.5104169845581055,0.5104169845581055,0.5104169845581055,0.5104169845581055,0.20712214708328247,7200
1985-09-30,0.5173609852790833,0.5173609852790833,0.5173609852790833,0.5173609852790833,0.20993992686271667,57600
1985-10-01,0.5104169845581055,0.5104169845581055,0.5069440007209778,0.5104169845581055,0.20712214708328247,28800
1985-10-02,0.5104169845581055,0.5208330154418945,0.5104169845581055,0.5208330154418945,0.21134884655475616,259200
1985-10-03,0.5208330154418945,0.5208330154418945,0.5208330154418945,0.5208330154418945,0.21134884655475616,36000
1985-10-04,0.5208330154418945,0.5208330154418945,0.5208330154418945,0.5208330154418945,0.21134884655475616,36000
1985-10-07,0.5208330154418945,0.5208330154418945,0.5104169845581055,0.5208330154418945,0.21134884655475616,763200
1985-10-08,0.5208330154418945,0.5208330154418945,0.5104169845581055,0.5173609852790833,0.20993992686271667,201600
1985-10-09,0.5173609852790833,0.5173609852790833,0.5104169845581055,0.5173609852790833,0.20993992686271667,331200
1985-10-10,0.5173609852790833,0.5173609852790833,0.5173609852790833,0.5173609852790833,0.20993992686271667,0
1985-10-11,0.5173609852790833,0.5173609852790833,0.5104169845581055,0.5104169845581055,0.20712214708328247,14400
1985-10-14,0.5104169845581055,0.5173609852790833,0.5104169845581055,0.5104169845581055,0.20712214708328247,144000
1985-10-15,0.5104169845581055,0.5104169845581055,0.5104169845581055,0.5104169845581055,0.20712214708328247,0
1985-10-16,0.5104169845581055,0.5173609852790833,0.5104169845581055,0.5104169845581055,0.20712214708328247,4068000
1985-10-17,0.5104169845581055,0.5173609852790833,0.5104169845581055,0.5138890147209167,0.20853106677532196,180000
1985-10-18,0.5138890147209167,0.5138890147209167,0.5104169845581055,0.5138890147209167,0.20853106677532196,72000
1985-10-21,0.5138890147209167,0.5138890147209167,0.5138890147209167,0.5138890147209167,0.20853106677532196,0
1985-10-22,0.5138890147209167,0.5173609852790833,0.5104169845581055,0.5173609852790833,0.20993992686271667,93600
1985-10-23,0.5173609852790833,0.5173609852790833,0.5173609852790833,0.5173609852790833,0.20993992686271667,201600
1985-10-24,0.5104169845581055,0.5104169845581055,0.5,0.5104169845581055,0.20712214708328247,604800
1985-10-25,0.5086809992790222,0.5086809992790222,0.5,0.5086809992790222,0.20641770958900452,36000
1985-10-28,0.5069440007209778,0.5069440007209778,0.5,0.5069440007209778,0.20571286976337433,36000
1985-10-29,0.5104169845581055,0.5104169845581055,0.5104169845581055,0.5104169845581055,0.20712214708328247,57600
1985-10-30,0.5104169845581055,0.5104169845581055,0.5,0.5104169845581055,0.20712214708328247,244800
1985-10-31,0.5104169845581055,0.5138890147209167,0.5034719705581665,0.5034719705581665,0.20430390536785126,86400
1985-11-01,0.5069440007209778,0.5138890147209167,0.5069440007209778,0.5138890147209167,0.20853106677532196,2887200
1985-11-04,0.5138890147209167,0.5138890147209167,0.5069440007209778,0.5069440007209778,0.20571286976337433,151200
1985-11-05,0.5104169845581055,0.5173609852790833,0.5104169845581055,0.515625,0.20923548936843872,5112000
1985-11-06,0.515625,0.5173609852790833,0.5104169845581055,0.5104169845581055,0.20712214708328247,115200
1985-11-07,0.5138890147209167,0.5173609852790833,0.5138890147209167,0.5173609852790833,0.20993992686271667,266400
1985-11-08,0.5173609852790833,0.5173609852790833,0.5104169845581055,0.5104169845581055,0.20712214708328247,453600
1985-11-11,0.5104169845581055,0.5173609852790833,0.5104169845581055,0.5173609852790833,0.20993992686271667,93600
1985-11-12,0.5173609852790833,0.5243059992790222,0.5104169845581055,0.5243059992790222,0.21275819838047028,2275200
1985-11-13,0.5243059992790222,0.53125,0.5208330154418945,0.53125,0.21557600796222687,237600
1985-11-14,0.53125,0.53125,0.53125,0.53125,0.21557600796222687,0
1985-11-15,0.53125,0.53125,0.53125,0.53125,0.21557600796222687,0
1985-11-18,0.53125,0.5347219705581665,0.53125,0.53125,0.21557600796222687,64800
1985-11-19,0.53125,0.5347219705581665,0.5243059992790222,0.5347219705581665,0.216984823346138,93600
1985-11-20,0.5347219705581665,0.5486109852790833,0.5347219705581665,0.5486109852790833,0.2226209044456482,1058400
1985-11-21,0.5486109852790833,0.5486109852790833,0.546875,0.5486109852790833,0.2226209044456482,475200
1985-11-22,0.5486109852790833,0.5555559992790222,0.5451390147209167,0.5555559992790222,0.2254391461610794,1382400
1985-11-25,0.5451390147209167,0.5451390147209167,0.5451390147209167,0.5451390147209167,0.22121205925941467,43200
1985-11-26,0.5451390147209167,0.5555559992790222,0.5451390147209167,0.5451390147209167,0.22121205925941467,172800
1985-11-27,0.5555559992790222,0.5590280294418335,0.5555559992790222,0.5590280294418335,0.22684800624847412,2167200
1985-11-29,0.5590280294418335,0.5590280294418335,0.5555559992790222,0.5590280294418335,0.22684800624847412,93600
1985-12-02,0.5590280294418335,0.5625,0.5486109852790833,0.5520830154418945,0.22402986884117126,396000
1985-12-03,0.5520830154418945,0.5625,0.5486109852790833,0.5555559992790222,0.2254391461610794,5004000
1985-12-04,0.5555559992790222,0.5625,0.5486109852790833,0.5625,0.2282569706439972,28800
1985-12-05,0.5625,0.5694440007209778,0.5520830154418945,0.5694440007209778,0.23107470571994781,309600
1985-12-06,0.5694440007209778,0.5694440007209778,0.5590280294418335,0.5590280294418335,0.22684800624847412,28800
1985-12-09,0.5590280294418335,0.5694440007209778,0.5590280294418335,0.5590280294418335,0.22684800624847412,100800
1985-12-10,0.5590280294418335,0.5694440007209778,0.5590280294418335,0.5694440007209778,0.23107470571994781,1843200
1985-12-11,0.5590280294418335,0.5590280294418335,0.5590280294418335,0.5590280294418335,0.22684800624847412,14400
1985-12-12,0.5590280294418335,0.5694440007209778,0.5590280294418335,0.5694440007209778,0.23107470571994781,612000
1985-12-13,0.5694440007209778,0.6006940007209778,0.5590280294418335,0.5902780294418335,0.23952901363372803,2080800
1985-12-16,0.5902780294418335,0.6006940007209778,0.5902780294418335,0.5902780294418335,0.23952901363372803,475200
1985-12-17,0.5902780294418335,0.5902780294418335,0.5902780294418335,0.5902780294418335,0.23952901363372803,936000
1985-12-18,0.5902780294418335,0.5954859852790833,0.5902780294418335,0.5954859852790833,0.24164234101772308,1022400
1985-12-19,0.5954859852790833,0.5954859852790833,0.5954859852790833,0.5954859852790833,0.24164234101772308,0
1985-12-20,0.5902780294418335,0.5902780294418335,0.5902780294418335,0.5902780294418335,0.23952901363372803,151200
1985-12-23,0.5902780294418335,0.6041669845581055,0.5902780294418335,0.6041669845581055,0.24516494572162628,374400
1985-12-24,0.6041669845581055,0.6041669845581055,0.6041669845581055,0.6041669845581055,0.24516494572162628,223200
1985-12-26,0.5920140147209167,0.5920140147209167,0.5902780294418335,0.5902780294418335,0.23952901363372803,14400
1985-12-27,0.59375,0.6041669845581055,0.59375,0.59375,0.24093785881996155,237600
1985-12-30,0.59375,0.59375,0.59375,0.59375,0.24093785881996155,14400
1985-12-31,0.5902780294418335,0.5902780294418335,0.5902780294418335,0.5902780294418335,0.23952901363372803,14400
1986-01-02,0.5902780294418335,0.6041669845581055,0.5902780294418335,0.5902780294418335,0.23952901363372803,187200
1986-01-03,0.6041669845581055,0.6041669845581055,0.6041669845581055,0.6041669845581055,0.24516494572162628,86400
1986-01-06,0.6041669845581055,0.6041669845581055,0.59375,0.6041669845581055,0.24516494572162628,331200
1986-01-07,0.5902780294418335,0.5902780294418335,0.5902780294418335,0.5902780294418335,0.23952901363372803,122400
1986-01-08,0.5902780294418335,0.6006940007209778,0.5902780294418335,0.5954859852790833,0.24164234101772308,345600
1986-01-09,0.5954859852790833,0.6006940007209778,0.59375,0.59375,0.24093785881996155,36000
1986-01-10,0.6041669845581055,0.6041669845581055,0.6041669845581055,0.6041669845581055,0.24516494572162628,136800
1986-01-13,0.5972219705581665,0.5972219705581665,0.59375,0.5972219705581665,0.24234680831432343,57600
1986-01-14,0.6076390147209167,0.6076390147209167,0.6076390147209167,0.6076390147209167,0.24657393991947174,57600
1986-01-15,0.6076390147209167,0.6076390147209167,0.6076390147209167,0.6076390147209167,0.24657393991947174,0
1986-01-16,0.6076390147209167,0.6145830154418945,0.5972219705581665,0.6145830154418945,0.24939170479774475,93600
1986-01-17,0.6180559992790222,0.6180559992790222,0.6180559992790222,0.6180559992790222,0.2508009374141693,14400
1986-01-20,0.6180559992790222,0.6180559992790222,0.6076390147209167,0.6180559992790222,0.2508009374141693,842400
1986-01-21,0.6180559992790222,0.6319440007209778,0.6180559992790222,0.6319440007209778,0.2564365863800049,684000
1986-01-22,0.6319440007209778,0.6354169845581055,0.625,0.6354169845581055,0.2578458786010742,72000
1986-01-23,0.6354169845581055,0.6388890147209167,0.625,0.6388890147209167,0.2592548429965973,367200
1986-01-24,0.6388890147209167,0.6423609852790833,0.6284719705581665,0.6423609852790833,0.2606636583805084,180000
1986-01-27,0.6423609852790833,0.6423609852790833,0.6423609852790833,0.6423609852790833,0.2606636583805084,14400
1986-01-28,0.6388890147209167,0.6388890147209167,0.6284719705581665,0.6388890147209167,0.2592548429965973,72000
1986-01-29,0.6388890147209167,0.6423609852790833,0.6319440007209778,0.6423609852790833,0.2606636583805084,3888000
1986-01-30,0.6319440007209778,0.6319440007209778,0.6319440007209778,0.6319440007209778,0.2564365863800049,57600
1986-01-31,0.6319440007209778,0.6423609852790833,0.6319440007209778,0.6319440007209778,0.2564365863800049,36000
1986-02-03,0.6319440007209778,0.6458330154418945,0.6319440007209778,0.6423609852790833,0.2606636583805084,302400
1986-02-04,0.6423609852790833,0.6423609852790833,0.6319440007209778,0.6319440007209778,0.2564365863800049,3621600
1986-02-05,0.6319440007209778,0.6388890147209167,0.6319440007209778,0.6388890147209167,0.2592548429965973,180000
1986-02-06,0.6388890147209167,0.6388890147209167,0.6388890147209167,0.6388890147209167,0.2592548429965973,0
1986-02-07,0.6388890147209167,0.6458330154418945,0.6319440007209778,0.6458330154418945,0.2620725929737091,187200
1986-02-10,0.6458330154418945,0.6458330154418945,0.6354169845581055,0.6388890147209167,0.2592548429965973,187200
1986-02-11,0.6388890147209167,0.6458330154418945,0.6354169845581055,0.6458330154418945,0.2620725929737091,122400
1986-02-12,0.6354169845581055,0.6354169845581055,0.6354169845581055,0.6354169845581055,0.2578458786010742,36000
1986-02-13,0.6458330154418945,0.6458330154418945,0.6458330154418945,0.6458330154418945,0.2620725929737091,72000
1986-02-14,0.6458330154418945,0.6458330154418945,0.6354169845581055,0.6458330154418945,0.2620725929737091,4694400
1986-02-18,0.6458330154418945,0.6458330154418945,0.6388890147209167,0.6458330154418945,0.2620725929737091,1476000
1986-02-19,0.6458330154418945,0.65625,0.6423609852790833,0.65625,0.2662998139858246,216000
1986-02-20,0.65625,0.6597219705581665,0.6527780294418335,0.6527780294418335,0.2648908793926239,360000
1986-02-21,0.6527780294418335,0.6631940007209778,0.6527780294418335,0.6597219705581665,0.2677087187767029,784800
1986-02-24,0.6597219705581665,0.6631940007209778,0.6597219705581665,0.6597219705581665,0.2677087187767029,115200
1986-02-25,0.6631940007209778,0.6805559992790222,0.6631940007209778,0.6701390147209167,0.27193576097488403,828000
1986-02-26,0.6736109852790833,0.6840280294418335,0.6736109852790833,0.6840280294418335,0.27757179737091064,1735200
1986-02-27,0.6822919845581055,0.6822919845581055,0.6822919845581055,0.6822919845581055,0.2768673300743103,324000
1986-02-28,0.6822919845581055,0.6944440007209778,0.6770830154418945,0.6944440007209778,0.28179851174354553,1432800
1986-03-03,0.6944440007209778,0.7048609852790833,0.6944440007209778,0.6979169845581055,0.28320780396461487,799200
1986-03-04,0.6979169845581055,0.7013890147209167,0.6979169845581055,0.6979169845581055,0.28320780396461487,511200
1986-03-05,0.6979169845581055,0.7083330154418945,0.6979169845581055,0.6996530294418335,0.2839122414588928,864000
1986-03-06,0.6996530294418335,0.7083330154418945,0.6979169845581055,0.6979169845581055,0.28320780396461487,367200
1986-03-07,0.7013890147209167,0.7083330154418945,0.7013890147209167,0.7065969705581665,0.286730021238327,1130400
1986-03-10,0.7065969705581665,0.7118059992790222,0.7013890147209167,0.7083330154418945,0.287434458732605,5601600
1986-03-11,0.7083330154418945,0.7152780294418335,0.7048609852790833,0.7152780294418335,0.2902527153491974,381600
1986-03-12,0.7152780294418335,0.7222219705581665,0.7083330154418945,0.7222219705581665,0.293070524930954,518400
1986-03-13,0.7222219705581665,0.7222219705581665,0.7222219705581665,0.7222219705581665,0.293070524930954,28800
1986-03-14,0.7222219705581665,0.7222219705581665,0.7118059992790222,0.7118059992790222,0.2888438105583191,2541600
1986-03-17,0.7118059992790222,0.7152780294418335,0.7048609852790833,0.7048609852790833,0.2860255837440491,489600
1986-03-18,0.7048609852790833,0.7152780294418335,0.7048609852790833,0.7152780294418335,0.2902527153491974,590400
1986-03-19,0.7152780294418335,0.7152780294418335,0.7048609852790833,0.7083330154418945,0.287434458732605,64800
1986-03-20,0.7083330154418945,0.7152780294418335,0.7048609852790833,0.7048609852790833,0.2860255837440491,50400
1986-03-21,0.7048609852790833,0.7152780294418335,0.7048609852790833,0.7048609852790833,0.2860255837440491,698400
1986-03-24,0.7048609852790833,0.7048609852790833,0.7048609852790833,0.7048609852790833,0.2860255837440491,7200
1986-03-25,0.7048609852790833,0.7048609852790833,0.7048609852790833,0.7048609852790833,0.2860255837440491,86400
1986-03-26,0.7048609852790833,0.7048609852790833,0.6979169845581055,0.6979169845581055,0.28320780396461487,86400
1986-03-27,0.6909719705581665,0.6909719705581665,0.6909719705581665,0.6909719705581665,0.28038960695266724,122400
1986-03-31,0.6909719705581665,0.6979169845581055,0.6875,0.6979169845581055,0.28320780396461487,244800
1986-04-01,0.6979169845581055,0.6979169845581055,0.6909719705581665,0.6979169845581055,0.28320780396461487,3902400
1986-04-02,0.6979169845581055,0.6979169845581055,0.6909719705581665,0.6979169845581055,0.28320780396461487,446400
1986-04-03,0.6979169845581055,0.6979169845581055,0.6909719705581665,0.6909719705581665,0.28038960695266724,93600
1986-04-04,0.6909719705581665,0.6944440007209778,0.6909719705581665,0.6944440007209778,0.28179851174354553,266400
1986-04-07,0.6875,0.6875,0.6822919845581055,0.6822919845581055,0.2768673300743103,1728000
1986-04-08,0.6840280294418335,0.6840280294418335,0.6840280294418335,0.6840280294418335,0.27757179737091064,21600
1986-04-09,0.6840280294418335,0.6979169845581055,0.6840280294418335,0.6979169845581055,0.28320780396461487,446400
1986-04-10,0.6840280294418335,0.6840280294418335,0.6597219705581665,0.6597219705581665,0.2677087187767029,540000
1986-04-11,0.6527780294418335,0.6527780294418335,0.6354169845581055,0.6458330154418945,0.2620725929737091,972000
1986-04-14,0.6458330154418945,0.6458330154418945,0.6354169845581055,0.6458330154418945,0.2620725929737091,1929600
1986-04-15,0.6493059992790222,0.6597219705581665,0.6493059992790222,0.6493059992790222,0.2634819447994232,165600
1986-04-16,0.6527780294418335,0.6597219705581665,0.6527780294418335,0.6527780294418335,0.2648908793926239,388800
1986-04-17,0.6527780294418335,0.6631940007209778,0.6493059992790222,0.65625,0.2662998139858246,2030400
1986-04-18,0.6631940007209778,0.6631940007209778,0.6631940007209778,0.6631940007209778,0.2691175043582916,230400
1986-04-21,0.6631940007209778,0.6666669845581055,0.6631940007209778,0.6631940007209778,0.2691175043582916,43200
1986-04-22,0.6631940007209778,0.6701390147209167,0.6631940007209778,0.6701390147209167,0.27193576097488403,50400
1986-04-23,0.6701390147209167,0.6701390147209167,0.6631940007209778,0.6701390147209167,0.27193576097488403,230400
1986-04-24,0.6701390147209167,0.6840280294418335,0.6701390147209167,0.6840280294418335,0.27757179737091064,273600
1986-04-25,0.6840280294418335,0.6909719705581665,0.6805559992790222,0.6909719705581665,0.28038960695266724,835200
1986-04-28,0.6909719705581665,0.6909719705581665,0.6909719705581665,0.6909719705581665,0.28038960695266724,0
1986-04-29,0.6909719705581665,0.6909719705581665,0.6840280294418335,0.6909719705581665,0.28038960695266724,2815200
1986-04-30,0.6909719705581665,0.6944440007209778,0.6840280294418335,0.6840280294418335,0.27757179737091064,151200
1986-05-01,0.6840280294418335,0.6944440007209778,0.6840280294418335,0.6840280294418335,0.27757179737091064,93600
1986-05-02,0.6840280294418335,0.6840280294418335,0.6840280294418335,0.6840280294418335,0.27757179737091064,14400
1986-05-05,0.6840280294418335,0.6840280294418335,0.6840280294418335,0.6840280294418335,0.27757179737091064,50400
1986-05-06,0.6840280294418335,0.6944440007209778,0.6840280294418335,0.6840280294418335,0.27757179737091064,14400
1986-05-07,0.6840280294418335,0.6944440007209778,0.6840280294418335,0.6944440007209778,0.28179851174354553,72000
1986-05-08,0.6944440007209778,0.6944440007209778,0.6840280294418335,0.6875,0.27898073196411133,36000
1986-05-09,0.6840280294418335,0.6840280294418335,0.6840280294418335,0.6840280294418335,0.27757179737091064,216000
1986-05-12,0.6805559992790222,0.6805559992790222,0.6770830154418945,0.6770830154418945,0.2747536301612854,151200
1986-05-13,0.6770830154418945,0.6770830154418945,0.6770830154418945,0.6770830154418945,0.2747536301612854,43200
1986-05-14,0.6770830154418945,0.6770830154418945,0.6770830154418945,0.6770830154418945,0.2747536301612854,14400
1986-05-15,0.6770830154418945,0.6770830154418945,0.6770830154418945,0.6770830154418945,0.2747536301612854,43200
1986-05-16,0.6770830154418945,0.6875,0.6770830154418945,0.6770830154418945,0.2747536301612854,129600
1986-05-19,0.6805559992790222,0.6909719705581665,0.6805559992790222,0.6805559992790222,0.27616289258003235,331200
1986-05-20,0.6875,0.6979169845581055,0.6875,0.6875,0.27898073196411133,511200
1986-05-21,0.6909719705581665,0.7048609852790833,0.6909719705581665,0.6944440007209778,0.28179851174354553,108000
1986-05-22,0.7048609852790833,0.7048609852790833,0.7048609852790833,0.7048609852790833,0.2860255837440491,7200
1986-05-23,0.7048609852790833,0.7083330154418945,0.6944440007209778,0.7083330154418945,0.287434458732605,244800
1986-05-27,0.6979169845581055,0.6979169845581055,0.6979169845581055,0.6979169845581055,0.28320780396461487,1137600
1986-05-28,0.703125,0.7083330154418945,0.703125,0.7083330154418945,0.287434458732605,403200
1986-05-29,0.7152780294418335,0.7395830154418945,0.7152780294418335,0.7395830154418945,0.3001154065132141,1324800
1986-05-30,0.7395830154418945,0.7465280294418335,0.7395830154418945,0.7465280294418335,0.3029336631298065,115200
1986-06-02,0.7465280294418335,0.7534719705581665,0.7430559992790222,0.7430559992790222,0.3015247881412506,352800
1986-06-03,0.7430559992790222,0.75,0.7395830154418945,0.75,0.3043425381183624,720000
1986-06-04,0.75,0.7534719705581665,0.7395830154418945,0.7534719705581665,0.3057515323162079,482400
1986-06-05,0.7569440007209778,0.7847219705581665,0.7569440007209778,0.7847219705581665,0.318432480096817,453600
1986-06-06,0.7847219705581665,0.8194440007209778,0.7847219705581665,0.8125,0.3297044336795807,360000
1986-06-09,0.8125,0.8298609852790833,0.8055559992790222,0.8055559992790222,0.3268866539001465,360000
1986-06-10,0.8055559992790222,0.8159719705581665,0.8055559992790222,0.8055559992790222,0.3268866539001465,1958400
1986-06-11,0.8055559992790222,0.8125,0.8020830154418945,0.8020830154418945,0.32547736167907715,165600
1986-06-12,0.8020830154418945,0.8125,0.8020830154418945,0.8020830154418945,0.32547736167907715,64800
1986-06-13,0.8020830154418945,0.8090280294418335,0.8020830154418945,0.8090280294418335,0.32829567790031433,216000
1986-06-16,0.8090280294418335,0.8090280294418335,0.8090280294418335,0.8090280294418335,0.32829567790031433,0
1986-06-17,0.8090280294418335,0.8090280294418335,0.8020830154418945,0.8020830154418945,0.32547736167907715,201600
1986-06-18,0.8090280294418335,0.8090280294418335,0.8090280294418335,0.8090280294418335,0.32829567790031433,21600
1986-06-19,0.8090280294418335,0.8090280294418335,0.8020830154418945,0.8090280294418335,0.32829567790031433,28800
1986-06-20,0.8020830154418945,0.8020830154418945,0.8020830154418945,0.8020830154418945,0.32547736167907715,36000
1986-06-23,0.8020830154418945,0.8020830154418945,0.7986109852790833,0.7986109852790833,0.32406842708587646,129600
1986-06-24,0.8020830154418945,0.8090280294418335,0.8020830154418945,0.8055559992790222,0.3268866539001465,1288800
1986-06-25,0.8055559992790222,0.8125,0.8055559992790222,0.8090280294418335,0.32829567790031433,979200
1986-06-26,0.8055559992790222,0.8055559992790222,0.8055559992790222,0.8055559992790222,0.3268866539001465,7200
1986-06-27,0.8107640147209167,0.8142359852790833,0.8107640147209167,0.8142359852790833,0.33040887117385864,936000
1986-06-30,0.8142359852790833,0.8159719705581665,0.8055559992790222,0.8159719705581665,0.331113338470459,439200
1986-07-01,0.8159719705581665,0.8194440007209778,0.8055559992790222,0.8194440007209778,0.33252227306365967,165600
1986-07-02,0.8194440007209778,0.8229169845581055,0.8090280294418335,0.8159719705581665,0.331113338470459,554400
1986-07-03,0.8194440007209778,0.8229169845581055,0.8194440007209778,0.8229169845581055,0.333931565284729,554400
1986-07-07,0.8159719705581665,0.8159719705581665,0.8125,0.8125,0.3297044336795807,187200
1986-07-08,0.8125,0.8125,0.8055559992790222,0.8055559992790222,0.3268866539001465,144000
1986-07-09,0.8055559992790222,0.8090280294418335,0.7673609852790833,0.7743059992790222,0.3142056465148926,590400
1986-07-10,0.7743059992790222,0.7777780294418335,0.7673609852790833,0.7777780294418335,0.3156146705150604,194400
1986-07-11,0.7777780294418335,0.7847219705581665,0.7743059992790222,0.78125,0.31702354550361633,1526400
1986-07-14,0.78125,0.7881940007209778,0.7743059992790222,0.7743059992790222,0.3142056465148926,460800
1986-07-15,0.7743059992790222,0.7743059992790222,0.7743059992790222,0.7743059992790222,0.3142056465148926,86400
1986-07-16,0.7725690007209778,0.7725690007209778,0.7604169845581055,0.7638890147209167,0.3099786341190338,590400
1986-07-17,0.7569440007209778,0.7569440007209778,0.75,0.7569440007209778,0.30716031789779663,266400
1986-07-18,0.7569440007209778,0.7638890147209167,0.7534719705581665,0.7534719705581665,0.3057515323162079,230400
1986-07-21,0.7534719705581665,0.7604169845581055,0.7534719705581665,0.7604169845581055,0.3085697293281555,5076000
1986-07-22,0.7569440007209778,0.7569440007209778,0.7534719705581665,0.7569440007209778,0.30716031789779663,172800
1986-07-23,0.7569440007209778,0.7604169845581055,0.7569440007209778,0.7604169845581055,0.3085697293281555,43200
1986-07-24,0.7604169845581055,0.7604169845581055,0.7604169845581055,0.7604169845581055,0.3085697293281555,0
1986-07-25,0.7604169845581055,0.7604169845581055,0.7604169845581055,0.7604169845581055,0.3085697293281555,7200
1986-07-28,0.7534719705581665,0.7534719705581665,0.75,0.75,0.3043425381183624,180000
1986-07-29,0.75,0.7569440007209778,0.7465280294418335,0.7465280294418335,0.3029336631298065,64800
1986-07-30,0.7430559992790222,0.7430559992790222,0.7291669845581055,0.7326390147209167,0.2972975969314575,309600
1986-07-31,0.7326390147209167,0.7395830154418945,0.7222219705581665,0.7291669845581055,0.2958887815475464,453600
1986-08-01,0.7291669845581055,0.7291669845581055,0.7222219705581665,0.7222219705581665,0.293070524930954,93600
1986-08-04,0.7222219705581665,0.7256940007209778,0.71875,0.7256940007209778,0.29447948932647705,367200
1986-08-05,0.7291669845581055,0.7291669845581055,0.7291669845581055,0.7291669845581055,0.2958887815475464,187200
1986-08-06,0.7291669845581055,0.7291669845581055,0.7291669845581055,0.7291669845581055,0.2958887815475464,0
1986-08-07,0.7361109852790833,0.7361109852790833,0.7361109852790833,0.7361109852790833,0.29870662093162537,36000
1986-08-08,0.7395830154418945,0.7395830154418945,0.7395830154418945,0.7395830154418945,0.3001154065132141,36000
1986-08-11,0.7395830154418945,0.7465280294418335,0.7361109852790833,0.7361109852790833,0.29870662093162537,64800
1986-08-12,0.7361109852790833,0.7465280294418335,0.7361109852790833,0.7378469705581665,0.299410879611969,943200
1986-08-13,0.7361109852790833,0.7361109852790833,0.7361109852790833,0.7361109852790833,0.29870662093162537,79200
1986-08-14,0.7465280294418335,0.7465280294418335,0.7465280294418335,0.7465280294418335,0.3029336631298065,144000
1986-08-15,0.7465280294418335,0.7465280294418335,0.7465280294418335,0.7465280294418335,0.3029336631298065,7200
1986-08-18,0.7465280294418335,0.7465280294418335,0.7465280294418335,0.7465280294418335,0.3029336631298065,7200
1986-08-19,0.7361109852790833,0.7361109852790833,0.7361109852790833,0.7361109852790833,0.29870662093162537,93600
1986-08-20,0.7361109852790833,0.7395830154418945,0.7291669845581055,0.7291669845581055,0.2958887815475464,21600
1986-08-21,0.7291669845581055,0.7291669845581055,0.7291669845581055,0.7291669845581055,0.2958887815475464,100800
1986-08-22,0.7291669845581055,0.7291669845581055,0.7291669845581055,0.7291669845581055,0.2958887815475464,115200
1986-08-25,0.7291669845581055,0.7361109852790833,0.7256940007209778,0.7256940007209778,0.29447948932647705,14400
1986-08-26,0.7256940007209778,0.7256940007209778,0.7256940007209778,0.7256940007209778,0.29447948932647705,0
1986-08-27,0.7256940007209778,0.7256940007209778,0.7256940007209778,0.7256940007209778,0.29447948932647705,7200
1986-08-28,0.7256940007209778,0.7361109852790833,0.7256940007209778,0.7256940007209778,0.29447948932647705,122400
1986-08-29,0.7256940007209778,0.7326390147209167,0.7222219705581665,0.7222219705581665,0.293070524930954,43200
1986-09-02,0.7222219705581665,0.7326390147209167,0.7222219705581665,0.7222219705581665,0.293070524930954,57600
1986-09-03,0.7222219705581665,0.7291669845581055,0.7118059992790222,0.7118059992790222,0.2888438105583191,194400
1986-09-04,0.7083330154418945,0.7083330154418945,0.7048609852790833,0.7083330154418945,0.287434458732605,57600
1986-09-05,0.7013890147209167,0.7013890147209167,0.7013890147209167,0.7013890147209167,0.28461670875549316,100800
1986-09-08,0.7013890147209167,0.7152780294418335,0.6909719705581665,0.6909719705581665,0.28038960695266724,180000
1986-09-09,0.6909719705581665,0.6909719705581665,0.6701390147209167,0.6840280294418335,0.27757179737091064,496800
1986-09-10,0.6840280294418335,0.6840280294418335,0.6736109852790833,0.6736109852790833,0.27334466576576233,108000
1986-09-11,0.6736109852790833,0.6770830154418945,0.6631940007209778,0.6666669845581055,0.27052682638168335,208800
1986-09-12,0.65625,0.65625,0.6284719705581665,0.6354169845581055,0.2578458786010742,439200
1986-09-15,0.6354169845581055,0.6423609852790833,0.625,0.6319440007209778,0.2564365863800049,3146400
1986-09-16,0.6319440007209778,0.6388890147209167,0.6319440007209778,0.6388890147209167,0.2592548429965973,943200
1986-09-17,0.6388890147209167,0.6423609852790833,0.6388890147209167,0.6388890147209167,0.2592548429965973,14400
1986-09-18,0.6388890147209167,0.6388890147209167,0.625,0.625,0.25361886620521545,813600
1986-09-19,0.625,0.625,0.6215280294418335,0.6232640147209167,0.25291430950164795,979200
1986-09-22,0.6232640147209167,0.6319440007209778,0.6215280294418335,0.6215280294418335,0.25220996141433716,388800
1986-09-23,0.6215280294418335,0.6215280294418335,0.6041669845581055,0.6041669845581055,0.24516494572162628,345600
1986-09-24,0.6041669845581055,0.6111109852790833,0.6006940007209778,0.609375,0.2472783476114273,1807200
1986-09-25,0.609375,0.6111109852790833,0.6041669845581055,0.6111109852790833,0.24798277020454407,446400
1986-09-26,0.6111109852790833,0.6180559992790222,0.6111109852790833,0.6145830154418945,0.24939170479774475,885600
1986-09-29,0.6111109852790833,0.6111109852790833,0.6111109852790833,0.6111109852790833,0.24798277020454407,136800
1986-09-30,0.625,0.6493059992790222,0.625,0.6493059992790222,0.2634819447994232,432000
1986-10-01,0.6527780294418335,0.6527780294418335,0.6527780294418335,0.6527780294418335,0.2648908793926239,223200
1986-10-02,0.6527780294418335,0.6597219705581665,0.6493059992790222,0.6597219705581665,0.2677087187767029,590400
1986-10-03,0.6631940007209778,0.6666669845581055,0.6631940007209778,0.6666669845581055,0.27052682638168335,129600
1986-10-06,0.6666669845581055,0.6666669845581055,0.6666669845581055,0.6666669845581055,0.27052682638168335,7200
1986-10-07,0.6666669845581055,0.6666669845581055,0.65625,0.65625,0.2662998139858246,194400
1986-10-08,0.65625,0.65625,0.65625,0.65625,0.2662998139858246,0
1986-10-09,0.65625,0.6631940007209778,0.65625,0.65625,0.2662998139858246,79200
1986-10-10,0.65625,0.65625,0.65625,0.65625,0.2662998139858246,36000
1986-10-13,0.6631940007209778,0.6666669845581055,0.6631940007209778,0.6666669845581055,0.27052682638168335,144000
1986-10-14,0.6666669845581055,0.6666669845581055,0.65625,0.6631940007209778,0.2691175043582916,79200
1986-10-15,0.6666669845581055,0.6805559992790222,0.6666669845581055,0.6805559992790222,0.27616289258003235,302400
1986-10-16,0.6805559992790222,0.6805559992790222,0.6701390147209167,0.6701390147209167,0.27193576097488403,201600
1986-10-17,0.6701390147209167,0.6736109852790833,0.6666669845581055,0.6736109852790833,0.27334466576576233,57600
1986-10-20,0.6597219705581665,0.6597219705581665,0.65625,0.65625,0.2662998139858246,324000
1986-10-21,0.65625,0.65625,0.65625,0.65625,0.2662998139858246,144000
1986-10-22,0.65625,0.65625,0.65625,0.65625,0.2662998139858246,0
1986-10-23,0.65625,0.6666669845581055,0.65625,0.6666669845581055,0.27052682638168335,194400
1986-10-24,0.6666669845581055,0.6666669845581055,0.6666669845581055,0.6666669845581055,0.27052682638168335,7200
1986-10-27,0.6666669845581055,0.6666669845581055,0.6649309992790222,0.6649309992790222,0.26982244849205017,72000
1986-10-28,0.6631940007209778,0.6631940007209778,0.65625,0.6631940007209778,0.2691175043582916,201600
1986-10-29,0.6631940007209778,0.6666669845581055,0.65625,0.6631940007209778,0.2691175043582916,35020800
1986-10-30,0.6631940007209778,0.6631940007209778,0.6631940007209778,0.6631940007209778,0.2691175043582916,216000
1986-10-31,0.6666669845581055,0.6736109852790833,0.6666669845581055,0.6736109852790833,0.27334466576576233,489600
1986-11-03,0.6701390147209167,0.6701390147209167,0.6666669845581055,0.6701390147209167,0.27193576097488403,741600
1986-11-04,0.6701390147209167,0.6770830154418945,0.6701390147209167,0.6770830154418945,0.2747536301612854,1382400
1986-11-05,0.6770830154418945,0.6770830154418945,0.6770830154418945,0.6770830154418945,0.2747536301612854,180000
1986-11-06,0.6770830154418945,0.6770830154418945,0.6701390147209167,0.6701390147209167,0.27193576097488403,172800
1986-11-07,0.6770830154418945,0.6770830154418945,0.6770830154418945,0.6770830154418945,0.2747536301612854,36000
1986-11-10,0.6770830154418945,0.6770830154418945,0.6666669845581055,0.6770830154418945,0.2747536301612854,252000
1986-11-11,0.6770830154418945,0.6770830154418945,0.6666669845581055,0.6736109852790833,0.27334466576576233,324000
1986-11-12,0.6736109852790833,0.6736109852790833,0.6736109852790833,0.6736109852790833,0.27334466576576233,7200
1986-11-13,0.6736109852790833,0.6736109852790833,0.6736109852790833,0.6736109852790833,0.27334466576576233,36000
1986-11-14,0.6736109852790833,0.6736109852790833,0.6631940007209778,0.6631940007209778,0.2691175043582916,302400
1986-11-17,0.6631940007209778,0.6631940007209778,0.6631940007209778,0.6631940007209778,0.2691175043582916,280800
1986-11-18,0.6597219705581665,0.6597219705581665,0.6597219705581665,0.6597219705581665,0.2677087187767029,108000
1986-11-19,0.6597219705581665,0.6597219705581665,0.6493059992790222,0.6527780294418335,0.2648908793926239,151200
1986-11-20,0.6493059992790222,0.6493059992790222,0.6493059992790222,0.6493059992790222,0.2634819447994232,7200
1986-11-21,0.65625,0.6597219705581665,0.65625,0.65625,0.2662998139858246,43200
1986-11-24,0.65625,0.6597219705581665,0.6493059992790222,0.65625,0.2662998139858246,1216800
1986-11-25,0.65625,0.65625,0.6493059992790222,0.65625,0.2662998139858246,151200
1986-11-26,0.65625,0.65625,0.6527780294418335,0.65625,0.2662998139858246,1159200
1986-11-28,0.65625,0.6597219705581665,0.6527780294418335,0.6527780294418335,0.2648908793926239,108000
1986-12-01,0.6545140147209167,0.6597219705581665,0.6545140147209167,0.6597219705581665,0.2677087187767029,72000
1986-12-02,0.6597219705581665,0.6597219705581665,0.6527780294418335,0.6527780294418335,0.2648908793926239,2527200
1986-12-03,0.6527780294418335,0.6527780294418335,0.6527780294418335,0.6527780294418335,0.2648908793926239,14400
1986-12-04,0.6527780294418335,0.6597219705581665,0.6527780294418335,0.6597219705581665,0.2677087187767029,331200
1986-12-05,0.6631940007209778,0.6631940007209778,0.6631940007209778,0.6631940007209778,0.2691175043582916,86400
1986-12-08,0.65625,0.65625,0.6527780294418335,0.65625,0.2662998139858246,122400
1986-12-09,0.65625,0.6631940007209778,0.65625,0.6631940007209778,0.2691175043582916,460800
1986-12-10,0.6631940007209778,0.6753469705581665,0.65625,0.6753469705581665,0.2740491032600403,367200
1986-12-11,0.6701390147209167,0.6701390147209167,0.6701390147209167,0.6701390147209167,0.27193576097488403,28800
1986-12-12,0.6701390147209167,0.6805559992790222,0.6701390147209167,0.6701390147209167,0.27193576097488403,72000
1986-12-15,0.6701390147209167,0.6701390147209167,0.6701390147209167,0.6701390147209167,0.27193576097488403,151200
1986-12-16,0.6701390147209167,0.6805559992790222,0.6701390147209167,0.6770830154418945,0.2747536301612854,374400
1986-12-17,0.6770830154418945,0.6805559992790222,0.6736109852790833,0.6736109852790833,0.27334466576576233,151200
1986-12-18,0.6736109852790833,0.6805559992790222,0.6701390147209167,0.6701390147209167,0.27193576097488403,540000
1986-12-19,0.6701390147209167,0.6805559992790222,0.6701390147209167,0.6701390147209167,0.27193576097488403,93600
1986-12-22,0.6701390147209167,0.6805559992790222,0.6701390147209167,0.6805559992790222,0.27616289258003235,662400
1986-12-23,0.6805559992790222,0.6805559992790222,0.6753469705581665,0.6805559992790222,0.27616289258003235,252000
1986-12-24,0.6805559992790222,0.6840280294418335,0.6770830154418945,0.6770830154418945,0.2747536301612854,194400
1986-12-26,0.6770830154418945,0.6770830154418945,0.6770830154418945,0.6770830154418945,0.2747536301612854,0
1986-12-29,0.6736109852790833,0.6736109852790833,0.6736109852790833,0.6736109852790833,0.27334466576576233,93600
1986-12-30,0.6736109852790833,0.6805559992790222,0.6736109852790833,0.6805559992790222,0.27616289258003235,136800
1986-12-31,0.6805559992790222,0.6805559992790222,0.6736109852790833,0.6736109852790833,0.27334466576576233,72000
1987-01-02,0.6736109852790833,0.6840280294418335,0.6736109852790833,0.6840280294418335,0.27757179737091064,1087200
1987-01-05,0.6840280294418335,0.6979169845581055,0.6736109852790833,0.6979169845581055,0.28320780396461487,691200
1987-01-06,0.7013890147209167,0.7118059992790222,0.7013890147209167,0.7118059992790222,0.2888438105583191,900000
1987-01-07,0.7118059992790222,0.7256940007209778,0.7118059992790222,0.7256940007209778,0.29447948932647705,403200
1987-01-08,0.7256940007209778,0.7326390147209167,0.71875,0.7291669845581055,0.2958887815475464,482400
1987-01-09,0.7395830154418945,0.75,0.7395830154418945,0.75,0.3043425381183624,266400
1987-01-12,0.75,0.75,0.75,0.75,0.3043425381183624,100800
1987-01-13,0.7430559992790222,0.7430559992790222,0.7361109852790833,0.7430559992790222,0.3015247881412506,806400
1987-01-14,0.7430559992790222,0.7430559992790222,0.7326390147209167,0.7326390147209167,0.2972975969314575,381600
1987-01-15,0.7430559992790222,0.7569440007209778,0.7430559992790222,0.7569440007209778,0.30716031789779663,453600
1987-01-16,0.7569440007209778,0.7673609852790833,0.7569440007209778,0.7673609852790833,0.31138738989830017,424800
1987-01-19,0.7673609852790833,0.7673609852790833,0.7673609852790833,0.7673609852790833,0.31138738989830017,43200
1987-01-20,0.7569440007209778,0.7569440007209778,0.7569440007209778,0.7569440007209778,0.30716031789779663,57600
1987-01-21,0.7569440007209778,0.7569440007209778,0.7569440007209778,0.7569440007209778,0.30716031789779663,0
1987-01-22,0.7673609852790833,0.7673609852790833,0.7673609852790833,0.7673609852790833,0.31138738989830017,43200
1987-01-23,0.7673609852790833,0.7777780294418335,0.7604169845581055,0.7673609852790833,0.31138738989830017,1936800
1987-01-26,0.7673609852790833,0.7743059992790222,0.7673609852790833,0.7743059992790222,0.3142056465148926,2361600
1987-01-27,0.7743059992790222,0.7777780294418335,0.7708330154418945,0.7708330154418945,0.31279638409614563,158400
1987-01-28,0.7708330154418945,0.78125,0.7673609852790833,0.7673609852790833,0.31138738989830017,6840000
1987-01-29,0.7708330154418945,0.7829859852790833,0.7708330154418945,0.78125,0.31702354550361633,9511200
1987-01-30,0.78125,0.78125,0.7743059992790222,0.7743059992790222,0.3142056465148926,64800
1987-02-02,0.7743059992790222,0.7847219705581665,0.7743059992790222,0.7777780294418335,0.3156146705150604,79200
1987-02-03,0.7777780294418335,0.7881940007209778,0.7777780294418335,0.7881940007209778,0.3198413848876953,259200
1987-02-04,0.7881940007209778,0.7951390147209167,0.7847219705581665,0.7951390147209167,0.3226594626903534,108000
1987-02-05,0.7951390147209167,0.8020830154418945,0.7951390147209167,0.8020830154418945,0.32547736167907715,86400
1987-02-06,0.8020830154418945,0.8020830154418945,0.7951390147209167,0.8020830154418945,0.32547736167907715,57600
1987-02-09,0.8020830154418945,0.8020830154418945,0.8020830154418945,0.8020830154418945,0.32547736167907715,14400
1987-02-10,0.8020830154418945,0.8020830154418945,0.7986109852790833,0.8020830154418945,0.32547736167907715,266400
1987-02-11,0.8003469705581665,0.8003469705581665,0.7916669845581055,0.796875,0.3233639597892761,792000
1987-02-12,0.796875,0.796875,0.796875,0.796875,0.3233639597892761,0
1987-02-13,0.8020830154418945,0.8020830154418945,0.8020830154418945,0.8020830154418945,0.32547736167907715,43200
1987-02-17,0.8020830154418945,0.8020830154418945,0.7951390147209167,0.7951390147209167,0.3226594626903534,100800
1987-02-18,0.7986109852790833,0.8020830154418945,0.7986109852790833,0.8020830154418945,0.32547736167907715,662400
1987-02-19,0.8020830154418945,0.8090280294418335,0.8020830154418945,0.8090280294418335,0.32829567790031433,468000
1987-02-20,0.8125,0.8263890147209167,0.8125,0.8263890147209167,0.3353405296802521,288000
1987-02-23,0.8263890147209167,0.8541669845581055,0.8159719705581665,0.84375,0.342385470867157,2296800
1987-02-24,0.8506940007209778,0.9097219705581665,0.8506940007209778,0.8923609852790833,0.3621112108230591,1656000
1987-02-25,0.8923609852790833,0.8958330154418945,0.890625,0.890625,0.36140674352645874,64800
1987-02-26,0.890625,0.8958330154418945,0.8819440007209778,0.8819440007209778,0.3578842282295227,1620000
1987-02-27,0.8819440007209778,0.8923609852790833,0.8819440007209778,0.8819440007209778,0.3578842282295227,180000
1987-03-02,0.8854169845581055,0.8958330154418945,0.8854169845581055,0.8923609852790833,0.3621112108230591,230400
1987-03-03,0.8888890147209167,0.8888890147209167,0.8819440007209778,0.8819440007209778,0.3578842282295227,1108800
1987-03-04,0.8819440007209778,0.8958330154418945,0.8819440007209778,0.8958330154418945,0.3635200560092926,1324800
1987-03-05,0.8958330154418945,0.8958330154418945,0.8888890147209167,0.8888890147209167,0.3607023060321808,309600
1987-03-06,0.8888890147209167,0.8958330154418945,0.8888890147209167,0.8958330154418945,0.3635200560092926,165600
1987-03-09,0.8958330154418945,0.8958330154418945,0.8854169845581055,0.8958330154418945,0.3635200560092926,266400
1987-03-10,0.8888890147209167,0.8888890147209167,0.8888890147209167,0.8888890147209167,0.36120641231536865,14400
1987-03-11,0.8888890147209167,0.9027780294418335,0.8888890147209167,0.8993059992790222,0.36543944478034973,324000
1987-03-12,0.8993059992790222,0.9027780294418335,0.8923609852790833,0.8923609852790833,0.362617164850235,72000
1987-03-13,0.8923609852790833,0.9027780294418335,0.8923609852790833,0.8993059992790222,0.36543944478034973,194400
1987-03-16,0.8993059992790222,0.9097219705581665,0.8958330154418945,0.8993059992790222,0.36543944478034973,633600
1987-03-17,0.8993059992790222,0.9548609852790833,0.8993059992790222,0.9444440007209778,0.3837815523147583,1771200
1987-03-18,0.9444440007209778,0.9444440007209778,0.9305559992790222,0.9305559992790222,0.37813800573349,2793600
1987-03-19,0.9305559992790222,0.9444440007209778,0.9305559992790222,0.9444440007209778,0.3837815523147583,100800
1987-03-20,0.9305559992790222,0.9305559992790222,0.9270830154418945,0.9270830154418945,0.37672677636146545,410400
1987-03-23,0.9270830154418945,0.9409719705581665,0.9236109852790833,0.9409719705581665,0.3823707103729248,417600
1987-03-24,0.9375,0.9375,0.9236109852790833,0.9375,0.38095971941947937,403200
1987-03-25,0.9236109852790833,0.9236109852790833,0.9236109852790833,0.9236109852790833,0.3753158152103424,201600
1987-03-26,0.9236109852790833,0.9236109852790833,0.9166669845581055,0.9166669845581055,0.3724941909313202,770400
1987-03-27,0.9166669845581055,0.9305559992790222,0.9166669845581055,0.9166669845581055,0.3724941909313202,100800
1987-03-30,0.9166669845581055,0.9236109852790833,0.9027780294418335,0.9027780294418335,0.3668504059314728,720000
1987-03-31,0.9027780294418335,0.9166669845581055,0.8993059992790222,0.9027780294418335,0.3668504059314728,720000
1987-04-01,0.9027780294418335,0.9166669845581055,0.8993059992790222,0.9027780294418335,0.3668504059314728,900000
1987-04-02,0.9097219705581665,0.9166669845581055,0.9097219705581665,0.9166669845581055,0.3724941909313202,1375200
1987-04-03,0.9166669845581055,0.9166669845581055,0.9166669845581055,0.9166669845581055,0.3724941909313202,10800
1987-04-06,0.9166669845581055,0.9166669845581055,0.8888890147209167,0.9166669845581055,0.3724941909313202,144000
1987-04-07,0.9166669845581055,0.9166669845581055,0.9166669845581055,0.9166669845581055,0.3724941909313202,50400
1987-04-08,0.9166669845581055,0.9166669845581055,0.9027780294418335,0.9166669845581055,0.3724941909313202,244800
1987-04-09,0.9166669845581055,0.9305559992790222,0.9027780294418335,0.9027780294418335,0.3668504059314728,79200
1987-04-10,0.9027780294418335,0.9166669845581055,0.9027780294418335,0.9027780294418335,0.3668504059314728,414000
1987-04-13,0.9027780294418335,0.9166669845581055,0.9027780294418335,0.9027780294418335,0.3668504059314728,291600
1987-04-14,0.9027780294418335,0.9027780294418335,0.875,0.8958330154418945,0.3640281856060028,403200
1987-04-15,0.8958330154418945,0.8958330154418945,0.8611109852790833,0.8611109852790833,0.3499186635017395,2901600
1987-04-16,0.8611109852790833,0.8958330154418945,0.8611109852790833,0.8888890147209167,0.36120641231536865,367200
1987-04-20,0.8888890147209167,0.9027780294418335,0.8611109852790833,0.8888890147209167,0.36120641231536865,223200
1987-04-21,0.8888890147209167,0.9027780294418335,0.8611109852790833,0.8819440007209778,0.35838428139686584,705600
1987-04-22,0.8819440007209778,0.9027780294418335,0.8715280294418335,0.9027780294418335,0.3668504059314728,1292400
1987-04-23,0.9027780294418335,0.9027780294418335,0.9027780294418335,0.9027780294418335,0.3668504059314728,7200
1987-04-24,0.8819440007209778,0.8819440007209778,0.8611109852790833,0.8611109852790833,0.3499186635017395,201600
1987-04-27,0.8611109852790833,0.8888890147209167,0.8611109852790833,0.8680559992790222,0.3527405858039856,165600
1987-04-28,0.8680559992790222,0.8680559992790222,0.8680559992790222,0.8680559992790222,0.3527405858039856,25200
1987-04-29,0.8611109852790833,0.8611109852790833,0.8333330154418945,0.8611109852790833,0.3499186635017395,115200
1987-04-30,0.8611109852790833,0.8611109852790833,0.8611109852790833,0.8611109852790833,0.3499186635017395,36000
1987-05-01,0.8611109852790833,0.8611109852790833,0.8333330154418945,0.8333330154418945,0.3386307954788208,345600
1987-05-04,0.8333330154418945,0.8611109852790833,0.8333330154418945,0.8611109852790833,0.3499186635017395,68400
1987-05-05,0.8611109852790833,0.8611109852790833,0.8611109852790833,0.8611109852790833,0.3499186635017395,97200
1987-05-06,0.8611109852790833,0.875,0.8472219705581665,0.8611109852790833,0.3499186635017395,136800
1987-05-07,0.875,0.875,0.875,0.875,0.3555624783039093,25200
1987-05-08,0.875,0.8888890147209167,0.875,0.8888890147209167,0.36120641231536865,25200
1987-05-11,0.8888890147209167,0.8888890147209167,0.8472219705581665,0.8888890147209167,0.36120641231536865,50400
1987-05-12,0.875,0.875,0.8472219705581665,0.875,0.3555624783039093,54000
1987-05-13,0.875,0.9027780294418335,0.875,0.8993059992790222,0.36543944478034973,968400
1987-05-14,0.8993059992790222,0.9166669845581055,0.875,0.9166669845581055,0.3724941909313202,568800
1987-05-15,0.9166669845581055,0.9166669845581055,0.9166669845581055,0.9166669845581055,0.3724941909313202,72000
1987-05-18,0.9027780294418335,0.9027780294418335,0.875,0.875,0.3555624783039093,442800
1987-05-19,0.9027780294418335,0.9027780294418335,0.9027780294418335,0.9027780294418335,0.3668504059314728,18000
1987-05-20,0.9027780294418335,0.9027780294418335,0.8958330154418945,0.9027780294418335,0.3668504059314728,201600
1987-05-21,0.8888890147209167,0.8888890147209167,0.8541669845581055,0.875,0.3555624783039093,313200
1987-05-22,0.875,0.8888890147209167,0.8541669845581055,0.8541669845581055,0.34709683060646057,72000
1987-05-26,0.8541669845581055,0.8888890147209167,0.8541669845581055,0.8541669845581055,0.34709683060646057,82800
1987-05-27,0.8541669845581055,0.8888890147209167,0.8541669845581055,0.8888890147209167,0.36120641231536865,10800
1987-05-28,0.8888890147209167,0.8888890147209167,0.8402780294418335,0.8472219705581665,0.3442745804786682,17715600
1987-05-29,0.8472219705581665,0.8611109852790833,0.8402780294418335,0.8611109852790833,0.3499186635017395,1540800
1987-06-01,0.8611109852790833,0.8888890147209167,0.8576390147209167,0.8611109852790833,0.3499186635017395,309600
1987-06-02,0.8611109852790833,0.8611109852790833,0.8541669845581055,0.8541669845581055,0.34709683060646057,144000
1987-06-03,0.8541669845581055,0.8888890147209167,0.8541669845581055,0.8888890147209167,0.36120641231536865,10800
1987-06-04,0.8888890147209167,0.8888890147209167,0.8541669845581055,0.8541669845581055,0.34709683060646057,28800
1987-06-05,0.8541669845581055,0.8888890147209167,0.8402780294418335,0.8472219705581665,0.3442745804786682,1036800
1987-06-08,0.8472219705581665,0.8888890147209167,0.8472219705581665,0.8611109852790833,0.3499186635017395,1029600
1987-06-09,0.8888890147209167,0.8888890147209167,0.8888890147209167,0.8888890147209167,0.36120641231536865,28800
1987-06-10,0.8888890147209167,0.8888890147209167,0.8472219705581665,0.8888890147209167,0.36120641231536865,4179600
1987-06-11,0.8611109852790833,0.8611109852790833,0.8611109852790833,0.8611109852790833,0.3499186635017395,18000
1987-06-12,0.8888890147209167,0.9027780294418335,0.8888890147209167,0.9027780294418335,0.3668504059314728,302400
1987-06-15,0.9027780294418335,0.9166669845581055,0.875,0.9166669845581055,0.3724941909313202,79200
1987-06-16,0.9166669845581055,0.9166669845581055,0.8819440007209778,0.9166669845581055,0.3724941909313202,212400
1987-06-17,0.9166669845581055,0.9166669845581055,0.8888890147209167,0.9166669845581055,0.3724941909313202,608400
1987-06-18,0.9166669845581055,0.9305559992790222,0.8888890147209167,0.8888890147209167,0.36120641231536865,64800
1987-06-19,0.8888890147209167,0.9305559992790222,0.8888890147209167,0.9166669845581055,0.3724941909313202,284400
1987-06-22,0.9166669845581055,0.9236109852790833,0.8888890147209167,0.8888890147209167,0.36120641231536865,446400
1987-06-23,0.8888890147209167,0.9236109852790833,0.8888890147209167,0.8888890147209167,0.36120641231536865,1008000
1987-06-24,0.8888890147209167,0.9305559992790222,0.8888890147209167,0.9166669845581055,0.3724941909313202,64800
1987-06-25,0.9166669845581055,0.9166669845581055,0.9166669845581055,0.9166669845581055,0.3724941909313202,7200
1987-06-26,0.9305559992790222,0.9305559992790222,0.9305559992790222,0.9305559992790222,0.37813800573349,280800
1987-06-29,0.9305559992790222,0.9444440007209778,0.9166669845581055,0.9444440007209778,0.3837815523147583,291600
1987-06-30,0.9444440007209778,0.9444440007209778,0.9097219705581665,0.9375,0.38095971941947937,9460800
1987-07-01,0.9375,0.9652780294418335,0.9236109852790833,0.9618059992790222,0.39083677530288696,3574800
1987-07-02,0.9652780294418335,0.9861109852790833,0.9652780294418335,0.9722219705581665,0.3950692415237427,61200
1987-07-06,0.9722219705581665,0.9930559992790222,0.9513890147209167,0.9861109852790833,0.40071314573287964,144000
1987-07-07,0.9861109852790833,0.9861109852790833,0.9618059992790222,0.9618059992790222,0.39083677530288696,61200
1987-07-08,0.9791669845581055,1.0,0.9791669845581055,1.0,0.40635719895362854,230400
1987-07-09,1.0,1.006943941116333,0.9722219705581665,0.9861109852790833,0.40071314573287964,208800
1987-07-10,0.9861109852790833,1.013888955116272,0.9722219705581665,1.0,0.40635719895362854,140400
1987-07-13,1.0,1.0277780294418335,0.9965280294418335,1.0277780294418335,0.4176448583602905,165600
1987-07-14,1.0277780294418335,1.0833330154418945,1.0,1.055556058883667,0.4289325475692749,622800
1987-07-15,1.055556058883667,1.0833330154418945,1.048611044883728,1.048611044883728,0.4261106550693512,349200
1987-07-16,1.048611044883728,1.055556058883667,1.048611044883728,1.048611044883728,0.4261106550693512,36000
1987-07-17,1.048611044883728,1.069443941116333,1.048611044883728,1.069443941116333,0.43457627296447754,370800
1987-07-20,1.069443941116333,1.069443941116333,1.0347219705581665,1.0347219705581665,0.4204665720462799,100800
1987-07-21,1.0347219705581665,1.055556058883667,1.0277780294418335,1.0277780294418335,0.4176448583602905,216000
1987-07-22,1.0277780294418335,1.0416669845581055,1.0,1.0,0.40635719895362854,183600
1987-07-23,1.0,1.0277780294418335,1.0,1.0277780294418335,0.4176448583602905,835200
1987-07-24,1.0277780294418335,1.0277780294418335,0.9930559992790222,0.9930559992790222,0.4035354256629944,507600
1987-07-27,0.9930559992790222,1.013888955116272,0.9930559992790222,0.9930559992790222,0.4035354256629944,968400
1987-07-28,0.9930559992790222,1.0277780294418335,0.9861109852790833,1.0104169845581055,0.4105900526046753,100800
1987-07-29,1.0104169845581055,1.0104169845581055,1.0,1.0104169845581055,0.4105900526046753,54000
1987-07-30,1.0104169845581055,1.0104169845581055,0.9791669845581055,0.9861109852790833,0.40071314573287964,82800
1987-07-31,0.9861109852790833,1.0104169845581055,0.9861109852790833,1.006943941116333,0.409178763628006,460800
1987-08-03,1.0,1.0,0.9861109852790833,0.9930559992790222,0.4035354256629944,284400
1987-08-04,0.9930559992790222,1.0,0.9861109852790833,0.9861109852790833,0.40071314573287964,396000
1987-08-05,0.9895830154418945,1.0,0.9895830154418945,1.0,0.40635719895362854,370800
1987-08-06,1.0,1.0,0.9861109852790833,0.9861109852790833,0.40071314573287964,1454400
1987-08-07,0.9861109852790833,1.0,0.9861109852790833,1.0,0.40635719895362854,824400
1987-08-10,1.0,1.013888955116272,0.9930559992790222,1.013888955116272,0.41200098395347595,464400
1987-08-11,1.013888955116272,1.0347219705581665,1.0,1.013888955116272,0.41200098395347595,291600
1987-08-12,1.013888955116272,1.0416669845581055,1.013888955116272,1.0416669845581055,0.42328858375549316,1144800
1987-08-13,1.048611044883728,1.055556058883667,1.048611044883728,1.048611044883728,0.4261106550693512,147600
1987-08-14,1.055556058883667,1.0625,1.055556058883667,1.0625,0.43175432085990906,28800
1987-08-17,1.055556058883667,1.055556058883667,1.055556058883667,1.055556058883667,0.4289325475692749,7200
1987-08-18,1.055556058883667,1.0625,1.0347219705581665,1.0347219705581665,0.4204665720462799,108000
1987-08-19,1.0416669845581055,1.069443941116333,1.0416669845581055,1.069443941116333,0.43457627296447754,169200
1987-08-20,1.069443941116333,1.0972219705581665,1.048611044883728,1.0902780294418335,0.44304224848747253,1112400
1987-08-21,1.0902780294418335,1.1041669845581055,1.0833330154418945,1.1041669845581055,0.44868606328964233,18000
1987-08-24,1.1041669845581055,1.125,1.0902780294418335,1.118056058883667,0.4543299376964569,54000
1987-08-25,1.118056058883667,1.118056058883667,1.0833330154418945,1.111111044883728,0.45150792598724365,54000
1987-08-26,1.111111044883728,1.118056058883667,1.0902780294418335,1.0902780294418335,0.44304224848747253,133200
1987-08-27,1.0902780294418335,1.111111044883728,1.0833330154418945,1.0833330154418945,0.4402201771736145,316800
1987-08-28,1.0833330154418945,1.0972219705581665,1.076388955116272,1.076388955116272,0.43739834427833557,43200
1987-08-31,1.069443941116333,1.069443941116333,1.0416669845581055,1.0625,0.43175432085990906,165600
1987-09-01,1.055556058883667,1.055556058883667,1.048611044883728,1.048611044883728,0.4261106550693512,410400
1987-09-02,1.048611044883728,1.055556058883667,1.013888955116272,1.0277780294418335,0.4176448583602905,669600
1987-09-03,1.0277780294418335,1.0416669845581055,1.0,1.0416669845581055,0.42328858375549316,622800
1987-09-04,1.0416669845581055,1.0416669845581055,1.0277780294418335,1.0416669845581055,0.42328858375549316,540000
1987-09-08,1.0347219705581665,1.0347219705581665,1.0277780294418335,1.0277780294418335,0.4176448583602905,349200
1987-09-09,1.0277780294418335,1.0416669845581055,1.013888955116272,1.0416669845581055,0.42328858375549316,21600
1987-09-10,1.0416669845581055,1.0416669845581055,1.0347219705581665,1.0347219705581665,0.4204665720462799,75600
1987-09-11,1.0347219705581665,1.0416669845581055,1.013888955116272,1.0416669845581055,0.42328858375549316,2721600
1987-09-14,1.0277780294418335,1.0277780294418335,1.0277780294418335,1.0277780294418335,0.4176448583602905,18000
1987-09-15,1.0277780294418335,1.0277780294418335,1.013888955116272,1.0277780294418335,0.4176448583602905,57600
1987-09-16,1.0277780294418335,1.0277780294418335,1.013888955116272,1.0277780294418335,0.4176448583602905,43200
1987-09-17,1.013888955116272,1.013888955116272,1.0,1.0,0.40635719895362854,194400
1987-09-18,1.0,1.0208330154418945,0.9444440007209778,0.9444440007209778,0.3837815523147583,410400
1987-09-21,0.9444440007209778,0.9444440007209778,0.9305559992790222,0.9305559992790222,0.37813800573349,1360800
1987-09-22,0.9305559992790222,0.9444440007209778,0.9305559992790222,0.9305559992790222,0.37813800573349,3232800
1987-09-23,0.9305559992790222,0.9444440007209778,0.9305559992790222,0.9305559992790222,0.37813800573349,1191600
1987-09-24,0.9305559992790222,0.9583330154418945,0.9305559992790222,0.9583330154418945,0.3894254267215729,694800
1987-09-25,0.9583330154418945,0.9930559992790222,0.9583330154418945,0.9583330154418945,0.3894254267215729,79200
1987-09-28,0.9652780294418335,0.9930559992790222,0.9652780294418335,0.9722219705581665,0.3950692415237427,374400
1987-09-29,0.9722219705581665,0.9791669845581055,0.9652780294418335,0.9791669845581055,0.39789146184921265,183600
1987-09-30,0.9930559992790222,0.9930559992790222,0.9930559992790222,0.9930559992790222,0.4035354256629944,25200
1987-10-01,0.9930559992790222,0.9930559992790222,0.9756940007209778,0.9756940007209778,0.3964802622795105,626400
1987-10-02,0.9756940007209778,0.9930559992790222,0.9652780294418335,0.9930559992790222,0.4035354256629944,57600
1987-10-05,0.9930559992790222,0.9930559992790222,0.9722219705581665,0.9722219705581665,0.3950692415237427,612000
1987-10-06,0.9861109852790833,1.0,0.9861109852790833,1.0,0.40635719895362854,115200
1987-10-07,1.0,1.006943941116333,0.9861109852790833,1.006943941116333,0.409178763628006,345600
1987-10-08,1.0,1.0,0.9861109852790833,0.9861109852790833,0.40071314573287964,2170800
1987-10-09,0.9861109852790833,1.0,0.9861109852790833,0.9861109852790833,0.40071314573287964,180000
1987-10-12,0.9861109852790833,0.9930559992790222,0.9791669845581055,0.9930559992790222,0.4035354256629944,352800
1987-10-13,0.9930559992790222,1.0,0.9930559992790222,1.0,0.40635719895362854,410400
1987-10-14,1.0,1.0,0.9861109852790833,1.0,0.40635719895362854,680400
1987-10-15,1.0,1.0,0.9930559992790222,0.9930559992790222,0.4035354256629944,1018800
1987-10-16,0.9930559992790222,1.0,0.9513890147209167,0.9513890147209167,0.38660380244255066,637200
1987-10-19,0.9444440007209778,0.9444440007209778,0.875,0.875,0.3555624783039093,622800
1987-10-20,0.875,0.875,0.7916669845581055,0.8194440007209778,0.33298686146736145,2350800
1987-10-21,0.8194440007209778,0.8194440007209778,0.7708330154418945,0.7777780294418335,0.31605562567710876,1602000
1987-10-22,0.7777780294418335,0.7847219705581665,0.75,0.75,0.3047676980495453,2041200
1987-10-23,0.75,0.7638890147209167,0.7361109852790833,0.7361109852790833,0.2991238832473755,194400
1987-10-26,0.7361109852790833,0.75,0.7152780294418335,0.7291669845581055,0.2963021993637085,1144800
1987-10-27,0.7291669845581055,0.7361109852790833,0.6805559992790222,0.6805559992790222,0.276548832654953,2106000
1987-10-28,0.6805559992790222,0.6805559992790222,0.6388890147209167,0.6527780294418335,0.26526105403900146,655200
1987-10-29,0.6527780294418335,0.7083330154418945,0.6458330154418945,0.7083330154418945,0.28783607482910156,1191600
1987-10-30,0.7222219705581665,0.7638890147209167,0.7222219705581665,0.7569440007209778,0.3075896203517914,730800
1987-11-02,0.7569440007209778,0.7777780294418335,0.75,0.7777780294418335,0.31605562567710876,1076400
1987-11-03,0.7777780294418335,0.7777780294418335,0.75,0.7638890147209167,0.3104116916656494,885600
1987-11-04,0.75,0.75,0.7361109852790833,0.7361109852790833,0.2991238832473755,493200
1987-11-05,0.7361109852790833,0.7430559992790222,0.7222219705581665,0.7326390147209167,0.2977130711078644,856800
1987-11-06,0.7326390147209167,0.7430559992790222,0.7222219705581665,0.7361109852790833,0.2991238832473755,874800
1987-11-09,0.7222219705581665,0.7222219705581665,0.7118059992790222,0.7222219705581665,0.2934800982475281,147600
1987-11-10,0.7222219705581665,0.7222219705581665,0.7083330154418945,0.7083330154418945,0.28783607482910156,4532400
1987-11-11,0.7083330154418945,0.7083330154418945,0.7083330154418945,0.7083330154418945,0.28783607482910156,57600
1987-11-12,0.7222219705581665,0.7222219705581665,0.7222219705581665,0.7222219705581665,0.2934800982475281,68400
1987-11-13,0.7118059992790222,0.7118059992790222,0.7048609852790833,0.7118059992790222,0.28924739360809326,86400
1987-11-16,0.7152780294418335,0.7222219705581665,0.7152780294418335,0.7152780294418335,0.2906583547592163,730800
1987-11-17,0.7152780294418335,0.7152780294418335,0.7013890147209167,0.7013890147209167,0.28501442074775696,547200
1987-11-18,0.7083330154418945,0.7152780294418335,0.7083330154418945,0.7083330154418945,0.28783607482910156,50400
1987-11-19,0.7083330154418945,0.7152780294418335,0.7083330154418945,0.7083330154418945,0.28783607482910156,82800
1987-11-20,0.7083330154418945,0.7083330154418945,0.6944440007209778,0.6944440007209778,0.2821923494338989,291600
1987-11-23,0.6944440007209778,0.7013890147209167,0.6909719705581665,0.7013890147209167,0.28501442074775696,3344400
1987-11-24,0.7013890147209167,0.7013890147209167,0.6875,0.7013890147209167,0.28501442074775696,1047600
1987-11-25,0.6944440007209778,0.6944440007209778,0.6666669845581055,0.6944440007209778,0.2821923494338989,277200
1987-11-27,0.6944440007209778,0.6944440007209778,0.6736109852790833,0.6875,0.2793705463409424,136800
1987-11-30,0.6736109852790833,0.6736109852790833,0.6319440007209778,0.6319440007209778,0.2567949891090393,424800
1987-12-01,0.6388890147209167,0.6666669845581055,0.6388890147209167,0.6527780294418335,0.26526105403900146,108000
1987-12-02,0.6527780294418335,0.6666669845581055,0.6388890147209167,0.6666669845581055,0.27090486884117126,187200
1987-12-03,0.6666669845581055,0.6805559992790222,0.6458330154418945,0.6458330154418945,0.2624388337135315,1267200
1987-12-04,0.6458330154418945,0.6631940007209778,0.6458330154418945,0.6527780294418335,0.26526105403900146,255600
1987-12-07,0.6527780294418335,0.6527780294418335,0.6458330154418945,0.6527780294418335,0.26526105403900146,673200
1987-12-08,0.6527780294418335,0.6666669845581055,0.6458330154418945,0.6527780294418335,0.26526105403900146,453600
1987-12-09,0.6666669845581055,0.6736109852790833,0.6666669845581055,0.6736109852790833,0.27372658252716064,64800
1987-12-10,0.6736109852790833,0.6736109852790833,0.6527780294418335,0.6736109852790833,0.27372658252716064,482400
1987-12-11,0.6736109852790833,0.6736109852790833,0.6597219705581665,0.6597219705581665,0.26808273792266846,198000
1987-12-14,0.6597219705581665,0.6875,0.6597219705581665,0.6770830154418945,0.2751375138759613,1360800
1987-12-15,0.6770830154418945,0.6875,0.6736109852790833,0.6875,0.2793705463409424,478800
1987-12-16,0.6875,0.7083330154418945,0.6805559992790222,0.7083330154418945,0.28783607482910156,1436400
1987-12-17,0.7083330154418945,0.7569440007209778,0.7013890147209167,0.7222219705581665,0.2934800982475281,666000
1987-12-18,0.7222219705581665,0.7777780294418335,0.7222219705581665,0.7777780294418335,0.31605562567710876,756000
1987-12-21,0.7777780294418335,0.7777780294418335,0.7361109852790833,0.7638890147209167,0.3104116916656494,820800
1987-12-22,0.7638890147209167,0.7777780294418335,0.7569440007209778,0.7569440007209778,0.3075896203517914,248400
1987-12-23,0.7569440007209778,0.7777780294418335,0.75,0.7777780294418335,0.31605562567710876,3423600
1987-12-24,0.7777780294418335,0.7777780294418335,0.75,0.7777780294418335,0.31605562567710876,284400
1987-12-28,0.7638890147209167,0.7638890147209167,0.7222219705581665,0.7222219705581665,0.2934800982475281,421200
1987-12-29,0.7222219705581665,0.7361109852790833,0.7083330154418945,0.7083330154418945,0.28783607482910156,158400
1987-12-30,0.7361109852790833,0.7638890147209167,0.7361109852790833,0.7361109852790833,0.2991238832473755,1029600
1987-12-31,0.7361109852790833,0.7430559992790222,0.7222219705581665,0.7222219705581665,0.2934800982475281,68400
1988-01-04,0.7222219705581665,0.75,0.7083330154418945,0.7361109852790833,0.2991238832473755,831600
1988-01-05,0.7361109852790833,0.7569440007209778,0.7222219705581665,0.75,0.3047676980495453,118800
1988-01-06,0.75,0.7638890147209167,0.7291669845581055,0.7638890147209167,0.3104116916656494,172800
1988-01-07,0.7430559992790222,0.7430559992790222,0.7291669845581055,0.7430559992790222,0.30194607377052307,266400
1988-01-08,0.7430559992790222,0.75,0.7222219705581665,0.7222219705581665,0.2934800982475281,864000
1988-01-11,0.7222219705581665,0.7222219705581665,0.7083330154418945,0.7222219705581665,0.2934800982475281,2145600
1988-01-12,0.7222219705581665,0.7222219705581665,0.6805559992790222,0.7083330154418945,0.28783607482910156,633600
1988-01-13,0.7083330154418945,0.7083330154418945,0.6805559992790222,0.6944440007209778,0.2821923494338989,7592400
1988-01-14,0.6944440007209778,0.7083330154418945,0.6944440007209778,0.6944440007209778,0.2821923494338989,165600
1988-01-15,0.7083330154418945,0.7361109852790833,0.7083330154418945,0.7361109852790833,0.2991238832473755,500400
1988-01-18,0.7361109852790833,0.7361109852790833,0.7152780294418335,0.7361109852790833,0.2991238832473755,57600
1988-01-19,0.7361109852790833,0.75,0.7222219705581665,0.7361109852790833,0.2991238832473755,104400
1988-01-20,0.7361109852790833,0.75,0.7222219705581665,0.7222219705581665,0.2934800982475281,136800
1988-01-21,0.7291669845581055,0.7708330154418945,0.7291669845581055,0.7708330154418945,0.31323349475860596,738000
1988-01-22,0.7708330154418945,0.7708330154418945,0.7361109852790833,0.7430559992790222,0.30194607377052307,345600
1988-01-25,0.7430559992790222,0.7777780294418335,0.7361109852790833,0.7743059992790222,0.31464478373527527,1310400
1988-01-26,0.7743059992790222,0.7847219705581665,0.7569440007209778,0.7569440007209778,0.3075896203517914,594000
1988-01-27,0.7638890147209167,0.7916669845581055,0.7638890147209167,0.7638890147209167,0.3104116916656494,133200
1988-01-28,0.7777780294418335,0.7916669845581055,0.7777780294418335,0.7916669845581055,0.3216995298862457,392400
1988-01-29,0.7916669845581055,0.7916669845581055,0.7604169845581055,0.7604169845581055,0.3090008795261383,342000
1988-02-01,0.7708330154418945,0.7916669845581055,0.7708330154418945,0.7777780294418335,0.31605562567710876,392400
1988-02-02,0.7777780294418335,0.7916669845581055,0.7708330154418945,0.7916669845581055,0.3216995298862457,68400
1988-02-03,0.7916669845581055,0.7916669845581055,0.7777780294418335,0.7777780294418335,0.31605562567710876,262800
1988-02-04,0.7916669845581055,0.7916669845581055,0.7916669845581055,0.7916669845581055,0.3216995298862457,21600
1988-02-05,0.7916669845581055,0.7951390147209167,0.7708330154418945,0.78125,0.31746652722358704,892800
1988-02-08,0.78125,0.7916669845581055,0.7708330154418945,0.7847219705581665,0.31887730956077576,28800
1988-02-09,0.7708330154418945,0.7708330154418945,0.7708330154418945,0.7708330154418945,0.31323349475860596,64800
1988-02-10,0.7708330154418945,0.7847219705581665,0.7708330154418945,0.7847219705581665,0.31887730956077576,759600
1988-02-11,0.7847219705581665,0.7847219705581665,0.7708330154418945,0.7777780294418335,0.31605562567710876,1821600
1988-02-12,0.7777780294418335,0.7847219705581665,0.7777780294418335,0.7847219705581665,0.31887730956077576,799200
1988-02-16,0.7916669845581055,0.7916669845581055,0.7916669845581055,0.7916669845581055,0.3216995298862457,3600
1988-02-17,0.7916669845581055,0.7916669845581055,0.7777780294418335,0.7777780294418335,0.31605562567710876,147600
1988-02-18,0.7881940007209778,0.8055559992790222,0.7881940007209778,0.8055559992790222,0.3273434042930603,248400
1988-02-19,0.7986109852790833,0.7986109852790833,0.7777780294418335,0.7986109852790833,0.3245212137699127,39600
1988-02-22,0.7986109852790833,0.7986109852790833,0.7847219705581665,0.7986109852790833,0.3245212137699127,316800
1988-02-23,0.7986109852790833,0.8125,0.7916669845581055,0.8055559992790222,0.3273434042930603,201600
1988-02-24,0.8402780294418335,0.875,0.8402780294418335,0.8402780294418335,0.341452956199646,316800
1988-02-25,0.8402780294418335,0.8888890147209167,0.8402780294418335,0.8819440007209778,0.35838428139686584,568800
1988-02-26,0.8819440007209778,0.9027780294418335,0.8611109852790833,0.9027780294418335,0.3668504059314728,50400
1988-02-29,0.9027780294418335,0.9166669845581055,0.8888890147209167,0.9166669845581055,0.3724941909313202,176400
1988-03-01,0.9166669845581055,0.9166669845581055,0.8888890147209167,0.8958330154418945,0.3640281856060028,100800
1988-03-02,0.8958330154418945,0.9166669845581055,0.8888890147209167,0.8888890147209167,0.36120641231536865,7113600
1988-03-03,0.8888890147209167,0.9097219705581665,0.8888890147209167,0.8888890147209167,0.36120641231536865,20736000
1988-03-04,0.8888890147209167,0.8993059992790222,0.8888890147209167,0.8923609852790833,0.362617164850235,3376800
1988-03-07,0.8923609852790833,0.9097219705581665,0.875,0.875,0.3555624783039093,900000
1988-03-08,0.875,0.8888890147209167,0.8680559992790222,0.8888890147209167,0.36120641231536865,8197200
1988-03-09,0.8888890147209167,0.8888890147209167,0.8680559992790222,0.8784719705581665,0.3569733798503876,799200
1988-03-10,0.8784719705581665,0.8888890147209167,0.8611109852790833,0.8854169845581055,0.3597954213619232,950400
1988-03-11,0.8854169845581055,0.8888890147209167,0.8645830154418945,0.875,0.3555624783039093,2268000
1988-03-14,0.875,0.8888890147209167,0.8680559992790222,0.8680559992790222,0.35420235991477966,57600
1988-03-15,0.8680559992790222,0.8888890147209167,0.8611109852790833,0.8819440007209778,0.3598693907260895,10069200
1988-03-16,0.8819440007209778,0.8888890147209167,0.8680559992790222,0.8680559992790222,0.35420235991477966,129600
1988-03-17,0.8819440007209778,0.8958330154418945,0.8819440007209778,0.8888890147209167,0.3627031743526459,3146400
1988-03-18,0.8888890147209167,0.9027780294418335,0.875,0.8888890147209167,0.3627031743526459,712800
1988-03-21,0.8888890147209167,0.9166669845581055,0.8888890147209167,0.8888890147209167,0.3627031743526459,10800
1988-03-22,0.8888890147209167,0.9236109852790833,0.8888890147209167,0.8958330154418945,0.3655366003513336,43200
1988-03-23,0.8958330154418945,0.9166669845581055,0.8958330154418945,0.9166669845581055,0.3740377724170685,234000
1988-03-24,0.8958330154418945,0.8958330154418945,0.8819440007209778,0.8819440007209778,0.3598693907260895,464400
1988-03-25,0.8888890147209167,0.9166669845581055,0.8888890147209167,0.8888890147209167,0.3627031743526459,313200
1988-03-28,0.8888890147209167,0.9166669845581055,0.8888890147209167,0.8888890147209167,0.3627031743526459,14400
1988-03-29,0.8888890147209167,0.9166669845581055,0.8888890147209167,0.9166669845581055,0.3740377724170685,7200
1988-03-30,0.9166669845581055,0.9236109852790833,0.8958330154418945,0.8958330154418945,0.3655366003513336,226800
1988-03-31,0.8958330154418945,0.9305559992790222,0.8958330154418945,0.9305559992790222,0.3797050714492798,194400
1988-04-04,0.9305559992790222,0.9305559992790222,0.9305559992790222,0.9305559992790222,0.3797050714492798,3600
1988-04-05,0.9305559992790222,0.9305559992790222,0.9027780294418335,0.9305559992790222,0.3797050714492798,151200
1988-04-06,0.9305559992790222,0.9305559992790222,0.9166669845581055,0.9166669845581055,0.3740377724170685,248400
1988-04-07,0.9236109852790833,0.9305559992790222,0.9236109852790833,0.9305559992790222,0.3797050714492798,118800
1988-04-08,0.9305559992790222,0.9444440007209778,0.9305559992790222,0.9305559992790222,0.3797050714492798,205200
1988-04-11,0.9305559992790222,0.9444440007209778,0.9305559992790222,0.9375,0.382538378238678,770400
1988-04-12,0.9375,0.9583330154418945,0.9305559992790222,0.9583330154418945,0.391039103269577,61200
1988-04-13,0.9583330154418945,0.9583330154418945,0.9444440007209778,0.9583330154418945,0.391039103269577,370800
1988-04-14,0.9583330154418945,0.9583330154418945,0.9305559992790222,0.9305559992790222,0.3797050714492798,194400
1988-04-15,0.9305559992790222,0.9444440007209778,0.9166669845581055,0.9166669845581055,0.3740377724170685,874800
1988-04-18,0.9166669845581055,0.9236109852790833,0.9027780294418335,0.9236109852790833,0.37687113881111145,334800
1988-04-19,0.9236109852790833,0.9236109852790833,0.9027780294418335,0.9236109852790833,0.37687113881111145,352800
1988-04-20,0.9166669845581055,0.9166669845581055,0.8958330154418945,0.9027780294418335,0.3683704733848572,1072800
1988-04-21,0.9027780294418335,0.9236109852790833,0.9027780294418335,0.9236109852790833,0.37687113881111145,140400
1988-04-22,0.9027780294418335,0.9027780294418335,0.9027780294418335,0.9027780294418335,0.3683704733848572,97200
1988-04-25,0.9027780294418335,0.9236109852790833,0.9027780294418335,0.9027780294418335,0.3683704733848572,18000
1988-04-26,0.9236109852790833,0.9236109852790833,0.9236109852790833,0.9236109852790833,0.37687113881111145,18000
1988-04-27,0.9236109852790833,0.9305559992790222,0.9097219705581665,0.9166669845581055,0.3740377724170685,122400
1988-04-28,0.9166669845581055,0.9305559992790222,0.9097219705581665,0.9097219705581665,0.3712038993835449,698400
1988-04-29,0.9097219705581665,0.9305559992790222,0.9097219705581665,0.9305559992790222,0.3797050714492798,100800
1988-05-02,0.9305559992790222,0.9583330154418945,0.9166669845581055,0.9583330154418945,0.391039103269577,133200
1988-05-03,0.9583330154418945,0.9583330154418945,0.9305559992790222,0.9444440007209778,0.3853719234466553,1555200
1988-05-04,0.9444440007209778,0.9513890147209167,0.9305559992790222,0.9513890147209167,0.38820573687553406,79200
1988-05-05,0.9513890147209167,0.9513890147209167,0.9305559992790222,0.9375,0.382538378238678,439200
1988-05-06,0.9375,0.9652780294418335,0.9375,0.9652780294418335,0.39387309551239014,496800
1988-05-09,0.9513890147209167,0.9513890147209167,0.9444440007209778,0.9444440007209778,0.3853719234466553,2307600
1988-05-10,0.9444440007209778,0.9513890147209167,0.9236109852790833,0.9236109852790833,0.37687113881111145,709200
1988-05-11,0.9236109852790833,0.9305559992790222,0.8923609852790833,0.8993059992790222,0.3669537901878357,532800
1988-05-12,0.8888890147209167,0.8888890147209167,0.8888890147209167,0.8888890147209167,0.3627031743526459,10800
1988-05-13,0.9166669845581055,0.9166669845581055,0.9166669845581055,0.9166669845581055,0.3740377724170685,18000
1988-05-16,0.8888890147209167,0.8888890147209167,0.8888890147209167,0.8888890147209167,0.3627031743526459,3600
1988-05-17,0.8888890147209167,0.9027780294418335,0.8784719705581665,0.8888890147209167,0.3627031743526459,914400
1988-05-18,0.8888890147209167,0.8888890147209167,0.875,0.8888890147209167,0.3627031743526459,259200
1988-05-19,0.8888890147209167,0.8958330154418945,0.875,0.8819440007209778,0.3598693907260895,1548000
1988-05-20,0.8680559992790222,0.8680559992790222,0.8680559992790222,0.8680559992790222,0.35420235991477966,57600
1988-05-23,0.875,0.8819440007209778,0.875,0.8819440007209778,0.3598693907260895,223200
1988-05-24,0.8819440007209778,0.8888890147209167,0.875,0.8819440007209778,0.3598693907260895,342000
1988-05-25,0.8819440007209778,0.8888890147209167,0.8819440007209778,0.8819440007209778,0.3598693907260895,291600
1988-05-26,0.8819440007209778,0.8819440007209778,0.8611109852790833,0.8611109852790833,0.35136860609054565,72000
1988-05-27,0.8611109852790833,0.875,0.8541669845581055,0.875,0.35703596472740173,32400
1988-05-31,0.875,0.875,0.875,0.875,0.35703596472740173,18000
1988-06-01,0.875,0.875,0.8611109852790833,0.875,0.35703596472740173,36000
1988-06-02,0.875,0.875,0.8680559992790222,0.8680559992790222,0.35420235991477966,39600
1988-06-03,0.8680559992790222,0.8819440007209778,0.8680559992790222,0.8715280294418335,0.3556192219257355,763200
1988-06-06,0.8715280294418335,0.8819440007209778,0.8680559992790222,0.8680559992790222,0.35420235991477966,158400
1988-06-07,0.8680559992790222,0.8680559992790222,0.8680559992790222,0.8680559992790222,0.35420235991477966,0
1988-06-08,0.8680559992790222,0.8819440007209778,0.8680559992790222,0.8819440007209778,0.3598693907260895,356400
1988-06-09,0.8819440007209778,0.8958330154418945,0.875,0.8958330154418945,0.3655366003513336,57600
1988-06-10,0.8819440007209778,0.8819440007209778,0.8784719705581665,0.8784719705581665,0.358452707529068,32400
1988-06-13,0.875,0.875,0.875,0.875,0.35703596472740173,216000
1988-06-14,0.875,0.8888890147209167,0.875,0.8888890147209167,0.3627031743526459,190800
1988-06-15,0.875,0.875,0.8680559992790222,0.8680559992790222,0.35420235991477966,540000
1988-06-16,0.8680559992790222,0.8819440007209778,0.8680559992790222,0.8715280294418335,0.3556192219257355,1378800
1988-06-17,0.8680559992790222,0.8680559992790222,0.8680559992790222,0.8680559992790222,0.35420235991477966,82800
1988-06-20,0.8680559992790222,0.8819440007209778,0.8680559992790222,0.875,0.35703596472740173,165600
1988-06-21,0.875,0.8819440007209778,0.8715280294418335,0.8715280294418335,0.3556192219257355,2066400
1988-06-22,0.8715280294418335,0.8888890147209167,0.8680559992790222,0.875,0.35703596472740173,748800
1988-06-23,0.875,0.8888890147209167,0.875,0.875,0.35703596472740173,2523600
1988-06-24,0.8888890147209167,0.9166669845581055,0.8888890147209167,0.9166669845581055,0.3740377724170685,792000
1988-06-27,0.9166669845581055,0.9305559992790222,0.9027780294418335,0.9305559992790222,0.3797050714492798,190800
1988-06-28,0.9097219705581665,0.9097219705581665,0.9097219705581665,0.9097219705581665,0.3712038993835449,144000
1988-06-29,0.9097219705581665,0.9236109852790833,0.9097219705581665,0.9236109852790833,0.37687113881111145,36000
1988-06-30,0.9236109852790833,0.9444440007209778,0.9097219705581665,0.9270830154418945,0.3782878816127777,136800
1988-07-01,0.9305559992790222,0.9444440007209778,0.9305559992790222,0.9305559992790222,0.3797050714492798,219600
1988-07-05,0.9305559992790222,0.9444440007209778,0.9305559992790222,0.9444440007209778,0.3853719234466553,460800
1988-07-06,0.9444440007209778,0.9513890147209167,0.9444440007209778,0.9444440007209778,0.3853719234466553,64800
1988-07-07,0.9444440007209778,0.9444440007209778,0.9444440007209778,0.9444440007209778,0.3853719234466553,169200
1988-07-08,0.9444440007209778,0.9513890147209167,0.9444440007209778,0.9513890147209167,0.38820573687553406,36000
1988-07-11,0.9513890147209167,0.9583330154418945,0.9444440007209778,0.9583330154418945,0.391039103269577,187200
1988-07-12,0.9583330154418945,0.9583330154418945,0.9513890147209167,0.9583330154418945,0.391039103269577,75600
1988-07-13,0.9583330154418945,0.9583330154418945,0.9513890147209167,0.9513890147209167,0.38820573687553406,136800
1988-07-14,0.9513890147209167,0.9583330154418945,0.9513890147209167,0.9583330154418945,0.391039103269577,68400
1988-07-15,0.9583330154418945,0.9791669845581055,0.9583330154418945,0.9791669845581055,0.3995402455329895,572400
1988-07-18,0.9722219705581665,0.9722219705581665,0.9652780294418335,0.9722219705581665,0.39670634269714355,640800
1988-07-19,0.9722219705581665,0.9722219705581665,0.9652780294418335,0.9652780294418335,0.39387309551239014,82800
1988-07-20,0.9652780294418335,0.9722219705581665,0.9652780294418335,0.9722219705581665,0.39670634269714355,43200
1988-07-21,0.9722219705581665,0.9722219705581665,0.9652780294418335,0.9722219705581665,0.39670634269714355,4824000
1988-07-22,0.9722219705581665,0.9722219705581665,0.9652780294418335,0.9722219705581665,0.39670634269714355,590400
1988-07-25,0.9722219705581665,0.9722219705581665,0.9583330154418945,0.9583330154418945,0.391039103269577,432000
1988-07-26,0.9583330154418945,0.9722219705581665,0.9583330154418945,0.9583330154418945,0.391039103269577,46800
1988-07-27,0.9583330154418945,0.9722219705581665,0.9583330154418945,0.9583330154418945,0.391039103269577,39600
1988-07-28,0.9618059992790222,0.9722219705581665,0.9618059992790222,0.9652780294418335,0.39387309551239014,190800
1988-07-29,0.9722219705581665,0.9722219705581665,0.9722219705581665,0.9722219705581665,0.39670634269714355,7200
1988-08-01,0.9722219705581665,0.9722219705581665,0.9236109852790833,0.9305559992790222,0.3797050714492798,464400
1988-08-02,0.9305559992790222,0.9305559992790222,0.9097219705581665,0.9236109852790833,0.37687113881111145,4341600
1988-08-03,0.9097219705581665,0.9097219705581665,0.875,0.8888890147209167,0.3627031743526459,2977200
1988-08-04,0.8888890147209167,0.9201390147209167,0.8888890147209167,0.9201390147209167,0.3754545748233795,2095200
1988-08-05,0.9201390147209167,0.9236109852790833,0.9027780294418335,0.9027780294418335,0.3683704733848572,14400
1988-08-08,0.9166669845581055,0.9166669845581055,0.9166669845581055,0.9166669845581055,0.3740377724170685,198000
1988-08-09,0.9166669845581055,0.9166669845581055,0.9027780294418335,0.9097219705581665,0.3712038993835449,626400
1988-08-10,0.90625,0.90625,0.8958330154418945,0.8958330154418945,0.3655366003513336,835200
1988-08-11,0.8958330154418945,0.9097219705581665,0.8958330154418945,0.8993059992790222,0.3669537901878357,486000
1988-08-12,0.8993059992790222,0.8993059992790222,0.8958330154418945,0.8958330154418945,0.3655366003513336,100800
1988-08-15,0.8958330154418945,0.9027780294418335,0.8819440007209778,0.8888890147209167,0.3627031743526459,1396800
1988-08-16,0.8888890147209167,0.9027780294418335,0.8819440007209778,0.8819440007209778,0.3598693907260895,21600
1988-08-17,0.9027780294418335,0.9027780294418335,0.9027780294418335,0.9027780294418335,0.3683704733848572,21600
1988-08-18,0.8958330154418945,0.8958330154418945,0.8680559992790222,0.8715280294418335,0.3556192219257355,151200
1988-08-19,0.8715280294418335,0.9027780294418335,0.8680559992790222,0.8888890147209167,0.3627031743526459,781200
1988-08-22,0.8888890147209167,0.8958330154418945,0.875,0.875,0.35703596472740173,756000
1988-08-23,0.875,0.8819440007209778,0.8680559992790222,0.8819440007209778,0.3598693907260895,910800
1988-08-24,0.8715280294418335,0.8715280294418335,0.8680559992790222,0.8680559992790222,0.35420235991477966,432000
1988-08-25,0.8680559992790222,0.8680559992790222,0.8541669845581055,0.8611109852790833,0.35136860609054565,514800
1988-08-26,0.8611109852790833,0.875,0.8472219705581665,0.8680559992790222,0.35420235991477966,212400
1988-08-29,0.8680559992790222,0.875,0.8472219705581665,0.875,0.35703596472740173,118800
1988-08-30,0.875,0.875,0.8541669845581055,0.875,0.35703596472740173,327600
1988-08-31,0.875,0.8819440007209778,0.8541669845581055,0.8819440007209778,0.3598693907260895,381600
1988-09-01,0.8611109852790833,0.8611109852790833,0.8611109852790833,0.8611109852790833,0.35136860609054565,28800
1988-09-02,0.875,0.8819440007209778,0.875,0.875,0.35703596472740173,302400
1988-09-06,0.875,0.8819440007209778,0.875,0.875,0.35703596472740173,90000
1988-09-07,0.8819440007209778,0.9027780294418335,0.8819440007209778,0.8993059992790222,0.3669537901878357,334800
1988-09-08,0.8993059992790222,0.9166669845581055,0.8958330154418945,0.9097219705581665,0.3712038993835449,522000
1988-09-09,0.9097219705581665,0.9305559992790222,0.8958330154418945,0.9166669845581055,0.3740377724170685,482400
1988-09-12,0.9166669845581055,0.9375,0.9166669845581055,0.9375,0.382538378238678,342000
1988-09-13,0.9375,0.9444440007209778,0.9305559992790222,0.9444440007209778,0.3853719234466553,774000
1988-09-14,0.9444440007209778,0.9513890147209167,0.9340280294418335,0.9444440007209778,0.3853719234466553,392400
1988-09-15,0.9444440007209778,0.9444440007209778,0.9444440007209778,0.9444440007209778,0.3853719234466553,219600
1988-09-16,0.9444440007209778,0.9652780294418335,0.9444440007209778,0.9652780294418335,0.39387309551239014,64800
1988-09-19,0.9652780294418335,0.9652780294418335,0.9652780294418335,0.9652780294418335,0.39387309551239014,0
1988-09-20,0.9652780294418335,0.9652780294418335,0.9444440007209778,0.9652780294418335,0.39387309551239014,64800
1988-09-21,0.9583330154418945,0.9583330154418945,0.9444440007209778,0.9583330154418945,0.391039103269577,39600
1988-09-22,0.9583330154418945,0.9583330154418945,0.9583330154418945,0.9583330154418945,0.391039103269577,0
1988-09-23,0.9583330154418945,0.9583330154418945,0.9444440007209778,0.9444440007209778,0.3853719234466553,36000
1988-09-26,0.9444440007209778,0.9513890147209167,0.9375,0.9375,0.382538378238678,2667600
1988-09-27,0.9305559992790222,0.9305559992790222,0.9097219705581665,0.9097219705581665,0.3712038993835449,176400
1988-09-28,0.9097219705581665,0.9097219705581665,0.9097219705581665,0.9097219705581665,0.3712038993835449,0
1988-09-29,0.9236109852790833,0.9305559992790222,0.9236109852790833,0.9236109852790833,0.37687113881111145,187200
1988-09-30,0.9236109852790833,0.9513890147209167,0.9236109852790833,0.9513890147209167,0.38820573687553406,118800
1988-10-03,0.9375,0.9375,0.9305559992790222,0.9305559992790222,0.3797050714492798,442800
1988-10-04,0.9305559992790222,0.9513890147209167,0.9305559992790222,0.9513890147209167,0.38820573687553406,61200
1988-10-05,0.9513890147209167,0.9513890147209167,0.9513890147209167,0.9513890147209167,0.38820573687553406,54000
1988-10-06,0.9513890147209167,0.9513890147209167,0.9305559992790222,0.9375,0.382538378238678,1004400
1988-10-07,0.9375,0.9444440007209778,0.9305559992790222,0.9409719705581665,0.38395529985427856,428400
1988-10-10,0.9444440007209778,0.9513890147209167,0.9444440007209778,0.9513890147209167,0.38820573687553406,302400
1988-10-11,0.9513890147209167,0.9513890147209167,0.9305559992790222,0.9513890147209167,0.38820573687553406,554400
1988-10-12,0.9444440007209778,0.9444440007209778,0.9305559992790222,0.9444440007209778,0.3853719234466553,1735200
1988-10-13,0.9444440007209778,0.9513890147209167,0.9305559992790222,0.9375,0.382538378238678,392400
1988-10-14,0.9444440007209778,0.9444440007209778,0.9444440007209778,0.9444440007209778,0.3853719234466553,194400
1988-10-17,0.9444440007209778,0.9444440007209778,0.9444440007209778,0.9444440007209778,0.3853719234466553,25200
1988-10-18,0.9444440007209778,0.9513890147209167,0.9305559992790222,0.9444440007209778,0.3853719234466553,5220000
1988-10-19,0.9444440007209778,0.9513890147209167,0.9375,0.9513890147209167,0.38820573687553406,1155600
1988-10-20,0.9513890147209167,0.9583330154418945,0.9444440007209778,0.9548609852790833,0.38962242007255554,759600
1988-10-21,0.9548609852790833,0.9652780294418335,0.9444440007209778,0.9513890147209167,0.38820573687553406,1256400
1988-10-24,0.9513890147209167,0.9513890147209167,0.9513890147209167,0.9513890147209167,0.38820573687553406,7200
1988-10-25,0.9513890147209167,0.9722219705581665,0.9513890147209167,0.9722219705581665,0.39670634269714355,442800
1988-10-26,0.9722219705581665,0.9722219705581665,0.9513890147209167,0.9618059992790222,0.3924562633037567,2419200
1988-10-27,0.9583330154418945,0.9583330154418945,0.9479169845581055,0.9583330154418945,0.391039103269577,633600
1988-10-28,0.9583330154418945,0.9583330154418945,0.9444440007209778,0.9583330154418945,0.391039103269577,111600
1988-10-31,0.9583330154418945,0.9652780294418335,0.9444440007209778,0.9652780294418335,0.39387309551239014,147600
1988-11-01,0.9652780294418335,0.9652780294418335,0.9444440007209778,0.9444440007209778,0.3853719234466553,1717200
1988-11-02,0.9652780294418335,0.9652780294418335,0.9652780294418335,0.9652780294418335,0.39387309551239014,28800
1988-11-03,0.9652780294418335,0.9652780294418335,0.9444440007209778,0.9583330154418945,0.391039103269577,720000
1988-11-04,0.9583330154418945,0.9583330154418945,0.9444440007209778,0.9444440007209778,0.3853719234466553,223200
1988-11-07,0.9444440007209778,0.9444440007209778,0.9444440007209778,0.9444440007209778,0.3853719234466553,36000
1988-11-08,0.9444440007209778,0.9444440007209778,0.9444440007209778,0.9444440007209778,0.3853719234466553,54000
1988-11-09,0.9652780294418335,0.9652780294418335,0.9652780294418335,0.9652780294418335,0.39387309551239014,25200
1988-11-10,0.9652780294418335,0.9652780294418335,0.9444440007209778,0.9444440007209778,0.3853719234466553,72000
1988-11-11,0.9444440007209778,0.9652780294418335,0.9444440007209778,0.9583330154418945,0.391039103269577,273600
1988-11-14,0.9583330154418945,0.9583330154418945,0.9444440007209778,0.9444440007209778,0.3853719234466553,306000
1988-11-15,0.9444440007209778,0.9583330154418945,0.9444440007209778,0.9583330154418945,0.391039103269577,543600
1988-11-16,0.9583330154418945,0.9583330154418945,0.9479169845581055,0.9583330154418945,0.391039103269577,273600
1988-11-17,0.9583330154418945,0.9583330154418945,0.9236109852790833,0.9305559992790222,0.3797050714492798,2246400
1988-11-18,0.9305559992790222,0.9444440007209778,0.9236109852790833,0.9236109852790833,0.37687113881111145,622800
1988-11-21,0.9236109852790833,0.9375,0.9166669845581055,0.9236109852790833,0.37687113881111145,514800
1988-11-22,0.9097219705581665,0.9097219705581665,0.8888890147209167,0.8888890147209167,0.3627031743526459,658800
1988-11-23,0.8888890147209167,0.9027780294418335,0.8888890147209167,0.8958330154418945,0.3655366003513336,147600
1988-11-25,0.8958330154418945,0.8958330154418945,0.8888890147209167,0.8958330154418945,0.3655366003513336,608400
1988-11-28,0.8958330154418945,0.8958330154418945,0.8888890147209167,0.8958330154418945,0.3655366003513336,651600
1988-11-29,0.8958330154418945,0.9027780294418335,0.8958330154418945,0.9027780294418335,0.3683704733848572,36000
1988-11-30,0.9027780294418335,0.9166669845581055,0.9027780294418335,0.9166669845581055,0.3740377724170685,36000
1988-12-01,0.9236109852790833,0.9236109852790833,0.9236109852790833,0.9236109852790833,0.37687113881111145,50400
1988-12-02,0.9236109852790833,0.9236109852790833,0.9201390147209167,0.9201390147209167,0.3754545748233795,115200
1988-12-05,0.9201390147209167,0.9236109852790833,0.9027780294418335,0.9236109852790833,0.37687113881111145,54000
1988-12-06,0.9166669845581055,0.9166669845581055,0.9166669845581055,0.9166669845581055,0.3740377724170685,18000
1988-12-07,0.9201390147209167,0.9375,0.9201390147209167,0.9375,0.382538378238678,1252800
1988-12-08,0.9375,0.9375,0.9375,0.9375,0.382538378238678,0
1988-12-09,0.9305559992790222,0.9305559992790222,0.9236109852790833,0.9236109852790833,0.37687113881111145,396000
1988-12-12,0.9236109852790833,0.9375,0.9236109852790833,0.9236109852790833,0.37687113881111145,1476000
1988-12-13,0.9236109852790833,0.9375,0.9166669845581055,0.9236109852790833,0.37687113881111145,1461600
1988-12-14,0.9166669845581055,0.9166669845581055,0.8958330154418945,0.9097219705581665,0.3712038993835449,158400
1988-12-15,0.9097219705581665,0.9097219705581665,0.9027780294418335,0.9027780294418335,0.3683704733848572,640800
1988-12-16,0.9097219705581665,0.9236109852790833,0.9097219705581665,0.9236109852790833,0.37687113881111145,298800
1988-12-19,0.9236109852790833,0.9305559992790222,0.9166669845581055,0.9166669845581055,0.3740377724170685,615600
1988-12-20,0.9166669845581055,0.9305559992790222,0.9097219705581665,0.9097219705581665,0.3712038993835449,39600
1988-12-21,0.9097219705581665,0.9305559992790222,0.9097219705581665,0.9097219705581665,0.3712038993835449,104400
1988-12-22,0.9097219705581665,0.9305559992790222,0.9097219705581665,0.9097219705581665,0.3712038993835449,1436400
1988-12-23,0.9097219705581665,0.9201390147209167,0.9097219705581665,0.9201390147209167,0.3754545748233795,331200
1988-12-27,0.9097219705581665,0.9097219705581665,0.9097219705581665,0.9097219705581665,0.3712038993835449,3600
1988-12-28,0.9097219705581665,0.9305559992790222,0.9027780294418335,0.9305559992790222,0.3797050714492798,864000
1988-12-29,0.9305559992790222,0.9305559992790222,0.9097219705581665,0.9166669845581055,0.3740377724170685,90000
1988-12-30,0.9166669845581055,0.9305559992790222,0.9097219705581665,0.9305559992790222,0.3797050714492798,651600
1989-01-03,0.9027780294418335,0.9027780294418335,0.9027780294418335,0.9027780294418335,0.3683704733848572,61200
1989-01-04,0.9027780294418335,0.9166669845581055,0.9027780294418335,0.9166669845581055,0.3740377724170685,154800
1989-01-05,0.9166669845581055,0.9166669845581055,0.9027780294418335,0.9027780294418335,0.3683704733848572,262800
1989-01-06,0.9027780294418335,0.9027780294418335,0.8958330154418945,0.9027780294418335,0.3683704733848572,32400
1989-01-09,0.9027780294418335,0.9097219705581665,0.8958330154418945,0.8958330154418945,0.3655366003513336,165600
1989-01-10,0.9027780294418335,0.9097219705581665,0.9027780294418335,0.9097219705581665,0.3712038993835449,630000
1989-01-11,0.9097219705581665,0.9097219705581665,0.8888890147209167,0.9097219705581665,0.3712038993835449,3628800
1989-01-12,0.9097219705581665,0.9166669845581055,0.8888890147209167,0.9166669845581055,0.3740377724170685,298800
1989-01-13,0.9166669845581055,0.9166669845581055,0.8958330154418945,0.9131940007209778,0.37262067198753357,1148400
1989-01-16,0.9131940007209778,0.9236109852790833,0.8958330154418945,0.9166669845581055,0.3740377724170685,349200
1989-01-17,0.9166669845581055,0.9305559992790222,0.9027780294418335,0.9305559992790222,0.3797050714492798,21600
1989-01-18,0.9305559992790222,0.9305559992790222,0.9097219705581665,0.9236109852790833,0.37687113881111145,396000
1989-01-19,0.9236109852790833,0.9236109852790833,0.9097219705581665,0.9166669845581055,0.3740377724170685,2073600
1989-01-20,0.9097219705581665,0.9097219705581665,0.9097219705581665,0.9097219705581665,0.3712038993835449,64800
1989-01-23,0.9097219705581665,0.9236109852790833,0.9097219705581665,0.9236109852790833,0.37687113881111145,331200
1989-01-24,0.9236109852790833,0.9236109852790833,0.9097219705581665,0.9236109852790833,0.37687113881111145,64800
1989-01-25,0.9236109852790833,0.9305559992790222,0.9097219705581665,0.9236109852790833,0.37687113881111145,2606400
1989-01-26,0.9236109852790833,0.9375,0.9236109852790833,0.9236109852790833,0.37687113881111145,21600
1989-01-27,0.9236109852790833,0.9444440007209778,0.9236109852790833,0.9236109852790833,0.37687113881111145,705600
1989-01-30,0.9236109852790833,0.9513890147209167,0.9236109852790833,0.9513890147209167,0.38820573687553406,352800
1989-01-31,0.9513890147209167,0.9583330154418945,0.9375,0.9583330154418945,0.391039103269577,3528000
1989-02-01,0.9583330154418945,0.9722219705581665,0.9513890147209167,0.9722219705581665,0.39670634269714355,3402000
1989-02-02,0.9513890147209167,0.9513890147209167,0.9513890147209167,0.9513890147209167,0.38820573687553406,21600
1989-02-03,0.9652780294418335,0.9861109852790833,0.9652780294418335,0.9722219705581665,0.39670634269714355,712800
1989-02-06,0.9722219705581665,0.9930559992790222,0.9722219705581665,0.9722219705581665,0.39670634269714355,18000
1989-02-07,0.9722219705581665,0.9930559992790222,0.9722219705581665,0.9861109852790833,0.4023737609386444,147600
1989-02-08,0.9861109852790833,0.9930559992790222,0.9722219705581665,0.9722219705581665,0.39670634269714355,486000
1989-02-09,0.9722219705581665,0.9930559992790222,0.9722219705581665,0.9930559992790222,0.40520763397216797,75600
1989-02-10,0.9930559992790222,0.9930559992790222,0.9652780294418335,0.96875,0.395289808511734,846000
1989-02-13,0.96875,0.9722219705581665,0.9513890147209167,0.9722219705581665,0.39670634269714355,100800
1989-02-14,0.9722219705581665,0.9722219705581665,0.9583330154418945,0.9618059992790222,0.3924562633037567,100800
1989-02-15,0.9618059992790222,0.9652780294418335,0.9513890147209167,0.9652780294418335,0.39387309551239014,273600
1989-02-16,0.9652780294418335,0.9652780294418335,0.9583330154418945,0.9652780294418335,0.39387309551239014,280800
1989-02-17,0.9583330154418945,0.9583330154418945,0.9375,0.9444440007209778,0.3853719234466553,1213200
1989-02-21,0.9444440007209778,0.9583330154418945,0.9375,0.9583330154418945,0.391039103269577,115200
1989-02-22,0.9444440007209778,0.9444440007209778,0.9375,0.9444440007209778,0.3853719234466553,154800
1989-02-23,0.9444440007209778,0.9513890147209167,0.9305559992790222,0.9513890147209167,0.38820573687553406,5810400
1989-02-24,0.9513890147209167,0.9513890147209167,0.9236109852790833,0.9375,0.382538378238678,752400
1989-02-27,0.9305559992790222,0.9305559992790222,0.9236109852790833,0.9305559992790222,0.3797050714492798,108000
1989-02-28,0.9236109852790833,0.9236109852790833,0.9166669845581055,0.9166669845581055,0.3740377724170685,813600
1989-03-01,0.9166669845581055,0.9444440007209778,0.9166669845581055,0.9166669845581055,0.3740377724170685,2480400
1989-03-02,0.9444440007209778,0.9444440007209778,0.9444440007209778,0.9444440007209778,0.3853719234466553,10800
1989-03-03,0.9236109852790833,0.9236109852790833,0.9236109852790833,0.9236109852790833,0.37687113881111145,50400
1989-03-06,0.9236109852790833,0.9444440007209778,0.9166669845581055,0.9270830154418945,0.3782878816127777,262800
1989-03-07,0.9270830154418945,0.9444440007209778,0.9166669845581055,0.9166669845581055,0.3740377724170685,172800
1989-03-08,0.9166669845581055,0.9201390147209167,0.9027780294418335,0.9201390147209167,0.3754545748233795,9230400
1989-03-09,0.9201390147209167,0.9236109852790833,0.9097219705581665,0.9236109852790833,0.37687113881111145,32400
1989-03-10,0.9236109852790833,0.9305559992790222,0.9097219705581665,0.9236109852790833,0.37687113881111145,468000
1989-03-13,0.9236109852790833,0.9305559992790222,0.9097219705581665,0.9097219705581665,0.3789539933204651,802800
1989-03-14,0.9236109852790833,0.9305559992790222,0.9236109852790833,0.9236109852790833,0.38473957777023315,64800
1989-03-15,0.9236109852790833,0.9305559992790222,0.9097219705581665,0.9305559992790222,0.3876325786113739,10800
1989-03-16,0.9305559992790222,0.9444440007209778,0.9201390147209167,0.9236109852790833,0.38473957777023315,676800
1989-03-17,0.9166669845581055,0.9166669845581055,0.9166669845581055,0.9166669845581055,0.38184696435928345,18000
1989-03-20,0.9166669845581055,0.9444440007209778,0.9166669845581055,0.9340280294418335,0.38907891511917114,579600
1989-03-21,0.9340280294418335,0.9375,0.9166669845581055,0.9270830154418945,0.3861858546733856,208800
1989-03-22,0.9270830154418945,0.9375,0.9166669845581055,0.9375,0.390525221824646,176400
1989-03-23,0.9236109852790833,0.9236109852790833,0.9166669845581055,0.9166669845581055,0.38184696435928345,471600
1989-03-27,0.9166669845581055,0.9375,0.9166669845581055,0.9375,0.390525221824646,1238400
1989-03-28,0.9375,0.9375,0.9166669845581055,0.9375,0.390525221824646,302400
1989-03-29,0.9270830154418945,0.9270830154418945,0.9166669845581055,0.9270830154418945,0.3861858546733856,4042800
1989-03-30,0.9270830154418945,0.9305559992790222,0.9270830154418945,0.9305559992790222,0.3876325786113739,68400
1989-03-31,0.9305559992790222,0.9305559992790222,0.9166669845581055,0.9166669845581055,0.38184696435928345,79200
1989-04-03,0.9166669845581055,0.9305559992790222,0.9166669845581055,0.9305559992790222,0.3876325786113739,4856400
1989-04-04,0.9305559992790222,0.9375,0.9166669845581055,0.9305559992790222,0.3876325786113739,676800
1989-04-05,0.9305559992790222,0.9375,0.9166669845581055,0.9166669845581055,0.38184696435928345,144000
1989-04-06,0.9166669845581055,0.9375,0.9166669845581055,0.9305559992790222,0.3876325786113739,428400
1989-04-07,0.9305559992790222,0.9375,0.9166669845581055,0.9166669845581055,0.38184696435928345,7200
1989-04-10,0.9236109852790833,0.9444440007209778,0.9236109852790833,0.9444440007209778,0.39341774582862854,1162800
1989-04-11,0.9444440007209778,0.9652780294418335,0.9444440007209778,0.9583330154418945,0.399203360080719,1404000
1989-04-12,0.9583330154418945,0.9722219705581665,0.9513890147209167,0.9513890147209167,0.39631083607673645,630000
1989-04-13,0.9513890147209167,0.9722219705581665,0.9513890147209167,0.9722219705581665,0.4049889147281647,25200
1989-04-14,0.9722219705581665,0.9722219705581665,0.9513890147209167,0.9722219705581665,0.4049889147281647,10292400
1989-04-17,0.9722219705581665,0.9791669845581055,0.9583330154418945,0.9583330154418945,0.399203360080719,46800
1989-04-18,0.9618059992790222,1.0104169845581055,0.9618059992790222,1.0104169845581055,0.42089951038360596,1800000
1989-04-19,1.0104169845581055,1.0208330154418945,1.0,1.0,0.41656026244163513,241200
1989-04-20,1.0,1.0208330154418945,1.0,1.0208330154418945,0.4252384305000305,108000
1989-04-21,1.0208330154418945,1.0208330154418945,0.9930559992790222,0.9965280294418335,0.41511398553848267,165600
1989-04-24,0.9965280294418335,1.013888955116272,0.9930559992790222,0.9930559992790222,0.4136677086353302,72000
1989-04-25,0.9930559992790222,0.9930559992790222,0.9930559992790222,0.9930559992790222,0.4136677086353302,7200
1989-04-26,1.0208330154418945,1.0208330154418945,1.0208330154418945,1.0208330154418945,0.4252384305000305,18000
1989-04-27,1.0208330154418945,1.0208330154418945,0.9930559992790222,1.0,0.41656026244163513,500400
1989-04-28,1.0208330154418945,1.0208330154418945,1.0208330154418945,1.0208330154418945,0.4252384305000305,39600
1989-05-01,1.0208330154418945,1.0208330154418945,0.9930559992790222,1.006943941116333,0.4194526970386505,205200
1989-05-02,1.006943941116333,1.013888955116272,0.9930559992790222,0.9930559992790222,0.4136677086353302,457200
1989-05-03,0.9930559992790222,1.006943941116333,0.9930559992790222,0.9965280294418335,0.41511398553848267,122400
1989-05-04,0.9965280294418335,1.013888955116272,0.9930559992790222,1.013888955116272,0.42234572768211365,810000
1989-05-05,1.013888955116272,1.013888955116272,1.0,1.013888955116272,0.42234572768211365,86400
1989-05-08,1.013888955116272,1.013888955116272,0.9861109852790833,1.0,0.41656026244163513,277200
1989-05-09,1.0,1.013888955116272,0.9861109852790833,1.013888955116272,0.42234572768211365,846000
1989-05-10,1.013888955116272,1.013888955116272,1.013888955116272,1.013888955116272,0.42234572768211365,75600
1989-05-11,1.013888955116272,1.013888955116272,1.0,1.0,0.41656026244163513,788400
1989-05-12,1.0,1.0416669845581055,1.0,1.0416669845581055,0.43391695618629456,1108800
1989-05-15,1.0416669845581055,1.0416669845581055,1.013888955116272,1.0416669845581055,0.43391695618629456,806400
1989-05-16,1.0347219705581665,1.0347219705581665,1.013888955116272,1.0347219705581665,0.4310239851474762,802800
1989-05-17,1.0347219705581665,1.0347219705581665,1.0277780294418335,1.0347219705581665,0.4310239851474762,111600
1989-05-18,1.0347219705581665,1.0347219705581665,1.013888955116272,1.013888955116272,0.42234572768211365,309600
1989-05-19,1.0277780294418335,1.048611044883728,1.0277780294418335,1.048611044883728,0.436809778213501,1627200
1989-05-22,1.048611044883728,1.055556058883667,1.0277780294418335,1.055556058883667,0.439702570438385,302400
1989-05-23,1.055556058883667,1.055556058883667,1.0277780294418335,1.055556058883667,0.439702570438385,2754000
1989-05-24,1.055556058883667,1.055556058883667,1.0277780294418335,1.0277780294418335,0.42813149094581604,93600
1989-05-25,1.0277780294418335,1.055556058883667,1.0277780294418335,1.055556058883667,0.439702570438385,68400
1989-05-26,1.055556058883667,1.055556058883667,1.0277780294418335,1.0277780294418335,0.42813149094581604,39600
1989-05-30,1.0277780294418335,1.0347219705581665,1.0277780294418335,1.0347219705581665,0.4310239851474762,450000
1989-05-31,1.0347219705581665,1.048611044883728,1.0277780294418335,1.048611044883728,0.436809778213501,100800
1989-06-01,1.048611044883728,1.048611044883728,1.03125,1.03125,0.4295777678489685,72000
1989-06-02,1.03125,1.055556058883667,1.0277780294418335,1.03125,0.4295777678489685,1224000
1989-06-05,1.055556058883667,1.055556058883667,1.055556058883667,1.055556058883667,0.439702570438385,50400
1989-06-06,1.055556058883667,1.055556058883667,1.0277780294418335,1.045138955116272,0.4353633522987366,7387200
1989-06-07,1.045138955116272,1.048611044883728,1.0347219705581665,1.0347219705581665,0.4310239851474762,82800
1989-06-08,1.048611044883728,1.055556058883667,1.048611044883728,1.055556058883667,0.439702570438385,252000
1989-06-09,1.055556058883667,1.055556058883667,1.0347219705581665,1.055556058883667,0.439702570438385,158400
1989-06-12,1.055556058883667,1.055556058883667,1.0416669845581055,1.055556058883667,0.439702570438385,158400
1989-06-13,1.055556058883667,1.055556058883667,1.0416669845581055,1.0416669845581055,0.43391695618629456,90000
1989-06-14,1.0416669845581055,1.0625,1.038193941116333,1.048611044883728,0.436809778213501,3463200
1989-06-15,1.048611044883728,1.0625,1.0347219705581665,1.0625,0.4425951838493347,277200
1989-06-16,1.0625,1.0625,1.0347219705581665,1.0625,0.4425951838493347,180000
1989-06-19,1.0625,1.0625,1.045138955116272,1.048611044883728,0.436809778213501,802800
1989-06-20,1.048611044883728,1.0625,1.0416669845581055,1.0416669845581055,0.43391695618629456,831600
1989-06-21,1.0208330154418945,1.0208330154418945,1.0208330154418945,1.0208330154418945,0.4252384305000305,10800
1989-06-22,1.0208330154418945,1.0347219705581665,1.013888955116272,1.013888955116272,0.42234572768211365,90000
1989-06-23,1.006943941116333,1.006943941116333,0.9861109852790833,0.9861109852790833,0.4107745587825775,4532400
1989-06-26,0.9930559992790222,1.0208330154418945,0.9930559992790222,0.9930559992790222,0.4136677086353302,1591200
1989-06-27,0.9930559992790222,1.0208330154418945,0.9930559992790222,0.9930559992790222,0.4136677086353302,144000
1989-06-28,0.9930559992790222,1.0208330154418945,0.9930559992790222,1.013888955116272,0.42234572768211365,1263600
1989-06-29,1.013888955116272,1.0347219705581665,1.013888955116272,1.013888955116272,0.42234572768211365,25200
1989-06-30,1.013888955116272,1.0208330154418945,1.013888955116272,1.0208330154418945,0.4252384305000305,439200
1989-07-03,1.0208330154418945,1.0208330154418945,1.006943941116333,1.0208330154418945,0.4252384305000305,489600
1989-07-05,1.0208330154418945,1.0208330154418945,1.006943941116333,1.006943941116333,0.4194526970386505,842400
1989-07-06,1.006943941116333,1.0277780294418335,1.006943941116333,1.0277780294418335,0.42813149094581604,2372400
1989-07-07,1.0277780294418335,1.0347219705581665,1.024306058883667,1.0347219705581665,0.4310239851474762,590400
1989-07-10,1.0347219705581665,1.0347219705581665,1.0347219705581665,1.0347219705581665,0.4310239851474762,75600
1989-07-11,1.0347219705581665,1.0347219705581665,1.013888955116272,1.013888955116272,0.42234572768211365,14400
1989-07-12,1.013888955116272,1.013888955116272,1.013888955116272,1.013888955116272,0.42234572768211365,25200
1989-07-13,1.0277780294418335,1.055556058883667,1.0277780294418335,1.055556058883667,0.439702570438385,57600
1989-07-14,1.055556058883667,1.055556058883667,1.0277780294418335,1.0277780294418335,0.42813149094581604,32400
1989-07-17,1.0277780294418335,1.055556058883667,1.0277780294418335,1.0520830154418945,0.4382559061050415,594000
1989-07-18,1.0520830154418945,1.069443941116333,1.0416669845581055,1.0416669845581055,0.43391695618629456,187200
1989-07-19,1.048611044883728,1.069443941116333,1.048611044883728,1.055556058883667,0.439702570438385,75600
1989-07-20,1.069443941116333,1.0972219705581665,1.069443941116333,1.0972219705581665,0.45705899596214294,306000
1989-07-21,1.0833330154418945,1.0833330154418945,1.076388955116272,1.076388955116272,0.4483807682991028,165600
1989-07-24,1.076388955116272,1.0972219705581665,1.076388955116272,1.076388955116272,0.4483807682991028,79200
1989-07-25,1.076388955116272,1.0972219705581665,1.076388955116272,1.0902780294418335,0.4541664123535156,543600
1989-07-26,1.0833330154418945,1.0833330154418945,1.0833330154418945,1.0833330154418945,0.45127326250076294,111600
1989-07-27,1.0833330154418945,1.0972219705581665,1.0833330154418945,1.0833330154418945,0.45127326250076294,36000
1989-07-28,1.0833330154418945,1.111111044883728,1.0833330154418945,1.0833330154418945,0.45127326250076294,2232000
1989-07-31,1.0833330154418945,1.1041669845581055,1.0833330154418945,1.1041669845581055,0.4599519968032837,1263600
1989-08-01,1.1041669845581055,1.1041669845581055,1.076388955116272,1.076388955116272,0.4483807682991028,212400
1989-08-02,1.076388955116272,1.0972219705581665,1.069443941116333,1.069443941116333,0.4454878866672516,273600
1989-08-03,1.069443941116333,1.0972219705581665,1.055556058883667,1.055556058883667,0.439702570438385,770400
1989-08-04,1.0833330154418945,1.0833330154418945,1.0833330154418945,1.0833330154418945,0.45127326250076294,43200
1989-08-07,1.0833330154418945,1.0833330154418945,1.0833330154418945,1.0833330154418945,0.45127326250076294,21600
1989-08-08,1.055556058883667,1.055556058883667,1.048611044883728,1.055556058883667,0.439702570438385,4464000
1989-08-09,1.055556058883667,1.0590280294418335,1.0416669845581055,1.048611044883728,0.436809778213501,2124000
1989-08-10,1.048611044883728,1.055556058883667,1.0347219705581665,1.0347219705581665,0.4310239851474762,381600
1989-08-11,1.055556058883667,1.055556058883667,1.055556058883667,1.055556058883667,0.439702570438385,36000
1989-08-14,1.055556058883667,1.055556058883667,1.0277780294418335,1.0277780294418335,0.42813149094581604,64800
1989-08-15,1.0277780294418335,1.055556058883667,1.0277780294418335,1.055556058883667,0.439702570438385,104400
1989-08-16,1.055556058883667,1.055556058883667,1.055556058883667,1.055556058883667,0.439702570438385,10800
1989-08-17,1.055556058883667,1.055556058883667,1.0277780294418335,1.045138955116272,0.4353633522987366,82800
1989-08-18,1.045138955116272,1.055556058883667,1.0347219705581665,1.0347219705581665,0.4310239851474762,792000
1989-08-21,1.0347219705581665,1.055556058883667,1.0347219705581665,1.0347219705581665,0.4310239851474762,126000
1989-08-22,1.0347219705581665,1.0347219705581665,1.0347219705581665,1.0347219705581665,0.4310239851474762,90000
1989-08-23,1.038193941116333,1.048611044883728,1.038193941116333,1.038193941116333,0.43247026205062866,198000
1989-08-24,1.0416669845581055,1.0416669845581055,1.0416669845581055,1.0416669845581055,0.43391695618629456,3600
1989-08-25,1.0416669845581055,1.055556058883667,1.0347219705581665,1.055556058883667,0.439702570438385,28800
1989-08-28,1.0625,1.0625,1.0625,1.0625,0.4425951838493347,10800
1989-08-29,1.0625,1.0625,1.0347219705581665,1.0625,0.4425951838493347,770400
1989-08-30,1.0625,1.0833330154418945,1.0416669845581055,1.079861044883728,0.44982725381851196,4492800
1989-08-31,1.079861044883728,1.0972219705581665,1.069443941116333,1.09375,0.45561277866363525,111600
1989-09-01,1.09375,1.1041669845581055,1.076388955116272,1.1041669845581055,0.4599519968032837,738000
1989-09-05,1.1041669845581055,1.1145830154418945,1.0902780294418335,1.1041669845581055,0.4599519968032837,129600
1989-09-06,1.1041669845581055,1.118056058883667,1.086806058883667,1.086806058883667,0.45272016525268555,504000
1989-09-07,1.086806058883667,1.125,1.0833330154418945,1.111111044883728,0.4628446698188782,1724400
1989-09-08,1.111111044883728,1.118056058883667,1.0902780294418335,1.118056058883667,0.46573761105537415,32400
1989-09-11,1.0902780294418335,1.0902780294418335,1.0902780294418335,1.0902780294418335,0.4541664123535156,3600
1989-09-12,1.0902780294418335,1.118056058883667,1.0902780294418335,1.111111044883728,0.4628446698188782,262800
1989-09-13,1.111111044883728,1.118056058883667,1.0902780294418335,1.1041669845581055,0.4599519968032837,208800
1989-09-14,1.1041669845581055,1.125,1.0972219705581665,1.100693941116333,0.458505243062973,334800
1989-09-15,1.100693941116333,1.125,1.0972219705581665,1.0972219705581665,0.45705899596214294,745200
1989-09-18,1.0972219705581665,1.125,1.0972219705581665,1.125,0.46863022446632385,46800
1989-09-19,1.1215280294418335,1.1215280294418335,1.1041669845581055,1.111111044883728,0.4628446698188782,442800
1989-09-20,1.111111044883728,1.138888955116272,1.111111044883728,1.138888955116272,0.4744158387184143,255600
1989-09-21,1.138888955116272,1.138888955116272,1.111111044883728,1.111111044883728,0.4628446698188782,46800
1989-09-22,1.111111044883728,1.138888955116272,1.111111044883728,1.111111044883728,0.4628446698188782,36000
1989-09-25,1.111111044883728,1.138888955116272,1.111111044883728,1.138888955116272,0.4744158387184143,460800
1989-09-26,1.125,1.125,1.111111044883728,1.111111044883728,0.4628446698188782,18000
1989-09-27,1.125,1.1527780294418335,1.125,1.131943941116333,0.4715227484703064,417600
1989-09-28,1.138888955116272,1.1666669845581055,1.138888955116272,1.1666669845581055,0.48598712682724,309600
1989-09-29,1.1666669845581055,1.180556058883667,1.138888955116272,1.180556058883667,0.4917725622653961,763200
1989-10-02,1.180556058883667,1.2222219705581665,1.1666669845581055,1.2222219705581665,0.509128987789154,874800
1989-10-03,1.2222219705581665,1.2222219705581665,1.194443941116333,1.2152780294418335,0.5062364935874939,946800
1989-10-04,1.201388955116272,1.201388955116272,1.201388955116272,1.201388955116272,0.5004509091377258,7200
1989-10-05,1.201388955116272,1.2152780294418335,1.194443941116333,1.2152780294418335,0.5062364935874939,32400
1989-10-06,1.2152780294418335,1.2222219705581665,1.194443941116333,1.211806058883667,0.5047902464866638,644400
1989-10-09,1.2222219705581665,1.2222219705581665,1.2222219705581665,1.2222219705581665,0.509128987789154,21600
1989-10-10,1.2222219705581665,1.236111044883728,1.2083330154418945,1.236111044883728,0.5149146914482117,1436400
1989-10-11,1.236111044883728,1.236111044883728,1.236111044883728,1.236111044883728,0.5149146914482117,57600
1989-10-12,1.236111044883728,1.236111044883728,1.201388955116272,1.236111044883728,0.5149146914482117,54000
1989-10-13,1.236111044883728,1.236111044883728,1.194443941116333,1.194443941116333,0.4975579082965851,79200
1989-10-16,1.194443941116333,1.2083330154418945,1.1527780294418335,1.2083330154418945,0.503343403339386,900000
1989-10-17,1.2083330154418945,1.2083330154418945,1.2083330154418945,1.2083330154418945,0.503343403339386,82800
1989-10-18,1.2083330154418945,1.2083330154418945,1.2083330154418945,1.2083330154418945,0.503343403339386,86400
1989-10-19,1.2083330154418945,1.2083330154418945,1.173611044883728,1.180556058883667,0.4917725622653961,1058400
1989-10-20,1.194443941116333,1.2083330154418945,1.194443941116333,1.2083330154418945,0.503343403339386,489600
1989-10-23,1.2083330154418945,1.2083330154418945,1.180556058883667,1.180556058883667,0.4917725622653961,90000
1989-10-24,1.180556058883667,1.2222219705581665,1.180556058883667,1.2222219705581665,0.509128987789154,1274400
1989-10-25,1.2222219705581665,1.25,1.2083330154418945,1.2222219705581665,0.509128987789154,1454400
1989-10-26,1.2222219705581665,1.243056058883667,1.2152780294418335,1.236111044883728,0.5149146914482117,1033200
1989-10-27,1.236111044883728,1.25,1.1875,1.2152780294418335,0.5062364935874939,1310400
1989-10-30,1.2083330154418945,1.2083330154418945,1.2083330154418945,1.2083330154418945,0.503343403339386,7200
1989-10-31,1.2083330154418945,1.2222219705581665,1.1875,1.2222219705581665,0.509128987789154,1944000
1989-11-01,1.1875,1.1875,1.1875,1.1875,0.4946652054786682,57600
1989-11-02,1.1875,1.1875,1.1875,1.1875,0.4946652054786682,0
1989-11-03,1.1875,1.2083330154418945,1.1875,1.194443941116333,0.4975579082965851,158400
1989-11-06,1.180556058883667,1.180556058883667,1.1666669845581055,1.1666669845581055,0.48598712682724,57600
1989-11-07,1.1666669845581055,1.194443941116333,1.1666669845581055,1.194443941116333,0.4975579082965851,79200
1989-11-08,1.194443941116333,1.194443941116333,1.1666669845581055,1.194443941116333,0.4975579082965851,90000
1989-11-09,1.194443941116333,1.194443941116333,1.173611044883728,1.194443941116333,0.4975579082965851,604800
1989-11-10,1.194443941116333,1.194443941116333,1.173611044883728,1.194443941116333,0.4975579082965851,849600
1989-11-13,1.180556058883667,1.180556058883667,1.1666669845581055,1.1666669845581055,0.48598712682724,216000
1989-11-14,1.1875,1.1875,1.1875,1.1875,0.4946652054786682,18000
1989-11-15,1.1875,1.201388955116272,1.1666669845581055,1.180556058883667,0.4917725622653961,651600
1989-11-16,1.2083330154418945,1.2083330154418945,1.2083330154418945,1.2083330154418945,0.503343403339386,10800
1989-11-17,1.2083330154418945,1.2083330154418945,1.180556058883667,1.2083330154418945,0.503343403339386,90000
1989-11-20,1.2083330154418945,1.2083330154418945,1.180556058883667,1.2083330154418945,0.503343403339386,90000
1989-11-21,1.2083330154418945,1.2083330154418945,1.194443941116333,1.2083330154418945,0.503343403339386,14400
1989-11-22,1.2083330154418945,1.2083330154418945,1.2083330154418945,1.2083330154418945,0.503343403339386,61200
1989-11-24,1.2083330154418945,1.2083330154418945,1.2083330154418945,1.2083330154418945,0.503343403339386,0
1989-11-27,1.2083330154418945,1.2083330154418945,1.180556058883667,1.180556058883667,0.4917725622653961,626400
1989-11-28,1.194443941116333,1.2222219705581665,1.194443941116333,1.211806058883667,0.5047902464866638,450000
1989-11-29,1.211806058883667,1.2222219705581665,1.194443941116333,1.2222219705581665,0.509128987789154,64800
1989-11-30,1.2222219705581665,1.2222219705581665,1.2222219705581665,1.2222219705581665,0.509128987789154,14400
1989-12-01,1.2222219705581665,1.2222219705581665,1.194443941116333,1.194443941116333,0.4975579082965851,561600
1989-12-04,1.2152780294418335,1.232638955116272,1.2152780294418335,1.225693941116333,0.5105754733085632,169200
1989-12-05,1.225693941116333,1.236111044883728,1.2083330154418945,1.236111044883728,0.5149146914482117,309600
1989-12-06,1.232638955116272,1.232638955116272,1.2222219705581665,1.232638955116272,0.5134684443473816,774000
1989-12-07,1.232638955116272,1.236111044883728,1.2083330154418945,1.2222219705581665,0.509128987789154,176400
1989-12-08,1.2222219705581665,1.236111044883728,1.2083330154418945,1.2152780294418335,0.5062364935874939,136800
1989-12-11,1.2152780294418335,1.236111044883728,1.211806058883667,1.225693941116333,0.5105754733085632,885600
1989-12-12,1.225693941116333,1.236111044883728,1.2083330154418945,1.236111044883728,0.5149146914482117,118800
1989-12-13,1.236111044883728,1.236111044883728,1.2083330154418945,1.236111044883728,0.5149146914482117,64800
1989-12-14,1.236111044883728,1.236111044883728,1.2083330154418945,1.2083330154418945,0.503343403339386,68400
1989-12-15,1.2083330154418945,1.243056058883667,1.2083330154418945,1.2083330154418945,0.503343403339386,374400
1989-12-18,1.2152780294418335,1.243056058883667,1.2152780294418335,1.243056058883667,0.51780766248703,176400
1989-12-19,1.243056058883667,1.243056058883667,1.2152780294418335,1.243056058883667,0.51780766248703,756000
1989-12-20,1.243056058883667,1.243056058883667,1.21875,1.21875,0.5076826810836792,108000
1989-12-21,1.21875,1.243056058883667,1.2152780294418335,1.243056058883667,0.51780766248703,151200
1989-12-22,1.243056058883667,1.243056058883667,1.243056058883667,1.243056058883667,0.51780766248703,50400
1989-12-26,1.2152780294418335,1.2152780294418335,1.2152780294418335,1.2152780294418335,0.5062364935874939,46800
1989-12-27,1.2152780294418335,1.2222219705581665,1.2152780294418335,1.2222219705581665,0.509128987789154,50400
1989-12-28,1.2222219705581665,1.243056058883667,1.2222219705581665,1.243056058883667,0.51780766248703,1036800
1989-12-29,1.243056058883667,1.243056058883667,1.2152780294418335,1.243056058883667,0.51780766248703,86400
1990-01-02,1.243056058883667,1.243056058883667,1.2152780294418335,1.236111044883728,0.5149146914482117,244800
1990-01-03,1.236111044883728,1.243056058883667,1.2152780294418335,1.236111044883728,0.5149146914482117,1000800
1990-01-04,1.236111044883728,1.236111044883728,1.236111044883728,1.236111044883728,0.5149146914482117,3600
1990-01-05,1.236111044883728,1.236111044883728,1.2083330154418945,1.236111044883728,0.5149146914482117,86400
1990-01-08,1.236111044883728,1.236111044883728,1.2083330154418945,1.236111044883728,0.5149146914482117,100800
1990-01-09,1.236111044883728,1.236111044883728,1.2083330154418945,1.236111044883728,0.5149146914482117,86400
1990-01-10,1.236111044883728,1.236111044883728,1.2083330154418945,1.236111044883728,0.5149146914482117,32400
1990-01-11,1.236111044883728,1.243056058883667,1.2222219705581665,1.243056058883667,0.51780766248703,306000
1990-01-12,1.243056058883667,1.25,1.2222219705581665,1.2222219705581665,0.509128987789154,583200
1990-01-15,1.2222219705581665,1.236111044883728,1.2083330154418945,1.2222219705581665,0.509128987789154,352800
1990-01-16,1.2222219705581665,1.2291669845581055,1.2222219705581665,1.2222219705581665,0.509128987789154,14400
1990-01-17,1.2222219705581665,1.2291669845581055,1.2083330154418945,1.2222219705581665,0.509128987789154,536400
1990-01-18,1.2222219705581665,1.2222219705581665,1.201388955116272,1.201388955116272,0.5004509091377258,100800
1990-01-19,1.201388955116272,1.2222219705581665,1.201388955116272,1.2222219705581665,0.509128987789154,324000
1990-01-22,1.2222219705581665,1.2222219705581665,1.201388955116272,1.201388955116272,0.5004509091377258,79200
1990-01-23,1.201388955116272,1.2083330154418945,1.1527780294418335,1.1527780294418335,0.48020151257514954,918000
1990-01-24,1.1527780294418335,1.1666669845581055,1.138888955116272,1.1597219705581665,0.48309409618377686,4651200
1990-01-25,1.1597219705581665,1.1666669845581055,1.138888955116272,1.138888955116272,0.4744158387184143,72000
1990-01-26,1.138888955116272,1.173611044883728,1.138888955116272,1.1597219705581665,0.48309409618377686,342000
1990-01-29,1.1597219705581665,1.173611044883728,1.1527780294418335,1.173611044883728,0.48887982964515686,298800
1990-01-30,1.173611044883728,1.173611044883728,1.1527780294418335,1.1527780294418335,0.48020151257514954,381600
1990-01-31,1.1527780294418335,1.173611044883728,1.1527780294418335,1.1666669845581055,0.48598712682724,1288800
1990-02-01,1.1666669845581055,1.173611044883728,1.1527780294418335,1.15625,0.481647789478302,291600
1990-02-02,1.15625,1.1666669845581055,1.1527780294418335,1.1666669845581055,0.48598712682724,586800
1990-02-05,1.1666669845581055,1.1666669845581055,1.1597219705581665,1.163193941116333,0.4845403730869293,2055600
1990-02-06,1.163193941116333,1.180556058883667,1.1597219705581665,1.1666669845581055,0.48598712682724,4924800
1990-02-07,1.1666669845581055,1.170138955116272,1.1458330154418945,1.1666669845581055,0.48598712682724,3344400
1990-02-08,1.1666669845581055,1.180556058883667,1.1527780294418335,1.180556058883667,0.4917725622653961,11505600
1990-02-09,1.180556058883667,1.180556058883667,1.1666669845581055,1.173611044883728,0.48887982964515686,13132800
1990-02-12,1.173611044883728,1.1875,1.1597219705581665,1.173611044883728,0.48887982964515686,417600
1990-02-13,1.173611044883728,1.194443941116333,1.1666669845581055,1.194443941116333,0.4975579082965851,64800
1990-02-14,1.194443941116333,1.194443941116333,1.1666669845581055,1.1840280294418335,0.4932190775871277,727200
1990-02-15,1.1875,1.194443941116333,1.1875,1.194443941116333,0.4975579082965851,216000
1990-02-16,1.194443941116333,1.2291669845581055,1.1875,1.2152780294418335,0.5062364935874939,417600
1990-02-20,1.2152780294418335,1.2222219705581665,1.1875,1.2083330154418945,0.503343403339386,450000
1990-02-21,1.2083330154418945,1.2083330154418945,1.1666669845581055,1.194443941116333,0.4975579082965851,154800
1990-02-22,1.194443941116333,1.2152780294418335,1.1875,1.204861044883728,0.5018972158432007,298800
1990-02-23,1.204861044883728,1.2152780294418335,1.194443941116333,1.2083330154418945,0.503343403339386,100800
1990-02-26,1.2083330154418945,1.2152780294418335,1.194443941116333,1.204861044883728,0.5018972158432007,1461600
1990-02-27,1.2152780294418335,1.232638955116272,1.2152780294418335,1.232638955116272,0.5134684443473816,237600
1990-02-28,1.232638955116272,1.236111044883728,1.2222219705581665,1.2222219705581665,0.509128987789154,399600
1990-03-01,1.2222219705581665,1.2291669845581055,1.2083330154418945,1.2291669845581055,0.512022078037262,172800
1990-03-02,1.2291669845581055,1.236111044883728,1.2152780294418335,1.2152780294418335,0.5062364935874939,745200
1990-03-05,1.236111044883728,1.236111044883728,1.236111044883728,1.236111044883728,0.5149146914482117,21600
1990-03-06,1.236111044883728,1.236111044883728,1.2152780294418335,1.236111044883728,0.5149146914482117,46800
1990-03-07,1.236111044883728,1.25,1.2222219705581665,1.2291669845581055,0.512022078037262,1044000
1990-03-08,1.2291669845581055,1.25,1.2222219705581665,1.225693941116333,0.5105754733085632,1972800
1990-03-09,1.225693941116333,1.25,1.2222219705581665,1.2222219705581665,0.509128987789154,104400
1990-03-12,1.2222219705581665,1.2291669845581055,1.2083330154418945,1.2083330154418945,0.5059884190559387,324000
1990-03-13,1.2083330154418945,1.2152780294418335,1.1875,1.2083330154418945,0.5059884190559387,90000
1990-03-14,1.2083330154418945,1.2083330154418945,1.180556058883667,1.180556058883667,0.49435675144195557,216000
1990-03-15,1.1875,1.2083330154418945,1.1875,1.1909719705581665,0.49871858954429626,608400
1990-03-16,1.2152780294418335,1.2152780294418335,1.2152780294418335,1.2152780294418335,0.5088967084884644,3600
1990-03-19,1.2083330154418945,1.2083330154418945,1.180556058883667,1.194443941116333,0.5001725554466248,363600
1990-03-20,1.2083330154418945,1.2152780294418335,1.2083330154418945,1.2083330154418945,0.5059884190559387,118800
1990-03-21,1.2222219705581665,1.236111044883728,1.2222219705581665,1.2222219705581665,0.5118043422698975,993600
1990-03-22,1.2222219705581665,1.2222219705581665,1.201388955116272,1.2083330154418945,0.5059884190559387,1098000
1990-03-23,1.2083330154418945,1.2152780294418335,1.194443941116333,1.194443941116333,0.5001725554466248,489600
1990-03-26,1.194443941116333,1.2083330154418945,1.194443941116333,1.2083330154418945,0.5059884190559387,1119600
1990-03-27,1.194443941116333,1.2083330154418945,1.194443941116333,1.204861044883728,0.5045346617698669,370800
1990-03-28,1.204861044883728,1.2083330154418945,1.194443941116333,1.2083330154418945,0.5059884190559387,68400
1990-03-29,1.2083330154418945,1.2083330154418945,1.2083330154418945,1.2083330154418945,0.5059884190559387,14400
1990-03-30,1.201388955116272,1.2222219705581665,1.194443941116333,1.201388955116272,0.5030807256698608,385200
1990-04-02,1.2222219705581665,1.2222219705581665,1.2083330154418945,1.2083330154418945,0.5059884190559387,32400
1990-04-03,1.1875,1.1875,1.1875,1.1875,0.4972645938396454,302400
1990-04-04,1.1840280294418335,1.2083330154418945,1.111111044883728,1.138888955116272,0.4769088923931122,4276800
1990-04-05,1.138888955116272,1.1597219705581665,1.138888955116272,1.1527780294418335,0.4827248156070709,4640400
1990-04-06,1.1597219705581665,1.1666669845581055,1.1458330154418945,1.1666669845581055,0.4885408580303192,82800
1990-04-09,1.1458330154418945,1.173611044883728,1.1458330154418945,1.1666669845581055,0.4885408580303192,2120400
1990-04-10,1.1458330154418945,1.173611044883728,1.1458330154418945,1.173611044883728,0.4914488196372986,187200
1990-04-11,1.1527780294418335,1.1875,1.1527780294418335,1.1875,0.4972645938396454,720000
1990-04-12,1.180556058883667,1.180556058883667,1.170138955116272,1.180556058883667,0.49435675144195557,342000
1990-04-16,1.180556058883667,1.2083330154418945,1.1666669845581055,1.1875,0.4972645938396454,540000
1990-04-17,1.201388955116272,1.201388955116272,1.180556058883667,1.180556058883667,0.49435675144195557,136800
1990-04-18,1.2083330154418945,1.2083330154418945,1.180556058883667,1.180556058883667,0.49435675144195557,36000
1990-04-19,1.2083330154418945,1.2083330154418945,1.180556058883667,1.180556058883667,0.49435675144195557,93600
1990-04-20,1.1875,1.2083330154418945,1.180556058883667,1.2083330154418945,0.5059884190559387,493200
1990-04-23,1.2083330154418945,1.2083330154418945,1.1770830154418945,1.1770830154418945,0.4929025173187256,2448000
1990-04-24,1.2083330154418945,1.2083330154418945,1.173611044883728,1.1875,0.4972645938396454,277200
1990-04-25,1.173611044883728,1.173611044883728,1.173611044883728,1.173611044883728,0.4914488196372986,54000
1990-04-26,1.173611044883728,1.2083330154418945,1.173611044883728,1.2083330154418945,0.5059884190559387,158400
1990-04-27,1.173611044883728,1.2083330154418945,1.173611044883728,1.201388955116272,0.5030807256698608,205200
1990-04-30,1.1909719705581665,1.1909719705581665,1.173611044883728,1.173611044883728,0.4914488196372986,90000
1990-05-01,1.201388955116272,1.201388955116272,1.173611044883728,1.201388955116272,0.5030807256698608,2210400
1990-05-02,1.173611044883728,1.201388955116272,1.173611044883728,1.201388955116272,0.5030807256698608,241200
1990-05-03,1.201388955116272,1.2083330154418945,1.180556058883667,1.2083330154418945,0.5059884190559387,738000
1990-05-04,1.194443941116333,1.2083330154418945,1.194443941116333,1.2083330154418945,0.5059884190559387,50400
1990-05-07,1.2083330154418945,1.2083330154418945,1.180556058883667,1.2083330154418945,0.5059884190559387,46800
1990-05-08,1.201388955116272,1.2083330154418945,1.180556058883667,1.180556058883667,0.49435675144195557,936000
1990-05-09,1.201388955116272,1.2083330154418945,1.201388955116272,1.2083330154418945,0.5059884190559387,18000
1990-05-10,1.2152780294418335,1.2222219705581665,1.180556058883667,1.180556058883667,0.49435675144195557,860400
1990-05-11,1.180556058883667,1.2222219705581665,1.180556058883667,1.2222219705581665,0.5118043422698975,205200
1990-05-14,1.194443941116333,1.2222219705581665,1.194443941116333,1.2222219705581665,0.5118043422698975,684000
1990-05-15,1.201388955116272,1.2222219705581665,1.201388955116272,1.2222219705581665,0.5118043422698975,154800
1990-05-16,1.2222219705581665,1.2222219705581665,1.201388955116272,1.2083330154418945,0.5059884190559387,126000
1990-05-17,1.236111044883728,1.236111044883728,1.2083330154418945,1.236111044883728,0.5176205039024353,2671200
1990-05-18,1.25,1.25,1.2291669845581055,1.2291669845581055,0.5147126317024231,61200
1990-05-21,1.25,1.25,1.2222219705581665,1.243056058883667,0.5205286741256714,637200
1990-05-22,1.263888955116272,1.2708330154418945,1.25,1.25,0.5234365463256836,136800
1990-05-23,1.2708330154418945,1.2916669845581055,1.256943941116333,1.2916669845581055,0.5408845543861389,662400
1990-05-24,1.305556058883667,1.305556058883667,1.2777780294418335,1.305556058883667,0.5467005968093872,180000
1990-05-25,1.2847219705581665,1.2916669845581055,1.2777780294418335,1.2777780294418335,0.5350685119628906,1677600
1990-05-29,1.2777780294418335,1.305556058883667,1.2777780294418335,1.28125,0.5365225076675415,392400
1990-05-30,1.298611044883728,1.298611044883728,1.2777780294418335,1.2777780294418335,0.5350685119628906,370800
1990-05-31,1.298611044883728,1.298611044883728,1.2777780294418335,1.2777780294418335,0.5350685119628906,64800
1990-06-01,1.2777780294418335,1.298611044883728,1.2777780294418335,1.2777780294418335,0.5350685119628906,190800
1990-06-04,1.298611044883728,1.298611044883728,1.2777780294418335,1.298611044883728,0.543792188167572,345600
1990-06-05,1.298611044883728,1.298611044883728,1.288193941116333,1.298611044883728,0.543792188167572,738000
1990-06-06,1.2777780294418335,1.298611044883728,1.2777780294418335,1.2777780294418335,0.5350685119628906,1173600
1990-06-07,1.2777780294418335,1.2916669845581055,1.2777780294418335,1.288193941116333,0.5394298434257507,198000
1990-06-08,1.298611044883728,1.298611044883728,1.2777780294418335,1.28125,0.5365225076675415,226800
1990-06-11,1.298611044883728,1.298611044883728,1.2777780294418335,1.2777780294418335,0.5350685119628906,57600
1990-06-12,1.298611044883728,1.298611044883728,1.2777780294418335,1.298611044883728,0.543792188167572,763200
1990-06-13,1.2777780294418335,1.298611044883728,1.2777780294418335,1.298611044883728,0.543792188167572,136800
1990-06-14,1.305556058883667,1.305556058883667,1.2777780294418335,1.2777780294418335,0.5350685119628906,36000
1990-06-15,1.305556058883667,1.305556058883667,1.305556058883667,1.305556058883667,0.5467005968093872,50400
1990-06-18,1.2777780294418335,1.305556058883667,1.2777780294418335,1.2777780294418335,0.5350685119628906,133200
1990-06-19,1.2847219705581665,1.2916669845581055,1.2847219705581665,1.2916669845581055,0.5408845543861389,259200
1990-06-20,1.305556058883667,1.305556058883667,1.305556058883667,1.305556058883667,0.5467005968093872,7200
1990-06-21,1.305556058883667,1.305556058883667,1.2777780294418335,1.305556058883667,0.5467005968093872,104400
1990-06-22,1.305556058883667,1.319443941116333,1.2916669845581055,1.305556058883667,0.5467005968093872,208800
1990-06-25,1.3229169845581055,1.3333330154418945,1.319443941116333,1.3333330154418945,0.5583319067955017,345600
1990-06-26,1.319443941116333,1.375,1.319443941116333,1.361111044883728,0.5699642896652222,1494000
1990-06-27,1.375,1.375,1.3333330154418945,1.3333330154418945,0.5583319067955017,306000
1990-06-28,1.3472219705581665,1.361111044883728,1.3472219705581665,1.3541669845581055,0.5670563578605652,367200
1990-06-29,1.361111044883728,1.361111044883728,1.3402780294418335,1.361111044883728,0.5699642896652222,702000
1990-07-02,1.350693941116333,1.361111044883728,1.3402780294418335,1.361111044883728,0.5699642896652222,1418400
1990-07-03,1.3402780294418335,1.361111044883728,1.3402780294418335,1.361111044883728,0.5699642896652222,2246400
1990-07-05,1.3402780294418335,1.361111044883728,1.3402780294418335,1.361111044883728,0.5699642896652222,172800
1990-07-06,1.361111044883728,1.361111044883728,1.3333330154418945,1.3541669845581055,0.5670563578605652,54000
1990-07-09,1.3541669845581055,1.3541669845581055,1.3333330154418945,1.3541669845581055,0.5670563578605652,118800
1990-07-10,1.3333330154418945,1.3472219705581665,1.319443941116333,1.3333330154418945,0.5583319067955017,313200
1990-07-11,1.319443941116333,1.3333330154418945,1.319443941116333,1.326388955116272,0.5554242134094238,187200
1990-07-12,1.326388955116272,1.326388955116272,1.298611044883728,1.326388955116272,0.5554242134094238,1119600
1990-07-13,1.326388955116272,1.326388955116272,1.2916669845581055,1.305556058883667,0.5467005968093872,1303200
1990-07-16,1.305556058883667,1.3333330154418945,1.305556058883667,1.3333330154418945,0.5583319067955017,158400
1990-07-17,1.319443941116333,1.3333330154418945,1.319443941116333,1.319443941116333,0.5525161027908325,68400
1990-07-18,1.319443941116333,1.3333330154418945,1.3125,1.319443941116333,0.5525161027908325,428400
1990-07-19,1.295138955116272,1.326388955116272,1.2916669845581055,1.2916669845581055,0.5408845543861389,280800
1990-07-20,1.2916669845581055,1.319443941116333,1.2916669845581055,1.305556058883667,0.5467005968093872,147600
1990-07-23,1.2916669845581055,1.3125,1.2777780294418335,1.305556058883667,0.5467005968093872,306000
1990-07-24,1.305556058883667,1.305556058883667,1.2777780294418335,1.305556058883667,0.5467005968093872,104400
1990-07-25,1.2777780294418335,1.305556058883667,1.2777780294418335,1.305556058883667,0.5467005968093872,64800
1990-07-26,1.305556058883667,1.3125,1.2847219705581665,1.298611044883728,0.543792188167572,306000
1990-07-27,1.2777780294418335,1.305556058883667,1.2777780294418335,1.2777780294418335,0.5350685119628906,316800
1990-07-30,1.2777780294418335,1.305556058883667,1.2777780294418335,1.305556058883667,0.5467005968093872,126000
1990-07-31,1.305556058883667,1.305556058883667,1.25,1.263888955116272,0.5292524099349976,612000
1990-08-01,1.236111044883728,1.25,1.201388955116272,1.2395830154418945,0.5190744400024414,1234800
1990-08-02,1.2222219705581665,1.243056058883667,1.2222219705581665,1.2222219705581665,0.5118043422698975,165600
1990-08-03,1.2222219705581665,1.236111044883728,1.180556058883667,1.194443941116333,0.5001725554466248,874800
1990-08-06,1.194443941116333,1.194443941116333,1.1527780294418335,1.1527780294418335,0.4827248156070709,799200
1990-08-07,1.180556058883667,1.180556058883667,1.1527780294418335,1.1527780294418335,0.4827248156070709,1746000
1990-08-08,1.1666669845581055,1.1666669845581055,1.1458330154418945,1.1666669845581055,0.4885408580303192,1033200
1990-08-09,1.1666669845581055,1.180556058883667,1.1458330154418945,1.1666669845581055,0.4885408580303192,36000
1990-08-10,1.180556058883667,1.180556058883667,1.1458330154418945,1.180556058883667,0.49435675144195557,129600
1990-08-13,1.138888955116272,1.180556058883667,1.138888955116272,1.180556058883667,0.49435675144195557,421200
1990-08-14,1.180556058883667,1.180556058883667,1.1354169845581055,1.1458330154418945,0.47981658577919006,1234800
1990-08-15,1.180556058883667,1.180556058883667,1.1527780294418335,1.1527780294418335,0.4827248156070709,1616400
1990-08-16,1.1458330154418945,1.1666669845581055,1.1458330154418945,1.15625,0.4841788113117218,118800
1990-08-17,1.1666669845581055,1.1666669845581055,1.138888955116272,1.1666669845581055,0.4885408580303192,889200
1990-08-20,1.1527780294418335,1.1527780294418335,1.1527780294418335,1.1527780294418335,0.4827248156070709,39600
1990-08-21,1.138888955116272,1.138888955116272,1.0972219705581665,1.1041669845581055,0.4623689651489258,205200
1990-08-22,1.125,1.125,1.111111044883728,1.1145830154418945,0.46673065423965454,2221200
1990-08-23,1.1041669845581055,1.1041669845581055,1.069443941116333,1.0902780294418335,0.45655304193496704,180000
1990-08-24,1.1041669845581055,1.1041669845581055,1.086806058883667,1.100693941116333,0.46091461181640625,1137600
1990-08-27,1.111111044883728,1.1666669845581055,1.111111044883728,1.1666669845581055,0.4885408580303192,381600
1990-08-28,1.1666669845581055,1.1666669845581055,1.138888955116272,1.1527780294418335,0.4827248156070709,417600
1990-08-29,1.1527780294418335,1.1527780294418335,1.138888955116272,1.138888955116272,0.4769088923931122,349200
1990-08-30,1.138888955116272,1.1597219705581665,1.138888955116272,1.1597219705581665,0.48563259840011597,399600
1990-08-31,1.138888955116272,1.138888955116272,1.138888955116272,1.138888955116272,0.4769088923931122,126000
1990-09-04,1.125,1.138888955116272,1.118056058883667,1.118056058883667,0.4681850075721741,252000
1990-09-05,1.118056058883667,1.138888955116272,1.118056058883667,1.138888955116272,0.4769088923931122,198000
1990-09-06,1.125,1.131943941116333,1.1041669845581055,1.1041669845581055,0.4623689651489258,637200
1990-09-07,1.138888955116272,1.138888955116272,1.1041669845581055,1.138888955116272,0.4769088923931122,511200
1990-09-10,1.138888955116272,1.138888955116272,1.111111044883728,1.118056058883667,0.4681850075721741,72000
1990-09-11,1.1215280294418335,1.1215280294418335,1.111111044883728,1.111111044883728,0.4652768671512604,82800
1990-09-12,1.1041669845581055,1.138888955116272,1.1041669845581055,1.138888955116272,0.4769088923931122,180000
1990-09-13,1.0972219705581665,1.131943941116333,1.0972219705581665,1.0972219705581665,0.4594607651233673,57600
1990-09-14,1.0972219705581665,1.138888955116272,1.0972219705581665,1.138888955116272,0.4769088923931122,1998000
1990-09-17,1.0972219705581665,1.138888955116272,1.0972219705581665,1.0972219705581665,0.4594607651233673,86400
1990-09-18,1.125,1.138888955116272,1.111111044883728,1.111111044883728,0.4652768671512604,561600
1990-09-19,1.138888955116272,1.138888955116272,1.0972219705581665,1.138888955116272,0.4769088923931122,1890000
1990-09-20,1.131943941116333,1.131943941116333,1.1041669845581055,1.1041669845581055,0.4623689651489258,208800
1990-09-21,1.1041669845581055,1.125,1.1041669845581055,1.1041669845581055,0.4623689651489258,428400
1990-09-24,1.125,1.125,1.0972219705581665,1.0972219705581665,0.4594607651233673,90000
1990-09-25,1.0972219705581665,1.125,1.0972219705581665,1.0972219705581665,0.4594607651233673,1998000
1990-09-26,1.0972219705581665,1.125,1.086806058883667,1.086806058883667,0.4550991356372833,1602000
1990-09-27,1.0833330154418945,1.111111044883728,1.076388955116272,1.076388955116272,0.450736939907074,939600
1990-09-28,1.076388955116272,1.111111044883728,1.076388955116272,1.111111044883728,0.4652768671512604,727200
1990-10-01,1.111111044883728,1.1527780294418335,1.0972219705581665,1.138888955116272,0.4769088923931122,403200
1990-10-02,1.180556058883667,1.180556058883667,1.1527780294418335,1.1527780294418335,0.4827248156070709,104400
1990-10-03,1.180556058883667,1.180556058883667,1.173611044883728,1.180556058883667,0.49435675144195557,226800
1990-10-04,1.1458330154418945,1.180556058883667,1.1458330154418945,1.180556058883667,0.49435675144195557,10800
1990-10-05,1.138888955116272,1.180556058883667,1.138888955116272,1.180556058883667,0.49435675144195557,532800
1990-10-08,1.180556058883667,1.180556058883667,1.1666669845581055,1.1666669845581055,0.4885408580303192,158400
1990-10-09,1.1666669845581055,1.180556058883667,1.1666669845581055,1.180556058883667,0.49435675144195557,162000
1990-10-10,1.180556058883667,1.180556058883667,1.138888955116272,1.1666669845581055,0.4885408580303192,1234800
1990-10-11,1.1666669845581055,1.1666669845581055,1.125,1.125,0.4710927903652191,669600
1990-10-12,1.125,1.1666669845581055,1.125,1.125,0.4710927903652191,406800
1990-10-15,1.1527780294418335,1.1527780294418335,1.118056058883667,1.118056058883667,0.4681850075721741,43200
1990-10-16,1.118056058883667,1.118056058883667,1.111111044883728,1.111111044883728,0.4652768671512604,46800
1990-10-17,1.0972219705581665,1.125,1.0972219705581665,1.1145830154418945,0.46673065423965454,3110400
1990-10-18,1.1041669845581055,1.138888955116272,1.1041669845581055,1.1041669845581055,0.4623689651489258,1220400
1990-10-19,1.131943941116333,1.138888955116272,1.1041669845581055,1.1041669845581055,0.4623689651489258,133200
1990-10-22,1.107638955116272,1.138888955116272,1.107638955116272,1.138888955116272,0.4769088923931122,36000
1990-10-23,1.138888955116272,1.138888955116272,1.118056058883667,1.125,0.4710927903652191,237600
1990-10-24,1.1041669845581055,1.111111044883728,1.1041669845581055,1.111111044883728,0.4652768671512604,331200
1990-10-25,1.138888955116272,1.1458330154418945,1.138888955116272,1.1458330154418945,0.47981658577919006,18000
1990-10-26,1.1041669845581055,1.138888955116272,1.1041669845581055,1.111111044883728,0.4652768671512604,777600
1990-10-29,1.1041669845581055,1.111111044883728,1.1041669845581055,1.111111044883728,0.4652768671512604,1724400
1990-10-30,1.111111044883728,1.118056058883667,1.100693941116333,1.1041669845581055,0.4623689651489258,550800
1990-10-31,1.118056058883667,1.125,1.0972219705581665,1.0972219705581665,0.4594607651233673,90000
1990-11-01,1.1041669845581055,1.125,1.0972219705581665,1.125,0.4710927903652191,162000
1990-11-02,1.125,1.125,1.0972219705581665,1.0972219705581665,0.4594607651233673,93600
1990-11-05,1.125,1.131943941116333,1.0972219705581665,1.0972219705581665,0.4594607651233673,806400
1990-11-06,1.125,1.138888955116272,1.0972219705581665,1.111111044883728,0.4652768671512604,3045600
1990-11-07,1.111111044883728,1.1458330154418945,1.111111044883728,1.138888955116272,0.4769088923931122,864000
1990-11-08,1.138888955116272,1.138888955116272,1.1041669845581055,1.138888955116272,0.4769088923931122,464400
1990-11-09,1.111111044883728,1.138888955116272,1.111111044883728,1.138888955116272,0.4769088923931122,302400
1990-11-12,1.138888955116272,1.138888955116272,1.125,1.1284719705581665,0.4725467264652252,320400
1990-11-13,1.138888955116272,1.180556058883667,1.138888955116272,1.180556058883667,0.49435675144195557,439200
1990-11-14,1.1666669845581055,1.180556058883667,1.138888955116272,1.180556058883667,0.49435675144195557,75600
1990-11-15,1.1527780294418335,1.2083330154418945,1.1527780294418335,1.180556058883667,0.49435675144195557,824400
1990-11-16,1.194443941116333,1.2083330154418945,1.194443941116333,1.2083330154418945,0.5059884190559387,50400
1990-11-19,1.2083330154418945,1.2083330154418945,1.180556058883667,1.2083330154418945,0.5059884190559387,226800
1990-11-20,1.180556058883667,1.236111044883728,1.180556058883667,1.225693941116333,0.5132583975791931,846000
1990-11-21,1.2152780294418335,1.236111044883728,1.2152780294418335,1.236111044883728,0.5176205039024353,3117600
1990-11-23,1.2152780294418335,1.236111044883728,1.2152780294418335,1.2222219705581665,0.5118043422698975,813600
1990-11-26,1.2222219705581665,1.236111044883728,1.2222219705581665,1.2222219705581665,0.5118043422698975,1360800
1990-11-27,1.236111044883728,1.2777780294418335,1.236111044883728,1.2777780294418335,0.5350685119628906,1008000
1990-11-28,1.2777780294418335,1.2777780294418335,1.236111044883728,1.263888955116272,0.5292524099349976,1440000
1990-11-29,1.236111044883728,1.263888955116272,1.2291669845581055,1.2291669845581055,0.5147126317024231,291600
1990-11-30,1.263888955116272,1.2777780294418335,1.25,1.267361044883728,0.5307064056396484,1998000
1990-12-03,1.2708330154418945,1.2708330154418945,1.25,1.2708330154418945,0.5321603417396545,1342800
1990-12-04,1.25,1.2708330154418945,1.25,1.2708330154418945,0.5321603417396545,554400
1990-12-05,1.2847219705581665,1.3472219705581665,1.25,1.3472219705581665,0.5641482472419739,900000
1990-12-06,1.3472219705581665,1.381943941116333,1.3125,1.3402780294418335,0.5612404346466064,1015200
1990-12-07,1.3541669845581055,1.3541669845581055,1.319443941116333,1.3472219705581665,0.5641482472419739,230400
1990-12-10,1.3125,1.3402780294418335,1.3125,1.3125,0.5496082901954651,223200
1990-12-11,1.3402780294418335,1.3541669845581055,1.3333330154418945,1.3472219705581665,0.5641482472419739,1886400
1990-12-12,1.3333330154418945,1.3541669845581055,1.3333330154418945,1.3402780294418335,0.5612404346466064,1018800
1990-12-13,1.361111044883728,1.361111044883728,1.3402780294418335,1.350693941116333,0.5656018257141113,1184400
1990-12-14,1.34375,1.361111044883728,1.3333330154418945,1.361111044883728,0.5699642896652222,342000
1990-12-17,1.3333330154418945,1.361111044883728,1.3333330154418945,1.361111044883728,0.5699642896652222,388800
1990-12-18,1.361111044883728,1.430556058883667,1.361111044883728,1.430556058883667,0.5990442633628845,1231200
1990-12-19,1.430556058883667,1.430556058883667,1.375,1.3784719705581665,0.5772340297698975,1368000
1990-12-20,1.388888955116272,1.4097219705581665,1.388888955116272,1.388888955116272,0.5815960764884949,241200
1990-12-21,1.4097219705581665,1.4166669845581055,1.388888955116272,1.388888955116272,0.5815960764884949,302400
1990-12-24,1.4166669845581055,1.430556058883667,1.388888955116272,1.430556058883667,0.5990442633628845,198000
1990-12-26,1.3958330154418945,1.430556058883667,1.3958330154418945,1.430556058883667,0.5990442633628845,169200
1990-12-27,1.3958330154418945,1.451388955116272,1.3958330154418945,1.423611044883728,0.5961359739303589,543600
1990-12-28,1.4583330154418945,1.4652780294418335,1.430556058883667,1.4583330154418945,0.6106757521629333,356400
1990-12-31,1.430556058883667,1.430556058883667,1.4027780294418335,1.430556058883667,0.5990442633628845,633600
1991-01-02,1.388888955116272,1.4340280294418335,1.388888955116272,1.388888955116272,0.5815960764884949,252000
1991-01-03,1.375,1.4027780294418335,1.375,1.4027780294418335,0.5874120593070984,118800
1991-01-04,1.4027780294418335,1.4027780294418335,1.375,1.375,0.5757801532745361,54000
1991-01-07,1.388888955116272,1.388888955116272,1.361111044883728,1.361111044883728,0.5699642896652222,237600
1991-01-08,1.375,1.388888955116272,1.361111044883728,1.381943941116333,0.5786879062652588,666000
1991-01-09,1.361111044883728,1.381943941116333,1.3472219705581665,1.3472219705581665,0.5641482472419739,806400
1991-01-10,1.3472219705581665,1.3472219705581665,1.3472219705581665,1.3472219705581665,0.5641482472419739,54000
1991-01-11,1.3472219705581665,1.361111044883728,1.3472219705581665,1.3541669845581055,0.5670563578605652,694800
1991-01-14,1.3333330154418945,1.3333330154418945,1.305556058883667,1.319443941116333,0.5525161027908325,136800
1991-01-15,1.298611044883728,1.3333330154418945,1.298611044883728,1.3159719705581665,0.551062285900116,460800
1991-01-16,1.3090280294418335,1.3125,1.2916669845581055,1.3125,0.5496082901954651,172800
1991-01-17,1.319443941116333,1.319443941116333,1.2847219705581665,1.319443941116333,0.5525161027908325,3304800
1991-01-18,1.319443941116333,1.319443941116333,1.288193941116333,1.319443941116333,0.5525161027908325,3175200
1991-01-21,1.2916669845581055,1.3333330154418945,1.2916669845581055,1.3333330154418945,0.5583319067955017,248400
1991-01-22,1.319443941116333,1.3402780294418335,1.3125,1.319443941116333,0.5525161027908325,741600
1991-01-23,1.3402780294418335,1.3472219705581665,1.319443941116333,1.3472219705581665,0.5641482472419739,525600
1991-01-24,1.3472219705581665,1.361111044883728,1.3333330154418945,1.361111044883728,0.5699642896652222,424800
1991-01-25,1.361111044883728,1.388888955116272,1.361111044883728,1.388888955116272,0.5815960764884949,385200
1991-01-28,1.3958330154418945,1.3958330154418945,1.3715280294418335,1.3958330154418945,0.5845039486885071,90000
1991-01-29,1.361111044883728,1.3958330154418945,1.361111044883728,1.3958330154418945,0.5845039486885071,457200
1991-01-30,1.361111044883728,1.3958330154418945,1.361111044883728,1.3958330154418945,0.5845039486885071,370800
1991-01-31,1.3958330154418945,1.430556058883667,1.381943941116333,1.430556058883667,0.5990442633628845,1569600
1991-02-01,1.430556058883667,1.4375,1.4027780294418335,1.4375,0.601952075958252,777600
1991-02-04,1.444443941116333,1.4652780294418335,1.423611044883728,1.451388955116272,0.6077679395675659,777600
1991-02-05,1.4722219705581665,1.4722219705581665,1.451388955116272,1.451388955116272,0.6077679395675659,388800
1991-02-06,1.4722219705581665,1.506943941116333,1.4583330154418945,1.506943941116333,0.6310315132141113,788400
1991-02-07,1.4791669845581055,1.569443941116333,1.4791669845581055,1.5347219705581665,0.6426635980606079,1501200
1991-02-08,1.5277780294418335,1.548611044883728,1.5277780294418335,1.5277780294418335,0.6397558450698853,1652400
1991-02-11,1.5277780294418335,1.555556058883667,1.513888955116272,1.548611044883728,0.6484796404838562,1209600
1991-02-12,1.5416669845581055,1.625,1.5416669845581055,1.5833330154418945,0.6630194187164307,525600
1991-02-13,1.5833330154418945,1.625,1.5833330154418945,1.611111044883728,0.6746515035629272,867600
1991-02-14,1.625,1.625,1.5833330154418945,1.5833330154418945,0.6630194187164307,525600
1991-02-15,1.611111044883728,1.611111044883728,1.576388955116272,1.611111044883728,0.6746515035629272,392400
1991-02-19,1.576388955116272,1.611111044883728,1.576388955116272,1.611111044883728,0.6746515035629272,820800
1991-02-20,1.576388955116272,1.611111044883728,1.576388955116272,1.576388955116272,0.6601115465164185,478800
1991-02-21,1.576388955116272,1.611111044883728,1.5625,1.576388955116272,0.6601115465164185,504000
1991-02-22,1.6041669845581055,1.6041669845581055,1.576388955116272,1.5972219705581665,0.6688352227210999,1054800
1991-02-25,1.611111044883728,1.611111044883728,1.576388955116272,1.611111044883728,0.6746515035629272,144000
1991-02-26,1.579861044883728,1.6041669845581055,1.576388955116272,1.576388955116272,0.6601115465164185,1094400
1991-02-27,1.5833330154418945,1.6041669845581055,1.576388955116272,1.576388955116272,0.6601115465164185,169200
1991-02-28,1.5972219705581665,1.611111044883728,1.576388955116272,1.611111044883728,0.6746515035629272,252000
1991-03-01,1.611111044883728,1.611111044883728,1.5833330154418945,1.611111044883728,0.6746515035629272,651600
1991-03-04,1.618056058883667,1.680556058883667,1.5902780294418335,1.673611044883728,0.7008233666419983,1184400
1991-03-05,1.680556058883667,1.701388955116272,1.638888955116272,1.701388955116272,0.712455153465271,1051200
1991-03-06,1.7222219705581665,1.7222219705581665,1.680556058883667,1.7083330154418945,0.7153629660606384,241200
1991-03-07,1.6666669845581055,1.7083330154418945,1.6666669845581055,1.7083330154418945,0.7153629660606384,104400
1991-03-08,1.7083330154418945,1.7083330154418945,1.6666669845581055,1.7083330154418945,0.7153629660606384,151200
1991-03-11,1.6666669845581055,1.7083330154418945,1.6597219705581665,1.6666669845581055,0.7011647820472717,630000
1991-03-12,1.7083330154418945,1.7152780294418335,1.6770830154418945,1.7152780294418335,0.7216156721115112,219600
1991-03-13,1.7152780294418335,1.7152780294418335,1.673611044883728,1.673611044883728,0.7040863633155823,104400
1991-03-14,1.7083330154418945,1.7152780294418335,1.673611044883728,1.7152780294418335,0.7216156721115112,111600
1991-03-15,1.7152780294418335,1.7222219705581665,1.694443941116333,1.7222219705581665,0.7245367765426636,61200
1991-03-18,1.7222219705581665,1.7222219705581665,1.6840280294418335,1.6840280294418335,0.708468496799469,792000
1991-03-19,1.7152780294418335,1.7152780294418335,1.6840280294418335,1.694443941116333,0.7128506898880005,187200
1991-03-20,1.6840280294418335,1.711806058883667,1.6840280294418335,1.7083330154418945,0.7186935544013977,673200
1991-03-21,1.6840280294418335,1.704861044883728,1.680556058883667,1.704861044883728,0.7172333002090454,244800
1991-03-22,1.7083330154418945,1.7083330154418945,1.701388955116272,1.704861044883728,0.7172333002090454,187200
1991-03-25,1.704861044883728,1.7083330154418945,1.6840280294418335,1.704861044883728,0.7172333002090454,781200
1991-03-26,1.704861044883728,1.736111044883728,1.6840280294418335,1.736111044883728,0.7303799390792847,356400
1991-03-27,1.736111044883728,1.75,1.7152780294418335,1.75,0.736223042011261,853200
1991-03-28,1.75,1.805556058883667,1.75,1.7847219705581665,0.7508302927017212,331200
1991-04-01,1.805556058883667,1.861111044883728,1.767361044883728,1.861111044883728,0.7829672694206238,763200
1991-04-02,1.875,1.9166669845581055,1.850693941116333,1.888888955116272,0.7946534156799316,900000
1991-04-03,1.9166669845581055,2.0416669845581055,1.9166669845581055,1.96875,0.8282507061958313,782400
1991-04-04,1.96875,2.0260419845581055,1.9166669845581055,1.9375,0.815104067325592,1447200
1991-04-05,1.953125,1.953125,1.8854169845581055,1.9427080154418945,0.8172949552536011,187200
1991-04-08,1.9427080154418945,1.9479169845581055,1.8958330154418945,1.9479169845581055,0.8194863200187683,907200
1991-04-09,1.9270830154418945,1.9427080154418945,1.8802080154418945,1.9010419845581055,0.7997663021087646,1005600
1991-04-10,1.9010419845581055,1.9166669845581055,1.875,1.8854169845581055,0.7931926846504211,319200
1991-04-11,1.8958330154418945,1.9166669845581055,1.8854169845581055,1.9166669845581055,0.8063396215438843,1058400
1991-04-12,1.9166669845581055,1.9166669845581055,1.8958330154418945,1.9166669845581055,0.8063396215438843,268800
1991-04-15,1.9166669845581055,1.9166669845581055,1.875,1.9114580154418945,0.8041481971740723,1034400
1991-04-16,1.9114580154418945,1.9166669845581055,1.875,1.9166669845581055,0.8063396215438843,2901600
1991-04-17,1.9166669845581055,1.9166669845581055,1.890625,1.9166669845581055,0.8063396215438843,710400
1991-04-18,1.9166669845581055,1.9166669845581055,1.890625,1.9166669845581055,0.8063396215438843,194400
1991-04-19,1.9166669845581055,1.9166669845581055,1.8854169845581055,1.90625,0.8019571304321289,307200
1991-04-22,1.90625,1.90625,1.8645830154418945,1.8854169845581055,0.7931926846504211,1610400
1991-04-23,1.8854169845581055,1.8958330154418945,1.8645830154418945,1.8645830154418945,0.7844282388687134,842400
1991-04-24,1.8645830154418945,1.8854169845581055,1.8541669845581055,1.8541669845581055,0.7800460457801819,873600
1991-04-25,1.875,1.875,1.8385419845581055,1.8541669845581055,0.7800460457801819,420000
1991-04-26,1.8541669845581055,1.8541669845581055,1.7760419845581055,1.7760419845581055,0.7471789717674255,206400
1991-04-29,1.7604169845581055,1.8177080154418945,1.7552080154418945,1.7916669845581055,0.7537520527839661,288000
1991-04-30,1.8072919845581055,1.8125,1.7708330154418945,1.7708330154418945,0.7449871897697449,801600
1991-05-01,1.796875,1.796875,1.7552080154418945,1.7708330154418945,0.7449871897697449,1219200
1991-05-02,1.8020830154418945,1.8020830154418945,1.7708330154418945,1.796875,0.7559430599212646,626400
1991-05-03,1.7864580154418945,1.8020830154418945,1.78125,1.796875,0.7559430599212646,408000
1991-05-06,1.796875,1.796875,1.7604169845581055,1.7864580154418945,0.7515608668327332,2515200
1991-05-07,1.7864580154418945,1.7916669845581055,1.765625,1.7760419845581055,0.7471789717674255,1108800
1991-05-08,1.7708330154418945,1.78125,1.7291669845581055,1.7291669845581055,0.7274584770202637,1387200
1991-05-09,1.734375,1.78125,1.7291669845581055,1.75,0.736223042011261,871200
1991-05-10,1.7760419845581055,1.78125,1.75,1.7552080154418945,0.73841392993927,345600
1991-05-13,1.7760419845581055,1.7760419845581055,1.75,1.7708330154418945,0.7449871897697449,451200
1991-05-14,1.78125,1.78125,1.7552080154418945,1.765625,0.7427963018417358,134400
1991-05-15,1.7760419845581055,1.78125,1.75,1.78125,0.7493699193000793,304800
1991-05-16,1.78125,1.78125,1.75,1.75,0.736223042011261,374400
1991-05-17,1.75,1.78125,1.75,1.7708330154418945,0.7449871897697449,991200
1991-05-20,1.7760419845581055,1.78125,1.7291669845581055,1.78125,0.7493699193000793,350400
1991-05-21,1.78125,1.7916669845581055,1.7447919845581055,1.7552080154418945,0.73841392993927,796800
1991-05-22,1.8020830154418945,1.8020830154418945,1.7604169845581055,1.8020830154418945,0.7581341862678528,288000
1991-05-23,1.8020830154418945,1.8020830154418945,1.7552080154418945,1.7552080154418945,0.73841392993927,816000
1991-05-24,1.8020830154418945,1.8020830154418945,1.7916669845581055,1.8020830154418945,0.7581341862678528,86400
1991-05-28,1.7552080154418945,1.8125,1.7552080154418945,1.8125,0.7625166177749634,484800
1991-05-29,1.8125,1.8229169845581055,1.7760419845581055,1.8229169845581055,0.7668988704681396,684000
1991-05-30,1.8645830154418945,1.9166669845581055,1.8125,1.9166669845581055,0.8063396215438843,254400
1991-05-31,1.9166669845581055,1.9791669845581055,1.90625,1.9791669845581055,0.832633376121521,156000
1991-06-03,1.9791669845581055,2.03125,1.9583330154418945,1.984375,0.8348240852355957,588000
1991-06-04,1.96875,2.015625,1.96875,2.015625,0.8479709029197693,103200
1991-06-05,1.96875,2.0208330154418945,1.96875,2.0208330154418945,0.8501623272895813,564000
1991-06-06,2.0,2.0833330154418945,1.9739580154418945,2.0729169845581055,0.8720737099647522,400800
1991-06-07,2.125,2.125,2.0729169845581055,2.0729169845581055,0.8720737099647522,132000
1991-06-10,2.0572919845581055,2.0833330154418945,1.96875,1.9947919845581055,0.8392068147659302,1087200
1991-06-11,1.9791669845581055,1.9791669845581055,1.9375,1.9427080154418945,0.8172949552536011,115200
1991-06-12,1.9375,1.96875,1.921875,1.96875,0.8282507061958313,79200
1991-06-13,1.921875,2.03125,1.9166669845581055,1.9791669845581055,0.832633376121521,787200
1991-06-14,1.9895830154418945,2.015625,1.9583330154418945,1.9947919845581055,0.8392068147659302,268800
1991-06-17,1.9375,2.0,1.9375,1.9583330154418945,0.823868453502655,48000
1991-06-18,1.9479169845581055,1.9791669845581055,1.9114580154418945,1.9114580154418945,0.8041481971740723,1291200
1991-06-19,1.875,1.9166669845581055,1.8645830154418945,1.9166669845581055,0.8063396215438843,194400
1991-06-20,1.8958330154418945,1.8958330154418945,1.8333330154418945,1.8333330154418945,0.7712811231613159,314400
1991-06-21,1.8958330154418945,1.8958330154418945,1.8333330154418945,1.8958330154418945,0.7975748181343079,122400
1991-06-24,1.875,1.875,1.8229169845581055,1.875,0.7888103127479553,84000
1991-06-25,1.8958330154418945,1.8958330154418945,1.8125,1.8125,0.7625166177749634,199200
1991-06-26,1.8645830154418945,1.8645830154418945,1.7395830154418945,1.7916669845581055,0.7537520527839661,777600
1991-06-27,1.75,1.8125,1.75,1.7552080154418945,0.73841392993927,271200
1991-06-28,1.75,1.8333330154418945,1.75,1.8333330154418945,0.7712811231613159,326400
1991-07-01,1.8541669845581055,1.8541669845581055,1.7708330154418945,1.796875,0.7559430599212646,340800
1991-07-02,1.8541669845581055,1.875,1.7916669845581055,1.8697919845581055,0.7866190075874329,501600
1991-07-03,1.8958330154418945,1.9166669845581055,1.8958330154418945,1.90625,0.8019571304321289,168000
1991-07-05,1.9166669845581055,1.9166669845581055,1.875,1.9166669845581055,0.8063396215438843,103200
1991-07-08,1.875,1.9479169845581055,1.875,1.9166669845581055,0.8063396215438843,842400
1991-07-09,1.8854169845581055,1.9583330154418945,1.8854169845581055,1.9270830154418945,0.8107215762138367,336000
1991-07-10,1.9166669845581055,1.9791669845581055,1.9166669845581055,1.9791669845581055,0.832633376121521,1512000
1991-07-11,1.9791669845581055,1.9791669845581055,1.9166669845581055,1.9791669845581055,0.832633376121521,703200
1991-07-12,1.9739580154418945,1.9791669845581055,1.9479169845581055,1.9791669845581055,0.832633376121521,801600
1991-07-15,1.9791669845581055,2.0,1.9166669845581055,1.96875,0.8282507061958313,115200
1991-07-16,2.0,2.0625,1.9375,2.0,0.8413976430892944,487200
1991-07-17,2.0625,2.0833330154418945,1.9895830154418945,2.0833330154418945,0.8764557242393494,1394400
1991-07-18,2.0208330154418945,2.0833330154418945,2.0208330154418945,2.0208330154418945,0.8501623272895813,48000
1991-07-19,2.0833330154418945,2.0833330154418945,1.9791669845581055,1.9791669845581055,0.832633376121521,463200
1991-07-22,2.0208330154418945,2.0208330154418945,1.9479169845581055,1.9479169845581055,0.8194863200187683,187200
1991-07-23,1.953125,2.0,1.9375,1.9375,0.815104067325592,350400
1991-07-24,1.9583330154418945,1.9791669845581055,1.875,1.875,0.7888103127479553,568800
1991-07-25,1.875,2.0,1.875,1.9791669845581055,0.832633376121521,326400
1991-07-26,2.0208330154418945,2.0208330154418945,1.9427080154418945,1.9479169845581055,0.8194863200187683,124800
1991-07-29,2.0208330154418945,2.03125,1.9583330154418945,2.03125,0.854544460773468,175200
1991-07-30,1.9583330154418945,2.03125,1.953125,1.9583330154418945,0.823868453502655,295200
1991-07-31,1.9270830154418945,1.9791669845581055,1.9270830154418945,1.9270830154418945,0.8107215762138367,1648800
1991-08-01,1.9375,2.0,1.9375,1.953125,0.8216773271560669,67200
1991-08-02,1.9479169845581055,2.0416669845581055,1.9479169845581055,2.0416669845581055,0.8589270710945129,340800
1991-08-05,1.9791669845581055,2.046875,1.9791669845581055,2.0208330154418945,0.8501623272895813,307200
1991-08-06,2.0,2.0833330154418945,2.0,2.0416669845581055,0.8589270710945129,804000
1991-08-07,2.0208330154418945,2.0833330154418945,2.0208330154418945,2.046875,0.8611177206039429,5776800
1991-08-08,2.0833330154418945,2.0833330154418945,2.0104169845581055,2.0833330154418945,0.8764557242393494,422400
1991-08-09,2.0625,2.0625,2.0520830154418945,2.0520830154418945,0.8633089661598206,14400
1991-08-12,2.0,2.0,2.0,2.0,0.8413976430892944,72000
1991-08-13,2.0,2.0416669845581055,2.0,2.0,0.8413976430892944,16800
1991-08-14,2.0416669845581055,2.0416669845581055,2.0,2.0208330154418945,0.8501623272895813,1029600
1991-08-15,2.0,2.03125,1.9791669845581055,1.9791669845581055,0.832633376121521,333600
1991-08-16,2.03125,2.03125,1.9791669845581055,2.03125,0.854544460773468,168000
1991-08-19,1.9583330154418945,2.0,1.8333330154418945,1.9583330154418945,0.823868453502655,907200
1991-08-20,1.9791669845581055,2.0208330154418945,1.9166669845581055,2.0208330154418945,0.8501623272895813,427200
1991-08-21,2.0208330154418945,2.0416669845581055,1.9583330154418945,2.0416669845581055,0.8589270710945129,590400
1991-08-22,2.0416669845581055,2.0416669845581055,2.0208330154418945,2.0208330154418945,0.8501623272895813,86400
1991-08-23,2.0416669845581055,2.0416669845581055,1.96875,2.03125,0.854544460773468,1850400
1991-08-26,2.03125,2.0416669845581055,2.0104169845581055,2.03125,0.854544460773468,379200
1991-08-27,2.03125,2.1666669845581055,1.9583330154418945,2.1458330154418945,0.9027497172355652,1420800
1991-08-28,2.1666669845581055,2.1666669845581055,2.1041669845581055,2.15625,0.9071318507194519,117600
1991-08-29,2.1666669845581055,2.1979169845581055,2.1041669845581055,2.1458330154418945,0.9027497172355652,1015200
1991-08-30,2.1875,2.1875,2.1145830154418945,2.15625,0.9071318507194519,808800
1991-09-03,2.1041669845581055,2.15625,2.1041669845581055,2.1041669845581055,0.8852205872535706,120000
1991-09-04,2.1041669845581055,2.1458330154418945,2.1041669845581055,2.1458330154418945,0.9027497172355652,333600
1991-09-05,2.1041669845581055,2.1354169845581055,2.1041669845581055,2.125,0.8939849734306335,1399200
1991-09-06,2.1041669845581055,2.1458330154418945,2.1041669845581055,2.1041669845581055,0.8852205872535706,372000
1991-09-09,2.1354169845581055,2.1354169845581055,2.0625,2.0625,0.8676912784576416,470400
1991-09-10,2.1354169845581055,2.1354169845581055,2.0416669845581055,2.1041669845581055,0.8852205872535706,799200
1991-09-11,2.078125,2.1041669845581055,2.0416669845581055,2.0729169845581055,0.8720737099647522,278400
1991-09-12,2.1041669845581055,2.1041669845581055,2.0625,2.0677080154418945,0.8698825240135193,451200
1991-09-13,2.0416669845581055,2.1041669845581055,2.0416669845581055,2.1041669845581055,0.8852205872535706,86400
1991-09-16,2.1041669845581055,2.1145830154418945,2.0416669845581055,2.1041669845581055,0.8852205872535706,62400
1991-09-17,2.1041669845581055,2.1145830154418945,2.0520830154418945,2.0520830154418945,0.8633089661598206,650400
1991-09-18,2.0520830154418945,2.1145830154418945,2.0520830154418945,2.1145830154418945,0.8896024823188782,501600
1991-09-19,2.0625,2.1041669845581055,2.0520830154418945,2.1041669845581055,0.8852205872535706,1490400
1991-09-20,2.0520830154418945,2.1145830154418945,2.0520830154418945,2.0833330154418945,0.8764557242393494,1111200
1991-09-23,2.0520830154418945,2.0833330154418945,2.0520830154418945,2.0625,0.8676912784576416,417600
1991-09-24,2.0833330154418945,2.0833330154418945,2.046875,2.0833330154418945,0.8764557242393494,348000
1991-09-25,2.0833330154418945,2.0833330154418945,2.0416669845581055,2.046875,0.8611177206039429,228000
1991-09-26,2.0833330154418945,2.0833330154418945,2.0416669845581055,2.0833330154418945,0.8764557242393494,871200
1991-09-27,2.0833330154418945,2.0833330154418945,2.0416669845581055,2.0833330154418945,0.8764557242393494,93600
1991-09-30,2.0833330154418945,2.0833330154418945,2.0416669845581055,2.0416669845581055,0.8589270710945129,859200
1991-10-01,2.0833330154418945,2.0833330154418945,2.03125,2.0416669845581055,0.8589270710945129,626400
1991-10-02,2.0416669845581055,2.0833330154418945,2.0416669845581055,2.0833330154418945,0.8764557242393494,537600
1991-10-03,2.0833330154418945,2.0833330154418945,1.8333330154418945,1.875,0.7888103127479553,16423200
1991-10-04,1.84375,1.9166669845581055,1.78125,1.78125,0.7493699193000793,10845600
1991-10-07,1.8333330154418945,1.8333330154418945,1.7708330154418945,1.78125,0.7493699193000793,8119200
1991-10-08,1.78125,1.8229169845581055,1.78125,1.8229169845581055,0.7668988704681396,7296000
1991-10-09,1.8541669845581055,1.8541669845581055,1.8125,1.8541669845581055,0.7800460457801819,2210400
1991-10-10,1.875,1.8958330154418945,1.8333330154418945,1.875,0.7888103127479553,3379200
1991-10-11,1.8958330154418945,1.9166669845581055,1.8333330154418945,1.8854169845581055,0.7931926846504211,1975200
1991-10-14,1.8541669845581055,1.90625,1.8541669845581055,1.90625,0.8019571304321289,602400
1991-10-15,1.9166669845581055,1.9166669845581055,1.8541669845581055,1.9166669845581055,0.8063396215438843,2404800
1991-10-16,1.875,1.9427080154418945,1.875,1.9166669845581055,0.8063396215438843,2390400
1991-10-17,1.9166669845581055,1.9375,1.90625,1.9166669845581055,0.8063396215438843,1732800
1991-10-18,1.9375,1.9635419845581055,1.9166669845581055,1.9635419845581055,0.8260598182678223,208800
1991-10-21,1.9166669845581055,1.9791669845581055,1.9166669845581055,1.9166669845581055,0.8063396215438843,504000
1991-10-22,1.9166669845581055,1.9791669845581055,1.9166669845581055,1.9166669845581055,0.8063396215438843,204000
1991-10-23,1.921875,1.9583330154418945,1.8958330154418945,1.9583330154418945,0.823868453502655,679200
1991-10-24,1.9583330154418945,1.9583330154418945,1.8854169845581055,1.9270830154418945,0.8107215762138367,604800
1991-10-25,1.9270830154418945,1.9270830154418945,1.8645830154418945,1.875,0.7888103127479553,588000
1991-10-28,1.9166669845581055,1.9166669845581055,1.8645830154418945,1.8958330154418945,0.7975748181343079,628800
1991-10-29,1.8958330154418945,1.8958330154418945,1.8229169845581055,1.84375,0.775663435459137,1044000
1991-10-30,1.8541669845581055,1.875,1.7916669845581055,1.875,0.7888103127479553,4488000
1991-10-31,1.875,1.9166669845581055,1.8125,1.8854169845581055,0.7931926846504211,724800
1991-11-01,1.8541669845581055,1.9166669845581055,1.8541669845581055,1.9166669845581055,0.8063396215438843,2049600
1991-11-04,1.875,1.9375,1.875,1.9166669845581055,0.8063396215438843,796800
1991-11-05,1.9375,1.9375,1.875,1.875,0.7888103127479553,3060000
1991-11-06,1.875,1.90625,1.875,1.890625,0.7953834533691406,278400
1991-11-07,1.8541669845581055,1.8958330154418945,1.8541669845581055,1.8541669845581055,0.7800460457801819,249600
1991-11-08,1.8541669845581055,1.8958330154418945,1.8541669845581055,1.8854169845581055,0.7931926846504211,1418400
1991-11-11,1.8854169845581055,1.8854169845581055,1.8541669845581055,1.8697919845581055,0.7866190075874329,292800
1991-11-12,1.8854169845581055,1.8958330154418945,1.8541669845581055,1.8854169845581055,0.7931926846504211,1953600
1991-11-13,1.8958330154418945,1.8958330154418945,1.8541669845581055,1.8958330154418945,0.7975748181343079,60000
1991-11-14,1.8541669845581055,1.8958330154418945,1.8541669845581055,1.8958330154418945,0.7975748181343079,489600
1991-11-15,1.8958330154418945,1.8958330154418945,1.8541669845581055,1.8645830154418945,0.7844282388687134,1730400
1991-11-18,1.8333330154418945,1.8854169845581055,1.8333330154418945,1.8333330154418945,0.7712811231613159,1821600
1991-11-19,1.8333330154418945,1.8541669845581055,1.8020830154418945,1.8229169845581055,0.7668988704681396,1593600
1991-11-20,1.7916669845581055,1.8229169845581055,1.7916669845581055,1.7916669845581055,0.7537520527839661,780000
1991-11-21,1.7916669845581055,1.84375,1.7916669845581055,1.8229169845581055,0.7668988704681396,8193600
1991-11-22,1.84375,1.84375,1.7916669845581055,1.84375,0.775663435459137,1456800
1991-11-25,1.84375,1.84375,1.8125,1.8333330154418945,0.7712811231613159,376800
1991-11-26,1.84375,1.8541669845581055,1.8125,1.8333330154418945,0.7712811231613159,266400
1991-11-27,1.84375,1.8541669845581055,1.8125,1.84375,0.775663435459137,1564800
1991-11-29,1.8541669845581055,1.8541669845581055,1.8125,1.8333330154418945,0.7712811231613159,223200
1991-12-02,1.8541669845581055,1.875,1.8333330154418945,1.875,0.7888103127479553,878400
1991-12-03,1.8645830154418945,1.8854169845581055,1.8333330154418945,1.8645830154418945,0.7844282388687134,4675200
1991-12-04,1.8958330154418945,1.8958330154418945,1.8645830154418945,1.8854169845581055,0.7931926846504211,196800
1991-12-05,1.8958330154418945,1.8958330154418945,1.8541669845581055,1.8958330154418945,0.7975748181343079,439200
1991-12-06,1.8958330154418945,1.8958330154418945,1.8541669845581055,1.8958330154418945,0.7975748181343079,926400
1991-12-09,1.8958330154418945,1.8958330154418945,1.8541669845581055,1.8958330154418945,0.7975748181343079,600000
1991-12-10,1.8541669845581055,1.8958330154418945,1.8541669845581055,1.8541669845581055,0.7800460457801819,609600
1991-12-11,1.8541669845581055,1.8958330154418945,1.8020830154418945,1.8645830154418945,0.7844282388687134,1996800
1991-12-12,1.875,1.875,1.8020830154418945,1.875,0.7888103127479553,1298400
1991-12-13,1.875,1.8854169845581055,1.84375,1.875,0.7888103127479553,3444000
1991-12-16,1.8697919845581055,1.8854169845581055,1.8541669845581055,1.875,0.7888103127479553,542400
1991-12-17,1.8854169845581055,1.8854169845581055,1.8541669845581055,1.8541669845581055,0.7800460457801819,993600
1991-12-18,1.8854169845581055,1.8854169845581055,1.8541669845581055,1.8854169845581055,0.7931926846504211,1269600
1991-12-19,1.84375,1.8854169845581055,1.84375,1.8645830154418945,0.7844282388687134,4584000
1991-12-20,1.8854169845581055,1.8854169845581055,1.84375,1.875,0.7888103127479553,998400
1991-12-23,1.8854169845581055,1.8854169845581055,1.84375,1.8854169845581055,0.7931926846504211,2474400
1991-12-24,1.8854169845581055,1.8854169845581055,1.84375,1.8854169845581055,0.7931926846504211,1267200
1991-12-26,1.8854169845581055,1.90625,1.875,1.90625,0.8019571304321289,957600
1991-12-27,1.90625,1.9270830154418945,1.875,1.875,0.7888103127479553,1063200
1991-12-30,1.9270830154418945,2.0,1.8958330154418945,1.9791669845581055,0.832633376121521,1958400
1991-12-31,2.0,2.0833330154418945,1.9583330154418945,2.0833330154418945,0.8764557242393494,907200
1992-01-02,2.0833330154418945,2.0833330154418945,2.0416669845581055,2.0729169845581055,0.8720737099647522,2671200
1992-01-03,2.0520830154418945,2.1666669845581055,2.0520830154418945,2.1041669845581055,0.8852205872535706,2016000
1992-01-06,2.1041669845581055,2.1770830154418945,2.1041669845581055,2.1666669845581055,0.911514163017273,2464800
1992-01-07,2.1041669845581055,2.3854169845581055,2.1041669845581055,2.3333330154418945,0.9816306829452515,5625600
1992-01-08,2.3125,2.3333330154418945,2.2916669845581055,2.2916669845581055,0.9641015529632568,2522400
1992-01-09,2.3333330154418945,2.375,2.2916669845581055,2.3229169845581055,0.9772482514381409,3516000
1992-01-10,2.375,2.375,2.3125,2.3645830154418945,0.9947773218154907,340800
1992-01-13,2.2916669845581055,2.375,2.2916669845581055,2.375,0.9991597533226013,636000
1992-01-14,2.3541669845581055,2.375,2.3125,2.3125,0.9728661775588989,554400
1992-01-15,2.375,2.375,2.3125,2.3125,0.9728661775588989,806400
1992-01-16,2.3125,2.375,2.3125,2.375,0.9991597533226013,393600
1992-01-17,2.34375,2.4166669845581055,2.3125,2.4166669845581055,1.0166889429092407,420000
1992-01-20,2.4166669845581055,2.4166669845581055,2.3541669845581055,2.3697919845581055,0.9969688057899475,340800
1992-01-21,2.3958330154418945,2.3958330154418945,2.34375,2.3489580154418945,0.9882040619850159,909600
1992-01-22,2.34375,2.4375,2.34375,2.4270830154418945,1.021071195602417,837600
1992-01-23,2.4375,2.4375,2.3854169845581055,2.3854169845581055,1.0035420656204224,144000
1992-01-24,2.3854169845581055,2.4375,2.3854169845581055,2.3854169845581055,1.0035420656204224,1310400
1992-01-27,2.375,2.4166669845581055,2.375,2.375,0.9991597533226013,729600
1992-01-28,2.4166669845581055,2.4166669845581055,2.3541669845581055,2.3541669845581055,0.9903951287269592,1008000
1992-01-29,2.4166669845581055,2.4583330154418945,2.3541669845581055,2.3958330154418945,1.0079240798950195,1452000
1992-01-30,2.4583330154418945,2.4583330154418945,2.3958330154418945,2.40625,1.0123062133789062,350400
1992-01-31,2.3958330154418945,2.4479169845581055,2.3958330154418945,2.4270830154418945,1.021071195602417,292800
1992-02-03,2.3958330154418945,2.4479169845581055,2.3645830154418945,2.40625,1.0123062133789062,1065600
1992-02-04,2.40625,2.40625,2.3333330154418945,2.3541669845581055,0.9903951287269592,1305600
1992-02-05,2.375,2.3958330154418945,2.3333330154418945,2.3958330154418945,1.0079240798950195,1226400
1992-02-06,2.3958330154418945,2.4166669845581055,2.3645830154418945,2.40625,1.0123062133789062,1171200
1992-02-07,2.4375,2.4375,2.3854169845581055,2.4375,1.0254535675048828,468000
1992-02-10,2.4375,2.4375,2.3854169845581055,2.4166669845581055,1.0166889429092407,412800
1992-02-11,2.4270830154418945,2.4375,2.3854169845581055,2.3854169845581055,1.0035420656204224,420000
1992-02-12,2.4375,2.46875,2.3854169845581055,2.46875,1.0386003255844116,499200
1992-02-13,2.4270830154418945,2.5625,2.4270830154418945,2.4791669845581055,1.0429826974868774,1149600
1992-02-14,2.5416669845581055,2.5416669845581055,2.4791669845581055,2.4791669845581055,1.0429826974868774,393600
1992-02-18,2.5625,2.5833330154418945,2.5625,2.5625,1.0780409574508667,1473600
1992-02-19,2.5625,2.6770830154418945,2.5625,2.6666669845581055,1.1218633651733398,3650400
1992-02-20,2.6458330154418945,2.6770830154418945,2.59375,2.625,1.1043343544006348,2253600
1992-02-21,2.59375,2.625,2.4895830154418945,2.4895830154418945,1.0473648309707642,1334400
1992-02-24,2.5416669845581055,2.6041669845581055,2.5,2.5416669845581055,1.0692763328552246,549600
1992-02-25,2.5625,2.5833330154418945,2.5,2.5833330154418945,1.086804747581482,746400
1992-02-26,2.5416669845581055,2.59375,2.5416669845581055,2.5520830154418945,1.0736583471298218,763200
1992-02-27,2.6041669845581055,2.6041669845581055,2.5208330154418945,2.5208330154418945,1.0605114698410034,835200
1992-02-28,2.5625,2.5625,2.5208330154418945,2.5208330154418945,1.0605114698410034,136800
1992-03-02,2.5625,2.5625,2.5104169845581055,2.5625,1.0780409574508667,1459200
1992-03-03,2.5104169845581055,2.5416669845581055,2.46875,2.4895830154418945,1.0511245727539062,777600
1992-03-04,2.46875,2.5104169845581055,2.46875,2.5104169845581055,1.0599212646484375,480000
1992-03-05,2.4166669845581055,2.4791669845581055,2.4166669845581055,2.4166669845581055,1.0203388929367065,691200
1992-03-06,2.3958330154418945,2.4583330154418945,2.2916669845581055,2.3645830154418945,0.9983488917350769,1557600
1992-03-09,2.3020830154418945,2.3958330154418945,2.3020830154418945,2.375,1.002746820449829,1924800
1992-03-10,2.4479169845581055,2.4583330154418945,2.375,2.4583330154418945,1.0379306077957153,650400
1992-03-11,2.4583330154418945,2.4583330154418945,2.4166669845581055,2.4375,1.0291348695755005,1245600
1992-03-12,2.4166669845581055,2.4375,2.3958330154418945,2.4375,1.0291348695755005,828000
1992-03-13,2.4166669845581055,2.4583330154418945,2.4166669845581055,2.4583330154418945,1.0379306077957153,96000
1992-03-16,2.3958330154418945,2.4583330154418945,2.3958330154418945,2.3958330154418945,1.011542797088623,103200
1992-03-17,2.4791669845581055,2.4791669845581055,2.40625,2.40625,1.01594078540802,328800
1992-03-18,2.4791669845581055,2.4791669845581055,2.4166669845581055,2.4166669845581055,1.0203388929367065,218400
1992-03-19,2.4791669845581055,2.4791669845581055,2.4270830154418945,2.4791669845581055,1.046727180480957,232800
1992-03-20,2.4270830154418945,2.4791669845581055,2.4270830154418945,2.4270830154418945,1.0247371196746826,830400
1992-03-23,2.4791669845581055,2.4791669845581055,2.4166669845581055,2.4791669845581055,1.046727180480957,127200
1992-03-24,2.5,2.5,2.4583330154418945,2.5,1.05552339553833,218400
1992-03-25,2.5,2.5,2.4583330154418945,2.484375,1.0489263534545898,544800
1992-03-26,2.4583330154418945,2.5,2.4583330154418945,2.4947919845581055,1.0533241033554077,76800
1992-03-27,2.5,2.5,2.4166669845581055,2.4166669845581055,1.0203388929367065,331200
1992-03-30,2.4583330154418945,2.4583330154418945,2.375,2.375,1.002746820449829,463200
1992-03-31,2.4166669845581055,2.4166669845581055,2.2916669845581055,2.3541669845581055,0.9939507246017456,5438400
1992-04-01,2.3541669845581055,2.3541669845581055,2.2916669845581055,2.3541669845581055,0.9939507246017456,1101600
1992-04-02,2.2916669845581055,2.3541669845581055,2.2916669845581055,2.2916669845581055,0.9675627946853638,2462400
1992-04-03,2.3541669845581055,2.3541669845581055,2.25,2.25,0.9499708414077759,656400
1992-04-06,2.2916669845581055,2.2916669845581055,2.2291669845581055,2.25,0.9499708414077759,946800
1992-04-07,2.2708330154418945,2.2916669845581055,2.2291669845581055,2.25,0.9499708414077759,1659600
1992-04-08,2.2916669845581055,2.3125,2.25,2.3125,0.9763587713241577,1399200
1992-04-09,2.3125,2.375,2.2916669845581055,2.375,1.002746820449829,1600800
1992-04-10,2.3958330154418945,2.4166669845581055,2.3541669845581055,2.375,1.002746820449829,568800
1992-04-13,2.4375,2.4375,2.375,2.4375,1.0291348695755005,822000
1992-04-14,2.3958330154418945,2.5208330154418945,2.3958330154418945,2.5208330154418945,1.0643188953399658,525600
1992-04-15,2.5208330154418945,2.5208330154418945,2.4583330154418945,2.5208330154418945,1.0643188953399658,712800
1992-04-16,2.5208330154418945,2.5416669845581055,2.4583330154418945,2.4583330154418945,1.0379306077957153,430800
1992-04-20,2.5,2.5,2.375,2.375,1.002746820449829,405600
1992-04-21,2.4166669845581055,2.4166669845581055,2.375,2.375,1.002746820449829,156000
1992-04-22,2.375,2.4375,2.375,2.3958330154418945,1.011542797088623,229200
1992-04-23,2.4166669845581055,2.4166669845581055,2.375,2.375,1.002746820449829,85200
1992-04-24,2.375,2.4166669845581055,2.375,2.4166669845581055,1.0203388929367065,189600
1992-04-27,2.375,2.4166669845581055,2.2916669845581055,2.2916669845581055,0.9675627946853638,488400
1992-04-28,2.3125,2.3125,2.1666669845581055,2.1666669845581055,0.914786696434021,292800
1992-04-29,2.2291669845581055,2.2291669845581055,2.1666669845581055,2.2083330154418945,0.9323787689208984,314400
1992-04-30,2.2083330154418945,2.2083330154418945,2.1666669845581055,2.2083330154418945,0.9323787689208984,580800
1992-05-01,2.2083330154418945,2.2083330154418945,2.1666669845581055,2.2083330154418945,0.9323787689208984,226800
1992-05-04,2.2083330154418945,2.25,2.1875,2.25,0.9499708414077759,480000
1992-05-05,2.25,2.3958330154418945,2.25,2.3958330154418945,1.011542797088623,720000
1992-05-06,2.3958330154418945,2.4166669845581055,2.3333330154418945,2.4166669845581055,1.0203388929367065,1105200
1992-05-07,2.4583330154418945,2.4791669845581055,2.4166669845581055,2.4583330154418945,1.0379306077957153,952800
1992-05-08,2.4166669845581055,2.4583330154418945,2.4166669845581055,2.4375,1.0291348695755005,351600
1992-05-11,2.4583330154418945,2.5208330154418945,2.4166669845581055,2.4583330154418945,1.0379306077957153,1015200
1992-05-12,2.5,2.5416669845581055,2.4166669845581055,2.4583330154418945,1.0379306077957153,535200
1992-05-13,2.4583330154418945,2.4583330154418945,2.4166669845581055,2.4166669845581055,1.0203388929367065,172800
1992-05-14,2.4166669845581055,2.4583330154418945,2.4166669845581055,2.4583330154418945,1.0379306077957153,79200
1992-05-15,2.375,2.375,2.3333330154418945,2.3541669845581055,0.9939507246017456,496800
1992-05-18,2.3958330154418945,2.3958330154418945,2.3333330154418945,2.3333330154418945,0.9851546883583069,355200
1992-05-19,2.3333330154418945,2.3958330154418945,2.3333330154418945,2.3958330154418945,1.011542797088623,802800
1992-05-20,2.3958330154418945,2.4375,2.3541669845581055,2.4375,1.0291348695755005,688800
1992-05-21,2.4375,2.4375,2.375,2.4375,1.0291348695755005,196800
1992-05-22,2.375,2.4375,2.3541669845581055,2.3541669845581055,0.9939507246017456,354000
1992-05-26,2.3333330154418945,2.3958330154418945,2.3333330154418945,2.3958330154418945,1.011542797088623,123600
1992-05-27,2.3333330154418945,2.3958330154418945,2.2916669845581055,2.2916669845581055,0.9675627946853638,543600
1992-05-28,2.3333330154418945,2.3333330154418945,2.25,2.2708330154418945,0.9587668776512146,313200
1992-05-29,2.2916669845581055,2.4375,2.2708330154418945,2.375,1.002746820449829,850800
1992-06-01,2.4375,2.4375,2.375,2.4375,1.0291348695755005,320400
1992-06-02,2.4375,2.5,2.375,2.5,1.05552339553833,450000
1992-06-03,2.5,2.5208330154418945,2.4375,2.4583330154418945,1.0379306077957153,607200
1992-06-04,2.5208330154418945,2.5208330154418945,2.4583330154418945,2.4583330154418945,1.0379306077957153,1059600
1992-06-05,2.4583330154418945,2.5208330154418945,2.4583330154418945,2.5,1.05552339553833,561600
1992-06-08,2.4583330154418945,2.5,2.4583330154418945,2.4791669845581055,1.046727180480957,170400
1992-06-09,2.4791669845581055,2.4791669845581055,2.375,2.3958330154418945,1.011542797088623,550800
1992-06-10,2.4375,2.4375,2.3958330154418945,2.4375,1.0291348695755005,144000
1992-06-11,2.3958330154418945,2.4375,2.3958330154418945,2.3958330154418945,1.011542797088623,271200
1992-06-12,2.4166669845581055,2.4375,2.3958330154418945,2.4375,1.0291348695755005,302400
1992-06-15,2.3958330154418945,2.4375,2.3125,2.3125,0.9763587713241577,1188000
1992-06-16,2.3125,2.375,2.1666669845581055,2.1666669845581055,0.914786696434021,454800
1992-06-17,2.2291669845581055,2.2291669845581055,2.1041669845581055,2.1458330154418945,0.905990719795227,504000
1992-06-18,2.1458330154418945,2.1458330154418945,1.9791669845581055,2.0208330154418945,0.8532143831253052,1183200
1992-06-19,2.0416669845581055,2.0833330154418945,1.9791669845581055,2.0833330154418945,0.8796026706695557,1426800
1992-06-22,2.0833330154418945,2.0833330154418945,2.0208330154418945,2.0208330154418945,0.8532143831253052,1783200
1992-06-23,2.0625,2.0625,2.0208330154418945,2.0625,0.8708065152168274,2042400
1992-06-24,2.0625,2.0833330154418945,2.0208330154418945,2.0520830154418945,0.8664084076881409,758400
1992-06-25,2.0833330154418945,2.0833330154418945,2.0416669845581055,2.0833330154418945,0.8796026706695557,370800
1992-06-26,2.0416669845581055,2.0833330154418945,2.0,2.0,0.8444188237190247,181200
1992-06-29,2.0520830154418945,2.1041669845581055,2.0416669845581055,2.1041669845581055,0.8883985280990601,1848000
1992-06-30,2.1041669845581055,2.2083330154418945,2.09375,2.2083330154418945,0.9323787689208984,685200
1992-07-01,2.2291669845581055,2.3333330154418945,2.1666669845581055,2.2916669845581055,0.9675627946853638,1237200
1992-07-02,2.2916669845581055,2.3333330154418945,2.2708330154418945,2.3333330154418945,0.9851546883583069,1168800
1992-07-06,2.3333330154418945,2.3333330154418945,2.2708330154418945,2.3333330154418945,0.9851546883583069,750000
1992-07-07,2.3333330154418945,2.3541669845581055,2.25,2.25,0.9499708414077759,1802400
1992-07-08,2.2291669845581055,2.2916669845581055,2.2291669845581055,2.25,0.9499708414077759,252000
1992-07-09,2.2916669845581055,2.3333330154418945,2.2708330154418945,2.2708330154418945,0.9587668776512146,1376400
1992-07-10,2.2708330154418945,2.3125,2.2291669845581055,2.2291669845581055,0.9411749839782715,957600
1992-07-13,2.2708330154418945,2.2708330154418945,2.21875,2.25,0.9499708414077759,55200
1992-07-14,2.2708330154418945,2.2708330154418945,2.2083330154418945,2.2708330154418945,0.9587668776512146,518400
1992-07-15,2.2604169845581055,2.2708330154418945,2.21875,2.21875,0.936776876449585,276000
1992-07-16,2.2708330154418945,2.2708330154418945,2.1875,2.2291669845581055,0.9411749839782715,378000
1992-07-17,2.1875,2.2291669845581055,2.1041669845581055,2.1041669845581055,0.8883985280990601,512400
1992-07-20,2.125,2.125,2.0833330154418945,2.0833330154418945,0.8796026706695557,381600
1992-07-21,2.125,2.125,2.1041669845581055,2.125,0.8971945643424988,152400
1992-07-22,2.1041669845581055,2.125,2.0416669845581055,2.0520830154418945,0.8664084076881409,520800
1992-07-23,2.0833330154418945,2.0833330154418945,2.03125,2.0416669845581055,0.8620105385780334,1330800
1992-07-24,2.0416669845581055,2.0833330154418945,2.0208330154418945,2.0833330154418945,0.8796026706695557,994800
1992-07-27,2.0833330154418945,2.0833330154418945,2.0729169845581055,2.0833330154418945,0.8796026706695557,232800
1992-07-28,2.0833330154418945,2.125,2.0625,2.125,0.8971945643424988,784800
1992-07-29,2.125,2.1875,2.125,2.1770830154418945,0.919184684753418,739200
1992-07-30,2.1875,2.2083330154418945,2.1666669845581055,2.2083330154418945,0.9323787689208984,764400
1992-07-31,2.2083330154418945,2.25,2.1875,2.25,0.9499708414077759,486000
1992-08-03,2.25,2.25,2.1875,2.1875,0.9235827326774597,308400
1992-08-04,2.25,2.25,2.1875,2.2291669845581055,0.9411749839782715,590400
1992-08-05,2.2083330154418945,2.2291669845581055,2.1666669845581055,2.2291669845581055,0.9411749839782715,582000
1992-08-06,2.1666669845581055,2.2291669845581055,2.1458330154418945,2.1458330154418945,0.905990719795227,219600
1992-08-07,2.1979169845581055,2.2083330154418945,2.1458330154418945,2.1666669845581055,0.914786696434021,134400
1992-08-10,2.1458330154418945,2.2083330154418945,2.1458330154418945,2.1666669845581055,0.914786696434021,261600
1992-08-11,2.2083330154418945,2.2083330154418945,2.1458330154418945,2.1666669845581055,0.914786696434021,309600
1992-08-12,2.2083330154418945,2.2083330154418945,2.1666669845581055,2.2083330154418945,0.9323787689208984,139200
1992-08-13,2.2083330154418945,2.2083330154418945,2.1666669845581055,2.2083330154418945,0.9323787689208984,1050000
1992-08-14,2.1666669845581055,2.2083330154418945,2.1666669845581055,2.1666669845581055,0.914786696434021,376800
1992-08-17,2.1666669845581055,2.2083330154418945,2.1666669845581055,2.1770830154418945,0.919184684753418,114000
1992-08-18,2.2083330154418945,2.2083330154418945,2.1666669845581055,2.1666669845581055,0.914786696434021,188400
1992-08-19,2.2083330154418945,2.2083330154418945,2.1666669845581055,2.1666669845581055,0.914786696434021,337200
1992-08-20,2.2083330154418945,2.2083330154418945,2.1666669845581055,2.2083330154418945,0.9323787689208984,253200
1992-08-21,2.1458330154418945,2.2083330154418945,2.1458330154418945,2.1458330154418945,0.905990719795227,108000
1992-08-24,2.125,2.1875,2.125,2.125,0.8971945643424988,200400
1992-08-25,2.1666669845581055,2.1666669845581055,2.0625,2.0625,0.8708065152168274,435600
1992-08-26,2.0833330154418945,2.1041669845581055,2.0,2.0208330154418945,0.8532143831253052,272400
1992-08-27,2.0416669845581055,2.0625,2.0208330154418945,2.0625,0.8708065152168274,370800
1992-08-28,2.0833330154418945,2.0833330154418945,2.0416669845581055,2.0833330154418945,0.8796026706695557,457200
1992-08-31,2.0833330154418945,2.0833330154418945,2.0416669845581055,2.0833330154418945,0.8796026706695557,298800
1992-09-01,2.1041669845581055,2.1666669845581055,2.0833330154418945,2.1666669845581055,0.914786696434021,495600
1992-09-02,2.1666669845581055,2.2083330154418945,2.1458330154418945,2.2083330154418945,0.9323787689208984,1195200
1992-09-03,2.2083330154418945,2.25,2.1458330154418945,2.2083330154418945,0.9323787689208984,548400
1992-09-04,2.2291669845581055,2.25,2.1875,2.2291669845581055,0.9411749839782715,196800
1992-09-08,2.2083330154418945,2.25,2.1666669845581055,2.2083330154418945,0.9323787689208984,752400
1992-09-09,2.2083330154418945,2.2291669845581055,2.1666669845581055,2.2291669845581055,0.9411749839782715,228000
1992-09-10,2.2291669845581055,2.2291669845581055,2.1666669845581055,2.21875,0.936776876449585,276000
1992-09-11,2.1875,2.2291669845581055,2.1875,2.2291669845581055,0.9411749839782715,76800
1992-09-14,2.2083330154418945,2.3020830154418945,2.2083330154418945,2.25,0.9499708414077759,660000
1992-09-15,2.2708330154418945,2.2708330154418945,2.2291669845581055,2.2291669845581055,0.9411749839782715,926400
1992-09-16,2.2083330154418945,2.2708330154418945,2.2083330154418945,2.2395830154418945,0.9455729126930237,586800
1992-09-17,2.2708330154418945,2.2916669845581055,2.2083330154418945,2.2916669845581055,0.9675627946853638,420000
1992-09-18,2.2083330154418945,2.2916669845581055,2.2083330154418945,2.2604169845581055,0.9543688893318176,535200
1992-09-21,2.2083330154418945,2.2916669845581055,2.2083330154418945,2.2708330154418945,0.9587668776512146,108000
1992-09-22,2.25,2.2708330154418945,2.2291669845581055,2.2291669845581055,0.9411749839782715,49200
1992-09-23,2.2708330154418945,2.2708330154418945,2.2291669845581055,2.2291669845581055,0.9411749839782715,206400
1992-09-24,2.25,2.25,2.2291669845581055,2.25,0.9499708414077759,44400
1992-09-25,2.25,2.25,2.2291669845581055,2.2291669845581055,0.9411749839782715,147600
1992-09-28,2.25,2.25,2.2083330154418945,2.25,0.9499708414077759,562800
1992-09-29,2.25,2.25,2.2083330154418945,2.2083330154418945,0.9323787689208984,139200
1992-09-30,2.25,2.25,2.2083330154418945,2.25,0.9499708414077759,204000
1992-10-01,2.25,2.25,2.2083330154418945,2.2083330154418945,0.9323787689208984,337200
1992-10-02,2.2083330154418945,2.2083330154418945,2.125,2.1458330154418945,0.905990719795227,726000
1992-10-05,2.125,2.1458330154418945,2.0625,2.1041669845581055,0.8883985280990601,498000
1992-10-06,2.1458330154418945,2.1458330154418945,2.0833330154418945,2.1458330154418945,0.905990719795227,212400
1992-10-07,2.1458330154418945,2.1458330154418945,2.0416669845581055,2.0833330154418945,0.8796026706695557,693600
1992-10-08,2.0416669845581055,2.09375,2.0416669845581055,2.0833330154418945,0.8796026706695557,996000
1992-10-09,2.1041669845581055,2.1458330154418945,2.0833330154418945,2.125,0.8971945643424988,1065600
1992-10-12,2.125,2.1666669845581055,2.0833330154418945,2.1666669845581055,0.914786696434021,1236000
1992-10-13,2.1458330154418945,2.1875,2.1458330154418945,2.1666669845581055,0.914786696434021,537600
1992-10-14,2.1666669845581055,2.1875,2.1666669845581055,2.1770830154418945,0.919184684753418,122400
1992-10-15,2.1666669845581055,2.1666669845581055,2.125,2.1666669845581055,0.914786696434021,121200
1992-10-16,2.125,2.125,2.1041669845581055,2.125,0.8971945643424988,163200
1992-10-19,2.125,2.125,2.0625,2.1041669845581055,0.8883985280990601,517200
1992-10-20,2.1041669845581055,2.125,2.0833330154418945,2.0833330154418945,0.8796026706695557,471600
1992-10-21,2.0833330154418945,2.0833330154418945,2.0416669845581055,2.0625,0.8708065152168274,2166000
1992-10-22,2.0625,2.1041669845581055,2.0416669845581055,2.0520830154418945,0.8664084076881409,2355600
1992-10-23,2.0625,2.1041669845581055,2.0416669845581055,2.1041669845581055,0.8883985280990601,394800
1992-10-26,2.0416669845581055,2.1041669845581055,2.0416669845581055,2.1041669845581055,0.8883985280990601,91200
1992-10-27,2.1041669845581055,2.125,2.0416669845581055,2.125,0.8971945643424988,498000
1992-10-28,2.125,2.125,2.0833330154418945,2.125,0.8971945643424988,1597200
1992-10-29,2.1458330154418945,2.1875,2.125,2.1875,0.9235827326774597,735600
1992-10-30,2.1875,2.1875,2.125,2.1875,0.9235827326774597,816000
1992-11-02,2.1875,2.2291669845581055,2.1458330154418945,2.21875,0.936776876449585,3482400
1992-11-03,2.2291669845581055,2.2291669845581055,2.1875,2.2291669845581055,0.9411749839782715,1548000
1992-11-04,2.2291669845581055,2.2291669845581055,2.1875,2.1875,0.9235827326774597,621600
1992-11-05,2.1666669845581055,2.2291669845581055,2.1666669845581055,2.1979169845581055,0.9279806613922119,1479600
1992-11-06,2.2291669845581055,2.25,2.2083330154418945,2.2395830154418945,0.9455729126930237,1731600
1992-11-09,2.2395830154418945,2.2708330154418945,2.2291669845581055,2.2708330154418945,0.9587668776512146,2293200
1992-11-10,2.2708330154418945,2.3333330154418945,2.25,2.3333330154418945,0.9851546883583069,1528800
1992-11-11,2.2916669845581055,2.3541669845581055,2.2916669845581055,2.3541669845581055,0.9939507246017456,1623600
1992-11-12,2.3541669845581055,2.3541669845581055,2.3125,2.3541669845581055,0.9939507246017456,1479600
1992-11-13,2.34375,2.3541669845581055,2.3333330154418945,2.3541669845581055,0.9939507246017456,709200
1992-11-16,2.3333330154418945,2.3541669845581055,2.3333330154418945,2.3541669845581055,0.9939507246017456,140400
1992-11-17,2.3541669845581055,2.3541669845581055,2.3333330154418945,2.3541669845581055,0.9939507246017456,61200
1992-11-18,2.3333330154418945,2.375,2.3333330154418945,2.3541669845581055,0.9939507246017456,1338000
1992-11-19,2.375,2.375,2.3333330154418945,2.3333330154418945,0.9851546883583069,165600
1992-11-20,2.375,2.375,2.3333330154418945,2.375,1.002746820449829,858000
1992-11-23,2.34375,2.375,2.3333330154418945,2.375,1.002746820449829,1464000
1992-11-24,2.375,2.375,2.3333330154418945,2.3541669845581055,0.9939507246017456,565200
1992-11-25,2.3541669845581055,2.3541669845581055,2.3333330154418945,2.3333330154418945,0.9851546883583069,308400
1992-11-27,2.3541669845581055,2.3541669845581055,2.3125,2.3333330154418945,0.9851546883583069,577200
1992-11-30,2.3541669845581055,2.3541669845581055,2.2916669845581055,2.3333330154418945,0.9851546883583069,306000
1992-12-01,2.3333330154418945,2.3333330154418945,2.25,2.2916669845581055,0.9675627946853638,912000
1992-12-02,2.2916669845581055,2.2916669845581055,2.25,2.25,0.9499708414077759,1184400
1992-12-03,2.25,2.2916669845581055,2.2291669845581055,2.2708330154418945,0.9587668776512146,2335200
1992-12-04,2.2604169845581055,2.2916669845581055,2.2291669845581055,2.2708330154418945,0.9587668776512146,1764000
1992-12-07,2.2708330154418945,2.2708330154418945,2.2291669845581055,2.2708330154418945,0.9587668776512146,762000
1992-12-08,2.2291669845581055,2.2708330154418945,2.2291669845581055,2.25,0.9499708414077759,846000
1992-12-09,2.2708330154418945,2.2708330154418945,2.2291669845581055,2.25,0.9499708414077759,2236800
1992-12-10,2.2708330154418945,2.2708330154418945,2.2291669845581055,2.2708330154418945,0.9587668776512146,478800
1992-12-11,2.2291669845581055,2.2708330154418945,2.2083330154418945,2.21875,0.936776876449585,1214400
1992-12-14,2.2083330154418945,2.25,2.1666669845581055,2.2083330154418945,0.9323787689208984,1179600
1992-12-15,2.1666669845581055,2.2083330154418945,2.1458330154418945,2.2083330154418945,0.9323787689208984,536400
1992-12-16,2.1979169845581055,2.2083330154418945,2.1666669845581055,2.1875,0.9235827326774597,165600
1992-12-17,2.1875,2.2083330154418945,2.1666669845581055,2.2083330154418945,0.9323787689208984,2283600
1992-12-18,2.2083330154418945,2.2083330154418945,2.1666669845581055,2.2083330154418945,0.9323787689208984,891600
1992-12-21,2.2083330154418945,2.2083330154418945,2.1666669845581055,2.1875,0.9235827326774597,453600
1992-12-22,2.1875,2.1875,2.1666669845581055,2.1666669845581055,0.914786696434021,432000
1992-12-23,2.1875,2.1875,2.1458330154418945,2.1458330154418945,0.905990719795227,1022400
1992-12-24,2.1666669845581055,2.1666669845581055,2.125,2.1458330154418945,0.905990719795227,3696000
1992-12-28,2.1458330154418945,2.1666669845581055,2.125,2.1666669845581055,0.914786696434021,86400
1992-12-29,2.125,2.1875,2.125,2.1875,0.9235827326774597,1533600
1992-12-30,2.1875,2.2083330154418945,2.1458330154418945,2.2083330154418945,0.9323787689208984,1432800
1992-12-31,2.2083330154418945,2.25,2.1979169845581055,2.25,0.9499708414077759,7684800
1993-01-04,2.25,2.3541669845581055,2.25,2.3541669845581055,0.9939507246017456,1254000
1993-01-05,2.3333330154418945,2.4375,2.3333330154418945,2.3958330154418945,1.011542797088623,418800
1993-01-06,2.4166669845581055,2.5208330154418945,2.375,2.4166669845581055,1.0203388929367065,1333200
1993-01-07,2.4166669845581055,2.4166669845581055,2.3541669845581055,2.3958330154418945,1.011542797088623,420000
1993-01-08,2.3958330154418945,2.4166669845581055,2.375,2.4166669845581055,1.0203388929367065,714000
1993-01-11,2.375,2.4166669845581055,2.3333330154418945,2.3541669845581055,0.9939507246017456,1197600
1993-01-12,2.3958330154418945,2.3958330154418945,2.375,2.375,1.002746820449829,476400
1993-01-13,2.375,2.3958330154418945,2.3541669845581055,2.3958330154418945,1.011542797088623,508800
1993-01-14,2.3958330154418945,2.3958330154418945,2.375,2.3958330154418945,1.011542797088623,1759200
1993-01-15,2.3958330154418945,2.3958330154418945,2.375,2.375,1.002746820449829,828000
1993-01-18,2.3958330154418945,2.3958330154418945,2.375,2.375,1.002746820449829,1015200
1993-01-19,2.3541669845581055,2.3958330154418945,2.2916669845581055,2.3333330154418945,0.9851546883583069,1024800
1993-01-20,2.2916669845581055,2.3333330154418945,2.2916669845581055,2.3333330154418945,0.9851546883583069,126000
1993-01-21,2.3333330154418945,2.3333330154418945,2.25,2.2708330154418945,0.9587668776512146,854400
1993-01-22,2.25,2.2916669845581055,2.25,2.2916669845581055,0.9675627946853638,609600
1993-01-25,2.25,2.2916669845581055,2.25,2.2916669845581055,0.9675627946853638,2604000
1993-01-26,2.25,2.3333330154418945,2.25,2.3333330154418945,0.9851546883583069,2690400
1993-01-27,2.2708330154418945,2.3333330154418945,2.2708330154418945,2.2708330154418945,0.9587668776512146,325200
1993-01-28,2.3333330154418945,2.3958330154418945,2.2708330154418945,2.3958330154418945,1.011542797088623,1862400
1993-01-29,2.3958330154418945,2.4791669845581055,2.3958330154418945,2.4583330154418945,1.0379306077957153,883200
1993-02-01,2.4791669845581055,2.4791669845581055,2.4375,2.4583330154418945,1.0379306077957153,3960000
1993-02-02,2.4791669845581055,2.4791669845581055,2.4375,2.4791669845581055,1.046727180480957,616800
1993-02-03,2.4791669845581055,2.4791669845581055,2.4375,2.4583330154418945,1.0379306077957153,338400
1993-02-04,2.4791669845581055,2.4791669845581055,2.4375,2.4791669845581055,1.046727180480957,694800
1993-02-05,2.4791669845581055,2.4791669845581055,2.4583330154418945,2.4583330154418945,1.0379306077957153,1689600
1993-02-08,2.4375,2.4791669845581055,2.4166669845581055,2.4791669845581055,1.046727180480957,225600
1993-02-09,2.4791669845581055,2.4791669845581055,2.4166669845581055,2.4166669845581055,1.0203388929367065,332400
1993-02-10,2.4791669845581055,2.4791669845581055,2.4166669845581055,2.46875,1.0423288345336914,362400
1993-02-11,2.4791669845581055,2.4791669845581055,2.4375,2.4791669845581055,1.046727180480957,64800
1993-02-12,2.4375,2.4791669845581055,2.4166669845581055,2.4791669845581055,1.046727180480957,405600
1993-02-16,2.4166669845581055,2.4791669845581055,2.3958330154418945,2.3958330154418945,1.011542797088623,981600
1993-02-17,2.3958330154418945,2.4166669845581055,2.3125,2.34375,0.9895530343055725,847200
1993-02-18,2.375,2.3958330154418945,2.3125,2.3125,0.9763587713241577,320400
1993-02-19,2.3541669845581055,2.4375,2.3333330154418945,2.3958330154418945,1.011542797088623,772800
1993-02-22,2.3958330154418945,2.4375,2.3541669845581055,2.375,1.002746820449829,444000
1993-02-23,2.3958330154418945,2.3958330154418945,2.3541669845581055,2.3958330154418945,1.011542797088623,516000
1993-02-24,2.3541669845581055,2.3541669845581055,2.2916669845581055,2.3541669845581055,0.9939507246017456,644400
1993-02-25,2.3541669845581055,2.3541669845581055,2.3125,2.3333330154418945,0.9851546883583069,337200
1993-02-26,2.3541669845581055,2.3541669845581055,2.3125,2.3125,0.9763587713241577,115200
1993-03-01,2.3541669845581055,2.3541669845581055,2.3125,2.3333330154418945,0.9851546883583069,1604400
1993-03-02,2.3541669845581055,2.4375,2.3125,2.4166669845581055,1.0203388929367065,1933200
1993-03-03,2.4166669845581055,2.5,2.375,2.4791669845581055,1.051805019378662,1318800
1993-03-04,2.4791669845581055,2.4791669845581055,2.4375,2.4791669845581055,1.051805019378662,1670400
1993-03-05,2.4791669845581055,2.5208330154418945,2.4375,2.4895830154418945,1.056223750114441,1246800
1993-03-08,2.5,2.5416669845581055,2.4791669845581055,2.53125,1.0739017724990845,1686000
1993-03-09,2.5416669845581055,2.5416669845581055,2.5,2.5208330154418945,1.0694819688796997,555600
1993-03-10,2.5416669845581055,2.5416669845581055,2.5,2.5208330154418945,1.0694819688796997,621600
1993-03-11,2.5,2.5208330154418945,2.4791669845581055,2.5208330154418945,1.0694819688796997,1622400
1993-03-12,2.5208330154418945,2.5208330154418945,2.4791669845581055,2.5,1.0606436729431152,248400
1993-03-15,2.4791669845581055,2.5,2.4791669845581055,2.5,1.0606436729431152,236400
1993-03-16,2.5208330154418945,2.5416669845581055,2.4791669845581055,2.5,1.0606436729431152,1168800
1993-03-17,2.4791669845581055,2.5416669845581055,2.4791669845581055,2.5208330154418945,1.0694819688796997,1038000
1993-03-18,2.5208330154418945,2.5416669845581055,2.4791669845581055,2.53125,1.0739017724990845,1305600
1993-03-19,2.5208330154418945,2.5833330154418945,2.5208330154418945,2.5625,1.0871599912643433,1414800
1993-03-22,2.5416669845581055,2.5625,2.5,2.5416669845581055,1.078321099281311,1077600
1993-03-23,2.5625,2.5625,2.5416669845581055,2.5520830154418945,1.082740068435669,1137600
1993-03-24,2.5416669845581055,2.5625,2.5416669845581055,2.5416669845581055,1.078321099281311,2560800
1993-03-25,2.5520830154418945,2.5625,2.5,2.5416669845581055,1.078321099281311,2022000
1993-03-26,2.5416669845581055,2.5416669845581055,2.5,2.5,1.0606436729431152,458400
1993-03-29,2.53125,2.5416669845581055,2.5,2.5104169845581055,1.0650629997253418,974400
1993-03-30,2.5208330154418945,2.5208330154418945,2.4791669845581055,2.5208330154418945,1.0694819688796997,204000
1993-03-31,2.5208330154418945,2.5416669845581055,2.4791669845581055,2.5416669845581055,1.078321099281311,614400
1993-04-01,2.5416669845581055,2.5416669845581055,2.5,2.5416669845581055,1.078321099281311,80400
1993-04-02,2.5,2.5416669845581055,2.4791669845581055,2.5,1.0606436729431152,812400
1993-04-05,2.5,2.5833330154418945,2.5,2.5833330154418945,1.0959982872009277,2037600
1993-04-06,2.4791669845581055,2.4791669845581055,2.3958330154418945,2.4166669845581055,1.0252890586853027,2673600
1993-04-07,2.4583330154418945,2.4583330154418945,2.4166669845581055,2.4166669845581055,1.0252890586853027,3778800
1993-04-08,2.4166669845581055,2.4583330154418945,2.3541669845581055,2.3958330154418945,1.0164499282836914,854400
1993-04-12,2.4166669845581055,2.4166669845581055,2.3541669845581055,2.375,1.0076111555099487,993600
1993-04-13,2.375,2.4583330154418945,2.375,2.40625,1.0208696126937866,2661600
1993-04-14,2.3958330154418945,2.4583330154418945,2.375,2.4166669845581055,1.0252890586853027,766800
1993-04-15,2.4166669845581055,2.4166669845581055,2.3541669845581055,2.3958330154418945,1.0164499282836914,548400
1993-04-16,2.3958330154418945,2.3958330154418945,2.1770830154418945,2.2708330154418945,0.9634177088737488,2551200
1993-04-19,2.2916669845581055,2.2916669845581055,2.2291669845581055,2.2395830154418945,0.9501598477363586,690000
1993-04-20,2.2708330154418945,2.2708330154418945,2.1666669845581055,2.1666669845581055,0.9192248582839966,931200
1993-04-21,2.1666669845581055,2.2291669845581055,2.1666669845581055,2.2291669845581055,0.945740818977356,2198400
1993-04-22,2.2291669845581055,2.2291669845581055,2.1875,2.1875,0.9280630350112915,2857200
1993-04-23,2.2291669845581055,2.2291669845581055,2.1666669845581055,2.2083330154418945,0.9369020462036133,1100400
1993-04-26,2.2291669845581055,2.2291669845581055,2.1666669845581055,2.1875,0.9280630350112915,475200
1993-04-27,2.2083330154418945,2.2083330154418945,2.1666669845581055,2.1875,0.9280630350112915,747600
1993-04-28,2.1875,2.2083330154418945,2.1041669845581055,2.1666669845581055,0.9192248582839966,3128400
1993-04-29,2.1666669845581055,2.1666669845581055,2.1041669845581055,2.15625,0.9148051142692566,415200
1993-04-30,2.1666669845581055,2.2083330154418945,2.15625,2.1979169845581055,0.9324824213981628,663600
1993-05-03,2.1770830154418945,2.25,2.1666669845581055,2.25,0.9545791745185852,1016400
1993-05-04,2.2083330154418945,2.3333330154418945,2.2083330154418945,2.2916669845581055,0.9722567796707153,800400
1993-05-05,2.3333330154418945,2.3333330154418945,2.25,2.25,0.9545791745185852,1333200
1993-05-06,2.2916669845581055,2.2916669845581055,2.25,2.25,0.9545791745185852,202800
1993-05-07,2.25,2.2916669845581055,2.25,2.2916669845581055,0.9722567796707153,505200
1993-05-10,2.2916669845581055,2.2916669845581055,2.1875,2.2291669845581055,0.945740818977356,1516800
1993-05-11,2.2291669845581055,2.2291669845581055,2.1666669845581055,2.2291669845581055,0.945740818977356,1508400
1993-05-12,2.2291669845581055,2.25,2.1875,2.2083330154418945,0.9369020462036133,304800
1993-05-13,2.2291669845581055,2.25,2.1666669845581055,2.25,0.9545791745185852,984000
1993-05-14,2.2083330154418945,2.25,2.2083330154418945,2.2291669845581055,0.945740818977356,555600
1993-05-17,2.25,2.25,2.2083330154418945,2.2291669845581055,0.945740818977356,2840400
1993-05-18,2.21875,2.25,2.1666669845581055,2.1666669845581055,0.9192248582839966,1941600
1993-05-19,2.2083330154418945,2.2083330154418945,2.125,2.1666669845581055,0.9192248582839966,2379600
1993-05-20,2.1875,2.1875,2.1458330154418945,2.1458330154418945,0.91038578748703,1327200
1993-05-21,2.1875,2.1875,2.125,2.1875,0.9280630350112915,2880000
1993-05-24,2.1875,2.1875,2.125,2.1875,0.9280630350112915,223200
1993-05-25,2.1875,2.1875,2.125,2.1875,0.9280630350112915,1180800
1993-05-26,2.1979169845581055,2.2291669845581055,2.1666669845581055,2.1770830154418945,0.9236437082290649,445200
1993-05-27,2.2291669845581055,2.25,2.1666669845581055,2.25,0.9545791745185852,716400
1993-05-28,2.25,2.2916669845581055,2.2083330154418945,2.2916669845581055,0.9722567796707153,704400
1993-06-01,2.2916669845581055,2.3958330154418945,2.25,2.3854169845581055,1.0120309591293335,562800
1993-06-02,2.375,2.4166669845581055,2.375,2.4166669845581055,1.0252890586853027,1225200
1993-06-03,2.375,2.4166669845581055,2.3333330154418945,2.3333330154418945,0.9899336695671082,273600
1993-06-04,2.2916669845581055,2.3541669845581055,2.2916669845581055,2.3125,0.9810952544212341,338400
1993-06-07,2.3333330154418945,2.375,2.3125,2.34375,0.9943536520004272,231600
1993-06-08,2.3125,2.3333330154418945,2.25,2.2708330154418945,0.9634177088737488,1011600
1993-06-09,2.25,2.2916669845581055,2.25,2.2916669845581055,0.9722567796707153,303600
1993-06-10,2.2916669845581055,2.2916669845581055,2.1458330154418945,2.1666669845581055,0.9192248582839966,1023600
1993-06-11,2.2083330154418945,2.2083330154418945,2.1666669845581055,2.1770830154418945,0.9236437082290649,631200
1993-06-14,2.1666669845581055,2.2083330154418945,2.1041669845581055,2.1145830154418945,0.8971275687217712,1148400
1993-06-15,2.1041669845581055,2.1458330154418945,2.0833330154418945,2.1354169845581055,0.9059665203094482,931200
1993-06-16,2.1666669845581055,2.2083330154418945,2.125,2.2083330154418945,0.9369020462036133,1752000
1993-06-17,2.2083330154418945,2.2291669845581055,2.1666669845581055,2.1875,0.9280630350112915,1371600
1993-06-18,2.1875,2.2291669845581055,2.1875,2.1875,0.9280630350112915,372000
1993-06-21,2.2291669845581055,2.2291669845581055,2.1875,2.2291669845581055,0.945740818977356,600000
1993-06-22,2.2083330154418945,2.3125,2.2083330154418945,2.25,0.9545791745185852,1644000
1993-06-23,2.25,2.25,2.1458330154418945,2.1458330154418945,0.91038578748703,1220400
1993-06-24,2.1458330154418945,2.1458330154418945,2.0625,2.1041669845581055,0.8927084803581238,3117600
1993-06-25,2.1041669845581055,2.1458330154418945,2.0833330154418945,2.125,0.9015469551086426,2407200
1993-06-28,2.1354169845581055,2.25,2.1354169845581055,2.25,0.9545791745185852,1539600
1993-06-29,2.2291669845581055,2.25,2.1458330154418945,2.1666669845581055,0.9192248582839966,2462400
1993-06-30,2.1875,2.2291669845581055,2.1458330154418945,2.2291669845581055,0.945740818977356,436800
1993-07-01,2.2291669845581055,2.25,2.1666669845581055,2.2083330154418945,0.9369020462036133,739200
1993-07-02,2.1875,2.25,2.1666669845581055,2.1770830154418945,0.9236437082290649,664800
1993-07-06,2.2291669845581055,2.2291669845581055,2.1666669845581055,2.2083330154418945,0.9369020462036133,363600
1993-07-07,2.1875,2.1875,2.1458330154418945,2.1666669845581055,0.9192248582839966,1422000
1993-07-08,2.1666669845581055,2.1666669845581055,2.125,2.1666669845581055,0.9192248582839966,2306400
1993-07-09,2.1666669845581055,2.2083330154418945,2.125,2.2083330154418945,0.9369020462036133,855600
1993-07-12,2.2083330154418945,2.25,2.1875,2.25,0.9545791745185852,318000
1993-07-13,2.2083330154418945,2.2708330154418945,2.2083330154418945,2.2083330154418945,0.9369020462036133,354000
1993-07-14,2.2083330154418945,2.2708330154418945,2.2083330154418945,2.2708330154418945,0.9634177088737488,522000
1993-07-15,2.2916669845581055,2.375,2.25,2.375,1.0076111555099487,1153200
1993-07-16,2.375,2.375,2.2916669845581055,2.3333330154418945,0.9899336695671082,880800
1993-07-19,2.3125,2.3333330154418945,2.2708330154418945,2.3333330154418945,0.9899336695671082,997200
1993-07-20,2.2916669845581055,2.3541669845581055,2.2916669845581055,2.2916669845581055,0.9722567796707153,2384400
1993-07-21,2.2916669845581055,2.3541669845581055,2.2916669845581055,2.2916669845581055,0.9722567796707153,276000
1993-07-22,2.2708330154418945,2.3125,2.2291669845581055,2.2291669845581055,0.945740818977356,530400
1993-07-23,2.2291669845581055,2.2708330154418945,2.1354169845581055,2.1770830154418945,0.9236437082290649,2947200
1993-07-26,2.1875,2.1875,2.1458330154418945,2.1458330154418945,0.91038578748703,434400
1993-07-27,2.1458330154418945,2.1875,2.1458330154418945,2.1875,0.9280630350112915,1623600
1993-07-28,2.1875,2.1875,2.1458330154418945,2.1875,0.9280630350112915,346800
1993-07-29,2.1875,2.1875,2.125,2.1875,0.9280630350112915,1231200
1993-07-30,2.1666669845581055,2.1875,2.1041669845581055,2.1458330154418945,0.91038578748703,3132000
1993-08-02,2.1354169845581055,2.1875,2.125,2.1875,0.9280630350112915,4920000
1993-08-03,2.1458330154418945,2.2291669845581055,2.1458330154418945,2.2291669845581055,0.945740818977356,5239200
1993-08-04,2.2291669845581055,2.25,2.2083330154418945,2.2291669845581055,0.945740818977356,1004400
1993-08-05,2.2708330154418945,2.2916669845581055,2.2291669845581055,2.25,0.9545791745185852,1860000
1993-08-06,2.2916669845581055,2.2916669845581055,2.2291669845581055,2.25,0.9545791745185852,2168400
1993-08-09,2.2291669845581055,2.2916669845581055,2.2291669845581055,2.25,0.9545791745185852,1730400
1993-08-10,2.2708330154418945,2.3125,2.25,2.2708330154418945,0.9634177088737488,918000
1993-08-11,2.3125,2.3125,2.25,2.2708330154418945,0.9634177088737488,722400
1993-08-12,2.3125,2.3125,2.2291669845581055,2.2604169845581055,0.9589986205101013,408000
1993-08-13,2.2708330154418945,2.2708330154418945,2.2291669845581055,2.25,0.9545791745185852,780000
1993-08-16,2.2291669845581055,2.2708330154418945,2.2291669845581055,2.25,0.9545791745185852,318000
1993-08-17,2.2708330154418945,2.3125,2.25,2.3125,0.9810952544212341,1330800
1993-08-18,2.2916669845581055,2.3958330154418945,2.2916669845581055,2.3958330154418945,1.0164499282836914,1194000
1993-08-19,2.3958330154418945,2.4375,2.3541669845581055,2.3958330154418945,1.0164499282836914,1909200
1993-08-20,2.4375,2.4375,2.3541669845581055,2.40625,1.0208696126937866,1386000
1993-08-23,2.375,2.4166669845581055,2.3541669845581055,2.375,1.0076111555099487,656400
1993-08-24,2.375,2.4166669845581055,2.375,2.40625,1.0208696126937866,633600
1993-08-25,2.4166669845581055,2.4166669845581055,2.375,2.4166669845581055,1.0252890586853027,1438800
1993-08-26,2.3958330154418945,2.4166669845581055,2.3333330154418945,2.3541669845581055,0.9987729787826538,852000
1993-08-27,2.375,2.3958330154418945,2.3333330154418945,2.3854169845581055,1.0120309591293335,380400
1993-08-30,2.3333330154418945,2.3958330154418945,2.3333330154418945,2.3958330154418945,1.0164499282836914,535200
1993-08-31,2.3958330154418945,2.4375,2.375,2.4375,1.0341275930404663,1600800
1993-09-01,2.4166669845581055,2.4375,2.3333330154418945,2.34375,0.9943536520004272,4621200
1993-09-02,2.3541669845581055,2.3541669845581055,2.2708330154418945,2.3333330154418945,0.9899336695671082,1296000
1993-09-03,2.2916669845581055,2.3333330154418945,2.2916669845581055,2.3125,0.9810952544212341,271200
1993-09-07,2.3333330154418945,2.3333330154418945,2.2916669845581055,2.3333330154418945,0.9899336695671082,193200
1993-09-08,2.2916669845581055,2.3333330154418945,2.2916669845581055,2.2916669845581055,0.9722567796707153,835200
1993-09-09,2.3333330154418945,2.3333330154418945,2.2916669845581055,2.3229169845581055,0.9855148196220398,523200
1993-09-10,2.3333330154418945,2.3541669845581055,2.3125,2.3333330154418945,0.9899336695671082,1544400
1993-09-13,2.375,2.375,2.3333330154418945,2.375,1.0076111555099487,416400
1993-09-14,2.375,2.375,2.3333330154418945,2.3333330154418945,0.9899336695671082,196800
1993-09-15,2.3333330154418945,2.375,2.3333330154418945,2.3541669845581055,0.9987729787826538,1131600
1993-09-16,2.3541669845581055,2.3541669845581055,2.2916669845581055,2.2916669845581055,0.9722567796707153,447600
1993-09-17,2.2916669845581055,2.3125,2.2291669845581055,2.2291669845581055,0.945740818977356,2786400
1993-09-20,2.2708330154418945,2.2708330154418945,2.1458330154418945,2.1458330154418945,0.91038578748703,2607600
1993-09-21,2.1875,2.1875,2.0833330154418945,2.125,0.9015469551086426,834000
1993-09-22,2.125,2.1875,2.0833330154418945,2.1875,0.9280630350112915,1334400
1993-09-23,2.1666669845581055,2.2291669845581055,2.1458330154418945,2.2291669845581055,0.945740818977356,2942400
1993-09-24,2.2291669845581055,2.2708330154418945,2.1875,2.2708330154418945,0.9634177088737488,1812000
1993-09-27,2.2916669845581055,2.3125,2.2291669845581055,2.3125,0.9810952544212341,2307600
1993-09-28,2.2708330154418945,2.3125,2.2708330154418945,2.3020830154418945,0.9766757488250732,2413200
1993-09-29,2.2708330154418945,2.3125,2.2708330154418945,2.3125,0.9810952544212341,457200
1993-09-30,2.3125,2.3333330154418945,2.2708330154418945,2.2916669845581055,0.9722567796707153,2734800
1993-10-01,2.3333330154418945,2.3333330154418945,2.2916669845581055,2.3333330154418945,0.9899336695671082,884400
1993-10-04,2.2916669845581055,2.3333330154418945,2.2916669845581055,2.3125,0.9810952544212341,721200
1993-10-05,2.3333330154418945,2.3541669845581055,2.3125,2.3541669845581055,0.9987729787826538,1111200
1993-10-06,2.3541669845581055,2.3541669845581055,2.3125,2.3333330154418945,0.9899336695671082,357600
1993-10-07,2.3541669845581055,2.3958330154418945,2.3125,2.3541669845581055,0.9987729787826538,1389600
1993-10-08,2.2916669845581055,2.3333330154418945,2.2916669845581055,2.3333330154418945,0.9899336695671082,418800
1993-10-11,2.2916669845581055,2.3333330154418945,2.2916669845581055,2.3020830154418945,0.9766757488250732,313200
1993-10-12,2.3125,2.3125,2.2916669845581055,2.3125,0.9810952544212341,2407200
1993-10-13,2.25,2.2916669845581055,2.25,2.25,0.9545791745185852,762000
1993-10-14,2.2916669845581055,2.2916669845581055,2.2395830154418945,2.25,0.9545791745185852,2983200
1993-10-15,2.2916669845581055,2.2916669845581055,2.25,2.2916669845581055,0.9722567796707153,718800
1993-10-18,2.25,2.3125,2.25,2.3125,0.9810952544212341,1123200
1993-10-19,2.2708330154418945,2.3333330154418945,2.2708330154418945,2.3333330154418945,0.9899336695671082,362400
1993-10-20,2.3333330154418945,2.3333330154418945,2.2708330154418945,2.3333330154418945,0.9899336695671082,201600
1993-10-21,2.3333330154418945,2.3333330154418945,2.2916669845581055,2.2916669845581055,0.9722567796707153,214800
1993-10-22,2.3229169845581055,2.3333330154418945,2.2916669845581055,2.3333330154418945,0.9899336695671082,770400
1993-10-25,2.3125,2.375,2.2916669845581055,2.34375,0.9943536520004272,2533200
1993-10-26,2.375,2.3958330154418945,2.3333330154418945,2.3854169845581055,1.0120309591293335,1752000
1993-10-27,2.375,2.4583330154418945,2.375,2.4375,1.0341275930404663,1260000
1993-10-28,2.4166669845581055,2.4791669845581055,2.4166669845581055,2.4583330154418945,1.0429661273956299,1940400
1993-10-29,2.4166669845581055,2.4583330154418945,2.4166669845581055,2.4375,1.0341275930404663,282000
1993-11-01,2.4375,2.4583330154418945,2.4166669845581055,2.4479169845581055,1.0385470390319824,686400
1993-11-02,2.5,2.5208330154418945,2.4583330154418945,2.5208330154418945,1.0694819688796997,4101600
1993-11-03,2.4583330154418945,2.5208330154418945,2.4583330154418945,2.5,1.0606436729431152,2179200
1993-11-04,2.4583330154418945,2.5,2.4583330154418945,2.4895830154418945,1.056223750114441,603600
1993-11-05,2.4583330154418945,2.5,2.4583330154418945,2.5,1.0606436729431152,157200
1993-11-08,2.4791669845581055,2.5208330154418945,2.4791669845581055,2.5104169845581055,1.0650629997253418,1338000
1993-11-09,2.5208330154418945,2.5416669845581055,2.4791669845581055,2.5416669845581055,1.078321099281311,1675200
1993-11-10,2.5,2.5833330154418945,2.4791669845581055,2.5625,1.0871599912643433,1455600
1993-11-11,2.5625,2.625,2.5625,2.6041669845581055,1.1048375368118286,4011600
1993-11-12,2.6041669845581055,2.6041669845581055,2.5416669845581055,2.5833330154418945,1.0959982872009277,540000
1993-11-15,2.5416669845581055,2.5833330154418945,2.4791669845581055,2.5208330154418945,1.0694819688796997,758400
1993-11-16,2.5,2.5,2.4791669845581055,2.5,1.0606436729431152,3981600
1993-11-17,2.4791669845581055,2.5,2.3541669845581055,2.3958330154418945,1.0164499282836914,1905600
1993-11-18,2.375,2.4375,2.3541669845581055,2.4375,1.0341275930404663,2014800
1993-11-19,2.3958330154418945,2.4375,2.3958330154418945,2.4375,1.0341275930404663,110400
1993-11-22,2.4166669845581055,2.4166669845581055,2.3541669845581055,2.4166669845581055,1.0252890586853027,568800
1993-11-23,2.4166669845581055,2.4583330154418945,2.3541669845581055,2.4270830154418945,1.0297077894210815,787200
1993-11-24,2.4375,2.4583330154418945,2.4166669845581055,2.4166669845581055,1.0252890586853027,997200
1993-11-26,2.3958330154418945,2.4166669845581055,2.375,2.4166669845581055,1.0252890586853027,332400
1993-11-29,2.375,2.4375,2.375,2.375,1.0076111555099487,409200
1993-11-30,2.3958330154418945,2.4166669845581055,2.375,2.3958330154418945,1.0164499282836914,1112400
1993-12-01,2.4166669845581055,2.4583330154418945,2.375,2.4583330154418945,1.0429661273956299,1370400
1993-12-02,2.4583330154418945,2.4583330154418945,2.4375,2.4375,1.0341275930404663,758400
1993-12-03,2.4583330154418945,2.5,2.4375,2.5,1.0606436729431152,1677600
1993-12-06,2.5,2.5,2.4375,2.4895830154418945,1.056223750114441,1023600
1993-12-07,2.5,2.5,2.4791669845581055,2.5,1.0606436729431152,261600
1993-12-08,2.4791669845581055,2.5,2.4791669845581055,2.5,1.0606436729431152,334800
1993-12-09,2.5,2.5,2.4791669845581055,2.5,1.0606436729431152,541200
1993-12-10,2.4791669845581055,2.5,2.4791669845581055,2.5,1.0606436729431152,135600
1993-12-13,2.46875,2.4791669845581055,2.4166669845581055,2.4791669845581055,1.051805019378662,2185200
1993-12-14,2.4166669845581055,2.4791669845581055,2.4166669845581055,2.4166669845581055,1.0252890586853027,210000
1993-12-15,2.4583330154418945,2.4791669845581055,2.4166669845581055,2.4583330154418945,1.0429661273956299,1688400
1993-12-16,2.4166669845581055,2.4791669845581055,2.4166669845581055,2.4375,1.0341275930404663,358800
1993-12-17,2.5208330154418945,2.5625,2.5,2.5208330154418945,1.0694819688796997,1820400
1993-12-20,2.5208330154418945,2.5416669845581055,2.5208330154418945,2.5416669845581055,1.078321099281311,3355200
1993-12-21,2.5208330154418945,2.5625,2.5208330154418945,2.5625,1.0871599912643433,418800
1993-12-22,2.5208330154418945,2.6458330154418945,2.5208330154418945,2.625,1.113675832748413,2859600
1993-12-23,2.6666669845581055,2.7291669845581055,2.6041669845581055,2.6666669845581055,1.1313530206680298,990000
1993-12-27,2.6666669845581055,2.7708330154418945,2.6666669845581055,2.75,1.166707992553711,1090800
1993-12-28,2.75,2.7708330154418945,2.7083330154418945,2.7708330154418945,1.1755461692810059,1699200
1993-12-29,2.7291669845581055,2.7916669845581055,2.7291669845581055,2.7916669845581055,1.1843851804733276,1111200
1993-12-30,2.8333330154418945,2.8333330154418945,2.75,2.7916669845581055,1.1843851804733276,297600
1993-12-31,2.75,2.8333330154418945,2.75,2.8333330154418945,1.2020624876022339,470400
1994-01-03,2.7916669845581055,2.8333330154418945,2.75,2.8333330154418945,1.2020624876022339,1276800
1994-01-04,2.7916669845581055,2.875,2.7916669845581055,2.8125,1.1932238340377808,2906400
1994-01-05,2.7916669845581055,2.8333330154418945,2.75,2.7916669845581055,1.1843851804733276,1903200
1994-01-06,2.7916669845581055,2.7916669845581055,2.6875,2.7291669845581055,1.157869577407837,2808000
1994-01-07,2.6875,2.6875,2.5625,2.6041669845581055,1.1048375368118286,1386000
1994-01-10,2.6041669845581055,2.6875,2.5625,2.6875,1.1401915550231934,1210800
1994-01-11,2.7083330154418945,2.75,2.6458330154418945,2.6875,1.1401915550231934,366000
1994-01-12,2.6875,2.75,2.6875,2.7083330154418945,1.1490305662155151,435600
1994-01-13,2.7083330154418945,2.7916669845581055,2.7083330154418945,2.7916669845581055,1.1843851804733276,580800
1994-01-14,2.7916669845581055,2.7916669845581055,2.75,2.75,1.166707992553711,506400
1994-01-17,2.75,2.7916669845581055,2.7291669845581055,2.7708330154418945,1.1755461692810059,333600
1994-01-18,2.75,2.7916669845581055,2.75,2.75,1.166707992553711,379200
1994-01-19,2.75,2.78125,2.7083330154418945,2.75,1.166707992553711,811200
1994-01-20,2.7291669845581055,2.7916669845581055,2.7291669845581055,2.78125,1.1799662113189697,904800
1994-01-21,2.7916669845581055,2.7916669845581055,2.75,2.75,1.166707992553711,537600
1994-01-24,2.7708330154418945,2.8125,2.75,2.7916669845581055,1.1843851804733276,1200000
1994-01-25,2.7916669845581055,2.7916669845581055,2.75,2.78125,1.1799662113189697,1131600
1994-01-26,2.7916669845581055,2.7916669845581055,2.75,2.7708330154418945,1.1755461692810059,1770000
1994-01-27,2.7916669845581055,2.8333330154418945,2.7708330154418945,2.7708330154418945,1.1755461692810059,477600
1994-01-28,2.7708330154418945,2.84375,2.7708330154418945,2.8333330154418945,1.2020624876022339,2227200
1994-01-31,2.8333330154418945,2.8333330154418945,2.7916669845581055,2.8229169845581055,1.1976432800292969,661200
1994-02-01,2.7916669845581055,2.8333330154418945,2.7916669845581055,2.8333330154418945,1.2020624876022339,2786400
1994-02-02,2.8333330154418945,2.8333330154418945,2.75,2.75,1.166707992553711,2034000
1994-02-03,2.7916669845581055,2.7916669845581055,2.75,2.75,1.166707992553711,1029600
1994-02-04,2.75,2.7916669845581055,2.6458330154418945,2.6875,1.1401915550231934,885600
1994-02-07,2.6458330154418945,2.6666669845581055,2.5833330154418945,2.5833330154418945,1.0959982872009277,709200
1994-02-08,2.6458330154418945,2.6458330154418945,2.6041669845581055,2.6458330154418945,1.1225143671035767,1416000
1994-02-09,2.6666669845581055,2.6875,2.6354169845581055,2.6458330154418945,1.1225143671035767,776400
1994-02-10,2.625,2.6666669845581055,2.6041669845581055,2.6666669845581055,1.1313530206680298,886800
1994-02-11,2.6458330154418945,2.6458330154418945,2.6041669845581055,2.6041669845581055,1.1048375368118286,1006800
1994-02-14,2.6458330154418945,2.6666669845581055,2.6041669845581055,2.6458330154418945,1.1225143671035767,454800
1994-02-15,2.6458330154418945,2.6875,2.6458330154418945,2.6875,1.1401915550231934,666000
1994-02-16,2.6875,2.6875,2.6458330154418945,2.6458330154418945,1.1225143671035767,645600
1994-02-17,2.6875,2.6875,2.6458330154418945,2.6875,1.1401915550231934,1068000
1994-02-18,2.6875,2.6875,2.6458330154418945,2.6458330154418945,1.1225143671035767,132000
1994-02-22,2.6666669845581055,2.6666669845581055,2.6458330154418945,2.6666669845581055,1.1313530206680298,722400
1994-02-23,2.6666669845581055,2.6875,2.6458330154418945,2.6666669845581055,1.1313530206680298,612000
1994-02-24,2.6666669845581055,2.6875,2.6041669845581055,2.6458330154418945,1.1225143671035767,694800
1994-02-25,2.6041669845581055,2.6458330154418945,2.6041669845581055,2.625,1.113675832748413,818400
1994-02-28,2.625,2.6666669845581055,2.6041669845581055,2.6458330154418945,1.1225143671035767,770400
1994-03-01,2.6458330154418945,2.6666669845581055,2.625,2.6666669845581055,1.1313530206680298,219600
1994-03-02,2.5833330154418945,2.625,2.5416669845581055,2.6041669845581055,1.1048375368118286,1581600
1994-03-03,2.5625,2.6041669845581055,2.5208330154418945,2.5625,1.0871599912643433,1406400
1994-03-04,2.5625,2.5833330154418945,2.5208330154418945,2.5833330154418945,1.0959982872009277,1596000
1994-03-07,2.5833330154418945,2.5833330154418945,2.5416669845581055,2.5833330154418945,1.1020420789718628,476400
1994-03-08,2.5833330154418945,2.5833330154418945,2.5416669845581055,2.5520830154418945,1.0887104272842407,529200
1994-03-09,2.5833330154418945,2.5833330154418945,2.5416669845581055,2.5625,1.0931545495986938,619200
1994-03-10,2.5416669845581055,2.5625,2.5208330154418945,2.53125,1.07982337474823,600000
1994-03-11,2.53125,2.5416669845581055,2.5208330154418945,2.5208330154418945,1.0753793716430664,1029600
1994-03-14,2.5416669845581055,2.5416669845581055,2.5208330154418945,2.5416669845581055,1.084267258644104,2013600
1994-03-15,2.5208330154418945,2.5416669845581055,2.5208330154418945,2.5208330154418945,1.0753793716430664,470400
1994-03-16,2.5208330154418945,2.5416669845581055,2.5,2.5,1.0664920806884766,752400
1994-03-17,2.5208330154418945,2.5208330154418945,2.4791669845581055,2.5208330154418945,1.0753793716430664,1858800
1994-03-18,2.5208330154418945,2.5625,2.5,2.5416669845581055,1.084267258644104,3482400
1994-03-21,2.5625,2.5625,2.5208330154418945,2.5625,1.0931545495986938,1058400
1994-03-22,2.5208330154418945,2.5833330154418945,2.5208330154418945,2.5729169845581055,1.0975981950759888,735600
1994-03-23,2.5833330154418945,2.5833330154418945,2.5416669845581055,2.5833330154418945,1.1020420789718628,1152000
1994-03-24,2.5625,2.5625,2.5,2.5416669845581055,1.084267258644104,224400
1994-03-25,2.5416669845581055,2.6041669845581055,2.5,2.5833330154418945,1.1020420789718628,2426400
1994-03-28,2.6041669845581055,2.6041669845581055,2.5208330154418945,2.5833330154418945,1.1020420789718628,633600
1994-03-29,2.5833330154418945,2.5833330154418945,2.5208330154418945,2.5729169845581055,1.0975981950759888,4276800
1994-03-30,2.5208330154418945,2.5833330154418945,2.5208330154418945,2.5729169845581055,1.0975981950759888,712800
1994-03-31,2.5625,2.5833330154418945,2.5625,2.5833330154418945,1.1020420789718628,1267200
1994-04-04,2.5833330154418945,2.6041669845581055,2.5625,2.6041669845581055,1.1109298467636108,1090800
1994-04-05,2.6458330154418945,2.7395830154418945,2.6458330154418945,2.7083330154418945,1.1553667783737183,847200
1994-04-06,2.7083330154418945,2.7083330154418945,2.6666669845581055,2.6875,1.1464790105819702,380400
1994-04-07,2.6875,2.6875,2.6041669845581055,2.6041669845581055,1.1109298467636108,339600
1994-04-08,2.6041669845581055,2.6458330154418945,2.5833330154418945,2.5833330154418945,1.1020420789718628,486000
1994-04-11,2.625,2.625,2.5625,2.6041669845581055,1.1109298467636108,963600
1994-04-12,2.6041669845581055,2.6041669845581055,2.5625,2.6041669845581055,1.1109298467636108,398400
1994-04-13,2.6041669845581055,2.6041669845581055,2.5625,2.6041669845581055,1.1109298467636108,1899600
1994-04-14,2.6041669845581055,2.6041669845581055,2.5625,2.6041669845581055,1.1109298467636108,118800
1994-04-15,2.625,2.625,2.5625,2.625,1.1198170185089111,990000
1994-04-18,2.5833330154418945,2.625,2.5833330154418945,2.625,1.1198170185089111,435600
1994-04-19,2.6041669845581055,2.625,2.5625,2.625,1.1198170185089111,1023600
1994-04-20,2.625,2.625,2.4791669845581055,2.4791669845581055,1.0576046705245972,667200
1994-04-21,2.5416669845581055,2.5625,2.4791669845581055,2.5625,1.0931545495986938,3637200
1994-04-22,2.5625,2.6041669845581055,2.5625,2.5625,1.0931545495986938,2011200
1994-04-25,2.6041669845581055,2.6041669845581055,2.5625,2.5833330154418945,1.1020420789718628,1767600
1994-04-26,2.6041669845581055,2.6041669845581055,2.5625,2.5625,1.0931545495986938,373200
1994-04-28,2.6041669845581055,2.6041669845581055,2.5625,2.59375,1.1064856052398682,898800
1994-04-29,2.6041669845581055,2.6041669845581055,2.5625,2.5625,1.0931545495986938,882000
1994-05-02,2.5625,2.6875,2.5625,2.6666669845581055,1.1375914812088013,1981200
1994-05-03,2.6666669845581055,2.6666669845581055,2.6041669845581055,2.6458330154418945,1.1287040710449219,907200
1994-05-04,2.6458330154418945,2.6458330154418945,2.5729169845581055,2.5833330154418945,1.1020420789718628,2272800
1994-05-05,2.6458330154418945,2.65625,2.5833330154418945,2.6458330154418945,1.1287040710449219,448800
1994-05-06,2.6041669845581055,2.6458330154418945,2.6041669845581055,2.6145830154418945,1.1153727769851685,282000
1994-05-09,2.6041669845581055,2.6458330154418945,2.6041669845581055,2.6041669845581055,1.1109298467636108,639600
1994-05-10,2.6458330154418945,2.6458330154418945,2.6041669845581055,2.6458330154418945,1.1287040710449219,787200
1994-05-11,2.6458330154418945,2.6458330154418945,2.6041669845581055,2.6041669845581055,1.1109298467636108,538800
1994-05-12,2.6458330154418945,2.6458330154418945,2.6041669845581055,2.6041669845581055,1.1109298467636108,219600
1994-05-13,2.625,2.6458330154418945,2.6041669845581055,2.6458330154418945,1.1287040710449219,120000
1994-05-16,2.6041669845581055,2.6458330154418945,2.6041669845581055,2.6458330154418945,1.1287040710449219,543600
1994-05-17,2.6458330154418945,2.6666669845581055,2.6041669845581055,2.6041669845581055,1.1109298467636108,661200
1994-05-18,2.6666669845581055,2.6666669845581055,2.6041669845581055,2.6666669845581055,1.1375914812088013,192000
1994-05-19,2.625,2.6666669845581055,2.625,2.625,1.1198170185089111,1076400
1994-05-20,2.6666669845581055,2.6666669845581055,2.625,2.6666669845581055,1.1375914812088013,243600
1994-05-23,2.625,2.6666669845581055,2.625,2.625,1.1198170185089111,267600
1994-05-24,2.625,2.6666669845581055,2.625,2.625,1.1198170185089111,476400
1994-05-25,2.625,2.6666669845581055,2.625,2.625,1.1198170185089111,248400
1994-05-26,2.6666669845581055,2.6666669845581055,2.625,2.6666669845581055,1.1375914812088013,250800
1994-05-27,2.625,2.6875,2.625,2.6875,1.1464790105819702,452400
1994-05-31,2.6458330154418945,2.6875,2.5625,2.5989580154418945,1.108707070350647,2523600
1994-06-01,2.5625,2.6041669845581055,2.4791669845581055,2.5208330154418945,1.0753793716430664,744000
1994-06-02,2.5625,2.5625,2.5208330154418945,2.5520830154418945,1.0887104272842407,566400
1994-06-03,2.5625,2.5625,2.5208330154418945,2.5625,1.0931545495986938,547200
1994-06-06,2.5625,2.625,2.5208330154418945,2.625,1.1198170185089111,794400
1994-06-07,2.625,2.6666669845581055,2.625,2.6666669845581055,1.1375914812088013,1510800
1994-06-08,2.625,2.6666669845581055,2.625,2.65625,1.133148193359375,1851600
1994-06-09,2.6666669845581055,2.6875,2.625,2.6666669845581055,1.1375914812088013,963600
1994-06-10,2.6875,2.7083330154418945,2.6666669845581055,2.6875,1.1464790105819702,1408800
1994-06-13,2.6666669845581055,2.7291669845581055,2.6666669845581055,2.6875,1.1464790105819702,511200
1994-06-14,2.7291669845581055,2.7291669845581055,2.6875,2.7291669845581055,1.1642541885375977,356400
1994-06-15,2.6875,2.7291669845581055,2.6666669845581055,2.6666669845581055,1.1375914812088013,776400
1994-06-16,2.6875,2.7291669845581055,2.6458330154418945,2.7135419845581055,1.1575884819030762,1021200
1994-06-17,2.7291669845581055,2.7708330154418945,2.7083330154418945,2.7708330154418945,1.1820287704467773,805200
1994-06-20,2.75,2.75,2.6875,2.7291669845581055,1.1642541885375977,441600
1994-06-21,2.7291669845581055,2.7291669845581055,2.6666669845581055,2.6875,1.1464790105819702,945600
1994-06-22,2.6666669845581055,2.7291669845581055,2.6458330154418945,2.7083330154418945,1.1553667783737183,456000
1994-06-23,2.7083330154418945,2.7083330154418945,2.625,2.6666669845581055,1.1375914812088013,1558800
1994-06-24,2.6666669845581055,2.6666669845581055,2.5625,2.6041669845581055,1.1109298467636108,3979200
1994-06-27,2.5625,2.6458330154418945,2.5625,2.6458330154418945,1.1287040710449219,615600
1994-06-28,2.6458330154418945,2.6458330154418945,2.5833330154418945,2.625,1.1198170185089111,934800
1994-06-29,2.6458330154418945,2.6875,2.6458330154418945,2.6875,1.1464790105819702,1440000
1994-06-30,2.6875,2.7291669845581055,2.6666669845581055,2.7291669845581055,1.1642541885375977,590400
1994-07-01,2.7291669845581055,2.75,2.6666669845581055,2.7083330154418945,1.1553667783737183,376800
1994-07-05,2.7083330154418945,2.75,2.6666669845581055,2.6666669845581055,1.1375914812088013,397200
1994-07-06,2.7083330154418945,2.7083330154418945,2.6354169845581055,2.6666669845581055,1.1375914812088013,594000
1994-07-07,2.6458330154418945,2.6979169845581055,2.6458330154418945,2.6979169845581055,1.1509227752685547,644400
1994-07-08,2.6875,2.7291669845581055,2.6458330154418945,2.6979169845581055,1.1509227752685547,1160400
1994-07-11,2.75,2.7708330154418945,2.6875,2.75,1.173141360282898,638400
1994-07-12,2.75,2.75,2.6875,2.6875,1.1464790105819702,429600
1994-07-13,2.7291669845581055,2.7291669845581055,2.6875,2.6875,1.1464790105819702,243600
1994-07-14,2.7291669845581055,2.75,2.6875,2.75,1.173141360282898,319200
1994-07-15,2.75,2.75,2.6875,2.7083330154418945,1.1553667783737183,459600
1994-07-18,2.7083330154418945,2.7083330154418945,2.6875,2.6875,1.1464790105819702,235200
1994-07-19,2.6875,2.7083330154418945,2.6458330154418945,2.65625,1.133148193359375,1647600
1994-07-20,2.6458330154418945,2.75,2.6458330154418945,2.75,1.173141360282898,562800
1994-07-21,2.75,2.75,2.6666669845581055,2.6666669845581055,1.1375914812088013,1456800
1994-07-22,2.6666669845581055,2.7083330154418945,2.6666669845581055,2.6875,1.1464790105819702,1009200
1994-07-25,2.6875,2.6875,2.6458330154418945,2.65625,1.133148193359375,1058400
1994-07-26,2.65625,2.6666669845581055,2.625,2.625,1.1198170185089111,375600
1994-07-27,2.6041669845581055,2.625,2.5833330154418945,2.6145830154418945,1.1153727769851685,279600
1994-07-28,2.5833330154418945,2.625,2.5833330154418945,2.5833330154418945,1.1020420789718628,360000
1994-07-29,2.5833330154418945,2.625,2.5625,2.6041669845581055,1.1109298467636108,2386800
1994-08-01,2.6041669845581055,2.6458330154418945,2.6041669845581055,2.6041669845581055,1.1109298467636108,734400
1994-08-02,2.6666669845581055,2.6666669845581055,2.6041669845581055,2.65625,1.133148193359375,1693200
1994-08-03,2.6666669845581055,2.6666669845581055,2.625,2.6666669845581055,1.1375914812088013,699600
1994-08-04,2.6666669845581055,2.6666669845581055,2.6041669845581055,2.6666669845581055,1.1375914812088013,486000
1994-08-05,2.6666669845581055,2.6666669845581055,2.5625,2.6041669845581055,1.1109298467636108,1816800
1994-08-08,2.5625,2.625,2.5625,2.625,1.1198170185089111,1456800
1994-08-09,2.5833330154418945,2.625,2.5416669845581055,2.5520830154418945,1.0887104272842407,1231200
1994-08-10,2.5833330154418945,2.5833330154418945,2.5416669845581055,2.5416669845581055,1.084267258644104,1192800
1994-08-11,2.5833330154418945,2.6041669845581055,2.5416669845581055,2.59375,1.1064856052398682,1665600
1994-08-12,2.6041669845581055,2.625,2.5833330154418945,2.625,1.1198170185089111,642000
1994-08-15,2.625,2.625,2.5625,2.6145830154418945,1.1153727769851685,486000
1994-08-16,2.625,2.625,2.5625,2.5625,1.0931545495986938,1105200
1994-08-17,2.5625,2.625,2.5625,2.59375,1.1064856052398682,1514400
1994-08-18,2.625,2.625,2.5625,2.6041669845581055,1.1109298467636108,1046400
1994-08-19,2.625,2.6458330154418945,2.5833330154418945,2.6432290077209473,1.1275936365127563,710400
1994-08-22,2.640625,2.6458330154418945,2.5625,2.5625,1.0931545495986938,735600
1994-08-23,2.5625,2.6041669845581055,2.5625,2.6041669845581055,1.1109298467636108,1351200
1994-08-24,2.6041669845581055,2.6041669845581055,2.5625,2.6041669845581055,1.1109298467636108,1574400
1994-08-25,2.5625,2.6041669845581055,2.5625,2.5833330154418945,1.1020420789718628,1680000
1994-08-26,2.5833330154418945,2.6458330154418945,2.5625,2.6041669845581055,1.1109298467636108,1412400
1994-08-29,2.625,2.625,2.6041669845581055,2.6041669845581055,1.1109298467636108,776400
1994-08-30,2.625,2.6666669845581055,2.5833330154418945,2.6666669845581055,1.1375914812088013,1524000
1994-08-31,2.6666669845581055,2.6666669845581055,2.6458330154418945,2.6458330154418945,1.1287040710449219,294000
1994-09-01,2.6666669845581055,2.6666669845581055,2.6458330154418945,2.6666669845581055,1.1375914812088013,492000
1994-09-02,2.6666669845581055,2.6666669845581055,2.6458330154418945,2.6666669845581055,1.1375914812088013,261600
1994-09-06,2.6458330154418945,2.7291669845581055,2.6458330154418945,2.7291669845581055,1.1642541885375977,805200
1994-09-07,2.6875,2.7708330154418945,2.6875,2.7708330154418945,1.1820287704467773,837600
1994-09-08,2.734375,2.7708330154418945,2.7083330154418945,2.75,1.173141360282898,265200
1994-09-09,2.75,2.75,2.7083330154418945,2.75,1.173141360282898,601200
1994-09-12,2.7291669845581055,2.7291669845581055,2.7083330154418945,2.7291669845581055,1.1642541885375977,370800
1994-09-13,2.7083330154418945,2.7708330154418945,2.7083330154418945,2.75,1.173141360282898,958800
1994-09-14,2.7708330154418945,2.7916669845581055,2.6875,2.7291669845581055,1.1642541885375977,1954800
1994-09-15,2.7291669845581055,2.7708330154418945,2.6875,2.7708330154418945,1.1820287704467773,921600
1994-09-16,2.75,2.7916669845581055,2.7291669845581055,2.7916669845581055,1.1909164190292358,2256000
1994-09-19,2.75,2.8333330154418945,2.75,2.8020830154418945,1.1953601837158203,949200
1994-09-20,2.8125,2.8125,2.7708330154418945,2.8125,1.1998037099838257,596400
1994-09-21,2.7916669845581055,2.8125,2.7708330154418945,2.78125,1.1864726543426514,775200
1994-09-22,2.7708330154418945,2.7916669845581055,2.6458330154418945,2.6458330154418945,1.1287040710449219,960000
1994-09-23,2.6875,2.6875,2.6458330154418945,2.6458330154418945,1.1287040710449219,2068800
1994-09-26,2.6666669845581055,2.6666669845581055,2.6458330154418945,2.6666669845581055,1.1375914812088013,194400
1994-09-27,2.6666669845581055,2.6875,2.6458330154418945,2.6458330154418945,1.1287040710449219,762000
1994-09-28,2.6666669845581055,2.7708330154418945,2.6666669845581055,2.7708330154418945,1.1820287704467773,843600
1994-09-29,2.75,2.8125,2.7083330154418945,2.7708330154418945,1.1820287704467773,640800
1994-09-30,2.7708330154418945,2.875,2.7708330154418945,2.875,1.2264658212661743,1934400
1994-10-03,2.8333330154418945,2.875,2.8125,2.8333330154418945,1.2086910009384155,219600
1994-10-04,2.8125,2.8541669845581055,2.8125,2.8333330154418945,1.2086910009384155,1110000
1994-10-05,2.8541669845581055,2.9375,2.8125,2.9166669845581055,1.2442408800125122,2443200
1994-10-06,2.9166669845581055,2.9166669845581055,2.8333330154418945,2.84375,1.2131348848342896,1137600
1994-10-07,2.875,2.875,2.8333330154418945,2.8541669845581055,1.2175788879394531,1441200
1994-10-10,2.8333330154418945,2.875,2.8333330154418945,2.875,1.2264658212661743,105600
1994-10-11,2.875,2.875,2.7916669845581055,2.8333330154418945,1.2086910009384155,2444400
1994-10-12,2.8333330154418945,2.8541669845581055,2.7708330154418945,2.7916669845581055,1.1909164190292358,1730400
1994-10-13,2.8125,2.8125,2.7708330154418945,2.8072919845581055,1.1975818872451782,660000
1994-10-14,2.7708330154418945,2.8541669845581055,2.7708330154418945,2.8125,1.1998037099838257,735600
1994-10-17,2.8541669845581055,2.8958330154418945,2.8125,2.8854169845581055,1.230909824371338,1450800
1994-10-18,2.8958330154418945,2.9375,2.8333330154418945,2.9375,1.253128170967102,2305200
1994-10-19,2.875,2.9791669845581055,2.875,2.9166669845581055,1.2442408800125122,1580400
1994-10-20,2.9375,2.9791669845581055,2.9166669845581055,2.9583330154418945,1.2620153427124023,570000
1994-10-21,2.9375,2.9583330154418945,2.8958330154418945,2.8958330154418945,1.235353708267212,1040400
1994-10-24,2.8958330154418945,2.9375,2.875,2.9166669845581055,1.2442408800125122,600000
1994-10-25,2.8958330154418945,2.9166669845581055,2.8333330154418945,2.8958330154418945,1.235353708267212,224400
1994-10-26,2.8333330154418945,2.9583330154418945,2.8333330154418945,2.921875,1.2464628219604492,372000
1994-10-27,2.9583330154418945,2.9791669845581055,2.9166669845581055,2.9791669845581055,1.2709033489227295,1320000
1994-10-28,2.9791669845581055,3.0208330154418945,2.9166669845581055,3.0,1.2797906398773193,896400
1994-10-31,3.0208330154418945,3.0208330154418945,2.9583330154418945,2.9583330154418945,1.2620153427124023,943200
1994-11-01,3.0,3.0,2.9375,2.9479169845581055,1.2575724124908447,711600
1994-11-02,2.9375,2.9791669845581055,2.9375,2.9375,1.253128170967102,292800
1994-11-03,2.9166669845581055,2.9583330154418945,2.9166669845581055,2.9166669845581055,1.2442408800125122,120000
1994-11-04,2.9583330154418945,3.0,2.9270830154418945,2.9583330154418945,1.2620153427124023,561600
1994-11-07,3.0,3.0,2.9375,2.9791669845581055,1.2709033489227295,950400
1994-11-08,2.9375,2.9791669845581055,2.9375,2.9791669845581055,1.2709033489227295,1450800
1994-11-09,2.9791669845581055,2.9791669845581055,2.9166669845581055,2.9375,1.253128170967102,1207200
1994-11-10,2.9583330154418945,2.9583330154418945,2.8958330154418945,2.90625,1.2397972345352173,523200
1994-11-11,2.8958330154418945,2.9375,2.8333330154418945,2.8333330154418945,1.2086910009384155,1155600
1994-11-14,2.8541669845581055,2.8541669845581055,2.8125,2.8333330154418945,1.2086910009384155,3229200
1994-11-15,2.8541669845581055,2.875,2.8333330154418945,2.8333330154418945,1.2086910009384155,906000
1994-11-16,2.8333330154418945,2.875,2.8333330154418945,2.8645830154418945,1.2220221757888794,1406400
1994-11-17,2.875,2.8958330154418945,2.8333330154418945,2.8333330154418945,1.2086910009384155,974400
1994-11-18,2.8958330154418945,2.8958330154418945,2.8333330154418945,2.8541669845581055,1.2175788879394531,764400
1994-11-21,2.8541669845581055,2.9375,2.8541669845581055,2.90625,1.2397972345352173,582000
1994-11-22,2.9375,2.9375,2.8541669845581055,2.8958330154418945,1.235353708267212,667200
1994-11-23,2.8541669845581055,2.875,2.8125,2.8333330154418945,1.2086910009384155,388800
1994-11-25,2.8541669845581055,2.875,2.8125,2.875,1.2264658212661743,103200
1994-11-28,2.8125,2.875,2.8125,2.84375,1.2131348848342896,997200
1994-11-29,2.875,2.875,2.8125,2.875,1.2264658212661743,523200
1994-11-30,2.875,2.9270830154418945,2.8333330154418945,2.875,1.2264658212661743,939600
1994-12-01,2.9375,2.9791669845581055,2.9166669845581055,2.9375,1.253128170967102,769200
1994-12-02,2.9375,2.9791669845581055,2.9375,2.9791669845581055,1.2709033489227295,1111200
1994-12-05,2.9375,3.0208330154418945,2.9375,2.9791669845581055,1.2709033489227295,2450400
1994-12-06,2.9583330154418945,2.9791669845581055,2.9166669845581055,2.9166669845581055,1.2442408800125122,1394400
1994-12-07,2.9166669845581055,2.9375,2.8958330154418945,2.8958330154418945,1.235353708267212,180000
1994-12-08,2.875,2.9375,2.875,2.875,1.2264658212661743,169200
1994-12-09,2.9166669845581055,2.9166669845581055,2.8541669845581055,2.8541669845581055,1.2175788879394531,628800
1994-12-12,2.8958330154418945,2.9166669845581055,2.8489580154418945,2.8541669845581055,1.2175788879394531,752400
1994-12-13,2.8541669845581055,2.8541669845581055,2.8125,2.8125,1.1998037099838257,447600
1994-12-14,2.7916669845581055,2.8958330154418945,2.7916669845581055,2.875,1.2264658212661743,1418400
1994-12-15,2.875,2.9375,2.875,2.9375,1.253128170967102,2779200
1994-12-16,2.9583330154418945,2.9583330154418945,2.9166669845581055,2.9166669845581055,1.2442408800125122,814800
1994-12-19,2.9583330154418945,2.9583330154418945,2.9166669845581055,2.9583330154418945,1.2620153427124023,724800
1994-12-20,2.9791669845581055,3.0,2.9583330154418945,3.0,1.2797906398773193,1317600
1994-12-21,3.0,3.0208330154418945,2.9583330154418945,2.9791669845581055,1.2709033489227295,1083600
1994-12-22,2.9583330154418945,3.0,2.9166669845581055,2.9166669845581055,1.2442408800125122,818400
1994-12-23,2.9270830154418945,2.9583330154418945,2.9166669845581055,2.9166669845581055,1.2442408800125122,304800
1994-12-27,2.9166669845581055,2.9583330154418945,2.9166669845581055,2.9479169845581055,1.2575724124908447,955200
1994-12-28,2.9166669845581055,2.9583330154418945,2.9166669845581055,2.9583330154418945,1.2620153427124023,638400
1994-12-29,2.9583330154418945,2.9583330154418945,2.9166669845581055,2.9166669845581055,1.2442408800125122,344400
1994-12-30,2.9166669845581055,2.9583330154418945,2.9166669845581055,2.9583330154418945,1.2620153427124023,2376000
1995-01-03,2.9375,3.0,2.9375,2.9791669845581055,1.2709033489227295,1222800
1995-01-04,3.0,3.0833330154418945,2.9791669845581055,3.0833330154418945,1.315340518951416,1959600
1995-01-05,3.1458330154418945,3.2291669845581055,3.0416669845581055,3.0625,1.3064531087875366,4657200
1995-01-06,3.0625,3.1041669845581055,3.0416669845581055,3.0625,1.3064531087875366,1617600
1995-01-09,3.0416669845581055,3.0833330154418945,2.9791669845581055,3.0,1.2797906398773193,568800
1995-01-10,3.0416669845581055,3.0416669845581055,2.9791669845581055,2.9791669845581055,1.2709033489227295,589200
1995-01-11,2.9791669845581055,3.0416669845581055,2.9375,2.9375,1.253128170967102,446400
1995-01-12,2.9375,3.0,2.8958330154418945,3.0,1.2797906398773193,774000
1995-01-13,2.9791669845581055,3.0,2.9791669845581055,3.0,1.2797906398773193,879600
1995-01-16,2.9791669845581055,3.1666669845581055,2.9791669845581055,3.1458330154418945,1.3420026302337646,3519600
1995-01-17,3.1666669845581055,3.2083330154418945,3.1041669845581055,3.2083330154418945,1.3686646223068237,2464800
1995-01-18,3.1666669845581055,3.2083330154418945,3.0625,3.1041669845581055,1.3242276906967163,1137600
1995-01-19,3.0625,3.1041669845581055,3.0625,3.0833330154418945,1.315340518951416,1165200
1995-01-20,3.0208330154418945,3.0416669845581055,2.8958330154418945,2.9583330154418945,1.2620153427124023,1918800
1995-01-23,2.8958330154418945,2.9583330154418945,2.875,2.875,1.2264658212661743,1929600
1995-01-24,2.8958330154418945,2.9166669845581055,2.875,2.9166669845581055,1.2442408800125122,1028400
1995-01-25,2.875,2.9166669845581055,2.8541669845581055,2.8541669845581055,1.2175788879394531,574800
1995-01-26,2.8541669845581055,2.875,2.8541669845581055,2.875,1.2264658212661743,848400
1995-01-27,2.8958330154418945,2.9583330154418945,2.8541669845581055,2.9583330154418945,1.2620153427124023,874800
1995-01-30,2.9583330154418945,3.0,2.9166669845581055,2.9375,1.253128170967102,2290800
1995-01-31,3.0,3.0,2.875,2.875,1.2264658212661743,591600
1995-02-01,2.875,2.9375,2.875,2.90625,1.2397972345352173,1186800
1995-02-02,2.9375,2.9791669845581055,2.8958330154418945,2.9791669845581055,1.2709033489227295,939600
1995-02-03,2.9375,3.0416669845581055,2.9375,2.9791669845581055,1.2709033489227295,2256000
1995-02-06,3.0,3.0416669845581055,3.0,3.0208330154418945,1.2886781692504883,976800
1995-02-07,3.0416669845581055,3.0625,3.0208330154418945,3.0416669845581055,1.2975660562515259,1791600
1995-02-08,3.0208330154418945,3.0625,3.0208330154418945,3.0572919845581055,1.3042311668395996,522000
1995-02-09,3.0625,3.1041669845581055,3.0208330154418945,3.1041669845581055,1.3242276906967163,841200
1995-02-10,3.1041669845581055,3.1041669845581055,3.0625,3.0625,1.3064531087875366,680400
1995-02-13,3.1041669845581055,3.1041669845581055,3.0208330154418945,3.0416669845581055,1.2975660562515259,979200
1995-02-14,3.0208330154418945,3.0833330154418945,3.0208330154418945,3.0625,1.3064531087875366,604800
1995-02-15,3.0208330154418945,3.1041669845581055,3.0208330154418945,3.1041669845581055,1.3242276906967163,1900800
1995-02-16,3.0625,3.1041669845581055,3.0625,3.1041669845581055,1.3242276906967163,1362000
1995-02-17,3.1041669845581055,3.125,3.0625,3.125,1.3331152200698853,2037600
1995-02-21,3.1041669845581055,3.125,3.0833330154418945,3.125,1.3331152200698853,818400
1995-02-22,3.0989580154418945,3.1458330154418945,3.0833330154418945,3.1145830154418945,1.3286713361740112,1503600
1995-02-23,3.1458330154418945,3.1458330154418945,3.1041669845581055,3.1458330154418945,1.3420026302337646,1153200
1995-02-24,3.1041669845581055,3.1458330154418945,3.1041669845581055,3.1354169845581055,1.3375592231750488,810000
1995-02-27,3.1041669845581055,3.1458330154418945,3.1041669845581055,3.1041669845581055,1.3242276906967163,184800
1995-02-28,3.1458330154418945,3.1666669845581055,3.1041669845581055,3.1666669845581055,1.350890040397644,440400
1995-03-01,3.1458330154418945,3.1875,3.125,3.1458330154418945,1.3420026302337646,2437200
1995-03-02,3.1458330154418945,3.2083330154418945,3.1458330154418945,3.1666669845581055,1.350890040397644,636000
1995-03-03,3.2083330154418945,3.25,3.1666669845581055,3.2083330154418945,1.3686646223068237,474000
1995-03-06,3.2083330154418945,3.25,3.1875,3.25,1.4158599376678467,434400
1995-03-07,3.1875,3.25,3.1458330154418945,3.1458330154418945,1.3704800605773926,736800
1995-03-08,3.1458330154418945,3.25,3.1458330154418945,3.25,1.4158599376678467,1530000
1995-03-09,3.2083330154418945,3.34375,3.2083330154418945,3.3125,1.4430885314941406,1580400
1995-03-10,3.2916669845581055,3.2916669845581055,3.2708330154418945,3.2916669845581055,1.434012770652771,1287600
1995-03-13,3.2708330154418945,3.2916669845581055,3.2708330154418945,3.2916669845581055,1.434012770652771,276000
1995-03-14,3.2708330154418945,3.3125,3.2708330154418945,3.3125,1.4430885314941406,691200
1995-03-15,3.3125,3.3125,3.2708330154418945,3.3125,1.4430885314941406,1710000
1995-03-16,3.3125,3.3333330154418945,3.2916669845581055,3.3125,1.4430885314941406,1006800
1995-03-17,3.2916669845581055,3.3541669845581055,3.2916669845581055,3.3541669845581055,1.461240530014038,564000
1995-03-20,3.3541669845581055,3.3541669845581055,3.2916669845581055,3.3020830154418945,1.4385508298873901,933600
1995-03-21,3.2916669845581055,3.3333330154418945,3.2708330154418945,3.2708330154418945,1.424936294555664,676800
1995-03-22,3.2708330154418945,3.2916669845581055,3.25,3.2604169845581055,1.4203987121582031,554400
1995-03-23,3.2708330154418945,3.2708330154418945,3.25,3.25,1.4158599376678467,745200
1995-03-24,3.25,3.3333330154418945,3.2083330154418945,3.3125,1.4430885314941406,1776000
1995-03-27,3.2708330154418945,3.3333330154418945,3.2708330154418945,3.2708330154418945,1.424936294555664,1292400
1995-03-28,3.25,3.2708330154418945,3.2083330154418945,3.2291669845581055,1.4067842960357666,408000
1995-03-29,3.2708330154418945,3.2708330154418945,3.125,3.15625,1.37501859664917,2126400
1995-03-30,3.125,3.1666669845581055,3.0833330154418945,3.0833330154418945,1.3432519435882568,1768800
1995-03-31,3.1041669845581055,3.1875,3.0833330154418945,3.125,1.3614046573638916,1471200
1995-04-03,3.1875,3.2083330154418945,3.125,3.1770830154418945,1.384094476699829,769200
1995-04-04,3.1875,3.2083330154418945,3.1458330154418945,3.1979169845581055,1.3931704759597778,1406400
1995-04-05,3.1875,3.2708330154418945,3.1875,3.2708330154418945,1.424936294555664,1089600
1995-04-06,3.2708330154418945,3.2916669845581055,3.2291669845581055,3.2916669845581055,1.434012770652771,871200
1995-04-07,3.2916669845581055,3.3125,3.2604169845581055,3.2916669845581055,1.434012770652771,1404000
1995-04-10,3.2708330154418945,3.3125,3.25,3.25,1.4158599376678467,1027200
1995-04-11,3.2291669845581055,3.25,3.1666669845581055,3.1666669845581055,1.3795562982559204,562800
1995-04-12,3.1666669845581055,3.2083330154418945,3.1666669845581055,3.1666669845581055,1.3795562982559204,788400
1995-04-13,3.1666669845581055,3.2291669845581055,3.1666669845581055,3.2291669845581055,1.4067842960357666,580800
1995-04-17,3.2291669845581055,3.2291669845581055,3.1666669845581055,3.1875,1.3886322975158691,536400
1995-04-18,3.1875,3.25,3.1875,3.1875,1.3886322975158691,697200
1995-04-19,3.1875,3.25,3.1875,3.2291669845581055,1.4067842960357666,1264800
1995-04-20,3.25,3.2916669845581055,3.2083330154418945,3.2916669845581055,1.434012770652771,946800
1995-04-21,3.3125,3.3333330154418945,3.2708330154418945,3.2916669845581055,1.434012770652771,1004400
1995-04-24,3.3333330154418945,3.3333330154418945,3.2708330154418945,3.3333330154418945,1.4521642923355103,213600
1995-04-25,3.3125,3.3125,3.25,3.28125,1.4294745922088623,304800
1995-04-26,3.25,3.3125,3.25,3.2916669845581055,1.434012770652771,338400
1995-04-27,3.2916669845581055,3.3125,3.25,3.25,1.4158599376678467,194400
1995-04-28,3.3125,3.3125,3.2083330154418945,3.2083330154418945,1.3977082967758179,367200
1995-05-01,3.1875,3.25,3.1666669845581055,3.1666669845581055,1.3795562982559204,1183200
1995-05-02,3.1666669845581055,3.1875,3.1666669845581055,3.1666669845581055,1.3795562982559204,212400
1995-05-03,3.1875,3.1875,3.1666669845581055,3.1770830154418945,1.384094476699829,920400
1995-05-04,3.1666669845581055,3.1875,3.0833330154418945,3.1145830154418945,1.356866478919983,1606800
1995-05-05,3.125,3.125,3.0833330154418945,3.0833330154418945,1.3432519435882568,1038000
1995-05-08,3.0833330154418945,3.1041669845581055,3.0208330154418945,3.0208330154418945,1.3160239458084106,1066800
1995-05-09,3.0,3.0625,2.9791669845581055,2.9791669845581055,1.2978721857070923,928800
1995-05-10,3.0208330154418945,3.0208330154418945,2.9583330154418945,3.0,1.3069486618041992,2158800
1995-05-11,3.0,3.0,2.875,2.9166669845581055,1.2706440687179565,3216000
1995-05-12,2.9583330154418945,3.0,2.9166669845581055,2.9270830154418945,1.275181531906128,5023200
1995-05-15,2.9583330154418945,2.9583330154418945,2.8958330154418945,2.9166669845581055,1.2706440687179565,2871600
1995-05-16,2.8958330154418945,2.9375,2.8958330154418945,2.9375,1.2797203063964844,2674800
1995-05-17,2.9375,2.9895830154418945,2.9166669845581055,2.9583330154418945,1.2887961864471436,2494800
1995-05-18,2.9895830154418945,2.9895830154418945,2.9375,2.9583330154418945,1.2887961864471436,748800
1995-05-19,2.9583330154418945,2.9583330154418945,2.8958330154418945,2.9166669845581055,1.2706440687179565,3760800
1995-05-22,2.9375,2.9583330154418945,2.9166669845581055,2.9583330154418945,1.2887961864471436,2521200
1995-05-23,2.9583330154418945,2.9583330154418945,2.9166669845581055,2.9270830154418945,1.275181531906128,2493600
1995-05-24,2.9583330154418945,2.9583330154418945,2.9166669845581055,2.9583330154418945,1.2887961864471436,1676400
1995-05-25,2.9166669845581055,2.9583330154418945,2.9166669845581055,2.9166669845581055,1.2706440687179565,2245200
1995-05-26,2.921875,2.9583330154418945,2.9166669845581055,2.9375,1.2797203063964844,396000
1995-05-30,2.9166669845581055,2.9583330154418945,2.8958330154418945,2.9375,1.2797203063964844,720000
1995-05-31,2.9166669845581055,2.9166669845581055,2.8125,2.875,1.2524915933609009,1851600
1995-06-01,2.875,2.8958330154418945,2.8333330154418945,2.8958330154418945,1.2615675926208496,1744800
1995-06-02,2.8541669845581055,2.875,2.8125,2.875,1.2524915933609009,2353200
1995-06-05,2.8541669845581055,2.8958330154418945,2.8333330154418945,2.8645830154418945,1.2479537725448608,2641200
1995-06-06,2.8541669845581055,2.8958330154418945,2.7916669845581055,2.8958330154418945,1.2615675926208496,4599600
1995-06-07,2.875,3.0208330154418945,2.875,3.0208330154418945,1.3160239458084106,1994400
1995-06-08,3.0208330154418945,3.0208330154418945,2.9791669845581055,2.9791669845581055,1.2978721857070923,538800
1995-06-09,2.9791669845581055,3.0208330154418945,2.9166669845581055,2.9375,1.2797203063964844,840000
1995-06-12,2.9166669845581055,2.9791669845581055,2.8958330154418945,2.9791669845581055,1.2978721857070923,661200
1995-06-13,2.9791669845581055,2.9791669845581055,2.9375,2.9791669845581055,1.2978721857070923,504000
1995-06-14,2.9375,3.0,2.9375,2.9583330154418945,1.2887961864471436,2331600
1995-06-15,3.0,3.0833330154418945,2.9583330154418945,3.0833330154418945,1.3432519435882568,2013600
1995-06-16,3.0833330154418945,3.1041669845581055,3.0625,3.1041669845581055,1.3523284196853638,2100000
1995-06-19,3.1041669845581055,3.125,3.0833330154418945,3.1145830154418945,1.356866478919983,1843200
1995-06-20,3.125,3.1666669845581055,3.0833330154418945,3.1458330154418945,1.3704800605773926,918000
1995-06-21,3.125,3.1666669845581055,3.0833330154418945,3.125,1.3614046573638916,682800
1995-06-22,3.125,3.1458330154418945,3.0833330154418945,3.1458330154418945,1.3704800605773926,1027200
1995-06-23,3.125,3.1458330154418945,3.125,3.1458330154418945,1.3704800605773926,1672800
1995-06-26,3.125,3.1458330154418945,3.0833330154418945,3.0833330154418945,1.3432519435882568,423600
1995-06-27,3.125,3.125,3.0833330154418945,3.1041669845581055,1.3523284196853638,1758000
1995-06-28,3.125,3.125,3.0625,3.1041669845581055,1.3523284196853638,1136400
1995-06-29,3.0833330154418945,3.1041669845581055,3.0416669845581055,3.0416669845581055,1.3251005411148071,259200
1995-06-30,3.0416669845581055,3.1041669845581055,2.9583330154418945,2.9583330154418945,1.2887961864471436,891600
1995-07-03,2.9583330154418945,3.0572919845581055,2.9583330154418945,3.0208330154418945,1.3160239458084106,687600
1995-07-05,3.0416669845581055,3.125,3.0,3.125,1.3614046573638916,945600
1995-07-06,3.0833330154418945,3.1875,3.0833330154418945,3.1458330154418945,1.3704800605773926,1621200
1995-07-07,3.1875,3.2083330154418945,3.1458330154418945,3.1979169845581055,1.3931704759597778,1480800
1995-07-10,3.2083330154418945,3.2708330154418945,3.1875,3.25,1.4158599376678467,876000
1995-07-11,3.2083330154418945,3.2916669845581055,3.2083330154418945,3.2708330154418945,1.424936294555664,951600
1995-07-12,3.2708330154418945,3.3125,3.2708330154418945,3.2916669845581055,1.434012770652771,1569600
1995-07-13,3.2916669845581055,3.3125,3.2916669845581055,3.3125,1.4430885314941406,219600
1995-07-14,3.2916669845581055,3.3125,3.2083330154418945,3.25,1.4158599376678467,904800
1995-07-17,3.2083330154418945,3.25,3.2083330154418945,3.2083330154418945,1.3977082967758179,177600
1995-07-18,3.2083330154418945,3.25,3.1458330154418945,3.15625,1.37501859664917,1068000
1995-07-19,3.2083330154418945,3.2083330154418945,3.125,3.125,1.3614046573638916,1161600
1995-07-20,3.125,3.1875,3.125,3.1875,1.3886322975158691,591600
1995-07-21,3.1458330154418945,3.2083330154418945,3.1458330154418945,3.1666669845581055,1.3795562982559204,561600
1995-07-24,3.1666669845581055,3.2291669845581055,3.1666669845581055,3.21875,1.4022467136383057,1176000
1995-07-25,3.25,3.25,3.2083330154418945,3.2291669845581055,1.4067842960357666,835200
1995-07-26,3.2291669845581055,3.2291669845581055,3.1510419845581055,3.1510419845581055,1.3727492094039917,817200
1995-07-27,3.1875,3.1875,3.1458330154418945,3.1666669845581055,1.3795562982559204,566400
1995-07-28,3.1875,3.1875,3.125,3.1354169845581055,1.3659420013427734,544800
1995-07-31,3.1666669845581055,3.1666669845581055,3.0833330154418945,3.125,1.3614046573638916,486000
1995-08-01,3.125,3.1458330154418945,3.0208330154418945,3.1458330154418945,1.3704800605773926,2484000
1995-08-02,3.1041669845581055,3.1458330154418945,3.0,3.0416669845581055,1.3251005411148071,1387200
1995-08-03,3.0,3.0416669845581055,2.9375,3.0,1.3069486618041992,1256400
1995-08-04,3.0,3.1458330154418945,2.9791669845581055,3.140625,1.368211269378662,3043200
1995-08-07,3.2083330154418945,3.2291669845581055,3.1458330154418945,3.1458330154418945,1.3704800605773926,1857600
1995-08-08,3.2083330154418945,3.2291669845581055,3.1458330154418945,3.2083330154418945,1.3977082967758179,2836800
1995-08-09,3.2291669845581055,3.2708330154418945,3.1666669845581055,3.2291669845581055,1.4067842960357666,812400
1995-08-10,3.2291669845581055,3.2708330154418945,3.2291669845581055,3.2291669845581055,1.4067842960357666,1033200
1995-08-11,3.2708330154418945,3.2708330154418945,3.2291669845581055,3.2291669845581055,1.4067842960357666,138000
1995-08-14,3.2708330154418945,3.2708330154418945,3.2291669845581055,3.2395830154418945,1.4113221168518066,4225200
1995-08-15,3.25,3.25,3.2083330154418945,3.2291669845581055,1.4067842960357666,807600
1995-08-16,3.2291669845581055,3.3125,3.1875,3.2708330154418945,1.424936294555664,880800
1995-08-17,3.2708330154418945,3.3541669845581055,3.2708330154418945,3.3125,1.4430885314941406,1794000
1995-08-18,3.3541669845581055,3.3645830154418945,3.25,3.2708330154418945,1.424936294555664,2106000
1995-08-21,3.25,3.3125,3.25,3.2708330154418945,1.424936294555664,1282800
1995-08-22,3.2708330154418945,3.2916669845581055,3.25,3.2708330154418945,1.424936294555664,1267200
1995-08-23,3.2916669845581055,3.3125,3.25,3.265625,1.4226669073104858,619200
1995-08-24,3.2708330154418945,3.3020830154418945,3.2291669845581055,3.2604169845581055,1.4203987121582031,1706400
1995-08-25,3.2291669845581055,3.25,3.1666669845581055,3.1666669845581055,1.3795562982559204,466800
1995-08-28,3.2083330154418945,3.2083330154418945,3.0833330154418945,3.1614580154418945,1.3772871494293213,1116000
1995-08-29,3.1666669845581055,3.1666669845581055,3.0833330154418945,3.0833330154418945,1.3432519435882568,1146000
1995-08-30,3.125,3.2083330154418945,3.0833330154418945,3.1875,1.3886322975158691,855600
1995-08-31,3.1875,3.1875,3.125,3.1458330154418945,1.3704800605773926,829200
1995-09-01,3.125,3.1666669845581055,3.125,3.1458330154418945,1.3704800605773926,883200
1995-09-05,3.1458330154418945,3.1875,3.1458330154418945,3.1822919845581055,1.3863635063171387,796800
1995-09-06,3.1875,3.1875,3.1458330154418945,3.1666669845581055,1.3795562982559204,1095600
1995-09-07,3.1666669845581055,3.1875,3.1458330154418945,3.1875,1.3886322975158691,1460400
1995-09-08,3.1875,3.1875,3.1458330154418945,3.1770830154418945,1.384094476699829,811200
1995-09-11,3.1875,3.2083330154418945,3.1458330154418945,3.1979169845581055,1.3931704759597778,1743600
1995-09-12,3.2708330154418945,3.3333330154418945,3.25,3.3125,1.4430885314941406,1846800
1995-09-13,3.2708330154418945,3.3125,3.25,3.265625,1.4226669073104858,1914000
1995-09-14,3.2604169845581055,3.2916669845581055,3.25,3.2916669845581055,1.434012770652771,3523200
1995-09-15,3.2708330154418945,3.375,3.2708330154418945,3.3333330154418945,1.4521642923355103,2761200
1995-09-18,3.3333330154418945,3.3958330154418945,3.3125,3.3958330154418945,1.479392409324646,1704000
1995-09-19,3.4583330154418945,3.4583330154418945,3.4166669845581055,3.4166669845581055,1.4884687662124634,1200000
1995-09-20,3.453125,3.5833330154418945,3.4166669845581055,3.5625,1.5520012378692627,2175600
1995-09-21,3.5208330154418945,3.5625,3.5,3.5,1.5247726440429688,2059200
1995-09-22,3.5416669845581055,3.5625,3.4791669845581055,3.5625,1.5520012378692627,1711200
1995-09-25,3.5625,3.59375,3.5416669845581055,3.5729169845581055,1.5565389394760132,997200
1995-09-26,3.5833330154418945,3.6354169845581055,3.5,3.59375,1.565614938735962,2575200
1995-09-27,3.5677080154418945,3.6041669845581055,3.5,3.5208330154418945,1.5338486433029175,1291200
1995-09-28,3.5208330154418945,3.6666669845581055,3.5208330154418945,3.625,1.5792293548583984,1287600
1995-09-29,3.6458330154418945,3.71875,3.625,3.6666669845581055,1.5973812341690063,1310400
1995-10-02,3.5416669845581055,3.6041669845581055,3.5416669845581055,3.5416669845581055,1.5429250001907349,1024800
1995-10-03,3.5416669845581055,3.5729169845581055,3.4791669845581055,3.5625,1.5520012378692627,1196400
1995-10-04,3.5625,3.5625,3.4166669845581055,3.4375,1.4975444078445435,997200
1995-10-05,3.4166669845581055,3.4791669845581055,3.3541669845581055,3.4166669845581055,1.4884687662124634,5054400
1995-10-06,3.4375,3.5416669845581055,3.4375,3.4791669845581055,1.5156970024108887,715200
1995-10-09,3.5208330154418945,3.5208330154418945,3.4375,3.4583330154418945,1.506620168685913,1233600
1995-10-10,3.3958330154418945,3.5625,3.3958330154418945,3.53125,1.5383867025375366,1034400
1995-10-11,3.5416669845581055,3.6041669845581055,3.5416669845581055,3.5729169845581055,1.5565389394760132,1378800
1995-10-12,3.5625,3.6041669845581055,3.5416669845581055,3.5416669845581055,1.5429250001907349,354000
1995-10-13,3.6041669845581055,3.6875,3.5416669845581055,3.6666669845581055,1.5973812341690063,1744800
1995-10-16,3.6666669845581055,3.75,3.6458330154418945,3.7083330154418945,1.615533471107483,1286400
1995-10-17,3.7083330154418945,3.75,3.6875,3.7291669845581055,1.6246089935302734,1240800
1995-10-18,3.75,3.75,3.6875,3.7083330154418945,1.615533471107483,2326800
1995-10-19,3.6979169845581055,3.7083330154418945,3.5416669845581055,3.6041669845581055,1.5701528787612915,1250400
1995-10-20,3.5833330154418945,3.6041669845581055,3.5625,3.5833330154418945,1.5610765218734741,1789200
1995-10-23,3.5833330154418945,3.5833330154418945,3.5416669845581055,3.5416669845581055,1.5429250001907349,646800
1995-10-24,3.5833330154418945,3.6041669845581055,3.5416669845581055,3.5520830154418945,1.5474627017974854,2484000
1995-10-25,3.5833330154418945,3.5833330154418945,3.5416669845581055,3.5416669845581055,1.5429250001907349,548400
1995-10-26,3.5208330154418945,3.5625,3.5,3.5416669845581055,1.5429250001907349,212400
1995-10-27,3.5,3.5416669845581055,3.4791669845581055,3.5,1.5247726440429688,730800
1995-10-30,3.5,3.5416669845581055,3.5,3.5,1.5247726440429688,1070400
1995-10-31,3.5416669845581055,3.5416669845581055,3.5,3.5,1.5247726440429688,1134000
1995-11-01,3.5416669845581055,3.5416669845581055,3.5,3.5,1.5247726440429688,430800
1995-11-02,3.5,3.78125,3.5,3.7291669845581055,1.6246089935302734,4358400
1995-11-03,3.7291669845581055,3.7708330154418945,3.7291669845581055,3.75,1.6336852312088013,1624800
1995-11-06,3.7291669845581055,3.7604169845581055,3.7291669845581055,3.75,1.6336852312088013,1156800
1995-11-07,3.75,3.78125,3.7083330154418945,3.7708330154418945,1.642760992050171,1249200
1995-11-08,3.75,3.7708330154418945,3.7291669845581055,3.75,1.6336852312088013,783600
1995-11-09,3.7291669845581055,3.75,3.7291669845581055,3.75,1.6336852312088013,202800
1995-11-10,3.7291669845581055,3.78125,3.7083330154418945,3.75,1.6336852312088013,720000
1995-11-13,3.7708330154418945,3.78125,3.7291669845581055,3.78125,1.6472989320755005,349200
1995-11-14,3.75,3.8333330154418945,3.75,3.7916669845581055,1.6518372297286987,1726800
1995-11-15,3.7916669845581055,3.7916669845581055,3.75,3.7916669845581055,1.6518372297286987,628800
1995-11-16,3.7916669845581055,3.9791669845581055,3.7708330154418945,3.9583330154418945,1.7244453430175781,3169200
1995-11-17,3.9791669845581055,4.0,3.9375,3.9791669845581055,1.7335208654403687,1400400
1995-11-20,3.9791669845581055,3.9791669845581055,3.875,3.90625,1.7017552852630615,1101600
1995-11-21,3.90625,3.90625,3.8541669845581055,3.8958330154418945,1.6972169876098633,892800
1995-11-22,3.8541669845581055,3.8958330154418945,3.7916669845581055,3.8125,1.660913348197937,1702800
1995-11-24,3.8125,3.8541669845581055,3.7916669845581055,3.8125,1.660913348197937,562800
1995-11-27,3.8541669845581055,3.90625,3.796875,3.8645830154418945,1.6836035251617432,1846800
1995-11-28,3.8541669845581055,4.0,3.8541669845581055,3.9375,1.7153688669204712,1204800
1995-11-29,3.9791669845581055,3.9791669845581055,3.8958330154418945,3.9375,1.7153688669204712,1153200
1995-11-30,3.8958330154418945,3.9166669845581055,3.8125,3.8333330154418945,1.6699891090393066,871200
1995-12-01,3.8333330154418945,3.8333330154418945,3.7916669845581055,3.8229169845581055,1.6654514074325562,826800
1995-12-04,3.7708330154418945,3.8125,3.7708330154418945,3.7708330154418945,1.642760992050171,1440000
1995-12-05,3.8125,3.84375,3.7291669845581055,3.7708330154418945,1.642760992050171,1624800
1995-12-06,3.7083330154418945,3.7708330154418945,3.6458330154418945,3.6875,1.6064571142196655,2145600
1995-12-07,3.6875,3.6875,3.6458330154418945,3.6666669845581055,1.5973812341690063,3924000
1995-12-08,3.6458330154418945,3.6875,3.6458330154418945,3.6875,1.6064571142196655,1872000
1995-12-11,3.6875,3.6875,3.6458330154418945,3.6875,1.6064571142196655,408000
1995-12-12,3.6875,3.6875,3.5833330154418945,3.6458330154418945,1.5883049964904785,685200
1995-12-13,3.5833330154418945,3.6666669845581055,3.5833330154418945,3.6666669845581055,1.5973812341690063,5338800
1995-12-14,3.6666669845581055,3.6875,3.6041669845581055,3.605468988418579,1.5707203149795532,1630800
1995-12-15,3.5833330154418945,3.6458330154418945,3.5625,3.6458330154418945,1.5883049964904785,1681200
1995-12-18,3.5833330154418945,3.6041669845581055,3.5416669845581055,3.6041669845581055,1.5701528787612915,1150800
1995-12-19,3.5416669845581055,3.625,3.5416669845581055,3.625,1.5792293548583984,1052400
1995-12-20,3.5833330154418945,3.75,3.5833330154418945,3.71875,1.6200706958770752,2035200
1995-12-21,3.6927080154418945,3.75,3.6458330154418945,3.6875,1.6064571142196655,1648800
1995-12-22,3.6458330154418945,3.6875,3.6041669845581055,3.6666669845581055,1.5973812341690063,961200
1995-12-26,3.6041669845581055,3.6666669845581055,3.6041669845581055,3.6666669845581055,1.5973812341690063,199200
1995-12-27,3.6666669845581055,3.7083330154418945,3.6041669845581055,3.7083330154418945,1.615533471107483,772800
1995-12-28,3.6666669845581055,3.75,3.6666669845581055,3.75,1.6336852312088013,1353600
1995-12-29,3.6875,3.7708330154418945,3.6875,3.7083330154418945,1.615533471107483,835200
1996-01-02,3.75,3.75,3.7083330154418945,3.7291669845581055,1.6246089935302734,644400
1996-01-03,3.75,3.8333330154418945,3.7083330154418945,3.7916669845581055,1.6518372297286987,1462800
1996-01-04,3.7916669845581055,3.8229169845581055,3.7395830154418945,3.7395830154418945,1.6291472911834717,1554000
1996-01-05,3.7291669845581055,3.75,3.6875,3.6875,1.6064571142196655,757200
1996-01-08,3.7291669845581055,3.7291669845581055,3.6666669845581055,3.6875,1.6064571142196655,232800
1996-01-09,3.6666669845581055,3.6875,3.5833330154418945,3.6354169845581055,1.5837671756744385,1314000
1996-01-10,3.5833330154418945,3.6458330154418945,3.5416669845581055,3.5833330154418945,1.5610765218734741,1110000
1996-01-11,3.5833330154418945,3.5833330154418945,3.4791669845581055,3.5208330154418945,1.5338486433029175,616800
1996-01-12,3.4791669845581055,3.5416669845581055,3.4791669845581055,3.5208330154418945,1.5338486433029175,1514400
1996-01-15,3.5416669845581055,3.5416669845581055,3.5,3.5104169845581055,1.5293104648590088,309600
1996-01-16,3.5208330154418945,3.6041669845581055,3.5,3.5625,1.5520012378692627,2296800
1996-01-17,3.6041669845581055,3.7395830154418945,3.5625,3.7083330154418945,1.615533471107483,2032800
1996-01-18,3.7083330154418945,3.7083330154418945,3.6041669845581055,3.6458330154418945,1.5883049964904785,962400
1996-01-19,3.6354169845581055,3.7083330154418945,3.6354169845581055,3.7083330154418945,1.615533471107483,1939200
1996-01-22,3.7083330154418945,3.7083330154418945,3.6458330154418945,3.6458330154418945,1.5883049964904785,379200
1996-01-23,3.7083330154418945,3.7083330154418945,3.625,3.7083330154418945,1.615533471107483,976800
1996-01-24,3.6875,3.75,3.6666669845581055,3.7291669845581055,1.6246089935302734,765600
1996-01-25,3.6875,3.8125,3.6875,3.7708330154418945,1.642760992050171,948000
1996-01-26,3.78125,3.8541669845581055,3.75,3.8541669845581055,1.6790657043457031,1474800
1996-01-29,3.8541669845581055,3.8541669845581055,3.7708330154418945,3.7708330154418945,1.642760992050171,1707600
1996-01-30,3.8333330154418945,3.8333330154418945,3.7708330154418945,3.8020830154418945,1.6563752889633179,1014000
1996-01-31,3.7708330154418945,3.875,3.7708330154418945,3.8333330154418945,1.6699891090393066,786000
1996-02-01,3.875,3.9375,3.8125,3.9375,1.7153688669204712,1916400
1996-02-02,3.9166669845581055,4.0625,3.875,4.0208330154418945,1.7516731023788452,2070000
1996-02-05,4.0208330154418945,4.0625,4.0208330154418945,4.0625,1.7698253393173218,1021200
1996-02-06,4.0625,4.125,4.0208330154418945,4.0625,1.7698253393173218,1682400
1996-02-07,4.0625,4.0833330154418945,4.0416669845581055,4.0416669845581055,1.7607502937316895,404400
1996-02-08,4.0416669845581055,4.1770830154418945,4.0416669845581055,4.1458330154418945,1.8061293363571167,1753200
1996-02-09,4.1458330154418945,4.1666669845581055,4.0208330154418945,4.0208330154418945,1.7516731023788452,2161200
1996-02-12,4.0,4.0416669845581055,4.0,4.0208330154418945,1.7516731023788452,594000
1996-02-13,4.0208330154418945,4.1354169845581055,4.0104169845581055,4.0625,1.7698253393173218,1479600
1996-02-14,4.0625,4.1875,4.0625,4.1041669845581055,1.7879772186279297,1429200
1996-02-15,4.1041669845581055,4.1458330154418945,4.0625,4.125,1.7970539331436157,938400
1996-02-16,4.0625,4.125,4.0208330154418945,4.0208330154418945,1.7516731023788452,958800
1996-02-20,4.0,4.0833330154418945,3.9583330154418945,3.9791669845581055,1.7335208654403687,1107600
1996-02-21,3.9583330154418945,4.0,3.9166669845581055,3.9583330154418945,1.7244453430175781,598800
1996-02-22,3.9166669845581055,4.0416669845581055,3.9166669845581055,4.0416669845581055,1.7607502937316895,940800
1996-02-23,3.9791669845581055,4.0729169845581055,3.9791669845581055,4.0,1.742597222328186,684000
1996-02-26,4.0,4.0625,4.0,4.0,1.742597222328186,314400
1996-02-27,4.0625,4.2083330154418945,4.0,4.1666669845581055,1.8152059316635132,1350000
1996-02-28,4.1770830154418945,4.2083330154418945,4.0833330154418945,4.1458330154418945,1.8061293363571167,1544400
1996-02-29,4.0833330154418945,4.1458330154418945,4.0416669845581055,4.0416669845581055,1.7607502937316895,604800
1996-03-01,4.1041669845581055,4.125,4.0416669845581055,4.0625,1.7698253393173218,921600
1996-03-04,4.0416669845581055,4.125,4.0416669845581055,4.0833330154418945,1.77890145778656,602400
1996-03-05,4.0833330154418945,4.125,4.0416669845581055,4.1041669845581055,1.7879772186279297,752400
1996-03-06,4.1041669845581055,4.1041669845581055,4.0416669845581055,4.0416669845581055,1.7972424030303955,487200
1996-03-07,4.0833330154418945,4.0833330154418945,4.0,4.0,1.7787132263183594,529200
1996-03-08,3.9791669845581055,4.0,3.9375,3.9375,1.7509206533432007,452400
1996-03-11,3.9791669845581055,4.0208330154418945,3.9166669845581055,4.0208330154418945,1.7879769802093506,716400
1996-03-12,3.9791669845581055,4.0208330154418945,3.9166669845581055,3.9479169845581055,1.755552887916565,1446000
1996-03-13,3.9791669845581055,4.0208330154418945,3.9375,4.0,1.7787132263183594,1636800
1996-03-14,4.0208330154418945,4.0208330154418945,3.9583330154418945,3.9583330154418945,1.76018488407135,849600
1996-03-15,3.9791669845581055,4.0208330154418945,3.9583330154418945,4.0208330154418945,1.7879769802093506,1010400
1996-03-18,4.0208330154418945,4.0416669845581055,3.9791669845581055,4.03125,1.792609453201294,958800
1996-03-19,4.0416669845581055,4.0416669845581055,4.0,4.0208330154418945,1.7879769802093506,1065600
1996-03-20,4.03125,4.125,4.0,4.0833330154418945,1.8157696723937988,1551600
1996-03-21,4.125,4.125,4.0833330154418945,4.0833330154418945,1.8157696723937988,538800
1996-03-22,4.125,4.125,4.0416669845581055,4.0833330154418945,1.8157696723937988,409200
1996-03-25,4.1041669845581055,4.1041669845581055,4.0416669845581055,4.0625,1.8065053224563599,705600
1996-03-26,4.0833330154418945,4.1458330154418945,4.0416669845581055,4.125,1.8342984914779663,1240800
1996-03-27,4.0833330154418945,4.1875,4.0833330154418945,4.1875,1.8620902299880981,1760400
1996-03-28,4.125,4.1875,4.125,4.125,1.8342984914779663,1632000
1996-03-29,4.1666669845581055,4.2291669845581055,4.1458330154418945,4.1666669845581055,1.852826476097107,1366800
1996-04-01,4.25,4.3333330154418945,4.1875,4.2708330154418945,1.899146556854248,1274400
1996-04-02,4.2708330154418945,4.375,4.2708330154418945,4.375,1.9454673528671265,1012800
1996-04-03,4.3645830154418945,4.375,4.25,4.25,1.8898828029632568,724800
1996-04-04,4.2916669845581055,4.2916669845581055,4.2291669845581055,4.2291669845581055,1.880618929862976,608400
1996-04-08,4.1666669845581055,4.25,4.1666669845581055,4.1875,1.8620902299880981,1032000
1996-04-09,4.1875,4.2708330154418945,4.1875,4.2291669845581055,1.880618929862976,800400
1996-04-10,4.2291669845581055,4.2708330154418945,4.2083330154418945,4.2291669845581055,1.880618929862976,218400
1996-04-11,4.2291669845581055,4.3541669845581055,4.2291669845581055,4.2916669845581055,1.9084116220474243,2023200
1996-04-12,4.3541669845581055,4.4375,4.3541669845581055,4.4375,1.973260521888733,1705200
1996-04-15,4.4375,4.5,4.3541669845581055,4.375,1.9454673528671265,2634000
1996-04-16,4.3958330154418945,4.4166669845581055,4.3541669845581055,4.3958330154418945,1.9547312259674072,830400
1996-04-17,4.3541669845581055,4.375,4.3333330154418945,4.3333330154418945,1.926939606666565,1239600
1996-04-18,4.3541669845581055,4.3541669845581055,4.3333330154418945,4.3541669845581055,1.9362037181854248,198000
1996-04-19,4.3541669845581055,4.3541669845581055,4.3020830154418945,4.3020830154418945,1.91304349899292,2283600
1996-04-22,4.3333330154418945,4.375,4.3125,4.3541669845581055,1.9362037181854248,1602000
1996-04-23,4.3125,4.375,4.3125,4.375,1.9454673528671265,2187600
1996-04-24,4.3541669845581055,4.3541669845581055,4.2291669845581055,4.2708330154418945,1.899146556854248,938400
1996-04-25,4.2708330154418945,4.3541669845581055,4.2291669845581055,4.34375,1.9315719604492188,1812000
1996-04-26,4.3541669845581055,4.3541669845581055,4.3125,4.3125,1.9176753759384155,1730400
1996-04-29,4.3541669845581055,4.4791669845581055,4.3541669845581055,4.4583330154418945,1.9825241565704346,1276800
1996-04-30,4.4583330154418945,4.5208330154418945,4.4166669845581055,4.4791669845581055,1.991788625717163,1297200
1996-05-01,4.5208330154418945,4.5625,4.4791669845581055,4.5625,2.0288450717926025,466800
1996-05-02,4.5208330154418945,4.5833330154418945,4.5208330154418945,4.5416669845581055,2.019580841064453,1730400
1996-05-03,4.5416669845581055,4.5625,4.5,4.5416669845581055,2.019580841064453,768000
1996-05-06,4.5,4.5416669845581055,4.4375,4.4791669845581055,1.991788625717163,681600
1996-05-07,4.5,4.5,4.4166669845581055,4.4166669845581055,1.963996171951294,960000
1996-05-08,4.4166669845581055,4.5,4.375,4.5,2.001052141189575,988800
1996-05-09,4.5,4.5416669845581055,4.4583330154418945,4.5416669845581055,2.019580841064453,668400
1996-05-10,4.5,4.5833330154418945,4.5,4.5833330154418945,2.038109302520752,495600
1996-05-13,4.5833330154418945,4.6041669845581055,4.5416669845581055,4.6041669845581055,2.0473737716674805,446400
1996-05-14,4.5729169845581055,4.625,4.5416669845581055,4.625,2.0566372871398926,384000
1996-05-15,4.5833330154418945,4.6666669845581055,4.5416669845581055,4.6041669845581055,2.0473737716674805,1090800
1996-05-16,4.6041669845581055,4.6666669845581055,4.5416669845581055,4.5833330154418945,2.038109302520752,780000
1996-05-17,4.5833330154418945,4.5833330154418945,4.5208330154418945,4.5208330154418945,2.01031756401062,560400
1996-05-20,4.5208330154418945,4.5833330154418945,4.5208330154418945,4.5833330154418945,2.038109302520752,385200
1996-05-21,4.5208330154418945,4.5833330154418945,4.5208330154418945,4.5208330154418945,2.01031756401062,409200
1996-05-22,4.5,4.5416669845581055,4.4583330154418945,4.4791669845581055,1.991788625717163,1279200
1996-05-23,4.5104169845581055,4.5416669845581055,4.4791669845581055,4.5416669845581055,2.019580841064453,404400
1996-05-24,4.4791669845581055,4.5416669845581055,4.4791669845581055,4.4791669845581055,1.991788625717163,812400
1996-05-28,4.5416669845581055,4.5416669845581055,4.4583330154418945,4.4791669845581055,1.991788625717163,560400
1996-05-29,4.4791669845581055,4.5833330154418945,4.4583330154418945,4.5208330154418945,2.01031756401062,1299600
1996-05-30,4.5208330154418945,4.5625,4.4583330154418945,4.5,2.001052141189575,577200
1996-05-31,4.5208330154418945,4.5208330154418945,4.4375,4.4583330154418945,1.9825241565704346,993600
1996-06-03,4.4583330154418945,4.5,4.4583330154418945,4.4583330154418945,1.9825241565704346,513600
1996-06-04,4.5,4.6145830154418945,4.4583330154418945,4.5625,2.0288450717926025,1682400
1996-06-05,4.5208330154418945,4.5625,4.5208330154418945,4.5208330154418945,2.01031756401062,402000
1996-06-06,4.5208330154418945,4.5833330154418945,4.5,4.5,2.001052141189575,357600
1996-06-07,4.5416669845581055,4.5416669845581055,4.4791669845581055,4.5416669845581055,2.019580841064453,424800
1996-06-10,4.4791669845581055,4.5833330154418945,4.4583330154418945,4.5416669845581055,2.019580841064453,782400
1996-06-11,4.53125,4.5833330154418945,4.53125,4.53125,2.014948606491089,344400
1996-06-12,4.5833330154418945,4.6041669845581055,4.53125,4.5625,2.0288450717926025,636000
1996-06-13,4.5625,4.6041669845581055,4.5416669845581055,4.5833330154418945,2.038109302520752,822000
1996-06-14,4.5416669845581055,4.5833330154418945,4.5208330154418945,4.5208330154418945,2.01031756401062,561600
1996-06-17,4.5,4.5416669845581055,4.5,4.5,2.001052141189575,285600
1996-06-18,4.5625,4.6041669845581055,4.5208330154418945,4.6041669845581055,2.0473737716674805,1130400
1996-06-19,4.59375,4.6458330154418945,4.5625,4.6458330154418945,2.065901517868042,978000
1996-06-20,4.625,4.6458330154418945,4.5625,4.6041669845581055,2.0473737716674805,2064000
1996-06-21,4.59375,4.625,4.5208330154418945,4.5625,2.0288450717926025,1305600
1996-06-24,4.5833330154418945,4.6666669845581055,4.5416669845581055,4.6041669845581055,2.0473737716674805,1006800
1996-06-25,4.6666669845581055,4.6666669845581055,4.5520830154418945,4.5625,2.0288450717926025,740400
1996-06-26,4.6041669845581055,4.6041669845581055,4.5,4.5208330154418945,2.01031756401062,720000
1996-06-27,4.5,4.5416669845581055,4.5,4.5052080154418945,2.003368377685547,488400
1996-06-28,4.5104169845581055,4.5208330154418945,4.3958330154418945,4.4583330154418945,1.9825241565704346,3541200
1996-07-01,4.4583330154418945,4.4791669845581055,4.3958330154418945,4.4791669845581055,1.991788625717163,818400
1996-07-02,4.4791669845581055,4.5416669845581055,4.4270830154418945,4.4791669845581055,1.991788625717163,901200
1996-07-03,4.5416669845581055,4.5416669845581055,4.4791669845581055,4.4791669845581055,1.991788625717163,1602000
1996-07-05,4.4166669845581055,4.4583330154418945,4.4166669845581055,4.4166669845581055,1.963996171951294,261600
1996-07-08,4.4583330154418945,4.4583330154418945,4.3958330154418945,4.3958330154418945,1.9547312259674072,618000
1996-07-09,4.4583330154418945,4.4583330154418945,4.375,4.4375,1.973260521888733,615600
1996-07-10,4.4375,4.4375,4.375,4.375,1.9454673528671265,211200
1996-07-11,4.4375,4.4375,4.3125,4.3125,1.9176753759384155,1100400
1996-07-12,4.3125,4.3541669845581055,4.3125,4.3541669845581055,1.9362037181854248,1063200
1996-07-15,4.3125,4.3541669845581055,4.3125,4.3541669845581055,1.9362037181854248,555600
1996-07-16,4.3125,4.3541669845581055,4.3125,4.3541669845581055,1.9362037181854248,1747200
1996-07-17,4.3333330154418945,4.375,4.2708330154418945,4.3125,1.9176753759384155,2332800
1996-07-18,4.3125,4.3125,4.2708330154418945,4.3125,1.9176753759384155,2688000
1996-07-19,4.2916669845581055,4.3125,4.25,4.25,1.8898828029632568,1080000
1996-07-22,4.25,4.2916669845581055,4.25,4.2916669845581055,1.9084116220474243,220800
1996-07-23,4.25,4.2916669845581055,4.2083330154418945,4.2395830154418945,1.8852499723434448,1416000
1996-07-24,4.1666669845581055,4.2083330154418945,4.1458330154418945,4.1875,1.8620902299880981,1210800
1996-07-25,4.1458330154418945,4.2083330154418945,4.1041669845581055,4.2083330154418945,1.8713548183441162,5610000
1996-07-26,4.2083330154418945,4.25,4.1666669845581055,4.25,1.8898828029632568,448800
1996-07-29,4.1875,4.2708330154418945,4.1875,4.2083330154418945,1.8713548183441162,1780800
1996-07-30,4.2916669845581055,4.2916669845581055,4.2083330154418945,4.2708330154418945,1.899146556854248,888000
1996-07-31,4.2708330154418945,4.2708330154418945,4.2083330154418945,4.25,1.8898828029632568,484800
1996-08-01,4.2708330154418945,4.2708330154418945,4.2291669845581055,4.2708330154418945,1.899146556854248,240000
1996-08-02,4.2708330154418945,4.2708330154418945,4.2291669845581055,4.2291669845581055,1.880618929862976,585600
1996-08-05,4.2916669845581055,4.2916669845581055,4.2291669845581055,4.2291669845581055,1.880618929862976,538800
1996-08-06,4.2916669845581055,4.2916669845581055,4.2291669845581055,4.2916669845581055,1.9084116220474243,864000
1996-08-07,4.2916669845581055,4.2916669845581055,4.25,4.2916669845581055,1.9084116220474243,436800
1996-08-08,4.2916669845581055,4.3125,4.2291669845581055,4.2291669845581055,1.880618929862976,1442400
1996-08-09,4.1875,4.2291669845581055,4.1458330154418945,4.1666669845581055,1.852826476097107,934800
1996-08-12,4.1666669845581055,4.2083330154418945,4.1458330154418945,4.2083330154418945,1.8713548183441162,388800
1996-08-13,4.167969226837158,4.2291669845581055,4.1666669845581055,4.2083330154418945,1.8713548183441162,901200
1996-08-14,4.2291669845581055,4.2916669845581055,4.1875,4.2916669845581055,1.9084116220474243,868800
1996-08-15,4.2604169845581055,4.3958330154418945,4.2291669845581055,4.3333330154418945,1.926939606666565,1364400
1996-08-16,4.3333330154418945,4.5833330154418945,4.3333330154418945,4.5416669845581055,2.019580841064453,2350800
1996-08-19,4.5625,4.5625,4.5,4.5416669845581055,2.019580841064453,481200
1996-08-20,4.5416669845581055,4.5416669845581055,4.4583330154418945,4.4583330154418945,1.9825241565704346,591600
1996-08-21,4.46875,4.4791669845581055,4.4375,4.4791669845581055,1.991788625717163,237600
1996-08-22,4.4375,4.4791669845581055,4.4375,4.4791669845581055,1.991788625717163,184800
1996-08-23,4.4375,4.4791669845581055,4.4375,4.4375,1.973260521888733,212400
1996-08-26,4.4791669845581055,4.5,4.4375,4.4375,1.973260521888733,342000
1996-08-27,4.5,4.5625,4.4375,4.5625,2.0288450717926025,766800
1996-08-28,4.5625,4.6041669845581055,4.5,4.6041669845581055,2.0473737716674805,458400
1996-08-29,4.5625,4.625,4.5416669845581055,4.5625,2.0288450717926025,726000
1996-08-30,4.5625,4.6041669845581055,4.5208330154418945,4.5208330154418945,2.01031756401062,632400
1996-09-03,4.5625,4.5833330154418945,4.5208330154418945,4.5833330154418945,2.038109302520752,103200
1996-09-04,4.5520830154418945,4.5833330154418945,4.5,4.5,2.001052141189575,151200
1996-09-05,4.5416669845581055,4.5416669845581055,4.5,4.5,2.001052141189575,362400
1996-09-06,4.5416669845581055,4.6041669845581055,4.5208330154418945,4.6041669845581055,2.0473737716674805,550800
1996-09-09,4.625,4.6458330154418945,4.5625,4.6458330154418945,2.065901517868042,444000
1996-09-10,4.6041669845581055,4.6666669845581055,4.5833330154418945,4.5833330154418945,2.038109302520752,228000
1996-09-11,4.6041669845581055,4.6041669845581055,4.5625,4.6041669845581055,2.0473737716674805,312000
1996-09-12,4.6041669845581055,4.6041669845581055,4.5625,4.5625,2.0288450717926025,494400
1996-09-13,4.6041669845581055,4.625,4.5625,4.625,2.0566372871398926,465600
1996-09-16,4.5625,4.6458330154418945,4.5625,4.6458330154418945,2.065901517868042,450000
1996-09-17,4.6041669845581055,4.6458330154418945,4.6041669845581055,4.6458330154418945,2.065901517868042,295200
1996-09-18,4.6458330154418945,4.6666669845581055,4.6041669845581055,4.6041669845581055,2.0473737716674805,172800
1996-09-19,4.6354169845581055,4.6666669845581055,4.6041669845581055,4.6458330154418945,2.065901517868042,1173600
1996-09-20,4.6666669845581055,4.6666669845581055,4.6041669845581055,4.6666669845581055,2.0751659870147705,928800
1996-09-23,4.6666669845581055,4.6666669845581055,4.5625,4.6041669845581055,2.0473737716674805,1114800
1996-09-24,4.6458330154418945,4.6458330154418945,4.5625,4.5833330154418945,2.038109302520752,1282800
1996-09-25,4.59375,4.6041669845581055,4.5625,4.6041669845581055,2.0473737716674805,753600
1996-09-26,4.6041669845581055,4.65625,4.5833330154418945,4.6458330154418945,2.065901517868042,2212800
1996-09-27,4.65625,4.6666669845581055,4.6145830154418945,4.6666669845581055,2.0751659870147705,770400
1996-09-30,4.6666669845581055,4.6875,4.6354169845581055,4.6666669845581055,2.0751659870147705,1132800
1996-10-01,4.6666669845581055,4.6666669845581055,4.6354169845581055,4.6354169845581055,2.061269998550415,295200
1996-10-02,4.6354169845581055,4.6666669845581055,4.6354169845581055,4.6666669845581055,2.0751659870147705,153600
1996-10-03,4.6354169845581055,4.6666669845581055,4.5833330154418945,4.6145830154418945,2.0520050525665283,544800
1996-10-04,4.6302080154418945,4.6666669845581055,4.6145830154418945,4.6666669845581055,2.0751659870147705,945600
1996-10-07,4.6666669845581055,4.6666669845581055,4.625,4.625,2.0566372871398926,267600
1996-10-08,4.6666669845581055,4.6666669845581055,4.625,4.625,2.0566372871398926,663600
1996-10-09,4.6666669845581055,4.6666669845581055,4.6041669845581055,4.625,2.0566372871398926,538800
1996-10-10,4.625,4.7083330154418945,4.625,4.6458330154418945,2.065901517868042,428400
1996-10-11,4.6458330154418945,4.7708330154418945,4.6458330154418945,4.7708330154418945,2.1214864253997803,595200
1996-10-14,4.7708330154418945,4.8333330154418945,4.75,4.7916669845581055,2.1307501792907715,686400
1996-10-15,4.7708330154418945,4.7916669845581055,4.75,4.75,2.1122219562530518,392400
1996-10-16,4.7708330154418945,4.7916669845581055,4.7083330154418945,4.7083330154418945,2.093693733215332,345600
1996-10-17,4.7708330154418945,4.7916669845581055,4.7083330154418945,4.75,2.1122219562530518,597600
1996-10-18,4.75,4.875,4.75,4.875,2.1678059101104736,1305600
1996-10-21,4.875,4.8958330154418945,4.8125,4.8541669845581055,2.158543109893799,558000
1996-10-22,4.8541669845581055,4.8958330154418945,4.8333330154418945,4.8333330154418945,2.149278402328491,972000
1996-10-23,4.8333330154418945,4.875,4.8333330154418945,4.875,2.1678059101104736,393600
1996-10-24,4.8333330154418945,4.875,4.8125,4.8229169845581055,2.1446468830108643,406800
1996-10-25,4.875,4.8958330154418945,4.8125,4.8541669845581055,2.158543109893799,1068000
1996-10-28,4.8958330154418945,4.8958330154418945,4.8333330154418945,4.8333330154418945,2.149278402328491,268800
1996-10-29,4.8333330154418945,4.8958330154418945,4.8333330154418945,4.8541669845581055,2.158543109893799,508800
1996-10-30,4.875,4.8958330154418945,4.8541669845581055,4.8541669845581055,2.158543109893799,238800
1996-10-31,4.8541669845581055,4.9375,4.8541669845581055,4.8541669845581055,2.158543109893799,1054800
1996-11-01,4.875,4.8958330154418945,4.8541669845581055,4.8958330154418945,2.1770710945129395,240000
1996-11-04,4.8541669845581055,4.8958330154418945,4.8541669845581055,4.875,2.1678059101104736,360000
1996-11-05,4.8541669845581055,4.875,4.8125,4.8541669845581055,2.158543109893799,552000
1996-11-06,4.875,4.9270830154418945,4.8333330154418945,4.9270830154418945,2.190966844558716,823200
1996-11-07,4.875,4.9583330154418945,4.875,4.9583330154418945,2.2048628330230713,325200
1996-11-08,4.90625,4.9375,4.8958330154418945,4.8958330154418945,2.1770710945129395,291600
1996-11-11,4.9375,5.0416669845581055,4.8958330154418945,5.0416669845581055,2.241920232772827,500400
1996-11-12,5.0416669845581055,5.0416669845581055,4.9791669845581055,4.9791669845581055,2.214127540588379,441600
1996-11-13,5.0416669845581055,5.0625,4.9583330154418945,5.0625,2.2511839866638184,604800
1996-11-14,5.0416669845581055,5.1302080154418945,5.0416669845581055,5.125,2.2789766788482666,626400
1996-11-15,5.0833330154418945,5.25,5.0833330154418945,5.125,2.2789766788482666,1425600
1996-11-18,5.125,5.2916669845581055,5.125,5.2083330154418945,2.316033363342285,1392000
1996-11-19,5.1458330154418945,5.2291669845581055,5.1041669845581055,5.2291669845581055,2.3252971172332764,1195200
1996-11-20,5.2291669845581055,5.25,5.1458330154418945,5.1770830154418945,2.3021368980407715,1134000
1996-11-21,5.1770830154418945,5.1770830154418945,5.125,5.1354169845581055,2.2836081981658936,224400
1996-11-22,5.1666669845581055,5.1927080154418945,5.1354169845581055,5.1875,2.3067691326141357,399600
1996-11-25,5.1458330154418945,5.1875,5.1458330154418945,5.1458330154418945,2.288240671157837,288000
1996-11-26,5.1458330154418945,5.1875,5.1041669845581055,5.1666669845581055,2.297504425048828,637200
1996-11-27,5.1666669845581055,5.1666669845581055,5.0833330154418945,5.125,2.2789766788482666,928800
1996-11-29,5.125,5.125,5.0625,5.0625,2.2511839866638184,187200
1996-12-02,5.125,5.125,5.0416669845581055,5.1041669845581055,2.2697126865386963,652800
1996-12-03,5.125,5.125,5.0416669845581055,5.0833330154418945,2.2604479789733887,644400
1996-12-04,5.0625,5.0833330154418945,5.0208330154418945,5.0208330154418945,2.232656478881836,472800
1996-12-05,5.0,5.0416669845581055,4.9375,4.9791669845581055,2.214127540588379,314400
1996-12-06,4.8541669845581055,4.9375,4.8541669845581055,4.9375,2.1955997943878174,357600
1996-12-09,4.8958330154418945,4.9583330154418945,4.8958330154418945,4.9583330154418945,2.2048628330230713,843600
1996-12-10,4.9791669845581055,4.9791669845581055,4.9166669845581055,4.9166669845581055,2.186335563659668,470400
1996-12-11,4.875,4.9375,4.875,4.8958330154418945,2.1770710945129395,416400
1996-12-12,4.9375,5.03125,4.8958330154418945,4.9895830154418945,2.2187600135803223,1963200
1996-12-13,4.9791669845581055,5.1145830154418945,4.9791669845581055,5.09375,2.265080451965332,507600
1996-12-16,5.0833330154418945,5.1145830154418945,5.0833330154418945,5.0833330154418945,2.2604479789733887,296400
1996-12-17,5.0416669845581055,5.1770830154418945,5.0416669845581055,5.1770830154418945,2.3021368980407715,1100400
1996-12-18,5.1770830154418945,5.1875,5.0416669845581055,5.1041669845581055,2.2697126865386963,793200
1996-12-19,5.1041669845581055,5.1041669845581055,5.0208330154418945,5.0208330154418945,2.232656478881836,646800
1996-12-20,5.1041669845581055,5.1041669845581055,4.9791669845581055,4.9791669845581055,2.214127540588379,1512000
1996-12-23,4.9791669845581055,5.0,4.9166669845581055,4.9166669845581055,2.186335563659668,1732800
1996-12-24,4.8958330154418945,4.9583330154418945,4.8958330154418945,4.9479169845581055,2.2002322673797607,721200
1996-12-26,4.9583330154418945,4.9583330154418945,4.9166669845581055,4.9583330154418945,2.2048628330230713,266400
1996-12-27,4.9583330154418945,5.0,4.9166669845581055,4.9583330154418945,2.2048628330230713,934800
1996-12-30,4.96875,5.0,4.9375,4.9375,2.1955997943878174,932400
1996-12-31,5.0,5.0,4.8958330154418945,4.8958330154418945,2.1770710945129395,1006800
1997-01-02,4.8958330154418945,4.9375,4.7916669845581055,4.7916669845581055,2.1307501792907715,818400
1997-01-03,4.8541669845581055,4.875,4.7916669845581055,4.875,2.1678059101104736,891600
1997-01-06,4.8125,4.9166669845581055,4.8125,4.9166669845581055,2.186335563659668,1024800
1997-01-07,4.9166669845581055,4.9375,4.875,4.9375,2.1955997943878174,645600
1997-01-08,4.8958330154418945,4.9375,4.8958330154418945,4.8958330154418945,2.1770710945129395,885600
1997-01-09,4.9375,4.9375,4.875,4.875,2.1678059101104736,225600
1997-01-10,4.8125,4.875,4.8125,4.875,2.1678059101104736,241200
1997-01-13,4.8229169845581055,4.875,4.8125,4.8541669845581055,2.158543109893799,837600
1997-01-14,4.8333330154418945,4.9375,4.8333330154418945,4.8958330154418945,2.1770710945129395,1324800
1997-01-15,4.9375,4.9375,4.8958330154418945,4.8958330154418945,2.1770710945129395,692400
1997-01-16,4.8958330154418945,5.0,4.8958330154418945,5.0,2.2233920097351074,1232400
1997-01-17,4.9583330154418945,5.0,4.9375,4.9375,2.1955997943878174,351600
1997-01-20,4.9375,5.0,4.9375,4.9791669845581055,2.214127540588379,346800
1997-01-21,4.9375,5.0,4.9166669845581055,4.9583330154418945,2.2048628330230713,400800
1997-01-22,4.9166669845581055,4.9375,4.8125,4.8541669845581055,2.158543109893799,1659600
1997-01-23,4.8541669845581055,4.8541669845581055,4.7291669845581055,4.7291669845581055,2.1029579639434814,4252800
1997-01-24,4.7083330154418945,4.7916669845581055,4.6875,4.7291669845581055,2.1029579639434814,1014000
1997-01-27,4.75,4.8541669845581055,4.75,4.75,2.1122219562530518,818400
1997-01-28,4.7708330154418945,4.8541669845581055,4.7604169845581055,4.8333330154418945,2.149278402328491,1468800
1997-01-29,4.8333330154418945,4.8333330154418945,4.7708330154418945,4.7708330154418945,2.1214864253997803,774000
1997-01-30,4.7708330154418945,4.8333330154418945,4.7708330154418945,4.8333330154418945,2.149278402328491,162000
1997-01-31,4.8541669845581055,4.875,4.75,4.75,2.1122219562530518,2948400
1997-02-03,4.8125,4.8125,4.75,4.8125,2.140014886856079,609600
1997-02-04,4.78125,4.8125,4.7083330154418945,4.7083330154418945,2.093693733215332,732000
1997-02-05,4.7708330154418945,4.7708330154418945,4.6875,4.6875,2.084429979324341,753600
1997-02-06,4.6875,4.7708330154418945,4.6458330154418945,4.7083330154418945,2.093693733215332,630000
1997-02-07,4.6458330154418945,4.7083330154418945,4.6458330154418945,4.6458330154418945,2.065901517868042,1209600
1997-02-10,4.7083330154418945,4.7083330154418945,4.6041669845581055,4.6041669845581055,2.0473737716674805,1293600
1997-02-11,4.6041669845581055,4.6875,4.53125,4.53125,2.014948606491089,601200
1997-02-12,4.5208330154418945,4.5833330154418945,4.4375,4.5,2.001052141189575,2619600
1997-02-13,4.5,4.5625,4.4479169845581055,4.5208330154418945,2.01031756401062,4024800
1997-02-14,4.5625,4.7916669845581055,4.5416669845581055,4.75,2.1122219562530518,3584400
1997-02-18,4.7291669845581055,4.8958330154418945,4.7291669845581055,4.8333330154418945,2.149278402328491,1136400
1997-02-19,4.8958330154418945,4.8958330154418945,4.8333330154418945,4.875,2.1678059101104736,1104000
1997-02-20,4.8333330154418945,4.8958330154418945,4.7916669845581055,4.7916669845581055,2.1307501792907715,1284000
1997-02-21,4.8541669845581055,4.8541669845581055,4.625,4.625,2.0566372871398926,816000
1997-02-24,4.6770830154418945,4.6770830154418945,4.5625,4.59375,2.042741298675537,1156800
1997-02-25,4.5625,4.625,4.5,4.5,2.001052141189575,1521600
1997-02-26,4.5625,4.5625,4.4375,4.5,2.001052141189575,1466400
1997-02-27,4.5,4.5,4.4166669845581055,4.4583330154418945,1.9825241565704346,925200
1997-02-28,4.4375,4.5,4.4375,4.5,2.001052141189575,570000
1997-03-03,4.4375,4.4583330154418945,4.4166669845581055,4.4166669845581055,1.963996171951294,842400
1997-03-04,4.4166669845581055,4.4583330154418945,4.3958330154418945,4.40625,1.9593636989593506,3225600
1997-03-05,4.4375,4.4375,4.3958330154418945,4.4375,1.984519600868225,1558800
1997-03-06,4.3958330154418945,4.4583330154418945,4.3958330154418945,4.3958330154418945,1.9658856391906738,2176800
1997-03-07,4.4583330154418945,4.4583330154418945,4.3958330154418945,4.4583330154418945,1.993836522102356,1556400
1997-03-10,4.4583330154418945,4.6458330154418945,4.3958330154418945,4.6458330154418945,2.0776896476745605,1179600
1997-03-11,4.6666669845581055,4.75,4.4635419845581055,4.4895830154418945,2.0078115463256836,1443600
1997-03-12,4.5208330154418945,4.5208330154418945,4.4166669845581055,4.4166669845581055,1.9752033948898315,826800
1997-03-13,4.4166669845581055,4.4583330154418945,4.3541669845581055,4.4166669845581055,1.9752033948898315,1129200
1997-03-14,4.4166669845581055,4.5625,4.3541669845581055,4.5625,2.040421962738037,1092000
1997-03-17,4.5625,4.5625,4.4791669845581055,4.4791669845581055,2.0031538009643555,436800
1997-03-18,4.5208330154418945,4.5208330154418945,4.4375,4.46875,1.9984954595565796,396000
1997-03-19,4.4375,4.5208330154418945,4.4375,4.5052080154418945,2.0148003101348877,2083200
1997-03-20,4.5208330154418945,4.5208330154418945,4.4583330154418945,4.5208330154418945,2.0217881202697754,1843200
1997-03-21,4.4791669845581055,4.5416669845581055,4.3541669845581055,4.3541669845581055,1.947251796722412,2488800
1997-03-24,4.4166669845581055,4.4166669845581055,4.25,4.3333330154418945,1.9379351139068604,2613600
1997-03-25,4.4166669845581055,4.5,4.3645830154418945,4.4583330154418945,1.993836522102356,1474800
1997-03-26,4.3958330154418945,4.5208330154418945,4.3958330154418945,4.4479169845581055,1.9891787767410278,1908000
1997-03-27,4.4375,4.5208330154418945,4.3958330154418945,4.4166669845581055,1.9752033948898315,1351200
1997-03-31,4.4166669845581055,4.5052080154418945,4.3958330154418945,4.3958330154418945,1.9658856391906738,1500000
1997-04-01,4.4166669845581055,4.4375,4.375,4.3958330154418945,1.9658856391906738,1314000
1997-04-02,4.4583330154418945,4.4791669845581055,4.3958330154418945,4.3958330154418945,1.9658856391906738,2760000
1997-04-03,4.3958330154418945,4.4583330154418945,4.3541669845581055,4.3958330154418945,1.9658856391906738,3340800
1997-04-04,4.375,4.3958330154418945,4.3541669845581055,4.375,1.956568956375122,1712400
1997-04-07,4.3541669845581055,4.5625,4.3541669845581055,4.5208330154418945,2.0217881202697754,2523600
1997-04-08,4.4791669845581055,4.6041669845581055,4.4791669845581055,4.6041669845581055,2.059055805206299,975600
1997-04-09,4.6041669845581055,4.6458330154418945,4.5416669845581055,4.625,2.0683724880218506,2847600
1997-04-10,4.625,4.75,4.5833330154418945,4.71875,2.1102993488311768,1803600
1997-04-11,4.6666669845581055,4.7291669845581055,4.6041669845581055,4.625,2.0683724880218506,2594400
1997-04-14,4.6041669845581055,4.6875,4.5208330154418945,4.5625,2.040421962738037,1411200
1997-04-15,4.5208330154418945,4.59375,4.5208330154418945,4.5833330154418945,2.049738883972168,1239600
1997-04-16,4.5833330154418945,4.5833330154418945,4.5,4.5104169845581055,2.0171291828155518,620400
1997-04-17,4.4791669845581055,4.5729169845581055,4.4583330154418945,4.53125,2.0264463424682617,4329600
1997-04-18,4.5625,4.5833330154418945,4.5208330154418945,4.5625,2.040421962738037,1755600
1997-04-21,4.5833330154418945,4.65625,4.5208330154418945,4.5208330154418945,2.0217881202697754,2007600
1997-04-22,4.5729169845581055,4.5729169845581055,4.5,4.5416669845581055,2.031104564666748,1644000
1997-04-23,4.5625,4.5833330154418945,4.5,4.5208330154418945,2.0217881202697754,800400
1997-04-24,4.5833330154418945,4.5833330154418945,4.4479169845581055,4.4479169845581055,1.9891787767410278,1594800
1997-04-25,4.5,4.5,4.375,4.375,1.956568956375122,908400
1997-04-28,4.3854169845581055,4.3854169845581055,4.28125,4.375,1.956568956375122,1240800
1997-04-29,4.4375,4.625,4.3958330154418945,4.625,2.0683724880218506,1082400
1997-04-30,4.5416669845581055,4.6875,4.5416669845581055,4.5625,2.040421962738037,1159200
1997-05-01,4.5729169845581055,4.625,4.5,4.5729169845581055,2.0450809001922607,811200
1997-05-02,4.5,4.6875,4.5,4.6875,2.0963242053985596,964800
1997-05-05,4.6875,4.9375,4.625,4.9375,2.2081282138824463,1230000
1997-05-06,4.8645830154418945,5.03125,4.8645830154418945,4.9791669845581055,2.226762056350708,3334800
1997-05-07,4.9166669845581055,4.9791669845581055,4.8541669845581055,4.8958330154418945,2.1894936561584473,1203600
1997-05-08,4.9375,4.9791669845581055,4.875,4.953125,2.215116024017334,468000
1997-05-09,5.0,5.0416669845581055,4.9166669845581055,5.0416669845581055,2.2547128200531006,4060800
1997-05-12,5.0625,5.0625,5.0,5.0104169845581055,2.240737199783325,368400
1997-05-13,5.0,5.0416669845581055,4.9791669845581055,5.0416669845581055,2.2547128200531006,417600
1997-05-14,5.0,5.1041669845581055,5.0,5.0833330154418945,2.2733466625213623,661200
1997-05-15,5.0833330154418945,5.1354169845581055,5.0520830154418945,5.1354169845581055,2.2966384887695312,788400
1997-05-16,5.1458330154418945,5.15625,5.0625,5.0885419845581055,2.2756762504577637,2020800
1997-05-19,5.09375,5.1875,5.0625,5.1458330154418945,2.301297664642334,984000
1997-05-20,5.125,5.25,5.125,5.2395830154418945,2.343224048614502,1946400
1997-05-21,5.1666669845581055,5.2395830154418945,5.1666669845581055,5.2083330154418945,2.3292489051818848,696000
1997-05-22,5.2083330154418945,5.3125,5.1666669845581055,5.28125,2.3618576526641846,1101600
1997-05-23,5.3020830154418945,5.3333330154418945,5.2395830154418945,5.3333330154418945,2.385150671005249,700800
1997-05-27,5.3541669845581055,5.3541669845581055,5.25,5.34375,2.3898091316223145,1256400
1997-05-28,5.3645830154418945,5.3645830154418945,5.1875,5.2395830154418945,2.343224048614502,760800
1997-05-29,5.1875,5.25,5.1458330154418945,5.1458330154418945,2.301297664642334,850800
1997-05-30,5.125,5.2083330154418945,5.0833330154418945,5.1666669845581055,2.3106143474578857,998400
1997-06-02,5.2291669845581055,5.2291669845581055,5.1666669845581055,5.2239580154418945,2.3362364768981934,806400
1997-06-03,5.21875,5.2708330154418945,5.1666669845581055,5.2395830154418945,2.343224048614502,1065600
1997-06-04,5.2395830154418945,5.2708330154418945,5.2083330154418945,5.2083330154418945,2.3292489051818848,880800
1997-06-05,5.25,5.25,5.1770830154418945,5.2083330154418945,2.3292489051818848,420000
1997-06-06,5.1875,5.25,5.125,5.25,2.3478825092315674,865200
1997-06-09,5.2395830154418945,5.2708330154418945,5.1875,5.2083330154418945,2.3292489051818848,693600
1997-06-10,5.2395830154418945,5.2708330154418945,5.2083330154418945,5.2239580154418945,2.3362364768981934,1676400
1997-06-11,5.2395830154418945,5.3125,5.21875,5.3020830154418945,2.3711743354797363,344400
1997-06-12,5.3229169845581055,5.4166669845581055,5.2916669845581055,5.4166669845581055,2.4224188327789307,626400
1997-06-13,5.4479169845581055,5.46875,5.3645830154418945,5.375,2.40378475189209,804000
1997-06-16,5.375,5.46875,5.3229169845581055,5.46875,2.445711135864258,609600
1997-06-17,5.4791669845581055,5.5625,5.4270830154418945,5.5625,2.487637758255005,692400
1997-06-18,5.5625,5.5833330154418945,5.5052080154418945,5.5520830154418945,2.482978343963623,670800
1997-06-19,5.5416669845581055,5.625,5.5208330154418945,5.625,2.5155882835388184,612000
1997-06-20,5.6614580154418945,5.6666669845581055,5.625,5.65625,2.5295631885528564,1626000
1997-06-23,5.625,5.6666669845581055,5.6041669845581055,5.627604007720947,2.5167524814605713,3015600
1997-06-24,5.6041669845581055,5.75,5.6041669845581055,5.75,2.571490526199341,1406400
1997-06-25,5.7395830154418945,5.8229169845581055,5.7291669845581055,5.75,2.571490526199341,13147200
1997-06-26,5.75,5.875,5.75,5.8020830154418945,2.594782829284668,1777200
1997-06-27,5.8541669845581055,5.8541669845581055,5.7708330154418945,5.8020830154418945,2.594782829284668,728400
1997-06-30,5.7708330154418945,5.7916669845581055,5.7291669845581055,5.7291669845581055,2.562173366546631,308400
1997-07-01,5.75,5.7916669845581055,5.625,5.625,2.5155882835388184,864000
1997-07-02,5.6875,5.7083330154418945,5.4895830154418945,5.6770830154418945,2.5388805866241455,1581600
1997-07-03,5.71875,5.7291669845581055,5.6770830154418945,5.6979169845581055,2.548198938369751,316800
1997-07-07,5.7395830154418945,5.75,5.6875,5.6875,2.5435397624969482,1449600
1997-07-08,5.7604169845581055,5.7604169845581055,5.6770830154418945,5.7083330154418945,2.552856206893921,550800
1997-07-09,5.71875,5.71875,5.65625,5.6666669845581055,2.53422212600708,1087200
1997-07-10,5.7083330154418945,5.71875,5.6666669845581055,5.6875,2.5435397624969482,1141200
1997-07-11,5.6875,5.7916669845581055,5.6875,5.7708330154418945,2.5808074474334717,1070400
1997-07-14,5.7916669845581055,5.7916669845581055,5.7083330154418945,5.7395830154418945,2.566831350326538,958800
1997-07-15,5.6875,5.75,5.6875,5.6979169845581055,2.548198938369751,1148400
1997-07-16,5.6927080154418945,5.7083330154418945,5.6666669845581055,5.6875,2.5435397624969482,1414800
1997-07-17,5.6354169845581055,5.8020830154418945,5.6354169845581055,5.7395830154418945,2.566831350326538,1705200
1997-07-18,5.7291669845581055,5.8229169845581055,5.7291669845581055,5.8125,2.5994412899017334,1012800
1997-07-21,5.7604169845581055,5.8229169845581055,5.7604169845581055,5.8020830154418945,2.594782829284668,670800
1997-07-22,5.78125,5.8333330154418945,5.7083330154418945,5.8125,2.5994412899017334,801600
1997-07-23,5.75,5.90625,5.75,5.875,2.6273932456970215,928800
1997-07-24,5.8333330154418945,5.875,5.8333330154418945,5.8541669845581055,2.618075132369995,944400
1997-07-25,5.859375,5.8645830154418945,5.8125,5.8125,2.5994412899017334,604800
1997-07-28,5.875,5.8958330154418945,5.8333330154418945,5.8854169845581055,2.6320512294769287,1480800
1997-07-29,5.8854169845581055,5.8854169845581055,5.8125,5.8541669845581055,2.618075132369995,703200
1997-07-30,5.8541669845581055,5.875,5.8020830154418945,5.8541669845581055,2.618075132369995,1160400
1997-07-31,5.8854169845581055,5.8854169845581055,5.4375,5.4583330154418945,2.441052198410034,4618800
1997-08-01,5.59375,5.59375,5.4791669845581055,5.53125,2.4736626148223877,1972800
1997-08-04,5.5,5.78125,5.5,5.78125,2.5854663848876953,1252800
1997-08-05,5.7083330154418945,5.7708330154418945,5.7083330154418945,5.734375,2.564502716064453,241200
1997-08-06,5.7708330154418945,5.8125,5.7083330154418945,5.8020830154418945,2.594782829284668,304800
1997-08-07,5.8125,5.8541669845581055,5.625,5.625,2.5155882835388184,1012800
1997-08-08,5.5833330154418945,5.6041669845581055,5.4583330154418945,5.4895830154418945,2.4550282955169678,816000
1997-08-11,5.5208330154418945,5.5625,5.4791669845581055,5.5520830154418945,2.482978343963623,608400
1997-08-12,5.5520830154418945,5.856770992279053,5.5520830154418945,5.75,2.571490526199341,4206000
1997-08-13,5.8125,5.8125,5.6979169845581055,5.7708330154418945,2.5808074474334717,237600
1997-08-14,5.7708330154418945,5.84375,5.75,5.84375,2.613417625427246,636000
1997-08-15,5.8333330154418945,5.84375,5.7708330154418945,5.7708330154418945,2.5808074474334717,1538400
1997-08-18,5.7708330154418945,5.84375,5.7083330154418945,5.7395830154418945,2.566831350326538,411600
1997-08-19,5.75,5.7708330154418945,5.7291669845581055,5.7604169845581055,2.5761489868164062,307200
1997-08-20,5.7604169845581055,5.7916669845581055,5.6979169845581055,5.7916669845581055,2.5901241302490234,1378800
1997-08-21,5.8229169845581055,5.8541669845581055,5.7604169845581055,5.7916669845581055,2.5901241302490234,1003200
1997-08-22,5.8125,5.8333330154418945,5.75,5.8333330154418945,2.608757972717285,729600
1997-08-25,5.8333330154418945,5.8333330154418945,5.7708330154418945,5.8229169845581055,2.604100465774536,706800
1997-08-26,5.8333330154418945,5.8333330154418945,5.7604169845581055,5.8333330154418945,2.608757972717285,622800
1997-08-27,5.8125,5.8333330154418945,5.7916669845581055,5.8333330154418945,2.608757972717285,613200
1997-08-28,5.8333330154418945,5.8333330154418945,5.7916669845581055,5.796875,2.592454195022583,304800
1997-08-29,5.84375,5.84375,5.7916669845581055,5.8125,2.5994412899017334,333600
1997-09-02,5.78125,6.0625,5.78125,6.0625,2.711244821548462,1411200
1997-09-03,6.0625,6.15625,5.9583330154418945,5.9583330154418945,2.6646602153778076,2450400
1997-09-04,5.9791669845581055,5.9791669845581055,5.875,5.90625,2.6413676738739014,692400
1997-09-05,5.90625,5.9583330154418945,5.84375,5.875,2.6273932456970215,540000
1997-09-08,5.8958330154418945,5.8958330154418945,5.8229169845581055,5.875,2.6273932456970215,727200
1997-09-09,5.875,5.8854169845581055,5.8125,5.8854169845581055,2.6320512294769287,332400
1997-09-10,5.90625,5.90625,5.8333330154418945,5.8333330154418945,2.608757972717285,270000
1997-09-11,5.8645830154418945,5.875,5.8125,5.875,2.6273932456970215,486000
1997-09-12,5.8229169845581055,5.9375,5.8229169845581055,5.9375,2.6553432941436768,1585200
1997-09-15,5.9479169845581055,6.0208330154418945,5.8854169845581055,5.9270830154418945,2.6506845951080322,2773200
1997-09-16,5.9791669845581055,6.0416669845581055,5.90625,6.0416669845581055,2.70192813873291,2239200
1997-09-17,6.0,6.1666669845581055,5.9791669845581055,6.0104169845581055,2.687952756881714,776400
1997-09-18,6.0104169845581055,6.1770830154418945,6.0104169845581055,6.1666669845581055,2.7578306198120117,1084800
1997-09-19,6.1354169845581055,6.1875,6.125,6.1875,2.7671475410461426,2395200
1997-09-22,6.1354169845581055,6.25,6.1354169845581055,6.1979169845581055,2.771806240081787,976800
1997-09-23,6.15625,6.2708330154418945,6.15625,6.2291669845581055,2.7857816219329834,859200
1997-09-24,6.15625,6.21875,6.0833330154418945,6.0833330154418945,2.72056245803833,1101600
1997-09-25,6.0833330154418945,6.1666669845581055,6.0833330154418945,6.125,2.739196538925171,1326000
1997-09-26,6.1666669845581055,6.1666669845581055,6.0833330154418945,6.09375,2.7252206802368164,1032000
1997-09-29,6.09375,6.125,6.0625,6.125,2.739196538925171,1282800
1997-09-30,6.125,6.1458330154418945,6.0520830154418945,6.1458330154418945,2.7485127449035645,502800
1997-10-01,6.1666669845581055,6.1666669845581055,6.0520830154418945,6.0833330154418945,2.72056245803833,1041600
1997-10-02,6.125,6.1354169845581055,6.0520830154418945,6.1354169845581055,2.7438557147979736,1248000
1997-10-03,6.1354169845581055,6.1875,6.0989580154418945,6.1875,2.7671475410461426,1078800
1997-10-06,6.1875,6.3072919845581055,6.1041669845581055,6.2291669845581055,2.7857816219329834,770400
1997-10-07,6.1875,6.2708330154418945,6.1875,6.25,2.7950987815856934,334800
1997-10-08,6.2708330154418945,6.2708330154418945,6.125,6.1614580154418945,2.7555010318756104,648000
1997-10-09,6.1354169845581055,6.1979169845581055,6.1354169845581055,6.1979169845581055,2.771806240081787,813600
1997-10-10,6.1979169845581055,6.25,6.1666669845581055,6.1666669845581055,2.7578306198120117,859200
1997-10-13,6.15625,6.2291669845581055,6.15625,6.2291669845581055,2.7857816219329834,578400
1997-10-14,6.2291669845581055,6.3385419845581055,6.15625,6.3333330154418945,2.832366704940796,1035600
1997-10-15,6.375,6.5520830154418945,6.3333330154418945,6.4895830154418945,2.9022438526153564,2912400
1997-10-16,6.5416669845581055,6.5416669845581055,6.3125,6.3489580154418945,2.839353561401367,861600
1997-10-17,6.3229169845581055,6.3541669845581055,6.3229169845581055,6.328125,2.830037832260132,331200
1997-10-20,6.3229169845581055,6.3958330154418945,6.3229169845581055,6.328125,2.830037832260132,250800
1997-10-21,6.3958330154418945,6.3958330154418945,6.3229169845581055,6.3958330154418945,2.8603169918060303,1065600
1997-10-22,6.3333330154418945,6.5833330154418945,6.3333330154418945,6.4791669845581055,2.897584915161133,1964400
1997-10-23,6.4375,6.5416669845581055,6.3541669845581055,6.4583330154418945,2.8882672786712646,1065600
1997-10-24,6.5625,6.5625,6.2916669845581055,6.2916669845581055,2.813732385635376,494400
1997-10-27,6.4166669845581055,6.4375,6.044270992279053,6.0833330154418945,2.72056245803833,874800
1997-10-28,6.0,6.2083330154418945,6.0,6.0833330154418945,2.72056245803833,1687200
1997-10-29,6.0833330154418945,6.2083330154418945,6.0416669845581055,6.0416669845581055,2.70192813873291,753600
1997-10-30,6.0,6.1666669845581055,5.875,5.9375,2.6553432941436768,986400
1997-10-31,6.0833330154418945,6.1041669845581055,5.9583330154418945,6.0208330154418945,2.6926116943359375,698400
1997-11-03,6.0833330154418945,6.1145830154418945,5.9583330154418945,6.1145830154418945,2.7345378398895264,1683600
1997-11-04,6.125,6.375,6.0833330154418945,6.2916669845581055,2.813732385635376,789600
1997-11-05,6.3854169845581055,6.3854169845581055,6.2708330154418945,6.3854169845581055,2.855659008026123,376800
1997-11-06,6.375,6.40625,6.2395830154418945,6.2395830154418945,2.790440082550049,896400
1997-11-07,6.25,6.3541669845581055,6.1041669845581055,6.1458330154418945,2.7485127449035645,621600
1997-11-10,6.203125,6.3333330154418945,6.203125,6.2083330154418945,2.7764647006988525,385200
1997-11-11,6.1979169845581055,6.3333330154418945,6.1875,6.3333330154418945,2.832366704940796,218400
1997-11-12,6.3125,6.3333330154418945,6.1666669845581055,6.1666669845581055,2.7578306198120117,471600
1997-11-13,6.2291669845581055,6.5104169845581055,6.2291669845581055,6.5104169845581055,2.9115607738494873,950400
1997-11-14,6.53125,6.5625,6.3958330154418945,6.5625,2.9348535537719727,568800
1997-11-17,6.5625,6.5625,6.4166669845581055,6.5416669845581055,2.9255361557006836,841200
1997-11-18,6.5625,6.5833330154418945,6.4166669845581055,6.4166669845581055,2.8696348667144775,400800
1997-11-19,6.4583330154418945,6.4583330154418945,6.3333330154418945,6.34375,2.837023973464966,308400
1997-11-20,6.4166669845581055,6.5,6.2916669845581055,6.5,2.9069020748138428,1008000
1997-11-21,6.6666669845581055,6.7291669845581055,6.4166669845581055,6.4166669845581055,2.8696348667144775,710400
1997-11-24,6.5,6.5,6.3125,6.3333330154418945,2.832366704940796,462000
1997-11-25,6.3958330154418945,6.5416669845581055,6.25,6.5416669845581055,2.9255361557006836,441600
1997-11-26,6.5833330154418945,6.5833330154418945,6.375,6.5,2.9069020748138428,378600
1997-11-28,6.5,6.5208330154418945,6.3958330154418945,6.4791669845581055,2.897584915161133,217800
1997-12-01,6.4375,6.5833330154418945,6.3958330154418945,6.5416669845581055,2.9255361557006836,1032600
1997-12-02,6.5208330154418945,6.5208330154418945,6.4166669845581055,6.4375,2.8789525032043457,483600
1997-12-03,6.5416669845581055,6.546875,6.4166669845581055,6.5208330154418945,2.9162192344665527,577800
1997-12-04,6.4583330154418945,6.6458330154418945,6.4583330154418945,6.5208330154418945,2.9162192344665527,428400
1997-12-05,6.5208330154418945,6.7083330154418945,6.5,6.7083330154418945,3.0000715255737305,427200
1997-12-08,6.75,7.0,6.6770830154418945,7.0,3.1305105686187744,625200
1997-12-09,7.0,7.0833330154418945,6.8333330154418945,6.8958330154418945,3.0839250087738037,1228200
1997-12-10,6.7916669845581055,6.7916669845581055,6.3333330154418945,6.375,2.8510000705718994,1197600
1997-12-11,6.375,6.6666669845581055,6.25,6.53125,2.920876979827881,750600
1997-12-12,6.625,6.625,6.4583330154418945,6.6041669845581055,2.9534876346588135,490800
1997-12-15,6.625,6.625,6.4583330154418945,6.4791669845581055,2.897584915161133,1135800
1997-12-16,6.6041669845581055,6.6041669845581055,6.4166669845581055,6.59375,2.948829412460327,714600
1997-12-17,6.6041669845581055,6.6041669845581055,6.4583330154418945,6.5833330154418945,2.9441702365875244,396000
1997-12-18,6.5833330154418945,6.6041669845581055,6.4166669845581055,6.5,2.9069020748138428,453000
1997-12-19,6.2708330154418945,6.4166669845581055,6.2708330154418945,6.3541669845581055,2.841684103012085,649800
1997-12-22,6.3645830154418945,6.4583330154418945,6.125,6.125,2.739196538925171,846000
1997-12-23,6.2916669845581055,6.2916669845581055,6.0625,6.0625,2.711244821548462,1450200
1997-12-24,6.2708330154418945,6.2708330154418945,6.125,6.125,2.739196538925171,304200
1997-12-26,6.125,6.4166669845581055,6.125,6.3333330154418945,2.832366704940796,686400
1997-12-29,6.4583330154418945,6.6875,6.3333330154418945,6.6666669845581055,2.981438398361206,1153800
1997-12-30,6.6458330154418945,6.6875,6.5,6.6875,2.9907548427581787,1198800
1997-12-31,6.5833330154418945,6.7291669845581055,6.5,6.5,2.9069020748138428,1216200
1998-01-02,6.5,6.8333330154418945,6.5,6.6666669845581055,2.981438398361206,1128000
1998-01-05,6.75,7.0833330154418945,6.6666669845581055,7.0520830154418945,3.153801918029785,1197000
1998-01-06,7.0833330154418945,7.0833330154418945,6.8125,6.8125,3.046656847000122,542400
1998-01-07,6.875,7.0416669845581055,6.8125,6.9166669845581055,3.0932424068450928,1930800
1998-01-08,6.9166669845581055,7.3125,6.9166669845581055,7.28125,3.256289482116699,3226800
1998-01-09,7.2083330154418945,7.4166669845581055,7.1041669845581055,7.1041669845581055,3.1770951747894287,1210200
1998-01-12,7.0416669845581055,7.0416669845581055,6.75,6.8958330154418945,3.0839250087738037,1525800
1998-01-13,6.9583330154418945,7.0,6.8333330154418945,6.9270830154418945,3.097900390625,951000
1998-01-14,7.0,7.0,6.5416669845581055,6.8333330154418945,3.055973768234253,1456800
1998-01-15,6.8958330154418945,6.9166669845581055,6.6666669845581055,6.7083330154418945,3.0000715255737305,608400
1998-01-16,6.7291669845581055,6.9583330154418945,6.7083330154418945,6.9583330154418945,3.1118762493133545,2573400
1998-01-20,7.0,7.3541669845581055,6.8125,7.1666669845581055,3.2050464153289795,1281600
1998-01-21,7.0833330154418945,7.1666669845581055,6.9166669845581055,7.0833330154418945,3.167778253555298,1118400
1998-01-22,7.0416669845581055,7.3333330154418945,6.9166669845581055,7.125,3.186412811279297,1138200
1998-01-23,7.1666669845581055,7.1666669845581055,6.9166669845581055,7.0833330154418945,3.167778253555298,646800
1998-01-26,6.9166669845581055,7.0833330154418945,6.9166669845581055,7.0104169845581055,3.135169506072998,822000
1998-01-27,7.0208330154418945,7.1041669845581055,6.9166669845581055,7.0833330154418945,3.167778253555298,720600
1998-01-28,7.1041669845581055,7.2083330154418945,6.8333330154418945,7.2083330154418945,3.223679780960083,840000
1998-01-29,7.2083330154418945,7.25,7.0208330154418945,7.125,3.186412811279297,2623800
1998-01-30,7.2708330154418945,7.2916669845581055,6.9583330154418945,6.9583330154418945,3.1118762493133545,543000
1998-02-02,7.1041669845581055,7.2083330154418945,6.9583330154418945,7.1770830154418945,3.2097055912017822,967800
1998-02-03,7.2083330154418945,7.2083330154418945,7.0,7.0208330154418945,3.139827013015747,451800
1998-02-04,7.0,7.0833330154418945,6.8333330154418945,7.0,3.1849477291107178,604200
1998-02-05,6.9791669845581055,6.9791669845581055,6.6666669845581055,6.6666669845581055,3.033283233642578,787800
1998-02-06,6.7916669845581055,7.0208330154418945,6.6458330154418945,7.0208330154418945,3.1944260597229004,610200
1998-02-09,6.8333330154418945,7.1666669845581055,6.8333330154418945,6.875,3.128072738647461,521400
1998-02-10,7.1458330154418945,7.25,6.875,7.1875,3.270259141921997,2006400
1998-02-11,7.2083330154418945,7.3333330154418945,7.0833330154418945,7.25,3.2986955642700195,1147200
1998-02-12,6.9791669845581055,7.2708330154418945,6.9791669845581055,7.2708330154418945,3.308173894882202,1209000
1998-02-13,7.3333330154418945,7.3333330154418945,7.2291669845581055,7.2916669845581055,3.3176543712615967,777000
1998-02-17,7.1666669845581055,7.4166669845581055,7.1666669845581055,7.375,3.35556960105896,861600
1998-02-18,7.4166669845581055,7.5,7.3125,7.5,3.4124438762664795,481200
1998-02-19,7.4166669845581055,7.625,7.375,7.5729169845581055,3.4456207752227783,1646400
1998-02-20,7.625,7.6666669845581055,7.4583330154418945,7.6666669845581055,3.4882750511169434,1342200
1998-02-23,7.6666669845581055,7.6666669845581055,7.4791669845581055,7.5833330154418945,3.4503588676452637,1041000
1998-02-24,7.625,7.625,7.3333330154418945,7.3333330154418945,3.336611032485962,1015200
1998-02-25,7.5,7.5,7.1666669845581055,7.3333330154418945,3.336611032485962,906000
1998-02-26,7.4166669845581055,7.5,7.1875,7.3958330154418945,3.36504864692688,488400
1998-02-27,7.3229169845581055,7.4375,7.0833330154418945,7.0833330154418945,3.2228634357452393,660000
1998-03-02,7.3333330154418945,7.4375,7.125,7.2083330154418945,3.2797369956970215,723600
1998-03-03,7.1875,7.5,7.1875,7.5,3.4124438762664795,727800
1998-03-04,7.5,7.6458330154418945,7.25,7.6041669845581055,3.4598381519317627,494400
1998-03-05,7.5416669845581055,8.010416984558105,7.3333330154418945,7.75,3.526191234588623,1517400
1998-03-06,7.9166669845581055,8.166666984558105,7.8125,8.166666984558105,3.7157716751098633,1018800
1998-03-09,8.145833015441895,8.208333015441895,7.8645830154418945,7.8645830154418945,3.5783257484436035,2020200
1998-03-10,7.8333330154418945,8.083333015441895,7.8125,8.020833015441895,3.6494181156158447,2509800
1998-03-11,8.125,8.3125,7.9166669845581055,8.25,3.7536871433258057,1131600
1998-03-12,8.333333015441895,8.458333015441895,8.229166984558105,8.395833015441895,3.820039987564087,1782600
1998-03-13,8.333333015441895,8.458333015441895,8.270833015441895,8.395833015441895,3.820039987564087,986400
1998-03-16,8.4375,8.583333015441895,8.25,8.541666984558105,3.8863942623138428,748800
1998-03-17,8.583333015441895,8.6875,8.166666984558105,8.166666984558105,3.7157716751098633,1351800
1998-03-18,8.208333015441895,8.5625,8.0,8.520833015441895,3.8769147396087646,1256400
1998-03-19,8.375,8.625,8.375,8.604166984558105,3.9148316383361816,818400
1998-03-20,8.78125,8.791666984558105,8.541666984558105,8.588541984558105,3.907722234725952,1038000
1998-03-23,8.489583015441895,8.666666984558105,8.416666984558105,8.583333015441895,3.9053516387939453,574200
1998-03-24,8.5,8.625,8.416666984558105,8.604166984558105,3.9148316383361816,847200
1998-03-25,8.458333015441895,8.8125,8.458333015441895,8.770833015441895,3.9906628131866455,594600
1998-03-26,8.791666984558105,8.791666984558105,8.541666984558105,8.666666984558105,3.9432690143585205,845400
1998-03-27,8.75,8.75,8.333333015441895,8.375,3.8105616569519043,931200
1998-03-30,8.489583015441895,8.5,8.333333015441895,8.395833015441895,3.820039987564087,423600
1998-03-31,8.333333015441895,8.697916984558105,8.333333015441895,8.625,3.924309253692627,881400
1998-04-01,8.645833015441895,8.645833015441895,8.416666984558105,8.458333015441895,3.8484768867492676,742800
1998-04-02,8.625,8.625,8.25,8.270833015441895,3.7631654739379883,901800
1998-04-03,8.375,8.5625,8.208333015441895,8.333333015441895,3.791604518890381,1012200
1998-04-06,8.354166984558105,8.458333015441895,8.125,8.166666984558105,3.7157716751098633,280200
1998-04-07,8.083333015441895,8.479166984558105,8.083333015441895,8.114583015441895,3.6920740604400635,748200
1998-04-08,8.291666984558105,8.291666984558105,7.9166669845581055,8.041666984558105,3.658897638320923,513000
1998-04-09,8.125,8.270833015441895,7.9583330154418945,8.270833015441895,3.7631654739379883,647400
1998-04-13,8.270833015441895,8.416666984558105,8.125,8.145833015441895,3.7062933444976807,525600
1998-04-14,8.333333015441895,8.333333015441895,7.9583330154418945,8.104166984558105,3.68733549118042,784200
1998-04-15,8.0,8.166666984558105,7.9583330154418945,8.0,3.639940023422241,493800
1998-04-16,7.9375,8.0,7.7708330154418945,7.8125,3.55462908744812,1049400
1998-04-17,7.8125,8.166666984558105,7.7916669845581055,8.166666984558105,3.7157716751098633,710400
1998-04-20,8.208333015441895,8.34375,8.041666984558105,8.34375,3.7963435649871826,366600
1998-04-21,8.333333015441895,8.333333015441895,8.083333015441895,8.25,3.7536871433258057,829800
1998-04-22,8.270833015441895,8.270833015441895,8.15625,8.1875,3.725250720977783,787200
1998-04-23,8.1875,8.3125,8.1875,8.25,3.7536871433258057,799200
1998-04-24,8.208333015441895,8.3125,8.145833015441895,8.145833015441895,3.7062933444976807,1108200
1998-04-27,8.145833015441895,8.208333015441895,8.0,8.020833015441895,3.6494181156158447,853800
1998-04-28,8.25,8.25,7.7708330154418945,7.8541669845581055,3.573587417602539,1527600
1998-04-29,7.9375,7.9375,7.8541669845581055,7.90625,3.5972845554351807,838800
1998-04-30,8.0,8.0625,7.8333330154418945,7.9375,3.6115024089813232,1433400
1998-05-01,8.0,8.0,7.7916669845581055,7.7916669845581055,3.545149326324463,505200
1998-05-04,7.7708330154418945,7.9583330154418945,7.7083330154418945,7.75,3.526191234588623,942000
1998-05-05,7.7083330154418945,7.8125,7.5625,7.75,3.526191234588623,427200
1998-05-06,7.7916669845581055,7.8333330154418945,7.2083330154418945,7.6041669845581055,3.4598381519317627,5505600
1998-05-07,7.6666669845581055,7.6666669845581055,7.5416669845581055,7.5833330154418945,3.4503588676452637,4393800
1998-05-08,7.6666669845581055,7.9375,7.5833330154418945,7.8541669845581055,3.573587417602539,1621800
1998-05-11,7.9166669845581055,7.9583330154418945,7.5833330154418945,7.6458330154418945,3.4787957668304443,2182800
1998-05-12,7.6875,7.875,7.625,7.8333330154418945,3.564107894897461,745200
1998-05-13,7.8125,7.8541669845581055,7.6666669845581055,7.8333330154418945,3.564107894897461,892200
1998-05-14,7.875,7.9375,7.75,7.9166669845581055,3.6020243167877197,586200
1998-05-15,7.9583330154418945,8.145833015441895,7.9166669845581055,8.041666984558105,3.658897638320923,838800
1998-05-18,7.9166669845581055,8.1875,7.9166669845581055,8.083333015441895,3.6778554916381836,976200
1998-05-19,8.25,8.375,8.083333015441895,8.375,3.8105616569519043,1419000
1998-05-20,8.416666984558105,8.416666984558105,8.25,8.270833015441895,3.7631654739379883,1485000
1998-05-21,8.375,8.375,8.21875,8.255208015441895,3.7560577392578125,952200
1998-05-22,8.208333015441895,8.291666984558105,8.0,8.0,3.639940023422241,1320000
1998-05-26,8.0,8.135416984558105,7.9479169845581055,8.010416984558105,3.644678831100464,1083600
1998-05-27,7.7083330154418945,7.9583330154418945,7.6875,7.7291669845581055,3.5167131423950195,1789200
1998-05-28,7.7916669845581055,7.8333330154418945,7.6770830154418945,7.7083330154418945,3.5072340965270996,964800
1998-05-29,7.6770830154418945,7.7291669845581055,7.6041669845581055,7.6145830154418945,3.4645776748657227,1110600
1998-06-01,7.6041669845581055,7.6875,7.5833330154418945,7.6458330154418945,3.4787957668304443,895200
1998-06-02,7.5833330154418945,7.7708330154418945,7.5625,7.7708330154418945,3.5356712341308594,915600
1998-06-03,7.7708330154418945,7.8958330154418945,7.7083330154418945,7.7708330154418945,3.5356712341308594,613800
1998-06-04,7.7916669845581055,8.041666984558105,7.7708330154418945,8.0,3.639940023422241,922800
1998-06-05,8.083333015441895,8.25,7.9375,8.239583015441895,3.748948097229004,862800
1998-06-08,8.125,8.458333015441895,8.125,8.166666984558105,3.7157716751098633,2154600
1998-06-09,8.166666984558105,8.375,8.166666984558105,8.34375,3.7963435649871826,804000
1998-06-10,8.333333015441895,8.375,8.177083015441895,8.223958015441895,3.741838216781616,1423200
1998-06-11,8.3125,8.333333015441895,7.8333330154418945,8.03125,3.654157876968384,1481400
1998-06-12,8.03125,8.03125,7.8333330154418945,7.9583330154418945,3.620980978012085,695400
1998-06-15,7.8333330154418945,7.9583330154418945,7.7916669845581055,7.8541669845581055,3.573587417602539,1171800
1998-06-16,7.9166669845581055,8.166666984558105,7.7916669845581055,8.166666984558105,3.7157716751098633,561600
1998-06-17,8.104166984558105,8.375,8.104166984558105,8.322916984558105,3.7868645191192627,1195200
1998-06-18,8.354166984558105,8.354166984558105,8.15625,8.270833015441895,3.7631654739379883,405600
1998-06-19,8.5,8.520833015441895,8.166666984558105,8.166666984558105,3.7157716751098633,1224600
1998-06-22,8.291666984558105,8.364583015441895,8.125,8.364583015441895,3.8058228492736816,272400
1998-06-23,8.25,8.59375,8.25,8.583333015441895,3.9053516387939453,658800
1998-06-24,8.4375,8.59375,8.166666984558105,8.416666984558105,3.8295199871063232,809400
1998-06-25,8.416666984558105,8.541666984558105,8.333333015441895,8.520833015441895,3.8769147396087646,718200
1998-06-26,8.5625,8.59375,8.458333015441895,8.578125,3.902982473373413,497400
1998-06-29,8.666666984558105,8.666666984558105,8.4375,8.515625,3.8745455741882324,697200
1998-06-30,8.520833015441895,8.541666984558105,8.395833015441895,8.5,3.867436647415161,480600
1998-07-01,8.520833015441895,8.729166984558105,8.416666984558105,8.541666984558105,3.8863942623138428,954000
1998-07-02,8.583333015441895,8.583333015441895,8.34375,8.34375,3.7963435649871826,379800
1998-07-06,8.541666984558105,8.9375,8.291666984558105,8.916666984558105,4.057016372680664,1618800
1998-07-07,8.791666984558105,8.958333015441895,8.416666984558105,8.5625,3.8958723545074463,804600
1998-07-08,8.625,8.666666984558105,8.479166984558105,8.604166984558105,3.9148316383361816,935400
1998-07-09,8.666666984558105,9.145833015441895,8.583333015441895,9.041666984558105,4.1138916015625,2204400
1998-07-10,9.041666984558105,9.083333015441895,8.770833015441895,8.770833015441895,3.9906628131866455,1053000
1998-07-13,8.958333015441895,8.958333015441895,8.625,8.65625,3.9385290145874023,770400
1998-07-14,8.458333015441895,8.541666984558105,8.166666984558105,8.375,3.8105616569519043,1327800
1998-07-15,8.354166984558105,8.645833015441895,8.333333015441895,8.645833015441895,3.933788537979126,1360800
1998-07-16,8.604166984558105,8.8125,8.541666984558105,8.791666984558105,4.000142574310303,886800
1998-07-17,8.8125,8.9375,8.604166984558105,8.927083015441895,4.061755180358887,1459200
1998-07-20,8.8125,8.979166984558105,8.8125,8.833333015441895,4.019100189208984,1140000
1998-07-21,8.833333015441895,8.979166984558105,8.520833015441895,8.583333015441895,3.9053516387939453,865200
1998-07-22,8.5,8.75,8.416666984558105,8.427083015441895,3.834259271621704,401400
1998-07-23,8.510416984558105,8.510416984558105,8.25,8.25,3.7536871433258057,811200
1998-07-24,8.291666984558105,8.479166984558105,8.25,8.479166984558105,3.8579564094543457,331800
1998-07-27,8.291666984558105,8.666666984558105,8.291666984558105,8.666666984558105,3.9432690143585205,541200
1998-07-28,8.458333015441895,8.739583015441895,8.395833015441895,8.395833015441895,3.820039987564087,898800
1998-07-29,8.479166984558105,8.5,8.375,8.4375,3.8389978408813477,909600
1998-07-30,8.4375,8.770833015441895,8.4375,8.75,3.9811840057373047,557400
1998-07-31,8.541666984558105,8.75,8.4375,8.46875,3.853217840194702,790200
1998-08-03,8.666666984558105,8.791666984558105,8.5,8.697916984558105,3.957486629486084,1471200
1998-08-04,8.666666984558105,8.75,8.291666984558105,8.291666984558105,3.7726452350616455,723000
1998-08-05,8.333333015441895,8.333333015441895,7.6666669845581055,7.6666669845581055,3.4882750511169434,950400
1998-08-06,7.8333330154418945,8.333333015441895,7.5833330154418945,8.333333015441895,3.791604518890381,1471800
1998-08-07,8.333333015441895,8.541666984558105,8.270833015441895,8.416666984558105,3.8295199871063232,1453800
1998-08-10,8.291666984558105,8.458333015441895,8.03125,8.25,3.7536871433258057,584400
1998-08-11,8.0,8.145833015441895,7.9583330154418945,7.96875,3.6257212162017822,659400
1998-08-12,8.1875,8.708333015441895,7.9583330154418945,8.59375,3.9100916385650635,1333800
1998-08-13,8.572916984558105,8.59375,8.25,8.333333015441895,3.791604518890381,1257600
1998-08-14,8.333333015441895,8.666666984558105,8.291666984558105,8.541666984558105,3.8863942623138428,1009200
1998-08-17,8.458333015441895,8.6875,8.34375,8.375,3.8105616569519043,2192400
1998-08-18,8.333333015441895,8.4375,8.208333015441895,8.416666984558105,3.8295199871063232,2025000
1998-08-19,8.4375,8.4375,8.291666984558105,8.354166984558105,3.8010826110839844,2859600
1998-08-20,8.4375,8.46875,8.0,8.125,3.696812391281128,1155600
1998-08-21,8.083333015441895,8.083333015441895,7.7916669845581055,7.8229169845581055,3.559368848800659,1986000
1998-08-24,8.0,8.291666984558105,7.8854169845581055,8.239583015441895,3.748948097229004,1206000
1998-08-25,8.1875,8.375,8.09375,8.375,3.8105616569519043,627000
1998-08-26,8.0625,8.375,8.0625,8.166666984558105,3.7157716751098633,656400
1998-08-27,7.8541669845581055,8.114583015441895,7.4583330154418945,8.020833015441895,3.6494181156158447,2362200
1998-08-28,8.020833015441895,8.083333015441895,7.78125,7.9479169845581055,3.616241693496704,1630800
1998-08-31,8.041666984558105,8.083333015441895,6.6458330154418945,6.7916669845581055,3.0901565551757812,2170200
1998-09-01,7.1666669845581055,8.166666984558105,7.0833330154418945,8.166666984558105,3.7157716751098633,4259400
1998-09-02,8.125,8.166666984558105,7.9895830154418945,8.083333015441895,3.6778554916381836,1132800
1998-09-03,7.8125,8.041666984558105,7.7395830154418945,7.8333330154418945,3.564107894897461,2113800
1998-09-04,7.8125,8.041666984558105,7.8125,8.041666984558105,3.658897638320923,677400
1998-09-08,8.0625,8.458333015441895,7.9375,8.458333015441895,3.8484768867492676,3656400
1998-09-09,8.416666984558105,8.479166984558105,8.375,8.395833015441895,3.820039987564087,1570800
1998-09-10,8.375,8.458333015441895,8.0,8.229166984558105,3.7442095279693604,2323200
1998-09-11,8.0625,8.479166984558105,8.0625,8.427083015441895,3.834259271621704,2052000
1998-09-14,8.416666984558105,8.645833015441895,8.40625,8.520833015441895,3.8769147396087646,907800
1998-09-15,8.395833015441895,8.541666984558105,8.3125,8.458333015441895,3.8484768867492676,1587600
1998-09-16,8.5625,8.625,8.375,8.479166984558105,3.8579564094543457,1090800
1998-09-17,8.3125,8.375,8.125,8.1875,3.725250720977783,1533600
1998-09-18,8.229166984558105,8.416666984558105,8.208333015441895,8.34375,3.7963435649871826,1436400
1998-09-21,8.25,8.354166984558105,8.166666984558105,8.34375,3.7963435649871826,730200
1998-09-22,8.291666984558105,8.5,8.25,8.270833015441895,3.7631654739379883,1508400
1998-09-23,8.333333015441895,8.395833015441895,8.177083015441895,8.270833015441895,3.7631654739379883,3493200
1998-09-24,8.166666984558105,8.25,8.0,8.239583015441895,3.748948097229004,1396200
1998-09-25,8.166666984558105,8.375,8.0625,8.354166984558105,3.8010826110839844,1540800
1998-09-28,8.427083015441895,8.583333015441895,8.239583015441895,8.541666984558105,3.8863942623138428,1080000
1998-09-29,8.3125,8.541666984558105,8.1875,8.3125,3.7821240425109863,2605200
1998-09-30,8.3125,8.354166984558105,8.25,8.354166984558105,3.8010826110839844,1239600
1998-10-01,8.354166984558105,8.354166984558105,7.84375,7.9375,3.6115024089813232,1486800
1998-10-02,8.041666984558105,8.145833015441895,7.9166669845581055,8.0625,3.6683766841888428,778800
1998-10-05,8.0625,8.0625,7.5,7.6770830154418945,3.493013858795166,1608600
1998-10-06,7.78125,7.9791669845581055,7.6875,7.8541669845581055,3.573587417602539,2050800
1998-10-07,7.8958330154418945,7.8958330154418945,7.6458330154418945,7.7083330154418945,3.5072340965270996,2404800
1998-10-08,7.5625,7.6458330154418945,7.1666669845581055,7.3333330154418945,3.336611032485962,3485400
1998-10-09,7.5833330154418945,8.0625,7.4166669845581055,8.0625,3.6683766841888428,2912400
1998-10-12,8.166666984558105,8.229166984558105,8.0625,8.208333015441895,3.734729290008545,2150400
1998-10-13,8.166666984558105,8.229166984558105,8.041666984558105,8.197916984558105,3.7299904823303223,3073200
1998-10-14,8.041666984558105,8.197916984558105,8.0,8.197916984558105,3.7299904823303223,1939800
1998-10-15,8.041666984558105,8.333333015441895,8.041666984558105,8.333333015441895,3.791604518890381,2915400
1998-10-16,8.375,8.5,8.3125,8.416666984558105,3.8295199871063232,1901400
1998-10-19,8.4375,8.708333015441895,8.291666984558105,8.5,3.867436647415161,2577000
1998-10-20,8.625,8.708333015441895,8.458333015441895,8.510416984558105,3.8721752166748047,3360600
1998-10-21,8.583333015441895,8.645833015441895,8.40625,8.583333015441895,3.9053516387939453,971400
1998-10-22,8.583333015441895,8.625,8.46875,8.625,3.924309253692627,720600
1998-10-23,8.625,8.697916984558105,8.479166984558105,8.541666984558105,3.8863942623138428,2022600
1998-10-26,8.583333015441895,8.708333015441895,8.416666984558105,8.666666984558105,3.9432690143585205,3106800
1998-10-27,8.708333015441895,8.833333015441895,8.416666984558105,8.5,3.867436647415161,2119200
1998-10-28,8.4375,8.583333015441895,8.364583015441895,8.510416984558105,3.8721752166748047,610800
1998-10-29,8.541666984558105,8.541666984558105,8.4375,8.541666984558105,3.8863942623138428,569400
1998-10-30,8.583333015441895,9.0,8.583333015441895,8.916666984558105,4.057016372680664,1665600
1998-11-02,8.916666984558105,9.083333015441895,8.625,9.083333015441895,4.132847785949707,992400
1998-11-03,8.854166984558105,8.916666984558105,8.59375,8.666666984558105,3.9432690143585205,1375800
1998-11-04,8.822916984558105,9.0,8.645833015441895,9.0,4.094931125640869,820200
1998-11-05,8.875,9.5625,8.802083015441895,9.427083015441895,4.289251804351807,1881000
1998-11-06,9.458333015441895,9.458333015441895,9.041666984558105,9.239583015441895,4.203939914703369,2688000
1998-11-09,9.083333015441895,9.25,9.083333015441895,9.229166984558105,4.1992011070251465,862800
1998-11-10,9.229166984558105,9.416666984558105,9.145833015441895,9.260416984558105,4.213420867919922,601800
1998-11-11,9.1875,9.260416984558105,9.166666984558105,9.166666984558105,4.170765399932861,784800
1998-11-12,9.208333015441895,9.208333015441895,9.083333015441895,9.208333015441895,4.189722061157227,621000
1998-11-13,9.229166984558105,9.3125,9.104166984558105,9.125,4.151806354522705,558600
1998-11-16,9.21875,9.25,9.104166984558105,9.25,4.208678722381592,992400
1998-11-17,9.145833015441895,9.3125,9.145833015441895,9.3125,4.237115859985352,1042200
1998-11-18,9.270833015441895,9.333333015441895,9.114583015441895,9.25,4.208678722381592,1127400
1998-11-19,9.229166984558105,9.3125,9.145833015441895,9.3125,4.237115859985352,574800
1998-11-20,9.239583015441895,9.3125,9.0,9.145833015441895,4.161284923553467,961800
1998-11-23,9.15625,9.1875,9.0,9.09375,4.1375885009765625,1140000
1998-11-24,9.104166984558105,9.104166984558105,8.833333015441895,8.9375,4.066494941711426,1311600
1998-11-25,9.020833015441895,9.135416984558105,8.958333015441895,9.135416984558105,4.156546592712402,596400
1998-11-27,9.135416984558105,9.208333015441895,9.041666984558105,9.208333015441895,4.189722061157227,768600
1998-11-30,9.21875,9.291666984558105,9.15625,9.166666984558105,4.170765399932861,1915200
1998-12-01,9.208333015441895,9.291666984558105,9.125,9.270833015441895,4.218159198760986,2209800
1998-12-02,9.208333015441895,9.25,8.833333015441895,8.989583015441895,4.090192794799805,976800
1998-12-03,8.916666984558105,9.052083015441895,8.875,8.927083015441895,4.061755180358887,1488000
1998-12-04,8.958333015441895,9.1875,8.875,9.1875,4.18024206161499,620400
1998-12-07,9.375,9.375,9.291666984558105,9.375,4.265554904937744,1073400
1998-12-08,9.364583015441895,9.541666984558105,9.354166984558105,9.5,4.322428226470947,2679000
1998-12-09,9.5,9.958333015441895,9.375,9.895833015441895,4.502530574798584,878400
1998-12-10,9.833333015441895,10.020833015441895,9.833333015441895,9.875,4.493052005767822,1634400
1998-12-11,9.875,9.916666984558105,9.666666984558105,9.875,4.493052005767822,1142400
1998-12-14,9.75,9.854166984558105,9.708333015441895,9.833333015441895,4.474092960357666,1132200
1998-12-15,9.875,10.0,9.791666984558105,9.989583015441895,4.54518461227417,1851600
1998-12-16,10.0,10.322916984558105,9.916666984558105,10.166666984558105,4.62575626373291,1455000
1998-12-17,10.208333015441895,10.604166984558105,10.166666984558105,10.333333015441895,4.701588153839111,2302800
1998-12-18,10.447916984558105,10.458333015441895,10.083333015441895,10.333333015441895,4.701588153839111,3340200
1998-12-21,10.333333015441895,10.416666984558105,10.166666984558105,10.354166984558105,4.711069107055664,2367600
1998-12-22,10.354166984558105,10.354166984558105,9.791666984558105,10.041666984558105,4.568883419036865,1452600
1998-12-23,9.833333015441895,10.333333015441895,9.833333015441895,10.270833015441895,4.673149585723877,2099400
1998-12-24,10.3125,10.416666984558105,10.166666984558105,10.333333015441895,4.701588153839111,1689000
1998-12-28,10.333333015441895,10.645833015441895,10.333333015441895,10.645833015441895,4.843773365020752,2115000
1998-12-29,10.5625,10.75,10.46875,10.729166984558105,4.88169002532959,2269200
1998-12-30,10.583333015441895,11.020833015441895,10.5625,10.916666984558105,4.967000961303711,1966200
1998-12-31,10.875,11.875,10.875,11.739583015441895,5.341421604156494,4222800
1999-01-04,11.541666984558105,11.541666984558105,11.083333015441895,11.53125,5.246631622314453,3006000
1999-01-05,11.354166984558105,11.666666984558105,11.354166984558105,11.666666984558105,5.308244228363037,2117400
1999-01-06,11.583333015441895,11.729166984558105,11.5,11.729166984558105,5.336682319641113,2133600
1999-01-07,11.666666984558105,11.916666984558105,11.541666984558105,11.885416984558105,5.407773494720459,813600
1999-01-08,11.958333015441895,12.041666984558105,11.510416984558105,12.0,5.459911346435547,1564800
1999-01-11,11.5,11.8125,11.083333015441895,11.1875,5.090228080749512,3659400
1999-01-12,11.135416984558105,11.458333015441895,11.135416984558105,11.255208015441895,5.121033668518066,2725200
1999-01-13,11.0,11.333333015441895,10.916666984558105,11.333333015441895,5.156580448150635,1700400
1999-01-14,11.395833015441895,11.583333015441895,11.083333015441895,11.447916984558105,5.20871639251709,2838600
1999-01-15,11.375,11.8125,11.25,11.78125,5.360379219055176,1378200
1999-01-19,11.875,11.916666984558105,11.5,11.916666984558105,5.421994209289551,1360200
1999-01-20,11.916666984558105,12.145833015441895,11.75,12.083333015441895,5.497824668884277,1891800
1999-01-21,11.958333015441895,12.125,11.833333015441895,11.895833015441895,5.412513732910156,1969200
1999-01-22,11.833333015441895,12.291666984558105,11.833333015441895,12.166666984558105,5.535741806030273,1886400
1999-01-25,12.25,12.708333015441895,12.166666984558105,12.6875,5.7727155685424805,1860000
1999-01-26,12.5,12.854166984558105,12.1875,12.666666984558105,5.763238906860352,1777800
1999-01-27,12.739583015441895,13.0625,12.5,12.5,5.68740701675415,2337600
1999-01-28,12.583333015441895,12.875,12.479166984558105,12.84375,5.843809604644775,1321800
1999-01-29,12.708333015441895,12.947916984558105,12.479166984558105,12.677083015441895,5.767978668212891,2997600
1999-02-01,12.645833015441895,13.041666984558105,12.375,12.916666984558105,5.876983642578125,3186600
1999-02-02,12.895833015441895,12.958333015441895,12.625,12.625,5.744279384613037,2425800
1999-02-03,12.71875,12.958333015441895,12.552083015441895,12.916666984558105,5.894103527069092,1496400
1999-02-04,12.916666984558105,12.916666984558105,12.333333015441895,12.375,5.646930694580078,1881000
1999-02-05,12.458333015441895,12.59375,12.041666984558105,12.322916984558105,5.623165130615234,1181400
1999-02-08,12.458333015441895,12.5,11.916666984558105,12.052083015441895,5.49957799911499,1876800
1999-02-09,12.125,13.0,11.84375,12.0,5.475814342498779,3574800
1999-02-10,12.25,12.833333015441895,11.916666984558105,11.9375,5.447292804718018,1746000
1999-02-11,11.916666984558105,12.802083015441895,11.75,12.802083015441895,5.841817378997803,1584000
1999-02-12,12.479166984558105,12.833333015441895,11.666666984558105,11.739583015441895,5.3569793701171875,2039400
1999-02-16,12.25,12.333333015441895,11.958333015441895,12.25,5.589892387390137,3025800
1999-02-17,12.166666984558105,12.3125,11.833333015441895,11.958333015441895,5.456799030303955,2281800
1999-02-18,12.083333015441895,12.166666984558105,11.75,11.833333015441895,5.3997602462768555,1921200
1999-02-19,11.833333015441895,11.875,11.583333015441895,11.6875,5.33321475982666,1970400
1999-02-22,11.791666984558105,12.229166984558105,11.291666984558105,12.208333015441895,5.570878982543945,2737800
1999-02-23,12.125,12.25,11.75,12.166666984558105,5.5518670082092285,2452800
1999-02-24,12.083333015441895,12.166666984558105,11.625,11.666666984558105,5.323708534240723,2098200
1999-02-25,11.833333015441895,12.104166984558105,11.604166984558105,12.041666984558105,5.494825839996338,2188800
1999-02-26,12.125,12.208333015441895,11.541666984558105,11.791666984558105,5.380746364593506,1360800
1999-03-01,11.958333015441895,12.083333015441895,11.770833015441895,11.979166984558105,5.466304779052734,958200
1999-03-02,12.0,12.09375,11.833333015441895,11.895833015441895,5.428279876708984,1999800
1999-03-03,11.979166984558105,11.979166984558105,11.78125,11.854166984558105,5.409265995025635,1645200
1999-03-04,11.8125,12.083333015441895,11.802083015441895,12.072916984558105,5.509087085723877,3117000
1999-03-05,12.125,12.197916984558105,11.552083015441895,11.75,5.361735820770264,2368800
1999-03-08,11.833333015441895,12.166666984558105,11.729166984558105,12.145833015441895,5.542359828948975,3221400
1999-03-09,12.166666984558105,12.166666984558105,11.833333015441895,11.916666984558105,5.4377875328063965,2221200
1999-03-10,11.875,11.979166984558105,11.84375,11.979166984558105,5.466304779052734,1848000
1999-03-11,12.0,12.125,11.791666984558105,11.916666984558105,5.4377875328063965,1403400
1999-03-12,11.916666984558105,11.916666984558105,11.59375,11.59375,5.290433883666992,1153800
1999-03-15,11.708333015441895,11.895833015441895,11.59375,11.885416984558105,5.423526763916016,2302200
1999-03-16,11.708333015441895,11.833333015441895,11.3125,11.520833015441895,5.257160663604736,2830200
1999-03-17,11.520833015441895,11.520833015441895,11.25,11.447916984558105,5.223888397216797,2922600
1999-03-18,11.458333015441895,11.520833015441895,11.270833015441895,11.520833015441895,5.257160663604736,4493400
1999-03-19,11.5,11.729166984558105,11.25,11.375,5.190613269805908,4729200
1999-03-22,11.375,11.5,11.145833015441895,11.166666984558105,5.095547676086426,2116200
1999-03-23,11.208333015441895,11.208333015441895,10.666666984558105,10.6875,4.876896381378174,2506200
1999-03-24,10.833333015441895,11.40625,10.75,11.375,5.190613269805908,2205000
1999-03-25,11.375,12.0,11.291666984558105,11.895833015441895,5.428279876708984,2104200
1999-03-26,11.791666984558105,11.833333015441895,10.979166984558105,11.1875,5.10505485534668,1839000
1999-03-29,11.270833015441895,11.458333015441895,11.166666984558105,11.4375,5.219135761260986,2682600
1999-03-30,11.4375,11.4375,10.916666984558105,10.9375,4.9909749031066895,1965000
1999-03-31,11.083333015441895,11.166666984558105,10.770833015441895,10.895833015441895,4.971963405609131,4336200
1999-04-01,11.0,11.041666984558105,10.822916984558105,11.0,5.019495010375977,1489200
1999-04-05,11.0,11.03125,10.927083015441895,10.989583015441895,5.014741897583008,1889400
1999-04-06,10.979166984558105,11.020833015441895,10.666666984558105,10.677083015441895,4.872142791748047,3006600
1999-04-07,10.666666984558105,10.833333015441895,10.104166984558105,10.447916984558105,4.767570972442627,7249800
1999-04-08,10.447916984558105,10.677083015441895,10.395833015441895,10.645833015441895,4.857881546020508,3501600
1999-04-09,10.666666984558105,10.6875,10.541666984558105,10.666666984558105,4.86738920211792,3458400
1999-04-12,10.5625,10.666666984558105,10.520833015441895,10.59375,4.834115982055664,1186200
1999-04-13,10.666666984558105,10.666666984558105,10.3125,10.34375,4.720037460327148,2326800
1999-04-14,10.395833015441895,10.666666984558105,10.3125,10.333333015441895,4.715282440185547,3727200
1999-04-15,10.333333015441895,10.583333015441895,10.0,10.5,4.7913360595703125,3165600
1999-04-16,10.583333015441895,10.635416984558105,10.3125,10.583333015441895,4.829362392425537,2852400
1999-04-19,10.583333015441895,10.739583015441895,10.395833015441895,10.645833015441895,4.857881546020508,5160600
1999-04-20,10.604166984558105,10.864583015441895,10.604166984558105,10.8125,4.933934688568115,6688200
1999-04-21,10.833333015441895,10.958333015441895,10.604166984558105,10.958333015441895,5.000482082366943,3844800
1999-04-22,11.0,11.072916984558105,10.75,11.0,5.019495010375977,2826000
1999-04-23,11.0,11.354166984558105,10.833333015441895,11.291666984558105,5.152587413787842,2613600
1999-04-26,11.25,11.479166984558105,11.166666984558105,11.447916984558105,5.223888397216797,2293200
1999-04-27,11.458333015441895,11.5,10.78125,11.1875,5.10505485534668,2118000
1999-04-28,11.229166984558105,11.479166984558105,11.083333015441895,11.458333015441895,5.228639602661133,3679200
1999-04-29,11.395833015441895,11.625,11.333333015441895,11.5625,5.276173114776611,2944200
1999-04-30,11.5,11.708333015441895,11.125,11.458333015441895,5.228639602661133,2010600
1999-05-03,11.489583015441895,11.625,11.333333015441895,11.604166984558105,5.295186519622803,1375800
1999-05-04,11.625,11.75,11.208333015441895,11.208333015441895,5.114562511444092,2844600
1999-05-05,11.270833015441895,11.708333015441895,11.0,11.6875,5.33321475982666,2314200
1999-05-06,11.666666984558105,11.6875,11.125,11.145833015441895,5.086041450500488,2038800
1999-05-07,11.333333015441895,11.5,10.5625,11.416666984558105,5.209627628326416,1179600
1999-05-10,11.416666984558105,11.75,11.1875,11.666666984558105,5.323708534240723,1774800
1999-05-11,11.541666984558105,11.6875,11.354166984558105,11.677083015441895,5.328460693359375,1033200
1999-05-12,11.520833015441895,11.791666984558105,11.458333015441895,11.791666984558105,5.380746364593506,1500000
1999-05-13,11.729166984558105,11.916666984558105,11.333333015441895,11.354166984558105,5.18110990524292,2900400
1999-05-14,11.333333015441895,11.395833015441895,10.541666984558105,10.614583015441895,4.843621730804443,3065400
1999-05-17,10.666666984558105,10.666666984558105,10.416666984558105,10.604166984558105,4.838868618011475,2385000
1999-05-18,10.604166984558105,11.0625,10.572916984558105,10.572916984558105,4.824610233306885,1657800
1999-05-19,10.770833015441895,11.0,10.588541984558105,11.0,5.019495010375977,1559400
1999-05-20,11.0,11.125,10.552083015441895,10.598958015441895,4.83649206161499,1093800
1999-05-21,10.8125,10.8125,10.4375,10.4375,4.762815952301025,1278000
1999-05-24,10.666666984558105,10.854166984558105,10.40625,10.520833015441895,4.800841331481934,2085600
1999-05-25,10.520833015441895,11.0,10.458333015441895,10.510416984558105,4.796090126037598,1593600
1999-05-26,10.520833015441895,10.9375,10.458333015441895,10.90625,4.976715087890625,2025600
1999-05-27,10.666666984558105,11.083333015441895,10.375,11.072916984558105,5.052769184112549,2003400
1999-05-28,10.989583015441895,11.145833015441895,10.5,10.583333015441895,4.829362392425537,1932000
1999-06-01,10.75,10.916666984558105,10.395833015441895,10.416666984558105,4.753312110900879,1778400
1999-06-02,10.5,11.145833015441895,10.4375,11.104166984558105,5.067028999328613,2528400
1999-06-03,11.0,11.125,10.583333015441895,10.65625,4.862636089324951,1458000
1999-06-04,10.833333015441895,11.104166984558105,10.75,11.0625,5.04801607131958,1051200
1999-06-07,11.072916984558105,11.104166984558105,10.791666984558105,10.979166984558105,5.0099897384643555,1266000
1999-06-08,11.041666984558105,11.041666984558105,10.5,10.520833015441895,4.800841331481934,1618800
1999-06-09,10.583333015441895,10.583333015441895,10.395833015441895,10.458333015441895,4.772323131561279,2232600
1999-06-10,10.541666984558105,10.552083015441895,10.375,10.427083015441895,4.758062362670898,2020800
1999-06-11,10.458333015441895,10.5625,10.072916984558105,10.072916984558105,4.596449851989746,1771200
1999-06-14,10.083333015441895,10.479166984558105,10.072916984558105,10.291666984558105,4.696269512176514,2499600
1999-06-15,10.333333015441895,10.354166984558105,9.9375,10.0,4.563177108764648,4494000
1999-06-16,10.072916984558105,10.270833015441895,10.020833015441895,10.166666984558105,4.639230728149414,2607000
1999-06-17,10.229166984558105,10.4375,10.1875,10.395833015441895,4.743803977966309,2167200
1999-06-18,10.135416984558105,10.1875,10.0,10.135416984558105,4.624971866607666,3790200
1999-06-21,10.125,10.291666984558105,10.083333015441895,10.270833015441895,4.686762809753418,1489800
1999-06-22,10.270833015441895,10.375,10.041666984558105,10.041666984558105,4.582190990447998,2380800
1999-06-23,10.125,10.229166984558105,9.916666984558105,10.208333015441895,4.658242702484131,2621400
1999-06-24,10.083333015441895,10.25,9.958333015441895,10.083333015441895,4.6012043952941895,2839800
1999-06-25,10.0,10.1875,10.0,10.052083015441895,4.586942672729492,1539600
1999-06-28,10.125,10.53125,10.020833015441895,10.510416984558105,4.796090126037598,1504800
1999-06-29,10.510416984558105,10.875,10.291666984558105,10.854166984558105,4.952948093414307,4018200
1999-06-30,11.041666984558105,11.333333015441895,10.708333015441895,11.197916984558105,5.109809398651123,2844600
1999-07-01,11.125,11.166666984558105,10.979166984558105,11.104166984558105,5.067028999328613,4500600
1999-07-02,11.104166984558105,11.104166984558105,10.96875,11.041666984558105,5.038508892059326,833400
1999-07-06,11.104166984558105,11.125,10.9375,11.0,5.019495010375977,914400
1999-07-07,10.979166984558105,11.197916984558105,10.916666984558105,11.104166984558105,5.067028999328613,1230600
1999-07-08,10.979166984558105,11.145833015441895,10.833333015441895,11.145833015441895,5.086041450500488,1556400
1999-07-09,10.979166984558105,11.270833015441895,10.8125,11.21875,5.119314670562744,3180600
1999-07-12,11.208333015441895,11.322916984558105,11.0,11.21875,5.119314670562744,1510800
1999-07-13,11.166666984558105,11.229166984558105,10.833333015441895,11.041666984558105,5.038508892059326,1225800
1999-07-14,10.989583015441895,11.083333015441895,10.510416984558105,10.572916984558105,4.824610233306885,2499000
1999-07-15,10.583333015441895,10.916666984558105,10.541666984558105,10.630208015441895,4.850753307342529,1948800
1999-07-16,10.833333015441895,10.84375,10.541666984558105,10.572916984558105,4.824610233306885,2928600
1999-07-19,10.5625,10.604166984558105,9.90625,10.260416984558105,4.682011127471924,1950000
1999-07-20,10.197916984558105,10.875,10.166666984558105,10.40625,4.748555660247803,2619000
1999-07-21,10.40625,10.979166984558105,10.40625,10.96875,5.005235195159912,2961600
1999-07-22,10.9375,11.072916984558105,10.666666984558105,10.90625,4.976715087890625,2103000
1999-07-23,10.916666984558105,10.9375,10.541666984558105,10.927083015441895,4.986222743988037,1611000
1999-07-26,10.84375,10.958333015441895,10.6875,10.833333015441895,4.943441390991211,1698600
1999-07-27,10.875,11.15625,10.791666984558105,11.15625,5.090795516967773,2079000
1999-07-28,11.020833015441895,11.104166984558105,10.635416984558105,10.8125,4.933934688568115,1480200
1999-07-29,10.677083015441895,10.75,10.416666984558105,10.489583015441895,4.786583423614502,1382400
1999-07-30,10.604166984558105,10.760416984558105,10.354166984558105,10.6875,4.876896381378174,1578000
1999-08-02,10.59375,10.708333015441895,10.21875,10.291666984558105,4.696269512176514,903600
1999-08-03,10.270833015441895,10.375,10.083333015441895,10.1875,4.648737907409668,1792800
1999-08-04,10.25,10.4375,10.083333015441895,10.166666984558105,4.639230728149414,1734000
1999-08-05,10.166666984558105,10.572916984558105,10.083333015441895,10.125,4.620216369628906,2732400
1999-08-06,10.0625,10.416666984558105,10.0,10.010416984558105,4.567930698394775,2230800
1999-08-09,10.125,10.333333015441895,9.958333015441895,10.072916984558105,4.596449851989746,1733400
1999-08-10,10.083333015441895,10.083333015441895,9.583333015441895,9.645833015441895,4.4015631675720215,3172200
1999-08-11,9.75,9.9375,8.979166984558105,9.010416984558105,4.111613750457764,8394000
1999-08-12,8.979166984558105,9.0,8.0625,8.489583015441895,3.873948097229004,24385200
1999-08-13,8.666666984558105,9.020833015441895,8.583333015441895,8.958333015441895,4.087846755981445,8420400
1999-08-16,8.989583015441895,9.041666984558105,8.583333015441895,8.583333015441895,3.916727304458618,3185400
1999-08-17,8.75,8.802083015441895,8.270833015441895,8.375,3.821660280227661,4574400
1999-08-18,8.5625,8.833333015441895,8.458333015441895,8.5625,3.9072210788726807,3535800
1999-08-19,8.572916984558105,8.802083015441895,8.5,8.697916984558105,3.9690134525299072,3772200
1999-08-20,8.791666984558105,9.375,8.697916984558105,9.302083015441895,4.244704723358154,4273800
1999-08-23,9.302083015441895,9.458333015441895,9.0,9.197916984558105,4.19717264175415,3091800
1999-08-24,9.083333015441895,9.166666984558105,8.875,8.989583015441895,4.102105617523193,2035800
1999-08-25,9.09375,9.166666984558105,8.9375,8.958333015441895,4.087846755981445,4697400
1999-08-26,8.958333015441895,9.166666984558105,8.875,8.895833015441895,4.059326648712158,2344800
1999-08-27,8.958333015441895,9.041666984558105,8.6875,8.708333015441895,3.973767042160034,1680600
1999-08-30,8.708333015441895,8.75,8.541666984558105,8.552083015441895,3.9024674892425537,1470000
1999-08-31,8.5,8.666666984558105,8.3125,8.5625,3.9072210788726807,2691600
1999-09-01,8.59375,8.666666984558105,8.4375,8.53125,3.892960786819458,4077600
1999-09-02,8.5,8.8125,8.5,8.65625,3.9500012397766113,1705200
1999-09-03,8.78125,9.333333015441895,8.770833015441895,9.28125,4.235198974609375,4064400
1999-09-07,9.28125,9.583333015441895,9.197916984558105,9.520833015441895,4.3445258140563965,4637400
1999-09-08,9.416666984558105,9.458333015441895,9.03125,9.0625,4.135379791259766,3945600
1999-09-09,9.333333015441895,9.333333015441895,9.083333015441895,9.3125,4.249457836151123,1624200
1999-09-10,9.3125,9.59375,9.3125,9.479166984558105,4.325510501861572,2405400
1999-09-13,9.416666984558105,9.645833015441895,9.302083015441895,9.354166984558105,4.268471717834473,2490600
1999-09-14,9.364583015441895,9.427083015441895,9.083333015441895,9.3125,4.249457836151123,3571800
1999-09-15,9.375,9.46875,9.114583015441895,9.15625,4.178159236907959,1639800
1999-09-16,9.182291984558105,9.354166984558105,9.072916984558105,9.1875,4.19242000579834,3021000
1999-09-17,9.364583015441895,9.489583015441895,9.125,9.489583015441895,4.330263614654541,3634800
1999-09-20,9.489583015441895,9.489583015441895,9.104166984558105,9.166666984558105,4.182913303375244,1726800
1999-09-21,9.114583015441895,9.1875,8.770833015441895,8.770833015441895,4.002286434173584,6370200
1999-09-22,8.791666984558105,9.489583015441895,8.770833015441895,9.34375,4.2637200355529785,6994200
1999-09-23,9.34375,9.416666984558105,9.0625,9.083333015441895,4.144886016845703,5231400
1999-09-24,9.0625,9.375,9.0,9.21875,4.2066779136657715,3369600
1999-09-27,9.229166984558105,9.479166984558105,9.145833015441895,9.21875,4.2066779136657715,2762400
1999-09-28,9.208333015441895,9.21875,9.0625,9.177083015441895,4.187665939331055,3296400
1999-09-29,9.208333015441895,9.447916984558105,9.208333015441895,9.364583015441895,4.273226261138916,2148600
1999-09-30,9.395833015441895,9.697916984558105,9.291666984558105,9.635416984558105,4.3968119621276855,3405600
1999-10-01,9.541666984558105,9.541666984558105,9.125,9.416666984558105,4.29699182510376,1785000
1999-10-04,9.479166984558105,9.541666984558105,9.104166984558105,9.375,4.277978420257568,2663400
1999-10-05,9.4375,9.666666984558105,9.145833015441895,9.239583015441895,4.216185092926025,1961400
1999-10-06,9.395833015441895,9.416666984558105,9.208333015441895,9.416666984558105,4.29699182510376,1678800
1999-10-07,9.395833015441895,9.458333015441895,9.125,9.28125,4.235198974609375,2149200
1999-10-08,9.229166984558105,9.385416984558105,9.125,9.375,4.277978420257568,1794000
1999-10-11,9.3125,9.583333015441895,9.166666984558105,9.572916984558105,4.368290424346924,1246800
1999-10-12,9.541666984558105,9.625,9.104166984558105,9.114583015441895,4.159145832061768,2669400
1999-10-13,9.125,9.333333015441895,9.083333015441895,9.125,4.1638994216918945,1726200
1999-10-14,9.145833015441895,9.375,9.020833015441895,9.338541984558105,4.2613420486450195,2241000
1999-10-15,9.3125,9.375,9.041666984558105,9.104166984558105,4.154391765594482,3208200
1999-10-18,9.083333015441895,9.25,8.916666984558105,9.052083015441895,4.1306257247924805,1889400
1999-10-19,9.135416984558105,9.625,8.916666984558105,9.333333015441895,4.258965969085693,2379000
1999-10-20,9.265625,9.708333015441895,9.229166984558105,9.6875,4.420577526092529,2328600
1999-10-21,9.5,9.6875,9.145833015441895,9.458333015441895,4.316004753112793,2950800
1999-10-22,9.510416984558105,9.708333015441895,9.479166984558105,9.625,4.3920578956604,2121000
1999-10-25,9.552083015441895,9.708333015441895,9.520833015441895,9.614583015441895,4.387303829193115,1697400
1999-10-26,9.604166984558105,9.625,9.28125,9.302083015441895,4.244704723358154,1210800
1999-10-27,9.375,9.697916984558105,9.25,9.635416984558105,4.3968119621276855,3163800
1999-10-28,9.75,9.989583015441895,9.666666984558105,9.9375,4.534658908843994,2601600
1999-10-29,9.958333015441895,10.208333015441895,9.927083015441895,10.041666984558105,4.582190990447998,4434000
1999-11-01,10.145833015441895,10.291666984558105,10.072916984558105,10.145833015441895,4.62972354888916,2364600
1999-11-02,10.145833015441895,10.208333015441895,9.802083015441895,9.885416984558105,4.510890483856201,4275600
1999-11-03,9.854166984558105,9.875,9.520833015441895,9.552083015441895,4.3587846755981445,3902400
1999-11-04,9.53125,9.635416984558105,9.291666984558105,9.489583015441895,4.330263614654541,2970000
1999-11-05,9.708333015441895,9.739583015441895,9.333333015441895,9.427083015441895,4.301745414733887,4301400
1999-11-08,9.416666984558105,9.5,9.395833015441895,9.427083015441895,4.301745414733887,2644800
1999-11-09,9.479166984558105,9.479166984558105,9.0625,9.114583015441895,4.159145832061768,4134600
1999-11-10,9.0625,9.145833015441895,8.833333015441895,8.96875,4.0926008224487305,3244200
1999-11-11,8.958333015441895,9.020833015441895,8.59375,8.604166984558105,3.926234006881714,4426200
1999-11-12,8.625,8.979166984558105,8.5,8.979166984558105,4.097353935241699,4893600
1999-11-15,8.958333015441895,8.989583015441895,8.604166984558105,8.927083015441895,4.0735859870910645,2790000
1999-11-16,8.90625,8.979166984558105,8.8125,8.979166984558105,4.097353935241699,2511600
1999-11-17,8.895833015441895,9.25,8.645833015441895,8.760416984558105,3.997533082962036,5290200
1999-11-18,8.84375,9.0,8.666666984558105,8.854166984558105,4.040313720703125,3255000
1999-11-19,8.90625,8.90625,8.5,8.5625,3.9072210788726807,4561200
1999-11-22,8.604166984558105,8.604166984558105,8.3125,8.338541984558105,3.805023431777954,3247800
1999-11-23,8.364583015441895,8.395833015441895,8.177083015441895,8.333333015441895,3.802647590637207,4615800
1999-11-24,8.354166984558105,8.375,8.166666984558105,8.354166984558105,3.812154531478882,3249000
1999-11-26,8.375,8.375,8.25,8.270833015441895,3.774127244949341,789600
1999-11-29,8.21875,8.21875,7.6666669845581055,7.7395830154418945,3.5317091941833496,5281200
1999-11-30,7.75,7.875,7.625,7.65625,3.493682861328125,8315400
1999-12-01,7.6875,7.90625,7.6666669845581055,7.8541669845581055,3.583996057510376,3502200
1999-12-02,7.8958330154418945,8.03125,7.8333330154418945,8.020833015441895,3.6600492000579834,3364200
1999-12-03,8.166666984558105,8.666666984558105,8.15625,8.427083015441895,3.8454270362854004,4575000
1999-12-06,8.401041984558105,8.583333015441895,8.375,8.520833015441895,3.8882076740264893,4942800
1999-12-07,8.520833015441895,8.53125,8.447916984558105,8.510416984558105,3.8834540843963623,4595400
1999-12-08,8.416666984558105,8.458333015441895,8.302083015441895,8.364583015441895,3.8169069290161133,4596600
1999-12-09,8.427083015441895,8.427083015441895,7.8541669845581055,8.135416984558105,3.7123353481292725,6477600
1999-12-10,8.1875,8.208333015441895,7.8333330154418945,7.9166669845581055,3.612515449523926,3445200
1999-12-13,7.8645830154418945,7.96875,7.75,7.9375,3.622021436691284,3724800
1999-12-14,7.9166669845581055,7.9375,7.6770830154418945,7.8177080154418945,3.567359209060669,4309800
1999-12-15,7.8541669845581055,8.020833015441895,7.7916669845581055,7.9739580154418945,3.6386587619781494,3762000
1999-12-16,7.5833330154418945,8.083333015441895,6.5,7.6458330154418945,3.48892879486084,27853200
1999-12-17,8.0,8.166666984558105,7.6458330154418945,7.7916669845581055,3.5554769039154053,13043400
1999-12-20,7.84375,7.875,7.6458330154418945,7.8541669845581055,3.583996057510376,4736400
1999-12-21,7.9166669845581055,8.354166984558105,7.7916669845581055,8.322916984558105,3.7978949546813965,7024800
1999-12-22,8.255208015441895,8.604166984558105,8.239583015441895,8.520833015441895,3.8882076740264893,7366200
1999-12-23,8.583333015441895,8.75,8.322916984558105,8.416666984558105,3.84067440032959,2032800
1999-12-27,8.5,8.5625,8.322916984558105,8.552083015441895,3.9024674892425537,2521200
1999-12-28,8.572916984558105,8.791666984558105,8.416666984558105,8.645833015441895,3.945247173309326,3069600
1999-12-29,8.572916984558105,8.916666984558105,8.541666984558105,8.895833015441895,4.059326648712158,2835600
1999-12-30,8.8125,9.166666984558105,8.8125,9.041666984558105,4.125873565673828,3105000
1999-12-31,9.145833015441895,9.145833015441895,8.5,8.854166984558105,4.040313720703125,3564600
2000-01-03,8.833333015441895,8.833333015441895,8.166666984558105,8.708333015441895,3.973767042160034,2811000
2000-01-04,8.666666984558105,8.78125,8.208333015441895,8.354166984558105,3.812154531478882,3501000
2000-01-05,8.395833015441895,8.604166984558105,8.291666984558105,8.447916984558105,3.854933261871338,4150800
2000-01-06,8.34375,8.666666984558105,8.3125,8.494791984558105,3.8763256072998047,4867200
2000-01-07,8.489583015441895,9.020833015441895,8.416666984558105,8.921875,4.071208953857422,4119600
2000-01-10,9.0,9.25,8.9375,9.125,4.1638994216918945,3739200
2000-01-11,9.03125,9.03125,8.53125,8.59375,3.921480894088745,4960200
2000-01-12,8.541666984558105,8.5625,8.354166984558105,8.354166984558105,3.812154531478882,6217200
2000-01-13,8.333333015441895,9.0625,8.333333015441895,9.052083015441895,4.1306257247924805,3813000
2000-01-14,9.083333015441895,9.270833015441895,8.916666984558105,9.09375,4.149639129638672,4094400
2000-01-18,8.96875,9.270833015441895,8.895833015441895,9.21875,4.2066779136657715,3724200
2000-01-19,9.25,9.25,8.59375,8.666666984558105,3.9547553062438965,2766600
2000-01-20,8.739583015441895,8.770833015441895,8.5,8.541666984558105,3.8977153301239014,4929600
2000-01-21,8.458333015441895,8.5,8.145833015441895,8.208333015441895,3.745607614517212,6145200
2000-01-24,8.197916984558105,8.291666984558105,8.166666984558105,8.177083015441895,3.731348752975464,4268400
2000-01-25,8.114583015441895,8.114583015441895,7.492187976837158,7.875,3.5935025215148926,9273600
2000-01-26,7.875,8.104166984558105,7.84375,7.9479169845581055,3.6267762184143066,3980400
2000-01-27,7.9583330154418945,8.125,7.8333330154418945,7.9270830154418945,3.6172685623168945,3172800
2000-01-28,7.8229169845581055,8.0,7.4375,7.4791669845581055,3.412876605987549,8240400
2000-01-31,7.5625,7.8541669845581055,7.53125,7.8072919845581055,3.562605142593384,5680200
2000-02-01,7.8489580154418945,7.8958330154418945,7.6614580154418945,7.75,3.5364630222320557,3029400
2000-02-02,7.8020830154418945,8.010416984558105,7.679687976837158,8.0,3.6726579666137695,4963800
2000-02-03,7.9583330154418945,8.260416984558105,7.84375,8.114583015441895,3.7252607345581055,4025400
2000-02-04,8.083333015441895,8.375,8.041666984558105,8.229166984558105,3.7778637409210205,3230400
2000-02-07,8.229166984558105,8.270833015441895,7.5,7.5625,3.471808433532715,4764000
2000-02-08,7.7708330154418945,7.7916669845581055,6.8333330154418945,7.2708330154418945,3.337909460067749,10329000
2000-02-09,7.25,7.2604169845581055,6.9166669845581055,7.09375,3.2566137313842773,18115200
2000-02-10,7.0208330154418945,7.0208330154418945,6.625,6.7083330154418945,3.0796751976013184,12369600
2000-02-11,6.71875,6.7291669845581055,6.4166669845581055,6.46875,2.969686985015869,11291400
2000-02-14,6.53125,6.7916669845581055,6.375,6.640625,3.048593521118164,8201400
2000-02-15,6.5,6.875,6.40625,6.7916669845581055,3.1179325580596924,6927600
2000-02-16,6.7291669845581055,6.75,6.5416669845581055,6.5729169845581055,3.0175085067749023,3496800
2000-02-17,6.6666669845581055,6.78125,6.5416669845581055,6.7604169845581055,3.1035869121551514,3594000
2000-02-18,6.8333330154418945,6.84375,6.1666669845581055,6.2291669845581055,2.8596982955932617,7429200
2000-02-22,6.1354169845581055,6.15625,5.7916669845581055,6.0729169845581055,2.7879679203033447,13113000
2000-02-23,6.0625,6.25,5.9583330154418945,6.0625,2.7831854820251465,6358200
2000-02-24,6.1458330154418945,6.375,6.0,6.3645830154418945,2.9218668937683105,6316200
2000-02-25,6.3541669845581055,6.8125,6.34375,6.4010419845581055,2.9386041164398193,5893800
2000-02-28,6.25,6.6354169845581055,6.03125,6.4479169845581055,2.9601237773895264,5395800
2000-02-29,6.4479169845581055,6.7291669845581055,6.3229169845581055,6.65625,3.055765151977539,4005600
2000-03-01,6.6875,6.90625,6.3125,6.7916669845581055,3.1179325580596924,4364400
2000-03-02,6.7291669845581055,7.0,6.6666669845581055,6.7604169845581055,3.1035869121551514,3369600
2000-03-03,6.9166669845581055,7.125,6.7708330154418945,6.875,3.1561899185180664,4482600
2000-03-06,6.8177080154418945,6.856770992279053,6.7083330154418945,6.7604169845581055,3.1035869121551514,3964200
2000-03-07,6.75,6.8020830154418945,6.6458330154418945,6.6666669845581055,3.0605475902557373,5258400
2000-03-08,6.75,6.75,6.328125,6.671875,3.0629379749298096,4948800
2000-03-09,6.640625,6.875,6.5625,6.8125,3.1274969577789307,5821200
2000-03-10,6.75,7.15625,6.71875,6.921875,3.1777091026306152,5112400
2000-03-13,6.6875,6.9375,6.40625,6.71875,3.084458112716675,4356400
2000-03-14,6.71875,7.03125,6.578125,6.59375,3.0270724296569824,3524800
2000-03-15,6.75,7.8125,6.4375,7.46875,3.428769588470459,8262800
2000-03-16,7.390625,9.46875,7.375,9.0625,4.160431861877441,18705600
2000-03-17,8.6875,8.9375,8.40625,8.53125,3.9165444374084473,8578000
2000-03-20,8.375,8.375,7.75,8.015625,3.6798298358917236,5011600
2000-03-21,8.0625,8.8125,8.0625,8.765625,4.024142265319824,5294800
2000-03-22,8.75,8.8125,8.46875,8.71875,4.002622604370117,5068800
2000-03-23,8.578125,8.921875,8.4375,8.765625,4.024142265319824,3037600
2000-03-24,8.875,9.21875,8.875,9.203125,4.224989891052246,5270000
2000-03-27,9.1875,9.28125,8.9375,9.109375,4.181951999664307,2640000
2000-03-28,9.09375,9.15625,8.90625,9.015625,4.138912200927734,2647200
2000-03-29,8.859375,9.0625,8.5625,8.703125,3.9954488277435303,3692800
2000-03-30,8.65625,9.203125,8.640625,9.015625,4.138912200927734,6695600
2000-03-31,9.0,9.90625,8.6875,9.796875,4.497570514678955,8286400
2000-04-03,9.59375,10.0,9.515625,9.765625,4.483224391937256,3914800
2000-04-04,9.75,10.3125,9.5625,10.09375,4.633861064910889,9172400
2000-04-05,9.921875,10.21875,9.453125,9.58203125,4.3989386558532715,2754400
2000-04-06,9.578125,9.609375,9.234375,9.40625,4.318241596221924,2905200
2000-04-07,9.34375,9.734375,9.234375,9.734375,4.46887731552124,2266000
2000-04-10,9.828125,9.828125,9.28125,9.28125,4.260855674743652,2809200
2000-04-11,9.25,9.734375,9.125,9.4375,4.332587718963623,3704000
2000-04-12,9.3125,9.609375,9.25,9.46875,4.346933841705322,4576400
2000-04-13,9.5,9.609375,9.0625,9.5625,4.38997220993042,4530800
2000-04-14,9.453125,9.53125,8.359375,8.4375,3.873505115509033,5859200
2000-04-17,8.25,10.0,8.25,9.96875,4.576475620269775,6509200
2000-04-18,9.75,9.84375,9.359375,9.40625,4.318241596221924,6289600
2000-04-19,9.34375,9.359375,8.875,9.0625,4.160431861877441,3491200
2000-04-20,9.078125,9.546875,9.078125,9.46875,4.346933841705322,3586000
2000-04-24,9.3125,9.828125,9.25,9.71875,4.461704254150391,3577200
2000-04-25,9.65625,10.65625,9.65625,10.53125,4.834708213806152,6037600
2000-04-26,10.515625,10.515625,9.25,9.40625,4.318241596221924,4674400
2000-04-27,9.265625,10.25,9.1875,10.0,4.5908203125,4201600
2000-04-28,9.890625,9.96875,9.375,9.90625,4.547783374786377,3382800
2000-05-01,9.90625,10.03125,9.59375,9.9375,4.562129497528076,2442800
2000-05-02,9.773438453674316,9.9375,9.3125,9.359375,4.296721458435059,3337600
2000-05-03,9.3125,9.375,8.890625,9.265625,4.253683090209961,2998800
2000-05-04,9.375,9.5625,9.1875,9.53125,4.375626087188721,3030800
2000-05-05,9.515625,10.0,9.375,9.859375,4.526263236999512,2521600
2000-05-08,9.71875,10.109375,9.359375,9.6875,4.447358131408691,3193200
2000-05-09,9.8125,10.109375,9.375,9.9375,4.562129497528076,2458800
2000-05-10,9.796875,10.32421875,9.75,9.828125,4.511917591094971,3200400
2000-05-11,9.875,10.015625,9.609375,9.921875,4.554957389831543,3465200
2000-05-12,9.921875,10.046875,9.765625,10.015625,4.597995281219482,2134800
2000-05-15,9.90625,10.4375,9.90625,10.28125,4.719938278198242,2854000
2000-05-16,10.375,11.21875,10.3125,11.21875,5.150328636169434,5642800
2000-05-17,10.984375,11.03125,10.484375,10.53125,4.834708213806152,2652800
2000-05-18,10.5625,10.75,10.03125,10.0625,4.619513988494873,1650800
2000-05-19,9.796875,10.46875,9.796875,10.109375,4.641032695770264,2366400
2000-05-22,10.125,10.484375,9.796875,10.328125,4.741458415985107,2628000
2000-05-23,10.4375,10.75,9.8125,9.828125,4.511917591094971,2137600
2000-05-24,9.84375,11.0625,9.6875,10.65625,4.892094612121582,5036400
2000-05-25,10.53125,10.84375,10.09375,10.1875,4.676900386810303,2892800
2000-05-26,10.40625,10.6875,9.953125,10.5,4.820361614227295,2570400
2000-05-30,10.5625,11.296875,10.546875,11.296875,5.186192035675049,4314800
2000-05-31,10.921875,11.84375,10.90625,11.0,5.049903869628906,5402400
2000-06-01,11.03125,11.8125,10.90625,11.71875,5.379868984222412,3586000
2000-06-02,11.828125,12.125,11.8125,12.03125,5.523331165313721,7683200
2000-06-05,12.03125,12.21875,11.265625,11.703125,5.372695446014404,3831600
2000-06-06,11.625,11.671875,11.28125,11.34375,5.207711696624756,2491200
2000-06-07,11.359375,11.40625,10.9375,11.203125,5.143155097961426,3179200
2000-06-08,11.195313453674316,11.234375,10.203125,10.25,4.705593109130859,4211200
2000-06-09,10.398438453674316,10.75,10.25,10.625,4.877747058868408,2695200
2000-06-12,10.78125,10.84375,10.203125,10.28125,4.719938278198242,1996800
2000-06-13,10.132813453674316,10.625,10.0,10.5,4.820361614227295,3285200
2000-06-14,10.59375,10.90625,10.03125,10.125,4.6482062339782715,4730400
2000-06-15,10.1875,10.265625,9.875,10.171875,4.669727802276611,4887600
2000-06-16,10.625,10.890625,10.28125,10.453125,4.79884147644043,5295600
2000-06-19,10.257813453674316,11.046875,10.125,10.734375,4.927960395812988,1997600
2000-06-20,10.6875,10.875,10.296875,10.8125,4.96382474899292,2171600
2000-06-21,10.757813453674316,10.8125,10.46875,10.578125,4.856226921081543,2099600
2000-06-22,10.578125,10.578125,10.0,10.03125,4.605167388916016,2471200
2000-06-23,10.0,10.046875,9.65625,9.84375,4.519089698791504,3582400
2000-06-26,9.84375,10.140625,9.78125,10.0625,4.619513988494873,2576800
2000-06-27,10.054688453674316,10.1875,9.53125,9.5625,4.38997220993042,3420800
2000-06-28,9.78125,9.875,9.453125,9.734375,4.46887731552124,3270000
2000-06-29,9.734375,9.84375,9.390625,9.546875,4.382798671722412,2136400
2000-06-30,9.546875,9.984375,9.0,9.171875,4.210642337799072,4956800
2000-07-03,9.34375,10.453125,9.34375,10.109375,4.641032695770264,2620000
2000-07-05,10.078125,10.6875,9.96875,10.296875,4.727111339569092,4330000
2000-07-06,10.390625,11.109375,10.382813453674316,10.953125,5.028384208679199,4543200
2000-07-07,11.0,11.984375,11.0,11.46875,5.2650980949401855,4994400
2000-07-10,11.4375,12.03125,11.40625,11.765625,5.401388168334961,8172400
2000-07-11,11.65625,11.671875,11.234375,11.3125,5.193365097045898,7014400
2000-07-12,11.234375,11.8125,11.1875,11.8125,5.422906875610352,3474400
2000-07-13,11.78125,11.890625,11.53125,11.609375,5.329657554626465,2451600
2000-07-14,11.65625,11.921875,11.625,11.796875,5.415733337402344,2396800
2000-07-17,11.828125,11.90625,11.61328125,11.859375,5.444425582885742,2202400
2000-07-18,11.875,11.875,11.6875,11.703125,5.372695446014404,2470400
2000-07-19,11.6875,11.75,11.640625,11.6875,5.365522861480713,5488000
2000-07-20,11.640625,11.875,11.640625,11.859375,5.444425582885742,3990000
2000-07-21,11.859375,11.96875,11.28125,11.3125,5.193365097045898,2555600
2000-07-24,10.171875,11.0,10.125,10.625,4.877747058868408,9500800
2000-07-25,10.5625,10.796875,10.5,10.78125,4.949479103088379,4096400
2000-07-26,10.640625,10.65625,10.34375,10.453125,4.79884147644043,3971600
2000-07-27,10.46875,10.539063453674316,10.03125,10.421875,4.784496307373047,4231600
2000-07-28,10.40625,10.4375,9.875,10.125,4.6482062339782715,3112000
2000-07-31,10.15625,10.59375,10.0,10.546875,4.841882228851318,2714400
2000-08-01,10.546875,10.546875,10.31640625,10.390625,4.770151138305664,2423200
2000-08-02,10.390625,11.203125,10.390625,10.953125,5.028384208679199,3178000
2000-08-03,10.796875,11.109375,10.515625,11.0,5.049903869628906,2962800
2000-08-04,11.109375,11.1875,10.578125,10.625,4.877747058868408,2364000
2000-08-07,10.703125,10.90625,10.5,10.796875,4.956653118133545,2136800
2000-08-08,10.921875,10.9375,10.65625,10.703125,4.913613796234131,1687200
2000-08-09,10.773438453674316,10.78125,10.203125,10.453125,4.79884147644043,1634400
2000-08-10,10.4375,10.65234375,10.34375,10.34375,4.748631954193115,1520400
2000-08-11,10.34375,10.765625,10.22265625,10.53125,4.834708213806152,1839600
2000-08-14,10.46875,10.765625,10.359375,10.75,4.935133457183838,1349200
2000-08-15,10.78125,11.109375,10.453125,11.078125,5.0857696533203125,2120000
2000-08-16,11.109375,11.25,10.34375,10.421875,4.784496307373047,2158800
2000-08-17,10.421875,11.15625,10.375,11.03125,5.064250469207764,2628400
2000-08-18,10.875,11.03125,10.453125,10.5625,4.84905481338501,2133200
2000-08-21,10.578125,10.640625,10.15625,10.421875,4.784496307373047,3148400
2000-08-22,10.390625,10.78125,10.390625,10.47265625,4.807810306549072,1284000
2000-08-23,10.421875,10.53125,10.171875,10.390625,4.770151138305664,1730400
2000-08-24,10.296875,10.5625,10.1875,10.546875,4.841882228851318,1504400
2000-08-25,10.5625,10.75,10.53125,10.65625,4.892094612121582,1115600
2000-08-28,10.6875,10.765625,10.40625,10.44140625,4.793464660644531,1870400
2000-08-29,10.375,10.390625,10.078125,10.25,4.705593109130859,3161200
2000-08-30,10.25,10.421875,10.1875,10.40625,4.777323246002197,2062000
2000-08-31,10.273438453674316,10.453125,10.140625,10.390625,4.770151138305664,1966400
2000-09-01,10.484375,10.5625,10.359375,10.515625,4.8275346755981445,2630800
2000-09-05,10.5,10.65625,10.484375,10.5,4.820361614227295,2933200
2000-09-06,10.484375,10.6875,10.421875,10.609375,4.870574951171875,4481600
2000-09-07,10.640625,10.8125,10.578125,10.765625,4.942304611206055,2141200
2000-09-08,10.625,11.25,10.625,10.984375,5.04272985458374,4178800
2000-09-11,10.890625,11.03125,10.59375,10.640625,4.884922504425049,2039200
2000-09-12,10.65625,11.05078125,10.53125,10.546875,4.841882228851318,1693200
2000-09-13,10.640625,11.421875,10.640625,10.75,4.935133457183838,3581200
2000-09-14,10.65625,10.953125,10.25,10.59375,4.863400936126709,3364000
2000-09-15,10.546875,11.28125,10.3125,10.3125,4.734284400939941,7307600
2000-09-18,10.46875,10.46875,10.0,10.0625,4.619513988494873,2333600
2000-09-19,10.101563453674316,10.109375,9.78125,9.984375,4.583649158477783,3906800
2000-09-20,9.921875,10.015625,9.625,9.953125,4.569302082061768,5158000
2000-09-21,10.0,10.25,9.90625,10.125,4.6482062339782715,3612800
2000-09-22,9.984375,10.3125,9.71875,10.203125,4.684070587158203,1582400
2000-09-25,10.34375,10.359375,9.90625,10.03125,4.605167388916016,2954000
2000-09-26,9.953125,10.09375,9.8125,9.9375,4.562129497528076,4235200
2000-09-27,9.9375,10.203125,9.875,9.96875,4.576475620269775,2938000
2000-09-28,10.0,11.03125,9.984375,10.9375,5.021210670471191,5824800
2000-09-29,10.9375,11.265625,10.625,10.890625,4.999691963195801,5246800
2000-10-02,10.90625,10.9375,10.4375,10.625,4.877747058868408,2956000
2000-10-03,10.796875,10.828125,10.25,10.265625,4.712765693664551,4253200
2000-10-04,10.335938453674316,10.671875,10.28125,10.59375,4.863400936126709,3096800
2000-10-05,10.59375,10.859375,10.453125,10.71875,4.9207868576049805,3776000
2000-10-06,10.71875,10.84375,10.359375,10.5,4.820361614227295,1932000
2000-10-09,10.53125,10.875,10.34375,10.390625,4.770151138305664,2186400
2000-10-10,10.46875,10.84375,10.46875,10.59375,4.863400936126709,2224400
2000-10-11,10.390625,10.9375,10.375,10.65625,4.892094612121582,3280000
2000-10-12,10.40625,10.859375,10.296875,10.296875,4.727111339569092,3636800
2000-10-13,10.265625,10.71875,10.21875,10.65625,4.892094612121582,2840000
2000-10-16,10.421875,10.90625,10.21875,10.6875,4.906439781188965,2986800
2000-10-17,10.97265625,11.015625,10.25,10.5,4.820361614227295,3903200
2000-10-18,10.375,10.640625,10.15625,10.46875,4.806015968322754,4826000
2000-10-19,10.625,10.90625,10.28125,10.859375,4.985345363616943,3476000
2000-10-20,10.90625,10.90625,10.484375,10.609375,4.870574951171875,1974000
2000-10-23,10.578125,10.609375,10.3125,10.390625,4.770151138305664,2301200
2000-10-24,10.625,10.84375,10.34375,10.375,4.7629780769348145,2277600
2000-10-25,10.5625,11.0,10.4375,10.546875,4.841882228851318,3196400
2000-10-26,10.5625,10.984375,10.375,10.65625,4.892094612121582,3688800
2000-10-27,10.70703125,10.96875,10.453125,10.828125,4.9709978103637695,4189200
2000-10-30,10.695313453674316,11.27734375,10.65625,11.242188453674316,5.1610870361328125,3282800
2000-10-31,11.265625,11.890625,11.0625,11.59375,5.322483062744141,5018800
2000-11-01,11.5,11.578125,11.25,11.359375,5.214885234832764,3775200
2000-11-02,11.5,11.84375,11.5,11.796875,5.415733337402344,4290000
2000-11-03,11.75,12.0625,11.5,11.625,5.336828708648682,3527600
2000-11-06,11.71875,12.09375,11.703125,11.953125,5.487467288970947,3996000
2000-11-07,12.0,12.265625,11.90625,12.09375,5.552024841308594,3449600
2000-11-08,12.171875,12.4375,12.15625,12.265625,5.630929470062256,4771200
2000-11-09,12.140625,12.328125,11.78125,12.171875,5.587890625,7045200
2000-11-10,12.1875,12.28125,11.828125,11.890625,5.458774089813232,4334800
2000-11-13,11.71875,12.125,11.5,11.75,5.394217491149902,3280400
2000-11-14,11.734375,11.96875,11.53125,11.734375,5.387040615081787,5044800
2000-11-15,11.765625,11.78125,11.453125,11.703125,5.372695446014404,5255600
2000-11-16,11.726563453674316,12.046875,11.65625,11.765625,5.401388168334961,5558800
2000-11-17,11.74609375,12.265625,11.5,12.078125,5.544853210449219,3102000
2000-11-20,12.046875,12.375,12.03125,12.125,5.566370964050293,1918000
2000-11-21,12.40625,12.453125,12.09375,12.40625,5.6954874992370605,3351600
2000-11-22,12.382813453674316,12.921875,12.3125,12.75,5.853297233581543,4622000
2000-11-24,12.82421875,12.96875,12.59375,12.90234375,5.923234939575195,2009600
2000-11-27,12.90625,13.1875,12.875,13.078125,6.003932952880859,4256400
2000-11-28,12.703125,12.984375,12.0,12.507813453674316,5.742112636566162,7880800
2000-11-29,12.640625,13.0625,12.375,13.01953125,5.977033615112305,4890000
2000-11-30,12.992188453674316,13.226563453674316,12.71875,12.734375,5.846124649047852,7381600
2000-12-01,12.835938453674316,12.84375,12.421875,12.46875,5.724180221557617,5257600
2000-12-04,11.828125,12.3125,11.6875,12.234375,5.616583824157715,9570000
2000-12-05,12.21875,12.59375,11.96875,12.484375,5.731353282928467,4894000
2000-12-06,12.539063453674316,12.5625,11.9375,12.015625,5.516159534454346,4462000
2000-12-07,11.914063453674316,12.125,11.6875,12.109375,5.559197425842285,4005200
2000-12-08,12.0625,12.125,11.703125,12.0,5.508986949920654,8131200
2000-12-11,11.875,11.90625,11.484375,11.625,5.336828708648682,9177200
2000-12-12,11.6875,11.6875,11.1875,11.28125,5.179020404815674,7291200
2000-12-13,11.359375,11.640625,11.21875,11.3125,5.193365097045898,6386800
2000-12-14,11.382813453674316,11.65625,11.265625,11.328125,5.200538635253906,4973600
2000-12-15,11.21875,12.125,11.21875,11.734375,5.387040615081787,14079200
2000-12-18,11.835938453674316,12.125,11.71875,11.84375,5.437253475189209,4844800
2000-12-19,11.757813453674316,12.5625,11.625,11.953125,5.487467288970947,8446400
2000-12-20,11.59375,11.96875,11.421875,11.65625,5.351174354553223,6250800
2000-12-21,12.0,12.765625,11.953125,12.59375,5.781565189361572,7620000
2000-12-22,12.625,13.0,12.546875,12.875,5.9106831550598145,7900800
2000-12-26,12.84375,13.5,12.84375,13.390625,6.147395610809326,5500400
2000-12-27,13.359375,13.5,13.203125,13.328125,6.118703842163086,3299200
2000-12-28,13.289063453674316,13.484375,13.125,13.234375,6.07566499710083,3502800
2000-12-29,13.171875,13.453125,13.15625,13.296875,6.1043572425842285,7339600
2001-01-02,13.3125,13.3125,12.4375,12.59375,5.781565189361572,6010800
2001-01-03,12.640625,12.96875,12.40625,12.515625,5.745700359344482,7164400
2001-01-04,12.390625,12.609375,12.25,12.4375,5.709834575653076,6445200
2001-01-05,12.40625,12.421875,11.875,11.890625,5.458774089813232,7430000
2001-01-08,11.921875,12.28125,11.75,12.0,5.508986949920654,4695600
2001-01-09,12.125,12.453125,11.8125,12.4375,5.709834575653076,4561600
2001-01-10,12.375,12.390625,11.75,12.125,5.566370964050293,4769600
2001-01-11,12.125,12.21875,11.359375,11.65625,5.351174354553223,5258400
2001-01-12,11.4375,11.4375,10.859375,11.109375,5.10011625289917,9131600
2001-01-16,11.15625,11.375,10.96875,11.25,5.164674758911133,3760800
2001-01-17,11.375,11.796875,11.21875,11.515625,5.286616802215576,6057600
2001-01-18,11.546875,11.5625,11.375,11.546875,5.300963878631592,4248000
2001-01-19,11.62109375,11.828125,11.234375,11.703125,5.372695446014404,4252000
2001-01-22,11.65625,11.90625,11.25,11.453125,5.2579240798950195,2438800
2001-01-23,11.453125,11.921875,11.34375,11.90625,5.465946197509766,2942400
2001-01-24,11.8125,11.828125,11.375,11.5625,5.308136940002441,3010400
2001-01-25,11.71875,12.296875,11.5625,11.921875,5.473121166229248,3244800
2001-01-26,12.078125,12.25,11.71875,12.125,5.566370964050293,2482000
2001-01-29,12.0625,12.40625,11.90625,12.375,5.681140899658203,2135200
2001-01-30,12.15625,12.25,11.71875,11.859375,5.444425582885742,3795200
2001-01-31,11.875,11.9375,11.46875,11.671875,5.383314609527588,4440000
2001-02-01,11.60546875,11.671875,11.140625,11.359375,5.239182949066162,5024400
2001-02-02,11.25390625,11.625,11.0,11.0,5.073432922363281,3400800
2001-02-05,11.15625,11.492188453674316,11.046875,11.375,5.246389865875244,2865600
2001-02-06,11.375,11.828125,11.359375,11.40625,5.260802745819092,3056800
2001-02-07,11.484375,11.8125,11.46875,11.6875,5.390522480010986,3660000
2001-02-08,11.859375,12.109375,11.6875,11.71875,5.404935836791992,2546400
2001-02-09,11.703125,12.234375,11.671875,11.96875,5.520238876342773,3747600
2001-02-12,11.984375,12.265625,11.828125,12.0,5.53465461730957,3200400
2001-02-13,12.0625,12.125,11.5,11.53125,5.318455219268799,3674000
2001-02-14,11.57421875,11.6875,11.25,11.640625,5.368902683258057,2878800
2001-02-15,11.796875,11.96875,11.375,11.53125,5.318455219268799,2647200
2001-02-16,11.3125,11.71875,11.1875,11.19921875,5.165316104888916,2580800
2001-02-20,11.34375,11.484375,11.21875,11.25,5.188737869262695,3516000
2001-02-21,11.359375,11.75,11.1875,11.28125,5.203150749206543,3408400
2001-02-22,11.46875,11.6875,11.09375,11.203125,5.167118549346924,5608000
2001-02-23,11.234375,11.265625,10.59375,10.84375,5.001367092132568,5352400
2001-02-26,10.9375,11.5,10.8125,11.484375,5.296835899353027,3845600
2001-02-27,11.4375,11.484375,10.5625,10.6875,4.929300308227539,6527600
2001-02-28,10.234375,10.28125,8.875,9.00390625,4.1527910232543945,176890800
2001-03-01,8.96875,9.734375,8.953125,9.28125,4.280708312988281,27146400
2001-03-02,9.296875,9.34765625,9.0625,9.171875,4.230261325836182,8685200
2001-03-05,9.0625,9.15625,8.84375,9.109375,4.201436519622803,6402800
2001-03-06,9.101563453674316,9.5625,9.0,9.375,4.323947429656982,6023200
2001-03-07,9.375,9.375,9.21875,9.3125,4.295121192932129,4234800
2001-03-08,9.41796875,9.5625,9.21875,9.265625,4.273501873016357,5498800
2001-03-09,9.1875,9.328125,8.98828125,9.25,4.266294956207275,5260800
2001-03-12,8.859375,9.21875,8.765625,8.90625,4.107749938964844,7537200
2001-03-13,9.015625,9.125,8.6875,8.765625,4.042891502380371,8406000
2001-03-14,8.640625,8.75,8.4375,8.5,3.9203786849975586,8034000
2001-03-15,8.804688453674316,9.15625,8.515625,8.90625,4.107749938964844,7234800
2001-03-16,8.828125,9.296875,8.796875,9.015625,4.158196926116943,11524400
2001-03-19,9.046875,9.6875,9.03125,9.515625,4.388807773590088,6458400
2001-03-20,9.53125,9.625,8.84375,8.84375,4.07892370223999,4032800
2001-03-21,8.859375,9.4375,8.765625,9.3125,4.295121192932129,7788400
2001-03-22,9.296875,9.65625,9.21875,9.640625,4.446459770202637,8017200
2001-03-23,9.796875,10.125,9.78125,9.90625,4.568973064422607,9745200
2001-03-26,10.037500381469727,10.25,9.925000190734863,9.9975004196167,4.611058712005615,10763600
2001-03-27,10.0625,10.0625,9.8125,9.912500381469727,4.571854591369629,4455200
2001-03-28,9.869999885559082,10.029999732971191,9.649999618530273,9.824999809265137,4.531497955322266,3652800
2001-03-29,9.779999732971191,9.9975004196167,9.510000228881836,9.6875,4.468079566955566,4102000
2001-03-30,9.765000343322754,9.949999809265137,9.619999885559082,9.854999542236328,4.545333385467529,4224800
2001-04-02,9.867500305175781,9.932499885559082,9.4350004196167,9.619999885559082,4.436947345733643,4640800
2001-04-03,9.604999542236328,9.607500076293945,9.125,9.137499809265137,4.214407444000244,4217200
2001-04-04,9.202500343322754,9.427499771118164,9.087499618530273,9.324999809265137,4.300886154174805,4948400
2001-04-05,9.354999542236328,9.602499961853027,9.170000076293945,9.600000381469727,4.427721977233887,4552000
2001-04-06,9.4399995803833,9.550000190734863,9.1274995803833,9.449999809265137,4.358540058135986,4981600
2001-04-09,9.449999809265137,9.649999618530273,9.369999885559082,9.46500015258789,4.365458011627197,3432400
2001-04-10,9.555000305175781,10.107500076293945,9.555000305175781,9.895000457763672,4.563783168792725,8245600
2001-04-11,9.850000381469727,10.052499771118164,9.664999961853027,10.050000190734863,4.635272979736328,5651600
2001-04-12,9.9350004196167,10.167499542236328,9.75,10.074999809265137,4.646803379058838,2774000
2001-04-16,10.0625,10.227499961853027,9.697500228881836,9.837499618530273,4.537261962890625,3465200
2001-04-17,9.75,10.162500381469727,9.697500228881836,10.145000457763672,4.679089069366455,4318400
2001-04-18,10.015000343322754,11.212499618530273,10.0,10.852499961853027,5.005402088165283,9768400
2001-04-19,10.762499809265137,10.805000305175781,10.552499771118164,10.704999923706055,4.937371730804443,7762400
2001-04-20,10.462499618530273,10.4975004196167,10.050000190734863,10.392499923706055,4.793241024017334,7388000
2001-04-23,10.422499656677246,10.567500114440918,10.287500381469727,10.4399995803833,4.815147876739502,4224400
2001-04-24,10.529999732971191,10.6875,10.22249984741211,10.307499885559082,4.754037857055664,3313600
2001-04-25,10.3100004196167,10.59000015258789,10.202500343322754,10.569999694824219,4.8751068115234375,3548000
2001-04-26,10.569999694824219,10.829999923706055,10.442500114440918,10.484999656677246,4.835904598236084,3106000
2001-04-27,10.654999732971191,10.8125,10.524999618530273,10.8100004196167,4.985802173614502,2694800
2001-04-30,10.845000267028809,11.15999984741211,10.8149995803833,10.952500343322754,5.0515241622924805,4436400
2001-05-01,11.024999618530273,11.75,10.932499885559082,11.640000343322754,5.3686137199401855,5264400
2001-05-02,11.702500343322754,11.975000381469727,11.699999809265137,11.890000343322754,5.483919620513916,8170800
2001-05-03,11.797499656677246,11.800000190734863,11.137499809265137,11.399999618530273,5.257920742034912,5782400
2001-05-04,11.074999809265137,11.164999961853027,10.837499618530273,11.137499809265137,5.136849403381348,5968800
2001-05-07,11.0625,11.274999618530273,10.925000190734863,10.994999885559082,5.071126937866211,4475600
2001-05-08,11.162500381469727,11.1875,10.6875,10.987500190734863,5.067666053771973,3560000
2001-05-09,10.984999656677246,11.197500228881836,10.805000305175781,10.947500228881836,5.049217700958252,2891200
2001-05-10,10.9399995803833,11.012499809265137,10.767499923706055,10.944999694824219,5.048065662384033,2811200
2001-05-11,10.960000038146973,11.142499923706055,10.744999885559082,10.7475004196167,4.956974506378174,2860000
2001-05-14,10.864999771118164,11.074999809265137,10.774999618530273,10.977499961853027,5.063055515289307,2048800
2001-05-15,10.9375,11.212499618530273,10.925000190734863,11.0,5.073432922363281,3048000
2001-05-16,10.9399995803833,11.625,10.864999771118164,11.609999656677246,5.354777812957764,3523600
2001-05-17,11.567500114440918,11.850000381469727,11.550000190734863,11.8149995803833,5.449329376220703,4370000
2001-05-18,11.779999732971191,11.822500228881836,11.647500038146973,11.762499809265137,5.425113677978516,2986000
2001-05-21,11.805000305175781,12.350000381469727,11.552499771118164,12.3125,5.678785800933838,4044800
2001-05-22,12.274999618530273,12.4375,12.167499542236328,12.257499694824219,5.653417110443115,3134800
2001-05-23,12.225000381469727,12.234999656677246,11.979999542236328,12.024999618530273,5.546184062957764,2443200
2001-05-24,12.024999618530273,12.350000381469727,11.90250015258789,12.282500267028809,5.664949417114258,2559600
2001-05-25,12.345000267028809,12.404999732971191,12.007499694824219,12.074999809265137,5.569244384765625,1948000
2001-05-29,11.890000343322754,12.175000190734863,11.8125,11.882499694824219,5.480460166931152,3851200
2001-05-30,11.765000343322754,11.837499618530273,11.667499542236328,11.744999885559082,5.417041778564453,5389600
2001-05-31,11.757499694824219,12.015000343322754,11.6274995803833,11.65999984741211,5.3778395652771,4441600
2001-06-01,11.675000190734863,11.899999618530273,11.482500076293945,11.875,5.476999759674072,4140000
2001-06-04,11.897500038146973,11.897500038146973,11.552499771118164,11.760000228881836,5.423961639404297,3200800
2001-06-05,11.774999618530273,12.039999961853027,11.672499656677246,12.007499694824219,5.538112163543701,2591200
2001-06-06,11.989999771118164,11.989999771118164,11.600000381469727,11.667499542236328,5.381298065185547,3190400
2001-06-07,11.675000190734863,11.84000015258789,11.600000381469727,11.760000228881836,5.423961639404297,2856400
2001-06-08,11.75,11.8125,11.2524995803833,11.470000267028809,5.290207862854004,4364400
2001-06-11,11.470000267028809,11.5625,11.3725004196167,11.399999618530273,5.257920742034912,1796400
2001-06-12,11.342499732971191,11.6875,11.274999618530273,11.632499694824219,5.36515474319458,2725600
2001-06-13,11.612500190734863,11.787500381469727,11.302499771118164,11.462499618530273,5.286746501922607,3175600
2001-06-14,11.352499961853027,11.6225004196167,11.212499618530273,11.22249984741211,5.176054000854492,3353600
2001-06-15,11.15999984741211,11.482500076293945,11.15250015258789,11.364999771118164,5.2417778968811035,6474000
2001-06-18,11.425000190734863,11.675000190734863,11.3125,11.385000228881836,5.251001834869385,3251200
2001-06-19,11.494999885559082,11.7475004196167,11.1875,11.260000228881836,5.193350315093994,3654000
2001-06-20,11.262499809265137,11.774999618530273,11.260000228881836,11.6899995803833,5.391672611236572,7565200
2001-06-21,11.630000114440918,12.0,11.59749984741211,11.890000343322754,5.483919620513916,9826000
2001-06-22,11.8149995803833,11.869999885559082,11.387499809265137,11.479999542236328,5.294817924499512,2936800
2001-06-25,11.5600004196167,11.612500190734863,11.300000190734863,11.512499809265137,5.309808731079102,3148800
2001-06-26,11.382499694824219,11.4375,11.225000381469727,11.3149995803833,5.218717575073242,4066400
2001-06-27,11.305000305175781,11.5,11.1875,11.4399995803833,5.276367664337158,5333200
2001-06-28,11.4975004196167,11.875,11.494999885559082,11.710000038146973,5.400898456573486,5923200
2001-06-29,11.707500457763672,11.862500190734863,11.337499618530273,11.5625,5.332868576049805,3532400
2001-07-02,11.672499656677246,11.772500038146973,11.475000381469727,11.5024995803833,5.305196285247803,2593200
2001-07-03,11.537500381469727,11.8725004196167,11.324999809265137,11.567500114440918,5.335176944732666,2226800
2001-07-05,11.4975004196167,11.792499542236328,11.484999656677246,11.555000305175781,5.329411029815674,2173200
2001-07-06,11.494999885559082,11.494999885559082,10.875,10.904999732971191,5.0296173095703125,5436800
2001-07-09,10.907500267028809,11.125,10.807499885559082,10.992500305175781,5.069973468780518,5353200
2001-07-10,11.25,11.899999618530273,11.237500190734863,11.782500267028809,5.434337615966797,14108400
2001-07-11,11.852499961853027,11.925000190734863,11.577500343322754,11.762499809265137,5.425113677978516,6416000
2001-07-12,11.782500267028809,12.15999984741211,11.699999809265137,12.104999542236328,5.583080768585205,4986800
2001-07-13,12.175000190734863,12.300000190734863,11.975000381469727,12.172499656677246,5.614213466644287,4630400
2001-07-16,12.149999618530273,12.432499885559082,12.140000343322754,12.202500343322754,5.628050327301025,2862000
2001-07-17,12.170000076293945,12.6875,12.072500228881836,12.505000114440918,5.767571449279785,5394000
2001-07-18,12.46500015258789,12.71500015258789,12.399999618530273,12.507499694824219,5.76872444152832,4419200
2001-07-19,12.59749984741211,13.149999618530273,12.595000267028809,12.739999771118164,5.87595796585083,6698800
2001-07-20,12.720000267028809,13.0625,12.649999618530273,12.857500076293945,5.930150032043457,5294800
2001-07-23,12.835000038146973,13.125,12.789999961853027,12.800000190734863,5.903629302978516,4426400
2001-07-24,12.8125,13.125,12.3774995803833,12.712499618530273,5.863272190093994,4476800
2001-07-25,12.512499809265137,13.1225004196167,12.512499809265137,12.914999961853027,5.956670761108398,4073600
2001-07-26,12.6875,13.125,12.649999618530273,13.104999542236328,6.044302463531494,4429600
2001-07-27,13.0024995803833,13.087499618530273,12.805000305175781,12.9350004196167,5.965895652770996,2882000
2001-07-30,12.925000190734863,12.984999656677246,12.4375,12.6225004196167,5.821763038635254,3528800
2001-07-31,12.487500190734863,12.635000228881836,12.387499809265137,12.542499542236328,5.784865856170654,3894800
2001-08-01,12.489999771118164,12.645000457763672,12.329999923706055,12.612500190734863,5.8171515464782715,3418000
2001-08-02,12.614999771118164,12.795000076293945,12.399999618530273,12.65250015258789,5.835601806640625,2114400
2001-08-03,12.75,12.862500190734863,12.4375,12.492500305175781,5.761804580688477,2787200
2001-08-06,12.4399995803833,12.512499809265137,12.287500381469727,12.3125,5.678785800933838,2612000
2001-08-07,12.337499618530273,12.4350004196167,12.204999923706055,12.289999961853027,5.668407440185547,2573200
2001-08-08,12.202500343322754,12.399999618530273,11.8125,11.837499618530273,5.459705829620361,4579600
2001-08-09,11.9350004196167,12.0,11.729999542236328,11.862500190734863,5.471236228942871,3258000
2001-08-10,11.925000190734863,12.042499542236328,11.654999732971191,11.899999618530273,5.488531112670898,3515200
2001-08-13,11.9375,12.037500381469727,11.772500038146973,12.037500381469727,5.551950454711914,2526400
2001-08-14,12.022500038146973,12.199999809265137,11.899999618530273,11.930000305175781,5.5023674964904785,4046000
2001-08-15,11.887499809265137,12.050000190734863,11.662500381469727,11.6850004196167,5.389369487762451,4526000
2001-08-16,11.6274995803833,11.837499618530273,11.539999961853027,11.800000190734863,5.442408084869385,5246800
2001-08-17,11.5625,11.607500076293945,11.40250015258789,11.40250015258789,5.259073734283447,3807600
2001-08-20,11.487500190734863,11.962499618530273,11.427499771118164,11.942500114440918,5.508133888244629,4202800
2001-08-21,11.9375,12.300000190734863,11.725000381469727,12.114999771118164,5.5876946449279785,6212400
2001-08-22,12.09000015258789,12.25,11.907500267028809,12.25,5.649958610534668,4431200
2001-08-23,12.137499809265137,12.329999923706055,11.887499809265137,11.917499542236328,5.496602535247803,2788000
2001-08-24,11.987500190734863,12.27750015258789,11.875,12.177499771118164,5.616518974304199,3532400
2001-08-27,12.2475004196167,12.307499885559082,12.1225004196167,12.164999961853027,5.610754489898682,2889200
2001-08-28,12.270000457763672,12.272500038146973,11.672499656677246,11.7475004196167,5.41819429397583,4767600
2001-08-29,11.75,11.850000381469727,11.425000190734863,11.492500305175781,5.30058479309082,3297600
2001-08-30,11.507499694824219,11.772500038146973,11.475000381469727,11.739999771118164,5.414736747741699,3744400
2001-08-31,11.637499809265137,11.9375,11.550000190734863,11.640000343322754,5.3686137199401855,2926000
2001-09-04,11.604999542236328,12.137499809265137,11.550000190734863,11.614999771118164,5.357084274291992,4377200
2001-09-05,11.710000038146973,11.77750015258789,11.385000228881836,11.5625,5.332868576049805,4882400
2001-09-06,11.4975004196167,11.795000076293945,11.327500343322754,11.375,5.246389865875244,4166000
2001-09-07,11.350000381469727,11.517499923706055,10.949999809265137,11.359999656677246,5.23947286605835,8034400
2001-09-10,11.337499618530273,11.359999656677246,10.987500190734863,11.1850004196167,5.158757209777832,8888000
2001-09-17,10.949999809265137,11.199999809265137,10.262499809265137,10.265000343322754,4.734436988830566,8244000
2001-09-18,10.287500381469727,10.375,10.050000190734863,10.295000076293945,4.7482709884643555,7536400
2001-09-19,10.25,10.550000190734863,9.375,10.0,4.612210750579834,14262400
2001-09-20,9.922499656677246,10.199999809265137,9.654999732971191,9.712499618530273,4.479610443115234,7768800
2001-09-21,9.5,10.15999984741211,9.3125,9.479999542236328,4.37237548828125,10326400
2001-09-24,9.760000228881836,10.117500305175781,9.760000228881836,9.975000381469727,4.600680828094482,4357200
2001-09-25,9.829999923706055,10.175000190734863,9.632499694824219,9.852499961853027,4.5441813468933105,4102000
2001-09-26,9.979999542236328,10.022500038146973,9.625,9.832500457763672,4.534956932067871,4940800
2001-09-27,9.850000381469727,10.015000343322754,9.710000038146973,9.96500015258789,4.596068382263184,4956000
2001-09-28,10.100000381469727,10.237500190734863,9.97249984741211,10.074999809265137,4.646803379058838,6535600
2001-10-01,10.022500038146973,10.024999618530273,9.529999732971191,9.772500038146973,4.5072832107543945,5514000
2001-10-02,9.787500381469727,9.875,9.529999732971191,9.7475004196167,4.495753288269043,6307600
2001-10-03,9.600000381469727,10.359999656677246,9.467499732971191,10.147500038146973,4.680242538452148,11414800
2001-10-04,10.145000457763672,10.449999809265137,10.005000114440918,10.21500015258789,4.711374282836914,7250800
2001-10-05,10.085000038146973,10.274999618530273,9.795000076293945,9.9975004196167,4.611058712005615,5278000
2001-10-08,9.9350004196167,9.97249984741211,9.612500190734863,9.760000228881836,4.501516819000244,3701200
2001-10-09,9.757499694824219,9.770000457763672,9.5,9.612500190734863,4.433486461639404,3076000
2001-10-10,9.625,10.007499694824219,9.625,9.920000076293945,4.575314044952393,4971200
2001-10-11,10.010000228881836,10.329999923706055,10.0,10.327500343322754,4.763260841369629,6899600
2001-10-12,10.287500381469727,10.292499542236328,9.664999961853027,10.042499542236328,4.631812572479248,5139200
2001-10-15,10.029999732971191,10.387499809265137,9.984999656677246,10.345000267028809,4.771332263946533,3809200
2001-10-16,10.5,10.5625,10.354999542236328,10.46500015258789,4.826679229736328,2697200
2001-10-17,10.619999885559082,10.65999984741211,10.142499923706055,10.149999618530273,4.681394577026367,6537600
2001-10-18,10.135000228881836,10.324999809265137,9.949999809265137,10.227499961853027,4.717138767242432,2643200
2001-10-19,10.199999809265137,10.295000076293945,9.917499542236328,10.274999618530273,4.739047050476074,1899200
2001-10-22,10.1850004196167,10.5625,10.02750015258789,10.482500076293945,4.834749698638916,3135600
2001-10-23,10.59749984741211,10.720000267028809,10.22249984741211,10.3725004196167,4.784014701843262,2199200
2001-10-24,10.5,10.837499618530273,10.295000076293945,10.470000267028809,4.828985691070557,3103600
2001-10-25,10.380000114440918,10.875,10.15999984741211,10.837499618530273,4.998484134674072,3209600
2001-10-26,10.762499809265137,10.975000381469727,10.65250015258789,10.827500343322754,4.993871688842773,3150800
2001-10-29,10.71500015258789,10.77750015258789,10.302499771118164,10.322500228881836,4.760956287384033,3056400
2001-10-30,10.232500076293945,10.3125,9.987500190734863,10.104999542236328,4.66063928604126,2585200
2001-10-31,10.145000457763672,10.425000190734863,10.037500381469727,10.104999542236328,4.66063928604126,2995200
2001-11-01,10.079999923706055,10.25,9.90999984741211,10.09749984741211,4.657179832458496,5625200
2001-11-02,10.085000038146973,10.287500381469727,9.944999694824219,10.2475004196167,4.7263641357421875,2062800
2001-11-05,10.342499732971191,10.7475004196167,10.34000015258789,10.65999984741211,4.916616439819336,3130800
2001-11-06,10.4375,10.949999809265137,10.3125,10.925000190734863,5.038840293884277,3770800
2001-11-07,10.925000190734863,11.112500190734863,10.767499923706055,11.029999732971191,5.087269306182861,3963600
2001-11-08,11.0625,11.362500190734863,10.824999809265137,10.90999984741211,5.031922817230225,4785200
2001-11-09,10.914999961853027,11.217499732971191,10.702500343322754,11.015000343322754,5.08035135269165,2322800
2001-11-12,10.925000190734863,11.125,10.5024995803833,10.9399995803833,5.045758247375488,2871600
2001-11-13,11.125,11.477499961853027,11.012499809265137,11.427499771118164,5.270604610443115,3993200
2001-11-14,10.967499732971191,11.414999961853027,10.949999809265137,11.27750015258789,5.201422214508057,8367200
2001-11-15,11.25,11.487500190734863,11.192500114440918,11.322500228881836,5.222175598144531,2700000
2001-11-16,11.397500038146973,11.452500343322754,11.057499885559082,11.1875,5.159912109375,5384400
2001-11-19,11.225000381469727,11.287500381469727,10.975000381469727,11.149999618530273,5.1426167488098145,3049600
2001-11-20,11.125,11.125,10.694999694824219,10.699999809265137,4.935065746307373,3058800
2001-11-21,10.760000228881836,10.8125,10.619999885559082,10.729999542236328,4.948901653289795,2748000
2001-11-23,10.802499771118164,10.859999656677246,10.757499694824219,10.835000038146973,4.997331142425537,970000
2001-11-26,10.807499885559082,10.912500381469727,10.720000267028809,10.880000114440918,5.0180864334106445,3296400
2001-11-27,10.859999656677246,10.96500015258789,10.762499809265137,10.807499885559082,4.98464822769165,4845200
2001-11-28,10.779999732971191,10.789999961853027,10.462499618530273,10.515000343322754,4.849740505218506,3590800
2001-11-29,10.432499885559082,10.869999885559082,10.395000457763672,10.824999809265137,4.99271821975708,3612800
2001-11-30,10.829999923706055,10.857500076293945,10.592499732971191,10.6850004196167,4.928149223327637,2348000
2001-12-03,10.699999809265137,10.75,10.239999771118164,10.4399995803833,4.815147876739502,3063600
2001-12-04,10.414999961853027,10.75,10.362500190734863,10.732500076293945,4.950055122375488,2133600
2001-12-05,10.787500381469727,11.5,10.7524995803833,11.40250015258789,5.259073734283447,5332800
2001-12-06,11.425000190734863,11.850000381469727,11.34000015258789,11.675000190734863,5.384756565093994,7229600
2001-12-07,11.737500190734863,11.802499771118164,11.4375,11.640000343322754,5.3686137199401855,2548400
2001-12-10,11.617500305175781,11.897500038146973,11.380000114440918,11.432499885559082,5.2729105949401855,3091600
2001-12-11,11.422499656677246,12.147500038146973,11.364999771118164,11.857500076293945,5.468928337097168,4418800
2001-12-12,11.859999656677246,12.012499809265137,11.7475004196167,11.9399995803833,5.506979465484619,2813200
2001-12-13,11.9375,11.949999809265137,11.522500038146973,11.612500190734863,5.355929374694824,2081600
2001-12-14,11.5649995803833,11.875,11.462499618530273,11.727499961853027,5.408970832824707,2319200
2001-12-17,11.702500343322754,12.109999656677246,11.675000190734863,11.987500190734863,5.528889179229736,2889200
2001-12-18,12.012499809265137,12.5,12.012499809265137,12.475000381469727,5.753734588623047,4947600
2001-12-19,12.412500381469727,12.65250015258789,12.302499771118164,12.395000457763672,5.716836452484131,5544400
2001-12-20,12.305000305175781,12.354999542236328,11.989999771118164,12.100000381469727,5.580775260925293,3600400
2001-12-21,12.125,12.359999656677246,11.914999961853027,12.149999618530273,5.603835105895996,8190400
2001-12-24,12.114999771118164,12.262499809265137,12.074999809265137,12.175000190734863,5.615366458892822,1180800
2001-12-26,12.199999809265137,12.587499618530273,12.177499771118164,12.335000038146973,5.68916130065918,2826000
2001-12-27,12.387499809265137,12.399999618530273,12.175000190734863,12.287500381469727,5.667253494262695,3070800
2001-12-28,12.272500038146973,12.494999885559082,12.270000457763672,12.422499656677246,5.729518890380859,2818400
2001-12-31,12.40999984741211,12.412500381469727,11.987500190734863,12.0,5.53465461730957,2887600
2002-01-02,12.114999771118164,12.242500305175781,11.772500038146973,12.149999618530273,5.603835105895996,3887200
2002-01-03,12.244999885559082,12.337499618530273,11.994999885559082,12.324999809265137,5.684548377990723,2285600
2002-01-04,12.305000305175781,12.397500038146973,12.007499694824219,12.329999923706055,5.686855792999268,1502400
2002-01-07,12.307499885559082,12.5,12.22249984741211,12.234999656677246,5.643040657043457,2756800
2002-01-08,12.3125,12.537500381469727,12.262499809265137,12.487500190734863,5.759498119354248,2806400
2002-01-09,12.572500228881836,12.805000305175781,12.225000381469727,12.3149995803833,5.679935932159424,3858800
2002-01-10,12.292499542236328,12.512499809265137,12.140000343322754,12.420000076293945,5.728366851806641,2653600
2002-01-11,12.462499618530273,12.522500038146973,12.147500038146973,12.2475004196167,5.648804187774658,2761200
2002-01-14,12.2475004196167,12.2475004196167,12.067500114440918,12.09000015258789,5.576163291931152,2533200
2002-01-15,12.1875,12.272500038146973,11.962499618530273,12.170000076293945,5.6130595207214355,2913200
2002-01-16,12.15999984741211,12.350000381469727,11.930000305175781,12.170000076293945,5.6130595207214355,3948000
2002-01-17,12.242500305175781,12.517499923706055,12.072500228881836,12.4375,5.736438274383545,4160800
2002-01-18,12.287500381469727,12.395000457763672,12.239999771118164,12.2475004196167,5.648804187774658,4328000
2002-01-22,12.375,12.422499656677246,12.125,12.125,5.592306137084961,3232800
2002-01-23,12.194999694824219,12.350000381469727,12.029999732971191,12.255000114440918,5.652266979217529,2679600
2002-01-24,12.282500267028809,12.545000076293945,12.157500267028809,12.53499984741211,5.781406879425049,4813600
2002-01-25,12.537500381469727,12.65999984741211,12.414999961853027,12.477499961853027,5.754887104034424,5699200
2002-01-28,12.507499694824219,12.574999809265137,12.34749984741211,12.475000381469727,5.753734588623047,2714400
2002-01-29,12.510000228881836,12.600000381469727,12.1850004196167,12.34000015258789,5.691469669342041,4029600
2002-01-30,12.3725004196167,12.619999885559082,12.237500190734863,12.427499771118164,5.731826305389404,5008400
2002-01-31,12.324999809265137,12.619999885559082,12.324999809265137,12.505000114440918,5.767571449279785,3547600
2002-02-01,12.5,12.52750015258789,12.274999618530273,12.47249984741211,5.752579212188721,3032400
2002-02-04,12.475000381469727,12.5600004196167,12.09000015258789,12.260000228881836,5.654570579528809,4289200
2002-02-05,12.262499809265137,12.600000381469727,12.25,12.470000267028809,5.751427173614502,2612000
2002-02-06,12.5,12.542499542236328,12.1850004196167,12.289999961853027,5.668407440185547,3192800
2002-02-07,12.300000190734863,12.5600004196167,12.239999771118164,12.289999961853027,5.668407440185547,3057200
2002-02-08,12.210000038146973,12.427499771118164,12.02750015258789,12.427499771118164,5.731826305389404,3548000
2002-02-11,12.385000228881836,12.524999618530273,12.319999694824219,12.5,5.765263557434082,1720800
2002-02-12,12.425000190734863,12.427499771118164,11.977499961853027,12.057499885559082,5.561174392700195,7475600
2002-02-13,12.0649995803833,12.1225004196167,11.692500114440918,12.047499656677246,5.585514545440674,5960800
2002-02-14,11.975000381469727,12.0,11.78499984741211,11.842499732971191,5.490470886230469,5240400
2002-02-15,11.8725004196167,11.875,11.5024995803833,11.577500343322754,5.367609977722168,5503200
2002-02-19,11.550000190734863,11.647500038146973,11.375,11.602499961853027,5.379200458526611,5128400
2002-02-20,11.645000457763672,11.767499923706055,11.3125,11.647500038146973,5.4000654220581055,3676000
2002-02-21,11.102499961853027,11.237500190734863,10.807499885559082,10.882499694824219,5.045391082763672,15160400
2002-02-22,10.925000190734863,11.237500190734863,10.854999542236328,11.117500305175781,5.154343128204346,10409200
2002-02-25,11.164999961853027,11.167499542236328,10.875,10.960000038146973,5.08132266998291,5654400
2002-02-26,10.942500114440918,11.0649995803833,10.824999809265137,11.0,5.0998663902282715,4221600
2002-02-27,11.032500267028809,11.1875,10.944999694824219,11.117500305175781,5.154343128204346,4856400
2002-02-28,11.104999542236328,11.3100004196167,11.0,11.072500228881836,5.133479595184326,4021600
2002-03-01,11.199999809265137,11.702500343322754,11.0625,11.649999618530273,5.401224136352539,4764000
2002-03-04,11.667499542236328,12.232500076293945,11.662500381469727,12.157500267028809,5.636512756347656,5648400
2002-03-05,12.137499809265137,12.262499809265137,11.885000228881836,11.96500015258789,5.547264575958252,4695200
2002-03-06,11.925000190734863,12.524999618530273,11.912500381469727,12.4375,5.766327857971191,4939200
2002-03-07,12.4399995803833,12.494999885559082,11.670000076293945,11.832500457763672,5.48583459854126,4476400
2002-03-08,12.194999694824219,12.375,12.052499771118164,12.199999809265137,5.656216621398926,4470000
2002-03-11,12.164999961853027,12.390000343322754,11.994999885559082,12.272500038146973,5.689827919006348,3672800
2002-03-12,12.1875,12.197500228881836,11.852499961853027,12.050000190734863,5.586672782897949,3522400
2002-03-13,11.975000381469727,12.0,11.625,11.662500381469727,5.40701961517334,4155200
2002-03-14,11.6850004196167,11.914999961853027,11.387499809265137,11.762499809265137,5.453380584716797,4474800
2002-03-15,11.8774995803833,12.3125,11.774999618530273,12.267499923706055,5.687510967254639,4752400
2002-03-18,12.202500343322754,12.447500228881836,12.074999809265137,12.297499656677246,5.701418876647949,4547200
2002-03-19,12.34749984741211,12.75,12.345000267028809,12.5625,5.824280261993408,6084800
2002-03-20,12.547499656677246,12.699999809265137,12.350000381469727,12.387499809265137,5.743145942687988,3358400
2002-03-21,12.337499618530273,12.350000381469727,12.15250015258789,12.287500381469727,5.696783542633057,2960000
2002-03-22,12.2524995803833,12.550000190734863,12.109999656677246,12.395000457763672,5.74662446975708,2427600
2002-03-25,12.392499923706055,12.395000457763672,12.0600004196167,12.079999923706055,5.600583553314209,2816400
2002-03-26,12.0649995803833,12.577500343322754,12.0600004196167,12.3725004196167,5.736192226409912,3027600
2002-03-27,12.3125,12.52750015258789,12.154999732971191,12.382499694824219,5.740828037261963,2994800
2002-03-28,12.390000343322754,12.532500267028809,12.172499656677246,12.46500015258789,5.779077529907227,2275600
2002-04-01,12.324999809265137,12.4975004196167,11.914999961853027,12.4375,5.766327857971191,3181200
2002-04-02,12.412500381469727,12.5,12.212499618530273,12.3149995803833,5.709532737731934,3168400
2002-04-03,12.399999618530273,12.487500190734863,12.087499618530273,12.227499961853027,5.668965816497803,3126800
2002-04-04,12.27750015258789,12.457500457763672,12.082500457763672,12.34000015258789,5.72112512588501,2973600
2002-04-05,12.317500114440918,12.462499618530273,12.082500457763672,12.234999656677246,5.672445297241211,2805200
2002-04-08,12.2475004196167,12.59749984741211,12.194999694824219,12.520000457763672,5.804576873779297,2998400
2002-04-09,12.52750015258789,12.6850004196167,12.262499809265137,12.300000190734863,5.702579498291016,3806400
2002-04-10,12.369999885559082,12.7475004196167,12.300000190734863,12.524999618530273,5.806896209716797,5217600
2002-04-11,12.4975004196167,12.612500190734863,12.2524995803833,12.337499618530273,5.71996545791626,3228400
2002-04-12,12.412500381469727,12.729999542236328,12.1875,12.5,5.795305252075195,2822800
2002-04-15,12.512499809265137,12.742500305175781,12.34000015258789,12.572500228881836,5.828916072845459,2684000
2002-04-16,12.640000343322754,12.962499618530273,12.59749984741211,12.84749984741211,5.9564127922058105,3368800
2002-04-17,12.859999656677246,13.0,12.755000114440918,12.835000038146973,5.950618267059326,3886800
2002-04-18,12.822500228881836,12.975000381469727,12.422499656677246,12.885000228881836,5.973801612854004,4960000
2002-04-19,12.842499732971191,13.024999618530273,12.819999694824219,12.927499771118164,5.993505001068115,3397200
2002-04-22,12.987500190734863,12.989999771118164,12.5625,12.850000381469727,5.9575724601745605,2964400
2002-04-23,12.8100004196167,12.960000038146973,12.664999961853027,12.787500381469727,5.928596496582031,3088400
2002-04-24,12.8774995803833,12.962499618530273,12.782500267028809,12.797499656677246,5.933231353759766,2451200
2002-04-25,12.824999809265137,13.0625,12.819999694824219,13.022500038146973,6.037548542022705,3165200
2002-04-26,13.050000190734863,13.0649995803833,12.592499732971191,12.617500305175781,5.849781036376953,3089200
2002-04-29,12.642499923706055,12.787500381469727,12.417499542236328,12.567500114440918,5.82659912109375,3130800
2002-04-30,12.637499809265137,13.0625,12.577500343322754,12.942500114440918,6.00045919418335,4678400
2002-05-01,13.03499984741211,13.045000076293945,12.477499961853027,12.927499771118164,5.993505001068115,5850800
2002-05-02,12.960000038146973,13.199999809265137,12.887499809265137,13.09000015258789,6.06884241104126,4196800
2002-05-03,13.125,13.142499923706055,12.734999656677246,12.949999809265137,6.00393533706665,5341200
2002-05-06,12.9399995803833,13.100000381469727,12.664999961853027,12.737500190734863,5.905414581298828,4134400
2002-05-07,12.875,13.449999809265137,12.8725004196167,13.3125,6.171999931335449,7786000
2002-05-08,13.3774995803833,13.8725004196167,13.332500457763672,13.755000114440918,6.3771538734436035,9863600
2002-05-09,13.7475004196167,13.962499618530273,13.6899995803833,13.77750015258789,6.387582302093506,5620800
2002-05-10,13.802499771118164,13.867500305175781,13.412500381469727,13.4350004196167,6.228792667388916,5253200
2002-05-13,13.477499961853027,13.802499771118164,13.399999618530273,13.707500457763672,6.355131149291992,5300000
2002-05-14,13.762499809265137,14.154999732971191,13.760000228881836,14.069999694824219,6.523193836212158,5096000
2002-05-15,14.032500267028809,14.0625,13.827500343322754,13.925000190734863,6.455968379974365,7640000
2002-05-16,13.925000190734863,13.925000190734863,13.6850004196167,13.792499542236328,6.394536018371582,5632800
2002-05-17,13.71500015258789,13.7475004196167,13.359999656677246,13.649999618530273,6.328472137451172,6134800
2002-05-20,13.625,13.712499618530273,13.297499656677246,13.484999656677246,6.2519755363464355,2463600
2002-05-21,13.537500381469727,13.797499656677246,13.392499923706055,13.449999809265137,6.235746383666992,5864000
2002-05-22,13.452500343322754,13.475000381469727,13.125,13.425000190734863,6.224155902862549,5436800
2002-05-23,13.46500015258789,13.729999542236328,13.177499771118164,13.582500457763672,6.297177314758301,6062800
2002-05-24,13.600000381469727,13.654999732971191,13.289999961853027,13.385000228881836,6.205612659454346,2171600
2002-05-28,13.492500305175781,13.577500343322754,13.175000190734863,13.449999809265137,6.235746383666992,4614800
2002-05-29,13.427499771118164,13.430000305175781,13.012499809265137,13.085000038146973,6.066524505615234,5042800
2002-05-30,13.067500114440918,13.337499618530273,12.832500457763672,12.90999984741211,5.985390663146973,6976400
2002-05-31,12.9975004196167,13.237500190734863,12.832500457763672,13.052499771118164,6.051456451416016,5092000
2002-06-03,13.114999771118164,13.114999771118164,12.662500381469727,12.710000038146973,5.892663955688477,4962800
2002-06-04,12.682499885559082,12.774999618530273,12.425000190734863,12.667499542236328,5.872960090637207,6612000
2002-06-05,12.742500305175781,13.0600004196167,12.702500343322754,12.897500038146973,5.979595184326172,5346800
2002-06-06,12.885000228881836,12.9350004196167,12.467499732971191,12.617500305175781,5.849781036376953,4062000
2002-06-07,12.547499656677246,12.800000190734863,12.547499656677246,12.59749984741211,5.8405070304870605,4774400
2002-06-10,12.654999732971191,12.787500381469727,12.567500114440918,12.65250015258789,5.8660078048706055,3683600
2002-06-11,12.75,12.8100004196167,12.265000343322754,12.342499732971191,5.722282886505127,4461200
2002-06-12,12.364999771118164,12.607500076293945,11.9375,12.452500343322754,5.773281574249268,6314000
2002-06-13,12.397500038146973,12.399999618530273,11.982500076293945,12.050000190734863,5.586672782897949,5527600
2002-06-14,12.079999923706055,12.3100004196167,11.579999923706055,12.132499694824219,5.624921798706055,7204000
2002-06-17,12.329999923706055,12.482500076293945,12.170000076293945,12.317500114440918,5.710691928863525,4136800
2002-06-18,12.085000038146973,12.22249984741211,11.975000381469727,12.0625,5.59246826171875,5693600
2002-06-19,12.100000381469727,12.175000190734863,11.822500228881836,11.890000343322754,5.5124945640563965,5451600
2002-06-20,11.90999984741211,12.237500190734863,11.739999771118164,11.779999732971191,5.461494445800781,4198800
2002-06-21,11.555000305175781,11.947500228881836,11.555000305175781,11.704999923706055,5.426723480224609,5863600
2002-06-24,11.787500381469727,12.262499809265137,11.78499984741211,12.020000457763672,5.572763442993164,5971600
2002-06-25,12.100000381469727,12.380000114440918,11.739999771118164,11.897500038146973,5.515970230102539,5922800
2002-06-26,11.807499885559082,11.975000381469727,11.547499656677246,11.864999771118164,5.50090217590332,7470800
2002-06-27,11.982500076293945,12.229999542236328,11.654999732971191,12.217499732971191,5.6643290519714355,6876800
2002-06-28,12.1875,12.517499923706055,12.170000076293945,12.357500076293945,5.729238510131836,6405200
2002-07-01,12.329999923706055,12.520000457763672,11.920000076293945,11.922499656677246,5.527560710906982,3904000
2002-07-02,11.927499771118164,12.272500038146973,11.824999809265137,11.862500190734863,5.499743938446045,5516800
2002-07-03,11.887499809265137,12.112500190734863,11.547499656677246,11.890000343322754,5.5124945640563965,5498400
2002-07-05,12.0625,12.449999809265137,11.925000190734863,12.4350004196167,5.765169620513916,3135200
2002-07-08,12.297499656677246,12.5,12.107500076293945,12.1875,5.650422096252441,5300400
2002-07-09,12.324999809265137,12.592499732971191,12.069999694824219,12.142499923706055,5.6295576095581055,6229200
2002-07-10,12.157500267028809,12.392499923706055,11.694999694824219,11.699999809265137,5.424404144287109,6252000
2002-07-11,11.702500343322754,12.024999618530273,10.960000038146973,11.595000267028809,5.375722885131836,14787200
2002-07-12,12.0,12.0,11.287500381469727,11.390000343322754,5.280681133270264,6735200
2002-07-15,11.297499656677246,11.767499923706055,11.037500381469727,11.707500457763672,5.427881240844727,8579200
2002-07-16,11.727499961853027,11.75,10.805000305175781,11.052499771118164,5.124207973480225,9184000
2002-07-17,11.295000076293945,11.40999984741211,10.960000038146973,11.287500381469727,5.233159065246582,7558400
2002-07-18,11.255000114440918,11.609999656677246,10.932499885559082,11.047499656677246,5.121891498565674,5828400
2002-07-19,10.984999656677246,11.029999732971191,10.645000457763672,10.742500305175781,4.980483531951904,6510400
2002-07-22,10.727499961853027,10.8125,10.267499923706055,10.412500381469727,4.827487945556641,7057200
2002-07-23,10.380000114440918,10.647500038146973,10.177499771118164,10.177499771118164,4.718536853790283,7566000
2002-07-24,10.164999961853027,10.5625,10.037500381469727,10.512499809265137,4.873851299285889,10320000
2002-07-25,10.425000190734863,10.619999885559082,10.069999694824219,10.404999732971191,4.824010848999023,7388800
2002-07-26,10.452500343322754,10.727499961853027,10.265000343322754,10.72249984741211,4.9712114334106445,4910800
2002-07-29,10.737500190734863,11.350000381469727,10.65999984741211,11.274999618530273,5.227363586425781,4464400
2002-07-30,11.192500114440918,11.25,10.8100004196167,11.020000457763672,5.109140396118164,5573200
2002-07-31,11.022500038146973,11.024999618530273,10.717499732971191,10.970000267028809,5.085958480834961,4051600
2002-08-01,10.954999923706055,10.9975004196167,10.579999923706055,10.71500015258789,4.9677348136901855,4139600
2002-08-02,10.712499618530273,10.760000228881836,10.270000457763672,10.425000190734863,4.833283424377441,4983600
2002-08-05,10.414999961853027,10.6274995803833,10.037500381469727,10.092499732971191,4.679128170013428,5583200
2002-08-06,10.119999885559082,10.692500114440918,10.0649995803833,10.462499618530273,4.850669860839844,6990800
2002-08-07,10.577500343322754,10.6875,10.0625,10.425000190734863,4.833283424377441,8967200
2002-08-08,10.447500228881836,10.925000190734863,10.202500343322754,10.854999542236328,5.032641410827637,6425200
2002-08-09,10.845000267028809,10.920000076293945,10.537500381469727,10.717499732971191,4.968893527984619,5302400
2002-08-12,10.619999885559082,10.7475004196167,10.404999732971191,10.667499542236328,4.945713520050049,5619200
2002-08-13,10.664999961853027,10.800000190734863,10.262499809265137,10.297499656677246,4.774172782897949,6670000
2002-08-14,10.322500228881836,11.25,10.182499885559082,11.234999656677246,5.208819389343262,8442000
2002-08-15,11.202500343322754,11.3774995803833,10.952500343322754,11.157500267028809,5.172889232635498,7607200
2002-08-16,11.102499961853027,11.267499923706055,10.850000381469727,11.1875,5.186796188354492,4913200
2002-08-19,11.125,11.522500038146973,11.104999542236328,11.489999771118164,5.3270440101623535,4320000
2002-08-20,11.395000457763672,11.517499923706055,11.125,11.40250015258789,5.2864766120910645,3768400
2002-08-21,11.489999771118164,11.712499618530273,11.3100004196167,11.510000228881836,5.336315155029297,4450000
2002-08-22,11.5,11.6875,11.225000381469727,11.625,5.389631271362305,4305600
2002-08-23,11.595000267028809,11.694999694824219,11.202500343322754,11.287500381469727,5.233159065246582,4060400
2002-08-26,11.34749984741211,11.607500076293945,11.137499809265137,11.585000038146973,5.371087074279785,4677600
2002-08-27,11.555000305175781,11.65999984741211,11.192500114440918,11.292499542236328,5.235476016998291,5358400
2002-08-28,11.292499542236328,11.3725004196167,10.772500038146973,10.864999771118164,5.037276744842529,4810400
2002-08-29,10.854999542236328,11.125,10.720000267028809,11.032500267028809,5.114935398101807,5526400
2002-08-30,10.9975004196167,11.297499656677246,10.899999618530273,11.0024995803833,5.10102653503418,3655200
2002-09-03,10.895000457763672,10.897500038146973,10.5,10.664999961853027,4.944552898406982,5757200
2002-09-04,10.732500076293945,10.922499656677246,10.612500190734863,10.859999656677246,5.034958362579346,4945200
2002-09-05,10.739999771118164,10.742500305175781,10.287500381469727,10.382499694824219,4.813579559326172,5620400
2002-09-06,10.452500343322754,10.925000190734863,10.375,10.739999771118164,4.979326248168945,4741200
2002-09-09,10.739999771118164,10.917499542236328,10.387499809265137,10.797499656677246,5.005983829498291,4300000
2002-09-10,10.789999961853027,10.9350004196167,10.670000076293945,10.907500267028809,5.056982040405273,4108800
2002-09-11,10.90999984741211,11.242500305175781,10.824999809265137,10.875,5.041914939880371,3672000
2002-09-12,10.84749984741211,10.852499961853027,10.542499542236328,10.607500076293945,4.917895793914795,3104400
2002-09-13,10.579999923706055,10.8100004196167,10.484999656677246,10.737500190734863,4.978165626525879,2858000
2002-09-16,10.725000381469727,10.75,10.3125,10.5,4.868053913116455,4658400
2002-09-17,10.510000228881836,10.742500305175781,10.302499771118164,10.342499732971191,4.795034885406494,4516000
2002-09-18,10.300000190734863,10.65250015258789,10.297499656677246,10.547499656677246,4.890078067779541,4042400
2002-09-19,10.257499694824219,10.457500457763672,10.0625,10.077500343322754,4.672173976898193,11106400
2002-09-20,10.175000190734863,10.447500228881836,10.050000190734863,10.40250015258789,4.82285213470459,7840800
2002-09-23,10.359999656677246,10.582500457763672,10.25,10.475000381469727,4.85646390914917,4445200
2002-09-24,10.467499732971191,10.524999618530273,10.145000457763672,10.300000190734863,4.775330543518066,8918000
2002-09-25,10.337499618530273,10.609999656677246,10.262499809265137,10.582500457763672,4.906304836273193,6118800
2002-09-26,10.585000038146973,11.015000343322754,10.582500457763672,10.96500015258789,5.083641052246094,6080000
2002-09-27,10.9350004196167,11.1899995803833,10.662500381469727,10.664999961853027,4.944552898406982,5930400
2002-09-30,10.662500381469727,10.704999923706055,10.337499618530273,10.479999542236328,4.858780860900879,6728400
2002-10-01,10.5,10.6875,10.274999618530273,10.677499771118164,4.9503493309021,6875600
2002-10-02,10.65999984741211,10.75,10.302499771118164,10.369999885559082,4.807784557342529,5151200
2002-10-03,10.375,10.667499542236328,10.272500038146973,10.442500114440918,4.841395854949951,5302400
2002-10-04,10.550000190734863,10.664999961853027,10.282500267028809,10.387499809265137,4.815896987915039,5784000
2002-10-07,10.392499923706055,10.600000381469727,10.255000114440918,10.34749984741211,4.797352313995361,5581200
2002-10-08,10.467499732971191,10.875,10.395000457763672,10.529999732971191,4.881964206695557,7370800
2002-10-09,10.492500305175781,10.5625,9.789999961853027,9.899999618530273,4.58988094329834,11576400
2002-10-10,9.90250015258789,10.579999923706055,9.787500381469727,10.47249984741211,4.855305194854736,7647200
2002-10-11,10.515000343322754,11.09749984741211,10.462499618530273,10.897500038146973,5.052346229553223,6061600
2002-10-14,10.892499923706055,11.125,10.77750015258789,11.100000381469727,5.146231174468994,4154400
2002-10-15,11.329999923706055,11.595000267028809,11.22249984741211,11.552499771118164,5.356019973754883,7300800
2002-10-16,11.452500343322754,11.792499542236328,11.292499542236328,11.427499771118164,5.298068523406982,4835600
2002-10-17,11.725000381469727,12.100000381469727,11.645000457763672,11.912500381469727,5.52292537689209,6916400
2002-10-18,11.75,12.137499809265137,11.744999885559082,12.037500381469727,5.580877780914307,5747600
2002-10-21,12.024999618530273,12.479999542236328,11.962499618530273,12.449999809265137,5.77212381362915,7463200
2002-10-22,12.367500305175781,12.387499809265137,12.125,12.364999771118164,5.73271369934082,6795600
2002-10-23,12.289999961853027,12.635000228881836,12.21500015258789,12.635000228881836,5.857893466949463,7032800
2002-10-24,12.574999809265137,12.587499618530273,12.079999923706055,12.1875,5.650422096252441,6328000
2002-10-25,12.162500381469727,12.550000190734863,12.1274995803833,12.537500381469727,5.81268835067749,5826800
2002-10-28,12.532500267028809,12.547499656677246,11.96500015258789,12.085000038146973,5.602901458740234,6349200
2002-10-29,12.107500076293945,12.3100004196167,11.725000381469727,11.987500190734863,5.557697296142578,8976400
2002-10-30,11.982500076293945,12.09749984741211,11.739999771118164,11.90250015258789,5.5182881355285645,7899200
2002-10-31,11.9975004196167,12.172499656677246,11.7475004196167,11.817500114440918,5.478879928588867,5968800
2002-11-01,11.762499809265137,12.194999694824219,11.475000381469727,12.074999809265137,5.598263740539551,6864000
2002-11-04,12.2475004196167,12.289999961853027,11.875,11.952500343322754,5.541468143463135,5146400
2002-11-05,11.885000228881836,12.182499885559082,11.882499694824219,12.182499885559082,5.648104190826416,3563200
2002-11-06,12.180000305175781,12.354999542236328,11.977499961853027,12.3125,5.708374977111816,5660400
2002-11-07,12.262499809265137,12.262499809265137,12.057499885559082,12.162500381469727,5.638830184936523,4953200
2002-11-08,12.125,12.454999923706055,11.977499961853027,12.012499809265137,5.5692877769470215,4696400
2002-11-11,12.012499809265137,12.087499618530273,11.625,11.654999732971191,5.403542518615723,3827600
2002-11-12,11.707500457763672,12.0,11.577500343322754,11.6850004196167,5.417450904846191,4512000
2002-11-13,11.647500038146973,11.984999656677246,11.487500190734863,11.8149995803833,5.477721214294434,6716000
2002-11-14,11.862500190734863,12.345000267028809,11.862500190734863,12.342499732971191,5.722282886505127,5240000
2002-11-15,12.359999656677246,12.387499809265137,12.047499656677246,12.317500114440918,5.710691928863525,4464800
2002-11-18,12.319999694824219,12.442500114440918,12.107500076293945,12.1274995803833,5.6226043701171875,3738000
2002-11-19,12.052499771118164,12.337499618530273,11.904999732971191,12.095000267028809,5.607536315917969,6840000
2002-11-20,12.107500076293945,12.449999809265137,12.005000114440918,12.332500457763672,5.717647552490234,5024000
2002-11-21,12.3725004196167,12.802499771118164,12.369999885559082,12.772500038146973,5.921642303466797,8061200
2002-11-22,12.645000457763672,12.835000038146973,12.59000015258789,12.795000076293945,5.932072162628174,5864400
2002-11-25,12.787500381469727,12.819999694824219,12.407500267028809,12.619999885559082,5.850937366485596,6373600
2002-11-26,12.609999656677246,12.612500190734863,12.212499618530273,12.244999885559082,5.677080154418945,5528800
2002-11-27,12.342499732971191,12.9375,12.34000015258789,12.887499809265137,5.9749579429626465,7349600
2002-11-29,12.907500267028809,12.90999984741211,12.482500076293945,12.617500305175781,5.849781036376953,2562000
2002-12-02,12.699999809265137,12.917499542236328,12.512499809265137,12.59749984741211,5.8405070304870605,5920000
2002-12-03,12.567500114440918,12.649999618530273,12.3149995803833,12.34000015258789,5.72112512588501,5312000
2002-12-04,12.335000038146973,12.734999656677246,12.317500114440918,12.654999732971191,5.867164134979248,5821200
2002-12-05,12.649999618530273,12.682499885559082,12.300000190734863,12.367500305175781,5.733875274658203,4702800
2002-12-06,12.322500228881836,12.449999809265137,12.0649995803833,12.425000190734863,5.760532855987549,5470000
2002-12-09,12.387499809265137,12.392499923706055,12.0,12.007499694824219,5.566969871520996,5240000
2002-12-10,12.020000457763672,12.295000076293945,11.9975004196167,12.202500343322754,5.657375812530518,4800400
2002-12-11,12.0649995803833,12.107500076293945,11.960000038146973,12.069999694824219,5.595945835113525,4432400
2002-12-12,12.102499961853027,12.175000190734863,11.8149995803833,11.912500381469727,5.52292537689209,5511600
2002-12-13,11.90250015258789,11.907500267028809,11.547499656677246,11.585000038146973,5.371087074279785,4865600
2002-12-16,11.59000015258789,11.927499771118164,11.5625,11.925000190734863,5.528719425201416,5010800
2002-12-17,11.850000381469727,11.890000343322754,11.557499885559082,11.630000114440918,5.391952037811279,5299600
2002-12-18,11.630000114440918,11.8149995803833,11.412500381469727,11.5,5.331680774688721,5654800
2002-12-19,11.199999809265137,12.15250015258789,11.137499809265137,11.510000228881836,5.336315155029297,10364400
2002-12-20,11.4975004196167,11.742500305175781,11.350000381469727,11.557499885559082,5.358336925506592,9941200
2002-12-23,11.602499961853027,11.97249984741211,11.510000228881836,11.755000114440918,5.449904441833496,3229200
2002-12-24,11.72249984741211,11.737500190734863,11.625,11.682499885559082,5.416289806365967,1637200
2002-12-26,11.677499771118164,12.045000076293945,11.630000114440918,11.672499656677246,5.411654949188232,2782000
2002-12-27,11.640000343322754,11.720000267028809,11.354999542236328,11.40999984741211,5.28995418548584,3041600
2002-12-30,11.412500381469727,11.600000381469727,11.274999618530273,11.550000190734863,5.354861259460449,4188000
2002-12-31,11.512499809265137,11.670000076293945,11.227499961853027,11.4375,5.302704334259033,5323200
2003-01-02,11.452500343322754,11.920000076293945,11.40250015258789,11.734999656677246,5.44063138961792,4822000
2003-01-03,11.72249984741211,11.789999961853027,11.582500457763672,11.770000457763672,5.4568586349487305,4558800
2003-01-06,11.795000076293945,12.1274995803833,11.789999961853027,12.0600004196167,5.591309547424316,4572000
2003-01-07,11.925000190734863,12.045000076293945,11.742500305175781,11.842499732971191,5.490470886230469,5070400
2003-01-08,11.837499618530273,11.84000015258789,11.430000305175781,11.4399995803833,5.303861618041992,4390800
2003-01-09,11.5,11.802499771118164,11.4975004196167,11.645000457763672,5.398906707763672,4118800
2003-01-10,11.515000343322754,11.795000076293945,11.444999694824219,11.692500114440918,5.420928001403809,4698000
2003-01-13,11.699999809265137,11.852499961853027,11.507499694824219,11.587499618530273,5.37224817276001,5576400
2003-01-14,11.607500076293945,11.734999656677246,11.522500038146973,11.65999984741211,5.405859470367432,4619600
2003-01-15,11.612500190734863,11.6899995803833,11.21500015258789,11.3125,5.244749546051025,6663200
2003-01-16,11.387499809265137,11.454999923706055,11.125,11.197500228881836,5.191433906555176,4558400
2003-01-17,11.15999984741211,11.25,10.800000190734863,10.8149995803833,5.014096260070801,6227200
2003-01-21,10.885000228881836,10.957500457763672,10.637499809265137,10.657500267028809,4.941075801849365,4654800
2003-01-22,10.662500381469727,10.989999771118164,10.532500267028809,10.642499923706055,4.934122562408447,7740400
2003-01-23,10.744999885559082,10.8125,10.604999542236328,10.677499771118164,4.9503493309021,6036000
2003-01-24,10.649999618530273,10.672499656677246,10.28499984741211,10.350000381469727,4.798511505126953,6176400
2003-01-27,10.274999618530273,10.6274995803833,10.2524995803833,10.422499656677246,4.832124710083008,5944400
2003-01-28,10.475000381469727,10.5625,10.342499732971191,10.430000305175781,4.835601806640625,5024800
2003-01-29,10.427499771118164,10.675000190734863,10.154999732971191,10.5625,4.897031307220459,5010800
2003-01-30,10.522500038146973,10.53499984741211,10.135000228881836,10.177499771118164,4.718536853790283,6537600
2003-01-31,10.164999961853027,10.520000457763672,10.09000015258789,10.324999809265137,4.78692102432251,5818000
2003-02-03,10.300000190734863,10.557499885559082,10.217499732971191,10.467499732971191,4.852987289428711,5269600
2003-02-04,10.3149995803833,10.390000343322754,10.194999694824219,10.302499771118164,4.776489734649658,5913200
2003-02-05,10.324999809265137,10.635000228881836,10.170000076293945,10.177499771118164,4.749655723571777,7254800
2003-02-06,10.037500381469727,10.260000228881836,9.907500267028809,10.010000228881836,4.671484470367432,8132400
2003-02-07,10.03499984741211,10.164999961853027,9.800000190734863,9.845000267028809,4.594483375549316,5202800
2003-02-10,9.9375,10.0649995803833,9.6899995803833,9.907500267028809,4.623651504516602,4532000
2003-02-11,10.017499923706055,10.210000038146973,9.757499694824219,9.914999961853027,4.627151012420654,4839200
2003-02-12,9.8774995803833,9.9350004196167,9.604999542236328,9.604999542236328,4.482479572296143,4494800
2003-02-13,9.614999771118164,9.819999694824219,9.53499984741211,9.6899995803833,4.522146224975586,6169200
2003-02-14,9.774999618530273,9.949999809265137,9.555000305175781,9.864999771118164,4.603816986083984,4545200
2003-02-18,8.967499732971191,9.225000381469727,8.630000114440918,8.772500038146973,4.093968391418457,27264800
2003-02-19,8.765000343322754,8.824999809265137,8.262499809265137,8.392499923706055,3.9166295528411865,12667200
2003-02-20,8.460000038146973,8.512499809265137,8.0024995803833,8.100000381469727,3.7801246643066406,12312400
2003-02-21,8.112500190734863,8.3774995803833,8.052499771118164,8.324999809265137,3.8851265907287598,9495600
2003-02-24,8.192500114440918,8.317500114440918,8.017499923706055,8.02750015258789,3.746289014816284,5268400
2003-02-25,7.965000152587891,8.0625,7.802499771118164,7.980000019073486,3.724121570587158,7613600
2003-02-26,8.0024995803833,8.082500457763672,7.710000038146973,7.724999904632568,3.6051182746887207,7384400
2003-02-27,7.690000057220459,8.279999732971191,7.650000095367432,8.15250015258789,3.80462384223938,10196400
2003-02-28,8.09749984741211,8.555000305175781,8.074999809265137,8.392499923706055,3.9166295528411865,9539600
2003-03-03,8.449999809265137,8.607500076293945,8.244999885559082,8.292499542236328,3.869959831237793,5024800
2003-03-04,8.329999923706055,8.34000015258789,8.0,8.0600004196167,3.761455774307251,4461200
2003-03-05,7.994999885559082,8.137499809265137,7.929999828338623,8.039999961853027,3.752122640609741,6085200
2003-03-06,7.949999809265137,8.010000228881836,7.769999980926514,7.974999904632568,3.721787929534912,5916800
2003-03-07,7.889999866485596,8.25,7.809999942779541,8.102499961853027,3.7812914848327637,6893600
2003-03-10,8.079999923706055,8.107500076293945,7.837500095367432,7.912499904632568,3.6926205158233643,4655200
2003-03-11,8.047499656677246,8.170000076293945,7.807499885559082,7.840000152587891,3.6587862968444824,4769200
2003-03-12,7.784999847412109,7.952499866485596,7.682499885559082,7.855000019073486,3.6657862663269043,6501600
2003-03-13,8.005000114440918,8.1899995803833,7.882500171661377,8.15999984741211,3.808123826980591,6567200
2003-03-14,8.239999771118164,8.420000076293945,8.162500381469727,8.28499984741211,3.866459608078003,5140800
2003-03-17,8.357500076293945,8.827500343322754,8.337499618530273,8.667499542236328,4.0449652671813965,7563600
2003-03-18,8.6850004196167,8.8100004196167,8.557499885559082,8.692500114440918,4.0566325187683105,5213200
2003-03-19,8.75,8.90999984741211,8.505000114440918,8.645000457763672,4.0344648361206055,6884800
2003-03-20,8.557499885559082,8.862500190734863,8.454999923706055,8.737500190734863,4.077632904052734,5275600
2003-03-21,8.925000190734863,9.050000190734863,8.662500381469727,9.0,4.200137615203857,5912000
2003-03-24,8.885000228881836,8.925000190734863,8.432499885559082,8.5649995803833,3.9971306324005127,4768000
2003-03-25,8.609999656677246,8.904999732971191,8.545000076293945,8.789999961853027,4.102134704589844,4151600
2003-03-26,8.772500038146973,8.904999732971191,8.672499656677246,8.782500267028809,4.098634243011475,3306800
2003-03-27,8.75,8.819999694824219,8.517499923706055,8.755000114440918,4.085799694061279,3137600
2003-03-28,8.642499923706055,8.667499542236328,8.470000267028809,8.539999961853027,3.985464096069336,3718400
2003-03-31,8.462499618530273,8.470000267028809,8.132499694824219,8.225000381469727,3.8384592533111572,5886800
2003-04-01,8.270000457763672,8.430000305175781,8.15999984741211,8.302499771118164,3.874626398086548,5242400
2003-04-02,8.382499694824219,8.732500076293945,8.342499732971191,8.625,4.0251312255859375,6921600
2003-04-03,8.710000038146973,8.779999732971191,8.582500457763672,8.654999732971191,4.039132118225098,3094000
2003-04-04,8.680000305175781,8.774999618530273,8.5,8.547499656677246,3.9889638423919678,2458000
2003-04-07,8.774999618530273,9.1850004196167,8.677499771118164,8.6875,4.054299831390381,6425600
2003-04-08,8.712499618530273,8.895000457763672,8.630000114440918,8.680000305175781,4.050799369812012,4284800
2003-04-09,8.8100004196167,8.862500190734863,8.487500190734863,8.505000114440918,3.969129800796509,4981200
2003-04-10,8.572500228881836,8.667499542236328,8.4975004196167,8.602499961853027,4.0146307945251465,3941200
2003-04-11,8.857500076293945,8.862500190734863,8.487500190734863,8.569999694824219,3.999464511871338,3695600
2003-04-14,8.579999923706055,8.885000228881836,8.574999809265137,8.8125,4.112634181976318,4497200
2003-04-15,8.797499656677246,9.017499923706055,8.707500457763672,8.987500190734863,4.1943039894104,4490000
2003-04-16,9.055000305175781,9.085000038146973,8.612500190734863,8.65999984741211,4.0414652824401855,5404800
2003-04-17,8.59000015258789,8.907500267028809,8.5649995803833,8.857500076293945,4.133635520935059,5912800
2003-04-21,8.947500228881836,8.962499618530273,8.630000114440918,8.737500190734863,4.077632904052734,3321600
2003-04-22,8.65250015258789,8.949999809265137,8.640000343322754,8.899999618530273,4.153469085693359,3424400
2003-04-23,8.890000343322754,9.03499984741211,8.797499656677246,9.029999732971191,4.214136600494385,3245200
2003-04-24,8.925000190734863,8.930000305175781,8.600000381469727,8.787500381469727,4.100968360900879,3837200
2003-04-25,8.875,8.875,8.522500038146973,8.59000015258789,4.008798599243164,4121600
2003-04-28,8.600000381469727,9.045000076293945,8.574999809265137,9.020000457763672,4.209472179412842,4153200
2003-04-29,9.045000076293945,9.050000190734863,8.8774995803833,8.9975004196167,4.198970794677734,4019200
2003-04-30,8.987500190734863,9.03499984741211,8.829999923706055,8.962499618530273,4.182636260986328,4123600
2003-05-01,8.837499618530273,8.949999809265137,8.6875,8.8125,4.112634181976318,3937600
2003-05-02,8.762499809265137,9.039999961853027,8.699999809265137,9.017499923706055,4.208304405212402,2925200
2003-05-05,9.03499984741211,9.0600004196167,8.875,8.920000076293945,4.1628031730651855,2661600
2003-05-06,8.960000038146973,9.204999923706055,8.885000228881836,9.104999542236328,4.249137878417969,4383200
2003-05-07,9.057499885559082,9.082500457763672,8.869999885559082,8.917499542236328,4.161635398864746,3103600
2003-05-08,8.882499694824219,8.90999984741211,8.692500114440918,8.72249984741211,4.070632457733154,4855200
2003-05-09,8.762499809265137,8.989999771118164,8.712499618530273,8.912500381469727,4.159304141998291,5249600
2003-05-12,8.897500038146973,9.069999694824219,8.647500038146973,9.045000076293945,4.221138000488281,5304000
2003-05-13,9.005000114440918,9.109999656677246,8.925000190734863,9.0625,4.229305267333984,4321200
2003-05-14,9.087499618530273,9.207500457763672,8.975000381469727,9.0600004196167,4.228138446807861,4162000
2003-05-15,9.057499885559082,9.279999732971191,9.057499885559082,9.234999656677246,4.309808254241943,5562000
2003-05-16,9.180000305175781,9.332500457763672,9.1225004196167,9.199999809265137,4.293473243713379,4916000
2003-05-19,9.154999732971191,9.197500228881836,8.822500228881836,8.827500343322754,4.119634628295898,4591600
2003-05-20,8.829999923706055,8.927499771118164,8.680000305175781,8.75,4.083466529846191,3030800
2003-05-21,8.762499809265137,8.880000114440918,8.75,8.8149995803833,4.113800525665283,2882000
2003-05-22,8.850000381469727,8.912500381469727,8.75,8.807499885559082,4.1103010177612305,3562800
2003-05-23,8.930000305175781,8.949999809265137,8.787500381469727,8.875,4.141801834106445,3828800
2003-05-27,8.819999694824219,9.27750015258789,8.75,9.22249984741211,4.303974628448486,6074400
2003-05-28,9.350000381469727,9.4375,9.130000114440918,9.317500114440918,4.34830904006958,4514800
2003-05-29,9.327500343322754,9.462499618530273,9.300000190734863,9.329999923706055,4.354142189025879,4113200
2003-05-30,9.305000305175781,9.367500305175781,9.125,9.255000114440918,4.319141864776611,4156000
2003-06-02,9.257499694824219,9.475000381469727,9.172499656677246,9.242500305175781,4.313308238983154,4084800
2003-06-03,9.2475004196167,9.3100004196167,9.119999885559082,9.25,4.316806793212891,3751200
2003-06-04,9.25,9.71500015258789,9.212499618530273,9.6850004196167,4.5198140144348145,4527600
2003-06-05,9.585000038146973,9.692500114440918,9.467499732971191,9.604999542236328,4.482479572296143,3923200
2003-06-06,9.6899995803833,9.704999923706055,9.272500038146973,9.302499771118164,4.341307640075684,4788400
2003-06-09,9.345000267028809,9.524999618530273,9.262499809265137,9.387499809265137,4.38097620010376,5520400
2003-06-10,9.520000457763672,9.607500076293945,9.382499694824219,9.582500457763672,4.471980094909668,3330800
2003-06-11,9.537500381469727,9.720000267028809,9.4375,9.680000305175781,4.517480850219727,3416000
2003-06-12,9.677499771118164,9.774999618530273,9.494999885559082,9.630000114440918,4.494146823883057,3170000
2003-06-13,9.632499694824219,9.699999809265137,9.4375,9.515000343322754,4.440479278564453,3338800
2003-06-16,9.524999618530273,9.912500381469727,9.482500076293945,9.895000457763672,4.6178178787231445,3888800
2003-06-17,9.880000114440918,9.895000457763672,9.677499771118164,9.819999694824219,4.582815170288086,3139200
2003-06-18,9.75,9.895000457763672,9.600000381469727,9.8149995803833,4.580483436584473,3438400
2003-06-19,9.712499618530273,9.800000190734863,9.545000076293945,9.574999809265137,4.468479156494141,4378000
2003-06-20,9.637499809265137,9.734999656677246,9.53499984741211,9.647500038146973,4.50231409072876,5020000
2003-06-23,9.604999542236328,9.657500267028809,9.34749984741211,9.512499809265137,4.43931245803833,3894000
2003-06-24,9.417499542236328,9.725000381469727,9.417499542236328,9.567500114440918,4.464980125427246,3867600
2003-06-25,9.515000343322754,9.53499984741211,9.072500228881836,9.114999771118164,4.253805637359619,8707600
2003-06-26,9.157500267028809,9.25,8.925000190734863,9.024999618530273,4.211803913116455,5789200
2003-06-27,9.037500381469727,9.037500381469727,8.800000190734863,8.854999542236328,4.132468223571777,4886000
2003-06-30,8.845000267028809,9.029999732971191,8.797499656677246,8.857500076293945,4.133635520935059,3677600
2003-07-01,8.782500267028809,9.100000381469727,8.675000190734863,9.005000114440918,4.202470779418945,4960400
2003-07-02,9.020000457763672,9.057499885559082,8.792499542236328,9.042499542236328,4.219971656799316,3494400
2003-07-03,9.015000343322754,9.107500076293945,8.842499732971191,8.875,4.141801834106445,2390400
2003-07-07,8.907500267028809,9.042499542236328,8.864999771118164,9.015000343322754,4.207137107849121,5269600
2003-07-08,8.962499618530273,9.387499809265137,8.952500343322754,9.345000267028809,4.361142635345459,6563600
2003-07-09,9.242500305175781,9.342499732971191,9.050000190734863,9.204999923706055,4.2958083152771,4824400
2003-07-10,9.125,9.125,8.637499809265137,8.827500343322754,4.119634628295898,7125600
2003-07-11,8.824999809265137,9.114999771118164,8.817500114440918,9.100000381469727,4.2468061447143555,4048400
2003-07-14,9.232500076293945,9.267499923706055,8.90250015258789,8.979999542236328,4.1908040046691895,4008800
2003-07-15,9.145000457763672,9.354999542236328,9.087499618530273,9.175000190734863,4.281806945800781,7296000
2003-07-16,9.420000076293945,9.737500190734863,9.385000228881836,9.72249984741211,4.537315845489502,11777600
2003-07-17,9.5625,9.712499618530273,9.387499809265137,9.47249984741211,4.420645713806152,8161600
2003-07-18,9.4975004196167,9.662500381469727,9.255000114440918,9.547499656677246,4.455645561218262,4069600
2003-07-21,9.487500190734863,9.524999618530273,9.177499771118164,9.367500305175781,4.371642112731934,4144800
2003-07-22,9.462499618530273,9.5625,9.182499885559082,9.447500228881836,4.408977508544922,4081200
2003-07-23,9.475000381469727,9.677499771118164,9.335000038146973,9.635000228881836,4.496480464935303,3566800
2003-07-24,9.737500190734863,9.975000381469727,9.725000381469727,9.744999885559082,4.547815322875977,7104000
2003-07-25,9.824999809265137,9.9375,9.675000190734863,9.854999542236328,4.599149703979492,4924400
2003-07-28,9.90999984741211,9.925000190734863,9.75,9.8725004196167,4.607317924499512,3763600
2003-07-29,9.880000114440918,9.897500038146973,9.417499542236328,9.822500228881836,4.583983898162842,5352400
2003-07-30,9.789999961853027,10.045000076293945,9.739999771118164,9.975000381469727,4.6551513671875,6616800
2003-07-31,10.032500267028809,10.467499732971191,9.975000381469727,10.302499771118164,4.807989597320557,9281600
2003-08-01,10.25,10.267499923706055,9.90250015258789,10.007499694824219,4.670319080352783,4584400
2003-08-04,10.047499656677246,10.229999542236328,9.760000228881836,10.157500267028809,4.740321159362793,5784400
2003-08-05,10.1875,10.210000038146973,9.765000343322754,9.832500457763672,4.588650703430176,4348800
2003-08-06,9.779999732971191,9.880000114440918,9.675000190734863,9.732500076293945,4.541981220245361,6346000
2003-08-07,9.7524995803833,9.850000381469727,9.607500076293945,9.782500267028809,4.565316200256348,4589600
2003-08-08,9.800000190734863,9.960000038146973,9.7524995803833,9.802499771118164,4.574650764465332,3006800
2003-08-11,9.822500228881836,9.977499961853027,9.65999984741211,9.770000457763672,4.559482097625732,4023200
2003-08-12,9.807499885559082,9.922499656677246,9.6875,9.867500305175781,4.604983806610107,2740000
2003-08-13,9.967499732971191,9.987500190734863,9.654999732971191,9.737500190734863,4.544315338134766,6137200
2003-08-14,9.760000228881836,9.8100004196167,9.600000381469727,9.725000381469727,4.538482189178467,6761600
2003-08-15,9.739999771118164,9.774999618530273,9.407500267028809,9.699999809265137,4.526813507080078,2310400
2003-08-18,9.725000381469727,9.845000267028809,9.702500343322754,9.800000190734863,4.573482990264893,4185200
2003-08-19,9.800000190734863,9.845000267028809,9.664999961853027,9.842499732971191,4.593317031860352,3893200
2003-08-20,9.77750015258789,9.787500381469727,9.670000076293945,9.770000457763672,4.559482097625732,2759600
2003-08-21,9.787500381469727,9.862500190734863,9.6875,9.837499618530273,4.590982437133789,2856400
2003-08-22,9.892499923706055,9.947500228881836,9.8125,9.819999694824219,4.582815170288086,5139200
2003-08-25,9.782500267028809,9.835000038146973,9.732500076293945,9.774999618530273,4.5618157386779785,2956000
2003-08-26,9.765000343322754,9.862500190734863,9.595000267028809,9.8125,4.579317569732666,3446400
2003-08-27,9.760000228881836,9.782500267028809,9.6899995803833,9.762499809265137,4.555981636047363,2254400
2003-08-28,9.72249984741211,9.887499809265137,9.662500381469727,9.84000015258789,4.59214973449707,2687600
2003-08-29,9.819999694824219,9.982500076293945,9.792499542236328,9.979999542236328,4.657485485076904,2322800
2003-09-02,9.864999771118164,10.142499923706055,9.8100004196167,10.079999923706055,4.704154014587402,3365200
2003-09-03,10.15999984741211,10.395000457763672,10.117500305175781,10.324999809265137,4.818490982055664,5015200
2003-09-04,10.3100004196167,10.422499656677246,10.257499694824219,10.34000015258789,4.825491905212402,4170400
2003-09-05,10.289999961853027,10.317500114440918,10.032500267028809,10.052499771118164,4.691319942474365,4173600
2003-09-08,10.037500381469727,10.327500343322754,10.03499984741211,10.212499618530273,4.765989303588867,3046000
2003-09-09,10.119999885559082,10.154999732971191,9.947500228881836,10.1225004196167,4.723987102508545,2610800
2003-09-10,9.975000381469727,10.0600004196167,9.850000381469727,9.897500038146973,4.618983745574951,3563200
2003-09-11,9.912500381469727,10.079999923706055,9.897500038146973,10.020000457763672,4.676154613494873,2912800
2003-09-12,9.975000381469727,10.170000076293945,9.887499809265137,10.135000228881836,4.729821681976318,2725600
2003-09-15,10.135000228881836,10.175000190734863,9.912500381469727,10.055000305175781,4.69248628616333,2242400
2003-09-16,9.987500190734863,10.385000228881836,9.987500190734863,10.382499694824219,4.845324993133545,3482000
2003-09-17,10.295000076293945,10.350000381469727,9.9375,10.005000114440918,4.669151782989502,4607600
2003-09-18,10.010000228881836,10.157500267028809,9.84749984741211,10.087499618530273,4.707653999328613,5892800
2003-09-19,10.175000190734863,10.260000228881836,9.807499885559082,10.102499961853027,4.714654445648193,6372400
2003-09-22,10.0,10.137499809265137,9.854999542236328,9.952500343322754,4.6446533203125,3064400
2003-09-23,9.899999618530273,10.072500228881836,9.854999542236328,10.015000343322754,4.6738200187683105,3864400
2003-09-24,9.914999961853027,9.982500076293945,9.604999542236328,9.6899995803833,4.522146224975586,7123600
2003-09-25,9.640000343322754,9.712499618530273,9.444999694824219,9.477499961853027,4.422977447509766,5355200
2003-09-26,9.47249984741211,9.647500038146973,9.362500190734863,9.46500015258789,4.417144298553467,3980000
2003-09-29,9.680000305175781,9.680000305175781,9.350000381469727,9.4375,4.404311180114746,2746000
2003-09-30,9.385000228881836,9.4375,9.199999809265137,9.2524995803833,4.31797456741333,5364000
2003-10-01,9.25,9.682499885559082,9.234999656677246,9.65999984741211,4.508148193359375,4771200
2003-10-02,9.649999618530273,9.762499809265137,9.427499771118164,9.577500343322754,4.469647407531738,3732400
2003-10-03,9.71500015258789,10.1274995803833,9.6875,10.045000076293945,4.687821388244629,7758400
2003-10-06,10.037500381469727,10.140000343322754,9.962499618530273,10.057499885559082,4.693654537200928,2527200
2003-10-07,10.109999656677246,10.25,9.962499618530273,10.217499732971191,4.7683210372924805,5128800
2003-10-08,10.265000343322754,10.279999732971191,10.085000038146973,10.225000381469727,4.771822929382324,3665200
2003-10-09,10.335000038146973,10.604999542236328,10.255000114440918,10.395000457763672,4.851159572601318,5603600
2003-10-10,10.4375,10.5,10.3100004196167,10.407500267028809,4.856992721557617,2503600
2003-10-13,10.517499923706055,10.577500343322754,10.4375,10.557499885559082,4.926994323730469,2505600
2003-10-14,10.427499771118164,10.545000076293945,10.342499732971191,10.47249984741211,4.887326240539551,2025600
2003-10-15,10.609999656677246,10.662500381469727,10.447500228881836,10.529999732971191,4.91416072845459,4184400
2003-10-16,10.619999885559082,10.819999694824219,10.510000228881836,10.817500114440918,5.048330783843994,5170800
2003-10-17,10.84000015258789,10.960000038146973,10.567500114440918,10.607500076293945,4.950328826904297,4450800
2003-10-20,10.572500228881836,10.762499809265137,10.47249984741211,10.657500267028809,4.973662853240967,3273600
2003-10-21,10.699999809265137,10.732500076293945,10.460000038146973,10.587499618530273,4.9409942626953125,3940000
2003-10-22,10.4375,10.4975004196167,10.287500381469727,10.3725004196167,4.8406572341918945,2594400
2003-10-23,10.422499656677246,10.670000076293945,10.287500381469727,10.452500343322754,4.877993106842041,3868800
2003-10-24,10.354999542236328,10.475000381469727,10.212499618530273,10.467499732971191,4.884993553161621,4470400
2003-10-27,10.507499694824219,10.515000343322754,10.345000267028809,10.432499885559082,4.868659496307373,3163200
2003-10-28,10.512499809265137,10.6899995803833,10.4375,10.6899995803833,4.988831520080566,3622800
2003-10-29,10.717499732971191,10.859999656677246,10.609999656677246,10.760000228881836,5.02149772644043,2988000
2003-10-30,10.9350004196167,10.989999771118164,10.637499809265137,10.717499732971191,5.0016632080078125,3780400
2003-10-31,10.765000343322754,10.807499885559082,10.630000114440918,10.704999923706055,4.995830535888672,2128000
2003-11-03,10.744999885559082,10.96500015258789,10.630000114440918,10.962499618530273,5.115999698638916,2993600
2003-11-04,10.84000015258789,10.892499923706055,10.725000381469727,10.875,5.075165271759033,3445600
2003-11-05,10.927499771118164,10.962499618530273,10.675000190734863,10.760000228881836,5.02149772644043,2725600
2003-11-06,10.789999961853027,10.859999656677246,10.65999984741211,10.822500228881836,5.050664901733398,2836800
2003-11-07,10.875,10.97249984741211,10.800000190734863,10.817500114440918,5.048330783843994,3663200
2003-11-10,11.154999732971191,11.237500190734863,10.989999771118164,11.029999732971191,5.1475019454956055,4398800
2003-11-11,11.112500190734863,11.194999694824219,11.0024995803833,11.050000190734863,5.156836032867432,3223200
2003-11-12,10.977499961853027,11.369999885559082,10.967499732971191,11.3100004196167,5.278172016143799,3957600
2003-11-13,11.25,11.457500457763672,11.2475004196167,11.392499923706055,5.316674709320068,3930000
2003-11-14,11.327500343322754,11.625,11.274999618530273,11.297499656677246,5.272339344024658,5933600
2003-11-17,11.392499923706055,11.460000038146973,11.210000038146973,11.392499923706055,5.316674709320068,5243600
2003-11-18,11.47249984741211,11.522500038146973,11.287500381469727,11.329999923706055,5.287505149841309,3288400
2003-11-19,11.28499984741211,11.462499618530273,11.21500015258789,11.390000343322754,5.315507888793945,3584000
2003-11-20,11.287500381469727,11.47249984741211,11.199999809265137,11.217499732971191,5.235004425048828,3830800
2003-11-21,11.2524995803833,11.414999961853027,11.172499656677246,11.367500305175781,5.305006980895996,3663200
2003-11-24,11.449999809265137,11.875,11.442500114440918,11.867500305175781,5.538348197937012,4318800
2003-11-25,11.897500038146973,11.897500038146973,11.489999771118164,11.592499732971191,5.41001033782959,4742400
2003-11-26,11.612500190734863,11.710000038146973,11.489999771118164,11.675000190734863,5.448512554168701,3166400
2003-11-28,11.645000457763672,11.712499618530273,11.555000305175781,11.672499656677246,5.4473443031311035,1232800
2003-12-01,11.712499618530273,11.854999542236328,11.617500305175781,11.829999923706055,5.520845890045166,3400400
2003-12-02,11.882499694824219,11.922499656677246,11.699999809265137,11.737500190734863,5.477679252624512,3881600
2003-12-03,11.71500015258789,11.942500114440918,11.585000038146973,11.612500190734863,5.419344425201416,3544800
2003-12-04,11.552499771118164,11.8774995803833,11.487500190734863,11.850000381469727,5.530179500579834,3870800
2003-12-05,11.787500381469727,11.827500343322754,11.375,11.520000457763672,5.376175880432129,5186800
2003-12-08,11.47249984741211,11.789999961853027,11.442500114440918,11.727499961853027,5.4730119705200195,4252000
2003-12-09,11.772500038146973,11.797499656677246,11.550000190734863,11.592499732971191,5.41001033782959,4916400
2003-12-10,11.729999542236328,11.862500190734863,11.670000076293945,11.789999961853027,5.502180576324463,3940000
2003-12-11,11.75,12.1899995803833,11.702500343322754,12.074999809265137,5.6351847648620605,4466400
2003-12-12,12.132499694824219,12.15250015258789,11.782500267028809,11.984999656677246,5.593181133270264,3346800
2003-12-15,12.079999923706055,12.149999618530273,11.572500228881836,11.614999771118164,5.420510292053223,5597600
2003-12-16,11.5649995803833,11.774999618530273,11.449999809265137,11.4975004196167,5.365675926208496,8062000
2003-12-17,11.4375,11.6274995803833,11.350000381469727,11.550000190734863,5.390177249908447,5554800
2003-12-18,11.625,12.670000076293945,11.577500343322754,12.532500267028809,5.848691463470459,11920400
2003-12-19,12.444999694824219,12.470000267028809,12.119999885559082,12.3725004196167,5.774020671844482,9550000
2003-12-22,12.357500076293945,12.362500190734863,12.074999809265137,12.305000305175781,5.742521286010742,4676800
2003-12-23,12.332500457763672,12.4350004196167,12.210000038146973,12.359999656677246,5.7681884765625,2644400
2003-12-24,12.287500381469727,12.46500015258789,12.255000114440918,12.432499885559082,5.802023887634277,2198000
2003-12-26,12.47249984741211,12.475000381469727,12.295000076293945,12.324999809265137,5.751854419708252,1376000
2003-12-29,12.407500267028809,12.5625,12.3774995803833,12.552499771118164,5.8580241203308105,3313200
2003-12-30,12.46500015258789,12.619999885559082,12.380000114440918,12.5024995803833,5.834690570831299,3305200
2003-12-31,12.524999618530273,12.59000015258789,12.399999618530273,12.524999618530273,5.845191478729248,3324400
2004-01-02,12.557499885559082,12.587499618530273,12.414999961853027,12.482500076293945,5.825357913970947,3324400
2004-01-05,12.5625,12.577500343322754,12.27750015258789,12.460000038146973,5.814856052398682,4847600
2004-01-06,12.037500381469727,12.135000228881836,11.994999885559082,12.012499809265137,5.60601806640625,8370000
2004-01-07,12.0,12.072500228881836,10.875,11.524999618530273,5.378509044647217,22854000
2004-01-08,11.795000076293945,11.822500228881836,11.475000381469727,11.6274995803833,5.426345348358154,8928400
2004-01-09,11.457500457763672,11.609999656677246,11.25,11.449999809265137,5.343507766723633,6103200
2004-01-12,11.532500267028809,11.532500267028809,11.317500114440918,11.375,5.308507442474365,5262400
2004-01-13,11.327500343322754,11.477499961853027,11.265000343322754,11.387499809265137,5.314341068267822,4456400
2004-01-14,11.457500457763672,11.550000190734863,11.387499809265137,11.4975004196167,5.365675926208496,3032800
2004-01-15,11.619999885559082,11.65999984741211,11.192500114440918,11.4375,5.337673187255859,4977200
2004-01-16,11.467499732971191,11.489999771118164,11.1875,11.337499618530273,5.291006088256836,5329200
2004-01-20,11.1875,11.425000190734863,11.0,11.345000267028809,5.294507026672363,4322400
2004-01-21,11.322500228881836,11.579999923706055,11.21500015258789,11.487500190734863,5.361008167266846,5312400
2004-01-22,11.395000457763672,11.555000305175781,11.3100004196167,11.40250015258789,5.321339130401611,3770000
2004-01-23,11.3125,11.4975004196167,11.242500305175781,11.27750015258789,5.26300573348999,3392400
2004-01-26,11.2524995803833,11.5600004196167,11.25,11.507499694824219,5.370341777801514,3431200
2004-01-27,11.52750015258789,11.572500228881836,11.289999961853027,11.392499923706055,5.316674709320068,3583200
2004-01-28,11.319999694824219,11.5,11.100000381469727,11.172499656677246,5.214004039764404,5143200
2004-01-29,11.135000228881836,11.382499694824219,11.0649995803833,11.3100004196167,5.278172016143799,4129600
2004-01-30,11.25,11.354999542236328,11.192500114440918,11.257499694824219,5.253673076629639,3684800
2004-02-02,11.212499618530273,11.444999694824219,11.137499809265137,11.297499656677246,5.272339344024658,5016000
2004-02-03,11.255000114440918,11.380000114440918,11.180000305175781,11.25,5.250173091888428,3537200
2004-02-04,11.0625,11.454999923706055,11.050000190734863,11.345000267028809,5.294507026672363,3442000
2004-02-05,11.47249984741211,11.617500305175781,11.257499694824219,11.489999771118164,5.362174987792969,4137200
2004-02-06,11.482500076293945,11.662500381469727,11.34749984741211,11.649999618530273,5.577620506286621,2959200
2004-02-09,11.6875,11.710000038146973,11.322500228881836,11.362500190734863,5.439976215362549,2941600
2004-02-10,11.3149995803833,11.34000015258789,11.199999809265137,11.322500228881836,5.420823574066162,3753600
2004-02-11,11.2524995803833,11.342499732971191,11.015000343322754,11.207500457763672,5.3657660484313965,4082000
2004-02-12,11.202500343322754,11.204999923706055,10.984999656677246,11.055000305175781,5.292755126953125,4074800
2004-02-13,11.079999923706055,11.125,10.875,10.949999809265137,5.242482662200928,3159200
2004-02-17,10.987500190734863,11.194999694824219,10.987500190734863,11.055000305175781,5.292755126953125,2691200
2004-02-18,10.975000381469727,11.0,10.609999656677246,10.692500114440918,5.119202136993408,6024000
2004-02-19,10.835000038146973,10.862500190734863,10.574999809265137,10.585000038146973,5.06773567199707,3739200
2004-02-20,10.635000228881836,10.779999732971191,10.552499771118164,10.694999694824219,5.120398044586182,3539200
2004-02-23,10.672499656677246,10.867500305175781,10.630000114440918,10.707500457763672,5.126384258270264,4500400
2004-02-24,10.774999618530273,10.90250015258789,10.649999618530273,10.8125,5.176653861999512,4710400
2004-02-25,10.875,10.887499809265137,10.734999656677246,10.84749984741211,5.193410396575928,3579200
2004-02-26,10.914999961853027,10.960000038146973,10.850000381469727,10.912500381469727,5.2245306968688965,3347200
2004-02-27,10.800000190734863,10.982500076293945,10.5649995803833,10.677499771118164,5.112020492553711,5368800
2004-03-01,10.667499542236328,10.895000457763672,10.65999984741211,10.869999885559082,5.204182147979736,3188400
2004-03-02,10.767499923706055,11.100000381469727,10.767499923706055,11.03499984741211,5.283180236816406,6177200
2004-03-03,10.994999885559082,11.125,10.895000457763672,11.032500267028809,5.281981468200684,3471200
2004-03-04,10.96500015258789,11.237500190734863,10.9399995803833,11.029999732971191,5.28078556060791,4097600
2004-03-05,10.922499656677246,10.962499618530273,10.625,10.729999542236328,5.137154579162598,6919600
2004-03-08,10.717499732971191,10.850000381469727,10.547499656677246,10.585000038146973,5.06773567199707,4414000
2004-03-09,10.537500381469727,10.614999771118164,10.430000305175781,10.494999885559082,5.024646282196045,4734400
2004-03-10,10.4375,10.524999618530273,10.204999923706055,10.204999923706055,4.885804176330566,3944400
2004-03-11,10.167499542236328,10.5,10.050000190734863,10.267499923706055,4.915725231170654,6607600
2004-03-12,10.319999694824219,10.457500457763672,10.172499656677246,10.387499809265137,4.973179340362549,4950800
2004-03-15,10.262499809265137,10.375,10.052499771118164,10.180000305175781,4.87383508682251,3981600
2004-03-16,10.199999809265137,10.6850004196167,10.107500076293945,10.574999809265137,5.062946319580078,8266800
2004-03-17,10.699999809265137,10.850000381469727,10.604999542236328,10.667499542236328,5.107232570648193,6304400
2004-03-18,10.675000190734863,10.725000381469727,10.430000305175781,10.572500228881836,5.061750888824463,4027600
2004-03-19,10.585000038146973,10.600000381469727,10.357500076293945,10.369999885559082,4.964798927307129,4252000
2004-03-22,10.204999923706055,10.40250015258789,10.15250015258789,10.390000343322754,4.974376678466797,5342800
2004-03-23,10.457500457763672,10.470000267028809,10.142499923706055,10.255000114440918,4.909740924835205,5226000
2004-03-24,10.217499732971191,10.270000457763672,10.100000381469727,10.172499656677246,4.870244026184082,3953200
2004-03-25,10.6875,10.7524995803833,10.512499809265137,10.645000457763672,5.096460342407227,6620400
2004-03-26,10.635000228881836,10.827500343322754,10.475000381469727,10.672499656677246,5.1096272468566895,8582800
2004-03-29,10.6850004196167,11.100000381469727,10.670000076293945,11.0649995803833,5.297542095184326,7001600
2004-03-30,11.012499809265137,11.029999732971191,10.800000190734863,10.890000343322754,5.21375846862793,3300400
2004-03-31,10.949999809265137,10.960000038146973,10.682499885559082,10.8725004196167,5.205379486083984,3978000
2004-04-01,10.797499656677246,11.125,10.787500381469727,11.032500267028809,5.281981468200684,4103600
2004-04-02,11.447500228881836,11.807499885559082,11.40999984741211,11.557499885559082,5.533333778381348,6192800
2004-04-05,11.5600004196167,11.670000076293945,11.505000114440918,11.625,5.565650939941406,3676800
2004-04-06,11.53499984741211,11.667499542236328,11.517499923706055,11.617500305175781,5.56205940246582,2262000
2004-04-07,11.607500076293945,11.645000457763672,11.505000114440918,11.550000190734863,5.529744625091553,2580000
2004-04-08,11.577500343322754,11.707500457763672,11.4375,11.494999885559082,5.503411769866943,2902000
2004-04-12,11.524999618530273,11.729999542236328,11.47249984741211,11.59749984741211,5.552484512329102,2156800
2004-04-13,11.702500343322754,11.717499732971191,11.492500305175781,11.529999732971191,5.520167827606201,4472400
2004-04-14,11.520000457763672,11.595000267028809,11.4375,11.592499732971191,5.55009126663208,2760800
2004-04-15,11.6225004196167,11.712499618530273,11.3774995803833,11.479999542236328,5.496229648590088,3073600
2004-04-16,11.537500381469727,11.757499694824219,11.387499809265137,11.53499984741211,5.522561550140381,3156400
2004-04-19,11.522500038146973,11.677499771118164,11.444999694824219,11.657500267028809,5.581211566925049,1905200
2004-04-20,11.739999771118164,11.7524995803833,11.595000267028809,11.614999771118164,5.560863018035889,3438000
2004-04-21,11.582500457763672,11.59000015258789,11.272500038146973,11.557499885559082,5.533333778381348,2861600
2004-04-22,11.4399995803833,11.922499656677246,11.302499771118164,11.90250015258789,5.698508262634277,4125200
2004-04-23,11.829999923706055,11.979999542236328,11.642499923706055,11.9350004196167,5.714067459106445,3464400
2004-04-26,11.670000076293945,11.670000076293945,11.3774995803833,11.422499656677246,5.468701362609863,5190000
2004-04-27,11.487500190734863,11.512499809265137,11.287500381469727,11.425000190734863,5.469898700714111,4441200
2004-04-28,11.4399995803833,11.489999771118164,11.142499923706055,11.212499618530273,5.368159770965576,3471600
2004-04-29,11.260000228881836,11.357500076293945,10.987500190734863,11.149999618530273,5.338237285614014,3174400
2004-04-30,11.15999984741211,11.442500114440918,11.125,11.27750015258789,5.399279594421387,4004400
2004-05-03,11.255000114440918,11.46500015258789,11.087499618530273,11.234999656677246,5.378931045532227,5268400
2004-05-04,11.162500381469727,11.357500076293945,10.979999542236328,11.199999809265137,5.362174987792969,4214800
2004-05-05,11.15250015258789,11.154999732971191,10.84000015258789,11.0024995803833,5.267618656158447,4706000
2004-05-06,10.907500267028809,11.28499984741211,10.895000457763672,11.25,5.386114597320557,4922800
2004-05-07,11.305000305175781,11.412500381469727,10.989999771118164,11.020000457763672,5.275999069213867,6596800
2004-05-10,10.982500076293945,11.015000343322754,10.662500381469727,10.787500381469727,5.164685249328613,5390400
2004-05-11,10.907500267028809,10.90999984741211,10.672499656677246,10.819999694824219,5.180244445800781,5077600
2004-05-12,10.702500343322754,10.869999885559082,10.489999771118164,10.824999809265137,5.1826372146606445,4333600
2004-05-13,10.782500267028809,10.949999809265137,10.704999923706055,10.832500457763672,5.186229705810547,2747600
2004-05-14,10.925000190734863,10.967499732971191,10.614999771118164,10.817500114440918,5.179047107696533,3180800
2004-05-17,10.824999809265137,10.887499809265137,10.609999656677246,10.797499656677246,5.169473171234131,3528000
2004-05-18,10.8774995803833,10.992500305175781,10.797499656677246,10.867500305175781,5.202986240386963,1966400
2004-05-19,10.9350004196167,11.177499771118164,10.827500343322754,10.920000076293945,5.228120803833008,4627600
2004-05-20,10.949999809265137,11.0625,10.832500457763672,10.869999885559082,5.204182147979736,3067600
2004-05-21,11.010000228881836,11.114999771118164,10.862500190734863,10.9975004196167,5.265225887298584,2467600
2004-05-24,11.087499618530273,11.332500457763672,10.994999885559082,11.147500038146973,5.337039470672607,3486800
2004-05-25,11.199999809265137,11.475000381469727,11.017499923706055,11.4399995803833,5.477078914642334,3092800
2004-05-26,11.375,11.46500015258789,11.28499984741211,11.414999961853027,5.465110778808594,2353200
2004-05-27,11.444999694824219,11.482500076293945,11.265000343322754,11.359999656677246,5.438777923583984,3040800
2004-05-28,11.322500228881836,11.399999618530273,11.22249984741211,11.332500457763672,5.425611972808838,1905600
2004-06-01,11.244999885559082,11.382499694824219,11.194999694824219,11.3149995803833,5.417234420776367,2779200
2004-06-02,11.350000381469727,11.572500228881836,11.267499923706055,11.392499923706055,5.454339027404785,3900000
2004-06-03,11.322500228881836,11.380000114440918,11.244999885559082,11.2524995803833,5.387311935424805,2997200
2004-06-04,11.399999618530273,11.399999618530273,11.137499809265137,11.192500114440918,5.358584403991699,2987600
2004-06-07,11.212499618530273,11.5649995803833,11.109999656677246,11.547499656677246,5.528547286987305,2546800
2004-06-08,11.484999656677246,11.539999961853027,11.359999656677246,11.447500228881836,5.480669975280762,3094000
2004-06-09,11.354999542236328,11.567500114440918,11.354999542236328,11.385000228881836,5.450745582580566,2061200
2004-06-10,11.352499961853027,11.532500267028809,11.350000381469727,11.467499732971191,5.490243911743164,1788800
2004-06-14,11.5,11.5625,11.399999618530273,11.510000228881836,5.510592460632324,3150800
2004-06-15,11.614999771118164,11.75,11.582500457763672,11.609999656677246,5.558469295501709,2943200
2004-06-16,11.667499542236328,11.704999923706055,11.582500457763672,11.65999984741211,5.582407474517822,1914000
2004-06-17,11.592499732971191,11.670000076293945,11.329999923706055,11.432499885559082,5.473487377166748,3182400
2004-06-18,11.335000038146973,11.567500114440918,11.212499618530273,11.329999923706055,5.424414157867432,3561600
2004-06-21,11.289999961853027,11.382499694824219,11.207500457763672,11.242500305175781,5.3825225830078125,1922400
2004-06-22,11.305000305175781,11.550000190734863,11.21500015258789,11.539999961853027,5.524956226348877,2572000
2004-06-23,11.600000381469727,11.607500076293945,11.390000343322754,11.524999618530273,5.517773628234863,2923200
2004-06-24,11.492500305175781,11.53499984741211,11.274999618530273,11.4975004196167,5.504608631134033,2649200
2004-06-25,11.494999885559082,12.015000343322754,11.382499694824219,11.96500015258789,5.72843074798584,6306000
2004-06-28,11.904999732971191,11.989999771118164,11.75,11.852499961853027,5.674569129943848,5162800
2004-06-29,11.8725004196167,12.0,11.729999542236328,11.917499542236328,5.705687999725342,2844800
2004-06-30,11.835000038146973,11.942500114440918,11.729999542236328,11.917499542236328,5.705687999725342,3310400
2004-07-01,11.887499809265137,11.9375,11.664999961853027,11.760000228881836,5.630284786224365,3583200
2004-07-02,11.8125,11.875,11.625,11.712499618530273,5.607542037963867,2357600
2004-07-06,11.710000038146973,11.797499656677246,11.404999732971191,11.422499656677246,5.468701362609863,5264800
2004-07-07,11.462499618530273,11.547499656677246,11.364999771118164,11.387499809265137,5.451943874359131,4207200
2004-07-08,11.417499542236328,11.477499961853027,11.25,11.267499923706055,5.394493103027344,2458400
2004-07-09,11.382499694824219,11.412500381469727,11.15250015258789,11.350000381469727,5.433990478515625,3878800
2004-07-12,11.292499542236328,11.522500038146973,11.1850004196167,11.40250015258789,5.459123611450195,3412000
2004-07-13,11.25,11.337499618530273,10.9399995803833,11.229999542236328,5.376537799835205,10669600
2004-07-14,11.192500114440918,11.21500015258789,10.882499694824219,10.970000267028809,5.252058029174805,4180400
2004-07-15,11.047499656677246,11.069999694824219,10.845000267028809,10.979999542236328,5.256847858428955,3937600
2004-07-16,11.02750015258789,11.117500305175781,10.920000076293945,10.992500305175781,5.262831687927246,4504800
2004-07-19,11.09000015258789,11.119999885559082,10.952500343322754,10.989999771118164,5.26163387298584,2623600
2004-07-20,10.957500457763672,11.017499923706055,10.854999542236328,11.017499923706055,5.274800777435303,2668800
2004-07-21,10.957500457763672,11.020000457763672,10.707500457763672,10.71500015258789,5.129974365234375,3697600
2004-07-22,10.734999656677246,10.762499809265137,10.574999809265137,10.6899995803833,5.118006706237793,2526800
2004-07-23,10.640000343322754,10.837499618530273,10.532500267028809,10.5649995803833,5.058159828186035,2095200
2004-07-26,10.625,10.760000228881836,10.462499618530273,10.515000343322754,5.034221172332764,3162400
2004-07-27,10.637499809265137,10.782500267028809,10.574999809265137,10.75,5.146730422973633,4207600
2004-07-28,10.699999809265137,10.739999771118164,10.422499656677246,10.657500267028809,5.102444648742676,4270800
2004-07-29,10.725000381469727,10.762499809265137,10.505000114440918,10.617500305175781,5.08329439163208,3783600
2004-07-30,10.649999618530273,10.675000190734863,10.454999923706055,10.489999771118164,5.022251129150391,3031200
2004-08-02,10.5,10.702500343322754,10.40250015258789,10.694999694824219,5.120398044586182,5535600
2004-08-03,10.632499694824219,10.7475004196167,10.512499809265137,10.645000457763672,5.096460342407227,3796000
2004-08-04,10.75,10.84749984741211,10.609999656677246,10.727499961853027,5.135958671569824,3064000
2004-08-05,10.712499618530273,10.762499809265137,10.414999961853027,10.457500457763672,5.006691932678223,2476000
2004-08-06,10.397500038146973,10.447500228881836,10.087499618530273,10.102499961853027,4.836730480194092,5039600
2004-08-09,10.0024995803833,10.172499656677246,10.0024995803833,10.085000038146973,4.828351020812988,3326800
2004-08-10,10.135000228881836,10.255000114440918,10.072500228881836,10.199999809265137,4.88340950012207,3440400
2004-08-11,10.15250015258789,10.305000305175781,10.055000305175781,10.21500015258789,4.890592575073242,2780000
2004-08-12,10.09000015258789,10.1899995803833,10.005000114440918,10.087499618530273,4.829548358917236,2568000
2004-08-13,10.104999542236328,10.1274995803833,9.8774995803833,9.9375,4.757733345031738,2492000
2004-08-16,9.9375,10.107500076293945,9.90250015258789,10.0649995803833,4.818774700164795,2394000
2004-08-17,9.982500076293945,10.109999656677246,9.920000076293945,10.039999961853027,4.806807518005371,3089600
2004-08-18,10.052499771118164,10.332500457763672,10.005000114440918,10.267499923706055,4.915725231170654,3702800
2004-08-19,10.194999694824219,10.239999771118164,10.057499885559082,10.180000305175781,4.87383508682251,3277200
2004-08-20,10.167499542236328,10.27750015258789,10.024999618530273,10.192500114440918,4.879818916320801,2528800
2004-08-23,10.204999923706055,10.34749984741211,10.077500343322754,10.270000457763672,4.916922569274902,3264000
2004-08-24,10.282500267028809,10.412500381469727,10.234999656677246,10.350000381469727,4.955224514007568,2399600
2004-08-25,10.395000457763672,10.539999961853027,10.272500038146973,10.524999618530273,5.039008617401123,3807200
2004-08-26,10.479999542236328,10.614999771118164,10.420000076293945,10.487500190734863,5.021056175231934,2380000
2004-08-27,10.449999809265137,10.482500076293945,10.25,10.387499809265137,4.973179340362549,3303200
2004-08-30,10.322500228881836,10.342499732971191,10.239999771118164,10.2524995803833,4.90854549407959,2211600
2004-08-31,10.220000267028809,10.292499542236328,10.085000038146973,10.2524995803833,4.90854549407959,2920000
2004-09-01,10.15250015258789,10.362500190734863,10.095000267028809,10.239999771118164,4.902559757232666,3638000
2004-09-02,10.300000190734863,10.607500076293945,10.227499961853027,10.545000076293945,5.048583984375,2879200
2004-09-03,10.5625,10.739999771118164,10.552499771118164,10.645000457763672,5.096460342407227,2725600
2004-09-07,10.720000267028809,10.807499885559082,10.6274995803833,10.734999656677246,5.1395487785339355,3136000
2004-09-08,10.710000038146973,10.805000305175781,10.587499618530273,10.600000381469727,5.074915409088135,3184400
2004-09-09,10.612500190734863,10.670000076293945,10.475000381469727,10.574999809265137,5.062946319580078,2650000
2004-09-10,10.545000076293945,10.667499542236328,10.46500015258789,10.65250015258789,5.100052356719971,1950000
2004-09-13,10.672499656677246,10.755000114440918,10.52750015258789,10.75,5.146730422973633,2364800
2004-09-14,10.765000343322754,10.792499542236328,10.680000305175781,10.75,5.146730422973633,2264000
2004-09-15,10.617500305175781,10.712499618530273,10.444999694824219,10.482500076293945,5.018661022186279,2964000
2004-09-16,10.422499656677246,10.585000038146973,10.40250015258789,10.457500457763672,5.006691932678223,3084000
2004-09-17,10.649999618530273,11.145000457763672,10.625,11.007499694824219,5.270012378692627,10139600
2004-09-20,11.012499809265137,11.022500038146973,10.744999885559082,10.854999542236328,5.197000980377197,4742000
2004-09-21,10.824999809265137,11.119999885559082,10.744999885559082,11.092499732971191,5.310707092285156,7466400
2004-09-22,10.975000381469727,11.074999809265137,10.6875,10.765000343322754,5.153912544250488,5141200
2004-09-23,10.6850004196167,10.792499542236328,10.625,10.662500381469727,5.104839324951172,2266000
2004-09-24,10.625,10.779999732971191,10.542499542236328,10.657500267028809,5.102444648742676,3892400
2004-09-27,10.6875,10.699999809265137,10.482500076293945,10.537500381469727,5.044993877410889,2893600
2004-09-28,10.654999732971191,10.65999984741211,10.5024995803833,10.5625,5.0569610595703125,2714800
2004-09-29,10.520000457763672,10.637499809265137,10.452500343322754,10.609999656677246,5.079702854156494,2026800
2004-09-30,10.619999885559082,10.662500381469727,10.494999885559082,10.510000228881836,5.031827926635742,4938000
2004-10-01,10.492500305175781,10.989999771118164,10.452500343322754,10.975000381469727,5.254455089569092,5421600
2004-10-04,10.925000190734863,10.982500076293945,10.817500114440918,10.914999961853027,5.22572660446167,3595200
2004-10-05,10.954999923706055,11.112500190734863,10.932499885559082,10.970000267028809,5.252058029174805,3800000
2004-10-06,10.9350004196167,11.082500457763672,10.895000457763672,10.899999618530273,5.2185468673706055,3210000
2004-10-07,10.949999809265137,11.012499809265137,10.742500305175781,10.792499542236328,5.167078495025635,3756000
2004-10-08,10.739999771118164,10.787500381469727,10.510000228881836,10.53499984741211,5.043797969818115,3298800
2004-10-11,10.59000015258789,10.664999961853027,10.494999885559082,10.600000381469727,5.074915409088135,3238000
2004-10-12,10.539999961853027,10.582500457763672,10.352499961853027,10.470000267028809,5.012677192687988,3942000
2004-10-13,10.5625,10.5625,10.202500343322754,10.327500343322754,4.944452285766602,2996400
2004-10-14,10.287500381469727,10.430000305175781,10.145000457763672,10.21500015258789,4.890592575073242,3161200
2004-10-15,10.265000343322754,10.430000305175781,10.180000305175781,10.392499923706055,4.97557258605957,4794000
2004-10-18,10.362500190734863,10.454999923706055,10.172499656677246,10.449999809265137,5.003101348876953,4130800
2004-10-19,10.444999694824219,10.649999618530273,10.40250015258789,10.430000305175781,4.993526935577393,3514800
2004-10-20,10.460000038146973,10.542499542236328,10.345000267028809,10.484999656677246,5.019858360290527,2531200
2004-10-21,10.512499809265137,10.555000305175781,10.265000343322754,10.517499923706055,5.035417556762695,4617600
2004-10-22,10.572500228881836,10.619999885559082,10.4375,10.449999809265137,5.003101348876953,2745600
2004-10-25,10.524999618530273,10.524999618530273,10.3125,10.392499923706055,4.97557258605957,1760000
2004-10-26,10.392499923706055,10.637499809265137,10.289999961853027,10.635000228881836,5.091673851013184,3178000
2004-10-27,10.5625,10.892499923706055,10.5625,10.819999694824219,5.180244445800781,3682000
2004-10-28,10.739999771118164,10.887499809265137,10.647500038146973,10.857500076293945,5.198196887969971,2757200
2004-10-29,10.862500190734863,10.920000076293945,10.649999618530273,10.78499984741211,5.163487434387207,2825200
2004-11-01,10.772500038146973,10.84000015258789,10.65250015258789,10.792499542236328,5.167078495025635,2297200
2004-11-02,10.852499961853027,10.975000381469727,10.739999771118164,10.800000190734863,5.1706695556640625,2308800
2004-11-03,10.710000038146973,10.854999542236328,10.657500267028809,10.72249984741211,5.133564472198486,3587600
2004-11-04,10.84749984741211,10.975000381469727,10.694999694824219,10.9399995803833,5.237695693969727,3169200
2004-11-05,11.0625,11.170000076293945,10.979999542236328,11.020000457763672,5.275999069213867,4937600
2004-11-08,11.112500190734863,11.167499542236328,11.015000343322754,11.100000381469727,5.314298629760742,2658400
2004-11-09,11.0,11.15999984741211,10.957500457763672,11.095000267028809,5.3119049072265625,3084800
2004-11-10,11.037500381469727,11.382499694824219,11.037500381469727,11.274999618530273,5.3980841636657715,4977600
2004-11-11,11.2524995803833,11.427499771118164,11.2475004196167,11.319999694824219,5.419628620147705,2670000
2004-11-12,11.28499984741211,11.432499885559082,11.199999809265137,11.335000038146973,5.426809310913086,2787600
2004-11-15,11.327500343322754,11.332500457763672,11.102499961853027,11.297499656677246,5.408855438232422,3231200
2004-11-16,11.34000015258789,11.34000015258789,11.087499618530273,11.2524995803833,5.387311935424805,3600000
2004-11-17,11.317500114440918,11.452500343322754,11.260000228881836,11.362500190734863,5.439976215362549,3339600
2004-11-18,11.359999656677246,11.399999618530273,11.237500190734863,11.399999618530273,5.457927227020264,2788800
2004-11-19,11.322500228881836,11.477499961853027,11.142499923706055,11.192500114440918,5.358584403991699,3613600
2004-11-22,11.117500305175781,11.292499542236328,11.114999771118164,11.192500114440918,5.358584403991699,3200400
2004-11-23,11.210000038146973,11.322500228881836,11.055000305175781,11.197500228881836,5.360978603363037,3469200
2004-11-24,11.210000038146973,11.362500190734863,11.137499809265137,11.3100004196167,5.4148383140563965,2358400
2004-11-26,11.345000267028809,11.364999771118164,11.220000267028809,11.239999771118164,5.381325721740723,773200
2004-11-29,11.239999771118164,11.270000457763672,11.029999732971191,11.154999732971191,5.340631008148193,2420000
2004-11-30,11.087499618530273,11.2475004196167,11.087499618530273,11.180000305175781,5.35260009765625,3068800
2004-12-01,11.202500343322754,11.5,11.202500343322754,11.407500267028809,5.461520671844482,3362400
2004-12-02,11.34749984741211,11.635000228881836,11.3100004196167,11.595000267028809,5.5512871742248535,5942800
2004-12-03,11.539999961853027,11.642499923706055,11.467499732971191,11.467499732971191,5.490243911743164,3208800
2004-12-06,11.449999809265137,11.6899995803833,11.4399995803833,11.550000190734863,5.529744625091553,3399200
2004-12-07,11.510000228881836,11.5649995803833,11.327500343322754,11.332500457763672,5.425611972808838,3392800
2004-12-08,11.390000343322754,11.545000076293945,11.390000343322754,11.397500038146973,5.45673131942749,3090800
2004-12-09,11.475000381469727,11.547499656677246,11.167499542236328,11.380000114440918,5.448354244232178,3567200
2004-12-10,11.267499923706055,11.40999984741211,11.204999923706055,11.375,5.445959568023682,2254000
2004-12-13,11.364999771118164,11.470000267028809,11.192500114440918,11.3774995803833,5.447155952453613,2237600
2004-12-14,11.395000457763672,11.667499542236328,11.34749984741211,11.582500457763672,5.5453033447265625,3906000
2004-12-15,11.619999885559082,11.6875,11.5024995803833,11.574999809265137,5.541712284088135,3339200
2004-12-16,11.6850004196167,11.717499732971191,11.369999885559082,11.52750015258789,5.5189714431762695,3604000
2004-12-17,11.600000381469727,11.619999885559082,11.1274995803833,11.1850004196167,5.354992389678955,8604000
2004-12-20,11.270000457763672,11.274999618530273,10.8125,10.907500267028809,5.2221360206604,6590800
2004-12-21,10.975000381469727,10.982500076293945,10.795000076293945,10.897500038146973,5.217348575592041,4116000
2004-12-22,10.925000190734863,11.012499809265137,10.787500381469727,10.90999984741211,5.223333835601807,3662000
2004-12-23,10.802499771118164,11.012499809265137,10.770000457763672,10.932499885559082,5.234104633331299,3147200
2004-12-27,10.9375,10.989999771118164,10.704999923706055,10.817500114440918,5.179047107696533,2999600
2004-12-28,10.819999694824219,10.992500305175781,10.739999771118164,10.914999961853027,5.22572660446167,2940800
2004-12-29,10.96500015258789,11.095000267028809,10.895000457763672,10.994999885559082,5.264028549194336,3293200
2004-12-30,11.017499923706055,11.0625,10.875,10.979999542236328,5.256847858428955,3114400
2004-12-31,11.020000457763672,11.039999961853027,10.852499961853027,10.96500015258789,5.249665260314941,1498000
2005-01-03,10.90999984741211,10.967499732971191,10.667499542236328,10.789999961853027,5.165882587432861,5503200
2005-01-04,10.885000228881836,10.944999694824219,10.567500114440918,10.637499809265137,5.092869758605957,4183200
2005-01-05,10.569999694824219,10.77750015258789,10.442500114440918,10.609999656677246,5.079702854156494,4124000
2005-01-06,10.585000038146973,10.8149995803833,10.550000190734863,10.712499618530273,5.128775119781494,6383200
2005-01-07,10.725000381469727,11.007499694824219,10.675000190734863,10.942500114440918,5.238893985748291,6924400
2005-01-10,10.867500305175781,11.0649995803833,10.857500076293945,11.0,5.266423225402832,4325200
2005-01-11,10.90999984741211,11.050000190734863,10.875,11.0,5.266423225402832,5075600
2005-01-12,11.0,11.074999809265137,10.897500038146973,11.042499542236328,5.286769866943359,3181200
2005-01-13,10.949999809265137,10.970000267028809,10.537500381469727,10.640000343322754,5.094066619873047,6854800
2005-01-14,10.6225004196167,10.9350004196167,10.574999809265137,10.832500457763672,5.186229705810547,4783200
2005-01-18,10.765000343322754,10.982500076293945,10.742500305175781,10.930000305175781,5.232908248901367,3842000
2005-01-19,10.97249984741211,10.97249984741211,10.772500038146973,10.782500267028809,5.162290573120117,3527200
2005-01-20,10.84749984741211,10.907500267028809,10.717499732971191,10.742500305175781,5.1431403160095215,3398800
2005-01-21,10.787500381469727,10.837499618530273,10.625,10.707500457763672,5.126384258270264,4336000
2005-01-24,10.672499656677246,10.8725004196167,10.550000190734863,10.737500190734863,5.140745162963867,4270400
2005-01-25,10.767499923706055,10.914999961853027,10.760000228881836,10.827500343322754,5.183835506439209,5316800
2005-01-26,10.78499984741211,10.882499694824219,10.720000267028809,10.75,5.146730422973633,3934400
2005-01-27,10.71500015258789,10.962499618530273,10.6875,10.912500381469727,5.2245306968688965,5038400
2005-01-28,10.942500114440918,10.942500114440918,10.697500228881836,10.837499618530273,5.18862247467041,4832800
2005-01-31,10.942500114440918,10.9975004196167,10.822500228881836,10.875,5.206576347351074,4150800
2005-02-01,10.817500114440918,11.005000114440918,10.8149995803833,10.975000381469727,5.254455089569092,9341200
2005-02-02,10.987500190734863,11.255000114440918,10.904999732971191,11.237500190734863,5.380130290985107,10062800
2005-02-03,11.295000076293945,11.319999694824219,11.135000228881836,11.207500457763672,5.3657660484313965,5634800
2005-02-04,11.170000076293945,11.244999885559082,11.082500457763672,11.202500343322754,5.5210089683532715,5760800
2005-02-07,11.194999694824219,11.279999732971191,11.09749984741211,11.204999923706055,5.522242546081543,3116000
2005-02-08,11.192500114440918,11.262499809265137,11.09000015258789,11.137499809265137,5.488976001739502,2525200
2005-02-09,11.147500038146973,11.1899995803833,10.930000305175781,10.979999542236328,5.41135311126709,3708400
2005-02-10,11.024999618530273,11.125,10.954999923706055,11.045000076293945,5.44338846206665,2985200
2005-02-11,11.042499542236328,11.27750015258789,11.022500038146973,11.232500076293945,5.535795211791992,3224800
2005-02-14,11.272500038146973,11.272500038146973,11.154999732971191,11.212499618530273,5.525938987731934,2688800
2005-02-15,11.175000190734863,11.375,11.095000267028809,11.199999809265137,5.519777774810791,4316800
2005-02-16,11.170000076293945,11.25,11.0649995803833,11.172499656677246,5.506225109100342,2903200
2005-02-17,11.180000305175781,11.180000305175781,10.887499809265137,10.917499542236328,5.380550861358643,4508800
2005-02-18,10.922499656677246,11.085000038146973,10.882499694824219,10.9975004196167,5.419978141784668,3559200
2005-02-22,10.942500114440918,10.944999694824219,10.7475004196167,10.7524995803833,5.299233436584473,4396800
2005-02-23,10.8149995803833,10.845000267028809,10.645000457763672,10.8125,5.328804016113281,4016000
2005-02-24,10.734999656677246,11.045000076293945,10.734999656677246,10.984999656677246,5.413816452026367,3253200
2005-02-25,10.984999656677246,11.03499984741211,10.90999984741211,10.957500457763672,5.400265216827393,4843600
2005-02-28,10.960000038146973,11.037500381469727,10.857500076293945,10.944999694824219,5.394104480743408,5230000
2005-03-01,10.944999694824219,11.010000228881836,10.880000114440918,10.975000381469727,5.408890724182129,3898000
2005-03-02,10.917499542236328,11.052499771118164,10.772500038146973,10.9399995803833,5.391639709472656,5025200
2005-03-03,10.9399995803833,10.970000267028809,10.805000305175781,10.90250015258789,5.373157978057861,4750800
2005-03-04,11.007499694824219,11.102499961853027,10.979999542236328,10.979999542236328,5.41135311126709,3036800
2005-03-07,11.017499923706055,11.137499809265137,11.0,11.102499961853027,5.471725940704346,3318800
2005-03-08,11.137499809265137,11.137499809265137,10.960000038146973,10.96500015258789,5.403961658477783,2881200
2005-03-09,10.949999809265137,11.029999732971191,10.8125,10.852499961853027,5.348516464233398,3469200
2005-03-10,10.9350004196167,10.970000267028809,10.765000343322754,10.967499732971191,5.405192852020264,3275600
2005-03-11,10.912500381469727,11.010000228881836,10.692500114440918,10.737500190734863,5.291840076446533,3109200
2005-03-14,10.729999542236328,10.837499618530273,10.729999542236328,10.837499618530273,5.341123580932617,3592800
2005-03-15,10.84749984741211,10.907500267028809,10.670000076293945,10.720000267028809,5.283215045928955,2532800
2005-03-16,10.702500343322754,10.742500305175781,10.46500015258789,10.582500457763672,5.215450286865234,4659200
2005-03-17,10.5024995803833,10.727499961853027,10.4975004196167,10.600000381469727,5.2240753173828125,3478000
2005-03-18,10.482500076293945,10.552499771118164,10.342499732971191,10.387499809265137,5.119348049163818,15880800
2005-03-21,10.442500114440918,10.5024995803833,10.322500228881836,10.404999732971191,5.127971649169922,4534000
2005-03-22,10.432499885559082,10.494999885559082,10.192500114440918,10.217499732971191,5.035563945770264,5300000
2005-03-23,10.244999885559082,10.367500305175781,10.1875,10.197500228881836,5.025707244873047,4251200
2005-03-24,10.25,10.287500381469727,10.119999885559082,10.145000457763672,4.99983549118042,3797200
2005-03-28,10.145000457763672,10.319999694824219,10.145000457763672,10.242500305175781,5.047884941101074,3312400
2005-03-29,10.257499694824219,10.385000228881836,10.227499961853027,10.335000038146973,5.093472957611084,4011600
2005-03-30,10.3774995803833,10.392499923706055,10.242500305175781,10.322500228881836,5.087313175201416,2702400
2005-03-31,10.367500305175781,10.3725004196167,10.255000114440918,10.327500343322754,5.08977746963501,2638800
2005-04-01,10.46500015258789,10.47249984741211,10.22249984741211,10.292499542236328,5.072529315948486,4360400
2005-04-04,10.342499732971191,10.385000228881836,10.227499961853027,10.272500038146973,5.062671184539795,2558000
2005-04-05,10.307499885559082,10.332500457763672,10.212499618530273,10.322500228881836,5.087313175201416,4288000
2005-04-06,10.354999542236328,10.4350004196167,10.292499542236328,10.317500114440918,5.084847927093506,2437200
2005-04-07,10.397500038146973,10.397500038146973,10.27750015258789,10.345000267028809,5.0984015464782715,1998000
2005-04-08,10.387499809265137,10.387499809265137,10.199999809265137,10.217499732971191,5.035563945770264,3329200
2005-04-11,10.197500228881836,10.25,10.137499809265137,10.207500457763672,5.030637264251709,2910800
2005-04-12,10.147500038146973,10.217499732971191,10.050000190734863,10.1899995803833,5.022011756896973,5918400
2005-04-13,10.135000228881836,10.257499694824219,10.0649995803833,10.130000114440918,4.992440700531006,3798800
2005-04-14,10.182499885559082,10.244999885559082,9.994999885559082,10.005000114440918,4.930836200714111,3568400
2005-04-15,10.085000038146973,10.130000114440918,9.927499771118164,9.957500457763672,4.9074273109436035,6000000
2005-04-18,9.907500267028809,10.095000267028809,9.887499809265137,10.007499694824219,4.932069778442383,5439200
2005-04-19,10.03499984741211,10.104999542236328,9.954999923706055,10.052499771118164,4.95424747467041,4144000
2005-04-20,9.979999542236328,10.005000114440918,9.657500267028809,9.707500457763672,4.784217834472656,10040000
2005-04-21,9.8125,9.8125,9.65250015258789,9.795000076293945,4.827342510223389,7476800
2005-04-22,9.8125,9.852499961853027,9.505000114440918,9.552499771118164,4.707828998565674,5218000
2005-04-25,9.6899995803833,9.6899995803833,9.537500381469727,9.602499961853027,4.7324700355529785,4766400
2005-04-26,9.52750015258789,9.637499809265137,9.47249984741211,9.567500114440918,4.715221881866455,7500400
2005-04-27,9.567500114440918,9.8125,9.532500267028809,9.720000267028809,4.790379524230957,4409200
2005-04-28,9.647500038146973,9.6875,9.5,9.59749984741211,4.730006217956543,3440400
2005-04-29,9.602499961853027,9.704999923706055,9.529999732971191,9.647500038146973,4.754647254943848,3991600
2005-05-02,9.72249984741211,9.904999732971191,9.619999885559082,9.654999732971191,4.758345127105713,5988800
2005-05-03,9.6899995803833,9.822500228881836,9.682499885559082,9.762499809265137,4.811324119567871,4092400
2005-05-04,9.84749984741211,9.859999656677246,9.75,9.859999656677246,4.859375,3710000
2005-05-05,9.822500228881836,9.875,9.737500190734863,9.850000381469727,4.854447364807129,3971600
2005-05-06,9.875,9.97249984741211,9.84000015258789,9.875,4.866769313812256,3564400
2005-05-09,9.845000267028809,9.922499656677246,9.77750015258789,9.852499961853027,4.855679035186768,3590000
2005-05-10,9.859999656677246,9.885000228881836,9.72249984741211,9.859999656677246,4.859375,4745200
2005-05-11,9.867500305175781,9.970000267028809,9.807499885559082,9.90250015258789,4.880321979522705,2996800
2005-05-12,9.9375,9.9975004196167,9.859999656677246,9.9375,4.897571563720703,4214000
2005-05-13,9.962499618530273,10.020000457763672,9.885000228881836,9.967499732971191,4.912354946136475,4342800
2005-05-16,9.970000267028809,10.0625,9.957500457763672,10.02750015258789,4.941926956176758,2308000
2005-05-17,9.922499656677246,10.095000267028809,9.922499656677246,10.095000267028809,4.975193500518799,3097200
2005-05-18,10.077500343322754,10.274999618530273,10.077500343322754,10.21500015258789,5.034334182739258,4568000
2005-05-19,10.257499694824219,10.274999618530273,10.057499885559082,10.180000305175781,5.017084121704102,4098800
2005-05-20,10.197500228881836,10.267499923706055,10.15250015258789,10.267499923706055,5.060205936431885,2110800
2005-05-23,10.194999694824219,10.267499923706055,10.194999694824219,10.237500190734863,5.045421600341797,2392800
2005-05-24,10.25,10.25,10.109999656677246,10.227499961853027,5.040493965148926,2325600
2005-05-25,10.207500457763672,10.2475004196167,10.135000228881836,10.197500228881836,5.025707244873047,1552400
2005-05-26,10.229999542236328,10.3725004196167,10.175000190734863,10.270000457763672,5.06143856048584,1753600
2005-05-27,10.272500038146973,10.317500114440918,10.210000038146973,10.237500190734863,5.045421600341797,1642400
2005-05-31,10.167499542236328,10.210000038146973,10.0,10.092499732971191,4.973959445953369,4676000
2005-06-01,10.0024995803833,10.244999885559082,9.957500457763672,10.1225004196167,4.988744735717773,3580800
2005-06-02,9.9975004196167,10.197500228881836,9.962499618530273,10.175000190734863,5.014619827270508,3378000
2005-06-03,10.15999984741211,10.22249984741211,10.017499923706055,10.032500267028809,4.944391250610352,3683600
2005-06-06,10.015000343322754,10.140000343322754,10.0,10.109999656677246,4.9825849533081055,1785600
2005-06-07,10.149999618530273,10.194999694824219,9.992500305175781,9.992500305175781,4.924675941467285,4141600
2005-06-08,10.024999618530273,10.039999961853027,9.822500228881836,9.880000114440918,4.869232654571533,3697600
2005-06-09,9.920000076293945,10.050000190734863,9.835000038146973,9.992500305175781,4.924675941467285,4918400
2005-06-10,9.97249984741211,9.994999885559082,9.917499542236328,9.932499885559082,4.895106315612793,2536000
2005-06-13,9.899999618530273,10.102499961853027,9.899999618530273,9.992500305175781,4.924675941467285,2653600
2005-06-14,10.020000457763672,10.039999961853027,9.952500343322754,9.9975004196167,4.9271416664123535,1646400
2005-06-15,9.970000267028809,9.975000381469727,9.829999923706055,9.925000190734863,4.8914103507995605,3360800
2005-06-16,9.857500076293945,9.979999542236328,9.854999542236328,9.970000267028809,4.913588047027588,2430400
2005-06-17,10.119999885559082,10.119999885559082,9.942500114440918,9.987500190734863,4.922211647033691,7358400
2005-06-20,9.9975004196167,10.022500038146973,9.8100004196167,9.842499732971191,4.8507513999938965,3374800
2005-06-21,9.832500457763672,9.8774995803833,9.625,9.692500114440918,4.776825904846191,5812800
2005-06-22,9.704999923706055,9.774999618530273,9.645000457763672,9.645000457763672,4.753416538238525,3762800
2005-06-23,9.725000381469727,9.737500190734863,9.494999885559082,9.52750015258789,4.695506572723389,4859200
2005-06-24,9.579999923706055,9.59000015258789,9.382499694824219,9.390000343322754,4.627741813659668,4629600
2005-06-27,9.399999618530273,9.537500381469727,9.3774995803833,9.454999923706055,4.659776210784912,3452800
2005-06-28,9.522500038146973,9.65999984741211,9.46500015258789,9.607500076293945,4.734934329986572,3004000
2005-06-29,9.625,9.637499809265137,9.524999618530273,9.572500228881836,4.717685699462891,3156000
2005-06-30,9.59749984741211,9.71500015258789,9.529999732971191,9.649999618530273,4.755880355834961,4447200
2005-07-01,9.617500305175781,9.772500038146973,9.617500305175781,9.635000228881836,4.7484869956970215,3696000
2005-07-05,9.632499694824219,9.7475004196167,9.577500343322754,9.694999694824219,4.77805757522583,3138000
2005-07-06,9.649999618530273,9.734999656677246,9.592499732971191,9.6274995803833,4.744791507720947,4091600
2005-07-07,9.545000076293945,9.71500015258789,9.545000076293945,9.680000305175781,4.770665168762207,3820800
2005-07-08,9.675000190734863,9.904999732971191,9.5649995803833,9.84000015258789,4.849518299102783,3620400
2005-07-11,9.947500228881836,9.947500228881836,9.800000190734863,9.867500305175781,4.863072395324707,3584000
2005-07-12,9.875,9.930000305175781,9.8100004196167,9.887499809265137,4.872928619384766,2759200
2005-07-13,9.90250015258789,9.962499618530273,9.819999694824219,9.962499618530273,4.909890651702881,2343200
2005-07-14,9.862500190734863,10.0024995803833,9.852499961853027,9.949999809265137,4.9037322998046875,3990400
2005-07-15,10.515000343322754,11.197500228881836,10.442500114440918,11.0,5.421211242675781,23257200
2005-07-18,10.932499885559082,11.149999618530273,10.914999961853027,11.1225004196167,5.481584072113037,5489200
2005-07-19,11.119999885559082,11.175000190734863,11.042499542236328,11.109999656677246,5.4754204750061035,4688000
2005-07-20,11.102499961853027,11.28499984741211,11.0649995803833,11.27750015258789,5.557972431182861,5499600
2005-07-21,11.25,11.295000076293945,11.102499961853027,11.257499694824219,5.548117160797119,4325600
2005-07-22,11.197500228881836,11.345000267028809,11.197500228881836,11.329999923706055,5.583845615386963,3258000
2005-07-25,11.342499732971191,11.3725004196167,11.287500381469727,11.307499885559082,5.572757244110107,2609200
2005-07-26,11.302499771118164,11.357500076293945,11.182499885559082,11.225000381469727,5.53209924697876,2194000
2005-07-27,11.125,11.257499694824219,11.09000015258789,11.199999809265137,5.519777774810791,3195200
2005-07-28,11.147500038146973,11.282500267028809,11.140000343322754,11.2475004196167,5.543187141418457,1891200
2005-07-29,11.229999542236328,11.25,11.072500228881836,11.082500457763672,5.461870193481445,2843200
2005-08-01,11.074999809265137,11.149999618530273,11.020000457763672,11.107500076293945,5.4741902351379395,2444000
2005-08-02,11.069999694824219,11.225000381469727,10.9975004196167,11.154999732971191,5.497600078582764,2239200
2005-08-03,11.135000228881836,11.135000228881836,11.0024995803833,11.095000267028809,5.468029975891113,2268800
2005-08-04,10.984999656677246,11.022500038146973,10.914999961853027,10.975000381469727,5.408890724182129,2464800
2005-08-05,10.949999809265137,10.982500076293945,10.84000015258789,10.880000114440918,5.362070560455322,1561600
2005-08-08,10.8774995803833,10.922499656677246,10.819999694824219,10.867500305175781,5.355909824371338,1789200
2005-08-09,10.944999694824219,10.984999656677246,10.882499694824219,10.897500038146973,5.370693683624268,2062000
2005-08-10,10.9350004196167,11.057499885559082,10.720000267028809,10.725000381469727,5.285680294036865,3271600
2005-08-11,10.739999771118164,10.994999885559082,10.6875,10.832500457763672,5.338660717010498,2979600
2005-08-12,10.792499542236328,10.887499809265137,10.704999923706055,10.77750015258789,5.311554431915283,2594000
2005-08-15,10.704999923706055,10.944999694824219,10.632499694824219,10.817500114440918,5.3312668800354,2138000
2005-08-16,10.800000190734863,10.859999656677246,10.604999542236328,10.617500305175781,5.232699394226074,2845200
2005-08-17,10.672499656677246,10.6850004196167,10.550000190734863,10.602499961853027,5.225307941436768,2177600
2005-08-18,10.604999542236328,10.637499809265137,10.512499809265137,10.532500267028809,5.190808296203613,2090400
2005-08-19,10.452500343322754,10.602499961853027,10.449999809265137,10.484999656677246,5.1673994064331055,3950400
2005-08-22,10.47249984741211,10.645000457763672,10.47249984741211,10.512499809265137,5.180952072143555,2136000
2005-08-23,10.475000381469727,10.585000038146973,10.475000381469727,10.512499809265137,5.180952072143555,1966800
2005-08-24,10.5,10.680000305175781,10.420000076293945,10.444999694824219,5.147685527801514,3654400
2005-08-25,10.447500228881836,10.522500038146973,10.412500381469727,10.475000381469727,5.16247034072876,1479200
2005-08-26,10.444999694824219,10.484999656677246,10.307499885559082,10.342499732971191,5.097168922424316,2432000
2005-08-29,10.324999809265137,10.430000305175781,10.324999809265137,10.3725004196167,5.1119537353515625,1809600
2005-08-30,10.3125,10.359999656677246,10.15999984741211,10.225000381469727,5.039261817932129,3208000
2005-08-31,10.227499961853027,10.332500457763672,10.172499656677246,10.3125,5.082385540008545,4288400
2005-09-01,10.234999656677246,10.3125,10.095000267028809,10.177499771118164,5.015851974487305,3014400
2005-09-02,10.017499923706055,10.092499732971191,9.8149995803833,10.0625,4.9591755867004395,6564000
2005-09-06,10.074999809265137,10.244999885559082,10.047499656677246,10.1875,5.02078104019165,5122800
2005-09-07,10.1899995803833,10.332500457763672,10.119999885559082,10.300000190734863,5.076225757598877,4804400
2005-09-08,10.204999923706055,10.274999618530273,10.022500038146973,10.079999923706055,4.967800140380859,4822400
2005-09-09,10.082500457763672,10.197500228881836,10.005000114440918,10.130000114440918,4.992440700531006,4083600
2005-09-12,10.112500190734863,10.267499923706055,10.047499656677246,10.130000114440918,4.992440700531006,3052000
2005-09-13,10.132499694824219,10.140000343322754,9.994999885559082,10.067500114440918,4.961639881134033,2852800
2005-09-14,10.069999694824219,10.1225004196167,9.869999885559082,9.887499809265137,4.872928619384766,3306400
2005-09-15,9.875,9.930000305175781,9.75,9.75,4.805163860321045,3474800
2005-09-16,9.767499923706055,9.982500076293945,9.65250015258789,9.930000305175781,4.893875598907471,11075200
2005-09-19,9.84000015258789,10.017499923706055,9.832500457763672,9.987500190734863,4.922211647033691,8099200
2005-09-20,10.0,10.0625,9.942500114440918,10.0,4.928372859954834,5788400
2005-09-21,9.920000076293945,10.010000228881836,9.852499961853027,9.885000228881836,4.871695041656494,4579200
2005-09-22,9.84000015258789,10.017499923706055,9.75,9.850000381469727,4.854447364807129,5060000
2005-09-23,9.817500114440918,9.875,9.75,9.77750015258789,4.818716526031494,4862800
2005-09-26,9.837499618530273,9.892499923706055,9.75,9.859999656677246,4.859375,4516800
2005-09-27,9.904999732971191,10.107500076293945,9.859999656677246,10.0649995803833,4.96040678024292,4237600
2005-09-28,10.0600004196167,10.1850004196167,10.012499809265137,10.167499542236328,5.010921955108643,4393600
2005-09-29,10.204999923706055,10.34749984741211,10.112500190734863,10.317500114440918,5.084847927093506,3732000
2005-09-30,10.282500267028809,10.350000381469727,10.142499923706055,10.262499809265137,5.057743072509766,4877600
2005-10-03,10.217499732971191,10.350000381469727,10.199999809265137,10.279999732971191,5.066367149353027,3299200
2005-10-04,10.282500267028809,10.342499732971191,10.145000457763672,10.15250015258789,5.003530025482178,3651200
2005-10-05,10.135000228881836,10.135000228881836,9.8774995803833,9.8774995803833,4.86799955368042,2872800
2005-10-06,9.869999885559082,10.0,9.75,9.842499732971191,4.8507513999938965,4204400
2005-10-07,9.895000457763672,9.960000038146973,9.7524995803833,9.875,4.866769313812256,2506000
2005-10-10,9.824999809265137,10.067500114440918,9.732500076293945,9.8774995803833,4.86799955368042,4331600
2005-10-11,9.807499885559082,9.957500457763672,9.732500076293945,9.807499885559082,4.833500862121582,3095600
2005-10-12,9.817500114440918,10.037500381469727,9.8100004196167,9.904999732971191,4.8815531730651855,3474400
2005-10-13,9.922499656677246,9.977499961853027,9.779999732971191,9.800000190734863,4.829805850982666,5361600
2005-10-14,9.859999656677246,9.859999656677246,9.59749984741211,9.805000305175781,4.832271099090576,3231600
2005-10-17,9.824999809265137,9.867500305175781,9.645000457763672,9.697500228881836,4.779289722442627,4467600
2005-10-18,9.670000076293945,9.729999542236328,9.630000114440918,9.637499809265137,4.749720573425293,5080400
2005-10-19,9.625,10.0,9.577500343322754,9.979999542236328,4.918515682220459,5843600
2005-10-20,9.954999923706055,10.017499923706055,9.670000076293945,9.760000228881836,4.810092449188232,4975600
2005-10-21,9.8149995803833,9.949999809265137,9.697500228881836,9.862500190734863,4.860608100891113,4863200
2005-10-24,9.862500190734863,10.09000015258789,9.84000015258789,10.067500114440918,4.961639881134033,4129600
2005-10-25,10.095000267028809,10.180000305175781,10.020000457763672,10.100000381469727,4.977656841278076,3264400
2005-10-26,10.100000381469727,10.175000190734863,9.982500076293945,10.012499809265137,4.934532642364502,2900800
2005-10-27,9.9975004196167,10.074999809265137,9.822500228881836,9.885000228881836,4.871695041656494,3672800
2005-10-28,10.077500343322754,10.140000343322754,9.982500076293945,10.109999656677246,4.9825849533081055,3108000
2005-10-31,10.154999732971191,10.297499656677246,10.045000076293945,10.135000228881836,4.994906425476074,3368800
2005-11-01,10.069999694824219,10.362500190734863,10.069999694824219,10.27750015258789,5.0651350021362305,4161200
2005-11-02,10.25,10.507499694824219,10.25,10.447500228881836,5.148918628692627,4800000
2005-11-03,10.449999809265137,10.592499732971191,10.414999961853027,10.545000076293945,5.196969509124756,4308400
2005-11-04,10.59000015258789,10.662500381469727,10.524999618530273,10.600000381469727,5.2240753173828125,2274400
2005-11-07,10.702500343322754,10.75,10.609999656677246,10.667499542236328,5.2573418617248535,2604400
2005-11-08,10.707500457763672,10.75,10.632499694824219,10.6899995803833,5.268431663513184,2172800
2005-11-09,10.645000457763672,10.739999771118164,10.572500228881836,10.677499771118164,5.262270927429199,3787200
2005-11-10,10.65999984741211,10.885000228881836,10.619999885559082,10.800000190734863,5.322643280029297,3363600
2005-11-11,10.829999923706055,10.890000343322754,10.779999732971191,10.827500343322754,5.3361968994140625,1860800
2005-11-14,10.792499542236328,10.8725004196167,10.662500381469727,10.702500343322754,5.274590015411377,4242400
2005-11-15,10.737500190734863,10.787500381469727,10.647500038146973,10.742500305175781,5.294305324554443,4965200
2005-11-16,10.707500457763672,10.8125,10.675000190734863,10.770000457763672,5.307856559753418,2476000
2005-11-17,10.787500381469727,10.96500015258789,10.729999542236328,10.957500457763672,5.400265216827393,3753200
2005-11-18,11.069999694824219,11.107500076293945,10.914999961853027,11.010000228881836,5.426138401031494,3773600
2005-11-21,11.0,11.079999923706055,10.904999732971191,11.055000305175781,5.448317050933838,2484400
2005-11-22,11.050000190734863,11.114999771118164,10.977499961853027,11.022500038146973,5.432300090789795,3520800
2005-11-23,10.994999885559082,11.229999542236328,10.994999885559082,11.15999984741211,5.500064373016357,2702000
2005-11-25,11.157500267028809,11.15999984741211,11.092499732971191,11.149999618530273,5.495136737823486,824400
2005-11-28,11.117500305175781,11.194999694824219,11.087499618530273,11.1274995803833,5.484046936035156,4934000
2005-11-29,11.202500343322754,11.292499542236328,11.162500381469727,11.210000038146973,5.524706840515137,4369200
2005-11-30,11.182499885559082,11.234999656677246,11.170000076293945,11.180000305175781,5.509921073913574,5154400
2005-12-01,11.194999694824219,11.350000381469727,11.164999961853027,11.287500381469727,5.562901496887207,2712000
2005-12-02,11.199999809265137,11.319999694824219,11.199999809265137,11.3149995803833,5.5764546394348145,5236800
2005-12-05,11.302499771118164,11.3149995803833,10.927499771118164,10.967499732971191,5.405192852020264,9090400
2005-12-06,10.967499732971191,11.012499809265137,10.850000381469727,10.854999542236328,5.349748611450195,5425600
2005-12-07,10.867500305175781,10.867500305175781,10.680000305175781,10.725000381469727,5.285680294036865,5208000
2005-12-08,10.797499656677246,10.797499656677246,10.582500457763672,10.614999771118164,5.231466770172119,3820800
2005-12-09,10.59749984741211,10.710000038146973,10.587499618530273,10.649999618530273,5.248717784881592,4285200
2005-12-12,10.645000457763672,10.71500015258789,10.532500267028809,10.65250015258789,5.249950408935547,2455600
2005-12-13,10.612500190734863,10.72249984741211,10.572500228881836,10.680000305175781,5.263503551483154,3652000
2005-12-14,10.694999694824219,10.850000381469727,10.654999732971191,10.697500228881836,5.272128105163574,2489200
2005-12-15,10.760000228881836,10.800000190734863,10.609999656677246,10.755000114440918,5.3004655838012695,2681200
2005-12-16,10.734999656677246,10.765000343322754,10.550000190734863,10.672499656677246,5.259807586669922,8994400
2005-12-19,10.637499809265137,10.84749984741211,10.539999961853027,10.547499656677246,5.198201656341553,2312800
2005-12-20,10.524999618530273,10.585000038146973,10.422499656677246,10.487500190734863,5.168632507324219,2966400
2005-12-21,10.510000228881836,10.789999961853027,10.510000228881836,10.717499732971191,5.281983375549316,3820400
2005-12-22,10.600000381469727,10.795000076293945,10.380000114440918,10.442500114440918,5.146453380584717,5395600
2005-12-23,10.484999656677246,10.494999885559082,10.287500381469727,10.322500228881836,5.087313175201416,2472000
2005-12-27,10.375,10.520000457763672,10.25,10.295000076293945,5.073760032653809,2828800
2005-12-28,10.267499923706055,10.345000267028809,10.202500343322754,10.317500114440918,5.084847927093506,3427200
2005-12-29,10.329999923706055,10.412500381469727,10.27750015258789,10.354999542236328,5.103329658508301,2092000
2005-12-30,10.307499885559082,10.3774995803833,10.270000457763672,10.282500267028809,5.067600727081299,2312800
2006-01-03,10.337499618530273,10.412500381469727,10.072500228881836,10.369999885559082,5.110722064971924,9868400
2006-01-04,10.412500381469727,10.489999771118164,10.329999923706055,10.359999656677246,5.1057939529418945,5303200
2006-01-05,10.375,10.40250015258789,10.162500381469727,10.1875,5.02078104019165,5540800
2006-01-06,10.255000114440918,10.345000267028809,10.204999923706055,10.324999809265137,5.088544845581055,5797200
2006-01-09,10.305000305175781,10.380000114440918,10.199999809265137,10.367500305175781,5.10949182510376,2952000
2006-01-10,10.307499885559082,10.479999542236328,10.274999618530273,10.425000190734863,5.1378278732299805,3281600
2006-01-11,10.412500381469727,10.475000381469727,10.3125,10.397500038146973,5.124275207519531,2902000
2006-01-12,10.350000381469727,10.40250015258789,10.274999618530273,10.3125,5.082385540008545,2452400
2006-01-13,10.369999885559082,10.369999885559082,10.25,10.270000457763672,5.06143856048584,1620000
2006-01-17,10.257499694824219,10.327500343322754,10.194999694824219,10.225000381469727,5.039261817932129,1462800
2006-01-18,10.25,10.300000190734863,10.149999618530273,10.199999809265137,5.026939868927002,2511200
2006-01-19,10.177499771118164,10.260000228881836,10.072500228881836,10.202500343322754,5.028173446655273,2139200
2006-01-20,10.15250015258789,10.225000381469727,10.007499694824219,10.017499923706055,4.936999320983887,3661600
2006-01-23,10.0024995803833,10.1850004196167,9.944999694824219,10.114999771118164,4.985047817230225,4104400
2006-01-24,10.135000228881836,10.392499923706055,10.100000381469727,10.385000228881836,5.1181159019470215,4990000
2006-01-25,10.3774995803833,10.395000457763672,10.279999732971191,10.3100004196167,5.08115291595459,4647600
2006-01-26,10.4350004196167,10.619999885559082,10.417499542236328,10.512499809265137,5.180952072143555,3999200
2006-01-27,10.505000114440918,10.77750015258789,10.505000114440918,10.682499885559082,5.264735221862793,2768400
2006-01-30,10.732500076293945,10.8725004196167,10.675000190734863,10.7475004196167,5.296767234802246,3983200
2006-01-31,10.649999618530273,10.767499923706055,10.600000381469727,10.649999618530273,5.248717784881592,3863200
2006-02-01,10.550000190734863,10.72249984741211,10.4975004196167,10.5600004196167,5.204362392425537,3955600
2006-02-02,10.515000343322754,10.5600004196167,10.34000015258789,10.449999809265137,5.150150299072266,2906000
2006-02-03,10.102499961853027,10.22249984741211,10.079999923706055,10.147500038146973,5.174370765686035,5278400
2006-02-06,10.109999656677246,10.140000343322754,10.045000076293945,10.104999542236328,5.152700424194336,3242000
2006-02-07,10.077500343322754,10.130000114440918,10.024999618530273,10.095000267028809,5.147601127624512,2501600
2006-02-08,10.077500343322754,10.130000114440918,9.949999809265137,10.112500190734863,5.156522750854492,4764400
2006-02-09,10.085000038146973,10.204999923706055,10.0024995803833,10.125,5.16289758682251,5514800
2006-02-10,10.157500267028809,10.164999961853027,10.0,10.130000114440918,5.1654462814331055,4014000
2006-02-13,10.15250015258789,10.220000267028809,10.067500114440918,10.095000267028809,5.147601127624512,3472400
2006-02-14,10.082500457763672,10.137499809265137,10.047499656677246,10.109999656677246,5.155248641967773,3896000
2006-02-15,10.092499732971191,10.212499618530273,10.02750015258789,10.202500343322754,5.202416896820068,2523600
2006-02-16,10.237500190734863,10.3100004196167,10.1225004196167,10.2475004196167,5.225362300872803,2169600
2006-02-17,10.1875,10.25,10.149999618530273,10.157500267028809,5.179471015930176,2632000
2006-02-21,10.182499885559082,10.202500343322754,10.0,10.069999694824219,5.134852886199951,2752800
2006-02-22,10.09749984741211,10.329999923706055,10.079999923706055,10.225000381469727,5.213889122009277,2221200
2006-02-23,10.212499618530273,10.292499542236328,10.15250015258789,10.175000190734863,5.188394069671631,1647600
2006-02-24,10.237500190734863,10.292499542236328,10.167499542236328,10.289999961853027,5.247033596038818,1500000
2006-02-27,10.289999961853027,10.4350004196167,10.265000343322754,10.342499732971191,5.273804187774658,2211200
2006-02-28,10.270000457763672,10.362500190734863,10.125,10.272500038146973,5.238109588623047,2879600
2006-03-01,10.2524995803833,10.3149995803833,10.157500267028809,10.267499923706055,5.235560417175293,2038000
2006-03-02,10.15250015258789,10.382499694824219,10.15250015258789,10.292499542236328,5.2483086585998535,2488800
2006-03-03,10.21500015258789,10.427499771118164,10.162500381469727,10.302499771118164,5.253407001495361,2696400
2006-03-06,10.270000457763672,10.447500228881836,10.25,10.362500190734863,5.284002304077148,4623600
2006-03-07,10.382499694824219,10.59749984741211,10.382499694824219,10.5024995803833,5.3553900718688965,3945200
2006-03-08,10.545000076293945,10.612500190734863,10.460000038146973,10.555000305175781,5.3821611404418945,3674400
2006-03-09,10.572500228881836,10.625,10.454999923706055,10.5,5.354115009307861,2207600
2006-03-10,10.4399995803833,10.640000343322754,10.399999618530273,10.542499542236328,5.37578821182251,2682000
2006-03-13,10.595000267028809,10.727499961853027,10.532500267028809,10.65999984741211,5.435702323913574,2479200
2006-03-14,10.649999618530273,10.912500381469727,10.632499694824219,10.890000343322754,5.552982330322266,4069200
2006-03-15,10.90250015258789,11.0,10.829999923706055,10.989999771118164,5.603974342346191,2484400
2006-03-16,10.96500015258789,11.074999809265137,10.899999618530273,10.9350004196167,5.575930595397949,3246800
2006-03-17,10.725000381469727,10.727499961853027,10.420000076293945,10.542499542236328,5.37578821182251,9603200
2006-03-20,10.510000228881836,10.585000038146973,10.47249984741211,10.505000114440918,5.35666561126709,3309600
2006-03-21,10.460000038146973,10.667499542236328,10.442500114440918,10.460000038146973,5.333719730377197,3160000
2006-03-22,10.447500228881836,10.537500381469727,10.382499694824219,10.507499694824219,5.357939720153809,2440400
2006-03-23,10.449999809265137,10.52750015258789,10.385000228881836,10.492500305175781,5.350290775299072,2394000
2006-03-24,10.824999809265137,10.824999809265137,10.637499809265137,10.692500114440918,5.452273845672607,4836400
2006-03-27,10.704999923706055,10.75,10.582500457763672,10.657500267028809,5.434427738189697,2075600
2006-03-28,10.677499771118164,10.6899995803833,10.489999771118164,10.5625,5.385984897613525,3814000
2006-03-29,10.547499656677246,10.744999885559082,10.5,10.677499771118164,5.4446258544921875,3048000
2006-03-30,10.635000228881836,10.8100004196167,10.635000228881836,10.734999656677246,5.473946571350098,2826800
2006-03-31,10.699999809265137,10.78499984741211,10.572500228881836,10.654999732971191,5.43315315246582,3127200
2006-04-03,10.702500343322754,10.765000343322754,10.555000305175781,10.567500114440918,5.388535022735596,3195600
2006-04-04,10.577500343322754,10.667499542236328,10.555000305175781,10.6225004196167,5.416581153869629,2695200
2006-04-05,10.59000015258789,10.662500381469727,10.5,10.557499885559082,5.383436679840088,2123600
2006-04-06,10.5,10.579999923706055,10.452500343322754,10.539999961853027,5.374512672424316,2137600
2006-04-07,10.5,10.710000038146973,10.475000381469727,10.5,5.354115009307861,2172000
2006-04-10,10.475000381469727,10.529999732971191,10.397500038146973,10.52750015258789,5.368139743804932,1881200
2006-04-11,10.5649995803833,10.5649995803833,10.395000457763672,10.487500190734863,5.347743034362793,2082000
2006-04-12,10.449999809265137,10.515000343322754,10.40999984741211,10.489999771118164,5.349015712738037,2209200
2006-04-13,10.512499809265137,10.582500457763672,10.3725004196167,10.395000457763672,5.3005757331848145,3056800
2006-04-17,10.352499961853027,10.46500015258789,10.274999618530273,10.335000038146973,5.2699785232543945,2664800
2006-04-18,10.317500114440918,10.5649995803833,10.317500114440918,10.5024995803833,5.3553900718688965,4060800
2006-04-19,10.487500190734863,10.657500267028809,10.487500190734863,10.642499923706055,5.426779270172119,4128800
2006-04-20,10.595000267028809,10.667499542236328,10.547499656677246,10.555000305175781,5.3821611404418945,2783600
2006-04-21,10.647500038146973,10.647500038146973,10.3774995803833,10.462499618530273,5.334994316101074,5021600
2006-04-24,10.399999618530273,10.4975004196167,10.34000015258789,10.460000038146973,5.333719730377197,2308400
2006-04-25,10.412500381469727,10.494999885559082,10.274999618530273,10.295000076293945,5.2495832443237305,5292400
2006-04-26,10.27750015258789,10.5,10.265000343322754,10.417499542236328,5.312047004699707,4142400
2006-04-27,10.404999732971191,10.5625,10.364999771118164,10.5,5.354115009307861,3281200
2006-04-28,10.574999809265137,10.574999809265137,10.454999923706055,10.494999885559082,5.351566791534424,2479200
2006-05-01,10.452500343322754,10.6875,10.292499542236328,10.34749984741211,5.276353359222412,4788800
2006-05-02,10.342499732971191,10.492500305175781,10.3100004196167,10.425000190734863,5.315872669219971,2305600
2006-05-03,10.387499809265137,10.447500228881836,10.350000381469727,10.414999961853027,5.31077241897583,1579600
2006-05-04,10.397500038146973,10.592499732971191,10.387499809265137,10.494999885559082,5.351566791534424,1534400
2006-05-05,10.567500114440918,10.600000381469727,10.467499732971191,10.5024995803833,5.3553900718688965,1335200
2006-05-08,10.4375,10.577500343322754,10.4375,10.4975004196167,5.352841377258301,1060400
2006-05-09,10.46500015258789,10.577500343322754,10.457500457763672,10.555000305175781,5.3821611404418945,1462000
2006-05-10,10.512499809265137,10.637499809265137,10.460000038146973,10.555000305175781,5.3821611404418945,2067600
2006-05-11,10.4975004196167,10.555000305175781,10.449999809265137,10.462499618530273,5.334994316101074,2360800
2006-05-12,10.4350004196167,10.545000076293945,10.380000114440918,10.382499694824219,5.294200897216797,2608000
2006-05-15,10.385000228881836,10.444999694824219,10.3125,10.350000381469727,5.277628421783447,3068800
2006-05-16,10.300000190734863,10.430000305175781,10.217499732971191,10.28499984741211,5.24448299407959,3762400
2006-05-17,10.220000267028809,10.345000267028809,10.1875,10.1899995803833,5.196042537689209,2840000
2006-05-18,10.217499732971191,10.359999656677246,10.157500267028809,10.204999923706055,5.203691482543945,2428800
2006-05-19,10.077500343322754,10.385000228881836,10.077500343322754,10.302499771118164,5.253407001495361,5546800
2006-05-22,10.234999656677246,10.367500305175781,10.175000190734863,10.260000228881836,5.231735706329346,4616800
2006-05-23,10.279999732971191,10.279999732971191,10.047499656677246,10.047499656677246,5.123378276824951,3255200
2006-05-24,9.992500305175781,10.27750015258789,9.975000381469727,10.234999656677246,5.218988418579102,4650000
2006-05-25,10.265000343322754,10.27750015258789,10.119999885559082,10.2475004196167,5.225362300872803,2530000
2006-05-26,10.257499694824219,10.510000228881836,10.21500015258789,10.324999809265137,5.2648797035217285,5096400
2006-05-30,10.324999809265137,10.625,10.324999809265137,10.462499618530273,5.334994316101074,7205200
2006-05-31,10.427499771118164,10.680000305175781,10.375,10.59000015258789,5.4000091552734375,6271600
2006-06-01,10.577500343322754,10.704999923706055,10.552499771118164,10.635000228881836,5.422955513000488,4470000
2006-06-02,10.710000038146973,10.710000038146973,10.4350004196167,10.542499542236328,5.37578821182251,3698400
2006-06-05,10.505000114440918,10.5625,10.40250015258789,10.414999961853027,5.31077241897583,2504400
2006-06-06,10.40250015258789,10.479999542236328,10.324999809265137,10.40999984741211,5.308223247528076,6476400
2006-06-07,10.442500114440918,10.574999809265137,10.362500190734863,10.432499885559082,5.319695472717285,2952400
2006-06-08,10.367500305175781,10.40250015258789,10.1899995803833,10.352499961853027,5.278902530670166,4626000
2006-06-09,10.399999618530273,10.420000076293945,10.262499809265137,10.305000305175781,5.2546820640563965,3039200
2006-06-12,10.357500076293945,10.3774995803833,10.272500038146973,10.279999732971191,5.241934299468994,3104000
2006-06-13,10.287500381469727,10.362500190734863,10.234999656677246,10.244999885559082,5.224088191986084,3777600
2006-06-14,10.21500015258789,10.265000343322754,10.09000015258789,10.162500381469727,5.1820197105407715,3976800
2006-06-15,10.212499618530273,10.262499809265137,10.114999771118164,10.227499961853027,5.215164661407471,3594000
2006-06-16,10.177499771118164,10.2524995803833,10.132499694824219,10.147500038146973,5.174370765686035,4532800
2006-06-19,10.145000457763672,10.1899995803833,10.015000343322754,10.067500114440918,5.133577346801758,2911200
2006-06-20,10.09000015258789,10.1274995803833,9.994999885559082,10.0,5.09915828704834,2366800
2006-06-21,10.039999961853027,10.192500114440918,10.02750015258789,10.092499732971191,5.146324634552002,2273200
2006-06-22,10.052499771118164,10.1225004196167,9.869999885559082,9.922499656677246,5.0596394538879395,4883600
2006-06-23,9.8725004196167,10.050000190734863,9.8725004196167,9.927499771118164,5.062187671661377,2540400
2006-06-26,9.907500267028809,10.012499809265137,9.904999732971191,9.97249984741211,5.085134506225586,1430000
2006-06-27,9.949999809265137,9.992500305175781,9.78499984741211,9.78499984741211,4.98952579498291,2550400
2006-06-28,9.819999694824219,9.914999961853027,9.770000457763672,9.892499923706055,5.044342041015625,1949600
2006-06-29,9.979999542236328,10.079999923706055,9.892499923706055,10.010000228881836,5.104257106781006,3990800
2006-06-30,10.032500267028809,10.085000038146973,9.930000305175781,9.9399995803833,5.068561553955078,2539200
2006-07-03,9.994999885559082,10.029999732971191,9.862500190734863,9.887499809265137,5.041791915893555,1533200
2006-07-05,9.8149995803833,9.890000343322754,9.607500076293945,9.727499961853027,4.960206031799316,4656000
2006-07-06,9.702500343322754,9.739999771118164,9.645000457763672,9.677499771118164,4.9347100257873535,3742000
2006-07-07,9.677499771118164,9.677499771118164,9.52750015258789,9.545000076293945,4.867145538330078,2992000
2006-07-10,9.582500457763672,9.734999656677246,9.52750015258789,9.6225004196167,4.9066643714904785,2364400
2006-07-11,9.592499732971191,9.72249984741211,9.5649995803833,9.6875,4.939810276031494,4866000
2006-07-12,9.71500015258789,9.71500015258789,9.217499732971191,9.3100004196167,4.747315883636475,7006000
2006-07-13,9.292499542236328,9.369999885559082,9.192500114440918,9.274999618530273,4.729469299316406,4922400
2006-07-14,9.199999809265137,9.282500267028809,9.012499809265137,9.170000076293945,4.675928115844727,10662400
2006-07-17,9.117500305175781,9.210000038146973,8.970000267028809,9.020000457763672,4.599441051483154,7493600
2006-07-18,9.022500038146973,9.149999618530273,8.8100004196167,8.9399995803833,4.558647155761719,4722400
2006-07-19,8.960000038146973,9.109999656677246,8.9399995803833,9.039999961853027,4.609639644622803,5694000
2006-07-20,9.015000343322754,9.015000343322754,8.725000381469727,8.77750015258789,4.4757843017578125,5087600
2006-07-21,8.712499618530273,8.8725004196167,8.702500343322754,8.8149995803833,4.494907855987549,4410000
2006-07-24,8.824999809265137,9.015000343322754,8.8149995803833,8.9975004196167,4.587967872619629,3725600
2006-07-25,8.975000381469727,9.015000343322754,8.925000190734863,8.992500305175781,4.585418224334717,2386000
2006-07-26,8.927499771118164,8.977499961853027,8.84000015258789,8.862500190734863,4.519129276275635,3967200
2006-07-27,8.9375,9.055000305175781,8.850000381469727,8.9399995803833,4.558647155761719,4891600
2006-07-28,9.022500038146973,9.047499656677246,8.885000228881836,8.979999542236328,4.579043865203857,3377600
2006-07-31,8.930000305175781,8.9350004196167,8.762499809265137,8.824999809265137,4.500007152557373,4083600
2006-08-01,8.762499809265137,8.822500228881836,8.642499923706055,8.729999542236328,4.451564311981201,3846400
2006-08-02,8.72249984741211,8.8774995803833,8.692500114440918,8.782500267028809,4.478335380554199,2716000
2006-08-03,8.734999656677246,8.960000038146973,8.720000267028809,8.90250015258789,4.539524555206299,2723200
2006-08-04,8.975000381469727,8.994999885559082,8.72249984741211,8.824999809265137,4.500007152557373,2582400
2006-08-07,8.850000381469727,8.920000076293945,8.739999771118164,8.8149995803833,4.494907855987549,3258000
2006-08-08,8.867500305175781,8.895000457763672,8.7524995803833,8.824999809265137,4.500007152557373,2589600
2006-08-09,8.8774995803833,9.0,8.767499923706055,8.78499984741211,4.479609966278076,4625200
2006-08-10,8.787500381469727,8.954999923706055,8.7475004196167,8.90250015258789,4.539524555206299,2643200
2006-08-11,8.854999542236328,8.887499809265137,8.744999885559082,8.8774995803833,4.526777744293213,3007200
2006-08-14,8.917499542236328,9.045000076293945,8.917499542236328,8.949999809265137,4.563746452331543,3812800
2006-08-15,9.042499542236328,9.042499542236328,8.897500038146973,9.005000114440918,4.591792106628418,3074000
2006-08-16,9.050000190734863,9.050000190734863,8.9375,9.020000457763672,4.599441051483154,3432800
2006-08-17,9.032500267028809,9.329999923706055,9.012499809265137,9.302499771118164,4.7434916496276855,5560000
2006-08-18,9.327500343322754,9.327500343322754,9.162500381469727,9.217499732971191,4.700148582458496,3149600
2006-08-21,9.15999984741211,9.257499694824219,9.117500305175781,9.130000114440918,4.655531406402588,1724000
2006-08-22,9.092499732971191,9.262499809265137,9.074999809265137,9.135000228881836,4.658080577850342,2179600
2006-08-23,9.162500381469727,9.234999656677246,9.100000381469727,9.137499809265137,4.6593546867370605,2153600
2006-08-24,9.212499618530273,9.225000381469727,9.029999732971191,9.102499961853027,4.641510009765625,1386800
2006-08-25,9.072500228881836,9.142499923706055,9.007499694824219,9.03499984741211,4.607089996337891,1521200
2006-08-28,8.9975004196167,9.2475004196167,8.994999885559082,9.232500076293945,4.707797050476074,2796400
2006-08-29,9.2475004196167,9.34000015258789,9.199999809265137,9.322500228881836,4.753689289093018,2370800
2006-08-30,9.322500228881836,9.359999656677246,9.170000076293945,9.199999809265137,4.691224575042725,1997600
2006-08-31,9.22249984741211,9.327500343322754,9.145000457763672,9.257499694824219,4.720544338226318,1923600
2006-09-01,9.3125,9.595000267028809,9.272500038146973,9.507499694824219,4.848023891448975,4332400
2006-09-05,9.537500381469727,9.547499656677246,9.385000228881836,9.477499961853027,4.83272647857666,4016400
2006-09-06,9.4399995803833,9.4399995803833,9.287500381469727,9.34749984741211,4.766439437866211,2874400
2006-09-07,9.357500076293945,9.47249984741211,9.25,9.342499732971191,4.763887882232666,2606400
2006-09-08,9.335000038146973,9.422499656677246,9.307499885559082,9.382499694824219,4.784286022186279,1877200
2006-09-11,9.279999732971191,9.625,9.260000228881836,9.520000457763672,4.854398250579834,3325600
2006-09-12,9.470000267028809,9.640000343322754,9.385000228881836,9.614999771118164,4.902840614318848,3620800
2006-09-13,9.595000267028809,9.672499656677246,9.510000228881836,9.654999732971191,4.923238277435303,2149600
2006-09-14,9.577500343322754,9.654999732971191,9.28499984741211,9.515000343322754,4.85184907913208,4138000
2006-09-15,9.555000305175781,9.744999885559082,9.545000076293945,9.550000190734863,4.869696140289307,7402400
2006-09-18,9.607500076293945,9.657500267028809,9.5,9.5625,4.87606954574585,2597200
2006-09-19,9.555000305175781,9.850000381469727,9.5024995803833,9.795000076293945,4.994626998901367,5602400
2006-09-20,9.779999732971191,10.077500343322754,9.779999732971191,9.932499885559082,5.0647382736206055,4569600
2006-09-21,9.922499656677246,10.177499771118164,9.842499732971191,10.100000381469727,5.150149822235107,6776000
2006-09-22,10.100000381469727,10.100000381469727,9.9350004196167,9.984999656677246,5.091508865356445,3219200
2006-09-25,10.0625,10.154999732971191,9.859999656677246,10.074999809265137,5.137401580810547,3429600
2006-09-26,10.020000457763672,10.212499618530273,9.967499732971191,10.170000076293945,5.185844421386719,4282000
2006-09-27,10.107500076293945,10.244999885559082,10.107500076293945,10.220000267028809,5.211339950561523,2949200
2006-09-28,10.25,10.3125,10.170000076293945,10.265000343322754,5.234286308288574,2984800
2006-09-29,10.265000343322754,10.28499984741211,10.147500038146973,10.207500457763672,5.204966068267822,2240800
2006-10-02,10.232500076293945,10.3125,10.0600004196167,10.1225004196167,5.161622524261475,4587600
2006-10-03,10.145000457763672,10.227499961853027,10.057499885559082,10.095000267028809,5.147601127624512,2260400
2006-10-04,10.0625,10.375,9.984999656677246,10.337499618530273,5.271254062652588,3825200
2006-10-05,10.27750015258789,10.395000457763672,10.217499732971191,10.3725004196167,5.289101600646973,2161600
2006-10-06,10.362500190734863,10.399999618530273,10.270000457763672,10.359999656677246,5.282726764678955,1987200
2006-10-09,10.225000381469727,10.357500076293945,10.175000190734863,10.267499923706055,5.235560417175293,2037600
2006-10-10,10.237500190734863,10.332500457763672,10.1899995803833,10.260000228881836,5.231735706329346,2160800
2006-10-11,10.255000114440918,10.28499984741211,10.102499961853027,10.202500343322754,5.202416896820068,2451200
2006-10-12,10.212499618530273,10.382499694824219,10.212499618530273,10.3725004196167,5.289101600646973,1948800
2006-10-13,10.399999618530273,10.47249984741211,10.3100004196167,10.397500038146973,5.301849365234375,3128400
2006-10-16,10.345000267028809,10.5,10.345000267028809,10.475000381469727,5.341367721557617,2600000
2006-10-17,10.387499809265137,10.470000267028809,10.364999771118164,10.387499809265137,5.296751976013184,2010000
2006-10-18,10.5,10.510000228881836,10.272500038146973,10.397500038146973,5.301849365234375,3046000
2006-10-19,10.352499961853027,10.467499732971191,10.267499923706055,10.367500305175781,5.286553382873535,2050800
2006-10-20,10.375,10.382499694824219,10.192500114440918,10.324999809265137,5.2648797035217285,4072400
2006-10-23,10.265000343322754,10.369999885559082,10.217499732971191,10.319999694824219,5.262331008911133,3372000
2006-10-24,10.305000305175781,10.357500076293945,10.157500267028809,10.272500038146973,5.238109588623047,4868800
2006-10-25,10.217499732971191,10.3149995803833,10.140000343322754,10.300000190734863,5.252133369445801,4040400
2006-10-26,10.272500038146973,10.362500190734863,10.182499885559082,10.342499732971191,5.273804187774658,2206800
2006-10-27,10.34749984741211,10.375,10.220000267028809,10.287500381469727,5.245758056640625,2505200
2006-10-30,10.300000190734863,10.47249984741211,10.287500381469727,10.427499771118164,5.317147254943848,3206400
2006-10-31,10.467499732971191,10.467499732971191,10.2475004196167,10.350000381469727,5.277628421783447,2350000
2006-11-01,10.364999771118164,10.422499656677246,10.180000305175781,10.239999771118164,5.221537113189697,2710400
2006-11-02,10.244999885559082,10.390000343322754,10.210000038146973,10.307499885559082,5.255958080291748,3097200
2006-11-03,10.380000114440918,10.385000228881836,10.147500038146973,10.217499732971191,5.2100629806518555,3104000
2006-11-06,10.265000343322754,10.457500457763672,10.162500381469727,10.332500457763672,5.268705368041992,2549200
2006-11-07,10.28499984741211,10.449999809265137,10.212499618530273,10.34749984741211,5.276353359222412,1907200
2006-11-08,10.272500038146973,10.492500305175781,10.272500038146973,10.427499771118164,5.317147254943848,2368800
2006-11-09,10.425000190734863,10.425000190734863,10.300000190734863,10.380000114440918,5.2929253578186035,2424400
2006-11-10,10.407500267028809,10.619999885559082,10.407500267028809,10.609999656677246,5.410205364227295,3755600
2006-11-13,10.582500457763672,10.75,10.52750015258789,10.707500457763672,5.459924221038818,2446800
2006-11-14,10.657500267028809,10.779999732971191,10.609999656677246,10.767499923706055,5.490517616271973,2823200
2006-11-15,10.779999732971191,10.932499885559082,10.7524995803833,10.857500076293945,5.536410331726074,2859200
2006-11-16,10.932499885559082,10.957500457763672,10.8125,10.907500267028809,5.561906814575195,1623200
2006-11-17,10.869999885559082,10.957500457763672,10.824999809265137,10.867500305175781,5.541511535644531,2437600
2006-11-20,10.882499694824219,10.897500038146973,10.72249984741211,10.787500381469727,5.500717639923096,2564800
2006-11-21,10.8100004196167,10.8100004196167,10.702500343322754,10.77750015258789,5.495616912841797,2249600
2006-11-22,10.742500305175781,10.802499771118164,10.604999542236328,10.6850004196167,5.448449611663818,3462000
2006-11-24,10.592499732971191,10.640000343322754,10.579999923706055,10.602499961853027,5.4063825607299805,972800
2006-11-27,10.612500190734863,10.6225004196167,10.387499809265137,10.547499656677246,5.378337383270264,3720000
2006-11-28,10.515000343322754,10.607500076293945,10.477499961853027,10.524999618530273,5.366864204406738,2018000
2006-11-29,10.524999618530273,10.645000457763672,10.4975004196167,10.614999771118164,5.412756443023682,2231600
2006-11-30,10.5600004196167,10.595000267028809,10.460000038146973,10.550000190734863,5.379611968994141,2824400
2006-12-01,10.550000190734863,10.635000228881836,10.407500267028809,10.5649995803833,5.387261390686035,2964000
2006-12-04,10.637499809265137,10.767499923706055,10.555000305175781,10.662500381469727,5.436977863311768,3232000
2006-12-05,10.654999732971191,10.692500114440918,10.587499618530273,10.632499694824219,5.421679973602295,1696400
2006-12-06,10.667499542236328,10.667499542236328,10.555000305175781,10.635000228881836,5.422955513000488,1869200
2006-12-07,10.672499656677246,10.6899995803833,10.517499923706055,10.602499961853027,5.4063825607299805,2063600
2006-12-08,10.640000343322754,10.802499771118164,10.5625,10.664999961853027,5.438251495361328,2246400
2006-12-11,10.59749984741211,10.727499961853027,10.574999809265137,10.654999732971191,5.43315315246582,2088400
2006-12-12,10.612500190734863,10.637499809265137,10.487500190734863,10.569999694824219,5.389810085296631,2418000
2006-12-13,10.555000305175781,10.609999656677246,10.462499618530273,10.515000343322754,5.361765384674072,2408000
2006-12-14,10.517499923706055,10.779999732971191,10.475000381469727,10.657500267028809,5.434427738189697,3586400
2006-12-15,10.8100004196167,10.8100004196167,10.625,10.682499885559082,5.447176456451416,5078400
2006-12-18,10.6850004196167,10.737500190734863,10.494999885559082,10.550000190734863,5.379611968994141,2054000
2006-12-19,10.452500343322754,10.537500381469727,10.385000228881836,10.470000267028809,5.3388190269470215,3717600
2006-12-20,10.1850004196167,10.350000381469727,9.619999885559082,10.055000305175781,5.12720251083374,14251600
2006-12-21,10.092499732971191,10.162500381469727,10.022500038146973,10.02750015258789,5.113182067871094,7627600
2006-12-22,9.987500190734863,10.057499885559082,9.907500267028809,9.957500457763672,5.077486038208008,3814800
2006-12-26,9.917499542236328,10.012499809265137,9.880000114440918,9.932499885559082,5.0647382736206055,2472800
2006-12-27,10.047499656677246,10.09000015258789,9.875,10.017499923706055,5.108083248138428,3000800
2006-12-28,9.970000267028809,10.020000457763672,9.9375,9.979999542236328,5.088958740234375,2020000
2006-12-29,9.942500114440918,10.074999809265137,9.927499771118164,9.927499771118164,5.062187671661377,2324000
2007-01-03,9.920000076293945,10.322500228881836,9.920000076293945,10.107500076293945,5.1539740562438965,7324800
2007-01-04,10.102499961853027,10.192500114440918,9.992500305175781,10.117500305175781,5.159072399139404,3172000
2007-01-05,10.142499923706055,10.167499542236328,9.982500076293945,10.072500228881836,5.13612699508667,4557600
2007-01-08,10.0649995803833,10.130000114440918,10.0,10.082500457763672,5.141226291656494,2939600
2007-01-09,10.087499618530273,10.147500038146973,9.989999771118164,10.0649995803833,5.132301330566406,3169200
2007-01-10,9.994999885559082,10.092499732971191,9.960000038146973,10.037500381469727,5.118279933929443,3870000
2007-01-11,10.087499618530273,10.194999694824219,10.020000457763672,10.1225004196167,5.161622524261475,2952800
2007-01-12,10.1225004196167,10.227499961853027,10.069999694824219,10.170000076293945,5.185844421386719,3695600
2007-01-16,10.210000038146973,10.255000114440918,10.145000457763672,10.2475004196167,5.225362300872803,2602400
2007-01-17,10.2475004196167,10.327500343322754,10.207500457763672,10.210000038146973,5.206240177154541,3148800
2007-01-18,10.227499961853027,10.350000381469727,10.149999618530273,10.175000190734863,5.188394069671631,2748400
2007-01-19,10.079999923706055,10.229999542236328,10.077500343322754,10.199999809265137,5.201140880584717,3861200
2007-01-22,10.220000267028809,10.255000114440918,10.109999656677246,10.212499618530273,5.207515716552734,2681200
2007-01-23,10.192500114440918,10.28499984741211,10.147500038146973,10.175000190734863,5.188394069671631,2122400
2007-01-24,10.270000457763672,10.512499809265137,10.2524995803833,10.417499542236328,5.312047004699707,5285600
2007-01-25,10.34000015258789,10.354999542236328,10.217499732971191,10.272500038146973,5.238109588623047,3270400
2007-01-26,10.282500267028809,10.297499656677246,10.167499542236328,10.242500305175781,5.222812175750732,2152800
2007-01-29,10.194999694824219,10.432499885559082,10.182499885559082,10.350000381469727,5.277628421783447,5082800
2007-01-30,10.350000381469727,10.364999771118164,10.175000190734863,10.22249984741211,5.212613582611084,3098800
2007-01-31,10.225000381469727,10.305000305175781,10.135000228881836,10.287500381469727,5.245758056640625,3140800
2007-02-01,10.239999771118164,10.467499732971191,10.229999542236328,10.352499961853027,5.278902530670166,3849600
2007-02-02,10.274999618530273,10.332500457763672,10.180000305175781,10.302499771118164,5.459062099456787,3471200
2007-02-05,10.327500343322754,10.399999618530273,10.274999618530273,10.3774995803833,5.4988017082214355,3164800
2007-02-06,10.417499542236328,10.427499771118164,10.2475004196167,10.404999732971191,5.513373851776123,3353600
2007-02-07,10.4350004196167,10.547499656677246,10.34000015258789,10.545000076293945,5.5875563621521,4220800
2007-02-08,10.53499984741211,10.547499656677246,10.432499885559082,10.494999885559082,5.561063289642334,3197200
2007-02-09,10.520000457763672,10.522500038146973,10.392499923706055,10.4350004196167,5.529271125793457,3618400
2007-02-12,10.395000457763672,10.492500305175781,10.322500228881836,10.477499961853027,5.551790237426758,3193200
2007-02-13,10.507499694824219,10.522500038146973,10.420000076293945,10.492500305175781,5.559739112854004,3249200
2007-02-14,10.522500038146973,10.647500038146973,10.5024995803833,10.592499732971191,5.612725734710693,2692800
2007-02-15,10.579999923706055,10.612500190734863,10.482500076293945,10.585000038146973,5.608752727508545,2277200
2007-02-16,10.572500228881836,10.625,10.529999732971191,10.59749984741211,5.615375995635986,2648800
2007-02-20,10.542499542236328,10.71500015258789,10.482500076293945,10.702500343322754,5.671013355255127,2426400
2007-02-21,10.702500343322754,10.72249984741211,10.5625,10.617500305175781,5.625971794128418,1606000
2007-02-22,10.619999885559082,10.672499656677246,10.5600004196167,10.657500267028809,5.647167682647705,1750400
2007-02-23,10.680000305175781,10.680000305175781,10.567500114440918,10.574999809265137,5.603454113006592,1991200
2007-02-26,10.592499732971191,10.662500381469727,10.449999809265137,10.520000457763672,5.574309349060059,2169600
2007-02-27,10.46500015258789,10.507499694824219,10.204999923706055,10.204999923706055,5.407397747039795,4514000
2007-02-28,10.28499984741211,10.317500114440918,10.039999961853027,10.095000267028809,5.349112510681152,5204800
2007-03-01,9.9399995803833,10.095000267028809,9.827500343322754,9.930000305175781,5.261682987213135,7077200
2007-03-02,9.8149995803833,9.914999961853027,9.805000305175781,9.837499618530273,5.2126688957214355,4856800
2007-03-05,9.957500457763672,9.957500457763672,9.712499618530273,9.71500015258789,5.147757530212402,6458800
2007-03-06,9.717499732971191,9.792499542236328,9.612500190734863,9.739999771118164,5.161004543304443,3777200
2007-03-07,9.792499542236328,10.005000114440918,9.692500114440918,9.912500381469727,5.252409934997559,4713600
2007-03-08,9.949999809265137,10.055000305175781,9.917499542236328,9.987500190734863,5.292151927947998,4921600
2007-03-09,10.057499885559082,10.092499732971191,9.90250015258789,10.005000114440918,5.301423072814941,5252800
2007-03-12,9.967499732971191,10.077500343322754,9.895000457763672,10.047499656677246,5.323941707611084,2096400
2007-03-13,9.982500076293945,10.039999961853027,9.907500267028809,9.914999961853027,5.2537336349487305,4971200
2007-03-14,9.807499885559082,10.079999923706055,9.6899995803833,10.024999618530273,5.312020301818848,6170000
2007-03-15,10.0,10.029999732971191,9.882499694824219,9.932499885559082,5.263007164001465,4916000
2007-03-16,9.932499885559082,9.960000038146973,9.819999694824219,9.917499542236328,5.255059719085693,5502800
2007-03-19,9.957500457763672,10.072500228881836,9.930000305175781,10.010000228881836,5.304072856903076,2657600
2007-03-20,10.012499809265137,10.164999961853027,10.005000114440918,10.1274995803833,5.366333484649658,4218400
2007-03-21,9.412500381469727,9.600000381469727,9.09000015258789,9.295000076293945,4.925209999084473,30512400
2007-03-22,9.295000076293945,9.359999656677246,9.260000228881836,9.332500457763672,4.945082187652588,11311200
2007-03-23,9.380000114440918,9.492500305175781,9.317500114440918,9.329999923706055,4.943756103515625,5364800
2007-03-26,9.345000267028809,9.362500190734863,9.1875,9.262499809265137,4.90798807144165,6492400
2007-03-27,9.262499809265137,9.289999961853027,9.1875,9.212499618530273,4.881494522094727,5789200
2007-03-28,9.192500114440918,9.225000381469727,9.012499809265137,9.057499885559082,4.79936408996582,7106400
2007-03-29,9.0600004196167,9.092499732971191,9.005000114440918,9.03499984741211,4.787442207336426,6283600
2007-03-30,9.077500343322754,9.114999771118164,8.962499618530273,9.024999618530273,4.782142162322998,8313600
2007-04-02,9.0600004196167,9.0625,8.90999984741211,9.007499694824219,4.7728705406188965,6855200
2007-04-03,9.045000076293945,9.102499961853027,8.975000381469727,8.987500190734863,4.762272834777832,8985200
2007-04-04,9.010000228881836,9.020000457763672,8.895000457763672,8.9975004196167,4.767571926116943,7148800
2007-04-05,9.020000457763672,9.149999618530273,9.020000457763672,9.104999542236328,4.824533462524414,6112400
2007-04-09,9.104999542236328,9.170000076293945,9.020000457763672,9.140000343322754,4.843079090118408,9443200
2007-04-10,9.175000190734863,9.324999809265137,9.154999732971191,9.3149995803833,4.935806751251221,7298400
2007-04-11,9.28499984741211,9.305000305175781,9.192500114440918,9.27750015258789,4.915937423706055,5362400
2007-04-12,9.262499809265137,9.345000267028809,9.244999885559082,9.327500343322754,4.9424309730529785,5258400
2007-04-13,9.3149995803833,9.3149995803833,9.25,9.274999618530273,4.914613246917725,3286000
2007-04-16,9.300000190734863,9.399999618530273,9.295000076293945,9.395000457763672,4.978198051452637,3546400
2007-04-17,9.3774995803833,9.487500190734863,9.375,9.4375,5.000718593597412,3522400
2007-04-18,9.4350004196167,9.477499961853027,9.34000015258789,9.4350004196167,4.999393463134766,3995600
2007-04-19,9.375,9.407500267028809,9.332500457763672,9.390000343322754,4.975549221038818,4306400
2007-04-20,9.53499984741211,9.547499656677246,9.395000457763672,9.442500114440918,5.003367900848389,4908400
2007-04-23,9.444999694824219,9.537500381469727,9.375,9.427499771118164,4.995419025421143,2746000
2007-04-24,9.404999732971191,9.449999809265137,9.359999656677246,9.4350004196167,4.999393463134766,3279600
2007-04-25,9.462499618530273,9.5649995803833,9.422499656677246,9.542499542236328,5.056354522705078,3216800
2007-04-26,9.335000038146973,9.537500381469727,9.332500457763672,9.462499618530273,5.013963222503662,2368000
2007-04-27,9.40999984741211,9.489999771118164,9.382499694824219,9.4375,5.000718593597412,2061600
2007-04-30,9.479999542236328,9.479999542236328,9.337499618530273,9.367500305175781,4.963626861572266,3294000
2007-05-01,9.40250015258789,9.532500267028809,9.364999771118164,9.479999542236328,5.023237228393555,3812800
2007-05-02,9.479999542236328,9.592499732971191,9.442500114440918,9.545000076293945,5.057679653167725,3060800
2007-05-03,9.550000190734863,9.567500114440918,9.454999923706055,9.5,5.033834457397461,2678400
2007-05-04,9.555000305175781,9.579999923706055,9.462499618530273,9.529999732971191,5.049732685089111,4305200
2007-05-07,9.574999809265137,9.682499885559082,9.529999732971191,9.657500267028809,5.117290019989014,2610000
2007-05-08,9.612500190734863,9.635000228881836,9.520000457763672,9.545000076293945,5.057679653167725,2707600
2007-05-09,9.539999961853027,9.694999694824219,9.52750015258789,9.65250015258789,5.114641189575195,2532800
2007-05-10,9.65250015258789,9.65250015258789,9.477499961853027,9.492500305175781,5.029860973358154,3473200
2007-05-11,9.482500076293945,9.532500267028809,9.40999984741211,9.507499694824219,5.037808895111084,1878400
2007-05-14,9.52750015258789,9.585000038146973,9.4375,9.467499732971191,5.016613006591797,1562800
2007-05-15,9.470000267028809,9.547499656677246,9.375,9.40250015258789,4.982172966003418,4119600
2007-05-16,9.399999618530273,9.4375,9.367500305175781,9.397500038146973,4.979522705078125,4333200
2007-05-17,9.4375,9.4375,9.2524995803833,9.260000228881836,4.906663417816162,6023600
2007-05-18,9.307499885559082,9.364999771118164,9.279999732971191,9.329999923706055,4.943756103515625,6784800
2007-05-21,9.362500190734863,9.422499656677246,9.337499618530273,9.362500190734863,4.960975646972656,7470400
2007-05-22,9.317500114440918,9.40250015258789,9.307499885559082,9.385000228881836,4.972898483276367,4525200
2007-05-23,9.397500038146973,9.482500076293945,9.342499732971191,9.399999618530273,4.980846881866455,3847200
2007-05-24,9.425000190734863,9.432499885559082,9.162500381469727,9.292499542236328,4.923884868621826,5565600
2007-05-25,9.287500381469727,9.354999542236328,9.260000228881836,9.289999961853027,4.922561168670654,2809200
2007-05-29,9.3125,9.375,9.2524995803833,9.3725004196167,4.966276168823242,3126800
2007-05-30,9.3725004196167,9.505000114440918,9.279999732971191,9.505000114440918,5.036484718322754,5394800
2007-05-31,9.5,9.612500190734863,9.4375,9.59000015258789,5.08152437210083,4674400
2007-06-01,9.3774995803833,9.635000228881836,9.3774995803833,9.619999885559082,5.097420692443848,9018400
2007-06-04,9.617500305175781,10.010000228881836,9.585000038146973,10.0024995803833,5.300097465515137,11582400
2007-06-05,9.97249984741211,9.97249984741211,9.795000076293945,9.880000114440918,5.2351884841918945,6428400
2007-06-06,9.875,9.875,9.65250015258789,9.65250015258789,5.114641189575195,4866800
2007-06-07,9.617500305175781,9.647500038146973,9.512499809265137,9.515000343322754,5.041783332824707,4501200
2007-06-08,9.515000343322754,9.742500305175781,9.4350004196167,9.727499961853027,5.154381275177002,6352400
2007-06-11,9.729999542236328,9.770000457763672,9.645000457763672,9.734999656677246,5.158356189727783,2654000
2007-06-12,9.672499656677246,9.84000015258789,9.592499732971191,9.692500114440918,5.135836601257324,4310000
2007-06-13,9.710000038146973,9.854999542236328,9.675000190734863,9.854999542236328,5.221940994262695,4054000
2007-06-14,9.854999542236328,9.979999542236328,9.800000190734863,9.97249984741211,5.2842020988464355,4471200
2007-06-15,10.050000190734863,10.132499694824219,10.0024995803833,10.09000015258789,5.346463203430176,8290400
2007-06-18,10.022500038146973,10.125,9.9975004196167,10.039999961853027,5.319967746734619,3110000
2007-06-19,10.037500381469727,10.052499771118164,9.922499656677246,10.029999732971191,5.314670562744141,3686000
2007-06-20,10.082500457763672,10.117500305175781,9.979999542236328,9.992500305175781,5.294798851013184,2959600
2007-06-21,10.0,10.050000190734863,9.960000038146973,10.010000228881836,5.304072856903076,4692800
2007-06-22,10.0,10.020000457763672,9.857500076293945,9.8774995803833,5.233863353729248,6059600
2007-06-25,9.8774995803833,9.90999984741211,9.75,9.77750015258789,5.180875778198242,4551600
2007-06-26,9.792499542236328,9.807499885559082,9.637499809265137,9.72249984741211,5.151731967926025,5882000
2007-06-27,9.670000076293945,9.930000305175781,9.645000457763672,9.925000190734863,5.259033203125,4082800
2007-06-28,9.925000190734863,9.960000038146973,9.867500305175781,9.899999618530273,5.245785713195801,4098400
2007-06-29,9.90250015258789,9.907500267028809,9.837499618530273,9.857500076293945,5.223264694213867,3898800
2007-07-02,9.917499542236328,9.96500015258789,9.875,9.949999809265137,5.272280216217041,3732800
2007-07-03,9.947500228881836,9.989999771118164,9.927499771118164,9.960000038146973,5.277579307556152,1775200
2007-07-05,9.97249984741211,10.022500038146973,9.914999961853027,10.020000457763672,5.309372901916504,3016800
2007-07-06,10.0024995803833,10.09749984741211,9.947500228881836,10.0625,5.331891059875488,2908400
2007-07-09,10.047499656677246,10.077500343322754,10.0024995803833,10.007499694824219,5.302748680114746,2534000
2007-07-10,9.994999885559082,10.067500114440918,9.949999809265137,10.005000114440918,5.301423072814941,3238400
2007-07-11,9.96500015258789,10.042499542236328,9.920000076293945,10.029999732971191,5.314670562744141,2504000
2007-07-12,10.09000015258789,10.170000076293945,10.010000228881836,10.170000076293945,5.388854026794434,3201200
2007-07-13,10.135000228881836,10.260000228881836,10.104999542236328,10.225000381469727,5.417995929718018,4271200
2007-07-16,10.225000381469727,10.225000381469727,10.104999542236328,10.107500076293945,5.35573673248291,2679600
2007-07-17,10.145000457763672,10.207500457763672,10.1225004196167,10.137499809265137,5.371633052825928,3860000
2007-07-18,10.162500381469727,10.229999542236328,10.082500457763672,10.135000228881836,5.370306015014648,4884000
2007-07-19,9.90999984741211,10.130000114440918,9.5649995803833,9.587499618530273,5.080198764801025,17885600
2007-07-20,9.625,9.699999809265137,9.52750015258789,9.630000114440918,5.102718830108643,9124800
2007-07-23,9.682499885559082,9.819999694824219,9.630000114440918,9.6850004196167,5.131862640380859,4296800
2007-07-24,9.647500038146973,9.837499618530273,9.492500305175781,9.547499656677246,5.059003829956055,6576400
2007-07-25,9.53499984741211,9.612500190734863,9.487500190734863,9.539999961853027,5.055032253265381,3540800
2007-07-26,9.447500228881836,9.462499618530273,9.1875,9.324999809265137,4.941105842590332,7721200
2007-07-27,9.3774995803833,9.477499961853027,9.225000381469727,9.225000381469727,4.888119697570801,7684000
2007-07-30,9.210000038146973,9.260000228881836,9.145000457763672,9.167499542236328,4.857649803161621,5965200
2007-07-31,9.237500190734863,9.319999694824219,9.140000343322754,9.140000343322754,4.843079090118408,6652000
2007-08-01,9.135000228881836,9.192500114440918,9.017499923706055,9.175000190734863,4.861624717712402,6005200
2007-08-02,9.192500114440918,9.260000228881836,9.072500228881836,9.197500228881836,4.873547554016113,4396000
2007-08-03,9.149999618530273,9.22249984741211,8.994999885559082,9.007499694824219,4.7728705406188965,6335600
2007-08-06,9.079999923706055,9.354999542236328,9.024999618530273,9.352499961853027,4.955678462982178,5756800
2007-08-07,9.282500267028809,9.517499923706055,9.2524995803833,9.47249984741211,5.019263744354248,5881600
2007-08-08,9.475000381469727,9.704999923706055,9.422499656677246,9.602499961853027,5.088147163391113,6719600
2007-08-09,9.592499732971191,9.592499732971191,9.364999771118164,9.417499542236328,4.990119457244873,7261200
2007-08-10,9.262499809265137,9.462499618530273,9.145000457763672,9.40250015258789,4.982172966003418,5582000
2007-08-13,9.27750015258789,9.420000076293945,9.077500343322754,9.274999618530273,4.914613246917725,4842400
2007-08-14,9.335000038146973,9.4399995803833,9.135000228881836,9.135000228881836,4.840428829193115,2942400
2007-08-15,9.15250015258789,9.244999885559082,9.007499694824219,9.024999618530273,4.782142162322998,2771600
2007-08-16,8.952500343322754,9.085000038146973,8.727499961853027,8.90250015258789,4.717231273651123,6471200
2007-08-17,8.9350004196167,9.177499771118164,8.717499732971191,8.842499732971191,4.685440540313721,7371200
2007-08-20,8.832500457763672,8.90999984741211,8.675000190734863,8.842499732971191,4.685440540313721,4780800
2007-08-21,8.770000457763672,8.90250015258789,8.75,8.845000267028809,4.686765193939209,2998000
2007-08-22,8.890000343322754,8.982500076293945,8.739999771118164,8.944999694824219,4.739753723144531,3094400
2007-08-23,8.960000038146973,8.982500076293945,8.807499885559082,8.842499732971191,4.685440540313721,2557600
2007-08-24,8.837499618530273,8.9350004196167,8.797499656677246,8.9350004196167,4.734455108642578,2144000
2007-08-27,8.875,8.977499961853027,8.875,8.895000457763672,4.713259696960449,1669600
2007-08-28,8.852499961853027,8.9375,8.837499618530273,8.842499732971191,4.685440540313721,4118000
2007-08-29,8.882499694824219,8.987500190734863,8.77750015258789,8.982500076293945,4.759623050689697,2458400
2007-08-30,8.8774995803833,9.1274995803833,8.8774995803833,9.074999809265137,4.808637619018555,3071600
2007-08-31,9.149999618530273,9.1899995803833,9.082500457763672,9.162500381469727,4.855001926422119,2497600
2007-09-04,9.172499656677246,9.175000190734863,9.072500228881836,9.132499694824219,4.83910608291626,2611600
2007-09-05,9.074999809265137,9.1274995803833,9.0,9.032500267028809,4.786118030548096,2418000
2007-09-06,9.085000038146973,9.145000457763672,9.055000305175781,9.114999771118164,4.829833030700684,2048400
2007-09-07,8.984999656677246,9.102499961853027,8.887499809265137,8.912500381469727,4.722533702850342,2603600
2007-09-10,8.967499732971191,9.055000305175781,8.899999618530273,8.9350004196167,4.734455108642578,2022000
2007-09-11,8.9975004196167,9.112500190734863,8.932499885559082,9.100000381469727,4.8218841552734375,2548000
2007-09-12,9.045000076293945,9.100000381469727,9.015000343322754,9.03499984741211,4.787442207336426,2031600
2007-09-13,9.1274995803833,9.132499694824219,8.975000381469727,9.012499809265137,4.775519371032715,2786000
2007-09-14,8.967499732971191,9.107500076293945,8.944999694824219,9.092499732971191,4.817909240722656,3290400
2007-09-17,9.037500381469727,9.09000015258789,8.885000228881836,8.922499656677246,4.72783088684082,2729200
2007-09-18,8.962499618530273,9.172499656677246,8.917499542236328,9.085000038146973,4.813936233520508,4257200
2007-09-19,9.102499961853027,9.244999885559082,9.087499618530273,9.210000038146973,4.8801703453063965,4870400
2007-09-20,9.202500343322754,9.210000038146973,9.1274995803833,9.164999961853027,4.856325626373291,2973200
2007-09-21,9.210000038146973,9.382499694824219,9.162500381469727,9.287500381469727,4.92123556137085,8229600
2007-09-24,9.282500267028809,9.305000305175781,9.09000015258789,9.107500076293945,4.825858116149902,3141200
2007-09-25,9.069999694824219,9.25,9.0625,9.242500305175781,4.897391319274902,3662800
2007-09-26,9.3100004196167,9.324999809265137,9.095000267028809,9.3100004196167,4.9331583976745605,2998400
2007-09-27,9.362500190734863,9.369999885559082,9.255000114440918,9.367500305175781,4.963626861572266,3128000
2007-09-28,9.375,9.420000076293945,9.225000381469727,9.274999618530273,4.914613246917725,5502800
2007-10-01,9.317500114440918,9.602499961853027,9.265000343322754,9.5,5.033834457397461,5781200
2007-10-02,9.477499961853027,9.569999694824219,9.397500038146973,9.430000305175781,4.996743679046631,3449600
2007-10-03,9.375,9.449999809265137,9.3100004196167,9.3100004196167,4.9331583976745605,4119600
2007-10-04,9.300000190734863,9.332500457763672,9.2524995803833,9.265000343322754,4.909313678741455,3603200
2007-10-05,9.272500038146973,9.367500305175781,9.237500190734863,9.337499618530273,4.947729587554932,4577200
2007-10-08,9.3125,9.367500305175781,9.242500305175781,9.260000228881836,4.906663417816162,4530800
2007-10-09,9.239999771118164,9.300000190734863,9.237500190734863,9.270000457763672,4.91196346282959,6688000
2007-10-10,9.232500076293945,9.329999923706055,9.232500076293945,9.25,4.901365756988525,7543600
2007-10-11,9.270000457763672,9.302499771118164,9.180000305175781,9.1875,4.8682475090026855,6945600
2007-10-12,9.244999885559082,9.270000457763672,9.1850004196167,9.265000343322754,4.909313678741455,4810400
2007-10-15,9.255000114440918,9.342499732971191,9.172499656677246,9.255000114440918,4.904016017913818,3845600
2007-10-16,9.244999885559082,9.337499618530273,9.232500076293945,9.244999885559082,4.898715972900391,4400400
2007-10-17,9.319999694824219,9.34749984741211,9.140000343322754,9.262499809265137,4.90798807144165,5484400
2007-10-18,9.242500305175781,9.354999542236328,9.22249984741211,9.324999809265137,4.941105842590332,5525200
2007-10-19,9.342499732971191,9.399999618530273,9.042499542236328,9.045000076293945,4.792740821838379,6652800
2007-10-22,9.045000076293945,9.147500038146973,8.922499656677246,9.112500190734863,4.828507900238037,5550800
2007-10-23,9.0024995803833,9.039999961853027,8.880000114440918,8.987500190734863,4.762272834777832,4872800
2007-10-24,8.930000305175781,9.007499694824219,8.75,8.829999923706055,4.6788177490234375,7704000
2007-10-25,8.984999656677246,9.140000343322754,8.805000305175781,8.987500190734863,4.762272834777832,5945200
2007-10-26,9.109999656677246,9.140000343322754,8.947500228881836,9.132499694824219,4.83910608291626,4778000
2007-10-29,9.147500038146973,9.175000190734863,8.9975004196167,9.112500190734863,4.828507900238037,4443200
2007-10-30,9.052499771118164,9.104999542236328,9.010000228881836,9.0600004196167,4.80068826675415,3377200
2007-10-31,9.0625,9.162500381469727,8.954999923706055,9.147500038146973,4.847052097320557,3900800
2007-11-01,9.1225004196167,9.1875,8.875,8.885000228881836,4.707961559295654,4047600
2007-11-02,8.9375,8.9375,8.800000190734863,8.907500267028809,4.719882488250732,4336000
2007-11-05,8.760000228881836,8.835000038146973,8.640000343322754,8.699999809265137,4.609933376312256,4744800
2007-11-06,8.710000038146973,8.767499923706055,8.595000267028809,8.744999885559082,4.633777141571045,3704800
2007-11-07,8.657500267028809,8.662500381469727,8.432499885559082,8.432499885559082,4.468190670013428,3796400
2007-11-08,8.40250015258789,8.6274995803833,8.367500305175781,8.555000305175781,4.5331010818481445,5934800
2007-11-09,8.427499771118164,8.579999923706055,8.375,8.3774995803833,4.439046859741211,5250800
2007-11-12,8.47249984741211,8.572500228881836,8.362500190734863,8.367500305175781,4.433750152587891,6422400
2007-11-13,8.442500114440918,8.494999885559082,8.282500267028809,8.482500076293945,4.49468469619751,5498000
2007-11-14,8.425000190734863,8.425000190734863,8.234999656677246,8.265000343322754,4.37943696975708,3961200
2007-11-15,8.2524995803833,8.350000381469727,8.237500190734863,8.244999885559082,4.368838787078857,4903200
2007-11-16,8.302499771118164,8.305000305175781,8.162500381469727,8.244999885559082,4.368838787078857,5718000
2007-11-19,8.1875,8.212499618530273,8.010000228881836,8.02750015258789,4.253589630126953,5730000
2007-11-20,8.0625,8.145000457763672,7.96999979019165,8.09749984741211,4.290681838989258,6427600
2007-11-21,8.119999885559082,8.234999656677246,8.037500381469727,8.052499771118164,4.266838073730469,4696800
2007-11-23,8.092499732971191,8.204999923706055,8.042499542236328,8.177499771118164,4.333072185516357,1610800
2007-11-26,8.15250015258789,8.227499961853027,7.945000171661377,7.947500228881836,4.211201190948486,3298000
2007-11-27,8.022500038146973,8.164999961853027,7.954999923706055,8.082500457763672,4.2827348709106445,6540800
2007-11-28,8.182499885559082,8.237500190734863,8.029999732971191,8.102499961853027,4.293331146240234,5325600
2007-11-29,8.09000015258789,8.112500190734863,7.987500190734863,8.015000343322754,4.246967792510986,4118000
2007-11-30,8.032500267028809,8.162500381469727,7.989999771118164,7.997499942779541,4.23769474029541,6734400
2007-12-03,7.947500228881836,8.042499542236328,7.875,7.889999866485596,4.180732727050781,5321600
2007-12-04,7.827499866485596,7.914999961853027,7.784999847412109,7.894999980926514,4.1833815574646,3964400
2007-12-05,8.005000114440918,8.272500038146973,7.860000133514404,8.237500190734863,4.364864826202393,7849200
2007-12-06,8.175000190734863,8.369999885559082,8.137499809265137,8.359999656677246,4.429775238037109,5455600
2007-12-07,8.694999694824219,8.90250015258789,8.625,8.6875,4.603309631347656,10672400
2007-12-10,8.682499885559082,8.760000228881836,8.649999618530273,8.677499771118164,4.598010540008545,3344800
2007-12-11,8.65250015258789,8.72249984741211,8.350000381469727,8.357500076293945,4.428451061248779,6162400
2007-12-12,8.460000038146973,8.577500343322754,8.382499694824219,8.4975004196167,4.502633571624756,5332000
2007-12-13,8.442500114440918,8.524999618530273,8.432499885559082,8.505000114440918,4.506607532501221,3516000
2007-12-14,8.744999885559082,8.744999885559082,8.395000457763672,8.397500038146973,4.44964599609375,4748000
2007-12-17,8.395000457763672,8.432499885559082,8.172499656677246,8.182499885559082,4.335720539093018,5600400
2007-12-18,8.22249984741211,8.302499771118164,8.140000343322754,8.2524995803833,4.372811794281006,3866800
2007-12-19,8.287500381469727,8.287500381469727,7.917500019073486,7.952499866485596,4.213850498199463,8405600
2007-12-20,8.3774995803833,8.40250015258789,8.100000381469727,8.3725004196167,4.436398506164551,11002400
2007-12-21,8.452500343322754,8.6225004196167,8.380000114440918,8.617500305175781,4.566218852996826,12922800
2007-12-24,8.600000381469727,8.647500038146973,8.470000267028809,8.595000267028809,4.554296016693115,1790800
2007-12-26,8.520000457763672,8.579999923706055,8.462499618530273,8.569999694824219,4.541049480438232,2658800
2007-12-27,8.524999618530273,8.612500190734863,8.524999618530273,8.550000190734863,4.530450344085693,4490000
2007-12-28,8.577500343322754,8.617500305175781,8.489999771118164,8.545000076293945,4.527803421020508,4404400
2007-12-31,8.5649995803833,8.5649995803833,8.40250015258789,8.404999732971191,4.453619480133057,3268000
2008-01-02,8.3725004196167,8.404999732971191,8.0649995803833,8.087499618530273,4.285383701324463,5793600
2008-01-03,8.15250015258789,8.287500381469727,8.1274995803833,8.242500305175781,4.367514610290527,5339200
2008-01-04,8.162500381469727,8.1850004196167,7.902500152587891,7.902500152587891,4.187355995178223,5692400
2008-01-07,7.90500020980835,8.217499732971191,7.90500020980835,8.117500305175781,4.301279067993164,5946000
2008-01-08,8.135000228881836,8.147500038146973,7.775000095367432,7.775000095367432,4.1197967529296875,6229600
2008-01-09,7.777500152587891,8.067500114440918,7.775000095367432,8.0600004196167,4.270811557769775,6978000
2008-01-10,7.974999904632568,8.0600004196167,7.860000133514404,7.982500076293945,4.2297468185424805,7091200
2008-01-11,7.900000095367432,7.992499828338623,7.852499961853027,7.875,4.172783374786377,5257200
2008-01-14,7.954999923706055,8.0,7.892499923706055,7.987500190734863,4.232395648956299,4263200
2008-01-15,7.857500076293945,7.942500114440918,7.800000190734863,7.855000019073486,4.162186622619629,5218000
2008-01-16,7.997499942779541,8.287500381469727,7.925000190734863,8.1225004196167,4.303929328918457,6702000
2008-01-17,8.092499732971191,8.130000114440918,7.824999809265137,7.855000019073486,4.162186622619629,6354400
2008-01-18,7.815000057220459,8.137499809265137,7.597499847412109,7.90749979019165,4.190004825592041,9501200
2008-01-22,7.599999904632568,7.892499923706055,7.599999904632568,7.724999904632568,4.093303203582764,8210000
2008-01-23,7.547500133514404,8.132499694824219,7.547500133514404,8.1225004196167,4.303929328918457,7911600
2008-01-24,7.900000095367432,8.1225004196167,7.715000152587891,7.867499828338623,4.168809413909912,9515600
2008-01-25,7.962500095367432,7.962500095367432,7.692500114440918,7.737500190734863,4.099926471710205,6030800
2008-01-28,7.767499923706055,7.96750020980835,7.71750020980835,7.954999923706055,4.215174198150635,6035600
2008-01-29,7.980000019073486,8.0,7.772500038146973,7.972499847412109,4.224446773529053,5006000
2008-01-30,7.925000190734863,8.119999885559082,7.909999847412109,8.0024995803833,4.240342617034912,5889600
2008-01-31,7.927499771118164,8.267499923706055,7.902500152587891,8.204999923706055,4.347644329071045,7749200
2008-02-01,8.262499809265137,8.47249984741211,8.237500190734863,8.337499618530273,4.417852401733398,5321200
2008-02-04,8.279999732971191,8.279999732971191,7.962500095367432,8.017499923706055,4.49636697769165,4311600
2008-02-05,7.877500057220459,7.952499866485596,7.760000228881836,7.777500152587891,4.361771583557129,4908800
2008-02-06,7.869999885559082,7.927499771118164,7.739999771118164,7.75,4.346348762512207,5403200
2008-02-07,7.739999771118164,7.802499771118164,7.567500114440918,7.647500038146973,4.288864612579346,10800000
2008-02-08,7.627500057220459,7.699999809265137,7.507500171661377,7.607500076293945,4.26643180847168,6428400
2008-02-11,7.635000228881836,7.635000228881836,7.505000114440918,7.550000190734863,4.234185218811035,5168800
2008-02-12,7.610000133514404,7.622499942779541,7.487500190734863,7.545000076293945,4.231379508972168,9626400
2008-02-13,7.625,7.777500152587891,7.602499961853027,7.769999980926514,4.357565402984619,5324800
2008-02-14,7.742499828338623,7.75,7.482500076293945,7.5,4.206143379211426,4909200
2008-02-15,7.462500095367432,7.507500171661377,7.409999847412109,7.445000171661377,4.17529821395874,5912400
2008-02-19,7.567500114440918,7.614999771118164,7.289999961853027,7.367499828338623,4.131834506988525,5393600
2008-02-20,7.327499866485596,7.519999980926514,7.317500114440918,7.5,4.206143379211426,4971200
2008-02-21,7.4375,7.539999961853027,7.297500133514404,7.307499885559082,4.098185062408447,4395200
2008-02-22,7.352499961853027,7.457499980926514,7.28000020980835,7.449999809265137,4.178101539611816,4161200
2008-02-25,7.442500114440918,7.519999980926514,7.34499979019165,7.507500171661377,4.210350036621094,5160400
2008-02-26,7.472499847412109,7.724999904632568,7.472499847412109,7.614999771118164,4.2706379890441895,4843200
2008-02-27,7.577499866485596,7.617499828338623,7.457499980926514,7.480000019073486,4.194926738739014,5015600
2008-02-28,7.420000076293945,7.550000190734863,7.40500020980835,7.507500171661377,4.210350036621094,5438400
2008-02-29,7.392499923706055,7.460000038146973,7.175000190734863,7.195000171661377,4.035093784332275,7722400
2008-03-03,7.197500228881836,7.375,7.1875,7.247499942779541,4.0645365715026855,6018400
2008-03-04,7.215000152587891,7.322500228881836,7.184999942779541,7.3125,4.100990295410156,5406800
2008-03-05,7.362500190734863,7.422500133514404,7.260000228881836,7.329999923706055,4.110804080963135,4594800
2008-03-06,7.172500133514404,7.349999904632568,7.139999866485596,7.139999866485596,4.004249095916748,5884800
2008-03-07,7.045000076293945,7.204999923706055,6.980000019073486,7.0625,3.960784912109375,6415600
2008-03-10,7.045000076293945,7.090000152587891,6.932499885559082,6.934999942779541,3.8892810344696045,5188800
2008-03-11,7.072500228881836,7.235000133514404,6.949999809265137,7.235000133514404,4.057526111602783,5706000
2008-03-12,7.275000095367432,7.332499980926514,7.190000057220459,7.202499866485596,4.039299488067627,7468400
2008-03-13,7.090000152587891,7.275000095367432,7.059999942779541,7.237500190734863,4.058928489685059,6808800
2008-03-14,7.045000076293945,7.297500133514404,6.972499847412109,7.025000095367432,3.9397547245025635,8628800
2008-03-17,6.852499961853027,7.112500190734863,6.852499961853027,6.997499942779541,3.9243323802948,5922800
2008-03-18,7.074999809265137,7.147500038146973,6.954999923706055,7.132500171661377,4.00004243850708,7712000
2008-03-19,7.287499904632568,7.425000190734863,7.159999847412109,7.182499885559082,4.028083324432373,8158400
2008-03-20,7.235000133514404,7.287499904632568,7.117499828338623,7.207499980926514,4.0421037673950195,13668000
2008-03-24,7.195000171661377,7.322500228881836,7.195000171661377,7.307499885559082,4.098185062408447,7954000
2008-03-25,7.322500228881836,7.322500228881836,7.204999923706055,7.300000190734863,4.0939788818359375,5617200
2008-03-26,7.25,7.297500133514404,7.135000228881836,7.204999923706055,4.040701866149902,3753200
2008-03-27,7.367499828338623,7.367499828338623,7.057499885559082,7.0625,3.960784912109375,4404000
2008-03-28,7.127500057220459,7.147500038146973,6.947500228881836,6.962500095367432,3.9047038555145264,3219200
2008-03-31,7.0,7.212500095367432,6.90749979019165,7.135000228881836,4.001444339752197,5552400
2008-04-01,7.244999885559082,7.452499866485596,7.15500020980835,7.40749979019165,4.15426778793335,7042800
2008-04-02,7.425000190734863,7.585000038146973,7.389999866485596,7.497499942779541,4.204741477966309,5405600
2008-04-03,7.489999771118164,7.572500228881836,7.400000095367432,7.46999979019165,4.189320087432861,4932400
2008-04-04,7.480000019073486,7.547500133514404,7.434999942779541,7.494999885559082,4.20334005355835,4655600
2008-04-07,7.332499980926514,7.554999828338623,7.332499980926514,7.449999809265137,4.178101539611816,3536000
2008-04-08,7.40749979019165,7.454999923706055,7.355000019073486,7.400000095367432,4.150061130523682,3242000
2008-04-09,7.385000228881836,7.534999847412109,7.257500171661377,7.28000020980835,4.082763195037842,3545200
2008-04-10,7.457499980926514,7.457499980926514,7.25,7.309999942779541,4.0995893478393555,3058400
2008-04-11,6.875,7.027500152587891,6.835000038146973,6.980000019073486,3.914518356323242,9769600
2008-04-14,6.949999809265137,7.110000133514404,6.949999809265137,7.034999847412109,3.9453628063201904,4742000
2008-04-15,7.047500133514404,7.09250020980835,6.989999771118164,7.067500114440918,3.9635891914367676,3577200
2008-04-16,7.122499942779541,7.244999885559082,7.039999961853027,7.21750020980835,4.047712326049805,4895200
2008-04-17,7.232500076293945,7.260000228881836,7.137499809265137,7.21750020980835,4.047712326049805,3324400
2008-04-18,7.347499847412109,7.46750020980835,7.3125,7.397500038146973,4.148659706115723,4613200
2008-04-21,7.375,7.375,7.207499980926514,7.272500038146973,4.078556537628174,3782400
2008-04-22,7.21750020980835,7.260000228881836,7.139999866485596,7.21750020980835,4.047712326049805,3438800
2008-04-23,7.267499923706055,7.297500133514404,7.167500019073486,7.262499809265137,4.072948455810547,3179200
2008-04-24,7.255000114440918,7.387499809265137,7.139999866485596,7.347499847412109,4.12061882019043,3901600
2008-04-25,7.337500095367432,7.460000038146973,7.190000057220459,7.412499904632568,4.157072067260742,3486800
2008-04-28,7.440000057220459,7.460000038146973,7.289999961853027,7.377500057220459,4.137442588806152,5107600
2008-04-29,7.337500095367432,7.417500019073486,7.292500019073486,7.400000095367432,4.150061130523682,3509600
2008-04-30,7.434999942779541,7.599999904632568,7.375,7.402500152587891,4.151463985443115,5170800
2008-05-01,7.394999980926514,7.547500133514404,7.320000171661377,7.534999847412109,4.225771427154541,5138000
2008-05-02,7.642499923706055,7.932499885559082,7.642499923706055,7.752500057220459,4.347751140594482,6417200
2008-05-05,7.75,7.804999828338623,7.5625,7.579999923706055,4.251009464263916,5508000
2008-05-06,7.505000114440918,7.744999885559082,7.505000114440918,7.732500076293945,4.3365325927734375,4603600
2008-05-07,7.712500095367432,7.724999904632568,7.394999980926514,7.429999828338623,4.166885852813721,5250400
2008-05-08,7.477499961853027,7.519999980926514,7.397500038146973,7.427499771118164,4.1654839515686035,3107200
2008-05-09,7.352499961853027,7.487500190734863,7.315000057220459,7.465000152587891,4.186515808105469,2580800
2008-05-12,7.492499828338623,7.550000190734863,7.417500019073486,7.547500133514404,4.232781887054443,3624000
2008-05-13,7.559999942779541,7.574999809265137,7.409999847412109,7.537499904632568,4.227174758911133,2247200
2008-05-14,7.605000019073486,7.682499885559082,7.522500038146973,7.597499847412109,4.2608232498168945,3344400
2008-05-15,7.567500114440918,7.690000057220459,7.46750020980835,7.667500019073486,4.300080299377441,2638400
2008-05-16,7.707499980926514,7.707499980926514,7.502500057220459,7.572500228881836,4.246804237365723,4180800
2008-05-19,7.570000171661377,7.632500171661377,7.472499847412109,7.487500190734863,4.19913387298584,3151600
2008-05-20,7.547500133514404,7.547500133514404,7.409999847412109,7.445000171661377,4.17529821395874,2737200
2008-05-21,7.46999979019165,7.5,7.230000019073486,7.247499942779541,4.0645365715026855,4851600
2008-05-22,7.264999866485596,7.385000228881836,7.199999809265137,7.275000095367432,4.079959392547607,4448000
2008-05-23,7.21750020980835,7.237500190734863,7.110000133514404,7.144999980926514,4.007051944732666,4476000
2008-05-27,7.21750020980835,7.34499979019165,7.152500152587891,7.34499979019165,4.119216442108154,3899600
2008-05-28,7.347499847412109,7.375,7.227499961853027,7.295000076293945,4.091175556182861,2804400
2008-05-29,7.284999847412109,7.477499961853027,7.284999847412109,7.409999847412109,4.155670166015625,2428800
2008-05-30,7.409999847412109,7.460000038146973,7.260000228881836,7.380000114440918,4.138844966888428,4152400
2008-06-02,7.377500057220459,7.387499809265137,7.117499828338623,7.184999942779541,4.029485702514648,3618000
2008-06-03,7.255000114440918,7.284999847412109,7.097499847412109,7.159999847412109,4.015465259552002,4056000
2008-06-04,7.107500076293945,7.40749979019165,7.102499961853027,7.322500228881836,4.106597423553467,5158400
2008-06-05,7.3125,7.409999847412109,7.255000114440918,7.369999885559082,4.133236408233643,3441600
2008-06-06,7.077499866485596,7.320000171661377,7.03000020980835,7.03000020980835,3.9425597190856934,4428400
2008-06-09,7.082499980926514,7.114999771118164,6.927499771118164,7.010000228881836,3.931342363357544,5031600
2008-06-10,6.974999904632568,7.127500057220459,6.940000057220459,7.052499771118164,3.95517635345459,4526400
2008-06-11,7.027500152587891,7.027500152587891,6.840000152587891,6.840000152587891,3.8360025882720947,4644000
2008-06-12,6.860000133514404,7.052499771118164,6.860000133514404,6.90749979019165,3.8738584518432617,4174800
2008-06-13,6.980000019073486,7.117499828338623,6.972499847412109,7.110000133514404,3.9874236583709717,3982800
2008-06-16,7.034999847412109,7.130000114440918,7.010000228881836,7.074999809265137,3.967794895172119,3508400
2008-06-17,7.0625,7.074999809265137,6.949999809265137,6.962500095367432,3.9047038555145264,3073200
2008-06-18,6.909999847412109,6.96750020980835,6.777500152587891,6.8125,3.82058048248291,4010400
2008-06-19,6.724999904632568,6.822500228881836,6.599999904632568,6.787499904632568,3.8065595626831055,8026000
2008-06-20,6.704999923706055,6.71750020980835,6.53000020980835,6.59499979019165,3.6986024379730225,8444000
2008-06-23,6.71750020980835,6.71750020980835,6.534999847412109,6.547500133514404,3.6719627380371094,4551600
2008-06-24,6.5,6.59250020980835,6.425000190734863,6.517499923706055,3.655139446258545,5030800
2008-06-25,6.514999866485596,6.625,6.460000038146973,6.559999942779541,3.6789729595184326,5218000
2008-06-26,6.427499771118164,6.542500019073486,6.427499771118164,6.4375,3.610273838043213,6942800
2008-06-27,6.429999828338623,6.619999885559082,6.429999828338623,6.53000020980835,3.66214919090271,13198800
2008-06-30,6.512499809265137,6.684999942779541,6.409999847412109,6.627500057220459,3.7168290615081787,8880800
2008-07-01,6.599999904632568,6.847499847412109,6.590000152587891,6.78249979019165,3.803755283355713,10023200
2008-07-02,6.777500152587891,6.857500076293945,6.539999961853027,6.542500019073486,3.669159173965454,7703600
2008-07-03,6.760000228881836,6.760000228881836,6.539999961853027,6.59499979019165,3.6986024379730225,4265600
2008-07-07,6.622499942779541,6.722499847412109,6.4375,6.539999961853027,3.667757034301758,6415200
2008-07-08,6.557499885559082,6.670000076293945,6.512499809265137,6.644999980926514,3.726642608642578,9287200
2008-07-09,6.625,6.710000038146973,6.539999961853027,6.539999961853027,3.667757034301758,6040400
2008-07-10,6.525000095367432,6.702499866485596,6.5,6.625,3.7154271602630615,5150000
2008-07-11,6.494999885559082,6.612500190734863,6.335000038146973,6.432499885559082,3.607468843460083,7970000
2008-07-14,6.382500171661377,6.667500019073486,6.287499904632568,6.360000133514404,3.566810131072998,6176800
2008-07-15,6.324999809265137,6.477499961853027,6.289999961853027,6.387499809265137,3.5822324752807617,7035200
2008-07-16,6.682499885559082,6.864999771118164,6.514999866485596,6.692500114440918,3.753282070159912,11723600
2008-07-17,6.5,6.852499961853027,6.5,6.824999809265137,3.827589988708496,7956400
2008-07-18,6.707499980926514,7.010000228881836,6.697500228881836,6.962500095367432,3.9047038555145264,9083600
2008-07-21,7.105000019073486,7.170000076293945,6.932499885559082,6.96999979019165,3.9089083671569824,7195600
2008-07-22,6.929999828338623,7.199999809265137,6.925000190734863,7.199999809265137,4.03789758682251,7477600
2008-07-23,6.977499961853027,7.355000019073486,6.977499961853027,7.300000190734863,4.0939788818359375,6392400
2008-07-24,7.224999904632568,7.289999961853027,7.102499961853027,7.147500038146973,4.0084547996521,6210000
2008-07-25,7.182499885559082,7.367499828338623,7.090000152587891,7.139999866485596,4.004249095916748,5193600
2008-07-28,7.099999904632568,7.177499771118164,6.989999771118164,7.014999866485596,3.9341464042663574,5066000
2008-07-29,7.070000171661377,7.204999923706055,7.019999980926514,7.184999942779541,4.029485702514648,5283600
2008-07-30,7.167500019073486,7.275000095367432,7.0,7.195000171661377,4.035093784332275,4166800
2008-07-31,7.179999828338623,7.260000228881836,7.107500076293945,7.110000133514404,3.9874236583709717,5447200
2008-08-01,7.15749979019165,7.235000133514404,7.007500171661377,7.1875,4.030887126922607,6279600
2008-08-04,7.152500152587891,7.202499866485596,7.065000057220459,7.150000095367432,4.009856700897217,4866000
2008-08-05,7.275000095367432,7.412499904632568,7.192500114440918,7.380000114440918,4.138844966888428,8565200
2008-08-06,7.377500057220459,7.385000228881836,7.247499942779541,7.329999923706055,4.110804080963135,6930000
2008-08-07,7.320000171661377,7.462500095367432,7.25,7.369999885559082,4.133236408233643,4925200
2008-08-08,7.349999904632568,7.662499904632568,7.3125,7.642499923706055,4.286060810089111,5186800
2008-08-11,7.642499923706055,7.840000152587891,7.587500095367432,7.692500114440918,4.314101219177246,5438400
2008-08-12,7.675000190734863,7.752500057220459,7.53000020980835,7.567500114440918,4.2439985275268555,7448800
2008-08-13,7.537499904632568,7.6875,7.497499942779541,7.617499828338623,4.272039413452148,5855600
2008-08-14,7.517499923706055,7.849999904632568,7.517499923706055,7.764999866485596,4.35476016998291,5974400
2008-08-15,7.807499885559082,7.849999904632568,7.647500038146973,7.797500133514404,4.372987270355225,4033200
2008-08-18,7.832499980926514,7.872499942779541,7.690000057220459,7.71999979019165,4.32952356338501,3631200
2008-08-19,7.692500114440918,7.802499771118164,7.557499885559082,7.590000152587891,4.256617069244385,4167200
2008-08-20,7.644999980926514,7.737500190734863,7.5625,7.664999961853027,4.298678874969482,3989600
2008-08-21,7.252500057220459,7.677499771118164,7.252500057220459,7.585000038146973,4.25381326675415,3289200
2008-08-22,7.614999771118164,7.772500038146973,7.502500057220459,7.764999866485596,4.35476016998291,3410400
2008-08-25,7.587500095367432,7.8125,7.5625,7.590000152587891,4.256617069244385,2663200
2008-08-26,7.572500228881836,7.659999847412109,7.537499904632568,7.630000114440918,4.279050827026367,3692800
2008-08-27,7.650000095367432,7.75,7.650000095367432,7.702499866485596,4.319708824157715,3264800
2008-08-28,7.735000133514404,7.887499809265137,7.682499885559082,7.84499979019165,4.399625301361084,2948800
2008-08-29,7.815000057220459,7.847499847412109,7.690000057220459,7.699999809265137,4.318306922912598,3938000
2008-09-02,7.897500038146973,7.985000133514404,7.755000114440918,7.777500152587891,4.361771583557129,5006800
2008-09-03,7.78249979019165,7.900000095367432,7.727499961853027,7.8125,4.381399154663086,4878000
2008-09-04,7.619999885559082,7.892499923706055,7.617499828338623,7.677499771118164,4.305689334869385,4231600
2008-09-05,7.650000095367432,7.715000152587891,7.547500133514404,7.639999866485596,4.284657955169678,4181600
2008-09-08,7.730000019073486,7.84250020980835,7.550000190734863,7.792500019073486,4.370184421539307,6435600
2008-09-09,7.822500228881836,7.892499923706055,7.735000133514404,7.739999771118164,4.340739727020264,6362400
2008-09-10,7.840000152587891,7.90749979019165,7.684999942779541,7.827499866485596,4.389810562133789,4269600
2008-09-11,7.775000095367432,8.170000076293945,7.704999923706055,8.145000457763672,4.567872047424316,7256400
2008-09-12,8.095000267028809,8.257499694824219,8.0,8.210000038146973,4.604326248168945,5804000
2008-09-15,8.0,8.350000381469727,8.0,8.067500114440918,4.524407863616943,7728800
2008-09-16,8.010000228881836,8.432499885559082,8.0024995803833,8.262499809265137,4.633768081665039,9820000
2008-09-17,8.234999656677246,8.244999885559082,7.789999961853027,7.929999828338623,4.447296142578125,9696800
2008-09-18,8.0,8.052499771118164,7.622499942779541,7.927499771118164,4.445893287658691,12738800
2008-09-19,8.020000457763672,8.032500267028809,7.429999828338623,7.522500038146973,4.218760967254639,16480000
2008-09-22,7.40749979019165,7.570000171661377,7.232500076293945,7.242499828338623,4.061732292175293,7321600
2008-09-23,7.242499828338623,7.34499979019165,7.125,7.135000228881836,4.001444339752197,6417200
2008-09-24,7.107500076293945,7.197500228881836,7.019999980926514,7.082499980926514,3.972001314163208,5885200
2008-09-25,7.127500057220459,7.159999847412109,7.03000020980835,7.079999923706055,3.9705991744995117,6316000
2008-09-26,7.005000114440918,7.28249979019165,7.0,7.264999866485596,4.074350833892822,4431600
2008-09-29,7.119999885559082,7.335000038146973,7.03000020980835,7.03000020980835,3.9425597190856934,7894400
2008-09-30,7.144999980926514,7.195000171661377,7.002500057220459,7.177499771118164,4.025279521942139,7310000
2008-10-01,7.065000057220459,7.167500019073486,7.027500152587891,7.0625,3.960784912109375,5306400
2008-10-02,7.039999961853027,7.137499809265137,6.960000038146973,6.960000038146973,3.9033002853393555,6510400
2008-10-03,7.0625,7.167500019073486,6.787499904632568,6.787499904632568,3.8065595626831055,6708000
2008-10-06,6.84499979019165,6.894999980926514,6.46750020980835,6.567500114440918,3.6831796169281006,9343200
2008-10-07,6.84499979019165,6.855000019073486,6.202499866485596,6.202499866485596,3.478480577468872,9126000
2008-10-08,6.199999809265137,6.400000095367432,5.980000019073486,5.987500190734863,3.3579039573669434,10871600
2008-10-09,6.002500057220459,6.042500019073486,5.5,5.547500133514404,3.1111438274383545,11223200
2008-10-10,5.429999828338623,5.747499942779541,5.255000114440918,5.432499885559082,3.04664945602417,14734800
2008-10-13,5.542500019073486,5.880000114440918,5.340000152587891,5.84499979019165,3.277987241744995,9254400
2008-10-14,5.985000133514404,6.087500095367432,5.525000095367432,5.605000019073486,3.143390655517578,9694000
2008-10-15,5.502500057220459,5.670000076293945,5.21999979019165,5.230000019073486,2.933084011077881,7292400
2008-10-16,5.164999961853027,5.427499771118164,5.0,5.402500152587891,3.0298261642456055,9812400
2008-10-17,5.262499809265137,6.322500228881836,5.252500057220459,5.369999885559082,3.011598825454712,7895200
2008-10-20,5.40500020980835,5.590000152587891,5.304999828338623,5.587500095367432,3.133577585220337,5692000
2008-10-21,5.494999885559082,5.639999866485596,5.412499904632568,5.420000076293945,3.039639949798584,4676800
2008-10-22,5.349999904632568,5.40749979019165,5.052499771118164,5.15500020980835,2.8910226821899414,5976800
2008-10-23,5.162499904632568,5.297500133514404,4.949999809265137,5.110000133514404,2.865786075592041,8853600
2008-10-24,4.945000171661377,5.177499771118164,4.932499885559082,5.059999942779541,2.837745189666748,9390000
2008-10-27,4.980000019073486,5.172500133514404,4.917500019073486,4.949999809265137,2.776054859161377,5534400
2008-10-28,5.047500133514404,5.487500190734863,4.982500076293945,5.482500076293945,3.0746910572052,9674000
2008-10-29,5.622499942779541,5.78000020980835,5.462500095367432,5.559999942779541,3.118154525756836,9448400
2008-10-30,5.572500228881836,5.945000171661377,5.570000171661377,5.737500190734863,3.217700242996216,8884800
2008-10-31,5.679999828338623,5.992499828338623,5.622499942779541,5.925000190734863,3.3228530883789062,6224800
2008-11-03,5.875,6.014999866485596,5.852499961853027,5.972499847412109,3.349491834640503,4649200
2008-11-04,6.295000076293945,6.307499885559082,6.0,6.184999942779541,3.4686670303344727,6157200
2008-11-05,6.132500171661377,6.239999771118164,5.777500152587891,5.789999961853027,3.247142791748047,9154800
2008-11-06,5.702499866485596,5.752500057220459,5.414999961853027,5.442500114440918,3.052258014678955,9208000
2008-11-07,5.510000228881836,5.590000152587891,5.454999923706055,5.585000038146973,3.1321754455566406,5988400
2008-11-10,5.699999809265137,5.789999961853027,5.497499942779541,5.550000190734863,3.11254620552063,5008400
2008-11-11,5.510000228881836,5.715000152587891,5.434999942779541,5.5625,3.119556427001953,5968000
2008-11-12,5.400000095367432,5.574999809265137,5.327499866485596,5.335000038146973,2.9919703006744385,6938800
2008-11-13,5.164999961853027,5.690000057220459,5.122499942779541,5.679999828338623,3.185453176498413,12061200
2008-11-14,5.125,5.547500133514404,5.125,5.252500057220459,2.9457027912139893,8856000
2008-11-17,5.159999847412109,5.389999866485596,5.15500020980835,5.255000114440918,2.9471049308776855,6157200
2008-11-18,5.267499923706055,5.492499828338623,5.212500095367432,5.457499980926514,3.060670852661133,10827600
2008-11-19,5.457499980926514,5.494999885559082,5.082499980926514,5.090000152587891,2.854569673538208,9168400
2008-11-20,5.085000038146973,5.322500228881836,4.949999809265137,4.972499847412109,2.788672685623169,10783600
2008-11-21,5.147500038146973,5.302499771118164,4.877500057220459,5.302499771118164,2.973743438720703,9311600
2008-11-24,5.454999923706055,5.6875,5.362500190734863,5.65500020980835,3.1714329719543457,8716000
2008-11-25,5.670000076293945,5.684999942779541,5.387499809265137,5.597499847412109,3.1391851902008057,10712400
2008-11-26,5.502500057220459,5.864999771118164,5.427499771118164,5.864999771118164,3.2892048358917236,5665600
2008-11-28,5.75,6.017499923706055,5.737500190734863,6.005000114440918,3.3677196502685547,2424000
2008-12-01,5.46999979019165,5.96999979019165,5.46999979019165,5.610000133514404,3.146195650100708,8627200
2008-12-02,5.672500133514404,5.769999980926514,5.505000114440918,5.607500076293945,3.1447925567626953,11836400
2008-12-03,5.607500076293945,6.164999961853027,5.59250020980835,6.150000095367432,3.4490373134613037,14436800
2008-12-04,6.197500228881836,6.197500228881836,5.925000190734863,6.03000020980835,3.381739377975464,11169600
2008-12-05,5.994999885559082,6.227499961853027,5.769999980926514,6.21750020980835,3.486893892288208,11150400
2008-12-08,6.40749979019165,6.487500190734863,6.247499942779541,6.422500133514404,3.601860523223877,8786000
2008-12-09,6.347499847412109,6.449999809265137,6.199999809265137,6.222499847412109,3.4896960258483887,6771600
2008-12-10,6.25,6.295000076293945,6.127500057220459,6.212500095367432,3.484088897705078,6002800
2008-12-11,6.159999847412109,6.202499866485596,5.977499961853027,6.005000114440918,3.3677196502685547,6117200
2008-12-12,5.912499904632568,6.287499904632568,5.912499904632568,6.21999979019165,3.4882941246032715,6484000
2008-12-15,6.1875,6.1875,5.9375,6.007500171661377,3.3691213130950928,6989600
2008-12-16,5.957499980926514,6.327499866485596,5.957499980926514,6.320000171661377,3.544377565383911,7342800
2008-12-17,6.317500114440918,6.485000133514404,6.255000114440918,6.425000190734863,3.603264093399048,5504000
2008-12-18,6.070000171661377,6.577499866485596,6.070000171661377,6.385000228881836,3.5808303356170654,9766400
2008-12-19,5.945000171661377,6.385000228881836,5.554999828338623,5.59499979019165,3.1377828121185303,18996000
2008-12-22,5.522500038146973,5.559999942779541,5.25,5.347499847412109,2.9989800453186035,10228800
2008-12-23,5.454999923706055,5.487500190734863,5.320000171661377,5.387499809265137,3.0214126110076904,9069600
2008-12-24,5.372499942779541,5.485000133514404,5.337500095367432,5.445000171661377,3.0536608695983887,2479600
2008-12-26,5.489999771118164,5.514999866485596,5.422500133514404,5.454999923706055,3.0592682361602783,2263600
2008-12-29,5.34250020980835,5.512499809265137,5.34250020980835,5.472499847412109,3.069082021713257,5146000
2008-12-30,5.514999866485596,5.71750020980835,5.505000114440918,5.71750020980835,3.2064831256866455,5090800
2008-12-31,5.724999904632568,5.827499866485596,5.690000057220459,5.807499885559082,3.2569570541381836,6108400
2009-01-02,5.807499885559082,5.987500190734863,5.710000038146973,5.96750020980835,3.3466877937316895,7153600
2009-01-05,5.925000190734863,5.957499980926514,5.8125,5.914999961853027,3.3172450065612793,5800800
2009-01-06,5.962500095367432,6.117499828338623,5.957499980926514,6.087500095367432,3.4139862060546875,6190400
2009-01-07,6.027500152587891,6.052499771118164,5.914999961853027,5.977499961853027,3.3522963523864746,7852400
2009-01-08,5.992499828338623,6.067500114440918,5.920000076293945,6.010000228881836,3.370522975921631,5430000
2009-01-09,5.972499847412109,5.989999771118164,5.817500114440918,5.827499866485596,3.2681732177734375,4370000
2009-01-12,5.862500190734863,5.897500038146973,5.795000076293945,5.849999904632568,3.280791759490967,7965200
2009-01-13,5.840000152587891,5.9375,5.772500038146973,5.815000057220459,3.2611634731292725,8797200
2009-01-14,5.752500057220459,5.849999904632568,5.597499847412109,5.642499923706055,3.1644229888916016,8901600
2009-01-15,5.762499809265137,5.952499866485596,5.632500171661377,5.9375,3.3298637866973877,10994000
2009-01-16,5.982500076293945,6.019999980926514,5.869999885559082,6.010000228881836,3.370522975921631,8104800
2009-01-20,6.002500057220459,6.110000133514404,5.860000133514404,5.864999771118164,3.2892048358917236,9964400
2009-01-21,5.684999942779541,5.994999885559082,5.684999942779541,5.934999942779541,3.3284616470336914,8593600
2009-01-22,5.827499866485596,5.925000190734863,5.742499828338623,5.835000038146973,3.272379159927368,8546800
2009-01-23,5.752500057220459,5.867499828338623,5.677499771118164,5.78249979019165,3.2429358959198,6327200
2009-01-26,5.762499809265137,5.872499942779541,5.739999771118164,5.847499847412109,3.2793896198272705,6128400
2009-01-27,5.684999942779541,5.917500019073486,5.684999942779541,5.894999980926514,3.3060286045074463,4710000
2009-01-28,5.974999904632568,6.125,5.947500228881836,6.079999923706055,3.4097800254821777,4241600
2009-01-29,6.077499866485596,6.112500190734863,5.887499809265137,5.917500019073486,3.3186473846435547,4493600
2009-01-30,5.965000152587891,5.994999885559082,5.652500152587891,5.6875,3.1896588802337646,6530000
2009-02-02,5.380000114440918,5.585000038146973,5.380000114440918,5.550000190734863,3.3929290771484375,7954800
2009-02-03,5.5,5.65749979019165,5.462500095367432,5.617499828338623,3.4341940879821777,6219200
2009-02-04,5.642499923706055,5.712500095367432,5.554999828338623,5.570000171661377,3.405155658721924,7030000
2009-02-05,5.552499771118164,5.772500038146973,5.377500057220459,5.760000228881836,3.521310567855835,11019600
2009-02-06,5.772500038146973,5.977499961853027,5.752500057220459,5.960000038146973,3.6435775756835938,8790400
2009-02-09,5.875,6.022500038146973,5.849999904632568,5.994999885559082,3.6649746894836426,7514800
2009-02-10,5.96999979019165,6.034999847412109,5.679999828338623,5.712500095367432,3.4922714233398438,9858000
2009-02-11,5.777500152587891,5.849999904632568,5.692500114440918,5.755000114440918,3.5182533264160156,6145200
2009-02-12,5.679999828338623,5.764999866485596,5.574999809265137,5.742499828338623,3.5106112957000732,8646400
2009-02-13,5.737500190734863,5.852499961853027,5.71750020980835,5.732500076293945,3.5044984817504883,5920400
2009-02-17,5.440000057220459,5.59250020980835,5.409999847412109,5.5,3.36236310005188,7343600
2009-02-18,5.567500114440918,5.605000019073486,5.46999979019165,5.547500133514404,3.391400098800659,5895200
2009-02-19,5.412499904632568,5.679999828338623,5.412499904632568,5.472499847412109,3.3455495834350586,5737200
2009-02-20,5.440000057220459,5.505000114440918,5.309999942779541,5.425000190734863,3.316512107849121,9805200
2009-02-23,5.269999980926514,5.517499923706055,5.177499771118164,5.184999942779541,3.169790744781494,9577200
2009-02-24,5.172500133514404,5.269999980926514,5.105000019073486,5.255000114440918,3.2125847339630127,11107200
2009-02-25,5.207499980926514,5.260000228881836,5.09499979019165,5.15749979019165,3.1529784202575684,7905200
2009-02-26,5.222499847412109,5.222499847412109,4.989999771118164,5.014999866485596,3.0658628940582275,7246000
2009-02-27,4.989999771118164,5.162499904632568,4.949999809265137,5.072500228881836,3.101015329360962,8943200
2009-03-02,5.0625,5.110000133514404,4.909999847412109,4.912499904632568,3.0032010078430176,8778000
2009-03-03,4.997499942779541,5.054999828338623,4.815000057220459,4.824999809265137,2.9497084617614746,9880800
2009-03-04,4.867499828338623,4.912499904632568,4.797500133514404,4.864999771118164,2.9741623401641846,8687600
2009-03-05,4.792500019073486,4.835000038146973,4.642499923706055,4.650000095367432,2.842724561691284,8327200
2009-03-06,4.697500228881836,4.739999771118164,4.522500038146973,4.614999771118164,2.8213272094726562,7908000
2009-03-09,4.590000152587891,4.684999942779541,4.525000095367432,4.537499904632568,2.7739479541778564,5561600
2009-03-10,4.742499828338623,4.800000190734863,4.597499847412109,4.797500133514404,2.932896852493286,6296800
2009-03-11,4.909999847412109,4.947500228881836,4.832499980926514,4.90749979019165,3.0001442432403564,7396000
2009-03-12,4.920000076293945,5.162499904632568,4.869999885559082,5.150000095367432,3.1483938694000244,6094400
2009-03-13,5.162499904632568,5.242499828338623,5.082499980926514,5.237500190734863,3.201885461807251,6407600
2009-03-16,5.255000114440918,5.372499942779541,5.132500171661377,5.142499923706055,3.143808126449585,6200800
2009-03-17,5.139999866485596,5.309999942779541,5.117499828338623,5.300000190734863,3.2400944232940674,7009600
2009-03-18,5.269999980926514,5.525000095367432,5.21999979019165,5.482500076293945,3.351663827896118,8460000
2009-03-19,5.402500152587891,6.164999961853027,5.375,5.792500019073486,3.5411789417266846,14670800
2009-03-20,5.860000133514404,5.917500019073486,5.579999923706055,5.735000133514404,3.5060269832611084,10288400
2009-03-23,5.847499847412109,6.192500114440918,5.787499904632568,6.182499885559082,3.779599905014038,9304000
2009-03-24,6.132500171661377,6.260000228881836,6.077499866485596,6.135000228881836,3.750561475753784,6788000
2009-03-25,6.150000095367432,6.335000038146973,6.007500171661377,6.175000190734863,3.7750160694122314,8238400
2009-03-26,6.257500171661377,6.46999979019165,6.199999809265137,6.462500095367432,3.950775146484375,7839600
2009-03-27,6.349999904632568,6.4375,6.204999923706055,6.267499923706055,3.83156418800354,6785600
2009-03-30,6.1875,6.210000038146973,6.03249979019165,6.097499847412109,3.7276365756988525,7147600
2009-03-31,6.15749979019165,6.260000228881836,6.079999923706055,6.179999828338623,3.7780723571777344,6443200
2009-04-01,6.125,6.215000152587891,5.987500190734863,6.139999866485596,3.7536184787750244,8599200
2009-04-02,6.212500095367432,6.457499980926514,6.162499904632568,6.394999980926514,3.9095098972320557,11097600
2009-04-03,6.177499771118164,6.4375,6.177499771118164,6.397500038146973,3.911038637161255,6443200
2009-04-06,6.375,6.397500038146973,6.207499980926514,6.385000228881836,3.9033966064453125,5625600
2009-04-07,6.309999942779541,6.309999942779541,6.139999866485596,6.184999942779541,3.7811291217803955,5763600
2009-04-08,6.262499809265137,6.262499809265137,6.127500057220459,6.239999771118164,3.8147521018981934,4867200
2009-04-09,6.34250020980835,6.492499828338623,6.227499961853027,6.482500076293945,3.9630022048950195,5538400
2009-04-13,6.414999961853027,6.457499980926514,6.337500095367432,6.434999942779541,3.9339640140533447,4202400
2009-04-14,6.402500152587891,6.414999961853027,6.212500095367432,6.277500152587891,3.8376781940460205,6799600
2009-04-15,6.195000171661377,6.447500228881836,6.192500114440918,6.4375,3.9354922771453857,6196800
2009-04-16,6.477499961853027,6.642499923706055,6.400000095367432,6.610000133514404,4.040947914123535,5096000
2009-04-17,6.614999771118164,6.667500019073486,6.510000228881836,6.630000114440918,4.05317497253418,5666000
2009-04-20,6.527500152587891,6.642499923706055,6.389999866485596,6.4375,3.9354922771453857,5293600
2009-04-21,6.429999828338623,6.567500114440918,6.392499923706055,6.552499771118164,4.005795478820801,5384000
2009-04-22,6.505000114440918,6.715000152587891,6.402500152587891,6.579999923706055,4.022607803344727,6309200
2009-04-23,6.567500114440918,6.59250020980835,6.382500171661377,6.585000038146973,4.025664329528809,7546400
2009-04-24,6.627500057220459,6.762499809265137,6.572500228881836,6.707499980926514,4.100552082061768,6308000
2009-04-27,6.570000171661377,6.692500114440918,6.512499809265137,6.559999942779541,4.010380268096924,6445600
2009-04-28,6.59499979019165,6.59499979019165,6.429999828338623,6.480000019073486,3.9614734649658203,6527600
2009-04-29,6.619999885559082,6.625,6.417500019073486,6.460000038146973,3.949247360229492,8078000
2009-04-30,6.392499923706055,6.582499980926514,6.367499828338623,6.414999961853027,3.9217371940612793,9571600
2009-05-01,6.627500057220459,6.627500057220459,6.360000133514404,6.4375,3.9354922771453857,4742400
2009-05-04,6.460000038146973,6.492499828338623,6.369999885559082,6.454999923706055,3.9461896419525146,4904000
2009-05-05,6.434999942779541,6.487500190734863,6.385000228881836,6.480000019073486,3.9614734649658203,5676800
2009-05-06,6.534999847412109,6.539999961853027,6.349999904632568,6.454999923706055,3.9461896419525146,4671200
2009-05-07,6.487500190734863,6.522500038146973,6.369999885559082,6.417500019073486,3.923265218734741,7408800
2009-05-08,6.487500190734863,6.552499771118164,6.420000076293945,6.507500171661377,3.978285551071167,5803600
2009-05-11,6.445000171661377,6.517499923706055,6.400000095367432,6.420000076293945,3.9247939586639404,4970000
2009-05-12,6.454999923706055,6.487500190734863,6.300000190734863,6.362500190734863,3.8896408081054688,5028800
2009-05-13,6.335000038146973,6.447500228881836,6.170000076293945,6.202499866485596,3.7918272018432617,5060400
2009-05-14,6.232500076293945,6.3125,6.21750020980835,6.275000095367432,3.836149215698242,5061200
2009-05-15,6.28249979019165,6.295000076293945,6.179999828338623,6.235000133514404,3.8116955757141113,4424400
2009-05-18,6.322500228881836,6.400000095367432,6.242499828338623,6.400000095367432,3.9125661849975586,4128400
2009-05-19,6.289999961853027,6.445000171661377,6.284999847412109,6.394999980926514,3.9095098972320557,3461200
2009-05-20,6.317500114440918,6.485000133514404,6.317500114440918,6.337500095367432,3.8743579387664795,4010400
2009-05-21,6.297500133514404,6.300000190734863,6.125,6.164999961853027,3.768901824951172,5317200
2009-05-22,6.190000057220459,6.224999904632568,6.09499979019165,6.139999866485596,3.7536184787750244,4063200
2009-05-26,6.0625,6.337500095367432,6.039999961853027,6.297500133514404,3.849905252456665,5784800
2009-05-27,6.269999980926514,6.315000057220459,6.159999847412109,6.170000076293945,3.771959066390991,3850000
2009-05-28,6.210000038146973,6.244999885559082,6.039999961853027,6.152500152587891,3.761260747909546,4452800
2009-05-29,5.627500057220459,5.887499809265137,5.53249979019165,5.822500228881836,3.559518814086914,13001600
2009-06-01,5.795000076293945,5.954999923706055,5.697500228881836,5.869999885559082,3.588557481765747,10244400
2009-06-02,5.820000171661377,5.894999980926514,5.777500152587891,5.792500019073486,3.5411789417266846,8188400
2009-06-03,5.789999961853027,5.840000152587891,5.647500038146973,5.670000076293945,3.466289758682251,8070400
2009-06-04,5.65749979019165,5.727499961853027,5.637499809265137,5.690000057220459,3.4785172939300537,6227200
2009-06-05,5.727499961853027,5.784999847412109,5.607500076293945,5.707499980926514,3.489213705062866,5961200
2009-06-08,5.627500057220459,5.724999904632568,5.617499828338623,5.692500114440918,3.4800448417663574,5333600
2009-06-09,5.679999828338623,5.772500038146973,5.65749979019165,5.739999771118164,3.5090835094451904,5498400
2009-06-10,5.769999980926514,5.795000076293945,5.612500190734863,5.690000057220459,3.4785172939300537,5640800
2009-06-11,5.707499980926514,5.792500019073486,5.662499904632568,5.712500095367432,3.4922714233398438,5751600
2009-06-12,5.699999809265137,5.739999771118164,5.607500076293945,5.735000133514404,3.5060269832611084,5043200
2009-06-15,5.65500020980835,5.677499771118164,5.552499771118164,5.622499942779541,3.437250852584839,6979200
2009-06-16,5.597499847412109,5.662499904632568,5.554999828338623,5.554999828338623,3.395984649658203,5625200
2009-06-17,5.547500133514404,5.644999980926514,5.522500038146973,5.597499847412109,3.4219672679901123,9553200
2009-06-18,5.607500076293945,5.614999771118164,5.552499771118164,5.602499961853027,3.4250237941741943,4530800
2009-06-19,5.647500038146973,5.647500038146973,5.545000076293945,5.607500076293945,3.4280800819396973,8901600
2009-06-22,5.574999809265137,5.630000114440918,5.53000020980835,5.547500133514404,3.391400098800659,5038400
2009-06-23,5.587500095367432,5.622499942779541,5.510000228881836,5.527500152587891,3.379173994064331,4952000
2009-06-24,5.547500133514404,5.664999961853027,5.522500038146973,5.610000133514404,3.429609775543213,5854400
2009-06-25,5.625,5.78000020980835,5.567500114440918,5.78000020980835,3.5335376262664795,5294800
2009-06-26,5.732500076293945,5.760000228881836,5.65749979019165,5.730000019073486,3.502969741821289,6721200
2009-06-29,5.727499961853027,5.78249979019165,5.65500020980835,5.732500076293945,3.5044984817504883,4961600
2009-06-30,5.715000152587891,5.784999847412109,5.664999961853027,5.710000038146973,3.490743637084961,5216000
2009-07-01,5.772500038146973,5.849999904632568,5.71999979019165,5.764999866485596,3.524366617202759,5224000
2009-07-02,5.735000133514404,5.735000133514404,5.53249979019165,5.550000190734863,3.3929290771484375,4658000
2009-07-06,5.552499771118164,5.610000133514404,5.472499847412109,5.5625,3.400570869445801,4274000
2009-07-07,5.565000057220459,5.577499866485596,5.409999847412109,5.417500019073486,3.3119263648986816,5161600
2009-07-08,5.547500133514404,5.547500133514404,5.429999828338623,5.489999771118164,3.356247663497925,6522400
2009-07-09,5.492499828338623,5.510000228881836,5.380000114440918,5.432499885559082,3.3210954666137695,5138000
2009-07-10,5.402500152587891,5.46750020980835,5.364999771118164,5.402500152587891,3.302757501602173,6391200
2009-07-13,5.402500152587891,5.480000019073486,5.324999809265137,5.474999904632568,3.347078800201416,11334000
2009-07-14,5.542500019073486,5.587500095367432,5.457499980926514,5.579999923706055,3.4112696647644043,6374000
2009-07-15,5.627500057220459,5.820000171661377,5.579999923706055,5.78000020980835,3.5335376262664795,10359200
2009-07-16,5.545000076293945,5.667500019073486,5.519999980926514,5.635000228881836,3.4448933601379395,13694000
2009-07-17,5.65500020980835,5.65749979019165,5.582499980926514,5.652500152587891,3.4555909633636475,7311600
2009-07-20,5.667500019073486,5.704999923706055,5.587500095367432,5.692500114440918,3.4800448417663574,5640000
2009-07-21,5.702499866485596,5.827499866485596,5.702499866485596,5.827499866485596,3.562574863433838,7200000
2009-07-22,5.789999961853027,5.917500019073486,5.737500190734863,5.880000114440918,3.594670295715332,7160400
2009-07-23,5.852499961853027,6.065000057220459,5.837500095367432,6.047500133514404,3.6970698833465576,7071200
2009-07-24,6.017499923706055,6.117499828338623,6.0,6.112500190734863,3.7368075847625732,4070400
2009-07-27,6.09250020980835,6.135000228881836,6.025000095367432,6.102499961853027,3.7306931018829346,4056000
2009-07-28,6.074999809265137,6.177499771118164,5.897500038146973,6.152500152587891,3.761260747909546,5884800
2009-07-29,6.144999980926514,6.184999942779541,6.105000019073486,6.182499885559082,3.779599905014038,5805600
2009-07-30,6.257500171661377,6.332499980926514,6.195000171661377,6.304999828338623,3.854489326477051,7676800
2009-07-31,6.297500133514404,6.340000152587891,6.242499828338623,6.295000076293945,3.8483762741088867,5846000
2009-08-03,6.272500038146973,6.34250020980835,6.227499961853027,6.337500095367432,3.8743579387664795,6468400
2009-08-04,6.300000190734863,6.420000076293945,6.277500152587891,6.420000076293945,3.9247939586639404,5561200
2009-08-05,6.420000076293945,6.427499771118164,6.309999942779541,6.392499923706055,3.9079818725585938,7595200
2009-08-06,6.385000228881836,6.46750020980835,6.340000152587891,6.429999828338623,3.9309074878692627,6430800
2009-08-07,6.53000020980835,6.78000020980835,6.46750020980835,6.699999809265137,4.095967769622803,7227200
2009-08-10,6.659999847412109,6.710000038146973,6.605000019073486,6.650000095367432,4.065401077270508,5978800
2009-08-11,6.612500190734863,6.679999828338623,6.522500038146973,6.550000190734863,4.004268646240234,5791600
2009-08-12,6.570000171661377,6.752500057220459,6.552499771118164,6.707499980926514,4.100552082061768,6403200
2009-08-13,6.760000228881836,6.837500095367432,6.684999942779541,6.832499980926514,4.176971435546875,6957600
2009-08-14,6.804999828338623,6.827499866485596,6.667500019073486,6.71999979019165,4.108194351196289,4974800
2009-08-17,6.65749979019165,6.695000171661377,6.554999828338623,6.572500228881836,4.0180230140686035,4678000
2009-08-18,6.607500076293945,6.684999942779541,6.579999923706055,6.667500019073486,4.076099395751953,5494000
2009-08-19,6.630000114440918,6.767499923706055,6.605000019073486,6.757500171661377,4.131119728088379,3368400
2009-08-20,6.684999942779541,6.797500133514404,6.672500133514404,6.78000020980835,4.1448750495910645,2732000
2009-08-21,6.84499979019165,6.965000152587891,6.767499923706055,6.925000190734863,4.233519077301025,3839600
2009-08-24,6.914999961853027,6.934999942779541,6.855000019073486,6.894999980926514,4.215179920196533,2668400
2009-08-25,6.920000076293945,7.005000114440918,6.815000057220459,6.909999847412109,4.224349021911621,4731200
2009-08-26,6.892499923706055,6.997499942779541,6.877500057220459,6.96750020980835,4.259500503540039,4102800
2009-08-27,6.96750020980835,7.014999866485596,6.837500095367432,7.0,4.279370307922363,4105600
2009-08-28,7.025000095367432,7.074999809265137,6.892499923706055,6.952499866485596,4.250331878662109,2563200
2009-08-31,6.9375,6.972499847412109,6.840000152587891,6.860000133514404,4.193782806396484,3683600
2009-09-01,6.747499942779541,6.900000095367432,6.710000038146973,6.764999866485596,4.13570499420166,8108400
2009-09-02,6.71750020980835,6.762499809265137,6.670000076293945,6.702499866485596,4.0974955558776855,5011600
2009-09-03,6.697500228881836,6.817500114440918,6.627500057220459,6.815000057220459,4.1662726402282715,3959600
2009-09-04,6.800000190734863,6.9375,6.784999847412109,6.929999828338623,4.236577033996582,2950400
2009-09-08,6.987500190734863,7.002500057220459,6.934999942779541,6.994999885559082,4.276313304901123,4142000
2009-09-09,6.974999904632568,7.0625,6.934999942779541,7.039999961853027,4.303823471069336,3688800
2009-09-10,7.087500095367432,7.102499961853027,6.989999771118164,7.09250020980835,4.335918426513672,3525600
2009-09-11,7.087500095367432,7.107500076293945,7.012499809265137,7.09499979019165,4.337447166442871,4011600
2009-09-14,7.102499961853027,7.21999979019165,7.034999847412109,7.204999923706055,4.404694557189941,3891200
2009-09-15,7.099999904632568,7.232500076293945,7.099999904632568,7.21750020980835,4.412336826324463,2934000
2009-09-16,7.212500095367432,7.320000171661377,7.144999980926514,7.3125,4.4704132080078125,3526000
2009-09-17,7.315000057220459,7.414999961853027,7.260000228881836,7.364999771118164,4.502508163452148,4752000
2009-09-18,7.417500019073486,7.485000133514404,7.380000114440918,7.442500114440918,4.549887657165527,7401600
2009-09-21,7.414999961853027,7.460000038146973,7.347499847412109,7.417500019073486,4.534603595733643,3667600
2009-09-22,7.4375,7.5,7.417500019073486,7.445000171661377,4.551415920257568,4491600
2009-09-23,7.262499809265137,7.375,7.052499771118164,7.087500095367432,4.332861423492432,13551200
2009-09-24,7.355000019073486,7.570000171661377,7.302499771118164,7.550000190734863,4.615606307983398,18333600
2009-09-25,7.542500019073486,7.610000133514404,7.472499847412109,7.514999866485596,4.594208240509033,6926800
2009-09-28,7.557499885559082,7.712500095367432,7.519999980926514,7.672500133514404,4.690495014190674,4808800
2009-09-29,7.670000076293945,7.699999809265137,7.59250020980835,7.630000114440918,4.664514064788818,5258400
2009-09-30,7.614999771118164,7.667500019073486,7.449999809265137,7.577499866485596,4.632418155670166,7162800
2009-10-01,7.574999809265137,7.607500076293945,7.322500228881836,7.329999923706055,4.4811110496521,7908800
2009-10-02,7.224999904632568,7.307499885559082,7.147500038146973,7.262499809265137,4.439845561981201,5704400
2009-10-05,7.272500038146973,7.385000228881836,7.239999771118164,7.385000228881836,4.514735221862793,4537200
2009-10-06,7.400000095367432,7.502500057220459,7.349999904632568,7.432499885559082,4.543774604797363,3850400
2009-10-07,7.40500020980835,7.40500020980835,7.297500133514404,7.332499980926514,4.482639789581299,4166800
2009-10-08,7.337500095367432,7.427499771118164,7.28249979019165,7.34499979019165,4.490281105041504,4241600
2009-10-09,7.364999771118164,7.420000076293945,7.275000095367432,7.382500171661377,4.513206958770752,2975200
2009-10-12,7.377500057220459,7.40500020980835,7.175000190734863,7.300000190734863,4.462770462036133,4856400
2009-10-13,7.269999980926514,7.332499980926514,7.244999885559082,7.300000190734863,4.462770462036133,4394800
2009-10-14,7.320000171661377,7.360000133514404,7.227499961853027,7.329999923706055,4.4811110496521,5144800
2009-10-15,7.28000020980835,7.372499942779541,7.179999828338623,7.372499942779541,4.5070929527282715,4828400
2009-10-16,7.389999866485596,7.389999866485596,7.230000019073486,7.3125,4.4704132080078125,5060800
2009-10-19,7.367499828338623,7.422500133514404,7.295000076293945,7.394999980926514,4.520848274230957,5530000
2009-10-20,7.320000171661377,7.412499904632568,7.25,7.302499771118164,4.46429967880249,4818800
2009-10-21,7.302499771118164,7.362500190734863,7.177499771118164,7.179999828338623,4.389410495758057,3644400
2009-10-22,7.177499771118164,7.227499961853027,7.09250020980835,7.190000057220459,4.395524024963379,8070800
2009-10-23,7.164999961853027,7.164999961853027,7.019999980926514,7.027500152587891,4.296180725097656,6306400
2009-10-26,7.005000114440918,7.1875,6.997499942779541,7.079999923706055,4.32827615737915,11836000
2009-10-27,7.102499961853027,7.15749979019165,7.054999828338623,7.074999809265137,4.32521915435791,4336800
2009-10-28,7.085000038146973,7.107500076293945,6.962500095367432,6.974999904632568,4.264086723327637,5049200
2009-10-29,7.010000228881836,7.059999942779541,6.957499980926514,7.037499904632568,4.302295684814453,5134000
2009-10-30,7.007500171661377,7.065000057220459,6.882500171661377,6.922500133514404,4.231991291046143,5462000
2009-11-02,6.914999961853027,7.017499923706055,6.872499942779541,7.0,4.279370307922363,6392400
2009-11-03,6.997499942779541,7.042500019073486,6.925000190734863,7.007500171661377,4.283954620361328,5154800
2009-11-04,7.007500171661377,7.117499828338623,6.96750020980835,7.047500133514404,4.308408260345459,6527600
2009-11-05,7.065000057220459,7.182499885559082,7.065000057220459,7.15500020980835,4.374127388000488,3384000
2009-11-06,7.137499809265137,7.224999904632568,7.0625,7.192500114440918,4.397053241729736,3463200
2009-11-09,7.224999904632568,7.329999923706055,7.192500114440918,7.329999923706055,4.4811110496521,3575200
2009-11-10,7.322500228881836,7.369999885559082,7.204999923706055,7.244999885559082,4.429148197174072,3977600
2009-11-11,7.284999847412109,7.302499771118164,7.204999923706055,7.260000228881836,4.438317775726318,2686000
2009-11-12,6.852499961853027,7.269999980926514,6.849999904632568,7.177499771118164,4.387883186340332,4231600
2009-11-13,7.197500228881836,7.247499942779541,7.130000114440918,7.204999923706055,4.404694557189941,2132000
2009-11-16,7.25,7.292500019073486,7.197500228881836,7.227499961853027,4.4184489250183105,4245600
2009-11-17,7.207499980926514,7.239999771118164,7.170000076293945,7.232500076293945,4.421506881713867,2895200
2009-11-18,7.21750020980835,7.222499847412109,7.099999904632568,7.139999866485596,4.364956378936768,3188800
2009-11-19,6.952499866485596,7.114999771118164,6.947500228881836,7.022500038146973,4.293125629425049,4201600
2009-11-20,7.002500057220459,7.072500228881836,6.947500228881836,6.989999771118164,4.273257255554199,3719200
2009-11-23,7.057499885559082,7.175000190734863,7.010000228881836,7.147500038146973,4.369543075561523,4434800
2009-11-24,7.147500038146973,7.147500038146973,7.057499885559082,7.135000228881836,4.361900806427002,2579600
2009-11-25,7.135000228881836,7.190000057220459,7.087500095367432,7.1875,4.393995761871338,2400400
2009-11-27,7.027500152587891,7.142499923706055,6.940000057220459,7.082499980926514,4.32980489730835,1418800
2009-11-30,7.037499904632568,7.087500095367432,6.977499961853027,7.022500038146973,4.293125629425049,4927200
2009-12-01,7.065000057220459,7.1875,7.065000057220459,7.179999828338623,4.389410495758057,3142400
2009-12-02,7.195000171661377,7.275000095367432,7.135000228881836,7.232500076293945,4.421506881713867,1785200
2009-12-03,7.21999979019165,7.262499809265137,7.175000190734863,7.182499885559082,4.390938758850098,2777600
2009-12-04,7.28000020980835,7.432499885559082,7.255000114440918,7.352499961853027,4.494867324829102,4525600
2009-12-07,7.332499980926514,7.394999980926514,7.315000057220459,7.360000133514404,4.499452114105225,2570000
2009-12-08,7.302499771118164,7.302499771118164,7.195000171661377,7.252500057220459,4.433732509613037,3008000
2009-12-09,7.224999904632568,7.227499961853027,7.132500171661377,7.1875,4.393995761871338,4060800
2009-12-10,7.227499961853027,7.304999828338623,7.222499847412109,7.242499828338623,4.427618980407715,3662000
2009-12-11,7.292500019073486,7.352499961853027,7.264999866485596,7.332499980926514,4.482639789581299,2899200
2009-12-14,7.380000114440918,7.429999828338623,7.369999885559082,7.40500020980835,4.526960372924805,5409600
2009-12-15,7.409999847412109,7.409999847412109,7.329999923706055,7.357500076293945,4.497923851013184,3568800
2009-12-16,7.355000019073486,7.412499904632568,7.300000190734863,7.329999923706055,4.4811110496521,3073600
2009-12-17,7.307499885559082,7.307499885559082,7.164999961853027,7.192500114440918,4.397053241729736,5358000
2009-12-18,7.244999885559082,7.385000228881836,7.204999923706055,7.385000228881836,4.514735221862793,8275200
2009-12-21,7.377500057220459,7.5,7.377500057220459,7.40500020980835,4.526960372924805,3716800
2009-12-22,7.442500114440918,7.46999979019165,7.380000114440918,7.420000076293945,4.536131858825684,4479200
2009-12-23,6.715000152587891,6.78249979019165,6.5625,6.587500095367432,4.02719259262085,27648400
2009-12-24,6.582499980926514,6.630000114440918,6.550000190734863,6.59250020980835,4.030249118804932,4435200
2009-12-28,6.602499961853027,6.607500076293945,6.5,6.527500152587891,3.9905121326446533,6456800
2009-12-29,6.547500133514404,6.599999904632568,6.510000228881836,6.567500114440918,4.014965057373047,4359600
2009-12-30,6.617499828338623,6.617499828338623,6.522500038146973,6.545000076293945,4.001210689544678,3391600
2009-12-31,6.5625,6.567500114440918,6.512499809265137,6.517499923706055,3.9843995571136475,2710800
2010-01-04,6.557499885559082,6.632500171661377,6.53000020980835,6.597499847412109,4.033306121826172,4204400
2010-01-05,6.577499866485596,6.59250020980835,6.534999847412109,6.587500095367432,4.02719259262085,5822400
2010-01-06,6.547500133514404,6.617499828338623,6.547500133514404,6.605000019073486,4.037891864776611,6280400
2010-01-07,6.5,6.662499904632568,6.5,6.662499904632568,4.073041915893555,4140400
2010-01-08,6.639999866485596,6.730000019073486,6.617499828338623,6.727499961853027,4.11277961730957,10043200
2010-01-11,6.71750020980835,6.732500076293945,6.670000076293945,6.699999809265137,4.095967769622803,2839600
2010-01-12,6.684999942779541,6.710000038146973,6.590000152587891,6.610000133514404,4.040947914123535,4056000
2010-01-13,6.632500171661377,6.727499961853027,6.619999885559082,6.712500095367432,4.103610992431641,3398400
2010-01-14,6.677499771118164,6.71750020980835,6.652500152587891,6.670000076293945,4.077629089355469,3462000
2010-01-15,6.707499980926514,6.71750020980835,6.517499923706055,6.559999942779541,4.010380268096924,5469600
2010-01-19,6.527500152587891,6.664999961853027,6.527500152587891,6.664999961853027,4.074571132659912,2735600
2010-01-20,6.614999771118164,6.617499828338623,6.5,6.5625,4.0119099617004395,4123200
2010-01-21,6.550000190734863,6.585000038146973,6.4375,6.442500114440918,3.938549041748047,7512000
2010-01-22,6.454999923706055,6.497499942779541,6.289999961853027,6.3125,3.859074115753174,8358800
2010-01-25,6.34250020980835,6.34250020980835,6.260000228881836,6.302499771118164,3.8529610633850098,5290000
2010-01-26,6.277500152587891,6.307499885559082,6.239999771118164,6.255000114440918,3.8239235877990723,5861200
2010-01-27,6.212500095367432,6.307499885559082,6.202499866485596,6.304999828338623,3.854489326477051,6942400
2010-01-28,6.322500228881836,6.34499979019165,6.212500095367432,6.239999771118164,3.8147521018981934,5386800
2010-01-29,6.252500057220459,6.34250020980835,6.252500057220459,6.277500152587891,3.8376781940460205,7532000
2010-02-01,6.300000190734863,6.332499980926514,6.267499923706055,6.304999828338623,3.854489326477051,4087200
2010-02-02,6.295000076293945,6.372499942779541,6.260000228881836,6.360000133514404,3.888113260269165,4188800
2010-02-03,6.307499885559082,6.34250020980835,6.28000020980835,6.327499866485596,3.8682448863983154,2527200
2010-02-04,6.297500133514404,6.322500228881836,6.197500228881836,6.202499866485596,3.7918272018432617,3756000
2010-02-05,6.21999979019165,6.260000228881836,6.127500057220459,6.207499980926514,3.7948834896087646,5827600
2010-02-08,6.102499961853027,6.162499904632568,6.03000020980835,6.122499942779541,3.8167030811309814,5890800
2010-02-09,6.199999809265137,6.232500076293945,6.105000019073486,6.170000076293945,3.8463144302368164,4696000
2010-02-10,6.182499885559082,6.1875,6.099999904632568,6.110000133514404,3.8089089393615723,3518800
2010-02-11,6.070000171661377,6.175000190734863,6.017499923706055,6.15500020980835,3.836962938308716,3128400
2010-02-12,6.107500076293945,6.162499904632568,6.057499885559082,6.150000095367432,3.833846092224121,4227200
2010-02-16,5.8125,6.070000171661377,5.775000095367432,5.9375,3.7013752460479736,10638400
2010-02-17,5.9375,6.005000114440918,5.932499885559082,5.962500095367432,3.7169599533081055,6526800
2010-02-18,5.989999771118164,6.039999961853027,5.957499980926514,6.03000020980835,3.7590391635894775,5526400
2010-02-19,6.022500038146973,6.132500171661377,6.019999980926514,6.122499942779541,3.8167030811309814,6420000
2010-02-22,6.152500152587891,6.172500133514404,6.110000133514404,6.132500171661377,3.8229379653930664,3461200
2010-02-23,6.137499809265137,6.170000076293945,6.027500152587891,6.050000190734863,3.771507978439331,4019200
2010-02-24,6.09250020980835,6.167500019073486,6.047500133514404,6.162499904632568,3.84163761138916,4883200
2010-02-25,6.09250020980835,6.230000019073486,6.065000057220459,6.207499980926514,3.8696913719177246,5222800
2010-02-26,6.222499847412109,6.257500171661377,6.170000076293945,6.197500228881836,3.863457441329956,12786800
2010-03-01,6.212500095367432,6.272500038146973,6.179999828338623,6.272500038146973,3.9102108478546143,5391600
2010-03-02,6.284999847412109,6.302499771118164,6.202499866485596,6.215000152587891,3.8743655681610107,4774000
2010-03-03,6.21750020980835,6.295000076293945,6.215000152587891,6.267499923706055,3.9070940017700195,4698400
2010-03-04,6.267499923706055,6.340000152587891,6.244999885559082,6.320000171661377,3.9398210048675537,4738000
2010-03-05,6.329999923706055,6.402500152587891,6.320000171661377,6.382500171661377,3.9787845611572266,4439200
2010-03-08,6.389999866485596,6.510000228881836,6.377500057220459,6.502500057220459,4.053590774536133,4800400
2010-03-09,6.474999904632568,6.552499771118164,6.434999942779541,6.537499904632568,4.075408458709717,4453200
2010-03-10,6.53000020980835,6.635000228881836,6.53000020980835,6.605000019073486,4.117488384246826,5354800
2010-03-11,6.597499847412109,6.670000076293945,6.552499771118164,6.664999961853027,4.154891490936279,3591200
2010-03-12,6.662499904632568,6.667500019073486,6.622499942779541,6.667500019073486,4.156449794769287,2346000
2010-03-15,6.667500019073486,6.699999809265137,6.635000228881836,6.695000171661377,4.173593521118164,2142000
2010-03-16,6.71999979019165,6.789999961853027,6.702499866485596,6.777500152587891,4.225021839141846,2880800
2010-03-17,6.784999847412109,6.889999866485596,6.78000020980835,6.877500057220459,4.2873616218566895,4385200
2010-03-18,6.837500095367432,6.974999904632568,6.837500095367432,6.947500228881836,4.330999851226807,8002800
2010-03-19,6.982500076293945,7.057499885559082,6.797500133514404,7.03249979019165,4.3839874267578125,13705600
2010-03-22,6.992499828338623,7.135000228881836,6.992499828338623,7.112500190734863,4.433858871459961,5955200
2010-03-23,7.09250020980835,7.15500020980835,7.045000076293945,7.144999980926514,4.454117774963379,4946400
2010-03-24,7.150000095367432,7.167500019073486,7.0625,7.079999923706055,4.413597583770752,4122400
2010-03-25,7.137499809265137,7.144999980926514,7.045000076293945,7.054999828338623,4.398012638092041,4846400
2010-03-26,7.09250020980835,7.110000133514404,6.965000152587891,6.980000019073486,4.351259708404541,8132000
2010-03-29,6.989999771118164,7.102499961853027,6.982500076293945,7.087500095367432,4.418273448944092,4583200
2010-03-30,7.077499866485596,7.125,7.034999847412109,7.09499979019165,4.422949314117432,3043200
2010-03-31,7.082499980926514,7.099999904632568,7.005000114440918,7.025000095367432,4.379312038421631,4669600
2010-04-01,7.059999942779541,7.097499847412109,6.96999979019165,7.005000114440918,4.366844177246094,4126400
2010-04-05,7.007500171661377,7.09250020980835,6.980000019073486,7.034999847412109,4.3855462074279785,3904800
2010-04-06,7.0,7.067500114440918,6.989999771118164,7.034999847412109,4.3855462074279785,3052800
2010-04-07,6.925000190734863,7.014999866485596,6.925000190734863,6.954999923706055,4.335674285888672,3404400
2010-04-08,6.954999923706055,6.957499980926514,6.862500190734863,6.934999942779541,4.323206901550293,3552000
2010-04-09,6.9375,6.945000171661377,6.894999980926514,6.934999942779541,4.323206901550293,2984000
2010-04-12,6.942500114440918,6.987500190734863,6.860000133514404,6.902500152587891,4.3029465675354,3438400
2010-04-13,6.902500152587891,6.965000152587891,6.880000114440918,6.960000038146973,4.338790416717529,3068800
2010-04-14,6.942500114440918,6.992499828338623,6.887499809265137,6.992499828338623,4.3590521812438965,4993200
2010-04-15,7.002500057220459,7.052499771118164,6.985000133514404,7.037499904632568,4.387104034423828,6035200
2010-04-16,7.022500038146973,7.065000057220459,6.947500228881836,6.977499961853027,4.349700450897217,4998400
2010-04-19,6.957499980926514,7.007500171661377,6.920000076293945,6.997499942779541,4.362167835235596,2951200
2010-04-20,7.054999828338623,7.074999809265137,7.007500171661377,7.057499885559082,4.399572849273682,2556800
2010-04-21,7.042500019073486,7.087500095367432,7.025000095367432,7.082499980926514,4.415156841278076,2481200
2010-04-22,7.042500019073486,7.175000190734863,6.989999771118164,7.170000076293945,4.46970272064209,2905200
2010-04-23,7.182499885559082,7.197500228881836,7.09250020980835,7.182499885559082,4.47749662399292,2973200
2010-04-26,7.1875,7.1875,7.09250020980835,7.097499847412109,4.424506664276123,3082800
2010-04-27,7.097499847412109,7.112500190734863,6.864999771118164,6.872499942779541,4.284245014190674,6824000
2010-04-28,6.922500133514404,6.9375,6.832499980926514,6.875,4.28580379486084,5051200
2010-04-29,6.889999866485596,6.942500114440918,6.802499771118164,6.909999847412109,4.307621479034424,5824800
2010-04-30,6.927499771118164,6.949999809265137,6.8125,6.815000057220459,4.248400688171387,4546800
2010-05-03,6.829999923706055,6.882500171661377,6.789999961853027,6.869999885559082,4.282686233520508,3755200
2010-05-04,6.789999961853027,6.789999961853027,6.632500171661377,6.712500095367432,4.184503555297852,6440400
2010-05-05,6.710000038146973,6.797500133514404,6.662499904632568,6.675000190734863,4.161126136779785,3610400
2010-05-06,6.65500020980835,6.699999809265137,6.252500057220459,6.525000095367432,4.067615985870361,7633600
2010-05-07,6.487500190734863,6.53000020980835,6.352499961853027,6.385000228881836,3.980342149734497,7267600
2010-05-10,6.552499771118164,6.724999904632568,6.53249979019165,6.724999904632568,4.192295074462891,5788000
2010-05-11,6.662499904632568,6.742499828338623,6.502500057220459,6.664999961853027,4.154891490936279,5041600
2010-05-12,6.662499904632568,6.8125,6.617499828338623,6.795000076293945,4.235931873321533,3953600
2010-05-13,6.762499809265137,6.792500019073486,6.702499866485596,6.724999904632568,4.192295074462891,3282000
2010-05-14,6.695000171661377,6.71750020980835,6.5625,6.617499828338623,4.125280380249023,4664000
2010-05-17,6.632500171661377,6.757500171661377,6.559999942779541,6.735000133514404,4.1985297203063965,4888000
2010-05-18,6.789999961853027,6.824999809265137,6.662499904632568,6.692500114440918,4.1720356941223145,4934400
2010-05-19,6.715000152587891,6.757500171661377,6.627500057220459,6.664999961853027,4.154891490936279,4384800
2010-05-20,6.534999847412109,6.59250020980835,6.369999885559082,6.377500057220459,3.975666046142578,6549600
2010-05-21,6.295000076293945,6.482500076293945,6.295000076293945,6.482500076293945,4.041123390197754,7566000
2010-05-24,6.454999923706055,6.474999904632568,6.382500171661377,6.409999847412109,3.9959259033203125,4037600
2010-05-25,6.292500019073486,6.400000095367432,6.222499847412109,6.392499923706055,3.985017776489258,5454800
2010-05-26,6.40749979019165,6.525000095367432,6.360000133514404,6.392499923706055,3.985017776489258,6056400
2010-05-27,6.497499942779541,6.5625,6.442500114440918,6.559999942779541,4.08943510055542,4514400
2010-05-28,6.545000076293945,6.565000057220459,6.427499771118164,6.5,4.052031993865967,3973200
2010-06-01,6.457499980926514,6.525000095367432,6.340000152587891,6.34250020980835,3.953848361968994,5142400
2010-06-02,6.357500076293945,6.465000152587891,6.302499771118164,6.465000152587891,4.030214309692383,4168800
2010-06-03,6.452499866485596,6.53000020980835,6.420000076293945,6.525000095367432,4.067615985870361,3916000
2010-06-04,6.40749979019165,6.40749979019165,6.230000019073486,6.252500057220459,3.897742509841919,4966800
2010-06-07,6.25,6.275000095367432,6.147500038146973,6.152500152587891,3.835404872894287,7175600
2010-06-08,6.150000095367432,6.204999923706055,6.112500190734863,6.192500114440918,3.860340118408203,7013600
2010-06-09,6.21750020980835,6.252500057220459,6.137499809265137,6.15500020980835,3.836962938308716,5129600
2010-06-10,6.244999885559082,6.340000152587891,6.227499961853027,6.337500095367432,3.9507315158843994,5450400
2010-06-11,6.267499923706055,6.329999923706055,6.230000019073486,6.324999809265137,3.942939281463623,4774400
2010-06-14,6.377500057220459,6.417500019073486,6.284999847412109,6.297500133514404,3.9257960319519043,4632800
2010-06-15,6.340000152587891,6.497499942779541,6.300000190734863,6.494999885559082,4.048914909362793,3130800
2010-06-16,6.46750020980835,6.510000228881836,6.4375,6.477499961853027,4.03800630569458,2778800
2010-06-17,6.485000133514404,6.505000114440918,6.414999961853027,6.497499942779541,4.050473690032959,2836800
2010-06-18,6.510000228881836,6.574999809265137,6.480000019073486,6.525000095367432,4.067615985870361,4105600
2010-06-21,6.599999904632568,6.599999904632568,6.420000076293945,6.445000171661377,4.017746925354004,3370800
2010-06-22,6.46999979019165,6.502500057220459,6.3125,6.327499866485596,3.9444968700408936,3987200
2010-06-23,6.322500228881836,6.377500057220459,6.264999866485596,6.307499885559082,3.9320294857025146,3885600
2010-06-24,6.275000095367432,6.327499866485596,6.215000152587891,6.232500076293945,3.8852760791778564,2931600
2010-06-25,6.230000019073486,6.262499809265137,6.15500020980835,6.230000019073486,3.8837170600891113,5588400
2010-06-28,6.252500057220459,6.297500133514404,6.182499885559082,6.257500171661377,3.90086030960083,3300000
2010-06-29,6.184999942779541,6.184999942779541,6.005000114440918,6.054999828338623,3.7746241092681885,6982000
2010-06-30,6.042500019073486,6.114999771118164,5.982500076293945,5.992499828338623,3.7356622219085693,4570400
2010-07-01,5.992499828338623,6.007500171661377,5.902500152587891,5.992499828338623,3.7356622219085693,5410400
2010-07-02,5.992499828338623,6.007500171661377,5.902500152587891,5.914999961853027,3.687349796295166,4094400
2010-07-06,5.96750020980835,6.014999866485596,5.875,5.932499885559082,3.698258399963379,5340800
2010-07-07,5.987500190734863,6.117499828338623,5.952499866485596,6.110000133514404,3.8089089393615723,4907600
2010-07-08,6.137499809265137,6.192500114440918,6.099999904632568,6.179999828338623,3.8525471687316895,4075600
2010-07-09,6.207499980926514,6.255000114440918,6.167500019073486,6.244999885559082,3.8930680751800537,2283200
2010-07-12,6.21999979019165,6.327499866485596,6.197500228881836,6.300000190734863,3.927353620529175,5105200
2010-07-13,6.380000114440918,6.519999980926514,6.355000019073486,6.487500190734863,4.044239521026611,4266800
2010-07-14,6.4375,6.497499942779541,6.402500152587891,6.442500114440918,4.016188144683838,3266400
2010-07-15,6.434999942779541,6.472499847412109,6.364999771118164,6.449999809265137,4.020862102508545,2660800
2010-07-16,6.447500228881836,6.449999809265137,6.289999961853027,6.300000190734863,3.927353620529175,5405600
2010-07-19,6.329999923706055,6.425000190734863,6.307499885559082,6.420000076293945,4.002161026000977,4352000
2010-07-20,6.322500228881836,6.487500190734863,6.284999847412109,6.482500076293945,4.041123390197754,5222400
2010-07-21,6.550000190734863,6.704999923706055,6.28249979019165,6.300000190734863,3.927353620529175,6668800
2010-07-22,6.34250020980835,6.489999771118164,6.324999809265137,6.46999979019165,4.033329486846924,5856000
2010-07-23,6.472499847412109,6.525000095367432,6.417500019073486,6.502500057220459,4.053590774536133,4517600
2010-07-26,6.494999885559082,6.579999923706055,6.494999885559082,6.557499885559082,4.0878777503967285,4120800
2010-07-27,6.607500076293945,6.612500190734863,6.534999847412109,6.572500228881836,4.09722900390625,2991200
2010-07-28,6.577499866485596,6.639999866485596,6.545000076293945,6.612500190734863,4.12216329574585,4528000
2010-07-29,6.652500152587891,6.675000190734863,6.485000133514404,6.5625,4.090993404388428,4608800
2010-07-30,6.489999771118164,6.632500171661377,6.454999923706055,6.614999771118164,4.123722076416016,3854000
2010-08-02,6.697500228881836,6.815000057220459,6.672500133514404,6.787499904632568,4.23125696182251,4467200
2010-08-03,6.742499828338623,6.767499923706055,6.6875,6.732500076293945,4.1969709396362305,5170000
2010-08-04,6.739999771118164,6.787499904632568,6.684999942779541,6.747499942779541,4.2063212394714355,5326400
2010-08-05,6.704999923706055,6.747499942779541,6.690000057220459,6.730000019073486,4.1954121589660645,4384000
2010-08-06,6.659999847412109,6.715000152587891,6.599999904632568,6.712500095367432,4.184503555297852,5101600
2010-08-09,6.755000114440918,6.78000020980835,6.71999979019165,6.772500038146973,4.221905708312988,3864000
2010-08-10,6.707499980926514,6.797500133514404,6.617499828338623,6.732500076293945,4.1969709396362305,4466000
2010-08-11,6.627500057220459,6.667500019073486,6.489999771118164,6.517499923706055,4.062941551208496,4871600
2010-08-12,6.425000190734863,6.542500019073486,6.425000190734863,6.489999771118164,4.045797824859619,4644800
2010-08-13,6.449999809265137,6.505000114440918,6.429999828338623,6.460000038146973,4.027096748352051,4020000
2010-08-16,6.425000190734863,6.527500152587891,6.397500038146973,6.497499942779541,4.050473690032959,4199200
2010-08-17,6.5625,6.684999942779541,6.510000228881836,6.637499809265137,4.137747764587402,4399600
2010-08-18,6.610000133514404,6.727499961853027,6.567500114440918,6.664999961853027,4.154891490936279,3808800
2010-08-19,6.625,6.639999866485596,6.46999979019165,6.527500152587891,4.069175720214844,4636400
2010-08-20,6.519999980926514,6.570000171661377,6.452499866485596,6.547500133514404,4.081643104553223,4495200
2010-08-23,6.59250020980835,6.622499942779541,6.46999979019165,6.522500038146973,4.066059112548828,4361200
2010-08-24,6.472499847412109,6.505000114440918,6.40749979019165,6.46999979019165,4.033329486846924,7270800
2010-08-25,6.434999942779541,6.460000038146973,6.382500171661377,6.409999847412109,3.9959259033203125,10320400
2010-08-26,6.454999923706055,6.46999979019165,6.269999980926514,6.300000190734863,3.927353620529175,9714400
2010-08-27,6.327499866485596,6.442500114440918,6.247499942779541,6.402500152587891,3.9912519454956055,7164800
2010-08-30,6.372499942779541,6.425000190734863,6.332499980926514,6.335000038146973,3.9491734504699707,5088400
2010-08-31,6.300000190734863,6.422500133514404,6.289999961853027,6.372499942779541,3.972550868988037,6200000
2010-09-01,6.449999809265137,6.607500076293945,6.425000190734863,6.577499866485596,4.100344657897949,6913200
2010-09-02,6.567500114440918,6.684999942779541,6.567500114440918,6.667500019073486,4.156449794769287,5370400
2010-09-03,6.727499961853027,6.802499771118164,6.727499961853027,6.789999961853027,4.232816219329834,5832000
2010-09-07,6.767499923706055,6.784999847412109,6.675000190734863,6.682499885559082,4.165802001953125,4597200
2010-09-08,6.684999942779541,6.797500133514404,6.667500019073486,6.747499942779541,4.2063212394714355,4834800
2010-09-09,6.809999942779541,6.827499866485596,6.735000133514404,6.777500152587891,4.225021839141846,5205600
2010-09-10,6.802499771118164,6.912499904632568,6.752500057220459,6.860000133514404,4.27645206451416,4771200
2010-09-13,6.940000057220459,6.982500076293945,6.912499904632568,6.932499885559082,4.321647644042969,4903600
2010-09-14,6.90500020980835,6.992499828338623,6.885000228881836,6.957499980926514,4.337233543395996,2949600
2010-09-15,6.909999847412109,6.980000019073486,6.864999771118164,6.96750020980835,4.3434672355651855,6589200
2010-09-16,6.962500095367432,6.980000019073486,6.869999885559082,6.900000095367432,4.301388263702393,5259600
2010-09-17,6.920000076293945,6.965000152587891,6.872499942779541,6.927499771118164,4.318531036376953,7409200
2010-09-20,6.965000152587891,7.039999961853027,6.927499771118164,7.03000020980835,4.3824286460876465,5978400
2010-09-21,7.070000171661377,7.070000171661377,6.942500114440918,6.96999979019165,4.345025062561035,6700000
2010-09-22,6.974999904632568,7.017499923706055,6.732500076293945,6.84499979019165,4.267101287841797,9981600
2010-09-23,6.787499904632568,6.942500114440918,6.742499828338623,6.784999847412109,4.229698657989502,5881600
2010-09-24,6.829999923706055,6.947500228881836,6.8125,6.929999828338623,4.320090293884277,5628800
2010-09-27,6.922500133514404,6.922500133514404,6.815000057220459,6.832499980926514,4.259308815002441,3916000
2010-09-28,6.862500190734863,6.922500133514404,6.757500171661377,6.869999885559082,4.282686233520508,5127200
2010-09-29,6.829999923706055,6.90500020980835,6.797500133514404,6.862500190734863,4.278011798858643,4320800
2010-09-30,6.917500019073486,7.012499809265137,6.8125,6.887499809265137,4.293595790863037,4543600
2010-10-01,6.957499980926514,6.992499828338623,6.867499828338623,6.869999885559082,4.282686233520508,4569200
2010-10-04,6.857500076293945,6.909999847412109,6.767499923706055,6.789999961853027,4.232816219329834,7542000
2010-10-05,6.882500171661377,6.942500114440918,6.827499866485596,6.909999847412109,4.307621479034424,5957200
2010-10-06,6.90500020980835,6.922500133514404,6.847499847412109,6.889999866485596,4.295154094696045,3634800
2010-10-07,6.894999980926514,6.922500133514404,6.8125,6.855000019073486,4.273336410522461,3226400
2010-10-08,6.855000019073486,6.922500133514404,6.789999961853027,6.887499809265137,4.293595790863037,4240000
2010-10-11,6.880000114440918,6.929999828338623,6.84250020980835,6.897500038146973,4.29982852935791,4041200
2010-10-12,6.902500152587891,6.902500152587891,6.747499942779541,6.832499980926514,4.259308815002441,5709200
2010-10-13,6.860000133514404,6.925000190734863,6.820000171661377,6.90749979019165,4.306063652038574,4032400
2010-10-14,6.912499904632568,6.927499771118164,6.78000020980835,6.824999809265137,4.254632949829102,4984400
2010-10-15,6.864999771118164,6.894999980926514,6.789999961853027,6.840000152587891,4.263984203338623,4310800
2010-10-18,6.829999923706055,6.869999885559082,6.820000171661377,6.857500076293945,4.274893760681152,3674400
2010-10-19,6.792500019073486,6.847499847412109,6.75,6.84499979019165,4.267101287841797,7432800
2010-10-20,6.867499828338623,6.960000038146973,6.837500095367432,6.947500228881836,4.330999851226807,4472400
2010-10-21,6.952499866485596,7.019999980926514,6.892499923706055,6.957499980926514,4.337233543395996,6885200
2010-10-22,6.957499980926514,7.027500152587891,6.949999809265137,7.019999980926514,4.376194953918457,3273200
2010-10-25,7.070000171661377,7.117499828338623,6.982500076293945,7.002500057220459,4.3652849197387695,4804400
2010-10-26,6.887499809265137,6.914999961853027,6.827499866485596,6.849999904632568,4.270217418670654,4868400
2010-10-27,6.824999809265137,6.824999809265137,6.715000152587891,6.809999942779541,4.245283603668213,4355200
2010-10-28,6.849999904632568,6.912499904632568,6.835000038146973,6.872499942779541,4.284245014190674,5867200
2010-10-29,6.862500190734863,6.897500038146973,6.829999923706055,6.867499828338623,4.281127452850342,4504000
2010-11-01,6.877500057220459,6.922500133514404,6.807499885559082,6.832499980926514,4.259308815002441,3390400
2010-11-02,6.889999866485596,6.982500076293945,6.885000228881836,6.974999904632568,4.348142623901367,2816400
2010-11-03,6.972499847412109,7.014999866485596,6.897500038146973,6.982500076293945,4.352817535400391,3310400
2010-11-04,7.057499885559082,7.077499866485596,7.014999866485596,7.042500019073486,4.39022159576416,3084400
2010-11-05,7.059999942779541,7.085000038146973,7.025000095367432,7.050000190734863,4.394896030426025,2184800
2010-11-08,7.010000228881836,7.090000152587891,6.997499942779541,7.025000095367432,4.379312038421631,4115200
2010-11-09,6.912499904632568,6.949999809265137,6.867499828338623,6.90500020980835,4.380898475646973,3956000
2010-11-10,6.914999961853027,6.96750020980835,6.882500171661377,6.96750020980835,4.420551300048828,2610400
2010-11-11,6.902500152587891,6.925000190734863,6.852499961853027,6.882500171661377,4.3666229248046875,2806400
2010-11-12,6.827499866485596,6.872499942779541,6.764999866485596,6.804999828338623,4.317452430725098,3750000
2010-11-15,6.840000152587891,6.954999923706055,6.822500228881836,6.894999980926514,4.374553203582764,3200400
2010-11-16,6.827499866485596,6.860000133514404,6.710000038146973,6.727499961853027,4.268282413482666,4076400
2010-11-17,6.715000152587891,6.732500076293945,6.637499809265137,6.675000190734863,4.234974384307861,4549600
2010-11-18,6.722499847412109,6.847499847412109,6.715000152587891,6.784999847412109,4.3047637939453125,3212000
2010-11-19,6.78000020980835,6.912499904632568,6.75,6.909999847412109,4.384069442749023,4582800
2010-11-22,6.869999885559082,6.925000190734863,6.742499828338623,6.862500190734863,4.353933811187744,3438000
2010-11-23,6.797500133514404,6.815000057220459,6.675000190734863,6.697500228881836,4.249248504638672,3618400
2010-11-24,6.732500076293945,6.892499923706055,6.730000019073486,6.882500171661377,4.3666229248046875,3562400
2010-11-26,6.822500228881836,6.862500190734863,6.787499904632568,6.797500133514404,4.312695026397705,950800
2010-11-29,6.739999771118164,6.78000020980835,6.622499942779541,6.769999980926514,4.295246124267578,4070800
2010-11-30,6.682499885559082,6.710000038146973,6.619999885559082,6.6875,4.242905139923096,4811200
2010-12-01,6.804999828338623,6.974999904632568,6.795000076293945,6.96999979019165,4.422137260437012,4856000
2010-12-02,6.957499980926514,7.21999979019165,6.902500152587891,7.09499979019165,4.501443862915039,6346800
2010-12-03,7.097499847412109,7.132500171661377,7.057499885559082,7.122499942779541,4.518891334533691,2989200
2010-12-06,7.125,7.127500057220459,7.012499809265137,7.025000095367432,4.457032203674316,3429200
2010-12-07,7.09250020980835,7.127500057220459,7.03249979019165,7.057499885559082,4.4776530265808105,2983200
2010-12-08,7.082499980926514,7.135000228881836,7.042500019073486,7.085000038146973,4.495099067687988,2404800
2010-12-09,7.102499961853027,7.147500038146973,7.017499923706055,7.065000057220459,4.482410430908203,3926800
2010-12-10,7.072500228881836,7.085000038146973,6.994999885559082,7.070000171661377,4.485581874847412,3161600
2010-12-13,7.072500228881836,7.074999809265137,6.902500152587891,6.96750020980835,4.420551300048828,5229200
2010-12-14,6.997499942779541,7.224999904632568,6.974999904632568,7.175000190734863,4.5522003173828125,6046400
2010-12-15,7.179999828338623,7.25,7.130000114440918,7.237500190734863,4.591852188110352,6134000
2010-12-16,7.244999885559082,7.387499809265137,7.224999904632568,7.360000133514404,4.669574737548828,7252000
2010-12-17,7.335000038146973,7.429999828338623,7.287499904632568,7.297500133514404,4.6299214363098145,26960000
2010-12-20,7.362500190734863,7.414999961853027,7.267499923706055,7.28249979019165,4.62040376663208,6648800
2010-12-21,7.327499866485596,7.347499847412109,7.267499923706055,7.300000190734863,4.631506443023682,4067600
2010-12-22,7.307499885559082,7.335000038146973,7.0625,7.074999809265137,4.488753795623779,7919600
2010-12-23,7.054999828338623,7.085000038146973,7.017499923706055,7.085000038146973,4.495099067687988,4612400
2010-12-27,7.052499771118164,7.052499771118164,6.96750020980835,6.977499961853027,4.4268951416015625,5404400
2010-12-28,6.994999885559082,7.025000095367432,6.940000057220459,7.025000095367432,4.457032203674316,2677200
2010-12-29,7.03000020980835,7.047500133514404,6.987500190734863,7.022500038146973,4.455446720123291,2392400
2010-12-30,7.027500152587891,7.072500228881836,7.0,7.014999866485596,4.450687408447266,2991200
2010-12-31,7.002500057220459,7.047500133514404,6.982500076293945,6.989999771118164,4.434826374053955,3511600
2011-01-03,7.050000190734863,7.050000190734863,6.954999923706055,6.994999885559082,4.4379987716674805,3992400
2011-01-04,7.025000095367432,7.025000095367432,6.892499923706055,6.917500019073486,4.388828277587891,5548400
2011-01-05,6.880000114440918,7.125,6.880000114440918,7.0,4.441171169281006,4559200
2011-01-06,7.0,7.005000114440918,6.929999828338623,7.0,4.441171169281006,5318800
2011-01-07,7.005000114440918,7.019999980926514,6.912499904632568,6.980000019073486,4.428482532501221,3110800
2011-01-10,6.960000038146973,7.03000020980835,6.932499885559082,7.017499923706055,4.452272891998291,4673600
2011-01-11,7.039999961853027,7.082499980926514,6.985000133514404,7.017499923706055,4.452272891998291,3330800
2011-01-12,7.070000171661377,7.232500076293945,7.0625,7.127500057220459,4.522062301635742,4292800
2011-01-13,7.15500020980835,7.15500020980835,7.087500095367432,7.130000114440918,4.523650646209717,2255600
2011-01-14,7.090000152587891,7.264999866485596,7.085000038146973,7.25,4.599783897399902,3465200
2011-01-18,7.264999866485596,7.304999828338623,7.230000019073486,7.260000228881836,4.606128692626953,4425200
2011-01-19,7.242499828338623,7.267499923706055,7.105000019073486,7.142499923706055,4.531580448150635,3208400
2011-01-20,7.15749979019165,7.360000133514404,7.15500020980835,7.322500228881836,4.645781517028809,5946400
2011-01-21,7.34499979019165,7.34499979019165,7.207499980926514,7.222499847412109,4.58233642578125,2889600
2011-01-24,7.21999979019165,7.239999771118164,7.172500133514404,7.177499771118164,4.553785800933838,3281600
2011-01-25,7.159999847412109,7.262499809265137,7.144999980926514,7.244999885559082,4.5966105461120605,2461200
2011-01-26,7.260000228881836,7.34250020980835,7.21750020980835,7.320000171661377,4.644195079803467,2576400
2011-01-27,7.357500076293945,7.547500133514404,7.329999923706055,7.332499980926514,4.652127265930176,9357600
2011-01-28,7.300000190734863,7.304999828338623,6.962500095367432,6.974999904632568,4.425310134887695,9002800
2011-01-31,6.985000133514404,7.065000057220459,6.957499980926514,7.014999866485596,4.450687408447266,10513600
2011-02-01,7.087500095367432,7.184999942779541,7.074999809265137,7.137499809265137,4.528408050537109,3909600
2011-02-02,7.110000133514404,7.175000190734863,7.057499885559082,7.15749979019165,4.541097164154053,4014000
2011-02-03,7.150000095367432,7.1875,7.102499961853027,7.175000190734863,4.5522003173828125,2509600
2011-02-04,7.175000190734863,7.227499961853027,7.09250020980835,7.224999904632568,4.583921909332275,2501600
2011-02-07,7.207499980926514,7.352499961853027,7.202499866485596,7.34250020980835,4.65847110748291,4993600
2011-02-08,7.367499828338623,7.377500057220459,7.277500152587891,7.317500114440918,4.642608642578125,1978000
2011-02-09,7.297500133514404,7.335000038146973,7.267499923706055,7.302499771118164,4.633093357086182,2348800
2011-02-10,7.262499809265137,7.324999809265137,7.239999771118164,7.297500133514404,4.6299214363098145,2830400
2011-02-11,7.257500171661377,7.327499866485596,7.202499866485596,7.322500228881836,4.645781517028809,2308400
2011-02-14,7.322500228881836,7.34499979019165,7.267499923706055,7.315000057220459,4.641023635864258,1531600
2011-02-15,7.277500152587891,7.307499885559082,7.175000190734863,7.1875,4.560131072998047,2782400
2011-02-16,7.21999979019165,7.25,7.159999847412109,7.235000133514404,4.590268135070801,3246800
2011-02-17,7.230000019073486,7.400000095367432,7.192500114440918,7.329999923706055,4.650539398193359,3055200
2011-02-18,7.335000038146973,7.394999980926514,7.287499904632568,7.297500133514404,4.6299214363098145,4039600
2011-02-22,7.222499847412109,7.230000019073486,7.010000228881836,7.039999961853027,4.466548919677734,4962800
2011-02-23,7.047500133514404,7.072500228881836,6.880000114440918,6.889999866485596,4.3713812828063965,3987200
2011-02-24,6.894999980926514,6.934999942779541,6.835000038146973,6.914999961853027,4.387242317199707,3918400
2011-02-25,6.960000038146973,7.025000095367432,6.929999828338623,7.025000095367432,4.457032203674316,2562400
2011-02-28,7.047500133514404,7.047500133514404,6.972499847412109,7.03000020980835,4.460204601287842,6482000
2011-03-01,7.037499904632568,7.037499904632568,6.927499771118164,6.927499771118164,4.395173072814941,4461600
2011-03-02,6.920000076293945,7.005000114440918,6.909999847412109,6.985000133514404,4.431654930114746,2364400
2011-03-03,7.014999866485596,7.122499942779541,6.977499961853027,7.082499980926514,4.493513107299805,3219200
2011-03-04,7.082499980926514,7.107500076293945,6.940000057220459,7.0,4.441171169281006,2842800
2011-03-07,7.042500019073486,7.042500019073486,6.900000095367432,6.940000057220459,4.403102874755859,4654800
2011-03-08,6.954999923706055,7.079999923706055,6.934999942779541,7.047500133514404,4.471307754516602,3307200
2011-03-09,7.025000095367432,7.105000019073486,6.982500076293945,7.057499885559082,4.4776530265808105,1967200
2011-03-10,6.965000152587891,7.019999980926514,6.914999961853027,6.917500019073486,4.388828277587891,3902800
2011-03-11,6.897500038146973,7.0,6.860000133514404,6.977499961853027,4.4268951416015625,2800400
2011-03-14,7.090000152587891,7.247499942779541,7.0,7.042500019073486,4.468135833740234,6230400
2011-03-15,6.84499979019165,6.987500190734863,6.84499979019165,6.940000057220459,4.403102874755859,4449600
2011-03-16,6.897500038146973,6.9375,6.804999828338623,6.829999923706055,4.333314895629883,3987200
2011-03-17,6.929999828338623,6.952499866485596,6.835000038146973,6.855000019073486,4.349175930023193,1875600
2011-03-18,6.949999809265137,6.982500076293945,6.90500020980835,6.949999809265137,4.409448146820068,4540000
2011-03-21,7.03000020980835,7.114999771118164,6.992499828338623,7.019999980926514,4.453860282897949,5736400
2011-03-22,6.997499942779541,7.090000152587891,6.977499961853027,7.034999847412109,4.463376998901367,3508400
2011-03-23,7.487500190734863,7.577499866485596,7.289999961853027,7.4375,4.718744277954102,13721600
2011-03-24,7.454999923706055,7.494999885559082,7.367499828338623,7.385000228881836,4.6854352951049805,3946000
2011-03-25,7.392499923706055,7.454999923706055,7.364999771118164,7.387499809265137,4.687021732330322,3308800
2011-03-28,7.394999980926514,7.460000038146973,7.352499961853027,7.367499828338623,4.6743316650390625,2857200
2011-03-29,7.355000019073486,7.442500114440918,7.340000152587891,7.440000057220459,4.720329761505127,2544000
2011-03-30,7.462500095367432,7.462500095367432,7.40749979019165,7.449999809265137,4.726674556732178,2900000
2011-03-31,7.429999828338623,7.619999885559082,7.429999828338623,7.570000171661377,4.802809238433838,5067600
2011-04-01,7.622499942779541,7.644999980926514,7.579999923706055,7.617499828338623,4.832945823669434,4321200
2011-04-04,7.642499923706055,7.644999980926514,7.579999923706055,7.639999866485596,4.847219944000244,3227200
2011-04-05,7.612500190734863,7.639999866485596,7.570000171661377,7.590000152587891,4.815497875213623,2338000
2011-04-06,7.617499828338623,7.755000114440918,7.572500228881836,7.75,4.917011260986328,4776800
2011-04-07,7.722499847412109,7.739999771118164,7.627500057220459,7.664999961853027,4.863081932067871,2954400
2011-04-08,7.682499885559082,7.684999942779541,7.505000114440918,7.547500133514404,4.7885332107543945,2281200
2011-04-11,7.539999961853027,7.554999828338623,7.472499847412109,7.510000228881836,4.76474142074585,3712800
2011-04-12,7.472499847412109,7.512499809265137,7.440000057220459,7.477499961853027,4.744121551513672,3158400
2011-04-13,7.5,7.537499904632568,7.460000038146973,7.465000152587891,4.7361907958984375,4910400
2011-04-14,7.420000076293945,7.5625,7.420000076293945,7.537499904632568,4.782188892364502,4970800
2011-04-15,7.542500019073486,7.585000038146973,7.492499828338623,7.585000038146973,4.812326431274414,4198800
2011-04-18,7.477499961853027,7.505000114440918,7.422500133514404,7.462500095367432,4.734604835510254,4086000
2011-04-19,7.492499828338623,7.5625,7.452499866485596,7.522500038146973,4.772672176361084,4617200
2011-04-20,7.659999847412109,7.735000133514404,7.59250020980835,7.702499866485596,4.886873722076416,5978400
2011-04-21,7.742499828338623,7.744999885559082,7.670000076293945,7.672500133514404,4.8678412437438965,3936800
2011-04-25,7.670000076293945,7.84499979019165,7.534999847412109,7.602499961853027,4.823428153991699,5098000
2011-04-26,7.605000019073486,7.667500019073486,7.59250020980835,7.65500020980835,4.856738567352295,4800000
2011-04-27,7.652500152587891,7.757500171661377,7.625,7.735000133514404,4.90749454498291,4240400
2011-04-28,7.712500095367432,7.757500171661377,7.679999828338623,7.730000019073486,4.904321193695068,4009200
2011-04-29,7.742499828338623,7.795000076293945,7.71999979019165,7.762499809265137,4.924941062927246,3964000
2011-05-02,7.809999942779541,7.837500095367432,7.6875,7.769999980926514,4.929699420928955,3791200
2011-05-03,7.747499942779541,7.804999828338623,7.71999979019165,7.760000228881836,4.923354625701904,2939200
2011-05-04,7.775000095367432,7.802499771118164,7.652500152587891,7.769999980926514,4.929699420928955,4424800
2011-05-05,7.727499961853027,7.75,7.567500114440918,7.602499961853027,4.823428153991699,4811200
2011-05-06,7.712500095367432,7.789999961853027,7.647500038146973,7.675000190734863,4.8694257736206055,7632400
2011-05-09,7.692500114440918,7.78249979019165,7.65749979019165,7.757500171661377,4.921769142150879,3666400
2011-05-10,7.762499809265137,7.987500190734863,7.762499809265137,7.949999809265137,5.043901443481445,6223200
2011-05-11,7.9375,7.987500190734863,7.872499942779541,7.942500114440918,5.039141654968262,4400000
2011-05-12,7.887499809265137,8.045000076293945,7.847499847412109,8.012499809265137,5.083554744720459,4400000
2011-05-13,8.032500267028809,8.082500457763672,7.989999771118164,8.02750015258789,5.0930705070495605,5420000
2011-05-16,8.005000114440918,8.037500381469727,7.947500228881836,7.947500228881836,5.042315483093262,4319200
2011-05-17,7.894999980926514,7.965000152587891,7.875,7.942500114440918,5.039141654968262,3600800
2011-05-18,7.954999923706055,8.012499809265137,7.90500020980835,7.994999885559082,5.072451591491699,3384800
2011-05-19,8.012499809265137,8.09000015258789,7.980000019073486,8.047499656677246,5.105759620666504,5482400
2011-05-20,8.032500267028809,8.072500228881836,7.9375,8.015000343322754,5.085139751434326,4068400
2011-05-23,7.932499885559082,8.022500038146973,7.897500038146973,7.917500019073486,5.023281574249268,3790400
2011-05-24,7.9375,7.96999979019165,7.909999847412109,7.920000076293945,5.024867534637451,2398800
2011-05-25,7.889999866485596,8.024999618530273,7.860000133514404,7.982500076293945,5.064520359039307,5315600
2011-05-26,7.952499866485596,8.09749984741211,7.922500133514404,8.047499656677246,5.105759620666504,6151600
2011-05-27,8.072500228881836,8.157500267028809,8.0600004196167,8.102499961853027,5.140655040740967,4231200
2011-05-31,8.167499542236328,8.225000381469727,8.09749984741211,8.212499618530273,5.21044397354126,4220000
2011-06-01,8.172499656677246,8.210000038146973,7.962500095367432,7.96999979019165,5.056590557098389,6994000
2011-06-02,7.992499828338623,8.042499542236328,7.932499885559082,7.997499942779541,5.074037551879883,4731200
2011-06-03,7.90749979019165,7.965000152587891,7.829999923706055,7.894999980926514,5.009006977081299,6457200
2011-06-06,7.885000228881836,7.947500228881836,7.862500190734863,7.877500057220459,4.997903347015381,4598800
2011-06-07,7.925000190734863,7.977499961853027,7.892499923706055,7.927499771118164,5.029625415802002,4174000
2011-06-08,7.917500019073486,7.947500228881836,7.855000019073486,7.877500057220459,4.997903347015381,4812400
2011-06-09,7.909999847412109,7.945000171661377,7.860000133514404,7.864999771118164,4.989972114562988,4465600
2011-06-10,7.84499979019165,7.897500038146973,7.809999942779541,7.827499866485596,4.966180801391602,5155600
2011-06-13,7.849999904632568,7.90749979019165,7.827499866485596,7.877500057220459,4.997903347015381,4337600
2011-06-14,7.949999809265137,8.107500076293945,7.940000057220459,8.069999694824219,5.120035648345947,4815200
2011-06-15,7.997499942779541,8.055000305175781,7.96999979019165,7.980000019073486,5.062933444976807,5880400
2011-06-16,7.994999885559082,8.0625,7.980000019073486,8.005000114440918,5.078794956207275,4964000
2011-06-17,8.072500228881836,8.102499961853027,7.989999771118164,8.007499694824219,5.080381870269775,6413200
2011-06-20,8.010000228881836,8.107500076293945,7.987500190734863,8.072500228881836,5.121621131896973,4513600
2011-06-21,8.119999885559082,8.1875,8.095000267028809,8.145000457763672,5.1676201820373535,4569600
2011-06-22,8.1274995803833,8.154999732971191,8.079999923706055,8.092499732971191,5.134310722351074,4292400
2011-06-23,7.994999885559082,8.037500381469727,7.90500020980835,8.029999732971191,5.094656944274902,6749200
2011-06-24,8.047499656677246,8.057499885559082,7.900000095367432,7.9375,5.035970687866211,7018400
2011-06-27,7.920000076293945,8.02750015258789,7.912499904632568,7.989999771118164,5.069279193878174,4739200
2011-06-28,8.010000228881836,8.112500190734863,7.977499961853027,8.09749984741211,5.137482643127441,4574800
2011-06-29,8.117500305175781,8.157500267028809,8.0600004196167,8.114999771118164,5.148585319519043,4525600
2011-06-30,8.147500038146973,8.279999732971191,8.140000343322754,8.257499694824219,5.238996505737305,5299200
2011-07-01,8.270000457763672,8.524999618530273,8.244999885559082,8.492500305175781,5.388092994689941,6432800
2011-07-05,8.444999694824219,8.507499694824219,8.359999656677246,8.454999923706055,5.364299774169922,4811600
2011-07-06,8.4399995803833,8.470000267028809,8.404999732971191,8.427499771118164,5.346852779388428,4065200
2011-07-07,8.52750015258789,8.609999656677246,8.512499809265137,8.529999732971191,5.411883354187012,5224000
2011-07-08,8.444999694824219,8.475000381469727,8.354999542236328,8.390000343322754,5.323061466217041,4246400
2011-07-11,8.27750015258789,8.317500114440918,8.1899995803833,8.232500076293945,5.223134994506836,4279200
2011-07-12,8.234999656677246,8.282500267028809,8.057499885559082,8.074999809265137,5.123208045959473,8021600
2011-07-13,8.102499961853027,8.109999656677246,7.855000019073486,7.892499923706055,5.007420539855957,10199200
2011-07-14,7.952499866485596,7.952499866485596,7.78000020980835,7.804999828338623,4.951904296875,7901600
2011-07-15,7.84250020980835,7.84250020980835,7.71999979019165,7.764999866485596,4.926527500152588,4372400
2011-07-18,7.744999885559082,7.747499942779541,7.587500095367432,7.610000133514404,4.828186988830566,5413200
2011-07-19,7.630000114440918,7.744999885559082,7.622499942779541,7.715000152587891,4.89480447769165,5170000
2011-07-20,8.4350004196167,8.52750015258789,8.274999618530273,8.47249984741211,5.375402927398682,21876000
2011-07-21,8.47249984741211,8.607500076293945,8.404999732971191,8.545000076293945,5.421400547027588,10394400
2011-07-22,8.5625,8.612500190734863,8.482500076293945,8.592499732971191,5.451537132263184,6928800
2011-07-25,8.522500038146973,8.545000076293945,8.444999694824219,8.479999542236328,5.380161762237549,7390000
2011-07-26,8.512499809265137,8.635000228881836,8.364999771118164,8.40250015258789,5.330991744995117,3687600
2011-07-27,8.364999771118164,8.367500305175781,8.149999618530273,8.162500381469727,5.178722858428955,6577200
2011-07-28,8.177499771118164,8.217499732971191,8.1225004196167,8.157500267028809,5.175551414489746,7764400
2011-07-29,8.0649995803833,8.239999771118164,8.029999732971191,8.137499809265137,5.162859916687012,6771200
2011-08-01,8.199999809265137,8.199999809265137,7.920000076293945,8.015000343322754,5.085139751434326,5904800
2011-08-02,7.927499771118164,8.005000114440918,7.715000152587891,7.722499847412109,4.899563312530518,5824400
2011-08-03,7.727499961853027,7.912499904632568,7.642499923706055,7.800000190734863,4.948733329772949,11902000
2011-08-04,7.682499885559082,7.730000019073486,7.457499980926514,7.457499980926514,4.731432914733887,6640400
2011-08-05,7.539999961853027,7.557499885559082,7.235000133514404,7.394999980926514,4.691779613494873,6996800
2011-08-08,7.247499942779541,7.329999923706055,6.809999942779541,6.8125,4.322210788726807,10291200
2011-08-09,6.917500019073486,7.09499979019165,6.647500038146973,7.087500095367432,4.49668550491333,9790800
2011-08-10,6.989999771118164,7.054999828338623,6.809999942779541,6.809999942779541,4.320625305175781,11778000
2011-08-11,6.832499980926514,7.40749979019165,6.829999923706055,7.320000171661377,4.644195079803467,10255200
2011-08-12,7.337500095367432,7.537499904632568,7.337500095367432,7.457499980926514,4.731432914733887,7778800
2011-08-15,7.497499942779541,7.617499828338623,7.46750020980835,7.602499961853027,4.823428153991699,7507200
2011-08-16,7.514999866485596,7.650000095367432,7.492499828338623,7.577499866485596,4.8075666427612305,6049200
2011-08-17,7.632500171661377,7.662499904632568,7.487500190734863,7.559999942779541,4.796463966369629,7892400
2011-08-18,7.340000152587891,7.352499961853027,7.147500038146973,7.215000152587891,4.577577590942383,8553600
2011-08-19,7.105000019073486,7.289999961853027,7.085000038146973,7.110000133514404,4.510961055755615,4755200
2011-08-22,7.257500171661377,7.284999847412109,7.150000095367432,7.212500095367432,4.575992107391357,5322400
2011-08-23,7.212500095367432,7.452499866485596,7.179999828338623,7.452499866485596,4.7282609939575195,4424400
2011-08-24,7.422500133514404,7.632500171661377,7.402500152587891,7.619999885559082,4.834531784057617,3927600
2011-08-25,7.65500020980835,7.664999961853027,7.449999809265137,7.494999885559082,4.75522518157959,3586400
2011-08-26,7.417500019073486,7.662499904632568,7.392499923706055,7.644999980926514,4.8503923416137695,3448400
2011-08-29,7.732500076293945,7.885000228881836,7.702499866485596,7.875,4.996317386627197,2894000
2011-08-30,7.824999809265137,7.974999904632568,7.792500019073486,7.922500133514404,5.026454448699951,2946000
2011-08-31,7.980000019073486,8.09000015258789,7.925000190734863,7.994999885559082,5.072451591491699,4215200
2011-09-01,7.997499942779541,8.119999885559082,7.880000114440918,7.887499809265137,5.004247188568115,4196000
2011-09-02,7.735000133514404,7.824999809265137,7.65749979019165,7.707499980926514,4.890045642852783,2721600
2011-09-06,7.522500038146973,7.614999771118164,7.427499771118164,7.565000057220459,4.799636363983154,5276800
2011-09-07,7.704999923706055,7.824999809265137,7.672500133514404,7.8125,4.956663608551025,3136400
2011-09-08,7.762499809265137,7.8125,7.695000171661377,7.702499866485596,4.886873722076416,3748400
2011-09-09,7.644999980926514,7.722499847412109,7.465000152587891,7.539999961853027,4.783775329589844,4738800
2011-09-12,7.422500133514404,7.644999980926514,7.420000076293945,7.630000114440918,4.840876579284668,4187200
2011-09-13,7.635000228881836,7.755000114440918,7.587500095367432,7.712500095367432,4.893218040466309,3404800
2011-09-14,7.760000228881836,7.892499923706055,7.567500114440918,7.797500133514404,4.947147369384766,5702800
2011-09-15,7.887499809265137,7.90749979019165,7.757500171661377,7.897500038146973,5.010591983795166,3901200
2011-09-16,7.929999828338623,7.940000057220459,7.832499980926514,7.872499942779541,4.994731903076172,5727200
2011-09-19,7.767499923706055,7.852499961853027,7.672500133514404,7.752500057220459,4.91859769821167,4840800
2011-09-20,7.795000076293945,7.917500019073486,7.707499980926514,7.707499980926514,4.890045642852783,3246800
2011-09-21,7.697500228881836,7.757500171661377,7.400000095367432,7.402500152587891,4.696538925170898,4992000
2011-09-22,7.182499885559082,7.3125,7.074999809265137,7.192500114440918,4.5633039474487305,6244400
2011-09-23,7.232500076293945,7.389999866485596,7.005000114440918,7.097499847412109,4.5030293464660645,7240800
2011-09-26,7.167500019073486,7.235000133514404,7.012499809265137,7.227499961853027,4.585508823394775,3717600
2011-09-27,7.40500020980835,7.40749979019165,7.202499866485596,7.244999885559082,4.5966105461120605,4782800
2011-09-28,7.272500038146973,7.275000095367432,7.079999923706055,7.102499961853027,4.506202220916748,4761200
2011-09-29,7.232500076293945,7.275000095367432,7.090000152587891,7.21999979019165,4.580750942230225,4658000
2011-09-30,7.119999885559082,7.21750020980835,7.019999980926514,7.034999847412109,4.463376998901367,5241600
2011-10-03,6.962500095367432,7.125,6.699999809265137,6.71999979019165,4.263523578643799,7567600
2011-10-04,6.644999980926514,6.869999885559082,6.597499847412109,6.860000133514404,4.352347373962402,8273600
2011-10-05,6.875,7.042500019073486,6.824999809265137,7.027500152587891,4.4586181640625,7499600
2011-10-06,6.989999771118164,7.127500057220459,6.940000057220459,7.125,4.520477771759033,4026000
2011-10-07,7.159999847412109,7.1875,6.987500190734863,7.050000190734863,4.472893238067627,2362400
2011-10-10,7.172500133514404,7.235000133514404,7.090000152587891,7.235000133514404,4.590268135070801,3041600
2011-10-11,7.192500114440918,7.247499942779541,7.144999980926514,7.210000038146973,4.574405670166016,2914400
2011-10-12,7.25,7.375,7.21999979019165,7.349999904632568,4.663229465484619,6796400
2011-10-13,7.304999828338623,7.335000038146973,7.202499866485596,7.307499885559082,4.636264801025391,2531200
2011-10-14,7.394999980926514,7.397500038146973,7.309999942779541,7.389999866485596,4.688607215881348,3288400
2011-10-17,7.335000038146973,7.377500057220459,7.182499885559082,7.210000038146973,4.574405670166016,2563200
2011-10-18,7.21999979019165,7.387499809265137,7.110000133514404,7.3125,4.639437675476074,3186000
2011-10-19,7.324999809265137,7.40500020980835,7.21999979019165,7.255000114440918,4.602957248687744,3814400
2011-10-20,7.247499942779541,7.324999809265137,7.177499771118164,7.252500057220459,4.601369857788086,3623600
2011-10-21,7.324999809265137,7.380000114440918,7.277500152587891,7.362500190734863,4.6711602210998535,3887200
2011-10-24,7.375,7.552499771118164,7.347499847412109,7.519999980926514,4.771086692810059,3074400
2011-10-25,7.472499847412109,7.494999885559082,7.375,7.387499809265137,4.687021732330322,2934400
2011-10-26,7.482500076293945,7.489999771118164,7.317500114440918,7.377500057220459,4.6806769371032715,5140000
2011-10-27,7.585000038146973,7.710000038146973,7.472499847412109,7.639999866485596,4.847219944000244,4954400
2011-10-28,7.617499828338623,7.659999847412109,7.539999961853027,7.582499980926514,4.810739517211914,2457200
2011-10-31,7.512499809265137,7.59250020980835,7.472499847412109,7.472499847412109,4.7409491539001465,3752000
2011-11-01,7.269999980926514,7.269999980926514,7.077499866485596,7.09499979019165,4.501443862915039,5796000
2011-11-02,7.1875,7.302499771118164,7.137499809265137,7.267499923706055,4.610886096954346,4576400
2011-11-03,7.332499980926514,7.477499961853027,7.237500190734863,7.412499904632568,4.702882766723633,14991200
2011-11-04,7.332499980926514,7.412499904632568,7.232500076293945,7.40749979019165,4.699710369110107,13461200
2011-11-07,7.40749979019165,7.462500095367432,7.300000190734863,7.440000057220459,4.720329761505127,13990000
2011-11-08,7.347499847412109,7.474999904632568,7.28000020980835,7.46750020980835,5.108559608459473,3696800
2011-11-09,7.287499904632568,7.302499771118164,7.139999866485596,7.162499904632568,4.899908065795898,4504800
2011-11-10,7.260000228881836,7.260000228881836,7.142499923706055,7.1875,4.917011260986328,4284000
2011-11-11,7.275000095367432,7.352499961853027,7.264999866485596,7.34250020980835,5.02304744720459,2154000
2011-11-14,7.307499885559082,7.355000019073486,7.215000152587891,7.264999866485596,4.970029354095459,2840400
2011-11-15,7.227499961853027,7.340000152587891,7.127500057220459,7.284999847412109,4.983711242675781,2720000
2011-11-16,7.202499866485596,7.352499961853027,7.170000076293945,7.300000190734863,4.993972301483154,5967600
2011-11-17,7.289999961853027,7.317500114440918,7.224999904632568,7.289999961853027,4.987131595611572,7611600
2011-11-18,7.5,7.647500038146973,7.362500190734863,7.422500133514404,5.077775478363037,8224000
2011-11-21,7.21999979019165,7.337500095367432,7.182499885559082,7.190000057220459,4.9187211990356445,4248000
2011-11-22,7.197500228881836,7.215000152587891,7.117499828338623,7.117499828338623,4.869122505187988,5220400
2011-11-23,7.045000076293945,7.067500114440918,6.949999809265137,6.980000019073486,4.775059223175049,3626400
2011-11-25,6.962500095367432,7.012499809265137,6.90500020980835,6.90749979019165,4.725460529327393,1324000
2011-11-28,7.110000133514404,7.212500095367432,7.097499847412109,7.197500228881836,4.923851013183594,4572400
2011-11-29,7.244999885559082,7.315000057220459,7.207499980926514,7.262499809265137,4.968317985534668,3690800
2011-11-30,7.427499771118164,7.607500076293945,7.425000190734863,7.599999904632568,5.199203968048096,7105600
2011-12-01,7.585000038146973,7.667500019073486,7.552499771118164,7.554999828338623,5.16841983795166,3541200
2011-12-02,7.630000114440918,7.71750020980835,7.572500228881836,7.587500095367432,5.190652847290039,3366800
2011-12-05,7.6875,7.724999904632568,7.607500076293945,7.642499923706055,5.228279113769531,3059600
2011-12-06,7.659999847412109,7.684999942779541,7.610000133514404,7.630000114440918,5.219727516174316,2186400
2011-12-07,7.599999904632568,7.617499828338623,7.474999904632568,7.494999885559082,5.127372741699219,7455200
2011-12-08,7.420000076293945,7.460000038146973,7.327499866485596,7.34250020980835,5.02304744720459,6253200
2011-12-09,7.397500038146973,7.637499809265137,7.387499809265137,7.607500076293945,5.204336166381836,3635600
2011-12-12,7.537499904632568,7.537499904632568,7.452499866485596,7.514999866485596,5.141055583953857,1949200
2011-12-13,7.534999847412109,7.617499828338623,7.454999923706055,7.5,5.130794048309326,3325200
2011-12-14,7.494999885559082,7.534999847412109,7.392499923706055,7.40500020980835,5.065803527832031,2783600
2011-12-15,7.59499979019165,7.675000190734863,7.550000190734863,7.630000114440918,5.219727516174316,4714800
2011-12-16,7.692500114440918,7.809999942779541,7.605000019073486,7.630000114440918,5.219727516174316,4883200
2011-12-19,7.702499866485596,7.752500057220459,7.619999885559082,7.667500019073486,5.2453813552856445,4509200
2011-12-20,7.787499904632568,7.914999961853027,7.735000133514404,7.820000171661377,5.349707126617432,4905600
2011-12-21,8.444999694824219,8.654999732971191,8.180000305175781,8.547499656677246,5.847393989562988,20276800
2011-12-22,8.5625,8.819999694824219,8.5625,8.755000114440918,5.989346981048584,7582400
2011-12-23,8.7524995803833,8.755000114440918,8.632499694824219,8.720000267028809,5.965401649475098,2976800
2011-12-27,8.707500457763672,8.757499694824219,8.630000114440918,8.72249984741211,5.967112064361572,3096800
2011-12-28,8.72249984741211,8.72249984741211,8.609999656677246,8.65999984741211,5.924355983734131,3615600
2011-12-29,8.677499771118164,8.8149995803833,8.672499656677246,8.802499771118164,6.021841049194336,3230000
2011-12-30,8.802499771118164,8.822500228881836,8.6875,8.702500343322754,5.953430652618408,2954000
2012-01-03,8.892499923706055,8.925000190734863,8.797499656677246,8.8100004196167,6.02697229385376,5172000
2012-01-04,8.824999809265137,9.135000228881836,8.807499885559082,9.100000381469727,6.2253618240356445,9919200
2012-01-05,9.017499923706055,9.142499923706055,8.96500015258789,9.1274995803833,6.244175434112549,4950800
2012-01-06,9.1274995803833,9.350000381469727,9.100000381469727,9.327500343322754,6.380998134613037,7617600
2012-01-09,9.357500076293945,9.367500305175781,9.199999809265137,9.34749984741211,6.394678592681885,4714400
2012-01-10,9.395000457763672,9.555000305175781,9.350000381469727,9.510000228881836,6.505845069885254,6859600
2012-01-11,9.470000267028809,9.47249984741211,9.292499542236328,9.399999618530273,6.430595397949219,5104800
2012-01-12,9.432499885559082,9.460000038146973,9.329999923706055,9.354999542236328,6.399808406829834,4510400
2012-01-13,9.322500228881836,9.385000228881836,9.25,9.342499732971191,6.391257286071777,2533600
2012-01-17,9.475000381469727,9.484999656677246,9.367500305175781,9.390000343322754,6.423753261566162,3393200
2012-01-18,9.392499923706055,9.462499618530273,9.352499961853027,9.454999923706055,6.468219757080078,2659600
2012-01-19,9.487500190734863,9.515000343322754,9.460000038146973,9.479999542236328,6.485323429107666,2567200
2012-01-20,9.492500305175781,9.5,9.4399995803833,9.482500076293945,6.487032890319824,3587600
2012-01-23,9.467499732971191,9.487500190734863,9.305000305175781,9.382499694824219,6.4186224937438965,2836000
2012-01-24,9.307499885559082,9.417499542236328,9.274999618530273,9.375,6.413491725921631,3317600
2012-01-25,9.322500228881836,9.385000228881836,9.260000228881836,9.362500190734863,6.404940128326416,7341600
2012-01-26,9.397500038146973,9.4350004196167,9.350000381469727,9.390000343322754,6.423753261566162,3368000
2012-01-27,9.350000381469727,9.399999618530273,9.272500038146973,9.367500305175781,6.408361434936523,2549200
2012-01-30,9.25,9.270000457763672,9.199999809265137,9.25,6.327978134155273,5236400
2012-01-31,9.319999694824219,9.345000267028809,9.262499809265137,9.272500038146973,6.34337043762207,10767600
2012-02-01,9.354999542236328,9.487500190734863,9.289999961853027,9.454999923706055,6.468219757080078,5452800
2012-02-02,9.430000305175781,9.47249984741211,9.329999923706055,9.332500457763672,6.384417533874512,3275200
2012-02-03,9.432499885559082,9.542499542236328,9.407500267028809,9.475000381469727,6.481902599334717,3362400
2012-02-06,9.444999694824219,9.542499542236328,9.422499656677246,9.484999656677246,6.488742351531982,2124800
2012-02-07,9.470000267028809,9.5625,9.4399995803833,9.524999618530273,6.516106605529785,2667600
2012-02-08,9.505000114440918,9.569999694824219,9.475000381469727,9.512499809265137,6.5075554847717285,1526800
2012-02-09,9.52750015258789,9.572500228881836,9.4399995803833,9.5024995803833,6.500714302062988,1798400
2012-02-10,9.417499542236328,9.492500305175781,9.350000381469727,9.420000076293945,6.444277763366699,1723600
2012-02-13,9.5024995803833,9.595000267028809,9.4350004196167,9.59000015258789,6.560576438903809,4252000
2012-02-14,9.567500114440918,9.595000267028809,9.4975004196167,9.552499771118164,6.5349202156066895,1658400
2012-02-15,9.569999694824219,9.574999809265137,9.422499656677246,9.487500190734863,6.490452766418457,2112800
2012-02-16,9.484999656677246,9.635000228881836,9.460000038146973,9.632499694824219,6.58964729309082,2398800
2012-02-17,9.672499656677246,9.71500015258789,9.632499694824219,9.649999618530273,6.601620674133301,3916000
2012-02-21,9.75,9.835000038146973,9.65250015258789,9.675000190734863,6.6187238693237305,6776400
2012-02-22,9.682499885559082,9.712499618530273,9.577500343322754,9.617500305175781,6.579388618469238,2340400
2012-02-23,9.6225004196167,9.6875,9.569999694824219,9.640000343322754,6.594779968261719,1594800
2012-02-24,9.667499542236328,9.71500015258789,9.607500076293945,9.699999809265137,6.635826587677002,1804400
2012-02-27,9.59000015258789,9.704999923706055,9.555000305175781,9.680000305175781,6.6221442222595215,1915600
2012-02-28,9.672499656677246,9.672499656677246,9.532500267028809,9.602499961853027,6.569125175476074,2045200
2012-02-29,9.604999542236328,9.707500457763672,9.5625,9.640000343322754,6.594779968261719,3437200
2012-03-01,9.664999961853027,9.765000343322754,9.637499809265137,9.699999809265137,6.635826587677002,2220400
2012-03-02,9.6875,9.712499618530273,9.505000114440918,9.577500343322754,6.5520243644714355,2150000
2012-03-05,9.5625,9.5649995803833,9.457500457763672,9.557499885559082,6.538340091705322,2022400
2012-03-06,9.460000038146973,9.494999885559082,9.332500457763672,9.390000343322754,6.423753261566162,2582000
2012-03-07,9.557499885559082,9.59000015258789,9.477499961853027,9.505000114440918,6.502427101135254,2933200
2012-03-08,9.710000038146973,9.854999542236328,9.6850004196167,9.8149995803833,6.7144975662231445,4655600
2012-03-09,9.875,9.897500038146973,9.807499885559082,9.824999809265137,6.721340179443359,6161200
2012-03-12,9.842499732971191,9.897500038146973,9.795000076293945,9.854999542236328,6.741861820220947,1929600
2012-03-13,9.899999618530273,9.984999656677246,9.8125,9.97249984741211,6.822244167327881,3504800
2012-03-14,10.0,10.0625,9.822500228881836,9.875,6.755545616149902,3226000
2012-03-15,9.912500381469727,10.007499694824219,9.819999694824219,9.992500305175781,6.8359270095825195,2688800
2012-03-16,10.0,10.135000228881836,10.0,10.052499771118164,6.876973628997803,5620800
2012-03-19,10.007499694824219,10.09000015258789,9.917499542236328,10.067500114440918,6.887234687805176,2272800
2012-03-20,10.012499809265137,10.15250015258789,10.0,10.117500305175781,6.921438217163086,4576800
2012-03-21,10.085000038146973,10.112500190734863,9.717499732971191,9.800000190734863,6.7042365074157715,9614800
2012-03-22,9.712499618530273,9.90250015258789,9.680000305175781,9.899999618530273,6.772648334503174,3571600
2012-03-23,9.899999618530273,9.899999618530273,9.732500076293945,9.845000267028809,6.735020637512207,2465600
2012-03-26,9.912500381469727,9.970000267028809,9.892499923706055,9.952500343322754,6.808564186096191,2568800
2012-03-27,9.975000381469727,9.975000381469727,9.897500038146973,9.944999694824219,6.803431510925293,2344400
2012-03-28,9.927499771118164,9.977499961853027,9.765000343322754,9.837499618530273,6.729891300201416,2794000
2012-03-29,9.774999618530273,9.792499542236328,9.667499542236328,9.757499694824219,6.675162315368652,4170800
2012-03-30,9.8100004196167,9.859999656677246,9.720000267028809,9.779999732971191,6.690555095672607,3642800
2012-04-02,9.765000343322754,9.852499961853027,9.707500457763672,9.817500114440918,6.7162089347839355,2781200
2012-04-03,9.795000076293945,9.845000267028809,9.734999656677246,9.817500114440918,6.7162089347839355,3338000
2012-04-04,9.72249984741211,9.77750015258789,9.694999694824219,9.744999885559082,6.666609764099121,2791200
2012-04-05,9.682499885559082,9.767499923706055,9.680000305175781,9.739999771118164,6.6631903648376465,1811600
2012-04-09,9.5625,9.619999885559082,9.522500038146973,9.585000038146973,6.557153701782227,2122800
2012-04-10,9.555000305175781,9.587499618530273,9.399999618530273,9.4375,6.456249237060547,3359600
2012-04-11,9.53499984741211,9.6274995803833,9.52750015258789,9.59000015258789,6.560576438903809,2301200
2012-04-12,9.59749984741211,9.697500228881836,9.577500343322754,9.670000076293945,6.6153035163879395,1774800
2012-04-13,9.632499694824219,9.710000038146973,9.59000015258789,9.619999885559082,6.5810980796813965,1994400
2012-04-16,9.704999923706055,9.71500015258789,9.592499732971191,9.6225004196167,6.582808494567871,2147600
2012-04-17,9.699999809265137,9.857500076293945,9.677499771118164,9.802499771118164,6.7059454917907715,2955600
2012-04-18,9.7475004196167,9.885000228881836,9.729999542236328,9.850000381469727,6.7384419441223145,2813600
2012-04-19,9.827500343322754,9.897500038146973,9.765000343322754,9.805000305175781,6.7076592445373535,2930800
2012-04-20,9.829999923706055,9.895000457763672,9.805000305175781,9.8125,6.7127885818481445,4202400
2012-04-23,9.737500190734863,9.737500190734863,9.635000228881836,9.6875,6.627274513244629,3006400
2012-04-24,9.699999809265137,9.770000457763672,9.65250015258789,9.729999542236328,6.65634822845459,2821600
2012-04-25,9.779999732971191,9.850000381469727,9.720000267028809,9.744999885559082,6.666609764099121,2811200
2012-04-26,9.712499618530273,9.8125,9.680000305175781,9.787500381469727,6.695688247680664,3669200
2012-04-27,9.8125,9.890000343322754,9.755000114440918,9.854999542236328,6.741861820220947,2573600
2012-04-30,9.8100004196167,9.827500343322754,9.727499961853027,9.792499542236328,6.6991047859191895,2490000
2012-05-01,9.797499656677246,9.962499618530273,9.770000457763672,9.84000015258789,6.731601715087891,2317200
2012-05-02,9.770000457763672,9.8774995803833,9.770000457763672,9.867500305175781,6.7504143714904785,1432400
2012-05-03,9.84749984741211,9.914999961853027,9.827500343322754,9.835000038146973,6.728180885314941,1838800
2012-05-04,9.767499923706055,9.832500457763672,9.767499923706055,9.797499656677246,6.702526569366455,2148800
2012-05-07,9.762499809265137,9.90999984741211,9.755000114440918,9.827500343322754,6.723051071166992,2433600
2012-05-08,9.789999961853027,9.867500305175781,9.71500015258789,9.824999809265137,6.721340179443359,2926800
2012-05-09,9.727499961853027,9.767499923706055,9.619999885559082,9.640000343322754,6.594779968261719,4672800
2012-05-10,9.649999618530273,9.732500076293945,9.550000190734863,9.637499809265137,6.593069553375244,3272000
2012-05-11,9.595000267028809,9.734999656677246,9.572500228881836,9.677499771118164,6.620433807373047,2103600
2012-05-14,9.587499618530273,9.664999961853027,9.545000076293945,9.602499961853027,6.569125175476074,2079600
2012-05-15,9.612500190734863,9.619999885559082,9.505000114440918,9.567500114440918,6.545182704925537,2506800
2012-05-16,9.635000228881836,9.635000228881836,9.454999923706055,9.462499618530273,6.4733500480651855,2315600
2012-05-17,9.265000343322754,9.385000228881836,9.175000190734863,9.199999809265137,6.293773651123047,4373200
2012-05-18,9.22249984741211,9.239999771118164,9.107500076293945,9.125,6.242464542388916,2678000
2012-05-21,9.15250015258789,9.3125,9.137499809265137,9.300000190734863,6.362185478210449,1535200
2012-05-22,9.3100004196167,9.444999694824219,9.297499656677246,9.352499961853027,6.398100852966309,2038800
2012-05-23,9.3100004196167,9.46500015258789,9.242500305175781,9.4399995803833,6.457958698272705,1876000
2012-05-24,9.470000267028809,9.477499961853027,9.359999656677246,9.430000305175781,6.451117515563965,1344000
2012-05-25,9.452500343322754,9.475000381469727,9.3125,9.327500343322754,6.380998134613037,2658800
2012-05-29,9.397500038146973,9.430000305175781,9.337499618530273,9.40250015258789,6.4323039054870605,3153200
2012-05-30,9.332500457763672,9.350000381469727,9.242500305175781,9.272500038146973,6.34337043762207,2243600
2012-05-31,9.267499923706055,9.272500038146973,9.100000381469727,9.225000381469727,6.310875415802002,3652000
2012-06-01,9.0625,9.140000343322754,8.922499656677246,8.9399995803833,6.115904808044434,3433200
2012-06-04,8.947500228881836,8.975000381469727,8.852499961853027,8.952500343322754,6.124457359313965,2497200
2012-06-05,8.9375,8.989999771118164,8.897500038146973,8.904999732971191,6.091961860656738,3598800
2012-06-06,8.987500190734863,9.037500381469727,8.962499618530273,9.0,6.156952381134033,5569200
2012-06-07,9.109999656677246,9.194999694824219,9.015000343322754,9.03499984741211,6.18089485168457,4020000
2012-06-08,9.032500267028809,9.109999656677246,9.0024995803833,9.095000267028809,6.22194242477417,2075200
2012-06-11,9.175000190734863,9.1875,9.022500038146973,9.03499984741211,6.18089485168457,2663200
2012-06-12,9.072500228881836,9.170000076293945,9.0,9.170000076293945,6.273251056671143,2464000
2012-06-13,9.145000457763672,9.225000381469727,9.067500114440918,9.102499961853027,6.2270731925964355,2188800
2012-06-14,9.1274995803833,9.217499732971191,9.104999542236328,9.170000076293945,6.273251056671143,2396000
2012-06-15,9.177499771118164,9.342499732971191,9.175000190734863,9.307499885559082,6.36731481552124,3160800
2012-06-18,9.260000228881836,9.359999656677246,9.260000228881836,9.305000305175781,6.365605354309082,1837600
2012-06-19,9.337499618530273,9.454999923706055,9.329999923706055,9.404999732971191,6.434013843536377,1506800
2012-06-20,9.404999732971191,9.422499656677246,9.279999732971191,9.342499732971191,6.391257286071777,1143200
2012-06-21,9.354999542236328,9.364999771118164,9.137499809265137,9.162500381469727,6.268120288848877,1378000
2012-06-22,9.21500015258789,9.22249984741211,9.119999885559082,9.199999809265137,6.293773651123047,5676800
2012-06-25,9.067500114440918,9.180000305175781,8.962499618530273,9.037500381469727,6.182607173919678,2155200
2012-06-26,9.039999961853027,9.077500343322754,8.952500343322754,9.0600004196167,6.197998046875,2130800
2012-06-27,9.095000267028809,9.3125,9.082500457763672,9.260000228881836,6.334817886352539,2333200
2012-06-28,9.207500457763672,9.362500190734863,9.147500038146973,9.350000381469727,6.396388530731201,2584800
2012-06-29,9.5,9.694999694824219,9.482500076293945,9.65250015258789,6.603331565856934,3662000
2012-07-02,9.712499618530273,9.835000038146973,9.657500267028809,9.827500343322754,6.723051071166992,2956000
2012-07-03,9.800000190734863,9.880000114440918,9.797499656677246,9.854999542236328,6.741861820220947,1097200
2012-07-05,9.827500343322754,9.9375,9.797499656677246,9.882499694824219,6.760674953460693,1544000
2012-07-06,9.774999618530273,9.807499885559082,9.680000305175781,9.765000343322754,6.680292129516602,1327600
2012-07-09,9.727499961853027,9.795000076293945,9.712499618530273,9.792499542236328,6.6991047859191895,900800
2012-07-10,9.862500190734863,9.952500343322754,9.787500381469727,9.817500114440918,6.7162089347839355,3201200
2012-07-11,9.822500228881836,9.890000343322754,9.762499809265137,9.819999694824219,6.717918395996094,1773200
2012-07-12,9.795000076293945,9.805000305175781,9.619999885559082,9.7475004196167,6.6683220863342285,2548800
2012-07-13,9.770000457763672,10.039999961853027,9.755000114440918,9.967499732971191,6.818823337554932,3384400
2012-07-16,10.02750015258789,10.050000190734863,9.832500457763672,9.852499961853027,6.740152359008789,3504800
2012-07-17,9.447500228881836,9.5625,9.242500305175781,9.5,6.499004364013672,14428800
2012-07-18,9.442500114440918,9.552499771118164,9.387499809265137,9.477499961853027,6.483612060546875,4644000
2012-07-19,9.517499923706055,9.545000076293945,9.467499732971191,9.510000228881836,6.505845069885254,3367200
2012-07-20,9.467499732971191,9.492500305175781,9.322500228881836,9.414999961853027,6.440857887268066,20090800
2012-07-23,9.260000228881836,9.417499542236328,9.2475004196167,9.392499923706055,6.425464630126953,2492400
2012-07-24,9.382499694824219,9.40999984741211,9.27750015258789,9.380000114440918,6.416912078857422,3170000
2012-07-25,9.414999961853027,9.515000343322754,9.385000228881836,9.397500038146973,6.428884983062744,3662000
2012-07-26,9.507499694824219,9.647500038146973,9.492500305175781,9.632499694824219,6.58964729309082,3412800
2012-07-27,9.667499542236328,9.8774995803833,9.667499542236328,9.822500228881836,6.71962833404541,3050000
2012-07-30,9.854999542236328,9.899999618530273,9.817500114440918,9.864999771118164,6.748703479766846,2670400
2012-07-31,9.854999542236328,9.975000381469727,9.835000038146973,9.907500267028809,6.777777671813965,3462000
2012-08-01,9.930000305175781,10.024999618530273,9.84749984741211,9.90999984741211,6.779489040374756,3496400
2012-08-02,9.8725004196167,10.0,9.789999961853027,9.979999542236328,6.8273749351501465,3286800
2012-08-03,10.119999885559082,10.25,10.079999923706055,10.162500381469727,6.9522247314453125,3135600
2012-08-06,10.217499732971191,10.28499984741211,10.147500038146973,10.192500114440918,6.972746849060059,3101200
2012-08-07,10.257499694824219,10.257499694824219,10.125,10.164999961853027,6.9539337158203125,1739200
2012-08-08,10.140000343322754,10.270000457763672,10.117500305175781,10.210000038146973,6.9847187995910645,1226000
2012-08-09,10.1875,10.227499961853027,10.140000343322754,10.1850004196167,6.967617511749268,1007200
2012-08-10,10.147500038146973,10.237500190734863,10.085000038146973,10.232500076293945,7.000113010406494,1425200
2012-08-13,10.202500343322754,10.2475004196167,10.125,10.197500228881836,6.976169109344482,1640800
2012-08-14,10.239999771118164,10.257499694824219,10.162500381469727,10.1850004196167,6.967617511749268,2182000
2012-08-15,10.15999984741211,10.352499961853027,10.137499809265137,10.34749984741211,7.078782558441162,2254400
2012-08-16,10.375,10.407500267028809,10.282500267028809,10.300000190734863,7.04628849029541,2801600
2012-08-17,10.307499885559082,10.367500305175781,10.244999885559082,10.352499961853027,7.082204818725586,2315200
2012-08-20,10.350000381469727,10.364999771118164,10.232500076293945,10.34000015258789,7.0736541748046875,2145200
2012-08-21,10.390000343322754,10.40999984741211,10.255000114440918,10.267499923706055,7.024056911468506,1214400
2012-08-22,10.244999885559082,10.279999732971191,10.162500381469727,10.21500015258789,6.988141059875488,1281200
2012-08-23,10.175000190734863,10.22249984741211,10.130000114440918,10.147500038146973,6.9419636726379395,1438400
2012-08-24,10.114999771118164,10.225000381469727,10.09749984741211,10.21500015258789,6.988141059875488,1952000
2012-08-27,10.260000228881836,10.274999618530273,10.170000076293945,10.210000038146973,6.9847187995910645,1816800
2012-08-28,10.1899995803833,10.210000038146973,10.112500190734863,10.114999771118164,6.919729232788086,3016400
2012-08-29,10.092499732971191,10.192500114440918,10.092499732971191,10.15250015258789,6.945385456085205,1583600
2012-08-30,10.085000038146973,10.104999542236328,10.037500381469727,10.074999809265137,6.892366886138916,998000
2012-08-31,10.125,10.145000457763672,10.052499771118164,10.104999542236328,6.912887096405029,1124000
2012-09-04,10.074999809265137,10.1274995803833,10.0,10.067500114440918,6.887234687805176,2476000
2012-09-05,10.079999923706055,10.135000228881836,10.0625,10.1274995803833,6.928281307220459,1133200
2012-09-06,10.1875,10.375,10.074999809265137,10.3725004196167,7.095887660980225,1732000
2012-09-07,10.412500381469727,10.427499771118164,10.3125,10.352499961853027,7.082204818725586,1334000
2012-09-10,10.322500228881836,10.397500038146973,10.279999732971191,10.3125,7.054839611053467,1653200
2012-09-11,10.305000305175781,10.375,10.267499923706055,10.335000038146973,7.070231914520264,1548000
2012-09-12,10.3774995803833,10.467499732971191,10.329999923706055,10.46500015258789,7.159167766571045,1695200
2012-09-13,10.47249984741211,10.637499809265137,10.420000076293945,10.555000305175781,7.220736026763916,1743200
2012-09-14,10.550000190734863,10.550000190734863,10.404999732971191,10.430000305175781,7.13522481918335,3066000
2012-09-17,10.407500267028809,10.507499694824219,10.1875,10.305000305175781,7.049710273742676,4596400
2012-09-18,10.305000305175781,10.382499694824219,10.182499885559082,10.369999885559082,7.094177722930908,3736000
2012-09-19,10.34749984741211,10.359999656677246,10.265000343322754,10.3149995803833,7.0565505027771,2266000
2012-09-20,10.305000305175781,10.3725004196167,10.207500457763672,10.297499656677246,7.044580936431885,2507600
2012-09-21,10.342499732971191,10.407500267028809,10.114999771118164,10.162500381469727,6.9522247314453125,5192000
2012-09-24,10.142499923706055,10.350000381469727,10.140000343322754,10.335000038146973,7.070231914520264,2476800
2012-09-25,10.352499961853027,10.489999771118164,10.274999618530273,10.345000267028809,7.077075004577637,3148000
2012-09-26,10.362500190734863,10.407500267028809,10.282500267028809,10.289999961853027,7.0394487380981445,2055600
2012-09-27,10.3125,10.4399995803833,10.287500381469727,10.397500038146973,7.112990856170654,1270800
2012-09-28,10.317500114440918,10.422499656677246,10.279999732971191,10.357500076293945,7.08562707901001,3073600
2012-10-01,10.4350004196167,10.532500267028809,10.380000114440918,10.422499656677246,7.130093097686768,2295200
2012-10-02,10.457500457763672,10.545000076293945,10.422499656677246,10.529999732971191,7.2036333084106445,1758800
2012-10-03,10.550000190734863,10.600000381469727,10.5,10.550000190734863,7.217316150665283,2252000
2012-10-04,10.612500190734863,10.642499923706055,10.5024995803833,10.5625,7.22586727142334,1814800
2012-10-05,10.585000038146973,10.614999771118164,10.505000114440918,10.550000190734863,7.217316150665283,1805600
2012-10-08,10.520000457763672,10.600000381469727,10.4375,10.542499542236328,7.212185382843018,816000
2012-10-09,10.487500190734863,10.6850004196167,10.460000038146973,10.6274995803833,7.2703351974487305,3643600
2012-10-10,10.602499961853027,10.630000114440918,10.487500190734863,10.492500305175781,7.177980899810791,1818400
2012-10-11,10.572500228881836,10.619999885559082,10.425000190734863,10.449999809265137,7.148904800415039,2884800
2012-10-12,10.489999771118164,10.52750015258789,10.422499656677246,10.46500015258789,7.159167766571045,2374000
2012-10-15,10.487500190734863,10.529999732971191,10.457500457763672,10.5,7.183111190795898,2413200
2012-10-16,10.625,10.645000457763672,10.5024995803833,10.542499542236328,7.212185382843018,2660400
2012-10-17,10.574999809265137,10.6225004196167,10.532500267028809,10.587499618530273,7.242968559265137,2307600
2012-10-18,10.602499961853027,10.630000114440918,10.579999923706055,10.595000267028809,7.248101234436035,1850000
2012-10-19,10.574999809265137,10.600000381469727,10.467499732971191,10.470000267028809,7.162587642669678,3946800
2012-10-22,10.479999542236328,10.520000457763672,10.364999771118164,10.5,7.183111190795898,1922800
2012-10-23,10.427499771118164,10.427499771118164,10.282500267028809,10.3725004196167,7.095887660980225,2645600
2012-10-24,10.395000457763672,10.494999885559082,10.307499885559082,10.3149995803833,7.0565505027771,2185200
2012-10-25,10.3774995803833,10.442500114440918,10.257499694824219,10.342499732971191,7.07536506652832,7175200
2012-10-26,10.375,10.414999961853027,10.317500114440918,10.367500305175781,7.092467784881592,7804000
2012-10-31,10.4399995803833,10.510000228881836,10.335000038146973,10.452500343322754,7.150615215301514,2274000
2012-11-01,10.682499885559082,11.399999618530273,10.447500228881836,10.600000381469727,7.251520156860352,3288000
2012-11-02,10.677499771118164,10.677499771118164,10.422499656677246,10.449999809265137,7.148904800415039,5158000
2012-11-05,10.387499809265137,10.399999618530273,10.287500381469727,10.387499809265137,7.106148719787598,2007200
2012-11-06,10.422499656677246,10.547499656677246,10.422499656677246,10.449999809265137,7.148904800415039,2986400
2012-11-07,10.21500015258789,10.3149995803833,10.109999656677246,10.300000190734863,7.155852317810059,3448400
2012-11-08,10.2524995803833,10.257499694824219,10.182499885559082,10.204999923706055,7.089852333068848,1678800
2012-11-09,10.157500267028809,10.227499961853027,10.135000228881836,10.162500381469727,7.060325622558594,1510400
2012-11-12,10.194999694824219,10.194999694824219,10.069999694824219,10.137499809265137,7.042959213256836,1081200
2012-11-13,10.104999542236328,10.217499732971191,10.095000267028809,10.132499694824219,7.039483547210693,1057600
2012-11-14,10.157500267028809,10.232500076293945,9.9350004196167,9.967499732971191,6.924849510192871,1587200
2012-11-15,9.967499732971191,10.0024995803833,9.805000305175781,9.850000381469727,6.84321928024292,2462800
2012-11-16,9.8774995803833,9.970000267028809,9.822500228881836,9.917499542236328,6.890113830566406,1694800
2012-11-19,10.0024995803833,10.032500267028809,9.897500038146973,10.017499923706055,6.95958948135376,2531600
2012-11-20,10.007499694824219,10.15999984741211,9.967499732971191,10.140000343322754,7.044692516326904,2182000
2012-11-21,10.137499809265137,10.172499656677246,10.114999771118164,10.117500305175781,7.029061317443848,1350800
2012-11-23,10.162500381469727,10.217499732971191,10.140000343322754,10.21500015258789,7.096799373626709,520800
2012-11-26,10.172499656677246,10.229999542236328,10.15999984741211,10.1875,7.07769250869751,1473600
2012-11-27,10.180000305175781,10.229999542236328,10.135000228881836,10.142499923706055,7.046431541442871,1423200
2012-11-28,10.109999656677246,10.202500343322754,10.0649995803833,10.172499656677246,7.067273139953613,1966400
2012-11-29,10.192500114440918,10.295000076293945,10.140000343322754,10.2524995803833,7.122851848602295,2664800
2012-11-30,10.270000457763672,10.3725004196167,10.255000114440918,10.359999656677246,7.197535037994385,2412400
2012-12-03,10.40999984741211,10.417499542236328,10.297499656677246,10.359999656677246,7.197535037994385,1377600
2012-12-04,10.382499694824219,10.47249984741211,10.352499961853027,10.462499618530273,7.268749237060547,1339200
2012-12-05,10.475000381469727,10.532500267028809,10.367500305175781,10.492500305175781,7.289591312408447,2266800
2012-12-06,10.492500305175781,10.582500457763672,10.462499618530273,10.577500343322754,7.348644256591797,1809600
2012-12-07,10.617500305175781,10.630000114440918,10.487500190734863,10.5,7.294801712036133,2082800
2012-12-10,10.479999542236328,10.532500267028809,10.479999542236328,10.510000228881836,7.301750183105469,1848800
2012-12-11,10.537500381469727,10.557499885559082,10.462499618530273,10.462499618530273,7.268749237060547,3106800
2012-12-12,10.507499694824219,10.567500114440918,10.4375,10.444999694824219,7.256591796875,2240800
2012-12-13,10.4375,10.5,10.390000343322754,10.407500267028809,7.230536937713623,1132800
2012-12-14,10.390000343322754,10.427499771118164,10.375,10.395000457763672,7.221855640411377,1266400
2012-12-17,10.4399995803833,10.545000076293945,10.422499656677246,10.537500381469727,7.320854663848877,1267600
2012-12-18,10.52750015258789,10.682499885559082,10.4975004196167,10.647500038146973,7.397276878356934,4334000
2012-12-19,10.649999618530273,10.710000038146973,10.602499961853027,10.612500190734863,7.372958660125732,2163200
2012-12-20,10.637499809265137,10.699999809265137,10.52750015258789,10.697500228881836,7.432013988494873,2805200
2012-12-21,10.697500228881836,10.697500228881836,10.177499771118164,10.40999984741211,7.232273578643799,7780800
2012-12-24,10.390000343322754,10.467499732971191,10.307499885559082,10.364999771118164,7.201011657714844,1443200
2012-12-26,10.357500076293945,10.362500190734863,10.257499694824219,10.28499984741211,7.1454315185546875,2290400
2012-12-27,10.257499694824219,10.27750015258789,10.055000305175781,10.175000190734863,7.0690107345581055,3161600
2012-12-28,10.135000228881836,10.197500228881836,10.069999694824219,10.085000038146973,7.006483554840088,2435200
2012-12-31,10.047499656677246,10.225000381469727,10.032500267028809,10.225000381469727,7.103745937347412,1983600
2013-01-02,10.369999885559082,10.510000228881836,10.3100004196167,10.4975004196167,7.293064117431641,3204800
2013-01-03,10.5024995803833,10.635000228881836,10.487500190734863,10.545000076293945,7.3260650634765625,2217600
2013-01-04,10.547499656677246,10.699999809265137,10.539999961853027,10.647500038146973,7.397276878356934,1999200
2013-01-07,10.574999809265137,10.654999732971191,10.452500343322754,10.625,7.381643295288086,1871600
2013-01-08,10.592499732971191,10.702500343322754,10.557499885559082,10.654999732971191,7.402488708496094,2526800
2013-01-09,10.682499885559082,10.72249984741211,10.607500076293945,10.680000305175781,7.419855117797852,1364000
2013-01-10,10.710000038146973,10.710000038146973,10.550000190734863,10.672499656677246,7.41464376449585,1621200
2013-01-11,10.662500381469727,10.739999771118164,10.574999809265137,10.645000457763672,7.395538330078125,1504400
2013-01-14,10.65250015258789,10.65250015258789,10.539999961853027,10.5625,7.338223457336426,1528800
2013-01-15,10.510000228881836,10.585000038146973,10.46500015258789,10.579999923706055,7.350381374359131,2189200
2013-01-16,10.545000076293945,10.614999771118164,10.407500267028809,10.479999542236328,7.280907154083252,2006000
2013-01-17,10.470000267028809,10.635000228881836,10.454999923706055,10.552499771118164,7.3312764167785645,2618000
2013-01-18,10.59749984741211,10.6274995803833,10.545000076293945,10.602499961853027,7.3660125732421875,5721200
2013-01-22,10.579999923706055,10.7475004196167,10.507499694824219,10.680000305175781,7.419855117797852,2727200
2013-01-23,10.662500381469727,10.702500343322754,10.587499618530273,10.617500305175781,7.376432418823242,1996000
2013-01-24,10.6225004196167,10.6899995803833,10.5649995803833,10.59749984741211,7.362537384033203,1940800
2013-01-25,10.6225004196167,10.647500038146973,10.5024995803833,10.6274995803833,7.383382320404053,1769200
2013-01-28,10.65250015258789,10.667499542236328,10.5600004196167,10.604999542236328,7.367748737335205,1815600
2013-01-29,10.579999923706055,10.6850004196167,10.537500381469727,10.672499656677246,7.41464376449585,1789200
2013-01-30,10.6850004196167,10.6850004196167,10.572500228881836,10.604999542236328,7.367748737335205,1384400
2013-01-31,10.602499961853027,10.635000228881836,10.494999885559082,10.5649995803833,7.339960098266602,3496400
2013-02-01,10.649999618530273,10.675000190734863,10.529999732971191,10.612500190734863,7.372958660125732,2205600
2013-02-04,10.557499885559082,10.604999542236328,10.494999885559082,10.517499923706055,7.306962013244629,2910000
2013-02-05,10.59749984741211,10.702500343322754,10.547499656677246,10.677499771118164,7.41811990737915,2564400
2013-02-06,10.65250015258789,10.657500267028809,10.577500343322754,10.625,7.381643295288086,2058000
2013-02-07,10.607500076293945,10.732500076293945,10.574999809265137,10.732500076293945,7.456329822540283,2842800
2013-02-08,10.7475004196167,10.762499809265137,10.6850004196167,10.717499732971191,7.445909023284912,2270400
2013-02-11,10.739999771118164,10.930000305175781,10.704999923706055,10.807499885559082,7.508435249328613,3133200
2013-02-12,10.829999923706055,10.90250015258789,10.767499923706055,10.8725004196167,7.553591251373291,2961600
2013-02-13,10.885000228881836,10.920000076293945,10.822500228881836,10.845000267028809,7.534485816955566,1308400
2013-02-14,10.819999694824219,10.922499656677246,10.782500267028809,10.917499542236328,7.584857940673828,2648400
2013-02-15,10.907500267028809,11.322500228881836,10.907500267028809,11.164999961853027,7.756805419921875,9434800
2013-02-19,11.114999771118164,11.192500114440918,11.069999694824219,11.140000343322754,7.739436149597168,3501600
2013-02-20,11.147500038146973,11.180000305175781,11.03499984741211,11.052499771118164,7.678648948669434,3640000
2013-02-21,11.02750015258789,11.045000076293945,10.917499542236328,10.947500228881836,7.6057000160217285,1980800
2013-02-22,10.979999542236328,11.0600004196167,10.975000381469727,11.057499885559082,7.682122707366943,1264400
2013-02-25,11.095000267028809,11.119999885559082,10.765000343322754,10.770000457763672,7.482382297515869,1630400
2013-02-26,10.802499771118164,10.84749984741211,10.707500457763672,10.84000015258789,7.531014919281006,1808000
2013-02-27,10.817500114440918,10.989999771118164,10.817500114440918,10.960000038146973,7.614382743835449,980400
2013-02-28,10.932499885559082,11.015000343322754,10.932499885559082,10.975000381469727,7.624806880950928,2564000
2013-03-01,10.9375,10.967499732971191,10.854999542236328,10.949999809265137,7.607435703277588,1917200
2013-03-04,10.907500267028809,10.942500114440918,10.789999961853027,10.922499656677246,7.588327884674072,1743200
2013-03-05,10.977499961853027,11.037500381469727,10.962499618530273,10.987500190734863,7.633488655090332,1320000
2013-03-06,11.0,11.020000457763672,10.90999984741211,10.947500228881836,7.6057000160217285,1493600
2013-03-07,10.9399995803833,11.020000457763672,10.9375,11.007499694824219,7.647380828857422,1074400
2013-03-08,11.045000076293945,11.1274995803833,10.947500228881836,11.087499618530273,7.702962875366211,1189200
2013-03-11,11.077500343322754,11.1225004196167,11.0649995803833,11.102499961853027,7.713383197784424,1034800
2013-03-12,11.114999771118164,11.1274995803833,11.012499809265137,11.042499542236328,7.671698570251465,1420400
2013-03-13,11.0649995803833,11.154999732971191,11.022500038146973,11.142499923706055,7.74117374420166,1178800
2013-03-14,11.172499656677246,11.1850004196167,10.987500190734863,11.1225004196167,7.727279186248779,1393600
2013-03-15,11.077500343322754,11.197500228881836,11.0625,11.180000305175781,7.767225742340088,3858400
2013-03-18,11.140000343322754,11.414999961853027,11.067500114440918,11.369999885559082,7.899228572845459,3386000
2013-03-19,11.414999961853027,11.484999656677246,11.322500228881836,11.482500076293945,7.9773850440979,4841600
2013-03-20,11.074999809265137,11.145000457763672,10.52750015258789,10.970000267028809,7.621327877044678,11508800
2013-03-21,10.895000457763672,10.912500381469727,10.737500190734863,10.797499656677246,7.501486301422119,3005200
2013-03-22,10.772500038146973,10.854999542236328,10.757499694824219,10.84749984741211,7.536224842071533,1924000
2013-03-25,10.857500076293945,10.857500076293945,10.727499961853027,10.767499923706055,7.480645656585693,2751200
2013-03-26,10.824999809265137,10.852499961853027,10.774999618530273,10.842499732971191,7.532751560211182,1626800
2013-03-27,10.817500114440918,10.920000076293945,10.795000076293945,10.882499694824219,7.56054162979126,1579200
2013-03-28,10.869999885559082,11.055000305175781,10.864999771118164,11.032500267028809,7.66475248336792,2155200
2013-04-01,11.024999618530273,11.055000305175781,10.899999618530273,10.984999656677246,7.63175106048584,1501600
2013-04-02,11.017499923706055,11.09000015258789,11.0,11.015000343322754,7.652594089508057,1432800
2013-04-03,10.587499618530273,11.069999694824219,10.587499618530273,11.005000114440918,7.645648002624512,1782400
2013-04-04,11.042499542236328,11.072500228881836,10.944999694824219,11.015000343322754,7.652594089508057,1559200
2013-04-05,10.899999618530273,10.982500076293945,10.8725004196167,10.96500015258789,7.617857456207275,1746800
2013-04-08,10.987500190734863,11.0649995803833,10.975000381469727,11.0625,7.685593605041504,1188000
2013-04-09,11.087499618530273,11.244999885559082,11.024999618530273,11.074999809265137,7.694277763366699,1265200
2013-04-10,11.09000015258789,11.302499771118164,11.037500381469727,11.300000190734863,7.850596904754639,2062400
2013-04-11,11.329999923706055,11.442500114440918,11.255000114440918,11.395000457763672,7.916599273681641,2542000
2013-04-12,11.385000228881836,11.484999656677246,11.359999656677246,11.470000267028809,7.968703746795654,2510400
2013-04-15,11.40999984741211,11.430000305175781,11.0649995803833,11.09749984741211,7.709911346435547,2175600
2013-04-16,11.1274995803833,11.27750015258789,11.117500305175781,11.262499809265137,7.824542045593262,1705200
2013-04-17,11.1850004196167,11.239999771118164,10.960000038146973,11.045000076293945,7.673436641693115,2300800
2013-04-18,11.085000038146973,11.102499961853027,10.952500343322754,11.057499885559082,7.682122707366943,2148800
2013-04-19,11.085000038146973,11.217499732971191,11.029999732971191,11.199999809265137,7.78112268447876,1749200
2013-04-22,11.202500343322754,11.282500267028809,11.085000038146973,11.192500114440918,7.775909900665283,1326000
2013-04-23,11.2475004196167,11.25,11.107500076293945,11.162500381469727,7.755070686340332,1730000
2013-04-24,11.1875,11.225000381469727,11.087499618530273,11.220000267028809,7.795018196105957,1351200
2013-04-25,11.297499656677246,11.34000015258789,11.22249984741211,11.244999885559082,7.812384128570557,1411200
2013-04-26,11.2524995803833,11.265000343322754,11.109999656677246,11.15999984741211,7.75333309173584,1626000
2013-04-29,11.210000038146973,11.270000457763672,11.1274995803833,11.197500228881836,7.779384613037109,1057200
2013-04-30,11.1899995803833,11.2524995803833,11.135000228881836,11.217499732971191,7.793281555175781,1754000
2013-05-01,11.182499885559082,11.242500305175781,11.042499542236328,11.055000305175781,7.680383205413818,1823600
2013-05-02,11.079999923706055,11.170000076293945,11.057499885559082,11.15999984741211,7.75333309173584,1711200
2013-05-03,11.237500190734863,11.397500038146973,11.229999542236328,11.3125,7.859281063079834,1319200
2013-05-06,11.297499656677246,11.329999923706055,11.220000267028809,11.27750015258789,7.834963321685791,1457600
2013-05-07,11.274999618530273,11.345000267028809,11.2475004196167,11.319999694824219,7.8644914627075195,1885200
2013-05-08,11.28499984741211,11.40250015258789,11.267499923706055,11.3100004196167,7.857544422149658,2055200
2013-05-09,11.300000190734863,11.322500228881836,11.1875,11.217499732971191,7.793281555175781,1819200
2013-05-10,11.25,11.292499542236328,11.220000267028809,11.27750015258789,7.834963321685791,999600
2013-05-13,11.242500305175781,11.272500038146973,11.192500114440918,11.22249984741211,7.796754360198975,1222000
2013-05-14,11.239999771118164,11.287500381469727,11.229999542236328,11.28499984741211,7.840176582336426,1598000
2013-05-15,11.260000228881836,11.417499542236328,11.095000267028809,11.395000457763672,7.916599273681641,1722000
2013-05-16,11.364999771118164,11.46500015258789,11.295000076293945,11.352499961853027,7.887068748474121,1289200
2013-05-17,11.357500076293945,11.492500305175781,11.327500343322754,11.47249984741211,7.970439910888672,2114400
2013-05-20,11.470000267028809,11.482500076293945,11.420000076293945,11.475000381469727,7.972177505493164,996400
2013-05-21,11.449999809265137,11.529999732971191,11.444999694824219,11.47249984741211,7.970439910888672,1174000
2013-05-22,11.479999542236328,11.567500114440918,11.322500228881836,11.337499618530273,7.876648426055908,1408800
2013-05-23,11.3100004196167,11.350000381469727,11.1899995803833,11.210000038146973,7.788069248199463,1680800
2013-05-24,11.114999771118164,11.244999885559082,11.095000267028809,11.244999885559082,7.812384128570557,1095600
2013-05-28,11.367500305175781,11.427499771118164,11.239999771118164,11.292499542236328,7.8453850746154785,1534000
2013-05-29,11.212499618530273,11.270000457763672,11.085000038146973,11.180000305175781,7.767225742340088,1258000
2013-05-30,11.260000228881836,11.494999885559082,11.204999923706055,11.375,7.902701377868652,2596400
2013-05-31,11.342499732971191,11.467499732971191,11.317500114440918,11.412500381469727,7.928755283355713,3480800
2013-06-03,11.427499771118164,11.454999923706055,11.345000267028809,11.427499771118164,7.939175605773926,1563200
2013-06-04,11.407500267028809,11.47249984741211,11.274999618530273,11.350000381469727,7.885331630706787,1696400
2013-06-05,11.300000190734863,11.319999694824219,11.164999961853027,11.212499618530273,7.789805889129639,1949600
2013-06-06,11.192500114440918,11.307499885559082,11.137499809265137,11.307499885559082,7.855808258056641,1592400
2013-06-07,11.354999542236328,11.467499732971191,11.302499771118164,11.449999809265137,7.954807281494141,1547600
2013-06-10,11.487500190734863,11.512499809265137,11.390000343322754,11.452500343322754,7.956543922424316,1061200
2013-06-11,11.327500343322754,11.4375,11.267499923706055,11.350000381469727,7.885331630706787,1161600
2013-06-12,11.414999961853027,11.449999809265137,11.265000343322754,11.267499923706055,7.828017711639404,812000
2013-06-13,11.255000114440918,11.5,11.217499732971191,11.479999542236328,7.975648403167725,1784400
2013-06-14,11.477499961853027,11.4975004196167,11.359999656677246,11.392499923706055,7.914859294891357,1086400
2013-06-17,11.4375,11.510000228881836,11.397500038146973,11.475000381469727,7.972177505493164,888000
2013-06-18,11.5,11.614999771118164,11.444999694824219,11.555000305175781,8.027755737304688,1928400
2013-06-19,11.5649995803833,11.625,11.375,11.40999984741211,7.927018642425537,1636400
2013-06-20,11.292499542236328,11.345000267028809,11.199999809265137,11.305000305175781,7.854070663452148,1979200
2013-06-21,11.369999885559082,11.395000457763672,11.217499732971191,11.282500267028809,7.838437557220459,3388000
2013-06-24,11.202500343322754,11.369999885559082,11.162500381469727,11.27750015258789,7.834963321685791,1680400
2013-06-25,11.375,11.442500114440918,11.272500038146973,11.352499961853027,7.887068748474121,2056400
2013-06-26,11.397500038146973,11.457500457763672,11.302499771118164,11.359999656677246,7.892280101776123,1332400
2013-06-27,11.367500305175781,11.512499809265137,11.367500305175781,11.484999656677246,7.979122161865234,1356000
2013-06-28,11.422499656677246,11.477499961853027,11.385000228881836,11.385000228881836,7.909648895263672,3569200
2013-07-01,11.414999961853027,11.550000190734863,11.404999732971191,11.417499542236328,7.932228088378906,1687200
2013-07-02,11.425000190734863,11.477499961853027,11.375,11.40999984741211,7.927018642425537,2152000
2013-07-03,11.432499885559082,11.5,11.364999771118164,11.467499732971191,7.966966152191162,1249600
2013-07-05,11.587499618530273,11.625,11.467499732971191,11.612500190734863,8.067704200744629,1514800
2013-07-08,11.694999694824219,11.75,11.630000114440918,11.699999809265137,8.12849235534668,1546400
2013-07-09,11.757499694824219,11.850000381469727,11.692500114440918,11.805000305175781,8.201441764831543,1402800
2013-07-10,11.7524995803833,11.819999694824219,11.732500076293945,11.8125,8.206653594970703,1345600
2013-07-11,11.912500381469727,11.962499618530273,11.8774995803833,11.917499542236328,8.2795991897583,1012800
2013-07-12,11.942500114440918,12.007499694824219,11.904999732971191,12.0,8.336915969848633,1418800
2013-07-15,11.987500190734863,12.042499542236328,11.9375,11.970000267028809,8.316073417663574,2404800
2013-07-16,11.487500190734863,11.842499732971191,11.427499771118164,11.765000343322754,8.173652648925781,5586800
2013-07-17,11.862500190734863,11.927499771118164,11.694999694824219,11.805000305175781,8.201441764831543,2187600
2013-07-18,11.8100004196167,11.962499618530273,11.757499694824219,11.922499656677246,8.283072471618652,2186400
2013-07-19,11.917499542236328,12.012499809265137,11.837499618530273,11.892499923706055,8.262231826782227,2870800
2013-07-22,11.8774995803833,12.03499984741211,11.867500305175781,11.957500457763672,8.307389259338379,1373600
2013-07-23,11.962499618530273,11.984999656677246,11.887499809265137,11.957500457763672,8.307389259338379,1995600
2013-07-24,11.977499961853027,12.0,11.837499618530273,11.887499809265137,8.258756637573242,1555600
2013-07-25,11.852499961853027,11.887499809265137,11.765000343322754,11.817500114440918,8.210124969482422,2060400
2013-07-26,11.77750015258789,11.822500228881836,11.710000038146973,11.822500228881836,8.21359920501709,1166800
2013-07-29,11.779999732971191,11.817500114440918,11.710000038146973,11.727499961853027,8.147597312927246,1090000
2013-07-30,11.787500381469727,11.867500305175781,11.770000457763672,11.8100004196167,8.204916000366211,1678000
2013-07-31,11.904999732971191,11.9975004196167,11.852499961853027,11.8774995803833,8.251809120178223,1979200
2013-08-01,11.9350004196167,12.125,11.9350004196167,12.022500038146973,8.352548599243164,3347200
2013-08-02,11.992500305175781,12.055000305175781,11.920000076293945,12.005000114440918,8.340391159057617,2276000
2013-08-05,11.975000381469727,12.082500457763672,11.944999694824219,12.032500267028809,8.359493255615234,1930800
2013-08-06,12.010000228881836,12.069999694824219,11.992500305175781,12.0024995803833,8.338652610778809,1436400
2013-08-07,11.984999656677246,12.182499885559082,11.979999542236328,12.167499542236328,8.453287124633789,2608000
2013-08-08,12.22249984741211,12.282500267028809,12.1225004196167,12.225000381469727,8.493234634399414,2357200
2013-08-09,12.1899995803833,12.305000305175781,12.1899995803833,12.270000457763672,8.524497985839844,1688400
2013-08-12,12.22249984741211,12.319999694824219,12.210000038146973,12.272500038146973,8.526233673095703,1682400
2013-08-13,12.307499885559082,12.350000381469727,12.2524995803833,12.322500228881836,8.560970306396484,1840400
2013-08-14,12.279999732971191,12.354999542236328,12.260000228881836,12.322500228881836,8.560970306396484,1521600
2013-08-15,12.255000114440918,12.279999732971191,12.15999984741211,12.239999771118164,8.503653526306152,2385600
2013-08-16,12.225000381469727,12.244999885559082,12.149999618530273,12.1875,8.467181205749512,2134400
2013-08-19,12.167499542236328,12.204999923706055,12.029999732971191,12.029999732971191,8.357757568359375,2375600
2013-08-20,12.032500267028809,12.164999961853027,11.970000267028809,12.1274995803833,8.425495147705078,1251200
2013-08-21,12.104999542236328,12.170000076293945,12.039999961853027,12.079999923706055,8.392495155334473,1862800
2013-08-22,12.067500114440918,12.21500015258789,12.052499771118164,12.162500381469727,8.449810981750488,892000
2013-08-23,12.164999961853027,12.194999694824219,12.107500076293945,12.180000305175781,8.461970329284668,1021200
2013-08-26,12.220000267028809,12.27750015258789,12.157500267028809,12.170000076293945,8.455022811889648,1081200
2013-08-27,12.067500114440918,12.15250015258789,11.96500015258789,11.96500015258789,8.312600135803223,1798800
2013-08-28,11.987500190734863,12.0649995803833,11.96500015258789,12.0,8.336915969848633,1576800
2013-08-29,11.970000267028809,12.109999656677246,11.932499885559082,12.047499656677246,8.369915008544922,1117200
2013-08-30,12.074999809265137,12.074999809265137,11.9350004196167,11.9399995803833,8.295228958129883,1826800
2013-09-03,12.067500114440918,12.107500076293945,11.90999984741211,11.9975004196167,8.335182189941406,1788800
2013-09-04,11.975000381469727,12.09000015258789,11.957500457763672,12.02750015258789,8.356021881103516,1932000
2013-09-05,12.015000343322754,12.117500305175781,11.989999771118164,12.077500343322754,8.390759468078613,1207200
2013-09-06,12.069999694824219,12.232500076293945,11.989999771118164,12.15250015258789,8.442864418029785,1917200
2013-09-09,12.162500381469727,12.369999885559082,12.149999618530273,12.354999542236328,8.583551406860352,1336400
2013-09-10,12.392499923706055,12.4975004196167,12.385000228881836,12.4375,8.64086627960205,2044800
2013-09-11,12.425000190734863,12.487500190734863,12.417499542236328,12.442500114440918,8.644338607788086,1479200
2013-09-12,12.412500381469727,12.47249984741211,12.392499923706055,12.425000190734863,8.632182121276855,1589200
2013-09-13,12.4375,12.475000381469727,12.385000228881836,12.425000190734863,8.632182121276855,1170400
2013-09-16,12.614999771118164,12.699999809265137,12.487500190734863,12.545000076293945,8.715550422668457,1525600
2013-09-17,12.592499732971191,12.640000343322754,12.545000076293945,12.6225004196167,8.769394874572754,859200
2013-09-18,12.5600004196167,12.805000305175781,12.532500267028809,12.757499694824219,8.863184928894043,1592800
2013-09-19,12.829999923706055,12.84000015258789,12.645000457763672,12.72249984741211,8.838868141174316,2808400
2013-09-20,13.010000228881836,13.052499771118164,12.569999694824219,12.8149995803833,8.903131484985352,8930800
2013-09-23,12.787500381469727,12.8149995803833,12.649999618530273,12.767499923706055,8.870131492614746,2190000
2013-09-24,12.819999694824219,12.857500076293945,12.742500305175781,12.765000343322754,8.86839485168457,1821600
2013-09-25,12.787500381469727,12.842499732971191,12.680000305175781,12.6850004196167,8.812813758850098,1765200
2013-09-26,12.8774995803833,12.8774995803833,12.664999961853027,12.720000267028809,8.837132453918457,1659200
2013-09-27,12.632499694824219,12.837499618530273,12.579999923706055,12.805000305175781,8.896184921264648,2048400
2013-09-30,12.737500190734863,12.832500457763672,12.662500381469727,12.800000190734863,8.89271068572998,1915200
2013-10-01,12.837499618530273,12.96500015258789,12.797499656677246,12.9350004196167,8.98650074005127,2216400
2013-10-02,12.819999694824219,12.822500228881836,12.704999923706055,12.760000228881836,8.864922523498535,1742800
2013-10-03,12.699999809265137,12.739999771118164,12.524999618530273,12.595000267028809,8.750288963317871,1623200
2013-10-04,12.557499885559082,12.6850004196167,12.512499809265137,12.637499809265137,8.779815673828125,1436800
2013-10-07,12.510000228881836,12.614999771118164,12.489999771118164,12.489999771118164,8.677342414855957,1939600
2013-10-08,12.507499694824219,12.632499694824219,12.475000381469727,12.484999656677246,8.673867225646973,2368800
2013-10-09,12.4975004196167,12.532500267028809,12.442500114440918,12.5,8.68428897857666,3070000
2013-10-10,12.579999923706055,12.727499961853027,12.517499923706055,12.72249984741211,8.838868141174316,1820800
2013-10-11,12.647500038146973,12.944999694824219,12.645000457763672,12.9375,8.988237380981445,2216800
2013-10-14,12.880000114440918,12.979999542236328,12.8149995803833,12.970000267028809,9.010815620422363,1733600
2013-10-15,12.914999961853027,12.960000038146973,12.84000015258789,12.90999984741211,8.969132423400879,2758800
2013-10-16,12.9375,13.107500076293945,12.904999732971191,13.092499732971191,9.095922470092773,2099600
2013-10-17,13.047499656677246,13.257499694824219,13.015000343322754,13.244999885559082,9.201870918273926,2394800
2013-10-18,13.2475004196167,13.369999885559082,13.21500015258789,13.287500381469727,9.231396675109863,4071200
2013-10-21,13.319999694824219,13.359999656677246,13.272500038146973,13.337499618530273,9.266136169433594,1583200
2013-10-22,13.337499618530273,13.399999618530273,13.282500267028809,13.34749984741211,9.273082733154297,1406400
2013-10-23,13.300000190734863,13.380000114440918,13.260000228881836,13.364999771118164,9.285240173339844,1710400
2013-10-24,13.399999618530273,13.414999961853027,13.317500114440918,13.404999732971191,9.313030242919922,5788000
2013-10-25,13.442500114440918,13.479999542236328,13.329999923706055,13.477499961853027,9.363397598266602,6377200
2013-10-28,13.444999694824219,13.595000267028809,13.444999694824219,13.477499961853027,9.363397598266602,6978800
2013-10-29,13.492500305175781,13.555000305175781,13.444999694824219,13.494999885559082,9.375557899475098,1083600
2013-10-30,13.449999809265137,13.512499809265137,13.359999656677246,13.397500038146973,9.307819366455078,1547600
2013-10-31,13.399999618530273,13.475000381469727,13.332500457763672,13.442500114440918,9.339082717895508,1314800
2013-11-01,13.5,13.505000114440918,13.3774995803833,13.4975004196167,9.37729263305664,1438400
2013-11-04,13.532500267028809,13.574999809265137,13.475000381469727,13.537500381469727,9.405084609985352,1416000
2013-11-05,13.460000038146973,13.53499984741211,13.40250015258789,13.532500267028809,9.401610374450684,1849200
2013-11-06,13.34749984741211,13.382499694824219,13.270000457763672,13.3725004196167,9.424513816833496,1672400
2013-11-07,13.462499618530273,13.467499732971191,13.164999961853027,13.192500114440918,9.29765796661377,1950800
2013-11-08,13.170000076293945,13.367500305175781,13.067500114440918,13.364999771118164,9.419229507446289,1515200
2013-11-11,13.322500228881836,13.40250015258789,13.255000114440918,13.352499961853027,9.410420417785645,1189200
2013-11-12,13.297499656677246,13.382499694824219,13.282500267028809,13.3774995803833,9.42803955078125,1608000
2013-11-13,13.082500457763672,13.447500228881836,13.082500457763672,13.447500228881836,9.477373123168945,1214000
2013-11-14,13.46500015258789,13.6274995803833,13.460000038146973,13.567500114440918,9.561944961547852,1792400
2013-11-15,13.585000038146973,13.645000457763672,13.517499923706055,13.595000267028809,9.581326484680176,1602400
2013-11-18,13.592499732971191,13.617500305175781,13.5024995803833,13.572500228881836,9.565467834472656,1919600
2013-11-19,13.512499809265137,13.672499656677246,13.47249984741211,13.574999809265137,9.567230224609375,1423200
2013-11-20,13.59749984741211,13.65250015258789,13.517499923706055,13.557499885559082,9.55489730834961,1366800
2013-11-21,13.592499732971191,13.739999771118164,13.5649995803833,13.697500228881836,9.653564453125,1416400
2013-11-22,13.682499885559082,13.8125,13.625,13.802499771118164,9.727564811706543,1444400
2013-11-25,13.772500038146973,13.84000015258789,13.704999923706055,13.742500305175781,9.685279846191406,1336000
2013-11-26,13.774999618530273,13.880000114440918,13.72249984741211,13.779999732971191,9.711709976196289,1379200
2013-11-27,13.792499542236328,13.96500015258789,13.767499923706055,13.859999656677246,9.76809024810791,1678800
2013-11-29,14.4975004196167,14.4975004196167,13.845000267028809,13.875,9.77866268157959,923200
2013-12-02,13.907500267028809,13.975000381469727,13.800000190734863,13.8100004196167,9.732851028442383,2125600
2013-12-03,13.75,13.84749984741211,13.645000457763672,13.694999694824219,9.651800155639648,1467600
2013-12-04,13.672499656677246,13.71500015258789,13.462499618530273,13.585000038146973,9.5742769241333,1512800
2013-12-05,13.59749984741211,13.6225004196167,13.457500457763672,13.460000038146973,9.486181259155273,2426000
2013-12-06,13.757499694824219,13.757499694824219,13.607500076293945,13.707500457763672,9.660612106323242,3402800
2013-12-09,13.744999885559082,13.792499542236328,13.680000305175781,13.702500343322754,9.657090187072754,2104800
2013-12-10,13.727499961853027,13.8149995803833,13.6875,13.802499771118164,9.727564811706543,2677200
2013-12-11,13.774999618530273,13.829999923706055,13.65250015258789,13.675000190734863,9.63770866394043,2662800
2013-12-12,13.640000343322754,13.760000228881836,13.612500190734863,13.742500305175781,9.685279846191406,2366800
2013-12-13,13.792499542236328,13.992500305175781,13.75,13.852499961853027,9.762802124023438,2261600
2013-12-16,13.84000015258789,13.970000267028809,13.72249984741211,13.765000343322754,9.701138496398926,2951600
2013-12-17,13.727499961853027,13.907500267028809,13.654999732971191,13.892499923706055,9.790994644165039,3049200
2013-12-18,13.927499771118164,14.074999809265137,13.7524995803833,14.072500228881836,9.917854309082031,2520000
2013-12-19,14.107500076293945,14.162500381469727,14.005000114440918,14.119999885559082,9.951329231262207,2889200
2013-12-20,14.539999961853027,14.852499961853027,14.287500381469727,14.824999809265137,10.44819164276123,7457600
2013-12-23,14.862500190734863,14.887499809265137,14.625,14.762499809265137,10.404143333435059,3214000
2013-12-24,14.71500015258789,14.899999618530273,14.71500015258789,14.817500114440918,10.442904472351074,904800
2013-12-26,14.837499618530273,14.897500038146973,14.802499771118164,14.852499961853027,10.467572212219238,1682800
2013-12-27,14.880000114440918,14.920000076293945,14.827500343322754,14.875,10.483430862426758,1412400
2013-12-30,14.899999618530273,14.932499885559082,14.84000015258789,14.869999885559082,10.47990608215332,1270800
2013-12-31,14.90250015258789,14.912500381469727,14.837499618530273,14.897500038146973,10.499284744262695,1790000
2014-01-02,14.8125,14.842499732971191,14.670000076293945,14.765000343322754,10.405905723571777,2321600
2014-01-03,14.78499984741211,14.949999809265137,14.7524995803833,14.837499618530273,10.457000732421875,2106000
2014-01-06,14.852499961853027,14.904999732971191,14.72249984741211,14.760000228881836,10.402379989624023,2541200
2014-01-07,14.77750015258789,14.862500190734863,14.737500190734863,14.837499618530273,10.457000732421875,2263200
2014-01-08,14.854999542236328,14.864999771118164,14.625,14.797499656677246,10.42880630493164,5983600
2014-01-09,15.232500076293945,15.232500076293945,14.710000038146973,14.842499732971191,10.460524559020996,2401200
2014-01-10,14.862500190734863,14.862500190734863,14.734999656677246,14.817500114440918,10.442904472351074,2199200
2014-01-13,14.795000076293945,14.832500457763672,14.555000305175781,14.619999885559082,10.303714752197266,2014400
2014-01-14,14.635000228881836,14.765000343322754,14.552499771118164,14.7475004196167,10.393569946289062,1742800
2014-01-15,14.7475004196167,14.989999771118164,14.7475004196167,14.832500457763672,10.453478813171387,2350800
2014-01-16,14.78499984741211,14.890000343322754,14.772500038146973,14.827500343322754,10.44995403289795,1516000
2014-01-17,14.779999732971191,14.854999542236328,14.742500305175781,14.782500267028809,10.418235778808594,4740000
2014-01-21,14.904999732971191,14.960000038146973,14.792499542236328,14.960000038146973,10.543334007263184,2133200
2014-01-22,14.982500076293945,14.984999656677246,14.857500076293945,14.895000457763672,10.49752426147461,1968800
2014-01-23,14.774999618530273,14.805000305175781,14.529999732971191,14.612500190734863,10.298429489135742,2626400
2014-01-24,14.4975004196167,14.532500267028809,14.274999618530273,14.289999961853027,10.071137428283691,2125200
2014-01-27,14.317500114440918,14.427499771118164,14.207500457763672,14.2475004196167,10.041187286376953,2404400
2014-01-28,14.237500190734863,14.395000457763672,14.22249984741211,14.265000343322754,10.053521156311035,1580000
2014-01-29,14.1225004196167,14.380000114440918,14.1225004196167,14.242500305175781,10.037663459777832,2480400
2014-01-30,14.342499732971191,14.449999809265137,14.2475004196167,14.412500381469727,10.15747356414795,1653600
2014-01-31,14.265000343322754,14.337499618530273,14.194999694824219,14.267499923706055,10.055281639099121,1828800
2014-02-03,14.282500267028809,14.335000038146973,13.867500305175781,13.904999732971191,9.7998046875,2288800
2014-02-04,13.914999961853027,14.087499618530273,13.837499618530273,13.979999542236328,9.8526611328125,2094800
2014-02-05,13.899999618530273,14.1274995803833,13.862500190734863,14.095000267028809,9.933712005615234,1704400
2014-02-06,14.085000038146973,14.204999923706055,13.992500305175781,14.117500305175781,9.949567794799805,1388000
2014-02-07,14.202500343322754,14.550000190734863,14.074999809265137,14.532500267028809,10.242046356201172,3076000
2014-02-10,14.507499694824219,14.557499885559082,14.267499923706055,14.420000076293945,10.162759780883789,3418000
2014-02-11,14.40250015258789,14.577500343322754,14.297499656677246,14.524999618530273,10.236760139465332,2730400
2014-02-12,14.524999618530273,14.670000076293945,14.5024995803833,14.6225004196167,10.305473327636719,2508800
2014-02-13,14.5649995803833,14.744999885559082,14.532500267028809,14.712499618530273,10.368905067443848,1304400
2014-02-14,14.717499732971191,14.827500343322754,14.65999984741211,14.795000076293945,10.427046775817871,1693200
2014-02-18,14.859999656677246,14.927499771118164,14.765000343322754,14.880000114440918,10.486954689025879,3506000
2014-02-19,14.854999542236328,14.890000343322754,14.710000038146973,14.732500076293945,10.382999420166016,1874400
2014-02-20,14.767499923706055,14.882499694824219,14.612500190734863,14.824999809265137,10.44819164276123,2726400
2014-02-21,15.375,15.675000190734863,15.175000190734863,15.414999961853027,10.86400318145752,11409200
2014-02-24,15.467499732971191,15.819999694824219,14.727499961853027,14.880000114440918,10.486954689025879,11288400
2014-02-25,14.90999984741211,15.0024995803833,14.822500228881836,14.989999771118164,10.564476013183594,2830000
2014-02-26,14.987500190734863,15.114999771118164,14.949999809265137,15.055000305175781,10.6102876663208,1908000
2014-02-27,15.0625,15.085000038146973,14.925000190734863,15.082500457763672,10.629668235778809,1612800
2014-02-28,15.09000015258789,15.180000305175781,15.047499656677246,15.164999961853027,10.687811851501465,2101600
2014-03-03,15.0,15.074999809265137,14.854999542236328,15.007499694824219,10.576810836791992,1677600
2014-03-04,15.149999618530273,15.27750015258789,15.042499542236328,15.229999542236328,10.733622550964355,2261600
2014-03-05,15.197500228881836,15.25,15.047499656677246,15.137499809265137,10.66843032836914,1476400
2014-03-06,15.182499885559082,15.270000457763672,15.1225004196167,15.239999771118164,10.740670204162598,1767600
2014-03-07,15.289999961853027,15.40250015258789,15.2524995803833,15.342499732971191,10.812908172607422,1518800
2014-03-10,15.307499885559082,15.390000343322754,15.1899995803833,15.212499618530273,10.721288681030273,2669600
2014-03-11,15.260000228881836,15.3149995803833,15.050000190734863,15.092499732971191,10.636716842651367,1569600
2014-03-12,15.032500267028809,15.112500190734863,14.952500343322754,15.045000076293945,10.603239059448242,2309200
2014-03-13,15.109999656677246,15.137499809265137,14.854999542236328,14.904999732971191,10.504570960998535,2393600
2014-03-14,14.862500190734863,14.977499961853027,14.837499618530273,14.84749984741211,10.464049339294434,1484000
2014-03-17,14.899999618530273,15.015000343322754,14.864999771118164,14.914999961853027,10.511619567871094,2311200
2014-03-18,14.9350004196167,15.162500381469727,14.887499809265137,15.057499885559082,10.612049102783203,2201600
2014-03-19,15.057499885559082,15.154999732971191,14.819999694824219,14.897500038146973,10.499284744262695,2003600
2014-03-20,15.422499656677246,15.5,14.947500228881836,15.147500038146973,10.6754789352417,3926000
2014-03-21,15.322500228881836,15.322500228881836,14.912500381469727,14.927499771118164,10.520430564880371,6176400
2014-03-24,14.895000457763672,15.0,14.720000267028809,14.787500381469727,10.421761512756348,2742800
2014-03-25,14.869999885559082,14.920000076293945,14.797499656677246,14.854999542236328,10.469332695007324,1635200
2014-03-26,14.897500038146973,14.957500457763672,14.672499656677246,14.680000305175781,10.346001625061035,1401200
2014-03-27,14.71500015258789,14.762499809265137,14.617500305175781,14.677499771118164,10.344237327575684,1832400
2014-03-28,14.717499732971191,14.822500228881836,14.657500267028809,14.7475004196167,10.393569946289062,1820800
2014-03-31,14.802499771118164,14.970000267028809,14.7475004196167,14.90250015258789,10.502809524536133,3138400
2014-04-01,14.942500114440918,15.067500114440918,14.912500381469727,15.052499771118164,10.608526229858398,3145600
2014-04-02,15.057499885559082,15.107500076293945,14.864999771118164,14.914999961853027,10.511619567871094,2414000
2014-04-03,14.942500114440918,14.9975004196167,14.712499618530273,14.772500038146973,10.4111909866333,2596000
2014-04-04,14.805000305175781,14.824999809265137,14.522500038146973,14.5600004196167,10.261428833007812,2044400
2014-04-07,14.579999923706055,14.649999618530273,14.427499771118164,14.4350004196167,10.173332214355469,2296800
2014-04-08,14.412500381469727,14.557499885559082,14.375,14.5024995803833,10.220903396606445,2072400
2014-04-09,14.517499923706055,14.569999694824219,14.382499694824219,14.557499885559082,10.25966739654541,2766800
2014-04-10,14.574999809265137,14.614999771118164,14.182499885559082,14.1899995803833,10.000662803649902,2648800
2014-04-11,14.147500038146973,14.300000190734863,14.0625,14.119999885559082,9.951329231262207,3214000
2014-04-14,14.239999771118164,14.327500343322754,13.952500343322754,14.077500343322754,9.921377182006836,2322400
2014-04-15,14.074999809265137,14.175000190734863,13.912500381469727,14.085000038146973,9.926663398742676,1715200
2014-04-16,14.177499771118164,14.274999618530273,14.117500305175781,14.239999771118164,10.035901069641113,1926800
2014-04-17,14.244999885559082,14.442500114440918,14.22249984741211,14.407500267028809,10.153948783874512,1940400
2014-04-21,14.397500038146973,14.4399995803833,14.297499656677246,14.34749984741211,10.111663818359375,1242000
2014-04-22,14.322500228881836,14.477499961853027,14.255000114440918,14.449999809265137,10.1839017868042,2336000
2014-04-23,14.470000267028809,14.505000114440918,14.397500038146973,14.460000038146973,10.190949440002441,1968000
2014-04-24,14.5024995803833,14.625,14.447500228881836,14.517499923706055,10.231473922729492,2297600
2014-04-25,14.512499809265137,14.595000267028809,14.335000038146973,14.387499809265137,10.139852523803711,1938400
2014-04-28,14.414999961853027,14.522500038146973,14.302499771118164,14.475000381469727,10.201521873474121,2274000
2014-04-29,14.517499923706055,14.640000343322754,14.475000381469727,14.529999732971191,10.240283966064453,1963600
2014-04-30,14.47249984741211,14.78499984741211,14.432499885559082,14.732500076293945,10.382999420166016,2766400
2014-05-01,14.789999961853027,14.819999694824219,14.5625,14.6850004196167,10.349525451660156,2246800
2014-05-02,14.637499809265137,14.857500076293945,14.6225004196167,14.760000228881836,10.402379989624023,2746800
2014-05-05,14.632499694824219,14.782500267028809,14.625,14.765000343322754,10.405905723571777,1910800
2014-05-06,14.7475004196167,14.8100004196167,14.675000190734863,14.7475004196167,10.393569946289062,2494800
2014-05-07,14.765000343322754,14.952500343322754,14.692500114440918,14.927499771118164,10.520430564880371,3579600
2014-05-08,14.892499923706055,15.037500381469727,14.8774995803833,14.887499809265137,10.49223804473877,2222000
2014-05-09,14.914999961853027,14.952500343322754,14.8100004196167,14.949999809265137,10.536286354064941,2378800
2014-05-12,14.979999542236328,15.182499885559082,14.949999809265137,15.092499732971191,10.636716842651367,2848800
2014-05-13,15.130000114440918,15.172499656677246,15.057499885559082,15.149999618530273,10.677237510681152,2748000
2014-05-14,15.182499885559082,15.182499885559082,15.082500457763672,15.09749984741211,10.640242576599121,2000000
2014-05-15,15.010000228881836,15.067500114440918,14.897500038146973,15.042499542236328,10.60147762298584,1749600
2014-05-16,15.024999618530273,15.140000343322754,14.925000190734863,15.135000228881836,10.666669845581055,2102800
2014-05-19,15.1274995803833,15.305000305175781,15.072500228881836,15.292499542236328,10.777667999267578,2034400
2014-05-20,15.272500038146973,15.322500228881836,15.104999542236328,15.154999732971191,10.680763244628906,2204800
2014-05-21,15.194999694824219,15.3149995803833,15.175000190734863,15.27750015258789,10.767098426818848,1742400
2014-05-22,15.260000228881836,15.427499771118164,15.242500305175781,15.385000228881836,10.84286117553711,2006000
2014-05-23,15.385000228881836,15.452500343322754,15.300000190734863,15.407500267028809,10.858717918395996,2415200
2014-05-27,15.467499732971191,15.475000381469727,15.404999732971191,15.4350004196167,10.878100395202637,2728400
2014-05-28,15.420000076293945,15.53499984741211,15.414999961853027,15.47249984741211,10.904528617858887,1791600
2014-05-29,15.5024995803833,15.5649995803833,15.452500343322754,15.524999618530273,10.941527366638184,1636400
2014-05-30,15.52750015258789,15.5649995803833,15.457500457763672,15.529999732971191,10.945053100585938,2614400
2014-06-02,15.782500267028809,15.782500267028809,15.425000190734863,15.555000305175781,10.962672233581543,2251600
2014-06-03,15.522500038146973,15.572500228881836,15.5,15.545000076293945,10.9556245803833,1422400
2014-06-04,15.4975004196167,15.5649995803833,15.470000267028809,15.545000076293945,10.9556245803833,1453600
2014-06-05,15.604999542236328,15.694999694824219,15.52750015258789,15.6875,11.056055068969727,1712800
2014-06-06,15.677499771118164,15.782500267028809,15.677499771118164,15.782500267028809,11.123006820678711,1332800
2014-06-09,15.767499923706055,15.977499961853027,15.762499809265137,15.917499542236328,11.218148231506348,1446400
2014-06-10,15.897500038146973,15.920000076293945,15.832500457763672,15.904999732971191,11.209339141845703,1196000
2014-06-11,15.859999656677246,15.960000038146973,15.7475004196167,15.824999809265137,11.152958869934082,1750400
2014-06-12,15.779999732971191,15.835000038146973,15.702500343322754,15.760000228881836,11.107148170471191,1218400
2014-06-13,15.789999961853027,15.857500076293945,15.742500305175781,15.77750015258789,11.11948299407959,1160000
2014-06-16,15.742500305175781,15.84000015258789,15.71500015258789,15.772500038146973,11.115959167480469,1578000
2014-06-17,15.732500076293945,15.922499656677246,15.677499771118164,15.857500076293945,11.175865173339844,1136000
2014-06-18,15.827500343322754,15.899999618530273,15.7475004196167,15.8774995803833,11.189961433410645,1359600
2014-06-19,15.852499961853027,15.967499732971191,15.800000190734863,15.96500015258789,11.25162410736084,1383600
2014-06-20,16.03499984741211,16.079999923706055,15.949999809265137,16.024999618530273,11.29391098022461,4611600
2014-06-23,16.059999465942383,16.0625,15.7524995803833,15.795000076293945,11.131815910339355,1844400
2014-06-24,15.779999732971191,15.8100004196167,15.609999656677246,15.632499694824219,11.017292022705078,2267200
2014-06-25,15.555000305175781,15.7524995803833,15.555000305175781,15.742500305175781,11.094817161560059,1189600
2014-06-26,15.774999618530273,15.832500457763672,15.6274995803833,15.662500381469727,11.038431167602539,1120000
2014-06-27,15.574999809265137,15.772500038146973,15.574999809265137,15.755000114440918,11.103626251220703,5706000
2014-06-30,15.732500076293945,15.892499923706055,15.6875,15.885000228881836,11.195244789123535,2049200
2014-07-01,15.907500267028809,16.100000381469727,15.869999885559082,16.00749969482422,11.28157901763916,1970400
2014-07-02,16.002500534057617,16.059999465942383,15.90250015258789,15.975000381469727,11.258674621582031,1011600
2014-07-03,15.992500305175781,16.110000610351562,15.954999923706055,16.092500686645508,11.341484069824219,661600
2014-07-07,16.0674991607666,16.0674991607666,15.917499542236328,15.97249984741211,11.256912231445312,1454800
2014-07-08,15.984999656677246,16.017499923706055,15.832500457763672,15.875,11.188196182250977,1380000
2014-07-09,15.932499885559082,16.112499237060547,15.817500114440918,15.904999732971191,11.209339141845703,955200
2014-07-10,15.692500114440918,15.819999694824219,15.555000305175781,15.789999961853027,11.128293991088867,954000
2014-07-11,15.77750015258789,15.782500267028809,15.619999885559082,15.640000343322754,11.022577285766602,1981200
2014-07-14,15.7475004196167,15.897500038146973,15.7475004196167,15.8100004196167,11.142388343811035,1634400
2014-07-15,15.8100004196167,15.890000343322754,15.647500038146973,15.712499618530273,11.073671340942383,2109200
2014-07-16,15.837499618530273,16.227500915527344,15.75,16.127500534057617,11.3661527633667,4580800
2014-07-17,16.040000915527344,16.110000610351562,15.84000015258789,15.862500190734863,11.179388046264648,2496800
2014-07-18,15.927499771118164,16.03499984741211,15.852499961853027,16.010000228881836,11.283339500427246,2276000
2014-07-21,15.960000038146973,16.002500534057617,15.895000457763672,15.942500114440918,11.23576831817627,1879200
2014-07-22,16.0575008392334,16.11750030517578,15.96500015258789,16.094999313354492,11.343245506286621,2066000
2014-07-23,16.0674991607666,16.094999313354492,15.992500305175781,16.00749969482422,11.28157901763916,1363200
2014-07-24,16.082500457763672,16.122499465942383,16.002500534057617,16.02750015258789,11.295674324035645,874800
2014-07-25,16.002500534057617,16.072500228881836,15.842499732971191,15.880000114440918,11.19172191619873,1405600
2014-07-28,15.854999542236328,15.927499771118164,15.7475004196167,15.890000343322754,11.198768615722656,1120800
2014-07-29,15.882499694824219,15.949999809265137,15.774999618530273,15.779999732971191,11.121243476867676,1038800
2014-07-30,15.859999656677246,16.020000457763672,15.732500076293945,15.850000381469727,11.170578956604004,1290400
2014-07-31,15.767499923706055,15.767499923706055,15.6225004196167,15.649999618530273,11.029623985290527,1563600
2014-08-01,15.587499618530273,15.727499961853027,15.5600004196167,15.649999618530273,11.029623985290527,1548000
2014-08-04,15.71500015258789,16.024999618530273,15.649999618530273,15.9975004196167,11.274530410766602,3655200
2014-08-05,15.90250015258789,16.0625,15.782500267028809,15.890000343322754,11.198768615722656,2774000
2014-08-06,15.760000228881836,15.837499618530273,15.6875,15.7475004196167,11.098340034484863,1905200
2014-08-07,15.800000190734863,15.885000228881836,15.71500015258789,15.77750015258789,11.11948299407959,1481200
2014-08-08,15.824999809265137,16.1200008392334,15.729999542236328,16.100000381469727,11.346770286560059,1824800
2014-08-11,16.1924991607666,16.322500228881836,16.107500076293945,16.25,11.452485084533691,2945200
2014-08-12,16.25,16.360000610351562,16.21500015258789,16.3174991607666,11.500057220458984,2883600
2014-08-13,16.352500915527344,16.395000457763672,16.329999923706055,16.377500534057617,11.542344093322754,1794400
2014-08-14,16.364999771118164,16.427499771118164,16.350000381469727,16.375,11.540581703186035,1425200
2014-08-15,15.962499618530273,16.46500015258789,15.662500381469727,16.344999313354492,11.51943588256836,2258400
2014-08-18,16.424999237060547,16.522499084472656,16.412500381469727,16.457500457763672,11.598726272583008,3103200
2014-08-19,16.467500686645508,16.5049991607666,16.4375,16.47249984741211,11.609294891357422,1840400
2014-08-20,16.489999771118164,16.50749969482422,16.412500381469727,16.489999771118164,11.62162971496582,1854000
2014-08-21,16.489999771118164,16.510000228881836,16.43000030517578,16.477500915527344,11.61281967163086,2227600
2014-08-22,16.4375,16.547500610351562,16.352500915527344,16.4325008392334,11.581108093261719,2426400
2014-08-25,16.537500381469727,16.5625,16.462499618530273,16.514999389648438,11.639248847961426,1012000
2014-08-26,16.565000534057617,16.59749984741211,16.485000610351562,16.5049991607666,11.632201194763184,1312000
2014-08-27,16.502500534057617,16.55500030517578,16.40999984741211,16.457500457763672,11.598726272583008,894400
2014-08-28,16.385000228881836,16.52750015258789,16.354999542236328,16.469999313354492,11.607535362243652,872000
2014-08-29,16.537500381469727,16.625,16.405000686645508,16.53499984741211,11.65334415435791,1654000
2014-09-02,16.604999542236328,16.719999313354492,16.532499313354492,16.657499313354492,11.739679336547852,1817600
2014-09-03,16.727500915527344,16.77750015258789,16.575000762939453,16.59000015258789,11.692105293273926,1220800
2014-09-04,16.665000915527344,16.712499618530273,16.594999313354492,16.639999389648438,11.72734546661377,2460800
2014-09-05,16.594999313354492,16.700000762939453,16.532499313354492,16.665000915527344,11.744966506958008,1726400
2014-09-08,16.61750030517578,16.69499969482422,16.517499923706055,16.579999923706055,11.685060501098633,1196000
2014-09-09,16.59000015258789,16.665000915527344,16.512500762939453,16.587499618530273,11.69034481048584,1760400
2014-09-10,16.610000610351562,16.625,16.497499465942383,16.604999542236328,11.702676773071289,829200
2014-09-11,16.510000228881836,16.63249969482422,16.457500457763672,16.612499237060547,11.707961082458496,970400
2014-09-12,16.587499618530273,16.6200008392334,16.512500762939453,16.584999084472656,11.688581466674805,1192400
2014-09-15,16.647499084472656,16.797500610351562,16.582500457763672,16.717500686645508,11.781966209411621,2257600
2014-09-16,16.677499771118164,16.774999618530273,16.549999237060547,16.71500015258789,11.780200958251953,1871600
2014-09-17,16.782499313354492,16.809999465942383,16.612499237060547,16.729999542236328,11.79077434539795,1737200
2014-09-18,16.747499465942383,16.829999923706055,16.707500457763672,16.80500030517578,11.843634605407715,1234400
2014-09-19,16.895000457763672,16.897499084472656,16.7549991607666,16.790000915527344,11.833062171936035,5711200
2014-09-22,16.780000686645508,16.822500228881836,16.68000030517578,16.772499084472656,11.820728302001953,1546800
2014-09-23,16.74250030517578,16.80500030517578,16.602500915527344,16.607500076293945,11.704442024230957,1300000
2014-09-24,16.610000610351562,16.764999389648438,16.587499618530273,16.725000381469727,11.787248611450195,1190000
2014-09-25,16.672500610351562,16.712499618530273,16.452499389648438,16.497499465942383,11.626914978027344,1329200
2014-09-26,16.50749969482422,16.645000457763672,16.469999313354492,16.5674991607666,11.676247596740723,1122800
2014-09-29,16.459999084472656,16.610000610351562,16.447500228881836,16.487499237060547,11.619867324829102,2749600
2014-09-30,16.897499084472656,17.90250015258789,16.815000534057617,17.647499084472656,12.437397956848145,9402400
2014-10-01,17.55500030517578,17.625,17.09749984741211,17.162500381469727,12.095589637756348,4156400
2014-10-02,17.13249969482422,17.157499313354492,16.857500076293945,17.072500228881836,12.032158851623535,2707200
2014-10-03,17.135000228881836,17.6200008392334,17.100000381469727,17.584999084472656,12.393353462219238,4963200
2014-10-06,17.672500610351562,17.770000457763672,17.4325008392334,17.475000381469727,12.315826416015625,2453200
2014-10-07,17.362499237060547,17.4375,17.157499313354492,17.18000030517578,12.107919692993164,2377600
2014-10-08,17.225000381469727,17.75,17.225000381469727,17.7450008392334,12.506114959716797,3080000
2014-10-09,17.752500534057617,17.81999969482422,17.31999969482422,17.364999771118164,12.238301277160645,2505600
2014-10-10,17.350000381469727,17.434999465942383,17.13249969482422,17.139999389648438,12.079730987548828,2577200
2014-10-13,17.1924991607666,17.227500915527344,16.827499389648438,16.860000610351562,11.882394790649414,2134000
2014-10-14,16.997499465942383,17.104999542236328,16.895000457763672,16.934999465942383,11.935250282287598,3008000
2014-10-15,16.77750015258789,17.092500686645508,16.690000534057617,17.014999389648438,11.991632461547852,4399200
2014-10-16,16.86750030517578,17.167499542236328,16.6875,17.107500076293945,12.05682373046875,3152800
2014-10-17,17.1924991607666,17.424999237060547,17.1924991607666,17.322500228881836,12.20835018157959,5368800
2014-10-20,17.322500228881836,17.337499618530273,17.174999237060547,17.262500762939453,12.166065216064453,3247200
2014-10-21,17.405000686645508,17.792499542236328,17.342500686645508,17.792499542236328,12.539588928222656,3267200
2014-10-22,17.854999542236328,17.93000030517578,17.582500457763672,17.587499618530273,12.39511489868164,2755600
2014-10-23,17.752500534057617,17.842500686645508,17.684999465942383,17.760000228881836,12.516685485839844,6038800
2014-10-24,17.764999389648438,17.84000015258789,17.700000762939453,17.80500030517578,12.5483980178833,2809200
2014-10-27,17.77750015258789,17.837499618530273,17.655000686645508,17.8174991607666,12.557208061218262,2538400
2014-10-28,17.915000915527344,17.957500457763672,17.822500228881836,17.952499389648438,12.65235424041748,2980000
2014-10-29,18.0,18.042499542236328,17.799999237060547,17.952499389648438,12.65235424041748,1813600
2014-10-30,17.86750030517578,18.21500015258789,17.792499542236328,18.172500610351562,12.807400703430176,2008400
2014-10-31,18.424999237060547,18.487499237060547,18.18000030517578,18.309999465942383,12.904308319091797,2703600
2014-11-03,18.309999465942383,18.46500015258789,18.112499237060547,18.135000228881836,12.780974388122559,2522400
2014-11-04,17.985000610351562,18.075000762939453,17.77750015258789,17.854999542236328,12.583639144897461,5430000
2014-11-05,17.540000915527344,17.772499084472656,17.5,17.602500915527344,12.708176612854004,3171600
2014-11-06,17.639999389648438,17.78499984741211,17.577499389648438,17.772499084472656,12.830907821655273,2463200
2014-11-07,17.875,17.875,17.735000610351562,17.75,12.814665794372559,2936000
2014-11-10,17.782499313354492,17.8799991607666,17.719999313354492,17.77750015258789,12.834519386291504,2730800
2014-11-11,17.767499923706055,17.86750030517578,17.712499618530273,17.774999618530273,12.832712173461914,1625600
2014-11-12,17.704999923706055,17.872499465942383,17.6875,17.827499389648438,12.870612144470215,2046400
2014-11-13,17.854999542236328,18.014999389648438,17.704999923706055,17.790000915527344,12.84354305267334,1924000
2014-11-14,17.8174991607666,18.037500381469727,17.732500076293945,17.940000534057617,12.95183277130127,3406400
2014-11-17,17.899999618530273,17.962499618530273,17.799999237060547,17.952499389648438,12.960861206054688,2224800
2014-11-18,17.924999237060547,18.1299991607666,17.844999313354492,17.9950008392334,12.991541862487793,2443600
2014-11-19,17.959999084472656,18.0,17.762500762939453,17.947500228881836,12.957246780395508,2465600
2014-11-20,17.877500534057617,18.0575008392334,17.815000534057617,17.982500076293945,12.982518196105957,1692400
2014-11-21,18.172500610351562,18.25,17.934999465942383,17.979999542236328,12.980714797973633,5508800
2014-11-24,18.03499984741211,18.2450008392334,17.985000610351562,18.21500015258789,13.150374412536621,2299600
2014-11-25,18.252500534057617,18.3075008392334,18.15999984741211,18.264999389648438,13.186470985412598,2442800
2014-11-26,18.239999771118164,18.362499237060547,18.1825008392334,18.25749969482422,13.18105697631836,2287600
2014-11-28,18.31999969482422,18.397499084472656,18.25,18.287500381469727,13.202713012695312,1052800
2014-12-01,18.227500915527344,18.287500381469727,17.924999237060547,17.950000762939453,12.959054946899414,3600800
2014-12-02,17.899999618530273,18.1299991607666,17.8125,18.094999313354492,13.063736915588379,2283600
2014-12-03,18.15250015258789,18.297500610351562,18.049999237060547,18.282499313354492,13.199103355407715,1644800
2014-12-04,18.227500915527344,18.357500076293945,18.142499923706055,18.204999923706055,13.143156051635742,1656400
2014-12-05,18.200000762939453,18.290000915527344,18.127500534057617,18.262500762939453,13.184662818908691,2261600
2014-12-08,18.2450008392334,18.387500762939453,18.177499771118164,18.25,13.175641059875488,2287200
2014-12-09,18.125,18.3799991607666,18.0625,18.352500915527344,13.249642372131348,3112800
2014-12-10,18.30500030517578,18.387500762939453,17.967500686645508,17.967500686645508,12.971692085266113,2510000
2014-12-11,17.957500457763672,18.40999984741211,17.917499542236328,18.200000762939453,13.139542579650879,1952000
2014-12-12,18.09000015258789,18.19499969482422,17.7549991607666,17.75749969482422,12.820077896118164,2039600
2014-12-15,17.81999969482422,18.017499923706055,17.65250015258789,17.88249969482422,12.910323143005371,2913200
2014-12-16,17.885000228881836,18.145000457763672,17.872499465942383,17.88249969482422,12.910323143005371,2426000
2014-12-17,17.875,18.264999389648438,17.774999618530273,18.209999084472656,13.146759986877441,4436400
2014-12-18,18.457500457763672,18.665000915527344,18.274999618530273,18.622499465942383,13.444573402404785,6305200
2014-12-19,19.22249984741211,19.837499618530273,19.207500457763672,19.8075008392334,14.300081253051758,12832400
2014-12-22,19.924999237060547,20.045000076293945,19.850000381469727,19.90999984741211,14.3740816116333,4691600
2014-12-23,19.977500915527344,20.087499618530273,19.897499084472656,19.90999984741211,14.3740816116333,3965200
2014-12-24,19.969999313354492,20.05500030517578,19.86750030517578,19.96500015258789,14.41379165649414,2084800
2014-12-26,20.06999969482422,20.084999084472656,19.912500381469727,19.954999923706055,14.406570434570312,1226400
2014-12-29,19.954999923706055,20.037500381469727,19.875,19.892499923706055,14.361449241638184,1770400
2014-12-30,19.917499542236328,19.952499389648438,19.739999771118164,19.7549991607666,14.262179374694824,2020000
2014-12-31,19.802499771118164,19.954999923706055,19.59749984741211,19.610000610351562,14.157499313354492,1227600
2015-01-02,19.727500915527344,19.774999618530273,19.392499923706055,19.612499237060547,14.159305572509766,1822000
2015-01-05,19.537500381469727,19.612499237060547,19.212499618530273,19.2549991607666,13.901202201843262,3243200
2015-01-06,19.372499465942383,19.424999237060547,18.975000381469727,19.217500686645508,13.874131202697754,4724000
2015-01-07,19.40999984741211,19.412500381469727,19.077499389648438,19.11750030517578,13.801936149597168,3350000
2015-01-08,19.364999771118164,19.50749969482422,19.25,19.4325008392334,14.02934741973877,3518800
2015-01-09,19.487499237060547,19.49250030517578,19.190000534057617,19.280000686645508,13.919251441955566,3018000
2015-01-12,19.262500762939453,19.377500534057617,18.975000381469727,19.157499313354492,13.83081340789795,2419600
2015-01-13,19.327499389648438,19.510000228881836,19.19499969482422,19.377500534057617,13.989640235900879,5664000
2015-01-14,19.329999923706055,19.4325008392334,19.270000457763672,19.392499923706055,14.000473022460938,6072800
2015-01-15,19.452499389648438,19.565000534057617,19.327499389648438,19.415000915527344,14.016718864440918,5084000
2015-01-16,19.440000534057617,19.737499237060547,19.422500610351562,19.732500076293945,14.24593734741211,4970400
2015-01-20,19.737499237060547,19.809999465942383,19.565000534057617,19.697500228881836,14.220671653747559,3750400
2015-01-21,19.6299991607666,19.88249969482422,19.592500686645508,19.862499237060547,14.339787483215332,3124800
2015-01-22,19.920000076293945,19.985000610351562,19.719999313354492,19.957500457763672,14.408373832702637,7003600
2015-01-23,19.907499313354492,20.020000457763672,19.825000762939453,19.94499969482422,14.3993501663208,3444000
2015-01-26,20.104999542236328,20.232500076293945,19.872499465942383,19.99250030517578,14.43364143371582,3648000
2015-01-27,19.889999389648438,20.114999771118164,19.8700008392334,19.969999313354492,14.417400360107422,3418000
2015-01-28,20.010000228881836,20.084999084472656,19.56999969482422,19.587499618530273,14.141254425048828,3524400
2015-01-29,19.545000076293945,20.010000228881836,19.502500534057617,19.969999313354492,14.417400360107422,3100000
2015-01-30,19.797500610351562,19.954999923706055,19.672500610351562,19.674999237060547,14.204421043395996,3734000
2015-02-02,19.69499969482422,20.014999389648438,19.489999771118164,20.00749969482422,14.444472312927246,2193200
2015-02-03,20.167499542236328,20.247499465942383,19.94499969482422,20.172500610351562,14.563591957092285,3715600
2015-02-04,20.190000534057617,20.350000381469727,19.934999465942383,20.002500534057617,14.440864562988281,3040400
2015-02-05,20.102500915527344,20.202499389648438,20.06999969482422,20.125,14.529302597045898,1668000
2015-02-06,20.122499465942383,20.207500457763672,19.947500228881836,20.010000228881836,14.446276664733887,1790000
2015-02-09,20.0,20.077499389648438,19.864999771118164,19.917499542236328,14.379496574401855,1108000
2015-02-10,20.100000381469727,20.157499313354492,19.862499237060547,20.145000457763672,14.543743133544922,1683600
2015-02-11,20.084999084472656,20.28499984741211,20.012500762939453,20.235000610351562,14.608716011047363,2062400
2015-02-12,20.292499542236328,20.55500030517578,20.200000762939453,20.552499771118164,14.83794116973877,2111600
2015-02-13,20.5575008392334,20.627500534057617,20.332500457763672,20.40999984741211,14.735060691833496,1742800
2015-02-17,20.59000015258789,20.607500076293945,20.38249969482422,20.46500015258789,14.77476692199707,1380400
2015-02-18,20.4325008392334,20.50749969482422,20.329999923706055,20.475000381469727,14.781984329223633,1274000
2015-02-19,20.469999313354492,20.549999237060547,20.422500610351562,20.497499465942383,14.798225402832031,1452800
2015-02-20,20.434999465942383,20.657499313354492,20.197500228881836,20.61750030517578,14.884862899780273,1897200
2015-02-23,20.625,20.6825008392334,20.46500015258789,20.672500610351562,14.924577713012695,1870000
2015-02-24,20.625,20.834999084472656,20.59000015258789,20.792499542236328,15.011205673217773,2238400
2015-02-25,20.844999313354492,21.020000457763672,20.752500534057617,20.924999237060547,15.106866836547852,2073600
2015-02-26,20.872499465942383,21.045000076293945,20.872499465942383,21.002500534057617,15.162816047668457,1934400
2015-02-27,20.94499969482422,20.9950008392334,20.815000534057617,20.8700008392334,15.067153930664062,1627200
2015-03-02,20.8799991607666,21.147499084472656,20.8125,21.127500534057617,15.253060340881348,1486800
2015-03-03,21.037500381469727,21.065000534057617,20.8799991607666,21.052499771118164,15.198911666870117,1774800
2015-03-04,20.959999084472656,20.967500686645508,20.797500610351562,20.9424991607666,15.119498252868652,2077600
2015-03-05,20.9375,20.9375,20.6924991607666,20.735000610351562,14.96969223022461,1514400
2015-03-06,20.579999923706055,20.752500534057617,20.452499389648438,20.56999969482422,14.850571632385254,1652400
2015-03-09,20.65250015258789,21.024999618530273,20.587499618530273,20.959999084472656,15.132132530212402,2074400
2015-03-10,20.737499237060547,20.782499313354492,20.44499969482422,20.44499969482422,14.760326385498047,1891600
2015-03-11,20.545000076293945,20.594999313354492,20.354999542236328,20.417499542236328,14.740469932556152,1448800
2015-03-12,20.520000457763672,20.727500915527344,20.447500228881836,20.71500015258789,14.955255508422852,2632000
2015-03-13,20.732500076293945,20.795000076293945,20.342500686645508,20.639999389648438,14.901107788085938,2080800
2015-03-16,20.8174991607666,21.362499237060547,20.8174991607666,21.342500686645508,15.408278465270996,3581200
2015-03-17,21.332500457763672,21.38249969482422,21.0049991607666,21.315000534057617,15.388425827026367,2317600
2015-03-18,21.309999465942383,21.584999084472656,21.0625,21.540000915527344,15.550870895385742,3026800
2015-03-19,21.987499237060547,22.0575008392334,20.639999389648438,20.989999771118164,15.153790473937988,6255600
2015-03-20,21.075000762939453,21.084999084472656,20.637500762939453,20.637500762939453,14.89930534362793,6161200
2015-03-23,20.637500762939453,21.024999618530273,20.549999237060547,20.957500457763672,15.130325317382812,3344800
2015-03-24,20.985000610351562,21.017499923706055,20.852500915527344,20.9325008392334,15.112281799316406,2152000
2015-03-25,21.002500534057617,21.002500534057617,20.3700008392334,20.424999237060547,14.74588680267334,5444400
2015-03-26,20.332500457763672,20.447500228881836,20.190000534057617,20.282499313354492,14.6430082321167,2793600
2015-03-27,20.237499237060547,20.61750030517578,20.227500915527344,20.594999313354492,14.868619918823242,3061600
2015-03-30,20.707500457763672,20.809999465942383,20.63249969482422,20.684999465942383,14.933598518371582,1798000
2015-03-31,20.6825008392334,20.69499969482422,20.360000610351562,20.407499313354492,14.733254432678223,3650800
2015-04-01,20.447500228881836,20.5049991607666,20.165000915527344,20.427499771118164,14.747696876525879,2781600
2015-04-02,20.44499969482422,20.704999923706055,20.44499969482422,20.672500610351562,14.924577713012695,2116400
2015-04-06,20.524999618530273,20.645000457763672,20.422500610351562,20.454999923706055,14.767547607421875,2938800
2015-04-07,20.427499771118164,20.510000228881836,20.274999618530273,20.497499465942383,14.798225402832031,3863200
2015-04-08,20.52750015258789,20.665000915527344,20.329999923706055,20.532499313354492,14.82349681854248,3046400
2015-04-09,20.53499984741211,20.6299991607666,20.309999465942383,20.40999984741211,14.735060691833496,1906800
2015-04-10,20.462499618530273,20.622499465942383,20.399999618530273,20.582500457763672,14.85959529876709,1881600
2015-04-13,20.3125,20.4375,20.290000915527344,20.329999923706055,14.677302360534668,2234800
2015-04-14,20.260000228881836,20.450000762939453,20.100000381469727,20.420000076293945,14.742277145385742,2569200
2015-04-15,20.487499237060547,20.657499313354492,20.487499237060547,20.5575008392334,14.84154987335205,2724000
2015-04-16,20.522499084472656,20.575000762939453,20.387500762939453,20.532499313354492,14.82349681854248,2100400
2015-04-17,20.372499465942383,20.475000381469727,20.24250030517578,20.344999313354492,14.68813419342041,2292800
2015-04-20,20.427499771118164,20.502500534057617,20.3799991607666,20.434999465942383,14.753108024597168,2416000
2015-04-21,20.520000457763672,20.5625,20.475000381469727,20.510000228881836,14.807255744934082,2119200
2015-04-22,20.520000457763672,20.565000534057617,20.385000228881836,20.512500762939453,14.809060096740723,2346800
2015-04-23,20.427499771118164,20.627500534057617,20.427499771118164,20.577499389648438,14.855985641479492,2095200
2015-04-24,20.592500686645508,20.639999389648438,20.512500762939453,20.532499313354492,14.82349681854248,2596000
2015-04-27,20.530000686645508,20.600000381469727,20.389999389648438,20.405000686645508,14.731449127197266,1664800
2015-04-28,20.407499313354492,20.469999313354492,20.292499542236328,20.372499465942383,14.707987785339355,2339200
2015-04-29,20.299999237060547,20.332500457763672,20.15999984741211,20.172500610351562,14.563591957092285,2048800
2015-04-30,20.079999923706055,20.19499969482422,19.877500534057617,19.987499237060547,14.430031776428223,3814400
2015-05-01,20.0575008392334,20.31999969482422,20.0575008392334,20.3174991607666,14.668277740478516,1965200
2015-05-04,20.360000610351562,20.485000610351562,20.315000534057617,20.3799991607666,14.713396072387695,1895600
2015-05-05,20.497499465942383,20.552499771118164,20.239999771118164,20.25,14.619544982910156,2150400
2015-05-06,20.24250030517578,20.282499313354492,20.047500610351562,20.1825008392334,14.570816993713379,2137200
2015-05-07,20.18000030517578,20.337499618530273,20.104999542236328,20.280000686645508,14.641206741333008,1706400
2015-05-08,20.477500915527344,20.65250015258789,20.28499984741211,20.602500915527344,14.874034881591797,1753200
2015-05-11,20.540000915527344,20.99250030517578,20.5,20.854999542236328,15.056329727172852,4971200
2015-05-12,20.774999618530273,20.862499237060547,20.537500381469727,20.61750030517578,14.884862899780273,3338800
2015-05-13,20.712499618530273,21.110000610351562,20.65250015258789,21.037500381469727,15.188087463378906,3829200
2015-05-14,21.15250015258789,21.295000076293945,21.049999237060547,21.280000686645508,15.363160133361816,2176800
2015-05-15,21.272499084472656,21.420000076293945,21.229999542236328,21.362499237060547,15.422718048095703,1676800
2015-05-18,21.309999465942383,21.6299991607666,21.297500610351562,21.579999923706055,15.57974624633789,2114400
2015-05-19,21.647499084472656,21.684999465942383,21.542499542236328,21.55500030517578,15.561694145202637,2232400
2015-05-20,21.540000915527344,21.667499542236328,21.50749969482422,21.577499389648438,15.577934265136719,2194000
2015-05-21,21.559999465942383,21.639999389648438,21.517499923706055,21.559999465942383,15.56530475616455,1768400
2015-05-22,21.389999389648438,21.610000610351562,21.145000457763672,21.502500534057617,15.523792266845703,1558800
2015-05-26,21.477500915527344,21.56999969482422,21.322500228881836,21.452499389648438,15.487695693969727,1916000
2015-05-27,21.450000762939453,21.572500228881836,21.392499923706055,21.540000915527344,15.550870895385742,1820800
2015-05-28,21.559999465942383,21.594999313354492,21.50749969482422,21.56999969482422,15.572524070739746,1573600
2015-05-29,21.594999313354492,21.707500457763672,21.520000457763672,21.522499084472656,15.538229942321777,2725200
2015-06-01,21.59749984741211,21.670000076293945,21.454999923706055,21.587499618530273,15.585161209106445,1980000
2015-06-02,21.452499389648438,21.575000762939453,21.4424991607666,21.487499237060547,15.512962341308594,2729600
2015-06-03,21.56999969482422,21.610000610351562,21.524999618530273,21.552499771118164,15.559894561767578,2924800
2015-06-04,21.537500381469727,21.610000610351562,21.3075008392334,21.332500457763672,15.401062965393066,2266800
2015-06-05,21.292499542236328,21.375,21.177499771118164,21.364999771118164,15.424524307250977,1448400
2015-06-08,21.34749984741211,21.440000534057617,21.274999618530273,21.297500610351562,15.375792503356934,1900400
2015-06-09,21.322500228881836,21.415000915527344,21.2450008392334,21.377500534057617,15.433549880981445,1075600
2015-06-10,21.49250030517578,21.667499542236328,21.344999313354492,21.594999313354492,15.590575218200684,1180000
2015-06-11,21.677499771118164,21.6924991607666,21.587499618530273,21.610000610351562,15.601401329040527,1716000
2015-06-12,21.47249984741211,21.55500030517578,21.264999389648438,21.512500762939453,15.531009674072266,1105600
2015-06-15,21.3125,21.38249969482422,20.967500686645508,21.09000015258789,15.22598648071289,3655200
2015-06-16,21.112499237060547,21.387500762939453,21.112499237060547,21.325000762939453,15.395647048950195,1441600
2015-06-17,21.375,21.44499969482422,21.25749969482422,21.392499923706055,15.444375038146973,1189600
2015-06-18,21.487499237060547,21.6825008392334,21.487499237060547,21.61750030517578,15.606816291809082,1638000
2015-06-19,21.600000381469727,21.764999389648438,21.524999618530273,21.700000762939453,15.666379928588867,4388400
2015-06-22,21.75,21.920000076293945,21.71500015258789,21.885000228881836,15.799939155578613,1480000
2015-06-23,21.97249984741211,21.997499465942383,21.837499618530273,21.860000610351562,15.781888008117676,2906800
2015-06-24,21.46500015258789,21.877500534057617,21.46500015258789,21.639999389648438,15.623058319091797,2495200
2015-06-25,21.7450008392334,21.7450008392334,21.4375,21.459999084472656,15.493107795715332,2341200
2015-06-26,21.502500534057617,21.545000076293945,21.2549991607666,21.352500915527344,15.415504455566406,5514400
2015-06-29,21.252500534057617,21.36750030517578,21.045000076293945,21.0625,15.206131935119629,1787600
2015-06-30,21.204999923706055,21.309999465942383,21.135000228881836,21.147499084472656,15.267498970031738,1836000
2015-07-01,21.315000534057617,21.354999542236328,21.239999771118164,21.332500457763672,15.401062965393066,2002000
2015-07-02,21.417499542236328,21.440000534057617,21.172500610351562,21.302499771118164,15.379405975341797,1533200
2015-07-06,21.149999618530273,21.344999313354492,21.149999618530273,21.274999618530273,15.359550476074219,1334400
2015-07-07,21.322500228881836,21.3700008392334,20.977500915527344,21.184999465942383,15.294570922851562,3020800
2015-07-08,21.065000534057617,21.172500610351562,20.895000457763672,20.934999465942383,15.11408805847168,2532400
2015-07-09,21.177499771118164,21.232500076293945,21.0,21.040000915527344,15.189889907836914,1644400
2015-07-10,21.299999237060547,21.350000381469727,21.1299991607666,21.262500762939453,15.35052490234375,1815600
2015-07-13,21.462499618530273,21.522499084472656,21.297500610351562,21.5049991607666,15.52559757232666,1382000
2015-07-14,21.52750015258789,21.6200008392334,21.417499542236328,21.56999969482422,15.572524070739746,902000
2015-07-15,21.559999465942383,21.600000381469727,21.46500015258789,21.520000457763672,15.536425590515137,1988800
2015-07-16,21.667499542236328,21.822500228881836,21.592500686645508,21.69499969482422,15.662766456604004,3652400
2015-07-17,21.625,21.627500534057617,21.157499313354492,21.387500762939453,15.440767288208008,4298800
2015-07-20,21.5,21.75,21.415000915527344,21.524999618530273,15.540033340454102,2796800
2015-07-21,21.545000076293945,21.690000534057617,21.295000076293945,21.297500610351562,15.375792503356934,2335600
2015-07-22,21.440000534057617,21.767499923706055,21.299999237060547,21.735000610351562,15.691641807556152,3426800
2015-07-23,21.71500015258789,21.747499465942383,21.392499923706055,21.434999465942383,15.47506046295166,1934400
2015-07-24,21.3075008392334,21.389999389648438,21.030000686645508,21.0625,15.206131935119629,1856000
2015-07-27,21.049999237060547,21.102500915527344,20.915000915527344,20.9424991607666,15.119498252868652,1726400
2015-07-28,21.022499084472656,21.207500457763672,20.857500076293945,21.204999923706055,15.30901050567627,1709600
2015-07-29,21.21500015258789,21.332500457763672,21.079999923706055,21.3174991607666,15.390231132507324,2033600
2015-07-30,21.18000030517578,21.372499465942383,21.0674991607666,21.315000534057617,15.388425827026367,1050000
2015-07-31,21.43000030517578,21.5,21.352500915527344,21.375,15.431747436523438,2292000
2015-08-03,21.452499389648438,21.549999237060547,21.260000228881836,21.532499313354492,15.545453071594238,1386800
2015-08-04,21.575000762939453,21.762500762939453,21.46500015258789,21.737499237060547,15.693450927734375,2378800
2015-08-05,21.979999542236328,21.987499237060547,21.792499542236328,21.90250015258789,15.812576293945312,3433600
2015-08-06,21.927499771118164,21.927499771118164,21.72249984741211,21.80500030517578,15.742185592651367,1886000
2015-08-07,21.6875,21.90250015258789,21.582500457763672,21.857500076293945,15.7800874710083,2142000
2015-08-10,22.049999237060547,22.18000030517578,22.040000915527344,22.084999084472656,15.944329261779785,1869600
2015-08-11,21.889999389648438,22.0,21.822500228881836,21.979999542236328,15.868526458740234,1508400
2015-08-12,21.75,22.002500534057617,21.6875,21.962499618530273,15.855888366699219,2029600
2015-08-13,21.987499237060547,22.157499313354492,21.8700008392334,22.022499084472656,15.89920711517334,1989600
2015-08-14,22.014999389648438,22.174999237060547,21.96500015258789,22.122499465942383,15.971402168273926,1662400
2015-08-17,22.075000762939453,22.299999237060547,21.934999465942383,22.28499984741211,16.08871841430664,1506000
2015-08-18,22.337499618530273,22.434999465942383,22.202499389648438,22.21500015258789,16.038183212280273,1959600
2015-08-19,22.075000762939453,22.087499618530273,21.787500381469727,21.90999984741211,15.81799030303955,2089200
2015-08-20,21.760000228881836,21.927499771118164,21.649999618530273,21.649999618530273,15.630281448364258,2254800
2015-08-21,21.584999084472656,21.74250030517578,21.217500686645508,21.217500686645508,15.318036079406738,2848000
2015-08-24,20.247499465942383,20.895000457763672,19.5,20.38249969482422,14.715204238891602,4696000
2015-08-25,20.829999923706055,20.88249969482422,20.280000686645508,20.3075008392334,14.661060333251953,4067600
2015-08-26,20.802499771118164,21.059999465942383,20.43000030517578,21.002500534057617,15.162816047668457,3966000
2015-08-27,21.13249969482422,21.44499969482422,21.077499389648438,21.375,15.431747436523438,2790000
2015-08-28,21.235000610351562,21.4375,21.172500610351562,21.342500686645508,15.408278465270996,2074800
2015-08-31,21.21500015258789,21.405000686645508,21.1299991607666,21.247499465942383,15.33969497680664,2561600
2015-09-01,20.899999618530273,21.09000015258789,20.677499771118164,20.764999389648438,14.991353988647461,3044400
2015-09-02,20.982500076293945,21.170000076293945,20.887500762939453,21.155000686645508,15.27291488647461,2271200
2015-09-03,21.267499923706055,21.407499313354492,21.200000762939453,21.272499084472656,15.35774040222168,2039600
2015-09-04,21.0049991607666,21.165000915527344,20.8700008392334,20.9375,15.115887641906738,1835600
2015-09-08,21.287500381469727,21.594999313354492,21.21500015258789,21.592500686645508,15.588768005371094,2546000
2015-09-09,21.75749969482422,21.8125,21.232500076293945,21.260000228881836,15.348719596862793,2792800
2015-09-10,21.229999542236328,21.420000076293945,21.229999542236328,21.302499771118164,15.379405975341797,2488800
2015-09-11,21.217500686645508,21.462499618530273,21.21500015258789,21.440000534057617,15.478666305541992,1219200
2015-09-14,21.469999313354492,21.469999313354492,21.309999465942383,21.329999923706055,15.39925479888916,1724000
2015-09-15,21.392499923706055,21.68000030517578,21.225000381469727,21.63249969482422,15.617644309997559,1958000
2015-09-16,21.604999542236328,21.665000915527344,21.49250030517578,21.582500457763672,15.581551551818848,2874800
2015-09-17,21.622499465942383,21.90999984741211,21.547500610351562,21.65999984741211,15.637499809265137,2980800
2015-09-18,21.354999542236328,21.670000076293945,21.315000534057617,21.604999542236328,15.597792625427246,9696800
2015-09-21,21.7450008392334,21.899999618530273,21.612499237060547,21.829999923706055,15.760232925415039,2863200
2015-09-22,21.559999465942383,21.649999618530273,21.36750030517578,21.502500534057617,15.523792266845703,3161200
2015-09-23,21.575000762939453,21.702499389648438,21.415000915527344,21.645000457763672,15.626669883728027,2072400
2015-09-24,21.469999313354492,21.729999542236328,21.25749969482422,21.537500381469727,15.549060821533203,3006800
2015-09-25,21.732500076293945,22.4325008392334,21.594999313354492,22.100000381469727,15.955158233642578,4353600
2015-09-28,22.010000228881836,22.087499618530273,21.4325008392334,21.4375,15.476863861083984,2504800
2015-09-29,21.497499465942383,21.497499465942383,21.045000076293945,21.200000762939453,15.305398941040039,3740800
2015-09-30,21.362499237060547,21.584999084472656,21.190000534057617,21.4375,15.476863861083984,3396000
2015-10-01,21.540000915527344,21.56999969482422,21.1924991607666,21.372499465942383,15.429937362670898,2878000
2015-10-02,21.065000534057617,21.594999313354492,20.8700008392334,21.577499389648438,15.577934265136719,4347200
2015-10-05,21.8174991607666,22.03499984741211,21.670000076293945,21.899999618530273,15.810769081115723,2771200
2015-10-06,21.797500610351562,22.0,21.364999771118164,21.434999465942383,15.47506046295166,3188800
2015-10-07,21.59749984741211,21.86750030517578,21.489999771118164,21.834999084472656,15.763840675354004,2498400
2015-10-08,21.837499618530273,22.3700008392334,21.665000915527344,22.3174991607666,16.112180709838867,3129600
2015-10-09,22.40250015258789,22.602500915527344,22.247499465942383,22.454999923706055,16.21145248413086,2241200
2015-10-12,22.514999389648438,22.842500686645508,22.4325008392334,22.760000228881836,16.43164825439453,2597200
2015-10-13,22.227500915527344,23.092500686645508,22.227500915527344,22.864999771118164,16.507457733154297,3806400
2015-10-14,23.02750015258789,23.139999389648438,22.63249969482422,22.670000076293945,16.366670608520508,2724800
2015-10-15,22.857500076293945,23.280000686645508,22.857500076293945,23.272499084472656,16.80164909362793,3270400
2015-10-16,23.322500228881836,23.375,23.02750015258789,23.137500762939453,16.70418357849121,1828400
2015-10-19,23.1200008392334,23.24250030517578,23.037500381469727,23.167499542236328,16.725845336914062,1448000
2015-10-20,23.100000381469727,23.3125,23.100000381469727,23.1924991607666,16.7438907623291,1769600
2015-10-21,23.350000381469727,23.372499465942383,22.799999237060547,22.834999084472656,16.48579216003418,1970800
2015-10-22,22.997499465942383,23.1825008392334,22.885000228881836,23.092500686645508,16.67169952392578,2024000
2015-10-23,23.27750015258789,23.417499542236328,22.96500015258789,23.375,16.875646591186523,1526000
2015-10-26,23.392499923706055,23.510000228881836,23.3125,23.38249969482422,16.881065368652344,1773600
2015-10-27,23.3125,23.397499084472656,23.032499313354492,23.165000915527344,16.724040985107422,2060400
2015-10-28,23.309999465942383,23.587499618530273,23.030000686645508,23.2450008392334,16.781797409057617,2182800
2015-10-29,23.2450008392334,23.385000228881836,23.017499923706055,23.084999084472656,16.666278839111328,2325200
2015-10-30,23.125,23.350000381469727,23.079999923706055,23.272499084472656,16.80164909362793,3852400
2015-11-02,23.397499084472656,23.510000228881836,23.27750015258789,23.350000381469727,16.857601165771484,2336800
2015-11-03,23.412500381469727,23.43000030517578,23.065000534057617,23.11750030517578,16.689746856689453,2846000
2015-11-04,23.18000030517578,23.237499237060547,22.752500534057617,22.872499465942383,17.29857063293457,2925200
2015-11-05,22.8700008392334,23.087499618530273,22.647499084472656,22.702499389648438,17.170000076293945,2686800
2015-11-06,22.712499618530273,22.860000610351562,22.6299991607666,22.719999313354492,17.1832332611084,2337200
2015-11-09,22.684999465942383,22.752500534057617,22.489999771118164,22.6875,17.158655166625977,1982400
2015-11-10,22.63249969482422,22.895000457763672,22.392499923706055,22.827499389648438,17.26453971862793,2154400
2015-11-11,22.96500015258789,23.0,22.795000076293945,22.892499923706055,17.313697814941406,2451600
2015-11-12,22.827499389648438,22.905000686645508,22.53499984741211,22.545000076293945,17.05088233947754,1645200
2015-11-13,22.5625,22.684999465942383,22.337499618530273,22.377500534057617,16.9242000579834,1823200
2015-11-16,22.217500686645508,22.375,22.075000762939453,22.362499237060547,16.912853240966797,3223600
2015-11-17,22.34749984741211,22.530000686645508,22.25749969482422,22.392499923706055,16.935546875,3454800
2015-11-18,22.477500915527344,22.887500762939453,22.454999923706055,22.842500686645508,17.2758846282959,2855200
2015-11-19,22.86750030517578,23.110000610351562,22.6875,22.690000534057617,17.160547256469727,3782800
2015-11-20,22.802499771118164,22.90999984741211,22.74250030517578,22.827499389648438,17.26453971862793,7562400
2015-11-23,22.7549991607666,23.049999237060547,22.7549991607666,23.042499542236328,17.42714500427246,1879600
2015-11-24,22.962499618530273,23.0,22.697500228881836,22.917499542236328,17.332603454589844,1600800
2015-11-25,22.957500457763672,23.012500762939453,22.84749984741211,22.9950008392334,17.391218185424805,1062800
2015-11-27,22.950000762939453,23.037500381469727,22.842500686645508,23.002500534057617,17.396892547607422,867200
2015-11-30,22.985000610351562,23.155000686645508,22.88249969482422,22.897499084472656,17.317474365234375,2638400
2015-12-01,22.997499465942383,23.287500381469727,22.88249969482422,23.28499984741211,17.610546112060547,1981200
2015-12-02,23.232500076293945,23.2450008392334,22.989999771118164,23.010000228881836,17.402563095092773,1394400
2015-12-03,23.012500762939453,23.0625,22.440000534057617,22.540000915527344,17.047100067138672,2306800
2015-12-04,22.587499618530273,23.202499389648438,22.579999923706055,23.167499542236328,17.521682739257812,1965200
2015-12-07,23.094999313354492,23.172500610351562,22.514999389648438,23.002500534057617,17.396892547607422,1668800
2015-12-08,22.889999389648438,23.200000762939453,22.8075008392334,23.127500534057617,17.49142837524414,2392800
2015-12-09,23.1299991607666,23.1299991607666,22.697500228881836,22.8075008392334,17.249414443969727,2855200
2015-12-10,22.837499618530273,22.985000610351562,22.719999313354492,22.885000228881836,17.308025360107422,1358000
2015-12-11,22.6924991607666,22.90250015258789,22.44499969482422,22.475000381469727,16.997940063476562,1858400
2015-12-14,22.5674991607666,22.727500915527344,22.362499237060547,22.477500915527344,16.99983024597168,2663600
2015-12-15,22.702499389648438,22.94499969482422,22.475000381469727,22.584999084472656,17.081132888793945,2254000
2015-12-16,22.747499465942383,22.899999618530273,22.552499771118164,22.809999465942383,17.251298904418945,2956400
2015-12-17,22.86750030517578,23.0,22.512500762939453,22.6299991607666,17.115163803100586,2044000
2015-12-18,22.602500915527344,22.857500076293945,22.114999771118164,22.125,16.733232498168945,4489200
2015-12-21,22.36750030517578,22.5575008392334,22.145000457763672,22.302499771118164,16.867477416992188,2831600
2015-12-22,22.872499465942383,23.084999084472656,22.362499237060547,22.782499313354492,17.23050308227539,3973200
2015-12-23,22.917499542236328,22.979999542236328,22.787500381469727,22.8799991607666,17.304241180419922,2133200
2015-12-24,22.799999237060547,22.977500915527344,22.739999771118164,22.885000228881836,17.308025360107422,845200
2015-12-28,22.80500030517578,23.014999389648438,22.639999389648438,23.0049991607666,17.398778915405273,1441200
2015-12-29,23.155000686645508,23.40999984741211,23.014999389648438,23.204999923706055,17.55004119873047,1409200
2015-12-30,23.2549991607666,23.34749984741211,23.042499542236328,23.059999465942383,17.440378189086914,1178800
2015-12-31,23.012500762939453,23.09749984741211,22.760000228881836,22.762500762939453,17.21537971496582,1260000
2016-01-04,22.454999923706055,22.457500457763672,21.954999923706055,22.072500228881836,16.693523406982422,2866400
2016-01-05,22.145000457763672,22.309999465942383,22.022499084472656,22.107500076293945,16.719999313354492,2511600
2016-01-06,21.827499389648438,22.209999084472656,21.752500534057617,22.00749969482422,16.64436912536621,1916400
2016-01-07,21.704999923706055,21.934999465942383,21.552499771118164,21.719999313354492,16.426929473876953,3366800
2016-01-08,21.797500610351562,21.799999237060547,21.112499237060547,21.157499313354492,16.001506805419922,3231200
2016-01-11,21.229999542236328,21.389999389648438,21.094999313354492,21.327499389648438,16.13007926940918,2740000
2016-01-12,21.3125,21.780000686645508,21.290000915527344,21.712499618530273,16.421255111694336,2674400
2016-01-13,21.739999771118164,21.75749969482422,21.142499923706055,21.202499389648438,16.035541534423828,1942400
2016-01-14,21.342500686645508,21.537500381469727,21.174999237060547,21.385000228881836,16.173564910888672,2065600
2016-01-15,20.93000030517578,21.127500534057617,20.649999618530273,21.00749969482422,15.888063430786133,2817200
2016-01-19,21.170000076293945,21.297500610351562,20.735000610351562,20.875,15.787854194641113,2976000
2016-01-20,20.5674991607666,20.834999084472656,20.0674991607666,20.584999084472656,15.568526268005371,3081600
2016-01-21,20.657499313354492,20.842500686645508,20.0,20.082500457763672,15.188483238220215,5956000
2016-01-22,20.34000015258789,20.737499237060547,20.264999389648438,20.610000610351562,15.587431907653809,3242400
2016-01-25,20.5674991607666,20.667499542236328,20.422500610351562,20.462499618530273,15.475878715515137,2353600
2016-01-26,20.5049991607666,20.832500457763672,20.4950008392334,20.71500015258789,15.666845321655273,2747600
2016-01-27,20.729999542236328,20.922500610351562,20.612499237060547,20.690000534057617,15.647936820983887,2893600
2016-01-28,20.850000381469727,20.9375,20.6875,20.78499984741211,15.719785690307617,3269200
2016-01-29,20.892499923706055,21.4950008392334,20.697500228881836,21.479999542236328,16.24541473388672,4488400
2016-02-01,21.354999542236328,21.6825008392334,21.155000686645508,21.52750015258789,16.281341552734375,3081200
2016-02-02,21.397499084472656,21.59749984741211,21.219999313354492,21.309999465942383,16.116840362548828,3879200
2016-02-03,21.6299991607666,21.75,20.97249984741211,21.1875,16.024200439453125,3633600
2016-02-04,21.212499618530273,21.34749984741211,21.122499465942383,21.292499542236328,16.103612899780273,2741600
2016-02-05,21.25,21.322500228881836,20.725000381469727,20.829999923706055,15.753819465637207,3141600
2016-02-08,20.700000762939453,20.71500015258789,20.299999237060547,20.65999984741211,15.625248908996582,2598400
2016-02-09,20.497499465942383,21.059999465942383,20.469999313354492,20.872499465942383,15.785962104797363,2569200
2016-02-10,20.962499618530273,21.247499465942383,20.792499542236328,20.81999969482422,15.746255874633789,1813200
2016-02-11,20.5,20.725000381469727,20.0674991607666,20.530000686645508,15.526927947998047,1454800
2016-02-12,20.780000686645508,20.887500762939453,20.46500015258789,20.752500534057617,15.695202827453613,2402400
2016-02-16,21.03499984741211,21.052499771118164,20.75749969482422,20.9950008392334,15.878610610961914,2412800
2016-02-17,20.075000762939453,20.912500381469727,20.05500030517578,20.899999618530273,15.80675983428955,5062400
2016-02-18,20.96500015258789,21.022499084472656,20.477500915527344,20.770000457763672,15.708441734313965,2099600
2016-02-19,20.65250015258789,20.9375,20.477500915527344,20.844999313354492,15.76516342163086,2856400
2016-02-22,21.022499084472656,21.217500686645508,20.9950008392334,21.15999984741211,16.003398895263672,2482000
2016-02-23,21.139999389648438,21.15999984741211,20.907499313354492,20.989999771118164,15.874825477600098,1559600
2016-02-24,20.832500457763672,21.082500457763672,20.709999084472656,21.052499771118164,15.92209529876709,1768000
2016-02-25,21.139999389648438,21.19499969482422,20.927499771118164,21.19499969482422,16.029870986938477,1898800
2016-02-26,21.25,21.25,21.06999969482422,21.21500015258789,16.044998168945312,1536400
2016-02-29,21.209999084472656,21.287500381469727,20.997499465942383,20.997499465942383,15.880496978759766,1983600
2016-03-01,21.15999984741211,21.512500762939453,21.079999923706055,21.489999771118164,16.252979278564453,1599600
2016-03-02,21.417499542236328,21.524999618530273,21.270000457763672,21.517499923706055,16.273780822753906,1893600
2016-03-03,21.4950008392334,21.700000762939453,21.357500076293945,21.68000030517578,16.39668083190918,1502400
2016-03-04,21.6875,21.887500762939453,21.61750030517578,21.75,16.44961929321289,3316400
2016-03-07,21.68000030517578,22.102500915527344,21.625,21.982500076293945,16.62546157836914,2749600
2016-03-08,21.857500076293945,22.082500457763672,21.697500228881836,21.912500381469727,16.57252311706543,1728400
2016-03-09,21.982500076293945,22.047500610351562,21.662500381469727,21.809999465942383,16.494997024536133,2375600
2016-03-10,21.9375,22.125,21.762500762939453,21.934999465942383,16.589536666870117,1805200
2016-03-11,22.100000381469727,22.27750015258789,21.59749984741211,22.267499923706055,16.841007232666016,1866000
2016-03-14,22.22249984741211,22.4325008392334,22.09000015258789,22.375,16.922313690185547,2324400
2016-03-15,22.165000915527344,22.457500457763672,22.11750030517578,22.405000686645508,16.944995880126953,2573600
2016-03-16,22.372499465942383,22.540000915527344,22.21500015258789,22.457500457763672,16.984704971313477,1979600
2016-03-17,22.487499237060547,22.582500457763672,22.352500915527344,22.502500534057617,17.018741607666016,3108000
2016-03-18,22.540000915527344,22.68000030517578,22.399999618530273,22.622499465942383,17.109493255615234,3460400
2016-03-21,22.530000686645508,22.72249984741211,22.377500534057617,22.545000076293945,17.05088233947754,3364400
2016-03-22,22.604999542236328,22.625,22.385000228881836,22.587499618530273,17.08302879333496,2932000
2016-03-23,22.75,22.825000762939453,21.46500015258789,21.56999969482422,16.31348419189453,7923200
2016-03-24,21.5625,21.987499237060547,21.485000610351562,21.8799991607666,16.54793930053711,4618800
2016-03-28,21.940000534057617,22.282499313354492,21.729999542236328,22.162500381469727,16.761598587036133,2580000
2016-03-29,22.092500686645508,22.467500686645508,22.092500686645508,22.412500381469727,16.95067024230957,2278000
2016-03-30,22.5,22.5625,22.399999618530273,22.4325008392334,16.96579360961914,2715600
2016-03-31,22.332500457763672,22.5,22.262500762939453,22.452499389648438,16.980920791625977,2779200
2016-04-01,22.297500610351562,22.542499542236328,22.260000228881836,22.517499923706055,17.030086517333984,2199600
2016-04-04,22.579999923706055,22.7450008392334,22.200000762939453,22.227500915527344,16.810752868652344,2159200
2016-04-05,21.8174991607666,22.295000076293945,21.8174991607666,22.084999084472656,16.702980041503906,2771600
2016-04-06,22.110000610351562,22.237499237060547,22.0625,22.237499237060547,16.818317413330078,2361200
2016-04-07,22.127500534057617,22.25,22.037500381469727,22.232500076293945,16.814537048339844,3936000
2016-04-08,22.375,22.407499313354492,22.200000762939453,22.329999923706055,16.888277053833008,1902000
2016-04-11,22.420000076293945,22.514999389648438,22.264999389648438,22.27750015258789,16.84857177734375,2569600
2016-04-12,22.337499618530273,22.489999771118164,22.239999771118164,22.457500457763672,16.984704971313477,2105600
2016-04-13,22.844999313354492,22.844999313354492,22.610000610351562,22.647499084472656,17.128402709960938,3984000
2016-04-14,22.602500915527344,22.69499969482422,22.510000228881836,22.565000534057617,17.066007614135742,2452000
2016-04-15,22.600000381469727,22.625,22.4325008392334,22.502500534057617,17.018741607666016,1602400
2016-04-18,22.454999923706055,22.625,22.4375,22.577499389648438,17.075462341308594,1351600
2016-04-19,22.625,22.649999618530273,22.497499465942383,22.61750030517578,17.105712890625,2511200
2016-04-20,22.600000381469727,22.63249969482422,22.514999389648438,22.540000915527344,17.047100067138672,2031200
2016-04-21,22.5,22.5,22.270000457763672,22.290000915527344,16.85801887512207,2263600
2016-04-22,22.315000534057617,22.459999084472656,22.315000534057617,22.424999237060547,16.960126876831055,2158800
2016-04-25,22.412500381469727,22.4424991607666,22.272499084472656,22.364999771118164,16.914749145507812,2277200
2016-04-26,22.397499084472656,22.514999389648438,22.357500076293945,22.457500457763672,16.984704971313477,3123600
2016-04-27,22.487499237060547,22.625,22.325000762939453,22.49250030517578,17.01117706298828,2510800
2016-04-28,22.4325008392334,22.604999542236328,22.280000686645508,22.31999969482422,16.88071060180664,5052000
2016-04-29,22.252500534057617,22.457500457763672,22.127500534057617,22.44499969482422,16.975252151489258,2884000
2016-05-02,22.459999084472656,22.540000915527344,22.38249969482422,22.489999771118164,17.00928497314453,1885600
2016-05-03,22.395000457763672,22.4424991607666,22.327499389648438,22.40250015258789,16.94310760498047,2226400
2016-05-04,22.387500762939453,22.532499313354492,22.342500686645508,22.459999084472656,16.986595153808594,1789200
2016-05-05,22.545000076293945,22.59749984741211,22.462499618530273,22.485000610351562,17.00550651550293,1904000
2016-05-06,22.450000762939453,22.780000686645508,22.40250015258789,22.75,17.20592498779297,3155200
2016-05-09,22.822500228881836,22.9325008392334,22.772499084472656,22.864999771118164,17.29290008544922,2725600
2016-05-10,22.9375,22.9950008392334,22.877500534057617,22.975000381469727,17.3760929107666,2201200
2016-05-11,22.922500610351562,22.989999771118164,22.850000381469727,22.860000610351562,17.28911590576172,1863600
2016-05-12,22.9325008392334,22.985000610351562,22.8125,22.922500610351562,17.336381912231445,1823600
2016-05-13,22.915000915527344,23.042499542236328,22.827499389648438,22.8799991607666,17.304241180419922,2799600
2016-05-16,22.907499313354492,23.022499084472656,22.854999542236328,22.934999465942383,17.345840454101562,2588000
2016-05-17,22.93000030517578,22.977500915527344,22.797500610351562,22.8174991607666,17.256973266601562,2550800
2016-05-18,22.792499542236328,22.962499618530273,22.637500762939453,22.78499984741211,17.232391357421875,3188800
2016-05-19,22.737499237060547,22.93000030517578,22.65999984741211,22.854999542236328,17.28533935546875,2314800
2016-05-20,22.977500915527344,23.135000228881836,22.915000915527344,23.012500762939453,17.404457092285156,4133600
2016-05-23,23.0,23.125,22.997499465942383,23.079999923706055,17.455501556396484,2064800
2016-05-24,23.135000228881836,23.540000915527344,23.114999771118164,23.522499084472656,17.790164947509766,4123600
2016-05-25,23.592500686645508,23.592500686645508,23.360000610351562,23.454999923706055,17.73911476135254,3258800
2016-05-26,23.467500686645508,23.63249969482422,23.450000762939453,23.487499237060547,17.763700485229492,2289600
2016-05-27,23.489999771118164,23.774999618530273,23.40999984741211,23.772499084472656,17.979246139526367,3155200
2016-05-31,23.735000610351562,23.872499465942383,23.5674991607666,23.700000762939453,17.924409866333008,14615600
2016-06-01,23.600000381469727,23.704999923706055,23.489999771118164,23.702499389648438,17.926300048828125,1849200
2016-06-02,23.69499969482422,23.872499465942383,23.614999771118164,23.86750030517578,18.05109405517578,2648800
2016-06-03,23.762500762939453,23.8174991607666,23.542499542236328,23.747499465942383,17.960336685180664,1727600
2016-06-06,23.747499465942383,23.885000228881836,23.602500915527344,23.797500610351562,17.99815559387207,1246000
2016-06-07,23.792499542236328,23.872499465942383,23.36750030517578,23.729999542236328,17.947101593017578,3023200
2016-06-08,23.75749969482422,23.790000915527344,23.649999618530273,23.787500381469727,17.990591049194336,1902400
2016-06-09,23.78499984741211,23.892499923706055,23.65999984741211,23.885000228881836,18.064327239990234,2121200
2016-06-10,23.707500457763672,23.774999618530273,23.579999923706055,23.6299991607666,17.871469497680664,1800400
2016-06-13,23.450000762939453,23.697500228881836,23.405000686645508,23.52750015258789,17.7939453125,1628000
2016-06-14,23.524999618530273,23.56999969482422,23.395000457763672,23.532499313354492,17.7977294921875,1532000
2016-06-15,23.6200008392334,23.635000228881836,23.487499237060547,23.510000228881836,17.780715942382812,1307200
2016-06-16,23.487499237060547,23.670000076293945,23.25749969482422,23.645000457763672,17.882816314697266,1400800
2016-06-17,23.63249969482422,23.635000228881836,23.3700008392334,23.5049991607666,17.776935577392578,1876000
2016-06-20,23.709999084472656,23.737499237060547,23.537500381469727,23.5625,17.820419311523438,1504800
2016-06-21,23.665000915527344,23.69499969482422,23.512500762939453,23.625,17.867692947387695,1134800
2016-06-22,23.68000030517578,23.780000686645508,23.637500762939453,23.649999618530273,17.886598587036133,1226000
2016-06-23,23.782499313354492,23.922500610351562,23.729999542236328,23.922500610351562,18.09269142150879,1347600
2016-06-24,23.280000686645508,23.575000762939453,23.25,23.332500457763672,17.646472930908203,4711600
2016-06-27,23.239999771118164,23.28499984741211,22.809999465942383,22.907499313354492,17.325040817260742,3159200
2016-06-28,23.11750030517578,23.34000015258789,23.020000457763672,23.322500228881836,17.638906478881836,2994000
2016-06-29,23.522499084472656,23.97249984741211,23.467500686645508,23.912500381469727,18.085128784179688,2700000
2016-06-30,23.977500915527344,24.537500381469727,23.892499923706055,24.532499313354492,18.55403709411621,3268800
2016-07-01,24.454999923706055,24.764999389648438,24.239999771118164,24.729999542236328,18.703405380249023,2513200
2016-07-05,24.774999618530273,24.912500381469727,24.59000015258789,24.875,18.813068389892578,3245600
2016-07-06,24.65999984741211,24.922500610351562,24.642499923706055,24.825000762939453,18.775253295898438,2742000
2016-07-07,24.834999084472656,24.924999237060547,24.600000381469727,24.690000534057617,18.67315673828125,1820400
2016-07-08,24.917499542236328,24.94499969482422,24.780000686645508,24.907499313354492,18.83765411376953,3339200
2016-07-11,24.887500762939453,24.887500762939453,24.3799991607666,24.517499923706055,18.542692184448242,3089200
2016-07-12,24.584999084472656,24.6875,24.357500076293945,24.375,18.434917449951172,2418800
2016-07-13,24.532499313354492,24.5674991607666,24.362499237060547,24.372499465942383,18.433025360107422,1378400
2016-07-14,24.514999389648438,24.540000915527344,24.372499465942383,24.477500915527344,18.512439727783203,1876800
2016-07-15,24.524999618530273,24.602500915527344,24.357500076293945,24.399999618530273,18.453824996948242,1616000
2016-07-18,24.49250030517578,24.540000915527344,24.3075008392334,24.412500381469727,18.463281631469727,1828800
2016-07-19,24.329999923706055,24.52750015258789,24.264999389648438,24.354999542236328,18.41979217529297,2773600
2016-07-20,25.262500762939453,27.24250030517578,25.15250015258789,26.712499618530273,20.202777862548828,13518400
2016-07-21,26.74250030517578,27.0049991607666,26.707500457763672,26.825000762939453,20.287864685058594,5032800
2016-07-22,26.844999313354492,27.022499084472656,26.797500610351562,26.987499237060547,20.4107666015625,2791200
2016-07-25,26.90250015258789,27.172500610351562,26.829999923706055,27.05500030517578,20.461814880371094,2933200
2016-07-26,27.077499389648438,27.27750015258789,26.857500076293945,27.09749984741211,20.49395751953125,2675600
2016-07-27,27.1200008392334,27.1200008392334,26.854999542236328,26.989999771118164,20.41265296936035,1869200
2016-07-28,26.982500076293945,27.125,26.77750015258789,27.045000076293945,20.454254150390625,2086800
2016-07-29,27.03499984741211,27.03499984741211,26.72249984741211,26.8174991607666,20.282194137573242,3634800
2016-08-01,26.815000534057617,26.934999465942383,26.7549991607666,26.852500915527344,20.308658599853516,1940800
2016-08-02,26.709999084472656,26.84749984741211,26.579999923706055,26.587499618530273,20.10824203491211,2487200
2016-08-03,26.587499618530273,26.94499969482422,26.427499771118164,26.579999923706055,20.102567672729492,3234000
2016-08-04,26.59000015258789,26.9424991607666,26.572500228881836,26.639999389648438,20.147947311401367,1981200
2016-08-05,26.74250030517578,27.102500915527344,26.584999084472656,26.72249984741211,20.210342407226562,2376800
2016-08-08,26.75,26.75,26.545000076293945,26.637500762939453,20.146055221557617,1731200
2016-08-09,26.667499542236328,26.704999923706055,26.512500762939453,26.704999923706055,20.19710922241211,2129600
2016-08-10,26.6825008392334,26.88249969482422,26.667499542236328,26.844999313354492,20.302989959716797,1506800
2016-08-11,26.975000381469727,26.982500076293945,26.602500915527344,26.877500534057617,20.327571868896484,2580400
2016-08-12,26.782499313354492,26.897499084472656,26.729999542236328,26.837499618530273,20.297321319580078,1237600
2016-08-15,26.825000762939453,26.8799991607666,26.725000381469727,26.854999542236328,20.310550689697266,1716000
2016-08-16,28.892499923706055,29.412500381469727,28.227500915527344,28.247499465942383,21.36370086669922,9035200
2016-08-17,28.602500915527344,29.020000457763672,28.389999389648438,28.912500381469727,21.866649627685547,6874800
2016-08-18,28.9950008392334,28.9950008392334,28.28499984741211,28.47249984741211,21.533876419067383,2694400
2016-08-19,28.344999313354492,28.469999313354492,28.212499618530273,28.447500228881836,21.514968872070312,4075600
2016-08-22,28.450000762939453,28.584999084472656,28.412500381469727,28.50749969482422,21.560346603393555,1711600
2016-08-23,28.514999389648438,28.667499542236328,28.352500915527344,28.63249969482422,21.654882431030273,1593600
2016-08-24,28.649999618530273,28.6875,28.47249984741211,28.612499237060547,21.63975715637207,1489200
2016-08-25,28.604999542236328,29.167499542236328,28.604999542236328,29.010000228881836,21.94038963317871,3157200
2016-08-26,28.989999771118164,29.217500686645508,28.6875,28.927499771118164,21.87799072265625,2191200
2016-08-29,28.889999389648438,29.162500381469727,28.760000228881836,29.094999313354492,22.004674911499023,1726000
2016-08-30,29.017499923706055,29.264999389648438,28.969999313354492,29.260000228881836,22.12946319580078,2093600
2016-08-31,29.272499084472656,29.422500610351562,29.125,29.377500534057617,22.218332290649414,2848000
2016-09-01,29.5,29.5,29.272499084472656,29.424999237060547,22.254255294799805,1903600
2016-09-02,29.5575008392334,29.795000076293945,29.517499923706055,29.709999084472656,22.469799041748047,2232400
2016-09-06,29.780000686645508,29.985000610351562,29.462499618530273,29.787500381469727,22.528419494628906,2182400
2016-09-07,29.71500015258789,29.739999771118164,29.53499984741211,29.575000762939453,22.367704391479492,2840800
2016-09-08,29.454999923706055,29.467500686645508,29.282499313354492,29.297500610351562,22.157825469970703,1958000
2016-09-09,29.11750030517578,29.227500915527344,28.38249969482422,28.452499389648438,21.518749237060547,5355600
2016-09-12,28.520000457763672,28.729999542236328,28.440000534057617,28.6825008392334,21.692703247070312,3718800
2016-09-13,28.440000534057617,28.594999313354492,28.217500686645508,28.235000610351562,21.3542537689209,4372000
2016-09-14,28.25749969482422,28.514999389648438,28.145000457763672,28.28499984741211,21.39206886291504,3331200
2016-09-15,28.247499465942383,28.642499923706055,28.135000228881836,28.522499084472656,21.57168960571289,2726400
2016-09-16,28.387500762939453,28.49250030517578,28.227500915527344,28.329999923706055,21.42609977722168,4370400
2016-09-19,28.385000228881836,28.572500228881836,28.270000457763672,28.329999923706055,21.42609977722168,1578400
2016-09-20,28.52750015258789,28.5674991607666,28.334999084472656,28.46500015258789,21.5282039642334,2008000
2016-09-21,28.479999542236328,28.719999313354492,28.252500534057617,28.677499771118164,21.68891716003418,2166800
2016-09-22,28.747499465942383,29.059999465942383,28.677499771118164,28.774999618530273,21.762653350830078,1569600
2016-09-23,28.7450008392334,28.96500015258789,28.49250030517578,28.540000915527344,21.58492660522461,1412800
2016-09-26,28.462499618530273,28.4950008392334,28.274999618530273,28.297500610351562,21.401521682739258,1738400
2016-09-27,28.297500610351562,28.43000030517578,28.082500457763672,28.357500076293945,21.446901321411133,2927600
2016-09-28,29.72249984741211,29.725000381469727,28.905000686645508,29.042499542236328,21.9649658203125,5900800
2016-09-29,28.887500762939453,29.017499923706055,27.772499084472656,27.84000015258789,21.055509567260742,6044800
2016-09-30,27.975000381469727,28.202499389648438,27.832500457763672,28.149999618530273,21.28997039794922,5656000
2016-10-03,28.1924991607666,28.475000381469727,28.040000915527344,28.104999542236328,21.255935668945312,3142000
2016-10-04,28.110000610351562,28.1875,27.607500076293945,27.8700008392334,21.078201293945312,3355600
2016-10-05,27.837499618530273,27.977500915527344,27.65250015258789,27.729999542236328,20.972318649291992,3086000
2016-10-06,27.600000381469727,28.0,27.577499389648438,27.940000534057617,21.131147384643555,2028000
2016-10-07,28.00749969482422,28.00749969482422,27.584999084472656,27.614999771118164,20.88534164428711,2446000
2016-10-10,27.709999084472656,27.84000015258789,27.625,27.69499969482422,20.94584846496582,1872000
2016-10-11,27.577499389648438,27.725000381469727,27.2450008392334,27.329999923706055,20.66979217529297,2054000
2016-10-12,27.395000457763672,27.52750015258789,27.309999465942383,27.4375,20.751100540161133,1552800
2016-10-13,27.34000015258789,27.4424991607666,27.09749984741211,27.332500457763672,20.671689987182617,1660000
2016-10-14,27.364999771118164,27.537500381469727,27.3075008392334,27.3125,20.65656852722168,1298400
2016-10-17,27.2549991607666,27.387500762939453,27.040000915527344,27.0625,20.467485427856445,1822800
2016-10-18,27.31999969482422,27.75749969482422,27.075000762939453,27.100000381469727,20.495847702026367,2201200
2016-10-19,27.045000076293945,27.19499969482422,26.947500228881836,27.020000457763672,20.435340881347656,2196400
2016-10-20,26.975000381469727,26.9950008392334,26.540000915527344,26.642499923706055,20.149837493896484,3856800
2016-10-21,26.532499313354492,26.690000534057617,26.46500015258789,26.612499237060547,20.127147674560547,2665600
2016-10-24,26.767499923706055,26.899999618530273,26.635000228881836,26.74250030517578,20.2254695892334,1520000
2016-10-25,26.65999984741211,26.729999542236328,26.517499923706055,26.6825008392334,20.180089950561523,2392800
2016-10-26,26.579999923706055,26.707500457763672,26.440000534057617,26.65250015258789,20.15740394592285,1853600
2016-10-27,26.707500457763672,26.75,26.354999542236328,26.417499542236328,19.97966957092285,1653200
2016-10-28,26.38249969482422,26.6825008392334,26.322500228881836,26.482500076293945,20.02882957458496,1883200
2016-10-31,26.612499237060547,26.782499313354492,26.440000534057617,26.667499542236328,20.168743133544922,2906800
2016-11-01,26.612499237060547,26.635000228881836,25.989999771118164,26.09000015258789,19.731983184814453,3372000
2016-11-02,25.725000381469727,25.864999771118164,25.622499465942383,25.642499923706055,20.435272216796875,2933200
2016-11-03,25.674999237060547,25.782499313354492,25.517499923706055,25.747499465942383,20.518949508666992,2328000
2016-11-04,25.8075008392334,25.959999084472656,25.717500686645508,25.764999389648438,20.532894134521484,1973200
2016-11-07,26.03499984741211,26.21500015258789,25.9424991607666,26.202499389648438,20.88155174255371,1752400
2016-11-08,26.197500228881836,26.489999771118164,26.084999084472656,26.407499313354492,21.044921875,1649200
2016-11-09,25.88249969482422,26.962499618530273,25.712499618530273,26.872499465942383,21.415496826171875,3264800
2016-11-10,26.924999237060547,27.09749984741211,26.84000015258789,26.9950008392334,21.513120651245117,3221600
2016-11-11,26.822500228881836,27.209999084472656,26.747499465942383,27.18000030517578,21.66054916381836,2598400
2016-11-14,27.287500381469727,27.49250030517578,27.052499771118164,27.260000228881836,21.72430419921875,2839200
2016-11-15,27.34000015258789,27.389999389648438,27.09000015258789,27.28499984741211,21.744232177734375,2519600
2016-11-16,27.184999465942383,27.267499923706055,26.99250030517578,27.247499465942383,21.71434211730957,2294800
2016-11-17,27.252500534057617,27.674999237060547,27.247499465942383,27.600000381469727,21.995262145996094,2324400
2016-11-18,27.592500686645508,27.9424991607666,27.434999465942383,27.927499771118164,22.25625228881836,6089200
2016-11-21,27.9950008392334,28.202499389648438,27.747499465942383,28.197500228881836,22.471424102783203,2372000
2016-11-22,28.202499389648438,28.7549991607666,28.202499389648438,28.709999084472656,22.879850387573242,2892400
2016-11-23,28.767499923706055,28.93000030517578,28.645000457763672,28.829999923706055,22.97548484802246,2333600
2016-11-25,28.9424991607666,29.125,28.767499923706055,29.122499465942383,23.208585739135742,1143600
2016-11-28,29.042499542236328,29.147499084472656,28.950000762939453,29.032499313354492,23.136863708496094,2686400
2016-11-29,29.045000076293945,29.0674991607666,28.8799991607666,28.895000457763672,23.027286529541016,2168000
2016-11-30,28.90250015258789,28.9375,28.594999313354492,28.649999618530273,22.8320369720459,2870000
2016-12-01,28.65250015258789,29.002500534057617,28.552499771118164,28.97249984741211,23.08904266357422,2524800
2016-12-02,28.9325008392334,29.202499389648438,28.84000015258789,29.162500381469727,23.24046516418457,2213200
2016-12-05,29.25,29.545000076293945,29.174999237060547,29.512500762939453,23.519390106201172,2726000
2016-12-06,29.47249984741211,29.63249969482422,29.412500381469727,29.600000381469727,23.589120864868164,2153600
2016-12-07,29.65999984741211,30.125,29.610000610351562,30.092500686645508,23.981609344482422,2127200
2016-12-08,30.017499923706055,30.225000381469727,29.837499618530273,30.137500762939453,24.017467498779297,1918800
2016-12-09,30.092500686645508,30.239999771118164,30.010000228881836,30.177499771118164,24.049348831176758,1925600
2016-12-12,30.1825008392334,30.31999969482422,30.012500762939453,30.094999313354492,23.983600616455078,2829600
2016-12-13,30.147499084472656,30.217500686645508,29.917499542236328,30.137500762939453,24.017467498779297,2540800
2016-12-14,30.202499389648438,30.354999542236328,29.857500076293945,29.88249969482422,23.814254760742188,2639200
2016-12-15,30.25,30.552499771118164,29.922500610351562,30.002500534057617,23.909889221191406,2609200
2016-12-16,30.047500610351562,30.147499084472656,29.80500030517578,29.922500610351562,23.846128463745117,14391200
2016-12-19,30.084999084472656,30.28499984741211,29.997499465942383,30.037500381469727,23.93777847290039,3330000
2016-12-20,30.049999237060547,30.122499465942383,29.860000610351562,29.94499969482422,23.864059448242188,1902000
2016-12-21,29.99250030517578,30.065000534057617,29.825000762939453,29.877500534057617,23.810270309448242,2211600
2016-12-22,30.020000457763672,30.05500030517578,29.774999618530273,30.022499084472656,23.925825119018555,4055200
2016-12-23,29.270000457763672,29.34749984741211,28.25,29.09000015258789,23.18268585205078,9572000
2016-12-27,29.094999313354492,29.25,29.0049991607666,29.137500762939453,23.22054100036621,2516400
2016-12-28,29.145000457763672,29.227500915527344,28.86750030517578,28.899999618530273,23.031267166137695,1869600
2016-12-29,28.8799991607666,29.13249969482422,28.862499237060547,29.079999923706055,23.17471694946289,2053600
2016-12-30,29.145000457763672,29.225000381469727,28.852500915527344,28.889999389648438,23.02330207824707,2792000
2017-01-03,29.092500686645508,29.264999389648438,28.977500915527344,29.079999923706055,23.17471694946289,3434800
2017-01-04,29.059999465942383,29.427499771118164,29.022499084472656,29.327499389648438,23.371957778930664,2493600
2017-01-05,29.22249984741211,29.427499771118164,29.00749969482422,29.06999969482422,23.166748046875,2394800
2017-01-06,29.127500534057617,29.239999771118164,28.94499969482422,29.174999237060547,23.250423431396484,1718800
2017-01-09,29.11750030517578,29.11750030517578,28.760000228881836,28.8700008392334,23.00736427307129,2098800
2017-01-10,28.80500030517578,28.854999542236328,28.684999465942383,28.69499969482422,22.867900848388672,3579600
2017-01-11,28.700000762939453,28.889999389648438,28.662500381469727,28.829999923706055,22.97548484802246,1863200
2017-01-12,28.772499084472656,28.809999465942383,28.302499771118164,28.600000381469727,22.79218864440918,2344000
2017-01-13,28.56999969482422,28.719999313354492,28.447500228881836,28.639999389648438,22.824068069458008,1795200
2017-01-17,28.452499389648438,28.5674991607666,28.327499389648438,28.417499542236328,22.646751403808594,1220400
2017-01-18,28.4950008392334,28.532499313354492,28.3075008392334,28.49250030517578,22.70652198791504,1698800
2017-01-19,28.489999771118164,28.56999969482422,28.3075008392334,28.434999465942383,22.66069984436035,1529600
2017-01-20,28.565000534057617,28.594999313354492,28.327499389648438,28.469999313354492,22.68859100341797,1487600
2017-01-23,28.4424991607666,28.514999389648438,28.239999771118164,28.459999084472656,22.680620193481445,1068400
2017-01-24,28.4375,28.889999389648438,28.4375,28.877500534057617,23.01333999633789,2436800
2017-01-25,28.9375,29.247499465942383,28.84749984741211,29.1875,23.26038932800293,3135600
2017-01-26,29.219999313354492,29.487499237060547,29.162500381469727,29.34749984741211,23.387897491455078,1742000
2017-01-27,29.332500457763672,29.399999618530273,29.184999465942383,29.322500228881836,23.36797523498535,1912800
2017-01-30,29.280000686645508,29.280000686645508,28.825000762939453,29.049999237060547,23.150808334350586,1552800
2017-01-31,29.03499984741211,29.13249969482422,28.790000915527344,29.02750015258789,23.132877349853516,2589200
2017-02-01,28.950000762939453,29.329999923706055,28.63249969482422,28.712499618530273,22.881847381591797,3098400
2017-02-02,28.622499465942383,28.86750030517578,28.5625,28.80500030517578,22.9555606842041,2363600
2017-02-03,28.920000076293945,29.170000076293945,28.582500457763672,29.02750015258789,23.132877349853516,1538400
2017-02-06,28.9424991607666,28.962499618530273,28.677499771118164,28.739999771118164,22.903762817382812,1962400
2017-02-07,28.829999923706055,28.834999084472656,28.592500686645508,28.697500228881836,22.869890213012695,2251200
2017-02-08,28.63249969482422,28.735000610351562,28.447500228881836,28.587499618530273,22.782230377197266,1708800
2017-02-09,28.637500762939453,28.8700008392334,28.600000381469727,28.84000015258789,22.98345184326172,1896400
2017-02-10,28.872499465942383,29.25,28.792499542236328,29.18000030517578,23.254413604736328,2891600
2017-02-13,29.309999465942383,29.412500381469727,29.157499313354492,29.247499465942383,23.308202743530273,1792000
2017-02-14,29.139999389648438,29.2549991607666,29.024999618530273,29.2549991607666,23.314178466796875,1449200
2017-02-15,29.184999465942383,29.649999618530273,29.11750030517578,29.602500915527344,23.59111213684082,2030800
2017-02-16,29.607500076293945,29.877500534057617,29.510000228881836,29.877500534057617,23.810270309448242,1856400
2017-02-17,29.74250030517578,29.844999313354492,29.522499084472656,29.65250015258789,23.630962371826172,5742000
2017-02-21,29.665000915527344,29.802499771118164,29.50749969482422,29.610000610351562,23.597091674804688,1805600
2017-02-22,29.530000686645508,29.709999084472656,29.40999984741211,29.700000762939453,23.668813705444336,1966400
2017-02-23,29.7549991607666,29.7549991607666,29.397499084472656,29.607500076293945,23.5950984954834,1580800
2017-02-24,29.517499923706055,29.767499923706055,29.315000534057617,29.767499923706055,23.72260856628418,1578400
2017-02-27,29.72249984741211,29.8125,29.637500762939453,29.77750015258789,23.73057746887207,995600
2017-02-28,29.747499465942383,29.747499465942383,29.462499618530273,29.502500534057617,23.51142120361328,1652000
2017-03-01,29.672500610351562,29.997499465942383,29.6299991607666,29.907499313354492,23.83417510986328,2340400
2017-03-02,29.825000762939453,29.827499389648438,29.582500457763672,29.635000228881836,23.617013931274414,1672800
2017-03-03,29.662500381469727,29.709999084472656,29.467500686645508,29.602500915527344,23.59111213684082,1688000
2017-03-06,29.517499923706055,29.677499771118164,29.362499237060547,29.65250015258789,23.630962371826172,1148000
2017-03-07,29.552499771118164,29.747499465942383,29.447500228881836,29.5674991607666,23.563220977783203,1670000
2017-03-08,29.530000686645508,29.690000534057617,29.49250030517578,29.59000015258789,23.581153869628906,1304400
2017-03-09,29.647499084472656,29.690000534057617,29.302499771118164,29.467500686645508,23.483530044555664,1331600
2017-03-10,29.65999984741211,29.8174991607666,29.5625,29.75749969482422,23.714637756347656,1798400
2017-03-13,29.719999313354492,29.844999313354492,29.6924991607666,29.782499313354492,23.734560012817383,1346800
2017-03-14,29.747499465942383,29.81999969482422,29.462499618530273,29.612499237060547,23.599082946777344,1293600
2017-03-15,29.712499618530273,29.892499923706055,29.614999771118164,29.864999771118164,23.800308227539062,1661600
2017-03-16,29.915000915527344,30.0,29.732500076293945,29.809999465942383,23.756481170654297,1204400
2017-03-17,30.577499389648438,31.482500076293945,30.207500457763672,31.217500686645508,24.878154754638672,8883600
2017-03-20,31.202499389648438,31.360000610351562,30.924999237060547,31.077499389648438,24.766584396362305,4122000
2017-03-21,31.252500534057617,31.422500610351562,30.905000686645508,30.94499969482422,24.66098976135254,3992800
2017-03-22,31.022499084472656,31.299999237060547,30.927499771118164,31.092500686645508,24.778535842895508,3414000
2017-03-23,31.082500457763672,32.212501525878906,30.684999465942383,31.487499237060547,25.093324661254883,5657600
2017-03-24,31.602500915527344,31.604999542236328,31.209999084472656,31.282499313354492,24.92995262145996,2838000
2017-03-27,31.229999542236328,31.440000534057617,30.862499237060547,31.280000686645508,24.927959442138672,2448400
2017-03-28,31.232500076293945,31.612499237060547,31.049999237060547,31.549999237060547,25.14313316345215,2009600
2017-03-29,31.399999618530273,31.642499923706055,31.399999618530273,31.610000610351562,25.190946578979492,2748400
2017-03-30,31.547500610351562,31.862499237060547,31.545000076293945,31.7450008392334,25.29853630065918,1807200
2017-03-31,31.719999313354492,31.767499923706055,31.5625,31.635000228881836,25.21087646484375,2571200
2017-04-03,31.71500015258789,31.74250030517578,31.18000030517578,31.1875,24.854244232177734,2756400
2017-04-04,31.1299991607666,31.272499084472656,30.979999542236328,31.209999084472656,24.872182846069336,1757200
2017-04-05,31.239999771118164,31.427499771118164,30.90999984741211,30.9424991607666,24.658994674682617,1805600
2017-04-06,30.915000915527344,30.957500457763672,30.709999084472656,30.802499771118164,24.547428131103516,2068400
2017-04-07,30.767499923706055,30.8700008392334,30.600000381469727,30.639999389648438,24.417924880981445,2824400
2017-04-10,30.592500686645508,30.947500228881836,30.489999771118164,30.665000915527344,24.43785285949707,2416800
2017-04-11,30.510000228881836,30.739999771118164,30.417499542236328,30.739999771118164,24.49761962890625,1922800
2017-04-12,30.822500228881836,30.934999465942383,30.43000030517578,30.594999313354492,24.382064819335938,1256400
2017-04-13,30.6299991607666,30.709999084472656,30.3700008392334,30.420000076293945,24.242605209350586,1216000
2017-04-17,30.53499984741211,30.747499465942383,30.49250030517578,30.7450008392334,24.501605987548828,1238800
2017-04-18,30.672500610351562,30.762500762939453,30.424999237060547,30.592500686645508,24.38007354736328,1383200
2017-04-19,30.592500686645508,30.802499771118164,30.537500381469727,30.662500381469727,24.435855865478516,1327600
2017-04-20,30.842500686645508,30.889999389648438,30.65999984741211,30.774999618530273,24.525514602661133,1512400
2017-04-21,30.799999237060547,30.969999313354492,30.735000610351562,30.78499984741211,24.533485412597656,2471200
2017-04-24,31.052499771118164,31.377500534057617,31.010000228881836,31.362499237060547,24.99370765686035,2202800
2017-04-25,31.422500610351562,31.5674991607666,31.207500457763672,31.27750015258789,24.92597198486328,2012800
2017-04-26,31.292499542236328,31.344999313354492,31.05500030517578,31.0575008392334,24.750646591186523,2100800
2017-04-27,31.040000915527344,31.260000228881836,30.915000915527344,30.985000610351562,24.692869186401367,1735600
2017-04-28,31.0049991607666,31.0049991607666,30.602500915527344,30.61750030517578,24.399993896484375,2637200
2017-05-01,30.399999618530273,30.6825008392334,30.212499618530273,30.395000457763672,24.22268295288086,2937200
2017-05-02,30.415000915527344,30.69499969482422,30.302499771118164,30.452499389648438,24.268503189086914,1732800
2017-05-03,30.4424991607666,30.479999542236328,29.987499237060547,30.219999313354492,24.08321762084961,2042000
2017-05-04,30.292499542236328,30.487499237060547,30.184999465942383,30.485000610351562,24.294403076171875,1382000
2017-05-05,30.594999313354492,30.75,30.424999237060547,30.747499465942383,24.503597259521484,1284400
2017-05-08,30.670000076293945,30.709999084472656,30.184999465942383,30.227500915527344,24.089191436767578,1858800
2017-05-09,30.190000534057617,30.415000915527344,30.137500762939453,30.375,24.206735610961914,1411200
2017-05-10,30.364999771118164,30.459999084472656,30.217500686645508,30.360000610351562,24.194786071777344,1693600
2017-05-11,30.302499771118164,30.639999389648438,30.18000030517578,30.635000228881836,24.413944244384766,1810800
2017-05-12,30.545000076293945,30.645000457763672,30.36750030517578,30.575000762939453,24.366130828857422,1556800
2017-05-15,30.552499771118164,30.707500457763672,30.329999923706055,30.592500686645508,24.38007354736328,1243200
2017-05-16,30.559999465942383,30.647499084472656,30.4375,30.642499923706055,24.419919967651367,1920400
2017-05-17,30.417499542236328,30.520000457763672,30.030000686645508,30.042499542236328,23.941757202148438,2073600
2017-05-18,30.09000015258789,30.292499542236328,29.885000228881836,30.145000457763672,24.02345085144043,1994000
2017-05-19,30.165000915527344,30.350000381469727,29.9325008392334,30.2549991607666,24.11110496520996,7150400
2017-05-22,30.28499984741211,30.477500915527344,30.207500457763672,30.434999465942383,24.254554748535156,1659600
2017-05-23,30.487499237060547,30.63249969482422,30.352500915527344,30.59749984741211,24.384056091308594,1452800
2017-05-24,30.6875,31.217500686645508,30.600000381469727,31.172500610351562,24.84229850769043,1884800
2017-05-25,31.270000457763672,31.47249984741211,31.15999984741211,31.387500762939453,25.013635635375977,1185600
2017-05-26,31.287500381469727,31.397499084472656,31.125,31.290000915527344,24.93593406677246,1112000
2017-05-30,31.147499084472656,31.237499237060547,30.9424991607666,31.1875,24.854244232177734,1335600
2017-05-31,31.262500762939453,31.485000610351562,31.13249969482422,31.469999313354492,25.079376220703125,2685200
2017-06-01,31.530000686645508,31.732500076293945,31.19499969482422,31.732500076293945,25.28857421875,1565600
2017-06-02,31.802499771118164,32.18000030517578,31.75,32.06999969482422,25.557538986206055,1276000
2017-06-05,32.125,32.1349983215332,31.625,31.65250015258789,25.22481918334961,1440800
2017-06-06,31.625,31.697500228881836,31.142499923706055,31.157499313354492,24.830337524414062,1433200
2017-06-07,31.262500762939453,31.34000015258789,31.002500534057617,31.122499465942383,24.802446365356445,1338000
2017-06-08,31.087499618530273,31.110000610351562,30.75,30.917499542236328,24.63907814025879,2055200
2017-06-09,30.940000534057617,31.012500762939453,30.815000534057617,30.924999237060547,24.645051956176758,1644400
2017-06-12,30.877500534057617,31.592500686645508,30.877500534057617,31.575000762939453,25.163055419921875,1884000
2017-06-13,31.5625,31.912500381469727,31.497499465942383,31.8125,25.352325439453125,1506800
2017-06-14,31.969999313354492,32.16749954223633,31.71500015258789,31.989999771118164,25.493785858154297,1780800
2017-06-15,31.852500915527344,32.01250076293945,31.610000610351562,31.947500228881836,25.45991325378418,1306800
2017-06-16,31.7549991607666,32.6150016784668,31.7549991607666,32.61249923706055,25.989870071411133,3898000
2017-06-19,32.70249938964844,32.852500915527344,32.40250015258789,32.837501525878906,26.1691837310791,2065200
2017-06-20,32.845001220703125,32.845001220703125,32.45249938964844,32.51750183105469,25.914161682128906,1277200
2017-06-21,32.497501373291016,32.54750061035156,32.224998474121094,32.40250015258789,25.82251739501953,1194800
2017-06-22,32.432498931884766,32.432498931884766,32.26750183105469,32.290000915527344,25.732864379882812,1227600
2017-06-23,32.32749938964844,32.5724983215332,32.25749969482422,32.352500915527344,25.78267478942871,1495200
2017-06-26,32.502498626708984,32.619998931884766,32.282501220703125,32.375,25.800600051879883,760000
2017-06-27,32.0,32.21500015258789,31.434999465942383,31.454999923706055,25.06742286682129,2519600
2017-06-28,31.707500457763672,31.8799991607666,31.452499389648438,31.690000534057617,25.25470542907715,1339200
2017-06-29,31.625,31.625,30.907499313354492,31.087499618530273,24.77455711364746,1818000
2017-06-30,31.325000762939453,31.63249969482422,31.272499084472656,31.510000228881836,25.111255645751953,1873600
2017-07-03,31.6924991607666,31.77750015258789,31.485000610351562,31.497499465942383,25.10129737854004,1104800
2017-07-05,31.522499084472656,32.064998626708984,31.364999771118164,31.530000686645508,25.127197265625,2919600
2017-07-06,31.352500915527344,31.3700008392334,30.854999542236328,30.9325008392334,24.651029586791992,2441200
2017-07-07,31.010000228881836,31.657499313354492,31.010000228881836,31.532499313354492,25.12918472290039,2046400
2017-07-10,31.450000762939453,31.747499465942383,31.36750030517578,31.635000228881836,25.21087646484375,2184400
2017-07-11,31.5049991607666,31.614999771118164,31.212499618530273,31.457500457763672,25.069416046142578,1348800
2017-07-12,31.737499237060547,31.860000610351562,31.600000381469727,31.790000915527344,25.33439826965332,1235600
2017-07-13,31.837499618530273,31.969999313354492,31.447500228881836,31.61750030517578,25.19692611694336,1138000
2017-07-14,31.684999465942383,31.732500076293945,31.5674991607666,31.607500076293945,25.1889591217041,1722400
2017-07-17,31.594999313354492,31.647499084472656,31.399999618530273,31.547500610351562,25.14113998413086,1560800
2017-07-18,31.542499542236328,31.577499389648438,31.334999084472656,31.354999542236328,24.987730026245117,1356800
2017-07-19,31.405000686645508,31.540000915527344,31.262500762939453,31.520000457763672,25.119224548339844,1939600
2017-07-20,31.637500762939453,31.737499237060547,31.34000015258789,31.69499969482422,25.25868797302246,1986000
2017-07-21,32.810001373291016,34.84749984741211,32.782501220703125,34.60749816894531,27.579750061035156,9363600
2017-07-24,34.59749984741211,34.8125,34.122501373291016,34.54750061035156,27.53192901611328,4464800
2017-07-25,34.67499923706055,34.67499923706055,34.1775016784668,34.32500076293945,27.354616165161133,3294000
2017-07-26,34.3025016784668,34.49250030517578,34.17250061035156,34.27750015258789,27.316761016845703,2092800
2017-07-27,34.2599983215332,34.2599983215332,33.79999923706055,33.95500183105469,27.059749603271484,2518800
2017-07-28,33.959999084472656,34.08000183105469,33.775001525878906,33.90250015258789,27.01791000366211,2279200
2017-07-31,33.92499923706055,33.974998474121094,33.6349983215332,33.712501525878906,26.866498947143555,2548400
2017-08-01,34.42499923706055,34.935001373291016,33.587501525878906,33.880001068115234,26.999980926513672,2368000
2017-08-02,33.77750015258789,33.897499084472656,33.442501068115234,33.75,26.896379470825195,2641600
2017-08-03,33.75749969482422,33.897499084472656,33.415000915527344,33.53499984741211,26.72503662109375,1938800
2017-08-04,33.65999984741211,33.81999969482422,33.369998931884766,33.75,26.896379470825195,1423200
2017-08-07,33.709999084472656,33.84000015258789,33.540000915527344,33.61249923706055,26.78679847717285,1773200
2017-08-08,33.599998474121094,33.73749923706055,33.26750183105469,33.34749984741211,26.575613021850586,3050400
2017-08-09,33.314998626708984,33.432498931884766,33.13249969482422,33.32500076293945,26.557680130004883,2210000
2017-08-10,33.217498779296875,33.272499084472656,32.66999816894531,32.70249938964844,26.061594009399414,2814800
2017-08-11,32.83000183105469,32.932498931884766,32.522499084472656,32.58250045776367,25.965961456298828,1898400
2017-08-14,32.849998474121094,33.334999084472656,32.79999923706055,33.23749923706055,26.487951278686523,1602400
2017-08-15,33.19499969482422,33.4474983215332,33.05500030517578,33.287498474121094,26.52779769897461,1702000
2017-08-16,33.32749938964844,33.53499984741211,33.29249954223633,33.334999084472656,26.56565284729004,1310800
2017-08-17,33.29249954223633,33.29249954223633,32.72999954223633,32.79750061035156,26.13730239868164,1739600
2017-08-18,32.727500915527344,33.220001220703125,32.54249954223633,33.15250015258789,26.420215606689453,3703200
2017-08-21,33.150001525878906,33.717498779296875,33.01499938964844,33.467498779296875,26.67124366760254,3522400
2017-08-22,33.47999954223633,33.85749816894531,33.47999954223633,33.814998626708984,26.948177337646484,1487600
2017-08-23,33.73749923706055,33.73749923706055,33.5,33.51250076293945,26.707109451293945,2317200
2017-08-24,33.522499084472656,33.525001525878906,32.904998779296875,33.29999923706055,26.53775978088379,2363200
2017-08-25,33.474998474121094,33.775001525878906,33.334999084472656,33.45500183105469,26.661291122436523,1817600
2017-08-28,33.587501525878906,33.682498931884766,33.29999923706055,33.46500015258789,26.66925811767578,1654800
2017-08-29,33.282501220703125,33.40250015258789,33.147499084472656,33.24250030517578,26.4919376373291,1586000
2017-08-30,33.220001220703125,33.5,33.122501373291016,33.442501068115234,26.651325225830078,1207200
2017-08-31,33.477500915527344,33.81999969482422,33.39250183105469,33.752498626708984,26.89836883544922,1866400
2017-09-01,33.90999984741211,33.90999984741211,33.5724983215332,33.63999938964844,26.8087158203125,1283200
2017-09-05,33.55500030517578,33.6775016784668,33.150001525878906,33.3224983215332,26.55569076538086,1713200
2017-09-06,33.435001373291016,33.540000915527344,33.20750045776367,33.349998474121094,26.577608108520508,2097200
2017-09-07,33.38999938964844,33.38999938964844,33.037498474121094,33.28499984741211,26.525808334350586,1596400
2017-09-08,33.1775016784668,33.45750045776367,32.9375,33.43000030517578,26.641361236572266,1302000
2017-09-11,33.48749923706055,33.8125,33.380001068115234,33.75,26.896379470825195,1279200
2017-09-12,33.72999954223633,33.90250015258789,33.602500915527344,33.66999816894531,26.832626342773438,1690800
2017-09-13,33.65250015258789,33.83000183105469,33.39250183105469,33.8125,26.94618797302246,1440000
2017-09-14,33.70500183105469,33.70500183105469,33.380001068115234,33.65250015258789,26.818679809570312,1571200
2017-09-15,33.64500045776367,33.772499084472656,33.43000030517578,33.537498474121094,26.727033615112305,3529200
2017-09-18,33.55500030517578,33.627498626708984,33.42499923706055,33.57500076293945,26.75691795349121,1731200
2017-09-19,33.60749816894531,33.70000076293945,33.48500061035156,33.6875,26.84657096862793,1927200
2017-09-20,33.75,34.182498931884766,33.70750045776367,34.130001068115234,27.19921112060547,2477600
2017-09-21,34.10499954223633,34.407501220703125,33.877498626708984,34.36249923706055,27.38449478149414,1943600
2017-09-22,34.342498779296875,34.75,34.119998931884766,34.162498474121094,27.225112915039062,2252000
2017-09-25,34.212501525878906,34.36750030517578,34.07500076293945,34.217498779296875,27.26894187927246,3276800
2017-09-26,34.23500061035156,34.282501220703125,34.01750183105469,34.025001525878906,27.115530014038086,3036800
2017-09-27,35.852500915527344,36.25,35.59000015258789,36.002498626708984,28.69146728515625,10908000
2017-09-28,35.91749954223633,35.96500015258789,35.439998626708984,35.692501068115234,28.44441795349121,3384400
2017-09-29,35.625,36.165000915527344,35.5724983215332,36.06999969482422,28.745258331298828,3752800
2017-10-02,36.125,36.404998779296875,36.00749969482422,36.35749816894531,28.974374771118164,2987600
2017-10-03,36.369998931884766,36.86000061035156,36.33000183105469,36.845001220703125,29.36288070678711,3153600
2017-10-04,36.717498779296875,36.90999984741211,36.54999923706055,36.79999923706055,29.32701873779297,3080400
2017-10-05,36.8650016784668,37.05500030517578,36.619998931884766,37.002498626708984,29.488393783569336,2437200
2017-10-06,37.0,37.369998931884766,36.8650016784668,37.27000045776367,29.70157814025879,2458800
2017-10-09,37.3224983215332,37.4900016784668,37.27000045776367,37.400001525878906,29.805177688598633,1600800
2017-10-10,37.38249969482422,37.60749816894531,37.38249969482422,37.560001373291016,29.932674407958984,2304400
2017-10-11,37.505001068115234,37.68000030517578,37.40250015258789,37.66749954223633,30.018346786499023,1632000
2017-10-12,37.625,37.9375,37.622501373291016,37.877498626708984,30.185712814331055,2391200
2017-10-13,37.967498779296875,38.119998931884766,37.852500915527344,37.98500061035156,30.271373748779297,2090000
2017-10-16,38.125,38.125,37.71500015258789,37.80500030517578,30.127931594848633,1473600
2017-10-17,37.9375,38.102500915527344,37.58250045776367,37.76250076293945,30.09406089782715,1600400
2017-10-18,37.849998474121094,37.95500183105469,37.76750183105469,37.790000915527344,30.11597442626953,1722800
2017-10-19,37.625,37.74250030517578,37.36000061035156,37.73749923706055,30.074138641357422,2818000
2017-10-20,37.9474983215332,38.20750045776367,37.7599983215332,38.04999923706055,30.32317352294922,1869200
2017-10-23,38.02750015258789,38.04999923706055,37.84000015258789,37.872501373291016,30.181726455688477,1048000
2017-10-24,37.88249969482422,37.98249816894531,37.599998474121094,37.712501525878906,30.054216384887695,1574400
2017-10-25,37.66999816894531,37.77000045776367,37.375,37.540000915527344,29.916746139526367,1884400
2017-10-26,37.717498779296875,37.92499923706055,37.65999984741211,37.88750076293945,30.19367218017578,1539200
2017-10-27,37.709999084472656,37.915000915527344,37.52750015258789,37.88999938964844,30.19566535949707,1503600
2017-10-30,37.810001373291016,37.810001373291016,37.29499816894531,37.30500030517578,29.729463577270508,1228400
2017-10-31,37.48500061035156,37.5625,37.22999954223633,37.2599983215332,29.693607330322266,1903600
2017-11-01,37.212501525878906,37.26250076293945,36.39500045776367,36.779998779296875,29.311077117919922,2777600
2017-11-02,36.76499938964844,37.084999084472656,36.532501220703125,36.88750076293945,29.396743774414062,2039600
2017-11-03,36.90250015258789,37.127498626708984,36.772499084472656,37.092498779296875,29.56011390686035,1501200
2017-11-06,37.01250076293945,37.09000015258789,36.7400016784668,36.89250183105469,29.40073013305664,2318400
2017-11-07,37.01499938964844,37.11000061035156,36.83000183105469,36.967498779296875,29.460498809814453,1343600
2017-11-08,36.85749816894531,37.415000915527344,36.83000183105469,37.40250015258789,29.80716896057129,1616800
2017-11-09,36.869998931884766,36.93000030517578,36.099998474121094,36.35749816894531,30.28614616394043,2131600
2017-11-10,36.20500183105469,36.53499984741211,36.20500183105469,36.525001525878906,30.425670623779297,1660800
2017-11-13,36.467498779296875,36.942501068115234,36.4375,36.837501525878906,30.685985565185547,2638000
2017-11-14,36.64250183105469,37.3650016784668,36.64250183105469,37.29999923706055,31.071256637573242,2412800
2017-11-15,37.099998474121094,37.412498474121094,36.907501220703125,37.375,31.13373565673828,2809200
2017-11-16,37.38249969482422,37.654998779296875,37.3125,37.52750015258789,31.26076889038086,2094400
2017-11-17,37.44499969482422,37.52000045776367,37.08250045776367,37.22999954223633,31.01294708251953,1523200
2017-11-20,37.185001373291016,37.290000915527344,37.01250076293945,37.0625,30.873411178588867,1921200
2017-11-21,37.192501068115234,37.21500015258789,36.8025016784668,36.89500045776367,30.733888626098633,2340000
2017-11-22,36.88999938964844,36.9275016784668,36.63999938964844,36.84000015258789,30.688068389892578,1710400
2017-11-24,36.98249816894531,37.05500030517578,36.872501373291016,36.9275016784668,30.760961532592773,1094000
2017-11-27,36.977500915527344,37.275001525878906,36.90250015258789,36.9900016784668,30.81302261352539,2098800
2017-11-28,37.04750061035156,38.04499816894531,36.94499969482422,38.00749969482422,31.66061782836914,2297600
2017-11-29,37.994998931884766,38.467498779296875,37.8849983215332,38.432498931884766,32.014644622802734,2824800
2017-11-30,38.337501525878906,39.45249938964844,38.252498626708984,39.36000061035156,32.787254333496094,8772800
2017-12-01,39.29750061035156,39.60749816894531,38.75749969482422,39.375,32.79975128173828,2998400
2017-12-04,39.602500915527344,39.91999816894531,39.3849983215332,39.6775016784668,33.05174255371094,3188400
2017-12-05,39.720001220703125,39.88249969482422,39.025001525878906,39.06999969482422,32.54568099975586,2448400
2017-12-06,39.220001220703125,39.400001525878906,39.03499984741211,39.125,32.59150314331055,1482000
2017-12-07,39.0099983215332,39.71500015258789,38.997501373291016,39.5,32.903873443603516,1585600
2017-12-08,39.6349983215332,39.8025016784668,39.462501525878906,39.79499816894531,33.14961242675781,1308400
2017-12-11,39.744998931884766,39.95750045776367,39.48749923706055,39.58250045776367,32.97260284423828,1841200
2017-12-12,39.57749938964844,39.59749984741211,39.2400016784668,39.29750061035156,32.73519515991211,1271200
2017-12-13,39.400001525878906,39.71500015258789,39.25749969482422,39.3224983215332,32.75602340698242,2027200
2017-12-14,39.505001068115234,39.52750015258789,39.224998474121094,39.29499816894531,32.73310470581055,2050400
2017-12-15,39.47249984741211,39.72999954223633,39.17499923706055,39.5,32.903873443603516,4753200
2017-12-18,39.75,40.0525016784668,39.647499084472656,39.970001220703125,33.29539108276367,3438800
2017-12-19,40.25,40.25,39.599998474121094,39.747501373291016,33.11005783081055,2679600
2017-12-20,39.83250045776367,40.01250076293945,39.72249984741211,39.772499084472656,33.13086700439453,2048800
2017-12-21,40.13249969482422,40.147499084472656,39.41749954223633,39.912498474121094,33.24748992919922,3745600
2017-12-22,40.5,40.86249923706055,38.252498626708984,39.212501525878906,32.66439437866211,9067600
2017-12-26,39.1349983215332,39.40999984741211,38.852500915527344,38.880001068115234,32.38741683959961,2011600
2017-12-27,38.9900016784668,39.119998931884766,38.814998626708984,39.005001068115234,32.49154281616211,1527200
2017-12-28,38.994998931884766,39.18000030517578,38.70249938964844,39.154998779296875,32.616485595703125,1762800
2017-12-29,39.247501373291016,39.275001525878906,38.95249938964844,38.95750045776367,32.451969146728516,1667200
2018-01-02,39.314998626708984,39.38249969482422,38.98500061035156,39.212501525878906,32.66439437866211,1912400
2018-01-03,39.0525016784668,39.66749954223633,39.0525016784668,39.60499954223633,32.9913444519043,2119200
2018-01-04,39.67250061035156,40.3224983215332,39.60499954223633,40.29249954223633,33.56403732299805,2271200
2018-01-05,40.33000183105469,40.442501068115234,40.16749954223633,40.40999984741211,33.66191864013672,2351200
2018-01-08,40.345001220703125,40.64500045776367,39.95750045776367,40.474998474121094,33.716068267822266,2608800
2018-01-09,40.5,40.55500030517578,40.287498474121094,40.30500030517578,33.57444381713867,1796800
2018-01-10,40.244998931884766,40.33000183105469,39.9474983215332,40.08250045776367,33.38910675048828,1612400
2018-01-11,40.07500076293945,40.560001373291016,39.962501525878906,40.51250076293945,33.7473030090332,2119600
2018-01-12,40.45249938964844,40.5625,40.01499938964844,40.1150016784668,33.41617202758789,1796400
2018-01-16,40.27750015258789,40.52750015258789,40.20249938964844,40.30500030517578,33.57444381713867,3043600
2018-01-17,40.33250045776367,40.76250076293945,40.33250045776367,40.66749954223633,33.87641906738281,3109200
2018-01-18,40.22249984741211,40.74250030517578,40.0,40.45000076293945,33.69523620605469,2312800
2018-01-19,40.48500061035156,41.04249954223633,40.317501068115234,41.01499938964844,34.16588592529297,1789600
2018-01-22,41.0,41.29999923706055,40.80500030517578,41.28499984741211,34.39080047607422,1896000
2018-01-23,41.22249984741211,41.31999969482422,40.8650016784668,41.224998474121094,34.34081268310547,1676400
2018-01-24,41.334999084472656,41.45249938964844,41.15999984741211,41.244998931884766,34.35748291015625,1580000
2018-01-25,41.477500915527344,41.88999938964844,41.45000076293945,41.64500045776367,34.69068908691406,1984400
2018-01-26,41.70750045776367,41.95000076293945,41.505001068115234,41.942501068115234,34.938507080078125,1489600
2018-01-29,41.84000015258789,41.89500045776367,41.39250183105469,41.5,34.56990051269531,1934000
2018-01-30,41.532501220703125,41.744998931884766,41.27750015258789,41.45500183105469,34.53242492675781,1748000
2018-01-31,41.57500076293945,42.4900016784668,41.564998626708984,42.11249923706055,35.08011245727539,4130000
2018-02-01,41.967498779296875,42.08250045776367,41.0,41.29499816894531,34.399131774902344,2428000
2018-02-02,41.095001220703125,41.24250030517578,40.41749954223633,40.45500183105469,33.69940185546875,1786800
2018-02-05,40.57749938964844,40.845001220703125,39.10749816894531,39.1150016784668,32.58317184448242,3058800
2018-02-06,38.60499954223633,39.32749938964844,37.97999954223633,39.087501525878906,32.56025314331055,4228400
2018-02-07,38.93000030517578,39.8650016784668,38.872501373291016,39.150001525878906,32.61232376098633,2656400
2018-02-08,39.09749984741211,39.1974983215332,37.3125,37.33000183105469,31.096240997314453,2877600
2018-02-09,37.70249938964844,38.522499084472656,36.845001220703125,38.182498931884766,31.8063907623291,3965200
2018-02-12,38.36000061035156,38.90999984741211,38.10749816894531,38.599998474121094,32.15416717529297,1936800
2018-02-13,38.415000915527344,39.150001525878906,38.247501373291016,39.01750183105469,32.501956939697266,1103600
2018-02-14,38.72249984741211,41.119998931884766,38.63999938964844,41.09000015258789,34.228363037109375,5011200
2018-02-15,41.307498931884766,41.772499084472656,40.814998626708984,41.73500061035156,34.76565933227539,2596400
2018-02-16,41.837501525878906,41.967498779296875,41.58000183105469,41.779998779296875,34.80314254760742,2350800
2018-02-20,41.587501525878906,42.1349983215332,41.375,41.662498474121094,34.705265045166016,2172400
2018-02-21,41.61000061035156,42.43000030517578,41.5625,41.834999084472656,34.848960876464844,2023600
2018-02-22,41.79499816894531,42.272499084472656,41.654998779296875,41.77000045776367,34.7948112487793,1988400
2018-02-23,42.11000061035156,42.532501220703125,41.657501220703125,42.497501373291016,35.40082550048828,1903200
2018-02-26,42.67499923706055,42.75,42.25,42.6974983215332,35.567420959472656,3060000
2018-02-27,42.75,42.89250183105469,42.57749938964844,42.75,35.611167907714844,3102000
2018-02-28,42.95750045776367,43.227500915527344,42.665000915527344,42.665000915527344,35.540348052978516,3396800
2018-03-01,42.817501068115234,43.16749954223633,42.095001220703125,42.38999938964844,35.311275482177734,2893200
2018-03-02,42.04499816894531,42.665000915527344,41.77000045776367,42.48500061035156,35.390403747558594,2245200
2018-03-05,42.15250015258789,42.9375,41.79750061035156,42.852500915527344,35.69655227661133,1535200
2018-03-06,42.912498474121094,43.029998779296875,42.58250045776367,43.0,35.81940841674805,1888000
2018-03-07,42.790000915527344,43.19499969482422,42.790000915527344,43.04750061035156,35.858978271484375,2233200
2018-03-08,43.0625,43.192501068115234,42.6875,43.057498931884766,35.86731719970703,1853200
2018-03-09,43.26499938964844,44.584999084472656,43.122501373291016,44.57500076293945,37.13139343261719,1827200
2018-03-12,44.47999954223633,44.47999954223633,43.70000076293945,44.15250015258789,36.77945327758789,2542800
2018-03-13,44.5,44.56999969482422,43.935001373291016,44.032501220703125,36.67949676513672,1395200
2018-03-14,44.162498474121094,44.162498474121094,43.349998474121094,43.40250015258789,36.154701232910156,1509200
2018-03-15,43.52750015258789,43.619998931884766,43.165000915527344,43.32500076293945,36.09014129638672,1486000
2018-03-16,43.51250076293945,43.712501525878906,43.13750076293945,43.31999969482422,36.08598327636719,3955600
2018-03-19,43.24250030517578,43.33000183105469,42.8125,43.247501373291016,36.02558135986328,2244000
2018-03-20,43.29249954223633,43.6349983215332,43.11000061035156,43.130001068115234,35.92770767211914,1776000
2018-03-21,43.22249984741211,43.849998474121094,43.147499084472656,43.3224983215332,36.08805847167969,2076400
2018-03-22,42.7400016784668,43.01499938964844,40.52750015258789,40.77750015258789,33.968040466308594,4496400
2018-03-23,41.682498931884766,43.67499923706055,41.252498626708984,41.962501525878906,34.95516586303711,5814000
2018-03-26,42.647499084472656,43.20500183105469,42.057498931884766,42.744998931884766,35.606998443603516,3508800
2018-03-27,43.567501068115234,43.724998474121094,42.157501220703125,42.397499084472656,35.3175163269043,2456000
2018-03-28,42.412498474121094,42.76750183105469,42.125,42.26250076293945,35.205074310302734,2274400
2018-03-29,42.38249969482422,43.029998779296875,42.13999938964844,42.64500045776367,35.52369689941406,2302000
2018-04-02,42.52750015258789,42.747501373291016,41.369998931884766,41.8650016784668,34.87395095825195,2336400
2018-04-03,42.11750030517578,42.51499938964844,41.92250061035156,42.45750045776367,35.36750411987305,2562000
2018-04-04,41.994998931884766,42.560001373291016,41.720001220703125,42.3650016784668,35.29045486450195,2182800
2018-04-05,42.63750076293945,43.154998779296875,42.400001525878906,42.92499923706055,35.756935119628906,2036800
2018-04-06,42.522499084472656,42.79249954223633,41.33250045776367,41.685001373291016,34.723995208740234,1397200
2018-04-09,42.00749969482422,42.564998626708984,41.877498626708984,41.91749954223633,34.91767501831055,1574000
2018-04-10,42.5,42.86750030517578,42.3224983215332,42.58250045776367,35.47163009643555,2014800
2018-04-11,42.307498931884766,42.689998626708984,42.220001220703125,42.53499984741211,35.432064056396484,1688000
2018-04-12,42.657501220703125,43.2599983215332,42.657501220703125,43.04249954223633,35.85481643676758,1687600
2018-04-13,43.1875,43.1875,42.39500045776367,42.540000915527344,35.43622589111328,1615600
2018-04-16,42.907501220703125,43.26250076293945,42.6775016784668,43.227500915527344,36.0089225769043,1379600
2018-04-17,43.43000030517578,43.775001525878906,43.38249969482422,43.48749923706055,36.22549819946289,1766800
2018-04-18,43.567501068115234,43.689998626708984,43.02000045776367,43.595001220703125,36.3150520324707,1202400
2018-04-19,43.54750061035156,43.70000076293945,43.23249816894531,43.540000915527344,36.26923370361328,1025200
2018-04-20,43.435001373291016,43.65999984741211,43.0724983215332,43.279998779296875,36.05264663696289,1348000
2018-04-23,43.47999954223633,43.522499084472656,43.09000015258789,43.279998779296875,36.05264663696289,1404400
2018-04-24,43.625,43.75,42.470001220703125,42.875,35.71528244018555,1654000
2018-04-25,42.772499084472656,43.067501068115234,42.435001373291016,42.79750061035156,35.650726318359375,1432400
2018-04-26,42.98249816894531,43.372501373291016,42.662498474121094,43.22249984741211,36.00475311279297,1394000
2018-04-27,43.227500915527344,43.45750045776367,42.977500915527344,43.32749938964844,36.09221267700195,1176000
2018-04-30,43.307498931884766,43.665000915527344,42.5625,42.57500076293945,35.465389251708984,3061200
2018-05-01,42.397499084472656,43.165000915527344,42.25,43.084999084472656,35.89021682739258,1926800
2018-05-02,43.067501068115234,43.282501220703125,42.53499984741211,42.71500015258789,35.58200454711914,1500000
2018-05-03,42.5099983215332,43.59749984741211,42.5,43.252498626708984,36.02975082397461,2214800
2018-05-04,43.07500076293945,43.907501220703125,42.97249984741211,43.807498931884766,36.492069244384766,1667600
2018-05-07,43.90999984741211,44.1150016784668,43.6349983215332,43.9375,36.6003532409668,2445600
2018-05-08,43.900001525878906,44.185001373291016,43.75,44.15999984741211,36.785701751708984,1537600
2018-05-09,44.165000915527344,44.75,43.86000061035156,44.720001220703125,37.25218963623047,1285200
2018-05-10,44.935001373291016,45.54249954223633,44.790000915527344,45.4900016784668,37.893611907958984,1209600
2018-05-11,45.36000061035156,45.997501373291016,45.32749938964844,45.977500915527344,38.29970169067383,1352400
2018-05-14,45.90999984741211,46.05500030517578,45.665000915527344,45.817501068115234,38.166419982910156,1348000
2018-05-15,45.584999084472656,45.814998626708984,45.40999984741211,45.787498474121094,38.141422271728516,1349600
2018-05-16,45.712501525878906,45.90999984741211,45.4275016784668,45.537498474121094,37.93316650390625,1249200
2018-05-17,45.60749816894531,45.869998931884766,45.459999084472656,45.5625,37.95399856567383,1548400
2018-05-18,45.64250183105469,45.842498779296875,45.334999084472656,45.712501525878906,38.07894515991211,1372800
2018-05-21,45.75,45.907501220703125,45.650001525878906,45.85749816894531,38.19973373413086,1702800
2018-05-22,45.875,45.915000915527344,45.157501220703125,45.217498779296875,37.66661071777344,1536800
2018-05-23,45.07749938964844,45.217498779296875,44.787498474121094,45.189998626708984,37.64371109008789,1609600
2018-05-24,45.287498474121094,45.5,44.98500061035156,45.412498474121094,37.82905197143555,1278800
2018-05-25,45.27000045776367,45.49250030517578,45.025001525878906,45.209999084472656,37.66035842895508,1181200
2018-05-29,44.9474983215332,45.400001525878906,44.772499084472656,45.154998779296875,37.614540100097656,1423600
2018-05-30,45.310001373291016,45.80500030517578,45.14500045776367,45.787498474121094,38.141422271728516,1303600
2018-05-31,45.807498931884766,46.0099983215332,45.415000915527344,45.5625,37.95399856567383,4642400
2018-06-01,45.717498779296875,46.16999816894531,45.54999923706055,46.13999938964844,38.435054779052734,1838000
2018-06-04,46.247501373291016,46.79499816894531,46.24250030517578,46.70249938964844,38.90363693237305,1559200
2018-06-05,46.837501525878906,47.474998474121094,46.82500076293945,47.45750045776367,39.53255081176758,1708000
2018-06-06,47.48749923706055,47.834999084472656,47.380001068115234,47.73249816894531,39.76162338256836,1709600
2018-06-07,47.70000076293945,47.8025016784668,46.95500183105469,47.26750183105469,39.37428283691406,1678400
2018-06-08,47.29499816894531,47.89500045776367,47.16999816894531,47.869998931884766,39.876163482666016,1158800
2018-06-11,47.814998626708984,47.977500915527344,47.49250030517578,47.630001068115234,39.676246643066406,1315200
2018-06-12,47.810001373291016,48.192501068115234,47.790000915527344,48.07500076293945,40.04692840576172,1192800
2018-06-13,48.037498474121094,48.522499084472656,48.037498474121094,48.07500076293945,40.04692840576172,1421600
2018-06-14,48.275001525878906,48.275001525878906,47.70000076293945,47.88999938964844,39.89282989501953,1948000
2018-06-15,47.93000030517578,47.932498931884766,47.32749938964844,47.627498626708984,39.67416000366211,3722000
2018-06-18,47.657501220703125,47.86249923706055,47.33000183105469,47.75749969482422,39.7824592590332,1598800
2018-06-19,47.4375,47.685001373291016,46.96500015258789,47.63750076293945,39.6824951171875,1388000
2018-06-20,47.755001068115234,47.842498779296875,47.3849983215332,47.56999969482422,39.62626266479492,1356000
2018-06-21,47.52750015258789,47.650001525878906,47.002498626708984,47.3650016784668,39.455501556396484,1253600
2018-06-22,47.61000061035156,47.747501373291016,47.092498779296875,47.157501220703125,39.28265380859375,1910000
2018-06-25,47.095001220703125,47.212501525878906,46.17499923706055,46.39500045776367,38.647483825683594,2347200
2018-06-26,46.48749923706055,46.852500915527344,46.459999084472656,46.647499084472656,38.85781478881836,1701600
2018-06-27,46.5099983215332,46.994998931884766,46.040000915527344,46.087501525878906,38.39132308959961,1575600
2018-06-28,46.119998931884766,46.567501068115234,46.04750061035156,46.38999938964844,38.643310546875,1004400
2018-06-29,46.4474983215332,47.04249954223633,46.2599983215332,46.26750183105469,38.5412712097168,1753200
2018-07-02,46.060001373291016,47.217498779296875,45.79999923706055,47.162498474121094,39.286808013916016,1804800
2018-07-03,47.244998931884766,47.45500183105469,46.73749923706055,46.77000045776367,38.95985794067383,969200
2018-07-05,46.95750045776367,47.40250015258789,46.8025016784668,47.349998474121094,39.4430046081543,1633600
2018-07-06,47.33250045776367,47.97249984741211,47.17499923706055,47.817501068115234,39.83243942260742,1105600
2018-07-09,47.977500915527344,48.247501373291016,47.875,48.227500915527344,40.17396926879883,2306000
2018-07-10,48.26750183105469,48.58000183105469,48.09749984741211,48.3224983215332,40.25310134887695,1682000
2018-07-11,48.01750183105469,48.57749938964844,47.98749923706055,48.38999938964844,40.309329986572266,1910000
2018-07-12,48.63999938964844,48.79499816894531,48.275001525878906,48.76499938964844,40.6217155456543,1426000
2018-07-13,48.900001525878906,49.067501068115234,48.74250030517578,48.9275016784668,40.757080078125,1280000
2018-07-16,48.94499969482422,49.005001068115234,48.04249954223633,48.125,40.08858871459961,2048400
2018-07-17,48.415000915527344,48.647499084472656,48.15250015258789,48.564998626708984,40.455108642578125,1998400
2018-07-18,48.47249984741211,48.747501373291016,48.04249954223633,48.13249969482422,40.09483337402344,2157600
2018-07-19,48.150001525878906,48.48500061035156,47.869998931884766,48.41999816894531,40.334320068359375,2693200
2018-07-20,49.125,51.06999969482422,48.76499938964844,50.89250183105469,42.39393997192383,5224800
2018-07-23,50.935001373291016,51.994998931884766,50.86000061035156,51.279998779296875,42.71672821044922,4162000
2018-07-24,51.14250183105469,51.994998931884766,51.14250183105469,51.747501373291016,43.10616683959961,3312400
2018-07-25,51.65999984741211,52.34749984741211,51.53499984741211,52.3125,43.57681655883789,2458400
2018-07-26,52.4900016784668,52.595001220703125,51.85749816894531,52.1974983215332,43.48101043701172,2083200
2018-07-27,52.2400016784668,52.30500030517578,50.85499954223633,51.25749969482422,42.69798278808594,2052400
2018-07-30,51.22999954223633,51.247501373291016,50.342498779296875,50.682498931884766,42.2190055847168,2602400
2018-07-31,50.970001220703125,51.2400016784668,50.682498931884766,51.119998931884766,42.583438873291016,3031200
2018-08-01,51.0,51.654998779296875,51.0,51.49250030517578,42.89375686645508,2485600
2018-08-02,51.34749984741211,52.11750030517578,51.282501220703125,52.04499816894531,43.353981018066406,2140800
2018-08-03,52.02000045776367,52.157501220703125,51.287498474121094,51.72999954223633,43.09158706665039,1530400
2018-08-06,51.77750015258789,52.752498626708984,51.75749969482422,52.54750061035156,43.7725715637207,1740000
2018-08-07,52.724998474121094,53.067501068115234,52.627498626708984,52.807498931884766,43.989158630371094,1442800
2018-08-08,52.79999923706055,53.005001068115234,52.61249923706055,52.70000076293945,43.89961242675781,1668400
2018-08-09,52.8224983215332,53.147499084472656,52.755001068115234,52.849998474121094,44.02455520629883,1868800
2018-08-10,52.29999923706055,52.95000076293945,52.290000915527344,52.747501373291016,43.939170837402344,1477200
2018-08-13,52.782501220703125,52.97999954223633,52.28499984741211,52.41999816894531,43.66636657714844,1098400
2018-08-14,52.42499923706055,52.89250183105469,52.1150016784668,52.56999969482422,43.791316986083984,2202400
2018-08-15,52.38249969482422,52.90999984741211,52.17250061035156,52.852500915527344,44.026634216308594,1935600
2018-08-16,53.04999923706055,53.255001068115234,52.82500076293945,52.98249816894531,44.134918212890625,1275600
2018-08-17,53.16999816894531,53.275001525878906,52.904998779296875,53.19499969482422,44.31194305419922,1696400
2018-08-20,53.404998779296875,53.49250030517578,53.08000183105469,53.217498779296875,44.3306884765625,1870800
2018-08-21,53.27750015258789,53.459999084472656,52.96500015258789,52.98500061035156,44.13701248168945,1956400
2018-08-22,52.89250183105469,53.4275016784668,52.752498626708984,53.10499954223633,44.23697280883789,1142000
2018-08-23,52.9900016784668,53.20000076293945,52.77750015258789,53.09749984741211,44.23072814941406,992800
2018-08-24,53.17499923706055,53.42250061035156,52.875,53.157501220703125,44.28071212768555,913600
2018-08-27,53.345001220703125,53.48249816894531,52.92499923706055,53.0099983215332,44.157840728759766,1439200
2018-08-28,53.17250061035156,53.377498626708984,53.029998779296875,53.272499084472656,44.37649917602539,1018400
2018-08-29,53.3849983215332,53.6875,53.099998474121094,53.567501068115234,44.62224578857422,1180800
2018-08-30,53.42250061035156,53.567501068115234,53.084999084472656,53.32749938964844,44.42231750488281,834000
2018-08-31,53.224998474121094,53.43000030517578,53.14250183105469,53.342498779296875,44.434810638427734,1562400
2018-09-04,53.30500030517578,54.04249954223633,53.30500030517578,53.8849983215332,44.88671875,1639200
2018-09-05,53.6150016784668,54.209999084472656,53.35499954223633,53.657501220703125,44.69721221923828,2059600
2018-09-06,53.647499084472656,54.162498474121094,53.560001373291016,54.099998474121094,45.065818786621094,1107600
2018-09-07,53.92499923706055,54.334999084472656,53.61000061035156,54.057498931884766,45.03041458129883,1157200
2018-09-10,54.09749984741211,54.09749984741211,53.52000045776367,53.61000061035156,44.657630920410156,1575200
2018-09-11,53.42499923706055,54.220001220703125,53.122501373291016,53.79750061035156,44.81382751464844,1329600
2018-09-12,53.307498931884766,53.845001220703125,52.9900016784668,53.227500915527344,44.339019775390625,1884000
2018-09-13,53.564998626708984,53.59749984741211,53.23249816894531,53.342498779296875,44.434810638427734,1796000
2018-09-14,53.337501525878906,53.76499938964844,53.16749954223633,53.619998931884766,44.66597366333008,1250800
2018-09-17,53.625,53.625,52.932498931884766,53.11750030517578,44.24739074707031,1684400
2018-09-18,53.29249954223633,53.86249923706055,53.189998626708984,53.720001220703125,44.74927520751953,2271200
2018-09-19,53.682498931884766,53.709999084472656,52.462501525878906,52.70500183105469,43.903778076171875,1767600
2018-09-20,52.875,53.0625,52.45500183105469,52.92250061035156,44.08494567871094,1674000
2018-09-21,53.0724983215332,53.48500061035156,52.787498474121094,52.92499923706055,44.08702850341797,3394800
2018-09-24,53.0,53.10499954223633,52.525001525878906,52.77750015258789,43.96415710449219,1885200
2018-09-25,53.03499984741211,53.412498474121094,52.83000183105469,53.2400016784668,44.349430084228516,3288000
2018-09-26,51.54499816894531,52.247501373291016,50.02750015258789,50.290000915527344,41.892051696777344,9292800
2018-09-27,50.345001220703125,50.5,49.20750045776367,49.397499084472656,41.148590087890625,4696000
2018-09-28,49.165000915527344,49.55500030517578,48.77000045776367,49.45249938964844,41.19440460205078,4429600
2018-10-01,49.747501373291016,49.912498474121094,49.25749969482422,49.505001068115234,41.238136291503906,4650000
2018-10-02,49.27750015258789,49.584999084472656,48.89500045776367,48.962501525878906,40.78623962402344,4170800
2018-10-03,49.16749954223633,49.34749984741211,48.817501068115234,49.0099983215332,40.825801849365234,4172400
2018-10-04,48.974998474121094,49.227500915527344,48.5724983215332,48.720001220703125,40.584224700927734,3514400
2018-10-05,48.817501068115234,49.3125,48.505001068115234,48.974998474121094,40.79664611816406,3424000
2018-10-08,48.92250061035156,49.122501373291016,48.119998931884766,48.6150016784668,40.496761322021484,1626000
2018-10-09,48.65999984741211,49.130001068115234,48.54249954223633,48.83000183105469,40.67585372924805,2677600
2018-10-10,48.837501525878906,48.837501525878906,46.71500015258789,46.782501220703125,38.97027587890625,3434400
2018-10-11,46.72249984741211,47.317501068115234,45.86750030517578,46.005001068115234,38.32260513305664,4842400
2018-10-12,46.415000915527344,47.00749969482422,46.13249969482422,46.74250030517578,38.93695831298828,3260400
2018-10-15,46.685001373291016,46.685001373291016,45.997501373291016,46.09749984741211,38.399658203125,2196400
2018-10-16,46.29750061035156,47.630001068115234,46.252498626708984,47.477500915527344,39.54921340942383,2174000
2018-10-17,47.68000030517578,47.68000030517578,46.352500915527344,46.54999923706055,38.77659225463867,2872800
2018-10-18,46.57500076293945,46.747501373291016,44.91999816894531,45.2400016784668,37.685359954833984,3169200
2018-10-19,45.45500183105469,45.51499938964844,44.45249938964844,44.665000915527344,37.20637512207031,2569200
2018-10-22,44.727500915527344,45.029998779296875,44.1974983215332,44.665000915527344,37.20637512207031,2277200
2018-10-23,43.997501373291016,44.24250030517578,42.6875,43.66999816894531,36.377525329589844,4284400
2018-10-24,43.647499084472656,44.04750061035156,42.005001068115234,42.095001220703125,35.065528869628906,3633600
2018-10-25,42.5,43.6150016784668,42.14500045776367,43.42250061035156,36.17136001586914,3349600
2018-10-26,42.564998626708984,43.48749923706055,42.04999923706055,42.86750030517578,35.709041595458984,2546400
2018-10-29,43.372501373291016,43.8025016784668,42.25,42.974998474121094,35.798587799072266,3026400
2018-10-30,43.27750015258789,44.595001220703125,43.27750015258789,44.47249984741211,37.0460205078125,4873600
2018-10-31,44.75,45.970001220703125,44.747501373291016,45.467498779296875,37.87485885620117,4223600
2018-11-01,45.592498779296875,45.65999984741211,44.61750030517578,45.192501068115234,37.645782470703125,3191200
2018-11-02,45.497501373291016,45.935001373291016,44.51750183105469,44.907501220703125,37.40837478637695,2067200
2018-11-05,45.005001068115234,45.224998474121094,44.067501068115234,44.41749954223633,37.00019836425781,2636000
2018-11-06,44.51750183105469,44.814998626708984,44.029998779296875,44.352500915527344,36.9460563659668,3010400
2018-11-07,44.837501525878906,45.42499923706055,44.52750015258789,45.349998474121094,37.77698516845703,2839600
2018-11-08,44.86000061035156,45.3025016784668,44.61750030517578,45.290000915527344,39.51315689086914,1607200
2018-11-09,45.16749954223633,45.16749954223633,44.290000915527344,44.80500030517578,39.09001922607422,1648000
2018-11-12,44.67499923706055,44.997501373291016,44.02000045776367,44.20750045776367,38.56873321533203,1736000
2018-11-13,44.342498779296875,45.102500915527344,44.182498931884766,44.532501220703125,38.852272033691406,1847600
2018-11-14,44.852500915527344,45.0,43.935001373291016,44.307498931884766,38.65597915649414,1660000
2018-11-15,44.162498474121094,45.61000061035156,44.002498626708984,45.55500030517578,39.744354248046875,2255200
2018-11-16,45.537498474121094,45.994998931884766,45.1150016784668,45.79999923706055,39.958106994628906,1803200
2018-11-19,45.75,45.84749984741211,44.56999969482422,44.89500045776367,39.16853332519531,2607600
2018-11-20,44.502498626708984,44.779998779296875,44.125,44.45000076293945,38.78030776977539,2855200
2018-11-21,44.877498626708984,45.52750015258789,44.58000183105469,45.17250061035156,39.41064453125,1954800
2018-11-23,44.932498931884766,45.2599983215332,44.70500183105469,45.01250076293945,39.27104949951172,1138000
2018-11-26,45.462501525878906,45.817501068115234,45.022499084472656,45.564998626708984,39.75307846069336,2759600
2018-11-27,45.29999923706055,45.880001068115234,45.20500183105469,45.837501525878906,39.990821838378906,1823200
2018-11-28,45.6875,47.07749938964844,45.6875,47.060001373291016,41.057395935058594,2754400
2018-11-29,46.9474983215332,47.212501525878906,46.442501068115234,47.0099983215332,41.01375961303711,1724400
2018-11-30,47.19499969482422,47.45500183105469,46.727500915527344,46.845001220703125,40.869815826416016,3189600
2018-12-03,47.47999954223633,47.814998626708984,46.90999984741211,47.342498779296875,41.303855895996094,2353200
2018-12-04,47.497501373291016,47.497501373291016,44.872501373291016,44.872501373291016,39.1489143371582,2758400
2018-12-06,44.29750061035156,44.58000183105469,43.397499084472656,44.45750045776367,38.786842346191406,3477600
2018-12-07,44.1974983215332,44.6349983215332,42.60499954223633,42.849998474121094,37.38438415527344,3420000
2018-12-10,42.849998474121094,43.092498779296875,42.272499084472656,42.8849983215332,37.41492462158203,2603600
2018-12-11,43.477500915527344,43.66999816894531,42.474998474121094,42.60749816894531,37.17281723022461,2672800
2018-12-12,43.27750015258789,44.02000045776367,43.150001525878906,43.290000915527344,37.76825714111328,2143600
2018-12-13,43.45249938964844,43.532501220703125,42.67250061035156,42.959999084472656,37.480350494384766,1715600
2018-12-14,42.622501373291016,42.92250061035156,42.32500076293945,42.435001373291016,37.02232360839844,2387200
2018-12-17,42.467498779296875,42.71500015258789,41.32749938964844,41.55500030517578,36.25456619262695,4194400
2018-12-18,41.834999084472656,41.98500061035156,41.21500015258789,41.650001525878906,36.33744812011719,3933200
2018-12-19,41.68000030517578,42.75749969482422,41.20500183105469,41.26750183105469,36.00373077392578,5040400
2018-12-20,40.849998474121094,41.04999923706055,38.994998931884766,39.7599983215332,34.68851089477539,5766800
2018-12-21,40.255001068115234,41.537498474121094,39.73749923706055,39.99250030517578,34.891361236572266,9143200
2018-12-24,40.03499984741211,40.09749984741211,38.994998931884766,39.005001068115234,34.02982711791992,2248400
2018-12-26,39.23500061035156,41.022499084472656,39.01250076293945,41.00749969482422,35.77689743041992,4056400
2018-12-27,40.45500183105469,41.8224983215332,40.247501373291016,41.8125,36.479217529296875,2739200
2018-12-28,41.935001373291016,42.25749969482422,41.25749969482422,41.727500915527344,36.405052185058594,2604000
2018-12-31,41.98749923706055,42.130001068115234,41.442501068115234,41.997501373291016,36.64061737060547,2257200
2019-01-02,41.377498626708984,41.89500045776367,41.147499084472656,41.872501373291016,36.53156661987305,2378400
2019-01-03,41.98500061035156,42.5,41.125,41.20249938964844,35.94702911376953,3674000
2019-01-04,41.79999923706055,43.192501068115234,41.42250061035156,43.13999938964844,37.63739013671875,3482000
2019-01-07,43.122501373291016,43.54249954223633,42.6775016784668,43.212501525878906,37.70064926147461,2956400
2019-01-08,43.63249969482422,43.875,42.78499984741211,43.68000030517578,38.1085205078125,3110000
2019-01-09,43.86750030517578,44.30500030517578,43.540000915527344,44.0625,38.44223403930664,2433200
2019-01-10,43.97999954223633,44.40250015258789,43.880001068115234,44.369998931884766,38.71050262451172,2244400
2019-01-11,44.24250030517578,44.48249816894531,43.852500915527344,44.4474983215332,38.778114318847656,1763200
2019-01-14,44.165000915527344,44.36000061035156,43.869998931884766,44.165000915527344,38.531654357910156,1593200
2019-01-15,44.342498779296875,44.529998779296875,44.022499084472656,44.3849983215332,38.72358703613281,1760000
2019-01-16,44.470001220703125,44.65999984741211,44.099998474121094,44.567501068115234,38.882808685302734,1978400
2019-01-17,44.4474983215332,45.3125,44.317501068115234,45.227500915527344,39.458621978759766,1652400
2019-01-18,45.662498474121094,46.334999084472656,45.400001525878906,46.227500915527344,40.33108139038086,2552400
2019-01-22,46.022499084472656,46.162498474121094,45.33000183105469,45.689998626708984,39.86212921142578,1578800
2019-01-23,45.90250015258789,45.962501525878906,45.13999938964844,45.53499984741211,39.726905822753906,1849600
2019-01-24,45.59000015258789,45.662498474121094,45.11000061035156,45.630001068115234,39.809791564941406,1121200
2019-01-25,46.125,46.33250045776367,46.0,46.244998931884766,40.346343994140625,1695200
2019-01-28,45.81999969482422,45.89500045776367,45.29249954223633,45.747501373291016,39.91230773925781,1534400
2019-01-29,45.932498931884766,46.00749969482422,45.58000183105469,45.775001525878906,39.93629837036133,1365600
2019-01-30,46.03499984741211,46.85749816894531,45.65999984741211,46.654998779296875,40.704044342041016,1737600
2019-01-31,46.68000030517578,46.977500915527344,46.48500061035156,46.877498626708984,40.898162841796875,2835600
2019-02-01,46.8849983215332,47.244998931884766,46.54249954223633,47.15250015258789,41.138084411621094,2261600
2019-02-04,47.147499084472656,47.60499954223633,46.73249816894531,47.59000015258789,41.519779205322266,1422000
2019-02-05,47.61750030517578,48.01250076293945,47.5,47.95000076293945,41.83386993408203,1394400
2019-02-06,47.875,47.970001220703125,47.6775016784668,47.88750076293945,41.77934265136719,1578800
2019-02-07,47.627498626708984,48.022499084472656,47.477500915527344,47.9375,41.82295608520508,1635600
2019-02-08,47.70750045776367,48.5625,47.657501220703125,48.557498931884766,42.3638801574707,1335600
2019-02-11,48.85499954223633,49.442501068115234,48.69499969482422,49.40250015258789,43.101097106933594,2683600
2019-02-12,49.782501220703125,50.227500915527344,49.505001068115234,50.147499084472656,43.751068115234375,2460000
2019-02-13,50.16999816894531,50.720001220703125,50.147499084472656,50.439998626708984,44.006263732910156,2168000
2019-02-14,50.002498626708984,50.587501525878906,50.002498626708984,50.352500915527344,43.92992401123047,1808800
2019-02-15,50.84000015258789,50.97249984741211,50.317501068115234,50.9474983215332,44.44902801513672,2094800
2019-02-19,50.73749923706055,50.96500015258789,50.70750045776367,50.872501373291016,44.383602142333984,1448800
2019-02-20,50.69499969482422,50.904998779296875,50.25749969482422,50.76499938964844,44.28981399536133,1055600
2019-02-21,50.81999969482422,50.88999938964844,50.255001068115234,50.744998931884766,44.2723503112793,1191200
2019-02-22,50.875,51.25,50.747501373291016,51.099998474121094,44.58207702636719,1170400
2019-02-25,51.33000183105469,51.48249816894531,51.09749984741211,51.1150016784668,44.595157623291016,1285600
2019-02-26,50.92250061035156,51.25,50.775001525878906,50.79999923706055,44.32033920288086,1209200
2019-02-27,50.70500183105469,51.349998474121094,50.29999923706055,51.244998931884766,44.70858383178711,1311600
2019-02-28,51.279998779296875,51.83250045776367,51.087501525878906,51.650001525878906,45.061927795410156,1764400
2019-03-01,52.0099983215332,52.36249923706055,51.630001068115234,52.087501525878906,45.44361877441406,1568800
2019-03-04,52.279998779296875,52.40999984741211,51.372501373291016,51.647499084472656,45.05973815917969,1531600
2019-03-05,51.72999954223633,51.76750183105469,51.32500076293945,51.342498779296875,44.79364776611328,2164400
2019-03-06,51.29999923706055,51.45750045776367,50.790000915527344,50.80500030517578,44.32470703125,1744400
2019-03-07,50.79249954223633,50.875,50.04499816894531,50.63249969482422,44.17421340942383,2299200
2019-03-08,50.275001525878906,50.42499923706055,49.92499923706055,50.33000183105469,43.91029357910156,1895600
2019-03-11,50.439998626708984,51.15999984741211,49.99250030517578,51.08000183105469,44.564632415771484,2944800
2019-03-12,51.127498626708984,51.227500915527344,50.61750030517578,51.022499084472656,44.514461517333984,1944000
2019-03-13,51.17499923706055,51.53499984741211,51.025001525878906,51.380001068115234,44.82637023925781,2170800
2019-03-14,51.27750015258789,51.38249969482422,50.932498931884766,51.22249984741211,44.6889533996582,2735200
2019-03-15,51.227500915527344,51.79999923706055,51.1349983215332,51.38750076293945,44.83290100097656,4489600
2019-03-18,51.497501373291016,51.97249984741211,51.40999984741211,51.8849983215332,45.26694869995117,1839600
2019-03-19,51.970001220703125,52.08000183105469,51.5,51.630001068115234,45.044471740722656,1682800
2019-03-20,51.8025016784668,51.97249984741211,51.157501220703125,51.29750061035156,44.7543830871582,1867200
2019-03-21,51.0,52.11249923706055,51.0,52.029998779296875,45.39344787597656,3353200
2019-03-22,50.727500915527344,51.002498626708984,48.4375,48.63750076293945,42.433677673339844,6198400
2019-03-25,48.529998779296875,49.345001220703125,47.977500915527344,49.255001068115234,42.972408294677734,4686400
2019-03-26,49.625,49.90250015258789,49.439998626708984,49.845001220703125,43.48716354370117,1808400
2019-03-27,49.89250183105469,50.317501068115234,49.525001525878906,49.76750183105469,43.41954040527344,1552400
2019-03-28,49.877498626708984,50.224998474121094,49.63750076293945,50.157501220703125,43.759796142578125,1200400
2019-03-29,50.51250076293945,50.630001068115234,50.0099983215332,50.52750015258789,44.08259582519531,1556000
2019-04-01,51.0525016784668,51.34000015258789,50.834999084472656,51.244998931884766,44.70858383178711,2062400
2019-04-02,51.29750061035156,51.587501525878906,51.16999816894531,51.522499084472656,44.95068359375,1589200
2019-04-03,51.70249938964844,52.025001525878906,51.57500076293945,51.84749984741211,45.234230041503906,1630400
2019-04-04,52.037498474121094,52.037498474121094,51.185001373291016,51.334999084472656,44.787105560302734,1120000
2019-04-05,51.53499984741211,51.89250183105469,51.36000061035156,51.592498779296875,45.01175308227539,879600
2019-04-08,51.352500915527344,51.6349983215332,50.939998626708984,51.57749938964844,44.99866485595703,1360400
2019-04-09,51.3025016784668,51.64500045776367,51.064998626708984,51.182498931884766,44.654052734375,1202000
2019-04-10,51.24250030517578,51.439998626708984,50.8650016784668,51.24250030517578,44.706398010253906,1096400
2019-04-11,51.2599983215332,51.43000030517578,50.869998931884766,51.36750030517578,44.81544876098633,1282000
2019-04-12,51.595001220703125,51.875,50.9900016784668,51.849998474121094,45.236412048339844,1637600
2019-04-15,51.875,52.154998779296875,51.627498626708984,52.057498931884766,45.417442321777344,1694800
2019-04-16,52.10499954223633,52.439998626708984,52.08250045776367,52.33250045776367,45.65736389160156,1111200
2019-04-17,52.50749969482422,52.69499969482422,52.1150016784668,52.48500061035156,45.79042434692383,1652800
2019-04-18,52.74250030517578,53.4375,52.48500061035156,53.41999816894531,46.60615158081055,2350800
2019-04-22,52.96500015258789,53.24250030517578,52.595001220703125,52.692501068115234,45.97145080566406,1175200
2019-04-23,52.88249969482422,53.42250061035156,52.592498779296875,53.349998474121094,46.54507827758789,1334800
2019-04-24,53.41749954223633,54.0,53.27000045776367,53.95000076293945,47.06855392456055,1986400
2019-04-25,53.5724983215332,53.84749984741211,53.33250045776367,53.70000076293945,46.850433349609375,2193200
2019-04-26,54.04750061035156,54.3650016784668,53.625,54.19499969482422,47.28230285644531,1078400
2019-04-29,54.150001525878906,54.459999084472656,54.01250076293945,54.217498779296875,47.30192565917969,1965200
2019-04-30,54.119998931884766,54.3125,53.93000030517578,54.28499984741211,47.36082077026367,2284400
2019-05-01,54.40250015258789,54.755001068115234,54.01250076293945,54.01499938964844,47.12526321411133,1534000
2019-05-02,53.84749984741211,54.98749923706055,53.84749984741211,54.94499969482422,47.936641693115234,1943600
2019-05-03,54.845001220703125,55.78499984741211,54.60499954223633,55.73249816894531,48.623695373535156,1825600
2019-05-06,54.59000015258789,55.997501373291016,54.59000015258789,55.724998474121094,48.61714553833008,1666400
2019-05-07,55.06999969482422,55.5625,54.412498474121094,54.712501525878906,47.73379898071289,2171200
2019-05-08,54.897499084472656,55.5525016784668,54.647499084472656,54.97999954223633,47.9671745300293,2151600
2019-05-09,54.54499816894531,55.47999954223633,54.09749984741211,55.377498626708984,48.3139762878418,1406000
2019-05-10,54.95000076293945,55.900001525878906,54.4375,55.70750045776367,48.60187911987305,1604000
2019-05-13,54.4900016784668,55.04249954223633,53.970001220703125,54.125,47.22124099731445,2326400
2019-05-14,54.3025016784668,55.3849983215332,54.095001220703125,55.01750183105469,47.99988555908203,1462800
2019-05-15,54.61000061035156,55.61249923706055,54.497501373291016,55.38750076293945,48.322689056396484,1695200
2019-05-16,55.48249816894531,56.217498779296875,55.407501220703125,55.93000030517578,48.795997619628906,1416800
2019-05-17,55.61750030517578,56.33250045776367,55.45500183105469,55.85499954223633,48.73056411743164,1403600
2019-05-20,55.3650016784668,56.005001068115234,55.3224983215332,55.845001220703125,48.72184753417969,1086800
2019-05-21,56.26250076293945,56.90999984741211,56.13750076293945,56.752498626708984,49.51358413696289,2280000
2019-05-22,56.65250015258789,56.837501525878906,56.470001220703125,56.5724983215332,49.356536865234375,1351200
2019-05-23,56.15250015258789,56.26250076293945,55.79999923706055,56.04999923706055,48.90069580078125,1451200
2019-05-24,56.217498779296875,56.43000030517578,55.595001220703125,55.625,48.529903411865234,1739200
2019-05-28,55.724998474121094,55.977500915527344,55.15250015258789,55.17250061035156,48.13511657714844,2746800
2019-05-29,55.24250030517578,55.61000061035156,54.9275016784668,55.48500061035156,48.40776443481445,1570800
2019-05-30,55.522499084472656,56.1875,55.48749923706055,55.900001525878906,48.769832611083984,1383200
2019-05-31,55.36249923706055,55.7400016784668,55.25,55.45750045776367,48.383758544921875,1367200
2019-06-03,55.540000915527344,56.157501220703125,55.470001220703125,55.84749984741211,48.72401809692383,1724800
2019-06-04,56.25,56.717498779296875,55.98249816894531,56.625,49.402347564697266,2084000
2019-06-05,56.875,57.76250076293945,56.782501220703125,57.627498626708984,50.276973724365234,2181200
2019-06-06,57.540000915527344,57.974998474121094,57.40999984741211,57.8849983215332,50.50163269042969,1495600
2019-06-07,58.290000915527344,58.36750030517578,57.970001220703125,58.154998779296875,50.73719024658203,2739200
2019-06-10,58.3849983215332,58.82500076293945,58.252498626708984,58.6349983215332,51.15596389770508,2466800
2019-06-11,58.810001373291016,59.09749984741211,57.8125,58.06999969482422,50.66303253173828,1775200
2019-06-12,58.10499954223633,58.807498931884766,58.10499954223633,58.67499923706055,51.19087219238281,1447200
2019-06-13,58.622501373291016,59.157501220703125,58.40999984741211,58.9900016784668,51.46569061279297,1945600
2019-06-14,59.03499984741211,59.36249923706055,58.787498474121094,59.092498779296875,51.55511474609375,1344400
2019-06-17,58.98749923706055,59.14500045776367,58.02000045776367,58.067501068115234,50.66084671020508,2710400
2019-06-18,58.45750045776367,58.75,57.627498626708984,57.86000061035156,50.479820251464844,3213600
2019-06-19,57.787498474121094,59.125,57.66749954223633,58.775001525878906,51.27811050415039,3256400
2019-06-20,59.220001220703125,59.38750076293945,57.50749969482422,58.157501220703125,50.7393798828125,3254800
2019-06-21,58.16999816894531,58.532501220703125,57.717498779296875,58.095001220703125,50.68484878540039,3697600
2019-06-24,58.119998931884766,58.432498931884766,57.817501068115234,58.27750015258789,50.84407424926758,1766400
2019-06-25,58.462501525878906,58.470001220703125,57.67250061035156,57.86249923706055,50.48200607299805,2146800
2019-06-26,58.26750183105469,58.59749984741211,58.05500030517578,58.192501068115234,50.76991271972656,2179600
2019-06-27,58.25749969482422,58.98500061035156,58.125,58.91999816894531,51.40460968017578,1519600
2019-06-28,59.025001525878906,59.375,58.790000915527344,59.3224983215332,51.75577926635742,2622400
2019-07-01,60.0,60.0,58.974998474121094,59.717498779296875,52.10039520263672,2222800
2019-07-02,59.717498779296875,59.79499816894531,59.439998626708984,59.5,51.910640716552734,1778000
2019-07-03,59.60499954223633,60.04249954223633,59.57500076293945,59.88249969482422,52.244346618652344,1134400
2019-07-05,59.58000183105469,59.95000076293945,59.099998474121094,59.88249969482422,52.244346618652344,2320800
2019-07-08,59.65250015258789,59.88249969482422,59.32749938964844,59.564998626708984,51.96734619140625,1196000
2019-07-09,59.287498474121094,59.64500045776367,59.22999954223633,59.60499954223633,52.00224304199219,1448400
2019-07-10,59.834999084472656,60.037498474121094,59.60749816894531,59.67250061035156,52.06113052368164,1240400
2019-07-11,59.810001373291016,60.150001525878906,59.3650016784668,59.997501373291016,52.34468460083008,1803200
2019-07-12,60.165000915527344,60.6775016784668,60.00749969482422,60.61000061035156,52.879051208496094,1623200
2019-07-15,60.5,60.942501068115234,60.002498626708984,60.814998626708984,53.057899475097656,1466400
2019-07-16,61.05500030517578,61.147499084472656,59.782501220703125,59.86000061035156,52.22471618652344,3542800
2019-07-17,63.47999954223633,65.5,62.875,65.09249877929688,56.789798736572266,8521200
2019-07-18,65.0,65.63500213623047,64.47250366210938,65.1624984741211,56.850868225097656,4066400
2019-07-19,65.625,65.95500183105469,64.41999816894531,64.4625015258789,56.24016189575195,2592400
2019-07-22,64.60250091552734,65.37249755859375,64.5374984741211,64.75749969482422,56.49753189086914,2751200
2019-07-23,65.01750183105469,65.25,64.10250091552734,65.19750213623047,56.881404876708984,2157200
2019-07-24,64.7300033569336,65.48999786376953,64.5625,65.47750091552734,57.125694274902344,2262000
2019-07-25,64.98999786376953,65.65499877929688,64.9000015258789,65.19000244140625,56.874874114990234,1695200
2019-07-26,65.14250183105469,65.65249633789062,64.62750244140625,65.42250061035156,57.07770538330078,3108400
2019-07-29,65.26499938964844,65.63749694824219,64.41500091552734,65.17250061035156,56.85959243774414,1528000
2019-07-30,65.0425033569336,65.76249694824219,64.66000366210938,65.7125015258789,57.33072280883789,1630400
2019-07-31,65.69499969482422,66.07250213623047,64.12750244140625,65.11000061035156,56.80507278442383,3514800
2019-08-01,65.26750183105469,66.0,64.5374984741211,64.75749969482422,56.49753189086914,2238800
2019-08-02,64.6449966430664,65.1624984741211,64.03250122070312,64.60250091552734,56.3623046875,1916000
2019-08-05,63.40250015258789,64.25250244140625,62.1875,62.779998779296875,54.77225875854492,2471600
2019-08-06,63.0,64.44999694824219,63.0,64.29750061035156,56.0962028503418,1941600
2019-08-07,63.34749984741211,64.87750244140625,62.99250030517578,64.61250305175781,56.37103271484375,2875600
2019-08-08,64.85749816894531,66.11750030517578,64.66000366210938,66.07250213623047,57.64479446411133,1969600
2019-08-09,66.63999938964844,66.63999938964844,65.1875,65.8550033569336,57.455047607421875,1566400
2019-08-12,65.82499694824219,66.00499725341797,65.19750213623047,65.3499984741211,57.01445770263672,1582400
2019-08-13,65.13500213623047,66.68250274658203,65.09249877929688,66.5425033569336,58.05485534667969,1916000
2019-08-14,65.61499786376953,66.4175033569336,64.15249633789062,64.18000030517578,55.993690490722656,1783600
2019-08-15,64.30000305175781,65.2874984741211,64.0425033569336,65.00499725341797,56.71345520019531,1834800
2019-08-16,65.67500305175781,66.30999755859375,65.35250091552734,66.0999984741211,57.66879653930664,1840000
2019-08-19,66.94750213623047,67.23999786376953,66.25,66.95500183105469,58.414737701416016,1868000
2019-08-20,67.3125,67.58999633789062,66.6449966430664,66.95999908447266,58.41908645629883,1422800
2019-08-21,66.9749984741211,67.25749969482422,66.59750366210938,66.9124984741211,58.37765121459961,2638800
2019-08-22,67.16999816894531,67.16999816894531,65.86750030517578,66.11499786376953,57.681880950927734,1294000
2019-08-23,65.88249969482422,66.0374984741211,63.66749954223633,64.01000213623047,55.84538650512695,2149600
2019-08-26,64.93250274658203,65.11250305175781,64.37999725341797,65.08499908447266,56.78325271606445,2269600
2019-08-27,65.80999755859375,65.86499786376953,65.2125015258789,65.2874984741211,56.959922790527344,2122400
2019-08-28,64.95249938964844,65.63999938964844,64.5625,65.54499816894531,57.1845817565918,1550400
2019-08-29,66.0,66.5,65.93499755859375,66.1500015258789,57.7124137878418,1461600
2019-08-30,65.8550033569336,66.6675033569336,65.69750213623047,65.94999694824219,57.53791809082031,1565200
2019-09-03,65.6500015258789,66.0,64.63249969482422,64.98249816894531,56.69382858276367,1562000
2019-09-04,65.5374984741211,66.3324966430664,65.0,66.00250244140625,57.58373260498047,2590800
2019-09-05,66.7300033569336,67.55999755859375,66.59249877929688,66.80999755859375,58.2882194519043,1523200
2019-09-06,66.79750061035156,67.31749725341797,66.48750305175781,66.54750061035156,58.059207916259766,1153600
2019-09-09,66.88999938964844,66.88999938964844,63.807498931884766,63.915000915527344,55.76249313354492,3720400
2019-09-10,63.38750076293945,63.54249954223633,61.7400016784668,62.24250030517578,54.30332565307617,4191600
2019-09-11,62.497501373291016,62.5,61.19499969482422,61.505001068115234,53.6599006652832,3514800
2019-09-12,61.9474983215332,62.4375,61.595001220703125,61.627498626708984,53.76676940917969,2861600
2019-09-13,61.650001525878906,61.904998779296875,61.147499084472656,61.66999816894531,53.803836822509766,3434800
2019-09-16,61.375,62.252498626708984,61.0,61.8650016784668,53.97397994995117,3082400
2019-09-17,61.994998931884766,62.584999084472656,61.994998931884766,62.48749923706055,54.51707077026367,1537600
2019-09-18,62.529998779296875,62.529998779296875,61.72249984741211,62.41749954223633,54.45599365234375,2178000
2019-09-19,62.217498779296875,63.2400016784668,62.217498779296875,62.85499954223633,54.83769607543945,1966800
2019-09-20,63.18000030517578,64.22000122070312,62.97999954223633,63.44499969482422,55.352439880371094,4360400
2019-09-23,63.61000061035156,63.84000015258789,63.092498779296875,63.662498474121094,55.54220199584961,2278800
2019-09-24,64.06500244140625,64.4749984741211,62.810001373291016,63.03499984741211,54.99474334716797,2451200
2019-09-25,65.5,66.97250366210938,65.0425033569336,66.65499877929688,58.15299987792969,6902400
2019-09-26,66.5824966430664,67.16999816894531,66.26499938964844,67.00499725341797,58.45835494995117,2803600
2019-09-27,67.0425033569336,67.52749633789062,66.05249786376953,66.53250122070312,58.046138763427734,3573600
2019-09-30,66.79499816894531,67.38749694824219,66.36499786376953,67.0250015258789,58.47581100463867,2244800
2019-10-01,67.13249969482422,67.20500183105469,65.58999633789062,65.59750366210938,57.23039627075195,2074800
2019-10-02,65.48249816894531,65.49500274658203,64.1875,64.73750305175781,56.48008728027344,2734000
2019-10-03,64.51750183105469,64.8499984741211,63.46500015258789,64.65750122070312,56.4102897644043,1824400
2019-10-04,65.02749633789062,65.79750061035156,64.87000274658203,65.71499633789062,57.33290481567383,1781200
2019-10-07,65.59249877929688,65.73999786376953,64.94499969482422,65.24250030517578,56.9206657409668,1204800
2019-10-08,64.71749877929688,65.69750213623047,64.31500244140625,65.0824966430664,56.781070709228516,2283200
2019-10-09,65.2874984741211,66.10749816894531,65.2249984741211,65.89250183105469,57.48775863647461,1101200
2019-10-10,65.84249877929688,66.67500305175781,65.5250015258789,66.51750183105469,58.03303909301758,1530000
2019-10-11,67.57499694824219,67.94499969482422,66.82749938964844,66.90249633789062,58.36893844604492,1773600
2019-10-14,66.92500305175781,67.06999969482422,66.44750213623047,66.48500061035156,58.00468444824219,2076000
2019-10-15,66.65499877929688,67.375,66.5,67.36250305175781,58.7702522277832,1891600
2019-10-16,67.29499816894531,67.29499816894531,66.44249725341797,66.74250030517578,58.22932815551758,1682000
2019-10-17,67.19000244140625,67.4124984741211,66.54000091552734,67.0824966430664,58.52597427368164,1504800
2019-10-18,67.1449966430664,67.5,66.69750213623047,67.32749938964844,58.73971939086914,1807600
2019-10-21,67.51000213623047,67.98999786376953,67.11000061035156,67.49749755859375,58.88803482055664,1202000
2019-10-22,67.58000183105469,67.66000366210938,66.47750091552734,66.53250122070312,58.046138763427734,1053200
2019-10-23,66.47000122070312,67.0425033569336,66.17250061035156,67.03250122070312,58.482357025146484,1128800
2019-10-24,67.16000366210938,68.16000366210938,66.98500061035156,68.08499908447266,59.40060043334961,1610400
2019-10-25,68.07749938964844,68.15750122070312,67.4625015258789,67.58499908447266,58.964378356933594,1093200
2019-10-28,67.87249755859375,68.13999938964844,67.64250183105469,67.94750213623047,59.280635833740234,1354400
2019-10-29,67.6449966430664,69.06999969482422,67.61750030517578,68.62999725341797,59.87607955932617,1763200
2019-10-30,68.7750015258789,69.12249755859375,68.33000183105469,69.06500244140625,60.25559616088867,1416400
2019-10-31,69.12249755859375,69.4625015258789,67.11499786376953,67.1675033569336,58.60013961791992,2669600
2019-11-01,67.7249984741211,67.8949966430664,66.75749969482422,67.22250366210938,58.64811706542969,2504800
2019-11-04,67.44999694824219,67.99500274658203,66.81500244140625,67.43000030517578,58.829139709472656,1689600
2019-11-05,67.75499725341797,67.75499725341797,66.36250305175781,66.74749755859375,58.23368835449219,1790400
2019-11-06,66.91999816894531,66.92250061035156,65.84500122070312,66.23750305175781,57.788753509521484,2292400
2019-11-07,66.07250213623047,66.18250274658203,65.43499755859375,65.5,59.43336486816406,2284000
2019-11-08,65.47000122070312,65.99500274658203,65.03250122070312,65.22000122070312,59.1793098449707,2512000
2019-11-11,64.98750305175781,65.47000122070312,64.92500305175781,65.15249633789062,59.11805725097656,1742400
2019-11-12,65.08000183105469,65.5625,64.56500244140625,64.7125015258789,58.718814849853516,4764800
2019-11-13,63.09000015258789,63.912498474121094,61.91749954223633,63.810001373291016,57.8999137878418,6669200
2019-11-14,63.48249816894531,64.88749694824219,63.037498474121094,64.83999633789062,58.83450698852539,2419600
2019-11-15,64.61250305175781,65.00499725341797,63.8849983215332,64.02999877929688,58.099525451660156,2635200
2019-11-18,63.8125,64.5425033569336,63.52750015258789,64.03500366210938,58.104068756103516,2400000
2019-11-19,64.22000122070312,64.85250091552734,63.80500030517578,64.4749984741211,58.50331497192383,1942400
2019-11-20,64.19999694824219,65.32250213623047,64.16500091552734,64.86499786376953,58.85718536376953,2533200
2019-11-21,64.83499908447266,64.9749984741211,63.342498779296875,63.407501220703125,57.53468322753906,2011200
2019-11-22,64.09249877929688,64.36000061035156,63.20750045776367,63.522499084472656,57.63903045654297,1967600
2019-11-25,63.412498474121094,63.73500061035156,62.54750061035156,62.717498779296875,56.90859603881836,2478000
2019-11-26,62.91749954223633,64.10749816894531,62.75,64.01249694824219,58.08364486694336,4252400
2019-11-27,63.94499969482422,65.14250183105469,63.5525016784668,65.08000183105469,59.052276611328125,3428800
2019-11-29,64.76249694824219,64.85250091552734,63.970001220703125,64.26499938964844,58.31275939941406,1160400
2019-12-02,64.08499908447266,64.5,63.595001220703125,63.97249984741211,58.047359466552734,2334400
2019-12-03,63.497501373291016,64.11000061035156,63.36249923706055,63.845001220703125,57.93166732788086,2088800
2019-12-04,64.13249969482422,64.70249938964844,63.682498931884766,63.73749923706055,57.83412170410156,1610000
2019-12-05,63.78499984741211,63.9375,63.39500045776367,63.67499923706055,57.77741241455078,1628000
2019-12-06,64.39749908447266,64.9375,63.97249984741211,64.05500030517578,58.12221145629883,1738000
2019-12-09,64.1050033569336,64.1050033569336,63.412498474121094,63.45249938964844,57.57551956176758,1752400
2019-12-10,63.5625,64.18250274658203,63.49250030517578,63.974998474121094,58.049617767333984,1720800
2019-12-11,64.13749694824219,64.56500244140625,63.567501068115234,64.51249694824219,58.53733825683594,1750400
2019-12-12,64.44999694824219,65.0250015258789,64.16000366210938,64.8125,58.809547424316406,1731600
2019-12-13,64.81749725341797,65.6449966430664,64.62000274658203,65.45249938964844,59.39027404785156,2865600
2019-12-16,66.5250015258789,66.74500274658203,64.52999877929688,65.18250274658203,59.14528274536133,2912800
2019-12-17,65.44999694824219,65.60749816894531,64.79750061035156,65.19000244140625,59.1520881652832,3586000
2019-12-18,65.79000091552734,68.6875,65.75250244140625,66.47000122070312,60.31353759765625,6230000
2019-12-19,66.30999755859375,67.25749969482422,66.23750305175781,67.00250244140625,60.79671859741211,2797600
2019-12-20,67.24749755859375,67.91999816894531,66.84750366210938,67.875,61.588401794433594,5223200
2019-12-23,67.69000244140625,68.0250015258789,67.53250122070312,67.71499633789062,61.44322967529297,2498400
2019-12-24,67.79499816894531,67.92500305175781,66.83000183105469,67.20249938964844,60.978187561035156,566800
2019-12-26,67.27249908447266,67.45249938964844,66.6050033569336,67.03250122070312,60.823944091796875,1079200
2019-12-27,67.13249969482422,67.4000015258789,66.86000061035156,67.25250244140625,61.02357482910156,1156800
2019-12-30,67.26249694824219,67.34500122070312,66.5625,67.08999633789062,60.8760986328125,1209200
2019-12-31,67.07749938964844,67.39749908447266,66.6875,67.2699966430664,61.03943634033203,1478400
2020-01-02,67.46499633789062,67.7074966430664,66.6449966430664,67.69750213623047,61.427345275878906,2176800
2020-01-03,67.01750183105469,67.99500274658203,66.76750183105469,67.39250183105469,61.150596618652344,1972400
2020-01-06,67.03250122070312,67.5875015258789,66.69499969482422,67.56749725341797,61.30937576293945,1636800
2020-01-07,67.02999877929688,67.8125,66.83499908447266,67.51750183105469,61.26401138305664,1553600
2020-01-08,67.69249725341797,68.95500183105469,67.2249984741211,68.81999969482422,62.44588851928711,2808400
2020-01-09,68.26499938964844,70.72250366210938,68.26499938964844,69.8375015258789,63.369144439697266,3243200
2020-01-10,70.02749633789062,70.27999877929688,69.375,69.70999908447266,63.253440856933594,1280800
2020-01-13,69.9625015258789,70.82499694824219,69.87000274658203,70.7125015258789,64.16310119628906,1638000
2020-01-14,70.50499725341797,70.97000122070312,70.30000305175781,70.37999725341797,63.86138153076172,1787600
2020-01-15,70.48999786376953,71.46749877929688,70.48999786376953,71.16000366210938,64.56915283203125,1702000
2020-01-16,71.14250183105469,71.86250305175781,71.09500122070312,71.62750244140625,64.99334716796875,1416400
2020-01-17,71.92250061035156,71.93499755859375,70.61000061035156,71.05750274658203,64.47615051269531,1955200
2020-01-21,71.04499816894531,71.30500030517578,70.44249725341797,70.51000213623047,63.9793586730957,1879200
2020-01-22,70.88500213623047,71.125,70.5425033569336,70.58499908447266,64.04740142822266,1302800
2020-01-23,70.57250213623047,71.5425033569336,70.30000305175781,71.50499725341797,64.88218688964844,1291200
2020-01-24,71.80500030517578,71.91999816894531,70.3125,70.86000061035156,64.29692840576172,976800
2020-01-27,69.50749969482422,70.26249694824219,69.00749969482422,69.65499877929688,63.20354080200195,2067200
2020-01-28,69.55500030517578,70.16500091552734,69.4574966430664,69.48999786376953,63.053810119628906,1341600
2020-01-29,69.7125015258789,70.5625,68.69999694824219,70.0625,63.57329559326172,1920800
2020-01-30,68.87000274658203,70.875,68.80000305175781,70.80000305175781,64.24248504638672,1338400
2020-01-31,70.53500366210938,71.15499877929688,69.59500122070312,69.74250030517578,63.282928466796875,2787600
2020-02-03,70.10250091552734,71.19999694824219,69.82749938964844,70.50250244140625,63.972557067871094,1920000
2020-02-04,71.3375015258789,71.72250366210938,70.76000213623047,71.48999786376953,64.86857604980469,2119600
2020-02-05,72.45500183105469,72.97000122070312,72.1050033569336,72.83499908447266,66.0890121459961,2304400
2020-02-06,73.11750030517578,73.68499755859375,72.83499908447266,73.4124984741211,66.61300659179688,1754800
2020-02-07,72.90750122070312,73.5625,72.66999816894531,72.8949966430664,66.1434555053711,1464400
2020-02-10,72.9000015258789,73.20999908447266,72.30249786376953,73.15499877929688,66.37936401367188,1540000
2020-02-11,73.51000213623047,73.6875,73.06749725341797,73.37249755859375,66.57672119140625,1052400
2020-02-12,73.62999725341797,74.4749984741211,73.3125,74.27999877929688,67.4001693725586,1668400
2020-02-13,73.85250091552734,75.02999877929688,73.85250091552734,74.5250015258789,67.62248229980469,1768400
2020-02-14,74.67749786376953,75.30999755859375,74.34249877929688,75.22000122070312,68.25311279296875,1055200
2020-02-18,75.23249816894531,75.6675033569336,74.7074966430664,75.62750244140625,68.62288665771484,1546400
2020-02-19,75.94999694824219,76.20249938964844,75.68250274658203,76.06500244140625,69.01983642578125,1184000
2020-02-20,75.62750244140625,76.14250183105469,74.17749786376953,74.42500305175781,67.53174591064453,2340400
2020-02-21,73.72250366210938,74.18250274658203,73.05999755859375,73.33999633789062,66.54724884033203,2001200
2020-02-24,71.40499877929688,72.58000183105469,71.11499786376953,72.04000091552734,65.36764526367188,2369200
2020-02-25,72.02749633789062,72.42250061035156,69.82499694824219,69.97000122070312,63.489376068115234,3501600
2020-02-26,70.4625015258789,71.76750183105469,70.4000015258789,70.97750091552734,64.40354919433594,2829600
2020-02-27,69.44999694824219,70.11250305175781,67.32749938964844,67.38749694824219,61.146053314208984,3731200
2020-02-28,63.880001068115234,66.87999725341797,63.75,66.68499755859375,60.50862503051758,5569200
2020-03-02,66.51499938964844,69.94000244140625,66.11750030517578,69.9000015258789,63.42585754394531,4232400
2020-03-03,69.34750366210938,71.65750122070312,67.71499633789062,68.09249877929688,61.78575134277344,3582800
2020-03-04,70.13500213623047,71.53500366210938,68.875,71.52749633789062,64.9026107788086,2727200
2020-03-05,69.55500030517578,70.8125,68.02999877929688,68.76000213623047,62.39143371582031,2607600
2020-03-06,66.21749877929688,68.44000244140625,65.9000015258789,68.08000183105469,61.774417877197266,3342000
2020-03-09,64.74250030517578,64.94000244140625,62.154998779296875,62.709999084472656,56.90179443359375,4453600
2020-03-10,64.31500244140625,67.2249984741211,63.310001373291016,67.1050033569336,60.88971710205078,3646400
2020-03-11,64.99500274658203,65.5824966430664,61.41749954223633,62.602500915527344,56.804237365722656,2578000
2020-03-12,57.994998931884766,59.005001068115234,53.560001373291016,56.42250061035156,51.1966438293457,7770800
2020-03-13,58.3125,61.01750183105469,55.90250015258789,60.89500045776367,55.2548942565918,5014000
2020-03-16,49.39250183105469,51.91999816894531,49.39250183105469,50.627498626708984,45.93836975097656,6964000
2020-03-17,51.63999938964844,52.662498474121094,48.962501525878906,52.279998779296875,47.43781661987305,7512800
2020-03-18,43.39250183105469,45.59749984741211,40.79750061035156,44.494998931884766,40.37386703491211,7657200
2020-03-19,44.057498931884766,46.342498779296875,40.09749984741211,45.75,41.51263427734375,5723600
2020-03-20,45.04249954223633,47.35499954223633,41.837501525878906,43.772499084472656,39.718284606933594,10294800
2020-03-23,44.30500030517578,44.30500030517578,38.58250045776367,39.26499938964844,35.628265380859375,6571600
2020-03-24,41.45500183105469,44.689998626708984,41.32749938964844,43.45000076293945,39.42565155029297,5502800
2020-03-25,43.55500030517578,50.13999938964844,42.21500015258789,48.08250045776367,43.629093170166016,6708800
2020-03-26,48.59000015258789,49.494998931884766,45.6349983215332,48.14500045776367,43.6858024597168,6924000
2020-03-27,46.86000061035156,46.9375,45.0,45.39250183105469,41.1882438659668,4022400
2020-03-30,45.474998474121094,45.900001525878906,43.837501525878906,45.11249923706055,40.93417739868164,4295200
2020-03-31,44.622501373291016,44.89500045776367,42.97999954223633,43.30500030517578,39.29407501220703,6454400
2020-04-01,41.36000061035156,41.845001220703125,40.13750076293945,40.67250061035156,36.9054069519043,4456800
2020-04-02,40.0625,41.8224983215332,39.72249984741211,41.29750061035156,37.4725227355957,5749200
2020-04-03,40.814998626708984,41.875,40.54750061035156,41.057498931884766,37.25474166870117,4031600
2020-04-06,42.25,45.150001525878906,42.06999969482422,44.872501373291016,40.71640396118164,5372000
2020-04-07,47.69499969482422,48.83250045776367,46.337501525878906,46.474998474121094,42.17047882080078,6444400
2020-04-08,47.119998931884766,48.49250030517578,46.377498626708984,48.102500915527344,43.647239685058594,3771600
2020-04-09,49.48500061035156,51.787498474121094,49.377498626708984,49.685001373291016,45.083160400390625,3737600
2020-04-13,49.6875,49.712501525878906,47.8650016784668,48.77000045776367,44.2529182434082,3046000
2020-04-14,50.165000915527344,50.98749923706055,49.65999984741211,50.42499923706055,45.754615783691406,3380000
2020-04-15,49.189998626708984,49.252498626708984,46.52750015258789,46.76750183105469,42.435882568359375,3660800
2020-04-16,47.33000183105469,47.782501220703125,46.622501373291016,47.65999984741211,43.24571990966797,3053200
2020-04-17,49.747501373291016,51.1875,49.15250015258789,51.040000915527344,46.31266403198242,3248000
2020-04-20,50.005001068115234,50.63750076293945,48.3025016784668,48.477500915527344,43.98750686645508,3100400
2020-04-21,47.462501525878906,47.97249984741211,46.994998931884766,47.625,43.213958740234375,2793600
2020-04-22,48.400001525878906,49.70000076293945,48.20000076293945,49.36000061035156,44.78826904296875,2676800
2020-04-23,49.540000915527344,50.88999938964844,49.540000915527344,49.85499954223633,45.237422943115234,3823200
2020-04-24,50.31999969482422,50.66749954223633,49.567501068115234,50.04499816894531,45.409828186035156,3043600
2020-04-27,50.41999816894531,53.26499938964844,50.0,53.11750030517578,48.19774627685547,2598000
2020-04-28,54.81999969482422,55.79999923706055,53.602500915527344,54.54249954223633,49.49076843261719,4865600
2020-04-29,55.775001525878906,58.025001525878906,55.317501068115234,57.73749923706055,52.38983917236328,3988000
2020-04-30,57.0,57.064998626708984,55.252498626708984,55.45750045776367,50.32101821899414,3308000
2020-05-01,54.244998931884766,54.537498474121094,52.74250030517578,52.95249938964844,48.048030853271484,3226800
2020-05-04,52.32500076293945,52.557498931884766,51.595001220703125,52.40999984741211,47.555782318115234,2827200
2020-05-05,52.900001525878906,53.72249984741211,52.587501525878906,52.685001373291016,47.8053092956543,2101200
2020-05-06,53.0,53.17250061035156,52.037498474121094,52.54249954223633,47.676002502441406,1988000
2020-05-07,53.16749954223633,54.15999984741211,52.83250045776367,53.349998474121094,48.40871810913086,1606000
2020-05-08,54.01250076293945,54.75,53.529998779296875,54.5525016784668,49.49983596801758,1499600
2020-05-11,53.942501068115234,54.189998626708984,53.26250076293945,53.595001220703125,48.631019592285156,1782800
2020-05-12,53.75,54.02750015258789,51.4275016784668,51.4375,46.673343658447266,3000800
2020-05-13,50.54999923706055,50.869998931884766,49.28499984741211,49.86750030517578,45.24876022338867,5439200
2020-05-14,51.227500915527344,57.310001373291016,51.060001373291016,57.1775016784668,51.881710052490234,9572400
2020-05-15,56.462501525878906,57.665000915527344,55.720001220703125,56.85499954223633,51.589073181152344,5839200
2020-05-18,58.032501220703125,59.85749816894531,58.032501220703125,59.10749816894531,53.63295364379883,3996800
2020-05-19,59.352500915527344,61.09000015258789,59.00749969482422,59.744998931884766,54.21139907836914,4217200
2020-05-20,60.150001525878906,60.869998931884766,59.689998626708984,60.13249969482422,54.563018798828125,3810000
2020-05-21,60.397499084472656,61.43000030517578,60.20249938964844,60.63999938964844,55.02350997924805,2186000
2020-05-22,60.39250183105469,60.532501220703125,59.91999816894531,60.162498474121094,54.59023666381836,1745200
2020-05-26,62.279998779296875,63.747501373291016,61.787498474121094,63.182498931884766,57.33052444458008,3417600
2020-05-27,63.73749923706055,64.23999786376953,61.83250045776367,62.89500045776367,57.06965255737305,3001200
2020-05-28,63.01750183105469,63.65999984741211,62.52000045776367,62.93000030517578,57.10141372680664,1934000
2020-05-29,62.875,62.875,60.772499084472656,61.9900016784668,56.248477935791016,4986400
2020-06-01,62.125,63.04249954223633,61.77750015258789,62.73500061035156,56.92447280883789,1925600
2020-06-02,62.8650016784668,63.837501525878906,62.36249923706055,63.75,57.845458984375,3508400
2020-06-03,64.72750091552734,67.9749984741211,64.15750122070312,67.70249938964844,61.431884765625,2930800
2020-06-04,67.12000274658203,67.68250274658203,66.53250122070312,67.30249786376953,61.068931579589844,2106400
2020-06-05,69.03250122070312,71.65249633789062,68.98750305175781,71.625,64.9910888671875,4193200
2020-06-08,72.49500274658203,73.02749633789062,71.3375015258789,72.87750244140625,66.12757110595703,3021200
2020-06-09,71.46749877929688,71.72750091552734,70.45249938964844,70.72750091552734,64.17670440673828,2448000
2020-06-10,70.94249725341797,70.94249725341797,68.76499938964844,69.54499816894531,63.10372543334961,2423600
2020-06-11,66.66999816894531,67.92500305175781,65.4749984741211,66.0,59.887062072753906,3545600
2020-06-12,67.8499984741211,68.24250030517578,65.11499786376953,66.55000305175781,60.386138916015625,2257200
2020-06-15,64.6500015258789,66.8949966430664,64.3324966430664,66.63249969482422,60.46098709106445,2302000
2020-06-16,69.73249816894531,69.73249816894531,67.4175033569336,68.40750122070312,62.07158660888672,1808800
2020-06-17,68.24250030517578,69.0999984741211,67.86000061035156,68.31999969482422,61.99217224121094,1473200
2020-06-18,67.82250213623047,69.30249786376953,67.61750030517578,68.95249938964844,62.56610107421875,1610400
2020-06-19,70.1675033569336,70.63500213623047,67.35749816894531,67.54000091552734,61.28444290161133,3893200
2020-06-22,66.6875,67.76249694824219,66.29499816894531,67.51499938964844,61.26175308227539,2409600
2020-06-23,68.1875,68.66000366210938,67.5625,68.13749694824219,61.82658767700195,1620800
2020-06-24,67.26000213623047,67.75250244140625,64.68499755859375,65.40750122070312,59.349449157714844,2602000
2020-06-25,65.07250213623047,65.8499984741211,64.71749877929688,65.64250183105469,59.562679290771484,1959200
2020-06-26,65.94249725341797,65.94249725341797,63.51750183105469,64.125,58.185733795166016,4209200
2020-06-29,64.48750305175781,65.95999908447266,63.842498779296875,65.90249633789062,59.7985954284668,1750000
2020-06-30,65.4000015258789,66.9574966430664,65.00250244140625,66.58999633789062,60.422420501708984,2741200
2020-07-01,67.92749786376953,68.00749969482422,66.54750061035156,66.99250030517578,60.787635803222656,2639600
2020-07-02,67.83000183105469,69.12249755859375,67.54499816894531,67.6624984741211,61.39558410644531,1818800
2020-07-06,68.85250091552734,69.25,68.1624984741211,68.40750122070312,62.07158660888672,1938800
2020-07-07,67.72000122070312,68.2300033569336,67.2699966430664,67.49500274658203,61.24361801147461,1768800
2020-07-08,67.12249755859375,68.0,67.0199966430664,67.82749938964844,61.54529571533203,1619200
2020-07-09,67.34249877929688,67.68499755859375,65.44750213623047,66.53500366210938,60.372520446777344,1736400
2020-07-10,65.98249816894531,67.03500366210938,65.93000030517578,66.72000122070312,60.540382385253906,1122000
2020-07-13,67.45249938964844,68.15249633789062,66.37999725341797,66.58999633789062,60.422420501708984,2162800
2020-07-14,65.62999725341797,67.69999694824219,65.4124984741211,67.57499694824219,61.316184997558594,1382800
2020-07-15,67.83499908447266,69.80249786376953,67.81749725341797,69.5999984741211,63.15362548828125,1653600
2020-07-16,69.3375015258789,69.6875,68.63749694824219,69.36250305175781,62.93812942504883,1811200
2020-07-17,69.98500061035156,70.15499877929688,68.75,70.01499938964844,63.53019714355469,1163200
2020-07-20,69.97750091552734,70.19499969482422,69.17749786376953,69.45500183105469,63.02207946777344,1668000
2020-07-21,70.79000091552734,71.47250366210938,70.13249969482422,71.0199966430664,64.44210815429688,1416400
2020-07-22,71.1875,72.5,70.9574966430664,72.33999633789062,65.63986206054688,2024400
2020-07-23,71.24749755859375,77.75499725341797,70.67250061035156,75.75250244140625,68.73628997802734,4264800
2020-07-24,75.96749877929688,76.77249908447266,73.87249755859375,75.6500015258789,68.64326477050781,2924800
2020-07-27,75.65750122070312,75.94999694824219,74.19999694824219,74.56999969482422,67.66331481933594,2187600
2020-07-28,74.69750213623047,74.88500213623047,73.33000183105469,73.38999938964844,66.59260559082031,2032800
2020-07-29,74.30500030517578,76.64250183105469,73.95999908447266,76.44999694824219,69.36920166015625,2593200
2020-07-30,75.36250305175781,75.97250366210938,73.87999725341797,75.45249938964844,68.46409606933594,2280400
2020-07-31,75.4124984741211,75.54000091552734,74.24500274658203,75.46749877929688,68.47769165039062,2946400
2020-08-03,75.43000030517578,75.77999877929688,74.5875015258789,74.68499755859375,67.76765441894531,2175200
2020-08-04,74.65750122070312,76.0,74.26249694824219,75.41000366210938,68.42549133300781,2394000
2020-08-05,76.17749786376953,76.49749755859375,74.37000274658203,74.99250030517578,68.04667663574219,1639600
2020-08-06,74.93250274658203,75.87750244140625,74.50499725341797,75.75749969482422,68.74082946777344,1433200
2020-08-07,75.6675033569336,77.59500122070312,75.0,77.50250244140625,70.3241958618164,1766400
2020-08-10,77.61250305175781,79.12999725341797,77.40249633789062,79.0999984741211,71.77373504638672,2168800
2020-08-11,80.0875015258789,81.09750366210938,79.1449966430664,79.5824966430664,72.2115478515625,2674000
2020-08-12,79.80249786376953,81.08999633789062,79.80249786376953,79.97250366210938,72.5654296875,1376800
2020-08-13,79.42749786376953,80.30999755859375,79.36250305175781,79.74500274658203,72.35899353027344,1015200
2020-08-14,79.19249725341797,80.32250213623047,78.74250030517578,79.11000061035156,71.7828140258789,1512000
2020-08-17,79.61499786376953,80.37000274658203,79.4625015258789,80.24749755859375,72.81497955322266,1440800
2020-08-18,80.25250244140625,80.5374984741211,79.56500244140625,79.69249725341797,72.31136322021484,1074800
2020-08-19,80.20999908447266,80.25,79.31749725341797,79.625,72.25012969970703,820400
2020-08-20,78.82749938964844,80.45249938964844,78.82749938964844,80.00749969482422,72.59720611572266,882000
2020-08-21,79.72750091552734,80.24500274658203,79.12750244140625,80.09750366210938,72.67886352539062,1601600
2020-08-24,80.9574966430664,81.46749877929688,80.50499725341797,81.33999633789062,73.80625915527344,1018800
2020-08-25,81.89250183105469,81.94000244140625,80.87249755859375,81.18250274658203,73.66336822509766,1173200
2020-08-26,81.0,81.9175033569336,80.54000091552734,81.48750305175781,73.94010925292969,954400
2020-08-27,81.97000122070312,82.96749877929688,81.73999786376953,82.19499969482422,74.58207702636719,1080000
2020-08-28,82.17500305175781,83.6500015258789,82.17500305175781,83.47000122070312,75.73900604248047,1382400
2020-08-31,83.3125,83.67749786376953,82.70249938964844,83.30999755859375,75.59379577636719,1437200
2020-09-01,83.10250091552734,84.2249984741211,82.51249694824219,83.82749938964844,76.0633773803711,1318000
2020-09-02,84.38749694824219,85.84249877929688,83.78250122070312,85.59500122070312,77.66716766357422,1297200
2020-09-03,86.05750274658203,86.24250030517578,81.70249938964844,82.67500305175781,75.01763153076172,2136400
2020-09-04,83.06749725341797,83.52249908447266,81.36750030517578,82.77749633789062,75.11063385009766,2417200
2020-09-08,82.22000122070312,82.22000122070312,79.47250366210938,79.69499969482422,72.31364440917969,2565600
2020-09-09,80.44999694824219,82.01499938964844,79.7874984741211,81.48249816894531,73.9355697631836,1963600
2020-09-10,81.45999908447266,81.48500061035156,78.7074966430664,79.37000274658203,72.01873016357422,1856400
2020-09-11,79.54499816894531,80.9574966430664,79.29750061035156,80.23750305175781,72.80590057373047,1231200
2020-09-14,81.08499908447266,82.22750091552734,80.94499969482422,81.95249938964844,74.36204528808594,1333200
2020-09-15,82.2750015258789,82.85250091552734,81.79750061035156,82.0425033569336,74.44371032714844,1472400
2020-09-16,82.79750061035156,82.79750061035156,81.43499755859375,81.55249786376953,73.99910736083984,1555600
2020-09-17,79.4124984741211,81.8550033569336,79.25250244140625,81.25250244140625,73.72688293457031,2173200
2020-09-18,83.00749969482422,83.21499633789062,79.2925033569336,79.56749725341797,72.19792938232422,4855600
2020-09-21,78.38249969482422,79.20999908447266,76.9124984741211,79.14749908447266,71.81684112548828,1993600
2020-09-22,79.34750366210938,81.67749786376953,79.22250366210938,81.00250244140625,73.5000228881836,2410000
2020-09-23,84.98750305175781,84.98750305175781,78.3324966430664,79.17749786376953,71.84404754638672,3300000
2020-09-24,80.47750091552734,80.5,78.76750183105469,79.66000366210938,72.28187561035156,2348800
2020-09-25,78.9749984741211,82.11750030517578,78.69249725341797,81.7925033569336,74.21686553955078,1703600
2020-09-28,82.5,84.3375015258789,82.5,84.0,76.21990966796875,2186800
2020-09-29,81.9375,83.79000091552734,81.9375,82.56999969482422,74.92235565185547,1306800
2020-09-30,83.69000244140625,84.2874984741211,82.5999984741211,83.2074966430664,75.50081634521484,2101600
2020-10-01,85.33999633789062,86.0374984741211,83.25250244140625,85.48249816894531,77.56510162353516,2043200
2020-10-02,83.55500030517578,84.98750305175781,83.43499755859375,83.76249694824219,76.00439453125,1836000
2020-10-05,84.56999969482422,84.94249725341797,83.73249816894531,84.0999984741211,76.31065368652344,1296800
2020-10-06,84.10250091552734,84.84249877929688,81.04750061035156,82.68000030517578,75.02214813232422,2283200
2020-10-07,83.94999694824219,84.4000015258789,83.40750122070312,83.92500305175781,76.15186309814453,1237600
2020-10-08,84.72750091552734,85.06500244140625,84.02999877929688,84.49500274658203,76.66905212402344,1414800
2020-10-09,84.8949966430664,85.6500015258789,84.27999877929688,84.88249969482422,77.02066040039062,1417600
2020-10-12,84.73999786376953,87.82749938964844,84.73999786376953,87.25,79.16889953613281,2352000
2020-10-13,87.08499908447266,88.41500091552734,86.6675033569336,88.16999816894531,80.00366973876953,1702800
2020-10-14,88.77749633789062,89.67250061035156,87.5199966430664,87.79750061035156,79.6656723022461,1727600
2020-10-15,86.6875,87.5250015258789,85.89749908447266,87.09500122070312,79.02825164794922,1343600
2020-10-16,87.5,88.36499786376953,87.05249786376953,87.0999984741211,79.03277587890625,1346800
2020-10-19,87.01750183105469,87.51499938964844,85.00250244140625,85.33000183105469,77.42672729492188,1318000
2020-10-20,85.85250091552734,87.12000274658203,85.75749969482422,85.91500091552734,77.9575424194336,1288800
2020-10-21,85.43250274658203,86.2699966430664,84.62249755859375,84.67250061035156,76.83012390136719,1788800
2020-10-22,85.07250213623047,85.4124984741211,83.63500213623047,84.625,76.78700256347656,1349600
2020-10-23,84.88999938964844,84.98999786376953,83.48999786376953,84.51750183105469,76.6894760131836,1193200
2020-10-26,83.52249908447266,83.74500274658203,81.16999816894531,82.23249816894531,74.6161117553711,1323600
2020-10-27,82.66500091552734,83.0,80.75250244140625,81.00250244140625,73.5000228881836,2167200
2020-10-28,78.65249633789062,80.33999633789062,78.65249633789062,78.88500213623047,71.57865905761719,2123600
2020-10-29,78.61000061035156,80.92500305175781,77.92250061035156,79.9800033569336,72.57225036621094,1556400
2020-10-30,79.57749938964844,80.11499786376953,77.94999694824219,78.63749694824219,71.35406494140625,2308400
2020-11-02,80.4124984741211,80.87249755859375,79.02249908447266,80.09249877929688,72.67432403564453,1426000
2020-11-03,81.11750030517578,83.01000213623047,81.11750030517578,82.50499725341797,74.86335754394531,1172800
2020-11-04,86.84500122070312,87.29750061035156,84.17749786376953,84.34249877929688,76.53067016601562,2234000
2020-11-05,84.83000183105469,86.36250305175781,84.09500122070312,84.76750183105469,77.72496795654297,1628800
2020-11-06,84.63999938964844,85.54750061035156,84.1675033569336,85.23249816894531,78.15133666992188,1324000
2020-11-09,89.99749755859375,92.02999877929688,89.59249877929688,90.86499786376953,83.31586456298828,4173600
2020-11-10,88.51750183105469,91.50250244140625,87.84750366210938,89.66999816894531,82.22016143798828,2025600
2020-11-11,90.22000122070312,90.3550033569336,88.52249908447266,90.01000213623047,82.53192138671875,1493600
2020-11-12,89.04750061035156,89.78250122070312,87.0199966430664,87.4175033569336,80.15482330322266,1206400
2020-11-13,87.85250091552734,89.15249633789062,87.51750183105469,89.0,81.6058349609375,1051200
2020-11-16,89.0,92.30000305175781,89.0,92.16500091552734,84.50787353515625,1548000
2020-11-17,90.68499755859375,91.4175033569336,89.3375015258789,90.35250091552734,82.84595489501953,1456000
2020-11-18,90.50749969482422,91.5625,89.81999969482422,90.12249755859375,82.63505554199219,1001200
2020-11-19,89.68000030517578,92.12249755859375,89.43499755859375,91.97250366210938,84.33138275146484,1032800
2020-11-20,91.28500366210938,91.9000015258789,90.10749816894531,90.4625015258789,82.94682312011719,1033200
2020-11-23,90.9749984741211,91.12999725341797,89.00499725341797,89.56749725341797,82.12618255615234,1316400
2020-11-24,90.55500030517578,91.1875,89.62249755859375,90.48999786376953,82.97203063964844,1555600
2020-11-25,90.51750183105469,91.06749725341797,89.58999633789062,90.12249755859375,82.63505554199219,769600
2020-11-27,89.80750274658203,91.27749633789062,89.7300033569336,90.27249908447266,82.77261352539062,448800
2020-11-30,90.44249725341797,90.59750366210938,88.52749633789062,88.82499694824219,81.44536590576172,2084400
2020-12-01,89.76000213623047,90.88249969482422,89.17250061035156,89.7699966430664,82.31184387207031,1546400
2020-12-02,90.05249786376953,90.69999694824219,89.05750274658203,90.22750091552734,82.73135375976562,2159200
2020-12-03,89.76249694824219,91.37000274658203,88.57499694824219,89.92250061035156,82.4516830444336,1759200
2020-12-04,90.1675033569336,91.70249938964844,90.0,90.86750030517578,83.31817626953125,1868400
2020-12-07,90.13500213623047,91.0,88.07749938964844,88.28500366210938,80.95024871826172,1462800
2020-12-08,88.28500366210938,90.14749908447266,87.75749969482422,89.94000244140625,82.46773529052734,1438000
2020-12-09,90.2750015258789,90.72000122070312,88.0374984741211,88.51000213623047,81.15655517578125,2113600
2020-12-10,88.60749816894531,88.72750091552734,86.63249969482422,86.8375015258789,79.62299346923828,1461200
2020-12-11,86.57250213623047,87.8375015258789,86.10749816894531,87.27749633789062,80.02642059326172,1487600
2020-12-14,87.54499816894531,87.93000030517578,86.57749938964844,86.81500244140625,79.60235595703125,1357600
2020-12-15,87.09750366210938,88.64250183105469,86.37999725341797,88.23249816894531,80.90208435058594,1800800
2020-12-16,88.68000030517578,88.83000183105469,87.95999908447266,88.52749633789062,81.17257690429688,1096400
2020-12-17,88.68499755859375,88.87999725341797,87.25,88.0,80.68891906738281,1630800
2020-12-18,88.46499633789062,88.875,87.41000366210938,88.5875015258789,81.22760009765625,3817600
2020-12-21,87.68000030517578,87.875,85.0625,86.53250122070312,79.34332275390625,2322400
2020-12-22,84.5,87.15499877929688,83.53250122070312,87.0,79.77198791503906,3050800
2020-12-23,88.74250030517578,88.74250030517578,84.84249877929688,84.8550033569336,77.80519104003906,2019600
2020-12-24,85.27749633789062,85.5625,84.0999984741211,84.5999984741211,77.57137298583984,742000
2020-12-28,85.53500366210938,89.54499816894531,85.53500366210938,88.54750061035156,81.19093322753906,3551200
2020-12-29,89.41000366210938,89.48750305175781,85.91000366210938,86.84249877929688,79.6275634765625,1654000
2020-12-30,87.53500366210938,88.33000183105469,86.6875,87.55750274658203,80.2831802368164,1214800
2020-12-31,87.62750244140625,88.5,87.2249984741211,88.36499786376953,81.02357482910156,1118000
2021-01-04,88.48500061035156,88.68499755859375,85.57499694824219,85.9000015258789,78.76338958740234,3400400
2021-01-05,85.55000305175781,87.26000213623047,84.6050033569336,87.22250366210938,79.97601318359375,2030000
2021-01-06,87.5,89.1500015258789,87.30999755859375,87.74749755859375,80.45738983154297,1658800
2021-01-07,87.96499633789062,89.31500244140625,87.26000213623047,88.76499938964844,81.39035034179688,2804400
2021-01-08,88.4800033569336,89.61250305175781,87.22750091552734,87.5374984741211,80.26482391357422,1593600
2021-01-11,87.1624984741211,87.8324966430664,84.6449966430664,84.875,77.82353210449219,1971200
2021-01-12,84.56999969482422,85.34500122070312,83.79499816894531,84.86750030517578,77.816650390625,1556800
2021-01-13,84.78500366210938,84.91999816894531,83.55750274658203,83.95249938964844,76.9776840209961,1978000
2021-01-14,84.125,84.125,81.62750244140625,81.78500366210938,74.9902572631836,2753200
2021-01-15,80.94249725341797,82.22250366210938,80.40249633789062,81.51750183105469,74.74498748779297,2507600
2021-01-19,81.41999816894531,81.6500015258789,79.92250061035156,80.51000213623047,73.8211669921875,2281200
2021-01-20,79.86250305175781,83.34249877929688,79.86250305175781,83.04750061035156,76.14786529541016,2397200
2021-01-21,82.79750061035156,84.15249633789062,82.24749755859375,82.8550033569336,75.97136688232422,1746800
2021-01-22,82.71749877929688,82.71749877929688,81.0199966430664,81.12000274658203,74.38050079345703,1290000
2021-01-25,80.58499908447266,82.8375015258789,80.25499725341797,82.03250122070312,75.2171859741211,2286000
2021-01-26,82.55750274658203,82.62000274658203,80.65750122070312,80.79000091552734,74.07792663574219,1434800
2021-01-27,80.0,80.625,78.65499877929688,79.55000305175781,72.94095611572266,2636000
2021-01-28,79.91999816894531,82.2074966430664,79.91999816894531,81.1050033569336,74.36676788330078,1569200
2021-01-29,79.94999694824219,80.83999633789062,79.36499786376953,79.52999877929688,72.92259979248047,3231200
2021-02-01,80.15499877929688,81.56749725341797,80.0,81.37249755859375,74.61201477050781,2028000
2021-02-02,82.14250183105469,83.50749969482422,81.54750061035156,82.80500030517578,75.92550659179688,2240800
2021-02-03,82.75,83.20500183105469,82.08499908447266,82.90249633789062,76.0149154663086,1674400
2021-02-04,83.04000091552734,85.04499816894531,82.92500305175781,84.56500244140625,77.53929901123047,1644800
2021-02-05,85.05999755859375,86.41500091552734,83.99250030517578,86.24500274658203,79.07970428466797,1677600
2021-02-08,86.38749694824219,87.32749938964844,85.91500091552734,87.2874984741211,80.03561401367188,1356400
2021-02-09,86.95500183105469,87.85250091552734,86.78250122070312,87.33499908447266,80.07917022705078,1390400
2021-02-10,87.98999786376953,88.44249725341797,86.67500305175781,87.25,80.00123596191406,1716400
2021-02-11,87.4375,87.56749725341797,84.82499694824219,85.26499938964844,78.85899353027344,1626800
2021-02-12,84.9375,85.76499938964844,84.9375,85.61000061035156,79.17808532714844,800000
2021-02-16,86.48249816894531,87.49250030517578,85.86000061035156,86.2750015258789,79.79312133789062,1445600
2021-02-17,85.89749908447266,86.41999816894531,84.60749816894531,84.77749633789062,78.40812683105469,1461600
2021-02-18,84.5625,85.3550033569336,83.41500091552734,85.11250305175781,78.71795654296875,1400800
2021-02-19,85.41500091552734,86.14749908447266,84.90249633789062,85.87249755859375,79.42088317871094,1649200
2021-02-22,85.75,85.90750122070312,84.61000061035156,85.125,78.72953033447266,1365200
2021-02-23,85.13249969482422,85.55500030517578,82.7125015258789,84.17749786376953,77.85321807861328,1818800
2021-02-24,84.02249908447266,84.8324966430664,82.81749725341797,84.57749938964844,78.22315979003906,2176000
2021-02-25,84.23750305175781,84.83000183105469,81.51249694824219,82.01249694824219,75.85087585449219,1697600
2021-02-26,82.42749786376953,83.0999984741211,80.94000244140625,81.08499908447266,74.99305725097656,2248800
2021-03-01,82.32749938964844,86.97000122070312,81.25250244140625,86.22000122070312,79.74224090576172,2141600
2021-03-02,85.82749938964844,86.73249816894531,85.51000213623047,85.5999984741211,79.1688461303711,1605200
2021-03-03,85.52999877929688,86.40249633789062,84.01000213623047,84.07749938964844,77.76072692871094,2630000
2021-03-04,84.2874984741211,84.47250366210938,80.34750366210938,81.68250274658203,75.54566192626953,2538000
2021-03-05,82.59750366210938,85.36000061035156,80.88249969482422,84.8375015258789,78.46363067626953,2279600
2021-03-08,85.3324966430664,86.11000061035156,84.49749755859375,85.1500015258789,78.75265502929688,1703600
2021-03-09,86.14749908447266,87.42749786376953,85.11499786376953,86.45999908447266,79.96421813964844,2133600
2021-03-10,86.89250183105469,89.23500061035156,86.49250030517578,88.26000213623047,81.6290054321289,1819600
2021-03-11,88.87750244140625,90.85749816894531,87.99749755859375,90.01000213623047,83.24751281738281,2277200
2021-03-12,89.99749755859375,90.69000244140625,89.37000274658203,89.57250213623047,82.84288787841797,1658800
2021-03-15,89.5,89.97250366210938,87.5824966430664,87.9000015258789,81.29605102539062,2106400
2021-03-16,87.6624984741211,87.81749725341797,86.01750183105469,86.98750305175781,80.45210266113281,1706000
2021-03-17,87.05249786376953,87.37000274658203,84.12249755859375,85.80500030517578,79.35842895507812,2318000
2021-03-18,85.55999755859375,86.1675033569336,83.61250305175781,84.30750274658203,77.97344970703125,2008000
2021-03-19,84.11000061035156,84.49500274658203,83.23500061035156,83.26249694824219,77.00694274902344,2973600
2021-03-22,83.58000183105469,84.45999908447266,82.88500213623047,84.0824966430664,77.76532745361328,1487200
2021-03-23,84.13249969482422,84.7874984741211,82.8375015258789,83.25250244140625,76.99771118164062,1301200
2021-03-24,82.7074966430664,85.15750122070312,82.7074966430664,83.98750305175781,77.67748260498047,1662000
2021-03-25,83.86000061035156,84.69000244140625,82.14250183105469,84.26499938964844,77.93412780761719,1246400
2021-03-26,83.9749984741211,86.77749633789062,83.86000061035156,86.65249633789062,80.14226531982422,1442000
2021-03-29,86.0625,86.50749969482422,85.08000183105469,85.30000305175781,78.89138793945312,1396800
2021-03-30,84.95249938964844,85.26000213623047,83.65499877929688,84.32749938964844,77.991943359375,1033600
2021-03-31,84.67500305175781,86.12750244140625,84.4749984741211,85.32749938964844,78.91681671142578,1787200
2021-04-01,86.10250091552734,87.76249694824219,85.69499969482422,87.07749938964844,80.53533172607422,1608400
2021-04-05,87.5,88.87750244140625,87.44750213623047,88.51000213623047,81.86022186279297,1456800
2021-04-06,87.89749908447266,88.5824966430664,86.99749755859375,87.21749877929688,80.66481018066406,1356800
2021-04-07,86.70249938964844,87.67250061035156,86.33000183105469,87.57499694824219,80.99545288085938,1132800
2021-04-08,87.72250366210938,88.19249725341797,86.22750091552734,86.43000030517578,79.93647766113281,1750800
2021-04-09,86.5999984741211,88.33499908447266,86.37249755859375,88.12000274658203,81.49949645996094,1670800
2021-04-12,88.2699966430664,89.28250122070312,87.70249938964844,88.7925033569336,82.12149047851562,1098400
2021-04-13,88.3499984741211,88.97750091552734,87.79499816894531,88.87000274658203,82.19315338134766,993200
2021-04-14,88.88500213623047,89.17250061035156,87.17250061035156,87.5199966430664,80.9446029663086,1305600
2021-04-15,88.36250305175781,88.5374984741211,87.55750274658203,87.96499633789062,81.35614013671875,1120800
2021-04-16,88.29499816894531,88.625,87.34750366210938,87.62999725341797,81.04631805419922,1554400
2021-04-19,87.2249984741211,87.27749633789062,85.45999908447266,85.93499755859375,79.47866821289062,1411600
2021-04-20,86.22750091552734,86.5,84.80249786376953,85.42500305175781,79.0069808959961,1251600
2021-04-21,86.1449966430664,87.17500305175781,85.73500061035156,86.9124984741211,80.38273620605469,1880000
2021-04-22,86.50749969482422,88.25,86.12999725341797,87.13999938964844,80.59313201904297,1080800
2021-04-23,87.57749938964844,88.9124984741211,87.48500061035156,88.43000030517578,81.78621673583984,1006000
2021-04-26,88.52249908447266,88.91000366210938,87.21499633789062,87.33999633789062,80.77811431884766,1020400
2021-04-27,87.19000244140625,88.05999755859375,86.73750305175781,87.5374984741211,80.96076202392578,1492000
2021-04-28,87.72250366210938,87.88249969482422,86.05750274658203,86.30000305175781,79.81625366210938,880000
2021-04-29,86.58999633789062,88.1875,86.55500030517578,87.76499938964844,81.17118072509766,888400
2021-04-30,87.12750244140625,87.23500061035156,85.52749633789062,86.28500366210938,79.80238342285156,1599600
2021-05-03,87.1624984741211,88.13749694824219,86.84750366210938,87.65499877929688,81.06944274902344,1524000
2021-05-04,87.4000015258789,88.02749633789062,87.21499633789062,87.69499969482422,81.10643005371094,1555200
2021-05-05,88.24749755859375,88.7125015258789,86.75499725341797,87.14749908447266,80.60006713867188,1678000
2021-05-06,87.76249694824219,87.76249694824219,86.78500366210938,87.5625,80.98390197753906,1065600
2021-05-07,87.56500244140625,90.72750091552734,87.56500244140625,90.1675033569336,83.3931884765625,2268400
2021-05-10,90.01499938964844,91.10250091552734,89.64250183105469,90.18499755859375,83.40934753417969,2308400
2021-05-11,89.16000366210938,89.39749908447266,87.92749786376953,88.66999816894531,82.0081787109375,1538000
2021-05-12,87.37000274658203,87.84249877929688,85.75250244140625,85.94000244140625,79.4832992553711,1858000
2021-05-13,86.0824966430664,88.65249633789062,86.0824966430664,88.30249786376953,82.38729858398438,1456800
2021-05-14,88.8125,90.02249908447266,88.3550033569336,89.5199966430664,83.52322387695312,1273200
2021-05-17,88.4749984741211,89.5,87.22750091552734,88.01000213623047,82.1143798828125,1151600
2021-05-18,87.63999938964844,88.31749725341797,86.83000183105469,87.0,81.17205047607422,2349200
2021-05-19,85.875,86.65499877929688,84.5,85.62249755859375,79.88682556152344,1905600
2021-05-20,85.68000030517578,87.70999908447266,85.0425033569336,87.36499786376953,81.51261138916016,1587200
2021-05-21,87.9124984741211,88.51499938964844,86.9000015258789,87.10749816894531,81.2723388671875,1264800
2021-05-24,87.9124984741211,89.11000061035156,87.55249786376953,88.63500213623047,82.69751739501953,1521600
2021-05-25,88.6500015258789,89.50250244140625,88.62999725341797,88.875,82.92144775390625,1321600
2021-05-26,88.94750213623047,89.24250030517578,88.0824966430664,88.55000305175781,82.61820983886719,1247600
2021-05-27,88.9175033569336,89.44750213623047,88.12000274658203,88.5374984741211,82.60655975341797,2645200
2021-05-28,88.90249633789062,89.2074966430664,88.3125,88.38500213623047,82.46427154541016,1382800
2021-06-01,89.07499694824219,89.87249755859375,87.98999786376953,88.24500274658203,82.33365631103516,1459200
2021-06-02,88.15249633789062,88.6675033569336,87.96749877929688,88.06999969482422,82.17037200927734,1326000
2021-06-03,87.26249694824219,87.99749755859375,86.72250366210938,87.72000122070312,81.84381103515625,1336000
2021-06-04,88.18250274658203,88.51499938964844,87.45249938964844,88.05000305175781,82.15170288085938,1443200
2021-06-07,88.0,88.2925033569336,86.33499908447266,86.69999694824219,80.89213562011719,1549600
2021-06-08,86.98750305175781,87.1875,86.40249633789062,86.85749816894531,81.0390853881836,1319200
2021-06-09,87.10749816894531,87.20999908447266,86.67500305175781,86.97000122070312,81.14405822753906,976400
2021-06-10,87.07499694824219,87.88749694824219,86.7125015258789,87.77749633789062,81.89745330810547,1402800
2021-06-11,87.92250061035156,88.31999969482422,87.83000183105469,88.20999908447266,82.30097961425781,944800
2021-06-14,87.93000030517578,88.31500244140625,87.54499816894531,88.31500244140625,82.39896392822266,1096000
2021-06-15,88.61250305175781,89.70999908447266,88.50749969482422,89.44999694824219,83.45791625976562,1373600
2021-06-16,89.75,90.0,88.63999938964844,89.20999908447266,83.23402404785156,1425600
2021-06-17,88.90499877929688,91.0999984741211,88.90499877929688,90.42250061035156,84.36528015136719,1774800
2021-06-18,89.41000366210938,90.53500366210938,88.06500244140625,88.71499633789062,82.77216339111328,3110000
2021-06-21,89.3375015258789,90.83999633789062,88.90249633789062,90.69750213623047,84.62185668945312,1370400
2021-06-22,91.25749969482422,93.73750305175781,90.75250244140625,93.625,87.3532485961914,2494800
2021-06-23,93.19999694824219,94.625,92.73249816894531,93.94499969482422,87.65180206298828,2598400
2021-06-24,93.84750366210938,94.49500274658203,93.38249969482422,94.44999694824219,88.12298583984375,1675200
2021-06-25,94.4375,94.88500213623047,93.80249786376953,94.56500244140625,88.23028564453125,2014000
2021-06-28,94.80000305175781,95.42749786376953,94.375,94.89749908447266,88.54051208496094,1540000
2021-06-29,94.70999908447266,95.94249725341797,94.70999908447266,95.62999725341797,89.22393798828125,1220000
2021-06-30,95.7925033569336,95.93000030517578,95.36499786376953,95.5,89.10265350341797,1462400
2021-07-01,95.67250061035156,95.97000122070312,95.03500366210938,95.2300033569336,88.85074615478516,1449600
2021-07-02,95.46749877929688,96.16500091552734,95.23249816894531,95.875,89.45252990722656,2150800
2021-07-06,95.99749755859375,96.1624984741211,94.4749984741211,95.69499969482422,89.28459167480469,1824000
2021-07-07,95.84500122070312,97.5425033569336,95.68250274658203,97.40249633789062,90.877685546875,1204400
2021-07-08,96.29750061035156,97.5625,96.16999816894531,96.69999694824219,90.22225189208984,1518000
2021-07-09,97.41500091552734,97.41500091552734,95.94750213623047,97.08000183105469,90.57678985595703,1010400
2021-07-12,96.82749938964844,98.0625,96.81749725341797,98.01750183105469,91.4515151977539,986400
2021-07-13,98.01750183105469,98.01750183105469,95.08499908447266,95.24500274658203,88.86474609375,4657200
2021-07-14,95.39749908447266,95.64250183105469,94.2125015258789,94.73750305175781,88.39122772216797,4199200
2021-07-15,93.75,94.58000183105469,91.26000213623047,92.2874984741211,86.1053466796875,4606400
2021-07-16,93.28250122070312,96.96749877929688,93.28250122070312,96.55500030517578,90.08698272705078,3082800
2021-07-19,95.75,96.80249786376953,93.83000183105469,94.6449966430664,88.30490112304688,3202800
2021-07-20,94.76000213623047,97.7750015258789,94.61499786376953,97.30000305175781,90.7820816040039,2069600
2021-07-21,97.42749786376953,98.11000061035156,97.0250015258789,98.04000091552734,91.47250366210938,1283200
2021-07-22,98.13999938964844,98.13999938964844,97.30750274658203,97.76750183105469,91.21824645996094,1072400
2021-07-23,98.0,98.9625015258789,97.5824966430664,98.83499908447266,92.2142333984375,1381200
2021-07-26,98.41999816894531,98.94499969482422,96.63249969482422,97.19999694824219,90.68877410888672,1716800
2021-07-27,95.98750305175781,98.11750030517578,95.72750091552734,97.21499633789062,90.7027587890625,1348000
2021-07-28,97.74500274658203,98.36250305175781,97.29000091552734,97.59249877929688,91.05496215820312,1210000
2021-07-29,98.42250061035156,99.09500122070312,97.69999694824219,98.28500366210938,91.70109558105469,1731600
2021-07-30,97.90499877929688,98.7125015258789,97.75749969482422,98.54499816894531,91.94365692138672,1772400
2021-08-02,98.16500091552734,99.06500244140625,97.1624984741211,97.34249877929688,90.82173156738281,1390400
2021-08-03,97.63249969482422,97.84249877929688,96.55000305175781,97.6050033569336,91.06663513183594,3218800
2021-08-04,97.37249755859375,97.82250213623047,96.60250091552734,96.95249938964844,90.45785522460938,1652400
2021-08-05,97.12000274658203,98.05750274658203,96.51750183105469,98.0,91.43518829345703,1773600
2021-08-06,98.12999725341797,98.4749984741211,97.44249725341797,97.82499694824219,91.27190399169922,1308400
2021-08-09,97.8125,98.23999786376953,97.41999816894531,98.11250305175781,91.54015350341797,1180000
2021-08-10,98.15249633789062,98.47750091552734,97.50250244140625,97.7074966430664,91.16226959228516,996800
2021-08-11,98.01499938964844,98.01499938964844,96.51750183105469,97.53250122070312,90.99899291992188,1321200
2021-08-12,97.00250244140625,97.27749633789062,96.13999938964844,97.1624984741211,91.54547119140625,1080400
2021-08-13,97.0625,97.5250015258789,96.39250183105469,97.35250091552734,91.72447204589844,754000
2021-08-16,97.16500091552734,98.69499969482422,96.87999725341797,98.3550033569336,92.66902160644531,2724800
2021-08-17,97.9000015258789,98.65499877929688,97.22250366210938,98.54750061035156,92.85040283203125,1087200
2021-08-18,98.24500274658203,98.67500305175781,96.99250030517578,97.0625,91.45123291015625,1451200
2021-08-19,96.69000244140625,98.32499694824219,96.48999786376953,97.84500122070312,92.18851470947266,1784000
2021-08-20,98.18499755859375,98.75,97.26000213623047,97.95249938964844,92.289794921875,1726400
2021-08-23,98.19000244140625,98.7249984741211,97.6624984741211,97.98249816894531,92.31806945800781,946000
2021-08-24,98.16500091552734,98.30999755859375,97.48500061035156,97.7249984741211,92.07545471191406,855200
2021-08-25,97.59500122070312,98.22000122070312,97.36250305175781,98.04000091552734,92.37223052978516,912800
2021-08-26,98.02749633789062,98.02749633789062,97.28250122070312,97.51750183105469,91.87995147705078,660800
2021-08-27,97.7249984741211,98.75,97.02749633789062,97.92250061035156,92.26153564453125,828000
2021-08-30,97.85749816894531,98.83499908447266,97.42749786376953,98.38249969482422,92.6949234008789,992800
2021-08-31,98.59500122070312,99.09500122070312,97.8550033569336,98.94249725341797,93.22257232666016,1420400
2021-09-01,99.2074966430664,99.67250061035156,98.48750305175781,99.02749633789062,93.30264282226562,895600
2021-09-02,99.64250183105469,99.7925033569336,98.37000274658203,99.09500122070312,93.36624145507812,1222000
2021-09-03,98.83999633789062,99.5250015258789,98.67250061035156,99.13249969482422,93.40158081054688,1338400
2021-09-07,98.55750274658203,99.00250244140625,97.76249694824219,97.86499786376953,92.20735168457031,1003600
2021-09-08,97.83999633789062,99.60749816894531,97.56500244140625,99.57499694824219,93.81849670410156,890400
2021-09-09,99.7874984741211,100.36750030517578,99.3949966430664,100.01499938964844,94.2330551147461,1194000
2021-09-10,100.42500305175781,102.31500244140625,100.22000122070312,100.92749786376953,95.09280395507812,1732400
2021-09-13,101.87249755859375,102.44999694824219,101.00250244140625,101.63249969482422,95.7570571899414,2990000
2021-09-14,102.2750015258789,102.2750015258789,98.88249969482422,99.02749633789062,93.30264282226562,2690400
2021-09-15,99.08499908447266,100.0,98.75,99.69000244140625,93.92686462402344,1814400
2021-09-16,99.69000244140625,100.08999633789062,98.88749694824219,99.88749694824219,94.11293029785156,1086000
2021-09-17,99.65249633789062,99.9625015258789,97.95500183105469,98.21499633789062,92.53712463378906,4992000
2021-09-20,97.29750061035156,98.51750183105469,96.81749725341797,98.4000015258789,92.71141052246094,2108800
2021-09-21,98.68000030517578,99.27249908447266,97.8949966430664,98.32499694824219,92.64076232910156,1366800
2021-09-22,99.26249694824219,99.5875015258789,97.90249633789062,99.05000305175781,93.3238525390625,1182400
2021-09-23,99.22000122070312,100.70999908447266,98.93250274658203,100.44499969482422,94.63819122314453,964800
2021-09-24,99.58499908447266,100.6050033569336,99.45500183105469,100.36750030517578,94.565185546875,982400
2021-09-27,99.84500122070312,100.94999694824219,98.63749694824219,98.84750366210938,93.133056640625,1578000
2021-09-28,98.2249984741211,98.45999908447266,96.27749633789062,96.51750183105469,90.9377670288086,1918000
2021-09-29,98.33999633789062,99.80500030517578,96.21499633789062,97.31500244140625,91.68914794921875,1903600
2021-09-30,97.63500213623047,97.72000122070312,95.1050033569336,95.16500091552734,89.66343688964844,1872800
2021-10-01,95.72000122070312,97.1875,94.32749938964844,96.83000183105469,91.23219299316406,1709600
2021-10-04,97.49749755859375,97.625,95.57749938964844,96.5250015258789,90.94482421875,2492800
2021-10-05,96.66000366210938,98.7125015258789,96.5250015258789,97.9625015258789,92.29920959472656,1490000
2021-10-06,97.1875,99.07499694824219,96.60250091552734,98.98500061035156,93.2625961303711,1287200
2021-10-07,99.65750122070312,100.9175033569336,99.43250274658203,100.19999694824219,94.40736389160156,1374000
2021-10-08,100.49500274658203,101.0999984741211,99.85250091552734,100.69999694824219,94.87845611572266,1271200
2021-10-11,100.74250030517578,102.02999877929688,100.58000183105469,100.59249877929688,94.77716064453125,1072400
2021-10-12,100.64250183105469,101.48249816894531,100.49250030517578,101.0,95.1611099243164,1396400
2021-10-13,101.40750122070312,102.32250213623047,100.68250274658203,101.3324966430664,95.4743881225586,1269200
2021-10-14,102.5,104.2125015258789,101.94750213623047,104.1050033569336,98.08661651611328,1376400
2021-10-15,104.50499725341797,104.91999816894531,103.69750213623047,104.00749969482422,97.99474334716797,1374000
2021-10-18,103.69499969482422,105.35250091552734,103.375,105.26750183105469,99.18192291259766,1058000
2021-10-19,105.67500305175781,105.9749984741211,104.90750122070312,105.9749984741211,99.84850311279297,727200
2021-10-20,106.2300033569336,106.73750305175781,105.69750213623047,105.92500305175781,99.80140686035156,1055200
2021-10-21,105.94000244140625,106.60749816894531,105.43000030517578,106.16000366210938,100.02281188964844,1171200
2021-10-22,106.59750366210938,107.23500061035156,106.5199966430664,106.7074966430664,100.53866577148438,1070000
2021-10-25,106.60250091552734,107.51499938964844,106.19750213623047,107.14749908447266,100.95323181152344,1161600
2021-10-26,107.55000305175781,108.20500183105469,107.0374984741211,107.625,101.40310668945312,1331600
2021-10-27,107.82250213623047,107.82250213623047,105.66500091552734,105.73500061035156,99.62240600585938,806800
2021-10-28,105.87999725341797,106.63999938964844,105.20249938964844,106.51499938964844,100.3572998046875,882800
2021-10-29,106.28250122070312,109.08499908447266,106.11250305175781,108.2750015258789,102.01554870605469,1482000
2021-11-01,108.6449966430664,109.0199966430664,107.38500213623047,107.68000030517578,101.4549331665039,870000
2021-11-02,108.35749816894531,108.95999908447266,107.14749908447266,108.83000183105469,102.53846740722656,1097600
2021-11-03,108.83000183105469,109.625,107.61499786376953,109.4800033569336,103.15087890625,1202400
2021-11-04,109.375,110.98500061035156,109.04750061035156,110.14749908447266,103.77978515625,1132000
2021-11-05,111.01000213623047,112.24500274658203,110.38249969482422,110.48750305175781,104.10015106201172,1165600
2021-11-08,110.97000122070312,111.42500305175781,108.06999969482422,109.21499633789062,102.90120697021484,1408000
2021-11-09,109.2750015258789,109.67749786376953,108.50499725341797,109.23750305175781,102.92240905761719,1003600
2021-11-10,108.87000274658203,109.63500213623047,108.10749816894531,108.47750091552734,102.20632934570312,1515600
2021-11-11,108.86250305175781,109.20249938964844,108.2074966430664,108.49749755859375,102.22518157958984,998400
2021-11-12,108.93000030517578,109.95500183105469,108.17749786376953,109.64749908447266,103.53533935546875,874800
2021-11-15,109.82250213623047,110.37999725341797,108.97750091552734,109.7300033569336,103.61323547363281,682400
2021-11-16,109.60250091552734,110.90499877929688,109.10250091552734,110.8375015258789,104.65900421142578,967200
2021-11-17,110.8375015258789,111.26499938964844,109.85250091552734,111.13749694824219,104.9422836303711,707600
2021-11-18,111.36000061035156,111.75,110.37000274658203,110.69499969482422,104.52442932128906,999600
2021-11-19,111.46749877929688,112.30000305175781,110.55500030517578,111.51249694824219,105.29637145996094,1326800
2021-11-22,111.64749908447266,113.18499755859375,110.87750244140625,110.91500091552734,104.732177734375,1295600
2021-11-23,111.17500305175781,111.52999877929688,109.35250091552734,109.79000091552734,103.66988372802734,1246400
2021-11-24,109.5199966430664,110.60250091552734,108.5374984741211,110.38999938964844,104.2364501953125,1280400
2021-11-26,109.03500366210938,110.05249786376953,106.46499633789062,107.07250213623047,101.10387420654297,1354000
2021-11-29,108.44750213623047,109.40249633789062,107.16500091552734,108.68250274658203,102.62413787841797,1350400
2021-11-30,108.68250274658203,109.54000091552734,105.125,105.54750061035156,99.66388702392578,3877600
2021-12-01,107.11499786376953,108.62249755859375,104.2925033569336,104.40499877929688,98.58507537841797,1725600
2021-12-02,104.61000061035156,108.69999694824219,104.4124984741211,108.0425033569336,102.0197982788086,3072400
2021-12-03,108.23999786376953,110.13749694824219,105.11250305175781,106.81749725341797,100.86309051513672,2494000
2021-12-06,108.57749938964844,109.55999755859375,107.76750183105469,108.83000183105469,102.76341247558594,1783200
2021-12-07,110.19499969482422,112.42749786376953,109.62999725341797,111.50499725341797,105.28927612304688,2109200
2021-12-08,111.50499725341797,113.125,111.47000122070312,112.74500274658203,106.46016693115234,1574400
2021-12-09,112.74500274658203,112.98500061035156,111.88249969482422,112.28250122070312,106.02344512939453,1209600
2021-12-10,112.96499633789062,114.80000305175781,112.65750122070312,114.61250305175781,108.22356414794922,1810800
2021-12-13,114.5,115.36000061035156,113.53500366210938,114.35749816894531,107.98277282714844,2166000
2021-12-14,113.2925033569336,115.21749877929688,110.41500091552734,112.14749908447266,105.8959732055664,2087200
2021-12-15,112.41999816894531,114.625,112.39749908447266,114.42749786376953,108.04887390136719,2060800
2021-12-16,115.18499755859375,115.1875,112.95999908447266,113.70249938964844,107.36428833007812,2080800
2021-12-17,113.47000122070312,113.73500061035156,109.32250213623047,109.62750244140625,103.5164566040039,3664400
2021-12-20,107.90249633789062,108.25,106.19000244140625,107.48500061035156,101.4933853149414,3312000
2021-12-21,108.01249694824219,109.60749816894531,107.59249877929688,109.19750213623047,103.11042785644531,2707200
2021-12-22,107.5,107.5,105.29499816894531,107.22250366210938,101.24551391601562,2952000
2021-12-23,107.95249938964844,110.61499786376953,107.94000244140625,108.75,102.6878662109375,2487200
2021-12-27,109.55750274658203,110.68000030517578,108.51499938964844,110.5199966430664,104.35918426513672,1287200
2021-12-28,110.75,111.26249694824219,110.41000366210938,111.0250015258789,104.83605194091797,1093600
2021-12-29,111.19249725341797,111.79750061035156,110.71749877929688,111.23500061035156,105.03433990478516,836400
2021-12-30,111.31500244140625,111.94249725341797,109.69249725341797,109.88749694824219,103.76194763183594,1003200
2021-12-31,109.4625015258789,111.27249908447266,109.4625015258789,110.7925033569336,104.61650085449219,1278800
2022-01-03,110.58499908447266,110.6675033569336,105.75499725341797,106.02249908447266,100.11239624023438,2570000
2022-01-04,106.52749633789062,106.9375,105.75250244140625,106.27749633789062,100.35319519042969,2774000
2022-01-05,106.00250244140625,106.46749877929688,101.39250183105469,101.49500274658203,95.83728790283203,2980800
2022-01-06,101.49250030517578,102.44750213623047,100.2750015258789,100.75,95.13382720947266,2906000
2022-01-07,100.62249755859375,100.62249755859375,99.34750366210938,99.3550033569336,93.81656646728516,2430000
2022-01-10,98.6500015258789,99.9375,97.67749786376953,99.80750274658203,94.24385833740234,3103200
2022-01-11,99.7925033569336,101.46499633789062,98.0875015258789,101.2750015258789,95.62956237792969,2096400
2022-01-12,102.33000183105469,102.5,101.22750091552734,101.55249786376953,95.89158630371094,2117600
2022-01-13,101.69249725341797,102.04499816894531,101.02249908447266,101.18499755859375,95.54457092285156,2821600
2022-01-14,100.11750030517578,100.65499877929688,98.68499755859375,99.36250305175781,93.82367706298828,1707600
2022-01-18,97.91000366210938,98.61250305175781,97.3499984741211,97.76499938964844,92.31522369384766,2628800
2022-01-19,98.1500015258789,98.87249755859375,96.86499786376953,96.95999908447266,91.55506896972656,2254400
2022-01-20,98.05500030517578,98.2699966430664,94.79499816894531,95.07499694824219,89.77516174316406,2146800
2022-01-21,95.22750091552734,96.47750091552734,94.79499816894531,94.87750244140625,89.58868408203125,3220000
2022-01-24,93.74250030517578,96.71499633789062,92.92500305175781,96.58000183105469,91.19625854492188,3718400
2022-01-25,94.5824966430664,96.5875015258789,94.31500244140625,95.30750274658203,89.99471282958984,2950400
2022-01-26,95.88249969482422,98.08999633789062,94.24250030517578,95.32749938964844,90.01359558105469,3700000
2022-01-27,96.27249908447266,96.98750305175781,94.13249969482422,94.43000030517578,89.16612243652344,2406800
2022-01-28,94.16999816894531,96.625,93.20999908447266,96.57749938964844,91.19390106201172,2047600
2022-01-31,96.21499633789062,98.0250015258789,96.0,97.88249969482422,92.42615509033203,2883600
2022-02-01,97.64749908447266,98.32749938964844,95.62000274658203,96.83000183105469,91.43234252929688,2679600
2022-02-02,97.07250213623047,98.10250091552734,97.01000213623047,97.86250305175781,92.40728759765625,1740000
2022-02-03,97.5,98.30000305175781,96.08999633789062,96.2699966430664,90.90353393554688,1856400
2022-02-04,95.75,96.6500015258789,95.05750274658203,95.45249938964844,90.13160705566406,1823600
2022-02-07,95.6624984741211,96.37999725341797,94.80999755859375,94.96749877929688,89.67363739013672,1679200
2022-02-08,95.25250244140625,96.5250015258789,94.24749755859375,95.88749694824219,90.54237365722656,1015200
2022-02-09,97.35250091552734,98.16500091552734,97.26249694824219,97.89250183105469,92.43560028076172,1280000
2022-02-10,96.11250305175781,97.0199966430664,94.7750015258789,95.4124984741211,90.0938491821289,2078400
2022-02-11,95.81500244140625,95.95249938964844,93.6675033569336,93.88249969482422,88.64913177490234,1563200
2022-02-14,93.99500274658203,94.3499984741211,92.0999984741211,92.625,87.68354797363281,1652000
2022-02-15,93.8324966430664,94.64250183105469,93.33999633789062,94.4375,89.39935302734375,1754400
2022-02-16,94.3324966430664,94.91999816894531,93.11000061035156,94.64250183105469,89.59341430664062,1812800
2022-02-17,94.0875015258789,94.38999938964844,92.49749755859375,92.66000366210938,87.7166748046875,2598000
2022-02-18,92.52249908447266,93.62000274658203,92.23750305175781,92.89250183105469,87.9367904663086,2808800
2022-02-22,93.13500213623047,93.9749984741211,91.9749984741211,92.5,87.56522369384766,2354800
2022-02-23,92.93499755859375,93.9625015258789,90.87249755859375,90.97750091552734,86.12393951416016,2332800
2022-02-24,89.50250244140625,93.68000030517578,89.15249633789062,93.50499725341797,88.51660919189453,2962400
2022-02-25,93.61250305175781,94.60250091552734,92.18000030517578,94.33000183105469,89.29759979248047,1722800
2022-02-28,93.19750213623047,94.13249969482422,92.34750366210938,93.83000183105469,88.82426452636719,1718000
2022-03-01,93.65499877929688,93.93499755859375,92.1875,93.0374984741211,88.07404327392578,1745600
2022-03-02,93.28500366210938,95.8375015258789,93.07499694824219,95.24749755859375,90.16613006591797,2033200
2022-03-03,95.69999694824219,96.12999725341797,94.37999725341797,94.60250091552734,89.55555725097656,1554400
2022-03-04,94.51750183105469,95.42250061035156,93.88249969482422,94.73750305175781,89.68335723876953,1280800
2022-03-07,94.63999938964844,95.02999877929688,92.60749816894531,92.75499725341797,87.80661010742188,1929600
2022-03-08,92.2300033569336,93.69000244140625,91.10250091552734,91.87750244140625,86.97593688964844,3335200
2022-03-09,93.95249938964844,94.09750366210938,92.67749786376953,93.54000091552734,88.54973602294922,1842800
2022-03-10,92.13500213623047,92.7249984741211,90.84500122070312,92.4375,87.50605773925781,1949600
2022-03-11,93.625,93.87750244140625,92.22250366210938,92.32499694824219,87.39955139160156,1487600
2022-03-14,94.74250030517578,94.74250030517578,92.82250213623047,93.75250244140625,88.75089263916016,1446000
2022-03-15,94.71749877929688,95.86000061035156,94.23500061035156,95.52749633789062,90.43119812011719,1458800
2022-03-16,96.1050033569336,97.53250122070312,95.125,97.28250122070312,92.09258270263672,1496400
2022-03-17,97.23500061035156,98.74500274658203,96.28250122070312,98.74500274658203,93.47705841064453,1214000
2022-03-18,98.76000213623047,100.66000366210938,98.02999877929688,100.09249877929688,94.7526626586914,2634000
2022-03-21,99.4749984741211,100.08499908447266,96.63999938964844,97.82499694824219,92.60613250732422,4004000
2022-03-22,98.4749984741211,98.92749786376953,97.7925033569336,98.25,93.00846099853516,2745600
2022-03-23,98.61499786376953,101.1500015258789,97.875,100.33499908447266,94.98223114013672,2786400
2022-03-24,101.23999786376953,102.60250091552734,99.70249938964844,102.60250091552734,97.12876892089844,2978400
2022-03-25,103.25,103.4375,101.7249984741211,103.33000183105469,97.81745147705078,2333600
2022-03-28,103.0,105.8375015258789,102.94499969482422,105.80999755859375,100.16515350341797,2581600
2022-03-29,106.50499725341797,108.41000366210938,105.79499816894531,107.87750244140625,102.12235260009766,2710800
2022-03-30,108.57749938964844,108.7925033569336,107.58999633789062,108.00250244140625,102.24068450927734,1491200
2022-03-31,108.3324966430664,108.86000061035156,106.11750030517578,106.34750366210938,100.6739730834961,2050000
2022-04-01,106.40249633789062,107.12000274658203,105.33499908447266,105.97000122070312,100.31661224365234,1846000
2022-04-04,106.02249908447266,107.90249633789062,105.83000183105469,107.30500030517578,101.58039855957031,1645600
2022-04-05,106.7074966430664,109.1624984741211,106.7074966430664,107.8499984741211,102.09630584716797,1981600
2022-04-06,107.27249908447266,108.00749969482422,106.46749877929688,107.7874984741211,102.03714752197266,1563600
2022-04-07,107.52999877929688,108.95500183105469,106.90499877929688,108.55999755859375,102.76841735839844,1436400
2022-04-08,108.46749877929688,108.70249938964844,107.06999969482422,107.27999877929688,101.55671691894531,1335600
2022-04-11,106.81749725341797,107.11000061035156,104.3375015258789,104.50250244140625,98.92739868164062,1916400
2022-04-12,105.34249877929688,106.3125,103.51249694824219,103.94249725341797,98.39726257324219,1606000
2022-04-13,104.50250244140625,105.49749755859375,104.24749755859375,104.84500122070312,99.25161743164062,1658400
2022-04-14,105.38749694824219,105.86750030517578,103.2249984741211,103.4175033569336,97.90027618408203,1383200
2022-04-18,102.93250274658203,104.37750244140625,102.61750030517578,103.29499816894531,97.78430938720703,1211600
2022-04-19,103.06999969482422,105.21749877929688,103.06999969482422,104.73999786376953,99.15222930908203,1491200
2022-04-20,105.27249908447266,105.95249938964844,105.03500366210938,105.36499786376953,99.7438735961914,1314800
2022-04-21,105.66500091552734,106.54000091552734,104.5999984741211,104.72250366210938,99.13566589355469,1556800
2022-04-22,104.6624984741211,106.52999877929688,101.80750274658203,101.99749755859375,96.55603790283203,1692400
2022-04-25,102.0250015258789,102.5824966430664,99.93499755859375,102.48999786376953,97.02227020263672,2235600
2022-04-26,101.80249786376953,102.21499633789062,99.90249633789062,99.90249633789062,94.57279205322266,1566000
2022-04-27,99.98750305175781,101.85250091552734,99.55000305175781,100.25,94.90177154541016,2414800
2022-04-28,101.27999877929688,103.13500213623047,100.44000244140625,102.67500305175781,97.19739532470703,2314800
2022-04-29,101.6675033569336,102.27749633789062,99.02999877929688,99.31500244140625,94.01664733886719,2439200
2022-05-02,99.54750061035156,100.20249938964844,96.50250244140625,97.86499786376953,92.64400482177734,2922000
2022-05-03,98.02749633789062,98.41000366210938,97.18000030517578,97.57749938964844,92.37183380126953,1937200
2022-05-04,97.61000061035156,100.67749786376953,96.76249694824219,100.25749969482422,94.90887451171875,1803200
2022-05-05,99.12249755859375,99.66999816894531,96.02999877929688,96.68499755859375,91.5269546508789,1834800
2022-05-06,96.25250244140625,96.4749984741211,94.3375015258789,95.98500061035156,90.86429595947266,1798800
2022-05-09,94.82250213623047,95.4124984741211,93.34500122070312,93.55750274658203,88.56632232666016,2171200
2022-05-10,95.58499908447266,95.63749694824219,92.97000122070312,94.55750274658203,89.5129623413086,2180800
2022-05-11,93.87249755859375,95.3324966430664,92.6449966430664,92.73500061035156,87.78766632080078,2103200
2022-05-12,92.5,93.2699966430664,90.55249786376953,91.79000091552734,86.89309692382812,2467200
2022-05-13,92.60749816894531,94.6500015258789,91.15750122070312,93.99250030517578,89.20891571044922,1718800
2022-05-16,93.58000183105469,94.6449966430664,92.72750091552734,94.43250274658203,89.62652587890625,1637200
2022-05-17,95.75,95.90499877929688,94.5,95.32749938964844,90.4759750366211,1791600
2022-05-18,94.23750305175781,94.36000061035156,89.17749786376953,89.56500244140625,85.00675964355469,2626400
2022-05-19,88.91000366210938,90.72000122070312,88.0,89.69999694824219,85.13487243652344,2506800
2022-05-20,90.48249816894531,90.99500274658203,88.83999633789062,90.90499877929688,86.2785415649414,1822000
2022-05-23,91.35749816894531,92.81749725341797,91.01249694824219,92.56999969482422,87.85881042480469,1250000
2022-05-24,92.42250061035156,93.25250244140625,91.6500015258789,92.73500061035156,88.0154037475586,1866800
2022-05-25,92.0250015258789,93.22750091552734,91.56500244140625,91.9124984741211,87.23477935791016,2655600
2022-05-26,93.10749816894531,96.4625015258789,92.68499755859375,95.85749816894531,90.97900390625,1993200
2022-05-27,96.2874984741211,99.375,96.2874984741211,99.22750091552734,94.177490234375,2185600
2022-05-31,98.38749694824219,100.0425033569336,97.49500274658203,99.5824966430664,94.51441955566406,4401600
2022-06-01,99.68499755859375,99.90750122070312,97.61499786376953,97.69999694824219,92.72771453857422,2336400
2022-06-02,97.8375015258789,99.61000061035156,97.33499908447266,99.55750274658203,94.4906997680664,1907200
2022-06-03,98.6500015258789,99.29499816894531,98.13249969482422,99.02249908447266,93.98292541503906,2010800
2022-06-06,99.9175033569336,100.4000015258789,99.14749908447266,99.3550033569336,94.29849243164062,1481600
2022-06-07,98.79499816894531,101.375,98.58499908447266,100.9000015258789,95.76487731933594,1426800
2022-06-08,100.39250183105469,101.08000183105469,98.79750061035156,99.83999633789062,94.75880432128906,1798400
2022-06-09,99.0199966430664,99.93499755859375,97.7300033569336,97.7300033569336,92.75621795654297,1515200
2022-06-10,96.07499694824219,96.37000274658203,93.67500305175781,93.69000244140625,88.92182159423828,1778400
2022-06-13,91.80000305175781,92.10749816894531,88.96499633789062,89.4625015258789,84.90946960449219,2680000
2022-06-14,89.79750061035156,89.93499755859375,87.27249908447266,88.11000061035156,83.62580108642578,2742000
2022-06-15,89.76750183105469,90.125,87.05750274658203,88.70999908447266,84.19525909423828,3136800
2022-06-16,87.95500183105469,87.95500183105469,85.96499633789062,87.22250366210938,82.7834701538086,2901200
2022-06-17,87.125,88.58499908447266,86.58499908447266,86.8375015258789,82.4180679321289,4245600
2022-06-21,87.69999694824219,89.94750213623047,87.6500015258789,89.6050033569336,85.04472351074219,2569200
2022-06-22,88.99749755859375,90.55750274658203,87.97750091552734,89.80500030517578,85.23452758789062,1742800
2022-06-23,90.5425033569336,91.94000244140625,89.63999938964844,91.63249969482422,86.96903228759766,2039600
2022-06-24,92.18000030517578,94.88999938964844,92.18000030517578,94.79499816894531,89.9705810546875,3197200
2022-06-27,94.8949966430664,95.7925033569336,93.90249633789062,94.97750091552734,90.14379119873047,1248000
2022-06-28,95.23249816894531,96.0,92.62999725341797,92.87249755859375,88.14590454101562,1198400
2022-06-29,93.41000366210938,93.55999755859375,92.19000244140625,93.11250305175781,88.37370300292969,984000
2022-06-30,91.94750213623047,93.92749786376953,91.88500213623047,93.38249969482422,88.62997436523438,1473200
2022-07-01,93.38249969482422,94.59500122070312,92.88500213623047,94.17749786376953,89.3844985961914,1723600
2022-07-05,93.3949966430664,93.9800033569336,90.89749908447266,93.83999633789062,89.06417846679688,1875600
2022-07-06,94.70999908447266,95.63749694824219,93.77999877929688,95.02999877929688,90.193603515625,1405600
2022-07-07,94.44249725341797,95.60250091552734,94.44249725341797,95.22250366210938,90.3763198852539,1608000
2022-07-08,95.08000183105469,95.56999969482422,94.29499816894531,95.26750183105469,90.41902923583984,1728400
2022-07-11,95.16000366210938,95.96749877929688,94.95500183105469,95.19249725341797,90.34782409667969,1845600
2022-07-12,95.02249908447266,96.43499755859375,93.89250183105469,94.36499786376953,89.56246948242188,1876800
2022-07-13,93.19000244140625,95.11250305175781,91.4124984741211,94.39250183105469,89.58856201171875,1882800
2022-07-14,97.64250183105469,97.64250183105469,93.38249969482422,96.78250122070312,91.85693359375,2525600
2022-07-15,97.98249816894531,98.32749938964844,96.44000244140625,97.06999969482422,92.12979888916016,3144400
2022-07-18,97.51499938964844,97.52999877929688,94.5,94.73249816894531,89.91126251220703,2394000
2022-07-19,95.68000030517578,96.875,95.17500305175781,96.67250061035156,91.75253295898438,2764800
2022-07-20,97.2750015258789,98.4000015258789,96.47000122070312,98.02249908447266,93.03380584716797,1618000
2022-07-21,98.31999969482422,100.00250244140625,98.06500244140625,99.99749755859375,94.90830993652344,1884000
2022-07-22,100.45999908447266,100.74749755859375,98.56999969482422,99.18250274658203,94.1347885131836,1144400
2022-07-25,99.49749755859375,99.49749755859375,98.39250183105469,99.1675033569336,94.12054443359375,852000
2022-07-26,99.09750366210938,99.62249755859375,98.44999694824219,99.4574966430664,94.39579010009766,1434400
2022-07-27,99.97000122070312,102.84500122070312,99.66000366210938,102.30750274658203,97.10074615478516,1888400
2022-07-28,102.66000366210938,105.25,101.84750366210938,105.00499725341797,99.66094970703125,1776000
2022-07-29,105.0,106.65249633789062,104.54000091552734,106.37249755859375,100.95885467529297,1921200
2022-08-01,105.7074966430664,106.18000030517578,105.14250183105469,105.98249816894531,100.5887222290039,1134800
2022-08-02,105.91000366210938,106.4574966430664,104.53500366210938,105.69000244140625,100.31108093261719,1386000
2022-08-03,105.89250183105469,107.0199966430664,105.63249969482422,106.51750183105469,101.09648132324219,1219600
2022-08-04,106.61750030517578,107.2874984741211,106.05000305175781,106.79750061035156,101.36224365234375,2014800
2022-08-05,105.98999786376953,106.4749984741211,105.23750305175781,105.90249633789062,100.51276397705078,1177200
2022-08-08,106.58499908447266,106.82749938964844,105.69999694824219,106.40249633789062,100.98731231689453,1741200
2022-08-09,106.69750213623047,106.7125015258789,105.88500213623047,106.18250274658203,100.77852630615234,1524400
2022-08-10,108.2249984741211,108.4800033569336,107.12249755859375,107.94499969482422,102.45132446289062,1357600
2022-08-11,108.3125,108.75,106.96749877929688,107.41000366210938,101.94355773925781,826400
2022-08-12,108.03250122070312,108.76249694824219,107.38500213623047,108.55999755859375,104.15013122558594,1028000
2022-08-15,107.81500244140625,109.92500305175781,107.81500244140625,109.75749969482422,105.29898834228516,1111600
2022-08-16,109.22750091552734,109.83499908447266,108.70500183105469,109.45249938964844,105.00637817382812,1300400
2022-08-17,108.45999908447266,109.91000366210938,108.4375,109.7750015258789,105.3157730102539,1179200
2022-08-18,109.7750015258789,110.43499755859375,109.49749755859375,110.11000061035156,105.63716888427734,1118000
2022-08-19,109.75,110.23249816894531,108.74500274658203,109.12999725341797,104.69697570800781,1076400
2022-08-22,108.15249633789062,108.54000091552734,107.44499969482422,107.57250213623047,103.20275115966797,1124000
2022-08-23,107.00499725341797,107.625,106.67500305175781,107.00250244140625,102.65591430664062,1160000
2022-08-24,107.0199966430664,107.61499786376953,106.60250091552734,107.27999877929688,102.922119140625,997200
2022-08-25,108.35250091552734,108.38249969482422,107.18250274658203,108.3324966430664,103.93186950683594,960400
2022-08-26,108.4625015258789,108.625,104.86250305175781,105.00499725341797,100.73954010009766,2014000
2022-08-29,104.20500183105469,104.95999908447266,103.5875015258789,104.0,99.7753677368164,1170400
2022-08-30,104.38749694824219,104.5199966430664,101.62000274658203,102.42500305175781,98.26435089111328,1304000
2022-08-31,103.27249908447266,103.2925033569336,101.39250183105469,101.70999908447266,97.57837677001953,1793200
2022-09-01,101.06500244140625,101.88500213623047,100.50499725341797,101.88500213623047,97.74627685546875,1167600
2022-09-02,102.4000015258789,103.0875015258789,100.77249908447266,101.44750213623047,97.32655334472656,2032400
2022-09-06,101.71499633789062,103.55750274658203,101.71499633789062,103.4124984741211,99.21173858642578,1918800
2022-09-07,103.7750015258789,107.28500366210938,103.7750015258789,107.04750061035156,102.6990737915039,1958000
2022-09-08,106.88749694824219,107.97000122070312,106.49749755859375,107.34750366210938,102.98688507080078,1285200
2022-09-09,107.44499969482422,108.8125,107.2249984741211,107.8375015258789,103.45697784423828,1594400
2022-09-12,108.1675033569336,108.41000366210938,106.26000213623047,107.22750091552734,102.87176513671875,2018000
2022-09-13,105.08000183105469,105.80500030517578,101.73999786376953,102.16000366210938,98.0101089477539,2427600
2022-09-14,102.49749755859375,102.49749755859375,99.80750274658203,100.72250366210938,96.6310043334961,2366800
2022-09-15,101.0625,101.21749877929688,99.21749877929688,99.64250183105469,95.59487915039062,1849200
2022-09-16,98.83499908447266,101.37750244140625,97.97750091552734,101.0824966430664,96.97637176513672,3721600
2022-09-19,100.65249633789062,102.0374984741211,100.05750274658203,101.95999908447266,97.8182373046875,1352000
2022-09-20,101.02249908447266,101.95999908447266,100.48249816894531,101.5,97.37692260742188,1539200
2022-09-21,102.31999969482422,102.70249938964844,99.9000015258789,99.95999908447266,95.89947509765625,1844800
2022-09-22,99.45500183105469,99.57499694824219,97.12999725341797,97.19249725341797,93.24440002441406,1720800
2022-09-23,97.19499969482422,97.56500244140625,96.26000213623047,97.47250366210938,93.51303100585938,1681200
2022-09-26,97.08999633789062,98.25749969482422,96.65499877929688,96.7874984741211,92.85586547851562,1578400
2022-09-27,97.68000030517578,98.23500061035156,95.65249633789062,95.88249969482422,91.98760986328125,1769600
2022-09-28,98.86499786376953,99.7699966430664,95.24749755859375,98.63749694824219,94.63069152832031,2893600
2022-09-29,97.55750274658203,98.25749969482422,96.64250183105469,97.38749694824219,93.43147277832031,2595600
2022-09-30,97.66500091552734,98.71499633789062,96.38249969482422,97.04750061035156,93.10528564453125,2230400
2022-10-03,98.1675033569336,100.59750366210938,97.6875,100.20999908447266,96.13932037353516,1896000
2022-10-04,101.40249633789062,103.32499694824219,101.40249633789062,102.75499725341797,98.5809326171875,2437200
2022-10-05,102.2874984741211,103.81999969482422,101.53250122070312,102.98500061035156,98.80159759521484,2344400
2022-10-06,102.86250305175781,103.50749969482422,102.24500274658203,102.65249633789062,98.48259735107422,1382000
2022-10-07,101.24749755859375,102.45249938964844,99.2300033569336,99.60250091552734,95.55650329589844,2050000
2022-10-10,99.94249725341797,100.54499816894531,99.06999969482422,99.42749786376953,95.38860321044922,1202000
2022-10-11,99.1050033569336,99.35250091552734,97.56999969482422,98.375,94.37886810302734,1732400
2022-10-12,98.75499725341797,99.31999969482422,96.79750061035156,96.87000274658203,92.93499755859375,1583200
2022-10-13,94.7300033569336,98.74749755859375,92.73249816894531,98.20500183105469,94.21577453613281,2745600
2022-10-14,99.37750244140625,99.6875,94.90249633789062,95.33999633789062,91.4671401977539,1711200
2022-10-17,97.23500061035156,99.53500366210938,97.23500061035156,98.51249694824219,94.51077270507812,1692000
2022-10-18,100.74250030517578,101.10250091552734,99.09500122070312,100.5199966430664,96.43671417236328,1717600
2022-10-19,98.94249725341797,100.31999969482422,98.76249694824219,100.0625,95.99781799316406,1157600
2022-10-20,100.22000122070312,100.73750305175781,97.63999938964844,98.17500305175781,94.1869888305664,1598800
2022-10-21,97.81500244140625,100.30500030517578,97.37000274658203,99.98500061035156,95.92345428466797,1545600
2022-10-24,101.15249633789062,101.98999786376953,99.89250183105469,101.58000183105469,97.45367431640625,1331200
2022-10-25,101.52999877929688,102.72750091552734,101.22750091552734,102.59750366210938,98.4298324584961,1362400
2022-10-26,102.88500213623047,104.1449966430664,102.1624984741211,102.9749984741211,98.79199981689453,1776800
2022-10-27,103.23999786376953,104.36250305175781,102.84500122070312,103.6624984741211,99.45157623291016,1416800
2022-10-28,104.05750274658203,106.99749755859375,103.72000122070312,106.91000366210938,102.5671615600586,1354400
2022-10-31,106.0374984741211,107.25250244140625,105.87249755859375,106.88749694824219,102.54557037353516,1832400
2022-11-01,107.2249984741211,107.47750091552734,106.03500366210938,107.06749725341797,102.71826171875,1466000
2022-11-02,106.84750366210938,108.37249755859375,103.92250061035156,103.95249938964844,99.72979736328125,1627200
2022-11-03,102.93000030517578,104.72000122070312,102.54750061035156,102.73500061035156,98.56175231933594,1742800
2022-11-04,103.75,103.9749984741211,101.40750122070312,102.66000366210938,98.48979187011719,2230000
2022-11-07,103.93499755859375,105.01249694824219,102.80249786376953,104.96499633789062,100.70116424560547,2813200
2022-11-08,105.7750015258789,108.87750244140625,105.3125,107.75499725341797,103.3778305053711,1677200
2022-11-09,106.74749755859375,107.67500305175781,104.94000244140625,105.00749969482422,100.74193572998047,1594400
2022-11-10,109.84249877929688,111.4574966430664,108.88749694824219,111.12750244140625,106.61332702636719,2388400
2022-11-11,111.0250015258789,112.62750244140625,110.11000061035156,110.96499633789062,106.45742797851562,1824000
2022-11-14,110.625,112.9175033569336,110.375,110.97000122070312,106.73878479003906,1834800
2022-11-15,112.9749984741211,113.1050033569336,110.53500366210938,111.20249938964844,106.96241760253906,1350000
2022-11-16,111.48249816894531,112.52749633789062,111.04000091552734,111.42749786376953,107.17884063720703,1105600
2022-11-17,110.25,111.34750366210938,109.53500366210938,110.81999969482422,106.59449005126953,1287200
2022-11-18,112.17500305175781,112.7874984741211,111.26000213623047,112.34249877929688,108.05894470214844,1060400
2022-11-21,112.85250091552734,113.61499786376953,112.11000061035156,112.41500091552734,108.12869262695312,960400
2022-11-22,112.51499938964844,114.36499786376953,112.50499725341797,113.83000183105469,109.48973083496094,1440800
2022-11-23,114.21499633789062,114.42500305175781,113.08999633789062,113.8499984741211,109.50897216796875,1074400
2022-11-25,114.43250274658203,114.7300033569336,113.7249984741211,114.06749725341797,109.71817779541016,453200
2022-11-28,114.37750244140625,114.59750366210938,113.00499725341797,113.58499908447266,109.25407409667969,1022000
2022-11-29,112.99500274658203,113.31999969482422,111.55999755859375,112.67250061035156,108.3763656616211,1095200
2022-11-30,112.67250061035156,115.93000030517578,111.89250183105469,115.44499969482422,111.04315185546875,3275200
2022-12-01,115.8125,115.8125,114.23500061035156,115.61250305175781,111.20426940917969,1483600
2022-12-02,114.25250244140625,115.9000015258789,113.69499969482422,115.63249969482422,111.22350311279297,1144000
2022-12-05,114.55999755859375,114.94249725341797,113.68250274658203,114.85250091552734,110.47325134277344,1020800
2022-12-06,114.15499877929688,114.58999633789062,112.39250183105469,113.15499877929688,108.84046936035156,1181200
2022-12-07,113.18000030517578,114.01750183105469,112.68499755859375,113.31999969482422,108.9991683959961,1746000
2022-12-08,113.31999969482422,114.55249786376953,113.00499725341797,113.78500366210938,109.44645690917969,1458400
2022-12-09,113.64250183105469,114.25,113.02249908447266,113.36499786376953,109.04246520996094,947200
2022-12-12,113.79750061035156,114.6500015258789,113.09750366210938,114.3550033569336,109.99472045898438,1410000
2022-12-13,116.87249755859375,117.55750274658203,114.47250366210938,115.6050033569336,111.19705963134766,2089200
2022-12-14,115.68499755859375,116.92500305175781,113.73750305175781,114.81999969482422,110.44198608398438,1145200
2022-12-15,113.37249755859375,114.51499938964844,110.69750213623047,111.12750244140625,106.89027404785156,2366400
2022-12-16,109.88500213623047,111.69000244140625,109.88500213623047,111.31999969482422,107.07543182373047,3419600
2022-12-19,111.0875015258789,112.0625,110.30249786376953,110.87750244140625,106.64981079101562,1343600
2022-12-20,110.63999938964844,111.52249908447266,110.19499969482422,110.98500061035156,106.75320434570312,1742800
2022-12-21,113.33999633789062,116.16500091552734,111.91500091552734,116.09750366210938,111.6707763671875,2119600
2022-12-22,115.09500122070312,115.17749786376953,111.61750030517578,113.125,108.8116226196289,1756800
2022-12-23,112.75749969482422,114.37249755859375,112.00250244140625,114.30999755859375,109.95143127441406,820400
2022-12-27,114.7750015258789,115.50749969482422,113.98500061035156,114.75749969482422,110.38187408447266,1270400
2022-12-28,115.20999908447266,116.15750122070312,112.73999786376953,112.76000213623047,108.46052551269531,1062800
2022-12-29,113.5625,114.83499908447266,113.375,114.23750305175781,109.88169860839844,1010000
2022-12-30,113.36750030517578,113.85749816894531,111.47000122070312,112.90499877929688,108.5999984741211,1249600
2023-01-03,113.48249816894531,113.72750091552734,111.49749755859375,112.24749755859375,107.96756744384766,1226400
2023-01-04,113.24250030517578,113.57250213623047,110.19499969482422,110.9574966430664,106.72676086425781,1392800
2023-01-05,109.68000030517578,110.14250183105469,107.87249755859375,108.38249969482422,104.24993896484375,1853200
2023-01-06,108.74749755859375,111.375,108.64749908447266,110.48500061035156,106.27227783203125,1720000
2023-01-09,110.61499786376953,112.00250244140625,109.76000213623047,110.32749938964844,106.12078094482422,1529200
2023-01-10,109.91500091552734,111.26499938964844,109.57749938964844,111.24250030517578,107.00089263916016,1128000
2023-01-11,111.9000015258789,113.54499816894531,111.53500366210938,113.48999786376953,109.1626968383789,1768000
2023-01-12,112.93499755859375,113.26249694824219,110.37750244140625,111.55750274658203,107.30388641357422,1647200
2023-01-13,111.4749984741211,112.31749725341797,110.85749816894531,112.2300033569336,107.95074462890625,1840400
2023-01-17,111.94499969482422,113.37249755859375,111.0824966430664,111.22000122070312,106.97925567626953,1567600
2023-01-18,112.05750274658203,112.77749633789062,109.4574966430664,109.55249786376953,105.37533569335938,1751600
2023-01-19,109.17500305175781,109.80750274658203,106.82749938964844,106.89749908447266,102.8215560913086,1399600
2023-01-20,106.2750015258789,109.43000030517578,105.76499938964844,109.13749694824219,104.97615051269531,1577600
2023-01-23,109.18499755859375,110.36750030517578,108.59500122070312,109.44249725341797,105.26952362060547,1262800
2023-01-24,109.6050033569336,110.15750122070312,107.9175033569336,110.05999755859375,105.86348724365234,1098400
2023-01-25,108.73750305175781,109.27749633789062,107.74250030517578,109.21749877929688,105.0531005859375,935200
2023-01-26,109.56999969482422,110.29000091552734,108.93250274658203,110.27249908447266,106.06787109375,1026800
2023-01-27,109.69499969482422,110.2249984741211,108.9749984741211,109.31749725341797,105.1492919921875,898800
2023-01-30,109.22000122070312,110.30249786376953,108.69999694824219,109.01000213623047,104.853515625,1296000
2023-01-31,109.41000366210938,110.98999786376953,109.2074966430664,110.93499755859375,106.70510864257812,1752000
2023-02-01,110.81500244140625,112.25749969482422,108.7074966430664,111.58999633789062,107.33514404296875,1713600
2023-02-02,111.1050033569336,111.85749816894531,110.1050033569336,111.20249938964844,106.96241760253906,1655200
2023-02-03,110.4574966430664,111.05999755859375,108.51750183105469,110.6050033569336,106.3876953125,1594000
2023-02-06,109.9175033569336,110.69000244140625,109.1624984741211,109.72750091552734,105.54364776611328,1201600
2023-02-07,109.62249755859375,111.15750122070312,107.89250183105469,110.76750183105469,106.54400634765625,1276800
2023-02-08,110.49500274658203,110.55249786376953,109.4000015258789,109.93250274658203,105.74083709716797,1253200
2023-02-09,110.50499725341797,111.25,109.12000274658203,109.52249908447266,105.34648132324219,1552400
2023-02-10,109.45249938964844,111.15249633789062,109.05000305175781,110.71499633789062,106.4935073852539,1284400
2023-02-13,110.92500305175781,112.12000274658203,110.76000213623047,111.99749755859375,107.72710418701172,1095600
2023-02-14,111.37999725341797,111.625,109.12249755859375,110.76750183105469,106.8182144165039,1396800
2023-02-15,110.30000305175781,111.38749694824219,109.5999984741211,111.15750122070312,107.19430541992188,822000
2023-02-16,109.76499938964844,111.29750061035156,109.50499725341797,110.33999633789062,106.40594482421875,1217600
2023-02-17,110.52249908447266,111.35749816894531,110.05750274658203,111.0250015258789,107.06652069091797,1373200
2023-02-21,110.49749755859375,110.62249755859375,108.44499969482422,108.92749786376953,105.04380798339844,1550400
2023-02-22,109.13249969482422,110.2074966430664,109.00749969482422,109.39250183105469,105.49221801757812,1125200
2023-02-23,109.80249786376953,109.96749877929688,108.28250122070312,109.29000091552734,105.39337921142578,847600
2023-02-24,107.9574966430664,109.05999755859375,107.3375015258789,108.75749969482422,104.87986755371094,1021600
2023-02-27,109.72250366210938,110.04750061035156,108.6675033569336,109.13249969482422,105.24149322509766,1086000
2023-02-28,108.77249908447266,110.20999908447266,108.61000061035156,109.61750030517578,105.70919799804688,1940400
2023-03-01,108.98500061035156,109.55249786376953,106.8125,107.28500366210938,103.45988464355469,1271600
2023-03-02,107.07499694824219,109.4800033569336,106.71499633789062,108.81999969482422,104.94013977050781,1063200
2023-03-03,109.2074966430664,110.98750305175781,108.8125,110.4625015258789,106.52408599853516,1387600
2023-03-06,110.29750061035156,111.4574966430664,110.2300033569336,111.14749908447266,107.18465423583984,1000000
2023-03-07,111.34500122070312,111.49749755859375,108.56749725341797,109.01249694824219,105.12577819824219,1090800
2023-03-08,109.32749938964844,110.09750366210938,108.75,109.80000305175781,105.88521575927734,829600
2023-03-09,110.45500183105469,110.88999938964844,108.47250366210938,108.56749725341797,104.69664001464844,1192000
2023-03-10,108.375,109.19499969482422,106.7249984741211,107.07499694824219,103.25735473632812,1242400
2023-03-13,106.42250061035156,109.0,106.25,107.71499633789062,103.8745346069336,1358800
2023-03-14,108.3324966430664,110.75250244140625,108.02749633789062,110.4375,106.49996948242188,1530800
2023-03-15,109.44000244140625,109.87249755859375,106.70249938964844,108.08499908447266,104.2313461303711,1647600
2023-03-16,107.65249633789062,109.5,106.95999908447266,108.90249633789062,105.01969146728516,1381200
2023-03-17,108.90249633789062,109.92250061035156,107.28250122070312,108.18250274658203,104.32537841796875,2310000
2023-03-20,108.69000244140625,110.55750274658203,108.62249755859375,110.44750213623047,106.50961303710938,1294000
2023-03-21,111.12000274658203,111.42250061035156,109.67250061035156,110.77999877929688,106.83025360107422,1198000
2023-03-22,110.52749633789062,111.2750015258789,108.875,109.01000213623047,105.12336730957031,1766000
2023-03-23,108.50749969482422,109.74749755859375,107.24749755859375,108.2874984741211,104.42662048339844,1370000
2023-03-24,108.18250274658203,109.43000030517578,107.16999816894531,109.0875015258789,105.19811248779297,1128400
2023-03-27,109.40750122070312,110.43250274658203,109.27749633789062,110.16999816894531,106.24200439453125,1065200
2023-03-28,109.13999938964844,111.49250030517578,109.13500213623047,110.90750122070312,106.95321655273438,1914000
2023-03-29,114.38749694824219,116.9625015258789,114.18499755859375,116.2874984741211,112.14140319824219,3032000
2023-03-30,116.79000091552734,117.25499725341797,115.60749816894531,116.91000366210938,112.74170684814453,1788400
2023-03-31,115.84249877929688,116.46749877929688,115.09750366210938,115.66999816894531,111.54590606689453,2310400
2023-04-03,114.92749786376953,115.38249969482422,113.98249816894531,115.21499633789062,111.10713195800781,1444000
2023-04-04,115.07499694824219,115.49749755859375,113.1449966430664,113.72750091552734,109.67267608642578,1270000
2023-04-05,113.24749755859375,114.36499786376953,112.61250305175781,112.93499755859375,108.9084243774414,1326800
2023-04-06,112.875,113.23999786376953,112.39250183105469,112.93250274658203,108.90602111816406,955600
2023-04-10,112.34500122070312,112.54000091552734,111.77249908447266,112.50250244140625,108.49134826660156,1156000
2023-04-11,113.26000213623047,113.75749969482422,112.3499984741211,112.56500244140625,108.55162811279297,1338400
2023-04-12,113.05999755859375,114.24749755859375,112.91500091552734,113.48500061035156,109.43881225585938,1077600
2023-04-13,113.81749725341797,115.10250091552734,113.1675033569336,114.94499969482422,110.84676361083984,1518400
2023-04-14,114.52249908447266,115.2750015258789,113.90249633789062,114.65249633789062,110.56468200683594,1211200
2023-04-17,115.36250305175781,115.6624984741211,114.37750244140625,115.49500274658203,111.37715911865234,1257200
2023-04-18,116.42749786376953,116.87750244140625,114.69499969482422,114.97000122070312,110.8708724975586,1489600
2023-04-19,114.54750061035156,114.94499969482422,113.52999877929688,113.5824966430664,109.53284454345703,1115200
2023-04-20,112.90750122070312,115.1875,112.875,114.72250366210938,110.63220977783203,1160000
2023-04-21,114.55000305175781,115.27749633789062,114.37999725341797,114.96749877929688,110.86846160888672,938400
2023-04-24,115.15499877929688,115.4000015258789,114.22250366210938,114.48999786376953,110.40797424316406,1456800
2023-04-25,113.81749725341797,113.81749725341797,111.53250122070312,111.75499725341797,107.77050018310547,1542000
2023-04-26,110.62999725341797,110.85749816894531,109.64749908447266,109.90750122070312,105.98887634277344,1525600
2023-04-27,110.71499633789062,113.0,110.00250244140625,112.70500183105469,108.68663024902344,1340000
2023-04-28,112.93499755859375,114.57250213623047,112.93499755859375,113.94249725341797,109.87999725341797,1142800
2023-05-01,113.67500305175781,115.6624984741211,113.67500305175781,115.58000183105469,111.4591293334961,1251600
2023-05-02,115.5250015258789,115.66000366210938,113.67500305175781,114.72000122070312,110.6297836303711,1410400
2023-05-03,115.12750244140625,115.9625015258789,114.41000366210938,114.50250244140625,110.42003631591797,1086800
2023-05-04,114.8375015258789,115.8550033569336,114.1449966430664,114.48249816894531,110.40074920654297,1229200
2023-05-05,115.13999938964844,116.96499633789062,114.74749755859375,116.59249877929688,112.43550872802734,1229200
2023-05-08,116.3125,116.65499877929688,114.9000015258789,115.05999755859375,110.9576644897461,1302800
2023-05-09,114.70999908447266,115.90499877929688,114.14250183105469,115.38500213623047,111.27108001708984,1594000
2023-05-10,116.2125015258789,118.34249877929688,115.71749877929688,118.25749969482422,114.04115295410156,1554400
2023-05-11,118.42749786376953,118.8125,117.57250213623047,118.55750274658203,114.33045959472656,1604000
2023-05-12,118.78500366210938,119.59750366210938,117.97750091552734,118.58999633789062,115.48197174072266,1020800
2023-05-15,118.58499908447266,118.58499908447266,116.92500305175781,117.26499938964844,114.19169616699219,912400
2023-05-16,116.86499786376953,117.4124984741211,115.0,116.48999786376953,113.43700408935547,1145200
2023-05-17,117.11750030517578,117.4375,115.72250366210938,116.33499908447266,113.28606414794922,1048000
2023-05-18,116.0374984741211,118.1675033569336,115.58000183105469,118.05000305175781,114.95613098144531,1346800
2023-05-19,118.57250213623047,119.20500183105469,117.19499969482422,117.62000274658203,114.53739929199219,1108800
2023-05-22,118.2750015258789,119.06749725341797,117.38999938964844,117.90499877929688,114.81493377685547,1147600
2023-05-23,117.56500244140625,117.56500244140625,115.06999969482422,115.1449966430664,112.12725067138672,1048000
2023-05-24,114.77999877929688,116.17749786376953,114.5,115.57250213623047,112.5435562133789,1073600
2023-05-25,115.23750305175781,116.36000061035156,114.58000183105469,116.05000305175781,113.008544921875,1347600
2023-05-26,116.0,117.6624984741211,115.56999969482422,117.18000030517578,114.10892486572266,1054400
2023-05-30,117.5824966430664,118.5425033569336,116.82749938964844,117.89749908447266,114.80760955810547,946800
2023-05-31,117.79499816894531,118.38249969482422,116.39749908447266,118.03500366210938,114.9415283203125,3282000
2023-06-01,118.37750244140625,119.4175033569336,117.38749694824219,119.0,115.88121795654297,1702800
2023-06-02,119.2074966430664,120.51499938964844,118.5625,120.38999938964844,117.23479461669922,1812800
2023-06-05,120.69000244140625,121.40750122070312,120.29000091552734,121.0625,117.88967895507812,1032000
2023-06-06,120.95500183105469,121.57499694824219,120.13749694824219,121.1500015258789,117.9748764038086,1339200
2023-06-07,121.21749877929688,121.52999877929688,118.92500305175781,119.26499938964844,116.1392822265625,1742400
2023-06-08,118.86750030517578,120.93499755859375,118.75,120.7874984741211,117.62187957763672,1102800
2023-06-09,120.28500366210938,120.67500305175781,119.38500213623047,120.10749816894531,116.95970153808594,1254000
2023-06-12,120.10749816894531,121.37000274658203,119.88999938964844,121.13249969482422,117.95783996582031,1264800
2023-06-13,121.39749908447266,121.42749786376953,120.38249969482422,120.81749725341797,117.65108489990234,1244800
2023-06-14,120.95500183105469,121.8499984741211,120.66999816894531,121.52249908447266,118.33761596679688,1081200
2023-06-15,121.5,123.57250213623047,121.23999786376953,123.09500122070312,119.86890411376953,1160400
2023-06-16,124.42500305175781,124.42500305175781,122.38500213623047,122.83999633789062,119.62057495117188,2504000
2023-06-20,122.05999755859375,122.27749633789062,120.82499694824219,121.11000061035156,117.93592834472656,1592400
2023-06-21,120.72000122070312,122.54000091552734,120.23249816894531,121.625,118.43742370605469,1884800
2023-06-22,121.77999877929688,122.00250244140625,121.1500015258789,121.81749725341797,118.6248779296875,964400
2023-06-23,120.62249755859375,121.2925033569336,119.56999969482422,120.64749908447266,117.48554992675781,2160800
2023-06-26,120.40249633789062,122.08499908447266,120.17500305175781,121.34249877929688,118.1623306274414,1117600
2023-06-27,121.5875015258789,122.91999816894531,121.5875015258789,122.79750061035156,119.57920837402344,1150800
2023-06-28,122.7249984741211,122.73249816894531,121.84249877929688,122.33499908447266,119.12881469726562,1220000
2023-06-29,122.2925033569336,122.51249694824219,121.63500213623047,122.50749969482422,119.29679870605469,1088800
2023-06-30,123.49749755859375,124.49250030517578,123.48999786376953,124.2699966430664,121.01311492919922,1837200
2023-07-03,122.73999786376953,123.38500213623047,119.99749755859375,121.85749816894531,118.66382598876953,1081600
2023-07-05,121.41500091552734,122.01000213623047,120.17250061035156,121.69000244140625,118.50072479248047,1654400
2023-07-06,120.7125015258789,121.86000061035156,120.10250091552734,121.69499969482422,118.50559997558594,1534800
2023-07-07,121.4625015258789,121.51000213623047,119.97000122070312,120.05999755859375,116.91343688964844,1800400
2023-07-10,120.5999984741211,123.45249938964844,120.25499725341797,122.37249755859375,119.16534423828125,2856000
2023-07-11,122.45999908447266,123.61499786376953,122.45999908447266,123.1875,119.958984375,2042000
2023-07-12,123.86250305175781,124.13500213623047,122.83999633789062,123.26249694824219,120.03201293945312,1801600
2023-07-13,122.4000015258789,124.68499755859375,121.3550033569336,123.62000274658203,120.3801498413086,2868400
2023-07-14,123.55000305175781,124.58499908447266,123.07499694824219,124.08999633789062,120.83782958984375,1881200
2023-07-17,124.1875,126.25,123.2249984741211,125.9175033569336,122.617431640625,1734400
2023-07-18,125.87249755859375,126.55000305175781,125.31749725341797,125.93250274658203,122.63204193115234,1802400
2023-07-19,125.39749908447266,126.09500122070312,124.39250183105469,126.01499938964844,122.71237182617188,2288000
2023-07-20,126.5,127.45249938964844,125.82250213623047,126.7699966430664,123.44759368896484,1921200
2023-07-21,127.74500274658203,128.5749969482422,126.7699966430664,126.8550033569336,123.53036499023438,7308800
2023-07-24,126.22000122070312,127.8499984741211,126.0875015258789,127.64250183105469,124.29722595214844,1869200
2023-07-25,127.46499633789062,129.31500244140625,127.01000213623047,129.1125030517578,125.72870635986328,2386000
2023-07-26,128.75250244140625,129.67750549316406,128.2624969482422,129.1300048828125,125.74574279785156,1249600
2023-07-27,129.06500244140625,129.48500061035156,126.04750061035156,126.13749694824219,122.83165740966797,2134000
2023-07-28,127.375,127.375,125.22750091552734,125.66000366210938,122.3666763305664,1769200
2023-07-31,125.98249816894531,126.03250122070312,125.05249786376953,125.51000213623047,122.22061157226562,1769200
2023-08-01,125.66000366210938,126.44750213623047,125.0,125.9375,122.63690948486328,1486800
2023-08-02,124.49250030517578,125.50499725341797,124.34500122070312,124.88999938964844,121.61685180664062,1539200
2023-08-03,124.44249725341797,125.05000305175781,123.9625015258789,124.22750091552734,120.97172546386719,1098400
2023-08-04,124.65750122070312,124.65750122070312,122.39749908447266,122.52249908447266,119.31140899658203,1239200
2023-08-07,123.25250244140625,124.25,122.88999938964844,123.59750366210938,120.35823059082031,1158400
2023-08-08,123.19999694824219,123.625,121.67500305175781,122.67749786376953,119.46234130859375,1269600
2023-08-09,122.6624984741211,123.69999694824219,122.6624984741211,123.0425033569336,119.81778717041016,1151600
2023-08-10,123.20999908447266,124.30000305175781,122.2874984741211,122.54000091552734,119.32844543457031,914400
2023-08-11,122.5,122.9625015258789,122.1050033569336,122.50250244140625,119.29194641113281,1090000
2023-08-14,122.29499816894531,123.51249694824219,122.00250244140625,123.36250305175781,121.4679946899414,1122800
2023-08-15,122.57749938964844,122.97000122070312,121.99749755859375,122.16500091552734,120.28887939453125,979200
2023-08-16,122.45500183105469,124.26750183105469,122.30249786376953,122.56749725341797,120.6852035522461,1392800
2023-08-17,122.42749786376953,123.0875015258789,120.88500213623047,120.9800033569336,119.12207794189453,1482000
2023-08-18,120.87750244140625,121.84500122070312,120.37249755859375,121.36000061035156,119.49624633789062,2612000
2023-08-21,121.39749908447266,121.9800033569336,120.61499786376953,121.50499725341797,119.6390151977539,994800
2023-08-22,121.35250091552734,121.79750061035156,121.03500366210938,121.40249633789062,119.53809356689453,805600
2023-08-23,122.1500015258789,122.9375,121.55750274658203,122.80500030517578,120.91905212402344,1091600
2023-08-24,122.9800033569336,123.99250030517578,121.86250305175781,121.9749984741211,120.10179901123047,1008400
2023-08-25,122.4000015258789,124.29499816894531,122.25,124.00250244140625,122.0981674194336,1149200
2023-08-28,124.16000366210938,125.11250305175781,123.92500305175781,124.77249908447266,122.85633850097656,1257200
2023-08-29,124.5,125.74749755859375,124.32749938964844,125.58499908447266,123.65635681152344,1054400
2023-08-30,125.77249908447266,126.81500244140625,125.77249908447266,126.49749755859375,124.55484008789062,1532400
2023-08-31,126.13249969482422,126.94249725341797,126.00499725341797,126.0425033569336,124.1068344116211,1406400
2023-09-01,127.13500213623047,127.13500213623047,125.80500030517578,126.31500244140625,124.37515258789062,694000
2023-09-05,125.83499908447266,126.1500015258789,124.13749694824219,124.18499755859375,122.2778549194336,953600
2023-09-06,123.87999725341797,124.77749633789062,123.55500030517578,123.93250274658203,122.02924346923828,894400
2023-09-07,123.9800033569336,124.8550033569336,123.44999694824219,124.375,122.46493530273438,1376800
2023-09-08,124.7074966430664,124.93499755859375,123.56500244140625,123.78250122070312,121.88153839111328,982000
2023-09-11,123.69999694824219,124.55500030517578,123.67250061035156,124.4625015258789,122.55110931396484,1423200
2023-09-12,125.79000091552734,128.03500366210938,125.0,127.94750213623047,125.98257446289062,1827200
2023-09-13,127.875,128.78750610351562,126.9375,128.69749450683594,126.72106170654297,1375600
2023-09-14,129.51499938964844,131.13999938964844,129.46749877929688,130.84500122070312,128.8355712890625,1841600
2023-09-15,131.08749389648438,131.19000244140625,128.66749572753906,128.77000427246094,126.79244995117188,3367200
2023-09-18,128.61000061035156,129.36749267578125,128.4149932861328,128.6824951171875,126.70628356933594,1055600
2023-09-19,128.53500366210938,129.04249572753906,127.88500213623047,128.80999755859375,126.83181762695312,1089600
2023-09-20,129.3800048828125,130.57249450683594,128.56500244140625,128.63250732421875,126.65707397460938,895600
2023-09-21,128.22500610351562,128.24249267578125,126.0875015258789,126.10749816894531,124.17083740234375,1465200
2023-09-22,126.23249816894531,127.49749755859375,126.05000305175781,126.1875,124.24961853027344,1565600
2023-09-25,125.72250366210938,126.44000244140625,125.5,126.37999725341797,124.43914794921875,1270000
2023-09-26,124.9625015258789,125.9800033569336,119.63749694824219,119.71749877929688,117.87896728515625,3437200
2023-09-27,120.4800033569336,121.19000244140625,118.68499755859375,120.2699966430664,118.42298126220703,2874000
2023-09-28,120.29750061035156,122.24250030517578,120.0425033569336,120.97250366210938,119.11470031738281,2260000
2023-09-29,121.3499984741211,122.12999725341797,120.08000183105469,120.25250244140625,118.40576171875,1999200
2023-10-02,120.19999694824219,121.42500305175781,119.69000244140625,121.21749877929688,119.35592651367188,1997200
2023-10-03,120.47000122070312,121.59750366210938,119.7249984741211,120.21749877929688,118.37129211425781,1946400
2023-10-04,120.56999969482422,121.66999816894531,119.98249816894531,120.98500061035156,119.12700653076172,1386000
2023-10-05,121.0,121.11750030517578,119.8550033569336,120.4625015258789,118.61253356933594,1206800
2023-10-06,120.00749969482422,123.84249877929688,119.99749755859375,123.31500244140625,121.42121887207031,2452400
2023-10-09,122.875,125.61499786376953,122.5999984741211,125.55500030517578,123.62682342529297,1536000
2023-10-10,125.65499877929688,127.4124984741211,124.74749755859375,126.66000366210938,124.71485900878906,1993200
2023-10-11,126.78250122070312,128.3699951171875,126.78250122070312,128.12750244140625,126.15982055664062,1414800
2023-10-12,129.7949981689453,131.34249877929688,127.81500244140625,128.74749755859375,126.77029418945312,2039200
2023-10-13,129.39999389648438,129.69749450683594,127.74250030517578,128.15750122070312,126.18936157226562,1048800
2023-10-16,129.45750427246094,130.23500061035156,128.7375030517578,129.1699981689453,127.1863021850586,1135200
2023-10-17,129.1699981689453,129.1699981689453,127.80000305175781,128.5675048828125,126.59305572509766,1308400
2023-10-18,128.55250549316406,128.61749267578125,126.89250183105469,127.04750061035156,125.09639739990234,1002400
2023-10-19,127.19999694824219,127.5374984741211,125.19499969482422,125.70500183105469,123.7745132446289,1248800
2023-10-20,125.78500366210938,125.95999908447266,124.2874984741211,124.54750061035156,122.63479614257812,1626400
2023-10-23,124.72000122070312,125.9124984741211,124.72000122070312,124.87000274658203,122.95234680175781,1092800
2023-10-24,125.28500366210938,126.63749694824219,124.82499694824219,126.45500183105469,124.51300048828125,1540800
2023-10-25,125.9574966430664,127.0425033569336,125.18000030517578,125.37750244140625,123.4520492553711,1548400
2023-10-26,125.25749969482422,126.59249877929688,124.625,124.65499877929688,122.74064636230469,1646000
2023-10-27,124.8550033569336,124.97750091552734,123.64749908447266,124.10250091552734,122.19662475585938,1858400
2023-10-30,125.0,126.25749969482422,124.07250213623047,125.70249938964844,123.77205657958984,1210800
2023-10-31,125.74250030517578,127.20999908447266,125.62249755859375,126.77999877929688,124.8330078125,1398000
2023-11-01,127.18000030517578,127.9749984741211,126.16500091552734,127.25,125.29579162597656,1309200
2023-11-02,127.37750244140625,128.5574951171875,126.73999786376953,127.77249908447266,125.81027221679688,1912000
2023-11-03,128.5,130.24249267578125,128.38499450683594,129.6125030517578,127.62200164794922,1174800
2023-11-06,130.1475067138672,130.2324981689453,128.92250061035156,129.67750549316406,127.68601989746094,1110000
2023-11-07,129.9600067138672,132.05499267578125,129.15249633789062,131.56500244140625,129.54452514648438,2436000
2023-11-08,131.88999938964844,132.24000549316406,131.0124969482422,131.80250549316406,129.7783966064453,1155200
2023-11-09,132.15750122070312,132.6699981689453,131.24000549316406,131.58250427246094,129.561767578125,966800
2023-11-10,132.44000244140625,133.5175018310547,131.36500549316406,133.3699951171875,131.32180786132812,1244000
2023-11-13,133.22500610351562,134.39999389648438,132.64999389648438,134.0675048828125,132.0085906982422,952400
2023-11-14,135.95750427246094,137.06500244140625,135.06500244140625,136.63499450683594,134.87619018554688,1563600
2023-11-15,137.22999572753906,137.89500427246094,136.58749389648438,136.80999755859375,135.0489501953125,2107200
2023-11-16,137.3699951171875,139.27000427246094,136.6824951171875,138.36000061035156,136.57901000976562,1970800
2023-11-17,138.9949951171875,139.21749877929688,136.8574981689453,136.99249267578125,135.22909545898438,1377200
2023-11-20,137.0050048828125,138.2375030517578,136.50250244140625,137.7100067138672,135.93736267089844,1174800
2023-11-21,137.8874969482422,138.76499938964844,137.66749572753906,138.30999755859375,136.52963256835938,1052800
2023-11-22,139.0,139.75250244140625,138.4425048828125,138.7050018310547,136.9195556640625,825600
2023-11-24,137.74000549316406,139.01499938964844,136.8800048828125,138.72500610351562,136.93930053710938,456400
2023-11-27,138.8699951171875,139.6125030517578,138.6024932861328,138.69000244140625,136.90475463867188,863600
2023-11-28,138.72500610351562,139.98500061035156,138.1824951171875,138.58749389648438,136.80357360839844,1108800
2023-11-29,139.0175018310547,139.0175018310547,137.0399932861328,137.27000427246094,135.50303649902344,1202000
2023-11-30,137.6374969482422,138.47250366210938,136.88499450683594,138.3125,136.5321044921875,1700000
2023-12-01,138.3125,139.76499938964844,138.27749633789062,139.5625,137.76602172851562,1115600
2023-12-04,138.26499938964844,139.44749450683594,137.91000366210938,138.7624969482422,136.97630310058594,1214400
2023-12-05,137.8800048828125,138.4875030517578,136.9499969482422,137.77000427246094,135.99658203125,1140800
2023-12-06,138.7375030517578,139.2050018310547,137.05999755859375,137.7324981689453,135.95956420898438,1070400
2023-12-07,138.2324981689453,138.87750244140625,136.8699951171875,138.4375,136.65548706054688,2513600
2023-12-08,137.36500549316406,138.5225067138672,137.14999389648438,138.33250427246094,136.55184936523438,1315200
2023-12-11,139.11500549316406,140.83250427246094,138.7100067138672,139.89999389648438,138.0991668701172,1636400
2023-12-12,140.50250244140625,141.15249633789062,139.17750549316406,141.1300048828125,139.3133544921875,1345200
2023-12-13,141.88999938964844,144.14500427246094,141.13999938964844,143.72500610351562,141.87493896484375,1554400
2023-12-14,144.11749267578125,144.11749267578125,140.52000427246094,140.85499572753906,139.0418701171875,2452800
2023-12-15,140.5625,141.72000122070312,139.39999389648438,139.67750549316406,137.87954711914062,4520800
2023-12-18,141.49749755859375,141.49749755859375,140.09249877929688,140.1649932861328,138.36074829101562,1489200
2023-12-19,140.34249877929688,141.00250244140625,139.8524932861328,140.07249450683594,138.26943969726562,1445200
2023-12-20,139.84750366210938,140.77499389648438,138.3874969482422,138.4149932861328,136.63328552246094,2088000
2023-12-21,144.25,147.81500244140625,142.17750549316406,147.4875030517578,145.58900451660156,2682400
2023-12-22,148.0399932861328,149.43499755859375,147.625,148.80999755859375,146.89447021484375,1873200
2023-12-26,149.2375030517578,150.9499969482422,148.95249938964844,150.6074981689453,148.66885375976562,1288000
2023-12-27,150.47500610351562,151.94749450683594,150.47500610351562,151.55250549316406,149.6016845703125,1065600
2023-12-28,151.00999450683594,151.79750061035156,150.25750732421875,150.2725067138672,148.33816528320312,1175200
2023-12-29,150.05999755859375,151.11749267578125,149.91250610351562,150.6649932861328,148.7255859375,1136400
2024-01-02,150.22000122070312,150.8925018310547,147.01499938964844,147.9774932861328,146.07269287109375,1556000
2024-01-03,147.9149932861328,148.29750061035156,144.88999938964844,145.07000732421875,143.20263671875,1530800
2024-01-04,144.875,146.85000610351562,144.875,145.59500122070312,143.72085571289062,1291600
2024-01-05,145.59500122070312,146.11749267578125,143.6374969482422,144.31500244140625,142.4573516845703,1160800
2024-01-08,144.50750732421875,146.17999267578125,143.9824981689453,146.03250122070312,144.15272521972656,1703200
2024-01-09,144.63999938964844,146.16250610351562,144.13499450683594,146.12750244140625,144.2465057373047,855600
2024-01-10,146.0175018310547,146.86749267578125,145.41250610351562,146.7550048828125,144.86593627929688,938000
2024-01-11,147.0399932861328,147.2274932861328,145.90750122070312,147.0625,145.1694793701172,1117200
2024-01-12,147.77000427246094,148.33749389648438,146.9425048828125,148.25,146.34169006347656,914400
2024-01-16,147.7949981689453,148.3249969482422,146.51499938964844,147.1425018310547,145.24844360351562,1218000
2024-01-17,146.4774932861328,147.42750549316406,146.29249572753906,147.22250366210938,145.32742309570312,1122400
2024-01-18,147.22250366210938,148.47000122070312,146.63499450683594,148.15499877929688,146.24790954589844,1082400
2024-01-19,148.56500244140625,150.14500427246094,147.89999389648438,149.7624969482422,147.834716796875,1259600
2024-01-22,150.81500244140625,150.99749755859375,150.0500030517578,150.38250732421875,148.44674682617188,967200
2024-01-23,151.1425018310547,151.78250122070312,149.88250732421875,150.91749572753906,148.974853515625,864000
2024-01-24,151.25750732421875,151.58999633789062,149.28500366210938,149.4875030517578,147.56326293945312,1372400
2024-01-25,149.71499633789062,150.42999267578125,148.7550048828125,149.62750244140625,147.7014617919922,1079600
2024-01-26,150.3350067138672,150.3350067138672,148.75,149.45249938964844,147.52871704101562,685600
2024-01-29,148.87249755859375,151.15249633789062,148.87249755859375,150.5,148.56271362304688,1270400
2024-01-30,149.6999969482422,152.27000427246094,149.6999969482422,152.20249938964844,150.24330139160156,1209200
2024-01-31,152.25,152.92250061035156,150.4774932861328,151.1425018310547,149.19696044921875,2575600
2024-02-01,151.68499755859375,154.59750366210938,150.95750427246094,154.38499450683594,152.397705078125,1486000
2024-02-02,154.07749938964844,155.65750122070312,152.99000549316406,154.8249969482422,152.83204650878906,1349200
2024-02-05,154.21499633789062,154.27000427246094,152.78500366210938,153.90499877929688,151.9239044189453,1422800
2024-02-06,154.50250244140625,154.97999572753906,153.61749267578125,154.47250366210938,152.48410034179688,1342400
2024-02-07,155.52499389648438,156.5449981689453,155.1475067138672,155.40499877929688,153.4045867919922,1089600
2024-02-08,155.125,155.49249267578125,153.99000549316406,154.2899932861328,152.30393981933594,1715600
2024-02-09,154.7324981689453,155.08749389648438,153.5175018310547,154.55499267578125,152.56553649902344,1123600
2024-02-12,154.25,154.30499267578125,152.97999572753906,153.42250061035156,151.44761657714844,1157200
2024-02-13,152.75,152.96249389648438,150.6999969482422,151.49000549316406,149.5399932861328,1777200
2024-02-14,151.61749267578125,153.29750061035156,150.9425048828125,153.16749572753906,152.5553741455078,1427200
2024-02-15,154.0225067138672,155.4824981689453,153.36749267578125,155.2550048828125,154.63455200195312,1213200
2024-02-16,155.22250366210938,155.44500732421875,153.18499755859375,153.6649932861328,153.0509033203125,1358800
2024-02-20,153.6699981689453,154.7949981689453,152.7675018310547,153.66000366210938,153.04591369628906,1694000
2024-02-21,154.3074951171875,154.78250122070312,153.44500732421875,154.6649932861328,154.04689025878906,1236000
2024-02-22,155.6824951171875,157.15249633789062,155.6824951171875,156.77499389648438,156.14846801757812,1359200
2024-02-23,156.9875030517578,158.5749969482422,156.9875030517578,158.27499389648438,157.64247131347656,712000
2024-02-26,158.04750061035156,159.09249877929688,157.82000732421875,158.48500061035156,157.8516387939453,1778000
2024-02-27,157.8925018310547,157.8925018310547,156.6300048828125,157.03750610351562,156.40992736816406,1094800
2024-02-28,157.37249755859375,158.09249877929688,156.9375,157.67999267578125,157.0498504638672,846000
2024-02-29,158.25,158.25,156.8074951171875,157.15249633789062,156.5244598388672,1613200
2024-03-01,155.0449981689453,157.65750122070312,154.9824981689453,157.08999633789062,156.46221923828125,1186400
2024-03-04,157.36500549316406,157.9600067138672,156.8625030517578,157.30999755859375,156.6813201904297,892800
2024-03-05,156.77999877929688,157.1699981689453,155.29249572753906,156.34750366210938,155.72268676757812,1320800
2024-03-06,156.77999877929688,157.6649932861328,156.0050048828125,156.4499969482422,155.82476806640625,1308800
2024-03-07,157.5625,158.00750732421875,156.80499267578125,157.09500122070312,156.46719360351562,1022400
2024-03-08,156.90750122070312,157.5,155.92999267578125,156.34249877929688,155.7176971435547,1213200
2024-03-11,156.85499572753906,156.9375,154.15499877929688,156.1125030517578,155.48861694335938,812800
2024-03-12,155.60000610351562,156.99000549316406,155.22000122070312,156.6750030517578,156.0488739013672,1039600
2024-03-13,156.57000732421875,156.57000732421875,154.8249969482422,155.82000732421875,155.19728088378906,1886000
2024-03-14,156.55250549316406,157.8350067138672,155.5124969482422,157.4250030517578,156.79588317871094,1298000
2024-03-15,157.15249633789062,157.5500030517578,155.84750366210938,156.84500122070312,156.2181854248047,2752800
2024-03-18,157.79750061035156,158.32249450683594,156.1125030517578,156.24000549316406,155.61561584472656,1423600
2024-03-19,156.5175018310547,157.05499267578125,155.88999938964844,156.91749572753906,156.2904052734375,1426400
2024-03-20,156.8249969482422,159.11749267578125,156.8249969482422,158.74749755859375,158.1130828857422,1088000
2024-03-21,159.58749389648438,161.24000549316406,159.11000061035156,160.5399932861328,159.89840698242188,1207600
2024-03-22,161.1199951171875,161.1199951171875,159.1875,159.84750366210938,159.2086944580078,1201600
2024-03-25,159.9375,161.11500549316406,158.8175048828125,158.9149932861328,158.27992248535156,1247600
2024-03-26,158.92999267578125,159.78500366210938,158.09750366210938,158.35000610351562,157.71717834472656,1331200
2024-03-27,164.62750244140625,176.2100067138672,164.62750244140625,171.41000366210938,170.72499084472656,4428400
2024-03-28,172.07000732421875,172.32249450683594,170.10499572753906,171.75750732421875,171.07110595703125,2289600
2024-04-01,171.41250610351562,171.6374969482422,168.9199981689453,170.13499450683594,169.45506286621094,1866400
2024-04-02,169.97999572753906,170.40499877929688,168.87750244140625,168.93499755859375,168.25987243652344,2093200
2024-04-03,169.50250244140625,170.20750427246094,168.41000366210938,169.71249389648438,169.0342559814453,1615600
2024-04-04,171.94000244140625,172.36749267578125,165.8249969482422,166.12750244140625,165.46359252929688,1552800
2024-04-05,167.0225067138672,168.74249267578125,166.5225067138672,168.42250061035156,167.74942016601562,1396000
2024-04-08,168.42250061035156,169.82249450683594,167.5,169.35499572753906,168.67819213867188,1446000
2024-04-09,169.39500427246094,170.53500366210938,168.03250122070312,169.42999267578125,168.75289916992188,1076400
2024-04-10,167.0749969482422,168.47250366210938,166.75,167.74000549316406,167.0696563720703,1128800
2024-04-11,167.9550018310547,168.80999755859375,166.7675018310547,167.78250122070312,167.1119842529297,1238000
2024-04-12,166.42750549316406,167.6925048828125,166.42750549316406,167.1024932861328,166.4346923828125,1297200
2024-04-15,169.6699981689453,169.69000244140625,165.50750732421875,166.17999267578125,165.515869140625,1848000
2024-04-16,167.2449951171875,167.49000549316406,166.12750244140625,166.63999938964844,165.9740447998047,1361200
2024-04-17,167.96499633789062,169.05999755859375,166.21749877929688,167.12750244140625,166.45960998535156,1183200
2024-04-18,166.99000549316406,167.9375,165.42750549316406,165.61000061035156,164.94815063476562,848800
2024-04-19,166.50250244140625,167.30499267578125,164.75,165.32249450683594,164.66180419921875,1560400
2024-04-22,166.66749572753906,167.42250061035156,165.85499572753906,166.25,165.58560180664062,1606400
2024-04-23,166.57249450683594,167.38250732421875,166.28750610351562,166.58250427246094,165.91677856445312,2171200
2024-04-24,165.92999267578125,166.72000122070312,165.19500732421875,166.03250122070312,165.3689727783203,3007600
2024-04-25,166.21499633789062,166.9250030517578,164.625,166.3125,165.64785766601562,1158800
2024-04-26,165.27999877929688,167.2550048828125,165.27999877929688,166.5574951171875,165.89187622070312,1096800
2024-04-29,165.8350067138672,166.71749877929688,165.4149932861328,166.45750427246094,165.7922821044922,1078000
2024-04-30,166.67999267578125,167.80499267578125,164.1699981689453,164.5850067138672,163.92727661132812,1673600
2024-05-01,164.1699981689453,167.61749267578125,164.1699981689453,165.8975067138672,165.23451232910156,1234800
2024-05-02,165.96249389648438,166.15249633789062,162.16250610351562,165.57249450683594,164.91079711914062,1559200
2024-05-03,167.17999267578125,168.95750427246094,166.44500732421875,168.50999450683594,167.83656311035156,1682800
2024-05-06,169.24000549316406,171.6125030517578,169.24000549316406,171.4250030517578,170.73992919921875,1800400
2024-05-07,172.90249633789062,174.0175018310547,172.28250122070312,173.19500732421875,172.5028533935547,1590400
2024-05-08,173.27499389648438,173.6024932861328,172.22500610351562,172.63499450683594,171.94508361816406,1196400
2024-05-09,172.63499450683594,174.3175048828125,172.63499450683594,174.0625,173.36688232421875,1146400
2024-05-10,174.62249755859375,175.6699981689453,174.33749389648438,175.0675048828125,174.3678741455078,879600
2024-05-13,175.7449951171875,175.75750732421875,172.4774932861328,172.52749633789062,171.8380126953125,1083600
2024-05-14,172.26499938964844,172.7050018310547,171.12249755859375,171.9250030517578,171.5735626220703,1456400
2024-05-15,172.45249938964844,173.57249450683594,172.45249938964844,173.10000610351562,172.7461700439453,1166000
2024-05-16,173.12750244140625,173.68499755859375,172.5,172.84500122070312,172.49168395996094,1011600
2024-05-17,172.58749389648438,173.06500244140625,171.22250366210938,173.03500366210938,172.68128967285156,1206000
2024-05-20,173.0,174.50999450683594,172.0675048828125,174.36500549316406,174.00857543945312,776000
2024-05-21,174.8800048828125,174.9875030517578,173.15499877929688,174.9875030517578,174.6298065185547,1105600
2024-05-22,174.8699951171875,175.69000244140625,174.10499572753906,175.44749450683594,175.08885192871094,747600
2024-05-23,176.05250549316406,176.43499755859375,173.29249572753906,174.0175018310547,173.6617889404297,2041600
2024-05-24,173.32000732421875,174.07000732421875,170.27999877929688,170.70249938964844,170.3535614013672,1996800
2024-05-28,170.0124969482422,170.45750427246094,166.7725067138672,167.58250427246094,167.2399444580078,1807200
2024-05-29,166.39999389648438,166.7949981689453,164.92750549316406,165.8800048828125,165.54092407226562,1709600
2024-05-30,165.81500244140625,167.3625030517578,165.0574951171875,167.3074951171875,166.9654998779297,2023600
2024-05-31,167.26499938964844,169.79750061035156,166.3699951171875,169.49249267578125,169.14602661132812,2588800
2024-06-03,170.30250549316406,170.43499755859375,167.70750427246094,168.6374969482422,168.29278564453125,1708800
2024-06-04,168.1125030517578,171.4875030517578,168.1125030517578,170.6199951171875,170.27122497558594,1559600
2024-06-05,170.6199951171875,172.29249572753906,169.8874969482422,171.46249389648438,171.11199951171875,1196800
2024-06-06,170.6024932861328,171.5,169.8925018310547,170.53750610351562,170.18890380859375,916000
2024-06-07,170.42250061035156,171.66749572753906,170.1300048828125,170.54249572753906,170.19387817382812,834800
2024-06-10,169.4600067138672,171.34750366210938,169.4600067138672,171.04249572753906,170.69285583496094,1163600
2024-06-11,170.95249938964844,171.7675018310547,169.9550018310547,171.7375030517578,171.38644409179688,914000
2024-06-12,172.25,173.6300048828125,171.47500610351562,173.1199951171875,172.76611328125,1038000
2024-06-13,172.34500122070312,173.3300018310547,170.92999267578125,172.99000549316406,172.63638305664062,992400
2024-06-14,171.25750732421875,174.0449981689453,171.25750732421875,173.92250061035156,173.5669708251953,864800
2024-06-17,173.75,177.00750732421875,172.6699981689453,176.86000061035156,176.49847412109375,1575200
2024-06-18,176.78750610351562,178.4199981689453,176.1425018310547,177.75250244140625,177.38914489746094,1828400
2024-06-20,177.6425018310547,178.16749572753906,176.03250122070312,176.62750244140625,176.26644897460938,1486400
2024-06-21,177.2624969482422,177.7624969482422,175.97500610351562,177.12750244140625,176.7654266357422,2529600
2024-06-24,177.25250244140625,178.2624969482422,176.625,177.75,177.38665771484375,1671200
2024-06-25,179.11500549316406,179.9949951171875,176.87249755859375,178.7324981689453,178.3671417236328,1174000
2024-06-26,177.71249389648438,178.1374969482422,175.7550048828125,176.8699951171875,176.50845336914062,1664000
2024-06-27,177.0850067138672,178.0574951171875,176.39999389648438,177.91000366210938,177.54632568359375,1470800
2024-06-28,178.0,178.67750549316406,173.57249450683594,175.06500244140625,174.70713806152344,10214000
2024-07-01,176.0675048828125,177.34249877929688,173.20249938964844,173.52499389648438,173.1702880859375,1559600
2024-07-02,172.94000244140625,176.16749572753906,172.20249938964844,176.0850067138672,175.72506713867188,1426800
2024-07-03,175.80499267578125,176.15249633789062,175.03750610351562,175.66749572753906,175.30841064453125,828000
2024-07-05,175.72500610351562,178.22999572753906,174.4425048828125,177.92999267578125,177.5662841796875,1351200
2024-07-08,178.20750427246094,178.65499877929688,176.60499572753906,177.75999450683594,177.39662170410156,1547200
2024-07-09,178.5800018310547,178.63999938964844,177.6199951171875,177.8249969482422,177.4615020751953,811200
2024-07-10,177.8699951171875,179.0500030517578,177.32749938964844,178.94000244140625,178.57421875,1098400
2024-07-11,179.45750427246094,180.91000366210938,178.67750549316406,178.97000122070312,178.60415649414062,1411200
2024-07-12,180.29249572753906,181.5,179.8625030517578,180.44000244140625,180.07115173339844,1069600
2024-07-15,180.3524932861328,181.04750061035156,178.41749572753906,178.71249389648438,178.34718322753906,1380400
2024-07-16,178.87750244140625,181.75999450683594,178.87750244140625,181.3625030517578,180.9917755126953,1544800
2024-07-17,180.97000122070312,181.625,179.86500549316406,179.94500732421875,179.57717895507812,2183200
2024-07-18,192.4324951171875,193.44500732421875,185.41749572753906,189.74249267578125,189.35462951660156,3636800
2024-07-19,189.6875,192.17750549316406,188.71249389648438,189.63999938964844,189.25234985351562,2180800
2024-07-22,191.40750122070312,193.0124969482422,189.91749572753906,193.0124969482422,192.61795043945312,1649600
2024-07-23,193.1425018310547,193.25,188.1425018310547,189.00999450683594,188.62362670898438,2449200
2024-07-24,189.96249389648438,191.875,187.8874969482422,188.5124969482422,188.1271514892578,2342000
2024-07-25,189.2675018310547,191.00250244140625,188.3249969482422,188.7100067138672,188.32424926757812,1287600
2024-07-26,189.9324951171875,191.32249450683594,188.85000610351562,190.34750366210938,189.95840454101562,1065600
2024-07-29,190.76499938964844,192.08999633789062,190.0124969482422,191.21499633789062,190.82412719726562,931600
2024-07-30,191.96749877929688,192.97250366210938,190.4375,191.54249572753906,191.1509552001953,1700800
2024-07-31,192.8074951171875,193.4875030517578,190.30999755859375,190.98500061035156,190.5946044921875,2177200
2024-08-01,190.22500610351562,191.8300018310547,188.51499938964844,190.4774932861328,190.088134765625,1816800
2024-08-02,189.05499267578125,190.34750366210938,186.0574951171875,189.19000244140625,188.8032684326172,1940400
2024-08-05,191.23500061035156,191.23500061035156,183.91749572753906,184.95750427246094,184.5794219970703,2306400
2024-08-06,185.05999755859375,188.53750610351562,185.05999755859375,186.35000610351562,185.96908569335938,1543600
2024-08-07,187.6374969482422,189.3800048828125,184.83999633789062,185.04750061035156,184.6692352294922,1202800
2024-08-08,185.3975067138672,188.37249755859375,185.04750061035156,187.6074981689453,187.2239990234375,1417600
2024-08-09,186.87249755859375,188.9949951171875,185.97000122070312,188.91250610351562,188.52633666992188,826800
2024-08-12,187.9199981689453,189.92999267578125,187.49000549316406,189.90750122070312,189.51930236816406,1286800
2024-08-13,190.6750030517578,191.7449951171875,188.17250061035156,189.77999877929688,189.39205932617188,1458800
2024-08-14,189.2949981689453,191.53500366210938,189.2949981689453,190.7899932861328,190.39999389648438,998400
2024-08-15,191.54750061035156,193.1925048828125,191.03500366210938,191.93499755859375,191.93499755859375,1239200
2024-08-16,192.0749969482422,192.0749969482422,190.22999572753906,191.21499633789062,191.21499633789062,1070000
2024-08-19,191.21499633789062,193.3300018310547,191.21499633789062,193.2449951171875,193.2449951171875,1876000
2024-08-20,193.0,194.375,191.87249755859375,193.6649932861328,193.6649932861328,1575200
2024-08-21,194.74000549316406,195.99249267578125,194.18499755859375,195.7375030517578,195.7375030517578,1418000
2024-08-22,195.8350067138672,197.4550018310547,194.5175018310547,196.16000366210938,196.16000366210938,1538400
2024-08-23,196.5124969482422,197.91250610351562,196.07000732421875,197.125,197.125,1028400
2024-08-26,197.61500549316406,198.7050018310547,196.8625030517578,198.4149932861328,198.4149932861328,952400
2024-08-27,198.75,199.96249389648438,198.4774932861328,199.8975067138672,199.8975067138672,1186800
2024-08-28,201.125,201.4774932861328,198.32249450683594,199.44749450683594,199.44749450683594,1408400
2024-08-29,200.47000122070312,201.9949951171875,199.35000610351562,199.8125,199.8125,1126000
2024-08-30,200.0500030517578,201.75250244140625,198.85000610351562,201.27999877929688,201.27999877929688,1584000
2024-09-03,201.27999877929688,203.00250244140625,198.8249969482422,199.85000610351562,199.85000610351562,1342000
2024-09-04,200.0,201.44500732421875,199.22999572753906,201.19500732421875,201.19500732421875,1051200
2024-09-05,200.09750366210938,200.09750366210938,196.83999633789062,199.72999572753906,199.72999572753906,1568000
2024-09-06,199.38499450683594,200.08250427246094,194.72250366210938,195.47500610351562,195.47500610351562,1502800
2024-09-09,196.41749572753906,201.77000427246094,196.41749572753906,201.17999267578125,201.17999267578125,2057200
2024-09-10,201.7550048828125,204.49749755859375,201.27749633789062,204.10499572753906,204.10499572753906,1100000
2024-09-11,203.46749877929688,205.24000549316406,198.84249877929688,204.95750427246094,204.95750427246094,1446400
2024-09-12,205.5,207.49000549316406,201.9199981689453,206.02000427246094,206.02000427246094,1340400
2024-09-13,205.9199981689453,209.1199951171875,205.33999633789062,207.77000427246094,207.77000427246094,1030100
2024-09-16,208.0500030517578,208.69000244140625,204.2899932861328,204.9499969482422,204.9499969482422,1116300
2024-09-17,205.52999877929688,206.86000061035156,203.3699951171875,203.77000427246094,203.77000427246094,1194900
2024-09-18,203.9499969482422,204.77999877929688,201.0399932861328,201.3800048828125,201.3800048828125,1334000
2024-09-19,204.97000122070312,205.3800048828125,202.3000030517578,203.74000549316406,203.74000549316406,1243600
2024-09-20,203.7899932861328,204.6999969482422,202.64999389648438,204.16000366210938,204.16000366210938,3160600
2024-09-23,204.4499969482422,204.77999877929688,203.0500030517578,203.99000549316406,203.99000549316406,1239200
2024-09-24,203.99000549316406,205.6300048828125,202.4600067138672,204.85000610351562,204.85000610351562,1684800
