Date,Open,High,Low,Close,Adj Close,Volume
2022-02-09,9.550000190734863,9.699999809265137,9.550000190734863,9.699999809265137,9.699999809265137,377140
2022-02-10,9.699999809265137,9.699999809265137,9.699999809265137,9.699999809265137,9.699999809265137,76064
2022-02-11,9.699999809265137,9.699999809265137,9.699999809265137,9.699999809265137,9.699999809265137,0
2022-02-14,9.699999809265137,9.699999809265137,9.699999809265137,9.699999809265137,9.699999809265137,0
2022-02-15,9.699999809265137,9.699999809265137,9.699999809265137,9.699999809265137,9.699999809265137,0
2022-02-16,9.699999809265137,9.699999809265137,9.699999809265137,9.699999809265137,9.699999809265137,0
2022-02-17,9.699999809265137,9.699999809265137,9.699999809265137,9.699999809265137,9.699999809265137,0
2022-02-18,9.699999809265137,9.699999809265137,9.699999809265137,9.699999809265137,9.699999809265137,0
2022-02-22,9.739999771118164,9.75,9.739999771118164,9.75,9.75,30028
2022-02-23,9.75,9.75,9.75,9.75,9.75,1101
2022-02-24,9.75,9.75,9.75,9.75,9.75,8900
2022-02-25,9.75,9.760000228881836,9.75,9.75,9.75,79929
2022-02-28,9.75,9.770000457763672,9.75,9.760000228881836,9.760000228881836,22503
2022-03-01,9.760000228881836,9.770000457763672,9.760000228881836,9.760000228881836,9.760000228881836,5500
2022-03-02,9.770000457763672,9.770000457763672,9.770000457763672,9.770000457763672,9.770000457763672,3000
2022-03-03,9.770000457763672,9.770000457763672,9.770000457763672,9.770000457763672,9.770000457763672,600
2022-03-04,9.770000457763672,9.770000457763672,9.770000457763672,9.770000457763672,9.770000457763672,601
2022-03-07,9.770000457763672,9.770000457763672,9.770000457763672,9.770000457763672,9.770000457763672,0
2022-03-08,9.779999732971191,9.779999732971191,9.779999732971191,9.779999732971191,9.779999732971191,839
2022-03-09,9.779999732971191,9.779999732971191,9.779999732971191,9.779999732971191,9.779999732971191,0
2022-03-10,9.779999732971191,9.779999732971191,9.779999732971191,9.779999732971191,9.779999732971191,0
2022-03-11,9.779999732971191,9.779999732971191,9.779999732971191,9.779999732971191,9.779999732971191,0
2022-03-14,9.779999732971191,9.779999732971191,9.779999732971191,9.779999732971191,9.779999732971191,0
2022-03-15,9.779999732971191,9.779999732971191,9.779999732971191,9.779999732971191,9.779999732971191,0
2022-03-16,9.779999732971191,9.779999732971191,9.779999732971191,9.779999732971191,9.779999732971191,0
2022-03-17,9.779999732971191,9.779999732971191,9.779999732971191,9.779999732971191,9.779999732971191,0
2022-03-18,9.779999732971191,9.779999732971191,9.779999732971191,9.779999732971191,9.779999732971191,0
2022-03-21,9.770000457763672,9.779999732971191,9.75,9.760000228881836,9.760000228881836,44609
2022-03-22,9.760000228881836,9.760000228881836,9.760000228881836,9.760000228881836,9.760000228881836,1089
2022-03-23,9.760000228881836,9.760000228881836,9.760000228881836,9.760000228881836,9.760000228881836,0
2022-03-24,9.770000457763672,9.770000457763672,9.770000457763672,9.770000457763672,9.770000457763672,4462
2022-03-25,9.770000457763672,9.770000457763672,9.770000457763672,9.770000457763672,9.770000457763672,0
2022-03-28,9.770000457763672,9.770000457763672,9.770000457763672,9.770000457763672,9.770000457763672,0
2022-03-29,9.770000457763672,9.770000457763672,9.770000457763672,9.770000457763672,9.770000457763672,1000
2022-03-30,9.779999732971191,9.779999732971191,9.779899597167969,9.779999732971191,9.779999732971191,44000
2022-03-31,9.770000457763672,9.779999732971191,9.770000457763672,9.770000457763672,9.770000457763672,52394
2022-04-01,9.770000457763672,9.770000457763672,9.760000228881836,9.770000457763672,9.770000457763672,83446
2022-04-04,9.770000457763672,9.800000190734863,9.770000457763672,9.800000190734863,9.800000190734863,193270
2022-04-05,9.800000190734863,9.800000190734863,9.800000190734863,9.800000190734863,9.800000190734863,1002
2022-04-06,9.800000190734863,9.800000190734863,9.800000190734863,9.800000190734863,9.800000190734863,0
2022-04-07,9.829999923706055,9.829999923706055,9.800000190734863,9.829999923706055,9.829999923706055,306
2022-04-08,9.829999923706055,9.829999923706055,9.829999923706055,9.829999923706055,9.829999923706055,1208
2022-04-11,9.819999694824219,9.819999694824219,9.819999694824219,9.819999694824219,9.819999694824219,6000
2022-04-12,9.819999694824219,9.819999694824219,9.819999694824219,9.819999694824219,9.819999694824219,0
2022-04-13,9.800000190734863,9.800000190734863,9.789999961853027,9.800000190734863,9.800000190734863,60260
2022-04-14,9.800000190734863,9.800000190734863,9.800000190734863,9.800000190734863,9.800000190734863,0
2022-04-18,9.8100004196167,9.8100004196167,9.8100004196167,9.8100004196167,9.8100004196167,400
2022-04-19,9.8100004196167,9.819999694824219,9.800000190734863,9.8100004196167,9.8100004196167,60800
2022-04-20,9.8100004196167,9.8100004196167,9.800000190734863,9.8100004196167,9.8100004196167,282821
2022-04-21,9.8100004196167,9.8100004196167,9.8100004196167,9.8100004196167,9.8100004196167,282135
2022-04-22,9.8100004196167,9.8100004196167,9.8100004196167,9.8100004196167,9.8100004196167,0
2022-04-25,9.819999694824219,9.819999694824219,9.8100004196167,9.8100004196167,9.8100004196167,105500
2022-04-26,9.819999694824219,9.819999694824219,9.819999694824219,9.819999694824219,9.819999694824219,50002
2022-04-27,9.819999694824219,9.819999694824219,9.819999694824219,9.819999694824219,9.819999694824219,0
2022-04-28,9.819999694824219,9.819999694824219,9.819999694824219,9.819999694824219,9.819999694824219,53004
2022-04-29,9.819999694824219,9.819999694824219,9.819999694824219,9.819999694824219,9.819999694824219,0
2022-05-02,9.819999694824219,9.819999694824219,9.819999694824219,9.819999694824219,9.819999694824219,0
2022-05-03,9.819999694824219,9.824999809265137,9.819999694824219,9.819999694824219,9.819999694824219,77571
2022-05-04,9.819999694824219,9.819999694824219,9.819999694824219,9.819999694824219,9.819999694824219,30156
2022-05-05,9.819999694824219,9.819999694824219,9.819999694824219,9.819999694824219,9.819999694824219,5002
2022-05-06,9.8100004196167,9.8100004196167,9.8100004196167,9.8100004196167,9.8100004196167,201
2022-05-09,9.800000190734863,9.800000190734863,9.770000457763672,9.779999732971191,9.779999732971191,390755
2022-05-10,9.779999732971191,9.789999961853027,9.739999771118164,9.789999961853027,9.789999961853027,677945
2022-05-11,9.770000457763672,9.770000457763672,9.75,9.75,9.75,664000
2022-05-12,9.770000457763672,9.770000457763672,9.710000038146973,9.710000038146973,9.710000038146973,655910
2022-05-13,9.710000038146973,9.739999771118164,9.699999809265137,9.739999771118164,9.739999771118164,18529
2022-05-16,9.729999542236328,9.729999542236328,9.729999542236328,9.729999542236328,9.729999542236328,135
2022-05-17,9.729999542236328,9.729999542236328,9.729999542236328,9.729999542236328,9.729999542236328,102
2022-05-18,9.739999771118164,9.760000228881836,9.739999771118164,9.760000228881836,9.760000228881836,5204
2022-05-19,9.760000228881836,9.760000228881836,9.760000228881836,9.760000228881836,9.760000228881836,0
2022-05-20,9.760000228881836,9.760000228881836,9.760000228881836,9.760000228881836,9.760000228881836,0
2022-05-23,9.760000228881836,9.760000228881836,9.760000228881836,9.760000228881836,9.760000228881836,0
2022-05-24,9.760000228881836,9.760000228881836,9.760000228881836,9.760000228881836,9.760000228881836,0
2022-05-25,9.760000228881836,9.760000228881836,9.760000228881836,9.760000228881836,9.760000228881836,0
2022-05-26,9.770000457763672,9.770000457763672,9.770000457763672,9.770000457763672,9.770000457763672,20450
2022-05-27,9.755000114440918,9.755000114440918,9.755000114440918,9.755000114440918,9.755000114440918,94654
2022-05-31,9.789999961853027,9.789999961853027,9.739999771118164,9.739999771118164,9.739999771118164,179404
2022-06-01,9.739999771118164,9.739999771118164,9.739999771118164,9.739999771118164,9.739999771118164,0
2022-06-02,9.739999771118164,9.739999771118164,9.739999771118164,9.739999771118164,9.739999771118164,0
2022-06-03,9.789999961853027,9.8100004196167,9.75,9.800000190734863,9.800000190734863,5410
2022-06-06,9.800000190734863,9.800000190734863,9.800000190734863,9.800000190734863,9.800000190734863,63224
2022-06-07,9.800000190734863,9.800000190734863,9.800000190734863,9.800000190734863,9.800000190734863,0
2022-06-08,9.760000228881836,9.760000228881836,9.760000228881836,9.760000228881836,9.760000228881836,201
2022-06-09,9.760000228881836,9.760000228881836,9.760000228881836,9.760000228881836,9.760000228881836,100
2022-06-10,9.760000228881836,9.760000228881836,9.760000228881836,9.760000228881836,9.760000228881836,0
2022-06-13,9.800000190734863,9.800000190734863,9.800000190734863,9.800000190734863,9.800000190734863,3301
2022-06-14,9.800000190734863,9.800000190734863,9.800000190734863,9.800000190734863,9.800000190734863,47000
2022-06-15,9.760000228881836,9.760000228881836,9.760000228881836,9.760000228881836,9.760000228881836,461
2022-06-16,9.760000228881836,9.760000228881836,9.760000228881836,9.760000228881836,9.760000228881836,0
2022-06-17,9.760000228881836,9.760000228881836,9.760000228881836,9.760000228881836,9.760000228881836,0
2022-06-21,9.789999961853027,9.789999961853027,9.789999961853027,9.789999961853027,9.789999961853027,809
2022-06-22,9.789999961853027,9.789999961853027,9.789999961853027,9.789999961853027,9.789999961853027,0
2022-06-23,9.789999961853027,9.789999961853027,9.779999732971191,9.779999732971191,9.779999732971191,375300
2022-06-24,9.789999961853027,9.789999961853027,9.779999732971191,9.779999732971191,9.779999732971191,302
2022-06-27,9.779999732971191,9.779999732971191,9.779999732971191,9.779999732971191,9.779999732971191,0
2022-06-28,9.789999961853027,9.789999961853027,9.789999961853027,9.789999961853027,9.789999961853027,1000
2022-06-29,9.789999961853027,9.789999961853027,9.789999961853027,9.789999961853027,9.789999961853027,0
2022-06-30,9.78499984741211,9.800000190734863,9.779999732971191,9.779999732971191,9.779999732971191,113850
2022-07-01,9.779999732971191,9.779999732971191,9.779999732971191,9.779999732971191,9.779999732971191,0
2022-07-05,9.789999961853027,9.789999961853027,9.789999961853027,9.789999961853027,9.789999961853027,339139
2022-07-06,9.8100004196167,9.8100004196167,9.8100004196167,9.8100004196167,9.8100004196167,235
2022-07-07,9.8100004196167,9.8100004196167,9.8100004196167,9.8100004196167,9.8100004196167,0
2022-07-08,9.8100004196167,9.8100004196167,9.779999732971191,9.789999961853027,9.789999961853027,3122
2022-07-11,9.789999961853027,9.789999961853027,9.779999732971191,9.779999732971191,9.779999732971191,5102
2022-07-12,9.800000190734863,9.800000190734863,9.800000190734863,9.800000190734863,9.800000190734863,600
2022-07-13,9.800000190734863,9.819999694824219,9.800000190734863,9.819999694824219,9.819999694824219,6802
2022-07-14,9.8100004196167,9.819999694824219,9.8100004196167,9.819999694824219,9.819999694824219,4212
2022-07-15,9.819999694824219,9.819999694824219,9.8100004196167,9.8100004196167,9.8100004196167,25150
2022-07-18,9.8100004196167,9.84000015258789,9.8100004196167,9.8100004196167,9.8100004196167,447633
2022-07-19,9.8100004196167,9.8100004196167,9.8100004196167,9.8100004196167,9.8100004196167,0
2022-07-20,9.8100004196167,9.819999694824219,9.8100004196167,9.819999694824219,9.819999694824219,50300
2022-07-21,9.8100004196167,9.819999694824219,9.8100004196167,9.819999694824219,9.819999694824219,80107
2022-07-22,9.819999694824219,9.84000015258789,9.8100004196167,9.8100004196167,9.8100004196167,60541
2022-07-25,9.8100004196167,9.829999923706055,9.8100004196167,9.819999694824219,9.819999694824219,45417
2022-07-26,9.819999694824219,9.824999809265137,9.819999694824219,9.819999694824219,9.819999694824219,26647
2022-07-27,9.829999923706055,9.829999923706055,9.829999923706055,9.829999923706055,9.829999923706055,51200
2022-07-28,9.850000381469727,9.850000381469727,9.819999694824219,9.850000381469727,9.850000381469727,10649
2022-07-29,9.850000381469727,9.850000381469727,9.829999923706055,9.829999923706055,9.829999923706055,6882
2022-08-01,9.859999656677246,9.859999656677246,9.819999694824219,9.819999694824219,9.819999694824219,8966
2022-08-02,9.84000015258789,9.84000015258789,9.84000015258789,9.84000015258789,9.84000015258789,900
2022-08-03,9.84000015258789,9.84000015258789,9.829999923706055,9.84000015258789,9.84000015258789,957
2022-08-04,9.796199798583984,9.829999923706055,9.796199798583984,9.824999809265137,9.824999809265137,37870
2022-08-05,9.84000015258789,9.84000015258789,9.8149995803833,9.84000015258789,9.84000015258789,167424
2022-08-08,9.845000267028809,9.850000381469727,9.84000015258789,9.84000015258789,9.84000015258789,1300
2022-08-09,9.84000015258789,9.84000015258789,9.84000015258789,9.84000015258789,9.84000015258789,28109
2022-08-10,9.829999923706055,9.84000015258789,9.800000190734863,9.835000038146973,9.835000038146973,131124
2022-08-11,9.84000015258789,9.850000381469727,9.84000015258789,9.84000015258789,9.84000015258789,27758
2022-08-12,9.84000015258789,9.84000015258789,9.84000015258789,9.84000015258789,9.84000015258789,2802
2022-08-15,9.84000015258789,9.84000015258789,9.84000015258789,9.84000015258789,9.84000015258789,28216
2022-08-16,9.829999923706055,9.84000015258789,9.829999923706055,9.84000015258789,9.84000015258789,30276
2022-08-17,9.84000015258789,9.84000015258789,9.84000015258789,9.84000015258789,9.84000015258789,2800
2022-08-18,9.84000015258789,9.84000015258789,9.84000015258789,9.84000015258789,9.84000015258789,1200
2022-08-19,9.84000015258789,9.84000015258789,9.84000015258789,9.84000015258789,9.84000015258789,0
2022-08-22,9.84000015258789,9.84000015258789,9.84000015258789,9.84000015258789,9.84000015258789,0
2022-08-23,9.850000381469727,9.859999656677246,9.805000305175781,9.805000305175781,9.805000305175781,315200
2022-08-24,9.869999885559082,9.869999885559082,9.829999923706055,9.829999923706055,9.829999923706055,408
2022-08-25,9.829999923706055,9.829999923706055,9.829999923706055,9.829999923706055,9.829999923706055,0
2022-08-26,9.829999923706055,9.829999923706055,9.829999923706055,9.829999923706055,9.829999923706055,0
2022-08-29,9.829999923706055,9.829999923706055,9.829999923706055,9.829999923706055,9.829999923706055,0
2022-08-30,9.829999923706055,9.829999923706055,9.829999923706055,9.829999923706055,9.829999923706055,0
2022-08-31,9.869999885559082,9.869999885559082,9.869999885559082,9.869999885559082,9.869999885559082,312
2022-09-01,9.829999923706055,9.829999923706055,9.829999923706055,9.829999923706055,9.829999923706055,2167
2022-09-02,9.859999656677246,9.869999885559082,9.850000381469727,9.869999885559082,9.869999885559082,18475
2022-09-06,9.869999885559082,9.869999885559082,9.869999885559082,9.869999885559082,9.869999885559082,0
2022-09-07,9.850000381469727,9.850000381469727,9.850000381469727,9.850000381469727,9.850000381469727,300
2022-09-08,9.859999656677246,9.859999656677246,9.845000267028809,9.845000267028809,9.845000267028809,484
2022-09-09,9.859999656677246,9.859999656677246,9.829999923706055,9.829999923706055,9.829999923706055,1765
2022-09-12,9.84000015258789,9.84000015258789,9.84000015258789,9.84000015258789,9.84000015258789,1266
2022-09-13,9.779999732971191,9.779999732971191,9.779999732971191,9.779999732971191,9.779999732971191,660
2022-09-14,9.779999732971191,9.779999732971191,9.779999732971191,9.779999732971191,9.779999732971191,0
2022-09-15,9.850000381469727,9.850000381469727,9.850000381469727,9.850000381469727,9.850000381469727,127
2022-09-16,9.859999656677246,9.859999656677246,9.859999656677246,9.859999656677246,9.859999656677246,12135
2022-09-19,9.859999656677246,9.859999656677246,9.859999656677246,9.859999656677246,9.859999656677246,0
2022-09-20,9.789999961853027,9.819999694824219,9.789999961853027,9.819999694824219,9.819999694824219,2977
2022-09-21,9.819999694824219,9.819999694824219,9.819999694824219,9.819999694824219,9.819999694824219,0
2022-09-22,9.819999694824219,9.819999694824219,9.819999694824219,9.819999694824219,9.819999694824219,0
2022-09-23,9.829999923706055,9.829999923706055,9.829999923706055,9.829999923706055,9.829999923706055,102
2022-09-26,9.829999923706055,9.850000381469727,9.819999694824219,9.850000381469727,9.850000381469727,160011
2022-09-27,9.829999923706055,9.829999923706055,9.800000190734863,9.8100004196167,9.8100004196167,107622
2022-09-28,9.8100004196167,9.8100004196167,9.8100004196167,9.8100004196167,9.8100004196167,0
2022-09-29,9.8100004196167,9.8100004196167,9.8100004196167,9.8100004196167,9.8100004196167,0
2022-09-30,9.8100004196167,9.8100004196167,9.8100004196167,9.8100004196167,9.8100004196167,0
2022-10-03,9.800000190734863,9.800000190734863,9.800000190734863,9.800000190734863,9.800000190734863,335
2022-10-04,9.800000190734863,9.800000190734863,9.800000190734863,9.800000190734863,9.800000190734863,0
2022-10-05,9.779999732971191,9.779999732971191,9.779999732971191,9.779999732971191,9.779999732971191,100
2022-10-06,9.819999694824219,9.829999923706055,9.819999694824219,9.829999923706055,9.829999923706055,5135
2022-10-07,9.829999923706055,9.829999923706055,9.829999923706055,9.829999923706055,9.829999923706055,0
2022-10-10,9.829999923706055,9.829999923706055,9.829999923706055,9.829999923706055,9.829999923706055,55633
2022-10-11,9.84000015258789,9.854999542236328,9.84000015258789,9.845000267028809,9.845000267028809,40392
2022-10-12,9.850000381469727,9.850000381469727,9.849900245666504,9.849900245666504,9.849900245666504,5852
2022-10-13,9.850000381469727,9.859999656677246,9.850000381469727,9.859999656677246,9.859999656677246,180761
2022-10-14,9.859999656677246,9.859999656677246,9.850000381469727,9.850000381469727,9.850000381469727,3864
2022-10-17,9.854999542236328,9.859999656677246,9.850000381469727,9.859999656677246,9.859999656677246,21577
2022-10-18,9.859999656677246,9.859999656677246,9.859999656677246,9.859999656677246,9.859999656677246,168246
2022-10-19,9.859999656677246,9.869999885559082,9.859999656677246,9.869999885559082,9.869999885559082,92497
2022-10-20,9.869999885559082,9.890000343322754,9.859999656677246,9.880000114440918,9.880000114440918,81197
2022-10-21,9.869999885559082,9.920000076293945,9.869999885559082,9.920000076293945,9.920000076293945,149226
2022-10-24,9.90999984741211,9.930000305175781,9.880000114440918,9.930000305175781,9.930000305175781,62224
2022-10-25,9.920000076293945,9.930000305175781,9.90999984741211,9.920000076293945,9.920000076293945,769379
2022-10-26,9.920000076293945,9.949999809265137,9.920000076293945,9.949999809265137,9.949999809265137,62703
2022-10-27,9.930000305175781,9.939000129699707,9.925000190734863,9.939000129699707,9.939000129699707,41736
2022-10-28,9.9399995803833,9.9399995803833,9.930000305175781,9.930000305175781,9.930000305175781,3290
2022-10-31,9.930000305175781,9.9399995803833,9.90999984741211,9.930000305175781,9.930000305175781,55400
2022-11-01,9.949999809265137,9.949999809265137,9.920000076293945,9.930000305175781,9.930000305175781,41835
2022-11-02,9.949999809265137,9.960000038146973,9.9399995803833,9.960000038146973,9.960000038146973,552102
2022-11-03,9.970000267028809,9.989999771118164,9.960000038146973,9.989999771118164,9.989999771118164,29256
2022-11-04,9.979999542236328,9.979999542236328,9.949999809265137,9.96500015258789,9.96500015258789,33424
2022-11-07,9.949999809265137,9.960000038146973,9.949999809265137,9.949999809265137,9.949999809265137,105522
2022-11-08,9.989999771118164,9.989999771118164,9.970000267028809,9.975000381469727,9.975000381469727,8549
2022-11-09,9.960000038146973,9.960000038146973,9.949999809265137,9.949999809265137,9.949999809265137,700
2022-11-10,9.949999809265137,9.949999809265137,9.9399995803833,9.9399995803833,9.9399995803833,391671
2022-11-11,9.960000038146973,9.960000038146973,9.960000038146973,9.960000038146973,9.960000038146973,601
2022-11-14,9.910099983215332,9.9399995803833,9.910099983215332,9.930000305175781,9.930000305175781,838
2022-11-15,9.960000038146973,9.960000038146973,9.960000038146973,9.960000038146973,9.960000038146973,300
2022-11-16,9.960000038146973,9.960000038146973,9.960000038146973,9.960000038146973,9.960000038146973,0
2022-11-17,9.960000038146973,9.960000038146973,9.960000038146973,9.960000038146973,9.960000038146973,0
2022-11-18,9.960000038146973,9.960000038146973,9.9399995803833,9.949999809265137,9.949999809265137,5100
2022-11-21,9.949999809265137,9.949999809265137,9.949999809265137,9.949999809265137,9.949999809265137,0
2022-11-22,9.949999809265137,9.970000267028809,9.949999809265137,9.949999809265137,9.949999809265137,455680
2022-11-23,9.9399995803833,9.9399995803833,9.9399995803833,9.9399995803833,9.9399995803833,200
2022-11-25,9.9350004196167,9.9350004196167,9.930000305175781,9.930000305175781,9.930000305175781,1191
2022-11-28,9.9399995803833,9.960000038146973,9.9399995803833,9.960000038146973,9.960000038146973,299
2022-11-29,9.960000038146973,9.960000038146973,9.960000038146973,9.960000038146973,9.960000038146973,0
2022-11-30,9.96500015258789,9.96500015258789,9.96500015258789,9.96500015258789,9.96500015258789,1707
2022-12-01,9.949999809265137,9.960000038146973,9.9399995803833,9.9399995803833,9.9399995803833,252878
2022-12-02,9.9399995803833,9.9399995803833,9.9399995803833,9.9399995803833,9.9399995803833,0
2022-12-05,9.960000038146973,9.989999771118164,9.954999923706055,9.96500015258789,9.96500015258789,141095
2022-12-06,9.96500015258789,9.96500015258789,9.96500015258789,9.96500015258789,9.96500015258789,0
2022-12-07,9.960000038146973,9.979999542236328,9.954999923706055,9.954999923706055,9.954999923706055,827505
2022-12-08,9.954999923706055,9.954999923706055,9.954999923706055,9.954999923706055,9.954999923706055,0
2022-12-09,9.960000038146973,9.970000267028809,9.960000038146973,9.960000038146973,9.960000038146973,105501
2022-12-12,9.975000381469727,9.989999771118164,9.975000381469727,9.979999542236328,9.979999542236328,51185
2022-12-13,9.979999542236328,9.979999542236328,9.979999542236328,9.979999542236328,9.979999542236328,0
2022-12-14,9.984999656677246,9.989999771118164,9.984999656677246,9.989999771118164,9.989999771118164,100361
2022-12-15,9.989999771118164,9.989999771118164,9.989999771118164,9.989999771118164,9.989999771118164,20000
2022-12-16,9.989999771118164,9.989999771118164,9.989999771118164,9.989999771118164,9.989999771118164,0
2022-12-19,9.984999656677246,9.989999771118164,9.979999542236328,9.989999771118164,9.989999771118164,3582
2022-12-20,9.989999771118164,9.989999771118164,9.989999771118164,9.989999771118164,9.989999771118164,0
2022-12-21,9.979999542236328,10.0,9.979999542236328,10.0,10.0,5000
2022-12-22,10.0,10.0,10.0,10.0,10.0,0
2022-12-23,10.0,10.0,9.989999771118164,10.0,10.0,12591
2022-12-27,9.970000267028809,9.989999771118164,9.970000267028809,9.989999771118164,9.989999771118164,3740
2022-12-28,9.979999542236328,9.989999771118164,9.979999542236328,9.989999771118164,9.989999771118164,200
2022-12-29,9.989999771118164,9.989999771118164,9.989999771118164,9.989999771118164,9.989999771118164,0
2022-12-30,9.979999542236328,10.029999732971191,9.979999542236328,10.020000457763672,10.020000457763672,12900
2023-01-03,10.0,10.029999732971191,10.0,10.010000228881836,10.010000228881836,28934
2023-01-04,10.020000457763672,10.039999961853027,10.020000457763672,10.039999961853027,10.039999961853027,11300
2023-01-05,10.0600004196167,10.09000015258789,10.050000190734863,10.069999694824219,10.069999694824219,37628
2023-01-06,10.0600004196167,10.069999694824219,10.0600004196167,10.069999694824219,10.069999694824219,9910
2023-01-09,10.095000267028809,10.095000267028809,10.069999694824219,10.09000015258789,10.09000015258789,983
2023-01-10,10.09000015258789,10.100000381469727,10.079999923706055,10.09000015258789,10.09000015258789,594888
2023-01-11,10.09000015258789,10.095000267028809,10.079999923706055,10.09000015258789,10.09000015258789,305522
2023-01-12,10.100000381469727,10.114999771118164,10.079999923706055,10.100000381469727,10.100000381469727,3857567
2023-01-13,10.114999771118164,10.114999771118164,10.100000381469727,10.104999542236328,10.104999542236328,175470
2023-01-17,10.119999885559082,10.140000343322754,10.100000381469727,10.100000381469727,10.100000381469727,1513289
2023-01-18,10.100000381469727,10.119999885559082,10.100000381469727,10.100000381469727,10.100000381469727,96931
2023-01-19,10.125,10.125,10.109999656677246,10.109999656677246,10.109999656677246,2455
2023-01-20,10.109999656677246,10.109999656677246,10.100000381469727,10.109999656677246,10.109999656677246,1240585
2023-01-23,10.125,10.125,10.100000381469727,10.100000381469727,10.100000381469727,1454
2023-01-24,10.149999618530273,10.510000228881836,10.100000381469727,10.110099792480469,10.110099792480469,33193
2023-01-25,10.199999809265137,10.199999809265137,10.100000381469727,10.109999656677246,10.109999656677246,43126
2023-01-26,10.119999885559082,10.119999885559082,10.109999656677246,10.109999656677246,10.109999656677246,8543
2023-01-27,10.109999656677246,10.119999885559082,10.109999656677246,10.109999656677246,10.109999656677246,146840
2023-01-30,10.109999656677246,10.149999618530273,10.109999656677246,10.119999885559082,10.119999885559082,14970
2023-01-31,10.130000114440918,10.130000114440918,10.109999656677246,10.109999656677246,10.109999656677246,18862
2023-02-01,10.109999656677246,10.1983003616333,10.109999656677246,10.109999656677246,10.109999656677246,1074
2023-02-02,10.199999809265137,10.199999809265137,10.109999656677246,10.109999656677246,10.109999656677246,1802
2023-02-03,10.109999656677246,10.109999656677246,10.109999656677246,10.109999656677246,10.109999656677246,0
2023-02-06,10.109999656677246,10.133600234985352,10.109999656677246,10.109999656677246,10.109999656677246,3690
2023-02-07,10.109999656677246,10.109999656677246,10.109999656677246,10.109999656677246,10.109999656677246,306
2023-02-08,10.109999656677246,10.109999656677246,10.109999656677246,10.109999656677246,10.109999656677246,1103
2023-02-09,10.109999656677246,10.119999885559082,10.109999656677246,10.119999885559082,10.119999885559082,102889
2023-02-10,10.119999885559082,10.119999885559082,10.119999885559082,10.119999885559082,10.119999885559082,206
2023-02-13,10.119999885559082,10.119999885559082,10.119999885559082,10.119999885559082,10.119999885559082,0
2023-02-14,10.145000457763672,10.145000457763672,10.119999885559082,10.119999885559082,10.119999885559082,1393
2023-02-15,10.109999656677246,10.15999984741211,10.109999656677246,10.109999656677246,10.109999656677246,95252
2023-02-16,10.109999656677246,10.109999656677246,10.109999656677246,10.109999656677246,10.109999656677246,0
2023-02-17,10.109999656677246,10.109999656677246,10.109999656677246,10.109999656677246,10.109999656677246,0
2023-02-21,10.149999618530273,10.149999618530273,10.149999618530273,10.149999618530273,10.149999618530273,403
2023-02-22,10.149999618530273,10.149999618530273,10.149999618530273,10.149999618530273,10.149999618530273,0
2023-02-23,10.119999885559082,10.119999885559082,10.119999885559082,10.119999885559082,10.119999885559082,102
2023-02-24,10.119999885559082,10.119999885559082,10.119999885559082,10.119999885559082,10.119999885559082,0
2023-02-27,10.119999885559082,10.119999885559082,10.119999885559082,10.119999885559082,10.119999885559082,0
2023-02-28,10.119999885559082,10.119999885559082,10.119999885559082,10.119999885559082,10.119999885559082,0
2023-03-01,10.119999885559082,10.119999885559082,10.119999885559082,10.119999885559082,10.119999885559082,0
2023-03-02,10.119999885559082,10.119999885559082,10.119999885559082,10.119999885559082,10.119999885559082,2761
2023-03-03,10.119999885559082,10.119999885559082,10.119999885559082,10.119999885559082,10.119999885559082,0
2023-03-06,10.140000343322754,10.140000343322754,10.140000343322754,10.140000343322754,10.140000343322754,3866
2023-03-07,10.140000343322754,10.170000076293945,10.140000343322754,10.170000076293945,10.170000076293945,50958
2023-03-08,10.180000305175781,10.180000305175781,10.175000190734863,10.180000305175781,10.180000305175781,23532
2023-03-09,10.180000305175781,10.180000305175781,10.180000305175781,10.180000305175781,10.180000305175781,0
2023-03-10,10.180000305175781,10.1899995803833,10.180000305175781,10.180000305175781,10.180000305175781,65924
2023-03-13,10.180000305175781,10.180000305175781,10.170000076293945,10.170000076293945,10.170000076293945,506
2023-03-14,10.170000076293945,10.1899995803833,10.170000076293945,10.170000076293945,10.170000076293945,590
2023-03-15,10.180000305175781,10.180000305175781,10.180000305175781,10.180000305175781,10.180000305175781,2628
2023-03-16,10.180000305175781,10.180000305175781,10.180000305175781,10.180000305175781,10.180000305175781,534
2023-03-17,10.180000305175781,10.180000305175781,10.180000305175781,10.180000305175781,10.180000305175781,3088
2023-03-20,10.1899995803833,10.1899995803833,10.1899995803833,10.1899995803833,10.1899995803833,61341
2023-03-21,10.1899995803833,10.1899995803833,10.1899995803833,10.1899995803833,10.1899995803833,0
2023-03-22,10.1899995803833,10.1899995803833,10.1899995803833,10.1899995803833,10.1899995803833,0
2023-03-23,10.1899995803833,10.1899995803833,10.1899995803833,10.1899995803833,10.1899995803833,0
2023-03-24,10.1899995803833,10.1899995803833,10.1899995803833,10.1899995803833,10.1899995803833,0
2023-03-27,10.1899995803833,10.1899995803833,10.1899995803833,10.1899995803833,10.1899995803833,56187
2023-03-28,10.199999809265137,10.199999809265137,10.199999809265137,10.199999809265137,10.199999809265137,80910
2023-03-29,10.199999809265137,10.210000038146973,10.199999809265137,10.210000038146973,10.210000038146973,42523
2023-03-30,10.220000267028809,10.220100402832031,10.220000267028809,10.220000267028809,10.220000267028809,79767
2023-03-31,10.220000267028809,10.220000267028809,10.220000267028809,10.220000267028809,10.220000267028809,25317
2023-04-03,10.199999809265137,10.220000267028809,10.199999809265137,10.220000267028809,10.220000267028809,5758
2023-04-04,10.220000267028809,10.229999542236328,10.220000267028809,10.229999542236328,10.229999542236328,12953
2023-04-05,10.229999542236328,10.229999542236328,10.229999542236328,10.229999542236328,10.229999542236328,9221
2023-04-06,10.229999542236328,10.25,10.229999542236328,10.229999542236328,10.229999542236328,1860
2023-04-10,10.229999542236328,10.229999542236328,10.229999542236328,10.229999542236328,10.229999542236328,0
2023-04-11,10.233599662780762,10.233599662780762,10.229999542236328,10.229999542236328,10.229999542236328,2509
2023-04-12,10.229999542236328,10.229999542236328,10.229999542236328,10.229999542236328,10.229999542236328,12280
2023-04-13,10.229999542236328,10.229999542236328,10.229999542236328,10.229999542236328,10.229999542236328,1811
2023-04-14,10.229999542236328,10.229999542236328,10.229999542236328,10.229999542236328,10.229999542236328,0
2023-04-17,10.25,10.260000228881836,10.239999771118164,10.239999771118164,10.239999771118164,4010
2023-04-18,10.239999771118164,10.25,10.239999771118164,10.25,10.25,7527
2023-04-19,10.241800308227539,10.260000228881836,10.239999771118164,10.239999771118164,10.239999771118164,9827
2023-04-20,10.239999771118164,10.239999771118164,10.239999771118164,10.239999771118164,10.239999771118164,0
2023-04-21,10.239999771118164,10.239999771118164,10.239999771118164,10.239999771118164,10.239999771118164,0
2023-04-24,10.239999771118164,10.239999771118164,10.239999771118164,10.239999771118164,10.239999771118164,0
2023-04-25,10.25,10.25,10.25,10.25,10.25,2282
2023-04-26,10.279999732971191,10.279999732971191,10.25,10.25,10.25,1610
2023-04-27,10.25,10.25,10.25,10.25,10.25,0
2023-04-28,10.260000228881836,10.270000457763672,10.25,10.270000457763672,10.270000457763672,75362
2023-05-01,10.270000457763672,10.270000457763672,10.25,10.25,10.25,124695
2023-05-02,10.270000457763672,10.270000457763672,10.260000228881836,10.260000228881836,10.260000228881836,63006
2023-05-03,10.260000228881836,10.260000228881836,10.260000228881836,10.260000228881836,10.260000228881836,50509
2023-05-04,10.270000457763672,10.270000457763672,10.260000228881836,10.260000228881836,10.260000228881836,1565
2023-05-05,10.260000228881836,10.260000228881836,10.260000228881836,10.260000228881836,10.260000228881836,0
2023-05-08,10.260000228881836,10.260000228881836,10.260000228881836,10.260000228881836,10.260000228881836,0
2023-05-09,10.270000457763672,10.270000457763672,10.270000457763672,10.270000457763672,10.270000457763672,31640
2023-05-10,10.279999732971191,10.279999732971191,10.270000457763672,10.270000457763672,10.270000457763672,535
2023-05-11,10.270000457763672,10.270000457763672,10.270000457763672,10.270000457763672,10.270000457763672,1335
2023-05-12,10.270000457763672,10.270000457763672,10.270000457763672,10.270000457763672,10.270000457763672,0
2023-05-15,10.270000457763672,10.279999732971191,10.270000457763672,10.279999732971191,10.279999732971191,354
2023-05-16,10.274999618530273,10.279999732971191,10.270000457763672,10.270000457763672,10.270000457763672,41454
2023-05-17,10.279999732971191,10.289999961853027,10.270000457763672,10.279999732971191,10.279999732971191,33640
2023-05-18,10.279999732971191,10.300000190734863,10.279999732971191,10.279999732971191,10.279999732971191,35765
2023-05-19,10.289999961853027,10.289999961853027,10.289999961853027,10.289999961853027,10.289999961853027,306
2023-05-22,10.300000190734863,10.300000190734863,10.279999732971191,10.279999732971191,10.279999732971191,3212
2023-05-23,10.289999961853027,10.289999961853027,10.279999732971191,10.279999732971191,10.279999732971191,5633
2023-05-24,10.289999961853027,10.300000190734863,10.279999732971191,10.289999961853027,10.289999961853027,14006
2023-05-25,10.300000190734863,10.300000190734863,10.300000190734863,10.300000190734863,10.300000190734863,2904
2023-05-26,10.300000190734863,10.319999694824219,10.300000190734863,10.300000190734863,10.300000190734863,28598
2023-05-30,10.300000190734863,10.300000190734863,10.300000190734863,10.300000190734863,10.300000190734863,61958
2023-05-31,10.300000190734863,10.3100004196167,10.300000190734863,10.3100004196167,10.3100004196167,6680
2023-06-01,10.3149995803833,10.3149995803833,10.3100004196167,10.3100004196167,10.3100004196167,237
2023-06-02,10.3100004196167,10.3100004196167,10.3100004196167,10.3100004196167,10.3100004196167,166
2023-06-05,10.3149995803833,10.319999694824219,10.3149995803833,10.319999694824219,10.319999694824219,7636
2023-06-06,10.329999923706055,10.329999923706055,10.324999809265137,10.324999809265137,10.324999809265137,1952
2023-06-07,10.34000015258789,10.34000015258789,10.329999923706055,10.329999923706055,10.329999923706055,332
2023-06-08,10.350000381469727,10.350000381469727,10.34000015258789,10.34000015258789,10.34000015258789,1461
2023-06-09,10.319999694824219,10.65999984741211,10.319999694824219,10.380000114440918,10.380000114440918,23683
2023-06-12,10.359999656677246,10.359999656677246,10.34000015258789,10.34000015258789,10.34000015258789,1185269
2023-06-13,10.4399995803833,10.4399995803833,10.34000015258789,10.34000015258789,10.34000015258789,7460
2023-06-14,10.319999694824219,10.470000267028809,10.319999694824219,10.34000015258789,10.34000015258789,141684
2023-06-15,10.34000015258789,10.345000267028809,10.34000015258789,10.345000267028809,10.345000267028809,812
2023-06-16,10.350000381469727,10.414999961853027,10.34000015258789,10.34000015258789,10.34000015258789,1178
2023-06-20,10.359999656677246,10.359999656677246,10.34000015258789,10.34000015258789,10.34000015258789,4673
2023-06-21,10.350000381469727,10.354999542236328,10.34000015258789,10.354999542236328,10.354999542236328,326153
2023-06-22,10.354999542236328,10.354999542236328,10.354999542236328,10.354999542236328,10.354999542236328,0
2023-06-23,10.359999656677246,10.359999656677246,10.350000381469727,10.350000381469727,10.350000381469727,1664
2023-06-26,10.359999656677246,10.359999656677246,10.359999656677246,10.359999656677246,10.359999656677246,1102
2023-06-27,10.359999656677246,10.369999885559082,10.350000381469727,10.350000381469727,10.350000381469727,143144
2023-06-28,10.350000381469727,10.350000381469727,10.350000381469727,10.350000381469727,10.350000381469727,0
2023-06-29,10.350000381469727,10.350000381469727,10.350000381469727,10.350000381469727,10.350000381469727,0
2023-06-30,10.350000381469727,10.354999542236328,10.335000038146973,10.350000381469727,10.350000381469727,878596
2023-07-03,10.350000381469727,10.350000381469727,10.350000381469727,10.350000381469727,10.350000381469727,0
2023-07-05,10.399999618530273,10.399999618530273,10.350000381469727,10.359999656677246,10.359999656677246,168872
2023-07-06,10.359999656677246,10.364999771118164,10.359999656677246,10.364999771118164,10.364999771118164,10355
2023-07-07,10.359999656677246,10.364999771118164,10.359999656677246,10.359999656677246,10.359999656677246,363308
2023-07-10,10.359999656677246,10.369999885559082,10.359999656677246,10.369999885559082,10.369999885559082,155958
2023-07-11,10.369999885559082,10.369999885559082,10.369999885559082,10.369999885559082,10.369999885559082,27603
2023-07-12,10.369999885559082,10.375,10.369999885559082,10.375,10.375,28937
2023-07-13,10.380000114440918,10.380000114440918,10.369999885559082,10.369999885559082,10.369999885559082,115723
2023-07-14,10.380000114440918,10.380000114440918,10.375,10.380000114440918,10.380000114440918,20585
2023-07-17,10.369999885559082,10.380000114440918,10.369999885559082,10.380000114440918,10.380000114440918,155400
2023-07-18,10.380000114440918,10.380000114440918,10.380000114440918,10.380000114440918,10.380000114440918,1904
2023-07-19,10.380000114440918,10.40999984741211,10.380000114440918,10.40999984741211,10.40999984741211,109916
2023-07-20,10.385000228881836,10.390000343322754,10.380000114440918,10.390000343322754,10.390000343322754,9957
2023-07-21,10.390000343322754,10.390000343322754,10.390000343322754,10.390000343322754,10.390000343322754,0
2023-07-24,10.390000343322754,10.390000343322754,10.390000343322754,10.390000343322754,10.390000343322754,0
2023-07-25,10.390000343322754,10.395000457763672,10.390000343322754,10.390000343322754,10.390000343322754,551669
2023-07-26,10.399999618530273,10.40999984741211,10.390000343322754,10.390000343322754,10.390000343322754,770795
2023-07-27,10.390000343322754,10.390000343322754,10.390000343322754,10.390000343322754,10.390000343322754,0
2023-07-28,10.390000343322754,10.390000343322754,10.390000343322754,10.390000343322754,10.390000343322754,651
2023-07-31,10.390000343322754,10.390000343322754,10.390000343322754,10.390000343322754,10.390000343322754,0
2023-08-01,10.399999618530273,10.420000076293945,10.399999618530273,10.399999618530273,10.399999618530273,1478
2023-08-02,10.399999618530273,10.40999984741211,10.395000457763672,10.395000457763672,10.395000457763672,178209
2023-08-03,10.399999618530273,10.400199890136719,10.390000343322754,10.390000343322754,10.390000343322754,751133
2023-08-04,10.390000343322754,10.395000457763672,10.390000343322754,10.395000457763672,10.395000457763672,256819
2023-08-07,10.39009952545166,10.420000076293945,10.390000343322754,10.399999618530273,10.399999618530273,207082
2023-08-08,10.399999618530273,10.414999961853027,10.399999618530273,10.414999961853027,10.414999961853027,165855
2023-08-09,10.399999618530273,10.420000076293945,10.399999618530273,10.40999984741211,10.40999984741211,59115
2023-08-10,10.40999984741211,10.40999984741211,10.40999984741211,10.40999984741211,10.40999984741211,101
2023-08-11,10.410099983215332,10.413299560546875,10.40999984741211,10.40999984741211,10.40999984741211,1534
2023-08-14,10.40999984741211,10.420000076293945,10.40999984741211,10.420000076293945,10.420000076293945,8200
2023-08-15,10.40999984741211,10.430000305175781,10.40999984741211,10.40999984741211,10.40999984741211,53375
2023-08-16,10.430000305175781,10.430000305175781,10.430000305175781,10.430000305175781,10.430000305175781,202
2023-08-17,10.420000076293945,10.430000305175781,10.420000076293945,10.420000076293945,10.420000076293945,620524
2023-08-18,10.420000076293945,10.420000076293945,10.420000076293945,10.420000076293945,10.420000076293945,135
2023-08-21,10.430000305175781,10.430000305175781,10.420000076293945,10.430000305175781,10.430000305175781,6917
2023-08-22,10.430000305175781,10.430000305175781,10.430000305175781,10.430000305175781,10.430000305175781,140
2023-08-23,10.4399995803833,10.4399995803833,10.4399995803833,10.4399995803833,10.4399995803833,100
2023-08-24,10.430000305175781,10.4399995803833,10.420000076293945,10.420000076293945,10.420000076293945,8063
2023-08-25,10.449999809265137,10.449999809265137,10.430000305175781,10.444999694824219,10.444999694824219,22412
2023-08-28,10.444999694824219,10.444999694824219,10.430000305175781,10.4399995803833,10.4399995803833,64330
2023-08-29,10.4399995803833,10.449999809265137,10.4399995803833,10.4399995803833,10.4399995803833,22744
2023-08-30,10.444000244140625,10.449999809265137,10.444000244140625,10.449999809265137,10.449999809265137,100456
2023-08-31,10.449999809265137,10.449999809265137,10.4399995803833,10.4399995803833,10.4399995803833,913239
2023-09-01,10.449999809265137,10.460000038146973,10.4399995803833,10.449999809265137,10.449999809265137,944220
2023-09-05,10.449999809265137,10.460000038146973,10.449999809265137,10.460000038146973,10.460000038146973,445140
2023-09-06,10.449999809265137,10.470000267028809,10.4399995803833,10.460000038146973,10.460000038146973,3894311
2023-09-07,10.460000038146973,10.470000267028809,10.449999809265137,10.46500015258789,10.46500015258789,8280567
2023-09-08,10.460000038146973,10.479999542236328,10.449999809265137,10.479999542236328,10.479999542236328,8353003
2023-09-11,10.460000038146973,10.460000038146973,10.390000343322754,10.390000343322754,10.390000343322754,357615
2023-09-12,10.399999618530273,10.399999618530273,10.399999618530273,10.399999618530273,10.399999618530273,1889
2023-09-13,10.449999809265137,10.449999809265137,10.449999809265137,10.449999809265137,10.449999809265137,91313
2023-09-14,10.479999542236328,10.479999542236328,10.430000305175781,10.430000305175781,10.430000305175781,1078355
2023-09-15,10.430000305175781,10.430000305175781,10.430000305175781,10.430000305175781,10.430000305175781,0
2023-09-18,10.40999984741211,10.470000267028809,10.40999984741211,10.460000038146973,10.460000038146973,1200658
2023-09-19,10.460000038146973,10.460000038146973,10.460000038146973,10.460000038146973,10.460000038146973,0
2023-09-20,10.420000076293945,10.430000305175781,10.40999984741211,10.40999984741211,10.40999984741211,12155195
2023-09-21,10.420000076293945,10.420000076293945,10.40999984741211,10.414999961853027,10.414999961853027,414625
2023-09-22,10.420000076293945,10.420000076293945,10.40999984741211,10.420000076293945,10.420000076293945,115538
2023-09-25,10.425000190734863,10.449999809265137,10.425000190734863,10.449999809265137,10.449999809265137,505758
2023-09-26,10.431699752807617,10.449999809265137,10.430000305175781,10.449999809265137,10.449999809265137,480243
2023-09-27,10.430000305175781,10.460000038146973,10.430000305175781,10.449999809265137,10.449999809265137,1618
2023-09-28,10.460000038146973,10.460000038146973,10.430000305175781,10.4399995803833,10.4399995803833,308737
2023-09-29,10.449999809265137,10.460000038146973,10.449999809265137,10.460000038146973,10.460000038146973,844
2023-10-02,10.460000038146973,10.460000038146973,10.460000038146973,10.460000038146973,10.460000038146973,0
2023-10-03,10.4399995803833,10.449999809265137,10.4399995803833,10.449999809265137,10.449999809265137,1966
2023-10-04,10.449999809265137,10.449999809265137,10.449999809265137,10.449999809265137,10.449999809265137,188
2023-10-05,10.449999809265137,10.449999809265137,10.449999809265137,10.449999809265137,10.449999809265137,1312
2023-10-06,10.449999809265137,10.449999809265137,10.449999809265137,10.449999809265137,10.449999809265137,721
2023-10-09,10.449999809265137,10.449999809265137,10.449999809265137,10.449999809265137,10.449999809265137,0
2023-10-10,10.460000038146973,10.470000267028809,10.449999809265137,10.449999809265137,10.449999809265137,4780
2023-10-11,10.449999809265137,10.449999809265137,10.449999809265137,10.449999809265137,10.449999809265137,365
2023-10-12,10.449999809265137,10.470000267028809,10.449999809265137,10.460000038146973,10.460000038146973,54782
2023-10-13,10.470000267028809,10.470000267028809,10.470000267028809,10.470000267028809,10.470000267028809,1678
2023-10-16,10.470000267028809,10.470000267028809,10.470000267028809,10.470000267028809,10.470000267028809,4531
2023-10-17,10.470000267028809,10.479999542236328,10.469799995422363,10.470000267028809,10.470000267028809,16377
2023-10-18,10.479999542236328,10.479999542236328,10.479999542236328,10.479999542236328,10.479999542236328,368
2023-10-19,10.479999542236328,10.479999542236328,10.479999542236328,10.479999542236328,10.479999542236328,0
2023-10-20,10.479999542236328,10.479999542236328,10.479999542236328,10.479999542236328,10.479999542236328,0
2023-10-23,10.479999542236328,10.479999542236328,10.479999542236328,10.479999542236328,10.479999542236328,0
2023-10-24,10.489999771118164,10.489999771118164,10.470000267028809,10.470600128173828,10.470600128173828,52951
2023-10-25,10.489999771118164,10.489999771118164,10.489999771118164,10.489999771118164,10.489999771118164,228
2023-10-26,10.470000267028809,10.479999542236328,10.470000267028809,10.479999542236328,10.479999542236328,225460
2023-10-27,10.489999771118164,10.539999961853027,10.470000267028809,10.489999771118164,10.489999771118164,21500
2023-10-30,10.475000381469727,10.510000228881836,10.475000381469727,10.489999771118164,10.489999771118164,104140
2023-10-31,10.507699966430664,10.507699966430664,10.507699966430664,10.507699966430664,10.507699966430664,570
2023-11-01,10.489999771118164,10.5,10.489999771118164,10.5,10.5,93673
2023-11-02,10.489999771118164,10.510000228881836,10.489999771118164,10.510000228881836,10.510000228881836,26393
2023-11-03,10.5,10.5,10.5,10.5,10.5,10007
2023-11-06,10.5,10.5,10.5,10.5,10.5,25000
2023-11-07,10.5,10.5,10.5,10.5,10.5,35000
2023-11-08,10.5,10.5,10.5,10.5,10.5,50000
2023-11-09,10.5,10.5,10.5,10.5,10.5,195
2023-11-10,10.510000228881836,10.510000228881836,10.496000289916992,10.5,10.5,19416
2023-11-13,10.5,10.5,10.5,10.5,10.5,0
2023-11-14,10.5,10.529999732971191,10.5,10.520000457763672,10.520000457763672,203181
2023-11-15,10.510000228881836,10.520000457763672,10.510000228881836,10.520000457763672,10.520000457763672,6954
2023-11-16,10.520000457763672,10.520000457763672,10.520000457763672,10.520000457763672,10.520000457763672,0
2023-11-17,10.520000457763672,10.520000457763672,10.520000457763672,10.520000457763672,10.520000457763672,0
2023-11-20,10.520000457763672,10.520000457763672,10.520000457763672,10.520000457763672,10.520000457763672,131
2023-11-21,10.510000228881836,10.510000228881836,10.510000228881836,10.510000228881836,10.510000228881836,122
2023-11-22,10.515000343322754,10.515000343322754,10.515000343322754,10.515000343322754,10.515000343322754,102
2023-11-24,10.529999732971191,10.529999732971191,10.529999732971191,10.529999732971191,10.529999732971191,100
2023-11-27,10.520000457763672,10.520000457763672,10.520000457763672,10.520000457763672,10.520000457763672,160
2023-11-28,10.539999961853027,10.539999961853027,10.510000228881836,10.510000228881836,10.510000228881836,268
2023-11-29,10.529999732971191,10.539999961853027,10.529999732971191,10.539999961853027,10.539999961853027,1379
2023-11-30,10.510000228881836,10.510000228881836,10.510000228881836,10.510000228881836,10.510000228881836,17258
2023-12-01,10.510000228881836,10.510000228881836,10.510000228881836,10.510000228881836,10.510000228881836,0
2023-12-04,10.510000228881836,10.510000228881836,10.510000228881836,10.510000228881836,10.510000228881836,0
2023-12-05,10.539999961853027,10.539999961853027,10.539999961853027,10.539999961853027,10.539999961853027,8103
2023-12-06,10.539999961853027,10.539999961853027,10.539999961853027,10.539999961853027,10.539999961853027,0
2023-12-07,10.53499984741211,10.550000190734863,10.53499984741211,10.550000190734863,10.550000190734863,4578
2023-12-08,10.520000457763672,10.550000190734863,10.520000457763672,10.529999732971191,10.529999732971191,740
2023-12-11,10.529999732971191,10.550000190734863,10.529999732971191,10.529999732971191,10.529999732971191,26185
2023-12-12,10.529999732971191,10.529999732971191,10.529999732971191,10.529999732971191,10.529999732971191,0
2023-12-13,10.529999732971191,10.529999732971191,10.529999732971191,10.529999732971191,10.529999732971191,4443
2023-12-14,10.550000190734863,10.5600004196167,10.550000190734863,10.555000305175781,10.555000305175781,345737
2023-12-15,10.550000190734863,10.5600004196167,10.550000190734863,10.555000305175781,10.555000305175781,51265
2023-12-18,10.555000305175781,10.555000305175781,10.555000305175781,10.555000305175781,10.555000305175781,399170
2023-12-19,10.569999694824219,10.569999694824219,10.569999694824219,10.569999694824219,10.569999694824219,100
2023-12-20,10.569999694824219,10.569999694824219,10.569999694824219,10.569999694824219,10.569999694824219,0
2023-12-21,10.569999694824219,10.569999694824219,10.569999694824219,10.569999694824219,10.569999694824219,0
2023-12-22,10.539999961853027,10.539999961853027,10.539999961853027,10.539999961853027,10.539999961853027,587
2023-12-26,10.539999961853027,10.539999961853027,10.539999961853027,10.539999961853027,10.539999961853027,0
2023-12-27,10.550000190734863,10.550000190734863,10.550000190734863,10.550000190734863,10.550000190734863,5002
2023-12-28,10.550000190734863,10.550000190734863,10.550000190734863,10.550000190734863,10.550000190734863,0
2023-12-29,10.550000190734863,10.550000190734863,10.550000190734863,10.550000190734863,10.550000190734863,0
2024-01-02,10.670000076293945,10.670000076293945,10.619999885559082,10.619999885559082,10.619999885559082,604
2024-01-03,10.631400108337402,10.631400108337402,10.565500259399414,10.59000015258789,10.59000015258789,1514
2024-01-04,10.569999694824219,10.569999694824219,10.5600004196167,10.560099601745605,10.560099601745605,689
2024-01-05,10.600000381469727,10.600000381469727,10.579999923706055,10.579999923706055,10.579999923706055,129337
2024-01-08,10.579999923706055,10.600000381469727,10.569999694824219,10.569999694824219,10.569999694824219,155628
2024-01-09,10.579999923706055,10.579999923706055,10.569999694824219,10.569999694824219,10.569999694824219,28276
2024-01-10,10.600000381469727,10.600000381469727,10.569999694824219,10.600000381469727,10.600000381469727,1595388
2024-01-11,10.569999694824219,10.569999694824219,10.539999961853027,10.550000190734863,10.550000190734863,5240
2024-01-12,10.579999923706055,10.5802001953125,10.579999923706055,10.5802001953125,10.5802001953125,2060
2024-01-16,10.550000190734863,10.569999694824219,10.550000190734863,10.569999694824219,10.569999694824219,316
2024-01-17,10.550000190734863,10.899999618530273,10.550000190734863,10.680000305175781,10.680000305175781,794207
2024-01-18,10.680000305175781,10.770000457763672,10.640000343322754,10.770000457763672,10.770000457763672,964
2024-01-19,10.770000457763672,10.779999732971191,10.600000381469727,10.779999732971191,10.779999732971191,2245
2024-01-22,10.6899995803833,10.6899995803833,10.6899995803833,10.6899995803833,10.6899995803833,319
2024-01-23,10.5600004196167,10.5600004196167,10.5,10.5,10.5,7343
2024-01-24,10.5,10.520000457763672,10.449999809265137,10.449999809265137,10.449999809265137,3936
2024-01-25,10.449999809265137,10.449999809265137,10.449999809265137,10.449999809265137,10.449999809265137,0
2024-01-26,10.449999809265137,10.449999809265137,10.449999809265137,10.449999809265137,10.449999809265137,1448
2024-01-29,10.510000228881836,10.550000190734863,10.510000228881836,10.550000190734863,10.550000190734863,3810
2024-01-30,10.550000190734863,10.550000190734863,10.550000190734863,10.550000190734863,10.550000190734863,0
2024-01-31,10.5,10.5,10.5,10.5,10.5,443
2024-02-01,10.5,10.5,10.5,10.5,10.5,0
2024-02-02,10.5,10.5,10.5,10.5,10.5,0
2024-02-05,10.5,10.5,10.5,10.5,10.5,194
2024-02-06,10.5,10.5,10.5,10.5,10.5,0
2024-02-07,10.539999961853027,10.770000457763672,10.460000038146973,10.479999542236328,10.479999542236328,225164
2024-02-08,11.0,11.0,10.460000038146973,10.475000381469727,10.475000381469727,80082
2024-02-09,10.475000381469727,10.475000381469727,10.475000381469727,10.475000381469727,10.475000381469727,0
2024-02-12,10.4399995803833,10.449999809265137,10.430000305175781,10.449999809265137,10.449999809265137,33756
2024-02-13,10.460000038146973,10.460000038146973,10.4399995803833,10.4399995803833,10.4399995803833,4517
2024-02-14,10.40999984741211,10.40999984741211,10.40999984741211,10.40999984741211,10.40999984741211,200
2024-02-15,10.40999984741211,10.40999984741211,10.40999984741211,10.40999984741211,10.40999984741211,0
2024-02-16,10.40999984741211,10.449999809265137,10.40999984741211,10.449999809265137,10.449999809265137,507
2024-02-20,10.460000038146973,10.460000038146973,10.4399995803833,10.449999809265137,10.449999809265137,4139
2024-02-21,10.444999694824219,10.454999923706055,10.444999694824219,10.449999809265137,10.449999809265137,312461
2024-02-22,10.449999809265137,10.449999809265137,10.449999809265137,10.449999809265137,10.449999809265137,0
2024-02-23,10.449999809265137,10.449999809265137,10.420000076293945,10.4399995803833,10.4399995803833,867
2024-02-26,10.4399995803833,10.489999771118164,10.4399995803833,10.489999771118164,10.489999771118164,15241
2024-02-27,10.460000038146973,10.5,10.460000038146973,10.5,10.5,1718
2024-02-28,10.460000038146973,10.460000038146973,10.460000038146973,10.460000038146973,10.460000038146973,353
2024-02-29,10.460000038146973,10.460000038146973,10.460000038146973,10.460000038146973,10.460000038146973,0
2024-03-01,10.460000038146973,10.460000038146973,10.460000038146973,10.460000038146973,10.460000038146973,0
2024-03-04,10.460000038146973,10.5,10.460000038146973,10.489999771118164,10.489999771118164,2573
2024-03-05,10.489999771118164,10.489999771118164,10.489999771118164,10.489999771118164,10.489999771118164,0
2024-03-06,10.489999771118164,10.489999771118164,10.489999771118164,10.489999771118164,10.489999771118164,322
2024-03-07,10.477999687194824,10.479000091552734,10.470000267028809,10.470000267028809,10.470000267028809,1278
2024-03-08,10.479999542236328,10.489999771118164,10.475000381469727,10.489999771118164,10.489999771118164,5645
2024-03-11,10.479999542236328,10.479999542236328,10.479999542236328,10.479999542236328,10.479999542236328,4980
2024-03-12,10.479999542236328,10.479999542236328,10.479999542236328,10.479999542236328,10.479999542236328,130
2024-03-13,10.479999542236328,10.479999542236328,10.479999542236328,10.479999542236328,10.479999542236328,0
2024-03-14,10.479999542236328,10.479999542236328,10.479999542236328,10.479999542236328,10.479999542236328,0
2024-03-15,10.470000267028809,10.470000267028809,10.470000267028809,10.470000267028809,10.470000267028809,219
2024-03-18,10.479999542236328,10.479999542236328,10.479999542236328,10.479999542236328,10.479999542236328,241
2024-03-19,10.510000228881836,10.510000228881836,10.510000228881836,10.510000228881836,10.510000228881836,235
2024-03-20,10.479999542236328,10.479999542236328,10.479999542236328,10.479999542236328,10.479999542236328,1319
2024-03-21,10.479999542236328,10.510000228881836,10.479999542236328,10.489999771118164,10.489999771118164,37949
2024-03-22,10.489999771118164,10.489999771118164,10.489999771118164,10.489999771118164,10.489999771118164,1902
2024-03-25,10.489999771118164,10.489999771118164,10.489999771118164,10.489999771118164,10.489999771118164,1503
2024-03-26,10.5,10.550000190734863,10.5,10.550000190734863,10.550000190734863,12798
2024-03-27,10.550000190734863,10.550000190734863,10.49839973449707,10.510000228881836,10.510000228881836,112929
2024-03-28,10.515000343322754,10.515000343322754,10.5,10.510000228881836,10.510000228881836,4993
2024-04-01,10.529899597167969,10.5600004196167,10.520000457763672,10.5600004196167,10.5600004196167,7695
2024-04-02,10.5600004196167,10.5600004196167,10.5600004196167,10.5600004196167,10.5600004196167,0
2024-04-03,10.5600004196167,10.5600004196167,10.5600004196167,10.5600004196167,10.5600004196167,680
2024-04-04,10.530099868774414,10.579999923706055,10.529999732971191,10.579999923706055,10.579999923706055,9305
2024-04-05,10.600000381469727,10.600000381469727,10.600000381469727,10.600000381469727,10.600000381469727,642
2024-04-08,10.600000381469727,10.600000381469727,10.600000381469727,10.600000381469727,10.600000381469727,0
2024-04-09,10.75,10.75,10.600000381469727,10.600000381469727,10.600000381469727,432
2024-04-10,10.600000381469727,10.600000381469727,10.600000381469727,10.600000381469727,10.600000381469727,0
2024-04-11,10.600000381469727,10.600000381469727,10.600000381469727,10.600000381469727,10.600000381469727,0
2024-04-12,10.600000381469727,10.600000381469727,10.600000381469727,10.600000381469727,10.600000381469727,248
2024-04-15,10.600000381469727,10.600000381469727,10.5600004196167,10.5600004196167,10.5600004196167,572
2024-04-16,10.600000381469727,10.600000381469727,10.600000381469727,10.600000381469727,10.600000381469727,28791
2024-04-17,10.600000381469727,10.600000381469727,10.600000381469727,10.600000381469727,10.600000381469727,0
2024-04-18,10.600000381469727,10.600000381469727,10.600000381469727,10.600000381469727,10.600000381469727,0
2024-04-19,10.600000381469727,10.600000381469727,10.600000381469727,10.600000381469727,10.600000381469727,0
2024-04-22,10.600000381469727,10.600000381469727,10.600000381469727,10.600000381469727,10.600000381469727,0
2024-04-23,10.600000381469727,10.600000381469727,10.600000381469727,10.600000381469727,10.600000381469727,0
2024-04-24,10.600000381469727,10.604999542236328,10.569999694824219,10.600000381469727,10.600000381469727,15858
2024-04-25,10.600000381469727,10.600000381469727,10.600000381469727,10.600000381469727,10.600000381469727,4413
2024-04-26,10.600000381469727,10.600000381469727,10.600000381469727,10.600000381469727,10.600000381469727,0
2024-04-29,10.699999809265137,10.699999809265137,10.625,10.625,10.625,9395
2024-04-30,10.625,10.625,10.625,10.625,10.625,0
2024-05-01,10.625,10.625,10.625,10.625,10.625,0
2024-05-02,10.600000381469727,10.630000114440918,10.600000381469727,10.630000114440918,10.630000114440918,1654
2024-05-03,10.630000114440918,10.630000114440918,10.630000114440918,10.630000114440918,10.630000114440918,0
2024-05-06,10.630000114440918,10.630000114440918,10.619999885559082,10.619999885559082,10.619999885559082,1310
2024-05-07,10.619999885559082,10.619999885559082,10.619999885559082,10.619999885559082,10.619999885559082,160
2024-05-08,10.609999656677246,10.640000343322754,10.609999656677246,10.619999885559082,10.619999885559082,8235
2024-05-09,10.640000343322754,10.640000343322754,10.619999885559082,10.619999885559082,10.619999885559082,3809
2024-05-10,10.619999885559082,10.619999885559082,10.619999885559082,10.619999885559082,10.619999885559082,0
2024-05-13,10.619999885559082,10.619999885559082,10.619999885559082,10.619999885559082,10.619999885559082,0
2024-05-14,10.619999885559082,10.619999885559082,10.619999885559082,10.619999885559082,10.619999885559082,0
2024-05-15,10.619999885559082,10.619999885559082,10.619999885559082,10.619999885559082,10.619999885559082,0
2024-05-16,10.630000114440918,10.699999809265137,10.619999885559082,10.699999809265137,10.699999809265137,5529
2024-05-17,10.669899940490723,10.670000076293945,10.640000343322754,10.640000343322754,10.640000343322754,2514
2024-05-20,10.649999618530273,10.649999618530273,10.649999618530273,10.649999618530273,10.649999618530273,163
2024-05-21,10.649999618530273,10.699999809265137,10.649999618530273,10.65999984741211,10.65999984741211,29103
2024-05-22,10.65999984741211,10.65999984741211,10.65999984741211,10.65999984741211,10.65999984741211,243
2024-05-23,10.65999984741211,10.65999984741211,10.65999984741211,10.65999984741211,10.65999984741211,0
2024-05-24,10.699999809265137,10.699999809265137,10.699999809265137,10.699999809265137,10.699999809265137,779
2024-05-28,10.699999809265137,10.699999809265137,10.699999809265137,10.699999809265137,10.699999809265137,1266
2024-05-29,10.699999809265137,10.699999809265137,10.699999809265137,10.699999809265137,10.699999809265137,0
2024-05-30,10.710000038146973,10.720000267028809,10.699999809265137,10.699999809265137,10.699999809265137,1000
2024-05-31,11.0,11.050000190734863,10.899999618530273,10.899999618530273,10.899999618530273,8366
2024-06-03,10.800000190734863,10.800000190734863,10.789999961853027,10.800000190734863,10.800000190734863,2700
2024-06-04,10.800000190734863,10.800000190734863,10.800000190734863,10.800000190734863,10.800000190734863,2071
2024-06-05,10.774999618530273,10.774999618530273,10.774999618530273,10.774999618530273,10.774999618530273,102
2024-06-06,10.774999618530273,10.774999618530273,10.774999618530273,10.774999618530273,10.774999618530273,0
2024-06-07,10.800000190734863,10.800000190734863,10.75,10.75,10.75,10369
2024-06-10,10.75,10.75,10.710000038146973,10.710000038146973,10.710000038146973,1551
2024-06-11,10.779999732971191,10.779999732971191,10.75,10.75,10.75,25405
2024-06-12,10.75,10.75,10.75,10.75,10.75,462
2024-06-13,10.75,10.75,10.75,10.75,10.75,314
2024-06-14,10.760000228881836,10.779999732971191,10.760000228881836,10.779999732971191,10.779999732971191,13231
2024-06-17,10.779999732971191,10.779999732971191,10.779999732971191,10.779999732971191,10.779999732971191,50955
2024-06-18,10.779999732971191,10.779999732971191,10.770000457763672,10.770000457763672,10.770000457763672,2182
2024-06-20,10.770000457763672,10.770000457763672,10.770000457763672,10.770000457763672,10.770000457763672,729
2024-06-21,10.770000457763672,10.770000457763672,10.770000457763672,10.770000457763672,10.770000457763672,1527
2024-06-24,10.770000457763672,10.770000457763672,10.770000457763672,10.770000457763672,10.770000457763672,607
2024-06-25,10.770000457763672,10.770000457763672,10.770000457763672,10.770000457763672,10.770000457763672,144746
2024-06-26,10.779999732971191,10.789999961853027,10.779999732971191,10.789999961853027,10.789999961853027,70433
2024-06-27,10.789999961853027,10.789999961853027,10.789999961853027,10.789999961853027,10.789999961853027,0
2024-06-28,10.789999961853027,10.789999961853027,10.789999961853027,10.789999961853027,10.789999961853027,0
2024-07-01,10.789999961853027,10.789999961853027,10.789999961853027,10.789999961853027,10.789999961853027,0
2024-07-02,10.779999732971191,10.779999732971191,10.779999732971191,10.779999732971191,10.779999732971191,207
2024-07-03,10.779999732971191,10.779999732971191,10.779999732971191,10.779999732971191,10.779999732971191,0
2024-07-05,10.779999732971191,10.779999732971191,10.779999732971191,10.779999732971191,10.779999732971191,125
2024-07-08,10.770000457763672,10.770000457763672,10.720000267028809,10.739999771118164,10.739999771118164,26110
2024-07-09,10.739999771118164,10.75,10.739999771118164,10.75,10.75,7558
2024-07-10,10.75,10.75,10.75,10.75,10.75,0
2024-07-11,10.770000457763672,10.779999732971191,10.770000457763672,10.779999732971191,10.779999732971191,1064
2024-07-12,10.774999618530273,10.774999618530273,10.774999618530273,10.774999618530273,10.774999618530273,1353
2024-07-15,10.774999618530273,10.774999618530273,10.774999618530273,10.774999618530273,10.774999618530273,0
2024-07-16,10.759300231933594,10.760000228881836,10.759300231933594,10.760000228881836,10.760000228881836,204
2024-07-17,10.760000228881836,10.760000228881836,10.760000228881836,10.760000228881836,10.760000228881836,0
2024-07-18,10.739999771118164,10.739999771118164,10.739999771118164,10.739999771118164,10.739999771118164,2860
2024-07-19,10.739999771118164,10.739999771118164,10.739999771118164,10.739999771118164,10.739999771118164,2859
2024-07-22,10.75,10.800000190734863,10.75,10.800000190734863,10.800000190734863,8979
2024-07-23,10.760000228881836,10.770000457763672,10.75,10.755000114440918,10.755000114440918,2826
2024-07-24,10.800000190734863,11.390000343322754,10.739999771118164,10.989999771118164,10.989999771118164,83061
2024-07-25,11.170000076293945,11.170000076293945,10.800000190734863,10.890000343322754,10.890000343322754,45633
2024-07-26,11.0,11.050000190734863,10.949999809265137,10.989999771118164,10.989999771118164,50584
2024-07-29,11.0,11.0,10.960200309753418,10.96500015258789,10.96500015258789,16871
2024-07-30,10.970000267028809,10.973999977111816,10.9399995803833,10.96500015258789,10.96500015258789,6645
2024-07-31,10.970000267028809,10.989999771118164,10.9399995803833,10.946399688720703,10.946399688720703,13213
2024-08-01,10.989999771118164,10.989999771118164,10.9350004196167,10.960000038146973,10.960000038146973,19889
2024-08-02,11.0,11.0,10.847599983215332,10.989100456237793,10.989100456237793,6976
2024-08-05,10.699999809265137,11.399999618530273,10.621600151062012,10.98449993133545,10.98449993133545,22181
2024-08-06,10.930000305175781,10.989999771118164,10.930000305175781,10.979999542236328,10.979999542236328,9524
2024-08-07,10.989999771118164,10.999199867248535,10.930000305175781,10.936100006103516,10.936100006103516,6251
2024-08-08,11.0,11.050000190734863,10.949999809265137,10.949999809265137,10.949999809265137,9924
2024-08-09,11.050000190734863,11.050000190734863,10.930000305175781,10.9399995803833,10.9399995803833,4184
2024-08-12,11.020000457763672,11.020000457763672,10.930000305175781,10.9399995803833,10.9399995803833,3476
2024-08-13,10.96500015258789,10.96500015258789,10.9399995803833,10.944999694824219,10.944999694824219,19935
2024-08-14,10.949899673461914,10.949899673461914,10.949899673461914,10.949899673461914,10.949899673461914,891
2024-08-15,10.960000038146973,10.960000038146973,10.930100440979004,10.9399995803833,10.9399995803833,4166
2024-08-16,10.869999885559082,10.939399719238281,10.869999885559082,10.92039966583252,10.92039966583252,2645
2024-08-19,10.9399995803833,10.9399995803833,10.930000305175781,10.9350004196167,10.9350004196167,4907
2024-08-20,10.9399995803833,10.9399995803833,10.90999984741211,10.930000305175781,10.930000305175781,29287
2024-08-21,10.949999809265137,10.949999809265137,10.920000076293945,10.930000305175781,10.930000305175781,41368
2024-08-22,10.949999809265137,10.949999809265137,10.920000076293945,10.930000305175781,10.930000305175781,25290
2024-08-23,10.989999771118164,10.989999771118164,10.920000076293945,10.923999786376953,10.923999786376953,25833
2024-08-26,10.920000076293945,10.9399995803833,10.90999984741211,10.920000076293945,10.920000076293945,30936
2024-08-27,10.930000305175781,10.944999694824219,10.90999984741211,10.90999984741211,10.90999984741211,24323
2024-08-28,10.920000076293945,10.920000076293945,10.890000343322754,10.890000343322754,10.890000343322754,31264
2024-08-29,10.904999732971191,10.920000076293945,10.880000114440918,10.880000114440918,10.880000114440918,3864
2024-08-30,10.899999618530273,10.899999618530273,10.869999885559082,10.880000114440918,10.880000114440918,27313
2024-09-03,10.899999618530273,10.899999618530273,10.859999656677246,10.864999771118164,10.864999771118164,10075
2024-09-04,10.850799560546875,10.869999885559082,10.829999923706055,10.829999923706055,10.829999923706055,16459
2024-09-05,10.880000114440918,10.880000114440918,10.829999923706055,10.829999923706055,10.829999923706055,1696
2024-09-06,10.899999618530273,10.899999618530273,10.800000190734863,10.829999923706055,10.829999923706055,2341
2024-09-09,10.850000381469727,10.850000381469727,10.800000190734863,10.800000190734863,10.800000190734863,8269
2024-09-10,10.800000190734863,10.84000015258789,10.800000190734863,10.84000015258789,10.84000015258789,4769
2024-09-11,10.850000381469727,10.850000381469727,10.8100004196167,10.8100004196167,10.8100004196167,6032
2024-09-12,10.979999542236328,10.979999542236328,10.8100004196167,10.8100004196167,10.8100004196167,180872
2024-09-13,10.819999694824219,10.869999885559082,10.8100004196167,10.819999694824219,10.819999694824219,12606
2024-09-16,10.8100004196167,10.861599922180176,10.8100004196167,10.859999656677246,10.859999656677246,3498
2024-09-17,10.890000343322754,10.899900436401367,10.789999961853027,10.789999961853027,10.789999961853027,54788
2024-09-18,10.75,10.805399894714355,10.75,10.770099639892578,10.770099639892578,137830
2024-09-19,10.800000190734863,10.8100004196167,10.770000457763672,10.795499801635742,10.795499801635742,4316
