Date,Open,High,Low,Close,Adj Close,Volume
2010-06-25,10.949999809265137,10.949999809265137,10.40999984741211,10.75,10.75,3161300
2010-06-28,10.75,10.8100004196167,10.550000190734863,10.760000228881836,10.760000228881836,120300
2010-06-29,10.75,10.880000114440918,10.65999984741211,10.760000228881836,10.760000228881836,270100
2010-06-30,10.760000228881836,10.770000457763672,10.640000343322754,10.699999809265137,10.699999809265137,180900
2010-07-01,10.75,10.8100004196167,10.65999984741211,10.670000076293945,10.670000076293945,192100
2010-07-02,10.609999656677246,10.770000457763672,10.609999656677246,10.760000228881836,10.760000228881836,86600
2010-07-06,10.899999618530273,11.109999656677246,10.699999809265137,10.890000343322754,10.890000343322754,148800
2010-07-07,10.899999618530273,11.239999771118164,10.899999618530273,11.0600004196167,11.0600004196167,178700
2010-07-08,11.220000267028809,11.239999771118164,10.899999618530273,11.020000457763672,11.020000457763672,56600
2010-07-09,10.960000038146973,11.100000381469727,10.960000038146973,11.0,11.0,26800
2010-07-12,11.0,11.0,10.800000190734863,10.84000015258789,10.84000015258789,58200
2010-07-13,10.75,11.0,10.729999542236328,10.75,10.75,66300
2010-07-14,10.75,10.770000457763672,10.520000457763672,10.609999656677246,10.609999656677246,73000
2010-07-15,10.5600004196167,10.729999542236328,10.510000228881836,10.680000305175781,10.680000305175781,20700
2010-07-16,10.640000343322754,10.9399995803833,10.600000381469727,10.829999923706055,10.829999923706055,27600
2010-07-19,10.869999885559082,10.989999771118164,10.829999923706055,10.989999771118164,10.989999771118164,49100
2010-07-20,10.989999771118164,10.989999771118164,10.829999923706055,10.84000015258789,10.84000015258789,20000
2010-07-21,10.829999923706055,10.850000381469727,10.720000267028809,10.739999771118164,10.739999771118164,15300
2010-07-22,10.739999771118164,10.829999923706055,10.699999809265137,10.770000457763672,10.770000457763672,157700
2010-07-23,10.720000267028809,10.75,10.4399995803833,10.5,10.5,90400
2010-07-26,10.489999771118164,10.529999732971191,10.130000114440918,10.170000076293945,10.170000076293945,200900
2010-07-27,10.149999618530273,10.199999809265137,9.609999656677246,10.020000457763672,10.020000457763672,199500
2010-07-28,10.020000457763672,10.199999809265137,9.779999732971191,10.069999694824219,10.069999694824219,184600
2010-07-29,10.170000076293945,10.300000190734863,10.109999656677246,10.300000190734863,10.300000190734863,108700
2010-07-30,10.199999809265137,10.229999542236328,9.989999771118164,10.15999984741211,10.15999984741211,112000
2010-08-02,10.239999771118164,10.239999771118164,9.899999618530273,10.020000457763672,10.020000457763672,63000
2010-08-03,9.979999542236328,10.220000267028809,9.859999656677246,9.899999618530273,9.899999618530273,218400
2010-08-04,9.920000076293945,10.84000015258789,9.920000076293945,10.829999923706055,10.829999923706055,82400
2010-08-05,10.729999542236328,11.140000343322754,10.649999618530273,11.069999694824219,11.069999694824219,115300
2010-08-06,11.0,11.319999694824219,10.9399995803833,11.25,11.25,68900
2010-08-09,11.270000457763672,12.010000228881836,11.229999542236328,11.739999771118164,11.739999771118164,310100
2010-08-10,11.699999809265137,13.369999885559082,11.6899995803833,13.09000015258789,13.09000015258789,316200
2010-08-11,12.90999984741211,13.869999885559082,12.800000190734863,13.609999656677246,13.609999656677246,309200
2010-08-12,13.5600004196167,14.40999984741211,13.180000305175781,14.300000190734863,14.300000190734863,131800
2010-08-13,14.399999618530273,15.550000190734863,14.399999618530273,15.449999809265137,15.449999809265137,179600
2010-08-16,15.649999618530273,16.84000015258789,15.239999771118164,15.59000015258789,15.59000015258789,144300
2010-08-17,15.529999732971191,15.880000114440918,14.720000267028809,15.210000038146973,15.210000038146973,126700
2010-08-18,15.109999656677246,15.850000381469727,14.680000305175781,15.739999771118164,15.739999771118164,149300
2010-08-19,16.5,18.229999542236328,15.130000114440918,15.170000076293945,15.170000076293945,190600
2010-08-20,15.399999618530273,15.399999618530273,13.729999542236328,13.850000381469727,13.850000381469727,62500
2010-08-23,14.319999694824219,14.720000267028809,13.470000267028809,13.770000457763672,13.770000457763672,51700
2010-08-24,13.779999732971191,13.779999732971191,12.300000190734863,12.420000076293945,12.420000076293945,134000
2010-08-25,12.550000190734863,12.8100004196167,11.770000457763672,11.850000381469727,11.850000381469727,197400
2010-08-26,11.65999984741211,12.300000190734863,11.020000457763672,11.239999771118164,11.239999771118164,71100
2010-08-27,11.140000343322754,12.399999618530273,11.140000343322754,12.390000343322754,12.390000343322754,41200
2010-08-30,12.399999618530273,12.850000381469727,12.25,12.5600004196167,12.5600004196167,79400
2010-08-31,12.430000305175781,12.460000038146973,12.210000038146973,12.210000038146973,12.210000038146973,43000
2010-09-01,12.25,12.789999961853027,12.220000267028809,12.520000457763672,12.520000457763672,47000
2010-09-02,12.529999732971191,12.680000305175781,12.5,12.670000076293945,12.670000076293945,35600
2010-09-03,12.649999618530273,14.529999732971191,12.649999618530273,14.039999961853027,14.039999961853027,83400
2010-09-07,14.039999961853027,14.5,13.579999923706055,13.930000305175781,13.930000305175781,54500
2010-09-08,13.970000267028809,14.34000015258789,13.520000457763672,13.979999542236328,13.979999542236328,62700
2010-09-09,14.079999923706055,14.25,13.850000381469727,14.119999885559082,14.119999885559082,52200
2010-09-10,14.15999984741211,14.9399995803833,13.899999618530273,14.0,14.0,72900
2010-09-13,14.149999618530273,14.420000076293945,13.930000305175781,14.010000228881836,14.010000228881836,80600
2010-09-14,14.0,14.279999732971191,13.600000381469727,13.699999809265137,13.699999809265137,91000
2010-09-15,13.989999771118164,14.65999984741211,13.640000343322754,14.630000114440918,14.630000114440918,72400
2010-09-16,14.6899995803833,16.25,14.350000381469727,16.170000076293945,16.170000076293945,290700
2010-09-17,16.219999313354492,17.040000915527344,14.779999732971191,15.65999984741211,15.65999984741211,170300
2010-09-20,15.829999923706055,16.75,15.079999923706055,15.699999809265137,15.699999809265137,118500
2010-09-21,15.710000038146973,16.610000610351562,15.65999984741211,15.800000190734863,15.800000190734863,31700
2010-09-22,15.770000457763672,15.899999618530273,14.779999732971191,15.0,15.0,61500
2010-09-23,14.979999542236328,14.979999542236328,13.699999809265137,13.739999771118164,13.739999771118164,125400
2010-09-24,13.850000381469727,14.65999984741211,13.75,14.520000457763672,14.520000457763672,90700
2010-09-27,14.520000457763672,15.859999656677246,14.170000076293945,15.649999618530273,15.649999618530273,102900
2010-09-28,15.699999809265137,15.829999923706055,14.670000076293945,15.699999809265137,15.699999809265137,50900
2010-09-29,15.789999961853027,16.6200008392334,14.65999984741211,15.460000038146973,15.460000038146973,136600
2010-09-30,15.489999771118164,16.450000762939453,15.15999984741211,15.819999694824219,15.819999694824219,980700
2010-10-01,15.949999809265137,16.639999389648438,15.520000457763672,16.40999984741211,16.40999984741211,151100
2010-10-04,16.40999984741211,17.329999923706055,16.170000076293945,16.770000457763672,16.770000457763672,247300
2010-10-05,16.899999618530273,16.979999542236328,16.299999237060547,16.709999084472656,16.709999084472656,105300
2010-10-06,16.829999923706055,16.829999923706055,15.050000190734863,15.390000343322754,15.390000343322754,259600
2010-10-07,15.350000381469727,15.5,14.539999961853027,15.109999656677246,15.109999656677246,205700
2010-10-08,15.0600004196167,15.520000457763672,14.699999809265137,15.0600004196167,15.0600004196167,183200
2010-10-11,15.100000381469727,15.529999732971191,15.029999732971191,15.380000114440918,15.380000114440918,88000
2010-10-12,15.329999923706055,16.25,14.850000381469727,16.229999542236328,16.229999542236328,82500
2010-10-13,16.100000381469727,17.059999465942383,16.010000228881836,16.829999923706055,16.829999923706055,153600
2010-10-14,16.889999389648438,18.600000381469727,16.799999237060547,18.170000076293945,18.170000076293945,185200
2010-10-15,18.510000228881836,19.469999313354492,18.049999237060547,19.190000534057617,19.190000534057617,262600
2010-10-18,19.280000686645508,19.40999984741211,18.65999984741211,18.809999465942383,18.809999465942383,75400
2010-10-19,18.600000381469727,18.600000381469727,17.270000457763672,17.489999771118164,17.489999771118164,179000
2010-10-20,17.510000228881836,18.0,17.450000762939453,17.75,17.75,45600
2010-10-21,17.8700008392334,17.93000030517578,16.260000228881836,16.8799991607666,16.8799991607666,121000
2010-10-22,16.920000076293945,16.920000076293945,16.049999237060547,16.6299991607666,16.6299991607666,34300
2010-10-25,16.719999313354492,16.979999542236328,16.209999084472656,16.299999237060547,16.299999237060547,101100
2010-10-26,16.350000381469727,16.350000381469727,15.829999923706055,15.979999542236328,15.979999542236328,84200
2010-10-27,15.930000305175781,16.280000686645508,15.8100004196167,15.989999771118164,15.989999771118164,55400
2010-10-28,15.850000381469727,15.850000381469727,13.850000381469727,13.859999656677246,13.859999656677246,302400
2010-10-29,13.899999618530273,14.140000343322754,13.529999732971191,14.079999923706055,14.079999923706055,79300
2010-11-01,14.149999618530273,14.8100004196167,13.069999694824219,13.420000076293945,13.420000076293945,117700
2010-11-02,15.1899995803833,15.699999809265137,14.1899995803833,15.329999923706055,15.329999923706055,154700
2010-11-03,15.279999732971191,15.34000015258789,14.920000076293945,15.25,15.25,60100
2010-11-04,15.3100004196167,15.5,14.84000015258789,15.050000190734863,15.050000190734863,97000
2010-11-05,14.979999542236328,15.140000343322754,14.869999885559082,15.020000457763672,15.020000457763672,73200
2010-11-08,15.100000381469727,15.489999771118164,14.789999961853027,15.260000228881836,15.260000228881836,65700
2010-11-09,15.4399995803833,16.34000015258789,15.279999732971191,16.200000762939453,16.200000762939453,82400
2010-11-10,16.229999542236328,17.200000762939453,16.190000534057617,17.190000534057617,17.190000534057617,93400
2010-11-11,17.100000381469727,18.0,16.729999542236328,18.0,18.0,210400
2010-11-12,17.799999237060547,19.079999923706055,17.270000457763672,18.969999313354492,18.969999313354492,168900
2010-11-15,18.989999771118164,20.020000457763672,18.989999771118164,19.700000762939453,19.700000762939453,227600
2010-11-16,19.690000534057617,19.690000534057617,16.799999237060547,17.010000228881836,17.010000228881836,121100
2010-11-17,16.969999313354492,17.09000015258789,16.1200008392334,16.489999771118164,16.489999771118164,46900
2010-11-18,16.90999984741211,16.93000030517578,16.3700008392334,16.530000686645508,16.530000686645508,74900
2010-11-19,16.489999771118164,16.739999771118164,16.040000915527344,16.559999465942383,16.559999465942383,61400
2010-11-22,16.450000762939453,17.68000030517578,16.280000686645508,17.479999542236328,17.479999542236328,113300
2010-11-23,17.260000228881836,18.34000015258789,17.149999618530273,18.0,18.0,236300
2010-11-24,18.139999389648438,19.040000915527344,18.030000686645508,18.459999084472656,18.459999084472656,115800
2010-11-26,18.31999969482422,18.31999969482422,16.93000030517578,17.139999389648438,17.139999389648438,54700
2010-11-29,17.520000457763672,18.31999969482422,16.780000686645508,18.049999237060547,18.049999237060547,155500
2010-11-30,17.889999389648438,18.489999771118164,17.170000076293945,17.239999771118164,17.239999771118164,439000
2010-12-01,17.260000228881836,17.260000228881836,16.280000686645508,16.510000228881836,16.510000228881836,192400
2010-12-02,16.719999313354492,16.790000915527344,16.229999542236328,16.40999984741211,16.40999984741211,71600
2010-12-03,16.399999618530273,17.219999313354492,16.0,17.030000686645508,17.030000686645508,126100
2010-12-06,16.829999923706055,17.43000030517578,16.829999923706055,17.3799991607666,17.3799991607666,129700
2010-12-07,17.510000228881836,17.770000457763672,17.280000686645508,17.40999984741211,17.40999984741211,36600
2010-12-08,17.389999389648438,18.260000228881836,17.1299991607666,18.18000030517578,18.18000030517578,75800
2010-12-09,18.299999237060547,19.959999084472656,17.979999542236328,19.93000030517578,19.93000030517578,82000
2010-12-10,19.81999969482422,19.920000076293945,18.670000076293945,19.31999969482422,19.31999969482422,157300
2010-12-13,19.420000076293945,20.84000015258789,19.260000228881836,20.200000762939453,20.200000762939453,132600
2010-12-14,20.360000610351562,21.239999771118164,20.260000228881836,21.06999969482422,21.06999969482422,119700
2010-12-15,21.06999969482422,21.479999542236328,20.6200008392334,21.280000686645508,21.280000686645508,96100
2010-12-16,21.270000457763672,21.43000030517578,20.389999389648438,21.360000610351562,21.360000610351562,128700
2010-12-17,21.440000534057617,21.440000534057617,20.860000610351562,21.260000228881836,21.260000228881836,142300
2010-12-20,21.280000686645508,21.860000610351562,20.790000915527344,21.6200008392334,21.6200008392334,99100
2010-12-21,21.739999771118164,22.739999771118164,21.690000534057617,21.709999084472656,21.709999084472656,67300
2010-12-22,21.760000228881836,21.760000228881836,20.899999618530273,21.09000015258789,21.09000015258789,90800
2010-12-23,21.040000915527344,21.139999389648438,20.75,21.049999237060547,21.049999237060547,71900
2010-12-27,20.84000015258789,21.260000228881836,20.65999984741211,21.040000915527344,21.040000915527344,15500
2010-12-28,21.030000686645508,21.719999313354492,20.989999771118164,21.600000381469727,21.600000381469727,90200
2010-12-29,21.649999618530273,22.0,20.600000381469727,20.790000915527344,20.790000915527344,62600
2010-12-30,20.81999969482422,21.219999313354492,20.780000686645508,21.059999465942383,21.059999465942383,19800
2010-12-31,21.06999969482422,21.610000610351562,21.06999969482422,21.5,21.5,52800
2011-01-03,22.0,22.010000228881836,21.190000534057617,21.829999923706055,21.829999923706055,223000
2011-01-04,21.93000030517578,22.270000457763672,21.489999771118164,21.6299991607666,21.6299991607666,35000
2011-01-05,21.6200008392334,21.899999618530273,21.3700008392334,21.8700008392334,21.8700008392334,117600
2011-01-06,21.84000015258789,21.920000076293945,21.670000076293945,21.84000015258789,21.84000015258789,45600
2011-01-07,21.899999618530273,22.299999237060547,21.84000015258789,22.190000534057617,22.190000534057617,78300
2011-01-10,22.040000915527344,23.450000762939453,22.040000915527344,23.440000534057617,23.440000534057617,187000
2011-01-11,23.459999084472656,24.15999984741211,23.3799991607666,23.610000610351562,23.610000610351562,105000
2011-01-12,23.850000381469727,24.1299991607666,23.639999389648438,24.040000915527344,24.040000915527344,133400
2011-01-13,24.100000381469727,25.260000228881836,23.850000381469727,25.049999237060547,25.049999237060547,125900
2011-01-14,25.420000076293945,26.020000457763672,25.170000076293945,25.5,25.5,122800
2011-01-18,25.5,25.84000015258789,24.790000915527344,25.049999237060547,25.049999237060547,57500
2011-01-19,25.0,25.0,22.6299991607666,23.399999618530273,23.399999618530273,254000
2011-01-20,23.15999984741211,23.440000534057617,22.799999237060547,23.299999237060547,23.299999237060547,72300
2011-01-21,23.3700008392334,23.6299991607666,22.360000610351562,22.399999618530273,22.399999618530273,202400
2011-01-24,22.290000915527344,22.329999923706055,21.5,21.979999542236328,21.979999542236328,44200
2011-01-25,21.93000030517578,22.950000762939453,21.81999969482422,22.729999542236328,22.729999542236328,67000
2011-01-26,22.649999618530273,23.040000915527344,22.43000030517578,22.600000381469727,22.600000381469727,47200
2011-01-27,22.65999984741211,22.84000015258789,22.06999969482422,22.209999084472656,22.209999084472656,57600
2011-01-28,22.31999969482422,24.270000457763672,22.31999969482422,24.110000610351562,24.110000610351562,132900
2011-01-31,24.309999465942383,25.229999542236328,23.440000534057617,23.950000762939453,23.950000762939453,243300
2011-02-01,24.90999984741211,26.31999969482422,24.84000015258789,25.770000457763672,25.770000457763672,290400
2011-02-02,25.799999237060547,26.469999313354492,25.719999313354492,26.290000915527344,26.290000915527344,188300
2011-02-03,26.510000228881836,27.239999771118164,25.989999771118164,26.15999984741211,26.15999984741211,404200
2011-02-04,26.579999923706055,28.860000610351562,26.350000381469727,28.440000534057617,28.440000534057617,591800
2011-02-07,28.75,29.0,27.299999237060547,27.3799991607666,27.3799991607666,451500
2011-02-08,27.290000915527344,27.549999237060547,26.270000457763672,27.020000457763672,27.020000457763672,89900
2011-02-09,26.950000762939453,27.8700008392334,26.75,27.790000915527344,27.790000915527344,162700
2011-02-10,27.649999618530273,27.850000381469727,27.190000534057617,27.829999923706055,27.829999923706055,201500
2011-02-11,27.600000381469727,30.010000228881836,27.549999237060547,30.0,30.0,387200
2011-02-14,30.15999984741211,31.5,30.0,30.829999923706055,30.829999923706055,354700
2011-02-15,31.15999984741211,31.75,30.709999084472656,31.25,31.25,158900
2011-02-16,31.389999389648438,31.979999542236328,30.6299991607666,31.020000457763672,31.020000457763672,247900
2011-02-17,31.0,31.690000534057617,30.809999465942383,31.649999618530273,31.649999618530273,346200
2011-02-18,32.0,32.90999984741211,31.219999313354492,31.540000915527344,31.540000915527344,356900
2011-02-22,30.5,30.5,27.84000015258789,27.979999542236328,27.979999542236328,357200
2011-02-23,28.06999969482422,28.280000686645508,26.5,27.799999237060547,27.799999237060547,263000
2011-02-24,27.649999618530273,28.0,27.25,27.65999984741211,27.65999984741211,81700
2011-02-25,27.700000762939453,29.329999923706055,27.579999923706055,28.989999771118164,28.989999771118164,205900
2011-02-28,28.8700008392334,29.90999984741211,28.579999923706055,29.229999542236328,29.229999542236328,196000
2011-03-01,29.200000762939453,30.0,28.959999084472656,29.020000457763672,29.020000457763672,211000
2011-03-02,28.700000762939453,28.729999542236328,27.739999771118164,28.459999084472656,28.459999084472656,168300
2011-03-03,28.5,29.93000030517578,28.309999465942383,29.540000915527344,29.540000915527344,324500
2011-03-04,29.010000228881836,29.049999237060547,28.5,29.0,29.0,4119400
2011-03-07,29.219999313354492,29.219999313354492,26.530000686645508,27.0,27.0,696600
2011-03-08,27.030000686645508,27.350000381469727,25.649999618530273,27.100000381469727,27.100000381469727,271000
2011-03-09,24.6299991607666,24.6299991607666,19.799999237060547,20.489999771118164,20.489999771118164,3234700
2011-03-10,20.43000030517578,21.639999389648438,20.40999984741211,21.020000457763672,21.020000457763672,782100
2011-03-11,21.020000457763672,21.059999465942383,19.989999771118164,20.09000015258789,20.09000015258789,754700
2011-03-14,19.959999084472656,20.979999542236328,19.34000015258789,20.719999313354492,20.719999313354492,446600
2011-03-15,19.969999313354492,21.149999618530273,19.65999984741211,21.049999237060547,21.049999237060547,337700
2011-03-16,20.969999313354492,21.850000381469727,20.549999237060547,20.600000381469727,20.600000381469727,358000
2011-03-17,21.719999313354492,21.719999313354492,19.3700008392334,19.809999465942383,19.809999465942383,427700
2011-03-18,19.8799991607666,19.969999313354492,18.25,18.760000228881836,18.760000228881836,889000
2011-03-21,19.020000457763672,19.649999618530273,18.670000076293945,19.260000228881836,19.260000228881836,427600
2011-03-22,19.059999465942383,19.3799991607666,19.0,19.25,19.25,189000
2011-03-23,19.489999771118164,19.489999771118164,18.940000534057617,19.079999923706055,19.079999923706055,258100
2011-03-24,19.360000610351562,19.440000534057617,18.8700008392334,19.030000686645508,19.030000686645508,523000
2011-03-25,19.049999237060547,19.350000381469727,18.979999542236328,19.100000381469727,19.100000381469727,169600
2011-03-28,19.18000030517578,19.229999542236328,19.0,19.1299991607666,19.1299991607666,196500
2011-03-29,19.09000015258789,19.09000015258789,18.350000381469727,18.43000030517578,18.43000030517578,426600
2011-03-30,18.6299991607666,18.850000381469727,18.299999237060547,18.850000381469727,18.850000381469727,555500
2011-03-31,18.850000381469727,20.579999923706055,18.81999969482422,20.15999984741211,20.15999984741211,452200
2011-04-01,20.510000228881836,20.770000457763672,19.829999923706055,20.700000762939453,20.700000762939453,437700
2011-04-04,21.18000030517578,21.760000228881836,20.790000915527344,21.219999313354492,21.219999313354492,518000
2011-04-05,21.25,21.549999237060547,21.030000686645508,21.18000030517578,21.18000030517578,304300
2011-04-06,21.149999618530273,21.889999389648438,21.139999389648438,21.59000015258789,21.59000015258789,303000
2011-04-07,21.739999771118164,22.700000762939453,21.739999771118164,22.479999542236328,22.479999542236328,451100
2011-04-08,22.270000457763672,22.799999237060547,21.739999771118164,22.030000686645508,22.030000686645508,264700
2011-04-11,21.979999542236328,22.030000686645508,20.350000381469727,21.049999237060547,21.049999237060547,246300
2011-04-12,20.90999984741211,20.90999984741211,19.860000610351562,20.010000228881836,20.010000228881836,200400
2011-04-13,20.219999313354492,20.389999389648438,19.850000381469727,20.059999465942383,20.059999465942383,93100
2011-04-14,19.8799991607666,20.450000762939453,19.690000534057617,20.3799991607666,20.3799991607666,78000
2011-04-15,20.290000915527344,20.290000915527344,19.899999618530273,20.18000030517578,20.18000030517578,93200
2011-04-18,19.90999984741211,20.15999984741211,19.149999618530273,20.0,20.0,108300
2011-04-19,20.09000015258789,20.290000915527344,19.6299991607666,19.84000015258789,19.84000015258789,126300
2011-04-20,20.170000076293945,20.829999923706055,20.170000076293945,20.770000457763672,20.770000457763672,65700
2011-04-21,21.09000015258789,21.190000534057617,20.549999237060547,20.940000534057617,20.940000534057617,80100
2011-04-25,20.950000762939453,21.56999969482422,20.950000762939453,21.450000762939453,21.450000762939453,63200
2011-04-26,21.450000762939453,21.559999465942383,21.149999618530273,21.440000534057617,21.440000534057617,116600
2011-04-27,21.3700008392334,22.989999771118164,21.3700008392334,22.559999465942383,22.559999465942383,331700
2011-04-28,22.559999465942383,22.920000076293945,22.31999969482422,22.899999618530273,22.899999618530273,124700
2011-04-29,22.889999389648438,23.079999923706055,22.190000534057617,23.049999237060547,23.049999237060547,165000
2011-05-02,23.389999389648438,23.450000762939453,22.56999969482422,22.889999389648438,22.889999389648438,228000
2011-05-03,22.600000381469727,23.540000915527344,22.040000915527344,22.850000381469727,22.850000381469727,437200
2011-05-04,22.760000228881836,23.420000076293945,22.350000381469727,23.139999389648438,23.139999389648438,192000
2011-05-05,22.700000762939453,24.1299991607666,22.700000762939453,23.6200008392334,23.6200008392334,311600
2011-05-06,23.950000762939453,24.510000228881836,23.739999771118164,23.850000381469727,23.850000381469727,134800
2011-05-09,23.920000076293945,25.549999237060547,23.850000381469727,25.280000686645508,25.280000686645508,229000
2011-05-10,25.229999542236328,25.899999618530273,24.93000030517578,25.780000686645508,25.780000686645508,102000
2011-05-11,25.600000381469727,25.709999084472656,24.3700008392334,24.3799991607666,24.3799991607666,158800
2011-05-12,24.1200008392334,25.770000457763672,23.809999465942383,25.360000610351562,25.360000610351562,99000
2011-05-13,25.229999542236328,25.489999771118164,24.5,24.59000015258789,24.59000015258789,173600
2011-05-16,24.479999542236328,24.829999923706055,23.670000076293945,23.760000228881836,23.760000228881836,113800
2011-05-17,23.260000228881836,23.56999969482422,23.0,23.219999313354492,23.219999313354492,171100
2011-05-18,23.149999618530273,23.68000030517578,23.0,23.5,23.5,76700
2011-05-19,23.639999389648438,24.280000686645508,23.489999771118164,24.110000610351562,24.110000610351562,71100
2011-05-20,23.899999618530273,24.3700008392334,23.5,24.010000228881836,24.010000228881836,61500
2011-05-23,23.84000015258789,24.200000762939453,23.799999237060547,24.0,24.0,88900
2011-05-24,23.940000534057617,24.06999969482422,22.950000762939453,22.989999771118164,22.989999771118164,161200
2011-05-25,23.020000457763672,23.149999618530273,22.489999771118164,22.549999237060547,22.549999237060547,230900
2011-05-26,22.270000457763672,24.170000076293945,22.110000610351562,23.700000762939453,23.700000762939453,138800
2011-05-27,23.889999389648438,24.030000686645508,23.270000457763672,23.719999313354492,23.719999313354492,96200
2011-05-31,23.899999618530273,24.329999923706055,23.479999542236328,23.690000534057617,23.690000534057617,200200
2011-06-01,23.670000076293945,24.079999923706055,22.360000610351562,22.459999084472656,22.459999084472656,194800
2011-06-02,22.389999389648438,22.950000762939453,22.350000381469727,22.520000457763672,22.520000457763672,57700
2011-06-03,22.299999237060547,22.479999542236328,21.979999542236328,22.020000457763672,22.020000457763672,83700
2011-06-06,22.09000015258789,22.190000534057617,20.610000610351562,20.81999969482422,20.81999969482422,138800
2011-06-07,20.889999389648438,21.0,20.65999984741211,20.780000686645508,20.780000686645508,72300
2011-06-08,20.559999465942383,20.68000030517578,19.440000534057617,19.860000610351562,19.860000610351562,306400
2011-06-09,19.600000381469727,20.780000686645508,19.200000762939453,19.90999984741211,19.90999984741211,333800
2011-06-10,19.6200008392334,20.149999618530273,19.6200008392334,20.0,20.0,149700
2011-06-13,20.049999237060547,20.100000381469727,19.649999618530273,19.850000381469727,19.850000381469727,165200
2011-06-14,20.040000915527344,21.299999237060547,19.979999542236328,21.059999465942383,21.059999465942383,78700
2011-06-15,20.8700008392334,21.079999923706055,20.239999771118164,20.34000015258789,20.34000015258789,120200
2011-06-16,20.059999465942383,20.09000015258789,18.3700008392334,19.170000076293945,19.170000076293945,535000
2011-06-17,19.43000030517578,19.489999771118164,18.690000534057617,18.889999389648438,18.889999389648438,305300
2011-06-20,19.0,19.979999542236328,19.0,19.559999465942383,19.559999465942383,93300
2011-06-21,19.719999313354492,20.940000534057617,19.719999313354492,20.34000015258789,20.34000015258789,124200
2011-06-22,20.280000686645508,21.389999389648438,20.1299991607666,20.860000610351562,20.860000610351562,126500
2011-06-23,20.579999923706055,21.149999618530273,20.209999084472656,20.889999389648438,20.889999389648438,120900
2011-06-24,21.010000228881836,22.260000228881836,20.84000015258789,21.829999923706055,21.829999923706055,1383000
2011-06-27,21.829999923706055,23.829999923706055,21.829999923706055,23.649999618530273,23.649999618530273,245400
2011-06-28,23.639999389648438,24.5,23.639999389648438,24.479999542236328,24.479999542236328,124400
2011-06-29,24.520000457763672,24.979999542236328,24.149999618530273,24.90999984741211,24.90999984741211,75300
2011-06-30,24.90999984741211,25.3799991607666,24.15999984741211,24.280000686645508,24.280000686645508,174100
2011-07-01,24.360000610351562,24.360000610351562,23.81999969482422,24.209999084472656,24.209999084472656,157000
2011-07-05,24.18000030517578,24.270000457763672,23.5,23.8700008392334,23.8700008392334,141000
2011-07-06,23.760000228881836,24.0,23.31999969482422,23.850000381469727,23.850000381469727,99900
2011-07-07,24.079999923706055,24.1299991607666,23.65999984741211,23.889999389648438,23.889999389648438,136600
2011-07-08,23.520000457763672,23.959999084472656,23.520000457763672,23.84000015258789,23.84000015258789,107900
2011-07-11,21.889999389648438,22.700000762939453,20.299999237060547,21.360000610351562,21.360000610351562,701100
2011-07-12,21.229999542236328,21.31999969482422,20.309999465942383,20.31999969482422,20.31999969482422,261300
2011-07-13,20.59000015258789,20.59000015258789,19.709999084472656,19.799999237060547,19.799999237060547,477700
2011-07-14,19.799999237060547,19.8700008392334,18.520000457763672,18.579999923706055,18.579999923706055,341200
2011-07-15,18.799999237060547,19.770000457763672,18.399999618530273,18.68000030517578,18.68000030517578,311800
2011-07-18,18.5,18.84000015258789,18.329999923706055,18.489999771118164,18.489999771118164,267200
2011-07-19,18.700000762939453,18.8700008392334,18.420000076293945,18.5,18.5,650500
2011-07-20,18.510000228881836,18.56999969482422,17.649999618530273,18.09000015258789,18.09000015258789,227800
2011-07-21,18.190000534057617,18.639999389648438,17.899999618530273,18.059999465942383,18.059999465942383,310000
2011-07-22,18.110000610351562,18.729999542236328,17.75,18.639999389648438,18.639999389648438,109900
2011-07-25,18.209999084472656,18.920000076293945,17.940000534057617,18.020000457763672,18.020000457763672,596900
2011-07-26,18.06999969482422,18.139999389648438,17.200000762939453,17.3700008392334,17.3700008392334,552500
2011-07-27,17.1200008392334,17.209999084472656,16.3799991607666,16.700000762939453,16.700000762939453,211100
2011-07-28,16.700000762939453,16.81999969482422,15.930000305175781,16.020000457763672,16.020000457763672,314500
2011-07-29,15.640000343322754,15.729999542236328,15.34000015258789,15.399999618530273,15.399999618530273,280000
2011-08-01,15.550000190734863,15.609999656677246,14.819999694824219,14.920000076293945,14.920000076293945,277800
2011-08-02,14.850000381469727,14.970000267028809,14.390000343322754,14.390000343322754,14.390000343322754,529500
2011-08-03,14.399999618530273,15.109999656677246,13.899999618530273,15.0600004196167,15.0600004196167,149200
2011-08-04,14.880000114440918,15.359999656677246,14.829999923706055,15.050000190734863,15.050000190734863,344400
2011-08-05,15.170000076293945,15.199999809265137,13.979999542236328,14.369999885559082,14.369999885559082,262000
2011-08-08,13.869999885559082,14.029999732971191,12.6899995803833,12.899999618530273,12.899999618530273,776900
2011-08-09,13.279999732971191,15.380000114440918,13.279999732971191,15.380000114440918,15.380000114440918,284600
2011-08-10,14.859999656677246,15.75,14.600000381469727,14.699999809265137,14.699999809265137,336600
2011-08-11,14.8100004196167,15.050000190734863,14.380000114440918,14.539999961853027,14.539999961853027,339900
2011-08-12,14.670000076293945,15.359999656677246,14.510000228881836,15.029999732971191,15.029999732971191,213600
2011-08-15,15.170000076293945,15.609999656677246,15.100000381469727,15.260000228881836,15.260000228881836,138700
2011-08-16,16.149999618530273,18.739999771118164,16.149999618530273,17.940000534057617,17.940000534057617,588300
2011-08-17,18.020000457763672,18.030000686645508,16.219999313354492,16.3799991607666,16.3799991607666,168600
2011-08-18,15.65999984741211,15.680000305175781,14.869999885559082,15.15999984741211,15.15999984741211,260400
2011-08-19,14.800000190734863,15.020000457763672,14.3100004196167,14.479999542236328,14.479999542236328,155500
2011-08-22,14.800000190734863,15.449999809265137,14.720000267028809,15.039999961853027,15.039999961853027,189200
2011-08-23,15.100000381469727,16.40999984741211,14.949999809265137,16.31999969482422,16.31999969482422,110500
2011-08-24,16.34000015258789,16.93000030517578,16.1200008392334,16.889999389648438,16.889999389648438,136700
2011-08-25,17.049999237060547,17.049999237060547,16.010000228881836,16.059999465942383,16.059999465942383,124700
2011-08-26,15.800000190734863,16.989999771118164,15.579999923706055,16.520000457763672,16.520000457763672,151700
2011-08-29,16.780000686645508,17.579999923706055,16.6200008392334,17.299999237060547,17.299999237060547,104000
2011-08-30,17.149999618530273,17.639999389648438,16.889999389648438,16.950000762939453,16.950000762939453,104300
2011-08-31,17.079999923706055,17.299999237060547,16.170000076293945,16.489999771118164,16.489999771118164,89800
2011-09-01,16.56999969482422,17.280000686645508,16.260000228881836,16.299999237060547,16.299999237060547,73400
2011-09-02,16.059999465942383,16.579999923706055,15.90999984741211,15.9399995803833,15.9399995803833,131200
2011-09-06,15.520000457763672,16.25,15.170000076293945,16.18000030517578,16.18000030517578,168000
2011-09-07,16.549999237060547,16.829999923706055,16.329999923706055,16.729999542236328,16.729999542236328,197000
2011-09-08,16.59000015258789,16.8799991607666,16.0,16.010000228881836,16.010000228881836,84300
2011-09-09,15.779999732971191,16.469999313354492,15.529999732971191,15.680000305175781,15.680000305175781,126900
2011-09-12,15.460000038146973,16.760000228881836,15.359999656677246,16.3799991607666,16.3799991607666,140400
2011-09-13,16.549999237060547,16.6200008392334,16.0,16.31999969482422,16.31999969482422,159000
2011-09-14,16.40999984741211,18.540000915527344,16.290000915527344,18.170000076293945,18.170000076293945,342500
2011-09-15,18.200000762939453,18.489999771118164,17.90999984741211,18.399999618530273,18.399999618530273,134900
2011-09-16,18.5,18.5,17.6200008392334,18.3799991607666,18.3799991607666,155800
2011-09-19,17.969999313354492,18.280000686645508,17.760000228881836,18.15999984741211,18.15999984741211,179300
2011-09-20,18.329999923706055,19.510000228881836,18.149999618530273,18.760000228881836,18.760000228881836,198900
2011-09-21,18.75,19.209999084472656,18.559999465942383,18.84000015258789,18.84000015258789,235600
2011-09-22,18.200000762939453,18.969999313354492,17.889999389648438,18.469999313354492,18.469999313354492,227600
2011-09-23,18.469999313354492,19.1299991607666,18.200000762939453,19.0,19.0,307100
2011-09-26,19.219999313354492,19.540000915527344,18.729999542236328,19.520000457763672,19.520000457763672,244300
2011-09-27,19.969999313354492,21.09000015258789,19.610000610351562,20.510000228881836,20.510000228881836,305500
2011-09-28,20.530000686645508,20.670000076293945,19.350000381469727,19.6299991607666,19.6299991607666,314200
2011-09-29,20.06999969482422,20.260000228881836,18.93000030517578,19.75,19.75,279100
2011-09-30,19.31999969482422,19.770000457763672,18.579999923706055,18.700000762939453,18.700000762939453,271300
2011-10-03,18.510000228881836,18.809999465942383,17.5,17.520000457763672,17.520000457763672,289100
2011-10-04,17.290000915527344,18.860000610351562,17.059999465942383,18.770000457763672,18.770000457763672,234000
2011-10-05,18.790000915527344,19.5,18.559999465942383,19.34000015258789,19.34000015258789,118700
2011-10-06,19.3700008392334,20.079999923706055,19.040000915527344,19.709999084472656,19.709999084472656,124000
2011-10-07,19.770000457763672,20.229999542236328,19.219999313354492,19.860000610351562,19.860000610351562,102800
2011-10-10,20.260000228881836,20.469999313354492,19.65999984741211,20.030000686645508,20.030000686645508,184200
2011-10-11,19.799999237060547,20.219999313354492,19.440000534057617,19.520000457763672,19.520000457763672,158000
2011-10-12,19.610000610351562,19.719999313354492,18.579999923706055,18.75,18.75,232200
2011-10-13,18.520000457763672,18.729999542236328,17.850000381469727,17.989999771118164,17.989999771118164,141500
2011-10-14,18.149999618530273,18.350000381469727,17.889999389648438,18.18000030517578,18.18000030517578,265600
2011-10-17,18.020000457763672,18.020000457763672,17.110000610351562,17.15999984741211,17.15999984741211,137400
2011-10-18,17.260000228881836,17.260000228881836,16.65999984741211,16.899999618530273,16.899999618530273,263600
2011-10-19,16.860000610351562,16.979999542236328,15.420000076293945,15.649999618530273,15.649999618530273,545100
2011-10-20,15.75,15.75,14.960000038146973,15.640000343322754,15.640000343322754,360500
2011-10-21,15.890000343322754,16.25,15.260000228881836,16.09000015258789,16.09000015258789,310400
2011-10-24,16.0,16.020000457763672,15.25,15.789999961853027,15.789999961853027,422100
2011-10-25,15.380000114440918,15.380000114440918,12.039999961853027,12.25,12.25,1399200
2011-10-26,12.15999984741211,12.5,11.539999961853027,11.949999809265137,11.949999809265137,722600
2011-10-27,12.5,13.260000228881836,12.359999656677246,13.050000190734863,13.050000190734863,574800
2011-10-28,13.0,13.069999694824219,12.75,12.829999923706055,12.829999923706055,311600
2011-10-31,12.600000381469727,12.600000381469727,12.390000343322754,12.399999618530273,12.399999618530273,235700
2011-11-01,11.880000114440918,12.3100004196167,11.75,12.100000381469727,12.100000381469727,177100
2011-11-02,12.380000114440918,13.65999984741211,12.380000114440918,13.529999732971191,13.529999732971191,434300
2011-11-03,14.069999694824219,14.670000076293945,13.90999984741211,14.239999771118164,14.239999771118164,462300
2011-11-04,14.210000038146973,14.220000267028809,13.890000343322754,14.109999656677246,14.109999656677246,129000
2011-11-07,14.050000190734863,14.210000038146973,13.619999885559082,13.729999542236328,13.729999542236328,127600
2011-11-08,13.479999542236328,16.139999389648438,13.479999542236328,14.329999923706055,14.329999923706055,457700
2011-11-09,13.979999542236328,14.15999984741211,13.329999923706055,13.399999618530273,13.399999618530273,252100
2011-11-10,13.619999885559082,14.15999984741211,13.180000305175781,14.119999885559082,14.119999885559082,167400
2011-11-11,14.34000015258789,14.34000015258789,13.930000305175781,14.029999732971191,14.029999732971191,108700
2011-11-14,13.9399995803833,14.0,13.479999542236328,13.720000267028809,13.720000267028809,139500
2011-11-15,13.630000114440918,14.170000076293945,13.520000457763672,14.079999923706055,14.079999923706055,134600
2011-11-16,13.850000381469727,14.5,13.850000381469727,14.220000267028809,14.220000267028809,175300
2011-11-17,14.199999809265137,14.319999694824219,13.699999809265137,14.029999732971191,14.029999732971191,549800
2011-11-18,14.09000015258789,14.479999542236328,13.8100004196167,14.0,14.0,159400
2011-11-21,13.6899995803833,14.380000114440918,13.460000038146973,14.300000190734863,14.300000190734863,184500
2011-11-22,14.260000228881836,14.319999694824219,13.880000114440918,13.9399995803833,13.9399995803833,147000
2011-11-23,13.770000457763672,13.770000457763672,13.329999923706055,13.380000114440918,13.380000114440918,307300
2011-11-25,13.270000457763672,13.449999809265137,13.119999885559082,13.390000343322754,13.390000343322754,146000
2011-11-28,13.829999923706055,13.979999542236328,13.720000267028809,13.850000381469727,13.850000381469727,195300
2011-11-29,13.880000114440918,14.0,13.579999923706055,13.699999809265137,13.699999809265137,99800
2011-11-30,14.460000038146973,14.510000228881836,14.100000381469727,14.1899995803833,14.1899995803833,310200
2011-12-01,14.130000114440918,14.260000228881836,14.119999885559082,14.15999984741211,14.15999984741211,183100
2011-12-02,14.390000343322754,14.5,14.170000076293945,14.239999771118164,14.239999771118164,149700
2011-12-05,14.5,14.5,13.960000038146973,14.130000114440918,14.130000114440918,153500
2011-12-06,14.109999656677246,14.40999984741211,13.979999542236328,14.300000190734863,14.300000190734863,195500
2011-12-07,14.1899995803833,14.289999961853027,13.960000038146973,14.149999618530273,14.149999618530273,151000
2011-12-08,14.050000190734863,14.220000267028809,13.75,13.890000343322754,13.890000343322754,113900
2011-12-09,13.890000343322754,14.010000228881836,13.680000305175781,13.970000267028809,13.970000267028809,188600
2011-12-12,13.720000267028809,13.850000381469727,13.399999618530273,13.770000457763672,13.770000457763672,126100
2011-12-13,13.930000305175781,14.039999961853027,13.59000015258789,13.760000228881836,13.760000228881836,207100
2011-12-14,13.640000343322754,13.789999961853027,13.449999809265137,13.760000228881836,13.760000228881836,95700
2011-12-15,13.949999809265137,14.0,13.649999618530273,13.949999809265137,13.949999809265137,135700
2011-12-16,14.079999923706055,14.109999656677246,13.699999809265137,13.850000381469727,13.850000381469727,203000
2011-12-19,14.039999961853027,14.039999961853027,13.3100004196167,13.329999923706055,13.329999923706055,195900
2011-12-20,13.649999618530273,13.890000343322754,13.5600004196167,13.710000038146973,13.710000038146973,301300
2011-12-21,13.600000381469727,16.079999923706055,13.479999542236328,14.09000015258789,14.09000015258789,104000
2011-12-22,14.180000305175781,14.6899995803833,14.149999618530273,14.630000114440918,14.630000114440918,60700
2011-12-23,14.680000305175781,15.069999694824219,14.319999694824219,15.0,15.0,109400
2011-12-27,14.899999618530273,15.300000190734863,14.75,15.029999732971191,15.029999732971191,424100
2011-12-28,14.989999771118164,15.0,14.0,14.109999656677246,14.109999656677246,327600
2011-12-29,14.109999656677246,14.199999809265137,13.75,13.859999656677246,13.859999656677246,219700
2011-12-30,13.850000381469727,14.100000381469727,13.210000038146973,13.680000305175781,13.680000305175781,279200
2012-01-03,14.010000228881836,14.90999984741211,14.010000228881836,14.850000381469727,14.850000381469727,153900
2012-01-04,14.739999771118164,15.0,14.130000114440918,14.210000038146973,14.210000038146973,79000
2012-01-05,14.630000114440918,15.270000457763672,14.609999656677246,14.850000381469727,14.850000381469727,165600
2012-01-06,14.829999923706055,15.0,14.710000038146973,14.8100004196167,14.8100004196167,120700
2012-01-09,14.869999885559082,15.34000015258789,14.670000076293945,15.279999732971191,15.279999732971191,84000
2012-01-10,15.489999771118164,15.890000343322754,15.489999771118164,15.640000343322754,15.640000343322754,111300
2012-01-11,15.539999961853027,15.819999694824219,15.4399995803833,15.75,15.75,109900
2012-01-12,15.8100004196167,16.1299991607666,15.5600004196167,16.079999923706055,16.079999923706055,140700
2012-01-13,15.850000381469727,16.239999771118164,15.850000381469727,16.18000030517578,16.18000030517578,74900
2012-01-17,16.280000686645508,16.6200008392334,16.25,16.31999969482422,16.31999969482422,76200
2012-01-18,16.290000915527344,16.790000915527344,16.290000915527344,16.670000076293945,16.670000076293945,53400
2012-01-19,16.760000228881836,16.950000762939453,16.639999389648438,16.75,16.75,60000
2012-01-20,16.75,16.81999969482422,16.3799991607666,16.709999084472656,16.709999084472656,197600
2012-01-23,16.6200008392334,16.920000076293945,16.229999542236328,16.649999618530273,16.649999618530273,54300
2012-01-24,16.600000381469727,17.290000915527344,16.600000381469727,17.110000610351562,17.110000610351562,136000
2012-01-25,17.06999969482422,17.450000762939453,17.030000686645508,17.40999984741211,17.40999984741211,165800
2012-01-26,17.520000457763672,17.8700008392334,17.030000686645508,17.239999771118164,17.239999771118164,117000
2012-01-27,17.06999969482422,17.3799991607666,16.809999465942383,16.90999984741211,16.90999984741211,82700
2012-01-30,16.829999923706055,16.969999313354492,16.25,16.350000381469727,16.350000381469727,95500
2012-01-31,16.489999771118164,16.739999771118164,16.25,16.469999313354492,16.469999313354492,151700
2012-02-01,16.610000610351562,17.309999465942383,16.610000610351562,17.209999084472656,17.209999084472656,114900
2012-02-02,17.31999969482422,17.719999313354492,17.290000915527344,17.59000015258789,17.59000015258789,126800
2012-02-03,17.90999984741211,18.450000762939453,17.84000015258789,18.15999984741211,18.15999984741211,104700
2012-02-06,18.100000381469727,18.100000381469727,17.75,17.81999969482422,17.81999969482422,97700
2012-02-07,18.760000228881836,21.040000915527344,18.6200008392334,19.06999969482422,19.06999969482422,842000
2012-02-08,19.110000610351562,20.709999084472656,17.280000686645508,20.489999771118164,20.489999771118164,469200
2012-02-09,20.5,20.5,19.34000015258789,19.360000610351562,19.360000610351562,143000
2012-02-10,19.139999389648438,19.219999313354492,18.469999313354492,18.799999237060547,18.799999237060547,212100
2012-02-13,19.0,19.1299991607666,18.770000457763672,19.0,19.0,228300
2012-02-14,18.8700008392334,19.329999923706055,18.8700008392334,19.200000762939453,19.200000762939453,204900
2012-02-15,19.239999771118164,19.260000228881836,18.700000762939453,18.809999465942383,18.809999465942383,244900
2012-02-16,18.790000915527344,18.790000915527344,16.440000534057617,18.049999237060547,18.049999237060547,539500
2012-02-17,18.09000015258789,18.530000686645508,17.8700008392334,18.110000610351562,18.110000610351562,135700
2012-02-21,18.079999923706055,18.190000534057617,17.959999084472656,18.15999984741211,18.15999984741211,105900
2012-02-22,18.139999389648438,18.18000030517578,17.709999084472656,18.1200008392334,18.1200008392334,78300
2012-02-23,18.100000381469727,18.600000381469727,17.940000534057617,18.600000381469727,18.600000381469727,236000
2012-02-24,18.540000915527344,18.579999923706055,18.030000686645508,18.3700008392334,18.3700008392334,123900
2012-02-27,18.280000686645508,18.59000015258789,17.8799991607666,18.520000457763672,18.520000457763672,162700
2012-02-28,18.520000457763672,19.040000915527344,18.0,18.209999084472656,18.209999084472656,262500
2012-02-29,18.239999771118164,18.280000686645508,17.5,17.8700008392334,17.8700008392334,169600
2012-03-01,17.799999237060547,19.200000762939453,17.399999618530273,18.600000381469727,18.600000381469727,439200
2012-03-02,18.65999984741211,18.969999313354492,17.84000015258789,17.8700008392334,17.8700008392334,117500
2012-03-05,17.90999984741211,18.200000762939453,16.959999084472656,17.209999084472656,17.209999084472656,152700
2012-03-06,16.959999084472656,17.020000457763672,15.529999732971191,15.890000343322754,15.890000343322754,338500
2012-03-07,15.949999809265137,16.299999237060547,15.859999656677246,16.110000610351562,16.110000610351562,468700
2012-03-08,16.25,16.690000534057617,16.229999542236328,16.489999771118164,16.489999771118164,102600
2012-03-09,16.510000228881836,17.420000076293945,16.469999313354492,17.270000457763672,17.270000457763672,139900
2012-03-12,17.31999969482422,17.899999618530273,17.18000030517578,17.8799991607666,17.8799991607666,180500
2012-03-13,18.030000686645508,18.850000381469727,17.969999313354492,18.81999969482422,18.81999969482422,187100
2012-03-14,18.780000686645508,18.799999237060547,18.309999465942383,18.530000686645508,18.530000686645508,113300
2012-03-15,18.549999237060547,19.389999389648438,18.549999237060547,19.239999771118164,19.239999771118164,264100
2012-03-16,19.290000915527344,19.34000015258789,18.469999313354492,18.639999389648438,18.639999389648438,135100
2012-03-19,18.68000030517578,19.010000228881836,18.43000030517578,18.68000030517578,18.68000030517578,72300
2012-03-20,18.530000686645508,18.68000030517578,18.0,18.110000610351562,18.110000610351562,96600
2012-03-21,18.1200008392334,18.280000686645508,17.920000076293945,18.09000015258789,18.09000015258789,109500
2012-03-22,17.850000381469727,17.979999542236328,17.639999389648438,17.84000015258789,17.84000015258789,82600
2012-03-23,17.809999465942383,18.440000534057617,17.790000915527344,18.399999618530273,18.399999618530273,65600
2012-03-26,18.709999084472656,19.530000686645508,18.610000610351562,19.420000076293945,19.420000076293945,101500
2012-03-27,19.200000762939453,19.540000915527344,18.510000228881836,18.520000457763672,18.520000457763672,243100
2012-03-28,18.579999923706055,18.579999923706055,17.75,17.799999237060547,17.799999237060547,70700
2012-03-29,17.59000015258789,18.079999923706055,17.59000015258789,17.90999984741211,17.90999984741211,126200
2012-03-30,18.110000610351562,18.110000610351562,17.68000030517578,17.709999084472656,17.709999084472656,60600
2012-04-02,17.969999313354492,18.459999084472656,17.899999618530273,18.06999969482422,18.06999969482422,85000
2012-04-03,18.040000915527344,18.149999618530273,17.649999618530273,17.780000686645508,17.780000686645508,57100
2012-04-04,17.510000228881836,17.719999313354492,17.219999313354492,17.299999237060547,17.299999237060547,88800
2012-04-05,17.280000686645508,17.399999618530273,16.690000534057617,16.780000686645508,16.780000686645508,149700
2012-04-09,16.329999923706055,17.079999923706055,16.229999542236328,16.780000686645508,16.780000686645508,329300
2012-04-10,16.760000228881836,16.780000686645508,16.209999084472656,16.290000915527344,16.290000915527344,116700
2012-04-11,16.469999313354492,16.989999771118164,16.469999313354492,16.639999389648438,16.639999389648438,263600
2012-04-12,16.649999618530273,16.969999313354492,16.59000015258789,16.770000457763672,16.770000457763672,132100
2012-04-13,16.700000762939453,16.790000915527344,16.440000534057617,16.469999313354492,16.469999313354492,83000
2012-04-16,16.639999389648438,16.690000534057617,15.899999618530273,15.979999542236328,15.979999542236328,141000
2012-04-17,16.190000534057617,16.809999465942383,16.190000534057617,16.729999542236328,16.729999542236328,252000
2012-04-18,16.579999923706055,16.649999618530273,16.079999923706055,16.31999969482422,16.31999969482422,95600
2012-04-19,16.3799991607666,16.600000381469727,15.949999809265137,15.989999771118164,15.989999771118164,106000
2012-04-20,16.149999618530273,16.43000030517578,16.040000915527344,16.1200008392334,16.1200008392334,81800
2012-04-23,15.800000190734863,15.800000190734863,15.279999732971191,15.289999961853027,15.289999961853027,105100
2012-04-24,15.300000190734863,16.100000381469727,15.25,15.729999542236328,15.729999542236328,152500
2012-04-25,16.030000686645508,16.399999618530273,15.90999984741211,16.149999618530273,16.149999618530273,246900
2012-04-26,16.0,16.809999465942383,15.920000076293945,16.799999237060547,16.799999237060547,151700
2012-04-27,16.780000686645508,16.850000381469727,16.59000015258789,16.790000915527344,16.790000915527344,113100
2012-04-30,16.739999771118164,16.90999984741211,16.549999237060547,16.81999969482422,16.81999969482422,106000
2012-05-01,16.760000228881836,17.079999923706055,16.110000610351562,16.1200008392334,16.1200008392334,123700
2012-05-02,16.020000457763672,16.059999465942383,15.65999984741211,15.899999618530273,15.899999618530273,73000
2012-05-03,15.819999694824219,16.010000228881836,15.430000305175781,15.460000038146973,15.460000038146973,151000
2012-05-04,15.329999923706055,15.40999984741211,14.949999809265137,15.010000228881836,15.010000228881836,86400
2012-05-07,15.0,15.279999732971191,14.899999618530273,15.0,15.0,113000
2012-05-08,14.239999771118164,14.239999771118164,13.5,13.779999732971191,13.779999732971191,426400
2012-05-09,13.529999732971191,13.859999656677246,13.380000114440918,13.739999771118164,13.739999771118164,241900
2012-05-10,13.899999618530273,13.899999618530273,12.699999809265137,12.829999923706055,12.829999923706055,305900
2012-05-11,12.699999809265137,13.09000015258789,12.430000305175781,12.9399995803833,12.9399995803833,251000
2012-05-14,12.789999961853027,12.84000015258789,12.3100004196167,12.510000228881836,12.510000228881836,142400
2012-05-15,12.5,13.350000381469727,12.5,13.09000015258789,13.09000015258789,201000
2012-05-16,13.079999923706055,13.25,11.649999618530273,11.6899995803833,11.6899995803833,191500
2012-05-17,11.65999984741211,11.65999984741211,10.710000038146973,10.75,10.75,222800
2012-05-18,10.739999771118164,10.739999771118164,10.1899995803833,10.5,10.5,301500
2012-05-21,10.529999732971191,11.65999984741211,10.529999732971191,11.600000381469727,11.600000381469727,181300
2012-05-22,11.65999984741211,11.930000305175781,11.319999694824219,11.760000228881836,11.760000228881836,139000
2012-05-23,11.59000015258789,11.59000015258789,11.25,11.460000038146973,11.460000038146973,84000
2012-05-24,11.449999809265137,11.539999961853027,11.25,11.390000343322754,11.390000343322754,96000
2012-05-25,11.390000343322754,11.539999961853027,11.3100004196167,11.4399995803833,11.4399995803833,100000
2012-05-29,11.59000015258789,11.680000305175781,11.390000343322754,11.550000190734863,11.550000190734863,120400
2012-05-30,11.359999656677246,11.470000267028809,11.069999694824219,11.079999923706055,11.079999923706055,133900
2012-05-31,11.140000343322754,11.859999656677246,11.140000343322754,11.65999984741211,11.65999984741211,270400
2012-06-01,11.1899995803833,11.380000114440918,10.9399995803833,11.09000015258789,11.09000015258789,139100
2012-06-04,11.15999984741211,11.350000381469727,10.949999809265137,11.029999732971191,11.029999732971191,175500
2012-06-05,10.930000305175781,11.75,10.930000305175781,11.710000038146973,11.710000038146973,97900
2012-06-06,11.829999923706055,12.470000267028809,11.720000267028809,12.319999694824219,12.319999694824219,137900
2012-06-07,12.59000015258789,12.739999771118164,12.199999809265137,12.609999656677246,12.609999656677246,159200
2012-06-08,12.569999694824219,12.829999923706055,12.34000015258789,12.800000190734863,12.800000190734863,78400
2012-06-11,13.020000457763672,13.210000038146973,12.529999732971191,12.5600004196167,12.5600004196167,235200
2012-06-12,12.199999809265137,12.40999984741211,11.869999885559082,11.989999771118164,11.989999771118164,148600
2012-06-13,11.819999694824219,11.819999694824219,11.4399995803833,11.5600004196167,11.5600004196167,171100
2012-06-14,11.609999656677246,11.890000343322754,11.380000114440918,11.729999542236328,11.729999542236328,130600
2012-06-15,11.760000228881836,12.520000457763672,11.760000228881836,12.420000076293945,12.420000076293945,212500
2012-06-18,12.279999732971191,12.359999656677246,12.130000114440918,12.220000267028809,12.220000267028809,150600
2012-06-19,12.270000457763672,12.420000076293945,12.050000190734863,12.399999618530273,12.399999618530273,198900
2012-06-20,12.390000343322754,12.390000343322754,11.9399995803833,12.170000076293945,12.170000076293945,145200
2012-06-21,12.170000076293945,12.170000076293945,11.680000305175781,11.710000038146973,11.710000038146973,150700
2012-06-22,11.850000381469727,12.300000190734863,11.850000381469727,12.170000076293945,12.170000076293945,881000
2012-06-25,11.829999923706055,11.960000038146973,11.529999732971191,11.739999771118164,11.739999771118164,118900
2012-06-26,11.829999923706055,11.90999984741211,11.5,11.550000190734863,11.550000190734863,123300
2012-06-27,11.609999656677246,11.630000114440918,11.359999656677246,11.489999771118164,11.489999771118164,194400
2012-06-28,11.34000015258789,11.609999656677246,11.25,11.520000457763672,11.520000457763672,166000
2012-06-29,11.850000381469727,12.579999923706055,11.829999923706055,12.550000190734863,12.550000190734863,145700
2012-07-02,12.569999694824219,12.850000381469727,12.100000381469727,12.220000267028809,12.220000267028809,144800
2012-07-03,12.210000038146973,12.40999984741211,12.210000038146973,12.40999984741211,12.40999984741211,93800
2012-07-05,12.369999885559082,12.899999618530273,12.369999885559082,12.859999656677246,12.859999656677246,40600
2012-07-06,12.6899995803833,12.739999771118164,12.34000015258789,12.5600004196167,12.5600004196167,111700
2012-07-09,12.569999694824219,12.630000114440918,12.25,12.25,12.25,101200
2012-07-10,12.399999618530273,12.739999771118164,11.920000076293945,12.15999984741211,12.15999984741211,85500
2012-07-11,12.119999885559082,12.289999961853027,12.050000190734863,12.130000114440918,12.130000114440918,99800
2012-07-12,11.979999542236328,11.979999542236328,11.5,11.579999923706055,11.579999923706055,123500
2012-07-13,11.489999771118164,11.760000228881836,11.279999732971191,11.359999656677246,11.359999656677246,123600
2012-07-16,11.289999961853027,11.319999694824219,11.010000228881836,11.149999618530273,11.149999618530273,84900
2012-07-17,11.199999809265137,11.369999885559082,11.010000228881836,11.130000114440918,11.130000114440918,187900
2012-07-18,11.109999656677246,11.710000038146973,11.109999656677246,11.529999732971191,11.529999732971191,80600
2012-07-19,11.649999618530273,11.789999961853027,11.529999732971191,11.670000076293945,11.670000076293945,64200
2012-07-20,11.510000228881836,11.609999656677246,11.300000190734863,11.359999656677246,11.359999656677246,94800
2012-07-23,11.09000015258789,11.170000076293945,10.979999542236328,10.979999542236328,10.979999542236328,71100
2012-07-24,11.0,11.34000015258789,10.899999618530273,11.130000114440918,11.130000114440918,126300
2012-07-25,11.239999771118164,11.720000267028809,11.239999771118164,11.5,11.5,74700
2012-07-26,11.75,12.010000228881836,11.75,11.970000267028809,11.970000267028809,126400
2012-07-27,12.0,12.979999542236328,12.0,12.90999984741211,12.90999984741211,102400
2012-07-30,12.90999984741211,13.319999694824219,12.84000015258789,13.199999809265137,13.199999809265137,113000
2012-07-31,13.180000305175781,13.5,13.010000228881836,13.279999732971191,13.279999732971191,204000
2012-08-01,13.359999656677246,13.4399995803833,12.550000190734863,12.5600004196167,12.5600004196167,193700
2012-08-02,12.350000381469727,12.850000381469727,12.239999771118164,12.5,12.5,101800
2012-08-03,12.789999961853027,12.899999618530273,12.5600004196167,12.600000381469727,12.600000381469727,135400
2012-08-06,12.600000381469727,12.979999542236328,12.600000381469727,12.630000114440918,12.630000114440918,65500
2012-08-07,12.720000267028809,12.890000343322754,12.229999542236328,12.260000228881836,12.260000228881836,109900
2012-08-08,12.239999771118164,12.260000228881836,11.739999771118164,11.819999694824219,11.819999694824219,60900
2012-08-09,11.770000457763672,12.0,11.640000343322754,11.960000038146973,11.960000038146973,82300
2012-08-10,11.920000076293945,12.0,11.819999694824219,11.979999542236328,11.979999542236328,50500
2012-08-13,11.920000076293945,11.989999771118164,11.59000015258789,11.859999656677246,11.859999656677246,60200
2012-08-14,12.0,12.0,11.399999618530273,11.460000038146973,11.460000038146973,76600
2012-08-15,11.470000267028809,12.0,11.470000267028809,11.949999809265137,11.949999809265137,135400
2012-08-16,11.979999542236328,12.90999984741211,11.8100004196167,12.699999809265137,12.699999809265137,239400
2012-08-17,12.829999923706055,13.199999809265137,12.800000190734863,13.119999885559082,13.119999885559082,86400
2012-08-20,13.069999694824219,13.390000343322754,12.949999809265137,13.369999885559082,13.369999885559082,134900
2012-08-21,13.720000267028809,14.199999809265137,12.739999771118164,12.789999961853027,12.789999961853027,265400
2012-08-22,12.710000038146973,12.869999885559082,12.539999961853027,12.670000076293945,12.670000076293945,77800
2012-08-23,12.619999885559082,12.619999885559082,12.140000343322754,12.220000267028809,12.220000267028809,55500
2012-08-24,12.119999885559082,12.270000457763672,11.989999771118164,12.100000381469727,12.100000381469727,109300
2012-08-27,12.180000305175781,12.180000305175781,11.9399995803833,12.039999961853027,12.039999961853027,52500
2012-08-28,12.0,12.149999618530273,11.970000267028809,12.09000015258789,12.09000015258789,65700
2012-08-29,12.09000015258789,12.09000015258789,11.84000015258789,11.9399995803833,11.9399995803833,42100
2012-08-30,11.75,11.899999618530273,11.609999656677246,11.789999961853027,11.789999961853027,85000
2012-08-31,11.979999542236328,12.050000190734863,11.729999542236328,11.979999542236328,11.979999542236328,42000
2012-09-04,11.989999771118164,12.039999961853027,11.75,11.949999809265137,11.949999809265137,66300
2012-09-05,12.010000228881836,12.100000381469727,11.869999885559082,11.970000267028809,11.970000267028809,113600
2012-09-06,12.09000015258789,12.579999923706055,12.039999961853027,12.529999732971191,12.529999732971191,156100
2012-09-07,12.5,12.600000381469727,12.09000015258789,12.3100004196167,12.3100004196167,124000
2012-09-10,12.289999961853027,12.34000015258789,12.0,12.0600004196167,12.0600004196167,102300
2012-09-11,11.920000076293945,12.0600004196167,11.699999809265137,12.0,12.0,257300
2012-09-12,12.020000457763672,12.069999694824219,11.9399995803833,12.010000228881836,12.010000228881836,139400
2012-09-13,12.029999732971191,12.199999809265137,11.819999694824219,12.079999923706055,12.079999923706055,126500
2012-09-14,12.1899995803833,12.84000015258789,12.1899995803833,12.739999771118164,12.739999771118164,236600
2012-09-17,12.649999618530273,12.65999984741211,12.449999809265137,12.619999885559082,12.619999885559082,160000
2012-09-18,12.579999923706055,12.869999885559082,12.529999732971191,12.65999984741211,12.65999984741211,69800
2012-09-19,12.6899995803833,12.699999809265137,12.350000381469727,12.399999618530273,12.399999618530273,86600
2012-09-20,12.3100004196167,12.399999618530273,12.119999885559082,12.180000305175781,12.180000305175781,78700
2012-09-21,12.229999542236328,12.239999771118164,11.729999542236328,11.84000015258789,11.84000015258789,135500
2012-09-24,11.6899995803833,11.8100004196167,11.380000114440918,11.4399995803833,11.4399995803833,115700
2012-09-25,11.550000190734863,12.050000190734863,11.550000190734863,11.8100004196167,11.8100004196167,236300
2012-09-26,11.800000190734863,11.869999885559082,11.5600004196167,11.649999618530273,11.649999618530273,41300
2012-09-27,11.550000190734863,12.050000190734863,11.5,11.890000343322754,11.890000343322754,74100
2012-09-28,11.770000457763672,11.880000114440918,11.569999694824219,11.59000015258789,11.59000015258789,34700
2012-10-01,11.680000305175781,11.75,11.300000190734863,11.5,11.5,104300
2012-10-02,11.619999885559082,11.869999885559082,11.5,11.84000015258789,11.84000015258789,113400
2012-10-03,11.920000076293945,11.920000076293945,11.430000305175781,11.4399995803833,11.4399995803833,77300
2012-10-04,11.520000457763672,11.609999656677246,11.199999809265137,11.489999771118164,11.489999771118164,76700
2012-10-05,11.579999923706055,11.729999542236328,11.510000228881836,11.600000381469727,11.600000381469727,56000
2012-10-08,11.489999771118164,11.489999771118164,10.920000076293945,10.970000267028809,10.970000267028809,101900
2012-10-09,10.9399995803833,11.029999732971191,9.90999984741211,10.0,10.0,183400
2012-10-10,10.029999732971191,10.149999618530273,9.710000038146973,9.949999809265137,9.949999809265137,91300
2012-10-11,10.0600004196167,10.210000038146973,9.970000267028809,10.170000076293945,10.170000076293945,86800
2012-10-12,10.149999618530273,10.1899995803833,9.880000114440918,10.069999694824219,10.069999694824219,270200
2012-10-15,10.149999618530273,10.260000228881836,10.0600004196167,10.220000267028809,10.220000267028809,68700
2012-10-16,10.300000190734863,10.489999771118164,10.25,10.270000457763672,10.270000457763672,134500
2012-10-17,10.100000381469727,10.3100004196167,10.100000381469727,10.15999984741211,10.15999984741211,71900
2012-10-18,10.149999618530273,10.15999984741211,9.789999961853027,9.819999694824219,9.819999694824219,86000
2012-10-19,9.729999542236328,9.729999542236328,9.25,9.350000381469727,9.350000381469727,154800
2012-10-22,9.329999923706055,9.520000457763672,9.329999923706055,9.5,9.5,63900
2012-10-23,9.399999618530273,9.680000305175781,9.399999618530273,9.59000015258789,9.59000015258789,64200
2012-10-24,9.670000076293945,9.670000076293945,9.449999809265137,9.5,9.5,73400
2012-10-25,9.619999885559082,9.619999885559082,9.430000305175781,9.520000457763672,9.520000457763672,59000
2012-10-26,9.489999771118164,9.59000015258789,9.479999542236328,9.529999732971191,9.529999732971191,51000
2012-10-31,9.619999885559082,9.649999618530273,9.369999885559082,9.630000114440918,9.630000114440918,345000
2012-11-01,9.630000114440918,10.119999885559082,9.630000114440918,10.0,10.0,152300
2012-11-02,10.0600004196167,10.0600004196167,9.399999618530273,9.489999771118164,9.489999771118164,128900
2012-11-05,9.5,9.819999694824219,9.449999809265137,9.699999809265137,9.699999809265137,88800
2012-11-06,10.729999542236328,13.09000015258789,10.729999542236328,12.75,12.75,718900
2012-11-07,12.579999923706055,12.739999771118164,12.149999618530273,12.479999542236328,12.479999542236328,143500
2012-11-08,11.489999771118164,12.09000015258789,11.489999771118164,12.0,12.0,146000
2012-11-09,11.9399995803833,12.109999656677246,11.880000114440918,11.970000267028809,11.970000267028809,167400
2012-11-12,12.029999732971191,12.09000015258789,11.920000076293945,12.0,12.0,54800
2012-11-13,11.880000114440918,11.989999771118164,11.760000228881836,11.8100004196167,11.8100004196167,52400
2012-11-14,11.899999618530273,11.989999771118164,11.75,11.75,11.75,79000
2012-11-15,11.739999771118164,11.75,11.4399995803833,11.520000457763672,11.520000457763672,47900
2012-11-16,11.479999542236328,11.529999732971191,10.819999694824219,11.119999885559082,11.119999885559082,93200
2012-11-19,11.300000190734863,11.609999656677246,11.1899995803833,11.350000381469727,11.350000381469727,53200
2012-11-20,11.300000190734863,11.300000190734863,10.960000038146973,11.239999771118164,11.239999771118164,53100
2012-11-21,11.3100004196167,12.4399995803833,11.3100004196167,12.0,12.0,59700
2012-11-23,12.100000381469727,12.100000381469727,11.890000343322754,12.020000457763672,12.020000457763672,19800
2012-11-26,11.930000305175781,12.399999618530273,11.930000305175781,12.329999923706055,12.329999923706055,38200
2012-11-27,12.260000228881836,12.619999885559082,11.720000267028809,11.979999542236328,11.979999542236328,143200
2012-11-28,11.859999656677246,12.229999542236328,11.859999656677246,12.109999656677246,12.109999656677246,73200
2012-11-29,12.100000381469727,12.300000190734863,12.100000381469727,12.270000457763672,12.270000457763672,135400
2012-11-30,12.350000381469727,12.59000015258789,12.0600004196167,12.420000076293945,12.420000076293945,214900
2012-12-03,12.600000381469727,12.600000381469727,12.15999984741211,12.260000228881836,12.260000228881836,43600
2012-12-04,12.289999961853027,12.40999984741211,12.069999694824219,12.270000457763672,12.270000457763672,55900
2012-12-05,12.34000015258789,12.34000015258789,11.960000038146973,12.039999961853027,12.039999961853027,57800
2012-12-06,12.140000343322754,12.1899995803833,11.960000038146973,12.050000190734863,12.050000190734863,171100
2012-12-07,12.0600004196167,12.069999694824219,11.869999885559082,11.970000267028809,11.970000267028809,59400
2012-12-10,11.989999771118164,12.029999732971191,11.84000015258789,11.859999656677246,11.859999656677246,77100
2012-12-11,12.020000457763672,12.09000015258789,11.829999923706055,11.869999885559082,11.869999885559082,90400
2012-12-12,11.850000381469727,12.079999923706055,11.760000228881836,11.829999923706055,11.829999923706055,49700
2012-12-13,11.90999984741211,12.199999809265137,11.90999984741211,12.010000228881836,12.010000228881836,328500
2012-12-14,12.0,12.210000038146973,11.699999809265137,11.90999984741211,11.90999984741211,78500
2012-12-17,11.949999809265137,12.100000381469727,11.829999923706055,12.069999694824219,12.069999694824219,74100
2012-12-18,12.050000190734863,12.479999542236328,12.050000190734863,12.460000038146973,12.460000038146973,227700
2012-12-19,12.489999771118164,12.770000457763672,12.3100004196167,12.569999694824219,12.569999694824219,213800
2012-12-20,12.579999923706055,13.149999618530273,12.550000190734863,13.020000457763672,13.020000457763672,199400
2012-12-21,12.739999771118164,13.180000305175781,12.729999542236328,13.0600004196167,13.0600004196167,236700
2012-12-24,13.029999732971191,13.319999694824219,12.699999809265137,13.069999694824219,13.069999694824219,36200
2012-12-26,13.130000114440918,13.25,12.920000076293945,13.010000228881836,13.010000228881836,42500
2012-12-27,13.0,13.229999542236328,12.899999618530273,13.0600004196167,13.0600004196167,64600
2012-12-28,12.930000305175781,13.210000038146973,12.84000015258789,12.970000267028809,12.970000267028809,46500
2012-12-31,13.0,13.329999923706055,12.90999984741211,13.140000343322754,13.140000343322754,99300
2013-01-02,13.449999809265137,13.859999656677246,13.449999809265137,13.539999961853027,13.539999961853027,144200
2013-01-03,13.600000381469727,13.779999732971191,13.460000038146973,13.640000343322754,13.640000343322754,64700
2013-01-04,13.739999771118164,13.829999923706055,13.460000038146973,13.529999732971191,13.529999732971191,50400
2013-01-07,13.369999885559082,13.5,13.140000343322754,13.1899995803833,13.1899995803833,34500
2013-01-08,13.149999618530273,13.470000267028809,12.920000076293945,12.989999771118164,12.989999771118164,46700
2013-01-09,13.079999923706055,13.140000343322754,12.920000076293945,13.029999732971191,13.029999732971191,159600
2013-01-10,13.09000015258789,13.109999656677246,12.930000305175781,13.0,13.0,222500
2013-01-11,13.020000457763672,13.09000015258789,12.9399995803833,12.979999542236328,12.979999542236328,75000
2013-01-14,12.90999984741211,13.119999885559082,12.680000305175781,13.029999732971191,13.029999732971191,93200
2013-01-15,12.949999809265137,13.09000015258789,12.949999809265137,13.039999961853027,13.039999961853027,100600
2013-01-16,12.979999542236328,13.140000343322754,12.979999542236328,13.079999923706055,13.079999923706055,135500
2013-01-17,13.109999656677246,13.449999809265137,13.109999656677246,13.34000015258789,13.34000015258789,95200
2013-01-18,13.9399995803833,14.140000343322754,13.489999771118164,13.619999885559082,13.619999885559082,268400
2013-01-22,13.630000114440918,13.630000114440918,13.470000267028809,13.609999656677246,13.609999656677246,159700
2013-01-23,13.569999694824219,13.619999885559082,13.449999809265137,13.59000015258789,13.59000015258789,97600
2013-01-24,13.600000381469727,13.970000267028809,13.59000015258789,13.90999984741211,13.90999984741211,90000
2013-01-25,14.039999961853027,14.100000381469727,13.90999984741211,14.069999694824219,14.069999694824219,83500
2013-01-28,14.09000015258789,14.5,14.079999923706055,14.25,14.25,167100
2013-01-29,14.119999885559082,14.130000114440918,13.430000305175781,13.460000038146973,13.460000038146973,143800
2013-01-30,13.449999809265137,13.569999694824219,13.170000076293945,13.270000457763672,13.270000457763672,61300
2013-01-31,13.510000228881836,14.760000228881836,13.510000228881836,14.640000343322754,14.640000343322754,698600
2013-02-01,14.789999961853027,15.09000015258789,14.329999923706055,14.430000305175781,14.430000305175781,409300
2013-02-04,14.489999771118164,15.239999771118164,14.369999885559082,14.529999732971191,14.529999732971191,534200
2013-02-05,14.880000114440918,16.239999771118164,14.829999923706055,15.920000076293945,15.920000076293945,669600
2013-02-06,15.75,16.0,15.539999961853027,15.970000267028809,15.970000267028809,263100
2013-02-07,15.9399995803833,16.100000381469727,15.550000190734863,15.920000076293945,15.920000076293945,109500
2013-02-08,15.84000015258789,15.979999542236328,15.760000228881836,15.90999984741211,15.90999984741211,54000
2013-02-11,15.899999618530273,16.0,15.729999542236328,16.0,16.0,51100
2013-02-12,16.0,16.0,15.5,15.960000038146973,15.960000038146973,110200
2013-02-13,15.930000305175781,16.040000915527344,15.75,16.010000228881836,16.010000228881836,53700
2013-02-14,15.899999618530273,16.190000534057617,15.899999618530273,16.1200008392334,16.1200008392334,50800
2013-02-15,16.190000534057617,16.549999237060547,16.1200008392334,16.440000534057617,16.440000534057617,81700
2013-02-19,16.40999984741211,16.5,16.229999542236328,16.450000762939453,16.450000762939453,111800
2013-02-20,16.43000030517578,16.43000030517578,16.079999923706055,16.1299991607666,16.1299991607666,144900
2013-02-21,16.1200008392334,16.1200008392334,15.520000457763672,16.020000457763672,16.020000457763672,143800
2013-02-22,16.09000015258789,16.09000015258789,15.930000305175781,16.059999465942383,16.059999465942383,23800
2013-02-25,16.139999389648438,16.649999618530273,15.899999618530273,15.9399995803833,15.9399995803833,109900
2013-02-26,16.020000457763672,16.280000686645508,15.819999694824219,16.06999969482422,16.06999969482422,205900
2013-02-27,16.100000381469727,16.760000228881836,16.06999969482422,16.610000610351562,16.610000610351562,112800
2013-02-28,16.579999923706055,16.579999923706055,16.290000915527344,16.40999984741211,16.40999984741211,111000
2013-03-01,16.270000457763672,16.520000457763672,16.110000610351562,16.450000762939453,16.450000762939453,75600
2013-03-04,16.43000030517578,16.489999771118164,16.040000915527344,16.200000762939453,16.200000762939453,95100
2013-03-05,16.280000686645508,16.280000686645508,16.049999237060547,16.18000030517578,16.18000030517578,84300
2013-03-06,16.260000228881836,16.309999465942383,15.800000190734863,16.190000534057617,16.190000534057617,128900
2013-03-07,16.270000457763672,16.979999542236328,16.209999084472656,16.809999465942383,16.809999465942383,244900
2013-03-08,17.049999237060547,17.190000534057617,16.850000381469727,16.8799991607666,16.8799991607666,98300
2013-03-11,16.850000381469727,16.93000030517578,16.450000762939453,16.5,16.5,93000
2013-03-12,16.489999771118164,16.520000457763672,15.789999961853027,15.850000381469727,15.850000381469727,138700
2013-03-13,15.770000457763672,15.770000457763672,14.850000381469727,14.989999771118164,14.989999771118164,294600
2013-03-14,14.960000038146973,15.199999809265137,14.680000305175781,14.720000267028809,14.720000267028809,323800
2013-03-15,14.5600004196167,14.600000381469727,13.680000305175781,13.819999694824219,13.819999694824219,2912700
2013-03-18,13.65999984741211,14.210000038146973,13.430000305175781,14.180000305175781,14.180000305175781,554400
2013-03-19,14.199999809265137,14.3100004196167,13.920000076293945,13.970000267028809,13.970000267028809,451900
2013-03-20,14.050000190734863,14.220000267028809,13.880000114440918,14.0,14.0,337200
2013-03-21,13.899999618530273,14.029999732971191,13.75,14.0,14.0,481300
2013-03-22,13.989999771118164,14.069999694824219,13.760000228881836,14.0,14.0,290500
2013-03-25,14.020000457763672,14.130000114440918,13.770000457763672,13.890000343322754,13.890000343322754,106100
2013-03-26,13.960000038146973,14.15999984741211,13.899999618530273,14.100000381469727,14.100000381469727,382800
2013-03-27,13.989999771118164,14.260000228881836,13.989999771118164,14.1899995803833,14.1899995803833,211800
2013-03-28,14.229999542236328,14.850000381469727,14.15999984741211,14.609999656677246,14.609999656677246,340700
2013-04-01,14.569999694824219,14.699999809265137,13.979999542236328,14.039999961853027,14.039999961853027,185700
2013-04-02,14.130000114440918,14.25,13.619999885559082,13.8100004196167,13.8100004196167,243300
2013-04-03,13.8100004196167,13.930000305175781,13.140000343322754,13.329999923706055,13.329999923706055,463200
2013-04-04,13.300000190734863,13.600000381469727,13.300000190734863,13.479999542236328,13.479999542236328,243100
2013-04-05,13.100000381469727,13.25,12.960000038146973,13.050000190734863,13.050000190734863,320200
2013-04-08,13.050000190734863,13.489999771118164,12.970000267028809,13.449999809265137,13.449999809265137,210900
2013-04-09,13.520000457763672,13.600000381469727,13.369999885559082,13.420000076293945,13.420000076293945,112300
2013-04-10,13.510000228881836,14.470000267028809,13.40999984741211,14.399999618530273,14.399999618530273,396500
2013-04-11,14.25,14.300000190734863,14.039999961853027,14.0600004196167,14.0600004196167,127200
2013-04-12,13.979999542236328,13.989999771118164,13.569999694824219,13.779999732971191,13.779999732971191,96900
2013-04-15,13.680000305175781,13.680000305175781,13.350000381469727,13.449999809265137,13.449999809265137,284100
2013-04-16,13.5600004196167,13.729999542236328,13.390000343322754,13.520000457763672,13.520000457763672,184600
2013-04-17,13.380000114440918,13.4399995803833,13.09000015258789,13.220000267028809,13.220000267028809,269700
2013-04-18,13.229999542236328,13.260000228881836,12.90999984741211,13.0,13.0,158500
2013-04-19,13.029999732971191,13.149999618530273,12.869999885559082,13.020000457763672,13.020000457763672,121500
2013-04-22,13.069999694824219,13.239999771118164,12.779999732971191,13.039999961853027,13.039999961853027,154000
2013-04-23,13.15999984741211,13.640000343322754,13.15999984741211,13.59000015258789,13.59000015258789,137600
2013-04-24,13.460000038146973,13.699999809265137,13.4399995803833,13.619999885559082,13.619999885559082,72900
2013-04-25,13.699999809265137,13.930000305175781,13.59000015258789,13.760000228881836,13.760000228881836,97700
2013-04-26,13.710000038146973,13.710000038146973,13.34000015258789,13.5,13.5,88500
2013-04-29,13.600000381469727,13.930000305175781,13.5,13.90999984741211,13.90999984741211,92500
2013-04-30,13.75,13.75,12.640000343322754,13.729999542236328,13.729999542236328,453000
2013-05-01,13.630000114440918,13.779999732971191,13.09000015258789,13.100000381469727,13.100000381469727,221700
2013-05-02,13.220000267028809,13.59000015258789,13.170000076293945,13.59000015258789,13.59000015258789,84100
2013-05-03,13.75,14.100000381469727,13.75,13.8100004196167,13.8100004196167,225400
2013-05-06,13.789999961853027,14.140000343322754,13.789999961853027,14.0,14.0,87800
2013-05-07,14.069999694824219,14.4399995803833,14.020000457763672,14.289999961853027,14.289999961853027,91200
2013-05-08,14.25,14.25,13.899999618530273,14.09000015258789,14.09000015258789,75200
2013-05-09,14.039999961853027,14.119999885559082,13.920000076293945,14.029999732971191,14.029999732971191,66800
2013-05-10,14.0600004196167,14.09000015258789,13.880000114440918,13.899999618530273,13.899999618530273,41700
2013-05-13,13.84000015258789,13.84000015258789,13.539999961853027,13.640000343322754,13.640000343322754,50900
2013-05-14,13.630000114440918,13.800000190734863,13.510000228881836,13.789999961853027,13.789999961853027,66800
2013-05-15,13.770000457763672,14.199999809265137,13.710000038146973,14.109999656677246,14.109999656677246,80600
2013-05-16,14.15999984741211,14.460000038146973,14.15999984741211,14.40999984741211,14.40999984741211,65700
2013-05-17,14.470000267028809,14.600000381469727,14.390000343322754,14.5600004196167,14.5600004196167,64700
2013-05-20,14.520000457763672,14.760000228881836,14.470000267028809,14.569999694824219,14.569999694824219,108800
2013-05-21,14.579999923706055,14.699999809265137,14.449999809265137,14.5600004196167,14.5600004196167,54000
2013-05-22,14.539999961853027,14.920000076293945,14.380000114440918,14.4399995803833,14.4399995803833,158100
2013-05-23,13.149999618530273,13.899999618530273,12.989999771118164,13.760000228881836,13.760000228881836,135300
2013-05-24,13.579999923706055,14.069999694824219,13.579999923706055,14.020000457763672,14.020000457763672,99400
2013-05-28,14.220000267028809,14.399999618530273,13.9399995803833,14.130000114440918,14.130000114440918,93900
2013-05-29,14.0,14.4399995803833,14.0,14.239999771118164,14.239999771118164,253800
2013-05-30,14.329999923706055,14.75,14.170000076293945,14.699999809265137,14.699999809265137,170700
2013-05-31,14.579999923706055,14.739999771118164,14.449999809265137,14.529999732971191,14.529999732971191,92700
2013-06-03,14.529999732971191,14.84000015258789,14.380000114440918,14.600000381469727,14.600000381469727,128800
2013-06-04,14.609999656677246,14.720000267028809,14.34000015258789,14.529999732971191,14.529999732971191,178200
2013-06-05,14.529999732971191,14.65999984741211,14.430000305175781,14.520000457763672,14.520000457763672,152600
2013-06-06,14.619999885559082,14.710000038146973,14.5,14.59000015258789,14.59000015258789,115000
2013-06-07,14.710000038146973,14.819999694824219,14.420000076293945,14.470000267028809,14.470000267028809,279100
2013-06-10,14.5,14.550000190734863,14.399999618530273,14.460000038146973,14.460000038146973,201200
2013-06-11,14.260000228881836,14.630000114440918,14.15999984741211,14.460000038146973,14.460000038146973,118900
2013-06-12,14.520000457763672,14.619999885559082,14.40999984741211,14.40999984741211,14.40999984741211,95000
2013-06-13,14.470000267028809,14.800000190734863,14.399999618530273,14.770000457763672,14.770000457763672,163800
2013-06-14,14.770000457763672,15.0600004196167,14.680000305175781,14.720000267028809,14.720000267028809,135500
2013-06-17,14.899999618530273,14.899999618530273,14.220000267028809,14.430000305175781,14.430000305175781,170800
2013-06-18,14.479999542236328,14.84000015258789,14.479999542236328,14.729999542236328,14.729999542236328,93900
2013-06-19,14.770000457763672,15.010000228881836,14.5600004196167,14.609999656677246,14.609999656677246,151900
2013-06-20,14.479999542236328,14.829999923706055,14.380000114440918,14.59000015258789,14.59000015258789,305700
2013-06-21,14.579999923706055,14.710000038146973,14.399999618530273,14.510000228881836,14.510000228881836,231100
2013-06-24,14.390000343322754,14.420000076293945,14.0600004196167,14.079999923706055,14.079999923706055,170600
2013-06-25,14.25,14.300000190734863,13.960000038146973,14.15999984741211,14.15999984741211,194800
2013-06-26,14.25,14.25,13.9399995803833,14.0,14.0,132600
2013-06-27,14.100000381469727,14.15999984741211,13.989999771118164,14.140000343322754,14.140000343322754,132800
2013-06-28,14.100000381469727,14.130000114440918,13.850000381469727,14.0,14.0,1005600
2013-07-01,14.0600004196167,14.359999656677246,13.9399995803833,14.149999618530273,14.149999618530273,125000
2013-07-02,14.149999618530273,14.199999809265137,13.890000343322754,14.130000114440918,14.130000114440918,263500
2013-07-03,14.010000228881836,14.1899995803833,14.010000228881836,14.149999618530273,14.149999618530273,59800
2013-07-05,14.359999656677246,14.529999732971191,14.3100004196167,14.420000076293945,14.420000076293945,111500
2013-07-08,14.460000038146973,14.520000457763672,14.25,14.300000190734863,14.300000190734863,92300
2013-07-09,14.380000114440918,14.449999809265137,14.279999732971191,14.329999923706055,14.329999923706055,120500
2013-07-10,14.300000190734863,14.470000267028809,14.25,14.4399995803833,14.4399995803833,185200
2013-07-11,14.640000343322754,14.680000305175781,14.390000343322754,14.579999923706055,14.579999923706055,222700
2013-07-12,14.520000457763672,14.6899995803833,14.5,14.510000228881836,14.510000228881836,207000
2013-07-15,14.510000228881836,14.59000015258789,14.399999618530273,14.520000457763672,14.520000457763672,282400
2013-07-16,14.539999961853027,14.569999694824219,14.4399995803833,14.470000267028809,14.470000267028809,155600
2013-07-17,14.569999694824219,14.579999923706055,14.380000114440918,14.430000305175781,14.430000305175781,171600
2013-07-18,14.460000038146973,14.739999771118164,14.289999961853027,14.5,14.5,226300
2013-07-19,14.470000267028809,14.6899995803833,14.4399995803833,14.449999809265137,14.449999809265137,304800
2013-07-22,14.520000457763672,15.149999618530273,14.449999809265137,14.760000228881836,14.760000228881836,227100
2013-07-23,14.880000114440918,14.880000114440918,14.529999732971191,14.550000190734863,14.550000190734863,207000
2013-07-24,14.65999984741211,14.670000076293945,14.449999809265137,14.529999732971191,14.529999732971191,143000
2013-07-25,14.569999694824219,14.84000015258789,14.369999885559082,14.770000457763672,14.770000457763672,119100
2013-07-26,14.649999618530273,14.899999618530273,14.649999618530273,14.770000457763672,14.770000457763672,158200
2013-07-29,14.699999809265137,14.75,14.40999984741211,14.5,14.5,213000
2013-07-30,14.600000381469727,14.729999542236328,14.569999694824219,14.649999618530273,14.649999618530273,101900
2013-07-31,14.649999618530273,14.979999542236328,14.649999618530273,14.8100004196167,14.8100004196167,219700
2013-08-01,15.020000457763672,15.079999923706055,14.800000190734863,14.930000305175781,14.930000305175781,182600
2013-08-02,14.850000381469727,14.890000343322754,14.630000114440918,14.710000038146973,14.710000038146973,81300
2013-08-05,14.649999618530273,15.0,14.649999618530273,14.890000343322754,14.890000343322754,55600
2013-08-06,14.8100004196167,15.15999984741211,14.75,14.75,14.75,48200
2013-08-07,14.609999656677246,14.710000038146973,14.449999809265137,14.699999809265137,14.699999809265137,112900
2013-08-08,14.819999694824219,14.9399995803833,14.75,14.800000190734863,14.800000190734863,51100
2013-08-09,14.739999771118164,14.84000015258789,14.640000343322754,14.699999809265137,14.699999809265137,42600
2013-08-12,14.520000457763672,15.029999732971191,14.5,14.949999809265137,14.949999809265137,114100
2013-08-13,16.110000610351562,16.5,15.260000228881836,15.380000114440918,15.380000114440918,364100
2013-08-14,15.390000343322754,15.899999618530273,15.350000381469727,15.529999732971191,15.529999732971191,170900
2013-08-15,15.319999694824219,15.329999923706055,15.0,15.0,15.0,136700
2013-08-16,14.9399995803833,15.34000015258789,14.890000343322754,15.170000076293945,15.170000076293945,138800
2013-08-19,15.199999809265137,15.270000457763672,15.100000381469727,15.15999984741211,15.15999984741211,105900
2013-08-20,15.170000076293945,15.229999542236328,15.119999885559082,15.149999618530273,15.149999618530273,113500
2013-08-21,15.130000114440918,15.1899995803833,14.979999542236328,15.100000381469727,15.100000381469727,151500
2013-08-22,15.100000381469727,15.3100004196167,15.100000381469727,15.260000228881836,15.260000228881836,91600
2013-08-23,15.25,15.300000190734863,15.180000305175781,15.25,15.25,71200
2013-08-26,15.25,15.40999984741211,15.210000038146973,15.350000381469727,15.350000381469727,137500
2013-08-27,15.319999694824219,15.319999694824219,15.079999923706055,15.109999656677246,15.109999656677246,285300
2013-08-28,15.149999618530273,15.170000076293945,14.6899995803833,14.6899995803833,14.6899995803833,122300
2013-08-29,14.710000038146973,15.069999694824219,14.600000381469727,14.640000343322754,14.640000343322754,167100
2013-08-30,14.600000381469727,14.699999809265137,13.800000190734863,13.960000038146973,13.960000038146973,334800
2013-09-03,14.130000114440918,14.229999542236328,13.65999984741211,13.890000343322754,13.890000343322754,320300
2013-09-04,13.9399995803833,14.149999618530273,13.850000381469727,14.069999694824219,14.069999694824219,226700
2013-09-05,14.130000114440918,14.25,13.899999618530273,14.180000305175781,14.180000305175781,182500
2013-09-06,14.350000381469727,14.399999618530273,14.050000190734863,14.239999771118164,14.239999771118164,160000
2013-09-09,14.3100004196167,14.670000076293945,14.210000038146973,14.65999984741211,14.65999984741211,173200
2013-09-10,14.720000267028809,15.09000015258789,14.710000038146973,14.899999618530273,14.899999618530273,196100
2013-09-11,14.850000381469727,15.010000228881836,14.699999809265137,14.859999656677246,14.859999656677246,147100
2013-09-12,14.84000015258789,15.010000228881836,14.789999961853027,14.899999618530273,14.899999618530273,91400
2013-09-13,14.970000267028809,14.979999542236328,14.520000457763672,14.609999656677246,14.609999656677246,113900
2013-09-16,14.729999542236328,14.729999542236328,14.520000457763672,14.630000114440918,14.630000114440918,107200
2013-09-17,14.609999656677246,14.630000114440918,14.220000267028809,14.489999771118164,14.489999771118164,212600
2013-09-18,14.5,14.699999809265137,14.430000305175781,14.569999694824219,14.569999694824219,142900
2013-09-19,14.569999694824219,14.569999694824219,14.140000343322754,14.300000190734863,14.300000190734863,306600
2013-09-20,14.300000190734863,14.319999694824219,14.140000343322754,14.170000076293945,14.170000076293945,208300
2013-09-23,14.199999809265137,14.970000267028809,14.1899995803833,14.859999656677246,14.859999656677246,115400
2013-09-24,14.829999923706055,14.930000305175781,14.5,14.699999809265137,14.699999809265137,113200
2013-09-25,14.699999809265137,15.020000457763672,14.5,14.789999961853027,14.789999961853027,128100
2013-09-26,16.350000381469727,16.989999771118164,16.020000457763672,16.329999923706055,16.329999923706055,634000
2013-09-27,16.280000686645508,16.6299991607666,16.040000915527344,16.059999465942383,16.059999465942383,181300
2013-09-30,16.0,16.950000762939453,15.899999618530273,16.84000015258789,16.84000015258789,201600
2013-10-01,16.860000610351562,17.25,16.479999542236328,16.979999542236328,16.979999542236328,167300
2013-10-02,16.8799991607666,17.020000457763672,16.579999923706055,16.899999618530273,16.899999618530273,181000
2013-10-03,16.81999969482422,16.93000030517578,16.5,16.780000686645508,16.780000686645508,104600
2013-10-04,16.739999771118164,17.020000457763672,16.670000076293945,16.969999313354492,16.969999313354492,140100
2013-10-07,16.850000381469727,16.979999542236328,16.709999084472656,16.760000228881836,16.760000228881836,98200
2013-10-08,16.829999923706055,16.8799991607666,16.0,16.399999618530273,16.399999618530273,191200
2013-10-09,16.520000457763672,16.600000381469727,16.200000762939453,16.360000610351562,16.360000610351562,99100
2013-10-10,16.530000686645508,16.760000228881836,16.520000457763672,16.540000915527344,16.540000915527344,78400
2013-10-11,16.440000534057617,16.700000762939453,16.200000762939453,16.25,16.25,133100
2013-10-14,16.190000534057617,16.510000228881836,16.030000686645508,16.489999771118164,16.489999771118164,145500
2013-10-15,16.420000076293945,16.489999771118164,16.25,16.260000228881836,16.260000228881836,137900
2013-10-16,16.389999389648438,16.780000686645508,16.329999923706055,16.68000030517578,16.68000030517578,57600
2013-10-17,16.6200008392334,16.670000076293945,16.020000457763672,16.1299991607666,16.1299991607666,209700
2013-10-18,16.31999969482422,16.84000015258789,16.260000228881836,16.81999969482422,16.81999969482422,128500
2013-10-21,16.850000381469727,17.100000381469727,16.81999969482422,16.989999771118164,16.989999771118164,242100
2013-10-22,17.0,17.5,16.799999237060547,17.350000381469727,17.350000381469727,223100
2013-10-23,17.360000610351562,17.360000610351562,17.0,17.020000457763672,17.020000457763672,93700
2013-10-24,17.0,17.15999984741211,16.760000228881836,17.059999465942383,17.059999465942383,84800
2013-10-25,17.170000076293945,17.170000076293945,16.790000915527344,17.06999969482422,17.06999969482422,60700
2013-10-28,17.049999237060547,17.079999923706055,16.829999923706055,17.059999465942383,17.059999465942383,94600
2013-10-29,17.079999923706055,17.18000030517578,16.719999313354492,16.84000015258789,16.84000015258789,130600
2013-10-30,16.899999618530273,16.940000534057617,16.450000762939453,16.450000762939453,16.450000762939453,72600
2013-10-31,16.399999618530273,16.90999984741211,16.3799991607666,16.739999771118164,16.739999771118164,114500
2013-11-01,16.700000762939453,16.81999969482422,16.520000457763672,16.719999313354492,16.719999313354492,140600
2013-11-04,16.729999542236328,17.200000762939453,16.59000015258789,17.1299991607666,17.1299991607666,221300
2013-11-05,19.0,19.780000686645508,18.530000686645508,19.020000457763672,19.020000457763672,837300
2013-11-06,19.200000762939453,19.809999465942383,18.809999465942383,19.0,19.0,254600
2013-11-07,18.969999313354492,19.25,18.530000686645508,18.739999771118164,18.739999771118164,398300
2013-11-08,18.6299991607666,18.979999542236328,18.600000381469727,18.950000762939453,18.950000762939453,178700
2013-11-11,18.850000381469727,19.110000610351562,18.709999084472656,19.049999237060547,19.049999237060547,193100
2013-11-12,18.950000762939453,19.25,18.889999389648438,19.18000030517578,19.18000030517578,163700
2013-11-13,19.020000457763672,19.399999618530273,18.770000457763672,19.309999465942383,19.309999465942383,120000
2013-11-14,19.229999542236328,20.100000381469727,18.950000762939453,19.969999313354492,19.969999313354492,231500
2013-11-15,19.920000076293945,20.31999969482422,19.5,19.600000381469727,19.600000381469727,211400
2013-11-18,19.75,20.579999923706055,19.75,20.18000030517578,20.18000030517578,163500
2013-11-19,20.1200008392334,20.399999618530273,19.5,19.549999237060547,19.549999237060547,117200
2013-11-20,19.639999389648438,19.829999923706055,19.190000534057617,19.540000915527344,19.540000915527344,89000
2013-11-21,19.6299991607666,20.06999969482422,19.520000457763672,19.600000381469727,19.600000381469727,258900
2013-11-22,19.65999984741211,19.65999984741211,19.350000381469727,19.559999465942383,19.559999465942383,119500
2013-11-25,19.440000534057617,19.540000915527344,19.399999618530273,19.479999542236328,19.479999542236328,103400
2013-11-26,19.389999389648438,19.989999771118164,19.290000915527344,19.809999465942383,19.809999465942383,106700
2013-11-27,19.729999542236328,19.93000030517578,19.559999465942383,19.84000015258789,19.84000015258789,56500
2013-11-29,19.860000610351562,19.889999389648438,19.729999542236328,19.799999237060547,19.799999237060547,29800
2013-12-02,20.200000762939453,20.459999084472656,19.799999237060547,20.09000015258789,20.09000015258789,118900
2013-12-03,20.0,20.110000610351562,19.229999542236328,19.610000610351562,19.610000610351562,105100
2013-12-04,19.59000015258789,20.079999923706055,19.59000015258789,19.649999618530273,19.649999618530273,110800
2013-12-05,19.59000015258789,19.889999389648438,19.540000915527344,19.59000015258789,19.59000015258789,48900
2013-12-06,19.889999389648438,19.989999771118164,19.540000915527344,19.68000030517578,19.68000030517578,100100
2013-12-09,19.559999465942383,19.639999389648438,19.360000610351562,19.520000457763672,19.520000457763672,96700
2013-12-10,19.450000762939453,19.700000762939453,19.299999237060547,19.3799991607666,19.3799991607666,67800
2013-12-11,19.520000457763672,19.790000915527344,19.200000762939453,19.309999465942383,19.309999465942383,102500
2013-12-12,19.229999542236328,19.350000381469727,18.790000915527344,19.309999465942383,19.309999465942383,162600
2013-12-13,19.350000381469727,19.479999542236328,19.100000381469727,19.280000686645508,19.280000686645508,216400
2013-12-16,19.280000686645508,19.450000762939453,19.190000534057617,19.389999389648438,19.389999389648438,89400
2013-12-17,19.440000534057617,19.559999465942383,19.260000228881836,19.530000686645508,19.530000686645508,50500
2013-12-18,19.799999237060547,19.8700008392334,19.239999771118164,19.75,19.75,120500
2013-12-19,19.790000915527344,19.790000915527344,19.280000686645508,19.360000610351562,19.360000610351562,94100
2013-12-20,19.350000381469727,19.969999313354492,18.899999618530273,19.93000030517578,19.93000030517578,200100
2013-12-23,20.049999237060547,20.1299991607666,19.770000457763672,20.020000457763672,20.020000457763672,71800
2013-12-24,20.100000381469727,20.739999771118164,20.020000457763672,20.649999618530273,20.649999618530273,58900
2013-12-26,20.709999084472656,20.93000030517578,20.06999969482422,20.31999969482422,20.31999969482422,91000
2013-12-27,20.40999984741211,20.479999542236328,20.200000762939453,20.350000381469727,20.350000381469727,40800
2013-12-30,20.280000686645508,20.389999389648438,20.170000076293945,20.239999771118164,20.239999771118164,45500
2013-12-31,20.229999542236328,20.780000686645508,19.520000457763672,20.559999465942383,20.559999465942383,143500
2014-01-02,20.540000915527344,20.579999923706055,19.65999984741211,19.68000030517578,19.68000030517578,158900
2014-01-03,19.780000686645508,19.8799991607666,19.5,19.549999237060547,19.549999237060547,130800
2014-01-06,19.549999237060547,19.549999237060547,18.969999313354492,19.0,19.0,210100
2014-01-07,19.1200008392334,19.15999984741211,18.760000228881836,18.8799991607666,18.8799991607666,217600
2014-01-08,18.920000076293945,18.969999313354492,18.559999465942383,18.709999084472656,18.709999084472656,175000
2014-01-09,18.829999923706055,18.889999389648438,18.350000381469727,18.450000762939453,18.450000762939453,129800
2014-01-10,18.5,18.5,18.100000381469727,18.170000076293945,18.170000076293945,177700
2014-01-13,18.170000076293945,18.299999237060547,17.6299991607666,17.690000534057617,17.690000534057617,149900
2014-01-14,17.770000457763672,18.229999542236328,17.770000457763672,18.010000228881836,18.010000228881836,109800
2014-01-15,18.0,18.299999237060547,17.850000381469727,18.100000381469727,18.100000381469727,133700
2014-01-16,18.149999618530273,18.219999313354492,17.950000762939453,18.0,18.0,178800
2014-01-17,18.0,18.290000915527344,17.959999084472656,18.219999313354492,18.219999313354492,92300
2014-01-21,18.420000076293945,19.25,18.420000076293945,18.920000076293945,18.920000076293945,191100
2014-01-22,18.989999771118164,19.200000762939453,18.860000610351562,19.110000610351562,19.110000610351562,125100
2014-01-23,19.100000381469727,19.15999984741211,18.670000076293945,18.690000534057617,18.690000534057617,153400
2014-01-24,18.639999389648438,18.639999389648438,17.860000610351562,18.1299991607666,18.1299991607666,108300
2014-01-27,18.06999969482422,18.1299991607666,17.709999084472656,17.989999771118164,17.989999771118164,144000
2014-01-28,18.049999237060547,18.540000915527344,18.0,18.520000457763672,18.520000457763672,154200
2014-01-29,18.420000076293945,18.649999618530273,18.139999389648438,18.260000228881836,18.260000228881836,135400
2014-01-30,18.469999313354492,18.920000076293945,18.280000686645508,18.559999465942383,18.559999465942383,120000
2014-01-31,18.350000381469727,18.719999313354492,18.31999969482422,18.469999313354492,18.469999313354492,143100
2014-02-03,18.459999084472656,18.719999313354492,18.06999969482422,18.420000076293945,18.420000076293945,357900
2014-02-04,17.5,17.549999237060547,16.559999465942383,17.0,17.0,635500
2014-02-05,17.0,17.1299991607666,16.780000686645508,16.90999984741211,16.90999984741211,217400
2014-02-06,16.90999984741211,17.309999465942383,16.90999984741211,17.280000686645508,17.280000686645508,176200
2014-02-07,17.31999969482422,17.520000457763672,17.06999969482422,17.399999618530273,17.399999618530273,163600
2014-02-10,17.469999313354492,17.469999313354492,17.1299991607666,17.18000030517578,17.18000030517578,130300
2014-02-11,17.190000534057617,17.920000076293945,17.149999618530273,17.860000610351562,17.860000610351562,187400
2014-02-12,17.850000381469727,18.0,17.719999313354492,17.969999313354492,17.969999313354492,129300
2014-02-13,17.760000228881836,18.40999984741211,17.760000228881836,18.260000228881836,18.260000228881836,182500
2014-02-14,18.290000915527344,18.799999237060547,18.040000915527344,18.739999771118164,18.739999771118164,138500
2014-02-18,18.739999771118164,18.8700008392334,18.56999969482422,18.75,18.75,112100
2014-02-19,18.75,18.940000534057617,18.579999923706055,18.700000762939453,18.700000762939453,125400
2014-02-20,18.760000228881836,18.81999969482422,18.649999618530273,18.770000457763672,18.770000457763672,165300
2014-02-21,18.799999237060547,19.040000915527344,18.709999084472656,19.010000228881836,19.010000228881836,158900
2014-02-24,18.989999771118164,19.149999618530273,18.770000457763672,18.84000015258789,18.84000015258789,80100
2014-02-25,18.829999923706055,19.0,18.770000457763672,18.790000915527344,18.790000915527344,130800
2014-02-26,18.790000915527344,19.34000015258789,18.729999542236328,18.979999542236328,18.979999542236328,102700
2014-02-27,18.8799991607666,19.020000457763672,18.75,18.969999313354492,18.969999313354492,151200
2014-02-28,18.969999313354492,19.600000381469727,18.899999618530273,19.420000076293945,19.420000076293945,178200
2014-03-03,19.31999969482422,19.649999618530273,19.079999923706055,19.540000915527344,19.540000915527344,141300
2014-03-04,19.700000762939453,20.540000915527344,19.700000762939453,20.489999771118164,20.489999771118164,283000
2014-03-05,20.40999984741211,20.450000762939453,20.25,20.350000381469727,20.350000381469727,85800
2014-03-06,20.34000015258789,20.649999618530273,20.100000381469727,20.170000076293945,20.170000076293945,140300
2014-03-07,20.350000381469727,20.360000610351562,20.010000228881836,20.219999313354492,20.219999313354492,70200
2014-03-10,20.18000030517578,20.219999313354492,19.540000915527344,20.010000228881836,20.010000228881836,61100
2014-03-11,20.09000015258789,20.149999618530273,19.18000030517578,19.3700008392334,19.3700008392334,171000
2014-03-12,19.299999237060547,19.829999923706055,19.280000686645508,19.790000915527344,19.790000915527344,99200
2014-03-13,19.8700008392334,19.8700008392334,19.059999465942383,19.239999771118164,19.239999771118164,119100
2014-03-14,19.190000534057617,19.860000610351562,18.809999465942383,19.700000762939453,19.700000762939453,107600
2014-03-17,19.829999923706055,20.15999984741211,19.700000762939453,19.889999389648438,19.889999389648438,88500
2014-03-18,19.959999084472656,20.290000915527344,19.770000457763672,19.829999923706055,19.829999923706055,98600
2014-03-19,19.75,20.100000381469727,19.6299991607666,20.100000381469727,20.100000381469727,84100
2014-03-20,20.1299991607666,20.709999084472656,20.040000915527344,20.6200008392334,20.6200008392334,136700
2014-03-21,20.690000534057617,21.0,20.229999542236328,20.239999771118164,20.239999771118164,260100
2014-03-24,20.350000381469727,20.420000076293945,19.670000076293945,20.079999923706055,20.079999923706055,84700
2014-03-25,20.229999542236328,20.43000030517578,19.809999465942383,19.950000762939453,19.950000762939453,59800
2014-03-26,20.1200008392334,20.1200008392334,19.6200008392334,19.639999389648438,19.639999389648438,128100
2014-03-27,20.3700008392334,20.899999618530273,20.3700008392334,20.5,20.5,626300
2014-03-28,20.5,20.579999923706055,20.309999465942383,20.3799991607666,20.3799991607666,374700
2014-03-31,20.5,20.860000610351562,20.43000030517578,20.770000457763672,20.770000457763672,356900
2014-04-01,20.739999771118164,20.8700008392334,20.3799991607666,20.489999771118164,20.489999771118164,3813700
2014-04-02,20.469999313354492,21.200000762939453,20.170000076293945,21.1200008392334,21.1200008392334,532500
2014-04-03,21.219999313354492,21.3700008392334,20.639999389648438,21.020000457763672,21.020000457763672,212800
2014-04-04,21.100000381469727,21.229999542236328,20.479999542236328,20.6299991607666,20.6299991607666,215800
2014-04-07,20.65999984741211,20.850000381469727,20.270000457763672,20.309999465942383,20.309999465942383,336200
2014-04-08,20.299999237060547,20.559999465942383,20.219999313354492,20.479999542236328,20.479999542236328,251200
2014-04-09,20.489999771118164,21.219999313354492,20.459999084472656,21.1299991607666,21.1299991607666,166700
2014-04-10,21.110000610351562,21.110000610351562,20.469999313354492,20.559999465942383,20.559999465942383,138600
2014-04-11,20.3700008392334,20.84000015258789,20.0,20.270000457763672,20.270000457763672,169600
2014-04-14,20.399999618530273,20.600000381469727,19.920000076293945,20.280000686645508,20.280000686645508,205000
2014-04-15,20.3799991607666,20.469999313354492,19.579999923706055,20.440000534057617,20.440000534057617,192700
2014-04-16,20.6200008392334,20.75,20.3799991607666,20.719999313354492,20.719999313354492,83300
2014-04-17,20.700000762939453,21.200000762939453,20.700000762939453,21.110000610351562,21.110000610351562,223700
2014-04-21,21.010000228881836,21.309999465942383,20.790000915527344,21.280000686645508,21.280000686645508,153800
2014-04-22,21.309999465942383,22.100000381469727,21.309999465942383,21.920000076293945,21.920000076293945,158600
2014-04-23,21.889999389648438,22.1200008392334,21.729999542236328,21.940000534057617,21.940000534057617,273100
2014-04-24,22.059999465942383,22.670000076293945,21.780000686645508,22.350000381469727,22.350000381469727,281900
2014-04-25,22.280000686645508,22.350000381469727,21.489999771118164,21.780000686645508,21.780000686645508,212700
2014-04-28,21.799999237060547,21.799999237060547,20.690000534057617,21.030000686645508,21.030000686645508,239400
2014-04-29,21.18000030517578,21.280000686645508,20.770000457763672,20.950000762939453,20.950000762939453,134900
2014-04-30,20.950000762939453,21.6299991607666,20.65999984741211,21.600000381469727,21.600000381469727,239800
2014-05-01,21.520000457763672,21.549999237060547,20.969999313354492,21.170000076293945,21.170000076293945,226500
2014-05-02,21.18000030517578,22.06999969482422,21.18000030517578,21.81999969482422,21.81999969482422,243500
2014-05-05,21.760000228881836,22.25,21.479999542236328,22.059999465942383,22.059999465942383,343300
2014-05-06,18.860000610351562,19.950000762939453,18.219999313354492,18.989999771118164,18.989999771118164,1368300
2014-05-07,19.059999465942383,19.059999465942383,18.3700008392334,18.81999969482422,18.81999969482422,782200
2014-05-08,18.75,19.329999923706055,18.6200008392334,18.700000762939453,18.700000762939453,334900
2014-05-09,18.639999389648438,19.06999969482422,18.540000915527344,19.020000457763672,19.020000457763672,218200
2014-05-12,19.1299991607666,19.8700008392334,19.1299991607666,19.700000762939453,19.700000762939453,174300
2014-05-13,19.700000762939453,19.889999389648438,19.5,19.510000228881836,19.510000228881836,175100
2014-05-14,19.5,19.600000381469727,18.780000686645508,18.81999969482422,18.81999969482422,212100
2014-05-15,18.809999465942383,19.450000762939453,18.729999542236328,19.31999969482422,19.31999969482422,359100
2014-05-16,19.270000457763672,19.5,19.049999237060547,19.440000534057617,19.440000534057617,149500
2014-05-19,19.40999984741211,19.799999237060547,19.389999389648438,19.56999969482422,19.56999969482422,124700
2014-05-20,19.479999542236328,19.579999923706055,19.1200008392334,19.219999313354492,19.219999313354492,164000
2014-05-21,19.25,19.770000457763672,19.1200008392334,19.59000015258789,19.59000015258789,176400
2014-05-22,19.670000076293945,19.760000228881836,19.489999771118164,19.559999465942383,19.559999465942383,111900
2014-05-23,19.6200008392334,19.889999389648438,19.549999237060547,19.850000381469727,19.850000381469727,74200
2014-05-27,19.899999618530273,20.0,19.719999313354492,19.899999618530273,19.899999618530273,116000
2014-05-28,19.950000762939453,19.950000762939453,19.559999465942383,19.56999969482422,19.56999969482422,123800
2014-05-29,18.079999923706055,18.8799991607666,18.010000228881836,18.6299991607666,18.6299991607666,2148600
2014-05-30,18.729999542236328,19.1299991607666,18.549999237060547,19.020000457763672,19.020000457763672,673800
2014-06-02,18.65999984741211,18.969999313354492,18.5,18.940000534057617,18.940000534057617,459400
2014-06-03,18.809999465942383,18.93000030517578,18.559999465942383,18.860000610351562,18.860000610351562,348500
2014-06-04,18.75,18.920000076293945,18.68000030517578,18.8700008392334,18.8700008392334,452600
2014-06-05,18.920000076293945,19.56999969482422,18.8700008392334,19.329999923706055,19.329999923706055,459400
2014-06-06,19.399999618530273,19.709999084472656,19.34000015258789,19.520000457763672,19.520000457763672,721600
2014-06-09,19.510000228881836,20.1299991607666,19.43000030517578,20.030000686645508,20.030000686645508,216700
2014-06-10,19.950000762939453,20.600000381469727,19.81999969482422,20.540000915527344,20.540000915527344,283500
2014-06-11,20.3700008392334,20.84000015258789,20.229999542236328,20.700000762939453,20.700000762939453,263900
2014-06-12,20.6200008392334,20.84000015258789,20.450000762939453,20.489999771118164,20.489999771118164,291300
2014-06-13,20.399999618530273,20.399999618530273,20.1299991607666,20.200000762939453,20.200000762939453,192800
2014-06-16,20.219999313354492,20.399999618530273,20.15999984741211,20.25,20.25,202400
2014-06-17,20.209999084472656,20.489999771118164,20.18000030517578,20.31999969482422,20.31999969482422,243500
2014-06-18,20.3799991607666,20.459999084472656,20.09000015258789,20.34000015258789,20.34000015258789,269700
2014-06-19,20.459999084472656,20.459999084472656,19.969999313354492,20.079999923706055,20.079999923706055,211100
2014-06-20,20.049999237060547,20.5,20.010000228881836,20.469999313354492,20.469999313354492,274000
2014-06-23,20.489999771118164,20.719999313354492,20.3700008392334,20.399999618530273,20.399999618530273,196500
2014-06-24,20.200000762939453,20.850000381469727,20.200000762939453,20.459999084472656,20.459999084472656,171100
2014-06-25,20.329999923706055,20.90999984741211,20.329999923706055,20.75,20.75,211200
2014-06-26,20.829999923706055,20.93000030517578,20.649999618530273,20.770000457763672,20.770000457763672,160300
2014-06-27,20.610000610351562,20.979999542236328,20.479999542236328,20.559999465942383,20.559999465942383,764400
2014-06-30,20.579999923706055,20.959999084472656,20.399999618530273,20.600000381469727,20.600000381469727,344800
2014-07-01,20.440000534057617,21.170000076293945,20.440000534057617,20.84000015258789,20.84000015258789,330500
2014-07-02,20.760000228881836,21.0,20.559999465942383,20.59000015258789,20.59000015258789,235900
2014-07-03,20.6200008392334,21.139999389648438,20.59000015258789,20.59000015258789,20.59000015258789,194600
2014-07-07,20.610000610351562,20.84000015258789,20.520000457763672,20.65999984741211,20.65999984741211,163500
2014-07-08,20.56999969482422,20.6200008392334,20.31999969482422,20.520000457763672,20.520000457763672,525300
2014-07-09,20.530000686645508,20.850000381469727,20.420000076293945,20.469999313354492,20.469999313354492,162000
2014-07-10,20.0,20.149999618530273,19.65999984741211,19.68000030517578,19.68000030517578,218900
2014-07-11,19.700000762939453,19.799999237060547,19.65999984741211,19.690000534057617,19.690000534057617,148900
2014-07-14,19.850000381469727,20.020000457763672,19.770000457763672,19.809999465942383,19.809999465942383,114400
2014-07-15,19.850000381469727,19.90999984741211,19.459999084472656,19.549999237060547,19.549999237060547,101100
2014-07-16,19.610000610351562,19.690000534057617,19.329999923706055,19.489999771118164,19.489999771118164,129600
2014-07-17,19.420000076293945,19.969999313354492,19.1200008392334,19.170000076293945,19.170000076293945,360600
2014-07-18,19.139999389648438,19.959999084472656,19.139999389648438,19.93000030517578,19.93000030517578,185300
2014-07-21,19.719999313354492,19.93000030517578,19.489999771118164,19.690000534057617,19.690000534057617,111400
2014-07-22,19.770000457763672,20.1299991607666,19.770000457763672,20.020000457763672,20.020000457763672,61500
2014-07-23,20.010000228881836,20.030000686645508,19.469999313354492,19.530000686645508,19.530000686645508,76500
2014-07-24,19.649999618530273,19.889999389648438,19.360000610351562,19.389999389648438,19.389999389648438,100100
2014-07-25,19.200000762939453,19.559999465942383,18.8700008392334,19.280000686645508,19.280000686645508,181800
2014-07-28,19.280000686645508,19.43000030517578,18.8700008392334,19.040000915527344,19.040000915527344,77100
2014-07-29,19.139999389648438,19.280000686645508,18.799999237060547,18.84000015258789,18.84000015258789,74200
2014-07-30,19.0,19.110000610351562,18.850000381469727,18.940000534057617,18.940000534057617,71100
2014-07-31,18.719999313354492,18.860000610351562,18.280000686645508,18.600000381469727,18.600000381469727,156700
2014-08-01,18.43000030517578,19.010000228881836,18.25,18.700000762939453,18.700000762939453,188600
2014-08-04,18.850000381469727,18.959999084472656,18.540000915527344,18.709999084472656,18.709999084472656,103300
2014-08-05,18.65999984741211,18.90999984741211,18.5,18.639999389648438,18.639999389648438,75500
2014-08-06,18.600000381469727,19.399999618530273,18.600000381469727,19.25,19.25,155500
2014-08-07,19.260000228881836,19.43000030517578,18.829999923706055,18.940000534057617,18.940000534057617,65000
2014-08-08,18.93000030517578,19.350000381469727,18.899999618530273,19.299999237060547,19.299999237060547,71600
2014-08-11,19.309999465942383,19.690000534057617,19.309999465942383,19.399999618530273,19.399999618530273,82000
2014-08-12,19.309999465942383,19.450000762939453,19.059999465942383,19.15999984741211,19.15999984741211,101700
2014-08-13,19.299999237060547,19.299999237060547,18.329999923706055,18.399999618530273,18.399999618530273,270900
2014-08-14,17.770000457763672,17.770000457763672,16.93000030517578,17.06999969482422,17.06999969482422,399700
2014-08-15,17.290000915527344,17.770000457763672,17.170000076293945,17.75,17.75,320900
2014-08-18,14.3100004196167,15.100000381469727,13.569999694824219,14.529999732971191,14.529999732971191,1002200
2014-08-19,14.579999923706055,15.239999771118164,14.579999923706055,14.8100004196167,14.8100004196167,683100
2014-08-20,14.779999732971191,15.050000190734863,14.75,14.90999984741211,14.90999984741211,250800
2014-08-21,14.920000076293945,15.0,14.850000381469727,15.0,15.0,222300
2014-08-22,14.989999771118164,15.699999809265137,14.869999885559082,15.699999809265137,15.699999809265137,357100
2014-08-25,15.890000343322754,16.489999771118164,15.84000015258789,16.25,16.25,413200
2014-08-26,16.239999771118164,16.549999237060547,16.059999465942383,16.5,16.5,305200
2014-08-27,16.489999771118164,16.639999389648438,16.200000762939453,16.299999237060547,16.299999237060547,206500
2014-08-28,16.239999771118164,16.290000915527344,16.0,16.030000686645508,16.030000686645508,170200
2014-08-29,16.049999237060547,16.280000686645508,15.84000015258789,16.190000534057617,16.190000534057617,116100
2014-09-02,16.0,16.139999389648438,15.90999984741211,16.0,16.0,226800
2014-09-03,16.059999465942383,16.170000076293945,15.710000038146973,15.920000076293945,15.920000076293945,212100
2014-09-04,15.869999885559082,16.420000076293945,15.8100004196167,15.9399995803833,15.9399995803833,221300
2014-09-05,15.859999656677246,15.949999809265137,15.65999984741211,15.859999656677246,15.859999656677246,141600
2014-09-08,15.800000190734863,15.920000076293945,15.710000038146973,15.779999732971191,15.779999732971191,152700
2014-09-09,15.800000190734863,15.800000190734863,15.390000343322754,15.420000076293945,15.420000076293945,226500
2014-09-10,15.369999885559082,15.5600004196167,15.140000343322754,15.479999542236328,15.479999542236328,156800
2014-09-11,15.34000015258789,15.640000343322754,15.170000076293945,15.25,15.25,361000
2014-09-12,15.25,15.380000114440918,15.140000343322754,15.270000457763672,15.270000457763672,223500
2014-09-15,15.289999961853027,15.5600004196167,15.050000190734863,15.180000305175781,15.180000305175781,263600
2014-09-16,15.15999984741211,15.3100004196167,15.0,15.210000038146973,15.210000038146973,274100
2014-09-17,15.199999809265137,15.390000343322754,15.199999809265137,15.350000381469727,15.350000381469727,339400
2014-09-18,15.359999656677246,15.619999885559082,15.359999656677246,15.529999732971191,15.529999732971191,292100
2014-09-19,15.550000190734863,15.670000076293945,15.0600004196167,15.220000267028809,15.220000267028809,319300
2014-09-22,15.199999809265137,15.220000267028809,14.800000190734863,14.829999923706055,14.829999923706055,203700
2014-09-23,14.819999694824219,14.949999809265137,14.520000457763672,14.6899995803833,14.6899995803833,137000
2014-09-24,14.760000228881836,14.800000190734863,14.300000190734863,14.59000015258789,14.59000015258789,210600
2014-09-25,14.579999923706055,14.640000343322754,14.109999656677246,14.380000114440918,14.380000114440918,201400
2014-09-26,14.34000015258789,14.9399995803833,14.34000015258789,14.9399995803833,14.9399995803833,184300
2014-09-29,14.710000038146973,14.899999618530273,14.699999809265137,14.75,14.75,256700
2014-09-30,14.75,14.859999656677246,14.460000038146973,14.600000381469727,14.600000381469727,301200
2014-10-01,14.619999885559082,14.850000381469727,14.539999961853027,14.550000190734863,14.550000190734863,237300
2014-10-02,14.539999961853027,14.930000305175781,14.539999961853027,14.8100004196167,14.8100004196167,203200
2014-10-03,14.880000114440918,15.350000381469727,14.850000381469727,15.050000190734863,15.050000190734863,148800
2014-10-06,15.0600004196167,15.270000457763672,14.970000267028809,15.199999809265137,15.199999809265137,132800
2014-10-07,15.069999694824219,15.079999923706055,14.649999618530273,14.699999809265137,14.699999809265137,241500
2014-10-08,14.6899995803833,14.720000267028809,14.479999542236328,14.609999656677246,14.609999656677246,248600
2014-10-09,14.59000015258789,14.649999618530273,14.329999923706055,14.470000267028809,14.470000267028809,186600
2014-10-10,14.399999618530273,14.59000015258789,14.100000381469727,14.130000114440918,14.130000114440918,265700
2014-10-13,14.199999809265137,14.680000305175781,14.09000015258789,14.3100004196167,14.3100004196167,271200
2014-10-14,14.350000381469727,14.850000381469727,14.350000381469727,14.5600004196167,14.5600004196167,146400
2014-10-15,14.270000457763672,15.0,14.140000343322754,14.760000228881836,14.760000228881836,166200
2014-10-16,14.640000343322754,15.109999656677246,14.260000228881836,14.850000381469727,14.850000381469727,211900
2014-10-17,17.399999618530273,17.950000762939453,15.75,16.110000610351562,16.110000610351562,993500
2014-10-20,16.0,16.190000534057617,15.770000457763672,16.030000686645508,16.030000686645508,313000
2014-10-21,16.170000076293945,16.739999771118164,16.059999465942383,16.600000381469727,16.600000381469727,145000
2014-10-22,16.610000610351562,16.690000534057617,16.309999465942383,16.31999969482422,16.31999969482422,144600
2014-10-23,16.510000228881836,16.950000762939453,16.489999771118164,16.75,16.75,137100
2014-10-24,16.829999923706055,16.920000076293945,16.549999237060547,16.729999542236328,16.729999542236328,155800
2014-10-27,16.729999542236328,16.809999465942383,16.299999237060547,16.59000015258789,16.59000015258789,92900
2014-10-28,16.579999923706055,17.139999389648438,16.530000686645508,17.110000610351562,17.110000610351562,226800
2014-10-29,17.190000534057617,17.309999465942383,16.8700008392334,16.969999313354492,16.969999313354492,166300
2014-10-30,17.020000457763672,17.540000915527344,16.8799991607666,17.459999084472656,17.459999084472656,205300
2014-10-31,17.8799991607666,18.489999771118164,17.700000762939453,18.209999084472656,18.209999084472656,301200
2014-11-03,18.0,18.5,17.959999084472656,18.260000228881836,18.260000228881836,267800
2014-11-04,17.690000534057617,18.229999542236328,17.389999389648438,17.520000457763672,17.520000457763672,245200
2014-11-05,17.579999923706055,17.690000534057617,17.299999237060547,17.450000762939453,17.450000762939453,124200
2014-11-06,17.469999313354492,17.579999923706055,17.329999923706055,17.520000457763672,17.520000457763672,102900
2014-11-07,17.530000686645508,17.530000686645508,17.25,17.40999984741211,17.40999984741211,66400
2014-11-10,17.270000457763672,17.950000762939453,17.209999084472656,17.729999542236328,17.729999542236328,116100
2014-11-11,17.770000457763672,17.860000610351562,17.520000457763672,17.68000030517578,17.68000030517578,84600
2014-11-12,17.6299991607666,18.010000228881836,17.389999389648438,17.969999313354492,17.969999313354492,110100
2014-11-13,17.829999923706055,17.959999084472656,17.450000762939453,17.5,17.5,92200
2014-11-14,17.56999969482422,17.950000762939453,17.40999984741211,17.809999465942383,17.809999465942383,89400
2014-11-17,17.84000015258789,17.84000015258789,16.719999313354492,16.829999923706055,16.829999923706055,250100
2014-11-18,16.829999923706055,17.190000534057617,16.780000686645508,16.799999237060547,16.799999237060547,127200
2014-11-19,16.950000762939453,17.049999237060547,16.34000015258789,16.610000610351562,16.610000610351562,202500
2014-11-20,16.479999542236328,17.059999465942383,16.479999542236328,17.010000228881836,17.010000228881836,81100
2014-11-21,17.280000686645508,17.31999969482422,16.940000534057617,16.989999771118164,16.989999771118164,95200
2014-11-24,17.06999969482422,17.299999237060547,16.989999771118164,17.25,17.25,94200
2014-11-25,17.229999542236328,17.450000762939453,17.049999237060547,17.15999984741211,17.15999984741211,115600
2014-11-26,17.1200008392334,17.1200008392334,16.729999542236328,17.0,17.0,131800
2014-11-28,16.920000076293945,16.969999313354492,16.579999923706055,16.770000457763672,16.770000457763672,119500
2014-12-01,16.5,16.59000015258789,16.149999618530273,16.360000610351562,16.360000610351562,183200
2014-12-02,16.450000762939453,16.969999313354492,16.450000762939453,16.75,16.75,110000
2014-12-03,16.81999969482422,17.489999771118164,16.510000228881836,17.360000610351562,17.360000610351562,150300
2014-12-04,17.350000381469727,17.43000030517578,16.93000030517578,17.25,17.25,115000
2014-12-05,17.219999313354492,17.920000076293945,17.219999313354492,17.860000610351562,17.860000610351562,133900
2014-12-08,17.729999542236328,17.860000610351562,17.260000228881836,17.3799991607666,17.3799991607666,92400
2014-12-09,17.239999771118164,17.420000076293945,16.93000030517578,17.299999237060547,17.299999237060547,307200
2014-12-10,17.280000686645508,17.309999465942383,16.579999923706055,16.600000381469727,16.600000381469727,159000
2014-12-11,16.75,17.0,16.290000915527344,16.3700008392334,16.3700008392334,284400
2014-12-12,16.149999618530273,16.3799991607666,15.9399995803833,15.949999809265137,15.949999809265137,240000
2014-12-15,16.040000915527344,16.209999084472656,15.75,15.760000228881836,15.760000228881836,212900
2014-12-16,15.779999732971191,16.290000915527344,15.619999885559082,15.970000267028809,15.970000267028809,267500
2014-12-17,16.049999237060547,16.670000076293945,15.880000114440918,16.600000381469727,16.600000381469727,146400
2014-12-18,16.899999618530273,17.110000610351562,16.530000686645508,17.020000457763672,17.020000457763672,110800
2014-12-19,17.020000457763672,17.459999084472656,16.850000381469727,17.399999618530273,17.399999618530273,380300
2014-12-22,17.469999313354492,17.56999969482422,17.299999237060547,17.540000915527344,17.540000915527344,107600
2014-12-23,17.739999771118164,18.030000686645508,17.600000381469727,17.68000030517578,17.68000030517578,96500
2014-12-24,17.780000686645508,17.829999923706055,17.43000030517578,17.510000228881836,17.510000228881836,45300
2014-12-26,17.610000610351562,17.649999618530273,17.350000381469727,17.600000381469727,17.600000381469727,36900
2014-12-29,17.6299991607666,17.649999618530273,17.100000381469727,17.350000381469727,17.350000381469727,108800
2014-12-30,17.350000381469727,17.6299991607666,17.15999984741211,17.56999969482422,17.56999969482422,50800
2014-12-31,17.600000381469727,17.989999771118164,17.5,17.739999771118164,17.739999771118164,146600
2015-01-02,17.719999313354492,17.719999313354492,16.25,17.219999313354492,17.219999313354492,228200
2015-01-05,17.139999389648438,17.719999313354492,17.010000228881836,17.34000015258789,17.34000015258789,143100
2015-01-06,17.440000534057617,17.440000534057617,16.690000534057617,16.809999465942383,16.809999465942383,120500
2015-01-07,16.969999313354492,16.979999542236328,16.610000610351562,16.770000457763672,16.770000457763672,89900
2015-01-08,16.940000534057617,17.469999313354492,16.8700008392334,17.270000457763672,17.270000457763672,253400
2015-01-09,17.239999771118164,17.31999969482422,16.940000534057617,17.020000457763672,17.020000457763672,70100
2015-01-12,16.989999771118164,17.110000610351562,16.719999313354492,16.889999389648438,16.889999389648438,128400
2015-01-13,17.110000610351562,17.610000610351562,16.559999465942383,16.799999237060547,16.799999237060547,124300
2015-01-14,16.639999389648438,17.059999465942383,16.229999542236328,16.68000030517578,16.68000030517578,97300
2015-01-15,16.770000457763672,16.770000457763672,16.049999237060547,16.170000076293945,16.170000076293945,88300
2015-01-16,16.079999923706055,17.149999618530273,16.079999923706055,17.1299991607666,17.1299991607666,154700
2015-01-20,17.09000015258789,17.219999313354492,16.780000686645508,16.979999542236328,16.979999542236328,125900
2015-01-21,17.020000457763672,17.15999984741211,16.610000610351562,16.81999969482422,16.81999969482422,134400
2015-01-22,16.899999618530273,16.899999618530273,16.600000381469727,16.729999542236328,16.729999542236328,129600
2015-01-23,16.770000457763672,16.770000457763672,16.209999084472656,16.350000381469727,16.350000381469727,145800
2015-01-26,16.31999969482422,16.59000015258789,16.040000915527344,16.3799991607666,16.3799991607666,210300
2015-01-27,16.190000534057617,16.360000610351562,16.010000228881836,16.09000015258789,16.09000015258789,66500
2015-01-28,16.25,16.5,16.149999618530273,16.25,16.25,143100
2015-01-29,16.239999771118164,16.709999084472656,15.960000038146973,16.5,16.5,270100
2015-01-30,16.239999771118164,16.530000686645508,16.239999771118164,16.329999923706055,16.329999923706055,185400
2015-02-02,16.200000762939453,16.719999313354492,15.680000305175781,16.459999084472656,16.459999084472656,322200
2015-02-03,17.84000015258789,17.84000015258789,16.760000228881836,16.829999923706055,16.829999923706055,421000
2015-02-04,16.790000915527344,16.959999084472656,16.020000457763672,16.190000534057617,16.190000534057617,279200
2015-02-05,16.200000762939453,16.510000228881836,16.1299991607666,16.149999618530273,16.149999618530273,183800
2015-02-06,16.100000381469727,16.75,16.100000381469727,16.690000534057617,16.690000534057617,202900
2015-02-09,16.649999618530273,16.8700008392334,16.510000228881836,16.709999084472656,16.709999084472656,126200
2015-02-10,16.860000610351562,16.899999618530273,16.610000610351562,16.860000610351562,16.860000610351562,116200
2015-02-11,16.850000381469727,17.0,16.649999618530273,16.959999084472656,16.959999084472656,80700
2015-02-12,17.100000381469727,17.100000381469727,16.899999618530273,16.920000076293945,16.920000076293945,143800
2015-02-13,16.8700008392334,17.0,16.760000228881836,16.940000534057617,16.940000534057617,159800
2015-02-17,16.959999084472656,17.049999237060547,16.75,16.889999389648438,16.889999389648438,142100
2015-02-18,16.809999465942383,17.040000915527344,16.75,16.829999923706055,16.829999923706055,89600
2015-02-19,16.84000015258789,17.0,16.709999084472656,16.889999389648438,16.889999389648438,82400
2015-02-20,16.93000030517578,16.979999542236328,16.65999984741211,16.920000076293945,16.920000076293945,74500
2015-02-23,16.920000076293945,16.979999542236328,16.709999084472656,16.93000030517578,16.93000030517578,157400
2015-02-24,16.899999618530273,17.479999542236328,16.799999237060547,17.479999542236328,17.479999542236328,262100
2015-02-25,17.469999313354492,17.780000686645508,17.34000015258789,17.780000686645508,17.780000686645508,90200
2015-02-26,17.81999969482422,17.989999771118164,17.760000228881836,17.950000762939453,17.950000762939453,89200
2015-02-27,17.8700008392334,18.079999923706055,17.8700008392334,17.950000762939453,17.950000762939453,122500
2015-03-02,17.700000762939453,18.09000015258789,17.170000076293945,17.979999542236328,17.979999542236328,214700
2015-03-03,17.979999542236328,18.100000381469727,17.709999084472656,17.8799991607666,17.8799991607666,159000
2015-03-04,17.84000015258789,18.1299991607666,17.729999542236328,18.06999969482422,18.06999969482422,104400
2015-03-05,18.1299991607666,18.229999542236328,17.989999771118164,18.219999313354492,18.219999313354492,64800
2015-03-06,18.18000030517578,18.34000015258789,17.65999984741211,17.709999084472656,17.709999084472656,129200
2015-03-09,17.729999542236328,18.389999389648438,17.59000015258789,18.309999465942383,18.309999465942383,112100
2015-03-10,18.18000030517578,18.200000762939453,17.780000686645508,17.989999771118164,17.989999771118164,67300
2015-03-11,18.079999923706055,18.31999969482422,17.860000610351562,18.1299991607666,18.1299991607666,101700
2015-03-12,18.209999084472656,18.459999084472656,17.84000015258789,18.3799991607666,18.3799991607666,120100
2015-03-13,18.450000762939453,18.799999237060547,18.3700008392334,18.719999313354492,18.719999313354492,111500
2015-03-16,18.739999771118164,18.8700008392334,18.649999618530273,18.790000915527344,18.790000915527344,148200
2015-03-17,18.760000228881836,19.049999237060547,18.579999923706055,18.959999084472656,18.959999084472656,204500
2015-03-18,18.93000030517578,19.09000015258789,18.600000381469727,19.040000915527344,19.040000915527344,95300
2015-03-19,18.989999771118164,19.079999923706055,18.889999389648438,19.030000686645508,19.030000686645508,182500
2015-03-20,19.149999618530273,19.610000610351562,18.920000076293945,19.489999771118164,19.489999771118164,259200
2015-03-23,19.5,19.969999313354492,19.389999389648438,19.639999389648438,19.639999389648438,160700
2015-03-24,19.489999771118164,19.5,18.950000762939453,19.200000762939453,19.200000762939453,226200
2015-03-25,19.280000686645508,19.329999923706055,18.540000915527344,18.579999923706055,18.579999923706055,182200
2015-03-26,18.610000610351562,18.610000610351562,18.309999465942383,18.489999771118164,18.489999771118164,131400
2015-03-27,18.450000762939453,18.59000015258789,18.350000381469727,18.510000228881836,18.510000228881836,214000
2015-03-30,18.65999984741211,19.09000015258789,18.6299991607666,18.899999618530273,18.899999618530273,144400
2015-03-31,18.84000015258789,19.040000915527344,18.6299991607666,18.989999771118164,18.989999771118164,105900
2015-04-01,18.889999389648438,19.219999313354492,18.780000686645508,19.18000030517578,19.18000030517578,113800
2015-04-02,19.079999923706055,19.229999542236328,18.440000534057617,18.920000076293945,18.920000076293945,250200
2015-04-06,18.8700008392334,19.139999389648438,18.700000762939453,19.139999389648438,19.139999389648438,177900
2015-04-07,19.15999984741211,19.239999771118164,19.1200008392334,19.200000762939453,19.200000762939453,86300
2015-04-08,19.200000762939453,19.25,19.09000015258789,19.18000030517578,19.18000030517578,173400
2015-04-09,19.229999542236328,19.329999923706055,18.81999969482422,18.969999313354492,18.969999313354492,40000
2015-04-10,19.06999969482422,19.170000076293945,18.889999389648438,19.0,19.0,44700
2015-04-13,19.020000457763672,19.040000915527344,18.709999084472656,18.729999542236328,18.729999542236328,73100
2015-04-14,18.850000381469727,18.93000030517578,18.649999618530273,18.799999237060547,18.799999237060547,81300
2015-04-15,18.799999237060547,18.899999618530273,18.770000457763672,18.81999969482422,18.81999969482422,90400
2015-04-16,18.799999237060547,18.860000610351562,18.610000610351562,18.68000030517578,18.68000030517578,55900
2015-04-17,18.40999984741211,18.540000915527344,18.059999465942383,18.190000534057617,18.190000534057617,91200
2015-04-20,18.25,18.969999313354492,17.950000762939453,18.639999389648438,18.639999389648438,94500
2015-04-21,18.790000915527344,18.790000915527344,18.59000015258789,18.68000030517578,18.68000030517578,40300
2015-04-22,18.68000030517578,18.760000228881836,18.440000534057617,18.6200008392334,18.6200008392334,28700
2015-04-23,18.530000686645508,18.860000610351562,18.399999618530273,18.84000015258789,18.84000015258789,41400
2015-04-24,18.8799991607666,19.100000381469727,18.780000686645508,18.81999969482422,18.81999969482422,115200
2015-04-27,18.829999923706055,19.149999618530273,18.579999923706055,18.719999313354492,18.719999313354492,55400
2015-04-28,18.920000076293945,19.25,18.90999984741211,19.15999984741211,19.15999984741211,116300
2015-04-29,19.079999923706055,19.239999771118164,18.6299991607666,18.649999618530273,18.649999618530273,102100
2015-04-30,18.5,18.510000228881836,17.950000762939453,18.110000610351562,18.110000610351562,138600
2015-05-01,18.229999542236328,18.43000030517578,17.979999542236328,18.299999237060547,18.299999237060547,86800
2015-05-04,18.43000030517578,18.8700008392334,18.3700008392334,18.68000030517578,18.68000030517578,184100
2015-05-05,19.31999969482422,19.510000228881836,18.0,18.56999969482422,18.56999969482422,336600
2015-05-06,18.6299991607666,18.729999542236328,18.3799991607666,18.65999984741211,18.65999984741211,215600
2015-05-07,18.600000381469727,18.93000030517578,18.600000381469727,18.739999771118164,18.739999771118164,142700
2015-05-08,19.020000457763672,19.020000457763672,18.479999542236328,18.549999237060547,18.549999237060547,88000
2015-05-11,18.479999542236328,18.59000015258789,18.329999923706055,18.40999984741211,18.40999984741211,201100
2015-05-12,18.389999389648438,18.6200008392334,17.860000610351562,18.56999969482422,18.56999969482422,103000
2015-05-13,18.59000015258789,18.729999542236328,18.350000381469727,18.40999984741211,18.40999984741211,83000
2015-05-14,18.459999084472656,18.700000762939453,18.40999984741211,18.549999237060547,18.549999237060547,127400
2015-05-15,18.5,18.68000030517578,18.200000762939453,18.280000686645508,18.280000686645508,76300
2015-05-18,18.100000381469727,18.700000762939453,18.079999923706055,18.600000381469727,18.600000381469727,74700
2015-05-19,18.59000015258789,18.600000381469727,18.209999084472656,18.25,18.25,50800
2015-05-20,18.290000915527344,18.34000015258789,18.1299991607666,18.229999542236328,18.229999542236328,57400
2015-05-21,18.420000076293945,18.950000762939453,18.190000534057617,18.940000534057617,18.940000534057617,140700
2015-05-22,18.850000381469727,18.90999984741211,18.65999984741211,18.68000030517578,18.68000030517578,111200
2015-05-26,18.579999923706055,18.579999923706055,18.06999969482422,18.31999969482422,18.31999969482422,80400
2015-05-27,18.329999923706055,18.420000076293945,18.18000030517578,18.299999237060547,18.299999237060547,58300
2015-05-28,18.280000686645508,18.469999313354492,18.139999389648438,18.200000762939453,18.200000762939453,50500
2015-05-29,18.139999389648438,18.290000915527344,17.93000030517578,18.18000030517578,18.18000030517578,69800
2015-06-01,18.290000915527344,18.389999389648438,17.8799991607666,18.309999465942383,18.309999465942383,50500
2015-06-02,18.200000762939453,18.5,18.100000381469727,18.280000686645508,18.280000686645508,88400
2015-06-03,18.299999237060547,18.780000686645508,18.290000915527344,18.690000534057617,18.690000534057617,72600
2015-06-04,18.700000762939453,18.780000686645508,18.34000015258789,18.65999984741211,18.65999984741211,115900
2015-06-05,18.600000381469727,18.860000610351562,18.219999313354492,18.81999969482422,18.81999969482422,94800
2015-06-08,18.760000228881836,18.899999618530273,18.729999542236328,18.84000015258789,18.84000015258789,83400
2015-06-09,18.84000015258789,18.979999542236328,18.649999618530273,18.84000015258789,18.84000015258789,129600
2015-06-10,19.0,19.350000381469727,18.969999313354492,19.190000534057617,19.190000534057617,207300
2015-06-11,19.329999923706055,19.6299991607666,19.299999237060547,19.479999542236328,19.479999542236328,111500
2015-06-12,19.469999313354492,19.489999771118164,19.329999923706055,19.440000534057617,19.440000534057617,60100
2015-06-15,19.200000762939453,19.450000762939453,18.979999542236328,19.3799991607666,19.3799991607666,97000
2015-06-16,19.329999923706055,19.739999771118164,19.239999771118164,19.5,19.5,146900
2015-06-17,19.59000015258789,19.59000015258789,19.100000381469727,19.209999084472656,19.209999084472656,113600
2015-06-18,19.260000228881836,19.489999771118164,18.950000762939453,19.399999618530273,19.399999618530273,119400
2015-06-19,19.450000762939453,20.020000457763672,19.440000534057617,19.979999542236328,19.979999542236328,252200
2015-06-22,20.049999237060547,20.479999542236328,20.049999237060547,20.479999542236328,20.479999542236328,225800
2015-06-23,20.549999237060547,20.719999313354492,20.020000457763672,20.68000030517578,20.68000030517578,154500
2015-06-24,20.469999313354492,20.469999313354492,19.649999618530273,19.81999969482422,19.81999969482422,265100
2015-06-25,19.950000762939453,20.040000915527344,19.739999771118164,19.969999313354492,19.969999313354492,152700
2015-06-26,20.079999923706055,20.1299991607666,19.700000762939453,19.860000610351562,19.860000610351562,355000
2015-06-29,19.6299991607666,19.799999237060547,19.0,19.030000686645508,19.030000686645508,353000
2015-06-30,19.270000457763672,19.270000457763672,18.719999313354492,18.729999542236328,18.729999542236328,206500
2015-07-01,18.959999084472656,19.100000381469727,18.56999969482422,18.75,18.75,136400
2015-07-02,18.68000030517578,18.75,18.3799991607666,18.5,18.5,94200
2015-07-06,18.239999771118164,18.770000457763672,18.229999542236328,18.729999542236328,18.729999542236328,240100
2015-07-07,18.81999969482422,18.81999969482422,18.200000762939453,18.68000030517578,18.68000030517578,169900
2015-07-08,18.459999084472656,18.65999984741211,17.959999084472656,18.239999771118164,18.239999771118164,154100
2015-07-09,18.5,18.5,17.809999465942383,17.8799991607666,17.8799991607666,130900
2015-07-10,18.360000610351562,18.920000076293945,18.290000915527344,18.520000457763672,18.520000457763672,208000
2015-07-13,18.610000610351562,18.8700008392334,18.549999237060547,18.770000457763672,18.770000457763672,176900
2015-07-14,18.799999237060547,18.989999771118164,18.6299991607666,18.790000915527344,18.790000915527344,112400
2015-07-15,18.84000015258789,18.8799991607666,18.479999542236328,18.639999389648438,18.639999389648438,138700
2015-07-16,18.81999969482422,18.899999618530273,18.610000610351562,18.809999465942383,18.809999465942383,97700
2015-07-17,18.799999237060547,18.860000610351562,18.389999389648438,18.520000457763672,18.520000457763672,110900
2015-07-20,18.520000457763672,18.549999237060547,18.059999465942383,18.239999771118164,18.239999771118164,83600
2015-07-21,18.229999542236328,18.610000610351562,18.059999465942383,18.1299991607666,18.1299991607666,140900
2015-07-22,18.059999465942383,18.139999389648438,17.850000381469727,18.100000381469727,18.100000381469727,123000
2015-07-23,18.209999084472656,18.399999618530273,18.100000381469727,18.209999084472656,18.209999084472656,104900
2015-07-24,18.15999984741211,18.3799991607666,18.09000015258789,18.18000030517578,18.18000030517578,145000
2015-07-27,18.010000228881836,18.18000030517578,17.739999771118164,18.030000686645508,18.030000686645508,115600
2015-07-28,18.049999237060547,18.1200008392334,17.709999084472656,17.989999771118164,17.989999771118164,123100
2015-07-29,17.969999313354492,18.600000381469727,17.950000762939453,18.540000915527344,18.540000915527344,111600
2015-07-30,18.420000076293945,18.530000686645508,18.25,18.489999771118164,18.489999771118164,89700
2015-07-31,18.489999771118164,18.829999923706055,18.450000762939453,18.559999465942383,18.559999465942383,100000
2015-08-03,18.559999465942383,18.559999465942383,18.079999923706055,18.280000686645508,18.280000686645508,54500
2015-08-04,18.170000076293945,18.25,17.799999237060547,18.09000015258789,18.09000015258789,84500
2015-08-05,18.190000534057617,18.459999084472656,18.110000610351562,18.389999389648438,18.389999389648438,65100
2015-08-06,18.31999969482422,18.520000457763672,18.229999542236328,18.43000030517578,18.43000030517578,126400
2015-08-07,18.239999771118164,18.799999237060547,18.239999771118164,18.700000762939453,18.700000762939453,122000
2015-08-10,18.84000015258789,19.549999237060547,18.719999313354492,19.270000457763672,19.270000457763672,294800
2015-08-11,19.1299991607666,19.280000686645508,18.790000915527344,18.889999389648438,18.889999389648438,97000
2015-08-12,18.75,18.850000381469727,18.399999618530273,18.6299991607666,18.6299991607666,135300
2015-08-13,18.639999389648438,18.8799991607666,18.420000076293945,18.6200008392334,18.6200008392334,118500
2015-08-14,18.559999465942383,18.989999771118164,18.530000686645508,18.950000762939453,18.950000762939453,117200
2015-08-17,18.920000076293945,19.06999969482422,18.639999389648438,18.8700008392334,18.8700008392334,151800
2015-08-18,20.68000030517578,20.979999542236328,19.690000534057617,20.219999313354492,20.219999313354492,567700
2015-08-19,20.040000915527344,20.1200008392334,19.610000610351562,19.850000381469727,19.850000381469727,258200
2015-08-20,19.59000015258789,19.8700008392334,19.479999542236328,19.5,19.5,276200
2015-08-21,19.450000762939453,20.0,19.079999923706055,19.6299991607666,19.6299991607666,455100
2015-08-24,18.510000228881836,19.0,18.3799991607666,19.0,19.0,358400
2015-08-25,19.440000534057617,19.489999771118164,18.739999771118164,18.790000915527344,18.790000915527344,160000
2015-08-26,19.200000762939453,19.6299991607666,19.0,19.549999237060547,19.549999237060547,232300
2015-08-27,19.600000381469727,19.780000686645508,19.389999389648438,19.700000762939453,19.700000762939453,221300
2015-08-28,19.549999237060547,20.0,19.549999237060547,19.969999313354492,19.969999313354492,220700
2015-08-31,19.969999313354492,20.309999465942383,19.770000457763672,19.8799991607666,19.8799991607666,415100
2015-09-01,19.670000076293945,19.969999313354492,19.59000015258789,19.690000534057617,19.690000534057617,166000
2015-09-02,19.93000030517578,19.93000030517578,19.540000915527344,19.90999984741211,19.90999984741211,177100
2015-09-03,19.889999389648438,19.950000762939453,19.559999465942383,19.59000015258789,19.59000015258789,185800
2015-09-04,19.389999389648438,19.600000381469727,19.190000534057617,19.209999084472656,19.209999084472656,161600
2015-09-08,19.440000534057617,19.670000076293945,19.399999618530273,19.469999313354492,19.469999313354492,122700
2015-09-09,19.649999618530273,19.65999984741211,18.899999618530273,18.959999084472656,18.959999084472656,187000
2015-09-10,18.959999084472656,19.15999984741211,18.690000534057617,19.1299991607666,19.1299991607666,168900
2015-09-11,18.8799991607666,19.110000610351562,18.729999542236328,18.75,18.75,165800
2015-09-14,18.760000228881836,18.93000030517578,18.399999618530273,18.43000030517578,18.43000030517578,208200
2015-09-15,18.440000534057617,18.780000686645508,18.3799991607666,18.760000228881836,18.760000228881836,266200
2015-09-16,18.790000915527344,19.219999313354492,18.700000762939453,19.170000076293945,19.170000076293945,100700
2015-09-17,19.1299991607666,19.3700008392334,18.920000076293945,19.010000228881836,19.010000228881836,134100
2015-09-18,18.81999969482422,19.290000915527344,18.780000686645508,19.25,19.25,314000
2015-09-21,19.34000015258789,20.0,19.209999084472656,19.639999389648438,19.639999389648438,247900
2015-09-22,19.40999984741211,19.479999542236328,18.8700008392334,19.020000457763672,19.020000457763672,116100
2015-09-23,19.15999984741211,19.15999984741211,18.780000686645508,18.989999771118164,18.989999771118164,118300
2015-09-24,18.8700008392334,19.1200008392334,18.739999771118164,19.06999969482422,19.06999969482422,110800
2015-09-25,19.280000686645508,19.399999618530273,19.040000915527344,19.06999969482422,19.06999969482422,117600
2015-09-28,18.989999771118164,19.09000015258789,18.719999313354492,18.770000457763672,18.770000457763672,265500
2015-09-29,18.829999923706055,19.059999465942383,18.75,19.020000457763672,19.020000457763672,106300
2015-09-30,19.020000457763672,19.020000457763672,18.079999923706055,18.329999923706055,18.329999923706055,727400
2015-10-01,18.34000015258789,18.5,18.09000015258789,18.34000015258789,18.34000015258789,275900
2015-10-02,18.1299991607666,18.520000457763672,17.8799991607666,18.520000457763672,18.520000457763672,376100
2015-10-05,18.600000381469727,19.59000015258789,18.559999465942383,19.59000015258789,19.59000015258789,349800
2015-10-06,19.43000030517578,20.139999389648438,19.420000076293945,19.799999237060547,19.799999237060547,305100
2015-10-07,19.969999313354492,20.280000686645508,19.610000610351562,19.93000030517578,19.93000030517578,503100
2015-10-08,19.93000030517578,20.260000228881836,19.600000381469727,20.15999984741211,20.15999984741211,255100
2015-10-09,20.290000915527344,20.360000610351562,20.09000015258789,20.329999923706055,20.329999923706055,123000
2015-10-12,20.329999923706055,20.709999084472656,20.040000915527344,20.649999618530273,20.649999618530273,198400
2015-10-13,20.600000381469727,20.979999542236328,20.3700008392334,20.68000030517578,20.68000030517578,274800
2015-10-14,20.56999969482422,20.799999237060547,20.530000686645508,20.579999923706055,20.579999923706055,167900
2015-10-15,20.56999969482422,20.850000381469727,20.420000076293945,20.709999084472656,20.709999084472656,239500
2015-10-16,20.729999542236328,20.989999771118164,20.1299991607666,20.899999618530273,20.899999618530273,253200
2015-10-19,20.770000457763672,20.979999542236328,20.459999084472656,20.719999313354492,20.719999313354492,448500
2015-10-20,20.65999984741211,21.270000457763672,20.6200008392334,21.0,21.0,325900
2015-10-21,21.010000228881836,21.15999984741211,20.68000030517578,20.889999389648438,20.889999389648438,287700
2015-10-22,21.0,21.950000762939453,20.899999618530273,21.790000915527344,21.790000915527344,511400
2015-10-23,21.889999389648438,22.450000762939453,21.770000457763672,22.06999969482422,22.06999969482422,469200
2015-10-26,22.030000686645508,22.100000381469727,21.549999237060547,21.59000015258789,21.59000015258789,188400
2015-10-27,21.5,21.56999969482422,20.920000076293945,20.979999542236328,20.979999542236328,165000
2015-10-28,21.09000015258789,21.93000030517578,21.049999237060547,21.75,21.75,261100
2015-10-29,21.549999237060547,21.729999542236328,21.290000915527344,21.440000534057617,21.440000534057617,239700
2015-10-30,21.520000457763672,21.700000762939453,21.3700008392334,21.670000076293945,21.670000076293945,224100
2015-11-02,21.420000076293945,21.959999084472656,21.040000915527344,21.110000610351562,21.110000610351562,438500
2015-11-03,21.90999984741211,24.479999542236328,21.90999984741211,23.729999542236328,23.729999542236328,1055600
2015-11-04,23.8799991607666,23.8799991607666,22.579999923706055,22.959999084472656,22.959999084472656,403100
2015-11-05,22.920000076293945,23.100000381469727,22.600000381469727,23.0,23.0,333200
2015-11-06,22.889999389648438,23.3799991607666,22.770000457763672,22.989999771118164,22.989999771118164,593400
2015-11-09,23.040000915527344,23.079999923706055,22.520000457763672,22.6200008392334,22.6200008392334,266000
2015-11-10,22.510000228881836,22.639999389648438,22.15999984741211,22.549999237060547,22.549999237060547,415000
2015-11-11,22.649999618530273,23.290000915527344,22.56999969482422,23.06999969482422,23.06999969482422,346400
2015-11-12,22.8700008392334,23.43000030517578,22.860000610351562,23.260000228881836,23.260000228881836,272200
2015-11-13,23.030000686645508,23.270000457763672,22.920000076293945,23.260000228881836,23.260000228881836,290900
2015-11-16,23.25,23.450000762939453,23.09000015258789,23.329999923706055,23.329999923706055,224700
2015-11-17,23.329999923706055,23.399999618530273,22.690000534057617,22.690000534057617,22.690000534057617,167100
2015-11-18,22.68000030517578,22.989999771118164,22.299999237060547,22.940000534057617,22.940000534057617,304500
2015-11-19,23.010000228881836,23.200000762939453,22.84000015258789,23.110000610351562,23.110000610351562,224000
2015-11-20,23.139999389648438,23.899999618530273,23.06999969482422,23.649999618530273,23.649999618530273,234900
2015-11-23,23.700000762939453,23.850000381469727,23.510000228881836,23.6299991607666,23.6299991607666,134000
2015-11-24,23.459999084472656,23.6200008392334,23.190000534057617,23.420000076293945,23.420000076293945,138400
2015-11-25,23.3799991607666,23.59000015258789,23.31999969482422,23.450000762939453,23.450000762939453,110700
2015-11-27,23.209999084472656,23.610000610351562,23.15999984741211,23.469999313354492,23.469999313354492,70600
2015-11-30,23.549999237060547,24.030000686645508,23.469999313354492,23.93000030517578,23.93000030517578,306100
2015-12-01,23.709999084472656,24.0,23.40999984741211,23.760000228881836,23.760000228881836,249300
2015-12-02,23.790000915527344,23.860000610351562,23.350000381469727,23.399999618530273,23.399999618530273,105500
2015-12-03,23.440000534057617,23.670000076293945,23.059999465942383,23.18000030517578,23.18000030517578,160500
2015-12-04,23.170000076293945,23.84000015258789,23.149999618530273,23.760000228881836,23.760000228881836,270100
2015-12-07,23.75,23.889999389648438,23.139999389648438,23.200000762939453,23.200000762939453,286700
2015-12-08,22.969999313354492,23.020000457763672,22.709999084472656,22.739999771118164,22.739999771118164,241700
2015-12-09,22.65999984741211,22.760000228881836,22.06999969482422,22.270000457763672,22.270000457763672,217000
2015-12-10,22.030000686645508,22.280000686645508,21.760000228881836,22.020000457763672,22.020000457763672,292900
2015-12-11,21.809999465942383,22.549999237060547,21.809999465942383,22.059999465942383,22.059999465942383,365500
2015-12-14,22.059999465942383,22.229999542236328,21.510000228881836,21.6200008392334,21.6200008392334,213900
2015-12-15,21.780000686645508,21.969999313354492,21.43000030517578,21.850000381469727,21.850000381469727,189300
2015-12-16,22.280000686645508,23.139999389648438,22.25,23.010000228881836,23.010000228881836,334500
2015-12-17,23.229999542236328,23.350000381469727,23.1299991607666,23.25,23.25,255900
2015-12-18,23.209999084472656,23.459999084472656,22.56999969482422,23.260000228881836,23.260000228881836,955300
2015-12-21,23.239999771118164,23.440000534057617,22.799999237060547,23.139999389648438,23.139999389648438,278300
2015-12-22,23.200000762939453,23.90999984741211,23.100000381469727,23.899999618530273,23.899999618530273,269400
2015-12-23,24.0,24.399999618530273,23.940000534057617,24.3700008392334,24.3700008392334,183600
2015-12-24,24.299999237060547,24.530000686645508,24.049999237060547,24.049999237060547,24.049999237060547,47000
2015-12-28,24.020000457763672,24.1200008392334,23.469999313354492,23.829999923706055,23.829999923706055,162200
2015-12-29,24.020000457763672,24.34000015258789,23.8799991607666,24.190000534057617,24.190000534057617,206200
2015-12-30,24.190000534057617,24.309999465942383,23.989999771118164,24.1299991607666,24.1299991607666,148600
2015-12-31,24.149999618530273,24.25,23.799999237060547,23.81999969482422,23.81999969482422,212300
2016-01-04,23.600000381469727,23.84000015258789,23.0,23.670000076293945,23.670000076293945,425400
2016-01-05,23.770000457763672,23.979999542236328,23.600000381469727,23.950000762939453,23.950000762939453,207900
2016-01-06,23.600000381469727,23.899999618530273,23.239999771118164,23.260000228881836,23.260000228881836,325900
2016-01-07,22.8799991607666,23.670000076293945,22.739999771118164,23.549999237060547,23.549999237060547,402400
2016-01-08,23.639999389648438,23.639999389648438,23.09000015258789,23.270000457763672,23.270000457763672,305100
2016-01-11,23.360000610351562,23.450000762939453,22.989999771118164,23.229999542236328,23.229999542236328,198100
2016-01-12,23.459999084472656,23.459999084472656,22.8700008392334,23.290000915527344,23.290000915527344,257800
2016-01-13,23.290000915527344,23.90999984741211,22.239999771118164,22.3799991607666,22.3799991607666,213300
2016-01-14,22.40999984741211,22.670000076293945,22.1299991607666,22.190000534057617,22.190000534057617,177900
2016-01-15,21.729999542236328,22.15999984741211,21.6200008392334,22.09000015258789,22.09000015258789,242000
2016-01-19,22.239999771118164,22.329999923706055,21.520000457763672,21.799999237060547,21.799999237060547,221900
2016-01-20,21.510000228881836,22.190000534057617,21.290000915527344,22.079999923706055,22.079999923706055,271100
2016-01-21,22.209999084472656,22.649999618530273,21.8700008392334,22.299999237060547,22.299999237060547,240200
2016-01-22,22.520000457763672,23.149999618530273,22.329999923706055,23.1200008392334,23.1200008392334,229200
2016-01-25,22.989999771118164,23.25,22.670000076293945,22.81999969482422,22.81999969482422,380100
2016-01-26,22.959999084472656,23.540000915527344,22.850000381469727,23.520000457763672,23.520000457763672,213400
2016-01-27,23.489999771118164,23.520000457763672,23.0,23.200000762939453,23.200000762939453,416400
2016-01-28,23.34000015258789,23.360000610351562,22.649999618530273,22.719999313354492,22.719999313354492,287100
2016-01-29,22.90999984741211,24.90999984741211,22.739999771118164,24.90999984741211,24.90999984741211,654600
2016-02-01,24.65999984741211,25.34000015258789,23.979999542236328,25.09000015258789,25.09000015258789,480500
2016-02-02,28.200000762939453,29.239999771118164,27.34000015258789,28.020000457763672,28.020000457763672,2316700
2016-02-03,28.18000030517578,29.0,27.360000610351562,28.969999313354492,28.969999313354492,834000
2016-02-04,28.809999465942383,29.399999618530273,28.40999984741211,29.280000686645508,29.280000686645508,768200
2016-02-05,29.110000610351562,29.579999923706055,28.600000381469727,28.790000915527344,28.790000915527344,355500
2016-02-08,28.40999984741211,29.09000015258789,28.3799991607666,29.0,29.0,555800
2016-02-09,28.610000610351562,29.15999984741211,28.3799991607666,28.40999984741211,28.40999984741211,308800
2016-02-10,28.579999923706055,28.899999618530273,28.149999618530273,28.18000030517578,28.18000030517578,403200
2016-02-11,27.979999542236328,28.200000762939453,27.559999465942383,27.59000015258789,27.59000015258789,415500
2016-02-12,27.81999969482422,28.149999618530273,27.489999771118164,27.989999771118164,27.989999771118164,643700
2016-02-16,28.219999313354492,29.239999771118164,28.219999313354492,29.079999923706055,29.079999923706055,507300
2016-02-17,29.200000762939453,29.899999618530273,28.68000030517578,29.709999084472656,29.709999084472656,441600
2016-02-18,29.690000534057617,29.93000030517578,29.020000457763672,29.059999465942383,29.059999465942383,276800
2016-02-19,29.0,29.040000915527344,28.729999542236328,28.8799991607666,28.8799991607666,279900
2016-02-22,29.260000228881836,29.399999618530273,28.760000228881836,28.90999984741211,28.90999984741211,242300
2016-02-23,28.8700008392334,29.030000686645508,28.600000381469727,28.75,28.75,218300
2016-02-24,28.600000381469727,29.0,28.149999618530273,29.0,29.0,249500
2016-02-25,29.010000228881836,29.239999771118164,28.639999389648438,29.0,29.0,219200
2016-02-26,29.059999465942383,29.09000015258789,28.549999237060547,28.579999923706055,28.579999923706055,183100
2016-02-29,28.600000381469727,29.010000228881836,28.5,28.549999237060547,28.549999237060547,308100
2016-03-01,28.3799991607666,28.889999389648438,28.010000228881836,28.81999969482422,28.81999969482422,393700
2016-03-02,28.799999237060547,28.8799991607666,28.3799991607666,28.690000534057617,28.690000534057617,253900
2016-03-03,28.56999969482422,28.68000030517578,27.31999969482422,27.549999237060547,27.549999237060547,447500
2016-03-04,27.610000610351562,27.84000015258789,27.5,27.690000534057617,27.690000534057617,208400
2016-03-07,27.6200008392334,27.959999084472656,27.559999465942383,27.829999923706055,27.829999923706055,239800
2016-03-08,27.350000381469727,27.489999771118164,25.81999969482422,26.350000381469727,26.350000381469727,809500
2016-03-09,26.56999969482422,27.290000915527344,26.489999771118164,27.229999542236328,27.229999542236328,299200
2016-03-10,27.239999771118164,27.34000015258789,26.520000457763672,26.6299991607666,26.6299991607666,244500
2016-03-11,26.979999542236328,28.540000915527344,26.950000762939453,28.040000915527344,28.040000915527344,442600
2016-03-14,28.139999389648438,28.139999389648438,27.610000610351562,27.850000381469727,27.850000381469727,182500
2016-03-15,27.600000381469727,27.790000915527344,27.239999771118164,27.280000686645508,27.280000686645508,149400
2016-03-16,27.18000030517578,27.5,27.110000610351562,27.350000381469727,27.350000381469727,86500
2016-03-17,27.270000457763672,28.040000915527344,27.270000457763672,28.0,28.0,309500
2016-03-18,28.209999084472656,28.280000686645508,27.969999313354492,28.190000534057617,28.190000534057617,236800
2016-03-21,28.149999618530273,29.0,28.149999618530273,28.489999771118164,28.489999771118164,300000
2016-03-22,28.290000915527344,29.110000610351562,28.290000915527344,28.90999984741211,28.90999984741211,174500
2016-03-23,28.940000534057617,29.309999465942383,28.709999084472656,29.15999984741211,29.15999984741211,271100
2016-03-24,28.979999542236328,30.90999984741211,28.75,30.59000015258789,30.59000015258789,726900
2016-03-28,30.899999618530273,31.06999969482422,30.25,30.579999923706055,30.579999923706055,375500
2016-03-29,30.459999084472656,33.0,30.420000076293945,33.0,33.0,603000
2016-03-30,33.040000915527344,33.11000061035156,32.0,32.59000015258789,32.59000015258789,379200
2016-03-31,32.75,32.75,32.25,32.349998474121094,32.349998474121094,437500
2016-04-01,32.15999984741211,32.290000915527344,31.989999771118164,32.189998626708984,32.189998626708984,197900
2016-04-04,31.940000534057617,32.02000045776367,30.540000915527344,31.020000457763672,31.020000457763672,256800
2016-04-05,30.899999618530273,32.029998779296875,30.899999618530273,31.719999313354492,31.719999313354492,392900
2016-04-06,31.540000915527344,31.920000076293945,31.1200008392334,31.1299991607666,31.1299991607666,176400
2016-04-07,30.8700008392334,31.09000015258789,30.31999969482422,30.56999969482422,30.56999969482422,205300
2016-04-08,30.700000762939453,30.90999984741211,29.780000686645508,30.399999618530273,30.399999618530273,301900
2016-04-11,30.600000381469727,31.8700008392334,30.440000534057617,31.610000610351562,31.610000610351562,393500
2016-04-12,31.43000030517578,31.790000915527344,31.299999237060547,31.450000762939453,31.450000762939453,192800
2016-04-13,31.520000457763672,32.060001373291016,31.239999771118164,32.04999923706055,32.04999923706055,275100
2016-04-14,32.0099983215332,32.720001220703125,31.84000015258789,32.439998626708984,32.439998626708984,430900
2016-04-15,32.29999923706055,32.400001525878906,31.34000015258789,31.719999313354492,31.719999313354492,259800
2016-04-18,31.639999389648438,32.04999923706055,31.440000534057617,31.540000915527344,31.540000915527344,157100
2016-04-19,31.829999923706055,31.969999313354492,31.270000457763672,31.420000076293945,31.420000076293945,144300
2016-04-20,31.469999313354492,31.770000457763672,30.770000457763672,31.739999771118164,31.739999771118164,248300
2016-04-21,32.0099983215332,32.0099983215332,31.100000381469727,31.329999923706055,31.329999923706055,293500
2016-04-22,31.260000228881836,31.770000457763672,31.09000015258789,31.670000076293945,31.670000076293945,198300
2016-04-25,31.520000457763672,33.0099983215332,31.520000457763672,32.79999923706055,32.79999923706055,713600
2016-04-26,33.0,33.029998779296875,32.38999938964844,32.83000183105469,32.83000183105469,319600
2016-04-27,32.970001220703125,32.970001220703125,32.59000015258789,32.790000915527344,32.790000915527344,126900
2016-04-28,32.619998931884766,32.81999969482422,32.439998626708984,32.52000045776367,32.52000045776367,321700
2016-04-29,31.979999542236328,32.29999923706055,31.520000457763672,31.969999313354492,31.969999313354492,390900
2016-05-02,31.90999984741211,32.310001373291016,31.530000686645508,32.290000915527344,32.290000915527344,444700
2016-05-03,35.20000076293945,36.75,34.790000915527344,36.0099983215332,36.0099983215332,1380500
2016-05-04,35.90999984741211,36.130001068115234,34.959999084472656,35.34000015258789,35.34000015258789,409500
2016-05-05,35.40999984741211,35.40999984741211,34.61000061035156,34.63999938964844,34.63999938964844,211300
2016-05-06,34.52000045776367,34.97999954223633,34.18000030517578,34.4900016784668,34.4900016784668,340300
2016-05-09,34.619998931884766,34.619998931884766,34.060001373291016,34.150001525878906,34.150001525878906,306700
2016-05-10,34.16999816894531,34.849998474121094,33.880001068115234,34.18000030517578,34.18000030517578,289800
2016-05-11,34.18000030517578,34.779998779296875,33.90999984741211,34.34000015258789,34.34000015258789,221500
2016-05-12,34.47999954223633,35.02000045776367,33.86000061035156,34.15999984741211,34.15999984741211,212400
2016-05-13,34.150001525878906,34.47999954223633,33.7400016784668,33.83000183105469,33.83000183105469,180400
2016-05-16,33.91999816894531,34.31999969482422,33.540000915527344,34.029998779296875,34.029998779296875,234900
2016-05-17,33.81999969482422,34.11000061035156,33.060001373291016,33.20000076293945,33.20000076293945,254800
2016-05-18,33.150001525878906,33.91999816894531,31.59000015258789,33.65999984741211,33.65999984741211,192000
2016-05-19,33.54999923706055,33.63999938964844,32.040000915527344,32.08000183105469,32.08000183105469,626400
2016-05-20,32.06999969482422,32.77000045776367,31.84000015258789,32.439998626708984,32.439998626708984,564100
2016-05-23,32.619998931884766,32.68000030517578,32.279998779296875,32.65999984741211,32.65999984741211,196600
2016-05-24,32.720001220703125,33.81999969482422,32.720001220703125,33.43000030517578,33.43000030517578,545600
2016-05-25,33.54999923706055,34.459999084472656,33.529998779296875,33.90999984741211,33.90999984741211,347600
2016-05-26,34.2400016784668,35.41999816894531,33.95000076293945,35.220001220703125,35.220001220703125,600300
2016-05-27,35.52000045776367,35.54999923706055,34.70000076293945,34.779998779296875,34.779998779296875,337600
2016-05-31,35.02000045776367,35.540000915527344,34.619998931884766,35.5,35.5,525100
2016-06-01,35.84000015258789,36.7400016784668,35.7400016784668,36.5,36.5,483200
2016-06-02,36.790000915527344,37.25,35.720001220703125,36.15999984741211,36.15999984741211,595800
2016-06-03,36.04999923706055,36.86000061035156,35.7400016784668,36.84000015258789,36.84000015258789,435000
2016-06-06,36.849998474121094,37.06999969482422,36.66999816894531,36.959999084472656,36.959999084472656,348500
2016-06-07,37.0,38.060001373291016,36.84000015258789,37.849998474121094,37.849998474121094,561300
2016-06-08,37.79999923706055,39.04999923706055,37.70000076293945,38.68000030517578,38.68000030517578,496800
2016-06-09,38.540000915527344,38.66999816894531,37.720001220703125,37.88999938964844,37.88999938964844,296300
2016-06-10,37.40999984741211,37.41999816894531,36.54999923706055,36.56999969482422,36.56999969482422,243600
2016-06-13,36.58000183105469,36.65999984741211,35.58000183105469,35.7400016784668,35.7400016784668,251200
2016-06-14,36.4900016784668,36.54999923706055,35.90999984741211,36.16999816894531,36.16999816894531,343600
2016-06-15,36.47999954223633,36.68000030517578,36.13999938964844,36.38999938964844,36.38999938964844,166000
2016-06-16,36.290000915527344,36.56999969482422,35.9900016784668,36.54999923706055,36.54999923706055,151700
2016-06-17,36.75,36.91999816894531,35.81999969482422,36.779998779296875,36.779998779296875,621500
2016-06-20,37.119998931884766,38.369998931884766,36.72999954223633,37.869998931884766,37.869998931884766,491900
2016-06-21,37.88999938964844,37.88999938964844,36.97999954223633,37.22999954223633,37.22999954223633,248000
2016-06-22,37.18000030517578,37.2599983215332,36.27000045776367,36.369998931884766,36.369998931884766,291200
2016-06-23,36.72999954223633,36.91999816894531,36.38999938964844,36.709999084472656,36.709999084472656,271400
2016-06-24,35.83000183105469,35.88999938964844,34.790000915527344,34.970001220703125,34.970001220703125,1426400
2016-06-27,34.72999954223633,34.959999084472656,33.90999984741211,34.16999816894531,34.16999816894531,518800
2016-06-28,34.470001220703125,35.810001373291016,34.380001068115234,35.540000915527344,35.540000915527344,436900
2016-06-29,35.68000030517578,36.279998779296875,35.619998931884766,36.2400016784668,36.2400016784668,228600
2016-06-30,36.209999084472656,37.130001068115234,36.20000076293945,37.119998931884766,37.119998931884766,365200
2016-07-01,37.13999938964844,37.310001373291016,36.040000915527344,36.27000045776367,36.27000045776367,293500
2016-07-05,36.13999938964844,36.13999938964844,35.41999816894531,35.7400016784668,35.7400016784668,297900
2016-07-06,35.400001525878906,35.77000045776367,35.16999816894531,35.720001220703125,35.720001220703125,207300
2016-07-07,35.720001220703125,35.959999084472656,35.279998779296875,35.68000030517578,35.68000030517578,435900
2016-07-08,36.02000045776367,36.66999816894531,36.0099983215332,36.59000015258789,36.59000015258789,306200
2016-07-11,36.59000015258789,38.06999969482422,36.34000015258789,37.45000076293945,37.45000076293945,594900
2016-07-12,37.790000915527344,38.400001525878906,37.52000045776367,37.86000061035156,37.86000061035156,317300
2016-07-13,38.11000061035156,38.11000061035156,37.560001373291016,37.86000061035156,37.86000061035156,287000
2016-07-14,38.11000061035156,38.83000183105469,37.70000076293945,38.279998779296875,38.279998779296875,268200
2016-07-15,38.4900016784668,38.4900016784668,37.779998779296875,38.22999954223633,38.22999954223633,215800
2016-07-18,38.5099983215332,38.70000076293945,37.75,37.7599983215332,37.7599983215332,228600
2016-07-19,37.79999923706055,38.2400016784668,37.59000015258789,37.95000076293945,37.95000076293945,245900
2016-07-20,38.029998779296875,38.2599983215332,37.689998626708984,37.83000183105469,37.83000183105469,119900
2016-07-21,37.91999816894531,37.970001220703125,36.970001220703125,37.2599983215332,37.2599983215332,218100
2016-07-22,37.40999984741211,37.970001220703125,37.04999923706055,37.959999084472656,37.959999084472656,174600
2016-07-25,38.470001220703125,41.20000076293945,38.209999084472656,40.630001068115234,40.630001068115234,1241900
2016-07-26,40.650001525878906,41.09000015258789,39.88999938964844,40.040000915527344,40.040000915527344,524100
2016-07-27,40.25,40.45000076293945,39.849998474121094,40.29999923706055,40.29999923706055,273300
2016-07-28,38.20000076293945,38.20000076293945,36.380001068115234,37.06999969482422,37.06999969482422,1252400
2016-07-29,37.0,37.959999084472656,37.0,37.7599983215332,37.7599983215332,390000
2016-08-01,37.88999938964844,38.34000015258789,37.5099983215332,38.029998779296875,38.029998779296875,243500
2016-08-02,37.849998474121094,38.130001068115234,33.959999084472656,35.02000045776367,35.02000045776367,1338300
2016-08-03,35.650001525878906,36.779998779296875,35.369998931884766,36.22999954223633,36.22999954223633,785200
2016-08-04,36.2400016784668,36.630001068115234,36.09000015258789,36.15999984741211,36.15999984741211,482500
2016-08-05,36.209999084472656,36.959999084472656,36.150001525878906,36.959999084472656,36.959999084472656,355400
2016-08-08,36.91999816894531,37.11000061035156,36.54999923706055,36.77000045776367,36.77000045776367,186500
2016-08-09,36.81999969482422,38.529998779296875,36.81999969482422,37.75,37.75,353300
2016-08-10,38.099998474121094,38.61000061035156,37.779998779296875,38.380001068115234,38.380001068115234,285200
2016-08-11,38.45000076293945,38.689998626708984,38.09000015258789,38.09000015258789,38.09000015258789,242100
2016-08-12,38.439998626708984,41.400001525878906,38.20000076293945,40.59000015258789,40.59000015258789,1452500
2016-08-15,41.2599983215332,42.5099983215332,41.2599983215332,42.29999923706055,42.29999923706055,1978700
2016-08-16,44.959999084472656,45.0099983215332,38.290000915527344,39.790000915527344,39.790000915527344,3296900
2016-08-17,40.0,40.79999923706055,39.04999923706055,40.060001373291016,40.060001373291016,1089800
2016-08-18,40.0,40.880001068115234,39.540000915527344,40.47999954223633,40.47999954223633,719800
2016-08-19,40.22999954223633,40.75,39.599998474121094,39.9900016784668,39.9900016784668,354600
2016-08-22,39.790000915527344,40.220001220703125,39.650001525878906,39.95000076293945,39.95000076293945,420600
2016-08-23,39.95000076293945,40.599998474121094,39.7599983215332,39.97999954223633,39.97999954223633,337900
2016-08-24,39.849998474121094,39.91999816894531,39.150001525878906,39.279998779296875,39.279998779296875,447200
2016-08-25,39.11000061035156,39.650001525878906,38.869998931884766,39.29999923706055,39.29999923706055,349900
2016-08-26,39.5,39.59000015258789,38.72999954223633,39.06999969482422,39.06999969482422,268400
2016-08-29,39.0,39.560001373291016,38.939998626708984,39.33000183105469,39.33000183105469,263300
2016-08-30,39.529998779296875,39.970001220703125,39.09000015258789,39.279998779296875,39.279998779296875,398900
2016-08-31,39.20000076293945,39.369998931884766,38.599998474121094,38.81999969482422,38.81999969482422,407200
2016-09-01,38.83000183105469,39.290000915527344,38.70000076293945,39.22999954223633,39.22999954223633,394300
2016-09-02,39.439998626708984,40.540000915527344,39.31999969482422,40.47999954223633,40.47999954223633,416900
2016-09-06,40.7400016784668,40.9900016784668,40.040000915527344,40.4900016784668,40.4900016784668,360700
2016-09-07,40.75,42.45000076293945,40.560001373291016,42.41999816894531,42.41999816894531,977800
2016-09-08,42.380001068115234,42.380001068115234,41.38999938964844,42.04999923706055,42.04999923706055,400100
2016-09-09,42.220001220703125,42.47999954223633,39.66999816894531,39.79999923706055,39.79999923706055,626300
2016-09-12,39.33000183105469,41.119998931884766,39.0099983215332,40.869998931884766,40.869998931884766,330400
2016-09-13,40.5,41.08000183105469,40.22999954223633,40.7599983215332,40.7599983215332,361800
2016-09-14,40.70000076293945,41.68000030517578,40.70000076293945,41.380001068115234,41.380001068115234,299000
2016-09-15,41.36000061035156,42.91999816894531,41.36000061035156,42.560001373291016,42.560001373291016,524800
2016-09-16,42.470001220703125,43.189998626708984,42.02000045776367,43.119998931884766,43.119998931884766,1175700
2016-09-19,43.5,44.36000061035156,43.20000076293945,43.619998931884766,43.619998931884766,447700
2016-09-20,44.040000915527344,44.060001373291016,42.7400016784668,43.2599983215332,43.2599983215332,222900
2016-09-21,43.689998626708984,44.95000076293945,43.13999938964844,44.880001068115234,44.880001068115234,389500
2016-09-22,45.0,45.0,44.380001068115234,44.720001220703125,44.720001220703125,371200
2016-09-23,44.5099983215332,44.540000915527344,44.04999923706055,44.16999816894531,44.16999816894531,277500
2016-09-26,43.75,44.38999938964844,43.310001373291016,43.58000183105469,43.58000183105469,252100
2016-09-27,43.41999816894531,44.09000015258789,43.22999954223633,44.09000015258789,44.09000015258789,333300
2016-09-28,44.2599983215332,44.81999969482422,43.88999938964844,44.7400016784668,44.7400016784668,350400
2016-09-29,44.599998474121094,44.79999923706055,43.77000045776367,43.790000915527344,43.790000915527344,364500
2016-09-30,43.9900016784668,44.849998474121094,43.66999816894531,44.59000015258789,44.59000015258789,364400
2016-10-03,44.63999938964844,44.849998474121094,43.27000045776367,44.709999084472656,44.709999084472656,526100
2016-10-04,44.7599983215332,46.16999816894531,44.75,44.9900016784668,44.9900016784668,769800
2016-10-05,45.91999816894531,46.5,45.41999816894531,45.900001525878906,45.900001525878906,648500
2016-10-06,45.810001373291016,46.310001373291016,45.060001373291016,46.130001068115234,46.130001068115234,311500
2016-10-07,46.290000915527344,46.290000915527344,45.119998931884766,45.13999938964844,45.13999938964844,478600
2016-10-10,45.4900016784668,46.119998931884766,45.439998626708984,45.470001220703125,45.470001220703125,312700
2016-10-11,45.150001525878906,45.189998626708984,41.619998931884766,41.790000915527344,41.790000915527344,985500
2016-10-12,41.66999816894531,42.47999954223633,40.77000045776367,42.150001525878906,42.150001525878906,519100
2016-10-13,42.099998474121094,42.150001525878906,41.02000045776367,41.189998626708984,41.189998626708984,395000
2016-10-14,41.56999969482422,42.029998779296875,41.220001220703125,41.29999923706055,41.29999923706055,238800
2016-10-17,41.439998626708984,41.70000076293945,41.04999923706055,41.599998474121094,41.599998474121094,226000
2016-10-18,42.11000061035156,42.31999969482422,41.68000030517578,42.2599983215332,42.2599983215332,288900
2016-10-19,42.66999816894531,42.75,41.79999923706055,42.459999084472656,42.459999084472656,172500
2016-10-20,42.25,42.9900016784668,42.029998779296875,42.720001220703125,42.720001220703125,251200
2016-10-21,42.38999938964844,42.970001220703125,42.09000015258789,42.939998626708984,42.939998626708984,188400
2016-10-24,43.06999969482422,44.22999954223633,43.06999969482422,44.02000045776367,44.02000045776367,274500
2016-10-25,44.0099983215332,44.0099983215332,42.72999954223633,43.369998931884766,43.369998931884766,252400
2016-10-26,43.08000183105469,43.70000076293945,42.9900016784668,43.560001373291016,43.560001373291016,235200
2016-10-27,43.58000183105469,44.16999816894531,39.90999984741211,40.310001373291016,40.310001373291016,1608900
2016-10-28,39.9900016784668,39.9900016784668,37.720001220703125,37.79999923706055,37.79999923706055,1231300
2016-10-31,38.0099983215332,38.65999984741211,37.47999954223633,37.959999084472656,37.959999084472656,665700
2016-11-01,37.869998931884766,38.36000061035156,36.810001373291016,37.540000915527344,37.540000915527344,764100
2016-11-02,37.959999084472656,40.72999954223633,37.83000183105469,38.029998779296875,38.029998779296875,974200
2016-11-03,38.029998779296875,38.720001220703125,37.560001373291016,38.4900016784668,38.4900016784668,587400
2016-11-04,38.40999984741211,38.40999984741211,36.41999816894531,37.45000076293945,37.45000076293945,547100
2016-11-07,38.349998474121094,38.939998626708984,38.11000061035156,38.779998779296875,38.779998779296875,902800
2016-11-08,41.810001373291016,42.0,38.29999923706055,40.290000915527344,40.290000915527344,2272400
2016-11-09,39.029998779296875,39.70000076293945,37.54999923706055,39.5,39.5,745300
2016-11-10,39.970001220703125,40.91999816894531,38.5099983215332,38.97999954223633,38.97999954223633,533700
2016-11-11,38.84000015258789,40.93000030517578,38.84000015258789,40.790000915527344,40.790000915527344,518300
2016-11-14,40.9900016784668,41.72999954223633,40.70000076293945,41.36000061035156,41.36000061035156,561600
2016-11-15,41.58000183105469,42.29999923706055,41.02000045776367,41.95000076293945,41.95000076293945,401000
2016-11-16,41.95000076293945,43.5099983215332,41.529998779296875,43.04999923706055,43.04999923706055,555200
2016-11-17,43.04999923706055,43.58000183105469,42.54999923706055,43.5,43.5,446900
2016-11-18,43.619998931884766,44.90999984741211,43.529998779296875,44.2599983215332,44.2599983215332,528900
2016-11-21,44.400001525878906,45.20000076293945,43.36000061035156,43.630001068115234,43.630001068115234,347200
2016-11-22,43.91999816894531,44.29999923706055,43.5,43.7599983215332,43.7599983215332,282800
2016-11-23,43.5,44.13999938964844,43.33000183105469,43.459999084472656,43.459999084472656,349000
2016-11-25,43.61000061035156,43.900001525878906,43.33000183105469,43.790000915527344,43.790000915527344,116200
2016-11-28,43.58000183105469,44.119998931884766,43.33000183105469,43.810001373291016,43.810001373291016,347900
2016-11-29,43.720001220703125,44.209999084472656,43.41999816894531,43.790000915527344,43.790000915527344,258500
2016-11-30,43.86000061035156,44.099998474121094,42.72999954223633,42.79999923706055,42.79999923706055,474800
2016-12-01,42.709999084472656,43.25,39.20000076293945,39.63999938964844,39.63999938964844,832500
2016-12-02,39.79999923706055,40.630001068115234,39.11000061035156,39.459999084472656,39.459999084472656,916400
2016-12-05,40.58000183105469,41.65999984741211,40.060001373291016,41.099998474121094,41.099998474121094,615100
2016-12-06,41.4900016784668,41.540000915527344,40.29999923706055,41.189998626708984,41.189998626708984,664700
2016-12-07,40.97999954223633,41.349998474121094,40.20000076293945,40.47999954223633,40.47999954223633,568300
2016-12-08,40.650001525878906,41.56999969482422,40.650001525878906,41.4900016784668,41.4900016784668,486400
2016-12-09,41.84000015258789,42.4900016784668,40.2400016784668,40.689998626708984,40.689998626708984,551800
2016-12-12,40.650001525878906,41.029998779296875,40.0099983215332,40.2599983215332,40.2599983215332,486300
2016-12-13,40.29999923706055,40.65999984741211,39.689998626708984,39.88999938964844,39.88999938964844,348200
2016-12-14,39.79999923706055,40.779998779296875,39.52000045776367,40.560001373291016,40.560001373291016,944200
2016-12-15,40.75,42.22999954223633,40.61000061035156,41.470001220703125,41.470001220703125,502200
2016-12-16,41.720001220703125,42.459999084472656,41.130001068115234,41.2400016784668,41.2400016784668,475200
2016-12-19,41.459999084472656,42.0,41.09000015258789,41.97999954223633,41.97999954223633,255700
2016-12-20,41.97999954223633,41.97999954223633,40.93000030517578,41.349998474121094,41.349998474121094,412700
2016-12-21,41.349998474121094,41.88999938964844,41.29999923706055,41.66999816894531,41.66999816894531,157100
2016-12-22,41.79999923706055,43.189998626708984,41.34000015258789,41.459999084472656,41.459999084472656,372400
2016-12-23,41.58000183105469,42.13999938964844,41.58000183105469,41.72999954223633,41.72999954223633,162400
2016-12-27,41.72999954223633,42.369998931884766,41.65999984741211,42.33000183105469,42.33000183105469,181200
2016-12-28,42.349998474121094,42.349998474121094,40.66999816894531,40.83000183105469,40.83000183105469,231700
2016-12-29,40.83000183105469,41.099998474121094,40.130001068115234,41.060001373291016,41.060001373291016,288200
2016-12-30,41.029998779296875,41.099998474121094,40.04999923706055,40.29999923706055,40.29999923706055,384000
2017-01-03,41.04999923706055,41.04999923706055,37.630001068115234,37.97999954223633,37.97999954223633,1077700
2017-01-04,38.09000015258789,39.0,38.0,38.650001525878906,38.650001525878906,655300
2017-01-05,38.959999084472656,39.0,36.63999938964844,36.66999816894531,36.66999816894531,973000
2017-01-06,36.4900016784668,37.349998474121094,36.15999984741211,36.189998626708984,36.189998626708984,918100
2017-01-09,36.189998626708984,36.66999816894531,35.310001373291016,35.88999938964844,35.88999938964844,946900
2017-01-10,36.029998779296875,36.970001220703125,35.560001373291016,35.81999969482422,35.81999969482422,994700
2017-01-11,35.810001373291016,35.810001373291016,33.97999954223633,34.0099983215332,34.0099983215332,1310600
2017-01-12,34.290000915527344,35.279998779296875,34.04999923706055,35.27000045776367,35.27000045776367,852800
2017-01-13,35.43000030517578,36.709999084472656,35.38999938964844,36.709999084472656,36.709999084472656,948400
2017-01-17,37.849998474121094,38.34000015258789,36.869998931884766,37.040000915527344,37.040000915527344,1245800
2017-01-18,37.0,37.279998779296875,36.5,36.959999084472656,36.959999084472656,634100
2017-01-19,37.75,40.08000183105469,37.380001068115234,38.060001373291016,38.060001373291016,1233200
2017-01-20,37.9900016784668,38.56999969482422,37.61000061035156,37.83000183105469,37.83000183105469,606800
2017-01-23,38.04999923706055,38.13999938964844,36.93000030517578,37.810001373291016,37.810001373291016,623500
2017-01-24,38.06999969482422,39.959999084472656,37.709999084472656,39.77000045776367,39.77000045776367,809600
2017-01-25,40.02000045776367,40.9900016784668,39.66999816894531,40.060001373291016,40.060001373291016,854900
2017-01-26,40.41999816894531,41.5,40.189998626708984,41.439998626708984,41.439998626708984,818000
2017-01-27,41.400001525878906,41.470001220703125,41.0,41.45000076293945,41.45000076293945,433200
2017-01-30,41.22999954223633,41.25,40.560001373291016,40.83000183105469,40.83000183105469,820100
2017-01-31,40.849998474121094,42.15999984741211,40.689998626708984,42.130001068115234,42.130001068115234,627100
2017-02-01,42.34000015258789,42.63999938964844,40.869998931884766,42.119998931884766,42.119998931884766,1341200
2017-02-02,42.0,42.77000045776367,41.5099983215332,42.02000045776367,42.02000045776367,790000
2017-02-03,42.20000076293945,42.77000045776367,41.959999084472656,42.369998931884766,42.369998931884766,741100
2017-02-06,42.22999954223633,42.349998474121094,41.599998474121094,42.099998474121094,42.099998474121094,1414200
2017-02-07,44.470001220703125,44.900001525878906,42.08000183105469,43.040000915527344,43.040000915527344,3525800
2017-02-08,43.09000015258789,43.2599983215332,40.93000030517578,41.54999923706055,41.54999923706055,1457100
2017-02-09,41.54999923706055,43.97999954223633,41.45000076293945,43.91999816894531,43.91999816894531,1096100
2017-02-10,44.0,45.0,43.27000045776367,44.95000076293945,44.95000076293945,839200
2017-02-13,45.040000915527344,47.5,44.900001525878906,46.91999816894531,46.91999816894531,1310100
2017-02-14,46.83000183105469,48.2599983215332,46.650001525878906,47.97999954223633,47.97999954223633,1150900
2017-02-15,48.0099983215332,48.15999984741211,46.790000915527344,47.959999084472656,47.959999084472656,643800
2017-02-16,47.91999816894531,48.290000915527344,46.88999938964844,48.0,48.0,491200
2017-02-17,47.619998931884766,48.5,46.869998931884766,48.400001525878906,48.400001525878906,631200
2017-02-21,48.77000045776367,49.630001068115234,48.52000045776367,49.189998626708984,49.189998626708984,595400
2017-02-22,49.0,49.0,46.709999084472656,47.18000030517578,47.18000030517578,986600
2017-02-23,47.400001525878906,47.529998779296875,45.310001373291016,46.16999816894531,46.16999816894531,844600
2017-02-24,45.540000915527344,45.58000183105469,44.650001525878906,45.2400016784668,45.2400016784668,775200
2017-02-27,45.209999084472656,45.290000915527344,43.08000183105469,43.15999984741211,43.15999984741211,1492500
2017-02-28,42.75,42.9900016784668,41.27000045776367,41.54999923706055,41.54999923706055,1418800
2017-03-01,41.91999816894531,42.33000183105469,40.880001068115234,41.369998931884766,41.369998931884766,1071900
2017-03-02,41.22999954223633,41.619998931884766,40.310001373291016,41.22999954223633,41.22999954223633,1270000
2017-03-03,41.31999969482422,42.720001220703125,41.31999969482422,42.36000061035156,42.36000061035156,1000700
2017-03-06,42.0,42.33000183105469,41.5099983215332,42.11000061035156,42.11000061035156,527000
2017-03-07,42.40999984741211,42.83000183105469,41.369998931884766,41.790000915527344,41.790000915527344,381800
2017-03-08,42.11000061035156,42.11000061035156,41.13999938964844,41.209999084472656,41.209999084472656,350600
2017-03-09,41.38999938964844,43.04999923706055,41.25,42.5,42.5,914000
2017-03-10,41.43000030517578,41.61000061035156,39.83000183105469,39.849998474121094,39.849998474121094,1003400
2017-03-13,39.83000183105469,40.43000030517578,39.290000915527344,39.810001373291016,39.810001373291016,1316500
2017-03-14,39.83000183105469,40.130001068115234,38.5099983215332,38.79999923706055,38.79999923706055,594300
2017-03-15,39.0099983215332,40.25,38.439998626708984,40.13999938964844,40.13999938964844,664900
2017-03-16,40.34000015258789,41.5,40.16999816894531,40.939998626708984,40.939998626708984,542100
2017-03-17,41.2400016784668,42.5,41.099998474121094,42.36000061035156,42.36000061035156,881800
2017-03-20,42.25,42.4900016784668,41.959999084472656,42.38999938964844,42.38999938964844,479700
2017-03-21,42.52000045776367,42.7599983215332,40.560001373291016,40.58000183105469,40.58000183105469,532700
2017-03-22,40.54999923706055,41.84000015258789,40.27000045776367,41.68000030517578,41.68000030517578,564800
2017-03-23,41.540000915527344,42.20000076293945,41.5,41.810001373291016,41.810001373291016,453200
2017-03-24,41.869998931884766,43.54999923706055,41.849998474121094,43.439998626708984,43.439998626708984,581400
2017-03-27,42.849998474121094,44.0,42.13999938964844,44.0,44.0,837100
2017-03-28,43.97999954223633,44.709999084472656,43.52000045776367,44.4900016784668,44.4900016784668,728700
2017-03-29,44.43000030517578,44.470001220703125,42.81999969482422,42.86000061035156,42.86000061035156,468200
2017-03-30,42.95000076293945,43.15999984741211,42.380001068115234,42.959999084472656,42.959999084472656,663300
2017-03-31,42.91999816894531,42.959999084472656,41.81999969482422,42.029998779296875,42.029998779296875,796000
2017-04-03,42.0,42.130001068115234,40.58000183105469,41.0,41.0,768000
2017-04-04,40.810001373291016,41.63999938964844,40.099998474121094,40.36000061035156,40.36000061035156,539100
2017-04-05,40.310001373291016,40.56999969482422,38.63999938964844,38.72999954223633,38.72999954223633,803100
2017-04-06,38.630001068115234,39.95000076293945,38.560001373291016,39.4900016784668,39.4900016784668,588500
2017-04-07,39.290000915527344,39.869998931884766,39.25,39.400001525878906,39.400001525878906,346300
2017-04-10,39.16999816894531,39.75,38.83000183105469,39.0099983215332,39.0099983215332,503900
2017-04-11,38.93000030517578,39.16999816894531,37.779998779296875,38.439998626708984,38.439998626708984,647400
2017-04-12,38.400001525878906,38.68000030517578,37.189998626708984,37.810001373291016,37.810001373291016,458100
2017-04-13,38.63999938964844,39.38999938964844,37.84000015258789,37.88999938964844,37.88999938964844,553100
2017-04-17,37.959999084472656,38.56999969482422,37.79999923706055,38.540000915527344,38.540000915527344,326200
2017-04-18,38.279998779296875,38.970001220703125,37.849998474121094,38.619998931884766,38.619998931884766,495300
2017-04-19,38.900001525878906,38.900001525878906,36.900001525878906,37.29999923706055,37.29999923706055,815800
2017-04-20,37.5099983215332,37.79999923706055,36.65999984741211,37.349998474121094,37.349998474121094,551600
2017-04-21,37.599998474121094,39.09000015258789,37.599998474121094,38.040000915527344,38.040000915527344,660300
2017-04-24,38.75,39.45000076293945,38.310001373291016,38.54999923706055,38.54999923706055,544000
2017-04-25,38.84000015258789,39.119998931884766,37.72999954223633,38.97999954223633,38.97999954223633,531100
2017-04-26,38.849998474121094,38.86000061035156,35.2599983215332,35.33000183105469,35.33000183105469,1371500
2017-04-27,35.619998931884766,36.099998474121094,35.400001525878906,35.54999923706055,35.54999923706055,937600
2017-04-28,35.65999984741211,35.939998626708984,34.34000015258789,34.66999816894531,34.66999816894531,1596100
2017-05-01,34.95000076293945,35.810001373291016,34.41999816894531,35.720001220703125,35.720001220703125,1155900
2017-05-02,35.90999984741211,36.0,34.900001525878906,34.970001220703125,34.970001220703125,638400
2017-05-03,33.38999938964844,33.83000183105469,32.0099983215332,33.15999984741211,33.15999984741211,1780900
2017-05-04,33.43000030517578,34.0,32.08000183105469,32.29999923706055,32.29999923706055,1277300
2017-05-05,32.4900016784668,32.970001220703125,31.969999313354492,32.810001373291016,32.810001373291016,982500
2017-05-08,33.0,34.86000061035156,32.939998626708984,34.0099983215332,34.0099983215332,1519600
2017-05-09,37.97999954223633,38.31999969482422,35.220001220703125,36.84000015258789,36.84000015258789,2541400
2017-05-10,36.29999923706055,36.59000015258789,35.099998474121094,36.560001373291016,36.560001373291016,1146300
2017-05-11,36.59000015258789,36.779998779296875,35.81999969482422,36.25,36.25,477400
2017-05-12,36.060001373291016,36.43000030517578,34.75,35.540000915527344,35.540000915527344,603400
2017-05-15,35.709999084472656,36.27000045776367,35.5099983215332,35.70000076293945,35.70000076293945,818700
2017-05-16,35.83000183105469,36.779998779296875,35.630001068115234,36.72999954223633,36.72999954223633,501700
2017-05-17,36.72999954223633,36.72999954223633,34.25,34.400001525878906,34.400001525878906,755000
2017-05-18,34.27000045776367,34.849998474121094,33.849998474121094,34.380001068115234,34.380001068115234,428700
2017-05-19,34.439998626708984,35.13999938964844,34.27000045776367,34.86000061035156,34.86000061035156,463600
2017-05-22,35.29999923706055,36.83000183105469,35.29999923706055,36.779998779296875,36.779998779296875,787000
2017-05-23,36.45000076293945,37.5099983215332,36.15999984741211,37.40999984741211,37.40999984741211,929400
2017-05-24,37.40999984741211,37.7400016784668,36.15999984741211,36.5,36.5,640400
2017-05-25,36.84000015258789,37.22999954223633,36.709999084472656,37.060001373291016,37.060001373291016,372900
2017-05-26,36.970001220703125,37.02000045776367,36.400001525878906,36.70000076293945,36.70000076293945,392400
2017-05-30,36.63999938964844,37.20000076293945,35.900001525878906,36.060001373291016,36.060001373291016,402900
2017-05-31,35.88999938964844,36.0,34.349998474121094,35.22999954223633,35.22999954223633,603600
2017-06-01,36.279998779296875,37.97999954223633,36.27000045776367,37.869998931884766,37.869998931884766,931300
2017-06-02,37.84000015258789,38.04999923706055,37.349998474121094,37.88999938964844,37.88999938964844,656600
2017-06-05,37.79999923706055,37.880001068115234,37.15999984741211,37.5099983215332,37.5099983215332,392900
2017-06-06,37.369998931884766,39.5,37.189998626708984,38.75,38.75,892900
2017-06-07,38.9900016784668,39.150001525878906,37.459999084472656,38.560001373291016,38.560001373291016,839600
2017-06-08,38.560001373291016,39.41999816894531,38.349998474121094,39.2400016784668,39.2400016784668,379400
2017-06-09,39.38999938964844,39.66999816894531,37.349998474121094,38.380001068115234,38.380001068115234,571800
2017-06-12,38.099998474121094,38.349998474121094,36.81999969482422,37.9900016784668,37.9900016784668,667200
2017-06-13,38.56999969482422,39.150001525878906,37.91999816894531,38.43000030517578,38.43000030517578,486500
2017-06-14,38.52000045776367,38.56999969482422,37.380001068115234,37.720001220703125,37.720001220703125,649200
2017-06-15,37.0,37.72999954223633,36.849998474121094,37.540000915527344,37.540000915527344,316500
2017-06-16,37.5,37.9900016784668,37.209999084472656,37.560001373291016,37.560001373291016,666800
2017-06-19,37.77000045776367,38.150001525878906,37.349998474121094,37.72999954223633,37.72999954223633,275900
2017-06-20,37.43000030517578,38.099998474121094,37.150001525878906,37.40999984741211,37.40999984741211,380900
2017-06-21,37.400001525878906,37.66999816894531,37.0,37.06999969482422,37.06999969482422,424200
2017-06-22,37.18000030517578,38.04999923706055,36.630001068115234,37.88999938964844,37.88999938964844,463100
2017-06-23,37.939998626708984,40.189998626708984,37.86000061035156,40.02000045776367,40.02000045776367,919000
2017-06-26,41.20000076293945,46.58000183105469,40.88999938964844,46.22999954223633,46.22999954223633,3419200
2017-06-27,46.0,46.0,43.45000076293945,43.470001220703125,43.470001220703125,1529800
2017-06-28,44.11000061035156,44.689998626708984,43.27000045776367,44.33000183105469,44.33000183105469,772700
2017-06-29,44.15999984741211,44.560001373291016,42.7599983215332,43.209999084472656,43.209999084472656,566900
2017-06-30,43.20000076293945,43.90999984741211,42.599998474121094,42.65999984741211,42.65999984741211,644300
2017-07-03,42.84000015258789,43.27000045776367,41.619998931884766,42.95000076293945,42.95000076293945,544600
2017-07-05,42.9900016784668,43.59000015258789,41.880001068115234,42.7400016784668,42.7400016784668,410000
2017-07-06,42.060001373291016,42.63999938964844,41.90999984741211,42.25,42.25,354500
2017-07-07,42.380001068115234,44.79999923706055,42.33000183105469,43.88999938964844,43.88999938964844,742900
2017-07-10,43.84000015258789,44.54999923706055,43.400001525878906,44.15999984741211,44.15999984741211,442500
2017-07-11,44.150001525878906,44.540000915527344,43.33000183105469,44.060001373291016,44.060001373291016,365300
2017-07-12,44.619998931884766,44.939998626708984,44.22999954223633,44.41999816894531,44.41999816894531,275400
2017-07-13,45.0,45.91999816894531,44.40999984741211,44.779998779296875,44.779998779296875,390700
2017-07-14,44.81999969482422,45.029998779296875,44.11000061035156,44.97999954223633,44.97999954223633,561600
2017-07-17,44.970001220703125,46.20000076293945,44.650001525878906,44.77000045776367,44.77000045776367,383100
2017-07-18,44.54999923706055,45.5,44.27000045776367,44.849998474121094,44.849998474121094,215900
2017-07-19,44.9900016784668,45.97999954223633,44.9900016784668,45.45000076293945,45.45000076293945,373000
2017-07-20,45.41999816894531,45.7400016784668,44.40999984741211,45.40999984741211,45.40999984741211,275500
2017-07-21,45.45000076293945,45.97999954223633,44.91999816894531,45.709999084472656,45.709999084472656,340400
2017-07-24,46.099998474121094,46.869998931884766,45.88999938964844,46.869998931884766,46.869998931884766,946500
2017-07-25,47.02000045776367,47.02000045776367,46.0099983215332,46.470001220703125,46.470001220703125,423800
2017-07-26,46.650001525878906,46.75,45.70000076293945,46.0099983215332,46.0099983215332,219600
2017-07-27,46.209999084472656,46.279998779296875,43.93000030517578,44.84000015258789,44.84000015258789,372400
2017-07-28,44.43000030517578,45.25,44.0,45.060001373291016,45.060001373291016,188300
2017-07-31,45.310001373291016,45.310001373291016,44.25,45.0099983215332,45.0099983215332,217200
2017-08-01,45.29999923706055,45.88999938964844,44.83000183105469,45.15999984741211,45.15999984741211,300300
2017-08-02,44.439998626708984,44.630001068115234,42.02000045776367,42.47999954223633,42.47999954223633,842300
2017-08-03,43.400001525878906,43.689998626708984,42.66999816894531,42.9900016784668,42.9900016784668,379400
2017-08-04,43.15999984741211,43.15999984741211,42.0,42.2599983215332,42.2599983215332,301300
2017-08-07,42.45000076293945,43.90999984741211,42.380001068115234,43.4900016784668,43.4900016784668,314000
2017-08-08,43.439998626708984,43.97999954223633,42.61000061035156,42.75,42.75,322300
2017-08-09,42.34000015258789,43.25,42.119998931884766,42.36000061035156,42.36000061035156,378200
2017-08-10,41.90999984741211,42.939998626708984,40.86000061035156,40.880001068115234,40.880001068115234,414100
2017-08-11,40.2400016784668,42.33000183105469,39.650001525878906,41.0,41.0,618800
2017-08-14,41.7400016784668,42.54999923706055,41.38999938964844,42.18000030517578,42.18000030517578,478800
2017-08-15,42.189998626708984,42.2599983215332,40.88999938964844,41.52000045776367,41.52000045776367,359300
2017-08-16,41.5099983215332,42.25,41.400001525878906,41.91999816894531,41.91999816894531,217900
2017-08-17,41.470001220703125,41.869998931884766,40.36000061035156,40.540000915527344,40.540000915527344,503500
2017-08-18,40.279998779296875,40.65999984741211,39.810001373291016,40.08000183105469,40.08000183105469,504900
2017-08-21,40.20000076293945,40.25,38.38999938964844,39.81999969482422,39.81999969482422,1101000
2017-08-22,37.689998626708984,38.7400016784668,36.189998626708984,36.939998626708984,36.939998626708984,2093400
2017-08-23,36.72999954223633,38.72999954223633,36.72999954223633,38.59000015258789,38.59000015258789,824100
2017-08-24,39.369998931884766,39.720001220703125,38.900001525878906,39.349998474121094,39.349998474121094,771200
2017-08-25,39.65999984741211,39.65999984741211,38.470001220703125,38.529998779296875,38.529998779296875,480100
2017-08-28,38.54999923706055,38.86000061035156,38.13999938964844,38.650001525878906,38.650001525878906,228500
2017-08-29,38.0,38.66999816894531,37.20000076293945,38.56999969482422,38.56999969482422,472300
2017-08-30,38.470001220703125,39.13999938964844,38.130001068115234,39.099998474121094,39.099998474121094,384500
2017-08-31,38.66999816894531,39.25,38.02000045776367,38.84000015258789,38.84000015258789,339100
2017-09-01,39.040000915527344,39.369998931884766,38.47999954223633,38.72999954223633,38.72999954223633,394200
2017-09-05,38.529998779296875,39.16999816894531,37.560001373291016,37.9900016784668,37.9900016784668,419500
2017-09-06,38.2400016784668,38.33000183105469,37.56999969482422,38.119998931884766,38.119998931884766,274500
2017-09-07,38.150001525878906,38.47999954223633,37.279998779296875,37.65999984741211,37.65999984741211,358900
2017-09-08,37.41999816894531,37.81999969482422,37.060001373291016,37.40999984741211,37.40999984741211,314300
2017-09-11,37.939998626708984,38.279998779296875,37.619998931884766,37.75,37.75,408200
2017-09-12,37.81999969482422,38.279998779296875,37.81999969482422,38.220001220703125,38.220001220703125,230000
2017-09-13,38.0,38.720001220703125,37.93000030517578,38.290000915527344,38.290000915527344,269500
2017-09-14,38.02000045776367,38.27000045776367,37.5,37.84000015258789,37.84000015258789,233300
2017-09-15,38.029998779296875,38.06999969482422,37.5099983215332,37.810001373291016,37.810001373291016,619400
2017-09-18,38.20000076293945,39.4900016784668,38.0099983215332,38.150001525878906,38.150001525878906,455800
2017-09-19,38.2599983215332,38.439998626708984,37.86000061035156,37.880001068115234,37.880001068115234,236300
2017-09-20,37.88999938964844,37.90999984741211,36.650001525878906,36.790000915527344,36.790000915527344,397000
2017-09-21,36.84000015258789,36.84000015258789,35.720001220703125,35.779998779296875,35.779998779296875,696900
2017-09-22,35.75,36.25,35.65999984741211,35.95000076293945,35.95000076293945,894700
2017-09-25,36.029998779296875,36.029998779296875,34.40999984741211,34.779998779296875,34.779998779296875,706000
2017-09-26,34.900001525878906,35.9900016784668,34.79999923706055,35.20000076293945,35.20000076293945,448600
2017-09-27,35.560001373291016,37.130001068115234,35.279998779296875,36.65999984741211,36.65999984741211,813900
2017-09-28,36.619998931884766,37.040000915527344,36.36000061035156,37.0099983215332,37.0099983215332,399000
2017-09-29,36.91999816894531,37.290000915527344,36.75,37.060001373291016,37.060001373291016,322200
2017-10-02,37.16999816894531,38.20000076293945,37.11000061035156,38.189998626708984,38.189998626708984,431200
2017-10-03,38.209999084472656,38.369998931884766,37.27000045776367,37.88999938964844,37.88999938964844,496500
2017-10-04,37.83000183105469,38.029998779296875,37.31999969482422,37.689998626708984,37.689998626708984,329500
2017-10-05,37.709999084472656,37.7400016784668,36.70000076293945,37.45000076293945,37.45000076293945,353000
2017-10-06,37.220001220703125,37.939998626708984,37.099998474121094,37.68000030517578,37.68000030517578,228900
2017-10-09,37.849998474121094,38.380001068115234,37.65999984741211,37.810001373291016,37.810001373291016,351900
2017-10-10,38.130001068115234,38.88999938964844,37.310001373291016,37.52000045776367,37.52000045776367,517700
2017-10-11,37.349998474121094,38.08000183105469,36.869998931884766,37.02000045776367,37.02000045776367,290400
2017-10-12,36.86000061035156,37.29999923706055,36.720001220703125,37.0,37.0,315700
2017-10-13,36.779998779296875,36.84000015258789,35.75,36.5099983215332,36.5099983215332,412300
2017-10-16,36.59000015258789,36.86000061035156,36.349998474121094,36.7400016784668,36.7400016784668,210100
2017-10-17,36.83000183105469,37.470001220703125,36.45000076293945,36.4900016784668,36.4900016784668,246200
2017-10-18,36.650001525878906,37.349998474121094,36.5099983215332,36.880001068115234,36.880001068115234,247600
2017-10-19,36.58000183105469,37.220001220703125,36.119998931884766,36.599998474121094,36.599998474121094,357700
2017-10-20,37.060001373291016,37.5099983215332,36.58000183105469,36.650001525878906,36.650001525878906,236500
2017-10-23,36.68000030517578,37.630001068115234,36.68000030517578,36.91999816894531,36.91999816894531,657000
2017-10-24,37.25,38.189998626708984,37.02000045776367,37.09000015258789,37.09000015258789,234000
2017-10-25,36.91999816894531,37.290000915527344,36.20000076293945,36.75,36.75,394700
2017-10-26,36.9900016784668,37.060001373291016,36.349998474121094,36.4900016784668,36.4900016784668,199800
2017-10-27,36.70000076293945,37.47999954223633,36.459999084472656,37.380001068115234,37.380001068115234,401800
2017-10-30,37.20000076293945,37.540000915527344,36.939998626708984,37.369998931884766,37.369998931884766,209300
2017-10-31,37.41999816894531,37.88999938964844,36.9900016784668,37.18000030517578,37.18000030517578,246900
2017-11-01,37.650001525878906,37.650001525878906,35.84000015258789,35.84000015258789,35.84000015258789,494100
2017-11-02,35.599998474121094,35.75,32.25,32.29999923706055,32.29999923706055,971500
2017-11-03,32.0,33.22999954223633,31.200000762939453,32.25,32.25,852700
2017-11-06,32.27000045776367,32.72999954223633,31.200000762939453,31.729999542236328,31.729999542236328,1194300
2017-11-07,28.600000381469727,30.739999771118164,28.600000381469727,28.8799991607666,28.8799991607666,2332100
2017-11-08,28.799999237060547,31.09000015258789,28.799999237060547,30.639999389648438,30.639999389648438,911800
2017-11-09,30.329999923706055,30.850000381469727,29.84000015258789,30.829999923706055,30.829999923706055,641000
2017-11-10,30.75,31.34000015258789,30.700000762939453,31.110000610351562,31.110000610351562,405400
2017-11-13,30.969999313354492,31.959999084472656,30.649999618530273,31.459999084472656,31.459999084472656,563400
2017-11-14,31.360000610351562,31.360000610351562,30.530000686645508,30.59000015258789,30.59000015258789,400000
2017-11-15,30.420000076293945,31.260000228881836,30.360000610351562,31.09000015258789,31.09000015258789,539700
2017-11-16,31.170000076293945,31.940000534057617,31.170000076293945,31.809999465942383,31.809999465942383,459400
2017-11-17,31.649999618530273,32.720001220703125,31.649999618530273,32.16999816894531,32.16999816894531,421200
2017-11-20,32.22999954223633,32.63999938964844,31.6200008392334,31.959999084472656,31.959999084472656,526900
2017-11-21,32.22999954223633,32.779998779296875,32.209999084472656,32.779998779296875,32.779998779296875,426500
2017-11-22,32.75,33.08000183105469,32.349998474121094,32.7599983215332,32.7599983215332,354100
2017-11-24,32.790000915527344,33.150001525878906,32.599998474121094,32.720001220703125,32.720001220703125,222500
2017-11-27,32.650001525878906,33.0099983215332,32.08000183105469,32.400001525878906,32.400001525878906,372000
2017-11-28,32.540000915527344,32.849998474121094,32.27000045776367,32.70000076293945,32.70000076293945,343000
2017-11-29,32.45000076293945,32.720001220703125,31.149999618530273,31.459999084472656,31.459999084472656,584000
2017-11-30,31.6200008392334,32.400001525878906,31.469999313354492,31.90999984741211,31.90999984741211,479100
2017-12-01,31.860000610351562,31.860000610351562,30.43000030517578,31.450000762939453,31.450000762939453,514900
2017-12-04,31.639999389648438,31.950000762939453,31.049999237060547,31.260000228881836,31.260000228881836,300900
2017-12-05,31.25,31.899999618530273,30.579999923706055,30.809999465942383,30.809999465942383,386300
2017-12-06,30.700000762939453,31.290000915527344,30.5,30.770000457763672,30.770000457763672,229100
2017-12-07,30.770000457763672,31.020000457763672,30.459999084472656,30.59000015258789,30.59000015258789,302900
2017-12-08,30.84000015258789,31.030000686645508,30.049999237060547,30.049999237060547,30.049999237060547,536600
2017-12-11,30.219999313354492,30.770000457763672,30.149999618530273,30.25,30.25,580100
2017-12-12,30.25,30.709999084472656,30.0,30.209999084472656,30.209999084472656,400000
2017-12-13,30.399999618530273,30.969999313354492,30.219999313354492,30.309999465942383,30.309999465942383,439000
2017-12-14,30.299999237060547,30.700000762939453,29.549999237060547,29.559999465942383,29.559999465942383,357600
2017-12-15,29.549999237060547,31.1299991607666,29.25,29.760000228881836,29.760000228881836,1633800
2017-12-18,30.049999237060547,30.709999084472656,29.729999542236328,30.020000457763672,30.020000457763672,548700
2017-12-19,29.989999771118164,30.510000228881836,29.399999618530273,29.479999542236328,29.479999542236328,576000
2017-12-20,29.68000030517578,30.229999542236328,29.389999389648438,29.75,29.75,523800
2017-12-21,29.790000915527344,30.1299991607666,29.549999237060547,29.56999969482422,29.56999969482422,212700
2017-12-22,29.399999618530273,29.739999771118164,29.049999237060547,29.25,29.25,289600
2017-12-26,29.040000915527344,29.290000915527344,28.450000762939453,28.469999313354492,28.469999313354492,436100
2017-12-27,28.440000534057617,29.079999923706055,28.350000381469727,28.56999969482422,28.56999969482422,508300
2017-12-28,28.690000534057617,28.979999542236328,28.610000610351562,28.860000610351562,28.860000610351562,380300
2017-12-29,28.8799991607666,29.059999465942383,28.600000381469727,28.700000762939453,28.700000762939453,395700
2018-01-02,28.799999237060547,29.270000457763672,28.649999618530273,29.100000381469727,29.100000381469727,306500
2018-01-03,29.139999389648438,29.34000015258789,28.8799991607666,28.989999771118164,28.989999771118164,386400
2018-01-04,29.149999618530273,29.469999313354492,29.030000686645508,29.350000381469727,29.350000381469727,404000
2018-01-05,29.610000610351562,29.610000610351562,29.15999984741211,29.3700008392334,29.3700008392334,355200
2018-01-08,29.049999237060547,30.059999465942383,28.90999984741211,29.84000015258789,29.84000015258789,528000
2018-01-09,30.0,30.0,29.25,29.3700008392334,29.3700008392334,427000
2018-01-10,29.31999969482422,29.540000915527344,28.989999771118164,29.15999984741211,29.15999984741211,319700
2018-01-11,29.239999771118164,29.8799991607666,29.200000762939453,29.479999542236328,29.479999542236328,364800
2018-01-12,29.420000076293945,29.670000076293945,28.889999389648438,29.049999237060547,29.049999237060547,660600
2018-01-16,29.149999618530273,29.459999084472656,28.479999542236328,28.8700008392334,28.8700008392334,783400
2018-01-17,29.0,29.350000381469727,28.889999389648438,29.110000610351562,29.110000610351562,632300
2018-01-18,28.899999618530273,29.100000381469727,28.610000610351562,28.68000030517578,28.68000030517578,398600
2018-01-19,28.600000381469727,28.68000030517578,27.350000381469727,27.739999771118164,27.739999771118164,781000
2018-01-22,27.350000381469727,27.3799991607666,25.920000076293945,26.0,26.0,1631300
2018-01-23,26.100000381469727,26.940000534057617,26.059999465942383,26.420000076293945,26.420000076293945,995600
2018-01-24,26.3700008392334,26.399999618530273,25.200000762939453,25.299999237060547,25.299999237060547,1109800
2018-01-25,25.299999237060547,25.459999084472656,25.010000228881836,25.299999237060547,25.299999237060547,1559900
2018-01-26,25.360000610351562,25.959999084472656,25.34000015258789,25.93000030517578,25.93000030517578,1270400
2018-01-29,25.90999984741211,26.059999465942383,25.079999923706055,25.1299991607666,25.1299991607666,730000
2018-01-30,25.0,25.25,24.729999542236328,25.0,25.0,545100
2018-01-31,25.1299991607666,25.25,24.809999465942383,24.809999465942383,24.809999465942383,493900
2018-02-01,24.68000030517578,25.510000228881836,24.56999969482422,25.479999542236328,25.479999542236328,610700
2018-02-02,25.350000381469727,25.350000381469727,24.809999465942383,25.0,25.0,774800
2018-02-05,24.729999542236328,25.09000015258789,24.020000457763672,24.049999237060547,24.049999237060547,1115200
2018-02-06,26.65999984741211,30.799999237060547,24.530000686645508,30.0,30.0,3357400
2018-02-07,29.700000762939453,29.950000762939453,29.200000762939453,29.739999771118164,29.739999771118164,1497500
2018-02-08,29.799999237060547,30.360000610351562,28.969999313354492,29.040000915527344,29.040000915527344,913000
2018-02-09,29.440000534057617,29.790000915527344,28.84000015258789,29.530000686645508,29.530000686645508,808100
2018-02-12,29.719999313354492,29.799999237060547,28.09000015258789,28.600000381469727,28.600000381469727,790300
2018-02-13,28.290000915527344,28.760000228881836,27.540000915527344,28.65999984741211,28.65999984741211,693900
2018-02-14,28.56999969482422,29.479999542236328,28.549999237060547,29.219999313354492,29.219999313354492,521700
2018-02-15,29.389999389648438,29.739999771118164,29.100000381469727,29.510000228881836,29.510000228881836,535800
2018-02-16,29.350000381469727,29.59000015258789,28.829999923706055,29.139999389648438,29.139999389648438,625200
2018-02-20,28.8799991607666,29.1299991607666,28.399999618530273,28.549999237060547,28.549999237060547,531300
2018-02-21,28.6299991607666,28.780000686645508,28.079999923706055,28.09000015258789,28.09000015258789,377400
2018-02-22,28.09000015258789,28.5,27.6299991607666,27.649999618530273,27.649999618530273,481200
2018-02-23,27.760000228881836,28.68000030517578,27.649999618530273,28.639999389648438,28.639999389648438,450500
2018-02-26,29.540000915527344,29.84000015258789,28.989999771118164,29.719999313354492,29.719999313354492,641000
2018-02-27,29.600000381469727,30.25,29.40999984741211,30.06999969482422,30.06999969482422,601000
2018-02-28,30.139999389648438,30.899999618530273,29.889999389648438,30.149999618530273,30.149999618530273,552600
2018-03-01,30.299999237060547,30.690000534057617,29.68000030517578,30.110000610351562,30.110000610351562,707000
2018-03-02,29.729999542236328,30.989999771118164,29.549999237060547,30.920000076293945,30.920000076293945,466100
2018-03-05,30.639999389648438,31.329999923706055,30.639999389648438,30.940000534057617,30.940000534057617,644000
2018-03-06,31.139999389648438,32.060001373291016,31.0,31.969999313354492,31.969999313354492,535500
2018-03-07,31.549999237060547,32.599998474121094,31.299999237060547,32.380001068115234,32.380001068115234,589900
2018-03-08,32.5,32.869998931884766,32.02000045776367,32.83000183105469,32.83000183105469,653100
2018-03-09,32.880001068115234,33.869998931884766,32.650001525878906,33.84000015258789,33.84000015258789,909000
2018-03-12,33.36000061035156,33.36000061035156,31.40999984741211,32.66999816894531,32.66999816894531,1299700
2018-03-13,32.81999969482422,33.13999938964844,32.369998931884766,32.560001373291016,32.560001373291016,565200
2018-03-14,32.75,33.13999938964844,32.29999923706055,32.47999954223633,32.47999954223633,494300
2018-03-15,32.58000183105469,33.04999923706055,32.459999084472656,33.0,33.0,527500
2018-03-16,33.150001525878906,33.689998626708984,32.61000061035156,33.400001525878906,33.400001525878906,979600
2018-03-19,33.220001220703125,33.27000045776367,32.470001220703125,33.02000045776367,33.02000045776367,612100
2018-03-20,33.13999938964844,33.56999969482422,32.900001525878906,33.36000061035156,33.36000061035156,447500
2018-03-21,33.20000076293945,33.900001525878906,33.04999923706055,33.66999816894531,33.66999816894531,526600
2018-03-22,33.349998474121094,33.91999816894531,33.310001373291016,33.439998626708984,33.439998626708984,492200
2018-03-23,33.380001068115234,33.380001068115234,31.899999618530273,32.540000915527344,32.540000915527344,654500
2018-03-26,32.970001220703125,32.970001220703125,31.020000457763672,31.68000030517578,31.68000030517578,517300
2018-03-27,31.81999969482422,32.150001525878906,31.020000457763672,31.18000030517578,31.18000030517578,462500
2018-03-28,31.1299991607666,31.209999084472656,29.90999984741211,30.399999618530273,30.399999618530273,397700
2018-03-29,30.520000457763672,31.469999313354492,30.389999389648438,31.3799991607666,31.3799991607666,434000
2018-04-02,31.299999237060547,31.299999237060547,30.389999389648438,30.8700008392334,30.8700008392334,284200
2018-04-03,31.059999465942383,31.149999618530273,30.610000610351562,31.06999969482422,31.06999969482422,269400
2018-04-04,30.510000228881836,31.450000762939453,30.200000762939453,31.350000381469727,31.350000381469727,229800
2018-04-05,31.739999771118164,31.739999771118164,31.079999923706055,31.190000534057617,31.190000534057617,229300
2018-04-06,30.809999465942383,31.299999237060547,30.59000015258789,30.610000610351562,30.610000610351562,429000
2018-04-09,30.8799991607666,31.149999618530273,30.31999969482422,30.850000381469727,30.850000381469727,272300
2018-04-10,31.280000686645508,32.11000061035156,31.110000610351562,32.08000183105469,32.08000183105469,318600
2018-04-11,31.8700008392334,33.77000045776367,31.84000015258789,33.72999954223633,33.72999954223633,425200
2018-04-12,34.06999969482422,34.27000045776367,33.470001220703125,33.4900016784668,33.4900016784668,378400
2018-04-13,33.689998626708984,33.7599983215332,33.04999923706055,33.45000076293945,33.45000076293945,187600
2018-04-16,32.52000045776367,32.58000183105469,29.579999923706055,30.170000076293945,30.170000076293945,1704300
2018-04-17,30.25,32.119998931884766,30.239999771118164,31.299999237060547,31.299999237060547,589000
2018-04-18,31.309999465942383,31.440000534057617,30.860000610351562,31.329999923706055,31.329999923706055,325600
2018-04-19,31.1299991607666,31.219999313354492,30.030000686645508,30.25,30.25,251500
2018-04-20,30.18000030517578,30.479999542236328,30.049999237060547,30.280000686645508,30.280000686645508,351600
2018-04-23,30.65999984741211,31.030000686645508,29.450000762939453,29.799999237060547,29.799999237060547,674100
2018-04-24,30.110000610351562,30.31999969482422,29.59000015258789,29.829999923706055,29.829999923706055,482800
2018-04-25,30.020000457763672,30.290000915527344,28.559999465942383,28.6299991607666,28.6299991607666,585200
2018-04-26,28.829999923706055,28.940000534057617,28.34000015258789,28.610000610351562,28.610000610351562,549900
2018-04-27,28.770000457763672,28.780000686645508,28.010000228881836,28.15999984741211,28.15999984741211,286400
2018-04-30,28.15999984741211,28.40999984741211,27.690000534057617,28.209999084472656,28.209999084472656,416000
2018-05-01,28.170000076293945,29.770000457763672,27.940000534057617,29.739999771118164,29.739999771118164,539500
2018-05-02,29.920000076293945,30.940000534057617,29.850000381469727,30.84000015258789,30.84000015258789,553000
2018-05-03,30.5,31.420000076293945,30.149999618530273,31.3700008392334,31.3700008392334,450200
2018-05-04,31.200000762939453,32.75,31.010000228881836,32.45000076293945,32.45000076293945,555500
2018-05-07,32.400001525878906,33.22999954223633,32.209999084472656,33.0,33.0,571600
2018-05-08,36.04999923706055,36.04999923706055,34.369998931884766,35.5099983215332,35.5099983215332,1071300
2018-05-09,35.63999938964844,35.9900016784668,35.41999816894531,35.849998474121094,35.849998474121094,640000
2018-05-10,35.880001068115234,35.88999938964844,35.2400016784668,35.400001525878906,35.400001525878906,554500
2018-05-11,35.290000915527344,35.95000076293945,35.15999984741211,35.5099983215332,35.5099983215332,367900
2018-05-14,36.36000061035156,36.83000183105469,35.790000915527344,36.08000183105469,36.08000183105469,441300
2018-05-15,35.869998931884766,35.95000076293945,35.20000076293945,35.790000915527344,35.790000915527344,367200
2018-05-16,35.790000915527344,36.93000030517578,35.72999954223633,36.91999816894531,36.91999816894531,421400
2018-05-17,36.900001525878906,37.119998931884766,36.47999954223633,36.619998931884766,36.619998931884766,273200
2018-05-18,36.709999084472656,36.9900016784668,36.40999984741211,36.4900016784668,36.4900016784668,261100
2018-05-21,36.939998626708984,37.189998626708984,36.68000030517578,36.9900016784668,36.9900016784668,315900
2018-05-22,37.02000045776367,37.15999984741211,36.650001525878906,36.83000183105469,36.83000183105469,200200
2018-05-23,36.599998474121094,36.959999084472656,36.22999954223633,36.86000061035156,36.86000061035156,180200
2018-05-24,36.619998931884766,36.630001068115234,36.13999938964844,36.45000076293945,36.45000076293945,250200
2018-05-25,36.5,37.150001525878906,36.380001068115234,36.849998474121094,36.849998474121094,431200
2018-05-29,36.66999816894531,37.63999938964844,36.4900016784668,37.4900016784668,37.4900016784668,338800
2018-05-30,35.689998626708984,36.09000015258789,34.27000045776367,36.0,36.0,832000
2018-05-31,35.9900016784668,36.33000183105469,34.86000061035156,35.130001068115234,35.130001068115234,438200
2018-06-01,35.209999084472656,36.20000076293945,34.439998626708984,36.13999938964844,36.13999938964844,557300
2018-06-04,36.0,36.22999954223633,35.79999923706055,36.0,36.0,414700
2018-06-05,36.18000030517578,36.84000015258789,36.15999984741211,36.5099983215332,36.5099983215332,398000
2018-06-06,36.65999984741211,36.93000030517578,36.400001525878906,36.70000076293945,36.70000076293945,384100
2018-06-07,36.81999969482422,37.15999984741211,36.2400016784668,36.95000076293945,36.95000076293945,420300
2018-06-08,36.83000183105469,37.189998626708984,36.619998931884766,36.95000076293945,36.95000076293945,251900
2018-06-11,36.95000076293945,37.70000076293945,36.75,37.59000015258789,37.59000015258789,208800
2018-06-12,37.65999984741211,37.72999954223633,37.2400016784668,37.38999938964844,37.38999938964844,214900
2018-06-13,37.439998626708984,37.470001220703125,36.529998779296875,36.810001373291016,36.810001373291016,205800
2018-06-14,37.66999816894531,37.66999816894531,37.20000076293945,37.540000915527344,37.540000915527344,229300
2018-06-15,36.86000061035156,37.34000015258789,36.560001373291016,37.02000045776367,37.02000045776367,323400
2018-06-18,36.95000076293945,37.06999969482422,36.58000183105469,36.97999954223633,36.97999954223633,168100
2018-06-19,36.540000915527344,36.540000915527344,35.7400016784668,36.22999954223633,36.22999954223633,362700
2018-06-20,36.40999984741211,37.15999984741211,36.09000015258789,37.0099983215332,37.0099983215332,154000
2018-06-21,37.06999969482422,37.279998779296875,36.599998474121094,36.970001220703125,36.970001220703125,197200
2018-06-22,37.0,37.060001373291016,36.65999984741211,36.65999984741211,36.65999984741211,413300
2018-06-25,36.5099983215332,36.540000915527344,35.02000045776367,35.20000076293945,35.20000076293945,270900
2018-06-26,35.279998779296875,36.33000183105469,35.029998779296875,36.029998779296875,36.029998779296875,187500
2018-06-27,36.099998474121094,36.720001220703125,35.849998474121094,35.939998626708984,35.939998626708984,415100
2018-06-28,35.95000076293945,36.43000030517578,35.47999954223633,36.220001220703125,36.220001220703125,351500
2018-06-29,36.38999938964844,37.2400016784668,36.38999938964844,36.88999938964844,36.88999938964844,250500
2018-07-02,36.630001068115234,37.060001373291016,36.20000076293945,37.040000915527344,37.040000915527344,208200
2018-07-03,37.2400016784668,37.2400016784668,36.18000030517578,36.220001220703125,36.220001220703125,93600
2018-07-05,36.41999816894531,37.439998626708984,36.310001373291016,37.43000030517578,37.43000030517578,242900
2018-07-06,37.400001525878906,38.29999923706055,37.25,38.16999816894531,38.16999816894531,266500
2018-07-09,38.380001068115234,38.54999923706055,37.970001220703125,38.45000076293945,38.45000076293945,227400
2018-07-10,38.58000183105469,38.939998626708984,38.220001220703125,38.61000061035156,38.61000061035156,240500
2018-07-11,38.75,38.90999984741211,37.869998931884766,38.56999969482422,38.56999969482422,282000
2018-07-12,38.689998626708984,39.38999938964844,38.59000015258789,39.380001068115234,39.380001068115234,292400
2018-07-13,39.45000076293945,39.650001525878906,38.470001220703125,38.86000061035156,38.86000061035156,304900
2018-07-16,38.88999938964844,39.2599983215332,38.45000076293945,39.209999084472656,39.209999084472656,351900
2018-07-17,39.0099983215332,40.029998779296875,38.849998474121094,39.689998626708984,39.689998626708984,449200
2018-07-18,39.95000076293945,40.22999954223633,38.93000030517578,39.95000076293945,39.95000076293945,260100
2018-07-19,39.7599983215332,40.380001068115234,39.709999084472656,40.029998779296875,40.029998779296875,375400
2018-07-20,40.040000915527344,40.150001525878906,39.599998474121094,39.939998626708984,39.939998626708984,275100
2018-07-23,39.70000076293945,40.16999816894531,39.09000015258789,39.97999954223633,39.97999954223633,260100
2018-07-24,40.119998931884766,40.15999984741211,38.97999954223633,39.22999954223633,39.22999954223633,327000
2018-07-25,39.400001525878906,40.2599983215332,38.95000076293945,39.810001373291016,39.810001373291016,362500
2018-07-26,39.65999984741211,40.15999984741211,39.150001525878906,39.720001220703125,39.720001220703125,218300
2018-07-27,39.90999984741211,39.959999084472656,38.43000030517578,38.59000015258789,38.59000015258789,160400
2018-07-30,38.7599983215332,39.34000015258789,38.34000015258789,38.459999084472656,38.459999084472656,216200
2018-07-31,38.58000183105469,39.40999984741211,38.38999938964844,39.119998931884766,39.119998931884766,195800
2018-08-01,39.119998931884766,40.099998474121094,39.11000061035156,39.560001373291016,39.560001373291016,378400
2018-08-02,39.189998626708984,39.7599983215332,39.0,39.5,39.5,132600
2018-08-03,39.619998931884766,39.959999084472656,39.36000061035156,39.66999816894531,39.66999816894531,349800
2018-08-06,39.68000030517578,40.189998626708984,39.68000030517578,39.93000030517578,39.93000030517578,211200
2018-08-07,40.400001525878906,41.63999938964844,40.400001525878906,41.43000030517578,41.43000030517578,492200
2018-08-08,41.4900016784668,41.84000015258789,40.849998474121094,41.41999816894531,41.41999816894531,283000
2018-08-09,41.41999816894531,42.09000015258789,41.29999923706055,41.939998626708984,41.939998626708984,448000
2018-08-10,41.54999923706055,42.5,41.380001068115234,42.09000015258789,42.09000015258789,347300
2018-08-13,42.08000183105469,42.150001525878906,41.20000076293945,41.84000015258789,41.84000015258789,395200
2018-08-14,41.95000076293945,43.33000183105469,41.630001068115234,43.290000915527344,43.290000915527344,403100
2018-08-15,43.04999923706055,43.2400016784668,42.029998779296875,42.40999984741211,42.40999984741211,230900
2018-08-16,43.5099983215332,44.0,42.689998626708984,43.459999084472656,43.459999084472656,544500
2018-08-17,43.310001373291016,43.86000061035156,43.0099983215332,43.65999984741211,43.65999984741211,388600
2018-08-20,43.86000061035156,44.33000183105469,43.209999084472656,44.0,44.0,689600
2018-08-21,47.900001525878906,48.20000076293945,45.400001525878906,46.75,46.75,1969300
2018-08-22,46.75,47.81999969482422,46.09000015258789,47.65999984741211,47.65999984741211,876500
2018-08-23,47.66999816894531,48.459999084472656,47.15999984741211,48.02000045776367,48.02000045776367,772900
2018-08-24,48.27000045776367,48.29999923706055,47.189998626708984,47.83000183105469,47.83000183105469,638000
2018-08-27,48.0,48.970001220703125,47.459999084472656,48.06999969482422,48.06999969482422,578000
2018-08-28,48.08000183105469,48.790000915527344,47.38999938964844,47.7599983215332,47.7599983215332,690000
2018-08-29,47.709999084472656,48.58000183105469,46.529998779296875,48.060001373291016,48.060001373291016,600200
2018-08-30,47.790000915527344,48.380001068115234,46.720001220703125,47.9900016784668,47.9900016784668,446300
2018-08-31,47.81999969482422,48.150001525878906,47.34000015258789,47.869998931884766,47.869998931884766,463200
2018-09-04,46.880001068115234,46.880001068115234,45.41999816894531,46.20000076293945,46.20000076293945,772900
2018-09-05,46.560001373291016,47.16999816894531,45.849998474121094,46.72999954223633,46.72999954223633,595400
2018-09-06,46.70000076293945,47.130001068115234,46.22999954223633,46.27000045776367,46.27000045776367,384100
2018-09-07,46.20000076293945,47.650001525878906,46.02000045776367,46.20000076293945,46.20000076293945,361600
2018-09-10,46.40999984741211,46.88999938964844,45.810001373291016,46.529998779296875,46.529998779296875,321300
2018-09-11,46.31999969482422,46.63999938964844,45.63999938964844,46.41999816894531,46.41999816894531,276600
2018-09-12,46.310001373291016,46.810001373291016,45.939998626708984,46.66999816894531,46.66999816894531,355800
2018-09-13,46.66999816894531,47.09000015258789,46.369998931884766,46.529998779296875,46.529998779296875,317900
2018-09-14,46.66999816894531,46.849998474121094,45.61000061035156,46.38999938964844,46.38999938964844,247000
2018-09-17,46.189998626708984,46.33000183105469,45.25,45.869998931884766,45.869998931884766,206400
2018-09-18,45.900001525878906,46.099998474121094,45.470001220703125,45.59000015258789,45.59000015258789,185800
2018-09-19,45.59000015258789,45.91999816894531,45.130001068115234,45.290000915527344,45.290000915527344,297300
2018-09-20,45.36000061035156,46.0,45.29999923706055,45.7599983215332,45.7599983215332,482100
2018-09-21,45.91999816894531,46.43000030517578,45.43000030517578,45.52000045776367,45.52000045776367,760600
2018-09-24,45.2599983215332,46.279998779296875,44.709999084472656,45.95000076293945,45.95000076293945,531900
2018-09-25,45.84000015258789,46.060001373291016,45.369998931884766,45.83000183105469,45.83000183105469,396500
2018-09-26,45.970001220703125,46.290000915527344,45.439998626708984,45.93000030517578,45.93000030517578,567400
2018-09-27,46.099998474121094,46.560001373291016,45.880001068115234,46.29999923706055,46.29999923706055,312500
2018-09-28,46.060001373291016,46.75,45.72999954223633,46.2599983215332,46.2599983215332,426000
2018-10-01,46.54999923706055,46.54999923706055,45.02000045776367,45.36000061035156,45.36000061035156,324900
2018-10-02,45.29999923706055,46.52000045776367,45.060001373291016,46.02000045776367,46.02000045776367,260800
2018-10-03,46.119998931884766,47.290000915527344,45.63999938964844,46.970001220703125,46.970001220703125,385000
2018-10-04,46.880001068115234,46.880001068115234,45.959999084472656,46.2400016784668,46.2400016784668,209500
2018-10-05,46.0,46.220001220703125,44.209999084472656,44.84000015258789,44.84000015258789,377200
2018-10-08,44.63999938964844,45.45000076293945,44.20000076293945,44.540000915527344,44.540000915527344,307100
2018-10-09,44.380001068115234,45.130001068115234,43.95000076293945,44.060001373291016,44.060001373291016,385000
2018-10-10,43.81999969482422,44.459999084472656,43.25,43.310001373291016,43.310001373291016,403500
2018-10-11,43.08000183105469,43.810001373291016,42.7599983215332,43.11000061035156,43.11000061035156,383000
2018-10-12,44.11000061035156,44.45000076293945,43.709999084472656,44.310001373291016,44.310001373291016,290900
2018-10-15,44.150001525878906,44.81999969482422,43.93000030517578,44.20000076293945,44.20000076293945,324100
2018-10-16,44.529998779296875,46.04999923706055,44.34000015258789,45.83000183105469,45.83000183105469,340100
2018-10-17,45.81999969482422,46.38999938964844,45.20000076293945,46.29999923706055,46.29999923706055,181700
2018-10-18,46.130001068115234,46.459999084472656,45.599998474121094,45.79999923706055,45.79999923706055,218400
2018-10-19,45.900001525878906,46.529998779296875,44.91999816894531,44.9900016784668,44.9900016784668,291500
2018-10-22,45.27000045776367,45.70000076293945,44.310001373291016,44.720001220703125,44.720001220703125,371800
2018-10-23,44.08000183105469,44.54999923706055,42.83000183105469,44.09000015258789,44.09000015258789,740600
2018-10-24,43.959999084472656,44.29999923706055,41.54999923706055,41.880001068115234,41.880001068115234,481400
2018-10-25,42.13999938964844,43.22999954223633,42.0,42.91999816894531,42.91999816894531,316900
2018-10-26,41.88999938964844,43.20000076293945,41.09000015258789,41.970001220703125,41.970001220703125,240000
2018-10-29,42.54999923706055,42.91999816894531,40.939998626708984,41.33000183105469,41.33000183105469,255400
2018-10-30,41.439998626708984,43.29999923706055,41.31999969482422,43.279998779296875,43.279998779296875,193400
2018-10-31,43.2400016784668,44.0099983215332,43.060001373291016,43.31999969482422,43.31999969482422,341200
2018-11-01,43.83000183105469,46.279998779296875,43.7400016784668,45.83000183105469,45.83000183105469,503200
2018-11-02,45.84000015258789,46.599998474121094,44.86000061035156,46.54999923706055,46.54999923706055,316500
2018-11-05,46.45000076293945,46.63999938964844,44.650001525878906,45.20000076293945,45.20000076293945,592700
2018-11-06,49.720001220703125,54.70000076293945,48.86000061035156,50.0,50.0,1865500
2018-11-07,50.619998931884766,52.900001525878906,49.150001525878906,52.7599983215332,52.7599983215332,552900
2018-11-08,52.45000076293945,52.72999954223633,51.5,52.0099983215332,52.0099983215332,445700
2018-11-09,51.66999816894531,51.90999984741211,50.290000915527344,51.15999984741211,51.15999984741211,390900
2018-11-12,50.040000915527344,50.040000915527344,47.310001373291016,48.400001525878906,48.400001525878906,595900
2018-11-13,48.75,50.560001373291016,48.75,49.650001525878906,49.650001525878906,523800
2018-11-14,50.130001068115234,50.75,49.599998474121094,49.72999954223633,49.72999954223633,332400
2018-11-15,49.58000183105469,51.97999954223633,49.54999923706055,51.630001068115234,51.630001068115234,386300
2018-11-16,51.2400016784668,52.4900016784668,50.939998626708984,52.18000030517578,52.18000030517578,329600
2018-11-19,51.810001373291016,52.2599983215332,51.119998931884766,51.29999923706055,51.29999923706055,352100
2018-11-20,50.470001220703125,52.40999984741211,49.38999938964844,50.52000045776367,50.52000045776367,365800
2018-11-21,50.97999954223633,50.97999954223633,49.720001220703125,50.5099983215332,50.5099983215332,213300
2018-11-23,50.349998474121094,51.75,50.310001373291016,51.29999923706055,51.29999923706055,117800
2018-11-26,51.97999954223633,51.97999954223633,50.7400016784668,50.81999969482422,50.81999969482422,292300
2018-11-27,50.290000915527344,51.279998779296875,49.40999984741211,50.77000045776367,50.77000045776367,244900
2018-11-28,51.220001220703125,52.86000061035156,50.59000015258789,52.4900016784668,52.4900016784668,513000
2018-11-29,52.349998474121094,53.70000076293945,52.02000045776367,52.77000045776367,52.77000045776367,313500
2018-11-30,52.7599983215332,52.849998474121094,51.34000015258789,52.72999954223633,52.72999954223633,379600
2018-12-03,53.38999938964844,54.04999923706055,52.04999923706055,53.29999923706055,53.29999923706055,395400
2018-12-04,53.33000183105469,53.560001373291016,51.9900016784668,52.15999984741211,52.15999984741211,573800
2018-12-06,50.06999969482422,50.279998779296875,47.36000061035156,48.689998626708984,48.689998626708984,942800
2018-12-07,48.84000015258789,49.36000061035156,47.779998779296875,47.970001220703125,47.970001220703125,509600
2018-12-10,47.970001220703125,48.22999954223633,46.810001373291016,46.88999938964844,46.88999938964844,436700
2018-12-11,47.81999969482422,48.90999984741211,47.709999084472656,47.7400016784668,47.7400016784668,450100
2018-12-12,48.400001525878906,49.560001373291016,48.0099983215332,49.18000030517578,49.18000030517578,393200
2018-12-13,49.5,50.22999954223633,48.130001068115234,48.689998626708984,48.689998626708984,342300
2018-12-14,48.0099983215332,49.75,48.0099983215332,49.130001068115234,49.130001068115234,573700
2018-12-17,48.869998931884766,50.08000183105469,48.27000045776367,48.91999816894531,48.91999816894531,786000
2018-12-18,49.5,51.29999923706055,49.09000015258789,51.099998474121094,51.099998474121094,435400
2018-12-19,51.119998931884766,52.02000045776367,49.959999084472656,50.220001220703125,50.220001220703125,336200
2018-12-20,50.0099983215332,51.290000915527344,49.939998626708984,50.47999954223633,50.47999954223633,342700
2018-12-21,50.15999984741211,50.47999954223633,47.54999923706055,48.65999984741211,48.65999984741211,1263700
2018-12-24,48.400001525878906,48.650001525878906,46.77000045776367,46.90999984741211,46.90999984741211,166600
2018-12-26,47.04999923706055,49.61000061035156,46.720001220703125,49.59000015258789,49.59000015258789,199300
2018-12-27,48.619998931884766,49.709999084472656,47.97999954223633,49.68000030517578,49.68000030517578,256200
2018-12-28,49.880001068115234,51.560001373291016,49.41999816894531,50.7400016784668,50.7400016784668,214300
2018-12-31,50.790000915527344,51.41999816894531,50.2599983215332,51.310001373291016,51.310001373291016,248500
2019-01-02,50.7599983215332,51.91999816894531,50.34000015258789,50.91999816894531,50.91999816894531,426100
2019-01-03,49.970001220703125,50.0,46.5,47.540000915527344,47.540000915527344,402400
2019-01-04,48.2400016784668,49.880001068115234,48.18000030517578,49.470001220703125,49.470001220703125,196400
2019-01-07,49.380001068115234,51.220001220703125,49.310001373291016,50.810001373291016,50.810001373291016,182000
2019-01-08,51.130001068115234,51.75,50.70000076293945,51.619998931884766,51.619998931884766,229500
2019-01-09,52.189998626708984,54.34000015258789,52.060001373291016,54.2599983215332,54.2599983215332,416100
2019-01-10,54.099998474121094,56.93000030517578,53.33000183105469,55.93000030517578,55.93000030517578,812000
2019-01-11,55.779998779296875,57.0099983215332,55.29999923706055,57.0,57.0,586800
2019-01-14,56.560001373291016,56.95000076293945,53.66999816894531,54.18000030517578,54.18000030517578,653600
2019-01-15,54.310001373291016,54.97999954223633,53.56999969482422,54.619998931884766,54.619998931884766,351100
2019-01-16,54.97999954223633,56.11000061035156,54.4900016784668,54.619998931884766,54.619998931884766,361100
2019-01-17,54.279998779296875,54.720001220703125,53.540000915527344,54.130001068115234,54.130001068115234,353900
2019-01-18,54.43000030517578,54.869998931884766,53.900001525878906,54.33000183105469,54.33000183105469,259500
2019-01-22,54.290000915527344,54.41999816894531,53.29999923706055,53.9900016784668,53.9900016784668,166200
2019-01-23,54.150001525878906,54.689998626708984,51.5,52.040000915527344,52.040000915527344,421000
2019-01-24,52.79999923706055,56.61000061035156,52.79999923706055,55.83000183105469,55.83000183105469,700800
2019-01-25,56.38999938964844,58.2400016784668,55.88999938964844,57.7599983215332,57.7599983215332,874400
2019-01-28,56.7400016784668,57.95000076293945,56.130001068115234,56.40999984741211,56.40999984741211,402300
2019-01-29,57.5,57.5,55.349998474121094,55.38999938964844,55.38999938964844,346300
2019-01-30,55.84000015258789,56.040000915527344,54.060001373291016,55.209999084472656,55.209999084472656,393400
2019-01-31,55.27000045776367,56.90999984741211,55.27000045776367,56.84000015258789,56.84000015258789,430800
2019-02-01,56.869998931884766,57.47999954223633,56.36000061035156,56.97999954223633,56.97999954223633,524600
2019-02-04,57.0,57.31999969482422,55.2599983215332,57.0,57.0,679500
2019-02-05,57.130001068115234,57.130001068115234,52.06999969482422,52.08000183105469,52.08000183105469,1186100
2019-02-06,52.11000061035156,54.540000915527344,52.09000015258789,53.63999938964844,53.63999938964844,757200
2019-02-07,53.099998474121094,53.400001525878906,51.36000061035156,51.90999984741211,51.90999984741211,458300
2019-02-08,51.439998626708984,51.939998626708984,50.54999923706055,51.349998474121094,51.349998474121094,448300
2019-02-11,51.59000015258789,53.16999816894531,51.5,53.099998474121094,53.099998474121094,413400
2019-02-12,53.4900016784668,53.95000076293945,52.290000915527344,53.290000915527344,53.290000915527344,314400
2019-02-13,53.439998626708984,54.97999954223633,53.439998626708984,53.560001373291016,53.560001373291016,498100
2019-02-14,53.40999984741211,55.029998779296875,53.40999984741211,54.59000015258789,54.59000015258789,424600
2019-02-15,55.130001068115234,55.63999938964844,54.369998931884766,55.2400016784668,55.2400016784668,371600
2019-02-19,55.43000030517578,55.790000915527344,54.90999984741211,55.5,55.5,419500
2019-02-20,55.43000030517578,57.20000076293945,55.400001525878906,56.70000076293945,56.70000076293945,515000
2019-02-21,56.70000076293945,56.7599983215332,55.790000915527344,56.18000030517578,56.18000030517578,256200
2019-02-22,56.220001220703125,57.47999954223633,56.220001220703125,57.38999938964844,57.38999938964844,368100
2019-02-25,57.7599983215332,59.38999938964844,57.72999954223633,58.689998626708984,58.689998626708984,423900
2019-02-26,58.40999984741211,59.7400016784668,58.349998474121094,59.34000015258789,59.34000015258789,459100
2019-02-27,59.119998931884766,59.939998626708984,57.400001525878906,58.040000915527344,58.040000915527344,307800
2019-02-28,57.689998626708984,58.63999938964844,56.779998779296875,58.5,58.5,287100
2019-03-01,58.79999923706055,58.88999938964844,56.29999923706055,57.959999084472656,57.959999084472656,390400
2019-03-04,57.79999923706055,58.90999984741211,57.29999923706055,57.93000030517578,57.93000030517578,452500
2019-03-05,58.099998474121094,58.54999923706055,56.02000045776367,56.099998474121094,56.099998474121094,380000
2019-03-06,56.349998474121094,56.81999969482422,54.540000915527344,54.54999923706055,54.54999923706055,403200
2019-03-07,54.619998931884766,54.75,53.119998931884766,53.529998779296875,53.529998779296875,303400
2019-03-08,53.119998931884766,54.369998931884766,52.22999954223633,54.2599983215332,54.2599983215332,478300
2019-03-11,54.2599983215332,56.2400016784668,54.2599983215332,55.93000030517578,55.93000030517578,334600
2019-03-12,55.900001525878906,56.0,54.5,55.459999084472656,55.459999084472656,276000
2019-03-13,55.779998779296875,56.939998626708984,55.70000076293945,56.16999816894531,56.16999816894531,524300
2019-03-14,56.25,56.70000076293945,55.119998931884766,55.119998931884766,55.119998931884766,401200
2019-03-15,55.25,55.709999084472656,54.16999816894531,54.310001373291016,54.310001373291016,857400
2019-03-18,54.290000915527344,55.18000030517578,53.29999923706055,53.560001373291016,53.560001373291016,532200
2019-03-19,53.72999954223633,54.380001068115234,52.90999984741211,53.4900016784668,53.4900016784668,378300
2019-03-20,53.369998931884766,53.95000076293945,52.33000183105469,53.02000045776367,53.02000045776367,355300
2019-03-21,52.709999084472656,54.70000076293945,52.709999084472656,54.43000030517578,54.43000030517578,326800
2019-03-22,53.939998626708984,54.04999923706055,51.369998931884766,51.369998931884766,51.369998931884766,318600
2019-03-25,51.369998931884766,52.22999954223633,50.84000015258789,51.810001373291016,51.810001373291016,304100
2019-03-26,52.29999923706055,52.849998474121094,51.369998931884766,52.0099983215332,52.0099983215332,238900
2019-03-27,52.0,52.189998626708984,50.58000183105469,51.7400016784668,51.7400016784668,335300
2019-03-28,52.38999938964844,53.619998931884766,51.7599983215332,52.29999923706055,52.29999923706055,296600
2019-03-29,52.86000061035156,53.20000076293945,51.810001373291016,52.36000061035156,52.36000061035156,477300
2019-04-01,52.86000061035156,53.970001220703125,52.29999923706055,53.84000015258789,53.84000015258789,320100
2019-04-02,54.04999923706055,55.290000915527344,53.220001220703125,54.97999954223633,54.97999954223633,350400
2019-04-03,55.470001220703125,56.209999084472656,54.400001525878906,54.650001525878906,54.650001525878906,349200
2019-04-04,54.470001220703125,55.5099983215332,54.2599983215332,55.34000015258789,55.34000015258789,320600
2019-04-05,55.61000061035156,56.029998779296875,54.79999923706055,55.20000076293945,55.20000076293945,236200
2019-04-08,54.77000045776367,55.900001525878906,54.40999984741211,55.84000015258789,55.84000015258789,252900
2019-04-09,55.540000915527344,56.2599983215332,55.400001525878906,55.650001525878906,55.650001525878906,324800
2019-04-10,55.619998931884766,57.61000061035156,55.029998779296875,57.61000061035156,57.61000061035156,328300
2019-04-11,57.790000915527344,57.790000915527344,57.02000045776367,57.720001220703125,57.720001220703125,199600
2019-04-12,57.970001220703125,59.11000061035156,57.369998931884766,58.97999954223633,58.97999954223633,311800
2019-04-15,58.720001220703125,59.25,58.45000076293945,58.689998626708984,58.689998626708984,245100
2019-04-16,59.18000030517578,60.61000061035156,58.779998779296875,60.4900016784668,60.4900016784668,394100
2019-04-17,60.779998779296875,61.18000030517578,59.70000076293945,60.150001525878906,60.150001525878906,522300
2019-04-18,59.900001525878906,60.25,59.41999816894531,60.029998779296875,60.029998779296875,331200
2019-04-22,59.900001525878906,60.619998931884766,59.630001068115234,60.279998779296875,60.279998779296875,279600
2019-04-23,60.33000183105469,61.33000183105469,60.0099983215332,61.22999954223633,61.22999954223633,256100
2019-04-24,61.22999954223633,61.58000183105469,60.529998779296875,60.58000183105469,60.58000183105469,241100
2019-04-25,60.43000030517578,60.43000030517578,58.619998931884766,59.900001525878906,59.900001525878906,267800
2019-04-26,59.900001525878906,60.400001525878906,59.099998474121094,59.97999954223633,59.97999954223633,344000
2019-04-29,59.95000076293945,60.209999084472656,59.290000915527344,59.95000076293945,59.95000076293945,310800
2019-04-30,60.220001220703125,61.16999816894531,59.970001220703125,60.52000045776367,60.52000045776367,267600
2019-05-01,60.68000030517578,61.22999954223633,59.599998474121094,59.81999969482422,59.81999969482422,511900
2019-05-02,59.630001068115234,60.5099983215332,59.54999923706055,60.43000030517578,60.43000030517578,335400
2019-05-03,60.810001373291016,62.310001373291016,60.79999923706055,62.0099983215332,62.0099983215332,336800
2019-05-06,60.20000076293945,60.84000015258789,58.08000183105469,60.09000015258789,60.09000015258789,605500
2019-05-07,62.09000015258789,62.29999923706055,55.880001068115234,59.720001220703125,59.720001220703125,1121900
2019-05-08,59.630001068115234,59.810001373291016,58.33000183105469,58.959999084472656,58.959999084472656,384800
2019-05-09,58.060001373291016,58.72999954223633,57.099998474121094,58.63999938964844,58.63999938964844,295700
2019-05-10,58.029998779296875,59.0,56.689998626708984,58.77000045776367,58.77000045776367,303600
2019-05-13,57.099998474121094,57.47999954223633,56.380001068115234,56.79999923706055,56.79999923706055,327400
2019-05-14,57.0099983215332,58.060001373291016,56.290000915527344,57.34000015258789,57.34000015258789,320000
2019-05-15,56.79999923706055,58.130001068115234,56.650001525878906,57.59000015258789,57.59000015258789,236300
2019-05-16,57.18000030517578,57.18000030517578,53.869998931884766,54.099998474121094,54.099998474121094,534300
2019-05-17,53.16999816894531,53.16999816894531,47.130001068115234,47.81999969482422,47.81999969482422,1238800
2019-05-20,46.900001525878906,47.119998931884766,45.540000915527344,45.56999969482422,45.56999969482422,1140800
2019-05-21,46.099998474121094,47.45000076293945,45.630001068115234,46.540000915527344,46.540000915527344,678400
2019-05-22,46.20000076293945,46.72999954223633,45.709999084472656,46.040000915527344,46.040000915527344,591800
2019-05-23,45.189998626708984,45.52000045776367,44.040000915527344,44.75,44.75,713200
2019-05-24,45.20000076293945,45.959999084472656,44.650001525878906,44.709999084472656,44.709999084472656,337900
2019-05-28,44.2599983215332,44.68000030517578,42.79999923706055,43.459999084472656,43.459999084472656,482300
2019-05-29,43.029998779296875,43.810001373291016,42.90999984741211,43.310001373291016,43.310001373291016,322400
2019-05-30,43.599998474121094,43.880001068115234,43.18000030517578,43.75,43.75,272200
2019-05-31,42.9900016784668,43.11000061035156,42.33000183105469,42.63999938964844,42.63999938964844,284100
2019-06-03,42.88999938964844,43.630001068115234,42.41999816894531,42.599998474121094,42.599998474121094,352900
2019-06-04,43.45000076293945,45.33000183105469,43.290000915527344,45.119998931884766,45.119998931884766,413000
2019-06-05,45.400001525878906,45.400001525878906,43.900001525878906,44.72999954223633,44.72999954223633,234400
2019-06-06,44.72999954223633,46.4900016784668,44.47999954223633,46.209999084472656,46.209999084472656,512500
2019-06-07,45.900001525878906,47.22999954223633,45.84000015258789,46.41999816894531,46.41999816894531,302700
2019-06-10,46.790000915527344,47.400001525878906,46.529998779296875,46.70000076293945,46.70000076293945,340500
2019-06-11,47.20000076293945,48.70000076293945,45.939998626708984,46.9900016784668,46.9900016784668,665800
2019-06-12,46.75,47.189998626708984,46.0,46.29999923706055,46.29999923706055,354400
2019-06-13,46.470001220703125,48.349998474121094,46.38999938964844,48.220001220703125,48.220001220703125,569900
2019-06-14,47.43000030517578,48.439998626708984,46.439998626708984,47.63999938964844,47.63999938964844,509800
2019-06-17,47.72999954223633,49.29999923706055,47.290000915527344,48.689998626708984,48.689998626708984,368300
2019-06-18,49.220001220703125,50.5099983215332,48.900001525878906,49.869998931884766,49.869998931884766,442900
2019-06-19,49.88999938964844,49.90999984741211,49.029998779296875,49.25,49.25,379400
2019-06-20,49.97999954223633,50.59000015258789,49.369998931884766,50.40999984741211,50.40999984741211,453100
2019-06-21,49.900001525878906,50.400001525878906,48.59000015258789,49.650001525878906,49.650001525878906,505900
2019-06-24,49.65999984741211,50.09000015258789,48.439998626708984,48.470001220703125,48.470001220703125,323800
2019-06-25,48.65999984741211,49.08000183105469,47.41999816894531,47.529998779296875,47.529998779296875,335200
2019-06-26,48.15999984741211,49.4900016784668,47.93000030517578,48.709999084472656,48.709999084472656,576100
2019-06-27,49.2599983215332,49.939998626708984,48.61000061035156,49.90999984741211,49.90999984741211,213300
2019-06-28,49.95000076293945,50.54999923706055,49.310001373291016,49.66999816894531,49.66999816894531,1548900
2019-07-01,51.79999923706055,52.86000061035156,51.349998474121094,51.95000076293945,51.95000076293945,522300
2019-07-02,51.7400016784668,52.0099983215332,50.15999984741211,50.7599983215332,50.7599983215332,260800
2019-07-03,50.93000030517578,51.209999084472656,50.439998626708984,51.189998626708984,51.189998626708984,80200
2019-07-05,50.59000015258789,51.20000076293945,49.869998931884766,51.099998474121094,51.099998474121094,123300
2019-07-08,50.66999816894531,51.310001373291016,50.08000183105469,50.220001220703125,50.220001220703125,174100
2019-07-09,50.43000030517578,50.84000015258789,49.81999969482422,50.810001373291016,50.810001373291016,263000
2019-07-10,51.099998474121094,51.59000015258789,51.040000915527344,51.290000915527344,51.290000915527344,234800
2019-07-11,51.41999816894531,51.5,50.79999923706055,51.15999984741211,51.15999984741211,219400
2019-07-12,51.54999923706055,52.40999984741211,51.5099983215332,52.060001373291016,52.060001373291016,177000
2019-07-15,52.25,52.279998779296875,51.59000015258789,52.040000915527344,52.040000915527344,149800
2019-07-16,52.0,52.43000030517578,51.56999969482422,52.220001220703125,52.220001220703125,216800
2019-07-17,52.2400016784668,53.439998626708984,51.849998474121094,52.4900016784668,52.4900016784668,269200
2019-07-18,52.36000061035156,52.52000045776367,51.630001068115234,52.279998779296875,52.279998779296875,152700
2019-07-19,52.31999969482422,52.83000183105469,52.16999816894531,52.369998931884766,52.369998931884766,280300
2019-07-22,52.529998779296875,53.59000015258789,52.400001525878906,52.59000015258789,52.59000015258789,218700
2019-07-23,53.08000183105469,54.040000915527344,52.63999938964844,53.959999084472656,53.959999084472656,272000
2019-07-24,53.56999969482422,55.11000061035156,53.5,54.86000061035156,54.86000061035156,282600
2019-07-25,54.720001220703125,54.97999954223633,53.97999954223633,54.290000915527344,54.290000915527344,136000
2019-07-26,54.459999084472656,54.9900016784668,54.0099983215332,54.56999969482422,54.56999969482422,197200
2019-07-29,54.470001220703125,54.970001220703125,53.88999938964844,54.939998626708984,54.939998626708984,152900
2019-07-30,54.349998474121094,55.029998779296875,54.040000915527344,54.29999923706055,54.29999923706055,329400
2019-07-31,54.349998474121094,54.72999954223633,53.25,53.68000030517578,53.68000030517578,460800
2019-08-01,53.939998626708984,55.11000061035156,52.18000030517578,52.7400016784668,52.7400016784668,346600
2019-08-02,52.150001525878906,52.369998931884766,50.40999984741211,50.9900016784668,50.9900016784668,319500
2019-08-05,49.630001068115234,50.06999969482422,48.90999984741211,49.52000045776367,49.52000045776367,514000
2019-08-06,49.959999084472656,50.959999084472656,49.63999938964844,50.560001373291016,50.560001373291016,391600
2019-08-07,49.66999816894531,51.27000045776367,49.54999923706055,50.77000045776367,50.77000045776367,188400
2019-08-08,51.7400016784668,53.93000030517578,51.7400016784668,53.77000045776367,53.77000045776367,250800
2019-08-09,54.04999923706055,54.08000183105469,52.56999969482422,53.880001068115234,53.880001068115234,358900
2019-08-12,53.380001068115234,54.119998931884766,53.02000045776367,53.5099983215332,53.5099983215332,229700
2019-08-13,53.40999984741211,55.400001525878906,53.18000030517578,55.060001373291016,55.060001373291016,217300
2019-08-14,53.59000015258789,53.939998626708984,52.029998779296875,52.65999984741211,52.65999984741211,226800
2019-08-15,52.81999969482422,52.97999954223633,51.5099983215332,52.849998474121094,52.849998474121094,223600
2019-08-16,53.20000076293945,55.849998474121094,52.86000061035156,55.56999969482422,55.56999969482422,312600
2019-08-19,56.09000015258789,57.0099983215332,55.88999938964844,56.459999084472656,56.459999084472656,541900
2019-08-20,47.369998931884766,50.5,45.5,46.459999084472656,46.459999084472656,3167500
2019-08-21,47.459999084472656,48.25,46.5099983215332,48.0,48.0,895700
2019-08-22,48.310001373291016,48.630001068115234,47.650001525878906,48.38999938964844,48.38999938964844,547300
2019-08-23,48.099998474121094,49.22999954223633,47.290000915527344,47.59000015258789,47.59000015258789,649800
2019-08-26,48.560001373291016,49.2599983215332,47.7400016784668,48.810001373291016,48.810001373291016,658200
2019-08-27,49.060001373291016,49.45000076293945,47.939998626708984,48.40999984741211,48.40999984741211,488200
2019-08-28,48.20000076293945,49.08000183105469,47.75,48.52000045776367,48.52000045776367,380200
2019-08-29,49.5099983215332,50.790000915527344,49.5,50.709999084472656,50.709999084472656,297500
2019-08-30,51.11000061035156,51.11000061035156,49.7400016784668,50.4900016784668,50.4900016784668,331600
2019-09-03,49.970001220703125,50.369998931884766,49.02000045776367,50.18000030517578,50.18000030517578,318700
2019-09-04,50.70000076293945,51.650001525878906,50.70000076293945,51.31999969482422,51.31999969482422,289200
2019-09-05,51.34000015258789,54.0,51.34000015258789,53.779998779296875,53.779998779296875,520500
2019-09-06,53.79999923706055,54.08000183105469,53.029998779296875,53.83000183105469,53.83000183105469,445800
2019-09-09,53.56999969482422,54.75,52.65999984741211,54.58000183105469,54.58000183105469,431400
2019-09-10,54.41999816894531,55.040000915527344,53.529998779296875,55.029998779296875,55.029998779296875,300100
2019-09-11,55.0,55.720001220703125,54.25,55.380001068115234,55.380001068115234,298600
2019-09-12,55.0,55.81999969482422,54.81999969482422,55.5099983215332,55.5099983215332,407500
2019-09-13,55.7599983215332,56.43000030517578,54.810001373291016,55.97999954223633,55.97999954223633,368500
2019-09-16,55.5099983215332,56.61000061035156,55.209999084472656,55.220001220703125,55.220001220703125,270800
2019-09-17,54.77000045776367,56.279998779296875,54.279998779296875,55.7599983215332,55.7599983215332,200700
2019-09-18,55.7599983215332,56.29999923706055,53.810001373291016,54.47999954223633,54.47999954223633,512000
2019-09-19,54.25,54.61000061035156,53.11000061035156,53.11000061035156,53.11000061035156,387300
2019-09-20,53.0,53.709999084472656,52.560001373291016,52.880001068115234,52.880001068115234,579900
2019-09-23,52.77000045776367,52.939998626708984,51.90999984741211,52.52000045776367,52.52000045776367,186300
2019-09-24,52.88999938964844,53.369998931884766,51.97999954223633,52.18000030517578,52.18000030517578,291400
2019-09-25,52.209999084472656,53.65999984741211,52.189998626708984,53.5,53.5,177800
2019-09-26,53.40999984741211,53.68000030517578,52.7599983215332,53.150001525878906,53.150001525878906,240000
2019-09-27,52.90999984741211,53.689998626708984,51.04999923706055,51.619998931884766,51.619998931884766,360300
2019-09-30,52.97999954223633,53.18000030517578,51.95000076293945,52.29999923706055,52.29999923706055,291700
2019-10-01,52.7599983215332,53.2400016784668,51.0099983215332,51.65999984741211,51.65999984741211,465600
2019-10-02,51.0,51.66999816894531,50.470001220703125,50.650001525878906,50.650001525878906,257200
2019-10-03,50.689998626708984,51.11000061035156,50.04999923706055,50.540000915527344,50.540000915527344,229400
2019-10-04,50.88999938964844,51.47999954223633,50.470001220703125,51.029998779296875,51.029998779296875,241700
2019-10-07,50.689998626708984,51.470001220703125,50.58000183105469,50.7400016784668,50.7400016784668,184000
2019-10-08,49.97999954223633,50.220001220703125,48.650001525878906,48.779998779296875,48.779998779296875,220400
2019-10-09,49.16999816894531,49.36000061035156,48.38999938964844,48.400001525878906,48.400001525878906,242900
2019-10-10,48.540000915527344,49.29999923706055,48.470001220703125,48.689998626708984,48.689998626708984,199800
2019-10-11,49.68000030517578,50.97999954223633,49.68000030517578,50.0,50.0,413200
2019-10-14,49.75,50.72999954223633,49.75,50.400001525878906,50.400001525878906,164800
2019-10-15,50.529998779296875,51.779998779296875,50.529998779296875,51.47999954223633,51.47999954223633,168200
2019-10-16,51.43000030517578,52.290000915527344,51.20000076293945,51.2599983215332,51.2599983215332,142000
2019-10-17,51.5,52.470001220703125,51.459999084472656,52.209999084472656,52.209999084472656,180300
2019-10-18,52.06999969482422,52.9900016784668,52.04999923706055,52.779998779296875,52.779998779296875,245700
2019-10-21,53.400001525878906,55.060001373291016,53.400001525878906,53.970001220703125,53.970001220703125,230100
2019-10-22,53.97999954223633,55.0,53.619998931884766,54.459999084472656,54.459999084472656,216600
2019-10-23,54.29999923706055,54.400001525878906,52.959999084472656,53.08000183105469,53.08000183105469,200100
2019-10-24,53.779998779296875,53.779998779296875,52.04999923706055,53.369998931884766,53.369998931884766,285200
2019-10-25,53.540000915527344,54.45000076293945,53.11000061035156,53.79999923706055,53.79999923706055,133500
2019-10-28,54.16999816894531,56.09000015258789,53.959999084472656,54.38999938964844,54.38999938964844,373200
2019-10-29,54.06999969482422,54.13999938964844,52.04999923706055,53.27000045776367,53.27000045776367,384100
2019-10-30,53.72999954223633,54.68000030517578,53.040000915527344,54.31999969482422,54.31999969482422,172300
2019-10-31,54.66999816894531,56.279998779296875,54.2599983215332,56.22999954223633,56.22999954223633,381900
2019-11-01,56.5,58.470001220703125,56.119998931884766,58.45000076293945,58.45000076293945,278600
2019-11-04,58.93000030517578,61.0,58.45000076293945,60.599998474121094,60.599998474121094,529800
2019-11-05,60.90999984741211,60.90999984741211,55.529998779296875,57.560001373291016,57.560001373291016,1165900
2019-11-06,57.66999816894531,58.08000183105469,56.959999084472656,57.209999084472656,57.209999084472656,282300
2019-11-07,57.0,57.4900016784668,56.84000015258789,57.2400016784668,57.2400016784668,189200
2019-11-08,56.84000015258789,58.88999938964844,56.84000015258789,58.790000915527344,58.790000915527344,239300
2019-11-11,58.5,58.91999816894531,58.130001068115234,58.77000045776367,58.77000045776367,163800
2019-11-12,58.91999816894531,59.630001068115234,58.65999984741211,59.25,59.25,272000
2019-11-13,58.7400016784668,59.81999969482422,58.599998474121094,59.75,59.75,252600
2019-11-14,59.72999954223633,60.630001068115234,59.380001068115234,59.88999938964844,59.88999938964844,218100
2019-11-15,60.349998474121094,61.34000015258789,60.119998931884766,60.86000061035156,60.86000061035156,258700
2019-11-18,60.43000030517578,61.220001220703125,59.959999084472656,61.040000915527344,61.040000915527344,360600
2019-11-19,61.0,61.70000076293945,60.130001068115234,61.43000030517578,61.43000030517578,295600
2019-11-20,60.95000076293945,61.75,60.04999923706055,60.810001373291016,60.810001373291016,334200
2019-11-21,61.029998779296875,61.029998779296875,59.77000045776367,59.9900016784668,59.9900016784668,215100
2019-11-22,60.47999954223633,60.47999954223633,59.380001068115234,59.599998474121094,59.599998474121094,240300
2019-11-25,59.900001525878906,60.90999984741211,59.869998931884766,60.560001373291016,60.560001373291016,197600
2019-11-26,60.599998474121094,60.86000061035156,59.93000030517578,60.5,60.5,142100
2019-11-27,60.779998779296875,61.279998779296875,60.439998626708984,61.189998626708984,61.189998626708984,96100
2019-11-29,60.849998474121094,61.310001373291016,60.369998931884766,60.4900016784668,60.4900016784668,56200
2019-12-02,60.56999969482422,60.79999923706055,59.029998779296875,59.119998931884766,59.119998931884766,197600
2019-12-03,58.220001220703125,58.810001373291016,57.27000045776367,58.689998626708984,58.689998626708984,213900
2019-12-04,59.369998931884766,60.220001220703125,59.2599983215332,59.5,59.5,179000
2019-12-05,60.08000183105469,60.52000045776367,59.650001525878906,59.7400016784668,59.7400016784668,238800
2019-12-06,60.75,61.27000045776367,60.31999969482422,60.380001068115234,60.380001068115234,195800
2019-12-09,60.119998931884766,60.38999938964844,59.4900016784668,59.5,59.5,157900
2019-12-10,59.25,59.349998474121094,58.38999938964844,58.599998474121094,58.599998474121094,253300
2019-12-11,58.93000030517578,60.90999984741211,58.77000045776367,60.72999954223633,60.72999954223633,448300
2019-12-12,60.79999923706055,63.220001220703125,60.72999954223633,63.0099983215332,63.0099983215332,252900
2019-12-13,62.84000015258789,63.43000030517578,62.04999923706055,62.619998931884766,62.619998931884766,235200
2019-12-16,62.849998474121094,64.23999786376953,62.81999969482422,63.77000045776367,63.77000045776367,384400
2019-12-17,64.01000213623047,64.86000061035156,63.63999938964844,64.63999938964844,64.63999938964844,289000
2019-12-18,64.45999908447266,64.94999694824219,63.369998931884766,64.3499984741211,64.3499984741211,350800
2019-12-19,64.33999633789062,65.55999755859375,64.16999816894531,64.9800033569336,64.9800033569336,234500
2019-12-20,65.12000274658203,65.88999938964844,64.25,64.43000030517578,64.43000030517578,681200
2019-12-23,64.48999786376953,65.02999877929688,64.0199966430664,64.41000366210938,64.41000366210938,116600
2019-12-24,64.55999755859375,64.83999633789062,64.0199966430664,64.79000091552734,64.79000091552734,69200
2019-12-26,64.9800033569336,65.68000030517578,64.94000244140625,65.4000015258789,65.4000015258789,58300
2019-12-27,65.55000305175781,65.55999755859375,64.52999877929688,64.56999969482422,64.56999969482422,135000
2019-12-30,64.52999877929688,65.29000091552734,63.29999923706055,64.94999694824219,64.94999694824219,134200
2019-12-31,64.68000030517578,65.76000213623047,64.68000030517578,64.83999633789062,64.83999633789062,175900
2020-01-02,65.94000244140625,66.20999908447266,64.31999969482422,66.16000366210938,66.16000366210938,218100
2020-01-03,64.97000122070312,66.27999877929688,64.97000122070312,65.94999694824219,65.94999694824219,212100
2020-01-06,64.94999694824219,65.25,64.16999816894531,64.77999877929688,64.77999877929688,266300
2020-01-07,64.54000091552734,66.11000061035156,64.41999816894531,65.69999694824219,65.69999694824219,135600
2020-01-08,65.62000274658203,66.72000122070312,65.44000244140625,66.06999969482422,66.06999969482422,173700
2020-01-09,67.0,67.0,65.30999755859375,65.77999877929688,65.77999877929688,207500
2020-01-10,65.6500015258789,65.7300033569336,64.5999984741211,64.83999633789062,64.83999633789062,162900
2020-01-13,64.83999633789062,66.23999786376953,64.83999633789062,66.22000122070312,66.22000122070312,182900
2020-01-14,65.98999786376953,67.16999816894531,65.37000274658203,66.02999877929688,66.02999877929688,236700
2020-01-15,65.5199966430664,66.4800033569336,65.5199966430664,66.3499984741211,66.3499984741211,168700
2020-01-16,66.88999938964844,67.01000213623047,64.06999969482422,64.51000213623047,64.51000213623047,402900
2020-01-17,65.1500015258789,66.81999969482422,64.77999877929688,66.66000366210938,66.66000366210938,265300
2020-01-21,66.31999969482422,66.47000122070312,65.7300033569336,66.1500015258789,66.1500015258789,152300
2020-01-22,66.69000244140625,68.29000091552734,66.05999755859375,67.68000030517578,67.68000030517578,410100
2020-01-23,67.23999786376953,68.33999633789062,66.73999786376953,67.94999694824219,67.94999694824219,237200
2020-01-24,68.25,68.25,66.94000244140625,67.06999969482422,67.06999969482422,169900
2020-01-27,65.23999786376953,66.04000091552734,64.72000122070312,65.55000305175781,65.55000305175781,162800
2020-01-28,65.93000030517578,67.69000244140625,65.48999786376953,67.5199966430664,67.5199966430664,210500
2020-01-29,67.88999938964844,68.01000213623047,66.69999694824219,66.80999755859375,66.80999755859375,276800
2020-01-30,66.08000183105469,67.0,65.45999908447266,66.5199966430664,66.5199966430664,173400
2020-01-31,66.25,66.41000366210938,63.040000915527344,63.040000915527344,63.040000915527344,336600
2020-02-03,63.310001373291016,64.31999969482422,63.06999969482422,63.709999084472656,63.709999084472656,404300
2020-02-04,65.19000244140625,71.22000122070312,65.19000244140625,67.70999908447266,67.70999908447266,639700
2020-02-05,68.95999908447266,69.3499984741211,66.6500015258789,67.13999938964844,67.13999938964844,318000
2020-02-06,67.58000183105469,67.58000183105469,65.41999816894531,65.72000122070312,65.72000122070312,176400
2020-02-07,65.55000305175781,65.55000305175781,63.65999984741211,64.4800033569336,64.4800033569336,192400
2020-02-10,63.9900016784668,65.81999969482422,63.40999984741211,65.72000122070312,65.72000122070312,202900
2020-02-11,66.25,68.11000061035156,65.58999633789062,67.0,67.0,264600
2020-02-12,67.58000183105469,68.30000305175781,66.94999694824219,68.04000091552734,68.04000091552734,212400
2020-02-13,67.33000183105469,68.2699966430664,66.7300033569336,67.69999694824219,67.69999694824219,399500
2020-02-14,67.5999984741211,67.76000213623047,64.86000061035156,64.98999786376953,64.98999786376953,170100
2020-02-18,64.51000213623047,64.56999969482422,62.90999984741211,62.95000076293945,62.95000076293945,281000
2020-02-19,63.5099983215332,63.90999984741211,63.130001068115234,63.40999984741211,63.40999984741211,125600
2020-02-20,63.15999984741211,63.560001373291016,62.36000061035156,63.2400016784668,63.2400016784668,176800
2020-02-21,63.029998779296875,63.029998779296875,61.040000915527344,61.290000915527344,61.290000915527344,221800
2020-02-24,59.290000915527344,59.29999923706055,57.2400016784668,58.04999923706055,58.04999923706055,376700
2020-02-25,58.720001220703125,58.880001068115234,56.29999923706055,56.29999923706055,56.29999923706055,272500
2020-02-26,56.58000183105469,58.130001068115234,56.58000183105469,57.220001220703125,57.220001220703125,190600
2020-02-27,55.689998626708984,57.33000183105469,54.58000183105469,54.869998931884766,54.869998931884766,289000
2020-02-28,52.20000076293945,55.84000015258789,52.0,55.119998931884766,55.119998931884766,503600
2020-03-02,55.72999954223633,57.52000045776367,54.56999969482422,57.5,57.5,337000
2020-03-03,57.47999954223633,60.5099983215332,56.150001525878906,56.310001373291016,56.310001373291016,318500
2020-03-04,57.29999923706055,59.43000030517578,56.7400016784668,59.40999984741211,59.40999984741211,307100
2020-03-05,58.04999923706055,60.59000015258789,57.59000015258789,60.5099983215332,60.5099983215332,621800
2020-03-06,58.040000915527344,59.56999969482422,57.869998931884766,59.31999969482422,59.31999969482422,495900
2020-03-09,55.150001525878906,57.34000015258789,53.34000015258789,53.7599983215332,53.7599983215332,323100
2020-03-10,55.33000183105469,56.36000061035156,52.90999984741211,55.47999954223633,55.47999954223633,556300
2020-03-11,53.70000076293945,54.060001373291016,50.380001068115234,51.08000183105469,51.08000183105469,284200
2020-03-12,47.54999923706055,51.7400016784668,45.560001373291016,48.18000030517578,48.18000030517578,384500
2020-03-13,50.88999938964844,52.849998474121094,47.439998626708984,52.849998474121094,52.849998474121094,477100
2020-03-16,44.0,51.68000030517578,44.0,49.959999084472656,49.959999084472656,489200
2020-03-17,50.90999984741211,52.13999938964844,47.849998474121094,50.41999816894531,50.41999816894531,814900
2020-03-18,47.880001068115234,49.959999084472656,45.79999923706055,47.54999923706055,47.54999923706055,680100
2020-03-19,47.150001525878906,50.45000076293945,45.25,49.380001068115234,49.380001068115234,383100
2020-03-20,49.81999969482422,52.0,47.540000915527344,47.779998779296875,47.779998779296875,544200
2020-03-23,47.90999984741211,51.56999969482422,46.400001525878906,49.630001068115234,49.630001068115234,355200
2020-03-24,51.900001525878906,54.5,50.33000183105469,54.5,54.5,400000
2020-03-25,53.939998626708984,55.209999084472656,51.470001220703125,52.41999816894531,52.41999816894531,462600
2020-03-26,52.900001525878906,53.779998779296875,51.939998626708984,53.22999954223633,53.22999954223633,276500
2020-03-27,51.650001525878906,51.97999954223633,47.790000915527344,48.34000015258789,48.34000015258789,294300
2020-03-30,48.83000183105469,52.970001220703125,48.13999938964844,52.720001220703125,52.720001220703125,423100
2020-03-31,52.52000045776367,54.560001373291016,51.95000076293945,54.560001373291016,54.560001373291016,345200
2020-04-01,52.5099983215332,54.79999923706055,51.869998931884766,53.91999816894531,53.91999816894531,362200
2020-04-02,53.16999816894531,55.93000030517578,52.83000183105469,53.900001525878906,53.900001525878906,214600
2020-04-03,53.27000045776367,54.08000183105469,51.29999923706055,52.650001525878906,52.650001525878906,215500
2020-04-06,54.970001220703125,57.84000015258789,54.56999969482422,57.650001525878906,57.650001525878906,202400
2020-04-07,59.0099983215332,59.779998779296875,57.560001373291016,59.09000015258789,59.09000015258789,361900
2020-04-08,59.81999969482422,59.97999954223633,57.31999969482422,58.880001068115234,58.880001068115234,265000
2020-04-09,60.029998779296875,61.349998474121094,59.349998474121094,60.29999923706055,60.29999923706055,211100
2020-04-13,59.290000915527344,59.939998626708984,58.18000030517578,58.470001220703125,58.470001220703125,284500
2020-04-14,60.06999969482422,62.84000015258789,60.0,62.72999954223633,62.72999954223633,193200
2020-04-15,60.83000183105469,62.400001525878906,59.43000030517578,61.279998779296875,61.279998779296875,233400
2020-04-16,61.279998779296875,62.83000183105469,60.599998474121094,62.63999938964844,62.63999938964844,264600
2020-04-17,63.61000061035156,63.97999954223633,60.97999954223633,61.5099983215332,61.5099983215332,190900
2020-04-20,60.47999954223633,62.97999954223633,60.310001373291016,61.20000076293945,61.20000076293945,222200
2020-04-21,60.11000061035156,61.540000915527344,59.650001525878906,61.279998779296875,61.279998779296875,191100
2020-04-22,62.66999816894531,63.220001220703125,61.59000015258789,62.540000915527344,62.540000915527344,218200
2020-04-23,62.400001525878906,64.7699966430664,62.400001525878906,64.05999755859375,64.05999755859375,148200
2020-04-24,63.61000061035156,64.94000244140625,63.459999084472656,64.54000091552734,64.54000091552734,191100
2020-04-27,65.5,66.37000274658203,64.81999969482422,65.7699966430664,65.7699966430664,309200
2020-04-28,67.30999755859375,67.30999755859375,63.97999954223633,64.48999786376953,64.48999786376953,291900
2020-04-29,66.3499984741211,66.3499984741211,64.19999694824219,64.91000366210938,64.91000366210938,384700
2020-04-30,64.30000305175781,64.7300033569336,62.38999938964844,62.75,62.75,425000
2020-05-01,60.81999969482422,62.36000061035156,59.130001068115234,59.63999938964844,59.63999938964844,389000
2020-05-04,59.45000076293945,60.400001525878906,58.150001525878906,58.7400016784668,58.7400016784668,320000
2020-05-05,64.61000061035156,64.61000061035156,57.900001525878906,58.02000045776367,58.02000045776367,474300
2020-05-06,58.119998931884766,59.90999984741211,57.900001525878906,58.150001525878906,58.150001525878906,367000
2020-05-07,60.34000015258789,60.34000015258789,57.75,58.869998931884766,58.869998931884766,332500
2020-05-08,59.95000076293945,61.459999084472656,59.150001525878906,61.349998474121094,61.349998474121094,192900
2020-05-11,60.61000061035156,62.619998931884766,59.95000076293945,61.54999923706055,61.54999923706055,212800
2020-05-12,62.0,62.22999954223633,59.20000076293945,59.40999984741211,59.40999984741211,234700
2020-05-13,59.18000030517578,59.86000061035156,56.61000061035156,57.119998931884766,57.119998931884766,215300
2020-05-14,56.2400016784668,57.04999923706055,54.380001068115234,55.93000030517578,55.93000030517578,425100
2020-05-15,55.560001373291016,56.400001525878906,54.58000183105469,54.95000076293945,54.95000076293945,470300
2020-05-18,56.45000076293945,58.68000030517578,56.45000076293945,58.2599983215332,58.2599983215332,299300
2020-05-19,58.02000045776367,61.33000183105469,58.02000045776367,60.38999938964844,60.38999938964844,253100
2020-05-20,61.4900016784668,63.29999923706055,61.4900016784668,63.279998779296875,63.279998779296875,297900
2020-05-21,63.13999938964844,63.97999954223633,62.130001068115234,62.54999923706055,62.54999923706055,226900
2020-05-22,62.97999954223633,62.97999954223633,61.88999938964844,62.66999816894531,62.66999816894531,138600
2020-05-26,64.02999877929688,64.4800033569336,62.849998474121094,63.779998779296875,63.779998779296875,218900
2020-05-27,64.62999725341797,64.98999786376953,62.5,64.87000274658203,64.87000274658203,237500
2020-05-28,65.0,65.52999877929688,63.630001068115234,63.650001525878906,63.650001525878906,200400
2020-05-29,63.38999938964844,64.26000213623047,62.47999954223633,63.939998626708984,63.939998626708984,211500
2020-06-01,64.1500015258789,66.1500015258789,63.869998931884766,65.8499984741211,65.8499984741211,229700
2020-06-02,66.38999938964844,67.04000091552734,65.77999877929688,66.0,66.0,317900
2020-06-03,66.70999908447266,66.95999908447266,65.87999725341797,66.44000244140625,66.44000244140625,335900
2020-06-04,65.62000274658203,66.26000213623047,64.33000183105469,65.2699966430664,65.2699966430664,338300
2020-06-05,66.9000015258789,67.48999786376953,65.76000213623047,66.29000091552734,66.29000091552734,327900
2020-06-08,67.70999908447266,68.22000122070312,66.55999755859375,67.56999969482422,67.56999969482422,322300
2020-06-09,66.83000183105469,68.16000366210938,66.80000305175781,67.01000213623047,67.01000213623047,178600
2020-06-10,67.19000244140625,67.51000213623047,65.77999877929688,66.16000366210938,66.16000366210938,195300
2020-06-11,64.5,64.5,60.33000183105469,60.33000183105469,60.33000183105469,385400
2020-06-12,62.2599983215332,62.779998779296875,59.29999923706055,60.84000015258789,60.84000015258789,321500
2020-06-15,59.369998931884766,62.029998779296875,59.08000183105469,61.65999984741211,61.65999984741211,341900
2020-06-16,64.62000274658203,64.77999877929688,63.2599983215332,63.91999816894531,63.91999816894531,414600
2020-06-17,64.26000213623047,64.70999908447266,61.91999816894531,63.0,63.0,430500
2020-06-18,62.41999816894531,62.810001373291016,60.58000183105469,61.400001525878906,61.400001525878906,442400
2020-06-19,62.029998779296875,62.619998931884766,59.959999084472656,60.189998626708984,60.189998626708984,509600
2020-06-22,59.9900016784668,61.34000015258789,59.150001525878906,60.40999984741211,60.40999984741211,402300
2020-06-23,61.25,61.380001068115234,60.20000076293945,60.380001068115234,60.380001068115234,593200
2020-06-24,59.84000015258789,60.380001068115234,58.400001525878906,58.560001373291016,58.560001373291016,302700
2020-06-25,58.439998626708984,59.2400016784668,57.560001373291016,59.20000076293945,59.20000076293945,346000
2020-06-26,59.0,60.34000015258789,58.560001373291016,59.349998474121094,59.349998474121094,551000
2020-06-29,59.83000183105469,60.959999084472656,59.279998779296875,60.20000076293945,60.20000076293945,305600
2020-06-30,60.189998626708984,62.47999954223633,60.099998474121094,62.41999816894531,62.41999816894531,320000
2020-07-01,62.54999923706055,62.619998931884766,60.970001220703125,61.2599983215332,61.2599983215332,323700
2020-07-02,62.11000061035156,63.15999984741211,62.11000061035156,62.779998779296875,62.779998779296875,273100
2020-07-06,63.9900016784668,65.16999816894531,63.779998779296875,64.31999969482422,64.31999969482422,276100
2020-07-07,63.95000076293945,65.4000015258789,63.619998931884766,64.05000305175781,64.05000305175781,498700
2020-07-08,64.13999938964844,64.79000091552734,62.63999938964844,63.2599983215332,63.2599983215332,347500
2020-07-09,63.41999816894531,65.26000213623047,62.75,65.12000274658203,65.12000274658203,208300
2020-07-10,64.94999694824219,65.25,63.7599983215332,64.33000183105469,64.33000183105469,211100
2020-07-13,65.04000091552734,65.26000213623047,62.61000061035156,62.720001220703125,62.720001220703125,241500
2020-07-14,62.290000915527344,64.20999908447266,62.11000061035156,64.16000366210938,64.16000366210938,139700
2020-07-15,65.5,65.93000030517578,64.48999786376953,65.0199966430664,65.0199966430664,292700
2020-07-16,64.69999694824219,65.04000091552734,63.209999084472656,63.720001220703125,63.720001220703125,150800
2020-07-17,64.13999938964844,64.97000122070312,63.86000061035156,64.6500015258789,64.6500015258789,142700
2020-07-20,64.33999633789062,66.69000244140625,64.01000213623047,66.55000305175781,66.55000305175781,125800
2020-07-21,67.0,67.77999877929688,66.81999969482422,67.25,67.25,154000
2020-07-22,66.9000015258789,68.19000244140625,66.9000015258789,67.88999938964844,67.88999938964844,179300
2020-07-23,67.97000122070312,69.2699966430664,67.97000122070312,69.2300033569336,69.2300033569336,283000
2020-07-24,69.19000244140625,69.19000244140625,67.94000244140625,68.5,68.5,231100
2020-07-27,68.5,69.95999908447266,68.5,69.80000305175781,69.80000305175781,144100
2020-07-28,69.29000091552734,69.55000305175781,68.88999938964844,69.3499984741211,69.3499984741211,197200
2020-07-29,69.52999877929688,71.54000091552734,69.5,71.33999633789062,71.33999633789062,162900
2020-07-30,70.3499984741211,72.37000274658203,70.3499984741211,72.12999725341797,72.12999725341797,110600
2020-07-31,72.27999877929688,72.70999908447266,71.12999725341797,72.62999725341797,72.62999725341797,270400
2020-08-03,72.62999725341797,74.1500015258789,72.62999725341797,73.63999938964844,73.63999938964844,118900
2020-08-04,73.87000274658203,74.51000213623047,72.97000122070312,73.54000091552734,73.54000091552734,213200
2020-08-05,74.29000091552734,76.8499984741211,73.86000061035156,75.62999725341797,75.62999725341797,404700
2020-08-06,75.41999816894531,76.19000244140625,74.9800033569336,75.83999633789062,75.83999633789062,161200
2020-08-07,75.75,76.45999908447266,75.51000213623047,76.4000015258789,76.4000015258789,248900
2020-08-10,76.37999725341797,76.8499984741211,72.5,72.6500015258789,72.6500015258789,196800
2020-08-11,72.94000244140625,74.47000122070312,72.45999908447266,73.08999633789062,73.08999633789062,201900
2020-08-12,73.80999755859375,74.91999816894531,73.5,74.68000030517578,74.68000030517578,261500
2020-08-13,74.83999633789062,75.04000091552734,74.0,74.3499984741211,74.3499984741211,172300
2020-08-14,73.94000244140625,75.0,72.52999877929688,73.05999755859375,73.05999755859375,281500
2020-08-17,73.38999938964844,74.97000122070312,72.83000183105469,74.44000244140625,74.44000244140625,332600
2020-08-18,70.72000122070312,72.76000213623047,67.73999786376953,72.69000244140625,72.69000244140625,833600
2020-08-19,72.5,74.7699966430664,72.44000244140625,74.37000274658203,74.37000274658203,405000
2020-08-20,73.79000091552734,74.23999786376953,69.51000213623047,70.05000305175781,70.05000305175781,563100
2020-08-21,70.0199966430664,70.05999755859375,68.19000244140625,69.12000274658203,69.12000274658203,280800
2020-08-24,69.87999725341797,71.30000305175781,69.2699966430664,69.61000061035156,69.61000061035156,188900
2020-08-25,69.45999908447266,71.4800033569336,69.19000244140625,71.33999633789062,71.33999633789062,302400
2020-08-26,71.12000274658203,72.04000091552734,70.05999755859375,71.33999633789062,71.33999633789062,270700
2020-08-27,71.08000183105469,71.11000061035156,69.41999816894531,70.05000305175781,70.05000305175781,278400
2020-08-28,70.44999694824219,70.5999984741211,69.5999984741211,70.22000122070312,70.22000122070312,162500
2020-08-31,70.33999633789062,70.66999816894531,69.31999969482422,69.77999877929688,69.77999877929688,213800
2020-09-01,69.0,69.18000030517578,67.58000183105469,68.01000213623047,68.01000213623047,236500
2020-09-02,68.19000244140625,68.9000015258789,67.62999725341797,68.72000122070312,68.72000122070312,194600
2020-09-03,66.80999755859375,66.80999755859375,60.0,64.12999725341797,64.12999725341797,698400
2020-09-04,64.0999984741211,65.55000305175781,62.09000015258789,63.9900016784668,63.9900016784668,490800
2020-09-08,63.27000045776367,63.97999954223633,62.2400016784668,62.959999084472656,62.959999084472656,295900
2020-09-09,63.52000045776367,63.52000045776367,62.15999984741211,62.59000015258789,62.59000015258789,494200
2020-09-10,63.0,63.560001373291016,59.25,59.529998779296875,59.529998779296875,342500
2020-09-11,59.810001373291016,60.09000015258789,58.849998474121094,59.439998626708984,59.439998626708984,324500
2020-09-14,60.16999816894531,60.880001068115234,59.79999923706055,60.459999084472656,60.459999084472656,213200
2020-09-15,61.0,61.9900016784668,60.5099983215332,61.439998626708984,61.439998626708984,274100
2020-09-16,62.11000061035156,63.0099983215332,61.939998626708984,62.20000076293945,62.20000076293945,183200
2020-09-17,61.13999938964844,61.79999923706055,60.439998626708984,61.68000030517578,61.68000030517578,252500
2020-09-18,62.25,63.150001525878906,61.43000030517578,62.16999816894531,62.16999816894531,600400
2020-09-21,60.970001220703125,62.209999084472656,60.720001220703125,62.189998626708984,62.189998626708984,221500
2020-09-22,62.43000030517578,62.43000030517578,61.27000045776367,62.04999923706055,62.04999923706055,153500
2020-09-23,61.84000015258789,62.79999923706055,60.88999938964844,60.939998626708984,60.939998626708984,220700
2020-09-24,60.779998779296875,63.0099983215332,60.29999923706055,62.27000045776367,62.27000045776367,292400
2020-09-25,61.9900016784668,62.02000045776367,60.97999954223633,61.61000061035156,61.61000061035156,152400
2020-09-28,62.54999923706055,63.349998474121094,62.150001525878906,63.0,63.0,156900
2020-09-29,63.29999923706055,64.16999816894531,63.02000045776367,63.33000183105469,63.33000183105469,131900
2020-09-30,63.150001525878906,64.51000213623047,62.72999954223633,63.029998779296875,63.029998779296875,224400
2020-10-01,63.529998779296875,63.599998474121094,62.470001220703125,62.970001220703125,62.970001220703125,169800
2020-10-02,61.529998779296875,63.22999954223633,61.47999954223633,62.56999969482422,62.56999969482422,187700
2020-10-05,63.2400016784668,64.2300033569336,62.72999954223633,63.54999923706055,63.54999923706055,159900
2020-10-06,63.72999954223633,64.91000366210938,63.5099983215332,63.54999923706055,63.54999923706055,184900
2020-10-07,64.12000274658203,64.12000274658203,62.790000915527344,63.599998474121094,63.599998474121094,230200
2020-10-08,64.05999755859375,65.12999725341797,64.04000091552734,64.37000274658203,64.37000274658203,106900
2020-10-09,65.0199966430664,65.88999938964844,64.2300033569336,64.66999816894531,64.66999816894531,223800
2020-10-12,64.62000274658203,65.61000061035156,64.62000274658203,65.33999633789062,65.33999633789062,99500
2020-10-13,65.01000213623047,65.01000213623047,63.459999084472656,64.33999633789062,64.33999633789062,146000
2020-10-14,64.5199966430664,64.98999786376953,62.779998779296875,63.13999938964844,63.13999938964844,97800
2020-10-15,62.529998779296875,63.45000076293945,62.150001525878906,63.43000030517578,63.43000030517578,219300
2020-10-16,63.38999938964844,64.55999755859375,63.0,63.09000015258789,63.09000015258789,97100
2020-10-19,64.66000366210938,65.2699966430664,63.56999969482422,63.75,63.75,190100
2020-10-20,64.2699966430664,64.91000366210938,63.45000076293945,63.79999923706055,63.79999923706055,95700
2020-10-21,63.86000061035156,64.54000091552734,63.060001373291016,63.09000015258789,63.09000015258789,136900
2020-10-22,63.43000030517578,64.12000274658203,62.959999084472656,63.599998474121094,63.599998474121094,167500
2020-10-23,64.08999633789062,64.08999633789062,63.29999923706055,63.72999954223633,63.72999954223633,161400
2020-10-26,62.97999954223633,63.15999984741211,61.599998474121094,62.470001220703125,62.470001220703125,183000
2020-10-27,62.689998626708984,63.52000045776367,62.11000061035156,62.15999984741211,62.15999984741211,127200
2020-10-28,61.060001373291016,61.349998474121094,59.849998474121094,59.91999816894531,59.91999816894531,154100
2020-10-29,60.119998931884766,61.41999816894531,59.84000015258789,60.83000183105469,60.83000183105469,272200
2020-10-30,60.2599983215332,60.880001068115234,59.45000076293945,60.02000045776367,60.02000045776367,127000
2020-11-02,60.349998474121094,61.27000045776367,59.779998779296875,61.18000030517578,61.18000030517578,217900
2020-11-03,64.30000305175781,67.44999694824219,63.130001068115234,63.68000030517578,63.68000030517578,312300
2020-11-04,63.09000015258789,65.13999938964844,62.41999816894531,64.81999969482422,64.81999969482422,154700
2020-11-05,65.4800033569336,66.81999969482422,65.4800033569336,66.37999725341797,66.37999725341797,124300
2020-11-06,66.48999786376953,67.20999908447266,65.55999755859375,66.4800033569336,66.4800033569336,165000
2020-11-09,69.0999984741211,70.6500015258789,67.19999694824219,67.27999877929688,67.27999877929688,221100
2020-11-10,67.83000183105469,68.54000091552734,66.08000183105469,67.0199966430664,67.0199966430664,235700
2020-11-11,67.3499984741211,68.73999786376953,66.27999877929688,68.62999725341797,68.62999725341797,110100
2020-11-12,68.4000015258789,68.4000015258789,66.19000244140625,66.55999755859375,66.55999755859375,189700
2020-11-13,67.23999786376953,70.12000274658203,67.23999786376953,69.7699966430664,69.7699966430664,204300
2020-11-16,70.0,71.30000305175781,69.33000183105469,71.25,71.25,235000
2020-11-17,70.79000091552734,71.19000244140625,69.43000030517578,71.0199966430664,71.0199966430664,168100
2020-11-18,70.86000061035156,71.23999786376953,69.08000183105469,69.1500015258789,69.1500015258789,156700
2020-11-19,68.83999633789062,69.88999938964844,68.44000244140625,69.81999969482422,69.81999969482422,127800
2020-11-20,69.43000030517578,70.7699966430664,69.43000030517578,70.33000183105469,70.33000183105469,141700
2020-11-23,71.08999633789062,71.36000061035156,70.08999633789062,70.52999877929688,70.52999877929688,156200
2020-11-24,71.0,71.0,69.94000244140625,69.98999786376953,69.98999786376953,260100
2020-11-25,69.73999786376953,70.05999755859375,68.83000183105469,68.86000061035156,68.86000061035156,174700
2020-11-27,68.80999755859375,69.33000183105469,68.18000030517578,69.0,69.0,91500
2020-11-30,68.94999694824219,69.13999938964844,67.7699966430664,68.30999755859375,68.30999755859375,181500
2020-12-01,68.98999786376953,69.33000183105469,68.26000213623047,68.97000122070312,68.97000122070312,186700
2020-12-02,68.98999786376953,69.45999908447266,68.25,69.30000305175781,69.30000305175781,148600
2020-12-03,69.5,69.81999969482422,68.44999694824219,68.56999969482422,68.56999969482422,108100
2020-12-04,69.05999755859375,69.87999725341797,68.83000183105469,69.76000213623047,69.76000213623047,135500
2020-12-07,69.80000305175781,71.55999755859375,69.58999633789062,71.48999786376953,71.48999786376953,128300
2020-12-08,71.06999969482422,72.29000091552734,71.06999969482422,71.80999755859375,71.80999755859375,145800
2020-12-09,71.80999755859375,71.94999694824219,69.02999877929688,69.31999969482422,69.31999969482422,163400
2020-12-10,69.01000213623047,69.69999694824219,68.6500015258789,69.19999694824219,69.19999694824219,130700
2020-12-11,68.80999755859375,68.9800033569336,67.73999786376953,68.38999938964844,68.38999938964844,177000
2020-12-14,69.19000244140625,70.29000091552734,69.19000244140625,69.7699966430664,69.7699966430664,273300
2020-12-15,70.56999969482422,71.98999786376953,69.5999984741211,71.7699966430664,71.7699966430664,226000
2020-12-16,72.0,72.94000244140625,71.5199966430664,72.69000244140625,72.69000244140625,212900
2020-12-17,73.37000274658203,76.55999755859375,73.04000091552734,76.44000244140625,76.44000244140625,239200
2020-12-18,76.75,78.47000122070312,76.20999908447266,76.45999908447266,76.45999908447266,808700
2020-12-21,75.1500015258789,75.55000305175781,72.9800033569336,74.43000030517578,74.43000030517578,167400
2020-12-22,74.61000061035156,76.94000244140625,74.48999786376953,75.98999786376953,75.98999786376953,142300
2020-12-23,76.29000091552734,77.05000305175781,76.05000305175781,76.76000213623047,76.76000213623047,95200
2020-12-24,76.93000030517578,77.36000061035156,75.30999755859375,76.05000305175781,76.05000305175781,121200
2020-12-28,76.87999725341797,78.31999969482422,76.66000366210938,77.86000061035156,77.86000061035156,119600
2020-12-29,78.26000213623047,78.26000213623047,75.0,75.55000305175781,75.55000305175781,99300
2020-12-30,75.6500015258789,77.12999725341797,75.6500015258789,76.48999786376953,76.48999786376953,66900
2020-12-31,76.79000091552734,77.95999908447266,76.19000244140625,77.58999633789062,77.58999633789062,128700
2021-01-04,78.12000274658203,78.44999694824219,75.72000122070312,77.5199966430664,77.5199966430664,140500
2021-01-05,77.22000122070312,80.94999694824219,77.22000122070312,80.44999694824219,80.44999694824219,168600
2021-01-06,81.19000244140625,82.30000305175781,80.66000366210938,81.81999969482422,81.81999969482422,234200
2021-01-07,81.81999969482422,83.13999938964844,80.77999877929688,83.0,83.0,122100
2021-01-08,83.79000091552734,84.06999969482422,82.56999969482422,83.6500015258789,83.6500015258789,97900
2021-01-11,82.37999725341797,84.66000366210938,82.37999725341797,84.58000183105469,84.58000183105469,106200
2021-01-12,85.69999694824219,87.05999755859375,83.55000305175781,84.05000305175781,84.05000305175781,167600
2021-01-13,84.04000091552734,84.31999969482422,82.80000305175781,83.05000305175781,83.05000305175781,105000
2021-01-14,83.25,87.27999877929688,82.91999816894531,85.52999877929688,85.52999877929688,186000
2021-01-15,84.23999786376953,84.69000244140625,82.47000122070312,82.56999969482422,82.56999969482422,239000
2021-01-19,84.29000091552734,86.56999969482422,84.29000091552734,85.33000183105469,85.33000183105469,244700
2021-01-20,85.77999877929688,86.98999786376953,84.0199966430664,84.55999755859375,84.55999755859375,140600
2021-01-21,85.38999938964844,86.55000305175781,84.11000061035156,85.08999633789062,85.08999633789062,139800
2021-01-22,84.19000244140625,86.19999694824219,83.9800033569336,85.81999969482422,85.81999969482422,134200
2021-01-25,85.7699966430664,87.23999786376953,84.79000091552734,85.52999877929688,85.52999877929688,170500
2021-01-26,85.5,87.0199966430664,82.55999755859375,83.04000091552734,83.04000091552734,130500
2021-01-27,81.5999984741211,82.75,79.58999633789062,80.72000122070312,80.72000122070312,173300
2021-01-28,81.62999725341797,81.81999969482422,80.0,80.27999877929688,80.27999877929688,150300
2021-01-29,79.9800033569336,80.77999877929688,78.44000244140625,78.94000244140625,78.94000244140625,195300
2021-02-01,79.58999633789062,80.91999816894531,78.83000183105469,80.77999877929688,80.77999877929688,153300
2021-02-02,87.94999694824219,90.0,82.45999908447266,83.7699966430664,83.7699966430664,436000
2021-02-03,83.33000183105469,84.33000183105469,81.30000305175781,84.0999984741211,84.0999984741211,245600
2021-02-04,84.0,87.61000061035156,83.38999938964844,87.47000122070312,87.47000122070312,222600
2021-02-05,87.61000061035156,89.45999908447266,86.83000183105469,89.26000213623047,89.26000213623047,200600
2021-02-08,89.26000213623047,90.61000061035156,88.9000015258789,89.88999938964844,89.88999938964844,178600
2021-02-09,89.80000305175781,89.80000305175781,88.12999725341797,88.23999786376953,88.23999786376953,120300
2021-02-10,88.44000244140625,89.3499984741211,86.66000366210938,87.08000183105469,87.08000183105469,126100
2021-02-11,87.33000183105469,88.77999877929688,87.20999908447266,88.4000015258789,88.4000015258789,153200
2021-02-12,88.12999725341797,89.0,87.38999938964844,87.80000305175781,87.80000305175781,84900
2021-02-16,88.5,88.73999786376953,87.0,87.4000015258789,87.4000015258789,122000
2021-02-17,86.54000091552734,88.20999908447266,86.01000213623047,86.16000366210938,86.16000366210938,136300
2021-02-18,85.8499984741211,87.01000213623047,85.06999969482422,86.62999725341797,86.62999725341797,179400
2021-02-19,86.94000244140625,88.69999694824219,86.52999877929688,88.13999938964844,88.13999938964844,150700
2021-02-22,87.20999908447266,89.80999755859375,86.7699966430664,88.72000122070312,88.72000122070312,142700
2021-02-23,87.63999938964844,88.69000244140625,86.5,88.12000274658203,88.12000274658203,195000
2021-02-24,88.2300033569336,90.33000183105469,88.2300033569336,90.16000366210938,90.16000366210938,114900
2021-02-25,89.30999755859375,90.04000091552734,87.66000366210938,87.88999938964844,87.88999938964844,224500
2021-02-26,88.20999908447266,89.16999816894531,86.7300033569336,88.33000183105469,88.33000183105469,188400
2021-03-01,90.0999984741211,91.68000030517578,89.22000122070312,91.66000366210938,91.66000366210938,182400
2021-03-02,91.61000061035156,91.94999694824219,89.08000183105469,89.37999725341797,89.37999725341797,274200
2021-03-03,89.08000183105469,89.4000015258789,87.01000213623047,87.38999938964844,87.38999938964844,138200
2021-03-04,87.01000213623047,87.83000183105469,84.4000015258789,85.12999725341797,85.12999725341797,182300
2021-03-05,86.26000213623047,87.22000122070312,84.72000122070312,86.94999694824219,86.94999694824219,244300
2021-03-08,87.22000122070312,87.94999694824219,85.83000183105469,85.91999816894531,85.91999816894531,118500
2021-03-09,87.44999694824219,87.98999786376953,86.5999984741211,86.8499984741211,86.8499984741211,129100
2021-03-10,88.08000183105469,88.70999908447266,87.41999816894531,88.31999969482422,88.31999969482422,105700
2021-03-11,89.80999755859375,92.2300033569336,89.38999938964844,92.05000305175781,92.05000305175781,162300
2021-03-12,91.97000122070312,93.25,91.41000366210938,92.93000030517578,92.93000030517578,115600
2021-03-15,92.43000030517578,93.33000183105469,91.58000183105469,93.12000274658203,93.12000274658203,122200
2021-03-16,93.29000091552734,94.25,92.62999725341797,93.4800033569336,93.4800033569336,106900
2021-03-17,93.2300033569336,93.2300033569336,91.55000305175781,92.5,92.5,132500
2021-03-18,91.4000015258789,93.41999816894531,90.41999816894531,90.83000183105469,90.83000183105469,202300
2021-03-19,91.16999816894531,91.4800033569336,89.37000274658203,89.45999908447266,89.45999908447266,549900
2021-03-22,89.41000366210938,89.66999816894531,87.63999938964844,87.80000305175781,87.80000305175781,152900
2021-03-23,86.93000030517578,87.76000213623047,84.69000244140625,85.30000305175781,85.30000305175781,126900
2021-03-24,86.2300033569336,87.69000244140625,85.51000213623047,85.52999877929688,85.52999877929688,256100
2021-03-25,84.83000183105469,86.06999969482422,83.66000366210938,85.37999725341797,85.37999725341797,158900
2021-03-26,85.62000274658203,90.95999908447266,85.62000274658203,90.81999969482422,90.81999969482422,161100
2021-03-29,90.19000244140625,92.12999725341797,88.72000122070312,88.83999633789062,88.83999633789062,191200
2021-03-30,88.5199966430664,89.58000183105469,87.91999816894531,89.55999755859375,89.55999755859375,120800
2021-03-31,90.0,91.87000274658203,89.95999908447266,90.38999938964844,90.38999938964844,290400
2021-04-01,90.93000030517578,91.91000366210938,90.41999816894531,91.36000061035156,91.36000061035156,186800
2021-04-05,92.25,93.44000244140625,91.68000030517578,92.7300033569336,92.7300033569336,119200
2021-04-06,92.7300033569336,93.48999786376953,90.38999938964844,90.5199966430664,90.5199966430664,90600
2021-04-07,90.23999786376953,90.5999984741211,88.2300033569336,88.52999877929688,88.52999877929688,83100
2021-04-08,89.19999694824219,89.5999984741211,88.29000091552734,89.12000274658203,89.12000274658203,140900
2021-04-09,89.05000305175781,89.73999786376953,88.31999969482422,89.43000030517578,89.43000030517578,76100
2021-04-12,89.44000244140625,90.06999969482422,88.5,89.08999633789062,89.08999633789062,68700
2021-04-13,89.04000091552734,89.80999755859375,87.8499984741211,88.3499984741211,88.3499984741211,96400
2021-04-14,88.47000122070312,89.4000015258789,87.7699966430664,88.48999786376953,88.48999786376953,87500
2021-04-15,89.54000091552734,90.05000305175781,88.9800033569336,89.93000030517578,89.93000030517578,53600
2021-04-16,90.41999816894531,90.41999816894531,89.08000183105469,89.4000015258789,89.4000015258789,84400
2021-04-19,88.73999786376953,89.0,87.20999908447266,88.87000274658203,88.87000274658203,114500
2021-04-20,88.73999786376953,89.55000305175781,86.83000183105469,87.66999816894531,87.66999816894531,148800
2021-04-21,87.75,89.22000122070312,87.75,88.80000305175781,88.80000305175781,95700
2021-04-22,89.4800033569336,90.16999816894531,88.4000015258789,89.08000183105469,89.08000183105469,175000
2021-04-23,89.5,91.9800033569336,89.5,91.16000366210938,91.16000366210938,99800
2021-04-26,91.70999908447266,92.16000366210938,90.8499984741211,92.11000061035156,92.11000061035156,90700
2021-04-27,91.63999938964844,92.55999755859375,91.25,92.27999877929688,92.27999877929688,105800
2021-04-28,91.91999816894531,92.19999694824219,91.27999877929688,92.1500015258789,92.1500015258789,79700
2021-04-29,92.72000122070312,93.30999755859375,91.0999984741211,91.94999694824219,91.94999694824219,141900
2021-04-30,90.83000183105469,90.83000183105469,85.4800033569336,85.62000274658203,85.62000274658203,209600
2021-05-03,86.4800033569336,87.02999877929688,85.26000213623047,86.11000061035156,86.11000061035156,270800
2021-05-04,82.5199966430664,85.69000244140625,82.0,84.94000244140625,84.94000244140625,343700
2021-05-05,85.5999984741211,86.75,84.66000366210938,85.86000061035156,85.86000061035156,95400
2021-05-06,85.41999816894531,86.80000305175781,85.16000366210938,86.2300033569336,86.2300033569336,164700
2021-05-07,86.43000030517578,86.5,84.68000030517578,85.25,85.25,102000
2021-05-10,84.80999755859375,85.25,82.80999755859375,82.91999816894531,82.91999816894531,155800
2021-05-11,81.5199966430664,83.18000030517578,81.05999755859375,82.04000091552734,82.04000091552734,196000
2021-05-12,80.91999816894531,81.87000274658203,77.30000305175781,77.5,77.5,202900
2021-05-13,78.02999877929688,79.45999908447266,77.70999908447266,78.69999694824219,78.69999694824219,402200
2021-05-14,79.69999694824219,82.11000061035156,79.0,81.70999908447266,81.70999908447266,184400
2021-05-17,80.8499984741211,81.76000213623047,80.5199966430664,81.5,81.5,126000
2021-05-18,81.58000183105469,82.86000061035156,81.01000213623047,81.01000213623047,81.01000213623047,144200
2021-05-19,79.5999984741211,83.77999877929688,79.5999984741211,83.5,83.5,191700
2021-05-20,83.68000030517578,84.55000305175781,83.20999908447266,84.5,84.5,143500
2021-05-21,84.94000244140625,86.05000305175781,84.41999816894531,84.83000183105469,84.83000183105469,135300
2021-05-24,85.38999938964844,87.08000183105469,85.38999938964844,86.12000274658203,86.12000274658203,141400
2021-05-25,86.30999755859375,87.66000366210938,85.18000030517578,85.58000183105469,85.58000183105469,167300
2021-05-26,85.87999725341797,87.77999877929688,85.33999633789062,87.62999725341797,87.62999725341797,139100
2021-05-27,87.6500015258789,89.01000213623047,87.41999816894531,89.0,89.0,265400
2021-05-28,89.33999633789062,90.12999725341797,89.01000213623047,89.69000244140625,89.69000244140625,162800
2021-06-01,90.16999816894531,90.66000366210938,89.4800033569336,90.31999969482422,90.31999969482422,175700
2021-06-02,90.81999969482422,91.19999694824219,89.56999969482422,90.87999725341797,90.87999725341797,170900
2021-06-03,90.38999938964844,91.87999725341797,89.83999633789062,91.8499984741211,91.8499984741211,142600
2021-06-04,92.26000213623047,93.93000030517578,91.97000122070312,93.6500015258789,93.6500015258789,139400
2021-06-07,93.76000213623047,94.58999633789062,93.04000091552734,94.08000183105469,94.08000183105469,108600
2021-06-08,94.86000061035156,95.83000183105469,94.48999786376953,95.43000030517578,95.43000030517578,114500
2021-06-09,95.66000366210938,95.94999694824219,93.94000244140625,94.33999633789062,94.33999633789062,103900
2021-06-10,94.63999938964844,94.93000030517578,93.54000091552734,93.95999908447266,93.95999908447266,115700
2021-06-11,94.5,94.87999725341797,93.44999694824219,94.08999633789062,94.08999633789062,133200
2021-06-14,93.95999908447266,95.16000366210938,93.95999908447266,94.55999755859375,94.55999755859375,126100
2021-06-15,94.72000122070312,95.08000183105469,93.7699966430664,94.29000091552734,94.29000091552734,126700
2021-06-16,94.61000061035156,94.91999816894531,92.93000030517578,94.18000030517578,94.18000030517578,122900
2021-06-17,94.26000213623047,94.69999694824219,93.12000274658203,93.9000015258789,93.9000015258789,152200
2021-06-18,92.5999984741211,92.5999984741211,90.5999984741211,91.16999816894531,91.16999816894531,290000
2021-06-21,91.80000305175781,94.33999633789062,91.25,93.76000213623047,93.76000213623047,155200
2021-06-22,93.29000091552734,93.76000213623047,92.62000274658203,93.4000015258789,93.4000015258789,84800
2021-06-23,93.75,94.19000244140625,93.05999755859375,93.31999969482422,93.31999969482422,106000
2021-06-24,93.9800033569336,95.25,93.41999816894531,95.05000305175781,95.05000305175781,100800
2021-06-25,95.31999969482422,96.02999877929688,95.08999633789062,95.29000091552734,95.29000091552734,516800
2021-06-28,95.33999633789062,96.20999908447266,95.11000061035156,95.97000122070312,95.97000122070312,109400
2021-06-29,96.2699966430664,97.04000091552734,96.11000061035156,96.66999816894531,96.66999816894531,62100
2021-06-30,96.47000122070312,96.54000091552734,95.86000061035156,95.87000274658203,95.87000274658203,97900
2021-07-01,96.56999969482422,96.56999969482422,95.5199966430664,95.9000015258789,95.9000015258789,81600
2021-07-02,96.30999755859375,96.44000244140625,95.04000091552734,95.33000183105469,95.33000183105469,80500
2021-07-06,95.33000183105469,95.33000183105469,92.58000183105469,92.83000183105469,92.83000183105469,281400
2021-07-07,92.87000274658203,93.72000122070312,90.91999816894531,91.51000213623047,91.51000213623047,174400
2021-07-08,89.55000305175781,92.41999816894531,89.43000030517578,91.27999877929688,91.27999877929688,155900
2021-07-09,92.08999633789062,93.02999877929688,91.55999755859375,92.80999755859375,92.80999755859375,75800
2021-07-12,93.22000122070312,93.3499984741211,91.87000274658203,93.13999938964844,93.13999938964844,115100
2021-07-13,92.37999725341797,93.02999877929688,91.73999786376953,93.01000213623047,93.01000213623047,88100
2021-07-14,93.80999755859375,94.70999908447266,92.55000305175781,92.72000122070312,92.72000122070312,88000
2021-07-15,92.33000183105469,92.3499984741211,90.19999694824219,91.30999755859375,91.30999755859375,77500
2021-07-16,92.29000091552734,92.29000091552734,90.22000122070312,90.33999633789062,90.33999633789062,100400
2021-07-19,89.69000244140625,91.16999816894531,89.12999725341797,89.8499984741211,89.8499984741211,126100
2021-07-20,90.3499984741211,93.25,90.3499984741211,92.0199966430664,92.0199966430664,169800
2021-07-21,92.29000091552734,94.0999984741211,92.29000091552734,93.94999694824219,93.94999694824219,96600
2021-07-22,93.80999755859375,94.37999725341797,91.16000366210938,91.44000244140625,91.44000244140625,186900
2021-07-23,91.31999969482422,92.36000061035156,90.69000244140625,92.22000122070312,92.22000122070312,81000
2021-07-26,92.7300033569336,94.2699966430664,92.16000366210938,92.62999725341797,92.62999725341797,79100
2021-07-27,92.0,92.0,88.29000091552734,90.29000091552734,90.29000091552734,73200
2021-07-28,90.16000366210938,92.83000183105469,90.04000091552734,92.05999755859375,92.05999755859375,152100
2021-07-29,93.0,94.19999694824219,91.95999908447266,93.58999633789062,93.58999633789062,66300
2021-07-30,93.16999816894531,94.62999725341797,92.9000015258789,94.5199966430664,94.5199966430664,91300
2021-08-02,94.81999969482422,96.04000091552734,93.1500015258789,93.33999633789062,93.33999633789062,86300
2021-08-03,93.25,93.87999725341797,91.98999786376953,93.0199966430664,93.0199966430664,143000
2021-08-04,92.0199966430664,93.01000213623047,92.0,92.69999694824219,92.69999694824219,81700
2021-08-05,93.3499984741211,93.8499984741211,92.5999984741211,92.98999786376953,92.98999786376953,59400
2021-08-06,93.48999786376953,94.62000274658203,92.81999969482422,93.44000244140625,93.44000244140625,111600
2021-08-09,93.29000091552734,93.86000061035156,92.54000091552734,93.41000366210938,93.41000366210938,58000
2021-08-10,93.88999938964844,93.88999938964844,92.51000213623047,93.22000122070312,93.22000122070312,64200
2021-08-11,93.55000305175781,93.55000305175781,92.06999969482422,92.77999877929688,92.77999877929688,66600
2021-08-12,93.18000030517578,93.9800033569336,91.7699966430664,91.86000061035156,91.86000061035156,95200
2021-08-13,91.47000122070312,91.47000122070312,90.16000366210938,90.68000030517578,90.68000030517578,98200
2021-08-16,90.5999984741211,90.93000030517578,89.4000015258789,89.5,89.5,135800
2021-08-17,94.77999877929688,96.56999969482422,92.86000061035156,96.45999908447266,96.45999908447266,322000
2021-08-18,96.45999908447266,99.66000366210938,96.08000183105469,98.7699966430664,98.7699966430664,213100
2021-08-19,97.6500015258789,101.2699966430664,97.08000183105469,101.05000305175781,101.05000305175781,271200
2021-08-20,101.0999984741211,104.05000305175781,100.05999755859375,104.05000305175781,104.05000305175781,254400
2021-08-23,104.80999755859375,105.27999877929688,98.87999725341797,99.01000213623047,99.01000213623047,310400
2021-08-24,99.0,100.51000213623047,99.0,99.80999755859375,99.80999755859375,281300
2021-08-25,99.44000244140625,99.4800033569336,97.73999786376953,98.08000183105469,98.08000183105469,213800
2021-08-26,97.6500015258789,98.4800033569336,96.94999694824219,97.87000274658203,97.87000274658203,173100
2021-08-27,98.41000366210938,102.0,98.16000366210938,101.3499984741211,101.3499984741211,182300
2021-08-30,101.66999816894531,103.98999786376953,100.93000030517578,103.75,103.75,157300
2021-08-31,104.0,104.0,101.37999725341797,103.0199966430664,103.0199966430664,170500
2021-09-01,103.23999786376953,104.0,101.94000244140625,103.7300033569336,103.7300033569336,107000
2021-09-02,103.7300033569336,105.26000213623047,102.83000183105469,105.11000061035156,105.11000061035156,164600
2021-09-03,104.4800033569336,106.43000030517578,104.19000244140625,105.0,105.0,143300
2021-09-07,104.72000122070312,106.44999694824219,103.91000366210938,104.6500015258789,104.6500015258789,114700
2021-09-08,104.1500015258789,105.1500015258789,103.33000183105469,105.0199966430664,105.0199966430664,99300
2021-09-09,105.4000015258789,106.97000122070312,104.77999877929688,105.25,105.25,123300
2021-09-10,106.23999786376953,106.37999725341797,103.22000122070312,103.48999786376953,103.48999786376953,100900
2021-09-13,104.01000213623047,106.43000030517578,103.1500015258789,106.20999908447266,106.20999908447266,96700
2021-09-14,106.68000030517578,107.69000244140625,105.30000305175781,106.12999725341797,106.12999725341797,113800
2021-09-15,106.58000183105469,107.73999786376953,105.19999694824219,106.9000015258789,106.9000015258789,137600
2021-09-16,106.9000015258789,107.33000183105469,105.77999877929688,106.68000030517578,106.68000030517578,207000
2021-09-17,106.95999908447266,107.66000366210938,105.16000366210938,105.36000061035156,105.36000061035156,500000
2021-09-20,103.70999908447266,104.2300033569336,101.0,102.48999786376953,102.48999786376953,150100
2021-09-21,103.54000091552734,103.54000091552734,101.7699966430664,102.54000091552734,102.54000091552734,64700
2021-09-22,103.27999877929688,104.25,102.83999633789062,103.81999969482422,103.81999969482422,102500
2021-09-23,104.86000061035156,106.87999725341797,104.5199966430664,106.2699966430664,106.2699966430664,74000
2021-09-24,105.80999755859375,106.87000274658203,105.51000213623047,106.44999694824219,106.44999694824219,103800
2021-09-27,106.56999969482422,109.55999755859375,106.5,108.80999755859375,108.80999755859375,116800
2021-09-28,108.12999725341797,108.80999755859375,106.16999816894531,106.52999877929688,106.52999877929688,103800
2021-09-29,106.43000030517578,107.5999984741211,102.6500015258789,103.20999908447266,103.20999908447266,193300
2021-09-30,104.33000183105469,105.3499984741211,101.06999969482422,102.51000213623047,102.51000213623047,170200
2021-10-01,103.26000213623047,105.83999633789062,102.25,104.62999725341797,104.62999725341797,186900
2021-10-04,104.06999969482422,104.6500015258789,102.41000366210938,103.0999984741211,103.0999984741211,97700
2021-10-05,103.20999908447266,105.51000213623047,102.98999786376953,104.73999786376953,104.73999786376953,87500
2021-10-06,103.80000305175781,104.37999725341797,99.83999633789062,100.3499984741211,100.3499984741211,229500
2021-10-07,101.1500015258789,103.19999694824219,100.62000274658203,101.70999908447266,101.70999908447266,182600
2021-10-08,101.80000305175781,101.80000305175781,100.25,100.94000244140625,100.94000244140625,110800
2021-10-11,100.25,102.66999816894531,100.25,101.69000244140625,101.69000244140625,53600
2021-10-12,102.20999908447266,102.20999908447266,100.48999786376953,100.48999786376953,100.48999786376953,100000
2021-10-13,100.7699966430664,101.30000305175781,99.51000213623047,100.26000213623047,100.26000213623047,80000
2021-10-14,101.23999786376953,102.54000091552734,100.76000213623047,101.72000122070312,101.72000122070312,151000
2021-10-15,103.08000183105469,103.08000183105469,98.16999816894531,98.18000030517578,98.18000030517578,185800
2021-10-18,98.56999969482422,99.19999694824219,96.62999725341797,98.80999755859375,98.80999755859375,354200
2021-10-19,99.23999786376953,100.08999633789062,97.91000366210938,97.98999786376953,97.98999786376953,97200
2021-10-20,98.1500015258789,99.06999969482422,98.0199966430664,98.80000305175781,98.80000305175781,80100
2021-10-21,98.98999786376953,99.2699966430664,98.0,98.98999786376953,98.98999786376953,107000
2021-10-22,98.9800033569336,99.1500015258789,95.95999908447266,96.4000015258789,96.4000015258789,108700
2021-10-25,96.4000015258789,98.38999938964844,95.11000061035156,97.05999755859375,97.05999755859375,202000
2021-10-26,97.41000366210938,98.08999633789062,96.0199966430664,96.16000366210938,96.16000366210938,147800
2021-10-27,95.75,96.08000183105469,94.37000274658203,94.62000274658203,94.62000274658203,156200
2021-10-28,94.80000305175781,96.62999725341797,94.80000305175781,96.55000305175781,96.55000305175781,128800
2021-10-29,96.23999786376953,97.47000122070312,95.79000091552734,96.0,96.0,187300
2021-11-01,96.30000305175781,99.30999755859375,96.30000305175781,98.27999877929688,98.27999877929688,253300
2021-11-02,115.0,115.52999877929688,106.4000015258789,111.20999908447266,111.20999908447266,475400
2021-11-03,111.18000030517578,115.91999816894531,109.69999694824219,115.2300033569336,115.2300033569336,261200
2021-11-04,115.01000213623047,118.80000305175781,113.20999908447266,116.86000061035156,116.86000061035156,234000
2021-11-05,118.0,120.91999816894531,117.08999633789062,120.41999816894531,120.41999816894531,201400
2021-11-08,121.0,122.52999877929688,119.0999984741211,119.61000061035156,119.61000061035156,226200
2021-11-09,119.31999969482422,120.20999908447266,118.58999633789062,119.22000122070312,119.22000122070312,141100
2021-11-10,118.25,119.54000091552734,117.12999725341797,118.11000061035156,118.11000061035156,115000
2021-11-11,118.2699966430664,120.91999816894531,118.2699966430664,120.31999969482422,120.31999969482422,81700
2021-11-12,120.13999938964844,121.86000061035156,119.12000274658203,121.25,121.25,82300
2021-11-15,121.73999786376953,122.1500015258789,118.41000366210938,118.98999786376953,118.98999786376953,145800
2021-11-16,118.37999725341797,119.44999694824219,117.41000366210938,118.16000366210938,118.16000366210938,134300
2021-11-17,117.44999694824219,119.08000183105469,115.36000061035156,117.44999694824219,117.44999694824219,133300
2021-11-18,117.41999816894531,117.44999694824219,115.04000091552734,115.79000091552734,115.79000091552734,143200
2021-11-19,115.08000183105469,117.0,115.01000213623047,115.58999633789062,115.58999633789062,159300
2021-11-22,115.9800033569336,119.41000366210938,115.62000274658203,115.91000366210938,115.91000366210938,104500
2021-11-23,116.30999755859375,116.30999755859375,114.30999755859375,115.8499984741211,115.8499984741211,124700
2021-11-24,114.13999938964844,115.5,113.2300033569336,114.36000061035156,114.36000061035156,98800
2021-11-26,111.08999633789062,112.66999816894531,108.98999786376953,110.69999694824219,110.69999694824219,84900
2021-11-29,112.31999969482422,112.4800033569336,110.0,110.5199966430664,110.5199966430664,95900
2021-11-30,109.69999694824219,111.2699966430664,107.91000366210938,110.55999755859375,110.55999755859375,170500
2021-12-01,111.94999694824219,115.79000091552734,111.94999694824219,114.3499984741211,114.3499984741211,310700
2021-12-02,113.04000091552734,118.18000030517578,113.04000091552734,117.68000030517578,117.68000030517578,198700
2021-12-03,118.3499984741211,118.3499984741211,113.36000061035156,114.44999694824219,114.44999694824219,269200
2021-12-06,115.70999908447266,116.76000213623047,114.04000091552734,116.0199966430664,116.0199966430664,87500
2021-12-07,117.0,119.18000030517578,116.36000061035156,118.4000015258789,118.4000015258789,135700
2021-12-08,118.62000274658203,119.43000030517578,116.44000244140625,116.5999984741211,116.5999984741211,157900
2021-12-09,116.20999908447266,116.86000061035156,114.19999694824219,114.52999877929688,114.52999877929688,178400
2021-12-10,115.93000030517578,116.79000091552734,113.48999786376953,114.38999938964844,114.38999938964844,148400
2021-12-13,114.44999694824219,117.62999725341797,113.58000183105469,116.43000030517578,116.43000030517578,125600
2021-12-14,116.12000274658203,117.51000213623047,113.5,117.38999938964844,117.38999938964844,162500
2021-12-15,117.0999984741211,120.18000030517578,115.69000244140625,119.87000274658203,119.87000274658203,159400
2021-12-16,120.36000061035156,120.58999633789062,114.13999938964844,115.05000305175781,115.05000305175781,144600
2021-12-17,114.1500015258789,116.31999969482422,113.5999984741211,114.93000030517578,114.93000030517578,670000
2021-12-20,113.76000213623047,114.5,112.02999877929688,113.7699966430664,113.7699966430664,158600
2021-12-21,114.80000305175781,116.58000183105469,114.13999938964844,116.26000213623047,116.26000213623047,93500
2021-12-22,116.7699966430664,117.73999786376953,115.97000122070312,117.45999908447266,117.45999908447266,78500
2021-12-23,117.43000030517578,118.83999633789062,117.4000015258789,118.0199966430664,118.0199966430664,97900
2021-12-27,118.8499984741211,122.16999816894531,115.52999877929688,122.02999877929688,122.02999877929688,121300
2021-12-28,122.12000274658203,122.47000122070312,119.55999755859375,120.4800033569336,120.4800033569336,84100
2021-12-29,121.12000274658203,122.3499984741211,120.44000244140625,121.81999969482422,121.81999969482422,59600
2021-12-30,122.25,122.41999816894531,118.80999755859375,118.83999633789062,118.83999633789062,120500
2021-12-31,118.44999694824219,119.66000366210938,118.26000213623047,118.47000122070312,118.47000122070312,106800
2022-01-03,119.37999725341797,121.75,118.23999786376953,121.7300033569336,121.7300033569336,136700
2022-01-04,121.83999633789062,124.8499984741211,120.36000061035156,123.16999816894531,123.16999816894531,133000
2022-01-05,124.62999725341797,126.27999877929688,119.33999633789062,119.51000213623047,119.51000213623047,116000
2022-01-06,117.44999694824219,121.01000213623047,115.66000366210938,120.11000061035156,120.11000061035156,236000
2022-01-07,119.69000244140625,122.08000183105469,118.0,120.62000274658203,120.62000274658203,498300
2022-01-10,119.2699966430664,119.80000305175781,117.1500015258789,119.58999633789062,119.58999633789062,146600
2022-01-11,119.5,120.83999633789062,116.93000030517578,119.91999816894531,119.91999816894531,210600
2022-01-12,120.44999694824219,121.13999938964844,119.2699966430664,120.11000061035156,120.11000061035156,153900
2022-01-13,121.05000305175781,121.30999755859375,117.5,118.0,118.0,85400
2022-01-14,117.27999877929688,118.43000030517578,116.37999725341797,118.0999984741211,118.0999984741211,132400
2022-01-18,117.05000305175781,117.05000305175781,113.77999877929688,113.95999908447266,113.95999908447266,143500
2022-01-19,113.97000122070312,115.4000015258789,109.76000213623047,111.01000213623047,111.01000213623047,270300
2022-01-20,112.30999755859375,114.58999633789062,111.22000122070312,111.98999786376953,111.98999786376953,375800
2022-01-21,111.98999786376953,114.93000030517578,111.0,112.70999908447266,112.70999908447266,416400
2022-01-24,110.91999816894531,115.30999755859375,108.55999755859375,114.94000244140625,114.94000244140625,340600
2022-01-25,113.0999984741211,113.66999816894531,107.44000244140625,107.69000244140625,107.69000244140625,462400
2022-01-26,109.2699966430664,110.27999877929688,104.86000061035156,106.22000122070312,106.22000122070312,168700
2022-01-27,105.62000274658203,108.01000213623047,105.2699966430664,105.4000015258789,105.4000015258789,176800
2022-01-28,105.77999877929688,109.4800033569336,103.4000015258789,109.4000015258789,109.4000015258789,234300
2022-01-31,108.44000244140625,113.37000274658203,107.86000061035156,113.16000366210938,113.16000366210938,259000
2022-02-01,107.20999908447266,108.8499984741211,101.0199966430664,101.62000274658203,101.62000274658203,1080200
2022-02-02,101.76000213623047,102.91999816894531,99.79000091552734,101.47000122070312,101.47000122070312,594200
2022-02-03,99.66000366210938,102.1500015258789,99.6500015258789,100.95999908447266,100.95999908447266,261600
2022-02-04,99.9000015258789,100.47000122070312,97.54000091552734,99.72000122070312,99.72000122070312,160500
2022-02-07,99.48999786376953,101.05999755859375,97.06999969482422,97.58000183105469,97.58000183105469,158400
2022-02-08,97.51000213623047,101.16000366210938,96.8499984741211,100.83000183105469,100.83000183105469,147000
2022-02-09,101.97000122070312,103.7699966430664,100.72000122070312,103.70999908447266,103.70999908447266,178800
2022-02-10,100.83999633789062,103.79000091552734,100.41999816894531,102.55999755859375,102.55999755859375,194900
2022-02-11,102.91000366210938,103.5,99.55000305175781,100.5199966430664,100.5199966430664,116700
2022-02-14,101.0199966430664,101.80999755859375,98.69999694824219,99.5,99.5,209600
2022-02-15,100.54000091552734,102.19999694824219,99.23999786376953,102.04000091552734,102.04000091552734,209600
2022-02-16,101.5,104.02999877929688,100.62999725341797,103.95999908447266,103.95999908447266,154600
2022-02-17,102.5999984741211,102.61000061035156,100.66999816894531,101.86000061035156,101.86000061035156,176200
2022-02-18,101.2699966430664,103.0,100.44999694824219,101.79000091552734,101.79000091552734,283200
2022-02-22,101.37000274658203,102.62999725341797,99.0,99.75,99.75,143500
2022-02-23,100.52999877929688,100.52999877929688,98.30999755859375,98.54000091552734,98.54000091552734,110100
2022-02-24,95.88999938964844,100.12000274658203,95.2300033569336,99.95999908447266,99.95999908447266,204000
2022-02-25,99.72000122070312,101.4000015258789,99.36000061035156,101.0999984741211,101.0999984741211,116200
2022-02-28,99.62999725341797,101.27999877929688,99.18000030517578,100.12999725341797,100.12999725341797,165200
2022-03-01,99.80999755859375,101.05999755859375,96.52999877929688,97.38999938964844,97.38999938964844,167500
2022-03-02,98.36000061035156,101.69000244140625,98.36000061035156,100.3499984741211,100.3499984741211,122700
2022-03-03,100.08999633789062,100.2699966430664,98.08000183105469,98.80000305175781,98.80000305175781,179200
2022-03-04,97.5,98.7699966430664,95.2300033569336,96.05000305175781,96.05000305175781,193900
2022-03-07,96.3499984741211,96.3499984741211,93.58000183105469,94.56999969482422,94.56999969482422,274000
2022-03-08,95.25,97.45999908447266,94.52999877929688,94.93000030517578,94.93000030517578,123000
2022-03-09,96.76000213623047,98.68000030517578,95.73999786376953,98.38999938964844,98.38999938964844,116000
2022-03-10,96.37999725341797,98.94999694824219,95.87999725341797,98.33999633789062,98.33999633789062,140400
2022-03-11,99.19000244140625,99.20999908447266,96.80000305175781,96.97000122070312,96.97000122070312,91000
2022-03-14,96.63999938964844,97.33000183105469,95.16999816894531,96.38999938964844,96.38999938964844,173100
2022-03-15,97.44999694824219,98.02999877929688,96.29000091552734,98.01000213623047,98.01000213623047,102100
2022-03-16,99.18000030517578,102.54000091552734,99.18000030517578,102.30000305175781,102.30000305175781,151100
2022-03-17,101.56999969482422,104.47000122070312,101.56999969482422,103.44999694824219,103.44999694824219,98800
2022-03-18,103.3499984741211,105.12000274658203,102.43000030517578,105.08999633789062,105.08999633789062,350600
2022-03-21,104.58999633789062,106.16999816894531,102.88999938964844,104.11000061035156,104.11000061035156,111400
2022-03-22,104.83999633789062,105.25,103.5999984741211,104.66999816894531,104.66999816894531,107000
2022-03-23,104.05999755859375,104.80999755859375,102.62000274658203,103.29000091552734,103.29000091552734,88300
2022-03-24,104.2699966430664,105.5999984741211,103.27999877929688,105.58999633789062,105.58999633789062,98500
2022-03-25,105.66999816894531,105.80000305175781,104.08000183105469,105.18000030517578,105.18000030517578,93500
2022-03-28,104.52999877929688,105.37000274658203,101.87999725341797,102.97000122070312,102.97000122070312,105800
2022-03-29,104.48999786376953,107.95999908447266,103.98999786376953,107.5,107.5,171700
2022-03-30,106.68000030517578,107.79000091552734,105.04000091552734,105.30000305175781,105.30000305175781,121600
2022-03-31,104.72000122070312,106.06999969482422,104.61000061035156,105.12999725341797,105.12999725341797,166900
2022-04-01,105.52999877929688,107.6500015258789,104.44999694824219,107.44000244140625,107.44000244140625,151000
2022-04-04,107.37999725341797,108.37000274658203,105.86000061035156,107.5999984741211,107.5999984741211,130000
2022-04-05,106.97000122070312,108.33000183105469,104.2699966430664,104.38999938964844,104.38999938964844,142800
2022-04-06,102.20999908447266,102.66000366210938,100.26000213623047,101.47000122070312,101.47000122070312,158900
2022-04-07,101.0999984741211,102.5999984741211,100.52999877929688,101.02999877929688,101.02999877929688,99900
2022-04-08,100.76000213623047,101.77999877929688,97.88999938964844,98.25,98.25,142300
2022-04-11,98.04000091552734,99.33999633789062,96.47000122070312,96.48999786376953,96.48999786376953,122300
2022-04-12,97.88999938964844,99.2699966430664,96.5199966430664,96.80999755859375,96.80999755859375,177000
2022-04-13,97.5,98.02999877929688,97.05999755859375,97.73999786376953,97.73999786376953,165500
2022-04-14,98.11000061035156,98.47000122070312,95.4000015258789,95.41000366210938,95.41000366210938,126000
2022-04-18,95.2300033569336,97.16000366210938,94.87000274658203,96.61000061035156,96.61000061035156,268500
2022-04-19,97.4000015258789,100.01000213623047,97.0,99.7300033569336,99.7300033569336,192500
2022-04-20,101.30999755859375,103.30000305175781,100.2699966430664,102.76000213623047,102.76000213623047,171900
2022-04-21,104.19999694824219,104.69999694824219,100.76000213623047,100.87000274658203,100.87000274658203,112900
2022-04-22,100.2300033569336,100.80999755859375,97.55000305175781,97.66000366210938,97.66000366210938,91300
2022-04-25,97.45999908447266,99.66000366210938,96.43000030517578,99.55000305175781,99.55000305175781,123600
2022-04-26,99.69999694824219,101.19000244140625,95.83000183105469,96.72000122070312,96.72000122070312,163100
2022-04-27,96.95999908447266,98.88999938964844,95.63999938964844,97.25,97.25,181700
2022-04-28,98.87000274658203,101.16999816894531,97.37999725341797,100.7300033569336,100.7300033569336,165400
2022-04-29,100.23999786376953,102.45999908447266,97.9000015258789,98.19000244140625,98.19000244140625,136800
2022-05-02,97.83999633789062,99.68000030517578,96.19999694824219,99.41999816894531,99.41999816894531,248100
2022-05-03,92.83000183105469,94.2699966430664,88.27999877929688,93.62999725341797,93.62999725341797,615400
2022-05-04,94.36000061035156,95.76000213623047,91.9000015258789,94.05000305175781,94.05000305175781,481300
2022-05-05,92.69000244140625,93.29000091552734,88.87999725341797,89.45999908447266,89.45999908447266,432100
2022-05-06,89.1500015258789,91.05999755859375,87.43000030517578,89.36000061035156,89.36000061035156,296100
2022-05-09,88.1500015258789,88.80000305175781,85.18000030517578,85.72000122070312,85.72000122070312,248000
2022-05-10,87.44999694824219,88.72000122070312,85.37999725341797,86.9000015258789,86.9000015258789,187800
2022-05-11,87.41999816894531,90.0,86.62000274658203,87.75,87.75,197800
2022-05-12,87.76000213623047,88.13999938964844,86.06999969482422,87.0,87.0,239600
2022-05-13,87.97000122070312,91.43000030517578,87.7300033569336,90.73999786376953,90.73999786376953,232100
2022-05-16,89.87000274658203,90.83999633789062,88.12999725341797,88.41000366210938,88.41000366210938,100200
2022-05-17,90.33000183105469,91.45999908447266,89.58000183105469,90.04000091552734,90.04000091552734,163700
2022-05-18,88.27999877929688,89.63999938964844,85.01000213623047,85.95999908447266,85.95999908447266,288000
2022-05-19,84.83999633789062,86.3499984741211,82.94000244140625,83.44000244140625,83.44000244140625,188300
2022-05-20,84.47000122070312,84.62999725341797,82.29000091552734,84.0999984741211,84.0999984741211,263000
2022-05-23,85.16000366210938,85.7300033569336,83.37000274658203,84.2699966430664,84.2699966430664,156500
2022-05-24,83.61000061035156,83.93000030517578,80.11000061035156,82.45999908447266,82.45999908447266,160900
2022-05-25,82.01000213623047,83.63999938964844,81.70999908447266,83.22000122070312,83.22000122070312,112200
2022-05-26,83.2300033569336,86.18000030517578,83.2300033569336,86.0,86.0,243500
2022-05-27,87.05999755859375,87.87999725341797,86.79000091552734,87.66999816894531,87.66999816894531,105200
2022-05-31,87.31999969482422,87.91999816894531,86.33999633789062,86.87000274658203,86.87000274658203,150000
2022-06-01,87.30999755859375,87.68000030517578,85.79000091552734,86.33999633789062,86.33999633789062,195200
2022-06-02,85.81999969482422,88.29000091552734,85.6500015258789,88.19000244140625,88.19000244140625,138700
2022-06-03,87.27999877929688,87.80000305175781,85.95999908447266,87.20999908447266,87.20999908447266,186400
2022-06-06,87.7699966430664,88.47000122070312,87.4000015258789,87.9000015258789,87.9000015258789,291000
2022-06-07,87.26000213623047,88.87000274658203,86.9000015258789,88.62000274658203,88.62000274658203,264100
2022-06-08,88.19999694824219,88.94000244140625,87.77999877929688,88.0,88.0,144400
2022-06-09,87.2699966430664,88.16000366210938,86.02999877929688,86.04000091552734,86.04000091552734,142100
2022-06-10,84.72000122070312,84.94000244140625,82.87999725341797,82.97000122070312,82.97000122070312,106500
2022-06-13,80.70999908447266,81.11000061035156,78.91999816894531,79.54000091552734,79.54000091552734,219200
2022-06-14,79.58000183105469,80.73999786376953,78.04000091552734,79.2300033569336,79.2300033569336,171900
2022-06-15,79.73999786376953,81.5999984741211,78.98999786376953,80.30999755859375,80.30999755859375,192600
2022-06-16,78.2699966430664,78.2699966430664,74.56999969482422,75.5,75.5,184600
2022-06-17,76.2699966430664,77.44000244140625,75.55999755859375,75.91000366210938,75.91000366210938,297700
2022-06-21,77.68000030517578,79.41999816894531,77.48999786376953,79.05000305175781,79.05000305175781,211100
2022-06-22,77.80000305175781,79.41000366210938,77.19000244140625,78.19999694824219,78.19999694824219,199200
2022-06-23,78.4800033569336,78.88999938964844,77.6500015258789,78.47000122070312,78.47000122070312,116900
2022-06-24,79.19999694824219,83.4000015258789,78.81999969482422,83.20999908447266,83.20999908447266,649700
2022-06-27,83.56999969482422,84.3499984741211,81.77999877929688,83.06999969482422,83.06999969482422,169200
2022-06-28,83.98999786376953,83.98999786376953,80.83000183105469,81.02999877929688,81.02999877929688,136400
2022-06-29,81.36000061035156,81.94999694824219,79.95999908447266,81.93000030517578,81.93000030517578,191900
2022-06-30,80.58000183105469,82.47000122070312,79.93000030517578,81.0999984741211,81.0999984741211,184700
2022-07-01,80.31999969482422,81.91999816894531,78.97000122070312,81.0,81.0,261800
2022-07-05,79.5199966430664,81.61000061035156,77.66999816894531,81.5199966430664,81.5199966430664,207100
2022-07-06,81.62000274658203,82.16000366210938,79.77999877929688,80.83000183105469,80.83000183105469,114100
2022-07-07,81.2699966430664,83.08999633789062,81.2699966430664,82.61000061035156,82.61000061035156,67800
2022-07-08,81.81999969482422,82.8499984741211,81.62000274658203,82.83000183105469,82.83000183105469,86600
2022-07-11,81.9000015258789,82.6500015258789,81.44000244140625,82.16000366210938,82.16000366210938,64700
2022-07-12,82.2300033569336,83.9800033569336,82.2300033569336,82.7699966430664,82.7699966430664,134000
2022-07-13,81.56999969482422,82.87000274658203,80.61000061035156,81.5,81.5,145000
2022-07-14,79.68000030517578,81.7699966430664,78.54000091552734,81.70999908447266,81.70999908447266,144300
2022-07-15,82.87000274658203,83.5999984741211,81.4800033569336,83.41000366210938,83.41000366210938,106100
2022-07-18,83.94999694824219,84.44999694824219,81.94000244140625,82.51000213623047,82.51000213623047,78100
2022-07-19,83.83000183105469,87.18000030517578,83.83000183105469,86.22000122070312,86.22000122070312,177400
2022-07-20,86.0,87.54000091552734,85.51000213623047,87.41000366210938,87.41000366210938,269700
2022-07-21,87.93000030517578,90.29000091552734,87.87000274658203,90.26000213623047,90.26000213623047,172200
2022-07-22,90.16999816894531,90.72000122070312,87.51000213623047,88.58999633789062,88.58999633789062,118800
2022-07-25,88.16999816894531,88.3499984741211,86.97000122070312,88.0199966430664,88.0199966430664,126900
2022-07-26,87.73999786376953,89.80000305175781,87.3499984741211,89.52999877929688,89.52999877929688,136000
2022-07-27,90.16000366210938,92.70999908447266,89.87999725341797,91.91999816894531,91.91999816894531,131000
2022-07-28,92.13999938964844,94.30000305175781,91.37999725341797,93.98999786376953,93.98999786376953,178600
2022-07-29,93.83000183105469,96.13999938964844,91.9000015258789,96.05999755859375,96.05999755859375,195600
2022-08-01,94.87000274658203,96.44000244140625,94.3499984741211,95.72000122070312,95.72000122070312,133800
2022-08-02,94.68000030517578,96.97000122070312,94.38999938964844,96.4000015258789,96.4000015258789,121500
2022-08-03,96.55999755859375,97.30000305175781,94.93000030517578,96.83999633789062,96.83999633789062,213300
2022-08-04,97.2699966430664,98.0199966430664,96.38999938964844,97.7699966430664,97.7699966430664,105800
2022-08-05,96.58999633789062,98.05999755859375,95.97000122070312,96.98999786376953,96.98999786376953,174400
2022-08-08,96.98999786376953,97.98999786376953,95.05000305175781,96.16999816894531,96.16999816894531,153800
2022-08-09,96.16000366210938,96.16000366210938,93.31999969482422,94.0,94.0,145600
2022-08-10,96.20999908447266,98.55999755859375,95.44000244140625,97.54000091552734,97.54000091552734,161900
2022-08-11,97.75,99.01000213623047,97.29000091552734,97.98999786376953,97.98999786376953,98600
2022-08-12,98.66000366210938,100.80000305175781,98.5,100.66000366210938,100.66000366210938,98200
2022-08-15,99.58999633789062,101.7699966430664,98.9800033569336,100.70999908447266,100.70999908447266,224000
2022-08-16,113.5,117.83999633789062,111.18000030517578,115.75,115.75,689400
2022-08-17,114.55000305175781,116.7699966430664,113.44999694824219,114.01000213623047,114.01000213623047,347200
2022-08-18,113.76000213623047,118.87999725341797,113.72000122070312,117.3499984741211,117.3499984741211,224600
2022-08-19,116.4000015258789,116.4000015258789,113.22000122070312,113.55000305175781,113.55000305175781,143600
2022-08-22,112.5,113.30000305175781,111.77999877929688,112.41999816894531,112.41999816894531,171800
2022-08-23,111.41999816894531,112.6500015258789,107.7699966430664,107.94000244140625,107.94000244140625,244200
2022-08-24,107.27999877929688,108.54000091552734,107.05000305175781,107.81999969482422,107.81999969482422,137400
2022-08-25,107.52999877929688,111.68000030517578,107.5199966430664,111.58999633789062,111.58999633789062,132800
2022-08-26,111.19999694824219,111.41000366210938,107.33999633789062,107.33999633789062,107.33999633789062,128600
2022-08-29,105.80999755859375,107.63999938964844,105.2300033569336,105.30999755859375,105.30999755859375,169600
2022-08-30,106.20999908447266,106.20999908447266,103.47000122070312,104.08999633789062,104.08999633789062,149300
2022-08-31,104.47000122070312,104.47000122070312,102.76000213623047,102.83999633789062,102.83999633789062,180700
2022-09-01,101.01000213623047,101.44999694824219,97.69000244140625,99.02999877929688,99.02999877929688,182500
2022-09-02,100.45999908447266,100.45999908447266,97.5999984741211,97.86000061035156,97.86000061035156,169800
2022-09-06,97.98999786376953,98.93000030517578,97.20999908447266,98.04000091552734,98.04000091552734,269900
2022-09-07,98.55000305175781,99.55000305175781,97.29000091552734,99.36000061035156,99.36000061035156,153900
2022-09-08,98.2300033569336,100.70999908447266,97.4000015258789,100.70999908447266,100.70999908447266,187500
2022-09-09,101.0,103.11000061035156,100.1500015258789,102.2300033569336,102.2300033569336,140300
2022-09-12,103.05000305175781,104.81999969482422,102.62000274658203,104.5999984741211,104.5999984741211,99800
2022-09-13,102.04000091552734,102.55000305175781,100.08999633789062,101.0,101.0,161800
2022-09-14,101.08000183105469,102.87999725341797,100.25,102.79000091552734,102.79000091552734,262500
2022-09-15,101.80000305175781,103.06999969482422,100.0999984741211,100.4800033569336,100.4800033569336,276000
2022-09-16,99.44000244140625,99.44000244140625,96.66000366210938,98.62000274658203,98.62000274658203,336900
2022-09-19,97.58000183105469,99.41999816894531,97.29000091552734,98.91000366210938,98.91000366210938,180900
2022-09-20,98.2300033569336,98.9800033569336,96.31999969482422,97.30999755859375,97.30999755859375,138300
2022-09-21,98.3499984741211,99.44000244140625,96.44999694824219,96.5,96.5,106800
2022-09-22,96.0,96.0,93.5199966430664,94.08999633789062,94.08999633789062,119800
2022-09-23,92.87000274658203,93.5199966430664,90.66000366210938,92.20999908447266,92.20999908447266,193100
2022-09-26,92.25,93.62000274658203,90.62000274658203,91.08000183105469,91.08000183105469,211200
2022-09-27,92.58999633789062,93.72000122070312,91.48999786376953,93.68000030517578,93.68000030517578,232600
2022-09-28,93.91000366210938,97.08000183105469,93.33999633789062,96.4800033569336,96.4800033569336,227000
2022-09-29,95.08999633789062,95.18000030517578,93.69000244140625,94.94999694824219,94.94999694824219,137800
2022-09-30,95.33999633789062,98.4000015258789,95.33000183105469,95.44999694824219,95.44999694824219,298900
2022-10-03,96.58000183105469,98.47000122070312,95.30999755859375,97.87000274658203,97.87000274658203,168900
2022-10-04,100.19000244140625,102.58999633789062,100.0,101.43000030517578,101.43000030517578,176200
2022-10-05,99.93000030517578,105.30000305175781,99.93000030517578,105.05999755859375,105.05999755859375,244900
2022-10-06,105.05999755859375,107.68000030517578,105.05999755859375,107.3499984741211,107.3499984741211,224700
2022-10-07,105.91000366210938,106.12999725341797,103.56999969482422,104.66000366210938,104.66000366210938,225700
2022-10-10,105.51000213623047,105.52999877929688,102.04000091552734,102.86000061035156,102.86000061035156,113800
2022-10-11,102.37000274658203,103.4800033569336,100.4000015258789,100.55999755859375,100.55999755859375,220700
2022-10-12,101.30999755859375,101.30999755859375,99.33999633789062,99.33999633789062,99.33999633789062,138000
2022-10-13,97.05999755859375,101.62000274658203,96.56999969482422,100.68000030517578,100.68000030517578,197600
2022-10-14,102.27999877929688,102.27999877929688,97.19000244140625,97.30999755859375,97.30999755859375,129800
2022-10-17,99.33999633789062,101.08000183105469,98.79000091552734,100.61000061035156,100.61000061035156,154400
2022-10-18,102.77999877929688,104.11000061035156,101.05999755859375,101.66999816894531,101.66999816894531,171200
2022-10-19,100.36000061035156,101.2699966430664,98.58000183105469,99.69000244140625,99.69000244140625,209700
2022-10-20,99.86000061035156,103.3499984741211,99.43000030517578,101.73999786376953,101.73999786376953,244200
2022-10-21,102.31999969482422,106.63999938964844,101.45999908447266,106.5,106.5,164200
2022-10-24,106.52999877929688,108.38999938964844,105.41999816894531,108.05000305175781,108.05000305175781,208900
2022-10-25,107.63999938964844,113.51000213623047,107.44999694824219,113.11000061035156,113.11000061035156,362800
2022-10-26,112.58000183105469,115.70999908447266,111.93000030517578,111.93000030517578,111.93000030517578,219100
2022-10-27,112.7699966430664,113.77999877929688,111.58000183105469,112.36000061035156,112.36000061035156,117500
2022-10-28,112.75,114.9800033569336,112.75,113.6500015258789,113.6500015258789,166700
2022-10-31,113.33999633789062,115.61000061035156,112.26000213623047,114.4000015258789,114.4000015258789,201500
2022-11-01,115.68000030517578,116.44000244140625,112.25,116.2699966430664,116.2699966430664,185300
2022-11-02,115.41000366210938,118.05000305175781,113.0,113.19999694824219,113.19999694824219,232000
2022-11-03,111.30000305175781,114.0999984741211,110.26000213623047,113.5,113.5,170400
2022-11-04,114.81999969482422,114.81999969482422,110.43000030517578,112.27999877929688,112.27999877929688,157500
2022-11-07,113.04000091552734,113.04000091552734,110.36000061035156,111.38999938964844,111.38999938964844,226300
2022-11-08,115.0,123.63999938964844,114.7300033569336,121.91999816894531,121.91999816894531,794900
2022-11-09,121.0,121.93000030517578,115.83999633789062,117.18000030517578,117.18000030517578,319700
2022-11-10,118.22000122070312,125.38999938964844,118.22000122070312,125.38999938964844,125.38999938964844,269200
2022-11-11,125.79000091552734,128.25999450683594,125.52999877929688,126.41999816894531,126.41999816894531,280000
2022-11-14,125.05999755859375,126.73999786376953,122.33000183105469,124.55000305175781,124.55000305175781,147500
2022-11-15,126.73999786376953,128.66000366210938,124.83999633789062,126.6500015258789,126.6500015258789,170200
2022-11-16,125.95999908447266,127.5,125.37999725341797,126.93000030517578,126.93000030517578,181400
2022-11-17,125.45999908447266,128.33999633789062,125.33999633789062,128.22000122070312,128.22000122070312,182400
2022-11-18,129.44000244140625,129.94000244140625,127.7699966430664,129.77999877929688,129.77999877929688,200000
2022-11-21,129.00999450683594,129.69000244140625,127.86000061035156,128.19000244140625,128.19000244140625,143400
2022-11-22,128.02999877929688,129.58999633789062,127.69999694824219,129.35000610351562,129.35000610351562,114400
2022-11-23,129.1300048828125,131.49000549316406,128.3000030517578,129.50999450683594,129.50999450683594,165300
2022-11-25,129.5,130.4199981689453,129.0,129.74000549316406,129.74000549316406,66600
2022-11-28,129.07000732421875,129.4499969482422,127.38999938964844,127.98999786376953,127.98999786376953,199900
2022-11-29,127.41000366210938,128.36000061035156,127.0199966430664,127.20999908447266,127.20999908447266,158600
2022-11-30,126.86000061035156,133.4600067138672,126.3499984741211,133.41000366210938,133.41000366210938,367400
2022-12-01,133.92999267578125,134.3699951171875,131.50999450683594,133.61000061035156,133.61000061035156,163700
2022-12-02,131.39999389648438,133.4199981689453,130.8300018310547,132.61000061035156,132.61000061035156,130900
2022-12-05,132.08999633789062,132.08999633789062,129.52000427246094,130.63999938964844,130.63999938964844,135000
2022-12-06,130.75,131.5399932861328,129.19000244140625,129.4499969482422,129.4499969482422,189800
2022-12-07,128.4499969482422,129.5399932861328,127.48999786376953,127.91000366210938,127.91000366210938,160600
2022-12-08,129.36000061035156,131.91000366210938,128.44000244140625,130.97000122070312,130.97000122070312,224600
2022-12-09,129.89999389648438,131.44000244140625,129.89999389648438,130.25,130.25,135600
2022-12-12,130.52999877929688,131.7899932861328,130.02000427246094,130.6999969482422,130.6999969482422,96100
2022-12-13,135.27000427246094,136.0800018310547,132.30999755859375,132.6699981689453,132.6699981689453,159200
2022-12-14,132.6699981689453,134.50999450683594,129.52999877929688,130.24000549316406,130.24000549316406,162400
2022-12-15,128.77999877929688,129.27999877929688,125.12000274658203,125.30999755859375,125.30999755859375,163300
2022-12-16,124.20999908447266,125.75,123.19999694824219,125.16000366210938,125.16000366210938,464100
2022-12-19,125.25,125.30999755859375,122.79000091552734,124.62000274658203,124.62000274658203,140000
2022-12-20,125.55000305175781,130.2899932861328,125.27999877929688,130.02000427246094,130.02000427246094,227100
2022-12-21,131.08999633789062,132.32000732421875,130.4199981689453,132.00999450683594,132.00999450683594,149400
2022-12-22,131.27000427246094,131.27000427246094,127.18000030517578,128.3699951171875,128.3699951171875,132500
2022-12-23,127.88999938964844,129.44000244140625,126.5,128.69000244140625,128.69000244140625,95500
2022-12-27,129.52999877929688,130.61000061035156,128.4199981689453,129.5500030517578,129.5500030517578,132800
2022-12-28,129.8000030517578,130.74000549316406,125.54000091552734,126.16000366210938,126.16000366210938,93700
2022-12-29,128.0500030517578,129.82000732421875,127.41000366210938,129.0500030517578,129.0500030517578,106500
2022-12-30,128.39999389648438,128.52999877929688,127.23999786376953,128.22000122070312,128.22000122070312,89400
2023-01-03,130.10000610351562,133.52999877929688,129.1199951171875,130.77999877929688,130.77999877929688,317300
2023-01-04,132.66000366210938,134.82000732421875,127.0199966430664,128.47000122070312,128.47000122070312,231400
2023-01-05,127.94999694824219,128.91000366210938,126.37999725341797,126.4000015258789,126.4000015258789,101500
2023-01-06,128.02000427246094,130.66000366210938,126.7300033569336,129.41000366210938,129.41000366210938,188600
2023-01-09,130.69000244140625,132.97999572753906,130.30999755859375,130.74000549316406,130.74000549316406,181200
2023-01-10,131.33999633789062,131.55999755859375,130.10000610351562,131.3699951171875,131.3699951171875,159800
2023-01-11,131.3699951171875,134.67999267578125,130.50999450683594,134.67999267578125,134.67999267578125,129600
2023-01-12,133.97999572753906,136.25999450683594,133.17999267578125,136.25999450683594,136.25999450683594,240400
2023-01-13,134.7899932861328,138.00999450683594,134.7899932861328,137.86000061035156,137.86000061035156,140300
2023-01-17,138.4600067138672,140.17999267578125,137.69000244140625,137.82000732421875,137.82000732421875,125100
2023-01-18,137.83999633789062,138.55999755859375,134.57000732421875,135.24000549316406,135.24000549316406,109800
2023-01-19,134.60000610351562,135.47000122070312,131.25,131.77000427246094,131.77000427246094,187700
2023-01-20,132.75,134.3699951171875,130.00999450683594,134.25,134.25,201700
2023-01-23,134.75,137.5399932861328,134.75,136.6999969482422,136.6999969482422,119600
2023-01-24,136.0399932861328,137.52999877929688,134.75999450683594,137.33999633789062,137.33999633789062,129700
2023-01-25,135.75,135.75,133.3300018310547,135.14999389648438,135.14999389648438,183100
2023-01-26,135.3300018310547,136.07000732421875,132.82000732421875,135.52000427246094,135.52000427246094,121500
2023-01-27,134.19000244140625,134.4600067138672,127.75,128.5,128.5,323300
2023-01-30,127.73999786376953,129.0,126.5999984741211,127.0,127.0,189100
2023-01-31,127.69999694824219,131.80999755859375,127.69999694824219,131.66000366210938,131.66000366210938,234800
2023-02-01,131.66000366210938,134.27000427246094,128.6999969482422,132.89999389648438,132.89999389648438,220300
2023-02-02,133.92999267578125,135.35000610351562,132.4199981689453,133.3300018310547,133.3300018310547,190500
2023-02-03,131.50999450683594,135.57000732421875,130.85000610351562,133.0800018310547,133.0800018310547,289600
2023-02-06,133.2899932861328,134.5399932861328,130.69000244140625,132.05999755859375,132.05999755859375,202900
2023-02-07,134.33999633789062,137.75,120.11000061035156,121.91999816894531,121.91999816894531,701200
2023-02-08,121.43000030517578,125.91999816894531,120.5999984741211,122.66999816894531,122.66999816894531,331000
2023-02-09,123.83999633789062,125.12000274658203,121.4800033569336,121.94999694824219,121.94999694824219,217900
2023-02-10,121.52999877929688,124.2699966430664,121.0,122.79000091552734,122.79000091552734,206700
2023-02-13,122.77999877929688,127.27999877929688,122.5199966430664,126.73999786376953,126.73999786376953,183500
2023-02-14,125.62000274658203,128.07000732421875,124.61000061035156,126.43000030517578,126.43000030517578,166900
2023-02-15,125.01000213623047,125.66999816894531,123.31999969482422,124.0,124.0,209800
2023-02-16,122.01000213623047,124.58999633789062,122.01000213623047,123.05000305175781,123.05000305175781,127000
2023-02-17,123.70999908447266,123.91999816894531,122.19999694824219,123.2699966430664,123.2699966430664,139500
2023-02-21,121.62999725341797,124.7699966430664,121.41999816894531,122.08000183105469,122.08000183105469,170000
2023-02-22,122.58999633789062,123.56999969482422,121.22000122070312,122.16999816894531,122.16999816894531,193100
2023-02-23,123.30999755859375,123.63999938964844,120.62999725341797,123.12000274658203,123.12000274658203,107600
2023-02-24,121.5,121.5999984741211,119.52999877929688,119.91999816894531,119.91999816894531,175400
2023-02-27,121.08999633789062,123.11000061035156,120.19000244140625,122.0,122.0,118900
2023-02-28,121.44999694824219,123.5199966430664,121.44999694824219,121.87000274658203,121.87000274658203,232100
2023-03-01,122.05999755859375,123.9000015258789,120.4800033569336,121.11000061035156,121.11000061035156,161000
2023-03-02,119.58000183105469,121.04000091552734,118.5199966430664,120.97000122070312,120.97000122070312,210700
2023-03-03,121.95999908447266,123.11000061035156,120.77999877929688,122.13999938964844,122.13999938964844,212300
2023-03-06,121.97000122070312,123.5,120.98999786376953,121.19000244140625,121.19000244140625,353700
2023-03-07,121.55000305175781,121.80000305175781,118.55999755859375,119.70999908447266,119.70999908447266,157400
2023-03-08,120.18000030517578,121.76000213623047,119.1500015258789,121.41000366210938,121.41000366210938,104300
2023-03-09,121.80999755859375,123.02999877929688,120.33000183105469,120.58999633789062,120.58999633789062,143500
2023-03-10,120.18000030517578,120.18000030517578,116.66000366210938,118.05999755859375,118.05999755859375,152600
2023-03-13,116.19000244140625,118.45999908447266,115.70999908447266,115.75,115.75,181000
2023-03-14,118.36000061035156,120.54000091552734,117.70999908447266,119.4000015258789,119.4000015258789,131300
2023-03-15,116.69999694824219,117.30000305175781,112.8499984741211,113.44000244140625,113.44000244140625,311100
2023-03-16,112.06999969482422,114.26000213623047,110.26000213623047,113.23999786376953,113.23999786376953,515200
2023-03-17,112.66999816894531,113.05000305175781,109.98999786376953,110.91999816894531,110.91999816894531,976500
2023-03-20,111.62999725341797,115.2699966430664,111.62999725341797,114.4000015258789,114.4000015258789,255600
2023-03-21,115.87999725341797,117.62999725341797,114.16000366210938,114.23999786376953,114.23999786376953,286100
2023-03-22,114.11000061035156,115.18000030517578,111.9000015258789,111.94999694824219,111.94999694824219,174800
2023-03-23,112.5,113.72000122070312,109.72000122070312,110.5199966430664,110.5199966430664,199600
2023-03-24,109.97000122070312,110.91000366210938,108.69000244140625,110.81999969482422,110.81999969482422,192200
2023-03-27,111.73999786376953,113.16000366210938,110.5999984741211,112.7699966430664,112.7699966430664,183900
2023-03-28,112.66999816894531,112.66999816894531,110.05999755859375,112.33999633789062,112.33999633789062,104500
2023-03-29,113.45999908447266,114.19000244140625,112.47000122070312,113.62000274658203,113.62000274658203,159600
2023-03-30,114.75,116.05999755859375,114.70999908447266,114.9800033569336,114.9800033569336,142300
2023-03-31,115.2699966430664,119.08999633789062,115.2699966430664,118.76000213623047,118.76000213623047,377500
2023-04-03,118.47000122070312,119.37000274658203,113.73999786376953,116.36000061035156,116.36000061035156,179500
2023-04-04,116.8499984741211,117.16999816894531,112.79000091552734,113.75,113.75,78900
2023-04-05,113.20999908447266,113.55000305175781,111.70999908447266,112.29000091552734,112.29000091552734,158800
2023-04-06,106.9000015258789,107.0199966430664,100.0,102.62000274658203,102.62000274658203,933700
2023-04-10,102.61000061035156,104.83999633789062,102.33000183105469,104.29000091552734,104.29000091552734,313200
2023-04-11,104.54000091552734,104.9000015258789,101.04000091552734,101.48999786376953,101.48999786376953,373700
2023-04-12,102.69000244140625,103.43000030517578,100.06999969482422,101.19000244140625,101.19000244140625,321200
2023-04-13,100.93000030517578,100.93000030517578,98.11000061035156,99.22000122070312,99.22000122070312,540300
2023-04-14,99.0,99.54000091552734,97.29000091552734,98.25,98.25,533000
2023-04-17,98.33999633789062,99.01000213623047,95.7300033569336,98.25,98.25,651100
2023-04-18,98.61000061035156,99.4000015258789,95.6500015258789,96.94000244140625,96.94000244140625,355600
2023-04-19,95.43000030517578,95.48999786376953,93.9800033569336,95.0,95.0,713500
2023-04-20,94.33999633789062,95.77999877929688,93.87000274658203,95.58999633789062,95.58999633789062,378100
2023-04-21,96.0,97.0199966430664,94.98999786376953,95.38999938964844,95.38999938964844,343500
2023-04-24,94.94999694824219,95.6500015258789,94.81999969482422,94.9000015258789,94.9000015258789,210700
2023-04-25,94.19999694824219,95.58999633789062,94.19999694824219,94.58000183105469,94.58000183105469,331700
2023-04-26,94.16999816894531,95.5,94.16999816894531,94.87000274658203,94.87000274658203,236400
2023-04-27,95.05000305175781,95.05000305175781,92.11000061035156,94.27999877929688,94.27999877929688,174000
2023-04-28,94.44000244140625,95.02999877929688,93.72000122070312,94.94999694824219,94.94999694824219,141300
2023-05-01,94.58000183105469,96.01000213623047,93.7300033569336,94.05000305175781,94.05000305175781,171900
2023-05-02,93.2699966430664,93.93000030517578,91.48999786376953,92.16999816894531,92.16999816894531,328200
2023-05-03,92.66000366210938,95.43000030517578,92.58000183105469,93.31999969482422,93.31999969482422,293200
2023-05-04,92.83999633789062,93.0999984741211,91.08999633789062,91.2300033569336,91.2300033569336,267900
2023-05-05,92.69999694824219,93.83000183105469,91.62000274658203,93.08000183105469,93.08000183105469,283900
2023-05-08,93.36000061035156,94.02999877929688,92.83999633789062,93.48999786376953,93.48999786376953,630700
2023-05-09,91.16000366210938,96.88999938964844,91.16000366210938,92.6500015258789,92.6500015258789,994600
2023-05-10,93.98999786376953,94.05000305175781,91.37000274658203,92.31999969482422,92.31999969482422,388400
2023-05-11,91.72000122070312,92.2300033569336,90.19000244140625,91.55999755859375,91.55999755859375,414600
2023-05-12,91.97000122070312,92.38999938964844,90.36000061035156,91.83000183105469,91.83000183105469,241000
2023-05-15,91.95999908447266,92.54000091552734,91.62999725341797,91.91000366210938,91.91000366210938,268100
2023-05-16,91.41999816894531,93.47000122070312,91.16000366210938,93.1500015258789,93.1500015258789,260800
2023-05-17,93.80000305175781,95.55999755859375,92.80999755859375,94.94000244140625,94.94000244140625,290800
2023-05-18,95.0,95.9000015258789,94.13999938964844,95.27999877929688,95.27999877929688,192300
2023-05-19,96.4000015258789,96.70999908447266,95.04000091552734,95.44000244140625,95.44000244140625,261500
2023-05-22,95.44000244140625,97.58000183105469,95.06999969482422,97.52999877929688,97.52999877929688,185100
2023-05-23,96.83999633789062,100.41999816894531,96.41000366210938,98.33999633789062,98.33999633789062,853200
2023-05-24,97.01000213623047,98.12999725341797,95.98999786376953,97.25,97.25,324400
2023-05-25,97.88999938964844,105.58999633789062,97.81999969482422,105.16999816894531,105.16999816894531,1151500
2023-05-26,104.95999908447266,119.55999755859375,104.95999908447266,118.95999908447266,118.95999908447266,1514600
2023-05-30,121.33999633789062,122.01000213623047,115.47000122070312,118.37999725341797,118.37999725341797,794200
2023-05-31,117.2699966430664,118.4000015258789,112.41999816894531,113.22000122070312,113.22000122070312,567300
2023-06-01,112.55999755859375,113.01000213623047,110.4000015258789,111.2699966430664,111.2699966430664,347200
2023-06-02,112.41999816894531,115.16000366210938,111.44000244140625,114.9000015258789,114.9000015258789,313500
2023-06-05,113.80000305175781,114.05000305175781,108.54000091552734,112.05000305175781,112.05000305175781,223800
2023-06-06,111.0,112.6500015258789,109.06999969482422,109.94000244140625,109.94000244140625,436100
2023-06-07,110.76000213623047,113.66000366210938,110.4800033569336,112.41000366210938,112.41000366210938,393600
2023-06-08,111.45999908447266,112.4800033569336,111.05000305175781,112.0999984741211,112.0999984741211,184400
2023-06-09,112.08999633789062,113.12000274658203,111.81999969482422,113.0199966430664,113.0199966430664,192000
2023-06-12,116.30999755859375,129.42999267578125,116.30999755859375,126.63999938964844,126.63999938964844,933000
2023-06-13,128.33999633789062,132.8699951171875,127.0999984741211,129.75,129.75,695800
2023-06-14,129.35000610351562,132.64999389648438,128.89999389648438,129.5800018310547,129.5800018310547,498800
2023-06-15,128.5800018310547,130.0,127.05000305175781,129.11000061035156,129.11000061035156,370300
2023-06-16,130.97999572753906,131.60000610351562,127.5999984741211,129.0,129.0,674400
2023-06-20,129.41000366210938,133.74000549316406,128.5399932861328,129.22999572753906,129.22999572753906,361100
2023-06-21,128.02000427246094,128.9199981689453,125.29000091552734,128.0800018310547,128.0800018310547,275200
2023-06-22,127.80999755859375,128.4499969482422,125.72000122070312,127.20999908447266,127.20999908447266,317200
2023-06-23,124.7699966430664,126.45999908447266,123.56999969482422,124.16000366210938,124.16000366210938,337300
2023-06-26,123.94999694824219,126.36000061035156,123.94999694824219,124.2699966430664,124.2699966430664,200500
2023-06-27,124.41000366210938,127.2300033569336,124.02999877929688,126.3499984741211,126.3499984741211,222900
2023-06-28,124.8499984741211,127.1500015258789,124.7300033569336,125.55000305175781,125.55000305175781,184900
2023-06-29,126.81999969482422,129.11000061035156,125.08000183105469,128.52000427246094,128.52000427246094,203400
2023-06-30,129.88999938964844,133.0,128.02000427246094,129.8800048828125,129.8800048828125,323600
2023-07-03,129.25,130.36000061035156,126.87999725341797,128.86000061035156,128.86000061035156,90900
2023-07-05,127.61000061035156,128.08999633789062,126.18000030517578,126.98999786376953,126.98999786376953,157100
2023-07-06,125.6500015258789,126.7699966430664,124.36000061035156,126.66999816894531,126.66999816894531,179100
2023-07-07,127.41999816894531,130.85000610351562,126.16999816894531,128.0,128.0,255400
2023-07-10,127.79000091552734,130.32000732421875,127.79000091552734,129.60000610351562,129.60000610351562,158900
2023-07-11,130.0,132.0,129.52999877929688,131.61000061035156,131.61000061035156,191500
2023-07-12,133.47000122070312,134.0800018310547,131.41000366210938,132.2899932861328,132.2899932861328,252300
2023-07-13,132.49000549316406,134.9499969482422,131.64999389648438,134.89999389648438,134.89999389648438,230900
2023-07-14,134.44000244140625,134.5500030517578,130.4499969482422,130.9600067138672,130.9600067138672,305900
2023-07-17,130.89999389648438,133.0,129.72999572753906,130.6699981689453,130.6699981689453,201000
2023-07-18,130.41000366210938,131.4600067138672,129.55999755859375,130.74000549316406,130.74000549316406,233900
2023-07-19,131.3699951171875,131.3699951171875,128.1699981689453,129.0,129.0,483000
2023-07-20,127.87000274658203,128.39999389648438,123.33999633789062,123.55000305175781,123.55000305175781,309400
2023-07-21,124.55999755859375,124.98999786376953,123.0,123.62999725341797,123.62999725341797,262300
2023-07-24,123.66000366210938,125.0999984741211,121.5,124.41000366210938,124.41000366210938,288900
2023-07-25,124.4800033569336,126.41999816894531,123.41000366210938,125.5199966430664,125.5199966430664,182700
2023-07-26,124.5999984741211,125.5999984741211,123.2300033569336,124.83999633789062,124.83999633789062,177500
2023-07-27,126.54000091552734,127.80000305175781,125.55000305175781,126.58999633789062,126.58999633789062,292000
2023-07-28,127.41999816894531,127.48999786376953,122.75,124.44000244140625,124.44000244140625,308600
2023-07-31,124.58999633789062,125.0,123.41000366210938,123.63999938964844,123.63999938964844,239100
2023-08-01,122.76000213623047,123.63999938964844,121.18000030517578,123.62999725341797,123.62999725341797,347400
2023-08-02,122.0999984741211,123.47000122070312,121.04000091552734,121.5,121.5,269300
2023-08-03,120.0,122.12000274658203,119.0999984741211,121.76000213623047,121.76000213623047,201300
2023-08-04,121.1500015258789,127.16000366210938,120.80999755859375,126.41000366210938,126.41000366210938,338600
2023-08-07,126.5199966430664,128.1300048828125,125.12000274658203,126.83000183105469,126.83000183105469,227600
2023-08-08,126.18000030517578,126.27999877929688,122.86000061035156,124.5999984741211,124.5999984741211,278200
2023-08-09,124.11000061035156,125.73999786376953,123.36000061035156,124.51000213623047,124.51000213623047,150700
2023-08-10,124.1500015258789,125.19000244140625,120.62999725341797,121.73999786376953,121.73999786376953,274400
2023-08-11,121.16999816894531,122.66999816894531,121.16999816894531,121.98999786376953,121.98999786376953,186300
2023-08-14,121.5999984741211,122.0199966430664,119.76000213623047,121.87000274658203,121.87000274658203,270600
2023-08-15,121.33000183105469,122.37000274658203,120.19000244140625,121.08000183105469,121.08000183105469,128500
2023-08-16,118.51000213623047,119.22000122070312,114.83000183105469,116.58000183105469,116.58000183105469,411000
2023-08-17,117.37999725341797,117.75,115.20999908447266,116.2300033569336,116.2300033569336,194500
2023-08-18,114.83999633789062,118.80000305175781,114.83999633789062,117.8499984741211,117.8499984741211,261500
2023-08-21,117.94999694824219,119.58999633789062,116.62999725341797,116.77999877929688,116.77999877929688,565400
2023-08-22,153.82000732421875,154.88999938964844,143.57000732421875,153.66000366210938,153.66000366210938,2107500
2023-08-23,153.66000366210938,163.8800048828125,153.66000366210938,162.99000549316406,162.99000549316406,1112200
2023-08-24,160.50999450683594,163.0800018310547,158.4499969482422,158.91000366210938,158.91000366210938,878400
2023-08-25,159.3699951171875,159.75,151.9499969482422,156.77999877929688,156.77999877929688,553200
2023-08-28,156.0,157.91000366210938,153.55999755859375,155.5800018310547,155.5800018310547,303600
2023-08-29,155.75999450683594,159.02000427246094,154.58999633789062,157.4600067138672,157.4600067138672,303000
2023-08-30,159.1999969482422,160.0,156.97000122070312,158.35000610351562,158.35000610351562,257900
2023-08-31,158.22000122070312,161.83999633789062,157.33999633789062,160.77000427246094,160.77000427246094,423600
2023-09-01,161.85000610351562,163.0,160.3300018310547,160.52000427246094,160.52000427246094,182200
2023-09-05,157.67999267578125,157.67999267578125,154.22999572753906,156.49000549316406,156.49000549316406,278600
2023-09-06,156.75999450683594,157.5500030517578,153.50999450683594,153.89999389648438,153.89999389648438,194000
2023-09-07,153.10000610351562,153.57000732421875,149.5800018310547,151.52000427246094,151.52000427246094,248500
2023-09-08,151.3800048828125,152.67999267578125,149.44000244140625,151.72000122070312,151.72000122070312,240100
2023-09-11,152.7100067138672,153.8699951171875,151.0500030517578,152.05999755859375,152.05999755859375,250300
2023-09-12,151.1199951171875,152.6300048828125,148.49000549316406,148.8000030517578,148.8000030517578,168700
2023-09-13,148.67999267578125,149.27000427246094,146.64999389648438,148.17999267578125,148.17999267578125,200500
2023-09-14,149.16000366210938,150.97999572753906,148.3000030517578,150.08999633789062,150.08999633789062,164300
2023-09-15,149.99000549316406,151.41000366210938,149.19000244140625,151.24000549316406,151.24000549316406,559400
2023-09-18,150.05999755859375,152.0399932861328,148.97000122070312,149.8800048828125,149.8800048828125,168000
2023-09-19,150.17999267578125,152.9199981689453,149.47999572753906,152.5500030517578,152.5500030517578,317100
2023-09-20,153.44000244140625,156.2899932861328,153.00999450683594,153.75999450683594,153.75999450683594,220700
2023-09-21,151.9600067138672,153.22999572753906,151.0,151.27000427246094,151.27000427246094,384300
2023-09-22,152.4199981689453,157.52999877929688,151.77999877929688,156.0800018310547,156.0800018310547,431800
2023-09-25,155.0399932861328,158.8699951171875,154.7100067138672,156.16000366210938,156.16000366210938,302500
2023-09-26,155.3000030517578,155.89999389648438,153.33999633789062,153.64999389648438,153.64999389648438,250000
2023-09-27,155.1999969482422,160.1699981689453,154.67999267578125,158.9199981689453,158.9199981689453,517000
2023-09-28,159.10000610351562,169.2899932861328,158.41000366210938,167.89999389648438,167.89999389648438,856900
2023-09-29,168.64999389648438,170.07000732421875,165.0,166.6199951171875,166.6199951171875,561900
2023-10-02,166.32000732421875,168.3699951171875,165.60000610351562,168.36000061035156,168.36000061035156,419300
2023-10-03,167.77999877929688,169.3000030517578,166.42999267578125,167.5800018310547,167.5800018310547,414700
2023-10-04,167.6999969482422,170.77000427246094,166.6999969482422,170.10000610351562,170.10000610351562,295400
2023-10-05,173.05999755859375,174.41000366210938,169.0,174.1199951171875,174.1199951171875,589900
2023-10-06,174.0,182.47000122070312,174.0,175.75999450683594,175.75999450683594,729500
2023-10-09,173.88999938964844,176.92999267578125,171.6300048828125,175.5500030517578,175.5500030517578,294900
2023-10-10,176.27999877929688,183.16000366210938,174.6199951171875,177.80999755859375,177.80999755859375,400200
2023-10-11,178.49000549316406,182.3000030517578,177.80999755859375,181.9600067138672,181.9600067138672,330600
2023-10-12,182.39999389648438,183.74000549316406,178.2100067138672,178.77999877929688,178.77999877929688,291500
2023-10-13,178.44000244140625,178.99000549316406,172.0399932861328,173.17999267578125,173.17999267578125,283400
2023-10-16,175.4199981689453,178.8000030517578,174.7899932861328,175.6699981689453,175.6699981689453,197900
2023-10-17,172.61000061035156,176.88999938964844,172.07000732421875,174.58999633789062,174.58999633789062,229700
2023-10-18,172.0800018310547,172.94000244140625,167.10000610351562,167.6699981689453,167.6699981689453,450900
2023-10-19,167.9199981689453,168.02999877929688,163.55999755859375,163.97999572753906,163.97999572753906,298700
2023-10-20,163.52000427246094,164.14999389648438,158.4199981689453,160.72999572753906,160.72999572753906,262500
2023-10-23,160.0500030517578,164.88999938964844,158.64999389648438,162.94000244140625,162.94000244140625,299700
2023-10-24,162.97999572753906,165.67999267578125,162.91000366210938,164.67999267578125,164.67999267578125,178100
2023-10-25,164.3800048828125,164.3800048828125,161.11000061035156,161.16000366210938,161.16000366210938,202800
2023-10-26,161.97999572753906,162.3000030517578,151.52999877929688,153.25999450683594,153.25999450683594,522000
2023-10-27,154.22000122070312,154.97999572753906,149.4600067138672,151.97000122070312,151.97000122070312,433900
2023-10-30,154.0500030517578,155.91000366210938,152.0500030517578,154.4499969482422,154.4499969482422,307900
2023-10-31,153.2899932861328,156.4499969482422,149.19000244140625,155.0,155.0,287300
2023-11-01,154.94000244140625,156.47999572753906,152.27000427246094,153.72999572753906,153.72999572753906,412200
2023-11-02,156.25,158.67999267578125,152.8000030517578,155.2100067138672,155.2100067138672,374000
2023-11-03,157.1300048828125,164.05999755859375,157.0,162.52000427246094,162.52000427246094,350000
2023-11-06,162.75,164.91000366210938,160.64999389648438,161.58999633789062,161.58999633789062,504600
2023-11-07,163.14999389648438,176.0,157.5500030517578,171.50999450683594,171.50999450683594,971300
2023-11-08,171.7899932861328,176.85000610351562,169.3800048828125,171.92999267578125,171.92999267578125,431500
2023-11-09,171.9199981689453,172.2899932861328,166.0500030517578,167.0,167.0,270500
2023-11-10,168.5800018310547,168.5800018310547,164.57000732421875,167.63999938964844,167.63999938964844,274200
2023-11-13,167.0,169.5,165.16000366210938,169.17999267578125,169.17999267578125,336400
2023-11-14,174.0500030517578,176.13999938964844,172.58999633789062,174.5,174.5,264900
2023-11-15,174.74000549316406,176.8699951171875,171.1999969482422,171.25999450683594,171.25999450683594,292200
2023-11-16,169.82000732421875,170.82000732421875,167.07000732421875,168.27999877929688,168.27999877929688,188900
2023-11-17,170.3000030517578,172.5399932861328,169.8000030517578,171.22999572753906,171.22999572753906,239200
2023-11-20,172.0,172.30999755859375,169.86000061035156,171.17999267578125,171.17999267578125,163400
2023-11-21,169.42999267578125,169.8000030517578,164.91000366210938,165.67999267578125,165.67999267578125,290000
2023-11-22,167.25999450683594,169.69000244140625,164.77999877929688,165.6300048828125,165.6300048828125,220400
2023-11-24,166.8699951171875,166.8699951171875,164.2100067138672,165.0800018310547,165.0800018310547,98000
2023-11-27,164.13999938964844,165.72999572753906,162.07000732421875,163.49000549316406,163.49000549316406,210000
2023-11-28,164.52999877929688,166.1999969482422,162.8000030517578,164.30999755859375,164.30999755859375,198500
2023-11-29,164.88999938964844,168.19000244140625,161.19000244140625,163.0,163.0,300300
2023-11-30,163.0800018310547,163.74000549316406,159.30999755859375,161.89999389648438,161.89999389648438,491500
2023-12-01,161.3300018310547,166.74000549316406,161.3300018310547,165.0,165.0,248500
2023-12-04,164.39999389648438,167.07000732421875,163.6699981689453,166.97999572753906,166.97999572753906,268700
2023-12-05,166.61000061035156,166.61000061035156,162.8000030517578,164.83999633789062,164.83999633789062,241100
2023-12-06,166.74000549316406,168.0,161.55999755859375,162.5500030517578,162.5500030517578,357700
2023-12-07,162.14999389648438,165.5399932861328,161.1999969482422,165.11000061035156,165.11000061035156,160000
2023-12-08,164.5,168.00999450683594,164.5,166.25,166.25,187500
2023-12-11,166.64999389648438,172.02999877929688,166.64999389648438,170.9600067138672,170.9600067138672,275400
2023-12-12,171.38999938964844,171.86000061035156,168.50999450683594,171.49000549316406,171.49000549316406,198600
2023-12-13,171.41000366210938,177.08999633789062,171.19000244140625,176.1699981689453,176.1699981689453,303300
2023-12-14,179.88999938964844,187.8000030517578,179.6199951171875,186.91000366210938,186.91000366210938,563900
2023-12-15,190.0,190.0,183.75,188.52999877929688,188.52999877929688,823100
2023-12-18,189.64999389648438,193.5500030517578,185.97999572753906,192.1699981689453,192.1699981689453,447800
2023-12-19,193.97000122070312,196.88999938964844,189.17999267578125,191.74000549316406,191.74000549316406,517700
2023-12-20,191.08999633789062,195.22999572753906,187.69000244140625,188.25999450683594,188.25999450683594,432100
2023-12-21,191.1199951171875,192.57000732421875,188.92999267578125,191.4199981689453,191.4199981689453,245900
2023-12-22,192.14999389648438,193.47999572753906,190.69000244140625,191.97000122070312,191.97000122070312,204700
2023-12-26,192.7100067138672,196.44000244140625,192.24000549316406,196.3000030517578,196.3000030517578,199400
2023-12-27,196.82000732421875,199.99000549316406,196.0,198.0800018310547,198.0800018310547,327600
2023-12-28,196.92999267578125,198.42999267578125,196.02999877929688,196.91000366210938,196.91000366210938,187500
2023-12-29,195.17999267578125,196.0500030517578,189.50999450683594,190.3300018310547,190.3300018310547,297000
2024-01-02,186.9199981689453,189.72000122070312,185.19000244140625,189.1300048828125,189.1300048828125,329200
2024-01-03,186.66000366210938,190.0800018310547,185.25999450683594,185.3300018310547,185.3300018310547,233700
2024-01-04,184.25999450683594,185.9600067138672,182.5800018310547,182.58999633789062,182.58999633789062,306800
2024-01-05,181.22000122070312,186.77999877929688,181.22000122070312,184.2899932861328,184.2899932861328,212200
2024-01-08,183.4499969482422,189.88999938964844,183.4499969482422,188.3800048828125,188.3800048828125,197800
2024-01-09,185.57000732421875,189.22000122070312,184.3300018310547,189.1999969482422,189.1999969482422,148200
2024-01-10,189.3300018310547,191.99000549316406,185.4499969482422,185.55999755859375,185.55999755859375,214300
2024-01-11,186.38999938964844,189.5800018310547,182.75999450683594,188.50999450683594,188.50999450683594,212900
2024-01-12,190.58999633789062,191.33999633789062,187.1999969482422,188.8000030517578,188.8000030517578,112700
2024-01-16,188.1999969482422,189.08999633789062,186.32000732421875,188.3000030517578,188.3000030517578,226300
2024-01-17,186.67999267578125,187.5399932861328,183.8000030517578,186.55999755859375,186.55999755859375,244200
2024-01-18,188.69000244140625,191.3800048828125,187.8300018310547,191.3699951171875,191.3699951171875,248000
2024-01-19,194.47000122070312,202.7100067138672,192.47999572753906,201.9600067138672,201.9600067138672,516800
2024-01-22,204.89999389648438,207.72000122070312,202.55999755859375,203.36000061035156,203.36000061035156,421800
2024-01-23,204.58999633789062,205.30999755859375,200.8699951171875,203.27000427246094,203.27000427246094,229100
2024-01-24,206.33999633789062,211.36000061035156,204.5500030517578,207.27999877929688,207.27999877929688,361700
2024-01-25,210.85000610351562,211.69000244140625,207.4499969482422,209.6300048828125,209.6300048828125,389700
2024-01-26,208.7100067138672,211.27000427246094,206.25,209.02999877929688,209.02999877929688,315400
2024-01-29,209.05999755859375,213.72999572753906,209.05999755859375,212.49000549316406,212.49000549316406,347600
2024-01-30,214.25999450683594,220.69000244140625,213.82000732421875,219.8300018310547,219.8300018310547,453100
2024-01-31,217.0399932861328,221.1999969482422,213.41000366210938,213.50999450683594,213.50999450683594,405500
2024-02-01,214.99000549316406,222.47999572753906,214.99000549316406,221.7899932861328,221.7899932861328,403600
2024-02-02,220.5800018310547,224.92999267578125,218.7100067138672,223.64999389648438,223.64999389648438,315900
2024-02-05,225.0,229.02000427246094,218.2899932861328,223.60000610351562,223.60000610351562,827300
2024-02-06,183.88999938964844,184.0,166.52999877929688,182.42999267578125,182.42999267578125,2782400
2024-02-07,182.19000244140625,193.10000610351562,180.52999877929688,192.3300018310547,192.3300018310547,1151700
2024-02-08,193.61000061035156,202.1199951171875,192.41000366210938,196.07000732421875,196.07000732421875,634900
2024-02-09,197.25,205.38999938964844,194.00999450683594,204.55999755859375,204.55999755859375,496000
2024-02-12,205.9199981689453,208.4499969482422,201.55999755859375,204.72000122070312,204.72000122070312,450600
2024-02-13,197.2899932861328,199.7100067138672,191.1199951171875,194.42999267578125,194.42999267578125,452700
2024-02-14,198.63999938964844,203.22999572753906,195.9499969482422,202.02999877929688,202.02999877929688,360300
2024-02-15,202.1199951171875,203.50999450683594,198.72000122070312,202.14999389648438,202.14999389648438,492200
2024-02-16,200.52000427246094,203.67999267578125,195.7899932861328,196.6999969482422,196.6999969482422,697000
2024-02-20,192.99000549316406,195.32000732421875,182.89999389648438,183.5800018310547,183.5800018310547,624000
2024-02-21,181.94000244140625,188.75,180.41000366210938,188.38999938964844,188.38999938964844,382300
2024-02-22,194.72000122070312,203.52000427246094,194.72000122070312,200.83999633789062,200.83999633789062,523400
2024-02-23,201.11000061035156,201.11000061035156,191.8800048828125,199.1199951171875,199.1199951171875,444600
2024-02-26,200.0,201.69000244140625,197.27999877929688,199.72999572753906,199.72999572753906,254100
2024-02-27,200.60000610351562,204.6199951171875,199.72000122070312,202.38999938964844,202.38999938964844,273400
2024-02-28,200.5399932861328,207.6999969482422,200.0,203.94000244140625,203.94000244140625,321400
2024-02-29,208.00999450683594,217.1199951171875,205.00999450683594,215.57000732421875,215.57000732421875,599800
2024-03-01,216.0,221.07000732421875,214.27999877929688,218.60000610351562,218.60000610351562,411700
2024-03-04,219.97000122070312,225.72999572753906,219.97000122070312,221.9199981689453,221.9199981689453,314300
2024-03-05,219.22000122070312,221.92999267578125,215.9600067138672,220.6199951171875,220.6199951171875,279700
2024-03-06,224.86000061035156,225.8000030517578,220.47000122070312,225.00999450683594,225.00999450683594,284500
2024-03-07,225.85000610351562,226.91000366210938,219.1699981689453,220.36000061035156,220.36000061035156,403600
2024-03-08,223.4199981689453,225.50999450683594,214.27999877929688,214.5800018310547,214.5800018310547,321600
2024-03-11,212.00999450683594,212.00999450683594,200.13999938964844,201.7899932861328,201.7899932861328,557800
2024-03-12,203.1300048828125,203.1300048828125,198.05999755859375,201.19000244140625,201.19000244140625,329800
2024-03-13,201.19000244140625,204.58999633789062,197.88999938964844,202.14999389648438,202.14999389648438,302500
2024-03-14,201.1999969482422,202.25,195.8699951171875,197.94000244140625,197.94000244140625,330600
2024-03-15,195.02000427246094,200.25999450683594,193.00999450683594,200.02000427246094,200.02000427246094,637400
2024-03-18,201.69000244140625,204.22999572753906,197.39999389648438,198.39999389648438,198.39999389648438,363700
2024-03-19,195.0,198.61000061035156,188.0,192.72000122070312,192.72000122070312,593500
2024-03-20,194.0,194.6300048828125,186.67999267578125,192.1199951171875,192.1199951171875,1062800
2024-03-21,200.83999633789062,207.85000610351562,199.9600067138672,206.8000030517578,206.8000030517578,595100
2024-03-22,202.05999755859375,204.72000122070312,194.75,197.13999938964844,197.13999938964844,433400
2024-03-25,194.36000061035156,195.0,190.2899932861328,192.0800018310547,192.0800018310547,354200
2024-03-26,193.69000244140625,194.69000244140625,186.35000610351562,186.35000610351562,186.35000610351562,522100
2024-03-27,189.55999755859375,191.52999877929688,186.2100067138672,191.3699951171875,191.3699951171875,426800
2024-03-28,190.66000366210938,193.0399932861328,188.10000610351562,189.02000427246094,189.02000427246094,449200
2024-04-01,191.4199981689453,191.4199981689453,186.74000549316406,188.8300018310547,188.8300018310547,382400
2024-04-02,185.27999877929688,186.52999877929688,180.10000610351562,185.41000366210938,185.41000366210938,593100
2024-04-03,185.94000244140625,191.52000427246094,183.9199981689453,190.05999755859375,190.05999755859375,455100
2024-04-04,193.14999389648438,194.41000366210938,186.63999938964844,187.22999572753906,187.22999572753906,331000
2024-04-05,187.22999572753906,190.55999755859375,186.69000244140625,187.4499969482422,187.4499969482422,255700
2024-04-08,190.6199951171875,193.6199951171875,188.32000732421875,188.6199951171875,188.6199951171875,274900
2024-04-09,189.4199981689453,191.0,186.13999938964844,189.00999450683594,189.00999450683594,242400
2024-04-10,183.97000122070312,184.36000061035156,176.19000244140625,176.85000610351562,176.85000610351562,947700
2024-04-11,177.6999969482422,180.55999755859375,176.1999969482422,178.47999572753906,178.47999572753906,825300
2024-04-12,175.6300048828125,177.60000610351562,171.19000244140625,173.3300018310547,173.3300018310547,486300
2024-04-15,174.07000732421875,174.72000122070312,171.35000610351562,172.8800048828125,172.8800048828125,435100
2024-04-16,172.8800048828125,173.6199951171875,171.5500030517578,172.85000610351562,172.85000610351562,287300
2024-04-17,174.32000732421875,174.32000732421875,166.02000427246094,166.1199951171875,166.1199951171875,410600
2024-04-18,166.25,169.47999572753906,163.97000122070312,165.1999969482422,165.1999969482422,396200
2024-04-19,165.74000549316406,166.47000122070312,159.69000244140625,162.32000732421875,162.32000732421875,634300
2024-04-22,164.27000427246094,165.25,161.17999267578125,164.1699981689453,164.1699981689453,329300
2024-04-23,165.3300018310547,170.69000244140625,165.3300018310547,168.6699981689453,168.6699981689453,448200
2024-04-24,168.47999572753906,172.47999572753906,167.58999633789062,169.92999267578125,169.92999267578125,340300
2024-04-25,167.3800048828125,172.94000244140625,167.3800048828125,172.1999969482422,172.1999969482422,278600
2024-04-26,172.92999267578125,177.1199951171875,172.92999267578125,175.4499969482422,175.4499969482422,218100
2024-04-29,175.89999389648438,179.6300048828125,175.8000030517578,176.0,176.0,394200
2024-04-30,175.27999877929688,178.05999755859375,173.02000427246094,173.07000732421875,173.07000732421875,585000
2024-05-01,171.8699951171875,176.52999877929688,168.57000732421875,172.61000061035156,172.61000061035156,384800
2024-05-02,175.05999755859375,175.5399932861328,168.77000427246094,174.19000244140625,174.19000244140625,475400
2024-05-03,179.05999755859375,181.57000732421875,175.97000122070312,179.22000122070312,179.22000122070312,599700
2024-05-06,180.94000244140625,190.44000244140625,180.72999572753906,188.8300018310547,188.8300018310547,914100
2024-05-07,209.82000732421875,218.8000030517578,207.27999877929688,209.30999755859375,209.30999755859375,1144100
2024-05-08,208.36000061035156,212.33999633789062,202.41000366210938,211.5500030517578,211.5500030517578,602300
2024-05-09,212.67999267578125,218.5,209.14999389648438,218.00999450683594,218.00999450683594,552600
2024-05-10,220.0,223.41000366210938,217.08999633789062,222.72999572753906,222.72999572753906,523000
2024-05-13,224.41000366210938,224.44000244140625,218.88999938964844,219.77000427246094,219.77000427246094,414900
2024-05-14,221.89999389648438,232.69000244140625,220.1199951171875,232.38999938964844,232.38999938964844,551100
2024-05-15,235.0,238.75999450683594,234.33999633789062,236.69000244140625,236.69000244140625,440000
2024-05-16,235.9199981689453,238.2100067138672,232.49000549316406,235.14999389648438,235.14999389648438,383800
2024-05-17,236.66000366210938,236.97999572753906,227.8699951171875,230.4499969482422,230.4499969482422,540500
2024-05-20,231.13999938964844,234.27000427246094,228.99000549316406,231.33999633789062,231.33999633789062,339900
2024-05-21,229.5399932861328,231.97000122070312,225.8000030517578,231.57000732421875,231.57000732421875,375400
2024-05-22,234.0500030517578,236.9600067138672,232.2899932861328,234.22000122070312,234.22000122070312,297300
2024-05-23,241.25999450683594,248.0,239.99000549316406,242.38999938964844,242.38999938964844,755600
2024-05-24,243.1199951171875,247.72000122070312,240.0800018310547,246.07000732421875,246.07000732421875,400200
2024-05-28,248.6699981689453,250.3800048828125,243.05999755859375,245.0500030517578,245.0500030517578,308000
2024-05-29,244.0,245.30999755859375,240.75,240.88999938964844,240.88999938964844,426200
2024-05-30,242.33999633789062,247.02000427246094,240.00999450683594,246.3300018310547,246.3300018310547,311700
2024-05-31,245.8300018310547,248.94000244140625,231.9199981689453,239.52999877929688,239.52999877929688,416500
2024-06-03,245.92999267578125,245.92999267578125,235.8300018310547,239.19000244140625,239.19000244140625,280600
2024-06-04,237.0,237.0,229.44000244140625,233.25999450683594,233.25999450683594,269100
2024-06-05,236.97999572753906,243.2100067138672,235.8800048828125,242.7100067138672,242.7100067138672,328800
2024-06-06,243.10000610351562,243.17999267578125,235.50999450683594,236.2100067138672,236.2100067138672,544400
2024-06-07,235.0399932861328,235.0399932861328,229.3800048828125,230.69000244140625,230.69000244140625,383700
2024-06-10,228.72999572753906,238.30999755859375,228.72999572753906,237.42999267578125,237.42999267578125,472100
2024-06-11,234.7100067138672,235.74000549316406,230.6999969482422,233.72000122070312,233.72000122070312,341200
2024-06-12,239.7100067138672,244.74000549316406,237.49000549316406,237.69000244140625,237.69000244140625,193000
2024-06-13,237.92999267578125,245.25,234.8000030517578,245.1999969482422,245.1999969482422,345000
2024-06-14,241.19000244140625,243.55999755859375,236.07000732421875,240.9199981689453,240.9199981689453,376300
2024-06-17,242.19000244140625,252.32000732421875,241.1999969482422,248.27999877929688,248.27999877929688,428600
2024-06-18,249.02000427246094,256.510009765625,246.8300018310547,254.3300018310547,254.3300018310547,574200
2024-06-20,253.5399932861328,257.0400085449219,243.6199951171875,245.99000549316406,245.99000549316406,640600
2024-06-21,245.0500030517578,248.7899932861328,238.6300048828125,246.89999389648438,246.89999389648438,820400
2024-06-24,245.1300048828125,245.1300048828125,237.66000366210938,237.7100067138672,237.7100067138672,272700
2024-06-25,238.82000732421875,246.35000610351562,238.1999969482422,245.8699951171875,245.8699951171875,285000
2024-06-26,241.0,247.08999633789062,240.41000366210938,243.33999633789062,243.33999633789062,302400
2024-06-27,245.0,248.5,243.8300018310547,246.6199951171875,246.6199951171875,260800
2024-06-28,248.0,250.0,240.9499969482422,244.7899932861328,244.7899932861328,680400
2024-07-01,245.74000549316406,246.8800048828125,236.52000427246094,242.89999389648438,242.89999389648438,382900
2024-07-02,242.88999938964844,245.50999450683594,238.7899932861328,241.66000366210938,241.66000366210938,399800
2024-07-03,242.5,243.36000061035156,239.19000244140625,240.9600067138672,240.9600067138672,220100
2024-07-05,240.86000061035156,242.16000366210938,238.35000610351562,239.3300018310547,239.3300018310547,312000
2024-07-08,241.0500030517578,244.4499969482422,240.11000061035156,241.66000366210938,241.66000366210938,231700
2024-07-09,242.4199981689453,245.3300018310547,239.8699951171875,239.89999389648438,239.89999389648438,223000
2024-07-10,241.6199951171875,244.27000427246094,240.35000610351562,242.99000549316406,242.99000549316406,231500
2024-07-11,247.7100067138672,251.8800048828125,244.05999755859375,244.57000732421875,244.57000732421875,312800
2024-07-12,245.3000030517578,258.0799865722656,242.35000610351562,251.52000427246094,251.52000427246094,380800
2024-07-15,254.19000244140625,259.2200012207031,252.72000122070312,255.6699981689453,255.6699981689453,296000
2024-07-16,259.989990234375,266.3900146484375,259.489990234375,265.5,265.5,403500
2024-07-17,259.489990234375,264.69000244140625,250.6300048828125,252.74000549316406,252.74000549316406,536600
2024-07-18,254.83999633789062,255.5,234.55999755859375,237.3699951171875,237.3699951171875,509000
2024-07-19,238.8800048828125,240.0,233.41000366210938,236.22999572753906,236.22999572753906,343200
2024-07-22,240.3300018310547,245.02000427246094,237.97000122070312,244.8699951171875,244.8699951171875,280500
2024-07-23,242.00999450683594,247.22999572753906,241.66000366210938,241.77000427246094,241.77000427246094,239900
2024-07-24,238.6699981689453,239.75,224.16000366210938,224.50999450683594,224.50999450683594,448800
2024-07-25,226.3300018310547,226.7100067138672,214.8300018310547,216.44000244140625,216.44000244140625,646600
2024-07-26,222.72000122070312,225.5800018310547,219.1199951171875,220.94000244140625,220.94000244140625,295500
2024-07-29,222.25,226.11000061035156,219.02999877929688,219.89999389648438,219.89999389648438,320300
2024-07-30,220.02000427246094,220.4600067138672,210.86000061035156,212.0399932861328,212.0399932861328,426900
2024-07-31,222.0,225.64999389648438,218.22000122070312,220.55999755859375,220.55999755859375,417900
2024-08-01,220.25999450683594,224.13999938964844,211.39999389648438,214.97000122070312,214.97000122070312,364400
2024-08-02,203.5,204.35000610351562,196.83999633789062,202.55999755859375,202.55999755859375,517600
2024-08-05,187.7100067138672,198.5,183.49000549316406,196.39999389648438,196.39999389648438,415800
2024-08-06,197.99000549316406,202.39999389648438,193.89999389648438,197.02000427246094,197.02000427246094,384400
2024-08-07,200.0,202.6199951171875,192.72999572753906,193.83999633789062,193.83999633789062,364800
2024-08-08,198.52000427246094,206.11000061035156,195.6699981689453,205.8800048828125,205.8800048828125,354800
2024-08-09,206.14999389648438,210.52999877929688,206.00999450683594,208.33999633789062,208.33999633789062,301900
2024-08-12,209.77000427246094,211.88999938964844,207.2899932861328,207.30999755859375,207.30999755859375,267000
2024-08-13,211.94000244140625,218.47999572753906,210.22999572753906,217.75,217.75,272600
2024-08-14,220.13999938964844,220.32000732421875,214.77000427246094,217.77000427246094,217.77000427246094,318200
2024-08-15,224.4499969482422,236.47000122070312,221.0,230.47000122070312,230.47000122070312,477300
2024-08-16,229.25999450683594,231.4600067138672,226.61000061035156,231.0800018310547,231.0800018310547,271400
2024-08-19,230.30999755859375,233.07000732421875,226.86000061035156,231.5500030517578,231.5500030517578,678700
2024-08-20,262.0,278.3800048828125,259.04998779296875,268.0,268.0,1771500
2024-08-21,267.4800109863281,273.6000061035156,261.8699951171875,273.5,273.5,707900
2024-08-22,274.3999938964844,274.3999938964844,261.1700134277344,261.8399963378906,261.8399963378906,320200
2024-08-23,264.6099853515625,272.239990234375,263.010009765625,267.3500061035156,267.3500061035156,371500
2024-08-26,268.79998779296875,270.0,251.08999633789062,252.05999755859375,252.05999755859375,624700
2024-08-27,249.24000549316406,252.33999633789062,246.25999450683594,246.33999633789062,246.33999633789062,432500
2024-08-28,246.11000061035156,246.91000366210938,240.35000610351562,244.3699951171875,244.3699951171875,518400
2024-08-29,243.97999572753906,250.7100067138672,241.77999877929688,242.8699951171875,242.8699951171875,706200
2024-08-30,244.6699981689453,246.74000549316406,240.07000732421875,243.64999389648438,243.64999389648438,411500
2024-09-03,240.0,240.13999938964844,220.58999633789062,220.83999633789062,220.83999633789062,626500
2024-09-04,219.2899932861328,227.0,218.4499969482422,225.1699981689453,225.1699981689453,375500
2024-09-05,221.75999450683594,228.0,218.0,224.7899932861328,224.7899932861328,406800
2024-09-06,222.4199981689453,223.42999267578125,209.2899932861328,210.74000549316406,210.74000549316406,514000
2024-09-09,204.0,212.35000610351562,201.0,209.9199981689453,209.9199981689453,939800
2024-09-10,209.5,210.77999877929688,203.66000366210938,207.16000366210938,207.16000366210938,565500
2024-09-11,208.0,217.02000427246094,206.60000610351562,216.86000061035156,216.86000061035156,735000
2024-09-12,217.0,224.6300048828125,215.49000549316406,221.7899932861328,221.7899932861328,534700
2024-09-13,225.2100067138672,232.1699981689453,224.58999633789062,230.0399932861328,230.0399932861328,543300
2024-09-16,227.17999267578125,230.49000549316406,223.30999755859375,224.1699981689453,224.1699981689453,557900
2024-09-17,228.91000366210938,231.7899932861328,224.1699981689453,230.88999938964844,230.88999938964844,708600
2024-09-18,233.5399932861328,234.39999389648438,224.72000122070312,229.0399932861328,229.0399932861328,559400
2024-09-19,239.00999450683594,239.41000366210938,232.36000061035156,234.27999877929688,234.27999877929688,388700
2024-09-20,233.6999969482422,234.88999938964844,228.6300048828125,231.55999755859375,231.55999755859375,7225100
2024-09-23,235.75,236.41000366210938,231.19000244140625,231.94000244140625,231.94000244140625,339800
2024-09-24,233.0,234.83999633789062,228.67999267578125,230.80999755859375,230.80999755859375,295200
2024-09-25,230.89999389648438,232.19000244140625,226.25,227.6300048828125,227.6300048828125,310700
2024-09-26,233.88999938964844,239.97999572753906,231.6300048828125,237.52999877929688,237.52999877929688,555400
2024-09-27,238.02999877929688,242.3699951171875,236.35000610351562,239.77000427246094,239.77000427246094,452400
2024-09-30,235.97000122070312,239.3699951171875,232.22000122070312,236.44000244140625,236.44000244140625,355400
2024-10-01,236.4199981689453,236.4199981689453,225.00999450683594,229.75999450683594,229.75999450683594,368700
2024-10-02,230.2100067138672,236.64999389648438,226.64999389648438,234.02999877929688,234.02999877929688,466700
2024-10-03,231.6699981689453,237.91000366210938,231.27000427246094,234.1300048828125,234.1300048828125,336600
2024-10-04,240.69000244140625,242.91000366210938,236.50999450683594,242.85000610351562,242.85000610351562,389600
2024-10-07,240.25999450683594,244.07000732421875,239.67999267578125,242.3000030517578,242.3000030517578,226600
2024-10-08,244.80999755859375,246.47000122070312,242.42999267578125,244.99000549316406,244.99000549316406,209000
2024-10-09,244.86000061035156,255.1199951171875,243.52999877929688,253.0500030517578,253.0500030517578,439900
