Date,Open,High,Low,Close,Adj Close,Volume
2007-11-02,3.450000047683716,3.950000047683716,3.450000047683716,3.875,3.875,2560
2007-11-05,3.875,3.875,3.875,3.875,3.875,0
2007-11-06,4.074999809265137,4.199999809265137,4.074999809265137,4.199999809265137,4.199999809265137,880
2007-11-07,4.375,4.699999809265137,4.375,4.574999809265137,4.574999809265137,1440
2007-11-08,4.574999809265137,4.574999809265137,4.574999809265137,4.574999809265137,4.574999809265137,0
2007-11-09,5.074999809265137,5.074999809265137,4.949999809265137,5.0,5.0,1440
2007-11-12,5.324999809265137,5.324999809265137,5.324999809265137,5.324999809265137,5.324999809265137,200
2007-11-13,5.324999809265137,5.324999809265137,5.324999809265137,5.324999809265137,5.324999809265137,0
2007-11-14,5.324999809265137,5.324999809265137,5.324999809265137,5.324999809265137,5.324999809265137,0
2007-11-15,5.375,5.375,5.375,5.375,5.375,240
2007-11-16,5.375,5.375,5.375,5.375,5.375,0
2007-11-19,5.375,5.375,5.375,5.375,5.375,0
2007-11-20,5.625,5.625,5.625,5.625,5.625,80
2007-11-21,5.625,5.625,5.625,5.625,5.625,0
2007-11-23,5.625,5.625,5.625,5.625,5.625,0
2007-11-26,5.625,5.625,5.625,5.625,5.625,0
2007-11-27,5.625,5.625,5.625,5.625,5.625,2400
2007-11-28,6.25,6.324999809265137,5.75,5.949999809265137,5.949999809265137,24400
2007-11-29,5.949999809265137,5.949999809265137,5.949999809265137,5.949999809265137,5.949999809265137,4040
2007-11-30,5.949999809265137,5.949999809265137,5.949999809265137,5.949999809265137,5.949999809265137,0
2007-12-03,5.949999809265137,5.949999809265137,5.949999809265137,5.949999809265137,5.949999809265137,0
2007-12-04,5.949999809265137,5.949999809265137,5.949999809265137,5.949999809265137,5.949999809265137,0
2007-12-05,5.949999809265137,5.949999809265137,5.949999809265137,5.949999809265137,5.949999809265137,0
2007-12-06,5.949999809265137,5.949999809265137,5.949999809265137,5.949999809265137,5.949999809265137,0
2007-12-07,7.5,7.5,6.875,6.875,6.875,4240
2007-12-10,6.875,6.875,6.875,6.875,6.875,0
2007-12-11,8.125,8.125,8.125,8.125,8.125,120
2007-12-12,8.125,8.125,8.125,8.125,8.125,120
2007-12-13,8.125,8.125,8.125,8.125,8.125,0
2007-12-14,8.125,8.125,7.5,7.824999809265137,7.824999809265137,640
2007-12-17,7.824999809265137,7.824999809265137,7.824999809265137,7.824999809265137,7.824999809265137,0
2007-12-18,7.824999809265137,7.824999809265137,7.824999809265137,7.824999809265137,7.824999809265137,0
2007-12-19,8.125,8.125,8.125,8.125,8.125,240
2007-12-20,8.125,8.125,8.125,8.125,8.125,0
2007-12-21,8.125,8.125,8.125,8.125,8.125,0
2007-12-24,8.125,8.125,8.125,8.125,8.125,0
2007-12-26,8.125,8.125,8.125,8.125,8.125,0
2007-12-27,8.125,8.125,8.125,8.125,8.125,0
2007-12-28,8.125,8.125,8.125,8.125,8.125,0
2007-12-31,8.125,8.125,8.125,8.125,8.125,0
2008-01-02,8.125,8.125,8.125,8.125,8.125,0
2008-01-03,8.125,8.125,8.125,8.125,8.125,0
2008-01-04,8.125,8.125,8.125,8.125,8.125,0
2008-01-07,8.125,8.125,8.125,8.125,8.125,0
2008-01-08,5.625,8.125,5.625,8.125,8.125,280
2008-01-09,8.125,8.125,8.125,8.125,8.125,160
2008-01-10,8.125,8.125,8.125,8.125,8.125,0
2008-01-11,8.125,8.125,8.125,8.125,8.125,120
2008-01-14,8.125,8.125,8.125,8.125,8.125,0
2008-01-15,8.125,8.125,8.125,8.125,8.125,0
2008-01-16,8.125,8.125,8.125,8.125,8.125,80
2008-01-17,8.125,8.125,8.125,8.125,8.125,0
2008-01-18,8.125,8.125,8.125,8.125,8.125,0
2008-01-22,8.125,8.125,8.125,8.125,8.125,0
2008-01-23,8.125,8.125,8.125,8.125,8.125,0
2008-01-24,8.125,8.125,8.125,8.125,8.125,0
2008-01-25,8.125,8.125,8.125,8.125,8.125,0
2008-01-28,8.125,8.125,8.125,8.125,8.125,0
2008-01-29,7.25,8.125,7.25,8.125,8.125,200
2008-01-30,8.125,8.125,8.125,8.125,8.125,0
2008-01-31,8.125,8.125,8.125,8.125,8.125,0
2008-02-01,8.125,8.125,8.125,8.125,8.125,0
2008-02-04,7.25,7.5,7.25,7.5,7.5,480
2008-02-05,7.5,7.5,7.5,7.5,7.5,0
2008-02-06,7.5,7.5,7.5,7.5,7.5,0
2008-02-07,7.5,7.5,7.5,7.5,7.5,0
2008-02-08,7.5,7.5,7.5,7.5,7.5,0
2008-02-11,7.5,7.5,7.5,7.5,7.5,0
2008-02-12,7.5,7.5,7.5,7.5,7.5,0
2008-02-13,7.5,7.5,7.5,7.5,7.5,0
2008-02-14,7.5,7.5,7.5,7.5,7.5,600
2008-02-15,7.5,7.5,7.5,7.5,7.5,0
2008-02-19,7.5,7.5,7.5,7.5,7.5,0
2008-02-20,7.5,7.5,7.5,7.5,7.5,0
2008-02-21,7.5,7.5,7.5,7.5,7.5,0
2008-02-22,7.5,7.5,7.5,7.5,7.5,0
2008-02-25,7.5,7.5,7.5,7.5,7.5,0
2008-02-26,7.5,7.5,7.5,7.5,7.5,0
2008-02-27,7.5,7.5,7.5,7.5,7.5,0
2008-02-28,7.5,7.5,7.5,7.5,7.5,0
2008-02-29,7.5,7.5,7.5,7.5,7.5,0
2008-03-03,7.5,7.5,7.5,7.5,7.5,0
2008-03-04,7.125,7.5,7.125,7.5,7.5,400
2008-03-05,7.5,7.5,7.5,7.5,7.5,0
2008-03-06,7.5,7.5,7.5,7.5,7.5,0
2008-03-07,7.5,7.5,7.5,7.5,7.5,0
2008-03-10,7.5,7.5,7.5,7.5,7.5,0
2008-03-11,7.5,7.5,7.5,7.5,7.5,0
2008-03-12,7.5,7.5,7.5,7.5,7.5,0
2008-03-13,5.699999809265137,6.25,5.699999809265137,6.25,6.25,1800
2008-03-14,6.25,6.25,6.25,6.25,6.25,0
2008-03-17,6.25,6.25,6.25,6.25,6.25,0
2008-03-18,6.25,6.25,6.25,6.25,6.25,0
2008-03-19,6.25,6.25,6.25,6.25,6.25,0
2008-03-20,6.25,6.25,6.25,6.25,6.25,0
2008-03-24,6.25,6.25,6.25,6.25,6.25,0
2008-03-25,6.25,6.25,6.25,6.25,6.25,0
2008-03-26,6.25,6.25,6.25,6.25,6.25,0
2008-03-27,6.25,6.25,6.25,6.25,6.25,0
2008-03-28,3.125,5.0,3.125,5.0,5.0,160
2008-03-31,3.75,3.75,3.75,3.75,3.75,200
2008-04-01,5.5,5.5,5.5,5.5,5.5,40
2008-04-02,5.5,5.5,5.5,5.5,5.5,0
2008-04-03,5.5,5.5,5.5,5.5,5.5,1160
2008-04-04,5.5,5.5,5.5,5.5,5.5,280
2008-04-07,5.0,5.0,5.0,5.0,5.0,480
2008-04-08,5.0,5.0,5.0,5.0,5.0,0
2008-04-09,5.0,5.0,5.0,5.0,5.0,0
2008-04-10,5.0,5.0,5.0,5.0,5.0,0
2008-04-11,5.0,5.0,5.0,5.0,5.0,0
2008-04-14,5.0,5.0,5.0,5.0,5.0,0
2008-04-15,5.0,5.0,5.0,5.0,5.0,0
2008-04-16,5.0,5.0,5.0,5.0,5.0,0
2008-04-17,5.0,5.0,5.0,5.0,5.0,0
2008-04-18,5.0,5.0,5.0,5.0,5.0,0
2008-04-21,5.0,5.0,5.0,5.0,5.0,0
2008-04-22,5.0,5.0,5.0,5.0,5.0,0
2008-04-23,4.375,4.375,4.349999904632568,4.349999904632568,4.349999904632568,800
2008-04-24,4.375,4.375,4.375,4.375,4.375,280
2008-04-25,4.375,4.375,4.375,4.375,4.375,0
2008-04-28,4.375,4.375,4.375,4.375,4.375,0
2008-04-29,4.375,4.375,4.375,4.375,4.375,0
2008-04-30,4.125,5.0,3.25,5.0,5.0,520
2008-05-01,5.0,5.0,5.0,5.0,5.0,0
2008-05-02,5.0,5.0,5.0,5.0,5.0,0
2008-05-05,5.0,5.0,5.0,5.0,5.0,0
2008-05-06,5.0,5.0,5.0,5.0,5.0,0
2008-05-07,5.0,5.0,5.0,5.0,5.0,0
2008-05-08,4.5,5.25,4.0,5.25,5.25,4000
2008-05-09,4.25,4.5,3.875,3.875,3.875,1280
2008-05-12,4.25,4.25,4.25,4.25,4.25,1200
2008-05-13,4.375,4.375,4.375,4.375,4.375,80
2008-05-14,4.25,4.25,4.25,4.25,4.25,800
2008-05-15,4.25,4.25,4.25,4.25,4.25,0
2008-05-16,3.375,4.375,3.375,4.375,4.375,280
2008-05-19,4.375,4.375,4.375,4.375,4.375,0
2008-05-20,4.375,4.375,4.375,4.375,4.375,0
2008-05-21,4.375,4.375,4.375,4.375,4.375,0
2008-05-22,4.375,4.375,4.375,4.375,4.375,0
2008-05-23,4.375,4.375,4.375,4.375,4.375,0
2008-05-27,3.125,4.025000095367432,3.125,4.025000095367432,4.025000095367432,4600
2008-05-28,4.025000095367432,4.025000095367432,4.025000095367432,4.025000095367432,4.025000095367432,0
2008-05-29,4.025000095367432,4.025000095367432,4.025000095367432,4.025000095367432,4.025000095367432,0
2008-05-30,4.0,4.0,4.0,4.0,4.0,80
2008-06-02,4.0,4.0,4.0,4.0,4.0,0
2008-06-03,4.0,4.0,4.0,4.0,4.0,0
2008-06-04,4.0,4.0,4.0,4.0,4.0,0
2008-06-05,3.75,3.75,3.75,3.75,3.75,800
2008-06-06,3.75,4.375,2.625,4.375,4.375,2680
2008-06-09,3.25,4.375,3.25,4.375,4.375,3200
2008-06-10,3.75,3.75,3.75,3.75,3.75,1600
2008-06-11,3.75,4.0,3.75,4.0,4.0,3800
2008-06-12,4.0,4.0,4.0,4.0,4.0,0
2008-06-13,3.25,3.25,3.25,3.25,3.25,200
2008-06-16,3.25,3.25,3.25,3.25,3.25,0
2008-06-17,3.25,3.25,3.25,3.25,3.25,0
2008-06-18,3.375,3.375,3.375,3.375,3.375,1600
2008-06-19,3.375,3.375,3.375,3.375,3.375,400
2008-06-20,3.375,3.375,3.375,3.375,3.375,0
2008-06-23,3.375,3.375,3.375,3.375,3.375,0
2008-06-24,3.375,3.375,3.375,3.375,3.375,0
2008-06-25,4.625,4.625,3.375,3.375,3.375,600
2008-06-26,3.375,3.375,3.375,3.375,3.375,0
2008-06-27,3.375,3.375,3.375,3.375,3.375,0
2008-06-30,3.375,3.375,3.375,3.375,3.375,0
2008-07-01,3.375,3.375,3.375,3.375,3.375,0
2008-07-02,3.375,3.375,3.375,3.375,3.375,400
2008-07-03,3.375,3.375,3.375,3.375,3.375,0
2008-07-07,3.375,3.375,3.375,3.375,3.375,0
2008-07-08,4.5,8.125,3.3499999046325684,4.375,4.375,3480
2008-07-09,3.5,3.5,3.5,3.5,3.5,400
2008-07-10,3.125,3.125,3.125,3.125,3.125,1400
2008-07-11,2.625,2.625,1.875,2.5250000953674316,2.5250000953674316,2840
2008-07-14,2.5250000953674316,2.5250000953674316,2.5250000953674316,2.5250000953674316,2.5250000953674316,0
2008-07-15,2.5250000953674316,2.5250000953674316,2.5250000953674316,2.5250000953674316,2.5250000953674316,0
2008-07-16,2.5250000953674316,2.5250000953674316,2.5250000953674316,2.5250000953674316,2.5250000953674316,0
2008-07-17,2.75,3.0999999046325684,2.625,3.0999999046325684,3.0999999046325684,3000
2008-07-18,3.125,3.125,3.125,3.125,3.125,80
2008-07-21,2.5250000953674316,3.0,1.625,3.0,3.0,1520
2008-07-22,3.0,3.0,2.75,2.75,2.75,400
2008-07-23,2.875,2.875,2.5250000953674316,2.5250000953674316,2.5250000953674316,20240
2008-07-24,2.5250000953674316,2.5250000953674316,2.5250000953674316,2.5250000953674316,2.5250000953674316,0
2008-07-25,2.375,2.375,2.375,2.375,2.375,400
2008-07-28,2.375,2.375,2.375,2.375,2.375,0
2008-07-29,2.375,2.375,2.375,2.375,2.375,0
2008-07-30,2.375,2.375,2.375,2.375,2.375,0
2008-07-31,2.375,2.375,2.375,2.375,2.375,0
2008-08-01,1.875,1.875,1.875,1.875,1.875,1200
2008-08-04,2.200000047683716,2.5250000953674316,2.200000047683716,2.5250000953674316,2.5250000953674316,2760
2008-08-05,2.5250000953674316,2.5250000953674316,2.5250000953674316,2.5250000953674316,2.5250000953674316,0
2008-08-06,2.5250000953674316,2.5250000953674316,2.5250000953674316,2.5250000953674316,2.5250000953674316,0
2008-08-07,2.5250000953674316,2.5250000953674316,2.5250000953674316,2.5250000953674316,2.5250000953674316,0
2008-08-08,2.75,2.75,2.75,2.75,2.75,80
2008-08-11,2.75,2.75,2.75,2.75,2.75,0
2008-08-12,2.75,2.75,2.75,2.75,2.75,0
2008-08-13,2.25,2.75,2.25,2.75,2.75,640
2008-08-14,2.25,2.375,2.25,2.375,2.375,1200
2008-08-15,2.75,2.75,2.75,2.75,2.75,480
2008-08-18,2.75,2.75,2.75,2.75,2.75,0
2008-08-19,2.75,2.75,2.75,2.75,2.75,0
2008-08-20,2.375,2.375,2.375,2.375,2.375,1400
2008-08-21,2.375,2.375,2.375,2.375,2.375,200
2008-08-22,2.375,2.375,2.375,2.375,2.375,0
2008-08-25,2.375,2.5,2.375,2.5,2.5,2800
2008-08-26,2.25,2.5,2.25,2.25,2.25,3200
2008-08-27,2.25,2.5,2.0,2.375,2.375,9280
2008-08-28,2.375,2.375,2.375,2.375,2.375,3920
2008-08-29,2.375,2.375,2.375,2.375,2.375,0
2008-09-02,2.0,2.375,2.0,2.375,2.375,3520
2008-09-03,2.125,2.25,2.125,2.25,2.25,6680
2008-09-04,2.25,2.25,2.25,2.25,2.25,0
2008-09-05,2.1500000953674316,2.25,2.125,2.125,2.125,7320
2008-09-08,2.125,2.125,2.125,2.125,2.125,0
2008-09-09,2.200000047683716,2.200000047683716,2.200000047683716,2.200000047683716,2.200000047683716,80
2008-09-10,2.200000047683716,2.200000047683716,2.200000047683716,2.200000047683716,2.200000047683716,0
2008-09-11,2.200000047683716,2.2750000953674316,2.0,2.125,2.125,7880
2008-09-12,2.0999999046325684,2.375,1.774999976158142,2.125,2.125,960
2008-09-15,1.774999976158142,1.774999976158142,1.774999976158142,1.774999976158142,1.774999976158142,1000
2008-09-16,1.100000023841858,1.75,1.100000023841858,1.75,1.75,7320
2008-09-17,1.75,2.049999952316284,1.5,1.5,1.5,6000
2008-09-18,1.5,1.875,1.5,1.875,1.875,1080
2008-09-19,1.625,1.625,1.25,1.625,1.625,9080
2008-09-22,1.625,1.625,1.625,1.625,1.625,0
2008-09-23,1.5,1.725000023841858,1.5,1.725000023841858,1.725000023841858,5000
2008-09-24,1.600000023841858,1.75,1.600000023841858,1.75,1.75,11720
2008-09-25,1.75,1.75,1.5750000476837158,1.5750000476837158,1.5750000476837158,6120
2008-09-26,1.5,1.5,1.475000023841858,1.475000023841858,1.475000023841858,5600
2008-09-29,1.475000023841858,1.475000023841858,1.475000023841858,1.475000023841858,1.475000023841858,0
2008-09-30,1.5,1.5,1.149999976158142,1.4500000476837158,1.4500000476837158,4080
2008-10-01,1.625,1.625,1.375,1.5,1.5,2280
2008-10-02,1.5,1.5,1.274999976158142,1.274999976158142,1.274999976158142,4000
2008-10-03,1.5,1.625,1.5,1.625,1.625,4000
2008-10-06,1.3250000476837158,1.5,1.274999976158142,1.274999976158142,1.274999976158142,9000
2008-10-07,1.2999999523162842,1.2999999523162842,1.274999976158142,1.274999976158142,1.274999976158142,2600
2008-10-08,1.274999976158142,1.375,1.0,1.375,1.375,5360
2008-10-09,1.375,1.5,1.375,1.375,1.375,2800
2008-10-10,1.375,1.375,1.375,1.375,1.375,0
2008-10-13,1.375,1.4500000476837158,1.375,1.4500000476837158,1.4500000476837158,2080
2008-10-14,1.4500000476837158,1.4500000476837158,1.4500000476837158,1.4500000476837158,1.4500000476837158,0
2008-10-15,1.274999976158142,1.274999976158142,1.25,1.25,1.25,1200
2008-10-16,1.25,1.25,1.25,1.25,1.25,0
2008-10-17,1.25,1.25,1.25,1.25,1.25,0
2008-10-20,1.25,1.25,1.25,1.25,1.25,0
2008-10-21,1.225000023841858,1.225000023841858,1.225000023841858,1.225000023841858,1.225000023841858,200
2008-10-22,1.225000023841858,1.225000023841858,1.225000023841858,1.225000023841858,1.225000023841858,0
2008-10-23,0.625,1.25,0.625,1.25,1.25,1040
2008-10-24,1.25,1.25,0.6499999761581421,1.0499999523162842,1.0499999523162842,11960
2008-10-27,1.0499999523162842,1.0499999523162842,1.0499999523162842,1.0499999523162842,1.0499999523162842,2400
2008-10-28,1.0,1.0,1.0,1.0,1.0,1480
2008-10-29,0.625,0.625,0.625,0.625,0.625,1000
2008-10-30,0.75,0.75,0.625,0.625,0.625,4000
2008-10-31,0.949999988079071,0.949999988079071,0.949999988079071,0.949999988079071,0.949999988079071,1600
2008-11-03,0.625,1.0,0.625,1.0,1.0,440
2008-11-04,0.625,0.949999988079071,0.625,0.949999988079071,0.949999988079071,4080
2008-11-05,0.625,1.024999976158142,0.625,0.9750000238418579,0.9750000238418579,6240
2008-11-06,0.550000011920929,0.550000011920929,0.550000011920929,0.550000011920929,0.550000011920929,400
2008-11-07,1.0,1.0,0.625,0.925000011920929,0.925000011920929,6680
2008-11-10,0.6499999761581421,1.0,0.6499999761581421,1.0,1.0,2080
2008-11-11,0.6499999761581421,0.925000011920929,0.550000011920929,0.925000011920929,0.925000011920929,3000
2008-11-12,0.875,0.875,0.875,0.875,0.875,2000
2008-11-13,0.675000011920929,0.675000011920929,0.550000011920929,0.550000011920929,0.550000011920929,5200
2008-11-14,0.625,0.699999988079071,0.550000011920929,0.699999988079071,0.699999988079071,4480
2008-11-17,0.5,0.5,0.5,0.5,0.5,2000
2008-11-18,0.699999988079071,0.699999988079071,0.699999988079071,0.699999988079071,0.699999988079071,80
2008-11-19,0.4749999940395355,0.5249999761581421,0.4749999940395355,0.5249999761581421,0.5249999761581421,6200
2008-11-20,0.5249999761581421,0.5249999761581421,0.5249999761581421,0.5249999761581421,0.5249999761581421,0
2008-11-21,0.5249999761581421,0.5249999761581421,0.5249999761581421,0.5249999761581421,0.5249999761581421,0
2008-11-24,0.5249999761581421,0.5249999761581421,0.5249999761581421,0.5249999761581421,0.5249999761581421,0
2008-11-25,0.550000011920929,0.550000011920929,0.550000011920929,0.550000011920929,0.550000011920929,1000
2008-11-26,0.550000011920929,0.550000011920929,0.550000011920929,0.550000011920929,0.550000011920929,0
2008-11-28,0.550000011920929,0.550000011920929,0.550000011920929,0.550000011920929,0.550000011920929,0
2008-12-01,0.550000011920929,0.550000011920929,0.550000011920929,0.550000011920929,0.550000011920929,0
2008-12-02,0.44999998807907104,0.44999998807907104,0.42500001192092896,0.42500001192092896,0.42500001192092896,5200
2008-12-03,0.44999998807907104,0.550000011920929,0.42500001192092896,0.550000011920929,0.550000011920929,8560
2008-12-04,0.75,0.75,0.75,0.75,0.75,6000
2008-12-05,1.25,1.25,1.0,1.0,1.0,8000
2008-12-08,0.4749999940395355,0.4749999940395355,0.4749999940395355,0.4749999940395355,0.4749999940395355,800
2008-12-09,0.375,0.75,0.3499999940395355,0.75,0.75,21080
2008-12-10,0.7250000238418579,0.7250000238418579,0.5,0.625,0.625,24240
2008-12-11,0.5,0.5,0.44999998807907104,0.5,0.5,4200
2008-12-12,0.5,0.5,0.5,0.5,0.5,0
2008-12-15,0.4749999940395355,0.4749999940395355,0.375,0.42500001192092896,0.42500001192092896,7720
2008-12-16,0.4749999940395355,0.4749999940395355,0.4749999940395355,0.4749999940395355,0.4749999940395355,1600
2008-12-17,0.42500001192092896,0.675000011920929,0.42500001192092896,0.675000011920929,0.675000011920929,5040
2008-12-18,0.42500001192092896,0.42500001192092896,0.42500001192092896,0.42500001192092896,0.42500001192092896,9000
2008-12-19,0.375,0.699999988079071,0.30000001192092896,0.699999988079071,0.699999988079071,9240
2008-12-22,0.375,0.375,0.375,0.375,0.375,4000
2008-12-23,0.375,0.375,0.30000001192092896,0.375,0.375,68400
2008-12-24,0.375,0.375,0.375,0.375,0.375,2000
2008-12-26,0.3499999940395355,0.6000000238418579,0.32499998807907104,0.6000000238418579,0.6000000238418579,13280
2008-12-29,0.4000000059604645,0.625,0.4000000059604645,0.625,0.625,22400
2008-12-30,0.625,0.625,0.625,0.625,0.625,0
2008-12-31,0.375,0.375,0.375,0.375,0.375,11400
2009-01-02,0.4000000059604645,0.4749999940395355,0.4000000059604645,0.4749999940395355,0.4749999940395355,14000
2009-01-05,0.4749999940395355,0.4749999940395355,0.42500001192092896,0.42500001192092896,0.42500001192092896,6000
2009-01-06,0.42500001192092896,0.4749999940395355,0.4000000059604645,0.42500001192092896,0.42500001192092896,19200
2009-01-07,0.4000000059604645,0.4000000059604645,0.4000000059604645,0.4000000059604645,0.4000000059604645,4200
2009-01-08,0.4000000059604645,0.4749999940395355,0.4000000059604645,0.4749999940395355,0.4749999940395355,11200
2009-01-09,0.42500001192092896,0.625,0.42500001192092896,0.625,0.625,1320
2009-01-12,0.42500001192092896,0.5,0.42500001192092896,0.44999998807907104,0.44999998807907104,13160
2009-01-13,0.42500001192092896,0.5,0.42500001192092896,0.5,0.5,6040
2009-01-14,0.5,0.5,0.5,0.5,0.5,0
2009-01-15,0.5,0.5,0.5,0.5,0.5,0
2009-01-16,0.5,0.5,0.5,0.5,0.5,0
2009-01-20,0.3499999940395355,0.42500001192092896,0.3499999940395355,0.42500001192092896,0.42500001192092896,28640
2009-01-21,0.42500001192092896,0.625,0.42500001192092896,0.625,0.625,32720
2009-01-22,0.574999988079071,0.625,0.5249999761581421,0.625,0.625,3000
2009-01-23,0.625,0.625,0.625,0.625,0.625,0
2009-01-26,0.625,0.75,0.625,0.75,0.75,11240
2009-01-27,0.675000011920929,0.7250000238418579,0.675000011920929,0.7250000238418579,0.7250000238418579,2440
2009-01-28,0.675000011920929,0.675000011920929,0.574999988079071,0.574999988079071,0.574999988079071,2000
2009-01-29,0.75,0.75,0.75,0.75,0.75,40
2009-01-30,0.75,0.75,0.75,0.75,0.75,0
2009-02-02,0.75,0.75,0.75,0.75,0.75,0
2009-02-03,0.75,0.75,0.75,0.75,0.75,0
2009-02-04,0.699999988079071,0.699999988079071,0.699999988079071,0.699999988079071,0.699999988079071,760
2009-02-05,0.699999988079071,0.699999988079071,0.699999988079071,0.699999988079071,0.699999988079071,0
2009-02-06,0.75,0.75,0.75,0.75,0.75,40
2009-02-09,0.6000000238418579,0.6000000238418579,0.6000000238418579,0.6000000238418579,0.6000000238418579,3600
2009-02-10,0.75,0.75,0.75,0.75,0.75,40
2009-02-11,0.75,0.75,0.7250000238418579,0.7250000238418579,0.7250000238418579,3560
2009-02-12,0.6000000238418579,0.75,0.6000000238418579,0.75,0.75,2040
2009-02-13,0.75,0.75,0.75,0.75,0.75,0
2009-02-17,0.75,0.75,0.75,0.75,0.75,0
2009-02-18,0.75,0.75,0.75,0.75,0.75,0
2009-02-19,0.625,0.75,0.6000000238418579,0.75,0.75,760
2009-02-20,0.6000000238418579,0.7250000238418579,0.5,0.7250000238418579,0.7250000238418579,6880
2009-02-23,0.5,0.5,0.5,0.5,0.5,1080
2009-02-24,0.699999988079071,0.699999988079071,0.699999988079071,0.699999988079071,0.699999988079071,80
2009-02-25,0.699999988079071,0.699999988079071,0.699999988079071,0.699999988079071,0.699999988079071,0
2009-02-26,0.4749999940395355,0.75,0.4749999940395355,0.75,0.75,7960
2009-02-27,0.75,0.75,0.75,0.75,0.75,0
2009-03-02,0.75,0.75,0.75,0.75,0.75,0
2009-03-03,0.75,0.75,0.75,0.75,0.75,0
2009-03-04,0.6000000238418579,0.6000000238418579,0.6000000238418579,0.6000000238418579,0.6000000238418579,400
2009-03-05,0.6000000238418579,0.6000000238418579,0.6000000238418579,0.6000000238418579,0.6000000238418579,80
2009-03-06,0.44999998807907104,0.5,0.3499999940395355,0.5,0.5,34240
2009-03-09,0.3499999940395355,0.6000000238418579,0.3499999940395355,0.6000000238418579,0.6000000238418579,6080
2009-03-10,0.3499999940395355,0.6000000238418579,0.3499999940395355,0.6000000238418579,0.6000000238418579,4040
2009-03-11,0.42500001192092896,0.42500001192092896,0.375,0.375,0.375,12120
2009-03-12,0.3499999940395355,0.3499999940395355,0.3499999940395355,0.3499999940395355,0.3499999940395355,3200
2009-03-13,0.375,0.375,0.32499998807907104,0.3499999940395355,0.3499999940395355,6280
2009-03-16,0.3499999940395355,0.3499999940395355,0.3499999940395355,0.3499999940395355,0.3499999940395355,2400
2009-03-17,0.3499999940395355,0.3499999940395355,0.3499999940395355,0.3499999940395355,0.3499999940395355,0
2009-03-18,0.32499998807907104,0.32499998807907104,0.32499998807907104,0.32499998807907104,0.32499998807907104,1120
2009-03-19,0.32499998807907104,0.32499998807907104,0.32499998807907104,0.32499998807907104,0.32499998807907104,0
2009-03-20,0.32499998807907104,0.32499998807907104,0.32499998807907104,0.32499998807907104,0.32499998807907104,0
2009-03-23,0.375,0.375,0.375,0.375,0.375,8000
2009-03-24,0.375,0.44999998807907104,0.3499999940395355,0.44999998807907104,0.44999998807907104,28760
2009-03-25,0.44999998807907104,0.44999998807907104,0.44999998807907104,0.44999998807907104,0.44999998807907104,0
2009-03-26,0.5,0.5,0.375,0.44999998807907104,0.44999998807907104,7440
2009-03-27,0.5,0.6000000238418579,0.5,0.550000011920929,0.550000011920929,3360
2009-03-30,0.625,0.75,0.6000000238418579,0.699999988079071,0.699999988079071,56920
2009-03-31,0.699999988079071,0.7250000238418579,0.625,0.6499999761581421,0.6499999761581421,11240
2009-04-01,0.6499999761581421,0.6499999761581421,0.5,0.5,0.5,10240
2009-04-02,0.625,0.625,0.5,0.625,0.625,10920
2009-04-03,0.574999988079071,0.574999988079071,0.574999988079071,0.574999988079071,0.574999988079071,3200
2009-04-06,0.574999988079071,0.675000011920929,0.574999988079071,0.625,0.625,2520
2009-04-07,0.7250000238418579,0.75,0.7250000238418579,0.75,0.75,8280
2009-04-08,0.5,0.7250000238418579,0.5,0.7250000238418579,0.7250000238418579,15080
2009-04-09,0.7250000238418579,0.7250000238418579,0.7250000238418579,0.7250000238418579,0.7250000238418579,0
2009-04-13,0.7250000238418579,0.7250000238418579,0.5,0.7250000238418579,0.7250000238418579,10440
2009-04-14,0.5,0.7250000238418579,0.5,0.7250000238418579,0.7250000238418579,840
2009-04-15,0.5,0.7250000238418579,0.5,0.7250000238418579,0.7250000238418579,1400
2009-04-16,0.625,0.875,0.625,0.75,0.75,19600
2009-04-17,0.875,0.875,0.625,0.875,0.875,4320
2009-04-20,0.75,0.75,0.5,0.5,0.5,25280
2009-04-21,0.574999988079071,0.574999988079071,0.574999988079071,0.574999988079071,0.574999988079071,4240
2009-04-22,0.625,0.699999988079071,0.5,0.699999988079071,0.699999988079071,23040
2009-04-23,0.699999988079071,0.699999988079071,0.699999988079071,0.699999988079071,0.699999988079071,2000
2009-04-24,0.6000000238418579,0.6000000238418579,0.5249999761581421,0.5249999761581421,0.5249999761581421,7800
2009-04-27,0.550000011920929,0.574999988079071,0.550000011920929,0.574999988079071,0.574999988079071,1200
2009-04-28,0.574999988079071,0.574999988079071,0.574999988079071,0.574999988079071,0.574999988079071,4000
2009-04-29,0.5249999761581421,0.5249999761581421,0.5249999761581421,0.5249999761581421,0.5249999761581421,2000
2009-04-30,0.5,0.625,0.5,0.5,0.5,13200
2009-05-01,0.6499999761581421,0.6499999761581421,0.625,0.625,0.625,1120
2009-05-04,0.6499999761581421,0.6499999761581421,0.6499999761581421,0.6499999761581421,0.6499999761581421,1840
2009-05-05,0.6499999761581421,0.699999988079071,0.625,0.699999988079071,0.699999988079071,3440
2009-05-06,0.625,0.625,0.625,0.625,0.625,10880
2009-05-07,0.625,0.625,0.574999988079071,0.625,0.625,20320
2009-05-08,0.699999988079071,0.699999988079071,0.550000011920929,0.699999988079071,0.699999988079071,21040
2009-05-11,0.7250000238418579,0.925000011920929,0.42500001192092896,0.550000011920929,0.550000011920929,34000
2009-05-12,0.625,0.625,0.5249999761581421,0.5249999761581421,0.5249999761581421,4520
2009-05-13,0.5,0.6000000238418579,0.5,0.5,0.5,3000
2009-05-14,0.5,0.6000000238418579,0.5,0.6000000238418579,0.6000000238418579,1800
2009-05-15,0.625,0.699999988079071,0.5,0.625,0.625,17320
2009-05-18,0.699999988079071,0.699999988079071,0.699999988079071,0.699999988079071,0.699999988079071,400
2009-05-19,0.675000011920929,0.675000011920929,0.675000011920929,0.675000011920929,0.675000011920929,2600
2009-05-20,0.550000011920929,0.550000011920929,0.5,0.5,0.5,14800
2009-05-21,0.5,0.5,0.4749999940395355,0.4749999940395355,0.4749999940395355,4320
2009-05-22,0.625,0.625,0.625,0.625,0.625,1400
2009-05-26,0.6000000238418579,0.6000000238418579,0.42500001192092896,0.4749999940395355,0.4749999940395355,6440
2009-05-27,0.5,0.5,0.5,0.5,0.5,2000
2009-05-28,0.44999998807907104,0.625,0.44999998807907104,0.625,0.625,23720
2009-05-29,0.25,0.625,0.25,0.625,0.625,14720
2009-06-01,0.5,0.625,0.5,0.625,0.625,2400
2009-06-02,0.625,0.625,0.625,0.625,0.625,0
2009-06-03,0.625,0.625,0.44999998807907104,0.625,0.625,2680
2009-06-04,0.625,0.625,0.625,0.625,0.625,200
2009-06-05,0.625,0.625,0.4749999940395355,0.625,0.625,14000
2009-06-08,0.4749999940395355,0.6000000238418579,0.4749999940395355,0.6000000238418579,0.6000000238418579,20720
2009-06-09,0.625,0.625,0.574999988079071,0.574999988079071,0.574999988079071,840
2009-06-10,0.4749999940395355,0.625,0.4749999940395355,0.625,0.625,5120
2009-06-11,0.6000000238418579,0.625,0.5,0.625,0.625,6400
2009-06-12,0.625,0.625,0.4000000059604645,0.5,0.5,12200
2009-06-15,0.5,0.5,0.42500001192092896,0.4749999940395355,0.4749999940395355,14600
2009-06-16,0.4749999940395355,0.5,0.42500001192092896,0.5,0.5,5160
2009-06-17,0.4749999940395355,0.5249999761581421,0.4749999940395355,0.5249999761581421,0.5249999761581421,2120
2009-06-18,0.5249999761581421,0.550000011920929,0.5249999761581421,0.550000011920929,0.550000011920929,1800
2009-06-19,0.4749999940395355,0.4749999940395355,0.44999998807907104,0.4749999940395355,0.4749999940395355,4800
2009-06-22,0.42500001192092896,0.4749999940395355,0.42500001192092896,0.4749999940395355,0.4749999940395355,6840
2009-06-23,0.44999998807907104,0.44999998807907104,0.375,0.42500001192092896,0.42500001192092896,22760
2009-06-24,0.42500001192092896,0.550000011920929,0.4000000059604645,0.550000011920929,0.550000011920929,6560
2009-06-25,0.550000011920929,0.550000011920929,0.550000011920929,0.550000011920929,0.550000011920929,0
2009-06-26,0.5,0.550000011920929,0.5,0.5,0.5,14920
2009-06-29,0.4749999940395355,0.5,0.42500001192092896,0.5,0.5,3200
2009-06-30,0.5,0.5249999761581421,0.42500001192092896,0.5,0.5,21000
2009-07-01,0.4749999940395355,0.5249999761581421,0.4749999940395355,0.5249999761581421,0.5249999761581421,6320
2009-07-02,0.5,0.5249999761581421,0.4749999940395355,0.5,0.5,14480
2009-07-06,0.5,0.5249999761581421,0.42500001192092896,0.5249999761581421,0.5249999761581421,15840
2009-07-07,0.4000000059604645,0.5,0.3499999940395355,0.5,0.5,19800
2009-07-08,0.44999998807907104,0.5,0.44999998807907104,0.5,0.5,21440
2009-07-09,0.5,0.5249999761581421,0.4749999940395355,0.5249999761581421,0.5249999761581421,9600
2009-07-10,0.5,0.5,0.4749999940395355,0.4749999940395355,0.4749999940395355,5400
2009-07-13,0.4749999940395355,0.5,0.4749999940395355,0.5,0.5,11320
2009-07-14,0.5,0.5249999761581421,0.4749999940395355,0.5249999761581421,0.5249999761581421,24200
2009-07-15,0.5249999761581421,0.5249999761581421,0.5,0.5,0.5,840
2009-07-16,0.5,0.5,0.5,0.5,0.5,3360
2009-07-17,0.5,0.550000011920929,0.4749999940395355,0.550000011920929,0.550000011920929,15080
2009-07-20,0.4749999940395355,0.6000000238418579,0.4749999940395355,0.574999988079071,0.574999988079071,16720
2009-07-21,0.5249999761581421,0.6000000238418579,0.5249999761581421,0.6000000238418579,0.6000000238418579,7440
2009-07-22,0.574999988079071,0.6000000238418579,0.550000011920929,0.574999988079071,0.574999988079071,13720
2009-07-23,0.574999988079071,0.6000000238418579,0.574999988079071,0.6000000238418579,0.6000000238418579,11160
2009-07-24,0.574999988079071,0.6000000238418579,0.44999998807907104,0.6000000238418579,0.6000000238418579,19440
2009-07-27,0.550000011920929,0.574999988079071,0.550000011920929,0.574999988079071,0.574999988079071,12000
2009-07-28,0.6000000238418579,0.6000000238418579,0.6000000238418579,0.6000000238418579,0.6000000238418579,2400
2009-07-29,0.6000000238418579,0.6000000238418579,0.44999998807907104,0.574999988079071,0.574999988079071,34840
2009-07-30,0.574999988079071,0.574999988079071,0.5,0.5,0.5,21520
2009-07-31,0.5,0.75,0.5,0.6499999761581421,0.6499999761581421,19200
2009-08-03,0.6499999761581421,0.6499999761581421,0.5249999761581421,0.5249999761581421,0.5249999761581421,7200
2009-08-04,0.6499999761581421,0.6499999761581421,0.6499999761581421,0.6499999761581421,0.6499999761581421,1320
2009-08-05,0.6499999761581421,0.6499999761581421,0.5249999761581421,0.6499999761581421,0.6499999761581421,6200
2009-08-06,0.6499999761581421,0.6499999761581421,0.550000011920929,0.6499999761581421,0.6499999761581421,3960
2009-08-07,0.6499999761581421,0.6499999761581421,0.6000000238418579,0.6499999761581421,0.6499999761581421,5000
2009-08-10,0.6000000238418579,0.7749999761581421,0.6000000238418579,0.7749999761581421,0.7749999761581421,21840
2009-08-11,0.7749999761581421,1.1749999523162842,0.7749999761581421,0.8999999761581421,0.8999999761581421,74600
2009-08-12,0.8999999761581421,0.8999999761581421,0.75,0.8999999761581421,0.8999999761581421,24000
2009-08-13,0.8999999761581421,1.0,0.875,1.0,1.0,25600
2009-08-14,1.0,1.0,0.875,1.0,1.0,31120
2009-08-17,0.949999988079071,0.949999988079071,0.699999988079071,0.8500000238418579,0.8500000238418579,38280
2009-08-18,0.8500000238418579,0.8500000238418579,0.824999988079071,0.8500000238418579,0.8500000238418579,27720
2009-08-19,0.824999988079071,0.8500000238418579,0.5,0.7250000238418579,0.7250000238418579,79960
2009-08-20,0.7749999761581421,1.0499999523162842,0.7749999761581421,0.9750000238418579,0.9750000238418579,77280
2009-08-21,1.0499999523162842,1.0499999523162842,0.8999999761581421,1.0,1.0,38440
2009-08-24,1.0499999523162842,1.0750000476837158,0.8999999761581421,1.0,1.0,20680
2009-08-25,1.0750000476837158,1.2000000476837158,1.0,1.2000000476837158,1.2000000476837158,109480
2009-08-26,1.225000023841858,1.3250000476837158,1.100000023841858,1.274999976158142,1.274999976158142,57520
2009-08-27,1.3250000476837158,1.875,1.25,1.625,1.625,128600
2009-08-28,1.774999976158142,1.9249999523162842,1.649999976158142,1.9249999523162842,1.9249999523162842,90160
2009-08-31,1.7999999523162842,1.7999999523162842,1.524999976158142,1.600000023841858,1.600000023841858,44080
2009-09-01,1.375,1.75,1.375,1.725000023841858,1.725000023841858,72800
2009-09-02,1.6749999523162842,1.7999999523162842,1.6749999523162842,1.7999999523162842,1.7999999523162842,30760
2009-09-03,1.7999999523162842,1.7999999523162842,1.649999976158142,1.75,1.75,39400
2009-09-04,1.6749999523162842,1.850000023841858,1.6749999523162842,1.75,1.75,47840
2009-09-08,1.75,1.850000023841858,1.6749999523162842,1.774999976158142,1.774999976158142,55640
2009-09-09,1.8250000476837158,1.850000023841858,1.6749999523162842,1.7999999523162842,1.7999999523162842,38080
2009-09-10,1.725000023841858,1.875,1.725000023841858,1.875,1.875,57080
2009-09-11,1.850000023841858,1.850000023841858,1.725000023841858,1.7999999523162842,1.7999999523162842,68560
2009-09-14,1.8250000476837158,2.25,1.8250000476837158,2.0,2.0,92560
2009-09-15,2.0,2.2249999046325684,2.0,2.2249999046325684,2.2249999046325684,77440
2009-09-16,2.2249999046325684,2.4749999046325684,2.125,2.4749999046325684,2.4749999046325684,39720
2009-09-17,2.4749999046325684,2.4749999046325684,2.125,2.4000000953674316,2.4000000953674316,63920
2009-09-18,2.450000047683716,2.450000047683716,2.25,2.424999952316284,2.424999952316284,102560
2009-09-21,2.450000047683716,2.75,2.424999952316284,2.700000047683716,2.700000047683716,113600
2009-09-22,2.700000047683716,3.0250000953674316,2.625,3.0,3.0,109440
2009-09-23,3.125,3.375,3.075000047683716,3.375,3.375,118160
2009-09-24,3.875,4.0,3.174999952316284,3.4000000953674316,3.4000000953674316,43400
2009-09-25,3.450000047683716,3.75,3.375,3.75,3.75,68880
2009-09-28,3.75,3.875,3.5,3.625,3.625,40680
2009-09-29,3.75,3.75,2.875,3.450000047683716,3.450000047683716,29840
2009-09-30,3.25,3.325000047683716,2.950000047683716,3.325000047683716,3.325000047683716,12200
2009-10-01,3.2750000953674316,3.2750000953674316,3.0,3.25,3.25,13360
2009-10-02,2.9749999046325684,3.375,2.9000000953674316,3.2750000953674316,3.2750000953674316,43840
2009-10-05,3.3499999046325684,3.3499999046325684,3.0999999046325684,3.0999999046325684,3.0999999046325684,32160
2009-10-06,3.0999999046325684,3.0999999046325684,2.5999999046325684,2.700000047683716,2.700000047683716,36280
2009-10-07,2.700000047683716,2.75,1.5499999523162842,2.75,2.75,63960
2009-10-08,2.625,2.700000047683716,2.25,2.700000047683716,2.700000047683716,19560
2009-10-09,2.700000047683716,2.700000047683716,2.375,2.5,2.5,9760
2009-10-12,2.5,2.6500000953674316,2.4000000953674316,2.6500000953674316,2.6500000953674316,31760
2009-10-13,2.625,2.6500000953674316,2.375,2.4000000953674316,2.4000000953674316,19240
2009-10-14,2.25,2.3499999046325684,2.0,2.174999952316284,2.174999952316284,49880
2009-10-15,2.1500000953674316,2.1500000953674316,2.0,2.125,2.125,9120
2009-10-16,2.0,2.0,1.774999976158142,1.875,1.875,38040
2009-10-19,1.875,2.375,1.850000023841858,2.375,2.375,29760
2009-10-20,2.1500000953674316,2.3499999046325684,2.125,2.25,2.25,11880
2009-10-21,2.25,2.5250000953674316,2.25,2.4749999046325684,2.4749999046325684,21280
2009-10-22,2.4749999046325684,2.4749999046325684,2.200000047683716,2.25,2.25,27000
2009-10-23,2.25,2.25,1.7999999523162842,2.1500000953674316,2.1500000953674316,13360
2009-10-26,2.200000047683716,2.200000047683716,1.875,2.049999952316284,2.049999952316284,4920
2009-10-27,2.049999952316284,2.049999952316284,1.850000023841858,2.0,2.0,14800
2009-10-28,1.7999999523162842,2.125,1.625,2.0,2.0,28160
2009-10-29,2.0,2.0999999046325684,1.899999976158142,1.975000023841858,1.975000023841858,14120
2009-10-30,1.975000023841858,2.200000047683716,1.9249999523162842,2.200000047683716,2.200000047683716,15560
2009-11-02,2.200000047683716,2.200000047683716,2.125,2.174999952316284,2.174999952316284,5680
2009-11-03,2.174999952316284,2.25,2.0,2.25,2.25,23840
2009-11-04,2.200000047683716,2.25,2.0999999046325684,2.125,2.125,14040
2009-11-05,2.0250000953674316,2.200000047683716,2.0250000953674316,2.125,2.125,15800
2009-11-06,2.200000047683716,2.200000047683716,2.0,2.125,2.125,17480
2009-11-09,2.200000047683716,2.25,2.1500000953674316,2.174999952316284,2.174999952316284,14160
2009-11-10,2.125,2.2249999046325684,2.0,2.049999952316284,2.049999952316284,23560
2009-11-11,2.049999952316284,2.2750000953674316,2.049999952316284,2.200000047683716,2.200000047683716,9240
2009-11-12,2.125,2.125,2.0,2.125,2.125,7880
2009-11-13,2.125,2.25,2.125,2.174999952316284,2.174999952316284,6160
2009-11-16,2.174999952316284,2.174999952316284,2.0,2.125,2.125,4520
2009-11-17,2.125,2.125,2.0250000953674316,2.125,2.125,7560
2009-11-18,2.125,2.125,2.0,2.0250000953674316,2.0250000953674316,6240
2009-11-19,2.0999999046325684,2.0999999046325684,2.0999999046325684,2.0999999046325684,2.0999999046325684,320
2009-11-20,2.125,2.125,2.0,2.0,2.0,6640
2009-11-23,2.125,2.125,2.0,2.125,2.125,2600
2009-11-24,2.0,2.125,2.0,2.0999999046325684,2.0999999046325684,7800
2009-11-25,2.0,2.0999999046325684,2.0,2.0999999046325684,2.0999999046325684,2560
2009-11-27,2.0,2.125,2.0,2.125,2.125,1920
2009-11-30,2.174999952316284,2.174999952316284,2.0250000953674316,2.0250000953674316,2.0250000953674316,2200
2009-12-01,1.899999976158142,2.25,1.899999976158142,2.125,2.125,20840
2009-12-02,2.075000047683716,2.125,1.6749999523162842,2.0,2.0,48040
2009-12-03,2.125,2.1500000953674316,1.6749999523162842,2.0250000953674316,2.0250000953674316,25240
2009-12-04,2.0,2.0,1.875,2.0,2.0,2400
2009-12-07,1.725000023841858,2.0,1.725000023841858,1.875,1.875,9680
2009-12-08,1.875,2.0,1.725000023841858,1.875,1.875,21320
2009-12-09,1.875,1.875,1.625,1.850000023841858,1.850000023841858,3080
2009-12-10,1.850000023841858,1.850000023841858,1.625,1.8250000476837158,1.8250000476837158,16840
2009-12-11,1.8250000476837158,1.850000023841858,1.75,1.850000023841858,1.850000023841858,19320
2009-12-14,1.850000023841858,1.850000023841858,1.5,1.75,1.75,44800
2009-12-15,1.75,1.75,1.625,1.75,1.75,42560
2009-12-16,1.725000023841858,1.75,1.5499999523162842,1.625,1.625,29240
2009-12-17,1.625,1.625,1.5750000476837158,1.625,1.625,6720
2009-12-18,1.625,1.75,1.600000023841858,1.7000000476837158,1.7000000476837158,23720
2009-12-21,1.725000023841858,1.725000023841858,1.5,1.649999976158142,1.649999976158142,12840
2009-12-22,1.649999976158142,1.8250000476837158,1.625,1.774999976158142,1.774999976158142,81760
2009-12-23,1.8250000476837158,2.0,1.8250000476837158,2.0,2.0,45560
2009-12-24,2.0,2.0999999046325684,2.0,2.0999999046325684,2.0999999046325684,6680
2009-12-28,1.875,2.075000047683716,1.875,2.0,2.0,29760
2009-12-29,1.7999999523162842,2.0,1.725000023841858,1.9249999523162842,1.9249999523162842,24600
2009-12-30,1.9249999523162842,1.9249999523162842,1.75,1.875,1.875,11640
2009-12-31,1.850000023841858,1.850000023841858,1.850000023841858,1.850000023841858,1.850000023841858,120
2010-01-04,1.75,1.850000023841858,1.625,1.774999976158142,1.774999976158142,6680
2010-01-05,1.774999976158142,1.774999976158142,1.725000023841858,1.725000023841858,1.725000023841858,1880
2010-01-06,1.75,1.9500000476837158,1.7000000476837158,1.899999976158142,1.899999976158142,9520
2010-01-07,1.875,1.9500000476837158,1.875,1.9500000476837158,1.9500000476837158,6160
2010-01-08,1.9500000476837158,1.9500000476837158,1.7000000476837158,1.75,1.75,24400
2010-01-11,1.75,1.9500000476837158,1.725000023841858,1.875,1.875,10160
2010-01-12,1.850000023841858,1.850000023841858,1.75,1.75,1.75,9080
2010-01-13,1.75,1.75,1.4500000476837158,1.524999976158142,1.524999976158142,31280
2010-01-14,1.6749999523162842,1.875,1.524999976158142,1.774999976158142,1.774999976158142,25000
2010-01-15,1.625,1.7000000476837158,1.5,1.625,1.625,19240
2010-01-19,1.625,1.625,1.5499999523162842,1.600000023841858,1.600000023841858,6480
2010-01-20,1.600000023841858,1.600000023841858,1.4500000476837158,1.5750000476837158,1.5750000476837158,33960
2010-01-21,1.5750000476837158,1.5750000476837158,1.399999976158142,1.399999976158142,1.399999976158142,32120
2010-01-22,1.4500000476837158,1.5499999523162842,1.274999976158142,1.375,1.375,24680
2010-01-25,1.350000023841858,1.350000023841858,1.2000000476837158,1.3250000476837158,1.3250000476837158,14040
2010-01-26,1.3250000476837158,1.3250000476837158,1.2000000476837158,1.2999999523162842,1.2999999523162842,14200
2010-01-27,1.2999999523162842,1.2999999523162842,1.2000000476837158,1.25,1.25,18720
2010-01-28,1.149999976158142,1.25,1.125,1.225000023841858,1.225000023841858,15560
2010-01-29,1.274999976158142,1.274999976158142,1.0,1.100000023841858,1.100000023841858,33920
2010-02-01,1.0,1.225000023841858,1.0,1.100000023841858,1.100000023841858,28240
2010-02-02,1.2000000476837158,1.274999976158142,1.024999976158142,1.274999976158142,1.274999976158142,17000
2010-02-03,1.125,1.225000023841858,1.0,1.0499999523162842,1.0499999523162842,21240
2010-02-04,1.125,1.274999976158142,1.0,1.274999976158142,1.274999976158142,47400
2010-02-05,1.25,1.25,1.024999976158142,1.1749999523162842,1.1749999523162842,13400
2010-02-08,1.2000000476837158,1.2000000476837158,1.0750000476837158,1.2000000476837158,1.2000000476837158,8840
2010-02-09,1.2000000476837158,1.274999976158142,1.2000000476837158,1.225000023841858,1.225000023841858,20160
2010-02-10,1.274999976158142,1.3250000476837158,1.25,1.25,1.25,18040
2010-02-11,1.25,1.2999999523162842,1.125,1.274999976158142,1.274999976158142,14160
2010-02-12,1.125,1.274999976158142,1.125,1.1749999523162842,1.1749999523162842,25000
2010-02-16,1.1749999523162842,1.1749999523162842,1.0,1.1749999523162842,1.1749999523162842,7240
2010-02-17,1.1749999523162842,1.1749999523162842,1.125,1.125,1.125,6960
2010-02-18,1.125,1.125,1.0,1.100000023841858,1.100000023841858,37800
2010-02-19,1.0750000476837158,1.125,1.0,1.0,1.0,19000
2010-02-22,1.125,1.125,1.024999976158142,1.0750000476837158,1.0750000476837158,23760
2010-02-23,1.0750000476837158,1.2999999523162842,1.0750000476837158,1.2999999523162842,1.2999999523162842,24640
2010-02-24,1.25,1.2999999523162842,1.0750000476837158,1.0750000476837158,1.0750000476837158,23200
2010-02-25,1.024999976158142,1.125,1.0,1.125,1.125,31720
2010-02-26,1.100000023841858,1.100000023841858,0.925000011920929,1.0,1.0,16280
2010-03-01,1.024999976158142,1.0750000476837158,1.024999976158142,1.0750000476837158,1.0750000476837158,4640
2010-03-02,1.0499999523162842,1.0499999523162842,1.0499999523162842,1.0499999523162842,1.0499999523162842,4520
2010-03-03,1.100000023841858,1.100000023841858,1.0499999523162842,1.0499999523162842,1.0499999523162842,5800
2010-03-04,1.100000023841858,1.25,1.0499999523162842,1.225000023841858,1.225000023841858,46120
2010-03-05,1.225000023841858,1.25,1.0,1.2000000476837158,1.2000000476837158,22200
2010-03-08,1.225000023841858,1.225000023841858,1.100000023841858,1.225000023841858,1.225000023841858,8560
2010-03-09,1.225000023841858,1.225000023841858,1.0750000476837158,1.149999976158142,1.149999976158142,13040
2010-03-10,1.125,1.225000023841858,1.0750000476837158,1.1749999523162842,1.1749999523162842,20400
2010-03-11,1.225000023841858,1.225000023841858,1.149999976158142,1.1749999523162842,1.1749999523162842,7200
2010-03-12,1.100000023841858,1.5,1.100000023841858,1.5,1.5,33240
2010-03-15,1.399999976158142,1.5,1.399999976158142,1.399999976158142,1.399999976158142,29000
2010-03-16,1.4249999523162842,1.475000023841858,1.399999976158142,1.475000023841858,1.475000023841858,12800
2010-03-17,1.475000023841858,1.475000023841858,1.399999976158142,1.475000023841858,1.475000023841858,8040
2010-03-18,1.4500000476837158,1.4500000476837158,1.375,1.4249999523162842,1.4249999523162842,3200
2010-03-19,1.5,1.5,1.399999976158142,1.5,1.5,25200
2010-03-22,1.4500000476837158,1.5,1.25,1.375,1.375,21360
2010-03-23,1.350000023841858,1.350000023841858,1.25,1.274999976158142,1.274999976158142,10240
2010-03-24,1.25,1.25,1.125,1.25,1.25,18000
2010-03-25,1.25,1.274999976158142,1.149999976158142,1.274999976158142,1.274999976158142,19720
2010-03-26,1.0499999523162842,1.850000023841858,1.0499999523162842,1.274999976158142,1.274999976158142,18760
2010-03-29,1.274999976158142,1.274999976158142,1.1749999523162842,1.225000023841858,1.225000023841858,15320
2010-03-30,1.25,1.25,1.024999976158142,1.25,1.25,5280
2010-03-31,1.25,1.25,1.2000000476837158,1.25,1.25,7800
2010-04-01,1.25,1.25,1.149999976158142,1.2000000476837158,1.2000000476837158,30480
2010-04-05,1.125,1.25,1.024999976158142,1.225000023841858,1.225000023841858,10480
2010-04-06,1.1749999523162842,1.225000023841858,1.100000023841858,1.100000023841858,1.100000023841858,38560
2010-04-07,1.125,1.2000000476837158,1.100000023841858,1.100000023841858,1.100000023841858,19280
2010-04-08,1.100000023841858,1.125,1.0,1.100000023841858,1.100000023841858,3440
2010-04-09,1.100000023841858,1.2000000476837158,1.0,1.125,1.125,15920
2010-04-12,1.0750000476837158,1.0750000476837158,1.0499999523162842,1.0750000476837158,1.0750000476837158,12600
2010-04-13,1.0750000476837158,1.0750000476837158,1.0,1.0499999523162842,1.0499999523162842,3400
2010-04-14,1.0499999523162842,1.0499999523162842,1.0,1.0499999523162842,1.0499999523162842,7960
2010-04-15,1.0499999523162842,1.0750000476837158,1.0,1.0750000476837158,1.0750000476837158,16040
2010-04-16,1.0750000476837158,1.225000023841858,1.024999976158142,1.225000023841858,1.225000023841858,20560
2010-04-19,1.024999976158142,1.149999976158142,1.024999976158142,1.149999976158142,1.149999976158142,2680
2010-04-20,1.125,1.125,1.024999976158142,1.125,1.125,1480
2010-04-21,1.125,1.225000023841858,1.100000023841858,1.225000023841858,1.225000023841858,24080
2010-04-22,1.125,1.225000023841858,1.0499999523162842,1.2000000476837158,1.2000000476837158,5000
2010-04-23,1.2000000476837158,1.225000023841858,1.125,1.2000000476837158,1.2000000476837158,17120
2010-04-26,1.125,1.125,1.024999976158142,1.100000023841858,1.100000023841858,13640
2010-04-27,1.100000023841858,1.149999976158142,1.100000023841858,1.125,1.125,13560
2010-04-28,1.125,1.2000000476837158,1.125,1.2000000476837158,1.2000000476837158,15920
2010-04-29,1.2000000476837158,1.2000000476837158,1.2000000476837158,1.2000000476837158,1.2000000476837158,4840
2010-04-30,1.1749999523162842,1.2000000476837158,1.0499999523162842,1.2000000476837158,1.2000000476837158,12160
2010-05-03,1.2000000476837158,1.2000000476837158,1.1749999523162842,1.2000000476837158,1.2000000476837158,6000
2010-05-04,1.1749999523162842,1.2000000476837158,1.0750000476837158,1.2000000476837158,1.2000000476837158,7400
2010-05-05,1.0499999523162842,1.2000000476837158,1.024999976158142,1.125,1.125,11560
2010-05-06,1.024999976158142,1.125,1.0,1.125,1.125,6040
2010-05-07,1.125,1.125,1.0750000476837158,1.100000023841858,1.100000023841858,3000
2010-05-10,1.0750000476837158,1.100000023841858,1.024999976158142,1.0499999523162842,1.0499999523162842,53760
2010-05-11,1.0750000476837158,1.0750000476837158,1.0,1.0499999523162842,1.0499999523162842,24280
2010-05-12,1.0499999523162842,1.100000023841858,0.8999999761581421,1.0750000476837158,1.0750000476837158,36520
2010-05-13,1.0,1.0750000476837158,0.75,0.8500000238418579,0.8500000238418579,81240
2010-05-14,0.9750000238418579,1.0499999523162842,0.824999988079071,0.8999999761581421,0.8999999761581421,19400
2010-05-17,0.949999988079071,0.949999988079071,0.8999999761581421,0.8999999761581421,0.8999999761581421,10960
2010-05-18,0.75,0.949999988079071,0.75,0.925000011920929,0.925000011920929,23960
2010-05-19,0.875,0.925000011920929,0.824999988079071,0.925000011920929,0.925000011920929,17480
2010-05-20,0.925000011920929,1.0499999523162842,0.800000011920929,0.824999988079071,0.824999988079071,41800
2010-05-21,1.0,1.024999976158142,0.875,0.8999999761581421,0.8999999761581421,11080
2010-05-24,1.024999976158142,1.024999976158142,0.8500000238418579,0.9750000238418579,0.9750000238418579,16200
2010-05-25,0.9750000238418579,0.9750000238418579,0.875,0.949999988079071,0.949999988079071,16240
2010-05-26,0.875,0.949999988079071,0.875,0.949999988079071,0.949999988079071,10200
2010-05-27,0.949999988079071,0.949999988079071,0.875,0.875,0.875,6640
2010-05-28,0.949999988079071,0.949999988079071,0.800000011920929,0.875,0.875,37560
2010-06-01,0.875,0.925000011920929,0.8500000238418579,0.875,0.875,23000
2010-06-02,0.875,0.875,0.8500000238418579,0.8500000238418579,0.8500000238418579,2440
2010-06-03,0.875,0.875,0.8500000238418579,0.875,0.875,19640
2010-06-04,0.875,0.875,0.8500000238418579,0.8500000238418579,0.8500000238418579,17720
2010-06-07,0.875,0.875,0.824999988079071,0.875,0.875,50760
2010-06-08,0.8500000238418579,0.925000011920929,0.824999988079071,0.824999988079071,0.824999988079071,24600
2010-06-09,0.8999999761581421,0.925000011920929,0.7749999761581421,0.875,0.875,31720
2010-06-10,0.875,0.875,0.7749999761581421,0.875,0.875,11120
2010-06-11,0.875,0.875,0.875,0.875,0.875,800
2010-06-14,0.875,0.875,0.7749999761581421,0.875,0.875,11240
2010-06-15,0.7749999761581421,0.875,0.7749999761581421,0.8500000238418579,0.8500000238418579,12800
2010-06-16,0.7749999761581421,0.824999988079071,0.7749999761581421,0.824999988079071,0.824999988079071,19800
2010-06-17,0.875,0.925000011920929,0.824999988079071,0.925000011920929,0.925000011920929,32200
2010-06-18,0.925000011920929,0.925000011920929,0.8500000238418579,0.925000011920929,0.925000011920929,27280
2010-06-21,0.925000011920929,1.0,0.925000011920929,1.0,1.0,52400
2010-06-22,1.0,1.0,0.925000011920929,0.9750000238418579,0.9750000238418579,27800
2010-06-23,0.9750000238418579,0.9750000238418579,0.9750000238418579,0.9750000238418579,0.9750000238418579,2320
2010-06-24,0.9750000238418579,0.9750000238418579,0.8999999761581421,0.949999988079071,0.949999988079071,6160
2010-06-25,0.925000011920929,1.0,0.8999999761581421,1.0,1.0,25080
2010-06-28,1.0,1.0,0.8500000238418579,0.949999988079071,0.949999988079071,6120
2010-06-29,0.9750000238418579,0.9750000238418579,0.9750000238418579,0.9750000238418579,0.9750000238418579,1360
2010-06-30,0.8500000238418579,0.9750000238418579,0.8500000238418579,0.9750000238418579,0.9750000238418579,11240
2010-07-01,0.925000011920929,0.9750000238418579,0.925000011920929,0.9750000238418579,0.9750000238418579,2240
2010-07-02,0.9750000238418579,0.9750000238418579,0.8500000238418579,0.949999988079071,0.949999988079071,10360
2010-07-06,0.8500000238418579,0.925000011920929,0.7749999761581421,0.925000011920929,0.925000011920929,14560
2010-07-07,0.8999999761581421,0.8999999761581421,0.875,0.875,0.875,3600
2010-07-08,0.875,0.8999999761581421,0.875,0.8999999761581421,0.8999999761581421,8000
2010-07-09,0.7749999761581421,0.8999999761581421,0.75,0.824999988079071,0.824999988079071,21760
2010-07-12,0.824999988079071,0.824999988079071,0.699999988079071,0.800000011920929,0.800000011920929,15960
2010-07-13,0.7749999761581421,0.8500000238418579,0.699999988079071,0.824999988079071,0.824999988079071,12080
2010-07-14,0.824999988079071,0.8999999761581421,0.699999988079071,0.699999988079071,0.699999988079071,36440
2010-07-15,0.699999988079071,0.824999988079071,0.625,0.675000011920929,0.675000011920929,28200
2010-07-16,0.625,0.7250000238418579,0.550000011920929,0.7250000238418579,0.7250000238418579,27880
2010-07-19,0.7250000238418579,0.875,0.6000000238418579,0.824999988079071,0.824999988079071,13000
2010-07-20,0.675000011920929,0.824999988079071,0.550000011920929,0.699999988079071,0.699999988079071,16000
2010-07-21,0.675000011920929,0.75,0.574999988079071,0.75,0.75,22600
2010-07-22,0.75,0.75,0.7250000238418579,0.75,0.75,10960
2010-07-23,0.800000011920929,0.875,0.75,0.7749999761581421,0.7749999761581421,16000
2010-07-26,0.824999988079071,0.8999999761581421,0.75,0.800000011920929,0.800000011920929,65920
2010-07-27,0.7250000238418579,0.824999988079071,0.7250000238418579,0.800000011920929,0.800000011920929,11680
2010-07-28,0.800000011920929,0.800000011920929,0.75,0.75,0.75,3440
2010-07-29,0.75,0.75,0.75,0.75,0.75,2640
2010-07-30,0.75,0.75,0.75,0.75,0.75,2840
2010-08-02,0.800000011920929,0.800000011920929,0.7250000238418579,0.7250000238418579,0.7250000238418579,4800
2010-08-03,0.7250000238418579,0.800000011920929,0.699999988079071,0.75,0.75,13720
2010-08-04,0.7749999761581421,0.800000011920929,0.699999988079071,0.800000011920929,0.800000011920929,32800
2010-08-05,0.800000011920929,0.800000011920929,0.7250000238418579,0.75,0.75,7000
2010-08-06,0.75,0.800000011920929,0.75,0.800000011920929,0.800000011920929,8960
2010-08-09,0.800000011920929,0.800000011920929,0.7749999761581421,0.800000011920929,0.800000011920929,1600
2010-08-10,0.7250000238418579,0.800000011920929,0.7250000238418579,0.800000011920929,0.800000011920929,2320
2010-08-11,0.75,0.7749999761581421,0.7250000238418579,0.7250000238418579,0.7250000238418579,15880
2010-08-12,0.7250000238418579,0.7250000238418579,0.7250000238418579,0.7250000238418579,0.7250000238418579,2200
2010-08-13,0.7250000238418579,0.7250000238418579,0.675000011920929,0.7250000238418579,0.7250000238418579,20120
2010-08-16,0.675000011920929,0.7250000238418579,0.675000011920929,0.7250000238418579,0.7250000238418579,5240
2010-08-17,0.625,0.7250000238418579,0.625,0.7250000238418579,0.7250000238418579,3560
2010-08-18,0.7250000238418579,0.7250000238418579,0.6499999761581421,0.7250000238418579,0.7250000238418579,9360
2010-08-19,0.7250000238418579,0.75,0.6499999761581421,0.699999988079071,0.699999988079071,29880
2010-08-20,0.699999988079071,0.699999988079071,0.699999988079071,0.699999988079071,0.699999988079071,400
2010-08-23,0.75,0.75,0.675000011920929,0.7250000238418579,0.7250000238418579,22000
2010-08-24,0.7250000238418579,0.7250000238418579,0.675000011920929,0.675000011920929,0.675000011920929,4560
2010-08-25,0.675000011920929,0.699999988079071,0.625,0.699999988079071,0.699999988079071,3800
2010-08-26,0.699999988079071,0.699999988079071,0.625,0.699999988079071,0.699999988079071,2320
2010-08-27,0.7250000238418579,0.7250000238418579,0.7250000238418579,0.7250000238418579,0.7250000238418579,200
2010-08-30,0.7250000238418579,0.7250000238418579,0.675000011920929,0.699999988079071,0.699999988079071,1680
2010-08-31,0.699999988079071,0.7250000238418579,0.675000011920929,0.7250000238418579,0.7250000238418579,16600
2010-09-01,0.7250000238418579,0.7250000238418579,0.625,0.7250000238418579,0.7250000238418579,3400
2010-09-02,0.6499999761581421,0.699999988079071,0.6499999761581421,0.699999988079071,0.699999988079071,9440
2010-09-03,0.699999988079071,0.7250000238418579,0.6499999761581421,0.7250000238418579,0.7250000238418579,25200
2010-09-07,0.7250000238418579,0.7250000238418579,0.7250000238418579,0.7250000238418579,0.7250000238418579,10080
2010-09-08,0.7250000238418579,0.75,0.699999988079071,0.75,0.75,7160
2010-09-09,0.7250000238418579,0.75,0.7250000238418579,0.75,0.75,7000
2010-09-10,0.6499999761581421,0.75,0.6499999761581421,0.75,0.75,7760
2010-09-13,0.75,0.75,0.675000011920929,0.75,0.75,4280
2010-09-14,0.675000011920929,0.7250000238418579,0.675000011920929,0.7250000238418579,0.7250000238418579,4280
2010-09-15,0.699999988079071,0.699999988079071,0.625,0.699999988079071,0.699999988079071,3600
2010-09-16,0.6000000238418579,0.675000011920929,0.6000000238418579,0.675000011920929,0.675000011920929,19360
2010-09-17,0.675000011920929,0.699999988079071,0.6000000238418579,0.6000000238418579,0.6000000238418579,3480
2010-09-20,0.625,0.675000011920929,0.6000000238418579,0.675000011920929,0.675000011920929,17760
2010-09-21,0.625,0.625,0.550000011920929,0.625,0.625,8080
2010-09-22,0.625,0.675000011920929,0.550000011920929,0.675000011920929,0.675000011920929,17320
2010-09-23,0.550000011920929,0.675000011920929,0.550000011920929,0.675000011920929,0.675000011920929,27200
2010-09-24,0.550000011920929,0.6499999761581421,0.550000011920929,0.625,0.625,7480
2010-09-27,0.625,0.625,0.550000011920929,0.6000000238418579,0.6000000238418579,13720
2010-09-28,0.574999988079071,0.625,0.574999988079071,0.574999988079071,0.574999988079071,16800
2010-09-29,0.5,0.574999988079071,0.4749999940395355,0.574999988079071,0.574999988079071,15640
2010-09-30,0.574999988079071,0.574999988079071,0.5,0.5,0.5,10120
2010-10-01,0.5,0.574999988079071,0.5,0.5,0.5,25800
2010-10-04,0.5,0.574999988079071,0.5,0.574999988079071,0.574999988079071,4760
2010-10-05,0.574999988079071,0.574999988079071,0.5,0.574999988079071,0.574999988079071,38040
2010-10-06,0.574999988079071,0.574999988079071,0.5,0.550000011920929,0.550000011920929,19680
2010-10-07,0.550000011920929,0.574999988079071,0.550000011920929,0.574999988079071,0.574999988079071,74960
2010-10-08,0.574999988079071,0.574999988079071,0.5,0.550000011920929,0.550000011920929,9560
2010-10-11,0.550000011920929,0.6000000238418579,0.550000011920929,0.6000000238418579,0.6000000238418579,61400
2010-10-12,0.5249999761581421,0.6000000238418579,0.5249999761581421,0.550000011920929,0.550000011920929,5840
2010-10-13,0.550000011920929,0.550000011920929,0.5249999761581421,0.550000011920929,0.550000011920929,11800
2010-10-14,0.5,0.550000011920929,0.5,0.550000011920929,0.550000011920929,6800
2010-10-15,0.550000011920929,0.550000011920929,0.4749999940395355,0.550000011920929,0.550000011920929,15600
2010-10-18,0.550000011920929,0.550000011920929,0.5,0.5249999761581421,0.5249999761581421,61880
2010-10-19,0.5249999761581421,0.550000011920929,0.5,0.5249999761581421,0.5249999761581421,19520
2010-10-20,0.5249999761581421,0.5249999761581421,0.5,0.5249999761581421,0.5249999761581421,13920
2010-10-21,0.5,0.5249999761581421,0.5,0.5249999761581421,0.5249999761581421,9960
2010-10-22,0.5249999761581421,0.550000011920929,0.5,0.550000011920929,0.550000011920929,7000
2010-10-25,0.5249999761581421,0.550000011920929,0.5,0.5249999761581421,0.5249999761581421,20160
2010-10-26,0.5,0.5,0.5,0.5,0.5,5120
2010-10-27,0.5,0.5,0.5,0.5,0.5,14360
2010-10-28,0.5,0.5,0.32499998807907104,0.4749999940395355,0.4749999940395355,27000
2010-10-29,0.44999998807907104,0.5249999761581421,0.42500001192092896,0.5249999761581421,0.5249999761581421,26680
2010-11-01,0.44999998807907104,0.5249999761581421,0.4000000059604645,0.5249999761581421,0.5249999761581421,12720
2010-11-02,0.44999998807907104,0.5249999761581421,0.44999998807907104,0.5249999761581421,0.5249999761581421,3560
2010-11-03,0.5,0.5,0.44999998807907104,0.5,0.5,8080
2010-11-04,0.5,0.5,0.42500001192092896,0.4749999940395355,0.4749999940395355,6920
2010-11-05,0.5,0.5,0.4000000059604645,0.4749999940395355,0.4749999940395355,19400
2010-11-08,0.42500001192092896,0.42500001192092896,0.375,0.42500001192092896,0.42500001192092896,23720
2010-11-09,0.42500001192092896,0.42500001192092896,0.375,0.4000000059604645,0.4000000059604645,16280
2010-11-10,0.4000000059604645,0.42500001192092896,0.375,0.42500001192092896,0.42500001192092896,21760
2010-11-11,0.4000000059604645,0.42500001192092896,0.375,0.42500001192092896,0.42500001192092896,13400
2010-11-12,0.42500001192092896,0.42500001192092896,0.375,0.4000000059604645,0.4000000059604645,23400
2010-11-15,0.375,0.375,0.32499998807907104,0.375,0.375,12360
2010-11-16,0.375,0.4000000059604645,0.30000001192092896,0.3499999940395355,0.3499999940395355,19800
2010-11-17,0.3499999940395355,0.375,0.32499998807907104,0.375,0.375,18000
2010-11-18,0.375,0.375,0.3499999940395355,0.375,0.375,19760
2010-11-19,0.375,0.375,0.32499998807907104,0.375,0.375,7840
2010-11-22,0.375,0.375,0.375,0.375,0.375,3600
2010-11-23,0.30000001192092896,0.375,0.30000001192092896,0.375,0.375,3200
2010-11-24,0.3499999940395355,0.3499999940395355,0.3499999940395355,0.3499999940395355,0.3499999940395355,2400
2010-11-26,0.3499999940395355,0.3499999940395355,0.3499999940395355,0.3499999940395355,0.3499999940395355,1000
2010-11-29,0.32499998807907104,0.3499999940395355,0.32499998807907104,0.3499999940395355,0.3499999940395355,4200
2010-11-30,0.3499999940395355,0.3499999940395355,0.32499998807907104,0.32499998807907104,0.32499998807907104,2280
2010-12-01,0.30000001192092896,0.32499998807907104,0.22499999403953552,0.32499998807907104,0.32499998807907104,36160
2010-12-02,0.32499998807907104,0.375,0.2750000059604645,0.375,0.375,10280
2010-12-03,0.2750000059604645,0.3499999940395355,0.2750000059604645,0.32499998807907104,0.32499998807907104,9160
2010-12-06,0.32499998807907104,0.32499998807907104,0.32499998807907104,0.32499998807907104,0.32499998807907104,0
2010-12-07,0.32499998807907104,0.32499998807907104,0.25,0.32499998807907104,0.32499998807907104,4720
2010-12-08,0.25,0.32499998807907104,0.25,0.30000001192092896,0.30000001192092896,15480
2010-12-09,0.30000001192092896,0.30000001192092896,0.25,0.2750000059604645,0.2750000059604645,31360
2010-12-10,0.30000001192092896,0.32499998807907104,0.2750000059604645,0.32499998807907104,0.32499998807907104,62920
2010-12-13,0.3499999940395355,0.3499999940395355,0.2750000059604645,0.32499998807907104,0.32499998807907104,29720
2010-12-14,0.32499998807907104,0.32499998807907104,0.32499998807907104,0.32499998807907104,0.32499998807907104,17080
2010-12-15,0.32499998807907104,0.32499998807907104,0.2750000059604645,0.32499998807907104,0.32499998807907104,12880
2010-12-16,0.32499998807907104,0.32499998807907104,0.2750000059604645,0.30000001192092896,0.30000001192092896,3680
2010-12-17,0.30000001192092896,0.30000001192092896,0.25,0.30000001192092896,0.30000001192092896,14200
2010-12-20,0.30000001192092896,0.32499998807907104,0.25,0.32499998807907104,0.32499998807907104,24480
2010-12-21,0.25,0.32499998807907104,0.25,0.32499998807907104,0.32499998807907104,3920
2010-12-22,0.30000001192092896,0.30000001192092896,0.25,0.30000001192092896,0.30000001192092896,14480
2010-12-23,0.2750000059604645,0.32499998807907104,0.2750000059604645,0.2750000059604645,0.2750000059604645,15280
2010-12-27,0.32499998807907104,0.32499998807907104,0.25,0.32499998807907104,0.32499998807907104,22600
2010-12-28,0.32499998807907104,0.32499998807907104,0.25,0.32499998807907104,0.32499998807907104,3240
2010-12-29,0.22499999403953552,0.32499998807907104,0.22499999403953552,0.2750000059604645,0.2750000059604645,13760
2010-12-30,0.2750000059604645,0.30000001192092896,0.22499999403953552,0.2750000059604645,0.2750000059604645,17280
2010-12-31,0.25,0.30000001192092896,0.25,0.30000001192092896,0.30000001192092896,26880
2011-01-03,0.30000001192092896,0.30000001192092896,0.22499999403953552,0.25,0.25,17960
2011-01-04,0.25,0.25,0.22499999403953552,0.25,0.25,3840
2011-01-05,0.25,0.30000001192092896,0.22499999403953552,0.30000001192092896,0.30000001192092896,7480
2011-01-06,0.25,0.2750000059604645,0.25,0.2750000059604645,0.2750000059604645,17240
2011-01-07,0.2750000059604645,0.2750000059604645,0.22499999403953552,0.2750000059604645,0.2750000059604645,9600
2011-01-10,0.2750000059604645,0.2750000059604645,0.25,0.25,0.25,1800
2011-01-11,0.25,0.25,0.25,0.25,0.25,6200
2011-01-12,0.25,0.25,0.22499999403953552,0.25,0.25,21440
2011-01-13,0.2750000059604645,0.30000001192092896,0.2750000059604645,0.2750000059604645,0.2750000059604645,84920
2011-01-14,0.32499998807907104,0.32499998807907104,0.25,0.25,0.25,18560
2011-01-18,0.25,0.25,0.25,0.25,0.25,16600
2011-01-19,0.25,0.4749999940395355,0.25,0.4000000059604645,0.4000000059604645,243080
2011-01-20,0.4000000059604645,0.4000000059604645,0.30000001192092896,0.30000001192092896,0.30000001192092896,84200
2011-01-21,0.30000001192092896,0.32499998807907104,0.30000001192092896,0.32499998807907104,0.32499998807907104,33400
2011-01-24,0.32499998807907104,0.32499998807907104,0.30000001192092896,0.30000001192092896,0.30000001192092896,13600
2011-01-25,0.30000001192092896,0.30000001192092896,0.25,0.2750000059604645,0.2750000059604645,29040
2011-01-26,0.2750000059604645,0.30000001192092896,0.25,0.30000001192092896,0.30000001192092896,13960
2011-01-27,0.2750000059604645,0.2750000059604645,0.2750000059604645,0.2750000059604645,0.2750000059604645,960
2011-01-28,0.30000001192092896,0.30000001192092896,0.2750000059604645,0.2750000059604645,0.2750000059604645,5400
2011-01-31,0.2750000059604645,0.30000001192092896,0.2750000059604645,0.2750000059604645,0.2750000059604645,12680
2011-02-01,0.30000001192092896,0.30000001192092896,0.30000001192092896,0.30000001192092896,0.30000001192092896,200
2011-02-02,0.2750000059604645,0.2750000059604645,0.2750000059604645,0.2750000059604645,0.2750000059604645,4600
2011-02-03,0.2750000059604645,0.2750000059604645,0.2750000059604645,0.2750000059604645,0.2750000059604645,4000
2011-02-04,0.2750000059604645,0.30000001192092896,0.2750000059604645,0.30000001192092896,0.30000001192092896,8840
2011-02-07,0.30000001192092896,0.32499998807907104,0.2750000059604645,0.32499998807907104,0.32499998807907104,8720
2011-02-08,0.32499998807907104,0.32499998807907104,0.32499998807907104,0.32499998807907104,0.32499998807907104,0
2011-02-09,0.3499999940395355,0.3499999940395355,0.2750000059604645,0.30000001192092896,0.30000001192092896,12920
2011-02-10,0.30000001192092896,0.30000001192092896,0.2750000059604645,0.2750000059604645,0.2750000059604645,4680
2011-02-11,0.30000001192092896,0.30000001192092896,0.30000001192092896,0.30000001192092896,0.30000001192092896,16880
2011-02-14,0.2750000059604645,0.32499998807907104,0.2750000059604645,0.32499998807907104,0.32499998807907104,28160
2011-02-15,0.32499998807907104,0.375,0.32499998807907104,0.375,0.375,133920
2011-02-16,0.375,0.375,0.375,0.375,0.375,31000
2011-02-17,0.375,0.375,0.3499999940395355,0.3499999940395355,0.3499999940395355,68560
2011-02-18,0.375,0.375,0.32499998807907104,0.375,0.375,3040
2011-02-22,0.375,0.375,0.32499998807907104,0.3499999940395355,0.3499999940395355,4440
2011-02-23,0.32499998807907104,0.3499999940395355,0.2750000059604645,0.3499999940395355,0.3499999940395355,25520
2011-02-24,0.3499999940395355,0.3499999940395355,0.3499999940395355,0.3499999940395355,0.3499999940395355,80
2011-02-25,0.3499999940395355,0.375,0.30000001192092896,0.375,0.375,32320
2011-02-28,0.375,0.375,0.375,0.375,0.375,0
2011-03-01,0.3499999940395355,0.3499999940395355,0.30000001192092896,0.3499999940395355,0.3499999940395355,7320
2011-03-02,0.3499999940395355,0.3499999940395355,0.30000001192092896,0.30000001192092896,0.30000001192092896,13120
2011-03-03,0.30000001192092896,0.3499999940395355,0.30000001192092896,0.30000001192092896,0.30000001192092896,21800
2011-03-04,0.30000001192092896,0.30000001192092896,0.30000001192092896,0.30000001192092896,0.30000001192092896,0
2011-03-07,0.30000001192092896,0.32499998807907104,0.30000001192092896,0.32499998807907104,0.32499998807907104,2200
2011-03-08,0.32499998807907104,0.32499998807907104,0.30000001192092896,0.32499998807907104,0.32499998807907104,7720
2011-03-09,0.32499998807907104,0.32499998807907104,0.30000001192092896,0.32499998807907104,0.32499998807907104,18400
2011-03-10,0.32499998807907104,0.32499998807907104,0.30000001192092896,0.30000001192092896,0.30000001192092896,14480
2011-03-11,0.32499998807907104,0.32499998807907104,0.30000001192092896,0.30000001192092896,0.30000001192092896,2560
2011-03-14,0.32499998807907104,0.32499998807907104,0.30000001192092896,0.32499998807907104,0.32499998807907104,3120
2011-03-15,0.30000001192092896,0.30000001192092896,0.30000001192092896,0.30000001192092896,0.30000001192092896,2000
2011-03-16,0.2750000059604645,0.32499998807907104,0.2750000059604645,0.30000001192092896,0.30000001192092896,24240
2011-03-17,0.2750000059604645,0.30000001192092896,0.25,0.2750000059604645,0.2750000059604645,16360
2011-03-18,0.2750000059604645,0.2750000059604645,0.25,0.25,0.25,23800
2011-03-21,0.2750000059604645,0.30000001192092896,0.2750000059604645,0.2750000059604645,0.2750000059604645,15000
2011-03-22,0.25,0.25,0.25,0.25,0.25,2120
2011-03-23,0.30000001192092896,0.30000001192092896,0.30000001192092896,0.30000001192092896,0.30000001192092896,4960
2011-03-24,0.30000001192092896,0.30000001192092896,0.30000001192092896,0.30000001192092896,0.30000001192092896,0
2011-03-25,0.30000001192092896,0.30000001192092896,0.30000001192092896,0.30000001192092896,0.30000001192092896,800
2011-03-28,0.2750000059604645,0.2750000059604645,0.25,0.2750000059604645,0.2750000059604645,19080
2011-03-29,0.25,0.2750000059604645,0.22499999403953552,0.2750000059604645,0.2750000059604645,9880
2011-03-30,0.25,0.2750000059604645,0.25,0.2750000059604645,0.2750000059604645,27720
2011-03-31,0.2750000059604645,0.2750000059604645,0.25,0.25,0.25,12800
2011-04-01,0.25,0.2750000059604645,0.22499999403953552,0.2750000059604645,0.2750000059604645,19760
2011-04-04,0.22499999403953552,0.2750000059604645,0.22499999403953552,0.22499999403953552,0.22499999403953552,69440
2011-04-05,0.25,0.25,0.22499999403953552,0.22499999403953552,0.22499999403953552,25520
2011-04-06,0.25,0.25,0.20000000298023224,0.22499999403953552,0.22499999403953552,24920
2011-04-07,0.22499999403953552,0.25,0.17499999701976776,0.25,0.25,23080
2011-04-08,0.20000000298023224,0.20000000298023224,0.20000000298023224,0.20000000298023224,0.20000000298023224,24080
2011-04-11,0.20000000298023224,0.25,0.20000000298023224,0.20000000298023224,0.20000000298023224,52520
2011-04-12,0.25,0.25,0.20000000298023224,0.22499999403953552,0.22499999403953552,30240
2011-04-13,0.20000000298023224,0.22499999403953552,0.20000000298023224,0.22499999403953552,0.22499999403953552,38600
2011-04-14,0.20000000298023224,0.25,0.20000000298023224,0.25,0.25,32240
2011-04-15,0.20000000298023224,0.20000000298023224,0.20000000298023224,0.20000000298023224,0.20000000298023224,10200
2011-04-18,0.20000000298023224,0.20000000298023224,0.20000000298023224,0.20000000298023224,0.20000000298023224,0
2011-04-19,0.17499999701976776,0.22499999403953552,0.17499999701976776,0.22499999403953552,0.22499999403953552,32840
2011-04-20,0.22499999403953552,0.22499999403953552,0.20000000298023224,0.20000000298023224,0.20000000298023224,6000
2011-04-21,0.22499999403953552,0.25,0.20000000298023224,0.25,0.25,29520
2011-04-25,0.25,0.25,0.22499999403953552,0.25,0.25,27960
2011-04-26,0.25,0.2750000059604645,0.25,0.25,0.25,25120
2011-04-27,0.2750000059604645,0.2750000059604645,0.2750000059604645,0.2750000059604645,0.2750000059604645,23160
2011-04-28,0.2750000059604645,0.30000001192092896,0.2750000059604645,0.30000001192092896,0.30000001192092896,20920
2011-04-29,0.2750000059604645,0.30000001192092896,0.2750000059604645,0.30000001192092896,0.30000001192092896,20800
2011-05-02,0.2750000059604645,0.30000001192092896,0.2750000059604645,0.30000001192092896,0.30000001192092896,2000
2011-05-03,0.30000001192092896,0.30000001192092896,0.2750000059604645,0.2750000059604645,0.2750000059604645,7280
2011-05-04,0.2750000059604645,0.2750000059604645,0.2750000059604645,0.2750000059604645,0.2750000059604645,2000
2011-05-05,0.30000001192092896,0.30000001192092896,0.2750000059604645,0.30000001192092896,0.30000001192092896,3440
2011-05-06,0.30000001192092896,0.30000001192092896,0.2750000059604645,0.30000001192092896,0.30000001192092896,6000
2011-05-09,0.30000001192092896,0.30000001192092896,0.30000001192092896,0.30000001192092896,0.30000001192092896,0
2011-05-10,0.30000001192092896,0.30000001192092896,0.2750000059604645,0.30000001192092896,0.30000001192092896,65600
2011-05-11,0.30000001192092896,0.30000001192092896,0.30000001192092896,0.30000001192092896,0.30000001192092896,8160
2011-05-12,0.30000001192092896,0.30000001192092896,0.2750000059604645,0.2750000059604645,0.2750000059604645,17440
2011-05-13,0.2750000059604645,0.32499998807907104,0.2750000059604645,0.2750000059604645,0.2750000059604645,5920
2011-05-16,0.2750000059604645,0.30000001192092896,0.2750000059604645,0.30000001192092896,0.30000001192092896,4400
2011-05-17,0.2750000059604645,0.30000001192092896,0.2750000059604645,0.2750000059604645,0.2750000059604645,31320
2011-05-18,0.2750000059604645,0.2750000059604645,0.25,0.2750000059604645,0.2750000059604645,20440
2011-05-19,0.2750000059604645,0.2750000059604645,0.25,0.25,0.25,11600
2011-05-20,0.25,0.2750000059604645,0.25,0.25,0.25,8920
2011-05-23,0.25,0.25,0.22499999403953552,0.25,0.25,11680
2011-05-24,0.25,0.2750000059604645,0.22499999403953552,0.25,0.25,90400
2011-05-25,0.25,0.25,0.22499999403953552,0.22499999403953552,0.22499999403953552,6000
2011-05-26,0.25,0.25,0.20000000298023224,0.22499999403953552,0.22499999403953552,107600
2011-05-27,0.22499999403953552,0.22499999403953552,0.20000000298023224,0.22499999403953552,0.22499999403953552,57440
2011-05-31,0.22499999403953552,0.22499999403953552,0.20000000298023224,0.22499999403953552,0.22499999403953552,22760
2011-06-01,0.20000000298023224,0.22499999403953552,0.20000000298023224,0.22499999403953552,0.22499999403953552,55040
2011-06-02,0.20000000298023224,0.22499999403953552,0.20000000298023224,0.20000000298023224,0.20000000298023224,77040
2011-06-03,0.20000000298023224,0.20000000298023224,0.20000000298023224,0.20000000298023224,0.20000000298023224,12040
2011-06-06,0.20000000298023224,0.20000000298023224,0.20000000298023224,0.20000000298023224,0.20000000298023224,19000
2011-06-07,0.20000000298023224,0.20000000298023224,0.20000000298023224,0.20000000298023224,0.20000000298023224,5560
2011-06-08,0.20000000298023224,0.22499999403953552,0.20000000298023224,0.22499999403953552,0.22499999403953552,27920
2011-06-09,0.22499999403953552,0.22499999403953552,0.22499999403953552,0.22499999403953552,0.22499999403953552,4120
2011-06-10,0.22499999403953552,0.22499999403953552,0.22499999403953552,0.22499999403953552,0.22499999403953552,16760
2011-06-13,0.22499999403953552,0.22499999403953552,0.20000000298023224,0.22499999403953552,0.22499999403953552,24640
2011-06-14,0.22499999403953552,0.2750000059604645,0.22499999403953552,0.22499999403953552,0.22499999403953552,56280
2011-06-15,0.25,0.2750000059604645,0.25,0.2750000059604645,0.2750000059604645,17280
2011-06-16,0.25,0.2750000059604645,0.25,0.2750000059604645,0.2750000059604645,31520
2011-06-17,0.25,0.25,0.25,0.25,0.25,45720
2011-06-20,0.25,0.2750000059604645,0.25,0.2750000059604645,0.2750000059604645,18760
2011-06-21,0.25,0.25,0.22499999403953552,0.25,0.25,13240
2011-06-22,0.25,0.30000001192092896,0.25,0.30000001192092896,0.30000001192092896,43080
2011-06-23,0.30000001192092896,0.30000001192092896,0.2750000059604645,0.2750000059604645,0.2750000059604645,26800
2011-06-24,0.30000001192092896,0.30000001192092896,0.30000001192092896,0.30000001192092896,0.30000001192092896,7400
2011-06-27,0.2750000059604645,0.2750000059604645,0.2750000059604645,0.2750000059604645,0.2750000059604645,8880
2011-06-28,0.25,0.2750000059604645,0.25,0.2750000059604645,0.2750000059604645,8520
2011-06-29,0.2750000059604645,0.2750000059604645,0.2750000059604645,0.2750000059604645,0.2750000059604645,0
2011-06-30,0.2750000059604645,0.2750000059604645,0.25,0.25,0.25,20800
2011-07-01,0.2750000059604645,0.2750000059604645,0.2750000059604645,0.2750000059604645,0.2750000059604645,1480
2011-07-05,0.2750000059604645,0.30000001192092896,0.25,0.30000001192092896,0.30000001192092896,56960
2011-07-06,0.30000001192092896,0.30000001192092896,0.2750000059604645,0.30000001192092896,0.30000001192092896,51280
2011-07-07,0.2750000059604645,0.30000001192092896,0.2750000059604645,0.30000001192092896,0.30000001192092896,3640
2011-07-08,0.30000001192092896,0.30000001192092896,0.2750000059604645,0.30000001192092896,0.30000001192092896,8200
2011-07-11,0.30000001192092896,0.30000001192092896,0.25,0.25,0.25,33080
2011-07-12,0.25,0.2750000059604645,0.22499999403953552,0.2750000059604645,0.2750000059604645,13560
2011-07-13,0.25,0.25,0.22499999403953552,0.25,0.25,11160
2011-07-14,0.22499999403953552,0.25,0.22499999403953552,0.25,0.25,12200
2011-07-15,0.25,0.25,0.22499999403953552,0.25,0.25,43080
2011-07-18,0.25,0.25,0.25,0.25,0.25,7040
2011-07-19,0.25,0.25,0.25,0.25,0.25,4400
2011-07-20,0.25,0.2750000059604645,0.25,0.25,0.25,108400
2011-07-21,0.25,0.25,0.25,0.25,0.25,30360
2011-07-22,0.25,0.2750000059604645,0.25,0.25,0.25,28480
2011-07-25,0.25,0.2750000059604645,0.25,0.2750000059604645,0.2750000059604645,1400
2011-07-26,0.25,0.25,0.25,0.25,0.25,11720
2011-07-27,0.25,0.25,0.25,0.25,0.25,9320
2011-07-28,0.25,0.25,0.20000000298023224,0.25,0.25,64480
2011-07-29,0.22499999403953552,0.25,0.22499999403953552,0.25,0.25,10160
2011-08-01,0.20000000298023224,0.25,0.20000000298023224,0.25,0.25,3640
2011-08-02,0.25,0.2750000059604645,0.22499999403953552,0.25,0.25,6280
2011-08-03,0.25,0.25,0.25,0.25,0.25,0
2011-08-04,0.22499999403953552,0.25,0.22499999403953552,0.25,0.25,7200
2011-08-05,0.25,0.25,0.25,0.25,0.25,280
2011-08-08,0.25,0.25,0.20000000298023224,0.25,0.25,22080
2011-08-09,0.25,0.25,0.25,0.25,0.25,1720
2011-08-10,0.25,0.25,0.22499999403953552,0.25,0.25,30960
2011-08-11,0.25,0.25,0.22499999403953552,0.22499999403953552,0.22499999403953552,7160
2011-08-12,0.25,0.25,0.22499999403953552,0.25,0.25,5040
2011-08-15,0.22499999403953552,0.25,0.22499999403953552,0.25,0.25,29680
2011-08-16,0.2750000059604645,0.2750000059604645,0.25,0.2750000059604645,0.2750000059604645,70840
2011-08-17,0.2750000059604645,0.2750000059604645,0.25,0.2750000059604645,0.2750000059604645,20120
2011-08-18,0.25,0.2750000059604645,0.25,0.25,0.25,37920
2011-08-19,0.25,0.25,0.25,0.25,0.25,7920
2011-08-22,0.2750000059604645,0.2750000059604645,0.2750000059604645,0.2750000059604645,0.2750000059604645,3600
2011-08-23,0.2750000059604645,0.30000001192092896,0.2750000059604645,0.2750000059604645,0.2750000059604645,43120
2011-08-24,0.30000001192092896,0.30000001192092896,0.2750000059604645,0.30000001192092896,0.30000001192092896,98000
2011-08-25,0.30000001192092896,0.30000001192092896,0.2750000059604645,0.2750000059604645,0.2750000059604645,66600
2011-08-26,0.2750000059604645,0.30000001192092896,0.2750000059604645,0.30000001192092896,0.30000001192092896,39000
2011-08-29,0.2750000059604645,0.2750000059604645,0.2750000059604645,0.2750000059604645,0.2750000059604645,3200
2011-08-30,0.2750000059604645,0.2750000059604645,0.2750000059604645,0.2750000059604645,0.2750000059604645,3880
2011-08-31,0.30000001192092896,0.30000001192092896,0.2750000059604645,0.2750000059604645,0.2750000059604645,10520
2011-09-01,0.2750000059604645,0.2750000059604645,0.25,0.25,0.25,2960
2011-09-02,0.2750000059604645,0.30000001192092896,0.2750000059604645,0.2750000059604645,0.2750000059604645,8480
2011-09-06,0.2750000059604645,0.30000001192092896,0.25,0.30000001192092896,0.30000001192092896,26720
2011-09-07,0.30000001192092896,0.3499999940395355,0.30000001192092896,0.3499999940395355,0.3499999940395355,40320
2011-09-08,0.3499999940395355,0.375,0.30000001192092896,0.3499999940395355,0.3499999940395355,59720
2011-09-09,0.3499999940395355,0.3499999940395355,0.32499998807907104,0.32499998807907104,0.32499998807907104,21280
2011-09-12,0.3499999940395355,0.375,0.3499999940395355,0.375,0.375,62800
2011-09-13,0.375,0.4000000059604645,0.375,0.4000000059604645,0.4000000059604645,36480
2011-09-14,0.4000000059604645,0.4000000059604645,0.3499999940395355,0.4000000059604645,0.4000000059604645,20640
2011-09-15,0.4000000059604645,0.4000000059604645,0.375,0.4000000059604645,0.4000000059604645,18560
2011-09-16,0.4000000059604645,0.4000000059604645,0.3499999940395355,0.375,0.375,20360
2011-09-19,0.375,0.375,0.3499999940395355,0.375,0.375,19720
2011-09-20,0.4000000059604645,0.4000000059604645,0.32499998807907104,0.3499999940395355,0.3499999940395355,64600
2011-09-21,0.32499998807907104,0.32499998807907104,0.25,0.2750000059604645,0.2750000059604645,89560
2011-09-22,0.30000001192092896,0.32499998807907104,0.30000001192092896,0.32499998807907104,0.32499998807907104,33640
2011-09-23,0.30000001192092896,0.32499998807907104,0.30000001192092896,0.32499998807907104,0.32499998807907104,6000
2011-09-26,0.30000001192092896,0.32499998807907104,0.30000001192092896,0.30000001192092896,0.30000001192092896,5400
2011-09-27,0.30000001192092896,0.30000001192092896,0.2750000059604645,0.30000001192092896,0.30000001192092896,16720
2011-09-28,0.30000001192092896,0.32499998807907104,0.2750000059604645,0.32499998807907104,0.32499998807907104,40480
2011-09-29,0.2750000059604645,0.30000001192092896,0.2750000059604645,0.30000001192092896,0.30000001192092896,2600
2011-09-30,0.2750000059604645,0.2750000059604645,0.2750000059604645,0.2750000059604645,0.2750000059604645,10600
2011-10-03,0.30000001192092896,0.30000001192092896,0.22499999403953552,0.25,0.25,45640
2011-10-04,0.25,0.30000001192092896,0.25,0.25,0.25,22600
2011-10-05,0.25,0.2750000059604645,0.25,0.2750000059604645,0.2750000059604645,2200
2011-10-06,0.2750000059604645,0.30000001192092896,0.2750000059604645,0.30000001192092896,0.30000001192092896,6840
2011-10-07,0.2750000059604645,0.2750000059604645,0.2750000059604645,0.2750000059604645,0.2750000059604645,6000
2011-10-10,0.30000001192092896,0.30000001192092896,0.25,0.25,0.25,4440
2011-10-11,0.25,0.2750000059604645,0.25,0.2750000059604645,0.2750000059604645,13840
2011-10-12,0.25,0.30000001192092896,0.25,0.30000001192092896,0.30000001192092896,10440
2011-10-13,0.25,0.30000001192092896,0.25,0.30000001192092896,0.30000001192092896,2520
2011-10-14,0.2750000059604645,0.30000001192092896,0.2750000059604645,0.30000001192092896,0.30000001192092896,7480
2011-10-17,0.2750000059604645,0.2750000059604645,0.2750000059604645,0.2750000059604645,0.2750000059604645,2680
2011-10-18,0.2750000059604645,0.2750000059604645,0.25,0.25,0.25,79400
2011-10-19,0.22499999403953552,0.25,0.22499999403953552,0.25,0.25,20200
2011-10-20,0.25,0.2750000059604645,0.22499999403953552,0.22499999403953552,0.22499999403953552,64640
2011-10-21,0.22499999403953552,0.22499999403953552,0.22499999403953552,0.22499999403953552,0.22499999403953552,0
2011-10-24,0.25,0.25,0.22499999403953552,0.22499999403953552,0.22499999403953552,51120
2011-10-25,0.22499999403953552,0.2750000059604645,0.22499999403953552,0.22499999403953552,0.22499999403953552,8720
2011-10-26,0.2750000059604645,0.2750000059604645,0.25,0.25,0.25,7760
2011-10-27,0.25,0.25,0.22499999403953552,0.25,0.25,17600
2011-10-28,0.25,0.25,0.25,0.25,0.25,24800
2011-10-31,0.22499999403953552,0.22499999403953552,0.22499999403953552,0.22499999403953552,0.22499999403953552,51880
2011-11-01,0.22499999403953552,0.25,0.22499999403953552,0.25,0.25,6240
2011-11-02,0.22499999403953552,0.2750000059604645,0.22499999403953552,0.2750000059604645,0.2750000059604645,16840
2011-11-03,0.2750000059604645,0.2750000059604645,0.2750000059604645,0.2750000059604645,0.2750000059604645,2000
2011-11-04,0.22499999403953552,0.25,0.22499999403953552,0.25,0.25,2440
2011-11-07,0.22499999403953552,0.25,0.22499999403953552,0.25,0.25,4160
2011-11-08,0.25,0.25,0.22499999403953552,0.22499999403953552,0.22499999403953552,3800
2011-11-09,0.22499999403953552,0.25,0.22499999403953552,0.25,0.25,3000
2011-11-10,0.22499999403953552,0.25,0.22499999403953552,0.25,0.25,2200
2011-11-11,0.25,0.25,0.22499999403953552,0.25,0.25,5280
2011-11-14,0.25,0.25,0.22499999403953552,0.25,0.25,17160
2011-11-15,0.25,0.25,0.22499999403953552,0.25,0.25,10400
2011-11-16,0.25,0.25,0.25,0.25,0.25,7280
2011-11-17,0.25,0.25,0.25,0.25,0.25,10080
2011-11-18,0.25,0.25,0.22499999403953552,0.22499999403953552,0.22499999403953552,19440
2011-11-21,0.25,0.25,0.25,0.25,0.25,10000
2011-11-22,0.22499999403953552,0.22499999403953552,0.22499999403953552,0.22499999403953552,0.22499999403953552,2000
2011-11-23,0.22499999403953552,0.22499999403953552,0.22499999403953552,0.22499999403953552,0.22499999403953552,6400
2011-11-25,0.22499999403953552,0.25,0.22499999403953552,0.25,0.25,3800
2011-11-28,0.25,0.25,0.25,0.25,0.25,17600
2011-11-29,0.25,0.25,0.25,0.25,0.25,16920
2011-11-30,0.22499999403953552,0.22499999403953552,0.22499999403953552,0.22499999403953552,0.22499999403953552,14960
2011-12-01,0.22499999403953552,0.25,0.22499999403953552,0.25,0.25,4760
2011-12-02,0.22499999403953552,0.25,0.22499999403953552,0.22499999403953552,0.22499999403953552,7400
2011-12-05,0.22499999403953552,0.25,0.22499999403953552,0.22499999403953552,0.22499999403953552,9680
2011-12-06,0.22499999403953552,0.22499999403953552,0.20000000298023224,0.20000000298023224,0.20000000298023224,136520
2011-12-07,0.20000000298023224,0.22499999403953552,0.20000000298023224,0.22499999403953552,0.22499999403953552,41680
2011-12-08,0.22499999403953552,0.22499999403953552,0.20000000298023224,0.22499999403953552,0.22499999403953552,29640
2011-12-09,0.20000000298023224,0.22499999403953552,0.20000000298023224,0.22499999403953552,0.22499999403953552,4400
2011-12-12,0.22499999403953552,0.22499999403953552,0.20000000298023224,0.20000000298023224,0.20000000298023224,30400
2011-12-13,0.20000000298023224,0.20000000298023224,0.17499999701976776,0.17499999701976776,0.17499999701976776,63560
2011-12-14,0.20000000298023224,0.20000000298023224,0.20000000298023224,0.20000000298023224,0.20000000298023224,4160
2011-12-15,0.20000000298023224,0.22499999403953552,0.17499999701976776,0.20000000298023224,0.20000000298023224,56240
2011-12-16,0.22499999403953552,0.22499999403953552,0.22499999403953552,0.22499999403953552,0.22499999403953552,280
2011-12-19,0.17499999701976776,0.22499999403953552,0.17499999701976776,0.20000000298023224,0.20000000298023224,17240
2011-12-20,0.22499999403953552,0.22499999403953552,0.20000000298023224,0.20000000298023224,0.20000000298023224,16360
2011-12-21,0.20000000298023224,0.20000000298023224,0.17499999701976776,0.20000000298023224,0.20000000298023224,38160
2011-12-22,0.17499999701976776,0.17499999701976776,0.17499999701976776,0.17499999701976776,0.17499999701976776,8000
2011-12-23,0.20000000298023224,0.20000000298023224,0.20000000298023224,0.20000000298023224,0.20000000298023224,4000
2011-12-27,0.20000000298023224,0.20000000298023224,0.20000000298023224,0.20000000298023224,0.20000000298023224,6000
2011-12-28,0.20000000298023224,0.20000000298023224,0.20000000298023224,0.20000000298023224,0.20000000298023224,21600
2011-12-29,0.20000000298023224,0.20000000298023224,0.20000000298023224,0.20000000298023224,0.20000000298023224,6360
2011-12-30,0.20000000298023224,0.20000000298023224,0.20000000298023224,0.20000000298023224,0.20000000298023224,41640
2012-01-03,0.20000000298023224,0.20000000298023224,0.20000000298023224,0.20000000298023224,0.20000000298023224,2880
2012-01-04,0.20000000298023224,0.20000000298023224,0.20000000298023224,0.20000000298023224,0.20000000298023224,4200
2012-01-05,0.20000000298023224,0.20000000298023224,0.20000000298023224,0.20000000298023224,0.20000000298023224,29960
2012-01-06,0.20000000298023224,0.20000000298023224,0.20000000298023224,0.20000000298023224,0.20000000298023224,1760
2012-01-09,0.20000000298023224,0.20000000298023224,0.20000000298023224,0.20000000298023224,0.20000000298023224,38240
2012-01-10,0.20000000298023224,0.20000000298023224,0.20000000298023224,0.20000000298023224,0.20000000298023224,20800
2012-01-11,0.20000000298023224,0.20000000298023224,0.20000000298023224,0.20000000298023224,0.20000000298023224,2520
2012-01-12,0.20000000298023224,0.22499999403953552,0.20000000298023224,0.22499999403953552,0.22499999403953552,22400
2012-01-13,0.22499999403953552,0.22499999403953552,0.20000000298023224,0.22499999403953552,0.22499999403953552,61440
2012-01-17,0.20000000298023224,0.20000000298023224,0.15000000596046448,0.15000000596046448,0.15000000596046448,125120
2012-01-18,0.15000000596046448,0.20000000298023224,0.15000000596046448,0.20000000298023224,0.20000000298023224,103400
2012-01-19,0.17499999701976776,0.20000000298023224,0.17499999701976776,0.20000000298023224,0.20000000298023224,21800
2012-01-20,0.20000000298023224,0.20000000298023224,0.20000000298023224,0.20000000298023224,0.20000000298023224,0
2012-01-23,0.20000000298023224,0.20000000298023224,0.20000000298023224,0.20000000298023224,0.20000000298023224,6200
2012-01-24,0.20000000298023224,0.20000000298023224,0.17499999701976776,0.17499999701976776,0.17499999701976776,4400
2012-01-25,0.17499999701976776,0.20000000298023224,0.17499999701976776,0.20000000298023224,0.20000000298023224,7000
2012-01-26,0.20000000298023224,0.20000000298023224,0.17499999701976776,0.17499999701976776,0.17499999701976776,11480
2012-01-27,0.17499999701976776,0.20000000298023224,0.17499999701976776,0.20000000298023224,0.20000000298023224,10320
2012-01-30,0.20000000298023224,0.20000000298023224,0.20000000298023224,0.20000000298023224,0.20000000298023224,600
2012-01-31,0.20000000298023224,0.25,0.20000000298023224,0.25,0.25,85600
2012-02-01,0.22499999403953552,0.25,0.22499999403953552,0.25,0.25,34800
2012-02-02,0.25,0.25,0.22499999403953552,0.22499999403953552,0.22499999403953552,12000
2012-02-03,0.22499999403953552,0.22499999403953552,0.22499999403953552,0.22499999403953552,0.22499999403953552,8120
2012-02-06,0.22499999403953552,0.25,0.22499999403953552,0.25,0.25,29120
2012-02-07,0.25,0.25,0.25,0.25,0.25,10480
2012-02-08,0.25,0.25,0.22499999403953552,0.25,0.25,14400
2012-02-09,0.25,0.25,0.25,0.25,0.25,2440
2012-02-10,0.25,0.25,0.22499999403953552,0.25,0.25,14440
2012-02-13,0.25,0.25,0.22499999403953552,0.22499999403953552,0.22499999403953552,20800
2012-02-14,0.25,0.25,0.22499999403953552,0.25,0.25,16120
2012-02-15,0.25,0.25,0.20000000298023224,0.20000000298023224,0.20000000298023224,40840
2012-02-16,0.20000000298023224,0.22499999403953552,0.20000000298023224,0.22499999403953552,0.22499999403953552,29040
2012-02-17,0.20000000298023224,0.22499999403953552,0.20000000298023224,0.22499999403953552,0.22499999403953552,29000
2012-02-21,0.22499999403953552,0.22499999403953552,0.20000000298023224,0.22499999403953552,0.22499999403953552,8400
2012-02-22,0.22499999403953552,0.22499999403953552,0.20000000298023224,0.22499999403953552,0.22499999403953552,5440
2012-02-23,0.22499999403953552,0.22499999403953552,0.20000000298023224,0.20000000298023224,0.20000000298023224,20800
2012-02-24,0.22499999403953552,0.22499999403953552,0.22499999403953552,0.22499999403953552,0.22499999403953552,10240
2012-02-27,0.22499999403953552,0.22499999403953552,0.22499999403953552,0.22499999403953552,0.22499999403953552,8080
2012-02-28,0.20000000298023224,0.22499999403953552,0.20000000298023224,0.22499999403953552,0.22499999403953552,14400
2012-02-29,0.22499999403953552,0.22499999403953552,0.20000000298023224,0.20000000298023224,0.20000000298023224,8200
2012-03-01,0.20000000298023224,0.22499999403953552,0.20000000298023224,0.22499999403953552,0.22499999403953552,13280
2012-03-02,0.22499999403953552,0.22499999403953552,0.22499999403953552,0.22499999403953552,0.22499999403953552,2000
2012-03-05,0.20000000298023224,0.22499999403953552,0.20000000298023224,0.22499999403953552,0.22499999403953552,14240
2012-03-06,0.20000000298023224,0.22499999403953552,0.20000000298023224,0.20000000298023224,0.20000000298023224,5600
2012-03-07,0.20000000298023224,0.22499999403953552,0.20000000298023224,0.22499999403953552,0.22499999403953552,22200
2012-03-08,0.22499999403953552,0.22499999403953552,0.22499999403953552,0.22499999403953552,0.22499999403953552,20600
2012-03-09,0.22499999403953552,0.22499999403953552,0.22499999403953552,0.22499999403953552,0.22499999403953552,19120
2012-03-12,0.22499999403953552,0.22499999403953552,0.20000000298023224,0.22499999403953552,0.22499999403953552,21000
2012-03-13,0.22499999403953552,0.22499999403953552,0.20000000298023224,0.20000000298023224,0.20000000298023224,32520
2012-03-14,0.20000000298023224,0.20000000298023224,0.20000000298023224,0.20000000298023224,0.20000000298023224,8200
2012-03-15,0.20000000298023224,0.20000000298023224,0.20000000298023224,0.20000000298023224,0.20000000298023224,4000
2012-03-16,0.20000000298023224,0.20000000298023224,0.20000000298023224,0.20000000298023224,0.20000000298023224,14800
2012-03-19,0.20000000298023224,0.20000000298023224,0.17499999701976776,0.17499999701976776,0.17499999701976776,11000
2012-03-20,0.20000000298023224,0.20000000298023224,0.17499999701976776,0.17499999701976776,0.17499999701976776,24200
2012-03-21,0.20000000298023224,0.22499999403953552,0.20000000298023224,0.22499999403953552,0.22499999403953552,15040
2012-03-22,0.22499999403953552,0.22499999403953552,0.20000000298023224,0.22499999403953552,0.22499999403953552,12520
2012-03-23,0.20000000298023224,0.22499999403953552,0.20000000298023224,0.22499999403953552,0.22499999403953552,19440
2012-03-26,0.22499999403953552,0.22499999403953552,0.22499999403953552,0.22499999403953552,0.22499999403953552,5600
2012-03-27,0.22499999403953552,0.22499999403953552,0.22499999403953552,0.22499999403953552,0.22499999403953552,7600
2012-03-28,0.22499999403953552,0.25,0.22499999403953552,0.25,0.25,12640
2012-03-29,0.22499999403953552,0.22499999403953552,0.22499999403953552,0.22499999403953552,0.22499999403953552,35200
2012-03-30,0.22499999403953552,0.22499999403953552,0.20000000298023224,0.22499999403953552,0.22499999403953552,19720
2012-04-02,0.22499999403953552,0.22499999403953552,0.20000000298023224,0.22499999403953552,0.22499999403953552,17120
2012-04-03,0.20000000298023224,0.22499999403953552,0.20000000298023224,0.22499999403953552,0.22499999403953552,4280
2012-04-04,0.22499999403953552,0.22499999403953552,0.22499999403953552,0.22499999403953552,0.22499999403953552,1120
2012-04-05,0.22499999403953552,0.22499999403953552,0.22499999403953552,0.22499999403953552,0.22499999403953552,3720
2012-04-09,0.22499999403953552,0.22499999403953552,0.20000000298023224,0.20000000298023224,0.20000000298023224,4760
2012-04-10,0.20000000298023224,0.22499999403953552,0.20000000298023224,0.22499999403953552,0.22499999403953552,12880
2012-04-11,0.22499999403953552,0.22499999403953552,0.22499999403953552,0.22499999403953552,0.22499999403953552,4000
2012-04-12,0.22499999403953552,0.22499999403953552,0.20000000298023224,0.22499999403953552,0.22499999403953552,17320
2012-04-13,0.22499999403953552,0.22499999403953552,0.17499999701976776,0.22499999403953552,0.22499999403953552,2720
2012-04-16,0.22499999403953552,0.22499999403953552,0.22499999403953552,0.22499999403953552,0.22499999403953552,6200
2012-04-17,0.22499999403953552,0.22499999403953552,0.20000000298023224,0.20000000298023224,0.20000000298023224,15240
2012-04-18,0.20000000298023224,0.20000000298023224,0.20000000298023224,0.20000000298023224,0.20000000298023224,0
2012-04-19,0.20000000298023224,0.22499999403953552,0.20000000298023224,0.22499999403953552,0.22499999403953552,2320
2012-04-20,0.22499999403953552,0.22499999403953552,0.22499999403953552,0.22499999403953552,0.22499999403953552,5200
2012-04-23,0.20000000298023224,0.22499999403953552,0.20000000298023224,0.22499999403953552,0.22499999403953552,10000
2012-04-24,0.20000000298023224,0.22499999403953552,0.20000000298023224,0.22499999403953552,0.22499999403953552,7200
2012-04-25,0.22499999403953552,0.22499999403953552,0.22499999403953552,0.22499999403953552,0.22499999403953552,0
2012-04-26,0.20000000298023224,0.22499999403953552,0.20000000298023224,0.22499999403953552,0.22499999403953552,14640
2012-04-27,0.22499999403953552,0.22499999403953552,0.22499999403953552,0.22499999403953552,0.22499999403953552,10800
2012-04-30,0.22499999403953552,0.22499999403953552,0.22499999403953552,0.22499999403953552,0.22499999403953552,240
2012-05-01,0.22499999403953552,0.22499999403953552,0.22499999403953552,0.22499999403953552,0.22499999403953552,2400
2012-05-02,0.20000000298023224,0.20000000298023224,0.20000000298023224,0.20000000298023224,0.20000000298023224,4000
2012-05-03,0.20000000298023224,0.20000000298023224,0.20000000298023224,0.20000000298023224,0.20000000298023224,1120
2012-05-04,0.20000000298023224,0.22499999403953552,0.20000000298023224,0.20000000298023224,0.20000000298023224,6400
2012-05-07,0.20000000298023224,0.20000000298023224,0.20000000298023224,0.20000000298023224,0.20000000298023224,8800
2012-05-08,0.22499999403953552,0.22499999403953552,0.20000000298023224,0.22499999403953552,0.22499999403953552,4320
2012-05-09,0.20000000298023224,0.20000000298023224,0.20000000298023224,0.20000000298023224,0.20000000298023224,3600
2012-05-10,0.20000000298023224,0.20000000298023224,0.20000000298023224,0.20000000298023224,0.20000000298023224,10400
2012-05-11,0.20000000298023224,0.20000000298023224,0.20000000298023224,0.20000000298023224,0.20000000298023224,0
2012-05-14,0.20000000298023224,0.22499999403953552,0.17499999701976776,0.22499999403953552,0.22499999403953552,43600
2012-05-15,0.22499999403953552,0.22499999403953552,0.17499999701976776,0.20000000298023224,0.20000000298023224,7480
2012-05-16,0.20000000298023224,0.20000000298023224,0.20000000298023224,0.20000000298023224,0.20000000298023224,1800
2012-05-17,0.17499999701976776,0.17499999701976776,0.15000000596046448,0.15000000596046448,0.15000000596046448,150000
2012-05-18,0.17499999701976776,0.20000000298023224,0.17499999701976776,0.17499999701976776,0.17499999701976776,17200
2012-05-21,0.17499999701976776,0.20000000298023224,0.17499999701976776,0.20000000298023224,0.20000000298023224,23760
2012-05-22,0.15000000596046448,0.22499999403953552,0.15000000596046448,0.20000000298023224,0.20000000298023224,102160
2012-05-23,0.17499999701976776,0.17499999701976776,0.10000000149011612,0.125,0.125,124400
2012-05-24,0.17499999701976776,0.17499999701976776,0.15000000596046448,0.15000000596046448,0.15000000596046448,6640
2012-05-25,0.15000000596046448,0.15000000596046448,0.15000000596046448,0.15000000596046448,0.15000000596046448,60000
2012-05-29,0.15000000596046448,0.17499999701976776,0.15000000596046448,0.17499999701976776,0.17499999701976776,38360
2012-05-30,0.15000000596046448,0.17499999701976776,0.15000000596046448,0.17499999701976776,0.17499999701976776,74680
2012-05-31,0.15000000596046448,0.17499999701976776,0.15000000596046448,0.17499999701976776,0.17499999701976776,33000
2012-06-01,0.17499999701976776,0.17499999701976776,0.17499999701976776,0.17499999701976776,0.17499999701976776,7920
2012-06-04,0.17499999701976776,0.17499999701976776,0.17499999701976776,0.17499999701976776,0.17499999701976776,27880
2012-06-05,0.17499999701976776,0.17499999701976776,0.17499999701976776,0.17499999701976776,0.17499999701976776,240
2012-06-06,0.17499999701976776,0.17499999701976776,0.17499999701976776,0.17499999701976776,0.17499999701976776,0
2012-06-07,0.17499999701976776,0.20000000298023224,0.17499999701976776,0.17499999701976776,0.17499999701976776,21280
2012-06-08,0.20000000298023224,0.20000000298023224,0.17499999701976776,0.17499999701976776,0.17499999701976776,21840
2012-06-11,0.20000000298023224,0.20000000298023224,0.20000000298023224,0.20000000298023224,0.20000000298023224,400
2012-06-12,0.17499999701976776,0.20000000298023224,0.17499999701976776,0.20000000298023224,0.20000000298023224,12000
2012-06-13,0.20000000298023224,0.20000000298023224,0.17499999701976776,0.20000000298023224,0.20000000298023224,16240
2012-06-14,0.20000000298023224,0.20000000298023224,0.20000000298023224,0.20000000298023224,0.20000000298023224,2200
2012-06-15,0.17499999701976776,0.20000000298023224,0.17499999701976776,0.20000000298023224,0.20000000298023224,10080
2012-06-18,0.17499999701976776,0.20000000298023224,0.17499999701976776,0.20000000298023224,0.20000000298023224,13000
2012-06-19,0.20000000298023224,0.20000000298023224,0.20000000298023224,0.20000000298023224,0.20000000298023224,4800
2012-06-20,0.20000000298023224,0.20000000298023224,0.20000000298023224,0.20000000298023224,0.20000000298023224,37640
2012-06-21,0.20000000298023224,0.22499999403953552,0.20000000298023224,0.22499999403953552,0.22499999403953552,120040
2012-06-22,0.22499999403953552,0.30000001192092896,0.20000000298023224,0.22499999403953552,0.22499999403953552,71960
2012-06-25,0.20000000298023224,0.20000000298023224,0.20000000298023224,0.20000000298023224,0.20000000298023224,3560
2012-06-26,0.22499999403953552,0.22499999403953552,0.20000000298023224,0.22499999403953552,0.22499999403953552,6440
2012-06-27,0.22499999403953552,0.22499999403953552,0.22499999403953552,0.22499999403953552,0.22499999403953552,27080
2012-06-28,0.20000000298023224,0.22499999403953552,0.20000000298023224,0.20000000298023224,0.20000000298023224,4360
2012-06-29,0.20000000298023224,0.20000000298023224,0.20000000298023224,0.20000000298023224,0.20000000298023224,24000
2012-07-02,0.22499999403953552,0.22499999403953552,0.22499999403953552,0.22499999403953552,0.22499999403953552,1600
2012-07-03,0.20000000298023224,0.20000000298023224,0.20000000298023224,0.20000000298023224,0.20000000298023224,12000
2012-07-05,0.20000000298023224,0.22499999403953552,0.20000000298023224,0.22499999403953552,0.22499999403953552,25920
2012-07-06,0.22499999403953552,0.22499999403953552,0.22499999403953552,0.22499999403953552,0.22499999403953552,0
2012-07-09,0.20000000298023224,0.20000000298023224,0.17499999701976776,0.17499999701976776,0.17499999701976776,39360
2012-07-10,0.20000000298023224,0.20000000298023224,0.17499999701976776,0.20000000298023224,0.20000000298023224,3240
2012-07-11,0.20000000298023224,0.20000000298023224,0.20000000298023224,0.20000000298023224,0.20000000298023224,64360
2012-07-12,0.22499999403953552,0.25,0.20000000298023224,0.20000000298023224,0.20000000298023224,102320
2012-07-13,0.22499999403953552,0.22499999403953552,0.20000000298023224,0.20000000298023224,0.20000000298023224,3600
2012-07-16,0.22499999403953552,0.22499999403953552,0.22499999403953552,0.22499999403953552,0.22499999403953552,5200
2012-07-17,0.22499999403953552,0.22499999403953552,0.22499999403953552,0.22499999403953552,0.22499999403953552,10280
2012-07-18,0.22499999403953552,0.22499999403953552,0.22499999403953552,0.22499999403953552,0.22499999403953552,35680
2012-07-19,0.22499999403953552,0.22499999403953552,0.22499999403953552,0.22499999403953552,0.22499999403953552,13600
2012-07-20,0.22499999403953552,0.22499999403953552,0.22499999403953552,0.22499999403953552,0.22499999403953552,24680
2012-07-23,0.22499999403953552,0.22499999403953552,0.20000000298023224,0.22499999403953552,0.22499999403953552,33040
2012-07-24,0.20000000298023224,0.22499999403953552,0.20000000298023224,0.20000000298023224,0.20000000298023224,22960
2012-07-25,0.20000000298023224,0.22499999403953552,0.20000000298023224,0.22499999403953552,0.22499999403953552,19200
2012-07-26,0.20000000298023224,0.22499999403953552,0.20000000298023224,0.20000000298023224,0.20000000298023224,18680
2012-07-27,0.20000000298023224,0.20000000298023224,0.20000000298023224,0.20000000298023224,0.20000000298023224,13320
2012-07-30,0.20000000298023224,0.20000000298023224,0.20000000298023224,0.20000000298023224,0.20000000298023224,3800
2012-07-31,0.20000000298023224,0.20000000298023224,0.20000000298023224,0.20000000298023224,0.20000000298023224,8600
2012-08-01,0.20000000298023224,0.20000000298023224,0.20000000298023224,0.20000000298023224,0.20000000298023224,4240
2012-08-02,0.20000000298023224,0.20000000298023224,0.20000000298023224,0.20000000298023224,0.20000000298023224,31560
2012-08-03,0.20000000298023224,0.20000000298023224,0.20000000298023224,0.20000000298023224,0.20000000298023224,16760
2012-08-06,0.20000000298023224,0.20000000298023224,0.20000000298023224,0.20000000298023224,0.20000000298023224,29000
2012-08-07,0.20000000298023224,0.20000000298023224,0.20000000298023224,0.20000000298023224,0.20000000298023224,14600
2012-08-08,0.20000000298023224,0.20000000298023224,0.20000000298023224,0.20000000298023224,0.20000000298023224,11280
2012-08-09,0.20000000298023224,0.20000000298023224,0.20000000298023224,0.20000000298023224,0.20000000298023224,10000
2012-08-10,0.20000000298023224,0.20000000298023224,0.20000000298023224,0.20000000298023224,0.20000000298023224,22280
2012-08-13,0.20000000298023224,0.22499999403953552,0.20000000298023224,0.20000000298023224,0.20000000298023224,39280
2012-08-14,0.20000000298023224,0.20000000298023224,0.20000000298023224,0.20000000298023224,0.20000000298023224,0
2012-08-15,0.22499999403953552,0.25,0.22499999403953552,0.25,0.25,233480
2012-08-16,0.25,0.2750000059604645,0.25,0.25,0.25,57920
2012-08-17,0.2750000059604645,0.2750000059604645,0.25,0.25,0.25,61840
2012-08-20,0.2750000059604645,0.2750000059604645,0.2750000059604645,0.2750000059604645,0.2750000059604645,880
2012-08-21,0.25,0.2750000059604645,0.25,0.25,0.25,21680
2012-08-22,0.2750000059604645,0.30000001192092896,0.25,0.30000001192092896,0.30000001192092896,41840
2012-08-23,0.30000001192092896,0.32499998807907104,0.2750000059604645,0.30000001192092896,0.30000001192092896,50160
2012-08-24,0.30000001192092896,0.32499998807907104,0.2750000059604645,0.32499998807907104,0.32499998807907104,60560
2012-08-27,0.32499998807907104,0.3499999940395355,0.30000001192092896,0.3499999940395355,0.3499999940395355,140680
2012-08-28,0.3499999940395355,0.3499999940395355,0.3499999940395355,0.3499999940395355,0.3499999940395355,37680
2012-08-29,0.3499999940395355,0.3499999940395355,0.32499998807907104,0.3499999940395355,0.3499999940395355,10960
2012-08-30,0.3499999940395355,0.3499999940395355,0.32499998807907104,0.32499998807907104,0.32499998807907104,34840
2012-08-31,0.32499998807907104,0.3499999940395355,0.30000001192092896,0.3499999940395355,0.3499999940395355,22000
2012-09-04,0.32499998807907104,0.32499998807907104,0.30000001192092896,0.32499998807907104,0.32499998807907104,40120
2012-09-05,0.32499998807907104,0.32499998807907104,0.30000001192092896,0.32499998807907104,0.32499998807907104,19880
2012-09-06,0.30000001192092896,0.32499998807907104,0.30000001192092896,0.32499998807907104,0.32499998807907104,32360
2012-09-07,0.32499998807907104,0.32499998807907104,0.30000001192092896,0.32499998807907104,0.32499998807907104,16520
2012-09-10,0.32499998807907104,0.32499998807907104,0.32499998807907104,0.32499998807907104,0.32499998807907104,53600
2012-09-11,0.32499998807907104,0.3499999940395355,0.30000001192092896,0.3499999940395355,0.3499999940395355,56160
2012-09-12,0.32499998807907104,0.3499999940395355,0.30000001192092896,0.3499999940395355,0.3499999940395355,80400
2012-09-13,0.32499998807907104,0.3499999940395355,0.30000001192092896,0.30000001192092896,0.30000001192092896,53280
2012-09-14,0.32499998807907104,0.32499998807907104,0.30000001192092896,0.32499998807907104,0.32499998807907104,4200
2012-09-17,0.30000001192092896,0.32499998807907104,0.30000001192092896,0.32499998807907104,0.32499998807907104,10320
2012-09-18,0.30000001192092896,0.32499998807907104,0.25,0.32499998807907104,0.32499998807907104,82720
2012-09-19,0.32499998807907104,0.32499998807907104,0.2750000059604645,0.2750000059604645,0.2750000059604645,21720
2012-09-20,0.25,0.2750000059604645,0.22499999403953552,0.25,0.25,96160
2012-09-21,0.25,0.25,0.22499999403953552,0.25,0.25,33000
2012-09-24,0.22499999403953552,0.25,0.22499999403953552,0.25,0.25,10080
2012-09-25,0.25,0.25,0.22499999403953552,0.25,0.25,6120
2012-09-26,0.25,0.25,0.22499999403953552,0.22499999403953552,0.22499999403953552,42080
2012-09-27,0.22499999403953552,0.25,0.22499999403953552,0.25,0.25,11600
2012-09-28,0.25,0.25,0.25,0.25,0.25,0
2012-10-01,0.25,0.30000001192092896,0.25,0.30000001192092896,0.30000001192092896,16400
2012-10-02,0.30000001192092896,0.30000001192092896,0.2750000059604645,0.2750000059604645,0.2750000059604645,30160
2012-10-03,0.30000001192092896,0.30000001192092896,0.2750000059604645,0.30000001192092896,0.30000001192092896,19920
2012-10-04,0.30000001192092896,0.30000001192092896,0.25,0.30000001192092896,0.30000001192092896,20320
2012-10-05,0.2750000059604645,0.2750000059604645,0.2750000059604645,0.2750000059604645,0.2750000059604645,18720
2012-10-08,0.30000001192092896,0.30000001192092896,0.30000001192092896,0.30000001192092896,0.30000001192092896,7440
2012-10-09,0.2750000059604645,0.30000001192092896,0.25,0.25,0.25,14160
2012-10-10,0.2750000059604645,0.2750000059604645,0.2750000059604645,0.2750000059604645,0.2750000059604645,21720
2012-10-11,0.30000001192092896,0.30000001192092896,0.25,0.2750000059604645,0.2750000059604645,40040
2012-10-12,0.30000001192092896,0.30000001192092896,0.25,0.2750000059604645,0.2750000059604645,16800
2012-10-15,0.2750000059604645,0.30000001192092896,0.2750000059604645,0.2750000059604645,0.2750000059604645,26520
2012-10-16,0.30000001192092896,0.30000001192092896,0.2750000059604645,0.2750000059604645,0.2750000059604645,24440
2012-10-17,0.2750000059604645,0.30000001192092896,0.2750000059604645,0.2750000059604645,0.2750000059604645,1440
2012-10-18,0.30000001192092896,0.30000001192092896,0.2750000059604645,0.30000001192092896,0.30000001192092896,13120
2012-10-19,0.2750000059604645,0.30000001192092896,0.25,0.30000001192092896,0.30000001192092896,24240
2012-10-22,0.30000001192092896,0.30000001192092896,0.2750000059604645,0.2750000059604645,0.2750000059604645,6920
2012-10-23,0.25,0.30000001192092896,0.25,0.2750000059604645,0.2750000059604645,15760
2012-10-24,0.2750000059604645,0.2750000059604645,0.25,0.25,0.25,50960
2012-10-25,0.25,0.2750000059604645,0.25,0.25,0.25,27440
2012-10-26,0.2750000059604645,0.2750000059604645,0.2750000059604645,0.2750000059604645,0.2750000059604645,320
2012-10-31,0.25,0.2750000059604645,0.25,0.2750000059604645,0.2750000059604645,6120
2012-11-01,0.25,0.2750000059604645,0.25,0.25,0.25,9920
2012-11-02,0.2750000059604645,0.2750000059604645,0.25,0.2750000059604645,0.2750000059604645,4040
2012-11-05,0.2750000059604645,0.2750000059604645,0.2750000059604645,0.2750000059604645,0.2750000059604645,800
2012-11-06,0.25,0.25,0.22499999403953552,0.25,0.25,22800
2012-11-07,0.25,0.25,0.25,0.25,0.25,2360
2012-11-08,0.25,0.25,0.25,0.25,0.25,4240
2012-11-09,0.25,0.25,0.22499999403953552,0.25,0.25,24120
2012-11-12,0.25,0.25,0.25,0.25,0.25,120
2012-11-13,0.25,0.25,0.25,0.25,0.25,2400
2012-11-14,0.25,0.25,0.22499999403953552,0.25,0.25,82520
2012-11-15,0.25,0.2750000059604645,0.25,0.25,0.25,104840
2012-11-16,0.25,0.2750000059604645,0.25,0.25,0.25,22960
2012-11-19,0.25,0.30000001192092896,0.25,0.25,0.25,44320
2012-11-20,0.25,0.2750000059604645,0.25,0.25,0.25,18400
2012-11-21,0.25,0.2750000059604645,0.25,0.2750000059604645,0.2750000059604645,39720
2012-11-23,0.25,0.25,0.25,0.25,0.25,15480
2012-11-26,0.25,0.25,0.22499999403953552,0.22499999403953552,0.22499999403953552,22200
2012-11-27,0.22499999403953552,0.25,0.22499999403953552,0.25,0.25,40920
2012-11-28,0.25,0.25,0.25,0.25,0.25,23640
2012-11-29,0.25,0.25,0.22499999403953552,0.22499999403953552,0.22499999403953552,59040
2012-11-30,0.22499999403953552,0.25,0.22499999403953552,0.25,0.25,63200
2012-12-03,0.22499999403953552,0.25,0.22499999403953552,0.25,0.25,25680
2012-12-04,0.25,0.25,0.22499999403953552,0.22499999403953552,0.22499999403953552,45520
2012-12-05,0.22499999403953552,0.25,0.22499999403953552,0.22499999403953552,0.22499999403953552,23760
2012-12-06,0.25,0.25,0.22499999403953552,0.22499999403953552,0.22499999403953552,47040
2012-12-07,0.25,0.25,0.22499999403953552,0.25,0.25,6880
2012-12-10,0.22499999403953552,0.22499999403953552,0.22499999403953552,0.22499999403953552,0.22499999403953552,880
2012-12-11,0.22499999403953552,0.22499999403953552,0.22499999403953552,0.22499999403953552,0.22499999403953552,15440
2012-12-12,0.22499999403953552,0.22499999403953552,0.22499999403953552,0.22499999403953552,0.22499999403953552,17720
2012-12-13,0.22499999403953552,0.22499999403953552,0.20000000298023224,0.22499999403953552,0.22499999403953552,13640
2012-12-14,0.22499999403953552,0.25,0.22499999403953552,0.25,0.25,6400
2012-12-17,0.20000000298023224,0.20000000298023224,0.20000000298023224,0.20000000298023224,0.20000000298023224,9480
2012-12-18,0.22499999403953552,0.22499999403953552,0.20000000298023224,0.22499999403953552,0.22499999403953552,17960
2012-12-19,0.22499999403953552,0.22499999403953552,0.22499999403953552,0.22499999403953552,0.22499999403953552,1720
2012-12-20,0.25,0.25,0.22499999403953552,0.25,0.25,9560
2012-12-21,0.22499999403953552,0.22499999403953552,0.20000000298023224,0.22499999403953552,0.22499999403953552,35880
2012-12-24,0.22499999403953552,0.22499999403953552,0.22499999403953552,0.22499999403953552,0.22499999403953552,0
2012-12-26,0.20000000298023224,0.22499999403953552,0.20000000298023224,0.22499999403953552,0.22499999403953552,42600
2012-12-27,0.20000000298023224,0.22499999403953552,0.20000000298023224,0.22499999403953552,0.22499999403953552,2200
2012-12-28,0.20000000298023224,0.22499999403953552,0.20000000298023224,0.22499999403953552,0.22499999403953552,3400
2012-12-31,0.22499999403953552,0.25,0.22499999403953552,0.22499999403953552,0.22499999403953552,16080
2013-01-02,0.22499999403953552,0.25,0.22499999403953552,0.22499999403953552,0.22499999403953552,12600
2013-01-03,0.22499999403953552,0.22499999403953552,0.22499999403953552,0.22499999403953552,0.22499999403953552,12360
2013-01-04,0.22499999403953552,0.25,0.22499999403953552,0.25,0.25,71120
2013-01-07,0.25,0.25,0.22499999403953552,0.22499999403953552,0.22499999403953552,18520
2013-01-08,0.22499999403953552,0.22499999403953552,0.22499999403953552,0.22499999403953552,0.22499999403953552,28000
2013-01-09,0.22499999403953552,0.22499999403953552,0.22499999403953552,0.22499999403953552,0.22499999403953552,27280
2013-01-10,0.25,0.25,0.22499999403953552,0.25,0.25,7360
2013-01-11,0.25,0.25,0.20000000298023224,0.25,0.25,55440
2013-01-14,0.22499999403953552,0.22499999403953552,0.20000000298023224,0.22499999403953552,0.22499999403953552,24240
2013-01-15,0.22499999403953552,0.22499999403953552,0.20000000298023224,0.22499999403953552,0.22499999403953552,21280
2013-01-16,0.20000000298023224,0.22499999403953552,0.20000000298023224,0.22499999403953552,0.22499999403953552,45400
2013-01-17,0.22499999403953552,0.22499999403953552,0.20000000298023224,0.20000000298023224,0.20000000298023224,12840
2013-01-18,0.22499999403953552,0.22499999403953552,0.20000000298023224,0.20000000298023224,0.20000000298023224,18520
2013-01-22,0.20000000298023224,0.22499999403953552,0.20000000298023224,0.22499999403953552,0.22499999403953552,33760
2013-01-23,0.22499999403953552,0.22499999403953552,0.22499999403953552,0.22499999403953552,0.22499999403953552,47720
2013-01-24,0.22499999403953552,0.25,0.22499999403953552,0.25,0.25,111240
2013-01-25,0.25,0.25,0.22499999403953552,0.25,0.25,46960
2013-01-28,0.22499999403953552,0.25,0.22499999403953552,0.25,0.25,24320
2013-01-29,0.25,0.25,0.22499999403953552,0.25,0.25,109800
2013-01-30,0.25,0.30000001192092896,0.25,0.30000001192092896,0.30000001192092896,203160
2013-01-31,0.30000001192092896,0.30000001192092896,0.25,0.30000001192092896,0.30000001192092896,301720
2013-02-01,0.25,0.2750000059604645,0.25,0.2750000059604645,0.2750000059604645,15680
2013-02-04,0.25,0.2750000059604645,0.25,0.25,0.25,18040
2013-02-05,0.25,0.25,0.25,0.25,0.25,38040
2013-02-06,0.25,0.25,0.25,0.25,0.25,13440
2013-02-07,0.25,0.2750000059604645,0.22499999403953552,0.2750000059604645,0.2750000059604645,123720
2013-02-08,0.25,0.2750000059604645,0.25,0.2750000059604645,0.2750000059604645,22120
2013-02-11,0.22499999403953552,0.2750000059604645,0.22499999403953552,0.25,0.25,18640
2013-02-12,0.2750000059604645,0.2750000059604645,0.22499999403953552,0.25,0.25,12440
2013-02-13,0.25,0.25,0.22499999403953552,0.25,0.25,25720
2013-02-14,0.30000001192092896,0.32499998807907104,0.2750000059604645,0.30000001192092896,0.30000001192092896,1468360
2013-02-15,0.30000001192092896,0.30000001192092896,0.2750000059604645,0.2750000059604645,0.2750000059604645,262240
2013-02-19,0.2750000059604645,0.2750000059604645,0.25,0.25,0.25,176600
2013-02-20,0.25,0.25,0.25,0.25,0.25,75680
2013-02-21,0.25,0.2750000059604645,0.25,0.25,0.25,38080
2013-02-22,0.25,0.25,0.25,0.25,0.25,11040
2013-02-25,0.25,0.25,0.22499999403953552,0.25,0.25,60320
2013-02-26,0.25,0.25,0.25,0.25,0.25,28480
2013-02-27,0.25,0.25,0.25,0.25,0.25,19280
2013-02-28,0.25,0.2750000059604645,0.25,0.2750000059604645,0.2750000059604645,97200
2013-03-01,0.2750000059604645,0.2750000059604645,0.25,0.25,0.25,18760
2013-03-04,0.25,0.2750000059604645,0.25,0.25,0.25,47600
2013-03-05,0.25,0.25,0.25,0.25,0.25,49920
2013-03-06,0.25,0.25,0.25,0.25,0.25,52440
2013-03-07,0.25,0.2750000059604645,0.25,0.25,0.25,30280
2013-03-08,0.2750000059604645,0.2750000059604645,0.25,0.25,0.25,26280
2013-03-11,0.25,0.2750000059604645,0.25,0.2750000059604645,0.2750000059604645,40520
2013-03-12,0.2750000059604645,0.2750000059604645,0.2750000059604645,0.2750000059604645,0.2750000059604645,11800
2013-03-13,0.2750000059604645,0.2750000059604645,0.25,0.25,0.25,42840
2013-03-14,0.25,0.2750000059604645,0.25,0.25,0.25,12320
2013-03-15,0.25,0.2750000059604645,0.25,0.2750000059604645,0.2750000059604645,14080
2013-03-18,0.2750000059604645,0.2750000059604645,0.25,0.2750000059604645,0.2750000059604645,106160
2013-03-19,0.25,0.2750000059604645,0.22499999403953552,0.25,0.25,8920
2013-03-20,0.25,0.25,0.22499999403953552,0.22499999403953552,0.22499999403953552,6600
2013-03-21,0.22499999403953552,0.25,0.22499999403953552,0.25,0.25,26480
2013-03-22,0.25,0.25,0.25,0.25,0.25,9160
2013-03-25,0.25,0.25,0.25,0.25,0.25,21880
2013-03-26,0.25,0.25,0.22499999403953552,0.22499999403953552,0.22499999403953552,14120
2013-03-27,0.22499999403953552,0.25,0.22499999403953552,0.25,0.25,20600
2013-03-28,0.25,0.25,0.22499999403953552,0.22499999403953552,0.22499999403953552,37040
2013-04-01,0.25,0.30000001192092896,0.25,0.2750000059604645,0.2750000059604645,359320
2013-04-02,0.2750000059604645,0.2750000059604645,0.2750000059604645,0.2750000059604645,0.2750000059604645,70440
2013-04-03,0.2750000059604645,0.2750000059604645,0.2750000059604645,0.2750000059604645,0.2750000059604645,7840
2013-04-04,0.2750000059604645,0.2750000059604645,0.25,0.25,0.25,75000
2013-04-05,0.25,0.2750000059604645,0.25,0.25,0.25,10520
2013-04-08,0.25,0.25,0.25,0.25,0.25,23800
2013-04-09,0.25,0.25,0.25,0.25,0.25,21600
2013-04-10,0.25,0.25,0.22499999403953552,0.25,0.25,9680
2013-04-11,0.22499999403953552,0.25,0.22499999403953552,0.25,0.25,760
2013-04-12,0.25,0.25,0.22499999403953552,0.22499999403953552,0.22499999403953552,41400
2013-04-15,0.25,0.25,0.22499999403953552,0.25,0.25,9880
2013-04-16,0.25,0.25,0.22499999403953552,0.25,0.25,6040
2013-04-17,0.25,0.25,0.22499999403953552,0.25,0.25,12160
2013-04-18,0.25,0.25,0.25,0.25,0.25,800
2013-04-19,0.25,0.25,0.22499999403953552,0.25,0.25,23080
2013-04-22,0.22499999403953552,0.22499999403953552,0.22499999403953552,0.22499999403953552,0.22499999403953552,14000
2013-04-23,0.22499999403953552,0.22499999403953552,0.22499999403953552,0.22499999403953552,0.22499999403953552,23440
2013-04-24,0.22499999403953552,0.22499999403953552,0.22499999403953552,0.22499999403953552,0.22499999403953552,13080
2013-04-25,0.22499999403953552,0.22499999403953552,0.22499999403953552,0.22499999403953552,0.22499999403953552,38400
2013-04-26,0.22499999403953552,0.22499999403953552,0.22499999403953552,0.22499999403953552,0.22499999403953552,7600
2013-04-29,0.25,0.25,0.22499999403953552,0.22499999403953552,0.22499999403953552,47400
2013-04-30,0.22499999403953552,0.22499999403953552,0.22499999403953552,0.22499999403953552,0.22499999403953552,6480
2013-05-01,0.22499999403953552,0.22499999403953552,0.22499999403953552,0.22499999403953552,0.22499999403953552,20000
2013-05-02,0.22499999403953552,0.22499999403953552,0.22499999403953552,0.22499999403953552,0.22499999403953552,800
2013-05-03,0.22499999403953552,0.22499999403953552,0.22499999403953552,0.22499999403953552,0.22499999403953552,9840
2013-05-06,0.22499999403953552,0.25,0.22499999403953552,0.25,0.25,47760
2013-05-07,0.25,0.25,0.22499999403953552,0.22499999403953552,0.22499999403953552,17280
2013-05-08,0.22499999403953552,0.25,0.22499999403953552,0.25,0.25,19880
2013-05-09,0.22499999403953552,0.22499999403953552,0.22499999403953552,0.22499999403953552,0.22499999403953552,61240
2013-05-10,0.22499999403953552,0.25,0.22499999403953552,0.25,0.25,168880
2013-05-13,0.25,0.25,0.25,0.25,0.25,23640
2013-05-14,0.25,0.25,0.25,0.25,0.25,12320
2013-05-15,0.25,0.2750000059604645,0.25,0.25,0.25,113480
2013-05-16,0.2750000059604645,0.30000001192092896,0.25,0.2750000059604645,0.2750000059604645,226160
2013-05-17,0.2750000059604645,0.2750000059604645,0.25,0.2750000059604645,0.2750000059604645,61600
2013-05-20,0.30000001192092896,0.30000001192092896,0.2750000059604645,0.2750000059604645,0.2750000059604645,56600
2013-05-21,0.2750000059604645,0.2750000059604645,0.25,0.2750000059604645,0.2750000059604645,33200
2013-05-22,0.2750000059604645,0.30000001192092896,0.2750000059604645,0.30000001192092896,0.30000001192092896,32120
2013-05-23,0.2750000059604645,0.2750000059604645,0.22499999403953552,0.2750000059604645,0.2750000059604645,52600
2013-05-24,0.2750000059604645,0.2750000059604645,0.25,0.2750000059604645,0.2750000059604645,17280
2013-05-28,0.2750000059604645,0.2750000059604645,0.25,0.25,0.25,41960
2013-05-29,0.25,0.25,0.25,0.25,0.25,23920
2013-05-30,0.25,0.25,0.25,0.25,0.25,23280
2013-05-31,0.25,0.2750000059604645,0.25,0.2750000059604645,0.2750000059604645,32880
2013-06-03,0.25,0.2750000059604645,0.25,0.25,0.25,58840
2013-06-04,0.2750000059604645,0.2750000059604645,0.25,0.2750000059604645,0.2750000059604645,89360
2013-06-05,0.2750000059604645,0.2750000059604645,0.25,0.25,0.25,12200
2013-06-06,0.25,0.2750000059604645,0.25,0.2750000059604645,0.2750000059604645,82800
2013-06-07,0.25,0.2750000059604645,0.25,0.2750000059604645,0.2750000059604645,27200
2013-06-10,0.25,0.25,0.25,0.25,0.25,104400
2013-06-11,0.25,0.25,0.22499999403953552,0.22499999403953552,0.22499999403953552,102800
2013-06-12,0.25,0.25,0.25,0.25,0.25,49000
2013-06-13,0.25,0.2750000059604645,0.25,0.25,0.25,30000
2013-06-14,0.25,0.2750000059604645,0.25,0.2750000059604645,0.2750000059604645,26840
2013-06-17,0.2750000059604645,0.2750000059604645,0.2750000059604645,0.2750000059604645,0.2750000059604645,18200
2013-06-18,0.2750000059604645,0.2750000059604645,0.25,0.25,0.25,121840
2013-06-19,0.2750000059604645,0.2750000059604645,0.25,0.2750000059604645,0.2750000059604645,38400
2013-06-20,0.25,0.2750000059604645,0.25,0.2750000059604645,0.2750000059604645,10280
2013-06-21,0.25,0.2750000059604645,0.25,0.2750000059604645,0.2750000059604645,18760
2013-06-24,0.2750000059604645,0.2750000059604645,0.25,0.25,0.25,50480
2013-06-25,0.25,0.2750000059604645,0.25,0.2750000059604645,0.2750000059604645,105520
2013-06-26,0.2750000059604645,0.30000001192092896,0.2750000059604645,0.30000001192092896,0.30000001192092896,366080
2013-06-27,0.30000001192092896,0.30000001192092896,0.30000001192092896,0.30000001192092896,0.30000001192092896,53680
2013-06-28,0.30000001192092896,0.32499998807907104,0.2750000059604645,0.32499998807907104,0.32499998807907104,241400
2013-07-01,0.32499998807907104,0.375,0.32499998807907104,0.3499999940395355,0.3499999940395355,344680
2013-07-02,0.375,0.42500001192092896,0.3499999940395355,0.3499999940395355,0.3499999940395355,259000
2013-07-03,0.375,0.42500001192092896,0.375,0.42500001192092896,0.42500001192092896,71280
2013-07-05,0.42500001192092896,0.42500001192092896,0.375,0.375,0.375,29680
2013-07-08,0.3499999940395355,0.375,0.32499998807907104,0.375,0.375,41760
2013-07-09,0.3499999940395355,0.375,0.3499999940395355,0.3499999940395355,0.3499999940395355,30720
2013-07-10,0.3499999940395355,0.375,0.3499999940395355,0.375,0.375,39640
2013-07-11,0.375,0.4000000059604645,0.375,0.4000000059604645,0.4000000059604645,38480
2013-07-12,0.3499999940395355,0.4000000059604645,0.3499999940395355,0.4000000059604645,0.4000000059604645,44000
2013-07-15,0.4000000059604645,0.550000011920929,0.375,0.44999998807907104,0.44999998807907104,369600
2013-07-16,0.44999998807907104,0.44999998807907104,0.4000000059604645,0.42500001192092896,0.42500001192092896,51840
2013-07-17,0.42500001192092896,0.42500001192092896,0.4000000059604645,0.42500001192092896,0.42500001192092896,65640
2013-07-18,0.42500001192092896,0.42500001192092896,0.4000000059604645,0.42500001192092896,0.42500001192092896,26920
2013-07-19,0.42500001192092896,0.42500001192092896,0.4000000059604645,0.42500001192092896,0.42500001192092896,17520
2013-07-22,0.4000000059604645,0.42500001192092896,0.375,0.4000000059604645,0.4000000059604645,81880
2013-07-23,0.4000000059604645,0.44999998807907104,0.375,0.42500001192092896,0.42500001192092896,71880
2013-07-24,0.42500001192092896,0.44999998807907104,0.42500001192092896,0.44999998807907104,0.44999998807907104,29640
2013-07-25,0.44999998807907104,0.4749999940395355,0.44999998807907104,0.4749999940395355,0.4749999940395355,114720
2013-07-26,0.44999998807907104,0.44999998807907104,0.44999998807907104,0.44999998807907104,0.44999998807907104,130000
2013-07-29,0.44999998807907104,0.5,0.44999998807907104,0.4749999940395355,0.4749999940395355,59400
2013-07-30,0.5,0.5,0.44999998807907104,0.5,0.5,111400
2013-07-31,0.5,0.5249999761581421,0.4749999940395355,0.5,0.5,51840
2013-08-01,0.5,0.5,0.4749999940395355,0.5,0.5,15400
2013-08-02,0.4749999940395355,0.5249999761581421,0.4749999940395355,0.5249999761581421,0.5249999761581421,79520
2013-08-05,0.5249999761581421,0.550000011920929,0.4749999940395355,0.550000011920929,0.550000011920929,58560
2013-08-06,0.5249999761581421,0.550000011920929,0.5,0.550000011920929,0.550000011920929,14360
2013-08-07,0.550000011920929,0.625,0.5249999761581421,0.625,0.625,120680
2013-08-08,0.625,0.625,0.574999988079071,0.6000000238418579,0.6000000238418579,42560
2013-08-09,0.6000000238418579,0.625,0.574999988079071,0.625,0.625,22600
2013-08-12,0.625,0.7250000238418579,0.6000000238418579,0.699999988079071,0.699999988079071,326480
2013-08-13,0.699999988079071,0.699999988079071,0.5249999761581421,0.6000000238418579,0.6000000238418579,75480
2013-08-14,0.5249999761581421,0.6000000238418579,0.42500001192092896,0.5,0.5,313040
2013-08-15,0.5,0.5,0.42500001192092896,0.5,0.5,92040
2013-08-16,0.5,0.550000011920929,0.5,0.5249999761581421,0.5249999761581421,6720
2013-08-19,0.5249999761581421,0.5249999761581421,0.5,0.5,0.5,3720
2013-08-20,0.5,0.5,0.4000000059604645,0.4749999940395355,0.4749999940395355,62080
2013-08-21,0.4749999940395355,0.4749999940395355,0.42500001192092896,0.44999998807907104,0.44999998807907104,25400
2013-08-22,0.44999998807907104,0.44999998807907104,0.42500001192092896,0.42500001192092896,0.42500001192092896,16440
2013-08-23,0.42500001192092896,0.44999998807907104,0.42500001192092896,0.44999998807907104,0.44999998807907104,51440
2013-08-26,0.44999998807907104,0.44999998807907104,0.42500001192092896,0.42500001192092896,0.42500001192092896,23240
2013-08-27,0.42500001192092896,0.44999998807907104,0.42500001192092896,0.44999998807907104,0.44999998807907104,35440
2013-08-28,0.42500001192092896,0.44999998807907104,0.42500001192092896,0.42500001192092896,0.42500001192092896,36920
2013-08-29,0.42500001192092896,0.42500001192092896,0.42500001192092896,0.42500001192092896,0.42500001192092896,1280
2013-08-30,0.42500001192092896,0.42500001192092896,0.42500001192092896,0.42500001192092896,0.42500001192092896,16560
2013-09-03,0.42500001192092896,0.42500001192092896,0.375,0.42500001192092896,0.42500001192092896,46840
2013-09-04,0.4000000059604645,0.42500001192092896,0.4000000059604645,0.42500001192092896,0.42500001192092896,26040
2013-09-05,0.42500001192092896,0.42500001192092896,0.4000000059604645,0.42500001192092896,0.42500001192092896,12800
2013-09-06,0.42500001192092896,0.42500001192092896,0.4000000059604645,0.4000000059604645,0.4000000059604645,4200
2013-09-09,0.42500001192092896,0.42500001192092896,0.4000000059604645,0.4000000059604645,0.4000000059604645,1320
2013-09-10,0.4000000059604645,0.42500001192092896,0.375,0.375,0.375,165600
2013-09-11,0.375,0.42500001192092896,0.375,0.4000000059604645,0.4000000059604645,34040
2013-09-12,0.42500001192092896,0.42500001192092896,0.42500001192092896,0.42500001192092896,0.42500001192092896,12520
2013-09-13,0.4000000059604645,0.42500001192092896,0.4000000059604645,0.42500001192092896,0.42500001192092896,58960
2013-09-16,0.42500001192092896,0.42500001192092896,0.4000000059604645,0.4000000059604645,0.4000000059604645,40080
2013-09-17,0.42500001192092896,0.42500001192092896,0.4000000059604645,0.4000000059604645,0.4000000059604645,20400
2013-09-18,0.42500001192092896,0.42500001192092896,0.42500001192092896,0.42500001192092896,0.42500001192092896,6600
2013-09-19,0.42500001192092896,0.44999998807907104,0.42500001192092896,0.44999998807907104,0.44999998807907104,38880
2013-09-20,0.44999998807907104,0.5,0.44999998807907104,0.4749999940395355,0.4749999940395355,58200
2013-09-23,0.44999998807907104,0.5,0.44999998807907104,0.5,0.5,36120
2013-09-24,0.44999998807907104,0.5,0.44999998807907104,0.4749999940395355,0.4749999940395355,43800
2013-09-25,0.5,0.5,0.44999998807907104,0.5,0.5,66000
2013-09-26,0.5,0.5,0.42500001192092896,0.42500001192092896,0.42500001192092896,54160
2013-09-27,0.42500001192092896,0.4749999940395355,0.42500001192092896,0.4749999940395355,0.4749999940395355,4160
2013-09-30,0.5249999761581421,0.5249999761581421,0.5249999761581421,0.5249999761581421,0.5249999761581421,4400
2013-10-01,0.48750001192092896,0.5,0.4350000023841858,0.45750001072883606,0.45750001072883606,95600
2013-10-02,0.4724999964237213,0.4724999964237213,0.4375,0.4375,0.4375,64000
2013-10-03,0.4375,0.44999998807907104,0.4375,0.44999998807907104,0.44999998807907104,5200
2013-10-04,0.42500001192092896,0.4625000059604645,0.4050000011920929,0.4625000059604645,0.4625000059604645,25200
2013-10-07,0.4375,0.4625000059604645,0.4375,0.4625000059604645,0.4625000059604645,11600
2013-10-08,0.4399999976158142,0.4399999976158142,0.4375,0.4375,0.4375,11600
2013-10-09,0.30000001192092896,0.4375,0.30000001192092896,0.4325000047683716,0.4325000047683716,38400
2013-10-10,0.4124999940395355,0.42750000953674316,0.4000000059604645,0.4124999940395355,0.4124999940395355,70000
2013-10-11,0.4124999940395355,0.42250001430511475,0.4074999988079071,0.4074999988079071,0.4074999988079071,4000
2013-10-14,0.41499999165534973,0.4749999940395355,0.41499999165534973,0.4749999940395355,0.4749999940395355,155200
2013-10-15,0.4749999940395355,0.4749999940395355,0.4749999940395355,0.4749999940395355,0.4749999940395355,0
2013-10-16,0.4424999952316284,0.4424999952316284,0.4424999952316284,0.4424999952316284,0.4424999952316284,6000
2013-10-17,0.4074999988079071,0.4375,0.4000000059604645,0.4375,0.4375,14000
2013-10-18,0.4375,0.4375,0.4074999988079071,0.4300000071525574,0.4300000071525574,4000
2013-10-21,0.44999998807907104,0.5199999809265137,0.4424999952316284,0.5199999809265137,0.5199999809265137,112800
2013-10-22,0.5174999833106995,0.5375000238418579,0.5174999833106995,0.5350000262260437,0.5350000262260437,51200
2013-10-23,0.5325000286102295,0.5325000286102295,0.4749999940395355,0.5224999785423279,0.5224999785423279,9200
2013-10-24,0.5249999761581421,0.5249999761581421,0.44999998807907104,0.48750001192092896,0.48750001192092896,66800
2013-10-25,0.45249998569488525,0.4749999940395355,0.44999998807907104,0.4749999940395355,0.4749999940395355,20400
2013-10-28,0.4749999940395355,0.48750001192092896,0.4749999940395355,0.48750001192092896,0.48750001192092896,800
2013-10-29,0.48750001192092896,0.48750001192092896,0.48249998688697815,0.48750001192092896,0.48750001192092896,10400
2013-10-30,0.48750001192092896,0.5224999785423279,0.48249998688697815,0.512499988079071,0.512499988079071,14000
2013-10-31,0.5,0.5,0.4025000035762787,0.5,0.5,5200
2013-11-01,0.42750000953674316,0.5224999785423279,0.42750000953674316,0.48750001192092896,0.48750001192092896,28400
2013-11-04,0.48750001192092896,0.5224999785423279,0.47749999165534973,0.5224999785423279,0.5224999785423279,22000
2013-11-05,0.5224999785423279,0.5224999785423279,0.5199999809265137,0.5199999809265137,0.5199999809265137,24000
2013-11-06,0.5174999833106995,0.5224999785423279,0.4749999940395355,0.5,0.5,32800
2013-11-07,0.44999998807907104,0.44999998807907104,0.4399999976158142,0.44999998807907104,0.44999998807907104,105600
2013-11-08,0.44999998807907104,0.5,0.4300000071525574,0.5,0.5,137600
2013-11-11,0.5,0.5,0.48249998688697815,0.5,0.5,5200
2013-11-12,0.4975000023841858,0.4975000023841858,0.4025000035762787,0.49000000953674316,0.49000000953674316,13600
2013-11-13,0.4749999940395355,0.5249999761581421,0.4749999940395355,0.512499988079071,0.512499988079071,172400
2013-11-14,0.5350000262260437,0.5375000238418579,0.5,0.5375000238418579,0.5375000238418579,203200
2013-11-15,0.5375000238418579,0.5375000238418579,0.4625000059604645,0.4724999964237213,0.4724999964237213,42800
2013-11-18,0.4625000059604645,0.4699999988079071,0.41749998927116394,0.44999998807907104,0.44999998807907104,32400
2013-11-19,0.44749999046325684,0.4699999988079071,0.41999998688697815,0.4699999988079071,0.4699999988079071,81200
2013-11-20,0.4625000059604645,0.4625000059604645,0.45500001311302185,0.45500001311302185,0.45500001311302185,4400
2013-11-21,0.45500001311302185,0.45500001311302185,0.4424999952316284,0.44999998807907104,0.44999998807907104,20800
2013-11-22,0.44999998807907104,0.4699999988079071,0.44999998807907104,0.4699999988079071,0.4699999988079071,156800
2013-11-25,0.4699999988079071,0.5249999761581421,0.4699999988079071,0.5,0.5,36000
2013-11-26,0.4925000071525574,0.4925000071525574,0.4925000071525574,0.4925000071525574,0.4925000071525574,400
2013-11-27,0.4675000011920929,0.5049999952316284,0.44999998807907104,0.44999998807907104,0.44999998807907104,438800
2013-11-29,0.4749999940395355,0.5,0.4675000011920929,0.5,0.5,24000
2013-12-02,0.5,0.5,0.5,0.5,0.5,0
2013-12-03,0.4625000059604645,0.5249999761581421,0.4625000059604645,0.5099999904632568,0.5099999904632568,432400
2013-12-04,0.5,0.5,0.4749999940395355,0.47999998927116394,0.47999998927116394,5200
2013-12-05,0.4749999940395355,0.5,0.4650000035762787,0.5,0.5,28400
2013-12-06,0.5,0.5249999761581421,0.4975000023841858,0.5249999761581421,0.5249999761581421,264800
2013-12-09,0.5249999761581421,0.5375000238418579,0.5249999761581421,0.5375000238418579,0.5375000238418579,78000
2013-12-10,0.5249999761581421,0.5450000166893005,0.5249999761581421,0.5450000166893005,0.5450000166893005,98800
2013-12-11,0.5450000166893005,0.550000011920929,0.5400000214576721,0.550000011920929,0.550000011920929,70000
2013-12-12,0.5625,0.574999988079071,0.550000011920929,0.5724999904632568,0.5724999904632568,132000
2013-12-13,0.5575000047683716,0.5625,0.5450000166893005,0.550000011920929,0.550000011920929,15600
2013-12-16,0.5249999761581421,0.574999988079071,0.5249999761581421,0.5649999976158142,0.5649999976158142,94800
2013-12-17,0.5475000143051147,0.5625,0.5475000143051147,0.5625,0.5625,36400
2013-12-18,0.5525000095367432,0.5525000095367432,0.5450000166893005,0.5475000143051147,0.5475000143051147,38400
2013-12-19,0.5350000262260437,0.550000011920929,0.5249999761581421,0.550000011920929,0.550000011920929,134800
2013-12-20,0.550000011920929,0.574999988079071,0.550000011920929,0.5724999904632568,0.5724999904632568,52000
2013-12-23,0.5724999904632568,0.5724999904632568,0.550000011920929,0.5600000023841858,0.5600000023841858,25200
2013-12-24,0.5249999761581421,0.5600000023841858,0.5249999761581421,0.5600000023841858,0.5600000023841858,68400
2013-12-26,0.550000011920929,0.574999988079071,0.550000011920929,0.574999988079071,0.574999988079071,4400
2013-12-27,0.5625,0.574999988079071,0.5625,0.574999988079071,0.574999988079071,10400
2013-12-30,0.5625,0.5625,0.5625,0.5625,0.5625,26000
2013-12-31,0.5550000071525574,0.6625000238418579,0.5525000095367432,0.612500011920929,0.612500011920929,123200
2014-01-02,0.625,0.675000011920929,0.574999988079071,0.6349999904632568,0.6349999904632568,96800
2014-01-03,0.637499988079071,0.6499999761581421,0.5625,0.6424999833106995,0.6424999833106995,97600
2014-01-06,0.6499999761581421,0.6675000190734863,0.5774999856948853,0.6000000238418579,0.6000000238418579,72800
2014-01-07,0.5799999833106995,0.5874999761581421,0.5600000023841858,0.574999988079071,0.574999988079071,144400
2014-01-08,0.5600000023841858,0.5625,0.5600000023841858,0.5600000023841858,0.5600000023841858,26000
2014-01-09,0.5525000095367432,0.5600000023841858,0.5024999976158142,0.5550000071525574,0.5550000071525574,60000
2014-01-10,0.5550000071525574,0.5550000071525574,0.5249999761581421,0.5550000071525574,0.5550000071525574,32000
2014-01-13,0.5249999761581421,0.5600000023841858,0.5249999761581421,0.5575000047683716,0.5575000047683716,7600
2014-01-14,0.5325000286102295,0.550000011920929,0.512499988079071,0.5375000238418579,0.5375000238418579,22400
2014-01-15,0.5249999761581421,0.5375000238418579,0.5099999904632568,0.5249999761581421,0.5249999761581421,88000
2014-01-16,0.5249999761581421,0.5375000238418579,0.512499988079071,0.5375000238418579,0.5375000238418579,48400
2014-01-17,0.5375000238418579,0.5375000238418579,0.5,0.5350000262260437,0.5350000262260437,51200
2014-01-21,0.4925000071525574,0.5249999761581421,0.4925000071525574,0.5249999761581421,0.5249999761581421,29200
2014-01-22,0.5,0.5325000286102295,0.5,0.5,0.5,14800
2014-01-23,0.5024999976158142,0.5350000262260437,0.5024999976158142,0.5325000286102295,0.5325000286102295,25600
2014-01-24,0.5249999761581421,0.5325000286102295,0.512499988079071,0.512499988079071,0.512499988079071,23600
2014-01-27,0.5249999761581421,0.5299999713897705,0.5249999761581421,0.5299999713897705,0.5299999713897705,22000
2014-01-28,0.5249999761581421,0.5299999713897705,0.49000000953674316,0.5,0.5,20400
2014-01-29,0.512499988079071,0.5249999761581421,0.5,0.5249999761581421,0.5249999761581421,17600
2014-01-30,0.5249999761581421,0.5249999761581421,0.5149999856948853,0.5149999856948853,0.5149999856948853,3600
2014-01-31,0.5,0.5249999761581421,0.5,0.5174999833106995,0.5174999833106995,68400
2014-02-03,0.512499988079071,0.512499988079071,0.4399999976158142,0.4950000047683716,0.4950000047683716,63600
2014-02-04,0.4950000047683716,0.5249999761581421,0.48750001192092896,0.5099999904632568,0.5099999904632568,96400
2014-02-05,0.5099999904632568,0.5099999904632568,0.5,0.5,0.5,21600
2014-02-06,0.550000011920929,0.550000011920929,0.4925000071525574,0.550000011920929,0.550000011920929,4000
2014-02-07,0.5375000238418579,0.5874999761581421,0.44999998807907104,0.5450000166893005,0.5450000166893005,88800
2014-02-10,0.5375000238418579,0.5724999904632568,0.5375000238418579,0.5724999904632568,0.5724999904632568,7600
2014-02-11,0.5625,0.5724999904632568,0.5625,0.5724999904632568,0.5724999904632568,21600
2014-02-12,0.5625,0.5625,0.44999998807907104,0.5625,0.5625,198000
2014-02-13,0.5525000095367432,0.5724999904632568,0.5525000095367432,0.5724999904632568,0.5724999904632568,43600
2014-02-14,0.5724999904632568,0.637499988079071,0.5649999976158142,0.5924999713897705,0.5924999713897705,667600
2014-02-18,0.6499999761581421,0.6524999737739563,0.6050000190734863,0.6499999761581421,0.6499999761581421,979600
2014-02-19,0.6625000238418579,0.7749999761581421,0.6524999737739563,0.7475000023841858,0.7475000023841858,796000
2014-02-20,0.7599999904632568,0.8125,0.7450000047683716,0.8100000023841858,0.8100000023841858,595200
2014-02-21,0.800000011920929,0.8199999928474426,0.7524999976158142,0.800000011920929,0.800000011920929,247600
2014-02-24,0.8025000095367432,0.8025000095367432,0.75,0.7799999713897705,0.7799999713897705,184000
2014-02-25,0.7799999713897705,0.7850000262260437,0.699999988079071,0.75,0.75,247200
2014-02-26,0.7124999761581421,0.800000011920929,0.7124999761581421,0.7749999761581421,0.7749999761581421,78400
2014-02-27,0.762499988079071,0.762499988079071,0.7250000238418579,0.75,0.75,70800
2014-02-28,0.762499988079071,0.762499988079071,0.7174999713897705,0.7524999976158142,0.7524999976158142,49600
2014-03-03,0.7149999737739563,0.7524999976158142,0.7024999856948853,0.7350000143051147,0.7350000143051147,28400
2014-03-04,0.7350000143051147,0.75,0.699999988079071,0.7024999856948853,0.7024999856948853,73200
2014-03-05,0.699999988079071,0.7350000143051147,0.6875,0.7149999737739563,0.7149999737739563,56800
2014-03-06,0.7149999737739563,0.7174999713897705,0.6974999904632568,0.7124999761581421,0.7124999761581421,14000
2014-03-07,0.6800000071525574,0.699999988079071,0.6800000071525574,0.699999988079071,0.699999988079071,96800
2014-03-10,0.7149999737739563,0.7250000238418579,0.7149999737739563,0.7250000238418579,0.7250000238418579,28400
2014-03-11,0.7174999713897705,0.7350000143051147,0.7174999713897705,0.7350000143051147,0.7350000143051147,25200
2014-03-12,0.7325000166893005,0.7649999856948853,0.6524999737739563,0.7250000238418579,0.7250000238418579,114400
2014-03-13,0.7250000238418579,0.7250000238418579,0.699999988079071,0.7225000262260437,0.7225000262260437,20000
2014-03-14,0.7250000238418579,0.7250000238418579,0.7225000262260437,0.7250000238418579,0.7250000238418579,9600
2014-03-17,0.7250000238418579,0.7350000143051147,0.699999988079071,0.7074999809265137,0.7074999809265137,41600
2014-03-18,0.7024999856948853,0.7475000023841858,0.6600000262260437,0.7475000023841858,0.7475000023841858,11600
2014-03-19,0.7475000023841858,0.7475000023841858,0.675000011920929,0.699999988079071,0.699999988079071,19200
2014-03-20,0.699999988079071,0.75,0.699999988079071,0.7124999761581421,0.7124999761581421,37200
2014-03-21,0.7099999785423279,0.7124999761581421,0.6875,0.6949999928474426,0.6949999928474426,40400
2014-03-24,0.6949999928474426,0.7124999761581421,0.675000011920929,0.7124999761581421,0.7124999761581421,26400
2014-03-25,0.7124999761581421,0.75,0.6675000190734863,0.6675000190734863,0.6675000190734863,62800
2014-03-26,0.675000011920929,0.7325000166893005,0.6675000190734863,0.7250000238418579,0.7250000238418579,19600
2014-03-27,0.7225000262260437,0.7225000262260437,0.7124999761581421,0.7124999761581421,0.7124999761581421,1600
2014-03-28,0.7250000238418579,0.7250000238418579,0.7124999761581421,0.7200000286102295,0.7200000286102295,24800
2014-03-31,0.6899999976158142,0.6899999976158142,0.5249999761581421,0.625,0.625,307600
2014-04-01,0.5924999713897705,0.5924999713897705,0.5625,0.5699999928474426,0.5699999928474426,146800
2014-04-02,0.5600000023841858,0.5600000023841858,0.5325000286102295,0.5375000238418579,0.5375000238418579,86400
2014-04-03,0.550000011920929,0.5724999904632568,0.5450000166893005,0.5550000071525574,0.5550000071525574,16800
2014-04-04,0.550000011920929,0.5774999856948853,0.5375000238418579,0.5425000190734863,0.5425000190734863,85200
2014-04-07,0.5325000286102295,0.550000011920929,0.5299999713897705,0.550000011920929,0.550000011920929,46400
2014-04-08,0.5325000286102295,0.550000011920929,0.5325000286102295,0.550000011920929,0.550000011920929,24000
2014-04-09,0.5625,0.574999988079071,0.550000011920929,0.5674999952316284,0.5674999952316284,4800
2014-04-10,0.5824999809265137,0.5849999785423279,0.550000011920929,0.550000011920929,0.550000011920929,59200
2014-04-11,0.550000011920929,0.5799999833106995,0.550000011920929,0.5799999833106995,0.5799999833106995,5200
2014-04-14,0.5799999833106995,0.5799999833106995,0.5350000262260437,0.5350000262260437,0.5350000262260437,11200
2014-04-15,0.5350000262260437,0.5525000095367432,0.5299999713897705,0.5299999713897705,0.5299999713897705,23200
2014-04-16,0.550000011920929,0.550000011920929,0.550000011920929,0.550000011920929,0.550000011920929,22000
2014-04-17,0.5375000238418579,0.5550000071525574,0.5375000238418579,0.5550000071525574,0.5550000071525574,11600
2014-04-21,0.5625,0.5625,0.550000011920929,0.550000011920929,0.550000011920929,6000
2014-04-22,0.5625,0.5950000286102295,0.5625,0.5950000286102295,0.5950000286102295,50000
2014-04-23,0.5874999761581421,0.5874999761581421,0.5799999833106995,0.5874999761581421,0.5874999761581421,4000
2014-04-24,0.5874999761581421,0.5874999761581421,0.5874999761581421,0.5874999761581421,0.5874999761581421,800
2014-04-25,0.5874999761581421,0.5874999761581421,0.550000011920929,0.5874999761581421,0.5874999761581421,7600
2014-04-28,0.5525000095367432,0.5799999833106995,0.550000011920929,0.574999988079071,0.574999988079071,15200
2014-04-29,0.574999988079071,0.5874999761581421,0.574999988079071,0.5874999761581421,0.5874999761581421,10400
2014-04-30,0.5874999761581421,0.6449999809265137,0.5874999761581421,0.5950000286102295,0.5950000286102295,72800
2014-05-01,0.5950000286102295,0.6549999713897705,0.5950000286102295,0.6499999761581421,0.6499999761581421,118800
2014-05-02,0.6499999761581421,0.6499999761581421,0.5899999737739563,0.5899999737739563,0.5899999737739563,16400
2014-05-05,0.6225000023841858,0.6225000023841858,0.5899999737739563,0.6175000071525574,0.6175000071525574,6000
2014-05-06,0.6100000143051147,0.6575000286102295,0.6000000238418579,0.6575000286102295,0.6575000286102295,28800
2014-05-07,0.612500011920929,0.6349999904632568,0.6000000238418579,0.612500011920929,0.612500011920929,33200
2014-05-08,0.6000000238418579,0.612500011920929,0.5799999833106995,0.612500011920929,0.612500011920929,8800
2014-05-09,0.5824999809265137,0.6050000190734863,0.5625,0.6050000190734863,0.6050000190734863,26800
2014-05-12,0.5975000262260437,0.5975000262260437,0.5625,0.5625,0.5625,126000
2014-05-13,0.5625,0.5724999904632568,0.5625,0.5724999904632568,0.5724999904632568,30000
2014-05-14,0.5724999904632568,0.6150000095367432,0.5625,0.6150000095367432,0.6150000095367432,53600
2014-05-15,0.6075000166893005,0.6075000166893005,0.5299999713897705,0.5600000023841858,0.5600000023841858,377200
2014-05-16,0.5575000047683716,0.612500011920929,0.550000011920929,0.6000000238418579,0.6000000238418579,5600
2014-05-19,0.5525000095367432,0.5874999761581421,0.550000011920929,0.5874999761581421,0.5874999761581421,4000
2014-05-20,0.5625,0.5625,0.550000011920929,0.550000011920929,0.550000011920929,25200
2014-05-21,0.5625,0.5849999785423279,0.5625,0.5849999785423279,0.5849999785423279,19200
2014-05-22,0.5625,0.5625,0.5625,0.5625,0.5625,6000
2014-05-23,0.5824999809265137,0.5975000262260437,0.550000011920929,0.550000011920929,0.550000011920929,18000
2014-05-27,0.5724999904632568,0.5724999904632568,0.550000011920929,0.5625,0.5625,44000
2014-05-28,0.550000011920929,0.5724999904632568,0.550000011920929,0.550000011920929,0.550000011920929,37600
2014-05-29,0.550000011920929,0.550000011920929,0.5299999713897705,0.5475000143051147,0.5475000143051147,36400
2014-05-30,0.5375000238418579,0.5400000214576721,0.5249999761581421,0.5375000238418579,0.5375000238418579,32000
2014-06-02,0.5049999952316284,0.5375000238418579,0.5024999976158142,0.5174999833106995,0.5174999833106995,48000
2014-06-03,0.5174999833106995,0.5400000214576721,0.5174999833106995,0.5199999809265137,0.5199999809265137,10400
2014-06-04,0.5174999833106995,0.5625,0.5174999833106995,0.5625,0.5625,65200
2014-06-05,0.5375000238418579,0.5625,0.5149999856948853,0.5375000238418579,0.5375000238418579,11200
2014-06-06,0.5325000286102295,0.5325000286102295,0.5149999856948853,0.5174999833106995,0.5174999833106995,12800
2014-06-09,0.5199999809265137,0.5199999809265137,0.5199999809265137,0.5199999809265137,0.5199999809265137,2000
2014-06-10,0.5249999761581421,0.5249999761581421,0.5199999809265137,0.5199999809265137,0.5199999809265137,8000
2014-06-11,0.5375000238418579,0.5375000238418579,0.5149999856948853,0.5149999856948853,0.5149999856948853,20000
2014-06-12,0.5375000238418579,0.5375000238418579,0.5049999952316284,0.5249999761581421,0.5249999761581421,33600
2014-06-13,0.5049999952316284,0.5174999833106995,0.5,0.5049999952316284,0.5049999952316284,58400
2014-06-16,0.5049999952316284,0.5375000238418579,0.49000000953674316,0.5375000238418579,0.5375000238418579,90000
2014-06-17,0.5049999952316284,0.512499988079071,0.4950000047683716,0.5,0.5,48400
2014-06-18,0.48750001192092896,0.5,0.48750001192092896,0.5,0.5,9200
2014-06-19,0.4749999940395355,0.48750001192092896,0.4749999940395355,0.48750001192092896,0.48750001192092896,6000
2014-06-20,0.48750001192092896,0.5375000238418579,0.48750001192092896,0.5375000238418579,0.5375000238418579,6000
2014-06-23,0.5375000238418579,0.550000011920929,0.48750001192092896,0.550000011920929,0.550000011920929,27600
2014-06-24,0.5024999976158142,0.550000011920929,0.5024999976158142,0.5375000238418579,0.5375000238418579,30400
2014-06-25,0.5375000238418579,0.550000011920929,0.5274999737739563,0.5400000214576721,0.5400000214576721,33600
2014-06-26,0.5674999952316284,0.5674999952316284,0.5450000166893005,0.5525000095367432,0.5525000095367432,30000
2014-06-27,0.5625,0.5674999952316284,0.5575000047683716,0.5575000047683716,0.5575000047683716,43600
2014-06-30,0.5649999976158142,0.5649999976158142,0.5550000071525574,0.5625,0.5625,60800
2014-07-01,0.5375000238418579,0.5550000071525574,0.5375000238418579,0.5550000071525574,0.5550000071525574,34000
2014-07-02,0.5625,0.5625,0.5575000047683716,0.5625,0.5625,19600
2014-07-03,0.5625,0.5625,0.5625,0.5625,0.5625,60400
2014-07-07,0.5674999952316284,0.5674999952316284,0.5674999952316284,0.5674999952316284,0.5674999952316284,6800
2014-07-08,0.5674999952316284,0.574999988079071,0.5674999952316284,0.574999988079071,0.574999988079071,4800
2014-07-09,0.5724999904632568,0.5724999904632568,0.5674999952316284,0.5674999952316284,0.5674999952316284,6800
2014-07-10,0.5674999952316284,0.5674999952316284,0.5625,0.5674999952316284,0.5674999952316284,6800
2014-07-11,0.5674999952316284,0.574999988079071,0.5674999952316284,0.5724999904632568,0.5724999904632568,35200
2014-07-14,0.625,0.6349999904632568,0.5874999761581421,0.612500011920929,0.612500011920929,180400
2014-07-15,0.6349999904632568,0.6474999785423279,0.6150000095367432,0.6449999809265137,0.6449999809265137,63200
2014-07-16,0.6449999809265137,0.6850000023841858,0.6449999809265137,0.6850000023841858,0.6850000023841858,87200
2014-07-17,0.6949999928474426,0.6949999928474426,0.6499999761581421,0.6700000166893005,0.6700000166893005,33600
2014-07-18,0.6625000238418579,0.6700000166893005,0.6575000286102295,0.6625000238418579,0.6625000238418579,43200
2014-07-21,0.6474999785423279,0.6850000023841858,0.6474999785423279,0.675000011920929,0.675000011920929,88000
2014-07-22,0.675000011920929,0.675000011920929,0.6050000190734863,0.6175000071525574,0.6175000071525574,98000
2014-07-23,0.6225000023841858,0.6700000166893005,0.6175000071525574,0.6625000238418579,0.6625000238418579,34400
2014-07-24,0.6625000238418579,0.6625000238418579,0.6499999761581421,0.6625000238418579,0.6625000238418579,16800
2014-07-25,0.6725000143051147,0.6725000143051147,0.5774999856948853,0.6474999785423279,0.6474999785423279,68800
2014-07-28,0.637499988079071,0.637499988079071,0.625,0.625,0.625,2800
2014-07-29,0.625,0.6449999809265137,0.5975000262260437,0.6000000238418579,0.6000000238418579,21600
2014-07-30,0.5874999761581421,0.6225000023841858,0.5874999761581421,0.6050000190734863,0.6050000190734863,36400
2014-07-31,0.6175000071525574,0.6175000071525574,0.5950000286102295,0.5950000286102295,0.5950000286102295,20400
2014-08-01,0.5950000286102295,0.5950000286102295,0.5950000286102295,0.5950000286102295,0.5950000286102295,0
2014-08-04,0.5950000286102295,0.6000000238418579,0.5950000286102295,0.6000000238418579,0.6000000238418579,1200
2014-08-05,0.6150000095367432,0.6274999976158142,0.6150000095367432,0.6274999976158142,0.6274999976158142,10800
2014-08-06,0.6274999976158142,0.6274999976158142,0.574999988079071,0.6274999976158142,0.6274999976158142,18800
2014-08-07,0.6449999809265137,0.6625000238418579,0.6449999809265137,0.6625000238418579,0.6625000238418579,36000
2014-08-08,0.6725000143051147,0.675000011920929,0.637499988079071,0.6499999761581421,0.6499999761581421,26000
2014-08-11,0.6524999737739563,0.675000011920929,0.6524999737739563,0.675000011920929,0.675000011920929,67200
2014-08-12,0.675000011920929,0.675000011920929,0.637499988079071,0.6499999761581421,0.6499999761581421,17200
2014-08-13,0.6524999737739563,0.6725000143051147,0.6524999737739563,0.6625000238418579,0.6625000238418579,44000
2014-08-14,0.6600000262260437,0.675000011920929,0.6600000262260437,0.675000011920929,0.675000011920929,36400
2014-08-15,0.675000011920929,0.675000011920929,0.6650000214576721,0.6650000214576721,0.6650000214576721,15200
2014-08-18,0.6650000214576721,0.675000011920929,0.6625000238418579,0.6625000238418579,0.6625000238418579,70400
2014-08-19,0.6625000238418579,0.675000011920929,0.6600000262260437,0.675000011920929,0.675000011920929,30400
2014-08-20,0.6499999761581421,0.6625000238418579,0.6499999761581421,0.6625000238418579,0.6625000238418579,42800
2014-08-21,0.6650000214576721,0.675000011920929,0.6499999761581421,0.6725000143051147,0.6725000143051147,20800
2014-08-22,0.675000011920929,0.6800000071525574,0.6725000143051147,0.6800000071525574,0.6800000071525574,21600
2014-08-25,0.6800000071525574,0.7225000262260437,0.6800000071525574,0.7200000286102295,0.7200000286102295,133200
2014-08-26,0.7200000286102295,0.7225000262260437,0.6850000023841858,0.6850000023841858,0.6850000023841858,42800
2014-08-27,0.6875,0.7124999761581421,0.6700000166893005,0.7124999761581421,0.7124999761581421,27200
2014-08-28,0.6949999928474426,0.699999988079071,0.6775000095367432,0.699999988079071,0.699999988079071,14400
2014-08-29,0.7049999833106995,0.7124999761581421,0.7024999856948853,0.7024999856948853,0.7024999856948853,1200
2014-09-02,0.7099999785423279,0.7250000238418579,0.6875,0.7124999761581421,0.7124999761581421,25600
2014-09-03,0.699999988079071,0.7024999856948853,0.699999988079071,0.699999988079071,0.699999988079071,10800
2014-09-04,0.699999988079071,0.699999988079071,0.6800000071525574,0.6800000071525574,0.6800000071525574,4000
2014-09-05,0.6800000071525574,0.6800000071525574,0.6499999761581421,0.6600000262260437,0.6600000262260437,56800
2014-09-08,0.6600000262260437,0.6600000262260437,0.6549999713897705,0.6600000262260437,0.6600000262260437,16400
2014-09-09,0.6625000238418579,0.6725000143051147,0.6625000238418579,0.6625000238418579,0.6625000238418579,244000
2014-09-10,0.6625000238418579,0.6625000238418579,0.6499999761581421,0.6600000262260437,0.6600000262260437,212400
2014-09-11,0.6549999713897705,0.6549999713897705,0.6549999713897705,0.6549999713897705,0.6549999713897705,22800
2014-09-12,0.6625000238418579,0.7200000286102295,0.6625000238418579,0.7024999856948853,0.7024999856948853,163200
2014-09-15,0.7049999833106995,0.7049999833106995,0.6899999976158142,0.6974999904632568,0.6974999904632568,54400
2014-09-16,0.699999988079071,0.7200000286102295,0.6974999904632568,0.7074999809265137,0.7074999809265137,88000
2014-09-17,0.7149999737739563,0.7149999737739563,0.6524999737739563,0.7149999737739563,0.7149999737739563,80400
2014-09-18,0.7149999737739563,0.7149999737739563,0.699999988079071,0.699999988079071,0.699999988079071,11600
2014-09-19,0.699999988079071,0.699999988079071,0.6524999737739563,0.699999988079071,0.699999988079071,33600
2014-09-22,0.6974999904632568,0.699999988079071,0.6775000095367432,0.699999988079071,0.699999988079071,51200
2014-09-23,0.699999988079071,0.7149999737739563,0.699999988079071,0.7149999737739563,0.7149999737739563,28800
2014-09-24,0.7149999737739563,0.7149999737739563,0.6825000047683716,0.699999988079071,0.699999988079071,63600
2014-09-25,0.675000011920929,0.675000011920929,0.675000011920929,0.675000011920929,0.675000011920929,400
2014-09-26,0.675000011920929,0.675000011920929,0.675000011920929,0.675000011920929,0.675000011920929,0
2014-09-29,0.675000011920929,0.699999988079071,0.6549999713897705,0.699999988079071,0.699999988079071,10800
2014-09-30,0.6549999713897705,0.675000011920929,0.6549999713897705,0.675000011920929,0.675000011920929,36800
2014-10-01,0.675000011920929,0.675000011920929,0.6549999713897705,0.6549999713897705,0.6549999713897705,25600
2014-10-02,0.6549999713897705,0.675000011920929,0.6549999713897705,0.675000011920929,0.675000011920929,7600
2014-10-03,0.6625000238418579,0.6625000238418579,0.6625000238418579,0.6625000238418579,0.6625000238418579,40000
2014-10-06,0.6524999737739563,0.6850000023841858,0.6524999737739563,0.675000011920929,0.675000011920929,19600
2014-10-07,0.675000011920929,0.6875,0.6499999761581421,0.6499999761581421,0.6499999761581421,122400
2014-10-08,0.6524999737739563,0.6625000238418579,0.6524999737739563,0.6600000262260437,0.6600000262260437,40800
2014-10-09,0.6524999737739563,0.6524999737739563,0.6499999761581421,0.6499999761581421,0.6499999761581421,38400
2014-10-10,0.6524999737739563,0.6600000262260437,0.6499999761581421,0.6499999761581421,0.6499999761581421,9200
2014-10-13,0.6424999833106995,0.6625000238418579,0.6424999833106995,0.6499999761581421,0.6499999761581421,55200
2014-10-14,0.6499999761581421,0.6499999761581421,0.637499988079071,0.637499988079071,0.637499988079071,37600
2014-10-15,0.637499988079071,0.6625000238418579,0.637499988079071,0.6625000238418579,0.6625000238418579,22400
2014-10-16,0.6600000262260437,0.6600000262260437,0.6600000262260437,0.6600000262260437,0.6600000262260437,2000
2014-10-17,0.6600000262260437,0.6600000262260437,0.6000000238418579,0.625,0.625,96400
2014-10-20,0.625,0.6875,0.612500011920929,0.6875,0.6875,26800
2014-10-21,0.6625000238418579,0.6700000166893005,0.6524999737739563,0.6650000214576721,0.6650000214576721,19200
2014-10-22,0.675000011920929,0.675000011920929,0.6474999785423279,0.6474999785423279,0.6474999785423279,52400
2014-10-23,0.6449999809265137,0.6474999785423279,0.6449999809265137,0.6474999785423279,0.6474999785423279,6400
2014-10-24,0.6274999976158142,0.6449999809265137,0.6075000166893005,0.625,0.625,44400
2014-10-27,0.6175000071525574,0.6499999761581421,0.6175000071525574,0.6499999761581421,0.6499999761581421,4400
2014-10-28,0.6549999713897705,0.6549999713897705,0.6274999976158142,0.6274999976158142,0.6274999976158142,4400
2014-10-29,0.6274999976158142,0.6274999976158142,0.6274999976158142,0.6274999976158142,0.6274999976158142,0
2014-10-30,0.625,0.6499999761581421,0.625,0.6474999785423279,0.6474999785423279,30400
2014-10-31,0.6274999976158142,0.6499999761581421,0.6274999976158142,0.637499988079071,0.637499988079071,15200
2014-11-03,0.6299999952316284,0.6499999761581421,0.6274999976158142,0.6274999976158142,0.6274999976158142,20400
2014-11-04,0.637499988079071,0.6499999761581421,0.6274999976158142,0.6474999785423279,0.6474999785423279,11600
2014-11-05,0.6499999761581421,0.6499999761581421,0.6274999976158142,0.6274999976158142,0.6274999976158142,9600
2014-11-06,0.6274999976158142,0.6499999761581421,0.6274999976158142,0.637499988079071,0.637499988079071,57600
2014-11-07,0.6424999833106995,0.6625000238418579,0.625,0.6299999952316284,0.6299999952316284,40000
2014-11-10,0.6449999809265137,0.6449999809265137,0.6274999976158142,0.6274999976158142,0.6274999976158142,8400
2014-11-11,0.6499999761581421,0.6499999761581421,0.6499999761581421,0.6499999761581421,0.6499999761581421,35200
2014-11-12,0.6499999761581421,0.6499999761581421,0.6499999761581421,0.6499999761581421,0.6499999761581421,16800
2014-11-13,0.6549999713897705,0.6549999713897705,0.6399999856948853,0.6399999856948853,0.6399999856948853,12000
2014-11-14,0.637499988079071,0.699999988079071,0.6225000023841858,0.6625000238418579,0.6625000238418579,143600
2014-11-17,0.6625000238418579,0.675000011920929,0.6625000238418579,0.675000011920929,0.675000011920929,22000
2014-11-18,0.675000011920929,0.6875,0.675000011920929,0.675000011920929,0.675000011920929,36000
2014-11-19,0.675000011920929,0.675000011920929,0.6399999856948853,0.675000011920929,0.675000011920929,4400
2014-11-20,0.675000011920929,0.7124999761581421,0.675000011920929,0.7124999761581421,0.7124999761581421,6800
2014-11-21,0.7049999833106995,0.7149999737739563,0.6875,0.6949999928474426,0.6949999928474426,24400
2014-11-24,0.6875,0.6875,0.6800000071525574,0.6800000071525574,0.6800000071525574,51200
2014-11-25,0.6800000071525574,0.6974999904632568,0.6800000071525574,0.6949999928474426,0.6949999928474426,17600
2014-11-26,0.6875,0.7250000238418579,0.6875,0.7124999761581421,0.7124999761581421,162800
2014-11-28,0.699999988079071,0.7149999737739563,0.6875,0.6875,0.6875,6000
2014-12-01,0.6800000071525574,0.6800000071525574,0.6524999737739563,0.6775000095367432,0.6775000095367432,27600
2014-12-02,0.7074999809265137,0.7074999809265137,0.6825000047683716,0.699999988079071,0.699999988079071,24000
2014-12-03,0.699999988079071,0.699999988079071,0.699999988079071,0.699999988079071,0.699999988079071,400
2014-12-04,0.6850000023841858,0.6875,0.6850000023841858,0.6875,0.6875,32000
2014-12-05,0.6850000023841858,0.7049999833106995,0.6850000023841858,0.699999988079071,0.699999988079071,70400
2014-12-08,0.7049999833106995,0.7049999833106995,0.625,0.6625000238418579,0.6625000238418579,32400
2014-12-09,0.6499999761581421,0.675000011920929,0.6499999761581421,0.675000011920929,0.675000011920929,40400
2014-12-10,0.6524999737739563,0.6524999737739563,0.6499999761581421,0.6499999761581421,0.6499999761581421,9200
2014-12-11,0.6625000238418579,0.6725000143051147,0.6499999761581421,0.6499999761581421,0.6499999761581421,343600
2014-12-12,0.625,0.6499999761581421,0.625,0.6499999761581421,0.6499999761581421,7200
2014-12-15,0.6424999833106995,0.6424999833106995,0.6025000214576721,0.625,0.625,30400
2014-12-16,0.625,0.6700000166893005,0.6075000166893005,0.6700000166893005,0.6700000166893005,8000
2014-12-17,0.6274999976158142,0.675000011920929,0.5849999785423279,0.6625000238418579,0.6625000238418579,50400
2014-12-18,0.675000011920929,0.675000011920929,0.6175000071525574,0.6650000214576721,0.6650000214576721,33200
2014-12-19,0.6625000238418579,0.6725000143051147,0.6625000238418579,0.6725000143051147,0.6725000143051147,36000
2014-12-22,0.6625000238418579,0.6625000238418579,0.6625000238418579,0.6625000238418579,0.6625000238418579,9200
2014-12-23,0.6625000238418579,0.6625000238418579,0.6625000238418579,0.6625000238418579,0.6625000238418579,0
2014-12-24,0.6625000238418579,0.6625000238418579,0.6625000238418579,0.6625000238418579,0.6625000238418579,0
2014-12-26,0.637499988079071,0.675000011920929,0.637499988079071,0.6650000214576721,0.6650000214576721,4800
2014-12-29,0.6499999761581421,0.6650000214576721,0.6499999761581421,0.6650000214576721,0.6650000214576721,5200
2014-12-30,0.637499988079071,0.6549999713897705,0.625,0.6549999713897705,0.6549999713897705,3600
2014-12-31,0.6499999761581421,0.6499999761581421,0.6000000238418579,0.6499999761581421,0.6499999761581421,16000
2015-01-02,0.612500011920929,0.6449999809265137,0.6025000214576721,0.6449999809265137,0.6449999809265137,30400
2015-01-05,0.6225000023841858,0.6225000023841858,0.5950000286102295,0.6225000023841858,0.6225000023841858,22000
2015-01-06,0.612500011920929,0.612500011920929,0.512499988079071,0.5874999761581421,0.5874999761581421,66000
2015-01-07,0.5950000286102295,0.612500011920929,0.5950000286102295,0.612500011920929,0.612500011920929,9200
2015-01-08,0.625,0.625,0.5774999856948853,0.612500011920929,0.612500011920929,83600
2015-01-09,0.612500011920929,0.612500011920929,0.6075000166893005,0.6075000166893005,0.6075000166893005,2800
2015-01-12,0.6075000166893005,0.6075000166893005,0.5400000214576721,0.5525000095367432,0.5525000095367432,109600
2015-01-13,0.5874999761581421,0.6000000238418579,0.5674999952316284,0.6000000238418579,0.6000000238418579,19600
2015-01-14,0.5849999785423279,0.6000000238418579,0.5625,0.5924999713897705,0.5924999713897705,101600
2015-01-15,0.5950000286102295,0.6200000047683716,0.5924999713897705,0.612500011920929,0.612500011920929,262000
2015-01-16,0.5774999856948853,0.6050000190734863,0.5774999856948853,0.6000000238418579,0.6000000238418579,62000
2015-01-20,0.6000000238418579,0.6349999904632568,0.5874999761581421,0.6075000166893005,0.6075000166893005,81600
2015-01-21,0.612500011920929,0.612500011920929,0.6000000238418579,0.6000000238418579,0.6000000238418579,38800
2015-01-22,0.5874999761581421,0.6000000238418579,0.5874999761581421,0.6000000238418579,0.6000000238418579,46000
2015-01-23,0.6000000238418579,0.6050000190734863,0.5824999809265137,0.6000000238418579,0.6000000238418579,60800
2015-01-26,0.5874999761581421,0.5874999761581421,0.5799999833106995,0.5799999833106995,0.5799999833106995,64800
2015-01-27,0.5799999833106995,0.6000000238418579,0.5774999856948853,0.6000000238418579,0.6000000238418579,34800
2015-01-28,0.5799999833106995,0.5799999833106995,0.5799999833106995,0.5799999833106995,0.5799999833106995,4000
2015-01-29,0.5799999833106995,0.5799999833106995,0.5799999833106995,0.5799999833106995,0.5799999833106995,0
2015-01-30,0.5799999833106995,0.5874999761581421,0.5799999833106995,0.5874999761581421,0.5874999761581421,29200
2015-02-02,0.5874999761581421,0.6000000238418579,0.5674999952316284,0.5674999952316284,0.5674999952316284,113200
2015-02-03,0.5674999952316284,0.6000000238418579,0.5674999952316284,0.5824999809265137,0.5824999809265137,57200
2015-02-04,0.5824999809265137,0.6025000214576721,0.5625,0.5874999761581421,0.5874999761581421,347200
2015-02-05,0.5874999761581421,0.5924999713897705,0.5674999952316284,0.5674999952316284,0.5674999952316284,24800
2015-02-06,0.5674999952316284,0.6075000166893005,0.5525000095367432,0.5824999809265137,0.5824999809265137,50400
2015-02-09,0.5824999809265137,0.5874999761581421,0.5625,0.5625,0.5625,26800
2015-02-10,0.5625,0.6100000143051147,0.5625,0.6100000143051147,0.6100000143051147,5600
2015-02-11,0.5899999737739563,0.6100000143051147,0.5625,0.5950000286102295,0.5950000286102295,33600
2015-02-12,0.5674999952316284,0.5975000262260437,0.5674999952316284,0.5699999928474426,0.5699999928474426,5200
2015-02-13,0.574999988079071,0.574999988079071,0.574999988079071,0.574999988079071,0.574999988079071,2000
2015-02-17,0.5674999952316284,0.574999988079071,0.5674999952316284,0.574999988079071,0.574999988079071,3600
2015-02-18,0.5674999952316284,0.574999988079071,0.5649999976158142,0.574999988079071,0.574999988079071,54000
2015-02-19,0.574999988079071,0.574999988079071,0.5724999904632568,0.574999988079071,0.574999988079071,16800
2015-02-20,0.574999988079071,0.574999988079071,0.574999988079071,0.574999988079071,0.574999988079071,14000
2015-02-23,0.574999988079071,0.574999988079071,0.574999988079071,0.574999988079071,0.574999988079071,36000
2015-02-24,0.550000011920929,0.5874999761581421,0.5249999761581421,0.5849999785423279,0.5849999785423279,113600
2015-02-25,0.574999988079071,0.574999988079071,0.5149999856948853,0.5149999856948853,0.5149999856948853,98400
2015-02-26,0.512499988079071,0.5299999713897705,0.5,0.5074999928474426,0.5074999928474426,205600
2015-02-27,0.5074999928474426,0.5099999904632568,0.5,0.5,0.5,133200
2015-03-02,0.5099999904632568,0.5600000023841858,0.4749999940395355,0.4975000023841858,0.4975000023841858,162400
2015-03-03,0.48750001192092896,0.48750001192092896,0.4625000059604645,0.48750001192092896,0.48750001192092896,116800
2015-03-04,0.5099999904632568,0.512499988079071,0.4724999964237213,0.512499988079071,0.512499988079071,151600
2015-03-05,0.512499988079071,0.5249999761581421,0.512499988079071,0.5249999761581421,0.5249999761581421,91600
2015-03-06,0.512499988079071,0.5350000262260437,0.5074999928474426,0.5350000262260437,0.5350000262260437,459200
2015-03-09,0.5325000286102295,0.5325000286102295,0.5049999952316284,0.5249999761581421,0.5249999761581421,6400
2015-03-10,0.5,0.5375000238418579,0.5,0.512499988079071,0.512499988079071,13200
2015-03-11,0.5199999809265137,0.5224999785423279,0.5149999856948853,0.5149999856948853,0.5149999856948853,28800
2015-03-12,0.5274999737739563,0.5350000262260437,0.5149999856948853,0.5199999809265137,0.5199999809265137,56800
2015-03-13,0.5249999761581421,0.5249999761581421,0.5249999761581421,0.5249999761581421,0.5249999761581421,1600
2015-03-16,0.5174999833106995,0.5224999785423279,0.5174999833106995,0.5199999809265137,0.5199999809265137,28000
2015-03-17,0.5375000238418579,0.5475000143051147,0.5149999856948853,0.5475000143051147,0.5475000143051147,8400
2015-03-18,0.5475000143051147,0.5475000143051147,0.5274999737739563,0.5450000166893005,0.5450000166893005,26400
2015-03-19,0.5400000214576721,0.5400000214576721,0.5174999833106995,0.5174999833106995,0.5174999833106995,4400
2015-03-20,0.5174999833106995,0.5475000143051147,0.5174999833106995,0.5475000143051147,0.5475000143051147,26000
2015-03-23,0.5425000190734863,0.5425000190734863,0.5249999761581421,0.5375000238418579,0.5375000238418579,11200
2015-03-24,0.5249999761581421,0.5325000286102295,0.5249999761581421,0.5249999761581421,0.5249999761581421,8000
2015-03-25,0.5149999856948853,0.5149999856948853,0.5149999856948853,0.5149999856948853,0.5149999856948853,1200
2015-03-26,0.5149999856948853,0.5249999761581421,0.5149999856948853,0.5174999833106995,0.5174999833106995,28000
2015-03-27,0.5249999761581421,0.5475000143051147,0.512499988079071,0.5375000238418579,0.5375000238418579,16800
2015-03-30,0.5375000238418579,0.5375000238418579,0.5375000238418579,0.5375000238418579,0.5375000238418579,0
2015-03-31,0.5375000238418579,0.5425000190734863,0.5024999976158142,0.5400000214576721,0.5400000214576721,96400
2015-04-01,0.5400000214576721,0.5400000214576721,0.512499988079071,0.5375000238418579,0.5375000238418579,20800
2015-04-02,0.5024999976158142,0.5249999761581421,0.5,0.5249999761581421,0.5249999761581421,13600
2015-04-06,0.5049999952316284,0.5049999952316284,0.5049999952316284,0.5049999952316284,0.5049999952316284,4800
2015-04-07,0.5049999952316284,0.5074999928474426,0.45750001072883606,0.45750001072883606,0.45750001072883606,20400
2015-04-08,0.5,0.5,0.5,0.5,0.5,400
2015-04-09,0.48750001192092896,0.48750001192092896,0.47749999165534973,0.48249998688697815,0.48249998688697815,25200
2015-04-10,0.48249998688697815,0.4975000023841858,0.47749999165534973,0.4975000023841858,0.4975000023841858,14000
2015-04-13,0.5,0.5,0.47749999165534973,0.5,0.5,74800
2015-04-14,0.5,0.5249999761581421,0.5,0.5249999761581421,0.5249999761581421,2000
2015-04-15,0.5249999761581421,0.5249999761581421,0.5249999761581421,0.5249999761581421,0.5249999761581421,0
2015-04-16,0.4699999988079071,0.4699999988079071,0.4650000035762787,0.4675000011920929,0.4675000011920929,11600
2015-04-17,0.4699999988079071,0.4975000023841858,0.4650000035762787,0.4975000023841858,0.4975000023841858,22000
2015-04-20,0.4950000047683716,0.4975000023841858,0.49000000953674316,0.4975000023841858,0.4975000023841858,14400
2015-04-21,0.4925000071525574,0.4975000023841858,0.47749999165534973,0.47749999165534973,0.47749999165534973,26800
2015-04-22,0.48500001430511475,0.48500001430511475,0.4749999940395355,0.4749999940395355,0.4749999940395355,2000
2015-04-23,0.4749999940395355,0.4749999940395355,0.4749999940395355,0.4749999940395355,0.4749999940395355,18400
2015-04-24,0.4749999940395355,0.4749999940395355,0.4749999940395355,0.4749999940395355,0.4749999940395355,0
2015-04-27,0.4625000059604645,0.4675000011920929,0.4399999976158142,0.4675000011920929,0.4675000011920929,32400
2015-04-28,0.47999998927116394,0.47999998927116394,0.47999998927116394,0.47999998927116394,0.47999998927116394,2000
2015-04-29,0.4625000059604645,0.4625000059604645,0.4625000059604645,0.4625000059604645,0.4625000059604645,4400
2015-04-30,0.4399999976158142,0.4650000035762787,0.4000000059604645,0.4375,0.4375,36000
2015-05-01,0.4350000023841858,0.44999998807907104,0.4350000023841858,0.4375,0.4375,54800
2015-05-04,0.42500001192092896,0.42500001192092896,0.4000000059604645,0.42500001192092896,0.42500001192092896,68800
2015-05-05,0.4350000023841858,0.5,0.4350000023841858,0.5,0.5,14800
2015-05-06,0.5,0.5,0.5,0.5,0.5,0
2015-05-07,0.5,0.5,0.5,0.5,0.5,0
2015-05-08,0.5,0.5,0.5,0.5,0.5,2000
2015-05-11,0.4975000023841858,0.4975000023841858,0.4975000023841858,0.4975000023841858,0.4975000023841858,1200
2015-05-12,0.48750001192092896,0.48750001192092896,0.48750001192092896,0.48750001192092896,0.48750001192092896,800
2015-05-13,0.4675000011920929,0.4675000011920929,0.4074999988079071,0.42750000953674316,0.42750000953674316,12000
2015-05-14,0.4099999964237213,0.44999998807907104,0.4099999964237213,0.44999998807907104,0.44999998807907104,10400
2015-05-15,0.45750001072883606,0.45750001072883606,0.45750001072883606,0.45750001072883606,0.45750001072883606,3600
2015-05-18,0.44749999046325684,0.4975000023841858,0.41499999165534973,0.41499999165534973,0.41499999165534973,12400
2015-05-19,0.46000000834465027,0.4975000023841858,0.44999998807907104,0.44999998807907104,0.44999998807907104,10000
2015-05-20,0.44749999046325684,0.45249998569488525,0.44749999046325684,0.45249998569488525,0.45249998569488525,1600
2015-05-21,0.45249998569488525,0.4625000059604645,0.42250001430511475,0.4375,0.4375,35600
2015-05-22,0.44999998807907104,0.44999998807907104,0.4375,0.4375,0.4375,1600
2015-05-26,0.4300000071525574,0.4300000071525574,0.42250001430511475,0.42500001192092896,0.42500001192092896,21600
2015-05-27,0.42250001430511475,0.4375,0.38999998569488525,0.38999998569488525,0.38999998569488525,55200
2015-05-28,0.39500001072883606,0.4099999964237213,0.39500001072883606,0.4025000035762787,0.4025000035762787,20000
2015-05-29,0.4025000035762787,0.4025000035762787,0.38999998569488525,0.4000000059604645,0.4000000059604645,46800
2015-06-01,0.38999998569488525,0.4000000059604645,0.38999998569488525,0.4000000059604645,0.4000000059604645,42000
2015-06-02,0.42500001192092896,0.4625000059604645,0.42500001192092896,0.4625000059604645,0.4625000059604645,12000
2015-06-03,0.45249998569488525,0.45750001072883606,0.41499999165534973,0.4375,0.4375,8000
2015-06-04,0.44999998807907104,0.44999998807907104,0.44999998807907104,0.44999998807907104,0.44999998807907104,15200
2015-06-05,0.4625000059604645,0.4625000059604645,0.44999998807907104,0.44999998807907104,0.44999998807907104,10000
2015-06-08,0.44999998807907104,0.44999998807907104,0.42250001430511475,0.42250001430511475,0.42250001430511475,20800
2015-06-09,0.42250001430511475,0.4375,0.42250001430511475,0.4325000047683716,0.4325000047683716,16400
2015-06-10,0.41749998927116394,0.41749998927116394,0.41749998927116394,0.41749998927116394,0.41749998927116394,2000
2015-06-11,0.41749998927116394,0.41749998927116394,0.41749998927116394,0.41749998927116394,0.41749998927116394,1600
2015-06-12,0.41749998927116394,0.41749998927116394,0.41749998927116394,0.41749998927116394,0.41749998927116394,0
2015-06-15,0.4099999964237213,0.4099999964237213,0.4099999964237213,0.4099999964237213,0.4099999964237213,12000
2015-06-16,0.39500001072883606,0.39500001072883606,0.39500001072883606,0.39500001072883606,0.39500001072883606,400
2015-06-17,0.39250001311302185,0.39250001311302185,0.39250001311302185,0.39250001311302185,0.39250001311302185,8000
2015-06-18,0.38999998569488525,0.4025000035762787,0.38999998569488525,0.4000000059604645,0.4000000059604645,42400
2015-06-19,0.42500001192092896,0.4749999940395355,0.42500001192092896,0.4675000011920929,0.4675000011920929,14000
2015-06-22,0.4675000011920929,0.4675000011920929,0.4375,0.4375,0.4375,5200
2015-06-23,0.4399999976158142,0.4399999976158142,0.42500001192092896,0.42500001192092896,0.42500001192092896,24800
2015-06-24,0.42500001192092896,0.4300000071525574,0.42500001192092896,0.4300000071525574,0.4300000071525574,20000
2015-06-25,0.42250001430511475,0.42250001430511475,0.42250001430511475,0.42250001430511475,0.42250001430511475,4000
2015-06-26,0.42500001192092896,0.42500001192092896,0.38749998807907104,0.39750000834465027,0.39750000834465027,11600
2015-06-29,0.4000000059604645,0.4074999988079071,0.38749998807907104,0.4000000059604645,0.4000000059604645,16800
2015-06-30,0.4050000011920929,0.4300000071525574,0.4050000011920929,0.4300000071525574,0.4300000071525574,10000
2015-07-01,0.4300000071525574,0.4300000071525574,0.4000000059604645,0.42500001192092896,0.42500001192092896,10000
2015-07-02,0.42500001192092896,0.42500001192092896,0.38999998569488525,0.39750000834465027,0.39750000834465027,12800
2015-07-06,0.4074999988079071,0.4074999988079071,0.4074999988079071,0.4074999988079071,0.4074999988079071,800
2015-07-07,0.42250001430511475,0.42500001192092896,0.3774999976158142,0.38749998807907104,0.38749998807907104,24400
2015-07-08,0.4000000059604645,0.4000000059604645,0.375,0.4000000059604645,0.4000000059604645,68400
2015-07-09,0.4375,0.4375,0.4375,0.4375,0.4375,1600
2015-07-10,0.4375,0.4375,0.4025000035762787,0.41499999165534973,0.41499999165534973,6800
2015-07-13,0.41499999165534973,0.41499999165534973,0.41499999165534973,0.41499999165534973,0.41499999165534973,0
2015-07-14,0.41499999165534973,0.41499999165534973,0.41499999165534973,0.41499999165534973,0.41499999165534973,400
2015-07-15,0.39250001311302185,0.39250001311302185,0.3824999928474426,0.39250001311302185,0.39250001311302185,88400
2015-07-16,0.4099999964237213,0.4099999964237213,0.4099999964237213,0.4099999964237213,0.4099999964237213,800
2015-07-17,0.4000000059604645,0.42500001192092896,0.4000000059604645,0.4000000059604645,0.4000000059604645,14800
2015-07-20,0.4000000059604645,0.41499999165534973,0.4000000059604645,0.41499999165534973,0.41499999165534973,4400
2015-07-21,0.4000000059604645,0.4000000059604645,0.4000000059604645,0.4000000059604645,0.4000000059604645,11600
2015-07-22,0.4000000059604645,0.4000000059604645,0.4000000059604645,0.4000000059604645,0.4000000059604645,4000
2015-07-23,0.4000000059604645,0.4000000059604645,0.4000000059604645,0.4000000059604645,0.4000000059604645,2800
2015-07-24,0.4025000035762787,0.42500001192092896,0.4025000035762787,0.42500001192092896,0.42500001192092896,4800
2015-07-27,0.42500001192092896,0.42500001192092896,0.42500001192092896,0.42500001192092896,0.42500001192092896,0
2015-07-28,0.42500001192092896,0.42500001192092896,0.4000000059604645,0.4000000059604645,0.4000000059604645,14800
2015-07-29,0.4000000059604645,0.4000000059604645,0.4000000059604645,0.4000000059604645,0.4000000059604645,400
2015-07-30,0.4000000059604645,0.4000000059604645,0.4000000059604645,0.4000000059604645,0.4000000059604645,2800
2015-07-31,0.4000000059604645,0.4000000059604645,0.4000000059604645,0.4000000059604645,0.4000000059604645,14800
2015-08-03,0.4074999988079071,0.4074999988079071,0.4074999988079071,0.4074999988079071,0.4074999988079071,4000
2015-08-04,0.4000000059604645,0.4000000059604645,0.4000000059604645,0.4000000059604645,0.4000000059604645,32000
2015-08-05,0.4025000035762787,0.4025000035762787,0.38749998807907104,0.4000000059604645,0.4000000059604645,20400
2015-08-06,0.39500001072883606,0.39500001072883606,0.39500001072883606,0.39500001072883606,0.39500001072883606,1200
2015-08-07,0.39500001072883606,0.39500001072883606,0.39500001072883606,0.39500001072883606,0.39500001072883606,0
2015-08-10,0.39500001072883606,0.4050000011920929,0.39500001072883606,0.4050000011920929,0.4050000011920929,3200
2015-08-11,0.4074999988079071,0.4074999988079071,0.4025000035762787,0.4025000035762787,0.4025000035762787,8000
2015-08-12,0.38999998569488525,0.38999998569488525,0.38999998569488525,0.38999998569488525,0.38999998569488525,800
2015-08-13,0.38749998807907104,0.4074999988079071,0.38749998807907104,0.4074999988079071,0.4074999988079071,40400
2015-08-14,0.38749998807907104,0.38749998807907104,0.3799999952316284,0.38749998807907104,0.38749998807907104,62400
2015-08-17,0.38749998807907104,0.4699999988079071,0.38749998807907104,0.42750000953674316,0.42750000953674316,20400
2015-08-18,0.41999998688697815,0.4325000047683716,0.41749998927116394,0.42500001192092896,0.42500001192092896,26800
2015-08-19,0.3824999928474426,0.4000000059604645,0.3799999952316284,0.4000000059604645,0.4000000059604645,52000
2015-08-20,0.4000000059604645,0.4699999988079071,0.3799999952316284,0.4325000047683716,0.4325000047683716,25200
2015-08-21,0.3799999952316284,0.41999998688697815,0.36500000953674316,0.4050000011920929,0.4050000011920929,61200
2015-08-24,0.3799999952316284,0.41999998688697815,0.36500000953674316,0.38749998807907104,0.38749998807907104,126800
2015-08-25,0.375,0.38749998807907104,0.375,0.38749998807907104,0.38749998807907104,54800
2015-08-26,0.3725000023841858,0.3799999952316284,0.3700000047683716,0.3774999976158142,0.3774999976158142,42400
2015-08-27,0.38499999046325684,0.39500001072883606,0.38499999046325684,0.39500001072883606,0.39500001072883606,152800
2015-08-28,0.4000000059604645,0.4124999940395355,0.4000000059604645,0.4099999964237213,0.4099999964237213,23200
2015-08-31,0.4074999988079071,0.4074999988079071,0.38749998807907104,0.4074999988079071,0.4074999988079071,26000
2015-09-01,0.3774999976158142,0.4000000059604645,0.3675000071525574,0.4000000059604645,0.4000000059604645,56000
2015-09-02,0.4000000059604645,0.4000000059604645,0.4000000059604645,0.4000000059604645,0.4000000059604645,0
2015-09-03,0.3700000047683716,0.4000000059604645,0.3700000047683716,0.4000000059604645,0.4000000059604645,15200
2015-09-04,0.4000000059604645,0.4000000059604645,0.4000000059604645,0.4000000059604645,0.4000000059604645,400
2015-09-08,0.375,0.375,0.375,0.375,0.375,3600
2015-09-09,0.375,0.4000000059604645,0.375,0.3774999976158142,0.3774999976158142,31600
2015-09-10,0.375,0.39500001072883606,0.375,0.39500001072883606,0.39500001072883606,47600
2015-09-11,0.39500001072883606,0.4000000059604645,0.3675000071525574,0.375,0.375,23600
2015-09-14,0.375,0.3774999976158142,0.3700000047683716,0.3774999976158142,0.3774999976158142,49600
2015-09-15,0.3774999976158142,0.3774999976158142,0.375,0.375,0.375,19600
2015-09-16,0.3725000023841858,0.4000000059604645,0.3725000023841858,0.3799999952316284,0.3799999952316284,118800
2015-09-17,0.3799999952316284,0.39500001072883606,0.3799999952316284,0.38749998807907104,0.38749998807907104,58800
2015-09-18,0.38499999046325684,0.38999998569488525,0.375,0.38999998569488525,0.38999998569488525,33600
2015-09-21,0.3774999976158142,0.3824999928474426,0.375,0.3824999928474426,0.3824999928474426,16400
2015-09-22,0.375,0.375,0.3675000071525574,0.3675000071525574,0.3675000071525574,17200
2015-09-23,0.38499999046325684,0.38749998807907104,0.375,0.375,0.375,73200
2015-09-24,0.3799999952316284,0.38749998807907104,0.3375000059604645,0.3675000071525574,0.3675000071525574,116400
2015-09-25,0.36000001430511475,0.42500001192092896,0.35499998927116394,0.4000000059604645,0.4000000059604645,41600
2015-09-28,0.38749998807907104,0.38999998569488525,0.3700000047683716,0.38749998807907104,0.38749998807907104,176800
2015-09-29,0.33500000834465027,0.39500001072883606,0.33500000834465027,0.3824999928474426,0.3824999928474426,23200
2015-09-30,0.375,0.38499999046325684,0.36250001192092896,0.38499999046325684,0.38499999046325684,93200
2015-10-01,0.36250001192092896,0.38749998807907104,0.36250001192092896,0.38749998807907104,0.38749998807907104,240400
2015-10-02,0.38749998807907104,0.39250001311302185,0.38749998807907104,0.38999998569488525,0.38999998569488525,38000
2015-10-05,0.38999998569488525,0.38999998569488525,0.38749998807907104,0.38749998807907104,0.38749998807907104,35200
2015-10-06,0.38749998807907104,0.38749998807907104,0.38749998807907104,0.38749998807907104,0.38749998807907104,6800
2015-10-07,0.4000000059604645,0.4000000059604645,0.36250001192092896,0.38749998807907104,0.38749998807907104,46000
2015-10-08,0.3725000023841858,0.3725000023841858,0.36500000953674316,0.3725000023841858,0.3725000023841858,8000
2015-10-09,0.36250001192092896,0.36500000953674316,0.36250001192092896,0.36500000953674316,0.36500000953674316,106000
2015-10-12,0.375,0.3774999976158142,0.36500000953674316,0.3675000071525574,0.3675000071525574,40800
2015-10-13,0.36500000953674316,0.36500000953674316,0.36500000953674316,0.36500000953674316,0.36500000953674316,114400
2015-10-14,0.36500000953674316,0.3675000071525574,0.35499998927116394,0.3675000071525574,0.3675000071525574,126000
2015-10-15,0.3675000071525574,0.375,0.36250001192092896,0.36250001192092896,0.36250001192092896,37600
2015-10-16,0.36250001192092896,0.36250001192092896,0.36250001192092896,0.36250001192092896,0.36250001192092896,50000
2015-10-19,0.35249999165534973,0.35249999165534973,0.3499999940395355,0.35249999165534973,0.35249999165534973,58000
2015-10-20,0.35249999165534973,0.375,0.3425000011920929,0.3700000047683716,0.3700000047683716,23600
2015-10-21,0.3700000047683716,0.375,0.3425000011920929,0.35249999165534973,0.35249999165534973,81600
2015-10-22,0.39750000834465027,0.39750000834465027,0.36000001430511475,0.39500001072883606,0.39500001072883606,6400
2015-10-23,0.36250001192092896,0.36250001192092896,0.3425000011920929,0.3499999940395355,0.3499999940395355,58400
2015-10-26,0.3499999940395355,0.36250001192092896,0.3425000011920929,0.3425000011920929,0.3425000011920929,38800
2015-10-27,0.3425000011920929,0.3425000011920929,0.3400000035762787,0.3425000011920929,0.3425000011920929,29200
2015-10-28,0.3449999988079071,0.3449999988079071,0.3449999988079071,0.3449999988079071,0.3449999988079071,9200
2015-10-29,0.3474999964237213,0.3474999964237213,0.33500000834465027,0.33500000834465027,0.33500000834465027,50400
2015-10-30,0.3375000059604645,0.3499999940395355,0.3375000059604645,0.3499999940395355,0.3499999940395355,10000
2015-11-02,0.3449999988079071,0.3499999940395355,0.33500000834465027,0.3499999940395355,0.3499999940395355,30400
2015-11-03,0.3499999940395355,0.36250001192092896,0.3499999940395355,0.35749998688697815,0.35749998688697815,28800
2015-11-04,0.35249999165534973,0.35249999165534973,0.33000001311302185,0.35249999165534973,0.35249999165534973,63200
2015-11-05,0.3499999940395355,0.35249999165534973,0.3375000059604645,0.35249999165534973,0.35249999165534973,40800
2015-11-06,0.35749998688697815,0.36250001192092896,0.35749998688697815,0.35749998688697815,0.35749998688697815,33200
2015-11-09,0.35749998688697815,0.3700000047683716,0.33000001311302185,0.3700000047683716,0.3700000047683716,58800
2015-11-10,0.36000001430511475,0.3700000047683716,0.36000001430511475,0.36500000953674316,0.36500000953674316,13600
2015-11-11,0.36500000953674316,0.3700000047683716,0.36250001192092896,0.36250001192092896,0.36250001192092896,19200
2015-11-12,0.36500000953674316,0.38499999046325684,0.36500000953674316,0.375,0.375,90400
2015-11-13,0.3799999952316284,0.45500001311302185,0.3799999952316284,0.4449999928474426,0.4449999928474426,102400
2015-11-16,0.44999998807907104,0.45500001311302185,0.4124999940395355,0.4124999940395355,0.4124999940395355,11600
2015-11-17,0.42500001192092896,0.42500001192092896,0.4124999940395355,0.42500001192092896,0.42500001192092896,12800
2015-11-18,0.42500001192092896,0.42500001192092896,0.4050000011920929,0.4124999940395355,0.4124999940395355,56800
2015-11-19,0.4124999940395355,0.4124999940395355,0.39250001311302185,0.39250001311302185,0.39250001311302185,59600
2015-11-20,0.39250001311302185,0.4124999940395355,0.38749998807907104,0.4124999940395355,0.4124999940395355,71200
2015-11-23,0.4124999940395355,0.42500001192092896,0.39250001311302185,0.39250001311302185,0.39250001311302185,22000
2015-11-24,0.4074999988079071,0.41499999165534973,0.4074999988079071,0.4124999940395355,0.4124999940395355,30000
2015-11-25,0.41499999165534973,0.42500001192092896,0.41499999165534973,0.42250001430511475,0.42250001430511475,22400
2015-11-27,0.4124999940395355,0.42500001192092896,0.4124999940395355,0.41499999165534973,0.41499999165534973,21200
2015-11-30,0.38749998807907104,0.44999998807907104,0.375,0.44999998807907104,0.44999998807907104,81600
2015-12-01,0.41499999165534973,0.4699999988079071,0.41499999165534973,0.4699999988079071,0.4699999988079071,15200
2015-12-02,0.4074999988079071,0.4724999964237213,0.4074999988079071,0.4699999988079071,0.4699999988079071,16800
2015-12-03,0.4699999988079071,0.48750001192092896,0.4699999988079071,0.4749999940395355,0.4749999940395355,29200
2015-12-04,0.44999998807907104,0.4749999940395355,0.44999998807907104,0.4749999940395355,0.4749999940395355,13200
2015-12-07,0.4650000035762787,0.4650000035762787,0.4449999928474426,0.46000000834465027,0.46000000834465027,23600
2015-12-08,0.46000000834465027,0.4675000011920929,0.41749998927116394,0.4675000011920929,0.4675000011920929,20400
2015-12-09,0.4724999964237213,0.4749999940395355,0.44999998807907104,0.44999998807907104,0.44999998807907104,13600
2015-12-10,0.4449999928474426,0.4625000059604645,0.42250001430511475,0.4300000071525574,0.4300000071525574,28800
2015-12-11,0.42500001192092896,0.42750000953674316,0.3700000047683716,0.3799999952316284,0.3799999952316284,37200
2015-12-14,0.4325000047683716,0.4625000059604645,0.4124999940395355,0.4124999940395355,0.4124999940395355,32000
2015-12-15,0.4124999940395355,0.4124999940395355,0.3499999940395355,0.36000001430511475,0.36000001430511475,45600
2015-12-16,0.38749998807907104,0.38749998807907104,0.35249999165534973,0.3675000071525574,0.3675000071525574,25200
2015-12-17,0.38499999046325684,0.38749998807907104,0.38499999046325684,0.38749998807907104,0.38749998807907104,10000
2015-12-18,0.35749998688697815,0.4124999940395355,0.35749998688697815,0.3799999952316284,0.3799999952316284,7600
2015-12-21,0.4050000011920929,0.4050000011920929,0.39500001072883606,0.39500001072883606,0.39500001072883606,7600
2015-12-22,0.4000000059604645,0.4000000059604645,0.3375000059604645,0.3499999940395355,0.3499999940395355,302800
2015-12-23,0.375,0.375,0.375,0.375,0.375,6800
2015-12-24,0.41499999165534973,0.41499999165534973,0.4124999940395355,0.41499999165534973,0.41499999165534973,6800
2015-12-28,0.4000000059604645,0.4000000059604645,0.3824999928474426,0.38749998807907104,0.38749998807907104,8800
2015-12-29,0.38749998807907104,0.4050000011920929,0.38749998807907104,0.4050000011920929,0.4050000011920929,12400
2015-12-30,0.4050000011920929,0.42500001192092896,0.4025000035762787,0.42500001192092896,0.42500001192092896,8000
2015-12-31,0.4050000011920929,0.42500001192092896,0.4000000059604645,0.4000000059604645,0.4000000059604645,12800
2016-01-04,0.42500001192092896,0.42500001192092896,0.3774999976158142,0.3774999976158142,0.3774999976158142,29200
2016-01-05,0.3774999976158142,0.3774999976158142,0.3774999976158142,0.3774999976158142,0.3774999976158142,0
2016-01-06,0.3499999940395355,0.39250001311302185,0.3499999940395355,0.39250001311302185,0.39250001311302185,38000
2016-01-07,0.36500000953674316,0.375,0.3400000035762787,0.36250001192092896,0.36250001192092896,57200
2016-01-08,0.36500000953674316,0.38999998569488525,0.3449999988079071,0.3474999964237213,0.3474999964237213,26000
2016-01-11,0.32249999046325684,0.38999998569488525,0.32249999046325684,0.3499999940395355,0.3499999940395355,19600
2016-01-12,0.35249999165534973,0.35499998927116394,0.3449999988079071,0.3499999940395355,0.3499999940395355,29600
2016-01-13,0.3449999988079071,0.3449999988079071,0.32249999046325684,0.33000001311302185,0.33000001311302185,33200
2016-01-14,0.32499998807907104,0.32499998807907104,0.32249999046325684,0.32499998807907104,0.32499998807907104,10000
2016-01-15,0.32249999046325684,0.38999998569488525,0.3149999976158142,0.32499998807907104,0.32499998807907104,70400
2016-01-19,0.32499998807907104,0.33000001311302185,0.32499998807907104,0.32499998807907104,0.32499998807907104,26400
2016-01-20,0.32499998807907104,0.3375000059604645,0.3149999976158142,0.3375000059604645,0.3375000059604645,29200
2016-01-21,0.32499998807907104,0.32749998569488525,0.32499998807907104,0.32749998569488525,0.32749998569488525,9600
2016-01-22,0.32749998569488525,0.32749998569488525,0.3149999976158142,0.3149999976158142,0.3149999976158142,5600
2016-01-25,0.30250000953674316,0.32499998807907104,0.30000001192092896,0.3174999952316284,0.3174999952316284,29200
2016-01-26,0.3125,0.3174999952316284,0.3075000047683716,0.3174999952316284,0.3174999952316284,16000
2016-01-27,0.3125,0.3149999976158142,0.3075000047683716,0.3149999976158142,0.3149999976158142,31200
2016-01-28,0.32499998807907104,0.32749998569488525,0.3100000023841858,0.32749998569488525,0.32749998569488525,31200
2016-01-29,0.32749998569488525,0.32749998569488525,0.32749998569488525,0.32749998569488525,0.32749998569488525,0
2016-02-01,0.3174999952316284,0.32749998569488525,0.3125,0.32749998569488525,0.32749998569488525,8000
2016-02-02,0.3125,0.3125,0.3125,0.3125,0.3125,1600
2016-02-03,0.29499998688697815,0.29499998688697815,0.2874999940395355,0.2874999940395355,0.2874999940395355,6400
2016-02-04,0.2874999940395355,0.29499998688697815,0.2800000011920929,0.2874999940395355,0.2874999940395355,99200
2016-02-05,0.2800000011920929,0.2874999940395355,0.2574999928474426,0.2750000059604645,0.2750000059604645,94000
2016-02-08,0.2849999964237213,0.2849999964237213,0.27000001072883606,0.27000001072883606,0.27000001072883606,11200
2016-02-09,0.26750001311302185,0.2750000059604645,0.26499998569488525,0.26750001311302185,0.26750001311302185,23600
2016-02-10,0.26499998569488525,0.2750000059604645,0.25999999046325684,0.2750000059604645,0.2750000059604645,36800
2016-02-11,0.26750001311302185,0.27000001072883606,0.2574999928474426,0.27000001072883606,0.27000001072883606,120800
2016-02-12,0.27000001072883606,0.27250000834465027,0.27000001072883606,0.27250000834465027,0.27250000834465027,2000
2016-02-16,0.2874999940395355,0.2874999940395355,0.2824999988079071,0.2824999988079071,0.2824999988079071,4400
2016-02-17,0.2874999940395355,0.29750001430511475,0.2824999988079071,0.2874999940395355,0.2874999940395355,12400
2016-02-18,0.2824999988079071,0.2824999988079071,0.2750000059604645,0.2750000059604645,0.2750000059604645,6800
2016-02-19,0.2800000011920929,0.2800000011920929,0.27250000834465027,0.2750000059604645,0.2750000059604645,17600
2016-02-22,0.2750000059604645,0.2750000059604645,0.25999999046325684,0.26249998807907104,0.26249998807907104,150800
2016-02-23,0.26499998569488525,0.27000001072883606,0.2524999976158142,0.2574999928474426,0.2574999928474426,155200
2016-02-24,0.25999999046325684,0.26249998807907104,0.2524999976158142,0.26249998807907104,0.26249998807907104,63200
2016-02-25,0.26249998807907104,0.2874999940395355,0.26249998807907104,0.2874999940395355,0.2874999940395355,13600
2016-02-26,0.2750000059604645,0.2874999940395355,0.2750000059604645,0.2874999940395355,0.2874999940395355,14800
2016-02-29,0.2874999940395355,0.3050000071525574,0.2874999940395355,0.30000001192092896,0.30000001192092896,44400
2016-03-01,0.30000001192092896,0.30000001192092896,0.30000001192092896,0.30000001192092896,0.30000001192092896,0
2016-03-02,0.30000001192092896,0.30000001192092896,0.30000001192092896,0.30000001192092896,0.30000001192092896,0
2016-03-03,0.3050000071525574,0.3050000071525574,0.30000001192092896,0.30000001192092896,0.30000001192092896,29600
2016-03-04,0.30000001192092896,0.3125,0.30000001192092896,0.3125,0.3125,30400
2016-03-07,0.3125,0.3125,0.3125,0.3125,0.3125,1600
2016-03-08,0.3125,0.3125,0.3125,0.3125,0.3125,0
2016-03-09,0.3149999976158142,0.3149999976158142,0.3125,0.3125,0.3125,8000
2016-03-10,0.3125,0.3199999928474426,0.3075000047683716,0.3075000047683716,0.3075000047683716,39200
2016-03-11,0.3100000023841858,0.3100000023841858,0.30000001192092896,0.30000001192092896,0.30000001192092896,20000
2016-03-14,0.29499998688697815,0.29750001430511475,0.29499998688697815,0.29499998688697815,0.29499998688697815,3200
2016-03-15,0.29499998688697815,0.29499998688697815,0.28999999165534973,0.28999999165534973,0.28999999165534973,19600
2016-03-16,0.2874999940395355,0.28999999165534973,0.26249998807907104,0.28999999165534973,0.28999999165534973,18000
2016-03-17,0.28999999165534973,0.28999999165534973,0.28999999165534973,0.28999999165534973,0.28999999165534973,0
2016-03-18,0.26499998569488525,0.27000001072883606,0.26499998569488525,0.27000001072883606,0.27000001072883606,30000
2016-03-21,0.27000001072883606,0.27000001072883606,0.27000001072883606,0.27000001072883606,0.27000001072883606,0
2016-03-22,0.27000001072883606,0.27000001072883606,0.26499998569488525,0.26499998569488525,0.26499998569488525,8000
2016-03-23,0.26499998569488525,0.26499998569488525,0.26499998569488525,0.26499998569488525,0.26499998569488525,0
2016-03-24,0.27000001072883606,0.27000001072883606,0.27000001072883606,0.27000001072883606,0.27000001072883606,36000
2016-03-28,0.27000001072883606,0.27250000834465027,0.27000001072883606,0.27000001072883606,0.27000001072883606,40000
2016-03-29,0.27000001072883606,0.27000001072883606,0.27000001072883606,0.27000001072883606,0.27000001072883606,4000
2016-03-30,0.27000001072883606,0.27000001072883606,0.27000001072883606,0.27000001072883606,0.27000001072883606,1200
2016-03-31,0.2750000059604645,0.2750000059604645,0.2750000059604645,0.2750000059604645,0.2750000059604645,10000
2016-04-01,0.2750000059604645,0.2750000059604645,0.2750000059604645,0.2750000059604645,0.2750000059604645,2400
2016-04-04,0.2750000059604645,0.2750000059604645,0.2750000059604645,0.2750000059604645,0.2750000059604645,0
2016-04-05,0.26499998569488525,0.26499998569488525,0.26499998569488525,0.26499998569488525,0.26499998569488525,1200
2016-04-06,0.26499998569488525,0.26499998569488525,0.26499998569488525,0.26499998569488525,0.26499998569488525,8000
2016-04-07,0.26499998569488525,0.26750001311302185,0.26499998569488525,0.26750001311302185,0.26750001311302185,3200
2016-04-08,0.26750001311302185,0.26750001311302185,0.2549999952316284,0.25999999046325684,0.25999999046325684,16800
2016-04-11,0.25999999046325684,0.25999999046325684,0.25999999046325684,0.25999999046325684,0.25999999046325684,1200
2016-04-12,0.26249998807907104,0.26249998807907104,0.2524999976158142,0.2574999928474426,0.2574999928474426,72800
2016-04-13,0.2574999928474426,0.26249998807907104,0.25,0.2524999976158142,0.2524999976158142,110400
2016-04-14,0.2524999976158142,0.2524999976158142,0.25,0.25,0.25,39600
2016-04-15,0.2549999952316284,0.2549999952316284,0.2475000023841858,0.25,0.25,114800
2016-04-18,0.25,0.25,0.25,0.25,0.25,0
2016-04-19,0.2524999976158142,0.2524999976158142,0.2524999976158142,0.2524999976158142,0.2524999976158142,4400
2016-04-20,0.2574999928474426,0.2574999928474426,0.2549999952316284,0.2549999952316284,0.2549999952316284,12000
2016-04-21,0.2574999928474426,0.26249998807907104,0.2574999928474426,0.26249998807907104,0.26249998807907104,28000
2016-04-22,0.2750000059604645,0.2750000059604645,0.2750000059604645,0.2750000059604645,0.2750000059604645,2000
2016-04-25,0.26499998569488525,0.30000001192092896,0.26499998569488525,0.26750001311302185,0.26750001311302185,22400
2016-04-26,0.27000001072883606,0.29499998688697815,0.27000001072883606,0.27250000834465027,0.27250000834465027,5200
2016-04-27,0.26750001311302185,0.26750001311302185,0.26750001311302185,0.26750001311302185,0.26750001311302185,3600
2016-04-28,0.2775000035762787,0.2775000035762787,0.2775000035762787,0.2775000035762787,0.2775000035762787,2000
2016-04-29,0.2775000035762787,0.2849999964237213,0.2775000035762787,0.2824999988079071,0.2824999988079071,55200
2016-05-02,0.2824999988079071,0.2824999988079071,0.2824999988079071,0.2824999988079071,0.2824999988079071,0
2016-05-03,0.2824999988079071,0.3100000023841858,0.2824999988079071,0.2874999940395355,0.2874999940395355,17200
2016-05-04,0.30000001192092896,0.3199999928474426,0.30000001192092896,0.3199999928474426,0.3199999928474426,32400
2016-05-05,0.3199999928474426,0.32499998807907104,0.3199999928474426,0.32499998807907104,0.32499998807907104,46800
2016-05-06,0.32499998807907104,0.3675000071525574,0.32499998807907104,0.3675000071525574,0.3675000071525574,32800
2016-05-09,0.36250001192092896,0.36250001192092896,0.33000001311302185,0.3474999964237213,0.3474999964237213,28000
2016-05-10,0.3474999964237213,0.35249999165534973,0.32499998807907104,0.32499998807907104,0.32499998807907104,16400
2016-05-11,0.32499998807907104,0.3375000059604645,0.32499998807907104,0.32499998807907104,0.32499998807907104,7600
2016-05-12,0.32499998807907104,0.32499998807907104,0.32499998807907104,0.32499998807907104,0.32499998807907104,0
2016-05-13,0.32499998807907104,0.36250001192092896,0.32499998807907104,0.3474999964237213,0.3474999964237213,44000
2016-05-16,0.3499999940395355,0.3499999940395355,0.3449999988079071,0.3499999940395355,0.3499999940395355,114000
2016-05-17,0.3675000071525574,0.4124999940395355,0.35499998927116394,0.35749998688697815,0.35749998688697815,226800
2016-05-18,0.35749998688697815,0.375,0.32499998807907104,0.36000001430511475,0.36000001430511475,83200
2016-05-19,0.3449999988079071,0.3499999940395355,0.3449999988079071,0.3499999940395355,0.3499999940395355,40000
2016-05-20,0.3499999940395355,0.38749998807907104,0.3499999940395355,0.38749998807907104,0.38749998807907104,140400
2016-05-23,0.38749998807907104,0.38749998807907104,0.3675000071525574,0.3675000071525574,0.3675000071525574,16000
2016-05-24,0.3499999940395355,0.36000001430511475,0.3449999988079071,0.3474999964237213,0.3474999964237213,106800
2016-05-25,0.3725000023841858,0.3725000023841858,0.35249999165534973,0.3700000047683716,0.3700000047683716,31600
2016-05-26,0.35749998688697815,0.35749998688697815,0.35249999165534973,0.35249999165534973,0.35249999165534973,9200
2016-05-27,0.35499998927116394,0.3675000071525574,0.35499998927116394,0.3675000071525574,0.3675000071525574,17600
2016-05-31,0.3675000071525574,0.3675000071525574,0.3675000071525574,0.3675000071525574,0.3675000071525574,400
2016-06-01,0.36250001192092896,0.36250001192092896,0.36250001192092896,0.36250001192092896,0.36250001192092896,8000
2016-06-02,0.3675000071525574,0.5625,0.36250001192092896,0.36500000953674316,0.36500000953674316,127200
2016-06-03,0.36250001192092896,0.3675000071525574,0.36250001192092896,0.3675000071525574,0.3675000071525574,2400
2016-06-06,0.3700000047683716,0.38999998569488525,0.3700000047683716,0.38999998569488525,0.38999998569488525,8000
2016-06-07,0.3725000023841858,0.375,0.3725000023841858,0.375,0.375,11200
2016-06-08,0.38749998807907104,0.38749998807907104,0.375,0.375,0.375,18400
2016-06-09,0.375,0.38749998807907104,0.375,0.3799999952316284,0.3799999952316284,42800
2016-06-10,0.3799999952316284,0.38499999046325684,0.375,0.375,0.375,191600
2016-06-13,0.375,0.38749998807907104,0.375,0.3799999952316284,0.3799999952316284,177200
2016-06-14,0.3675000071525574,0.3700000047683716,0.3675000071525574,0.3700000047683716,0.3700000047683716,1600
2016-06-15,0.3675000071525574,0.375,0.36500000953674316,0.3675000071525574,0.3675000071525574,110800
2016-06-16,0.375,0.3774999976158142,0.36500000953674316,0.36500000953674316,0.36500000953674316,205200
2016-06-17,0.3725000023841858,0.3725000023841858,0.3700000047683716,0.3725000023841858,0.3725000023841858,237600
2016-06-20,0.3725000023841858,0.3725000023841858,0.3700000047683716,0.3700000047683716,0.3700000047683716,22400
2016-06-21,0.36500000953674316,0.36500000953674316,0.3375000059604645,0.3499999940395355,0.3499999940395355,99200
2016-06-22,0.3425000011920929,0.3425000011920929,0.30000001192092896,0.3125,0.3125,61600
2016-06-23,0.33250001072883606,0.36250001192092896,0.33250001072883606,0.36250001192092896,0.36250001192092896,30000
2016-06-24,0.35499998927116394,0.35499998927116394,0.35499998927116394,0.35499998927116394,0.35499998927116394,9200
2016-06-27,0.35499998927116394,0.35499998927116394,0.35499998927116394,0.35499998927116394,0.35499998927116394,0
2016-06-28,0.3449999988079071,0.36250001192092896,0.3449999988079071,0.3499999940395355,0.3499999940395355,62400
2016-06-29,0.35499998927116394,0.3700000047683716,0.33250001072883606,0.33250001072883606,0.33250001072883606,323200
2016-06-30,0.33500000834465027,0.3725000023841858,0.33500000834465027,0.3499999940395355,0.3499999940395355,120000
2016-07-01,0.3375000059604645,0.35249999165534973,0.3375000059604645,0.3499999940395355,0.3499999940395355,16000
2016-07-05,0.3375000059604645,0.3375000059604645,0.3375000059604645,0.3375000059604645,0.3375000059604645,1600
2016-07-06,0.36500000953674316,0.3725000023841858,0.3425000011920929,0.36500000953674316,0.36500000953674316,46800
2016-07-07,0.36250001192092896,0.36250001192092896,0.35499998927116394,0.35499998927116394,0.35499998927116394,12000
2016-07-08,0.35499998927116394,0.35499998927116394,0.3375000059604645,0.3499999940395355,0.3499999940395355,18000
2016-07-11,0.3474999964237213,0.3474999964237213,0.3474999964237213,0.3474999964237213,0.3474999964237213,13600
2016-07-12,0.3400000035762787,0.35749998688697815,0.3400000035762787,0.3499999940395355,0.3499999940395355,17200
2016-07-13,0.3499999940395355,0.3499999940395355,0.3499999940395355,0.3499999940395355,0.3499999940395355,6000
2016-07-14,0.35249999165534973,0.3725000023841858,0.35249999165534973,0.36250001192092896,0.36250001192092896,48400
2016-07-15,0.36250001192092896,0.3675000071525574,0.3400000035762787,0.35749998688697815,0.35749998688697815,246000
2016-07-18,0.3449999988079071,0.3499999940395355,0.3449999988079071,0.3499999940395355,0.3499999940395355,57200
2016-07-19,0.35499998927116394,0.36250001192092896,0.35499998927116394,0.36250001192092896,0.36250001192092896,43600
2016-07-20,0.36500000953674316,0.36500000953674316,0.36250001192092896,0.36250001192092896,0.36250001192092896,24400
2016-07-21,0.36250001192092896,0.36250001192092896,0.3400000035762787,0.3400000035762787,0.3400000035762787,504400
2016-07-22,0.3400000035762787,0.3474999964237213,0.3375000059604645,0.3474999964237213,0.3474999964237213,111200
2016-07-25,0.3449999988079071,0.3675000071525574,0.3375000059604645,0.3425000011920929,0.3425000011920929,562800
2016-07-26,0.3474999964237213,0.3474999964237213,0.3425000011920929,0.3425000011920929,0.3425000011920929,2400
2016-07-27,0.3499999940395355,0.3499999940395355,0.3400000035762787,0.3425000011920929,0.3425000011920929,447600
2016-07-28,0.3425000011920929,0.3425000011920929,0.3425000011920929,0.3425000011920929,0.3425000011920929,0
2016-07-29,0.3449999988079071,0.36000001430511475,0.3375000059604645,0.3449999988079071,0.3449999988079071,74400
2016-08-01,0.3474999964237213,0.3499999940395355,0.3375000059604645,0.3375000059604645,0.3375000059604645,67600
2016-08-02,0.3375000059604645,0.3449999988079071,0.3375000059604645,0.3449999988079071,0.3449999988079071,316400
2016-08-03,0.3449999988079071,0.3499999940395355,0.3449999988079071,0.3499999940395355,0.3499999940395355,32000
2016-08-04,0.3449999988079071,0.35249999165534973,0.3449999988079071,0.35249999165534973,0.35249999165534973,59600
2016-08-05,0.3474999964237213,0.3499999940395355,0.3449999988079071,0.3474999964237213,0.3474999964237213,50800
2016-08-08,0.35499998927116394,0.35499998927116394,0.3400000035762787,0.3425000011920929,0.3425000011920929,172000
2016-08-09,0.3449999988079071,0.36250001192092896,0.3449999988079071,0.3474999964237213,0.3474999964237213,13200
2016-08-10,0.3474999964237213,0.3474999964237213,0.3425000011920929,0.3425000011920929,0.3425000011920929,56400
2016-08-11,0.3474999964237213,0.3725000023841858,0.3474999964237213,0.36000001430511475,0.36000001430511475,120400
2016-08-12,0.3499999940395355,0.36250001192092896,0.3499999940395355,0.35499998927116394,0.35499998927116394,85200
2016-08-15,0.35749998688697815,0.35749998688697815,0.3474999964237213,0.3499999940395355,0.3499999940395355,65200
2016-08-16,0.39750000834465027,0.45249998569488525,0.38749998807907104,0.4350000023841858,0.4350000023841858,326400
2016-08-17,0.4350000023841858,0.4625000059604645,0.42500001192092896,0.46000000834465027,0.46000000834465027,318000
2016-08-18,0.46000000834465027,0.4724999964237213,0.44999998807907104,0.45500001311302185,0.45500001311302185,186000
2016-08-19,0.45500001311302185,0.45500001311302185,0.4300000071525574,0.4424999952316284,0.4424999952316284,33200
2016-08-22,0.4350000023841858,0.4350000023841858,0.4000000059604645,0.4350000023841858,0.4350000023841858,118000
2016-08-23,0.4325000047683716,0.4325000047683716,0.42250001430511475,0.4325000047683716,0.4325000047683716,46800
2016-08-24,0.42750000953674316,0.4375,0.42750000953674316,0.4375,0.4375,100800
2016-08-25,0.4375,0.4375,0.42750000953674316,0.4350000023841858,0.4350000023841858,28400
2016-08-26,0.4300000071525574,0.4399999976158142,0.42500001192092896,0.4325000047683716,0.4325000047683716,93200
2016-08-29,0.4300000071525574,0.44999998807907104,0.42750000953674316,0.44999998807907104,0.44999998807907104,264000
2016-08-30,0.46000000834465027,0.46000000834465027,0.4325000047683716,0.44999998807907104,0.44999998807907104,97200
2016-08-31,0.44999998807907104,0.46000000834465027,0.44749999046325684,0.45500001311302185,0.45500001311302185,148000
2016-09-01,0.46000000834465027,0.4675000011920929,0.45750001072883606,0.4625000059604645,0.4625000059604645,282400
2016-09-02,0.4625000059604645,0.4749999940395355,0.4625000059604645,0.4749999940395355,0.4749999940395355,78000
2016-09-06,0.4724999964237213,0.47749999165534973,0.4724999964237213,0.4749999940395355,0.4749999940395355,42000
2016-09-07,0.4650000035762787,0.4724999964237213,0.4625000059604645,0.4724999964237213,0.4724999964237213,60800
2016-09-08,0.4724999964237213,0.4724999964237213,0.4625000059604645,0.4625000059604645,0.4625000059604645,16400
2016-09-09,0.4724999964237213,0.47999998927116394,0.4625000059604645,0.4650000035762787,0.4650000035762787,239200
2016-09-12,0.4650000035762787,0.4650000035762787,0.4650000035762787,0.4650000035762787,0.4650000035762787,6800
2016-09-13,0.4650000035762787,0.4650000035762787,0.4625000059604645,0.4625000059604645,0.4625000059604645,30400
2016-09-14,0.4625000059604645,0.4650000035762787,0.4625000059604645,0.4625000059604645,0.4625000059604645,12000
2016-09-15,0.4625000059604645,0.4699999988079071,0.4625000059604645,0.4699999988079071,0.4699999988079071,5200
2016-09-16,0.4625000059604645,0.4675000011920929,0.4625000059604645,0.4650000035762787,0.4650000035762787,66000
2016-09-19,0.47999998927116394,0.47999998927116394,0.4650000035762787,0.4749999940395355,0.4749999940395355,49600
2016-09-20,0.4724999964237213,0.47999998927116394,0.4724999964237213,0.4749999940395355,0.4749999940395355,20000
2016-09-21,0.4724999964237213,0.4724999964237213,0.46000000834465027,0.4650000035762787,0.4650000035762787,54000
2016-09-22,0.4699999988079071,0.4699999988079071,0.4625000059604645,0.4699999988079071,0.4699999988079071,15600
2016-09-23,0.47749999165534973,0.47999998927116394,0.4699999988079071,0.47999998927116394,0.47999998927116394,12400
2016-09-26,0.4650000035762787,0.4749999940395355,0.4650000035762787,0.4650000035762787,0.4650000035762787,33200
2016-09-27,0.4749999940395355,0.47749999165534973,0.4650000035762787,0.4675000011920929,0.4675000011920929,61600
2016-09-28,0.4675000011920929,0.4699999988079071,0.4449999928474426,0.4699999988079071,0.4699999988079071,147600
2016-09-29,0.4699999988079071,0.4699999988079071,0.4699999988079071,0.4699999988079071,0.4699999988079071,85200
2016-09-30,0.44999998807907104,0.4675000011920929,0.44999998807907104,0.4675000011920929,0.4675000011920929,5600
2016-10-03,0.4625000059604645,0.4650000035762787,0.46000000834465027,0.4650000035762787,0.4650000035762787,8400
2016-10-04,0.4650000035762787,0.4675000011920929,0.44999998807907104,0.4675000011920929,0.4675000011920929,36000
2016-10-05,0.4650000035762787,0.4675000011920929,0.46000000834465027,0.46000000834465027,0.46000000834465027,29600
2016-10-06,0.46000000834465027,0.46000000834465027,0.45500001311302185,0.45500001311302185,0.45500001311302185,8000
2016-10-07,0.45750001072883606,0.45750001072883606,0.45500001311302185,0.45750001072883606,0.45750001072883606,4800
2016-10-10,0.46000000834465027,0.46000000834465027,0.46000000834465027,0.46000000834465027,0.46000000834465027,16000
2016-10-11,0.46000000834465027,0.46000000834465027,0.45249998569488525,0.45249998569488525,0.45249998569488525,26000
2016-10-12,0.45249998569488525,0.4625000059604645,0.45249998569488525,0.4625000059604645,0.4625000059604645,49200
2016-10-13,0.46000000834465027,0.4625000059604645,0.45249998569488525,0.4625000059604645,0.4625000059604645,12800
2016-10-14,0.4625000059604645,0.4650000035762787,0.4625000059604645,0.4625000059604645,0.4625000059604645,78800
2016-10-17,0.4625000059604645,0.4625000059604645,0.45249998569488525,0.46000000834465027,0.46000000834465027,14800
2016-10-18,0.45500001311302185,0.45750001072883606,0.45249998569488525,0.45500001311302185,0.45500001311302185,68000
2016-10-19,0.4625000059604645,0.4625000059604645,0.44999998807907104,0.44999998807907104,0.44999998807907104,30400
2016-10-20,0.4424999952316284,0.4625000059604645,0.4424999952316284,0.4625000059604645,0.4625000059604645,12000
2016-10-21,0.4625000059604645,0.4724999964237213,0.4625000059604645,0.4650000035762787,0.4650000035762787,12400
2016-10-24,0.4650000035762787,0.4650000035762787,0.45750001072883606,0.4625000059604645,0.4625000059604645,4400
2016-10-25,0.4650000035762787,0.4650000035762787,0.4650000035762787,0.4650000035762787,0.4650000035762787,6400
2016-10-26,0.4650000035762787,0.4650000035762787,0.44999998807907104,0.44999998807907104,0.44999998807907104,2400
2016-10-27,0.45249998569488525,0.45249998569488525,0.44999998807907104,0.44999998807907104,0.44999998807907104,130400
2016-10-28,0.4325000047683716,0.44999998807907104,0.4325000047683716,0.4350000023841858,0.4350000023841858,12800
2016-10-31,0.4350000023841858,0.45750001072883606,0.4350000023841858,0.44999998807907104,0.44999998807907104,200000
2016-11-01,0.44999998807907104,0.44999998807907104,0.44999998807907104,0.44999998807907104,0.44999998807907104,2000
2016-11-02,0.44999998807907104,0.45750001072883606,0.4325000047683716,0.4449999928474426,0.4449999928474426,59600
2016-11-03,0.4375,0.4399999976158142,0.4375,0.4375,0.4375,66000
2016-11-04,0.4375,0.4399999976158142,0.4375,0.4399999976158142,0.4399999976158142,6000
2016-11-07,0.4399999976158142,0.4399999976158142,0.4375,0.4399999976158142,0.4399999976158142,86400
2016-11-08,0.3774999976158142,0.38999998569488525,0.2874999940395355,0.30000001192092896,0.30000001192092896,1168000
2016-11-09,0.29499998688697815,0.3100000023841858,0.29249998927116394,0.29249998927116394,0.29249998927116394,78400
2016-11-10,0.29249998927116394,0.3125,0.25,0.3075000047683716,0.3075000047683716,189200
2016-11-11,0.3125,0.3125,0.28999999165534973,0.30000001192092896,0.30000001192092896,88000
2016-11-14,0.29750001430511475,0.29750001430511475,0.2849999964237213,0.2849999964237213,0.2849999964237213,43600
2016-11-15,0.2574999928474426,0.29249998927116394,0.2574999928474426,0.2750000059604645,0.2750000059604645,152400
2016-11-16,0.25,0.30000001192092896,0.25,0.30000001192092896,0.30000001192092896,24400
2016-11-17,0.2750000059604645,0.29750001430511475,0.2750000059604645,0.2874999940395355,0.2874999940395355,27200
2016-11-18,0.2750000059604645,0.29750001430511475,0.2750000059604645,0.2874999940395355,0.2874999940395355,54000
2016-11-21,0.2824999988079071,0.2824999988079071,0.26249998807907104,0.26249998807907104,0.26249998807907104,32400
2016-11-22,0.26249998807907104,0.3100000023841858,0.20749999582767487,0.2750000059604645,0.2750000059604645,119200
2016-11-23,0.2750000059604645,0.2750000059604645,0.2750000059604645,0.2750000059604645,0.2750000059604645,1600
2016-11-25,0.27000001072883606,0.27000001072883606,0.27000001072883606,0.27000001072883606,0.27000001072883606,10800
2016-11-28,0.26499998569488525,0.2750000059604645,0.26249998807907104,0.26249998807907104,0.26249998807907104,30800
2016-11-29,0.26750001311302185,0.26750001311302185,0.2549999952316284,0.25999999046325684,0.25999999046325684,57200
2016-11-30,0.26249998807907104,0.26249998807907104,0.2574999928474426,0.2574999928474426,0.2574999928474426,19600
2016-12-01,0.25999999046325684,0.25999999046325684,0.2574999928474426,0.25999999046325684,0.25999999046325684,3200
2016-12-02,0.2574999928474426,0.26249998807907104,0.2549999952316284,0.26249998807907104,0.26249998807907104,78800
2016-12-05,0.26249998807907104,0.26249998807907104,0.25,0.25999999046325684,0.25999999046325684,93600
2016-12-06,0.2524999976158142,0.26249998807907104,0.25,0.26249998807907104,0.26249998807907104,121200
2016-12-07,0.2574999928474426,0.25999999046325684,0.2574999928474426,0.2574999928474426,0.2574999928474426,168800
2016-12-08,0.2574999928474426,0.26499998569488525,0.2574999928474426,0.26499998569488525,0.26499998569488525,244800
2016-12-09,0.26499998569488525,0.26750001311302185,0.2549999952316284,0.26750001311302185,0.26750001311302185,208400
2016-12-12,0.26249998807907104,0.26499998569488525,0.25,0.2549999952316284,0.2549999952316284,146800
2016-12-13,0.2549999952316284,0.2574999928474426,0.24500000476837158,0.2475000023841858,0.2475000023841858,106400
2016-12-14,0.2475000023841858,0.2475000023841858,0.2199999988079071,0.22499999403953552,0.22499999403953552,310400
2016-12-15,0.2199999988079071,0.26750001311302185,0.2150000035762787,0.25999999046325684,0.25999999046325684,616000
2016-12-16,0.2549999952316284,0.2549999952316284,0.2524999976158142,0.2524999976158142,0.2524999976158142,6400
2016-12-19,0.2524999976158142,0.2524999976158142,0.23250000178813934,0.23250000178813934,0.23250000178813934,138400
2016-12-20,0.22750000655651093,0.24500000476837158,0.22750000655651093,0.23000000417232513,0.23000000417232513,34800
2016-12-21,0.23000000417232513,0.23749999701976776,0.23000000417232513,0.23000000417232513,0.23000000417232513,28800
2016-12-22,0.23999999463558197,0.23999999463558197,0.23000000417232513,0.23000000417232513,0.23000000417232513,46000
2016-12-23,0.23000000417232513,0.2549999952316284,0.2199999988079071,0.22499999403953552,0.22499999403953552,334400
2016-12-27,0.2475000023841858,0.2475000023841858,0.22750000655651093,0.23499999940395355,0.23499999940395355,82000
2016-12-28,0.23749999701976776,0.23749999701976776,0.2199999988079071,0.2199999988079071,0.2199999988079071,109200
2016-12-29,0.2199999988079071,0.23749999701976776,0.2175000011920929,0.2175000011920929,0.2175000011920929,24800
2016-12-30,0.2199999988079071,0.23749999701976776,0.2199999988079071,0.23749999701976776,0.23749999701976776,75200
2017-01-03,0.23749999701976776,0.23749999701976776,0.22499999403953552,0.22499999403953552,0.22499999403953552,24400
2017-01-04,0.22499999403953552,0.22499999403953552,0.22499999403953552,0.22499999403953552,0.22499999403953552,0
2017-01-05,0.22499999403953552,0.22499999403953552,0.22499999403953552,0.22499999403953552,0.22499999403953552,22000
2017-01-06,0.22499999403953552,0.22499999403953552,0.22499999403953552,0.22499999403953552,0.22499999403953552,3200
2017-01-09,0.22499999403953552,0.22499999403953552,0.22499999403953552,0.22499999403953552,0.22499999403953552,20000
2017-01-10,0.22499999403953552,0.22499999403953552,0.2199999988079071,0.2199999988079071,0.2199999988079071,43200
2017-01-11,0.2224999964237213,0.2224999964237213,0.2224999964237213,0.2224999964237213,0.2224999964237213,12400
2017-01-12,0.2224999964237213,0.2224999964237213,0.2224999964237213,0.2224999964237213,0.2224999964237213,33200
2017-01-13,0.22499999403953552,0.22499999403953552,0.22499999403953552,0.22499999403953552,0.22499999403953552,124400
2017-01-17,0.22499999403953552,0.22499999403953552,0.22499999403953552,0.22499999403953552,0.22499999403953552,40000
2017-01-18,0.2150000035762787,0.2199999988079071,0.2150000035762787,0.2199999988079071,0.2199999988079071,12800
2017-01-19,0.2175000011920929,0.2175000011920929,0.2175000011920929,0.2175000011920929,0.2175000011920929,114400
2017-01-20,0.21250000596046448,0.21250000596046448,0.21250000596046448,0.21250000596046448,0.21250000596046448,43200
2017-01-23,0.21250000596046448,0.21250000596046448,0.21250000596046448,0.21250000596046448,0.21250000596046448,2400
2017-01-24,0.21250000596046448,0.21250000596046448,0.21250000596046448,0.21250000596046448,0.21250000596046448,0
2017-01-25,0.20999999344348907,0.2224999964237213,0.1875,0.21250000596046448,0.21250000596046448,172800
2017-01-26,0.19499999284744263,0.21250000596046448,0.19499999284744263,0.21250000596046448,0.21250000596046448,14000
2017-01-27,0.20000000298023224,0.20499999821186066,0.17749999463558197,0.20000000298023224,0.20000000298023224,87200
2017-01-30,0.20000000298023224,0.20000000298023224,0.18000000715255737,0.18000000715255737,0.18000000715255737,66800
2017-01-31,0.19499999284744263,0.19499999284744263,0.19499999284744263,0.19499999284744263,0.19499999284744263,12000
2017-02-01,0.19499999284744263,0.19499999284744263,0.19499999284744263,0.19499999284744263,0.19499999284744263,16400
2017-02-02,0.19249999523162842,0.19249999523162842,0.18250000476837158,0.1875,0.1875,124400
2017-02-03,0.1875,0.19249999523162842,0.1875,0.1875,0.1875,66800
2017-02-06,0.18250000476837158,0.18250000476837158,0.16249999403953552,0.17749999463558197,0.17749999463558197,130800
2017-02-07,0.18000000715255737,0.18000000715255737,0.16500000655651093,0.16500000655651093,0.16500000655651093,185200
2017-02-08,0.16500000655651093,0.17000000178813934,0.1550000011920929,0.1550000011920929,0.1550000011920929,455600
2017-02-09,0.1525000035762787,0.1574999988079071,0.14749999344348907,0.15000000596046448,0.15000000596046448,97600
2017-02-10,0.15000000596046448,0.16500000655651093,0.15000000596046448,0.16500000655651093,0.16500000655651093,25600
2017-02-13,0.1574999988079071,0.1574999988079071,0.1574999988079071,0.1574999988079071,0.1574999988079071,3600
2017-02-14,0.16500000655651093,0.16500000655651093,0.15000000596046448,0.15000000596046448,0.15000000596046448,7200
2017-02-15,0.15000000596046448,0.1574999988079071,0.15000000596046448,0.15000000596046448,0.15000000596046448,5200
2017-02-16,0.1574999988079071,0.1574999988079071,0.1574999988079071,0.1574999988079071,0.1574999988079071,800
2017-02-17,0.1574999988079071,0.1574999988079071,0.1574999988079071,0.1574999988079071,0.1574999988079071,0
2017-02-21,0.16249999403953552,0.16249999403953552,0.15000000596046448,0.15000000596046448,0.15000000596046448,62400
2017-02-22,0.15000000596046448,0.15000000596046448,0.14749999344348907,0.14749999344348907,0.14749999344348907,4000
2017-02-23,0.14749999344348907,0.16249999403953552,0.14749999344348907,0.15000000596046448,0.15000000596046448,32800
2017-02-24,0.16500000655651093,0.17749999463558197,0.16249999403953552,0.17499999701976776,0.17499999701976776,135200
2017-02-27,0.17499999701976776,0.17499999701976776,0.1574999988079071,0.1599999964237213,0.1599999964237213,551600
2017-02-28,0.1574999988079071,0.17749999463558197,0.1574999988079071,0.16249999403953552,0.16249999403953552,234800
2017-03-01,0.16249999403953552,0.18000000715255737,0.1599999964237213,0.16750000417232513,0.16750000417232513,239200
2017-03-02,0.16750000417232513,0.16750000417232513,0.1550000011920929,0.1550000011920929,0.1550000011920929,73200
2017-03-03,0.17499999701976776,0.17499999701976776,0.16750000417232513,0.17499999701976776,0.17499999701976776,18400
2017-03-06,0.16249999403953552,0.17000000178813934,0.16249999403953552,0.17000000178813934,0.17000000178813934,35200
2017-03-07,0.16249999403953552,0.17249999940395355,0.16249999403953552,0.16750000417232513,0.16750000417232513,473200
2017-03-08,0.16750000417232513,0.16750000417232513,0.16750000417232513,0.16750000417232513,0.16750000417232513,0
2017-03-09,0.17499999701976776,0.17499999701976776,0.17499999701976776,0.17499999701976776,0.17499999701976776,5600
2017-03-10,0.17000000178813934,0.17000000178813934,0.16249999403953552,0.16249999403953552,0.16249999403953552,17200
2017-03-13,0.17499999701976776,0.17499999701976776,0.1599999964237213,0.16249999403953552,0.16249999403953552,7200
2017-03-14,0.1550000011920929,0.1550000011920929,0.1550000011920929,0.1550000011920929,0.1550000011920929,12800
2017-03-15,0.16249999403953552,0.16249999403953552,0.16249999403953552,0.16249999403953552,0.16249999403953552,24400
2017-03-16,0.16249999403953552,0.16249999403953552,0.16249999403953552,0.16249999403953552,0.16249999403953552,800
2017-03-17,0.16249999403953552,0.16249999403953552,0.16249999403953552,0.16249999403953552,0.16249999403953552,4000
2017-03-20,0.1599999964237213,0.1599999964237213,0.1599999964237213,0.1599999964237213,0.1599999964237213,1200
2017-03-21,0.1550000011920929,0.1599999964237213,0.1525000035762787,0.1599999964237213,0.1599999964237213,12400
2017-03-22,0.1525000035762787,0.1525000035762787,0.1525000035762787,0.1525000035762787,0.1525000035762787,10400
2017-03-23,0.1525000035762787,0.1525000035762787,0.1525000035762787,0.1525000035762787,0.1525000035762787,5600
2017-03-24,0.1525000035762787,0.1525000035762787,0.1525000035762787,0.1525000035762787,0.1525000035762787,8000
2017-03-27,0.1525000035762787,0.16249999403953552,0.1525000035762787,0.1525000035762787,0.1525000035762787,41200
2017-03-28,0.16249999403953552,0.16500000655651093,0.16249999403953552,0.16249999403953552,0.16249999403953552,404800
2017-03-29,0.16249999403953552,0.16249999403953552,0.1525000035762787,0.1525000035762787,0.1525000035762787,2800
2017-03-30,0.1525000035762787,0.1525000035762787,0.1525000035762787,0.1525000035762787,0.1525000035762787,0
2017-03-31,0.1525000035762787,0.1525000035762787,0.1525000035762787,0.1525000035762787,0.1525000035762787,16400
2017-04-03,0.1599999964237213,0.1599999964237213,0.1574999988079071,0.1574999988079071,0.1574999988079071,11200
2017-04-04,0.1574999988079071,0.1574999988079071,0.1574999988079071,0.1574999988079071,0.1574999988079071,0
2017-04-05,0.1550000011920929,0.1550000011920929,0.09000000357627869,0.125,0.125,475200
2017-04-06,0.125,0.15000000596046448,0.125,0.15000000596046448,0.15000000596046448,50800
2017-04-07,0.15000000596046448,0.15000000596046448,0.15000000596046448,0.15000000596046448,0.15000000596046448,0
2017-04-10,0.15000000596046448,0.15000000596046448,0.13750000298023224,0.13750000298023224,0.13750000298023224,3600
2017-04-11,0.13750000298023224,0.14749999344348907,0.13750000298023224,0.14000000059604645,0.14000000059604645,18800
2017-04-12,0.14000000059604645,0.14000000059604645,0.14000000059604645,0.14000000059604645,0.14000000059604645,0
2017-04-13,0.14000000059604645,0.14000000059604645,0.14000000059604645,0.14000000059604645,0.14000000059604645,4000
2017-04-17,0.14000000059604645,0.14000000059604645,0.14000000059604645,0.14000000059604645,0.14000000059604645,8000
2017-04-18,0.14000000059604645,0.16249999403953552,0.14000000059604645,0.16249999403953552,0.16249999403953552,192000
2017-04-19,0.1574999988079071,0.1574999988079071,0.1574999988079071,0.1574999988079071,0.1574999988079071,58000
2017-04-20,0.1599999964237213,0.1599999964237213,0.1599999964237213,0.1599999964237213,0.1599999964237213,4800
2017-04-21,0.1599999964237213,0.1599999964237213,0.1599999964237213,0.1599999964237213,0.1599999964237213,0
2017-04-24,0.1574999988079071,0.1599999964237213,0.0949999988079071,0.1599999964237213,0.1599999964237213,49200
2017-04-25,0.14000000059604645,0.1599999964237213,0.14000000059604645,0.1574999988079071,0.1574999988079071,28000
2017-04-26,0.15000000596046448,0.16249999403953552,0.14000000059604645,0.16249999403953552,0.16249999403953552,34400
2017-04-27,0.16249999403953552,0.16249999403953552,0.16249999403953552,0.16249999403953552,0.16249999403953552,0
2017-04-28,0.16249999403953552,0.16249999403953552,0.16249999403953552,0.16249999403953552,0.16249999403953552,0
2017-05-01,0.1550000011920929,0.1550000011920929,0.1550000011920929,0.1550000011920929,0.1550000011920929,16400
2017-05-02,0.1550000011920929,0.16249999403953552,0.1550000011920929,0.16249999403953552,0.16249999403953552,254000
2017-05-03,0.16249999403953552,0.16249999403953552,0.16249999403953552,0.16249999403953552,0.16249999403953552,0
2017-05-04,0.1574999988079071,0.1574999988079071,0.15000000596046448,0.15000000596046448,0.15000000596046448,12000
2017-05-05,0.15000000596046448,0.17499999701976776,0.15000000596046448,0.17499999701976776,0.17499999701976776,45200
2017-05-08,0.16249999403953552,0.16249999403953552,0.16249999403953552,0.16249999403953552,0.16249999403953552,2400
2017-05-09,0.16249999403953552,0.16249999403953552,0.16249999403953552,0.16249999403953552,0.16249999403953552,13200
2017-05-10,0.16249999403953552,0.16249999403953552,0.14000000059604645,0.16249999403953552,0.16249999403953552,80800
2017-05-11,0.15000000596046448,0.1574999988079071,0.15000000596046448,0.15000000596046448,0.15000000596046448,26000
2017-05-12,0.15000000596046448,0.15000000596046448,0.13750000298023224,0.13750000298023224,0.13750000298023224,39200
2017-05-15,0.14749999344348907,0.16249999403953552,0.14749999344348907,0.15000000596046448,0.15000000596046448,18800
2017-05-16,0.1550000011920929,0.16249999403953552,0.1550000011920929,0.16249999403953552,0.16249999403953552,32800
2017-05-17,0.14499999582767487,0.1574999988079071,0.14499999582767487,0.15000000596046448,0.15000000596046448,38800
2017-05-18,0.15000000596046448,0.1525000035762787,0.14499999582767487,0.1525000035762787,0.1525000035762787,56800
2017-05-19,0.1574999988079071,0.1574999988079071,0.13249999284744263,0.1574999988079071,0.1574999988079071,69600
2017-05-22,0.15000000596046448,0.1550000011920929,0.13500000536441803,0.15000000596046448,0.15000000596046448,54400
2017-05-23,0.15000000596046448,0.15000000596046448,0.15000000596046448,0.15000000596046448,0.15000000596046448,0
2017-05-24,0.13750000298023224,0.13750000298023224,0.12999999523162842,0.13500000536441803,0.13500000536441803,72000
2017-05-25,0.13500000536441803,0.13500000536441803,0.1274999976158142,0.13500000536441803,0.13500000536441803,41200
2017-05-26,0.13750000298023224,0.13750000298023224,0.13500000536441803,0.13500000536441803,0.13500000536441803,18000
2017-05-30,0.14000000059604645,0.14000000059604645,0.13249999284744263,0.13249999284744263,0.13249999284744263,20000
2017-05-31,0.13249999284744263,0.13750000298023224,0.13249999284744263,0.13750000298023224,0.13750000298023224,13600
2017-06-01,0.13500000536441803,0.13500000536441803,0.13249999284744263,0.13500000536441803,0.13500000536441803,52000
2017-06-02,0.13249999284744263,0.13500000536441803,0.13249999284744263,0.13249999284744263,0.13249999284744263,16000
2017-06-05,0.13249999284744263,0.13249999284744263,0.13249999284744263,0.13249999284744263,0.13249999284744263,30400
2017-06-06,0.13249999284744263,0.13500000536441803,0.1274999976158142,0.1274999976158142,0.1274999976158142,20400
2017-06-07,0.12999999523162842,0.13500000536441803,0.12999999523162842,0.13500000536441803,0.13500000536441803,26000
2017-06-08,0.13500000536441803,0.13500000536441803,0.125,0.13249999284744263,0.13249999284744263,69600
2017-06-09,0.12999999523162842,0.13750000298023224,0.12999999523162842,0.12999999523162842,0.12999999523162842,125200
2017-06-12,0.13500000536441803,0.13500000536441803,0.12999999523162842,0.12999999523162842,0.12999999523162842,8400
2017-06-13,0.12999999523162842,0.14249999821186066,0.1274999976158142,0.13249999284744263,0.13249999284744263,85200
2017-06-14,0.1274999976158142,0.13500000536441803,0.1274999976158142,0.13500000536441803,0.13500000536441803,32800
2017-06-15,0.1274999976158142,0.1274999976158142,0.1274999976158142,0.1274999976158142,0.1274999976158142,4000
2017-06-16,0.125,0.14000000059604645,0.125,0.14000000059604645,0.14000000059604645,45200
2017-06-19,0.14000000059604645,0.14000000059604645,0.125,0.125,0.125,47200
2017-06-20,0.125,0.12999999523162842,0.11500000208616257,0.11500000208616257,0.11500000208616257,661600
2017-06-21,0.11249999701976776,0.11999999731779099,0.11249999701976776,0.11999999731779099,0.11999999731779099,24000
2017-06-22,0.125,0.125,0.11749999970197678,0.125,0.125,14800
2017-06-23,0.1274999976158142,0.1274999976158142,0.1274999976158142,0.1274999976158142,0.1274999976158142,8000
2017-06-26,0.125,0.1274999976158142,0.125,0.1274999976158142,0.1274999976158142,84000
2017-06-27,0.12999999523162842,0.12999999523162842,0.12999999523162842,0.12999999523162842,0.12999999523162842,4000
2017-06-28,0.12999999523162842,0.12999999523162842,0.125,0.125,0.125,20000
2017-06-29,0.12999999523162842,0.12999999523162842,0.12999999523162842,0.12999999523162842,0.12999999523162842,4000
2017-06-30,0.1274999976158142,0.1274999976158142,0.1274999976158142,0.1274999976158142,0.1274999976158142,16000
2017-07-03,0.12999999523162842,0.12999999523162842,0.125,0.1274999976158142,0.1274999976158142,45200
2017-07-05,0.1274999976158142,0.1274999976158142,0.1274999976158142,0.1274999976158142,0.1274999976158142,4000
2017-07-06,0.11999999731779099,0.1274999976158142,0.11999999731779099,0.1274999976158142,0.1274999976158142,130000
2017-07-07,0.11500000208616257,0.1274999976158142,0.11500000208616257,0.1274999976158142,0.1274999976158142,28000
2017-07-10,0.1274999976158142,0.1274999976158142,0.11500000208616257,0.11500000208616257,0.11500000208616257,24000
2017-07-11,0.1274999976158142,0.1274999976158142,0.11249999701976776,0.12250000238418579,0.12250000238418579,21600
2017-07-12,0.125,0.1274999976158142,0.125,0.1274999976158142,0.1274999976158142,10400
2017-07-13,0.1274999976158142,0.1274999976158142,0.1274999976158142,0.1274999976158142,0.1274999976158142,0
2017-07-14,0.11999999731779099,0.11999999731779099,0.11999999731779099,0.11999999731779099,0.11999999731779099,38000
2017-07-17,0.11999999731779099,0.11999999731779099,0.11999999731779099,0.11999999731779099,0.11999999731779099,6800
2017-07-18,0.11249999701976776,0.11249999701976776,0.11249999701976776,0.11249999701976776,0.11249999701976776,21200
2017-07-19,0.12250000238418579,0.1274999976158142,0.12250000238418579,0.1274999976158142,0.1274999976158142,14800
2017-07-20,0.12250000238418579,0.1274999976158142,0.12250000238418579,0.12250000238418579,0.12250000238418579,28000
2017-07-21,0.12250000238418579,0.12250000238418579,0.12250000238418579,0.12250000238418579,0.12250000238418579,0
2017-07-24,0.11999999731779099,0.11999999731779099,0.11249999701976776,0.11249999701976776,0.11249999701976776,41200
2017-07-25,0.11249999701976776,0.11249999701976776,0.11249999701976776,0.11249999701976776,0.11249999701976776,78000
2017-07-26,0.11500000208616257,0.11500000208616257,0.11500000208616257,0.11500000208616257,0.11500000208616257,1600
2017-07-27,0.11999999731779099,0.125,0.11999999731779099,0.125,0.125,105600
2017-07-28,0.125,0.125,0.125,0.125,0.125,12000
2017-07-31,0.125,0.125,0.11749999970197678,0.125,0.125,48000
2017-08-01,0.11749999970197678,0.11749999970197678,0.11749999970197678,0.11749999970197678,0.11749999970197678,31200
2017-08-02,0.11999999731779099,0.11999999731779099,0.11999999731779099,0.11999999731779099,0.11999999731779099,6400
2017-08-03,0.125,0.125,0.125,0.125,0.125,32000
2017-08-04,0.11999999731779099,0.125,0.11999999731779099,0.125,0.125,92400
2017-08-07,0.11999999731779099,0.11999999731779099,0.11749999970197678,0.11749999970197678,0.11749999970197678,45200
2017-08-08,0.11249999701976776,0.11999999731779099,0.10999999940395355,0.10999999940395355,0.10999999940395355,248000
2017-08-09,0.11249999701976776,0.11249999701976776,0.11249999701976776,0.11249999701976776,0.11249999701976776,10000
2017-08-10,0.11249999701976776,0.11749999970197678,0.10999999940395355,0.11749999970197678,0.11749999970197678,91600
2017-08-11,0.11249999701976776,0.11749999970197678,0.11249999701976776,0.11500000208616257,0.11500000208616257,36800
2017-08-14,0.11500000208616257,0.11500000208616257,0.11500000208616257,0.11500000208616257,0.11500000208616257,0
2017-08-15,0.11500000208616257,0.11749999970197678,0.09749999642372131,0.09749999642372131,0.09749999642372131,297200
2017-08-16,0.10000000149011612,0.10000000149011612,0.07750000059604645,0.08500000089406967,0.08500000089406967,976000
2017-08-17,0.08500000089406967,0.08749999850988388,0.08250000327825546,0.08500000089406967,0.08500000089406967,114800
2017-08-18,0.08250000327825546,0.0925000011920929,0.07999999821186066,0.0925000011920929,0.0925000011920929,85600
2017-08-21,0.0925000011920929,0.10499999672174454,0.0925000011920929,0.10499999672174454,0.10499999672174454,56000
2017-08-22,0.0949999988079071,0.0949999988079071,0.09000000357627869,0.09000000357627869,0.09000000357627869,7200
2017-08-23,0.10000000149011612,0.10249999910593033,0.09000000357627869,0.10249999910593033,0.10249999910593033,39200
2017-08-24,0.0925000011920929,0.0949999988079071,0.09000000357627869,0.09000000357627869,0.09000000357627869,26000
2017-08-25,0.07999999821186066,0.08749999850988388,0.05000000074505806,0.07750000059604645,0.07750000059604645,1990800
2017-08-28,0.07249999791383743,0.08749999850988388,0.07249999791383743,0.07750000059604645,0.07750000059604645,68400
2017-08-29,0.07500000298023224,0.07750000059604645,0.07249999791383743,0.07750000059604645,0.07750000059604645,72400
2017-08-30,0.07500000298023224,0.08749999850988388,0.07500000298023224,0.07999999821186066,0.07999999821186066,46000
2017-08-31,0.07750000059604645,0.08250000327825546,0.07500000298023224,0.07999999821186066,0.07999999821186066,181200
2017-09-01,0.07999999821186066,0.07999999821186066,0.07750000059604645,0.07750000059604645,0.07750000059604645,69200
2017-09-05,0.07750000059604645,0.07999999821186066,0.07750000059604645,0.07750000059604645,0.07750000059604645,10800
2017-09-06,0.07999999821186066,0.07999999821186066,0.07500000298023224,0.07500000298023224,0.07500000298023224,79600
2017-09-07,0.07750000059604645,0.07999999821186066,0.07750000059604645,0.07999999821186066,0.07999999821186066,23600
2017-09-08,0.0625,0.08250000327825546,0.0625,0.08250000327825546,0.08250000327825546,12800
2017-09-11,0.08250000327825546,0.08250000327825546,0.07999999821186066,0.07999999821186066,0.07999999821186066,47200
2017-09-12,0.07999999821186066,0.07999999821186066,0.07500000298023224,0.07500000298023224,0.07500000298023224,20000
2017-09-13,0.07999999821186066,0.08250000327825546,0.07500000298023224,0.08250000327825546,0.08250000327825546,130000
2017-09-14,0.08250000327825546,0.08250000327825546,0.07750000059604645,0.08250000327825546,0.08250000327825546,131600
2017-09-15,0.07750000059604645,0.08250000327825546,0.07750000059604645,0.07750000059604645,0.07750000059604645,211600
2017-09-18,0.07750000059604645,0.07999999821186066,0.07750000059604645,0.07999999821186066,0.07999999821186066,12400
2017-09-19,0.07999999821186066,0.07999999821186066,0.07500000298023224,0.07500000298023224,0.07500000298023224,161600
2017-09-20,0.07500000298023224,0.07750000059604645,0.07500000298023224,0.07750000059604645,0.07750000059604645,4000
2017-09-21,0.07750000059604645,0.07750000059604645,0.07500000298023224,0.07500000298023224,0.07500000298023224,163600
2017-09-22,0.07999999821186066,0.08250000327825546,0.07500000298023224,0.08250000327825546,0.08250000327825546,178400
2017-09-25,0.07500000298023224,0.07999999821186066,0.07500000298023224,0.07999999821186066,0.07999999821186066,72800
2017-09-26,0.07999999821186066,0.08250000327825546,0.07999999821186066,0.08250000327825546,0.08250000327825546,7200
2017-09-27,0.07999999821186066,0.08250000327825546,0.07999999821186066,0.08250000327825546,0.08250000327825546,1600
2017-09-28,0.07999999821186066,0.07999999821186066,0.07500000298023224,0.07750000059604645,0.07750000059604645,84000
2017-09-29,0.07999999821186066,0.08749999850988388,0.07999999821186066,0.08749999850988388,0.08749999850988388,412000
2017-10-02,0.08749999850988388,0.09000000357627869,0.07999999821186066,0.07999999821186066,0.07999999821186066,69200
2017-10-03,0.0925000011920929,0.10000000149011612,0.09000000357627869,0.09749999642372131,0.09749999642372131,68000
2017-10-04,0.0949999988079071,0.0949999988079071,0.08500000089406967,0.08500000089406967,0.08500000089406967,250400
2017-10-05,0.07999999821186066,0.07999999821186066,0.07750000059604645,0.07750000059604645,0.07750000059604645,80000
2017-10-06,0.07750000059604645,0.07999999821186066,0.07750000059604645,0.07999999821186066,0.07999999821186066,75200
2017-10-09,0.07999999821186066,0.07999999821186066,0.07999999821186066,0.07999999821186066,0.07999999821186066,21200
2017-10-10,0.0949999988079071,0.0949999988079071,0.07500000298023224,0.07999999821186066,0.07999999821186066,103200
2017-10-11,0.07999999821186066,0.07999999821186066,0.07999999821186066,0.07999999821186066,0.07999999821186066,28000
2017-10-12,0.07500000298023224,0.07500000298023224,0.07500000298023224,0.07500000298023224,0.07500000298023224,3200
2017-10-13,0.07750000059604645,0.07999999821186066,0.07500000298023224,0.07750000059604645,0.07750000059604645,58000
2017-10-16,0.08250000327825546,0.08250000327825546,0.08250000327825546,0.08250000327825546,0.08250000327825546,4000
2017-10-17,0.08250000327825546,0.08250000327825546,0.08250000327825546,0.08250000327825546,0.08250000327825546,0
2017-10-18,0.07999999821186066,0.0949999988079071,0.07999999821186066,0.09000000357627869,0.09000000357627869,29600
2017-10-19,0.09000000357627869,0.09000000357627869,0.09000000357627869,0.09000000357627869,0.09000000357627869,0
2017-10-20,0.09000000357627869,0.09000000357627869,0.09000000357627869,0.09000000357627869,0.09000000357627869,0
2017-10-23,0.0925000011920929,0.10999999940395355,0.0925000011920929,0.10999999940395355,0.10999999940395355,30000
2017-10-24,0.10999999940395355,0.10999999940395355,0.10999999940395355,0.10999999940395355,0.10999999940395355,0
2017-10-25,0.10499999672174454,0.10499999672174454,0.10499999672174454,0.10499999672174454,0.10499999672174454,11600
2017-10-26,0.10499999672174454,0.10499999672174454,0.10499999672174454,0.10499999672174454,0.10499999672174454,9200
2017-10-27,0.10499999672174454,0.10499999672174454,0.10499999672174454,0.10499999672174454,0.10499999672174454,0
2017-10-30,0.10499999672174454,0.10499999672174454,0.10499999672174454,0.10499999672174454,0.10499999672174454,0
2017-10-31,0.08749999850988388,0.10249999910593033,0.08749999850988388,0.10000000149011612,0.10000000149011612,48400
2017-11-01,0.0949999988079071,0.0949999988079071,0.0949999988079071,0.0949999988079071,0.0949999988079071,10000
2017-11-02,0.08749999850988388,0.08749999850988388,0.07249999791383743,0.07249999791383743,0.07249999791383743,84000
2017-11-03,0.07000000029802322,0.07000000029802322,0.0625,0.07000000029802322,0.07000000029802322,44000
2017-11-06,0.07000000029802322,0.07500000298023224,0.0625,0.07500000298023224,0.07500000298023224,380800
2017-11-07,0.07500000298023224,0.07500000298023224,0.07500000298023224,0.07500000298023224,0.07500000298023224,0
2017-11-08,0.08250000327825546,0.08250000327825546,0.06750000268220901,0.06750000268220901,0.06750000268220901,45200
2017-11-09,0.07000000029802322,0.07500000298023224,0.07000000029802322,0.07500000298023224,0.07500000298023224,31600
2017-11-10,0.07500000298023224,0.07500000298023224,0.0625,0.07500000298023224,0.07500000298023224,4000
2017-11-13,0.07999999821186066,0.07999999821186066,0.07000000029802322,0.07500000298023224,0.07500000298023224,27600
2017-11-14,0.07500000298023224,0.07500000298023224,0.07500000298023224,0.07500000298023224,0.07500000298023224,22000
2017-11-15,0.06499999761581421,0.06499999761581421,0.05249999836087227,0.0625,0.0625,54000
2017-11-16,0.06499999761581421,0.06499999761581421,0.054999999701976776,0.054999999701976776,0.054999999701976776,115200
2017-11-17,0.05999999865889549,0.06499999761581421,0.05999999865889549,0.06499999761581421,0.06499999761581421,53200
2017-11-20,0.057500001043081284,0.057500001043081284,0.057500001043081284,0.057500001043081284,0.057500001043081284,52400
2017-11-21,0.057500001043081284,0.0625,0.054999999701976776,0.054999999701976776,0.054999999701976776,103200
2017-11-22,0.057500001043081284,0.057500001043081284,0.05249999836087227,0.05249999836087227,0.05249999836087227,150000
2017-11-24,0.05999999865889549,0.05999999865889549,0.05999999865889549,0.05999999865889549,0.05999999865889549,54000
2017-11-27,0.0625,0.06499999761581421,0.0625,0.06499999761581421,0.06499999761581421,33200
2017-11-28,0.06750000268220901,0.07249999791383743,0.06499999761581421,0.07249999791383743,0.07249999791383743,52000
2017-11-29,0.07500000298023224,0.07500000298023224,0.06499999761581421,0.06750000268220901,0.06750000268220901,67200
2017-11-30,0.06750000268220901,0.06750000268220901,0.06750000268220901,0.06750000268220901,0.06750000268220901,0
2017-12-01,0.07500000298023224,0.07500000298023224,0.06750000268220901,0.06750000268220901,0.06750000268220901,31200
2017-12-04,0.07000000029802322,0.07000000029802322,0.07000000029802322,0.07000000029802322,0.07000000029802322,20000
2017-12-05,0.07000000029802322,0.07000000029802322,0.06499999761581421,0.06499999761581421,0.06499999761581421,5600
2017-12-06,0.07000000029802322,0.07000000029802322,0.07000000029802322,0.07000000029802322,0.07000000029802322,20800
2017-12-07,0.07000000029802322,0.07000000029802322,0.07000000029802322,0.07000000029802322,0.07000000029802322,2000
2017-12-08,0.07000000029802322,0.07000000029802322,0.07000000029802322,0.07000000029802322,0.07000000029802322,0
2017-12-11,0.07249999791383743,0.07500000298023224,0.07249999791383743,0.07500000298023224,0.07500000298023224,35600
2017-12-12,0.05999999865889549,0.07750000059604645,0.05999999865889549,0.07249999791383743,0.07249999791383743,13600
2017-12-13,0.07750000059604645,0.07750000059604645,0.06499999761581421,0.06499999761581421,0.06499999761581421,28400
2017-12-14,0.07000000029802322,0.07500000298023224,0.07000000029802322,0.07000000029802322,0.07000000029802322,35600
2017-12-15,0.06750000268220901,0.06750000268220901,0.06750000268220901,0.06750000268220901,0.06750000268220901,3200
2017-12-18,0.06750000268220901,0.07000000029802322,0.06750000268220901,0.07000000029802322,0.07000000029802322,5600
2017-12-19,0.07249999791383743,0.07249999791383743,0.06750000268220901,0.06750000268220901,0.06750000268220901,26000
2017-12-20,0.05999999865889549,0.06750000268220901,0.04749999940395355,0.057500001043081284,0.057500001043081284,308000
2017-12-21,0.0625,0.06499999761581421,0.057500001043081284,0.057500001043081284,0.057500001043081284,260400
2017-12-22,0.06750000268220901,0.06750000268220901,0.06750000268220901,0.06750000268220901,0.06750000268220901,27600
2017-12-26,0.06750000268220901,0.06750000268220901,0.06750000268220901,0.06750000268220901,0.06750000268220901,3200
2017-12-27,0.07000000029802322,0.07000000029802322,0.057500001043081284,0.06499999761581421,0.06499999761581421,326800
2017-12-28,0.06750000268220901,0.07000000029802322,0.05999999865889549,0.05999999865889549,0.05999999865889549,93600
2017-12-29,0.057500001043081284,0.0625,0.057500001043081284,0.05999999865889549,0.05999999865889549,132800
2018-01-02,0.0625,0.06499999761581421,0.05999999865889549,0.06499999761581421,0.06499999761581421,45600
2018-01-03,0.06499999761581421,0.06499999761581421,0.0625,0.0625,0.0625,108400
2018-01-04,0.0625,0.0625,0.0625,0.0625,0.0625,4000
2018-01-05,0.0625,0.0625,0.0625,0.0625,0.0625,22000
2018-01-08,0.06499999761581421,0.06499999761581421,0.0625,0.0625,0.0625,22000
2018-01-09,0.0625,0.0625,0.0625,0.0625,0.0625,0
2018-01-10,0.0625,0.0625,0.0625,0.0625,0.0625,0
2018-01-11,0.0625,0.0625,0.0625,0.0625,0.0625,8800
2018-01-12,0.0625,0.0625,0.05999999865889549,0.0625,0.0625,50000
2018-01-16,0.05999999865889549,0.05999999865889549,0.057500001043081284,0.057500001043081284,0.057500001043081284,80800
2018-01-17,0.05999999865889549,0.0625,0.05999999865889549,0.05999999865889549,0.05999999865889549,145600
2018-01-18,0.0625,0.0625,0.0625,0.0625,0.0625,12800
2018-01-19,0.06499999761581421,0.06750000268220901,0.06499999761581421,0.06750000268220901,0.06750000268220901,23200
2018-01-22,0.06750000268220901,0.06750000268220901,0.06750000268220901,0.06750000268220901,0.06750000268220901,10000
2018-01-23,0.06499999761581421,0.06750000268220901,0.06499999761581421,0.06750000268220901,0.06750000268220901,150000
2018-01-24,0.07000000029802322,0.07000000029802322,0.07000000029802322,0.07000000029802322,0.07000000029802322,10000
2018-01-25,0.07249999791383743,0.07249999791383743,0.07249999791383743,0.07249999791383743,0.07249999791383743,10000
2018-01-26,0.07500000298023224,0.08500000089406967,0.06499999761581421,0.06499999761581421,0.06499999761581421,120000
2018-01-29,0.07750000059604645,0.08250000327825546,0.07750000059604645,0.07750000059604645,0.07750000059604645,107600
2018-01-30,0.07999999821186066,0.08500000089406967,0.07000000029802322,0.07500000298023224,0.07500000298023224,150000
2018-01-31,0.07750000059604645,0.07750000059604645,0.07249999791383743,0.07500000298023224,0.07500000298023224,97200
2018-02-01,0.07500000298023224,0.07750000059604645,0.07249999791383743,0.07750000059604645,0.07750000059604645,32000
2018-02-02,0.07000000029802322,0.07750000059604645,0.07000000029802322,0.07500000298023224,0.07500000298023224,84800
2018-02-05,0.07750000059604645,0.07750000059604645,0.07500000298023224,0.07500000298023224,0.07500000298023224,88000
2018-02-06,0.07500000298023224,0.07500000298023224,0.07500000298023224,0.07500000298023224,0.07500000298023224,0
2018-02-07,0.07500000298023224,0.07500000298023224,0.07500000298023224,0.07500000298023224,0.07500000298023224,0
2018-02-08,0.07500000298023224,0.07500000298023224,0.07500000298023224,0.07500000298023224,0.07500000298023224,20000
2018-02-09,0.0625,0.06750000268220901,0.0625,0.06750000268220901,0.06750000268220901,163200
2018-02-12,0.07500000298023224,0.07500000298023224,0.06750000268220901,0.06750000268220901,0.06750000268220901,26000
2018-02-13,0.07500000298023224,0.07500000298023224,0.06750000268220901,0.06750000268220901,0.06750000268220901,19200
2018-02-14,0.07500000298023224,0.07500000298023224,0.0625,0.07500000298023224,0.07500000298023224,56000
2018-02-15,0.07500000298023224,0.0949999988079071,0.06750000268220901,0.0949999988079071,0.0949999988079071,144400
2018-02-16,0.0949999988079071,0.0949999988079071,0.0949999988079071,0.0949999988079071,0.0949999988079071,85200
2018-02-20,0.09749999642372131,0.09749999642372131,0.0949999988079071,0.0949999988079071,0.0949999988079071,26800
2018-02-21,0.0949999988079071,0.0949999988079071,0.0949999988079071,0.0949999988079071,0.0949999988079071,10000
2018-02-22,0.0949999988079071,0.0949999988079071,0.0949999988079071,0.0949999988079071,0.0949999988079071,0
2018-02-23,0.07999999821186066,0.08749999850988388,0.06750000268220901,0.06750000268220901,0.06750000268220901,94400
2018-02-26,0.07500000298023224,0.0925000011920929,0.07000000029802322,0.0925000011920929,0.0925000011920929,23600
2018-02-27,0.0925000011920929,0.0925000011920929,0.06750000268220901,0.06750000268220901,0.06750000268220901,2800
2018-02-28,0.06750000268220901,0.06750000268220901,0.06750000268220901,0.06750000268220901,0.06750000268220901,0
2018-03-01,0.07000000029802322,0.07500000298023224,0.07000000029802322,0.07000000029802322,0.07000000029802322,36000
2018-03-02,0.07000000029802322,0.07000000029802322,0.07000000029802322,0.07000000029802322,0.07000000029802322,6000
2018-03-05,0.0925000011920929,0.0925000011920929,0.08749999850988388,0.09000000357627869,0.09000000357627869,16000
2018-03-06,0.07500000298023224,0.07500000298023224,0.07500000298023224,0.07500000298023224,0.07500000298023224,6400
2018-03-07,0.07999999821186066,0.08250000327825546,0.07999999821186066,0.08250000327825546,0.08250000327825546,20000
2018-03-08,0.08250000327825546,0.0949999988079071,0.08250000327825546,0.0949999988079071,0.0949999988079071,57200
2018-03-09,0.0949999988079071,0.0949999988079071,0.0949999988079071,0.0949999988079071,0.0949999988079071,0
2018-03-12,0.07500000298023224,0.07500000298023224,0.07500000298023224,0.07500000298023224,0.07500000298023224,49200
2018-03-13,0.07500000298023224,0.07500000298023224,0.07500000298023224,0.07500000298023224,0.07500000298023224,0
2018-03-14,0.07500000298023224,0.07500000298023224,0.07500000298023224,0.07500000298023224,0.07500000298023224,6400
2018-03-15,0.07750000059604645,0.07750000059604645,0.07750000059604645,0.07750000059604645,0.07750000059604645,1200
2018-03-16,0.07750000059604645,0.07750000059604645,0.07750000059604645,0.07750000059604645,0.07750000059604645,0
2018-03-19,0.07750000059604645,0.07750000059604645,0.07500000298023224,0.07500000298023224,0.07500000298023224,25600
2018-03-20,0.07500000298023224,0.07500000298023224,0.07500000298023224,0.07500000298023224,0.07500000298023224,0
2018-03-21,0.07500000298023224,0.07500000298023224,0.07500000298023224,0.07500000298023224,0.07500000298023224,0
2018-03-22,0.07500000298023224,0.07500000298023224,0.07500000298023224,0.07500000298023224,0.07500000298023224,0
2018-03-23,0.07000000029802322,0.07000000029802322,0.07000000029802322,0.07000000029802322,0.07000000029802322,3200
2018-03-26,0.09000000357627869,0.09000000357627869,0.07750000059604645,0.07750000059604645,0.07750000059604645,5600
2018-03-27,0.07750000059604645,0.07750000059604645,0.07750000059604645,0.07750000059604645,0.07750000059604645,0
2018-03-28,0.07750000059604645,0.07750000059604645,0.07750000059604645,0.07750000059604645,0.07750000059604645,0
2018-03-29,0.07750000059604645,0.07750000059604645,0.07750000059604645,0.07750000059604645,0.07750000059604645,0
2018-04-02,0.07750000059604645,0.07750000059604645,0.07750000059604645,0.07750000059604645,0.07750000059604645,0
2018-04-03,0.07750000059604645,0.07750000059604645,0.07750000059604645,0.07750000059604645,0.07750000059604645,0
2018-04-04,0.07750000059604645,0.07750000059604645,0.07750000059604645,0.07750000059604645,0.07750000059604645,0
2018-04-05,0.06750000268220901,0.06750000268220901,0.06750000268220901,0.06750000268220901,0.06750000268220901,800
2018-04-06,0.06750000268220901,0.06750000268220901,0.06750000268220901,0.06750000268220901,0.06750000268220901,0
2018-04-09,0.06750000268220901,0.06750000268220901,0.06499999761581421,0.06499999761581421,0.06499999761581421,46000
2018-04-10,0.06499999761581421,0.06499999761581421,0.06499999761581421,0.06499999761581421,0.06499999761581421,0
2018-04-11,0.06499999761581421,0.06499999761581421,0.0625,0.0625,0.0625,132800
2018-04-12,0.06499999761581421,0.06499999761581421,0.06499999761581421,0.06499999761581421,0.06499999761581421,6800
2018-04-13,0.06499999761581421,0.06499999761581421,0.06499999761581421,0.06499999761581421,0.06499999761581421,0
2018-04-16,0.06499999761581421,0.07500000298023224,0.0625,0.07500000298023224,0.07500000298023224,7600
2018-04-17,0.07500000298023224,0.07500000298023224,0.07500000298023224,0.07500000298023224,0.07500000298023224,0
2018-04-18,0.06499999761581421,0.07500000298023224,0.06499999761581421,0.07500000298023224,0.07500000298023224,12400
2018-04-19,0.07500000298023224,0.07500000298023224,0.07500000298023224,0.07500000298023224,0.07500000298023224,10000
2018-04-20,0.07500000298023224,0.07500000298023224,0.07500000298023224,0.07500000298023224,0.07500000298023224,0
2018-04-23,0.07500000298023224,0.07500000298023224,0.07500000298023224,0.07500000298023224,0.07500000298023224,0
2018-04-24,0.0625,0.0625,0.0625,0.0625,0.0625,6000
2018-04-25,0.07249999791383743,0.07249999791383743,0.07249999791383743,0.07249999791383743,0.07249999791383743,20000
2018-04-26,0.07249999791383743,0.07249999791383743,0.07249999791383743,0.07249999791383743,0.07249999791383743,0
2018-04-27,0.07249999791383743,0.07249999791383743,0.07249999791383743,0.07249999791383743,0.07249999791383743,0
2018-04-30,0.07249999791383743,0.07249999791383743,0.07249999791383743,0.07249999791383743,0.07249999791383743,0
2018-05-01,0.0625,0.06750000268220901,0.0625,0.06499999761581421,0.06499999761581421,58400
2018-05-02,0.06499999761581421,0.06750000268220901,0.06499999761581421,0.06750000268220901,0.06750000268220901,24800
2018-05-03,0.06750000268220901,0.06750000268220901,0.06750000268220901,0.06750000268220901,0.06750000268220901,2000
2018-05-04,0.06499999761581421,0.06750000268220901,0.06499999761581421,0.06750000268220901,0.06750000268220901,24000
2018-05-07,0.06750000268220901,0.06750000268220901,0.06499999761581421,0.06750000268220901,0.06750000268220901,58400
2018-05-08,0.06750000268220901,0.06750000268220901,0.06750000268220901,0.06750000268220901,0.06750000268220901,10000
2018-05-09,0.06750000268220901,0.06750000268220901,0.06750000268220901,0.06750000268220901,0.06750000268220901,8800
2018-05-10,0.0625,0.06750000268220901,0.0625,0.06750000268220901,0.06750000268220901,22000
2018-05-11,0.06750000268220901,0.06750000268220901,0.06750000268220901,0.06750000268220901,0.06750000268220901,0
2018-05-14,0.06750000268220901,0.06750000268220901,0.06750000268220901,0.06750000268220901,0.06750000268220901,0
2018-05-15,0.0625,0.06499999761581421,0.05999999865889549,0.0625,0.0625,30800
2018-05-16,0.08749999850988388,0.09749999642372131,0.08500000089406967,0.08500000089406967,0.08500000089406967,257200
2018-05-17,0.08500000089406967,0.09000000357627869,0.08500000089406967,0.09000000357627869,0.09000000357627869,140800
2018-05-18,0.0925000011920929,0.0925000011920929,0.08500000089406967,0.09000000357627869,0.09000000357627869,166000
2018-05-21,0.08749999850988388,0.09000000357627869,0.08749999850988388,0.09000000357627869,0.09000000357627869,68800
2018-05-22,0.09000000357627869,0.09000000357627869,0.09000000357627869,0.09000000357627869,0.09000000357627869,6000
2018-05-23,0.09000000357627869,0.09000000357627869,0.09000000357627869,0.09000000357627869,0.09000000357627869,20000
2018-05-24,0.09000000357627869,0.09749999642372131,0.09000000357627869,0.09749999642372131,0.09749999642372131,36800
2018-05-25,0.08749999850988388,0.0949999988079071,0.08749999850988388,0.0925000011920929,0.0925000011920929,78400
2018-05-29,0.09749999642372131,0.09749999642372131,0.08749999850988388,0.0925000011920929,0.0925000011920929,55200
2018-05-30,0.09000000357627869,0.09749999642372131,0.09000000357627869,0.0925000011920929,0.0925000011920929,99200
2018-05-31,0.0949999988079071,0.0949999988079071,0.0949999988079071,0.0949999988079071,0.0949999988079071,29600
2018-06-01,0.0949999988079071,0.0949999988079071,0.0949999988079071,0.0949999988079071,0.0949999988079071,0
2018-06-04,0.0925000011920929,0.0949999988079071,0.0925000011920929,0.0949999988079071,0.0949999988079071,64800
2018-06-05,0.08749999850988388,0.08749999850988388,0.08749999850988388,0.08749999850988388,0.08749999850988388,7200
2018-06-06,0.09000000357627869,0.0925000011920929,0.09000000357627869,0.0925000011920929,0.0925000011920929,20800
2018-06-07,0.0925000011920929,0.0925000011920929,0.0925000011920929,0.0925000011920929,0.0925000011920929,4800
2018-06-08,0.0925000011920929,0.0925000011920929,0.08749999850988388,0.0925000011920929,0.0925000011920929,12400
2018-06-11,0.08749999850988388,0.08749999850988388,0.08749999850988388,0.08749999850988388,0.08749999850988388,16000
2018-06-12,0.0949999988079071,0.0949999988079071,0.0949999988079071,0.0949999988079071,0.0949999988079071,8000
2018-06-13,0.0949999988079071,0.0949999988079071,0.0949999988079071,0.0949999988079071,0.0949999988079071,0
2018-06-14,0.0949999988079071,0.0949999988079071,0.0949999988079071,0.0949999988079071,0.0949999988079071,0
2018-06-15,0.0949999988079071,0.0949999988079071,0.0949999988079071,0.0949999988079071,0.0949999988079071,0
2018-06-18,0.09000000357627869,0.0925000011920929,0.08749999850988388,0.09000000357627869,0.09000000357627869,33600
2018-06-19,0.09000000357627869,0.09000000357627869,0.08749999850988388,0.08749999850988388,0.08749999850988388,30000
2018-06-20,0.09000000357627869,0.09000000357627869,0.09000000357627869,0.09000000357627869,0.09000000357627869,800
2018-06-21,0.08749999850988388,0.09000000357627869,0.08749999850988388,0.09000000357627869,0.09000000357627869,35200
2018-06-22,0.09000000357627869,0.09000000357627869,0.09000000357627869,0.09000000357627869,0.09000000357627869,12000
2018-06-25,0.09000000357627869,0.09000000357627869,0.09000000357627869,0.09000000357627869,0.09000000357627869,0
2018-06-26,0.08749999850988388,0.08749999850988388,0.08749999850988388,0.08749999850988388,0.08749999850988388,4400
2018-06-27,0.08749999850988388,0.08749999850988388,0.08749999850988388,0.08749999850988388,0.08749999850988388,1200
2018-06-28,0.08749999850988388,0.08749999850988388,0.08749999850988388,0.08749999850988388,0.08749999850988388,0
2018-06-29,0.08749999850988388,0.08749999850988388,0.08749999850988388,0.08749999850988388,0.08749999850988388,188400
2018-07-02,0.08749999850988388,0.08749999850988388,0.08749999850988388,0.08749999850988388,0.08749999850988388,0
2018-07-03,0.08749999850988388,0.08749999850988388,0.08749999850988388,0.08749999850988388,0.08749999850988388,0
2018-07-05,0.08500000089406967,0.08500000089406967,0.08500000089406967,0.08500000089406967,0.08500000089406967,12800
2018-07-06,0.08500000089406967,0.08500000089406967,0.08500000089406967,0.08500000089406967,0.08500000089406967,0
2018-07-09,0.07750000059604645,0.08500000089406967,0.07750000059604645,0.08500000089406967,0.08500000089406967,44400
2018-07-10,0.08500000089406967,0.08500000089406967,0.08500000089406967,0.08500000089406967,0.08500000089406967,12000
2018-07-11,0.08500000089406967,0.08500000089406967,0.08500000089406967,0.08500000089406967,0.08500000089406967,12000
2018-07-12,0.08500000089406967,0.08500000089406967,0.08500000089406967,0.08500000089406967,0.08500000089406967,0
2018-07-13,0.08500000089406967,0.08500000089406967,0.08500000089406967,0.08500000089406967,0.08500000089406967,0
2018-07-16,0.08500000089406967,0.08500000089406967,0.08500000089406967,0.08500000089406967,0.08500000089406967,0
2018-07-17,0.07500000298023224,0.08500000089406967,0.07500000298023224,0.08500000089406967,0.08500000089406967,113600
2018-07-18,0.07500000298023224,0.08500000089406967,0.07500000298023224,0.08500000089406967,0.08500000089406967,76000
2018-07-19,0.08500000089406967,0.08500000089406967,0.08500000089406967,0.08500000089406967,0.08500000089406967,81200
2018-07-20,0.08500000089406967,0.08500000089406967,0.08500000089406967,0.08500000089406967,0.08500000089406967,0
2018-07-23,0.08250000327825546,0.08250000327825546,0.08250000327825546,0.08250000327825546,0.08250000327825546,64000
2018-07-24,0.08250000327825546,0.08250000327825546,0.08250000327825546,0.08250000327825546,0.08250000327825546,12000
2018-07-25,0.08500000089406967,0.08500000089406967,0.05999999865889549,0.08250000327825546,0.08250000327825546,56400
2018-07-26,0.08250000327825546,0.08250000327825546,0.08250000327825546,0.08250000327825546,0.08250000327825546,0
2018-07-27,0.07500000298023224,0.07999999821186066,0.07500000298023224,0.07999999821186066,0.07999999821186066,24000
2018-07-30,0.07500000298023224,0.08250000327825546,0.07000000029802322,0.08250000327825546,0.08250000327825546,66000
2018-07-31,0.07000000029802322,0.07000000029802322,0.07000000029802322,0.07000000029802322,0.07000000029802322,16000
2018-08-01,0.07500000298023224,0.07750000059604645,0.07500000298023224,0.07750000059604645,0.07750000059604645,55200
2018-08-02,0.07500000298023224,0.07999999821186066,0.07500000298023224,0.07999999821186066,0.07999999821186066,52000
2018-08-03,0.07750000059604645,0.07999999821186066,0.07750000059604645,0.07999999821186066,0.07999999821186066,70000
2018-08-06,0.06750000268220901,0.07999999821186066,0.06750000268220901,0.07999999821186066,0.07999999821186066,20400
2018-08-07,0.08500000089406967,0.08500000089406967,0.06750000268220901,0.06750000268220901,0.06750000268220901,36000
2018-08-08,0.07249999791383743,0.07500000298023224,0.07249999791383743,0.07500000298023224,0.07500000298023224,31200
2018-08-09,0.07249999791383743,0.07500000298023224,0.07249999791383743,0.07500000298023224,0.07500000298023224,48000
2018-08-10,0.07500000298023224,0.07500000298023224,0.07500000298023224,0.07500000298023224,0.07500000298023224,0
2018-08-13,0.07000000029802322,0.07500000298023224,0.06750000268220901,0.07500000298023224,0.07500000298023224,32800
2018-08-14,0.07500000298023224,0.07500000298023224,0.06499999761581421,0.07500000298023224,0.07500000298023224,220800
2018-08-15,0.06750000268220901,0.07500000298023224,0.0625,0.07500000298023224,0.07500000298023224,170800
2018-08-16,0.06499999761581421,0.07000000029802322,0.06499999761581421,0.07000000029802322,0.07000000029802322,363200
2018-08-17,0.07000000029802322,0.07000000029802322,0.07000000029802322,0.07000000029802322,0.07000000029802322,4000
2018-08-20,0.06499999761581421,0.07500000298023224,0.06499999761581421,0.07500000298023224,0.07500000298023224,126800
2018-08-21,0.08250000327825546,0.08250000327825546,0.06499999761581421,0.07750000059604645,0.07750000059604645,50800
2018-08-22,0.06750000268220901,0.08250000327825546,0.06750000268220901,0.07999999821186066,0.07999999821186066,81200
2018-08-23,0.07999999821186066,0.07999999821186066,0.07500000298023224,0.07500000298023224,0.07500000298023224,14000
2018-08-24,0.07500000298023224,0.07999999821186066,0.07500000298023224,0.07999999821186066,0.07999999821186066,78000
2018-08-27,0.07750000059604645,0.07999999821186066,0.07750000059604645,0.07999999821186066,0.07999999821186066,59600
2018-08-28,0.07999999821186066,0.08250000327825546,0.07999999821186066,0.07999999821186066,0.07999999821186066,159200
2018-08-29,0.07000000029802322,0.08250000327825546,0.07000000029802322,0.07750000059604645,0.07750000059604645,410400
2018-08-30,0.08250000327825546,0.08250000327825546,0.08250000327825546,0.08250000327825546,0.08250000327825546,20000
2018-08-31,0.07500000298023224,0.08250000327825546,0.07500000298023224,0.07500000298023224,0.07500000298023224,35200
2018-09-04,0.07500000298023224,0.07500000298023224,0.07500000298023224,0.07500000298023224,0.07500000298023224,12000
2018-09-05,0.07500000298023224,0.07500000298023224,0.07500000298023224,0.07500000298023224,0.07500000298023224,4000
2018-09-06,0.07999999821186066,0.07999999821186066,0.07999999821186066,0.07999999821186066,0.07999999821186066,20000
2018-09-07,0.07500000298023224,0.07500000298023224,0.07500000298023224,0.07500000298023224,0.07500000298023224,60000
2018-09-10,0.07999999821186066,0.10000000149011612,0.07999999821186066,0.10000000149011612,0.10000000149011612,44000
2018-09-11,0.0949999988079071,0.0949999988079071,0.0949999988079071,0.0949999988079071,0.0949999988079071,400
2018-09-12,0.0949999988079071,0.0949999988079071,0.07750000059604645,0.07750000059604645,0.07750000059604645,24000
2018-09-13,0.07750000059604645,0.0949999988079071,0.07750000059604645,0.08749999850988388,0.08749999850988388,128800
2018-09-14,0.08749999850988388,0.0925000011920929,0.08749999850988388,0.0925000011920929,0.0925000011920929,68000
2018-09-17,0.10249999910593033,0.10249999910593033,0.10000000149011612,0.10249999910593033,0.10249999910593033,29600
2018-09-18,0.10249999910593033,0.10249999910593033,0.10249999910593033,0.10249999910593033,0.10249999910593033,0
2018-09-19,0.10249999910593033,0.10249999910593033,0.10249999910593033,0.10249999910593033,0.10249999910593033,0
2018-09-20,0.10499999672174454,0.10999999940395355,0.10499999672174454,0.10999999940395355,0.10999999940395355,82400
2018-09-21,0.10499999672174454,0.10499999672174454,0.10499999672174454,0.10499999672174454,0.10499999672174454,30000
2018-09-24,0.10499999672174454,0.11249999701976776,0.10499999672174454,0.10499999672174454,0.10499999672174454,42000
2018-09-25,0.10499999672174454,0.10499999672174454,0.10499999672174454,0.10499999672174454,0.10499999672174454,0
2018-09-26,0.11249999701976776,0.11249999701976776,0.10000000149011612,0.10000000149011612,0.10000000149011612,40000
2018-09-27,0.10249999910593033,0.10249999910593033,0.10249999910593033,0.10249999910593033,0.10249999910593033,20000
2018-09-28,0.10249999910593033,0.10249999910593033,0.10249999910593033,0.10249999910593033,0.10249999910593033,20000
2018-10-01,0.10249999910593033,0.11249999701976776,0.10249999910593033,0.10499999672174454,0.10499999672174454,17600
2018-10-02,0.10499999672174454,0.10499999672174454,0.10000000149011612,0.10499999672174454,0.10499999672174454,42000
2018-10-03,0.10499999672174454,0.10499999672174454,0.10499999672174454,0.10499999672174454,0.10499999672174454,0
2018-10-04,0.10000000149011612,0.10000000149011612,0.10000000149011612,0.10000000149011612,0.10000000149011612,62000
2018-10-05,0.10499999672174454,0.11249999701976776,0.10499999672174454,0.11249999701976776,0.11249999701976776,62000
2018-10-08,0.10499999672174454,0.11249999701976776,0.10499999672174454,0.10499999672174454,0.10499999672174454,24000
2018-10-09,0.10499999672174454,0.10499999672174454,0.10499999672174454,0.10499999672174454,0.10499999672174454,48800
2018-10-10,0.10499999672174454,0.10499999672174454,0.10499999672174454,0.10499999672174454,0.10499999672174454,10000
2018-10-11,0.10750000178813934,0.10750000178813934,0.10750000178813934,0.10750000178813934,0.10750000178813934,11200
2018-10-12,0.11249999701976776,0.125,0.11249999701976776,0.125,0.125,120000
2018-10-15,0.11749999970197678,0.125,0.11749999970197678,0.125,0.125,80000
2018-10-16,0.125,0.125,0.11999999731779099,0.11999999731779099,0.11999999731779099,5600
2018-10-17,0.11999999731779099,0.12999999523162842,0.11999999731779099,0.12999999523162842,0.12999999523162842,144000
2018-10-18,0.12999999523162842,0.12999999523162842,0.11749999970197678,0.11749999970197678,0.11749999970197678,29200
2018-10-19,0.11500000208616257,0.125,0.11500000208616257,0.11749999970197678,0.11749999970197678,10800
2018-10-22,0.11749999970197678,0.11749999970197678,0.11749999970197678,0.11749999970197678,0.11749999970197678,28800
2018-10-23,0.11999999731779099,0.11999999731779099,0.11999999731779099,0.11999999731779099,0.11999999731779099,70400
2018-10-24,0.11999999731779099,0.125,0.11999999731779099,0.11999999731779099,0.11999999731779099,126800
2018-10-25,0.125,0.125,0.11500000208616257,0.125,0.125,8800
2018-10-26,0.125,0.12999999523162842,0.125,0.12999999523162842,0.12999999523162842,30000
2018-10-29,0.125,0.12999999523162842,0.125,0.12999999523162842,0.12999999523162842,11200
2018-10-30,0.125,0.125,0.125,0.125,0.125,12000
2018-10-31,0.125,0.125,0.125,0.125,0.125,16000
2018-11-01,0.12999999523162842,0.13249999284744263,0.12999999523162842,0.13249999284744263,0.13249999284744263,100000
2018-11-02,0.13500000536441803,0.13750000298023224,0.125,0.13750000298023224,0.13750000298023224,258400
2018-11-05,0.13500000536441803,0.13750000298023224,0.12999999523162842,0.12999999523162842,0.12999999523162842,76000
2018-11-06,0.13500000536441803,0.13750000298023224,0.13500000536441803,0.13750000298023224,0.13750000298023224,40000
2018-11-07,0.13750000298023224,0.13750000298023224,0.13750000298023224,0.13750000298023224,0.13750000298023224,12800
2018-11-08,0.13750000298023224,0.13750000298023224,0.13249999284744263,0.13249999284744263,0.13249999284744263,9600
2018-11-09,0.13500000536441803,0.13500000536441803,0.13500000536441803,0.13500000536441803,0.13500000536441803,2000
2018-11-12,0.1274999976158142,0.1274999976158142,0.11249999701976776,0.11500000208616257,0.11500000208616257,48400
2018-11-13,0.13750000298023224,0.13750000298023224,0.13750000298023224,0.13750000298023224,0.13750000298023224,1600
2018-11-14,0.13500000536441803,0.13500000536441803,0.13500000536441803,0.13500000536441803,0.13500000536441803,8000
2018-11-15,0.125,0.12999999523162842,0.11500000208616257,0.1274999976158142,0.1274999976158142,315600
2018-11-16,0.11249999701976776,0.11249999701976776,0.11249999701976776,0.11249999701976776,0.11249999701976776,56000
2018-11-19,0.11249999701976776,0.11500000208616257,0.11249999701976776,0.11500000208616257,0.11500000208616257,16000
2018-11-20,0.13750000298023224,0.13750000298023224,0.13750000298023224,0.13750000298023224,0.13750000298023224,13600
2018-11-21,0.11500000208616257,0.13249999284744263,0.11500000208616257,0.13249999284744263,0.13249999284744263,13200
2018-11-23,0.13249999284744263,0.13249999284744263,0.13249999284744263,0.13249999284744263,0.13249999284744263,0
2018-11-26,0.13249999284744263,0.13249999284744263,0.13249999284744263,0.13249999284744263,0.13249999284744263,0
2018-11-27,0.13249999284744263,0.13249999284744263,0.13249999284744263,0.13249999284744263,0.13249999284744263,400
2018-11-28,0.11500000208616257,0.11500000208616257,0.11500000208616257,0.11500000208616257,0.11500000208616257,17600
2018-11-29,0.11999999731779099,0.11999999731779099,0.11999999731779099,0.11999999731779099,0.11999999731779099,24000
2018-11-30,0.11999999731779099,0.11999999731779099,0.11999999731779099,0.11999999731779099,0.11999999731779099,0
2018-12-03,0.11500000208616257,0.12250000238418579,0.0949999988079071,0.11999999731779099,0.11999999731779099,29200
2018-12-04,0.11999999731779099,0.11999999731779099,0.11999999731779099,0.11999999731779099,0.11999999731779099,0
2018-12-06,0.11999999731779099,0.11999999731779099,0.11999999731779099,0.11999999731779099,0.11999999731779099,0
2018-12-07,0.11999999731779099,0.11999999731779099,0.11999999731779099,0.11999999731779099,0.11999999731779099,2400
2018-12-10,0.11999999731779099,0.11999999731779099,0.10000000149011612,0.11999999731779099,0.11999999731779099,44400
2018-12-11,0.11999999731779099,0.11999999731779099,0.11999999731779099,0.11999999731779099,0.11999999731779099,0
2018-12-12,0.11749999970197678,0.11749999970197678,0.11749999970197678,0.11749999970197678,0.11749999970197678,20000
2018-12-13,0.10249999910593033,0.10249999910593033,0.10249999910593033,0.10249999910593033,0.10249999910593033,20000
2018-12-14,0.10249999910593033,0.10249999910593033,0.10000000149011612,0.10000000149011612,0.10000000149011612,52000
2018-12-17,0.10000000149011612,0.10000000149011612,0.10000000149011612,0.10000000149011612,0.10000000149011612,20000
2018-12-18,0.10000000149011612,0.10000000149011612,0.10000000149011612,0.10000000149011612,0.10000000149011612,37600
2018-12-19,0.10000000149011612,0.10999999940395355,0.10000000149011612,0.10000000149011612,0.10000000149011612,73600
2018-12-20,0.10000000149011612,0.10000000149011612,0.10000000149011612,0.10000000149011612,0.10000000149011612,60000
2018-12-21,0.08749999850988388,0.0925000011920929,0.08749999850988388,0.0925000011920929,0.0925000011920929,24800
2018-12-24,0.06750000268220901,0.06750000268220901,0.06750000268220901,0.06750000268220901,0.06750000268220901,800
2018-12-26,0.0925000011920929,0.0925000011920929,0.0925000011920929,0.0925000011920929,0.0925000011920929,48000
2018-12-27,0.07249999791383743,0.10999999940395355,0.07249999791383743,0.10750000178813934,0.10750000178813934,160000
2018-12-28,0.07249999791383743,0.10999999940395355,0.07249999791383743,0.10750000178813934,0.10750000178813934,160000
2018-12-31,0.09000000357627869,0.10750000178813934,0.09000000357627869,0.10750000178813934,0.10750000178813934,154000
2019-01-02,0.10000000149011612,0.10750000178813934,0.10000000149011612,0.10750000178813934,0.10750000178813934,25200
2019-01-03,0.10750000178813934,0.10750000178813934,0.10000000149011612,0.10499999672174454,0.10499999672174454,40000
2019-01-04,0.10000000149011612,0.10499999672174454,0.10000000149011612,0.10000000149011612,0.10000000149011612,50400
2019-01-07,0.10000000149011612,0.10000000149011612,0.10000000149011612,0.10000000149011612,0.10000000149011612,0
2019-01-08,0.10249999910593033,0.10249999910593033,0.10249999910593033,0.10249999910593033,0.10249999910593033,20000
2019-01-09,0.10499999672174454,0.11999999731779099,0.10499999672174454,0.11999999731779099,0.11999999731779099,40000
2019-01-10,0.11249999701976776,0.11249999701976776,0.11249999701976776,0.11249999701976776,0.11249999701976776,30000
2019-01-11,0.11249999701976776,0.11249999701976776,0.10249999910593033,0.10249999910593033,0.10249999910593033,22800
2019-01-14,0.11749999970197678,0.11749999970197678,0.10249999910593033,0.10249999910593033,0.10249999910593033,28800
2019-01-15,0.125,0.125,0.125,0.125,0.125,50000
2019-01-16,0.12999999523162842,0.12999999523162842,0.125,0.12999999523162842,0.12999999523162842,28000
2019-01-17,0.12999999523162842,0.12999999523162842,0.12999999523162842,0.12999999523162842,0.12999999523162842,8400
2019-01-18,0.13750000298023224,0.14000000059604645,0.13750000298023224,0.14000000059604645,0.14000000059604645,34400
2019-01-22,0.14000000059604645,0.14000000059604645,0.14000000059604645,0.14000000059604645,0.14000000059604645,400
2019-01-23,0.14000000059604645,0.14000000059604645,0.12999999523162842,0.12999999523162842,0.12999999523162842,10400
2019-01-24,0.12999999523162842,0.12999999523162842,0.1274999976158142,0.1274999976158142,0.1274999976158142,16000
2019-01-25,0.1274999976158142,0.1274999976158142,0.1274999976158142,0.1274999976158142,0.1274999976158142,0
2019-01-28,0.13750000298023224,0.13750000298023224,0.13750000298023224,0.13750000298023224,0.13750000298023224,8000
2019-01-29,0.12999999523162842,0.12999999523162842,0.12999999523162842,0.12999999523162842,0.12999999523162842,1200
2019-01-30,0.12999999523162842,0.12999999523162842,0.11249999701976776,0.125,0.125,92400
2019-01-31,0.125,0.125,0.125,0.125,0.125,0
2019-02-01,0.125,0.125,0.125,0.125,0.125,0
2019-02-04,0.125,0.14000000059604645,0.125,0.14000000059604645,0.14000000059604645,30800
2019-02-05,0.14000000059604645,0.14000000059604645,0.125,0.125,0.125,40000
2019-02-06,0.125,0.125,0.125,0.125,0.125,0
2019-02-07,0.125,0.125,0.125,0.125,0.125,0
2019-02-08,0.125,0.125,0.125,0.125,0.125,0
2019-02-11,0.125,0.125,0.125,0.125,0.125,0
2019-02-12,0.125,0.125,0.125,0.125,0.125,0
2019-02-13,0.125,0.125,0.125,0.125,0.125,0
2019-02-14,0.125,0.12999999523162842,0.125,0.12999999523162842,0.12999999523162842,4400
2019-02-15,0.14000000059604645,0.14000000059604645,0.125,0.125,0.125,29600
2019-02-19,0.14000000059604645,0.14000000059604645,0.13750000298023224,0.13750000298023224,0.13750000298023224,103600
2019-02-20,0.13750000298023224,0.14000000059604645,0.13750000298023224,0.14000000059604645,0.14000000059604645,37600
2019-02-21,0.14000000059604645,0.14000000059604645,0.14000000059604645,0.14000000059604645,0.14000000059604645,0
2019-02-22,0.1274999976158142,0.14000000059604645,0.1274999976158142,0.14000000059604645,0.14000000059604645,21600
2019-02-25,0.1274999976158142,0.1274999976158142,0.1274999976158142,0.1274999976158142,0.1274999976158142,20000
2019-02-26,0.14000000059604645,0.14000000059604645,0.11749999970197678,0.11749999970197678,0.11749999970197678,48000
2019-02-27,0.125,0.14000000059604645,0.125,0.14000000059604645,0.14000000059604645,63600
2019-02-28,0.1274999976158142,0.1274999976158142,0.1274999976158142,0.1274999976158142,0.1274999976158142,20000
2019-03-01,0.14000000059604645,0.14000000059604645,0.14000000059604645,0.14000000059604645,0.14000000059604645,4000
2019-03-04,0.13750000298023224,0.13750000298023224,0.1274999976158142,0.1274999976158142,0.1274999976158142,23600
2019-03-05,0.14000000059604645,0.14000000059604645,0.14000000059604645,0.14000000059604645,0.14000000059604645,1200
2019-03-06,0.14000000059604645,0.14000000059604645,0.1274999976158142,0.1274999976158142,0.1274999976158142,32800
2019-03-07,0.1274999976158142,0.13750000298023224,0.1274999976158142,0.13750000298023224,0.13750000298023224,23600
2019-03-08,0.1274999976158142,0.1274999976158142,0.125,0.125,0.125,58400
2019-03-11,0.11749999970197678,0.125,0.11749999970197678,0.125,0.125,20800
2019-03-12,0.1274999976158142,0.1274999976158142,0.125,0.1274999976158142,0.1274999976158142,28000
2019-03-13,0.1274999976158142,0.1274999976158142,0.1274999976158142,0.1274999976158142,0.1274999976158142,400
2019-03-14,0.1274999976158142,0.1274999976158142,0.125,0.125,0.125,24800
2019-03-15,0.125,0.14000000059604645,0.125,0.14000000059604645,0.14000000059604645,6000
2019-03-18,0.14000000059604645,0.14000000059604645,0.14000000059604645,0.14000000059604645,0.14000000059604645,0
2019-03-19,0.13750000298023224,0.14000000059604645,0.13750000298023224,0.14000000059604645,0.14000000059604645,16400
2019-03-20,0.14000000059604645,0.14000000059604645,0.14000000059604645,0.14000000059604645,0.14000000059604645,800
2019-03-21,0.13249999284744263,0.13750000298023224,0.13249999284744263,0.13750000298023224,0.13750000298023224,24400
2019-03-22,0.13249999284744263,0.13249999284744263,0.13249999284744263,0.13249999284744263,0.13249999284744263,27600
2019-03-25,0.12999999523162842,0.12999999523162842,0.1274999976158142,0.1274999976158142,0.1274999976158142,24000
2019-03-26,0.1274999976158142,0.1274999976158142,0.1274999976158142,0.1274999976158142,0.1274999976158142,400
2019-03-27,0.1274999976158142,0.1274999976158142,0.1274999976158142,0.1274999976158142,0.1274999976158142,0
2019-03-28,0.13249999284744263,0.14000000059604645,0.13249999284744263,0.14000000059604645,0.14000000059604645,4400
2019-03-29,0.14000000059604645,0.14000000059604645,0.14000000059604645,0.14000000059604645,0.14000000059604645,8000
2019-04-01,0.13500000536441803,0.13500000536441803,0.13500000536441803,0.13500000536441803,0.13500000536441803,6000
2019-04-02,0.12999999523162842,0.13750000298023224,0.125,0.13750000298023224,0.13750000298023224,55600
2019-04-03,0.13750000298023224,0.13750000298023224,0.13750000298023224,0.13750000298023224,0.13750000298023224,0
2019-04-04,0.13750000298023224,0.13750000298023224,0.13750000298023224,0.13750000298023224,0.13750000298023224,400
2019-04-05,0.14000000059604645,0.14000000059604645,0.14000000059604645,0.14000000059604645,0.14000000059604645,4400
2019-04-08,0.14000000059604645,0.14000000059604645,0.14000000059604645,0.14000000059604645,0.14000000059604645,0
2019-04-09,0.13500000536441803,0.13500000536441803,0.13500000536441803,0.13500000536441803,0.13500000536441803,8000
2019-04-10,0.14000000059604645,0.14499999582767487,0.14000000059604645,0.14499999582767487,0.14499999582767487,127200
2019-04-11,0.14499999582767487,0.14499999582767487,0.14499999582767487,0.14499999582767487,0.14499999582767487,400
2019-04-12,0.14499999582767487,0.14499999582767487,0.13750000298023224,0.13750000298023224,0.13750000298023224,4800
2019-04-15,0.14249999821186066,0.14499999582767487,0.13500000536441803,0.14499999582767487,0.14499999582767487,87200
2019-04-16,0.14499999582767487,0.14499999582767487,0.14499999582767487,0.14499999582767487,0.14499999582767487,0
2019-04-17,0.14499999582767487,0.14499999582767487,0.14499999582767487,0.14499999582767487,0.14499999582767487,0
2019-04-18,0.14499999582767487,0.14499999582767487,0.14499999582767487,0.14499999582767487,0.14499999582767487,0
2019-04-22,1.5,1.5,1.5,1.5,1.5,2800
2019-04-23,1.75,1.75,1.75,1.75,1.75,4400
2019-04-24,1.75,1.75,1.75,1.75,1.75,0
2019-04-25,1.75,1.75,1.6375000476837158,1.7174999713897705,1.7174999713897705,3200
2019-04-26,1.75,1.774999976158142,1.725000023841858,1.725000023841858,1.725000023841858,3200
2019-04-29,1.725000023841858,1.725000023841858,1.725000023841858,1.725000023841858,1.725000023841858,0
2019-04-30,1.725000023841858,1.725000023841858,1.725000023841858,1.725000023841858,1.725000023841858,0
2019-05-01,1.725000023841858,1.725000023841858,1.725000023841858,1.725000023841858,1.725000023841858,0
2019-05-02,1.7000000476837158,1.7000000476837158,1.7000000476837158,1.7000000476837158,1.7000000476837158,2400
2019-05-03,1.7000000476837158,1.7000000476837158,1.7000000476837158,1.7000000476837158,1.7000000476837158,800
2019-05-06,1.7000000476837158,1.7000000476837158,1.7000000476837158,1.7000000476837158,1.7000000476837158,800
2019-05-07,1.7000000476837158,1.7000000476837158,1.7000000476837158,1.7000000476837158,1.7000000476837158,400
2019-05-08,1.7000000476837158,1.7000000476837158,1.7000000476837158,1.7000000476837158,1.7000000476837158,400
2019-05-09,1.725000023841858,1.725000023841858,1.725000023841858,1.725000023841858,1.725000023841858,5600
2019-05-10,1.712499976158142,1.712499976158142,1.712499976158142,1.712499976158142,1.712499976158142,800
2019-05-13,1.712499976158142,1.712499976158142,1.712499976158142,1.712499976158142,1.712499976158142,0
2019-05-14,1.712499976158142,1.712499976158142,1.712499976158142,1.712499976158142,1.712499976158142,0
2019-05-15,1.712499976158142,1.7925000190734863,1.712499976158142,1.787500023841858,1.787500023841858,4800
2019-05-16,2.257499933242798,2.7774999141693115,2.257499933242798,2.5,2.5,58400
2019-05-17,2.5,2.5,2.5,2.5,2.5,0
2019-05-20,2.450000047683716,2.497499942779541,2.450000047683716,2.497499942779541,2.497499942779541,2400
2019-05-21,2.387500047683716,2.5,2.387500047683716,2.5,2.5,6000
2019-05-22,2.447499990463257,2.450000047683716,1.787500023841858,2.25,2.25,44000
2019-05-23,2.25,2.375,2.125,2.375,2.375,12800
2019-05-24,2.375,2.375,2.375,2.375,2.375,0
2019-05-28,2.375,2.375,2.375,2.375,2.375,0
2019-05-29,2.25,2.25,2.25,2.25,2.25,2400
2019-05-30,2.25,2.25,2.25,2.25,2.25,4000
2019-05-31,2.247499942779541,2.375,2.247499942779541,2.375,2.375,14400
2019-06-03,2.375,2.375,2.375,2.375,2.375,0
2019-06-04,2.25,2.25,2.25,2.25,2.25,2000
2019-06-05,2.25,2.25,2.25,2.25,2.25,400
2019-06-06,2.25,2.25,2.25,2.25,2.25,0
2019-06-07,2.325000047683716,2.3499999046325684,2.325000047683716,2.3499999046325684,2.3499999046325684,9200
2019-06-10,2.3499999046325684,2.3499999046325684,2.3499999046325684,2.3499999046325684,2.3499999046325684,0
2019-06-11,2.3375000953674316,2.3375000953674316,2.0250000953674316,2.200000047683716,2.200000047683716,9600
2019-06-12,2.3125,2.3125,2.3125,2.3125,2.3125,3200
2019-06-13,2.299999952316284,2.3125,2.299999952316284,2.3125,2.3125,1600
2019-06-14,2.3125,2.3125,2.3125,2.3125,2.3125,0
2019-06-17,2.3125,2.3125,2.3125,2.3125,2.3125,800
2019-06-18,2.299999952316284,2.299999952316284,2.299999952316284,2.299999952316284,2.299999952316284,800
2019-06-19,2.299999952316284,2.299999952316284,2.299999952316284,2.299999952316284,2.299999952316284,0
2019-06-20,2.325000047683716,2.325000047683716,2.325000047683716,2.325000047683716,2.325000047683716,1600
2019-06-21,2.325000047683716,2.325000047683716,2.325000047683716,2.325000047683716,2.325000047683716,0
2019-06-24,2.25,2.3125,2.25,2.3125,2.3125,1600
2019-06-25,2.2874999046325684,2.3125,2.2874999046325684,2.3125,2.3125,1200
2019-06-26,2.2874999046325684,2.3125,2.2874999046325684,2.3125,2.3125,1200
2019-06-27,2.3125,2.3125,2.3125,2.3125,2.3125,400
2019-06-28,2.3125,2.3125,2.3125,2.3125,2.3125,0
2019-07-01,2.2874999046325684,2.2874999046325684,2.2874999046325684,2.2874999046325684,2.2874999046325684,400
2019-07-02,2.2874999046325684,2.2874999046325684,2.2874999046325684,2.2874999046325684,2.2874999046325684,0
2019-07-03,2.2874999046325684,2.2874999046325684,2.2874999046325684,2.2874999046325684,2.2874999046325684,0
2019-07-05,2.2874999046325684,2.2874999046325684,2.2874999046325684,2.2874999046325684,2.2874999046325684,10400
2019-07-08,2.3125,2.3125,2.299999952316284,2.299999952316284,2.299999952316284,19200
2019-07-09,2.299999952316284,2.325000047683716,2.299999952316284,2.305000066757202,2.305000066757202,9200
2019-07-10,2.25,2.25,2.25,2.25,2.25,800
2019-07-11,2.25,2.7750000953674316,2.25,2.4000000953674316,2.4000000953674316,21200
2019-07-12,2.424999952316284,2.700000047683716,2.4124999046325684,2.700000047683716,2.700000047683716,10000
2019-07-15,2.700000047683716,2.825000047683716,2.625,2.625,2.625,4800
2019-07-16,2.75,2.75,2.75,2.75,2.75,4000
2019-07-17,2.75,2.75,2.75,2.75,2.75,400
2019-07-18,2.75,2.75,2.75,2.75,2.75,1200
2019-07-19,2.762500047683716,2.762500047683716,2.762500047683716,2.762500047683716,2.762500047683716,3200
2019-07-22,2.762500047683716,2.762500047683716,2.762500047683716,2.762500047683716,2.762500047683716,1200
2019-07-23,2.762500047683716,2.762500047683716,2.762500047683716,2.762500047683716,2.762500047683716,1200
2019-07-24,2.762500047683716,2.762500047683716,2.7249999046325684,2.7249999046325684,2.7249999046325684,15600
2019-07-25,2.7249999046325684,2.7249999046325684,2.7249999046325684,2.7249999046325684,2.7249999046325684,0
2019-07-26,2.7249999046325684,2.7249999046325684,2.7249999046325684,2.7249999046325684,2.7249999046325684,0
2019-07-29,2.6875,2.6875,2.6875,2.6875,2.6875,4000
2019-07-30,2.6875,2.6875,2.6875,2.6875,2.6875,4000
2019-07-31,2.6875,2.6875,2.6875,2.6875,2.6875,2000
2019-08-01,2.625,2.75,2.625,2.75,2.75,800
2019-08-02,2.625,2.75,2.625,2.75,2.75,800
2019-08-05,2.625,2.625,2.625,2.625,2.625,800
2019-08-06,2.75,2.75,2.625,2.6875,2.6875,8400
2019-08-07,2.75,2.75,2.625,2.6875,2.6875,400
2019-08-08,2.6875,2.6875,2.6875,2.6875,2.6875,0
2019-08-09,2.625,2.674999952316284,2.5250000953674316,2.625,2.625,6400
2019-08-12,2.5625,2.5625,2.262500047683716,2.5,2.5,20400
2019-08-13,2.4549999237060547,2.4549999237060547,2.4375,2.4375,2.4375,2400
2019-08-14,2.375,2.4124999046325684,2.125,2.125,2.125,16800
2019-08-15,2.375,2.4124999046325684,2.125,2.125,2.125,16800
2019-08-16,2.25,2.25,2.25,2.25,2.25,6400
2019-08-19,2.25,2.262500047683716,2.25,2.25,2.25,14400
2019-08-20,2.125,2.375,2.125,2.375,2.375,13200
2019-08-21,2.5,2.5,2.5,2.5,2.5,18400
2019-08-22,2.174999952316284,2.325000047683716,2.174999952316284,2.325000047683716,2.325000047683716,4800
2019-08-23,2.25,2.25,2.25,2.25,2.25,4000
2019-08-26,2.25,2.25,2.25,2.25,2.25,0
2019-08-27,2.5625,2.5625,2.5625,2.5625,2.5625,400
2019-08-28,2.5625,2.5625,2.5625,2.5625,2.5625,0
2019-08-29,2.5625,2.5625,2.5625,2.5625,2.5625,0
2019-08-30,2.5625,2.5625,2.5625,2.5625,2.5625,0
2019-09-03,2.5625,2.5625,2.5625,2.5625,2.5625,0
2019-09-04,2.252500057220459,2.252500057220459,2.25,2.25,2.25,800
2019-09-05,2.25,2.25,2.25,2.25,2.25,0
2019-09-06,2.174999952316284,2.25,2.174999952316284,2.174999952316284,2.174999952316284,13200
2019-09-09,2.174999952316284,2.174999952316284,2.174999952316284,2.174999952316284,2.174999952316284,0
2019-09-10,2.25,2.25,2.25,2.25,2.25,400
2019-09-11,2.372499942779541,2.372499942779541,2.325000047683716,2.325000047683716,2.325000047683716,8000
2019-09-12,2.325000047683716,2.375,2.325000047683716,2.375,2.375,4400
2019-09-13,2.4749999046325684,2.4749999046325684,2.4749999046325684,2.4749999046325684,2.4749999046325684,400
2019-09-16,2.3299999237060547,2.450000047683716,2.3299999237060547,2.4375,2.4375,121600
2019-09-17,2.4375,2.4375,2.4375,2.4375,2.4375,0
2019-09-18,2.4375,2.4375,2.4375,2.4375,2.4375,0
2019-09-19,2.325000047683716,2.325000047683716,2.325000047683716,2.325000047683716,2.325000047683716,400
2019-09-20,2.424999952316284,2.424999952316284,2.424999952316284,2.424999952316284,2.424999952316284,1600
2019-09-23,2.4375,2.5,2.4375,2.5,2.5,30800
2019-09-24,2.424999952316284,2.424999952316284,2.25,2.299999952316284,2.299999952316284,3200
2019-09-25,2.299999952316284,2.299999952316284,2.299999952316284,2.299999952316284,2.299999952316284,0
2019-09-26,2.299999952316284,2.299999952316284,2.299999952316284,2.299999952316284,2.299999952316284,0
2019-09-27,2.5,2.5,2.5,2.5,2.5,4000
2019-09-30,2.5,2.625,2.5,2.549999952316284,2.549999952316284,194800
2019-10-01,2.5250000953674316,2.5250000953674316,2.5250000953674316,2.5250000953674316,2.5250000953674316,800
2019-10-02,2.5250000953674316,2.5250000953674316,2.5250000953674316,2.5250000953674316,2.5250000953674316,0
2019-10-03,2.5250000953674316,2.5250000953674316,2.5250000953674316,2.5250000953674316,2.5250000953674316,0
2019-10-04,2.5975000858306885,2.5975000858306885,2.5975000858306885,2.5975000858306885,2.5975000858306885,1200
2019-10-07,2.5,2.5,2.5,2.5,2.5,400
2019-10-08,2.5,2.5,2.5,2.5,2.5,0
2019-10-09,2.4375,2.4625000953674316,2.4375,2.4625000953674316,2.4625000953674316,24000
2019-10-10,2.4625000953674316,2.4625000953674316,2.4625000953674316,2.4625000953674316,2.4625000953674316,0
2019-10-11,2.4625000953674316,2.4625000953674316,2.4625000953674316,2.4625000953674316,2.4625000953674316,0
2019-10-14,2.4625000953674316,2.4625000953674316,2.4625000953674316,2.4625000953674316,2.4625000953674316,0
2019-10-15,2.4625000953674316,2.4625000953674316,2.4625000953674316,2.4625000953674316,2.4625000953674316,0
2019-10-16,2.4625000953674316,2.4625000953674316,2.4625000953674316,2.4625000953674316,2.4625000953674316,0
2019-10-17,2.4625000953674316,2.4625000953674316,2.4625000953674316,2.4625000953674316,2.4625000953674316,0
2019-10-18,2.4625000953674316,2.4625000953674316,2.4625000953674316,2.4625000953674316,2.4625000953674316,0
2019-10-21,2.4625000953674316,2.4625000953674316,2.4625000953674316,2.4625000953674316,2.4625000953674316,400
2019-10-22,2.4625000953674316,2.4625000953674316,2.4625000953674316,2.4625000953674316,2.4625000953674316,400
2019-10-23,2.5,2.5450000762939453,2.5,2.5250000953674316,2.5250000953674316,16400
2019-10-24,2.5250000953674316,2.5250000953674316,2.5250000953674316,2.5250000953674316,2.5250000953674316,0
2019-10-25,2.5250000953674316,2.5250000953674316,2.4625000953674316,2.5,2.5,36000
2019-10-28,2.4000000953674316,2.5,2.4000000953674316,2.5,2.5,1600
2019-10-29,2.4000000953674316,2.5450000762939453,2.4000000953674316,2.5250000953674316,2.5250000953674316,14400
2019-10-30,2.5,2.5,2.5,2.5,2.5,1600
2019-10-31,2.5,2.5,2.4749999046325684,2.4749999046325684,2.4749999046325684,7600
2019-11-01,2.4749999046325684,2.4749999046325684,2.4749999046325684,2.4749999046325684,2.4749999046325684,0
2019-11-04,2.5250000953674316,2.5250000953674316,2.5250000953674316,2.5250000953674316,2.5250000953674316,2000
2019-11-05,2.5250000953674316,2.5250000953674316,2.422499895095825,2.422499895095825,2.422499895095825,12400
2019-11-06,2.5250000953674316,2.5250000953674316,2.5250000953674316,2.5250000953674316,2.5250000953674316,27200
2019-11-07,2.5250000953674316,2.5250000953674316,2.5250000953674316,2.5250000953674316,2.5250000953674316,0
2019-11-08,2.5374999046325684,2.5374999046325684,2.5274999141693115,2.5274999141693115,2.5274999141693115,14400
2019-11-11,2.612499952316284,3.3975000381469727,2.612499952316284,3.25,3.25,51200
2019-11-12,3.384999990463257,3.427500009536743,3.384999990463257,3.4000000953674316,3.4000000953674316,9200
2019-11-13,3.4000000953674316,3.4000000953674316,3.4000000953674316,3.4000000953674316,3.4000000953674316,800
2019-11-14,3.4000000953674316,3.4000000953674316,3.25,3.262500047683716,3.262500047683716,14000
2019-11-15,3.375,3.375,3.375,3.375,3.375,4000
2019-11-18,3.2750000953674316,3.2874999046325684,3.2750000953674316,3.2874999046325684,3.2874999046325684,8000
2019-11-19,3.3125,3.3125,3.3125,3.3125,3.3125,2000
2019-11-20,3.25,3.25,3.25,3.25,3.25,4000
2019-11-21,3.25,3.25,3.25,3.25,3.25,400
2019-11-22,3.3125,3.3399999141693115,3.3125,3.3375000953674316,3.3375000953674316,57600
2019-11-25,3.3499999046325684,3.3499999046325684,3.3499999046325684,3.3499999046325684,3.3499999046325684,8400
2019-11-26,3.25,3.25,3.25,3.25,3.25,800
2019-11-27,3.25,3.25,3.25,3.25,3.25,0
2019-11-29,3.25,3.25,3.25,3.25,3.25,0
2019-12-02,3.2750000953674316,3.299999952316284,3.2750000953674316,3.299999952316284,3.299999952316284,4400
2019-12-03,3.387500047683716,3.4000000953674316,3.387500047683716,3.4000000953674316,3.4000000953674316,4800
2019-12-04,3.4000000953674316,3.4000000953674316,3.4000000953674316,3.4000000953674316,3.4000000953674316,0
2019-12-05,3.4000000953674316,3.4000000953674316,3.387500047683716,3.387500047683716,3.387500047683716,4400
2019-12-06,3.4000000953674316,3.4375,3.4000000953674316,3.4375,3.4375,4000
2019-12-09,3.4375,3.4375,3.4375,3.4375,3.4375,0
2019-12-10,3.4375,3.4375,3.4375,3.4375,3.4375,0
2019-12-11,3.3299999237060547,3.3299999237060547,3.3299999237060547,3.3299999237060547,3.3299999237060547,800
2019-12-12,3.3299999237060547,3.3299999237060547,3.3299999237060547,3.3299999237060547,3.3299999237060547,0
2019-12-13,3.3299999237060547,3.3299999237060547,3.3299999237060547,3.3299999237060547,3.3299999237060547,0
2019-12-16,3.325000047683716,3.325000047683716,3.3125,3.3125,3.3125,2000
2019-12-17,3.3125,3.3125,3.3125,3.3125,3.3125,0
2019-12-18,3.3125,3.3125,3.3125,3.3125,3.3125,0
2019-12-19,3.3125,3.3125,3.3125,3.3125,3.3125,0
2019-12-20,3.265000104904175,3.265000104904175,3.262500047683716,3.262500047683716,3.262500047683716,6800
2019-12-23,3.299999952316284,3.299999952316284,3.2750000953674316,3.299999952316284,3.299999952316284,4400
2019-12-24,3.299999952316284,3.299999952316284,3.299999952316284,3.299999952316284,3.299999952316284,0
2019-12-26,3.325000047683716,3.325000047683716,3.325000047683716,3.325000047683716,3.325000047683716,2800
2019-12-27,3.4375,3.4375,3.362499952316284,3.362499952316284,3.362499952316284,32400
2019-12-30,3.375,3.5250000953674316,3.375,3.5250000953674316,3.5250000953674316,27600
2019-12-31,3.5,3.5250000953674316,3.4749999046325684,3.5250000953674316,3.5250000953674316,11200
2020-01-02,3.5425000190734863,3.549999952316284,3.502500057220459,3.515000104904175,3.515000104904175,7600
2020-01-03,3.515000104904175,3.515000104904175,3.515000104904175,3.515000104904175,3.515000104904175,0
2020-01-06,3.5875000953674316,3.5875000953674316,3.575000047683716,3.575000047683716,3.575000047683716,9200
2020-01-07,3.5875000953674316,3.5999999046325684,3.5875000953674316,3.5999999046325684,3.5999999046325684,4400
2020-01-08,3.5999999046325684,3.5999999046325684,3.5999999046325684,3.5999999046325684,3.5999999046325684,0
2020-01-09,3.575000047683716,3.575000047683716,3.575000047683716,3.575000047683716,3.575000047683716,2000
2020-01-10,3.5875000953674316,3.5875000953674316,3.5875000953674316,3.5875000953674316,3.5875000953674316,400
2020-01-13,3.5924999713897705,3.5924999713897705,3.5924999713897705,3.5924999713897705,3.5924999713897705,800
2020-01-14,3.5875000953674316,3.5875000953674316,3.5875000953674316,3.5875000953674316,3.5875000953674316,10000
2020-01-15,3.5875000953674316,3.5875000953674316,3.5875000953674316,3.5875000953674316,3.5875000953674316,0
2020-01-16,3.5875000953674316,3.5875000953674316,3.5875000953674316,3.5875000953674316,3.5875000953674316,800
2020-01-17,3.630000114440918,3.674999952316284,3.5924999713897705,3.5924999713897705,3.5924999713897705,2800
2020-01-21,3.5924999713897705,3.5924999713897705,3.5924999713897705,3.5924999713897705,3.5924999713897705,0
2020-01-22,3.5924999713897705,3.5924999713897705,3.5924999713897705,3.5924999713897705,3.5924999713897705,0
2020-01-23,3.5924999713897705,3.5924999713897705,3.5924999713897705,3.5924999713897705,3.5924999713897705,0
2020-01-24,3.5924999713897705,3.5924999713897705,3.5924999713897705,3.5924999713897705,3.5924999713897705,0
2020-01-27,3.5924999713897705,3.5924999713897705,3.5924999713897705,3.5924999713897705,3.5924999713897705,0
2020-01-28,3.5875000953674316,3.5875000953674316,3.5875000953674316,3.5875000953674316,3.5875000953674316,4000
2020-01-29,3.5875000953674316,3.5875000953674316,3.5875000953674316,3.5875000953674316,3.5875000953674316,4000
2020-01-30,3.5875000953674316,3.5875000953674316,3.5875000953674316,3.5875000953674316,3.5875000953674316,800
2020-01-31,3.5875000953674316,3.5875000953674316,3.5875000953674316,3.5875000953674316,3.5875000953674316,1200
2020-02-03,3.5875000953674316,3.5875000953674316,3.5875000953674316,3.5875000953674316,3.5875000953674316,0
2020-02-04,3.5875000953674316,3.5875000953674316,3.5875000953674316,3.5875000953674316,3.5875000953674316,0
2020-02-05,3.5875000953674316,3.5875000953674316,3.5875000953674316,3.5875000953674316,3.5875000953674316,0
2020-02-06,3.5875000953674316,3.5875000953674316,3.5875000953674316,3.5875000953674316,3.5875000953674316,0
2020-02-07,3.5875000953674316,3.5875000953674316,3.5875000953674316,3.5875000953674316,3.5875000953674316,0
2020-02-10,3.5875000953674316,3.5875000953674316,3.5875000953674316,3.5875000953674316,3.5875000953674316,0
2020-02-11,3.5875000953674316,3.5875000953674316,3.5875000953674316,3.5875000953674316,3.5875000953674316,0
2020-02-12,3.6875,3.6875,3.6875,3.6875,3.6875,1200
2020-02-13,3.6875,3.6875,3.6875,3.6875,3.6875,0
2020-02-14,3.6024999618530273,3.6024999618530273,3.6024999618530273,3.6024999618530273,3.6024999618530273,400
2020-02-18,3.5975000858306885,3.5975000858306885,3.2249999046325684,3.2249999046325684,3.2249999046325684,5600
2020-02-19,3.3375000953674316,3.382499933242798,3.3375000953674316,3.382499933242798,3.382499933242798,5200
2020-02-20,3.382499933242798,3.382499933242798,3.382499933242798,3.382499933242798,3.382499933242798,400
2020-02-21,3.382499933242798,3.382499933242798,3.382499933242798,3.382499933242798,3.382499933242798,0
2020-02-24,3.3375000953674316,3.375,3.3125,3.3125,3.3125,28000
2020-02-25,3.3125,3.3125,3.3125,3.3125,3.3125,0
2020-02-26,3.3125,3.3125,3.3125,3.3125,3.3125,0
2020-02-27,3.3125,3.3125,3.3125,3.3125,3.3125,0
2020-02-28,3.3125,3.3125,3.3125,3.3125,3.3125,0
2020-03-02,3.3125,3.3125,3.3125,3.3125,3.3125,0
2020-03-03,3.190000057220459,3.325000047683716,3.190000057220459,3.325000047683716,3.325000047683716,4000
2020-03-04,3.325000047683716,3.325000047683716,3.325000047683716,3.325000047683716,3.325000047683716,0
2020-03-05,3.325000047683716,3.325000047683716,3.325000047683716,3.325000047683716,3.325000047683716,0
2020-03-06,3.325000047683716,3.325000047683716,3.325000047683716,3.325000047683716,3.325000047683716,0
2020-03-09,3.25,3.25,3.0,3.174999952316284,3.174999952316284,12400
2020-03-10,3.174999952316284,3.174999952316284,3.174999952316284,3.174999952316284,3.174999952316284,0
2020-03-11,3.174999952316284,3.174999952316284,3.174999952316284,3.174999952316284,3.174999952316284,0
2020-03-12,3.007499933242798,3.007499933242798,2.5,2.762500047683716,2.762500047683716,6800
2020-03-13,2.762500047683716,2.762500047683716,2.762500047683716,2.762500047683716,2.762500047683716,0
2020-03-16,2.4000000953674316,2.4124999046325684,2.4000000953674316,2.4024999141693115,2.4024999141693115,2000
2020-03-17,2.3125,2.3125,2.0,2.0,2.0,6000
2020-03-18,1.9249999523162842,1.9249999523162842,1.9249999523162842,1.9249999523162842,1.9249999523162842,400
2020-03-19,1.9249999523162842,1.9249999523162842,1.9249999523162842,1.9249999523162842,1.9249999523162842,0
2020-03-20,1.9249999523162842,1.9249999523162842,1.9249999523162842,1.9249999523162842,1.9249999523162842,0
2020-03-23,1.9249999523162842,1.9249999523162842,1.9249999523162842,1.9249999523162842,1.9249999523162842,0
2020-03-24,1.9249999523162842,1.9249999523162842,1.9249999523162842,1.9249999523162842,1.9249999523162842,0
2020-03-25,2.174999952316284,2.877500057220459,2.174999952316284,2.5,2.5,11200
2020-03-26,2.5,2.5,2.5,2.5,2.5,0
2020-03-27,2.137500047683716,2.137500047683716,2.137500047683716,2.137500047683716,2.137500047683716,1200
2020-03-30,2.137500047683716,2.137500047683716,2.137500047683716,2.137500047683716,2.137500047683716,0
2020-03-31,2.375,2.375,2.25,2.25,2.25,6400
2020-04-01,2.25,2.25,2.25,2.25,2.25,0
2020-04-02,2.25,2.25,2.25,2.25,2.25,0
2020-04-03,2.25,2.25,2.25,2.25,2.25,2000
2020-04-06,2.25,2.25,2.25,2.25,2.25,4400
2020-04-07,2.25,2.25,2.25,2.25,2.25,0
2020-04-08,2.375,2.375,2.375,2.375,2.375,2000
2020-04-09,2.375,2.375,2.375,2.375,2.375,0
2020-04-13,2.375,2.375,2.375,2.375,2.375,0
2020-04-14,2.375,2.375,2.375,2.375,2.375,0
2020-04-15,2.375,2.375,2.375,2.375,2.375,0
2020-04-16,2.375,2.375,2.375,2.375,2.375,0
2020-04-17,2.375,2.375,2.375,2.375,2.375,3600
2020-04-20,2.262500047683716,2.375,2.262500047683716,2.375,2.375,2400
2020-04-21,2.25,2.25,2.25,2.25,2.25,2000
2020-04-22,2.25,2.25,2.25,2.25,2.25,4800
2020-04-23,2.25,2.25,2.25,2.25,2.25,0
2020-04-24,2.25,2.25,2.25,2.25,2.25,0
2020-04-27,2.25,2.25,2.25,2.25,2.25,4400
2020-04-28,2.25,2.25,2.25,2.25,2.25,0
2020-04-29,2.25,2.25,2.25,2.25,2.25,0
2020-04-30,2.25,2.25,2.25,2.25,2.25,0
2020-05-01,2.3125,2.3125,2.25,2.25,2.25,5600
2020-05-04,2.572499990463257,2.572499990463257,2.2049999237060547,2.255000114440918,2.255000114440918,1200
2020-05-05,2.25,2.25,2.25,2.25,2.25,9600
2020-05-06,2.262500047683716,2.2750000953674316,2.252500057220459,2.252500057220459,2.252500057220459,12800
2020-05-07,2.255000114440918,2.255000114440918,2.255000114440918,2.255000114440918,2.255000114440918,1600
2020-05-08,2.255000114440918,2.255000114440918,2.255000114440918,2.255000114440918,2.255000114440918,0
2020-05-11,2.299999952316284,2.299999952316284,2.252500057220459,2.252500057220459,2.252500057220459,4000
2020-05-12,2.375,2.375,2.375,2.375,2.375,400
2020-05-13,2.2799999713897705,2.2799999713897705,2.2799999713897705,2.2799999713897705,2.2799999713897705,2000
2020-05-14,2.2799999713897705,2.2799999713897705,2.2799999713897705,2.2799999713897705,2.2799999713897705,800
2020-05-15,2.375,2.5625,2.375,2.5625,2.5625,22400
2020-05-18,2.625,2.75,2.625,2.75,2.75,6000
2020-05-19,2.75,2.75,2.75,2.75,2.75,400
2020-05-20,2.75,2.75,2.75,2.75,2.75,0
2020-05-21,2.75,2.75,2.75,2.75,2.75,0
2020-05-22,2.75,2.75,2.75,2.75,2.75,0
2020-05-26,2.75,2.75,2.75,2.75,2.75,0
2020-05-27,2.75,2.75,2.75,2.75,2.75,0
2020-05-28,2.75,2.75,2.75,2.75,2.75,0
2020-05-29,2.75,2.75,2.75,2.75,2.75,0
2020-06-01,2.75,2.75,2.75,2.75,2.75,0
2020-06-02,2.75,2.75,2.75,2.75,2.75,0
2020-06-03,2.6500000953674316,2.6500000953674316,2.6500000953674316,2.6500000953674316,2.6500000953674316,1200
2020-06-04,2.6500000953674316,2.6500000953674316,2.6500000953674316,2.6500000953674316,2.6500000953674316,0
2020-06-05,2.75,3.0625,2.75,3.0625,3.0625,20000
2020-06-08,3.0625,3.0625,3.0625,3.0625,3.0625,0
2020-06-09,3.0,3.0,2.875,2.875,2.875,800
2020-06-10,2.875,2.875,2.875,2.875,2.875,0
2020-06-11,2.875,2.875,2.875,2.875,2.875,0
2020-06-12,2.875,2.875,2.875,2.875,2.875,0
2020-06-15,2.875,2.875,2.875,2.875,2.875,0
2020-06-16,3.0,3.0,2.875,2.875,2.875,400
2020-06-17,2.875,2.875,2.875,2.875,2.875,400
2020-06-18,2.875,2.875,2.875,2.875,2.875,0
2020-06-19,2.6549999713897705,2.6549999713897705,2.6549999713897705,2.6549999713897705,2.6549999713897705,800
2020-06-22,2.6549999713897705,2.6549999713897705,2.6549999713897705,2.6549999713897705,2.6549999713897705,0
2020-06-23,2.5,2.5250000953674316,2.5,2.5250000953674316,2.5250000953674316,14000
2020-06-24,2.5,2.502500057220459,2.5,2.502500057220459,2.502500057220459,6800
2020-06-25,2.502500057220459,2.502500057220459,2.502500057220459,2.502500057220459,2.502500057220459,0
2020-06-26,2.575000047683716,2.5875000953674316,2.575000047683716,2.5875000953674316,2.5875000953674316,3200
2020-06-29,2.5875000953674316,2.5875000953674316,2.5875000953674316,2.5875000953674316,2.5875000953674316,0
2020-06-30,2.5875000953674316,2.5875000953674316,2.5875000953674316,2.5875000953674316,2.5875000953674316,0
2020-07-01,2.5875000953674316,2.5875000953674316,2.5875000953674316,2.5875000953674316,2.5875000953674316,0
2020-07-02,2.5875000953674316,2.5875000953674316,2.5875000953674316,2.5875000953674316,2.5875000953674316,0
2020-07-06,2.5875000953674316,2.5875000953674316,2.5875000953674316,2.5875000953674316,2.5875000953674316,0
2020-07-07,2.5875000953674316,2.5875000953674316,2.5875000953674316,2.5875000953674316,2.5875000953674316,0
2020-07-08,2.640000104904175,2.640000104904175,2.637500047683716,2.637500047683716,2.637500047683716,4800
2020-07-09,2.637500047683716,2.637500047683716,2.637500047683716,2.637500047683716,2.637500047683716,0
2020-07-10,2.637500047683716,2.637500047683716,2.637500047683716,2.637500047683716,2.637500047683716,0
2020-07-13,2.637500047683716,2.637500047683716,2.637500047683716,2.637500047683716,2.637500047683716,0
2020-07-14,2.637500047683716,2.637500047683716,2.637500047683716,2.637500047683716,2.637500047683716,0
2020-07-15,2.637500047683716,2.637500047683716,2.637500047683716,2.637500047683716,2.637500047683716,0
2020-07-16,2.637500047683716,2.637500047683716,2.637500047683716,2.637500047683716,2.637500047683716,0
2020-07-17,2.625,2.75,1.9375,2.75,2.75,6800
2020-07-20,2.742500066757202,2.742500066757202,2.494999885559082,2.625,2.625,20800
2020-07-21,2.559999942779541,2.559999942779541,2.559999942779541,2.559999942779541,2.559999942779541,4000
2020-07-22,2.555000066757202,2.559999942779541,2.515000104904175,2.559999942779541,2.559999942779541,9200
2020-07-23,2.515000104904175,2.515000104904175,2.515000104904175,2.515000104904175,2.515000104904175,1200
2020-07-24,2.515000104904175,2.515000104904175,2.512500047683716,2.512500047683716,2.512500047683716,1200
2020-07-27,2.512500047683716,2.512500047683716,2.512500047683716,2.512500047683716,2.512500047683716,0
2020-07-28,2.512500047683716,2.512500047683716,2.512500047683716,2.512500047683716,2.512500047683716,0
2020-07-29,2.512500047683716,2.512500047683716,2.512500047683716,2.512500047683716,2.512500047683716,0
2020-07-30,2.512500047683716,2.512500047683716,2.512500047683716,2.512500047683716,2.512500047683716,0
2020-07-31,2.5,2.5,2.5,2.5,2.5,2400
2020-08-03,2.4774999618530273,2.4774999618530273,2.4774999618530273,2.4774999618530273,2.4774999618530273,2000
2020-08-04,2.4749999046325684,2.507499933242798,2.4749999046325684,2.507499933242798,2.507499933242798,2800
2020-08-05,2.507499933242798,2.507499933242798,2.507499933242798,2.507499933242798,2.507499933242798,0
2020-08-06,2.507499933242798,2.507499933242798,2.507499933242798,2.507499933242798,2.507499933242798,0
2020-08-07,2.507499933242798,2.507499933242798,2.507499933242798,2.507499933242798,2.507499933242798,0
2020-08-10,2.507499933242798,2.507499933242798,2.507499933242798,2.507499933242798,2.507499933242798,0
2020-08-11,2.5374999046325684,2.625,2.5,2.5,2.5,6800
2020-08-12,2.5625,2.5625,2.5625,2.5625,2.5625,2000
2020-08-13,2.4700000286102295,3.125,2.375,3.125,3.125,23200
2020-08-14,3.125,3.125,3.125,3.125,3.125,1600
2020-08-17,3.125,3.125,3.125,3.125,3.125,0
2020-08-18,3.125,3.25,3.125,3.1875,3.1875,22000
2020-08-19,3.1875,3.1875,3.1875,3.1875,3.1875,0
2020-08-20,3.25,3.25,3.25,3.25,3.25,800
2020-08-21,3.25,3.255000114440918,3.25,3.255000114440918,3.255000114440918,2800
2020-08-24,3.255000114440918,3.255000114440918,3.255000114440918,3.255000114440918,3.255000114440918,0
2020-08-25,3.255000114440918,3.377500057220459,3.255000114440918,3.377500057220459,3.377500057220459,10000
2020-08-26,3.494999885559082,3.6500000953674316,3.494999885559082,3.6500000953674316,3.6500000953674316,4400
2020-08-27,3.6500000953674316,3.6500000953674316,3.6500000953674316,3.6500000953674316,3.6500000953674316,0
2020-08-28,3.6500000953674316,3.6500000953674316,3.6500000953674316,3.6500000953674316,3.6500000953674316,0
2020-08-31,3.680000066757202,3.680000066757202,3.6500000953674316,3.6500000953674316,3.6500000953674316,3200
2020-09-01,3.6549999713897705,3.6549999713897705,3.6549999713897705,3.6549999713897705,3.6549999713897705,800
2020-09-02,3.6549999713897705,3.6549999713897705,3.6549999713897705,3.6549999713897705,3.6549999713897705,0
2020-09-03,3.6500000953674316,3.6500000953674316,3.6500000953674316,3.6500000953674316,3.6500000953674316,1600
2020-09-04,3.6500000953674316,3.6500000953674316,3.6500000953674316,3.6500000953674316,3.6500000953674316,0
2020-09-08,3.6500000953674316,3.6500000953674316,3.6500000953674316,3.6500000953674316,3.6500000953674316,0
2020-09-09,3.6500000953674316,3.6500000953674316,3.6500000953674316,3.6500000953674316,3.6500000953674316,0
2020-09-10,3.6875,3.744999885559082,3.627500057220459,3.627500057220459,3.627500057220459,13200
2020-09-11,3.627500057220459,3.627500057220459,3.627500057220459,3.627500057220459,3.627500057220459,0
2020-09-14,3.627500057220459,3.627500057220459,3.627500057220459,3.627500057220459,3.627500057220459,400
2020-09-15,3.627500057220459,3.627500057220459,3.627500057220459,3.627500057220459,3.627500057220459,800
2020-09-16,3.627500057220459,3.627500057220459,3.627500057220459,3.627500057220459,3.627500057220459,0
2020-09-17,3.740000009536743,3.740000009536743,3.740000009536743,3.740000009536743,3.740000009536743,400
2020-09-18,3.740000009536743,3.740000009536743,3.740000009536743,3.740000009536743,3.740000009536743,0
2020-09-21,3.6500000953674316,3.6500000953674316,3.627500057220459,3.627500057220459,3.627500057220459,4800
2020-09-22,3.6875,3.6875,3.6875,3.6875,3.6875,400
2020-09-23,3.6875,3.6875,3.6875,3.6875,3.6875,0
2020-09-24,3.6875,3.6875,3.6875,3.6875,3.6875,0
2020-09-25,3.6875,3.6875,3.6875,3.6875,3.6875,0
2020-09-28,3.6875,3.6875,3.6875,3.6875,3.6875,0
2020-09-29,3.6875,3.6875,3.6875,3.6875,3.6875,0
2020-09-30,3.6875,3.6875,3.6875,3.6875,3.6875,0
2020-10-01,3.6875,3.6875,3.6875,3.6875,3.6875,0
2020-10-02,3.6875,3.6875,3.6875,3.6875,3.6875,0
2020-10-05,3.744999885559082,3.9149999618530273,3.627500057220459,3.9149999618530273,3.9149999618530273,5200
2020-10-06,3.9149999618530273,3.9149999618530273,3.9149999618530273,3.9149999618530273,3.9149999618530273,0
2020-10-07,3.9149999618530273,3.9149999618530273,3.9149999618530273,3.9149999618530273,3.9149999618530273,0
2020-10-08,3.9149999618530273,3.9149999618530273,3.9149999618530273,3.9149999618530273,3.9149999618530273,0
2020-10-09,3.9149999618530273,3.9149999618530273,3.9149999618530273,3.9149999618530273,3.9149999618530273,0
2020-10-12,3.9149999618530273,3.9149999618530273,3.9149999618530273,3.9149999618530273,3.9149999618530273,0
2020-10-13,3.9000000953674316,3.9000000953674316,3.5,3.5,3.5,7200
2020-10-14,3.5,3.5,3.5,3.5,3.5,5200
2020-10-15,3.5,3.5,3.5,3.5,3.5,0
2020-10-16,3.634999990463257,3.634999990463257,3.634999990463257,3.634999990463257,3.634999990463257,800
2020-10-19,3.634999990463257,3.634999990463257,3.634999990463257,3.634999990463257,3.634999990463257,0
2020-10-20,3.625,3.700000047683716,3.625,3.700000047683716,3.700000047683716,2800
2020-10-21,3.752500057220459,3.752500057220459,3.75,3.75,3.75,4400
2020-10-22,3.75,3.75,3.75,3.75,3.75,400
2020-10-23,3.75,3.75,3.75,3.75,3.75,0
2020-10-26,3.75,3.75,3.75,3.75,3.75,400
2020-10-27,3.799999952316284,3.809999942779541,3.630000114440918,3.630000114440918,3.630000114440918,2400
2020-10-28,3.630000114440918,3.630000114440918,3.630000114440918,3.630000114440918,3.630000114440918,0
2020-10-29,3.737499952316284,3.737499952316284,3.737499952316284,3.737499952316284,3.737499952316284,12000
2020-10-30,3.630000114440918,3.7750000953674316,3.630000114440918,3.7750000953674316,3.7750000953674316,2400
2020-11-02,3.7750000953674316,3.7750000953674316,3.7750000953674316,3.7750000953674316,3.7750000953674316,0
2020-11-03,3.7750000953674316,3.7750000953674316,3.7750000953674316,3.7750000953674316,3.7750000953674316,0
2020-11-04,3.737499952316284,3.8125,3.737499952316284,3.8125,3.8125,3600
2020-11-05,3.8299999237060547,3.8299999237060547,3.8299999237060547,3.8299999237060547,3.8299999237060547,400
2020-11-06,3.8299999237060547,3.8299999237060547,3.8299999237060547,3.8299999237060547,3.8299999237060547,0
2020-11-09,3.8375000953674316,3.924999952316284,3.8375000953674316,3.924999952316284,3.924999952316284,800
2020-11-10,3.924999952316284,3.924999952316284,3.924999952316284,3.924999952316284,3.924999952316284,0
2020-11-11,3.987499952316284,3.987499952316284,3.987499952316284,3.987499952316284,3.987499952316284,400
2020-11-12,4.3125,5.625,4.3125,5.125,5.125,64000
2020-11-13,5.25,5.25,5.25,5.25,5.25,1200
2020-11-16,5.007500171661377,5.007500171661377,5.007500171661377,5.007500171661377,5.007500171661377,400
2020-11-17,5.007500171661377,5.007500171661377,5.007500171661377,5.007500171661377,5.007500171661377,0
2020-11-18,4.875,4.875,4.875,4.875,4.875,7200
2020-11-19,5.0,5.037499904632568,5.0,5.037499904632568,5.037499904632568,1600
2020-11-20,4.882500171661377,5.125,4.882500171661377,5.125,5.125,1600
2020-11-23,4.925000190734863,5.125,4.875,5.125,5.125,6800
2020-11-24,4.875,5.199999809265137,4.809999942779541,5.199999809265137,5.199999809265137,6800
2020-11-25,5.199999809265137,5.199999809265137,5.199999809265137,5.199999809265137,5.199999809265137,400
2020-11-27,5.237500190734863,5.237500190734863,5.237500190734863,5.237500190734863,5.237500190734863,400
2020-11-30,5.0,5.125,4.802499771118164,5.125,5.125,7200
2020-12-01,5.125,5.125,5.125,5.125,5.125,0
2020-12-02,5.25,5.25,5.25,5.25,5.25,400
2020-12-03,5.25,5.25,5.25,5.25,5.25,0
2020-12-04,5.25,5.25,5.25,5.25,5.25,0
2020-12-07,5.25,5.25,5.25,5.25,5.25,0
2020-12-08,4.8125,5.25,4.8125,5.25,5.25,800
2020-12-09,5.25,5.25,5.25,5.25,5.25,0
2020-12-10,5.224999904632568,5.224999904632568,5.224999904632568,5.224999904632568,5.224999904632568,2000
2020-12-11,5.224999904632568,5.224999904632568,5.224999904632568,5.224999904632568,5.224999904632568,0
2020-12-14,5.224999904632568,5.224999904632568,5.224999904632568,5.224999904632568,5.224999904632568,0
2020-12-15,5.224999904632568,5.224999904632568,5.224999904632568,5.224999904632568,5.224999904632568,0
2020-12-16,5.224999904632568,5.224999904632568,5.224999904632568,5.224999904632568,5.224999904632568,0
2020-12-17,5.224999904632568,5.224999904632568,5.224999904632568,5.224999904632568,5.224999904632568,0
2020-12-18,5.224999904632568,5.224999904632568,5.224999904632568,5.224999904632568,5.224999904632568,0
2020-12-21,5.025000095367432,5.025000095367432,5.025000095367432,5.025000095367432,5.025000095367432,1600
2020-12-22,5.125,5.125,5.125,5.125,5.125,8000
2020-12-23,5.125,5.125,5.125,5.125,5.125,0
2020-12-24,5.125,5.125,5.125,5.125,5.125,0
2020-12-28,5.25,5.3125,5.25,5.3125,5.3125,7200
2020-12-29,5.3125,5.362500190734863,5.3125,5.362500190734863,5.362500190734863,5200
2020-12-30,5.400000095367432,5.400000095367432,5.400000095367432,5.400000095367432,5.400000095367432,2000
2020-12-31,5.400000095367432,5.400000095367432,5.400000095367432,5.400000095367432,5.400000095367432,0
2021-01-04,5.400000095367432,5.400000095367432,5.400000095367432,5.400000095367432,5.400000095367432,0
2021-01-05,5.400000095367432,5.400000095367432,5.400000095367432,5.400000095367432,5.400000095367432,0
2021-01-06,5.3125,5.3125,4.150000095367432,5.125,5.125,19200
2021-01-07,5.125,5.125,5.125,5.125,5.125,0
2021-01-08,5.125,5.125,5.125,5.125,5.125,0
2021-01-11,5.025000095367432,5.372499942779541,5.025000095367432,5.25,5.25,2800
2021-01-12,5.262499809265137,5.262499809265137,5.262499809265137,5.262499809265137,5.262499809265137,400
2021-01-13,5.262499809265137,5.262499809265137,5.262499809265137,5.262499809265137,5.262499809265137,0
2021-01-14,5.262499809265137,5.262499809265137,5.25,5.25,5.25,2800
2021-01-15,5.25,5.25,5.25,5.25,5.25,0
2021-01-19,5.25,5.25,5.25,5.25,5.25,0
2021-01-20,5.25,5.25,5.25,5.25,5.25,0
2021-01-21,5.0,5.0,4.760000228881836,5.0,5.0,6000
2021-01-22,5.0,5.0,5.0,5.0,5.0,0
2021-01-25,5.0,5.0,5.0,5.0,5.0,1200
2021-01-26,5.0,5.0,5.0,5.0,5.0,0
2021-01-27,5.0,5.0,5.0,5.0,5.0,800
2021-01-28,5.0,5.0,5.0,5.0,5.0,0
2021-01-29,5.0,5.0,5.0,5.0,5.0,0
2021-02-01,4.764999866485596,5.0,4.764999866485596,5.0,5.0,1600
2021-02-02,5.224999904632568,5.224999904632568,5.224999904632568,5.224999904632568,5.224999904632568,400
2021-02-03,5.224999904632568,5.224999904632568,5.224999904632568,5.224999904632568,5.224999904632568,0
2021-02-04,5.224999904632568,5.224999904632568,5.224999904632568,5.224999904632568,5.224999904632568,0
2021-02-05,4.764999866485596,4.764999866485596,4.764999866485596,4.764999866485596,4.764999866485596,2400
2021-02-08,5.0,5.287499904632568,5.0,5.25,5.25,14800
2021-02-09,5.375,5.4375,5.375,5.4375,5.4375,2800
2021-02-10,5.5,5.5,5.5,5.5,5.5,1200
2021-02-11,5.5625,5.5625,5.5625,5.5625,5.5625,400
2021-02-12,5.5625,5.5625,5.5625,5.5625,5.5625,1200
2021-02-16,5.75,5.75,5.625,5.625,5.625,1200
2021-02-17,5.625,5.625,5.625,5.625,5.625,0
2021-02-18,5.625,6.0,5.5625,5.912499904632568,5.912499904632568,35600
2021-02-19,5.9375,6.050000190734863,5.9375,6.050000190734863,6.050000190734863,8400
2021-02-22,6.0625,6.125,6.054999828338623,6.125,6.125,2400
2021-02-23,6.212500095367432,6.212500095367432,6.212500095367432,6.212500095367432,6.212500095367432,400
2021-02-24,6.25,6.25,6.212500095367432,6.212500095367432,6.212500095367432,1200
2021-02-25,6.212500095367432,6.212500095367432,6.212500095367432,6.212500095367432,6.212500095367432,0
2021-02-26,6.212500095367432,6.212500095367432,6.212500095367432,6.212500095367432,6.212500095367432,0
2021-03-01,6.212500095367432,6.212500095367432,6.212500095367432,6.212500095367432,6.212500095367432,0
2021-03-02,6.212500095367432,6.212500095367432,6.212500095367432,6.212500095367432,6.212500095367432,0
2021-03-03,6.125,6.262499809265137,6.125,6.262499809265137,6.262499809265137,8000
2021-03-04,6.262499809265137,6.262499809265137,6.262499809265137,6.262499809265137,6.262499809265137,0
2021-03-05,6.275000095367432,6.375,6.275000095367432,6.355000019073486,6.355000019073486,7200
2021-03-08,5.512499809265137,5.574999809265137,5.512499809265137,5.574999809265137,5.574999809265137,2800
2021-03-09,6.125,6.5,6.125,6.5,6.5,800
2021-03-10,6.75,6.75,5.875,6.447500228881836,6.447500228881836,3600
2021-03-11,6.5,6.5,6.5,6.5,6.5,800
2021-03-12,6.5,6.5,6.5,6.5,6.5,0
2021-03-15,6.625,6.75,6.3125,6.75,6.75,7200
2021-03-16,6.5,6.5,5.897500038146973,6.5,6.5,4800
2021-03-17,6.5,6.5,6.5,6.5,6.5,400
2021-03-18,6.5,7.375,6.5,7.375,7.375,10800
2021-03-19,7.364999771118164,7.364999771118164,7.364999771118164,7.364999771118164,7.364999771118164,400
2021-03-22,7.364999771118164,7.364999771118164,7.364999771118164,7.364999771118164,7.364999771118164,0
2021-03-23,7.375,7.375,7.375,7.375,7.375,400
2021-03-24,7.375,7.375,7.375,7.375,7.375,0
2021-03-25,6.767499923706055,7.375,6.010000228881836,6.010000228881836,6.010000228881836,2800
2021-03-26,6.010000228881836,6.010000228881836,6.010000228881836,6.010000228881836,6.010000228881836,0
2021-03-29,7.5,8.75,7.5,7.625,7.625,31200
2021-03-30,7.875,7.875,7.75,7.75,7.75,4800
2021-03-31,8.0,8.125,8.0,8.125,8.125,10000
2021-04-01,8.614999771118164,8.614999771118164,8.614999771118164,8.614999771118164,8.614999771118164,400
2021-04-05,8.614999771118164,8.614999771118164,8.614999771118164,8.614999771118164,8.614999771118164,0
2021-04-06,8.614999771118164,8.614999771118164,8.614999771118164,8.614999771118164,8.614999771118164,0
2021-04-07,8.25,8.25,8.25,8.25,8.25,2800
2021-04-08,8.125,8.125,8.125,8.125,8.125,2000
2021-04-09,8.25,8.25,8.0,8.0,8.0,4400
2021-04-12,8.0,8.0,8.0,8.0,8.0,4000
2021-04-13,8.0,8.0,8.0,8.0,8.0,0
2021-04-14,8.5,8.774999618530273,8.5,8.75,8.75,15600
2021-04-15,8.4975004196167,8.4975004196167,8.4975004196167,8.4975004196167,8.4975004196167,400
2021-04-16,8.487500190734863,8.487500190734863,8.25,8.25,8.25,1200
2021-04-19,8.487500190734863,8.487500190734863,8.272500038146973,8.272500038146973,8.272500038146973,2000
2021-04-20,8.272500038146973,8.272500038146973,8.272500038146973,8.272500038146973,8.272500038146973,0
2021-04-21,8.272500038146973,8.272500038146973,8.272500038146973,8.272500038146973,8.272500038146973,0
2021-04-22,8.242500305175781,8.242500305175781,8.0,8.0,8.0,5200
2021-04-23,8.125,10.625,8.125,9.75,9.75,14800
2021-04-26,10.0,10.0,10.0,10.0,10.0,800
2021-04-27,9.875,9.875,9.875,9.875,9.875,400
2021-04-28,9.5,9.5,9.25,9.25,9.25,2800
2021-04-29,9.75,10.0,9.75,10.0,10.0,6000
2021-04-30,9.989999771118164,9.989999771118164,9.989999771118164,9.989999771118164,9.989999771118164,400
2021-05-03,10.0,10.3125,10.0,10.3125,10.3125,7200
2021-05-04,10.3125,10.3125,10.3125,10.3125,10.3125,0
2021-05-05,10.3125,10.3125,10.3125,10.3125,10.3125,400
2021-05-06,10.425000190734863,10.425000190734863,10.425000190734863,10.425000190734863,10.425000190734863,1200
2021-05-07,9.875,9.875,9.875,9.875,9.875,1200
2021-05-10,9.512499809265137,9.512499809265137,9.5,9.510000228881836,9.510000228881836,4400
2021-05-11,9.510000228881836,9.510000228881836,9.510000228881836,9.510000228881836,9.510000228881836,0
2021-05-12,9.625,9.625,9.5,9.5,9.5,800
2021-05-13,9.5,9.5,9.5,9.5,9.5,0
2021-05-14,9.625,9.75,9.010000228881836,9.25,9.25,18000
2021-05-17,9.4375,9.4375,9.25,9.25,9.25,3600
2021-05-18,9.25,9.25,9.25,9.25,9.25,4000
2021-05-19,9.0,9.0,9.0,9.0,9.0,4400
2021-05-20,9.0,9.0,9.0,9.0,9.0,0
2021-05-21,9.0,9.0,9.0,9.0,9.0,0
2021-05-24,9.239999771118164,9.25,9.239999771118164,9.25,9.25,1200
2021-05-25,9.25,9.25,9.25,9.25,9.25,0
2021-05-26,9.25,9.25,9.25,9.25,9.25,0
2021-05-27,9.375,9.375,9.375,9.375,9.375,1200
2021-05-28,9.375,9.375,9.375,9.375,9.375,0
2021-06-01,9.25,9.25,9.0,9.0,9.0,6800
2021-06-02,9.0,9.0,9.0,9.0,9.0,0
2021-06-03,8.9375,9.0,8.9375,9.0,9.0,2400
2021-06-04,9.0,9.0,9.0,9.0,9.0,800
2021-06-07,9.0,9.375,9.0,9.375,9.375,2000
2021-06-08,9.25,9.25,8.9375,8.9375,8.9375,4400
2021-06-09,9.0,9.125,9.0,9.0,9.0,2400
2021-06-10,9.25,9.25,9.25,9.25,9.25,1200
2021-06-11,9.25,9.375,9.25,9.375,9.375,1200
2021-06-14,9.375,9.375,9.375,9.375,9.375,0
2021-06-15,9.375,9.375,9.375,9.375,9.375,0
2021-06-16,9.0,9.25,7.0,9.25,9.25,22000
2021-06-17,9.25,9.25,9.25,9.25,9.25,2000
2021-06-18,9.25,9.25,9.25,9.25,9.25,0
2021-06-21,9.25,9.25,9.25,9.25,9.25,0
2021-06-22,9.25,9.5,9.0,9.5,9.5,3200
2021-06-23,9.25,9.5,9.25,9.5,9.5,15200
2021-06-24,9.5,9.5,9.5,9.5,9.5,0
2021-06-25,9.625,9.625,9.625,9.625,9.625,400
2021-06-28,9.625,9.625,9.625,9.625,9.625,0
2021-06-29,9.5,9.75,9.5,9.75,9.75,8000
2021-06-30,9.75,9.75,9.75,9.75,9.75,0
2021-07-01,9.75,9.75,9.75,9.75,9.75,0
2021-07-02,9.75,9.75,9.75,9.75,9.75,0
2021-07-06,9.712499618530273,9.712499618530273,9.712499618530273,9.712499618530273,9.712499618530273,400
2021-07-07,9.75,10.0,9.75,10.0,10.0,11200
2021-07-08,10.0,10.0,10.0,10.0,10.0,800
2021-07-09,10.0,10.0,10.0,10.0,10.0,0
2021-07-12,10.0,10.0,10.0,10.0,10.0,0
2021-07-13,10.0,10.024999618530273,10.0,10.024999618530273,10.024999618530273,4400
2021-07-14,10.125,10.432499885559082,9.75,10.432499885559082,10.432499885559082,5200
2021-07-15,9.774999618530273,10.449999809265137,9.774999618530273,10.449999809265137,10.449999809265137,12000
2021-07-16,10.449999809265137,10.449999809265137,10.449999809265137,10.449999809265137,10.449999809265137,400
2021-07-19,10.492500305175781,10.5,10.492500305175781,10.5,10.5,800
2021-07-20,10.5,10.5,10.5,10.5,10.5,0
2021-07-21,10.649999618530273,10.649999618530273,10.649999618530273,10.649999618530273,10.649999618530273,800
2021-07-22,10.649999618530273,10.649999618530273,10.649999618530273,10.649999618530273,10.649999618530273,0
2021-07-23,10.5,10.5,10.5,10.5,10.5,400
2021-07-26,10.5,10.5,10.5,10.5,10.5,0
2021-07-27,10.5,10.5,10.5,10.5,10.5,0
2021-07-28,10.5,10.5,10.5,10.5,10.5,0
2021-07-29,10.5,10.5,10.5,10.5,10.5,0
2021-07-30,10.4375,10.4375,10.4375,10.4375,10.4375,4000
2021-08-02,10.4375,10.4375,10.4375,10.4375,10.4375,0
2021-08-03,10.4375,10.4375,10.4375,10.4375,10.4375,2800
2021-08-04,10.4375,10.4375,10.4375,10.4375,10.4375,0
2021-08-05,10.4375,10.4375,10.4375,10.4375,10.4375,0
2021-08-06,10.4375,10.4375,10.4375,10.4375,10.4375,0
2021-08-09,10.4375,10.4375,10.4375,10.4375,10.4375,0
2021-08-10,10.4375,10.4375,10.4375,10.4375,10.4375,0
2021-08-11,10.4375,10.4375,10.4375,10.4375,10.4375,0
2021-08-12,10.4375,10.4375,10.4375,10.4375,10.4375,0
2021-08-13,10.4375,10.4375,10.4375,10.4375,10.4375,1200
2021-08-16,10.4375,10.4375,10.4375,10.4375,10.4375,0
2021-08-17,10.5,11.925000190734863,10.5,11.875,11.875,65600
2021-08-18,11.875,11.987500190734863,11.875,11.875,11.875,10000
2021-08-19,11.875,11.875,11.875,11.875,11.875,0
2021-08-20,11.875,11.8774995803833,11.837499618530273,11.8774995803833,11.8774995803833,7600
2021-08-23,11.875,11.887499809265137,11.8125,11.8125,11.8125,5600
2021-08-24,11.8125,11.8125,11.8125,11.8125,11.8125,0
2021-08-25,11.837499618530273,11.899999618530273,11.757499694824219,11.757499694824219,11.757499694824219,2400
2021-08-26,11.8125,11.925000190734863,11.800000190734863,11.925000190734863,11.925000190734863,9200
2021-08-27,11.925000190734863,12.0,11.925000190734863,12.0,12.0,3200
2021-08-30,12.0,12.074999809265137,12.0,12.067500114440918,12.067500114440918,10400
2021-08-31,12.067500114440918,12.074999809265137,11.75,11.75,11.75,6400
2021-09-01,11.75,11.75,11.75,11.75,11.75,0
2021-09-02,11.5,11.760000228881836,11.5,11.75,11.75,1600
2021-09-03,11.567500114440918,11.625,11.5,11.625,11.625,2400
2021-09-07,11.625,11.625,11.625,11.625,11.625,0
2021-09-08,11.625,11.625,11.625,11.625,11.625,0
2021-09-09,11.625,11.625,11.625,11.625,11.625,0
2021-09-10,11.25,11.25,11.25,11.25,11.25,1200
2021-09-13,11.25,11.25,11.25,11.25,11.25,0
2021-09-14,11.75,11.875,11.75,11.875,11.875,800
2021-09-15,11.875,11.875,11.875,11.875,11.875,400
2021-09-16,11.875,12.625,11.875,12.5,12.5,20000
2021-09-17,12.5,12.5,12.5,12.5,12.5,2000
2021-09-20,12.492500305175781,12.492500305175781,12.492500305175781,12.492500305175781,12.492500305175781,1600
2021-09-21,12.5,12.6875,12.5,12.6875,12.6875,9200
2021-09-22,12.6875,13.0625,12.6875,13.0625,13.0625,6800
2021-09-23,13.125,13.807499885559082,13.125,13.75,13.75,16400
2021-09-24,13.75,13.75,13.75,13.75,13.75,400
2021-09-27,13.75,13.75,13.75,13.75,13.75,0
2021-09-28,13.25,13.25,11.75,13.125,13.125,3200
2021-09-29,13.125,13.125,13.125,13.125,13.125,0
2021-09-30,13.125,13.125,13.125,13.125,13.125,0
2021-10-01,13.25,13.25,13.25,13.25,13.25,1200
2021-10-04,13.25,13.25,13.25,13.25,13.25,0
2021-10-05,13.25,13.25,13.25,13.25,13.25,0
2021-10-06,13.25,13.25,13.25,13.25,13.25,0
2021-10-07,13.489999771118164,13.489999771118164,13.489999771118164,13.489999771118164,13.489999771118164,800
2021-10-08,13.489999771118164,13.489999771118164,13.489999771118164,13.489999771118164,13.489999771118164,0
2021-10-11,13.5,13.5,13.5,13.5,13.5,800
2021-10-12,13.5,13.5,13.5,13.5,13.5,0
2021-10-13,13.5,13.5,13.5,13.5,13.5,400
2021-10-14,13.489999771118164,13.5,13.0625,13.5,13.5,2800
2021-10-15,13.742500305175781,13.800000190734863,13.742500305175781,13.800000190734863,13.800000190734863,10000
2021-10-18,13.75,13.75,13.5649995803833,13.5649995803833,13.5649995803833,3200
2021-10-19,13.6875,13.6875,13.6875,13.6875,13.6875,1200
2021-10-20,13.5649995803833,13.5649995803833,13.5649995803833,13.5649995803833,13.5649995803833,1600
2021-10-21,13.694999694824219,13.837499618530273,13.694999694824219,13.75,13.75,4000
2021-10-22,13.75,13.75,13.75,13.75,13.75,0
2021-10-25,13.767499923706055,13.767499923706055,13.762499809265137,13.762499809265137,13.762499809265137,2000
2021-10-26,13.762499809265137,13.762499809265137,12.760000228881836,12.760000228881836,12.760000228881836,1600
2021-10-27,13.5,13.5,13.5,13.5,13.5,1200
2021-10-28,13.5,13.5,13.5,13.5,13.5,0
2021-10-29,13.5,13.5,13.5,13.5,13.5,0
2021-11-01,13.5,13.5,13.5,13.5,13.5,0
2021-11-02,13.5,13.5,13.5,13.5,13.5,0
2021-11-03,13.5,13.5,13.5,13.5,13.5,0
2021-11-04,13.4375,13.5,13.25,13.5,13.5,8400
2021-11-05,13.505000114440918,13.505000114440918,13.505000114440918,13.505000114440918,13.505000114440918,1600
2021-11-08,13.795000076293945,13.795000076293945,13.795000076293945,13.795000076293945,13.795000076293945,1200
2021-11-09,13.795000076293945,13.800000190734863,13.795000076293945,13.800000190734863,13.800000190734863,2400
2021-11-10,13.795000076293945,13.8125,13.595000267028809,13.75,13.75,3200
2021-11-11,13.602499961853027,13.6274995803833,13.602499961853027,13.6274995803833,13.6274995803833,1600
2021-11-12,13.4375,13.4375,12.0024995803833,12.25,12.25,42800
2021-11-15,12.25,12.307499885559082,12.0,12.25,12.25,28800
2021-11-16,12.25,12.75,12.25,12.75,12.75,16400
2021-11-17,12.447500228881836,12.75,12.375,12.5,12.5,4000
2021-11-18,12.25,12.5,12.25,12.25,12.25,4800
2021-11-19,12.260000228881836,12.260000228881836,12.260000228881836,12.260000228881836,12.260000228881836,1600
2021-11-22,12.375,12.5,12.25,12.25,12.25,2000
2021-11-23,12.050000190734863,12.25,12.0,12.125,12.125,14400
2021-11-24,12.0,12.125,12.0,12.125,12.125,1200
2021-11-26,12.0,12.125,11.5,12.0,12.0,4400
2021-11-29,11.5,11.975000381469727,11.5,11.975000381469727,11.975000381469727,4000
2021-11-30,11.9375,11.9375,11.875,11.875,11.875,2000
2021-12-01,12.010000228881836,12.25,12.0,12.0,12.0,1600
2021-12-02,12.0,12.25,10.510000228881836,12.0,12.0,5600
2021-12-03,12.135000228881836,12.135000228881836,12.0,12.0,12.0,4800
2021-12-06,12.25,12.25,12.25,12.25,12.25,400
2021-12-07,12.875,12.875,12.5,12.5,12.5,1200
2021-12-08,14.0,14.0,14.0,14.0,14.0,100
2021-12-09,14.0,14.25,14.0,14.25,14.25,500
2021-12-10,14.0,14.0,13.75,13.75,13.75,200
2021-12-13,13.75,13.75,10.0,12.899999618530273,12.899999618530273,8300
2021-12-14,13.0,14.5,12.899999618530273,14.25,14.25,11800
2021-12-15,14.25,14.5,14.25,14.25,14.25,10500
2021-12-16,14.25,14.25,14.25,14.25,14.25,0
2021-12-17,14.649999618530273,14.649999618530273,14.630000114440918,14.630000114440918,14.630000114440918,200
2021-12-20,14.25,14.869999885559082,14.25,14.869999885559082,14.869999885559082,2300
2021-12-21,14.699999809265137,14.899999618530273,14.699999809265137,14.899999618530273,14.899999618530273,400
2021-12-22,14.600000381469727,15.0,14.0,14.899999618530273,14.899999618530273,40700
2021-12-23,14.100000381469727,15.0,12.5,15.0,15.0,3200
2021-12-27,14.25,15.0,14.25,15.0,15.0,300
2021-12-28,14.75,14.989999771118164,14.75,14.989999771118164,14.989999771118164,200
2021-12-29,15.0,16.0,15.0,16.0,16.0,4900
2021-12-30,16.0,16.0,16.0,16.0,16.0,500
2021-12-31,16.0,16.0,16.0,16.0,16.0,500
2022-01-03,15.0,16.0,15.0,15.989999771118164,15.989999771118164,2600
2022-01-04,16.0,16.399999618530273,15.75,16.350000381469727,16.350000381469727,1500
2022-01-05,16.399999618530273,16.850000381469727,16.260000228881836,16.700000762939453,16.700000762939453,1700
2022-01-06,16.75,16.75,16.149999618530273,16.149999618530273,16.149999618530273,700
2022-01-07,16.25,16.25,16.200000762939453,16.200000762939453,16.200000762939453,300
2022-01-10,16.0,16.25,15.949999809265137,16.25,16.25,700
2022-01-11,16.170000076293945,16.170000076293945,16.170000076293945,16.170000076293945,16.170000076293945,1200
2022-01-12,16.350000381469727,16.399999618530273,16.219999313354492,16.399999618530273,16.399999618530273,900
2022-01-13,16.270000457763672,16.270000457763672,16.100000381469727,16.100000381469727,16.100000381469727,500
2022-01-14,16.0,16.100000381469727,15.899999618530273,16.100000381469727,16.100000381469727,400
2022-01-18,16.0,16.0,15.5,15.5,15.5,1800
2022-01-19,16.0,16.100000381469727,15.619999885559082,15.619999885559082,15.619999885559082,1200
2022-01-20,15.649999618530273,15.649999618530273,15.649999618530273,15.649999618530273,15.649999618530273,300
2022-01-21,15.649999618530273,15.649999618530273,15.649999618530273,15.649999618530273,15.649999618530273,0
2022-01-24,15.350000381469727,15.75,13.899999618530273,15.699999809265137,15.699999809265137,10000
2022-01-25,15.5,15.5,14.300000190734863,14.779999732971191,14.779999732971191,18600
2022-01-26,15.020000457763672,15.020000457763672,14.199999809265137,14.199999809265137,14.199999809265137,4100
2022-01-27,13.850000381469727,14.300000190734863,13.8100004196167,14.300000190734863,14.300000190734863,2600
2022-01-28,14.300000190734863,14.300000190734863,13.899999618530273,13.899999618530273,13.899999618530273,1300
2022-01-31,14.300000190734863,14.300000190734863,13.5,13.800000190734863,13.800000190734863,7500
2022-02-01,14.0,14.699999809265137,14.0,14.699999809265137,14.699999809265137,1200
2022-02-02,14.199999809265137,14.199999809265137,14.100000381469727,14.100000381469727,14.100000381469727,300
2022-02-03,14.100000381469727,14.699999809265137,14.100000381469727,14.5,14.5,700
2022-02-04,14.5,14.5,14.5,14.5,14.5,0
2022-02-07,14.180000305175781,14.229999542236328,14.0,14.0,14.0,6800
2022-02-08,14.0,14.0,14.0,14.0,14.0,0
2022-02-09,13.850000381469727,14.0,13.850000381469727,14.0,14.0,2200
2022-02-10,13.649999618530273,13.850000381469727,13.5,13.850000381469727,13.850000381469727,800
2022-02-11,13.850000381469727,13.850000381469727,13.550000190734863,13.75,13.75,900
2022-02-14,13.5,13.800000190734863,13.5,13.75,13.75,700
2022-02-15,13.75,14.100000381469727,13.550000190734863,14.100000381469727,14.100000381469727,1300
2022-02-16,13.850000381469727,14.199999809265137,13.850000381469727,14.199999809265137,14.199999809265137,800
2022-02-17,14.0,14.0,13.5,14.0,14.0,500
2022-02-18,14.0,14.0,14.0,14.0,14.0,0
2022-02-22,14.0,14.0,14.0,14.0,14.0,200
2022-02-23,13.949999809265137,14.0,13.949999809265137,14.0,14.0,500
2022-02-24,13.949999809265137,14.0,13.949999809265137,14.0,14.0,200
2022-02-25,13.899999618530273,14.0,13.899999618530273,14.0,14.0,700
2022-02-28,14.0,14.0,14.0,14.0,14.0,0
2022-03-01,13.699999809265137,13.800000190734863,13.699999809265137,13.800000190734863,13.800000190734863,700
2022-03-02,13.800000190734863,13.800000190734863,13.800000190734863,13.800000190734863,13.800000190734863,0
2022-03-03,13.550000190734863,13.550000190734863,13.0,13.0,13.0,3900
2022-03-04,13.0,13.0,12.0,12.0,12.0,6800
2022-03-07,12.5,12.5,12.5,12.5,12.5,1000
2022-03-08,12.0,12.0,12.0,12.0,12.0,1100
2022-03-09,12.0,12.0,11.850000381469727,12.0,12.0,1500
2022-03-10,11.850000381469727,12.0,11.850000381469727,12.0,12.0,400
2022-03-11,12.0,12.0,12.0,12.0,12.0,4800
2022-03-14,12.0,12.0,12.0,12.0,12.0,600
2022-03-15,12.0,12.0,12.0,12.0,12.0,500
2022-03-16,12.0,12.0,11.699999809265137,11.829999923706055,11.829999923706055,1700
2022-03-17,11.800000190734863,12.0,11.800000190734863,12.0,12.0,400
2022-03-18,12.0,12.0,12.0,12.0,12.0,300
2022-03-21,11.949999809265137,12.149999618530273,11.949999809265137,12.149999618530273,12.149999618530273,200
2022-03-22,12.149999618530273,12.149999618530273,12.079999923706055,12.130000114440918,12.130000114440918,500
2022-03-23,12.0,12.0,12.0,12.0,12.0,100
2022-03-24,12.130000114440918,12.149999618530273,12.130000114440918,12.149999618530273,12.149999618530273,900
2022-03-25,12.050000190734863,12.050000190734863,11.600000381469727,12.0,12.0,1200
2022-03-28,11.949999809265137,11.949999809265137,11.949999809265137,11.949999809265137,11.949999809265137,400
2022-03-29,11.989999771118164,11.989999771118164,11.800000190734863,11.800000190734863,11.800000190734863,800
2022-03-30,11.800000190734863,11.800000190734863,11.800000190734863,11.800000190734863,11.800000190734863,0
2022-03-31,11.0,11.989999771118164,11.0,11.989999771118164,11.989999771118164,3300
2022-04-01,11.130000114440918,11.140000343322754,10.510000228881836,10.90999984741211,10.90999984741211,28800
2022-04-04,10.510000228881836,10.75,9.75,10.25,10.25,31000
2022-04-05,9.90999984741211,9.90999984741211,9.90999984741211,9.90999984741211,9.90999984741211,1000
2022-04-06,10.020000457763672,10.199999809265137,9.90999984741211,10.149999618530273,10.149999618530273,5200
2022-04-07,10.100000381469727,10.5,10.100000381469727,10.5,10.5,600
2022-04-08,10.489999771118164,10.489999771118164,10.25,10.479999542236328,10.479999542236328,7800
2022-04-11,10.229999542236328,10.479999542236328,10.149999618530273,10.479999542236328,10.479999542236328,21200
2022-04-12,10.479999542236328,10.479999542236328,10.479999542236328,10.479999542236328,10.479999542236328,0
2022-04-13,10.5,11.25,10.5,11.0,11.0,7900
2022-04-14,11.119999885559082,11.119999885559082,10.699999809265137,11.0,11.0,800
2022-04-18,10.399999618530273,11.0,10.399999618530273,11.0,11.0,1600
2022-04-19,10.600000381469727,11.0,10.40999984741211,11.0,11.0,1200
2022-04-20,11.0,11.0,10.600000381469727,10.710000038146973,10.710000038146973,1100
2022-04-21,10.710000038146973,10.710000038146973,10.710000038146973,10.710000038146973,10.710000038146973,0
2022-04-22,10.600000381469727,10.75,10.600000381469727,10.619999885559082,10.619999885559082,1000
2022-04-25,10.600000381469727,10.75,10.550000190734863,10.670000076293945,10.670000076293945,10400
2022-04-26,10.680000305175781,10.680000305175781,10.550000190734863,10.550000190734863,10.550000190734863,16000
2022-04-27,10.75,10.75,10.550000190734863,10.75,10.75,4700
2022-04-28,11.0,11.029999732971191,10.600000381469727,10.600000381469727,10.600000381469727,1300
2022-04-29,10.850000381469727,10.850000381469727,10.850000381469727,10.850000381469727,10.850000381469727,100
2022-05-02,10.850000381469727,10.850000381469727,10.850000381469727,10.850000381469727,10.850000381469727,0
2022-05-03,10.600000381469727,10.75,10.600000381469727,10.75,10.75,4800
2022-05-04,10.770000457763672,11.050000190734863,10.770000457763672,11.050000190734863,11.050000190734863,600
2022-05-05,10.649999618530273,10.649999618530273,10.649999618530273,10.649999618530273,10.649999618530273,400
2022-05-06,10.649999618530273,10.649999618530273,10.649999618530273,10.649999618530273,10.649999618530273,0
2022-05-09,10.640000343322754,11.100000381469727,10.5,11.100000381469727,11.100000381469727,8400
2022-05-10,10.399999618530273,11.0,10.399999618530273,10.5,10.5,500
2022-05-11,10.5,10.5,10.5,10.5,10.5,7100
2022-05-12,10.5,10.649999618530273,10.5,10.649999618530273,10.649999618530273,500
2022-05-13,10.5,10.5,10.5,10.5,10.5,800
2022-05-16,10.5,10.5,10.5,10.5,10.5,0
2022-05-17,10.539999961853027,10.550000190734863,10.539999961853027,10.550000190734863,10.550000190734863,1300
2022-05-18,10.630000114440918,10.649999618530273,10.630000114440918,10.649999618530273,10.649999618530273,300
2022-05-19,10.550000190734863,10.550000190734863,10.550000190734863,10.550000190734863,10.550000190734863,5500
2022-05-20,10.600000381469727,10.600000381469727,10.550000190734863,10.550000190734863,10.550000190734863,6100
2022-05-23,11.0,11.0,11.0,11.0,11.0,200
2022-05-24,10.449999809265137,10.449999809265137,10.449999809265137,10.449999809265137,10.449999809265137,200
2022-05-25,10.449999809265137,10.449999809265137,10.449999809265137,10.449999809265137,10.449999809265137,0
2022-05-26,10.449999809265137,10.449999809265137,10.449999809265137,10.449999809265137,10.449999809265137,200
2022-05-27,10.449999809265137,10.449999809265137,10.449999809265137,10.449999809265137,10.449999809265137,0
2022-05-31,10.449999809265137,10.609999656677246,10.449999809265137,10.449999809265137,10.449999809265137,13000
2022-06-01,10.449999809265137,10.449999809265137,10.449999809265137,10.449999809265137,10.449999809265137,0
2022-06-02,10.75,10.75,10.75,10.75,10.75,300
2022-06-03,10.75,10.75,10.75,10.75,10.75,0
2022-06-06,10.75,10.75,10.75,10.75,10.75,0
2022-06-07,10.75,10.75,10.75,10.75,10.75,0
2022-06-08,10.5,11.0,10.5,11.0,11.0,800
2022-06-09,11.0,11.0,11.0,11.0,11.0,0
2022-06-10,11.0,11.0,11.0,11.0,11.0,0
2022-06-13,11.0,11.0,10.550000190734863,11.0,11.0,8000
2022-06-14,10.550000190734863,10.569999694824219,10.550000190734863,10.550000190734863,10.550000190734863,2000
2022-06-15,10.550000190734863,10.8100004196167,10.550000190734863,10.569999694824219,10.569999694824219,1800
2022-06-16,10.550000190734863,10.550000190734863,9.75,9.75,9.75,8600
2022-06-17,10.25,10.25,10.0,10.0,10.0,700
2022-06-21,10.119999885559082,10.430000305175781,10.119999885559082,10.430000305175781,10.430000305175781,2100
2022-06-22,9.5,9.5,9.5,9.5,9.5,200
2022-06-23,10.0,10.100000381469727,10.0,10.0,10.0,7100
2022-06-24,10.0,10.5,10.0,10.350000381469727,10.350000381469727,4000
2022-06-27,10.5,10.5,10.5,10.5,10.5,1100
2022-06-28,9.850000381469727,9.850000381469727,9.850000381469727,9.850000381469727,9.850000381469727,300
2022-06-29,10.5,10.5,10.5,10.5,10.5,100
2022-06-30,10.5,10.649999618530273,10.5,10.5,10.5,1000
2022-07-01,9.850000381469727,10.800000190734863,9.850000381469727,10.5,10.5,5300
2022-07-05,10.399999618530273,10.550000190734863,9.850000381469727,10.5,10.5,1700
2022-07-06,10.5,10.5,10.25,10.5,10.5,2500
2022-07-07,10.25,10.800000190734863,10.25,10.800000190734863,10.800000190734863,2300
2022-07-08,10.25,10.25,10.25,10.25,10.25,800
2022-07-11,10.800000190734863,10.800000190734863,10.5,10.800000190734863,10.800000190734863,2400
2022-07-12,10.800000190734863,11.0,10.800000190734863,11.0,11.0,9800
2022-07-13,11.0,11.0,11.0,11.0,11.0,200
2022-07-14,11.149999618530273,11.5,11.0,11.0,11.0,4300
2022-07-15,11.5,12.800000190734863,11.5,12.5,12.5,18500
2022-07-18,12.5,12.5,12.5,12.5,12.5,0
2022-07-19,11.630000114440918,12.449999809265137,11.630000114440918,12.399999618530273,12.399999618530273,600
2022-07-20,12.399999618530273,12.399999618530273,12.399999618530273,12.399999618530273,12.399999618530273,0
2022-07-21,12.399999618530273,12.5,12.399999618530273,12.5,12.5,5500
2022-07-22,12.5,12.5,12.5,12.5,12.5,5000
2022-07-25,12.699999809265137,12.880000114440918,12.699999809265137,12.800000190734863,12.800000190734863,6700
2022-07-26,12.550000190734863,13.229999542236328,12.550000190734863,13.229999542236328,13.229999542236328,36700
2022-07-27,13.229999542236328,13.229999542236328,13.229999542236328,13.229999542236328,13.229999542236328,0
2022-07-28,13.25,13.25,13.25,13.25,13.25,300
2022-07-29,13.229999542236328,13.25,13.229999542236328,13.25,13.25,300
2022-08-01,13.25,13.5,13.0,13.5,13.5,35500
2022-08-02,13.5,13.5,13.5,13.5,13.5,0
2022-08-03,13.5,13.5,13.5,13.5,13.5,5200
2022-08-04,13.5,14.0,13.5,13.949999809265137,13.949999809265137,4100
2022-08-05,14.0,14.0,14.0,14.0,14.0,3600
2022-08-08,14.0,14.0,14.0,14.0,14.0,0
2022-08-09,14.25,14.800000190734863,14.149999618530273,14.800000190734863,14.800000190734863,3300
2022-08-10,14.800000190734863,14.800000190734863,14.800000190734863,14.800000190734863,14.800000190734863,0
2022-08-11,14.899999618530273,15.0,14.5,15.0,15.0,2300
2022-08-12,15.0,15.149999618530273,15.0,15.149999618530273,15.149999618530273,1500
2022-08-15,15.0,15.699999809265137,15.0,15.649999618530273,15.649999618530273,1100
2022-08-16,15.699999809265137,15.850000381469727,15.5,15.850000381469727,15.850000381469727,1400
2022-08-17,15.850000381469727,15.850000381469727,15.5,15.5,15.5,1400
2022-08-18,15.75,15.75,15.75,15.75,15.75,200
2022-08-19,15.75,15.75,15.75,15.75,15.75,0
2022-08-22,16.520000457763672,16.899999618530273,16.5,16.600000381469727,16.600000381469727,6800
2022-08-23,16.600000381469727,16.600000381469727,16.600000381469727,16.600000381469727,16.600000381469727,100
2022-08-24,16.600000381469727,16.600000381469727,16.600000381469727,16.600000381469727,16.600000381469727,0
2022-08-25,16.5,16.600000381469727,16.5,16.600000381469727,16.600000381469727,1400
2022-08-26,15.5,16.600000381469727,15.5,16.600000381469727,16.600000381469727,2200
2022-08-29,16.600000381469727,16.600000381469727,16.600000381469727,16.600000381469727,16.600000381469727,0
2022-08-30,15.779999732971191,16.5,15.779999732971191,16.450000762939453,16.450000762939453,2600
2022-08-31,16.450000762939453,16.799999237060547,16.450000762939453,16.799999237060547,16.799999237060547,1800
2022-09-01,16.850000381469727,16.850000381469727,16.75,16.799999237060547,16.799999237060547,1000
2022-09-02,16.5,16.5,16.030000686645508,16.5,16.5,1200
2022-09-06,16.25,16.25,16.25,16.25,16.25,1100
2022-09-07,16.25,16.649999618530273,16.25,16.649999618530273,16.649999618530273,2600
2022-09-08,16.25,16.649999618530273,16.25,16.5,16.5,2500
2022-09-09,16.5,16.649999618530273,16.5,16.649999618530273,16.649999618530273,800
2022-09-12,16.649999618530273,16.649999618530273,16.649999618530273,16.649999618530273,16.649999618530273,0
2022-09-13,16.649999618530273,16.649999618530273,16.649999618530273,16.649999618530273,16.649999618530273,0
2022-09-14,16.25,16.5,16.25,16.5,16.5,1200
2022-09-15,16.299999237060547,16.649999618530273,16.25,16.649999618530273,16.649999618530273,1200
2022-09-16,16.25,16.25,16.25,16.25,16.25,500
2022-09-19,16.25,16.25,16.25,16.25,16.25,0
2022-09-20,16.25,16.309999465942383,16.25,16.25,16.25,1900
2022-09-21,16.25,16.25,16.25,16.25,16.25,2200
2022-09-22,16.25,16.25,16.25,16.25,16.25,100
2022-09-23,16.25,16.299999237060547,16.239999771118164,16.299999237060547,16.299999237060547,2900
2022-09-26,16.299999237060547,16.299999237060547,16.299999237060547,16.299999237060547,16.299999237060547,2000
2022-09-27,16.299999237060547,16.299999237060547,16.25,16.25,16.25,1200
2022-09-28,16.25,16.25,16.25,16.25,16.25,0
2022-09-29,16.0,16.0,16.0,16.0,16.0,200
2022-09-30,16.0,16.0,16.0,16.0,16.0,0
2022-10-03,16.0,16.0,15.0,15.0,15.0,1700
2022-10-04,16.0,16.25,16.0,16.25,16.25,600
2022-10-05,16.25,16.25,16.25,16.25,16.25,0
2022-10-06,16.0,16.1299991607666,16.0,16.0,16.0,3700
2022-10-07,16.25,16.25,16.25,16.25,16.25,500
2022-10-10,16.149999618530273,16.149999618530273,16.149999618530273,16.149999618530273,16.149999618530273,4000
2022-10-11,16.149999618530273,16.149999618530273,16.149999618530273,16.149999618530273,16.149999618530273,0
2022-10-12,16.25,16.25,16.149999618530273,16.149999618530273,16.149999618530273,4900
2022-10-13,16.149999618530273,16.149999618530273,16.149999618530273,16.149999618530273,16.149999618530273,100
2022-10-14,16.020000457763672,16.020000457763672,16.0,16.0,16.0,200
2022-10-17,16.0,16.0,16.0,16.0,16.0,0
2022-10-18,16.0,16.0,16.0,16.0,16.0,100
2022-10-19,16.0,16.0,16.0,16.0,16.0,0
2022-10-20,16.0,16.0,16.0,16.0,16.0,300
2022-10-21,16.010000228881836,16.010000228881836,16.010000228881836,16.010000228881836,16.010000228881836,900
2022-10-24,15.5,15.5,15.5,15.5,15.5,200
2022-10-25,14.420000076293945,14.420000076293945,14.050000190734863,14.199999809265137,14.199999809265137,15100
2022-10-26,15.449999809265137,15.449999809265137,15.449999809265137,15.449999809265137,15.449999809265137,100
2022-10-27,15.449999809265137,15.449999809265137,15.449999809265137,15.449999809265137,15.449999809265137,0
2022-10-28,15.449999809265137,15.449999809265137,15.449999809265137,15.449999809265137,15.449999809265137,200
2022-10-31,15.0,16.0,15.0,15.899999618530273,15.899999618530273,500
2022-11-01,15.899999618530273,15.899999618530273,15.899999618530273,15.899999618530273,15.899999618530273,100
2022-11-02,15.899999618530273,15.899999618530273,15.899999618530273,15.899999618530273,15.899999618530273,0
2022-11-03,15.899999618530273,15.899999618530273,15.899999618530273,15.899999618530273,15.899999618530273,0
2022-11-04,15.0,16.0,15.0,15.899999618530273,15.899999618530273,2300
2022-11-07,15.899999618530273,15.899999618530273,15.899999618530273,15.899999618530273,15.899999618530273,0
2022-11-08,15.899999618530273,15.899999618530273,15.899999618530273,15.899999618530273,15.899999618530273,0
2022-11-09,15.899999618530273,15.899999618530273,15.899999618530273,15.899999618530273,15.899999618530273,0
2022-11-10,16.0,16.0,14.5,16.0,16.0,14700
2022-11-11,15.5,16.0,15.5,16.0,16.0,200
2022-11-14,16.0,16.0,16.0,16.0,16.0,0
2022-11-15,16.0,16.0,16.0,16.0,16.0,0
2022-11-16,16.0,16.0,16.0,16.0,16.0,0
2022-11-17,16.0,16.0,16.0,16.0,16.0,0
2022-11-18,16.0,16.0,16.0,16.0,16.0,400
2022-11-21,15.5,15.5,15.5,15.5,15.5,200
2022-11-22,15.0,15.0,15.0,15.0,15.0,3700
2022-11-23,15.0,15.0,15.0,15.0,15.0,0
2022-11-25,15.0,15.0,15.0,15.0,15.0,0
2022-11-28,15.0,15.0,15.0,15.0,15.0,0
2022-11-29,15.0,15.0,15.0,15.0,15.0,0
2022-11-30,15.0,15.0,15.0,15.0,15.0,0
2022-12-01,14.899999618530273,15.0,14.199999809265137,15.0,15.0,10600
2022-12-02,14.600000381469727,14.600000381469727,14.600000381469727,14.600000381469727,14.600000381469727,100
2022-12-05,15.0,17.0,15.0,16.25,16.25,22800
2022-12-06,16.5,16.5,15.75,16.299999237060547,16.299999237060547,3100
2022-12-07,16.299999237060547,16.299999237060547,16.299999237060547,16.299999237060547,16.299999237060547,2200
2022-12-08,16.200000762939453,17.329999923706055,16.200000762939453,17.0,17.0,4000
2022-12-09,17.0,17.149999618530273,17.0,17.0,17.0,700
2022-12-12,16.950000762939453,16.950000762939453,16.850000381469727,16.850000381469727,16.850000381469727,3000
2022-12-13,16.850000381469727,16.850000381469727,16.850000381469727,16.850000381469727,16.850000381469727,0
2022-12-14,16.540000915527344,16.649999618530273,16.299999237060547,16.649999618530273,16.649999618530273,2200
2022-12-15,16.469999313354492,16.5,16.25,16.5,16.5,1200
2022-12-16,16.25,16.649999618530273,16.25,16.649999618530273,16.649999618530273,1200
2022-12-19,16.649999618530273,16.649999618530273,16.649999618530273,16.649999618530273,16.649999618530273,0
2022-12-20,16.049999237060547,16.450000762939453,16.0,16.450000762939453,16.450000762939453,3500
2022-12-21,16.0,16.5,16.0,16.5,16.5,400
2022-12-22,16.25,16.5,16.25,16.5,16.5,3200
2022-12-23,16.5,16.5,16.5,16.5,16.5,0
2022-12-27,16.030000686645508,16.5,16.030000686645508,16.5,16.5,1500
2022-12-28,16.0,16.0,16.0,16.0,16.0,100
2022-12-29,16.0,16.0,15.800000190734863,15.800000190734863,15.800000190734863,400
2022-12-30,15.800000190734863,15.949999809265137,15.800000190734863,15.949999809265137,15.949999809265137,500
2023-01-03,15.979999542236328,15.979999542236328,15.979999542236328,15.979999542236328,15.979999542236328,100
2023-01-04,15.979999542236328,15.979999542236328,15.979999542236328,15.979999542236328,15.979999542236328,0
2023-01-05,15.979999542236328,15.979999542236328,15.979999542236328,15.979999542236328,15.979999542236328,0
2023-01-06,15.899999618530273,16.0,15.050000190734863,15.5,15.5,1700
2023-01-09,16.0,16.0,16.0,16.0,16.0,300
2023-01-10,16.0,16.0,16.0,16.0,16.0,0
2023-01-11,15.899999618530273,16.0,15.899999618530273,16.0,16.0,600
2023-01-12,16.0,16.0,16.0,16.0,16.0,0
2023-01-13,16.0,16.0,16.0,16.0,16.0,100
2023-01-17,16.0,16.5,16.0,16.5,16.5,900
2023-01-18,16.5,16.5,16.5,16.5,16.5,0
2023-01-19,16.0,16.229999542236328,16.0,16.0,16.0,2400
2023-01-20,16.0,16.899999618530273,16.0,16.899999618530273,16.899999618530273,1800
2023-01-23,16.899999618530273,16.899999618530273,16.899999618530273,16.899999618530273,16.899999618530273,0
2023-01-24,16.899999618530273,16.899999618530273,16.0,16.0,16.0,2100
2023-01-25,16.0,16.0,16.0,16.0,16.0,1900
2023-01-26,15.979999542236328,16.200000762939453,15.979999542236328,16.200000762939453,16.200000762939453,1500
2023-01-27,16.200000762939453,16.209999084472656,16.200000762939453,16.209999084472656,16.209999084472656,200
2023-01-30,16.0,17.0,16.0,16.5,16.5,5700
2023-01-31,16.5,17.0,16.5,17.0,17.0,700
2023-02-01,17.0,17.25,17.0,17.100000381469727,17.100000381469727,4700
2023-02-02,16.100000381469727,17.0,16.100000381469727,17.0,17.0,11600
2023-02-03,16.049999237060547,17.0,16.049999237060547,17.0,17.0,1800
2023-02-06,17.0,17.0,17.0,17.0,17.0,1300
2023-02-07,17.0,17.0,17.0,17.0,17.0,1000
2023-02-08,17.1200008392334,17.1299991607666,17.1200008392334,17.1200008392334,17.1200008392334,1900
2023-02-09,17.25,17.25,17.25,17.25,17.25,1300
2023-02-10,17.25,17.25,17.25,17.25,17.25,400
2023-02-13,17.25,17.5,17.25,17.5,17.5,2200
2023-02-14,17.25,17.5,17.25,17.5,17.5,2700
2023-02-15,17.5,17.5,17.25,17.25,17.25,2100
2023-02-16,17.200000762939453,17.25,17.0,17.25,17.25,2000
2023-02-17,17.25,17.5,17.25,17.25,17.25,6900
2023-02-21,17.0,17.25,17.0,17.25,17.25,300
2023-02-22,17.25,17.25,17.100000381469727,17.25,17.25,2100
2023-02-23,17.25,18.75,17.25,18.700000762939453,18.700000762939453,10800
2023-02-24,18.75,18.8700008392334,18.75,18.8700008392334,18.8700008392334,3100
2023-02-27,18.8700008392334,18.8700008392334,18.5,18.799999237060547,18.799999237060547,4200
2023-02-28,18.8700008392334,19.0,18.700000762939453,19.0,19.0,3800
2023-03-01,19.0,19.0,18.8799991607666,19.0,19.0,1400
2023-03-02,19.0,19.0,18.989999771118164,19.0,19.0,1700
2023-03-03,19.0,19.0,18.950000762939453,18.950000762939453,18.950000762939453,1200
2023-03-06,19.0,19.190000534057617,18.739999771118164,19.0,19.0,2200
2023-03-07,19.0,19.0,19.0,19.0,19.0,200
2023-03-08,18.989999771118164,19.18000030517578,18.25,19.149999618530273,19.149999618530273,4400
2023-03-09,19.0,19.190000534057617,18.25,19.190000534057617,19.190000534057617,1800
2023-03-10,19.0,19.0,18.25,19.0,19.0,2200
2023-03-13,18.5,19.0,18.0,18.510000228881836,18.510000228881836,2600
2023-03-14,18.079999923706055,19.0,18.0,19.0,19.0,2300
2023-03-15,19.0,19.0,19.0,19.0,19.0,0
2023-03-16,18.200000762939453,18.200000762939453,17.969999313354492,18.0,18.0,400
2023-03-17,17.5,17.5,17.25,17.5,17.5,4100
2023-03-20,17.5,17.5,17.5,17.5,17.5,0
2023-03-21,18.0,18.0,17.75,17.75,17.75,900
2023-03-22,17.5,17.5,17.5,17.5,17.5,1000
2023-03-23,17.549999237060547,17.549999237060547,17.020000457763672,17.020000457763672,17.020000457763672,500
2023-03-24,17.020000457763672,17.020000457763672,17.020000457763672,17.020000457763672,17.020000457763672,0
2023-03-27,17.020000457763672,17.020000457763672,16.0,17.0,17.0,4800
2023-03-28,17.200000762939453,17.200000762939453,17.200000762939453,17.200000762939453,17.200000762939453,300
2023-03-29,16.899999618530273,17.5,16.5,17.0,17.0,1300
2023-03-30,16.450000762939453,16.5,16.450000762939453,16.5,16.5,1900
2023-03-31,16.5,16.75,16.5,16.75,16.75,1100
2023-04-03,16.25,16.75,16.25,16.75,16.75,7200
2023-04-04,16.5,16.5,16.149999618530273,16.149999618530273,16.149999618530273,25500
2023-04-05,16.020000457763672,16.200000762939453,16.020000457763672,16.200000762939453,16.200000762939453,600
2023-04-06,16.020000457763672,16.329999923706055,16.0,16.280000686645508,16.280000686645508,3100
2023-04-10,16.959999084472656,17.0,16.75,16.75,16.75,1300
2023-04-11,16.229999542236328,16.8799991607666,16.229999542236328,16.75,16.75,400
2023-04-12,16.75,16.75,16.75,16.75,16.75,2400
2023-04-13,17.0,17.0,17.0,17.0,17.0,1300
2023-04-14,17.0,17.0,17.0,17.0,17.0,900
2023-04-17,17.049999237060547,17.049999237060547,17.049999237060547,17.049999237060547,17.049999237060547,100
2023-04-18,17.049999237060547,17.049999237060547,17.049999237060547,17.049999237060547,17.049999237060547,0
2023-04-19,17.0,17.0,17.0,17.0,17.0,1600
2023-04-20,17.0,17.0,17.0,17.0,17.0,400
2023-04-21,16.75,17.0,16.75,17.0,17.0,300
2023-04-24,17.0,17.0,16.0,17.0,17.0,1800
2023-04-25,17.0,17.0,17.0,17.0,17.0,0
2023-04-26,17.0,17.0,17.0,17.0,17.0,0
2023-04-27,17.0,17.0,17.0,17.0,17.0,500
2023-04-28,17.0,17.0,17.0,17.0,17.0,0
2023-05-01,16.950000762939453,17.450000762939453,16.950000762939453,17.0,17.0,900
2023-05-02,17.0,17.0,17.0,17.0,17.0,0
2023-05-03,16.0,17.100000381469727,16.0,17.100000381469727,17.100000381469727,900
2023-05-04,17.0,17.25,17.0,17.25,17.25,300
2023-05-05,17.25,17.25,17.25,17.25,17.25,0
2023-05-08,17.25,17.25,17.25,17.25,17.25,200
2023-05-09,17.25,17.25,16.5,17.200000762939453,17.200000762939453,800
2023-05-10,17.200000762939453,17.200000762939453,17.200000762939453,17.200000762939453,17.200000762939453,0
2023-05-11,17.299999237060547,17.299999237060547,17.0,17.0,17.0,1300
2023-05-12,17.0,17.0,17.0,17.0,17.0,0
2023-05-15,17.0,17.0,17.0,17.0,17.0,0
2023-05-16,17.0,17.5,17.0,17.0,17.0,2100
2023-05-17,17.049999237060547,17.309999465942383,16.549999237060547,17.0,17.0,5000
2023-05-18,16.950000762939453,17.010000228881836,16.950000762939453,17.0,17.0,1800
2023-05-19,16.979999542236328,17.0,16.899999618530273,17.0,17.0,600
2023-05-22,17.0,17.0,16.75,16.75,16.75,700
2023-05-23,17.0,17.0,17.0,17.0,17.0,300
2023-05-24,16.75,16.75,16.75,16.75,16.75,1200
2023-05-25,16.75,16.75,16.75,16.75,16.75,0
2023-05-26,17.0,17.0,17.0,17.0,17.0,700
2023-05-30,17.0,17.0,17.0,17.0,17.0,0
2023-05-31,17.0,17.0,17.0,17.0,17.0,0
2023-06-01,16.5,16.5,16.0,16.0,16.0,1700
2023-06-02,16.0,16.0,16.0,16.0,16.0,200
2023-06-05,15.600000381469727,15.75,15.5,15.5,15.5,28100
2023-06-06,16.010000228881836,16.049999237060547,16.010000228881836,16.020000457763672,16.020000457763672,400
2023-06-07,16.049999237060547,16.049999237060547,16.0,16.0,16.0,700
2023-06-08,16.0,16.0,16.0,16.0,16.0,200
2023-06-09,16.0,16.0,15.75,15.75,15.75,1400
2023-06-12,15.949999809265137,16.0,15.800000190734863,15.800000190734863,15.800000190734863,1300
2023-06-13,15.800000190734863,15.800000190734863,15.800000190734863,15.800000190734863,15.800000190734863,0
2023-06-14,15.75,15.75,15.75,15.75,15.75,100
2023-06-15,15.75,16.0,15.75,16.0,16.0,500
2023-06-16,15.5,16.5,15.25,16.5,16.5,3100
2023-06-20,16.5,16.5,16.25,16.5,16.5,1200
2023-06-21,16.5,16.5,16.469999313354492,16.469999313354492,16.469999313354492,200
2023-06-22,17.0,17.200000762939453,17.0,17.190000534057617,17.190000534057617,1100
2023-06-23,17.15999984741211,17.15999984741211,17.15999984741211,17.15999984741211,17.15999984741211,200
2023-06-26,17.15999984741211,17.15999984741211,17.15999984741211,17.15999984741211,17.15999984741211,0
2023-06-27,17.0,17.0,17.0,17.0,17.0,500
2023-06-28,17.0,17.0,17.0,17.0,17.0,0
2023-06-29,17.0,17.0,17.0,17.0,17.0,0
2023-06-30,17.0,17.0,17.0,17.0,17.0,0
2023-07-03,17.0,17.0,17.0,17.0,17.0,200
2023-07-05,17.0,17.0,17.0,17.0,17.0,0
2023-07-06,17.0,17.0,17.0,17.0,17.0,0
2023-07-07,17.0,17.0,17.0,17.0,17.0,0
2023-07-10,17.0,17.0,17.0,17.0,17.0,100
2023-07-11,16.75,17.0,16.75,17.0,17.0,300
2023-07-12,17.0,18.0,17.0,18.0,18.0,4800
2023-07-13,17.600000381469727,18.229999542236328,17.600000381469727,17.649999618530273,17.649999618530273,2000
2023-07-14,17.0,17.219999313354492,16.799999237060547,17.219999313354492,17.219999313354492,500
2023-07-17,16.979999542236328,17.200000762939453,16.979999542236328,17.200000762939453,17.200000762939453,800
2023-07-18,17.0,17.5,17.0,17.5,17.5,1100
2023-07-19,16.920000076293945,17.520000457763672,16.920000076293945,17.5,17.5,1600
2023-07-20,17.5,17.600000381469727,17.5,17.5,17.5,4500
2023-07-21,18.0,18.0,17.5,17.5,17.5,400
2023-07-24,17.5,18.0,17.5,17.799999237060547,17.799999237060547,1600
2023-07-25,18.5,18.950000762939453,18.5,18.950000762939453,18.950000762939453,700
2023-07-26,18.950000762939453,18.950000762939453,18.950000762939453,18.950000762939453,18.950000762939453,0
2023-07-27,18.75,18.75,18.75,18.75,18.75,200
2023-07-28,18.75,18.75,18.75,18.75,18.75,100
2023-07-31,18.75,19.31999969482422,18.649999618530273,19.31999969482422,19.31999969482422,5500
2023-08-01,19.31999969482422,19.31999969482422,19.31999969482422,19.31999969482422,19.31999969482422,200
2023-08-02,18.290000915527344,19.299999237060547,18.290000915527344,19.0,19.0,1700
2023-08-03,19.049999237060547,19.049999237060547,18.979999542236328,19.0,19.0,2900
2023-08-04,19.31999969482422,19.31999969482422,19.200000762939453,19.200000762939453,19.200000762939453,3200
2023-08-07,19.200000762939453,19.200000762939453,19.200000762939453,19.200000762939453,19.200000762939453,600
2023-08-08,19.200000762939453,19.200000762939453,19.100000381469727,19.100000381469727,19.100000381469727,2000
2023-08-09,19.100000381469727,19.100000381469727,19.100000381469727,19.100000381469727,19.100000381469727,0
2023-08-10,19.0,19.200000762939453,17.649999618530273,18.0,18.0,1600
2023-08-11,18.0,18.0,17.969999313354492,17.969999313354492,17.969999313354492,300
2023-08-14,19.1299991607666,19.1299991607666,17.530000686645508,18.0,18.0,4500
2023-08-15,18.0,18.149999618530273,17.350000381469727,18.149999618530273,18.149999618530273,3700
2023-08-16,18.0,19.399999618530273,18.0,18.579999923706055,18.579999923706055,2800
2023-08-17,18.299999237060547,18.899999618530273,17.75,17.799999237060547,17.799999237060547,4700
2023-08-18,18.0,18.25,18.0,18.25,18.25,6400
2023-08-21,18.25,18.329999923706055,18.0,18.0,18.0,5300
2023-08-22,18.100000381469727,18.139999389648438,17.329999923706055,18.0,18.0,5800
2023-08-23,18.299999237060547,18.299999237060547,17.950000762939453,18.0,18.0,1700
2023-08-24,17.75,18.489999771118164,17.75,18.489999771118164,18.489999771118164,1100
2023-08-25,18.0,18.0,18.0,18.0,18.0,200
2023-08-28,17.959999084472656,17.959999084472656,17.850000381469727,17.850000381469727,17.850000381469727,900
2023-08-29,17.799999237060547,17.850000381469727,17.329999923706055,17.450000762939453,17.450000762939453,4000
2023-08-30,17.5,17.700000762939453,17.5,17.700000762939453,17.700000762939453,1100
2023-08-31,17.399999618530273,17.399999618530273,17.399999618530273,17.399999618530273,17.399999618530273,400
2023-09-01,17.100000381469727,18.0,17.100000381469727,18.0,18.0,1900
2023-09-05,17.5,17.5,17.149999618530273,17.5,17.5,2200
2023-09-06,17.399999618530273,17.399999618530273,17.299999237060547,17.299999237060547,17.299999237060547,700
2023-09-07,17.049999237060547,17.049999237060547,16.549999237060547,16.940000534057617,16.940000534057617,3200
2023-09-08,17.0,17.0,17.0,17.0,17.0,600
2023-09-11,17.0,17.0,15.649999618530273,16.0,16.0,15000
2023-09-12,15.710000038146973,16.0,15.649999618530273,16.0,16.0,4300
2023-09-13,16.0,16.0,16.0,16.0,16.0,700
2023-09-14,17.0,17.5,15.989999771118164,16.549999237060547,16.549999237060547,28100
2023-09-15,16.149999618530273,16.43000030517578,16.100000381469727,16.43000030517578,16.43000030517578,4500
2023-09-18,16.950000762939453,17.049999237060547,15.75,16.290000915527344,16.290000915527344,6200
2023-09-19,16.0,16.0,15.210000038146973,15.5,15.5,12000
2023-09-20,15.899999618530273,15.899999618530273,15.600000381469727,15.600000381469727,15.600000381469727,700
2023-09-21,15.579999923706055,15.579999923706055,15.380000114440918,15.380000114440918,15.380000114440918,2800
2023-09-22,15.40999984741211,15.40999984741211,15.40999984741211,15.40999984741211,15.40999984741211,200
2023-09-25,15.460000038146973,15.5,15.399999618530273,15.399999618530273,15.399999618530273,2700
2023-09-26,15.210000038146973,15.279999732971191,15.1899995803833,15.279999732971191,15.279999732971191,5300
2023-09-27,15.399999618530273,17.780000686645508,15.050000190734863,17.290000915527344,17.290000915527344,34800
2023-09-28,17.5,19.520000457763672,17.5,18.850000381469727,18.850000381469727,42300
2023-09-29,18.020000457763672,18.850000381469727,18.0,18.260000228881836,18.260000228881836,22400
2023-10-02,18.440000534057617,19.950000762939453,18.040000915527344,19.8700008392334,19.8700008392334,27200
2023-10-03,20.0,20.0,19.0,19.049999237060547,19.049999237060547,3200
2023-10-04,19.0,20.0,18.530000686645508,18.6200008392334,18.6200008392334,7400
2023-10-05,19.530000686645508,19.530000686645508,19.149999618530273,19.25,19.25,16200
2023-10-06,19.25,19.5,19.09000015258789,19.489999771118164,19.489999771118164,2800
2023-10-09,19.329999923706055,19.989999771118164,19.040000915527344,19.6200008392334,19.6200008392334,9500
2023-10-10,19.639999389648438,20.0,19.270000457763672,19.75,19.75,2000
2023-10-11,19.850000381469727,19.850000381469727,19.149999618530273,19.31999969482422,19.31999969482422,8200
2023-10-12,19.6299991607666,19.84000015258789,19.260000228881836,19.5,19.5,1600
2023-10-13,19.25,20.0,19.25,19.559999465942383,19.559999465942383,4600
2023-10-16,19.969999313354492,20.40999984741211,19.969999313354492,20.030000686645508,20.030000686645508,7900
2023-10-17,19.610000610351562,20.25,19.15999984741211,20.25,20.25,7900
2023-10-18,19.5,20.200000762939453,19.5,19.959999084472656,19.959999084472656,3400
2023-10-19,20.0,20.469999313354492,20.0,20.389999389648438,20.389999389648438,26700
2023-10-20,20.200000762939453,20.549999237060547,20.200000762939453,20.399999618530273,20.399999618530273,2100
2023-10-23,20.639999389648438,21.65999984741211,20.40999984741211,21.65999984741211,21.65999984741211,20700
2023-10-24,21.75,22.739999771118164,20.709999084472656,21.899999618530273,21.899999618530273,49600
2023-10-25,21.899999618530273,22.389999389648438,21.899999618530273,22.25,22.25,4300
2023-10-26,22.25,22.25,21.34000015258789,21.959999084472656,21.959999084472656,2800
2023-10-27,22.389999389648438,22.549999237060547,21.1299991607666,22.25,22.25,3700
2023-10-30,22.309999465942383,22.450000762939453,22.0,22.450000762939453,22.450000762939453,1500
2023-10-31,21.549999237060547,22.489999771118164,21.549999237060547,22.020000457763672,22.020000457763672,1000
2023-11-01,22.0,22.489999771118164,21.5,22.09000015258789,22.09000015258789,9700
2023-11-02,22.489999771118164,22.489999771118164,22.100000381469727,22.280000686645508,22.280000686645508,8200
2023-11-03,22.200000762939453,22.200000762939453,21.700000762939453,22.049999237060547,22.049999237060547,6200
2023-11-06,21.6200008392334,22.489999771118164,21.6200008392334,22.100000381469727,22.100000381469727,2000
2023-11-07,21.510000228881836,22.469999313354492,21.510000228881836,22.280000686645508,22.280000686645508,3000
2023-11-08,21.950000762939453,21.950000762939453,21.950000762939453,21.950000762939453,21.950000762939453,800
2023-11-09,21.950000762939453,21.950000762939453,21.950000762939453,21.950000762939453,21.950000762939453,300
2023-11-10,21.959999084472656,22.280000686645508,21.5,22.0,22.0,2900
2023-11-13,22.0,22.0,19.010000228881836,20.0,20.0,17200
2023-11-14,19.540000915527344,20.0,18.0,19.09000015258789,19.09000015258789,23900
2023-11-15,19.469999313354492,20.56999969482422,19.149999618530273,20.3700008392334,20.3700008392334,3200
2023-11-16,19.84000015258789,19.84000015258789,19.84000015258789,19.84000015258789,19.84000015258789,800
2023-11-17,19.280000686645508,20.0,18.860000610351562,20.0,20.0,7900
2023-11-20,19.979999542236328,20.0,19.899999618530273,19.899999618530273,19.899999618530273,3100
2023-11-21,19.950000762939453,19.950000762939453,19.049999237060547,19.899999618530273,19.899999618530273,700
2023-11-22,19.350000381469727,19.950000762939453,18.889999389648438,19.600000381469727,19.600000381469727,2800
2023-11-24,19.5,19.950000762939453,19.25,19.5,19.5,1700
2023-11-27,19.510000228881836,19.75,19.200000762939453,19.200000762939453,19.200000762939453,2600
2023-11-28,19.559999465942383,19.950000762939453,19.100000381469727,19.8799991607666,19.8799991607666,12600
2023-11-29,19.049999237060547,19.899999618530273,19.049999237060547,19.1299991607666,19.1299991607666,6900
2023-11-30,19.059999465942383,19.200000762939453,19.010000228881836,19.170000076293945,19.170000076293945,4100
2023-12-01,19.149999618530273,19.799999237060547,19.020000457763672,19.799999237060547,19.799999237060547,2300
2023-12-04,19.799999237060547,19.799999237060547,19.15999984741211,19.15999984741211,19.15999984741211,10900
2023-12-05,19.489999771118164,19.790000915527344,19.329999923706055,19.329999923706055,19.329999923706055,9200
2023-12-06,19.270000457763672,19.799999237060547,19.270000457763672,19.799999237060547,19.799999237060547,11600
2023-12-07,20.139999389648438,20.149999618530273,19.729999542236328,20.149999618530273,20.149999618530273,14200
2023-12-08,19.829999923706055,20.15999984741211,19.56999969482422,20.15999984741211,20.15999984741211,7100
2023-12-11,20.0,20.6299991607666,20.0,20.329999923706055,20.329999923706055,10500
2023-12-12,21.040000915527344,21.649999618530273,20.18000030517578,21.600000381469727,21.600000381469727,8000
2023-12-13,21.559999465942383,22.6299991607666,21.5,22.030000686645508,22.030000686645508,12500
2023-12-14,21.719999313354492,23.170000076293945,21.719999313354492,22.290000915527344,22.290000915527344,11400
2023-12-15,22.780000686645508,25.84000015258789,22.149999618530273,22.149999618530273,22.149999618530273,68700
2023-12-18,22.68000030517578,24.84000015258789,21.079999923706055,21.079999923706055,21.079999923706055,12600
2023-12-19,21.010000228881836,21.709999084472656,20.790000915527344,20.790000915527344,20.790000915527344,15200
2023-12-20,21.200000762939453,22.510000228881836,19.829999923706055,21.239999771118164,21.239999771118164,10700
2023-12-21,21.700000762939453,21.700000762939453,20.559999465942383,21.329999923706055,21.329999923706055,3400
2023-12-22,21.329999923706055,21.639999389648438,20.65999984741211,21.06999969482422,21.06999969482422,6900
2023-12-26,21.719999313354492,21.719999313354492,19.0,19.6200008392334,19.6200008392334,18300
2023-12-27,19.700000762939453,19.700000762939453,19.049999237060547,19.149999618530273,19.149999618530273,7600
2023-12-28,19.5,20.34000015258789,18.8700008392334,18.8700008392334,18.8700008392334,5000
2023-12-29,19.049999237060547,19.31999969482422,18.920000076293945,19.100000381469727,19.100000381469727,9000
2024-01-02,19.100000381469727,19.489999771118164,19.0,19.489999771118164,19.489999771118164,5900
2024-01-03,19.479999542236328,19.84000015258789,19.100000381469727,19.790000915527344,19.790000915527344,4000
2024-01-04,19.709999084472656,20.190000534057617,19.1200008392334,19.5,19.5,3600
2024-01-05,19.549999237060547,19.549999237060547,19.549999237060547,19.549999237060547,19.549999237060547,200
2024-01-08,19.5,20.18000030517578,19.010000228881836,20.18000030517578,20.18000030517578,1700
2024-01-09,20.149999618530273,20.149999618530273,19.149999618530273,19.450000762939453,19.450000762939453,10900
2024-01-10,19.309999465942383,19.309999465942383,19.229999542236328,19.260000228881836,19.260000228881836,3200
2024-01-11,19.950000762939453,19.950000762939453,19.200000762939453,19.200000762939453,19.200000762939453,700
2024-01-12,19.350000381469727,19.350000381469727,19.350000381469727,19.350000381469727,19.350000381469727,200
2024-01-16,19.299999237060547,19.84000015258789,19.299999237060547,19.84000015258789,19.84000015258789,800
2024-01-17,19.81999969482422,20.469999313354492,19.030000686645508,20.469999313354492,20.469999313354492,2400
2024-01-18,19.540000915527344,21.860000610351562,19.540000915527344,21.860000610351562,21.860000610351562,5900
2024-01-19,20.84000015258789,21.979999542236328,20.84000015258789,21.979999542236328,21.979999542236328,4400
2024-01-22,21.520000457763672,21.790000915527344,21.520000457763672,21.790000915527344,21.790000915527344,700
2024-01-23,22.010000228881836,22.510000228881836,21.950000762939453,22.479999542236328,22.479999542236328,5700
2024-01-24,21.68000030517578,21.75,21.68000030517578,21.75,21.75,300
2024-01-25,21.530000686645508,21.530000686645508,21.530000686645508,21.530000686645508,21.530000686645508,200
2024-01-26,21.68000030517578,23.0,21.68000030517578,22.530000686645508,22.530000686645508,11200
2024-01-29,22.600000381469727,22.739999771118164,21.809999465942383,22.010000228881836,22.010000228881836,3500
2024-01-30,22.15999984741211,22.290000915527344,22.0,22.290000915527344,22.290000915527344,1800
2024-01-31,22.479999542236328,22.479999542236328,22.0,22.229999542236328,22.229999542236328,7100
2024-02-01,22.25,22.25,21.31999969482422,22.0,22.0,7800
2024-02-02,22.139999389648438,22.25,21.489999771118164,21.860000610351562,21.860000610351562,27500
2024-02-05,21.360000610351562,21.850000381469727,20.8700008392334,20.8700008392334,20.8700008392334,1500
2024-02-06,21.40999984741211,22.0,21.40999984741211,22.0,22.0,4400
2024-02-07,22.049999237060547,22.850000381469727,21.989999771118164,22.299999237060547,22.299999237060547,2600
2024-02-08,22.219999313354492,22.670000076293945,22.219999313354492,22.510000228881836,22.510000228881836,4000
2024-02-09,23.200000762939453,23.200000762939453,22.5,22.5,22.5,1900
2024-02-12,22.700000762939453,23.299999237060547,22.0,22.0,22.0,5300
2024-02-13,22.0,22.1200008392334,21.299999237060547,21.709999084472656,21.709999084472656,5700
2024-02-14,22.040000915527344,22.5,22.0,22.100000381469727,22.100000381469727,2900
2024-02-15,22.0,22.25,21.829999923706055,22.049999237060547,22.049999237060547,9300
2024-02-16,22.25,23.190000534057617,21.520000457763672,22.3700008392334,22.3700008392334,1500
2024-02-20,21.709999084472656,22.700000762939453,21.530000686645508,22.479999542236328,22.479999542236328,1700
2024-02-21,22.079999923706055,22.5,22.079999923706055,22.5,22.5,600
2024-02-22,22.209999084472656,22.350000381469727,22.0,22.190000534057617,22.190000534057617,3000
2024-02-23,22.09000015258789,22.299999237060547,22.09000015258789,22.219999313354492,22.219999313354492,3500
2024-02-26,22.25,22.329999923706055,22.25,22.329999923706055,22.329999923706055,1300
2024-02-27,22.229999542236328,22.450000762939453,22.229999542236328,22.43000030517578,22.43000030517578,6000
2024-02-28,22.239999771118164,23.190000534057617,22.239999771118164,22.600000381469727,22.600000381469727,10100
2024-02-29,22.719999313354492,22.719999313354492,22.469999313354492,22.469999313354492,22.469999313354492,2500
2024-03-01,22.56999969482422,23.010000228881836,22.010000228881836,22.59000015258789,22.59000015258789,5300
2024-03-04,22.889999389648438,22.889999389648438,22.59000015258789,22.59000015258789,22.59000015258789,4300
2024-03-05,22.270000457763672,22.270000457763672,22.270000457763672,22.270000457763672,22.270000457763672,800
2024-03-06,22.200000762939453,22.200000762939453,22.0,22.049999237060547,22.049999237060547,1900
2024-03-07,22.0,22.0,21.010000228881836,21.760000228881836,21.760000228881836,9400
2024-03-08,21.75,21.760000228881836,21.75,21.760000228881836,21.760000228881836,1200
2024-03-11,21.399999618530273,21.700000762939453,21.399999618530273,21.59000015258789,21.59000015258789,4100
2024-03-12,21.729999542236328,21.729999542236328,21.729999542236328,21.729999542236328,21.729999542236328,500
2024-03-13,21.719999313354492,21.899999618530273,21.6200008392334,21.700000762939453,21.700000762939453,19600
2024-03-14,21.700000762939453,21.899999618530273,21.450000762939453,21.899999618530273,21.899999618530273,1100
2024-03-15,21.770000457763672,21.989999771118164,21.190000534057617,21.75,21.75,2100
2024-03-18,21.649999618530273,21.979999542236328,21.600000381469727,21.75,21.75,1100
2024-03-19,21.610000610351562,21.75,21.610000610351562,21.75,21.75,1000
2024-03-20,21.739999771118164,22.059999465942383,21.5,22.059999465942383,22.059999465942383,6700
2024-03-21,22.06999969482422,22.09000015258789,21.549999237060547,21.549999237060547,21.549999237060547,3300
2024-03-22,21.899999618530273,22.100000381469727,21.899999618530273,22.100000381469727,22.100000381469727,1500
2024-03-25,22.219999313354492,23.450000762939453,22.219999313354492,23.450000762939453,23.450000762939453,12200
2024-03-26,23.530000686645508,24.690000534057617,23.450000762939453,23.989999771118164,23.989999771118164,5200
2024-03-27,24.25,24.25,23.200000762939453,23.799999237060547,23.799999237060547,3600
2024-03-28,24.079999923706055,24.079999923706055,23.809999465942383,23.809999465942383,23.809999465942383,2200
2024-04-01,24.200000762939453,24.68000030517578,23.43000030517578,24.5,24.5,12800
2024-04-02,24.690000534057617,24.8700008392334,23.010000228881836,24.8700008392334,24.8700008392334,6500
2024-04-03,24.459999084472656,25.739999771118164,24.170000076293945,25.739999771118164,25.739999771118164,13400
2024-04-04,25.59000015258789,26.299999237060547,25.59000015258789,25.799999237060547,25.799999237060547,13300
2024-04-05,26.399999618530273,28.899999618530273,26.0,27.770000457763672,27.770000457763672,38500
2024-04-08,27.770000457763672,28.790000915527344,27.010000228881836,28.489999771118164,28.489999771118164,12600
2024-04-09,28.5,28.5,27.0,27.0,27.0,4400
2024-04-10,27.0,28.260000228881836,26.3799991607666,28.260000228881836,28.260000228881836,8900
2024-04-11,27.700000762939453,28.459999084472656,27.360000610351562,28.299999237060547,28.299999237060547,13600
2024-04-12,28.100000381469727,28.290000915527344,27.799999237060547,28.209999084472656,28.209999084472656,7300
2024-04-15,28.5,29.75,27.75,29.049999237060547,29.049999237060547,21100
2024-04-16,29.049999237060547,29.049999237060547,28.5,28.610000610351562,28.610000610351562,2700
2024-04-17,28.68000030517578,29.770000457763672,28.559999465942383,29.600000381469727,29.600000381469727,14700
2024-04-18,29.450000762939453,29.450000762939453,28.8799991607666,29.09000015258789,29.09000015258789,8900
2024-04-19,29.049999237060547,29.270000457763672,28.43000030517578,28.8700008392334,28.8700008392334,13200
2024-04-22,28.979999542236328,28.979999542236328,27.850000381469727,28.040000915527344,28.040000915527344,4200
2024-04-23,28.549999237060547,29.309999465942383,27.809999465942383,27.950000762939453,27.950000762939453,3900
2024-04-24,28.600000381469727,28.600000381469727,27.93000030517578,28.0,28.0,2100
2024-04-25,28.0,28.209999084472656,27.510000228881836,28.0,28.0,1800
2024-04-26,28.0,28.719999313354492,27.700000762939453,28.719999313354492,28.719999313354492,1900
2024-04-29,28.329999923706055,28.8799991607666,28.329999923706055,28.450000762939453,28.450000762939453,4400
2024-04-30,28.010000228881836,28.010000228881836,27.479999542236328,27.739999771118164,27.739999771118164,1700
2024-05-01,27.969999313354492,28.5,27.75,27.75,27.75,9800
2024-05-02,27.700000762939453,28.100000381469727,27.700000762939453,28.100000381469727,28.100000381469727,700
2024-05-03,28.600000381469727,28.600000381469727,27.950000762939453,27.950000762939453,27.950000762939453,1200
2024-05-06,27.850000381469727,27.860000610351562,27.200000762939453,27.600000381469727,27.600000381469727,3600
2024-05-07,27.31999969482422,28.989999771118164,27.209999084472656,28.989999771118164,28.989999771118164,2800
2024-05-08,29.0,29.989999771118164,28.790000915527344,29.700000762939453,29.700000762939453,18500
2024-05-09,30.239999771118164,30.239999771118164,29.700000762939453,30.049999237060547,30.049999237060547,2100
2024-05-10,30.209999084472656,30.25,29.489999771118164,30.0,30.0,6700
2024-05-13,30.149999618530273,30.469999313354492,29.959999084472656,30.469999313354492,30.469999313354492,3100
2024-05-14,30.09000015258789,30.799999237060547,29.5,29.6200008392334,29.6200008392334,7400
2024-05-15,30.0,30.0,27.100000381469727,29.56999969482422,29.56999969482422,4100
2024-05-16,29.0,29.479999542236328,27.719999313354492,27.989999771118164,27.989999771118164,5000
2024-05-17,28.75,28.75,27.229999542236328,27.75,27.75,3100
2024-05-20,27.829999923706055,28.950000762939453,27.75,27.75,27.75,4400
2024-05-21,27.809999465942383,28.5,27.75,27.799999237060547,27.799999237060547,5100
2024-05-22,28.25,28.290000915527344,28.0,28.0,28.0,3300
2024-05-23,28.899999618530273,29.489999771118164,28.479999542236328,29.450000762939453,29.450000762939453,14300
2024-05-24,29.600000381469727,30.100000381469727,29.450000762939453,30.0,30.0,7400
2024-05-28,30.0,34.0099983215332,30.0,30.84000015258789,30.84000015258789,24800
2024-05-29,30.5,31.0,30.0,30.799999237060547,30.799999237060547,6700
2024-05-30,30.799999237060547,30.799999237060547,30.389999389648438,30.56999969482422,30.56999969482422,3200
2024-05-31,30.799999237060547,31.1299991607666,30.5,30.690000534057617,30.690000534057617,15300
2024-06-03,31.06999969482422,33.2400016784668,31.06999969482422,33.0,33.0,29500
2024-06-04,33.0,33.0,31.549999237060547,32.380001068115234,32.380001068115234,11300
2024-06-05,32.47999954223633,32.75,30.5,30.600000381469727,30.600000381469727,9200
2024-06-06,30.40999984741211,31.0,29.280000686645508,30.149999618530273,30.149999618530273,5800
2024-06-07,30.34000015258789,30.34000015258789,27.65999984741211,27.93000030517578,27.93000030517578,15500
2024-06-10,27.6299991607666,30.799999237060547,27.6299991607666,30.3799991607666,30.3799991607666,12800
2024-06-11,29.510000228881836,29.510000228881836,29.510000228881836,29.510000228881836,29.510000228881836,1000
2024-06-12,30.0,30.399999618530273,28.040000915527344,30.399999618530273,30.399999618530273,7900
2024-06-13,30.40999984741211,30.770000457763672,30.0,30.770000457763672,30.770000457763672,2400
2024-06-14,29.270000457763672,29.8799991607666,28.610000610351562,29.8799991607666,29.8799991607666,4700
2024-06-17,29.8799991607666,30.469999313354492,27.360000610351562,27.360000610351562,27.360000610351562,17000
2024-06-18,27.3700008392334,29.649999618530273,27.3700008392334,27.690000534057617,27.690000534057617,7100
2024-06-20,27.780000686645508,29.079999923706055,27.780000686645508,29.079999923706055,29.079999923706055,3500
2024-06-21,29.09000015258789,35.0,28.270000457763672,35.0,35.0,93200
2024-06-24,33.5099983215332,34.099998474121094,30.809999465942383,32.790000915527344,32.790000915527344,40100
2024-06-25,33.0099983215332,34.38999938964844,33.0099983215332,33.20000076293945,33.20000076293945,18000
2024-06-26,33.790000915527344,33.790000915527344,33.16999816894531,33.5,33.5,4200
2024-06-27,33.5,33.7599983215332,32.97999954223633,33.0,33.0,1500
2024-06-28,32.81999969482422,33.75,32.81999969482422,33.29999923706055,33.29999923706055,8400
2024-07-01,32.900001525878906,33.33000183105469,32.43000030517578,32.9900016784668,32.9900016784668,6100
2024-07-02,32.900001525878906,33.869998931884766,32.189998626708984,33.599998474121094,33.599998474121094,7300
2024-07-03,34.0,34.150001525878906,30.43000030517578,30.43000030517578,30.43000030517578,9500
2024-07-05,31.670000076293945,33.0,31.670000076293945,32.29999923706055,32.29999923706055,3100
2024-07-08,33.959999084472656,33.97999954223633,32.5099983215332,32.5099983215332,32.5099983215332,1300
2024-07-09,34.0,34.0,32.72999954223633,32.72999954223633,32.72999954223633,1600
2024-07-10,33.9900016784668,33.9900016784668,30.739999771118164,32.20000076293945,32.20000076293945,13000
2024-07-11,32.33000183105469,32.849998474121094,30.5,32.08000183105469,32.08000183105469,2700
2024-07-12,32.5,33.599998474121094,32.310001373291016,32.72999954223633,32.72999954223633,2900
2024-07-15,33.0,33.470001220703125,32.22999954223633,32.70000076293945,32.70000076293945,3600
2024-07-16,32.529998779296875,33.209999084472656,32.529998779296875,33.209999084472656,33.209999084472656,1800
2024-07-17,32.779998779296875,34.0,31.5,31.600000381469727,31.600000381469727,5100
2024-07-18,32.20000076293945,32.20000076293945,31.299999237060547,31.549999237060547,31.549999237060547,5000
2024-07-19,31.579999923706055,32.29999923706055,31.579999923706055,32.29999923706055,32.29999923706055,2500
2024-07-22,31.700000762939453,32.880001068115234,31.700000762939453,32.5,32.5,2000
2024-07-23,32.400001525878906,33.7400016784668,31.75,33.20000076293945,33.20000076293945,6200
2024-07-24,33.31999969482422,33.349998474121094,33.0,33.0,33.0,2400
2024-07-25,33.29999923706055,33.75,33.29999923706055,33.75,33.75,1800
2024-07-26,32.970001220703125,33.939998626708984,32.970001220703125,33.77000045776367,33.77000045776367,1400
2024-07-29,33.810001373291016,34.0,31.479999542236328,33.08000183105469,33.08000183105469,8100
2024-07-30,32.18000030517578,33.099998474121094,31.5,32.470001220703125,32.470001220703125,8700
2024-07-31,32.79999923706055,32.79999923706055,32.5,32.5,32.5,2000
2024-08-01,32.349998474121094,32.779998779296875,32.0,32.040000915527344,32.040000915527344,2700
2024-08-02,32.15999984741211,32.15999984741211,30.889999389648438,30.889999389648438,30.889999389648438,3900
2024-08-05,30.0,30.600000381469727,26.75,29.389999389648438,29.389999389648438,15800
2024-08-06,29.559999465942383,30.049999237060547,29.3700008392334,29.3700008392334,29.3700008392334,900
2024-08-07,29.399999618530273,29.739999771118164,28.450000762939453,29.170000076293945,29.170000076293945,11200
2024-08-08,29.0,30.25,28.399999618530273,30.200000762939453,30.200000762939453,12700
2024-08-09,29.5,30.450000762939453,29.5,29.959999084472656,29.959999084472656,10200
2024-08-12,29.600000381469727,30.100000381469727,29.5,29.93000030517578,29.93000030517578,7000
2024-08-13,30.229999542236328,32.0,30.100000381469727,32.0,32.0,5500
2024-08-14,32.56999969482422,32.56999969482422,29.979999542236328,30.399999618530273,30.399999618530273,6400
2024-08-15,28.40999984741211,31.5,28.40999984741211,31.18000030517578,31.18000030517578,10800
2024-08-16,31.399999618530273,31.399999618530273,30.190000534057617,30.899999618530273,30.899999618530273,3600
2024-08-19,30.829999923706055,30.829999923706055,29.399999618530273,30.549999237060547,30.549999237060547,11000
2024-08-20,30.280000686645508,30.8799991607666,30.0,30.8799991607666,30.8799991607666,3000
2024-08-21,30.520000457763672,31.170000076293945,30.520000457763672,31.170000076293945,31.170000076293945,2900
2024-08-22,31.469999313354492,31.489999771118164,31.200000762939453,31.489999771118164,31.489999771118164,3100
2024-08-23,31.5,32.880001068115234,31.5,32.880001068115234,32.880001068115234,6100
2024-08-26,32.83000183105469,32.88999938964844,32.83000183105469,32.88999938964844,32.88999938964844,2100
2024-08-27,32.900001525878906,33.54999923706055,32.70000076293945,33.189998626708984,33.189998626708984,6400
2024-08-28,32.97999954223633,33.189998626708984,32.880001068115234,33.189998626708984,33.189998626708984,1600
2024-08-29,33.11000061035156,33.380001068115234,33.11000061035156,33.20000076293945,33.20000076293945,4300
2024-08-30,33.20000076293945,33.279998779296875,32.709999084472656,33.25,33.25,4100
2024-09-03,33.040000915527344,33.310001373291016,33.040000915527344,33.310001373291016,33.310001373291016,2100
2024-09-04,33.290000915527344,33.290000915527344,32.7400016784668,33.18000030517578,33.18000030517578,1100
2024-09-05,33.20000076293945,33.45000076293945,32.79999923706055,33.45000076293945,33.45000076293945,4400
2024-09-06,33.47999954223633,33.47999954223633,32.880001068115234,33.45000076293945,33.45000076293945,3700
2024-09-09,33.88999938964844,33.9900016784668,33.29999923706055,33.29999923706055,33.29999923706055,11200
2024-09-10,33.5,33.5,33.040000915527344,33.29999923706055,33.29999923706055,5200
2024-09-11,33.439998626708984,33.5,33.29999923706055,33.400001525878906,33.400001525878906,2000
2024-09-12,33.40999984741211,33.599998474121094,32.95000076293945,33.599998474121094,33.599998474121094,4700
2024-09-13,33.77000045776367,33.790000915527344,33.0,33.04999923706055,33.04999923706055,4700
2024-09-16,32.779998779296875,33.290000915527344,32.619998931884766,32.619998931884766,32.619998931884766,3300
2024-09-17,32.790000915527344,33.66999816894531,32.290000915527344,33.279998779296875,33.279998779296875,2600
2024-09-18,32.630001068115234,33.459999084472656,32.630001068115234,33.20000076293945,33.20000076293945,6100
2024-09-19,32.83000183105469,33.779998779296875,32.83000183105469,33.38999938964844,33.38999938964844,3300
2024-09-20,33.029998779296875,33.38999938964844,33.029998779296875,33.38999938964844,33.38999938964844,5277
