Date,Open,High,Low,Close,Adj Close,Volume
2021-03-23,25.290000915527344,25.389999389648438,25.219999313354492,25.25,18.513900756835938,35703
2021-03-24,25.270000457763672,25.8700008392334,25.200000762939453,25.200000762939453,18.477235794067383,86956
2021-03-25,25.389999389648438,25.5,25.25,25.5,18.697202682495117,58128
2021-03-26,25.5,25.75,25.450000762939453,25.75,18.880510330200195,58115
2021-03-29,25.700000762939453,25.700000762939453,25.5,25.600000381469727,18.770526885986328,73136
2021-03-30,25.5,25.68000030517578,25.440000534057617,25.5,18.697202682495117,24153
2021-03-31,25.479999542236328,25.53820037841797,25.399999618530273,25.450000762939453,18.66054344177246,46953
2021-04-01,25.459999084472656,25.569900512695312,25.43000030517578,25.459999084472656,18.66787338256836,40200
2021-04-05,25.5,25.700000762939453,25.489999771118164,25.579999923706055,18.755861282348633,94332
2021-04-06,25.729999542236328,25.8799991607666,25.700000762939453,25.799999237060547,18.917173385620117,14459
2021-04-07,25.829999923706055,25.8799991607666,25.75,25.790000915527344,18.909841537475586,28319
2021-04-08,25.850000381469727,25.969999313354492,25.850000381469727,25.899900436401367,18.99042320251465,17176
2021-04-09,25.969999313354492,25.969999313354492,25.850000381469727,25.899999618530273,18.990493774414062,7359
2021-04-12,25.899999618530273,25.969999313354492,25.850000381469727,25.899999618530273,18.990493774414062,14570
2021-04-13,25.940000534057617,26.299999237060547,25.898000717163086,26.128700256347656,19.15818214416504,28209
2021-04-14,26.1299991607666,26.40999984741211,26.1299991607666,26.229999542236328,19.23245620727539,24104
2021-04-15,26.43000030517578,26.450000762939453,26.364999771118164,26.399999618530273,19.35710334777832,41984
2021-04-16,26.510000228881836,26.700000762939453,26.40999984741211,26.56999969482422,19.481752395629883,37796
2021-04-19,26.799999237060547,27.170000076293945,26.639999389648438,27.049999237060547,19.833696365356445,122252
2021-04-20,27.0,27.21820068359375,26.93000030517578,27.06999969482422,19.848363876342773,18978
2021-04-21,27.149999618530273,27.219999313354492,26.920000076293945,27.18000030517578,19.92902183532715,15939
2021-04-22,26.989999771118164,27.100000381469727,26.93000030517578,27.049999237060547,19.833696365356445,20563
2021-04-23,27.094999313354492,27.190000534057617,27.09000015258789,27.09000015258789,19.8630313873291,7199
2021-04-26,27.059999465942383,27.190000534057617,27.010000228881836,27.010000228881836,19.804370880126953,10604
2021-04-27,27.170000076293945,27.179899215698242,27.010000228881836,27.010000228881836,19.804370880126953,10165
2021-04-28,27.110000610351562,27.18000030517578,26.90999984741211,27.1299991607666,19.892358779907227,16099
2021-04-29,27.149999618530273,27.149999618530273,27.049999237060547,27.09000015258789,19.8630313873291,4566
2021-04-30,26.860000610351562,26.8700008392334,26.78499984741211,26.8700008392334,19.949525833129883,12988
2021-05-03,26.790000915527344,26.829999923706055,26.75,26.790000915527344,19.890127182006836,10112
2021-05-04,26.770000457763672,26.770000457763672,26.549999237060547,26.700000762939453,19.823307037353516,13254
2021-05-05,26.770000457763672,26.649999618530273,26.43000030517578,26.600000381469727,19.749065399169922,6707
2021-05-06,26.600000381469727,26.81999969482422,26.459999084472656,26.76300048828125,19.870086669921875,10553
2021-05-07,26.690000534057617,26.799999237060547,26.010000228881836,26.229999542236328,19.47435760498047,62624
2021-05-10,26.270000457763672,26.270000457763672,26.110599517822266,26.149999618530273,19.414966583251953,16514
2021-05-11,26.0,26.219999313354492,25.700000762939453,26.15999984741211,19.422388076782227,16109
2021-05-12,26.030000686645508,26.115999221801758,25.81999969482422,25.940000534057617,19.259050369262695,11615
2021-05-13,25.889999389648438,26.079500198364258,25.81999969482422,25.860000610351562,19.199657440185547,21100
2021-05-14,25.979799270629883,26.06999969482422,25.8700008392334,26.024999618530273,19.32215690612793,4714
2021-05-17,26.059999465942383,26.135000228881836,25.950000762939453,26.020000457763672,19.318443298339844,12577
2021-05-18,26.139999389648438,26.309900283813477,26.1299991607666,26.290000915527344,19.518909454345703,22627
2021-05-19,26.1200008392334,26.439899444580078,26.1200008392334,26.290000915527344,19.518909454345703,15248
2021-05-20,26.399999618530273,26.469999313354492,26.290000915527344,26.290000915527344,19.518909454345703,16286
2021-05-21,26.309999465942383,26.399200439453125,26.239999771118164,26.28499984741211,19.515193939208984,168977
2021-05-24,26.350000381469727,26.49799919128418,26.281200408935547,26.329999923706055,19.548608779907227,43758
2021-05-25,26.399999618530273,26.399999618530273,26.280000686645508,26.280000686645508,19.5114803314209,21268
2021-05-26,26.3799991607666,26.3799991607666,26.21179962158203,26.280000686645508,19.5114803314209,35021
2021-05-27,26.3799991607666,26.3799991607666,26.100000381469727,26.270000457763672,19.504058837890625,7145
2021-05-28,26.209999084472656,26.280000686645508,26.209999084472656,26.25,19.489206314086914,5876
2021-06-01,26.3700008392334,26.3700008392334,26.25,26.290000915527344,19.518909454345703,7620
2021-06-02,26.264699935913086,26.459999084472656,26.229999542236328,26.25,19.489206314086914,43346
2021-06-03,26.25,26.299999237060547,26.219999313354492,26.290000915527344,19.518909454345703,30076
2021-06-04,26.389999389648438,26.489999771118164,26.260000228881836,26.389999389648438,19.593151092529297,89565
2021-06-07,26.709999084472656,26.850000381469727,26.59000015258789,26.81999969482422,19.912405014038086,90382
2021-06-08,26.83609962463379,26.979999542236328,26.81999969482422,26.93000030517578,19.994068145751953,19446
2021-06-09,26.979999542236328,27.040000915527344,26.93000030517578,26.959999084472656,20.016345977783203,10329
2021-06-10,26.959999084472656,27.09000015258789,26.899999618530273,27.059999465942383,20.090587615966797,8242
2021-06-11,27.059999465942383,27.075000762939453,26.830299377441406,27.040000915527344,20.07573890686035,9779
2021-06-14,27.040000915527344,27.08209991455078,26.87220001220703,26.99679946899414,20.043668746948242,3665
2021-06-15,27.0,27.09000015258789,26.92530059814453,27.09000015258789,20.112865447998047,13475
2021-06-16,27.148099899291992,27.148099899291992,27.148099899291992,27.148099899291992,20.1560001373291,208
2021-06-17,27.149900436401367,27.149900436401367,27.059200286865234,27.059200286865234,20.08999252319336,677
2021-06-18,27.049999237060547,27.147600173950195,27.049999237060547,27.147600173950195,20.155628204345703,1242
2021-06-21,27.149999618530273,27.239999771118164,26.8799991607666,26.959999084472656,20.016345977783203,5755
2021-06-22,26.850000381469727,27.151399612426758,26.850000381469727,27.049999237060547,20.08316421508789,6215
2021-06-23,26.959999084472656,27.25,26.902799606323242,27.239999771118164,20.224225997924805,9964
2021-06-24,27.389999389648438,27.389999389648438,27.110000610351562,27.354999542236328,20.309612274169922,5275
2021-06-25,27.389999389648438,27.440000534057617,27.309999465942383,27.43000030517578,20.365297317504883,11449
2021-06-28,27.59000015258789,27.965099334716797,27.579999923706055,27.649999618530273,20.528629302978516,9018
2021-06-29,27.75,27.75,27.431900024414062,27.5,20.417264938354492,8699
2021-06-30,27.479999542236328,27.5,27.350000381469727,27.350000381469727,20.30590057373047,1301
2021-07-01,27.5,27.621000289916992,27.3799991607666,27.43560028076172,20.36945152282715,1699
2021-07-02,27.600000381469727,27.639999389648438,27.5,27.639999389648438,20.521207809448242,1798
2021-07-06,27.68000030517578,27.68000030517578,27.540000915527344,27.639999389648438,20.521207809448242,2642
2021-07-07,27.829999923706055,27.839399337768555,27.5,27.700000762939453,20.56575584411621,8914
2021-07-08,27.549999237060547,27.684999465942383,27.40999984741211,27.684999465942383,20.55461883544922,1327
2021-07-09,27.479999542236328,27.749500274658203,27.40999984741211,27.459999084472656,20.387563705444336,4394
2021-07-12,27.549999237060547,27.549999237060547,27.209999084472656,27.350000381469727,20.30590057373047,7195
2021-07-13,27.350000381469727,27.350000381469727,27.209999084472656,27.25,20.231653213500977,3983
2021-07-14,27.450000762939453,27.463600158691406,27.0,27.463600158691406,20.390241622924805,621
2021-07-15,27.40999984741211,27.54800033569336,27.40999984741211,27.5,20.417264938354492,11247
2021-07-16,27.09000015258789,27.44499969482422,26.81999969482422,26.8700008392334,19.949525833129883,32640
2021-07-19,26.829999923706055,27.21500015258789,26.829999923706055,26.989999771118164,20.038618087768555,2527
2021-07-20,27.079999923706055,27.597999572753906,27.079999923706055,27.580699920654297,20.4771785736084,3857
2021-07-21,27.299999237060547,27.399200439453125,27.200000762939453,27.200000762939453,20.19453239440918,1412
2021-07-22,27.600000381469727,27.600000381469727,27.325000762939453,27.459999084472656,20.387563705444336,2934
2021-07-23,27.549999237060547,27.677799224853516,27.469999313354492,27.5,20.417264938354492,4491
2021-07-26,27.600000381469727,27.789899826049805,27.5,27.5,20.417264938354492,6794
2021-07-27,27.5,27.6200008392334,27.31999969482422,27.6200008392334,20.506359100341797,892
2021-07-28,27.790000915527344,27.84000015258789,27.674999237060547,27.84000015258789,20.66969871520996,9652
2021-07-29,27.860000610351562,27.860000610351562,27.603500366210938,27.649999618530273,20.528629302978516,12483
2021-07-30,27.309999465942383,27.34000015258789,27.110000610351562,27.34000015258789,20.743925094604492,8234
2021-08-02,27.229999542236328,27.270000457763672,27.1299991607666,27.270000457763672,20.690813064575195,2141
2021-08-03,27.350000381469727,27.350000381469727,26.889999389648438,27.238000869750977,20.666536331176758,7890
2021-08-04,27.229999542236328,27.300100326538086,27.209999084472656,27.299999237060547,20.713573455810547,2607
2021-08-05,27.350000381469727,27.415000915527344,27.350000381469727,27.399999618530273,20.78944969177246,7036
2021-08-06,27.375,27.375,27.25,27.350000381469727,20.751510620117188,2357
2021-08-09,27.350000381469727,27.350000381469727,26.670000076293945,26.670000076293945,20.235570907592773,14769
2021-08-10,26.700000762939453,26.90999984741211,26.700000762939453,26.739999771118164,20.28868293762207,3083
2021-08-11,26.75,26.780000686645508,26.469999313354492,26.649999618530273,20.220396041870117,15648
2021-08-12,26.709999084472656,26.829999923706055,26.540000915527344,26.829999923706055,20.356966018676758,2304
2021-08-13,26.799999237060547,26.885000228881836,26.719999313354492,26.780000686645508,20.31903076171875,2386
2021-08-16,26.8799991607666,27.1200008392334,26.821199417114258,27.1200008392334,20.577001571655273,4835
2021-08-17,26.989999771118164,27.453800201416016,26.875,26.93000030517578,20.43284034729004,1915
2021-08-18,26.809999465942383,27.04990005493164,26.809999465942383,26.959999084472656,20.455602645874023,2704
2021-08-19,26.75,26.875,26.700000762939453,26.790000915527344,20.32662010192871,7457
2021-08-20,26.99519920349121,27.25,26.6299991607666,27.25,20.67563819885254,3133
2021-08-23,27.239999771118164,27.239999771118164,26.82029914855957,26.999900817871094,20.48587989807129,5286
2021-08-24,26.899999618530273,26.950000762939453,26.81999969482422,26.81999969482422,20.349380493164062,4183
2021-08-25,26.950000762939453,26.983800888061523,26.899999618530273,26.983800888061523,20.473663330078125,1226
2021-08-26,26.979999542236328,27.09000015258789,26.899999618530273,26.900100708007812,20.410154342651367,2281
2021-08-27,26.84000015258789,27.049999237060547,26.690000534057617,26.899999618530273,20.410078048706055,2711
2021-08-30,26.899999618530273,26.980100631713867,26.72010040283203,26.899999618530273,20.410078048706055,1963
2021-08-31,26.950000762939453,26.950000762939453,26.719999313354492,26.719999313354492,20.27350616455078,4286
2021-09-01,26.882299423217773,27.496999740600586,26.882299423217773,27.270000457763672,20.690813064575195,8424
2021-09-02,27.299999237060547,27.510000228881836,27.299999237060547,27.450000762939453,20.8273868560791,10987
2021-09-03,27.420000076293945,27.5,27.399999618530273,27.44499969482422,20.823591232299805,2486
2021-09-07,27.489999771118164,27.489999771118164,27.300100326538086,27.395000457763672,20.785655975341797,4723
2021-09-08,27.299999237060547,27.299999237060547,26.850000381469727,26.959999084472656,20.455602645874023,9178
2021-09-09,26.959999084472656,27.199899673461914,26.933000564575195,26.972999572753906,20.465469360351562,3104
2021-09-10,26.97010040283203,27.0,26.969999313354492,27.0,20.4859561920166,1382
2021-09-13,27.020000457763672,27.469999313354492,26.950000762939453,27.149999618530273,20.599763870239258,8259
2021-09-14,27.075000762939453,27.075000762939453,26.90999984741211,26.959999084472656,20.455602645874023,1622
2021-09-15,26.899999618530273,27.149999618530273,26.8700008392334,26.959999084472656,20.455602645874023,1859
2021-09-16,26.969999313354492,27.0,26.8700008392334,26.998699188232422,20.48496437072754,2003
2021-09-17,27.030000686645508,27.030000686645508,26.850000381469727,26.8799991607666,20.394901275634766,2902
2021-09-20,26.850000381469727,26.940000534057617,26.540000915527344,26.540000915527344,20.136932373046875,16166
2021-09-21,26.579999923706055,26.729999542236328,26.5,26.600000381469727,20.182456970214844,7971
2021-09-22,26.550399780273438,26.759899139404297,26.550399780273438,26.684999465942383,20.2469482421875,1579
2021-09-23,26.769899368286133,26.769899368286133,26.600000381469727,26.600000381469727,20.182456970214844,8740
2021-09-24,26.579999923706055,26.600000381469727,26.572999954223633,26.600000381469727,20.182456970214844,7161
2021-09-27,26.479999542236328,26.749900817871094,26.479999542236328,26.579999923706055,20.167285919189453,12352
2021-09-28,26.579999923706055,26.600099563598633,26.479999542236328,26.549999237060547,20.144519805908203,5840
2021-09-29,26.600000381469727,26.61240005493164,26.469999313354492,26.56999969482422,20.15969467163086,7012
2021-09-30,26.579999923706055,26.6200008392334,26.399999618530273,26.399999618530273,20.030710220336914,5211
2021-10-01,26.499000549316406,26.56999969482422,26.299999237060547,26.56999969482422,20.15969467163086,11138
2021-10-04,26.75,26.75,26.363500595092773,26.363500595092773,20.00301742553711,10861
2021-10-05,26.408599853515625,26.408599853515625,26.219999313354492,26.219999313354492,19.894136428833008,23418
2021-10-06,26.299999237060547,26.299999237060547,26.270000457763672,26.299999237060547,19.954835891723633,8339
2021-10-07,26.350000381469727,26.350000381469727,26.238000869750977,26.295499801635742,19.9514217376709,33990
2021-10-08,26.43000030517578,26.43000030517578,26.239999771118164,26.264999389648438,19.928279876708984,22087
2021-10-11,26.479999542236328,26.81999969482422,26.479999542236328,26.6200008392334,20.1976318359375,56487
2021-10-12,26.75,27.020000457763672,26.6200008392334,26.6200008392334,20.1976318359375,36981
2021-10-13,26.948400497436523,26.950000762939453,26.6200008392334,26.6200008392334,20.1976318359375,14259
2021-10-14,26.75,26.979999542236328,26.64299964904785,26.7549991607666,20.300060272216797,9900
2021-10-15,26.850000381469727,26.987300872802734,26.786699295043945,26.889999389648438,20.402490615844727,10054
2021-10-18,26.93000030517578,27.16990089416504,26.649999618530273,26.790000915527344,20.32662010192871,21021
2021-10-19,26.799999237060547,26.799999237060547,26.5,26.600000381469727,20.182456970214844,16489
2021-10-20,26.68000030517578,27.114599227905273,26.549999237060547,26.600000381469727,20.182456970214844,26102
2021-10-21,26.780000686645508,26.979999542236328,26.780000686645508,26.780099868774414,20.319103240966797,3416
2021-10-22,26.899999618530273,26.899999618530273,26.59869956970215,26.649999618530273,20.220396041870117,7751
2021-10-25,26.649999618530273,26.850000381469727,26.649999618530273,26.799999237060547,20.334203720092773,3866
2021-10-26,26.920000076293945,26.93000030517578,26.700000762939453,26.799999237060547,20.334203720092773,6137
2021-10-27,26.809999465942383,27.0,26.799999237060547,26.969999313354492,20.46319007873535,8175
2021-10-28,26.959999084472656,26.979999542236328,26.889999389648438,26.92569923400879,20.429576873779297,2739
2021-10-29,26.479999542236328,26.479999542236328,26.280000686645508,26.469999313354492,20.536685943603516,12892
2021-11-01,26.31999969482422,26.5,26.149999618530273,26.499900817871094,20.55988311767578,5594
2021-11-02,26.5,26.5,26.299999237060547,26.46500015258789,20.53280258178711,12567
2021-11-03,26.53230094909668,26.53230094909668,26.469999313354492,26.5,20.559961318969727,3597
2021-11-04,26.5,26.600000381469727,26.5,26.59269905090332,20.631879806518555,2980
2021-11-05,26.5,26.736799240112305,26.5,26.510000228881836,20.567718505859375,9939
2021-11-08,26.5,26.969999313354492,26.5,26.836999893188477,20.821420669555664,7210
2021-11-09,26.90089988708496,26.90089988708496,26.5,26.5,20.559961318969727,4080
2021-11-10,26.719999313354492,26.770000457763672,26.56999969482422,26.739999771118164,20.746166229248047,2430
2021-11-11,26.829999923706055,26.989999771118164,26.71500015258789,26.989999771118164,20.94012451171875,977
2021-11-12,26.989999771118164,26.989999771118164,26.989999771118164,26.989999771118164,20.94012451171875,0
2021-11-15,26.920000076293945,26.950000762939453,26.850000381469727,26.850000381469727,20.831504821777344,2315
2021-11-16,26.850000381469727,26.989999771118164,26.850000381469727,26.90999984741211,20.87805938720703,3567
2021-11-17,26.969999313354492,26.989999771118164,26.911300659179688,26.920000076293945,20.88581657409668,4219
2021-11-18,27.059999465942383,27.059999465942383,26.8700008392334,26.8799991607666,20.854782104492188,1355
2021-11-19,26.979999542236328,27.0,26.934999465942383,27.0,20.94788360595703,11094
2021-11-22,27.290000915527344,27.290000915527344,27.020000457763672,27.15999984741211,21.072019577026367,13404
2021-11-23,27.15999984741211,27.25,27.010000228881836,27.190000534057617,21.095293045043945,9980
2021-11-24,27.200000762939453,27.350000381469727,27.170000076293945,27.170000076293945,21.07977867126465,2991
2021-11-26,27.170000076293945,27.200000762939453,27.0,27.054899215698242,20.990476608276367,4615
2021-11-29,27.149999618530273,27.149999618530273,27.000099182128906,27.138599395751953,21.055416107177734,1872
2021-11-30,27.100000381469727,27.149999618530273,26.8700008392334,26.8700008392334,20.84702491760254,6737
2021-12-01,27.014999389648438,27.014999389648438,26.90999984741211,26.90999984741211,20.87805938720703,1331
2021-12-02,26.899999618530273,26.909900665283203,26.799999237060547,26.909900665283203,20.87798309326172,1703
2021-12-03,27.09000015258789,27.100000381469727,26.842100143432617,26.850000381469727,20.831504821777344,2153
2021-12-06,26.850000381469727,26.90239906311035,26.640100479125977,26.782100677490234,20.778827667236328,4737
2021-12-07,26.899999618530273,27.0,26.899999618530273,26.950000762939453,20.909093856811523,3318
2021-12-08,27.100000381469727,27.100000381469727,26.899999618530273,26.940000534057617,20.90133285522461,1964
2021-12-09,27.020000457763672,27.030000686645508,27.020000457763672,27.030000686645508,20.971158981323242,615
2021-12-10,27.030000686645508,27.040000915527344,26.860000610351562,26.958200454711914,20.915454864501953,6601
2021-12-13,26.899999618530273,27.0,26.850000381469727,26.98270034790039,20.93446159362793,4374
2021-12-14,26.969999313354492,26.969999313354492,26.950000762939453,26.950000762939453,20.909093856811523,592
2021-12-15,26.860000610351562,27.079999923706055,26.860000610351562,27.030000686645508,20.971158981323242,862
2021-12-16,27.049999237060547,27.049999237060547,26.899999618530273,26.90999984741211,20.87805938720703,433
2021-12-17,26.760000228881836,26.93899917602539,26.670000076293945,26.93899917602539,20.900558471679688,2487
2021-12-20,26.850099563598633,26.850099563598633,26.700000762939453,26.809900283813477,20.800395965576172,2469
2021-12-21,26.76569938659668,26.799999237060547,26.66160011291504,26.700000762939453,20.71513557434082,3941
2021-12-22,26.719999313354492,26.739999771118164,26.690000534057617,26.739999771118164,20.746166229248047,2880
2021-12-23,26.709999084472656,26.709999084472656,26.559999465942383,26.559999465942383,20.60651206970215,7434
2021-12-27,26.559999465942383,26.700000762939453,26.25,26.260000228881836,20.37375831604004,41847
2021-12-28,26.31999969482422,26.459999084472656,26.299999237060547,26.34000015258789,20.43582534790039,20331
2021-12-29,26.540000915527344,26.610000610351562,26.540000915527344,26.540000915527344,20.59099578857422,3180
2021-12-30,26.690000534057617,26.690000534057617,26.530099868774414,26.549999237060547,20.598756790161133,6124
2021-12-31,26.579999923706055,26.600000381469727,26.520099639892578,26.600000381469727,20.63754653930664,3348
2022-01-03,26.700000762939453,26.996999740600586,26.3700008392334,26.3799991607666,20.46685791015625,6943
2022-01-04,26.3799991607666,26.520000457763672,26.34000015258789,26.510499954223633,20.56810760498047,8131
2022-01-05,26.459999084472656,26.809900283813477,26.459999084472656,26.65999984741211,20.684097290039062,7100
2022-01-06,26.690000534057617,26.770000457763672,26.56999969482422,26.65999984741211,20.684097290039062,4866
2022-01-07,26.6200008392334,26.86829948425293,26.6200008392334,26.78499984741211,20.78107452392578,2555
2022-01-10,26.790000915527344,26.790000915527344,26.674999237060547,26.75,20.753923416137695,4486
2022-01-11,26.770000457763672,26.80500030517578,26.75,26.790000915527344,20.784955978393555,13449
2022-01-12,26.764999389648438,26.81999969482422,26.719999313354492,26.770000457763672,20.769439697265625,6085
2022-01-13,26.770000457763672,26.82990074157715,26.600000381469727,26.75,20.753923416137695,9368
2022-01-14,26.739999771118164,26.838300704956055,26.600000381469727,26.825000762939453,20.812108993530273,28780
2022-01-18,26.957500457763672,26.989999771118164,26.874000549316406,26.901899337768555,20.87177085876465,1408
2022-01-19,27.040000915527344,27.14189910888672,26.950000762939453,26.950000762939453,20.909093856811523,4185
2022-01-20,26.979999542236328,26.979999542236328,26.959999084472656,26.96500015258789,20.920730590820312,3872
2022-01-21,26.862699508666992,26.889999389648438,26.709999084472656,26.770000457763672,20.769439697265625,8411
2022-01-24,26.75,26.940000534057617,26.649999618530273,26.895000457763672,20.86642074584961,18474
2022-01-25,26.899999618530273,26.920799255371094,26.709999084472656,26.920000076293945,20.88581657409668,4369
2022-01-26,26.90999984741211,26.940000534057617,26.90999984741211,26.940000534057617,20.90133285522461,537
2022-01-27,26.950000762939453,26.969900131225586,26.928499221801758,26.928499221801758,20.892410278320312,2609
2022-01-28,26.899999618530273,27.003799438476562,26.86359977722168,26.980499267578125,20.93275260925293,4355
2022-01-31,26.3218994140625,26.489999771118164,26.209999084472656,26.45639991760254,20.98801040649414,45761
2022-02-01,26.489999771118164,26.58989906311035,26.389999389648438,26.579999923706055,21.086057662963867,4697
2022-02-02,26.600000381469727,26.649999618530273,26.530000686645508,26.634199142456055,21.129056930541992,5670
2022-02-03,26.625,26.65999984741211,26.605600357055664,26.639999389648438,21.1336612701416,4123
2022-02-04,26.6200008392334,26.6200008392334,26.459999084472656,26.510000228881836,21.03053092956543,8821
2022-02-07,26.66990089416504,26.66990089416504,26.5,26.565000534057617,21.07416534423828,6852
2022-02-08,26.6200008392334,26.65130043029785,26.56999969482422,26.56999969482422,21.078125,4988
2022-02-09,26.6299991607666,26.670000076293945,26.549999237060547,26.559999465942383,21.0701961517334,7217
2022-02-10,26.69610023498535,26.69610023498535,26.559999465942383,26.630199432373047,21.125885009765625,9263
2022-02-11,26.670000076293945,26.700000762939453,26.645000457763672,26.6560001373291,21.146350860595703,5569
2022-02-14,26.75,26.75,26.549999237060547,26.610000610351562,21.109859466552734,7620
2022-02-15,26.6299991607666,26.729900360107422,26.6299991607666,26.649799346923828,21.14143180847168,3357
2022-02-16,26.72909927368164,26.75,26.702999114990234,26.75,21.220924377441406,4779
2022-02-17,26.75,26.75,26.65999984741211,26.65999984741211,21.149526596069336,1223
2022-02-18,26.75,26.770000457763672,26.698400497436523,26.698400497436523,21.179994583129883,1250
2022-02-22,26.700000762939453,26.700000762939453,26.549999237060547,26.568899154663086,21.077255249023438,4805
2022-02-23,26.59000015258789,26.670000076293945,26.59000015258789,26.635499954223633,21.130090713500977,1600
2022-02-24,26.469999313354492,26.62350082397461,26.31999969482422,26.62350082397461,21.120569229125977,2497
2022-02-25,26.56170082092285,26.649900436401367,26.56170082092285,26.649900436401367,21.141511917114258,1949
2022-02-28,26.623899459838867,26.700000762939453,26.623899459838867,26.700000762939453,21.181262969970703,3314
2022-03-01,26.600000381469727,26.847700119018555,26.600000381469727,26.700000762939453,21.181262969970703,3383
2022-03-02,26.799999237060547,26.825000762939453,26.729999542236328,26.799999237060547,21.260587692260742,3315
2022-03-03,26.690000534057617,26.899999618530273,26.65999984741211,26.8799991607666,21.324052810668945,1920
2022-03-04,26.690000534057617,26.790000915527344,26.670000076293945,26.704999923706055,21.185226440429688,3584
2022-03-07,26.899900436401367,26.899900436401367,26.65999984741211,26.707700729370117,21.187366485595703,2954
2022-03-08,26.700000762939453,26.899999618530273,26.700000762939453,26.899999618530273,21.339920043945312,7032
2022-03-09,26.940000534057617,26.940000534057617,26.940000534057617,26.940000534057617,21.37165069580078,424
2022-03-10,26.719999313354492,27.0,26.719999313354492,26.790800094604492,21.2532901763916,13335
2022-03-11,26.790000915527344,27.091100692749023,26.620100021362305,26.75,21.220924377441406,12029
2022-03-14,26.860000610351562,26.860000610351562,26.350000381469727,26.350000381469727,20.90359878540039,15009
2022-03-15,26.530000686645508,26.530000686645508,26.409900665283203,26.409900665283203,20.951120376586914,2906
2022-03-16,26.489999771118164,26.489999771118164,26.399999618530273,26.469900131225586,20.99871826171875,3706
2022-03-17,26.459999084472656,26.6299991607666,26.459999084472656,26.6299991607666,21.1257266998291,5714
2022-03-18,26.760000228881836,26.7898006439209,26.3799991607666,26.43000030517578,20.96706771850586,20550
2022-03-21,26.329999923706055,26.9060001373291,26.010000228881836,26.049999237060547,20.66560935974121,42175
2022-03-22,26.049999237060547,26.438499450683594,26.010000228881836,26.010000228881836,20.633880615234375,13028
2022-03-23,26.1299991607666,26.579999923706055,25.969999313354492,25.969999313354492,20.60214614868164,7902
2022-03-24,26.16010093688965,26.290000915527344,26.010000228881836,26.290000915527344,20.85600471496582,5778
2022-03-25,26.300100326538086,26.350000381469727,26.186100006103516,26.200000762939453,20.784605026245117,7447
2022-03-28,26.25,26.25,26.06999969482422,26.149999618530273,20.74493980407715,13595
2022-03-29,26.25,26.469999313354492,26.049999237060547,26.280000686645508,20.84807014465332,15787
2022-03-30,26.18000030517578,26.34000015258789,26.18000030517578,26.299999237060547,20.863933563232422,3792
2022-03-31,26.299999237060547,26.530000686645508,26.299999237060547,26.432199478149414,20.96881103515625,3532
2022-04-01,26.463899612426758,26.489999771118164,26.449899673461914,26.48979949951172,21.01450538635254,1288
2022-04-04,26.479999542236328,26.479999542236328,26.29010009765625,26.42020034790039,20.959291458129883,6487
2022-04-05,26.329999923706055,26.469900131225586,26.25,26.25,20.824268341064453,4722
2022-04-06,26.100099563598633,26.320100784301758,26.049999237060547,26.059999465942383,20.673542022705078,8398
2022-04-07,26.28499984741211,26.3799991607666,26.200000762939453,26.299999237060547,20.863933563232422,4056
2022-04-08,26.1299991607666,26.38990020751953,26.1299991607666,26.299999237060547,20.863933563232422,1881
2022-04-11,26.25,26.29990005493164,26.0,26.048500061035156,20.66442108154297,13048
2022-04-12,26.17009925842285,26.321199417114258,26.1200008392334,26.290000915527344,20.85600471496582,1793
2022-04-13,26.170000076293945,26.25,26.149999618530273,26.25,20.824268341064453,8886
2022-04-14,26.250099182128906,26.250099182128906,26.110000610351562,26.110000610351562,20.713207244873047,8537
2022-04-18,26.149999618530273,26.260099411010742,26.100000381469727,26.260099411010742,20.83228302001953,9469
2022-04-19,26.260000228881836,26.459999084472656,26.200000762939453,26.459999084472656,20.990863800048828,7364
2022-04-20,26.45989990234375,26.5,26.420900344848633,26.5,21.022598266601562,8249
2022-04-21,26.549999237060547,26.5718994140625,26.440000534057617,26.514999389648438,21.03449821472168,3931
2022-04-22,26.549999237060547,26.600000381469727,26.514999389648438,26.549999237060547,21.062265396118164,4611
2022-04-25,26.43000030517578,26.489900588989258,26.219999313354492,26.489900588989258,21.014585494995117,7013
2022-04-26,26.3799991607666,26.450000762939453,26.3799991607666,26.43000030517578,20.96706771850586,3091
2022-04-27,26.439899444580078,26.649999618530273,26.439899444580078,26.649999618530273,21.141590118408203,8000
2022-04-28,26.649999618530273,26.790000915527344,26.389999389648438,26.600000381469727,21.101926803588867,10475
2022-04-29,26.010000228881836,26.115100860595703,25.81999969482422,25.81999969482422,20.950803756713867,17441
2022-05-02,25.799999237060547,26.062999725341797,25.780000686645508,25.979999542236328,21.08062744140625,5019
2022-05-03,26.0,26.150100708007812,26.0,26.150100708007812,21.21864891052246,4010
2022-05-04,26.139999389648438,26.149999618530273,25.934200286865234,26.078800201416016,21.160795211791992,5573
2022-05-05,26.1200008392334,26.14150047302246,25.90999984741211,26.011999130249023,21.10659408569336,4034
2022-05-06,26.010000228881836,26.123600006103516,25.989999771118164,26.000600814819336,21.09734344482422,3507
2022-05-09,26.0,26.08209991455078,25.899999618530273,25.95669937133789,21.061721801757812,6934
2022-05-10,25.899999618530273,26.18239974975586,25.510000228881836,25.889999389648438,21.007598876953125,8027
2022-05-11,26.0093994140625,26.149999618530273,25.940000534057617,25.940000534057617,21.048171997070312,2391
2022-05-12,26.06999969482422,26.06999969482422,25.649999618530273,25.780000686645508,20.918346405029297,6807
2022-05-13,25.65999984741211,26.04010009765625,25.6299991607666,26.04010009765625,21.12939453125,3925
2022-05-16,26.149999618530273,26.149999618530273,25.65999984741211,25.934600830078125,21.043790817260742,6168
2022-05-17,25.639999389648438,26.059900283813477,25.639999389648438,26.059900283813477,21.145456314086914,4552
2022-05-18,26.008699417114258,26.059999465942383,26.008699417114258,26.010000228881836,21.104970932006836,4205
2022-05-19,25.90999984741211,26.100000381469727,25.90999984741211,26.09000015258789,21.169883728027344,1178
2022-05-20,26.099899291992188,26.139999389648438,26.049999237060547,26.049999237060547,21.137428283691406,4755
2022-05-23,26.139999389648438,26.170000076293945,25.99959945678711,26.049999237060547,21.137428283691406,5147
2022-05-24,26.120100021362305,26.169700622558594,26.116899490356445,26.169700622558594,21.234554290771484,1216
2022-05-25,26.200000762939453,26.249900817871094,26.06999969482422,26.145000457763672,21.214513778686523,5978
2022-05-26,26.239999771118164,26.25,26.219999313354492,26.249900817871094,21.29962921142578,2680
2022-05-27,26.280000686645508,26.34000015258789,26.25,26.280000686645508,21.324052810668945,4102
2022-05-31,26.31999969482422,26.850000381469727,26.31999969482422,26.5,21.502567291259766,6155
2022-06-01,26.5,26.5,26.435300827026367,26.483299255371094,21.489013671875,741
2022-06-02,26.43000030517578,26.489999771118164,26.43000030517578,26.489999771118164,21.494449615478516,3275
2022-06-03,26.459999084472656,26.459999084472656,26.350000381469727,26.420799255371094,21.43830108642578,1109
2022-06-06,26.43000030517578,26.489999771118164,26.209999084472656,26.4424991607666,21.455909729003906,3712
2022-06-07,26.34000015258789,26.5,26.25,26.5,21.502567291259766,5075
2022-06-08,26.489999771118164,26.489999771118164,26.280000686645508,26.402299880981445,21.423288345336914,1783
2022-06-09,26.290000915527344,26.59000015258789,26.270000457763672,26.59000015258789,21.575592041015625,4794
2022-06-10,26.59000015258789,26.59000015258789,26.3700008392334,26.489999771118164,21.494449615478516,3673
2022-06-13,26.489999771118164,26.489999771118164,25.420000076293945,25.43000030517578,20.634349822998047,29629
2022-06-14,25.690000534057617,25.799999237060547,25.540000915527344,25.702499389648438,20.855459213256836,9717
2022-06-15,25.6200008392334,26.0,25.510000228881836,25.520000457763672,20.70737648010254,7634
2022-06-16,25.440000534057617,25.753999710083008,25.440000534057617,25.550100326538086,20.731800079345703,2954
2022-06-17,25.579999923706055,25.600000381469727,25.450000762939453,25.489700317382812,20.682788848876953,7307
2022-06-21,25.729999542236328,26.690000534057617,25.729999542236328,25.930500030517578,21.04046058654785,2674
2022-06-22,26.113800048828125,26.4552001953125,25.6299991607666,25.75,20.894004821777344,5985
2022-06-23,26.030000686645508,26.030000686645508,25.780000686645508,25.899999618530273,21.015714645385742,5946
2022-06-24,25.899999618530273,26.209999084472656,25.899999618530273,26.209999084472656,21.26725196838379,2956
2022-06-27,26.190000534057617,26.389999389648438,25.670000076293945,25.84000015258789,20.967029571533203,22192
2022-06-28,25.959999084472656,26.15999984741211,25.709999084472656,25.709999084472656,20.861543655395508,16582
2022-06-29,26.020000457763672,26.19770050048828,25.64430046081543,25.700000762939453,20.85343360900879,4719
2022-06-30,25.540000915527344,25.829999923706055,25.299999237060547,25.299999237060547,20.528860092163086,28737
2022-07-01,25.469999313354492,25.6299991607666,25.3700008392334,25.6299991607666,20.796628952026367,3461
2022-07-05,25.649999618530273,26.200000762939453,24.528900146484375,25.6200008392334,20.788515090942383,49259
2022-07-06,25.6200008392334,25.989999771118164,25.51110076904297,25.889999389648438,21.007598876953125,5927
2022-07-07,25.7726993560791,25.799999237060547,25.75,25.75,20.894004821777344,2822
2022-07-08,25.850000381469727,25.850099563598633,25.709999084472656,25.764999389648438,20.906169891357422,4584
2022-07-11,25.770000457763672,25.912599563598633,25.760000228881836,25.760000228881836,20.902114868164062,5057
2022-07-12,25.6299991607666,25.802799224853516,25.440000534057617,25.440000534057617,20.6424617767334,13320
2022-07-13,25.450000762939453,25.780000686645508,25.450000762939453,25.780000686645508,20.918346405029297,10081
2022-07-14,25.780000686645508,25.780000686645508,25.264999389648438,25.299999237060547,20.528860092163086,13256
2022-07-15,25.510099411010742,25.709999084472656,25.440000534057617,25.688499450683594,20.844099044799805,8522
2022-07-18,25.75,25.899999618530273,25.549999237060547,25.600099563598633,20.772371292114258,15805
2022-07-19,25.739999771118164,25.835100173950195,25.6299991607666,25.750099182128906,20.894084930419922,27688
2022-07-20,25.815000534057617,25.969999313354492,25.78820037841797,25.940000534057617,21.048171997070312,6692
2022-07-21,25.949899673461914,26.170000076293945,25.899999618530273,25.989999771118164,21.0887393951416,5711
2022-07-22,26.049999237060547,26.15999984741211,25.979999542236328,26.040000915527344,21.129314422607422,5905
2022-07-25,26.0,26.00749969482422,25.989999771118164,26.00749969482422,21.102941513061523,7308
2022-07-26,26.010000228881836,26.03019905090332,25.979999542236328,25.989900588989258,21.088659286499023,8966
2022-07-27,25.949899673461914,26.059999465942383,25.949899673461914,26.0,21.09685516357422,15410
2022-07-28,26.0,26.048900604248047,25.979999542236328,26.0,21.09685516357422,8940
2022-07-29,25.440000534057617,25.600000381469727,25.399999618530273,25.5,21.17470359802246,24175
2022-08-01,25.5,25.514999389648438,25.489999771118164,25.489999771118164,21.166400909423828,5816
2022-08-02,25.489999771118164,25.5226993560791,25.440000534057617,25.480100631713867,21.158180236816406,13941
2022-08-03,25.450000762939453,25.582199096679688,25.450000762939453,25.5,21.17470359802246,12494
2022-08-04,25.510000228881836,25.510000228881836,25.419700622558594,25.5,21.17470359802246,1230
2022-08-05,25.459999084472656,25.66200065612793,25.424999237060547,25.600000381469727,21.25774383544922,22318
2022-08-08,25.600000381469727,25.63520050048828,25.510000228881836,25.549999237060547,21.216222763061523,5571
2022-08-09,25.530000686645508,25.540000915527344,25.399999618530273,25.399999618530273,21.0916690826416,7446
2022-08-10,25.59000015258789,25.59000015258789,25.3799991607666,25.582700729370117,21.243375778198242,10467
2022-08-11,25.5,25.600000381469727,25.5,25.540000915527344,21.207918167114258,9619
2022-08-12,25.579999923706055,25.61989974975586,25.420000076293945,25.540000915527344,21.207918167114258,9650
2022-08-15,25.420000076293945,25.59000015258789,25.420000076293945,25.5,21.17470359802246,11738
2022-08-16,25.469999313354492,25.563600540161133,25.469999313354492,25.5,21.17470359802246,10251
2022-08-17,25.489999771118164,25.520000457763672,25.010000228881836,25.479900360107422,21.15801429748535,22361
2022-08-18,25.489999771118164,25.525100708007812,25.479999542236328,25.5,21.17470359802246,1769
2022-08-19,25.5,25.520000457763672,25.280000686645508,25.520000457763672,21.19131088256836,11047
2022-08-22,25.5,25.514999389648438,25.299999237060547,25.450000762939453,21.13318634033203,16105
2022-08-23,25.299999237060547,25.52589988708496,25.299999237060547,25.5,21.17470359802246,4338
2022-08-24,25.5,25.520000457763672,25.459999084472656,25.5,21.17470359802246,4027
2022-08-25,25.5,25.513999938964844,25.450000762939453,25.513900756835938,21.186246871948242,2371
2022-08-26,25.5,25.519100189208984,25.485000610351562,25.5,21.17470359802246,3637
2022-08-29,25.5,25.51799964904785,25.450000762939453,25.469999313354492,21.149791717529297,11083
2022-08-30,25.5,25.520000457763672,25.399999618530273,25.520000457763672,21.19131088256836,8625
2022-08-31,25.5,25.5226993560791,25.5,25.5,21.17470359802246,6788
2022-09-01,25.5,25.7947998046875,25.450000762939453,25.5,21.17470359802246,8864
2022-09-02,25.450000762939453,25.88990020751953,25.450000762939453,25.600000381469727,21.25774383544922,6836
2022-09-06,25.469999313354492,25.700000762939453,25.469999313354492,25.540000915527344,21.207918167114258,5844
2022-09-07,25.549999237060547,25.549999237060547,25.469999313354492,25.47130012512207,21.1508731842041,6128
2022-09-08,25.489999771118164,25.489999771118164,25.460800170898438,25.489999771118164,21.166400909423828,850
2022-09-09,25.489999771118164,25.53499984741211,25.4591007232666,25.5,21.17470359802246,8790
2022-09-12,25.459999084472656,25.56999969482422,25.459999084472656,25.5,21.17470359802246,21794
2022-09-13,25.459999084472656,25.5,25.44230079650879,25.480100631713867,21.158180236816406,3968
2022-09-14,25.489999771118164,25.514999389648438,25.42919921875,25.5,21.17470359802246,3390
2022-09-15,25.450000762939453,25.549999237060547,25.450000762939453,25.5,21.17470359802246,9694
2022-09-16,25.5,25.5,25.450000762939453,25.479999542236328,21.158098220825195,5082
2022-09-19,25.399999618530273,25.520000457763672,25.399999618530273,25.5,21.17470359802246,8215
2022-09-20,25.459999084472656,25.540000915527344,25.459999084472656,25.520000457763672,21.19131088256836,2633
2022-09-21,25.5,25.618900299072266,25.479999542236328,25.479999542236328,21.158098220825195,8162
2022-09-22,25.489999771118164,25.520000457763672,25.399999618530273,25.399999618530273,21.0916690826416,6953
2022-09-23,25.399999618530273,25.479999542236328,25.299999237060547,25.329599380493164,21.033205032348633,11952
2022-09-26,25.290000915527344,25.440000534057617,24.8799991607666,24.957500457763672,20.724224090576172,35222
2022-09-27,25.190000534057617,25.190000534057617,24.959999084472656,24.989999771118164,20.751209259033203,13955
2022-09-28,25.06999969482422,25.149999618530273,24.90999984741211,25.131099700927734,20.868377685546875,3828
2022-09-29,24.90999984741211,25.030000686645508,24.75,24.76799964904785,20.566862106323242,20323
2022-09-30,24.799999237060547,24.98110008239746,24.149999618530273,24.3700008392334,20.236377716064453,24828
2022-10-03,24.459999084472656,24.899900436401367,24.459999084472656,24.520000457763672,20.360933303833008,13631
2022-10-04,24.649999618530273,24.829999923706055,24.3700008392334,24.5674991607666,20.400373458862305,11324
2022-10-05,24.5,24.6299991607666,24.469999313354492,24.6299991607666,20.452272415161133,2634
2022-10-06,24.639999389648438,24.649999618530273,24.530000686645508,24.574499130249023,20.406187057495117,7630
2022-10-07,24.5,24.5,24.399999618530273,24.450000762939453,20.302804946899414,7528
2022-10-10,24.5,24.54990005493164,24.25,24.5,20.344324111938477,5101
2022-10-11,24.5,24.540000915527344,24.241100311279297,24.450000762939453,20.302804946899414,7443
2022-10-12,24.469999313354492,24.479999542236328,24.290000915527344,24.350000381469727,20.21976661682129,5210
2022-10-13,24.200000762939453,24.45240020751953,24.029600143432617,24.299999237060547,20.178245544433594,10824
2022-10-14,24.0,24.399999618530273,24.0,24.25950050354004,20.144617080688477,3540
2022-10-17,24.399999618530273,24.469900131225586,24.299999237060547,24.329999923706055,20.203157424926758,4392
2022-10-18,24.489999771118164,24.530000686645508,24.280000686645508,24.280000686645508,20.161640167236328,9197
2022-10-19,24.420000076293945,24.540000915527344,24.350000381469727,24.350000381469727,20.21976661682129,18246
2022-10-20,24.468299865722656,24.54990005493164,24.320100784301758,24.3700008392334,20.236377716064453,36799
2022-10-21,24.5,24.510000228881836,24.329999923706055,24.350000381469727,20.21976661682129,9691
2022-10-24,24.5,24.54990005493164,24.370100021362305,24.5,20.344324111938477,16999
2022-10-25,24.399999618530273,24.44499969482422,24.3700008392334,24.389999389648438,20.25298309326172,22493
2022-10-26,24.3700008392334,24.47879981994629,24.34000015258789,24.34000015258789,20.211463928222656,10964
2022-10-27,24.390499114990234,24.390499114990234,24.299999237060547,24.299999237060547,20.178245544433594,25804
2022-10-28,24.3700008392334,24.538000106811523,24.3700008392334,24.489999771118164,20.336021423339844,17266
2022-10-31,24.059999465942383,24.479999542236328,24.059999465942383,24.299999237060547,20.67961311340332,12988
2022-11-01,24.475000381469727,24.475000381469727,24.31999969482422,24.34000015258789,20.713659286499023,7019
2022-11-02,24.299999237060547,24.450000762939453,24.219999313354492,24.399999618530273,20.764719009399414,10301
2022-11-03,24.25,24.364299774169922,24.200000762939453,24.25,20.637065887451172,10835
2022-11-04,24.29290008544922,24.75,24.25,24.729999542236328,21.04555320739746,23420
2022-11-07,24.809999465942383,25.200000762939453,24.750099182128906,25.059999465942383,21.326387405395508,54324
2022-11-08,25.049999237060547,25.309999465942383,25.049999237060547,25.209999084472656,21.454036712646484,11570
2022-11-09,25.227100372314453,25.312999725341797,25.195199966430664,25.195199966430664,21.441442489624023,3934
2022-11-10,25.299999237060547,25.299999237060547,25.1200008392334,25.1200008392334,21.3774471282959,14990
2022-11-11,25.290000915527344,25.440500259399414,25.20680046081543,25.318199157714844,21.546117782592773,6449
2022-11-14,25.420000076293945,25.54990005493164,25.316099166870117,25.5,21.70083236694336,9901
2022-11-15,25.5,25.577199935913086,25.399999618530273,25.5,21.70083236694336,16306
2022-11-16,25.5,25.579599380493164,25.43400001525879,25.471500396728516,21.67658042907715,6784
2022-11-17,25.399999618530273,25.5,25.191999435424805,25.209999084472656,21.454036712646484,22892
2022-11-18,25.319900512695312,25.525999069213867,25.319900512695312,25.389999389648438,21.607223510742188,6850
2022-11-21,25.5,25.5,25.31999969482422,25.4060001373291,21.62083625793457,11611
2022-11-22,25.34000015258789,25.82469940185547,25.31999969482422,25.440000534057617,21.6497745513916,7171
2022-11-23,25.440099716186523,25.549999237060547,25.440000534057617,25.469999313354492,21.67530059814453,9544
2022-11-25,25.5,25.600000381469727,25.489999771118164,25.489999771118164,21.692323684692383,10784
2022-11-28,25.489999771118164,25.509899139404297,25.420000076293945,25.46500015258789,21.67104721069336,7222
2022-11-29,25.420000076293945,25.510000228881836,25.420000076293945,25.5,21.70083236694336,7391
2022-11-30,25.440000534057617,25.510000228881836,25.420000076293945,25.5,21.70083236694336,10861
2022-12-01,25.5,25.519899368286133,25.43000030517578,25.43000030517578,21.641260147094727,16360
2022-12-02,25.399999618530273,25.403400421142578,25.260000228881836,25.352399826049805,21.575225830078125,6226
2022-12-05,25.299999237060547,25.45800018310547,25.049999237060547,25.100000381469727,21.360427856445312,15583
2022-12-06,25.09000015258789,25.334999084472656,25.09000015258789,25.149999618530273,21.402978897094727,1802
2022-12-07,25.299999237060547,25.392499923706055,25.01919937133789,25.049999237060547,21.31787872314453,7498
2022-12-08,25.15999984741211,25.228099822998047,25.06999969482422,25.06999969482422,21.334896087646484,2460
2022-12-09,25.030000686645508,25.059999465942383,24.90999984741211,24.950000762939453,21.23278045654297,22011
2022-12-12,24.940000534057617,25.200000762939453,24.649999618530273,25.0,21.275325775146484,23049
2022-12-13,24.969999313354492,25.209999084472656,24.924999237060547,25.08650016784668,21.34893798828125,6472
2022-12-14,24.899999618530273,25.164199829101562,24.899999618530273,25.03499984741211,21.305110931396484,9031
2022-12-15,24.899999618530273,25.219900131225586,24.899999618530273,25.06999969482422,21.334896087646484,11492
2022-12-16,25.132699966430664,25.159900665283203,25.06999969482422,25.11989974975586,21.377361297607422,2971
2022-12-19,25.079999923706055,25.13990020751953,24.90999984741211,25.020000457763672,21.292346954345703,10184
2022-12-20,25.09000015258789,25.09000015258789,24.770000457763672,24.809999465942383,21.113632202148438,18993
2022-12-21,24.850000381469727,25.09000015258789,24.850000381469727,24.989999771118164,21.266813278198242,5836
2022-12-22,24.8700008392334,25.12299919128418,24.734500885009766,25.049999237060547,21.31787872314453,5619
2022-12-23,25.040000915527344,25.190000534057617,25.040000915527344,25.119400024414062,21.376935958862305,4665
2022-12-27,25.15999984741211,25.5,25.027299880981445,25.34000015258789,21.564672470092773,7047
2022-12-28,25.110000610351562,25.3700008392334,25.00040054321289,25.200000762939453,21.445531845092773,22698
2022-12-29,25.200000762939453,25.239999771118164,25.1200008392334,25.209999084472656,21.454036712646484,2781
2022-12-30,25.204999923706055,25.280000686645508,25.204999923706055,25.280000686645508,21.513612747192383,7358
2023-01-03,25.25,25.26020050048828,25.150100708007812,25.260000228881836,21.496591567993164,5505
2023-01-04,25.25,25.337099075317383,25.157400131225586,25.30470085144043,21.534629821777344,13999
2023-01-05,25.299999237060547,25.469999313354492,25.299999237060547,25.469999313354492,21.67530059814453,5576
2023-01-06,25.469999313354492,25.584999084472656,25.350000381469727,25.5,21.70083236694336,14489
2023-01-09,25.5,25.5,25.170000076293945,25.34000015258789,21.564672470092773,14645
2023-01-10,25.3700008392334,25.449899673461914,25.049999237060547,25.309999465942383,21.539138793945312,24336
2023-01-11,25.389999389648438,25.389999389648438,25.209999084472656,25.25,21.48807716369629,13779
2023-01-12,25.3700008392334,25.579999923706055,25.25,25.389999389648438,21.607223510742188,31919
2023-01-13,25.350000381469727,25.485300064086914,25.350000381469727,25.399999618530273,21.61573028564453,10980
2023-01-17,25.52400016784668,25.539899826049805,25.450000762939453,25.5,21.70083236694336,29640
2023-01-18,25.399999618530273,25.55660057067871,25.399999618530273,25.5,21.70083236694336,38392
2023-01-19,25.5,25.549999237060547,25.479999542236328,25.4950008392334,21.69658088684082,15717
2023-01-20,25.479999542236328,25.55940055847168,25.479999542236328,25.499900817871094,21.700748443603516,15116
2023-01-23,25.489999771118164,25.559999465942383,25.489999771118164,25.5,21.70083236694336,16626
2023-01-24,25.54010009765625,25.559999465942383,25.489999771118164,25.5,21.70083236694336,10889
2023-01-25,25.479999542236328,25.599899291992188,25.459999084472656,25.5,21.70083236694336,14944
2023-01-26,25.479999542236328,25.600000381469727,25.479999542236328,25.559999465942383,21.75189208984375,8082
2023-01-27,25.559999465942383,25.588899612426758,25.524999618530273,25.53499984741211,21.730619430541992,12630
2023-01-30,25.479999542236328,25.535499572753906,25.450000762939453,25.458999633789062,21.665939331054688,21941
2023-01-31,25.010000228881836,25.329999923706055,25.010000228881836,25.220300674438477,21.975311279296875,26833
2023-02-01,25.31999969482422,25.329999923706055,25.236499786376953,25.288700103759766,22.034908294677734,8399
2023-02-02,25.290000915527344,25.33060073852539,25.150100708007812,25.25,22.001188278198242,8879
2023-02-03,25.31999969482422,25.31999969482422,25.200000762939453,25.239999771118164,21.992473602294922,13652
2023-02-06,25.299999237060547,25.299999237060547,25.100000381469727,25.12070083618164,21.888525009155273,15509
2023-02-07,25.149999618530273,25.250099182128906,25.149999618530273,25.250099182128906,22.00127410888672,1240
2023-02-08,25.25,25.290000915527344,25.225000381469727,25.26409912109375,22.013473510742188,18473
2023-02-09,25.059999465942383,25.350000381469727,25.059999465942383,25.315000534057617,22.057825088500977,11398
2023-02-10,25.299999237060547,25.299999237060547,25.09000015258789,25.29010009765625,22.0361270904541,5075
2023-02-13,25.290000915527344,25.499799728393555,25.290000915527344,25.499799728393555,22.218847274780273,8117
2023-02-14,25.411399841308594,25.5,25.411399841308594,25.489700317382812,22.210044860839844,6387
2023-02-15,25.5,25.509899139404297,25.360000610351562,25.43000030517578,22.15802764892578,17391
2023-02-16,25.5,25.5,25.374000549316406,25.5,22.21902084350586,6669
2023-02-17,25.5,25.5,25.151100158691406,25.170000076293945,21.931480407714844,19781
2023-02-21,25.170000076293945,25.186800003051758,24.899999618530273,25.049999237060547,21.826919555664062,40469
2023-02-22,25.15999984741211,25.344999313354492,25.141300201416016,25.25,22.001188278198242,2991
2023-02-23,25.25,25.25,25.094999313354492,25.125,21.892271041870117,2032
2023-02-24,25.270000457763672,25.270000457763672,25.1200008392334,25.164600372314453,21.926773071289062,3063
2023-02-27,25.25,25.269899368286133,25.186800003051758,25.257999420166016,22.008155822753906,14297
2023-02-28,25.270000457763672,25.469999313354492,25.210599899291992,25.25,22.001188278198242,15791
2023-03-01,25.309999465942383,25.799999237060547,25.309999465942383,25.59000015258789,22.297439575195312,26579
2023-03-02,25.420000076293945,25.59000015258789,25.420000076293945,25.450000762939453,22.175453186035156,1185
2023-03-03,25.68709945678711,25.799999237060547,25.420000076293945,25.530000686645508,22.245161056518555,7796
2023-03-06,25.6299991607666,25.6299991607666,25.437700271606445,25.510000228881836,22.227733612060547,7389
2023-03-07,25.5,25.508899688720703,25.440000534057617,25.5,22.21902084350586,6880
2023-03-08,25.5,25.5,25.420000076293945,25.421100616455078,22.1502742767334,7470
2023-03-09,25.485000610351562,25.5,25.47010040283203,25.48900032043457,22.209436416625977,1686
2023-03-10,25.47010040283203,25.5,25.18000030517578,25.229999542236328,21.9837589263916,14563
2023-03-13,25.34000015258789,25.350000381469727,25.080400466918945,25.149900436401367,21.913965225219727,32462
2023-03-14,25.149999618530273,25.25,25.049999237060547,25.21500015258789,21.97068977355957,12962
2023-03-15,25.34000015258789,25.34000015258789,25.049999237060547,25.06999969482422,21.844343185424805,13545
2023-03-16,25.18000030517578,25.510000228881836,25.09000015258789,25.434999465942383,22.162382125854492,6118
2023-03-17,25.59000015258789,25.59000015258789,25.049999237060547,25.25,22.001188278198242,11073
2023-03-20,25.110000610351562,25.27549934387207,24.72330093383789,24.989999771118164,21.774639129638672,28138
2023-03-21,25.094999313354492,25.530000686645508,25.034900665283203,25.43000030517578,22.15802764892578,7773
2023-03-22,25.2721004486084,25.399999618530273,25.15999984741211,25.3700008392334,22.105745315551758,4823
2023-03-23,25.3700008392334,25.3700008392334,25.041500091552734,25.289899826049805,22.035953521728516,6634
2023-03-24,25.2450008392334,25.3799991607666,25.200000762939453,25.379899978637695,22.11437225341797,6844
2023-03-27,25.350000381469727,25.3700008392334,25.020099639892578,25.33180046081543,22.072463989257812,13554
2023-03-28,25.270700454711914,25.295000076293945,25.1299991607666,25.190000534057617,21.94890785217285,5273
2023-03-29,25.25819969177246,25.390100479125977,25.249900817871094,25.389999389648438,22.123172760009766,5936
2023-03-30,25.399999618530273,25.440000534057617,25.309999465942383,25.440000534057617,22.166738510131836,6816
2023-03-31,25.440000534057617,25.5,25.40999984741211,25.5,22.21902084350586,8359
2023-04-03,25.5,25.59000015258789,25.290000915527344,25.43000030517578,22.15802764892578,9800
2023-04-04,25.40999984741211,25.545000076293945,25.40999984741211,25.531200408935547,22.24620819091797,15930
2023-04-05,25.559999465942383,25.649999618530273,25.530000686645508,25.550500869750977,22.263025283813477,8068
2023-04-06,25.549999237060547,25.604999542236328,25.300100326538086,25.399900436401367,22.13180160522461,5456
2023-04-10,25.389999389648438,25.53339958190918,25.33009910583496,25.510000228881836,22.227733612060547,12237
2023-04-11,25.520000457763672,25.537700653076172,25.40999984741211,25.5,22.21902084350586,7220
2023-04-12,25.3700008392334,25.56999969482422,25.3700008392334,25.53499984741211,22.2495174407959,10210
2023-04-13,25.600000381469727,25.600000381469727,25.5,25.549999237060547,22.26258659362793,16503
2023-04-14,25.540000915527344,25.540000915527344,25.52790069580078,25.53499984741211,22.2495174407959,2876
2023-04-17,25.530000686645508,25.575199127197266,25.469999313354492,25.5,22.21902084350586,5674
2023-04-18,25.549999237060547,25.57990074157715,25.520000457763672,25.57990074157715,22.28864288330078,16534
2023-04-19,25.559999465942383,25.579999923706055,25.344999313354492,25.540000915527344,22.25387191772461,8843
2023-04-20,25.540000915527344,25.540000915527344,25.450000762939453,25.5,22.21902084350586,4169
2023-04-21,25.540000915527344,25.850000381469727,25.540000915527344,25.81999969482422,22.497846603393555,23411
2023-04-24,25.81999969482422,25.82670021057129,25.579999923706055,25.725000381469727,22.415069580078125,6311
2023-04-25,25.7189998626709,25.8799991607666,25.680099487304688,25.780000686645508,22.462995529174805,20186
2023-04-26,25.75,25.770000457763672,25.6200008392334,25.719999313354492,22.41071319580078,9689
2023-04-27,25.799999237060547,25.799999237060547,25.729999542236328,25.75,22.43685531616211,14963
2023-04-28,25.5,25.700000762939453,25.200000762939453,25.309999465942383,22.573984146118164,15974
2023-05-01,25.25,25.280000686645508,25.135000228881836,25.280000686645508,22.54722785949707,4089
2023-05-02,25.389999389648438,25.389999389648438,25.18000030517578,25.250099182128906,22.520557403564453,2524
2023-05-03,25.350000381469727,25.350000381469727,25.030000686645508,25.049999237060547,22.342086791992188,16691
2023-05-04,25.049999237060547,25.241600036621094,25.049999237060547,25.1830997467041,22.46080207824707,2244
2023-05-05,25.050100326538086,25.314199447631836,25.020000457763672,25.314199447631836,22.577728271484375,7350
2023-05-08,25.34000015258789,25.34000015258789,25.08009910583496,25.199600219726562,22.47551918029785,2394
2023-05-09,25.14069938659668,25.14069938659668,25.09939956665039,25.1200008392334,22.404525756835938,8593
2023-05-10,25.103700637817383,25.24530029296875,25.103700637817383,25.162099838256836,22.44207191467285,2946
2023-05-11,25.290000915527344,25.290000915527344,25.098800659179688,25.149999618530273,22.4312801361084,6369
2023-05-12,25.049999237060547,25.6476993560791,25.049999237060547,25.61009979248047,22.841642379760742,6627
2023-05-15,25.670000076293945,25.670000076293945,25.450000762939453,25.452699661254883,22.701257705688477,9183
2023-05-16,25.489999771118164,25.600000381469727,25.360000610351562,25.56999969482422,22.805877685546875,4155
2023-05-17,25.5,25.57539939880371,25.5,25.53499984741211,22.774660110473633,5401
2023-05-18,26.350000381469727,26.350000381469727,25.510000228881836,25.559999465942383,22.796958923339844,5474
2023-05-19,25.559999465942383,25.559999465942383,25.5,25.5,22.743446350097656,5665
2023-05-22,25.549999237060547,25.6200008392334,25.520000457763672,25.53420066833496,22.77394676208496,9761
2023-05-23,25.649999618530273,25.829999923706055,25.5,25.56999969482422,22.805877685546875,7868
2023-05-24,25.530000686645508,25.611000061035156,25.270000457763672,25.299999237060547,22.5650634765625,4734
2023-05-25,25.40999984741211,25.719999313354492,25.36009979248047,25.440000534057617,22.689929962158203,7456
2023-05-26,25.559999465942383,25.6299991607666,25.31999969482422,25.443199157714844,22.69278335571289,5092
2023-05-30,25.489999771118164,25.489999771118164,25.3700008392334,25.3700008392334,22.627498626708984,1979
2023-05-31,25.350000381469727,25.49220085144043,25.350000381469727,25.477500915527344,22.723377227783203,5628
2023-06-01,25.530000686645508,25.530000686645508,25.4950008392334,25.4950008392334,22.738985061645508,1028
2023-06-02,25.56999969482422,25.600099563598633,25.510000228881836,25.600099563598633,22.832725524902344,5522
2023-06-05,25.6200008392334,25.639999389648438,25.479999542236328,25.488800048828125,22.733455657958984,19845
2023-06-06,25.459999084472656,25.6200008392334,25.459999084472656,25.599899291992188,22.832544326782227,17776
2023-06-07,25.510000228881836,25.640100479125977,25.489999771118164,25.540000915527344,22.77911949157715,7252
2023-06-08,25.632699966430664,25.632699966430664,25.584999084472656,25.6200008392334,22.85047149658203,5174
2023-06-09,25.739999771118164,25.739999771118164,25.613500595092773,25.65999984741211,22.88614845275879,3838
2023-06-12,25.639999389648438,25.68000030517578,25.639999389648438,25.65920066833496,22.885435104370117,3241
2023-06-13,25.549999237060547,25.653499603271484,25.549999237060547,25.600000381469727,22.8326358795166,3423
2023-06-14,25.549999237060547,25.68000030517578,25.549999237060547,25.679899215698242,22.90389633178711,7771
2023-06-15,25.559999465942383,25.770000457763672,25.559999465942383,25.68429946899414,22.907819747924805,17733
2023-06-16,25.770000457763672,25.770000457763672,25.549999237060547,25.549999237060547,22.788036346435547,6355
2023-06-20,25.68000030517578,25.68000030517578,25.610000610351562,25.610000610351562,22.841554641723633,4492
2023-06-21,25.690099716186523,25.69610023498535,25.614999771118164,25.689899444580078,22.912817001342773,3115
2023-06-22,25.669599533081055,25.68000030517578,25.590900421142578,25.604999542236328,22.837095260620117,6958
2023-06-23,25.706100463867188,25.706100463867188,25.59000015258789,25.61989974975586,22.85038185119629,4866
2023-06-26,25.6299991607666,26.170000076293945,25.6299991607666,25.729999542236328,22.948579788208008,23083
2023-06-27,25.873699188232422,26.1200008392334,25.729999542236328,25.7549991607666,22.97087860107422,5305
2023-06-28,25.84000015258789,25.8794002532959,25.700000762939453,25.780000686645508,22.99317741394043,2168
2023-06-29,25.77989959716797,25.77989959716797,25.719999313354492,25.73200035095215,22.950366973876953,4112
2023-06-30,25.75,25.760000228881836,25.684600830078125,25.719999313354492,22.93966293334961,4894
2023-07-03,25.780000686645508,25.780000686645508,25.6200008392334,25.707500457763672,22.928512573242188,2470
2023-07-05,25.790000915527344,25.850000381469727,25.735000610351562,25.735000610351562,22.95304298400879,2222
2023-07-06,25.889999389648438,25.889999389648438,25.700000762939453,25.703800201416016,22.925212860107422,4684
2023-07-07,25.75,25.799999237060547,25.687400817871094,25.770000457763672,22.9842586517334,10392
2023-07-10,25.770000457763672,25.770000457763672,25.52989959716797,25.739700317382812,22.95723533630371,15098
2023-07-11,25.700000762939453,25.739999771118164,25.6200008392334,25.6200008392334,22.85047149658203,6254
2023-07-12,25.6200008392334,25.649999618530273,25.540000915527344,25.549999237060547,22.788036346435547,6631
2023-07-13,25.770000457763672,25.770000457763672,25.639999389648438,25.700000762939453,22.921823501586914,22152
2023-07-14,25.719999313354492,25.719999313354492,25.670000076293945,25.700000762939453,22.921823501586914,4126
2023-07-17,25.770000457763672,25.770000457763672,25.665000915527344,25.750699996948242,22.967044830322266,11616
2023-07-18,25.799999237060547,26.0,25.799999237060547,25.969999313354492,23.16263771057129,3905
2023-07-19,25.75,26.06999969482422,25.75,26.06999969482422,23.251827239990234,6013
2023-07-20,26.009899139404297,26.140100479125977,25.895000457763672,26.1200008392334,23.296422958374023,4880
2023-07-21,26.0,26.19499969482422,26.0,26.100000381469727,23.27858543395996,6020
2023-07-24,26.03019905090332,26.190000534057617,26.03019905090332,26.18000030517578,23.34993553161621,12124
2023-07-25,26.149999618530273,26.190000534057617,26.099899291992188,26.149999618530273,23.323179244995117,6280
2023-07-26,26.149999618530273,26.200000762939453,26.100000381469727,26.15999984741211,23.33209800720215,3947
2023-07-27,26.290000915527344,26.31999969482422,26.200000762939453,26.249900817871094,23.412281036376953,7967
2023-07-28,26.19499969482422,26.25,26.19499969482422,26.209999084472656,23.376691818237305,8264
2023-07-31,25.6200008392334,25.722000122070312,25.6200008392334,25.649999618530273,23.407489776611328,7715
2023-08-01,25.739999771118164,25.739999771118164,25.540000915527344,25.560100555419922,23.32545280456543,7878
2023-08-02,25.639999389648438,25.640100479125977,25.5,25.500200271606445,23.270788192749023,4843
2023-08-03,25.5,25.67009925842285,25.5,25.526199340820312,23.294517517089844,4570
2023-08-04,25.600000381469727,25.709999084472656,25.575000762939453,25.656400680541992,23.4133358001709,1707
2023-08-07,25.600000381469727,25.700000762939453,25.600000381469727,25.680099487304688,23.434959411621094,1707
2023-08-08,25.75,25.75,25.600000381469727,25.684999465942383,23.439430236816406,2680
2023-08-09,25.75,25.75,25.690000534057617,25.71380043029785,23.465715408325195,1947
2023-08-10,25.75,25.769899368286133,25.65999984741211,25.684999465942383,23.439430236816406,8622
2023-08-11,25.760000228881836,25.760000228881836,25.0,25.100000381469727,22.90557861328125,13687
2023-08-14,25.5,25.690000534057617,25.5,25.545000076293945,23.31167221069336,4267
2023-08-15,25.280000686645508,25.59000015258789,25.280000686645508,25.559999465942383,23.325361251831055,6653
2023-08-16,25.600000381469727,25.600000381469727,25.510400772094727,25.600000381469727,23.361865997314453,4229
2023-08-17,25.400100708007812,25.610000610351562,25.400100708007812,25.59000015258789,23.352739334106445,8330
2023-08-18,25.40999984741211,25.670000076293945,25.40999984741211,25.670000076293945,23.425743103027344,9146
2023-08-21,25.649999618530273,25.739999771118164,25.47599983215332,25.739999771118164,23.4896240234375,6780
2023-08-22,25.739999771118164,25.739999771118164,25.56999969482422,25.672199249267578,23.427751541137695,16642
2023-08-23,25.579999923706055,25.690000534057617,25.5,25.528200149536133,23.296342849731445,5367
2023-08-24,25.690000534057617,25.690000534057617,25.450000762939453,25.450000762939453,23.224979400634766,3393
2023-08-25,25.450000762939453,25.510000228881836,25.450000762939453,25.454999923706055,23.229541778564453,6324
2023-08-28,25.549999237060547,25.6299991607666,25.540000915527344,25.600099563598633,23.361957550048828,2209
2023-08-29,25.579999923706055,25.690000534057617,25.579999923706055,25.661500930786133,23.417987823486328,4623
2023-08-30,25.690000534057617,25.719900131225586,25.649999618530273,25.719900131225586,23.471282958984375,3937
2023-08-31,25.739999771118164,26.145000457763672,25.739999771118164,26.099899291992188,23.818058013916016,23093
2023-09-01,25.81999969482422,26.100000381469727,25.81999969482422,26.100000381469727,23.818151473999023,2231
2023-09-05,26.100000381469727,26.100000381469727,25.649999618530273,26.079999923706055,23.79990005493164,3901
2023-09-06,25.299999237060547,25.899999618530273,25.299999237060547,25.89550018310547,23.631528854370117,4458
2023-09-07,25.990100860595703,26.010000228881836,25.5,25.950000762939453,23.681264877319336,6079
2023-09-08,25.889999389648438,25.950000762939453,25.760000228881836,25.899900436401367,23.63554573059082,3985
2023-09-11,25.75,25.879199981689453,25.75,25.860000610351562,23.599132537841797,11687
2023-09-12,25.75,25.899999618530273,25.75,25.809999465942383,23.553504943847656,4868
2023-09-13,25.75,25.899999618530273,25.75,25.879100799560547,23.616565704345703,2285
2023-09-14,25.760000228881836,25.825000762939453,25.75,25.75,23.49875259399414,7593
2023-09-15,25.799999237060547,25.809999465942383,25.796100616455078,25.809999465942383,23.553504943847656,2549
2023-09-18,25.579999923706055,25.795000076293945,25.579999923706055,25.795000076293945,23.53981590270996,5296
2023-09-19,25.989999771118164,26.100000381469727,25.800100326538086,26.01460075378418,23.740217208862305,14922
2023-09-20,25.934999465942383,25.949399948120117,25.90999984741211,25.922500610351562,23.65616798400879,998
2023-09-21,26.0,26.0,25.600000381469727,25.632099151611328,23.391157150268555,6963
2023-09-22,25.639999389648438,25.834999084472656,25.639999389648438,25.639999389648438,23.398366928100586,2837
2023-09-25,25.639999389648438,25.639999389648438,25.549999237060547,25.579999923706055,23.343612670898438,5266
2023-09-26,25.600000381469727,25.610000610351562,25.549999237060547,25.600000381469727,23.361865997314453,5628
2023-09-27,25.62969970703125,25.6299991607666,25.549999237060547,25.6299991607666,23.389240264892578,5104
2023-09-28,25.600000381469727,25.649999618530273,25.600000381469727,25.640300750732422,23.39864158630371,2716
2023-09-29,25.700000762939453,25.71190071105957,25.61009979248047,25.700000762939453,23.453121185302734,3290
2023-10-02,25.559999465942383,25.859899520874023,25.559999465942383,25.743000030517578,23.492361068725586,6928
2023-10-03,25.718799591064453,25.84950065612793,25.649999618530273,25.649999618530273,23.407489776611328,11270
2023-10-04,25.760099411010742,25.760099411010742,25.559999465942383,25.600000381469727,23.361865997314453,12852
2023-10-05,25.649999618530273,25.649999618530273,25.600000381469727,25.600000381469727,23.361865997314453,810
2023-10-06,25.700000762939453,25.700000762939453,25.579999923706055,25.659799575805664,23.41643524169922,2383
2023-10-09,25.75,25.75,25.575000762939453,25.61009979248047,23.37108039855957,4284
2023-10-10,25.700000762939453,25.729999542236328,25.649999618530273,25.729999542236328,23.480497360229492,2750
2023-10-11,25.68000030517578,25.739999771118164,25.61989974975586,25.6200008392334,23.380115509033203,12778
2023-10-12,25.6200008392334,25.6200008392334,25.399999618530273,25.440000534057617,23.215852737426758,16451
2023-10-13,25.6299991607666,25.70009994506836,25.489999771118164,25.70009994506836,23.45321273803711,6995
2023-10-16,25.65999984741211,25.739999771118164,25.600000381469727,25.687599182128906,23.441804885864258,5542
2023-10-17,25.690000534057617,25.739999771118164,25.65999984741211,25.739999771118164,23.4896240234375,2950
2023-10-18,25.700000762939453,25.700000762939453,25.649999618530273,25.667800903320312,23.423736572265625,5140
2023-10-19,25.649999618530273,25.739999771118164,25.649999618530273,25.649999618530273,23.407489776611328,4292
2023-10-20,25.739999771118164,25.739999771118164,25.719999313354492,25.719999313354492,23.471372604370117,1876
2023-10-23,25.68000030517578,25.739999771118164,25.68000030517578,25.739999771118164,23.4896240234375,6501
2023-10-24,25.56999969482422,25.703500747680664,25.510000228881836,25.61009979248047,23.37108039855957,4971
2023-10-25,25.579999923706055,25.614999771118164,25.510000228881836,25.510000228881836,23.27973175048828,2364
2023-10-26,25.649999618530273,25.649999618530273,25.53969955444336,25.609899520874023,23.370899200439453,4369
2023-10-27,25.579999923706055,25.600000381469727,25.510099411010742,25.579999923706055,23.343612670898438,3010
2023-10-30,25.658899307250977,25.774999618530273,25.600000381469727,25.763599395751953,23.51116180419922,5433
2023-10-31,25.649999618530273,25.649999618530273,25.399999618530273,25.46500015258789,23.7868595123291,14838
2023-11-01,25.1200008392334,25.569900512695312,25.119699478149414,25.379600524902344,23.707090377807617,8682
2023-11-02,25.25,25.549999237060547,25.25,25.409900665283203,23.735393524169922,5663
2023-11-03,25.41029930114746,25.579999923706055,25.41029930114746,25.5177001953125,23.83608627319336,5538
2023-11-06,25.5,25.575000762939453,25.299999237060547,25.5,23.819555282592773,4252
2023-11-07,25.6200008392334,25.639999389648438,25.420000076293945,25.479999542236328,23.800870895385742,3963
2023-11-08,25.5,25.5,25.420000076293945,25.42009925842285,23.744918823242188,1860
2023-11-09,25.459999084472656,25.459999084472656,25.25,25.295000076293945,23.628063201904297,9473
2023-11-10,25.275100708007812,25.479999542236328,25.275100708007812,25.477500915527344,23.798538208007812,3299
2023-11-13,25.5,25.5,25.399999618530273,25.450000762939453,23.772850036621094,2208
2023-11-14,25.549999237060547,25.549999237060547,25.399999618530273,25.45240020751953,23.77509117126465,11224
2023-11-15,25.549999237060547,25.549999237060547,25.450000762939453,25.5,23.819555282592773,12207
2023-11-16,25.549999237060547,25.549999237060547,25.450000762939453,25.450199127197266,23.773035049438477,8954
2023-11-17,25.475000381469727,25.5,25.399999618530273,25.46500015258789,23.7868595123291,4454
2023-11-20,25.549999237060547,25.549999237060547,25.43000030517578,25.5,23.819555282592773,6462
2023-11-21,25.450000762939453,25.54990005493164,25.450000762939453,25.5,23.819555282592773,3001
2023-11-22,25.5,25.5,25.5,25.5,23.819555282592773,0
2023-11-24,25.5,25.56130027770996,25.5,25.549999237060547,23.866256713867188,3436
2023-11-27,25.549999237060547,25.600000381469727,25.51289939880371,25.51289939880371,23.83160400390625,1800
2023-11-28,25.499900817871094,25.5,25.400100708007812,25.400100708007812,23.726238250732422,1274
2023-11-29,25.549999237060547,25.600000381469727,25.469999313354492,25.600000381469727,23.912965774536133,3220
2023-11-30,25.549999237060547,25.649999618530273,25.53689956665039,25.649999618530273,23.959667205810547,5180
2023-12-01,25.649999618530273,25.9237003326416,25.649499893188477,25.741500854492188,24.04513931274414,6037
2023-12-04,25.739999771118164,25.780000686645508,25.719999313354492,25.758100509643555,24.060646057128906,4614
2023-12-05,25.770000457763672,25.860000610351562,25.760499954223633,25.770000457763672,24.071762084960938,1221
2023-12-06,25.9242000579834,25.950000762939453,25.899999618530273,25.899999618530273,24.193195343017578,1553
2023-12-07,25.989999771118164,25.989999771118164,25.800100326538086,25.989999771118164,24.27726173400879,6393
2023-12-08,25.850000381469727,25.989999771118164,25.821300506591797,25.950000762939453,24.239900588989258,3217
2023-12-11,25.899999618530273,26.0,25.899999618530273,26.0,24.286603927612305,6388
2023-12-12,26.0049991607666,26.100000381469727,26.0049991607666,26.010000228881836,24.29594612121582,5271
2023-12-13,26.100000381469727,26.149900436401367,25.975000381469727,26.060100555419922,24.342742919921875,6000
2023-12-14,26.059999465942383,26.059999465942383,25.81760025024414,25.969999313354492,24.258581161499023,10607
2023-12-15,25.959999084472656,26.049999237060547,25.931499481201172,26.049999237060547,24.333309173583984,1302
2023-12-18,26.149999618530273,26.18000030517578,25.93000030517578,26.139999389648438,24.417377471923828,13416
2023-12-19,26.20400047302246,26.239900588989258,25.96339988708496,25.96339988708496,24.252416610717773,3252
2023-12-20,26.299999237060547,26.299999237060547,25.899999618530273,25.98870086669922,24.276050567626953,12457
2023-12-21,25.989900588989258,26.020299911499023,25.989900588989258,26.020299911499023,24.305566787719727,1269
2023-12-22,25.969999313354492,26.08679962158203,25.760000228881836,25.849899291992188,24.146394729614258,8701
2023-12-26,25.799999237060547,26.042699813842773,25.788700103759766,26.042699813842773,24.32649040222168,14471
2023-12-27,26.030000686645508,26.09000015258789,26.026199340820312,26.09000015258789,24.37067222595215,5342
2023-12-28,26.07080078125,26.190000534057617,26.0,26.030000686645508,24.314626693725586,11638
2023-12-29,26.030000686645508,26.309999465942383,26.030000686645508,26.273099899291992,24.541706085205078,3653
2024-01-02,26.299999237060547,26.469999313354492,26.149999618530273,26.260000228881836,24.529470443725586,10325
2024-01-03,26.467899322509766,26.467899322509766,26.260000228881836,26.329999923706055,24.59485626220703,4274
2024-01-04,26.374000549316406,26.600299835205078,26.374000549316406,26.600299835205078,24.84734344482422,6944
2024-01-05,26.600000381469727,26.75,26.600000381469727,26.75,24.987178802490234,7487
2024-01-08,26.75,26.75,26.53499984741211,26.709999084472656,24.949813842773438,8631
2024-01-09,26.690000534057617,26.850000381469727,26.690000534057617,26.799999237060547,25.033884048461914,6722
2024-01-10,26.750999450683594,26.800100326538086,26.750999450683594,26.800100326538086,25.033979415893555,1326
2024-01-11,26.799999237060547,26.850000381469727,26.799999237060547,26.850000381469727,25.080589294433594,3511
2024-01-12,26.850000381469727,26.850000381469727,26.709999084472656,26.71929931640625,24.9585018157959,7617
2024-01-16,26.709999084472656,26.809600830078125,26.709999084472656,26.760000228881836,24.99652099609375,9109
2024-01-17,26.760000228881836,26.760000228881836,26.520000457763672,26.684999465942383,24.926462173461914,2749
2024-01-18,26.600000381469727,26.774999618530273,26.600000381469727,26.709999084472656,24.949813842773438,3514
2024-01-19,26.69499969482422,26.778799057006836,26.424999237060547,26.719999313354492,24.959156036376953,8133
2024-01-22,26.719999313354492,26.829999923706055,26.719999313354492,26.760099411010742,24.996614456176758,13229
2024-01-23,26.799999237060547,26.799999237060547,26.700000762939453,26.750099182128906,24.987272262573242,3535
2024-01-24,26.760000228881836,26.760000228881836,26.469999313354492,26.75,24.987178802490234,1563
2024-01-25,26.75,26.799999237060547,26.75,26.799999237060547,25.033884048461914,13249
2024-01-26,26.75,26.850000381469727,26.75,26.849899291992188,25.080493927001953,4204
2024-01-29,26.649999618530273,26.790000915527344,26.649999618530273,26.743499755859375,24.981107711791992,3935
2024-01-30,26.649900436401367,26.74139976501465,26.649900436401367,26.704999923706055,24.945144653320312,2498
2024-01-31,26.600000381469727,26.600099563598633,26.100000381469727,26.100099563598633,24.934492111206055,3355
2024-02-01,26.16900062561035,26.16900062561035,26.059999465942383,26.059999465942383,24.896183013916016,8138
2024-02-02,26.08799934387207,26.239999771118164,26.06999969482422,26.239999771118164,25.068143844604492,3062
2024-02-05,26.079999923706055,26.1825008392334,26.059999465942383,26.110000610351562,24.943950653076172,8655
2024-02-06,26.100000381469727,26.459999084472656,26.099899291992188,26.289899826049805,25.115816116333008,2840
2024-02-07,26.299999237060547,26.39699935913086,26.1200008392334,26.170000076293945,25.001270294189453,3503
2024-02-08,26.170000076293945,26.170000076293945,26.079999923706055,26.170000076293945,25.001270294189453,3739
2024-02-09,26.235000610351562,26.34000015258789,26.235000610351562,26.34000015258789,25.163679122924805,738
2024-02-12,26.299999237060547,26.299999237060547,26.010000228881836,26.06209945678711,24.8981876373291,27662
2024-02-13,26.059999465942383,26.209999084472656,26.034299850463867,26.145000457763672,24.977388381958008,2986
2024-02-14,26.030000686645508,26.194599151611328,25.950000762939453,25.969999313354492,24.810203552246094,9031
2024-02-15,25.979999542236328,26.209999084472656,25.979999542236328,26.20989990234375,25.03938865661621,6156
2024-02-16,26.110000610351562,26.5049991607666,26.069000244140625,26.399999618530273,25.220998764038086,9525
2024-02-20,26.209999084472656,26.327999114990234,26.079999923706055,26.155000686645508,24.986942291259766,7759
2024-02-21,26.1200008392334,26.200000762939453,26.075700759887695,26.104999542236328,24.939172744750977,17417
2024-02-22,26.100000381469727,26.110000610351562,26.061599731445312,26.104999542236328,24.939172744750977,3390
2024-02-23,26.149999618530273,26.290000915527344,26.1299991607666,26.149999618530273,24.98216438293457,8539
2024-02-26,26.059999465942383,26.092199325561523,25.979999542236328,26.0,24.838863372802734,14880
2024-02-27,26.03510093688965,26.03510093688965,25.929000854492188,25.93000030517578,24.771989822387695,6202
2024-02-28,26.010000228881836,26.100000381469727,26.0,26.0,24.838863372802734,14164
2024-02-29,26.079999923706055,26.175899505615234,26.040000915527344,26.100000381469727,24.934396743774414,5319
2024-03-01,26.190000534057617,26.238000869750977,26.022499084472656,26.209999084472656,25.03948402404785,4536
2024-03-04,26.270000457763672,26.270000457763672,26.050199508666992,26.050199508666992,24.88681983947754,515
2024-03-05,26.17060089111328,26.200000762939453,26.149999618530273,26.149999618530273,24.98216438293457,6796
2024-03-06,26.270000457763672,26.270000457763672,26.100000381469727,26.139999389648438,24.972610473632812,17857
2024-03-07,26.200199127197266,26.20210075378418,26.149999618530273,26.15999984741211,24.991718292236328,6513
2024-03-08,26.15999984741211,26.15999984741211,26.100000381469727,26.110000610351562,24.943950653076172,15718
2024-03-11,26.15999984741211,26.16900062561035,25.799999237060547,26.059999465942383,24.896183013916016,33226
2024-03-12,25.8700008392334,26.059999465942383,25.8700008392334,26.051599502563477,24.888158798217773,9572
2024-03-13,25.979999542236328,26.06999969482422,25.874900817871094,26.069900512695312,24.905641555786133,4029
2024-03-14,26.045000076293945,26.069900512695312,26.0,26.020000457763672,24.857969284057617,4346
2024-03-15,25.959999084472656,26.340999603271484,25.959999084472656,26.149900436401367,24.98206901550293,9004
2024-03-18,26.139999389648438,26.349700927734375,26.0,26.15999984741211,24.991718292236328,11511
2024-03-19,26.110000610351562,26.25,26.100299835205078,26.149999618530273,24.98216438293457,4009
2024-03-20,26.149999618530273,26.350000381469727,26.149999618530273,26.350000381469727,25.173233032226562,4781
2024-03-21,26.3700008392334,26.3700008392334,26.236099243164062,26.29640007019043,25.122026443481445,2220
2024-03-22,26.274999618530273,26.274999618530273,26.184600830078125,26.189899444580078,25.020282745361328,6529
2024-03-25,26.100000381469727,26.25,26.100000381469727,26.149999618530273,24.98216438293457,18644
2024-03-26,26.149999618530273,26.239999771118164,26.149999618530273,26.149999618530273,24.98216438293457,7084
2024-03-27,26.200000762939453,26.25,26.200000762939453,26.239999771118164,25.068143844604492,4222
2024-03-28,26.25,26.25,26.197200775146484,26.20829963684082,25.037858963012695,922
2024-04-01,26.25,26.25,26.1200008392334,26.149999618530273,24.98216438293457,9021
2024-04-02,26.200000762939453,26.25,26.1200008392334,26.1200008392334,24.953506469726562,8017
2024-04-03,26.25,26.25,26.25,26.25,25.07769775390625,484
2024-04-04,26.244800567626953,26.273099899291992,26.200000762939453,26.229999542236328,25.058591842651367,4871
2024-04-05,26.1200008392334,26.600000381469727,26.1200008392334,26.309999465942383,25.13501739501953,8963
2024-04-08,26.389999389648438,26.389999389648438,26.229999542236328,26.229999542236328,25.058591842651367,3239
2024-04-09,26.149999618530273,26.261699676513672,26.1200008392334,26.219900131225586,25.04894256591797,6988
2024-04-10,26.110000610351562,26.209999084472656,26.100200653076172,26.149999618530273,24.98216438293457,5248
2024-04-11,26.15999984741211,26.34000015258789,26.15999984741211,26.18000030517578,25.01082420349121,3409
2024-04-12,26.219999313354492,26.31999969482422,26.200000762939453,26.31999969482422,25.14457130432129,2801
2024-04-15,26.399999618530273,26.510000228881836,26.325000762939453,26.469999313354492,25.287872314453125,16875
2024-04-16,26.489999771118164,26.489999771118164,26.209999084472656,26.239999771118164,25.068143844604492,20471
2024-04-17,26.56999969482422,26.59000015258789,26.200000762939453,26.200000762939453,25.029932022094727,31036
2024-04-18,26.25,26.313199996948242,26.100000381469727,26.21500015258789,25.044261932373047,21717
2024-04-19,26.34000015258789,26.34000015258789,26.260000228881836,26.260000228881836,25.087251663208008,10176
2024-04-22,26.219999313354492,26.329999923706055,26.15999984741211,26.2549991607666,25.082473754882812,7265
2024-04-23,26.25,26.350000381469727,25.75,26.200000762939453,25.029932022094727,29406
2024-04-24,26.040000915527344,26.22719955444336,26.040000915527344,26.100000381469727,24.934396743774414,23692
2024-04-25,26.06999969482422,26.123300552368164,26.020000457763672,26.030000686645508,24.867523193359375,31460
2024-04-26,26.059999465942383,26.065000534057617,25.940000534057617,25.940000534057617,24.781543731689453,24083
2024-04-29,26.0,26.290000915527344,26.0,26.260099411010742,25.08734703063965,24360
2024-04-30,25.700000762939453,25.700000762939453,25.5,25.67140007019043,25.092283248901367,14977
2024-05-01,25.700000762939453,25.70669937133789,25.658000946044922,25.70669937133789,25.126787185668945,2935
2024-05-02,25.72130012512207,25.860000610351562,25.719999313354492,25.860000610351562,25.276630401611328,6137
2024-05-03,25.83340072631836,25.889999389648438,25.790000915527344,25.829999923706055,25.24730682373047,2011
2024-05-06,25.790000915527344,25.8799991607666,25.75,25.87980079650879,25.295984268188477,7272
2024-05-07,25.8799991607666,25.8799991607666,25.790000915527344,25.850799560546875,25.267637252807617,3202
2024-05-08,25.850000381469727,25.850000381469727,25.746299743652344,25.809999465942383,25.22775650024414,8834
2024-05-09,25.73859977722168,25.889999389648438,25.729999542236328,25.729999542236328,25.149560928344727,3653
2024-05-10,25.549999237060547,25.825000762939453,25.549999237060547,25.699899673461914,25.120140075683594,4396
2024-05-13,25.81999969482422,25.81999969482422,25.579999923706055,25.66990089416504,25.090818405151367,14640
2024-05-14,25.770000457763672,25.856199264526367,25.540000915527344,25.620100021362305,25.04214096069336,5625
2024-05-15,25.770000457763672,25.819900512695312,25.670000076293945,25.690099716186523,25.11056137084961,3723
2024-05-16,25.649999618530273,25.770000457763672,25.649999618530273,25.730100631713867,25.149660110473633,6704
2024-05-17,25.81999969482422,25.81999969482422,25.749000549316406,25.799999237060547,25.217981338500977,4380
2024-05-20,25.709999084472656,25.799999237060547,25.709999084472656,25.799999237060547,25.217981338500977,5577
2024-05-21,25.79990005493164,25.799999237060547,25.760000228881836,25.786800384521484,25.205080032348633,6415
2024-05-22,25.75,25.799999237060547,25.75,25.799999237060547,25.217981338500977,2325
2024-05-23,25.760000228881836,25.819900512695312,25.75,25.790000915527344,25.208209991455078,13075
2024-05-24,25.829999923706055,25.889999389648438,25.829999923706055,25.869300842285156,25.285720825195312,5432
2024-05-28,25.809999465942383,25.92970085144043,25.809900283813477,25.8700008392334,25.28640365600586,4329
2024-05-29,25.81999969482422,25.88990020751953,25.81999969482422,25.849700927734375,25.266563415527344,10964
2024-05-30,25.8700008392334,25.93000030517578,25.86989974975586,25.93000030517578,25.345050811767578,4082
2024-05-31,25.929899215698242,26.006200790405273,25.929899215698242,26.006200790405273,25.419532775878906,5660
2024-06-03,25.9950008392334,26.200000762939453,25.93549919128418,26.200000762939453,25.608959197998047,10742
2024-06-04,26.229999542236328,26.229999542236328,26.030000686645508,26.160999298095703,25.570838928222656,8140
2024-06-05,26.170000076293945,26.283199310302734,26.169200897216797,26.249500274658203,25.6573429107666,19738
2024-06-06,26.290000915527344,26.36989974975586,26.219999313354492,26.290000915527344,25.696929931640625,9311
2024-06-07,26.18000030517578,26.389999389648438,26.18000030517578,26.370100021362305,25.775222778320312,4552
2024-06-10,26.31999969482422,26.405000686645508,26.280000686645508,26.289899826049805,25.69683074951172,24256
2024-06-11,26.28499984741211,26.3700008392334,26.28499984741211,26.3700008392334,25.77512550354004,4243
2024-06-12,26.399999618530273,26.399999618530273,26.320100784301758,26.375600814819336,25.78059959411621,9946
2024-06-13,26.5,26.5,26.395000457763672,26.395000457763672,25.799560546875,754
2024-06-14,26.386899948120117,26.386899948120117,26.329999923706055,26.339500427246094,25.745311737060547,6277
2024-06-17,26.31999969482422,26.400299072265625,26.040000915527344,26.34079933166504,25.74658203125,5426
2024-06-18,26.299999237060547,26.34000015258789,26.299999237060547,26.299999237060547,25.706703186035156,2926
2024-06-20,26.290000915527344,26.380300521850586,26.290000915527344,26.340700149536133,25.746484756469727,1451
2024-06-21,26.336599349975586,26.336599349975586,26.290000915527344,26.297700881958008,25.704456329345703,3923
2024-06-24,26.200000762939453,26.290000915527344,26.100000381469727,26.15049934387207,25.560575485229492,23471
2024-06-25,26.149999618530273,26.27589988708496,26.149999618530273,26.209999084472656,25.618732452392578,3269
2024-06-26,26.06999969482422,26.100000381469727,26.059999465942383,26.09000015258789,25.501440048217773,6886
2024-06-27,26.09000015258789,26.09000015258789,25.799999237060547,26.020000457763672,25.433019638061523,9129
2024-06-28,26.010000228881836,26.06999969482422,26.00029945373535,26.05500030517578,25.46722984313965,6671
2024-07-01,26.09000015258789,26.190000534057617,26.02739906311035,26.190000534057617,25.599185943603516,6562
2024-07-02,26.1299991607666,26.165000915527344,26.1299991607666,26.16189956665039,25.571718215942383,3084
2024-07-03,26.229999542236328,26.280000686645508,26.149999618530273,26.26219940185547,25.669755935668945,4208
2024-07-05,26.260000228881836,26.309999465942383,26.239999771118164,26.309999465942383,25.716476440429688,3249
2024-07-08,26.269699096679688,26.34000015258789,26.15999984741211,26.34000015258789,25.74580192565918,9480
2024-07-09,26.200000762939453,26.329500198364258,26.200000762939453,26.329500198364258,25.735538482666016,2004
2024-07-10,26.31399917602539,26.364500045776367,26.290000915527344,26.364500045776367,25.76974868774414,4040
2024-07-11,26.3700008392334,26.385000228881836,26.34469985961914,26.385000228881836,25.789785385131836,1781
2024-07-12,26.34000015258789,26.399999618530273,26.209999084472656,26.209999084472656,25.618732452392578,7812
2024-07-15,26.209999084472656,26.3700008392334,26.20989990234375,26.360000610351562,25.765350341796875,7985
2024-07-16,26.360000610351562,26.3700008392334,26.309999465942383,26.329999923706055,25.736026763916016,7201
2024-07-17,26.399999618530273,26.479999542236328,26.350000381469727,26.46500015258789,25.86798095703125,6802
2024-07-18,26.489999771118164,26.5,26.44499969482422,26.469999313354492,25.872867584228516,7850
2024-07-19,26.440000534057617,26.469999313354492,26.329999923706055,26.469900131225586,25.872770309448242,7806
2024-07-22,26.329999923706055,26.469999313354492,26.25,26.399999618530273,25.804447174072266,12041
2024-07-23,26.41939926147461,26.45009994506836,26.31999969482422,26.31999969482422,25.72625160217285,19911
2024-07-24,26.399999618530273,26.469999313354492,26.350000381469727,26.395000457763672,25.799560546875,5860
2024-07-25,26.40999984741211,26.440000534057617,26.350000381469727,26.405000686645508,25.809335708618164,5593
2024-07-26,26.459999084472656,26.459999084472656,26.35890007019043,26.35890007019043,25.76427459716797,2405
2024-07-29,26.420000076293945,26.420000076293945,26.299999237060547,26.319499969482422,25.72576332092285,11819
2024-07-30,26.420000076293945,26.440000534057617,26.229999542236328,26.2450008392334,25.652944564819336,24716
2024-07-31,26.34000015258789,26.41990089416504,26.260000228881836,26.320100784301758,25.726350784301758,8704
2024-08-01,25.81999969482422,25.893699645996094,25.790000915527344,25.826099395751953,25.826099395751953,12601
2024-08-02,25.860000610351562,25.899999618530273,25.809999465942383,25.809999465942383,25.809999465942383,15651
2024-08-05,25.8799991607666,25.8799991607666,25.4325008392334,25.649999618530273,25.649999618530273,15075
2024-08-06,25.700000762939453,25.809999465942383,25.649999618530273,25.809999465942383,25.809999465942383,5250
2024-08-07,25.819700241088867,25.860000610351562,25.739999771118164,25.829999923706055,25.829999923706055,15136
2024-08-08,25.799999237060547,25.815000534057617,25.700000762939453,25.800100326538086,25.800100326538086,6431
2024-08-09,25.8700008392334,25.8700008392334,25.81999969482422,25.86989974975586,25.86989974975586,4012
2024-08-12,25.8700008392334,25.8700008392334,25.771099090576172,25.799999237060547,25.799999237060547,5783
2024-08-13,25.8700008392334,25.8700008392334,25.739999771118164,25.780000686645508,25.780000686645508,8801
2024-08-14,25.799999237060547,25.8700008392334,25.719999313354492,25.780099868774414,25.780099868774414,5534
2024-08-15,25.860000610351562,25.860000610351562,25.729999542236328,25.85260009765625,25.85260009765625,6887
2024-08-16,25.770000457763672,25.899999618530273,25.770000457763672,25.877500534057617,25.877500534057617,10658
2024-08-19,25.90999984741211,25.990100860595703,25.906200408935547,25.95009994506836,25.95009994506836,4204
2024-08-20,25.950000762939453,25.960100173950195,25.8700008392334,25.93000030517578,25.93000030517578,5626
2024-08-21,25.8700008392334,25.940000534057617,25.799999237060547,25.890100479125977,25.890100479125977,4951
2024-08-22,25.81999969482422,25.90999984741211,25.799999237060547,25.854999542236328,25.854999542236328,5282
2024-08-23,25.809999465942383,25.93000030517578,25.799999237060547,25.93000030517578,25.93000030517578,4082
