Date,Open,High,Low,Close,Adj Close,Volume
2020-12-10,46.0,52.0,42.0,51.9900016784668,51.9900016784668,6655900
2020-12-11,47.63999938964844,49.75,44.77000045776367,48.29999923706055,48.29999923706055,1192200
2020-12-14,47.20000076293945,47.52000045776367,43.0,43.369998931884766,43.369998931884766,638700
2020-12-15,43.720001220703125,48.439998626708984,41.59000015258789,48.130001068115234,48.130001068115234,588900
2020-12-16,48.130001068115234,54.70000076293945,46.0099983215332,53.5,53.5,1330600
2020-12-17,53.95000076293945,56.88999938964844,52.25,52.90999984741211,52.90999984741211,401800
2020-12-18,52.400001525878906,54.97999954223633,51.45199966430664,54.150001525878906,54.150001525878906,246400
2020-12-21,53.04999923706055,56.040000915527344,52.220001220703125,55.0,55.0,233600
2020-12-22,55.349998474121094,60.34400177001953,55.04999923706055,59.380001068115234,59.380001068115234,303400
2020-12-23,60.060001373291016,60.49100112915039,57.029998779296875,57.439998626708984,57.439998626708984,288700
2020-12-24,56.65999984741211,58.28300094604492,55.0,56.63999938964844,56.63999938964844,104900
2020-12-28,55.61000061035156,55.61000061035156,50.79999923706055,53.099998474121094,53.099998474121094,380400
2020-12-29,52.810001373291016,52.810001373291016,47.27000045776367,48.34000015258789,48.34000015258789,264400
2020-12-30,48.790000915527344,53.06999969482422,48.70000076293945,50.43000030517578,50.43000030517578,161200
2020-12-31,50.130001068115234,55.0,48.540000915527344,52.58000183105469,52.58000183105469,131600
2021-01-04,55.0,59.38999938964844,54.650001525878906,58.91999816894531,58.91999816894531,439100
2021-01-05,58.709999084472656,60.915000915527344,55.310001373291016,60.310001373291016,60.310001373291016,320800
2021-01-06,63.5,70.12999725341797,61.869998931884766,63.220001220703125,63.220001220703125,937900
2021-01-07,64.6500015258789,76.9800033569336,64.5,65.43000030517578,65.43000030517578,747600
2021-01-08,65.08999633789062,67.36000061035156,61.0099983215332,64.45999908447266,64.45999908447266,347700
2021-01-11,63.900001525878906,73.87999725341797,61.099998474121094,73.52999877929688,73.52999877929688,463100
2021-01-12,74.0,77.4000015258789,70.91000366210938,72.29000091552734,72.29000091552734,411500
2021-01-13,72.30000305175781,73.55000305175781,66.69999694824219,68.26000213623047,68.26000213623047,429700
2021-01-14,68.55999755859375,73.0,68.09600067138672,71.01000213623047,71.01000213623047,230600
2021-01-15,71.0,71.5999984741211,67.52999877929688,70.2300033569336,70.2300033569336,343600
2021-01-19,71.37000274658203,76.86000061035156,69.43000030517578,72.48999786376953,72.48999786376953,315900
2021-01-20,72.94000244140625,76.5999984741211,71.12999725341797,72.36000061035156,72.36000061035156,199300
2021-01-21,72.3499984741211,74.79000091552734,67.48999786376953,72.05000305175781,72.05000305175781,299300
2021-01-22,71.8499984741211,73.80999755859375,70.19999694824219,73.0999984741211,73.0999984741211,205400
2021-01-25,73.16000366210938,85.0,70.87000274658203,76.62000274658203,76.62000274658203,412200
2021-01-26,77.12999725341797,78.21499633789062,73.76000213623047,76.05000305175781,76.05000305175781,346000
2021-01-27,73.43000030517578,80.7300033569336,72.0,73.95999908447266,73.95999908447266,303300
2021-01-28,73.86000061035156,74.9000015258789,72.51000213623047,73.62000274658203,73.62000274658203,256100
2021-01-29,73.5,75.87000274658203,71.04000091552734,75.51000213623047,75.51000213623047,220900
2021-02-01,75.37000274658203,79.70999908447266,74.36000061035156,79.56999969482422,79.56999969482422,220300
2021-02-02,79.86000061035156,92.91000366210938,79.86000061035156,84.12000274658203,84.12000274658203,621600
2021-02-03,87.98999786376953,88.12999725341797,82.12999725341797,84.27999877929688,84.27999877929688,287900
2021-02-04,85.0,87.33499908447266,84.4800033569336,85.25,85.25,224700
2021-02-05,86.52999877929688,87.0199966430664,81.86000061035156,83.80000305175781,83.80000305175781,152800
2021-02-08,84.73999786376953,84.73999786376953,80.14099884033203,80.4800033569336,80.4800033569336,332700
2021-02-09,80.5,84.0,78.54000091552734,83.41000366210938,83.41000366210938,276100
2021-02-10,84.81999969482422,86.37999725341797,78.5510025024414,81.43000030517578,81.43000030517578,443200
2021-02-11,80.2699966430664,82.91999816894531,79.01000213623047,80.41999816894531,80.41999816894531,356000
2021-02-12,80.2699966430664,93.4800033569336,79.05999755859375,92.12999725341797,92.12999725341797,788000
2021-02-16,93.0199966430664,94.13999938964844,88.79000091552734,93.19999694824219,93.19999694824219,324000
2021-02-17,94.58000183105469,95.4800033569336,87.58000183105469,88.9800033569336,88.9800033569336,229600
2021-02-18,88.12000274658203,89.58999633789062,84.55999755859375,85.13999938964844,85.13999938964844,164900
2021-02-19,86.05999755859375,92.61000061035156,86.05999755859375,92.20999908447266,92.20999908447266,163400
2021-02-22,90.79000091552734,92.94999694824219,86.1500015258789,86.4800033569336,86.4800033569336,171800
2021-02-23,82.69000244140625,82.69000244140625,73.30000305175781,76.62000274658203,76.62000274658203,407400
2021-02-24,78.91000366210938,79.94000244140625,72.06999969482422,72.75,72.75,244900
2021-02-25,73.0,74.11000061035156,66.52999877929688,67.83000183105469,67.83000183105469,370400
2021-02-26,67.44999694824219,68.47899627685547,62.38999938964844,63.47999954223633,63.47999954223633,605500
2021-03-01,66.18000030517578,71.69999694824219,65.93800354003906,71.4800033569336,71.4800033569336,945900
2021-03-02,72.0,73.22000122070312,66.95999908447266,68.06999969482422,68.06999969482422,242300
2021-03-03,67.83000183105469,68.69000244140625,62.84000015258789,62.84000015258789,62.84000015258789,193700
2021-03-04,61.15999984741211,62.349998474121094,49.8650016784668,51.16999816894531,51.16999816894531,866400
2021-03-05,52.0,53.77000045776367,44.15999984741211,48.75,48.75,794700
2021-03-08,50.369998931884766,52.23500061035156,47.380001068115234,47.41999816894531,47.41999816894531,802500
2021-03-09,49.79999923706055,54.79999923706055,49.459999084472656,52.900001525878906,52.900001525878906,758900
2021-03-10,53.29999923706055,57.45000076293945,52.970001220703125,56.130001068115234,56.130001068115234,394500
2021-03-11,57.5,61.48899841308594,55.650001525878906,58.41999816894531,58.41999816894531,367700
2021-03-12,57.2400016784668,61.130001068115234,56.029998779296875,60.810001373291016,60.810001373291016,293600
2021-03-15,60.810001373291016,66.51499938964844,60.529998779296875,64.05000305175781,64.05000305175781,337300
2021-03-16,63.970001220703125,69.44000244140625,62.779998779296875,66.61000061035156,66.61000061035156,600300
2021-03-17,64.1500015258789,65.02899932861328,57.22999954223633,62.880001068115234,62.880001068115234,732800
2021-03-18,61.4900016784668,62.369998931884766,60.150001525878906,60.9900016784668,60.9900016784668,337200
2021-03-19,62.56999969482422,65.9800033569336,60.0,63.29999923706055,63.29999923706055,1970900
2021-03-22,63.83000183105469,70.26499938964844,62.13999938964844,69.4800033569336,69.4800033569336,684400
2021-03-23,68.86000061035156,71.52999877929688,65.63999938964844,68.2699966430664,68.2699966430664,562600
2021-03-24,68.44000244140625,69.76000213623047,65.06999969482422,66.13999938964844,66.13999938964844,310800
2021-03-25,65.0,67.0,61.83000183105469,62.63999938964844,62.63999938964844,554800
2021-03-26,64.27999877929688,66.6500015258789,56.724998474121094,58.119998931884766,58.119998931884766,385500
2021-03-29,58.560001373291016,59.72999954223633,51.52000045776367,51.900001525878906,51.900001525878906,495100
2021-03-30,54.0,54.400001525878906,50.119998931884766,53.130001068115234,53.130001068115234,378700
2021-03-31,57.619998931884766,60.900001525878906,52.22999954223633,60.31999969482422,60.31999969482422,1006200
2021-04-01,61.42900085449219,63.36000061035156,56.61000061035156,57.4900016784668,57.4900016784668,649000
2021-04-05,58.0,58.9900016784668,54.0,57.84000015258789,57.84000015258789,442900
2021-04-06,58.0,60.2400016784668,55.72999954223633,56.0,56.0,357600
2021-04-07,56.0,56.54999923706055,53.0,54.22999954223633,54.22999954223633,314800
2021-04-08,55.31999969482422,60.310001373291016,54.02000045776367,57.54999923706055,57.54999923706055,365800
2021-04-09,57.779998779296875,61.2599983215332,57.266998291015625,60.709999084472656,60.709999084472656,587100
2021-04-12,61.79999923706055,61.9900016784668,56.90999984741211,59.790000915527344,59.790000915527344,390900
2021-04-13,59.93000030517578,61.2599983215332,58.20100021362305,59.029998779296875,59.029998779296875,222300
2021-04-14,60.0,60.470001220703125,57.130001068115234,57.47999954223633,57.47999954223633,277700
2021-04-15,58.630001068115234,59.255001068115234,56.345001220703125,57.41999816894531,57.41999816894531,287600
2021-04-16,57.689998626708984,61.13999938964844,55.529998779296875,60.09000015258789,60.09000015258789,560800
2021-04-19,58.31999969482422,60.81999969482422,58.04999923706055,60.27000045776367,60.27000045776367,346900
2021-04-20,59.5,61.400001525878906,56.79999923706055,59.540000915527344,59.540000915527344,639100
2021-04-21,58.88999938964844,64.80999755859375,58.220001220703125,64.12000274658203,64.12000274658203,331600
2021-04-22,63.880001068115234,67.41999816894531,63.48699951171875,64.80000305175781,64.80000305175781,316400
2021-04-23,64.69000244140625,66.41999816894531,61.07500076293945,61.630001068115234,61.630001068115234,226500
2021-04-26,61.11000061035156,62.779998779296875,60.5099983215332,61.959999084472656,61.959999084472656,235500
2021-04-27,56.5,56.60499954223633,52.43000030517578,54.849998474121094,54.849998474121094,1929600
2021-04-28,54.40999984741211,61.2599983215332,54.2599983215332,60.09000015258789,60.09000015258789,1265800
2021-04-29,63.79999923706055,67.14800262451172,63.25,65.55000305175781,65.55000305175781,4604900
2021-04-30,64.75,68.48999786376953,63.314998626708984,65.69999694824219,65.69999694824219,1552800
2021-05-03,65.54000091552734,66.08000183105469,64.2699966430664,65.38999938964844,65.38999938964844,562500
2021-05-04,64.63999938964844,65.75,63.18000030517578,64.91999816894531,64.91999816894531,681100
2021-05-05,66.0,70.95999908447266,62.18000030517578,63.779998779296875,63.779998779296875,1196100
2021-05-06,63.939998626708984,65.9000015258789,63.81999969482422,64.93000030517578,64.93000030517578,702500
2021-05-07,65.91000366210938,67.30000305175781,62.81999969482422,64.19999694824219,64.19999694824219,270500
2021-05-10,64.01000213623047,64.18000030517578,60.65999984741211,62.0099983215332,62.0099983215332,528700
2021-05-11,59.33000183105469,61.40999984741211,58.79999923706055,60.2400016784668,60.2400016784668,486300
2021-05-12,59.0099983215332,60.415000915527344,56.900001525878906,58.040000915527344,58.040000915527344,379300
2021-05-13,59.849998474121094,60.22999954223633,54.779998779296875,55.119998931884766,55.119998931884766,786100
2021-05-14,57.5,58.7400016784668,54.18000030517578,55.93000030517578,55.93000030517578,722900
2021-05-17,55.34000015258789,58.25,55.33000183105469,57.369998931884766,57.369998931884766,727100
2021-05-18,58.220001220703125,60.7400016784668,57.41999816894531,57.880001068115234,57.880001068115234,770500
2021-05-19,57.02000045776367,57.70000076293945,55.16999816894531,56.95000076293945,56.95000076293945,465000
2021-05-20,57.20000076293945,57.72999954223633,55.68299865722656,56.720001220703125,56.720001220703125,584300
2021-05-21,57.09000015258789,58.709999084472656,54.810001373291016,54.900001525878906,54.900001525878906,460500
2021-05-24,55.130001068115234,55.2400016784668,52.941001892089844,53.720001220703125,53.720001220703125,493000
2021-05-25,55.41999816894531,59.2400016784668,55.04999923706055,58.650001525878906,58.650001525878906,682800
2021-05-26,58.150001525878906,61.25,57.36000061035156,59.7400016784668,59.7400016784668,637800
2021-05-27,59.439998626708984,60.52000045776367,57.68000030517578,60.119998931884766,60.119998931884766,565600
2021-05-28,60.150001525878906,62.43000030517578,58.52000045776367,62.290000915527344,62.290000915527344,737000
2021-06-01,62.75,63.48500061035156,57.5099983215332,57.75,57.75,492300
2021-06-02,58.20000076293945,62.0,57.290000915527344,60.790000915527344,60.790000915527344,901100
2021-06-03,60.29999923706055,61.5,58.34000015258789,58.61000061035156,58.61000061035156,410000
2021-06-04,59.060001373291016,59.97999954223633,56.16999816894531,56.7599983215332,56.7599983215332,705100
2021-06-07,56.7599983215332,61.310001373291016,56.220001220703125,59.939998626708984,59.939998626708984,696700
2021-06-08,59.0,60.20000076293945,56.369998931884766,59.459999084472656,59.459999084472656,1135600
2021-06-09,59.41999816894531,60.36000061035156,56.349998474121094,56.56999969482422,56.56999969482422,1147600
2021-06-10,55.93000030517578,57.185001373291016,53.5,53.779998779296875,53.779998779296875,1504300
2021-06-11,53.36000061035156,55.9900016784668,53.36000061035156,55.290000915527344,55.290000915527344,829500
2021-06-14,53.5,56.54999923706055,53.06999969482422,56.099998474121094,56.099998474121094,917800
2021-06-15,56.41999816894531,57.61000061035156,55.04999923706055,55.5099983215332,55.5099983215332,542600
2021-06-16,55.29999923706055,57.25,55.290000915527344,57.02000045776367,57.02000045776367,819300
2021-06-17,56.13999938964844,56.849998474121094,54.0,54.43000030517578,54.43000030517578,1055300
2021-06-18,56.0,57.68600082397461,55.79999923706055,56.5,56.5,1055600
2021-06-21,57.290000915527344,57.290000915527344,54.652000427246094,56.18000030517578,56.18000030517578,567300
2021-06-22,56.099998474121094,56.79999923706055,54.380001068115234,55.52000045776367,55.52000045776367,564200
2021-06-23,55.2599983215332,56.29999923706055,54.400001525878906,55.0,55.0,393100
2021-06-24,56.0,57.29999923706055,55.20000076293945,56.90999984741211,56.90999984741211,629500
2021-06-25,57.33000183105469,57.70000076293945,55.869998931884766,56.959999084472656,56.959999084472656,1038400
2021-06-28,57.16999816894531,60.0,56.8390007019043,59.560001373291016,59.560001373291016,802400
2021-06-29,59.400001525878906,60.70000076293945,57.540000915527344,59.0,59.0,663300
2021-06-30,58.88999938964844,59.96500015258789,58.15999984741211,59.11000061035156,59.11000061035156,369800
2021-07-01,59.77000045776367,59.77000045776367,56.51499938964844,56.56999969482422,56.56999969482422,472500
2021-07-02,57.150001525878906,57.619998931884766,55.2400016784668,56.619998931884766,56.619998931884766,349500
2021-07-06,56.88999938964844,58.900001525878906,56.68000030517578,58.439998626708984,58.439998626708984,632300
2021-07-07,58.4900016784668,58.7400016784668,56.83000183105469,57.630001068115234,57.630001068115234,377900
2021-07-08,56.52000045776367,57.400001525878906,55.25,57.15999984741211,57.15999984741211,465500
2021-07-09,57.75,57.959999084472656,56.54999923706055,57.7400016784668,57.7400016784668,271900
2021-07-12,56.959999084472656,58.08000183105469,56.0,57.7599983215332,57.7599983215332,417100
2021-07-13,57.31999969482422,59.0,55.04999923706055,55.11000061035156,55.11000061035156,767500
2021-07-14,55.11000061035156,55.34000015258789,51.5099983215332,51.83000183105469,51.83000183105469,1037100
2021-07-15,50.779998779296875,53.0,48.790000915527344,49.470001220703125,49.470001220703125,765200
2021-07-16,49.650001525878906,50.0,47.7599983215332,48.11000061035156,48.11000061035156,528500
2021-07-19,47.5,48.52000045776367,46.20000076293945,47.58000183105469,47.58000183105469,604300
2021-07-20,47.93000030517578,48.4900016784668,47.06999969482422,48.040000915527344,48.040000915527344,394100
2021-07-21,48.54999923706055,50.61000061035156,48.54999923706055,50.22999954223633,50.22999954223633,386800
2021-07-22,50.11000061035156,50.619998931884766,47.25,48.540000915527344,48.540000915527344,606700
2021-07-23,48.02000045776367,49.470001220703125,48.0,49.060001373291016,49.060001373291016,286800
2021-07-26,49.09000015258789,50.369998931884766,48.70399856567383,49.459999084472656,49.459999084472656,238800
2021-07-27,49.0,49.5620002746582,47.5099983215332,48.939998626708984,48.939998626708984,388100
2021-07-28,49.25,50.61000061035156,48.95000076293945,50.369998931884766,50.369998931884766,328900
2021-07-29,50.40999984741211,50.47999954223633,48.97999954223633,49.11000061035156,49.11000061035156,172700
2021-07-30,48.86000061035156,49.939998626708984,48.650001525878906,49.34000015258789,49.34000015258789,186500
2021-08-02,49.70000076293945,49.95000076293945,48.02000045776367,49.439998626708984,49.439998626708984,413700
2021-08-03,49.66999816894531,50.599998474121094,48.43000030517578,49.02000045776367,49.02000045776367,262300
2021-08-04,49.83000183105469,49.83000183105469,47.95000076293945,48.2599983215332,48.2599983215332,471100
2021-08-05,48.41999816894531,51.630001068115234,48.2599983215332,51.290000915527344,51.290000915527344,376100
2021-08-06,51.59000015258789,51.70000076293945,49.93000030517578,49.97999954223633,49.97999954223633,232900
2021-08-09,49.93000030517578,52.15999984741211,49.279998779296875,51.220001220703125,51.220001220703125,290400
2021-08-10,51.81999969482422,52.93000030517578,50.84000015258789,51.720001220703125,51.720001220703125,485700
2021-08-11,52.22999954223633,52.22999954223633,49.599998474121094,49.97999954223633,49.97999954223633,441300
2021-08-12,50.0099983215332,50.7599983215332,46.29999923706055,47.11000061035156,47.11000061035156,1297100
2021-08-13,50.11000061035156,50.29999923706055,46.13999938964844,47.189998626708984,47.189998626708984,1649400
2021-08-16,46.939998626708984,46.939998626708984,40.790000915527344,41.58000183105469,41.58000183105469,1638700
2021-08-17,41.060001373291016,42.849998474121094,40.380001068115234,41.68000030517578,41.68000030517578,796500
2021-08-18,41.68000030517578,43.459999084472656,40.869998931884766,43.27000045776367,43.27000045776367,621500
2021-08-19,41.48099899291992,42.75,41.07600021362305,41.849998474121094,41.849998474121094,636100
2021-08-20,41.7400016784668,43.040000915527344,41.560001373291016,42.970001220703125,42.970001220703125,580700
2021-08-23,43.5,46.290000915527344,43.005001068115234,46.13999938964844,46.13999938964844,612300
2021-08-24,46.79999923706055,48.900001525878906,46.43000030517578,48.310001373291016,48.310001373291016,524700
2021-08-25,48.08000183105469,49.599998474121094,47.974998474121094,48.310001373291016,48.310001373291016,402900
2021-08-26,48.0,49.2400016784668,47.349998474121094,48.15999984741211,48.15999984741211,518200
2021-08-27,48.11000061035156,49.849998474121094,48.06999969482422,49.20000076293945,49.20000076293945,274100
2021-08-30,49.56999969482422,50.5,48.70000076293945,48.79999923706055,48.79999923706055,387400
2021-08-31,48.77000045776367,51.0,48.68000030517578,50.560001373291016,50.560001373291016,567600
2021-09-01,50.59000015258789,51.93000030517578,50.0099983215332,50.709999084472656,50.709999084472656,447200
2021-09-02,50.900001525878906,53.459999084472656,50.59000015258789,53.08000183105469,53.08000183105469,578200
2021-09-03,52.97999954223633,55.09000015258789,52.0099983215332,54.849998474121094,54.849998474121094,731100
2021-09-07,54.20000076293945,56.310001373291016,54.20000076293945,54.54999923706055,54.54999923706055,632600
2021-09-08,54.650001525878906,55.16999816894531,52.119998931884766,52.43000030517578,52.43000030517578,686500
2021-09-09,52.060001373291016,54.36000061035156,51.900001525878906,52.65999984741211,52.65999984741211,480900
2021-09-10,53.31999969482422,53.84000015258789,52.349998474121094,52.810001373291016,52.810001373291016,394200
2021-09-13,52.81999969482422,52.81999969482422,49.38999938964844,49.43000030517578,49.43000030517578,1108200
2021-09-14,48.7400016784668,48.90999984741211,43.040000915527344,45.66999816894531,45.66999816894531,2155200
2021-09-15,45.86000061035156,46.72999954223633,44.349998474121094,45.189998626708984,45.189998626708984,1060300
2021-09-16,45.68000030517578,46.849998474121094,44.45000076293945,46.36000061035156,46.36000061035156,1202400
2021-09-17,46.29999923706055,47.775001525878906,45.59000015258789,45.59000015258789,45.59000015258789,5534400
2021-09-20,44.459999084472656,44.459999084472656,41.70000076293945,42.54999923706055,42.54999923706055,1227200
2021-09-21,42.77000045776367,43.439998626708984,41.220001220703125,41.220001220703125,41.220001220703125,886100
2021-09-22,41.65999984741211,42.81999969482422,41.43000030517578,41.7599983215332,41.7599983215332,585200
2021-09-23,42.22999954223633,42.22999954223633,40.61000061035156,41.29999923706055,41.29999923706055,1035000
2021-09-24,40.790000915527344,40.91999816894531,37.308998107910156,37.970001220703125,37.970001220703125,1787500
2021-09-27,37.849998474121094,40.18000030517578,37.540000915527344,40.040000915527344,40.040000915527344,627900
2021-09-28,38.93000030517578,40.310001373291016,38.41999816894531,38.58000183105469,38.58000183105469,553900
2021-09-29,38.599998474121094,39.119998931884766,37.900001525878906,38.349998474121094,38.349998474121094,470700
2021-09-30,38.40999984741211,38.689998626708984,37.2400016784668,37.849998474121094,37.849998474121094,449300
2021-10-01,38.0,38.459999084472656,37.33000183105469,37.81999969482422,37.81999969482422,389700
2021-10-04,37.599998474121094,37.599998474121094,35.849998474121094,36.099998474121094,36.099998474121094,417300
2021-10-05,36.18000030517578,37.75,35.65999984741211,37.54999923706055,37.54999923706055,605100
2021-10-06,36.9900016784668,39.150001525878906,36.619998931884766,38.790000915527344,38.790000915527344,721300
2021-10-07,39.0,39.349998474121094,38.40999984741211,38.9900016784668,38.9900016784668,649000
2021-10-08,38.779998779296875,39.68000030517578,38.41999816894531,38.5,38.5,351500
2021-10-11,38.720001220703125,39.279998779296875,37.02000045776367,37.040000915527344,37.040000915527344,363000
2021-10-12,37.099998474121094,38.650001525878906,37.02000045776367,38.380001068115234,38.380001068115234,365100
2021-10-13,38.54999923706055,38.84000015258789,35.220001220703125,35.36000061035156,35.36000061035156,808500
2021-10-14,35.59000015258789,36.84000015258789,35.2599983215332,35.97999954223633,35.97999954223633,480100
2021-10-15,36.79999923706055,36.79999923706055,35.54999923706055,35.630001068115234,35.630001068115234,288400
2021-10-18,35.630001068115234,35.970001220703125,34.02000045776367,34.29999923706055,34.29999923706055,716000
2021-10-19,34.61000061035156,36.54999923706055,34.2599983215332,36.41999816894531,36.41999816894531,679900
2021-10-20,36.529998779296875,36.81999969482422,35.66999816894531,35.959999084472656,35.959999084472656,189000
2021-10-21,35.72999954223633,36.4900016784668,35.06999969482422,36.13999938964844,36.13999938964844,253100
2021-10-22,35.75,36.09000015258789,34.75,34.88999938964844,34.88999938964844,213400
2021-10-25,34.93000030517578,35.310001373291016,34.369998931884766,35.2400016784668,35.2400016784668,285200
2021-10-26,35.189998626708984,37.84000015258789,34.880001068115234,34.95000076293945,34.95000076293945,1007800
2021-10-27,34.5,35.17499923706055,32.02000045776367,32.040000915527344,32.040000915527344,823800
2021-10-28,32.06999969482422,34.220001220703125,31.299999237060547,34.0,34.0,1222600
2021-10-29,34.15999984741211,34.220001220703125,32.880001068115234,32.970001220703125,32.970001220703125,510800
2021-11-01,33.2599983215332,34.95000076293945,33.15999984741211,34.18000030517578,34.18000030517578,1051100
2021-11-02,34.130001068115234,34.32099914550781,32.75,33.65999984741211,33.65999984741211,430100
2021-11-03,33.58000183105469,37.935001373291016,33.29999923706055,37.45000076293945,37.45000076293945,896600
2021-11-04,37.459999084472656,37.9900016784668,36.34000015258789,37.5099983215332,37.5099983215332,456300
2021-11-05,37.709999084472656,37.900001525878906,36.41999816894531,37.52000045776367,37.52000045776367,349300
2021-11-08,38.0,40.18000030517578,37.93000030517578,39.66999816894531,39.66999816894531,707500
2021-11-09,39.439998626708984,40.959999084472656,39.10300064086914,40.15999984741211,40.15999984741211,673400
2021-11-10,39.45000076293945,40.5,38.70100021362305,38.880001068115234,38.880001068115234,573400
2021-11-11,38.689998626708984,41.70000076293945,38.02000045776367,40.720001220703125,40.720001220703125,602600
2021-11-12,38.15999984741211,43.7400016784668,38.15999984741211,43.65999984741211,43.65999984741211,930900
2021-11-15,43.7599983215332,45.0099983215332,42.83000183105469,43.38999938964844,43.38999938964844,626800
2021-11-16,43.08000183105469,43.18000030517578,40.25,43.06999969482422,43.06999969482422,539300
2021-11-17,42.77000045776367,43.06999969482422,40.40999984741211,41.2400016784668,41.2400016784668,347500
2021-11-18,41.27000045776367,41.4900016784668,37.474998474121094,38.650001525878906,38.650001525878906,767100
2021-11-19,38.290000915527344,40.560001373291016,38.28499984741211,38.9900016784668,38.9900016784668,292600
2021-11-22,39.560001373291016,39.900001525878906,35.66999816894531,36.63999938964844,36.63999938964844,612200
2021-11-23,36.560001373291016,36.95000076293945,34.58000183105469,36.290000915527344,36.290000915527344,492000
2021-11-24,36.02000045776367,37.018001556396484,35.73500061035156,36.459999084472656,36.459999084472656,273500
2021-11-26,35.369998931884766,37.040000915527344,34.61000061035156,35.970001220703125,35.970001220703125,298400
2021-11-29,36.439998626708984,36.439998626708984,33.821998596191406,34.88999938964844,34.88999938964844,447600
2021-11-30,34.59000015258789,34.849998474121094,32.029998779296875,33.0,33.0,824300
2021-12-01,33.75,33.75,29.139999389648438,29.219999313354492,29.219999313354492,1218800
2021-12-02,29.40999984741211,30.3799991607666,28.639999389648438,29.299999237060547,29.299999237060547,647000
2021-12-03,29.260000228881836,29.450000762939453,27.200000762939453,29.149999618530273,29.149999618530273,971100
2021-12-06,29.0,30.459999084472656,27.530000686645508,29.0,29.0,687700
2021-12-07,29.0,30.5,29.0,29.450000762939453,29.450000762939453,494700
2021-12-08,29.719999313354492,31.020000457763672,28.610000610351562,30.239999771118164,30.239999771118164,416400
2021-12-09,30.040000915527344,30.309999465942383,28.829999923706055,28.899999618530273,28.899999618530273,319200
2021-12-10,29.200000762939453,29.34000015258789,27.190000534057617,27.899999618530273,27.899999618530273,411500
2021-12-13,27.81999969482422,28.479999542236328,26.469999313354492,27.049999237060547,27.049999237060547,564900
2021-12-14,26.31999969482422,27.0,25.3799991607666,25.520000457763672,25.520000457763672,464000
2021-12-15,25.709999084472656,26.3799991607666,24.354999542236328,26.040000915527344,26.040000915527344,483000
2021-12-16,26.469999313354492,27.459999084472656,25.010000228881836,25.3799991607666,25.3799991607666,425300
2021-12-17,25.40999984741211,27.290000915527344,24.600000381469727,26.950000762939453,26.950000762939453,769800
2021-12-20,26.18000030517578,26.43000030517578,24.729999542236328,25.510000228881836,25.510000228881836,445700
2021-12-21,25.81999969482422,27.795000076293945,25.81999969482422,27.290000915527344,27.290000915527344,539000
2021-12-22,27.020000457763672,27.479999542236328,26.174999237060547,27.43000030517578,27.43000030517578,259900
2021-12-23,27.700000762939453,28.84000015258789,27.510000228881836,28.31999969482422,28.31999969482422,285000
2021-12-27,28.31999969482422,29.25,27.579999923706055,27.8700008392334,27.8700008392334,215800
2021-12-28,27.860000610351562,28.393999099731445,27.31999969482422,27.690000534057617,27.690000534057617,294100
2021-12-29,27.559999465942383,28.200000762939453,26.81999969482422,27.270000457763672,27.270000457763672,314600
2021-12-30,27.209999084472656,29.799999237060547,27.209999084472656,28.559999465942383,28.559999465942383,378900
2021-12-31,28.389999389648438,29.530000686645508,28.200000762939453,28.290000915527344,28.290000915527344,283700
2022-01-03,28.549999237060547,29.139999389648438,27.540000915527344,28.469999313354492,28.469999313354492,343300
2022-01-04,28.440000534057617,28.549999237060547,24.209999084472656,24.81999969482422,24.81999969482422,726300
2022-01-05,24.649999618530273,25.530000686645508,22.1200008392334,22.709999084472656,22.709999084472656,2417100
2022-01-06,22.81999969482422,23.424999237060547,22.0,22.6200008392334,22.6200008392334,765900
2022-01-07,23.25,24.540000915527344,22.40999984741211,23.56999969482422,23.56999969482422,1223800
2022-01-10,23.1299991607666,24.299999237060547,22.43000030517578,24.170000076293945,24.170000076293945,920100
2022-01-11,24.170000076293945,25.594999313354492,23.90999984741211,25.399999618530273,25.399999618530273,635200
2022-01-12,25.719999313354492,26.059999465942383,23.610000610351562,23.670000076293945,23.670000076293945,533100
2022-01-13,23.969999313354492,24.34000015258789,23.229999542236328,23.3700008392334,23.3700008392334,427600
2022-01-14,23.389999389648438,23.610000610351562,22.110000610351562,22.920000076293945,22.920000076293945,477600
2022-01-18,22.690000534057617,22.700000762939453,21.600000381469727,21.6299991607666,21.6299991607666,477400
2022-01-19,22.18000030517578,22.350000381469727,20.799999237060547,21.110000610351562,21.110000610351562,469300
2022-01-20,21.469999313354492,22.1200008392334,20.25,20.43000030517578,20.43000030517578,638900
2022-01-21,20.0,20.25,18.959999084472656,18.959999084472656,18.959999084472656,721700
2022-01-24,18.260000228881836,19.969999313354492,17.559999465942383,19.829999923706055,19.829999923706055,713100
2022-01-25,19.020000457763672,19.790000915527344,18.530000686645508,19.489999771118164,19.489999771118164,638900
2022-01-26,19.850000381469727,19.920000076293945,18.0,18.299999237060547,18.299999237060547,661500
2022-01-27,18.5,18.729999542236328,17.049999237060547,17.3700008392334,17.3700008392334,604200
2022-01-28,17.260000228881836,17.850000381469727,16.739999771118164,17.809999465942383,17.809999465942383,549600
2022-01-31,17.84000015258789,19.649999618530273,17.719999313354492,19.610000610351562,19.610000610351562,448200
2022-02-01,19.790000915527344,20.709999084472656,19.0,20.639999389648438,20.639999389648438,598400
2022-02-02,20.940000534057617,20.940000534057617,18.719999313354492,19.34000015258789,19.34000015258789,756000
2022-02-03,18.770000457763672,19.15999984741211,17.454999923706055,17.649999618530273,17.649999618530273,377500
2022-02-04,17.739999771118164,18.450000762939453,17.309999465942383,18.010000228881836,18.010000228881836,401000
2022-02-07,18.040000915527344,19.579999923706055,18.040000915527344,18.860000610351562,18.860000610351562,450000
2022-02-08,18.68000030517578,19.469999313354492,18.479999542236328,19.420000076293945,19.420000076293945,482600
2022-02-09,19.809999465942383,20.420000076293945,19.479999542236328,19.770000457763672,19.770000457763672,415700
2022-02-10,19.219999313354492,20.920000076293945,19.040000915527344,19.420000076293945,19.420000076293945,474400
2022-02-11,19.700000762939453,20.040000915527344,18.790000915527344,19.389999389648438,19.389999389648438,778400
2022-02-14,19.774999618530273,19.795000076293945,18.6299991607666,19.350000381469727,19.350000381469727,446100
2022-02-15,19.799999237060547,21.25,19.799999237060547,20.690000534057617,20.690000534057617,310200
2022-02-16,20.25,21.020000457763672,20.030000686645508,20.770000457763672,20.770000457763672,327400
2022-02-17,20.579999923706055,20.600000381469727,19.100000381469727,19.459999084472656,19.459999084472656,400600
2022-02-18,19.270000457763672,20.0,18.149999618530273,18.479999542236328,18.479999542236328,539400
2022-02-22,18.399999618530273,19.3700008392334,18.25,18.670000076293945,18.670000076293945,391200
2022-02-23,18.920000076293945,19.399999618530273,18.040000915527344,18.139999389648438,18.139999389648438,377500
2022-02-24,17.170000076293945,19.899999618530273,17.020000457763672,19.81999969482422,19.81999969482422,544200
2022-02-25,19.950000762939453,20.15999984741211,18.989999771118164,20.040000915527344,20.040000915527344,410400
2022-02-28,19.65999984741211,21.1299991607666,19.65999984741211,20.25,20.25,695400
2022-03-01,20.020000457763672,20.3799991607666,18.709999084472656,18.8700008392334,18.8700008392334,499100
2022-03-02,18.719999313354492,18.899999618530273,16.559999465942383,17.239999771118164,17.239999771118164,1203700
2022-03-03,17.260000228881836,17.625,15.039999961853027,15.15999984741211,15.15999984741211,966400
2022-03-04,15.039999961853027,15.399999618530273,14.260000228881836,14.470000267028809,14.470000267028809,874600
2022-03-07,14.510000228881836,14.75,12.989999771118164,13.020000457763672,13.020000457763672,1162700
2022-03-08,13.149999618530273,14.279999732971191,12.75,13.979999542236328,13.979999542236328,740700
2022-03-09,14.40999984741211,14.73799991607666,14.020000457763672,14.300000190734863,14.300000190734863,397300
2022-03-10,13.819999694824219,13.82699966430664,13.050000190734863,13.600000381469727,13.600000381469727,370700
2022-03-11,13.930000305175781,14.460000038146973,13.119999885559082,13.130000114440918,13.130000114440918,492700
2022-03-14,13.289999961853027,13.289999961853027,12.510000228881836,12.75,12.75,623700
2022-03-15,13.390000343322754,14.130000114440918,12.680000305175781,14.0,14.0,990100
2022-03-16,14.279999732971191,15.109999656677246,13.90999984741211,14.869999885559082,14.869999885559082,622500
2022-03-17,14.670000076293945,15.850000381469727,14.529999732971191,15.84000015258789,15.84000015258789,577700
2022-03-18,15.699999809265137,17.059999465942383,15.520999908447266,17.020000457763672,17.020000457763672,865600
2022-03-21,16.979999542236328,17.139999389648438,15.609999656677246,15.770000457763672,15.770000457763672,470600
2022-03-22,15.890000343322754,16.75,15.869999885559082,16.389999389648438,16.389999389648438,334300
2022-03-23,16.329999923706055,16.6299991607666,15.720000267028809,15.739999771118164,15.739999771118164,324100
2022-03-24,16.06999969482422,16.670000076293945,15.289999961853027,16.510000228881836,16.510000228881836,603700
2022-03-25,16.93000030517578,17.0,15.949999809265137,16.270000457763672,16.270000457763672,634400
2022-03-28,16.280000686645508,16.485000610351562,15.010000228881836,15.520000457763672,15.520000457763672,521900
2022-03-29,15.8100004196167,17.450000762939453,15.8100004196167,16.809999465942383,16.809999465942383,515000
2022-03-30,16.579999923706055,16.8700008392334,16.030000686645508,16.170000076293945,16.170000076293945,284000
2022-03-31,16.239999771118164,16.239999771118164,15.109999656677246,15.149999618530273,15.149999618530273,568900
2022-04-01,15.369999885559082,15.979999542236328,15.0649995803833,15.15999984741211,15.15999984741211,434100
2022-04-04,15.170000076293945,15.760000228881836,14.90999984741211,15.6899995803833,15.6899995803833,353900
2022-04-05,15.760000228881836,15.835000038146973,14.4399995803833,14.550000190734863,14.550000190734863,315200
2022-04-06,14.239999771118164,14.29699993133545,13.529999732971191,13.819999694824219,13.819999694824219,376500
2022-04-07,13.819999694824219,13.979999542236328,13.170000076293945,13.579999923706055,13.579999923706055,204800
2022-04-08,13.489999771118164,13.579999923706055,13.050000190734863,13.119999885559082,13.119999885559082,325900
2022-04-11,12.930000305175781,13.34000015258789,12.760000228881836,13.069999694824219,13.069999694824219,402200
2022-04-12,13.380000114440918,13.710000038146973,12.6899995803833,12.859999656677246,12.859999656677246,377500
2022-04-13,12.920000076293945,13.270000457763672,12.649999618530273,12.949999809265137,12.949999809265137,344600
2022-04-14,13.039999961853027,13.039999961853027,12.25,12.3100004196167,12.3100004196167,423200
2022-04-18,12.380000114440918,12.550000190734863,11.770000457763672,11.829999923706055,11.829999923706055,409500
2022-04-19,11.729999542236328,12.704999923706055,11.699999809265137,12.149999618530273,12.149999618530273,409300
2022-04-20,12.289999961853027,12.289999961853027,11.649999618530273,11.680000305175781,11.680000305175781,258300
2022-04-21,11.960000038146973,12.1899995803833,10.944999694824219,11.199999809265137,11.199999809265137,393500
2022-04-22,11.100000381469727,11.444999694824219,10.720000267028809,10.789999961853027,10.789999961853027,380600
2022-04-25,10.649999618530273,11.029999732971191,10.329999923706055,11.020000457763672,11.020000457763672,497900
2022-04-26,10.920000076293945,10.970000267028809,10.079999923706055,10.100000381469727,10.100000381469727,341600
2022-04-27,10.0,10.40999984741211,9.670000076293945,9.75,9.75,369700
2022-04-28,9.880000114440918,10.300000190734863,9.390000343322754,10.010000228881836,10.010000228881836,508600
2022-04-29,9.890000343322754,10.430000305175781,9.510000228881836,9.550000190734863,9.550000190734863,415100
2022-05-02,9.460000038146973,9.880000114440918,9.180000305175781,9.800000190734863,9.800000190734863,617800
2022-05-03,9.829999923706055,9.989999771118164,9.350000381469727,9.489999771118164,9.489999771118164,382800
2022-05-04,9.520000457763672,9.739999771118164,8.9350004196167,9.630000114440918,9.630000114440918,911200
2022-05-05,9.470000267028809,9.470000267028809,8.15999984741211,8.640000343322754,8.640000343322754,821500
2022-05-06,8.5,8.75,8.170000076293945,8.489999771118164,8.489999771118164,782900
2022-05-09,8.260000228881836,8.5,7.769999980926514,7.889999866485596,7.889999866485596,612300
2022-05-10,8.229999542236328,8.229999542236328,7.480000019073486,7.630000114440918,7.630000114440918,674900
2022-05-11,6.599999904632568,7.110000133514404,6.0,6.25,6.25,1388400
2022-05-12,6.190000057220459,6.909999847412109,6.099999904632568,6.849999904632568,6.849999904632568,918700
2022-05-13,7.25,8.390000343322754,7.190000057220459,8.039999961853027,8.039999961853027,1363500
2022-05-16,8.15999984741211,8.399999618530273,7.449999809265137,7.510000228881836,7.510000228881836,520000
2022-05-17,7.769999980926514,8.234999656677246,7.409999847412109,7.610000133514404,7.610000133514404,420200
2022-05-18,7.440000057220459,7.684000015258789,6.699999809265137,6.769999980926514,6.769999980926514,545100
2022-05-19,6.690000057220459,7.210000038146973,6.51800012588501,6.949999809265137,6.949999809265137,512500
2022-05-20,7.090000152587891,7.179999828338623,6.269999980926514,6.630000114440918,6.630000114440918,580100
2022-05-23,6.71999979019165,6.800000190734863,6.260000228881836,6.579999923706055,6.579999923706055,612600
2022-05-24,6.449999809265137,6.570000171661377,5.914999961853027,6.119999885559082,6.119999885559082,634300
2022-05-25,6.090000152587891,6.730000019073486,5.961999893188477,6.539999961853027,6.539999961853027,531100
2022-05-26,6.489999771118164,6.960000038146973,6.489999771118164,6.730000019073486,6.730000019073486,456700
2022-05-27,6.889999866485596,7.210000038146973,6.820000171661377,7.170000076293945,7.170000076293945,482600
2022-05-31,7.210000038146973,7.300000190734863,6.800000190734863,6.889999866485596,6.889999866485596,414700
2022-06-01,6.940000057220459,7.159999847412109,6.460000038146973,6.519999980926514,6.519999980926514,371200
2022-06-02,6.5,7.179999828338623,6.5,7.070000171661377,7.070000171661377,361500
2022-06-03,6.909999847412109,6.909999847412109,6.230000019073486,6.239999771118164,6.239999771118164,434500
2022-06-06,6.409999847412109,6.460000038146973,6.070000171661377,6.369999885559082,6.369999885559082,435500
2022-06-07,6.25,6.380000114440918,6.059999942779541,6.349999904632568,6.349999904632568,531100
2022-06-08,6.260000228881836,6.260000228881836,5.585000038146973,5.650000095367432,5.650000095367432,1120300
2022-06-09,5.679999828338623,5.739999771118164,5.059999942779541,5.179999828338623,5.179999828338623,1111900
2022-06-10,5.099999904632568,5.159999847412109,4.849999904632568,4.960000038146973,4.960000038146973,976400
2022-06-13,4.659999847412109,4.849999904632568,4.409999847412109,4.449999809265137,4.449999809265137,1170600
2022-06-14,4.5,4.539999961853027,4.210000038146973,4.429999828338623,4.429999828338623,779600
2022-06-15,4.539999961853027,4.590000152587891,4.159999847412109,4.289999961853027,4.289999961853027,1894500
2022-06-16,4.170000076293945,4.269999980926514,3.880000114440918,3.9800000190734863,3.9800000190734863,1106000
2022-06-17,4.070000171661377,4.210000038146973,3.9709999561309814,4.050000190734863,4.050000190734863,2197000
2022-06-21,4.150000095367432,4.53000020980835,4.110000133514404,4.260000228881836,4.260000228881836,971200
2022-06-22,4.119999885559082,4.28000020980835,4.050000190734863,4.090000152587891,4.090000152587891,663600
2022-06-23,4.010000228881836,4.210000038146973,3.9200000762939453,4.159999847412109,4.159999847412109,776900
2022-06-24,4.210000038146973,4.5,4.110000133514404,4.119999885559082,4.119999885559082,2076600
2022-06-27,4.170000076293945,4.21999979019165,3.9800000190734863,3.990000009536743,3.990000009536743,632200
2022-06-28,4.050000190734863,4.165999889373779,3.7899999618530273,3.7899999618530273,3.7899999618530273,721900
2022-06-29,3.809999942779541,3.8499999046325684,3.6600000858306885,3.7100000381469727,3.7100000381469727,680500
2022-06-30,3.619999885559082,3.690000057220459,3.4600000381469727,3.4800000190734863,3.4800000190734863,642300
2022-07-01,3.5399999618530273,3.6600000858306885,3.4000000953674316,3.4800000190734863,3.4800000190734863,1043100
2022-07-05,3.430000066757202,3.690000057220459,3.299999952316284,3.640000104904175,3.640000104904175,1602300
2022-07-06,3.630000114440918,3.8499999046325684,3.490000009536743,3.5899999141693115,3.5899999141693115,575400
2022-07-07,3.609999895095825,3.799999952316284,3.5899999141693115,3.740000009536743,3.740000009536743,482900
2022-07-08,3.690000057220459,3.759999990463257,3.5299999713897705,3.5899999141693115,3.5899999141693115,476500
2022-07-11,3.559999942779541,3.6500000953674316,3.2300000190734863,3.2699999809265137,3.2699999809265137,566600
2022-07-12,3.2799999713897705,3.390000104904175,3.1449999809265137,3.2100000381469727,3.2100000381469727,608900
2022-07-13,3.119999885559082,3.299999952316284,3.0799999237060547,3.119999885559082,3.119999885559082,552000
2022-07-14,3.119999885559082,3.134999990463257,2.9600000381469727,3.0899999141693115,3.0899999141693115,901500
2022-07-15,3.1700000762939453,3.2699999809265137,3.009999990463257,3.2200000286102295,3.2200000286102295,545100
2022-07-18,3.2899999618530273,3.390000104904175,3.174999952316284,3.200000047683716,3.200000047683716,554000
2022-07-19,3.240000009536743,3.569999933242798,3.240000009536743,3.5399999618530273,3.5399999618530273,614900
2022-07-20,3.559999942779541,3.9200000762939453,3.5299999713897705,3.799999952316284,3.799999952316284,1311100
2022-07-21,3.799999952316284,3.9100000858306885,3.619999885559082,3.9000000953674316,3.9000000953674316,478600
2022-07-22,3.869999885559082,3.8970000743865967,3.5999999046325684,3.7100000381469727,3.7100000381469727,629700
2022-07-25,3.700000047683716,3.740000009536743,3.5799999237060547,3.6600000858306885,3.6600000858306885,402300
2022-07-26,3.5999999046325684,3.6600000858306885,3.3499999046325684,3.359999895095825,3.359999895095825,360100
2022-07-27,3.430000066757202,3.430000066757202,3.200000047683716,3.369999885559082,3.369999885559082,339000
2022-07-28,3.380000114440918,3.4800000190734863,3.259999990463257,3.3499999046325684,3.3499999046325684,330500
2022-07-29,3.309999942779541,3.384999990463257,3.2100000381469727,3.2300000190734863,3.2300000190734863,436800
2022-08-01,3.2699999809265137,3.2899999618530273,3.0899999141693115,3.2100000381469727,3.2100000381469727,509500
2022-08-02,3.1600000858306885,3.4100000858306885,3.1600000858306885,3.2699999809265137,3.2699999809265137,817800
2022-08-03,2.390000104904175,2.8499999046325684,2.2699999809265137,2.8499999046325684,2.8499999046325684,4180400
2022-08-04,2.7699999809265137,2.9800000190734863,2.765000104904175,2.7899999618530273,2.7899999618530273,895300
2022-08-05,2.740000009536743,2.8450000286102295,2.619999885559082,2.740000009536743,2.740000009536743,738700
2022-08-08,2.75,3.109999895095825,2.700000047683716,2.950000047683716,2.950000047683716,992700
2022-08-09,2.890000104904175,2.9600000381469727,2.619999885559082,2.690000057220459,2.690000057220459,786400
2022-08-10,2.809999942779541,3.4000000953674316,2.7300000190734863,3.369999885559082,3.369999885559082,817300
2022-08-11,3.450000047683716,4.449999809265137,3.390000104904175,4.070000171661377,4.070000171661377,2407700
2022-08-12,4.079999923706055,4.349999904632568,3.619999885559082,3.8499999046325684,3.8499999046325684,1444300
2022-08-15,4.75,4.949999809265137,4.010000228881836,4.119999885559082,4.119999885559082,3254800
2022-08-16,4.130000114440918,4.664999961853027,3.9800000190734863,4.639999866485596,4.639999866485596,1236900
2022-08-17,4.570000171661377,5.010000228881836,4.389999866485596,4.75,4.75,1379700
2022-08-18,4.659999847412109,4.710000038146973,4.25,4.465000152587891,4.465000152587891,1176300
2022-08-19,4.199999809265137,4.320000171661377,3.990000009536743,4.25,4.25,1486600
2022-08-22,3.990000009536743,4.099999904632568,3.5999999046325684,3.609999895095825,3.609999895095825,1114600
2022-08-23,3.619999885559082,3.697999954223633,3.190000057220459,3.200000047683716,3.200000047683716,843900
2022-08-24,3.299999952316284,3.7100000381469727,3.125,3.299999952316284,3.299999952316284,1226100
2022-08-25,3.380000114440918,3.799999952316284,3.319999933242798,3.7799999713897705,3.7799999713897705,958800
2022-08-26,3.75,3.7950000762939453,3.4600000381469727,3.4800000190734863,3.4800000190734863,638000
2022-08-29,3.4000000953674316,3.484999895095825,3.180000066757202,3.4100000858306885,3.4100000858306885,970100
2022-08-30,3.440000057220459,3.490000009536743,3.315000057220459,3.369999885559082,3.369999885559082,546100
2022-08-31,3.359999895095825,3.450000047683716,3.240000009536743,3.4000000953674316,3.4000000953674316,550000
2022-09-01,3.3499999046325684,3.3499999046325684,3.0,3.109999895095825,3.109999895095825,643000
2022-09-02,3.1600000858306885,3.1700000762939453,2.990000009536743,3.0,3.0,580000
2022-09-06,3.0399999618530273,3.049999952316284,2.8499999046325684,2.859999895095825,2.859999895095825,501600
2022-09-07,2.8399999141693115,2.9600000381469727,2.8299999237060547,2.930000066757202,2.930000066757202,676300
2022-09-08,2.869999885559082,3.049999952316284,2.8399999141693115,3.0299999713897705,3.0299999713897705,466500
2022-09-09,3.0399999618530273,3.180000066757202,3.0299999713897705,3.0799999237060547,3.0799999237060547,460600
2022-09-12,3.119999885559082,3.1689999103546143,2.869999885559082,3.0,3.0,780600
2022-09-13,2.8499999046325684,2.934999942779541,2.819999933242798,2.8499999046325684,2.8499999046325684,783300
2022-09-14,2.859999895095825,2.869999885559082,2.7300000190734863,2.8499999046325684,2.8499999046325684,597600
2022-09-15,2.8499999046325684,2.950000047683716,2.799999952316284,2.8299999237060547,2.8299999237060547,602800
2022-09-16,2.75,2.859999895095825,2.7300000190734863,2.740000009536743,2.740000009536743,1269400
2022-09-19,2.700000047683716,2.819999933242798,2.640000104904175,2.680000066757202,2.680000066757202,725700
2022-09-20,2.75,2.759999990463257,2.549999952316284,2.549999952316284,2.549999952316284,814400
2022-09-21,2.549999952316284,2.609999895095825,2.430000066757202,2.5,2.5,719900
2022-09-22,2.5199999809265137,2.5299999713897705,2.390000104904175,2.4100000858306885,2.4100000858306885,499200
2022-09-23,2.319999933242798,2.3499999046325684,2.1500000953674316,2.190000057220459,2.190000057220459,867100
2022-09-26,2.180000066757202,2.3499999046325684,2.134999990463257,2.1500000953674316,2.1500000953674316,504800
2022-09-27,2.190000057220459,2.200000047683716,2.0,2.009999990463257,2.009999990463257,1321700
2022-09-28,2.009999990463257,2.140000104904175,1.9700000286102295,2.130000114440918,2.130000114440918,1423900
2022-09-29,2.0999999046325684,2.0999999046325684,1.9450000524520874,1.9900000095367432,1.9900000095367432,1130700
2022-09-30,1.9700000286102295,2.0250000953674316,1.934999942779541,1.940000057220459,1.940000057220459,804400
2022-10-03,2.0420000553131104,2.0420000553131104,1.875,1.9700000286102295,1.9700000286102295,522600
2022-10-04,2.0299999713897705,2.1700000762939453,2.0299999713897705,2.0999999046325684,2.0999999046325684,661500
2022-10-05,2.0799999237060547,2.0799999237060547,1.9320000410079956,1.9700000286102295,1.9700000286102295,539000
2022-10-06,1.9500000476837158,2.299999952316284,1.8949999809265137,2.2100000381469727,2.2100000381469727,2268700
2022-10-07,2.2300000190734863,2.5399999618530273,2.0399999618530273,2.3399999141693115,2.3399999141693115,3319300
2022-10-10,2.299999952316284,2.3480000495910645,2.119999885559082,2.2100000381469727,2.2100000381469727,977700
2022-10-11,2.200000047683716,2.299999952316284,2.0,2.2300000190734863,2.2300000190734863,735000
2022-10-12,2.2200000286102295,2.4049999713897705,2.130000114440918,2.3499999046325684,2.3499999046325684,617000
2022-10-13,2.259999990463257,2.5,2.1689999103546143,2.4700000286102295,2.4700000286102295,742100
2022-10-14,2.5199999809265137,2.630000114440918,2.299999952316284,2.309999942779541,2.309999942779541,926700
2022-10-17,2.369999885559082,2.490000009536743,2.3399999141693115,2.430000066757202,2.430000066757202,667400
2022-10-18,2.5199999809265137,2.5899999141693115,2.367000102996826,2.380000114440918,2.380000114440918,380400
2022-10-19,2.369999885559082,2.380000114440918,2.174999952316284,2.259999990463257,2.259999990463257,403200
2022-10-20,2.259999990463257,2.359999895095825,2.2149999141693115,2.2799999713897705,2.2799999713897705,362600
2022-10-21,2.309999942779541,2.318000078201294,2.2200000286102295,2.299999952316284,2.299999952316284,562200
2022-10-24,2.299999952316284,2.299999952316284,2.119999885559082,2.119999885559082,2.119999885559082,412700
2022-10-25,2.119999885559082,2.5799999237060547,2.119999885559082,2.490000009536743,2.490000009536743,920300
2022-10-26,2.509999990463257,2.740000009536743,2.4700000286102295,2.5299999713897705,2.5299999713897705,639900
2022-10-27,2.5820000171661377,2.700000047683716,2.4600000381469727,2.4800000190734863,2.4800000190734863,321800
2022-10-28,2.5399999618530273,2.5399999618530273,2.378999948501587,2.509999990463257,2.509999990463257,309000
2022-10-31,2.509999990463257,2.6700000762939453,2.444999933242798,2.5799999237060547,2.5799999237060547,701400
2022-11-01,2.630000114440918,2.9700000286102295,2.5899999141693115,2.75,2.75,2330800
2022-11-02,2.75,2.75,2.5,2.509999990463257,2.509999990463257,821100
2022-11-03,2.5,2.7750000953674316,2.430000066757202,2.640000104904175,2.640000104904175,829900
2022-11-04,2.7699999809265137,2.7699999809265137,2.369999885559082,2.4200000762939453,2.4200000762939453,776600
2022-11-07,2.450000047683716,2.450000047683716,2.059999942779541,2.140000104904175,2.140000104904175,2836100
2022-11-08,2.200000047683716,2.434999942779541,2.1700000762939453,2.3299999237060547,2.3299999237060547,2142000
2022-11-09,2.319999933242798,2.4019999504089355,2.059999942779541,2.069999933242798,2.069999933242798,1534500
2022-11-10,2.299999952316284,2.5399999618530273,2.1600000858306885,2.5199999809265137,2.5199999809265137,1525700
2022-11-11,2.4800000190734863,2.6700000762939453,2.430000066757202,2.640000104904175,2.640000104904175,1161800
2022-11-14,2.6600000858306885,2.809999942779541,2.559999942779541,2.7899999618530273,2.7899999618530273,1090100
2022-11-15,2.809999942779541,3.0999999046325684,2.809999942779541,3.069999933242798,3.069999933242798,1110700
2022-11-16,2.990000009536743,3.0,2.5999999046325684,2.6600000858306885,2.6600000858306885,967600
2022-11-17,2.5799999237060547,2.6700000762939453,2.5199999809265137,2.619999885559082,2.619999885559082,511300
2022-11-18,2.690000057220459,2.690000057220459,2.4730000495910645,2.5299999713897705,2.5299999713897705,610000
2022-11-21,2.4800000190734863,2.630000114440918,2.440000057220459,2.569999933242798,2.569999933242798,455000
2022-11-22,2.619999885559082,2.640000104904175,2.509999990463257,2.609999895095825,2.609999895095825,413900
2022-11-23,2.5999999046325684,2.75,2.5899999141693115,2.680000066757202,2.680000066757202,411200
2022-11-25,2.700000047683716,2.700000047683716,2.5799999237060547,2.619999885559082,2.619999885559082,209900
2022-11-28,2.569999933242798,2.630000114440918,2.369999885559082,2.390000104904175,2.390000104904175,534800
2022-11-29,2.380000114440918,2.4649999141693115,2.3499999046325684,2.380000114440918,2.380000114440918,424000
2022-11-30,2.390000104904175,2.5399999618530273,2.319999933242798,2.509999990463257,2.509999990463257,1057600
2022-12-01,2.549999952316284,2.859999895095825,2.5450000762939453,2.819999933242798,2.819999933242798,1404400
2022-12-02,2.619999885559082,3.0999999046325684,2.609999895095825,3.0399999618530273,3.0399999618530273,1333400
2022-12-05,3.0399999618530273,3.25,2.9149999618530273,3.0399999618530273,3.0399999618530273,1604800
2022-12-06,2.9800000190734863,2.9800000190734863,2.4000000953674316,2.4200000762939453,2.4200000762939453,1228800
2022-12-07,2.4700000286102295,2.4700000286102295,2.1500000953674316,2.1600000858306885,2.1600000858306885,1068400
2022-12-08,2.2300000190734863,2.430000066757202,2.134999990463257,2.430000066757202,2.430000066757202,1150400
2022-12-09,2.369999885559082,2.4100000858306885,2.174999952316284,2.2899999618530273,2.2899999618530273,958900
2022-12-12,2.259999990463257,2.259999990463257,2.0999999046325684,2.1050000190734863,2.1050000190734863,554100
2022-12-13,2.1500000953674316,2.25,1.909999966621399,1.9299999475479126,1.9299999475479126,1495400
2022-12-14,1.899999976158142,1.9500000476837158,1.7799999713897705,1.8200000524520874,1.8200000524520874,931500
2022-12-15,1.840000033378601,1.840000033378601,1.7300000190734863,1.7999999523162842,1.7999999523162842,607200
2022-12-16,1.809999942779541,1.8700000047683716,1.7599999904632568,1.840000033378601,1.840000033378601,758600
2022-12-19,1.8700000047683716,1.8700000047683716,1.5700000524520874,1.690000057220459,1.690000057220459,857100
2022-12-20,1.690000057220459,1.8200000524520874,1.600000023841858,1.6399999856948853,1.6399999856948853,582700
2022-12-21,1.649999976158142,1.7200000286102295,1.5700000524520874,1.590000033378601,1.590000033378601,612000
2022-12-22,1.5499999523162842,1.600000023841858,1.4800000190734863,1.600000023841858,1.600000023841858,602100
2022-12-23,1.600000023841858,1.6200000047683716,1.5499999523162842,1.6100000143051147,1.6100000143051147,339800
2022-12-27,1.590000033378601,1.6050000190734863,1.4800000190734863,1.5099999904632568,1.5099999904632568,619000
2022-12-28,1.5,1.5399999618530273,1.4199999570846558,1.4700000286102295,1.4700000286102295,874500
2022-12-29,1.5,1.684999942779541,1.465000033378601,1.6299999952316284,1.6299999952316284,1385200
2022-12-30,1.5700000524520874,1.6399999856948853,1.4550000429153442,1.5499999523162842,1.5499999523162842,1234600
2023-01-03,1.559999942779541,1.690000057220459,1.4900000095367432,1.5399999618530273,1.5399999618530273,937400
2023-01-04,1.5399999618530273,1.6200000047683716,1.5099999904632568,1.5299999713897705,1.5299999713897705,399500
2023-01-05,1.4800000190734863,1.5,1.340000033378601,1.350000023841858,1.350000023841858,728500
2023-01-06,1.3700000047683716,1.399999976158142,1.2400000095367432,1.2599999904632568,1.2599999904632568,766800
2023-01-09,1.2799999713897705,1.3300000429153442,1.2200000286102295,1.2300000190734863,1.2300000190734863,869600
2023-01-10,1.25,1.2599999904632568,1.1799999475479126,1.2000000476837158,1.2000000476837158,667200
2023-01-11,1.190000057220459,1.3200000524520874,1.190000057220459,1.2999999523162842,1.2999999523162842,1525400
2023-01-12,1.2899999618530273,1.5099999904632568,1.2599999904632568,1.4900000095367432,1.4900000095367432,1190000
2023-01-13,1.4700000286102295,1.75,1.4600000381469727,1.690000057220459,1.690000057220459,1417800
2023-01-17,1.75,1.7899999618530273,1.5299999713897705,1.75,1.75,1094200
2023-01-18,1.7599999904632568,1.840000033378601,1.6299999952316284,1.649999976158142,1.649999976158142,839200
2023-01-19,1.6200000047683716,1.7300000190734863,1.5549999475479126,1.559999942779541,1.559999942779541,519600
2023-01-20,1.5800000429153442,1.7100000381469727,1.5399999618530273,1.7100000381469727,1.7100000381469727,437500
2023-01-23,1.7200000286102295,1.7999999523162842,1.6799999475479126,1.7899999618530273,1.7899999618530273,453200
2023-01-24,1.7999999523162842,1.840000033378601,1.7300000190734863,1.75,1.75,261100
2023-01-25,1.7200000286102295,1.8200000524520874,1.6549999713897705,1.7999999523162842,1.7999999523162842,396100
2023-01-26,1.8200000524520874,1.8799999952316284,1.7350000143051147,1.75,1.75,256400
2023-01-27,1.7300000190734863,1.899999976158142,1.690000057220459,1.850000023841858,1.850000023841858,483600
2023-01-30,1.809999942779541,1.840000033378601,1.7300000190734863,1.7400000095367432,1.7400000095367432,370500
2023-01-31,1.7799999713897705,1.8799999952316284,1.7699999809265137,1.8700000047683716,1.8700000047683716,320200
2023-02-01,1.840000033378601,2.0850000381469727,1.8300000429153442,2.0399999618530273,2.0399999618530273,939400
2023-02-02,2.109999895095825,2.2100000381469727,2.069999933242798,2.1700000762939453,2.1700000762939453,949800
2023-02-03,2.119999885559082,2.2699999809265137,2.0799999237060547,2.200000047683716,2.200000047683716,708400
2023-02-06,2.1600000858306885,2.190000057220459,2.069999933242798,2.109999895095825,2.109999895095825,1486600
2023-02-07,2.109999895095825,2.140000104904175,1.9800000190734863,2.059999942779541,2.059999942779541,607500
2023-02-08,2.059999942779541,2.069999933242798,1.9600000381469727,1.9600000381469727,1.9600000381469727,242500
2023-02-09,1.9800000190734863,2.0999999046325684,1.9049999713897705,1.909999966621399,1.909999966621399,591400
2023-02-10,1.8700000047683716,1.8849999904632568,1.715000033378601,1.75,1.75,1033500
2023-02-13,1.7400000095367432,1.9500000476837158,1.7100000381469727,1.8300000429153442,1.8300000429153442,629900
2023-02-14,1.7799999713897705,1.9500000476837158,1.7400000095367432,1.9299999475479126,1.9299999475479126,365900
2023-02-15,1.909999966621399,2.234999895095825,1.899999976158142,2.2100000381469727,2.2100000381469727,561500
2023-02-16,2.119999885559082,2.2149999141693115,2.0989999771118164,2.1500000953674316,2.1500000953674316,514100
2023-02-17,2.1500000953674316,2.1500000953674316,2.0199999809265137,2.0199999809265137,2.0199999809265137,393300
2023-02-21,2.009999990463257,2.069999933242798,1.9299999475479126,1.9600000381469727,1.9600000381469727,355100
2023-02-22,2.0,2.0799999237060547,1.9900000095367432,2.049999952316284,2.049999952316284,245000
2023-02-23,2.069999933242798,2.0999999046325684,1.9900000095367432,2.0199999809265137,2.0199999809265137,238000
2023-02-24,1.9700000286102295,2.0399999618530273,1.8799999952316284,2.0,2.0,383800
2023-02-27,2.009999990463257,2.109999895095825,1.965000033378601,2.0899999141693115,2.0899999141693115,308800
2023-02-28,2.0899999141693115,2.0899999141693115,1.8849999904632568,1.9199999570846558,1.9199999570846558,541900
2023-03-01,1.9299999475479126,1.9299999475479126,1.6399999856948853,1.649999976158142,1.649999976158142,556000
2023-03-02,1.649999976158142,1.6799999475479126,1.5800000429153442,1.6150000095367432,1.6150000095367432,429900
2023-03-03,1.6299999952316284,1.7100000381469727,1.5199999809265137,1.7000000476837158,1.7000000476837158,579800
2023-03-06,1.690000057220459,1.7100000381469727,1.5199999809265137,1.5199999809265137,1.5199999809265137,607200
2023-03-07,1.5299999713897705,1.659999966621399,1.5,1.5800000429153442,1.5800000429153442,911600
2023-03-08,1.5800000429153442,1.5809999704360962,1.5,1.5099999904632568,1.5099999904632568,694300
2023-03-09,1.5099999904632568,1.6299999952316284,1.5099999904632568,1.5499999523162842,1.5499999523162842,743400
2023-03-10,1.659999966621399,1.850000023841858,1.5299999713897705,1.75,1.75,1663100
2023-03-13,1.7100000381469727,1.7899999618530273,1.649999976158142,1.7200000286102295,1.7200000286102295,536400
2023-03-14,1.7799999713897705,1.8200000524520874,1.7200000286102295,1.7899999618530273,1.7899999618530273,508700
2023-03-15,1.7400000095367432,1.9900000095367432,1.725000023841858,1.9800000190734863,1.9800000190734863,748700
2023-03-16,1.9700000286102295,2.009999990463257,1.8600000143051147,1.9199999570846558,1.9199999570846558,452100
2023-03-17,1.909999966621399,1.909999966621399,1.6699999570846558,1.7200000286102295,1.7200000286102295,1126000
2023-03-20,1.7200000286102295,1.7400000095367432,1.6449999809265137,1.690000057220459,1.690000057220459,285100
2023-03-21,1.7000000476837158,1.8700000047683716,1.6799999475479126,1.8700000047683716,1.8700000047683716,252600
2023-03-22,1.8700000047683716,1.9299999475479126,1.7899999618530273,1.7999999523162842,1.7999999523162842,279800
2023-03-23,1.8300000429153442,1.850000023841858,1.659999966621399,1.690000057220459,1.690000057220459,223500
2023-03-24,1.6699999570846558,1.784999966621399,1.6449999809265137,1.7699999809265137,1.7699999809265137,300800
2023-03-27,1.7899999618530273,1.7899999618530273,1.690999984741211,1.7100000381469727,1.7100000381469727,155200
2023-03-28,1.7000000476837158,1.7200000286102295,1.6200000047683716,1.6799999475479126,1.6799999475479126,296900
2023-03-29,1.7100000381469727,1.7899999618530273,1.6799999475479126,1.7599999904632568,1.7599999904632568,241200
2023-03-30,1.7899999618530273,1.8200000524520874,1.7699999809265137,1.7999999523162842,1.7999999523162842,177000
2023-03-31,1.8200000524520874,1.8300000429153442,1.7200000286102295,1.7300000190734863,1.7300000190734863,245400
2023-04-03,1.690000057220459,1.7599999904632568,1.6649999618530273,1.690000057220459,1.690000057220459,249000
2023-04-04,1.7000000476837158,1.7300000190734863,1.5099999904632568,1.559999942779541,1.559999942779541,435700
2023-04-05,1.5399999618530273,1.5399999618530273,1.3799999952316284,1.4249999523162842,1.4249999523162842,403100
2023-04-06,1.4600000381469727,1.4600000381469727,1.399999976158142,1.4199999570846558,1.4199999570846558,252200
2023-04-10,1.4299999475479126,1.559999942779541,1.409999966621399,1.5399999618530273,1.5399999618530273,333900
2023-04-11,1.5700000524520874,1.6100000143051147,1.5099999904632568,1.5299999713897705,1.5299999713897705,270200
2023-04-12,1.5499999523162842,1.6200000047683716,1.4900000095367432,1.5299999713897705,1.5299999713897705,259000
2023-04-13,1.5499999523162842,1.5800000429153442,1.4600000381469727,1.5700000524520874,1.5700000524520874,164600
2023-04-14,1.5800000429153442,1.590000033378601,1.4900000095367432,1.5299999713897705,1.5299999713897705,146400
2023-04-17,1.5700000524520874,1.6699999570846558,1.5299999713897705,1.659999966621399,1.659999966621399,384900
2023-04-18,1.659999966621399,1.6799999475479126,1.5950000286102295,1.6799999475479126,1.6799999475479126,142100
2023-04-19,1.649999976158142,1.7000000476837158,1.5800000429153442,1.6799999475479126,1.6799999475479126,206200
2023-04-20,1.6399999856948853,1.649999976158142,1.5399999618530273,1.559999942779541,1.559999942779541,160800
2023-04-21,1.559999942779541,1.5800000429153442,1.4700000286102295,1.5199999809265137,1.5199999809265137,234300
2023-04-24,1.5199999809265137,1.5499999523162842,1.399999976158142,1.409999966621399,1.409999966621399,312700
2023-04-25,1.4199999570846558,1.4800000190734863,1.3949999809265137,1.4600000381469727,1.4600000381469727,268100
2023-04-26,1.4500000476837158,1.4800000190734863,1.399999976158142,1.409999966621399,1.409999966621399,169000
2023-04-27,1.440000057220459,1.5399999618530273,1.409999966621399,1.4900000095367432,1.4900000095367432,290700
2023-04-28,1.5,1.6100000143051147,1.4700000286102295,1.5700000524520874,1.5700000524520874,227500
2023-05-01,1.590000033378601,1.590000033378601,1.399999976158142,1.4299999475479126,1.4299999475479126,391400
2023-05-02,1.4199999570846558,1.4500000476837158,1.399999976158142,1.4049999713897705,1.4049999713897705,174900
2023-05-03,1.4199999570846558,1.4600000381469727,1.2649999856948853,1.309999942779541,1.309999942779541,625400
2023-05-04,1.25,1.2699999809265137,1.1699999570846558,1.2599999904632568,1.2599999904632568,570800
2023-05-05,1.2400000095367432,1.399999976158142,1.225000023841858,1.3600000143051147,1.3600000143051147,351700
2023-05-08,1.3799999952316284,1.3899999856948853,1.2799999713897705,1.2899999618530273,1.2899999618530273,442100
2023-05-09,1.2799999713897705,1.2799999713897705,1.1699999570846558,1.2699999809265137,1.2699999809265137,737900
2023-05-10,1.2999999523162842,1.440000057220459,1.2999999523162842,1.3300000429153442,1.3300000429153442,585300
2023-05-11,1.309999942779541,1.3200000524520874,1.149999976158142,1.1549999713897705,1.1549999713897705,485600
2023-05-12,1.1699999570846558,1.1749999523162842,1.100000023841858,1.1050000190734863,1.1050000190734863,325300
2023-05-15,1.1100000143051147,1.1200000047683716,1.059999942779541,1.0800000429153442,1.0800000429153442,361400
2023-05-16,1.0800000429153442,1.090000033378601,0.9559999704360962,0.9779999852180481,0.9779999852180481,652800
2023-05-17,1.0499999523162842,1.0499999523162842,0.9800000190734863,1.024999976158142,1.024999976158142,215100
2023-05-18,1.059999942779541,1.1399999856948853,1.0399999618530273,1.1299999952316284,1.1299999952316284,525000
2023-05-19,1.149999976158142,1.1799999475479126,1.1200000047683716,1.1399999856948853,1.1399999856948853,327200
2023-05-22,1.149999976158142,1.190000057220459,1.1100000143051147,1.159999966621399,1.159999966621399,417400
2023-05-23,1.1399999856948853,1.2100000381469727,1.0800000429153442,1.1100000143051147,1.1100000143051147,383100
2023-05-24,1.100000023841858,1.100000023841858,1.0199999809265137,1.0299999713897705,1.0299999713897705,355400
2023-05-25,1.0499999523162842,1.0800000429153442,0.9739999771118164,0.9860000014305115,0.9860000014305115,296400
2023-05-26,0.9900000095367432,1.0199999809265137,0.949999988079071,0.9769999980926514,0.9769999980926514,296900
2023-05-30,0.9800000190734863,0.9879999756813049,0.8799999952316284,0.9409999847412109,0.9409999847412109,637100
2023-05-31,0.9129999876022339,0.9580000042915344,0.8700000047683716,0.9169999957084656,0.9169999957084656,524900
2023-06-01,0.921999990940094,0.9390000104904175,0.8700000047683716,0.9070000052452087,0.9070000052452087,269400
2023-06-02,0.9179999828338623,0.9950000047683716,0.8799999952316284,0.9449999928474426,0.9449999928474426,346900
2023-06-05,0.9599999785423279,1.0499999523162842,0.9399999976158142,0.9580000042915344,0.9580000042915344,650300
2023-06-06,0.949999988079071,1.059999942779541,0.9319999814033508,1.0099999904632568,1.0099999904632568,562100
2023-06-07,1.0399999618530273,1.059999942779541,0.9869999885559082,0.9879999756813049,0.9879999756813049,418700
2023-06-08,0.9940000176429749,1.0199999809265137,0.9210000038146973,0.9470000267028809,0.9470000267028809,259900
2023-06-09,0.9369999766349792,1.0,0.8899999856948853,0.9829999804496765,0.9829999804496765,362300
2023-06-12,0.972000002861023,1.0299999713897705,0.8700000047683716,0.9010000228881836,0.9010000228881836,904900
2023-06-13,0.902999997138977,0.9900000095367432,0.8899999856948853,0.949999988079071,0.949999988079071,413400
2023-06-14,0.9459999799728394,1.0199999809265137,0.9200000166893005,0.9980000257492065,0.9980000257492065,429000
2023-06-15,1.0,1.0099999904632568,0.8939999938011169,0.9340000152587891,0.9340000152587891,713500
2023-06-16,0.9679999947547913,1.1299999952316284,0.9100000262260437,1.0299999713897705,1.0299999713897705,1614500
2023-06-20,1.090000033378601,1.090000033378601,0.9340000152587891,0.9340000152587891,0.9340000152587891,957200
2023-06-21,1.0,1.1200000047683716,0.953000009059906,0.9559999704360962,0.9559999704360962,1945900
2023-06-22,0.9559999704360962,1.0499999523162842,0.9399999976158142,1.0299999713897705,1.0299999713897705,476100
2023-06-23,1.0,1.0199999809265137,0.9380000233650208,0.9380000233650208,0.9380000233650208,4775500
2023-06-26,0.9470000267028809,0.9990000128746033,0.8600000143051147,0.8989999890327454,0.8989999890327454,540500
2023-06-27,0.9290000200271606,0.9459999799728394,0.671999990940094,0.7300000190734863,0.7300000190734863,1693500
2023-06-28,0.7329999804496765,0.8209999799728394,0.7310000061988831,0.800000011920929,0.800000011920929,1121500
2023-06-29,0.8199999928474426,0.8309999704360962,0.7599999904632568,0.8130000233650208,0.8130000233650208,589900
2023-06-30,0.8169999718666077,0.8299999833106995,0.7770000100135803,0.7820000052452087,0.7820000052452087,294600
2023-07-03,0.7820000052452087,0.8389999866485596,0.7820000052452087,0.8289999961853027,0.8289999961853027,407400
2023-07-05,0.8399999737739563,0.8450000286102295,0.800000011920929,0.8220000267028809,0.8220000267028809,270800
2023-07-06,0.8100000023841858,0.8100000023841858,0.75,0.75,0.75,626500
2023-07-07,0.7699999809265137,0.8500000238418579,0.7699999809265137,0.8460000157356262,0.8460000157356262,327600
2023-07-10,0.8500000238418579,0.9100000262260437,0.8159999847412109,0.8999999761581421,0.8999999761581421,235400
2023-07-11,0.8999999761581421,0.9359999895095825,0.8920000195503235,0.9200000166893005,0.9200000166893005,335500
2023-07-12,0.9100000262260437,0.9430000185966492,0.8700000047683716,0.9179999828338623,0.9179999828338623,294400
2023-07-13,0.9399999976158142,1.0499999523162842,0.9100000262260437,1.0199999809265137,1.0199999809265137,673500
2023-07-14,0.9900000095367432,1.0299999713897705,0.949999988079071,0.9700000286102295,0.9700000286102295,340000
2023-07-17,0.9570000171661377,1.0800000429153442,0.9539999961853027,1.0800000429153442,1.0800000429153442,300800
2023-07-18,1.0099999904632568,1.100000023841858,0.9900000095367432,0.9900000095367432,0.9900000095367432,260800
2023-07-19,1.0499999523162842,1.1799999475479126,1.0399999618530273,1.1799999475479126,1.1799999475479126,502000
2023-07-20,1.25,1.4500000476837158,1.100000023841858,1.1699999570846558,1.1699999570846558,784500
2023-07-21,1.1699999570846558,1.2300000190734863,1.1399999856948853,1.1699999570846558,1.1699999570846558,354200
2023-07-24,1.1399999856948853,1.1699999570846558,1.100000023841858,1.1299999952316284,1.1299999952316284,192800
2023-07-25,1.1299999952316284,1.2200000286102295,1.100000023841858,1.1799999475479126,1.1799999475479126,287600
2023-07-26,1.1399999856948853,1.2200000286102295,1.1200000047683716,1.190000057220459,1.190000057220459,168700
2023-07-27,1.2100000381469727,1.2100000381469727,1.0700000524520874,1.0700000524520874,1.0700000524520874,160500
2023-07-28,1.1200000047683716,1.1799999475479126,1.100000023841858,1.1100000143051147,1.1100000143051147,83900
2023-07-31,1.149999976158142,1.190000057220459,1.1200000047683716,1.1699999570846558,1.1699999570846558,121600
2023-08-01,1.149999976158142,1.190000057220459,1.1299999952316284,1.1299999952316284,1.1299999952316284,116100
2023-08-02,1.1100000143051147,1.1200000047683716,0.9599999785423279,1.0199999809265137,1.0199999809265137,312100
2023-08-03,1.0299999713897705,1.309999942779541,1.0299999713897705,1.2300000190734863,1.2300000190734863,474900
2023-08-04,1.2599999904632568,1.3600000143051147,1.2000000476837158,1.2200000286102295,1.2200000286102295,272500
2023-08-07,1.2000000476837158,1.25,1.1100000143051147,1.2100000381469727,1.2100000381469727,249800
2023-08-08,1.2300000190734863,1.25,1.159999966621399,1.2400000095367432,1.2400000095367432,233800
2023-08-09,1.2400000095367432,1.2400000095367432,1.0,1.0499999523162842,1.0499999523162842,345400
2023-08-10,1.1100000143051147,1.1100000143051147,0.9129999876022339,0.9589999914169312,0.9589999914169312,386300
2023-08-11,0.9580000042915344,1.0299999713897705,0.9580000042915344,1.0199999809265137,1.0199999809265137,136200
2023-08-14,1.0,1.0049999952316284,0.9100000262260437,0.9620000123977661,0.9620000123977661,205300
2023-08-15,0.9599999785423279,1.0199999809265137,0.9200000166893005,1.0199999809265137,1.0199999809265137,122200
2023-08-16,1.0099999904632568,1.0499999523162842,0.9350000023841858,1.0299999713897705,1.0299999713897705,242700
2023-08-17,1.0399999618530273,1.1200000047683716,1.0199999809265137,1.0800000429153442,1.0800000429153442,260000
2023-08-18,1.0499999523162842,1.149999976158142,1.0199999809265137,1.1399999856948853,1.1399999856948853,302400
2023-08-21,1.1399999856948853,1.149999976158142,1.0199999809265137,1.0199999809265137,1.0199999809265137,119500
2023-08-22,1.0700000524520874,1.0700000524520874,0.9599999785423279,0.9900000095367432,0.9900000095367432,126800
2023-08-23,0.9900000095367432,1.0379999876022339,0.9419999718666077,0.9900000095367432,0.9900000095367432,102400
2023-08-24,0.9779999852180481,1.0069999694824219,0.890999972820282,0.9160000085830688,0.9160000085830688,139200
2023-08-25,0.9160000085830688,0.949999988079071,0.8799999952316284,0.8999999761581421,0.8999999761581421,189900
2023-08-28,0.921999990940094,0.9700000286102295,0.8799999952316284,0.9229999780654907,0.9229999780654907,63400
2023-08-29,0.9470000267028809,0.9700000286102295,0.9210000038146973,0.949999988079071,0.949999988079071,71900
2023-08-30,0.9399999976158142,1.090000033378601,0.9210000038146973,1.0399999618530273,1.0399999618530273,262400
2023-08-31,1.0700000524520874,1.3300000429153442,1.0700000524520874,1.25,1.25,1716500
2023-09-01,1.2899999618530273,1.340000033378601,1.1200000047683716,1.1799999475479126,1.1799999475479126,644700
2023-09-05,1.2300000190734863,1.3489999771118164,1.2000000476837158,1.309999942779541,1.309999942779541,433500
2023-09-06,1.350000023841858,1.3700000047683716,0.9300000071525574,1.1200000047683716,1.1200000047683716,1244600
2023-09-07,1.059999942779541,1.2300000190734863,1.059999942779541,1.149999976158142,1.149999976158142,329800
2023-09-08,1.149999976158142,1.25,1.100000023841858,1.190000057220459,1.190000057220459,301600
2023-09-11,1.2100000381469727,1.5099999904632568,1.190000057220459,1.4199999570846558,1.4199999570846558,920300
2023-09-12,1.350000023841858,1.4600000381469727,1.2599999904632568,1.2599999904632568,1.2599999904632568,419200
2023-09-13,1.2599999904632568,1.340000033378601,1.25,1.2699999809265137,1.2699999809265137,144100
2023-09-14,1.309999942779541,1.3700000047683716,1.2899999618530273,1.3200000524520874,1.3200000524520874,199500
2023-09-15,1.440000057220459,1.6399999856948853,1.350000023841858,1.600000023841858,1.600000023841858,915500
2023-09-18,1.5299999713897705,1.559999942779541,1.4299999475479126,1.4500000476837158,1.4500000476837158,402600
2023-09-19,1.4500000476837158,1.4900000095367432,1.309999942779541,1.3700000047683716,1.3700000047683716,279300
2023-09-20,1.3600000143051147,1.4450000524520874,1.2899999618530273,1.340000033378601,1.340000033378601,186600
2023-09-21,1.2999999523162842,1.3200000524520874,1.2100000381469727,1.2400000095367432,1.2400000095367432,220500
2023-09-22,1.25,1.2799999713897705,1.159999966621399,1.2200000286102295,1.2200000286102295,248400
2023-09-25,1.2000000476837158,1.340000033378601,1.2000000476837158,1.25,1.25,293400
2023-09-26,1.2400000095367432,1.3380000591278076,1.149999976158142,1.2000000476837158,1.2000000476837158,169100
2023-09-27,1.2100000381469727,1.309999942779541,1.2000000476837158,1.25,1.25,193200
2023-09-28,1.25,1.3200000524520874,1.2200000286102295,1.2400000095367432,1.2400000095367432,161600
2023-09-29,1.2799999713897705,1.309999942779541,1.2000000476837158,1.2200000286102295,1.2200000286102295,113000
2023-10-02,1.2100000381469727,1.2100000381469727,1.1349999904632568,1.1699999570846558,1.1699999570846558,207300
2023-10-03,1.159999966621399,1.190000057220459,1.0499999523162842,1.059999942779541,1.059999942779541,214700
2023-10-04,1.0499999523162842,1.1089999675750732,1.0199999809265137,1.0299999713897705,1.0299999713897705,182900
2023-10-05,1.0399999618530273,1.100000023841858,1.0,1.0299999713897705,1.0299999713897705,206300
2023-10-06,1.0399999618530273,1.1200000047683716,1.0149999856948853,1.0700000524520874,1.0700000524520874,106500
2023-10-09,1.059999942779541,1.159999966621399,1.0199999809265137,1.1200000047683716,1.1200000047683716,267700
2023-10-10,1.1299999952316284,1.190000057220459,1.100000023841858,1.100000023841858,1.100000023841858,82600
2023-10-11,1.1200000047683716,1.159999966621399,1.090000033378601,1.1200000047683716,1.1200000047683716,161000
2023-10-12,1.1299999952316284,1.1399999856948853,1.0800000429153442,1.100000023841858,1.100000023841858,81800
2023-10-13,1.1100000143051147,1.1299999952316284,1.059999942779541,1.100000023841858,1.100000023841858,187500
2023-10-16,1.1200000047683716,1.2000000476837158,1.100000023841858,1.1399999856948853,1.1399999856948853,125200
2023-10-17,1.1100000143051147,1.2300000190734863,1.1100000143051147,1.149999976158142,1.149999976158142,129800
2023-10-18,1.1399999856948853,1.1660000085830688,1.059999942779541,1.0700000524520874,1.0700000524520874,114000
2023-10-19,1.059999942779541,1.100000023841858,0.9800000190734863,1.0099999904632568,1.0099999904632568,196800
2023-10-20,1.0099999904632568,1.059999942779541,0.949999988079071,0.9700000286102295,0.9700000286102295,199000
2023-10-23,0.9599999785423279,1.0399999618530273,0.949999988079071,0.9890000224113464,0.9890000224113464,158800
2023-10-24,1.0099999904632568,1.1100000143051147,0.9900000095367432,1.0800000429153442,1.0800000429153442,135100
2023-10-25,1.059999942779541,1.100000023841858,0.9919999837875366,1.0099999904632568,1.0099999904632568,152900
2023-10-26,0.9900000095367432,1.0099999904632568,0.8899999856948853,0.9610000252723694,0.9610000252723694,292400
2023-10-27,0.9890000224113464,1.059999942779541,0.9599999785423279,1.0299999713897705,1.0299999713897705,224900
2023-10-30,1.0299999713897705,1.0299999713897705,0.9629999995231628,0.9649999737739563,0.9649999737739563,83700
2023-10-31,0.9860000014305115,1.0199999809265137,0.949999988079071,0.9980000257492065,0.9980000257492065,58600
2023-11-01,0.9900000095367432,1.0299999713897705,0.9599999785423279,0.9610000252723694,0.9610000252723694,122400
2023-11-02,0.9700000286102295,1.0499999523162842,0.9649999737739563,0.9800000190734863,0.9800000190734863,156800
2023-11-03,0.9900000095367432,1.090000033378601,0.9700000286102295,1.0700000524520874,1.0700000524520874,207800
2023-11-06,1.059999942779541,1.0800000429153442,1.024999976158142,1.0700000524520874,1.0700000524520874,74500
2023-11-07,1.0499999523162842,1.0700000524520874,0.9950000047683716,1.0,1.0,153500
2023-11-08,1.0,1.0399999618530273,0.8500000238418579,0.8500000238418579,0.8500000238418579,515900
2023-11-09,0.8510000109672546,0.9300000071525574,0.800000011920929,0.800000011920929,0.800000011920929,386300
2023-11-10,0.8600000143051147,0.9300000071525574,0.8220000267028809,0.8870000243186951,0.8870000243186951,240600
2023-11-13,0.8899999856948853,0.9240000247955322,0.8100000023841858,0.8330000042915344,0.8330000042915344,252900
2023-11-14,0.8889999985694885,0.9200000166893005,0.8220000267028809,0.8500000238418579,0.8500000238418579,210800
2023-11-15,0.890999972820282,0.9200000166893005,0.8500000238418579,0.8730000257492065,0.8730000257492065,236500
2023-11-16,0.8730000257492065,0.9100000262260437,0.8500000238418579,0.8730000257492065,0.8730000257492065,177900
2023-11-17,0.8700000047683716,0.9139999747276306,0.8550000190734863,0.9139999747276306,0.9139999747276306,262400
2023-11-20,0.8859999775886536,0.9399999976158142,0.859000027179718,0.9300000071525574,0.9300000071525574,179200
2023-11-21,0.9300000071525574,0.9399999976158142,0.8299999833106995,0.875,0.875,198600
2023-11-22,0.9100000262260437,0.9200000166893005,0.8650000095367432,0.9039999842643738,0.9039999842643738,105500
2023-11-24,0.8999999761581421,0.9100000262260437,0.8610000014305115,0.8740000128746033,0.8740000128746033,51000
2023-11-27,0.8610000014305115,0.9300000071525574,0.8500000238418579,0.9100000262260437,0.9100000262260437,107700
2023-11-28,0.8619999885559082,0.9139999747276306,0.8619999885559082,0.8809999823570251,0.8809999823570251,76500
2023-11-29,0.9049999713897705,0.9380000233650208,0.878000020980835,0.9380000233650208,0.9380000233650208,127300
2023-11-30,0.9010000228881836,0.9240000247955322,0.8529999852180481,0.8529999852180481,0.8529999852180481,199600
2023-12-01,0.8899999856948853,0.8989999890327454,0.7400000095367432,0.8199999928474426,0.8199999928474426,508600
2023-12-04,0.8009999990463257,0.949999988079071,0.75,0.9399999976158142,0.9399999976158142,504300
2023-12-05,0.8999999761581421,0.9940000176429749,0.8640000224113464,0.9629999995231628,0.9629999995231628,434500
2023-12-06,0.9700000286102295,1.0700000524520874,0.9190000295639038,1.0,1.0,270300
2023-12-07,1.0,1.0399999618530273,0.9919999837875366,0.9919999837875366,0.9919999837875366,100500
2023-12-08,0.9599999785423279,1.0800000429153442,0.953000009059906,1.0700000524520874,1.0700000524520874,285800
2023-12-11,1.090000033378601,1.100000023841858,1.0,1.0299999713897705,1.0299999713897705,263000
2023-12-12,1.0099999904632568,1.0529999732971191,0.9300000071525574,0.9399999976158142,0.9399999976158142,144700
2023-12-13,0.9599999785423279,0.9909999966621399,0.8600000143051147,0.9449999928474426,0.9449999928474426,237200
2023-12-14,0.9549999833106995,0.9860000014305115,0.8669999837875366,0.8700000047683716,0.8700000047683716,489700
2023-12-15,0.8669999837875366,0.8999999761581421,0.8560000061988831,0.8830000162124634,0.8830000162124634,165400
2023-12-18,0.8799999952316284,0.8999999761581421,0.8220000267028809,0.824999988079071,0.824999988079071,330000
2023-12-19,0.8299999833106995,0.8799999952316284,0.8299999833106995,0.8309999704360962,0.8309999704360962,238300
2023-12-20,0.8500000238418579,0.8799999952316284,0.8399999737739563,0.8519999980926514,0.8519999980926514,96300
2023-12-21,0.8600000143051147,0.8700000047683716,0.8399999737739563,0.8489999771118164,0.8489999771118164,115500
2023-12-22,0.824999988079071,0.8899999856948853,0.8199999928474426,0.8709999918937683,0.8709999918937683,303700
2023-12-26,0.8529999852180481,0.9430000185966492,0.8299999833106995,0.9300000071525574,0.9300000071525574,406600
2023-12-27,0.9300000071525574,0.9399999976158142,0.8700000047683716,0.9150000214576721,0.9150000214576721,199700
2023-12-28,0.8999999761581421,0.9300000071525574,0.8700000047683716,0.8989999890327454,0.8989999890327454,139900
2023-12-29,0.8700000047683716,0.9290000200271606,0.8700000047683716,0.9179999828338623,0.9179999828338623,171100
2024-01-02,0.871999979019165,0.9900000095367432,0.871999979019165,0.9750000238418579,0.9750000238418579,354000
2024-01-03,0.9309999942779541,0.9570000171661377,0.8999999761581421,0.9160000085830688,0.9160000085830688,146800
2024-01-04,0.9160000085830688,0.9449999928474426,0.8799999952316284,0.9100000262260437,0.9100000262260437,102300
2024-01-05,0.8830000162124634,0.9390000104904175,0.8830000162124634,0.906000018119812,0.906000018119812,85400
2024-01-08,0.9089999794960022,0.949999988079071,0.8809999823570251,0.9290000200271606,0.9290000200271606,99500
2024-01-09,0.9100000262260437,0.949999988079071,0.9089999794960022,0.9110000133514404,0.9110000133514404,28700
2024-01-10,0.9390000104904175,0.949999988079071,0.8899999856948853,0.9139999747276306,0.9139999747276306,52600
2024-01-11,0.9139999747276306,0.949999988079071,0.8799999952316284,0.8899999856948853,0.8899999856948853,50000
2024-01-12,0.8949999809265137,0.9399999976158142,0.8899999856948853,0.9399999976158142,0.9399999976158142,106300
2024-01-16,0.9399999976158142,1.0099999904632568,0.9300000071525574,0.9599999785423279,0.9599999785423279,306400
2024-01-17,0.9430000185966492,0.9890000224113464,0.925000011920929,0.949999988079071,0.949999988079071,101600
2024-01-18,0.9399999976158142,0.9490000009536743,0.9200000166893005,0.9200000166893005,0.9200000166893005,50000
2024-01-19,0.9390000104904175,0.9509999752044678,0.8899999856948853,0.9300000071525574,0.9300000071525574,86700
2024-01-22,0.9490000009536743,0.9599999785423279,0.9010000228881836,0.921999990940094,0.921999990940094,102800
2024-01-23,0.921999990940094,0.9800000190734863,0.921999990940094,0.9599999785423279,0.9599999785423279,73000
2024-01-24,0.9599999785423279,0.9599999785423279,0.9300000071525574,0.9350000023841858,0.9350000023841858,90300
2024-01-25,0.9300000071525574,1.0499999523162842,0.9300000071525574,1.0,1.0,799100
2024-01-26,1.0199999809265137,1.0399999618530273,0.9900000095367432,1.0049999952316284,1.0049999952316284,160300
2024-01-29,1.0199999809265137,1.0499999523162842,1.003000020980835,1.0399999618530273,1.0399999618530273,167200
2024-01-30,1.0399999618530273,1.0499999523162842,0.9929999709129333,1.0199999809265137,1.0199999809265137,149700
2024-01-31,1.0,1.0369999408721924,0.9710000157356262,0.9900000095367432,0.9900000095367432,131100
2024-02-01,1.0099999904632568,1.0399999618530273,0.9800000190734863,1.0,1.0,343000
2024-02-02,1.0,1.0099999904632568,0.9599999785423279,0.9800000190734863,0.9800000190734863,121300
2024-02-05,0.9559999704360962,1.0049999952316284,0.949999988079071,0.949999988079071,0.949999988079071,120600
2024-02-06,0.949999988079071,1.0,0.9440000057220459,1.0,1.0,161900
2024-02-07,1.0,1.0,0.9100000262260437,0.9319999814033508,0.9319999814033508,246900
2024-02-08,0.9340000152587891,0.949999988079071,0.9240000247955322,0.9390000104904175,0.9390000104904175,214100
2024-02-09,0.9399999976158142,0.9399999976158142,0.875,0.8999999761581421,0.8999999761581421,253400
2024-02-12,0.9010000228881836,0.9359999895095825,0.8799999952316284,0.9100000262260437,0.9100000262260437,437100
2024-02-13,0.8899999856948853,0.9100000262260437,0.8799999952316284,0.8799999952316284,0.8799999952316284,146100
2024-02-14,0.8799999952316284,0.9200000166893005,0.8650000095367432,0.8999999761581421,0.8999999761581421,181800
2024-02-15,0.9079999923706055,0.9139999747276306,0.8709999918937683,0.8849999904632568,0.8849999904632568,160800
2024-02-16,0.8849999904632568,0.9309999942779541,0.8849999904632568,0.9010000228881836,0.9010000228881836,176000
2024-02-20,0.9200000166893005,0.9480000138282776,0.8640000224113464,0.8830000162124634,0.8830000162124634,96800
2024-02-21,0.871999979019165,0.925000011920929,0.8700000047683716,0.8989999890327454,0.8989999890327454,128700
2024-02-22,0.8899999856948853,0.9079999923706055,0.871999979019165,0.8949999809265137,0.8949999809265137,108300
2024-02-23,0.9089999794960022,0.9200000166893005,0.8799999952316284,0.8899999856948853,0.8899999856948853,81300
2024-02-26,0.8809999823570251,0.9200000166893005,0.8759999871253967,0.8799999952316284,0.8799999952316284,123600
2024-02-27,0.9049999713897705,0.9100000262260437,0.8460000157356262,0.8700000047683716,0.8700000047683716,149300
2024-02-28,0.8999999761581421,0.9200000166893005,0.8500000238418579,0.8600000143051147,0.8600000143051147,140700
2024-02-29,0.8289999961853027,0.9200000166893005,0.8289999961853027,0.902999997138977,0.902999997138977,230500
2024-03-01,0.8790000081062317,0.9380000233650208,0.8790000081062317,0.9200000166893005,0.9200000166893005,258600
2024-03-04,0.8999999761581421,0.9200000166893005,0.8399999737739563,0.8519999980926514,0.8519999980926514,165000
2024-03-05,0.8500000238418579,0.875,0.8299999833106995,0.8420000076293945,0.8420000076293945,140700
2024-03-06,0.8299999833106995,0.875,0.8299999833106995,0.8659999966621399,0.8659999966621399,39000
2024-03-07,0.8600000143051147,0.8629999756813049,0.8299999833106995,0.8299999833106995,0.8299999833106995,136500
2024-03-08,0.8199999928474426,0.8799999952316284,0.8199999928474426,0.8199999928474426,0.8199999928474426,87800
2024-03-11,0.8389999866485596,0.8700000047683716,0.8149999976158142,0.828000009059906,0.828000009059906,90700
2024-03-12,0.8500000238418579,0.8600000143051147,0.8199999928474426,0.8199999928474426,0.8199999928474426,43300
2024-03-13,0.8209999799728394,0.8600000143051147,0.8119999766349792,0.8299999833106995,0.8299999833106995,60400
2024-03-14,0.824999988079071,0.8299999833106995,0.7820000052452087,0.8149999976158142,0.8149999976158142,121900
2024-03-15,0.8009999990463257,0.8399999737739563,0.7860000133514404,0.7860000133514404,0.7860000133514404,656100
2024-03-18,0.7860000133514404,0.8349999785423279,0.7599999904632568,0.796999990940094,0.796999990940094,322000
2024-03-19,0.7749999761581421,0.8399999737739563,0.7749999761581421,0.8299999833106995,0.8299999833106995,90000
2024-03-20,0.8100000023841858,0.8399999737739563,0.8009999990463257,0.8259999752044678,0.8259999752044678,103600
2024-03-21,0.8299999833106995,0.8399999737739563,0.8199999928474426,0.8299999833106995,0.8299999833106995,83600
2024-03-22,0.8169999718666077,0.9459999799728394,0.8149999976158142,0.9290000200271606,0.9290000200271606,313800
2024-03-25,0.9399999976158142,0.9679999947547913,0.8999999761581421,0.8999999761581421,0.8999999761581421,228000
2024-03-26,0.8899999856948853,1.024999976158142,0.8899999856948853,0.9810000061988831,0.9810000061988831,769800
2024-03-27,1.0,1.0499999523162842,0.9900000095367432,1.0399999618530273,1.0399999618530273,282900
2024-03-28,1.0499999523162842,1.100000023841858,1.0399999618530273,1.0800000429153442,1.0800000429153442,345900
2024-04-01,1.0700000524520874,1.100000023841858,1.0,1.0099999904632568,1.0099999904632568,251100
2024-04-02,1.0199999809265137,1.0299999713897705,0.9589999914169312,1.0099999904632568,1.0099999904632568,189000
2024-04-03,0.9900000095367432,1.2000000476837158,0.9810000061988831,1.1699999570846558,1.1699999570846558,347700
2024-04-04,1.1699999570846558,1.2000000476837158,1.0199999809265137,1.0700000524520874,1.0700000524520874,415200
2024-04-05,1.059999942779541,1.159999966621399,0.9819999933242798,0.9900000095367432,0.9900000095367432,213900
2024-04-08,0.9900000095367432,1.0440000295639038,0.9800000190734863,1.0099999904632568,1.0099999904632568,223500
2024-04-09,1.0,1.059999942779541,0.9800000190734863,1.0399999618530273,1.0399999618530273,92700
2024-04-10,1.0199999809265137,1.0399999618530273,0.9980000257492065,0.9990000128746033,0.9990000128746033,97300
2024-04-11,1.0180000066757202,1.0399999618530273,0.9599999785423279,0.9779999852180481,0.9779999852180481,194200
2024-04-12,0.9599999785423279,1.0,0.9399999976158142,0.9480000138282776,0.9480000138282776,130600
2024-04-15,0.949999988079071,1.0,0.9200000166893005,0.9599999785423279,0.9599999785423279,171800
2024-04-16,0.9309999942779541,0.953000009059906,0.9200000166893005,0.9309999942779541,0.9309999942779541,90400
2024-04-17,0.9269999861717224,0.949999988079071,0.9200000166893005,0.9300000071525574,0.9300000071525574,43100
2024-04-18,0.949999988079071,0.9649999737739563,0.9200000166893005,0.9200000166893005,0.9200000166893005,77200
2024-04-19,0.9200000166893005,0.9390000104904175,0.8999999761581421,0.8999999761581421,0.8999999761581421,71800
2024-04-22,0.8999999761581421,0.9300000071525574,0.8999999761581421,0.9010000228881836,0.9010000228881836,89300
2024-04-23,0.8999999761581421,0.9190000295639038,0.8999999761581421,0.9100000262260437,0.9100000262260437,81700
2024-04-24,0.8999999761581421,0.9309999942779541,0.8799999952316284,0.8849999904632568,0.8849999904632568,147800
2024-04-25,0.8799999952316284,0.8799999952316284,0.8399999737739563,0.8460000157356262,0.8460000157356262,213700
2024-04-26,0.8399999737739563,0.8999999761581421,0.8209999799728394,0.8209999799728394,0.8209999799728394,74000
2024-04-29,0.8320000171661377,0.8769999742507935,0.8230000138282776,0.8299999833106995,0.8299999833106995,70800
2024-04-30,0.8199999928474426,1.0299999713897705,0.8009999990463257,0.9700000286102295,0.9700000286102295,717100
2024-05-01,1.0,1.0099999904632568,0.8809999823570251,0.890999972820282,0.890999972820282,344500
2024-05-02,0.8999999761581421,0.949999988079071,0.8899999856948853,0.9150000214576721,0.9150000214576721,129300
2024-05-03,0.8999999761581421,0.9399999976158142,0.8999999761581421,0.9210000038146973,0.9210000038146973,55100
2024-05-06,0.9399999976158142,0.9589999914169312,0.9229999780654907,0.9300000071525574,0.9300000071525574,136700
2024-05-07,0.9300000071525574,0.9739999771118164,0.9129999876022339,0.9300000071525574,0.9300000071525574,129700
2024-05-08,0.9150000214576721,0.949999988079071,0.9150000214576721,0.9330000281333923,0.9330000281333923,113800
2024-05-09,0.9200000166893005,0.9639999866485596,0.9020000100135803,0.9350000023841858,0.9350000023841858,122900
2024-05-10,0.9419999718666077,0.949999988079071,0.9200000166893005,0.925000011920929,0.925000011920929,97400
2024-05-13,0.9200000166893005,0.9739999771118164,0.9100000262260437,0.9240000247955322,0.9240000247955322,287300
2024-05-14,0.9300000071525574,1.0,0.9139999747276306,0.9399999976158142,0.9399999976158142,375600
2024-05-15,0.9350000023841858,0.949999988079071,0.8500000238418579,0.8899999856948853,0.8899999856948853,534700
2024-05-16,0.8999999761581421,0.9200000166893005,0.8550000190734863,0.8600000143051147,0.8600000143051147,478300
2024-05-17,0.8999999761581421,0.9200000166893005,0.8299999833106995,0.8299999833106995,0.8299999833106995,860500
2024-05-20,0.8299999833106995,0.8799999952316284,0.8299999833106995,0.8460000157356262,0.8460000157356262,124600
2024-05-21,0.8399999737739563,0.8700000047683716,0.8199999928474426,0.8199999928474426,0.8199999928474426,164500
2024-05-22,0.8330000042915344,0.8700000047683716,0.8040000200271606,0.8050000071525574,0.8050000071525574,171600
2024-05-23,0.800000011920929,0.8420000076293945,0.7900000214576721,0.7900000214576721,0.7900000214576721,201200
2024-05-24,0.7929999828338623,0.8299999833106995,0.781000018119812,0.7950000166893005,0.7950000166893005,121700
2024-05-28,0.8040000200271606,0.8199999928474426,0.7820000052452087,0.7900000214576721,0.7900000214576721,111900
2024-05-29,0.7990000247955322,0.800000011920929,0.7599999904632568,0.7649999856948853,0.7649999856948853,133400
2024-05-30,0.7649999856948853,0.800000011920929,0.7649999856948853,0.777999997138977,0.777999997138977,78300
2024-05-31,0.7749999761581421,0.8190000057220459,0.7720000147819519,0.7910000085830688,0.7910000085830688,91700
2024-06-03,0.8190000057220459,0.8299999833106995,0.7900000214576721,0.7950000166893005,0.7950000166893005,60500
2024-06-04,0.7879999876022339,0.8059999942779541,0.7599999904632568,0.7799999713897705,0.7799999713897705,138800
2024-06-05,0.7900000214576721,0.8040000200271606,0.7670000195503235,0.7730000019073486,0.7730000019073486,89100
2024-06-06,0.7799999713897705,0.7900000214576721,0.7670000195503235,0.7789999842643738,0.7789999842643738,56600
2024-06-07,0.7670000195503235,0.8040000200271606,0.7639999985694885,0.7789999842643738,0.7789999842643738,43100
2024-06-10,0.7670000195503235,0.7799999713897705,0.7609999775886536,0.7639999985694885,0.7639999985694885,53700
2024-06-11,0.75,0.7850000262260437,0.75,0.7799999713897705,0.7799999713897705,106500
2024-06-12,0.7850000262260437,0.828000009059906,0.7799999713897705,0.7799999713897705,0.7799999713897705,107900
2024-06-13,0.7720000147819519,0.8140000104904175,0.7630000114440918,0.7929999828338623,0.7929999828338623,113900
2024-06-14,0.7900000214576721,0.8100000023841858,0.7649999856948853,0.7789999842643738,0.7789999842643738,80700
2024-06-17,0.7609999775886536,0.7900000214576721,0.75,0.7599999904632568,0.7599999904632568,89400
2024-06-18,0.7599999904632568,0.7990000247955322,0.7300000190734863,0.7329999804496765,0.7329999804496765,182700
2024-06-20,0.7300000190734863,0.7450000047683716,0.7300000190734863,0.734000027179718,0.734000027179718,52400
2024-06-21,0.7300000190734863,0.75,0.7300000190734863,0.7379999756813049,0.7379999756813049,112100
2024-06-24,0.7379999756813049,0.7599999904632568,0.7110000252723694,0.7350000143051147,0.7350000143051147,79100
2024-06-25,0.7129999995231628,0.7490000128746033,0.7099999785423279,0.7129999995231628,0.7129999995231628,81300
2024-06-26,0.7129999995231628,0.7289999723434448,0.7099999785423279,0.7120000123977661,0.7120000123977661,64000
2024-06-27,0.7099999785423279,0.7250000238418579,0.699999988079071,0.7099999785423279,0.7099999785423279,96400
2024-06-28,0.75,0.75,0.6899999976158142,0.6899999976158142,0.6899999976158142,134200
2024-07-01,0.699999988079071,0.7099999785423279,0.6859999895095825,0.703000009059906,0.703000009059906,81900
2024-07-02,0.699999988079071,0.7099999785423279,0.6800000071525574,0.6830000281333923,0.6830000281333923,115500
2024-07-03,0.6880000233650208,0.6899999976158142,0.671999990940094,0.6809999942779541,0.6809999942779541,160600
2024-07-05,0.6899999976158142,0.6909999847412109,0.6690000295639038,0.6700000166893005,0.6700000166893005,120800
2024-07-08,0.6710000038146973,0.6899999976158142,0.6600000262260437,0.6660000085830688,0.6660000085830688,80100
2024-07-09,0.6600000262260437,0.6890000104904175,0.6600000262260437,0.6700000166893005,0.6700000166893005,55400
2024-07-10,0.6700000166893005,0.6800000071525574,0.6660000085830688,0.6729999780654907,0.6729999780654907,70300
2024-07-11,0.6899999976158142,0.7400000095367432,0.6710000038146973,0.6899999976158142,0.6899999976158142,283000
2024-07-12,0.6899999976158142,0.7099999785423279,0.6899999976158142,0.699999988079071,0.699999988079071,105600
2024-07-15,0.7059999704360962,0.7300000190734863,0.6650000214576721,0.6740000247955322,0.6740000247955322,480800
2024-07-16,0.6949999928474426,0.7160000205039978,0.6499999761581421,0.6959999799728394,0.6959999799728394,200600
2024-07-17,0.6909999847412109,0.699999988079071,0.6610000133514404,0.671999990940094,0.671999990940094,329000
2024-07-18,0.6610000133514404,0.6990000009536743,0.6610000133514404,0.6639999747276306,0.6639999747276306,102900
2024-07-19,0.6600000262260437,0.6700000166893005,0.6399999856948853,0.6510000228881836,0.6510000228881836,65900
2024-07-22,0.6700000166893005,0.6700000166893005,0.6399999856948853,0.656000018119812,0.656000018119812,66700
2024-07-23,0.6940000057220459,0.6949999928474426,0.6520000100135803,0.6700000166893005,0.6700000166893005,89900
2024-07-24,0.6570000052452087,0.6800000071525574,0.6549999713897705,0.6600000262260437,0.6600000262260437,92900
2024-07-25,0.6600000262260437,0.6740000247955322,0.6449999809265137,0.6480000019073486,0.6480000019073486,119300
2024-07-26,0.6600000262260437,0.6790000200271606,0.6499999761581421,0.6600000262260437,0.6600000262260437,54600
2024-07-29,0.652999997138977,0.6700000166893005,0.628000020980835,0.6380000114440918,0.6380000114440918,124600
2024-07-30,0.6299999952316284,0.6600000262260437,0.6100000143051147,0.6230000257492065,0.6230000257492065,216700
2024-07-31,0.6290000081062317,0.6499999761581421,0.621999979019165,0.6359999775886536,0.6359999775886536,88800
2024-08-01,0.640999972820282,0.6700000166893005,0.6100000143051147,0.6439999938011169,0.6439999938011169,118100
2024-08-02,0.6259999871253967,0.6600000262260437,0.5509999990463257,0.5849999785423279,0.5849999785423279,375700
2024-08-05,0.5789999961853027,0.5789999961853027,0.5199999809265137,0.550000011920929,0.550000011920929,262400
2024-08-06,0.5730000138282776,0.593999981880188,0.5400000214576721,0.5429999828338623,0.5429999828338623,124800
2024-08-07,0.5600000023841858,0.5600000023841858,0.5260000228881836,0.5329999923706055,0.5329999923706055,142400
2024-08-08,0.6499999761581421,0.6499999761581421,0.531000018119812,0.5410000085830688,0.5410000085830688,188500
2024-08-09,0.5699999928474426,0.5699999928474426,0.5400000214576721,0.5429999828338623,0.5429999828338623,92200
2024-08-12,0.5400000214576721,0.550000011920929,0.5099999904632568,0.5149999856948853,0.5149999856948853,101800
2024-08-13,0.5220000147819519,0.5559999942779541,0.5199999809265137,0.5329999923706055,0.5329999923706055,118500
2024-08-14,0.5429999828338623,0.5649999976158142,0.5429999828338623,0.5540000200271606,0.5540000200271606,150500
2024-08-15,0.5659999847412109,0.5720000267028809,0.5419999957084656,0.5479999780654907,0.5479999780654907,210700
2024-08-16,0.5400000214576721,0.574999988079071,0.5400000214576721,0.5540000200271606,0.5540000200271606,108900
2024-08-19,0.550000011920929,0.5720000267028809,0.550000011920929,0.5559999942779541,0.5559999942779541,41800
2024-08-20,0.5600000023841858,0.5799999833106995,0.5400000214576721,0.5450000166893005,0.5450000166893005,68500
2024-08-21,0.5400000214576721,0.578000009059906,0.5400000214576721,0.5550000071525574,0.5550000071525574,34000
2024-08-22,0.5690000057220459,0.5720000267028809,0.5509999990463257,0.5509999990463257,0.5509999990463257,70600
2024-08-23,0.5519999861717224,0.5799999833106995,0.5519999861717224,0.5640000104904175,0.5640000104904175,41700
2024-08-26,0.5699999928474426,0.5799999833106995,0.5509999990463257,0.5509999990463257,0.5509999990463257,50400
2024-08-27,0.5400000214576721,0.5789999961853027,0.5,0.5090000033378601,0.5090000033378601,222800
2024-08-28,0.5299999713897705,0.5460000038146973,0.4790000021457672,0.4790000021457672,0.4790000021457672,384300
2024-08-29,0.47099998593330383,0.5,0.44999998807907104,0.4620000123977661,0.4620000123977661,181800
2024-08-30,0.46000000834465027,0.49000000953674316,0.4300000071525574,0.4359999895095825,0.4359999895095825,314600
2024-09-03,0.4699999988079071,0.5299999713897705,0.4399999976158142,0.5080000162124634,0.5080000162124634,1821600
2024-09-04,0.5130000114440918,0.6269999742507935,0.5080000162124634,0.6010000109672546,0.6010000109672546,748400
2024-09-05,0.6259999871253967,0.6290000081062317,0.5699999928474426,0.6000000238418579,0.6000000238418579,185500
2024-09-06,0.5979999899864197,0.628000020980835,0.5820000171661377,0.6100000143051147,0.6100000143051147,341600
2024-09-09,0.6000000238418579,0.6489999890327454,0.5899999737739563,0.6399999856948853,0.6399999856948853,220100
2024-09-10,0.6399999856948853,0.6850000023841858,0.6309999823570251,0.6800000071525574,0.6800000071525574,251500
2024-09-11,0.6779999732971191,0.699999988079071,0.6700000166893005,0.6899999976158142,0.6899999976158142,287200
2024-09-12,0.6869999766349792,0.7129999995231628,0.6669999957084656,0.6909999847412109,0.6909999847412109,335300
2024-09-13,0.7059999704360962,0.7139999866485596,0.6909999847412109,0.699999988079071,0.699999988079071,174200
2024-09-16,0.6899999976158142,0.7300000190734863,0.6800000071525574,0.7210000157356262,0.7210000157356262,412200
2024-09-17,0.722000002861023,0.722000002861023,0.6959999799728394,0.699999988079071,0.699999988079071,419300
2024-09-18,0.699999988079071,0.7120000123977661,0.6800000071525574,0.6899999976158142,0.6899999976158142,243600
2024-09-19,0.6899999976158142,0.7170000076293945,0.6499999761581421,0.6660000085830688,0.6660000085830688,330900
2024-09-20,0.6520000100135803,0.7089999914169312,0.6510000228881836,0.6539999842643738,0.6539999842643738,258300
2024-09-23,0.6420000195503235,0.6589999794960022,0.6420000195503235,0.6570000052452087,0.6570000052452087,100000
2024-09-24,0.6499999761581421,0.6800000071525574,0.6309999823570251,0.6489999890327454,0.6489999890327454,170800
