Date,Open,High,Low,Close,Adj Close,Volume
2022-02-08,9.850000381469727,10.0,9.850000381469727,9.970000267028809,9.970000267028809,2700
2022-02-09,10.0,10.0,9.880000114440918,9.880000114440918,9.880000114440918,8400
2022-02-10,9.880000114440918,9.880000114440918,9.869999885559082,9.880000114440918,9.880000114440918,400
2022-02-11,9.880000114440918,9.880000114440918,9.880000114440918,9.880000114440918,9.880000114440918,0
2022-02-14,9.869999885559082,9.899999618530273,9.869999885559082,9.899999618530273,9.899999618530273,10400
2022-02-15,9.899999618530273,9.899999618530273,9.899999618530273,9.899999618530273,9.899999618530273,0
2022-02-16,9.899999618530273,9.899999618530273,9.899999618530273,9.899999618530273,9.899999618530273,0
2022-02-17,9.904999732971191,9.904999732971191,9.904999732971191,9.904999732971191,9.904999732971191,200
2022-02-18,9.904999732971191,9.904999732971191,9.904999732971191,9.904999732971191,9.904999732971191,0
2022-02-22,9.90999984741211,9.90999984741211,9.899999618530273,9.899999618530273,9.899999618530273,3000
2022-02-23,9.899999618530273,9.899999618530273,9.899999618530273,9.899999618530273,9.899999618530273,0
2022-02-24,9.89799976348877,9.89799976348877,9.89799976348877,9.89799976348877,9.89799976348877,500
2022-02-25,9.89799976348877,9.89799976348877,9.89799976348877,9.89799976348877,9.89799976348877,0
2022-02-28,9.89799976348877,9.89799976348877,9.89799976348877,9.89799976348877,9.89799976348877,0
2022-03-01,9.89799976348877,9.89799976348877,9.89799976348877,9.89799976348877,9.89799976348877,0
2022-03-02,9.89799976348877,9.89799976348877,9.89799976348877,9.89799976348877,9.89799976348877,0
2022-03-03,9.90999984741211,9.920000076293945,9.880000114440918,9.890000343322754,9.890000343322754,22000
2022-03-04,9.890000343322754,9.890000343322754,9.890000343322754,9.890000343322754,9.890000343322754,0
2022-03-07,9.890000343322754,9.890000343322754,9.890000343322754,9.890000343322754,9.890000343322754,74200
2022-03-08,9.890000343322754,9.890000343322754,9.890000343322754,9.890000343322754,9.890000343322754,0
2022-03-09,9.90999984741211,9.960000038146973,9.899999618530273,9.960000038146973,9.960000038146973,11200
2022-03-10,9.960000038146973,9.960000038146973,9.960000038146973,9.960000038146973,9.960000038146973,0
2022-03-11,9.960000038146973,9.960000038146973,9.960000038146973,9.960000038146973,9.960000038146973,0
2022-03-14,9.960000038146973,9.960000038146973,9.960000038146973,9.960000038146973,9.960000038146973,0
2022-03-15,9.960000038146973,9.960000038146973,9.960000038146973,9.960000038146973,9.960000038146973,0
2022-03-16,9.960000038146973,9.960000038146973,9.960000038146973,9.960000038146973,9.960000038146973,0
2022-03-17,9.960000038146973,9.960000038146973,9.960000038146973,9.960000038146973,9.960000038146973,0
2022-03-18,9.960000038146973,9.979999542236328,9.960000038146973,9.979999542236328,9.979999542236328,1800
2022-03-21,9.944999694824219,9.944999694824219,9.899999618530273,9.899999618530273,9.899999618530273,32400
2022-03-22,9.899999618530273,9.899999618530273,9.899999618530273,9.899999618530273,9.899999618530273,0
2022-03-23,9.920000076293945,10.07699966430664,9.920000076293945,10.07699966430664,10.07699966430664,200
2022-03-24,10.07699966430664,10.07699966430664,10.07699966430664,10.07699966430664,10.07699966430664,0
2022-03-25,10.770000457763672,10.770000457763672,9.899999618530273,9.960000038146973,9.960000038146973,91700
2022-03-28,9.960000038146973,9.960000038146973,9.949999809265137,9.949999809265137,9.949999809265137,15800
2022-03-29,9.949999809265137,9.960000038146973,9.949999809265137,9.960000038146973,9.960000038146973,500
2022-03-30,9.960000038146973,9.960000038146973,9.960000038146973,9.960000038146973,9.960000038146973,0
2022-03-31,9.970000267028809,9.979999542236328,9.930000305175781,9.979999542236328,9.979999542236328,26500
2022-04-01,9.979999542236328,9.979999542236328,9.979999542236328,9.979999542236328,9.979999542236328,0
2022-04-04,9.944999694824219,9.944999694824219,9.9350004196167,9.9399995803833,9.9399995803833,34800
2022-04-05,9.960000038146973,9.979999542236328,9.949999809265137,9.979999542236328,9.979999542236328,34500
2022-04-06,9.979999542236328,9.979999542236328,9.979999542236328,9.979999542236328,9.979999542236328,0
2022-04-07,9.970000267028809,9.972000122070312,9.949999809265137,9.949999809265137,9.949999809265137,11100
2022-04-08,9.960000038146973,9.960000038146973,9.960000038146973,9.960000038146973,9.960000038146973,2900
2022-04-11,9.989999771118164,9.989999771118164,9.989999771118164,9.989999771118164,9.989999771118164,36900
2022-04-12,9.979999542236328,9.989999771118164,9.979999542236328,9.979999542236328,9.979999542236328,126200
2022-04-13,10.0,10.0,10.0,10.0,10.0,1400
2022-04-14,10.0,10.0,10.0,10.0,10.0,0
2022-04-18,9.970000267028809,9.979999542236328,9.960000038146973,9.970000267028809,9.970000267028809,37000
2022-04-19,9.989999771118164,9.989999771118164,9.970000267028809,9.977999687194824,9.977999687194824,47700
2022-04-20,10.0,10.0,10.0,10.0,10.0,5400
2022-04-21,10.0,10.0,10.0,10.0,10.0,0
2022-04-22,10.0,10.0,10.0,10.0,10.0,0
2022-04-25,10.010000228881836,10.015000343322754,10.0,10.0,10.0,15200
2022-04-26,10.010000228881836,10.010000228881836,10.010000228881836,10.010000228881836,10.010000228881836,132900
2022-04-27,10.020000457763672,10.020000457763672,10.020000457763672,10.020000457763672,10.020000457763672,131900
2022-04-28,10.010000228881836,10.010000228881836,10.010000228881836,10.010000228881836,10.010000228881836,300
2022-04-29,10.039999961853027,10.039999961853027,10.0,10.0,10.0,19100
2022-05-02,10.010000228881836,10.029999732971191,10.0,10.0,10.0,48700
2022-05-03,11.00100040435791,11.015000343322754,10.010000228881836,10.010000228881836,10.010000228881836,1028300
2022-05-04,10.020000457763672,10.029999732971191,10.020000457763672,10.029999732971191,10.029999732971191,300
2022-05-05,10.020000457763672,10.020000457763672,10.010000228881836,10.010000228881836,10.010000228881836,30200
2022-05-06,10.010000228881836,10.010000228881836,10.0,10.0,10.0,304800
2022-05-09,10.0,10.0,10.0,10.0,10.0,10500
2022-05-10,10.015000343322754,10.239999771118164,9.979999542236328,9.989999771118164,9.989999771118164,23700
2022-05-11,9.970000267028809,10.104999542236328,9.970000267028809,10.0,10.0,2200
2022-05-12,10.0,10.0,10.0,10.0,10.0,0
2022-05-13,10.0,10.0,10.0,10.0,10.0,0
2022-05-16,10.0,10.0,10.0,10.0,10.0,0
2022-05-17,9.960000038146973,9.960000038146973,9.960000038146973,9.960000038146973,9.960000038146973,1000
2022-05-18,9.960000038146973,9.960000038146973,9.960000038146973,9.960000038146973,9.960000038146973,0
2022-05-19,9.949999809265137,9.949999809265137,9.949999809265137,9.949999809265137,9.949999809265137,2300
2022-05-20,9.949999809265137,9.949999809265137,9.949999809265137,9.949999809265137,9.949999809265137,800
2022-05-23,9.949999809265137,9.989999771118164,9.9399995803833,9.949999809265137,9.949999809265137,643600
2022-05-24,9.949999809265137,9.949999809265137,9.949999809265137,9.949999809265137,9.949999809265137,22200
2022-05-25,9.949999809265137,9.949999809265137,9.949999809265137,9.949999809265137,9.949999809265137,0
2022-05-26,9.960000038146973,9.960000038146973,9.949999809265137,9.949999809265137,9.949999809265137,52300
2022-05-27,9.960000038146973,9.970000267028809,9.960000038146973,9.970000267028809,9.970000267028809,37200
2022-05-31,9.979999542236328,9.979999542236328,9.960000038146973,9.960000038146973,9.960000038146973,933300
2022-06-01,9.960000038146973,9.960000038146973,9.960000038146973,9.960000038146973,9.960000038146973,105500
2022-06-02,9.960000038146973,9.960000038146973,9.960000038146973,9.960000038146973,9.960000038146973,2100
2022-06-03,9.970000267028809,9.970000267028809,9.960000038146973,9.970000267028809,9.970000267028809,10800
2022-06-06,9.970000267028809,9.970000267028809,9.970000267028809,9.970000267028809,9.970000267028809,0
2022-06-07,9.979999542236328,9.979999542236328,9.979999542236328,9.979999542236328,9.979999542236328,259500
2022-06-08,9.979999542236328,9.989999771118164,9.979999542236328,9.98900032043457,9.98900032043457,51900
2022-06-09,10.0,10.0,9.99899959564209,9.99899959564209,9.99899959564209,5500
2022-06-10,10.010000228881836,10.010000228881836,10.0,10.0,10.0,10100
2022-06-13,10.010000228881836,10.010000228881836,9.979999542236328,9.979999542236328,9.979999542236328,47000
2022-06-14,9.979999542236328,9.979999542236328,9.979999542236328,9.979999542236328,9.979999542236328,10000
2022-06-15,9.979999542236328,9.979999542236328,9.979999542236328,9.979999542236328,9.979999542236328,0
2022-06-16,9.979999542236328,9.979999542236328,9.979999542236328,9.979999542236328,9.979999542236328,0
2022-06-17,10.010000228881836,10.010000228881836,9.994999885559082,10.010000228881836,10.010000228881836,24000
2022-06-21,10.010000228881836,10.010000228881836,10.010000228881836,10.010000228881836,10.010000228881836,0
2022-06-22,10.010000228881836,10.010000228881836,10.010000228881836,10.010000228881836,10.010000228881836,0
2022-06-23,10.010000228881836,10.010000228881836,10.010000228881836,10.010000228881836,10.010000228881836,0
2022-06-24,10.010000228881836,10.010000228881836,10.010000228881836,10.010000228881836,10.010000228881836,0
2022-06-27,10.010000228881836,10.010000228881836,10.010000228881836,10.010000228881836,10.010000228881836,0
2022-06-28,10.010000228881836,10.010000228881836,10.010000228881836,10.010000228881836,10.010000228881836,0
2022-06-29,10.010000228881836,10.010000228881836,10.010000228881836,10.010000228881836,10.010000228881836,0
2022-06-30,10.020000457763672,10.020000457763672,10.020000457763672,10.020000457763672,10.020000457763672,300
2022-07-01,10.0,10.005000114440918,10.0,10.0,10.0,2900
2022-07-05,10.0,10.0,10.0,10.0,10.0,0
2022-07-06,10.0,10.0,10.0,10.0,10.0,0
2022-07-07,9.994999885559082,9.994999885559082,9.994999885559082,9.994999885559082,9.994999885559082,58000
2022-07-08,9.989999771118164,10.0,9.979999542236328,9.989999771118164,9.989999771118164,7000
2022-07-11,9.989999771118164,9.989999771118164,9.979999542236328,9.989999771118164,9.989999771118164,6600
2022-07-12,10.020000457763672,10.029999732971191,10.020000457763672,10.029999732971191,10.029999732971191,1800
2022-07-13,10.5,10.5,9.989999771118164,9.989999771118164,9.989999771118164,7100
2022-07-14,9.989999771118164,9.989999771118164,9.989999771118164,9.989999771118164,9.989999771118164,200
2022-07-15,10.0,10.0,9.979999542236328,9.989999771118164,9.989999771118164,101900
2022-07-18,9.989999771118164,9.989999771118164,9.989999771118164,9.989999771118164,9.989999771118164,4100
2022-07-19,10.029999732971191,10.029999732971191,9.989999771118164,9.989999771118164,9.989999771118164,900
2022-07-20,10.0,10.029999732971191,10.0,10.029999732971191,10.029999732971191,500
2022-07-21,10.029999732971191,10.029999732971191,10.029999732971191,10.029999732971191,10.029999732971191,200
2022-07-22,10.029999732971191,10.029999732971191,10.029999732971191,10.029999732971191,10.029999732971191,0
2022-07-25,10.03499984741211,10.03499984741211,10.029999732971191,10.03499984741211,10.03499984741211,50000
2022-07-26,10.024999618530273,10.029999732971191,10.024999618530273,10.029999732971191,10.029999732971191,4400
2022-07-27,10.024999618530273,10.024999618530273,10.024999618530273,10.024999618530273,10.024999618530273,10000
2022-07-28,10.024999618530273,10.024999618530273,10.024999618530273,10.024999618530273,10.024999618530273,0
2022-07-29,10.029999732971191,10.039999961853027,10.029999732971191,10.039999961853027,10.039999961853027,13300
2022-08-01,10.03499984741211,10.039999961853027,10.03499984741211,10.039999961853027,10.039999961853027,4900
2022-08-02,10.039999961853027,10.039999961853027,10.039999961853027,10.039999961853027,10.039999961853027,0
2022-08-03,10.039999961853027,10.039999961853027,10.029999732971191,10.039999961853027,10.039999961853027,5800
2022-08-04,10.039999961853027,10.050000190734863,10.039999961853027,10.050000190734863,10.050000190734863,2600
2022-08-05,10.0600004196167,10.0600004196167,10.029999732971191,10.0600004196167,10.0600004196167,3800
2022-08-08,10.0600004196167,10.0600004196167,10.0600004196167,10.0600004196167,10.0600004196167,0
2022-08-09,10.0600004196167,10.0600004196167,10.0600004196167,10.0600004196167,10.0600004196167,700
2022-08-10,10.050000190734863,10.050000190734863,10.050000190734863,10.050000190734863,10.050000190734863,32900
2022-08-11,10.0600004196167,10.069999694824219,10.039999961853027,10.039999961853027,10.039999961853027,15800
2022-08-12,10.069999694824219,10.069999694824219,10.039999961853027,10.039999961853027,10.039999961853027,600
2022-08-15,10.050000190734863,10.050000190734863,10.039999961853027,10.050000190734863,10.050000190734863,50700
2022-08-16,10.050000190734863,10.050000190734863,10.050000190734863,10.050000190734863,10.050000190734863,0
2022-08-17,10.069999694824219,10.069999694824219,10.069999694824219,10.069999694824219,10.069999694824219,500
2022-08-18,10.069999694824219,10.069999694824219,10.069999694824219,10.069999694824219,10.069999694824219,0
2022-08-19,10.069999694824219,10.069999694824219,10.069999694824219,10.069999694824219,10.069999694824219,0
2022-08-22,10.069999694824219,10.069999694824219,10.069999694824219,10.069999694824219,10.069999694824219,0
2022-08-23,10.0600004196167,10.0600004196167,10.0600004196167,10.0600004196167,10.0600004196167,1000
2022-08-24,10.0600004196167,10.0600004196167,10.0600004196167,10.0600004196167,10.0600004196167,0
2022-08-25,10.050000190734863,10.0600004196167,10.039999961853027,10.0600004196167,10.0600004196167,800
2022-08-26,10.0600004196167,10.0600004196167,10.0600004196167,10.0600004196167,10.0600004196167,0
2022-08-29,10.0600004196167,10.0600004196167,10.0600004196167,10.0600004196167,10.0600004196167,0
2022-08-30,10.0600004196167,10.0600004196167,10.0600004196167,10.0600004196167,10.0600004196167,5200
2022-08-31,10.0600004196167,10.069999694824219,10.0600004196167,10.0600004196167,10.0600004196167,11000
2022-09-01,10.0600004196167,10.0600004196167,10.0600004196167,10.0600004196167,10.0600004196167,200
2022-09-02,10.0600004196167,10.0600004196167,10.0600004196167,10.0600004196167,10.0600004196167,0
2022-09-06,10.069999694824219,10.09000015258789,10.069999694824219,10.079999923706055,10.079999923706055,144700
2022-09-07,10.100000381469727,10.100000381469727,10.079999923706055,10.079999923706055,10.079999923706055,250200
2022-09-08,10.079999923706055,10.079999923706055,10.079999923706055,10.079999923706055,10.079999923706055,9500
2022-09-09,10.079999923706055,10.079999923706055,10.079999923706055,10.079999923706055,10.079999923706055,0
2022-09-12,10.079999923706055,10.100000381469727,10.079999923706055,10.100000381469727,10.100000381469727,1400
2022-09-13,10.100000381469727,10.100000381469727,10.100000381469727,10.100000381469727,10.100000381469727,0
2022-09-14,10.079999923706055,10.079999923706055,10.079999923706055,10.079999923706055,10.079999923706055,200
2022-09-15,10.109999656677246,10.109999656677246,10.100000381469727,10.100000381469727,10.100000381469727,400
2022-09-16,10.100000381469727,10.100000381469727,10.100000381469727,10.100000381469727,10.100000381469727,0
2022-09-19,10.09000015258789,10.109999656677246,10.079999923706055,10.109999656677246,10.109999656677246,69900
2022-09-20,10.109999656677246,10.109999656677246,10.109999656677246,10.109999656677246,10.109999656677246,0
2022-09-21,10.100000381469727,10.100000381469727,10.100000381469727,10.100000381469727,10.100000381469727,200
2022-09-22,10.119999885559082,10.119999885559082,10.100000381469727,10.100000381469727,10.100000381469727,400
2022-09-23,10.100000381469727,10.100000381469727,10.100000381469727,10.100000381469727,10.100000381469727,0
2022-09-26,10.100000381469727,10.100000381469727,10.100000381469727,10.100000381469727,10.100000381469727,0
2022-09-27,10.09000015258789,10.09000015258789,10.09000015258789,10.09000015258789,10.09000015258789,400
2022-09-28,10.09000015258789,10.09000015258789,10.09000015258789,10.09000015258789,10.09000015258789,0
2022-09-29,10.09000015258789,10.09000015258789,10.09000015258789,10.09000015258789,10.09000015258789,0
2022-09-30,10.109999656677246,10.109999656677246,10.109999656677246,10.109999656677246,10.109999656677246,200
2022-10-03,10.119999885559082,10.119999885559082,10.119999885559082,10.119999885559082,10.119999885559082,2500
2022-10-04,10.119999885559082,10.119999885559082,10.119999885559082,10.119999885559082,10.119999885559082,0
2022-10-05,10.109999656677246,10.109999656677246,10.109999656677246,10.109999656677246,10.109999656677246,100
2022-10-06,10.119999885559082,10.130000114440918,10.119999885559082,10.119999885559082,10.119999885559082,5000
2022-10-07,10.125,10.125,10.125,10.125,10.125,199900
2022-10-10,10.125,10.125,10.119999885559082,10.119999885559082,10.119999885559082,5000
2022-10-11,10.130000114440918,10.130000114440918,10.119999885559082,10.119999885559082,10.119999885559082,383300
2022-10-12,10.130000114440918,10.140000343322754,10.130000114440918,10.140000343322754,10.140000343322754,900
2022-10-13,10.130000114440918,10.130000114440918,10.130000114440918,10.130000114440918,10.130000114440918,21300
2022-10-14,10.130000114440918,10.130000114440918,10.119999885559082,10.119999885559082,10.119999885559082,380100
2022-10-17,10.130000114440918,10.130000114440918,10.130000114440918,10.130000114440918,10.130000114440918,1400
2022-10-18,10.130000114440918,10.130000114440918,10.130000114440918,10.130000114440918,10.130000114440918,0
2022-10-19,10.140000343322754,10.140000343322754,10.140000343322754,10.140000343322754,10.140000343322754,20100
2022-10-20,10.140000343322754,10.140000343322754,10.140000343322754,10.140000343322754,10.140000343322754,0
2022-10-21,10.140000343322754,10.140000343322754,10.140000343322754,10.140000343322754,10.140000343322754,0
2022-10-24,10.140000343322754,10.140000343322754,10.140000343322754,10.140000343322754,10.140000343322754,0
2022-10-25,10.154999732971191,10.15999984741211,10.149999618530273,10.15999984741211,10.15999984741211,153500
2022-10-26,10.15999984741211,10.15999984741211,10.15999984741211,10.15999984741211,10.15999984741211,0
2022-10-27,10.15999984741211,10.15999984741211,10.15999984741211,10.15999984741211,10.15999984741211,0
2022-10-28,10.15999984741211,10.15999984741211,10.15999984741211,10.15999984741211,10.15999984741211,0
2022-10-31,10.15999984741211,10.15999984741211,10.15999984741211,10.15999984741211,10.15999984741211,530100
2022-11-01,10.180000305175781,10.180000305175781,10.180000305175781,10.180000305175781,10.180000305175781,3100
2022-11-02,10.180000305175781,10.180000305175781,10.180000305175781,10.180000305175781,10.180000305175781,200
2022-11-03,10.180000305175781,10.180000305175781,10.180000305175781,10.180000305175781,10.180000305175781,0
2022-11-04,10.180000305175781,10.180000305175781,10.180000305175781,10.180000305175781,10.180000305175781,0
2022-11-07,10.1899995803833,10.1899995803833,10.1899995803833,10.1899995803833,10.1899995803833,100
2022-11-08,10.1899995803833,10.1899995803833,10.1899995803833,10.1899995803833,10.1899995803833,442300
2022-11-09,10.1899995803833,10.1899995803833,10.1899995803833,10.1899995803833,10.1899995803833,100
2022-11-10,10.1899995803833,10.199999809265137,10.1899995803833,10.1899995803833,10.1899995803833,94000
2022-11-11,10.1899995803833,10.199999809265137,10.1899995803833,10.199999809265137,10.199999809265137,12900
2022-11-14,10.199999809265137,10.204999923706055,10.199999809265137,10.199999809265137,10.199999809265137,23800
2022-11-15,10.199999809265137,10.206999778747559,10.199999809265137,10.199999809265137,10.199999809265137,1500
2022-11-16,10.199999809265137,10.199999809265137,10.199999809265137,10.199999809265137,10.199999809265137,100
2022-11-17,10.199999809265137,10.210000038146973,10.199999809265137,10.199999809265137,10.199999809265137,125700
2022-11-18,10.210000038146973,10.21500015258789,10.210000038146973,10.210000038146973,10.210000038146973,25000
2022-11-21,10.210000038146973,10.220000267028809,10.210000038146973,10.210000038146973,10.210000038146973,300
2022-11-22,10.21500015258789,10.220000267028809,10.210000038146973,10.220000267028809,10.220000267028809,92600
2022-11-23,10.220000267028809,10.220000267028809,10.220000267028809,10.220000267028809,10.220000267028809,79100
2022-11-25,10.220000267028809,10.220000267028809,10.220000267028809,10.220000267028809,10.220000267028809,0
2022-11-28,10.220000267028809,10.220000267028809,10.220000267028809,10.220000267028809,10.220000267028809,0
2022-11-29,10.220000267028809,10.220000267028809,10.220000267028809,10.220000267028809,10.220000267028809,1000
2022-11-30,10.229999542236328,10.239999771118164,10.229999542236328,10.229999542236328,10.229999542236328,186700
2022-12-01,10.229999542236328,10.239999771118164,10.229999542236328,10.239999771118164,10.239999771118164,7100
2022-12-02,10.229999542236328,10.239999771118164,10.229999542236328,10.239999771118164,10.239999771118164,153100
2022-12-05,10.25,10.255000114440918,10.25,10.255000114440918,10.255000114440918,6900
2022-12-06,10.255000114440918,10.255000114440918,10.255000114440918,10.255000114440918,10.255000114440918,0
2022-12-07,10.255000114440918,10.255000114440918,10.255000114440918,10.255000114440918,10.255000114440918,0
2022-12-08,10.255000114440918,10.255000114440918,10.255000114440918,10.255000114440918,10.255000114440918,0
2022-12-09,10.255000114440918,10.255000114440918,10.255000114440918,10.255000114440918,10.255000114440918,0
2022-12-12,10.260000228881836,10.274999618530273,10.260000228881836,10.270000457763672,10.270000457763672,52600
2022-12-13,10.270000457763672,10.270000457763672,10.260000228881836,10.270000457763672,10.270000457763672,27300
2022-12-14,10.270000457763672,10.289999961853027,10.270000457763672,10.270000457763672,10.270000457763672,182400
2022-12-15,10.270000457763672,10.270000457763672,10.270000457763672,10.270000457763672,10.270000457763672,11100
2022-12-16,10.270000457763672,10.270000457763672,10.270000457763672,10.270000457763672,10.270000457763672,0
2022-12-19,10.295000076293945,10.295000076293945,10.289999961853027,10.289999961853027,10.289999961853027,2100
2022-12-20,10.289999961853027,10.3100004196167,10.279999732971191,10.279999732971191,10.279999732971191,206800
2022-12-21,10.319999694824219,10.350000381469727,10.3100004196167,10.319999694824219,10.319999694824219,30800
2022-12-22,10.319999694824219,10.329999923706055,10.319999694824219,10.319999694824219,10.319999694824219,27600
2022-12-23,10.319999694824219,10.350000381469727,10.300000190734863,10.300000190734863,10.300000190734863,18200
2022-12-27,10.300000190734863,10.300000190734863,10.300000190734863,10.300000190734863,10.300000190734863,0
2022-12-28,10.329999923706055,10.329999923706055,10.3100004196167,10.3100004196167,10.3100004196167,170400
2022-12-29,10.3100004196167,10.3100004196167,10.3100004196167,10.3100004196167,10.3100004196167,0
2022-12-30,10.289999961853027,10.319999694824219,10.289999961853027,10.300000190734863,10.300000190734863,66000
2023-01-03,10.34000015258789,10.350000381469727,10.319999694824219,10.319999694824219,10.319999694824219,3400
2023-01-04,10.34000015258789,10.550000190734863,10.34000015258789,10.4399995803833,10.4399995803833,14200
2023-01-05,10.329999923706055,10.329999923706055,10.319999694824219,10.319999694824219,10.319999694824219,6100
2023-01-06,10.329999923706055,11.390000343322754,10.300000190734863,10.329999923706055,10.329999923706055,638300
2023-01-09,10.3100004196167,10.324000358581543,10.3100004196167,10.319999694824219,10.319999694824219,39700
2023-01-10,10.329999923706055,10.34000015258789,10.319999694824219,10.329999923706055,10.329999923706055,7900
2023-01-11,10.329999923706055,10.380000114440918,10.329999923706055,10.34000015258789,10.34000015258789,41200
2023-01-12,10.34000015258789,10.354999542236328,10.34000015258789,10.345000267028809,10.345000267028809,101900
2023-01-13,10.34000015258789,10.350000381469727,10.34000015258789,10.350000381469727,10.350000381469727,342900
2023-01-17,10.350000381469727,10.359999656677246,10.345000267028809,10.350000381469727,10.350000381469727,317300
2023-01-18,10.350000381469727,10.369999885559082,10.350000381469727,10.359999656677246,10.359999656677246,39900
2023-01-19,10.350000381469727,10.359999656677246,10.350000381469727,10.354999542236328,10.354999542236328,4000
2023-01-20,10.350000381469727,10.359999656677246,10.350000381469727,10.350000381469727,10.350000381469727,3300
2023-01-23,10.359999656677246,10.380000114440918,10.359999656677246,10.364999771118164,10.364999771118164,607900
2023-01-24,10.369999885559082,10.369999885559082,10.359999656677246,10.369999885559082,10.369999885559082,405200
2023-01-25,10.359999656677246,10.359999656677246,10.359999656677246,10.359999656677246,10.359999656677246,43600
2023-01-26,10.359999656677246,10.359999656677246,10.359999656677246,10.359999656677246,10.359999656677246,1200
2023-01-27,10.369999885559082,10.380000114440918,10.369999885559082,10.375,10.375,25200
2023-01-30,10.369999885559082,10.369999885559082,10.369999885559082,10.369999885559082,10.369999885559082,1000
2023-01-31,10.369999885559082,10.375,10.369999885559082,10.375,10.375,12500
2023-02-01,10.369999885559082,10.380000114440918,10.369999885559082,10.369999885559082,10.369999885559082,54800
2023-02-02,10.369999885559082,10.380000114440918,10.369999885559082,10.380000114440918,10.380000114440918,35300
2023-02-03,10.380000114440918,10.380000114440918,10.369999885559082,10.369999885559082,10.369999885559082,325300
2023-02-06,10.380000114440918,10.380000114440918,10.369999885559082,10.369999885559082,10.369999885559082,50700
2023-02-07,10.369999885559082,10.369999885559082,10.369999885559082,10.369999885559082,10.369999885559082,400
2023-02-08,10.380000114440918,10.380000114440918,10.369999885559082,10.375,10.375,2300
2023-02-09,10.380000114440918,10.385000228881836,10.375,10.385000228881836,10.385000228881836,227000
2023-02-10,10.390000343322754,10.390000343322754,10.369999885559082,10.380000114440918,10.380000114440918,37700
2023-02-13,10.380000114440918,10.380000114440918,10.380000114440918,10.380000114440918,10.380000114440918,100
2023-02-14,10.380000114440918,10.380000114440918,10.380000114440918,10.380000114440918,10.380000114440918,0
2023-02-15,10.380000114440918,10.380000114440918,10.380000114440918,10.380000114440918,10.380000114440918,900
2023-02-16,10.380000114440918,10.385000228881836,10.380000114440918,10.380000114440918,10.380000114440918,1600
2023-02-17,10.385000228881836,10.385000228881836,10.380000114440918,10.380000114440918,10.380000114440918,13900
2023-02-21,10.390000343322754,10.395000457763672,10.390000343322754,10.390000343322754,10.390000343322754,11000
2023-02-22,10.390000343322754,10.399999618530273,10.390000343322754,10.390000343322754,10.390000343322754,104300
2023-02-23,10.390000343322754,10.390000343322754,10.390000343322754,10.390000343322754,10.390000343322754,103500
2023-02-24,10.390000343322754,10.399999618530273,10.390000343322754,10.399999618530273,10.399999618530273,700
2023-02-27,10.390000343322754,10.390000343322754,10.390000343322754,10.390000343322754,10.390000343322754,200
2023-02-28,10.399999618530273,10.414999961853027,10.399999618530273,10.399999618530273,10.399999618530273,411000
2023-03-01,10.404999732971191,10.420000076293945,10.404999732971191,10.40999984741211,10.40999984741211,65200
2023-03-02,10.40999984741211,10.425000190734863,10.40999984741211,10.420000076293945,10.420000076293945,165100
2023-03-03,10.420000076293945,10.420000076293945,10.420000076293945,10.420000076293945,10.420000076293945,0
2023-03-06,10.420000076293945,10.420000076293945,10.399999618530273,10.40999984741211,10.40999984741211,2475900
2023-03-07,10.40999984741211,10.420000076293945,10.40999984741211,10.40999984741211,10.40999984741211,520200
2023-03-08,10.40999984741211,10.414999961853027,10.40999984741211,10.40999984741211,10.40999984741211,778400
2023-03-09,10.4399995803833,10.4399995803833,10.4399995803833,10.4399995803833,10.4399995803833,7100
2023-03-10,10.479999542236328,10.479999542236328,10.40999984741211,10.40999984741211,10.40999984741211,3300
2023-03-13,10.420000076293945,10.420000076293945,10.420000076293945,10.420000076293945,10.420000076293945,1000
2023-03-14,10.420000076293945,10.420000076293945,10.420000076293945,10.420000076293945,10.420000076293945,51500
2023-03-15,10.460000038146973,10.46500015258789,10.430000305175781,10.4399995803833,10.4399995803833,16000
2023-03-16,10.40999984741211,10.420000076293945,10.40999984741211,10.420000076293945,10.420000076293945,2300
2023-03-17,10.420000076293945,10.420000076293945,10.420000076293945,10.420000076293945,10.420000076293945,0
2023-03-20,10.430000305175781,10.449999809265137,10.430000305175781,10.4399995803833,10.4399995803833,96500
2023-03-21,10.446000099182129,10.449999809265137,10.4399995803833,10.449999809265137,10.449999809265137,32400
2023-03-22,10.449999809265137,10.460000038146973,10.449999809265137,10.460000038146973,10.460000038146973,900
2023-03-23,10.460000038146973,10.460000038146973,10.449999809265137,10.460000038146973,10.460000038146973,302900
2023-03-24,10.449999809265137,10.449999809265137,10.449999809265137,10.449999809265137,10.449999809265137,300
2023-03-27,10.460000038146973,10.460000038146973,10.460000038146973,10.460000038146973,10.460000038146973,100500
2023-03-28,10.460000038146973,10.470000267028809,10.449999809265137,10.460000038146973,10.460000038146973,166400
2023-03-29,10.460000038146973,10.460000038146973,10.460000038146973,10.460000038146973,10.460000038146973,206700
2023-03-30,10.460000038146973,10.460000038146973,10.460000038146973,10.460000038146973,10.460000038146973,100
2023-03-31,10.460000038146973,10.460000038146973,10.460000038146973,10.460000038146973,10.460000038146973,200
2023-04-03,10.460000038146973,10.470000267028809,10.460000038146973,10.470000267028809,10.470000267028809,2900
2023-04-04,10.460000038146973,10.460000038146973,10.460000038146973,10.460000038146973,10.460000038146973,4700
2023-04-05,10.460000038146973,10.460000038146973,10.460000038146973,10.460000038146973,10.460000038146973,4100
2023-04-06,10.460000038146973,10.470000267028809,10.460000038146973,10.460000038146973,10.460000038146973,14700
2023-04-10,10.460000038146973,10.470000267028809,10.460000038146973,10.470000267028809,10.470000267028809,1500
2023-04-11,10.46500015258789,10.470000267028809,10.460000038146973,10.470000267028809,10.470000267028809,900
2023-04-12,10.460000038146973,10.46500015258789,10.460000038146973,10.460000038146973,10.460000038146973,9200
2023-04-13,10.460000038146973,10.460000038146973,10.460000038146973,10.460000038146973,10.460000038146973,0
2023-04-14,10.460000038146973,10.479999542236328,10.460000038146973,10.470000267028809,10.470000267028809,258600
2023-04-17,10.479999542236328,10.479999542236328,10.479999542236328,10.479999542236328,10.479999542236328,3200
2023-04-18,10.479999542236328,10.479999542236328,10.479999542236328,10.479999542236328,10.479999542236328,197800
2023-04-19,10.479999542236328,10.5,10.479999542236328,10.489999771118164,10.489999771118164,8500
2023-04-20,10.489999771118164,10.529999732971191,10.489999771118164,10.510000228881836,10.510000228881836,5000
2023-04-21,10.510000228881836,10.510000228881836,10.510000228881836,10.510000228881836,10.510000228881836,0
2023-04-24,10.510000228881836,10.510000228881836,10.510000228881836,10.510000228881836,10.510000228881836,0
2023-04-25,10.5,10.520000457763672,10.5,10.510000228881836,10.510000228881836,396100
2023-04-26,10.550000190734863,10.550000190734863,10.510000228881836,10.520000457763672,10.520000457763672,11100
2023-04-27,10.510000228881836,10.529999732971191,10.510000228881836,10.529999732971191,10.529999732971191,1100
2023-04-28,10.569999694824219,10.569999694824219,10.569999694824219,10.569999694824219,10.569999694824219,900
2023-05-01,10.569999694824219,10.569999694824219,10.569999694824219,10.569999694824219,10.569999694824219,0
2023-05-02,10.529999732971191,10.539999961853027,10.529999732971191,10.539999961853027,10.539999961853027,103200
2023-05-03,10.529999732971191,10.529999732971191,10.529999732971191,10.529999732971191,10.529999732971191,300
2023-05-04,10.529999732971191,10.529999732971191,10.529999732971191,10.529999732971191,10.529999732971191,31500
2023-05-05,10.529999732971191,10.539999961853027,10.529999732971191,10.529999732971191,10.529999732971191,33100
2023-05-08,10.529999732971191,10.529999732971191,10.529999732971191,10.529999732971191,10.529999732971191,0
2023-05-09,10.539999961853027,10.539999961853027,10.539999961853027,10.539999961853027,10.539999961853027,700
2023-05-10,10.539999961853027,10.539999961853027,10.539999961853027,10.539999961853027,10.539999961853027,0
2023-05-11,10.539999961853027,10.550000190734863,10.539999961853027,10.550000190734863,10.550000190734863,13600
2023-05-12,10.539999961853027,10.539999961853027,10.539999961853027,10.539999961853027,10.539999961853027,100
2023-05-15,10.545000076293945,10.550000190734863,10.545000076293945,10.550000190734863,10.550000190734863,500
2023-05-16,10.550000190734863,10.5600004196167,10.550000190734863,10.5600004196167,10.5600004196167,569200
2023-05-17,10.5600004196167,10.569999694824219,10.5600004196167,10.5600004196167,10.5600004196167,17700
2023-05-18,10.5600004196167,10.569999694824219,10.5600004196167,10.569999694824219,10.569999694824219,200
2023-05-19,10.569999694824219,10.569999694824219,10.569999694824219,10.569999694824219,10.569999694824219,100
2023-05-22,10.569999694824219,10.569999694824219,10.569999694824219,10.569999694824219,10.569999694824219,0
2023-05-23,10.569999694824219,10.579999923706055,10.569999694824219,10.579999923706055,10.579999923706055,81400
2023-05-24,10.579999923706055,10.600000381469727,10.579999923706055,10.600000381469727,10.600000381469727,653100
2023-05-25,10.604999542236328,10.625,10.600000381469727,10.600000381469727,10.600000381469727,1259400
2023-05-26,10.579999923706055,10.579999923706055,10.569999694824219,10.574999809265137,10.574999809265137,3200
2023-05-30,10.574999809265137,10.574999809265137,10.574999809265137,10.574999809265137,10.574999809265137,100
2023-05-31,10.574999809265137,10.574999809265137,10.574999809265137,10.574999809265137,10.574999809265137,0
2023-06-01,10.614999771118164,10.619999885559082,10.609999656677246,10.614999771118164,10.614999771118164,39800
2023-06-02,10.619999885559082,10.619999885559082,10.619999885559082,10.619999885559082,10.619999885559082,500
2023-06-05,10.614999771118164,10.630000114440918,10.609999656677246,10.619999885559082,10.619999885559082,259700
2023-06-06,10.619999885559082,10.619999885559082,10.619999885559082,10.619999885559082,10.619999885559082,0
2023-06-07,10.619999885559082,10.619999885559082,10.619999885559082,10.619999885559082,10.619999885559082,300
2023-06-08,10.619999885559082,10.619999885559082,10.619999885559082,10.619999885559082,10.619999885559082,100
2023-06-09,10.619999885559082,10.625,10.619999885559082,10.625,10.625,900
2023-06-12,10.625,10.630000114440918,10.619999885559082,10.619999885559082,10.619999885559082,5200
2023-06-13,10.619999885559082,10.619999885559082,10.619999885559082,10.619999885559082,10.619999885559082,0
2023-06-14,10.625,10.630000114440918,10.625,10.630000114440918,10.630000114440918,300
2023-06-15,10.630000114440918,10.630000114440918,10.630000114440918,10.630000114440918,10.630000114440918,800
2023-06-16,10.630000114440918,10.630000114440918,10.630000114440918,10.630000114440918,10.630000114440918,0
2023-06-20,10.630000114440918,10.649999618530273,10.630000114440918,10.649999618530273,10.649999618530273,11400
2023-06-21,10.635000228881836,10.640000343322754,10.630000114440918,10.640000343322754,10.640000343322754,4900
2023-06-22,10.640000343322754,10.640000343322754,10.640000343322754,10.640000343322754,10.640000343322754,0
2023-06-23,10.645000457763672,10.645000457763672,10.645000457763672,10.645000457763672,10.645000457763672,400
2023-06-26,10.645000457763672,10.670000076293945,10.645000457763672,10.670000076293945,10.670000076293945,167800
2023-06-27,10.664999961853027,10.668999671936035,10.65999984741211,10.65999984741211,10.65999984741211,800
2023-06-28,10.65999984741211,10.670000076293945,10.65999984741211,10.670000076293945,10.670000076293945,106200
2023-06-29,10.663000106811523,10.663000106811523,10.663000106811523,10.663000106811523,10.663000106811523,600
2023-06-30,10.663000106811523,10.663000106811523,10.663000106811523,10.663000106811523,10.663000106811523,0
2023-07-03,10.65999984741211,10.670000076293945,10.65999984741211,10.663000106811523,10.663000106811523,2900
2023-07-05,10.663000106811523,10.663000106811523,10.663000106811523,10.663000106811523,10.663000106811523,0
2023-07-06,10.670000076293945,10.670000076293945,10.670000076293945,10.670000076293945,10.670000076293945,100
2023-07-07,10.670000076293945,10.670000076293945,10.670000076293945,10.670000076293945,10.670000076293945,1500
2023-07-10,10.670000076293945,10.670000076293945,10.670000076293945,10.670000076293945,10.670000076293945,0
2023-07-11,10.670000076293945,10.6899995803833,10.670000076293945,10.6899995803833,10.6899995803833,12100
2023-07-12,10.6899995803833,10.6899995803833,10.6899995803833,10.6899995803833,10.6899995803833,0
2023-07-13,10.6899995803833,10.720000267028809,10.6899995803833,10.720000267028809,10.720000267028809,900
2023-07-14,10.720000267028809,10.720000267028809,10.720000267028809,10.720000267028809,10.720000267028809,100
2023-07-17,10.720000267028809,10.869999885559082,10.720000267028809,10.770000457763672,10.770000457763672,10200
2023-07-18,10.770000457763672,10.770000457763672,10.770000457763672,10.770000457763672,10.770000457763672,300
2023-07-19,10.739999771118164,10.755000114440918,10.739999771118164,10.755000114440918,10.755000114440918,4300
2023-07-20,10.755000114440918,10.755000114440918,10.755000114440918,10.755000114440918,10.755000114440918,0
2023-07-21,10.75,10.75,10.75,10.75,10.75,1400
2023-07-24,10.75,10.75,10.75,10.75,10.75,0
2023-07-25,10.75,10.75,10.75,10.75,10.75,0
2023-07-26,10.770000457763672,10.770000457763672,10.770000457763672,10.770000457763672,10.770000457763672,200
2023-07-27,10.75,10.760000228881836,10.75,10.760000228881836,10.760000228881836,13500
2023-07-28,10.760000228881836,10.760000228881836,10.760000228881836,10.760000228881836,10.760000228881836,100
2023-07-31,10.760000228881836,10.760000228881836,10.760000228881836,10.760000228881836,10.760000228881836,1100
2023-08-01,10.75,10.770000457763672,10.75,10.770000457763672,10.770000457763672,18800
2023-08-02,10.770000457763672,10.770000457763672,10.770000457763672,10.770000457763672,10.770000457763672,0
2023-08-03,10.779999732971191,10.779999732971191,10.779999732971191,10.779999732971191,10.779999732971191,200
2023-08-04,10.779999732971191,10.779999732971191,10.779999732971191,10.779999732971191,10.779999732971191,0
2023-08-07,10.779999732971191,10.779999732971191,10.779999732971191,10.779999732971191,10.779999732971191,0
2023-08-08,10.779999732971191,10.779999732971191,10.779999732971191,10.779999732971191,10.779999732971191,0
2023-08-09,10.779999732971191,10.779999732971191,10.779999732971191,10.779999732971191,10.779999732971191,0
2023-08-10,10.779999732971191,10.779999732971191,10.779999732971191,10.779999732971191,10.779999732971191,0
2023-08-11,10.75,10.760000228881836,10.75,10.75,10.75,2200
2023-08-14,10.75,10.75,10.75,10.75,10.75,9700
2023-08-15,10.75,10.75,10.75,10.75,10.75,0
2023-08-16,10.770000457763672,10.800000190734863,10.770000457763672,10.800000190734863,10.800000190734863,4200
2023-08-17,10.800000190734863,10.850000381469727,10.75,10.75,10.75,42700
2023-08-18,10.770000457763672,10.770000457763672,10.770000457763672,10.770000457763672,10.770000457763672,2800
2023-08-21,10.770000457763672,10.829999923706055,10.770000457763672,10.779999732971191,10.779999732971191,4300
2023-08-22,10.779999732971191,10.779999732971191,10.779999732971191,10.779999732971191,10.779999732971191,300
2023-08-23,10.779999732971191,10.779999732971191,10.779999732971191,10.779999732971191,10.779999732971191,0
2023-08-24,10.779999732971191,10.779999732971191,10.779999732971191,10.779999732971191,10.779999732971191,0
2023-08-25,10.779999732971191,10.779999732971191,10.779999732971191,10.779999732971191,10.779999732971191,0
2023-08-28,10.779999732971191,10.779999732971191,10.779999732971191,10.779999732971191,10.779999732971191,0
2023-08-29,10.779999732971191,10.779999732971191,10.779999732971191,10.779999732971191,10.779999732971191,0
2023-08-30,10.8100004196167,10.8100004196167,10.800000190734863,10.800000190734863,10.800000190734863,1200
2023-08-31,10.819999694824219,10.819999694824219,10.819999694824219,10.819999694824219,10.819999694824219,12600
2023-09-01,10.819999694824219,10.819999694824219,10.819999694824219,10.819999694824219,10.819999694824219,1900
2023-09-05,10.829999923706055,10.829999923706055,10.829999923706055,10.829999923706055,10.829999923706055,200
2023-09-06,10.829999923706055,10.829999923706055,10.829999923706055,10.829999923706055,10.829999923706055,400
2023-09-07,10.829999923706055,10.829999923706055,10.829999923706055,10.829999923706055,10.829999923706055,0
2023-09-08,10.829999923706055,10.829999923706055,10.829999923706055,10.829999923706055,10.829999923706055,0
2023-09-11,10.829999923706055,10.829999923706055,10.829999923706055,10.829999923706055,10.829999923706055,11200
2023-09-12,10.84000015258789,10.850000381469727,10.84000015258789,10.850000381469727,10.850000381469727,5200
2023-09-13,10.850000381469727,10.850000381469727,10.850000381469727,10.850000381469727,10.850000381469727,0
2023-09-14,10.850000381469727,10.850000381469727,10.850000381469727,10.850000381469727,10.850000381469727,0
2023-09-15,10.829999923706055,10.84000015258789,10.829999923706055,10.84000015258789,10.84000015258789,700
2023-09-18,10.84000015258789,10.84000015258789,10.84000015258789,10.84000015258789,10.84000015258789,0
2023-09-19,10.84000015258789,10.84000015258789,10.84000015258789,10.84000015258789,10.84000015258789,0
2023-09-20,10.84000015258789,10.84000015258789,10.84000015258789,10.84000015258789,10.84000015258789,400
2023-09-21,10.850000381469727,10.850000381469727,10.850000381469727,10.850000381469727,10.850000381469727,4500
2023-09-22,10.859999656677246,10.859999656677246,10.859999656677246,10.859999656677246,10.859999656677246,300
2023-09-25,10.869999885559082,10.869999885559082,10.869999885559082,10.869999885559082,10.869999885559082,100
2023-09-26,10.869999885559082,10.880000114440918,10.859999656677246,10.880000114440918,10.880000114440918,10900
2023-09-27,10.880000114440918,10.880000114440918,10.880000114440918,10.880000114440918,10.880000114440918,0
2023-09-28,10.930000305175781,10.930000305175781,10.880000114440918,10.880000114440918,10.880000114440918,3400
2023-09-29,10.880000114440918,10.880000114440918,10.880000114440918,10.880000114440918,10.880000114440918,0
2023-10-02,10.880000114440918,10.880000114440918,10.880000114440918,10.880000114440918,10.880000114440918,0
2023-10-03,10.880000114440918,10.880000114440918,10.880000114440918,10.880000114440918,10.880000114440918,0
2023-10-04,10.880000114440918,10.880000114440918,10.880000114440918,10.880000114440918,10.880000114440918,0
2023-10-05,10.890000343322754,10.890000343322754,10.880999565124512,10.880999565124512,10.880999565124512,200
2023-10-06,10.880999565124512,10.880999565124512,10.880999565124512,10.880999565124512,10.880999565124512,0
2023-10-09,10.890000343322754,10.890000343322754,10.890000343322754,10.890000343322754,10.890000343322754,100
2023-10-10,10.899999618530273,10.899999618530273,10.899999618530273,10.899999618530273,10.899999618530273,45000
2023-10-11,10.899999618530273,10.899999618530273,10.899999618530273,10.899999618530273,10.899999618530273,4400
2023-10-12,10.899999618530273,10.899999618530273,10.899999618530273,10.899999618530273,10.899999618530273,0
2023-10-13,10.880000114440918,10.899999618530273,10.880000114440918,10.899999618530273,10.899999618530273,1100
2023-10-16,10.899999618530273,10.899999618530273,10.899999618530273,10.899999618530273,10.899999618530273,0
2023-10-17,10.90999984741211,10.90999984741211,10.90999984741211,10.90999984741211,10.90999984741211,100000
2023-10-18,10.90999984741211,10.90999984741211,10.90999984741211,10.90999984741211,10.90999984741211,0
2023-10-19,10.90999984741211,10.90999984741211,10.90999984741211,10.90999984741211,10.90999984741211,250000
2023-10-20,10.90999984741211,10.90999984741211,10.90999984741211,10.90999984741211,10.90999984741211,0
2023-10-23,10.90999984741211,10.90999984741211,10.90999984741211,10.90999984741211,10.90999984741211,2200
2023-10-24,10.90999984741211,10.90999984741211,10.90999984741211,10.90999984741211,10.90999984741211,0
2023-10-25,10.930000305175781,10.930000305175781,10.930000305175781,10.930000305175781,10.930000305175781,275000
2023-10-26,10.930000305175781,10.930000305175781,10.930000305175781,10.930000305175781,10.930000305175781,0
2023-10-27,10.930000305175781,10.930000305175781,10.930000305175781,10.930000305175781,10.930000305175781,0
2023-10-30,10.930000305175781,10.9399995803833,10.930000305175781,10.9399995803833,10.9399995803833,225500
2023-10-31,10.9399995803833,10.9399995803833,10.9399995803833,10.9399995803833,10.9399995803833,1958300
2023-11-01,10.9399995803833,10.949999809265137,10.930000305175781,10.9399995803833,10.9399995803833,2387500
2023-11-02,10.9399995803833,10.949999809265137,10.9399995803833,10.949999809265137,10.949999809265137,1248600
2023-11-03,10.949999809265137,10.949999809265137,10.9399995803833,10.949999809265137,10.949999809265137,310900
2023-11-06,10.954999923706055,10.954999923706055,10.954999923706055,10.954999923706055,10.954999923706055,400
2023-11-07,10.954999923706055,10.970000267028809,10.949999809265137,10.949999809265137,10.949999809265137,103400
2023-11-08,10.949999809265137,10.949999809265137,10.949999809265137,10.949999809265137,10.949999809265137,0
2023-11-09,10.949999809265137,10.949999809265137,10.949999809265137,10.949999809265137,10.949999809265137,0
2023-11-10,10.970000267028809,10.970000267028809,10.949999809265137,10.949999809265137,10.949999809265137,23200
2023-11-13,10.960000038146973,10.960000038146973,10.960000038146973,10.960000038146973,10.960000038146973,53200
2023-11-14,10.970000267028809,10.979999542236328,10.960000038146973,10.979999542236328,10.979999542236328,738000
2023-11-15,10.979999542236328,10.979999542236328,10.960000038146973,10.970000267028809,10.970000267028809,174200
2023-11-16,10.970000267028809,10.970000267028809,10.970000267028809,10.970000267028809,10.970000267028809,0
2023-11-17,10.960000038146973,10.970000267028809,10.960000038146973,10.960000038146973,10.960000038146973,259600
2023-11-20,10.960000038146973,10.960000038146973,10.960000038146973,10.960000038146973,10.960000038146973,50000
2023-11-21,10.960000038146973,10.979999542236328,10.960000038146973,10.960000038146973,10.960000038146973,74500
2023-11-22,10.960000038146973,10.970000267028809,10.960000038146973,10.970000267028809,10.970000267028809,800
2023-11-24,10.970000267028809,10.970000267028809,10.970000267028809,10.970000267028809,10.970000267028809,0
2023-11-27,10.970000267028809,10.970000267028809,10.970000267028809,10.970000267028809,10.970000267028809,100
2023-11-28,10.989999771118164,11.0,10.989999771118164,10.994999885559082,10.994999885559082,1532200
2023-11-29,10.989999771118164,10.989999771118164,10.979999542236328,10.979999542236328,10.979999542236328,1459000
2023-11-30,10.979999542236328,10.979999542236328,10.970000267028809,10.970000267028809,10.970000267028809,36100
2023-12-01,10.970000267028809,10.970000267028809,10.970000267028809,10.970000267028809,10.970000267028809,0
2023-12-04,10.970000267028809,10.970000267028809,10.970000267028809,10.970000267028809,10.970000267028809,0
2023-12-05,10.979999542236328,11.020000457763672,10.960000038146973,11.020000457763672,11.020000457763672,720700
2023-12-06,11.020000457763672,11.020000457763672,11.020000457763672,11.020000457763672,11.020000457763672,0
2023-12-07,11.0,11.0,11.0,11.0,11.0,100
2023-12-08,11.0,11.0,10.989999771118164,10.989999771118164,10.989999771118164,400
2023-12-11,11.020000457763672,11.020000457763672,11.0,11.0,11.0,3400
2023-12-12,10.970000267028809,11.020000457763672,10.970000267028809,11.020000457763672,11.020000457763672,2400
2023-12-13,11.0,11.020000457763672,11.0,11.020000457763672,11.020000457763672,4000
2023-12-14,11.020000457763672,11.020000457763672,11.020000457763672,11.020000457763672,11.020000457763672,400
2023-12-15,11.0,11.020000457763672,11.0,11.020000457763672,11.020000457763672,1600
2023-12-18,11.010000228881836,11.010000228881836,11.010000228881836,11.010000228881836,11.010000228881836,400
2023-12-19,11.010000228881836,11.029999732971191,11.010000228881836,11.029999732971191,11.029999732971191,6900
2023-12-20,11.029999732971191,11.029999732971191,11.029999732971191,11.029999732971191,11.029999732971191,0
2023-12-21,11.029999732971191,11.029999732971191,11.029999732971191,11.029999732971191,11.029999732971191,100
2023-12-22,11.029999732971191,11.029999732971191,11.029999732971191,11.029999732971191,11.029999732971191,200
2023-12-26,11.029999732971191,11.029999732971191,11.029999732971191,11.029999732971191,11.029999732971191,300
2023-12-27,11.029999732971191,11.029999732971191,11.029999732971191,11.029999732971191,11.029999732971191,0
2023-12-28,11.029999732971191,11.039999961853027,11.020000457763672,11.029999732971191,11.029999732971191,26700
2023-12-29,11.010000228881836,11.020000457763672,11.010000228881836,11.020000457763672,11.020000457763672,700
2024-01-02,11.020000457763672,11.020000457763672,11.020000457763672,11.020000457763672,11.020000457763672,0
2024-01-03,11.039999961853027,11.039999961853027,11.039999961853027,11.039999961853027,11.039999961853027,100
2024-01-04,11.029999732971191,11.039999961853027,11.029999732971191,11.039999961853027,11.039999961853027,103400
2024-01-05,11.029999732971191,11.039999961853027,11.029999732971191,11.039999961853027,11.039999961853027,3100
2024-01-08,11.010000228881836,11.050000190734863,11.010000228881836,11.050000190734863,11.050000190734863,35400
2024-01-09,11.050000190734863,11.050000190734863,11.050000190734863,11.050000190734863,11.050000190734863,51300
2024-01-10,11.050000190734863,11.050000190734863,11.050000190734863,11.050000190734863,11.050000190734863,0
2024-01-11,11.050000190734863,11.050000190734863,11.050000190734863,11.050000190734863,11.050000190734863,400
2024-01-12,11.050000190734863,11.050000190734863,11.050000190734863,11.050000190734863,11.050000190734863,300
2024-01-16,11.050000190734863,11.0649995803833,11.050000190734863,11.0600004196167,11.0600004196167,53200
2024-01-17,11.079999923706055,11.079999923706055,11.069999694824219,11.069999694824219,11.069999694824219,4400
2024-01-18,11.069999694824219,11.09000015258789,11.069999694824219,11.09000015258789,11.09000015258789,52900
2024-01-19,11.09000015258789,11.09000015258789,11.09000015258789,11.09000015258789,11.09000015258789,400
2024-01-22,11.079999923706055,11.100000381469727,11.079999923706055,11.09000015258789,11.09000015258789,14900
2024-01-23,11.100000381469727,11.100000381469727,11.100000381469727,11.100000381469727,11.100000381469727,40900
2024-01-24,11.100000381469727,11.100000381469727,11.100000381469727,11.100000381469727,11.100000381469727,0
2024-01-25,11.100000381469727,11.100000381469727,11.100000381469727,11.100000381469727,11.100000381469727,0
2024-01-26,11.100000381469727,11.109999656677246,11.100000381469727,11.104999542236328,11.104999542236328,1046400
2024-01-29,11.100000381469727,11.100000381469727,11.100000381469727,11.100000381469727,11.100000381469727,400
2024-01-30,11.100000381469727,11.100000381469727,11.100000381469727,11.100000381469727,11.100000381469727,334000
2024-01-31,11.100000381469727,11.100000381469727,11.095000267028809,11.095000267028809,11.095000267028809,700
2024-02-01,11.095000267028809,11.095000267028809,11.095000267028809,11.095000267028809,11.095000267028809,100
2024-02-02,11.109999656677246,11.109999656677246,11.109999656677246,11.109999656677246,11.109999656677246,1200
2024-02-05,11.100000381469727,11.109999656677246,11.100000381469727,11.100000381469727,11.100000381469727,437600
2024-02-06,11.100000381469727,11.100000381469727,11.100000381469727,11.100000381469727,11.100000381469727,0
2024-02-07,11.119999885559082,11.119999885559082,11.119999885559082,11.119999885559082,11.119999885559082,1000
2024-02-08,11.09000015258789,11.09000015258789,11.09000015258789,11.09000015258789,11.09000015258789,1400
2024-02-09,11.069999694824219,11.069999694824219,11.069999694824219,11.069999694824219,11.069999694824219,500
2024-02-12,11.079999923706055,11.079999923706055,11.079999923706055,11.079999923706055,11.079999923706055,300
2024-02-13,11.079999923706055,11.079999923706055,11.079999923706055,11.079999923706055,11.079999923706055,0
2024-02-14,11.079999923706055,11.079999923706055,11.079999923706055,11.079999923706055,11.079999923706055,0
2024-02-15,11.079999923706055,11.079999923706055,11.079999923706055,11.079999923706055,11.079999923706055,0
2024-02-16,11.079999923706055,11.079999923706055,11.079999923706055,11.079999923706055,11.079999923706055,0
2024-02-20,11.079999923706055,11.079999923706055,11.079999923706055,11.079999923706055,11.079999923706055,0
2024-02-21,11.079999923706055,11.079999923706055,11.079999923706055,11.079999923706055,11.079999923706055,200
2024-02-22,11.085000038146973,11.09000015258789,11.085000038146973,11.09000015258789,11.09000015258789,17600
2024-02-23,11.119999885559082,11.130000114440918,11.114999771118164,11.114999771118164,11.114999771118164,3500
2024-02-26,11.114999771118164,11.114999771118164,11.114999771118164,11.114999771118164,11.114999771118164,100
2024-02-27,11.114999771118164,11.114999771118164,11.114999771118164,11.114999771118164,11.114999771118164,0
2024-02-28,11.119999885559082,11.119999885559082,11.119999885559082,11.119999885559082,11.119999885559082,16600
2024-02-29,11.109999656677246,11.140000343322754,11.095000267028809,11.140000343322754,11.140000343322754,3500
2024-03-01,11.130000114440918,11.130000114440918,11.119999885559082,11.119999885559082,11.119999885559082,1600
2024-03-04,11.100000381469727,11.149999618530273,11.100000381469727,11.149999618530273,11.149999618530273,3200
2024-03-05,11.140000343322754,11.140000343322754,11.140000343322754,11.140000343322754,11.140000343322754,50000
2024-03-06,11.119999885559082,11.119999885559082,11.100000381469727,11.119999885559082,11.119999885559082,5200
2024-03-07,11.149999618530273,11.149999618530273,11.149999618530273,11.149999618530273,11.149999618530273,500
2024-03-08,11.140000343322754,11.140000343322754,11.140000343322754,11.140000343322754,11.140000343322754,100000
2024-03-11,11.180000305175781,11.220000267028809,11.161999702453613,11.210000038146973,11.210000038146973,815900
2024-03-12,11.220000267028809,11.220000267028809,11.220000267028809,11.220000267028809,11.220000267028809,75000
2024-03-13,11.199999809265137,11.220000267028809,11.199999809265137,11.220000267028809,11.220000267028809,164200
2024-03-14,11.210000038146973,11.210000038146973,11.204999923706055,11.204999923706055,11.204999923706055,1700
2024-03-15,11.220000267028809,11.229999542236328,11.210000038146973,11.210000038146973,11.210000038146973,120900
2024-03-18,11.210000038146973,11.210000038146973,11.210000038146973,11.210000038146973,11.210000038146973,0
2024-03-19,11.229999542236328,11.229999542236328,11.229999542236328,11.229999542236328,11.229999542236328,1200
2024-03-20,11.229999542236328,11.239999771118164,11.229999542236328,11.239999771118164,11.239999771118164,74900
2024-03-21,11.239999771118164,11.260000228881836,11.239999771118164,11.260000228881836,11.260000228881836,27500
2024-03-22,11.239999771118164,11.244999885559082,11.239999771118164,11.244999885559082,11.244999885559082,16000
2024-03-25,11.244999885559082,11.244999885559082,11.244999885559082,11.244999885559082,11.244999885559082,146300
2024-03-26,11.239999771118164,11.279999732971191,11.239999771118164,11.279999732971191,11.279999732971191,162800
2024-03-27,11.279999732971191,11.279999732971191,11.279999732971191,11.279999732971191,11.279999732971191,0
2024-03-28,11.260000228881836,11.270000457763672,11.260000228881836,11.270000457763672,11.270000457763672,2100
2024-04-01,11.270000457763672,11.270000457763672,11.270000457763672,11.270000457763672,11.270000457763672,1800
2024-04-02,11.319999694824219,11.319999694824219,11.319999694824219,11.319999694824219,11.319999694824219,900
2024-04-03,11.319999694824219,11.319999694824219,11.319999694824219,11.319999694824219,11.319999694824219,14200
2024-04-04,11.300000190734863,11.329999923706055,11.300000190734863,11.329999923706055,11.329999923706055,81600
2024-04-05,11.319999694824219,11.329999923706055,11.319999694824219,11.329999923706055,11.329999923706055,5200
2024-04-08,11.319999694824219,11.329999923706055,11.319999694824219,11.329999923706055,11.329999923706055,1800
2024-04-09,11.319999694824219,11.329999923706055,11.305000305175781,11.319999694824219,11.319999694824219,762800
2024-04-10,11.329999923706055,11.329999923706055,11.300000190734863,11.300000190734863,11.300000190734863,14500
2024-04-11,11.3100004196167,11.319999694824219,11.3100004196167,11.319999694824219,11.319999694824219,51800
2024-04-12,11.319999694824219,11.319999694824219,11.319999694824219,11.319999694824219,11.319999694824219,900
2024-04-15,11.319999694824219,11.319999694824219,11.319999694824219,11.319999694824219,11.319999694824219,25000
2024-04-16,11.319999694824219,11.319999694824219,11.274999618530273,11.300000190734863,11.300000190734863,512900
2024-04-17,11.3100004196167,11.319999694824219,11.300000190734863,11.300000190734863,11.300000190734863,103100
2024-04-18,11.3100004196167,11.319999694824219,11.3100004196167,11.319999694824219,11.319999694824219,200
2024-04-19,11.319999694824219,11.319999694824219,11.319999694824219,11.319999694824219,11.319999694824219,0
2024-04-22,11.319999694824219,11.319999694824219,11.3100004196167,11.3100004196167,11.3100004196167,125300
2024-04-23,11.319999694824219,11.34000015258789,11.319999694824219,11.329999923706055,11.329999923706055,3100
2024-04-24,12.15999984741211,12.15999984741211,11.3100004196167,11.390000343322754,11.390000343322754,4900
2024-04-25,11.329999923706055,11.335000038146973,11.324999809265137,11.324999809265137,11.324999809265137,625500
2024-04-26,11.329999923706055,11.34000015258789,11.319999694824219,11.34000015258789,11.34000015258789,651900
2024-04-29,11.34000015258789,11.34000015258789,11.329999923706055,11.329999923706055,11.329999923706055,6900
2024-04-30,11.34000015258789,11.350000381469727,11.319999694824219,11.319999694824219,11.319999694824219,2500
2024-05-01,11.319999694824219,11.329999923706055,11.319999694824219,11.329999923706055,11.329999923706055,12900
2024-05-02,11.34000015258789,11.350000381469727,11.319999694824219,11.319999694824219,11.319999694824219,13900
2024-05-03,11.335000038146973,11.350000381469727,11.335000038146973,11.350000381469727,11.350000381469727,15300
2024-05-06,11.350000381469727,11.350000381469727,11.350000381469727,11.350000381469727,11.350000381469727,0
2024-05-07,11.329999923706055,11.34000015258789,11.329999923706055,11.34000015258789,11.34000015258789,20100
2024-05-08,11.34000015258789,11.34000015258789,11.34000015258789,11.34000015258789,11.34000015258789,0
2024-05-09,11.335000038146973,11.335000038146973,11.335000038146973,11.335000038146973,11.335000038146973,100
2024-05-10,11.34000015258789,11.34000015258789,11.34000015258789,11.34000015258789,11.34000015258789,300
2024-05-13,11.34000015258789,11.350000381469727,11.34000015258789,11.350000381469727,11.350000381469727,303000
2024-05-14,11.319999694824219,11.329999923706055,11.300000190734863,11.300000190734863,11.300000190734863,447100
2024-05-15,11.279999732971191,11.319999694824219,11.279999732971191,11.319999694824219,11.319999694824219,263600
2024-05-16,11.25,11.329999923706055,11.239999771118164,11.329999923706055,11.329999923706055,303000
2024-05-17,11.329999923706055,11.329999923706055,11.295000076293945,11.295000076293945,11.295000076293945,300
2024-05-20,11.319999694824219,11.319999694824219,11.319999694824219,11.319999694824219,11.319999694824219,200
2024-05-21,11.319999694824219,11.319999694824219,11.319999694824219,11.319999694824219,11.319999694824219,300
2024-05-22,11.319999694824219,11.319999694824219,11.319999694824219,11.319999694824219,11.319999694824219,0
2024-05-23,11.329999923706055,11.34000015258789,11.329999923706055,11.34000015258789,11.34000015258789,12200
2024-05-24,11.34000015258789,11.34000015258789,11.34000015258789,11.34000015258789,11.34000015258789,0
2024-05-28,11.329999923706055,11.329999923706055,11.319999694824219,11.319999694824219,11.319999694824219,45800
2024-05-29,11.34000015258789,11.34000015258789,11.329999923706055,11.329999923706055,11.329999923706055,30300
2024-05-30,11.329999923706055,11.329999923706055,11.329999923706055,11.329999923706055,11.329999923706055,200
2024-05-31,11.34000015258789,11.350000381469727,11.34000015258789,11.34000015258789,11.34000015258789,2000
2024-06-03,11.350000381469727,11.350000381469727,11.350000381469727,11.350000381469727,11.350000381469727,500
2024-06-04,11.329999923706055,11.329999923706055,11.329999923706055,11.329999923706055,11.329999923706055,2200
2024-06-05,11.329999923706055,11.329999923706055,11.329999923706055,11.329999923706055,11.329999923706055,0
2024-06-06,11.329999923706055,11.329999923706055,11.329999923706055,11.329999923706055,11.329999923706055,0
2024-06-07,11.329999923706055,11.329999923706055,11.329999923706055,11.329999923706055,11.329999923706055,0
2024-06-10,11.34000015258789,11.34000015258789,11.34000015258789,11.34000015258789,11.34000015258789,200
2024-06-11,11.34000015258789,11.34000015258789,11.34000015258789,11.34000015258789,11.34000015258789,0
2024-06-12,11.329999923706055,11.329999923706055,11.329999923706055,11.329999923706055,11.329999923706055,9900
2024-06-13,11.34000015258789,11.359999656677246,11.34000015258789,11.350000381469727,11.350000381469727,1200
2024-06-14,11.350000381469727,11.350000381469727,11.350000381469727,11.350000381469727,11.350000381469727,0
2024-06-17,11.350000381469727,11.350000381469727,11.350000381469727,11.350000381469727,11.350000381469727,0
2024-06-18,11.350000381469727,11.350000381469727,11.350000381469727,11.350000381469727,11.350000381469727,0
2024-06-20,11.350000381469727,11.350000381469727,11.350000381469727,11.350000381469727,11.350000381469727,0
2024-06-21,11.350000381469727,11.350000381469727,11.350000381469727,11.350000381469727,11.350000381469727,0
2024-06-24,11.350000381469727,11.350000381469727,11.350000381469727,11.350000381469727,11.350000381469727,200
2024-06-25,11.34000015258789,11.34000015258789,11.34000015258789,11.34000015258789,11.34000015258789,100
2024-06-26,11.350000381469727,11.350000381469727,11.350000381469727,11.350000381469727,11.350000381469727,100
2024-06-27,11.350000381469727,11.350000381469727,11.350000381469727,11.350000381469727,11.350000381469727,0
2024-06-28,11.350000381469727,11.350000381469727,11.350000381469727,11.350000381469727,11.350000381469727,17400
2024-07-01,11.350000381469727,11.350000381469727,11.350000381469727,11.350000381469727,11.350000381469727,0
2024-07-02,11.350000381469727,11.350000381469727,11.34000015258789,11.350000381469727,11.350000381469727,1500
2024-07-03,11.350000381469727,11.350000381469727,11.350000381469727,11.350000381469727,11.350000381469727,100
2024-07-05,11.350000381469727,11.350000381469727,11.34000015258789,11.34000015258789,11.34000015258789,1100
2024-07-08,11.34000015258789,11.34000015258789,11.34000015258789,11.34000015258789,11.34000015258789,0
2024-07-09,11.359999656677246,11.359999656677246,11.359999656677246,11.359999656677246,11.359999656677246,800
2024-07-10,11.359999656677246,11.359999656677246,11.359999656677246,11.359999656677246,11.359999656677246,0
2024-07-11,11.359999656677246,11.359999656677246,11.359999656677246,11.359999656677246,11.359999656677246,0
2024-07-12,11.359999656677246,11.359999656677246,11.359999656677246,11.359999656677246,11.359999656677246,0
2024-07-15,11.359999656677246,11.359999656677246,11.359999656677246,11.359999656677246,11.359999656677246,0
2024-07-16,11.359999656677246,11.359999656677246,11.359999656677246,11.359999656677246,11.359999656677246,22600
2024-07-17,11.359999656677246,11.359999656677246,11.350000381469727,11.359999656677246,11.359999656677246,11700
2024-07-18,11.350000381469727,11.350000381469727,11.350000381469727,11.350000381469727,11.350000381469727,100
2024-07-19,11.359999656677246,11.359999656677246,11.350000381469727,11.359999656677246,11.359999656677246,35500
2024-07-22,11.359999656677246,11.359999656677246,11.359999656677246,11.359999656677246,11.359999656677246,0
2024-07-23,11.359999656677246,11.359999656677246,11.359999656677246,11.359999656677246,11.359999656677246,0
2024-07-24,11.380000114440918,11.380000114440918,11.380000114440918,11.380000114440918,11.380000114440918,4200
2024-07-25,11.380000114440918,11.380000114440918,11.380000114440918,11.380000114440918,11.380000114440918,0
2024-07-26,11.380000114440918,11.380000114440918,11.380000114440918,11.380000114440918,11.380000114440918,0
2024-07-29,11.375,11.375,11.354999542236328,11.354999542236328,11.354999542236328,400
2024-07-30,11.380000114440918,11.380000114440918,11.375,11.380000114440918,11.380000114440918,24100
2024-07-31,11.380000114440918,11.380000114440918,11.380000114440918,11.380000114440918,11.380000114440918,2700
2024-08-01,11.380000114440918,11.380000114440918,11.380000114440918,11.380000114440918,11.380000114440918,2100
2024-08-02,11.380000114440918,11.380000114440918,11.380000114440918,11.380000114440918,11.380000114440918,34600
2024-08-05,11.380000114440918,11.380000114440918,11.380000114440918,11.380000114440918,11.380000114440918,0
2024-08-06,11.380000114440918,11.380000114440918,11.380000114440918,11.380000114440918,11.380000114440918,0
2024-08-07,11.399999618530273,11.420000076293945,11.399999618530273,11.420000076293945,11.420000076293945,109500
2024-08-08,11.420000076293945,11.420000076293945,11.420000076293945,11.420000076293945,11.420000076293945,7000
2024-08-09,11.420000076293945,11.420000076293945,11.40999984741211,11.40999984741211,11.40999984741211,2800
2024-08-12,11.420000076293945,11.420000076293945,11.420000076293945,11.420000076293945,11.420000076293945,1100
2024-08-13,11.420000076293945,11.420000076293945,11.420000076293945,11.420000076293945,11.420000076293945,500
2024-08-14,11.420000076293945,11.430000305175781,11.420000076293945,11.430000305175781,11.430000305175781,28800
2024-08-15,11.430000305175781,11.430000305175781,11.430000305175781,11.430000305175781,11.430000305175781,0
2024-08-16,11.430000305175781,11.430000305175781,11.430000305175781,11.430000305175781,11.430000305175781,100
2024-08-19,11.430000305175781,11.430000305175781,11.430000305175781,11.430000305175781,11.430000305175781,0
2024-08-20,11.430000305175781,11.430000305175781,11.430000305175781,11.430000305175781,11.430000305175781,0
2024-08-21,11.430000305175781,11.430000305175781,11.430000305175781,11.430000305175781,11.430000305175781,0
2024-08-22,11.369999885559082,11.369999885559082,11.369999885559082,11.369999885559082,11.369999885559082,100
2024-08-23,11.369999885559082,11.369999885559082,11.369999885559082,11.369999885559082,11.369999885559082,0
2024-08-26,11.399999618530273,11.399999618530273,11.369999885559082,11.399999618530273,11.399999618530273,5100
2024-08-27,11.399999618530273,11.399999618530273,11.399999618530273,11.399999618530273,11.399999618530273,0
2024-08-28,11.399999618530273,11.399999618530273,11.399999618530273,11.399999618530273,11.399999618530273,0
