Date,Open,High,Low,Close,Adj Close,Volume
2012-07-27,25.0,25.049999237060547,25.0,25.010000228881836,9.788533210754395,991900
2012-07-30,25.0,25.229999542236328,25.0,25.229999542236328,9.874632835388184,130800
2012-07-31,25.420000076293945,25.5,25.239999771118164,25.5,9.98030948638916,84900
2012-08-01,25.5,25.75,25.389999389648438,25.700000762939453,10.05859088897705,74800
2012-08-02,25.700000762939453,25.950000762939453,25.3799991607666,25.950000762939453,10.156435012817383,97100
2012-08-03,25.950000762939453,25.950000762939453,25.59000015258789,25.739999771118164,10.074241638183594,28200
2012-08-06,25.5,25.850000381469727,25.5,25.600000381469727,10.019451141357422,27500
2012-08-07,25.75,25.75,25.350000381469727,25.610000610351562,10.023369789123535,45300
2012-08-08,25.75,25.920000076293945,25.649999618530273,25.649999618530273,10.039019584655762,44600
2012-08-09,25.920000076293945,25.920000076293945,25.260000228881836,25.389999389648438,9.937259674072266,39400
2012-08-10,25.549999237060547,25.760000228881836,25.420000076293945,25.469999313354492,9.968567848205566,17900
2012-08-13,25.59000015258789,25.780000686645508,25.469999313354492,25.700000762939453,10.05859088897705,30300
2012-08-14,25.700000762939453,25.739999771118164,25.5,25.6200008392334,10.027275085449219,40300
2012-08-15,25.770000457763672,25.770000457763672,25.270000457763672,25.719999313354492,10.066414833068848,45000
2012-08-16,25.709999084472656,25.920000076293945,25.559999465942383,25.84000015258789,10.11337947845459,77100
2012-08-17,25.899999618530273,25.940000534057617,25.809999465942383,25.899999618530273,10.136863708496094,41800
2012-08-20,25.93000030517578,25.950000762939453,25.75,25.899999618530273,10.136863708496094,60900
2012-08-21,25.899999618530273,25.90999984741211,25.760000228881836,25.899999618530273,10.136863708496094,43900
2012-08-22,25.899999618530273,26.239999771118164,25.760000228881836,25.850000381469727,10.117295265197754,66000
2012-08-23,25.8700008392334,26.229999542236328,25.850000381469727,25.940000534057617,10.152521133422852,41800
2012-08-24,26.030000686645508,26.09000015258789,25.75,25.75,10.07815933227539,50600
2012-08-27,25.950000762939453,25.950000762939453,25.760000228881836,25.770000457763672,10.085988998413086,23600
2012-08-28,25.850000381469727,25.920000076293945,25.510000228881836,25.68000030517578,10.050756454467773,63000
2012-08-29,25.549999237060547,25.68000030517578,25.520000457763672,25.639999389648438,10.035109519958496,19000
2012-08-30,25.100000381469727,25.25,25.059999465942383,25.200000762939453,9.862899780273438,233200
2012-08-31,25.25,25.40999984741211,25.219999313354492,25.329999923706055,9.913774490356445,98600
2012-09-04,25.450000762939453,25.450000762939453,25.200000762939453,25.270000457763672,9.890294075012207,91500
2012-09-05,25.329999923706055,25.329999923706055,25.139999389648438,25.290000915527344,9.898122787475586,61700
2012-09-06,25.149999618530273,25.389999389648438,25.149999618530273,25.3700008392334,9.929439544677734,83500
2012-09-07,25.229999542236328,25.3700008392334,25.18000030517578,25.200000762939453,9.862899780273438,39600
2012-09-10,25.100000381469727,25.200000762939453,25.100000381469727,25.18000030517578,9.855067253112793,53300
2012-09-11,25.18000030517578,25.280000686645508,25.110000610351562,25.25,9.882469177246094,117000
2012-09-12,25.1200008392334,25.229999542236328,25.010000228881836,25.229999542236328,9.94117259979248,118400
2012-09-13,25.239999771118164,25.399999618530273,25.09000015258789,25.299999237060547,9.968755722045898,75700
2012-09-14,25.309999465942383,25.40999984741211,25.030000686645508,25.260000228881836,9.952991485595703,45400
2012-09-17,25.110000610351562,25.350000381469727,25.110000610351562,25.350000381469727,9.98845386505127,50500
2012-09-18,25.219999313354492,25.34000015258789,25.170000076293945,25.209999084472656,9.933293342590332,54100
2012-09-19,25.25,25.309999465942383,25.149999618530273,25.309999465942383,9.972692489624023,68100
2012-09-20,25.170000076293945,25.34000015258789,25.15999984741211,25.299999237060547,9.968755722045898,52600
2012-09-21,25.350000381469727,25.3700008392334,25.139999389648438,25.209999084472656,9.933293342590332,55700
2012-09-24,25.299999237060547,25.34000015258789,25.15999984741211,25.239999771118164,9.94511604309082,37700
2012-09-25,25.219999313354492,25.34000015258789,25.18000030517578,25.299999237060547,9.968755722045898,52500
2012-09-26,25.31999969482422,25.31999969482422,25.200000762939453,25.239999771118164,9.94511604309082,22200
2012-09-27,25.299999237060547,25.3700008392334,25.15999984741211,25.200000762939453,9.92935562133789,60600
2012-09-28,25.209999084472656,25.5,25.15999984741211,25.420000076293945,10.016035079956055,57200
2012-10-01,25.639999389648438,25.649999618530273,25.219999313354492,25.3700008392334,9.996342658996582,66500
2012-10-02,25.299999237060547,25.43000030517578,25.200000762939453,25.209999084472656,9.933293342590332,38900
2012-10-03,25.209999084472656,25.309999465942383,25.209999084472656,25.280000686645508,9.96087646484375,34700
2012-10-04,25.299999237060547,25.440000534057617,25.25,25.34000015258789,9.984514236450195,39200
2012-10-05,25.31999969482422,25.479999542236328,25.25,25.479999542236328,10.039678573608398,45100
2012-10-08,25.459999084472656,25.520000457763672,25.299999237060547,25.450000762939453,10.027857780456543,38700
2012-10-09,25.329999923706055,25.5,25.299999237060547,25.5,10.04755687713623,51100
2012-10-10,25.520000457763672,25.649999618530273,25.3799991607666,25.649999618530273,10.106663703918457,63800
2012-10-11,25.579999923706055,25.649999618530273,25.510000228881836,25.549999237060547,10.13403034210205,50400
2012-10-12,25.559999465942383,25.56999969482422,25.299999237060547,25.420000076293945,10.082466125488281,26000
2012-10-15,25.420000076293945,25.5,25.350000381469727,25.389999389648438,10.07056999206543,38200
2012-10-16,25.389999389648438,25.489999771118164,25.25,25.329999923706055,10.046772003173828,51700
2012-10-17,25.350000381469727,25.420000076293945,25.229999542236328,25.309999465942383,10.038837432861328,27200
2012-10-18,25.489999771118164,25.489999771118164,25.229999542236328,25.350000381469727,10.054708480834961,40300
2012-10-19,25.360000610351562,25.469999313354492,25.239999771118164,25.40999984741211,10.078499794006348,50600
2012-10-22,25.440000534057617,25.459999084472656,25.299999237060547,25.329999923706055,10.046772003173828,36000
2012-10-23,25.3700008392334,25.399999618530273,25.209999084472656,25.3799991607666,10.066604614257812,58700
2012-10-24,25.299999237060547,25.389999389648438,24.950000762939453,25.079999923706055,9.947620391845703,121900
2012-10-25,25.18000030517578,25.18000030517578,24.93000030517578,25.0,9.915881156921387,81400
2012-10-26,25.040000915527344,25.18000030517578,25.010000228881836,25.06999969482422,9.943649291992188,70300
2012-10-31,25.030000686645508,25.190000534057617,25.0,25.1200008392334,9.963480949401855,71300
2012-11-01,25.209999084472656,25.239999771118164,25.049999237060547,25.100000381469727,9.955544471740723,64000
2012-11-02,25.149999618530273,25.170000076293945,25.09000015258789,25.1299991607666,9.96744441986084,80700
2012-11-05,25.110000610351562,25.34000015258789,25.040000915527344,25.260000228881836,10.019012451171875,34900
2012-11-06,25.280000686645508,25.420000076293945,25.200000762939453,25.209999084472656,9.999176025390625,93000
2012-11-07,25.209999084472656,25.309999465942383,24.90999984741211,25.100000381469727,9.955544471740723,85100
2012-11-08,24.940000534057617,25.139999389648438,24.940000534057617,25.1200008392334,9.963480949401855,80800
2012-11-09,25.059999465942383,25.09000015258789,24.93000030517578,25.049999237060547,9.935715675354004,54600
2012-11-12,25.149999618530273,25.309999465942383,25.09000015258789,25.190000534057617,9.991249084472656,55000
2012-11-13,25.0,25.25,25.0,25.149999618530273,10.042755126953125,72000
2012-11-14,25.149999618530273,25.149999618530273,23.760000228881836,24.0,9.583542823791504,155800
2012-11-15,24.139999389648438,24.6200008392334,24.010000228881836,24.579999923706055,9.81514835357666,110700
2012-11-16,24.43000030517578,24.959999084472656,24.309999465942383,24.700000762939453,9.863064765930176,84900
2012-11-19,24.8700008392334,24.989999771118164,24.700000762939453,24.899999618530273,9.942923545837402,62300
2012-11-20,24.90999984741211,24.969999313354492,24.600000381469727,24.700000762939453,9.863064765930176,70800
2012-11-21,24.8799991607666,24.959999084472656,24.719999313354492,24.719999313354492,9.871051788330078,51000
2012-11-23,24.889999389648438,24.969999313354492,24.75,24.81999969482422,9.910981178283691,13700
2012-11-26,24.899999618530273,24.959999084472656,24.760000228881836,24.81999969482422,9.910981178283691,54100
2012-11-27,24.8700008392334,25.15999984741211,24.8700008392334,24.959999084472656,9.96688175201416,79100
2012-11-28,25.200000762939453,25.200000762939453,24.81999969482422,25.059999465942383,10.006816864013672,81100
2012-11-29,24.93000030517578,25.049999237060547,24.889999389648438,25.030000686645508,9.994830131530762,66600
2012-11-30,24.950000762939453,25.059999465942383,24.93000030517578,25.0,9.982857704162598,57900
2012-12-03,25.290000915527344,25.309999465942383,24.93000030517578,25.0,9.982857704162598,52500
2012-12-04,25.06999969482422,25.1299991607666,24.93000030517578,25.06999969482422,10.010807991027832,37000
2012-12-05,25.079999923706055,25.079999923706055,24.950000762939453,24.979999542236328,9.974868774414062,30100
2012-12-06,25.0,25.15999984741211,25.0,25.040000915527344,9.99882984161377,43000
2012-12-07,25.049999237060547,25.100000381469727,24.979999542236328,24.979999542236328,9.974868774414062,31800
2012-12-10,25.010000228881836,25.09000015258789,24.90999984741211,25.010000228881836,9.986849784851074,35000
2012-12-11,25.06999969482422,25.09000015258789,24.979999542236328,25.059999465942383,10.006816864013672,32000
2012-12-12,24.989999771118164,25.059999465942383,24.860000610351562,25.059999465942383,10.074752807617188,9200
2012-12-13,24.989999771118164,24.989999771118164,24.579999923706055,24.68000030517578,9.921993255615234,17200
2012-12-14,24.690000534057617,24.770000457763672,24.3700008392334,24.600000381469727,9.88982105255127,53500
2012-12-17,24.65999984741211,24.65999984741211,24.299999237060547,24.420000076293945,9.817461013793945,57800
2012-12-18,24.469999313354492,24.469999313354492,24.190000534057617,24.350000381469727,9.789323806762695,157500
2012-12-19,24.530000686645508,24.829999923706055,24.219999313354492,24.59000015258789,9.885805130004883,85500
2012-12-20,24.780000686645508,24.829999923706055,24.56999969482422,24.68000030517578,9.921993255615234,88200
2012-12-21,24.670000076293945,24.950000762939453,24.65999984741211,24.760000228881836,9.954143524169922,85600
2012-12-24,24.780000686645508,24.850000381469727,24.6299991607666,24.729999542236328,9.942086219787598,17400
2012-12-26,24.709999084472656,24.75,24.5,24.579999923706055,9.920699119567871,41100
2012-12-27,24.610000610351562,24.68000030517578,24.360000610351562,24.540000915527344,9.904553413391113,47100
2012-12-28,24.520000457763672,24.540000915527344,24.350000381469727,24.510000228881836,9.892447471618652,84500
2012-12-31,24.68000030517578,24.700000762939453,24.530000686645508,24.549999237060547,9.908589363098145,51200
2013-01-02,24.729999542236328,25.049999237060547,24.729999542236328,25.0,10.090211868286133,71500
2013-01-03,25.0,25.030000686645508,24.729999542236328,24.940000534057617,10.065993309020996,60600
2013-01-04,24.959999084472656,25.0,24.8799991607666,25.0,10.090211868286133,116700
2013-01-07,25.0,25.360000610351562,24.940000534057617,25.34000015258789,10.227441787719727,153000
2013-01-08,25.31999969482422,25.31999969482422,25.040000915527344,25.1200008392334,10.138646125793457,104000
2013-01-09,25.139999389648438,25.34000015258789,25.059999465942383,25.18000030517578,10.16286563873291,135000
2013-01-10,25.280000686645508,25.360000610351562,25.209999084472656,25.25,10.19111442565918,68400
2013-01-11,25.229999542236328,25.270000457763672,25.06999969482422,25.149999618530273,10.21915054321289,72700
2013-01-14,25.299999237060547,25.299999237060547,25.049999237060547,25.06999969482422,10.1866455078125,101900
2013-01-15,25.170000076293945,25.170000076293945,24.969999313354492,25.049999237060547,10.178515434265137,71500
2013-01-16,25.079999923706055,25.229999542236328,25.049999237060547,25.18000030517578,10.231341361999512,57000
2013-01-17,25.25,25.25,25.149999618530273,25.239999771118164,10.255715370178223,79300
2013-01-18,25.25,25.329999923706055,25.149999618530273,25.260000228881836,10.263846397399902,73900
2013-01-22,25.34000015258789,25.360000610351562,25.15999984741211,25.25,10.259780883789062,86100
2013-01-23,25.18000030517578,25.360000610351562,25.139999389648438,25.170000076293945,10.227280616760254,91200
2013-01-24,25.229999542236328,25.350000381469727,25.149999618530273,25.219999313354492,10.247597694396973,78800
2013-01-25,25.270000457763672,25.299999237060547,25.200000762939453,25.25,10.259780883789062,94700
2013-01-28,25.219999313354492,25.280000686645508,25.059999465942383,25.190000534057617,10.235407829284668,114800
2013-01-29,25.200000762939453,25.200000762939453,25.059999465942383,25.15999984741211,10.223215103149414,89600
2013-01-30,25.149999618530273,25.190000534057617,25.049999237060547,25.059999465942383,10.182576179504395,83000
2013-01-31,25.149999618530273,25.170000076293945,25.059999465942383,25.079999923706055,10.190709114074707,77800
2013-02-01,25.18000030517578,25.280000686645508,25.139999389648438,25.25,10.259780883789062,46500
2013-02-04,25.280000686645508,25.31999969482422,25.1200008392334,25.229999542236328,10.251665115356445,50900
2013-02-05,25.260000228881836,25.309999465942383,25.18000030517578,25.25,10.259780883789062,52600
2013-02-06,25.290000915527344,25.350000381469727,25.270000457763672,25.290000915527344,10.276034355163574,60300
2013-02-07,25.350000381469727,25.40999984741211,25.290000915527344,25.329999923706055,10.292291641235352,79800
2013-02-08,25.3799991607666,25.5,25.25,25.440000534057617,10.336991310119629,48900
2013-02-11,25.440000534057617,25.489999771118164,25.309999465942383,25.440000534057617,10.336991310119629,55200
2013-02-12,25.489999771118164,25.489999771118164,25.34000015258789,25.469999313354492,10.349176406860352,55400
2013-02-13,25.350000381469727,25.43000030517578,25.299999237060547,25.350000381469727,10.369221687316895,42600
2013-02-14,25.469999313354492,25.469999313354492,25.280000686645508,25.450000762939453,10.410122871398926,48500
2013-02-15,25.440000534057617,25.469999313354492,25.280000686645508,25.469999313354492,10.418304443359375,42800
2013-02-19,25.5,25.600000381469727,25.329999923706055,25.350000381469727,10.369221687316895,55100
2013-02-20,25.450000762939453,25.600000381469727,25.299999237060547,25.459999084472656,10.414217948913574,97600
2013-02-21,25.489999771118164,25.530000686645508,25.260000228881836,25.360000610351562,10.373315811157227,83400
2013-02-22,25.360000610351562,25.489999771118164,25.25,25.479999542236328,10.422394752502441,94200
2013-02-25,25.440000534057617,25.469999313354492,25.290000915527344,25.299999237060547,10.348771095275879,71900
2013-02-26,25.3799991607666,25.450000762939453,25.299999237060547,25.3799991607666,10.381492614746094,74300
2013-02-27,25.3700008392334,25.56999969482422,25.3700008392334,25.520000457763672,10.438761711120605,78800
2013-02-28,25.530000686645508,25.59000015258789,25.479999542236328,25.59000015258789,10.467392921447754,48000
2013-03-01,25.559999465942383,25.639999389648438,25.530000686645508,25.600000381469727,10.47148323059082,45500
2013-03-04,25.600000381469727,25.68000030517578,25.5,25.6299991607666,10.483752250671387,82900
2013-03-05,25.729999542236328,25.780000686645508,25.59000015258789,25.6200008392334,10.479663848876953,52000
2013-03-06,25.700000762939453,25.780000686645508,25.6299991607666,25.75,10.532840728759766,56000
2013-03-07,25.780000686645508,25.790000915527344,25.450000762939453,25.600000381469727,10.47148323059082,75900
2013-03-08,25.81999969482422,25.81999969482422,25.530000686645508,25.649999618530273,10.491931915283203,41600
2013-03-11,25.790000915527344,25.790000915527344,25.600000381469727,25.700000762939453,10.512381553649902,36100
2013-03-12,25.75,25.75,25.459999084472656,25.559999465942383,10.455119132995605,64200
2013-03-13,25.56999969482422,25.56999969482422,25.350000381469727,25.459999084472656,10.483530044555664,5000
2013-03-14,25.5,25.6200008392334,25.34000015258789,25.389999389648438,10.454706192016602,46100
2013-03-15,25.549999237060547,25.549999237060547,25.030000686645508,25.190000534057617,10.372358322143555,74100
2013-03-18,25.25,25.479999542236328,25.079999923706055,25.1299991607666,10.347648620605469,75500
2013-03-19,25.25,25.25,24.8700008392334,25.0,10.294119834899902,117300
2013-03-20,25.010000228881836,25.239999771118164,24.950000762939453,24.989999771118164,10.289997100830078,98500
2013-03-21,25.010000228881836,25.25,25.010000228881836,25.190000534057617,10.372358322143555,77100
2013-03-22,25.3700008392334,25.3700008392334,25.1299991607666,25.200000762939453,10.376476287841797,77400
2013-03-25,25.3700008392334,25.3700008392334,25.100000381469727,25.15999984741211,10.360005378723145,108400
2013-03-26,25.200000762939453,25.239999771118164,25.149999618530273,25.190000534057617,10.372358322143555,99400
2013-03-27,25.209999084472656,25.239999771118164,25.149999618530273,25.15999984741211,10.360005378723145,124600
2013-03-28,25.280000686645508,25.600000381469727,25.149999618530273,25.600000381469727,10.541179656982422,428100
2013-04-01,25.559999465942383,25.56999969482422,25.350000381469727,25.549999237060547,10.520588874816895,84900
2013-04-02,25.600000381469727,25.600000381469727,25.389999389648438,25.40999984741211,10.462944030761719,76100
2013-04-03,25.469999313354492,25.5,25.18000030517578,25.290000915527344,10.413530349731445,64400
2013-04-04,25.489999771118164,25.579999923706055,25.25,25.360000610351562,10.44235610961914,71600
2013-04-05,25.5,25.5,25.309999465942383,25.360000610351562,10.44235610961914,55000
2013-04-08,25.5,25.5,25.299999237060547,25.350000381469727,10.438233375549316,85100
2013-04-09,25.549999237060547,25.549999237060547,25.3700008392334,25.520000457763672,10.508237838745117,47100
2013-04-10,25.600000381469727,25.600000381469727,25.520000457763672,25.56999969482422,10.528826713562012,63900
2013-04-11,25.56999969482422,25.56999969482422,25.34000015258789,25.360000610351562,10.511835098266602,7800
2013-04-12,25.5,25.559999465942383,25.34000015258789,25.399999618530273,10.528407096862793,36200
2013-04-15,25.399999618530273,25.399999618530273,25.15999984741211,25.239999771118164,10.46208667755127,50000
2013-04-16,25.40999984741211,25.5,25.200000762939453,25.350000381469727,10.507683753967285,74600
2013-04-17,25.25,25.420000076293945,25.239999771118164,25.40999984741211,10.53255558013916,36100
2013-04-18,25.3700008392334,25.5,25.350000381469727,25.440000534057617,10.544986724853516,70400
2013-04-19,25.530000686645508,25.56999969482422,25.40999984741211,25.459999084472656,10.5532808303833,31800
2013-04-22,25.559999465942383,25.559999465942383,25.40999984741211,25.43000030517578,10.540846824645996,41900
2013-04-23,25.530000686645508,25.530000686645508,25.3799991607666,25.420000076293945,10.536703109741211,68400
2013-04-24,25.540000915527344,25.739999771118164,25.420000076293945,25.65999984741211,10.636178970336914,82400
2013-04-25,25.5,25.649999618530273,25.389999389648438,25.579999923706055,10.603019714355469,108000
2013-04-26,25.68000030517578,25.68000030517578,25.549999237060547,25.59000015258789,10.607170104980469,40200
2013-04-29,25.530000686645508,25.68000030517578,25.5,25.600000381469727,10.61131477355957,90700
2013-04-30,25.690000534057617,25.799999237060547,25.65999984741211,25.729999542236328,10.665202140808105,43700
2013-05-01,25.829999923706055,25.829999923706055,25.709999084472656,25.790000915527344,10.690071105957031,62700
2013-05-02,25.8799991607666,26.0,25.81999969482422,25.969999313354492,10.764680862426758,79500
2013-05-03,25.90999984741211,26.100000381469727,25.90999984741211,26.100000381469727,10.818564414978027,116800
2013-05-06,26.18000030517578,26.18000030517578,25.920000076293945,26.100000381469727,10.818564414978027,101900
2013-05-07,26.100000381469727,26.200000762939453,25.93000030517578,26.1299991607666,10.831001281738281,88300
2013-05-08,26.200000762939453,26.40999984741211,26.1299991607666,26.3799991607666,10.93462085723877,63700
2013-05-09,26.420000076293945,26.420000076293945,26.1200008392334,26.209999084472656,10.864160537719727,50400
2013-05-10,26.209999084472656,26.290000915527344,26.1200008392334,26.15999984741211,10.843430519104004,60000
2013-05-13,26.020000457763672,26.049999237060547,25.959999084472656,25.989999771118164,10.84302043914795,11200
2013-05-14,26.059999465942383,26.059999465942383,25.860000610351562,25.920000076293945,10.81380844116211,76400
2013-05-15,25.969999313354492,26.1299991607666,25.8799991607666,26.0,10.847193717956543,101100
2013-05-16,25.950000762939453,26.100000381469727,25.889999389648438,26.030000686645508,10.859703063964844,69600
2013-05-17,26.190000534057617,26.190000534057617,25.920000076293945,26.100000381469727,10.888916015625,71800
2013-05-20,26.0,26.09000015258789,25.829999923706055,25.84000015258789,10.780437469482422,48700
2013-05-21,25.93000030517578,25.950000762939453,25.690000534057617,25.850000381469727,10.784612655639648,67400
2013-05-22,25.969999313354492,26.079999923706055,25.40999984741211,25.510000228881836,10.642763137817383,120300
2013-05-23,25.489999771118164,25.600000381469727,25.280000686645508,25.309999465942383,10.55932331085205,104800
2013-05-24,25.780000686645508,25.780000686645508,25.309999465942383,25.43000030517578,10.609382629394531,44600
2013-05-28,25.5,25.600000381469727,25.280000686645508,25.40999984741211,10.601041793823242,72000
2013-05-29,25.479999542236328,25.579999923706055,24.940000534057617,25.059999465942383,10.455026626586914,148700
2013-05-30,25.200000762939453,25.270000457763672,25.020000457763672,25.239999771118164,10.530117988586426,106300
2013-05-31,25.219999313354492,25.219999313354492,24.899999618530273,25.0,10.4299898147583,106200
2013-06-03,25.09000015258789,25.09000015258789,24.25,24.420000076293945,10.188014030456543,144100
2013-06-04,24.31999969482422,24.6200008392334,24.299999237060547,24.56999969482422,10.250592231750488,83000
2013-06-05,24.59000015258789,24.670000076293945,24.34000015258789,24.420000076293945,10.188014030456543,93500
2013-06-06,24.420000076293945,24.75,24.40999984741211,24.690000534057617,10.300660133361816,71800
2013-06-07,24.700000762939453,24.81999969482422,24.65999984741211,24.760000228881836,10.32986068725586,66300
2013-06-10,24.65999984741211,24.729999542236328,24.299999237060547,24.309999465942383,10.142119407653809,114500
2013-06-11,24.190000534057617,24.219999313354492,23.860000610351562,23.920000076293945,9.979411125183105,140000
2013-06-12,23.899999618530273,23.950000762939453,23.0,23.170000076293945,9.735296249389648,43800
2013-06-13,23.290000915527344,24.0,22.860000610351562,23.940000534057617,10.058828353881836,121300
2013-06-14,23.920000076293945,24.06999969482422,23.760000228881836,23.90999984741211,10.046222686767578,61200
2013-06-17,24.06999969482422,24.149999618530273,23.959999084472656,24.010000228881836,10.088234901428223,56400
2013-06-18,24.079999923706055,24.079999923706055,23.760000228881836,23.969999313354492,10.071429252624512,74700
2013-06-19,24.0,24.139999389648438,23.59000015258789,23.649999618530273,9.936972618103027,81800
2013-06-20,23.479999542236328,23.479999542236328,22.899999618530273,23.280000686645508,9.781513214111328,151200
2013-06-21,23.450000762939453,23.450000762939453,22.989999771118164,23.149999618530273,9.726886749267578,61000
2013-06-24,22.93000030517578,22.989999771118164,22.25,22.649999618530273,9.516805648803711,126300
2013-06-25,22.670000076293945,22.989999771118164,22.579999923706055,22.829999923706055,9.592434883117676,72800
2013-06-26,23.170000076293945,23.760000228881836,23.100000381469727,23.760000228881836,9.983194351196289,95100
2013-06-27,23.760000228881836,24.270000457763672,23.760000228881836,24.25,10.189080238342285,69100
2013-06-28,24.239999771118164,24.290000915527344,23.84000015258789,24.290000915527344,10.20588493347168,99700
2013-07-01,24.729999542236328,24.729999542236328,24.190000534057617,24.25,10.189080238342285,74300
2013-07-02,24.399999618530273,24.399999618530273,23.549999237060547,23.860000610351562,10.025214195251465,114800
2013-07-03,23.8799991607666,24.15999984741211,23.809999465942383,23.889999389648438,10.037816047668457,38000
2013-07-05,23.8799991607666,24.0,23.09000015258789,23.3799991607666,9.823531150817871,102600
2013-07-08,23.65999984741211,23.799999237060547,23.149999618530273,23.200000762939453,9.747907638549805,108300
2013-07-09,23.389999389648438,23.559999465942383,23.229999542236328,23.43000030517578,9.84454345703125,59100
2013-07-10,23.600000381469727,23.780000686645508,23.40999984741211,23.520000457763672,9.88236141204834,40600
2013-07-11,23.5,23.6200008392334,23.440000534057617,23.559999465942383,9.970804214477539,75500
2013-07-12,23.59000015258789,23.729999542236328,23.329999923706055,23.450000762939453,9.9242525100708,94600
2013-07-15,23.540000915527344,23.610000610351562,23.3799991607666,23.469999313354492,9.932717323303223,56700
2013-07-16,23.59000015258789,23.639999389648438,23.270000457763672,23.270000457763672,9.84807300567627,47200
2013-07-17,23.479999542236328,23.56999969482422,23.200000762939453,23.530000686645508,9.958107948303223,62000
2013-07-18,23.530000686645508,23.549999237060547,23.25,23.25,9.839612007141113,81800
2013-07-19,23.25,23.350000381469727,23.25,23.290000915527344,9.856537818908691,73800
2013-07-22,23.3799991607666,23.399999618530273,23.239999771118164,23.299999237060547,9.860770225524902,56400
2013-07-23,23.3700008392334,23.5,23.31999969482422,23.479999542236328,9.936951637268066,46500
2013-07-24,23.559999465942383,23.56999969482422,23.309999465942383,23.469999313354492,9.932717323303223,59600
2013-07-25,23.479999542236328,23.479999542236328,23.219999313354492,23.329999923706055,9.873466491699219,75800
2013-07-26,23.31999969482422,23.600000381469727,23.229999542236328,23.520000457763672,9.95388412475586,91100
2013-07-29,23.540000915527344,23.6299991607666,23.3799991607666,23.540000915527344,9.962342262268066,7400
2013-07-30,23.56999969482422,23.719999313354492,23.43000030517578,23.670000076293945,10.01736068725586,82000
2013-07-31,23.559999465942383,23.700000762939453,23.3700008392334,23.68000030517578,10.021590232849121,83800
2013-08-01,23.75,23.969999313354492,23.43000030517578,23.489999771118164,9.941180229187012,67500
2013-08-02,23.639999389648438,23.75,23.459999084472656,23.6200008392334,9.996195793151855,41800
2013-08-05,23.739999771118164,23.739999771118164,23.3700008392334,23.3799991607666,9.894627571105957,42500
2013-08-06,23.389999389648438,23.40999984741211,23.209999084472656,23.31999969482422,9.869233131408691,47400
2013-08-07,23.450000762939453,23.450000762939453,23.229999542236328,23.329999923706055,9.873466491699219,33600
2013-08-08,23.440000534057617,23.520000457763672,23.260000228881836,23.469999313354492,9.932717323303223,44200
2013-08-09,23.450000762939453,23.530000686645508,23.290000915527344,23.459999084472656,9.928489685058594,41600
2013-08-12,23.450000762939453,23.469999313354492,23.299999237060547,23.40999984741211,9.907323837280273,52100
2013-08-13,23.31999969482422,23.31999969482422,22.950000762939453,23.0,9.804591178894043,93100
2013-08-14,22.93000030517578,23.020000457763672,22.510000228881836,22.559999465942383,9.617025375366211,93200
2013-08-15,22.5,22.510000228881836,22.020000457763672,22.309999465942383,9.510446548461914,230900
2013-08-16,22.299999237060547,22.329999923706055,22.100000381469727,22.229999542236328,9.476348876953125,68300
2013-08-19,22.229999542236328,22.229999542236328,21.850000381469727,21.889999389648438,9.331415176391602,177700
2013-08-20,22.290000915527344,22.290000915527344,21.809999465942383,21.979999542236328,9.36977767944336,159400
2013-08-21,22.06999969482422,22.139999389648438,21.889999389648438,22.0,9.378301620483398,53300
2013-08-22,22.149999618530273,22.34000015258789,21.989999771118164,22.190000534057617,9.459295272827148,71400
2013-08-23,22.149999618530273,22.479999542236328,22.149999618530273,22.360000610351562,9.531765937805176,74700
2013-08-26,22.479999542236328,22.520000457763672,22.299999237060547,22.34000015258789,9.523239135742188,71900
2013-08-27,22.299999237060547,22.40999984741211,22.149999618530273,22.299999237060547,9.50619125366211,116600
2013-08-28,22.350000381469727,22.420000076293945,22.190000534057617,22.34000015258789,9.523239135742188,70500
2013-08-29,22.3700008392334,22.65999984741211,22.350000381469727,22.65999984741211,9.659649848937988,71700
2013-08-30,22.670000076293945,22.670000076293945,22.450000762939453,22.600000381469727,9.634073257446289,52500
2013-09-03,22.8700008392334,22.8700008392334,22.469999313354492,22.559999465942383,9.617025375366211,61700
2013-09-04,22.610000610351562,22.649999618530273,22.450000762939453,22.530000686645508,9.604235649108887,62300
2013-09-05,22.59000015258789,22.59000015258789,22.25,22.329999923706055,9.518977165222168,55300
2013-09-06,22.34000015258789,22.489999771118164,22.309999465942383,22.309999465942383,9.510446548461914,69500
2013-09-09,22.350000381469727,22.40999984741211,22.260000228881836,22.329999923706055,9.518977165222168,67600
2013-09-10,22.440000534057617,22.440000534057617,22.06999969482422,22.200000762939453,9.463560104370117,81600
2013-09-11,22.010000228881836,22.1299991607666,21.940000534057617,22.040000915527344,9.467427253723145,62400
2013-09-12,22.1200008392334,22.15999984741211,22.049999237060547,22.049999237060547,9.471723556518555,66200
2013-09-13,22.0,22.149999618530273,22.0,22.110000610351562,9.497492790222168,36200
2013-09-16,22.209999084472656,22.40999984741211,22.170000076293945,22.260000228881836,9.561933517456055,100400
2013-09-17,22.200000762939453,22.290000915527344,22.040000915527344,22.15999984741211,9.518972396850586,79400
2013-09-18,22.170000076293945,22.559999465942383,22.010000228881836,22.520000457763672,9.673611640930176,104800
2013-09-19,22.43000030517578,22.5,22.25,22.450000762939453,9.643548011779785,90200
2013-09-20,22.459999084472656,22.459999084472656,22.209999084472656,22.25,9.557635307312012,76200
2013-09-23,22.299999237060547,22.389999389648438,22.260000228881836,22.389999389648438,9.61777400970459,55200
2013-09-24,22.420000076293945,22.420000076293945,22.280000686645508,22.329999923706055,9.592000007629395,35900
2013-09-25,22.420000076293945,22.420000076293945,22.280000686645508,22.34000015258789,9.596292495727539,40700
2013-09-26,22.389999389648438,22.469999313354492,22.31999969482422,22.389999389648438,9.61777400970459,50700
2013-09-27,22.450000762939453,22.479999542236328,22.329999923706055,22.469999313354492,9.652132987976074,64900
2013-09-30,22.43000030517578,22.68000030517578,22.329999923706055,22.68000030517578,9.742342948913574,125000
2013-10-01,22.649999618530273,22.649999618530273,22.450000762939453,22.610000610351562,9.712272644042969,112700
2013-10-02,22.540000915527344,22.600000381469727,22.329999923706055,22.59000015258789,9.70368480682373,121200
2013-10-03,22.540000915527344,22.6299991607666,22.420000076293945,22.479999542236328,9.65643310546875,53400
2013-10-04,22.549999237060547,22.579999923706055,22.469999313354492,22.579999923706055,9.699392318725586,44800
2013-10-07,22.5,22.559999465942383,22.270000457763672,22.31999969482422,9.587697982788086,56700
2013-10-08,22.399999618530273,22.399999618530273,22.059999465942383,22.149999618530273,9.514678001403809,58000
2013-10-09,22.229999542236328,22.239999771118164,21.90999984741211,22.100000381469727,9.493199348449707,102000
2013-10-10,22.100000381469727,22.190000534057617,21.719999313354492,22.0,9.52306842803955,98800
2013-10-11,22.079999923706055,22.209999084472656,22.0,22.200000762939453,9.609635353088379,62400
2013-10-14,22.229999542236328,22.260000228881836,22.06999969482422,22.25,9.631285667419434,31700
2013-10-15,22.1200008392334,22.25,22.100000381469727,22.110000610351562,9.570683479309082,48100
2013-10-16,22.190000534057617,22.270000457763672,22.049999237060547,22.270000457763672,9.639933586120605,62000
2013-10-17,22.229999542236328,22.56999969482422,22.18000030517578,22.530000686645508,9.75248908996582,75600
2013-10-18,22.690000534057617,22.690000534057617,22.489999771118164,22.6299991607666,9.7957763671875,71700
2013-10-21,22.670000076293945,22.670000076293945,22.34000015258789,22.600000381469727,9.782783508300781,68400
2013-10-22,22.610000610351562,22.8799991607666,22.540000915527344,22.8799991607666,9.903993606567383,80700
2013-10-23,22.8799991607666,22.979999542236328,22.719999313354492,22.93000030517578,9.925631523132324,97800
2013-10-24,22.989999771118164,22.989999771118164,22.700000762939453,22.989999771118164,9.951601028442383,94100
2013-10-25,22.989999771118164,22.989999771118164,22.780000686645508,22.920000076293945,9.921306610107422,61900
2013-10-28,22.90999984741211,22.90999984741211,22.59000015258789,22.68000030517578,9.81741714477539,149200
2013-10-29,22.690000534057617,22.739999771118164,22.549999237060547,22.739999771118164,9.843392372131348,100900
2013-10-30,22.780000686645508,22.780000686645508,22.510000228881836,22.510000228881836,9.743826866149902,92500
2013-10-31,22.610000610351562,22.610000610351562,22.329999923706055,22.520000457763672,9.748157501220703,73600
2013-11-01,22.59000015258789,22.6200008392334,22.3799991607666,22.40999984741211,9.700539588928223,73100
2013-11-04,22.3799991607666,22.489999771118164,22.360000610351562,22.420000076293945,9.704867362976074,51500
2013-11-05,22.309999465942383,22.489999771118164,22.309999465942383,22.440000534057617,9.713528633117676,71900
2013-11-06,22.479999542236328,22.540000915527344,22.399999618530273,22.469999313354492,9.726516723632812,63800
2013-11-07,22.5,22.510000228881836,22.440000534057617,22.469999313354492,9.726516723632812,61500
2013-11-08,22.329999923706055,22.399999618530273,22.25,22.34000015258789,9.670246124267578,76600
2013-11-11,22.31999969482422,22.3700008392334,22.18000030517578,22.290000915527344,9.648600578308105,73100
2013-11-12,22.299999237060547,22.34000015258789,22.049999237060547,22.1200008392334,9.575010299682617,129900
2013-11-13,22.030000686645508,22.100000381469727,21.920000076293945,22.079999923706055,9.631277084350586,96100
2013-11-14,22.079999923706055,22.18000030517578,21.950000762939453,22.18000030517578,9.674899101257324,98900
2013-11-15,22.170000076293945,22.260000228881836,22.059999465942383,22.260000228881836,9.709800720214844,81800
2013-11-18,22.25,22.260000228881836,22.110000610351562,22.229999542236328,9.696712493896484,79200
2013-11-19,22.219999313354492,22.25,22.010000228881836,22.059999465942383,9.622559547424316,78100
2013-11-20,22.059999465942383,22.1299991607666,21.93000030517578,21.969999313354492,9.58329963684082,108000
2013-11-21,22.010000228881836,22.06999969482422,21.950000762939453,22.030000686645508,9.60947322845459,81800
2013-11-22,22.0,22.219999313354492,22.0,22.15999984741211,9.666176795959473,108100
2013-11-25,22.15999984741211,22.329999923706055,22.010000228881836,22.09000015258789,9.635634422302246,97200
2013-11-26,22.110000610351562,22.200000762939453,22.059999465942383,22.06999969482422,9.62691593170166,66400
2013-11-27,22.049999237060547,22.170000076293945,22.049999237060547,22.139999389648438,9.657451629638672,109000
2013-11-29,22.100000381469727,22.229999542236328,22.100000381469727,22.229999542236328,9.696712493896484,25700
2013-12-02,22.25,22.299999237060547,22.100000381469727,22.1299991607666,9.653090476989746,82800
2013-12-03,22.06999969482422,22.190000534057617,21.93000030517578,21.989999771118164,9.592025756835938,115600
2013-12-04,21.940000534057617,22.030000686645508,21.809999465942383,21.90999984741211,9.557123184204102,112600
2013-12-05,21.90999984741211,22.040000915527344,21.84000015258789,21.850000381469727,9.530951499938965,92200
2013-12-06,21.969999313354492,22.139999389648438,21.81999969482422,21.850000381469727,9.530951499938965,141500
2013-12-09,21.899999618530273,21.979999542236328,21.829999923706055,21.950000762939453,9.574570655822754,119900
2013-12-10,21.950000762939453,22.049999237060547,21.899999618530273,21.989999771118164,9.592025756835938,123800
2013-12-11,21.920000076293945,21.93000030517578,21.75,21.780000686645508,9.574005126953125,115200
2013-12-12,21.81999969482422,21.850000381469727,21.700000762939453,21.770000457763672,9.569608688354492,112700
2013-12-13,21.809999465942383,21.979999542236328,21.75,21.959999084472656,9.65312385559082,108100
2013-12-16,21.979999542236328,22.15999984741211,21.940000534057617,22.100000381469727,9.7146635055542,145900
2013-12-17,22.100000381469727,22.100000381469727,21.860000610351562,22.079999923706055,9.705869674682617,165300
2013-12-18,21.950000762939453,22.18000030517578,21.950000762939453,22.15999984741211,9.741040229797363,184800
2013-12-19,22.149999618530273,22.15999984741211,22.059999465942383,22.149999618530273,9.736645698547363,131500
2013-12-20,22.18000030517578,22.209999084472656,22.100000381469727,22.209999084472656,9.763017654418945,115400
2013-12-23,22.25,22.479999542236328,22.25,22.469999313354492,9.877309799194336,143700
2013-12-24,22.18000030517578,22.280000686645508,22.030000686645508,22.190000534057617,9.970766067504883,91900
2013-12-26,22.329999923706055,22.329999923706055,21.959999084472656,22.0,9.885397911071777,162300
2013-12-27,22.100000381469727,22.100000381469727,21.860000610351562,21.93000030517578,9.85394287109375,95300
2013-12-30,21.940000534057617,22.149999618530273,21.799999237060547,21.899999618530273,9.840465545654297,339700
2013-12-31,22.020000457763672,22.270000457763672,21.950000762939453,22.06999969482422,9.916847229003906,276600
2014-01-02,22.1200008392334,22.3700008392334,22.06999969482422,22.290000915527344,10.015705108642578,63700
2014-01-03,22.3700008392334,22.40999984741211,22.139999389648438,22.31999969482422,10.029180526733398,85600
2014-01-06,22.3700008392334,22.440000534057617,22.3700008392334,22.389999389648438,10.060636520385742,58800
2014-01-07,22.5,22.559999465942383,22.25,22.360000610351562,10.047159194946289,104400
2014-01-08,22.31999969482422,22.43000030517578,22.280000686645508,22.43000030517578,10.078606605529785,41600
2014-01-09,22.489999771118164,22.559999465942383,22.399999618530273,22.440000534057617,10.083099365234375,48100
2014-01-10,22.5,22.6200008392334,22.5,22.6200008392334,10.163985252380371,149600
2014-01-13,22.6200008392334,22.6200008392334,22.309999465942383,22.329999923706055,10.10920524597168,98000
2014-01-14,22.25,22.540000915527344,22.25,22.479999542236328,10.177112579345703,204700
2014-01-15,22.489999771118164,22.56999969482422,22.40999984741211,22.530000686645508,10.199750900268555,258600
2014-01-16,22.540000915527344,22.579999923706055,22.450000762939453,22.520000457763672,10.195222854614258,61100
2014-01-17,22.549999237060547,22.559999465942383,22.459999084472656,22.549999237060547,10.208806991577148,75100
2014-01-21,22.56999969482422,22.639999389648438,22.56999969482422,22.59000015258789,10.226913452148438,76700
2014-01-22,22.649999618530273,22.65999984741211,22.549999237060547,22.579999923706055,10.222390174865723,65900
2014-01-23,22.600000381469727,22.690000534057617,22.56999969482422,22.670000076293945,10.263120651245117,75700
2014-01-24,22.700000762939453,22.700000762939453,22.440000534057617,22.530000686645508,10.199750900268555,81400
2014-01-27,22.540000915527344,22.6200008392334,22.469999313354492,22.5,10.186171531677246,96100
2014-01-28,22.579999923706055,22.639999389648438,22.489999771118164,22.639999389648438,10.249550819396973,130200
2014-01-29,22.59000015258789,22.59000015258789,22.389999389648438,22.489999771118164,10.181639671325684,89200
2014-01-30,22.559999465942383,22.610000610351562,22.459999084472656,22.59000015258789,10.226913452148438,60900
2014-01-31,22.510000228881836,22.579999923706055,22.469999313354492,22.549999237060547,10.208806991577148,136300
2014-02-03,22.6200008392334,22.670000076293945,22.549999237060547,22.65999984741211,10.258599281311035,105500
2014-02-04,22.600000381469727,22.65999984741211,22.549999237060547,22.549999237060547,10.208806991577148,49700
2014-02-05,22.6200008392334,22.860000610351562,22.59000015258789,22.84000015258789,10.340093612670898,58900
2014-02-06,22.75,22.84000015258789,22.709999084472656,22.770000457763672,10.308405876159668,48100
2014-02-07,22.889999389648438,22.93000030517578,22.809999465942383,22.8799991607666,10.358209609985352,37100
2014-02-10,22.950000762939453,23.06999969482422,22.90999984741211,22.950000762939453,10.38988971710205,71500
2014-02-11,23.149999618530273,23.18000030517578,22.940000534057617,23.040000915527344,10.430644989013672,73900
2014-02-12,22.969999313354492,22.979999542236328,22.850000381469727,22.90999984741211,10.448420524597168,47900
2014-02-13,22.75,23.030000686645508,22.75,22.850000381469727,10.421055793762207,69100
2014-02-14,22.920000076293945,22.969999313354492,22.809999465942383,22.860000610351562,10.425620079040527,67400
2014-02-18,22.860000610351562,22.93000030517578,22.75,22.799999237060547,10.398253440856934,68700
2014-02-19,22.81999969482422,22.889999389648438,22.75,22.770000457763672,10.384573936462402,86100
2014-02-20,22.799999237060547,22.809999465942383,22.760000228881836,22.760000228881836,10.380012512207031,54300
2014-02-21,22.790000915527344,22.84000015258789,22.75,22.760000228881836,10.380012512207031,50200
2014-02-24,22.799999237060547,22.84000015258789,22.739999771118164,22.770000457763672,10.384573936462402,77500
2014-02-25,22.809999465942383,22.829999923706055,22.700000762939453,22.760000228881836,10.380012512207031,76000
2014-02-26,22.8700008392334,22.979999542236328,22.84000015258789,22.920000076293945,10.452984809875488,122100
2014-02-27,22.889999389648438,23.06999969482422,22.889999389648438,22.899999618530273,10.44385814666748,166000
2014-02-28,22.969999313354492,23.229999542236328,22.969999313354492,23.1299991607666,10.548749923706055,135300
2014-03-03,23.15999984741211,23.239999771118164,23.049999237060547,23.15999984741211,10.562439918518066,149800
2014-03-04,23.1200008392334,23.149999618530273,22.81999969482422,22.81999969482422,10.407381057739258,379600
2014-03-05,22.8799991607666,22.93000030517578,22.790000915527344,22.84000015258789,10.416499137878418,86800
2014-03-06,22.850000381469727,22.8700008392334,22.799999237060547,22.850000381469727,10.421055793762207,52300
2014-03-07,22.829999923706055,22.8700008392334,22.530000686645508,22.530000686645508,10.275121688842773,136300
2014-03-10,22.579999923706055,22.770000457763672,22.579999923706055,22.709999084472656,10.357208251953125,100000
2014-03-11,22.799999237060547,22.84000015258789,22.690000534057617,22.690000534057617,10.348089218139648,53200
2014-03-12,22.610000610351562,22.729999542236328,22.56999969482422,22.6200008392334,10.388504981994629,73300
2014-03-13,22.610000610351562,22.700000762939453,22.559999465942383,22.579999923706055,10.370137214660645,46700
2014-03-14,22.6200008392334,22.729999542236328,22.610000610351562,22.729999542236328,10.43901538848877,35800
2014-03-17,22.75,22.799999237060547,22.6299991607666,22.690000534057617,10.420649528503418,81100
2014-03-18,22.739999771118164,22.799999237060547,22.709999084472656,22.770000457763672,10.45739459991455,55000
2014-03-19,22.790000915527344,22.8700008392334,22.420000076293945,22.440000534057617,10.30583667755127,97000
2014-03-20,22.440000534057617,22.579999923706055,22.420000076293945,22.489999771118164,10.328797340393066,64800
2014-03-21,22.540000915527344,22.670000076293945,22.540000915527344,22.610000610351562,10.383910179138184,60700
2014-03-24,22.6200008392334,22.68000030517578,22.600000381469727,22.639999389648438,10.397692680358887,64800
2014-03-25,22.670000076293945,22.709999084472656,22.579999923706055,22.65999984741211,10.406869888305664,79500
2014-03-26,22.6299991607666,22.75,22.6299991607666,22.75,10.44820785522461,68900
2014-03-27,22.75,22.799999237060547,22.709999084472656,22.739999771118164,10.443614959716797,29700
2014-03-28,22.719999313354492,22.829999923706055,22.719999313354492,22.719999313354492,10.434428215026855,53700
2014-03-31,22.809999465942383,22.850000381469727,22.739999771118164,22.799999237060547,10.471170425415039,59300
2014-04-01,22.84000015258789,22.84000015258789,22.75,22.809999465942383,10.475759506225586,87600
2014-04-02,22.829999923706055,22.829999923706055,22.610000610351562,22.760000228881836,10.452797889709473,101700
2014-04-03,22.75,22.84000015258789,22.709999084472656,22.84000015258789,10.489542961120605,47400
2014-04-04,22.979999542236328,22.979999542236328,22.81999969482422,22.889999389648438,10.512505531311035,42400
2014-04-07,22.90999984741211,22.959999084472656,22.8700008392334,22.940000534057617,10.535463333129883,35800
2014-04-08,22.959999084472656,23.0,22.940000534057617,23.0,10.563023567199707,30400
2014-04-09,23.010000228881836,23.049999237060547,23.0,23.040000915527344,10.581398963928223,39900
2014-04-10,23.049999237060547,23.079999923706055,23.040000915527344,23.06999969482422,10.595171928405762,49100
2014-04-11,23.020000457763672,23.079999923706055,22.920000076293945,22.969999313354492,10.621994972229004,49200
2014-04-14,23.020000457763672,23.06999969482422,22.93000030517578,23.030000686645508,10.649738311767578,38300
2014-04-15,23.059999465942383,23.06999969482422,22.93000030517578,23.059999465942383,10.663609504699707,45200
2014-04-16,23.079999923706055,23.079999923706055,23.0,23.079999923706055,10.672856330871582,40700
2014-04-17,23.079999923706055,23.079999923706055,22.940000534057617,23.040000915527344,10.654367446899414,39700
2014-04-21,23.059999465942383,23.06999969482422,23.0,23.06999969482422,10.668235778808594,34300
2014-04-22,23.0,23.200000762939453,23.0,23.190000534057617,10.723723411560059,53400
2014-04-23,23.170000076293945,23.3700008392334,23.149999618530273,23.34000015258789,10.793089866638184,55000
2014-04-24,23.350000381469727,23.450000762939453,23.299999237060547,23.399999618530273,10.820841789245605,51000
2014-04-25,23.229999542236328,23.3799991607666,23.229999542236328,23.34000015258789,10.793089866638184,35800
2014-04-28,23.40999984741211,23.549999237060547,23.389999389648438,23.40999984741211,10.825464248657227,64900
2014-04-29,23.34000015258789,23.43000030517578,23.34000015258789,23.360000610351562,10.802336692810059,88100
2014-04-30,23.40999984741211,23.420000076293945,23.309999465942383,23.360000610351562,10.802336692810059,75900
2014-05-01,23.420000076293945,23.5,23.299999237060547,23.299999237060547,10.7746000289917,56200
2014-05-02,23.3700008392334,23.459999084472656,23.3700008392334,23.3799991607666,10.8115873336792,49500
2014-05-05,23.43000030517578,23.43000030517578,23.31999969482422,23.3799991607666,10.8115873336792,39800
2014-05-06,23.420000076293945,23.43000030517578,23.3700008392334,23.3700008392334,10.806960105895996,42000
2014-05-07,23.440000534057617,23.440000534057617,23.3799991607666,23.399999618530273,10.820841789245605,33700
2014-05-08,23.40999984741211,23.459999084472656,23.350000381469727,23.3700008392334,10.806960105895996,63500
2014-05-09,23.3700008392334,23.40999984741211,23.329999923706055,23.399999618530273,10.820841789245605,60700
2014-05-12,23.440000534057617,23.450000762939453,23.3700008392334,23.420000076293945,10.830084800720215,61400
2014-05-13,23.3700008392334,23.3700008392334,23.25,23.280000686645508,10.838464736938477,59500
2014-05-14,23.299999237060547,23.40999984741211,23.299999237060547,23.389999389648438,10.889678001403809,68100
2014-05-15,23.34000015258789,23.40999984741211,23.209999084472656,23.25,10.824493408203125,70100
2014-05-16,23.280000686645508,23.3700008392334,23.229999542236328,23.360000610351562,10.87570858001709,53000
2014-05-19,23.31999969482422,23.479999542236328,23.31999969482422,23.479999542236328,10.931577682495117,54300
2014-05-20,23.489999771118164,23.489999771118164,23.34000015258789,23.3700008392334,10.88035774230957,36300
2014-05-21,23.3700008392334,23.43000030517578,23.350000381469727,23.389999389648438,10.889678001403809,51300
2014-05-22,23.469999313354492,23.469999313354492,23.3799991607666,23.420000076293945,10.903642654418945,85500
2014-05-23,23.3799991607666,23.43000030517578,23.350000381469727,23.399999618530273,10.894339561462402,51700
2014-05-27,23.399999618530273,23.420000076293945,23.34000015258789,23.34000015258789,10.866397857666016,29500
2014-05-28,23.34000015258789,23.399999618530273,23.329999923706055,23.389999389648438,10.889678001403809,67900
2014-05-29,23.40999984741211,23.420000076293945,23.3799991607666,23.3799991607666,10.885026931762695,64400
2014-05-30,23.440000534057617,23.450000762939453,23.3799991607666,23.40999984741211,10.898994445800781,68300
2014-06-02,23.440000534057617,23.450000762939453,23.399999618530273,23.399999618530273,10.894339561462402,52700
2014-06-03,23.420000076293945,23.43000030517578,23.200000762939453,23.200000762939453,10.80122184753418,80600
2014-06-04,23.219999313354492,23.270000457763672,22.940000534057617,23.1299991607666,10.768631935119629,112700
2014-06-05,23.09000015258789,23.290000915527344,23.030000686645508,23.290000915527344,10.843123435974121,71000
2014-06-06,23.34000015258789,23.350000381469727,23.270000457763672,23.299999237060547,10.847780227661133,33500
2014-06-09,23.350000381469727,23.3700008392334,23.25,23.270000457763672,10.833805084228516,56200
2014-06-10,23.270000457763672,23.329999923706055,23.239999771118164,23.329999923706055,10.861745834350586,67300
2014-06-11,23.239999771118164,23.239999771118164,23.06999969482422,23.200000762939453,10.874869346618652,37900
2014-06-12,23.309999465942383,23.40999984741211,23.1299991607666,23.15999984741211,10.856119155883789,59100
2014-06-13,23.219999313354492,23.219999313354492,23.149999618530273,23.170000076293945,10.86080265045166,51000
2014-06-16,23.229999542236328,23.280000686645508,23.170000076293945,23.18000030517578,10.865498542785645,71600
2014-06-17,23.219999313354492,23.239999771118164,23.18000030517578,23.229999542236328,10.888936042785645,44300
2014-06-18,23.299999237060547,23.299999237060547,23.18000030517578,23.239999771118164,10.893624305725098,69000
2014-06-19,23.299999237060547,23.299999237060547,23.239999771118164,23.25,10.89830493927002,41900
2014-06-20,23.299999237060547,23.34000015258789,23.239999771118164,23.31999969482422,10.93111801147461,31400
2014-06-23,23.3700008392334,23.399999618530273,23.290000915527344,23.329999923706055,10.935802459716797,55100
2014-06-24,23.389999389648438,23.389999389648438,23.309999465942383,23.309999465942383,10.926430702209473,40900
2014-06-25,23.399999618530273,23.489999771118164,23.350000381469727,23.43000030517578,10.982685089111328,48500
2014-06-26,23.479999542236328,23.5,23.389999389648438,23.389999389648438,10.963930130004883,47700
2014-06-27,23.469999313354492,23.469999313354492,23.3799991607666,23.440000534057617,10.987374305725098,31200
2014-06-30,23.450000762939453,23.479999542236328,23.399999618530273,23.479999542236328,11.006115913391113,65400
2014-07-01,23.479999542236328,23.530000686645508,23.43000030517578,23.530000686645508,11.029548645019531,60500
2014-07-02,23.540000915527344,23.540000915527344,23.399999618530273,23.459999084472656,10.996744155883789,69000
2014-07-03,23.459999084472656,23.459999084472656,23.260000228881836,23.309999465942383,10.926430702209473,46500
2014-07-07,23.360000610351562,23.40999984741211,23.260000228881836,23.40999984741211,10.973311424255371,49500
2014-07-08,23.5,23.530000686645508,23.389999389648438,23.40999984741211,10.973311424255371,47300
2014-07-09,23.5,23.6299991607666,23.459999084472656,23.6299991607666,11.076425552368164,77600
2014-07-10,23.600000381469727,23.729999542236328,23.459999084472656,23.579999923706055,11.052992820739746,55600
2014-07-11,23.399999618530273,23.549999237060547,23.399999618530273,23.489999771118164,11.0850830078125,68900
2014-07-14,23.520000457763672,23.649999618530273,23.459999084472656,23.489999771118164,11.0850830078125,65600
2014-07-15,23.549999237060547,23.579999923706055,23.459999084472656,23.459999084472656,11.070919036865234,47000
2014-07-16,23.549999237060547,23.549999237060547,23.399999618530273,23.440000534057617,11.061485290527344,64100
2014-07-17,23.450000762939453,23.479999542236328,23.31999969482422,23.399999618530273,11.04261302947998,49900
2014-07-18,23.360000610351562,23.530000686645508,23.360000610351562,23.43000030517578,11.056772232055664,31500
2014-07-21,23.479999542236328,23.549999237060547,23.3799991607666,23.40999984741211,11.047331809997559,57100
2014-07-22,23.420000076293945,23.479999542236328,23.399999618530273,23.459999084472656,11.070919036865234,61800
2014-07-23,23.489999771118164,23.530000686645508,23.40999984741211,23.469999313354492,11.075642585754395,63700
2014-07-24,23.530000686645508,23.530000686645508,23.329999923706055,23.3700008392334,11.028449058532715,55900
2014-07-25,23.43000030517578,23.479999542236328,23.280000686645508,23.350000381469727,11.019013404846191,62000
2014-07-28,23.399999618530273,23.459999084472656,23.309999465942383,23.360000610351562,11.023735046386719,70100
2014-07-29,23.43000030517578,23.450000762939453,23.34000015258789,23.34000015258789,11.014296531677246,38900
2014-07-30,23.420000076293945,23.440000534057617,23.309999465942383,23.3799991607666,11.033171653747559,48700
2014-07-31,23.34000015258789,23.34000015258789,23.020000457763672,23.110000610351562,10.90575885772705,95900
2014-08-01,23.200000762939453,23.290000915527344,23.040000915527344,23.139999389648438,10.919914245605469,84300
2014-08-04,23.18000030517578,23.200000762939453,23.06999969482422,23.110000610351562,10.90575885772705,66500
2014-08-05,23.079999923706055,23.219999313354492,22.989999771118164,22.989999771118164,10.84913158416748,92600
2014-08-06,22.979999542236328,23.170000076293945,22.979999542236328,23.040000915527344,10.872729301452637,42000
2014-08-07,23.100000381469727,23.3700008392334,23.06999969482422,23.260000228881836,10.976542472839355,116800
2014-08-08,23.290000915527344,23.389999389648438,23.209999084472656,23.260000228881836,10.976542472839355,39600
2014-08-11,23.440000534057617,23.440000534057617,23.219999313354492,23.280000686645508,10.985980033874512,60500
2014-08-12,23.309999465942383,23.3700008392334,23.239999771118164,23.350000381469727,11.019013404846191,31700
2014-08-13,23.280000686645508,23.399999618530273,23.139999389648438,23.360000610351562,11.098832130432129,50400
2014-08-14,23.440000534057617,23.440000534057617,23.299999237060547,23.40999984741211,11.122591972351074,57500
2014-08-15,23.43000030517578,23.459999084472656,23.329999923706055,23.399999618530273,11.117836952209473,34500
2014-08-18,23.459999084472656,23.479999542236328,23.350000381469727,23.3799991607666,11.108332633972168,49500
2014-08-19,23.459999084472656,23.479999542236328,23.399999618530273,23.43000030517578,11.132099151611328,52500
2014-08-20,23.43000030517578,23.5,23.3799991607666,23.5,11.165353775024414,58800
2014-08-21,23.510000228881836,23.510000228881836,23.3700008392334,23.40999984741211,11.122591972351074,88100
2014-08-22,23.450000762939453,23.450000762939453,23.299999237060547,23.299999237060547,11.070328712463379,38600
2014-08-25,23.399999618530273,23.43000030517578,23.290000915527344,23.309999465942383,11.075084686279297,52400
2014-08-26,23.31999969482422,23.420000076293945,23.299999237060547,23.309999465942383,11.075084686279297,66700
2014-08-27,23.309999465942383,23.40999984741211,23.270000457763672,23.40999984741211,11.122591972351074,71800
2014-08-28,23.420000076293945,23.440000534057617,23.31999969482422,23.389999389648438,11.113092422485352,34000
2014-08-29,23.3700008392334,23.479999542236328,23.350000381469727,23.450000762939453,11.141594886779785,51000
2014-09-02,24.420000076293945,24.420000076293945,23.290000915527344,23.309999465942383,11.075084686279297,65100
2014-09-03,23.299999237060547,23.3799991607666,23.200000762939453,23.31999969482422,11.079828262329102,120800
2014-09-04,23.399999618530273,23.43000030517578,23.25,23.280000686645508,11.060826301574707,54800
2014-09-05,23.25,23.43000030517578,23.25,23.389999389648438,11.113092422485352,52900
2014-09-08,23.3799991607666,23.43000030517578,23.3700008392334,23.389999389648438,11.113092422485352,58200
2014-09-09,23.3700008392334,23.420000076293945,23.350000381469727,23.3799991607666,11.108332633972168,57400
2014-09-10,23.40999984741211,23.440000534057617,23.329999923706055,23.43000030517578,11.132099151611328,69800
2014-09-11,23.270000457763672,23.270000457763672,22.93000030517578,23.18000030517578,11.088086128234863,69900
2014-09-12,23.1200008392334,23.15999984741211,22.950000762939453,23.030000686645508,11.016332626342773,77600
2014-09-15,22.920000076293945,23.040000915527344,22.829999923706055,22.829999923706055,10.920658111572266,55000
2014-09-16,22.889999389648438,23.0,22.850000381469727,22.989999771118164,10.997198104858398,38600
2014-09-17,23.0,23.110000610351562,22.950000762939453,22.959999084472656,10.982847213745117,88600
2014-09-18,22.969999313354492,23.040000915527344,22.940000534057617,22.940000534057617,10.973272323608398,67400
2014-09-19,22.969999313354492,23.030000686645508,22.93000030517578,22.93000030517578,10.968496322631836,47100
2014-09-22,22.959999084472656,22.959999084472656,22.809999465942383,22.8700008392334,10.939796447753906,47300
2014-09-23,22.889999389648438,22.959999084472656,22.809999465942383,22.8799991607666,10.944586753845215,68100
2014-09-24,22.940000534057617,22.950000762939453,22.850000381469727,22.899999618530273,10.954151153564453,45900
2014-09-25,22.889999389648438,22.920000076293945,22.610000610351562,22.639999389648438,10.829784393310547,79600
2014-09-26,22.59000015258789,22.790000915527344,22.18000030517578,22.75,10.882394790649414,103200
2014-09-29,22.6299991607666,22.780000686645508,22.579999923706055,22.709999084472656,10.863264083862305,56300
2014-09-30,22.739999771118164,22.969999313354492,22.709999084472656,22.90999984741211,10.958930969238281,83000
2014-10-01,23.040000915527344,23.079999923706055,22.81999969482422,22.860000610351562,10.935022354125977,77500
2014-10-02,22.920000076293945,23.020000457763672,22.75,22.81999969482422,10.91588020324707,77600
2014-10-03,22.889999389648438,23.030000686645508,22.8799991607666,22.959999084472656,10.982847213745117,68800
2014-10-06,23.1200008392334,23.1200008392334,23.010000228881836,23.100000381469727,11.049821853637695,50700
2014-10-07,23.139999389648438,23.149999618530273,23.040000915527344,23.09000015258789,11.045036315917969,61600
2014-10-08,23.1299991607666,23.25,23.06999969482422,23.219999313354492,11.107217788696289,82500
2014-10-09,23.219999313354492,23.290000915527344,22.950000762939453,23.09000015258789,11.045036315917969,91500
2014-10-10,23.1200008392334,23.170000076293945,22.809999465942383,22.809999465942383,10.986272811889648,163700
2014-10-13,22.989999771118164,23.079999923706055,22.729999542236328,22.829999923706055,10.995903968811035,85200
2014-10-14,22.979999542236328,22.989999771118164,22.719999313354492,22.770000457763672,10.967009544372559,99800
2014-10-15,22.75,22.75,22.5,22.690000534057617,10.928474426269531,109200
2014-10-16,22.510000228881836,23.0,22.510000228881836,22.889999389648438,11.02480697631836,68200
2014-10-17,22.889999389648438,23.100000381469727,22.889999389648438,23.0,11.077784538269043,69600
2014-10-20,23.09000015258789,23.219999313354492,22.940000534057617,22.940000534057617,11.048881530761719,54600
2014-10-21,23.0,23.100000381469727,22.940000534057617,23.030000686645508,11.092230796813965,96900
2014-10-22,23.09000015258789,23.09000015258789,22.950000762939453,23.020000457763672,11.087418556213379,54900
2014-10-23,23.100000381469727,23.239999771118164,23.020000457763672,23.059999465942383,11.106682777404785,65400
2014-10-24,23.079999923706055,23.190000534057617,23.040000915527344,23.06999969482422,11.111502647399902,42700
2014-10-27,23.059999465942383,23.15999984741211,22.920000076293945,22.950000762939453,11.053702354431152,287500
2014-10-28,23.040000915527344,23.049999237060547,22.969999313354492,23.010000228881836,11.082597732543945,99500
2014-10-29,23.06999969482422,23.110000610351562,22.979999542236328,23.09000015258789,11.121131896972656,79000
2014-10-30,23.09000015258789,23.15999984741211,23.040000915527344,23.079999923706055,11.116320610046387,37200
2014-10-31,23.290000915527344,23.290000915527344,23.09000015258789,23.209999084472656,11.178934097290039,56700
2014-11-03,23.260000228881836,23.420000076293945,23.219999313354492,23.40999984741211,11.275259971618652,89700
2014-11-04,23.3700008392334,23.40999984741211,23.309999465942383,23.40999984741211,11.275259971618652,34500
2014-11-05,23.40999984741211,23.489999771118164,23.329999923706055,23.469999313354492,11.304161071777344,48600
2014-11-06,23.450000762939453,23.489999771118164,23.309999465942383,23.450000762939453,11.294523239135742,49300
2014-11-07,23.440000534057617,23.5,23.420000076293945,23.5,11.318610191345215,52600
2014-11-10,23.5,23.510000228881836,23.34000015258789,23.43000030517578,11.284895896911621,48400
2014-11-11,23.360000610351562,23.389999389648438,23.329999923706055,23.360000610351562,11.251174926757812,99600
2014-11-12,23.280000686645508,23.3700008392334,23.209999084472656,23.350000381469727,11.322949409484863,33200
2014-11-13,23.399999618530273,23.40999984741211,23.270000457763672,23.360000610351562,11.327794075012207,58200
2014-11-14,23.360000610351562,23.459999084472656,23.329999923706055,23.3700008392334,11.3326416015625,50300
2014-11-17,23.360000610351562,23.360000610351562,23.190000534057617,23.219999313354492,11.259902000427246,48100
2014-11-18,23.200000762939453,23.34000015258789,23.200000762939453,23.329999923706055,11.313248634338379,54100
2014-11-19,23.239999771118164,23.290000915527344,23.170000076293945,23.219999313354492,11.259902000427246,55400
2014-11-20,23.219999313354492,23.25,23.149999618530273,23.170000076293945,11.235660552978516,54300
2014-11-21,23.190000534057617,23.219999313354492,23.170000076293945,23.209999084472656,11.255062103271484,37800
2014-11-24,23.200000762939453,23.209999084472656,23.149999618530273,23.18000030517578,11.240510940551758,68600
2014-11-25,23.1299991607666,23.170000076293945,23.049999237060547,23.110000610351562,11.206565856933594,121500
2014-11-26,23.149999618530273,23.190000534057617,23.09000015258789,23.1200008392334,11.211417198181152,50600
2014-11-28,23.170000076293945,23.209999084472656,23.110000610351562,23.209999084472656,11.255062103271484,26900
2014-12-01,23.309999465942383,23.329999923706055,23.100000381469727,23.280000686645508,11.289002418518066,104900
2014-12-02,23.219999313354492,23.299999237060547,23.100000381469727,23.1299991607666,11.216262817382812,288900
2014-12-03,23.149999618530273,23.209999084472656,23.139999389648438,23.15999984741211,11.23080825805664,43400
2014-12-04,23.200000762939453,23.209999084472656,23.079999923706055,23.100000381469727,11.201713562011719,71600
2014-12-05,23.059999465942383,23.15999984741211,23.059999465942383,23.100000381469727,11.201713562011719,50100
2014-12-08,23.110000610351562,23.110000610351562,23.010000228881836,23.059999465942383,11.182313919067383,49300
2014-12-09,22.8700008392334,23.010000228881836,22.8700008392334,22.969999313354492,11.138677597045898,57000
2014-12-10,23.020000457763672,23.049999237060547,22.84000015258789,22.93000030517578,11.119278907775879,72700
2014-12-11,22.8700008392334,22.979999542236328,22.75,22.760000228881836,11.113419532775879,92800
2014-12-12,22.760000228881836,22.81999969482422,22.540000915527344,22.540000915527344,11.00599193572998,85400
2014-12-15,22.739999771118164,22.739999771118164,22.399999618530273,22.450000762939453,10.962053298950195,106200
2014-12-16,22.540000915527344,22.59000015258789,22.209999084472656,22.40999984741211,10.942522048950195,110700
2014-12-17,22.389999389648438,22.6299991607666,22.290000915527344,22.6299991607666,11.049938201904297,182200
2014-12-18,22.690000534057617,22.860000610351562,22.639999389648438,22.739999771118164,11.103654861450195,73700
2014-12-19,22.700000762939453,22.850000381469727,22.520000457763672,22.700000762939453,11.084120750427246,110600
2014-12-22,22.649999618530273,22.700000762939453,22.520000457763672,22.700000762939453,11.084120750427246,65100
2014-12-23,22.6200008392334,22.68000030517578,22.510000228881836,22.520000457763672,11.00883674621582,101700
2014-12-24,22.579999923706055,22.6200008392334,22.43000030517578,22.450000762939453,10.974623680114746,37500
2014-12-26,22.540000915527344,22.579999923706055,22.479999542236328,22.559999465942383,11.028392791748047,65800
2014-12-29,22.559999465942383,22.600000381469727,22.489999771118164,22.510000228881836,11.003952026367188,161600
2014-12-30,22.5,22.600000381469727,22.3799991607666,22.40999984741211,10.955069541931152,156700
2014-12-31,22.549999237060547,22.56999969482422,22.450000762939453,22.450000762939453,10.974623680114746,95000
2015-01-02,22.450000762939453,22.579999923706055,22.450000762939453,22.559999465942383,11.028392791748047,68600
2015-01-05,22.479999542236328,22.530000686645508,22.31999969482422,22.389999389648438,10.945279121398926,126300
2015-01-06,22.389999389648438,22.540000915527344,22.329999923706055,22.360000610351562,10.93062686920166,201100
2015-01-07,22.56999969482422,22.68000030517578,22.489999771118164,22.649999618530273,11.0723876953125,140200
2015-01-08,22.690000534057617,22.969999313354492,22.6200008392334,22.959999084472656,11.22392749786377,130700
2015-01-09,22.979999542236328,23.020000457763672,22.809999465942383,23.020000457763672,11.25326919555664,79300
2015-01-12,22.920000076293945,23.100000381469727,22.920000076293945,23.030000686645508,11.258147239685059,58300
2015-01-13,22.979999542236328,22.989999771118164,22.809999465942383,22.889999389648438,11.267997741699219,77200
2015-01-14,22.84000015258789,22.860000610351562,22.75,22.829999923706055,11.23846435546875,78700
2015-01-15,22.760000228881836,22.889999389648438,22.760000228881836,22.8700008392334,11.258151054382324,55500
2015-01-16,22.719999313354492,22.8799991607666,22.719999313354492,22.860000610351562,11.253231048583984,60600
2015-01-20,22.889999389648438,22.950000762939453,22.8799991607666,22.950000762939453,11.297532081604004,95400
2015-01-21,22.959999084472656,23.030000686645508,22.940000534057617,23.010000228881836,11.327069282531738,43700
2015-01-22,23.09000015258789,23.09000015258789,22.989999771118164,23.059999465942383,11.351675987243652,57700
2015-01-23,23.06999969482422,23.139999389648438,23.030000686645508,23.139999389648438,11.391067504882812,39800
2015-01-26,23.1299991607666,23.149999618530273,23.079999923706055,23.139999389648438,11.391067504882812,33400
2015-01-27,23.100000381469727,23.209999084472656,23.0,23.170000076293945,11.405829429626465,64500
2015-01-28,23.290000915527344,23.290000915527344,23.079999923706055,23.1200008392334,11.381217002868652,76500
2015-01-29,23.149999618530273,23.360000610351562,23.100000381469727,23.350000381469727,11.494441986083984,74800
2015-01-30,23.3799991607666,23.389999389648438,23.280000686645508,23.3700008392334,11.504286766052246,74100
2015-02-02,23.399999618530273,23.440000534057617,23.34000015258789,23.440000534057617,11.538749694824219,81100
2015-02-03,23.440000534057617,23.450000762939453,23.280000686645508,23.399999618530273,11.519047737121582,80400
2015-02-04,23.40999984741211,23.440000534057617,23.190000534057617,23.43000030517578,11.533821105957031,108500
2015-02-05,23.399999618530273,23.43000030517578,23.360000610351562,23.40999984741211,11.523969650268555,37100
2015-02-06,23.290000915527344,23.389999389648438,23.290000915527344,23.389999389648438,11.514129638671875,38400
2015-02-09,23.3799991607666,23.459999084472656,23.3799991607666,23.40999984741211,11.523969650268555,64700
2015-02-10,23.440000534057617,23.459999084472656,23.399999618530273,23.450000762939453,11.543664932250977,59500
2015-02-11,23.329999923706055,23.420000076293945,23.270000457763672,23.3799991607666,11.588274002075195,57800
2015-02-12,23.399999618530273,23.440000534057617,23.3700008392334,23.3799991607666,11.588274002075195,53300
2015-02-13,23.440000534057617,23.440000534057617,23.399999618530273,23.40999984741211,11.603137016296387,32000
2015-02-17,23.450000762939453,23.450000762939453,23.0,23.1200008392334,11.459403038024902,146400
2015-02-18,23.170000076293945,23.360000610351562,23.040000915527344,23.280000686645508,11.538702964782715,83500
2015-02-19,23.290000915527344,23.34000015258789,23.280000686645508,23.329999923706055,11.563490867614746,34000
2015-02-20,23.3799991607666,23.440000534057617,23.350000381469727,23.43000030517578,11.613056182861328,57100
2015-02-23,23.479999542236328,23.479999542236328,23.399999618530273,23.450000762939453,11.622969627380371,50100
2015-02-24,23.459999084472656,23.5,23.420000076293945,23.469999313354492,11.632875442504883,42700
2015-02-25,23.469999313354492,23.56999969482422,23.469999313354492,23.489999771118164,11.642793655395508,48500
2015-02-26,23.579999923706055,23.579999923706055,23.5,23.5,11.647751808166504,32800
2015-02-27,23.479999542236328,23.6200008392334,23.469999313354492,23.59000015258789,11.692360877990723,38300
2015-03-02,23.68000030517578,23.709999084472656,23.600000381469727,23.690000534057617,11.741920471191406,41000
2015-03-03,23.709999084472656,23.75,23.65999984741211,23.75,11.77166748046875,55400
2015-03-04,23.709999084472656,23.739999771118164,23.65999984741211,23.68000030517578,11.736971855163574,50200
2015-03-05,23.670000076293945,23.760000228881836,23.59000015258789,23.639999389648438,11.717143058776855,30700
2015-03-06,23.600000381469727,23.610000610351562,23.25,23.290000915527344,11.543667793273926,64400
2015-03-09,23.290000915527344,23.420000076293945,23.280000686645508,23.34000015258789,11.56844425201416,69200
2015-03-10,23.329999923706055,23.469999313354492,23.31999969482422,23.389999389648438,11.593229293823242,34900
2015-03-11,23.350000381469727,23.350000381469727,23.149999618530273,23.190000534057617,11.573271751403809,46100
2015-03-12,23.239999771118164,23.40999984741211,23.239999771118164,23.360000610351562,11.658113479614258,45600
2015-03-13,23.3799991607666,23.3799991607666,23.25,23.299999237060547,11.628166198730469,18700
2015-03-16,23.3700008392334,23.399999618530273,23.229999542236328,23.239999771118164,11.598220825195312,40700
2015-03-17,23.18000030517578,23.260000228881836,23.110000610351562,23.260000228881836,11.608202934265137,34200
2015-03-18,23.260000228881836,23.510000228881836,23.170000076293945,23.510000228881836,11.7329683303833,45500
2015-03-19,23.540000915527344,23.540000915527344,23.329999923706055,23.3799991607666,11.668089866638184,32400
2015-03-20,23.450000762939453,23.600000381469727,23.3799991607666,23.600000381469727,11.777881622314453,30100
2015-03-23,23.579999923706055,23.579999923706055,23.399999618530273,23.540000915527344,11.74793815612793,43900
2015-03-24,23.450000762939453,23.530000686645508,23.100000381469727,23.420000076293945,11.688055038452148,64900
2015-03-25,23.399999618530273,23.43000030517578,23.360000610351562,23.360000610351562,11.658113479614258,28600
2015-03-26,23.3799991607666,23.440000534057617,23.309999465942383,23.43000030517578,11.69304370880127,35800
2015-03-27,23.469999313354492,23.510000228881836,23.43000030517578,23.469999313354492,11.713006973266602,27200
2015-03-30,23.450000762939453,23.530000686645508,23.440000534057617,23.440000534057617,11.698041915893555,23100
2015-03-31,23.389999389648438,23.510000228881836,23.31999969482422,23.43000030517578,11.69304370880127,51800
2015-04-01,23.489999771118164,23.559999465942383,23.43000030517578,23.520000457763672,11.737958908081055,44300
2015-04-02,23.43000030517578,23.520000457763672,23.350000381469727,23.389999389648438,11.673079490661621,68300
2015-04-06,23.399999618530273,23.579999923706055,23.34000015258789,23.510000228881836,11.7329683303833,54800
2015-04-07,23.520000457763672,23.579999923706055,23.34000015258789,23.3799991607666,11.668089866638184,64200
2015-04-08,23.40999984741211,23.530000686645508,23.40999984741211,23.510000228881836,11.7329683303833,66300
2015-04-09,23.540000915527344,23.670000076293945,23.540000915527344,23.670000076293945,11.812822341918945,68600
2015-04-10,23.709999084472656,23.709999084472656,23.579999923706055,23.68000030517578,11.817806243896484,73100
2015-04-13,23.510000228881836,23.6200008392334,23.510000228881836,23.6200008392334,11.86805248260498,39400
2015-04-14,23.579999923706055,23.65999984741211,23.540000915527344,23.579999923706055,11.847953796386719,62900
2015-04-15,23.56999969482422,23.6200008392334,23.5,23.600000381469727,11.858003616333008,27700
2015-04-16,23.6200008392334,23.6200008392334,23.549999237060547,23.579999923706055,11.847953796386719,39200
2015-04-17,23.600000381469727,23.600000381469727,23.489999771118164,23.56999969482422,11.842930793762207,36300
2015-04-20,23.65999984741211,23.709999084472656,23.489999771118164,23.5,11.807757377624512,24900
2015-04-21,23.510000228881836,23.649999618530273,23.489999771118164,23.639999389648438,11.878108978271484,31000
2015-04-22,23.649999618530273,23.899999618530273,23.56999969482422,23.59000015258789,11.85297966003418,26900
2015-04-23,23.579999923706055,23.6299991607666,23.559999465942383,23.559999465942383,11.837904930114746,27200
2015-04-24,23.6299991607666,23.65999984741211,23.56999969482422,23.600000381469727,11.858003616333008,25000
2015-04-27,23.56999969482422,23.68000030517578,23.56999969482422,23.6200008392334,11.86805248260498,54500
2015-04-28,23.68000030517578,23.700000762939453,23.600000381469727,23.65999984741211,11.888151168823242,47700
2015-04-29,23.65999984741211,23.709999084472656,23.6200008392334,23.68000030517578,11.898201942443848,45200
2015-04-30,23.68000030517578,23.68000030517578,23.549999237060547,23.65999984741211,11.888151168823242,61600
2015-05-01,23.68000030517578,23.719999313354492,23.600000381469727,23.719999313354492,11.91830062866211,57500
2015-05-04,23.700000762939453,23.75,23.65999984741211,23.729999542236328,11.92332649230957,58000
2015-05-05,23.670000076293945,23.709999084472656,23.510000228881836,23.579999923706055,11.847953796386719,52500
2015-05-06,23.5,23.600000381469727,23.149999618530273,23.270000457763672,11.69219970703125,81100
2015-05-07,23.18000030517578,23.25,23.100000381469727,23.18000030517578,11.646977424621582,52400
2015-05-08,23.309999465942383,23.450000762939453,23.239999771118164,23.43000030517578,11.772587776184082,77000
2015-05-11,23.459999084472656,23.459999084472656,23.190000534057617,23.290000915527344,11.702249526977539,40700
2015-05-12,23.170000076293945,23.440000534057617,23.06999969482422,23.260000228881836,11.687169075012207,78500
2015-05-13,23.229999542236328,23.229999542236328,23.06999969482422,23.139999389648438,11.707405090332031,63800
2015-05-14,22.700000762939453,23.280000686645508,22.700000762939453,23.209999084472656,11.74282169342041,78400
2015-05-15,23.31999969482422,23.31999969482422,23.110000610351562,23.15999984741211,11.717521667480469,43500
2015-05-18,23.239999771118164,23.25,23.079999923706055,23.1299991607666,11.702346801757812,47900
2015-05-19,23.200000762939453,23.200000762939453,23.030000686645508,23.049999237060547,11.661873817443848,43200
2015-05-20,23.030000686645508,23.170000076293945,23.030000686645508,23.1299991607666,11.702346801757812,42900
2015-05-21,23.200000762939453,23.270000457763672,23.059999465942383,23.079999923706055,11.677051544189453,37900
2015-05-22,23.100000381469727,23.1299991607666,23.030000686645508,23.079999923706055,11.677051544189453,53300
2015-05-26,23.049999237060547,23.139999389648438,23.049999237060547,23.139999389648438,11.707405090332031,43600
2015-05-27,23.15999984741211,23.25,23.1299991607666,23.229999542236328,11.752937316894531,53500
2015-05-28,23.18000030517578,23.25,23.149999618530273,23.239999771118164,11.758002281188965,32300
2015-05-29,23.25,23.31999969482422,23.18000030517578,23.31999969482422,11.798474311828613,44800
2015-06-01,23.3799991607666,23.440000534057617,23.280000686645508,23.440000534057617,11.859195709228516,66900
2015-06-02,23.389999389648438,23.389999389648438,23.299999237060547,23.360000610351562,11.818716049194336,58600
2015-06-03,23.3700008392334,23.389999389648438,23.079999923706055,23.100000381469727,11.687173843383789,76800
2015-06-04,23.079999923706055,23.209999084472656,23.079999923706055,23.1200008392334,11.697283744812012,45100
2015-06-05,23.1200008392334,23.1200008392334,22.950000762939453,22.989999771118164,11.631516456604004,65600
2015-06-08,23.020000457763672,23.06999969482422,22.899999618530273,23.040000915527344,11.65680980682373,75900
2015-06-09,23.079999923706055,23.09000015258789,22.979999542236328,23.059999465942383,11.666926383972168,78800
2015-06-10,23.040000915527344,23.049999237060547,22.90999984741211,23.020000457763672,11.646696090698242,61000
2015-06-11,22.940000534057617,22.940000534057617,22.75,22.780000686645508,11.60745620727539,55200
2015-06-12,22.790000915527344,22.799999237060547,22.719999313354492,22.760000228881836,11.597270011901855,28100
2015-06-15,22.809999465942383,22.809999465942383,22.6299991607666,22.6299991607666,11.531028747558594,58300
2015-06-16,22.670000076293945,22.729999542236328,22.639999389648438,22.709999084472656,11.571791648864746,37200
2015-06-17,22.770000457763672,22.770000457763672,22.59000015258789,22.639999389648438,11.536124229431152,43100
2015-06-18,22.6200008392334,22.719999313354492,22.610000610351562,22.6299991607666,11.531028747558594,39600
2015-06-19,22.649999618530273,22.709999084472656,22.649999618530273,22.690000534057617,11.561602592468262,42400
2015-06-22,22.739999771118164,22.780000686645508,22.610000610351562,22.649999618530273,11.541215896606445,57300
2015-06-23,22.649999618530273,22.690000534057617,22.579999923706055,22.690000534057617,11.561602592468262,65900
2015-06-24,22.639999389648438,22.799999237060547,22.610000610351562,22.75,11.592171669006348,76500
2015-06-25,22.780000686645508,22.780000686645508,22.549999237060547,22.579999923706055,11.505548477172852,30200
2015-06-26,22.59000015258789,22.639999389648438,22.450000762939453,22.450000762939453,11.439311027526855,47400
2015-06-29,22.399999618530273,22.420000076293945,22.18000030517578,22.18000030517578,11.30173397064209,97300
2015-06-30,22.34000015258789,22.350000381469727,22.200000762939453,22.239999771118164,11.332305908203125,100600
2015-07-01,22.479999542236328,22.479999542236328,22.329999923706055,22.329999923706055,11.378159523010254,60700
2015-07-02,22.31999969482422,22.420000076293945,22.260000228881836,22.280000686645508,11.352682113647461,56600
2015-07-06,22.200000762939453,22.360000610351562,22.200000762939453,22.309999465942383,11.367975234985352,40700
2015-07-07,22.459999084472656,22.469999313354492,22.360000610351562,22.360000610351562,11.393457412719727,45900
2015-07-08,22.31999969482422,22.360000610351562,22.260000228881836,22.309999465942383,11.367975234985352,30600
2015-07-09,22.420000076293945,22.440000534057617,22.350000381469727,22.399999618530273,11.41383171081543,64500
2015-07-10,22.450000762939453,22.649999618530273,22.399999618530273,22.6200008392334,11.525938034057617,45800
2015-07-13,22.479999542236328,22.5,22.389999389648438,22.389999389648438,11.49154281616211,35200
2015-07-14,22.350000381469727,22.420000076293945,22.299999237060547,22.3700008392334,11.481280326843262,25400
2015-07-15,22.40999984741211,22.440000534057617,22.3799991607666,22.40999984741211,11.501811027526855,32600
2015-07-16,22.40999984741211,22.540000915527344,22.389999389648438,22.5,11.547998428344727,73700
2015-07-17,22.549999237060547,22.549999237060547,22.43000030517578,22.43000030517578,11.512078285217285,36700
2015-07-20,22.540000915527344,22.559999465942383,22.260000228881836,22.31999969482422,11.455617904663086,43800
2015-07-21,22.389999389648438,22.479999542236328,22.270000457763672,22.350000381469727,11.471013069152832,56100
2015-07-22,22.309999465942383,22.43000030517578,22.260000228881836,22.260000228881836,11.424819946289062,37800
2015-07-23,22.40999984741211,22.40999984741211,22.270000457763672,22.360000610351562,11.476146697998047,60800
2015-07-24,22.280000686645508,22.299999237060547,22.110000610351562,22.18000030517578,11.383760452270508,52400
2015-07-27,22.1200008392334,22.1299991607666,22.079999923706055,22.100000381469727,11.342703819274902,61500
2015-07-28,22.190000534057617,22.209999084472656,22.079999923706055,22.1200008392334,11.352968215942383,61700
2015-07-29,22.170000076293945,22.420000076293945,22.149999618530273,22.34000015258789,11.4658842086792,71200
2015-07-30,22.290000915527344,22.350000381469727,22.219999313354492,22.25,11.419694900512695,58800
2015-07-31,22.299999237060547,22.329999923706055,22.200000762939453,22.280000686645508,11.435090065002441,53000
2015-08-03,22.34000015258789,22.469999313354492,22.290000915527344,22.3700008392334,11.481280326843262,67800
2015-08-04,22.3700008392334,22.56999969482422,22.34000015258789,22.559999465942383,11.578797340393066,34500
2015-08-05,22.479999542236328,22.600000381469727,22.479999542236328,22.5,11.547998428344727,42800
2015-08-06,22.450000762939453,22.450000762939453,22.350000381469727,22.3700008392334,11.481280326843262,46900
2015-08-07,22.389999389648438,22.399999618530273,22.270000457763672,22.3799991607666,11.486413955688477,53700
2015-08-10,22.360000610351562,22.440000534057617,22.31999969482422,22.34000015258789,11.4658842086792,32700
2015-08-11,22.299999237060547,22.3799991607666,22.280000686645508,22.3799991607666,11.486413955688477,30000
2015-08-12,22.209999084472656,22.309999465942383,22.1299991607666,22.290000915527344,11.524147987365723,77700
2015-08-13,22.389999389648438,22.389999389648438,22.25,22.25,11.503479957580566,52200
2015-08-14,22.219999313354492,22.329999923706055,22.219999313354492,22.280000686645508,11.518983840942383,23300
2015-08-17,22.270000457763672,22.43000030517578,22.270000457763672,22.389999389648438,11.575851440429688,31600
2015-08-18,22.290000915527344,22.43000030517578,22.290000915527344,22.389999389648438,11.575851440429688,66800
2015-08-19,22.34000015258789,22.40999984741211,22.299999237060547,22.329999923706055,11.544835090637207,29900
2015-08-20,22.280000686645508,22.290000915527344,22.229999542236328,22.229999542236328,11.49312686920166,35700
2015-08-21,22.270000457763672,22.31999969482422,21.889999389648438,22.059999465942383,11.40524673461914,97200
2015-08-24,22.270000457763672,22.31999969482422,21.639999389648438,21.639999389648438,11.188098907470703,144400
2015-08-25,21.799999237060547,22.040000915527344,21.760000228881836,21.780000686645508,11.260481834411621,60300
2015-08-26,21.829999923706055,22.15999984741211,21.75,22.059999465942383,11.40524673461914,163800
2015-08-27,22.229999542236328,22.5,22.079999923706055,22.299999237060547,11.52933120727539,59400
2015-08-28,22.389999389648438,22.43000030517578,22.25,22.270000457763672,11.513812065124512,72100
2015-08-31,22.350000381469727,22.469999313354492,22.25,22.450000762939453,11.606877326965332,37200
2015-09-01,22.31999969482422,22.65999984741211,22.260000228881836,22.43000030517578,11.596541404724121,101200
2015-09-02,22.59000015258789,22.700000762939453,22.489999771118164,22.700000762939453,11.736135482788086,45700
2015-09-03,22.6200008392334,22.729999542236328,22.520000457763672,22.709999084472656,11.741293907165527,31600
2015-09-04,22.56999969482422,22.700000762939453,22.56999969482422,22.610000610351562,11.689598083496094,25400
2015-09-08,22.65999984741211,22.65999984741211,22.510000228881836,22.530000686645508,11.648239135742188,35600
2015-09-09,22.5,22.579999923706055,22.479999542236328,22.530000686645508,11.648239135742188,24400
2015-09-10,22.56999969482422,22.68000030517578,22.420000076293945,22.489999771118164,11.627555847167969,46300
2015-09-11,22.31999969482422,22.450000762939453,22.31999969482422,22.3700008392334,11.64995002746582,25100
2015-09-14,22.329999923706055,22.450000762939453,22.309999465942383,22.350000381469727,11.639534950256348,21000
2015-09-15,22.399999618530273,22.43000030517578,22.100000381469727,22.139999389648438,11.530170440673828,55500
2015-09-16,22.1200008392334,22.290000915527344,22.1200008392334,22.260000228881836,11.592662811279297,31200
2015-09-17,22.170000076293945,22.540000915527344,22.1200008392334,22.399999618530273,11.665572166442871,75100
2015-09-18,22.3799991607666,22.440000534057617,22.260000228881836,22.350000381469727,11.639534950256348,93300
2015-09-21,22.5,22.5,22.31999969482422,22.3799991607666,11.655158042907715,31100
2015-09-22,22.3799991607666,22.43000030517578,22.34000015258789,22.399999618530273,11.665572166442871,55800
2015-09-23,22.399999618530273,22.459999084472656,22.360000610351562,22.389999389648438,11.66036319732666,34200
2015-09-24,22.200000762939453,22.309999465942383,22.139999389648438,22.190000534057617,11.55621337890625,90900
2015-09-25,22.209999084472656,22.290000915527344,22.200000762939453,22.239999771118164,11.582244873046875,43000
2015-09-28,22.280000686645508,22.280000686645508,22.1200008392334,22.1200008392334,11.519756317138672,56700
2015-09-29,22.190000534057617,22.190000534057617,21.780000686645508,21.860000610351562,11.384350776672363,87800
2015-09-30,21.860000610351562,22.030000686645508,21.790000915527344,21.90999984741211,11.41038703918457,77300
2015-10-01,21.959999084472656,22.0,21.899999618530273,21.979999542236328,11.446843147277832,56400
2015-10-02,21.93000030517578,21.959999084472656,21.75,21.8799991607666,11.394767761230469,103800
2015-10-05,21.989999771118164,22.110000610351562,21.950000762939453,21.969999313354492,11.441636085510254,64200
2015-10-06,21.979999542236328,22.3700008392334,21.93000030517578,22.34000015258789,11.634328842163086,124100
2015-10-07,22.34000015258789,22.5,22.270000457763672,22.489999771118164,11.712445259094238,101300
2015-10-08,22.540000915527344,22.600000381469727,22.329999923706055,22.510000228881836,11.722858428955078,85200
2015-10-09,22.639999389648438,22.649999618530273,22.540000915527344,22.610000610351562,11.77493953704834,33000
2015-10-12,22.719999313354492,23.040000915527344,22.700000762939453,22.940000534057617,11.946795463562012,159200
2015-10-13,22.690000534057617,23.049999237060547,22.690000534057617,23.040000915527344,12.084749221801758,146800
2015-10-14,23.1299991607666,23.1299991607666,22.989999771118164,23.059999465942383,12.095231056213379,75900
2015-10-15,23.030000686645508,23.09000015258789,22.809999465942383,23.06999969482422,12.100478172302246,64700
2015-10-16,23.09000015258789,23.25,22.950000762939453,23.209999084472656,12.173909187316895,66800
2015-10-19,23.149999618530273,23.219999313354492,23.010000228881836,23.200000762939453,12.16866683959961,83300
2015-10-20,23.219999313354492,23.360000610351562,23.1299991607666,23.360000610351562,12.252586364746094,93200
2015-10-21,23.31999969482422,23.440000534057617,23.280000686645508,23.329999923706055,12.23685359954834,104900
2015-10-22,23.299999237060547,23.440000534057617,23.1200008392334,23.139999389648438,12.137188911437988,99300
2015-10-23,23.170000076293945,23.270000457763672,23.139999389648438,23.18000030517578,12.158181190490723,53900
2015-10-26,23.25,23.329999923706055,23.229999542236328,23.260000228881836,12.200140953063965,54900
2015-10-27,23.299999237060547,23.299999237060547,23.15999984741211,23.270000457763672,12.205370903015137,54000
2015-10-28,23.299999237060547,23.34000015258789,23.260000228881836,23.299999237060547,12.221113204956055,78300
2015-10-29,23.329999923706055,23.40999984741211,23.299999237060547,23.3700008392334,12.257829666137695,62700
2015-10-30,23.420000076293945,23.420000076293945,23.350000381469727,23.389999389648438,12.268326759338379,65300
2015-11-02,23.43000030517578,23.579999923706055,23.3700008392334,23.510000228881836,12.331269264221191,78100
2015-11-03,23.579999923706055,23.760000228881836,23.5,23.760000228881836,12.462395668029785,62000
2015-11-04,23.790000915527344,23.790000915527344,23.6200008392334,23.700000762939453,12.430923461914062,40700
2015-11-05,23.790000915527344,23.790000915527344,23.65999984741211,23.690000534057617,12.425676345825195,44200
2015-11-06,23.6299991607666,23.709999084472656,23.100000381469727,23.31999969482422,12.23160457611084,84300
2015-11-09,23.25,23.440000534057617,22.899999618530273,22.989999771118164,12.058515548706055,377400
2015-11-10,22.790000915527344,23.15999984741211,22.790000915527344,22.899999618530273,12.097082138061523,47500
2015-11-11,22.950000762939453,23.139999389648438,22.950000762939453,23.020000457763672,12.160469055175781,43700
2015-11-12,22.989999771118164,23.0,22.799999237060547,22.850000381469727,12.070670127868652,45700
2015-11-13,22.90999984741211,23.239999771118164,22.8700008392334,23.049999237060547,12.176318168640137,130400
2015-11-16,23.18000030517578,23.25,22.969999313354492,23.049999237060547,12.176318168640137,36300
2015-11-17,23.1299991607666,23.190000534057617,23.020000457763672,23.059999465942383,12.181598663330078,43200
2015-11-18,23.100000381469727,23.100000381469727,22.899999618530273,22.950000762939453,12.123494148254395,25100
2015-11-19,22.93000030517578,22.969999313354492,22.799999237060547,22.829999923706055,12.06010627746582,30600
2015-11-20,22.8799991607666,23.139999389648438,22.770000457763672,22.979999542236328,12.139342308044434,309300
2015-11-23,23.049999237060547,23.049999237060547,22.93000030517578,22.93000030517578,12.11292552947998,56600
2015-11-24,22.920000076293945,22.959999084472656,22.799999237060547,22.809999465942383,12.049537658691406,34000
2015-11-25,22.850000381469727,23.15999984741211,22.850000381469727,22.940000534057617,12.118212699890137,83300
2015-11-27,23.040000915527344,23.079999923706055,22.93000030517578,23.06999969482422,12.18688678741455,17200
2015-11-30,22.899999618530273,23.049999237060547,22.829999923706055,22.889999389648438,12.091803550720215,120500
2015-12-01,23.299999237060547,23.299999237060547,22.8799991607666,23.06999969482422,12.18688678741455,52700
2015-12-02,23.100000381469727,23.100000381469727,22.93000030517578,23.079999923706055,12.19216537475586,81800
2015-12-03,23.030000686645508,23.040000915527344,22.920000076293945,22.950000762939453,12.123494148254395,33000
2015-12-04,22.959999084472656,23.219999313354492,22.959999084472656,23.200000762939453,12.255556106567383,26800
2015-12-07,23.100000381469727,23.260000228881836,23.010000228881836,23.09000015258789,12.197452545166016,49600
2015-12-08,23.030000686645508,23.25,22.889999389648438,23.1299991607666,12.218576431274414,34900
2015-12-09,23.18000030517578,23.25,23.100000381469727,23.1299991607666,12.218576431274414,31200
2015-12-10,23.110000610351562,23.420000076293945,23.110000610351562,23.139999389648438,12.223865509033203,31300
2015-12-11,23.040000915527344,23.040000915527344,22.43000030517578,22.43000030517578,11.93285846710205,54200
2015-12-14,22.40999984741211,22.489999771118164,21.81999969482422,21.8799991607666,11.640253067016602,134500
2015-12-15,21.940000534057617,22.600000381469727,21.940000534057617,22.329999923706055,11.879656791687012,81000
2015-12-16,22.489999771118164,22.690000534057617,22.239999771118164,22.690000534057617,12.07118034362793,40700
2015-12-17,22.6299991607666,22.8700008392334,22.530000686645508,22.6200008392334,12.033940315246582,58000
2015-12-18,22.68000030517578,22.8700008392334,22.5,22.790000915527344,12.124377250671387,115300
2015-12-21,22.799999237060547,22.920000076293945,22.799999237060547,22.81999969482422,12.140338897705078,32100
2015-12-22,22.84000015258789,22.93000030517578,22.799999237060547,22.860000610351562,12.16161823272705,53800
2015-12-23,22.850000381469727,23.100000381469727,22.690000534057617,22.809999465942383,12.234026908874512,67600
2015-12-24,22.93000030517578,22.979999542236328,22.809999465942383,22.84000015258789,12.25011157989502,16800
2015-12-28,22.850000381469727,23.010000228881836,22.700000762939453,22.950000762939453,12.309115409851074,52400
2015-12-29,23.0,23.25,22.950000762939453,22.979999542236328,12.325201988220215,107900
2015-12-30,22.959999084472656,23.139999389648438,22.829999923706055,22.90999984741211,12.287657737731934,52700
2015-12-31,23.139999389648438,23.139999389648438,22.649999618530273,22.760000228881836,12.207207679748535,92400
2016-01-04,23.139999389648438,23.139999389648438,22.3799991607666,22.920000076293945,12.293025016784668,92400
2016-01-05,22.950000762939453,23.200000762939453,22.719999313354492,23.149999618530273,12.41637897491455,35900
2016-01-06,23.100000381469727,23.459999084472656,23.100000381469727,23.440000534057617,12.571925163269043,75300
2016-01-07,23.329999923706055,23.600000381469727,23.329999923706055,23.389999389648438,12.545101165771484,75200
2016-01-08,23.469999313354492,23.59000015258789,23.3700008392334,23.579999923706055,12.647008895874023,93300
2016-01-11,23.610000610351562,23.610000610351562,23.31999969482422,23.479999542236328,12.593377113342285,57700
2016-01-12,23.549999237060547,23.670000076293945,23.350000381469727,23.649999618530273,12.684552192687988,49200
2016-01-13,23.479999542236328,23.639999389648438,23.25,23.329999923706055,12.599763870239258,70700
2016-01-14,23.25,23.350000381469727,23.030000686645508,23.1299991607666,12.491752624511719,90400
2016-01-15,23.010000228881836,23.280000686645508,22.850000381469727,23.190000534057617,12.524157524108887,62200
2016-01-19,23.170000076293945,23.40999984741211,23.1200008392334,23.239999771118164,12.55116081237793,72600
2016-01-20,23.06999969482422,23.110000610351562,22.6299991607666,22.969999313354492,12.405344009399414,111800
2016-01-21,23.09000015258789,23.219999313354492,22.93000030517578,23.1299991607666,12.491752624511719,57900
2016-01-22,23.209999084472656,23.5,23.100000381469727,23.469999313354492,12.675374031066895,96200
2016-01-25,23.440000534057617,23.440000534057617,23.209999084472656,23.309999465942383,12.588956832885742,58500
2016-01-26,23.260000228881836,23.399999618530273,23.260000228881836,23.280000686645508,12.57276439666748,91000
2016-01-27,23.299999237060547,23.329999923706055,23.260000228881836,23.270000457763672,12.56735897064209,53800
2016-01-28,23.40999984741211,23.43000030517578,23.31999969482422,23.350000381469727,12.610568046569824,86800
2016-01-29,23.3799991607666,23.760000228881836,23.3799991607666,23.639999389648438,12.767181396484375,131700
2016-02-01,23.670000076293945,23.719999313354492,23.530000686645508,23.670000076293945,12.783387184143066,71100
2016-02-02,23.649999618530273,23.670000076293945,23.479999542236328,23.479999542236328,12.680770874023438,87100
2016-02-03,23.479999542236328,23.59000015258789,23.309999465942383,23.459999084472656,12.669970512390137,145400
2016-02-04,23.450000762939453,23.56999969482422,23.360000610351562,23.389999389648438,12.632166862487793,92800
2016-02-05,23.3700008392334,23.3799991607666,23.18000030517578,23.190000534057617,12.524157524108887,79200
2016-02-08,23.0,23.059999465942383,22.600000381469727,22.6200008392334,12.216320037841797,88800
2016-02-09,22.469999313354492,22.729999542236328,22.280000686645508,22.690000534057617,12.25412654876709,103800
2016-02-10,22.600000381469727,22.940000534057617,22.510000228881836,22.649999618530273,12.32103157043457,65300
2016-02-11,22.43000030517578,22.489999771118164,21.75,21.75,11.831454277038574,109100
2016-02-12,22.0,22.3700008392334,21.760000228881836,22.260000228881836,12.108880043029785,54700
2016-02-16,22.479999542236328,22.479999542236328,22.329999923706055,22.329999923706055,12.14695930480957,36100
2016-02-17,22.399999618530273,22.81999969482422,22.399999618530273,22.559999465942383,12.27206802368164,68700
2016-02-18,22.6299991607666,22.81999969482422,22.3799991607666,22.420000076293945,12.195916175842285,83300
2016-02-19,22.329999923706055,22.549999237060547,22.280000686645508,22.34000015258789,12.152396202087402,60200
2016-02-22,22.5,22.530000686645508,22.15999984741211,22.34000015258789,12.152396202087402,53700
2016-02-23,22.149999618530273,22.520000457763672,22.149999618530273,22.450000762939453,12.212236404418945,57100
2016-02-24,22.399999618530273,22.459999084472656,22.25,22.290000915527344,12.125204086303711,106100
2016-02-25,22.290000915527344,22.360000610351562,22.219999313354492,22.280000686645508,12.119758605957031,104600
2016-02-26,22.34000015258789,22.43000030517578,22.309999465942383,22.43000030517578,12.2013578414917,29700
2016-02-29,22.43000030517578,22.59000015258789,22.420000076293945,22.540000915527344,12.261192321777344,37900
2016-03-01,22.719999313354492,22.729999542236328,22.559999465942383,22.68000030517578,12.337343215942383,51600
2016-03-02,22.729999542236328,22.770000457763672,22.610000610351562,22.639999389648438,12.315589904785156,30600
2016-03-03,22.700000762939453,22.940000534057617,22.649999618530273,22.93000030517578,12.47334098815918,38900
2016-03-04,22.969999313354492,23.059999465942383,22.93000030517578,23.020000457763672,12.52230167388916,39800
2016-03-07,22.809999465942383,23.059999465942383,22.790000915527344,22.8700008392334,12.440707206726074,47300
2016-03-08,22.979999542236328,23.020000457763672,22.84000015258789,22.84000015258789,12.424389839172363,25600
2016-03-09,22.969999313354492,23.100000381469727,22.950000762939453,23.049999237060547,12.538618087768555,37300
2016-03-10,23.100000381469727,23.25,22.90999984741211,23.25,12.647418975830078,46700
2016-03-11,23.25,23.450000762939453,23.149999618530273,23.31999969482422,12.775053977966309,91700
2016-03-14,23.299999237060547,23.299999237060547,23.149999618530273,23.229999542236328,12.725752830505371,42300
2016-03-15,23.239999771118164,23.299999237060547,23.15999984741211,23.299999237060547,12.764102935791016,34400
2016-03-16,23.3700008392334,23.389999389648438,23.280000686645508,23.290000915527344,12.75861930847168,45400
2016-03-17,23.299999237060547,23.299999237060547,23.15999984741211,23.290000915527344,12.75861930847168,59900
2016-03-18,23.229999542236328,23.290000915527344,23.110000610351562,23.280000686645508,12.753146171569824,55500
2016-03-21,23.290000915527344,23.420000076293945,23.270000457763672,23.350000381469727,12.79149055480957,40300
2016-03-22,23.270000457763672,23.360000610351562,23.209999084472656,23.219999313354492,12.720271110534668,41500
2016-03-23,23.170000076293945,23.299999237060547,23.059999465942383,23.139999389648438,12.676450729370117,59400
2016-03-24,23.149999618530273,23.25,23.040000915527344,23.059999465942383,12.632621765136719,42800
2016-03-28,23.219999313354492,23.239999771118164,23.09000015258789,23.149999618530273,12.681928634643555,40600
2016-03-29,23.209999084472656,23.530000686645508,23.209999084472656,23.3700008392334,12.802445411682129,55600
2016-03-30,23.389999389648438,23.489999771118164,23.219999313354492,23.25,12.736714363098145,49700
2016-03-31,23.239999771118164,23.440000534057617,23.209999084472656,23.420000076293945,12.829843521118164,51800
2016-04-01,23.549999237060547,23.549999237060547,23.290000915527344,23.399999618530273,12.818877220153809,76600
2016-04-04,23.399999618530273,23.399999618530273,23.149999618530273,23.3700008392334,12.802445411682129,57400
2016-04-05,23.34000015258789,23.559999465942383,23.25,23.5,12.873665809631348,58400
2016-04-06,23.549999237060547,23.56999969482422,23.229999542236328,23.280000686645508,12.753146171569824,72500
2016-04-07,23.280000686645508,23.299999237060547,23.1200008392334,23.290000915527344,12.75861930847168,28800
2016-04-08,23.420000076293945,23.559999465942383,23.280000686645508,23.540000915527344,12.895576477050781,46800
2016-04-11,23.579999923706055,23.770000457763672,23.520000457763672,23.75,13.010622024536133,64400
2016-04-12,23.719999313354492,23.889999389648438,23.440000534057617,23.520000457763672,12.884610176086426,99300
2016-04-13,23.59000015258789,23.6200008392334,23.25,23.31999969482422,12.864206314086914,57000
2016-04-14,23.489999771118164,23.549999237060547,23.200000762939453,23.25,12.825599670410156,43100
2016-04-15,23.1200008392334,23.5,23.1200008392334,23.5,12.963506698608398,46800
2016-04-18,23.280000686645508,23.649999618530273,23.280000686645508,23.600000381469727,13.018670082092285,61900
2016-04-19,23.520000457763672,23.65999984741211,23.440000534057617,23.6200008392334,13.029706001281738,36600
2016-04-20,23.6200008392334,23.649999618530273,23.549999237060547,23.649999618530273,13.046249389648438,37900
2016-04-21,23.719999313354492,23.75,23.540000915527344,23.700000762939453,13.073832511901855,42900
2016-04-22,23.700000762939453,23.709999084472656,23.579999923706055,23.65999984741211,13.051767349243164,62400
2016-04-25,23.68000030517578,23.68000030517578,23.610000610351562,23.639999389648438,13.040729522705078,41000
2016-04-26,23.65999984741211,23.68000030517578,23.639999389648438,23.65999984741211,13.051767349243164,47200
2016-04-27,23.65999984741211,23.68000030517578,23.579999923706055,23.670000076293945,13.057279586791992,65800
2016-04-28,23.579999923706055,23.68000030517578,23.5,23.6200008392334,13.029706001281738,73700
2016-04-29,23.639999389648438,23.670000076293945,23.530000686645508,23.610000610351562,13.024182319641113,59800
2016-05-02,23.84000015258789,23.84000015258789,23.579999923706055,23.579999923706055,13.0076322555542,97100
2016-05-03,23.549999237060547,23.68000030517578,23.549999237060547,23.579999923706055,13.0076322555542,69300
2016-05-04,23.520000457763672,23.770000457763672,23.520000457763672,23.760000228881836,13.106929779052734,59400
2016-05-05,23.770000457763672,23.790000915527344,23.639999389648438,23.770000457763672,13.11245059967041,41100
2016-05-06,23.729999542236328,24.059999465942383,23.729999542236328,23.959999084472656,13.217260360717773,62600
2016-05-09,23.760000228881836,23.950000762939453,23.709999084472656,23.770000457763672,13.11245059967041,69800
2016-05-10,23.739999771118164,23.969999313354492,23.739999771118164,23.899999618530273,13.184160232543945,85400
2016-05-11,23.809999465942383,23.979999542236328,23.729999542236328,23.93000030517578,13.291358947753906,63900
2016-05-12,23.90999984741211,23.90999984741211,23.68000030517578,23.690000534057617,13.15805435180664,59400
2016-05-13,23.690000534057617,23.90999984741211,23.690000534057617,23.899999618530273,13.274691581726074,39400
2016-05-16,23.8700008392334,23.93000030517578,23.709999084472656,23.75,13.191378593444824,60000
2016-05-17,23.719999313354492,23.760000228881836,23.5,23.540000915527344,13.074743270874023,114900
2016-05-18,23.600000381469727,23.610000610351562,23.34000015258789,23.420000076293945,13.008089065551758,59900
2016-05-19,23.389999389648438,23.389999389648438,23.010000228881836,23.139999389648438,12.852572441101074,96200
2016-05-20,23.15999984741211,23.540000915527344,23.110000610351562,23.479999542236328,13.041410446166992,71300
2016-05-23,23.540000915527344,23.559999465942383,23.3799991607666,23.440000534057617,13.019197463989258,77600
2016-05-24,23.450000762939453,23.559999465942383,23.309999465942383,23.360000610351562,12.97475528717041,94000
2016-05-25,23.309999465942383,23.3799991607666,23.270000457763672,23.309999465942383,12.946990966796875,113700
2016-05-26,23.329999923706055,23.420000076293945,23.329999923706055,23.329999923706055,12.958099365234375,36700
2016-05-27,23.31999969482422,23.479999542236328,23.309999465942383,23.40999984741211,13.002535820007324,92400
2016-05-31,23.360000610351562,23.489999771118164,23.360000610351562,23.479999542236328,13.041410446166992,69200
2016-06-01,23.440000534057617,23.6299991607666,23.420000076293945,23.6299991607666,13.124725341796875,66600
2016-06-02,23.600000381469727,23.670000076293945,23.5,23.579999923706055,13.096955299377441,50400
2016-06-03,23.549999237060547,23.979999542236328,23.549999237060547,23.899999618530273,13.274691581726074,125100
2016-06-06,23.780000686645508,23.950000762939453,23.700000762939453,23.90999984741211,13.280241012573242,75400
2016-06-07,23.770000457763672,23.899999618530273,23.719999313354492,23.739999771118164,13.185823440551758,118600
2016-06-08,23.739999771118164,23.860000610351562,23.739999771118164,23.829999923706055,13.235814094543457,29900
2016-06-09,23.709999084472656,23.809999465942383,23.65999984741211,23.790000915527344,13.213593482971191,38700
2016-06-10,23.75,23.8700008392334,23.709999084472656,23.81999969482422,13.230263710021973,50300
2016-06-13,23.700000762939453,23.700000762939453,23.559999465942383,23.559999465942383,13.176011085510254,51700
2016-06-14,23.510000228881836,23.56999969482422,23.440000534057617,23.440000534057617,13.108901023864746,70400
2016-06-15,23.43000030517578,23.530000686645508,23.399999618530273,23.40999984741211,13.092123031616211,59700
2016-06-16,23.399999618530273,23.510000228881836,23.3799991607666,23.43000030517578,13.103313446044922,49000
2016-06-17,23.440000534057617,23.610000610351562,23.3799991607666,23.459999084472656,13.120084762573242,85300
2016-06-20,23.549999237060547,23.600000381469727,23.450000762939453,23.479999542236328,13.131268501281738,65500
2016-06-21,23.479999542236328,23.649999618530273,23.479999542236328,23.610000610351562,13.203974723815918,41200
2016-06-22,23.549999237060547,23.68000030517578,23.540000915527344,23.579999923706055,13.187192916870117,63300
2016-06-23,23.6299991607666,23.75,23.559999465942383,23.610000610351562,13.203974723815918,76300
2016-06-24,23.299999237060547,23.65999984741211,23.299999237060547,23.520000457763672,13.153643608093262,100700
2016-06-27,23.489999771118164,23.809999465942383,23.239999771118164,23.530000686645508,13.15924072265625,112200
2016-06-28,23.6299991607666,23.8700008392334,23.6299991607666,23.8700008392334,13.349384307861328,87400
2016-06-29,23.850000381469727,24.010000228881836,23.700000762939453,24.010000228881836,13.427680015563965,83700
2016-06-30,23.979999542236328,24.520000457763672,23.979999542236328,24.469999313354492,13.684931755065918,183800
2016-07-01,24.5,24.690000534057617,24.420000076293945,24.6200008392334,13.768819808959961,104300
2016-07-05,24.579999923706055,24.59000015258789,24.25,24.309999465942383,13.595447540283203,97000
2016-07-06,24.290000915527344,24.649999618530273,24.290000915527344,24.6200008392334,13.768819808959961,82200
2016-07-07,24.690000534057617,24.739999771118164,24.309999465942383,24.399999618530273,13.645783424377441,119600
2016-07-08,24.3799991607666,24.75,24.3799991607666,24.75,13.841517448425293,80400
2016-07-11,24.75,24.75,24.510000228881836,24.520000457763672,13.712890625,70600
2016-07-12,24.5,24.649999618530273,24.40999984741211,24.510000228881836,13.707306861877441,74500
2016-07-13,24.270000457763672,24.43000030517578,23.90999984741211,24.049999237060547,13.540088653564453,120500
2016-07-14,24.100000381469727,24.59000015258789,24.100000381469727,24.469999313354492,13.776556968688965,97400
2016-07-15,24.520000457763672,24.520000457763672,24.270000457763672,24.399999618530273,13.737141609191895,53500
2016-07-18,24.309999465942383,24.489999771118164,24.15999984741211,24.25,13.652689933776855,55200
2016-07-19,24.239999771118164,24.34000015258789,24.239999771118164,24.239999771118164,13.647063255310059,54300
2016-07-20,24.299999237060547,24.420000076293945,24.270000457763672,24.299999237060547,13.680843353271484,58100
2016-07-21,24.309999465942383,24.420000076293945,24.25,24.31999969482422,13.692105293273926,78900
2016-07-22,24.299999237060547,24.440000534057617,24.25,24.280000686645508,13.669581413269043,64500
2016-07-25,24.270000457763672,24.540000915527344,24.270000457763672,24.3700008392334,13.720250129699707,51300
2016-07-26,24.43000030517578,24.440000534057617,24.209999084472656,24.229999542236328,13.641434669494629,116000
2016-07-27,24.299999237060547,24.540000915527344,24.239999771118164,24.469999313354492,13.776556968688965,76100
2016-07-28,24.469999313354492,24.579999923706055,24.440000534057617,24.579999923706055,13.838482856750488,37300
2016-07-29,24.59000015258789,24.610000610351562,24.559999465942383,24.59000015258789,13.84411334991455,60800
2016-08-01,24.68000030517578,24.709999084472656,24.559999465942383,24.65999984741211,13.883522033691406,73900
2016-08-02,24.600000381469727,24.649999618530273,24.290000915527344,24.290000915527344,13.675214767456055,55000
2016-08-03,24.290000915527344,24.639999389648438,24.290000915527344,24.6200008392334,13.860997200012207,52600
2016-08-04,24.549999237060547,24.639999389648438,24.440000534057617,24.559999465942383,13.827219009399414,54800
2016-08-05,24.6299991607666,24.670000076293945,24.510000228881836,24.579999923706055,13.838482856750488,46300
2016-08-08,24.6299991607666,24.739999771118164,24.6200008392334,24.670000076293945,13.889148712158203,38700
2016-08-09,24.729999542236328,24.850000381469727,24.600000381469727,24.850000381469727,13.990494728088379,67800
2016-08-10,24.770000457763672,24.850000381469727,24.600000381469727,24.739999771118164,13.928560256958008,66900
2016-08-11,24.68000030517578,24.739999771118164,24.579999923706055,24.639999389648438,13.964261054992676,76900
2016-08-12,24.56999969482422,24.709999084472656,24.510000228881836,24.549999237060547,13.913259506225586,34200
2016-08-15,24.510000228881836,24.649999618530273,24.510000228881836,24.559999465942383,13.918927192687988,63200
2016-08-16,24.610000610351562,24.68000030517578,24.530000686645508,24.639999389648438,13.964261054992676,85300
2016-08-17,24.6200008392334,24.84000015258789,24.6200008392334,24.829999923706055,14.071940422058105,97200
2016-08-18,24.829999923706055,24.940000534057617,24.780000686645508,24.809999465942383,14.060602188110352,88400
2016-08-19,24.770000457763672,24.950000762939453,24.770000457763672,24.850000381469727,14.08327579498291,55100
2016-08-22,24.920000076293945,24.940000534057617,24.75,24.899999618530273,14.111608505249023,51100
2016-08-23,24.84000015258789,24.979999542236328,24.829999923706055,24.860000610351562,14.088945388793945,40800
2016-08-24,24.81999969482422,24.920000076293945,24.799999237060547,24.8799991607666,14.1002779006958,45000
2016-08-25,24.829999923706055,25.0,24.829999923706055,24.93000030517578,14.128616333007812,78100
2016-08-26,24.969999313354492,25.1299991607666,24.8700008392334,24.889999389648438,14.10594654083252,68900
2016-08-29,24.979999542236328,25.020000457763672,24.8799991607666,24.93000030517578,14.128616333007812,48100
2016-08-30,24.989999771118164,25.020000457763672,24.610000610351562,24.65999984741211,13.97559642791748,98800
2016-08-31,24.690000534057617,25.1200008392334,24.6299991607666,25.06999969482422,14.207962989807129,103700
2016-09-01,25.0,25.170000076293945,24.940000534057617,25.149999618530273,14.25329875946045,133900
2016-09-02,25.229999542236328,25.270000457763672,25.110000610351562,25.219999313354492,14.292967796325684,88500
2016-09-06,25.270000457763672,25.270000457763672,24.920000076293945,24.979999542236328,14.156953811645508,88400
2016-09-07,25.059999465942383,25.139999389648438,24.770000457763672,24.950000762939453,14.139952659606934,127100
2016-09-08,24.950000762939453,25.1299991607666,24.719999313354492,25.1200008392334,14.236300468444824,139600
2016-09-09,24.93000030517578,25.100000381469727,24.809999465942383,24.90999984741211,14.117281913757324,183200
2016-09-12,24.809999465942383,25.200000762939453,24.809999465942383,25.149999618530273,14.25329875946045,57000
2016-09-13,24.989999771118164,24.989999771118164,24.239999771118164,24.270000457763672,13.8442964553833,111200
2016-09-14,24.18000030517578,24.56999969482422,24.18000030517578,24.280000686645508,13.85000228881836,52600
2016-09-15,24.25,24.860000610351562,24.25,24.700000762939453,14.089576721191406,95300
2016-09-16,24.739999771118164,24.809999465942383,24.530000686645508,24.760000228881836,14.12380599975586,66600
2016-09-19,24.709999084472656,24.84000015258789,24.290000915527344,24.610000610351562,14.038241386413574,94400
2016-09-20,24.56999969482422,24.780000686645508,24.56999969482422,24.6299991607666,14.049660682678223,31000
2016-09-21,24.719999313354492,24.93000030517578,24.700000762939453,24.8799991607666,14.19225788116455,48900
2016-09-22,24.979999542236328,25.040000915527344,24.770000457763672,24.84000015258789,14.16944694519043,83100
2016-09-23,24.700000762939453,24.8700008392334,24.649999618530273,24.780000686645508,14.13521671295166,59100
2016-09-26,24.719999313354492,24.860000610351562,24.450000762939453,24.450000762939453,13.946978569030762,58300
2016-09-27,24.450000762939453,24.90999984741211,24.450000762939453,24.90999984741211,14.209373474121094,46700
2016-09-28,24.93000030517578,24.959999084472656,24.799999237060547,24.899999618530273,14.203667640686035,44100
2016-09-29,24.809999465942383,24.93000030517578,24.299999237060547,24.350000381469727,13.889939308166504,142700
2016-09-30,24.489999771118164,24.709999084472656,24.489999771118164,24.6200008392334,14.043952941894531,40500
2016-10-03,24.549999237060547,24.739999771118164,24.520000457763672,24.739999771118164,14.112398147583008,41500
2016-10-04,24.670000076293945,24.68000030517578,24.5,24.520000457763672,13.986907958984375,38100
2016-10-05,24.5,24.59000015258789,24.450000762939453,24.450000762939453,13.946978569030762,48100
2016-10-06,24.389999389648438,24.59000015258789,24.360000610351562,24.459999084472656,13.952676773071289,68800
2016-10-07,24.420000076293945,24.579999923706055,24.420000076293945,24.450000762939453,13.946978569030762,41800
2016-10-10,24.450000762939453,24.649999618530273,24.43000030517578,24.579999923706055,14.021132469177246,46400
2016-10-11,24.56999969482422,24.56999969482422,24.270000457763672,24.309999465942383,13.86711597442627,63000
2016-10-12,24.149999618530273,24.18000030517578,24.100000381469727,24.100000381469727,13.840126991271973,71500
2016-10-13,24.040000915527344,24.1299991607666,23.950000762939453,24.1200008392334,13.851611137390137,59300
2016-10-14,24.059999465942383,24.350000381469727,24.059999465942383,24.299999237060547,13.954980850219727,83200
2016-10-17,24.209999084472656,24.229999542236328,24.010000228881836,24.219999313354492,13.909036636352539,75800
2016-10-18,24.219999313354492,24.34000015258789,24.06999969482422,24.270000457763672,13.937756538391113,60400
2016-10-19,24.25,24.40999984741211,24.239999771118164,24.389999389648438,14.006667137145996,47300
2016-10-20,24.360000610351562,24.43000030517578,24.270000457763672,24.270000457763672,13.937756538391113,41900
2016-10-21,24.110000610351562,24.40999984741211,24.110000610351562,24.40999984741211,14.018152236938477,22400
2016-10-24,24.329999923706055,24.479999542236328,24.290000915527344,24.290000915527344,13.949235916137695,43900
2016-10-25,24.360000610351562,24.420000076293945,24.270000457763672,24.399999618530273,14.012411117553711,85300
2016-10-26,24.3700008392334,24.510000228881836,24.329999923706055,24.510000228881836,14.075579643249512,30500
2016-10-27,24.450000762939453,24.479999542236328,24.360000610351562,24.3799991607666,14.000920295715332,58100
2016-10-28,24.3700008392334,24.3700008392334,24.1200008392334,24.18000030517578,13.886063575744629,55600
2016-10-31,24.200000762939453,24.280000686645508,24.030000686645508,24.049999237060547,13.811413764953613,41900
2016-11-01,24.09000015258789,24.110000610351562,23.940000534057617,23.989999771118164,13.776956558227539,105700
2016-11-02,23.989999771118164,24.0,23.520000457763672,23.760000228881836,13.64487075805664,126200
2016-11-03,23.729999542236328,23.790000915527344,23.559999465942383,23.610000610351562,13.558727264404297,39800
2016-11-04,23.6299991607666,23.75,23.579999923706055,23.75,13.639130592346191,36600
2016-11-07,23.850000381469727,23.959999084472656,23.75,23.950000762939453,13.753987312316895,32400
2016-11-08,23.920000076293945,23.93000030517578,23.770000457763672,23.790000915527344,13.66209602355957,19200
2016-11-09,23.559999465942383,23.739999771118164,23.530000686645508,23.719999313354492,13.621904373168945,76300
2016-11-10,23.610000610351562,23.610000610351562,22.799999237060547,22.969999313354492,13.282469749450684,136500
2016-11-11,22.809999465942383,22.93000030517578,22.530000686645508,22.639999389648438,13.091639518737793,124600
2016-11-14,22.520000457763672,22.520000457763672,21.93000030517578,22.25,12.866122245788574,237600
2016-11-15,22.270000457763672,22.959999084472656,22.270000457763672,22.93000030517578,13.259336471557617,109900
2016-11-16,22.780000686645508,23.209999084472656,22.780000686645508,23.1200008392334,13.369206428527832,60000
2016-11-17,22.989999771118164,23.1200008392334,22.780000686645508,22.809999465942383,13.18994426727295,59000
2016-11-18,22.729999542236328,22.889999389648438,22.709999084472656,22.829999923706055,13.201507568359375,36800
2016-11-21,22.8700008392334,23.149999618530273,22.8700008392334,23.09000015258789,13.351860046386719,41600
2016-11-22,23.100000381469727,23.290000915527344,23.06999969482422,23.149999618530273,13.386553764343262,44100
2016-11-23,22.93000030517578,23.110000610351562,22.90999984741211,23.0,13.299803733825684,62200
2016-11-25,22.959999084472656,23.09000015258789,22.959999084472656,23.06999969482422,13.340292930603027,13100
2016-11-28,23.139999389648438,23.25,23.020000457763672,23.040000915527344,13.322944641113281,40200
2016-11-29,23.0,23.06999969482422,23.0,23.040000915527344,13.322944641113281,28400
2016-11-30,23.0,23.09000015258789,22.90999984741211,23.059999465942383,13.334505081176758,81700
2016-12-01,22.950000762939453,22.969999313354492,22.600000381469727,22.649999618530273,13.09742546081543,121000
2016-12-02,22.790000915527344,22.889999389648438,22.739999771118164,22.850000381469727,13.213079452514648,54400
2016-12-05,22.940000534057617,22.940000534057617,22.700000762939453,22.760000228881836,13.161033630371094,54900
2016-12-06,22.729999542236328,22.799999237060547,22.690000534057617,22.690000534057617,13.12055492401123,73300
2016-12-07,22.84000015258789,22.8799991607666,22.739999771118164,22.81999969482422,13.195730209350586,90000
2016-12-08,22.75,22.829999923706055,22.700000762939453,22.700000762939453,13.12633991241455,64900
2016-12-09,22.719999313354492,22.81999969482422,22.610000610351562,22.729999542236328,13.143680572509766,79300
2016-12-12,22.690000534057617,22.770000457763672,22.5,22.610000610351562,13.07430362701416,97700
2016-12-13,22.479999542236328,22.559999465942383,22.31999969482422,22.31999969482422,12.993379592895508,110100
2016-12-14,22.270000457763672,22.549999237060547,22.270000457763672,22.450000762939453,13.06905460357666,141700
2016-12-15,22.31999969482422,22.600000381469727,22.31999969482422,22.469999313354492,13.080699920654297,83800
2016-12-16,22.510000228881836,22.670000076293945,22.510000228881836,22.520000457763672,13.10980224609375,78100
2016-12-19,22.559999465942383,22.6200008392334,22.489999771118164,22.549999237060547,13.127265930175781,120400
2016-12-20,22.540000915527344,22.610000610351562,22.479999542236328,22.5,13.098163604736328,109600
2016-12-21,22.440000534057617,22.59000015258789,22.420000076293945,22.579999923706055,13.144730567932129,140200
2016-12-22,22.639999389648438,22.75,22.579999923706055,22.65999984741211,13.191300392150879,76700
2016-12-23,22.68000030517578,22.75,22.579999923706055,22.690000534057617,13.208770751953125,99500
2016-12-27,22.639999389648438,22.729999542236328,22.579999923706055,22.610000610351562,13.16219711303711,127100
2016-12-28,22.6200008392334,22.90999984741211,22.6200008392334,22.790000915527344,13.26698112487793,112400
2016-12-29,22.850000381469727,22.93000030517578,22.760000228881836,22.8799991607666,13.31937026977539,109600
2016-12-30,22.8799991607666,22.979999542236328,22.84000015258789,22.93000030517578,13.348475456237793,100900
2017-01-03,23.100000381469727,23.3799991607666,23.030000686645508,23.239999771118164,13.528943061828613,290600
2017-01-04,23.34000015258789,23.59000015258789,23.299999237060547,23.56999969482422,13.721047401428223,248500
2017-01-05,23.399999618530273,23.579999923706055,23.3799991607666,23.579999923706055,13.726875305175781,113700
2017-01-06,23.510000228881836,23.610000610351562,23.450000762939453,23.59000015258789,13.732695579528809,104800
2017-01-09,23.579999923706055,23.75,23.579999923706055,23.739999771118164,13.820022583007812,122200
2017-01-10,23.739999771118164,23.920000076293945,23.68000030517578,23.920000076293945,13.924795150756836,86700
2017-01-11,23.65999984741211,23.770000457763672,23.610000610351562,23.690000534057617,13.878521919250488,130300
2017-01-12,23.709999084472656,23.75,23.59000015258789,23.600000381469727,13.825797080993652,73300
2017-01-13,23.579999923706055,23.68000030517578,23.559999465942383,23.59000015258789,13.819937705993652,75900
2017-01-17,23.649999618530273,23.760000228881836,23.59000015258789,23.59000015258789,13.819937705993652,91100
2017-01-18,23.670000076293945,23.75,23.579999923706055,23.729999542236328,13.901952743530273,63200
2017-01-19,23.709999084472656,23.770000457763672,23.56999969482422,23.639999389648438,13.849236488342285,91800
2017-01-20,23.559999465942383,23.739999771118164,23.559999465942383,23.670000076293945,13.866808891296387,45300
2017-01-23,23.780000686645508,23.799999237060547,23.649999618530273,23.709999084472656,13.890237808227539,79200
2017-01-24,23.75,23.770000457763672,23.6200008392334,23.639999389648438,13.849236488342285,64100
2017-01-25,23.639999389648438,23.889999389648438,23.6200008392334,23.799999237060547,13.942959785461426,148500
2017-01-26,23.8700008392334,24.0,23.799999237060547,23.979999542236328,14.048417091369629,81200
2017-01-27,23.90999984741211,24.0,23.850000381469727,23.850000381469727,13.972253799438477,55200
2017-01-30,23.799999237060547,23.799999237060547,23.639999389648438,23.649999618530273,13.855081558227539,80800
2017-01-31,23.649999618530273,23.809999465942383,23.649999618530273,23.770000457763672,13.925390243530273,59700
2017-02-01,23.780000686645508,23.809999465942383,23.68000030517578,23.700000762939453,13.884377479553223,74900
2017-02-02,23.68000030517578,23.75,23.6299991607666,23.68000030517578,13.872663497924805,81600
2017-02-03,23.799999237060547,23.84000015258789,23.770000457763672,23.81999969482422,13.95467758178711,65900
2017-02-06,23.829999923706055,23.90999984741211,23.829999923706055,23.889999389648438,13.995685577392578,56800
2017-02-07,23.8700008392334,23.899999618530273,23.809999465942383,23.8799991607666,13.989829063415527,46300
2017-02-08,23.850000381469727,23.920000076293945,23.829999923706055,23.850000381469727,13.972253799438477,59000
2017-02-09,23.850000381469727,23.8799991607666,23.799999237060547,23.8700008392334,13.983979225158691,58600
2017-02-10,23.790000915527344,23.90999984741211,23.790000915527344,23.8700008392334,13.983979225158691,71900
2017-02-13,23.790000915527344,23.790000915527344,23.719999313354492,23.75,14.002246856689453,47700
2017-02-14,23.760000228881836,23.81999969482422,23.729999542236328,23.780000686645508,14.019935607910156,42800
2017-02-15,23.709999084472656,23.780000686645508,23.709999084472656,23.719999313354492,13.984557151794434,58900
2017-02-16,23.700000762939453,23.780000686645508,23.700000762939453,23.739999771118164,13.996345520019531,61500
2017-02-17,23.68000030517578,23.739999771118164,23.68000030517578,23.68000030517578,13.960978507995605,34700
2017-02-21,23.68000030517578,23.75,23.68000030517578,23.75,14.002246856689453,66200
2017-02-22,23.690000534057617,23.790000915527344,23.690000534057617,23.719999313354492,13.984557151794434,62600
2017-02-23,23.719999313354492,23.81999969482422,23.719999313354492,23.790000915527344,14.025833129882812,56300
2017-02-24,23.81999969482422,23.860000610351562,23.790000915527344,23.850000381469727,14.061206817626953,59400
2017-02-27,23.90999984741211,23.920000076293945,23.850000381469727,23.920000076293945,14.102474212646484,67300
2017-02-28,23.860000610351562,24.020000457763672,23.860000610351562,24.020000457763672,14.161432266235352,59200
2017-03-01,23.979999542236328,24.040000915527344,23.90999984741211,24.040000915527344,14.173222541809082,65200
2017-03-02,23.979999542236328,24.049999237060547,23.93000030517578,23.959999084472656,14.126051902770996,118500
2017-03-03,23.959999084472656,24.110000610351562,23.950000762939453,24.040000915527344,14.173222541809082,38200
2017-03-06,24.010000228881836,24.059999465942383,23.920000076293945,24.059999465942383,14.185014724731445,59600
2017-03-07,24.049999237060547,24.06999969482422,24.0,24.030000686645508,14.167327880859375,42000
2017-03-08,23.940000534057617,23.950000762939453,23.799999237060547,23.809999465942383,14.037626266479492,60200
2017-03-09,23.780000686645508,23.780000686645508,23.31999969482422,23.399999618530273,13.795897483825684,121000
2017-03-10,23.40999984741211,23.600000381469727,23.399999618530273,23.56999969482422,13.896122932434082,76300
2017-03-13,23.360000610351562,23.479999542236328,23.360000610351562,23.420000076293945,13.896722793579102,32900
2017-03-14,23.440000534057617,23.440000534057617,23.200000762939453,23.219999313354492,13.77804183959961,33800
2017-03-15,23.270000457763672,23.530000686645508,23.209999084472656,23.520000457763672,13.956056594848633,51600
2017-03-16,23.530000686645508,23.56999969482422,23.40999984741211,23.56999969482422,13.985722541809082,53500
2017-03-17,23.59000015258789,23.799999237060547,23.549999237060547,23.729999542236328,14.080665588378906,51600
2017-03-20,23.760000228881836,23.940000534057617,23.760000228881836,23.81999969482422,14.134069442749023,51300
2017-03-21,23.809999465942383,23.889999389648438,23.770000457763672,23.81999969482422,14.134069442749023,54800
2017-03-22,23.770000457763672,23.889999389648438,23.729999542236328,23.729999542236328,14.080665588378906,83400
2017-03-23,23.719999313354492,23.8700008392334,23.719999313354492,23.809999465942383,14.128134727478027,27600
2017-03-24,23.84000015258789,23.889999389648438,23.809999465942383,23.809999465942383,14.128134727478027,23800
2017-03-27,23.75,23.81999969482422,23.719999313354492,23.739999771118164,14.086591720581055,42600
2017-03-28,23.790000915527344,23.899999618530273,23.780000686645508,23.790000915527344,14.116266250610352,39500
2017-03-29,23.799999237060547,24.010000228881836,23.799999237060547,23.93000030517578,14.199338912963867,43200
2017-03-30,24.020000457763672,24.06999969482422,23.959999084472656,23.969999313354492,14.223072052001953,57700
2017-03-31,24.030000686645508,24.15999984741211,24.010000228881836,24.079999923706055,14.28834342956543,49800
2017-04-03,24.06999969482422,24.260000228881836,24.059999465942383,24.260000228881836,14.395140647888184,37700
2017-04-04,24.06999969482422,24.219999313354492,24.059999465942383,24.170000076293945,14.341748237609863,52200
2017-04-05,24.219999313354492,24.239999771118164,24.1299991607666,24.190000534057617,14.353614807128906,61600
2017-04-06,24.31999969482422,24.329999923706055,24.170000076293945,24.260000228881836,14.395140647888184,36200
2017-04-07,24.219999313354492,24.309999465942383,24.200000762939453,24.209999084472656,14.36548137664795,37900
2017-04-10,24.229999542236328,24.40999984741211,24.229999542236328,24.350000381469727,14.448554992675781,42100
2017-04-11,24.270000457763672,24.350000381469727,24.200000762939453,24.350000381469727,14.538712501525879,25100
2017-04-12,24.299999237060547,24.350000381469727,24.270000457763672,24.270000457763672,14.490946769714355,39200
2017-04-13,24.290000915527344,24.350000381469727,24.25,24.299999237060547,14.508851051330566,35500
2017-04-17,24.440000534057617,24.440000534057617,24.299999237060547,24.299999237060547,14.508851051330566,43200
2017-04-18,24.25,24.489999771118164,24.229999542236328,24.489999771118164,14.622302055358887,42800
2017-04-19,24.440000534057617,24.59000015258789,24.440000534057617,24.59000015258789,14.6820068359375,38600
2017-04-20,24.549999237060547,24.719999313354492,24.549999237060547,24.709999084472656,14.753660202026367,34200
2017-04-21,24.770000457763672,24.829999923706055,24.670000076293945,24.770000457763672,14.789481163024902,51400
2017-04-24,24.850000381469727,24.850000381469727,24.709999084472656,24.790000915527344,14.80142593383789,50200
2017-04-25,24.84000015258789,24.8700008392334,24.639999389648438,24.8700008392334,14.849185943603516,64400
2017-04-26,24.860000610351562,24.950000762939453,24.799999237060547,24.950000762939453,14.896947860717773,28700
2017-04-27,24.889999389648438,24.979999542236328,24.8799991607666,24.90999984741211,14.873065948486328,26200
2017-04-28,24.90999984741211,24.989999771118164,24.899999618530273,24.989999771118164,14.920835494995117,26400
2017-05-01,24.959999084472656,25.100000381469727,24.940000534057617,25.09000015258789,14.980545043945312,51100
2017-05-02,25.059999465942383,25.1200008392334,25.020000457763672,25.06999969482422,14.968603134155273,63200
2017-05-03,25.06999969482422,25.1200008392334,25.020000457763672,25.049999237060547,14.956659317016602,50900
2017-05-04,25.010000228881836,25.030000686645508,24.760000228881836,24.969999313354492,14.90889835357666,62000
2017-05-05,24.860000610351562,24.950000762939453,24.81999969482422,24.829999923706055,14.825299263000488,61100
2017-05-08,24.84000015258789,25.040000915527344,24.84000015258789,25.040000915527344,14.950693130493164,51200
2017-05-09,25.030000686645508,25.059999465942383,24.899999618530273,25.0,14.926801681518555,36900
2017-05-10,25.0,25.110000610351562,24.959999084472656,25.079999923706055,14.974565505981445,54200
2017-05-11,24.84000015258789,25.059999465942383,24.84000015258789,24.940000534057617,14.981178283691406,95300
2017-05-12,24.940000534057617,24.989999771118164,24.850000381469727,24.889999389648438,14.951151847839355,34800
2017-05-15,24.889999389648438,24.899999618530273,24.770000457763672,24.770000457763672,14.879057884216309,35600
2017-05-16,24.719999313354492,24.81999969482422,24.719999313354492,24.760000228881836,14.873050689697266,51200
2017-05-17,24.739999771118164,24.739999771118164,24.670000076293945,24.729999542236328,14.855035781860352,26100
2017-05-18,24.670000076293945,24.809999465942383,24.670000076293945,24.690000534057617,14.831009864807129,22200
2017-05-19,24.670000076293945,24.799999237060547,24.670000076293945,24.670000076293945,14.818994522094727,27400
2017-05-22,24.84000015258789,24.84000015258789,24.690000534057617,24.709999084472656,14.843024253845215,42100
2017-05-23,24.75,24.90999984741211,24.649999618530273,24.90999984741211,14.963163375854492,51400
2017-05-24,24.940000534057617,25.040000915527344,24.860000610351562,25.0,15.01722240447998,49800
2017-05-25,25.010000228881836,25.110000610351562,24.84000015258789,24.93000030517578,14.975172996520996,57900
2017-05-26,24.93000030517578,25.079999923706055,24.93000030517578,25.079999923706055,15.065279960632324,69800
2017-05-30,25.139999389648438,25.139999389648438,24.950000762939453,25.079999923706055,15.065279960632324,39700
2017-05-31,25.020000457763672,25.110000610351562,25.0,25.110000610351562,15.083296775817871,34800
2017-06-01,25.100000381469727,25.200000762939453,25.040000915527344,25.110000610351562,15.083296775817871,43900
2017-06-02,25.110000610351562,25.18000030517578,25.049999237060547,25.079999923706055,15.065279960632324,55200
2017-06-05,25.0,25.1200008392334,24.940000534057617,24.940000534057617,14.981178283691406,62700
2017-06-06,24.950000762939453,25.0,24.860000610351562,24.8799991607666,14.945136070251465,54600
2017-06-07,24.850000381469727,24.899999618530273,24.75,24.75,14.86705207824707,78800
2017-06-08,24.709999084472656,24.829999923706055,24.65999984741211,24.75,14.86705207824707,92400
2017-06-09,24.770000457763672,24.799999237060547,24.700000762939453,24.719999313354492,14.849029541015625,65200
2017-06-12,24.700000762939453,24.719999313354492,24.690000534057617,24.709999084472656,14.843024253845215,54700
2017-06-13,24.579999923706055,24.6299991607666,24.469999313354492,24.6299991607666,14.880478858947754,69000
2017-06-14,24.639999389648438,24.719999313354492,24.6200008392334,24.670000076293945,14.904646873474121,39700
2017-06-15,24.610000610351562,24.709999084472656,24.5,24.579999923706055,14.850266456604004,89500
2017-06-16,24.549999237060547,24.68000030517578,24.549999237060547,24.610000610351562,14.86839771270752,42500
2017-06-19,24.649999618530273,24.700000762939453,24.579999923706055,24.700000762939453,14.922776222229004,91600
2017-06-20,24.739999771118164,24.75,24.6200008392334,24.75,14.952983856201172,48900
2017-06-21,24.75,24.770000457763672,24.6200008392334,24.649999618530273,14.892563819885254,74900
2017-06-22,24.65999984741211,24.739999771118164,24.600000381469727,24.65999984741211,14.898603439331055,74800
2017-06-23,24.709999084472656,24.709999084472656,24.520000457763672,24.600000381469727,14.862353324890137,45000
2017-06-26,24.6200008392334,24.719999313354492,24.6200008392334,24.65999984741211,14.898603439331055,57100
2017-06-27,24.649999618530273,24.729999542236328,24.600000381469727,24.610000610351562,14.86839771270752,53600
2017-06-28,24.700000762939453,24.75,24.6299991607666,24.739999771118164,14.946938514709473,52500
2017-06-29,24.65999984741211,24.700000762939453,24.399999618530273,24.530000686645508,14.820061683654785,79100
2017-06-30,24.559999465942383,24.649999618530273,24.559999465942383,24.59000015258789,14.856314659118652,63200
2017-07-03,24.649999618530273,24.739999771118164,24.610000610351562,24.729999542236328,14.940901756286621,28100
2017-07-05,24.719999313354492,24.829999923706055,24.600000381469727,24.799999237060547,14.98319149017334,57700
2017-07-06,24.65999984741211,24.850000381469727,24.639999389648438,24.739999771118164,14.946938514709473,89000
2017-07-07,24.739999771118164,24.850000381469727,24.700000762939453,24.84000015258789,15.007354736328125,57200
2017-07-10,24.809999465942383,24.8799991607666,24.770000457763672,24.860000610351562,15.01943588256836,53500
2017-07-11,24.829999923706055,24.899999618530273,24.790000915527344,24.799999237060547,14.98319149017334,81200
2017-07-12,24.799999237060547,24.799999237060547,24.700000762939453,24.700000762939453,15.008708953857422,62900
2017-07-13,24.799999237060547,24.84000015258789,24.709999084472656,24.790000915527344,15.063397407531738,75800
2017-07-14,24.8700008392334,24.90999984741211,24.780000686645508,24.809999465942383,15.07554817199707,75100
2017-07-17,24.90999984741211,24.920000076293945,24.81999969482422,24.81999969482422,15.081621170043945,51500
2017-07-18,24.899999618530273,24.920000076293945,24.84000015258789,24.84000015258789,15.09377670288086,34000
2017-07-19,24.93000030517578,25.0,24.84000015258789,24.899999618530273,15.130229949951172,95900
2017-07-20,25.0,25.0,24.84000015258789,24.93000030517578,15.148468971252441,43100
2017-07-21,24.979999542236328,24.979999542236328,24.799999237060547,24.860000610351562,15.105935096740723,49300
2017-07-24,24.850000381469727,24.889999389648438,24.6299991607666,24.670000076293945,14.990479469299316,84700
2017-07-25,24.700000762939453,24.93000030517578,24.68000030517578,24.93000030517578,15.148468971252441,119600
2017-07-26,24.969999313354492,24.969999313354492,24.860000610351562,24.899999618530273,15.130229949951172,89100
2017-07-27,24.899999618530273,24.979999542236328,24.8700008392334,24.90999984741211,15.136313438415527,41800
2017-07-28,25.0,25.200000762939453,24.8799991607666,25.200000762939453,15.312520980834961,110900
2017-07-31,25.06999969482422,25.260000228881836,25.06999969482422,25.149999618530273,15.282145500183105,41100
2017-08-01,25.40999984741211,25.40999984741211,25.1200008392334,25.229999542236328,15.330756187438965,40200
2017-08-02,25.229999542236328,25.260000228881836,25.170000076293945,25.190000534057617,15.306449890136719,36600
2017-08-03,25.15999984741211,25.40999984741211,25.15999984741211,25.360000610351562,15.409749984741211,44600
2017-08-04,25.43000030517578,25.440000534057617,25.209999084472656,25.239999771118164,15.336833953857422,44500
2017-08-07,25.399999618530273,25.399999618530273,25.239999771118164,25.309999465942383,15.37937068939209,31300
2017-08-08,25.239999771118164,25.350000381469727,25.1200008392334,25.1299991607666,15.269989967346191,44900
2017-08-09,25.049999237060547,25.149999618530273,25.0,25.0,15.19100284576416,54700
2017-08-10,25.06999969482422,25.06999969482422,24.719999313354492,24.780000686645508,15.05732536315918,63600
2017-08-11,24.3799991607666,24.90999984741211,24.229999542236328,24.81999969482422,15.168543815612793,118200
2017-08-14,24.8799991607666,24.959999084472656,24.639999389648438,24.729999542236328,15.113547325134277,33900
2017-08-15,24.84000015258789,24.84000015258789,24.610000610351562,24.610000610351562,15.040201187133789,47700
2017-08-16,24.6200008392334,24.84000015258789,24.6200008392334,24.829999923706055,15.174660682678223,37200
2017-08-17,24.790000915527344,24.84000015258789,24.56999969482422,24.56999969482422,15.01576042175293,34100
2017-08-18,24.549999237060547,24.65999984741211,24.549999237060547,24.639999389648438,15.058549880981445,30800
2017-08-21,24.579999923706055,24.739999771118164,24.579999923706055,24.68000030517578,15.082986831665039,47000
2017-08-22,24.739999771118164,24.780000686645508,24.68000030517578,24.719999313354492,15.107437133789062,30600
2017-08-23,24.729999542236328,24.760000228881836,24.719999313354492,24.729999542236328,15.113547325134277,56900
2017-08-24,24.760000228881836,24.90999984741211,24.709999084472656,24.90999984741211,15.223548889160156,53900
2017-08-25,25.0,25.110000610351562,24.81999969482422,24.8700008392334,15.199101448059082,110600
2017-08-28,24.889999389648438,24.889999389648438,24.780000686645508,24.81999969482422,15.168543815612793,45100
2017-08-29,24.790000915527344,24.8700008392334,24.739999771118164,24.81999969482422,15.168543815612793,34300
2017-08-30,24.84000015258789,24.899999618530273,24.760000228881836,24.780000686645508,15.1441011428833,27400
2017-08-31,24.809999465942383,24.889999389648438,24.799999237060547,24.889999389648438,15.211326599121094,35000
2017-09-01,24.940000534057617,25.030000686645508,24.93000030517578,24.969999313354492,15.260220527648926,52500
2017-09-05,25.040000915527344,25.040000915527344,24.8700008392334,24.8799991607666,15.205215454101562,43900
2017-09-06,24.90999984741211,25.049999237060547,24.809999465942383,25.049999237060547,15.309104919433594,45900
2017-09-07,25.010000228881836,25.190000534057617,24.969999313354492,25.059999465942383,15.315214157104492,52600
2017-09-08,25.010000228881836,25.15999984741211,25.0,25.0,15.278553009033203,31700
2017-09-11,25.09000015258789,25.15999984741211,25.010000228881836,25.149999618530273,15.370223999023438,34600
2017-09-12,25.170000076293945,25.200000762939453,25.100000381469727,25.190000534057617,15.394669532775879,62100
2017-09-13,25.190000534057617,25.25,25.15999984741211,25.239999771118164,15.4252290725708,40800
2017-09-14,25.15999984741211,25.190000534057617,25.030000686645508,25.110000610351562,15.432600021362305,32600
2017-09-15,25.149999618530273,25.190000534057617,24.989999771118164,25.030000686645508,15.383431434631348,38600
2017-09-18,25.020000457763672,25.09000015258789,24.899999618530273,24.920000076293945,15.315823554992676,42000
2017-09-19,24.8799991607666,24.989999771118164,24.8700008392334,24.920000076293945,15.315823554992676,59200
2017-09-20,25.049999237060547,25.100000381469727,24.940000534057617,25.020000457763672,15.37729263305664,32300
2017-09-21,25.15999984741211,25.15999984741211,24.8700008392334,24.90999984741211,15.309675216674805,47000
2017-09-22,24.860000610351562,25.040000915527344,24.860000610351562,24.940000534057617,15.328117370605469,52400
2017-09-25,25.100000381469727,25.100000381469727,24.920000076293945,24.93000030517578,15.321969032287598,28000
2017-09-26,24.969999313354492,25.100000381469727,24.940000534057617,24.940000534057617,15.328117370605469,71000
2017-09-27,25.06999969482422,25.06999969482422,24.81999969482422,24.860000610351562,15.278948783874512,73400
2017-09-28,24.899999618530273,25.100000381469727,24.8700008392334,25.100000381469727,15.426457405090332,52300
2017-09-29,25.1299991607666,25.18000030517578,24.989999771118164,25.18000030517578,15.475619316101074,56700
2017-10-02,25.149999618530273,25.149999618530273,25.030000686645508,25.059999465942383,15.40186595916748,52000
2017-10-03,25.079999923706055,25.149999618530273,24.989999771118164,25.09000015258789,15.420305252075195,54700
2017-10-04,25.030000686645508,25.149999618530273,24.979999542236328,25.139999389648438,15.451031684875488,58400
2017-10-05,25.040000915527344,25.190000534057617,25.0,25.190000534057617,15.481773376464844,57800
2017-10-06,25.170000076293945,25.200000762939453,25.020000457763672,25.200000762939453,15.4879150390625,40900
2017-10-09,25.1299991607666,25.280000686645508,25.09000015258789,25.270000457763672,15.53094482421875,27900
2017-10-10,25.25,25.360000610351562,25.219999313354492,25.360000610351562,15.586250305175781,73000
2017-10-11,25.43000030517578,25.5,25.360000610351562,25.5,15.672287940979004,67000
2017-10-12,25.40999984741211,25.40999984741211,25.229999542236328,25.31999969482422,15.648818969726562,34100
2017-10-13,25.360000610351562,25.5,25.239999771118164,25.489999771118164,15.753872871398926,158200
2017-10-16,25.40999984741211,25.489999771118164,25.3700008392334,25.489999771118164,15.753872871398926,52000
2017-10-17,25.43000030517578,25.489999771118164,25.399999618530273,25.479999542236328,15.747695922851562,27200
2017-10-18,25.440000534057617,25.489999771118164,25.420000076293945,25.450000762939453,15.729166030883789,66400
2017-10-19,25.399999618530273,25.610000610351562,25.34000015258789,25.610000610351562,15.828049659729004,43500
2017-10-20,25.459999084472656,25.56999969482422,25.3799991607666,25.559999465942383,15.79714298248291,44400
2017-10-23,25.559999465942383,25.559999465942383,25.43000030517578,25.469999313354492,15.741518020629883,27100
2017-10-24,25.440000534057617,25.549999237060547,25.31999969482422,25.420000076293945,15.710619926452637,46400
2017-10-25,25.31999969482422,25.31999969482422,24.889999389648438,25.110000610351562,15.519022941589355,77700
2017-10-26,25.15999984741211,25.200000762939453,24.940000534057617,24.959999084472656,15.426319122314453,45600
2017-10-27,25.030000686645508,25.06999969482422,24.93000030517578,24.959999084472656,15.426319122314453,49000
2017-10-30,24.989999771118164,25.059999465942383,24.979999542236328,25.040000915527344,15.475764274597168,27500
2017-10-31,25.06999969482422,25.200000762939453,24.989999771118164,25.170000076293945,15.55610466003418,34000
2017-11-01,25.239999771118164,25.34000015258789,25.110000610351562,25.34000015258789,15.661173820495605,34400
2017-11-02,25.260000228881836,25.3700008392334,25.260000228881836,25.329999923706055,15.654987335205078,45200
2017-11-03,25.3700008392334,25.459999084472656,25.299999237060547,25.459999084472656,15.735336303710938,27100
2017-11-06,25.59000015258789,25.59000015258789,24.93000030517578,25.110000610351562,15.519022941589355,109000
2017-11-07,25.1299991607666,25.15999984741211,25.06999969482422,25.1299991607666,15.531387329101562,24200
2017-11-08,25.110000610351562,25.290000915527344,25.06999969482422,25.290000915527344,15.630269050598145,44900
2017-11-09,25.239999771118164,25.260000228881836,25.1299991607666,25.200000762939453,15.574642181396484,19100
2017-11-10,25.219999313354492,25.329999923706055,25.139999389648438,25.25,15.60555648803711,35400
2017-11-13,25.239999771118164,25.3700008392334,25.170000076293945,25.190000534057617,15.568461418151855,26300
2017-11-14,25.1200008392334,25.1299991607666,24.700000762939453,24.700000762939453,15.352171897888184,74200
2017-11-15,24.799999237060547,25.020000457763672,24.559999465942383,24.899999618530273,15.476476669311523,60300
2017-11-16,25.0,25.09000015258789,24.920000076293945,24.93000030517578,15.495123863220215,42800
2017-11-17,24.989999771118164,25.15999984741211,24.979999542236328,25.15999984741211,15.638081550598145,33600
2017-11-20,25.170000076293945,25.170000076293945,25.010000228881836,25.100000381469727,15.600789070129395,36700
2017-11-21,25.139999389648438,25.18000030517578,25.040000915527344,25.149999618530273,15.631871223449707,25900
2017-11-22,25.079999923706055,25.260000228881836,25.079999923706055,25.260000228881836,15.700233459472656,27800
2017-11-24,25.25,25.280000686645508,25.18000030517578,25.25,15.694021224975586,17300
2017-11-27,25.219999313354492,25.31999969482422,25.18000030517578,25.25,15.694021224975586,33100
2017-11-28,25.25,25.280000686645508,25.040000915527344,25.040000915527344,15.563488006591797,27700
2017-11-29,25.059999465942383,25.15999984741211,24.979999542236328,24.979999542236328,15.52619743347168,41000
2017-11-30,25.059999465942383,25.059999465942383,24.829999923706055,25.010000228881836,15.54485034942627,63900
2017-12-01,25.030000686645508,25.030000686645508,24.889999389648438,25.020000457763672,15.55106258392334,40400
2017-12-04,25.020000457763672,25.200000762939453,25.020000457763672,25.049999237060547,15.569706916809082,48200
2017-12-05,25.030000686645508,25.1200008392334,25.0,25.06999969482422,15.582149505615234,34800
2017-12-06,25.110000610351562,25.309999465942383,25.100000381469727,25.209999084472656,15.66915225982666,27700
2017-12-07,25.329999923706055,25.450000762939453,25.25,25.450000762939453,15.81832504272461,40900
2017-12-08,25.450000762939453,25.450000762939453,25.309999465942383,25.43000030517578,15.805893898010254,31800
2017-12-11,25.450000762939453,25.450000762939453,25.260000228881836,25.270000457763672,15.706454277038574,34800
2017-12-12,25.360000610351562,25.360000610351562,25.06999969482422,25.079999923706055,15.588356971740723,38900
2017-12-13,25.229999542236328,25.229999542236328,24.93000030517578,24.969999313354492,15.519988059997559,59900
2017-12-14,25.059999465942383,25.059999465942383,24.829999923706055,24.860000610351562,15.539990425109863,41000
2017-12-15,24.860000610351562,25.049999237060547,24.860000610351562,24.940000534057617,15.589999198913574,39400
2017-12-18,25.100000381469727,25.1299991607666,24.93000030517578,24.959999084472656,15.602497100830078,69300
2017-12-19,25.020000457763672,25.030000686645508,24.81999969482422,24.889999389648438,15.558738708496094,39800
2017-12-20,24.889999389648438,24.899999618530273,24.84000015258789,24.850000381469727,15.533742904663086,56900
2017-12-21,24.809999465942383,24.899999618530273,24.770000457763672,24.829999923706055,15.521241188049316,28700
2017-12-22,24.81999969482422,24.90999984741211,24.799999237060547,24.90999984741211,15.571247100830078,34400
2017-12-26,24.799999237060547,24.90999984741211,24.799999237060547,24.809999465942383,15.508728981018066,36800
2017-12-27,24.8700008392334,24.959999084472656,24.809999465942383,24.899999618530273,15.564995765686035,29400
2017-12-28,24.8700008392334,24.889999389648438,24.729999542236328,24.739999771118164,15.464974403381348,40300
2017-12-29,24.84000015258789,24.84000015258789,24.729999542236328,24.760000228881836,15.47748851776123,64300
2018-01-02,24.809999465942383,24.8799991607666,24.639999389648438,24.65999984741211,15.414966583251953,74700
2018-01-03,24.780000686645508,24.799999237060547,24.6200008392334,24.780000686645508,15.48997974395752,65100
2018-01-04,24.829999923706055,24.899999618530273,24.65999984741211,24.829999923706055,15.521241188049316,54900
2018-01-05,24.899999618530273,24.920000076293945,24.700000762939453,24.809999465942383,15.508728981018066,35900
2018-01-08,24.709999084472656,24.920000076293945,24.709999084472656,24.90999984741211,15.571247100830078,74100
2018-01-09,24.920000076293945,24.950000762939453,24.790000915527344,24.920000076293945,15.577499389648438,79500
2018-01-10,24.860000610351562,24.860000610351562,24.639999389648438,24.760000228881836,15.47748851776123,55800
2018-01-11,24.65999984741211,24.969999313354492,24.6299991607666,24.959999084472656,15.692490577697754,138900
2018-01-12,24.84000015258789,24.8799991607666,24.68000030517578,24.68000030517578,15.516454696655273,105900
2018-01-16,24.940000534057617,24.940000534057617,24.540000915527344,24.610000610351562,15.47244644165039,52400
2018-01-17,24.579999923706055,24.780000686645508,24.56999969482422,24.690000534057617,15.522747993469238,58700
2018-01-18,24.639999389648438,24.639999389648438,24.31999969482422,24.399999618530273,15.34041976928711,67500
2018-01-19,24.34000015258789,24.420000076293945,24.139999389648438,24.360000610351562,15.315267562866211,114900
2018-01-22,24.420000076293945,24.420000076293945,24.200000762939453,24.239999771118164,15.239826202392578,49000
2018-01-23,24.31999969482422,24.350000381469727,24.170000076293945,24.290000915527344,15.271269798278809,62700
2018-01-24,24.329999923706055,24.389999389648438,24.25,24.3700008392334,15.32155990600586,61500
2018-01-25,24.420000076293945,24.420000076293945,24.25,24.40999984741211,15.346708297729492,54300
2018-01-26,24.360000610351562,24.389999389648438,24.15999984741211,24.309999465942383,15.283835411071777,71200
2018-01-29,24.149999618530273,24.200000762939453,23.8700008392334,23.90999984741211,15.032357215881348,114200
2018-01-30,23.84000015258789,23.84000015258789,23.549999237060547,23.68000030517578,14.887751579284668,153800
2018-01-31,23.739999771118164,23.899999618530273,23.739999771118164,23.8799991607666,15.01348876953125,76700
2018-02-01,23.969999313354492,24.040000915527344,23.829999923706055,23.860000610351562,15.000925064086914,54700
2018-02-02,23.709999084472656,23.8700008392334,23.709999084472656,23.81999969482422,14.975770950317383,182700
2018-02-05,23.799999237060547,23.899999618530273,23.0,23.31999969482422,14.661417007446289,125900
2018-02-06,23.219999313354492,23.530000686645508,23.030000686645508,23.530000686645508,14.793445587158203,114300
2018-02-07,23.5,23.899999618530273,23.5,23.75,14.931766510009766,76000
2018-02-08,23.770000457763672,23.770000457763672,23.600000381469727,23.6299991607666,14.856319427490234,48400
2018-02-09,23.56999969482422,23.68000030517578,23.1299991607666,23.459999084472656,14.749441146850586,91900
2018-02-12,23.5,23.5,23.3700008392334,23.3700008392334,14.692852973937988,92100
2018-02-13,23.399999618530273,23.440000534057617,23.350000381469727,23.389999389648438,14.705429077148438,48700
2018-02-14,23.079999923706055,23.309999465942383,23.079999923706055,23.18000030517578,14.662412643432617,74800
2018-02-15,23.18000030517578,23.309999465942383,23.18000030517578,23.219999313354492,14.687721252441406,45300
2018-02-16,23.15999984741211,23.34000015258789,23.15999984741211,23.239999771118164,14.700366020202637,105800
2018-02-20,23.239999771118164,23.34000015258789,23.229999542236328,23.260000228881836,14.71301555633545,56700
2018-02-21,23.34000015258789,23.360000610351562,23.25,23.25,14.706689834594727,39200
2018-02-22,23.270000457763672,23.3799991607666,23.270000457763672,23.270000457763672,14.71933650970459,54100
2018-02-23,23.360000610351562,23.549999237060547,23.31999969482422,23.540000915527344,14.890130043029785,119200
2018-02-26,23.540000915527344,23.639999389648438,23.489999771118164,23.56999969482422,14.90910530090332,82900
2018-02-27,23.65999984741211,23.700000762939453,23.5,23.540000915527344,14.890130043029785,85200
2018-02-28,23.65999984741211,23.68000030517578,23.56999969482422,23.639999389648438,14.953384399414062,62900
2018-03-01,23.649999618530273,23.780000686645508,23.59000015258789,23.760000228881836,15.029291152954102,86600
2018-03-02,23.690000534057617,23.690000534057617,23.56999969482422,23.610000610351562,14.934407234191895,53200
2018-03-05,23.65999984741211,23.690000534057617,23.489999771118164,23.600000381469727,14.928083419799805,34100
2018-03-06,23.6299991607666,23.729999542236328,23.59000015258789,23.729999542236328,15.010321617126465,36600
2018-03-07,23.709999084472656,23.780000686645508,23.670000076293945,23.770000457763672,15.035615921020508,33200
2018-03-08,23.8700008392334,23.93000030517578,23.760000228881836,23.81999969482422,15.067243576049805,68400
2018-03-09,23.81999969482422,23.899999618530273,23.799999237060547,23.8700008392334,15.098875045776367,55500
2018-03-12,23.950000762939453,23.950000762939453,23.81999969482422,23.93000030517578,15.136826515197754,44600
2018-03-13,23.940000534057617,23.950000762939453,23.850000381469727,23.950000762939453,15.1494779586792,75300
2018-03-14,23.799999237060547,23.959999084472656,23.729999542236328,23.729999542236328,15.099847793579102,100500
2018-03-15,23.700000762939453,23.90999984741211,23.690000534057617,23.850000381469727,15.176199913024902,44200
2018-03-16,23.850000381469727,23.8799991607666,23.75,23.75,15.112567901611328,31700
2018-03-19,23.75,23.75,23.510000228881836,23.719999313354492,15.093478202819824,26100
2018-03-20,23.780000686645508,23.799999237060547,23.6299991607666,23.719999313354492,15.093478202819824,42300
2018-03-21,23.729999542236328,23.729999542236328,23.479999542236328,23.510000228881836,14.959851264953613,30100
2018-03-22,23.329999923706055,23.549999237060547,23.329999923706055,23.510000228881836,14.959851264953613,29200
2018-03-23,23.600000381469727,23.6299991607666,23.450000762939453,23.479999542236328,14.940759658813477,41100
2018-03-26,23.40999984741211,23.530000686645508,23.280000686645508,23.3700008392334,14.870767593383789,43600
2018-03-27,23.360000610351562,23.479999542236328,23.270000457763672,23.450000762939453,14.921670913696289,38100
2018-03-28,23.520000457763672,23.770000457763672,23.520000457763672,23.760000228881836,15.11893081665039,87300
2018-03-29,23.889999389648438,23.889999389648438,23.65999984741211,23.709999084472656,15.087112426757812,107000
2018-04-02,23.920000076293945,23.920000076293945,23.65999984741211,23.65999984741211,15.05530071258545,56400
2018-04-03,23.540000915527344,23.829999923706055,23.540000915527344,23.799999237060547,15.14438247680664,48900
2018-04-04,23.75,23.940000534057617,23.579999923706055,23.940000534057617,15.2334623336792,39900
2018-04-05,24.09000015258789,24.09000015258789,23.809999465942383,23.860000610351562,15.182559967041016,17900
2018-04-06,23.979999542236328,23.979999542236328,23.670000076293945,23.670000076293945,15.061659812927246,34700
2018-04-09,23.68000030517578,23.799999237060547,23.68000030517578,23.68000030517578,15.068033218383789,22600
2018-04-10,23.729999542236328,24.040000915527344,23.729999542236328,23.920000076293945,15.220734596252441,55900
2018-04-11,23.979999542236328,24.049999237060547,23.8799991607666,24.0,15.27164363861084,51100
2018-04-12,23.940000534057617,23.940000534057617,23.68000030517578,23.84000015258789,15.260127067565918,30800
2018-04-13,23.690000534057617,23.829999923706055,23.670000076293945,23.690000534057617,15.16411304473877,22300
2018-04-16,23.690000534057617,23.719999313354492,23.559999465942383,23.559999465942383,15.08089828491211,34200
2018-04-17,23.6200008392334,23.700000762939453,23.549999237060547,23.600000381469727,15.106499671936035,77400
2018-04-18,23.510000228881836,23.6200008392334,23.399999618530273,23.549999237060547,15.074494361877441,51000
2018-04-19,23.520000457763672,23.59000015258789,23.459999084472656,23.59000015258789,15.100102424621582,24900
2018-04-20,23.530000686645508,23.649999618530273,23.530000686645508,23.600000381469727,15.106499671936035,29800
2018-04-23,23.649999618530273,23.649999618530273,23.43000030517578,23.43000030517578,14.997685432434082,65400
2018-04-24,23.399999618530273,23.530000686645508,23.399999618530273,23.459999084472656,15.016885757446289,57400
2018-04-25,23.479999542236328,23.5,23.360000610351562,23.43000030517578,14.997685432434082,61000
2018-04-26,23.510000228881836,23.610000610351562,23.450000762939453,23.489999771118164,15.036092758178711,57400
2018-04-27,23.489999771118164,23.579999923706055,23.43000030517578,23.549999237060547,15.074494361877441,58800
2018-04-30,23.649999618530273,23.719999313354492,23.56999969482422,23.719999313354492,15.18331241607666,35400
2018-05-01,23.729999542236328,24.0,23.6200008392334,24.0,15.362536430358887,52500
2018-05-02,23.889999389648438,24.010000228881836,23.850000381469727,24.010000228881836,15.368952751159668,32100
2018-05-03,23.899999618530273,23.989999771118164,23.899999618530273,23.969999313354492,15.343341827392578,23900
2018-05-04,23.93000030517578,24.100000381469727,23.93000030517578,24.030000686645508,15.381752967834473,37700
2018-05-07,24.049999237060547,24.09000015258789,24.0,24.049999237060547,15.394551277160645,24900
2018-05-08,24.059999465942383,24.09000015258789,23.969999313354492,23.989999771118164,15.356142044067383,23000
2018-05-09,24.010000228881836,24.100000381469727,23.93000030517578,23.969999313354492,15.343341827392578,72200
2018-05-10,24.040000915527344,24.110000610351562,23.8700008392334,23.8700008392334,15.279328346252441,25900
2018-05-11,23.93000030517578,24.09000015258789,23.850000381469727,24.09000015258789,15.420156478881836,28000
2018-05-14,23.989999771118164,24.040000915527344,23.899999618530273,24.040000915527344,15.479395866394043,29900
2018-05-15,23.969999313354492,24.0,23.889999389648438,23.979999542236328,15.440755844116211,35600
2018-05-16,23.969999313354492,24.09000015258789,23.940000534057617,23.969999313354492,15.434317588806152,36900
2018-05-17,23.93000030517578,23.93000030517578,23.690000534057617,23.700000762939453,15.260466575622559,46500
2018-05-18,23.81999969482422,23.81999969482422,23.520000457763672,23.530000686645508,15.151001930236816,54400
2018-05-21,23.649999618530273,23.770000457763672,23.6200008392334,23.719999313354492,15.273344039916992,36100
2018-05-22,23.65999984741211,23.729999542236328,23.6299991607666,23.690000534057617,15.25402545928955,26500
2018-05-23,23.600000381469727,23.729999542236328,23.600000381469727,23.700000762939453,15.260466575622559,21100
2018-05-24,23.770000457763672,23.81999969482422,23.65999984741211,23.809999465942383,15.331294059753418,67400
2018-05-25,23.8700008392334,23.8700008392334,23.65999984741211,23.729999542236328,15.279789924621582,69300
2018-05-29,23.690000534057617,23.770000457763672,23.639999389648438,23.760000228881836,15.299098014831543,42900
2018-05-30,23.780000686645508,23.899999618530273,23.709999084472656,23.899999618530273,15.38924789428711,38000
2018-05-31,23.899999618530273,23.899999618530273,23.780000686645508,23.860000610351562,15.363489151000977,29900
2018-06-01,23.969999313354492,24.100000381469727,23.950000762939453,24.079999923706055,15.505144119262695,39100
2018-06-04,23.969999313354492,24.059999465942383,23.920000076293945,23.920000076293945,15.402118682861328,57000
2018-06-05,23.84000015258789,24.030000686645508,23.84000015258789,24.030000686645508,15.472957611083984,25100
2018-06-06,24.030000686645508,24.030000686645508,23.989999771118164,24.010000228881836,15.460082054138184,21100
2018-06-07,24.059999465942383,24.079999923706055,24.0,24.020000457763672,15.466513633728027,20500
2018-06-08,24.0,24.040000915527344,23.940000534057617,23.940000534057617,15.414996147155762,22700
2018-06-11,23.969999313354492,24.040000915527344,23.959999084472656,24.020000457763672,15.466513633728027,13700
2018-06-12,24.0,24.079999923706055,23.90999984741211,23.920000076293945,15.402118682861328,33300
2018-06-13,23.899999618530273,23.959999084472656,23.850000381469727,23.950000762939453,15.421440124511719,26300
2018-06-14,23.920000076293945,23.920000076293945,23.610000610351562,23.6200008392334,15.295816421508789,60200
2018-06-15,23.559999465942383,23.68000030517578,23.559999465942383,23.579999923706055,15.269899368286133,28400
2018-06-18,23.540000915527344,23.579999923706055,23.31999969482422,23.31999969482422,15.101534843444824,53800
2018-06-19,23.239999771118164,23.360000610351562,23.239999771118164,23.329999923706055,15.108012199401855,20900
2018-06-20,23.270000457763672,23.309999465942383,23.170000076293945,23.190000534057617,15.017349243164062,60300
2018-06-21,23.200000762939453,23.309999465942383,22.979999542236328,23.06999969482422,14.939640998840332,57100
2018-06-22,23.0,23.170000076293945,23.0,23.170000076293945,15.004399299621582,45700
2018-06-25,23.09000015258789,23.15999984741211,22.950000762939453,23.010000228881836,14.900785446166992,44600
2018-06-26,22.950000762939453,23.06999969482422,22.899999618530273,23.06999969482422,14.939640998840332,40600
2018-06-27,23.06999969482422,23.18000030517578,22.90999984741211,23.06999969482422,14.939640998840332,94300
2018-06-28,23.049999237060547,23.049999237060547,22.719999313354492,22.93000030517578,14.848978996276855,120200
2018-06-29,22.940000534057617,23.149999618530273,22.899999618530273,23.1299991607666,14.978489875793457,99500
2018-07-02,23.34000015258789,23.34000015258789,23.100000381469727,23.18000030517578,15.010876655578613,39600
2018-07-03,23.100000381469727,23.170000076293945,23.040000915527344,23.040000915527344,14.920207977294922,28600
2018-07-05,23.15999984741211,23.389999389648438,23.040000915527344,23.350000381469727,15.120966911315918,63700
2018-07-06,23.31999969482422,23.350000381469727,23.260000228881836,23.299999237060547,15.088578224182129,33500
2018-07-09,23.31999969482422,23.389999389648438,23.260000228881836,23.280000686645508,15.075631141662598,19500
2018-07-10,23.219999313354492,23.399999618530273,23.219999313354492,23.280000686645508,15.075631141662598,36300
2018-07-11,23.229999542236328,23.450000762939453,23.229999542236328,23.450000762939453,15.185713768005371,56600
2018-07-12,23.389999389648438,23.450000762939453,23.350000381469727,23.360000610351562,15.215679168701172,50500
2018-07-13,23.350000381469727,23.350000381469727,23.25,23.260000228881836,15.150546073913574,24600
2018-07-16,23.350000381469727,23.450000762939453,23.270000457763672,23.450000762939453,15.274303436279297,46800
2018-07-17,23.440000534057617,23.59000015258789,23.40999984741211,23.59000015258789,15.365498542785645,22300
2018-07-18,23.549999237060547,23.690000534057617,23.510000228881836,23.610000610351562,15.378520965576172,26600
2018-07-19,23.579999923706055,23.700000762939453,23.559999465942383,23.670000076293945,15.41760540008545,33100
2018-07-20,23.65999984741211,23.690000534057617,23.520000457763672,23.530000686645508,15.326411247253418,28300
2018-07-23,23.549999237060547,23.579999923706055,23.43000030517578,23.43000030517578,15.261281967163086,17900
2018-07-24,23.510000228881836,23.530000686645508,23.309999465942383,23.309999465942383,15.183111190795898,22700
2018-07-25,23.280000686645508,23.40999984741211,23.270000457763672,23.309999465942383,15.183111190795898,50200
2018-07-26,23.219999313354492,23.31999969482422,23.110000610351562,23.1299991607666,15.065875053405762,96900
2018-07-27,23.209999084472656,23.270000457763672,23.1200008392334,23.170000076293945,15.091925621032715,34000
2018-07-30,23.190000534057617,23.239999771118164,23.110000610351562,23.1299991607666,15.065875053405762,30600
2018-07-31,23.09000015258789,23.200000762939453,23.010000228881836,23.1299991607666,15.065875053405762,39500
2018-08-01,23.15999984741211,23.290000915527344,23.139999389648438,23.25,15.144034385681152,32900
2018-08-02,23.31999969482422,23.350000381469727,23.170000076293945,23.34000015258789,15.202648162841797,22500
2018-08-03,23.260000228881836,23.270000457763672,23.030000686645508,23.229999542236328,15.131009101867676,103200
2018-08-06,23.170000076293945,23.309999465942383,23.15999984741211,23.280000686645508,15.16357707977295,34200
2018-08-07,23.170000076293945,23.420000076293945,23.170000076293945,23.40999984741211,15.248244285583496,62000
2018-08-08,23.43000030517578,23.5,23.329999923706055,23.389999389648438,15.235221862792969,47000
2018-08-09,23.3799991607666,23.399999618530273,23.31999969482422,23.3700008392334,15.222195625305176,30100
2018-08-10,23.399999618530273,23.469999313354492,23.3700008392334,23.399999618530273,15.241735458374023,33900
2018-08-13,23.399999618530273,23.469999313354492,23.3700008392334,23.389999389648438,15.235221862792969,27400
2018-08-14,23.15999984741211,23.219999313354492,23.1299991607666,23.170000076293945,15.180181503295898,45300
2018-08-15,23.139999389648438,23.280000686645508,23.110000610351562,23.280000686645508,15.252264022827148,23400
2018-08-16,23.219999313354492,23.389999389648438,23.219999313354492,23.350000381469727,15.298114776611328,14100
2018-08-17,23.399999618530273,23.43000030517578,23.260000228881836,23.280000686645508,15.252264022827148,17200
2018-08-20,23.229999542236328,23.290000915527344,23.200000762939453,23.200000762939453,15.199843406677246,33300
2018-08-21,23.139999389648438,23.270000457763672,23.139999389648438,23.200000762939453,15.199843406677246,47100
2018-08-22,23.34000015258789,23.389999389648438,23.1200008392334,23.170000076293945,15.180181503295898,36300
2018-08-23,23.200000762939453,23.229999542236328,23.100000381469727,23.100000381469727,15.134325981140137,23700
2018-08-24,23.149999618530273,23.149999618530273,23.100000381469727,23.149999618530273,15.167088508605957,29100
2018-08-27,23.190000534057617,23.190000534057617,23.110000610351562,23.149999618530273,15.167088508605957,19400
2018-08-28,23.1200008392334,23.18000030517578,23.079999923706055,23.079999923706055,15.121221542358398,35000
2018-08-29,23.09000015258789,23.149999618530273,23.079999923706055,23.139999389648438,15.16053581237793,42100
2018-08-30,23.170000076293945,23.239999771118164,23.100000381469727,23.139999389648438,15.16053581237793,75100
2018-08-31,23.1299991607666,23.239999771118164,23.06999969482422,23.239999771118164,15.226052284240723,61300
2018-09-04,23.25,23.260000228881836,23.139999389648438,23.139999389648438,15.16053581237793,53600
2018-09-05,23.190000534057617,23.229999542236328,23.079999923706055,23.079999923706055,15.121221542358398,54300
2018-09-06,23.09000015258789,23.170000076293945,23.09000015258789,23.139999389648438,15.16053581237793,22500
2018-09-07,23.190000534057617,23.270000457763672,23.110000610351562,23.149999618530273,15.167088508605957,32300
2018-09-10,23.149999618530273,23.31999969482422,23.1200008392334,23.239999771118164,15.226052284240723,37600
2018-09-11,23.15999984741211,23.3700008392334,23.149999618530273,23.260000228881836,15.239153861999512,33200
2018-09-12,23.329999923706055,23.389999389648438,23.239999771118164,23.31999969482422,15.278460502624512,34800
2018-09-13,23.25,23.31999969482422,23.100000381469727,23.100000381469727,15.223104476928711,34700
2018-09-14,23.059999465942383,23.270000457763672,23.030000686645508,23.110000610351562,15.229696273803711,35000
2018-09-17,23.170000076293945,23.280000686645508,23.030000686645508,23.09000015258789,15.216516494750977,44500
2018-09-18,23.09000015258789,23.09000015258789,22.969999313354492,23.06999969482422,15.20333480834961,21300
2018-09-19,23.0,23.040000915527344,22.8700008392334,22.899999618530273,15.091300964355469,35800
2018-09-20,22.8700008392334,22.979999542236328,22.8700008392334,22.940000534057617,15.117671966552734,31300
2018-09-21,22.90999984741211,23.06999969482422,22.860000610351562,22.860000610351562,15.064942359924316,41600
2018-09-24,22.8700008392334,22.920000076293945,22.649999618530273,22.75,14.992456436157227,44400
2018-09-25,22.65999984741211,22.790000915527344,22.5,22.559999465942383,14.867239952087402,45000
2018-09-26,22.559999465942383,22.6200008392334,22.440000534057617,22.440000534057617,14.788161277770996,48600
2018-09-27,22.530000686645508,22.6200008392334,22.520000457763672,22.6200008392334,14.906780242919922,43600
2018-09-28,22.59000015258789,22.709999084472656,22.479999542236328,22.700000762939453,14.959502220153809,41000
2018-10-01,22.809999465942383,22.809999465942383,22.329999923706055,22.440000534057617,14.788161277770996,88400
2018-10-02,22.450000762939453,22.690000534057617,22.3700008392334,22.65999984741211,14.933141708374023,76600
2018-10-03,22.600000381469727,22.639999389648438,22.510000228881836,22.549999237060547,14.860651016235352,33900
2018-10-04,22.389999389648438,22.489999771118164,22.049999237060547,22.360000610351562,14.735442161560059,107100
2018-10-05,22.200000762939453,22.239999771118164,21.81999969482422,22.049999237060547,14.531152725219727,149200
2018-10-08,22.0,22.510000228881836,22.0,22.469999313354492,14.80793571472168,97900
2018-10-09,22.270000457763672,22.510000228881836,22.15999984741211,22.299999237060547,14.695908546447754,99000
2018-10-10,22.15999984741211,22.31999969482422,21.90999984741211,22.010000228881836,14.50478744506836,70600
2018-10-11,21.84000015258789,22.209999084472656,21.84000015258789,22.1200008392334,14.577275276184082,88400
2018-10-12,22.020000457763672,22.399999618530273,22.0,22.260000228881836,14.760294914245605,70100
2018-10-15,22.18000030517578,22.25,22.0,22.190000534057617,14.713872909545898,54700
2018-10-16,22.219999313354492,22.290000915527344,22.100000381469727,22.260000228881836,14.760294914245605,89800
2018-10-17,22.229999542236328,22.299999237060547,22.06999969482422,22.079999923706055,14.6409330368042,53000
2018-10-18,21.969999313354492,22.020000457763672,21.579999923706055,21.8700008392334,14.501679420471191,197300
2018-10-19,21.850000381469727,21.920000076293945,21.739999771118164,21.889999389648438,14.51494312286377,118900
2018-10-22,21.950000762939453,22.15999984741211,21.739999771118164,22.15999984741211,14.693982124328613,68900
2018-10-23,22.139999389648438,22.18000030517578,21.920000076293945,22.170000076293945,14.70060920715332,50400
2018-10-24,22.040000915527344,22.31999969482422,21.920000076293945,22.260000228881836,14.760294914245605,79400
2018-10-25,22.149999618530273,22.149999618530273,21.760000228881836,21.940000534057617,14.548099517822266,190800
2018-10-26,21.899999618530273,21.899999618530273,21.690000534057617,21.700000762939453,14.388968467712402,47900
2018-10-29,21.729999542236328,21.899999618530273,21.719999313354492,21.84000015258789,14.481797218322754,43900
2018-10-30,21.84000015258789,21.84000015258789,21.639999389648438,21.770000457763672,14.435384750366211,53500
2018-10-31,21.780000686645508,21.959999084472656,21.780000686645508,21.959999084472656,14.561363220214844,41000
2018-11-01,22.100000381469727,22.190000534057617,21.920000076293945,22.100000381469727,14.654204368591309,57100
2018-11-02,22.100000381469727,22.18000030517578,22.020000457763672,22.18000030517578,14.707243919372559,39900
2018-11-05,22.100000381469727,22.190000534057617,21.8799991607666,21.93000030517578,14.541475296020508,38800
2018-11-06,21.90999984741211,22.0,21.8799991607666,21.8799991607666,14.508316993713379,39900
2018-11-07,21.989999771118164,22.059999465942383,21.90999984741211,22.059999465942383,14.62767219543457,52400
2018-11-08,22.040000915527344,22.15999984741211,21.93000030517578,22.15999984741211,14.693982124328613,104000
2018-11-09,22.049999237060547,22.100000381469727,22.0,22.010000228881836,14.594518661499023,34900
2018-11-12,22.0,22.0,21.75,21.790000915527344,14.448639869689941,43400
2018-11-13,21.780000686645508,21.950000762939453,21.780000686645508,21.940000534057617,14.548099517822266,58900
2018-11-14,21.719999313354492,21.760000228881836,21.579999923706055,21.75,14.512072563171387,66900
2018-11-15,21.65999984741211,21.729999542236328,21.549999237060547,21.719999313354492,14.492055892944336,91800
2018-11-16,21.68000030517578,21.739999771118164,21.520000457763672,21.549999237060547,14.378632545471191,95400
2018-11-19,21.440000534057617,21.530000686645508,20.8799991607666,20.93000030517578,13.964950561523438,211000
2018-11-20,20.739999771118164,20.739999771118164,20.520000457763672,20.690000534057617,13.80481243133545,204000
2018-11-21,20.739999771118164,20.969999313354492,20.719999313354492,20.8799991607666,13.931589126586914,115000
2018-11-23,20.780000686645508,20.8700008392334,20.719999313354492,20.799999237060547,13.878210067749023,23300
2018-11-26,20.940000534057617,21.0,20.790000915527344,20.84000015258789,13.904900550842285,64600
2018-11-27,20.84000015258789,20.899999618530273,20.639999389648438,20.8700008392334,13.924919128417969,168700
2018-11-28,20.829999923706055,21.18000030517578,20.68000030517578,21.18000030517578,14.131756782531738,177700
2018-11-29,21.280000686645508,21.43000030517578,21.200000762939453,21.43000030517578,14.298563003540039,78500
2018-11-30,21.520000457763672,21.59000015258789,21.31999969482422,21.540000915527344,14.371952056884766,104200
2018-12-03,21.600000381469727,21.6299991607666,21.469999313354492,21.510000228881836,14.35194206237793,64900
2018-12-04,21.690000534057617,21.690000534057617,21.049999237060547,21.239999771118164,14.171791076660156,120800
2018-12-06,20.84000015258789,21.010000228881836,20.540000915527344,20.8700008392334,13.924919128417969,131000
2018-12-07,20.84000015258789,20.93000030517578,20.700000762939453,20.93000030517578,13.964950561523438,75500
2018-12-10,20.950000762939453,21.020000457763672,20.59000015258789,20.719999313354492,13.824833869934082,82700
2018-12-11,20.799999237060547,20.829999923706055,20.649999618530273,20.729999542236328,13.831500053405762,77300
2018-12-12,20.68000030517578,20.770000457763672,20.530000686645508,20.540000915527344,13.704730033874512,107700
2018-12-13,20.5,20.520000457763672,20.329999923706055,20.450000762939453,13.735631942749023,113200
2018-12-14,20.450000762939453,20.450000762939453,20.25,20.360000610351562,13.675175666809082,81100
2018-12-17,20.190000534057617,20.280000686645508,20.059999465942383,20.079999923706055,13.487117767333984,149400
2018-12-18,20.030000686645508,20.139999389648438,19.860000610351562,20.0,13.433377265930176,213700
2018-12-19,19.889999389648438,20.020000457763672,19.709999084472656,19.90999984741211,13.372930526733398,144400
2018-12-20,19.690000534057617,19.790000915527344,18.920000076293945,19.309999465942383,12.969927787780762,206500
2018-12-21,19.309999465942383,19.3799991607666,19.0,19.280000686645508,12.949784278869629,138300
2018-12-24,19.049999237060547,19.56999969482422,19.049999237060547,19.530000686645508,13.117697715759277,106700
2018-12-26,19.40999984741211,19.989999771118164,19.40999984741211,19.93000030517578,13.386362075805664,148200
2018-12-27,19.829999923706055,20.149999618530273,19.81999969482422,20.0,13.433377265930176,193400
2018-12-28,19.93000030517578,20.40999984741211,19.93000030517578,20.3799991607666,13.688617706298828,230200
2018-12-31,20.3799991607666,20.469999313354492,20.15999984741211,20.219999313354492,13.581146240234375,194900
2019-01-02,20.100000381469727,20.43000030517578,20.100000381469727,20.3700008392334,13.681897163391113,76000
2019-01-03,20.3700008392334,20.3799991607666,20.209999084472656,20.209999084472656,13.574429512023926,56100
2019-01-04,20.3700008392334,20.75,20.3700008392334,20.719999313354492,13.916979789733887,175700
2019-01-07,20.899999618530273,21.100000381469727,20.790000915527344,21.100000381469727,14.172221183776855,108100
2019-01-08,21.299999237060547,21.399999618530273,21.030000686645508,21.190000534057617,14.23266887664795,69700
2019-01-09,21.31999969482422,21.34000015258789,21.139999389648438,21.309999465942383,14.313268661499023,68500
2019-01-10,21.290000915527344,21.440000534057617,21.25,21.440000534057617,14.40058422088623,60200
2019-01-11,21.440000534057617,21.540000915527344,21.40999984741211,21.459999084472656,14.414011001586914,45000
2019-01-14,21.34000015258789,21.469999313354492,21.270000457763672,21.3700008392334,14.445104598999023,41500
2019-01-15,21.440000534057617,21.549999237060547,21.309999465942383,21.31999969482422,14.411314010620117,48900
2019-01-16,21.329999923706055,21.459999084472656,21.260000228881836,21.360000610351562,14.438353538513184,56100
2019-01-17,21.389999389648438,21.469999313354492,21.3700008392334,21.469999313354492,14.512699127197266,21300
2019-01-18,21.5,21.540000915527344,21.399999618530273,21.420000076293945,14.478907585144043,82300
2019-01-22,21.40999984741211,21.5,21.3799991607666,21.5,14.532986640930176,28600
2019-01-23,21.469999313354492,21.559999465942383,21.420000076293945,21.510000228881836,14.53974723815918,49200
2019-01-24,21.530000686645508,21.68000030517578,21.469999313354492,21.6200008392334,14.614090919494629,52200
2019-01-25,21.700000762939453,21.760000228881836,21.530000686645508,21.75,14.701976776123047,35600
2019-01-28,21.690000534057617,21.899999618530273,21.670000076293945,21.780000686645508,14.722249031066895,65600
2019-01-29,21.75,21.899999618530273,21.719999313354492,21.780000686645508,14.722249031066895,27700
2019-01-30,21.889999389648438,21.969999313354492,21.760000228881836,21.90999984741211,14.810124397277832,87600
2019-01-31,21.93000030517578,22.18000030517578,21.93000030517578,22.110000610351562,14.945313453674316,96500
2019-02-01,22.229999542236328,22.280000686645508,21.950000762939453,21.959999084472656,14.84392261505127,76400
2019-02-04,21.989999771118164,22.1200008392334,21.950000762939453,22.0,14.870963096618652,42400
2019-02-05,22.200000762939453,22.200000762939453,21.959999084472656,21.979999542236328,14.857441902160645,56600
2019-02-06,21.959999084472656,22.149999618530273,21.8700008392334,22.110000610351562,14.945313453674316,80300
2019-02-07,21.979999542236328,22.09000015258789,21.940000534057617,22.030000686645508,14.891239166259766,47100
2019-02-08,22.1200008392334,22.1299991607666,21.899999618530273,22.010000228881836,14.87771987915039,75600
2019-02-11,22.049999237060547,22.170000076293945,22.0,22.1200008392334,14.95207691192627,44700
2019-02-12,22.09000015258789,22.219999313354492,21.959999084472656,22.0,14.870963096618652,89400
2019-02-13,21.979999542236328,22.149999618530273,21.979999542236328,22.010000228881836,14.87771987915039,67600
2019-02-14,21.899999618530273,22.040000915527344,21.84000015258789,21.8799991607666,14.881803512573242,66500
2019-02-15,21.90999984741211,22.010000228881836,21.84000015258789,22.010000228881836,14.970221519470215,44300
2019-02-19,22.100000381469727,22.200000762939453,22.059999465942383,22.1200008392334,15.045042037963867,47800
2019-02-20,22.25,22.299999237060547,22.06999969482422,22.1200008392334,15.045042037963867,51800
2019-02-21,22.1200008392334,22.15999984741211,22.0,22.020000457763672,14.977022171020508,40000
2019-02-22,22.030000686645508,22.229999542236328,22.030000686645508,22.139999389648438,15.058638572692871,47300
2019-02-25,22.270000457763672,22.329999923706055,22.1299991607666,22.149999618530273,15.065446853637695,49400
2019-02-26,22.1299991607666,22.270000457763672,22.1299991607666,22.18000030517578,15.085845947265625,60600
2019-02-27,22.190000534057617,22.440000534057617,22.059999465942383,22.290000915527344,15.160666465759277,67700
2019-02-28,22.450000762939453,22.450000762939453,22.1299991607666,22.25,15.133458137512207,65900
2019-03-01,22.469999313354492,22.469999313354492,22.229999542236328,22.290000915527344,15.160666465759277,61200
2019-03-04,22.399999618530273,22.549999237060547,22.3700008392334,22.549999237060547,15.337501525878906,74300
2019-03-05,22.559999465942383,22.850000381469727,22.520000457763672,22.65999984741211,15.412323951721191,99700
2019-03-06,22.65999984741211,22.65999984741211,22.25,22.34000015258789,15.19467544555664,166900
2019-03-07,22.290000915527344,22.469999313354492,22.209999084472656,22.469999313354492,15.283096313476562,45000
2019-03-08,22.399999618530273,22.68000030517578,22.399999618530273,22.489999771118164,15.296698570251465,90700
2019-03-11,22.489999771118164,22.600000381469727,22.489999771118164,22.579999923706055,15.357917785644531,36000
2019-03-12,22.68000030517578,22.899999618530273,22.6200008392334,22.639999389648438,15.398717880249023,114600
2019-03-13,22.649999618530273,22.690000534057617,22.540000915527344,22.549999237060547,15.337501525878906,54500
2019-03-14,22.469999313354492,22.510000228881836,22.420000076293945,22.469999313354492,15.375824928283691,35100
2019-03-15,22.5,22.5,22.3799991607666,22.420000076293945,15.341614723205566,85800
2019-03-18,22.420000076293945,22.68000030517578,22.389999389648438,22.649999618530273,15.499000549316406,63200
2019-03-19,22.600000381469727,22.6200008392334,22.469999313354492,22.530000686645508,15.416878700256348,41200
2019-03-20,22.450000762939453,22.59000015258789,22.399999618530273,22.549999237060547,15.430571556091309,39700
2019-03-21,22.5,22.700000762939453,22.5,22.68000030517578,15.51952838897705,38000
2019-03-22,22.729999542236328,22.770000457763672,22.68000030517578,22.770000457763672,15.581113815307617,44600
2019-03-25,22.770000457763672,22.81999969482422,22.690000534057617,22.700000762939453,15.533208847045898,50400
2019-03-26,22.739999771118164,22.790000915527344,22.510000228881836,22.540000915527344,15.423725128173828,57600
2019-03-27,22.549999237060547,22.639999389648438,22.489999771118164,22.5,15.39635944366455,57300
2019-03-28,22.530000686645508,22.649999618530273,22.389999389648438,22.389999389648438,15.321085929870605,67100
2019-03-29,22.420000076293945,22.68000030517578,22.420000076293945,22.479999542236328,15.382668495178223,105800
2019-04-01,22.600000381469727,22.68000030517578,22.469999313354492,22.610000610351562,15.471630096435547,78600
2019-04-02,22.68000030517578,22.889999389648438,22.6200008392334,22.780000686645508,15.587958335876465,77500
2019-04-03,22.799999237060547,22.8799991607666,22.75,22.780000686645508,15.587958335876465,52300
2019-04-04,22.8799991607666,22.940000534057617,22.809999465942383,22.93000030517578,15.69059944152832,44500
2019-04-05,22.8799991607666,22.93000030517578,22.610000610351562,22.829999923706055,15.622164726257324,88800
2019-04-08,22.850000381469727,22.90999984741211,22.799999237060547,22.850000381469727,15.635854721069336,67900
2019-04-09,22.8799991607666,23.049999237060547,22.850000381469727,23.049999237060547,15.77270793914795,65100
2019-04-10,23.040000915527344,23.3799991607666,22.989999771118164,23.299999237060547,15.943778038024902,87800
2019-04-11,23.399999618530273,23.75,23.209999084472656,23.649999618530273,16.18328285217285,123800
2019-04-12,23.479999542236328,23.549999237060547,23.110000610351562,23.209999084472656,15.97404956817627,95400
2019-04-15,23.219999313354492,23.290000915527344,23.149999618530273,23.229999542236328,15.987825393676758,54300
2019-04-16,23.190000534057617,23.329999923706055,23.18000030517578,23.290000915527344,16.02911376953125,81300
2019-04-17,23.3700008392334,23.5,23.25,23.31999969482422,16.049760818481445,69400
2019-04-18,23.309999465942383,23.40999984741211,23.299999237060547,23.31999969482422,16.049760818481445,48200
2019-04-22,23.31999969482422,23.3700008392334,23.219999313354492,23.229999542236328,15.987825393676758,38000
2019-04-23,23.260000228881836,23.290000915527344,23.040000915527344,23.100000381469727,15.898346900939941,72800
2019-04-24,23.100000381469727,23.170000076293945,23.06999969482422,23.100000381469727,15.898346900939941,50300
2019-04-25,23.059999465942383,23.15999984741211,23.059999465942383,23.139999389648438,15.925875663757324,61700
2019-04-26,23.049999237060547,23.200000762939453,23.049999237060547,23.170000076293945,15.946525573730469,33700
2019-04-29,23.170000076293945,23.219999313354492,23.149999618530273,23.18000030517578,15.953407287597656,55800
2019-04-30,23.209999084472656,23.290000915527344,23.18000030517578,23.280000686645508,16.022228240966797,65600
2019-05-01,23.360000610351562,23.450000762939453,23.219999313354492,23.399999618530273,16.10481834411621,73600
2019-05-02,23.40999984741211,23.459999084472656,23.329999923706055,23.450000762939453,16.139230728149414,51100
2019-05-03,23.459999084472656,23.700000762939453,23.450000762939453,23.65999984741211,16.28375816345215,52000
2019-05-06,23.559999465942383,23.690000534057617,23.309999465942383,23.670000076293945,16.290645599365234,44300
2019-05-07,23.479999542236328,23.649999618530273,23.350000381469727,23.350000381469727,16.070409774780273,71500
2019-05-08,23.34000015258789,23.520000457763672,23.329999923706055,23.489999771118164,16.166763305664062,71300
2019-05-09,23.25,23.389999389648438,23.1299991607666,23.170000076293945,15.946525573730469,96200
2019-05-10,23.170000076293945,23.450000762939453,23.1299991607666,23.40999984741211,16.11170196533203,66000
2019-05-13,23.270000457763672,23.43000030517578,23.260000228881836,23.3700008392334,16.084177017211914,38500
2019-05-14,23.329999923706055,23.360000610351562,23.209999084472656,23.299999237060547,16.12985610961914,59500
2019-05-15,23.260000228881836,23.280000686645508,23.110000610351562,23.1299991607666,16.012174606323242,69300
2019-05-16,23.1200008392334,23.219999313354492,23.049999237060547,23.100000381469727,15.991411209106445,87800
2019-05-17,23.079999923706055,23.1299991607666,23.059999465942383,23.059999465942383,15.96371078491211,52700
2019-05-20,23.040000915527344,23.059999465942383,22.959999084472656,22.969999313354492,15.901412963867188,41400
2019-05-21,22.950000762939453,23.040000915527344,22.93000030517578,22.969999313354492,15.901412963867188,47600
2019-05-22,23.0,23.239999771118164,23.0,23.040000915527344,15.94987678527832,89300
2019-05-23,23.040000915527344,23.209999084472656,23.020000457763672,23.139999389648438,16.019094467163086,67400
2019-05-24,23.100000381469727,23.219999313354492,23.06999969482422,23.100000381469727,15.991411209106445,30200
2019-05-28,23.18000030517578,23.18000030517578,23.0,23.1200008392334,16.005260467529297,58300
2019-05-29,23.09000015258789,23.190000534057617,23.0,23.030000686645508,15.942949295043945,64200
2019-05-30,23.049999237060547,23.1299991607666,23.020000457763672,23.06999969482422,15.97064208984375,44800
2019-05-31,23.049999237060547,23.06999969482422,22.68000030517578,22.700000762939453,15.714497566223145,61400
2019-06-03,22.81999969482422,22.940000534057617,22.75,22.770000457763672,15.762971878051758,56900
2019-06-04,22.780000686645508,23.18000030517578,22.780000686645508,23.18000030517578,16.04678726196289,74100
2019-06-05,23.18000030517578,23.200000762939453,22.959999084472656,23.1299991607666,16.012174606323242,56300
2019-06-06,23.190000534057617,23.329999923706055,23.1200008392334,23.31999969482422,16.143707275390625,57900
2019-06-07,23.280000686645508,23.43000030517578,23.280000686645508,23.360000610351562,16.171398162841797,32100
2019-06-10,23.34000015258789,23.469999313354492,23.309999465942383,23.3799991607666,16.18524169921875,60800
2019-06-11,23.420000076293945,23.559999465942383,23.3799991607666,23.540000915527344,16.29600715637207,51000
2019-06-12,23.59000015258789,23.639999389648438,23.420000076293945,23.5,16.2683162689209,59800
2019-06-13,23.399999618530273,23.40999984741211,23.34000015258789,23.3700008392334,16.272497177124023,41000
2019-06-14,23.43000030517578,23.43000030517578,23.299999237060547,23.31999969482422,16.237674713134766,33900
2019-06-17,23.399999618530273,23.489999771118164,23.34000015258789,23.43000030517578,16.31427764892578,41800
2019-06-18,23.420000076293945,23.639999389648438,23.420000076293945,23.489999771118164,16.356054306030273,49400
2019-06-19,23.579999923706055,23.6299991607666,23.489999771118164,23.540000915527344,16.390869140625,26000
2019-06-20,23.600000381469727,23.68000030517578,23.459999084472656,23.459999084472656,16.335155487060547,54800
2019-06-21,23.56999969482422,23.579999923706055,23.420000076293945,23.420000076293945,16.307310104370117,32100
2019-06-24,23.489999771118164,23.6200008392334,23.450000762939453,23.489999771118164,16.356054306030273,47700
2019-06-25,23.549999237060547,23.56999969482422,23.350000381469727,23.360000610351562,16.265531539916992,67200
2019-06-26,23.5,23.600000381469727,23.3799991607666,23.489999771118164,16.356054306030273,73400
2019-06-27,23.40999984741211,23.540000915527344,23.40999984741211,23.479999542236328,16.349082946777344,42300
2019-06-28,23.489999771118164,23.75,23.469999313354492,23.68000030517578,16.48834800720215,70600
2019-07-01,23.6200008392334,23.75,23.600000381469727,23.719999313354492,16.51619529724121,88700
2019-07-02,23.709999084472656,23.729999542236328,23.65999984741211,23.670000076293945,16.481380462646484,66500
2019-07-03,23.729999542236328,23.75,23.700000762939453,23.75,16.537092208862305,17200
2019-07-05,23.709999084472656,23.75,23.65999984741211,23.700000762939453,16.502275466918945,21000
2019-07-08,23.75,23.850000381469727,23.709999084472656,23.850000381469727,16.606714248657227,56400
2019-07-09,23.84000015258789,23.920000076293945,23.790000915527344,23.899999618530273,16.641536712646484,44100
2019-07-10,23.93000030517578,23.93000030517578,23.850000381469727,23.8700008392334,16.62064552307129,58200
2019-07-11,23.93000030517578,24.0,23.860000610351562,23.920000076293945,16.65546417236328,55400
2019-07-12,23.8700008392334,23.8700008392334,23.700000762939453,23.729999542236328,16.617637634277344,48800
2019-07-15,23.700000762939453,23.8799991607666,23.690000534057617,23.690000534057617,16.589632034301758,47200
2019-07-16,23.739999771118164,23.829999923706055,23.719999313354492,23.75,16.63165283203125,59100
2019-07-17,23.780000686645508,23.850000381469727,23.75,23.809999465942383,16.67366600036621,33500
2019-07-18,23.84000015258789,23.84000015258789,23.719999313354492,23.770000457763672,16.645654678344727,43500
2019-07-19,23.780000686645508,23.81999969482422,23.729999542236328,23.739999771118164,16.624645233154297,29000
2019-07-22,23.799999237060547,23.8799991607666,23.780000686645508,23.81999969482422,16.680667877197266,41800
2019-07-23,23.81999969482422,23.979999542236328,23.81999969482422,23.969999313354492,16.78570556640625,71400
2019-07-24,23.979999542236328,24.15999984741211,23.959999084472656,24.15999984741211,16.918758392333984,88700
2019-07-25,24.15999984741211,24.18000030517578,24.0,24.079999923706055,16.86274528503418,48100
2019-07-26,24.1200008392334,24.18000030517578,24.079999923706055,24.18000030517578,16.932767868041992,44900
2019-07-29,24.1299991607666,24.200000762939453,24.09000015258789,24.190000534057617,16.939769744873047,35500
2019-07-30,24.149999618530273,24.290000915527344,24.1200008392334,24.1200008392334,16.8907527923584,86200
2019-07-31,24.290000915527344,24.31999969482422,24.139999389648438,24.270000457763672,16.995792388916016,51800
2019-08-01,24.270000457763672,24.540000915527344,24.139999389648438,24.360000610351562,17.058815002441406,70400
2019-08-02,24.420000076293945,24.459999084472656,24.309999465942383,24.3700008392334,17.065818786621094,69900
2019-08-05,24.309999465942383,24.360000610351562,23.649999618530273,23.719999313354492,16.610637664794922,84900
2019-08-06,23.760000228881836,23.93000030517578,23.760000228881836,23.81999969482422,16.680667877197266,29700
2019-08-07,23.6299991607666,23.989999771118164,23.559999465942383,23.959999084472656,16.778705596923828,34700
2019-08-08,24.030000686645508,24.5,24.030000686645508,24.5,17.1568603515625,17900
2019-08-09,24.350000381469727,24.479999542236328,24.290000915527344,24.399999618530273,17.086837768554688,16600
2019-08-12,24.5,24.6200008392334,24.200000762939453,24.209999084472656,16.953777313232422,38400
2019-08-13,24.3799991607666,24.489999771118164,24.0,24.15999984741211,16.918758392333984,50600
2019-08-14,23.969999313354492,24.030000686645508,23.760000228881836,23.84000015258789,16.789186477661133,41400
2019-08-15,23.969999313354492,24.010000228881836,23.770000457763672,23.889999389648438,16.82439422607422,25100
2019-08-16,23.799999237060547,24.270000457763672,23.799999237060547,24.149999618530273,17.007497787475586,43900
2019-08-19,24.229999542236328,24.530000686645508,23.959999084472656,24.3799991607666,17.16947364807129,79500
2019-08-20,24.450000762939453,24.5,24.270000457763672,24.3799991607666,17.16947364807129,44200
2019-08-21,24.34000015258789,24.3799991607666,24.270000457763672,24.31999969482422,17.127214431762695,33700
2019-08-22,24.40999984741211,24.489999771118164,24.229999542236328,24.239999771118164,17.07088851928711,24800
2019-08-23,24.270000457763672,24.290000915527344,24.15999984741211,24.200000762939453,17.04271125793457,52900
2019-08-26,24.280000686645508,24.309999465942383,24.06999969482422,24.100000381469727,16.9722843170166,60400
2019-08-27,24.1200008392334,24.270000457763672,24.100000381469727,24.15999984741211,17.014545440673828,40200
2019-08-28,24.18000030517578,24.200000762939453,24.0,24.06999969482422,16.951154708862305,53800
2019-08-29,24.049999237060547,24.1200008392334,24.020000457763672,24.06999969482422,16.951154708862305,50700
2019-08-30,24.100000381469727,24.15999984741211,24.040000915527344,24.139999389648438,17.000455856323242,30900
2019-09-03,24.219999313354492,24.309999465942383,24.15999984741211,24.290000915527344,17.106094360351562,56400
2019-09-04,24.350000381469727,24.350000381469727,24.280000686645508,24.280000686645508,17.09905433654785,72900
2019-09-05,24.34000015258789,24.520000457763672,24.290000915527344,24.5,17.253986358642578,49400
2019-09-06,24.510000228881836,24.56999969482422,24.399999618530273,24.459999084472656,17.22581672668457,39200
2019-09-09,24.459999084472656,24.639999389648438,24.219999313354492,24.3799991607666,17.16947364807129,98000
2019-09-10,24.389999389648438,24.649999618530273,24.3700008392334,24.6200008392334,17.338491439819336,57900
2019-09-11,24.639999389648438,24.75,24.540000915527344,24.75,17.43004035949707,39100
2019-09-12,24.690000534057617,24.790000915527344,24.59000015258789,24.729999542236328,17.512191772460938,53400
2019-09-13,24.790000915527344,24.850000381469727,24.5,24.549999237060547,17.384719848632812,68000
2019-09-16,24.649999618530273,24.770000457763672,24.56999969482422,24.760000228881836,17.533432006835938,50300
2019-09-17,24.790000915527344,24.790000915527344,24.729999542236328,24.75,17.526342391967773,36900
2019-09-18,24.770000457763672,24.889999389648438,24.530000686645508,24.56999969482422,17.398883819580078,67000
2019-09-19,24.56999969482422,24.760000228881836,24.56999969482422,24.600000381469727,17.420127868652344,46900
2019-09-20,24.700000762939453,24.700000762939453,24.479999542236328,24.559999465942383,17.391807556152344,53500
2019-09-23,24.6200008392334,24.760000228881836,24.579999923706055,24.649999618530273,17.455535888671875,35000
2019-09-24,24.65999984741211,24.760000228881836,24.59000015258789,24.639999389648438,17.44845962524414,29000
2019-09-25,24.56999969482422,24.719999313354492,24.530000686645508,24.690000534057617,17.483871459960938,47700
2019-09-26,24.75,24.75,24.6200008392334,24.690000534057617,17.483871459960938,27700
2019-09-27,24.729999542236328,24.860000610351562,24.709999084472656,24.790000915527344,17.5546817779541,25700
2019-09-30,24.790000915527344,24.889999389648438,24.729999542236328,24.729999542236328,17.512191772460938,75700
2019-10-01,24.790000915527344,24.889999389648438,24.600000381469727,24.6299991607666,17.441370010375977,70900
2019-10-02,24.799999237060547,24.8700008392334,24.31999969482422,24.65999984741211,17.462623596191406,79200
2019-10-03,24.700000762939453,24.84000015258789,24.450000762939453,24.6200008392334,17.434295654296875,32200
2019-10-04,24.700000762939453,24.729999542236328,24.610000610351562,24.690000534057617,17.483871459960938,20900
2019-10-07,24.690000534057617,24.84000015258789,24.389999389648438,24.799999237060547,17.56175422668457,103900
2019-10-08,24.860000610351562,24.8799991607666,24.600000381469727,24.799999237060547,17.56175422668457,60400
2019-10-09,24.950000762939453,24.950000762939453,24.610000610351562,24.65999984741211,17.462623596191406,66000
2019-10-10,24.6200008392334,24.700000762939453,24.440000534057617,24.440000534057617,17.30683135986328,68100
2019-10-11,24.40999984741211,24.520000457763672,24.40999984741211,24.459999084472656,17.417917251586914,37300
2019-10-14,24.559999465942383,24.56999969482422,24.3700008392334,24.540000915527344,17.474884033203125,53000
2019-10-15,24.540000915527344,24.68000030517578,24.540000915527344,24.6299991607666,17.538972854614258,27600
2019-10-16,24.68000030517578,24.959999084472656,24.639999389648438,24.950000762939453,17.766849517822266,57100
2019-10-17,24.979999542236328,25.170000076293945,24.90999984741211,25.170000076293945,17.923507690429688,62300
2019-10-18,25.170000076293945,25.290000915527344,25.0,25.110000610351562,17.880783081054688,57800
2019-10-21,25.110000610351562,25.25,25.059999465942383,25.15999984741211,17.916383743286133,62200
2019-10-22,25.360000610351562,25.360000610351562,24.93000030517578,25.270000457763672,17.99472427368164,125500
2019-10-23,25.15999984741211,25.440000534057617,25.010000228881836,25.34000015258789,18.04456329345703,81600
2019-10-24,25.360000610351562,25.440000534057617,25.1200008392334,25.309999465942383,18.023202896118164,37400
2019-10-25,25.350000381469727,25.399999618530273,25.239999771118164,25.270000457763672,17.99472427368164,43600
2019-10-28,25.309999465942383,25.3799991607666,24.84000015258789,24.959999084472656,17.77396583557129,83000
2019-10-29,24.850000381469727,25.040000915527344,24.639999389648438,24.760000228881836,17.631542205810547,114000
2019-10-30,24.709999084472656,24.979999542236328,24.709999084472656,24.899999618530273,17.731239318847656,76100
2019-10-31,24.940000534057617,24.989999771118164,24.760000228881836,24.989999771118164,17.795330047607422,67100
2019-11-01,24.989999771118164,25.15999984741211,24.93000030517578,25.09000015258789,17.866535186767578,50800
2019-11-04,25.110000610351562,25.469999313354492,25.030000686645508,25.469999313354492,18.13713264465332,44500
2019-11-05,25.420000076293945,25.68000030517578,25.239999771118164,25.239999771118164,17.973350524902344,76800
2019-11-06,25.34000015258789,25.3799991607666,25.1299991607666,25.190000534057617,17.937744140625,31000
2019-11-07,25.18000030517578,25.190000534057617,24.84000015258789,24.850000381469727,17.69562530517578,52700
2019-11-08,24.84000015258789,25.020000457763672,24.84000015258789,24.940000534057617,17.75972557067871,33400
2019-11-11,25.0,25.030000686645508,24.940000534057617,25.0,17.80245018005371,31900
2019-11-12,24.950000762939453,25.040000915527344,24.8700008392334,24.889999389648438,17.7241153717041,54700
2019-11-13,24.8700008392334,24.959999084472656,24.84000015258789,24.8799991607666,17.716999053955078,62500
2019-11-14,24.790000915527344,24.81999969482422,24.670000076293945,24.75,17.721288681030273,76700
2019-11-15,24.719999313354492,24.780000686645508,24.690000534057617,24.729999542236328,17.706972122192383,29700
2019-11-18,24.770000457763672,24.93000030517578,24.770000457763672,24.8799991607666,17.81437110900879,35700
2019-11-19,24.940000534057617,24.959999084472656,24.760000228881836,24.850000381469727,17.792890548706055,38400
2019-11-20,24.8799991607666,24.959999084472656,24.8700008392334,24.899999618530273,17.828691482543945,34400
2019-11-21,25.020000457763672,25.020000457763672,24.850000381469727,24.920000076293945,17.843015670776367,33300
2019-11-22,25.0,25.020000457763672,24.93000030517578,24.950000762939453,17.864498138427734,41000
2019-11-25,25.020000457763672,25.09000015258789,24.979999542236328,25.049999237060547,17.936092376708984,13000
2019-11-26,25.059999465942383,25.1299991607666,24.979999542236328,25.049999237060547,17.936092376708984,40200
2019-11-27,25.079999923706055,25.290000915527344,25.059999465942383,25.200000762939453,18.043502807617188,37000
2019-11-29,25.299999237060547,25.329999923706055,25.219999313354492,25.329999923706055,18.136577606201172,14300
2019-12-02,25.399999618530273,25.5,25.239999771118164,25.5,18.258302688598633,40700
2019-12-03,25.399999618530273,25.649999618530273,25.239999771118164,25.510000228881836,18.265464782714844,97600
2019-12-04,25.489999771118164,25.510000228881836,25.25,25.479999542236328,18.24398422241211,47300
2019-12-05,25.530000686645508,25.530000686645508,25.030000686645508,25.139999389648438,18.000537872314453,95000
2019-12-06,25.170000076293945,25.170000076293945,24.920000076293945,24.969999313354492,17.878808975219727,103500
2019-12-09,24.969999313354492,25.100000381469727,24.899999618530273,24.940000534057617,17.85733413696289,67600
2019-12-10,24.950000762939453,25.010000228881836,24.850000381469727,24.850000381469727,17.792890548706055,35500
2019-12-11,24.860000610351562,25.06999969482422,24.829999923706055,25.059999465942383,17.94325828552246,62700
2019-12-12,24.979999542236328,25.139999389648438,24.979999542236328,25.139999389648438,18.0987606048584,34500
2019-12-13,25.139999389648438,25.15999984741211,25.010000228881836,25.1299991607666,18.091556549072266,36300
2019-12-16,25.219999313354492,25.5,25.18000030517578,25.489999771118164,18.35072898864746,54600
2019-12-17,25.540000915527344,25.559999465942383,25.239999771118164,25.280000686645508,18.19954490661621,59200
2019-12-18,25.260000228881836,25.530000686645508,25.219999313354492,25.450000762939453,18.321929931640625,62200
2019-12-19,25.530000686645508,25.540000915527344,25.43000030517578,25.530000686645508,18.37952423095703,56000
2019-12-20,25.489999771118164,25.530000686645508,25.43000030517578,25.530000686645508,18.37952423095703,35900
2019-12-23,25.56999969482422,25.56999969482422,25.290000915527344,25.469999313354492,18.336332321166992,58100
2019-12-24,25.5,25.530000686645508,25.479999542236328,25.510000228881836,18.365137100219727,13300
2019-12-26,25.479999542236328,25.56999969482422,25.469999313354492,25.5,18.357929229736328,37300
2019-12-27,25.5,25.56999969482422,25.459999084472656,25.559999465942383,18.40113067626953,52500
2019-12-30,25.549999237060547,25.600000381469727,25.479999542236328,25.549999237060547,18.393924713134766,56800
2019-12-31,25.579999923706055,25.829999923706055,25.549999237060547,25.809999465942383,18.581106185913086,44200
2020-01-02,25.670000076293945,25.81999969482422,25.649999618530273,25.809999465942383,18.581106185913086,50100
2020-01-03,25.809999465942383,25.93000030517578,25.709999084472656,25.8700008392334,18.62430191040039,31800
2020-01-06,25.850000381469727,25.8799991607666,25.709999084472656,25.739999771118164,18.530710220336914,89200
2020-01-07,25.809999465942383,25.809999465942383,25.600000381469727,25.729999542236328,18.523508071899414,64200
2020-01-08,25.790000915527344,25.899999618530273,25.75,25.84000015258789,18.602705001831055,34000
2020-01-09,25.889999389648438,25.889999389648438,25.739999771118164,25.780000686645508,18.559507369995117,55000
2020-01-10,25.799999237060547,25.889999389648438,25.65999984741211,25.709999084472656,18.509111404418945,84500
2020-01-13,25.709999084472656,25.940000534057617,25.600000381469727,25.940000534057617,18.674701690673828,75100
2020-01-14,25.809999465942383,25.809999465942383,25.479999542236328,25.65999984741211,18.570484161376953,99800
2020-01-15,25.6200008392334,25.700000762939453,25.579999923706055,25.59000015258789,18.519821166992188,34400
2020-01-16,25.579999923706055,25.670000076293945,25.579999923706055,25.600000381469727,18.527053833007812,55000
2020-01-17,25.6200008392334,25.719999313354492,25.6200008392334,25.6200008392334,18.541536331176758,33200
2020-01-21,25.670000076293945,25.709999084472656,25.65999984741211,25.670000076293945,18.57772445678711,46500
2020-01-22,25.670000076293945,25.81999969482422,25.670000076293945,25.799999237060547,18.67179298400879,35800
2020-01-23,25.790000915527344,25.850000381469727,25.719999313354492,25.790000915527344,18.664567947387695,38100
2020-01-24,25.829999923706055,25.8799991607666,25.729999542236328,25.790000915527344,18.664567947387695,17800
2020-01-27,25.75,25.850000381469727,25.700000762939453,25.850000381469727,18.70798110961914,48000
2020-01-28,25.799999237060547,26.09000015258789,25.760000228881836,26.09000015258789,18.88167953491211,47300
2020-01-29,26.149999618530273,26.280000686645508,26.149999618530273,26.190000534057617,18.954044342041016,36800
2020-01-30,26.209999084472656,26.260000228881836,25.989999771118164,26.09000015258789,18.88167953491211,46300
2020-01-31,26.049999237060547,26.229999542236328,25.93000030517578,26.020000457763672,18.831018447875977,49000
2020-02-03,26.149999618530273,26.200000762939453,25.969999313354492,26.190000534057617,18.954044342041016,53400
2020-02-04,26.239999771118164,26.260000228881836,26.049999237060547,26.06999969482422,18.867210388183594,43600
2020-02-05,26.06999969482422,26.100000381469727,25.969999313354492,26.049999237060547,18.852718353271484,54100
2020-02-06,26.059999465942383,26.290000915527344,26.020000457763672,26.25,18.997478485107422,45300
2020-02-07,26.25,26.290000915527344,26.15999984741211,26.290000915527344,19.02641487121582,33500
2020-02-10,26.31999969482422,26.459999084472656,26.31999969482422,26.3799991607666,19.091552734375,34900
2020-02-11,26.34000015258789,26.450000762939453,26.280000686645508,26.299999237060547,19.033658981323242,70100
2020-02-12,26.31999969482422,26.40999984741211,26.309999465942383,26.3700008392334,19.084320068359375,40500
2020-02-13,26.260000228881836,26.309999465942383,26.149999618530273,26.280000686645508,19.11778450012207,49500
2020-02-14,26.270000457763672,26.459999084472656,26.200000762939453,26.459999084472656,19.248720169067383,35900
2020-02-18,26.43000030517578,26.450000762939453,26.329999923706055,26.399999618530273,19.205076217651367,34100
2020-02-19,26.389999389648438,26.389999389648438,26.270000457763672,26.31999969482422,19.146881103515625,41700
2020-02-20,26.31999969482422,26.3700008392334,26.15999984741211,26.229999542236328,19.081403732299805,71500
2020-02-21,26.270000457763672,26.270000457763672,26.110000610351562,26.15999984741211,19.030488967895508,47100
2020-02-24,26.040000915527344,26.100000381469727,25.610000610351562,25.670000076293945,18.67403221130371,69200
2020-02-25,25.670000076293945,25.690000534057617,24.469999313354492,24.65999984741211,17.939287185668945,218600
2020-02-26,24.649999618530273,24.959999084472656,24.6299991607666,24.780000686645508,18.02658462524414,87500
2020-02-27,24.59000015258789,24.600000381469727,23.229999542236328,23.729999542236328,17.262744903564453,283400
2020-02-28,23.219999313354492,23.540000915527344,22.600000381469727,23.280000686645508,16.935379028320312,187400
2020-03-02,23.489999771118164,24.290000915527344,23.459999084472656,24.020000457763672,17.473716735839844,231100
2020-03-03,24.110000610351562,24.329999923706055,23.729999542236328,23.780000686645508,17.299116134643555,233300
2020-03-04,24.059999465942383,24.6299991607666,24.020000457763672,24.56999969482422,17.873811721801758,147900
2020-03-05,24.350000381469727,24.479999542236328,24.09000015258789,24.270000457763672,17.655574798583984,145400
2020-03-06,23.920000076293945,24.239999771118164,23.639999389648438,24.239999771118164,17.63375473022461,131000
2020-03-09,23.3700008392334,23.979999542236328,22.670000076293945,22.979999542236328,16.71714210510254,175300
2020-03-10,23.600000381469727,23.600000381469727,22.809999465942383,22.940000534057617,16.68804359436035,87600
2020-03-11,22.75,22.899999618530273,21.649999618530273,21.84000015258789,15.887840270996094,257900
2020-03-12,18.200000762939453,20.139999389648438,17.219999313354492,19.020000457763672,13.923084259033203,412800
2020-03-13,19.68000030517578,20.899999618530273,19.540000915527344,20.559999465942383,15.050400733947754,173900
2020-03-16,17.5,19.350000381469727,17.260000228881836,18.799999237060547,13.762038230895996,236900
2020-03-17,18.75,20.68000030517578,18.260000228881836,18.299999237060547,13.396028518676758,218500
2020-03-18,17.700000762939453,17.700000762939453,12.510000228881836,14.039999961853027,10.277607917785645,403600
2020-03-19,13.40999984741211,15.989999771118164,12.289999961853027,15.149999618530273,11.090153694152832,220200
2020-03-20,15.470000267028809,16.309999465942383,15.199999809265137,15.260000228881836,11.170680046081543,156400
2020-03-23,14.5600004196167,14.960000038146973,12.8100004196167,14.229999542236328,10.416694641113281,263600
2020-03-24,14.989999771118164,16.270000457763672,14.739999771118164,15.949999809265137,11.675773620605469,188400
2020-03-25,16.09000015258789,17.989999771118164,16.079999923706055,17.260000228881836,12.634722709655762,259300
2020-03-26,17.940000534057617,18.84000015258789,17.6299991607666,17.889999389648438,13.095893859863281,151000
2020-03-27,17.799999237060547,18.479999542236328,17.559999465942383,17.850000381469727,13.066617965698242,141000
2020-03-30,17.760000228881836,18.5,17.399999618530273,18.329999923706055,13.417989730834961,154900
2020-03-31,18.530000686645508,18.530000686645508,17.860000610351562,18.200000762939453,13.322827339172363,114800
2020-04-01,17.90999984741211,17.920000076293945,16.510000228881836,16.829999923706055,12.319954872131348,112000
2020-04-02,16.690000534057617,17.489999771118164,16.559999465942383,17.049999237060547,12.480997085571289,106500
2020-04-03,17.030000686645508,17.309999465942383,16.729999542236328,16.84000015258789,12.327271461486816,84100
2020-04-06,17.280000686645508,17.969999313354492,16.780000686645508,17.25,12.62740707397461,182500
2020-04-07,18.0,18.350000381469727,17.530000686645508,17.959999084472656,13.147138595581055,194900
2020-04-08,18.200000762939453,19.139999389648438,18.1200008392334,19.040000915527344,13.937726020812988,100700
2020-04-09,19.34000015258789,20.149999618530273,19.229999542236328,19.90999984741211,14.5745849609375,179800
2020-04-13,19.989999771118164,19.989999771118164,18.6299991607666,19.889999389648438,14.559944152832031,209300
2020-04-14,19.950000762939453,20.270000457763672,19.860000610351562,20.030000686645508,14.759644508361816,111000
2020-04-15,19.84000015258789,20.190000534057617,19.34000015258789,20.139999389648438,14.84070110321045,77400
2020-04-16,20.299999237060547,20.299999237060547,19.790000915527344,19.8700008392334,14.641741752624512,23000
2020-04-17,20.06999969482422,20.100000381469727,19.889999389648438,20.049999237060547,14.77437973022461,47200
2020-04-20,19.799999237060547,20.09000015258789,19.389999389648438,19.450000762939453,14.332252502441406,78700
2020-04-21,19.309999465942383,19.450000762939453,18.969999313354492,19.0,14.000653266906738,31900
2020-04-22,19.0,19.299999237060547,18.959999084472656,19.15999984741211,14.118558883666992,78900
2020-04-23,19.450000762939453,19.65999984741211,19.270000457763672,19.649999618530273,14.479625701904297,122100
2020-04-24,19.93000030517578,20.0,19.600000381469727,19.979999542236328,14.722793579101562,60600
2020-04-27,20.329999923706055,20.40999984741211,20.020000457763672,20.25,14.921748161315918,53600
2020-04-28,20.549999237060547,20.65999984741211,20.1200008392334,20.15999984741211,14.85543441772461,63500
2020-04-29,20.489999771118164,20.690000534057617,20.360000610351562,20.6200008392334,15.194392204284668,89400
2020-04-30,20.399999618530273,20.6299991607666,20.200000762939453,20.6299991607666,15.201766967773438,48300
2020-05-01,20.43000030517578,20.559999465942383,20.1299991607666,20.290000915527344,14.951229095458984,67200
2020-05-04,20.200000762939453,20.200000762939453,20.0,20.020000457763672,14.752263069152832,44200
2020-05-05,20.059999465942383,20.270000457763672,20.059999465942383,20.229999542236328,14.907014846801758,47100
2020-05-06,20.239999771118164,20.350000381469727,20.09000015258789,20.09000015258789,14.803853034973145,36400
2020-05-07,20.329999923706055,20.34000015258789,20.18000030517578,20.219999313354492,14.89964485168457,35000
2020-05-08,20.440000534057617,20.440000534057617,20.200000762939453,20.420000076293945,15.047021865844727,69900
2020-05-11,20.40999984741211,20.68000030517578,20.209999084472656,20.549999237060547,15.142814636230469,25300
2020-05-12,20.719999313354492,20.719999313354492,20.239999771118164,20.479999542236328,15.091228485107422,56300
2020-05-13,20.399999618530273,20.469999313354492,19.6200008392334,19.68000030517578,14.501731872558594,109000
2020-05-14,19.479999542236328,19.510000228881836,18.8799991607666,19.239999771118164,14.272509574890137,70700
2020-05-15,19.25,19.770000457763672,19.219999313354492,19.75,14.650833129882812,32400
2020-05-18,19.90999984741211,20.079999923706055,19.8700008392334,20.049999237060547,14.873384475708008,54000
2020-05-19,19.920000076293945,20.06999969482422,19.65999984741211,19.770000457763672,14.665672302246094,56600
2020-05-20,19.889999389648438,20.09000015258789,19.799999237060547,20.0,14.836289405822754,65700
2020-05-21,19.8799991607666,20.170000076293945,19.8799991607666,20.1299991607666,14.932727813720703,17900
2020-05-22,20.229999542236328,20.25,20.1299991607666,20.229999542236328,15.006909370422363,26800
2020-05-26,20.489999771118164,20.649999618530273,20.31999969482422,20.6299991607666,15.303634643554688,49400
2020-05-27,20.549999237060547,20.700000762939453,20.350000381469727,20.639999389648438,15.311046600341797,54300
2020-05-28,20.8799991607666,20.950000762939453,20.719999313354492,20.8799991607666,15.48908805847168,56700
2020-05-29,20.790000915527344,21.170000076293945,20.790000915527344,21.09000015258789,15.644872665405273,31000
2020-06-01,21.290000915527344,21.420000076293945,21.100000381469727,21.329999923706055,15.822905540466309,44700
2020-06-02,21.469999313354492,21.479999542236328,21.219999313354492,21.299999237060547,15.800646781921387,59400
2020-06-03,21.479999542236328,21.56999969482422,21.200000762939453,21.229999542236328,15.7487211227417,89300
2020-06-04,21.170000076293945,21.360000610351562,21.15999984741211,21.360000610351562,15.845157623291016,33500
2020-06-05,21.59000015258789,21.6299991607666,21.3700008392334,21.43000030517578,15.897079467773438,52900
2020-06-08,21.690000534057617,21.75,21.559999465942383,21.729999542236328,16.1196346282959,46400
2020-06-09,21.75,21.850000381469727,21.6299991607666,21.739999771118164,16.12704849243164,53200
2020-06-10,21.8799991607666,21.8799991607666,21.56999969482422,21.6299991607666,16.045446395874023,39800
2020-06-11,21.25,21.299999237060547,20.469999313354492,20.6200008392334,15.296212196350098,84000
2020-06-12,20.729999542236328,20.950000762939453,20.520000457763672,20.649999618530273,15.416411399841309,67000
2020-06-15,20.399999618530273,20.670000076293945,20.200000762939453,20.540000915527344,15.334293365478516,44600
2020-06-16,20.84000015258789,21.049999237060547,20.75,20.850000381469727,15.565723419189453,80700
2020-06-17,20.950000762939453,21.139999389648438,20.84000015258789,20.989999771118164,15.67024040222168,54800
2020-06-18,21.0,21.0,20.799999237060547,20.81999969482422,15.543330192565918,30800
2020-06-19,21.020000457763672,21.020000457763672,20.799999237060547,20.860000610351562,15.573190689086914,45400
2020-06-22,21.06999969482422,22.049999237060547,20.950000762939453,22.0,16.42426300048828,359700
2020-06-23,22.219999313354492,22.469999313354492,22.049999237060547,22.329999923706055,16.670629501342773,271400
2020-06-24,22.270000457763672,22.40999984741211,21.950000762939453,22.190000534057617,16.566116333007812,112200
2020-06-25,22.18000030517578,22.40999984741211,22.030000686645508,22.219999313354492,16.588504791259766,94100
2020-06-26,22.219999313354492,22.219999313354492,21.860000610351562,21.959999084472656,16.39440155029297,76300
2020-06-29,21.959999084472656,22.450000762939453,21.920000076293945,22.40999984741211,16.73036003112793,70500
2020-06-30,22.489999771118164,22.959999084472656,22.489999771118164,22.649999618530273,16.909526824951172,118500
2020-07-01,22.829999923706055,23.049999237060547,22.739999771118164,22.950000762939453,17.133493423461914,139300
2020-07-02,23.100000381469727,23.15999984741211,22.84000015258789,22.920000076293945,17.111093521118164,100700
2020-07-06,22.979999542236328,23.31999969482422,22.780000686645508,23.15999984741211,17.290273666381836,128300
2020-07-07,23.079999923706055,23.1299991607666,22.889999389648438,22.899999618530273,17.09617042541504,99300
2020-07-08,23.010000228881836,23.15999984741211,22.530000686645508,22.59000015258789,16.864727020263672,114300
2020-07-09,22.709999084472656,22.709999084472656,21.90999984741211,21.989999771118164,16.416797637939453,178400
2020-07-10,21.950000762939453,21.959999084472656,21.450000762939453,21.489999771118164,16.04351806640625,143700
2020-07-13,21.530000686645508,21.6299991607666,21.450000762939453,21.450000762939453,16.013660430908203,122500
2020-07-14,21.280000686645508,21.520000457763672,21.25,21.520000457763672,16.164640426635742,69900
2020-07-15,21.540000915527344,21.579999923706055,21.34000015258789,21.489999771118164,16.142101287841797,57300
2020-07-16,21.459999084472656,21.559999465942383,21.280000686645508,21.559999465942383,16.19468116760254,48800
2020-07-17,21.549999237060547,21.639999389648438,21.329999923706055,21.329999923706055,16.02191734313965,52700
2020-07-20,21.309999465942383,21.610000610351562,21.309999465942383,21.5,16.149620056152344,30400
2020-07-21,21.649999618530273,21.809999465942383,21.469999313354492,21.520000457763672,16.164640426635742,161700
2020-07-22,21.610000610351562,21.68000030517578,21.469999313354492,21.510000228881836,16.15712547302246,131200
2020-07-23,21.5,21.639999389648438,21.5,21.6299991607666,16.247264862060547,64400
2020-07-24,21.649999618530273,21.75,21.559999465942383,21.68000030517578,16.284818649291992,54200
2020-07-27,21.760000228881836,21.8799991607666,21.719999313354492,21.790000915527344,16.367448806762695,43100
2020-07-28,21.84000015258789,22.0,21.809999465942383,21.969999313354492,16.502655029296875,35800
2020-07-29,22.020000457763672,22.1200008392334,21.8700008392334,22.1200008392334,16.615327835083008,33100
2020-07-30,22.0,22.239999771118164,21.979999542236328,22.139999389648438,16.63035011291504,36500
2020-07-31,22.110000610351562,22.200000762939453,22.020000457763672,22.200000762939453,16.67542266845703,15200
2020-08-03,22.3799991607666,22.3799991607666,22.15999984741211,22.270000457763672,16.727994918823242,39300
2020-08-04,22.299999237060547,22.299999237060547,22.170000076293945,22.200000762939453,16.67542266845703,52800
2020-08-05,22.239999771118164,22.25,22.1299991607666,22.190000534057617,16.667905807495117,48900
2020-08-06,22.18000030517578,22.350000381469727,22.170000076293945,22.309999465942383,16.758039474487305,59300
2020-08-07,22.3799991607666,22.43000030517578,22.290000915527344,22.40999984741211,16.833158493041992,62400
2020-08-10,22.3700008392334,22.559999465942383,22.31999969482422,22.559999465942383,16.94582748413086,63900
2020-08-11,22.68000030517578,22.68000030517578,22.43000030517578,22.440000534057617,16.855688095092773,81200
2020-08-12,22.440000534057617,22.639999389648438,22.440000534057617,22.559999465942383,16.94582748413086,29700
2020-08-13,22.489999771118164,22.56999969482422,22.420000076293945,22.479999542236328,16.9843692779541,53100
2020-08-14,22.579999923706055,22.649999618530273,22.389999389648438,22.549999237060547,17.037250518798828,58000
2020-08-17,22.600000381469727,22.639999389648438,22.360000610351562,22.389999389648438,16.916358947753906,36600
2020-08-18,22.329999923706055,22.450000762939453,22.31999969482422,22.40999984741211,16.931476593017578,33700
2020-08-19,22.469999313354492,22.510000228881836,22.260000228881836,22.3799991607666,16.908802032470703,55900
2020-08-20,22.3700008392334,22.489999771118164,22.290000915527344,22.469999313354492,16.976804733276367,33900
2020-08-21,22.479999542236328,22.75,22.479999542236328,22.719999313354492,17.16568374633789,58300
2020-08-24,22.739999771118164,22.770000457763672,22.600000381469727,22.6200008392334,17.09013557434082,33400
2020-08-25,22.59000015258789,22.739999771118164,22.59000015258789,22.700000762939453,17.15058135986328,34000
2020-08-26,22.579999923706055,22.719999313354492,22.579999923706055,22.68000030517578,17.135465621948242,31000
2020-08-27,22.75,22.75,22.6200008392334,22.68000030517578,17.135465621948242,44800
2020-08-28,22.690000534057617,22.8700008392334,22.690000534057617,22.809999465942383,17.233680725097656,29200
2020-08-31,22.75,22.850000381469727,22.6200008392334,22.68000030517578,17.135465621948242,36800
2020-09-01,22.860000610351562,22.889999389648438,22.719999313354492,22.790000915527344,17.218576431274414,46400
2020-09-02,22.8799991607666,23.049999237060547,22.850000381469727,23.049999237060547,17.415014266967773,103700
2020-09-03,22.940000534057617,22.989999771118164,22.649999618530273,22.799999237060547,17.22613525390625,35100
2020-09-04,22.899999618530273,22.899999618530273,22.56999969482422,22.8799991607666,17.28657341003418,36200
2020-09-08,22.75,22.760000228881836,22.399999618530273,22.700000762939453,17.15058135986328,35900
2020-09-09,22.84000015258789,23.09000015258789,22.81999969482422,22.989999771118164,17.369680404663086,39300
2020-09-10,22.93000030517578,23.09000015258789,22.889999389648438,23.010000228881836,17.384790420532227,33900
2020-09-11,23.110000610351562,23.110000610351562,22.760000228881836,23.0,17.377239227294922,61300
2020-09-14,23.170000076293945,23.170000076293945,23.0,23.030000686645508,17.499574661254883,61200
2020-09-15,23.110000610351562,23.239999771118164,22.90999984741211,23.010000228881836,17.484386444091797,50300
2020-09-16,23.1299991607666,23.209999084472656,23.049999237060547,23.079999923706055,17.53756332397461,42400
2020-09-17,23.059999465942383,23.1299991607666,23.0,23.110000610351562,17.56036376953125,91000
2020-09-18,23.1200008392334,23.190000534057617,23.020000457763672,23.170000076293945,17.605958938598633,36900
2020-09-21,22.90999984741211,23.049999237060547,22.899999618530273,22.959999084472656,17.44639015197754,95300
2020-09-22,23.040000915527344,23.049999237060547,22.739999771118164,22.850000381469727,17.362804412841797,47800
2020-09-23,22.850000381469727,22.8700008392334,22.309999465942383,22.329999923706055,16.96767234802246,70800
2020-09-24,22.389999389648438,22.450000762939453,21.81999969482422,21.93000030517578,16.663728713989258,162000
2020-09-25,21.850000381469727,21.950000762939453,21.729999542236328,21.850000381469727,16.602947235107422,141600
2020-09-28,22.010000228881836,22.139999389648438,21.940000534057617,22.100000381469727,16.792903900146484,61400
2020-09-29,22.06999969482422,22.200000762939453,21.920000076293945,21.959999084472656,16.686525344848633,45400
2020-09-30,21.979999542236328,22.149999618530273,21.979999542236328,21.979999542236328,16.701719284057617,88300
2020-10-01,22.110000610351562,22.209999084472656,22.0,22.149999618530273,16.830900192260742,30000
2020-10-02,22.079999923706055,22.309999465942383,22.020000457763672,22.280000686645508,16.92967987060547,28300
2020-10-05,22.299999237060547,22.469999313354492,22.299999237060547,22.389999389648438,17.013269424438477,37000
2020-10-06,22.399999618530273,22.56999969482422,22.34000015258789,22.399999618530273,17.02086067199707,55200
2020-10-07,22.399999618530273,22.600000381469727,22.399999618530273,22.56999969482422,17.150035858154297,36800
2020-10-08,22.540000915527344,22.65999984741211,22.540000915527344,22.6200008392334,17.188032150268555,22200
2020-10-09,22.59000015258789,22.709999084472656,22.59000015258789,22.649999618530273,17.210832595825195,57900
2020-10-12,22.75,22.790000915527344,22.649999618530273,22.670000076293945,17.226022720336914,48500
2020-10-13,22.670000076293945,22.700000762939453,22.600000381469727,22.690000534057617,17.241226196289062,40700
2020-10-14,22.59000015258789,22.780000686645508,22.440000534057617,22.440000534057617,17.15027618408203,41800
2020-10-15,22.350000381469727,22.479999542236328,22.229999542236328,22.350000381469727,17.08148956298828,30000
2020-10-16,22.389999389648438,22.43000030517578,22.229999542236328,22.229999542236328,16.98978042602539,20000
2020-10-19,22.309999465942383,22.389999389648438,22.049999237060547,22.049999237060547,16.852209091186523,33500
2020-10-20,22.110000610351562,22.40999984741211,22.100000381469727,22.149999618530273,16.928634643554688,42400
2020-10-21,22.190000534057617,22.219999313354492,22.1200008392334,22.139999389648438,16.920995712280273,45600
2020-10-22,22.18000030517578,22.200000762939453,21.75,21.979999542236328,16.7987060546875,70400
2020-10-23,22.040000915527344,22.09000015258789,21.899999618530273,21.989999771118164,16.806354522705078,64900
2020-10-26,21.889999389648438,22.079999923706055,21.8799991607666,22.010000228881836,16.821638107299805,43800
2020-10-27,22.09000015258789,22.100000381469727,21.8799991607666,21.940000534057617,16.768138885498047,68000
2020-10-28,21.84000015258789,21.899999618530273,21.59000015258789,21.6299991607666,16.531211853027344,96000
2020-10-29,21.6299991607666,21.889999389648438,21.600000381469727,21.780000686645508,16.64585304260254,103100
2020-10-30,21.75,21.799999237060547,21.709999084472656,21.790000915527344,16.65349769592285,60700
2020-11-02,21.920000076293945,22.020000457763672,21.889999389648438,21.920000076293945,16.752851486206055,42000
2020-11-03,21.959999084472656,22.100000381469727,21.959999084472656,22.049999237060547,16.852209091186523,35500
2020-11-04,22.18000030517578,22.309999465942383,22.15999984741211,22.25,17.005064010620117,34900
2020-11-05,22.329999923706055,22.719999313354492,22.329999923706055,22.719999313354492,17.364269256591797,38600
2020-11-06,22.729999542236328,22.850000381469727,22.729999542236328,22.75,17.387195587158203,69300
2020-11-09,23.0,23.0,22.81999969482422,22.920000076293945,17.517122268676758,61200
2020-11-10,22.989999771118164,23.049999237060547,22.889999389648438,22.969999313354492,17.555339813232422,52200
2020-11-11,23.0,23.360000610351562,22.920000076293945,23.360000610351562,17.853410720825195,93000
2020-11-12,23.040000915527344,23.219999313354492,22.979999542236328,23.219999313354492,17.846485137939453,34300
2020-11-13,23.18000030517578,23.200000762939453,22.889999389648438,23.030000686645508,17.70045280456543,82300
2020-11-16,23.059999465942383,23.239999771118164,22.940000534057617,23.06999969482422,17.731197357177734,66500
2020-11-17,22.899999618530273,23.1299991607666,22.899999618530273,23.100000381469727,17.754261016845703,75500
2020-11-18,23.149999618530273,23.239999771118164,23.110000610351562,23.209999084472656,17.838802337646484,31900
2020-11-19,23.25,23.25,23.040000915527344,23.049999237060547,17.715829849243164,41100
2020-11-20,23.020000457763672,23.1299991607666,22.940000534057617,23.010000228881836,17.68509292602539,29600
2020-11-23,23.010000228881836,23.170000076293945,23.010000228881836,23.030000686645508,17.70045280456543,24700
2020-11-24,23.079999923706055,23.299999237060547,23.06999969482422,23.149999618530273,17.792686462402344,56100
2020-11-25,23.149999618530273,23.260000228881836,23.149999618530273,23.200000762939453,17.831117630004883,29000
2020-11-27,23.270000457763672,23.399999618530273,23.229999542236328,23.389999389648438,17.977149963378906,15700
2020-11-30,23.290000915527344,23.600000381469727,23.290000915527344,23.489999771118164,18.05401039123535,63900
2020-12-01,23.65999984741211,23.690000534057617,23.469999313354492,23.65999984741211,18.184663772583008,44200
2020-12-02,23.6299991607666,23.75,23.56999969482422,23.700000762939453,18.215404510498047,57900
2020-12-03,23.799999237060547,23.899999618530273,23.709999084472656,23.889999389648438,18.361434936523438,34100
2020-12-04,23.889999389648438,24.239999771118164,23.850000381469727,24.1200008392334,18.538211822509766,52300
2020-12-07,24.059999465942383,24.139999389648438,23.790000915527344,24.139999389648438,18.553585052490234,64500
2020-12-08,24.040000915527344,24.139999389648438,24.010000228881836,24.110000610351562,18.53053092956543,87200
2020-12-09,24.170000076293945,24.170000076293945,23.889999389648438,23.989999771118164,18.43829345703125,60400
2020-12-10,24.059999465942383,24.239999771118164,24.0,24.15999984741211,18.568954467773438,49200
2020-12-11,24.149999618530273,24.3799991607666,24.110000610351562,24.3700008392334,18.73036003112793,71300
2020-12-14,24.43000030517578,24.459999084472656,24.200000762939453,24.360000610351562,18.82386589050293,77300
2020-12-15,24.34000015258789,24.34000015258789,24.200000762939453,24.229999542236328,18.723400115966797,70100
2020-12-16,24.31999969482422,24.440000534057617,24.260000228881836,24.309999465942383,18.785228729248047,57300
2020-12-17,24.270000457763672,24.329999923706055,24.170000076293945,24.229999542236328,18.723400115966797,110000
2020-12-18,24.229999542236328,24.280000686645508,23.90999984741211,24.010000228881836,18.55339813232422,120700
2020-12-21,23.989999771118164,24.0,23.850000381469727,23.8799991607666,18.452943801879883,51300
2020-12-22,24.020000457763672,24.020000457763672,23.81999969482422,23.850000381469727,18.42976188659668,48400
2020-12-23,23.829999923706055,23.979999542236328,23.829999923706055,23.979999542236328,18.53021812438965,24300
2020-12-24,24.049999237060547,24.059999465942383,23.959999084472656,24.049999237060547,18.584304809570312,11500
2020-12-28,24.049999237060547,24.209999084472656,23.920000076293945,24.209999084472656,18.707948684692383,56200
2020-12-29,24.15999984741211,24.299999237060547,24.049999237060547,24.25,18.738859176635742,47700
2020-12-30,24.299999237060547,24.360000610351562,24.149999618530273,24.350000381469727,18.816129684448242,45800
2020-12-31,24.43000030517578,24.610000610351562,24.280000686645508,24.610000610351562,19.017045974731445,110600
2021-01-04,24.510000228881836,24.610000610351562,24.100000381469727,24.479999542236328,18.91658592224121,78900
2021-01-05,24.43000030517578,24.59000015258789,24.34000015258789,24.489999771118164,18.924312591552734,37500
2021-01-06,24.530000686645508,24.530000686645508,24.06999969482422,24.110000610351562,18.630678176879883,77900
2021-01-07,24.1200008392334,24.139999389648438,23.93000030517578,23.93000030517578,18.49158477783203,88200
2021-01-08,23.93000030517578,23.979999542236328,23.649999618530273,23.709999084472656,18.32158088684082,64700
2021-01-11,23.709999084472656,23.770000457763672,23.709999084472656,23.709999084472656,18.32158088684082,35400
2021-01-12,23.780000686645508,23.829999923706055,23.479999542236328,23.579999923706055,18.22112464904785,82900
2021-01-13,23.579999923706055,23.8700008392334,23.579999923706055,23.719999313354492,18.32930564880371,45700
2021-01-14,23.709999084472656,23.770000457763672,23.6200008392334,23.6299991607666,18.361164093017578,40700
2021-01-15,23.65999984741211,23.790000915527344,23.6299991607666,23.68000030517578,18.40001678466797,48200
2021-01-19,23.729999542236328,23.950000762939453,23.709999084472656,23.8799991607666,18.555419921875,36000
2021-01-20,23.959999084472656,24.030000686645508,23.8700008392334,23.979999542236328,18.633119583129883,41600
2021-01-21,23.989999771118164,24.229999542236328,23.940000534057617,24.209999084472656,18.811843872070312,50200
2021-01-22,24.200000762939453,24.200000762939453,23.940000534057617,24.100000381469727,18.726367950439453,56500
2021-01-25,24.040000915527344,24.110000610351562,24.040000915527344,24.049999237060547,18.687515258789062,19400
2021-01-26,24.040000915527344,24.200000762939453,24.0,24.1299991607666,18.74968147277832,49200
2021-01-27,23.979999542236328,24.190000534057617,23.920000076293945,24.030000686645508,18.671977996826172,48300
2021-01-28,24.030000686645508,24.280000686645508,23.959999084472656,24.209999084472656,18.811843872070312,40100
2021-01-29,24.270000457763672,24.270000457763672,24.110000610351562,24.219999313354492,18.81961441040039,38200
2021-02-01,24.3700008392334,24.399999618530273,24.1200008392334,24.399999618530273,18.959474563598633,45700
2021-02-02,24.399999618530273,24.530000686645508,24.280000686645508,24.3700008392334,18.93617057800293,40600
2021-02-03,24.420000076293945,24.479999542236328,24.299999237060547,24.329999923706055,18.905086517333984,39400
2021-02-04,24.459999084472656,24.459999084472656,24.309999465942383,24.329999923706055,18.905086517333984,48600
2021-02-05,24.459999084472656,24.59000015258789,24.31999969482422,24.469999313354492,19.013874053955078,53900
2021-02-08,24.450000762939453,24.549999237060547,24.420000076293945,24.440000534057617,18.990564346313477,45600
2021-02-09,24.489999771118164,24.68000030517578,24.350000381469727,24.420000076293945,18.975017547607422,76000
2021-02-10,24.520000457763672,24.59000015258789,24.43000030517578,24.469999313354492,19.013874053955078,72000
2021-02-11,24.360000610351562,24.420000076293945,24.149999618530273,24.25,18.944347381591797,75200
2021-02-12,24.25,24.309999465942383,24.219999313354492,24.239999771118164,18.936534881591797,34200
2021-02-16,24.200000762939453,24.270000457763672,24.1299991607666,24.200000762939453,18.905282974243164,68000
2021-02-17,24.200000762939453,24.229999542236328,24.1299991607666,24.15999984741211,18.874038696289062,40900
2021-02-18,24.0,24.280000686645508,23.989999771118164,24.260000228881836,18.9521541595459,49100
2021-02-19,24.290000915527344,24.3799991607666,24.229999542236328,24.299999237060547,18.9834041595459,72900
2021-02-22,24.260000228881836,24.329999923706055,24.010000228881836,24.030000686645508,18.772478103637695,60400
2021-02-23,24.049999237060547,24.1200008392334,23.860000610351562,24.079999923706055,18.811534881591797,64000
2021-02-24,24.020000457763672,24.06999969482422,23.799999237060547,24.0,18.749040603637695,68000
2021-02-25,23.950000762939453,24.040000915527344,23.81999969482422,23.920000076293945,18.68654441833496,98800
2021-02-26,23.979999542236328,24.040000915527344,23.700000762939453,23.799999237060547,18.592802047729492,134100
2021-03-01,23.959999084472656,24.100000381469727,23.860000610351562,23.93000030517578,18.69435691833496,54100
2021-03-02,24.020000457763672,24.1200008392334,24.0,24.030000686645508,18.772478103637695,54000
2021-03-03,24.06999969482422,24.139999389648438,24.0,24.100000381469727,18.82716178894043,56100
2021-03-04,24.1299991607666,24.149999618530273,23.969999313354492,24.110000610351562,18.834980010986328,90200
2021-03-05,24.200000762939453,24.270000457763672,24.079999923706055,24.200000762939453,18.905282974243164,68000
2021-03-08,24.209999084472656,24.290000915527344,24.190000534057617,24.209999084472656,18.91309928894043,58100
2021-03-09,24.280000686645508,24.479999542236328,24.280000686645508,24.43000030517578,19.084962844848633,53500
2021-03-10,24.5,24.56999969482422,24.440000534057617,24.530000686645508,19.163084030151367,33900
2021-03-11,24.610000610351562,24.770000457763672,24.530000686645508,24.6200008392334,19.23339080810547,43100
2021-03-12,24.479999542236328,24.549999237060547,24.43000030517578,24.450000762939453,19.2027587890625,66700
2021-03-15,24.610000610351562,24.649999618530273,24.399999618530273,24.479999542236328,19.226318359375,49700
2021-03-16,24.450000762939453,24.6200008392334,24.450000762939453,24.579999923706055,19.304861068725586,61700
2021-03-17,24.559999465942383,24.739999771118164,24.540000915527344,24.68000030517578,19.38339614868164,30500
2021-03-18,24.649999618530273,24.68000030517578,24.469999313354492,24.489999771118164,19.234176635742188,80400
2021-03-19,24.56999969482422,24.729999542236328,24.479999542236328,24.670000076293945,19.375551223754883,32500
2021-03-22,24.65999984741211,24.899999618530273,24.649999618530273,24.81999969482422,19.493358612060547,28100
2021-03-23,24.760000228881836,24.8700008392334,24.75,24.84000015258789,19.509065628051758,28900
2021-03-24,24.969999313354492,25.100000381469727,24.860000610351562,24.979999542236328,19.6190185546875,79800
2021-03-25,24.8799991607666,24.989999771118164,24.829999923706055,24.899999618530273,19.556182861328125,52500
2021-03-26,24.889999389648438,25.09000015258789,24.709999084472656,24.709999084472656,19.40695571899414,19100
2021-03-29,24.75,25.0,24.719999313354492,24.790000915527344,19.469791412353516,45000
2021-03-30,24.770000457763672,25.200000762939453,24.719999313354492,24.969999313354492,19.611160278320312,43500
2021-03-31,24.989999771118164,25.209999084472656,24.989999771118164,25.010000228881836,19.64258575439453,51100
2021-04-01,25.209999084472656,25.209999084472656,25.040000915527344,25.110000610351562,19.72111701965332,48300
2021-04-05,25.1299991607666,25.1299991607666,24.959999084472656,25.030000686645508,19.658287048339844,42900
2021-04-06,25.100000381469727,25.1299991607666,24.940000534057617,25.06999969482422,19.689701080322266,46400
2021-04-07,25.139999389648438,25.25,25.110000610351562,25.200000762939453,19.79180335998535,26100
2021-04-08,25.200000762939453,25.239999771118164,25.149999618530273,25.18000030517578,19.776092529296875,27300
2021-04-09,25.15999984741211,25.350000381469727,25.15999984741211,25.239999771118164,19.82322120666504,37100
2021-04-12,25.270000457763672,25.3799991607666,25.25,25.280000686645508,19.85464096069336,25400
2021-04-13,25.309999465942383,25.360000610351562,25.280000686645508,25.350000381469727,19.90961456298828,25900
2021-04-14,25.209999084472656,25.40999984741211,25.209999084472656,25.280000686645508,19.957773208618164,43800
2021-04-15,25.309999465942383,25.360000610351562,25.079999923706055,25.280000686645508,19.957773208618164,28600
2021-04-16,25.209999084472656,25.270000457763672,25.079999923706055,25.18000030517578,19.878820419311523,43800
2021-04-19,25.25,25.25,25.059999465942383,25.170000076293945,19.87092399597168,35500
2021-04-20,25.170000076293945,25.200000762939453,25.059999465942383,25.100000381469727,19.81566619873047,34300
2021-04-21,25.149999618530273,25.299999237060547,25.059999465942383,25.260000228881836,19.941980361938477,30800
2021-04-22,25.290000915527344,25.34000015258789,25.200000762939453,25.280000686645508,19.957773208618164,23200
2021-04-23,25.290000915527344,25.34000015258789,25.219999313354492,25.299999237060547,19.973560333251953,17500
2021-04-26,25.25,25.399999618530273,25.25,25.3700008392334,20.028818130493164,29700
2021-04-27,25.360000610351562,25.360000610351562,25.200000762939453,25.290000915527344,19.965660095214844,24300
2021-04-28,25.260000228881836,25.399999618530273,25.260000228881836,25.3799991607666,20.036718368530273,18300
2021-04-29,25.399999618530273,25.399999618530273,25.360000610351562,25.389999389648438,20.04461097717285,19000
2021-04-30,25.3700008392334,25.450000762939453,25.3700008392334,25.389999389648438,20.04461097717285,24500
2021-05-03,25.5,25.610000610351562,25.450000762939453,25.479999542236328,20.115663528442383,40000
2021-05-04,25.540000915527344,25.579999923706055,25.450000762939453,25.510000228881836,20.139347076416016,30100
2021-05-05,25.559999465942383,25.579999923706055,25.399999618530273,25.43000030517578,20.076190948486328,44500
2021-05-06,25.43000030517578,25.559999465942383,25.43000030517578,25.489999771118164,20.123559951782227,20500
2021-05-07,25.520000457763672,25.68000030517578,25.479999542236328,25.549999237060547,20.170923233032227,23000
2021-05-10,25.530000686645508,25.600000381469727,25.40999984741211,25.43000030517578,20.076190948486328,22200
2021-05-11,25.399999618530273,25.5,25.3700008392334,25.5,20.13144874572754,31500
2021-05-12,25.399999618530273,25.479999542236328,25.010000228881836,25.06999969482422,19.79197883605957,35600
2021-05-13,25.0,25.149999618530273,25.0,25.1299991607666,19.943553924560547,45200
2021-05-14,25.110000610351562,25.239999771118164,25.049999237060547,25.110000610351562,19.927692413330078,27100
2021-05-17,25.239999771118164,25.239999771118164,25.049999237060547,25.06999969482422,19.895938873291016,25700
2021-05-18,25.100000381469727,25.18000030517578,24.989999771118164,25.139999389648438,19.951492309570312,27600
2021-05-19,25.170000076293945,25.200000762939453,25.040000915527344,25.15999984741211,19.967369079589844,18500
2021-05-20,25.270000457763672,25.3799991607666,25.270000457763672,25.350000381469727,20.1181640625,11700
2021-05-21,25.3700008392334,25.59000015258789,25.329999923706055,25.510000228881836,20.245132446289062,34200
2021-05-24,25.56999969482422,25.610000610351562,25.3799991607666,25.420000076293945,20.173707962036133,37400
2021-05-25,25.469999313354492,25.5,25.329999923706055,25.34000015258789,20.110214233398438,25600
2021-05-26,25.420000076293945,25.420000076293945,25.31999969482422,25.31999969482422,20.094345092773438,19200
2021-05-27,25.420000076293945,25.510000228881836,25.399999618530273,25.399999618530273,20.157833099365234,23300
2021-05-28,25.489999771118164,25.510000228881836,25.389999389648438,25.510000228881836,20.245132446289062,20700
2021-06-01,25.700000762939453,25.75,25.56999969482422,25.719999313354492,20.411794662475586,40000
2021-06-02,25.6200008392334,25.639999389648438,25.31999969482422,25.34000015258789,20.110214233398438,76300
2021-06-03,25.309999465942383,25.450000762939453,25.309999465942383,25.3799991607666,20.141965866088867,31700
2021-06-04,25.469999313354492,25.649999618530273,25.3799991607666,25.59000015258789,20.30862808227539,17900
2021-06-07,25.59000015258789,25.65999984741211,25.520000457763672,25.59000015258789,20.30862808227539,18100
2021-06-08,25.600000381469727,25.68000030517578,25.5,25.540000915527344,20.268943786621094,19800
2021-06-09,25.639999389648438,25.799999237060547,25.579999923706055,25.780000686645508,20.459413528442383,25600
2021-06-10,25.780000686645508,25.81999969482422,25.670000076293945,25.719999313354492,20.411794662475586,12600
2021-06-11,25.68000030517578,25.81999969482422,25.649999618530273,25.65999984741211,20.364179611206055,33200
2021-06-14,25.510000228881836,25.670000076293945,25.34000015258789,25.3700008392334,20.237340927124023,66300
2021-06-15,25.3799991607666,25.530000686645508,25.309999465942383,25.3799991607666,20.24532127380371,41700
2021-06-16,25.350000381469727,25.479999542236328,25.299999237060547,25.309999465942383,20.18947982788086,40400
2021-06-17,25.229999542236328,25.350000381469727,25.15999984741211,25.270000457763672,20.15757942199707,64500
2021-06-18,25.149999618530273,25.280000686645508,25.100000381469727,25.170000076293945,20.07781219482422,41600
2021-06-21,25.149999618530273,25.34000015258789,25.149999618530273,25.299999237060547,20.181499481201172,26500
2021-06-22,25.229999542236328,25.360000610351562,25.229999542236328,25.31999969482422,20.197458267211914,25100
2021-06-23,25.270000457763672,25.459999084472656,25.260000228881836,25.3799991607666,20.24532127380371,25300
2021-06-24,25.3799991607666,25.450000762939453,25.299999237060547,25.329999923706055,20.205434799194336,36600
2021-06-25,25.309999465942383,25.3799991607666,25.229999542236328,25.299999237060547,20.181499481201172,28800
2021-06-28,25.25,25.3799991607666,25.219999313354492,25.25,20.141616821289062,25900
2021-06-29,25.25,25.360000610351562,25.25,25.350000381469727,20.221397399902344,23100
2021-06-30,25.3799991607666,25.5,25.299999237060547,25.5,20.341041564941406,21200
2021-07-01,25.549999237060547,25.549999237060547,25.43000030517578,25.43000030517578,20.285200119018555,27600
2021-07-02,25.5,25.549999237060547,25.3700008392334,25.549999237060547,20.38092803955078,32900
2021-07-06,25.56999969482422,25.579999923706055,25.43000030517578,25.530000686645508,20.36497688293457,25400
2021-07-07,25.59000015258789,25.610000610351562,25.549999237060547,25.559999465942383,20.388904571533203,19700
2021-07-08,25.579999923706055,25.6200008392334,25.450000762939453,25.549999237060547,20.38092803955078,28800
2021-07-09,25.6299991607666,25.6299991607666,25.440000534057617,25.540000915527344,20.372949600219727,31800
2021-07-12,25.59000015258789,25.8700008392334,25.479999542236328,25.8700008392334,20.636184692382812,31800
2021-07-13,25.799999237060547,26.170000076293945,25.75,26.1299991607666,20.843582153320312,47900
2021-07-14,25.850000381469727,26.0,25.709999084472656,25.93000030517578,20.788265228271484,39200
2021-07-15,25.860000610351562,26.0,25.81999969482422,25.899999618530273,20.76421546936035,23000
2021-07-16,25.8799991607666,26.0,25.780000686645508,25.84000015258789,20.716108322143555,35100
2021-07-19,25.709999084472656,25.809999465942383,25.469999313354492,25.579999923706055,20.50767707824707,20900
2021-07-20,25.600000381469727,25.829999923706055,25.600000381469727,25.75,20.643957138061523,31100
2021-07-21,25.719999313354492,25.889999389648438,25.719999313354492,25.850000381469727,20.7241268157959,22600
2021-07-22,25.90999984741211,25.979999542236328,25.829999923706055,25.920000076293945,20.780254364013672,19500
2021-07-23,25.950000762939453,25.989999771118164,25.850000381469727,25.920000076293945,20.780254364013672,19800
2021-07-26,25.969999313354492,25.979999542236328,25.809999465942383,25.93000030517578,20.788265228271484,20400
2021-07-27,25.829999923706055,26.079999923706055,25.829999923706055,26.079999923706055,20.908517837524414,25500
2021-07-28,26.100000381469727,26.190000534057617,26.020000457763672,26.139999389648438,20.956626892089844,29400
2021-07-29,26.18000030517578,26.299999237060547,26.170000076293945,26.239999771118164,21.036794662475586,24500
2021-07-30,26.18000030517578,26.270000457763672,26.139999389648438,26.260000228881836,21.05283546447754,19200
2021-08-02,26.399999618530273,26.399999618530273,26.149999618530273,26.299999237060547,21.08489990234375,30000
2021-08-03,26.329999923706055,26.43000030517578,26.280000686645508,26.34000015258789,21.11697006225586,20500
2021-08-04,26.329999923706055,26.40999984741211,26.329999923706055,26.389999389648438,21.157054901123047,16400
2021-08-05,26.479999542236328,26.479999542236328,26.299999237060547,26.43000030517578,21.18912124633789,26400
2021-08-06,26.420000076293945,26.450000762939453,26.219999313354492,26.229999542236328,21.028783798217773,27300
2021-08-09,26.299999237060547,26.329999923706055,26.209999084472656,26.209999084472656,21.012746810913086,20100
2021-08-10,26.450000762939453,26.450000762939453,25.709999084472656,25.799999237060547,20.684049606323242,68400
2021-08-11,25.81999969482422,25.90999984741211,25.81999969482422,25.889999389648438,20.75620460510254,23000
2021-08-12,25.719999313354492,25.889999389648438,25.719999313354492,25.770000457763672,20.765066146850586,26700
2021-08-13,25.780000686645508,25.829999923706055,25.739999771118164,25.780000686645508,20.77312660217285,19400
2021-08-16,25.75,25.809999465942383,25.610000610351562,25.6299991607666,20.652252197265625,23500
2021-08-17,25.579999923706055,25.6200008392334,25.520000457763672,25.56999969482422,20.603906631469727,26200
2021-08-18,25.559999465942383,25.68000030517578,25.520000457763672,25.649999618530273,20.668371200561523,37200
2021-08-19,25.649999618530273,25.649999618530273,25.469999313354492,25.530000686645508,20.571683883666992,22400
2021-08-20,25.559999465942383,25.600000381469727,25.440000534057617,25.600000381469727,20.628082275390625,18100
2021-08-23,25.559999465942383,25.65999984741211,25.5,25.6200008392334,20.64420509338379,30300
2021-08-24,25.6299991607666,25.649999618530273,25.600000381469727,25.639999389648438,20.660310745239258,17300
2021-08-25,25.610000610351562,25.639999389648438,25.549999237060547,25.579999923706055,20.611968994140625,20700
2021-08-26,25.549999237060547,25.6200008392334,25.5,25.5,20.547504425048828,16900
2021-08-27,25.520000457763672,25.559999465942383,25.489999771118164,25.489999771118164,20.539445877075195,17300
2021-08-30,25.5,25.56999969482422,25.489999771118164,25.510000228881836,20.555561065673828,28200
2021-08-31,25.549999237060547,25.549999237060547,25.43000030517578,25.459999084472656,20.515270233154297,20600
2021-09-01,25.6200008392334,25.6200008392334,25.5,25.540000915527344,20.579730987548828,22400
2021-09-02,25.579999923706055,25.579999923706055,25.40999984741211,25.5,20.547504425048828,29400
2021-09-03,25.440000534057617,25.469999313354492,25.299999237060547,25.350000381469727,20.426645278930664,35200
2021-09-07,25.350000381469727,25.40999984741211,25.350000381469727,25.350000381469727,20.426645278930664,27700
2021-09-08,25.350000381469727,25.450000762939453,25.350000381469727,25.350000381469727,20.426645278930664,32700
2021-09-09,25.3799991607666,25.43000030517578,25.360000610351562,25.389999389648438,20.458866119384766,21500
2021-09-10,25.469999313354492,25.469999313354492,25.3700008392334,25.399999618530273,20.466922760009766,37900
2021-09-13,25.450000762939453,25.65999984741211,25.440000534057617,25.65999984741211,20.67643165588379,27900
2021-09-14,25.68000030517578,25.68000030517578,25.469999313354492,25.649999618530273,20.774431228637695,42000
2021-09-15,25.649999618530273,25.649999618530273,25.469999313354492,25.510000228881836,20.661041259765625,18400
2021-09-16,25.540000915527344,25.579999923706055,25.520000457763672,25.559999465942383,20.701536178588867,14600
2021-09-17,25.540000915527344,25.56999969482422,25.489999771118164,25.510000228881836,20.661041259765625,17300
2021-09-20,25.469999313354492,25.469999313354492,25.299999237060547,25.31999969482422,20.507152557373047,34800
2021-09-21,25.34000015258789,25.399999618530273,25.34000015258789,25.399999618530273,20.57195281982422,30200
2021-09-22,25.3799991607666,25.530000686645508,25.3700008392334,25.520000457763672,20.66914176940918,27100
2021-09-23,25.549999237060547,25.549999237060547,25.3700008392334,25.3700008392334,20.547649383544922,41700
2021-09-24,25.3700008392334,25.40999984741211,25.299999237060547,25.299999237060547,20.4909610748291,35100
2021-09-27,25.299999237060547,25.34000015258789,25.200000762939453,25.25,20.450462341308594,36800
2021-09-28,25.219999313354492,25.239999771118164,25.010000228881836,25.040000915527344,20.28037452697754,54500
2021-09-29,25.010000228881836,25.18000030517578,25.0,25.1299991607666,20.353267669677734,22200
2021-09-30,25.190000534057617,25.239999771118164,24.790000915527344,24.799999237060547,20.08599281311035,287500
2021-10-01,24.950000762939453,25.020000457763672,24.81999969482422,24.979999542236328,20.23178482055664,54600
2021-10-04,24.8799991607666,24.969999313354492,24.780000686645508,24.920000076293945,20.183189392089844,32700
2021-10-05,24.969999313354492,25.030000686645508,24.850000381469727,24.90999984741211,20.175085067749023,45800
2021-10-06,24.8700008392334,24.950000762939453,24.8700008392334,24.93000030517578,20.1912899017334,47900
2021-10-07,24.979999542236328,25.030000686645508,24.950000762939453,25.020000457763672,20.264179229736328,21000
2021-10-08,25.049999237060547,25.079999923706055,24.950000762939453,25.049999237060547,20.28847885131836,30100
2021-10-11,25.110000610351562,25.200000762939453,25.020000457763672,25.059999465942383,20.29657554626465,26600
2021-10-12,25.100000381469727,25.18000030517578,25.049999237060547,25.149999618530273,20.369470596313477,32000
2021-10-13,25.209999084472656,25.350000381469727,25.059999465942383,25.280000686645508,20.474760055541992,30800
2021-10-14,25.350000381469727,25.440000534057617,25.229999542236328,25.260000228881836,20.56513214111328,19500
2021-10-15,25.510000228881836,25.510000228881836,25.219999313354492,25.3700008392334,20.654680252075195,14900
2021-10-18,25.280000686645508,25.299999237060547,25.1200008392334,25.1200008392334,20.451148986816406,22400
2021-10-19,25.209999084472656,25.25,25.18000030517578,25.239999771118164,20.54884910583496,25700
2021-10-20,25.25,25.450000762939453,25.200000762939453,25.3799991607666,20.662826538085938,31200
2021-10-21,25.399999618530273,25.5,25.299999237060547,25.31999969482422,20.613975524902344,24900
2021-10-22,25.299999237060547,25.540000915527344,25.270000457763672,25.540000915527344,20.7930850982666,30500
2021-10-25,25.530000686645508,25.549999237060547,25.40999984741211,25.440000534057617,20.711671829223633,24200
2021-10-26,25.489999771118164,25.559999465942383,25.299999237060547,25.31999969482422,20.613975524902344,35700
2021-10-27,25.309999465942383,25.510000228881836,25.309999465942383,25.440000534057617,20.711671829223633,37000
2021-10-28,25.5,25.639999389648438,25.459999084472656,25.549999237060547,20.801223754882812,28300
2021-10-29,25.610000610351562,25.719999313354492,25.549999237060547,25.649999618530273,20.88264274597168,31200
2021-11-01,25.860000610351562,25.8700008392334,25.649999618530273,25.81999969482422,21.021045684814453,55800
2021-11-02,25.799999237060547,25.920000076293945,25.700000762939453,25.739999771118164,20.955913543701172,31000
2021-11-03,25.719999313354492,25.889999389648438,25.56999969482422,25.770000457763672,20.9803409576416,40800
2021-11-04,25.799999237060547,25.8799991607666,25.690000534057617,25.690000534057617,20.915206909179688,22500
2021-11-05,25.850000381469727,25.969999313354492,25.6299991607666,25.649999618530273,20.88264274597168,21900
2021-11-08,25.889999389648438,25.989999771118164,25.809999465942383,25.959999084472656,21.135021209716797,39500
2021-11-09,25.989999771118164,25.989999771118164,25.469999313354492,25.489999771118164,20.752376556396484,74100
2021-11-10,25.479999542236328,25.989999771118164,25.229999542236328,25.290000915527344,20.58955192565918,88300
2021-11-11,25.34000015258789,25.389999389648438,25.200000762939453,25.209999084472656,20.5244197845459,27000
2021-11-12,25.15999984741211,25.200000762939453,24.950000762939453,25.0,20.459768295288086,46000
2021-11-15,24.989999771118164,24.989999771118164,24.90999984741211,24.940000534057617,20.410663604736328,28400
2021-11-16,24.93000030517578,25.0,24.899999618530273,24.969999313354492,20.43522071838379,39700
2021-11-17,24.959999084472656,25.110000610351562,24.899999618530273,25.0,20.459768295288086,41000
2021-11-18,25.030000686645508,25.030000686645508,24.920000076293945,24.969999313354492,20.43522071838379,36400
2021-11-19,24.979999542236328,25.030000686645508,24.969999313354492,25.0,20.459768295288086,30800
2021-11-22,25.020000457763672,25.059999465942383,24.93000030517578,25.040000915527344,20.492504119873047,27800
2021-11-23,25.040000915527344,25.040000915527344,24.799999237060547,24.979999542236328,20.443403244018555,30000
2021-11-24,25.020000457763672,25.020000457763672,24.860000610351562,24.90999984741211,20.3861083984375,33100
2021-11-26,24.889999389648438,24.93000030517578,24.75,24.93000030517578,20.402484893798828,24100
2021-11-29,25.0,25.170000076293945,25.0,25.15999984741211,20.590707778930664,42500
2021-11-30,25.18000030517578,25.229999542236328,24.899999618530273,24.950000762939453,20.41884994506836,29700
2021-12-01,25.18000030517578,25.200000762939453,24.889999389648438,24.93000030517578,20.402484893798828,28000
2021-12-02,25.0,25.100000381469727,24.899999618530273,24.90999984741211,20.3861083984375,17800
2021-12-03,24.8700008392334,24.940000534057617,24.5,24.520000457763672,20.066940307617188,47000
2021-12-06,24.459999084472656,24.68000030517578,24.459999084472656,24.520000457763672,20.066940307617188,55900
2021-12-07,24.56999969482422,24.84000015258789,24.56999969482422,24.739999771118164,20.24698257446289,23100
2021-12-08,24.719999313354492,24.850000381469727,24.719999313354492,24.809999465942383,20.304271697998047,29100
2021-12-09,24.729999542236328,24.809999465942383,24.729999542236328,24.75,20.255176544189453,20600
2021-12-10,24.799999237060547,24.799999237060547,24.649999618530273,24.649999618530273,20.1733341217041,38000
2021-12-13,24.610000610351562,24.65999984741211,24.450000762939453,24.479999542236328,20.034202575683594,23600
2021-12-14,24.350000381469727,24.489999771118164,24.239999771118164,24.270000457763672,19.969207763671875,45400
2021-12-15,24.15999984741211,24.950000762939453,24.15999984741211,24.729999542236328,20.347688674926758,89100
2021-12-16,24.670000076293945,24.719999313354492,24.510000228881836,24.59000015258789,20.23249626159668,60300
2021-12-17,24.600000381469727,24.670000076293945,24.479999542236328,24.639999389648438,20.273637771606445,25100
2021-12-20,24.510000228881836,24.65999984741211,24.469999313354492,24.6200008392334,20.257183074951172,49400
2021-12-21,24.649999618530273,24.8799991607666,24.5,24.81999969482422,20.421737670898438,59900
2021-12-22,24.850000381469727,25.200000762939453,24.790000915527344,25.149999618530273,20.69326400756836,45400
2021-12-23,25.229999542236328,25.600000381469727,25.200000762939453,25.520000457763672,20.99769401550293,67800
2021-12-27,25.549999237060547,25.860000610351562,25.549999237060547,25.81999969482422,21.24453353881836,92000
2021-12-28,25.829999923706055,25.829999923706055,25.65999984741211,25.700000762939453,21.145795822143555,17100
2021-12-29,25.770000457763672,25.780000686645508,25.600000381469727,25.6200008392334,21.07998275756836,33800
2021-12-30,25.700000762939453,25.790000915527344,25.649999618530273,25.719999313354492,21.16225242614746,19900
2021-12-31,25.780000686645508,25.90999984741211,25.690000534057617,25.8799991607666,21.293893814086914,35400
2022-01-03,25.920000076293945,25.920000076293945,25.690000534057617,25.739999771118164,21.1787109375,48700
2022-01-04,25.799999237060547,25.799999237060547,25.520000457763672,25.700000762939453,21.145795822143555,36500
2022-01-05,25.690000534057617,25.739999771118164,25.420000076293945,25.420000076293945,20.915416717529297,38100
2022-01-06,25.420000076293945,25.600000381469727,25.389999389648438,25.520000457763672,20.99769401550293,27500
2022-01-07,25.440000534057617,25.729999542236328,25.440000534057617,25.6299991607666,21.08820152282715,21000
2022-01-10,25.610000610351562,25.65999984741211,25.43000030517578,25.6200008392334,21.07998275756836,33900
2022-01-11,25.690000534057617,25.84000015258789,25.649999618530273,25.700000762939453,21.145795822143555,25600
2022-01-12,25.709999084472656,25.920000076293945,25.65999984741211,25.809999465942383,21.236303329467773,33100
2022-01-13,25.649999618530273,25.889999389648438,25.649999618530273,25.649999618530273,21.212322235107422,27200
2022-01-14,25.530000686645508,25.770000457763672,25.530000686645508,25.639999389648438,21.204050064086914,25700
2022-01-18,25.5,25.6200008392334,25.15999984741211,25.18000030517578,20.82363510131836,30300
2022-01-19,25.239999771118164,25.700000762939453,25.219999313354492,25.329999923706055,20.94768524169922,175600
2022-01-20,25.43000030517578,25.610000610351562,25.25,25.31999969482422,20.93941307067871,40800
2022-01-21,25.299999237060547,25.299999237060547,24.729999542236328,24.780000686645508,20.492841720581055,92900
2022-01-24,24.510000228881836,24.59000015258789,23.899999618530273,24.450000762939453,20.219938278198242,113800
2022-01-25,24.229999542236328,24.389999389648438,24.059999465942383,24.18000030517578,19.996646881103516,113600
2022-01-26,24.239999771118164,24.59000015258789,24.0,24.149999618530273,19.97183609008789,34300
2022-01-27,24.209999084472656,24.450000762939453,24.0,24.0,19.847789764404297,43800
2022-01-28,24.010000228881836,24.31999969482422,23.979999542236328,24.079999923706055,19.913949966430664,55600
2022-01-31,24.079999923706055,24.360000610351562,24.079999923706055,24.25,20.054540634155273,67500
2022-02-01,24.40999984741211,24.469999313354492,24.299999237060547,24.469999313354492,20.23647689819336,41500
2022-02-02,24.510000228881836,24.690000534057617,24.5,24.540000915527344,20.29436492919922,23700
2022-02-03,24.5,24.540000915527344,24.200000762939453,24.299999237060547,20.095888137817383,34400
2022-02-04,24.260000228881836,24.260000228881836,24.020000457763672,24.020000457763672,19.864330291748047,54900
2022-02-07,24.0,24.100000381469727,23.989999771118164,24.0,19.847789764404297,38400
2022-02-08,23.989999771118164,24.0,23.809999465942383,23.899999618530273,19.76508903503418,40500
2022-02-09,23.899999618530273,24.0,23.850000381469727,23.8700008392334,19.740278244018555,30400
2022-02-10,23.770000457763672,23.899999618530273,22.979999542236328,23.3700008392334,19.3267822265625,105900
2022-02-11,23.3700008392334,23.3700008392334,22.68000030517578,22.809999465942383,18.863666534423828,103600
2022-02-14,22.670000076293945,22.739999771118164,22.030000686645508,22.299999237060547,18.54842758178711,115600
2022-02-15,22.34000015258789,22.420000076293945,22.049999237060547,22.239999771118164,18.498519897460938,124000
2022-02-16,22.200000762939453,22.360000610351562,21.920000076293945,22.350000381469727,18.590015411376953,170700
2022-02-17,22.260000228881836,22.360000610351562,21.889999389648438,21.950000762939453,18.257312774658203,164900
2022-02-18,21.899999618530273,22.139999389648438,21.899999618530273,22.030000686645508,18.3238525390625,84000
2022-02-22,22.0,22.0,21.709999084472656,21.790000915527344,18.124225616455078,80700
2022-02-23,21.84000015258789,22.06999969482422,21.84000015258789,21.940000534057617,18.248992919921875,187400
2022-02-24,21.479999542236328,22.139999389648438,21.479999542236328,22.010000228881836,18.30721664428711,143500
2022-02-25,22.030000686645508,22.469999313354492,22.0,22.329999923706055,18.573381423950195,101000
2022-02-28,22.170000076293945,22.6299991607666,22.139999389648438,22.5,18.714786529541016,78400
2022-03-01,22.489999771118164,22.639999389648438,22.440000534057617,22.450000762939453,18.673189163208008,67800
2022-03-02,22.489999771118164,22.75,22.489999771118164,22.670000076293945,18.856182098388672,63000
2022-03-03,22.719999313354492,22.75,22.479999542236328,22.709999084472656,18.88945770263672,51400
2022-03-04,22.549999237060547,22.780000686645508,22.299999237060547,22.690000534057617,18.872817993164062,66600
2022-03-07,22.540000915527344,22.8700008392334,22.010000228881836,22.049999237060547,18.340484619140625,45400
2022-03-08,21.959999084472656,22.530000686645508,21.799999237060547,21.979999542236328,18.282268524169922,52300
2022-03-09,22.100000381469727,22.3799991607666,22.06999969482422,22.280000686645508,18.531789779663086,27700
2022-03-10,22.18000030517578,22.25,21.81999969482422,22.219999313354492,18.481884002685547,21900
2022-03-11,22.219999313354492,22.760000228881836,22.0,22.0,18.29889488220215,18000
2022-03-14,22.0,22.0,21.190000534057617,21.25,17.780948638916016,43700
2022-03-15,21.290000915527344,21.6299991607666,21.290000915527344,21.56999969482422,18.048709869384766,27500
2022-03-16,21.59000015258789,21.799999237060547,21.5,21.68000030517578,18.1407527923584,25000
2022-03-17,21.649999618530273,21.93000030517578,21.649999618530273,21.81999969482422,18.25789451599121,17900
2022-03-18,21.670000076293945,22.0,21.670000076293945,21.950000762939453,18.366680145263672,49400
2022-03-21,21.84000015258789,21.950000762939453,21.709999084472656,21.799999237060547,18.241161346435547,66700
2022-03-22,21.690000534057617,21.829999923706055,21.690000534057617,21.780000686645508,18.224428176879883,41700
2022-03-23,21.709999084472656,21.799999237060547,21.59000015258789,21.719999313354492,18.17422103881836,60800
2022-03-24,21.709999084472656,21.799999237060547,21.600000381469727,21.739999771118164,18.190956115722656,70100
2022-03-25,21.719999313354492,21.799999237060547,21.479999542236328,21.510000228881836,17.998506546020508,41500
2022-03-28,21.479999542236328,21.68000030517578,21.479999542236328,21.579999923706055,18.05708122253418,103600
2022-03-29,21.610000610351562,21.799999237060547,21.610000610351562,21.760000228881836,18.20768928527832,106200
2022-03-30,21.690000534057617,21.889999389648438,21.690000534057617,21.860000610351562,18.29136848449707,106700
2022-03-31,21.8799991607666,22.09000015258789,21.8799991607666,21.989999771118164,18.400144577026367,89900
2022-04-01,22.06999969482422,22.09000015258789,22.010000228881836,22.049999237060547,18.450345993041992,48900
2022-04-04,22.079999923706055,22.170000076293945,21.950000762939453,22.1299991607666,18.517292022705078,54300
2022-04-05,22.010000228881836,22.170000076293945,21.920000076293945,21.969999313354492,18.38340950012207,69300
2022-04-06,21.950000762939453,21.950000762939453,21.6299991607666,21.719999313354492,18.17422103881836,91000
2022-04-07,21.65999984741211,21.860000610351562,21.65999984741211,21.84000015258789,18.274633407592773,55700
2022-04-08,21.84000015258789,21.8700008392334,21.709999084472656,21.809999465942383,18.24952507019043,57200
2022-04-11,21.65999984741211,21.739999771118164,21.389999389648438,21.469999313354492,17.96503448486328,223400
2022-04-12,21.530000686645508,21.719999313354492,21.530000686645508,21.670000076293945,18.132389068603516,111400
2022-04-13,21.43000030517578,21.610000610351562,21.43000030517578,21.510000228881836,18.107973098754883,172200
2022-04-14,21.469999313354492,21.579999923706055,21.420000076293945,21.559999465942383,18.150066375732422,25500
2022-04-18,21.450000762939453,21.510000228881836,21.309999465942383,21.399999618530273,18.01536750793457,68300
2022-04-19,21.350000381469727,21.459999084472656,21.350000381469727,21.440000534057617,18.049041748046875,65300
2022-04-20,21.440000534057617,21.579999923706055,21.40999984741211,21.43000030517578,18.04062271118164,127100
2022-04-21,21.450000762939453,21.549999237060547,21.209999084472656,21.280000686645508,17.914350509643555,60100
2022-04-22,21.229999542236328,21.350000381469727,21.059999465942383,21.1200008392334,17.77965545654297,56900
2022-04-25,21.049999237060547,21.190000534057617,20.8799991607666,21.06999969482422,17.737565994262695,79400
2022-04-26,20.969999313354492,21.1299991607666,20.799999237060547,20.959999084472656,17.644960403442383,81600
2022-04-27,20.90999984741211,21.0,20.899999618530273,20.899999618530273,17.594449996948242,51600
2022-04-28,20.969999313354492,21.18000030517578,20.8700008392334,21.09000015258789,17.75439453125,33300
2022-04-29,21.0,21.110000610351562,20.850000381469727,20.920000076293945,17.611284255981445,53900
2022-05-02,21.0,21.0,20.479999542236328,20.639999389648438,17.375568389892578,92200
2022-05-03,20.700000762939453,20.940000534057617,20.65999984741211,20.729999542236328,17.451335906982422,32400
2022-05-04,20.68000030517578,20.989999771118164,20.559999465942383,20.950000762939453,17.63654136657715,24700
2022-05-05,20.899999618530273,20.899999618530273,20.43000030517578,20.670000076293945,17.400827407836914,78100
2022-05-06,20.559999465942383,20.829999923706055,20.510000228881836,20.600000381469727,17.341899871826172,27800
2022-05-09,20.350000381469727,20.530000686645508,20.280000686645508,20.329999923706055,17.114601135253906,65800
2022-05-10,20.450000762939453,21.34000015258789,20.31999969482422,20.649999618530273,17.38398551940918,119100
2022-05-11,20.549999237060547,20.760000228881836,20.450000762939453,20.520000457763672,17.274547576904297,47000
2022-05-12,20.290000915527344,20.809999465942383,20.209999084472656,20.399999618530273,17.283872604370117,44900
2022-05-13,20.459999084472656,20.690000534057617,20.420000076293945,20.600000381469727,17.45332145690918,29800
2022-05-16,20.530000686645508,20.579999923706055,20.389999389648438,20.40999984741211,17.292343139648438,28900
2022-05-17,20.639999389648438,20.639999389648438,20.420000076293945,20.530000686645508,17.394012451171875,39100
2022-05-18,20.5,20.59000015258789,20.270000457763672,20.450000762939453,17.326234817504883,46000
2022-05-19,20.520000457763672,20.549999237060547,20.34000015258789,20.3799991607666,17.266925811767578,39500
2022-05-20,20.3799991607666,20.520000457763672,20.040000915527344,20.09000015258789,17.021224975585938,30200
2022-05-23,20.100000381469727,20.329999923706055,19.899999618530273,19.93000030517578,16.885662078857422,61300
2022-05-24,19.899999618530273,19.920000076293945,19.719999313354492,19.860000610351562,16.826356887817383,50000
2022-05-25,19.899999618530273,20.260000228881836,19.84000015258789,20.170000076293945,17.08900260925293,107300
2022-05-26,20.1200008392334,20.579999923706055,20.1200008392334,20.510000228881836,17.37706756591797,46300
2022-05-27,20.559999465942383,21.1200008392334,20.559999465942383,20.920000076293945,17.724437713623047,39500
2022-05-31,20.719999313354492,20.969999313354492,20.709999084472656,20.780000686645508,17.605825424194336,31400
2022-06-01,20.959999084472656,21.059999465942383,20.690000534057617,20.8700008392334,17.682077407836914,57400
2022-06-02,20.799999237060547,20.889999389648438,20.700000762939453,20.700000762939453,17.538042068481445,52600
2022-06-03,20.549999237060547,20.639999389648438,20.399999618530273,20.5,17.368593215942383,69300
2022-06-06,20.549999237060547,20.65999984741211,20.489999771118164,20.65999984741211,17.504154205322266,32000
2022-06-07,20.639999389648438,20.940000534057617,20.59000015258789,20.84000015258789,17.65665626525879,62100
2022-06-08,20.770000457763672,20.8700008392334,20.68000030517578,20.809999465942383,17.631242752075195,28400
2022-06-09,20.68000030517578,20.739999771118164,20.489999771118164,20.549999237060547,17.410959243774414,28700
2022-06-10,20.3799991607666,20.3799991607666,20.170000076293945,20.280000686645508,17.182201385498047,33500
2022-06-13,20.110000610351562,20.110000610351562,19.5,19.520000457763672,16.53829574584961,56900
2022-06-14,19.489999771118164,19.489999771118164,19.15999984741211,19.280000686645508,16.4453182220459,61800
2022-06-15,19.31999969482422,19.549999237060547,19.31999969482422,19.5,16.63297462463379,43100
2022-06-16,19.260000228881836,19.299999237060547,18.770000457763672,18.81999969482422,16.052946090698242,45400
2022-06-17,18.81999969482422,19.110000610351562,18.81999969482422,18.989999771118164,16.197956085205078,50700
2022-06-21,19.010000228881836,19.149999618530273,18.979999542236328,18.979999542236328,16.189424514770508,35000
2022-06-22,18.90999984741211,19.139999389648438,18.90999984741211,18.940000534057617,16.155305862426758,41000
2022-06-23,18.920000076293945,19.149999618530273,18.920000076293945,19.040000915527344,16.2406063079834,32700
2022-06-24,19.149999618530273,19.270000457763672,19.049999237060547,19.09000015258789,16.28325080871582,25300
2022-06-27,19.100000381469727,19.219999313354492,19.100000381469727,19.149999618530273,16.334428787231445,31400
2022-06-28,19.139999389648438,19.280000686645508,19.0,19.020000457763672,16.223543167114258,45300
2022-06-29,19.1299991607666,19.239999771118164,19.030000686645508,19.18000030517578,16.360023498535156,35200
2022-06-30,19.149999618530273,19.280000686645508,19.06999969482422,19.209999084472656,16.38560676574707,33400
2022-07-01,19.25,19.3700008392334,19.15999984741211,19.209999084472656,16.38560676574707,39000
2022-07-05,19.110000610351562,19.290000915527344,19.0,19.219999313354492,16.39413833618164,24600
2022-07-06,19.219999313354492,19.329999923706055,19.049999237060547,19.079999923706055,16.274728775024414,43600
2022-07-07,19.190000534057617,19.190000534057617,19.059999465942383,19.15999984741211,16.342958450317383,36300
2022-07-08,19.059999465942383,19.25,19.0,19.25,16.419729232788086,33400
2022-07-11,19.229999542236328,19.34000015258789,19.170000076293945,19.209999084472656,16.38560676574707,32700
2022-07-12,19.299999237060547,19.329999923706055,19.139999389648438,19.15999984741211,16.342958450317383,35800
2022-07-13,18.989999771118164,19.209999084472656,18.989999771118164,19.1200008392334,16.30884552001953,13800
2022-07-14,18.889999389648438,19.149999618530273,18.770000457763672,18.959999084472656,16.283935546875,24700
2022-07-15,19.010000228881836,19.110000610351562,19.0,19.079999923706055,16.386999130249023,26900
2022-07-18,19.059999465942383,19.1200008392334,18.93000030517578,18.93000030517578,16.258167266845703,47100
2022-07-19,19.040000915527344,19.260000228881836,18.989999771118164,19.260000228881836,16.541587829589844,49300
2022-07-20,19.190000534057617,19.469999313354492,19.190000534057617,19.440000534057617,16.696184158325195,44700
2022-07-21,19.420000076293945,19.6299991607666,19.309999465942383,19.559999465942383,16.799245834350586,28900
2022-07-22,19.56999969482422,19.790000915527344,19.56999969482422,19.709999084472656,16.928077697753906,40900
2022-07-25,19.719999313354492,19.84000015258789,19.670000076293945,19.739999771118164,16.95384407043457,54300
2022-07-26,19.850000381469727,19.920000076293945,19.709999084472656,19.760000228881836,16.971019744873047,38100
2022-07-27,19.780000686645508,19.989999771118164,19.770000457763672,19.959999084472656,17.142793655395508,30300
2022-07-28,20.0,20.299999237060547,19.979999542236328,20.25,17.391860961914062,39500
2022-07-29,20.299999237060547,20.549999237060547,20.270000457763672,20.510000228881836,17.61515998840332,29100
2022-08-01,20.639999389648438,20.979999542236328,20.510000228881836,20.889999389648438,17.9415340423584,55900
2022-08-02,20.889999389648438,20.989999771118164,20.81999969482422,20.899999618530273,17.950117111206055,51100
2022-08-03,21.040000915527344,21.219999313354492,20.93000030517578,20.959999084472656,18.00164794921875,71200
2022-08-04,20.940000534057617,21.110000610351562,20.940000534057617,20.969999313354492,18.010236740112305,28200
2022-08-05,20.920000076293945,21.139999389648438,20.780000686645508,20.920000076293945,17.9672908782959,36300
2022-08-08,20.989999771118164,21.25,20.969999313354492,21.030000686645508,18.061769485473633,29900
2022-08-09,21.059999465942383,21.15999984741211,20.8700008392334,20.920000076293945,17.9672908782959,42000
2022-08-10,21.010000228881836,21.219999313354492,21.010000228881836,21.110000610351562,18.130477905273438,27900
2022-08-11,21.15999984741211,21.31999969482422,21.030000686645508,21.149999618530273,18.164827346801758,73900
2022-08-12,21.15999984741211,21.200000762939453,20.8799991607666,21.06999969482422,18.208911895751953,33800
2022-08-15,21.0,21.219999313354492,21.0,21.209999084472656,18.329898834228516,79000
2022-08-16,21.219999313354492,21.34000015258789,21.040000915527344,21.059999465942383,18.20026206970215,41500
2022-08-17,21.059999465942383,21.09000015258789,20.56999969482422,20.860000610351562,18.027421951293945,39200
2022-08-18,20.920000076293945,20.989999771118164,20.81999969482422,20.899999618530273,18.06199073791504,44600
2022-08-19,20.84000015258789,20.8700008392334,20.6299991607666,20.700000762939453,17.88915252685547,38900
2022-08-22,20.68000030517578,20.68000030517578,20.43000030517578,20.549999237060547,17.759519577026367,58600
2022-08-23,20.520000457763672,20.760000228881836,20.209999084472656,20.280000686645508,17.526180267333984,34400
2022-08-24,20.280000686645508,20.510000228881836,20.260000228881836,20.270000457763672,17.51753807067871,34000
2022-08-25,20.360000610351562,20.479999542236328,20.25,20.260000228881836,17.508893966674805,23300
2022-08-26,20.260000228881836,20.43000030517578,20.149999618530273,20.15999984741211,17.422473907470703,34400
2022-08-29,20.1299991607666,20.18000030517578,19.950000762939453,20.010000228881836,17.292844772338867,30800
2022-08-30,20.06999969482422,20.239999771118164,19.809999465942383,19.950000762939453,17.240991592407227,64000
2022-08-31,20.059999465942383,20.149999618530273,19.829999923706055,19.90999984741211,17.206422805786133,30900
2022-09-01,19.889999389648438,19.889999389648438,19.5,19.56999969482422,16.91259002685547,62000
2022-09-02,19.700000762939453,19.799999237060547,19.59000015258789,19.709999084472656,17.03358268737793,51400
2022-09-06,19.700000762939453,19.799999237060547,19.649999618530273,19.719999313354492,17.04222297668457,32400
2022-09-07,19.709999084472656,19.81999969482422,19.65999984741211,19.780000686645508,17.09407615661621,42400
2022-09-08,19.780000686645508,19.940000534057617,19.770000457763672,19.8799991607666,17.180490493774414,26500
2022-09-09,19.959999084472656,20.0,19.84000015258789,19.93000030517578,17.223709106445312,28500
2022-09-12,20.0,20.200000762939453,19.979999542236328,20.110000610351562,17.37926483154297,32500
2022-09-13,19.969999313354492,20.209999084472656,19.90999984741211,19.950000762939453,17.240991592407227,41900
2022-09-14,19.959999084472656,20.010000228881836,19.799999237060547,19.899999618530273,17.31145477294922,23400
2022-09-15,19.850000381469727,19.899999618530273,19.75,19.81999969482422,17.241863250732422,16700
2022-09-16,19.690000534057617,19.690000534057617,19.440000534057617,19.450000762939453,16.91999626159668,50300
2022-09-19,19.489999771118164,19.540000915527344,19.309999465942383,19.3799991607666,16.859092712402344,28100
2022-09-20,19.40999984741211,19.420000076293945,19.110000610351562,19.239999771118164,16.737306594848633,48700
2022-09-21,19.299999237060547,19.350000381469727,19.200000762939453,19.25,16.74600601196289,22400
2022-09-22,19.200000762939453,19.219999313354492,19.0,19.0,16.528520584106445,62300
2022-09-23,18.8799991607666,18.959999084472656,18.700000762939453,18.780000686645508,16.337142944335938,83100
2022-09-26,18.719999313354492,18.90999984741211,18.530000686645508,18.530000686645508,16.119661331176758,32100
2022-09-27,18.59000015258789,18.649999618530273,18.420000076293945,18.510000228881836,16.102264404296875,61300
2022-09-28,18.510000228881836,18.739999771118164,18.510000228881836,18.709999084472656,16.27625274658203,20000
2022-09-29,18.610000610351562,18.610000610351562,18.260000228881836,18.309999465942383,15.928277015686035,50100
2022-09-30,18.299999237060547,18.489999771118164,18.299999237060547,18.420000076293945,16.023967742919922,26900
2022-10-03,18.6299991607666,18.690000534057617,18.329999923706055,18.3799991607666,15.989171028137207,76300
2022-10-04,18.489999771118164,18.68000030517578,18.3799991607666,18.68000030517578,16.250150680541992,56300
2022-10-05,18.649999618530273,18.649999618530273,18.329999923706055,18.579999923706055,16.16315460205078,52700
2022-10-06,18.639999389648438,18.639999389648438,18.43000030517578,18.469999313354492,16.06746482849121,27400
2022-10-07,18.399999618530273,18.459999084472656,18.1299991607666,18.1299991607666,15.771690368652344,35300
2022-10-10,18.1299991607666,18.15999984741211,18.1200008392334,18.1200008392334,15.7629976272583,25200
2022-10-11,18.110000610351562,18.209999084472656,18.049999237060547,18.100000381469727,15.745593070983887,32000
2022-10-12,18.15999984741211,18.299999237060547,18.139999389648438,18.209999084472656,15.841285705566406,17900
2022-10-13,17.920000076293945,18.260000228881836,17.850000381469727,18.15999984741211,15.906102180480957,42800
2022-10-14,18.15999984741211,18.18000030517578,17.790000915527344,17.790000915527344,15.582022666931152,56000
2022-10-17,17.989999771118164,18.0,17.670000076293945,17.700000762939453,15.503193855285645,38900
2022-10-18,17.790000915527344,17.860000610351562,17.719999313354492,17.799999237060547,15.590779304504395,56600
2022-10-19,17.790000915527344,17.790000915527344,17.649999618530273,17.729999542236328,15.52946949005127,34100
2022-10-20,17.760000228881836,17.8700008392334,17.6200008392334,17.639999389648438,15.450643539428711,33900
2022-10-21,17.56999969482422,17.639999389648438,17.40999984741211,17.579999923706055,15.398088455200195,41700
2022-10-24,17.530000686645508,17.709999084472656,17.479999542236328,17.6299991607666,15.441880226135254,53300
2022-10-25,17.68000030517578,17.889999389648438,17.68000030517578,17.860000610351562,15.643338203430176,38600
2022-10-26,17.8700008392334,17.989999771118164,17.790000915527344,17.84000015258789,15.625821113586426,54500
2022-10-27,17.950000762939453,18.09000015258789,17.899999618530273,18.079999923706055,15.836030006408691,35600
2022-10-28,18.149999618530273,18.25,18.139999389648438,18.25,15.984931945800781,27700
2022-10-31,18.290000915527344,18.290000915527344,18.040000915527344,18.079999923706055,15.836030006408691,31400
2022-11-01,18.299999237060547,18.329999923706055,18.09000015258789,18.139999389648438,15.888585090637207,61400
2022-11-02,18.09000015258789,18.350000381469727,18.09000015258789,18.139999389648438,15.888585090637207,45600
2022-11-03,18.09000015258789,18.100000381469727,17.959999084472656,18.030000686645508,15.792240142822266,20900
2022-11-04,18.06999969482422,18.18000030517578,17.93000030517578,17.93000030517578,15.704648971557617,26400
2022-11-07,17.940000534057617,18.0,17.899999618530273,17.920000076293945,15.695890426635742,75200
2022-11-08,17.959999084472656,18.139999389648438,17.959999084472656,18.1200008392334,15.871073722839355,78200
2022-11-09,18.1200008392334,18.1200008392334,17.979999542236328,17.979999542236328,15.748442649841309,27400
2022-11-10,18.260000228881836,18.59000015258789,18.260000228881836,18.489999771118164,16.195146560668945,55900
2022-11-11,18.440000534057617,18.579999923706055,18.440000534057617,18.489999771118164,16.195146560668945,44300
2022-11-14,18.3799991607666,18.5,18.299999237060547,18.299999237060547,16.136943817138672,62600
2022-11-15,18.3700008392334,18.59000015258789,18.3700008392334,18.5,16.31330680847168,52700
2022-11-16,18.5,18.649999618530273,18.489999771118164,18.520000457763672,16.330942153930664,60600
2022-11-17,18.350000381469727,18.700000762939453,18.34000015258789,18.670000076293945,16.46321678161621,84400
2022-11-18,18.75,19.030000686645508,18.700000762939453,19.0,16.75420379638672,53600
2022-11-21,19.010000228881836,19.079999923706055,18.90999984741211,19.0,16.75420379638672,82500
2022-11-22,19.15999984741211,19.15999984741211,18.989999771118164,19.139999389648438,16.877660751342773,44900
2022-11-23,19.25,19.25,19.049999237060547,19.06999969482422,16.815937042236328,37000
2022-11-25,19.170000076293945,19.209999084472656,19.09000015258789,19.18000030517578,16.912931442260742,29700
2022-11-28,19.200000762939453,19.209999084472656,19.1200008392334,19.170000076293945,16.90411376953125,29500
2022-11-29,19.209999084472656,19.290000915527344,19.06999969482422,19.110000610351562,16.8512020111084,59400
2022-11-30,19.229999542236328,19.360000610351562,19.100000381469727,19.350000381469727,17.062837600708008,48000
2022-12-01,19.59000015258789,19.6299991607666,19.229999542236328,19.440000534057617,17.142202377319336,85200
2022-12-02,19.280000686645508,19.350000381469727,19.049999237060547,19.059999465942383,16.807113647460938,46400
2022-12-05,19.0,19.260000228881836,19.0,19.079999923706055,16.824748992919922,91200
2022-12-06,19.079999923706055,19.219999313354492,18.950000762939453,19.06999969482422,16.815937042236328,69600
2022-12-07,19.059999465942383,19.18000030517578,19.0,19.030000686645508,16.780662536621094,43000
2022-12-08,19.049999237060547,19.18000030517578,18.989999771118164,18.989999771118164,16.745386123657227,59600
2022-12-09,18.979999542236328,19.149999618530273,18.940000534057617,18.950000762939453,16.710115432739258,44800
2022-12-12,19.06999969482422,19.280000686645508,18.989999771118164,19.010000228881836,16.763025283813477,70000
2022-12-13,19.309999465942383,19.34000015258789,19.139999389648438,19.229999542236328,16.957021713256836,70000
2022-12-14,19.18000030517578,19.479999542236328,19.15999984741211,19.399999618530273,17.21794891357422,86600
2022-12-15,19.34000015258789,19.43000030517578,19.15999984741211,19.239999771118164,17.07595443725586,48700
2022-12-16,19.139999389648438,19.399999618530273,19.010000228881836,19.049999237060547,16.907316207885742,51200
2022-12-19,19.139999389648438,19.139999389648438,18.610000610351562,18.6299991607666,16.534557342529297,84300
2022-12-20,18.68000030517578,18.75,18.610000610351562,18.739999771118164,16.632186889648438,87400
2022-12-21,18.889999389648438,18.940000534057617,18.780000686645508,18.940000534057617,16.809690475463867,77600
2022-12-22,18.93000030517578,18.969999313354492,18.780000686645508,18.8799991607666,16.756439208984375,56300
2022-12-23,18.940000534057617,19.06999969482422,18.829999923706055,18.93000030517578,16.800811767578125,50000
2022-12-27,18.979999542236328,18.979999542236328,18.43000030517578,18.56999969482422,16.48130989074707,101600
2022-12-28,18.489999771118164,18.68000030517578,18.420000076293945,18.469999313354492,16.392555236816406,89900
2022-12-29,18.579999923706055,18.670000076293945,18.479999542236328,18.579999923706055,16.490177154541016,79000
2022-12-30,18.59000015258789,18.709999084472656,18.43000030517578,18.579999923706055,16.490177154541016,142500
2023-01-03,18.700000762939453,18.770000457763672,18.510000228881836,18.670000076293945,16.570064544677734,74400
2023-01-04,18.719999313354492,19.059999465942383,18.700000762939453,19.040000915527344,16.898448944091797,65600
2023-01-05,18.899999618530273,19.06999969482422,18.6200008392334,19.020000457763672,16.88069725036621,73000
2023-01-06,19.110000610351562,19.260000228881836,19.030000686645508,19.190000534057617,17.031572341918945,25500
2023-01-09,19.299999237060547,19.299999237060547,19.1299991607666,19.15999984741211,17.004947662353516,47300
2023-01-10,19.239999771118164,19.420000076293945,19.1299991607666,19.40999984741211,17.226831436157227,47200
2023-01-11,19.459999084472656,19.780000686645508,19.420000076293945,19.760000228881836,17.53746223449707,99300
2023-01-12,19.780000686645508,20.0,19.549999237060547,19.989999771118164,17.845449447631836,54700
2023-01-13,19.989999771118164,19.989999771118164,19.75,19.84000015258789,17.711538314819336,42500
2023-01-17,19.700000762939453,19.940000534057617,19.670000076293945,19.75,17.63119888305664,46900
2023-01-18,19.760000228881836,19.989999771118164,19.760000228881836,19.799999237060547,17.675830841064453,57700
2023-01-19,19.75,19.950000762939453,19.700000762939453,19.719999313354492,17.604413986206055,43500
2023-01-20,19.719999313354492,19.950000762939453,19.719999313354492,19.84000015258789,17.711538314819336,36900
2023-01-23,19.899999618530273,20.149999618530273,19.8799991607666,20.06999969482422,17.9168643951416,44200
2023-01-24,20.280000686645508,20.299999237060547,19.809999465942383,19.809999465942383,17.68476104736328,75100
2023-01-25,19.829999923706055,19.969999313354492,19.790000915527344,19.860000610351562,17.729398727416992,57800
2023-01-26,19.90999984741211,19.989999771118164,19.850000381469727,19.8700008392334,17.738325119018555,40100
2023-01-27,19.93000030517578,20.020000457763672,19.90999984741211,19.969999313354492,17.82759666442871,31900
2023-01-30,19.969999313354492,20.100000381469727,19.920000076293945,20.049999237060547,17.899009704589844,79900
2023-01-31,20.09000015258789,20.3700008392334,20.06999969482422,20.3700008392334,18.18468475341797,70600
2023-02-01,20.479999542236328,20.65999984741211,20.309999465942383,20.6200008392334,18.407861709594727,105900
2023-02-02,20.670000076293945,20.75,20.479999542236328,20.549999237060547,18.345369338989258,48200
2023-02-03,20.469999313354492,20.559999465942383,20.3700008392334,20.399999618530273,18.211463928222656,23800
2023-02-06,20.440000534057617,20.440000534057617,20.15999984741211,20.229999542236328,18.059703826904297,38000
2023-02-07,20.219999313354492,20.31999969482422,20.18000030517578,20.260000228881836,18.086483001708984,30100
2023-02-08,20.270000457763672,20.420000076293945,20.1200008392334,20.170000076293945,18.006139755249023,38900
2023-02-09,20.209999084472656,20.450000762939453,20.100000381469727,20.100000381469727,17.943645477294922,64600
2023-02-10,20.100000381469727,20.18000030517578,19.90999984741211,20.0,17.854373931884766,65700
2023-02-13,20.110000610351562,20.1200008392334,20.030000686645508,20.079999923706055,17.925792694091797,33100
2023-02-14,20.059999465942383,20.059999465942383,19.84000015258789,19.93000030517578,17.894367218017578,41800
2023-02-15,19.90999984741211,19.90999984741211,19.809999465942383,19.8700008392334,17.840499877929688,32000
2023-02-16,19.799999237060547,19.860000610351562,19.68000030517578,19.690000534057617,17.678884506225586,55600
2023-02-17,19.639999389648438,19.700000762939453,19.600000381469727,19.639999389648438,17.633989334106445,39300
2023-02-21,19.5,19.56999969482422,19.09000015258789,19.149999618530273,17.194034576416016,89100
2023-02-22,19.170000076293945,19.34000015258789,19.15999984741211,19.219999313354492,17.25688934326172,52700
2023-02-23,19.239999771118164,19.3700008392334,19.229999542236328,19.34000015258789,17.36463165283203,36600
2023-02-24,19.200000762939453,19.360000610351562,19.200000762939453,19.329999923706055,17.35565757751465,65600
2023-02-27,19.329999923706055,19.459999084472656,19.329999923706055,19.399999618530273,17.418502807617188,46500
2023-02-28,19.399999618530273,19.56999969482422,19.399999618530273,19.56999969482422,17.571138381958008,25100
2023-03-01,19.469999313354492,19.690000534057617,19.469999313354492,19.6200008392334,17.616037368774414,61900
2023-03-02,19.649999618530273,19.649999618530273,19.559999465942383,19.579999923706055,17.580116271972656,36000
2023-03-03,19.610000610351562,19.790000915527344,19.610000610351562,19.729999542236328,17.71479606628418,29300
2023-03-06,19.790000915527344,19.809999465942383,19.6299991607666,19.65999984741211,17.651948928833008,38400
2023-03-07,19.6299991607666,19.739999771118164,19.59000015258789,19.59000015258789,17.589096069335938,25000
2023-03-08,19.579999923706055,19.68000030517578,19.579999923706055,19.6299991607666,17.625011444091797,35700
2023-03-09,19.59000015258789,19.709999084472656,19.309999465942383,19.31999969482422,17.34667205810547,38000
2023-03-10,19.290000915527344,19.299999237060547,19.0,19.0,17.05935287475586,68800
2023-03-13,18.719999313354492,18.719999313354492,18.270000457763672,18.459999084472656,16.57451629638672,58100
2023-03-14,18.68000030517578,18.969999313354492,18.309999465942383,18.389999389648438,16.615169525146484,46200
2023-03-15,18.329999923706055,18.34000015258789,17.809999465942383,17.940000534057617,16.208602905273438,37900
2023-03-16,17.790000915527344,17.989999771118164,17.56999969482422,17.780000686645508,16.064043045043945,52700
2023-03-17,17.75,17.75,17.06999969482422,17.09000015258789,15.440637588500977,39300
2023-03-20,16.989999771118164,16.989999771118164,16.360000610351562,16.389999389648438,14.808192253112793,114400
2023-03-21,16.489999771118164,16.56999969482422,16.110000610351562,16.18000030517578,14.618460655212402,107300
2023-03-22,16.239999771118164,16.399999618530273,16.139999389648438,16.219999313354492,14.654597282409668,65600
2023-03-23,16.290000915527344,16.540000915527344,16.290000915527344,16.399999618530273,14.817228317260742,52700
2023-03-24,16.3700008392334,16.510000228881836,16.15999984741211,16.40999984741211,14.826262474060059,43500
2023-03-27,16.530000686645508,16.68000030517578,16.350000381469727,16.559999465942383,14.96178913116455,67300
2023-03-28,16.639999389648438,16.729999542236328,16.43000030517578,16.479999542236328,14.889508247375488,51600
2023-03-29,16.549999237060547,16.8799991607666,16.549999237060547,16.719999313354492,15.106342315673828,50000
2023-03-30,16.850000381469727,17.040000915527344,16.829999923706055,16.950000762939453,15.31414794921875,51000
2023-03-31,17.049999237060547,17.6299991607666,17.020000457763672,17.6299991607666,15.928519248962402,87800
2023-04-03,17.719999313354492,17.8799991607666,17.600000381469727,17.829999923706055,16.109216690063477,121800
2023-04-04,17.760000228881836,17.8799991607666,17.25,17.25,15.585192680358887,65300
2023-04-05,17.260000228881836,17.479999542236328,17.25,17.450000762939453,15.765894889831543,100800
2023-04-06,17.360000610351562,17.510000228881836,17.34000015258789,17.450000762939453,15.765894889831543,45300
2023-04-10,17.329999923706055,17.459999084472656,17.31999969482422,17.420000076293945,15.738786697387695,39500
2023-04-11,17.549999237060547,17.68000030517578,17.40999984741211,17.450000762939453,15.765894889831543,45100
2023-04-12,17.56999969482422,17.860000610351562,17.329999923706055,17.34000015258789,15.666509628295898,60200
2023-04-13,17.290000915527344,17.639999389648438,17.170000076293945,17.219999313354492,15.646514892578125,79300
2023-04-14,17.219999313354492,17.399999618530273,17.100000381469727,17.170000076293945,15.601086616516113,43000
2023-04-17,17.239999771118164,17.520000457763672,17.110000610351562,17.3799991607666,15.79189395904541,97600
2023-04-18,17.34000015258789,17.3799991607666,17.149999618530273,17.18000030517578,15.610176086425781,43800
2023-04-19,17.1200008392334,17.1200008392334,16.899999618530273,17.040000915527344,15.482967376708984,74700
2023-04-20,16.979999542236328,17.209999084472656,16.969999313354492,17.06999969482422,15.51022720336914,48900
2023-04-21,17.09000015258789,17.170000076293945,16.920000076293945,17.1200008392334,15.55565357208252,51100
2023-04-24,17.1299991607666,17.25,17.0,17.149999618530273,15.582913398742676,51000
2023-04-25,17.209999084472656,17.209999084472656,16.860000610351562,16.950000762939453,15.401189804077148,39900
2023-04-26,17.030000686645508,17.1299991607666,16.940000534057617,16.940000534057617,15.392105102539062,36700
2023-04-27,16.93000030517578,17.040000915527344,16.90999984741211,16.959999084472656,15.410271644592285,39500
2023-04-28,17.0,17.190000534057617,16.920000076293945,17.040000915527344,15.482967376708984,48200
2023-05-01,17.040000915527344,17.049999237060547,16.8799991607666,16.90999984741211,15.364842414855957,52900
2023-05-02,16.889999389648438,16.920000076293945,16.75,16.780000686645508,15.246724128723145,51900
2023-05-03,16.709999084472656,16.8799991607666,16.559999465942383,16.56999969482422,15.055912971496582,53600
2023-05-04,16.479999542236328,16.489999771118164,16.329999923706055,16.350000381469727,14.856012344360352,51800
2023-05-05,16.399999618530273,16.610000610351562,16.399999618530273,16.559999465942383,15.046828269958496,43900
2023-05-08,16.540000915527344,16.540000915527344,16.3799991607666,16.40999984741211,14.910531997680664,32300
2023-05-09,16.440000534057617,16.56999969482422,16.290000915527344,16.350000381469727,14.856012344360352,68400
2023-05-10,16.420000076293945,16.489999771118164,16.149999618530273,16.190000534057617,14.710636138916016,33100
2023-05-11,16.209999084472656,16.280000686645508,16.110000610351562,16.1299991607666,14.656116485595703,26100
2023-05-12,16.15999984741211,16.229999542236328,16.020000457763672,16.100000381469727,14.718280792236328,56700
2023-05-15,16.059999465942383,16.270000457763672,16.049999237060547,16.219999313354492,14.827980041503906,37800
2023-05-16,16.100000381469727,16.3700008392334,16.079999923706055,16.209999084472656,14.818840026855469,39100
2023-05-17,16.31999969482422,16.399999618530273,16.100000381469727,16.31999969482422,14.919398307800293,63500
2023-05-18,16.3799991607666,16.469999313354492,16.280000686645508,16.31999969482422,14.919398307800293,40200
2023-05-19,16.299999237060547,16.399999618530273,16.18000030517578,16.260000228881836,14.864547729492188,49100
2023-05-22,16.280000686645508,16.450000762939453,16.280000686645508,16.3700008392334,14.965108871459961,75500
2023-05-23,16.329999923706055,16.40999984741211,16.280000686645508,16.350000381469727,14.946824073791504,52000
2023-05-24,16.43000030517578,16.469999313354492,16.3799991607666,16.43000030517578,15.019960403442383,43800
2023-05-25,16.450000762939453,16.530000686645508,16.31999969482422,16.440000534057617,15.029099464416504,35500
2023-05-26,16.479999542236328,16.6299991607666,16.479999542236328,16.600000381469727,15.175370216369629,44100
2023-05-30,16.610000610351562,16.899999618530273,16.610000610351562,16.8700008392334,15.422199249267578,60900
2023-05-31,16.899999618530273,17.040000915527344,16.860000610351562,17.0,15.54104232788086,59000
2023-06-01,17.100000381469727,17.139999389648438,16.8799991607666,17.06999969482422,15.605037689208984,74600
2023-06-02,17.079999923706055,17.18000030517578,16.979999542236328,17.020000457763672,15.559324264526367,51300
2023-06-05,17.020000457763672,17.100000381469727,16.959999084472656,16.969999313354492,15.513618469238281,49500
2023-06-06,17.010000228881836,17.260000228881836,16.959999084472656,17.15999984741211,15.687309265136719,68800
2023-06-07,17.239999771118164,17.309999465942383,17.1299991607666,17.200000762939453,15.723877906799316,33600
2023-06-08,17.25,17.360000610351562,17.170000076293945,17.34000015258789,15.8518648147583,48800
2023-06-09,17.270000457763672,17.479999542236328,17.270000457763672,17.40999984741211,15.915855407714844,21600
2023-06-12,17.399999618530273,17.399999618530273,16.93000030517578,17.049999237060547,15.586749076843262,106400
2023-06-13,17.110000610351562,17.15999984741211,17.010000228881836,17.010000228881836,15.550182342529297,36500
2023-06-14,16.8799991607666,17.059999465942383,16.84000015258789,16.84000015258789,15.483983039855957,97400
2023-06-15,16.770000457763672,16.979999542236328,16.729999542236328,16.899999618530273,15.539148330688477,41800
2023-06-16,16.8700008392334,16.8799991607666,16.799999237060547,16.81999969482422,15.465594291687012,54000
2023-06-20,16.75,16.969999313354492,16.75,16.84000015258789,15.483983039855957,69700
2023-06-21,16.799999237060547,16.850000381469727,16.75,16.760000228881836,15.410420417785645,70500
2023-06-22,16.75,16.75,16.68000030517578,16.739999771118164,15.392032623291016,48600
2023-06-23,16.739999771118164,16.84000015258789,16.68000030517578,16.690000534057617,15.346060752868652,62500
2023-06-26,16.65999984741211,16.809999465942383,16.65999984741211,16.700000762939453,15.355256080627441,35400
2023-06-27,16.760000228881836,16.860000610351562,16.690000534057617,16.739999771118164,15.392032623291016,80300
2023-06-28,16.790000915527344,16.959999084472656,16.790000915527344,16.90999984741211,15.54834270477295,37200
2023-06-29,17.0,17.059999465942383,16.799999237060547,16.850000381469727,15.493176460266113,44800
2023-06-30,16.850000381469727,16.959999084472656,16.780000686645508,16.790000915527344,15.438006401062012,56400
2023-07-03,16.899999618530273,17.0,16.850000381469727,16.93000030517578,15.566734313964844,52600
2023-07-05,16.90999984741211,16.93000030517578,16.799999237060547,16.850000381469727,15.493176460266113,47300
2023-07-06,16.799999237060547,16.860000610351562,16.770000457763672,16.780000686645508,15.428811073303223,36200
2023-07-07,16.799999237060547,16.950000762939453,16.760000228881836,16.920000076293945,15.557539939880371,31700
2023-07-10,16.829999923706055,16.93000030517578,16.829999923706055,16.889999389648438,15.529953956604004,44100
2023-07-11,16.8799991607666,17.06999969482422,16.8799991607666,17.020000457763672,15.64948558807373,84700
2023-07-12,17.059999465942383,17.15999984741211,17.020000457763672,17.020000457763672,15.64948558807373,115700
2023-07-13,16.940000534057617,17.1299991607666,16.940000534057617,17.049999237060547,15.767861366271973,53500
2023-07-14,17.079999923706055,17.149999618530273,17.030000686645508,17.06999969482422,15.786359786987305,31100
2023-07-17,17.1200008392334,17.239999771118164,17.049999237060547,17.09000015258789,15.804854393005371,92100
2023-07-18,17.010000228881836,17.049999237060547,16.920000076293945,16.950000762939453,15.675381660461426,66400
2023-07-19,16.950000762939453,17.219999313354492,16.950000762939453,17.049999237060547,15.767861366271973,187100
2023-07-20,17.09000015258789,17.100000381469727,16.940000534057617,16.969999313354492,15.693876266479492,74500
2023-07-21,17.059999465942383,17.09000015258789,16.950000762939453,17.010000228881836,15.730870246887207,80500
2023-07-24,17.049999237060547,17.149999618530273,17.020000457763672,17.1200008392334,15.832601547241211,163100
2023-07-25,17.149999618530273,17.239999771118164,17.09000015258789,17.09000015258789,15.804854393005371,62600
2023-07-26,17.15999984741211,17.31999969482422,17.15999984741211,17.239999771118164,15.943572998046875,47900
2023-07-27,17.31999969482422,17.559999465942383,17.309999465942383,17.350000381469727,16.045303344726562,72600
2023-07-28,17.450000762939453,17.510000228881836,17.420000076293945,17.489999771118164,16.17477035522461,52900
2023-07-31,17.5,17.6299991607666,17.469999313354492,17.6299991607666,16.304248809814453,45800
2023-08-01,17.670000076293945,17.729999542236328,17.479999542236328,17.520000457763672,16.202518463134766,75300
2023-08-02,17.469999313354492,17.639999389648438,17.420000076293945,17.559999465942383,16.23950958251953,34500
2023-08-03,17.440000534057617,17.6200008392334,17.350000381469727,17.520000457763672,16.202518463134766,52100
2023-08-04,17.579999923706055,17.8799991607666,17.5,17.8799991607666,16.535442352294922,121100
2023-08-07,17.84000015258789,17.8799991607666,17.700000762939453,17.75,16.415220260620117,47200
2023-08-08,17.729999542236328,17.8700008392334,17.600000381469727,17.639999389648438,16.313495635986328,62300
2023-08-09,17.56999969482422,17.690000534057617,17.549999237060547,17.549999237060547,16.230262756347656,30600
2023-08-10,17.579999923706055,17.780000686645508,17.40999984741211,17.40999984741211,16.10079002380371,28400
2023-08-11,17.3799991607666,17.579999923706055,17.34000015258789,17.34000015258789,16.036056518554688,39700
2023-08-14,17.09000015258789,17.34000015258789,17.09000015258789,17.31999969482422,16.108598709106445,62600
2023-08-15,17.219999313354492,17.350000381469727,17.139999389648438,17.170000076293945,15.969090461730957,72800
2023-08-16,17.170000076293945,17.280000686645508,17.110000610351562,17.1200008392334,15.922588348388672,107900
2023-08-17,17.06999969482422,17.110000610351562,17.0,17.059999465942383,15.866779327392578,53100
2023-08-18,17.030000686645508,17.18000030517578,17.010000228881836,17.09000015258789,15.894683837890625,87000
2023-08-21,17.18000030517578,17.18000030517578,16.979999542236328,17.0,15.810978889465332,25200
2023-08-22,17.06999969482422,17.110000610351562,17.040000915527344,17.059999465942383,15.866779327392578,37400
2023-08-23,17.149999618530273,17.25,17.06999969482422,17.219999313354492,16.015592575073242,41500
2023-08-24,17.270000457763672,17.389999389648438,17.15999984741211,17.239999771118164,16.034194946289062,61100
2023-08-25,17.280000686645508,17.360000610351562,17.170000076293945,17.31999969482422,16.108598709106445,38400
2023-08-28,17.34000015258789,17.350000381469727,17.229999542236328,17.229999542236328,16.024890899658203,22400
2023-08-29,17.219999313354492,17.3700008392334,17.219999313354492,17.350000381469727,16.136499404907227,33900
2023-08-30,17.3700008392334,17.469999313354492,17.31999969482422,17.360000610351562,16.145801544189453,37600
2023-08-31,17.389999389648438,17.56999969482422,17.389999389648438,17.450000762939453,16.22950553894043,26000
2023-09-01,17.56999969482422,17.690000534057617,17.43000030517578,17.479999542236328,16.257404327392578,36100
2023-09-05,17.459999084472656,17.459999084472656,17.209999084472656,17.270000457763672,16.062095642089844,63800
2023-09-06,17.329999923706055,17.329999923706055,17.190000534057617,17.200000762939453,15.996988296508789,26800
2023-09-07,17.200000762939453,17.389999389648438,17.200000762939453,17.229999542236328,16.024890899658203,25200
2023-09-08,17.15999984741211,17.329999923706055,17.15999984741211,17.219999313354492,16.015592575073242,25100
2023-09-11,17.299999237060547,17.299999237060547,17.190000534057617,17.219999313354492,16.015592575073242,24900
2023-09-12,17.149999618530273,17.239999771118164,17.1299991607666,17.149999618530273,15.95048999786377,65300
2023-09-13,17.209999084472656,17.3799991607666,17.209999084472656,17.309999465942383,16.09929847717285,24500
2023-09-14,17.25,17.34000015258789,17.190000534057617,17.229999542236328,16.116130828857422,23400
2023-09-15,17.200000762939453,17.239999771118164,17.149999618530273,17.15999984741211,16.050657272338867,30000
2023-09-18,17.15999984741211,17.31999969482422,17.09000015258789,17.170000076293945,16.060012817382812,57100
2023-09-19,17.139999389648438,17.309999465942383,17.110000610351562,17.260000228881836,16.144197463989258,64700
2023-09-20,17.34000015258789,17.34000015258789,17.15999984741211,17.25,16.13484001159668,38800
2023-09-21,17.170000076293945,17.200000762939453,17.049999237060547,17.049999237060547,15.947771072387695,38400
2023-09-22,17.110000610351562,17.260000228881836,17.110000610351562,17.209999084472656,16.097427368164062,22400
2023-09-25,17.170000076293945,17.200000762939453,17.0,17.100000381469727,15.994537353515625,34000
2023-09-26,17.030000686645508,17.139999389648438,16.90999984741211,16.950000762939453,15.854235649108887,74000
2023-09-27,16.950000762939453,17.09000015258789,16.950000762939453,17.040000915527344,15.938419342041016,47000
2023-09-28,16.989999771118164,17.09000015258789,16.979999542236328,17.049999237060547,15.947771072387695,44700
2023-09-29,17.06999969482422,17.290000915527344,17.06999969482422,17.170000076293945,16.060012817382812,20600
2023-10-02,17.209999084472656,17.260000228881836,16.760000228881836,16.850000381469727,15.760700225830078,81200
2023-10-03,16.81999969482422,16.860000610351562,16.639999389648438,16.790000915527344,15.704575538635254,67400
2023-10-04,16.760000228881836,16.8799991607666,16.760000228881836,16.790000915527344,15.704575538635254,29600
2023-10-05,16.75,16.809999465942383,16.65999984741211,16.75,15.667165756225586,36200
2023-10-06,16.700000762939453,16.729999542236328,16.600000381469727,16.639999389648438,15.564275741577148,30700
2023-10-09,16.56999969482422,16.739999771118164,16.540000915527344,16.559999465942383,15.489444732666016,55300
2023-10-10,16.610000610351562,16.729999542236328,16.56999969482422,16.700000762939453,15.62039852142334,45400
2023-10-11,16.760000228881836,16.84000015258789,16.579999923706055,16.600000381469727,15.526863098144531,105100
2023-10-12,16.559999465942383,16.600000381469727,16.5,16.540000915527344,15.56261920928955,65000
2023-10-13,16.579999923706055,16.649999618530273,16.5,16.559999465942383,15.581436157226562,40400
2023-10-16,16.579999923706055,16.639999389648438,16.520000457763672,16.579999923706055,15.600252151489258,69600
2023-10-17,16.5,16.739999771118164,16.459999084472656,16.639999389648438,15.65670394897461,63200
2023-10-18,16.639999389648438,16.639999389648438,16.549999237060547,16.579999923706055,15.600252151489258,41800
2023-10-19,16.56999969482422,16.65999984741211,16.450000762939453,16.510000228881836,15.53438949584961,53900
2023-10-20,16.479999542236328,16.65999984741211,16.479999542236328,16.6299991607666,15.647297859191895,42700
2023-10-23,16.65999984741211,16.690000534057617,16.540000915527344,16.579999923706055,15.600252151489258,32100
2023-10-24,16.56999969482422,16.700000762939453,16.530000686645508,16.559999465942383,15.581436157226562,45300
2023-10-25,16.540000915527344,16.540000915527344,16.34000015258789,16.360000610351562,15.3932523727417,58500
2023-10-26,16.350000381469727,16.389999389648438,16.280000686645508,16.290000915527344,15.32738971710205,97200
2023-10-27,16.260000228881836,16.3799991607666,16.25,16.280000686645508,15.31797981262207,45600
2023-10-30,16.34000015258789,16.420000076293945,16.270000457763672,16.420000076293945,15.449706077575684,31700
2023-10-31,16.5,16.559999465942383,16.420000076293945,16.489999771118164,15.515571594238281,53600
2023-11-01,16.489999771118164,16.770000457763672,16.469999313354492,16.709999084472656,15.722570419311523,56000
2023-11-02,16.799999237060547,17.09000015258789,16.799999237060547,17.030000686645508,16.023656845092773,59000
2023-11-03,17.139999389648438,17.299999237060547,17.110000610351562,17.190000534057617,16.174205780029297,41200
2023-11-06,17.190000534057617,17.239999771118164,16.899999618530273,16.940000534057617,15.938979148864746,41300
2023-11-07,16.940000534057617,17.06999969482422,16.90999984741211,16.969999313354492,15.967205047607422,83900
2023-11-08,16.979999542236328,17.020000457763672,16.920000076293945,16.959999084472656,15.957792282104492,30800
2023-11-09,16.920000076293945,17.030000686645508,16.809999465942383,16.920000076293945,15.920158386230469,55800
2023-11-10,16.93000030517578,17.139999389648438,16.93000030517578,17.059999465942383,16.051889419555664,55300
2023-11-13,16.989999771118164,17.079999923706055,16.969999313354492,17.049999237060547,16.042476654052734,51900
2023-11-14,17.09000015258789,17.260000228881836,17.09000015258789,17.15999984741211,16.239316940307617,61100
2023-11-15,17.219999313354492,17.219999313354492,17.0,17.06999969482422,16.154150009155273,46500
2023-11-16,17.06999969482422,17.200000762939453,17.06999969482422,17.170000076293945,16.248783111572266,30700
2023-11-17,17.200000762939453,17.209999084472656,17.110000610351562,17.18000030517578,16.25824737548828,52800
2023-11-20,17.18000030517578,17.260000228881836,17.149999618530273,17.25,16.324491500854492,69100
2023-11-21,17.229999542236328,17.299999237060547,17.18000030517578,17.229999542236328,16.305559158325195,61000
2023-11-22,17.290000915527344,17.329999923706055,17.25,17.309999465942383,16.38127326965332,54500
2023-11-24,17.280000686645508,17.469999313354492,17.280000686645508,17.420000076293945,16.485370635986328,12700
2023-11-27,17.459999084472656,17.5,17.3799991607666,17.420000076293945,16.485370635986328,34800
2023-11-28,17.399999618530273,17.600000381469727,17.3700008392334,17.510000228881836,16.570541381835938,66500
2023-11-29,17.530000686645508,17.719999313354492,17.530000686645508,17.65999984741211,16.712491989135742,60800
2023-11-30,17.65999984741211,17.729999542236328,17.540000915527344,17.6299991607666,16.684101104736328,68500
2023-12-01,17.690000534057617,17.780000686645508,17.600000381469727,17.760000228881836,16.80712890625,50900
2023-12-04,17.670000076293945,17.799999237060547,17.670000076293945,17.68000030517578,16.73141860961914,74600
2023-12-05,17.690000534057617,17.850000381469727,17.690000534057617,17.799999237060547,16.844980239868164,51500
2023-12-06,17.799999237060547,17.940000534057617,17.799999237060547,17.829999923706055,16.873369216918945,77000
2023-12-07,17.850000381469727,17.950000762939453,17.790000915527344,17.850000381469727,16.89229965209961,79000
2023-12-08,17.799999237060547,17.920000076293945,17.799999237060547,17.84000015258789,16.882837295532227,62200
2023-12-11,17.84000015258789,17.8700008392334,17.760000228881836,17.84000015258789,16.882837295532227,84700
2023-12-12,17.84000015258789,17.899999618530273,17.809999465942383,17.8700008392334,16.911226272583008,91100
2023-12-13,17.809999465942383,18.049999237060547,17.809999465942383,17.90999984741211,16.949079513549805,140100
2023-12-14,17.889999389648438,18.440000534057617,17.889999389648438,18.25,17.36585807800293,134100
2023-12-15,18.290000915527344,18.360000610351562,18.06999969482422,18.079999923706055,17.204097747802734,77800
2023-12-18,18.06999969482422,18.200000762939453,18.049999237060547,18.1299991607666,17.251672744750977,74000
2023-12-19,18.219999313354492,18.25,18.079999923706055,18.149999618530273,17.27070426940918,120000
2023-12-20,18.18000030517578,18.260000228881836,18.149999618530273,18.18000030517578,17.299253463745117,122500
2023-12-21,18.239999771118164,18.290000915527344,18.1299991607666,18.229999542236328,17.346830368041992,104700
2023-12-22,18.200000762939453,18.270000457763672,18.200000762939453,18.219999313354492,17.337312698364258,39900
2023-12-26,18.200000762939453,18.270000457763672,18.200000762939453,18.239999771118164,17.35634422302246,96100
2023-12-27,18.229999542236328,18.389999389648438,18.229999542236328,18.270000457763672,17.3848934173584,131900
2023-12-28,18.239999771118164,18.3700008392334,18.239999771118164,18.360000610351562,17.47053337097168,75100
2023-12-29,18.40999984741211,18.420000076293945,18.280000686645508,18.280000686645508,17.394405364990234,75400
2024-01-02,18.270000457763672,18.399999618530273,18.260000228881836,18.360000610351562,17.47053337097168,63300
2024-01-03,18.3799991607666,18.40999984741211,18.270000457763672,18.350000381469727,17.461015701293945,57200
2024-01-04,18.299999237060547,18.34000015258789,18.299999237060547,18.34000015258789,17.45149803161621,35900
2024-01-05,18.34000015258789,18.399999618530273,18.309999465942383,18.31999969482422,17.432470321655273,33300
2024-01-08,18.31999969482422,18.469999313354492,18.31999969482422,18.440000534057617,17.546655654907227,36100
2024-01-09,18.399999618530273,18.489999771118164,18.399999618530273,18.40999984741211,17.518110275268555,31400
2024-01-10,18.5,18.56999969482422,18.440000534057617,18.479999542236328,17.584716796875,37900
2024-01-11,18.3799991607666,18.420000076293945,18.360000610351562,18.3799991607666,17.58280372619629,35700
2024-01-12,18.3799991607666,18.450000762939453,18.360000610351562,18.399999618530273,17.6019344329834,21100
2024-01-16,18.3799991607666,18.399999618530273,18.280000686645508,18.280000686645508,17.487140655517578,42500
2024-01-17,18.260000228881836,18.34000015258789,18.260000228881836,18.299999237060547,17.50627326965332,55400
2024-01-18,18.329999923706055,18.329999923706055,18.270000457763672,18.309999465942383,17.515838623046875,48900
2024-01-19,18.3799991607666,18.450000762939453,18.350000381469727,18.450000762939453,17.649768829345703,51500
2024-01-22,18.579999923706055,18.6299991607666,18.479999542236328,18.549999237060547,17.745431900024414,52200
2024-01-23,18.59000015258789,18.760000228881836,18.549999237060547,18.610000610351562,17.802827835083008,30000
2024-01-24,18.6200008392334,18.700000762939453,18.610000610351562,18.6200008392334,17.812395095825195,34600
2024-01-25,18.690000534057617,18.770000457763672,18.579999923706055,18.6299991607666,17.821962356567383,67700
2024-01-26,18.6299991607666,18.809999465942383,18.6299991607666,18.799999237060547,17.984586715698242,75000
2024-01-29,18.81999969482422,18.899999618530273,18.780000686645508,18.899999618530273,18.080251693725586,39200
2024-01-30,18.860000610351562,18.989999771118164,18.760000228881836,18.790000915527344,17.975019454956055,85700
2024-01-31,18.780000686645508,18.809999465942383,18.709999084472656,18.719999313354492,17.90805435180664,120900
2024-02-01,18.81999969482422,18.81999969482422,18.700000762939453,18.75,17.93675422668457,44500
2024-02-02,18.719999313354492,18.739999771118164,18.649999618530273,18.670000076293945,17.860225677490234,63100
2024-02-05,18.649999618530273,18.760000228881836,18.56999969482422,18.68000030517578,17.869794845581055,100100
2024-02-06,18.770000457763672,18.809999465942383,18.649999618530273,18.719999313354492,17.90805435180664,51700
2024-02-07,18.719999313354492,18.760000228881836,18.670000076293945,18.670000076293945,17.860225677490234,38800
2024-02-08,18.649999618530273,18.709999084472656,18.639999389648438,18.639999389648438,17.831527709960938,32100
2024-02-09,18.739999771118164,18.739999771118164,18.600000381469727,18.639999389648438,17.831527709960938,56100
2024-02-12,18.709999084472656,18.790000915527344,18.6200008392334,18.6200008392334,17.812395095825195,55800
2024-02-13,18.600000381469727,18.6299991607666,18.549999237060547,18.579999923706055,17.77412986755371,66700
2024-02-14,18.5,18.600000381469727,18.459999084472656,18.520000457763672,17.810672760009766,57300
2024-02-15,18.579999923706055,18.600000381469727,18.559999465942383,18.59000015258789,17.877994537353516,51700
2024-02-16,18.68000030517578,18.68000030517578,18.600000381469727,18.610000610351562,17.897226333618164,93600
2024-02-20,18.6200008392334,18.649999618530273,18.600000381469727,18.6299991607666,17.916461944580078,68600
2024-02-21,18.6299991607666,18.760000228881836,18.6299991607666,18.709999084472656,17.993396759033203,41200
2024-02-22,18.770000457763672,18.860000610351562,18.729999542236328,18.780000686645508,18.06071662902832,40600
2024-02-23,18.780000686645508,18.860000610351562,18.719999313354492,18.739999771118164,18.022247314453125,49600
2024-02-26,18.770000457763672,18.81999969482422,18.719999313354492,18.780000686645508,18.06071662902832,50500
2024-02-27,18.860000610351562,18.940000534057617,18.84000015258789,18.93000030517578,18.204971313476562,31900
2024-02-28,18.889999389648438,18.950000762939453,18.81999969482422,18.8700008392334,18.14727020263672,49000
2024-02-29,18.8700008392334,18.969999313354492,18.8700008392334,18.969999313354492,18.243438720703125,32500
2024-03-01,18.989999771118164,19.0,18.90999984741211,18.90999984741211,18.185739517211914,57300
2024-03-04,18.889999389648438,18.90999984741211,18.860000610351562,18.860000610351562,18.137651443481445,49200
2024-03-05,18.889999389648438,18.90999984741211,18.809999465942383,18.81999969482422,18.09918212890625,48700
2024-03-06,18.81999969482422,18.8700008392334,18.760000228881836,18.84000015258789,18.118417739868164,55500
2024-03-07,18.860000610351562,18.920000076293945,18.860000610351562,18.889999389648438,18.166501998901367,51400
2024-03-08,18.889999389648438,19.0,18.8799991607666,18.940000534057617,18.214590072631836,46200
2024-03-11,18.950000762939453,18.969999313354492,18.940000534057617,18.950000762939453,18.224206924438477,25500
2024-03-12,18.950000762939453,18.959999084472656,18.90999984741211,18.959999084472656,18.233821868896484,65900
2024-03-13,18.959999084472656,19.020000457763672,18.950000762939453,18.950000762939453,18.224206924438477,100800
2024-03-14,18.889999389648438,18.920000076293945,18.799999237060547,18.81999969482422,18.193267822265625,39800
2024-03-15,18.770000457763672,18.829999923706055,18.770000457763672,18.799999237060547,18.173934936523438,50600
2024-03-18,18.799999237060547,18.8700008392334,18.799999237060547,18.81999969482422,18.193267822265625,48000
2024-03-19,18.84000015258789,18.899999618530273,18.84000015258789,18.860000610351562,18.231937408447266,68900
2024-03-20,18.8700008392334,19.0,18.8700008392334,18.979999542236328,18.34794044494629,37200
2024-03-21,19.049999237060547,19.049999237060547,18.969999313354492,18.979999542236328,18.34794044494629,28700
2024-03-22,19.040000915527344,19.049999237060547,19.0,19.049999237060547,18.415611267089844,72500
2024-03-25,19.030000686645508,19.110000610351562,19.030000686645508,19.059999465942383,18.425275802612305,78700
2024-03-26,19.059999465942383,19.139999389648438,19.059999465942383,19.1299991607666,18.492942810058594,33400
2024-03-27,19.229999542236328,19.239999771118164,19.1200008392334,19.170000076293945,18.531614303588867,71700
2024-03-28,19.139999389648438,19.280000686645508,19.139999389648438,19.239999771118164,18.59928321838379,60600
2024-04-01,19.25,19.260000228881836,19.149999618530273,19.15999984741211,18.52194595336914,43700
2024-04-02,19.139999389648438,19.139999389648438,19.049999237060547,19.06999969482422,18.43494415283203,44200
2024-04-03,19.030000686645508,19.110000610351562,19.010000228881836,19.030000686645508,18.39627456665039,55400
2024-04-04,19.06999969482422,19.110000610351562,19.040000915527344,19.049999237060547,18.415611267089844,54300
2024-04-05,19.049999237060547,19.06999969482422,19.030000686645508,19.040000915527344,18.405946731567383,34700
2024-04-08,19.020000457763672,19.1200008392334,19.020000457763672,19.049999237060547,18.415611267089844,32000
2024-04-09,19.049999237060547,19.219999313354492,19.049999237060547,19.190000534057617,18.55095100402832,41500
2024-04-10,19.100000381469727,19.18000030517578,19.0,19.040000915527344,18.405946731567383,60700
2024-04-11,19.049999237060547,19.059999465942383,18.93000030517578,19.020000457763672,18.38661003112793,45400
2024-04-12,18.860000610351562,18.940000534057617,18.81999969482422,18.829999923706055,18.297210693359375,46700
2024-04-15,18.81999969482422,18.850000381469727,18.709999084472656,18.75,18.21947479248047,110200
2024-04-16,18.690000534057617,18.969999313354492,18.68000030517578,18.93000030517578,18.394384384155273,64900
2024-04-17,18.950000762939453,19.020000457763672,18.739999771118164,18.770000457763672,18.238910675048828,77000
2024-04-18,18.850000381469727,18.850000381469727,18.75,18.799999237060547,18.2680606842041,26300
2024-04-19,18.799999237060547,18.899999618530273,18.700000762939453,18.760000228881836,18.229190826416016,30400
2024-04-22,18.770000457763672,18.850000381469727,18.729999542236328,18.829999923706055,18.297210693359375,22400
2024-04-23,18.809999465942383,19.0,18.790000915527344,18.899999618530273,18.365232467651367,39600
2024-04-24,18.920000076293945,18.979999542236328,18.850000381469727,18.93000030517578,18.394384384155273,36900
2024-04-25,18.799999237060547,18.860000610351562,18.690000534057617,18.81999969482422,18.287494659423828,40900
2024-04-26,18.81999969482422,18.920000076293945,18.81999969482422,18.829999923706055,18.297210693359375,28100
2024-04-29,18.850000381469727,18.950000762939453,18.84000015258789,18.860000610351562,18.32636260986328,34800
2024-04-30,18.84000015258789,18.920000076293945,18.760000228881836,18.770000457763672,18.238910675048828,55200
2024-05-01,18.829999923706055,19.0,18.799999237060547,18.920000076293945,18.38466453552246,42700
2024-05-02,18.93000030517578,19.040000915527344,18.889999389648438,19.0,18.46240234375,40500
2024-05-03,19.100000381469727,19.190000534057617,18.989999771118164,19.139999389648438,18.59844207763672,29100
2024-05-06,19.190000534057617,19.280000686645508,19.15999984741211,19.25,18.7053279876709,33100
2024-05-07,19.25,19.34000015258789,19.229999542236328,19.229999542236328,18.685894012451172,29000
2024-05-08,19.239999771118164,19.280000686645508,19.139999389648438,19.170000076293945,18.627592086791992,57700
2024-05-09,19.149999618530273,19.209999084472656,19.149999618530273,19.18000030517578,18.637310028076172,26800
2024-05-10,19.15999984741211,19.209999084472656,19.15999984741211,19.18000030517578,18.637310028076172,26000
2024-05-13,19.299999237060547,19.299999237060547,19.200000762939453,19.239999771118164,18.69561195373535,30500
2024-05-14,19.1200008392334,19.200000762939453,19.1200008392334,19.190000534057617,18.74249267578125,66900
2024-05-15,19.229999542236328,19.239999771118164,19.139999389648438,19.209999084472656,18.76202392578125,87100
2024-05-16,19.18000030517578,19.260000228881836,19.18000030517578,19.239999771118164,18.79132652282715,27100
2024-05-17,19.260000228881836,19.260000228881836,19.219999313354492,19.25,18.80109214782715,17800
2024-05-20,19.219999313354492,19.309999465942383,19.219999313354492,19.290000915527344,18.84016227722168,38600
2024-05-21,19.280000686645508,19.329999923706055,19.270000457763672,19.299999237060547,18.84992790222168,29400
2024-05-22,19.299999237060547,19.360000610351562,19.239999771118164,19.280000686645508,18.830394744873047,35100
2024-05-23,19.25,19.290000915527344,19.190000534057617,19.200000762939453,18.752260208129883,61100
2024-05-24,19.229999542236328,19.299999237060547,19.209999084472656,19.270000457763672,18.820627212524414,42300
2024-05-28,19.270000457763672,19.299999237060547,19.239999771118164,19.260000228881836,18.810861587524414,58600
2024-05-29,19.219999313354492,19.239999771118164,19.18000030517578,19.200000762939453,18.752260208129883,40100
2024-05-30,19.209999084472656,19.3700008392334,19.200000762939453,19.350000381469727,18.898759841918945,25400
2024-05-31,19.329999923706055,19.489999771118164,19.329999923706055,19.459999084472656,19.006195068359375,56400
2024-06-03,19.5,19.549999237060547,19.3700008392334,19.399999618530273,18.947595596313477,37400
2024-06-04,19.3799991607666,19.43000030517578,19.31999969482422,19.329999923706055,18.879230499267578,44200
2024-06-05,19.350000381469727,19.399999618530273,19.260000228881836,19.31999969482422,18.869461059570312,41700
2024-06-06,19.329999923706055,19.350000381469727,19.299999237060547,19.309999465942383,18.859695434570312,60600
2024-06-07,19.280000686645508,19.299999237060547,19.25,19.260000228881836,18.810861587524414,26400
2024-06-10,19.280000686645508,19.43000030517578,19.260000228881836,19.3700008392334,18.918296813964844,33600
2024-06-11,19.309999465942383,19.399999618530273,19.309999465942383,19.350000381469727,18.898759841918945,30300
2024-06-12,19.399999618530273,19.5,19.299999237060547,19.389999389648438,18.937828063964844,95000
2024-06-13,19.440000534057617,19.450000762939453,19.329999923706055,19.350000381469727,18.898759841918945,50100
2024-06-14,19.25,19.3799991607666,19.25,19.270000457763672,18.916431427001953,71300
2024-06-17,19.299999237060547,19.389999389648438,19.260000228881836,19.290000915527344,18.936065673828125,22600
2024-06-18,19.260000228881836,19.309999465942383,19.25,19.280000686645508,18.92624855041504,38500
2024-06-20,19.239999771118164,19.34000015258789,19.239999771118164,19.280000686645508,18.92624855041504,52600
2024-06-21,19.290000915527344,19.350000381469727,19.280000686645508,19.350000381469727,18.994962692260742,21000
2024-06-24,19.280000686645508,19.420000076293945,19.280000686645508,19.399999618530273,19.04404640197754,45400
2024-06-25,19.440000534057617,19.440000534057617,19.299999237060547,19.309999465942383,18.955698013305664,47100
2024-06-26,19.299999237060547,19.3799991607666,19.299999237060547,19.31999969482422,18.965513229370117,125300
2024-06-27,19.389999389648438,19.43000030517578,19.309999465942383,19.34000015258789,18.98514747619629,32000
2024-06-28,19.329999923706055,19.459999084472656,19.329999923706055,19.450000762939453,19.093130111694336,54200
2024-07-01,19.459999084472656,19.5,19.3700008392334,19.459999084472656,19.102943420410156,73000
2024-07-02,19.459999084472656,19.479999542236328,19.329999923706055,19.43000030517578,19.073497772216797,136500
2024-07-03,19.399999618530273,19.56999969482422,19.399999618530273,19.540000915527344,19.18147850036621,69000
2024-07-05,19.510000228881836,19.670000076293945,19.459999084472656,19.639999389648438,19.27964210510254,48300
2024-07-08,19.579999923706055,19.639999389648438,19.549999237060547,19.549999237060547,19.19129180908203,67600
2024-07-09,19.56999969482422,19.68000030517578,19.549999237060547,19.579999923706055,19.22074317932129,114800
2024-07-10,19.59000015258789,19.690000534057617,19.59000015258789,19.649999618530273,19.289459228515625,60600
2024-07-11,19.639999389648438,19.729999542236328,19.639999389648438,19.68000030517578,19.318910598754883,79200
2024-07-12,19.68000030517578,19.739999771118164,19.6200008392334,19.68000030517578,19.318910598754883,54100
2024-07-15,19.59000015258789,19.65999984741211,19.520000457763672,19.600000381469727,19.336668014526367,82700
2024-07-16,19.600000381469727,19.709999084472656,19.600000381469727,19.670000076293945,19.40572738647461,92500
2024-07-17,19.600000381469727,19.739999771118164,19.579999923706055,19.709999084472656,19.445188522338867,30300
2024-07-18,19.729999542236328,19.829999923706055,19.729999542236328,19.829999923706055,19.56357765197754,109200
2024-07-19,19.809999465942383,19.84000015258789,19.75,19.809999465942383,19.543846130371094,56400
2024-07-22,19.809999465942383,19.889999389648438,19.799999237060547,19.799999237060547,19.533979415893555,73200
2024-07-23,19.760000228881836,19.84000015258789,19.760000228881836,19.809999465942383,19.543846130371094,68800
2024-07-24,19.799999237060547,19.829999923706055,19.760000228881836,19.790000915527344,19.52411651611328,126800
2024-07-25,19.799999237060547,19.850000381469727,19.790000915527344,19.84000015258789,19.573442459106445,95600
2024-07-26,19.829999923706055,19.84000015258789,19.799999237060547,19.81999969482422,19.5537109375,76900
2024-07-29,19.809999465942383,19.84000015258789,19.770000457763672,19.790000915527344,19.52411651611328,118500
2024-07-30,19.790000915527344,19.84000015258789,19.790000915527344,19.84000015258789,19.573442459106445,231700
2024-07-31,19.84000015258789,19.889999389648438,19.799999237060547,19.8700008392334,19.60304069519043,73700
2024-08-01,19.899999618530273,19.899999618530273,19.799999237060547,19.850000381469727,19.583309173583984,83400
2024-08-02,19.829999923706055,19.8700008392334,19.799999237060547,19.860000610351562,19.59317398071289,71700
2024-08-05,19.5,19.799999237060547,19.350000381469727,19.450000762939453,19.188682556152344,456400
2024-08-06,19.520000457763672,19.790000915527344,19.459999084472656,19.780000686645508,19.51424789428711,138900
2024-08-07,19.790000915527344,19.8700008392334,19.790000915527344,19.809999465942383,19.543846130371094,101400
2024-08-08,19.829999923706055,19.8700008392334,19.799999237060547,19.829999923706055,19.56357765197754,99900
2024-08-09,19.770000457763672,19.850000381469727,19.770000457763672,19.829999923706055,19.56357765197754,137000
2024-08-12,19.81999969482422,19.8799991607666,19.81999969482422,19.860000610351562,19.59317398071289,169700
2024-08-13,19.8799991607666,19.920000076293945,19.850000381469727,19.920000076293945,19.652368545532227,106300
2024-08-14,19.920000076293945,19.93000030517578,19.8799991607666,19.90999984741211,19.642501831054688,28800
2024-08-15,19.559999465942383,19.56999969482422,19.290000915527344,19.34000015258789,19.080162048339844,79900
2024-08-16,19.290000915527344,19.469999313354492,19.290000915527344,19.459999084472656,19.19854736328125,33400
2024-08-19,19.530000686645508,19.579999923706055,19.3799991607666,19.399999618530273,19.139354705810547,82300
2024-08-20,19.329999923706055,19.420000076293945,19.200000762939453,19.299999237060547,19.137371063232422,78600
2024-08-21,19.399999618530273,19.399999618530273,19.229999542236328,19.3700008392334,19.2067813873291,98700
2024-08-22,19.399999618530273,19.420000076293945,19.280000686645508,19.389999389648438,19.226612091064453,39000
2024-08-23,19.420000076293945,19.549999237060547,19.389999389648438,19.43000030517578,19.26627540588379,84200
2024-08-26,19.40999984741211,19.540000915527344,19.34000015258789,19.489999771118164,19.325769424438477,32600
2024-08-27,19.40999984741211,19.479999542236328,19.3700008392334,19.459999084472656,19.296022415161133,26600
2024-08-28,19.420000076293945,19.639999389648438,19.420000076293945,19.600000381469727,19.434843063354492,53200
2024-08-29,19.559999465942383,19.770000457763672,19.549999237060547,19.719999313354492,19.553831100463867,66600
2024-08-30,19.670000076293945,19.799999237060547,19.670000076293945,19.75,19.583580017089844,43800
2024-09-03,19.770000457763672,19.809999465942383,19.649999618530273,19.729999542236328,19.56374740600586,51200
2024-09-04,19.729999542236328,19.84000015258789,19.700000762939453,19.760000228881836,19.593494415283203,52500
2024-09-05,19.770000457763672,19.829999923706055,19.690000534057617,19.729999542236328,19.56374740600586,42300
2024-09-06,19.700000762939453,19.780000686645508,19.579999923706055,19.649999618530273,19.484420776367188,73400
2024-09-09,19.639999389648438,19.760000228881836,19.600000381469727,19.700000762939453,19.534000396728516,48900
2024-09-10,19.700000762939453,19.799999237060547,19.65999984741211,19.709999084472656,19.543914794921875,22100
2024-09-11,19.729999542236328,19.760000228881836,19.510000228881836,19.610000610351562,19.444759368896484,60200
2024-09-12,19.59000015258789,19.729999542236328,19.59000015258789,19.700000762939453,19.534000396728516,27300
2024-09-13,19.6200008392334,19.700000762939453,19.549999237060547,19.639999389648438,19.639999389648438,22000
2024-09-16,19.739999771118164,19.770000457763672,19.65999984741211,19.75,19.75,50000
2024-09-17,19.829999923706055,19.850000381469727,19.709999084472656,19.739999771118164,19.739999771118164,39800
2024-09-18,19.739999771118164,19.850000381469727,19.690000534057617,19.81999969482422,19.81999969482422,46900
2024-09-19,19.860000610351562,20.059999465942383,19.799999237060547,20.040000915527344,20.040000915527344,58900
2024-09-20,20.09000015258789,20.190000534057617,19.989999771118164,20.170000076293945,20.170000076293945,36800
2024-09-23,20.200000762939453,20.329999923706055,20.1299991607666,20.299999237060547,20.299999237060547,29800
2024-09-24,20.350000381469727,20.389999389648438,20.290000915527344,20.389999389648438,20.389999389648438,44300
2024-09-25,20.479999542236328,20.479999542236328,20.350000381469727,20.3700008392334,20.3700008392334,37900
2024-09-26,20.459999084472656,20.459999084472656,20.309999465942383,20.3700008392334,20.3700008392334,68000
2024-09-27,20.399999618530273,20.559999465942383,20.399999618530273,20.520000457763672,20.520000457763672,60900
2024-09-30,20.56999969482422,20.829999923706055,20.510000228881836,20.81999969482422,20.81999969482422,47100
2024-10-01,20.920000076293945,21.139999389648438,20.799999237060547,21.139999389648438,21.139999389648438,59500
2024-10-02,21.139999389648438,21.40999984741211,21.110000610351562,21.40999984741211,21.40999984741211,49700
