Date,Open,High,Low,Close,Adj Close,Volume
2003-10-07,5.75,5.75,5.75,5.75,4.748676776885986,0
2003-10-08,5.75,5.75,5.75,5.75,4.748676776885986,0
2003-10-09,5.75,5.75,5.75,5.75,4.748676776885986,0
2003-10-10,5.75,5.75,5.75,5.75,4.748676776885986,0
2003-10-13,5.75,5.75,5.75,5.75,4.748676776885986,0
2003-10-14,5.75,5.75,5.75,5.75,4.748676776885986,0
2003-10-15,5.75,5.75,5.75,5.75,4.748676776885986,0
2003-10-16,5.75,5.75,5.75,5.75,4.748676776885986,2000
2003-10-17,5.75,5.75,5.75,5.75,4.748676776885986,2000
2003-10-20,5.949999809265137,5.949999809265137,5.949999809265137,5.949999809265137,4.913849353790283,2000
2003-10-21,5.949999809265137,5.949999809265137,5.949999809265137,5.949999809265137,4.913849353790283,0
2003-10-22,6.0,6.0,6.0,6.0,4.955142021179199,1000
2003-10-23,6.0,6.0,6.0,6.0,4.955142021179199,0
2003-10-24,6.0,6.0,6.0,6.0,4.955142021179199,0
2003-10-27,6.0,6.0,6.0,6.0,4.955142021179199,0
2003-10-28,6.0,6.0,6.0,6.0,4.955142021179199,0
2003-10-29,6.0,6.0,6.0,6.0,4.955142021179199,0
2003-10-30,6.0,6.0,6.0,6.0,4.955142021179199,0
2003-10-31,6.0,6.0,6.0,6.0,4.955142021179199,0
2003-11-03,6.0,6.0,6.0,6.0,4.955142021179199,0
2003-11-04,6.0,6.0,6.0,6.0,4.955142021179199,0
2003-11-05,6.0,6.0,6.0,6.0,4.955142021179199,0
2003-11-06,6.0,6.0,6.0,6.0,4.955142021179199,0
2003-11-07,6.0,6.0,6.0,6.0,4.955142021179199,0
2003-11-10,6.0,6.0,6.0,6.0,4.955142021179199,0
2003-11-11,6.0,6.0,6.0,6.0,4.955142021179199,0
2003-11-12,5.75,5.75,5.75,5.75,4.748676776885986,4000
2003-11-13,5.75,5.75,5.75,5.75,4.748676776885986,0
2003-11-14,5.75,5.75,5.75,5.75,4.748676776885986,0
2003-11-17,5.75,5.75,5.75,5.75,4.748676776885986,0
2003-11-18,5.5,5.5,5.5,5.5,4.542212963104248,4000
2003-11-19,5.5,5.5,5.5,5.5,4.542212963104248,0
2003-11-20,5.5,5.5,5.5,5.5,4.542212963104248,0
2003-11-21,5.5,5.5,5.5,5.5,4.542212963104248,0
2003-11-24,5.5,5.5,5.5,5.5,4.542212963104248,0
2003-11-25,5.5,5.5,5.5,5.5,4.542212963104248,0
2003-11-26,5.5,5.5,5.5,5.5,4.542212963104248,0
2003-11-28,5.5,5.5,5.5,5.5,4.542212963104248,0
2003-12-01,5.5,5.5,5.5,5.5,4.542212963104248,0
2003-12-02,5.5,5.5,5.5,5.5,4.542212963104248,0
2003-12-03,5.5,5.5,5.5,5.5,4.542212963104248,0
2003-12-04,5.5,5.5,5.5,5.5,4.542212963104248,0
2003-12-05,5.5,5.5,5.5,5.5,4.542212963104248,0
2003-12-08,5.5,5.5,5.5,5.5,4.542212963104248,0
2003-12-09,5.5,5.5,5.5,5.5,4.542212963104248,0
2003-12-10,5.5,5.5,5.5,5.5,4.542212963104248,0
2003-12-11,5.800000190734863,5.800000190734863,5.800000190734863,5.800000190734863,4.7899699211120605,1000
2003-12-12,5.800000190734863,5.800000190734863,5.800000190734863,5.800000190734863,4.7899699211120605,0
2003-12-15,5.800000190734863,5.800000190734863,5.800000190734863,5.800000190734863,4.7899699211120605,0
2003-12-16,5.800000190734863,5.800000190734863,5.800000190734863,5.800000190734863,4.7899699211120605,0
2003-12-17,5.699999809265137,5.699999809265137,5.699999809265137,5.699999809265137,4.707383155822754,10000
2003-12-18,5.849999904632568,5.849999904632568,5.849999904632568,5.849999904632568,4.831263065338135,1000
2003-12-19,5.650000095367432,5.650000095367432,5.650000095367432,5.650000095367432,4.666091442108154,4000
2003-12-22,5.650000095367432,5.650000095367432,5.650000095367432,5.650000095367432,4.666091442108154,0
2003-12-23,5.650000095367432,5.650000095367432,5.650000095367432,5.650000095367432,4.666091442108154,0
2003-12-24,5.650000095367432,5.650000095367432,5.650000095367432,5.650000095367432,4.666091442108154,0
2003-12-26,5.650000095367432,5.650000095367432,5.650000095367432,5.650000095367432,4.666091442108154,0
2003-12-29,5.650000095367432,5.650000095367432,5.650000095367432,5.650000095367432,4.666091442108154,0
2003-12-30,5.650000095367432,5.650000095367432,5.650000095367432,5.650000095367432,4.666091442108154,0
2003-12-31,5.650000095367432,5.650000095367432,5.650000095367432,5.650000095367432,4.666091442108154,0
2004-01-02,5.650000095367432,5.650000095367432,5.650000095367432,5.650000095367432,4.666091442108154,0
2004-01-05,5.650000095367432,5.650000095367432,5.650000095367432,5.650000095367432,4.666091442108154,0
2004-01-06,5.650000095367432,5.650000095367432,5.650000095367432,5.650000095367432,4.666091442108154,0
2004-01-07,5.650000095367432,5.650000095367432,5.650000095367432,5.650000095367432,4.666091442108154,0
2004-01-08,5.650000095367432,5.650000095367432,5.650000095367432,5.650000095367432,4.666091442108154,0
2004-01-09,5.650000095367432,5.650000095367432,5.650000095367432,5.650000095367432,4.666091442108154,0
2004-01-12,5.650000095367432,5.650000095367432,5.650000095367432,5.650000095367432,4.666091442108154,0
2004-01-13,5.650000095367432,5.650000095367432,5.650000095367432,5.650000095367432,4.666091442108154,0
2004-01-14,5.650000095367432,5.650000095367432,5.650000095367432,5.650000095367432,4.666091442108154,0
2004-01-15,5.650000095367432,5.650000095367432,5.650000095367432,5.650000095367432,4.666091442108154,0
2004-01-16,5.650000095367432,5.650000095367432,5.650000095367432,5.650000095367432,4.666091442108154,0
2004-01-20,5.650000095367432,5.650000095367432,5.650000095367432,5.650000095367432,4.666091442108154,0
2004-01-21,5.650000095367432,5.650000095367432,5.650000095367432,5.650000095367432,4.666091442108154,0
2004-01-22,5.900000095367432,5.900000095367432,5.900000095367432,5.900000095367432,4.872557163238525,1000
2004-01-23,5.900000095367432,5.900000095367432,5.900000095367432,5.900000095367432,4.872557163238525,0
2004-01-26,5.900000095367432,5.900000095367432,5.900000095367432,5.900000095367432,4.872557163238525,0
2004-01-27,5.900000095367432,5.900000095367432,5.900000095367432,5.900000095367432,4.872557163238525,0
2004-01-28,5.900000095367432,5.900000095367432,5.900000095367432,5.900000095367432,4.872557163238525,0
2004-01-29,5.900000095367432,5.900000095367432,5.900000095367432,5.900000095367432,4.872557163238525,0
2004-01-30,5.900000095367432,5.900000095367432,5.900000095367432,5.900000095367432,4.872557163238525,0
2004-02-02,5.900000095367432,5.900000095367432,5.900000095367432,5.900000095367432,4.872557163238525,0
2004-02-03,5.900000095367432,5.900000095367432,5.900000095367432,5.900000095367432,4.872557163238525,0
2004-02-04,5.900000095367432,5.900000095367432,5.900000095367432,5.900000095367432,4.872557163238525,0
2004-02-05,5.900000095367432,5.900000095367432,5.900000095367432,5.900000095367432,4.872557163238525,0
2004-02-06,5.900000095367432,5.900000095367432,5.900000095367432,5.900000095367432,4.872557163238525,0
2004-02-09,5.900000095367432,5.900000095367432,5.900000095367432,5.900000095367432,4.872557163238525,0
2004-02-10,5.900000095367432,5.900000095367432,5.900000095367432,5.900000095367432,4.872557163238525,0
2004-02-11,5.900000095367432,5.900000095367432,5.900000095367432,5.900000095367432,4.872557163238525,0
2004-02-12,5.900000095367432,5.900000095367432,5.900000095367432,5.900000095367432,4.872557163238525,0
2004-02-13,5.900000095367432,5.900000095367432,5.900000095367432,5.900000095367432,4.872557163238525,0
2004-02-17,5.900000095367432,5.900000095367432,5.900000095367432,5.900000095367432,4.872557163238525,0
2004-02-18,5.900000095367432,5.900000095367432,5.900000095367432,5.900000095367432,4.872557163238525,0
2004-02-19,5.900000095367432,5.900000095367432,5.900000095367432,5.900000095367432,4.872557163238525,0
2004-02-20,5.900000095367432,5.900000095367432,5.900000095367432,5.900000095367432,4.872557163238525,0
2004-02-23,5.900000095367432,5.900000095367432,5.900000095367432,5.900000095367432,4.872557163238525,0
2004-02-24,5.900000095367432,5.900000095367432,5.900000095367432,5.900000095367432,4.872557163238525,0
2004-02-25,5.900000095367432,5.900000095367432,5.900000095367432,5.900000095367432,4.872557163238525,0
2004-02-26,5.900000095367432,5.900000095367432,5.900000095367432,5.900000095367432,4.872557163238525,0
2004-02-27,5.900000095367432,5.900000095367432,5.900000095367432,5.900000095367432,4.872557163238525,0
2004-03-01,5.900000095367432,5.900000095367432,5.900000095367432,5.900000095367432,4.872557163238525,0
2004-03-02,5.900000095367432,5.900000095367432,5.900000095367432,5.900000095367432,4.872557163238525,0
2004-03-03,5.900000095367432,5.900000095367432,5.900000095367432,5.900000095367432,4.872557163238525,0
2004-03-04,5.900000095367432,5.900000095367432,5.900000095367432,5.900000095367432,4.872557163238525,0
2004-03-05,5.900000095367432,5.900000095367432,5.900000095367432,5.900000095367432,4.872557163238525,0
2004-03-08,5.900000095367432,5.900000095367432,5.900000095367432,5.900000095367432,4.872557163238525,0
2004-03-09,5.900000095367432,5.900000095367432,5.900000095367432,5.900000095367432,4.872557163238525,0
2004-03-10,5.900000095367432,5.900000095367432,5.900000095367432,5.900000095367432,4.872557163238525,0
2004-03-11,5.900000095367432,5.900000095367432,5.900000095367432,5.900000095367432,4.872557163238525,0
2004-03-12,5.900000095367432,5.900000095367432,5.900000095367432,5.900000095367432,4.872557163238525,0
2004-03-15,5.900000095367432,5.900000095367432,5.900000095367432,5.900000095367432,4.872557163238525,0
2004-03-16,6.400000095367432,6.400000095367432,6.199999809265137,6.199999809265137,5.120314121246338,2000
2004-03-17,6.199999809265137,6.199999809265137,6.199999809265137,6.199999809265137,5.120314121246338,0
2004-03-18,6.394999980926514,6.394999980926514,6.349999904632568,6.349999904632568,5.244190216064453,12000
2004-03-19,6.349999904632568,6.349999904632568,6.349999904632568,6.349999904632568,5.244190216064453,0
2004-03-22,5.900000095367432,6.0,5.900000095367432,6.0,4.955142021179199,6000
2004-03-23,6.0,6.0,6.0,6.0,4.955142021179199,0
2004-03-24,6.0,6.0,6.0,6.0,4.955142021179199,0
2004-03-25,6.0,6.0,6.0,6.0,4.955142021179199,0
2004-03-26,6.0,6.0,6.0,6.0,4.955142021179199,0
2004-03-29,6.0,6.0,6.0,6.0,4.955142021179199,0
2004-03-30,6.0,6.0,6.0,6.0,4.955142021179199,0
2004-03-31,6.0,6.0,6.0,6.0,4.955142021179199,0
2004-04-01,6.0,6.0,6.0,6.0,4.955142021179199,0
2004-04-02,6.0,6.0,6.0,6.0,4.955142021179199,0
2004-04-05,6.0,6.0,6.0,6.0,4.955142021179199,0
2004-04-06,6.0,6.0,6.0,6.0,4.955142021179199,0
2004-04-07,6.0,6.0,6.0,6.0,4.955142021179199,0
2004-04-08,6.0,6.0,6.0,6.0,4.955142021179199,0
2004-04-12,6.0,6.0,6.0,6.0,4.955142021179199,0
2004-04-13,6.0,6.0,6.0,6.0,4.955142021179199,0
2004-04-14,6.0,6.0,6.0,6.0,4.955142021179199,0
2004-04-15,6.0,6.0,6.0,6.0,4.955142021179199,0
2004-04-16,6.0,6.0,6.0,6.0,4.955142021179199,0
2004-04-19,6.0,6.0,6.0,6.0,4.955142021179199,0
2004-04-20,6.0,6.0,6.0,6.0,4.955142021179199,0
2004-04-21,6.0,6.0,6.0,6.0,4.955142021179199,0
2004-04-22,6.400000095367432,6.400000095367432,6.199999809265137,6.199999809265137,5.120314121246338,4000
2004-04-23,6.199999809265137,6.199999809265137,6.199999809265137,6.199999809265137,5.120314121246338,0
2004-04-26,6.199999809265137,6.199999809265137,6.199999809265137,6.199999809265137,5.120314121246338,0
2004-04-27,6.199999809265137,6.199999809265137,6.199999809265137,6.199999809265137,5.120314121246338,0
2004-04-28,6.0,6.0,6.0,6.0,4.955142021179199,1000
2004-04-29,6.300000190734863,6.300000190734863,6.300000190734863,6.300000190734863,5.202897071838379,3000
2004-04-30,6.300000190734863,6.300000190734863,6.300000190734863,6.300000190734863,5.202897071838379,0
2004-05-03,6.400000095367432,6.400000095367432,6.400000095367432,6.400000095367432,5.28548526763916,3000
2004-05-04,6.5,6.599999904632568,6.5,6.599999904632568,5.450655460357666,7000
2004-05-05,6.599999904632568,6.599999904632568,6.599999904632568,6.599999904632568,5.450655460357666,0
2004-05-06,6.599999904632568,6.599999904632568,6.599999904632568,6.599999904632568,5.450655460357666,0
2004-05-07,6.599999904632568,6.599999904632568,6.599999904632568,6.599999904632568,5.450655460357666,0
2004-05-10,6.599999904632568,6.599999904632568,6.599999904632568,6.599999904632568,5.450655460357666,0
2004-05-11,6.599999904632568,6.599999904632568,6.599999904632568,6.599999904632568,5.450655460357666,0
2004-05-12,6.599999904632568,6.599999904632568,6.599999904632568,6.599999904632568,5.450655460357666,0
2004-05-13,6.599999904632568,6.599999904632568,6.599999904632568,6.599999904632568,5.450655460357666,0
2004-05-14,6.599999904632568,6.599999904632568,6.599999904632568,6.599999904632568,5.450655460357666,0
2004-05-17,6.599999904632568,6.599999904632568,6.599999904632568,6.599999904632568,5.450655460357666,0
2004-05-18,6.599999904632568,6.599999904632568,6.599999904632568,6.599999904632568,5.450655460357666,0
2004-05-19,6.599999904632568,6.599999904632568,6.599999904632568,6.599999904632568,5.450655460357666,0
2004-05-20,6.599999904632568,6.599999904632568,6.599999904632568,6.599999904632568,5.450655460357666,0
2004-05-21,6.599999904632568,6.599999904632568,6.599999904632568,6.599999904632568,5.450655460357666,0
2004-05-24,6.599999904632568,6.599999904632568,6.599999904632568,6.599999904632568,5.450655460357666,0
2004-05-25,6.599999904632568,6.599999904632568,6.599999904632568,6.599999904632568,5.450655460357666,0
2004-05-26,6.599999904632568,6.599999904632568,6.599999904632568,6.599999904632568,5.450655460357666,0
2004-05-27,6.599999904632568,6.599999904632568,6.599999904632568,6.599999904632568,5.450655460357666,0
2004-05-28,6.599999904632568,6.599999904632568,6.599999904632568,6.599999904632568,5.450655460357666,0
2004-06-01,6.599999904632568,6.599999904632568,6.599999904632568,6.599999904632568,5.450655460357666,0
2004-06-02,6.599999904632568,6.599999904632568,6.599999904632568,6.599999904632568,5.450655460357666,0
2004-06-03,6.599999904632568,6.599999904632568,6.599999904632568,6.599999904632568,5.450655460357666,0
2004-06-04,6.599999904632568,6.599999904632568,6.599999904632568,6.599999904632568,5.450655460357666,0
2004-06-07,6.599999904632568,6.599999904632568,6.599999904632568,6.599999904632568,5.450655460357666,0
2004-06-08,6.599999904632568,6.599999904632568,6.599999904632568,6.599999904632568,5.450655460357666,0
2004-06-09,6.599999904632568,6.599999904632568,6.599999904632568,6.599999904632568,5.450655460357666,0
2004-06-10,6.599999904632568,6.599999904632568,6.599999904632568,6.599999904632568,5.450655460357666,0
2004-06-14,6.599999904632568,6.599999904632568,6.599999904632568,6.599999904632568,5.450655460357666,0
2004-06-15,6.599999904632568,6.599999904632568,6.599999904632568,6.599999904632568,5.450655460357666,0
2004-06-16,6.599999904632568,6.599999904632568,6.599999904632568,6.599999904632568,5.450655460357666,0
2004-06-17,6.599999904632568,6.599999904632568,6.599999904632568,6.599999904632568,5.450655460357666,0
2004-06-18,6.599999904632568,6.599999904632568,6.599999904632568,6.599999904632568,5.450655460357666,0
2004-06-21,6.599999904632568,6.599999904632568,6.599999904632568,6.599999904632568,5.450655460357666,0
2004-06-22,6.599999904632568,6.599999904632568,6.599999904632568,6.599999904632568,5.450655460357666,0
2004-06-23,6.599999904632568,6.599999904632568,6.599999904632568,6.599999904632568,5.450655460357666,0
2004-06-24,6.599999904632568,6.599999904632568,6.599999904632568,6.599999904632568,5.450655460357666,0
2004-06-25,6.599999904632568,6.599999904632568,6.599999904632568,6.599999904632568,5.450655460357666,0
2004-06-28,6.599999904632568,6.599999904632568,6.599999904632568,6.599999904632568,5.450655460357666,0
2004-06-29,6.599999904632568,6.599999904632568,6.599999904632568,6.599999904632568,5.450655460357666,0
2004-06-30,6.599999904632568,6.599999904632568,6.599999904632568,6.599999904632568,5.450655460357666,0
2004-07-01,6.599999904632568,6.599999904632568,6.599999904632568,6.599999904632568,5.450655460357666,0
2004-07-02,6.599999904632568,6.599999904632568,6.599999904632568,6.599999904632568,5.450655460357666,0
2004-07-06,6.599999904632568,6.599999904632568,6.599999904632568,6.599999904632568,5.450655460357666,0
2004-07-07,6.599999904632568,6.599999904632568,6.599999904632568,6.599999904632568,5.450655460357666,0
2004-07-08,6.599999904632568,6.599999904632568,6.599999904632568,6.599999904632568,5.450655460357666,0
2004-07-09,6.599999904632568,6.599999904632568,6.599999904632568,6.599999904632568,5.450655460357666,0
2004-07-12,6.599999904632568,6.599999904632568,6.599999904632568,6.599999904632568,5.450655460357666,0
2004-07-13,6.599999904632568,6.599999904632568,6.599999904632568,6.599999904632568,5.450655460357666,0
2004-07-14,6.599999904632568,6.599999904632568,6.599999904632568,6.599999904632568,5.450655460357666,0
2004-07-15,6.599999904632568,6.599999904632568,6.599999904632568,6.599999904632568,5.450655460357666,0
2004-07-16,6.599999904632568,6.599999904632568,6.599999904632568,6.599999904632568,5.450655460357666,0
2004-07-19,6.599999904632568,6.599999904632568,6.599999904632568,6.599999904632568,5.450655460357666,0
2004-07-20,6.599999904632568,6.599999904632568,6.599999904632568,6.599999904632568,5.450655460357666,0
2004-07-21,6.599999904632568,6.599999904632568,6.599999904632568,6.599999904632568,5.450655460357666,0
2004-07-22,6.599999904632568,6.599999904632568,6.599999904632568,6.599999904632568,5.450655460357666,0
2004-07-23,6.599999904632568,6.599999904632568,6.599999904632568,6.599999904632568,5.450655460357666,0
2004-07-26,6.650000095367432,6.650000095367432,6.650000095367432,6.650000095367432,5.49194860458374,10000
2004-07-27,6.949999809265137,6.949999809265137,6.949999809265137,6.949999809265137,5.739705562591553,5000
2004-07-28,6.949999809265137,6.949999809265137,6.949999809265137,6.949999809265137,5.739705562591553,0
2004-07-29,6.949999809265137,6.949999809265137,6.949999809265137,6.949999809265137,5.739705562591553,0
2004-07-30,6.949999809265137,6.949999809265137,6.949999809265137,6.949999809265137,5.739705562591553,0
2004-08-02,6.949999809265137,6.949999809265137,6.949999809265137,6.949999809265137,5.739705562591553,0
2004-08-03,6.949999809265137,6.949999809265137,6.949999809265137,6.949999809265137,5.739705562591553,0
2004-08-04,6.949999809265137,6.949999809265137,6.949999809265137,6.949999809265137,5.739705562591553,0
2004-08-05,6.949999809265137,6.949999809265137,6.949999809265137,6.949999809265137,5.739705562591553,0
2004-08-06,6.949999809265137,6.949999809265137,6.949999809265137,6.949999809265137,5.739705562591553,0
2004-08-09,6.949999809265137,6.949999809265137,6.949999809265137,6.949999809265137,5.739705562591553,0
2004-08-10,6.949999809265137,6.949999809265137,6.949999809265137,6.949999809265137,5.739705562591553,0
2004-08-11,6.949999809265137,6.949999809265137,6.949999809265137,6.949999809265137,5.739705562591553,0
2004-08-12,7.349999904632568,7.349999904632568,7.349999904632568,7.349999904632568,6.070048809051514,1000
2004-08-13,7.349999904632568,7.349999904632568,7.349999904632568,7.349999904632568,6.070048809051514,0
2004-08-16,7.349999904632568,7.349999904632568,7.349999904632568,7.349999904632568,6.070048809051514,0
2004-08-17,7.349999904632568,7.349999904632568,7.349999904632568,7.349999904632568,6.070048809051514,0
2004-08-18,7.349999904632568,7.349999904632568,7.349999904632568,7.349999904632568,6.070048809051514,0
2004-08-19,7.349999904632568,7.349999904632568,7.349999904632568,7.349999904632568,6.070048809051514,0
2004-08-20,7.349999904632568,7.349999904632568,7.349999904632568,7.349999904632568,6.070048809051514,0
2004-08-23,7.349999904632568,7.349999904632568,7.349999904632568,7.349999904632568,6.070048809051514,0
2004-08-24,7.349999904632568,7.349999904632568,7.349999904632568,7.349999904632568,6.070048809051514,0
2004-08-25,7.349999904632568,7.349999904632568,7.349999904632568,7.349999904632568,6.070048809051514,0
2004-08-26,7.349999904632568,7.349999904632568,7.349999904632568,7.349999904632568,6.070048809051514,0
2004-08-27,7.349999904632568,7.349999904632568,7.349999904632568,7.349999904632568,6.070048809051514,0
2004-08-30,7.349999904632568,7.349999904632568,7.349999904632568,7.349999904632568,6.070048809051514,0
2004-08-31,7.349999904632568,7.349999904632568,7.349999904632568,7.349999904632568,6.070048809051514,0
2004-09-01,7.900000095367432,7.900000095367432,7.900000095367432,7.900000095367432,6.5242719650268555,1000
2004-09-02,7.900000095367432,7.900000095367432,7.900000095367432,7.900000095367432,6.5242719650268555,0
2004-09-03,7.900000095367432,7.900000095367432,7.900000095367432,7.900000095367432,6.5242719650268555,0
2004-09-07,7.900000095367432,7.900000095367432,7.900000095367432,7.900000095367432,6.5242719650268555,0
2004-09-08,7.900000095367432,7.900000095367432,7.900000095367432,7.900000095367432,6.5242719650268555,0
2004-09-09,7.900000095367432,7.900000095367432,7.900000095367432,7.900000095367432,6.5242719650268555,0
2004-09-10,7.900000095367432,7.900000095367432,7.900000095367432,7.900000095367432,6.5242719650268555,0
2004-09-13,7.900000095367432,7.900000095367432,7.900000095367432,7.900000095367432,6.5242719650268555,0
2004-09-14,8.149999618530273,8.5,8.149999618530273,8.5,7.019787788391113,9000
2004-09-15,8.800000190734863,8.800000190734863,8.800000190734863,8.800000190734863,7.26754093170166,2000
2004-09-16,8.800000190734863,8.800000190734863,8.800000190734863,8.800000190734863,7.26754093170166,0
2004-09-17,8.800000190734863,8.800000190734863,8.800000190734863,8.800000190734863,7.26754093170166,0
2004-09-20,8.800000190734863,8.800000190734863,8.800000190734863,8.800000190734863,7.26754093170166,0
2004-09-21,8.800000190734863,8.800000190734863,8.800000190734863,8.800000190734863,7.26754093170166,0
2004-09-22,8.800000190734863,8.800000190734863,8.800000190734863,8.800000190734863,7.26754093170166,0
2004-09-23,8.800000190734863,8.800000190734863,8.800000190734863,8.800000190734863,7.26754093170166,0
2004-09-24,8.800000190734863,8.800000190734863,8.800000190734863,8.800000190734863,7.26754093170166,0
2004-09-27,8.800000190734863,8.800000190734863,8.800000190734863,8.800000190734863,7.26754093170166,4000
2004-09-28,8.800000190734863,8.800000190734863,8.800000190734863,8.800000190734863,7.26754093170166,0
2004-09-29,8.800000190734863,8.800000190734863,8.800000190734863,8.800000190734863,7.26754093170166,0
2004-09-30,8.800000190734863,8.800000190734863,8.800000190734863,8.800000190734863,7.26754093170166,0
2004-10-01,10.0,10.0,9.050000190734863,9.199999809265137,7.5978827476501465,10000
2004-10-04,9.199999809265137,9.199999809265137,9.199999809265137,9.199999809265137,7.5978827476501465,0
2004-10-05,9.300000190734863,9.300000190734863,9.300000190734863,9.300000190734863,7.6804728507995605,12000
2004-10-06,9.300000190734863,9.300000190734863,9.300000190734863,9.300000190734863,7.6804728507995605,0
2004-10-07,9.300000190734863,9.300000190734863,9.300000190734863,9.300000190734863,7.6804728507995605,0
2004-10-08,9.300000190734863,9.300000190734863,9.300000190734863,9.300000190734863,7.6804728507995605,12000
2004-10-11,9.300000190734863,9.300000190734863,9.300000190734863,9.300000190734863,7.6804728507995605,0
2004-10-12,9.300000190734863,9.300000190734863,9.300000190734863,9.300000190734863,7.6804728507995605,0
2004-10-13,9.300000190734863,9.300000190734863,9.300000190734863,9.300000190734863,7.6804728507995605,0
2004-10-14,9.300000190734863,9.300000190734863,9.300000190734863,9.300000190734863,7.6804728507995605,0
2004-10-15,9.300000190734863,9.5,9.300000190734863,9.5,7.845641613006592,6000
2004-10-18,9.5,9.5,9.5,9.5,7.845641613006592,0
2004-10-19,9.5,9.5,9.5,9.5,7.845641613006592,0
2004-10-20,9.5,9.5,9.5,9.5,7.845641613006592,0
2004-10-21,9.5,9.5,9.5,9.5,7.845641613006592,0
2004-10-22,9.5,9.5,9.5,9.5,7.845641613006592,0
2004-10-25,9.5,9.5,9.5,9.5,7.845641613006592,0
2004-10-26,9.5,9.5,9.5,9.5,7.845641613006592,0
2004-10-27,9.5,9.5,9.5,9.5,7.845641613006592,0
2004-10-28,9.5,9.5,9.5,9.5,7.845641613006592,0
2004-10-29,9.5,9.5,9.5,9.5,7.845641613006592,0
2004-11-01,9.5,9.5,9.5,9.5,7.845641613006592,0
2004-11-02,9.5,9.5,9.5,9.5,7.845641613006592,0
2004-11-03,9.5,9.5,9.5,9.5,7.845641613006592,0
2004-11-04,9.5,9.5,9.5,9.5,7.845641613006592,0
2004-11-05,9.5,9.5,9.5,9.5,7.845641613006592,0
2004-11-08,9.5,9.5,9.5,9.5,7.845641613006592,0
2004-11-09,9.5,9.5,9.5,9.5,7.845641613006592,0
2004-11-10,9.5,9.5,9.5,9.5,7.845641613006592,0
2004-11-11,9.5,9.5,9.5,9.5,7.845641613006592,0
2004-11-12,9.5,9.5,9.5,9.5,7.845641613006592,0
2004-11-15,9.5,9.5,9.5,9.5,7.845641613006592,0
2004-11-16,9.5,9.5,9.5,9.5,7.845641613006592,0
2004-11-17,9.5,9.5,9.5,9.5,7.845641613006592,0
2004-11-18,9.699999809265137,10.0,9.699999809265137,9.975000381469727,8.237923622131348,10000
2004-11-19,9.600000381469727,9.600000381469727,9.600000381469727,9.600000381469727,7.928228378295898,2000
2004-11-22,9.600000381469727,9.600000381469727,9.600000381469727,9.600000381469727,7.928228378295898,0
2004-11-23,9.600000381469727,9.600000381469727,9.600000381469727,9.600000381469727,7.928228378295898,0
2004-11-24,9.600000381469727,9.600000381469727,9.600000381469727,9.600000381469727,7.928228378295898,0
2004-11-26,9.600000381469727,9.600000381469727,9.600000381469727,9.600000381469727,7.928228378295898,0
2004-11-29,9.600000381469727,9.600000381469727,9.600000381469727,9.600000381469727,7.928228378295898,0
2004-11-30,9.600000381469727,9.600000381469727,9.600000381469727,9.600000381469727,7.928228378295898,0
2004-12-01,9.600000381469727,9.600000381469727,9.600000381469727,9.600000381469727,7.928228378295898,0
2004-12-02,9.600000381469727,9.600000381469727,9.600000381469727,9.600000381469727,7.928228378295898,0
2004-12-03,9.600000381469727,9.600000381469727,9.600000381469727,9.600000381469727,7.928228378295898,0
2004-12-06,9.600000381469727,10.199999809265137,9.600000381469727,10.199999809265137,8.423741340637207,10000
2004-12-07,10.199999809265137,10.899999618530273,9.899999618530273,10.899999618530273,9.001842498779297,16000
2004-12-08,10.710000038146973,11.699999809265137,10.710000038146973,11.699999809265137,9.66252613067627,4000
2004-12-09,11.699999809265137,11.699999809265137,11.699999809265137,11.699999809265137,9.66252613067627,0
2004-12-10,12.800000190734863,13.5,12.399999618530273,13.5,11.149068832397461,26000
2004-12-13,13.5,15.0,13.5,14.199999809265137,11.72716999053955,9000
2004-12-14,14.199999809265137,14.199999809265137,14.199999809265137,14.199999809265137,11.72716999053955,0
2004-12-15,14.199999809265137,14.199999809265137,14.199999809265137,14.199999809265137,11.72716999053955,0
2004-12-16,15.5,15.5,15.5,15.5,12.800783157348633,1000
2004-12-17,15.5,15.5,15.5,15.5,12.800783157348633,0
2004-12-20,16.0,16.0,14.300000190734863,14.300000190734863,11.809758186340332,3000
2004-12-21,14.300000190734863,14.300000190734863,14.300000190734863,14.300000190734863,11.809758186340332,0
2004-12-22,14.300000190734863,14.300000190734863,14.300000190734863,14.300000190734863,11.809758186340332,0
2004-12-23,14.300000190734863,14.300000190734863,14.300000190734863,14.300000190734863,11.809758186340332,0
2004-12-27,14.300000190734863,14.300000190734863,14.300000190734863,14.300000190734863,11.809758186340332,0
2004-12-28,14.300000190734863,14.300000190734863,14.300000190734863,14.300000190734863,11.809758186340332,0
2004-12-29,14.300000190734863,14.300000190734863,14.300000190734863,14.300000190734863,11.809758186340332,0
2004-12-30,15.0,16.0,15.0,16.0,13.213713645935059,3000
2004-12-31,15.0,15.399999618530273,15.0,15.399999618530273,12.718196868896484,3000
2005-01-03,15.399999618530273,15.5,15.100000381469727,15.399999618530273,12.718196868896484,19000
2005-01-04,15.300000190734863,15.399999618530273,15.300000190734863,15.399999618530273,12.718196868896484,2000
2005-01-05,15.399999618530273,15.399999618530273,15.399999618530273,15.399999618530273,12.718196868896484,0
2005-01-06,15.399999618530273,15.399999618530273,15.399999618530273,15.399999618530273,12.718196868896484,0
2005-01-07,15.399999618530273,15.399999618530273,15.399999618530273,15.399999618530273,12.718196868896484,0
2005-01-10,14.899999618530273,15.399999618530273,14.899999618530273,15.399999618530273,12.718196868896484,5000
2005-01-11,15.199999809265137,15.199999809265137,15.199999809265137,15.199999809265137,12.553025245666504,11000
2005-01-12,15.199999809265137,15.199999809265137,15.199999809265137,15.199999809265137,12.553025245666504,0
2005-01-13,15.100000381469727,15.100000381469727,15.0,15.0,12.38785457611084,4000
2005-01-14,15.0,15.0,15.0,15.0,12.38785457611084,0
2005-01-18,15.0,15.0,15.0,15.0,12.38785457611084,0
2005-01-19,15.199999809265137,15.199999809265137,15.199999809265137,15.199999809265137,12.553025245666504,1000
2005-01-20,15.199999809265137,15.199999809265137,15.199999809265137,15.199999809265137,12.553025245666504,0
2005-01-21,15.199999809265137,15.199999809265137,15.199999809265137,15.199999809265137,12.553025245666504,0
2005-01-24,14.800000190734863,14.800000190734863,14.800000190734863,14.800000190734863,12.222681045532227,2000
2005-01-25,14.800000190734863,14.800000190734863,14.800000190734863,14.800000190734863,12.222681045532227,0
2005-01-26,14.800000190734863,14.800000190734863,14.800000190734863,14.800000190734863,12.222681045532227,0
2005-01-27,15.100000381469727,15.100000381469727,15.0,15.100000381469727,12.470437049865723,3000
2005-01-28,15.100000381469727,15.100000381469727,15.100000381469727,15.100000381469727,12.470437049865723,3000
2005-01-31,15.100000381469727,15.100000381469727,15.100000381469727,15.100000381469727,12.470437049865723,3000
2005-02-01,15.100000381469727,15.100000381469727,15.100000381469727,15.100000381469727,12.470437049865723,3000
2005-02-02,15.100000381469727,15.100000381469727,15.100000381469727,15.100000381469727,12.470437049865723,3000
2005-02-03,15.100000381469727,15.100000381469727,15.100000381469727,15.100000381469727,12.470437049865723,3000
2005-02-04,15.100000381469727,15.100000381469727,15.100000381469727,15.100000381469727,12.470437049865723,3000
2005-02-07,15.100000381469727,15.100000381469727,15.100000381469727,15.100000381469727,12.470437049865723,3000
2005-02-08,15.100000381469727,15.100000381469727,15.100000381469727,15.100000381469727,12.470437049865723,3000
2005-02-09,15.100000381469727,15.100000381469727,15.100000381469727,15.100000381469727,12.470437049865723,3000
2005-02-10,15.5,16.0,15.5,16.0,13.213713645935059,6000
2005-02-11,16.0,16.0,16.0,16.0,13.213713645935059,6000
2005-02-14,16.0,16.0,16.0,16.0,13.213713645935059,0
2005-02-15,16.0,16.0,16.0,16.0,13.213713645935059,0
2005-02-16,16.0,16.0,16.0,16.0,13.213713645935059,0
2005-02-17,16.0,16.0,16.0,16.0,13.213713645935059,0
2005-02-18,16.0,16.0,16.0,16.0,13.213713645935059,0
2005-02-22,16.799999237060547,17.100000381469727,16.799999237060547,17.100000381469727,14.122154235839844,3000
2005-02-23,17.100000381469727,17.100000381469727,17.100000381469727,17.100000381469727,14.122154235839844,0
2005-02-24,17.100000381469727,17.5,17.100000381469727,17.5,14.452500343322754,4000
2005-02-25,17.5,17.5,17.5,17.5,14.452500343322754,0
2005-02-28,17.5,17.5,17.5,17.5,14.452500343322754,0
2005-03-01,19.5,19.5,19.0,19.5,16.104209899902344,3000
2005-03-02,21.899999618530273,23.0,21.899999618530273,23.0,18.994707107543945,10000
2005-03-03,23.100000381469727,23.100000381469727,20.100000381469727,20.100000381469727,16.599727630615234,12000
2005-03-04,22.799999237060547,22.799999237060547,20.600000381469727,22.0,18.168851852416992,59000
2005-03-07,22.799999237060547,22.799999237060547,22.0,22.0,18.168851852416992,61000
2005-03-08,22.0,22.0,22.0,22.0,18.168851852416992,0
2005-03-09,22.299999237060547,22.299999237060547,21.5,21.5,17.75592803955078,8000
2005-03-10,22.200000762939453,22.5,22.200000762939453,22.5,18.58177375793457,17000
2005-03-11,22.600000381469727,22.600000381469727,22.5,22.5,18.58177375793457,8000
2005-03-14,22.600000381469727,22.600000381469727,22.600000381469727,22.600000381469727,18.664365768432617,14000
2005-03-15,22.600000381469727,22.600000381469727,22.600000381469727,22.600000381469727,18.664365768432617,0
2005-03-16,22.899999618530273,22.899999618530273,22.899999618530273,22.899999618530273,18.912120819091797,5000
2005-03-17,22.899999618530273,22.899999618530273,22.899999618530273,22.899999618530273,18.912120819091797,0
2005-03-18,22.899999618530273,22.899999618530273,22.899999618530273,22.899999618530273,18.912120819091797,0
2005-03-21,22.5,22.700000762939453,22.5,22.700000762939453,18.746957778930664,24000
2005-03-22,22.700000762939453,23.399999618530273,22.700000762939453,23.399999618530273,19.32505226135254,5000
2005-03-23,22.399999618530273,22.399999618530273,22.399999618530273,22.399999618530273,18.499202728271484,50000
2005-03-24,22.399999618530273,22.399999618530273,22.399999618530273,22.399999618530273,18.499202728271484,0
2005-03-28,22.399999618530273,22.399999618530273,22.399999618530273,22.399999618530273,18.499202728271484,0
2005-03-29,22.399999618530273,22.399999618530273,22.399999618530273,22.399999618530273,18.499202728271484,0
2005-03-30,22.0,22.0,22.0,22.0,18.168851852416992,5000
2005-03-31,22.0,22.0,22.0,22.0,18.168851852416992,0
2005-04-01,22.0,22.0,22.0,22.0,18.168851852416992,0
2005-04-04,21.700000762939453,21.700000762939453,21.700000762939453,21.700000762939453,17.92109489440918,1000
2005-04-05,21.700000762939453,21.700000762939453,21.700000762939453,21.700000762939453,17.92109489440918,2000
2005-04-06,21.700000762939453,21.700000762939453,21.700000762939453,21.700000762939453,17.92109489440918,1000
2005-04-07,21.5,21.700000762939453,21.5,21.700000762939453,17.92109489440918,24000
2005-04-08,21.700000762939453,21.700000762939453,21.700000762939453,21.700000762939453,17.92109489440918,9000
2005-04-11,21.899999618530273,21.899999618530273,21.882999420166016,21.882999420166016,18.07221794128418,9000
2005-04-12,21.882999420166016,21.882999420166016,21.882999420166016,21.882999420166016,18.07221794128418,0
2005-04-13,21.882999420166016,21.882999420166016,21.882999420166016,21.882999420166016,18.07221794128418,0
2005-04-14,22.0,22.5,22.0,22.5,18.58177375793457,31000
2005-04-15,22.5,22.5,22.5,22.5,18.58177375793457,0
2005-04-18,22.424999237060547,22.424999237060547,22.424999237060547,22.424999237060547,18.51983642578125,2000
2005-04-19,22.5,22.5,22.5,22.5,18.58177375793457,16000
2005-04-20,22.5,22.5,22.5,22.5,18.58177375793457,0
2005-04-21,22.5,22.5,22.5,22.5,18.58177375793457,0
2005-04-22,22.5,22.5,22.5,22.5,18.58177375793457,0
2005-04-25,22.5,22.5,22.5,22.5,18.58177375793457,0
2005-04-26,22.5,22.5,22.5,22.5,18.58177375793457,0
2005-04-27,22.5,22.5,22.5,22.5,18.58177375793457,0
2005-04-28,22.5,22.5,22.5,22.5,18.58177375793457,0
2005-04-29,22.5,22.5,22.5,22.5,18.58177375793457,0
2005-05-02,22.5,22.5,22.5,22.5,18.58177375793457,59000
2005-05-03,22.5,22.5,22.5,22.5,18.58177375793457,0
2005-05-04,22.799999237060547,22.799999237060547,22.799999237060547,22.799999237060547,18.829532623291016,1000
2005-05-05,22.799999237060547,22.799999237060547,22.799999237060547,22.799999237060547,18.829532623291016,12000
2005-05-06,22.600000381469727,23.0,22.600000381469727,23.0,18.994707107543945,4000
2005-05-09,23.0,23.0,23.0,23.0,18.994707107543945,0
2005-05-10,23.0,23.0,23.0,23.0,18.994707107543945,0
2005-05-11,22.600000381469727,22.600000381469727,22.600000381469727,22.600000381469727,18.664365768432617,3000
2005-05-12,22.600000381469727,22.600000381469727,22.600000381469727,22.600000381469727,18.664365768432617,0
2005-05-13,22.799999237060547,22.799999237060547,22.799999237060547,22.799999237060547,18.829532623291016,3000
2005-05-16,22.799999237060547,23.0,22.799999237060547,23.0,18.994707107543945,6000
2005-05-17,23.0,23.0,23.0,23.0,18.994707107543945,0
2005-05-18,23.0,23.0,23.0,23.0,18.994707107543945,0
2005-05-19,23.0,23.0,23.0,23.0,18.994707107543945,0
2005-05-20,23.0,23.0,23.0,23.0,18.994707107543945,5000
2005-05-23,23.0,23.0,23.0,23.0,18.994707107543945,3000
2005-05-24,23.0,23.0,23.0,23.0,18.994707107543945,0
2005-05-25,23.0,23.0,23.0,23.0,18.994707107543945,15000
2005-05-26,23.0,23.0,23.0,23.0,18.994707107543945,0
2005-05-27,23.0,23.0,23.0,23.0,18.994707107543945,0
2005-05-31,23.0,23.0,23.0,23.0,18.994707107543945,0
2005-06-01,23.0,23.0,23.0,23.0,18.994707107543945,0
2005-06-02,23.0,23.0,23.0,23.0,18.994707107543945,2000
2005-06-03,23.0,23.0,23.0,23.0,18.994707107543945,0
2005-06-06,23.0,23.0,23.0,23.0,18.994707107543945,0
2005-06-07,23.0,23.0,23.0,23.0,18.994707107543945,0
2005-06-08,23.0,23.0,23.0,23.0,18.994707107543945,2000
2005-06-09,23.0,23.0,23.0,23.0,18.994707107543945,12000
2005-06-10,23.200000762939453,23.399999618530273,23.0,23.0,18.994707107543945,5000
2005-06-13,23.0,23.0,23.0,23.0,18.994707107543945,0
2005-06-14,23.0,23.0,23.0,23.0,18.994707107543945,4000
2005-06-15,23.0,23.0,23.0,23.0,18.994707107543945,0
2005-06-16,23.0,23.0,23.0,23.0,18.994707107543945,0
2005-06-17,23.700000762939453,23.700000762939453,23.5,23.5,19.407636642456055,20000
2005-06-20,23.5,23.5,23.5,23.5,19.407636642456055,0
2005-06-21,23.5,23.5,23.5,23.5,19.407636642456055,0
2005-06-22,23.645000457763672,23.645000457763672,23.645000457763672,23.645000457763672,19.52739715576172,10000
2005-06-23,23.645000457763672,23.645000457763672,23.645000457763672,23.645000457763672,19.52739715576172,0
2005-06-24,23.645000457763672,23.645000457763672,23.645000457763672,23.645000457763672,19.52739715576172,0
2005-06-27,23.645000457763672,23.645000457763672,23.645000457763672,23.645000457763672,19.52739715576172,0
2005-06-28,23.645000457763672,23.645000457763672,23.645000457763672,23.645000457763672,19.52739715576172,0
2005-06-29,23.645000457763672,23.645000457763672,23.645000457763672,23.645000457763672,19.52739715576172,0
2005-06-30,23.645000457763672,23.645000457763672,23.645000457763672,23.645000457763672,19.52739715576172,0
2005-07-01,23.700000762939453,23.700000762939453,23.700000762939453,23.700000762939453,19.57281494140625,1000
2005-07-05,23.700000762939453,23.700000762939453,23.700000762939453,23.700000762939453,19.57281494140625,0
2005-07-06,23.700000762939453,23.700000762939453,23.700000762939453,23.700000762939453,19.57281494140625,0
2005-07-07,23.700000762939453,23.700000762939453,23.700000762939453,23.700000762939453,19.57281494140625,0
2005-07-08,23.700000762939453,23.700000762939453,23.700000762939453,23.700000762939453,19.57281494140625,0
2005-07-11,23.700000762939453,23.700000762939453,23.700000762939453,23.700000762939453,19.57281494140625,0
2005-07-12,23.700000762939453,23.700000762939453,23.700000762939453,23.700000762939453,19.57281494140625,0
2005-07-13,23.700000762939453,23.700000762939453,23.700000762939453,23.700000762939453,19.57281494140625,0
2005-07-14,23.700000762939453,23.700000762939453,23.700000762939453,23.700000762939453,19.57281494140625,0
2005-07-15,23.700000762939453,23.700000762939453,23.700000762939453,23.700000762939453,19.57281494140625,0
2005-07-18,23.700000762939453,23.700000762939453,23.700000762939453,23.700000762939453,19.57281494140625,0
2005-07-19,23.700000762939453,23.700000762939453,23.700000762939453,23.700000762939453,19.57281494140625,0
2005-07-20,23.700000762939453,23.700000762939453,23.700000762939453,23.700000762939453,19.57281494140625,0
2005-07-21,23.700000762939453,23.700000762939453,23.700000762939453,23.700000762939453,19.57281494140625,0
2005-07-22,23.700000762939453,23.700000762939453,23.700000762939453,23.700000762939453,19.57281494140625,0
2005-07-25,24.0,24.0,24.0,24.0,19.820568084716797,1000
2005-07-26,24.0,24.0,23.950000762939453,23.950000762939453,19.779272079467773,2000
2005-07-27,23.950000762939453,23.950000762939453,23.950000762939453,23.950000762939453,19.779272079467773,0
2005-07-28,23.950000762939453,23.950000762939453,23.950000762939453,23.950000762939453,19.779272079467773,0
2005-07-29,23.700000762939453,23.700000762939453,23.700000762939453,23.700000762939453,19.57281494140625,16000
2005-08-01,23.700000762939453,23.700000762939453,23.700000762939453,23.700000762939453,19.57281494140625,0
2005-08-02,23.700000762939453,23.700000762939453,23.700000762939453,23.700000762939453,19.57281494140625,0
2005-08-03,23.5,23.5,23.5,23.5,19.407636642456055,6000
2005-08-04,23.5,23.700000762939453,23.5,23.700000762939453,19.57281494140625,3000
2005-08-05,23.700000762939453,23.700000762939453,23.700000762939453,23.700000762939453,19.57281494140625,0
2005-08-08,23.700000762939453,23.700000762939453,23.700000762939453,23.700000762939453,19.57281494140625,1000
2005-08-09,23.700000762939453,23.700000762939453,23.700000762939453,23.700000762939453,19.57281494140625,0
2005-08-10,23.700000762939453,23.700000762939453,23.700000762939453,23.700000762939453,19.57281494140625,0
2005-08-11,23.700000762939453,23.700000762939453,23.700000762939453,23.700000762939453,19.57281494140625,0
2005-08-12,23.700000762939453,23.700000762939453,23.700000762939453,23.700000762939453,19.57281494140625,0
2005-08-15,23.700000762939453,23.700000762939453,23.700000762939453,23.700000762939453,19.57281494140625,0
2005-08-16,23.700000762939453,23.700000762939453,23.700000762939453,23.700000762939453,19.57281494140625,0
2005-08-17,23.700000762939453,23.799999237060547,23.600000381469727,23.700000762939453,19.57281494140625,73000
2005-08-18,23.700000762939453,23.700000762939453,23.700000762939453,23.700000762939453,19.57281494140625,0
2005-08-19,23.700000762939453,23.799999237060547,23.600000381469727,23.600000381469727,19.4902286529541,93000
2005-08-22,23.600000381469727,23.600000381469727,23.600000381469727,23.600000381469727,19.4902286529541,0
2005-08-23,23.600000381469727,23.600000381469727,23.600000381469727,23.600000381469727,19.4902286529541,0
2005-08-24,23.600000381469727,23.600000381469727,23.600000381469727,23.600000381469727,19.4902286529541,2000
2005-08-25,23.600000381469727,23.600000381469727,23.600000381469727,23.600000381469727,19.4902286529541,0
2005-08-26,23.600000381469727,23.600000381469727,23.600000381469727,23.600000381469727,19.4902286529541,0
2005-08-29,23.700000762939453,23.700000762939453,23.700000762939453,23.700000762939453,19.57281494140625,31000
2005-08-30,23.700000762939453,23.700000762939453,23.700000762939453,23.700000762939453,19.57281494140625,0
2005-08-31,23.700000762939453,23.700000762939453,23.700000762939453,23.700000762939453,19.57281494140625,0
2005-09-01,23.700000762939453,23.700000762939453,23.700000762939453,23.700000762939453,19.57281494140625,0
2005-09-02,23.700000762939453,23.700000762939453,23.700000762939453,23.700000762939453,19.57281494140625,0
2005-09-06,23.700000762939453,23.700000762939453,23.700000762939453,23.700000762939453,19.57281494140625,0
2005-09-07,23.700000762939453,23.700000762939453,23.700000762939453,23.700000762939453,19.57281494140625,0
2005-09-08,23.700000762939453,23.700000762939453,23.700000762939453,23.700000762939453,19.57281494140625,0
2005-09-09,23.700000762939453,23.700000762939453,23.700000762939453,23.700000762939453,19.57281494140625,23000
2005-09-12,23.700000762939453,23.700000762939453,23.700000762939453,23.700000762939453,19.57281494140625,0
2005-09-13,23.700000762939453,23.700000762939453,23.700000762939453,23.700000762939453,19.57281494140625,0
2005-09-14,24.200000762939453,24.200000762939453,23.799999237060547,23.799999237060547,19.655397415161133,68000
2005-09-15,23.799999237060547,23.799999237060547,23.799999237060547,23.799999237060547,19.655397415161133,11000
2005-09-16,23.799999237060547,23.799999237060547,23.799999237060547,23.799999237060547,19.655397415161133,10000
2005-09-19,23.799999237060547,25.0,23.799999237060547,24.399999618530273,20.15091323852539,44000
2005-09-20,25.5,25.5,25.5,25.5,21.05935287475586,5000
2005-09-21,25.799999237060547,25.799999237060547,25.799999237060547,25.799999237060547,21.307111740112305,2000
2005-09-22,25.799999237060547,25.799999237060547,25.799999237060547,25.799999237060547,21.307111740112305,0
2005-09-23,25.5,25.5,24.399999618530273,24.399999618530273,20.15091323852539,10000
2005-09-26,24.399999618530273,24.399999618530273,24.399999618530273,24.399999618530273,20.15091323852539,0
2005-09-27,26.5,26.5,26.5,26.5,21.88520622253418,1000
2005-09-28,27.5,27.5,27.5,27.5,22.711069107055664,1000
2005-09-29,27.5,29.5,27.5,29.5,24.362773895263672,6000
2005-09-30,29.899999618530273,29.899999618530273,29.899999618530273,29.899999618530273,24.693119049072266,1000
2005-10-03,29.899999618530273,29.899999618530273,29.899999618530273,29.899999618530273,24.693119049072266,0
2005-10-04,29.899999618530273,29.899999618530273,29.899999618530273,29.899999618530273,24.693119049072266,0
2005-10-05,28.0,28.0,28.0,28.0,23.123991012573242,1000
2005-10-06,28.0,28.0,28.0,28.0,23.123991012573242,0
2005-10-07,28.0,28.0,28.0,28.0,23.123991012573242,0
2005-10-10,28.0,28.0,28.0,28.0,23.123991012573242,0
2005-10-11,28.0,28.0,28.0,28.0,23.123991012573242,0
2005-10-12,28.0,28.0,28.0,28.0,23.123991012573242,0
2005-10-13,28.0,28.0,28.0,28.0,23.123991012573242,12000
2005-10-14,28.0,28.0,28.0,28.0,23.123991012573242,0
2005-10-17,25.5,25.5,25.100000381469727,25.100000381469727,20.729007720947266,3000
2005-10-18,24.600000381469727,24.600000381469727,24.600000381469727,24.600000381469727,20.31608009338379,1000
2005-10-19,25.0,25.0,25.0,25.0,20.646421432495117,1000
2005-10-20,25.0,25.0,25.0,25.0,20.646421432495117,0
2005-10-21,25.0,25.0,25.0,25.0,20.646421432495117,0
2005-10-24,25.0,25.0,25.0,25.0,20.646421432495117,0
2005-10-25,25.700000762939453,26.399999618530273,25.100000381469727,25.100000381469727,20.729007720947266,4000
2005-10-26,25.100000381469727,25.100000381469727,25.100000381469727,25.100000381469727,20.729007720947266,0
2005-10-27,25.100000381469727,25.100000381469727,25.100000381469727,25.100000381469727,20.729007720947266,0
2005-10-28,25.100000381469727,25.100000381469727,25.100000381469727,25.100000381469727,20.729007720947266,0
2005-10-31,26.399999618530273,26.399999618530273,26.399999618530273,26.399999618530273,21.802621841430664,3000
2005-11-01,25.299999237060547,25.299999237060547,25.299999237060547,25.299999237060547,20.894176483154297,2000
2005-11-02,25.299999237060547,25.299999237060547,25.299999237060547,25.299999237060547,20.894176483154297,2000
2005-11-03,25.299999237060547,25.299999237060547,25.299999237060547,25.299999237060547,20.894176483154297,0
2005-11-04,25.299999237060547,25.299999237060547,24.899999618530273,24.899999618530273,20.5638370513916,2000
2005-11-07,24.899999618530273,24.899999618530273,24.899999618530273,24.899999618530273,20.5638370513916,0
2005-11-08,25.0,25.0,25.0,25.0,20.646421432495117,3000
2005-11-09,25.0,25.0,25.0,25.0,20.646421432495117,0
2005-11-10,25.0,25.0,25.0,25.0,20.646421432495117,0
2005-11-11,25.0,25.0,25.0,25.0,20.646421432495117,0
2005-11-14,25.0,25.0,25.0,25.0,20.646421432495117,0
2005-11-15,25.0,25.0,25.0,25.0,20.646421432495117,0
2005-11-16,25.0,25.0,25.0,25.0,20.646421432495117,0
2005-11-17,25.0,25.0,25.0,25.0,20.646421432495117,0
2005-11-18,25.0,25.0,25.0,25.0,20.646421432495117,0
2005-11-21,25.0,25.0,25.0,25.0,20.646421432495117,0
2005-11-22,26.0,26.0,26.0,26.0,21.472280502319336,2000
2005-11-23,25.0,25.0,25.0,25.0,20.646421432495117,2000
2005-11-25,25.0,25.0,25.0,25.0,20.646421432495117,0
2005-11-28,25.0,25.0,25.0,25.0,20.646421432495117,0
2005-11-29,26.0,26.0,25.299999237060547,25.299999237060547,20.894176483154297,4000
2005-11-30,25.799999237060547,26.0,25.799999237060547,26.0,21.472280502319336,2000
2005-12-01,26.0,26.0,26.0,26.0,21.472280502319336,0
2005-12-02,26.0,26.0,26.0,26.0,21.472280502319336,0
2005-12-05,26.0,26.0,26.0,26.0,21.472280502319336,0
2005-12-06,25.399999618530273,25.399999618530273,25.399999618530273,25.399999618530273,20.976760864257812,2000
2005-12-07,25.399999618530273,25.399999618530273,25.399999618530273,25.399999618530273,20.976760864257812,0
2005-12-08,25.399999618530273,25.399999618530273,25.399999618530273,25.399999618530273,20.976760864257812,0
2005-12-09,25.399999618530273,25.399999618530273,25.399999618530273,25.399999618530273,20.976760864257812,0
2005-12-12,25.399999618530273,25.399999618530273,25.399999618530273,25.399999618530273,20.976760864257812,0
2005-12-13,25.399999618530273,25.399999618530273,25.399999618530273,25.399999618530273,20.976760864257812,0
2005-12-14,25.399999618530273,25.399999618530273,25.399999618530273,25.399999618530273,20.976760864257812,0
2005-12-15,25.399999618530273,25.399999618530273,25.399999618530273,25.399999618530273,20.976760864257812,0
2005-12-16,24.0,24.0,24.0,24.0,19.820568084716797,2000
2005-12-19,24.0,24.0,24.0,24.0,19.820568084716797,0
2005-12-20,24.0,24.0,24.0,24.0,19.820568084716797,0
2005-12-21,24.0,24.0,24.0,24.0,19.820568084716797,0
2005-12-22,23.5,23.700000762939453,23.5,23.700000762939453,19.57281494140625,4000
2005-12-23,23.700000762939453,23.700000762939453,23.700000762939453,23.700000762939453,19.57281494140625,0
2005-12-27,23.700000762939453,23.700000762939453,23.700000762939453,23.700000762939453,19.57281494140625,0
2005-12-28,23.700000762939453,23.700000762939453,23.700000762939453,23.700000762939453,19.57281494140625,0
2005-12-29,23.700000762939453,23.700000762939453,23.700000762939453,23.700000762939453,19.57281494140625,0
2005-12-30,23.700000762939453,23.700000762939453,23.700000762939453,23.700000762939453,19.57281494140625,0
2006-01-03,24.0,24.0,24.0,24.0,19.820568084716797,2000
2006-01-04,24.0,24.0,24.0,24.0,19.820568084716797,0
2006-01-05,24.0,24.0,24.0,24.0,19.820568084716797,0
2006-01-06,23.5,23.5,23.5,23.5,19.407636642456055,1000
2006-01-09,23.299999237060547,23.299999237060547,23.299999237060547,23.299999237060547,19.242469787597656,1000
2006-01-10,23.299999237060547,23.299999237060547,23.299999237060547,23.299999237060547,19.242469787597656,0
2006-01-11,23.299999237060547,23.299999237060547,23.299999237060547,23.299999237060547,19.242469787597656,0
2006-01-12,23.299999237060547,23.299999237060547,23.299999237060547,23.299999237060547,19.242469787597656,0
2006-01-13,22.0,22.200000762939453,22.0,22.200000762939453,18.33403205871582,2000
2006-01-17,22.200000762939453,22.200000762939453,22.200000762939453,22.200000762939453,18.33403205871582,1000
2006-01-18,22.200000762939453,22.200000762939453,22.200000762939453,22.200000762939453,18.33403205871582,1000
2006-01-19,22.200000762939453,22.200000762939453,22.200000762939453,22.200000762939453,18.33403205871582,1000
2006-01-20,22.200000762939453,22.200000762939453,22.200000762939453,22.200000762939453,18.33403205871582,0
2006-01-23,22.200000762939453,22.200000762939453,22.200000762939453,22.200000762939453,18.33403205871582,0
2006-01-24,22.200000762939453,22.200000762939453,22.200000762939453,22.200000762939453,18.33403205871582,0
2006-01-25,22.0,22.200000762939453,22.0,22.100000381469727,18.251436233520508,20000
2006-01-26,22.100000381469727,22.100000381469727,22.100000381469727,22.100000381469727,18.251436233520508,0
2006-01-27,22.100000381469727,22.100000381469727,22.100000381469727,22.100000381469727,18.251436233520508,2000
2006-01-30,22.5,22.5,22.5,22.5,18.58177375793457,2000
2006-01-31,22.5,23.0,22.200000762939453,22.899999618530273,18.912120819091797,10000
2006-02-01,22.100000381469727,22.100000381469727,22.0,22.0,18.168851852416992,3000
2006-02-02,22.0,22.0,22.0,22.0,18.168851852416992,0
2006-02-03,22.0,22.0,22.0,22.0,18.168851852416992,0
2006-02-06,22.0,22.0,22.0,22.0,18.168851852416992,0
2006-02-07,22.0,22.0,22.0,22.0,18.168851852416992,0
2006-02-08,22.0,22.0,22.0,22.0,18.168851852416992,0
2006-02-09,22.0,22.0,22.0,22.0,18.168851852416992,1000
2006-02-10,22.0,22.0,22.0,22.0,18.168851852416992,0
2006-02-13,22.0,22.0,22.0,22.0,18.168851852416992,0
2006-02-14,22.0,22.049999237060547,22.0,22.049999237060547,18.210147857666016,3000
2006-02-15,22.0,22.0,22.0,22.0,18.168851852416992,1000
2006-02-16,22.0,22.0,22.0,22.0,18.168851852416992,0
2006-02-17,22.0,22.0,22.0,22.0,18.168851852416992,0
2006-02-21,22.0,22.0,22.0,22.0,18.168851852416992,0
2006-02-22,22.0,22.0,22.0,22.0,18.168851852416992,0
2006-02-23,23.0,23.299999237060547,22.149999618530273,22.600000381469727,18.664365768432617,7000
2006-02-24,23.399999618530273,23.399999618530273,23.399999618530273,23.399999618530273,19.32505226135254,1000
2006-02-27,25.0,25.0,25.0,25.0,20.646421432495117,1000
2006-02-28,25.0,25.0,25.0,25.0,20.646421432495117,0
2006-03-01,25.0,25.0,25.0,25.0,20.646421432495117,0
2006-03-02,25.0,25.0,25.0,25.0,20.646421432495117,0
2006-03-03,25.0,25.0,25.0,25.0,20.646421432495117,0
2006-03-06,25.0,25.0,25.0,25.0,20.646421432495117,0
2006-03-07,25.0,25.0,25.0,25.0,20.646421432495117,0
2006-03-08,25.0,25.0,25.0,25.0,20.646421432495117,0
2006-03-09,25.0,25.0,25.0,25.0,20.646421432495117,0
2006-03-10,25.0,25.0,25.0,25.0,20.646421432495117,0
2006-03-13,25.0,25.0,25.0,25.0,20.646421432495117,0
2006-03-14,25.0,25.0,25.0,25.0,20.646421432495117,0
2006-03-15,25.0,25.0,25.0,25.0,20.646421432495117,0
2006-03-16,25.0,25.0,25.0,25.0,20.646421432495117,0
2006-03-17,25.0,25.0,25.0,25.0,20.646421432495117,0
2006-03-20,23.700000762939453,23.700000762939453,23.700000762939453,23.700000762939453,19.57281494140625,20000
2006-03-21,23.799999237060547,23.799999237060547,23.700000762939453,23.700000762939453,19.57281494140625,12000
2006-03-22,23.899999618530273,24.0,23.899999618530273,24.0,19.820568084716797,21000
2006-03-23,24.0,24.0,24.0,24.0,19.820568084716797,1000
2006-03-24,24.0,24.0,24.0,24.0,19.820568084716797,0
2006-03-27,24.0,24.0,24.0,24.0,19.820568084716797,0
2006-03-28,23.700000762939453,23.700000762939453,23.700000762939453,23.700000762939453,19.57281494140625,15000
2006-03-29,23.799999237060547,23.799999237060547,23.200000762939453,23.200000762939453,19.159879684448242,9000
2006-03-30,23.200000762939453,23.200000762939453,23.200000762939453,23.200000762939453,19.159879684448242,0
2006-03-31,23.799999237060547,23.799999237060547,23.299999237060547,23.600000381469727,19.4902286529541,11000
2006-04-03,24.5,24.5,24.5,24.5,20.233503341674805,5000
2006-04-04,24.5,24.5,24.5,24.5,20.233503341674805,0
2006-04-05,24.5,24.5,24.0,24.0,19.820568084716797,37000
2006-04-06,24.5,24.5,24.399999618530273,24.399999618530273,20.15091323852539,36000
2006-04-07,24.399999618530273,24.399999618530273,24.399999618530273,24.399999618530273,20.15091323852539,0
2006-04-10,24.399999618530273,24.399999618530273,24.399999618530273,24.399999618530273,20.15091323852539,0
2006-04-11,24.100000381469727,24.174999237060547,24.100000381469727,24.100000381469727,19.903154373168945,16000
2006-04-12,24.100000381469727,24.100000381469727,24.100000381469727,24.100000381469727,19.903154373168945,0
2006-04-13,24.100000381469727,24.100000381469727,24.100000381469727,24.100000381469727,19.903154373168945,0
2006-04-17,24.100000381469727,24.100000381469727,24.100000381469727,24.100000381469727,19.903154373168945,0
2006-04-18,24.100000381469727,24.100000381469727,24.100000381469727,24.100000381469727,19.903154373168945,0
2006-04-19,24.100000381469727,24.100000381469727,24.100000381469727,24.100000381469727,19.903154373168945,0
2006-04-20,24.100000381469727,24.100000381469727,24.100000381469727,24.100000381469727,19.903154373168945,0
2006-04-21,24.0,24.0,24.0,24.0,19.820568084716797,4000
2006-04-24,24.0,24.0,24.0,24.0,19.820568084716797,1000
2006-04-25,24.0,24.0,24.0,24.0,19.820568084716797,0
2006-04-26,24.0,24.0,24.0,24.0,19.820568084716797,0
2006-04-27,24.0,24.0,24.0,24.0,19.820568084716797,2000
2006-04-28,24.0,24.0,24.0,24.0,19.820568084716797,0
2006-05-01,23.850000381469727,23.850000381469727,23.850000381469727,23.850000381469727,19.696687698364258,50000
2006-05-02,24.0,24.0,23.649999618530273,23.649999618530273,19.531517028808594,34000
2006-05-03,23.649999618530273,23.649999618530273,23.649999618530273,23.649999618530273,19.531517028808594,0
2006-05-04,23.649999618530273,23.649999618530273,23.649999618530273,23.649999618530273,19.531517028808594,0
2006-05-05,24.0,24.0,24.0,24.0,19.820568084716797,1000
2006-05-08,24.0,24.0,24.0,24.0,19.820568084716797,0
2006-05-09,24.0,24.0,24.0,24.0,19.820568084716797,0
2006-05-10,24.0,24.0,24.0,24.0,19.820568084716797,0
2006-05-11,24.0,24.0,24.0,24.0,19.820568084716797,0
2006-05-12,24.0,24.0,24.0,24.0,19.820568084716797,0
2006-05-15,24.0,24.0,24.0,24.0,19.820568084716797,0
2006-05-16,24.0,24.0,24.0,24.0,19.820568084716797,0
2006-05-17,24.0,24.0,24.0,24.0,19.820568084716797,0
2006-05-18,23.0,23.0,23.0,23.0,18.994707107543945,2000
2006-05-19,23.0,23.0,23.0,23.0,18.994707107543945,0
2006-05-22,23.0,23.0,23.0,23.0,18.994707107543945,0
2006-05-23,23.0,23.0,23.0,23.0,18.994707107543945,0
2006-05-24,23.0,23.0,23.0,23.0,18.994707107543945,0
2006-05-25,23.5,23.5,23.5,23.5,19.407636642456055,2000
2006-05-26,23.5,23.5,23.5,23.5,19.407636642456055,1000
2006-05-30,23.5,23.5,23.5,23.5,19.407636642456055,0
2006-05-31,23.5,23.5,23.5,23.5,19.407636642456055,0
2006-06-01,23.5,23.5,23.5,23.5,19.407636642456055,0
2006-06-02,23.5,23.5,23.5,23.5,19.407636642456055,0
2006-06-05,23.5,23.5,23.5,23.5,19.407636642456055,0
2006-06-06,23.5,23.5,23.5,23.5,19.407636642456055,0
2006-06-07,22.700000762939453,22.975000381469727,22.700000762939453,22.975000381469727,18.97406768798828,2000
2006-06-08,22.975000381469727,22.975000381469727,22.975000381469727,22.975000381469727,18.97406768798828,0
2006-06-09,22.975000381469727,22.975000381469727,22.975000381469727,22.975000381469727,18.97406768798828,0
2006-06-12,22.450000762939453,22.450000762939453,22.450000762939453,22.450000762939453,18.540489196777344,2000
2006-06-13,22.975000381469727,22.975000381469727,22.75,22.75,18.788244247436523,4000
2006-06-14,22.75,22.75,22.75,22.75,18.788244247436523,0
2006-06-15,22.75,22.75,22.75,22.75,18.788244247436523,0
2006-06-16,22.75,22.75,22.75,22.75,18.788244247436523,0
2006-06-19,22.75,22.75,22.75,22.75,18.788244247436523,0
2006-06-20,22.75,22.75,22.75,22.75,18.788244247436523,0
2006-06-21,22.49799919128418,22.49799919128418,22.49799919128418,22.49799919128418,18.580129623413086,2000
2006-06-22,22.49799919128418,22.49799919128418,22.49799919128418,22.49799919128418,18.580129623413086,0
2006-06-23,22.49799919128418,22.49799919128418,22.325000762939453,22.325000762939453,18.437252044677734,6000
2006-06-26,22.325000762939453,22.325000762939453,22.325000762939453,22.325000762939453,18.437252044677734,0
2006-06-27,22.325000762939453,22.325000762939453,22.325000762939453,22.325000762939453,18.437252044677734,0
2006-06-28,22.325000762939453,22.325000762939453,22.325000762939453,22.325000762939453,18.437252044677734,0
2006-06-29,22.325000762939453,22.325000762939453,22.325000762939453,22.325000762939453,18.437252044677734,0
2006-06-30,22.100000381469727,22.5,22.100000381469727,22.200000762939453,18.33403205871582,4000
2006-07-03,22.200000762939453,22.200000762939453,22.200000762939453,22.200000762939453,18.33403205871582,0
2006-07-05,22.5,22.5,22.5,22.5,18.58177375793457,1000
2006-07-06,22.0,22.0,22.0,22.0,18.168851852416992,2000
2006-07-07,22.0,22.0,22.0,22.0,18.168851852416992,0
2006-07-10,22.0,22.0,22.0,22.0,18.168851852416992,2000
2006-07-11,22.0,22.0,22.0,22.0,18.168851852416992,0
2006-07-12,22.0,22.0,22.0,22.0,18.168851852416992,0
2006-07-13,22.0,22.0,22.0,22.0,18.168851852416992,0
2006-07-14,22.0,22.0,22.0,22.0,18.168851852416992,3000
2006-07-17,22.0,22.0,22.0,22.0,18.168851852416992,0
2006-07-18,22.0,22.0,22.0,22.0,18.168851852416992,0
2006-07-19,22.0,22.0,22.0,22.0,18.168851852416992,0
2006-07-20,22.0,22.0,22.0,22.0,18.168851852416992,0
2006-07-21,22.0,22.0,22.0,22.0,18.168851852416992,0
2006-07-24,21.100000381469727,21.100000381469727,21.0,21.0,17.34299087524414,3000
2006-07-25,21.0,21.0,21.0,21.0,17.34299087524414,1000
2006-07-26,21.0,21.0,21.0,21.0,17.34299087524414,0
2006-07-27,21.0,21.0,21.0,21.0,17.34299087524414,8000
2006-07-28,20.799999237060547,20.799999237060547,20.799999237060547,20.799999237060547,17.17781639099121,2000
2006-07-31,20.799999237060547,20.799999237060547,20.799999237060547,20.799999237060547,17.17781639099121,0
2006-08-01,20.799999237060547,20.799999237060547,20.799999237060547,20.799999237060547,17.17781639099121,0
2006-08-02,20.899999618530273,20.899999618530273,20.899999618530273,20.899999618530273,17.260408401489258,1000
2006-08-03,20.899999618530273,20.899999618530273,20.899999618530273,20.899999618530273,17.260408401489258,0
2006-08-04,20.799999237060547,20.799999237060547,20.799999237060547,20.799999237060547,17.17781639099121,1000
2006-08-07,20.799999237060547,20.799999237060547,20.799999237060547,20.799999237060547,17.17781639099121,0
2006-08-08,20.799999237060547,20.799999237060547,20.799999237060547,20.799999237060547,17.17781639099121,0
2006-08-09,20.799999237060547,20.799999237060547,20.799999237060547,20.799999237060547,17.17781639099121,0
2006-08-10,20.799999237060547,20.799999237060547,20.799999237060547,20.799999237060547,17.17781639099121,0
2006-08-11,20.799999237060547,20.799999237060547,20.799999237060547,20.799999237060547,17.17781639099121,0
2006-08-14,20.799999237060547,20.799999237060547,20.799999237060547,20.799999237060547,17.17781639099121,0
2006-08-15,20.799999237060547,20.799999237060547,20.799999237060547,20.799999237060547,17.17781639099121,0
2006-08-16,20.799999237060547,20.799999237060547,20.799999237060547,20.799999237060547,17.17781639099121,0
2006-08-17,19.0,19.5,19.0,19.350000381469727,15.98033332824707,6000
2006-08-18,19.350000381469727,19.350000381469727,19.350000381469727,19.350000381469727,15.98033332824707,0
2006-08-21,19.5,19.5,19.0,19.0,15.691283226013184,8000
2006-08-22,18.700000762939453,18.700000762939453,18.700000762939453,18.700000762939453,15.443527221679688,2000
2006-08-23,18.5,19.0,18.5,19.0,15.691283226013184,31000
2006-08-24,19.0,19.0,19.0,19.0,15.691283226013184,0
2006-08-25,18.899999618530273,18.899999618530273,18.899999618530273,18.899999618530273,15.608698844909668,2000
2006-08-28,18.600000381469727,18.600000381469727,18.600000381469727,18.600000381469727,15.360945701599121,1000
2006-08-29,18.899999618530273,18.899999618530273,18.899999618530273,18.899999618530273,15.608698844909668,3000
2006-08-30,18.899999618530273,18.899999618530273,18.899999618530273,18.899999618530273,15.608698844909668,25000
2006-08-31,19.0,19.0,18.799999237060547,18.799999237060547,15.526113510131836,13000
2006-09-01,18.899999618530273,19.0,18.899999618530273,18.899999618530273,15.608698844909668,30000
2006-09-05,18.799999237060547,18.899999618530273,18.799999237060547,18.899999618530273,15.608698844909668,13000
2006-09-06,18.899999618530273,18.899999618530273,18.899999618530273,18.899999618530273,15.608698844909668,0
2006-09-07,19.0,19.0,19.0,19.0,15.691283226013184,2000
2006-09-08,19.0,19.0,19.0,19.0,15.691283226013184,0
2006-09-11,19.0,19.0,19.0,19.0,15.691283226013184,0
2006-09-12,19.0,19.0,19.0,19.0,15.691283226013184,0
2006-09-13,19.0,19.0,19.0,19.0,15.691283226013184,2000
2006-09-14,19.0,19.0,19.0,19.0,15.691283226013184,0
2006-09-15,19.0,19.0,19.0,19.0,15.691283226013184,0
2006-09-18,19.0,19.0,19.0,19.0,15.691283226013184,3000
2006-09-19,19.0,19.0,19.0,19.0,15.691283226013184,0
2006-09-20,19.0,19.0,19.0,19.0,15.691283226013184,2000
2006-09-21,19.0,19.0,19.0,19.0,15.691283226013184,5000
2006-09-22,19.0,19.0,19.0,19.0,15.691283226013184,5000
2006-09-25,19.0,19.0,19.0,19.0,15.691283226013184,18000
2006-09-26,18.600000381469727,18.600000381469727,18.600000381469727,18.600000381469727,15.360945701599121,2000
2006-09-27,18.600000381469727,18.600000381469727,18.600000381469727,18.600000381469727,15.360945701599121,0
2006-09-28,18.399999618530273,18.600000381469727,18.399999618530273,18.600000381469727,15.360945701599121,3000
2006-09-29,18.049999237060547,18.049999237060547,18.0,18.049999237060547,14.906720161437988,6000
2006-10-02,18.049999237060547,18.049999237060547,18.049999237060547,18.049999237060547,14.906720161437988,0
2006-10-03,18.049999237060547,18.049999237060547,18.049999237060547,18.049999237060547,14.906720161437988,0
2006-10-04,18.049999237060547,18.049999237060547,18.049999237060547,18.049999237060547,14.906720161437988,0
2006-10-05,17.549999237060547,17.549999237060547,17.549999237060547,17.549999237060547,14.493790626525879,1000
2006-10-06,17.549999237060547,17.700000762939453,17.549999237060547,17.700000762939453,14.617668151855469,5000
2006-10-09,17.700000762939453,17.700000762939453,17.700000762939453,17.700000762939453,14.617668151855469,0
2006-10-10,17.799999237060547,17.799999237060547,17.799999237060547,17.799999237060547,14.700249671936035,3000
2006-10-11,17.799999237060547,17.799999237060547,17.799999237060547,17.799999237060547,14.700249671936035,1000
2006-10-12,17.799999237060547,17.799999237060547,17.799999237060547,17.799999237060547,14.700249671936035,30000
2006-10-13,17.799999237060547,17.799999237060547,17.799999237060547,17.799999237060547,14.700249671936035,5000
2006-10-16,17.799999237060547,17.799999237060547,17.799999237060547,17.799999237060547,14.700249671936035,0
2006-10-17,17.799999237060547,17.799999237060547,17.799999237060547,17.799999237060547,14.700249671936035,0
2006-10-18,17.799999237060547,17.799999237060547,17.799999237060547,17.799999237060547,14.700249671936035,2000
2006-10-19,17.799999237060547,18.049999237060547,17.799999237060547,18.049999237060547,14.906720161437988,47000
2006-10-20,17.899999618530273,17.899999618530273,17.899999618530273,17.899999618530273,14.782837867736816,2000
2006-10-23,18.0,18.0,18.0,18.0,14.86542797088623,4000
2006-10-24,18.0,18.0,18.0,18.0,14.86542797088623,0
2006-10-25,18.200000762939453,18.299999237060547,18.200000762939453,18.299999237060547,15.113186836242676,48000
2006-10-26,18.649999618530273,18.700000762939453,18.5,18.5,15.278352737426758,6000
2006-10-27,18.5,18.5,18.5,18.5,15.278352737426758,0
2006-10-30,18.799999237060547,18.899999618530273,18.700000762939453,18.700000762939453,15.443527221679688,6000
2006-10-31,19.299999237060547,19.600000381469727,19.0,19.600000381469727,16.186800003051758,25000
2006-11-01,19.600000381469727,19.600000381469727,19.600000381469727,19.600000381469727,16.186800003051758,1000
2006-11-02,19.600000381469727,19.600000381469727,19.600000381469727,19.600000381469727,16.186800003051758,0
2006-11-03,19.600000381469727,19.600000381469727,19.600000381469727,19.600000381469727,16.186800003051758,0
2006-11-06,19.600000381469727,19.600000381469727,19.600000381469727,19.600000381469727,16.186800003051758,0
2006-11-07,24.0,24.0,24.0,24.0,19.820568084716797,1000
2006-11-08,24.0,24.0,24.0,24.0,19.820568084716797,0
2006-11-09,22.0,22.0,22.0,22.0,18.168851852416992,1000
2006-11-10,21.9950008392334,21.9950008392334,21.9950008392334,21.9950008392334,18.164722442626953,1000
2006-11-13,21.9950008392334,21.9950008392334,21.9950008392334,21.9950008392334,18.164722442626953,0
2006-11-14,21.9950008392334,21.9950008392334,21.9950008392334,21.9950008392334,18.164722442626953,0
2006-11-15,21.9950008392334,21.9950008392334,21.9950008392334,21.9950008392334,18.164722442626953,0
2006-11-16,21.9950008392334,21.9950008392334,21.9950008392334,21.9950008392334,18.164722442626953,0
2006-11-17,21.9950008392334,21.9950008392334,21.9950008392334,21.9950008392334,18.164722442626953,0
2006-11-20,21.9950008392334,21.9950008392334,21.9950008392334,21.9950008392334,18.164722442626953,0
2006-11-21,21.9950008392334,21.9950008392334,21.9950008392334,21.9950008392334,18.164722442626953,0
2006-11-22,21.9950008392334,21.9950008392334,21.9950008392334,21.9950008392334,18.164722442626953,0
2006-11-24,21.9950008392334,21.9950008392334,21.9950008392334,21.9950008392334,18.164722442626953,0
2006-11-27,21.9950008392334,21.9950008392334,21.9950008392334,21.9950008392334,18.164722442626953,0
2006-11-28,21.9950008392334,21.9950008392334,21.9950008392334,21.9950008392334,18.164722442626953,0
2006-11-29,21.9950008392334,21.9950008392334,21.9950008392334,21.9950008392334,18.164722442626953,0
2006-11-30,21.9950008392334,21.9950008392334,21.9950008392334,21.9950008392334,18.164722442626953,0
2006-12-01,21.9950008392334,21.9950008392334,21.9950008392334,21.9950008392334,18.164722442626953,0
2006-12-04,21.9950008392334,21.9950008392334,21.9950008392334,21.9950008392334,18.164722442626953,0
2006-12-05,21.9950008392334,21.9950008392334,21.9950008392334,21.9950008392334,18.164722442626953,0
2006-12-06,21.9950008392334,21.9950008392334,21.9950008392334,21.9950008392334,18.164722442626953,0
2006-12-07,21.9950008392334,21.9950008392334,21.9950008392334,21.9950008392334,18.164722442626953,0
2006-12-08,21.9950008392334,21.9950008392334,21.9950008392334,21.9950008392334,18.164722442626953,0
2006-12-11,21.9950008392334,21.9950008392334,21.9950008392334,21.9950008392334,18.164722442626953,0
2006-12-12,21.9950008392334,21.9950008392334,21.9950008392334,21.9950008392334,18.164722442626953,0
2006-12-13,21.9950008392334,21.9950008392334,21.9950008392334,21.9950008392334,18.164722442626953,0
2006-12-14,21.9950008392334,21.9950008392334,21.9950008392334,21.9950008392334,18.164722442626953,0
2006-12-15,22.0,22.0,22.0,22.0,18.168851852416992,1000
2006-12-18,23.0,23.200000762939453,22.5,23.0,18.994707107543945,21000
2006-12-19,23.0,23.0,23.0,23.0,18.994707107543945,0
2006-12-20,23.0,23.0,23.0,23.0,18.994707107543945,0
2006-12-21,23.0,23.0,23.0,23.0,18.994707107543945,0
2006-12-22,23.0,23.0,23.0,23.0,18.994707107543945,0
2006-12-26,24.799999237060547,25.0,24.799999237060547,25.0,20.646421432495117,5000
2006-12-27,25.0,25.0,25.0,25.0,20.646421432495117,0
2006-12-28,25.0,25.0,25.0,25.0,20.646421432495117,0
2006-12-29,25.100000381469727,26.5,25.0,26.5,21.88520622253418,4000
2007-01-03,26.5,26.5,26.5,26.5,21.88520622253418,0
2007-01-04,26.5,26.5,26.5,26.5,21.88520622253418,0
2007-01-05,26.5,26.5,26.5,26.5,21.88520622253418,0
2007-01-08,26.5,26.5,26.5,26.5,21.88520622253418,0
2007-01-09,25.4950008392334,25.4950008392334,25.0,25.0,20.646421432495117,3000
2007-01-10,24.0,24.475000381469727,24.0,24.475000381469727,20.212852478027344,2000
2007-01-11,24.0,24.0,24.0,24.0,19.820568084716797,1000
2007-01-12,24.0,25.0,24.0,25.0,20.646421432495117,14000
2007-01-16,25.0,25.5,25.0,25.5,21.05935287475586,4000
2007-01-17,25.5,25.5,25.5,25.5,21.05935287475586,0
2007-01-18,25.5,25.5,25.5,25.5,21.05935287475586,0
2007-01-19,24.5,25.0,24.5,25.0,20.646421432495117,3000
2007-01-22,25.0,25.0,25.0,25.0,20.646421432495117,0
2007-01-23,25.0,26.0,25.0,26.0,21.472280502319336,3000
2007-01-24,26.0,26.0,26.0,26.0,21.472280502319336,0
2007-01-25,25.100000381469727,25.100000381469727,25.100000381469727,25.100000381469727,20.729007720947266,2000
2007-01-26,25.100000381469727,25.100000381469727,25.100000381469727,25.100000381469727,20.729007720947266,0
2007-01-29,25.100000381469727,25.100000381469727,25.100000381469727,25.100000381469727,20.729007720947266,0
2007-01-30,23.799999237060547,23.799999237060547,23.799999237060547,23.799999237060547,19.655397415161133,1000
2007-01-31,24.0,25.0,23.799999237060547,23.799999237060547,19.655397415161133,12000
2007-02-01,23.799999237060547,23.799999237060547,23.799999237060547,23.799999237060547,19.655397415161133,0
2007-02-02,25.200000762939453,26.0,25.200000762939453,26.0,21.472280502319336,3000
2007-02-05,25.200000762939453,25.200000762939453,25.200000762939453,25.200000762939453,20.811588287353516,3000
2007-02-06,26.5,26.5,26.5,26.5,21.88520622253418,1000
2007-02-07,26.700000762939453,26.700000762939453,26.100000381469727,26.18000030517578,21.620929718017578,6000
2007-02-08,26.18000030517578,26.18000030517578,26.18000030517578,26.18000030517578,21.620929718017578,0
2007-02-09,26.18000030517578,26.18000030517578,26.18000030517578,26.18000030517578,21.620929718017578,0
2007-02-12,26.18000030517578,26.18000030517578,26.18000030517578,26.18000030517578,21.620929718017578,0
2007-02-13,26.18000030517578,26.18000030517578,26.18000030517578,26.18000030517578,21.620929718017578,0
2007-02-14,26.18000030517578,26.18000030517578,26.18000030517578,26.18000030517578,21.620929718017578,0
2007-02-15,26.18000030517578,26.18000030517578,26.18000030517578,26.18000030517578,21.620929718017578,0
2007-02-16,26.18000030517578,26.18000030517578,26.18000030517578,26.18000030517578,21.620929718017578,0
2007-02-20,26.18000030517578,26.18000030517578,26.18000030517578,26.18000030517578,21.620929718017578,0
2007-02-21,26.18000030517578,26.18000030517578,26.18000030517578,26.18000030517578,21.620929718017578,0
2007-02-22,26.18000030517578,26.18000030517578,26.18000030517578,26.18000030517578,21.620929718017578,0
2007-02-23,26.18000030517578,26.18000030517578,26.18000030517578,26.18000030517578,21.620929718017578,0
2007-02-26,26.0,26.0,26.0,26.0,21.472280502319336,1000
2007-02-27,26.0,26.0,26.0,26.0,21.472280502319336,0
2007-02-28,26.0,26.0,26.0,26.0,21.472280502319336,0
2007-03-01,26.0,26.0,26.0,26.0,21.472280502319336,0
2007-03-02,26.0,26.0,26.0,26.0,21.472280502319336,0
2007-03-05,24.0,24.0,24.0,24.0,19.820568084716797,2000
2007-03-06,24.0,24.0,24.0,24.0,19.820568084716797,0
2007-03-07,25.600000381469727,25.600000381469727,25.600000381469727,25.600000381469727,21.14194107055664,2000
2007-03-08,25.600000381469727,25.600000381469727,25.600000381469727,25.600000381469727,21.14194107055664,0
2007-03-09,25.600000381469727,25.600000381469727,25.600000381469727,25.600000381469727,21.14194107055664,0
2007-03-12,25.600000381469727,25.600000381469727,25.600000381469727,25.600000381469727,21.14194107055664,0
2007-03-13,25.299999237060547,25.299999237060547,25.299999237060547,25.299999237060547,20.894176483154297,4000
2007-03-14,25.299999237060547,25.299999237060547,25.299999237060547,25.299999237060547,20.894176483154297,0
2007-03-15,24.200000762939453,24.200000762939453,24.200000762939453,24.200000762939453,19.98573875427246,1000
2007-03-16,25.0,25.0,25.0,25.0,20.646421432495117,2000
2007-03-19,25.0,25.0,25.0,25.0,20.646421432495117,1000
2007-03-20,25.0,25.0,25.0,25.0,20.646421432495117,0
2007-03-21,25.299999237060547,25.299999237060547,25.299999237060547,25.299999237060547,20.894176483154297,1000
2007-03-22,25.299999237060547,25.299999237060547,25.299999237060547,25.299999237060547,20.894176483154297,0
2007-03-23,24.299999237060547,24.299999237060547,24.299999237060547,24.299999237060547,20.068328857421875,5000
2007-03-26,24.299999237060547,24.299999237060547,24.299999237060547,24.299999237060547,20.068328857421875,0
2007-03-27,24.299999237060547,24.299999237060547,24.299999237060547,24.299999237060547,20.068328857421875,0
2007-03-28,25.399999618530273,25.399999618530273,25.399999618530273,25.399999618530273,20.976760864257812,1000
2007-03-29,25.399999618530273,25.399999618530273,25.399999618530273,25.399999618530273,20.976760864257812,0
2007-03-30,25.5,25.5,25.5,25.5,21.05935287475586,2000
2007-04-02,25.5,25.5,25.5,25.5,21.05935287475586,0
2007-04-03,25.5,25.5,25.5,25.5,21.05935287475586,0
2007-04-04,25.5,25.5,25.5,25.5,21.05935287475586,0
2007-04-05,26.75,26.75,26.75,26.75,22.091672897338867,5000
2007-04-09,26.75,26.75,26.75,26.75,22.091672897338867,0
2007-04-10,26.75,26.75,26.75,26.75,22.091672897338867,0
2007-04-11,26.75,26.75,26.75,26.75,22.091672897338867,0
2007-04-12,27.5,27.5,27.5,27.5,22.711069107055664,1000
2007-04-13,28.100000381469727,28.100000381469727,28.100000381469727,28.100000381469727,23.206584930419922,1000
2007-04-16,28.600000381469727,29.0,28.600000381469727,29.0,23.94985008239746,5000
2007-04-17,29.0,29.0,29.0,29.0,23.94985008239746,0
2007-04-18,29.0,29.0,29.0,29.0,23.94985008239746,0
2007-04-19,30.0,30.0,30.0,30.0,24.77570915222168,5000
2007-04-20,30.0,30.0,30.0,30.0,24.77570915222168,0
2007-04-23,30.0,30.0,30.0,30.0,24.77570915222168,0
2007-04-24,32.5,32.5,32.5,32.5,26.840349197387695,2000
2007-04-25,33.400001525878906,33.400001525878906,33.400001525878906,33.400001525878906,27.583627700805664,2000
2007-04-26,33.400001525878906,33.400001525878906,33.0,33.0,27.253286361694336,5000
2007-04-27,33.25,33.29999923706055,33.0,33.0,27.253286361694336,4000
2007-04-30,33.0,33.0,33.0,33.0,27.253286361694336,0
2007-05-01,33.0,33.0,33.0,33.0,27.253286361694336,0
2007-05-02,31.0,31.0,31.0,31.0,25.601566314697266,1000
2007-05-03,30.0,30.0,30.0,30.0,24.77570915222168,1000
2007-05-04,30.0,30.0,30.0,30.0,24.77570915222168,0
2007-05-07,30.0,30.0,30.0,30.0,24.77570915222168,0
2007-05-08,29.5,29.5,29.0,29.0,23.94985008239746,6000
2007-05-09,29.0,29.0,29.0,29.0,23.94985008239746,0
2007-05-10,27.549999237060547,27.549999237060547,27.549999237060547,27.549999237060547,22.752361297607422,1000
2007-05-11,27.700000762939453,27.700000762939453,27.700000762939453,27.700000762939453,22.876239776611328,2000
2007-05-14,27.700000762939453,27.700000762939453,27.700000762939453,27.700000762939453,22.876239776611328,0
2007-05-15,29.5,29.5,29.5,29.5,24.362773895263672,1000
2007-05-16,29.5,29.5,29.5,29.5,24.362773895263672,0
2007-05-17,29.5,29.5,29.5,29.5,24.362773895263672,0
2007-05-18,29.5,29.5,29.5,29.5,24.362773895263672,0
2007-05-21,29.5,29.5,29.5,29.5,24.362773895263672,0
2007-05-22,29.5,29.5,29.5,29.5,24.362773895263672,1000
2007-05-23,29.5,29.5,29.5,29.5,24.362773895263672,0
2007-05-24,29.5,29.5,29.5,29.5,24.362773895263672,0
2007-05-25,28.299999237060547,28.299999237060547,28.299999237060547,28.299999237060547,23.37175178527832,2000
2007-05-29,28.299999237060547,28.299999237060547,28.299999237060547,28.299999237060547,23.37175178527832,0
2007-05-30,28.299999237060547,28.299999237060547,28.299999237060547,28.299999237060547,23.37175178527832,2000
2007-05-31,28.5,28.700000762939453,28.5,28.700000762939453,23.70209312438965,6000
2007-06-01,28.1299991607666,28.1299991607666,28.1299991607666,28.1299991607666,23.23135757446289,1000
2007-06-04,28.1299991607666,28.1299991607666,28.1299991607666,28.1299991607666,23.23135757446289,0
2007-06-05,28.1299991607666,28.1299991607666,28.1299991607666,28.1299991607666,23.23135757446289,0
2007-06-06,28.1299991607666,28.1299991607666,28.1299991607666,28.1299991607666,23.23135757446289,0
2007-06-07,28.1299991607666,28.1299991607666,28.1299991607666,28.1299991607666,23.23135757446289,0
2007-06-08,28.299999237060547,28.299999237060547,28.299999237060547,28.299999237060547,23.37175178527832,2000
2007-06-11,28.700000762939453,28.700000762939453,28.700000762939453,28.700000762939453,23.70209312438965,2000
2007-06-12,28.700000762939453,28.700000762939453,28.700000762939453,28.700000762939453,23.70209312438965,0
2007-06-13,28.700000762939453,28.700000762939453,28.700000762939453,28.700000762939453,23.70209312438965,0
2007-06-14,28.549999237060547,28.549999237060547,28.549999237060547,28.549999237060547,23.578216552734375,1000
2007-06-15,28.549999237060547,28.549999237060547,28.549999237060547,28.549999237060547,23.578216552734375,2000
2007-06-18,28.549999237060547,28.549999237060547,28.549999237060547,28.549999237060547,23.578216552734375,0
2007-06-19,28.549999237060547,28.549999237060547,28.549999237060547,28.549999237060547,23.578216552734375,0
2007-06-20,28.549999237060547,28.549999237060547,28.549999237060547,28.549999237060547,23.578216552734375,0
2007-06-21,28.549999237060547,28.549999237060547,28.549999237060547,28.549999237060547,23.578216552734375,0
2007-06-22,28.549999237060547,28.549999237060547,28.549999237060547,28.549999237060547,23.578216552734375,0
2007-06-25,28.5,28.5,28.5,28.5,23.53691864013672,2000
2007-06-26,28.5,28.545000076293945,28.5,28.545000076293945,23.574087142944336,3000
2007-06-27,28.010000228881836,28.100000381469727,28.010000228881836,28.100000381469727,23.206584930419922,3000
2007-06-28,28.100000381469727,28.100000381469727,28.100000381469727,28.100000381469727,23.206584930419922,0
2007-06-29,28.100000381469727,28.100000381469727,28.100000381469727,28.100000381469727,23.206584930419922,0
2007-07-02,29.100000381469727,29.100000381469727,29.100000381469727,29.100000381469727,24.032440185546875,5000
2007-07-03,30.225000381469727,30.225000381469727,30.0,30.0,24.77570915222168,8000
2007-07-05,30.0,30.0,30.0,30.0,24.77570915222168,0
2007-07-06,30.0,30.0,30.0,30.0,24.77570915222168,0
2007-07-09,30.0,30.0,30.0,30.0,24.77570915222168,0
2007-07-10,30.0,30.0,30.0,30.0,24.77570915222168,0
2007-07-11,30.0,30.100000381469727,30.0,30.100000381469727,24.858295440673828,4000
2007-07-12,30.100000381469727,30.100000381469727,30.100000381469727,30.100000381469727,24.858295440673828,0
2007-07-13,30.100000381469727,30.100000381469727,30.100000381469727,30.100000381469727,24.858295440673828,0
2007-07-16,30.100000381469727,30.100000381469727,30.100000381469727,30.100000381469727,24.858295440673828,0
2007-07-17,31.100000381469727,31.100000381469727,31.100000381469727,31.100000381469727,25.684152603149414,1000
2007-07-18,31.100000381469727,31.100000381469727,31.100000381469727,31.100000381469727,25.684152603149414,0
2007-07-19,31.100000381469727,31.100000381469727,31.100000381469727,31.100000381469727,25.684152603149414,0
2007-07-20,31.100000381469727,31.100000381469727,31.100000381469727,31.100000381469727,25.684152603149414,0
2007-07-23,31.600000381469727,32.099998474121094,31.600000381469727,31.899999618530273,26.34483528137207,13000
2007-07-24,31.899999618530273,31.899999618530273,31.899999618530273,31.899999618530273,26.34483528137207,0
2007-07-25,32.0,32.0,32.0,32.0,26.427427291870117,1000
2007-07-26,32.0,32.0,32.0,32.0,26.427427291870117,0
2007-07-27,32.0,32.0,32.0,32.0,26.427427291870117,0
2007-07-30,31.0,31.0,31.0,31.0,25.601566314697266,1000
2007-07-31,31.0,31.0,31.0,31.0,25.601566314697266,3000
2007-08-01,31.799999237060547,31.799999237060547,31.799999237060547,31.799999237060547,26.262250900268555,14000
2007-08-02,31.799999237060547,35.349998474121094,31.799999237060547,32.0,26.427427291870117,6000
2007-08-03,35.349998474121094,35.349998474121094,34.5,34.599998474121094,28.57465171813965,5000
2007-08-06,34.599998474121094,34.599998474121094,34.599998474121094,34.599998474121094,28.57465171813965,0
2007-08-07,33.900001525878906,34.5,33.900001525878906,34.0,28.079151153564453,10000
2007-08-08,34.0,34.0,33.5,33.5,27.666208267211914,2000
2007-08-09,33.0,33.0,33.0,33.0,27.253286361694336,2000
2007-08-10,33.0,33.0,33.0,33.0,27.253286361694336,0
2007-08-13,33.0,33.0,33.0,33.0,27.253286361694336,0
2007-08-14,33.0,33.0,33.0,33.0,27.253286361694336,0
2007-08-15,31.5,31.5,31.5,31.5,26.014503479003906,1000
2007-08-16,31.5,31.5,31.5,31.5,26.014503479003906,0
2007-08-17,31.5,31.5,31.5,31.5,26.014503479003906,0
2007-08-20,31.0,31.0,31.0,31.0,25.601566314697266,1000
2007-08-21,31.0,31.0,31.0,31.0,25.601566314697266,0
2007-08-22,31.799999237060547,31.799999237060547,31.799999237060547,31.799999237060547,26.262250900268555,2000
2007-08-23,31.799999237060547,31.799999237060547,31.799999237060547,31.799999237060547,26.262250900268555,0
2007-08-24,31.799999237060547,31.799999237060547,31.799999237060547,31.799999237060547,26.262250900268555,0
2007-08-27,33.0,33.0,33.0,33.0,27.253286361694336,2000
2007-08-28,33.20000076293945,33.20000076293945,33.20000076293945,33.20000076293945,27.418455123901367,2000
2007-08-29,33.20000076293945,33.20000076293945,33.17499923706055,33.20000076293945,27.418455123901367,5000
2007-08-30,33.20000076293945,33.20000076293945,33.0,33.0,27.253286361694336,11000
2007-08-31,33.0,33.0,33.0,33.0,27.253286361694336,0
2007-09-04,33.0,33.0,33.0,33.0,27.253286361694336,0
2007-09-05,33.0,33.0,33.0,33.0,27.253286361694336,0
2007-09-06,33.0,33.0,33.0,33.0,27.253286361694336,0
2007-09-07,33.0,33.0,33.0,33.0,27.253286361694336,0
2007-09-10,33.29999923706055,33.29999923706055,33.0,33.0,27.253286361694336,7000
2007-09-11,31.5,31.5,31.5,31.5,26.014503479003906,1000
2007-09-12,31.5,31.5,31.5,31.5,26.014503479003906,0
2007-09-13,31.5,31.5,31.5,31.5,26.014503479003906,0
2007-09-14,31.5,31.5,31.5,31.5,26.014503479003906,0
2007-09-17,31.5,31.5,31.5,31.5,26.014503479003906,0
2007-09-18,31.5,31.5,31.5,31.5,26.014503479003906,0
2007-09-19,31.5,31.5,31.5,31.5,26.014503479003906,0
2007-09-20,31.5,31.5,31.5,31.5,26.014503479003906,0
2007-09-21,31.5,31.5,31.5,31.5,26.014503479003906,0
2007-09-24,31.5,31.5,31.5,31.5,26.014503479003906,0
2007-09-25,31.5,31.5,31.5,31.5,26.014503479003906,0
2007-09-26,30.0,30.0,29.799999237060547,29.799999237060547,24.61053466796875,4000
2007-09-27,29.799999237060547,29.799999237060547,29.799999237060547,29.799999237060547,24.61053466796875,0
2007-09-28,30.0,30.0,30.0,30.0,24.77570915222168,1000
2007-10-01,30.0,30.0,30.0,30.0,24.77570915222168,0
2007-10-02,30.0,30.0,30.0,30.0,24.77570915222168,0
2007-10-03,30.0,30.0,30.0,30.0,24.77570915222168,0
2007-10-04,30.0,30.0,30.0,30.0,24.77570915222168,0
2007-10-05,30.0,30.0,30.0,30.0,24.77570915222168,0
2007-10-08,30.0,30.0,30.0,30.0,24.77570915222168,0
2007-10-09,30.0,30.0,30.0,30.0,24.77570915222168,0
2007-10-10,30.0,30.0,30.0,30.0,24.77570915222168,0
2007-10-11,30.0,30.0,30.0,30.0,24.77570915222168,0
2007-10-12,30.0,30.0,30.0,30.0,24.77570915222168,0
2007-10-15,30.0,30.0,30.0,30.0,24.77570915222168,0
2007-10-16,30.0,30.0,30.0,30.0,24.77570915222168,0
2007-10-17,30.0,30.0,30.0,30.0,24.77570915222168,0
2007-10-18,30.0,30.0,30.0,30.0,24.77570915222168,0
2007-10-19,30.0,30.0,30.0,30.0,24.77570915222168,0
2007-10-22,30.0,30.0,30.0,30.0,24.77570915222168,0
2007-10-23,30.0,30.0,30.0,30.0,24.77570915222168,0
2007-10-24,30.0,30.0,30.0,30.0,24.77570915222168,0
2007-10-25,30.0,30.0,30.0,30.0,24.77570915222168,0
2007-10-26,28.325000762939453,28.325000762939453,28.325000762939453,28.325000762939453,23.392396926879883,2000
2007-10-29,28.325000762939453,28.325000762939453,28.325000762939453,28.325000762939453,23.392396926879883,0
2007-10-30,28.325000762939453,28.325000762939453,28.325000762939453,28.325000762939453,23.392396926879883,0
2007-10-31,28.325000762939453,28.325000762939453,28.325000762939453,28.325000762939453,23.392396926879883,0
2007-11-01,28.325000762939453,28.325000762939453,28.325000762939453,28.325000762939453,23.392396926879883,0
2007-11-02,28.325000762939453,28.325000762939453,28.325000762939453,28.325000762939453,23.392396926879883,0
2007-11-05,27.5,27.5,27.5,27.5,22.711069107055664,2000
2007-11-06,27.5,27.5,27.5,27.5,22.711069107055664,0
2007-11-07,27.5,27.5,27.5,27.5,22.711069107055664,0
2007-11-08,27.5,27.5,27.5,27.5,22.711069107055664,0
2007-11-09,27.5,27.5,27.5,27.5,22.711069107055664,0
2007-11-12,27.5,27.5,27.5,27.5,22.711069107055664,0
2007-11-13,27.5,27.5,27.5,27.5,22.711069107055664,0
2007-11-14,27.5,27.5,27.5,27.5,22.711069107055664,0
2007-11-15,26.549999237060547,30.0,26.5,28.200000762939453,23.289167404174805,9000
2007-11-16,28.200000762939453,28.200000762939453,28.200000762939453,28.200000762939453,23.289167404174805,0
2007-11-19,28.200000762939453,28.200000762939453,28.200000762939453,28.200000762939453,23.289167404174805,0
2007-11-20,28.200000762939453,28.200000762939453,28.200000762939453,28.200000762939453,23.289167404174805,0
2007-11-21,28.200000762939453,28.200000762939453,28.200000762939453,28.200000762939453,23.289167404174805,0
2007-11-23,28.200000762939453,28.200000762939453,28.200000762939453,28.200000762939453,23.289167404174805,0
2007-11-26,28.200000762939453,28.200000762939453,28.200000762939453,28.200000762939453,23.289167404174805,0
2007-11-27,28.200000762939453,28.200000762939453,28.200000762939453,28.200000762939453,23.289167404174805,0
2007-11-28,28.200000762939453,28.200000762939453,28.200000762939453,28.200000762939453,23.289167404174805,0
2007-11-29,28.200000762939453,28.200000762939453,28.200000762939453,28.200000762939453,23.289167404174805,0
2007-11-30,28.200000762939453,28.200000762939453,28.200000762939453,28.200000762939453,23.289167404174805,0
2007-12-03,26.225000381469727,26.225000381469727,26.225000381469727,26.225000381469727,21.65810203552246,1000
2007-12-04,26.225000381469727,26.225000381469727,26.225000381469727,26.225000381469727,21.65810203552246,0
2007-12-05,26.225000381469727,26.225000381469727,26.225000381469727,26.225000381469727,21.65810203552246,0
2007-12-06,24.600000381469727,24.600000381469727,24.600000381469727,24.600000381469727,20.31608009338379,1000
2007-12-07,24.600000381469727,24.600000381469727,24.600000381469727,24.600000381469727,20.31608009338379,0
2007-12-10,21.600000381469727,22.5,21.600000381469727,22.5,18.58177375793457,9000
2007-12-11,22.5,22.5,22.5,22.5,18.58177375793457,0
2007-12-12,23.799999237060547,24.450000762939453,23.799999237060547,24.0,19.820568084716797,8000
2007-12-13,24.0,24.0,24.0,24.0,19.820568084716797,0
2007-12-14,22.149999618530273,22.149999618530273,22.149999618530273,22.149999618530273,18.292728424072266,1000
2007-12-17,22.149999618530273,22.149999618530273,22.149999618530273,22.149999618530273,18.292728424072266,0
2007-12-18,22.149999618530273,22.149999618530273,22.149999618530273,22.149999618530273,18.292728424072266,0
2007-12-19,22.149999618530273,22.149999618530273,22.149999618530273,22.149999618530273,18.292728424072266,0
2007-12-20,21.975000381469727,21.975000381469727,21.700000762939453,21.700000762939453,17.92109489440918,5000
2007-12-21,21.5,21.5,20.899999618530273,20.899999618530273,17.260408401489258,7000
2007-12-24,20.899999618530273,20.899999618530273,20.899999618530273,20.899999618530273,17.260408401489258,0
2007-12-26,21.200000762939453,21.200000762939453,21.200000762939453,21.200000762939453,17.508161544799805,3000
2007-12-27,21.454999923706055,22.889999389648438,21.454999923706055,22.889999389648438,18.903860092163086,4000
2007-12-28,22.889999389648438,22.889999389648438,22.889999389648438,22.889999389648438,18.903860092163086,0
2007-12-31,22.299999237060547,22.299999237060547,22.299999237060547,22.299999237060547,18.416610717773438,1000
2008-01-02,24.700000762939453,24.700000762939453,24.700000762939453,24.700000762939453,20.398672103881836,2000
2008-01-03,24.700000762939453,24.700000762939453,24.700000762939453,24.700000762939453,20.398672103881836,0
2008-01-04,24.700000762939453,24.700000762939453,24.700000762939453,24.700000762939453,20.398672103881836,0
2008-01-07,24.700000762939453,24.700000762939453,24.700000762939453,24.700000762939453,20.398672103881836,0
2008-01-08,24.700000762939453,24.700000762939453,24.700000762939453,24.700000762939453,20.398672103881836,0
2008-01-09,21.0,21.0,20.0,20.200000762939453,16.68231201171875,9000
2008-01-10,21.5,29.950000762939453,21.5,24.799999237060547,20.48125648498535,20000
2008-01-11,22.399999618530273,22.399999618530273,22.399999618530273,22.399999618530273,18.499202728271484,1000
2008-01-14,22.5,22.5,22.5,22.5,18.58177375793457,1000
2008-01-15,22.5,22.5,22.5,22.5,18.58177375793457,0
2008-01-16,22.5,22.5,22.5,22.5,18.58177375793457,0
2008-01-17,22.5,22.5,22.5,22.5,18.58177375793457,0
2008-01-18,22.5,22.5,22.5,22.5,18.58177375793457,0
2008-01-22,21.850000381469727,21.850000381469727,21.850000381469727,21.850000381469727,18.044973373413086,2000
2008-01-23,21.850000381469727,21.850000381469727,21.850000381469727,21.850000381469727,18.044973373413086,0
2008-01-24,21.850000381469727,21.850000381469727,21.850000381469727,21.850000381469727,18.044973373413086,0
2008-01-25,21.850000381469727,21.850000381469727,21.850000381469727,21.850000381469727,18.044973373413086,0
2008-01-28,21.850000381469727,21.850000381469727,21.850000381469727,21.850000381469727,18.044973373413086,0
2008-01-29,21.850000381469727,21.850000381469727,21.850000381469727,21.850000381469727,18.044973373413086,0
2008-01-30,21.850000381469727,21.850000381469727,21.850000381469727,21.850000381469727,18.044973373413086,0
2008-01-31,22.0,22.0,22.0,22.0,18.168851852416992,2000
2008-02-01,22.0,22.0,21.0,21.0,17.34299087524414,8000
2008-02-04,21.0,21.049999237060547,21.0,21.0,17.34299087524414,18000
2008-02-05,21.0,21.0,21.0,21.0,17.34299087524414,2000
2008-02-06,21.0,21.0,21.0,21.0,17.34299087524414,0
2008-02-07,21.0,21.0,21.0,21.0,17.34299087524414,0
2008-02-08,21.0,21.0,21.0,21.0,17.34299087524414,0
2008-02-11,21.0,21.0,21.0,21.0,17.34299087524414,0
2008-02-12,21.0,21.0,21.0,21.0,17.34299087524414,0
2008-02-13,21.0,21.0,21.0,21.0,17.34299087524414,0
2008-02-14,21.0,21.0,21.0,21.0,17.34299087524414,2000
2008-02-15,21.0,21.0,21.0,21.0,17.34299087524414,0
2008-02-19,21.0,21.0,21.0,21.0,17.34299087524414,0
2008-02-20,20.5,20.5,20.5,20.5,16.930063247680664,1000
2008-02-21,20.5,20.5,20.5,20.5,16.930063247680664,0
2008-02-22,20.5,20.5,20.5,20.5,16.930063247680664,0
2008-02-25,20.5,20.5,20.5,20.5,16.930063247680664,0
2008-02-26,22.0,22.0,22.0,22.0,18.168851852416992,1000
2008-02-27,22.0,22.0,22.0,22.0,18.168851852416992,1000
2008-02-28,22.5,22.5,22.0,22.0,18.168851852416992,6000
2008-02-29,22.0,22.0,22.0,22.0,18.168851852416992,0
2008-03-03,22.0,22.0,22.0,22.0,18.168851852416992,0
2008-03-04,22.0,22.0,22.0,22.0,18.168851852416992,0
2008-03-05,22.0,22.0,22.0,22.0,18.168851852416992,0
2008-03-06,22.0,22.0,22.0,22.0,18.168851852416992,0
2008-03-07,22.0,22.0,22.0,22.0,18.168851852416992,0
2008-03-10,22.0,22.0,22.0,22.0,18.168851852416992,0
2008-03-11,21.5,21.5,21.5,21.5,17.75592803955078,2000
2008-03-12,21.5,21.5,21.5,21.5,17.75592803955078,0
2008-03-13,21.5,21.5,21.5,21.5,17.75592803955078,0
2008-03-14,21.5,21.5,21.5,21.5,17.75592803955078,1000
2008-03-17,21.5,21.5,21.5,21.5,17.75592803955078,0
2008-03-18,21.799999237060547,21.799999237060547,21.799999237060547,21.799999237060547,18.003684997558594,2000
2008-03-19,21.799999237060547,21.799999237060547,21.799999237060547,21.799999237060547,18.003684997558594,0
2008-03-20,22.0,22.200000762939453,22.0,22.0,18.168851852416992,4000
2008-03-24,22.0,22.0,21.0,22.0,18.168851852416992,4000
2008-03-25,21.0,22.0,21.0,22.0,18.168851852416992,42000
2008-03-26,22.0,22.0,22.0,22.0,18.168851852416992,0
2008-03-27,22.0,22.0,22.0,22.0,18.168851852416992,0
2008-03-28,22.0,22.0,22.0,22.0,18.168851852416992,0
2008-03-31,22.0,22.0,22.0,22.0,18.168851852416992,0
2008-04-01,22.0,22.0,22.0,22.0,18.168851852416992,0
2008-04-02,22.0,22.0,22.0,22.0,18.168851852416992,0
2008-04-03,22.5,22.5,22.5,22.5,18.58177375793457,3000
2008-04-04,23.899999618530273,23.899999618530273,23.899999618530273,23.899999618530273,19.737985610961914,1000
2008-04-07,23.899999618530273,23.899999618530273,23.899999618530273,23.899999618530273,19.737985610961914,0
2008-04-08,23.899999618530273,23.899999618530273,23.899999618530273,23.899999618530273,19.737985610961914,0
2008-04-09,23.899999618530273,23.899999618530273,23.899999618530273,23.899999618530273,19.737985610961914,0
2008-04-10,23.899999618530273,23.899999618530273,23.899999618530273,23.899999618530273,19.737985610961914,0
2008-04-11,23.899999618530273,23.899999618530273,23.899999618530273,23.899999618530273,19.737985610961914,0
2008-04-14,23.899999618530273,23.899999618530273,23.899999618530273,23.899999618530273,19.737985610961914,0
2008-04-15,24.0,24.0,24.0,24.0,19.820568084716797,1000
2008-04-16,24.0,24.0,24.0,24.0,19.820568084716797,0
2008-04-17,24.0,24.0,24.0,24.0,19.820568084716797,0
2008-04-18,25.799999237060547,25.799999237060547,25.799999237060547,25.799999237060547,21.307111740112305,1000
2008-04-21,25.899999618530273,25.899999618530273,25.0,25.0,20.646421432495117,4000
2008-04-22,25.100000381469727,25.100000381469727,24.600000381469727,24.600000381469727,20.31608009338379,1000
2008-04-23,25.700000762939453,25.700000762939453,24.100000381469727,25.5,21.05935287475586,2000
2008-04-24,25.0,25.0,24.700000762939453,25.0,20.646421432495117,1000
2008-04-25,25.0,25.0,25.0,25.0,20.646421432495117,1000
2008-04-28,25.0,25.0,25.0,25.0,20.646421432495117,2000
2008-04-29,25.0,25.0,25.0,25.0,20.646421432495117,1000
2008-04-30,25.0,25.0,25.0,25.0,20.646421432495117,0
2008-05-01,25.5,25.5,25.5,25.5,21.05935287475586,1000
2008-05-02,25.5,26.0,25.0,26.0,21.472280502319336,2000
2008-05-05,26.0,26.0,26.0,26.0,21.472280502319336,1000
2008-05-06,26.399999618530273,27.0,26.399999618530273,27.0,22.298137664794922,4000
2008-05-07,27.0,27.000999450683594,27.0,27.000999450683594,22.298967361450195,2000
2008-05-08,27.0,28.0,27.0,28.0,23.123991012573242,5000
2008-05-09,28.0,28.0,28.0,28.0,23.123991012573242,3000
2008-05-12,28.0,28.0,28.0,28.0,23.123991012573242,0
2008-05-13,27.5,27.5,27.0,27.0,22.298137664794922,7000
2008-05-14,27.0,27.0,27.0,27.0,22.298137664794922,0
2008-05-15,27.0,27.350000381469727,26.899999618530273,27.0,22.298137664794922,3000
2008-05-16,27.5,27.5,27.5,27.5,22.711069107055664,1000
2008-05-19,27.5,27.5,27.5,27.5,22.711069107055664,0
2008-05-20,27.9950008392334,28.0,27.9950008392334,28.0,23.123991012573242,1000
2008-05-21,28.0,28.0,27.5,27.5,22.711069107055664,1000
2008-05-22,27.700000762939453,27.700000762939453,27.5,27.5,22.711069107055664,4000
2008-05-23,27.5,27.5,27.399999618530273,27.5,22.711069107055664,12000
2008-05-27,27.5,27.600000381469727,27.399999618530273,27.5,22.711069107055664,9000
2008-05-28,27.510000228881836,27.510000228881836,27.5,27.5,22.711069107055664,2000
2008-05-29,28.100000381469727,28.100000381469727,28.100000381469727,28.100000381469727,23.206584930419922,1000
2008-05-30,28.100000381469727,28.100000381469727,28.100000381469727,28.100000381469727,23.206584930419922,2000
2008-06-02,28.299999237060547,28.299999237060547,28.299999237060547,28.299999237060547,23.37175178527832,2000
2008-06-03,28.299999237060547,28.299999237060547,27.399999618530273,28.0,23.123991012573242,17000
2008-06-04,28.499000549316406,29.899999618530273,28.499000549316406,29.799999237060547,24.61053466796875,8000
2008-06-05,29.0,29.0,28.5,28.5,23.53691864013672,2000
2008-06-06,28.499000549316406,28.499000549316406,27.475000381469727,27.5,22.711069107055664,28000
2008-06-09,27.5,28.0,27.0,27.524999618530273,22.731712341308594,13000
2008-06-10,27.524999618530273,27.524999618530273,27.524999618530273,27.524999618530273,22.731712341308594,0
2008-06-11,27.5,27.510000228881836,27.5,27.5,22.711069107055664,6000
2008-06-12,27.5,27.5,27.450000762939453,27.5,22.711069107055664,3000
2008-06-13,27.5,27.5,27.5,27.5,22.711069107055664,1000
2008-06-16,28.799999237060547,29.0,28.0,28.0,23.123991012573242,8000
2008-06-17,27.700000762939453,27.700000762939453,27.700000762939453,27.700000762939453,22.876239776611328,1000
2008-06-18,28.100000381469727,28.299999237060547,28.100000381469727,28.100000381469727,23.206584930419922,1000
2008-06-19,27.5,27.5,27.5,27.5,22.711069107055664,1000
2008-06-20,27.5,27.5,27.5,27.5,22.711069107055664,1000
2008-06-23,27.5,27.524999618530273,27.5,27.5,22.711069107055664,5000
2008-06-24,27.524999618530273,27.524999618530273,27.5,27.524999618530273,22.731712341308594,4000
2008-06-25,27.5049991607666,27.5049991607666,27.5,27.5,22.711069107055664,3000
2008-06-26,27.5,27.5,27.5,27.5,22.711069107055664,2000
2008-06-27,27.5,27.5,27.5,27.5,22.711069107055664,4000
2008-06-30,27.5,27.5,27.5,27.5,22.711069107055664,2000
2008-07-01,27.5,27.700000762939453,27.399999618530273,27.700000762939453,22.876239776611328,16000
2008-07-02,27.5,27.5,27.5,27.5,22.711069107055664,2000
2008-07-03,27.5,27.5,27.5,27.5,22.711069107055664,0
2008-07-07,27.0,27.0,26.5,26.5,21.88520622253418,2000
2008-07-08,26.5,26.5,26.5,26.5,21.88520622253418,1000
2008-07-09,26.5,26.5,26.5,26.5,21.88520622253418,2000
2008-07-10,26.5,26.5,26.5,26.5,21.88520622253418,0
2008-07-11,27.700000762939453,27.700000762939453,27.700000762939453,27.700000762939453,22.876239776611328,1000
2008-07-14,27.700000762939453,27.700000762939453,27.700000762939453,27.700000762939453,22.876239776611328,1000
2008-07-15,27.700000762939453,27.700000762939453,27.700000762939453,27.700000762939453,22.876239776611328,0
2008-07-16,27.700000762939453,27.700000762939453,27.700000762939453,27.700000762939453,22.876239776611328,0
2008-07-17,27.700000762939453,27.700000762939453,27.700000762939453,27.700000762939453,22.876239776611328,0
2008-07-18,27.700000762939453,27.700000762939453,27.700000762939453,27.700000762939453,22.876239776611328,0
2008-07-21,27.700000762939453,27.700000762939453,27.700000762939453,27.700000762939453,22.876239776611328,0
2008-07-22,27.700000762939453,27.700000762939453,27.700000762939453,27.700000762939453,22.876239776611328,0
2008-07-23,27.200000762939453,27.200000762939453,27.0,27.0,22.298137664794922,1000
2008-07-24,26.5,26.5,25.0,25.0,20.646421432495117,2000
2008-07-25,25.700000762939453,25.700000762939453,25.700000762939453,25.700000762939453,21.224519729614258,1000
2008-07-28,26.0,26.0,25.0,25.0,20.646421432495117,1000
2008-07-29,25.0,25.0,25.0,25.0,20.646421432495117,1000
2008-07-30,25.0,25.0,23.700000762939453,23.700000762939453,19.57281494140625,2000
2008-07-31,23.700000762939453,25.5,23.700000762939453,25.5,21.05935287475586,1000
2008-08-01,25.5,25.5,25.5,25.5,21.05935287475586,0
2008-08-04,25.5,25.5,25.5,25.5,21.05935287475586,0
2008-08-05,25.5,25.5,25.5,25.5,21.05935287475586,0
2008-08-06,25.5,25.5,25.5,25.5,21.05935287475586,0
2008-08-07,25.5,25.5,25.5,25.5,21.05935287475586,0
2008-08-08,25.200000762939453,25.5,25.0,25.5,21.05935287475586,6000
2008-08-11,25.399999618530273,25.5,25.399999618530273,25.5,21.05935287475586,1000
2008-08-12,25.5,25.5,25.5,25.5,21.05935287475586,1000
2008-08-13,25.299999237060547,25.5,25.299999237060547,25.5,21.05935287475586,7000
2008-08-14,25.5,25.5,25.5,25.5,21.05935287475586,0
2008-08-15,25.5,25.5,25.5,25.5,21.05935287475586,0
2008-08-18,25.5,25.5,25.5,25.5,21.05935287475586,0
2008-08-19,25.5,25.5,25.5,25.5,21.05935287475586,1000
2008-08-20,25.5,25.5,25.5,25.5,21.05935287475586,1000
2008-08-21,25.5,25.5,25.399999618530273,25.5,21.05935287475586,2000
2008-08-22,25.5,25.5,25.5,25.5,21.05935287475586,0
2008-08-25,27.5,27.5,27.5,27.5,22.711069107055664,1000
2008-08-26,25.5,25.5,25.299999237060547,25.5,21.05935287475586,4000
2008-08-27,25.5,25.5,25.5,25.5,21.05935287475586,0
2008-08-28,25.5,25.5,25.5,25.5,21.05935287475586,0
2008-08-29,27.5,27.5,27.5,27.5,22.711069107055664,4000
2008-09-02,27.5,27.5,27.5,27.5,22.711069107055664,0
2008-09-03,26.5,26.5,25.5,25.5,21.05935287475586,3000
2008-09-04,25.5,25.5,25.5,25.5,21.05935287475586,0
2008-09-05,25.5,25.5,25.5,25.5,21.05935287475586,1000
2008-09-08,25.5,25.5,25.5,25.5,21.05935287475586,2000
2008-09-09,26.0,26.0,25.500999450683594,25.500999450683594,21.060178756713867,1000
2008-09-10,25.5,26.0,25.5,25.5,21.05935287475586,3000
2008-09-11,26.0,28.0,25.5,25.5,21.05935287475586,1000
2008-09-12,25.5,25.5,25.5,25.5,21.05935287475586,0
2008-09-15,25.5,25.5,25.5,25.5,21.05935287475586,1000
2008-09-16,25.5,25.500999450683594,25.399999618530273,25.5,21.05935287475586,30000
2008-09-17,25.5,25.5,25.450000762939453,25.5,21.05935287475586,9000
2008-09-18,25.0,25.0,21.0,22.0,18.168851852416992,13000
2008-09-19,22.450000762939453,27.0,22.450000762939453,22.5,18.58177375793457,2000
2008-09-22,22.700000762939453,23.5,22.700000762939453,23.200000762939453,19.159879684448242,3000
2008-09-23,23.200000762939453,23.200000762939453,23.200000762939453,23.200000762939453,19.159879684448242,0
2008-09-24,22.500999450683594,22.500999450683594,22.5,22.5,18.58177375793457,1000
2008-09-25,22.5,22.524999618530273,22.5,22.5,18.58177375793457,5000
2008-09-26,22.5,22.5,22.5,22.5,18.58177375793457,1000
2008-09-29,22.5,22.5,22.450000762939453,22.5,18.58177375793457,35000
2008-09-30,21.0,24.0,18.5,24.0,19.820568084716797,12000
2008-10-01,21.0,23.799999237060547,21.0,21.299999237060547,17.590747833251953,5000
2008-10-02,20.5,20.5,18.5,18.5,15.278352737426758,4000
2008-10-03,18.5,19.0,18.0,19.0,15.691283226013184,5000
2008-10-06,18.600000381469727,18.600000381469727,16.5,16.5,13.626643180847168,8000
2008-10-07,16.5,18.600000381469727,16.5,18.600000381469727,15.360945701599121,1000
2008-10-08,18.0,18.0,18.0,18.0,15.027005195617676,1000
2008-10-09,17.899999618530273,21.0,17.600000381469727,17.600000381469727,14.693072319030762,4000
2008-10-10,21.899999618530273,21.899999618530273,17.5,17.5,14.609587669372559,4000
2008-10-13,20.020000457763672,20.020000457763672,18.600000381469727,18.600000381469727,15.527912139892578,2000
2008-10-14,18.600000381469727,18.600000381469727,18.5,18.600000381469727,15.527912139892578,2000
2008-10-15,20.0049991607666,20.0049991607666,20.0049991607666,20.0049991607666,16.700847625732422,1000
2008-10-16,17.399999618530273,17.5,17.0,17.0,14.192176818847656,5000
2008-10-17,17.0,17.0,16.0,17.0,14.192176818847656,4000
2008-10-20,17.899999618530273,18.200000762939453,17.0,17.899999618530273,14.943523406982422,6000
2008-10-21,17.899999618530273,17.899999618530273,17.899999618530273,17.899999618530273,14.943523406982422,2000
2008-10-22,17.000999450683594,17.899999618530273,17.000999450683594,17.899999618530273,14.943523406982422,1000
2008-10-23,16.899999618530273,16.899999618530273,16.899999618530273,16.899999618530273,14.108689308166504,1000
2008-10-24,16.600000381469727,16.600000381469727,14.399999618530273,14.5,12.105086326599121,3000
2008-10-27,14.5,14.5,14.5,14.5,12.105086326599121,0
2008-10-28,16.5,18.600000381469727,16.0,16.0,13.35733699798584,1000
2008-10-29,17.0,17.0,17.0,17.0,14.192176818847656,1000
2008-10-30,17.0,17.0,17.0,17.0,14.192176818847656,0
2008-10-31,15.300000190734863,17.299999237060547,15.300000190734863,17.299999237060547,14.442620277404785,1000
2008-11-03,16.700000762939453,16.700000762939453,15.300000190734863,16.5,13.774757385253906,2000
2008-11-04,16.5,17.0,16.5,17.0,14.192176818847656,3000
2008-11-05,16.799999237060547,17.0,16.700000762939453,17.0,14.192176818847656,3000
2008-11-06,17.0,17.0,16.0,17.0,14.192176818847656,1000
2008-11-07,16.100000381469727,16.100000381469727,16.0,16.100000381469727,13.440821647644043,1000
2008-11-10,15.0,15.0,15.0,15.0,12.522501945495605,1000
2008-11-11,13.5,14.0,11.699999809265137,14.0,11.68767261505127,7000
2008-11-12,13.100000381469727,13.100000381469727,13.100000381469727,13.100000381469727,10.936319351196289,1000
2008-11-13,14.0,14.0,13.5,14.0,11.68767261505127,4000
2008-11-14,16.0,16.0,16.0,16.0,13.35733699798584,1000
2008-11-17,13.0,13.0,12.5,12.5,10.435422897338867,3000
2008-11-18,12.0,12.0,12.0,12.0,10.018006324768066,1000
2008-11-19,12.0,12.0,12.0,12.0,10.018006324768066,2000
2008-11-20,11.5,12.0,11.5,11.550000190734863,9.642328262329102,5000
2008-11-21,11.5,11.600000381469727,11.5,11.5,9.600584983825684,10000
2008-11-24,12.0,15.0,12.0,15.0,12.522501945495605,4000
2008-11-25,15.0,15.0,15.0,15.0,12.522501945495605,0
2008-11-26,15.0,15.0,15.0,15.0,12.522501945495605,0
2008-11-28,11.555000305175781,14.5,11.555000305175781,14.489999771118164,12.096739768981934,1000
2008-12-01,13.0,13.0,13.0,13.0,10.852837562561035,1000
2008-12-02,12.899999618530273,12.899999618530273,12.899999618530273,12.899999618530273,10.769354820251465,1000
2008-12-03,13.5,13.5,13.5,13.5,11.270256996154785,1000
2008-12-04,13.5,13.5,13.5,13.5,11.270256996154785,0
2008-12-05,13.5,13.5,13.5,13.5,11.270256996154785,0
2008-12-08,14.0,14.0,14.0,14.0,11.68767261505127,1000
2008-12-09,14.0,14.0,14.0,14.0,11.68767261505127,1000
2008-12-10,14.0,14.0,12.5,12.5,10.435422897338867,7000
2008-12-11,12.5,12.5,12.5,12.5,10.435422897338867,0
2008-12-12,13.0,13.0,12.60099983215332,12.60099983215332,10.519735336303711,1000
2008-12-15,12.60099983215332,12.60099983215332,12.60099983215332,12.60099983215332,10.519735336303711,0
2008-12-16,13.0,14.0,13.0,14.0,11.68767261505127,5000
2008-12-17,14.0,14.0,14.0,14.0,11.68767261505127,0
2008-12-18,14.0,14.0,14.0,14.0,11.68767261505127,0
2008-12-19,14.0,14.0,14.0,14.0,11.68767261505127,0
2008-12-22,13.5,13.5,13.5,13.5,11.270256996154785,2000
2008-12-23,13.5,13.5,13.5,13.5,11.270256996154785,0
2008-12-24,13.0,13.00100040435791,12.510000228881836,12.524999618530273,10.45628833770752,19000
2008-12-26,12.529999732971191,12.529999732971191,12.5,12.5,10.435422897338867,4000
2008-12-29,12.5,12.5,12.5,12.5,10.435422897338867,1000
2008-12-30,13.0,13.0,12.5,12.5,10.435422897338867,7000
2008-12-31,12.555000305175781,13.0,12.5,13.0,10.852837562561035,3000
2009-01-02,13.0,13.0,13.0,13.0,10.852837562561035,0
2009-01-05,14.0,14.0,13.100000381469727,13.100000381469727,10.936319351196289,3000
2009-01-06,13.5,13.5,13.5,13.5,11.270256996154785,1000
2009-01-07,13.5,13.5,13.5,13.5,11.270256996154785,1000
2009-01-08,13.5,13.5,13.5,13.5,11.270256996154785,0
2009-01-09,16.0,16.0,13.5,13.5,11.270256996154785,2000
2009-01-12,13.5,13.5,13.5,13.5,11.270256996154785,0
2009-01-13,13.5,13.5,13.5,13.5,11.270256996154785,0
2009-01-14,15.5,15.5,15.5,15.5,12.969993591308594,0
2009-01-15,15.5,15.5,15.5,15.5,12.969993591308594,0
2009-01-16,15.5,15.5,15.5,15.5,12.969993591308594,0
2009-01-20,15.0,15.0,15.0,15.0,12.551604270935059,1000
2009-01-21,15.0,15.0,15.0,15.0,12.551604270935059,0
2009-01-22,15.0,15.0,15.0,15.0,12.551604270935059,0
2009-01-23,14.0,14.0,14.0,14.0,11.714831352233887,2000
2009-01-26,17.5,17.5,15.0,15.0,12.551604270935059,1000
2009-01-27,15.0,15.0,15.0,15.0,12.551604270935059,0
2009-01-28,17.5,17.5,14.050000190734863,16.0,13.388381004333496,3000
2009-01-29,15.0,15.0,15.0,15.0,12.551604270935059,1000
2009-01-30,15.050000190734863,16.0,15.0,16.0,13.388381004333496,3000
2009-02-02,14.949999809265137,14.949999809265137,14.5,14.5,12.133216857910156,3000
2009-02-03,14.5,14.5,14.5,14.5,12.133216857910156,0
2009-02-04,14.975000381469727,15.0,14.975000381469727,15.0,12.551604270935059,0
2009-02-05,14.996000289916992,15.0,14.0,14.0,11.714831352233887,3000
2009-02-06,14.994999885559082,15.0,14.994999885559082,15.0,12.551604270935059,1000
2009-02-09,15.0,15.0,15.0,15.0,12.551604270935059,1000
2009-02-10,15.0,15.0,15.0,15.0,12.551604270935059,0
2009-02-11,15.0,15.0,15.0,15.0,12.551604270935059,0
2009-02-12,15.0,15.0,15.0,15.0,12.551604270935059,0
2009-02-13,15.0,15.0,15.0,15.0,12.551604270935059,1000
2009-02-17,15.0,15.0,15.0,15.0,12.551604270935059,0
2009-02-18,14.5,14.5,14.0,14.0,11.714831352233887,2000
2009-02-19,14.0,14.0,14.0,14.0,11.714831352233887,0
2009-02-20,13.0,14.49899959564209,13.0,14.49899959564209,12.132380485534668,4000
2009-02-23,12.949999809265137,12.970000267028809,12.949999809265137,12.970000267028809,10.852956771850586,9000
2009-02-24,14.494999885559082,14.494999885559082,14.0,14.0,11.714831352233887,1000
2009-02-25,14.5,14.994999885559082,14.5,14.5,12.133216857910156,2000
2009-02-26,12.949999809265137,12.949999809265137,12.949999809265137,12.949999809265137,10.836222648620605,1000
2009-02-27,12.970000267028809,14.0,12.968999862670898,12.968999862670898,10.852118492126465,3000
2009-03-02,12.949999809265137,12.970000267028809,12.949999809265137,12.970000267028809,10.852956771850586,1000
2009-03-03,12.970000267028809,12.970000267028809,12.970000267028809,12.970000267028809,10.852956771850586,0
2009-03-04,13.5,13.5,12.449999809265137,12.449999809265137,10.417831420898438,2000
2009-03-05,12.5,13.0,12.5,13.0,10.878059387207031,3000
2009-03-06,13.5,13.5,12.5,13.0,10.878059387207031,2000
2009-03-09,12.5,12.5,12.5,12.5,10.459673881530762,2000
2009-03-10,12.5,13.5,12.5,13.5,11.296446800231934,1000
2009-03-11,12.5,12.5,12.5,12.5,10.459673881530762,1000
2009-03-12,13.5,13.5,13.5,13.5,11.296446800231934,1000
2009-03-13,12.505000114440918,13.0,12.5,12.5,10.459673881530762,14000
2009-03-16,13.5,13.5,13.5,13.5,11.296446800231934,2000
2009-03-17,12.5,12.5,10.199999809265137,12.25,10.25047779083252,6000
2009-03-18,12.25,12.25,12.25,12.25,10.25047779083252,0
2009-03-19,11.204999923706055,12.5,11.204999923706055,12.5,10.459673881530762,2000
2009-03-20,12.5,12.5,12.5,12.5,10.459673881530762,0
2009-03-23,13.75,14.0,13.0,14.0,11.714831352233887,9000
2009-03-24,14.0,14.0,14.0,14.0,11.714831352233887,0
2009-03-25,13.5,13.5,13.5,13.5,11.296446800231934,1000
2009-03-26,13.5,13.5,13.5,13.5,11.296446800231934,0
2009-03-27,11.5,13.99899959564209,11.5,13.99899959564209,11.713993072509766,2000
2009-03-30,13.99899959564209,13.99899959564209,13.99899959564209,13.99899959564209,11.713993072509766,0
2009-03-31,12.5,14.0,12.5,14.0,11.714831352233887,11000
2009-04-01,13.800000190734863,13.800000190734863,13.800000190734863,13.800000190734863,11.547476768493652,1000
2009-04-02,12.5,13.5,12.5,13.25,11.087250709533691,5000
2009-04-03,12.0,14.0,12.0,14.0,11.714831352233887,1000
2009-04-06,14.0,14.0,14.0,14.0,11.714831352233887,0
2009-04-07,13.989999771118164,14.0,13.0,14.0,11.714831352233887,3000
2009-04-08,13.99899959564209,14.0,13.99899959564209,14.0,11.714831352233887,10000
2009-04-09,14.0,14.0,14.0,14.0,11.714831352233887,1000
2009-04-13,12.00100040435791,14.0,12.00100040435791,13.800000190734863,11.547476768493652,3000
2009-04-14,13.800000190734863,13.800000190734863,13.800000190734863,13.800000190734863,11.547476768493652,0
2009-04-15,13.800000190734863,13.800000190734863,13.800000190734863,13.800000190734863,11.547476768493652,0
2009-04-16,13.5,13.5,12.100000381469727,12.100000381469727,10.124960899353027,1000
2009-04-17,12.510000228881836,13.99899959564209,12.510000228881836,13.25,11.087250709533691,3000
2009-04-20,13.25,13.25,13.25,13.25,11.087250709533691,0
2009-04-21,13.25,13.25,13.25,13.25,11.087250709533691,0
2009-04-22,13.25,13.25,13.25,13.25,11.087250709533691,0
2009-04-23,13.49899959564209,13.49899959564209,12.805000305175781,13.100000381469727,10.961735725402832,1000
2009-04-24,13.100000381469727,13.100000381469727,13.100000381469727,13.100000381469727,10.961735725402832,0
2009-04-27,12.800000190734863,13.199999809265137,12.800000190734863,13.199999809265137,11.045413970947266,4000
2009-04-28,13.199999809265137,13.199999809265137,13.199999809265137,13.199999809265137,11.045413970947266,0
2009-04-29,13.199999809265137,13.199999809265137,13.199999809265137,13.199999809265137,11.045413970947266,1000
2009-04-30,13.199999809265137,13.199999809265137,13.199999809265137,13.199999809265137,11.045413970947266,1000
2009-05-01,13.199999809265137,13.199999809265137,12.800000190734863,13.145000457763672,10.999390602111816,3000
2009-05-04,13.145000457763672,13.145000457763672,13.145000457763672,13.145000457763672,10.999390602111816,0
2009-05-05,13.600000381469727,13.600000381469727,13.49899959564209,13.5,11.296446800231934,3000
2009-05-06,13.5,13.5,13.5,13.5,11.296446800231934,0
2009-05-07,13.600000381469727,13.600000381469727,13.600000381469727,13.600000381469727,11.38012409210205,1000
2009-05-08,14.0,14.0,14.0,14.0,11.714831352233887,1000
2009-05-11,13.5,13.5,13.5,13.5,11.296446800231934,1000
2009-05-12,13.5,13.699999809265137,13.5,13.699999809265137,11.463802337646484,2000
2009-05-13,14.0,14.0,14.0,14.0,11.714831352233887,1000
2009-05-14,13.699999809265137,13.699999809265137,13.699999809265137,13.699999809265137,11.463802337646484,1000
2009-05-15,13.699999809265137,13.699999809265137,13.699999809265137,13.699999809265137,11.463802337646484,0
2009-05-18,13.25,14.0,13.25,13.699999809265137,11.463802337646484,3000
2009-05-19,13.699999809265137,13.699999809265137,13.699999809265137,13.699999809265137,11.463802337646484,1000
2009-05-20,13.699999809265137,13.699999809265137,13.699999809265137,13.699999809265137,11.463802337646484,1000
2009-05-21,13.0,14.0,13.0,14.0,11.714831352233887,1000
2009-05-22,14.0,14.0,14.0,14.0,11.714831352233887,0
2009-05-26,14.0,14.0,14.0,14.0,11.714831352233887,0
2009-05-27,13.5,14.0,13.5,14.0,11.714831352233887,2000
2009-05-28,14.0,14.0,14.0,14.0,11.714831352233887,0
2009-05-29,14.0,14.0,14.0,14.0,11.714831352233887,0
2009-06-01,14.0,14.0,14.0,14.0,11.714831352233887,2000
2009-06-02,13.699999809265137,13.699999809265137,13.5,13.5,11.296446800231934,2000
2009-06-03,14.0,15.489999771118164,13.899999618530273,14.0,11.714831352233887,10000
2009-06-04,14.0,15.494999885559082,14.0,15.494999885559082,12.965808868408203,1000
2009-06-05,15.5,15.5,15.5,15.5,12.969993591308594,1000
2009-06-08,15.496999740600586,15.496999740600586,14.5,15.494999885559082,12.965808868408203,1000
2009-06-09,15.494999885559082,15.494999885559082,15.494999885559082,15.494999885559082,12.965808868408203,0
2009-06-10,15.494999885559082,15.494999885559082,15.494999885559082,15.494999885559082,12.965808868408203,0
2009-06-11,15.494999885559082,15.494999885559082,15.494999885559082,15.494999885559082,12.965808868408203,0
2009-06-12,15.494999885559082,15.494999885559082,15.494999885559082,15.494999885559082,12.965808868408203,0
2009-06-15,14.300000190734863,14.5,13.800000190734863,14.399999618530273,12.049543380737305,5000
2009-06-16,14.399999618530273,14.399999618530273,14.399999618530273,14.399999618530273,12.049543380737305,0
2009-06-17,14.399999618530273,14.399999618530273,14.399999618530273,14.399999618530273,12.049543380737305,0
2009-06-18,14.199999809265137,14.199999809265137,13.505000114440918,14.199999809265137,11.882186889648438,7000
2009-06-19,14.199999809265137,14.199999809265137,14.199999809265137,14.199999809265137,11.882186889648438,0
2009-06-22,13.199999809265137,14.0,13.199999809265137,13.800000190734863,11.547476768493652,5000
2009-06-23,13.5,13.505000114440918,13.100000381469727,13.100000381469727,10.961735725402832,6000
2009-06-24,13.010000228881836,13.5,13.010000228881836,13.5,11.296446800231934,2000
2009-06-25,13.5,13.5,13.5,13.5,11.296446800231934,0
2009-06-26,13.800000190734863,14.0,13.800000190734863,14.0,11.714831352233887,3000
2009-06-29,14.300000190734863,14.300000190734863,13.199999809265137,13.800000190734863,11.547476768493652,2000
2009-06-30,13.199999809265137,14.0,13.199999809265137,14.0,11.714831352233887,4000
2009-07-01,14.0,14.0,14.0,14.0,11.714831352233887,0
2009-07-02,13.300000190734863,13.300000190734863,13.199999809265137,13.25,11.087250709533691,10000
2009-07-06,13.25,13.25,13.25,13.25,11.087250709533691,0
2009-07-07,13.199999809265137,13.225000381469727,12.5,12.5,10.459673881530762,18000
2009-07-08,12.5,12.5,12.5,12.5,10.459673881530762,0
2009-07-09,12.5,12.5,12.5,12.5,10.459673881530762,0
2009-07-10,12.625,12.625,12.625,12.625,10.564270973205566,1000
2009-07-13,12.625,12.625,12.625,12.625,10.564270973205566,0
2009-07-14,13.300000190734863,13.300000190734863,13.300000190734863,13.300000190734863,11.12908935546875,4000
2009-07-15,12.625,12.625,12.625,12.625,10.564270973205566,2000
2009-07-16,12.625,12.625,12.625,12.625,10.564270973205566,0
2009-07-17,12.699999809265137,12.699999809265137,12.699999809265137,12.699999809265137,10.62702465057373,1000
2009-07-20,13.0,13.100000381469727,13.0,13.0,10.878059387207031,4000
2009-07-21,13.0,13.100000381469727,12.600000381469727,13.100000381469727,10.961735725402832,12000
2009-07-22,13.399999618530273,13.399999618530273,13.300000190734863,13.300000190734863,11.12908935546875,3000
2009-07-23,13.300000190734863,13.300000190734863,13.300000190734863,13.300000190734863,11.12908935546875,0
2009-07-24,13.300000190734863,13.300000190734863,13.300000190734863,13.300000190734863,11.12908935546875,2000
2009-07-27,13.5,13.899999618530273,13.5,13.899999618530273,11.631155014038086,3000
2009-07-28,14.0,14.0,14.0,14.0,11.714831352233887,1000
2009-07-29,14.199999809265137,14.399999618530273,14.0,14.399999618530273,12.049543380737305,1000
2009-07-30,14.0,14.5,14.0,14.5,12.133216857910156,5000
2009-07-31,13.5,15.0,13.5,15.0,12.551604270935059,2000
2009-08-03,16.0,16.0,13.524999618530273,13.600000381469727,11.38012409210205,6000
2009-08-04,13.600000381469727,13.600000381469727,13.600000381469727,13.600000381469727,11.38012409210205,0
2009-08-05,13.600000381469727,13.600000381469727,13.600000381469727,13.600000381469727,11.38012409210205,0
2009-08-06,13.600000381469727,13.600000381469727,13.600000381469727,13.600000381469727,11.38012409210205,0
2009-08-07,13.600000381469727,13.600000381469727,13.600000381469727,13.600000381469727,11.38012409210205,0
2009-08-10,14.5,14.5,14.5,14.5,12.133216857910156,1000
2009-08-11,14.5,14.5,14.5,14.5,12.133216857910156,0
2009-08-12,14.475000381469727,14.5,13.5,13.5,11.296446800231934,6000
2009-08-13,13.5,13.5,13.5,13.5,11.296446800231934,0
2009-08-14,13.5,13.5,13.5,13.5,11.296446800231934,0
2009-08-17,13.5,13.5,13.5,13.5,11.296446800231934,0
2009-08-18,13.024999618530273,13.399999618530273,13.024999618530273,13.399999618530273,11.212769508361816,1000
2009-08-19,13.49899959564209,13.5,13.49899959564209,13.5,11.296446800231934,2000
2009-08-20,13.5,13.5,13.5,13.5,11.296446800231934,1000
2009-08-21,13.600000381469727,13.600000381469727,13.600000381469727,13.600000381469727,11.38012409210205,1000
2009-08-24,13.024999618530273,13.024999618530273,12.625,12.675000190734863,10.60610580444336,8000
2009-08-25,13.5,13.5,13.5,13.5,11.296446800231934,1000
2009-08-26,12.699999809265137,13.0,12.699999809265137,13.0,10.878059387207031,4000
2009-08-27,13.0,14.0,13.0,13.550000190734863,11.338282585144043,10000
2009-08-28,14.0,14.0,13.5,13.5,11.296446800231934,5000
2009-08-31,13.5,13.5,13.5,13.5,11.296446800231934,0
2009-09-01,13.5,13.5,13.5,13.5,11.296446800231934,0
2009-09-02,13.99899959564209,13.99899959564209,13.99899959564209,13.99899959564209,11.713993072509766,1000
2009-09-03,12.75,13.800000190734863,12.75,12.850000381469727,10.752541542053223,4000
2009-09-04,12.800000190734863,13.154999732971191,12.800000190734863,13.149999618530273,11.003575325012207,3000
2009-09-08,13.0,13.0,13.0,13.0,10.878059387207031,2000
2009-09-09,13.149999618530273,13.149999618530273,13.149999618530273,13.149999618530273,11.003575325012207,4000
2009-09-10,13.996999740600586,14.0,13.996999740600586,14.0,11.714831352233887,2000
2009-09-11,14.0,14.0,14.0,14.0,11.714831352233887,0
2009-09-14,13.050000190734863,13.050000190734863,13.050000190734863,13.050000190734863,10.919898986816406,1000
2009-09-15,13.100000381469727,13.5,13.100000381469727,13.100000381469727,10.961735725402832,2000
2009-09-16,13.109999656677246,13.109999656677246,13.104999542236328,13.104999542236328,10.965917587280273,2000
2009-09-17,13.699999809265137,13.699999809265137,13.100000381469727,13.100000381469727,10.961735725402832,2000
2009-09-18,13.800000190734863,13.800000190734863,13.800000190734863,13.800000190734863,11.547476768493652,1000
2009-09-21,13.100000381469727,13.100000381469727,13.050000190734863,13.050999641418457,10.920732498168945,2000
2009-09-22,13.050000190734863,13.5,13.050000190734863,13.5,11.296446800231934,2000
2009-09-23,13.10200023651123,13.10200023651123,13.050000190734863,13.050000190734863,10.919898986816406,3000
2009-09-24,13.694999694824219,13.694999694824219,13.694999694824219,13.694999694824219,11.459612846374512,1000
2009-09-25,14.0,14.0,13.699999809265137,13.699999809265137,11.463802337646484,2000
2009-09-28,13.699999809265137,13.699999809265137,13.699999809265137,13.699999809265137,11.463802337646484,0
2009-09-29,13.699999809265137,13.699999809265137,13.699999809265137,13.699999809265137,11.463802337646484,0
2009-09-30,13.699999809265137,13.699999809265137,13.699999809265137,13.699999809265137,11.463802337646484,0
2009-10-01,13.105999946594238,13.99899959564209,13.005999565124512,13.99899959564209,11.713993072509766,2000
2009-10-02,13.104999542236328,13.104999542236328,13.104999542236328,13.104999542236328,10.965917587280273,3000
2009-10-05,13.104999542236328,13.104999542236328,13.104999542236328,13.104999542236328,10.965917587280273,0
2009-10-06,13.104999542236328,13.104999542236328,13.104999542236328,13.104999542236328,10.965917587280273,0
2009-10-07,13.975000381469727,13.975000381469727,13.975000381469727,13.975000381469727,11.693915367126465,1000
2009-10-08,13.5,13.5,13.5,13.5,11.296446800231934,1000
2009-10-09,13.5,13.6899995803833,13.5,13.6899995803833,11.45543384552002,1000
2009-10-12,13.6899995803833,13.6899995803833,13.6899995803833,13.6899995803833,11.45543384552002,0
2009-10-13,13.699000358581543,13.699000358581543,13.699000358581543,13.699000358581543,11.46296501159668,1000
2009-10-14,13.5,14.0,13.5,14.0,11.714831352233887,1000
2009-10-15,13.564000129699707,13.564000129699707,13.5,13.5,11.296446800231934,2000
2009-10-16,13.5,13.5,13.5,13.5,11.296446800231934,1000
2009-10-19,13.5,13.5,13.5,13.5,11.296446800231934,1000
2009-10-20,13.5,13.5,13.5,13.5,11.296446800231934,3000
2009-10-21,13.899999618530273,13.899999618530273,13.899999618530273,13.899999618530273,11.631155014038086,1000
2009-10-22,13.100000381469727,14.0,13.100000381469727,14.0,11.714831352233887,4000
2009-10-23,14.0,14.0,14.0,14.0,11.714831352233887,0
2009-10-26,13.300000190734863,13.300000190734863,13.300000190734863,13.300000190734863,11.12908935546875,2000
2009-10-27,13.300000190734863,13.300000190734863,13.300000190734863,13.300000190734863,11.12908935546875,1000
2009-10-28,13.899999618530273,14.0,13.5,13.99899959564209,11.713993072509766,7000
2009-10-29,13.99899959564209,14.0,13.99899959564209,14.0,11.714831352233887,2000
2009-10-30,14.0,14.0,14.0,14.0,11.714831352233887,0
2009-11-02,13.5,14.800000190734863,13.5,14.800000190734863,12.384251594543457,3000
2009-11-03,13.5,14.0,13.5,13.50100040435791,11.297280311584473,2000
2009-11-04,13.5,13.5,13.5,13.5,11.296446800231934,3000
2009-11-05,14.800000190734863,14.800000190734863,14.800000190734863,14.800000190734863,12.384251594543457,0
2009-11-06,13.550000190734863,14.0,13.550000190734863,14.0,11.714831352233887,1000
2009-11-09,14.0,15.125,14.0,15.125,12.656204223632812,5000
2009-11-10,15.125,15.125,15.125,15.125,12.656204223632812,0
2009-11-11,15.125,15.125,15.125,15.125,12.656204223632812,0
2009-11-12,15.100000381469727,15.100000381469727,15.100000381469727,15.100000381469727,12.635282516479492,2000
2009-11-13,14.204999923706055,14.204999923706055,13.605999946594238,13.605999946594238,11.385147094726562,2000
2009-11-16,15.0,15.0,13.614999771118164,14.5,12.133216857910156,7000
2009-11-17,14.0,15.0,14.0,14.015000343322754,11.727381706237793,5000
2009-11-18,14.020000457763672,14.199999809265137,13.800000190734863,13.800000190734863,11.547476768493652,8000
2009-11-19,14.0,14.0,13.800000190734863,13.800000190734863,11.547476768493652,2000
2009-11-20,13.800000190734863,13.800000190734863,13.800000190734863,13.800000190734863,11.547476768493652,0
2009-11-23,14.0,14.0,14.0,14.0,11.714831352233887,1000
2009-11-24,13.729999542236328,14.0,13.729999542236328,14.0,11.714831352233887,2000
2009-11-25,14.0,14.0,14.0,14.0,11.714831352233887,1000
2009-11-27,13.975000381469727,14.0,13.975000381469727,14.0,11.714831352233887,1000
2009-11-30,14.0,14.0,14.0,14.0,11.714831352233887,1000
2009-12-01,14.0,14.0,14.0,14.0,11.714831352233887,0
2009-12-02,13.609999656677246,13.609999656677246,13.609999656677246,13.609999656677246,11.3884916305542,2000
2009-12-03,14.0,14.0,14.0,14.0,11.714831352233887,1000
2009-12-04,14.0,14.795000076293945,14.0,14.795000076293945,12.380066871643066,3000
2009-12-07,14.0,14.0,14.0,14.0,11.714831352233887,2000
2009-12-08,14.0,14.0,14.0,14.0,11.714831352233887,0
2009-12-09,14.0,14.0,14.0,14.0,11.714831352233887,1000
2009-12-10,14.0,14.0,14.0,14.0,11.714831352233887,0
2009-12-11,13.605999946594238,14.0,13.605999946594238,14.0,11.714831352233887,5000
2009-12-14,14.0,14.0,14.0,14.0,11.714831352233887,0
2009-12-15,14.0,14.0,14.0,14.0,11.714831352233887,0
2009-12-16,13.899999618530273,14.0,13.899999618530273,14.0,11.714831352233887,3000
2009-12-17,14.0,14.0,14.0,14.0,11.714831352233887,1000
2009-12-18,14.0,14.0,14.0,14.0,11.714831352233887,0
2009-12-21,14.0,14.0,14.0,14.0,11.714831352233887,2000
2009-12-22,14.0,14.793999671936035,13.800000190734863,14.793999671936035,12.379227638244629,4000
2009-12-23,13.605999946594238,14.0,13.605999946594238,14.0,11.714831352233887,3000
2009-12-24,14.0,14.793999671936035,14.0,14.793999671936035,12.379227638244629,6000
2009-12-28,14.0,15.494999885559082,14.0,15.0,12.551604270935059,3000
2009-12-29,15.100000381469727,15.100000381469727,14.5,14.5,12.133216857910156,1000
2009-12-30,15.0,15.097999572753906,15.0,15.097999572753906,12.633607864379883,2000
2009-12-31,15.0,15.0,14.5,14.5,12.133216857910156,4000
2010-01-04,14.199999809265137,14.199999809265137,14.199999809265137,14.199999809265137,11.882186889648438,4000
2010-01-05,14.210000038146973,14.98900032043457,14.210000038146973,14.98900032043457,12.542399406433105,3000
2010-01-06,14.206000328063965,14.206000328063965,14.199999809265137,14.199999809265137,11.882186889648438,3000
2010-01-07,14.0,14.199999809265137,14.0,14.199999809265137,11.882186889648438,2000
2010-01-08,14.199000358581543,14.199000358581543,14.0,14.199000358581543,11.881353378295898,2000
2010-01-11,14.100000381469727,14.199999809265137,14.050000190734863,14.199999809265137,11.882186889648438,4000
2010-01-12,14.5,14.5,14.0,14.100000381469727,11.798514366149902,3000
2010-01-13,13.805000305175781,14.199999809265137,13.805000305175781,14.199999809265137,11.882186889648438,3000
2010-01-14,14.0,14.199999809265137,14.0,14.199999809265137,11.882186889648438,2000
2010-01-15,14.199999809265137,14.199999809265137,14.0,14.0,11.714831352233887,4000
2010-01-19,13.800000190734863,14.0,13.699999809265137,14.0,11.714831352233887,4000
2010-01-20,13.704999923706055,14.0,13.699999809265137,14.0,11.714831352233887,5000
2010-01-21,14.0,14.0,14.0,14.0,11.714831352233887,2000
2010-01-22,14.0,14.0,13.800000190734863,13.800000190734863,11.547476768493652,2000
2010-01-25,14.0,14.0,13.604999542236328,13.604999542236328,11.384306907653809,5000
2010-01-26,13.704999923706055,13.704999923706055,13.699999809265137,13.699999809265137,11.463802337646484,4000
2010-01-27,14.0,14.0,13.699999809265137,13.699999809265137,11.463802337646484,1000
2010-01-28,13.699999809265137,13.699999809265137,13.699999809265137,13.699999809265137,11.463802337646484,0
2010-01-29,13.699999809265137,13.699999809265137,13.699999809265137,13.699999809265137,11.463802337646484,5000
2010-02-01,13.989999771118164,14.0,13.989999771118164,14.0,11.714831352233887,3000
2010-02-02,14.0,14.0,14.0,14.0,11.714831352233887,0
2010-02-03,14.0,14.0,13.524999618530273,13.524999618530273,11.317364692687988,4000
2010-02-04,13.524999618530273,13.524999618530273,13.5,13.5,11.296446800231934,3000
2010-02-05,13.5,14.0,13.5,13.50100040435791,11.297280311584473,3000
2010-02-08,13.5,13.550000190734863,13.399999618530273,13.399999618530273,11.212769508361816,6000
2010-02-09,13.5,13.5,13.5,13.5,11.296446800231934,4000
2010-02-10,12.5,12.5,12.5,12.5,10.459673881530762,1000
2010-02-11,12.75,13.0,12.5,12.5,10.459673881530762,6000
2010-02-12,12.899999618530273,13.0,12.899999618530273,13.0,10.878059387207031,2000
2010-02-16,13.99899959564209,14.0,13.0,14.0,11.714831352233887,7000
2010-02-17,13.99899959564209,14.0,13.524999618530273,13.600000381469727,11.38012409210205,14000
2010-02-18,14.0,14.600000381469727,14.0,14.600000381469727,12.21689510345459,5000
2010-02-19,14.100000381469727,14.100000381469727,14.0,14.0,11.714831352233887,3000
2010-02-22,13.800000190734863,13.800000190734863,13.800000190734863,13.800000190734863,11.547476768493652,1000
2010-02-23,14.0,14.0,14.0,14.0,11.714831352233887,4000
2010-02-24,13.800000190734863,14.0,13.798999786376953,13.800000190734863,11.547476768493652,8000
2010-02-25,13.99899959564209,13.99899959564209,13.800000190734863,13.800000190734863,11.547476768493652,2000
2010-02-26,13.800000190734863,13.800000190734863,13.625,13.625,11.401041030883789,1000
2010-03-01,13.625,13.800000190734863,13.600000381469727,13.800000190734863,11.547476768493652,10000
2010-03-02,13.699999809265137,13.699999809265137,13.399999618530273,13.399999618530273,11.212769508361816,2000
2010-03-03,13.300000190734863,13.399999618530273,13.199999809265137,13.199999809265137,11.045413970947266,7000
2010-03-04,13.199999809265137,13.199999809265137,13.199999809265137,13.199999809265137,11.045413970947266,0
2010-03-05,13.199999809265137,13.5,13.199999809265137,13.300000190734863,11.12908935546875,10000
2010-03-08,13.199999809265137,13.699999809265137,13.199000358581543,13.699999809265137,11.463802337646484,9000
2010-03-09,13.199999809265137,13.600000381469727,13.199999809265137,13.399999618530273,11.212769508361816,7000
2010-03-10,14.0,14.300000190734863,13.399999618530273,14.300000190734863,11.965863227844238,13000
2010-03-11,14.300000190734863,14.5,13.50100040435791,14.399999618530273,12.049543380737305,8000
2010-03-12,14.699000358581543,16.100000381469727,14.0,15.5,12.969993591308594,14000
2010-03-15,15.100000381469727,15.100000381469727,14.49899959564209,14.5,12.133216857910156,11000
2010-03-16,14.5,14.5,14.5,14.5,12.133216857910156,1000
2010-03-17,15.0,15.0,14.505000114440918,15.0,12.551604270935059,6000
2010-03-18,15.5,16.0,15.199999809265137,15.99899959564209,13.387539863586426,13000
2010-03-19,15.899999618530273,16.0,15.5,15.899999618530273,13.304701805114746,11000
2010-03-22,16.0,16.5,16.0,16.0,13.388381004333496,5000
2010-03-23,15.949999809265137,16.0,15.524999618530273,15.99899959564209,13.387539863586426,8000
2010-03-24,16.0,17.399999618530273,16.0,17.299999237060547,14.476184844970703,8000
2010-03-25,17.0,17.299999237060547,16.100000381469727,17.299999237060547,14.476184844970703,5000
2010-03-26,17.0,17.0,16.399999618530273,16.799999237060547,14.05780029296875,9000
2010-03-29,16.799999237060547,17.0,16.5,17.0,14.2251558303833,6000
2010-03-30,16.5,16.799999237060547,16.5,16.5,13.80676555633545,5000
2010-03-31,17.0,17.0,16.5,17.0,14.2251558303833,6000
2010-04-01,16.600000381469727,17.0,16.600000381469727,17.0,14.2251558303833,4000
2010-04-05,17.0,17.299999237060547,16.799999237060547,17.0,14.2251558303833,8000
2010-04-06,17.0,17.299999237060547,16.5,17.299999237060547,14.476184844970703,4000
2010-04-07,16.799999237060547,17.0,16.5,16.5,13.80676555633545,12000
2010-04-08,17.0,19.5,16.5,17.0,14.2251558303833,4200
2010-04-09,17.5,17.5,17.0,17.5,14.643538475036621,2000
2010-04-12,18.0,18.0,17.549999237060547,17.549999237060547,14.685380935668945,2800
2010-04-13,17.75,17.75,17.049999237060547,17.450000762939453,14.601701736450195,3400
2010-04-14,17.25,17.25,17.25,17.25,14.434345245361328,1400
2010-04-15,17.25,17.3799991607666,17.25,17.260000228881836,14.442719459533691,900
2010-04-16,17.25,17.3799991607666,17.100000381469727,17.100000381469727,14.308828353881836,4800
2010-04-19,17.100000381469727,17.25,16.989999771118164,17.25,14.434345245361328,2400
2010-04-20,17.25,17.25,17.0,17.0,14.2251558303833,2000
2010-04-21,17.0,17.0,16.799999237060547,16.799999237060547,14.05780029296875,4400
2010-04-22,16.850000381469727,17.0,16.850000381469727,17.0,14.2251558303833,3400
2010-04-23,16.899999618530273,17.0,16.899999618530273,17.0,14.2251558303833,800
2010-04-26,16.899999618530273,17.049999237060547,16.850000381469727,17.0,14.2251558303833,8700
2010-04-27,16.5,17.0,16.5,17.0,14.2251558303833,3500
2010-04-28,17.0,17.299999237060547,16.899999618530273,17.209999084472656,14.400870323181152,5100
2010-04-29,17.219999313354492,17.299999237060547,17.0,17.25,14.434345245361328,4800
2010-04-30,17.25,17.25,17.049999237060547,17.049999237060547,14.266992568969727,1300
2010-05-03,17.5,17.5,17.0,17.0,14.2251558303833,3200
2010-05-04,17.0,17.0,15.5,15.5,12.969993591308594,9400
2010-05-05,15.649999618530273,16.75,15.649999618530273,16.5,13.80676555633545,3000
2010-05-06,16.100000381469727,16.25,15.100000381469727,15.100000381469727,12.635282516479492,9100
2010-05-07,15.5,16.0,15.5,16.0,13.388381004333496,6100
2010-05-10,15.859999656677246,16.0,15.850000381469727,16.0,13.388381004333496,1200
2010-05-11,16.0,16.0,15.649999618530273,15.899999618530273,13.304701805114746,2100
2010-05-12,15.899999618530273,15.899999618530273,15.65999984741211,15.65999984741211,13.10387897491455,3300
2010-05-13,15.699999809265137,16.0,15.600000381469727,15.600000381469727,13.053671836853027,4300
2010-05-14,15.800000190734863,15.800000190734863,15.600000381469727,15.600000381469727,13.053671836853027,1900
2010-05-17,15.800000190734863,15.800000190734863,15.5,15.800000190734863,13.221024513244629,900
2010-05-18,15.5,15.949999809265137,15.5,15.5,12.969993591308594,3300
2010-05-19,15.5,15.5,15.5,15.5,12.969993591308594,1400
2010-05-20,15.5,15.699999809265137,15.399999618530273,15.399999618530273,12.886312484741211,1600
2010-05-21,15.399999618530273,15.550000190734863,15.199999809265137,15.199999809265137,12.718962669372559,6500
2010-05-24,15.100000381469727,15.5,15.100000381469727,15.399999618530273,12.886312484741211,4200
2010-05-25,15.300000190734863,15.300000190734863,15.0,15.0,12.551604270935059,3800
2010-05-26,15.5,16.0,15.5,15.949999809265137,13.346539497375488,7300
2010-05-27,17.299999237060547,18.899999618530273,15.699999809265137,18.5,15.480317115783691,11300
2010-05-28,18.0,20.5,16.020000457763672,20.25,16.94466209411621,13600
2010-06-01,21.3799991607666,21.3799991607666,18.549999237060547,20.0,16.735477447509766,11700
2010-06-02,18.34000015258789,20.43000030517578,18.34000015258789,20.389999389648438,17.061817169189453,15600
2010-06-03,19.43000030517578,21.229999542236328,19.3700008392334,21.229999542236328,17.76470184326172,19700
2010-06-04,19.5,20.950000762939453,19.5,20.209999084472656,16.91120147705078,9200
2010-06-07,20.709999084472656,21.75,20.56999969482422,21.700000762939453,18.157989501953125,47900
2010-06-08,21.979999542236328,21.979999542236328,20.709999084472656,21.360000610351562,17.87348175048828,19200
2010-06-09,22.260000228881836,22.399999618530273,21.920000076293945,22.040000915527344,18.442487716674805,13700
2010-06-10,22.989999771118164,22.989999771118164,21.34000015258789,22.0,18.40902328491211,32100
2010-06-11,22.0,22.0,21.700000762939453,21.989999771118164,18.400650024414062,11400
2010-06-14,22.0,22.25,21.299999237060547,22.030000686645508,18.434123992919922,19200
2010-06-15,22.25,22.799999237060547,22.1200008392334,22.600000381469727,18.911083221435547,19100
2010-06-16,21.889999389648438,22.229999542236328,21.450000762939453,21.979999542236328,18.41754913330078,6300
2010-06-17,22.309999465942383,22.34000015258789,21.610000610351562,22.34000015258789,18.71920394897461,8100
2010-06-18,22.25,22.25,21.149999618530273,21.149999618530273,17.72207260131836,26100
2010-06-21,21.219999313354492,21.989999771118164,20.1299991607666,21.299999237060547,17.84775733947754,10200
2010-06-22,21.959999084472656,22.43000030517578,21.59000015258789,22.0,18.434307098388672,6500
2010-06-23,22.219999313354492,22.600000381469727,21.649999618530273,22.299999237060547,18.685684204101562,6700
2010-06-24,22.299999237060547,24.489999771118164,22.299999237060547,24.459999084472656,20.4955997467041,20500
2010-06-25,24.639999389648438,29.65999984741211,24.59000015258789,27.649999618530273,23.1685733795166,881000
2010-06-28,26.280000686645508,26.639999389648438,22.700000762939453,23.18000030517578,19.42304801940918,39600
2010-06-29,23.020000457763672,23.18000030517578,20.709999084472656,20.979999542236328,17.579626083374023,17100
2010-06-30,20.920000076293945,21.989999771118164,20.700000762939453,21.760000228881836,18.23320960998535,11100
2010-07-01,21.780000686645508,22.510000228881836,21.75,22.31999969482422,18.702436447143555,14200
2010-07-02,22.510000228881836,22.510000228881836,21.170000076293945,21.90999984741211,18.358901977539062,14100
2010-07-06,22.079999923706055,23.18000030517578,22.079999923706055,22.329999923706055,18.710824966430664,7300
2010-07-07,22.299999237060547,22.5,21.040000915527344,21.850000381469727,18.308616638183594,38700
2010-07-08,24.639999389648438,24.809999465942383,21.450000762939453,21.81999969482422,18.28348731994629,26900
2010-07-09,21.809999465942383,21.809999465942383,21.0,21.079999923706055,17.663421630859375,18100
2010-07-12,21.139999389648438,21.139999389648438,20.030000686645508,20.030000686645508,16.783601760864258,6300
2010-07-13,20.06999969482422,20.469999313354492,19.059999465942383,19.389999389648438,16.247331619262695,18300
2010-07-14,19.0,19.200000762939453,18.309999465942383,18.6299991607666,15.610509872436523,17700
2010-07-15,18.59000015258789,18.8799991607666,18.06999969482422,18.530000686645508,15.526710510253906,10100
2010-07-16,18.540000915527344,18.899999618530273,17.549999237060547,17.770000457763672,14.889891624450684,17400
2010-07-19,17.559999465942383,17.559999465942383,16.3700008392334,16.989999771118164,14.236312866210938,18600
2010-07-20,16.520000457763672,17.0,16.049999237060547,16.959999084472656,14.211174011230469,33800
2010-07-21,17.0,17.0,16.530000686645508,16.600000381469727,13.909526824951172,10200
2010-07-22,16.799999237060547,17.1200008392334,16.559999465942383,17.100000381469727,14.328486442565918,16100
2010-07-23,17.030000686645508,18.8700008392334,16.549999237060547,18.790000915527344,15.744576454162598,20800
2010-07-26,19.0,19.0,17.790000915527344,18.389999389648438,15.409406661987305,19200
2010-07-27,18.520000457763672,18.899999618530273,18.1200008392334,18.639999389648438,15.618887901306152,10300
2010-07-28,18.540000915527344,18.540000915527344,18.0,18.149999618530273,15.208301544189453,8600
2010-07-29,19.0,19.0,17.510000228881836,18.56999969482422,15.56023120880127,5800
2010-07-30,18.260000228881836,18.600000381469727,17.649999618530273,18.239999771118164,15.28371810913086,8900
2010-08-02,18.829999923706055,23.09000015258789,18.299999237060547,21.790000915527344,18.258346557617188,22800
2010-08-03,22.100000381469727,22.75,21.010000228881836,22.09000015258789,18.50972557067871,40600
2010-08-04,22.59000015258789,22.59000015258789,21.399999618530273,22.139999389648438,18.551610946655273,9500
2010-08-05,21.940000534057617,21.940000534057617,20.049999237060547,20.540000915527344,17.2109432220459,7500
2010-08-06,19.5,20.860000610351562,18.799999237060547,19.299999237060547,16.171913146972656,12800
2010-08-09,19.5,21.5,19.010000228881836,20.6200008392334,17.277973175048828,62400
2010-08-10,20.43000030517578,21.399999618530273,19.5,19.5,16.339502334594727,64200
2010-08-11,19.270000457763672,19.270000457763672,18.5,18.5,15.501578330993652,17200
2010-08-12,18.329999923706055,18.739999771118164,17.5,17.5,14.663654327392578,8500
2010-08-13,17.5,17.5,17.0,17.0,14.244697570800781,10300
2010-08-16,16.920000076293945,17.950000762939453,16.920000076293945,17.540000915527344,14.697171211242676,6700
2010-08-17,17.690000534057617,19.25,17.690000534057617,18.670000076293945,15.644020080566406,9400
2010-08-18,17.600000381469727,18.969999313354492,17.5,18.489999771118164,15.493199348449707,6200
2010-08-19,18.3700008392334,18.3700008392334,16.5,16.5,13.825736999511719,14200
2010-08-20,16.5,18.190000534057617,16.5,16.959999084472656,14.211174011230469,14400
2010-08-23,17.15999984741211,17.15999984741211,16.010000228881836,16.049999237060547,13.448663711547852,14700
2010-08-24,16.0,16.729999542236328,16.0,16.239999771118164,13.607872009277344,14600
2010-08-25,16.239999771118164,17.549999237060547,16.1200008392334,16.780000686645508,14.060349464416504,7800
2010-08-26,16.829999923706055,16.920000076293945,16.15999984741211,16.530000686645508,13.85086727142334,3200
2010-08-27,16.68000030517578,16.760000228881836,16.040000915527344,16.760000228881836,14.043587684631348,7900
2010-08-30,16.530000686645508,18.600000381469727,16.5,16.770000457763672,14.051968574523926,15700
2010-08-31,16.799999237060547,17.889999389648438,16.350000381469727,16.420000076293945,13.758698463439941,9500
2010-09-01,16.709999084472656,17.420000076293945,16.469999313354492,17.290000915527344,14.487692832946777,11900
2010-09-02,17.309999465942383,17.8700008392334,16.75,17.690000534057617,14.849479675292969,4900
2010-09-03,18.0,18.0,16.950000762939453,17.68000030517578,14.841087341308594,6600
2010-09-07,17.6299991607666,17.649999618530273,16.850000381469727,16.850000381469727,14.144365310668945,4800
2010-09-08,17.1200008392334,17.1200008392334,16.360000610351562,16.5,13.850564002990723,6700
2010-09-09,16.3799991607666,16.6200008392334,16.329999923706055,16.329999923706055,13.70786190032959,2900
2010-09-10,16.8700008392334,17.079999923706055,16.350000381469727,16.489999771118164,13.842169761657715,3200
2010-09-13,16.65999984741211,17.549999237060547,16.1299991607666,17.549999237060547,14.731966972351074,14600
2010-09-14,17.579999923706055,19.75,17.579999923706055,18.34000015258789,15.395110130310059,32500
2010-09-15,18.459999084472656,19.75,18.100000381469727,19.510000228881836,16.377243041992188,19900
2010-09-16,19.420000076293945,19.799999237060547,19.219999313354492,19.510000228881836,16.377243041992188,11800
2010-09-17,19.799999237060547,19.799999237060547,19.34000015258789,19.610000610351562,16.4611873626709,25900
2010-09-20,19.59000015258789,19.989999771118164,19.59000015258789,19.920000076293945,16.721403121948242,12500
2010-09-21,19.93000030517578,19.93000030517578,19.290000915527344,19.290000915527344,16.192567825317383,8000
2010-09-22,19.209999084472656,19.209999084472656,18.65999984741211,18.760000228881836,15.747671127319336,5700
2010-09-23,18.6200008392334,18.799999237060547,18.1299991607666,18.1299991607666,15.218830108642578,5200
2010-09-24,18.299999237060547,18.889999389648438,18.059999465942383,18.889999389648438,15.856792449951172,16300
2010-09-27,18.899999618530273,19.1200008392334,18.0,18.90999984741211,15.873590469360352,3600
2010-09-28,19.049999237060547,19.40999984741211,18.510000228881836,19.40999984741211,16.29330062866211,5300
2010-09-29,19.329999923706055,19.989999771118164,19.15999984741211,19.989999771118164,16.78017234802246,5200
2010-09-30,20.0,20.139999389648438,19.639999389648438,20.139999389648438,16.906082153320312,13800
2010-10-01,20.5,20.700000762939453,18.399999618530273,18.65999984741211,15.663728713989258,44400
2010-10-04,18.530000686645508,18.850000381469727,18.219999313354492,18.219999313354492,15.294378280639648,9300
2010-10-05,18.5,19.0,18.5,18.989999771118164,15.940738677978516,12800
2010-10-06,19.010000228881836,19.510000228881836,18.770000457763672,19.190000534057617,16.108619689941406,13300
2010-10-07,19.3799991607666,19.6200008392334,18.670000076293945,19.43000030517578,16.310089111328125,3900
2010-10-08,19.25,19.579999923706055,18.979999542236328,19.329999923706055,16.22614288330078,15300
2010-10-11,19.3700008392334,19.510000228881836,18.8700008392334,19.200000762939453,16.117027282714844,16800
2010-10-12,18.989999771118164,20.0,18.989999771118164,19.979999542236328,16.77177619934082,22900
2010-10-13,20.0,20.209999084472656,19.709999084472656,19.950000762939453,16.746593475341797,20200
2010-10-14,19.989999771118164,20.40999984741211,19.969999313354492,20.31999969482422,17.057180404663086,17900
2010-10-15,20.399999618530273,21.0,19.969999313354492,20.299999237060547,17.040390014648438,37800
2010-10-18,20.479999542236328,22.0,20.479999542236328,21.399999618530273,17.96375846862793,24300
2010-10-19,21.100000381469727,21.100000381469727,20.270000457763672,20.469999313354492,17.183095932006836,9800
2010-10-20,20.709999084472656,21.0,20.559999465942383,20.90999984741211,17.552438735961914,6900
2010-10-21,20.979999542236328,20.989999771118164,20.469999313354492,20.530000686645508,17.233469009399414,6900
2010-10-22,20.540000915527344,20.979999542236328,20.540000915527344,20.940000534057617,17.57762908935547,10700
2010-10-25,21.0,21.0,20.200000762939453,20.579999923706055,17.275426864624023,11100
2010-10-26,20.389999389648438,20.75,20.209999084472656,20.649999618530273,17.33418846130371,6300
2010-10-27,20.649999618530273,20.75,20.239999771118164,20.3700008392334,17.099153518676758,11400
2010-10-28,20.6299991607666,20.6299991607666,19.969999313354492,20.030000686645508,16.81374740600586,9800
2010-10-29,20.200000762939453,20.719999313354492,20.040000915527344,20.239999771118164,16.990020751953125,13600
2010-11-01,20.229999542236328,20.399999618530273,19.860000610351562,19.860000610351562,16.671045303344727,5600
2010-11-02,20.200000762939453,20.479999542236328,19.950000762939453,20.170000076293945,16.931264877319336,17200
2010-11-03,20.270000457763672,20.75,20.200000762939453,20.75,17.41813850402832,10500
2010-11-04,21.0,22.299999237060547,20.5,22.299999237060547,18.719247817993164,24500
2010-11-05,22.34000015258789,22.84000015258789,22.040000915527344,22.639999389648438,19.00465202331543,16200
2010-11-08,22.530000686645508,22.969999313354492,21.829999923706055,22.200000762939453,18.635303497314453,13100
2010-11-09,21.940000534057617,22.700000762939453,21.610000610351562,21.649999618530273,18.173616409301758,14000
2010-11-10,20.989999771118164,22.850000381469727,20.450000762939453,22.479999542236328,18.87034797668457,15900
2010-11-11,22.260000228881836,23.6299991607666,22.260000228881836,23.389999389648438,19.634220123291016,15500
2010-11-12,23.1299991607666,24.700000762939453,22.739999771118164,24.270000457763672,20.3729248046875,17300
2010-11-15,24.510000228881836,24.889999389648438,24.110000610351562,24.399999618530273,20.482051849365234,27300
2010-11-16,24.280000686645508,24.399999618530273,22.75,22.889999389648438,19.214508056640625,20100
2010-11-17,22.950000762939453,23.049999237060547,21.899999618530273,22.739999771118164,19.088600158691406,22400
2010-11-18,23.1200008392334,23.149999618530273,22.809999465942383,23.0,19.30684471130371,12600
2010-11-19,23.040000915527344,23.18000030517578,22.75,23.079999923706055,19.37399673461914,16200
2010-11-22,22.829999923706055,23.5,22.549999237060547,23.0,19.30684471130371,2700
2010-11-23,22.709999084472656,23.100000381469727,22.709999084472656,22.979999542236328,19.29006004333496,6300
2010-11-24,22.719999313354492,23.0,22.65999984741211,22.979999542236328,19.29006004333496,12100
2010-11-26,22.770000457763672,22.950000762939453,22.649999618530273,22.809999465942383,19.147356033325195,4100
2010-11-29,22.59000015258789,22.950000762939453,22.100000381469727,22.850000381469727,19.180932998657227,7800
2010-11-30,21.93000030517578,23.06999969482422,21.75,21.809999465942383,18.307926177978516,96200
2010-12-01,22.260000228881836,23.149999618530273,22.260000228881836,22.989999771118164,19.298450469970703,16600
2010-12-02,22.989999771118164,23.06999969482422,22.25,23.0,19.30684471130371,4000
2010-12-03,23.0,23.229999542236328,22.940000534057617,23.190000534057617,19.466341018676758,9200
2010-12-06,23.049999237060547,24.0,23.049999237060547,23.940000534057617,20.095914840698242,6300
2010-12-07,24.0,24.530000686645508,23.5,24.530000686645508,20.591175079345703,11100
2010-12-08,24.6299991607666,24.899999618530273,24.6299991607666,24.75,20.775846481323242,1200
2010-12-09,24.8700008392334,25.0,23.25,25.0,20.985708236694336,8700
2010-12-10,24.920000076293945,25.0,24.68000030517578,24.950000762939453,20.943737030029297,22500
2010-12-13,24.920000076293945,25.520000457763672,24.920000076293945,25.450000762939453,21.363454818725586,15600
2010-12-14,25.690000534057617,25.739999771118164,24.65999984741211,25.739999771118164,21.60687828063965,19400
2010-12-15,25.729999542236328,26.739999771118164,25.729999542236328,26.139999389648438,21.94264793395996,19400
2010-12-16,26.209999084472656,27.0,26.0,26.989999771118164,22.656158447265625,24400
2010-12-17,26.8700008392334,27.530000686645508,26.309999465942383,27.3700008392334,22.97515106201172,52900
2010-12-20,27.389999389648438,27.639999389648438,26.8700008392334,27.639999389648438,23.20179557800293,6100
2010-12-21,27.639999389648438,27.65999984741211,27.469999313354492,27.65999984741211,23.218582153320312,19100
2010-12-22,27.5,28.489999771118164,26.600000381469727,28.34000015258789,23.816083908081055,21200
2010-12-23,28.0,28.0,27.350000381469727,27.760000228881836,23.328670501708984,13500
2010-12-27,27.690000534057617,28.139999389648438,27.5,28.1200008392334,23.631202697753906,10000
2010-12-28,28.079999923706055,28.079999923706055,27.770000457763672,27.989999771118164,23.52195167541504,5000
2010-12-29,27.979999542236328,27.979999542236328,27.549999237060547,27.850000381469727,23.4043025970459,5000
2010-12-30,27.8799991607666,28.3799991607666,27.8799991607666,28.25,23.740459442138672,20800
2010-12-31,28.399999618530273,28.989999771118164,28.350000381469727,28.700000762939453,24.11863136291504,32300
2011-01-03,29.0,29.760000228881836,28.700000762939453,29.100000381469727,24.454771041870117,39300
2011-01-04,29.5,29.5,28.799999237060547,28.8799991607666,24.269887924194336,22500
2011-01-05,28.65999984741211,28.979999542236328,28.0,28.899999618530273,24.28668785095215,23400
2011-01-06,28.899999618530273,28.899999618530273,28.709999084472656,28.81999969482422,24.21945571899414,16500
2011-01-07,28.920000076293945,28.920000076293945,28.09000015258789,28.399999618530273,23.866506576538086,17900
2011-01-10,28.260000228881836,28.5,27.889999389648438,28.09000015258789,23.605989456176758,13900
2011-01-11,28.079999923706055,28.270000457763672,27.270000457763672,27.8700008392334,23.42110824584961,13400
2011-01-12,28.1200008392334,28.1200008392334,27.850000381469727,27.93000030517578,23.471529006958008,7300
2011-01-13,27.989999771118164,27.989999771118164,27.290000915527344,27.59000015258789,23.185810089111328,11600
2011-01-14,27.06999969482422,28.899999618530273,27.06999969482422,28.579999923706055,24.017778396606445,18500
2011-01-18,28.540000915527344,28.90999984741211,27.43000030517578,27.639999389648438,23.227827072143555,6200
2011-01-19,27.639999389648438,28.049999237060547,27.0,27.0,22.689985275268555,32200
2011-01-20,25.670000076293945,26.860000610351562,24.5,25.100000381469727,21.093284606933594,73000
2011-01-21,25.110000610351562,26.780000686645508,25.110000610351562,25.739999771118164,21.631126403808594,24800
2011-01-24,25.93000030517578,25.93000030517578,25.0,25.40999984741211,21.353797912597656,16600
2011-01-25,25.219999313354492,25.93000030517578,25.020000457763672,25.469999313354492,21.404226303100586,10200
2011-01-26,25.5,26.790000915527344,25.5,26.790000915527344,22.513507843017578,15600
2011-01-27,26.56999969482422,26.780000686645508,24.010000228881836,24.559999465942383,20.639482498168945,25500
2011-01-28,24.8700008392334,25.75,22.239999771118164,22.239999771118164,18.68983268737793,33100
2011-01-31,22.469999313354492,24.600000381469727,22.25,22.5,18.908315658569336,30000
2011-02-01,22.709999084472656,23.030000686645508,22.170000076293945,22.559999465942383,18.95874786376953,15800
2011-02-02,22.360000610351562,23.770000457763672,22.309999465942383,23.360000610351562,19.63104248046875,6500
2011-02-03,23.469999313354492,23.739999771118164,23.0,23.360000610351562,19.63104248046875,4500
2011-02-04,23.229999542236328,23.3799991607666,22.200000762939453,22.6200008392334,19.009166717529297,12800
2011-02-07,22.489999771118164,22.59000015258789,22.0,22.15999984741211,18.622602462768555,7600
2011-02-08,22.020000457763672,22.6299991607666,22.020000457763672,22.6299991607666,19.017568588256836,13100
2011-02-09,22.56999969482422,22.56999969482422,22.1299991607666,22.3700008392334,18.79907989501953,4700
2011-02-10,22.139999389648438,22.3700008392334,22.139999389648438,22.360000610351562,18.790679931640625,8600
2011-02-11,22.1299991607666,23.299999237060547,22.1299991607666,22.450000762939453,18.866302490234375,9900
2011-02-14,22.84000015258789,23.020000457763672,22.700000762939453,22.700000762939453,19.076393127441406,5200
2011-02-15,23.420000076293945,23.700000762939453,23.25,23.420000076293945,19.681476593017578,11100
2011-02-16,23.440000534057617,23.899999618530273,23.440000534057617,23.899999618530273,20.0848388671875,12800
2011-02-17,23.950000762939453,24.209999084472656,23.350000381469727,24.0,20.168874740600586,6300
2011-02-18,24.170000076293945,24.170000076293945,24.0,24.170000076293945,20.311742782592773,20600
2011-02-22,23.790000915527344,23.790000915527344,23.0,23.06999969482422,19.38733673095703,13900
2011-02-23,23.860000610351562,23.860000610351562,22.639999389648438,22.690000534057617,19.067995071411133,12200
2011-02-24,22.799999237060547,23.190000534057617,22.15999984741211,22.440000534057617,18.85791015625,18100
2011-02-25,22.459999084472656,22.809999465942383,22.15999984741211,22.579999923706055,18.975557327270508,7300
2011-02-28,22.739999771118164,23.010000228881836,22.610000610351562,23.010000228881836,19.336912155151367,5900
2011-03-01,22.979999542236328,22.979999542236328,21.670000076293945,21.8700008392334,18.378889083862305,9500
2011-03-02,21.989999771118164,22.329999923706055,20.8700008392334,21.209999084472656,17.824243545532227,31900
2011-03-03,21.489999771118164,22.559999465942383,21.190000534057617,21.549999237060547,18.10997200012207,8400
2011-03-04,21.639999389648438,21.639999389648438,21.049999237060547,21.049999237060547,17.68978500366211,6800
2011-03-07,21.299999237060547,21.31999969482422,20.239999771118164,20.270000457763672,17.034303665161133,20000
2011-03-08,20.489999771118164,21.209999084472656,20.479999542236328,21.200000762939453,17.815845489501953,15500
2011-03-09,21.110000610351562,22.3799991607666,21.100000381469727,22.25,18.698230743408203,8800
2011-03-10,21.850000381469727,21.850000381469727,20.979999542236328,21.06999969482422,17.706594467163086,11600
2011-03-11,20.950000762939453,20.959999084472656,20.75,20.829999923706055,17.504907608032227,13700
2011-03-14,20.65999984741211,21.0,20.34000015258789,20.399999618530273,17.143545150756836,9400
2011-03-15,20.139999389648438,20.139999389648438,19.809999465942383,19.84000015258789,16.672941207885742,15300
2011-03-16,19.8700008392334,20.190000534057617,19.81999969482422,19.850000381469727,16.681344985961914,16300
2011-03-17,20.56999969482422,21.549999237060547,20.56999969482422,21.489999771118164,18.059551239013672,10500
2011-03-18,21.639999389648438,21.989999771118164,21.34000015258789,21.59000015258789,18.143585205078125,20000
2011-03-21,21.850000381469727,22.010000228881836,21.610000610351562,22.010000228881836,18.496543884277344,12100
2011-03-22,22.139999389648438,23.25,22.139999389648438,23.1200008392334,19.42935562133789,11400
2011-03-23,22.709999084472656,23.93000030517578,22.709999084472656,23.739999771118164,19.950380325317383,17400
2011-03-24,24.0,24.229999542236328,22.68000030517578,23.209999084472656,19.504985809326172,25400
2011-03-25,23.3799991607666,23.420000076293945,22.899999618530273,22.920000076293945,19.26128387451172,5800
2011-03-28,22.860000610351562,24.190000534057617,22.700000762939453,23.639999389648438,19.86634635925293,25200
2011-03-29,23.40999984741211,23.700000762939453,23.290000915527344,23.670000076293945,19.891555786132812,9700
2011-03-30,23.75,23.940000534057617,23.520000457763672,23.799999237060547,20.000802993774414,13900
2011-03-31,23.940000534057617,23.940000534057617,23.510000228881836,23.700000762939453,19.9427547454834,7000
2011-04-01,23.780000686645508,23.899999618530273,23.440000534057617,23.440000534057617,19.723966598510742,10400
2011-04-04,23.6299991607666,24.0,23.6299991607666,23.770000457763672,20.00164794921875,5900
2011-04-05,23.639999389648438,24.0,23.639999389648438,23.649999618530273,19.90067481994629,11400
2011-04-06,23.940000534057617,24.0,23.200000762939453,23.530000686645508,19.79969596862793,10700
2011-04-07,23.75,23.75,22.59000015258789,22.600000381469727,19.01712989807129,11800
2011-04-08,22.93000030517578,22.93000030517578,21.559999465942383,21.690000534057617,18.251394271850586,24400
2011-04-11,21.690000534057617,21.690000534057617,20.959999084472656,20.959999084472656,17.637126922607422,5400
2011-04-12,20.940000534057617,20.940000534057617,20.010000228881836,20.010000228881836,16.83773422241211,17400
2011-04-13,20.110000610351562,20.420000076293945,20.110000610351562,20.200000762939453,16.997608184814453,48300
2011-04-14,20.149999618530273,20.719999313354492,20.149999618530273,20.610000610351562,17.34261131286621,11500
2011-04-15,20.399999618530273,21.0,20.010000228881836,20.31999969482422,17.098594665527344,34800
2011-04-18,20.049999237060547,20.309999465942383,19.399999618530273,19.479999542236328,16.391759872436523,25500
2011-04-19,19.670000076293945,19.670000076293945,19.209999084472656,19.3700008392334,16.29920196533203,17200
2011-04-20,19.809999465942383,19.989999771118164,19.489999771118164,19.93000030517578,16.770416259765625,22700
2011-04-21,20.3700008392334,20.450000762939453,20.0,20.190000534057617,16.989200592041016,9900
2011-04-25,20.15999984741211,21.139999389648438,20.15999984741211,20.600000381469727,17.334203720092773,2300
2011-04-26,20.850000381469727,21.149999618530273,20.399999618530273,20.889999389648438,17.578224182128906,9400
2011-04-27,21.149999618530273,21.170000076293945,20.709999084472656,21.030000686645508,17.69603729248047,14000
2011-04-28,21.5,21.8700008392334,21.450000762939453,21.8700008392334,18.40286636352539,7100
2011-04-29,21.989999771118164,22.010000228881836,21.739999771118164,22.010000228881836,18.520671844482422,8600
2011-05-02,22.0,22.059999465942383,21.520000457763672,21.549999237060547,18.133594512939453,6500
2011-05-03,20.829999923706055,21.450000762939453,20.200000762939453,20.200000762939453,16.997608184814453,11000
2011-05-04,20.100000381469727,20.399999618530273,19.719999313354492,19.719999313354492,16.59370994567871,15100
2011-05-05,20.049999237060547,20.200000762939453,19.760000228881836,19.899999618530273,16.745166778564453,15700
2011-05-06,20.209999084472656,20.790000915527344,19.719999313354492,19.829999923706055,16.686277389526367,9800
2011-05-09,19.690000534057617,20.0,19.600000381469727,19.729999542236328,16.602115631103516,6400
2011-05-10,19.8700008392334,20.6299991607666,19.8700008392334,20.360000610351562,17.132251739501953,16800
2011-05-11,20.190000534057617,20.6200008392334,20.190000534057617,20.350000381469727,17.12383460998535,6200
2011-05-12,20.200000762939453,20.469999313354492,20.190000534057617,20.270000457763672,17.056520462036133,9400
2011-05-13,20.709999084472656,20.709999084472656,20.34000015258789,20.40999984741211,17.17432403564453,3800
2011-05-16,20.5,20.5,20.149999618530273,20.149999618530273,16.955541610717773,10500
2011-05-17,20.149999618530273,20.399999618530273,19.940000534057617,19.979999542236328,16.8124942779541,7500
2011-05-18,20.190000534057617,20.25,20.0,20.18000030517578,16.98078727722168,11300
2011-05-19,20.280000686645508,20.34000015258789,20.0,20.110000610351562,16.921884536743164,13800
2011-05-20,19.8700008392334,20.399999618530273,19.8700008392334,19.8799991607666,16.72834587097168,13300
2011-05-23,19.799999237060547,19.81999969482422,19.459999084472656,19.479999542236328,16.391759872436523,25600
2011-05-24,19.540000915527344,19.549999237060547,19.219999313354492,19.260000228881836,16.206634521484375,23700
2011-05-25,19.139999389648438,20.059999465942383,19.139999389648438,19.219999313354492,16.172975540161133,4600
2011-05-26,19.229999542236328,19.719999313354492,19.0,19.709999084472656,16.585289001464844,7400
2011-05-27,19.709999084472656,20.0,19.68000030517578,19.920000076293945,16.762006759643555,4700
2011-05-31,20.18000030517578,20.299999237060547,19.760000228881836,20.299999237060547,17.08176040649414,20800
2011-06-01,20.43000030517578,20.43000030517578,19.799999237060547,19.850000381469727,16.703105926513672,13000
2011-06-02,19.850000381469727,20.149999618530273,19.799999237060547,19.799999237060547,16.661029815673828,4300
2011-06-03,19.5,20.469999313354492,19.5,19.65999984741211,16.543222427368164,13000
2011-06-06,20.030000686645508,20.059999465942383,19.799999237060547,19.799999237060547,16.661029815673828,14200
2011-06-07,20.100000381469727,20.110000610351562,19.600000381469727,19.600000381469727,16.49273681640625,14800
2011-06-08,19.56999969482422,19.829999923706055,19.5,19.530000686645508,16.43383026123047,7700
2011-06-09,19.75,19.760000228881836,19.549999237060547,19.549999237060547,16.450658798217773,1800
2011-06-10,19.5,20.030000686645508,19.5,19.760000228881836,16.62737274169922,5800
2011-06-13,19.899999618530273,19.899999618530273,19.280000686645508,19.309999465942383,16.24871063232422,8500
2011-06-14,19.530000686645508,19.59000015258789,19.309999465942383,19.559999465942383,16.459075927734375,9300
2011-06-15,19.329999923706055,19.969999313354492,19.200000762939453,19.209999084472656,16.16456413269043,12700
2011-06-16,19.209999084472656,19.600000381469727,19.209999084472656,19.600000381469727,16.49273681640625,5200
2011-06-17,19.690000534057617,20.0,19.020000457763672,19.06999969482422,16.046762466430664,26100
2011-06-20,19.06999969482422,19.31999969482422,18.860000610351562,19.010000228881836,15.996268272399902,9400
2011-06-21,19.190000534057617,19.31999969482422,18.799999237060547,19.299999237060547,16.24028778076172,14200
2011-06-22,19.09000015258789,19.440000534057617,18.93000030517578,19.139999389648438,16.10565948486328,5800
2011-06-23,18.969999313354492,19.59000015258789,18.969999313354492,19.209999084472656,16.16456413269043,3500
2011-06-24,19.229999542236328,23.93000030517578,19.229999542236328,21.950000762939453,18.470182418823242,205000
2011-06-27,21.5,22.25,21.040000915527344,22.209999084472656,18.6889591217041,50300
2011-06-28,22.059999465942383,22.899999618530273,21.739999771118164,22.440000534057617,18.88249969482422,32800
2011-06-29,22.440000534057617,22.440000534057617,22.0,22.1200008392334,18.613229751586914,5400
2011-06-30,22.1299991607666,22.600000381469727,21.93000030517578,22.59000015258789,19.00871467590332,6900
2011-07-01,22.040000915527344,22.649999618530273,22.030000686645508,22.360000610351562,18.815181732177734,21600
2011-07-05,22.450000762939453,23.0,21.8799991607666,22.1299991607666,18.62164306640625,4400
2011-07-06,22.200000762939453,22.81999969482422,21.84000015258789,22.719999313354492,19.118104934692383,12300
2011-07-07,22.81999969482422,23.040000915527344,22.450000762939453,22.899999618530273,19.295900344848633,12800
2011-07-08,22.59000015258789,22.940000534057617,22.350000381469727,22.399999618530273,18.874597549438477,9700
2011-07-11,22.309999465942383,22.469999313354492,20.950000762939453,21.0,17.694929122924805,12300
2011-07-12,21.09000015258789,22.219999313354492,21.06999969482422,21.770000457763672,18.343740463256836,7500
2011-07-13,21.75,22.25,21.6299991607666,22.020000457763672,18.55440330505371,11500
2011-07-14,22.5,22.75,21.479999542236328,21.850000381469727,18.41115379333496,13400
2011-07-15,21.860000610351562,22.350000381469727,21.860000610351562,22.350000381469727,18.83245849609375,10500
2011-07-18,22.329999923706055,22.729999542236328,21.75,22.3700008392334,18.84932518005371,7700
2011-07-19,22.510000228881836,23.030000686645508,22.200000762939453,22.780000686645508,19.194782257080078,24000
2011-07-20,23.209999084472656,23.25,22.5,22.56999969482422,19.017841339111328,6600
2011-07-21,22.829999923706055,23.68000030517578,22.790000915527344,23.600000381469727,19.885726928710938,26400
2011-07-22,23.559999465942383,23.739999771118164,22.65999984741211,23.389999389648438,19.708778381347656,4000
2011-07-25,23.15999984741211,23.15999984741211,22.5,22.780000686645508,19.194782257080078,4700
2011-07-26,22.940000534057617,23.31999969482422,22.5,22.790000915527344,19.203214645385742,20000
2011-07-27,22.760000228881836,22.760000228881836,21.010000228881836,21.450000762939453,18.074100494384766,19500
2011-07-28,22.020000457763672,22.200000762939453,21.079999923706055,21.520000457763672,18.133092880249023,49200
2011-07-29,21.459999084472656,21.520000457763672,20.139999389648438,20.729999542236328,17.46742057800293,17400
2011-08-01,20.5,21.15999984741211,20.0,20.31999969482422,17.121959686279297,31600
2011-08-02,20.280000686645508,20.709999084472656,20.1299991607666,20.139999389648438,16.97028160095215,10300
2011-08-03,20.260000228881836,20.770000457763672,20.049999237060547,20.690000534057617,17.433717727661133,13800
2011-08-04,20.540000915527344,21.719999313354492,19.549999237060547,19.549999237060547,16.473134994506836,23000
2011-08-05,19.799999237060547,20.5,19.549999237060547,20.049999237060547,16.894439697265625,17900
2011-08-08,19.520000457763672,20.549999237060547,18.5,18.5,15.588388442993164,79900
2011-08-09,18.510000228881836,19.270000457763672,17.8799991607666,19.010000228881836,16.018125534057617,28400
2011-08-10,18.5,18.979999542236328,17.610000610351562,18.0,15.16708755493164,42400
2011-08-11,18.149999618530273,19.889999389648438,17.75,19.540000915527344,16.464712142944336,19400
2011-08-12,19.6299991607666,19.959999084472656,18.979999542236328,19.520000457763672,16.447858810424805,8500
2011-08-15,19.530000686645508,19.770000457763672,18.770000457763672,19.559999465942383,16.481557846069336,7700
2011-08-16,19.329999923706055,19.739999771118164,17.440000534057617,18.479999542236328,15.571538925170898,23500
2011-08-17,18.709999084472656,18.719999313354492,17.829999923706055,17.84000015258789,15.032261848449707,9100
2011-08-18,17.420000076293945,17.860000610351562,16.81999969482422,17.110000610351562,14.417155265808105,24500
2011-08-19,17.0,17.489999771118164,16.700000762939453,16.84000015258789,14.189648628234863,9200
2011-08-22,17.399999618530273,17.399999618530273,16.6299991607666,16.969999313354492,14.299184799194336,7600
2011-08-23,17.020000457763672,18.18000030517578,16.549999237060547,18.020000457763672,15.183941841125488,15700
2011-08-24,17.780000686645508,17.899999618530273,17.65999984741211,17.809999465942383,15.00698471069336,4500
2011-08-25,17.959999084472656,17.959999084472656,17.0,17.0,14.324468612670898,9600
2011-08-26,16.969999313354492,17.969999313354492,16.969999313354492,17.84000015258789,15.032261848449707,6500
2011-08-29,17.90999984741211,18.440000534057617,17.719999313354492,18.420000076293945,15.52098274230957,9000
2011-08-30,18.010000228881836,18.309999465942383,17.6200008392334,18.270000457763672,15.394585609436035,4900
2011-08-31,18.68000030517578,18.68000030517578,17.510000228881836,17.549999237060547,14.787904739379883,8700
2011-09-01,17.549999237060547,17.989999771118164,16.5,16.709999084472656,14.080111503601074,14300
2011-09-02,16.5,17.639999389648438,15.569999694824219,16.190000534057617,13.641948699951172,18400
2011-09-06,15.710000038146973,16.170000076293945,15.039999961853027,15.430000305175781,13.001559257507324,15900
2011-09-07,15.84000015258789,16.469999313354492,15.84000015258789,16.1200008392334,13.582964897155762,15900
2011-09-08,16.31999969482422,16.969999313354492,15.760000228881836,15.760000228881836,13.279622077941895,16600
2011-09-09,15.5600004196167,17.959999084472656,14.170000076293945,15.229999542236328,12.833037376403809,31400
2011-09-12,15.8100004196167,16.860000610351562,14.289999961853027,16.75,14.113812446594238,13000
2011-09-13,16.770000457763672,16.93000030517578,16.010000228881836,16.860000610351562,14.206497192382812,16200
2011-09-14,17.06999969482422,17.389999389648438,16.84000015258789,17.3799991607666,14.644659042358398,13900
2011-09-15,17.389999389648438,17.549999237060547,16.34000015258789,17.059999465942383,14.37502384185791,7500
2011-09-16,17.219999313354492,17.219999313354492,16.829999923706055,17.15999984741211,14.45928955078125,24100
2011-09-19,16.75,17.079999923706055,15.329999923706055,16.549999237060547,13.945290565490723,7100
2011-09-20,16.719999313354492,17.079999923706055,16.079999923706055,16.1200008392334,13.582964897155762,8400
2011-09-21,15.649999618530273,16.920000076293945,14.65999984741211,14.84000015258789,12.504416465759277,13500
2011-09-22,14.40999984741211,15.59000015258789,14.40999984741211,14.65999984741211,12.35274600982666,28500
2011-09-23,14.630000114440918,17.0,13.65999984741211,14.479999542236328,12.201075553894043,49800
2011-09-26,15.5,15.5,14.4399995803833,15.289999961853027,12.883594512939453,8100
2011-09-27,15.680000305175781,16.049999237060547,15.649999618530273,16.049999237060547,13.523980140686035,13800
2011-09-28,16.5,16.65999984741211,15.0,15.0,12.639236450195312,11300
2011-09-29,15.579999923706055,15.579999923706055,14.149999618530273,14.6899995803833,12.37802505493164,12300
2011-09-30,14.539999961853027,14.859999656677246,14.180000305175781,14.279999732971191,12.032552719116211,14800
2011-10-03,14.1899995803833,15.819999694824219,14.0,14.0,11.796621322631836,23100
2011-10-04,14.0,15.0,13.5,14.960000038146973,12.605534553527832,36600
2011-10-05,15.0,15.0,14.010000228881836,14.739999771118164,12.445940971374512,8200
2011-10-06,14.960000038146973,15.930000305175781,14.670000076293945,15.930000305175781,13.450743675231934,19100
2011-10-07,15.970000267028809,16.31999969482422,14.5600004196167,14.949999809265137,12.623263359069824,21000
2011-10-10,14.930000305175781,16.90999984741211,14.930000305175781,16.90999984741211,14.278221130371094,19200
2011-10-11,16.5,17.0,16.5,17.0,14.354218482971191,8000
2011-10-12,17.059999465942383,17.100000381469727,16.780000686645508,17.100000381469727,14.438647270202637,10900
2011-10-13,17.200000762939453,17.200000762939453,16.979999542236328,17.200000762939453,14.52308464050293,9600
2011-10-14,17.299999237060547,17.579999923706055,17.260000228881836,17.579999923706055,14.843940734863281,19500
2011-10-17,17.600000381469727,17.600000381469727,16.969999313354492,17.1299991607666,14.463977813720703,14400
2011-10-18,17.31999969482422,17.5,17.020000457763672,17.459999084472656,14.742620468139648,14600
2011-10-19,17.489999771118164,17.5,16.200000762939453,16.540000915527344,13.965806007385254,11500
2011-10-20,17.239999771118164,17.239999771118164,16.239999771118164,16.68000030517578,14.08401107788086,6100
2011-10-21,17.219999313354492,17.5,17.06999969482422,17.5,14.77639389038086,17200
2011-10-24,17.459999084472656,17.600000381469727,17.149999618530273,17.600000381469727,14.860832214355469,13000
2011-10-25,16.899999618530273,17.690000534057617,16.549999237060547,16.81999969482422,14.202226638793945,14100
2011-10-26,17.459999084472656,17.459999084472656,16.229999542236328,17.3700008392334,14.666624069213867,14600
2011-10-27,17.940000534057617,18.010000228881836,17.510000228881836,18.010000228881836,15.207018852233887,48800
2011-10-28,17.959999084472656,18.190000534057617,17.84000015258789,18.0,15.198577880859375,14700
2011-10-31,17.56999969482422,18.0,16.760000228881836,17.350000381469727,14.649739265441895,14100
2011-11-01,16.649999618530273,17.989999771118164,15.199999809265137,15.470000267028809,13.062328338623047,11400
2011-11-02,15.960000038146973,17.399999618530273,15.430000305175781,17.059999465942383,14.404877662658691,22600
2011-11-03,17.40999984741211,17.729999542236328,16.709999084472656,17.709999084472656,14.953709602355957,10000
2011-11-04,17.5,17.729999542236328,17.3700008392334,17.559999465942383,14.82706356048584,3400
2011-11-07,17.450000762939453,17.450000762939453,16.709999084472656,17.209999084472656,14.531527519226074,5200
2011-11-08,17.3700008392334,17.719999313354492,16.989999771118164,17.420000076293945,14.708847045898438,7900
2011-11-09,16.850000381469727,17.75,16.34000015258789,16.5,13.932032585144043,16900
2011-11-10,16.950000762939453,16.950000762939453,15.520000457763672,16.420000076293945,13.864480018615723,9700
2011-11-11,16.399999618530273,17.309999465942383,16.049999237060547,17.280000686645508,14.59063720703125,9500
2011-11-14,17.139999389648438,17.75,16.540000915527344,17.110000610351562,14.447090148925781,10900
2011-11-15,17.020000457763672,17.56999969482422,16.15999984741211,16.489999771118164,13.923588752746582,10900
2011-11-16,16.229999542236328,17.0,15.899999618530273,16.0,13.509846687316895,7600
2011-11-17,16.1200008392334,16.149999618530273,15.899999618530273,16.06999969482422,13.568949699401855,13300
2011-11-18,16.020000457763672,16.719999313354492,16.020000457763672,16.31999969482422,13.780040740966797,7700
2011-11-21,16.0,16.5,15.899999618530273,15.899999618530273,13.425410270690918,7800
2011-11-22,15.930000305175781,16.399999618530273,15.930000305175781,16.0,13.509846687316895,7200
2011-11-23,15.899999618530273,15.9399995803833,15.260000228881836,15.319999694824219,12.935681343078613,22600
2011-11-25,15.270000457763672,15.539999961853027,15.069999694824219,15.239999771118164,12.868128776550293,7600
2011-11-28,15.770000457763672,16.1200008392334,15.5,16.110000610351562,13.602726936340332,15400
2011-11-29,16.040000915527344,16.100000381469727,15.359999656677246,15.600000381469727,13.172098159790039,3600
2011-11-30,16.31999969482422,16.979999542236328,15.979999542236328,16.979999542236328,14.337324142456055,26900
2011-12-01,16.90999984741211,16.989999771118164,15.949999809265137,15.949999809265137,13.467629432678223,12200
2011-12-02,16.329999923706055,16.739999771118164,15.90999984741211,16.639999389648438,14.050237655639648,4200
2011-12-05,16.270000457763672,16.65999984741211,16.270000457763672,16.65999984741211,14.06712818145752,12300
2011-12-06,16.68000030517578,16.920000076293945,16.639999389648438,16.920000076293945,14.286659240722656,13900
2011-12-07,16.549999237060547,16.920000076293945,16.540000915527344,16.809999465942383,14.193780899047852,5900
2011-12-08,16.3799991607666,16.3799991607666,15.699999809265137,15.710000038146973,13.264979362487793,7000
2011-12-09,15.699999809265137,16.309999465942383,15.699999809265137,16.18000030517578,13.661834716796875,13800
2011-12-12,15.899999618530273,16.299999237060547,15.899999618530273,16.059999465942383,13.560506820678711,18300
2011-12-13,16.06999969482422,16.270000457763672,15.800000190734863,15.800000190734863,13.340978622436523,7700
2011-12-14,15.630000114440918,15.729999542236328,15.520000457763672,15.550000190734863,13.1298828125,7800
2011-12-15,15.789999961853027,16.920000076293945,15.529999732971191,16.899999618530273,14.269776344299316,11600
2011-12-16,17.0,17.139999389648438,16.239999771118164,17.139999389648438,14.47242259979248,23200
2011-12-19,16.40999984741211,16.690000534057617,15.970000267028809,15.970000267028809,13.484516143798828,7500
2011-12-20,16.489999771118164,17.360000610351562,16.3700008392334,17.360000610351562,14.658185005187988,16900
2011-12-21,17.200000762939453,17.200000762939453,16.170000076293945,16.3799991607666,13.830702781677246,5000
2011-12-22,16.760000228881836,16.940000534057617,16.15999984741211,16.6299991607666,14.041793823242188,8800
2011-12-23,16.559999465942383,16.709999084472656,16.399999618530273,16.6299991607666,14.041793823242188,4300
2011-12-27,16.520000457763672,16.950000762939453,16.3700008392334,16.649999618530273,14.058687210083008,9300
2011-12-28,16.329999923706055,16.329999923706055,15.819999694824219,15.850000381469727,13.38319206237793,14400
2011-12-29,16.040000915527344,16.809999465942383,16.010000228881836,16.809999465942383,14.22159481048584,8700
2011-12-30,16.639999389648438,16.90999984741211,16.5,16.90999984741211,14.306200981140137,9600
2012-01-03,17.239999771118164,17.829999923706055,17.239999771118164,17.75,15.016858100891113,11000
2012-01-04,17.540000915527344,17.540000915527344,17.200000762939453,17.420000076293945,14.737675666809082,4000
2012-01-05,17.420000076293945,17.469999313354492,17.420000076293945,17.469999313354492,14.779974937438965,2100
2012-01-06,17.3799991607666,17.8700008392334,17.200000762939453,17.770000457763672,15.033778190612793,16400
2012-01-09,17.049999237060547,17.770000457763672,16.75,17.06999969482422,14.441558837890625,8600
2012-01-10,17.34000015258789,17.90999984741211,16.790000915527344,17.90999984741211,15.152217864990234,6400
2012-01-11,17.90999984741211,17.90999984741211,17.420000076293945,17.639999389648438,14.923791885375977,5800
2012-01-12,17.56999969482422,18.0,16.90999984741211,17.780000686645508,15.042237281799316,6400
2012-01-13,17.389999389648438,17.75,17.170000076293945,17.510000228881836,14.81380844116211,8000
2012-01-17,16.68000030517578,17.90999984741211,16.68000030517578,17.649999618530273,14.93225383758545,13600
2012-01-18,17.889999389648438,17.889999389648438,17.010000228881836,17.739999771118164,15.008402824401855,21100
2012-01-19,17.690000534057617,17.739999771118164,17.09000015258789,17.6299991607666,14.915329933166504,7300
2012-01-20,17.75,17.75,17.3700008392334,17.709999084472656,14.983015060424805,12600
2012-01-23,17.690000534057617,17.799999237060547,17.290000915527344,17.68000030517578,14.957632064819336,7500
2012-01-24,17.59000015258789,18.0,17.59000015258789,18.0,15.228360176086426,9400
2012-01-25,17.90999984741211,18.100000381469727,17.780000686645508,17.979999542236328,15.211438179016113,5000
2012-01-26,18.0,18.0,17.760000228881836,17.959999084472656,15.194518089294434,9700
2012-01-27,17.850000381469727,18.0,17.799999237060547,18.0,15.228360176086426,5000
2012-01-30,17.75,18.200000762939453,17.75,17.979999542236328,15.211438179016113,19700
2012-01-31,18.0,18.059999465942383,17.93000030517578,17.979999542236328,15.211438179016113,6900
2012-02-01,18.0,18.200000762939453,17.829999923706055,18.079999923706055,15.296051025390625,20000
2012-02-02,18.030000686645508,18.969999313354492,18.030000686645508,18.969999313354492,16.04900360107422,10800
2012-02-03,19.079999923706055,19.479999542236328,18.739999771118164,19.450000762939453,16.455089569091797,20100
2012-02-06,19.350000381469727,19.399999618530273,18.81999969482422,18.979999542236328,16.057458877563477,5900
2012-02-07,19.030000686645508,19.030000686645508,18.649999618530273,18.649999618530273,15.778274536132812,2400
2012-02-08,19.0,19.0,18.219999313354492,18.610000610351562,15.744431495666504,6300
2012-02-09,18.610000610351562,18.969999313354492,18.610000610351562,18.860000610351562,15.955942153930664,3200
2012-02-10,18.700000762939453,18.75,18.270000457763672,18.59000015258789,15.727513313293457,2400
2012-02-13,18.8799991607666,18.93000030517578,18.299999237060547,18.600000381469727,15.735979080200195,5900
2012-02-14,18.5,18.969999313354492,18.5,18.540000915527344,15.685211181640625,3700
2012-02-15,18.690000534057617,18.8700008392334,18.170000076293945,18.170000076293945,15.372183799743652,11000
2012-02-16,18.690000534057617,18.700000762939453,17.809999465942383,18.639999389648438,15.769811630249023,5400
2012-02-17,18.6200008392334,18.799999237060547,18.43000030517578,18.549999237060547,15.693671226501465,9100
2012-02-21,18.520000457763672,18.739999771118164,18.219999313354492,18.350000381469727,15.524471282958984,3300
2012-02-22,18.270000457763672,18.5,18.209999084472656,18.229999542236328,15.422944068908691,2900
2012-02-23,18.329999923706055,18.6200008392334,18.18000030517578,18.6200008392334,15.752898216247559,7900
2012-02-24,18.6299991607666,18.84000015258789,18.540000915527344,18.600000381469727,15.735979080200195,5400
2012-02-27,18.469999313354492,18.770000457763672,18.229999542236328,18.6299991607666,15.761353492736816,3300
2012-02-28,18.81999969482422,19.299999237060547,18.81999969482422,19.299999237060547,16.328187942504883,11900
2012-02-29,19.299999237060547,19.299999237060547,18.34000015258789,18.34000015258789,15.51600456237793,9000
2012-03-01,18.030000686645508,18.3799991607666,17.350000381469727,17.3700008392334,14.695365905761719,13200
2012-03-02,17.3799991607666,17.989999771118164,16.540000915527344,16.540000915527344,13.99317455291748,14400
2012-03-05,16.489999771118164,17.18000030517578,16.489999771118164,17.059999465942383,14.433106422424316,9400
2012-03-06,17.040000915527344,17.329999923706055,16.75,17.020000457763672,14.39926528930664,12600
2012-03-07,16.760000228881836,17.34000015258789,16.760000228881836,17.110000610351562,14.4753999710083,9500
2012-03-08,17.190000534057617,17.489999771118164,17.190000534057617,17.479999542236328,14.788427352905273,5000
2012-03-09,17.399999618530273,17.75,17.100000381469727,17.309999465942383,14.644600868225098,11700
2012-03-12,17.350000381469727,17.450000762939453,16.979999542236328,17.329999923706055,14.661529541015625,5200
2012-03-13,17.450000762939453,17.65999984741211,17.15999984741211,17.65999984741211,14.940711975097656,11500
2012-03-14,17.81999969482422,17.81999969482422,17.34000015258789,17.479999542236328,14.788427352905273,9300
2012-03-15,17.440000534057617,17.799999237060547,17.40999984741211,17.799999237060547,15.059155464172363,7700
2012-03-16,17.760000228881836,17.940000534057617,17.489999771118164,17.489999771118164,14.796889305114746,18300
2012-03-19,17.229999542236328,17.899999618530273,17.229999542236328,17.8799991607666,15.126838684082031,7600
2012-03-20,17.729999542236328,18.0,17.729999542236328,17.899999618530273,15.143758773803711,10600
2012-03-21,17.450000762939453,17.81999969482422,17.450000762939453,17.510000228881836,14.81380844116211,12300
2012-03-22,17.239999771118164,17.3799991607666,16.8700008392334,17.0,14.382343292236328,9000
2012-03-23,17.049999237060547,17.520000457763672,16.760000228881836,17.520000457763672,14.822273254394531,27500
2012-03-26,17.729999542236328,17.729999542236328,17.3799991607666,17.68000030517578,14.957632064819336,17300
2012-03-27,17.6299991607666,18.040000915527344,17.389999389648438,17.920000076293945,15.160682678222656,9700
2012-03-28,17.969999313354492,17.969999313354492,16.860000610351562,17.030000686645508,14.40771770477295,20600
2012-03-29,16.989999771118164,17.639999389648438,16.889999389648438,17.09000015258789,14.458486557006836,7400
2012-03-30,17.200000762939453,17.280000686645508,16.84000015258789,16.889999389648438,14.289278030395508,23400
2012-04-02,16.770000457763672,17.149999618530273,16.770000457763672,17.149999618530273,14.50924015045166,10000
2012-04-03,17.040000915527344,17.34000015258789,16.8700008392334,17.020000457763672,14.39926528930664,8800
2012-04-04,17.200000762939453,17.200000762939453,16.610000610351562,16.610000610351562,14.078033447265625,18800
2012-04-05,16.639999389648438,16.719999313354492,16.56999969482422,16.600000381469727,14.069559097290039,10900
2012-04-09,16.43000030517578,16.43000030517578,15.5600004196167,15.5600004196167,13.188091278076172,20500
2012-04-10,15.65999984741211,15.90999984741211,15.5,15.819999694824219,13.40845775604248,27300
2012-04-11,16.0,17.1299991607666,15.8100004196167,17.079999923706055,14.476383209228516,15800
2012-04-12,16.760000228881836,17.3799991607666,16.760000228881836,17.329999923706055,14.688283920288086,11000
2012-04-13,17.110000610351562,17.110000610351562,16.25,16.68000030517578,14.137361526489258,20900
2012-04-16,16.700000762939453,16.84000015258789,16.200000762939453,16.440000534057617,13.93394947052002,9900
2012-04-17,16.5,17.0,16.100000381469727,16.81999969482422,14.256025314331055,15800
2012-04-18,16.6299991607666,16.81999969482422,16.25,16.280000686645508,13.798338890075684,10200
2012-04-19,16.3700008392334,16.90999984741211,15.670000076293945,15.670000076293945,13.281323432922363,8900
2012-04-20,16.40999984741211,16.5,16.06999969482422,16.440000534057617,13.93394947052002,23400
2012-04-23,16.100000381469727,16.530000686645508,15.949999809265137,16.030000686645508,13.586451530456543,16500
2012-04-24,15.960000038146973,16.5,15.960000038146973,16.5,13.984806060791016,4800
2012-04-25,16.6200008392334,16.860000610351562,16.479999542236328,16.760000228881836,14.205164909362793,11300
2012-04-26,16.610000610351562,16.920000076293945,16.530000686645508,16.829999923706055,14.264497756958008,4100
2012-04-27,16.5,16.799999237060547,16.5,16.790000915527344,14.230599403381348,8200
2012-04-30,16.690000534057617,16.850000381469727,16.43000030517578,16.809999465942383,14.247543334960938,9400
2012-05-01,16.860000610351562,17.0,16.5,16.530000686645508,14.010226249694824,12000
2012-05-02,16.440000534057617,16.549999237060547,15.960000038146973,16.15999984741211,13.696633338928223,7900
2012-05-03,16.079999923706055,16.450000762939453,15.960000038146973,16.329999923706055,13.840717315673828,13000
2012-05-04,16.34000015258789,16.760000228881836,16.030000686645508,16.030000686645508,13.586451530456543,13700
2012-05-07,16.010000228881836,16.309999465942383,16.0,16.18000030517578,13.713583946228027,4500
2012-05-08,16.049999237060547,16.670000076293945,16.049999237060547,16.360000610351562,13.8661470413208,6900
2012-05-09,16.40999984741211,16.489999771118164,16.1200008392334,16.1200008392334,13.662728309631348,10000
2012-05-10,16.290000915527344,16.399999618530273,16.110000610351562,16.200000762939453,13.730533599853516,1900
2012-05-11,16.010000228881836,16.260000228881836,15.75,15.899999618530273,13.476264953613281,13300
2012-05-14,15.960000038146973,15.960000038146973,15.720000267028809,15.75,13.349130630493164,10800
2012-05-15,15.890000343322754,16.18000030517578,15.829999923706055,15.920000076293945,13.49321460723877,7600
2012-05-16,16.040000915527344,16.040000915527344,15.65999984741211,15.65999984741211,13.272850036621094,3900
2012-05-17,15.770000457763672,15.829999923706055,14.880000114440918,14.920000076293945,12.64565372467041,10200
2012-05-18,14.960000038146973,15.4399995803833,14.890000343322754,15.020000457763672,12.730408668518066,10700
2012-05-21,15.039999961853027,15.890000343322754,15.039999961853027,15.829999923706055,13.416937828063965,7900
2012-05-22,15.829999923706055,15.989999771118164,15.369999885559082,15.420000076293945,13.069432258605957,7400
2012-05-23,15.380000114440918,15.760000228881836,15.0,15.479999542236328,13.12028694152832,9100
2012-05-24,15.470000267028809,15.84000015258789,15.329999923706055,15.399999618530273,13.052486419677734,6200
2012-05-25,15.5,15.75,15.15999984741211,15.239999771118164,12.916872024536133,8800
2012-05-29,15.470000267028809,15.5,15.15999984741211,15.229999542236328,12.90839958190918,7700
2012-05-30,15.119999885559082,15.5,15.119999885559082,15.300000190734863,12.967726707458496,6100
2012-05-31,15.40999984741211,15.479999542236328,15.25,15.390000343322754,13.04400634765625,14000
2012-06-01,15.260000228881836,15.399999618530273,15.020000457763672,15.25,12.925348281860352,20700
2012-06-04,15.25,15.5,14.989999771118164,15.050000190734863,12.755833625793457,8300
2012-06-05,15.020000457763672,15.390000343322754,14.890000343322754,14.970000267028809,12.688029289245605,15800
2012-06-06,15.0,15.279999732971191,14.609999656677246,15.050000190734863,12.755833625793457,20200
2012-06-07,15.1899995803833,15.3100004196167,14.779999732971191,14.9399995803833,12.662602424621582,15700
2012-06-08,14.850000381469727,15.289999961853027,14.829999923706055,15.100000381469727,12.798213005065918,5300
2012-06-11,15.329999923706055,15.329999923706055,14.119999885559082,14.170000076293945,12.009978294372559,16100
2012-06-12,14.550000190734863,14.600000381469727,14.319999694824219,14.420000076293945,12.221870422363281,11800
2012-06-13,14.4399995803833,14.5,14.210000038146973,14.300000190734863,12.120160102844238,11200
2012-06-14,14.399999618530273,14.600000381469727,14.3100004196167,14.569999694824219,12.349004745483398,11800
2012-06-15,14.430000305175781,14.920000076293945,14.430000305175781,14.760000228881836,12.510043144226074,41300
2012-06-18,14.899999618530273,14.899999618530273,14.300000190734863,14.359999656677246,12.171016693115234,32100
2012-06-19,14.470000267028809,14.850000381469727,14.380000114440918,14.8100004196167,12.552424430847168,18200
2012-06-20,14.829999923706055,14.850000381469727,14.170000076293945,14.569999694824219,12.349004745483398,17700
2012-06-21,14.619999885559082,14.829999923706055,14.359999656677246,14.710000038146973,12.467666625976562,32400
2012-06-22,14.720000267028809,15.489999771118164,14.40999984741211,15.34000015258789,13.001632690429688,143900
2012-06-25,15.039999961853027,15.34000015258789,14.880000114440918,14.880000114440918,12.611748695373535,5900
2012-06-26,15.039999961853027,15.210000038146973,14.729999542236328,15.109999656677246,12.806690216064453,23600
2012-06-27,15.050000190734863,15.25,14.930000305175781,15.25,12.925348281860352,13700
2012-06-28,15.15999984741211,15.15999984741211,14.8100004196167,14.84000015258789,12.577847480773926,7400
2012-06-29,15.25,16.229999542236328,15.109999656677246,16.219999313354492,13.747483253479004,25000
2012-07-02,16.219999313354492,18.829999923706055,15.930000305175781,18.829999923706055,15.959630012512207,27400
2012-07-03,17.649999618530273,18.5,17.649999618530273,18.0,15.256149291992188,27400
2012-07-05,17.639999389648438,17.639999389648438,17.010000228881836,17.229999542236328,14.628716468811035,9700
2012-07-06,16.959999084472656,17.170000076293945,16.5,16.799999237060547,14.26363468170166,6300
2012-07-09,17.31999969482422,17.829999923706055,16.709999084472656,17.280000686645508,14.671171188354492,4800
2012-07-10,17.440000534057617,17.469999313354492,17.059999465942383,17.06999969482422,14.49287223815918,17100
2012-07-11,17.200000762939453,17.399999618530273,17.0,17.190000534057617,14.594758033752441,10800
2012-07-12,17.020000457763672,17.329999923706055,16.75,17.15999984741211,14.569289207458496,15500
2012-07-13,17.200000762939453,17.989999771118164,17.149999618530273,17.989999771118164,15.273972511291504,12900
2012-07-16,17.940000534057617,17.989999771118164,17.520000457763672,17.81999969482422,15.129642486572266,12100
2012-07-17,17.899999618530273,18.0,17.440000534057617,17.90999984741211,15.206050872802734,9700
2012-07-18,17.940000534057617,18.0,17.34000015258789,18.0,15.282469749450684,9200
2012-07-19,18.0,18.0,17.329999923706055,17.329999923706055,14.713624000549316,9400
2012-07-20,17.100000381469727,17.719999313354492,17.100000381469727,17.1200008392334,14.53532600402832,7600
2012-07-23,17.100000381469727,17.559999465942383,16.770000457763672,16.920000076293945,14.36551570892334,7900
2012-07-24,16.959999084472656,17.440000534057617,16.3799991607666,16.850000381469727,14.306087493896484,10400
2012-07-25,17.229999542236328,17.329999923706055,16.56999969482422,16.850000381469727,14.306087493896484,5100
2012-07-26,17.239999771118164,17.440000534057617,17.09000015258789,17.200000762939453,14.603246688842773,4000
2012-07-27,16.950000762939453,17.809999465942383,16.950000762939453,17.600000381469727,14.942863464355469,10000
2012-07-30,17.559999465942383,17.8799991607666,17.31999969482422,17.31999969482422,14.70512866973877,2300
2012-07-31,17.329999923706055,17.920000076293945,17.280000686645508,17.899999618530273,15.1975679397583,11500
2012-08-01,17.920000076293945,17.989999771118164,16.860000610351562,16.8700008392334,14.323071479797363,18400
2012-08-02,16.579999923706055,16.829999923706055,16.290000915527344,16.34000015258789,13.873085975646973,7800
2012-08-03,17.059999465942383,17.829999923706055,16.850000381469727,17.549999237060547,14.900403022766113,8200
2012-08-06,17.5,17.989999771118164,17.5,17.93000030517578,15.223031997680664,11000
2012-08-07,17.940000534057617,17.979999542236328,17.40999984741211,17.700000762939453,15.027761459350586,10700
2012-08-08,17.520000457763672,17.799999237060547,17.450000762939453,17.549999237060547,14.900403022766113,4300
2012-08-09,17.479999542236328,17.780000686645508,17.389999389648438,17.75,15.070213317871094,6500
2012-08-10,17.700000762939453,17.799999237060547,17.3799991607666,17.3799991607666,14.756072044372559,6000
2012-08-13,17.459999084472656,17.75,16.760000228881836,16.90999984741211,14.357030868530273,8500
2012-08-14,17.049999237060547,17.290000915527344,16.329999923706055,16.8700008392334,14.323071479797363,5200
2012-08-15,16.65999984741211,17.209999084472656,16.6200008392334,17.190000534057617,14.594758033752441,5800
2012-08-16,17.030000686645508,17.600000381469727,16.780000686645508,17.59000015258789,14.934370994567871,4700
2012-08-17,17.469999313354492,17.739999771118164,17.049999237060547,17.739999771118164,15.061723709106445,9400
2012-08-20,17.520000457763672,17.75,17.489999771118164,17.75,15.070213317871094,4100
2012-08-21,17.75,18.0,17.739999771118164,17.780000686645508,15.095685005187988,13200
2012-08-22,17.709999084472656,17.75,17.270000457763672,17.270000457763672,14.662686347961426,2000
2012-08-23,17.239999771118164,17.989999771118164,17.239999771118164,17.59000015258789,14.934370994567871,5900
2012-08-24,17.600000381469727,17.799999237060547,17.3799991607666,17.670000076293945,15.002287864685059,2500
2012-08-27,17.799999237060547,17.989999771118164,17.790000915527344,17.989999771118164,15.273972511291504,5100
2012-08-28,17.8700008392334,18.0,17.75,18.0,15.282469749450684,7300
2012-08-29,18.0,18.100000381469727,17.860000610351562,18.0,15.282469749450684,12100
2012-08-30,17.8700008392334,17.979999542236328,17.610000610351562,17.6200008392334,14.9598388671875,1900
2012-08-31,17.850000381469727,18.100000381469727,17.670000076293945,17.729999542236328,15.053229331970215,4200
2012-09-04,17.790000915527344,18.0,17.729999542236328,17.93000030517578,15.223031997680664,5100
2012-09-05,17.979999542236328,18.139999389648438,17.700000762939453,17.770000457763672,15.087196350097656,9600
2012-09-06,17.989999771118164,18.020000457763672,17.770000457763672,18.020000457763672,15.299450874328613,20600
2012-09-07,18.0,18.0,17.979999542236328,18.0,15.282469749450684,7200
2012-09-10,17.90999984741211,18.309999465942383,17.81999969482422,18.309999465942383,15.54566478729248,14800
2012-09-11,18.0,18.0,17.3700008392334,17.899999618530273,15.1975679397583,14900
2012-09-12,18.0,18.0,17.940000534057617,17.969999313354492,15.256994247436523,2600
2012-09-13,17.989999771118164,18.25,17.56999969482422,18.239999771118164,15.48623275756836,17800
2012-09-14,18.25,18.25,17.75,18.0,15.282469749450684,12600
2012-09-17,17.809999465942383,18.299999237060547,17.809999465942383,18.260000228881836,15.50321102142334,12100
2012-09-18,18.030000686645508,19.0,18.030000686645508,18.920000076293945,16.063570022583008,8300
2012-09-19,18.90999984741211,18.989999771118164,18.139999389648438,18.170000076293945,15.426799774169922,10400
2012-09-20,18.020000457763672,18.690000534057617,18.010000228881836,18.100000381469727,15.367368698120117,8000
2012-09-21,18.440000534057617,19.209999084472656,18.3700008392334,19.209999084472656,16.30978775024414,30300
2012-09-24,18.809999465942383,18.979999542236328,18.34000015258789,18.670000076293945,15.851313591003418,12100
2012-09-25,18.770000457763672,19.030000686645508,18.520000457763672,18.530000686645508,15.732453346252441,17900
2012-09-26,18.6299991607666,18.899999618530273,17.920000076293945,17.93000030517578,15.223031997680664,14800
2012-09-27,18.110000610351562,18.260000228881836,17.799999237060547,18.239999771118164,15.48623275756836,7400
2012-09-28,18.06999969482422,18.520000457763672,18.0,18.43000030517578,15.647554397583008,11500
2012-10-01,18.5,18.5,18.100000381469727,18.25,15.494722366333008,12700
2012-10-02,18.25,18.25,17.860000610351562,17.950000762939453,15.240020751953125,8000
2012-10-03,18.0,19.15999984741211,18.0,18.959999084472656,16.131685256958008,19600
2012-10-04,19.0,19.5,19.0,19.5,16.59113121032715,7100
2012-10-05,19.5,19.5,19.030000686645508,19.290000915527344,16.412456512451172,4500
2012-10-08,19.34000015258789,19.600000381469727,19.079999923706055,19.40999984741211,16.514564514160156,10500
2012-10-09,19.440000534057617,19.600000381469727,19.100000381469727,19.270000457763672,16.395437240600586,6800
2012-10-10,19.360000610351562,19.899999618530273,19.360000610351562,19.860000610351562,16.897428512573242,16900
2012-10-11,19.860000610351562,21.170000076293945,19.760000228881836,21.079999923706055,17.935440063476562,26800
2012-10-12,21.0,22.100000381469727,20.8700008392334,21.93000030517578,18.658641815185547,30000
2012-10-15,21.940000534057617,22.15999984741211,21.3700008392334,22.020000457763672,18.73521614074707,34800
2012-10-16,22.100000381469727,22.90999984741211,21.5,22.84000015258789,19.43288803100586,43300
2012-10-17,22.700000762939453,23.43000030517578,22.200000762939453,23.149999618530273,19.69664764404297,33000
2012-10-18,22.940000534057617,24.59000015258789,22.0,23.100000381469727,19.654104232788086,45700
2012-10-19,23.0,23.59000015258789,22.0,23.280000686645508,19.8072566986084,41800
2012-10-22,23.329999923706055,23.8700008392334,22.219999313354492,23.059999465942383,19.62007713317871,22200
2012-10-23,22.860000610351562,22.959999084472656,21.670000076293945,22.700000762939453,19.31377601623535,20200
2012-10-24,22.709999084472656,22.709999084472656,21.670000076293945,22.0,18.718196868896484,24600
2012-10-25,22.299999237060547,22.84000015258789,22.299999237060547,22.489999771118164,19.13510513305664,5300
2012-10-26,22.020000457763672,22.709999084472656,21.8799991607666,22.450000762939453,19.101064682006836,3800
2012-10-31,22.540000915527344,22.540000915527344,21.760000228881836,22.469999313354492,19.11808967590332,12600
2012-11-01,22.110000610351562,23.170000076293945,21.610000610351562,22.719999313354492,19.330793380737305,38300
2012-11-02,22.799999237060547,22.809999465942383,21.610000610351562,21.790000915527344,18.539525985717773,16500
2012-11-05,21.850000381469727,22.3700008392334,21.520000457763672,21.829999923706055,18.573558807373047,8200
2012-11-06,21.899999618530273,21.989999771118164,21.799999237060547,21.959999084472656,18.684165954589844,2900
2012-11-07,21.989999771118164,22.239999771118164,20.780000686645508,20.780000686645508,17.68018913269043,30700
2012-11-08,20.649999618530273,20.969999313354492,19.530000686645508,19.530000686645508,16.61665916442871,15400
2012-11-09,19.329999923706055,20.469999313354492,19.329999923706055,20.079999923706055,17.084613800048828,8100
2012-11-12,20.110000610351562,20.579999923706055,19.850000381469727,19.969999313354492,16.99102210998535,2500
2012-11-13,19.75,20.299999237060547,19.75,19.850000381469727,16.88892364501953,4600
2012-11-14,19.959999084472656,20.059999465942383,19.0,19.049999237060547,16.208255767822266,40500
2012-11-15,19.0,19.850000381469727,18.559999465942383,18.6299991607666,15.850909233093262,8100
2012-11-16,18.559999465942383,18.979999542236328,17.899999618530273,18.520000457763672,15.757317543029785,15900
2012-11-19,18.799999237060547,19.06999969482422,18.440000534057617,19.030000686645508,16.191240310668945,13000
2012-11-20,19.040000915527344,19.3700008392334,18.860000610351562,18.920000076293945,16.097646713256836,12400
2012-11-21,19.079999923706055,19.690000534057617,18.8700008392334,19.65999984741211,16.727266311645508,12100
2012-11-23,19.3700008392334,19.479999542236328,18.979999542236328,19.049999237060547,16.208255767822266,8100
2012-11-26,18.940000534057617,18.940000534057617,18.489999771118164,18.6200008392334,15.842403411865234,13200
2012-11-27,18.65999984741211,18.899999618530273,18.31999969482422,18.84000015258789,16.029579162597656,14700
2012-11-28,18.799999237060547,19.420000076293945,18.799999237060547,19.1200008392334,16.26781463623047,7400
2012-11-29,19.40999984741211,19.68000030517578,19.40999984741211,19.520000457763672,16.608152389526367,6000
2012-11-30,19.610000610351562,19.65999984741211,18.84000015258789,19.420000076293945,16.523069381713867,6300
2012-12-03,18.469999313354492,18.799999237060547,18.329999923706055,18.6200008392334,15.842403411865234,35700
2012-12-04,18.700000762939453,18.979999542236328,18.600000381469727,18.719999313354492,15.92748737335205,5700
2012-12-05,18.860000610351562,19.559999465942383,18.860000610351562,19.360000610351562,16.47201919555664,6400
2012-12-06,19.450000762939453,19.459999084472656,18.760000228881836,18.969999313354492,16.171098709106445,3500
2012-12-07,19.1299991607666,19.6200008392334,19.1299991607666,19.489999771118164,16.614376068115234,3600
2012-12-10,19.479999542236328,19.559999465942383,19.209999084472656,19.510000228881836,16.631427764892578,5000
2012-12-11,19.559999465942383,19.899999618530273,19.459999084472656,19.889999389648438,16.955360412597656,12100
2012-12-12,19.760000228881836,19.8799991607666,19.299999237060547,19.510000228881836,16.631427764892578,10700
2012-12-13,19.5,19.5,19.06999969482422,19.280000686645508,16.435352325439453,3300
2012-12-14,19.350000381469727,19.59000015258789,19.0,19.299999237060547,16.452407836914062,6500
2012-12-17,19.360000610351562,19.889999389648438,18.969999313354492,19.690000534057617,16.784870147705078,11500
2012-12-18,19.100000381469727,19.65999984741211,19.06999969482422,19.65999984741211,16.759292602539062,35600
2012-12-19,19.889999389648438,19.899999618530273,19.75,19.8700008392334,16.938310623168945,17600
2012-12-20,19.899999618530273,20.0,19.649999618530273,20.0,17.04912757873535,14700
2012-12-21,20.0,20.0,19.670000076293945,19.899999618530273,16.963882446289062,45400
2012-12-24,19.950000762939453,19.950000762939453,18.549999237060547,18.549999237060547,15.813069343566895,18200
2012-12-26,18.809999465942383,19.239999771118164,18.75,18.979999542236328,16.17961883544922,7500
2012-12-27,19.059999465942383,19.100000381469727,18.809999465942383,18.809999465942383,16.034706115722656,2500
2012-12-28,18.799999237060547,19.170000076293945,18.799999237060547,18.920000076293945,16.12847328186035,3700
2012-12-31,18.989999771118164,19.510000228881836,18.809999465942383,19.389999389648438,16.52912712097168,28500
2013-01-02,19.690000534057617,20.0,19.59000015258789,19.950000762939453,17.006502151489258,29600
2013-01-03,19.899999618530273,19.979999542236328,19.510000228881836,19.770000457763672,16.85306167602539,14100
2013-01-04,19.889999389648438,21.5,19.6299991607666,21.450000762939453,18.285188674926758,16900
2013-01-07,21.200000762939453,21.5,21.110000610351562,21.399999618530273,18.242565155029297,8500
2013-01-08,21.399999618530273,21.440000534057617,20.780000686645508,21.229999542236328,18.097654342651367,13600
2013-01-09,21.139999389648438,21.5,21.139999389648438,21.5,18.32781410217285,8000
2013-01-10,21.479999542236328,21.489999771118164,21.270000457763672,21.389999389648438,18.23404312133789,5100
2013-01-11,21.399999618530273,21.559999465942383,21.299999237060547,21.299999237060547,18.157316207885742,21800
2013-01-14,21.280000686645508,22.0,21.25,21.90999984741211,18.677324295043945,14900
2013-01-15,20.3799991607666,21.440000534057617,19.229999542236328,20.389999389648438,17.381587982177734,23600
2013-01-16,20.059999465942383,21.299999237060547,20.059999465942383,21.200000762939453,18.07207489013672,14600
2013-01-17,21.239999771118164,22.0,20.520000457763672,21.860000610351562,18.634700775146484,12600
2013-01-18,21.729999542236328,21.8799991607666,21.09000015258789,21.31999969482422,18.17436981201172,9400
2013-01-22,21.40999984741211,22.170000076293945,21.40999984741211,21.799999237060547,18.583547592163086,26900
2013-01-23,21.719999313354492,22.100000381469727,21.530000686645508,21.719999313354492,18.515356063842773,22500
2013-01-24,21.709999084472656,22.0,21.65999984741211,21.899999618530273,18.66878890991211,8100
2013-01-25,22.0,22.0,21.06999969482422,21.360000610351562,18.20846939086914,7600
2013-01-28,21.299999237060547,21.899999618530273,21.299999237060547,21.899999618530273,18.66878890991211,9200
2013-01-29,21.950000762939453,22.399999618530273,21.799999237060547,22.1200008392334,18.856338500976562,16100
2013-01-30,22.190000534057617,22.40999984741211,21.0,21.170000076293945,18.046504974365234,25300
2013-01-31,21.170000076293945,21.899999618530273,21.170000076293945,21.75,18.54092025756836,14300
2013-02-01,21.799999237060547,22.1299991607666,21.799999237060547,21.950000762939453,18.711416244506836,19100
2013-02-04,21.770000457763672,21.770000457763672,19.8799991607666,20.260000228881836,17.270763397216797,20000
2013-02-05,20.940000534057617,20.959999084472656,20.31999969482422,20.649999618530273,17.603225708007812,5400
2013-02-06,20.540000915527344,21.040000915527344,20.0,20.75,17.688474655151367,13200
2013-02-07,20.799999237060547,20.799999237060547,20.010000228881836,20.079999923706055,17.117324829101562,3900
2013-02-08,20.049999237060547,21.100000381469727,20.049999237060547,20.25,17.262235641479492,7900
2013-02-11,20.139999389648438,20.56999969482422,20.020000457763672,20.229999542236328,17.245187759399414,16800
2013-02-12,20.489999771118164,20.520000457763672,19.940000534057617,20.059999465942383,17.10027503967285,13900
2013-02-13,20.030000686645508,20.190000534057617,18.770000457763672,18.850000381469727,16.06880760192871,34800
2013-02-14,18.65999984741211,18.799999237060547,18.5,18.600000381469727,15.855693817138672,546700
2013-02-15,18.649999618530273,18.790000915527344,18.5,18.739999771118164,15.975037574768066,121200
2013-02-19,18.75,19.469999313354492,18.709999084472656,19.399999618530273,16.53765296936035,120900
2013-02-20,19.329999923706055,20.200000762939453,19.200000762939453,19.700000762939453,16.79339027404785,104700
2013-02-21,19.709999084472656,19.90999984741211,19.5,19.68000030517578,16.776338577270508,32400
2013-02-22,19.81999969482422,20.0,19.0,19.93000030517578,16.989456176757812,48000
2013-02-25,19.770000457763672,19.959999084472656,19.209999084472656,19.219999313354492,16.384212493896484,32600
2013-02-26,19.360000610351562,19.969999313354492,19.239999771118164,19.8799991607666,16.946834564208984,49900
2013-02-27,19.850000381469727,20.239999771118164,19.65999984741211,19.690000534057617,16.784870147705078,27300
2013-02-28,19.719999313354492,19.84000015258789,19.209999084472656,19.709999084472656,16.801910400390625,190400
2013-03-01,19.309999465942383,19.84000015258789,19.059999465942383,19.329999923706055,16.477977752685547,30500
2013-03-04,19.209999084472656,19.649999618530273,19.100000381469727,19.389999389648438,16.52912712097168,20400
2013-03-05,19.5,19.739999771118164,19.190000534057617,19.700000762939453,16.79339027404785,19700
2013-03-06,19.639999389648438,19.639999389648438,19.450000762939453,19.489999771118164,16.614376068115234,9400
2013-03-07,19.5,19.889999389648438,19.399999618530273,19.65999984741211,16.759292602539062,19300
2013-03-08,19.8700008392334,20.149999618530273,19.559999465942383,19.75,16.836017608642578,41200
2013-03-11,19.610000610351562,19.989999771118164,19.43000030517578,19.719999313354492,16.81043243408203,17100
2013-03-12,19.610000610351562,19.780000686645508,19.040000915527344,19.06999969482422,16.25634002685547,17700
2013-03-13,19.100000381469727,19.860000610351562,18.8700008392334,18.920000076293945,16.12847328186035,50300
2013-03-14,18.920000076293945,19.09000015258789,18.530000686645508,18.65999984741211,15.906835556030273,38500
2013-03-15,18.709999084472656,19.0,18.360000610351562,18.600000381469727,15.855693817138672,120900
2013-03-18,18.43000030517578,19.110000610351562,18.43000030517578,18.969999313354492,16.171098709106445,33000
2013-03-19,18.90999984741211,19.1200008392334,18.790000915527344,18.93000030517578,16.136999130249023,12000
2013-03-20,19.15999984741211,19.34000015258789,18.979999542236328,19.200000762939453,16.367168426513672,11400
2013-03-21,19.09000015258789,19.09000015258789,18.809999465942383,19.040000915527344,16.230770111083984,15500
2013-03-22,19.030000686645508,19.100000381469727,19.0,19.030000686645508,16.22224235534668,6000
2013-03-25,19.149999618530273,19.15999984741211,18.5,18.780000686645508,16.00913429260254,51700
2013-03-26,18.969999313354492,19.0,18.799999237060547,19.0,16.196672439575195,7600
2013-03-27,18.90999984741211,19.100000381469727,18.760000228881836,19.079999923706055,16.264869689941406,25300
2013-03-28,19.1299991607666,19.34000015258789,19.1299991607666,19.31999969482422,16.469459533691406,47900
2013-04-01,19.399999618530273,19.729999542236328,19.290000915527344,19.670000076293945,16.76781463623047,74800
2013-04-02,19.899999618530273,20.25,19.43000030517578,19.440000534057617,16.571752548217773,57500
2013-04-03,19.600000381469727,20.0,18.899999618530273,18.899999618530273,16.11142921447754,25100
2013-04-04,18.899999618530273,19.34000015258789,18.899999618530273,19.270000457763672,16.45905303955078,15600
2013-04-05,18.940000534057617,19.700000762939453,18.920000076293945,19.059999465942383,16.279685974121094,28500
2013-04-08,19.350000381469727,19.579999923706055,18.93000030517578,19.309999465942383,16.493228912353516,22000
2013-04-09,19.360000610351562,19.600000381469727,19.049999237060547,19.450000762939453,16.612794876098633,20700
2013-04-10,19.5,19.670000076293945,19.280000686645508,19.31999969482422,16.501760482788086,21600
2013-04-11,19.350000381469727,19.459999084472656,18.899999618530273,19.239999771118164,16.433435440063477,21600
2013-04-12,19.049999237060547,19.309999465942383,19.049999237060547,19.200000762939453,16.39927101135254,13200
2013-04-15,19.0,19.110000610351562,18.040000915527344,18.1200008392334,15.47680950164795,48200
2013-04-16,18.489999771118164,18.600000381469727,18.270000457763672,18.329999923706055,15.65617561340332,45000
2013-04-17,18.329999923706055,18.729999542236328,17.190000534057617,17.700000762939453,15.11807632446289,50400
2013-04-18,17.690000534057617,19.079999923706055,17.399999618530273,18.440000534057617,15.75013256072998,47100
2013-04-19,18.5,18.899999618530273,18.389999389648438,18.700000762939453,15.972197532653809,29600
2013-04-22,18.610000610351562,18.860000610351562,18.18000030517578,18.489999771118164,15.79283618927002,24700
2013-04-23,18.59000015258789,18.790000915527344,18.43000030517578,18.6200008392334,15.903873443603516,28300
2013-04-24,18.559999465942383,18.84000015258789,18.450000762939453,18.729999542236328,15.997831344604492,16900
2013-04-25,18.739999771118164,18.989999771118164,18.65999984741211,18.899999618530273,16.143033981323242,10000
2013-04-26,18.8700008392334,19.09000015258789,18.700000762939453,18.700000762939453,15.972197532653809,14100
2013-04-29,18.799999237060547,19.1200008392334,18.799999237060547,19.06999969482422,16.28822898864746,8800
2013-04-30,19.020000457763672,19.020000457763672,18.3700008392334,18.6299991607666,15.912412643432617,36300
2013-05-01,18.600000381469727,18.809999465942383,18.06999969482422,18.5,15.801380157470703,45300
2013-05-02,18.549999237060547,18.989999771118164,18.549999237060547,18.90999984741211,16.15157127380371,9000
2013-05-03,19.0,19.200000762939453,18.540000915527344,19.139999389648438,16.348018646240234,20700
2013-05-06,19.059999465942383,19.290000915527344,18.770000457763672,19.079999923706055,16.29677391052246,16500
2013-05-07,19.049999237060547,19.31999969482422,19.049999237060547,19.290000915527344,16.47614097595215,31900
2013-05-08,19.280000686645508,19.5,19.100000381469727,19.489999771118164,16.6469669342041,48400
2013-05-09,19.5,19.549999237060547,19.100000381469727,19.40999984741211,16.578641891479492,28400
2013-05-10,19.350000381469727,19.59000015258789,19.299999237060547,19.459999084472656,16.621337890625,7100
2013-05-13,19.420000076293945,19.600000381469727,19.170000076293945,19.59000015258789,16.732379913330078,9000
2013-05-14,19.56999969482422,19.579999923706055,19.309999465942383,19.530000686645508,16.68112564086914,15200
2013-05-15,19.40999984741211,19.59000015258789,19.260000228881836,19.479999542236328,16.638425827026367,19200
2013-05-16,19.360000610351562,19.489999771118164,19.25,19.459999084472656,16.621337890625,21700
2013-05-17,19.479999542236328,19.75,19.350000381469727,19.649999618530273,16.783626556396484,35900
2013-05-20,19.75,19.899999618530273,19.68000030517578,19.68000030517578,16.809247970581055,10100
2013-05-21,19.81999969482422,19.8700008392334,19.700000762939453,19.700000762939453,16.826332092285156,7200
2013-05-22,19.719999313354492,19.969999313354492,19.309999465942383,19.360000610351562,16.535932540893555,20800
2013-05-23,19.1200008392334,19.489999771118164,19.059999465942383,19.15999984741211,16.365100860595703,13800
2013-05-24,19.100000381469727,19.5,19.100000381469727,19.450000762939453,16.612794876098633,8400
2013-05-28,19.790000915527344,19.809999465942383,19.610000610351562,19.799999237060547,16.911746978759766,19300
2013-05-29,19.600000381469727,19.600000381469727,19.18000030517578,19.389999389648438,16.561552047729492,30800
2013-05-30,19.440000534057617,19.450000762939453,19.350000381469727,19.43000030517578,16.595714569091797,12600
2013-05-31,19.229999542236328,19.65999984741211,19.200000762939453,19.43000030517578,16.595714569091797,21700
2013-06-03,19.6299991607666,19.6299991607666,19.350000381469727,19.450000762939453,16.612794876098633,42500
2013-06-04,19.450000762939453,19.540000915527344,19.209999084472656,19.360000610351562,16.535932540893555,31600
2013-06-05,19.350000381469727,19.559999465942383,18.979999542236328,19.06999969482422,16.28822898864746,17800
2013-06-06,19.100000381469727,19.170000076293945,19.030000686645508,19.170000076293945,16.373640060424805,24300
2013-06-07,19.25,19.469999313354492,19.170000076293945,19.469999313354492,16.629878997802734,17500
2013-06-10,19.5,19.700000762939453,19.0,19.34000015258789,16.518840789794922,14700
2013-06-11,19.219999313354492,20.25,19.200000762939453,20.09000015258789,17.159439086914062,61700
2013-06-12,20.200000762939453,20.760000228881836,20.149999618530273,20.610000610351562,17.603588104248047,52500
2013-06-13,20.579999923706055,20.75,20.15999984741211,20.34000015258789,17.372970581054688,35000
2013-06-14,20.360000610351562,20.440000534057617,20.209999084472656,20.239999771118164,17.287559509277344,25100
2013-06-17,20.489999771118164,20.739999771118164,20.110000610351562,20.350000381469727,17.381511688232422,24200
2013-06-18,20.3799991607666,20.690000534057617,20.34000015258789,20.56999969482422,17.569421768188477,16600
2013-06-19,20.719999313354492,20.75,20.559999465942383,20.6200008392334,17.61212921142578,13300
2013-06-20,20.40999984741211,20.639999389648438,20.280000686645508,20.510000228881836,17.518173217773438,30200
2013-06-21,20.579999923706055,20.65999984741211,20.100000381469727,20.3700008392334,17.39859962463379,55900
2013-06-24,20.030000686645508,20.389999389648438,19.579999923706055,19.65999984741211,16.79216766357422,22300
2013-06-25,19.84000015258789,19.969999313354492,19.020000457763672,19.1200008392334,16.330934524536133,40100
2013-06-26,19.190000534057617,19.5,19.079999923706055,19.40999984741211,16.578641891479492,21900
2013-06-27,19.610000610351562,20.5,19.350000381469727,20.489999771118164,17.5010929107666,33200
2013-06-28,20.510000228881836,20.799999237060547,20.110000610351562,20.729999542236328,17.70608901977539,91800
2013-07-01,20.639999389648438,21.530000686645508,20.639999389648438,21.40999984741211,18.286884307861328,48300
2013-07-02,21.5,21.979999542236328,21.350000381469727,21.799999237060547,18.619997024536133,20400
2013-07-03,21.559999465942383,21.93000030517578,21.5,21.729999542236328,18.591766357421875,12200
2013-07-05,21.899999618530273,22.31999969482422,21.649999618530273,22.31999969482422,19.096553802490234,15900
2013-07-08,22.40999984741211,22.5,21.1200008392334,21.5,18.39498519897461,47700
2013-07-09,21.5,21.75,21.15999984741211,21.399999618530273,18.30942726135254,23500
2013-07-10,21.31999969482422,21.75,20.65999984741211,21.229999542236328,18.16398048400879,32400
2013-07-11,21.360000610351562,21.469999313354492,20.530000686645508,21.440000534057617,18.34365463256836,37900
2013-07-12,21.34000015258789,21.549999237060547,21.049999237060547,21.100000381469727,18.052753448486328,7800
2013-07-15,21.010000228881836,21.6299991607666,20.940000534057617,21.479999542236328,18.377872467041016,33900
2013-07-16,21.579999923706055,22.0,21.25,21.829999923706055,18.677324295043945,20800
2013-07-17,21.799999237060547,21.799999237060547,21.25,21.290000915527344,18.215307235717773,28800
2013-07-18,21.079999923706055,21.5,20.93000030517578,21.239999771118164,18.172534942626953,30800
2013-07-19,21.100000381469727,21.25,21.020000457763672,21.219999313354492,18.155418395996094,20000
2013-07-22,21.18000030517578,21.420000076293945,21.149999618530273,21.290000915527344,18.215307235717773,18200
2013-07-23,21.260000228881836,21.989999771118164,21.260000228881836,21.829999923706055,18.677324295043945,21000
2013-07-24,21.809999465942383,22.049999237060547,21.729999542236328,21.790000915527344,18.64310073852539,47800
2013-07-25,21.719999313354492,22.149999618530273,21.639999389648438,21.719999313354492,18.58321189880371,37100
2013-07-26,21.56999969482422,21.8799991607666,21.25,21.309999465942383,18.232419967651367,32700
2013-07-29,21.350000381469727,21.729999542236328,21.190000534057617,21.6299991607666,18.50621223449707,9200
2013-07-30,21.75,22.219999313354492,21.75,22.100000381469727,18.9083309173584,33700
2013-07-31,22.079999923706055,22.739999771118164,22.079999923706055,22.440000534057617,19.1992244720459,36800
2013-08-01,22.639999389648438,22.700000762939453,22.25,22.520000457763672,19.267675399780273,18000
2013-08-02,22.399999618530273,22.540000915527344,22.100000381469727,22.270000457763672,19.053783416748047,7000
2013-08-05,22.18000030517578,22.479999542236328,21.81999969482422,22.3799991607666,19.147891998291016,10100
2013-08-06,22.270000457763672,22.469999313354492,21.93000030517578,22.299999237060547,19.079444885253906,15700
2013-08-07,22.1299991607666,22.329999923706055,21.760000228881836,22.170000076293945,18.968219757080078,20900
2013-08-08,22.229999542236328,22.5,21.770000457763672,21.8799991607666,18.720102310180664,26000
2013-08-09,21.90999984741211,22.40999984741211,21.739999771118164,22.389999389648438,19.156455993652344,21900
2013-08-12,22.229999542236328,22.479999542236328,22.049999237060547,22.399999618530273,19.165006637573242,11300
2013-08-13,22.290000915527344,22.440000534057617,22.18000030517578,22.34000015258789,19.11367416381836,15100
2013-08-14,22.049999237060547,22.31999969482422,21.5,22.020000457763672,18.839887619018555,25600
2013-08-15,21.84000015258789,21.84000015258789,21.0,21.149999618530273,18.09552574157715,41600
2013-08-16,21.010000228881836,21.709999084472656,20.93000030517578,21.0,17.967195510864258,56000
2013-08-19,21.1299991607666,21.729999542236328,20.020000457763672,20.1200008392334,17.214282989501953,34000
2013-08-20,20.229999542236328,21.170000076293945,20.049999237060547,20.559999465942383,17.590736389160156,25900
2013-08-21,20.479999542236328,21.260000228881836,20.40999984741211,20.780000686645508,17.77896499633789,20200
2013-08-22,20.81999969482422,21.760000228881836,20.81999969482422,21.670000076293945,18.54043960571289,24700
2013-08-23,21.59000015258789,22.0,21.59000015258789,21.90999984741211,18.745773315429688,23200
2013-08-26,21.579999923706055,22.149999618530273,21.520000457763672,21.770000457763672,18.625988006591797,14800
2013-08-27,21.520000457763672,21.959999084472656,21.389999389648438,21.739999771118164,18.60032081604004,27500
2013-08-28,21.68000030517578,22.139999389648438,21.43000030517578,21.790000915527344,18.64310073852539,33100
2013-08-29,21.549999237060547,22.700000762939453,21.239999771118164,22.670000076293945,19.39600944519043,38600
2013-08-30,22.469999313354492,22.469999313354492,21.299999237060547,21.700000762939453,18.566099166870117,42600
2013-09-03,21.8799991607666,22.0,21.030000686645508,21.239999771118164,18.172534942626953,27700
2013-09-04,21.190000534057617,21.829999923706055,21.139999389648438,21.739999771118164,18.60032081604004,19500
2013-09-05,21.809999465942383,22.270000457763672,21.719999313354492,22.079999923706055,18.89122200012207,12300
2013-09-06,22.209999084472656,23.1200008392334,21.530000686645508,22.6299991607666,19.361791610717773,56400
2013-09-09,22.760000228881836,22.8700008392334,21.850000381469727,22.59000015258789,19.327564239501953,30700
2013-09-10,22.8700008392334,22.989999771118164,22.219999313354492,22.489999771118164,19.242006301879883,43600
2013-09-11,22.450000762939453,22.780000686645508,22.420000076293945,22.709999084472656,19.430233001708984,34200
2013-09-12,22.709999084472656,23.489999771118164,22.68000030517578,23.010000228881836,19.686914443969727,83700
2013-09-13,23.1200008392334,23.520000457763672,23.1200008392334,23.520000457763672,20.123254776000977,40500
2013-09-16,23.5,24.0,23.420000076293945,23.799999237060547,20.362821578979492,47300
2013-09-17,23.93000030517578,25.350000381469727,23.8799991607666,24.989999771118164,21.380958557128906,74100
2013-09-18,25.0,25.690000534057617,24.56999969482422,25.43000030517578,21.757417678833008,39400
2013-09-19,25.260000228881836,25.549999237060547,24.040000915527344,24.959999084472656,21.35529327392578,44700
2013-09-20,25.049999237060547,26.1200008392334,24.719999313354492,25.899999618530273,22.15953254699707,60900
2013-09-23,25.770000457763672,26.190000534057617,25.34000015258789,26.149999618530273,22.373435974121094,43000
2013-09-24,26.030000686645508,27.0,25.959999084472656,26.540000915527344,22.707107543945312,47500
2013-09-25,26.729999542236328,26.799999237060547,25.700000762939453,25.709999084472656,21.99697494506836,17300
2013-09-26,25.799999237060547,26.190000534057617,25.200000762939453,25.489999771118164,21.808748245239258,18500
2013-09-27,25.299999237060547,26.299999237060547,25.299999237060547,25.899999618530273,22.15953254699707,23100
2013-09-30,25.989999771118164,25.989999771118164,25.5,25.68000030517578,21.971317291259766,13500
2013-10-01,25.729999542236328,26.280000686645508,25.600000381469727,25.75,22.03120231628418,23200
2013-10-02,25.799999237060547,26.110000610351562,25.299999237060547,25.329999923706055,21.67185401916504,21400
2013-10-03,25.65999984741211,25.65999984741211,24.690000534057617,24.860000610351562,21.30084991455078,17100
2013-10-04,24.760000228881836,25.5,24.760000228881836,25.469999313354492,21.823518753051758,15400
2013-10-07,25.209999084472656,25.540000915527344,24.90999984741211,25.020000457763672,21.437944412231445,11300
2013-10-08,25.020000457763672,25.68000030517578,24.670000076293945,24.940000534057617,21.369400024414062,23900
2013-10-09,25.06999969482422,25.5,24.639999389648438,24.760000228881836,21.215166091918945,13900
2013-10-10,25.079999923706055,25.610000610351562,24.850000381469727,25.43000030517578,21.78924560546875,29100
2013-10-11,25.34000015258789,26.459999084472656,25.34000015258789,26.459999084472656,22.671783447265625,46100
2013-10-14,26.65999984741211,27.219999313354492,26.559999465942383,27.1299991607666,23.245851516723633,30600
2013-10-15,27.0,27.34000015258789,26.700000762939453,26.8799991607666,23.031646728515625,39300
2013-10-16,26.989999771118164,27.3799991607666,26.420000076293945,26.420000076293945,22.637508392333984,31300
2013-10-17,26.389999389648438,26.8700008392334,25.989999771118164,26.6299991607666,22.817445755004883,21500
2013-10-18,26.850000381469727,26.850000381469727,26.459999084472656,26.700000762939453,22.877416610717773,27600
2013-10-21,26.639999389648438,26.889999389648438,26.270000457763672,26.559999465942383,22.757455825805664,25900
2013-10-22,26.56999969482422,27.100000381469727,26.3799991607666,27.049999237060547,23.17731475830078,17300
2013-10-23,27.0,27.399999618530273,26.479999542236328,27.020000457763672,23.151607513427734,22500
2013-10-24,27.020000457763672,27.190000534057617,26.549999237060547,26.770000457763672,22.937393188476562,43400
2013-10-25,26.959999084472656,27.0,26.5,26.719999313354492,22.894554138183594,44400
2013-10-28,26.719999313354492,27.049999237060547,26.6200008392334,26.760000228881836,22.9288272857666,30500
2013-10-29,26.959999084472656,27.34000015258789,26.420000076293945,26.700000762939453,22.877416610717773,64400
2013-10-30,26.530000686645508,27.139999389648438,26.510000228881836,26.65999984741211,22.84314727783203,23500
2013-10-31,26.59000015258789,26.799999237060547,25.8700008392334,26.34000015258789,22.5689640045166,18400
2013-11-01,26.270000457763672,26.889999389648438,25.360000610351562,25.670000076293945,21.99488067626953,47300
2013-11-04,25.65999984741211,26.049999237060547,25.100000381469727,25.329999923706055,21.703556060791016,50200
2013-11-05,25.59000015258789,25.6200008392334,25.280000686645508,25.489999771118164,21.840654373168945,14500
2013-11-06,25.6299991607666,25.770000457763672,25.139999389648438,25.649999618530273,21.97774887084961,14300
2013-11-07,25.81999969482422,25.81999969482422,24.280000686645508,24.700000762939453,21.163759231567383,23900
2013-11-08,24.670000076293945,25.959999084472656,24.670000076293945,24.920000076293945,21.352258682250977,16500
2013-11-11,24.959999084472656,25.65999984741211,24.559999465942383,24.81999969482422,21.26657485961914,41900
2013-11-12,24.68000030517578,25.0,23.850000381469727,24.15999984741211,20.701066970825195,32500
2013-11-13,24.1200008392334,25.299999237060547,23.360000610351562,23.850000381469727,20.435449600219727,44500
2013-11-14,23.780000686645508,24.299999237060547,23.459999084472656,24.040000915527344,20.59823989868164,15200
2013-11-15,23.979999542236328,24.299999237060547,23.020000457763672,23.690000534057617,20.298355102539062,44000
2013-11-18,23.700000762939453,23.81999969482422,23.25,23.510000228881836,20.144123077392578,47700
2013-11-19,23.459999084472656,24.549999237060547,22.850000381469727,24.1299991607666,20.675352096557617,41900
2013-11-20,24.1299991607666,24.479999542236328,23.510000228881836,24.100000381469727,20.649656295776367,28300
2013-11-21,24.219999313354492,24.549999237060547,23.940000534057617,24.280000686645508,20.80388832092285,21600
2013-11-22,24.280000686645508,24.549999237060547,24.06999969482422,24.399999618530273,20.90671157836914,27000
2013-11-25,24.290000915527344,24.700000762939453,23.989999771118164,24.530000686645508,21.018095016479492,27000
2013-11-26,24.479999542236328,25.149999618530273,24.360000610351562,24.65999984741211,21.129478454589844,34600
2013-11-27,24.600000381469727,25.719999313354492,24.600000381469727,25.440000534057617,21.797807693481445,41200
2013-11-29,25.6299991607666,26.389999389648438,25.6299991607666,26.350000381469727,22.577529907226562,23200
2013-12-02,26.420000076293945,26.729999542236328,25.399999618530273,25.399999618530273,21.76353645324707,31400
2013-12-03,25.450000762939453,25.709999084472656,24.889999389648438,25.190000534057617,21.583606719970703,30700
2013-12-04,24.959999084472656,25.489999771118164,24.889999389648438,25.149999618530273,21.549333572387695,20800
2013-12-05,24.950000762939453,25.229999542236328,24.690000534057617,25.15999984741211,21.557903289794922,11200
2013-12-06,25.280000686645508,25.559999465942383,24.520000457763672,24.690000534057617,21.15518569946289,31100
2013-12-09,24.6299991607666,25.049999237060547,23.25,23.799999237060547,20.392606735229492,59700
2013-12-10,22.850000381469727,24.1299991607666,22.850000381469727,23.75,20.349769592285156,38100
2013-12-11,23.420000076293945,23.56999969482422,23.06999969482422,23.260000228881836,19.929914474487305,18400
2013-12-12,23.270000457763672,23.600000381469727,23.25,23.420000076293945,20.067012786865234,13400
2013-12-13,23.559999465942383,23.760000228881836,23.200000762939453,23.43000030517578,20.075580596923828,21500
2013-12-16,23.459999084472656,23.979999542236328,23.309999465942383,23.969999313354492,20.538267135620117,15500
2013-12-17,23.899999618530273,23.899999618530273,23.209999084472656,23.489999771118164,20.12698745727539,12000
2013-12-18,23.489999771118164,23.809999465942383,23.209999084472656,23.670000076293945,20.281217575073242,18200
2013-12-19,23.790000915527344,23.90999984741211,23.469999313354492,23.489999771118164,20.12698745727539,15700
2013-12-20,23.59000015258789,27.389999389648438,23.59000015258789,27.209999084472656,23.314407348632812,453600
2013-12-23,26.889999389648438,26.979999542236328,26.56999969482422,26.90999984741211,23.057353973388672,79000
2013-12-24,26.770000457763672,27.010000228881836,26.770000457763672,26.889999389648438,23.040218353271484,31100
2013-12-26,27.020000457763672,27.09000015258789,26.59000015258789,27.0,23.167211532592773,15600
2013-12-27,27.1200008392334,27.1200008392334,26.649999618530273,26.81999969482422,23.012758255004883,16100
2013-12-30,26.940000534057617,26.940000534057617,26.350000381469727,26.68000030517578,22.89263916015625,16100
2013-12-31,26.75,27.110000610351562,26.5,26.59000015258789,22.815410614013672,37800
2014-01-02,26.520000457763672,26.950000762939453,26.260000228881836,26.5,22.738182067871094,23800
2014-01-03,26.600000381469727,26.940000534057617,26.329999923706055,26.469999313354492,22.712438583374023,20400
2014-01-06,26.520000457763672,26.90999984741211,26.3700008392334,26.389999389648438,22.64380645751953,50600
2014-01-07,26.6200008392334,26.899999618530273,26.360000610351562,26.5,22.738182067871094,36800
2014-01-08,26.450000762939453,26.610000610351562,26.229999542236328,26.450000762939453,22.695283889770508,22700
2014-01-09,26.479999542236328,26.979999542236328,26.469999313354492,26.899999618530273,23.081403732299805,22600
2014-01-10,26.969999313354492,27.40999984741211,26.709999084472656,27.40999984741211,23.51900863647461,54800
2014-01-13,25.809999465942383,26.239999771118164,24.600000381469727,25.530000686645508,21.905879974365234,81900
2014-01-14,25.3799991607666,25.3799991607666,24.270000457763672,24.360000610351562,20.901968002319336,57400
2014-01-15,24.34000015258789,24.719999313354492,23.25,23.450000762939453,20.121150970458984,90300
2014-01-16,23.229999542236328,23.68000030517578,22.420000076293945,22.940000534057617,19.683547973632812,103200
2014-01-17,22.940000534057617,22.979999542236328,22.600000381469727,22.65999984741211,19.44329833984375,39100
2014-01-21,22.729999542236328,23.219999313354492,22.600000381469727,22.790000915527344,19.554838180541992,51100
2014-01-22,22.8799991607666,22.950000762939453,22.729999542236328,22.899999618530273,19.649227142333984,58500
2014-01-23,22.809999465942383,22.950000762939453,22.75,22.809999465942383,19.572004318237305,39700
2014-01-24,22.610000610351562,22.940000534057617,22.260000228881836,22.420000076293945,19.237361907958984,44600
2014-01-27,22.549999237060547,22.950000762939453,22.299999237060547,22.31999969482422,19.151561737060547,53600
2014-01-28,22.40999984741211,22.540000915527344,22.190000534057617,22.299999237060547,19.134397506713867,39600
2014-01-29,22.020000457763672,22.5,20.899999618530273,21.149999618530273,18.147645950317383,94500
2014-01-30,21.290000915527344,21.950000762939453,21.139999389648438,21.729999542236328,18.64531135559082,44100
2014-01-31,21.420000076293945,21.920000076293945,20.739999771118164,20.770000457763672,17.82159423828125,49700
2014-02-03,20.81999969482422,23.219999313354492,20.059999465942383,20.809999465942383,17.855911254882812,150400
2014-02-04,20.81999969482422,21.59000015258789,20.600000381469727,21.1200008392334,18.12190818786621,26500
2014-02-05,21.030000686645508,21.100000381469727,20.25,20.700000762939453,17.76152801513672,49600
2014-02-06,20.850000381469727,21.229999542236328,20.3700008392334,20.510000228881836,17.598495483398438,34500
2014-02-07,20.540000915527344,21.139999389648438,20.290000915527344,20.610000610351562,17.68430519104004,32500
2014-02-10,20.649999618530273,21.030000686645508,20.34000015258789,21.0,18.018939971923828,40500
2014-02-11,21.1200008392334,21.309999465942383,20.920000076293945,21.139999389648438,18.139066696166992,28000
2014-02-12,21.229999542236328,21.239999771118164,20.979999542236328,21.06999969482422,18.079008102416992,67100
2014-02-13,21.010000228881836,21.459999084472656,20.84000015258789,21.309999465942383,18.284929275512695,37900
2014-02-14,21.299999237060547,21.559999465942383,20.90999984741211,21.020000457763672,18.036102294921875,24500
2014-02-18,21.209999084472656,21.549999237060547,21.0,21.510000228881836,18.45654296875,23300
2014-02-19,21.3700008392334,21.3700008392334,20.950000762939453,21.0,18.018939971923828,29000
2014-02-20,21.09000015258789,21.639999389648438,21.0,21.350000381469727,18.319255828857422,29200
2014-02-21,21.489999771118164,21.540000915527344,21.100000381469727,21.170000076293945,18.164812088012695,51500
2014-02-24,21.25,21.420000076293945,21.059999465942383,21.25,18.233449935913086,32000
2014-02-25,21.299999237060547,21.3799991607666,21.040000915527344,21.06999969482422,18.079008102416992,14800
2014-02-26,21.15999984741211,21.15999984741211,20.829999923706055,21.030000686645508,18.044681549072266,40000
2014-02-27,21.049999237060547,21.1299991607666,20.93000030517578,21.030000686645508,18.044681549072266,24500
2014-02-28,21.110000610351562,21.309999465942383,20.969999313354492,21.059999465942383,18.070417404174805,39100
2014-03-03,20.979999542236328,21.209999084472656,20.950000762939453,21.110000610351562,18.11332130432129,27200
2014-03-04,21.34000015258789,22.5,21.299999237060547,21.729999542236328,18.64531135559082,51700
2014-03-05,21.75,21.989999771118164,21.649999618530273,21.8799991607666,18.774019241333008,19500
2014-03-06,21.860000610351562,22.139999389648438,21.3799991607666,22.040000915527344,18.91130256652832,17800
2014-03-07,22.31999969482422,23.350000381469727,22.31999969482422,22.889999389648438,19.640644073486328,26400
2014-03-10,22.889999389648438,23.350000381469727,22.75,23.18000030517578,19.889474868774414,24700
2014-03-11,22.31999969482422,23.170000076293945,21.969999313354492,22.270000457763672,19.10866355895996,42400
2014-03-12,22.25,22.399999618530273,21.8799991607666,22.360000610351562,19.185882568359375,15400
2014-03-13,22.469999313354492,22.540000915527344,21.899999618530273,21.950000762939453,18.834083557128906,56200
2014-03-14,21.950000762939453,22.139999389648438,21.3799991607666,22.06999969482422,18.937049865722656,27100
2014-03-17,22.100000381469727,22.920000076293945,22.06999969482422,22.559999465942383,19.35749053955078,26200
2014-03-18,22.690000534057617,23.940000534057617,22.600000381469727,23.700000762939453,20.335662841796875,27800
2014-03-19,23.760000228881836,23.84000015258789,23.209999084472656,23.579999923706055,20.232696533203125,38800
2014-03-20,23.440000534057617,23.670000076293945,23.059999465942383,23.270000457763672,19.966703414916992,24100
2014-03-21,23.440000534057617,23.440000534057617,22.559999465942383,22.690000534057617,19.469038009643555,72000
2014-03-24,22.729999542236328,23.3799991607666,22.510000228881836,22.649999618530273,19.434717178344727,37000
2014-03-25,22.700000762939453,23.15999984741211,22.09000015258789,22.209999084472656,19.057172775268555,41800
2014-03-26,22.43000030517578,22.899999618530273,21.530000686645508,22.670000076293945,19.451881408691406,69300
2014-03-27,22.860000610351562,23.15999984741211,22.549999237060547,22.649999618530273,19.434717178344727,59200
2014-03-28,22.770000457763672,23.100000381469727,22.68000030517578,22.84000015258789,19.597745895385742,20800
2014-03-31,23.079999923706055,23.100000381469727,22.6299991607666,22.68000030517578,19.46045684814453,50000
2014-04-01,22.860000610351562,22.860000610351562,22.5,22.670000076293945,19.451881408691406,44600
2014-04-02,22.610000610351562,22.899999618530273,22.450000762939453,22.59000015258789,19.38323211669922,34700
2014-04-03,22.5,22.579999923706055,22.1200008392334,22.15999984741211,19.046308517456055,18600
2014-04-04,22.18000030517578,22.25,21.450000762939453,21.510000228881836,18.487640380859375,65200
2014-04-07,21.610000610351562,21.850000381469727,21.100000381469727,21.530000686645508,18.504833221435547,36100
2014-04-08,21.93000030517578,22.0,21.649999618530273,21.920000076293945,18.84003257751465,22300
2014-04-09,21.899999618530273,22.770000457763672,21.799999237060547,22.600000381469727,19.424484252929688,36400
2014-04-10,22.530000686645508,22.739999771118164,22.049999237060547,22.1299991607666,19.020526885986328,34100
2014-04-11,21.979999542236328,21.979999542236328,21.549999237060547,21.600000381469727,18.56499671936035,28100
2014-04-14,21.68000030517578,21.75,21.5,21.549999237060547,18.522018432617188,28000
2014-04-15,21.600000381469727,21.8700008392334,21.290000915527344,21.600000381469727,18.56499671936035,11100
2014-04-16,21.84000015258789,22.309999465942383,20.549999237060547,21.959999084472656,18.874412536621094,30800
2014-04-17,21.90999984741211,22.43000030517578,21.549999237060547,22.329999923706055,19.192426681518555,33700
2014-04-21,22.5,23.0,22.049999237060547,22.8700008392334,19.656551361083984,95000
2014-04-22,22.8700008392334,23.270000457763672,22.649999618530273,23.229999542236328,19.965967178344727,50800
2014-04-23,23.149999618530273,23.149999618530273,22.8799991607666,23.1200008392334,19.871427536010742,34200
2014-04-24,23.34000015258789,23.34000015258789,22.290000915527344,23.1200008392334,19.871427536010742,26300
2014-04-25,23.1200008392334,23.190000534057617,22.920000076293945,23.1200008392334,19.871427536010742,31500
2014-04-28,23.1200008392334,23.700000762939453,22.850000381469727,23.09000015258789,19.845638275146484,43800
2014-04-29,23.299999237060547,23.420000076293945,23.030000686645508,23.15999984741211,19.905799865722656,29300
2014-04-30,23.09000015258789,23.18000030517578,22.850000381469727,22.969999313354492,19.74250030517578,56500
2014-05-01,22.809999465942383,22.899999618530273,22.170000076293945,22.56999969482422,19.398696899414062,60500
2014-05-02,22.649999618530273,22.950000762939453,22.610000610351562,22.700000762939453,19.51043701171875,45800
2014-05-05,22.639999389648438,22.850000381469727,21.649999618530273,22.270000457763672,19.1408634185791,82900
2014-05-06,22.110000610351562,22.149999618530273,21.860000610351562,22.079999923706055,18.97755241394043,36200
2014-05-07,22.18000030517578,22.200000762939453,21.950000762939453,22.1200008392334,19.011932373046875,17300
2014-05-08,22.100000381469727,22.229999542236328,21.6200008392334,21.700000762939453,18.650943756103516,32800
2014-05-09,21.540000915527344,21.639999389648438,20.760000228881836,21.479999542236328,18.46185302734375,51200
2014-05-12,21.709999084472656,22.149999618530273,21.360000610351562,22.149999618530273,19.037710189819336,61900
2014-05-13,22.020000457763672,22.06999969482422,21.93000030517578,21.950000762939453,18.86581802368164,28700
2014-05-14,21.93000030517578,22.100000381469727,21.479999542236328,21.65999984741211,18.616559982299805,27400
2014-05-15,21.459999084472656,21.75,20.969999313354492,21.260000228881836,18.27277183532715,32300
2014-05-16,21.209999084472656,21.440000534057617,21.079999923706055,21.260000228881836,18.27277183532715,11900
2014-05-19,21.09000015258789,21.81999969482422,21.09000015258789,21.649999618530273,18.607967376708984,14600
2014-05-20,21.190000534057617,21.84000015258789,21.190000534057617,21.540000915527344,18.51342010498047,35800
2014-05-21,21.520000457763672,22.06999969482422,21.260000228881836,21.829999923706055,18.762680053710938,26800
2014-05-22,21.81999969482422,22.959999084472656,21.81999969482422,22.93000030517578,19.708118438720703,25700
2014-05-23,22.959999084472656,23.690000534057617,22.739999771118164,22.790000915527344,19.58778953552246,67800
2014-05-27,23.079999923706055,23.229999542236328,22.790000915527344,22.920000076293945,19.699527740478516,27500
2014-05-28,22.979999542236328,23.219999313354492,22.280000686645508,22.81999969482422,19.613574981689453,70500
2014-05-29,22.770000457763672,23.239999771118164,22.5,23.200000762939453,19.940181732177734,24200
2014-05-30,23.290000915527344,23.5,23.079999923706055,23.399999618530273,20.112075805664062,41000
2014-06-02,23.229999542236328,23.299999237060547,22.450000762939453,22.920000076293945,19.699527740478516,68100
2014-06-03,22.90999984741211,23.270000457763672,22.459999084472656,22.459999084472656,19.304157257080078,34200
2014-06-04,22.459999084472656,22.940000534057617,22.18000030517578,22.260000228881836,19.13226318359375,31700
2014-06-05,22.549999237060547,23.239999771118164,22.469999313354492,23.229999542236328,19.965967178344727,20500
2014-06-06,23.43000030517578,23.450000762939453,22.760000228881836,22.940000534057617,19.71671485900879,24400
2014-06-09,22.829999923706055,23.450000762939453,22.65999984741211,23.18000030517578,19.92298698425293,30200
2014-06-10,23.459999084472656,23.690000534057617,23.059999465942383,23.299999237060547,20.026134490966797,55500
2014-06-11,23.329999923706055,23.329999923706055,22.889999389648438,23.059999465942383,19.819854736328125,47900
2014-06-12,23.09000015258789,23.200000762939453,22.8799991607666,22.979999542236328,19.7510929107666,42500
2014-06-13,23.040000915527344,23.229999542236328,22.770000457763672,22.959999084472656,19.733905792236328,42800
2014-06-16,23.0,23.350000381469727,22.950000762939453,23.239999771118164,19.974565505981445,28300
2014-06-17,23.139999389648438,23.299999237060547,22.610000610351562,22.979999542236328,19.7510929107666,44000
2014-06-18,22.979999542236328,23.290000915527344,22.799999237060547,23.030000686645508,19.794071197509766,71700
2014-06-19,23.149999618530273,23.170000076293945,22.790000915527344,22.899999618530273,19.682334899902344,35300
2014-06-20,23.049999237060547,23.200000762939453,22.889999389648438,23.0,19.76827621459961,63700
2014-06-23,23.100000381469727,23.100000381469727,22.799999237060547,22.93000030517578,19.708118438720703,23000
2014-06-24,22.760000228881836,23.09000015258789,22.479999542236328,22.5,19.33853530883789,57700
2014-06-25,22.459999084472656,22.690000534057617,21.920000076293945,22.309999465942383,19.17523765563965,74500
2014-06-26,22.25,22.360000610351562,21.690000534057617,22.200000762939453,19.080690383911133,35900
2014-06-27,22.0,22.6299991607666,21.979999542236328,22.110000610351562,19.003332138061523,165500
2014-06-30,22.219999313354492,22.540000915527344,21.790000915527344,21.969999313354492,18.88300323486328,55400
2014-07-01,21.969999313354492,23.0,21.8799991607666,22.84000015258789,19.630765914916992,47500
2014-07-02,22.889999389648438,23.219999313354492,22.5,22.639999389648438,19.497278213500977,33700
2014-07-03,22.68000030517578,22.850000381469727,22.610000610351562,22.75,19.592008590698242,10300
2014-07-07,22.770000457763672,22.770000457763672,22.200000762939453,22.239999771118164,19.152807235717773,26000
2014-07-08,22.15999984741211,22.549999237060547,21.6299991607666,22.459999084472656,19.342267990112305,35400
2014-07-09,22.530000686645508,22.530000686645508,22.139999389648438,22.31999969482422,19.22170639038086,15900
2014-07-10,21.899999618530273,22.0,21.700000762939453,21.770000457763672,18.748046875,35300
2014-07-11,21.700000762939453,21.90999984741211,21.700000762939453,21.809999465942383,18.782487869262695,18000
2014-07-14,22.030000686645508,22.15999984741211,21.719999313354492,21.950000762939453,18.903064727783203,17200
2014-07-15,21.920000076293945,21.920000076293945,21.200000762939453,21.6299991607666,18.627479553222656,31700
2014-07-16,21.6299991607666,21.649999618530273,21.260000228881836,21.510000228881836,18.524145126342773,24200
2014-07-17,21.450000762939453,21.700000762939453,21.06999969482422,21.110000610351562,18.179662704467773,31300
2014-07-18,21.040000915527344,21.829999923706055,21.030000686645508,21.75,18.730825424194336,24300
2014-07-21,21.510000228881836,21.709999084472656,21.40999984741211,21.549999237060547,18.55858612060547,12400
2014-07-22,21.90999984741211,22.0,21.600000381469727,21.8700008392334,18.834169387817383,36900
2014-07-23,21.850000381469727,22.239999771118164,21.850000381469727,22.139999389648438,19.066682815551758,16200
2014-07-24,22.170000076293945,22.3700008392334,21.43000030517578,21.940000534057617,18.894453048706055,27500
2014-07-25,21.8799991607666,22.010000228881836,21.389999389648438,21.719999313354492,18.704992294311523,34300
2014-07-28,21.739999771118164,22.0,21.469999313354492,21.549999237060547,18.55858612060547,19000
2014-07-29,21.489999771118164,22.1200008392334,21.459999084472656,22.030000686645508,18.971952438354492,26200
2014-07-30,22.18000030517578,22.389999389648438,22.020000457763672,22.170000076293945,19.09251594543457,17500
2014-07-31,22.100000381469727,22.209999084472656,22.049999237060547,22.049999237060547,18.989179611206055,39600
2014-08-01,22.0,22.18000030517578,21.6299991607666,21.8700008392334,18.834169387817383,49900
2014-08-04,21.920000076293945,21.989999771118164,21.329999923706055,21.579999923706055,18.584430694580078,62000
2014-08-05,21.440000534057617,21.56999969482422,21.100000381469727,21.139999389648438,18.20549964904785,18300
2014-08-06,20.969999313354492,21.719999313354492,20.969999313354492,21.649999618530273,18.64470100402832,35900
2014-08-07,21.68000030517578,21.93000030517578,21.31999969482422,21.899999618530273,18.860002517700195,14700
2014-08-08,21.8700008392334,22.229999542236328,21.719999313354492,22.079999923706055,19.0150146484375,21700
2014-08-11,22.239999771118164,22.75,21.81999969482422,22.65999984741211,19.514503479003906,22000
2014-08-12,22.479999542236328,22.690000534057617,22.329999923706055,22.3700008392334,19.264755249023438,12300
2014-08-13,22.3799991607666,22.75,22.3799991607666,22.75,19.592008590698242,14600
2014-08-14,22.899999618530273,23.0,22.56999969482422,22.860000610351562,19.686744689941406,14600
2014-08-15,23.0,23.0,22.200000762939453,22.40999984741211,19.299209594726562,20800
2014-08-18,22.489999771118164,22.950000762939453,22.389999389648438,22.700000762939453,19.54895782470703,14200
2014-08-19,22.649999618530273,22.989999771118164,22.510000228881836,22.81999969482422,19.65228843688965,10800
2014-08-20,22.530000686645508,22.649999618530273,22.350000381469727,22.440000534057617,19.325042724609375,31200
2014-08-21,22.450000762939453,22.450000762939453,22.100000381469727,22.139999389648438,19.066682815551758,23800
2014-08-22,22.190000534057617,22.989999771118164,22.1200008392334,22.860000610351562,19.686744689941406,29900
2014-08-25,22.84000015258789,23.18000030517578,22.84000015258789,23.0,19.80730438232422,24800
2014-08-26,23.059999465942383,23.420000076293945,22.979999542236328,23.350000381469727,20.10871696472168,34900
2014-08-27,23.5,23.649999618530273,23.5,23.600000381469727,20.324024200439453,8700
2014-08-28,23.559999465942383,24.5,23.559999465942383,24.079999923706055,20.737388610839844,35200
2014-08-29,24.15999984741211,24.280000686645508,24.0,24.229999542236328,20.866573333740234,34300
2014-09-02,24.229999542236328,24.6299991607666,23.93000030517578,24.229999542236328,20.866573333740234,19600
2014-09-03,24.299999237060547,24.469999313354492,24.010000228881836,24.040000915527344,20.70294761657715,13900
2014-09-04,24.200000762939453,24.350000381469727,24.030000686645508,24.030000686645508,20.6943302154541,14100
2014-09-05,24.0,24.25,24.0,24.219999313354492,20.85795783996582,13100
2014-09-08,24.25,24.81999969482422,24.0,24.739999771118164,21.30577850341797,50800
2014-09-09,24.75,24.950000762939453,24.280000686645508,24.280000686645508,20.909631729125977,52800
2014-09-10,25.0,25.139999389648438,24.0,24.950000762939453,21.48662567138672,82500
2014-09-11,24.950000762939453,25.0,24.510000228881836,24.969999313354492,21.50384521484375,54100
2014-09-12,24.969999313354492,25.0,24.479999542236328,24.600000381469727,21.185209274291992,39400
2014-09-15,24.739999771118164,24.739999771118164,24.100000381469727,24.6200008392334,21.202425003051758,37800
2014-09-16,24.5,24.75,24.399999618530273,24.649999618530273,21.228267669677734,20500
2014-09-17,24.719999313354492,24.75,24.139999389648438,24.540000915527344,21.133541107177734,59000
2014-09-18,24.559999465942383,24.65999984741211,24.299999237060547,24.510000228881836,21.107702255249023,82500
2014-09-19,24.559999465942383,24.75,24.040000915527344,24.510000228881836,21.107702255249023,67700
2014-09-22,24.290000915527344,24.479999542236328,23.799999237060547,24.420000076293945,21.030195236206055,33600
2014-09-23,24.270000457763672,24.350000381469727,23.860000610351562,24.100000381469727,20.754615783691406,63100
2014-09-24,24.079999923706055,24.200000762939453,23.90999984741211,24.139999389648438,20.789060592651367,37800
2014-09-25,24.010000228881836,24.100000381469727,23.479999542236328,23.950000762939453,20.625442504882812,29800
2014-09-26,23.979999542236328,24.15999984741211,23.780000686645508,24.1200008392334,20.771839141845703,24900
2014-09-29,23.75,24.209999084472656,23.75,24.209999084472656,20.849342346191406,20400
2014-09-30,23.979999542236328,24.25,23.639999389648438,23.690000534057617,20.401531219482422,38200
2014-10-01,23.510000228881836,23.8799991607666,23.299999237060547,23.399999618530273,20.15178108215332,50000
2014-10-02,23.31999969482422,23.84000015258789,23.059999465942383,23.530000686645508,20.30278205871582,21900
2014-10-03,23.790000915527344,23.899999618530273,23.350000381469727,23.6299991607666,20.38906478881836,16400
2014-10-06,23.610000610351562,23.979999542236328,23.200000762939453,23.8799991607666,20.604774475097656,29300
2014-10-07,23.649999618530273,23.8700008392334,23.190000534057617,23.219999313354492,20.035297393798828,13000
2014-10-08,23.239999771118164,24.260000228881836,23.06999969482422,24.049999237060547,20.751455307006836,33100
2014-10-09,24.110000610351562,24.110000610351562,22.979999542236328,23.989999771118164,20.699689865112305,42600
2014-10-10,23.799999237060547,24.270000457763672,23.639999389648438,23.950000762939453,20.665184020996094,43800
2014-10-13,23.81999969482422,24.31999969482422,23.719999313354492,23.770000457763672,20.50986671447754,35100
2014-10-14,23.979999542236328,24.399999618530273,23.979999542236328,24.18000030517578,20.863630294799805,38600
2014-10-15,23.950000762939453,24.489999771118164,23.450000762939453,24.420000076293945,21.070714950561523,27200
2014-10-16,24.0,24.469999313354492,23.56999969482422,24.360000610351562,21.018949508666992,24800
2014-10-17,24.510000228881836,24.920000076293945,23.75,24.030000686645508,20.73421287536621,22300
2014-10-20,23.8799991607666,24.270000457763672,23.860000610351562,24.25,20.92403221130371,26900
2014-10-21,23.8799991607666,24.850000381469727,23.8799991607666,24.65999984741211,21.27779769897461,21300
2014-10-22,24.649999618530273,24.690000534057617,24.100000381469727,24.540000915527344,21.174257278442383,17700
2014-10-23,24.700000762939453,24.93000030517578,24.190000534057617,24.65999984741211,21.27779769897461,36400
2014-10-24,24.709999084472656,24.709999084472656,24.059999465942383,24.68000030517578,21.295053482055664,24900
2014-10-27,24.649999618530273,24.850000381469727,24.34000015258789,24.75,21.355451583862305,13700
2014-10-28,24.940000534057617,25.0,24.579999923706055,24.979999542236328,21.553909301757812,35000
2014-10-29,24.8700008392334,25.940000534057617,24.5,24.959999084472656,21.536651611328125,88300
2014-10-30,24.989999771118164,25.0,24.209999084472656,24.969999313354492,21.545276641845703,33000
2014-10-31,25.5,25.700000762939453,24.90999984741211,25.65999984741211,22.140647888183594,28100
2014-11-03,25.5,26.100000381469727,25.25,25.25,21.786880493164062,64600
2014-11-04,25.25,25.729999542236328,24.549999237060547,25.65999984741211,22.140647888183594,11100
2014-11-05,25.780000686645508,25.950000762939453,25.0,25.0,21.571168899536133,43600
2014-11-06,25.059999465942383,25.489999771118164,24.920000076293945,25.149999618530273,21.700592041015625,38300
2014-11-07,25.0,25.299999237060547,24.68000030517578,25.09000015258789,21.648822784423828,37000
2014-11-10,25.190000534057617,25.600000381469727,25.1299991607666,25.510000228881836,22.01121711730957,32300
2014-11-11,25.479999542236328,25.719999313354492,25.139999389648438,25.510000228881836,22.01121711730957,21200
2014-11-12,25.479999542236328,25.84000015258789,25.31999969482422,25.719999313354492,22.192415237426758,21000
2014-11-13,25.700000762939453,25.709999084472656,25.530000686645508,25.559999465942383,22.054365158081055,22200
2014-11-14,25.59000015258789,25.75,25.350000381469727,25.75,22.218299865722656,20300
2014-11-17,25.799999237060547,25.799999237060547,25.350000381469727,25.799999237060547,22.261444091796875,32000
2014-11-18,25.790000915527344,25.899999618530273,25.610000610351562,25.610000610351562,22.097505569458008,10500
2014-11-19,25.75,25.940000534057617,25.200000762939453,25.350000381469727,21.873165130615234,20600
2014-11-20,25.350000381469727,25.780000686645508,25.350000381469727,25.6200008392334,22.10612678527832,11500
2014-11-21,26.0,26.0,25.209999084472656,25.209999084472656,21.752361297607422,19600
2014-11-24,25.43000030517578,25.709999084472656,25.290000915527344,25.489999771118164,21.993959426879883,14500
2014-11-25,25.559999465942383,25.700000762939453,25.25,25.670000076293945,22.14927864074707,40900
2014-11-26,25.559999465942383,25.790000915527344,25.270000457763672,25.450000762939453,21.959449768066406,51000
2014-11-28,25.389999389648438,26.229999542236328,25.389999389648438,25.649999618530273,22.13201332092285,37200
2014-12-01,25.649999618530273,25.649999618530273,24.809999465942383,25.100000381469727,21.657453536987305,24900
2014-12-02,25.1200008392334,25.690000534057617,25.100000381469727,25.34000015258789,21.864534378051758,19200
2014-12-03,25.479999542236328,25.479999542236328,25.049999237060547,25.280000686645508,21.812767028808594,30800
2014-12-04,25.260000228881836,25.459999084472656,24.739999771118164,25.260000228881836,21.795507431030273,29200
2014-12-05,25.200000762939453,25.670000076293945,25.06999969482422,25.280000686645508,21.812767028808594,21200
2014-12-08,25.190000534057617,25.84000015258789,24.860000610351562,25.440000534057617,21.950817108154297,23600
2014-12-09,25.260000228881836,25.989999771118164,24.920000076293945,25.739999771118164,22.209674835205078,50000
2014-12-10,25.600000381469727,25.600000381469727,25.0,25.059999465942383,21.622936248779297,21500
2014-12-11,25.030000686645508,25.450000762939453,24.809999465942383,25.0,21.571168899536133,34200
2014-12-12,24.65999984741211,25.049999237060547,24.459999084472656,24.600000381469727,21.22602653503418,27700
2014-12-15,24.600000381469727,24.84000015258789,24.040000915527344,24.170000076293945,20.855003356933594,31100
2014-12-16,24.270000457763672,24.469999313354492,24.190000534057617,24.299999237060547,20.967166900634766,28000
2014-12-17,24.450000762939453,24.780000686645508,23.549999237060547,24.479999542236328,21.122486114501953,48100
2014-12-18,24.6200008392334,25.15999984741211,24.469999313354492,25.100000381469727,21.657453536987305,25700
2014-12-19,24.989999771118164,25.010000228881836,24.3700008392334,24.889999389648438,21.47624969482422,48500
2014-12-22,24.979999542236328,24.979999542236328,24.559999465942383,24.920000076293945,21.502140045166016,18800
2014-12-23,24.920000076293945,25.510000228881836,24.260000228881836,25.389999389648438,21.907676696777344,18200
2014-12-24,25.329999923706055,25.75,25.170000076293945,25.5,22.041658401489258,9000
2014-12-26,25.389999389648438,25.6200008392334,25.100000381469727,25.350000381469727,21.912002563476562,20900
2014-12-29,25.209999084472656,25.610000610351562,25.209999084472656,25.43000030517578,21.98114776611328,9300
2014-12-30,25.299999237060547,25.510000228881836,25.100000381469727,25.309999465942383,21.87742042541504,11000
2014-12-31,25.299999237060547,25.489999771118164,24.90999984741211,24.979999542236328,21.592174530029297,20100
2015-01-02,24.950000762939453,25.100000381469727,24.559999465942383,24.860000610351562,21.488452911376953,34100
2015-01-05,24.600000381469727,24.950000762939453,24.40999984741211,24.829999923706055,21.462520599365234,32500
2015-01-06,24.799999237060547,24.829999923706055,24.020000457763672,24.270000457763672,20.978469848632812,29100
2015-01-07,24.559999465942383,24.559999465942383,23.790000915527344,24.219999313354492,20.93524742126465,49300
2015-01-08,24.440000534057617,24.469999313354492,24.06999969482422,24.389999389648438,21.08219337463379,14600
2015-01-09,24.270000457763672,24.489999771118164,23.530000686645508,23.540000915527344,20.34747886657715,25400
2015-01-12,23.389999389648438,23.579999923706055,22.989999771118164,23.049999237060547,19.923921585083008,39800
2015-01-13,20.049999237060547,23.399999618530273,20.020000457763672,21.540000915527344,18.61871337890625,177900
2015-01-14,21.530000686645508,22.1299991607666,21.239999771118164,21.899999618530273,18.929887771606445,70300
2015-01-15,21.790000915527344,22.75,20.65999984741211,20.920000076293945,18.08279800415039,81800
2015-01-16,20.829999923706055,20.889999389648438,19.850000381469727,20.020000457763672,17.304861068725586,94700
2015-01-20,20.09000015258789,20.90999984741211,19.809999465942383,20.6299991607666,17.832124710083008,139400
2015-01-21,20.489999771118164,20.8799991607666,20.290000915527344,20.389999389648438,17.624677658081055,69700
2015-01-22,20.579999923706055,20.809999465942383,20.18000030517578,20.65999984741211,17.858055114746094,100200
2015-01-23,20.729999542236328,21.440000534057617,20.3799991607666,21.309999465942383,18.419912338256836,87200
2015-01-26,21.459999084472656,21.719999313354492,21.239999771118164,21.600000381469727,18.670578002929688,25400
2015-01-27,21.59000015258789,21.68000030517578,21.06999969482422,21.59000015258789,18.661930084228516,50600
2015-01-28,21.559999465942383,21.59000015258789,21.25,21.34000015258789,18.445838928222656,31800
2015-01-29,21.34000015258789,21.780000686645508,21.059999465942383,21.65999984741211,18.722440719604492,47400
2015-01-30,21.40999984741211,22.5,20.6299991607666,20.799999237060547,17.97907257080078,44800
2015-02-02,20.90999984741211,21.0,20.31999969482422,20.899999618530273,18.065509796142578,51500
2015-02-03,20.8700008392334,21.079999923706055,20.280000686645508,20.850000381469727,18.022293090820312,53700
2015-02-04,20.8799991607666,21.020000457763672,20.280000686645508,20.450000762939453,17.67654037475586,51900
2015-02-05,20.469999313354492,21.09000015258789,20.1299991607666,20.889999389648438,18.056873321533203,60100
2015-02-06,20.940000534057617,21.020000457763672,20.479999542236328,20.540000915527344,17.754343032836914,45800
2015-02-09,20.459999084472656,20.56999969482422,20.059999465942383,20.079999923706055,17.35672378540039,32100
2015-02-10,20.239999771118164,20.280000686645508,19.829999923706055,20.0,17.287572860717773,57000
2015-02-11,19.90999984741211,20.079999923706055,19.809999465942383,19.8799991607666,17.18384552001953,25300
2015-02-12,19.93000030517578,20.350000381469727,19.829999923706055,20.229999542236328,17.48637580871582,42100
2015-02-13,20.280000686645508,20.559999465942383,20.040000915527344,20.299999237060547,17.54688835144043,27400
2015-02-17,20.440000534057617,20.84000015258789,20.440000534057617,20.709999084472656,17.901283264160156,20400
2015-02-18,20.8700008392334,22.479999542236328,20.75,22.110000610351562,19.111408233642578,66200
2015-02-19,22.110000610351562,22.280000686645508,21.5,21.90999984741211,18.938535690307617,45800
2015-02-20,22.0,22.0,20.56999969482422,20.65999984741211,17.858055114746094,26600
2015-02-23,20.690000534057617,20.84000015258789,20.280000686645508,20.770000457763672,17.953147888183594,29500
2015-02-24,20.780000686645508,20.950000762939453,20.18000030517578,20.59000015258789,17.797557830810547,28100
2015-02-25,21.059999465942383,21.389999389648438,20.90999984741211,20.979999542236328,18.134662628173828,27200
2015-02-26,21.059999465942383,21.079999923706055,20.75,20.850000381469727,18.022293090820312,23100
2015-02-27,20.889999389648438,21.09000015258789,20.670000076293945,20.899999618530273,18.065509796142578,30900
2015-03-02,20.959999084472656,21.34000015258789,20.920000076293945,21.299999237060547,18.411256790161133,17100
2015-03-03,21.309999465942383,21.459999084472656,21.010000228881836,21.25,18.3680477142334,17200
2015-03-04,21.25,21.690000534057617,21.190000534057617,21.420000076293945,18.514995574951172,26000
2015-03-05,21.5,21.5,21.149999618530273,21.290000915527344,18.402620315551758,19400
2015-03-06,21.25,21.670000076293945,21.200000762939453,21.360000610351562,18.463125228881836,32000
2015-03-09,21.3700008392334,21.5,21.25,21.5,18.58414077758789,20800
2015-03-10,21.350000381469727,21.700000762939453,21.350000381469727,21.549999237060547,18.62735939025879,50900
2015-03-11,21.600000381469727,21.709999084472656,21.450000762939453,21.520000457763672,18.60142707824707,22000
2015-03-12,21.690000534057617,22.3799991607666,21.690000534057617,22.3700008392334,19.336153030395508,19800
2015-03-13,22.270000457763672,22.489999771118164,22.0,22.3700008392334,19.336153030395508,22800
2015-03-16,22.5,22.729999542236328,22.0,22.149999618530273,19.145980834960938,31600
2015-03-17,22.139999389648438,22.549999237060547,22.059999465942383,22.3799991607666,19.344791412353516,15800
2015-03-18,22.3799991607666,22.399999618530273,21.719999313354492,22.170000076293945,19.163272857666016,21700
2015-03-19,22.15999984741211,22.489999771118164,22.049999237060547,22.290000915527344,19.267000198364258,17700
2015-03-20,22.450000762939453,23.030000686645508,22.450000762939453,22.860000610351562,19.75969886779785,54300
2015-03-23,23.06999969482422,23.06999969482422,22.670000076293945,22.809999465942383,19.716476440429688,19900
2015-03-24,22.90999984741211,23.100000381469727,22.829999923706055,23.06999969482422,19.94120979309082,12700
2015-03-25,23.010000228881836,23.100000381469727,22.149999618530273,22.15999984741211,19.15462875366211,18600
2015-03-26,22.190000534057617,22.31999969482422,21.690000534057617,22.25,19.23242950439453,19300
2015-03-27,22.219999313354492,22.3700008392334,21.940000534057617,22.200000762939453,19.189210891723633,14100
2015-03-30,22.170000076293945,22.670000076293945,22.170000076293945,22.399999618530273,19.362077713012695,20600
2015-03-31,22.3799991607666,22.489999771118164,21.600000381469727,21.799999237060547,18.84345054626465,19500
2015-04-01,21.6200008392334,22.270000457763672,21.610000610351562,22.209999084472656,19.2375545501709,18700
2015-04-02,22.1299991607666,22.1299991607666,21.770000457763672,21.850000381469727,18.925745010375977,21900
2015-04-06,21.770000457763672,22.0,21.639999389648438,21.90999984741211,18.977710723876953,13700
2015-04-07,22.030000686645508,22.040000915527344,21.739999771118164,21.829999923706055,18.908414840698242,7900
2015-04-08,21.90999984741211,22.3700008392334,21.81999969482422,22.190000534057617,19.220233917236328,18500
2015-04-09,22.260000228881836,22.559999465942383,21.850000381469727,22.510000228881836,19.497413635253906,17700
2015-04-10,22.68000030517578,23.059999465942383,22.68000030517578,22.950000762939453,19.878524780273438,19200
2015-04-13,22.860000610351562,22.899999618530273,22.110000610351562,22.25,19.27220344543457,22500
2015-04-14,22.31999969482422,22.59000015258789,22.25,22.450000762939453,19.44544219970703,12700
2015-04-15,22.520000457763672,23.260000228881836,22.489999771118164,23.190000534057617,20.08640480041504,29500
2015-04-16,23.030000686645508,23.989999771118164,22.93000030517578,23.81999969482422,20.632091522216797,37700
2015-04-17,23.6299991607666,23.989999771118164,23.34000015258789,23.520000457763672,20.372238159179688,37600
2015-04-20,23.649999618530273,23.690000534057617,23.389999389648438,23.610000610351562,20.450193405151367,19400
2015-04-21,23.540000915527344,23.690000534057617,23.34000015258789,23.469999313354492,20.328927993774414,26200
2015-04-22,23.5,23.700000762939453,23.3799991607666,23.450000762939453,20.31160545349121,10900
2015-04-23,23.40999984741211,23.549999237060547,23.40999984741211,23.510000228881836,20.363574981689453,10300
2015-04-24,23.540000915527344,23.700000762939453,23.5,23.68000030517578,20.510826110839844,15300
2015-04-27,23.700000762939453,24.219999313354492,23.549999237060547,23.850000381469727,20.6580753326416,48600
2015-04-28,23.780000686645508,24.209999084472656,23.780000686645508,23.959999084472656,20.753345489501953,28200
2015-04-29,23.860000610351562,23.889999389648438,23.6200008392334,23.6200008392334,20.458852767944336,28500
2015-04-30,23.399999618530273,23.770000457763672,22.559999465942383,22.940000534057617,19.869863510131836,38100
2015-05-01,22.84000015258789,23.270000457763672,22.780000686645508,23.100000381469727,20.008445739746094,30300
2015-05-04,23.200000762939453,23.420000076293945,22.84000015258789,22.899999618530273,19.83521270751953,9800
2015-05-05,22.739999771118164,22.850000381469727,21.75,22.079999923706055,19.12495994567871,24200
2015-05-06,22.010000228881836,22.43000030517578,21.950000762939453,22.200000762939453,19.22889518737793,18600
2015-05-07,22.030000686645508,22.260000228881836,22.030000686645508,22.170000076293945,19.20291519165039,17700
2015-05-08,22.270000457763672,22.270000457763672,21.8700008392334,22.030000686645508,19.08165740966797,21200
2015-05-11,22.0,22.290000915527344,22.0,22.149999618530273,19.185588836669922,21100
2015-05-12,21.700000762939453,21.979999542236328,21.700000762939453,21.729999542236328,18.821802139282227,14600
2015-05-13,21.81999969482422,22.030000686645508,21.639999389648438,21.770000457763672,18.856449127197266,10900
2015-05-14,21.850000381469727,22.5,21.84000015258789,22.450000762939453,19.44544219970703,27800
2015-05-15,22.450000762939453,22.479999542236328,22.020000457763672,22.43000030517578,19.428119659423828,12900
2015-05-18,22.459999084472656,22.850000381469727,22.43000030517578,22.649999618530273,19.61867332458496,32100
2015-05-19,22.649999618530273,22.760000228881836,22.299999237060547,22.639999389648438,19.61001205444336,11300
2015-05-20,22.68000030517578,22.719999313354492,22.389999389648438,22.600000381469727,19.575359344482422,4300
2015-05-21,22.6299991607666,22.979999542236328,22.559999465942383,22.68000030517578,19.644657135009766,7900
2015-05-22,22.649999618530273,22.649999618530273,22.079999923706055,22.260000228881836,19.280874252319336,26000
2015-05-26,22.079999923706055,22.079999923706055,21.700000762939453,21.93000030517578,18.995031356811523,28400
2015-05-27,21.90999984741211,22.280000686645508,21.75,22.280000686645508,19.298198699951172,8200
2015-05-28,22.040000915527344,22.040000915527344,21.579999923706055,21.579999923706055,18.691877365112305,22300
2015-05-29,21.510000228881836,21.780000686645508,21.510000228881836,21.639999389648438,18.74384880065918,23200
2015-06-01,21.84000015258789,21.84000015258789,21.459999084472656,21.649999618530273,18.75251007080078,18200
2015-06-02,21.59000015258789,21.790000915527344,21.469999313354492,21.5,18.622587203979492,14400
2015-06-03,21.600000381469727,22.0,21.600000381469727,22.0,19.055665969848633,13000
2015-06-04,21.850000381469727,21.850000381469727,21.549999237060547,21.6200008392334,18.726526260375977,8900
2015-06-05,21.639999389648438,21.649999618530273,21.329999923706055,21.639999389648438,18.74384880065918,14100
2015-06-08,21.719999313354492,21.8799991607666,21.489999771118164,21.639999389648438,18.74384880065918,16100
2015-06-09,21.68000030517578,22.610000610351562,21.59000015258789,22.290000915527344,19.30685806274414,48300
2015-06-10,21.469999313354492,22.40999984741211,21.469999313354492,21.989999771118164,19.046998977661133,68700
2015-06-11,22.020000457763672,22.049999237060547,21.149999618530273,21.690000534057617,18.787145614624023,55100
2015-06-12,21.579999923706055,22.010000228881836,21.3799991607666,21.959999084472656,19.02101707458496,33400
2015-06-15,21.81999969482422,21.860000610351562,21.15999984741211,21.15999984741211,18.32808494567871,29600
2015-06-16,21.15999984741211,21.25,21.06999969482422,21.149999618530273,18.31943130493164,18100
2015-06-17,21.299999237060547,21.649999618530273,21.280000686645508,21.350000381469727,18.492658615112305,20700
2015-06-18,21.5,21.920000076293945,21.149999618530273,21.8799991607666,18.951723098754883,27000
2015-06-19,21.81999969482422,22.579999923706055,21.739999771118164,22.399999618530273,19.402135848999023,58500
2015-06-22,22.75,22.920000076293945,22.540000915527344,22.790000915527344,19.739938735961914,29100
2015-06-23,22.8700008392334,22.979999542236328,22.809999465942383,22.8799991607666,19.81789207458496,16200
2015-06-24,22.760000228881836,22.989999771118164,22.690000534057617,22.690000534057617,19.653322219848633,23900
2015-06-25,22.780000686645508,22.979999542236328,22.520000457763672,22.670000076293945,19.635995864868164,16600
2015-06-26,22.809999465942383,23.0,22.799999237060547,23.0,19.92183494567871,67000
2015-06-29,22.889999389648438,22.889999389648438,21.809999465942383,21.899999618530273,18.96904945373535,32100
2015-06-30,22.030000686645508,22.6299991607666,22.0,22.229999542236328,19.254886627197266,19000
2015-07-01,22.100000381469727,22.350000381469727,21.360000610351562,21.3799991607666,18.556203842163086,24100
2015-07-02,21.479999542236328,21.479999542236328,21.059999465942383,21.260000228881836,18.452054977416992,18800
2015-07-06,21.170000076293945,21.299999237060547,21.049999237060547,21.049999237060547,18.26978874206543,18600
2015-07-07,21.1200008392334,21.229999542236328,20.709999084472656,21.079999923706055,18.295827865600586,20000
2015-07-08,21.040000915527344,21.43000030517578,20.510000228881836,20.59000015258789,17.87054443359375,18700
2015-07-09,20.889999389648438,21.100000381469727,20.049999237060547,20.299999237060547,17.618850708007812,25500
2015-07-10,20.479999542236328,21.3700008392334,20.09000015258789,21.239999771118164,18.4346981048584,32100
2015-07-13,21.18000030517578,21.520000457763672,20.950000762939453,20.989999771118164,18.21771240234375,29000
2015-07-14,21.040000915527344,21.149999618530273,20.979999542236328,21.010000228881836,18.235074996948242,21400
2015-07-15,21.06999969482422,21.06999969482422,20.690000534057617,20.770000457763672,18.026771545410156,11600
2015-07-16,20.969999313354492,21.1299991607666,20.5,20.6200008392334,17.896581649780273,22900
2015-07-17,20.56999969482422,21.110000610351562,20.56999969482422,20.889999389648438,18.130916595458984,24800
2015-07-20,21.049999237060547,21.049999237060547,20.260000228881836,20.299999237060547,17.618850708007812,11500
2015-07-21,20.229999542236328,20.479999542236328,20.09000015258789,20.440000534057617,17.7403564453125,22700
2015-07-22,20.40999984741211,20.829999923706055,20.18000030517578,20.6200008392334,17.896581649780273,19100
2015-07-23,20.829999923706055,20.829999923706055,19.81999969482422,19.940000534057617,17.3063907623291,18100
2015-07-24,19.959999084472656,20.40999984741211,19.920000076293945,19.920000076293945,17.289037704467773,30300
2015-07-27,19.920000076293945,20.200000762939453,19.770000457763672,20.059999465942383,17.410545349121094,15400
2015-07-28,20.510000228881836,20.700000762939453,20.15999984741211,20.25,17.575450897216797,22300
2015-07-29,20.31999969482422,20.739999771118164,20.290000915527344,20.489999771118164,17.783750534057617,24300
2015-07-30,20.469999313354492,20.469999313354492,20.0,20.290000915527344,17.61016845703125,48100
2015-07-31,20.5,20.65999984741211,20.5,20.59000015258789,17.87054443359375,17200
2015-08-03,20.68000030517578,20.719999313354492,20.25,20.530000686645508,17.818466186523438,17200
2015-08-04,20.530000686645508,20.68000030517578,20.229999542236328,20.329999923706055,17.6448917388916,15200
2015-08-05,20.540000915527344,20.770000457763672,20.540000915527344,20.719999313354492,17.983373641967773,19300
2015-08-06,20.84000015258789,20.84000015258789,20.5,20.649999618530273,17.922616958618164,19600
2015-08-07,20.510000228881836,21.0,20.15999984741211,20.329999923706055,17.6448917388916,23300
2015-08-10,20.3700008392334,20.549999237060547,19.799999237060547,20.309999465942383,17.627519607543945,29000
2015-08-11,20.170000076293945,20.229999542236328,19.65999984741211,19.809999465942383,17.193561553955078,18700
2015-08-12,19.639999389648438,19.639999389648438,18.93000030517578,19.280000686645508,16.733558654785156,19400
2015-08-13,19.219999313354492,19.559999465942383,19.1200008392334,19.209999084472656,16.67281150817871,13300
2015-08-14,19.280000686645508,19.479999542236328,19.020000457763672,19.479999542236328,16.90715217590332,14700
2015-08-17,19.360000610351562,20.239999771118164,19.299999237060547,19.940000534057617,17.3063907623291,28600
2015-08-18,19.959999084472656,20.040000915527344,19.600000381469727,19.770000457763672,17.158849716186523,20600
2015-08-19,19.56999969482422,19.639999389648438,19.34000015258789,19.450000762939453,16.8811092376709,16300
2015-08-20,19.34000015258789,19.43000030517578,18.940000534057617,19.059999465942383,16.542625427246094,26600
2015-08-21,18.75,19.15999984741211,18.59000015258789,18.90999984741211,16.412429809570312,35200
2015-08-24,18.010000228881836,19.31999969482422,17.65999984741211,18.309999465942383,15.891683578491211,55600
2015-08-25,18.920000076293945,19.0,17.799999237060547,18.020000457763672,15.639978408813477,31300
2015-08-26,18.290000915527344,19.100000381469727,18.079999923706055,18.950000762939453,16.44715118408203,45600
2015-08-27,19.040000915527344,19.360000610351562,17.950000762939453,18.520000457763672,16.073945999145508,46600
2015-08-28,18.399999618530273,18.829999923706055,18.34000015258789,18.649999618530273,16.18677520751953,29200
2015-08-31,18.700000762939453,18.979999542236328,18.459999084472656,18.979999542236328,16.473188400268555,91800
2015-09-01,18.65999984741211,18.940000534057617,18.100000381469727,18.43000030517578,15.995830535888672,21100
2015-09-02,18.639999389648438,18.90999984741211,18.1200008392334,18.65999984741211,16.195453643798828,16400
2015-09-03,18.729999542236328,19.68000030517578,18.729999542236328,19.350000381469727,16.7943172454834,29800
2015-09-04,19.299999237060547,19.649999618530273,19.200000762939453,19.3799991607666,16.82035255432129,79200
2015-09-08,19.65999984741211,19.65999984741211,19.389999389648438,19.479999542236328,16.90715217590332,30400
2015-09-09,19.239999771118164,19.40999984741211,16.809999465942383,17.100000381469727,14.841489791870117,148000
2015-09-10,17.100000381469727,17.690000534057617,15.779999732971191,16.18000030517578,14.043000221252441,84500
2015-09-11,16.18000030517578,16.68000030517578,15.75,16.559999465942383,14.372809410095215,305600
2015-09-14,16.6200008392334,16.719999313354492,16.3700008392334,16.440000534057617,14.268661499023438,96400
2015-09-15,16.56999969482422,16.579999923706055,16.399999618530273,16.479999542236328,14.303377151489258,116700
2015-09-16,16.559999465942383,17.270000457763672,16.559999465942383,16.829999923706055,14.607152938842773,37200
2015-09-17,16.93000030517578,16.979999542236328,16.549999237060547,16.600000381469727,14.407529830932617,42800
2015-09-18,16.479999542236328,17.34000015258789,16.40999984741211,17.25,14.971681594848633,111200
2015-09-21,17.309999465942383,17.760000228881836,16.8799991607666,17.190000534057617,14.919604301452637,103700
2015-09-22,17.09000015258789,17.25,16.690000534057617,17.110000610351562,14.850170135498047,40800
2015-09-23,17.219999313354492,17.219999313354492,16.559999465942383,16.780000686645508,14.56375789642334,76400
2015-09-24,16.56999969482422,17.489999771118164,16.399999618530273,17.110000610351562,14.850170135498047,76200
2015-09-25,17.139999389648438,17.139999389648438,16.260000228881836,16.549999237060547,14.364134788513184,63000
2015-09-28,16.5,16.6299991607666,16.18000030517578,16.56999969482422,14.381487846374512,57400
2015-09-29,16.469999313354492,16.639999389648438,16.270000457763672,16.610000610351562,14.41620922088623,38900
2015-09-30,16.780000686645508,16.780000686645508,16.31999969482422,16.729999542236328,14.520358085632324,61700
2015-10-01,16.799999237060547,16.84000015258789,15.859999656677246,15.989999771118164,13.915528297424316,62000
2015-10-02,15.890000343322754,16.649999618530273,15.5,16.559999465942383,14.411576271057129,43000
2015-10-05,16.649999618530273,16.93000030517578,16.489999771118164,16.530000686645508,14.38547420501709,29300
2015-10-06,16.600000381469727,16.760000228881836,16.219999313354492,16.520000457763672,14.376770973205566,33100
2015-10-07,16.56999969482422,16.8799991607666,16.229999542236328,16.510000228881836,14.368064880371094,44100
2015-10-08,16.59000015258789,16.8799991607666,16.5,16.68000030517578,14.516008377075195,53700
2015-10-09,16.760000228881836,16.950000762939453,16.440000534057617,16.84000015258789,14.655251502990723,36300
2015-10-12,16.8700008392334,17.170000076293945,16.700000762939453,17.1299991607666,14.907622337341309,30900
2015-10-13,16.809999465942383,17.25,16.200000762939453,16.25,14.141794204711914,49300
2015-10-14,16.309999465942383,16.899999618530273,15.890000343322754,16.219999313354492,14.115687370300293,60100
2015-10-15,16.31999969482422,16.610000610351562,16.079999923706055,16.559999465942383,14.411576271057129,97900
2015-10-16,16.610000610351562,16.729999542236328,16.270000457763672,16.510000228881836,14.368064880371094,40400
2015-10-19,16.5,16.760000228881836,16.149999618530273,16.450000762939453,14.315852165222168,39800
2015-10-20,16.520000457763672,16.75,16.34000015258789,16.549999237060547,14.402872085571289,63600
2015-10-21,16.520000457763672,16.75,16.299999237060547,16.5,14.35936164855957,23400
2015-10-22,16.5,16.780000686645508,16.440000534057617,16.520000457763672,14.376770973205566,76500
2015-10-23,16.719999313354492,17.559999465942383,16.56999969482422,17.170000076293945,14.942437171936035,78200
2015-10-26,17.09000015258789,17.34000015258789,16.43000030517578,16.729999542236328,14.55952262878418,72200
2015-10-27,16.6299991607666,16.760000228881836,16.3700008392334,16.489999771118164,14.350658416748047,48300
2015-10-28,16.469999313354492,16.5,16.110000610351562,16.459999084472656,14.324551582336426,55500
2015-10-29,16.6200008392334,16.6299991607666,16.270000457763672,16.520000457763672,14.376770973205566,26000
2015-10-30,16.469999313354492,16.90999984741211,15.829999923706055,15.859999656677246,13.80239200592041,77600
2015-11-02,15.850000381469727,16.360000610351562,15.850000381469727,16.110000610351562,14.019956588745117,47900
2015-11-03,16.030000686645508,16.399999618530273,16.010000228881836,16.18000030517578,14.0808744430542,46400
2015-11-04,16.049999237060547,16.360000610351562,16.030000686645508,16.299999237060547,14.185309410095215,37900
2015-11-05,16.040000915527344,16.670000076293945,16.040000915527344,16.299999237060547,14.185309410095215,13900
2015-11-06,16.15999984741211,16.719999313354492,15.729999542236328,16.709999084472656,14.542116165161133,27300
2015-11-09,16.579999923706055,17.239999771118164,15.970000267028809,16.049999237060547,13.967743873596191,25200
2015-11-10,16.100000381469727,16.520000457763672,15.859999656677246,16.040000915527344,13.959039688110352,24300
2015-11-11,16.100000381469727,16.510000228881836,15.890000343322754,15.920000076293945,13.854607582092285,15500
2015-11-12,15.850000381469727,16.3799991607666,15.449999809265137,15.630000114440918,13.602230072021484,61400
2015-11-13,15.529999732971191,15.75,15.260000228881836,15.300000190734863,13.315043449401855,29600
2015-11-16,15.350000381469727,16.0,15.329999923706055,15.600000381469727,13.576125144958496,40500
2015-11-17,15.5600004196167,15.569999694824219,15.350000381469727,15.489999771118164,13.480396270751953,44300
2015-11-18,15.430000305175781,15.579999923706055,15.260000228881836,15.479999542236328,13.471692085266113,33300
2015-11-19,15.5,15.880000114440918,15.199999809265137,15.380000114440918,13.384665489196777,12400
2015-11-20,15.5,15.760000228881836,15.5,15.609999656677246,13.58482551574707,23700
2015-11-23,15.569999694824219,16.059999465942383,15.569999694824219,15.90999984741211,13.845906257629395,34300
2015-11-24,15.899999618530273,16.299999237060547,15.75,15.800000190734863,13.750174522399902,20300
2015-11-25,15.850000381469727,16.950000762939453,15.850000381469727,16.84000015258789,14.655251502990723,32400
2015-11-27,16.860000610351562,17.889999389648438,16.68000030517578,17.56999969482422,15.290545463562012,27800
2015-11-30,17.6299991607666,17.780000686645508,17.020000457763672,17.030000686645508,14.820606231689453,36500
2015-12-01,17.219999313354492,17.350000381469727,16.90999984741211,16.969999313354492,14.768386840820312,17900
2015-12-02,17.09000015258789,17.200000762939453,16.969999313354492,17.1299991607666,14.907622337341309,13800
2015-12-03,17.110000610351562,17.469999313354492,17.06999969482422,17.329999923706055,15.081680297851562,21200
2015-12-04,17.290000915527344,17.709999084472656,16.8700008392334,17.0,14.794489860534668,33600
2015-12-07,16.90999984741211,17.579999923706055,16.520000457763672,16.559999465942383,14.411576271057129,23900
2015-12-08,16.399999618530273,16.93000030517578,16.34000015258789,16.3700008392334,14.246228218078613,13500
2015-12-09,16.389999389648438,16.68000030517578,16.010000228881836,16.079999923706055,13.993851661682129,13500
2015-12-10,16.229999542236328,16.959999084472656,16.059999465942383,16.829999923706055,14.6465482711792,22300
2015-12-11,16.530000686645508,16.559999465942383,15.300000190734863,15.520000457763672,13.50650405883789,39500
2015-12-14,15.119999885559082,15.59000015258789,15.029999732971191,15.149999618530273,13.184505462646484,27400
2015-12-15,15.720000267028809,15.90999984741211,15.010000228881836,15.15999984741211,13.193206787109375,28100
2015-12-16,15.149999618530273,15.90999984741211,15.149999618530273,15.609999656677246,13.58482551574707,52700
2015-12-17,15.760000228881836,15.989999771118164,15.470000267028809,15.770000457763672,13.724071502685547,28300
2015-12-18,15.670000076293945,15.670000076293945,14.960000038146973,15.130000114440918,13.16710376739502,116300
2015-12-21,15.229999542236328,15.3100004196167,14.970000267028809,15.050000190734863,13.097476959228516,39100
2015-12-22,15.0,15.020000457763672,14.520000457763672,14.859999656677246,12.932127952575684,42000
2015-12-23,14.899999618530273,15.010000228881836,14.770000457763672,14.899999618530273,13.010717391967773,49900
2015-12-24,14.850000381469727,15.520000457763672,14.850000381469727,15.289999961853027,13.351266860961914,41600
2015-12-28,15.210000038146973,16.399999618530273,14.880000114440918,15.199999809265137,13.27267837524414,49800
2015-12-29,15.390000343322754,15.430000305175781,14.949999809265137,15.180000305175781,13.25521183013916,27000
2015-12-30,15.069999694824219,15.390000343322754,15.020000457763672,15.1899995803833,13.263944625854492,24400
2015-12-31,15.270000457763672,15.300000190734863,14.930000305175781,14.9399995803833,13.04564380645752,41400
2016-01-04,14.779999732971191,15.100000381469727,14.210000038146973,14.3100004196167,12.495529174804688,37400
2016-01-05,14.350000381469727,14.510000228881836,14.180000305175781,14.350000381469727,12.530457496643066,20300
2016-01-06,14.119999885559082,14.630000114440918,14.119999885559082,14.479999542236328,12.643972396850586,19400
2016-01-07,14.329999923706055,14.34000015258789,13.84000015258789,13.890000343322754,12.1287841796875,39800
2016-01-08,14.029999732971191,14.149999618530273,13.579999923706055,13.600000381469727,11.875554084777832,45700
2016-01-11,13.720000267028809,14.40999984741211,13.720000267028809,14.239999771118164,12.434403419494629,75400
2016-01-12,14.399999618530273,15.59000015258789,14.399999618530273,14.760000228881836,12.888465881347656,94700
2016-01-13,14.699999809265137,14.960000038146973,13.510000228881836,13.680000305175781,11.945412635803223,58100
2016-01-14,13.630000114440918,14.3100004196167,12.640000343322754,12.710000038146973,11.09840202331543,102400
2016-01-15,12.470000267028809,12.720000267028809,11.430000305175781,12.15999984741211,10.618142127990723,74400
2016-01-19,12.199999809265137,12.289999961853027,11.539999961853027,11.9399995803833,10.426036834716797,89800
2016-01-20,11.760000228881836,12.8100004196167,11.600000381469727,12.640000343322754,11.037277221679688,46700
2016-01-21,12.649999618530273,13.170000076293945,12.449999809265137,12.539999961853027,10.949958801269531,43800
2016-01-22,12.760000228881836,13.75,12.65999984741211,12.6899995803833,11.080938339233398,77400
2016-01-25,12.609999656677246,12.630000114440918,12.069999694824219,12.100000381469727,10.565747261047363,38400
2016-01-26,12.149999618530273,12.510000228881836,12.039999961853027,12.4399995803833,10.862635612487793,33900
2016-01-27,12.359999656677246,12.520000457763672,12.149999618530273,12.229999542236328,10.679264068603516,19000
2016-01-28,12.329999923706055,12.699999809265137,12.079999923706055,12.15999984741211,10.618142127990723,30800
2016-01-29,12.15999984741211,12.670000076293945,12.15999984741211,12.579999923706055,10.984886169433594,30000
2016-02-01,12.640000343322754,12.850000381469727,12.369999885559082,12.630000114440918,11.028546333312988,24900
2016-02-02,12.399999618530273,12.550000190734863,12.119999885559082,12.149999618530273,10.609408378601074,34100
2016-02-03,12.1899995803833,12.25,11.850000381469727,12.010000228881836,10.48715877532959,22200
2016-02-04,11.899999618530273,12.369999885559082,11.899999618530273,12.34000015258789,10.77531909942627,18300
2016-02-05,12.170000076293945,13.210000038146973,12.010000228881836,12.15999984741211,10.618142127990723,47600
2016-02-08,12.050000190734863,12.069999694824219,11.680000305175781,11.880000114440918,10.373645782470703,39700
2016-02-09,11.680000305175781,11.819999694824219,11.390000343322754,11.600000381469727,10.129149436950684,72100
2016-02-10,11.710000038146973,12.279999732971191,11.609999656677246,11.859999656677246,10.356179237365723,29500
2016-02-11,11.569999694824219,11.609999656677246,11.300000190734863,11.5,10.041828155517578,15900
2016-02-12,11.59000015258789,12.15999984741211,11.5,11.930000305175781,10.417303085327148,23800
2016-02-16,12.069999694824219,12.819999694824219,12.0,12.699999809265137,11.08967113494873,38100
2016-02-17,12.949999809265137,12.949999809265137,12.529999732971191,12.680000305175781,11.072206497192383,33800
2016-02-18,12.640000343322754,12.899999618530273,12.520000457763672,12.65999984741211,11.054744720458984,20700
2016-02-19,12.640000343322754,12.84000015258789,12.5600004196167,12.710000038146973,11.09840202331543,64100
2016-02-22,12.899999618530273,12.90999984741211,12.850000381469727,12.880000114440918,11.246848106384277,30000
2016-02-23,12.899999618530273,12.989999771118164,12.430000305175781,12.460000038146973,10.880105018615723,16200
2016-02-24,12.369999885559082,12.670000076293945,12.039999961853027,12.630000114440918,11.028546333312988,14700
2016-02-25,12.699999809265137,12.930000305175781,12.619999885559082,12.869999885559082,11.238116264343262,11000
2016-02-26,13.050000190734863,14.510000228881836,13.050000190734863,13.90999984741211,12.146246910095215,87100
2016-02-29,14.069999694824219,14.890000343322754,13.90999984741211,13.960000038146973,12.189906120300293,85700
2016-03-01,14.079999923706055,14.229999542236328,13.619999885559082,14.119999885559082,12.329619407653809,20200
2016-03-02,14.029999732971191,14.039999961853027,13.59000015258789,13.960000038146973,12.189906120300293,25600
2016-03-03,13.890000343322754,14.380000114440918,13.8100004196167,14.010000228881836,12.233566284179688,25100
2016-03-04,13.970000267028809,14.350000381469727,13.770000457763672,14.09000015258789,12.303421974182129,12300
2016-03-07,14.119999885559082,14.5600004196167,14.119999885559082,14.5,12.661436080932617,28100
2016-03-08,14.5,14.510000228881836,14.3100004196167,14.430000305175781,12.600313186645508,39400
2016-03-09,14.640000343322754,14.9399995803833,14.640000343322754,14.829999923706055,12.949592590332031,18100
2016-03-10,14.710000038146973,14.760000228881836,13.9399995803833,14.109999656677246,12.320884704589844,18300
2016-03-11,14.109999656677246,15.1899995803833,13.180000305175781,15.1899995803833,13.263944625854492,37500
2016-03-14,14.989999771118164,15.899999618530273,14.979999542236328,15.859999656677246,13.848989486694336,29700
2016-03-15,15.850000381469727,15.850000381469727,15.40999984741211,15.5600004196167,13.587030410766602,23500
2016-03-16,15.5600004196167,15.699999809265137,15.329999923706055,15.449999809265137,13.490974426269531,22400
2016-03-17,15.489999771118164,15.640000343322754,15.399999618530273,15.449999809265137,13.490974426269531,30000
2016-03-18,15.550000190734863,15.5600004196167,15.050000190734863,15.25,13.316336631774902,45600
2016-03-21,15.25,15.3100004196167,15.039999961853027,15.239999771118164,13.307604789733887,40800
2016-03-22,14.9399995803833,15.350000381469727,14.930000305175781,15.039999961853027,13.132965087890625,25100
2016-03-23,15.079999923706055,15.369999885559082,14.65999984741211,14.829999923706055,12.949592590332031,22300
2016-03-24,14.84000015258789,15.1899995803833,13.899999618530273,15.079999923706055,13.167891502380371,18100
2016-03-28,15.180000305175781,15.180000305175781,14.75,15.020000457763672,13.115501403808594,21900
2016-03-29,14.930000305175781,15.460000038146973,14.789999961853027,15.210000038146973,13.281407356262207,24600
2016-03-30,15.420000076293945,15.430000305175781,15.039999961853027,15.079999923706055,13.167891502380371,24300
2016-03-31,15.039999961853027,15.25,14.90999984741211,15.199999809265137,13.316831588745117,31300
2016-04-01,15.100000381469727,15.25,14.949999809265137,15.109999656677246,13.237980842590332,13400
2016-04-04,15.15999984741211,15.15999984741211,14.729999542236328,15.020000457763672,13.159132957458496,16700
2016-04-05,14.989999771118164,15.149999618530273,14.90999984741211,15.119999885559082,13.246743202209473,23700
2016-04-06,15.210000038146973,15.260000228881836,15.100000381469727,15.1899995803833,13.308070182800293,75500
2016-04-07,15.149999618530273,15.170000076293945,14.880000114440918,14.890000343322754,13.045233726501465,12100
2016-04-08,15.239999771118164,15.350000381469727,14.699999809265137,14.739999771118164,12.913820266723633,11700
2016-04-11,14.970000267028809,14.989999771118164,14.600000381469727,14.880000114440918,13.036477088928223,32400
2016-04-12,14.800000190734863,15.100000381469727,14.800000190734863,15.010000228881836,13.150368690490723,38000
2016-04-13,15.029999732971191,15.25,14.970000267028809,15.1899995803833,13.308070182800293,41800
2016-04-14,15.239999771118164,15.970000267028809,15.239999771118164,15.9399995803833,13.965150833129883,26700
2016-04-15,15.880000114440918,16.350000381469727,15.880000114440918,16.15999984741211,14.157893180847168,14200
2016-04-18,16.149999618530273,16.75,16.149999618530273,16.530000686645508,14.482057571411133,24200
2016-04-19,16.520000457763672,17.010000228881836,16.030000686645508,16.15999984741211,14.157893180847168,48200
2016-04-20,16.040000915527344,16.56999969482422,15.829999923706055,16.049999237060547,14.06152057647705,18500
2016-04-21,16.0,16.450000762939453,15.600000381469727,15.680000305175781,13.737361907958984,17100
2016-04-22,15.710000038146973,16.3799991607666,15.710000038146973,16.299999237060547,14.280548095703125,18100
2016-04-25,16.270000457763672,17.010000228881836,16.270000457763672,16.969999313354492,14.867541313171387,20600
2016-04-26,17.010000228881836,17.90999984741211,16.979999542236328,17.469999313354492,15.305590629577637,43700
2016-04-27,17.440000534057617,17.899999618530273,17.440000534057617,17.760000228881836,15.559666633605957,17600
2016-04-28,17.790000915527344,18.0,17.729999542236328,17.829999923706055,15.620993614196777,18400
2016-04-29,17.8799991607666,17.989999771118164,17.690000534057617,17.889999389648438,15.673562049865723,37800
2016-05-02,18.0,18.0,17.15999984741211,17.219999313354492,15.086564064025879,32900
2016-05-03,17.059999465942383,17.389999389648438,16.860000610351562,17.079999923706055,14.963910102844238,26700
2016-05-04,17.40999984741211,17.43000030517578,17.040000915527344,17.049999237060547,14.937630653381348,23100
2016-05-05,17.010000228881836,17.219999313354492,16.760000228881836,16.899999618530273,14.806215286254883,33800
2016-05-06,16.75,17.139999389648438,16.6299991607666,16.8700008392334,14.779930114746094,16400
2016-05-09,16.760000228881836,16.760000228881836,15.8100004196167,16.3799991607666,14.35063362121582,12700
2016-05-10,16.3700008392334,17.0,16.360000610351562,16.790000915527344,14.709840774536133,19300
2016-05-11,16.65999984741211,16.829999923706055,16.219999313354492,16.260000228881836,14.245506286621094,23300
2016-05-12,16.399999618530273,16.56999969482422,15.729999542236328,15.770000457763672,13.81621265411377,22800
2016-05-13,15.619999885559082,15.890000343322754,15.289999961853027,15.3100004196167,13.413201332092285,15200
2016-05-16,15.220000267028809,15.859999656677246,15.220000267028809,15.739999771118164,13.789929389953613,24600
2016-05-17,15.930000305175781,15.930000305175781,14.949999809265137,14.960000038146973,13.106566429138184,31800
2016-05-18,14.8100004196167,15.789999961853027,14.619999885559082,15.779999732971191,13.824971199035645,24300
2016-05-19,15.550000190734863,15.75,15.149999618530273,15.180000305175781,13.299307823181152,43100
2016-05-20,15.300000190734863,15.300000190734863,14.670000076293945,14.8100004196167,12.975149154663086,52100
2016-05-23,14.84000015258789,15.25,14.84000015258789,15.140000343322754,13.264263153076172,13100
2016-05-24,15.149999618530273,16.020000457763672,15.149999618530273,15.920000076293945,13.947628021240234,17100
2016-05-25,16.06999969482422,16.360000610351562,16.020000457763672,16.25,14.236740112304688,14700
2016-05-26,16.110000610351562,16.520000457763672,16.110000610351562,16.3700008392334,14.341877937316895,16600
2016-05-27,16.280000686645508,16.979999542236328,15.600000381469727,16.600000381469727,14.543381690979004,21400
2016-05-31,16.530000686645508,16.809999465942383,16.079999923706055,16.450000762939453,14.411967277526855,20200
2016-06-01,16.540000915527344,16.850000381469727,16.3799991607666,16.780000686645508,14.701082229614258,14000
2016-06-02,16.790000915527344,16.920000076293945,16.559999465942383,16.68000030517578,14.613470077514648,18300
2016-06-03,16.75,17.049999237060547,16.360000610351562,16.559999465942383,14.50833511352539,26000
2016-06-06,16.709999084472656,17.1299991607666,16.450000762939453,17.040000915527344,14.928868293762207,34700
2016-06-07,17.1299991607666,17.649999618530273,16.760000228881836,16.989999771118164,14.885063171386719,25300
2016-06-08,17.200000762939453,17.670000076293945,16.8799991607666,17.559999465942383,15.384446144104004,25700
2016-06-09,17.690000534057617,18.549999237060547,17.479999542236328,18.3799991607666,16.102859497070312,62500
2016-06-10,16.690000534057617,18.270000457763672,15.800000190734863,18.079999923706055,15.840021133422852,36200
2016-06-13,18.329999923706055,18.950000762939453,17.469999313354492,18.809999465942383,16.479576110839844,48800
2016-06-14,18.489999771118164,19.100000381469727,18.489999771118164,19.079999923706055,16.71612548828125,35200
2016-06-15,19.100000381469727,19.100000381469727,18.5,18.6299991607666,16.32187843322754,20000
2016-06-16,18.520000457763672,18.950000762939453,18.420000076293945,18.68000030517578,16.365686416625977,21500
2016-06-17,18.739999771118164,18.90999984741211,18.100000381469727,18.139999389648438,15.892586708068848,53700
2016-06-20,18.350000381469727,18.350000381469727,17.700000762939453,17.719999313354492,15.524617195129395,18000
2016-06-21,17.799999237060547,17.940000534057617,17.6299991607666,17.729999542236328,15.533382415771484,16700
2016-06-22,17.739999771118164,18.049999237060547,17.600000381469727,17.75,15.550905227661133,36100
2016-06-23,18.079999923706055,18.350000381469727,17.729999542236328,18.219999313354492,15.962675094604492,30900
2016-06-24,17.489999771118164,17.969999313354492,17.149999618530273,17.690000534057617,15.498337745666504,79100
2016-06-27,17.610000610351562,17.65999984741211,16.760000228881836,16.780000686645508,14.701082229614258,26100
2016-06-28,16.969999313354492,17.15999984741211,16.719999313354492,16.84000015258789,14.753645896911621,26300
2016-06-29,17.059999465942383,17.43000030517578,16.989999771118164,17.43000030517578,15.270553588867188,16800
2016-06-30,17.34000015258789,17.829999923706055,17.34000015258789,17.6200008392334,15.48141860961914,16600
2016-07-01,17.6299991607666,18.100000381469727,17.6299991607666,18.059999465942383,15.86801815032959,17800
2016-07-05,18.06999969482422,18.270000457763672,17.790000915527344,18.030000686645508,15.841657638549805,11200
2016-07-06,17.989999771118164,18.079999923706055,17.760000228881836,17.950000762939453,15.771368980407715,28400
2016-07-07,18.0,18.329999923706055,17.780000686645508,18.010000228881836,15.824085235595703,21400
2016-07-08,18.149999618530273,18.149999618530273,17.860000610351562,18.0,15.815299987792969,32400
2016-07-11,18.010000228881836,18.09000015258789,17.90999984741211,18.020000457763672,15.832868576049805,19000
2016-07-12,18.030000686645508,18.110000610351562,17.780000686645508,18.010000228881836,15.824085235595703,33100
2016-07-13,17.969999313354492,18.079999923706055,17.670000076293945,17.899999618530273,15.727437019348145,46100
2016-07-14,18.0,18.06999969482422,17.860000610351562,18.020000457763672,15.832868576049805,12900
2016-07-15,18.219999313354492,18.520000457763672,17.81999969482422,18.3799991607666,16.149181365966797,88900
2016-07-18,18.450000762939453,18.450000762939453,17.940000534057617,18.09000015258789,15.894375801086426,19100
2016-07-19,18.06999969482422,18.170000076293945,17.75,17.84000015258789,15.67471694946289,8100
2016-07-20,17.969999313354492,18.299999237060547,17.920000076293945,18.200000762939453,15.991026878356934,11700
2016-07-21,18.139999389648438,18.469999313354492,18.139999389648438,18.309999465942383,16.087671279907227,8800
2016-07-22,18.200000762939453,18.450000762939453,18.200000762939453,18.31999969482422,16.096460342407227,16500
2016-07-25,18.350000381469727,18.520000457763672,17.979999542236328,18.15999984741211,15.955877304077148,10200
2016-07-26,18.100000381469727,18.100000381469727,17.68000030517578,17.899999618530273,15.727437019348145,13200
2016-07-27,17.81999969482422,18.0,17.700000762939453,17.860000610351562,15.692293167114258,25900
2016-07-28,17.760000228881836,18.1299991607666,17.639999389648438,17.979999542236328,15.797724723815918,14700
2016-07-29,18.020000457763672,18.020000457763672,17.600000381469727,17.690000534057617,15.54292106628418,23300
2016-08-01,17.8799991607666,18.0,17.610000610351562,17.799999237060547,15.639578819274902,21600
2016-08-02,17.860000610351562,18.3799991607666,17.690000534057617,17.90999984741211,15.736220359802246,25100
2016-08-03,18.0,18.0,17.639999389648438,17.860000610351562,15.692293167114258,12600
2016-08-04,17.670000076293945,17.950000762939453,17.549999237060547,17.889999389648438,15.718647956848145,25600
2016-08-05,18.389999389648438,18.450000762939453,17.860000610351562,18.25,16.03495216369629,31800
2016-08-08,18.209999084472656,18.959999084472656,18.15999984741211,18.90999984741211,16.614852905273438,27200
2016-08-09,18.8700008392334,19.0,18.5,18.860000610351562,16.5709171295166,27600
2016-08-10,18.809999465942383,18.989999771118164,18.75,18.799999237060547,16.518199920654297,13000
2016-08-11,18.90999984741211,19.0,18.809999465942383,18.950000762939453,16.64999771118164,15300
2016-08-12,18.969999313354492,19.100000381469727,18.93000030517578,19.100000381469727,16.781789779663086,14200
2016-08-15,19.100000381469727,19.100000381469727,18.729999542236328,18.889999389648438,16.597272872924805,28700
2016-08-16,18.770000457763672,18.899999618530273,18.399999618530273,18.399999618530273,16.166749954223633,18300
2016-08-17,18.270000457763672,18.270000457763672,17.510000228881836,17.639999389648438,15.498991012573242,18900
2016-08-18,17.600000381469727,17.600000381469727,15.869999885559082,16.329999923706055,14.347989082336426,89300
2016-08-19,16.31999969482422,17.280000686645508,16.1299991607666,17.219999313354492,15.12997055053711,43700
2016-08-22,17.15999984741211,17.15999984741211,16.260000228881836,16.860000610351562,14.813661575317383,42600
2016-08-23,16.860000610351562,17.0,16.760000228881836,16.81999969482422,14.778515815734863,26400
2016-08-24,16.809999465942383,16.850000381469727,16.729999542236328,16.809999465942383,14.769730567932129,7500
2016-08-25,16.829999923706055,16.860000610351562,16.559999465942383,16.729999542236328,14.699445724487305,14400
2016-08-26,16.809999465942383,16.899999618530273,16.75,16.760000228881836,14.72579574584961,10300
2016-08-29,16.850000381469727,17.079999923706055,16.56999969482422,16.809999465942383,14.769730567932129,24000
2016-08-30,16.850000381469727,17.0,16.719999313354492,16.799999237060547,14.760945320129395,17300
2016-08-31,16.700000762939453,16.799999237060547,16.350000381469727,16.610000610351562,14.594008445739746,42200
2016-09-01,16.59000015258789,16.799999237060547,16.34000015258789,16.799999237060547,14.760945320129395,25300
2016-09-02,16.959999084472656,16.959999084472656,16.68000030517578,16.799999237060547,14.760945320129395,16200
2016-09-06,16.850000381469727,16.920000076293945,16.59000015258789,16.790000915527344,14.752158164978027,15400
2016-09-07,16.860000610351562,16.860000610351562,16.68000030517578,16.760000228881836,14.72579574584961,20100
2016-09-08,16.979999542236328,17.940000534057617,16.799999237060547,17.90999984741211,15.736220359802246,50300
2016-09-09,18.43000030517578,19.079999923706055,17.25,18.899999618530273,16.606061935424805,80100
2016-09-12,18.940000534057617,19.100000381469727,18.700000762939453,19.0,16.693925857543945,44500
2016-09-13,18.799999237060547,19.0,18.65999984741211,18.920000076293945,16.623634338378906,32300
2016-09-14,18.790000915527344,19.0,18.719999313354492,18.899999618530273,16.606061935424805,22300
2016-09-15,18.770000457763672,19.100000381469727,18.68000030517578,18.950000762939453,16.64999771118164,39300
2016-09-16,19.059999465942383,19.059999465942383,18.8700008392334,18.989999771118164,16.685142517089844,67400
2016-09-19,18.989999771118164,19.100000381469727,18.8799991607666,18.959999084472656,16.65877914428711,38200
2016-09-20,18.969999313354492,19.100000381469727,18.969999313354492,18.989999771118164,16.685142517089844,32200
2016-09-21,19.020000457763672,19.020000457763672,18.93000030517578,18.979999542236328,16.676349639892578,35400
2016-09-22,19.079999923706055,19.100000381469727,18.780000686645508,18.969999313354492,16.667570114135742,34900
2016-09-23,18.579999923706055,19.100000381469727,18.579999923706055,19.079999923706055,16.764217376708984,25800
2016-09-26,18.799999237060547,19.030000686645508,18.790000915527344,18.790000915527344,16.509416580200195,13200
2016-09-27,18.959999084472656,18.959999084472656,18.649999618530273,18.829999923706055,16.544559478759766,9900
2016-09-28,18.829999923706055,18.950000762939453,18.68000030517578,18.889999389648438,16.597272872924805,20800
2016-09-29,18.770000457763672,19.100000381469727,17.940000534057617,18.0,15.857271194458008,61200
2016-09-30,17.979999542236328,19.020000457763672,17.690000534057617,18.899999618530273,16.650131225585938,72800
2016-10-03,18.90999984741211,18.90999984741211,18.459999084472656,18.649999618530273,16.42989730834961,22400
2016-10-04,18.6299991607666,18.940000534057617,18.469999313354492,18.690000534057617,16.465137481689453,36500
2016-10-05,18.59000015258789,19.0,18.31999969482422,18.959999084472656,16.702991485595703,34900
2016-10-06,18.610000610351562,19.09000015258789,18.600000381469727,19.049999237060547,16.782276153564453,20600
2016-10-07,18.889999389648438,19.09000015258789,18.889999389648438,19.020000457763672,16.7558536529541,10000
2016-10-10,19.0,19.100000381469727,18.959999084472656,19.100000381469727,16.82632827758789,40300
2016-10-11,19.100000381469727,19.93000030517578,19.100000381469727,19.389999389648438,17.08180046081543,111800
2016-10-12,18.540000915527344,19.309999465942383,18.540000915527344,19.059999465942383,16.79108428955078,23400
2016-10-13,19.030000686645508,19.229999542236328,18.860000610351562,19.139999389648438,16.86156463623047,25200
2016-10-14,19.190000534057617,19.75,19.149999618530273,19.68000030517578,17.337278366088867,31100
2016-10-17,19.739999771118164,19.739999771118164,19.530000686645508,19.579999923706055,17.249183654785156,16100
2016-10-18,19.68000030517578,19.75,19.520000457763672,19.6200008392334,17.284425735473633,18100
2016-10-19,19.700000762939453,19.75,19.399999618530273,19.68000030517578,17.337278366088867,28600
2016-10-20,19.459999084472656,19.739999771118164,19.18000030517578,19.520000457763672,17.196331024169922,34900
2016-10-21,19.40999984741211,19.649999618530273,19.200000762939453,19.5,17.178712844848633,12400
2016-10-24,19.579999923706055,19.579999923706055,19.25,19.389999389648438,17.08180046081543,28500
2016-10-25,19.450000762939453,19.649999618530273,19.270000457763672,19.56999969482422,17.240373611450195,19800
2016-10-26,19.420000076293945,19.6299991607666,19.219999313354492,19.360000610351562,17.055381774902344,49500
2016-10-27,19.40999984741211,19.6200008392334,18.600000381469727,18.700000762939453,16.473939895629883,14600
2016-10-28,18.6200008392334,19.100000381469727,18.190000534057617,18.56999969482422,16.359420776367188,38000
2016-10-31,18.350000381469727,19.75,18.270000457763672,19.690000534057617,17.346094131469727,111100
2016-11-01,19.670000076293945,19.700000762939453,19.5,19.690000534057617,17.346094131469727,64300
2016-11-02,19.350000381469727,19.6200008392334,19.350000381469727,19.450000762939453,17.134660720825195,18200
2016-11-03,19.579999923706055,19.579999923706055,19.059999465942383,19.18000030517578,16.896800994873047,14100
2016-11-04,19.15999984741211,19.350000381469727,18.770000457763672,18.790000915527344,16.553232192993164,30500
2016-11-07,19.139999389648438,19.260000228881836,18.850000381469727,19.229999542236328,16.940853118896484,24600
2016-11-08,19.139999389648438,19.520000457763672,19.110000610351562,19.280000686645508,16.98489761352539,15300
2016-11-09,19.149999618530273,19.700000762939453,18.559999465942383,19.700000762939453,17.354900360107422,48200
2016-11-10,19.700000762939453,19.700000762939453,18.110000610351562,19.639999389648438,17.302040100097656,52500
2016-11-11,19.700000762939453,19.75,18.8700008392334,19.700000762939453,17.354900360107422,92900
2016-11-14,19.700000762939453,19.700000762939453,19.149999618530273,19.649999618530273,17.310850143432617,55600
2016-11-15,19.6200008392334,19.700000762939453,19.56999969482422,19.700000762939453,17.354900360107422,30500
2016-11-16,19.56999969482422,19.940000534057617,19.559999465942383,19.700000762939453,17.354900360107422,111200
2016-11-17,19.75,19.75,19.649999618530273,19.700000762939453,17.354900360107422,56100
2016-11-18,19.75,19.75,19.670000076293945,19.75,17.398948669433594,59600
2016-11-21,19.719999313354492,19.75,19.56999969482422,19.700000762939453,17.354900360107422,41700
2016-11-22,19.700000762939453,19.790000915527344,19.420000076293945,19.729999542236328,17.381330490112305,114600
2016-11-23,19.520000457763672,19.829999923706055,19.520000457763672,19.719999313354492,17.372520446777344,56500
2016-11-25,19.719999313354492,19.81999969482422,19.030000686645508,19.200000762939453,16.914419174194336,36400
2016-11-28,19.34000015258789,19.34000015258789,18.350000381469727,18.489999771118164,16.288944244384766,45600
2016-11-29,18.559999465942383,18.649999618530273,17.860000610351562,17.899999618530273,15.769176483154297,38000
2016-11-30,17.979999542236328,18.469999313354492,17.450000762939453,17.940000534057617,15.804414749145508,225500
2016-12-01,18.040000915527344,18.360000610351562,17.790000915527344,18.059999465942383,15.91012954711914,52800
2016-12-02,18.049999237060547,18.329999923706055,17.8799991607666,18.030000686645508,15.88370132446289,30500
2016-12-05,18.299999237060547,18.43000030517578,18.100000381469727,18.40999984741211,16.218469619750977,50500
2016-12-06,18.360000610351562,19.020000457763672,18.139999389648438,18.850000381469727,16.60608673095703,42900
2016-12-07,18.799999237060547,19.06999969482422,18.5,18.93000030517578,16.676563262939453,45700
2016-12-08,18.889999389648438,19.75,18.68000030517578,19.719999313354492,17.372520446777344,71300
2016-12-09,19.700000762939453,19.75,19.110000610351562,19.729999542236328,17.381330490112305,43100
2016-12-12,19.75,19.75,19.170000076293945,19.40999984741211,17.09942626953125,19500
2016-12-13,19.68000030517578,19.75,19.190000534057617,19.65999984741211,17.319665908813477,32800
2016-12-14,19.690000534057617,19.700000762939453,19.149999618530273,19.280000686645508,16.98489761352539,78200
2016-12-15,19.420000076293945,19.65999984741211,19.190000534057617,19.389999389648438,17.08180046081543,68300
2016-12-16,19.530000686645508,19.959999084472656,18.770000457763672,19.799999237060547,17.442996978759766,259600
2016-12-19,19.700000762939453,19.959999084472656,19.530000686645508,19.75,17.398948669433594,56400
2016-12-20,19.850000381469727,19.850000381469727,19.649999618530273,19.780000686645508,17.425378799438477,80600
2016-12-21,19.719999313354492,19.93000030517578,19.719999313354492,19.899999618530273,17.53109359741211,57100
2016-12-22,19.729999542236328,19.899999618530273,19.729999542236328,19.84000015258789,17.52667808532715,21700
2016-12-23,19.8700008392334,19.969999313354492,19.739999771118164,19.920000076293945,17.597352981567383,25700
2016-12-27,19.989999771118164,20.170000076293945,19.860000610351562,20.1299991607666,17.782861709594727,49800
2016-12-28,20.06999969482422,20.59000015258789,20.06999969482422,20.280000686645508,17.915380477905273,38800
2016-12-29,20.360000610351562,20.889999389648438,20.200000762939453,20.299999237060547,17.933040618896484,35000
2016-12-30,20.969999313354492,21.780000686645508,20.079999923706055,21.510000228881836,19.001955032348633,68500
2017-01-03,21.170000076293945,21.5,20.459999084472656,21.350000381469727,18.860610961914062,71400
2017-01-04,21.0,21.68000030517578,19.309999465942383,21.579999923706055,19.063796997070312,62100
2017-01-05,21.530000686645508,21.530000686645508,20.6200008392334,20.90999984741211,18.471912384033203,32000
2017-01-06,21.020000457763672,21.06999969482422,20.530000686645508,20.700000762939453,18.28640365600586,24100
2017-01-09,19.950000762939453,20.950000762939453,19.950000762939453,20.700000762939453,18.28640365600586,31400
2017-01-10,20.700000762939453,21.450000762939453,20.459999084472656,21.09000015258789,18.63092803955078,81100
2017-01-11,21.100000381469727,21.200000762939453,19.700000762939453,20.780000686645508,18.357078552246094,87500
2017-01-12,20.829999923706055,20.829999923706055,18.149999618530273,18.5,16.342920303344727,115900
2017-01-13,18.549999237060547,19.030000686645508,17.770000457763672,18.239999771118164,16.113239288330078,85900
2017-01-17,18.079999923706055,18.31999969482422,17.65999984741211,18.15999984741211,16.04256248474121,42900
2017-01-18,18.1299991607666,18.350000381469727,17.790000915527344,17.829999923706055,15.751041412353516,38200
2017-01-19,17.799999237060547,17.799999237060547,17.079999923706055,17.170000076293945,15.167998313903809,42000
2017-01-20,17.260000228881836,17.8700008392334,17.1200008392334,17.25,15.238669395446777,87000
2017-01-23,17.290000915527344,17.31999969482422,16.520000457763672,16.649999618530273,14.70862865447998,39000
2017-01-24,16.68000030517578,17.280000686645508,16.389999389648438,17.020000457763672,15.035487174987793,109600
2017-01-25,17.170000076293945,17.700000762939453,17.079999923706055,17.450000762939453,15.415352821350098,128600
2017-01-26,17.459999084472656,17.530000686645508,17.25,17.34000015258789,15.3181734085083,52000
2017-01-27,17.469999313354492,17.479999542236328,17.020000457763672,17.200000762939453,15.194497108459473,35700
2017-01-30,17.389999389648438,17.459999084472656,16.59000015258789,16.889999389648438,14.92064380645752,37400
2017-01-31,16.920000076293945,17.170000076293945,16.690000534057617,17.0,15.017816543579102,75100
2017-02-01,17.139999389648438,17.139999389648438,16.469999313354492,16.90999984741211,14.938311576843262,47600
2017-02-02,17.0,17.149999618530273,16.760000228881836,17.030000686645508,15.044323921203613,34800
2017-02-03,16.8799991607666,17.270000457763672,16.799999237060547,17.190000534057617,15.18566608428955,32500
2017-02-06,17.110000610351562,17.56999969482422,17.100000381469727,17.43000030517578,15.397686004638672,42200
2017-02-07,17.420000076293945,17.709999084472656,17.3700008392334,17.450000762939453,15.415352821350098,29500
2017-02-08,17.209999084472656,17.290000915527344,16.790000915527344,17.010000228881836,15.026652336120605,41600
2017-02-09,17.100000381469727,17.739999771118164,16.770000457763672,17.540000915527344,15.494856834411621,66000
2017-02-10,17.610000610351562,17.610000610351562,17.280000686645508,17.56999969482422,15.521355628967285,42700
2017-02-13,17.65999984741211,17.989999771118164,17.5,17.850000381469727,15.768709182739258,46800
2017-02-14,17.8799991607666,18.110000610351562,17.670000076293945,17.989999771118164,15.89238452911377,32900
2017-02-15,17.920000076293945,18.34000015258789,17.780000686645508,18.329999923706055,16.192747116088867,21200
2017-02-16,18.399999618530273,18.399999618530273,18.100000381469727,18.149999618530273,16.03372573852539,35200
2017-02-17,18.200000762939453,18.559999465942383,18.049999237060547,18.360000610351562,16.219247817993164,31900
2017-02-21,18.40999984741211,18.56999969482422,17.940000534057617,18.06999969482422,15.963052749633789,46400
2017-02-22,17.979999542236328,18.549999237060547,17.81999969482422,18.43000030517578,16.281082153320312,31100
2017-02-23,18.5,18.81999969482422,18.389999389648438,18.65999984741211,16.484256744384766,25400
2017-02-24,18.420000076293945,18.780000686645508,18.420000076293945,18.6299991607666,16.457767486572266,15300
2017-02-27,18.989999771118164,18.989999771118164,18.329999923706055,18.440000534057617,16.289918899536133,46300
2017-02-28,18.719999313354492,19.010000228881836,18.190000534057617,18.3700008392334,16.22808074951172,63200
2017-03-01,18.600000381469727,19.209999084472656,18.5,19.059999465942383,16.837621688842773,39400
2017-03-02,19.079999923706055,19.1299991607666,18.440000534057617,18.450000762939453,16.298749923706055,28400
2017-03-03,18.579999923706055,18.579999923706055,17.850000381469727,18.219999313354492,16.09556770324707,34900
2017-03-06,18.059999465942383,18.639999389648438,17.719999313354492,17.8799991607666,15.795207023620605,28500
2017-03-07,17.829999923706055,18.1200008392334,17.799999237060547,17.829999923706055,15.751041412353516,21700
2017-03-08,17.829999923706055,17.950000762939453,17.549999237060547,17.649999618530273,15.592033386230469,29800
2017-03-09,17.969999313354492,18.0,17.549999237060547,17.700000762939453,15.636200904846191,45400
2017-03-10,17.700000762939453,18.079999923706055,17.700000762939453,17.8799991607666,15.795207023620605,18600
2017-03-13,17.809999465942383,17.920000076293945,17.399999618530273,17.639999389648438,15.583192825317383,27100
2017-03-14,19.5,19.5,18.0,18.8700008392334,16.669780731201172,51500
2017-03-15,18.969999313354492,20.0,18.719999313354492,19.989999771118164,17.65918731689453,56200
2017-03-16,19.8700008392334,20.43000030517578,19.309999465942383,19.479999542236328,17.208650588989258,65200
2017-03-17,19.360000610351562,20.030000686645508,19.350000381469727,19.479999542236328,17.208650588989258,74000
2017-03-20,19.420000076293945,19.860000610351562,19.299999237060547,19.469999313354492,17.19982147216797,37500
2017-03-21,19.5,19.65999984741211,18.950000762939453,18.979999542236328,16.766948699951172,32100
2017-03-22,19.079999923706055,19.1299991607666,18.729999542236328,18.780000686645508,16.590274810791016,31400
2017-03-23,18.700000762939453,19.3799991607666,18.700000762939453,19.170000076293945,16.934804916381836,30200
2017-03-24,19.190000534057617,19.809999465942383,18.920000076293945,19.25,17.00547218322754,38600
2017-03-27,18.950000762939453,20.0,18.93000030517578,19.850000381469727,17.53550910949707,56000
2017-03-28,19.709999084472656,20.440000534057617,19.649999618530273,20.40999984741211,18.03022003173828,31700
2017-03-29,20.100000381469727,20.649999618530273,20.100000381469727,20.56999969482422,18.171558380126953,38300
2017-03-30,20.40999984741211,20.790000915527344,20.209999084472656,20.700000762939453,18.28640365600586,42700
2017-03-31,20.559999465942383,21.0,20.559999465942383,20.90999984741211,18.471912384033203,52900
2017-04-03,20.3700008392334,21.31999969482422,20.3700008392334,20.670000076293945,18.259899139404297,74200
2017-04-04,20.600000381469727,21.229999542236328,20.549999237060547,20.989999771118164,18.542587280273438,57300
2017-04-05,21.139999389648438,21.299999237060547,20.25,20.329999923706055,18.006725311279297,35300
2017-04-06,19.920000076293945,20.399999618530273,19.709999084472656,19.93000030517578,17.652437210083008,40000
2017-04-07,20.360000610351562,20.3799991607666,19.860000610351562,19.979999542236328,17.69672203063965,20900
2017-04-10,19.920000076293945,20.170000076293945,19.6200008392334,19.690000534057617,17.439861297607422,32700
2017-04-11,19.670000076293945,20.0,19.600000381469727,19.979999542236328,17.69672203063965,33800
2017-04-12,19.90999984741211,20.1299991607666,19.709999084472656,19.780000686645508,17.51957893371582,24600
2017-04-13,19.969999313354492,19.969999313354492,19.440000534057617,19.700000762939453,17.44872283935547,24300
2017-04-17,19.639999389648438,20.190000534057617,19.639999389648438,19.899999618530273,17.62586212158203,33300
2017-04-18,19.790000915527344,20.0,19.770000457763672,19.899999618530273,17.62586212158203,20200
2017-04-19,20.0,20.25,19.81999969482422,19.979999542236328,17.69672203063965,39700
2017-04-20,19.969999313354492,20.5,19.969999313354492,20.40999984741211,18.07758140563965,30000
2017-04-21,20.329999923706055,20.559999465942383,20.200000762939453,20.469999313354492,18.13072395324707,20600
2017-04-24,20.670000076293945,20.75,20.479999542236328,20.610000610351562,18.254728317260742,24500
2017-04-25,20.729999542236328,21.09000015258789,20.639999389648438,20.899999618530273,18.51158905029297,36300
2017-04-26,20.829999923706055,21.299999237060547,20.829999923706055,21.1299991607666,18.715301513671875,32100
2017-04-27,21.190000534057617,21.459999084472656,20.6299991607666,20.8799991607666,18.493873596191406,21600
2017-04-28,20.59000015258789,21.040000915527344,20.420000076293945,20.68000030517578,18.316734313964844,27800
2017-05-01,20.690000534057617,20.739999771118164,20.1200008392334,20.549999237060547,18.201589584350586,12800
2017-05-02,20.450000762939453,20.860000610351562,20.219999313354492,20.329999923706055,18.006725311279297,19100
2017-05-03,20.18000030517578,20.209999084472656,19.34000015258789,19.350000381469727,17.138721466064453,54200
2017-05-04,19.31999969482422,19.530000686645508,19.200000762939453,19.389999389648438,17.174142837524414,41500
2017-05-05,19.5,19.5,19.18000030517578,19.34000015258789,17.12986183166504,20300
2017-05-08,19.229999542236328,19.350000381469727,18.920000076293945,18.979999542236328,16.810997009277344,74700
2017-05-09,18.989999771118164,19.239999771118164,18.950000762939453,19.209999084472656,17.01471710205078,25900
2017-05-10,19.100000381469727,19.5,19.09000015258789,19.420000076293945,17.200719833374023,14300
2017-05-11,19.290000915527344,19.719999313354492,19.139999389648438,19.43000030517578,17.209575653076172,12300
2017-05-12,19.43000030517578,19.790000915527344,19.270000457763672,19.290000915527344,17.085573196411133,13800
2017-05-15,20.09000015258789,20.280000686645508,19.360000610351562,19.65999984741211,17.413291931152344,23900
2017-05-16,19.68000030517578,20.15999984741211,19.399999618530273,19.6299991607666,17.3867130279541,24500
2017-05-17,19.34000015258789,19.610000610351562,18.979999542236328,18.979999542236328,16.810997009277344,27400
2017-05-18,18.75,18.889999389648438,18.43000030517578,18.559999465942383,16.43899917602539,21600
2017-05-19,18.530000686645508,18.8799991607666,18.34000015258789,18.350000381469727,16.25299835205078,24800
2017-05-22,18.559999465942383,19.270000457763672,18.559999465942383,18.600000381469727,16.474430084228516,17400
2017-05-23,18.81999969482422,18.81999969482422,18.459999084472656,18.709999084472656,16.571857452392578,21000
2017-05-24,18.8700008392334,19.149999618530273,18.6299991607666,18.81999969482422,16.669286727905273,18500
2017-05-25,18.940000534057617,18.940000534057617,18.600000381469727,18.770000457763672,16.625,22300
2017-05-26,18.829999923706055,18.860000610351562,18.520000457763672,18.600000381469727,16.474430084228516,9600
2017-05-30,18.739999771118164,18.799999237060547,18.399999618530273,18.670000076293945,16.53643226623535,20700
2017-05-31,18.68000030517578,18.68000030517578,18.299999237060547,18.43000030517578,16.3238582611084,16000
2017-06-01,18.43000030517578,19.280000686645508,18.209999084472656,19.25,17.05014991760254,26700
2017-06-02,19.280000686645508,19.959999084472656,19.239999771118164,19.549999237060547,17.31586456298828,23500
2017-06-05,19.65999984741211,19.850000381469727,19.299999237060547,19.540000915527344,17.307008743286133,14200
2017-06-06,19.3799991607666,19.940000534057617,19.3799991607666,19.860000610351562,17.590436935424805,25700
2017-06-07,19.979999542236328,20.0,19.719999313354492,19.8799991607666,17.6081485748291,32200
2017-06-08,19.889999389648438,21.229999542236328,19.850000381469727,21.1299991607666,18.715301513671875,120500
2017-06-09,21.3799991607666,21.56999969482422,20.3700008392334,20.81999969482422,18.440731048583984,130100
2017-06-12,20.639999389648438,21.969999313354492,19.959999084472656,21.440000534057617,18.9898738861084,71900
2017-06-13,21.40999984741211,22.0,20.280000686645508,21.790000915527344,19.29987907409668,58200
2017-06-14,21.719999313354492,22.690000534057617,21.719999313354492,22.15999984741211,19.62759780883789,70100
2017-06-15,21.899999618530273,22.309999465942383,21.75,21.829999923706055,19.335304260253906,21000
2017-06-16,21.290000915527344,22.389999389648438,20.729999542236328,21.579999923706055,19.113880157470703,51300
2017-06-19,22.06999969482422,22.06999969482422,21.3799991607666,21.68000030517578,19.202451705932617,13200
2017-06-20,21.670000076293945,21.969999313354492,21.100000381469727,21.139999389648438,18.724163055419922,15000
2017-06-21,21.170000076293945,22.1299991607666,21.170000076293945,22.020000457763672,19.503599166870117,25700
2017-06-22,22.079999923706055,22.420000076293945,21.600000381469727,22.030000686645508,19.512454986572266,30700
2017-06-23,22.31999969482422,22.729999542236328,21.920000076293945,22.65999984741211,20.07045555114746,299200
2017-06-26,22.739999771118164,22.739999771118164,21.8700008392334,22.059999465942383,19.539026260375977,32000
2017-06-27,21.90999984741211,22.729999542236328,21.829999923706055,22.6299991607666,20.04388999938965,29000
2017-06-28,22.989999771118164,24.0,22.6200008392334,23.6200008392334,20.920751571655273,86900
2017-06-29,23.610000610351562,23.610000610351562,22.850000381469727,23.3700008392334,20.699323654174805,34000
2017-06-30,23.420000076293945,23.829999923706055,21.93000030517578,23.6299991607666,20.929609298706055,44200
2017-07-03,23.510000228881836,23.68000030517578,23.06999969482422,23.34000015258789,20.672752380371094,15900
2017-07-05,23.18000030517578,23.18000030517578,22.610000610351562,22.719999313354492,20.123600006103516,15400
2017-07-06,22.530000686645508,22.719999313354492,22.229999542236328,22.299999237060547,19.799530029296875,21000
2017-07-07,22.329999923706055,22.829999923706055,22.149999618530273,22.65999984741211,20.119157791137695,11700
2017-07-10,22.649999618530273,22.860000610351562,22.229999542236328,22.389999389648438,19.87943458557129,21200
2017-07-11,22.479999542236328,22.889999389648438,22.0,22.420000076293945,19.90607452392578,21900
2017-07-12,22.559999465942383,23.059999465942383,22.3799991607666,22.5,19.97710418701172,16100
2017-07-13,22.489999771118164,22.8799991607666,22.229999542236328,22.540000915527344,20.012619018554688,13100
2017-07-14,22.520000457763672,22.950000762939453,22.3799991607666,22.719999313354492,20.172435760498047,14800
2017-07-17,22.700000762939453,22.700000762939453,22.1200008392334,22.18000030517578,19.692981719970703,19600
2017-07-18,22.170000076293945,22.360000610351562,21.719999313354492,22.219999313354492,19.728496551513672,21800
2017-07-19,22.229999542236328,22.6200008392334,21.920000076293945,22.299999237060547,19.799530029296875,16200
2017-07-20,22.299999237060547,22.34000015258789,21.950000762939453,22.209999084472656,19.71962547302246,23800
2017-07-21,22.239999771118164,22.31999969482422,21.950000762939453,22.309999465942383,19.80840492248535,19400
2017-07-24,22.06999969482422,22.329999923706055,21.6200008392334,21.709999084472656,19.27568817138672,21900
2017-07-25,21.959999084472656,22.5,21.799999237060547,22.31999969482422,19.81728744506836,35500
2017-07-26,22.389999389648438,22.979999542236328,22.229999542236328,22.350000381469727,19.84391975402832,17700
2017-07-27,22.459999084472656,22.979999542236328,22.09000015258789,22.90999984741211,20.341129302978516,88200
2017-07-28,22.8700008392334,23.18000030517578,22.3700008392334,22.8700008392334,20.305612564086914,23200
2017-07-31,23.0,23.200000762939453,22.68000030517578,22.760000228881836,20.20794677734375,18500
2017-08-01,22.700000762939453,23.700000762939453,22.65999984741211,23.65999984741211,21.00704002380371,26600
2017-08-02,23.6200008392334,23.6200008392334,22.149999618530273,22.479999542236328,19.959348678588867,27000
2017-08-03,22.899999618530273,22.899999618530273,21.84000015258789,22.100000381469727,19.6219539642334,16300
2017-08-04,22.0,22.299999237060547,21.809999465942383,22.139999389648438,19.657468795776367,21800
2017-08-07,22.149999618530273,22.690000534057617,21.899999618530273,22.190000534057617,19.701866149902344,18900
2017-08-08,22.209999084472656,22.8799991607666,21.639999389648438,21.780000686645508,19.337833404541016,15700
2017-08-09,21.670000076293945,21.90999984741211,21.479999542236328,21.559999465942383,19.14250946044922,13700
2017-08-10,21.600000381469727,21.920000076293945,21.510000228881836,21.649999618530273,19.222415924072266,17600
2017-08-11,21.75,21.75,21.219999313354492,21.59000015258789,19.169137954711914,13500
2017-08-14,21.829999923706055,22.739999771118164,21.829999923706055,22.459999084472656,19.941585540771484,18400
2017-08-15,22.450000762939453,22.450000762939453,21.780000686645508,21.799999237060547,19.3555965423584,8900
2017-08-16,21.809999465942383,22.0,21.5,21.549999237060547,19.13362693786621,24000
2017-08-17,21.5,21.65999984741211,20.6200008392334,20.75,18.423330307006836,17800
2017-08-18,20.6200008392334,21.530000686645508,20.3799991607666,21.1299991607666,18.760717391967773,35300
2017-08-21,21.1200008392334,21.239999771118164,21.0,21.100000381469727,18.734088897705078,11000
2017-08-22,21.0,21.34000015258789,21.0,21.329999923706055,18.938295364379883,9900
2017-08-23,21.219999313354492,21.520000457763672,21.149999618530273,21.309999465942383,18.9205379486084,13700
2017-08-24,21.329999923706055,21.43000030517578,21.149999618530273,21.329999923706055,18.938295364379883,14900
2017-08-25,21.360000610351562,21.5,21.0,21.3799991607666,18.98268699645996,8700
2017-08-28,21.479999542236328,21.479999542236328,21.18000030517578,21.229999542236328,18.849506378173828,16300
2017-08-29,21.25,21.459999084472656,21.040000915527344,21.31999969482422,18.929414749145508,18800
2017-08-30,21.31999969482422,21.790000915527344,21.209999084472656,21.690000534057617,19.25792694091797,22400
2017-08-31,21.84000015258789,22.479999542236328,21.729999542236328,22.399999618530273,19.8883113861084,22600
2017-09-01,22.190000534057617,22.329999923706055,21.780000686645508,22.06999969482422,19.59531593322754,16900
2017-09-05,22.1200008392334,22.18000030517578,21.75,21.899999618530273,19.444377899169922,11900
2017-09-06,22.100000381469727,22.399999618530273,22.040000915527344,22.100000381469727,19.6219539642334,31100
2017-09-07,22.459999084472656,22.540000915527344,22.110000610351562,22.149999618530273,19.666345596313477,12900
2017-09-08,22.309999465942383,23.0,22.260000228881836,22.809999465942383,20.252344131469727,33400
2017-09-11,22.690000534057617,24.5,22.690000534057617,24.3700008392334,21.63742446899414,128900
2017-09-12,21.530000686645508,23.290000915527344,21.5,22.610000610351562,20.074769973754883,154500
2017-09-13,22.469999313354492,23.280000686645508,21.770000457763672,21.920000076293945,19.462133407592773,46800
2017-09-14,21.600000381469727,22.420000076293945,21.5,22.079999923706055,19.604196548461914,28900
2017-09-15,22.15999984741211,22.75,21.969999313354492,22.530000686645508,20.003742218017578,68700
2017-09-18,22.559999465942383,23.010000228881836,22.549999237060547,22.8799991607666,20.314491271972656,23900
2017-09-19,22.889999389648438,22.950000762939453,22.43000030517578,22.540000915527344,20.012619018554688,20200
2017-09-20,22.329999923706055,22.719999313354492,22.329999923706055,22.489999771118164,19.96822738647461,17300
2017-09-21,22.450000762939453,22.959999084472656,22.360000610351562,22.670000076293945,20.128042221069336,28000
2017-09-22,22.5,23.0,22.5,22.639999389648438,20.101402282714844,18700
2017-09-25,22.649999618530273,22.770000457763672,22.200000762939453,22.489999771118164,19.96822738647461,18200
2017-09-26,22.520000457763672,23.3700008392334,22.510000228881836,23.1299991607666,20.53645896911621,26100
2017-09-27,23.290000915527344,24.100000381469727,22.940000534057617,23.8799991607666,21.202362060546875,30500
2017-09-28,23.8799991607666,23.969999313354492,23.6200008392334,23.75,21.086944580078125,13700
2017-09-29,23.739999771118164,24.0,23.170000076293945,23.170000076293945,20.571969985961914,13700
2017-10-02,23.290000915527344,23.979999542236328,23.100000381469727,23.969999313354492,21.28227424621582,24500
2017-10-03,23.959999084472656,23.969999313354492,23.579999923706055,23.739999771118164,21.07806396484375,14300
2017-10-04,23.729999542236328,23.729999542236328,22.90999984741211,23.020000457763672,20.438796997070312,28100
2017-10-05,23.030000686645508,23.290000915527344,22.420000076293945,23.040000915527344,20.505544662475586,45300
2017-10-06,22.940000534057617,23.469999313354492,22.440000534057617,22.530000686645508,20.051647186279297,20900
2017-10-09,23.020000457763672,23.020000457763672,21.790000915527344,21.829999923706055,19.428651809692383,32600
2017-10-10,21.549999237060547,22.649999618530273,21.549999237060547,22.649999618530273,20.158443450927734,39100
2017-10-11,22.75,23.299999237060547,22.670000076293945,22.829999923706055,20.31865119934082,27400
2017-10-12,22.709999084472656,23.100000381469727,22.709999084472656,22.920000076293945,20.39874839782715,9100
2017-10-13,23.049999237060547,23.799999237060547,22.799999237060547,23.649999618530273,21.048446655273438,23500
2017-10-16,23.670000076293945,23.81999969482422,23.020000457763672,23.790000915527344,21.173046112060547,16800
2017-10-17,23.520000457763672,23.520000457763672,22.520000457763672,23.0,20.469945907592773,36200
2017-10-18,23.110000610351562,23.389999389648438,23.0,23.200000762939453,20.647945404052734,23400
2017-10-19,23.18000030517578,23.309999465942383,23.0,23.1200008392334,20.576751708984375,15500
2017-10-20,23.3799991607666,23.81999969482422,22.90999984741211,23.049999237060547,20.514446258544922,20400
2017-10-23,23.0,23.100000381469727,22.700000762939453,22.84000015258789,20.327547073364258,11800
2017-10-24,22.850000381469727,23.309999465942383,22.780000686645508,23.049999237060547,20.514446258544922,24400
2017-10-25,23.040000915527344,23.59000015258789,22.899999618530273,23.459999084472656,20.879344940185547,30100
2017-10-26,23.549999237060547,23.549999237060547,23.040000915527344,23.110000610351562,20.56785011291504,9900
2017-10-27,23.200000762939453,23.540000915527344,22.850000381469727,23.540000915527344,20.95054817199707,21900
2017-10-30,23.440000534057617,23.440000534057617,22.280000686645508,22.399999618530273,19.935943603515625,23500
2017-10-31,22.690000534057617,23.479999542236328,22.56999969482422,23.350000381469727,20.78144073486328,28300
2017-11-01,23.229999542236328,23.489999771118164,22.290000915527344,22.489999771118164,20.01604652404785,17900
2017-11-02,22.59000015258789,23.719999313354492,22.56999969482422,23.59000015258789,20.99504852294922,50900
2017-11-03,23.40999984741211,23.520000457763672,23.049999237060547,23.229999542236328,20.674644470214844,20800
2017-11-06,23.219999313354492,23.31999969482422,22.690000534057617,22.850000381469727,20.33644676208496,12400
2017-11-07,22.860000610351562,23.09000015258789,22.190000534057617,22.540000915527344,20.060544967651367,42500
2017-11-08,22.530000686645508,22.530000686645508,22.139999389648438,22.31999969482422,19.86474609375,13100
2017-11-09,22.350000381469727,22.920000076293945,22.1200008392334,22.8799991607666,20.36314582824707,34200
2017-11-10,22.760000228881836,23.170000076293945,22.670000076293945,22.889999389648438,20.372053146362305,23100
2017-11-13,22.709999084472656,23.15999984741211,22.3799991607666,22.510000228881836,20.03384780883789,25300
2017-11-14,22.1200008392334,22.530000686645508,22.1200008392334,22.489999771118164,20.01604652404785,7900
2017-11-15,22.329999923706055,23.040000915527344,22.25,22.729999542236328,20.229650497436523,34700
2017-11-16,22.889999389648438,24.139999389648438,22.889999389648438,24.020000457763672,21.37774658203125,25300
2017-11-17,23.93000030517578,24.229999542236328,22.6299991607666,24.06999969482422,21.422245025634766,22200
2017-11-20,24.040000915527344,26.059999465942383,23.579999923706055,25.0,22.249942779541016,53200
2017-11-21,25.25,25.290000915527344,24.639999389648438,25.049999237060547,22.29444122314453,54000
2017-11-22,25.059999465942383,25.479999542236328,24.84000015258789,25.270000457763672,22.4902400970459,18700
2017-11-24,25.290000915527344,25.290000915527344,24.15999984741211,24.440000534057617,21.75154685974121,24900
2017-11-27,24.440000534057617,24.979999542236328,24.110000610351562,24.540000915527344,21.840543746948242,27900
2017-11-28,24.59000015258789,24.59000015258789,23.0,24.5,21.804946899414062,25300
2017-11-29,23.6200008392334,25.190000534057617,23.6200008392334,24.989999771118164,22.241039276123047,18300
2017-11-30,24.760000228881836,25.469999313354492,24.049999237060547,25.360000610351562,22.57033920288086,32600
2017-12-01,25.15999984741211,25.399999618530273,24.690000534057617,25.049999237060547,22.29444122314453,14200
2017-12-04,25.139999389648438,25.139999389648438,24.709999084472656,24.850000381469727,22.11644172668457,19800
2017-12-05,24.989999771118164,24.989999771118164,23.31999969482422,23.639999389648438,21.03955078125,47800
2017-12-06,23.56999969482422,24.420000076293945,23.149999618530273,23.290000915527344,20.728052139282227,49800
2017-12-07,23.360000610351562,23.360000610351562,21.93000030517578,22.15999984741211,19.722347259521484,79200
2017-12-08,22.15999984741211,22.739999771118164,21.75,22.149999618530273,19.71344566345215,66200
2017-12-11,22.06999969482422,22.450000762939453,21.8799991607666,22.25,19.802444458007812,51300
2017-12-12,22.40999984741211,22.59000015258789,22.350000381469727,22.5,20.024948120117188,19900
2017-12-13,22.40999984741211,24.010000228881836,22.100000381469727,23.260000228881836,20.70134735107422,45700
2017-12-14,23.190000534057617,23.190000534057617,21.809999465942383,21.829999923706055,19.428651809692383,38500
2017-12-15,21.829999923706055,22.190000534057617,21.260000228881836,21.389999389648438,19.03705406188965,150400
2017-12-18,21.770000457763672,22.65999984741211,21.770000457763672,22.25,19.802444458007812,23800
2017-12-19,22.329999923706055,22.6200008392334,21.899999618530273,22.190000534057617,19.749052047729492,28000
2017-12-20,22.309999465942383,22.860000610351562,21.81999969482422,22.350000381469727,19.89144515991211,20300
2017-12-21,22.59000015258789,23.200000762939453,21.90999984741211,22.809999465942383,20.300846099853516,23700
2017-12-22,22.790000915527344,23.799999237060547,22.229999542236328,22.860000610351562,20.345348358154297,26500
2017-12-26,22.790000915527344,23.010000228881836,22.100000381469727,22.350000381469727,19.89144515991211,14600
2017-12-27,22.3700008392334,23.280000686645508,22.100000381469727,22.68000030517578,20.18515396118164,17000
2017-12-28,22.540000915527344,23.18000030517578,22.239999771118164,23.040000915527344,20.505544662475586,27500
2017-12-29,23.049999237060547,23.510000228881836,21.56999969482422,22.399999618530273,19.99060821533203,121100
2018-01-02,22.5,23.639999389648438,21.989999771118164,22.020000457763672,19.651485443115234,35700
2018-01-03,22.09000015258789,22.309999465942383,21.700000762939453,21.8700008392334,19.517620086669922,26100
2018-01-04,22.0,22.0,21.15999984741211,21.209999084472656,18.928607940673828,21300
2018-01-05,21.350000381469727,21.56999969482422,21.049999237060547,21.1299991607666,18.85721206665039,14900
2018-01-08,21.139999389648438,24.65999984741211,21.030000686645508,24.309999465942383,21.695165634155273,137000
2018-01-09,24.489999771118164,24.5,21.56999969482422,21.799999237060547,19.45514488220215,97000
2018-01-10,21.739999771118164,21.8799991607666,20.739999771118164,21.229999542236328,18.946455001831055,56300
2018-01-11,21.389999389648438,22.040000915527344,21.3700008392334,21.56999969482422,19.249881744384766,34800
2018-01-12,21.6200008392334,21.93000030517578,20.829999923706055,21.790000915527344,19.446226119995117,50000
2018-01-16,21.8700008392334,21.969999313354492,21.100000381469727,21.25,18.96430206298828,43300
2018-01-17,21.329999923706055,21.329999923706055,20.940000534057617,21.06999969482422,18.803668975830078,26100
2018-01-18,20.959999084472656,20.989999771118164,20.18000030517578,20.770000457763672,18.535938262939453,28400
2018-01-19,20.790000915527344,21.600000381469727,20.290000915527344,21.34000015258789,19.04462432861328,27700
2018-01-22,21.350000381469727,21.559999465942383,21.139999389648438,21.31999969482422,19.026775360107422,21300
2018-01-23,21.3799991607666,22.040000915527344,20.979999542236328,22.0,19.633634567260742,48100
2018-01-24,21.989999771118164,22.399999618530273,20.600000381469727,21.469999313354492,19.1606388092041,29700
2018-01-25,21.600000381469727,21.799999237060547,21.260000228881836,21.5,19.18741798400879,13600
2018-01-26,21.510000228881836,21.790000915527344,21.3799991607666,21.59000015258789,19.267732620239258,16000
2018-01-29,21.450000762939453,21.719999313354492,21.110000610351562,21.65999984741211,19.33020782470703,27100
2018-01-30,21.440000534057617,21.739999771118164,21.229999542236328,21.31999969482422,19.026775360107422,15000
2018-01-31,21.34000015258789,21.59000015258789,21.100000381469727,21.549999237060547,19.232038497924805,25300
2018-02-01,21.389999389648438,21.719999313354492,21.350000381469727,21.530000686645508,19.21419334411621,20700
2018-02-02,21.34000015258789,21.530000686645508,20.809999465942383,20.81999969482422,18.58055877685547,17000
2018-02-05,20.719999313354492,21.260000228881836,20.010000228881836,20.020000457763672,17.86661148071289,17900
2018-02-06,20.010000228881836,21.100000381469727,20.010000228881836,20.139999389648438,17.97370147705078,30600
2018-02-07,20.219999313354492,20.90999984741211,20.15999984741211,20.389999389648438,18.196809768676758,17600
2018-02-08,20.110000610351562,20.639999389648438,19.6200008392334,19.639999389648438,17.527482986450195,34100
2018-02-09,20.329999923706055,20.760000228881836,19.649999618530273,20.079999923706055,17.920156478881836,63000
2018-02-12,20.139999389648438,20.459999084472656,19.920000076293945,20.3700008392334,18.17896270751953,16400
2018-02-13,20.1299991607666,20.510000228881836,20.100000381469727,20.260000228881836,18.080795288085938,19800
2018-02-14,20.020000457763672,21.18000030517578,20.020000457763672,20.649999618530273,18.42884063720703,15400
2018-02-15,20.940000534057617,21.729999542236328,20.65999984741211,21.729999542236328,19.39267349243164,19900
2018-02-16,21.56999969482422,21.75,20.780000686645508,20.950000762939453,18.696575164794922,19700
2018-02-20,20.860000610351562,21.1299991607666,20.6200008392334,20.850000381469727,18.607336044311523,13300
2018-02-21,20.860000610351562,21.639999389648438,20.850000381469727,20.8700008392334,18.62518310546875,8100
2018-02-22,20.850000381469727,21.149999618530273,20.68000030517578,20.719999313354492,18.491313934326172,5700
2018-02-23,20.860000610351562,21.170000076293945,20.6299991607666,21.170000076293945,18.89291000366211,15300
2018-02-26,21.100000381469727,21.5,21.100000381469727,21.40999984741211,19.107097625732422,30200
2018-02-27,21.459999084472656,21.469999313354492,21.049999237060547,21.219999313354492,18.937536239624023,19500
2018-02-28,21.260000228881836,21.459999084472656,20.719999313354492,21.40999984741211,19.107097625732422,42400
2018-03-01,21.280000686645508,21.350000381469727,20.6200008392334,21.350000381469727,19.053552627563477,37400
2018-03-02,21.06999969482422,21.3799991607666,20.850000381469727,21.020000457763672,18.759050369262695,38100
2018-03-05,20.940000534057617,21.200000762939453,20.829999923706055,20.940000534057617,18.687650680541992,13900
2018-03-06,21.229999542236328,21.229999542236328,20.600000381469727,20.8700008392334,18.62518310546875,13700
2018-03-07,20.670000076293945,21.049999237060547,20.670000076293945,20.84000015258789,18.598403930664062,22800
2018-03-08,21.030000686645508,21.200000762939453,20.639999389648438,20.770000457763672,18.535938262939453,17400
2018-03-09,21.200000762939453,21.399999618530273,20.899999618530273,21.1200008392334,18.84828758239746,52700
2018-03-12,21.309999465942383,23.09000015258789,21.100000381469727,22.959999084472656,20.490375518798828,146400
2018-03-13,23.190000534057617,23.989999771118164,22.739999771118164,22.920000076293945,20.45467758178711,52600
2018-03-14,23.059999465942383,23.530000686645508,22.989999771118164,23.229999542236328,20.731332778930664,27400
2018-03-15,23.219999313354492,23.399999618530273,22.610000610351562,23.15999984741211,20.668865203857422,17800
2018-03-16,23.06999969482422,23.530000686645508,22.649999618530273,23.030000686645508,20.552845001220703,66700
2018-03-19,22.989999771118164,23.139999389648438,22.670000076293945,22.860000610351562,20.4011287689209,21700
2018-03-20,23.0,23.0,22.56999969482422,22.709999084472656,20.267263412475586,20300
2018-03-21,22.75,22.979999542236328,22.600000381469727,22.770000457763672,20.320812225341797,17700
2018-03-22,22.479999542236328,22.780000686645508,22.110000610351562,22.229999542236328,19.838895797729492,33900
2018-03-23,22.290000915527344,22.8700008392334,22.040000915527344,22.18000030517578,19.794269561767578,24400
2018-03-26,22.520000457763672,22.530000686645508,21.600000381469727,22.1200008392334,19.74073028564453,20800
2018-03-27,22.1200008392334,22.8700008392334,22.049999237060547,22.329999923706055,19.928142547607422,21500
2018-03-28,22.440000534057617,23.239999771118164,22.31999969482422,23.110000610351562,20.624242782592773,42100
2018-03-29,23.15999984741211,23.84000015258789,23.149999618530273,23.729999542236328,21.17755126953125,44200
2018-04-02,23.670000076293945,23.670000076293945,22.56999969482422,22.93000030517578,20.46360206604004,23600
2018-04-03,22.920000076293945,23.18000030517578,22.200000762939453,22.93000030517578,20.46360206604004,16500
2018-04-04,22.780000686645508,23.469999313354492,22.780000686645508,23.3700008392334,20.856277465820312,9500
2018-04-05,23.200000762939453,23.719999313354492,23.190000534057617,23.700000762939453,21.20795249938965,16400
2018-04-06,23.530000686645508,23.979999542236328,23.309999465942383,23.40999984741211,20.948444366455078,16400
2018-04-09,23.530000686645508,23.530000686645508,22.8700008392334,23.139999389648438,20.70684242248535,8300
2018-04-10,23.3799991607666,23.979999542236328,23.170000076293945,23.780000686645508,21.279539108276367,13000
2018-04-11,23.729999542236328,23.920000076293945,23.469999313354492,23.56999969482422,21.09162139892578,11500
2018-04-12,23.68000030517578,24.0,23.6299991607666,23.729999542236328,21.23479652404785,9300
2018-04-13,23.809999465942383,23.969999313354492,23.219999313354492,23.510000228881836,21.037927627563477,10600
2018-04-16,23.1200008392334,24.0,23.1200008392334,23.889999389648438,21.377971649169922,8200
2018-04-17,24.0,24.0,23.700000762939453,23.940000534057617,21.42271614074707,25500
2018-04-18,24.0,24.34000015258789,23.8700008392334,24.190000534057617,21.64643096923828,13500
2018-04-19,24.100000381469727,24.3700008392334,23.68000030517578,24.1299991607666,21.59273338317871,10600
2018-04-20,23.979999542236328,24.229999542236328,23.56999969482422,23.979999542236328,21.458507537841797,12000
2018-04-23,23.850000381469727,23.969999313354492,23.40999984741211,23.739999771118164,21.243745803833008,14500
2018-04-24,23.889999389648438,24.0,23.549999237060547,23.84000015258789,21.33323097229004,15600
2018-04-25,23.8799991607666,24.360000610351562,23.729999542236328,24.1200008392334,21.583789825439453,18800
2018-04-26,24.200000762939453,24.200000762939453,23.739999771118164,23.799999237060547,21.297435760498047,23100
2018-04-27,23.6200008392334,23.940000534057617,23.229999542236328,23.389999389648438,20.93054962158203,13200
2018-04-30,23.43000030517578,23.75,22.989999771118164,23.280000686645508,20.832111358642578,8700
2018-05-01,23.219999313354492,23.579999923706055,22.829999923706055,23.43000030517578,20.966333389282227,8500
2018-05-02,23.329999923706055,23.8799991607666,23.15999984741211,23.43000030517578,20.966333389282227,16100
2018-05-03,23.239999771118164,23.489999771118164,23.040000915527344,23.229999542236328,20.787370681762695,8600
2018-05-04,23.09000015258789,23.809999465942383,23.09000015258789,23.399999618530273,20.939498901367188,9700
2018-05-07,23.149999618530273,23.690000534057617,23.149999618530273,23.479999542236328,21.011077880859375,18900
2018-05-08,23.270000457763672,23.530000686645508,23.139999389648438,23.43000030517578,20.966333389282227,16200
2018-05-09,23.5,23.700000762939453,23.18000030517578,23.549999237060547,21.07372283935547,21800
2018-05-10,23.5,24.34000015258789,23.3799991607666,24.100000381469727,21.565889358520508,8800
2018-05-11,24.049999237060547,24.229999542236328,23.809999465942383,24.139999389648438,21.601688385009766,9000
2018-05-14,24.170000076293945,24.170000076293945,23.579999923706055,23.6299991607666,21.145305633544922,10500
2018-05-15,23.459999084472656,24.280000686645508,23.440000534057617,23.959999084472656,21.440608978271484,20000
2018-05-16,23.989999771118164,24.59000015258789,23.989999771118164,24.530000686645508,21.9506778717041,12000
2018-05-17,24.399999618530273,24.989999771118164,24.329999923706055,24.920000076293945,22.299673080444336,24000
2018-05-18,25.0,25.0,24.530000686645508,24.579999923706055,21.99541664123535,17300
2018-05-21,24.6200008392334,24.920000076293945,24.40999984741211,24.84000015258789,22.228078842163086,12700
2018-05-22,24.809999465942383,24.950000762939453,24.5,24.5,21.923830032348633,14500
2018-05-23,24.389999389648438,24.889999389648438,24.25,24.760000228881836,22.156492233276367,8400
2018-05-24,24.739999771118164,24.799999237060547,24.420000076293945,24.6200008392334,22.03121566772461,7900
2018-05-25,24.530000686645508,24.530000686645508,24.040000915527344,24.450000762939453,21.879085540771484,8200
2018-05-29,24.31999969482422,24.889999389648438,24.31999969482422,24.81999969482422,22.21018409729004,12300
2018-05-30,24.8799991607666,25.34000015258789,24.469999313354492,24.65999984741211,22.06700897216797,62500
2018-05-31,24.690000534057617,25.010000228881836,24.149999618530273,24.219999313354492,21.673269271850586,20200
2018-06-01,24.450000762939453,24.75,24.309999465942383,24.690000534057617,22.093847274780273,9000
2018-06-04,24.75,24.75,24.25,24.350000381469727,21.78960418701172,15700
2018-06-05,24.43000030517578,24.760000228881836,24.260000228881836,24.729999542236328,22.129648208618164,21000
2018-06-06,24.610000610351562,25.079999923706055,24.350000381469727,24.989999771118164,22.362308502197266,22200
2018-06-07,24.989999771118164,25.059999465942383,24.31999969482422,24.3700008392334,21.807498931884766,9700
2018-06-08,24.489999771118164,25.350000381469727,24.489999771118164,25.059999465942383,22.424949645996094,30700
2018-06-11,25.100000381469727,26.5,25.040000915527344,25.84000015258789,23.1229305267334,88400
2018-06-12,25.75,25.75,22.90999984741211,25.239999771118164,22.586021423339844,98500
2018-06-13,25.440000534057617,26.5,25.329999923706055,26.15999984741211,23.409278869628906,55800
2018-06-14,26.260000228881836,26.799999237060547,25.170000076293945,26.510000228881836,23.72247886657715,44400
2018-06-15,26.280000686645508,26.739999771118164,26.0,26.020000457763672,23.28400421142578,63200
2018-06-18,26.0,26.270000457763672,25.6299991607666,26.0,23.266111373901367,35900
2018-06-19,25.940000534057617,26.290000915527344,25.84000015258789,26.020000457763672,23.28400421142578,43000
2018-06-20,25.860000610351562,26.75,25.770000457763672,26.700000762939453,23.89250373840332,47100
2018-06-21,24.790000915527344,25.799999237060547,23.799999237060547,25.6299991607666,22.935016632080078,1016300
2018-06-22,25.75,26.0,24.959999084472656,25.809999465942383,23.096084594726562,132100
2018-06-25,26.229999542236328,26.229999542236328,25.260000228881836,25.579999923706055,22.89027214050293,153100
2018-06-26,25.68000030517578,25.860000610351562,25.079999923706055,25.290000915527344,22.630762100219727,96000
2018-06-27,25.3799991607666,25.760000228881836,24.059999465942383,24.219999313354492,21.673269271850586,127100
2018-06-28,24.65999984741211,25.170000076293945,24.1200008392334,24.760000228881836,22.156492233276367,108200
2018-06-29,24.68000030517578,24.8700008392334,23.979999542236328,24.610000610351562,22.022262573242188,115500
2018-07-02,24.450000762939453,25.75,24.450000762939453,25.729999542236328,23.024494171142578,71100
2018-07-03,25.75,26.06999969482422,25.709999084472656,25.950000762939453,23.22136878967285,78700
2018-07-05,26.0,26.059999465942383,25.559999465942383,25.979999542236328,23.248207092285156,106600
2018-07-06,26.0,26.09000015258789,25.450000762939453,25.59000015258789,22.954883575439453,148200
2018-07-09,25.770000457763672,26.25,25.549999237060547,25.979999542236328,23.304723739624023,87000
2018-07-10,25.969999313354492,25.969999313354492,24.920000076293945,25.260000228881836,22.65886688232422,61600
2018-07-11,25.25,25.969999313354492,25.209999084472656,25.350000381469727,22.739599227905273,53300
2018-07-12,25.440000534057617,25.579999923706055,25.020000457763672,25.280000686645508,22.676807403564453,31700
2018-07-13,25.219999313354492,25.469999313354492,25.1200008392334,25.280000686645508,22.676807403564453,29100
2018-07-16,25.209999084472656,25.280000686645508,24.809999465942383,24.979999542236328,22.407697677612305,47100
2018-07-17,24.989999771118164,25.489999771118164,24.989999771118164,25.399999618530273,22.78445053100586,46800
2018-07-18,25.40999984741211,25.75,25.170000076293945,25.510000228881836,22.88311767578125,90500
2018-07-19,25.40999984741211,25.65999984741211,24.899999618530273,25.040000915527344,22.461519241333008,168200
2018-07-20,25.049999237060547,25.6200008392334,24.700000762939453,25.43000030517578,22.811357498168945,94300
2018-07-23,25.360000610351562,25.989999771118164,24.81999969482422,24.950000762939453,22.380786895751953,578100
2018-07-24,25.010000228881836,25.1299991607666,24.450000762939453,24.84000015258789,22.2821102142334,92000
2018-07-25,24.850000381469727,25.209999084472656,24.639999389648438,24.920000076293945,22.353878021240234,162200
2018-07-26,24.959999084472656,25.360000610351562,24.690000534057617,24.8700008392334,22.309022903442383,277900
2018-07-27,25.149999618530273,25.610000610351562,24.610000610351562,24.75,22.201383590698242,321600
2018-07-30,24.809999465942383,25.920000076293945,24.700000762939453,25.770000457763672,23.116344451904297,153600
2018-07-31,25.829999923706055,27.31999969482422,25.690000534057617,27.260000228881836,24.452913284301758,408600
2018-08-01,27.25,27.850000381469727,26.770000457763672,27.75,24.892452239990234,213900
2018-08-02,27.450000762939453,28.450000762939453,27.399999618530273,28.010000228881836,25.125682830810547,153000
2018-08-03,28.200000762939453,28.59000015258789,27.8700008392334,28.510000228881836,25.57419776916504,68900
2018-08-06,28.530000686645508,29.020000457763672,28.420000076293945,28.670000076293945,25.71771812438965,81000
2018-08-07,28.6200008392334,29.190000534057617,28.270000457763672,28.940000534057617,25.95991325378418,140400
2018-08-08,28.940000534057617,29.139999389648438,28.239999771118164,29.040000915527344,26.049623489379883,74800
2018-08-09,29.040000915527344,30.079999923706055,28.770000457763672,29.639999389648438,26.587831497192383,127200
2018-08-10,29.540000915527344,29.649999618530273,29.020000457763672,29.09000015258789,26.09447479248047,43800
2018-08-13,29.049999237060547,29.6200008392334,28.8700008392334,29.1200008392334,26.121381759643555,66400
2018-08-14,29.18000030517578,29.459999084472656,28.979999542236328,29.110000610351562,26.112407684326172,64000
2018-08-15,29.059999465942383,29.309999465942383,28.559999465942383,28.739999771118164,25.7805118560791,100600
2018-08-16,28.84000015258789,29.25,28.540000915527344,28.760000228881836,25.79845428466797,185400
2018-08-17,28.649999618530273,29.209999084472656,28.15999984741211,28.860000610351562,25.888154983520508,296400
2018-08-20,28.8700008392334,29.34000015258789,28.479999542236328,29.329999923706055,26.309755325317383,335700
2018-08-21,29.389999389648438,30.239999771118164,29.270000457763672,29.809999465942383,26.740324020385742,129800
2018-08-22,29.790000915527344,30.079999923706055,29.610000610351562,29.959999084472656,26.874881744384766,98500
2018-08-23,29.969999313354492,30.049999237060547,29.649999618530273,29.75,26.686511993408203,62200
2018-08-24,29.850000381469727,30.1299991607666,29.84000015258789,30.0,26.910768508911133,207600
2018-08-27,30.0,30.1200008392334,29.6200008392334,29.959999084472656,26.874881744384766,109200
2018-08-28,30.049999237060547,30.1299991607666,29.700000762939453,29.770000457763672,26.704444885253906,75300
2018-08-29,29.760000228881836,30.079999923706055,29.65999984741211,30.079999923706055,26.98252296447754,56700
2018-08-30,30.0,30.489999771118164,29.809999465942383,30.15999984741211,27.05428695678711,91300
2018-08-31,30.059999465942383,30.860000610351562,30.059999465942383,30.850000381469727,27.673234939575195,81700
2018-09-04,30.860000610351562,31.149999618530273,30.459999084472656,30.969999313354492,27.7808780670166,176900
2018-09-05,30.969999313354492,31.209999084472656,30.610000610351562,31.209999084472656,27.99616241455078,63800
2018-09-06,31.260000228881836,31.489999771118164,30.979999542236328,31.399999618530273,28.16659927368164,208800
2018-09-07,31.40999984741211,32.43000030517578,31.389999389648438,32.36000061035156,29.027740478515625,188600
2018-09-10,32.4900016784668,33.41999816894531,32.4900016784668,33.2599983215332,29.835063934326172,317800
2018-09-11,27.0,28.969999313354492,26.549999237060547,27.8700008392334,25.00010108947754,877300
2018-09-12,28.0,28.25,27.3700008392334,27.709999084472656,24.856576919555664,226400
2018-09-13,27.5,27.90999984741211,26.799999237060547,27.56999969482422,24.730993270874023,182600
2018-09-14,27.489999771118164,28.479999542236328,27.260000228881836,28.3700008392334,25.448617935180664,301900
2018-09-17,28.3700008392334,28.479999542236328,27.81999969482422,28.40999984741211,25.4844913482666,221600
2018-09-18,28.43000030517578,28.68000030517578,28.110000610351562,28.18000030517578,25.278175354003906,218000
2018-09-19,28.15999984741211,28.31999969482422,27.829999923706055,28.270000457763672,25.358915328979492,126800
2018-09-20,28.3799991607666,28.760000228881836,27.760000228881836,27.829999923706055,24.964223861694336,96500
2018-09-21,27.399999618530273,27.81999969482422,27.030000686645508,27.56999969482422,24.730993270874023,586000
2018-09-24,27.579999923706055,27.959999084472656,26.670000076293945,26.860000610351562,24.0941104888916,155300
2018-09-25,26.899999618530273,27.329999923706055,26.68000030517578,27.100000381469727,24.30939483642578,190500
2018-09-26,27.06999969482422,27.209999084472656,26.100000381469727,26.260000228881836,23.555889129638672,184100
2018-09-27,26.25,26.5,25.700000762939453,26.020000457763672,23.340604782104492,129300
2018-09-28,26.010000228881836,26.18000030517578,25.809999465942383,26.110000610351562,23.42133140563965,89800
2018-10-01,26.149999618530273,26.360000610351562,25.530000686645508,25.540000915527344,22.910032272338867,124600
2018-10-02,25.450000762939453,25.65999984741211,25.309999465942383,25.40999984741211,22.79341697692871,79300
2018-10-03,25.43000030517578,25.719999313354492,25.389999389648438,25.459999084472656,22.838266372680664,67500
2018-10-04,25.309999465942383,25.40999984741211,24.850000381469727,25.030000686645508,22.50824546813965,91800
2018-10-05,25.020000457763672,25.719999313354492,25.020000457763672,25.56999969482422,22.99383544921875,108800
2018-10-08,25.559999465942383,25.700000762939453,25.219999313354492,25.459999084472656,22.894922256469727,88400
2018-10-09,25.40999984741211,25.950000762939453,25.030000686645508,25.90999984741211,23.299583435058594,122100
2018-10-10,25.899999618530273,25.920000076293945,24.950000762939453,25.06999969482422,22.544214248657227,241700
2018-10-11,25.049999237060547,25.309999465942383,24.510000228881836,24.719999313354492,22.22947883605957,238600
2018-10-12,24.940000534057617,25.15999984741211,24.729999542236328,24.829999923706055,22.32839012145996,236200
2018-10-15,24.81999969482422,25.15999984741211,24.40999984741211,25.0,22.48126792907715,91900
2018-10-16,25.0,25.399999618530273,24.75,25.290000915527344,22.742050170898438,143800
2018-10-17,25.260000228881836,25.799999237060547,25.0,25.68000030517578,23.092761993408203,86600
2018-10-18,25.670000076293945,27.010000228881836,24.899999618530273,24.940000534057617,22.42730712890625,120900
2018-10-19,24.8799991607666,24.950000762939453,24.59000015258789,24.799999237060547,22.301416397094727,130400
2018-10-22,24.860000610351562,25.139999389648438,24.3799991607666,24.510000228881836,22.040632247924805,97200
2018-10-23,24.280000686645508,24.760000228881836,24.030000686645508,24.579999923706055,22.103580474853516,88500
2018-10-24,24.790000915527344,24.790000915527344,24.31999969482422,24.34000015258789,21.887760162353516,114500
2018-10-25,24.350000381469727,24.979999542236328,24.350000381469727,24.8799991607666,22.37335205078125,71600
2018-10-26,24.600000381469727,25.229999542236328,24.329999923706055,25.0,22.48126792907715,123100
2018-10-29,25.170000076293945,25.6200008392334,24.75,24.959999084472656,22.445295333862305,50700
2018-10-30,24.950000762939453,25.350000381469727,24.760000228881836,24.899999618530273,22.391340255737305,66700
2018-10-31,25.020000457763672,25.020000457763672,24.489999771118164,24.649999618530273,22.16652488708496,89800
2018-11-01,24.549999237060547,25.56999969482422,24.549999237060547,25.3700008392334,22.813989639282227,108700
2018-11-02,25.399999618530273,25.770000457763672,25.049999237060547,25.709999084472656,23.119731903076172,118500
2018-11-05,25.719999313354492,26.049999237060547,25.170000076293945,25.399999618530273,22.84096908569336,65500
2018-11-06,25.360000610351562,25.360000610351562,24.3799991607666,24.899999618530273,22.391340255737305,61600
2018-11-07,24.969999313354492,25.420000076293945,24.770000457763672,25.049999237060547,22.526229858398438,70000
2018-11-08,25.040000915527344,25.360000610351562,24.790000915527344,25.309999465942383,22.760034561157227,51100
2018-11-09,25.299999237060547,25.59000015258789,24.90999984741211,25.31999969482422,22.76902198791504,88700
2018-11-12,25.270000457763672,25.670000076293945,25.079999923706055,25.399999618530273,22.84096908569336,72000
2018-11-13,25.479999542236328,25.65999984741211,25.200000762939453,25.469999313354492,22.90390968322754,77900
2018-11-14,25.600000381469727,25.700000762939453,24.690000534057617,24.84000015258789,22.33738899230957,57500
2018-11-15,24.790000915527344,25.170000076293945,24.31999969482422,24.540000915527344,22.067609786987305,51200
2018-11-16,24.350000381469727,24.729999542236328,24.06999969482422,24.389999389648438,21.932722091674805,48000
2018-11-19,24.649999618530273,24.700000762939453,24.09000015258789,24.510000228881836,22.040632247924805,77400
2018-11-20,24.489999771118164,24.68000030517578,24.149999618530273,24.479999542236328,22.013660430908203,93100
2018-11-21,24.489999771118164,25.209999084472656,24.489999771118164,24.790000915527344,22.292421340942383,52800
2018-11-23,24.780000686645508,24.899999618530273,24.600000381469727,24.709999084472656,22.220483779907227,8300
2018-11-26,24.799999237060547,24.799999237060547,24.06999969482422,24.239999771118164,21.797840118408203,34500
2018-11-27,24.229999542236328,24.579999923706055,24.1299991607666,24.229999542236328,21.788841247558594,50600
2018-11-28,24.239999771118164,24.469999313354492,23.940000534057617,24.440000534057617,21.977689743041992,32500
2018-11-29,24.43000030517578,24.68000030517578,24.239999771118164,24.31999969482422,21.86977195739746,30600
2018-11-30,24.299999237060547,24.299999237060547,23.809999465942383,24.139999389648438,21.707910537719727,41100
2018-12-03,24.34000015258789,24.479999542236328,23.670000076293945,23.860000610351562,21.456117630004883,59200
2018-12-04,23.850000381469727,24.43000030517578,22.56999969482422,22.899999618530273,20.59284019470215,69400
2018-12-06,22.790000915527344,22.799999237060547,21.979999542236328,22.350000381469727,20.098249435424805,111600
2018-12-07,22.360000610351562,22.729999542236328,21.959999084472656,22.030000686645508,19.810489654541016,101300
2018-12-10,21.950000762939453,22.110000610351562,20.950000762939453,21.360000610351562,19.207996368408203,111200
2018-12-11,21.479999542236328,21.770000457763672,20.989999771118164,21.020000457763672,18.90224838256836,63700
2018-12-12,21.219999313354492,21.549999237060547,21.09000015258789,21.3700008392334,19.21698760986328,99800
2018-12-13,21.3799991607666,21.56999969482422,20.760000228881836,21.34000015258789,19.19000816345215,116000
2018-12-14,21.280000686645508,21.479999542236328,20.579999923706055,20.6299991607666,18.551538467407227,56500
2018-12-17,20.59000015258789,20.889999389648438,19.799999237060547,20.0,17.985013961791992,94700
2018-12-18,20.190000534057617,20.209999084472656,19.610000610351562,19.84000015258789,17.84113311767578,102600
2018-12-19,19.959999084472656,20.559999465942383,19.780000686645508,20.010000228881836,17.99400520324707,108900
2018-12-20,19.489999771118164,20.139999389648438,19.149999618530273,19.43000030517578,17.47243881225586,117900
2018-12-21,19.3799991607666,19.399999618530273,18.559999465942383,18.739999771118164,16.851957321166992,253700
2018-12-24,18.739999771118164,19.18000030517578,18.15999984741211,18.280000686645508,16.438302993774414,74000
2018-12-26,18.579999923706055,19.100000381469727,18.06999969482422,18.829999923706055,16.932886123657227,104100
2018-12-27,18.670000076293945,19.280000686645508,18.40999984741211,18.969999313354492,17.058788299560547,112400
2018-12-28,18.969999313354492,20.100000381469727,18.969999313354492,19.549999237060547,17.650129318237305,106400
2018-12-31,19.940000534057617,19.940000534057617,19.149999618530273,19.549999237060547,17.650129318237305,91600
2019-01-02,19.329999923706055,19.940000534057617,19.040000915527344,19.790000915527344,17.8668155670166,52600
2019-01-03,19.780000686645508,20.040000915527344,19.18000030517578,19.209999084472656,17.343172073364258,91900
2019-01-04,19.3799991607666,20.3700008392334,19.3799991607666,20.100000381469727,18.146684646606445,61600
2019-01-07,19.969999313354492,20.68000030517578,19.8799991607666,20.510000228881836,18.51683807373047,69900
2019-01-08,20.8799991607666,22.209999084472656,20.639999389648438,21.979999542236328,19.84398651123047,154800
2019-01-09,22.010000228881836,22.260000228881836,21.489999771118164,21.959999084472656,19.825929641723633,67100
2019-01-10,21.950000762939453,22.190000534057617,21.75,22.049999237060547,19.907184600830078,47900
2019-01-11,22.040000915527344,22.200000762939453,21.860000610351562,22.020000457763672,19.88010025024414,41100
2019-01-14,21.8700008392334,21.889999389648438,21.43000030517578,21.579999923706055,19.48285675048828,79100
2019-01-15,21.860000610351562,23.510000228881836,21.459999084472656,22.18000030517578,20.024553298950195,210500
2019-01-16,22.190000534057617,22.190000534057617,20.989999771118164,21.0,18.9592227935791,207700
2019-01-17,21.0,21.579999923706055,21.0,21.389999389648438,19.31131935119629,102300
2019-01-18,21.389999389648438,21.75,21.0,21.170000076293945,19.112701416015625,108900
2019-01-22,21.030000686645508,21.65999984741211,21.030000686645508,21.649999618530273,19.54606056213379,91600
2019-01-23,21.709999084472656,22.059999465942383,21.139999389648438,22.0,19.862037658691406,104000
2019-01-24,22.0,22.200000762939453,21.709999084472656,21.920000076293945,19.789813995361328,66900
2019-01-25,22.010000228881836,22.079999923706055,21.399999618530273,21.5,19.410634994506836,100000
2019-01-28,21.360000610351562,21.559999465942383,21.170000076293945,21.469999313354492,19.383546829223633,61400
2019-01-29,21.489999771118164,21.799999237060547,21.489999771118164,21.59000015258789,19.49188232421875,87000
2019-01-30,21.739999771118164,21.790000915527344,21.579999923706055,21.690000534057617,19.58216667175293,58000
2019-01-31,21.6200008392334,22.079999923706055,21.360000610351562,22.030000686645508,19.889127731323242,73500
2019-02-01,22.030000686645508,22.420000076293945,21.8799991607666,22.200000762939453,20.042604446411133,90300
2019-02-04,22.31999969482422,23.09000015258789,22.31999969482422,22.6299991607666,20.430818557739258,80800
2019-02-05,22.729999542236328,22.81999969482422,22.559999465942383,22.75,20.539161682128906,77100
2019-02-06,22.780000686645508,23.059999465942383,22.540000915527344,23.0,20.764862060546875,72900
2019-02-07,22.90999984741211,23.260000228881836,22.860000610351562,23.100000381469727,20.85514259338379,83000
2019-02-08,23.079999923706055,23.260000228881836,22.8799991607666,23.049999237060547,20.810001373291016,53700
2019-02-11,23.15999984741211,23.229999542236328,22.579999923706055,23.040000915527344,20.800975799560547,80000
2019-02-12,23.049999237060547,23.3700008392334,22.850000381469727,22.959999084472656,20.728748321533203,40200
2019-02-13,22.969999313354492,23.290000915527344,22.670000076293945,23.100000381469727,20.85514259338379,47500
2019-02-14,23.09000015258789,23.239999771118164,22.760000228881836,22.969999313354492,20.737775802612305,64300
2019-02-15,23.06999969482422,23.5,22.790000915527344,23.360000610351562,21.089879989624023,58700
2019-02-19,23.350000381469727,23.360000610351562,22.93000030517578,23.030000686645508,20.791946411132812,42800
2019-02-20,23.020000457763672,23.450000762939453,22.790000915527344,23.25,20.99056625366211,89800
2019-02-21,23.200000762939453,23.399999618530273,22.8799991607666,23.260000228881836,20.999595642089844,40900
2019-02-22,23.25,23.700000762939453,23.1299991607666,23.610000610351562,21.31557846069336,59800
2019-02-25,23.6299991607666,23.760000228881836,23.420000076293945,23.530000686645508,21.243358612060547,39300
2019-02-26,23.530000686645508,23.540000915527344,23.170000076293945,23.309999465942383,21.044734954833984,39700
2019-02-27,23.299999237060547,23.520000457763672,21.940000534057617,23.450000762939453,21.171133041381836,56900
2019-02-28,23.469999313354492,23.610000610351562,23.299999237060547,23.399999618530273,21.125993728637695,54500
2019-03-01,23.549999237060547,23.829999923706055,23.229999542236328,23.510000228881836,21.225299835205078,48000
2019-03-04,23.540000915527344,23.549999237060547,23.15999984741211,23.299999237060547,21.035707473754883,68600
2019-03-05,23.139999389648438,23.610000610351562,23.010000228881836,23.440000534057617,21.162107467651367,48200
2019-03-06,23.440000534057617,23.5,23.1299991607666,23.260000228881836,20.999595642089844,52300
2019-03-07,23.270000457763672,23.43000030517578,22.639999389648438,22.860000610351562,20.638465881347656,74200
2019-03-08,22.770000457763672,22.969999313354492,22.520000457763672,22.649999618530273,20.448875427246094,31000
2019-03-11,22.68000030517578,23.030000686645508,22.399999618530273,22.90999984741211,20.683610916137695,58300
2019-03-12,22.969999313354492,23.010000228881836,22.469999313354492,22.809999465942383,20.59332847595215,44700
2019-03-13,23.31999969482422,25.649999618530273,22.93000030517578,24.729999542236328,22.326738357543945,189500
2019-03-14,24.530000686645508,24.729999542236328,23.959999084472656,23.979999542236328,21.649621963500977,94000
2019-03-15,23.959999084472656,24.170000076293945,23.68000030517578,23.729999542236328,21.423917770385742,137700
2019-03-18,23.860000610351562,24.25,23.639999389648438,24.219999313354492,21.866302490234375,50900
2019-03-19,24.229999542236328,24.3799991607666,23.850000381469727,23.920000076293945,21.595458984375,68000
2019-03-20,23.969999313354492,24.290000915527344,23.200000762939453,23.309999465942383,21.044734954833984,53400
2019-03-21,23.299999237060547,23.610000610351562,23.239999771118164,23.3700008392334,21.098905563354492,36600
2019-03-22,23.25,23.420000076293945,23.059999465942383,23.18000030517578,20.9273681640625,86000
2019-03-25,23.100000381469727,23.510000228881836,23.040000915527344,23.3799991607666,21.107927322387695,38900
2019-03-26,23.399999618530273,23.639999389648438,23.18000030517578,23.459999084472656,21.180158615112305,31800
2019-03-27,23.469999313354492,23.469999313354492,22.889999389648438,23.239999771118164,20.981534957885742,49900
2019-03-28,23.18000030517578,23.530000686645508,23.18000030517578,23.469999313354492,21.189186096191406,31100
2019-03-29,23.520000457763672,23.610000610351562,23.200000762939453,23.530000686645508,21.243358612060547,43800
2019-04-01,23.479999542236328,24.469999313354492,23.309999465942383,23.649999618530273,21.351694107055664,32600
2019-04-02,23.670000076293945,24.229999542236328,23.399999618530273,23.989999771118164,21.658655166625977,89200
2019-04-03,24.0,24.31999969482422,24.0,24.079999923706055,21.739906311035156,47600
2019-04-04,24.079999923706055,24.420000076293945,23.969999313354492,24.399999618530273,22.028810501098633,72800
2019-04-05,24.399999618530273,24.770000457763672,24.229999542236328,24.709999084472656,22.377466201782227,81000
2019-04-08,24.700000762939453,24.700000762939453,24.299999237060547,24.329999923706055,22.03333854675293,46300
2019-04-09,24.31999969482422,24.489999771118164,23.700000762939453,23.989999771118164,21.725435256958008,43800
2019-04-10,23.979999542236328,24.309999465942383,23.8799991607666,24.25,21.960891723632812,47300
2019-04-11,24.31999969482422,24.459999084472656,23.969999313354492,24.059999465942383,21.788822174072266,27300
2019-04-12,24.040000915527344,24.1299991607666,23.729999542236328,23.920000076293945,21.66204071044922,29400
2019-04-15,23.799999237060547,24.0,23.579999923706055,23.770000457763672,21.526199340820312,30200
2019-04-16,23.889999389648438,24.010000228881836,23.739999771118164,23.8799991607666,21.625812530517578,38400
2019-04-17,23.93000030517578,24.209999084472656,23.489999771118164,23.959999084472656,21.69826316833496,68300
2019-04-18,23.850000381469727,24.010000228881836,23.170000076293945,23.299999237060547,21.10056495666504,37000
2019-04-22,23.3700008392334,23.510000228881836,22.81999969482422,22.989999771118164,20.819828033447266,30300
2019-04-23,22.940000534057617,23.559999465942383,22.940000534057617,23.40999984741211,21.200183868408203,30800
2019-04-24,23.420000076293945,23.739999771118164,23.299999237060547,23.520000457763672,21.29979705810547,39900
2019-04-25,23.420000076293945,23.420000076293945,22.850000381469727,22.850000381469727,20.69304656982422,43000
2019-04-26,22.889999389648438,22.950000762939453,22.700000762939453,22.920000076293945,20.756433486938477,33100
2019-04-29,23.030000686645508,23.229999542236328,22.989999771118164,23.09000015258789,20.910390853881836,29800
2019-04-30,23.09000015258789,23.1299991607666,22.690000534057617,22.84000015258789,20.68398666381836,40100
2019-05-01,22.829999923706055,22.90999984741211,22.6299991607666,22.739999771118164,20.593425750732422,43600
2019-05-02,22.75,22.770000457763672,22.0,22.34000015258789,20.231189727783203,31400
2019-05-03,22.520000457763672,22.799999237060547,21.75,22.700000762939453,20.557205200195312,86900
2019-05-06,22.40999984741211,23.079999923706055,22.40999984741211,22.989999771118164,20.819828033447266,27400
2019-05-07,22.8700008392334,24.239999771118164,22.6299991607666,22.84000015258789,20.68398666381836,28000
2019-05-08,22.709999084472656,23.15999984741211,22.670000076293945,22.920000076293945,20.756433486938477,31200
2019-05-09,22.799999237060547,23.479999542236328,22.579999923706055,22.90999984741211,20.747379302978516,31100
2019-05-10,22.8799991607666,23.079999923706055,22.559999465942383,23.020000457763672,20.846996307373047,16800
2019-05-13,22.690000534057617,22.690000534057617,21.270000457763672,21.299999237060547,19.289356231689453,234800
2019-05-14,19.229999542236328,20.780000686645508,19.149999618530273,19.969999313354492,18.08490753173828,430700
2019-05-15,19.979999542236328,20.969999313354492,19.56999969482422,20.56999969482422,18.628265380859375,148100
2019-05-16,20.56999969482422,20.959999084472656,20.200000762939453,20.290000915527344,18.37470054626465,61600
2019-05-17,20.15999984741211,20.280000686645508,19.559999465942383,19.579999923706055,17.73171615600586,40400
2019-05-20,19.559999465942383,19.579999923706055,19.219999313354492,19.40999984741211,17.577768325805664,29800
2019-05-21,19.459999084472656,19.809999465942383,19.459999084472656,19.690000534057617,17.831336975097656,40600
2019-05-22,19.690000534057617,19.690000534057617,19.260000228881836,19.540000915527344,17.69549560546875,37800
2019-05-23,19.420000076293945,19.639999389648438,18.81999969482422,19.010000228881836,17.215524673461914,30400
2019-05-24,19.06999969482422,19.309999465942383,19.040000915527344,19.18000030517578,17.369474411010742,23700
2019-05-28,19.18000030517578,19.219999313354492,18.850000381469727,18.989999771118164,17.19741439819336,40500
2019-05-29,18.889999389648438,19.209999084472656,18.889999389648438,19.040000915527344,17.242698669433594,57800
2019-05-30,19.100000381469727,19.15999984741211,18.59000015258789,18.729999542236328,16.96195411682129,53000
2019-05-31,18.459999084472656,19.0,18.31999969482422,18.950000762939453,17.161191940307617,59600
2019-06-03,18.940000534057617,19.139999389648438,18.739999771118164,18.889999389648438,17.106853485107422,42000
2019-06-04,19.049999237060547,20.030000686645508,19.049999237060547,19.3700008392334,17.54154396057129,76300
2019-06-05,19.59000015258789,19.59000015258789,18.84000015258789,18.940000534057617,17.15213394165039,47100
2019-06-06,18.93000030517578,19.209999084472656,18.34000015258789,18.520000457763672,16.771780014038086,65500
2019-06-07,18.729999542236328,19.209999084472656,18.719999313354492,18.950000762939453,17.161191940307617,94300
2019-06-10,18.93000030517578,20.200000762939453,18.670000076293945,19.149999618530273,17.342309951782227,130600
2019-06-11,18.6200008392334,21.940000534057617,18.600000381469727,20.40999984741211,18.483369827270508,312300
2019-06-12,20.31999969482422,20.920000076293945,20.0,20.68000030517578,18.727886199951172,93400
2019-06-13,20.700000762939453,21.0,20.0,20.1299991607666,18.229801177978516,87900
2019-06-14,20.0,20.200000762939453,19.899999618530273,20.0,18.11207389831543,68500
2019-06-17,20.09000015258789,20.479999542236328,19.799999237060547,20.239999771118164,18.32942008972168,76200
2019-06-18,20.260000228881836,20.6299991607666,19.959999084472656,20.049999237060547,18.1573543548584,58800
2019-06-19,20.030000686645508,20.290000915527344,19.700000762939453,19.760000228881836,17.89472770690918,86700
2019-06-20,19.889999389648438,20.15999984741211,19.440000534057617,19.770000457763672,17.90378761291504,50900
2019-06-21,19.65999984741211,19.75,19.139999389648438,19.5,17.65927505493164,56400
2019-06-24,19.399999618530273,19.6200008392334,18.479999542236328,18.56999969482422,16.817060470581055,60700
2019-06-25,18.559999465942383,19.100000381469727,18.510000228881836,19.010000228881836,17.215524673461914,79100
2019-06-26,19.389999389648438,19.469999313354492,18.93000030517578,19.100000381469727,17.29703140258789,63800
2019-06-27,19.010000228881836,19.450000762939453,19.010000228881836,19.389999389648438,17.559654235839844,61400
2019-06-28,19.3700008392334,19.969999313354492,19.360000610351562,19.940000534057617,18.057737350463867,196200
2019-07-01,20.010000228881836,20.049999237060547,19.5,19.56999969482422,17.722667694091797,64600
2019-07-02,19.610000610351562,19.610000610351562,19.190000534057617,19.399999618530273,17.568716049194336,45300
2019-07-03,19.56999969482422,19.760000228881836,19.31999969482422,19.520000457763672,17.677383422851562,39200
2019-07-05,19.25,19.690000534057617,19.06999969482422,19.6200008392334,17.836475372314453,58000
2019-07-08,19.520000457763672,19.709999084472656,19.190000534057617,19.420000076293945,17.6546573638916,60500
2019-07-09,19.309999465942383,19.600000381469727,19.190000534057617,19.31999969482422,17.56374168395996,30700
2019-07-10,19.360000610351562,19.649999618530273,19.200000762939453,19.360000610351562,17.600114822387695,43800
2019-07-11,19.389999389648438,19.450000762939453,18.84000015258789,19.40999984741211,17.645566940307617,55700
2019-07-12,19.40999984741211,19.6299991607666,19.260000228881836,19.479999542236328,17.709205627441406,27500
2019-07-15,19.56999969482422,19.670000076293945,19.100000381469727,19.600000381469727,17.81829261779785,80200
2019-07-16,19.600000381469727,19.639999389648438,19.18000030517578,19.190000534057617,17.445566177368164,58100
2019-07-17,19.110000610351562,19.239999771118164,18.920000076293945,19.170000076293945,17.427379608154297,47600
2019-07-18,19.239999771118164,19.239999771118164,18.649999618530273,19.040000915527344,17.309202194213867,45400
2019-07-19,19.0,19.020000457763672,18.809999465942383,18.920000076293945,17.200109481811523,29200
2019-07-22,19.459999084472656,19.459999084472656,18.670000076293945,18.780000686645508,17.072837829589844,101200
2019-07-23,19.0,19.030000686645508,18.440000534057617,18.520000457763672,16.836471557617188,46100
2019-07-24,18.440000534057617,18.520000457763672,18.260000228881836,18.459999084472656,16.78192710876465,54100
2019-07-25,18.489999771118164,18.530000686645508,18.1299991607666,18.280000686645508,16.6182918548584,106900
2019-07-26,18.34000015258789,19.360000610351562,18.34000015258789,19.1299991607666,17.391016006469727,42000
2019-07-29,19.1299991607666,19.3799991607666,18.920000076293945,19.31999969482422,17.56374168395996,29700
2019-07-30,19.360000610351562,19.989999771118164,19.299999237060547,19.799999237060547,18.000110626220703,32300
2019-07-31,19.729999542236328,20.3700008392334,19.639999389648438,19.790000915527344,17.991025924682617,76600
2019-08-01,19.84000015258789,20.149999618530273,19.649999618530273,19.729999542236328,17.936477661132812,48800
2019-08-02,19.59000015258789,19.59000015258789,19.09000015258789,19.280000686645508,17.527381896972656,47600
2019-08-05,19.059999465942383,19.3799991607666,18.299999237060547,18.399999618530273,16.72737693786621,52600
2019-08-06,18.649999618530273,18.780000686645508,18.030000686645508,18.43000030517578,16.754653930664062,52800
2019-08-07,18.290000915527344,18.950000762939453,18.209999084472656,18.600000381469727,16.909194946289062,29500
2019-08-08,18.770000457763672,19.020000457763672,18.489999771118164,18.8700008392334,17.154653549194336,54300
2019-08-09,18.84000015258789,18.979999542236328,18.360000610351562,18.860000610351562,17.14556312561035,31900
2019-08-12,18.770000457763672,19.489999771118164,18.459999084472656,18.719999313354492,17.018287658691406,101000
2019-08-13,18.68000030517578,19.09000015258789,18.59000015258789,18.700000762939453,17.000102996826172,66300
2019-08-14,18.530000686645508,18.899999618530273,18.219999313354492,18.440000534057617,16.763742446899414,63700
2019-08-15,18.489999771118164,18.649999618530273,18.3700008392334,18.59000015258789,16.90010643005371,53800
2019-08-16,18.700000762939453,19.229999542236328,18.5,19.219999313354492,17.47283172607422,78400
2019-08-19,19.420000076293945,19.700000762939453,19.260000228881836,19.399999618530273,17.636472702026367,25000
2019-08-20,19.3700008392334,19.65999984741211,19.209999084472656,19.350000381469727,17.591020584106445,44200
2019-08-21,19.5,19.84000015258789,19.15999984741211,19.549999237060547,17.772836685180664,24900
2019-08-22,19.670000076293945,19.700000762939453,19.450000762939453,19.56999969482422,17.791019439697266,19600
2019-08-23,19.34000015258789,19.3700008392334,18.459999084472656,18.59000015258789,16.90010643005371,44200
2019-08-26,18.719999313354492,18.84000015258789,18.540000915527344,18.760000228881836,17.054655075073242,23600
2019-08-27,18.889999389648438,18.889999389648438,18.040000915527344,18.18000030517578,16.52737808227539,36900
2019-08-28,18.079999923706055,18.59000015258789,18.079999923706055,18.200000762939453,16.54555892944336,32300
2019-08-29,17.549999237060547,19.420000076293945,17.049999237060547,19.3700008392334,17.609201431274414,155700
2019-08-30,19.209999084472656,19.209999084472656,17.770000457763672,18.15999984741211,16.509191513061523,67800
2019-09-03,18.18000030517578,18.350000381469727,17.84000015258789,18.25,16.591012954711914,56600
2019-09-04,18.5,18.579999923706055,18.350000381469727,18.459999084472656,16.78192710876465,50100
2019-09-05,18.84000015258789,19.420000076293945,18.760000228881836,19.239999771118164,17.491018295288086,57200
2019-09-06,19.34000015258789,19.670000076293945,19.25,19.360000610351562,17.600114822387695,71700
2019-09-09,19.3700008392334,19.56999969482422,18.389999389648438,18.549999237060547,16.863740921020508,158200
2019-09-10,18.020000457763672,19.25,18.0,19.040000915527344,17.309202194213867,222900
2019-09-11,19.280000686645508,20.309999465942383,19.100000381469727,20.280000686645508,18.436479568481445,123800
2019-09-12,20.59000015258789,20.59000015258789,20.0,20.200000762939453,18.363754272460938,75300
2019-09-13,20.299999237060547,20.600000381469727,20.190000534057617,20.280000686645508,18.436479568481445,53200
2019-09-16,20.280000686645508,20.469999313354492,20.100000381469727,20.31999969482422,18.472843170166016,60500
2019-09-17,20.260000228881836,20.40999984741211,19.93000030517578,20.079999923706055,18.254661560058594,49100
2019-09-18,20.059999465942383,20.1200008392334,19.489999771118164,19.81999969482422,18.018299102783203,42800
2019-09-19,19.649999618530273,19.81999969482422,18.639999389648438,18.739999771118164,17.036470413208008,63900
2019-09-20,18.670000076293945,18.719999313354492,18.25,18.399999618530273,16.72737693786621,113400
2019-09-23,18.360000610351562,18.389999389648438,18.0,18.219999313354492,16.56374168395996,63300
2019-09-24,18.219999313354492,18.309999465942383,17.93000030517578,18.020000457763672,16.381925582885742,115300
2019-09-25,18.09000015258789,18.399999618530273,18.09000015258789,18.280000686645508,16.6182918548584,50300
2019-09-26,18.309999465942383,18.489999771118164,18.1200008392334,18.40999984741211,16.73647117614746,122300
2019-09-27,18.600000381469727,18.950000762939453,18.290000915527344,18.5,16.818288803100586,81900
2019-09-30,18.6200008392334,18.6200008392334,18.260000228881836,18.360000610351562,16.691015243530273,89900
2019-10-01,18.34000015258789,18.719999313354492,17.81999969482422,17.950000762939453,16.318288803100586,55200
2019-10-02,17.809999465942383,18.139999389648438,17.639999389648438,18.0,16.363746643066406,133100
2019-10-03,18.059999465942383,18.139999389648438,17.829999923706055,18.030000686645508,16.39101219177246,68400
2019-10-04,18.030000686645508,18.149999618530273,17.959999084472656,18.149999618530273,16.56902503967285,21700
2019-10-07,18.1200008392334,18.350000381469727,17.93000030517578,18.270000457763672,16.678571701049805,30100
2019-10-08,18.09000015258789,18.290000915527344,17.81999969482422,18.06999969482422,16.495994567871094,134400
2019-10-09,18.239999771118164,18.690000534057617,18.09000015258789,18.59000015258789,16.970699310302734,44200
2019-10-10,18.56999969482422,18.950000762939453,18.420000076293945,18.43000030517578,16.82464027404785,36400
2019-10-11,18.6299991607666,18.950000762939453,18.260000228881836,18.530000686645508,16.915925979614258,43300
2019-10-14,18.530000686645508,18.670000076293945,18.18000030517578,18.649999618530273,17.025470733642578,38700
2019-10-15,18.729999542236328,19.059999465942383,18.56999969482422,18.93000030517578,17.281082153320312,41000
2019-10-16,19.010000228881836,19.030000686645508,18.68000030517578,18.84000015258789,17.198925018310547,46100
2019-10-17,18.860000610351562,18.940000534057617,18.59000015258789,18.65999984741211,17.03459930419922,30300
2019-10-18,18.540000915527344,18.639999389648438,18.280000686645508,18.329999923706055,16.73334503173828,40100
2019-10-21,18.469999313354492,18.770000457763672,18.280000686645508,18.639999389648438,17.016345977783203,47700
2019-10-22,18.65999984741211,18.799999237060547,18.399999618530273,18.65999984741211,17.03459930419922,32500
2019-10-23,18.6299991607666,18.850000381469727,18.479999542236328,18.75,17.11676025390625,34900
2019-10-24,18.75,18.850000381469727,18.600000381469727,18.790000915527344,17.153282165527344,28300
2019-10-25,18.709999084472656,19.139999389648438,18.709999084472656,19.100000381469727,17.436277389526367,29600
2019-10-28,19.25,19.809999465942383,19.25,19.40999984741211,17.71927833557129,137400
2019-10-29,19.280000686645508,19.639999389648438,19.280000686645508,19.489999771118164,17.79230499267578,33000
2019-10-30,19.520000457763672,19.579999923706055,19.06999969482422,19.170000076293945,17.50017547607422,39800
2019-10-31,19.139999389648438,19.139999389648438,18.489999771118164,18.920000076293945,17.271955490112305,36600
2019-11-01,19.06999969482422,19.360000610351562,18.920000076293945,19.059999465942383,17.399761199951172,33300
2019-11-04,19.170000076293945,19.299999237060547,18.809999465942383,18.899999618530273,17.253694534301758,33400
2019-11-05,18.979999542236328,19.219999313354492,18.719999313354492,18.75,17.11676025390625,24800
2019-11-06,18.719999313354492,18.940000534057617,18.600000381469727,18.600000381469727,16.979827880859375,26800
2019-11-07,18.760000228881836,18.760000228881836,18.510000228881836,18.56999969482422,16.95244598388672,26000
2019-11-08,18.56999969482422,18.739999771118164,18.40999984741211,18.520000457763672,16.90679931640625,17300
2019-11-11,18.360000610351562,18.469999313354492,18.239999771118164,18.40999984741211,16.80638313293457,20600
2019-11-12,18.530000686645508,19.100000381469727,18.530000686645508,18.760000228881836,17.125890731811523,47300
2019-11-13,18.610000610351562,18.920000076293945,18.479999542236328,18.829999923706055,17.189794540405273,50400
2019-11-14,18.719999313354492,18.979999542236328,18.65999984741211,18.780000686645508,17.14415168762207,66200
2019-11-15,18.8799991607666,18.959999084472656,18.700000762939453,18.889999389648438,17.244571685791016,30600
2019-11-18,18.8700008392334,19.059999465942383,18.84000015258789,19.010000228881836,17.35411834716797,22800
2019-11-19,19.09000015258789,19.5,18.950000762939453,19.399999618530273,17.71014404296875,74200
2019-11-20,19.260000228881836,19.760000228881836,19.219999313354492,19.329999923706055,17.646238327026367,33100
2019-11-21,19.25,19.34000015258789,18.770000457763672,18.809999465942383,17.17153549194336,34300
2019-11-22,18.950000762939453,18.950000762939453,18.40999984741211,18.56999969482422,16.95244598388672,20400
2019-11-25,18.530000686645508,19.350000381469727,18.440000534057617,19.170000076293945,17.50017547607422,28800
2019-11-26,19.270000457763672,19.670000076293945,19.170000076293945,19.360000610351562,17.67363166809082,17800
2019-11-27,19.469999313354492,19.700000762939453,19.469999313354492,19.579999923706055,17.874462127685547,21300
2019-11-29,19.549999237060547,19.809999465942383,19.479999542236328,19.75,18.02965545654297,10400
2019-12-02,19.670000076293945,20.0,19.649999618530273,20.0,18.257877349853516,40600
2019-12-03,19.860000610351562,20.030000686645508,19.809999465942383,20.030000686645508,18.285268783569336,34200
2019-12-04,20.049999237060547,20.399999618530273,20.020000457763672,20.299999237060547,18.531747817993164,34600
2019-12-05,20.219999313354492,20.420000076293945,20.1200008392334,20.239999771118164,18.47697639465332,17100
2019-12-06,20.34000015258789,21.459999084472656,20.34000015258789,21.25,19.398996353149414,63800
2019-12-09,21.139999389648438,21.18000030517578,20.149999618530273,20.25,18.48610496520996,67500
2019-12-10,20.329999923706055,20.59000015258789,20.15999984741211,20.34000015258789,18.56826400756836,32000
2019-12-11,20.299999237060547,20.309999465942383,19.90999984741211,20.1200008392334,18.367429733276367,40200
2019-12-12,20.100000381469727,20.700000762939453,20.0,20.239999771118164,18.47697639465332,30300
2019-12-13,20.239999771118164,20.239999771118164,19.940000534057617,20.09000015258789,18.340042114257812,24900
2019-12-16,20.079999923706055,20.5,20.079999923706055,20.239999771118164,18.47697639465332,24800
2019-12-17,20.149999618530273,20.489999771118164,20.149999618530273,20.309999465942383,18.540878295898438,24000
2019-12-18,20.350000381469727,20.350000381469727,19.670000076293945,20.010000228881836,18.267011642456055,24400
2019-12-19,19.0,19.84000015258789,18.850000381469727,19.059999465942383,17.399761199951172,55400
2019-12-20,19.110000610351562,19.25,18.770000457763672,18.8700008392334,17.22631072998047,103300
2019-12-23,18.780000686645508,18.93000030517578,18.610000610351562,18.790000915527344,17.153282165527344,36500
2019-12-24,18.90999984741211,18.979999542236328,18.579999923706055,18.780000686645508,17.14415168762207,28700
2019-12-26,18.90999984741211,19.360000610351562,18.75,19.350000381469727,17.664501190185547,22600
2019-12-27,19.510000228881836,19.510000228881836,19.010000228881836,19.219999313354492,17.61409568786621,27600
2019-12-30,19.3799991607666,19.43000030517578,19.079999923706055,19.170000076293945,17.568269729614258,24900
2019-12-31,19.260000228881836,19.3799991607666,19.139999389648438,19.229999542236328,17.623260498046875,47800
2020-01-02,19.239999771118164,19.299999237060547,18.75,19.18000030517578,17.577436447143555,37400
2020-01-03,18.979999542236328,19.329999923706055,18.75,19.040000915527344,17.449140548706055,52100
2020-01-06,18.920000076293945,19.229999542236328,18.610000610351562,19.139999389648438,17.54078483581543,49300
2020-01-07,19.06999969482422,19.389999389648438,18.920000076293945,19.15999984741211,17.559106826782227,41900
2020-01-08,19.079999923706055,19.309999465942383,18.600000381469727,18.760000228881836,17.19253158569336,35500
2020-01-09,18.719999313354492,18.719999313354492,18.309999465942383,18.440000534057617,16.899269104003906,28700
2020-01-10,18.350000381469727,18.6200008392334,18.1299991607666,18.309999465942383,16.780132293701172,30100
2020-01-13,18.8799991607666,19.469999313354492,18.360000610351562,19.40999984741211,17.78822135925293,83600
2020-01-14,20.34000015258789,21.56999969482422,19.81999969482422,20.43000030517578,18.722999572753906,138900
2020-01-15,20.34000015258789,20.81999969482422,19.889999389648438,20.09000015258789,18.411405563354492,59100
2020-01-16,20.1200008392334,20.729999542236328,19.979999542236328,20.700000762939453,18.970439910888672,85500
2020-01-17,20.889999389648438,21.06999969482422,20.549999237060547,20.670000076293945,18.942943572998047,58700
2020-01-21,20.829999923706055,21.149999618530273,20.65999984741211,21.079999923706055,19.31868553161621,84700
2020-01-22,20.920000076293945,21.139999389648438,20.5,20.520000457763672,18.80547523498535,35300
2020-01-23,20.280000686645508,20.65999984741211,20.059999465942383,20.389999389648438,18.68633460998535,39500
2020-01-24,20.290000915527344,20.309999465942383,19.959999084472656,20.1299991607666,18.44805908203125,25000
2020-01-27,19.780000686645508,20.329999923706055,19.780000686645508,20.020000457763672,18.347251892089844,19800
2020-01-28,20.059999465942383,20.09000015258789,19.8700008392334,20.049999237060547,18.37474822998047,20600
2020-01-29,20.020000457763672,20.09000015258789,19.989999771118164,20.049999237060547,18.37474822998047,23800
2020-01-30,19.93000030517578,20.15999984741211,19.579999923706055,20.06999969482422,18.393077850341797,42600
2020-01-31,19.979999542236328,19.979999542236328,19.309999465942383,19.520000457763672,17.889026641845703,35400
2020-02-03,19.600000381469727,20.15999984741211,19.600000381469727,20.0,18.328922271728516,33300
2020-02-04,20.079999923706055,20.3700008392334,19.940000534057617,20.280000686645508,18.585525512695312,31500
2020-02-05,20.440000534057617,20.56999969482422,20.31999969482422,20.549999237060547,18.832969665527344,25700
2020-02-06,20.6200008392334,20.93000030517578,20.559999465942383,20.889999389648438,19.144563674926758,27500
2020-02-07,20.899999618530273,20.969999313354492,20.809999465942383,20.850000381469727,19.107906341552734,30200
2020-02-10,20.700000762939453,21.350000381469727,20.649999618530273,21.299999237060547,19.520301818847656,40600
2020-02-11,21.43000030517578,21.43000030517578,20.440000534057617,20.5,18.787147521972656,22600
2020-02-12,20.690000534057617,20.940000534057617,20.31999969482422,20.65999984741211,18.93377685546875,15300
2020-02-13,20.459999084472656,20.979999542236328,20.31999969482422,20.979999542236328,19.227039337158203,28300
2020-02-14,20.649999618530273,21.450000762939453,20.649999618530273,21.25,19.474477767944336,23000
2020-02-18,21.149999618530273,21.850000381469727,21.059999465942383,21.809999465942383,19.987689971923828,55500
2020-02-19,21.790000915527344,21.84000015258789,20.65999984741211,20.739999771118164,19.007089614868164,27900
2020-02-20,20.700000762939453,20.899999618530273,20.290000915527344,20.5,18.787147521972656,32900
2020-02-21,20.549999237060547,20.549999237060547,19.610000610351562,19.760000228881836,18.108972549438477,54100
2020-02-24,19.329999923706055,19.6200008392334,19.170000076293945,19.3700008392334,17.751564025878906,42600
2020-02-25,19.399999618530273,19.68000030517578,19.079999923706055,19.15999984741211,17.559106826782227,37000
2020-02-26,19.290000915527344,20.549999237060547,18.75,18.75,17.183364868164062,23400
2020-02-27,18.40999984741211,18.809999465942383,18.049999237060547,18.149999618530273,16.633495330810547,38800
2020-02-28,17.700000762939453,17.829999923706055,16.5,16.700000762939453,15.304652214050293,68500
2020-03-02,16.799999237060547,16.899999618530273,16.18000030517578,16.510000228881836,15.13052749633789,44200
2020-03-03,16.530000686645508,17.0,16.530000686645508,16.700000762939453,15.304652214050293,43700
2020-03-04,16.950000762939453,17.0,16.790000915527344,16.940000534057617,15.52459716796875,68100
2020-03-05,16.770000457763672,17.579999923706055,16.59000015258789,17.020000457763672,15.597912788391113,71900
2020-03-06,16.75,17.3700008392334,16.440000534057617,17.059999465942383,15.634572982788086,58400
2020-03-09,16.920000076293945,16.920000076293945,15.449999809265137,15.84000015258789,14.516507148742676,43000
2020-03-10,16.280000686645508,16.280000686645508,15.079999923706055,15.6899995803833,14.37903881072998,47000
2020-03-11,15.3100004196167,15.529999732971191,14.699999809265137,15.039999961853027,13.78334903717041,49700
2020-03-12,12.4399995803833,13.779999732971191,10.600000381469727,11.489999771118164,10.529966354370117,212800
2020-03-13,12.5,14.020000457763672,11.6899995803833,14.020000457763672,12.8485746383667,130700
2020-03-16,13.449999809265137,14.670000076293945,12.789999961853027,13.399999618530273,12.280378341674805,95200
2020-03-17,13.989999771118164,14.149999618530273,12.289999961853027,13.539999961853027,12.408679962158203,152600
2020-03-18,13.210000038146973,13.630000114440918,12.5,12.619999885559082,11.565549850463867,60200
2020-03-19,12.579999923706055,13.539999961853027,12.579999923706055,13.210000038146973,12.106254577636719,56400
2020-03-20,13.15999984741211,14.529999732971191,12.770000457763672,13.899999618530273,12.738601684570312,173800
2020-03-23,14.229999542236328,14.229999542236328,13.34000015258789,13.869999885559082,12.71111011505127,92600
2020-03-24,14.0600004196167,14.649999618530273,13.460000038146973,13.789999961853027,12.637791633605957,77500
2020-03-25,13.75,14.180000305175781,13.1899995803833,13.789999961853027,12.637791633605957,82400
2020-03-26,13.720000267028809,14.34000015258789,13.720000267028809,14.0,12.830246925354004,53200
2020-03-27,13.510000228881836,14.029999732971191,12.869999885559082,12.890000343322754,11.812992095947266,56900
2020-03-30,13.109999656677246,13.180000305175781,12.84000015258789,13.180000305175781,12.07875919342041,48900
2020-03-31,13.100000381469727,13.279999732971191,12.850000381469727,13.100000381469727,12.005446434020996,55300
2020-04-01,12.779999732971191,12.800000190734863,11.680000305175781,11.720000267028809,10.740751266479492,101000
2020-04-02,11.699999809265137,12.319999694824219,11.600000381469727,12.020000457763672,11.015684127807617,86700
2020-04-03,12.0,12.390000343322754,11.4399995803833,11.930000305175781,11.001849174499512,69300
2020-04-06,12.279999732971191,12.6899995803833,11.829999923706055,12.449999809265137,11.481395721435547,186300
2020-04-07,12.630000114440918,13.220000267028809,12.630000114440918,12.90999984741211,11.905606269836426,62400
2020-04-08,13.050000190734863,13.279999732971191,12.729999542236328,13.010000228881836,11.997825622558594,73900
2020-04-09,13.300000190734863,13.300000190734863,12.890000343322754,13.020000457763672,12.007047653198242,80500
2020-04-13,12.84000015258789,13.239999771118164,12.520000457763672,13.039999961853027,12.025493621826172,44800
2020-04-14,13.100000381469727,14.0600004196167,13.100000381469727,13.819999694824219,12.744807243347168,94100
2020-04-15,13.369999885559082,13.710000038146973,12.130000114440918,12.970000267028809,11.960938453674316,67200
2020-04-16,13.069999694824219,13.210000038146973,12.390000343322754,12.90999984741211,11.905606269836426,51900
2020-04-17,13.170000076293945,13.920000076293945,13.170000076293945,13.569999694824219,12.514257431030273,283400
2020-04-20,13.229999542236328,13.350000381469727,12.380000114440918,12.579999923706055,11.601280212402344,66600
2020-04-21,12.34000015258789,12.420000076293945,11.739999771118164,12.050000190734863,11.11251449584961,64500
2020-04-22,12.300000190734863,12.739999771118164,12.050000190734863,12.5,11.527504920959473,56200
2020-04-23,12.5,13.109999656677246,12.449999809265137,12.84000015258789,11.841055870056152,49700
2020-04-24,12.779999732971191,13.170000076293945,12.0600004196167,12.9399995803833,11.933272361755371,113000
2020-04-27,13.630000114440918,14.069999694824219,13.329999923706055,13.8100004196167,12.735588073730469,110900
2020-04-28,14.15999984741211,14.199999809265137,13.630000114440918,13.949999809265137,12.864693641662598,70500
2020-04-29,14.40999984741211,14.949999809265137,14.0600004196167,14.630000114440918,13.491791725158691,91800
2020-04-30,14.350000381469727,14.350000381469727,13.350000381469727,13.350000381469727,12.31137466430664,56000
2020-05-01,13.130000114440918,13.520000457763672,11.720000267028809,11.779999732971191,10.863520622253418,111800
2020-05-04,11.720000267028809,12.0600004196167,11.609999656677246,11.819999694824219,10.900408744812012,123500
2020-05-05,12.020000457763672,12.670000076293945,11.949999809265137,12.020000457763672,11.084848403930664,140500
2020-05-06,12.130000114440918,12.489999771118164,11.8100004196167,12.180000305175781,11.23239803314209,42200
2020-05-07,12.380000114440918,12.5600004196167,12.210000038146973,12.319999694824219,11.361506462097168,82200
2020-05-08,12.550000190734863,13.550000190734863,12.489999771118164,13.470000267028809,12.422038078308105,80000
2020-05-11,13.359999656677246,13.359999656677246,12.739999771118164,12.779999732971191,11.785720825195312,70300
2020-05-12,12.789999961853027,12.8100004196167,12.199999809265137,12.449999809265137,11.481395721435547,70600
2020-05-13,12.239999771118164,12.3100004196167,11.449999809265137,11.59000015258789,10.688301086425781,139300
2020-05-14,11.34000015258789,11.710000038146973,10.90999984741211,11.710000038146973,10.798968315124512,125300
2020-05-15,11.720000267028809,12.149999618530273,11.5600004196167,12.0600004196167,11.121734619140625,78800
2020-05-18,12.449999809265137,13.170000076293945,12.449999809265137,13.0600004196167,12.043936729431152,74800
2020-05-19,12.899999618530273,13.289999961853027,12.829999923706055,12.899999618530273,11.896382331848145,50300
2020-05-20,13.100000381469727,13.100000381469727,12.460000038146973,12.65999984741211,11.675054550170898,66500
2020-05-21,12.550000190734863,12.930000305175781,12.399999618530273,12.770000457763672,11.77649974822998,33100
2020-05-22,12.899999618530273,12.899999618530273,12.399999618530273,12.6899995803833,11.702720642089844,19600
2020-05-26,13.119999885559082,13.319999694824219,12.800000190734863,12.880000114440918,11.877942085266113,99000
2020-05-27,13.170000076293945,13.470000267028809,12.859999656677246,13.460000038146973,12.412817001342773,83900
2020-05-28,13.569999694824219,14.15999984741211,13.489999771118164,13.609999656677246,12.551146507263184,66600
2020-05-29,13.470000267028809,13.609999656677246,13.0,13.359999656677246,12.320596694946289,94500
2020-06-01,13.40999984741211,13.420000076293945,12.729999542236328,12.75,11.758055686950684,70600
2020-06-02,12.930000305175781,13.390000343322754,12.75,13.279999732971191,12.246819496154785,77300
2020-06-03,13.460000038146973,14.270000457763672,13.460000038146973,14.079999923706055,12.984580039978027,79400
2020-06-04,13.899999618530273,14.75,13.899999618530273,14.630000114440918,13.491791725158691,57900
2020-06-05,15.170000076293945,15.729999542236328,15.170000076293945,15.4399995803833,14.23877239227295,79700
2020-06-08,16.049999237060547,16.06999969482422,13.869999885559082,14.149999618530273,13.049134254455566,137600
2020-06-09,14.079999923706055,14.079999923706055,13.609999656677246,13.729999542236328,12.661809921264648,91000
2020-06-10,13.510000228881836,14.770000457763672,13.119999885559082,14.5,13.371905326843262,187800
2020-06-11,14.010000228881836,14.010000228881836,13.119999885559082,13.40999984741211,12.366706848144531,164700
2020-06-12,13.930000305175781,14.199999809265137,13.100000381469727,13.899999618530273,12.818584442138672,178700
2020-06-15,13.5600004196167,14.359999656677246,13.430000305175781,14.100000381469727,13.00302505493164,123700
2020-06-16,14.229999542236328,15.199999809265137,13.819999694824219,14.710000038146973,13.565566062927246,142300
2020-06-17,14.8100004196167,14.8100004196167,13.399999618530273,13.529999732971191,12.477371215820312,151100
2020-06-18,13.369999885559082,13.819999694824219,13.239999771118164,13.300000190734863,12.265265464782715,55700
2020-06-19,13.399999618530273,13.399999618530273,12.979999542236328,12.979999542236328,11.970159530639648,169800
2020-06-22,12.90999984741211,13.1899995803833,12.90999984741211,13.100000381469727,12.080825805664062,96300
2020-06-23,13.300000190734863,13.630000114440918,13.170000076293945,13.380000114440918,12.339040756225586,53300
2020-06-24,13.300000190734863,13.539999961853027,13.100000381469727,13.470000267028809,12.422038078308105,78900
2020-06-25,13.430000305175781,13.720000267028809,13.25,13.460000038146973,12.412817001342773,74700
2020-06-26,13.34000015258789,13.65999984741211,13.229999542236328,13.529999732971191,12.477371215820312,224900
2020-06-29,13.720000267028809,14.1899995803833,13.510000228881836,13.8100004196167,12.735588073730469,92700
2020-06-30,13.75,14.609999656677246,13.699999809265137,14.489999771118164,13.362683296203613,127600
2020-07-01,14.5,14.75,13.920000076293945,14.069999694824219,12.975358963012695,67100
2020-07-02,14.279999732971191,14.609999656677246,13.930000305175781,14.020000457763672,12.998537063598633,65300
2020-07-06,14.350000381469727,14.350000381469727,13.800000190734863,14.1899995803833,13.156150817871094,100600
2020-07-07,13.930000305175781,13.930000305175781,13.399999618530273,13.460000038146973,12.479338645935059,61800
2020-07-08,13.390000343322754,13.680000305175781,13.25,13.640000343322754,12.646223068237305,83100
2020-07-09,13.59000015258789,13.630000114440918,12.720000267028809,12.789999961853027,11.858154296875,83200
2020-07-10,12.899999618530273,13.170000076293945,12.779999732971191,13.069999694824219,12.117752075195312,59700
2020-07-13,13.239999771118164,13.430000305175781,12.880000114440918,13.239999771118164,12.27536678314209,113600
2020-07-14,13.300000190734863,13.460000038146973,13.109999656677246,13.319999694824219,12.349536895751953,60800
2020-07-15,13.520000457763672,13.9399995803833,13.5,13.670000076293945,12.674036026000977,56200
2020-07-16,13.699999809265137,13.770000457763672,13.5,13.670000076293945,12.674036026000977,63800
2020-07-17,13.609999656677246,13.979999542236328,13.449999809265137,13.630000114440918,12.636954307556152,138500
2020-07-20,13.529999732971191,13.529999732971191,13.039999961853027,13.300000190734863,12.330995559692383,76500
2020-07-21,13.5,13.970000267028809,13.5,13.90999984741211,12.896553993225098,62400
2020-07-22,13.75,13.899999618530273,13.550000190734863,13.789999961853027,12.785294532775879,50800
2020-07-23,13.699999809265137,14.220000267028809,13.699999809265137,14.130000114440918,13.100523948669434,35000
2020-07-24,14.149999618530273,14.149999618530273,13.75,13.800000190734863,12.79456615447998,37300
2020-07-27,13.739999771118164,13.960000038146973,13.350000381469727,13.5600004196167,12.572052955627441,72100
2020-07-28,13.510000228881836,14.369999885559082,13.510000228881836,14.25,13.211780548095703,49400
2020-07-29,14.4399995803833,14.579999923706055,14.260000228881836,14.510000228881836,13.452837944030762,82300
2020-07-30,14.260000228881836,14.460000038146973,14.15999984741211,14.239999771118164,13.202507972717285,46100
2020-07-31,14.119999885559082,14.1899995803833,13.319999694824219,13.479999542236328,12.497879981994629,53200
2020-08-03,13.800000190734863,13.800000190734863,13.180000305175781,13.520000457763672,12.534967422485352,52000
2020-08-04,13.4399995803833,13.970000267028809,13.4399995803833,13.890000343322754,12.878007888793945,32200
2020-08-05,14.020000457763672,14.220000267028809,13.8100004196167,14.199999809265137,13.165423393249512,30500
2020-08-06,14.029999732971191,14.300000190734863,13.6899995803833,13.890000343322754,12.878007888793945,34800
2020-08-07,13.770000457763672,14.600000381469727,13.729999542236328,14.539999961853027,13.480649948120117,31500
2020-08-10,14.65999984741211,15.109999656677246,14.65999984741211,14.800000190734863,13.721708297729492,37400
2020-08-11,15.050000190734863,15.270000457763672,14.630000114440918,14.729999542236328,13.656806945800781,40300
2020-08-12,14.890000343322754,15.069999694824219,14.819999694824219,15.010000228881836,13.91640853881836,23900
2020-08-13,14.859999656677246,15.119999885559082,14.270000457763672,14.3100004196167,13.26740837097168,42400
2020-08-14,14.15999984741211,14.729999542236328,14.15999984741211,14.6899995803833,13.619722366333008,29900
2020-08-17,14.5600004196167,14.869999885559082,14.390000343322754,14.739999771118164,13.666080474853516,25300
2020-08-18,14.710000038146973,14.899999618530273,14.579999923706055,14.789999961853027,13.71243667602539,33400
2020-08-19,14.770000457763672,15.529999732971191,14.770000457763672,15.300000190734863,14.185277938842773,44700
2020-08-20,15.0600004196167,15.489999771118164,15.0600004196167,15.289999961853027,14.176009178161621,32900
2020-08-21,15.3100004196167,15.3100004196167,14.170000076293945,14.34000015258789,13.295223236083984,73900
2020-08-24,14.5600004196167,15.119999885559082,14.25,15.069999694824219,13.972038269042969,29900
2020-08-25,15.0,15.300000190734863,14.800000190734863,14.890000343322754,13.80515193939209,30400
2020-08-26,14.829999923706055,15.029999732971191,14.619999885559082,14.75,13.6753511428833,26400
2020-08-27,14.75,15.020000457763672,14.65999984741211,14.920000076293945,13.832966804504395,21400
2020-08-28,15.109999656677246,15.130000114440918,14.550000190734863,14.630000114440918,13.564096450805664,61100
2020-08-31,14.630000114440918,15.460000038146973,14.430000305175781,14.470000267028809,13.415749549865723,54900
2020-09-01,14.350000381469727,14.65999984741211,14.130000114440918,14.4399995803833,13.387935638427734,60800
2020-09-02,14.369999885559082,14.899999618530273,14.369999885559082,14.859999656677246,13.777336120605469,26900
2020-09-03,14.899999618530273,15.0600004196167,14.430000305175781,14.600000381469727,13.536279678344727,25900
2020-09-04,14.880000114440918,14.880000114440918,14.25,14.40999984741211,13.360124588012695,21300
2020-09-08,14.289999961853027,14.649999618530273,14.140000343322754,14.399999618530273,13.350852012634277,24400
2020-09-09,14.420000076293945,15.369999885559082,14.3100004196167,14.920000076293945,13.832966804504395,50100
2020-09-10,15.210000038146973,16.780000686645508,14.859999656677246,16.0,14.834280014038086,132600
2020-09-11,16.280000686645508,16.280000686645508,15.369999885559082,15.59000015258789,14.454151153564453,41300
2020-09-14,15.699999809265137,16.170000076293945,15.640000343322754,15.729999542236328,14.583949089050293,68100
2020-09-15,15.800000190734863,15.899999618530273,15.050000190734863,15.1899995803833,14.083295822143555,52100
2020-09-16,15.760000228881836,15.760000228881836,14.800000190734863,14.84000015258789,13.758795738220215,44200
2020-09-17,14.800000190734863,15.039999961853027,14.5600004196167,14.600000381469727,13.536279678344727,68600
2020-09-18,14.850000381469727,15.40999984741211,14.0,15.399999618530273,14.277994155883789,373200
2020-09-21,15.029999732971191,15.3100004196167,13.859999656677246,14.369999885559082,13.323038101196289,102400
2020-09-22,14.40999984741211,14.579999923706055,13.930000305175781,14.550000190734863,13.489923477172852,53100
2020-09-23,14.609999656677246,14.710000038146973,13.65999984741211,13.75,12.748208045959473,64000
2020-09-24,13.819999694824219,14.520000457763672,13.680000305175781,14.100000381469727,13.072710037231445,40900
2020-09-25,14.050000190734863,14.420000076293945,14.050000190734863,14.300000190734863,13.258137702941895,23700
2020-09-28,14.390000343322754,14.84000015258789,14.390000343322754,14.470000267028809,13.415749549865723,58400
2020-09-29,14.449999809265137,14.520000457763672,14.170000076293945,14.229999542236328,13.193238258361816,18400
2020-09-30,14.380000114440918,14.539999961853027,14.180000305175781,14.300000190734863,13.258137702941895,25500
2020-10-01,14.3100004196167,14.3100004196167,13.850000381469727,14.1899995803833,13.156150817871094,30600
2020-10-02,14.149999618530273,14.5600004196167,13.979999542236328,14.539999961853027,13.480649948120117,55900
2020-10-05,14.710000038146973,14.899999618530273,14.609999656677246,14.789999961853027,13.71243667602539,32000
2020-10-06,15.020000457763672,15.25,14.649999618530273,15.029999732971191,13.934950828552246,79100
2020-10-07,15.199999809265137,15.8100004196167,15.15999984741211,15.680000305175781,14.537593841552734,71500
2020-10-08,15.8100004196167,16.020000457763672,15.390000343322754,15.4399995803833,14.383878707885742,60200
2020-10-09,15.649999618530273,15.649999618530273,14.850000381469727,14.979999542236328,13.955344200134277,29800
2020-10-12,14.890000343322754,15.079999923706055,14.859999656677246,14.90999984741211,13.890132904052734,43000
2020-10-13,14.869999885559082,14.869999885559082,14.460000038146973,14.529999732971191,13.536125183105469,26000
2020-10-14,14.380000114440918,14.850000381469727,14.380000114440918,14.569999694824219,13.573389053344727,15800
2020-10-15,14.819999694824219,15.210000038146973,14.430000305175781,14.960000038146973,13.936713218688965,28600
2020-10-16,15.0,15.149999618530273,14.609999656677246,14.979999542236328,13.955344200134277,29800
2020-10-19,14.970000267028809,15.050000190734863,14.819999694824219,14.859999656677246,13.843552589416504,30200
2020-10-20,15.0,15.0,14.680000305175781,14.739999771118164,13.73176097869873,10500
2020-10-21,14.640000343322754,15.010000228881836,14.600000381469727,14.710000038146973,13.703811645507812,12300
2020-10-22,14.8100004196167,15.029999732971191,14.550000190734863,14.949999809265137,13.927396774291992,27000
2020-10-23,14.960000038146973,15.010000228881836,14.699999809265137,14.869999885559082,13.852869033813477,17700
2020-10-26,14.869999885559082,14.949999809265137,14.5600004196167,14.710000038146973,13.703811645507812,19900
2020-10-27,14.59000015258789,14.670000076293945,14.329999923706055,14.449999809265137,13.461596488952637,14700
2020-10-28,14.149999618530273,14.359999656677246,13.40999984741211,13.529999732971191,12.60452651977539,70600
2020-10-29,13.449999809265137,14.100000381469727,13.329999923706055,14.029999732971191,13.070324897766113,17700
2020-10-30,14.010000228881836,14.479999542236328,13.569999694824219,13.829999923706055,12.88400650024414,29300
2020-11-02,14.029999732971191,14.029999732971191,13.670000076293945,13.84000015258789,12.89332389831543,22600
2020-11-03,14.180000305175781,14.460000038146973,13.729999542236328,14.020000457763672,13.06101131439209,64900
2020-11-04,13.729999542236328,13.819999694824219,13.449999809265137,13.520000457763672,12.595211029052734,23200
2020-11-05,13.600000381469727,14.079999923706055,13.600000381469727,13.949999809265137,12.99579906463623,19400
2020-11-06,13.880000114440918,14.210000038146973,13.850000381469727,13.970000267028809,13.014431953430176,16200
2020-11-09,14.760000228881836,15.199999809265137,14.449999809265137,14.479999542236328,13.489544868469238,63300
2020-11-10,14.739999771118164,14.920000076293945,14.050000190734863,14.729999542236328,13.722445487976074,50500
2020-11-11,14.84000015258789,15.109999656677246,14.710000038146973,14.970000267028809,13.946028709411621,25300
2020-11-12,14.869999885559082,14.869999885559082,14.069999694824219,14.359999656677246,13.377753257751465,29100
2020-11-13,14.5600004196167,14.869999885559082,14.4399995803833,14.739999771118164,13.73176097869873,20700
2020-11-16,14.859999656677246,15.109999656677246,14.84000015258789,15.0600004196167,14.029871940612793,37400
2020-11-17,15.010000228881836,15.100000381469727,14.770000457763672,14.829999923706055,13.815606117248535,39700
2020-11-18,15.1899995803833,15.1899995803833,14.699999809265137,14.800000190734863,13.787656784057617,57000
2020-11-19,14.6899995803833,15.09000015258789,14.520000457763672,14.800000190734863,13.787656784057617,24300
2020-11-20,14.640000343322754,15.050000190734863,14.430000305175781,14.65999984741211,13.657232284545898,37200
2020-11-23,14.770000457763672,15.039999961853027,14.739999771118164,14.970000267028809,13.946028709411621,30000
2020-11-24,15.170000076293945,15.479999542236328,14.899999618530273,15.3100004196167,14.262774467468262,51600
2020-11-25,15.170000076293945,15.390000343322754,14.90999984741211,15.3100004196167,14.262774467468262,18600
2020-11-27,15.300000190734863,15.579999923706055,14.75,15.09000015258789,14.057820320129395,56900
2020-11-30,15.010000228881836,15.140000343322754,14.5,14.630000114440918,13.629284858703613,99000
2020-12-01,14.729999542236328,14.739999771118164,14.460000038146973,14.649999618530273,13.647916793823242,113600
2020-12-02,14.510000228881836,14.930000305175781,14.220000267028809,14.850000381469727,13.834236145019531,42300
2020-12-03,14.850000381469727,15.1899995803833,14.8100004196167,14.9399995803833,13.918081283569336,31500
2020-12-04,14.930000305175781,15.510000228881836,14.930000305175781,15.289999961853027,14.244140625,77600
2020-12-07,15.260000228881836,15.630000114440918,15.140000343322754,15.170000076293945,14.132347106933594,23000
2020-12-08,15.069999694824219,15.270000457763672,14.970000267028809,15.1899995803833,14.150979042053223,90000
2020-12-09,15.359999656677246,15.390000343322754,15.039999961853027,15.039999961853027,14.01124095916748,83900
2020-12-10,15.039999961853027,15.09000015258789,14.899999618530273,15.09000015258789,14.057820320129395,31400
2020-12-11,14.899999618530273,15.65999984741211,14.800000190734863,15.449999809265137,14.393196105957031,59100
2020-12-14,15.5,15.640000343322754,15.15999984741211,15.260000228881836,14.216190338134766,75200
2020-12-15,15.399999618530273,15.90999984741211,15.300000190734863,15.800000190734863,14.719255447387695,48900
2020-12-16,15.989999771118164,15.989999771118164,15.550000190734863,15.600000381469727,14.53293514251709,58700
2020-12-17,15.5600004196167,15.819999694824219,15.550000190734863,15.630000114440918,14.560885429382324,86800
2020-12-18,15.739999771118164,15.739999771118164,15.0,15.229999542236328,14.18824291229248,246500
2020-12-21,15.359999656677246,15.819999694824219,14.90999984741211,15.649999618530273,14.579513549804688,202000
2020-12-22,15.710000038146973,16.25,15.300000190734863,16.0,14.9055757522583,86800
2020-12-23,16.139999389648438,17.540000915527344,16.139999389648438,17.139999389648438,15.967597007751465,103700
2020-12-24,17.520000457763672,17.84000015258789,16.780000686645508,17.0,15.906777381896973,32900
2020-12-28,17.5,17.5,16.850000381469727,17.25,16.140701293945312,59100
2020-12-29,17.329999923706055,17.489999771118164,16.420000076293945,16.6299991607666,15.560568809509277,57400
2020-12-30,16.899999618530273,17.6200008392334,16.559999465942383,16.709999084472656,15.63542652130127,38900
2020-12-31,16.770000457763672,16.860000610351562,16.549999237060547,16.649999618530273,15.579285621643066,30900
2021-01-04,16.799999237060547,16.959999084472656,16.209999084472656,16.3799991607666,15.326645851135254,44800
2021-01-05,16.40999984741211,16.799999237060547,16.299999237060547,16.479999542236328,15.420217514038086,43000
2021-01-06,16.799999237060547,17.760000228881836,16.760000228881836,17.40999984741211,16.29041290283203,60800
2021-01-07,17.719999313354492,17.760000228881836,17.239999771118164,17.450000762939453,16.327842712402344,46800
2021-01-08,17.549999237060547,17.549999237060547,17.079999923706055,17.290000915527344,16.178129196166992,30900
2021-01-11,17.3799991607666,17.770000457763672,17.0,17.110000610351562,16.00970458984375,63300
2021-01-12,16.010000228881836,16.739999771118164,15.850000381469727,16.049999237060547,15.017871856689453,121900
2021-01-13,16.020000457763672,16.049999237060547,15.569999694824219,15.609999656677246,14.60616397857666,123800
2021-01-14,15.649999618530273,16.3700008392334,15.649999618530273,15.829999923706055,14.812017440795898,85100
2021-01-15,15.789999961853027,15.859999656677246,15.210000038146973,15.380000114440918,14.390955924987793,76200
2021-01-19,15.510000228881836,15.550000190734863,15.130000114440918,15.399999618530273,14.409668922424316,74000
2021-01-20,15.350000381469727,16.299999237060547,15.25,16.170000076293945,15.130152702331543,234700
2021-01-21,16.100000381469727,16.8799991607666,15.9399995803833,16.530000686645508,15.46700382232666,52600
2021-01-22,16.40999984741211,16.940000534057617,16.40999984741211,16.93000030517578,15.841279983520508,50500
2021-01-25,16.780000686645508,17.110000610351562,16.639999389648438,17.020000457763672,15.925493240356445,135800
2021-01-26,17.260000228881836,17.329999923706055,16.780000686645508,16.850000381469727,15.766426086425781,40900
2021-01-27,16.3799991607666,16.469999313354492,15.829999923706055,16.200000762939453,15.158224105834961,56900
2021-01-28,16.360000610351562,16.360000610351562,16.079999923706055,16.200000762939453,15.158224105834961,48900
2021-01-29,16.139999389648438,16.65999984741211,15.960000038146973,15.970000267028809,14.943015098571777,71100
2021-02-01,16.18000030517578,16.229999542236328,15.539999961853027,15.65999984741211,14.652949333190918,40300
2021-02-02,15.899999618530273,16.049999237060547,15.579999923706055,15.699999809265137,14.690377235412598,40400
2021-02-03,15.619999885559082,16.020000457763672,15.479999542236328,15.600000381469727,14.596806526184082,59700
2021-02-04,15.970000267028809,16.43000030517578,15.630000114440918,15.649999618530273,14.643590927124023,59900
2021-02-05,15.760000228881836,16.0,15.640000343322754,15.829999923706055,14.812017440795898,19700
2021-02-08,16.3799991607666,16.3799991607666,15.520000457763672,16.100000381469727,15.064654350280762,39200
2021-02-09,15.979999542236328,16.690000534057617,15.890000343322754,16.25,15.205007553100586,21100
2021-02-10,16.280000686645508,16.549999237060547,15.760000228881836,16.1299991607666,15.092724800109863,26000
2021-02-11,16.309999465942383,16.450000762939453,16.040000915527344,16.18000030517578,15.139510154724121,26200
2021-02-12,16.1299991607666,16.299999237060547,15.8100004196167,16.010000228881836,14.980443000793457,36700
2021-02-16,16.09000015258789,16.440000534057617,16.040000915527344,16.34000015258789,15.289222717285156,21900
2021-02-17,16.270000457763672,16.420000076293945,15.869999885559082,15.949999809265137,14.924300193786621,32600
2021-02-18,15.979999542236328,16.06999969482422,15.0,15.199999809265137,14.222528457641602,66400
2021-02-19,15.239999771118164,15.489999771118164,14.960000038146973,15.229999542236328,14.250600814819336,76900
2021-02-22,15.260000228881836,15.979999542236328,15.199999809265137,15.8100004196167,14.793303489685059,39700
2021-02-23,15.84000015258789,15.84000015258789,15.119999885559082,15.390000343322754,14.400311470031738,36900
2021-02-24,15.40999984741211,15.850000381469727,15.350000381469727,15.390000343322754,14.400311470031738,42800
2021-02-25,15.75,15.869999885559082,15.15999984741211,15.380000114440918,14.390955924987793,49500
2021-02-26,15.369999885559082,15.5,15.199999809265137,15.329999923706055,14.344171524047852,57900
2021-03-01,15.420000076293945,15.9399995803833,15.420000076293945,15.829999923706055,14.812017440795898,43900
2021-03-02,15.800000190734863,15.960000038146973,15.75,15.899999618530273,14.87751579284668,21800
2021-03-03,16.1299991607666,16.139999389648438,15.949999809265137,16.09000015258789,15.0552978515625,38500
2021-03-04,16.049999237060547,16.280000686645508,15.800000190734863,15.84000015258789,14.821372985839844,75700
2021-03-05,16.6299991607666,17.209999084472656,16.5,16.899999618530273,15.813206672668457,137000
2021-03-08,16.899999618530273,18.43000030517578,16.84000015258789,18.239999771118164,17.067035675048828,88400
2021-03-09,18.31999969482422,18.610000610351562,17.709999084472656,18.530000686645508,17.33839225769043,49800
2021-03-10,18.350000381469727,19.079999923706055,18.0,18.56999969482422,17.375818252563477,57700
2021-03-11,18.989999771118164,19.3700008392334,17.610000610351562,18.329999923706055,17.151248931884766,61000
2021-03-12,18.3799991607666,19.079999923706055,18.309999465942383,19.010000228881836,17.787521362304688,50000
2021-03-15,18.899999618530273,19.190000534057617,18.010000228881836,18.40999984741211,17.226104736328125,66800
2021-03-16,18.290000915527344,18.459999084472656,17.549999237060547,17.8799991607666,16.730186462402344,53600
2021-03-17,17.8700008392334,17.8700008392334,17.15999984741211,17.239999771118164,16.131345748901367,129000
2021-03-18,17.56999969482422,17.600000381469727,17.1200008392334,17.190000534057617,16.084558486938477,107100
2021-03-19,17.31999969482422,17.510000228881836,17.15999984741211,17.219999313354492,16.112628936767578,347300
2021-03-22,17.1200008392334,17.329999923706055,16.65999984741211,16.989999771118164,15.897419929504395,94200
2021-03-23,16.920000076293945,16.920000076293945,16.110000610351562,16.15999984741211,15.120793342590332,133400
2021-03-24,16.649999618530273,17.15999984741211,16.299999237060547,16.389999389648438,15.336005210876465,108200
2021-03-25,16.31999969482422,16.709999084472656,16.209999084472656,16.600000381469727,15.532501220703125,70100
2021-03-26,16.8700008392334,17.34000015258789,16.690000534057617,17.34000015258789,16.224910736083984,69000
2021-03-29,17.690000534057617,17.690000534057617,17.25,17.290000915527344,16.178129196166992,60100
2021-03-30,17.25,17.440000534057617,16.950000762939453,17.1200008392334,16.019065856933594,52000
2021-03-31,17.059999465942383,17.649999618530273,17.059999465942383,17.5,16.374624252319336,68100
2021-04-01,17.360000610351562,17.510000228881836,16.979999542236328,17.309999465942383,16.26655387878418,60300
2021-04-05,17.40999984741211,17.579999923706055,17.059999465942383,17.40999984741211,16.360523223876953,48600
2021-04-06,17.399999618530273,17.639999389648438,17.100000381469727,17.25,16.210174560546875,82000
2021-04-07,17.239999771118164,17.239999771118164,16.68000030517578,17.0,15.975242614746094,73600
2021-04-08,16.989999771118164,17.06999969482422,16.6200008392334,17.020000457763672,15.994038581848145,94900
2021-04-09,17.020000457763672,17.510000228881836,16.799999237060547,17.40999984741211,16.360523223876953,73700
2021-04-12,17.329999923706055,17.549999237060547,17.219999313354492,17.34000015258789,16.294750213623047,47100
2021-04-13,17.229999542236328,18.350000381469727,17.010000228881836,18.209999084472656,17.112302780151367,133300
2021-04-14,18.290000915527344,18.469999313354492,18.020000457763672,18.25,17.149892807006836,44800
2021-04-15,18.219999313354492,18.309999465942383,17.6200008392334,17.850000381469727,16.774003982543945,40000
2021-04-16,17.940000534057617,18.100000381469727,17.31999969482422,17.56999969482422,16.510881423950195,38000
2021-04-19,17.760000228881836,17.760000228881836,17.25,17.510000228881836,16.454498291015625,75800
2021-04-20,17.31999969482422,17.959999084472656,17.09000015258789,17.200000762939453,16.163188934326172,37900
2021-04-21,17.3799991607666,17.65999984741211,17.040000915527344,17.530000686645508,16.47329330444336,40300
2021-04-22,17.610000610351562,17.610000610351562,17.059999465942383,17.1200008392334,16.088008880615234,26200
2021-04-23,17.190000534057617,17.549999237060547,17.1200008392334,17.43000030517578,16.379322052001953,23100
2021-04-26,17.510000228881836,17.729999542236328,17.399999618530273,17.579999923706055,16.520278930664062,26000
2021-04-27,17.59000015258789,17.790000915527344,17.5,17.68000030517578,16.614253997802734,34700
2021-04-28,17.65999984741211,17.90999984741211,17.479999542236328,17.799999237060547,16.727018356323242,47400
2021-04-29,17.850000381469727,18.200000762939453,17.709999084472656,18.020000457763672,16.933757781982422,29200
2021-04-30,17.829999923706055,18.15999984741211,17.479999542236328,18.059999465942383,16.971349716186523,57800
2021-05-03,18.1299991607666,18.559999465942383,18.1299991607666,18.530000686645508,17.41301727294922,46100
2021-05-04,18.3799991607666,18.68000030517578,18.260000228881836,18.469999313354492,17.35663414001465,29900
2021-05-05,18.469999313354492,18.93000030517578,18.079999923706055,18.84000015258789,17.704326629638672,46100
2021-05-06,18.75,19.0,18.399999618530273,18.860000610351562,17.723121643066406,53900
2021-05-07,18.790000915527344,18.940000534057617,18.579999923706055,18.780000686645508,17.6479434967041,23200
2021-05-10,18.75,18.90999984741211,18.700000762939453,18.770000457763672,17.6385498046875,31100
2021-05-11,18.510000228881836,18.65999984741211,18.25,18.5,17.384824752807617,32000
2021-05-12,18.440000534057617,18.670000076293945,18.1200008392334,18.489999771118164,17.375423431396484,60500
2021-05-13,18.489999771118164,18.84000015258789,18.489999771118164,18.780000686645508,17.6479434967041,22000
2021-05-14,18.579999923706055,19.40999984741211,18.579999923706055,19.1200008392334,17.96744728088379,52100
2021-05-17,19.110000610351562,19.110000610351562,18.690000534057617,18.850000381469727,17.713726043701172,20200
2021-05-18,18.739999771118164,18.93000030517578,18.530000686645508,18.579999923706055,17.459999084472656,18600
2021-05-19,18.440000534057617,18.610000610351562,18.139999389648438,18.459999084472656,17.347232818603516,19100
2021-05-20,18.350000381469727,18.65999984741211,18.31999969482422,18.510000228881836,17.39421844482422,21700
2021-05-21,18.739999771118164,19.06999969482422,18.399999618530273,18.760000228881836,17.629152297973633,43300
2021-05-24,18.940000534057617,18.940000534057617,18.31999969482422,18.75,17.6197509765625,25800
2021-05-25,18.739999771118164,18.889999389648438,18.15999984741211,18.209999084472656,17.112302780151367,23300
2021-05-26,18.270000457763672,18.549999237060547,18.149999618530273,18.329999923706055,17.225072860717773,21900
2021-05-27,18.479999542236328,18.81999969482422,18.149999618530273,18.149999618530273,17.055917739868164,71500
2021-05-28,18.3700008392334,18.81999969482422,18.31999969482422,18.790000915527344,17.657344818115234,26600
2021-06-01,18.93000030517578,19.170000076293945,18.790000915527344,19.059999465942383,17.911067962646484,28000
2021-06-02,19.229999542236328,19.229999542236328,18.520000457763672,19.15999984741211,18.00503921508789,19400
2021-06-03,19.079999923706055,19.459999084472656,18.940000534057617,19.360000610351562,18.192983627319336,23200
2021-06-04,19.5,19.5,19.270000457763672,19.389999389648438,18.22117042541504,42300
2021-06-07,19.5,19.5,19.139999389648438,19.350000381469727,18.183589935302734,22000
2021-06-08,19.459999084472656,20.739999771118164,19.200000762939453,20.31999969482422,19.095117568969727,87700
2021-06-09,20.31999969482422,20.549999237060547,19.360000610351562,19.729999542236328,18.540679931640625,78200
2021-06-10,19.940000534057617,19.940000534057617,19.3799991607666,19.440000534057617,18.268159866333008,30000
2021-06-11,19.6200008392334,19.6200008392334,18.75,18.989999771118164,17.845287322998047,53500
2021-06-14,19.0,19.280000686645508,18.549999237060547,18.780000686645508,17.6479434967041,30800
2021-06-15,18.799999237060547,19.059999465942383,18.450000762939453,19.030000686645508,17.882875442504883,26000
2021-06-16,19.100000381469727,19.1299991607666,18.510000228881836,18.549999237060547,17.43181037902832,43800
2021-06-17,18.600000381469727,18.969999313354492,18.450000762939453,18.639999389648438,17.516382217407227,34200
2021-06-18,18.709999084472656,18.709999084472656,18.049999237060547,18.06999969482422,16.980743408203125,77700
2021-06-21,18.469999313354492,18.510000228881836,18.1200008392334,18.329999923706055,17.225072860717773,23100
2021-06-22,18.25,18.43000030517578,18.100000381469727,18.34000015258789,17.234464645385742,24400
2021-06-23,18.479999542236328,18.969999313354492,18.34000015258789,18.40999984741211,17.300249099731445,30300
2021-06-24,18.389999389648438,19.100000381469727,18.329999923706055,18.899999618530273,17.760709762573242,26900
2021-06-25,18.81999969482422,18.950000762939453,17.799999237060547,17.850000381469727,16.774003982543945,135800
2021-06-28,17.969999313354492,18.149999618530273,17.649999618530273,18.0,16.914962768554688,41400
2021-06-29,18.1200008392334,18.200000762939453,17.540000915527344,17.639999389648438,16.576662063598633,25600
2021-06-30,17.790000915527344,17.989999771118164,17.549999237060547,17.549999237060547,16.492088317871094,38000
2021-07-01,17.6299991607666,18.0,17.6299991607666,17.920000076293945,16.839786529541016,21900
2021-07-02,18.0,18.079999923706055,17.489999771118164,17.520000457763672,16.53309440612793,42000
2021-07-06,17.579999923706055,17.68000030517578,16.799999237060547,17.309999465942383,16.334922790527344,37700
2021-07-07,17.200000762939453,17.459999084472656,16.829999923706055,17.389999389648438,16.41041374206543,17900
2021-07-08,17.18000030517578,17.399999618530273,17.100000381469727,17.110000610351562,16.14618682861328,21800
2021-07-09,17.290000915527344,17.709999084472656,17.290000915527344,17.600000381469727,16.608583450317383,18600
2021-07-12,17.559999465942383,17.8799991607666,17.549999237060547,17.809999465942383,16.80675506591797,18500
2021-07-13,17.670000076293945,17.989999771118164,16.940000534057617,17.3799991607666,16.40097999572754,18600
2021-07-14,17.43000030517578,17.559999465942383,17.309999465942383,17.399999618530273,16.419851303100586,21200
2021-07-15,17.40999984741211,18.110000610351562,17.40999984741211,18.020000457763672,17.004926681518555,28400
2021-07-16,18.18000030517578,18.239999771118164,17.799999237060547,17.93000030517578,16.91999626159668,35000
2021-07-19,17.59000015258789,18.229999542236328,17.280000686645508,17.809999465942383,16.80675506591797,22600
2021-07-20,17.889999389648438,18.979999542236328,17.889999389648438,18.190000534057617,17.16535186767578,50300
2021-07-21,18.40999984741211,18.799999237060547,18.020000457763672,18.020000457763672,17.004926681518555,14500
2021-07-22,17.920000076293945,18.06999969482422,17.450000762939453,17.809999465942383,16.80675506591797,23900
2021-07-23,17.940000534057617,17.989999771118164,17.5,17.790000915527344,16.787883758544922,13000
2021-07-26,17.90999984741211,18.399999618530273,17.549999237060547,17.920000076293945,16.910560607910156,47800
2021-07-27,17.760000228881836,18.010000228881836,17.610000610351562,17.8799991607666,16.872814178466797,16700
2021-07-28,17.8799991607666,18.09000015258789,17.610000610351562,17.84000015258789,16.835067749023438,24800
2021-07-29,17.84000015258789,17.860000610351562,17.6200008392334,17.65999984741211,16.66520881652832,16700
2021-07-30,17.610000610351562,17.989999771118164,17.610000610351562,17.90999984741211,16.901124954223633,18500
2021-08-02,17.940000534057617,18.09000015258789,17.610000610351562,17.920000076293945,16.910560607910156,21700
2021-08-03,17.920000076293945,18.209999084472656,17.729999542236328,18.030000686645508,17.01436424255371,16700
2021-08-04,17.770000457763672,18.020000457763672,17.31999969482422,17.479999542236328,16.495344161987305,21800
2021-08-05,17.440000534057617,17.719999313354492,17.25,17.5,16.514219284057617,11600
2021-08-06,17.729999542236328,17.90999984741211,17.34000015258789,17.34000015258789,16.363229751586914,14600
2021-08-09,17.34000015258789,17.65999984741211,17.149999618530273,17.3700008392334,16.391542434692383,11800
2021-08-10,17.299999237060547,17.649999618530273,17.260000228881836,17.6299991607666,16.63689422607422,7700
2021-08-11,17.649999618530273,17.940000534057617,17.459999084472656,17.93000030517578,16.91999626159668,9800
2021-08-12,17.940000534057617,18.0,17.350000381469727,17.350000381469727,16.37266731262207,18500
2021-08-13,17.479999542236328,17.8799991607666,17.170000076293945,17.200000762939453,16.231121063232422,10000
2021-08-16,17.200000762939453,17.309999465942383,16.920000076293945,17.18000030517578,16.212244033813477,18600
2021-08-17,17.020000457763672,17.549999237060547,16.81999969482422,16.940000534057617,15.985760688781738,19400
2021-08-18,16.899999618530273,17.110000610351562,16.799999237060547,16.799999237060547,15.853649139404297,16000
2021-08-19,16.770000457763672,16.989999771118164,16.75,16.889999389648438,15.938579559326172,15700
2021-08-20,16.770000457763672,16.940000534057617,16.75,16.90999984741211,15.957454681396484,26600
2021-08-23,17.100000381469727,17.760000228881836,16.989999771118164,17.520000457763672,16.53309440612793,13700
2021-08-24,17.489999771118164,17.489999771118164,17.010000228881836,17.020000457763672,16.061260223388672,16800
2021-08-25,16.950000762939453,17.700000762939453,16.5,16.530000686645508,15.598859786987305,49400
2021-08-26,16.559999465942383,17.1299991607666,16.3700008392334,16.3700008392334,15.447874069213867,56700
2021-08-27,16.489999771118164,16.700000762939453,16.290000915527344,16.600000381469727,15.66491413116455,44500
2021-08-30,16.600000381469727,16.600000381469727,16.030000686645508,16.100000381469727,15.19308090209961,20700
2021-08-31,16.110000610351562,16.559999465942383,15.970000267028809,16.450000762939453,15.523367881774902,18900
2021-09-01,16.43000030517578,16.43000030517578,15.880000114440918,16.079999923706055,15.174208641052246,21700
2021-09-02,16.56999969482422,16.56999969482422,16.079999923706055,16.139999389648438,15.230828285217285,11900
2021-09-03,16.100000381469727,16.280000686645508,16.100000381469727,16.25,15.33463191986084,12900
2021-09-07,16.18000030517578,16.18000030517578,15.510000228881836,15.550000190734863,14.674062728881836,29900
2021-09-08,15.6899995803833,16.010000228881836,15.510000228881836,15.770000457763672,14.881671905517578,26500
2021-09-09,15.899999618530273,15.899999618530273,15.510000228881836,15.550000190734863,14.674062728881836,47300
2021-09-10,15.720000267028809,15.819999694824219,15.550000190734863,15.600000381469727,14.721247673034668,20100
2021-09-13,15.579999923706055,15.859999656677246,15.34000015258789,15.489999771118164,14.617444038391113,38900
2021-09-14,15.460000038146973,15.6899995803833,14.640000343322754,15.329999923706055,14.466455459594727,55600
2021-09-15,15.180000305175781,15.619999885559082,15.020000457763672,15.5600004196167,14.683501243591309,52800
2021-09-16,15.600000381469727,15.600000381469727,15.079999923706055,15.180000305175781,14.324905395507812,39200
2021-09-17,15.319999694824219,15.479999542236328,15.010000228881836,15.289999961853027,14.428709983825684,234900
2021-09-20,15.239999771118164,15.449999809265137,15.0,15.350000381469727,14.485328674316406,48500
2021-09-21,15.470000267028809,15.710000038146973,15.210000038146973,15.289999961853027,14.428709983825684,17200
2021-09-22,15.220000267028809,15.65999984741211,15.1899995803833,15.220000267028809,14.362652778625488,20500
2021-09-23,15.239999771118164,15.920000076293945,15.239999771118164,15.75,14.862797737121582,25900
2021-09-24,15.65999984741211,15.699999809265137,15.3100004196167,15.34000015258789,14.475893020629883,17000
2021-09-27,15.34000015258789,15.770000457763672,15.149999618530273,15.550000190734863,14.674062728881836,44100
2021-09-28,15.579999923706055,15.789999961853027,15.390000343322754,15.460000038146973,14.589133262634277,18100
2021-09-29,15.569999694824219,15.899999618530273,15.529999732971191,15.84000015258789,14.947726249694824,20300
2021-09-30,16.049999237060547,16.469999313354492,15.680000305175781,16.170000076293945,15.259139060974121,40200
2021-10-01,16.170000076293945,16.43000030517578,15.770000457763672,16.15999984741211,15.249700546264648,20200
2021-10-04,16.309999465942383,16.3700008392334,15.789999961853027,15.989999771118164,15.089276313781738,21100
2021-10-05,16.040000915527344,16.389999389648438,15.829999923706055,16.3799991607666,15.457306861877441,15000
2021-10-06,16.139999389648438,16.360000610351562,15.489999771118164,15.640000343322754,14.758992195129395,28400
2021-10-07,15.699999809265137,16.040000915527344,15.539999961853027,15.739999771118164,14.92492961883545,22400
2021-10-08,15.710000038146973,16.0,15.539999961853027,15.65999984741211,14.849072456359863,9300
2021-10-11,15.670000076293945,16.0,15.539999961853027,15.729999542236328,14.915450096130371,17300
2021-10-12,15.65999984741211,16.0,15.520000457763672,16.0,15.171468734741211,14600
2021-10-13,16.0,16.0,15.739999771118164,15.979999542236328,15.15250301361084,21500
2021-10-14,16.06999969482422,16.399999618530273,15.970000267028809,16.139999389648438,15.304217338562012,20300
2021-10-15,16.350000381469727,16.3799991607666,16.010000228881836,16.100000381469727,15.266288757324219,31800
2021-10-18,16.15999984741211,16.239999771118164,15.930000305175781,16.020000457763672,15.19043254852295,21300
2021-10-19,15.970000267028809,16.020000457763672,15.720000267028809,15.75,14.93441390991211,13300
2021-10-20,15.779999732971191,15.84000015258789,15.59000015258789,15.65999984741211,14.849072456359863,11600
2021-10-21,15.6899995803833,15.8100004196167,15.600000381469727,15.6899995803833,14.877520561218262,11300
2021-10-22,15.75,15.949999809265137,15.630000114440918,15.739999771118164,14.92492961883545,8200
2021-10-25,15.75,16.25,15.630000114440918,16.149999618530273,15.313699722290039,20500
2021-10-26,16.239999771118164,16.239999771118164,15.710000038146973,15.729999542236328,14.915450096130371,20500
2021-10-27,15.899999618530273,16.079999923706055,15.600000381469727,15.859999656677246,15.038715362548828,18400
2021-10-28,16.139999389648438,16.25,15.930000305175781,16.15999984741211,15.32318115234375,11000
2021-10-29,16.309999465942383,16.469999313354492,16.100000381469727,16.1299991607666,15.294734954833984,19600
2021-11-01,16.100000381469727,16.25,15.770000457763672,16.25,15.40852165222168,19700
2021-11-02,16.100000381469727,16.100000381469727,15.670000076293945,15.75,14.93441390991211,20900
2021-11-03,15.819999694824219,16.100000381469727,15.819999694824219,16.079999923706055,15.24732494354248,15900
2021-11-04,16.020000457763672,16.190000534057617,15.890000343322754,16.1200008392334,15.285255432128906,12200
2021-11-05,16.209999084472656,16.709999084472656,16.100000381469727,16.559999465942383,15.702468872070312,41700
2021-11-08,16.559999465942383,16.700000762939453,16.25,16.520000457763672,15.66454029083252,17300
2021-11-09,16.6299991607666,16.6299991607666,16.0,16.260000228881836,15.418004989624023,30200
2021-11-10,16.329999923706055,16.40999984741211,16.170000076293945,16.190000534057617,15.351629257202148,11100
2021-11-11,16.219999313354492,16.290000915527344,15.880000114440918,16.079999923706055,15.24732494354248,15100
2021-11-12,16.200000762939453,16.469999313354492,16.049999237060547,16.469999313354492,15.617130279541016,12000
2021-11-15,16.40999984741211,16.639999389648438,16.139999389648438,16.639999389648438,15.778322219848633,21900
2021-11-16,16.450000762939453,16.450000762939453,15.399999618530273,15.520000457763672,14.716323852539062,51900
2021-11-17,15.420000076293945,15.680000305175781,15.180000305175781,15.4399995803833,14.640464782714844,30800
2021-11-18,15.479999542236328,15.649999618530273,15.270000457763672,15.5,14.697357177734375,20600
2021-11-19,15.369999885559082,15.600000381469727,15.329999923706055,15.40999984741211,14.612019538879395,12100
2021-11-22,15.619999885559082,15.84000015258789,15.529999732971191,15.819999694824219,15.000788688659668,16600
2021-11-23,15.9399995803833,16.360000610351562,15.579999923706055,16.15999984741211,15.32318115234375,20100
2021-11-24,16.25,16.639999389648438,15.920000076293945,16.6299991607666,15.76884651184082,17700
2021-11-26,16.25,16.25,15.319999694824219,15.539999961853027,14.7352876663208,28600
2021-11-29,15.649999618530273,15.680000305175781,14.850000381469727,14.859999656677246,14.090499877929688,33100
2021-11-30,14.850000381469727,14.930000305175781,14.15999984741211,14.619999885559082,13.862927436828613,33000
2021-12-01,14.890000343322754,15.579999923706055,14.75,14.890000343322754,14.118948936462402,59700
2021-12-02,14.90999984741211,15.1899995803833,14.350000381469727,14.949999809265137,14.1758394241333,31300
2021-12-03,14.569999694824219,15.210000038146973,14.449999809265137,15.09000015258789,14.308591842651367,19900
2021-12-06,15.079999923706055,15.479999542236328,15.079999923706055,15.210000038146973,14.42237663269043,53400
2021-12-07,15.300000190734863,15.630000114440918,15.100000381469727,15.3100004196167,14.517196655273438,14400
2021-12-08,15.390000343322754,15.819999694824219,15.260000228881836,15.640000343322754,14.830107688903809,11600
2021-12-09,15.489999771118164,15.90999984741211,15.289999961853027,15.520000457763672,14.716323852539062,14200
2021-12-10,15.270000457763672,15.829999923706055,15.149999618530273,15.25,14.460304260253906,16900
2021-12-13,15.350000381469727,15.359999656677246,14.850000381469727,14.960000038146973,14.185321807861328,22800
2021-12-14,15.039999961853027,15.180000305175781,14.510000228881836,14.65999984741211,13.900856971740723,56500
2021-12-15,14.680000305175781,15.130000114440918,14.479999542236328,14.569999694824219,13.815518379211426,40000
2021-12-16,14.859999656677246,15.300000190734863,14.609999656677246,15.109999656677246,14.327552795410156,522400
2021-12-17,15.020000457763672,15.470000267028809,14.8100004196167,15.270000457763672,14.479270935058594,43500
2021-12-20,15.079999923706055,15.390000343322754,14.369999885559082,14.579999923706055,13.82499885559082,35100
2021-12-21,14.619999885559082,15.239999771118164,14.619999885559082,15.0600004196167,14.280143737792969,332700
2021-12-22,15.149999618530273,15.710000038146973,14.800000190734863,15.390000343322754,14.593056678771973,29200
2021-12-23,15.239999771118164,15.699999809265137,15.239999771118164,15.3100004196167,14.588290214538574,28000
2021-12-27,15.470000267028809,16.0,15.329999923706055,15.960000038146973,15.207651138305664,105600
2021-12-28,15.9399995803833,16.329999923706055,15.800000190734863,16.040000915527344,15.283879280090332,21500
2021-12-29,16.40999984741211,16.40999984741211,15.890000343322754,16.049999237060547,15.293407440185547,28800
2021-12-30,16.299999237060547,16.299999237060547,15.65999984741211,15.75,15.007549285888672,71400
2021-12-31,15.699999809265137,15.899999618530273,14.970000267028809,15.0,14.2929048538208,72200
2022-01-03,14.949999809265137,15.779999732971191,14.949999809265137,15.529999732971191,14.797919273376465,29800
2022-01-04,15.609999656677246,16.1200008392334,15.579999923706055,15.779999732971191,15.036133766174316,58600
2022-01-05,15.890000343322754,15.979999542236328,15.720000267028809,15.760000228881836,15.017078399658203,21200
2022-01-06,15.960000038146973,15.960000038146973,15.390000343322754,15.739999771118164,14.998019218444824,17500
2022-01-07,15.859999656677246,15.9399995803833,15.329999923706055,15.710000038146973,14.969435691833496,17500
2022-01-10,15.609999656677246,16.049999237060547,15.489999771118164,15.979999542236328,15.226706504821777,31800
2022-01-11,15.25,16.040000915527344,14.649999618530273,15.789999961853027,15.045663833618164,104000
2022-01-12,15.789999961853027,16.059999465942383,15.609999656677246,15.789999961853027,15.045663833618164,70300
2022-01-13,15.869999885559082,15.960000038146973,15.369999885559082,15.539999961853027,14.807449340820312,45600
2022-01-14,15.359999656677246,15.5,14.930000305175781,15.170000076293945,14.454891204833984,37600
2022-01-18,15.130000114440918,15.420000076293945,15.020000457763672,15.029999732971191,14.321489334106445,57800
2022-01-19,15.039999961853027,15.25,14.899999618530273,15.100000381469727,14.388189315795898,91400
2022-01-20,15.220000267028809,15.350000381469727,15.100000381469727,15.100000381469727,14.388189315795898,43200
2022-01-21,15.010000228881836,16.0,15.010000228881836,15.8100004196167,15.064722061157227,67500
2022-01-24,15.760000228881836,16.280000686645508,15.529999732971191,16.149999618530273,15.388691902160645,77400
2022-01-25,15.979999542236328,15.979999542236328,15.109999656677246,15.510000228881836,14.778861999511719,56600
2022-01-26,15.819999694824219,15.829999923706055,15.0,15.170000076293945,14.454891204833984,49100
2022-01-27,15.239999771118164,15.34000015258789,15.0,15.0,14.2929048538208,24300
2022-01-28,15.0,15.239999771118164,14.920000076293945,15.229999542236328,14.51206111907959,31400
2022-01-31,15.109999656677246,15.210000038146973,14.770000457763672,14.859999656677246,14.159502029418945,82000
2022-02-01,14.960000038146973,14.960000038146973,14.550000190734863,14.6899995803833,13.997515678405762,176500
2022-02-02,14.619999885559082,14.84000015258789,14.25,14.699999809265137,14.00704574584961,99300
2022-02-03,14.760000228881836,14.760000228881836,13.9399995803833,13.989999771118164,13.330514907836914,91800
2022-02-04,13.9399995803833,14.520000457763672,13.930000305175781,14.270000457763672,13.597314834594727,61700
2022-02-07,14.34000015258789,14.829999923706055,13.84000015258789,13.880000114440918,13.225701332092285,38600
2022-02-08,13.930000305175781,14.289999961853027,13.84000015258789,13.979999542236328,13.320984840393066,59800
2022-02-09,13.979999542236328,14.25,13.710000038146973,13.890000343322754,13.2352294921875,79900
2022-02-10,13.760000228881836,13.960000038146973,13.699999809265137,13.859999656677246,13.206643104553223,80200
2022-02-11,13.800000190734863,14.119999885559082,13.800000190734863,13.970000267028809,13.3114595413208,48600
2022-02-14,14.140000343322754,14.460000038146973,13.989999771118164,14.140000343322754,13.473443984985352,62400
2022-02-15,14.229999542236328,14.4399995803833,14.119999885559082,14.15999984741211,13.492501258850098,36900
2022-02-16,14.270000457763672,14.449999809265137,14.09000015258789,14.229999542236328,13.559200286865234,62400
2022-02-17,14.130000114440918,14.390000343322754,13.920000076293945,14.289999961853027,13.616374969482422,34200
2022-02-18,14.1899995803833,14.399999618530273,14.100000381469727,14.260000228881836,13.587788581848145,40100
2022-02-22,14.270000457763672,14.539999961853027,14.029999732971191,14.5,13.816474914550781,67300
2022-02-23,14.59000015258789,14.59000015258789,14.40999984741211,14.5,13.816474914550781,28000
2022-02-24,14.300000190734863,14.359999656677246,13.65999984741211,14.260000228881836,13.587788581848145,44900
2022-02-25,14.359999656677246,14.739999771118164,14.300000190734863,14.630000114440918,13.94034481048584,28700
2022-02-28,14.510000228881836,14.609999656677246,14.229999542236328,14.600000381469727,13.911760330200195,43300
2022-03-01,14.630000114440918,14.630000114440918,14.199999809265137,14.600000381469727,13.911760330200195,51000
2022-03-02,14.710000038146973,15.0600004196167,14.680000305175781,14.90999984741211,14.207145690917969,23500
2022-03-03,15.0,15.140000343322754,14.930000305175781,15.069999694824219,14.359603881835938,22800
2022-03-04,14.949999809265137,15.020000457763672,14.649999618530273,14.920000076293945,14.216675758361816,38500
2022-03-07,14.989999771118164,15.130000114440918,14.729999542236328,14.800000190734863,14.10233211517334,71500
2022-03-08,14.949999809265137,14.949999809265137,14.34000015258789,14.670000076293945,13.978461265563965,61300
2022-03-09,14.779999732971191,14.779999732971191,14.449999809265137,14.640000343322754,13.949873924255371,81800
2022-03-10,14.430000305175781,14.609999656677246,14.0600004196167,14.460000038146973,13.778361320495605,48900
2022-03-11,14.069999694824219,14.069999694824219,12.850000381469727,13.010000228881836,12.396711349487305,134000
2022-03-14,13.0,13.050000190734863,12.640000343322754,12.729999542236328,12.129910469055176,77200
2022-03-15,12.729999542236328,12.90999984741211,12.350000381469727,12.699999809265137,12.101324081420898,93600
2022-03-16,13.25,13.59000015258789,13.0,13.489999771118164,12.854083061218262,63700
2022-03-17,13.239999771118164,13.989999771118164,13.239999771118164,13.84000015258789,13.187586784362793,61300
2022-03-18,13.869999885559082,13.890000343322754,13.359999656677246,13.5,12.86361312866211,108300
2022-03-21,13.520000457763672,13.770000457763672,13.270000457763672,13.300000190734863,12.673041343688965,40500
2022-03-22,13.319999694824219,13.649999618530273,13.180000305175781,13.550000190734863,12.911255836486816,52900
2022-03-23,13.510000228881836,13.859999656677246,13.4399995803833,13.640000343322754,12.997014045715332,52100
2022-03-24,13.710000038146973,13.710000038146973,13.3100004196167,13.470000267028809,12.835028648376465,44100
2022-03-25,13.40999984741211,13.770000457763672,13.350000381469727,13.760000228881836,13.111356735229492,43000
2022-03-28,13.630000114440918,13.640000343322754,13.479999542236328,13.579999923706055,12.93984317779541,32100
2022-03-29,13.619999885559082,13.930000305175781,13.579999923706055,13.84000015258789,13.187586784362793,74000
2022-03-30,13.890000343322754,14.0,13.619999885559082,13.84000015258789,13.187586784362793,75300
2022-03-31,13.899999618530273,14.9399995803833,13.899999618530273,14.680000305175781,13.987988471984863,141400
2022-04-01,14.600000381469727,14.609999656677246,14.039999961853027,14.170000076293945,13.502032279968262,65400
2022-04-04,14.100000381469727,14.100000381469727,13.720000267028809,13.829999923706055,13.248177528381348,45300
2022-04-05,13.84000015258789,14.029999732971191,13.390000343322754,13.550000190734863,12.979957580566406,45000
2022-04-06,13.609999656677246,13.829999923706055,13.489999771118164,13.600000381469727,13.027853965759277,39200
2022-04-07,13.649999618530273,13.649999618530273,13.3100004196167,13.430000305175781,12.865007400512695,37300
2022-04-08,13.5600004196167,13.5600004196167,13.260000228881836,13.359999656677246,12.797951698303223,34300
2022-04-11,13.289999961853027,13.5,13.279999732971191,13.369999885559082,12.80753231048584,43800
2022-04-12,13.380000114440918,13.739999771118164,13.380000114440918,13.520000457763672,12.951220512390137,64000
2022-04-13,13.5,13.789999961853027,13.5,13.75,13.171545028686523,46700
2022-04-14,13.779999732971191,14.0600004196167,13.779999732971191,13.850000381469727,13.26733684539795,49800
2022-04-18,13.899999618530273,14.239999771118164,13.869999885559082,13.979999542236328,13.391867637634277,88900
2022-04-19,13.979999542236328,14.09000015258789,13.670000076293945,13.710000038146973,13.133228302001953,49200
2022-04-20,13.850000381469727,14.020000457763672,13.569999694824219,13.649999618530273,13.075750350952148,49500
2022-04-21,13.6899995803833,13.6899995803833,13.390000343322754,13.479999542236328,12.912901878356934,64800
2022-04-22,13.479999542236328,13.479999542236328,12.9399995803833,13.069999694824219,12.520149230957031,61200
2022-04-25,12.970000267028809,12.970000267028809,12.289999961853027,12.59000015258789,12.060344696044922,90100
2022-04-26,12.649999618530273,12.649999618530273,12.329999923706055,12.329999923706055,11.811284065246582,66900
2022-04-27,12.289999961853027,12.789999961853027,11.869999885559082,12.119999885559082,11.610116958618164,106900
2022-04-28,12.140000343322754,12.210000038146973,12.0,12.140000343322754,11.629276275634766,71600
2022-04-29,12.239999771118164,12.239999771118164,11.90999984741211,11.9399995803833,11.437687873840332,87800
2022-05-02,12.0,12.399999618530273,11.670000076293945,11.75,11.255685806274414,100100
2022-05-03,11.729999542236328,11.90999984741211,10.720000267028809,11.170000076293945,10.70008373260498,276600
2022-05-04,11.270000457763672,11.5,11.0600004196167,11.300000190734863,10.824613571166992,138900
2022-05-05,11.180000305175781,11.300000190734863,10.800000190734863,10.899999618530273,10.441442489624023,88200
2022-05-06,10.8100004196167,10.819999694824219,10.520000457763672,10.65999984741211,10.211538314819336,88600
2022-05-09,10.59000015258789,10.890000343322754,10.4399995803833,10.8100004196167,10.355228424072266,92500
2022-05-10,10.899999618530273,11.149999618530273,10.75,10.920000076293945,10.460601806640625,132700
2022-05-11,10.9399995803833,11.260000228881836,10.529999732971191,10.649999618530273,10.201959609985352,89500
2022-05-12,10.779999732971191,11.149999618530273,10.520000457763672,10.850000381469727,10.393546104431152,76100
2022-05-13,10.859999656677246,11.100000381469727,10.84000015258789,11.010000228881836,10.546814918518066,52500
2022-05-16,10.899999618530273,11.149999618530273,10.829999923706055,10.930000305175781,10.470181465148926,91300
2022-05-17,11.020000457763672,11.130000114440918,10.8100004196167,11.0600004196167,10.594711303710938,48700
2022-05-18,10.90999984741211,10.949999809265137,10.789999961853027,10.949999809265137,10.489339828491211,78700
2022-05-19,10.960000038146973,11.229999542236328,10.899999618530273,11.050000190734863,10.585131645202637,108400
2022-05-20,11.119999885559082,11.149999618530273,10.960000038146973,11.0600004196167,10.594711303710938,123100
2022-05-23,11.130000114440918,11.279999732971191,11.0,11.210000038146973,10.73840045928955,72300
2022-05-24,11.170000076293945,11.289999961853027,11.069999694824219,11.270000457763672,10.795877456665039,52300
2022-05-25,11.279999732971191,11.739999771118164,11.279999732971191,11.619999885559082,11.13115119934082,79200
2022-05-26,11.59000015258789,11.75,11.399999618530273,11.619999885559082,11.13115119934082,86200
2022-05-27,11.579999923706055,11.800000190734863,11.520000457763672,11.619999885559082,11.13115119934082,48200
2022-05-31,11.619999885559082,12.079999923706055,11.359999656677246,11.930000305175781,11.42811107635498,163000
2022-06-01,11.960000038146973,12.029999732971191,11.270000457763672,11.300000190734863,10.824613571166992,125400
2022-06-02,11.229999542236328,11.279999732971191,10.9399995803833,11.020000457763672,10.55639362335205,119600
2022-06-03,10.920000076293945,11.279999732971191,10.84000015258789,11.0,10.537233352661133,436400
2022-06-06,11.100000381469727,11.319999694824219,10.819999694824219,10.850000381469727,10.393546104431152,290000
2022-06-07,10.760000228881836,11.600000381469727,10.760000228881836,11.369999885559082,10.891670227050781,213100
2022-06-08,12.100000381469727,14.039999961853027,11.510000228881836,13.90999984741211,13.324813842773438,572700
2022-06-09,13.630000114440918,14.479999542236328,13.59000015258789,14.210000038146973,13.612192153930664,333900
2022-06-10,14.039999961853027,14.069999694824219,13.390000343322754,13.890000343322754,13.305654525756836,229900
2022-06-13,13.710000038146973,13.890000343322754,13.380000114440918,13.59000015258789,13.018275260925293,151900
2022-06-14,13.470000267028809,14.260000228881836,13.09000015258789,14.199999809265137,13.60261344909668,191300
2022-06-15,14.229999542236328,14.270000457763672,13.710000038146973,13.869999885559082,13.286495208740234,168700
2022-06-16,13.779999732971191,13.800000190734863,13.239999771118164,13.609999656677246,13.037433624267578,145400
2022-06-17,13.640000343322754,13.859999656677246,13.369999885559082,13.510000228881836,12.941640853881836,132300
2022-06-21,13.550000190734863,13.90999984741211,13.319999694824219,13.829999923706055,13.248177528381348,127600
2022-06-22,13.699999809265137,14.239999771118164,13.680000305175781,14.140000343322754,13.545138359069824,125100
2022-06-23,14.069999694824219,14.319999694824219,13.899999618530273,14.319999694824219,13.71756362915039,135100
2022-06-24,14.279999732971191,14.949999809265137,14.229999542236328,14.6899995803833,14.07199764251709,2037200
2022-06-27,14.699999809265137,14.699999809265137,14.140000343322754,14.640000343322754,14.024101257324219,139200
2022-06-28,14.609999656677246,14.6899995803833,14.069999694824219,14.399999618530273,13.794198989868164,136000
2022-06-29,14.40999984741211,14.699999809265137,13.75,14.4399995803833,13.83251667022705,86900
2022-06-30,14.229999542236328,14.399999618530273,14.029999732971191,14.09000015258789,13.49724006652832,54900
2022-07-01,13.989999771118164,14.130000114440918,13.569999694824219,13.6899995803833,13.114068984985352,64400
2022-07-05,13.520000457763672,13.520000457763672,13.199999809265137,13.289999961853027,12.730897903442383,65200
2022-07-06,13.289999961853027,13.65999984741211,13.130000114440918,13.5,12.932061195373535,39700
2022-07-07,13.5,13.75,13.359999656677246,13.59000015258789,13.018275260925293,47600
2022-07-08,13.649999618530273,13.729999542236328,13.449999809265137,13.569999694824219,13.071253776550293,26300
2022-07-11,13.5600004196167,13.569999694824219,13.399999618530273,13.470000267028809,12.974928855895996,22100
2022-07-12,13.520000457763672,13.640000343322754,13.279999732971191,13.329999923706055,12.840075492858887,32200
2022-07-13,13.199999809265137,13.930000305175781,13.079999923706055,13.140000343322754,12.657058715820312,36600
2022-07-14,12.970000267028809,13.130000114440918,12.829999923706055,12.979999542236328,12.502938270568848,55600
2022-07-15,12.979999542236328,13.279999732971191,12.850000381469727,13.119999885559082,12.637791633605957,36200
2022-07-18,13.140000343322754,13.489999771118164,13.140000343322754,13.390000343322754,12.897869110107422,54400
2022-07-19,13.25,13.670000076293945,12.9399995803833,13.399999618530273,12.907500267028809,37400
2022-07-20,13.5,13.710000038146973,13.390000343322754,13.5,13.003826141357422,39700
2022-07-21,13.470000267028809,13.470000267028809,13.039999961853027,13.100000381469727,12.61852741241455,21700
2022-07-22,13.380000114440918,13.380000114440918,12.710000038146973,12.760000228881836,12.291023254394531,27200
2022-07-25,12.869999885559082,13.100000381469727,12.800000190734863,13.0,12.522202491760254,28300
2022-07-26,12.890000343322754,13.100000381469727,12.6899995803833,12.899999618530273,12.42587947845459,45600
2022-07-27,12.8100004196167,13.050000190734863,12.800000190734863,12.800000190734863,12.329554557800293,20400
2022-07-28,13.069999694824219,13.069999694824219,12.510000228881836,12.800000190734863,12.329554557800293,32900
2022-07-29,12.729999542236328,12.84000015258789,12.579999923706055,12.670000076293945,12.204331398010254,21700
2022-08-01,12.65999984741211,12.880000114440918,12.5,12.75,12.281391143798828,24300
2022-08-02,12.539999961853027,12.819999694824219,12.5,12.770000457763672,12.30065631866455,49000
2022-08-03,12.720000267028809,12.880000114440918,12.569999694824219,12.779999732971191,12.310288429260254,15200
2022-08-04,12.869999885559082,12.979999542236328,12.680000305175781,12.800000190734863,12.329554557800293,37100
2022-08-05,12.729999542236328,13.3100004196167,12.529999732971191,13.229999542236328,12.743749618530273,97100
2022-08-08,13.350000381469727,13.489999771118164,13.149999618530273,13.220000267028809,12.734118461608887,14400
2022-08-09,12.819999694824219,13.279999732971191,12.819999694824219,13.25,12.763015747070312,19400
2022-08-10,13.34000015258789,13.369999885559082,13.229999542236328,13.279999732971191,12.791911125183105,10700
2022-08-11,13.34000015258789,13.4399995803833,13.25,13.279999732971191,12.791911125183105,14200
2022-08-12,13.239999771118164,13.5,13.239999771118164,13.399999618530273,12.907500267028809,21200
2022-08-15,13.430000305175781,13.619999885559082,13.420000076293945,13.529999732971191,13.032724380493164,14300
2022-08-16,13.5,13.65999984741211,13.479999542236328,13.5,13.003826141357422,10700
2022-08-17,13.229999542236328,13.380000114440918,13.229999542236328,13.25,12.763015747070312,118400
2022-08-18,13.319999694824219,13.680000305175781,13.15999984741211,13.520000457763672,13.023091316223145,28700
2022-08-19,13.34000015258789,13.380000114440918,13.020000457763672,13.239999771118164,12.753381729125977,28700
2022-08-22,13.210000038146973,13.430000305175781,13.210000038146973,13.3100004196167,12.82081127166748,17000
2022-08-23,13.289999961853027,13.550000190734863,13.260000228881836,13.300000190734863,12.811177253723145,16200
2022-08-24,13.399999618530273,13.600000381469727,13.220000267028809,13.5,13.003826141357422,52800
2022-08-25,13.449999809265137,13.649999618530273,13.449999809265137,13.640000343322754,13.138681411743164,7000
2022-08-26,13.550000190734863,13.65999984741211,13.180000305175781,13.220000267028809,12.734118461608887,35600
2022-08-29,13.050000190734863,13.210000038146973,12.930000305175781,13.109999656677246,12.628158569335938,12800
2022-08-30,13.0600004196167,13.0600004196167,12.5600004196167,12.5600004196167,12.098376274108887,88300
2022-08-31,12.680000305175781,12.699999809265137,12.1899995803833,12.260000228881836,11.80940055847168,16100
2022-09-01,12.34000015258789,12.34000015258789,11.890000343322754,12.15999984741211,11.7130765914917,10300
2022-09-02,12.329999923706055,12.329999923706055,11.579999923706055,11.670000076293945,11.241086959838867,15600
2022-09-06,11.699999809265137,11.90999984741211,11.630000114440918,11.850000381469727,11.414469718933105,55600
2022-09-07,11.869999885559082,12.039999961853027,11.729999542236328,12.020000457763672,11.578222274780273,43700
2022-09-08,11.989999771118164,12.220000267028809,11.670000076293945,12.0600004196167,11.616752624511719,147800
2022-09-09,13.229999542236328,14.0,12.800000190734863,13.359999656677246,12.868971824645996,71400
2022-09-12,13.380000114440918,13.510000228881836,13.130000114440918,13.130000114440918,12.647424697875977,21400
2022-09-13,13.039999961853027,13.039999961853027,12.6899995803833,12.989999771118164,12.51257038116455,15900
2022-09-14,12.930000305175781,13.210000038146973,12.670000076293945,12.789999961853027,12.319921493530273,23900
2022-09-15,12.920000076293945,13.119999885559082,12.829999923706055,13.079999923706055,12.599262237548828,25700
2022-09-16,13.039999961853027,13.210000038146973,12.6899995803833,13.100000381469727,12.61852741241455,114100
2022-09-19,13.039999961853027,13.369999885559082,12.880000114440918,13.34000015258789,12.84970760345459,66700
2022-09-20,13.25,13.40999984741211,12.869999885559082,13.020000457763672,12.541467666625977,141900
2022-09-21,13.0,13.920000076293945,13.0,13.819999694824219,13.312064170837402,63100
2022-09-22,13.930000305175781,13.930000305175781,13.680000305175781,13.789999961853027,13.28316593170166,38400
2022-09-23,13.609999656677246,13.609999656677246,12.84000015258789,12.949999809265137,12.474040985107422,23000
2022-09-26,12.859999656677246,13.0600004196167,12.819999694824219,12.930000305175781,12.454776763916016,33100
2022-09-27,12.970000267028809,13.0600004196167,12.649999618530273,12.649999618530273,12.185067176818848,16100
2022-09-28,12.65999984741211,13.09000015258789,12.65999984741211,12.949999809265137,12.474040985107422,24600
2022-09-29,12.9399995803833,12.949999809265137,12.350000381469727,12.65999984741211,12.194698333740234,19800
2022-09-30,12.630000114440918,13.390000343322754,12.430000305175781,13.180000305175781,12.695589065551758,52600
2022-10-03,13.180000305175781,13.880000114440918,12.649999618530273,12.75,12.281391143798828,53500
2022-10-04,12.760000228881836,13.40999984741211,12.75,13.289999961853027,12.801546096801758,44500
2022-10-05,13.050000190734863,13.710000038146973,13.050000190734863,13.069999694824219,12.589629173278809,43000
2022-10-06,13.079999923706055,13.460000038146973,13.010000228881836,13.220000267028809,12.807612419128418,20200
2022-10-07,13.020000457763672,13.020000457763672,12.479999542236328,12.569999694824219,12.177887916564941,21000
2022-10-10,12.420000076293945,12.550000190734863,12.3100004196167,12.3100004196167,11.92599868774414,10700
2022-10-11,12.270000457763672,12.680000305175781,12.270000457763672,12.399999618530273,12.013190269470215,9500
2022-10-12,12.300000190734863,12.5,12.300000190734863,12.399999618530273,12.013190269470215,6400
2022-10-13,12.300000190734863,12.630000114440918,12.270000457763672,12.5,12.110071182250977,11600
2022-10-14,12.460000038146973,12.460000038146973,12.010000228881836,12.149999618530273,11.770989418029785,15100
2022-10-17,12.170000076293945,12.289999961853027,12.020000457763672,12.1899995803833,11.80974006652832,5600
2022-10-18,12.199999809265137,12.470000267028809,12.199999809265137,12.40999984741211,12.022879600524902,10800
2022-10-19,12.270000457763672,12.4399995803833,12.020000457763672,12.25,11.867870330810547,17200
2022-10-20,12.279999732971191,12.489999771118164,12.029999732971191,12.199999809265137,11.819430351257324,5500
2022-10-21,12.239999771118164,12.630000114440918,12.220000267028809,12.40999984741211,12.022879600524902,18700
2022-10-24,12.5,12.600000381469727,12.300000190734863,12.520000457763672,12.129447937011719,13100
2022-10-25,12.479999542236328,12.699999809265137,12.369999885559082,12.5,12.110071182250977,22000
2022-10-26,12.520000457763672,12.680000305175781,12.289999961853027,12.420000076293945,12.032567977905273,15600
2022-10-27,12.380000114440918,12.380000114440918,11.0,11.399999618530273,11.044384002685547,1885100
2022-10-28,11.369999885559082,11.930000305175781,11.369999885559082,11.630000114440918,11.267210960388184,175300
2022-10-31,11.65999984741211,11.970000267028809,11.65999984741211,11.930000305175781,11.557851791381836,73100
2022-11-01,12.020000457763672,12.229999542236328,11.829999923706055,12.199999809265137,11.819430351257324,116900
2022-11-02,12.210000038146973,12.9399995803833,12.199999809265137,12.779999732971191,12.381336212158203,76400
2022-11-03,12.630000114440918,12.75,12.5600004196167,12.710000038146973,12.313519477844238,43600
2022-11-04,12.819999694824219,12.9399995803833,12.619999885559082,12.619999885559082,12.226326942443848,31200
2022-11-07,12.710000038146973,13.279999732971191,12.6899995803833,13.229999542236328,12.817299842834473,49300
2022-11-08,13.15999984741211,13.479999542236328,12.890000343322754,13.390000343322754,12.972308158874512,93900
2022-11-09,13.319999694824219,13.5,13.0,13.069999694824219,12.6622896194458,54500
2022-11-10,13.289999961853027,13.649999618530273,13.050000190734863,13.579999923706055,13.156381607055664,132100
2022-11-11,13.649999618530273,13.890000343322754,13.489999771118164,13.890000343322754,13.456710815429688,118200
2022-11-14,13.75,14.039999961853027,13.489999771118164,13.569999694824219,13.146693229675293,41800
2022-11-15,13.75,13.890000343322754,13.65999984741211,13.75,13.321078300476074,43300
2022-11-16,13.630000114440918,13.729999542236328,13.569999694824219,13.630000114440918,13.20482349395752,14700
2022-11-17,13.119999885559082,13.59000015258789,13.0,13.460000038146973,13.040124893188477,13200
2022-11-18,13.4399995803833,13.739999771118164,13.4399995803833,13.550000190734863,13.127317428588867,14900
2022-11-21,13.630000114440918,14.010000228881836,13.630000114440918,13.819999694824219,13.388894081115723,55400
2022-11-22,13.869999885559082,13.989999771118164,13.579999923706055,13.6899995803833,13.26294994354248,23200
2022-11-23,13.550000190734863,14.0,13.5,13.84000015258789,13.408270835876465,14100
2022-11-25,13.75,13.869999885559082,13.710000038146973,13.760000228881836,13.330766677856445,3900
2022-11-28,13.699999809265137,13.760000228881836,13.34000015258789,13.350000381469727,12.93355655670166,10800
2022-11-29,13.430000305175781,13.479999542236328,13.010000228881836,13.140000343322754,12.730107307434082,10000
2022-11-30,13.079999923706055,13.079999923706055,12.579999923706055,12.84000015258789,12.43946647644043,37900
2022-12-01,12.979999542236328,13.520000457763672,12.59000015258789,13.149999618530273,12.739792823791504,70100
2022-12-02,12.949999809265137,13.140000343322754,12.880000114440918,13.140000343322754,12.730107307434082,16600
2022-12-05,13.140000343322754,13.539999961853027,12.90999984741211,13.270000457763672,12.85605239868164,45800
2022-12-06,13.15999984741211,13.1899995803833,12.779999732971191,12.920000076293945,12.516968727111816,20600
2022-12-07,12.949999809265137,13.010000228881836,12.5600004196167,12.59000015258789,12.197263717651367,19400
2022-12-08,12.619999885559082,12.729999542236328,12.34000015258789,12.479999542236328,12.09069538116455,38900
2022-12-09,12.319999694824219,12.640000343322754,12.100000381469727,12.5,12.110071182250977,26600
2022-12-12,12.489999771118164,12.649999618530273,12.40999984741211,12.579999923706055,12.187575340270996,26200
2022-12-13,12.640000343322754,12.90999984741211,12.5,12.6899995803833,12.294144630432129,78700
2022-12-14,12.649999618530273,13.1899995803833,12.600000381469727,12.920000076293945,12.516968727111816,30800
2022-12-15,12.75,12.829999923706055,12.520000457763672,12.520000457763672,12.129447937011719,15100
2022-12-16,12.520000457763672,12.6899995803833,12.260000228881836,12.6899995803833,12.294144630432129,22800
2022-12-19,12.600000381469727,12.84000015258789,12.5600004196167,12.670000076293945,12.274768829345703,52900
2022-12-20,12.770000457763672,13.1899995803833,12.760000228881836,13.1899995803833,12.778547286987305,58600
2022-12-21,13.289999961853027,13.489999771118164,13.050000190734863,13.34000015258789,12.923868179321289,52100
2022-12-22,13.350000381469727,13.40999984741211,13.180000305175781,13.329999923706055,12.914180755615234,160500
2022-12-23,13.300000190734863,14.149999618530273,12.020000457763672,12.210000038146973,11.829117774963379,220600
2022-12-27,12.109999656677246,12.819999694824219,12.010000228881836,12.649999618530273,12.255392074584961,72600
2022-12-28,12.720000267028809,12.720000267028809,12.119999885559082,12.3100004196167,11.92599868774414,58200
2022-12-29,12.25,12.779999732971191,12.25,12.539999961853027,12.148824691772461,28700
2022-12-30,12.350000381469727,12.65999984741211,12.199999809265137,12.210000038146973,11.900291442871094,55300
2023-01-03,12.279999732971191,12.760000228881836,12.279999732971191,12.470000267028809,12.153696060180664,25300
2023-01-04,12.630000114440918,12.6899995803833,12.390000343322754,12.390000343322754,12.075726509094238,19600
2023-01-05,12.460000038146973,12.460000038146973,12.220000267028809,12.380000114440918,12.06597900390625,21200
2023-01-06,12.40999984741211,12.550000190734863,12.350000381469727,12.430000305175781,12.11471176147461,20200
2023-01-09,12.5600004196167,12.800000190734863,12.449999809265137,12.720000267028809,12.397355079650879,42800
2023-01-10,12.75,12.970000267028809,12.6899995803833,12.859999656677246,12.533803939819336,19200
2023-01-11,12.859999656677246,13.109999656677246,12.859999656677246,13.029999732971191,12.699492454528809,32900
2023-01-12,13.350000381469727,13.350000381469727,12.869999885559082,13.149999618530273,12.816446304321289,40800
2023-01-13,13.119999885559082,13.300000190734863,12.979999542236328,13.239999771118164,12.904165267944336,29900
2023-01-17,13.15999984741211,13.289999961853027,13.0,13.15999984741211,12.826194763183594,39300
2023-01-18,13.199999809265137,13.199999809265137,12.930000305175781,13.069999694824219,12.738475799560547,16600
2023-01-19,13.170000076293945,13.460000038146973,12.989999771118164,13.279999732971191,12.943150520324707,29800
2023-01-20,13.149999618530273,13.359999656677246,13.149999618530273,13.289999961853027,12.952897071838379,29100
2023-01-23,13.300000190734863,13.300000190734863,13.010000228881836,13.25,12.913911819458008,34400
2023-01-24,13.09000015258789,13.239999771118164,12.970000267028809,13.050000190734863,12.718984603881836,24700
2023-01-25,12.890000343322754,13.010000228881836,12.699999809265137,12.8100004196167,12.485072135925293,20400
2023-01-26,12.930000305175781,13.300000190734863,12.729999542236328,13.079999923706055,12.748224258422852,42700
2023-01-27,13.039999961853027,13.149999618530273,12.819999694824219,12.819999694824219,12.494818687438965,13400
2023-01-30,12.6899995803833,12.869999885559082,12.649999618530273,12.75,12.426593780517578,28300
2023-01-31,12.6899995803833,13.260000228881836,12.670000076293945,13.130000114440918,12.796956062316895,40500
2023-02-01,14.100000381469727,14.850000381469727,14.029999732971191,14.380000114440918,14.01524829864502,226500
2023-02-02,14.239999771118164,14.489999771118164,13.800000190734863,13.880000114440918,13.527931213378906,46500
2023-02-03,13.869999885559082,14.350000381469727,13.75,14.279999732971191,13.91778564453125,110600
2023-02-06,14.119999885559082,14.670000076293945,14.119999885559082,14.270000457763672,13.908039093017578,46400
2023-02-07,14.149999618530273,14.460000038146973,14.050000190734863,14.149999618530273,13.791082382202148,41700
2023-02-08,14.15999984741211,14.300000190734863,14.0,14.199999809265137,13.839815139770508,32200
2023-02-09,14.300000190734863,14.300000190734863,14.130000114440918,14.220000267028809,13.859307289123535,19500
2023-02-10,14.119999885559082,14.350000381469727,14.119999885559082,14.289999961853027,13.927531242370605,24800
2023-02-13,14.289999961853027,14.430000305175781,14.079999923706055,14.289999961853027,13.927531242370605,32800
2023-02-14,14.220000267028809,14.470000267028809,14.199999809265137,14.260000228881836,13.898292541503906,17300
2023-02-15,14.220000267028809,14.5600004196167,14.199999809265137,14.390000343322754,14.024995803833008,123500
2023-02-16,14.229999542236328,14.59000015258789,14.1899995803833,14.489999771118164,14.122458457946777,111300
2023-02-17,14.460000038146973,15.0,14.34000015258789,14.880000114440918,14.50256633758545,71200
2023-02-21,14.729999542236328,14.859999656677246,14.460000038146973,14.609999656677246,14.239415168762207,72500
2023-02-22,14.729999542236328,15.149999618530273,14.609999656677246,15.039999961853027,14.65850830078125,93500
2023-02-23,15.149999618530273,15.460000038146973,14.949999809265137,15.460000038146973,15.067854881286621,59900
2023-02-24,15.25,15.399999618530273,15.039999961853027,15.350000381469727,14.96064567565918,44000
2023-02-27,15.329999923706055,15.649999618530273,15.279999732971191,15.600000381469727,15.204303741455078,43600
2023-02-28,15.3100004196167,15.84000015258789,15.3100004196167,15.729999542236328,15.331006050109863,91900
2023-03-01,15.630000114440918,15.819999694824219,15.390000343322754,15.670000076293945,15.272528648376465,74200
2023-03-02,15.489999771118164,15.850000381469727,15.489999771118164,15.760000228881836,15.360246658325195,61100
2023-03-03,15.890000343322754,16.0,15.75,15.930000305175781,15.525933265686035,86300
2023-03-06,15.960000038146973,16.049999237060547,15.65999984741211,15.850000381469727,15.447962760925293,72100
2023-03-07,15.8100004196167,16.020000457763672,15.59000015258789,15.739999771118164,15.340752601623535,83000
2023-03-08,15.770000457763672,15.970000267028809,15.649999618530273,15.9399995803833,15.53567886352539,96700
2023-03-09,16.100000381469727,16.200000762939453,15.819999694824219,15.880000114440918,15.477200508117676,68600
2023-03-10,15.579999923706055,16.65999984741211,15.300000190734863,16.600000381469727,16.178939819335938,136800
2023-03-13,16.299999237060547,17.049999237060547,16.149999618530273,16.68000030517578,16.256906509399414,92900
2023-03-14,16.959999084472656,16.959999084472656,15.880000114440918,16.200000762939453,15.789085388183594,128600
2023-03-15,15.899999618530273,16.229999542236328,15.670000076293945,15.670000076293945,15.272528648376465,59800
2023-03-16,15.489999771118164,16.290000915527344,15.380000114440918,16.110000610351562,15.701366424560547,85900
2023-03-17,15.90999984741211,16.0,15.460000038146973,15.460000038146973,15.067854881286621,93700
2023-03-20,15.630000114440918,16.0,15.529999732971191,15.850000381469727,15.447962760925293,71600
2023-03-21,16.0,16.299999237060547,15.949999809265137,16.260000228881836,15.847563743591309,55200
2023-03-22,16.18000030517578,16.440000534057617,16.09000015258789,16.200000762939453,15.789085388183594,48300
2023-03-23,16.239999771118164,16.540000915527344,15.979999542236328,16.020000457763672,15.613651275634766,122000
2023-03-24,15.869999885559082,16.469999313354492,15.800000190734863,16.229999542236328,15.818323135375977,83300
2023-03-27,16.350000381469727,16.420000076293945,16.170000076293945,16.360000610351562,15.945027351379395,41200
2023-03-28,16.260000228881836,16.600000381469727,16.260000228881836,16.459999084472656,16.0424861907959,28900
2023-03-29,16.5,16.56999969482422,16.09000015258789,16.09000015258789,15.681875228881836,33600
2023-03-30,16.100000381469727,16.59000015258789,16.100000381469727,16.559999465942383,16.13995361328125,67800
2023-03-31,16.6200008392334,16.739999771118164,16.280000686645508,16.65999984741211,16.237415313720703,81000
2023-04-03,16.540000915527344,16.75,16.40999984741211,16.649999618530273,16.301054000854492,47600
2023-04-04,16.510000228881836,16.6200008392334,16.280000686645508,16.420000076293945,16.07587432861328,62200
2023-04-05,16.280000686645508,16.530000686645508,16.110000610351562,16.399999618530273,16.056293487548828,48200
2023-04-06,16.829999923706055,17.479999542236328,16.690000534057617,17.40999984741211,17.04512596130371,95700
2023-04-10,17.299999237060547,17.899999618530273,17.290000915527344,17.6299991607666,17.260517120361328,95700
2023-04-11,17.690000534057617,17.889999389648438,17.40999984741211,17.729999542236328,17.358421325683594,222000
2023-04-12,17.649999618530273,17.690000534057617,17.270000457763672,17.59000015258789,17.221355438232422,56300
2023-04-13,17.690000534057617,17.84000015258789,17.489999771118164,17.489999771118164,17.123449325561523,45100
2023-04-14,17.549999237060547,17.739999771118164,17.450000762939453,17.700000762939453,17.329050064086914,71000
2023-04-17,17.709999084472656,17.860000610351562,17.459999084472656,17.489999771118164,17.123449325561523,44200
2023-04-18,17.459999084472656,17.459999084472656,16.90999984741211,17.010000228881836,16.65351104736328,56600
2023-04-19,17.030000686645508,17.1299991607666,16.889999389648438,17.059999465942383,16.702463150024414,28500
2023-04-20,16.860000610351562,17.020000457763672,16.739999771118164,16.829999923706055,16.47728157043457,36800
2023-04-21,16.81999969482422,17.149999618530273,16.81999969482422,17.0,16.643718719482422,27200
2023-04-24,17.100000381469727,17.280000686645508,16.81999969482422,17.079999923706055,16.722042083740234,76900
2023-04-25,17.020000457763672,17.059999465942383,16.6200008392334,16.770000457763672,16.41853904724121,56400
2023-04-26,16.809999465942383,17.1200008392334,16.68000030517578,17.0,16.643718719482422,58800
2023-04-27,17.190000534057617,17.329999923706055,16.790000915527344,16.84000015258789,16.487070083618164,35600
2023-04-28,16.90999984741211,17.1200008392334,16.549999237060547,16.709999084472656,16.35979461669922,64200
2023-05-01,16.780000686645508,17.15999984741211,16.780000686645508,17.1299991607666,16.770994186401367,39100
2023-05-02,17.09000015258789,17.09000015258789,16.799999237060547,16.799999237060547,16.44791030883789,44900
2023-05-03,16.889999389648438,17.0,16.729999542236328,16.760000228881836,16.408748626708984,29100
2023-05-04,16.790000915527344,16.920000076293945,16.649999618530273,16.670000076293945,16.320636749267578,117700
2023-05-05,16.68000030517578,17.09000015258789,16.68000030517578,16.860000610351562,16.506654739379883,41400
2023-05-08,16.799999237060547,16.8700008392334,16.729999542236328,16.81999969482422,16.467493057250977,35100
2023-05-09,16.700000762939453,16.84000015258789,16.59000015258789,16.739999771118164,16.38916778564453,34900
2023-05-10,16.75,16.8799991607666,16.290000915527344,16.610000610351562,16.261892318725586,99200
2023-05-11,16.489999771118164,16.6200008392334,16.290000915527344,16.559999465942383,16.212942123413086,43200
2023-05-12,16.5,16.6299991607666,16.450000762939453,16.5,16.154197692871094,54000
2023-05-15,16.600000381469727,16.600000381469727,16.270000457763672,16.329999923706055,15.987761497497559,31200
2023-05-16,16.209999084472656,16.389999389648438,16.15999984741211,16.260000228881836,15.919230461120605,28100
2023-05-17,16.229999542236328,16.260000228881836,15.930000305175781,16.229999542236328,15.889857292175293,41700
2023-05-18,16.149999618530273,16.360000610351562,15.9399995803833,16.290000915527344,15.948599815368652,56100
2023-05-19,16.299999237060547,16.760000228881836,16.149999618530273,16.6299991607666,16.281471252441406,119800
2023-05-22,16.780000686645508,17.040000915527344,16.65999984741211,16.829999923706055,16.47728157043457,51500
2023-05-23,16.829999923706055,17.270000457763672,16.81999969482422,16.959999084472656,16.604557037353516,36600
2023-05-24,16.940000534057617,17.06999969482422,16.81999969482422,16.8700008392334,16.516443252563477,39800
2023-05-25,16.899999618530273,16.899999618530273,16.270000457763672,16.350000381469727,16.007343292236328,46600
2023-05-26,16.350000381469727,16.43000030517578,16.309999465942383,16.3799991607666,16.036710739135742,31900
2023-05-30,16.299999237060547,16.420000076293945,16.0,16.040000915527344,15.703839302062988,47800
2023-05-31,15.869999885559082,16.110000610351562,15.760000228881836,16.079999923706055,15.743000984191895,54500
2023-06-01,16.010000228881836,16.280000686645508,15.930000305175781,16.25,15.90943717956543,45900
2023-06-02,16.260000228881836,16.450000762939453,16.260000228881836,16.360000610351562,16.017133712768555,54300
2023-06-05,16.059999465942383,16.260000228881836,15.829999923706055,15.970000267028809,15.635306358337402,64600
2023-06-06,15.90999984741211,16.5,15.90999984741211,16.469999313354492,16.124826431274414,118000
2023-06-07,15.739999771118164,16.100000381469727,14.970000267028809,15.170000076293945,14.852072715759277,212200
2023-06-08,15.170000076293945,15.649999618530273,15.149999618530273,15.149999618530273,14.832489967346191,125500
2023-06-09,15.180000305175781,15.5600004196167,15.0,15.039999961853027,14.724796295166016,81700
2023-06-12,15.1899995803833,15.460000038146973,14.779999732971191,15.460000038146973,15.135994911193848,162800
2023-06-13,15.600000381469727,16.489999771118164,15.5,16.309999465942383,15.968178749084473,133300
2023-06-14,16.450000762939453,16.559999465942383,16.139999389648438,16.350000381469727,16.007343292236328,112600
2023-06-15,16.43000030517578,16.530000686645508,16.149999618530273,16.25,15.90943717956543,58400
2023-06-16,16.200000762939453,16.299999237060547,15.579999923706055,15.579999923706055,15.253479957580566,85700
2023-06-20,15.529999732971191,15.880000114440918,15.5,15.75,15.419917106628418,83000
2023-06-21,15.640000343322754,16.15999984741211,15.529999732971191,16.1299991607666,15.791951179504395,90000
2023-06-22,16.1299991607666,16.170000076293945,15.920000076293945,16.06999969482422,15.733209609985352,79400
2023-06-23,15.859999656677246,16.170000076293945,15.609999656677246,15.680000305175781,15.351384162902832,2200600
2023-06-26,15.699999809265137,16.110000610351562,15.470000267028809,15.819999694824219,15.488449096679688,144000
2023-06-27,15.8100004196167,16.010000228881836,15.380000114440918,15.550000190734863,15.224106788635254,69000
2023-06-28,15.539999961853027,15.539999961853027,14.850000381469727,15.300000190734863,14.979347229003906,105400
2023-06-29,15.270000457763672,15.579999923706055,15.229999542236328,15.5600004196167,15.233899116516113,64200
2023-06-30,15.699999809265137,15.90999984741211,15.350000381469727,15.5600004196167,15.233899116516113,78800
2023-07-03,15.520000457763672,15.640000343322754,15.4399995803833,15.600000381469727,15.273058891296387,47800
2023-07-05,15.699999809265137,15.699999809265137,15.420000076293945,15.430000305175781,15.106622695922852,50500
2023-07-06,15.420000076293945,15.5600004196167,15.210000038146973,15.539999961853027,15.21431827545166,51500
2023-07-07,15.600000381469727,15.800000190734863,15.510000228881836,15.649999618530273,15.322011947631836,84100
2023-07-10,15.520000457763672,15.880000114440918,15.420000076293945,15.489999771118164,15.23839282989502,52800
2023-07-11,15.550000190734863,15.630000114440918,15.369999885559082,15.460000038146973,15.208880424499512,96600
2023-07-12,15.630000114440918,15.90999984741211,15.5600004196167,15.670000076293945,15.4154691696167,100400
2023-07-13,15.59000015258789,15.829999923706055,15.430000305175781,15.5,15.24822998046875,70800
2023-07-14,15.520000457763672,15.520000457763672,15.100000381469727,15.180000305175781,14.933428764343262,54900
2023-07-17,15.319999694824219,15.579999923706055,15.199999809265137,15.5,15.24822998046875,114500
2023-07-18,15.5,15.779999732971191,15.460000038146973,15.510000228881836,15.258068084716797,59500
2023-07-19,15.510000228881836,15.579999923706055,15.229999542236328,15.229999542236328,14.982616424560547,59500
2023-07-20,15.289999961853027,15.3100004196167,15.100000381469727,15.15999984741211,14.913753509521484,50300
2023-07-21,15.270000457763672,15.399999618530273,15.020000457763672,15.09000015258789,14.844890594482422,65600
2023-07-24,15.09000015258789,15.15999984741211,14.90999984741211,15.09000015258789,14.844890594482422,53500
2023-07-25,15.020000457763672,15.210000038146973,14.930000305175781,15.039999961853027,14.795702934265137,43000
2023-07-26,15.029999732971191,15.319999694824219,15.029999732971191,15.260000228881836,15.012128829956055,30100
2023-07-27,15.289999961853027,15.460000038146973,14.8100004196167,14.859999656677246,14.61862564086914,48900
2023-07-28,14.890000343322754,15.050000190734863,14.819999694824219,14.850000381469727,14.60878849029541,41700
2023-07-31,14.899999618530273,15.579999923706055,14.899999618530273,15.520000457763672,15.267905235290527,109200
2023-08-01,15.529999732971191,15.9399995803833,14.949999809265137,15.84000015258789,15.582708358764648,85300
2023-08-02,15.8100004196167,15.989999771118164,15.529999732971191,15.609999656677246,15.356443405151367,56900
2023-08-03,15.59000015258789,15.710000038146973,15.390000343322754,15.420000076293945,15.169529914855957,36000
2023-08-04,15.460000038146973,15.619999885559082,15.359999656677246,15.380000114440918,15.130179405212402,35600
2023-08-07,15.3100004196167,15.800000190734863,15.3100004196167,15.479999542236328,15.228555679321289,43900
2023-08-08,15.4399995803833,15.510000228881836,15.210000038146973,15.479999542236328,15.228555679321289,32300
2023-08-09,15.619999885559082,15.760000228881836,15.380000114440918,15.680000305175781,15.425307273864746,73200
2023-08-10,15.779999732971191,15.779999732971191,15.59000015258789,15.760000228881836,15.504007339477539,39900
2023-08-11,15.789999961853027,15.930000305175781,15.6899995803833,15.729999542236328,15.474493980407715,31100
2023-08-14,15.289999961853027,15.539999961853027,15.289999961853027,15.5,15.24822998046875,37700
2023-08-15,15.550000190734863,15.670000076293945,15.130000114440918,15.289999961853027,15.041642189025879,207000
2023-08-16,15.079999923706055,15.470000267028809,15.079999923706055,15.100000381469727,14.854727745056152,47100
2023-08-17,15.140000343322754,15.239999771118164,15.020000457763672,15.09000015258789,14.844890594482422,47800
2023-08-18,15.039999961853027,15.430000305175781,15.039999961853027,15.180000305175781,14.933428764343262,37700
2023-08-21,15.210000038146973,15.210000038146973,14.90999984741211,14.960000038146973,14.717001914978027,30400
2023-08-22,14.989999771118164,15.369999885559082,14.869999885559082,15.020000457763672,14.77602767944336,37500
2023-08-23,15.109999656677246,15.199999809265137,14.989999771118164,15.039999961853027,14.795702934265137,34900
2023-08-24,14.970000267028809,15.350000381469727,14.960000038146973,15.25,15.002291679382324,34000
2023-08-25,15.210000038146973,15.630000114440918,15.199999809265137,15.449999809265137,15.199042320251465,32700
2023-08-28,15.449999809265137,15.550000190734863,15.359999656677246,15.489999771118164,15.23839282989502,25800
2023-08-29,15.489999771118164,15.630000114440918,15.489999771118164,15.520000457763672,15.267905235290527,26300
2023-08-30,15.510000228881836,15.859999656677246,15.510000228881836,15.800000190734863,15.543357849121094,42100
2023-08-31,15.75,15.75,15.350000381469727,15.40999984741211,15.159692764282227,48900
2023-09-01,15.449999809265137,15.59000015258789,15.399999618530273,15.449999809265137,15.199042320251465,37300
2023-09-05,15.359999656677246,15.359999656677246,15.0,15.050000190734863,14.805540084838867,38800
2023-09-06,15.079999923706055,15.199999809265137,14.859999656677246,15.079999923706055,14.835053443908691,33900
2023-09-07,15.079999923706055,15.359999656677246,15.039999961853027,15.119999885559082,14.87440299987793,74600
2023-09-08,14.380000114440918,14.90999984741211,14.130000114440918,14.489999771118164,14.25463581085205,168800
2023-09-11,14.550000190734863,14.8100004196167,14.40999984741211,14.569999694824219,14.33333683013916,126100
2023-09-12,14.600000381469727,14.880000114440918,14.550000190734863,14.859999656677246,14.61862564086914,75600
2023-09-13,14.90999984741211,15.1899995803833,14.880000114440918,15.0600004196167,14.815378189086914,61800
2023-09-14,15.149999618530273,15.270000457763672,15.109999656677246,15.1899995803833,14.943264961242676,52700
2023-09-15,15.170000076293945,15.1899995803833,15.050000190734863,15.140000343322754,14.894079208374023,140500
2023-09-18,15.170000076293945,15.220000267028809,14.979999542236328,15.069999694824219,14.825215339660645,33200
2023-09-19,15.109999656677246,15.260000228881836,15.069999694824219,15.170000076293945,14.923590660095215,36000
2023-09-20,15.100000381469727,15.210000038146973,15.020000457763672,15.109999656677246,14.864564895629883,51700
2023-09-21,14.65999984741211,15.119999885559082,14.65999984741211,14.949999809265137,14.707164764404297,93700
2023-09-22,14.9399995803833,15.039999961853027,14.65999984741211,14.880000114440918,14.638301849365234,59800
2023-09-25,14.880000114440918,14.880000114440918,14.699999809265137,14.770000457763672,14.5300874710083,39600
2023-09-26,14.699999809265137,14.869999885559082,14.649999618530273,14.829999923706055,14.589113235473633,45000
2023-09-27,14.829999923706055,14.979999542236328,14.729999542236328,14.949999809265137,14.707164764404297,67300
2023-09-28,14.979999542236328,15.180000305175781,14.979999542236328,15.15999984741211,14.913753509521484,46700
2023-09-29,15.180000305175781,15.369999885559082,15.100000381469727,15.319999694824219,15.071154594421387,89200
2023-10-02,15.279999732971191,15.279999732971191,14.989999771118164,15.069999694824219,14.825215339660645,125000
2023-10-03,15.029999732971191,15.09000015258789,14.779999732971191,14.789999961853027,14.549762725830078,102100
2023-10-04,14.8100004196167,14.899999618530273,14.430000305175781,14.84000015258789,14.598950386047363,108100
2023-10-05,14.8100004196167,14.899999618530273,14.739999771118164,14.770000457763672,14.5300874710083,86300
2023-10-06,14.670000076293945,14.819999694824219,14.3100004196167,14.789999961853027,14.624021530151367,51200
2023-10-09,14.739999771118164,14.970000267028809,14.619999885559082,14.84000015258789,14.673460006713867,29300
2023-10-10,14.75,15.149999618530273,14.710000038146973,15.09000015258789,14.920655250549316,47500
2023-10-11,15.199999809265137,15.6899995803833,15.050000190734863,15.119999885559082,14.950318336486816,71400
2023-10-12,15.100000381469727,15.100000381469727,14.460000038146973,14.489999771118164,14.327387809753418,53700
2023-10-13,14.5600004196167,14.680000305175781,14.539999961853027,14.569999694824219,14.406490325927734,41400
2023-10-16,14.75,14.850000381469727,14.720000267028809,14.739999771118164,14.57458209991455,32200
2023-10-17,14.6899995803833,14.869999885559082,14.59000015258789,14.619999885559082,14.45592975616455,76100
2023-10-18,14.649999618530273,14.649999618530273,14.25,14.25,14.090081214904785,56500
2023-10-19,14.25,14.319999694824219,14.010000228881836,14.170000076293945,14.010979652404785,44600
2023-10-20,14.1899995803833,14.270000457763672,13.9399995803833,13.9399995803833,13.783560752868652,40500
2023-10-23,13.90999984741211,14.100000381469727,13.880000114440918,13.899999618530273,13.744009017944336,37800
2023-10-24,13.989999771118164,14.15999984741211,13.989999771118164,14.119999885559082,13.961541175842285,37200
2023-10-25,14.010000228881836,14.399999618530273,14.010000228881836,14.34000015258789,14.179071426391602,47400
2023-10-26,14.369999885559082,14.529999732971191,14.289999961853027,14.369999885559082,14.208734512329102,55200
2023-10-27,14.460000038146973,14.470000267028809,14.010000228881836,14.079999923706055,13.921989440917969,39300
2023-10-30,14.239999771118164,14.479999542236328,14.140000343322754,14.279999732971191,14.119745254516602,165600
2023-10-31,14.359999656677246,14.359999656677246,14.130000114440918,14.289999961853027,14.129632949829102,54300
2023-11-01,14.359999656677246,14.359999656677246,13.989999771118164,14.130000114440918,13.971428871154785,36300
2023-11-02,14.210000038146973,14.40999984741211,14.1899995803833,14.390000343322754,14.228510856628418,69800
2023-11-03,14.600000381469727,14.829999923706055,14.229999542236328,14.270000457763672,14.109858512878418,122700
2023-11-06,14.369999885559082,14.430000305175781,14.119999885559082,14.359999656677246,14.198847770690918,39800
2023-11-07,14.399999618530273,14.399999618530273,14.220000267028809,14.300000190734863,14.139520645141602,45500
2023-11-08,14.369999885559082,14.369999885559082,14.130000114440918,14.210000038146973,14.050531387329102,38400
2023-11-09,14.300000190734863,14.460000038146973,14.140000343322754,14.199999809265137,14.040642738342285,58600
2023-11-10,14.180000305175781,14.369999885559082,14.170000076293945,14.329999923706055,14.169183731079102,35700
2023-11-13,14.260000228881836,14.329999923706055,14.25,14.25,14.090081214904785,22900
2023-11-14,14.380000114440918,14.949999809265137,14.380000114440918,14.9399995803833,14.772337913513184,49900
2023-11-15,15.050000190734863,15.529999732971191,14.90999984741211,15.270000457763672,15.09863567352295,69900
2023-11-16,15.199999809265137,15.270000457763672,14.949999809265137,15.140000343322754,14.970094680786133,25900
2023-11-17,15.270000457763672,15.270000457763672,14.890000343322754,15.140000343322754,14.970094680786133,56000
2023-11-20,15.119999885559082,15.149999618530273,14.75,14.819999694824219,14.653684616088867,176400
2023-11-21,14.84000015258789,15.199999809265137,14.729999542236328,15.180000305175781,15.009645462036133,25400
2023-11-22,15.210000038146973,15.5,15.1899995803833,15.460000038146973,15.286503791809082,27900
2023-11-24,15.3100004196167,15.5,15.3100004196167,15.449999809265137,15.276615142822266,10800
2023-11-27,15.4399995803833,15.5,15.300000190734863,15.430000305175781,15.25683879852295,30200
2023-11-28,15.479999542236328,15.5,15.289999961853027,15.3100004196167,15.13818645477295,42400
2023-11-29,15.430000305175781,15.670000076293945,15.260000228881836,15.300000190734863,15.12829875946045,38500
2023-11-30,15.300000190734863,15.300000190734863,15.149999618530273,15.199999809265137,15.029420852661133,38600
2023-12-01,15.600000381469727,19.280000686645508,15.600000381469727,18.299999237060547,18.09463119506836,582900
2023-12-04,17.709999084472656,18.899999618530273,17.600000381469727,18.850000381469727,18.638458251953125,227400
2023-12-05,18.920000076293945,19.489999771118164,18.079999923706055,19.299999237060547,19.08340835571289,198900
2023-12-06,19.399999618530273,19.399999618530273,18.899999618530273,19.1299991607666,18.915315628051758,81100
2023-12-07,19.219999313354492,19.329999923706055,18.8799991607666,19.200000762939453,18.98453140258789,43100
2023-12-08,19.270000457763672,19.270000457763672,18.75,19.06999969482422,18.85599136352539,45000
2023-12-11,18.309999465942383,18.84000015258789,18.309999465942383,18.760000228881836,18.549468994140625,36300
2023-12-12,18.8700008392334,18.8700008392334,18.149999618530273,18.239999771118164,18.03530502319336,52100
2023-12-13,18.329999923706055,18.959999084472656,18.0,18.889999389648438,18.678009033203125,113900
2023-12-14,19.0,19.299999237060547,18.690000534057617,19.030000686645508,18.816438674926758,61500
2023-12-15,19.350000381469727,19.399999618530273,18.809999465942383,19.1200008392334,18.90542984008789,198200
2023-12-18,19.170000076293945,19.739999771118164,19.06999969482422,19.56999969482422,19.350379943847656,88000
2023-12-19,19.489999771118164,19.690000534057617,18.920000076293945,19.010000228881836,18.796663284301758,82700
2023-12-20,18.940000534057617,19.649999618530273,18.8799991607666,18.940000534057617,18.727449417114258,68000
2023-12-21,19.079999923706055,19.25,18.75,19.190000534057617,18.97464370727539,66900
2023-12-22,20.0,20.979999542236328,19.469999313354492,20.510000228881836,20.279830932617188,172900
2023-12-26,20.479999542236328,20.979999542236328,20.329999923706055,20.760000228881836,20.52702522277832,51000
2023-12-27,20.860000610351562,21.6200008392334,20.799999237060547,21.09000015258789,20.853322982788086,72400
2023-12-28,20.8700008392334,21.030000686645508,20.639999389648438,20.760000228881836,20.52702522277832,44100
2023-12-29,20.170000076293945,20.700000762939453,20.170000076293945,20.6299991607666,20.472442626953125,55700
2024-01-02,20.84000015258789,20.84000015258789,20.329999923706055,20.3700008392334,20.21442985534668,56800
2024-01-03,20.270000457763672,20.530000686645508,19.479999542236328,19.540000915527344,19.390769958496094,72200
2024-01-04,19.739999771118164,19.780000686645508,19.260000228881836,19.360000610351562,19.212142944335938,52500
2024-01-05,19.190000534057617,19.3799991607666,18.90999984741211,19.1299991607666,18.983898162841797,62900
2024-01-08,19.170000076293945,19.170000076293945,18.809999465942383,19.0,18.85489273071289,38200
2024-01-09,18.639999389648438,18.93000030517578,18.469999313354492,18.530000686645508,18.38848304748535,67300
2024-01-10,18.520000457763672,18.739999771118164,18.229999542236328,18.389999389648438,18.24955177307129,62000
2024-01-11,18.229999542236328,18.719999313354492,18.059999465942383,18.3799991607666,18.239625930786133,47700
2024-01-12,18.729999542236328,18.860000610351562,18.149999618530273,18.670000076293945,18.527414321899414,65800
2024-01-16,18.56999969482422,18.56999969482422,18.110000610351562,18.229999542236328,18.09077262878418,46300
2024-01-17,18.010000228881836,18.84000015258789,17.729999542236328,18.299999237060547,18.160236358642578,34700
2024-01-18,18.3700008392334,18.489999771118164,18.200000762939453,18.40999984741211,18.269397735595703,28900
2024-01-19,18.56999969482422,18.56999969482422,18.059999465942383,18.239999771118164,18.100698471069336,31400
2024-01-22,18.440000534057617,18.75,18.440000534057617,18.709999084472656,18.567106246948242,35200
2024-01-23,18.709999084472656,19.110000610351562,18.399999618530273,18.969999313354492,18.82512092590332,43100
2024-01-24,19.209999084472656,19.389999389648438,18.459999084472656,18.5,18.35871124267578,45300
2024-01-25,18.75,18.950000762939453,18.600000381469727,18.799999237060547,18.656417846679688,27200
2024-01-26,19.020000457763672,19.200000762939453,18.65999984741211,18.690000534057617,18.547260284423828,31400
2024-01-29,18.889999389648438,18.889999389648438,18.469999313354492,18.889999389648438,18.7457332611084,26000
2024-01-30,18.809999465942383,18.8799991607666,18.579999923706055,18.579999923706055,18.438098907470703,13900
2024-01-31,18.579999923706055,18.59000015258789,18.139999389648438,18.139999389648438,18.0014591217041,41200
2024-02-01,18.309999465942383,18.639999389648438,18.309999465942383,18.3799991607666,18.239625930786133,26300
2024-02-02,18.18000030517578,18.299999237060547,17.920000076293945,17.920000076293945,17.783140182495117,35500
2024-02-05,17.739999771118164,18.219999313354492,17.649999618530273,17.739999771118164,17.604515075683594,72100
2024-02-06,17.760000228881836,18.34000015258789,17.649999618530273,18.239999771118164,18.100698471069336,33100
2024-02-07,18.290000915527344,18.420000076293945,17.860000610351562,17.8799991607666,17.743444442749023,37100
2024-02-08,18.020000457763672,18.020000457763672,17.68000030517578,17.770000457763672,17.634286880493164,24000
2024-02-09,17.75,18.0,17.479999542236328,17.969999313354492,17.8327579498291,25900
2024-02-12,18.110000610351562,18.8700008392334,18.110000610351562,18.68000030517578,18.537338256835938,50300
2024-02-13,18.34000015258789,18.399999618530273,17.3700008392334,17.450000762939453,17.316730499267578,48800
2024-02-14,17.719999313354492,17.899999618530273,17.59000015258789,17.850000381469727,17.71367645263672,26800
2024-02-15,18.040000915527344,18.520000457763672,17.799999237060547,18.450000762939453,18.309093475341797,38100
2024-02-16,18.440000534057617,18.489999771118164,18.239999771118164,18.34000015258789,18.199934005737305,27700
2024-02-20,18.1200008392334,18.399999618530273,18.09000015258789,18.1299991607666,17.99153709411621,21200
2024-02-21,18.030000686645508,18.059999465942383,17.739999771118164,17.950000762939453,17.812911987304688,25900
2024-02-22,17.84000015258789,17.889999389648438,17.6200008392334,17.770000457763672,17.634286880493164,38300
2024-02-23,17.700000762939453,17.709999084472656,17.56999969482422,17.579999923706055,17.445737838745117,19800
2024-02-26,17.540000915527344,18.239999771118164,17.489999771118164,18.190000534057617,18.05107879638672,35500
2024-02-27,18.100000381469727,18.600000381469727,18.100000381469727,18.479999542236328,18.338863372802734,22600
2024-02-28,18.309999465942383,18.469999313354492,18.139999389648438,18.190000534057617,18.05107879638672,20100
2024-02-29,18.450000762939453,18.729999542236328,18.260000228881836,18.459999084472656,18.31901741027832,30500
2024-03-01,17.90999984741211,18.329999923706055,17.90999984741211,17.969999313354492,17.8327579498291,30600
2024-03-04,18.229999542236328,18.6299991607666,17.90999984741211,18.299999237060547,18.160236358642578,27900
2024-03-05,18.219999313354492,18.309999465942383,17.889999389648438,17.90999984741211,17.773218154907227,30500
2024-03-06,17.899999618530273,18.059999465942383,17.770000457763672,17.780000686645508,17.644210815429688,21400
2024-03-07,17.979999542236328,18.260000228881836,17.979999542236328,18.18000030517578,18.041156768798828,38100
2024-03-08,19.40999984741211,19.40999984741211,18.5,18.59000015258789,18.448022842407227,76200
2024-03-11,18.40999984741211,18.969999313354492,18.40999984741211,18.549999237060547,18.408329010009766,77800
2024-03-12,18.459999084472656,18.639999389648438,18.299999237060547,18.549999237060547,18.408329010009766,39000
2024-03-13,18.389999389648438,18.75,18.389999389648438,18.530000686645508,18.38848304748535,65400
2024-03-14,18.5,19.049999237060547,18.5,18.829999923706055,18.68619155883789,48300
2024-03-15,19.290000915527344,19.3799991607666,18.940000534057617,19.18000030517578,19.033517837524414,129300
2024-03-18,19.1200008392334,19.40999984741211,19.0,19.25,19.102983474731445,38700
2024-03-19,19.280000686645508,19.610000610351562,19.18000030517578,19.579999923706055,19.430461883544922,34700
2024-03-20,19.579999923706055,19.90999984741211,19.3799991607666,19.84000015258789,19.688478469848633,32000
2024-03-21,19.979999542236328,20.18000030517578,19.559999465942383,19.850000381469727,19.698400497436523,80100
2024-03-22,19.950000762939453,19.959999084472656,19.290000915527344,19.34000015258789,19.192296981811523,22800
2024-03-25,19.3799991607666,19.549999237060547,19.309999465942383,19.360000610351562,19.212142944335938,14500
2024-03-26,19.530000686645508,19.549999237060547,19.170000076293945,19.260000228881836,19.11290740966797,26100
2024-03-27,19.270000457763672,19.469999313354492,19.229999542236328,19.40999984741211,19.261760711669922,37300
2024-03-28,19.40999984741211,19.75,19.40999984741211,19.559999465942383,19.48590850830078,35300
2024-04-01,19.739999771118164,19.739999771118164,19.360000610351562,19.40999984741211,19.336477279663086,17300
2024-04-02,19.239999771118164,19.440000534057617,19.190000534057617,19.360000610351562,19.286666870117188,26200
2024-04-03,19.239999771118164,19.3799991607666,19.100000381469727,19.3799991607666,19.306591033935547,39400
2024-04-04,19.40999984741211,19.780000686645508,19.270000457763672,19.34000015258789,19.266742706298828,34200
2024-04-05,19.329999923706055,19.649999618530273,19.190000534057617,19.540000915527344,19.465986251831055,23600
2024-04-08,19.489999771118164,19.610000610351562,19.290000915527344,19.600000381469727,19.525758743286133,39000
2024-04-09,19.579999923706055,19.6299991607666,19.31999969482422,19.479999542236328,19.406211853027344,19600
2024-04-10,19.110000610351562,19.350000381469727,18.790000915527344,19.309999465942383,19.23685646057129,57800
2024-04-11,19.209999084472656,19.329999923706055,19.110000610351562,19.309999465942383,19.23685646057129,26500
2024-04-12,19.31999969482422,19.31999969482422,19.059999465942383,19.299999237060547,19.226892471313477,91700
2024-04-15,19.239999771118164,19.260000228881836,18.65999984741211,19.100000381469727,19.027652740478516,51900
2024-04-16,19.059999465942383,19.059999465942383,18.670000076293945,18.940000534057617,18.868257522583008,39100
2024-04-17,18.989999771118164,19.110000610351562,18.760000228881836,19.0,18.928030014038086,43000
2024-04-18,19.010000228881836,19.360000610351562,18.969999313354492,19.31999969482422,19.24681854248047,55800
2024-04-19,19.200000762939453,19.600000381469727,19.09000015258789,19.59000015258789,19.51579475402832,53300
2024-04-22,19.5,19.729999542236328,19.360000610351562,19.709999084472656,19.635339736938477,64000
2024-04-23,19.40999984741211,20.010000228881836,19.40999984741211,19.709999084472656,19.635339736938477,32900
2024-04-24,19.700000762939453,20.15999984741211,19.579999923706055,20.06999969482422,19.993976593017578,40700
2024-04-25,20.040000915527344,20.040000915527344,19.520000457763672,19.739999771118164,19.66522789001465,43300
2024-04-26,19.799999237060547,19.889999389648438,19.639999389648438,19.850000381469727,19.774810791015625,30600
2024-04-29,19.989999771118164,19.989999771118164,19.639999389648438,19.850000381469727,19.774810791015625,22800
2024-04-30,19.8700008392334,19.950000762939453,19.700000762939453,19.780000686645508,19.705076217651367,87700
2024-05-01,19.899999618530273,20.350000381469727,19.860000610351562,20.06999969482422,19.993976593017578,54900
2024-05-02,20.34000015258789,21.489999771118164,20.100000381469727,21.450000762939453,21.368751525878906,114000
2024-05-03,21.56999969482422,22.0,21.040000915527344,21.989999771118164,21.90670394897461,65200
2024-05-06,22.0,22.0,20.969999313354492,21.0,20.920454025268555,41200
2024-05-07,21.350000381469727,21.350000381469727,20.860000610351562,21.1200008392334,21.040000915527344,50000
2024-05-08,21.1299991607666,21.15999984741211,20.920000076293945,21.1299991607666,21.04996109008789,26600
2024-05-09,21.06999969482422,21.280000686645508,21.040000915527344,21.219999313354492,21.139619827270508,28700
2024-05-10,21.1299991607666,21.350000381469727,21.1299991607666,21.229999542236328,21.14958381652832,25500
2024-05-13,21.229999542236328,21.579999923706055,20.989999771118164,21.239999771118164,21.1595458984375,42200
2024-05-14,21.530000686645508,21.530000686645508,21.219999313354492,21.31999969482422,21.239242553710938,41800
2024-05-15,21.469999313354492,21.469999313354492,21.200000762939453,21.260000228881836,21.17947006225586,17300
2024-05-16,21.170000076293945,21.260000228881836,20.889999389648438,21.219999313354492,21.139619827270508,25500
2024-05-17,21.34000015258789,21.739999771118164,21.209999084472656,21.540000915527344,21.458410263061523,27200
2024-05-20,21.469999313354492,21.5,21.270000457763672,21.34000015258789,21.259166717529297,21200
2024-05-21,21.25,21.25,20.700000762939453,20.959999084472656,20.880605697631836,25200
2024-05-22,20.950000762939453,20.950000762939453,20.450000762939453,20.540000915527344,20.46219825744629,35400
2024-05-23,20.579999923706055,20.579999923706055,19.770000457763672,19.860000610351562,19.784772872924805,60300
2024-05-24,19.969999313354492,20.06999969482422,19.549999237060547,19.829999923706055,19.754886627197266,35000
2024-05-28,20.030000686645508,20.899999618530273,19.940000534057617,20.31999969482422,20.243030548095703,46700
2024-05-29,20.06999969482422,20.489999771118164,19.68000030517578,19.719999313354492,19.645301818847656,29600
2024-05-30,19.950000762939453,20.149999618530273,19.549999237060547,19.690000534057617,19.61541748046875,23100
2024-05-31,19.649999618530273,20.200000762939453,19.649999618530273,20.020000457763672,19.944168090820312,26300
2024-06-03,20.260000228881836,20.260000228881836,19.780000686645508,20.049999237060547,19.97405242919922,35200
2024-06-04,19.989999771118164,20.290000915527344,19.93000030517578,20.239999771118164,20.163333892822266,44800
2024-06-05,20.440000534057617,20.450000762939453,19.989999771118164,20.43000030517578,20.35261344909668,33000
2024-06-06,20.270000457763672,20.709999084472656,20.25,20.360000610351562,20.282878875732422,71900
2024-06-07,20.799999237060547,22.719999313354492,20.739999771118164,21.260000228881836,21.17947006225586,144100
2024-06-10,21.450000762939453,21.450000762939453,19.809999465942383,19.899999618530273,19.824621200561523,37300
2024-06-11,19.739999771118164,19.889999389648438,19.350000381469727,19.860000610351562,19.784772872924805,40800
2024-06-12,20.299999237060547,20.579999923706055,20.0,20.149999618530273,20.073673248291016,36900
2024-06-13,20.06999969482422,20.350000381469727,19.719999313354492,19.770000457763672,19.695114135742188,14000
2024-06-14,19.34000015258789,19.969999313354492,19.34000015258789,19.520000457763672,19.446060180664062,28500
2024-06-17,19.389999389648438,19.68000030517578,19.299999237060547,19.520000457763672,19.446060180664062,17800
2024-06-18,19.5,19.950000762939453,19.5,19.829999923706055,19.754886627197266,36900
2024-06-20,19.889999389648438,20.079999923706055,19.700000762939453,19.850000381469727,19.774810791015625,33600
2024-06-21,19.719999313354492,20.1299991607666,19.450000762939453,19.959999084472656,19.8843936920166,74900
2024-06-24,19.84000015258789,20.389999389648438,19.59000015258789,20.1299991607666,20.053749084472656,26600
2024-06-25,20.229999542236328,20.239999771118164,20.1200008392334,20.190000534057617,20.113523483276367,28000
2024-06-26,20.190000534057617,20.350000381469727,20.15999984741211,20.170000076293945,20.093599319458008,32700
2024-06-27,20.329999923706055,20.719999313354492,20.049999237060547,20.299999237060547,20.22310447692871,14800
2024-06-28,20.530000686645508,20.889999389648438,20.1200008392334,20.809999465942383,20.73117446899414,109200
2024-07-01,20.739999771118164,20.75,20.06999969482422,20.350000381469727,20.272916793823242,26700
2024-07-02,20.530000686645508,20.530000686645508,20.100000381469727,20.1299991607666,20.053749084472656,30700
2024-07-03,20.239999771118164,20.399999618530273,20.0,20.09000015258789,20.01390266418457,44600
2024-07-05,19.940000534057617,20.0,19.399999618530273,19.799999237060547,19.724998474121094,34800
2024-07-08,19.850000381469727,19.959999084472656,19.59000015258789,19.760000228881836,19.760000228881836,32300
2024-07-09,19.65999984741211,19.940000534057617,19.65999984741211,19.940000534057617,19.940000534057617,32100
2024-07-10,19.950000762939453,20.1299991607666,19.860000610351562,19.90999984741211,19.90999984741211,53900
2024-07-11,20.40999984741211,21.559999465942383,20.110000610351562,21.079999923706055,21.079999923706055,133400
2024-07-12,21.40999984741211,21.489999771118164,21.030000686645508,21.209999084472656,21.209999084472656,30000
2024-07-15,21.25,21.90999984741211,20.940000534057617,21.899999618530273,21.899999618530273,65600
2024-07-16,21.709999084472656,22.5,21.709999084472656,22.43000030517578,22.43000030517578,64900
2024-07-17,22.190000534057617,22.8799991607666,22.190000534057617,22.719999313354492,22.719999313354492,49800
2024-07-18,22.469999313354492,23.190000534057617,22.040000915527344,22.309999465942383,22.309999465942383,54500
2024-07-19,22.3799991607666,22.6299991607666,22.030000686645508,22.049999237060547,22.049999237060547,19800
2024-07-22,22.049999237060547,22.200000762939453,21.93000030517578,22.149999618530273,22.149999618530273,40100
2024-07-23,22.059999465942383,22.360000610351562,21.940000534057617,22.100000381469727,22.100000381469727,37900
2024-07-24,22.229999542236328,22.260000228881836,21.81999969482422,21.93000030517578,21.93000030517578,30600
2024-07-25,22.209999084472656,22.90999984741211,21.8700008392334,22.100000381469727,22.100000381469727,73800
2024-07-26,22.399999618530273,22.399999618530273,21.940000534057617,22.110000610351562,22.110000610351562,74100
2024-07-29,22.030000686645508,22.1299991607666,21.68000030517578,21.84000015258789,21.84000015258789,20900
2024-07-30,22.040000915527344,22.139999389648438,21.479999542236328,22.110000610351562,22.110000610351562,35100
2024-07-31,22.200000762939453,22.489999771118164,21.780000686645508,22.040000915527344,22.040000915527344,301600
2024-08-01,22.1200008392334,22.219999313354492,21.149999618530273,21.360000610351562,21.360000610351562,53100
2024-08-02,20.760000228881836,21.3799991607666,20.68000030517578,21.049999237060547,21.049999237060547,37700
2024-08-05,20.270000457763672,20.399999618530273,19.709999084472656,20.239999771118164,20.239999771118164,88100
2024-08-06,20.209999084472656,20.489999771118164,19.920000076293945,20.489999771118164,20.489999771118164,41600
2024-08-07,20.8700008392334,20.8700008392334,20.239999771118164,20.280000686645508,20.280000686645508,32400
2024-08-08,20.489999771118164,20.84000015258789,20.299999237060547,20.780000686645508,20.780000686645508,29600
2024-08-09,20.829999923706055,20.829999923706055,20.09000015258789,20.520000457763672,20.520000457763672,65100
2024-08-12,20.65999984741211,20.75,20.079999923706055,20.18000030517578,20.18000030517578,33600
2024-08-13,20.18000030517578,20.6299991607666,20.18000030517578,20.6299991607666,20.6299991607666,31600
2024-08-14,20.540000915527344,20.700000762939453,20.31999969482422,20.31999969482422,20.31999969482422,33600
2024-08-15,20.760000228881836,21.3700008392334,20.600000381469727,21.040000915527344,21.040000915527344,28100
2024-08-16,21.020000457763672,21.489999771118164,21.010000228881836,21.139999389648438,21.139999389648438,17800
2024-08-19,21.329999923706055,21.440000534057617,21.06999969482422,21.329999923706055,21.329999923706055,17500
2024-08-20,21.440000534057617,21.780000686645508,21.229999542236328,21.489999771118164,21.489999771118164,26700
2024-08-21,21.75,21.75,21.3700008392334,21.549999237060547,21.549999237060547,16000
2024-08-22,21.690000534057617,21.690000534057617,21.1299991607666,21.18000030517578,21.18000030517578,23100
2024-08-23,21.239999771118164,22.760000228881836,21.100000381469727,22.729999542236328,22.729999542236328,36800
2024-08-26,22.540000915527344,24.420000076293945,22.280000686645508,24.06999969482422,24.06999969482422,139200
2024-08-27,23.799999237060547,25.889999389648438,23.799999237060547,24.920000076293945,24.920000076293945,101800
2024-08-28,25.0,25.15999984741211,24.670000076293945,24.75,24.75,77300
2024-08-29,25.020000457763672,25.079999923706055,24.31999969482422,24.8700008392334,24.8700008392334,53000
2024-08-30,25.06999969482422,25.1299991607666,24.709999084472656,25.079999923706055,25.079999923706055,34000
2024-09-03,24.719999313354492,24.8700008392334,23.829999923706055,24.18000030517578,24.18000030517578,47900
2024-09-04,24.389999389648438,25.100000381469727,24.260000228881836,25.100000381469727,25.100000381469727,48000
2024-09-05,25.149999618530273,25.149999618530273,24.360000610351562,24.739999771118164,24.739999771118164,48300
2024-09-06,24.829999923706055,25.030000686645508,24.260000228881836,24.93000030517578,24.93000030517578,28500
2024-09-09,24.889999389648438,25.200000762939453,24.760000228881836,25.0,25.0,83600
2024-09-10,23.81999969482422,24.520000457763672,22.25,24.25,24.25,117900
2024-09-11,24.030000686645508,24.440000534057617,23.829999923706055,24.3700008392334,24.3700008392334,43900
2024-09-12,24.579999923706055,25.649999618530273,24.170000076293945,25.389999389648438,25.389999389648438,107000
2024-09-13,25.5,25.979999542236328,25.209999084472656,25.959999084472656,25.959999084472656,35800
2024-09-16,25.959999084472656,26.1200008392334,25.600000381469727,25.969999313354492,25.969999313354492,53800
2024-09-17,25.959999084472656,27.239999771118164,25.950000762939453,26.6200008392334,26.6200008392334,82700
2024-09-18,26.700000762939453,27.639999389648438,26.350000381469727,26.93000030517578,26.93000030517578,72900
2024-09-19,27.440000534057617,27.530000686645508,26.850000381469727,27.5,27.5,56400
2024-09-20,27.520000457763672,27.889999389648438,27.350000381469727,27.6200008392334,27.6200008392334,205500
2024-09-23,27.610000610351562,27.739999771118164,27.18000030517578,27.350000381469727,27.350000381469727,50400
2024-09-24,27.59000015258789,27.600000381469727,26.850000381469727,27.139999389648438,27.139999389648438,48000
2024-09-25,27.09000015258789,27.09000015258789,26.34000015258789,26.43000030517578,26.43000030517578,31000
2024-09-26,26.520000457763672,27.030000686645508,26.399999618530273,26.75,26.75,58900
2024-09-27,27.049999237060547,27.049999237060547,26.200000762939453,26.200000762939453,26.200000762939453,31800
2024-09-30,26.190000534057617,26.829999923706055,25.940000534057617,26.5,26.5,72500
2024-10-01,26.309999465942383,26.6299991607666,25.780000686645508,26.309999465942383,26.309999465942383,45600
2024-10-02,26.309999465942383,26.440000534057617,26.1200008392334,26.170000076293945,26.170000076293945,23700
