Date,Open,High,Low,Close,Adj Close,Volume
1992-06-19,15.0,15.125,15.0,15.125,3.124796152114868,34800
1992-06-22,15.0,15.125,15.0,15.0,3.098973512649536,23000
1992-06-23,15.0,15.125,15.0,15.0,3.098973512649536,4300
1992-06-24,15.0,15.0,15.0,15.0,3.098973512649536,2000
1992-06-25,15.125,15.125,15.125,15.125,3.124796152114868,6100
1992-06-26,15.125,15.125,15.0,15.125,3.124796152114868,13200
1992-06-29,15.0,15.125,15.0,15.0,3.098973512649536,4800
1992-06-30,15.0,15.125,15.0,15.0,3.098973512649536,18100
1992-07-01,15.0,15.125,15.0,15.125,3.124796152114868,12600
1992-07-02,15.0,15.125,15.0,15.125,3.124796152114868,10300
1992-07-06,15.125,15.25,15.0,15.25,3.150622606277466,3900
1992-07-07,15.125,15.125,15.125,15.125,3.124796152114868,2100
1992-07-08,15.125,15.125,15.0,15.125,3.124796152114868,9000
1992-07-09,15.125,15.125,15.125,15.125,3.124796152114868,2500
1992-07-10,15.0,15.125,15.0,15.0,3.098973512649536,6700
1992-07-13,15.0,15.125,15.0,15.125,3.124796152114868,4100
1992-07-14,15.125,15.125,15.0,15.0,3.098973512649536,9900
1992-07-15,15.125,15.25,15.125,15.125,3.124796152114868,10800
1992-07-16,15.125,15.125,15.0,15.125,3.124796152114868,4100
1992-07-17,15.125,15.125,15.125,15.125,3.124796152114868,3100
1992-07-20,15.125,15.125,15.0,15.0,3.098973512649536,2000
1992-07-21,15.0,15.125,15.0,15.125,3.124796152114868,6800
1992-07-22,15.125,15.125,15.0,15.0,3.098973512649536,3200
1992-07-23,15.125,15.125,15.0,15.125,3.124796152114868,1400
1992-07-24,15.125,15.125,15.125,15.125,3.124796152114868,100
1992-07-27,15.125,15.125,15.0,15.0,3.098973512649536,1700
1992-07-28,15.125,15.125,15.125,15.125,3.124796152114868,2100
1992-07-29,15.125,15.25,15.125,15.25,3.150622606277466,3300
1992-07-30,15.375,15.375,15.25,15.25,3.150622606277466,2900
1992-07-31,15.125,15.25,15.125,15.25,3.150622606277466,200
1992-08-03,15.375,15.375,15.125,15.125,3.124796152114868,2700
1992-08-04,15.125,15.25,14.75,14.75,3.0473246574401855,10300
1992-08-05,14.75,14.875,14.625,14.875,3.0731496810913086,6300
1992-08-06,14.75,14.875,14.625,14.875,3.0731496810913086,6000
1992-08-07,14.875,14.875,14.875,14.875,3.0731496810913086,1100
1992-08-10,14.875,14.875,14.625,14.875,3.0731496810913086,3200
1992-08-11,14.875,15.0,14.875,15.0,3.098973512649536,2400
1992-08-12,15.0,15.0,14.875,14.875,3.0731496810913086,3500
1992-08-13,15.0,15.0,14.625,14.75,3.0473246574401855,9200
1992-08-14,14.875,14.875,14.625,14.75,3.0473246574401855,9900
1992-08-17,14.875,14.875,14.75,14.75,3.0473246574401855,5500
1992-08-18,14.875,15.0,14.875,15.0,3.098973512649536,16000
1992-08-19,15.0,15.0,14.875,14.875,3.0731496810913086,3200
1992-08-20,14.875,14.875,14.75,14.875,3.0731496810913086,1800
1992-08-21,15.0,15.0,14.875,14.875,3.0731496810913086,3600
1992-08-24,14.875,15.0,14.625,15.0,3.098973512649536,10500
1992-08-25,14.875,14.875,14.875,14.875,3.0731496810913086,400
1992-08-26,15.0,15.0,14.75,14.75,3.0473246574401855,2100
1992-08-27,14.875,15.0,14.875,14.875,3.0731496810913086,2700
1992-08-28,15.0,15.0,15.0,15.0,3.098973512649536,2100
1992-08-31,15.0,15.0,14.875,14.875,3.0731496810913086,9600
1992-09-01,15.0,15.0,15.0,15.0,3.098973512649536,2300
1992-09-02,15.0,15.0,15.0,15.0,3.098973512649536,1600
1992-09-03,15.0,15.125,15.0,15.125,3.124796152114868,4700
1992-09-04,15.25,15.25,15.25,15.25,3.150622606277466,1000
1992-09-08,15.25,15.25,15.0,15.0,3.098973512649536,9200
1992-09-09,15.0,15.125,15.0,15.0,3.113084316253662,1200
1992-09-10,15.125,15.125,15.125,15.125,3.1390278339385986,400
1992-09-11,15.0,15.0,15.0,15.0,3.113084316253662,200
1992-09-14,15.125,15.125,15.125,15.125,3.1390278339385986,700
1992-09-15,15.125,15.125,15.125,15.125,3.1390278339385986,1100
1992-09-16,15.125,15.125,15.0,15.0,3.113084316253662,3000
1992-09-17,15.125,15.125,15.0,15.0,3.113084316253662,3500
1992-09-18,15.125,15.125,15.0,15.0,3.113084316253662,11600
1992-09-21,15.125,15.125,15.125,15.125,3.1390278339385986,500
1992-09-22,15.0,15.125,15.0,15.125,3.1390278339385986,2700
1992-09-23,15.0,15.0,15.0,15.0,3.113084316253662,2000
1992-09-24,15.0,15.125,15.0,15.0,3.113084316253662,800
1992-09-25,15.125,15.125,15.0,15.0,3.113084316253662,8600
1992-09-28,15.125,15.125,15.125,15.125,3.1390278339385986,2100
1992-09-29,15.0,15.125,15.0,15.125,3.1390278339385986,13700
1992-09-30,15.0,15.125,15.0,15.0,3.113084316253662,900
1992-10-01,15.0,15.125,15.0,15.0,3.113084316253662,2300
1992-10-02,15.125,15.125,15.125,15.125,3.1390278339385986,4100
1992-10-05,15.125,15.125,15.0,15.0,3.113084316253662,6500
1992-10-06,15.125,15.125,15.0,15.0,3.113084316253662,4100
1992-10-07,15.0,15.0,15.0,15.0,3.113084316253662,2500
1992-10-08,15.0,15.0,15.0,15.0,3.1272623538970947,21900
1992-10-09,15.0,15.125,15.0,15.125,3.153320789337158,5800
1992-10-12,15.125,15.25,15.125,15.25,3.17938232421875,7900
1992-10-13,15.0,15.0,15.0,15.0,3.1272623538970947,2600
1992-10-14,15.125,15.125,15.0,15.125,3.153320789337158,7700
1992-10-15,15.0,15.125,15.0,15.125,3.153320789337158,19200
1992-10-16,15.0,15.125,15.0,15.0,3.1272623538970947,7700
1992-10-19,15.0,15.125,15.0,15.0,3.1272623538970947,7900
1992-10-20,15.125,15.125,15.0,15.0,3.1272623538970947,20700
1992-10-21,15.0,15.0,15.0,15.0,3.1272623538970947,10300
1992-10-22,15.125,15.125,15.0,15.0,3.1272623538970947,10900
1992-10-23,15.0,15.125,15.0,15.0,3.1272623538970947,6600
1992-10-26,15.0,15.125,15.0,15.0,3.1272623538970947,34900
1992-10-27,15.125,15.125,15.0,15.0,3.1272623538970947,8000
1992-10-28,15.125,15.125,15.0,15.0,3.1272623538970947,23000
1992-10-29,15.0,15.125,15.0,15.0,3.1272623538970947,2800
1992-10-30,15.0,15.125,15.0,15.0,3.1272623538970947,4000
1992-11-02,15.0,15.125,15.0,15.125,3.153320789337158,7000
1992-11-03,15.125,15.125,15.125,15.125,3.153320789337158,700
1992-11-04,15.0,15.125,15.0,15.125,3.153320789337158,2500
1992-11-05,15.125,15.25,15.125,15.125,3.153320789337158,4600
1992-11-06,15.0,15.125,15.0,15.0,3.1413872241973877,8600
1992-11-09,15.0,15.125,15.0,15.0,3.1413872241973877,3000
1992-11-10,15.25,15.25,15.0,15.125,3.16756272315979,13900
1992-11-11,15.125,15.125,15.0,15.0,3.1413872241973877,10100
1992-11-12,15.125,15.125,15.125,15.125,3.16756272315979,3500
1992-11-13,15.125,15.125,15.0,15.0,3.1413872241973877,6700
1992-11-16,15.0,15.125,15.0,15.125,3.16756272315979,11400
1992-11-17,15.0,15.125,15.0,15.125,3.16756272315979,1500
1992-11-18,15.0,15.25,15.0,15.125,3.16756272315979,21200
1992-11-19,15.125,15.125,15.0,15.125,3.16756272315979,8100
1992-11-20,15.0,15.0,15.0,15.0,3.1413872241973877,25500
1992-11-23,15.125,15.125,15.0,15.0,3.1413872241973877,1100
1992-11-24,15.0,15.125,15.0,15.0,3.1413872241973877,900
1992-11-25,15.0,15.125,15.0,15.0,3.1413872241973877,1300
1992-11-27,15.125,15.125,15.0,15.125,3.16756272315979,9800
1992-11-30,15.125,15.125,15.0,15.0,3.1413872241973877,1400
1992-12-01,15.125,15.125,15.0,15.0,3.1413872241973877,28900
1992-12-02,15.0,15.125,15.0,15.125,3.16756272315979,3000
1992-12-03,15.0,15.125,15.0,15.125,3.16756272315979,6400
1992-12-04,15.0,15.0,15.0,15.0,3.1413872241973877,9400
1992-12-07,15.0,15.0,15.0,15.0,3.1413872241973877,2300
1992-12-08,15.125,15.125,15.125,15.125,3.16756272315979,1700
1992-12-09,15.0,15.125,15.0,15.0,3.1555726528167725,16200
1992-12-10,15.0,15.125,15.0,15.125,3.1818675994873047,1600
1992-12-11,15.0,15.125,15.0,15.0,3.1555726528167725,3400
1992-12-14,15.125,15.125,15.125,15.125,3.1818675994873047,300
1992-12-15,15.0,15.125,15.0,15.0,3.1555726528167725,3700
1992-12-16,15.0,15.0,15.0,15.0,3.1555726528167725,9600
1992-12-17,15.0,15.0,15.0,15.0,3.1555726528167725,9300
1992-12-18,15.125,15.125,15.0,15.0,3.1555726528167725,1100
1992-12-21,15.0,15.125,15.0,15.125,3.1818675994873047,17400
1992-12-22,15.0,15.125,15.0,15.125,3.1818675994873047,11000
1992-12-23,15.125,15.125,15.0,15.0,3.1555726528167725,4800
1992-12-24,15.0,15.125,15.0,15.125,3.1818675994873047,300
1992-12-28,15.0,15.0,15.0,15.0,3.1555726528167725,2400
1992-12-29,15.0,15.0,15.0,15.0,3.1555726528167725,0
1992-12-30,15.0,15.125,15.0,15.125,3.1818675994873047,2100
1992-12-31,14.875,15.0,14.875,15.0,3.1555726528167725,4800
1993-01-04,14.875,15.0,14.875,15.0,3.1555726528167725,3000
1993-01-05,14.875,14.875,14.75,14.75,3.102977991104126,6400
1993-01-06,14.75,14.75,14.625,14.625,3.0766830444335938,7800
1993-01-07,14.375,14.625,14.375,14.625,3.0766830444335938,1900
1993-01-08,14.625,14.75,14.625,14.75,3.102977991104126,3500
1993-01-11,14.5,14.5,14.375,14.375,3.0380966663360596,1500
1993-01-12,14.25,14.375,14.25,14.375,3.0380966663360596,1000
1993-01-13,14.25,14.25,14.0,14.0,2.9588401317596436,4800
1993-01-14,14.0,14.0,14.0,14.0,2.9588401317596436,13600
1993-01-15,14.0,14.25,14.0,14.25,3.0116772651672363,5900
1993-01-18,14.125,14.125,14.125,14.125,2.9852612018585205,2600
1993-01-19,14.375,14.5,14.375,14.5,3.0645129680633545,900
1993-01-20,14.5,14.625,14.5,14.5,3.0645129680633545,8900
1993-01-21,14.625,14.75,14.5,14.625,3.0909323692321777,13200
1993-01-22,14.5,14.75,14.5,14.75,3.1173503398895264,5100
1993-01-25,14.75,14.75,14.625,14.625,3.0909323692321777,600
1993-01-26,14.75,14.75,14.75,14.75,3.1173503398895264,8600
1993-01-27,14.75,14.75,14.5,14.625,3.0909323692321777,14400
1993-01-28,14.5,14.875,14.5,14.875,3.1437714099884033,3300
1993-01-29,14.75,14.75,14.625,14.625,3.0909323692321777,4200
1993-02-01,14.75,14.75,14.75,14.75,3.1173503398895264,6700
1993-02-02,14.75,14.75,14.75,14.75,3.1173503398895264,4200
1993-02-03,14.625,14.75,14.625,14.75,3.1173503398895264,3300
1993-02-04,14.625,14.625,14.5,14.5,3.0645129680633545,4800
1993-02-05,14.375,14.625,14.375,14.625,3.0909323692321777,7800
1993-02-08,14.625,14.625,14.625,14.625,3.105372667312622,2200
1993-02-09,14.5,14.625,14.5,14.625,3.105372667312622,2400
1993-02-10,14.75,14.75,14.625,14.625,3.105372667312622,2800
1993-02-11,14.75,14.75,14.625,14.625,3.105372667312622,9100
1993-02-12,14.875,14.875,14.875,14.875,3.1584584712982178,6700
1993-02-16,14.875,14.875,14.75,14.75,3.1319117546081543,6000
1993-02-17,14.875,14.875,14.875,14.875,3.1584584712982178,400
1993-02-18,15.0,15.0,15.0,15.0,3.1849958896636963,6600
1993-02-19,15.0,15.0,14.875,14.875,3.1584584712982178,2900
1993-02-22,15.0,15.0,15.0,15.0,3.1849958896636963,3500
1993-02-23,15.0,15.0,15.0,15.0,3.1849958896636963,2400
1993-02-24,14.75,14.875,14.75,14.875,3.1584584712982178,5100
1993-02-25,14.875,15.0,14.875,14.875,3.1584584712982178,15600
1993-02-26,14.75,14.75,14.75,14.75,3.1319117546081543,800
1993-03-01,15.0,15.125,14.875,14.875,3.1584584712982178,13800
1993-03-02,15.25,15.25,15.125,15.25,3.2380788326263428,8600
1993-03-03,15.125,15.375,15.125,15.25,3.2380788326263428,2200
1993-03-04,15.25,15.25,15.25,15.25,3.2380788326263428,32800
1993-03-05,15.375,15.375,15.25,15.25,3.2380788326263428,8300
1993-03-08,15.375,15.375,15.25,15.25,3.2380788326263428,4800
1993-03-09,15.125,15.25,15.125,15.25,3.2525815963745117,10600
1993-03-10,15.25,15.375,15.25,15.375,3.2792468070983887,1900
1993-03-11,15.375,15.5,15.375,15.5,3.305903911590576,26700
1993-03-12,15.375,15.375,15.375,15.375,3.2792468070983887,2000
1993-03-15,15.5,15.5,15.375,15.375,3.2792468070983887,1000
1993-03-16,15.25,15.5,15.25,15.375,3.2792468070983887,21200
1993-03-17,15.25,15.25,15.25,15.25,3.2525815963745117,4200
1993-03-18,15.125,15.25,15.0,15.25,3.2525815963745117,16400
1993-03-19,15.25,15.25,15.0,15.0,3.1992619037628174,6000
1993-03-22,15.0,15.0,15.0,15.0,3.1992619037628174,6000
1993-03-23,15.0,15.125,15.0,15.0,3.1992619037628174,9200
1993-03-24,15.0,15.125,15.0,15.0,3.1992619037628174,1700
1993-03-25,15.0,15.125,15.0,15.125,3.225921869277954,500
1993-03-26,15.0,15.0,14.75,14.875,3.172602653503418,8300
1993-03-29,14.625,14.625,14.625,14.625,3.1192820072174072,600
1993-03-30,14.5,14.625,14.5,14.625,3.1192820072174072,1500
1993-03-31,14.625,14.875,14.625,14.875,3.172602653503418,4300
1993-04-01,14.875,15.0,14.625,14.625,3.1192820072174072,7700
1993-04-02,14.625,14.75,14.375,14.5,3.0926201343536377,7600
1993-04-05,14.5,14.625,14.5,14.5,3.0926201343536377,1000
1993-04-06,14.625,14.625,14.5,14.625,3.1192820072174072,4000
1993-04-07,14.625,14.75,14.625,14.75,3.145939350128174,1400
1993-04-08,14.875,15.0,14.875,15.0,3.2140820026397705,4000
1993-04-12,15.0,15.0,15.0,15.0,3.2140820026397705,7800
1993-04-13,15.0,15.0,14.875,14.875,3.1872971057891846,5800
1993-04-14,14.875,15.0,14.875,15.0,3.2140820026397705,3600
1993-04-15,15.0,15.125,14.875,15.0,3.2140820026397705,6500
1993-04-16,14.875,15.0,14.75,15.0,3.2140820026397705,11600
1993-04-19,15.125,15.125,15.125,15.125,3.2408628463745117,6900
1993-04-20,15.0,15.125,15.0,15.125,3.2408628463745117,1000
1993-04-21,15.125,15.25,15.125,15.25,3.2676475048065186,1800
1993-04-22,15.125,15.25,15.125,15.25,3.2676475048065186,2900
1993-04-23,15.25,15.375,15.25,15.375,3.294430732727051,6300
1993-04-26,15.625,15.625,15.375,15.375,3.294430732727051,5700
1993-04-27,15.25,15.25,15.25,15.25,3.2676475048065186,2000
1993-04-28,15.25,15.25,15.25,15.25,3.2676475048065186,1700
1993-04-29,15.25,15.25,15.25,15.25,3.2676475048065186,1100
1993-04-30,15.25,15.25,15.125,15.125,3.2408628463745117,6600
1993-05-03,15.25,15.25,15.25,15.25,3.2676475048065186,4100
1993-05-04,15.125,15.375,15.125,15.125,3.2408628463745117,8800
1993-05-05,15.125,15.125,15.125,15.125,3.2408628463745117,6700
1993-05-06,15.25,15.25,15.125,15.125,3.2408628463745117,1500
1993-05-07,15.25,15.25,15.125,15.125,3.2408628463745117,2800
1993-05-10,15.0,15.0,14.875,14.875,3.2016897201538086,5300
1993-05-11,14.875,15.0,14.875,15.0,3.228595733642578,1900
1993-05-12,15.0,15.0,14.875,14.875,3.2016897201538086,4600
1993-05-13,14.875,15.0,14.875,15.0,3.228595733642578,5200
1993-05-14,14.875,15.0,14.875,15.0,3.228595733642578,2700
1993-05-17,14.875,15.0,14.75,15.0,3.228595733642578,10500
1993-05-18,14.75,14.75,14.375,14.5,3.120973825454712,5500
1993-05-19,14.5,14.625,14.5,14.625,3.1478793621063232,2600
1993-05-20,14.625,14.625,14.5,14.5,3.120973825454712,8100
1993-05-21,14.625,14.625,14.5,14.5,3.120973825454712,1300
1993-05-24,14.5,14.625,14.5,14.5,3.120973825454712,6500
1993-05-25,14.625,14.75,14.625,14.75,3.174783945083618,8800
1993-05-26,14.75,14.875,14.625,14.875,3.2016897201538086,5300
1993-05-27,14.75,14.75,14.75,14.75,3.174783945083618,2600
1993-05-28,14.75,14.75,14.75,14.75,3.174783945083618,7000
1993-06-01,14.75,14.75,14.75,14.75,3.174783945083618,800
1993-06-02,14.75,14.875,14.75,14.875,3.2016897201538086,7000
1993-06-03,14.875,14.875,14.75,14.75,3.174783945083618,1700
1993-06-04,14.875,14.875,14.75,14.75,3.174783945083618,800
1993-06-07,14.75,14.875,14.75,14.875,3.2016897201538086,2400
1993-06-08,15.0,15.0,14.875,14.875,3.2016897201538086,3500
1993-06-09,14.75,15.0,14.75,15.0,3.243422746658325,7800
1993-06-10,14.875,14.875,14.625,14.75,3.1893632411956787,14900
1993-06-11,14.625,14.75,14.5,14.5,3.1353068351745605,17500
1993-06-14,14.625,14.625,14.5,14.5,3.1353068351745605,3400
1993-06-15,14.5,14.5,14.5,14.5,3.1353068351745605,400
1993-06-16,14.625,14.625,14.5,14.5,3.1353068351745605,4600
1993-06-17,14.5,14.5,14.5,14.5,3.1353068351745605,0
1993-06-18,14.5,14.625,14.5,14.625,3.1623353958129883,1900
1993-06-21,14.625,14.75,14.625,14.75,3.1893632411956787,4500
1993-06-22,14.75,14.875,14.75,14.875,3.216392993927002,6300
1993-06-23,14.875,14.875,14.875,14.875,3.216392993927002,0
1993-06-24,14.75,14.75,14.5,14.5,3.1353068351745605,16100
1993-06-25,14.5,14.5,14.5,14.5,3.1353068351745605,4500
1993-06-28,14.625,14.75,14.625,14.75,3.1893632411956787,16000
1993-06-29,14.625,14.75,14.625,14.75,3.1893632411956787,3900
1993-06-30,14.75,14.75,14.75,14.75,3.1893632411956787,4800
1993-07-01,14.75,14.875,14.75,14.875,3.216392993927002,8900
1993-07-02,14.875,15.0,14.75,14.875,3.216392993927002,6700
1993-07-06,14.875,14.875,14.875,14.875,3.216392993927002,400
1993-07-07,14.875,15.0,14.875,14.875,3.216392993927002,4800
1993-07-08,14.75,15.0,14.75,14.875,3.216392993927002,15400
1993-07-09,14.625,14.875,14.625,14.875,3.2311649322509766,3600
1993-07-12,14.875,14.875,14.875,14.875,3.2311649322509766,5200
1993-07-13,14.75,14.75,14.75,14.75,3.204010248184204,5600
1993-07-14,14.75,14.875,14.75,14.75,3.204010248184204,1100
1993-07-15,14.875,14.875,14.75,14.875,3.2311649322509766,4100
1993-07-16,14.75,14.875,14.75,14.875,3.2311649322509766,4900
1993-07-19,14.875,15.0,14.75,14.875,3.2311649322509766,8600
1993-07-20,14.875,14.875,14.75,14.75,3.204010248184204,5600
1993-07-21,14.875,14.875,14.875,14.875,3.2311649322509766,3000
1993-07-22,14.875,14.875,14.75,14.875,3.2311649322509766,14700
1993-07-23,14.875,14.875,14.75,14.75,3.204010248184204,200
1993-07-26,14.75,14.75,14.75,14.75,3.204010248184204,0
1993-07-27,14.875,14.875,14.875,14.875,3.2311649322509766,1400
1993-07-28,14.875,15.0,14.875,14.875,3.2311649322509766,6500
1993-07-29,15.0,15.0,15.0,15.0,3.2583179473876953,300
1993-07-30,15.0,15.0,14.75,14.75,3.204010248184204,11600
1993-08-02,15.0,15.0,15.0,15.0,3.2583179473876953,5300
1993-08-03,15.0,15.0,15.0,15.0,3.2583179473876953,3400
1993-08-04,15.0,15.0,14.875,14.875,3.2311649322509766,6000
1993-08-05,14.875,15.0,14.875,15.0,3.2583179473876953,600
1993-08-06,14.875,15.0,14.875,15.0,3.2583179473876953,8500
1993-08-09,15.0,15.0,15.0,15.0,3.2731564044952393,6100
1993-08-10,15.125,15.125,15.0,15.125,3.3004310131073,6100
1993-08-11,15.0,15.125,15.0,15.125,3.3004310131073,13800
1993-08-12,15.25,15.25,15.125,15.125,3.3004310131073,15000
1993-08-13,15.25,15.25,15.25,15.25,3.327707052230835,10500
1993-08-16,15.25,15.25,15.0,15.125,3.3004310131073,10600
1993-08-17,15.125,15.25,15.125,15.125,3.3004310131073,8200
1993-08-18,15.125,15.375,15.125,15.375,3.354982614517212,9300
1993-08-19,15.125,15.25,15.125,15.25,3.327707052230835,5800
1993-08-20,15.25,15.375,15.0,15.0,3.2731564044952393,4100
1993-08-23,15.125,15.25,15.125,15.25,3.327707052230835,3600
1993-08-24,15.375,15.5,15.25,15.375,3.354982614517212,12700
1993-08-25,15.25,15.375,15.25,15.375,3.354982614517212,3400
1993-08-26,15.375,15.375,15.25,15.25,3.327707052230835,3100
1993-08-27,15.25,15.25,15.25,15.25,3.327707052230835,4200
1993-08-30,15.125,15.125,15.125,15.125,3.3004310131073,1300
1993-08-31,15.125,15.125,15.0,15.125,3.3004310131073,13700
1993-09-01,15.25,15.25,15.125,15.125,3.3004310131073,7100
1993-09-02,15.25,15.25,15.125,15.125,3.3004310131073,4500
1993-09-03,15.125,15.25,15.125,15.125,3.3004310131073,10200
1993-09-07,15.25,15.25,15.125,15.25,3.327707052230835,7700
1993-09-08,15.25,15.25,15.125,15.25,3.327707052230835,5900
1993-09-09,15.25,15.25,15.125,15.25,3.342608690261841,1500
1993-09-10,15.25,15.25,15.125,15.125,3.315216302871704,12700
1993-09-13,15.25,15.375,15.125,15.375,3.3700122833251953,2800
1993-09-14,15.25,15.25,15.25,15.25,3.342608690261841,8600
1993-09-15,15.375,15.375,15.25,15.375,3.3700122833251953,11800
1993-09-16,15.375,15.375,15.25,15.25,3.342608690261841,4300
1993-09-17,15.25,15.5,15.25,15.375,3.3700122833251953,10300
1993-09-20,15.375,15.375,15.25,15.375,3.3700122833251953,10100
1993-09-21,15.375,15.375,15.25,15.25,3.342608690261841,4500
1993-09-22,15.25,15.375,15.25,15.25,3.342608690261841,4200
1993-09-23,15.375,15.375,15.25,15.375,3.3700122833251953,1300
1993-09-24,15.375,15.375,15.375,15.375,3.3700122833251953,800
1993-09-27,15.375,15.375,15.25,15.375,3.3700122833251953,1600
1993-09-28,15.25,15.25,15.25,15.25,3.342608690261841,300
1993-09-29,15.25,15.375,15.25,15.375,3.3700122833251953,4000
1993-09-30,15.375,15.375,15.25,15.25,3.342608690261841,11000
1993-10-01,15.25,15.375,15.125,15.125,3.315216302871704,24700
1993-10-04,15.25,15.25,15.25,15.25,3.342608690261841,600
1993-10-05,15.125,15.125,15.125,15.125,3.315216302871704,4600
1993-10-06,15.125,15.25,15.125,15.25,3.342608690261841,3100
1993-10-07,15.125,15.25,15.125,15.125,3.315216302871704,9000
1993-10-08,15.0,15.125,15.0,15.125,3.330188274383545,1300
1993-10-11,15.0,15.0,14.875,15.0,3.3026645183563232,3500
1993-10-12,15.0,15.0,14.875,14.875,3.27514386177063,500
1993-10-13,14.875,15.0,14.875,15.0,3.3026645183563232,8000
1993-10-14,15.0,15.25,15.0,15.25,3.35770845413208,12800
1993-10-15,15.25,15.25,15.125,15.125,3.330188274383545,500
1993-10-18,15.25,15.25,15.25,15.25,3.35770845413208,3200
1993-10-19,15.125,15.125,15.125,15.125,3.330188274383545,200
1993-10-20,15.0,15.0,15.0,15.0,3.3026645183563232,200
1993-10-21,15.125,15.25,15.0,15.0,3.3026645183563232,6400
1993-10-22,15.0,15.125,15.0,15.125,3.330188274383545,1400
1993-10-25,15.25,15.25,15.0,15.125,3.330188274383545,10000
1993-10-26,15.0,15.0,15.0,15.0,3.3026645183563232,1000
1993-10-27,14.75,14.75,14.75,14.75,3.247617721557617,13000
1993-10-28,14.875,14.875,14.875,14.875,3.27514386177063,5100
1993-10-29,15.0,15.0,14.875,15.0,3.3026645183563232,3700
1993-11-01,15.0,15.125,15.0,15.0,3.3026645183563232,6700
1993-11-02,15.0,15.0,14.875,14.875,3.27514386177063,2300
1993-11-03,15.0,15.0,14.875,14.875,3.27514386177063,3700
1993-11-04,14.875,14.875,14.875,14.875,3.27514386177063,0
1993-11-05,14.875,14.875,14.875,14.875,3.27514386177063,500
1993-11-08,14.75,14.875,14.5,14.875,3.2901840209960938,2100
1993-11-09,14.875,14.875,14.875,14.875,3.2901840209960938,4500
1993-11-10,14.75,14.75,14.75,14.75,3.262533187866211,3700
1993-11-11,14.75,14.75,14.625,14.75,3.262533187866211,6100
1993-11-12,14.875,14.875,14.875,14.875,3.2901840209960938,300
1993-11-15,14.875,14.875,14.625,14.875,3.2901840209960938,9500
1993-11-16,14.75,15.0,14.5,15.0,3.3178305625915527,3000
1993-11-17,14.875,15.0,14.875,15.0,3.3178305625915527,2500
1993-11-18,14.875,14.875,14.875,14.875,3.2901840209960938,3000
1993-11-19,14.875,14.875,14.5,14.75,3.262533187866211,5000
1993-11-22,14.5,14.5,14.375,14.375,3.1795899868011475,5700
1993-11-23,14.5,14.5,14.25,14.25,3.151942253112793,9700
1993-11-24,14.25,14.5,14.25,14.5,3.2072362899780273,5800
1993-11-26,14.5,14.5,14.5,14.5,3.2072362899780273,0
1993-11-29,14.5,14.5,14.375,14.375,3.1795899868011475,25400
1993-11-30,14.375,14.375,14.25,14.375,3.1795899868011475,3500
1993-12-01,14.25,14.5,14.25,14.375,3.1795899868011475,10300
1993-12-02,14.5,14.5,14.25,14.5,3.2072362899780273,1100
1993-12-03,14.25,14.375,14.25,14.375,3.1795899868011475,3400
1993-12-06,14.375,14.375,14.375,14.375,3.1795899868011475,2400
1993-12-07,14.25,14.5,14.25,14.5,3.2072362899780273,12900
1993-12-08,14.375,14.375,14.375,14.375,3.1795899868011475,7000
1993-12-09,14.25,14.375,14.0,14.25,3.166921377182007,25700
1993-12-10,14.25,14.5,14.25,14.25,3.166921377182007,25300
1993-12-13,14.375,14.375,14.25,14.375,3.1947031021118164,6100
1993-12-14,14.375,14.375,14.125,14.125,3.139141798019409,10800
1993-12-15,14.25,14.25,14.125,14.25,3.166921377182007,4800
1993-12-16,14.25,14.375,14.25,14.375,3.1947031021118164,7800
1993-12-17,14.5,14.5,14.375,14.5,3.2224814891815186,5100
1993-12-20,14.25,14.25,14.125,14.125,3.139141798019409,4300
1993-12-21,14.25,14.25,14.25,14.25,3.166921377182007,1000
1993-12-22,14.125,14.375,14.125,14.25,3.166921377182007,16800
1993-12-23,14.375,14.5,14.0,14.0,3.111363410949707,93600
1993-12-27,14.125,14.25,14.0,14.25,3.166921377182007,41300
1993-12-28,14.375,14.375,14.125,14.125,3.139141798019409,28600
1993-12-29,14.25,14.25,14.0,14.0,3.111363410949707,9500
1993-12-30,14.125,14.375,14.125,14.375,3.1947031021118164,5700
1993-12-31,14.5,14.5,14.5,14.5,3.2224814891815186,8400
1994-01-03,14.375,14.625,14.375,14.5,3.2224814891815186,8400
1994-01-04,14.375,14.625,14.375,14.5,3.2224814891815186,6900
1994-01-05,14.625,14.75,14.625,14.75,3.2780423164367676,700
1994-01-06,14.5,14.75,14.5,14.625,3.250260829925537,5200
1994-01-07,14.625,14.75,14.5,14.625,3.250260829925537,6300
1994-01-10,14.5,14.625,14.5,14.5,3.2375328540802,5800
1994-01-11,14.375,14.5,14.25,14.5,3.2375328540802,10800
1994-01-12,14.5,14.75,14.375,14.625,3.2654435634613037,21200
1994-01-13,14.5,14.5,14.375,14.375,3.2096269130706787,10100
1994-01-14,14.5,14.5,14.5,14.5,3.2375328540802,700
1994-01-17,14.5,14.5,14.25,14.5,3.2375328540802,9400
1994-01-18,14.5,14.5,14.375,14.375,3.2096269130706787,5000
1994-01-19,14.5,14.625,14.375,14.5,3.2375328540802,14200
1994-01-20,14.5,14.75,14.5,14.75,3.2933542728424072,22000
1994-01-21,14.625,14.75,14.625,14.625,3.2654435634613037,7400
1994-01-24,14.625,14.625,14.625,14.625,3.2654435634613037,2000
1994-01-25,14.625,14.75,14.625,14.625,3.2654435634613037,6400
1994-01-26,14.5,14.75,14.5,14.625,3.2654435634613037,20700
1994-01-27,14.75,14.75,14.625,14.75,3.2933542728424072,3000
1994-01-28,14.75,14.75,14.625,14.625,3.2654435634613037,20400
1994-01-31,14.75,14.875,14.625,14.625,3.2654435634613037,2900
1994-02-01,14.75,14.75,14.625,14.625,3.2654435634613037,26800
1994-02-02,14.625,14.75,14.625,14.625,3.2654435634613037,500
1994-02-03,14.625,14.75,14.625,14.625,3.2654435634613037,7600
1994-02-04,14.625,14.75,14.625,14.625,3.2654435634613037,7100
1994-02-07,14.5,14.75,14.5,14.75,3.2933542728424072,13900
1994-02-08,14.75,14.75,14.75,14.75,3.2933542728424072,15900
1994-02-09,14.75,14.875,14.625,14.625,3.280569076538086,19100
1994-02-10,14.75,14.75,14.5,14.5,3.2525293827056885,10400
1994-02-11,14.5,14.75,14.5,14.75,3.3086068630218506,5900
1994-02-14,14.75,14.875,14.625,14.75,3.3086068630218506,19300
1994-02-15,14.75,14.875,14.75,14.875,3.336648464202881,8000
1994-02-16,15.0,15.0,14.75,14.875,3.336648464202881,9400
1994-02-17,14.875,14.875,14.75,14.875,3.336648464202881,5000
1994-02-18,14.75,14.75,14.625,14.625,3.280569076538086,16800
1994-02-22,14.625,14.75,14.625,14.625,3.280569076538086,5000
1994-02-23,14.625,14.75,14.5,14.625,3.280569076538086,3500
1994-02-24,14.625,14.75,14.625,14.625,3.280569076538086,8200
1994-02-25,14.75,14.75,14.625,14.625,3.280569076538086,9500
1994-02-28,14.75,14.75,14.75,14.75,3.3086068630218506,2300
1994-03-01,14.875,14.875,14.75,14.875,3.336648464202881,7100
1994-03-02,14.875,14.875,14.625,14.75,3.3086068630218506,5100
1994-03-03,14.625,14.625,14.5,14.5,3.2525293827056885,13200
1994-03-04,14.625,14.625,14.125,14.375,3.2244906425476074,29000
1994-03-07,14.375,14.5,14.25,14.5,3.2525293827056885,13500
1994-03-08,14.375,14.375,14.125,14.375,3.2244906425476074,9900
1994-03-09,14.375,14.375,14.25,14.375,3.239814519882202,1300
1994-03-10,14.375,14.375,14.25,14.375,3.239814519882202,3800
1994-03-11,14.25,14.375,14.25,14.375,3.239814519882202,1800
1994-03-14,14.25,14.25,14.125,14.25,3.2116427421569824,15200
1994-03-15,14.0,14.25,14.0,14.25,3.2116427421569824,4200
1994-03-16,14.125,14.25,14.125,14.25,3.2116427421569824,2400
1994-03-17,14.125,14.125,14.125,14.125,3.183471441268921,6200
1994-03-18,14.25,14.375,14.125,14.25,3.2116427421569824,17900
1994-03-21,14.25,14.375,14.25,14.25,3.2116427421569824,8000
1994-03-22,14.375,14.375,14.25,14.375,3.239814519882202,5100
1994-03-23,14.375,14.375,14.125,14.25,3.2116427421569824,6000
1994-03-24,14.125,14.25,14.0,14.25,3.2116427421569824,5700
1994-03-25,14.125,14.25,14.125,14.25,3.2116427421569824,9600
1994-03-28,14.125,14.375,14.125,14.25,3.2116427421569824,10300
1994-03-29,14.25,14.25,14.125,14.125,3.183471441268921,7000
1994-03-30,14.125,14.125,14.125,14.125,3.183471441268921,4200
1994-03-31,14.0,14.125,13.75,14.0,3.1553006172180176,20200
1994-04-04,13.875,14.125,13.875,14.0,3.1553006172180176,6300
1994-04-05,14.0,14.0,14.0,14.0,3.1553006172180176,1100
1994-04-06,14.125,14.375,14.125,14.25,3.2116427421569824,7000
1994-04-07,14.25,14.375,14.125,14.375,3.239814519882202,4000
1994-04-08,14.125,14.375,14.125,14.375,3.239814519882202,800
1994-04-11,14.0,14.0,14.0,14.0,3.1702969074249268,11600
1994-04-12,14.0,14.125,14.0,14.125,3.198603630065918,2300
1994-04-13,14.0,14.0,14.0,14.0,3.1702969074249268,500
1994-04-14,14.0,14.0,14.0,14.0,3.1702969074249268,5400
1994-04-15,14.0,14.0,14.0,14.0,3.1702969074249268,300
1994-04-18,13.875,14.125,13.75,14.125,3.198603630065918,13200
1994-04-19,14.125,14.125,13.625,13.625,3.0853779315948486,6300
1994-04-20,14.0,14.0,13.75,13.875,3.14198899269104,4600
1994-04-21,14.0,14.0,13.875,14.0,3.1702969074249268,6200
1994-04-22,14.0,14.0,13.875,14.0,3.1702969074249268,2200
1994-04-25,14.0,14.0,14.0,14.0,3.1702969074249268,9200
1994-04-26,14.0,14.0,14.0,14.0,3.1702969074249268,0
1994-04-28,14.0,14.0,13.875,13.875,3.14198899269104,5300
1994-04-29,13.875,13.875,13.5,13.5,3.0570714473724365,9700
1994-05-02,13.625,13.875,13.625,13.875,3.14198899269104,6400
1994-05-03,13.875,13.875,13.625,13.75,3.113684892654419,12100
1994-05-04,13.75,13.75,13.625,13.625,3.0853779315948486,2400
1994-05-05,13.625,13.75,13.5,13.625,3.0853779315948486,16500
1994-05-06,13.375,13.625,13.375,13.625,3.0853779315948486,3300
1994-05-09,13.375,13.375,12.875,12.875,2.9301650524139404,12400
1994-05-10,12.875,13.125,12.875,13.0,2.958613157272339,25900
1994-05-11,13.125,13.125,12.875,12.875,2.9301650524139404,6700
1994-05-12,12.875,13.0,12.75,13.0,2.958613157272339,8500
1994-05-13,13.0,13.0,12.75,13.0,2.958613157272339,17000
1994-05-16,13.0,13.125,13.0,13.125,2.9870591163635254,1800
1994-05-17,13.0,13.0,12.875,12.875,2.9301650524139404,2300
1994-05-18,12.875,13.0,12.875,13.0,2.958613157272339,13400
1994-05-19,13.0,13.0,13.0,13.0,2.958613157272339,4500
1994-05-20,13.125,13.125,13.0,13.125,2.9870591163635254,13300
1994-05-23,13.0,13.25,13.0,13.25,3.01550555229187,4900
1994-05-24,13.125,13.25,13.125,13.25,3.01550555229187,1700
1994-05-25,13.25,13.25,13.125,13.125,2.9870591163635254,1800
1994-05-26,13.125,13.25,13.125,13.25,3.01550555229187,4000
1994-05-27,13.25,13.25,13.125,13.125,2.9870591163635254,3800
1994-05-31,13.25,13.25,13.125,13.25,3.01550555229187,8100
1994-06-01,13.25,13.625,13.25,13.375,3.0439579486846924,9500
1994-06-02,13.375,13.375,13.25,13.25,3.01550555229187,8100
1994-06-03,13.125,13.25,13.0,13.25,3.01550555229187,12600
1994-06-06,13.125,13.375,13.125,13.25,3.01550555229187,10700
1994-06-07,13.375,13.5,13.375,13.5,3.0724074840545654,17100
1994-06-08,13.5,13.625,13.5,13.625,3.1008522510528564,9200
1994-06-09,13.5,13.5,13.375,13.375,3.0592265129089355,3800
1994-06-10,13.375,13.5,13.375,13.375,3.0592265129089355,3700
1994-06-13,13.375,13.625,13.375,13.5,3.0878162384033203,12600
1994-06-14,13.5,13.625,13.5,13.5,3.0878162384033203,2200
1994-06-15,13.625,13.625,13.625,13.625,3.1164064407348633,3100
1994-06-16,13.625,13.625,13.5,13.625,3.1164064407348633,3400
1994-06-17,13.625,13.625,13.625,13.625,3.1164064407348633,800
1994-06-20,13.625,13.625,13.5,13.5,3.0878162384033203,5400
1994-06-21,13.5,13.625,13.5,13.5,3.0878162384033203,4100
1994-06-22,13.5,13.5,13.125,13.25,3.0306336879730225,21300
1994-06-23,13.25,13.375,13.125,13.375,3.0592265129089355,8100
1994-06-24,13.25,13.25,13.125,13.125,3.0020408630371094,6900
1994-06-27,13.25,13.25,13.125,13.25,3.0306336879730225,6100
1994-06-28,13.25,13.375,13.25,13.25,3.0306336879730225,3900
1994-06-29,13.375,13.5,13.375,13.5,3.0878162384033203,9800
1994-06-30,13.375,13.5,13.375,13.5,3.0878162384033203,4500
1994-07-01,13.5,13.5,13.375,13.5,3.0878162384033203,12000
1994-07-05,13.375,13.5,13.375,13.375,3.0592265129089355,5500
1994-07-06,13.375,13.5,13.375,13.375,3.0592265129089355,5900
1994-07-07,13.375,13.5,13.375,13.5,3.0878162384033203,3200
1994-07-08,13.375,13.5,13.375,13.5,3.0878162384033203,5300
1994-07-11,13.375,13.5,13.375,13.5,3.1034493446350098,2800
1994-07-12,13.375,13.375,13.25,13.25,3.0459749698638916,12000
1994-07-13,13.25,13.375,13.125,13.25,3.0459749698638916,13100
1994-07-14,13.25,13.375,13.25,13.25,3.0459749698638916,3700
1994-07-15,13.25,13.5,13.25,13.375,3.074713945388794,9000
1994-07-18,13.5,13.5,13.25,13.25,3.0459749698638916,16000
1994-07-19,13.375,13.5,13.375,13.5,3.1034493446350098,9300
1994-07-20,13.5,13.5,13.5,13.5,3.1034493446350098,3600
1994-07-21,13.5,13.5,13.375,13.375,3.074713945388794,10100
1994-07-22,13.25,13.25,12.875,12.875,2.9597690105438232,22600
1994-07-25,13.0,13.0,12.625,12.75,2.9310343265533447,15700
1994-07-26,12.75,12.875,12.625,12.875,2.9597690105438232,20200
1994-07-27,13.0,13.0,12.875,13.0,2.988506555557251,12000
1994-07-28,12.875,13.0,12.875,13.0,2.988506555557251,7300
1994-07-29,13.0,13.125,13.0,13.125,3.0172386169433594,14300
1994-08-01,13.125,13.375,13.125,13.375,3.074713945388794,7400
1994-08-02,13.375,13.5,13.375,13.5,3.1034493446350098,7100
1994-08-03,13.5,13.5,13.5,13.5,3.1034493446350098,2400
1994-08-04,13.5,13.5,13.5,13.5,3.1034493446350098,1300
1994-08-05,13.5,13.5,13.375,13.375,3.074713945388794,2100
1994-08-08,13.375,13.375,13.0,13.375,3.074713945388794,42100
1994-08-09,13.125,13.375,13.125,13.25,3.0615394115448,11800
1994-08-10,13.375,13.375,13.25,13.375,3.090425491333008,1300
1994-08-11,13.125,13.25,13.125,13.125,3.0326590538024902,14800
1994-08-12,13.125,13.25,13.125,13.25,3.0615394115448,7400
1994-08-15,13.25,13.25,13.125,13.125,3.0326590538024902,6000
1994-08-16,13.25,13.25,13.0,13.125,3.0326590538024902,19800
1994-08-17,13.125,13.375,13.125,13.375,3.090425491333008,21300
1994-08-18,13.25,13.375,13.25,13.375,3.090425491333008,6700
1994-08-19,13.375,13.375,13.125,13.25,3.0615394115448,10700
1994-08-22,13.125,13.375,13.125,13.25,3.0615394115448,7600
1994-08-23,13.375,13.375,13.125,13.125,3.0326590538024902,11400
1994-08-24,13.125,13.375,13.125,13.375,3.090425491333008,8800
1994-08-25,13.25,13.25,13.125,13.125,3.0326590538024902,14200
1994-08-26,13.125,13.25,13.125,13.25,3.0615394115448,9900
1994-08-29,13.125,13.25,13.125,13.25,3.0615394115448,5300
1994-08-30,13.125,13.375,13.125,13.375,3.090425491333008,10300
1994-08-31,13.25,13.25,13.25,13.25,3.0615394115448,2000
1994-09-01,13.375,13.375,13.25,13.375,3.090425491333008,5800
1994-09-02,13.25,13.375,13.25,13.25,3.0615394115448,7400
1994-09-06,13.25,13.25,13.25,13.25,3.0615394115448,1700
1994-09-07,13.25,13.25,13.125,13.25,3.0615394115448,4800
1994-09-08,13.25,13.375,13.125,13.375,3.090425491333008,6300
1994-09-09,13.125,13.125,13.125,13.125,3.0481553077697754,3600
1994-09-12,13.125,13.125,13.0,13.0,3.01912784576416,7300
1994-09-13,13.0,13.0,12.75,13.0,3.01912784576416,16500
1994-09-14,13.0,13.0,12.875,12.875,2.9900963306427,3200
1994-09-15,13.0,13.125,12.875,12.875,2.9900963306427,3700
1994-09-16,13.0,13.125,13.0,13.0,3.01912784576416,9900
1994-09-19,13.125,13.25,13.0,13.25,3.0771851539611816,10600
1994-09-20,13.125,13.375,13.125,13.375,3.1062171459198,20800
1994-09-21,13.25,13.25,13.125,13.125,3.0481553077697754,7000
1994-09-22,13.25,13.25,13.0,13.25,3.0771851539611816,9000
1994-09-23,13.25,13.25,13.0,13.0,3.01912784576416,11600
1994-09-26,13.0,13.125,13.0,13.125,3.0481553077697754,700
1994-09-27,13.0,13.125,13.0,13.125,3.0481553077697754,12000
1994-09-28,13.125,13.125,13.0,13.125,3.0481553077697754,6900
1994-09-29,13.125,13.25,13.0,13.25,3.0771851539611816,4600
1994-09-30,13.25,13.25,13.25,13.25,3.0771851539611816,3100
1994-10-03,13.25,13.25,13.125,13.25,3.0771851539611816,10500
1994-10-04,13.25,13.25,13.25,13.25,3.0771851539611816,3300
1994-10-05,13.25,13.25,13.125,13.25,3.0771851539611816,5200
1994-10-06,13.125,13.375,13.125,13.375,3.1062171459198,33100
1994-10-07,13.25,13.25,13.125,13.125,3.063732385635376,3200
1994-10-10,13.25,13.25,13.125,13.125,3.063732385635376,4200
1994-10-11,13.125,13.25,13.125,13.125,3.063732385635376,4400
1994-10-12,13.125,13.125,13.0,13.0,3.0345568656921387,4700
1994-10-13,13.125,13.125,13.0,13.0,3.0345568656921387,12700
1994-10-14,13.125,13.125,13.0,13.0,3.0345568656921387,3500
1994-10-17,13.0,13.125,13.0,13.0625,3.049145221710205,11200
1994-10-18,13.125,13.125,13.0,13.0,3.0345568656921387,11000
1994-10-19,13.0,13.125,13.0,13.0,3.0345568656921387,3600
1994-10-20,13.125,13.125,12.875,13.0,3.0345568656921387,10900
1994-10-21,13.0,13.0,12.75,13.0,3.0345568656921387,6600
1994-10-24,12.875,13.0,12.875,13.0,3.0345568656921387,6200
1994-10-25,13.0,13.0,12.875,12.875,3.0053744316101074,10100
1994-10-26,12.875,13.0,12.875,13.0,3.0345568656921387,7300
1994-10-27,12.875,13.0,12.875,13.0,3.0345568656921387,4100
1994-10-28,12.875,13.0,12.875,13.0,3.0345568656921387,4000
1994-10-31,12.875,12.875,12.875,12.875,3.0053744316101074,800
1994-11-01,12.875,13.0,12.875,13.0,3.0345568656921387,10000
1994-11-02,13.0,13.0,12.875,12.875,3.0053744316101074,6600
1994-11-03,13.0,13.0,12.875,12.875,3.0053744316101074,11100
1994-11-04,12.875,13.0,12.875,13.0,3.0345568656921387,7400
1994-11-07,13.0,13.0,12.875,13.0,3.0345568656921387,6400
1994-11-08,12.875,12.875,12.75,12.875,3.021179437637329,3200
1994-11-09,13.0,13.0,12.875,12.875,3.021179437637329,3300
1994-11-10,12.875,13.0,12.75,12.75,2.991846799850464,7600
1994-11-11,12.875,12.875,12.75,12.875,3.021179437637329,4100
1994-11-14,12.875,12.875,12.625,12.75,2.991846799850464,5600
1994-11-15,12.625,12.625,12.625,12.625,2.962517499923706,8200
1994-11-16,12.625,13.125,12.625,13.0,3.05051326751709,19300
1994-11-17,12.875,12.875,12.875,12.875,3.021179437637329,4500
1994-11-18,12.875,12.875,12.75,12.75,2.991846799850464,15600
1994-11-21,12.75,12.875,12.625,12.625,2.962517499923706,15700
1994-11-22,12.625,12.625,12.5,12.5,2.9331843852996826,17000
1994-11-23,12.75,12.75,12.75,12.75,2.991846799850464,5100
1994-11-25,12.75,12.75,12.75,12.75,2.991846799850464,0
1994-11-28,12.625,12.75,12.5,12.5,2.9331843852996826,33100
1994-11-29,12.5,12.5,12.25,12.375,2.9038496017456055,10600
1994-11-30,12.5,12.625,12.375,12.5,2.9331843852996826,10000
1994-12-01,12.5,12.625,12.5,12.5,2.9331843852996826,22400
1994-12-02,12.625,12.625,12.5,12.625,2.962517499923706,16200
1994-12-05,12.5,12.625,12.375,12.625,2.962517499923706,9900
1994-12-06,12.625,12.875,12.625,12.75,2.991846799850464,15400
1994-12-07,12.625,12.625,12.5,12.625,2.962517499923706,21300
1994-12-08,12.5,12.625,12.5,12.625,2.962517499923706,32300
1994-12-09,12.5,12.625,12.5,12.5,2.949068069458008,25700
1994-12-12,12.625,12.75,12.375,12.5,2.949068069458008,17900
1994-12-13,12.375,12.75,12.375,12.75,3.0080487728118896,53600
1994-12-14,12.75,12.75,12.5,12.75,3.0080487728118896,17200
1994-12-15,12.625,12.875,12.625,12.75,3.0080487728118896,29300
1994-12-16,12.875,13.25,12.875,13.125,3.0965206623077393,21100
1994-12-19,13.25,13.25,13.0,13.0,3.0670316219329834,30500
1994-12-20,12.875,12.875,12.75,12.875,3.037538528442383,20200
1994-12-21,12.875,13.0,12.75,12.75,3.0080487728118896,9800
1994-12-22,12.75,12.875,12.75,12.75,3.0080487728118896,15300
1994-12-23,12.75,12.75,12.5,12.5,2.949068069458008,20600
1994-12-27,12.625,12.75,12.625,12.75,3.0080487728118896,5800
1994-12-28,12.875,12.875,12.75,12.875,3.037538528442383,8300
1994-12-29,12.875,12.875,12.75,12.75,3.0080487728118896,7000
1994-12-30,12.625,12.75,12.625,12.625,2.9785592555999756,6900
1995-01-03,12.625,12.75,12.625,12.75,3.0080487728118896,5800
1995-01-04,12.75,13.0,12.75,13.0,3.0670316219329834,8200
1995-01-05,12.875,13.125,12.875,13.0,3.0670316219329834,4500
1995-01-06,13.0,13.125,13.0,13.125,3.0965206623077393,5300
1995-01-09,13.125,13.125,12.75,13.125,3.11264705657959,25300
1995-01-10,13.0,13.25,13.0,13.25,3.1422924995422363,4400
1995-01-11,13.25,13.25,13.125,13.125,3.11264705657959,800
1995-01-12,13.125,13.125,13.125,13.125,3.11264705657959,9700
1995-01-13,13.25,13.25,13.125,13.125,3.11264705657959,4500
1995-01-16,13.25,13.25,13.0,13.125,3.11264705657959,9800
1995-01-17,13.0,13.0,13.0,13.0,3.083003044128418,4700
1995-01-18,12.875,13.125,12.875,13.125,3.11264705657959,9000
1995-01-19,13.0,13.125,12.875,13.125,3.11264705657959,12100
1995-01-20,13.0,13.125,13.0,13.125,3.11264705657959,2700
1995-01-23,13.125,13.125,13.125,13.125,3.11264705657959,400
1995-01-24,13.0,13.125,13.0,13.125,3.11264705657959,2500
1995-01-25,13.125,13.25,13.125,13.25,3.1422924995422363,8300
1995-01-26,13.25,13.25,13.125,13.125,3.11264705657959,5400
1995-01-27,13.375,13.5,13.375,13.5,3.2015798091888428,4700
1995-01-30,13.5,13.5,13.5,13.5,3.2015798091888428,900
1995-01-31,13.5,13.5,13.375,13.375,3.1719369888305664,800
1995-02-01,13.375,13.625,13.375,13.625,3.231222152709961,9300
1995-02-02,13.75,13.75,13.625,13.625,3.231222152709961,6900
1995-02-03,13.75,13.75,13.75,13.75,3.260868787765503,3700
1995-02-06,13.625,13.75,13.375,13.5,3.2015798091888428,7000
1995-02-07,13.375,13.625,13.375,13.5,3.2015798091888428,8500
1995-02-08,13.375,13.5,13.25,13.25,3.1422924995422363,6000
1995-02-09,13.25,13.375,13.25,13.375,3.188296318054199,12800
1995-02-10,13.375,13.375,13.375,13.375,3.188296318054199,6200
1995-02-13,13.25,13.5,13.25,13.5,3.218095302581787,5800
1995-02-14,13.5,13.5,13.5,13.5,3.218095302581787,6900
1995-02-15,13.5,13.5,13.375,13.375,3.188296318054199,7800
1995-02-16,13.375,13.5,13.375,13.5,3.218095302581787,5200
1995-02-17,13.375,13.625,13.375,13.625,3.247891664505005,19100
1995-02-21,13.625,13.625,13.5,13.5,3.218095302581787,8800
1995-02-22,13.625,13.625,13.5,13.625,3.247891664505005,7500
1995-02-23,13.75,13.75,13.625,13.75,3.277689218521118,7200
1995-02-24,13.625,13.875,13.625,13.75,3.277689218521118,10300
1995-02-27,13.75,13.875,13.75,13.875,3.3074851036071777,6100
1995-02-28,13.875,13.875,13.625,13.75,3.277689218521118,12600
1995-03-01,13.75,13.75,13.75,13.75,3.277689218521118,6400
1995-03-02,13.875,13.875,13.75,13.75,3.277689218521118,1200
1995-03-03,13.875,13.875,13.875,13.875,3.3074851036071777,10300
1995-03-06,13.875,13.875,13.875,13.875,3.3074851036071777,2900
1995-03-07,13.875,13.875,13.625,13.75,3.277689218521118,14000
1995-03-08,13.75,13.75,13.5,13.5,3.218095302581787,10400
1995-03-09,13.5,13.5,13.5,13.5,3.234386920928955,4200
1995-03-10,13.5,13.5,13.375,13.375,3.204437255859375,400
1995-03-13,13.5,13.5,13.5,13.5,3.234386920928955,1200
1995-03-14,13.5,13.5,13.5,13.5,3.234386920928955,900
1995-03-15,13.5,13.5,13.375,13.5,3.234386920928955,13300
1995-03-16,13.375,13.625,13.375,13.625,3.264334201812744,6900
1995-03-17,13.625,13.625,13.5,13.5,3.234386920928955,1400
1995-03-20,13.5,13.5,13.5,13.5,3.234386920928955,200
1995-03-21,13.625,13.625,13.5,13.625,3.264334201812744,9900
1995-03-22,13.625,13.625,13.5,13.625,3.264334201812744,12300
1995-03-23,13.5,13.625,13.5,13.5,3.234386920928955,13000
1995-03-24,13.5,13.75,13.5,13.625,3.264334201812744,18000
1995-03-27,13.75,13.75,13.625,13.625,3.264334201812744,3500
1995-03-28,13.75,13.75,13.625,13.75,3.294282913208008,10900
1995-03-29,13.625,13.75,13.625,13.625,3.264334201812744,9000
1995-03-30,13.625,13.75,13.625,13.75,3.294282913208008,6800
1995-03-31,13.625,13.75,13.625,13.75,3.294282913208008,6200
1995-04-03,13.75,13.75,13.625,13.625,3.264334201812744,6800
1995-04-04,13.75,13.75,13.75,13.75,3.294282913208008,2100
1995-04-05,13.75,13.75,13.75,13.75,3.294282913208008,4400
1995-04-06,13.875,13.875,13.875,13.875,3.3242290019989014,8000
1995-04-07,13.75,13.75,13.75,13.75,3.310507297515869,1200
1995-04-10,13.75,13.875,13.75,13.875,3.340604543685913,5200
1995-04-11,13.75,13.875,13.75,13.875,3.340604543685913,11900
1995-04-12,13.875,13.875,13.75,13.75,3.310507297515869,7100
1995-04-13,13.875,13.875,13.75,13.75,3.310507297515869,6000
1995-04-17,13.75,13.875,13.75,13.875,3.340604543685913,3700
1995-04-18,13.875,13.875,13.75,13.75,3.310507297515869,15600
1995-04-19,13.875,13.875,13.75,13.875,3.340604543685913,6300
1995-04-20,13.75,13.75,13.75,13.75,3.310507297515869,1200
1995-04-21,13.625,13.625,13.625,13.625,3.2804131507873535,3400
1995-04-24,13.625,13.75,13.625,13.75,3.310507297515869,6400
1995-04-25,13.75,13.75,13.625,13.75,3.310507297515869,5700
1995-04-26,13.75,13.75,13.625,13.625,3.2804131507873535,7600
1995-04-27,13.75,13.75,13.0,13.25,3.190126419067383,29000
1995-04-28,13.375,13.375,13.125,13.25,3.190126419067383,10500
1995-05-01,13.25,13.375,13.25,13.375,3.220219373703003,9300
1995-05-02,13.375,13.375,13.25,13.375,3.220219373703003,5200
1995-05-03,13.375,13.375,13.375,13.375,3.220219373703003,1000
1995-05-04,13.5,13.625,13.5,13.625,3.2804131507873535,12600
1995-05-05,13.625,13.75,13.625,13.625,3.2804131507873535,2300
1995-05-08,13.625,13.75,13.5,13.5,3.250316858291626,6200
1995-05-09,13.5,13.625,13.375,13.625,3.2970199584960938,5100
1995-05-10,13.625,13.625,13.5,13.5,3.2667715549468994,7700
1995-05-11,13.625,13.625,13.5,13.5,3.2667715549468994,2700
1995-05-12,13.5,13.5,13.375,13.5,3.2667715549468994,7000
1995-05-15,13.375,13.375,13.375,13.375,3.2365212440490723,3300
1995-05-16,13.375,13.5,13.25,13.375,3.2365212440490723,13000
1995-05-17,13.25,13.375,13.25,13.25,3.2062766551971436,3400
1995-05-18,13.25,13.375,13.25,13.25,3.2062766551971436,6800
1995-05-19,13.25,13.25,13.25,13.25,3.2062766551971436,5000
1995-05-22,13.125,13.25,13.125,13.25,3.2062766551971436,3100
1995-05-23,13.25,13.25,13.0,13.25,3.2062766551971436,24600
1995-05-24,13.375,13.5,13.25,13.25,3.2062766551971436,6100
1995-05-25,13.375,13.625,13.375,13.625,3.2970199584960938,18400
1995-05-26,13.5,13.625,13.5,13.625,3.2970199584960938,14000
1995-05-30,13.625,13.75,13.625,13.625,3.2970199584960938,4600
1995-05-31,13.75,13.75,13.625,13.75,3.3272671699523926,3800
1995-06-01,13.875,14.0,13.875,14.0,3.3877623081207275,10600
1995-06-02,14.125,14.375,14.125,14.125,3.418011426925659,12500
1995-06-05,14.125,14.125,14.0,14.125,3.418011426925659,10400
1995-06-06,14.0,14.125,13.875,14.125,3.418011426925659,13700
1995-06-07,14.0,14.0,13.875,14.0,3.3877623081207275,7900
1995-06-08,13.875,14.0,13.875,14.0,3.3877623081207275,6400
1995-06-09,13.875,14.0,13.875,13.875,3.357515573501587,20600
1995-06-12,14.0,14.125,13.875,14.0,3.3877623081207275,13100
1995-06-13,14.0,14.25,14.0,14.25,3.4650888442993164,13000
1995-06-14,14.25,14.25,14.125,14.25,3.4650888442993164,13500
1995-06-15,14.125,14.25,14.125,14.125,3.4346940517425537,4300
1995-06-16,14.125,14.125,14.125,14.125,3.4346940517425537,2000
1995-06-19,14.25,14.375,14.125,14.375,3.495483636856079,3100
1995-06-20,14.25,14.375,14.25,14.25,3.4650888442993164,2200
1995-06-21,14.125,14.25,14.125,14.25,3.4650888442993164,21000
1995-06-22,14.25,14.375,14.25,14.25,3.4650888442993164,4400
1995-06-23,14.25,14.375,14.25,14.25,3.4650888442993164,6300
1995-06-26,14.125,14.25,14.0,14.0,3.4042975902557373,18400
1995-06-27,14.125,14.125,13.875,13.875,3.3739027976989746,10400
1995-06-28,13.875,14.0,13.875,14.0,3.4042975902557373,2600
1995-06-29,13.875,13.875,13.875,13.875,3.3739027976989746,3800
1995-06-30,13.875,14.0,13.875,14.0,3.4042975902557373,7400
1995-07-03,14.125,14.125,14.0,14.0,3.4042975902557373,3100
1995-07-05,14.125,14.25,14.125,14.125,3.4346940517425537,8100
1995-07-06,14.125,14.125,14.125,14.125,3.4346940517425537,3600
1995-07-07,14.125,14.25,14.0,14.25,3.4650888442993164,7500
1995-07-10,14.25,14.25,14.25,14.25,3.4650888442993164,900
1995-07-11,14.25,14.375,14.125,14.25,3.4650888442993164,5800
1995-07-12,14.0,14.0,13.875,14.0,3.4206204414367676,12200
1995-07-13,14.0,14.0,13.75,13.75,3.359539031982422,18200
1995-07-14,13.625,13.75,13.375,13.625,3.3289966583251953,20300
1995-07-17,13.625,13.625,13.5,13.5,3.298459529876709,1700
1995-07-18,13.625,13.625,13.5,13.625,3.3289966583251953,4700
1995-07-19,13.625,13.625,13.375,13.5,3.298459529876709,9100
1995-07-20,13.375,13.375,13.0,13.25,3.237372398376465,21900
1995-07-21,13.375,13.5,13.375,13.375,3.267913341522217,3400
1995-07-24,13.375,13.5,13.375,13.5,3.298459529876709,2200
1995-07-25,13.375,13.625,13.375,13.625,3.3289966583251953,5200
1995-07-26,13.5,13.625,13.5,13.625,3.3289966583251953,8400
1995-07-27,13.625,13.625,13.5,13.5,3.298459529876709,2200
1995-07-28,13.625,13.625,13.5,13.625,3.3289966583251953,3800
1995-07-31,13.625,13.625,13.625,13.625,3.3289966583251953,3100
1995-08-01,13.75,13.75,13.625,13.625,3.3289966583251953,1300
1995-08-02,13.75,13.75,13.625,13.625,3.3289966583251953,7700
1995-08-03,13.625,13.75,13.625,13.75,3.359539031982422,4500
1995-08-04,13.625,13.75,13.625,13.75,3.359539031982422,1500
1995-08-07,13.625,13.625,13.625,13.625,3.3289966583251953,1500
1995-08-08,13.625,13.75,13.625,13.75,3.359539031982422,3600
1995-08-09,13.75,13.875,13.75,13.75,3.359539031982422,7200
1995-08-10,13.75,14.0,13.75,13.875,3.390080451965332,12900
1995-08-11,13.75,13.875,13.75,13.875,3.4067776203155518,2200
1995-08-14,13.75,13.75,13.75,13.75,3.3760862350463867,900
1995-08-15,13.75,13.875,13.75,13.875,3.4067776203155518,2500
1995-08-16,13.875,14.0,13.75,13.875,3.4067776203155518,7100
1995-08-17,14.0,14.0,13.875,13.875,3.4067776203155518,400
1995-08-18,14.0,14.0,13.875,13.875,3.4067776203155518,5800
1995-08-21,13.875,14.0,13.875,14.0,3.437467575073242,2500
1995-08-22,14.0,14.0,13.875,13.875,3.4067776203155518,2100
1995-08-23,13.875,14.0,13.875,13.875,3.4067776203155518,10100
1995-08-24,13.875,13.875,13.75,13.75,3.3760862350463867,9800
1995-08-25,13.875,13.875,13.75,13.875,3.4067776203155518,2600
1995-08-28,14.0,14.0,14.0,14.0,3.437467575073242,2300
1995-08-29,14.0,14.0,14.0,14.0,3.437467575073242,200
1995-08-30,13.875,13.875,13.75,13.75,3.3760862350463867,2700
1995-08-31,13.75,13.875,13.625,13.625,3.3453919887542725,8600
1995-09-01,13.75,13.875,13.75,13.875,3.4067776203155518,3800
1995-09-05,13.875,13.875,13.875,13.875,3.4067776203155518,5100
1995-09-06,13.75,13.875,13.75,13.75,3.3760862350463867,4100
1995-09-07,13.875,13.875,13.75,13.75,3.3760862350463867,4000
1995-09-08,13.875,13.875,13.75,13.875,3.4067776203155518,9600
1995-09-11,13.875,14.0,13.875,14.0,3.437467575073242,1100
1995-09-12,14.0,14.0,14.0,14.0,3.437467575073242,0
1995-09-13,13.875,13.875,13.625,13.75,3.392561435699463,23000
1995-09-14,13.75,13.75,13.625,13.75,3.392561435699463,11900
1995-09-15,13.625,13.75,13.625,13.75,3.392561435699463,1500
1995-09-18,13.625,13.75,13.625,13.75,3.392561435699463,16700
1995-09-19,13.75,13.75,13.625,13.75,3.392561435699463,16700
1995-09-20,13.875,13.875,13.75,13.75,3.392561435699463,2900
1995-09-21,13.875,13.875,13.75,13.75,3.392561435699463,7300
1995-09-22,13.75,13.75,13.75,13.75,3.392561435699463,700
1995-09-25,13.75,13.75,13.75,13.75,3.392561435699463,3800
1995-09-26,13.875,13.875,13.75,13.875,3.42340350151062,5700
1995-09-27,13.875,13.875,13.75,13.875,3.42340350151062,3700
1995-09-28,13.75,13.875,13.75,13.75,3.392561435699463,6600
1995-09-29,13.75,13.875,13.75,13.75,3.392561435699463,9800
1995-10-02,13.75,13.875,13.75,13.875,3.42340350151062,7600
1995-10-03,13.75,14.0,13.75,13.875,3.42340350151062,5400
1995-10-04,13.875,13.875,13.875,13.875,3.42340350151062,3900
1995-10-05,13.875,14.0,13.875,14.0,3.4542484283447266,3500
1995-10-06,14.0,14.0,13.875,14.0,3.4542484283447266,5500
1995-10-09,13.875,14.0,13.875,13.875,3.42340350151062,2300
1995-10-10,13.875,14.0,13.875,14.0,3.4542484283447266,2400
1995-10-11,13.875,14.125,13.875,14.125,3.5020971298217773,12000
1995-10-12,14.125,14.125,14.0,14.0,3.471107244491577,22200
1995-10-13,14.0,14.125,14.0,14.125,3.5020971298217773,2400
1995-10-16,14.0,14.0,13.875,13.875,3.4401121139526367,6900
1995-10-17,13.875,14.0,13.875,14.0,3.471107244491577,5000
1995-10-18,14.0,14.0,13.875,14.0,3.471107244491577,23000
1995-10-19,13.875,13.875,13.875,13.875,3.4401121139526367,300
1995-10-20,14.0,14.0,13.875,13.875,3.4401121139526367,10000
1995-10-23,13.875,13.875,13.75,13.875,3.4401121139526367,8300
1995-10-24,13.75,13.875,13.75,13.875,3.4401121139526367,2900
1995-10-25,13.875,13.875,13.75,13.75,3.4091203212738037,2600
1995-10-26,13.875,13.875,13.875,13.875,3.4401121139526367,2500
1995-10-27,13.625,13.75,13.625,13.75,3.4091203212738037,16600
1995-10-30,13.75,13.75,13.625,13.625,3.378127098083496,4100
1995-10-31,13.75,13.875,13.75,13.875,3.4401121139526367,3000
1995-11-01,13.875,14.0,13.75,13.875,3.4401121139526367,9900
1995-11-02,14.0,14.125,14.0,14.0,3.471107244491577,16600
1995-11-03,14.125,14.25,14.125,14.25,3.5330886840820312,7400
1995-11-06,14.25,14.25,14.125,14.125,3.5020971298217773,7400
1995-11-07,14.125,14.25,14.125,14.25,3.5330886840820312,8200
1995-11-08,14.125,14.25,14.125,14.25,3.5330886840820312,23800
1995-11-09,14.125,14.25,14.125,14.25,3.5330886840820312,10200
1995-11-10,14.125,14.25,14.125,14.25,3.5330886840820312,1500
1995-11-13,14.125,14.125,14.0,14.125,3.518641948699951,8300
1995-11-14,14.125,14.125,14.0,14.125,3.518641948699951,5500
1995-11-15,14.125,14.125,14.125,14.125,3.518641948699951,3400
1995-11-16,14.125,14.125,14.0,14.125,3.518641948699951,7700
1995-11-17,14.0,14.125,14.0,14.125,3.518641948699951,1800
1995-11-20,14.125,14.125,14.0,14.125,3.518641948699951,11600
1995-11-21,14.125,14.125,14.0,14.0,3.4875049591064453,4300
1995-11-22,13.875,14.0,13.875,14.0,3.4875049591064453,13400
1995-11-24,14.0,14.0,13.875,14.0,3.4875049591064453,1000
1995-11-27,14.0,14.125,13.875,13.875,3.456364393234253,26200
1995-11-28,13.875,14.0,13.875,13.875,3.456364393234253,4300
1995-11-29,14.0,14.0,13.875,14.0,3.4875049591064453,12500
1995-11-30,14.0,14.0,13.875,14.0,3.4875049591064453,11700
1995-12-01,14.125,14.125,14.0,14.125,3.518641948699951,3400
1995-12-04,14.125,14.25,14.125,14.25,3.549779176712036,23300
1995-12-05,14.125,14.125,14.0,14.0,3.4875049591064453,31600
1995-12-06,14.0,14.0,14.0,14.0,3.4875049591064453,400
1995-12-07,14.0,14.125,13.875,14.0,3.4875049591064453,11900
1995-12-08,14.0,14.0,13.875,14.0,3.4875049591064453,16800
1995-12-11,14.0,14.0,13.875,14.0,3.4875049591064453,3900
1995-12-12,14.0,14.0,13.875,13.875,3.456364393234253,10900
1995-12-13,13.875,13.875,13.75,13.875,3.4731369018554688,10100
1995-12-14,13.875,13.875,13.875,13.875,3.4731369018554688,2100
1995-12-15,13.875,14.0,13.875,14.0,3.504425525665283,23600
1995-12-18,13.875,13.875,13.75,13.875,3.4731369018554688,17100
1995-12-19,13.875,13.875,13.625,13.75,3.4418485164642334,19500
1995-12-20,13.875,13.875,13.75,13.75,3.4418485164642334,20500
1995-12-21,13.75,13.875,13.75,13.875,3.4731369018554688,6100
1995-12-22,13.875,13.875,13.875,13.875,3.4731369018554688,800
1995-12-26,13.875,13.875,13.75,13.75,3.4418485164642334,11500
1995-12-27,13.875,13.875,13.625,13.625,3.410555124282837,4700
1995-12-28,13.625,13.625,13.25,13.25,3.3166885375976562,26300
1995-12-29,13.375,13.5,13.375,13.375,3.3479771614074707,12500
1996-01-02,13.5,13.5,13.25,13.375,3.3479771614074707,4600
1996-01-03,13.5,13.625,13.5,13.5,3.379265308380127,15900
1996-01-04,13.5,13.75,13.5,13.625,3.410555124282837,8000
1996-01-05,13.625,13.75,13.5,13.5,3.379265308380127,18900
1996-01-08,13.625,13.625,13.625,13.625,3.410555124282837,1200
1996-01-09,13.625,13.75,13.5,13.75,3.4418485164642334,26900
1996-01-10,13.5,13.625,13.5,13.625,3.4272561073303223,19900
1996-01-11,13.5,13.75,13.5,13.75,3.4587008953094482,25600
1996-01-12,13.75,14.0,13.75,14.0,3.5215842723846436,41000
1996-01-15,13.875,14.125,13.875,14.125,3.553025484085083,40000
1996-01-16,14.25,14.375,14.125,14.25,3.5844717025756836,16000
1996-01-17,14.375,14.5,14.25,14.5,3.6473584175109863,18400
1996-01-18,14.625,14.625,14.5,14.5,3.6473584175109863,10800
1996-01-19,14.625,14.625,14.375,14.625,3.6787960529327393,8200
1996-01-22,14.5,14.625,14.5,14.5,3.6473584175109863,6000
1996-01-23,14.5,14.625,14.5,14.5,3.6473584175109863,14200
1996-01-24,14.5,14.625,14.5,14.625,3.6787960529327393,5200
1996-01-25,14.5,14.5,14.375,14.5,3.6473584175109863,6100
1996-01-26,14.5,14.5,14.375,14.375,3.615910768508911,2400
1996-01-29,14.5,14.5,14.375,14.375,3.615910768508911,6600
1996-01-30,14.375,14.5,14.375,14.375,3.615910768508911,6100
1996-01-31,14.625,14.75,14.625,14.75,3.710239887237549,16800
1996-02-01,14.75,14.875,14.75,14.875,3.7416839599609375,9000
1996-02-02,14.875,14.875,14.625,14.625,3.6787960529327393,2600
1996-02-05,14.75,14.75,14.625,14.75,3.710239887237549,6200
1996-02-06,14.75,14.875,14.75,14.875,3.7416839599609375,7500
1996-02-07,14.875,14.875,14.625,14.75,3.710239887237549,15400
1996-02-08,14.75,14.75,14.625,14.625,3.6787960529327393,2500
1996-02-09,14.625,14.75,14.625,14.625,3.6787960529327393,4100
1996-02-12,14.625,14.75,14.5,14.625,3.6787960529327393,4000
1996-02-13,14.5,14.625,14.375,14.375,3.6325526237487793,10000
1996-02-14,14.5,14.5,14.375,14.5,3.664142370223999,4900
1996-02-15,14.5,14.5,14.5,14.5,3.664142370223999,2500
1996-02-16,14.5,14.625,14.375,14.625,3.6957316398620605,12600
1996-02-20,14.5,14.625,14.5,14.5,3.664142370223999,3100
1996-02-21,14.5,14.75,14.5,14.625,3.6957316398620605,11000
1996-02-22,14.625,14.625,14.625,14.625,3.6957316398620605,8400
1996-02-23,14.625,14.75,14.5,14.5,3.664142370223999,9200
1996-02-26,14.625,14.625,14.5,14.5,3.664142370223999,7700
1996-02-27,14.625,14.625,14.5,14.5,3.664142370223999,5700
1996-02-28,14.625,14.625,14.5,14.5,3.664142370223999,9400
1996-02-29,14.5,14.625,14.5,14.625,3.6957316398620605,5600
1996-03-01,14.625,14.625,14.625,14.625,3.6957316398620605,1700
1996-03-04,14.625,14.625,14.5,14.625,3.6957316398620605,3500
1996-03-05,14.5,14.625,14.5,14.625,3.6957316398620605,7600
1996-03-06,14.625,14.625,14.5,14.5,3.664142370223999,700
1996-03-07,14.5,14.5,14.25,14.25,3.600965976715088,11300
1996-03-08,14.0,14.125,14.0,14.0,3.537792444229126,14100
1996-03-11,14.125,14.125,14.125,14.125,3.569378137588501,7200
1996-03-12,14.0,14.0,14.0,14.0,3.537792444229126,300
1996-03-13,13.875,13.875,13.875,13.875,3.5230636596679688,300
1996-03-14,14.0,14.0,13.875,13.875,3.5230636596679688,900
1996-03-15,13.875,14.0,13.875,13.875,3.5230636596679688,9300
1996-03-18,14.0,14.0,13.875,14.0,3.5548038482666016,1700
1996-03-19,14.0,14.125,13.875,14.125,3.586540699005127,14700
1996-03-20,14.125,14.125,14.125,14.125,3.586540699005127,1500
1996-03-21,14.125,14.125,14.0,14.0,3.5548038482666016,2600
1996-03-22,14.125,14.25,14.125,14.125,3.586540699005127,1900
1996-03-25,14.25,14.25,14.125,14.125,3.586540699005127,8800
1996-03-26,14.125,14.25,14.125,14.25,3.6182825565338135,8100
1996-03-27,14.25,14.25,14.25,14.25,3.6182825565338135,2700
1996-03-28,14.25,14.25,14.125,14.125,3.586540699005127,7600
1996-03-29,14.25,14.25,14.25,14.25,3.6182825565338135,3300
1996-04-01,14.125,14.375,14.125,14.375,3.650020122528076,5100
1996-04-02,14.25,14.25,14.25,14.25,3.6182825565338135,4100
1996-04-03,14.25,14.25,14.125,14.25,3.6182825565338135,6700
1996-04-04,14.125,14.25,14.125,14.125,3.586540699005127,5500
1996-04-08,14.125,14.125,14.0,14.125,3.586540699005127,16500
1996-04-09,14.0,14.125,13.875,14.0,3.5548038482666016,7400
1996-04-10,13.875,14.0,13.875,13.875,3.5230636596679688,7900
1996-04-11,13.875,13.875,13.75,13.75,3.508267641067505,4100
1996-04-12,13.875,13.875,13.75,13.875,3.5401597023010254,5000
1996-04-15,13.75,13.875,13.75,13.875,3.5401597023010254,1100
1996-04-16,13.875,13.875,13.625,13.625,3.4763731956481934,6700
1996-04-17,13.625,13.625,13.625,13.625,3.4763731956481934,2700
1996-04-18,13.5,13.625,13.5,13.625,3.4763731956481934,5000
1996-04-19,13.5,13.5,13.5,13.5,3.444477081298828,800
1996-04-22,13.625,13.75,13.625,13.75,3.508267641067505,5400
1996-04-23,13.625,13.75,13.625,13.75,3.508267641067505,1900
1996-04-24,13.75,13.75,13.625,13.75,3.508267641067505,3200
1996-04-25,13.75,13.75,13.625,13.625,3.4763731956481934,1300
1996-04-26,13.75,13.75,13.75,13.75,3.508267641067505,5000
1996-04-29,13.875,13.875,13.875,13.875,3.5401597023010254,7600
1996-04-30,13.75,13.75,13.75,13.75,3.508267641067505,5100
1996-05-01,13.875,13.875,13.75,13.75,3.508267641067505,8500
1996-05-02,13.75,13.75,13.75,13.75,3.508267641067505,0
1996-05-03,13.75,13.875,13.75,13.75,3.508267641067505,17700
1996-05-06,13.75,13.875,13.625,13.75,3.508267641067505,16800
1996-05-07,13.75,13.75,13.625,13.625,3.4763731956481934,5900
1996-05-08,13.75,13.75,13.75,13.75,3.508267641067505,100
1996-05-09,13.75,13.75,13.625,13.625,3.4763731956481934,12900
1996-05-10,13.75,13.75,13.625,13.625,3.4763731956481934,2700
1996-05-13,13.5,13.5,13.5,13.5,3.4615001678466797,2000
1996-05-14,13.5,13.625,13.5,13.625,3.493551254272461,3400
1996-05-15,13.625,13.75,13.625,13.625,3.493551254272461,9800
1996-05-16,13.75,13.75,13.625,13.625,3.493551254272461,11600
1996-05-17,13.75,13.75,13.625,13.625,3.493551254272461,8700
1996-05-20,13.75,13.75,13.75,13.75,3.525604248046875,4000
1996-05-21,13.75,13.875,13.625,13.875,3.5576539039611816,19600
1996-05-22,13.75,13.75,13.75,13.75,3.525604248046875,1000
1996-05-23,13.75,13.75,13.75,13.75,3.525604248046875,200
1996-05-24,13.75,13.75,13.75,13.75,3.525604248046875,100
1996-05-28,13.875,13.875,13.875,13.875,3.5576539039611816,11800
1996-05-29,14.0,14.0,13.875,13.875,3.5576539039611816,2700
1996-05-30,13.875,14.0,13.875,14.0,3.5897061824798584,7800
1996-05-31,13.875,14.0,13.875,13.875,3.5576539039611816,4400
1996-06-03,13.875,13.875,13.875,13.875,3.5576539039611816,0
1996-06-04,14.0,14.0,13.875,14.0,3.5897061824798584,6600
1996-06-05,14.0,14.125,14.0,14.125,3.6217544078826904,11000
1996-06-06,14.125,14.125,14.125,14.125,3.6217544078826904,1300
1996-06-07,14.125,14.125,13.875,14.0,3.5897061824798584,12100
1996-06-10,14.125,14.125,13.875,14.0,3.5897061824798584,10500
1996-06-11,14.0,14.0,14.0,14.0,3.5897061824798584,0
1996-06-12,13.875,14.0,13.875,13.875,3.574763536453247,14200
1996-06-13,13.875,13.875,13.875,13.875,3.574763536453247,700
1996-06-14,13.875,13.875,13.875,13.875,3.574763536453247,2100
1996-06-17,13.875,13.875,13.875,13.875,3.574763536453247,0
1996-06-18,14.0,14.0,13.875,13.875,3.574763536453247,9600
1996-06-19,13.875,13.875,13.75,13.75,3.542555570602417,6100
1996-06-20,13.75,13.875,13.75,13.75,3.542555570602417,9700
1996-06-21,13.75,13.75,13.75,13.75,3.542555570602417,1400
1996-06-24,13.75,13.875,13.75,13.875,3.574763536453247,1700
1996-06-25,13.875,13.875,13.75,13.875,3.574763536453247,4500
1996-06-26,13.875,13.875,13.75,13.875,3.574763536453247,5200
1996-06-27,14.0,14.0,13.875,13.875,3.574763536453247,4900
1996-06-28,13.875,14.0,13.875,14.0,3.6069650650024414,10900
1996-07-01,14.125,14.125,14.0,14.125,3.639169931411743,1900
1996-07-02,14.125,14.125,14.0,14.0,3.6069650650024414,5700
1996-07-03,14.0,14.0,14.0,14.0,3.6069650650024414,0
1996-07-05,14.0,14.0,14.0,14.0,3.6069650650024414,800
1996-07-08,14.0,14.125,14.0,14.0,3.6069650650024414,3800
1996-07-09,14.0,14.125,14.0,14.125,3.639169931411743,1200
1996-07-10,14.0,14.0,14.0,14.0,3.6069650650024414,2300
1996-07-11,13.875,13.875,13.875,13.875,3.5919525623321533,1500
1996-07-12,14.0,14.0,13.875,13.875,3.5919525623321533,1800
1996-07-15,14.0,14.0,13.875,13.875,3.5919525623321533,4000
1996-07-16,13.875,14.0,13.875,13.875,3.5919525623321533,3700
1996-07-17,14.0,14.0,13.875,13.875,3.5919525623321533,8000
1996-07-18,13.875,14.0,13.875,13.875,3.5919525623321533,8700
1996-07-19,13.875,14.0,13.875,13.875,3.5919525623321533,17000
1996-07-22,14.0,14.125,13.875,14.125,3.656670093536377,17000
1996-07-23,13.875,14.0,13.875,13.875,3.5919525623321533,2500
1996-07-24,13.875,14.0,13.875,13.875,3.5919525623321533,8300
1996-07-25,13.875,14.0,13.875,14.0,3.62431263923645,900
1996-07-26,14.0,14.125,14.0,14.125,3.656670093536377,5300
1996-07-29,14.125,14.125,14.0,14.125,3.656670093536377,5800
1996-07-30,14.125,14.25,14.125,14.125,3.656670093536377,9300
1996-07-31,14.25,14.25,14.25,14.25,3.6890299320220947,1800
1996-08-01,14.25,14.375,14.125,14.25,3.6890299320220947,8200
1996-08-02,14.375,14.375,14.375,14.375,3.7213902473449707,2400
1996-08-05,14.25,14.375,14.25,14.375,3.7213902473449707,1100
1996-08-06,14.25,14.375,14.25,14.375,3.7213902473449707,1300
1996-08-07,14.375,14.375,14.375,14.375,3.7213902473449707,1000
1996-08-08,14.375,14.375,14.25,14.375,3.7213902473449707,6600
1996-08-09,14.375,14.5,14.25,14.25,3.6890299320220947,2800
1996-08-12,14.375,14.375,14.25,14.25,3.6890299320220947,1400
1996-08-13,14.25,14.25,14.125,14.25,3.7064592838287354,6600
1996-08-14,14.25,14.25,14.125,14.125,3.6739449501037598,5600
1996-08-15,14.125,14.25,14.125,14.25,3.7064592838287354,1600
1996-08-16,14.125,14.125,14.125,14.125,3.6739449501037598,1500
1996-08-19,14.25,14.25,14.125,14.125,3.6739449501037598,2400
1996-08-20,14.125,14.125,14.125,14.125,3.6739449501037598,0
1996-08-21,14.25,14.25,14.125,14.125,3.6739449501037598,900
1996-08-22,14.125,14.125,14.125,14.125,3.6739449501037598,0
1996-08-23,14.125,14.25,14.125,14.25,3.7064592838287354,7700
1996-08-26,14.125,14.25,14.125,14.25,3.7064592838287354,6700
1996-08-27,14.25,14.25,14.25,14.25,3.7064592838287354,2200
1996-08-28,14.25,14.25,14.25,14.25,3.7064592838287354,1000
1996-08-29,14.25,14.375,14.25,14.375,3.7389707565307617,5100
1996-08-30,14.25,14.25,14.25,14.25,3.7064592838287354,1500
1996-09-03,14.25,14.375,14.25,14.375,3.7389707565307617,3800
1996-09-04,14.375,14.375,14.125,14.125,3.6739449501037598,15300
1996-09-05,14.125,14.125,14.125,14.125,3.6739449501037598,2100
1996-09-06,14.25,14.25,14.25,14.25,3.7064592838287354,1400
1996-09-09,14.125,14.125,14.125,14.125,3.6739449501037598,300
1996-09-10,14.25,14.25,14.125,14.25,3.7064592838287354,1400
1996-09-11,14.125,14.125,14.0,14.0,3.6586315631866455,1100
1996-09-12,14.125,14.125,14.0,14.0,3.6586315631866455,7200
1996-09-13,14.125,14.25,14.0,14.0,3.6586315631866455,4700
1996-09-16,14.0,14.125,14.0,14.125,3.691300868988037,7100
1996-09-17,14.125,14.125,14.0,14.0,3.6586315631866455,4400
1996-09-18,14.125,14.125,13.875,13.875,3.625969886779785,9000
1996-09-19,14.0,14.0,13.875,13.875,3.625969886779785,10400
1996-09-20,13.875,13.875,13.875,13.875,3.625969886779785,200
1996-09-23,14.0,14.0,13.875,13.875,3.625969886779785,8200
1996-09-24,13.875,14.0,13.875,14.0,3.6586315631866455,1800
1996-09-25,14.0,14.0,13.875,13.875,3.625969886779785,1600
1996-09-26,13.875,13.875,13.75,13.75,3.5933032035827637,5700
1996-09-27,13.875,13.875,13.75,13.75,3.5933032035827637,7200
1996-09-30,14.0,14.0,14.0,14.0,3.6586315631866455,3500
1996-10-01,13.75,14.0,13.75,14.0,3.6586315631866455,6800
1996-10-02,14.0,14.0,13.875,14.0,3.6586315631866455,5300
1996-10-03,13.875,14.125,13.875,13.875,3.625969886779785,8700
1996-10-04,14.0,14.125,14.0,14.0,3.6586315631866455,6400
1996-10-07,14.0,14.125,14.0,14.0,3.6586315631866455,2800
1996-10-08,14.0,14.0,14.0,14.0,3.6586315631866455,1000
1996-10-09,14.0,14.125,13.875,13.875,3.625969886779785,2200
1996-10-10,13.75,13.875,13.75,13.875,3.643563747406006,2300
1996-10-11,13.75,13.875,13.75,13.875,3.643563747406006,3600
1996-10-14,13.875,13.875,13.75,13.875,3.643563747406006,2900
1996-10-15,13.75,13.875,13.75,13.875,3.643563747406006,3300
1996-10-16,13.875,14.0,13.75,13.875,3.643563747406006,4600
1996-10-17,13.875,14.0,13.875,14.0,3.6763839721679688,1000
1996-10-18,13.875,13.875,13.875,13.875,3.643563747406006,1400
1996-10-21,14.0,14.0,13.875,14.0,3.6763839721679688,3700
1996-10-22,13.875,13.875,13.75,13.75,3.6107394695281982,12200
1996-10-23,13.75,13.875,13.75,13.875,3.643563747406006,6000
1996-10-24,13.875,13.875,13.875,13.875,3.643563747406006,4800
1996-10-25,13.75,13.75,13.75,13.75,3.6107394695281982,1000
1996-10-28,13.75,13.75,13.75,13.75,3.6107394695281982,2000
1996-10-29,13.75,13.875,13.75,13.875,3.643563747406006,5700
1996-10-30,13.875,13.875,13.875,13.875,3.643563747406006,5900
1996-10-31,13.875,14.0,13.875,13.875,3.643563747406006,5200
1996-11-01,13.875,13.875,13.875,13.875,3.643563747406006,1300
1996-11-04,14.0,14.0,13.75,13.75,3.6107394695281982,14300
1996-11-05,13.75,13.875,13.75,13.75,3.6107394695281982,22200
1996-11-06,13.75,13.75,13.625,13.75,3.6107394695281982,3600
1996-11-07,13.75,13.75,13.75,13.75,3.6107394695281982,3200
1996-11-08,13.75,13.75,13.625,13.75,3.6107394695281982,4500
1996-11-11,13.875,13.875,13.75,13.75,3.6107394695281982,6100
1996-11-12,13.875,13.875,13.75,13.75,3.6107394695281982,6900
1996-11-13,13.75,13.875,13.625,13.75,3.62841534614563,13400
1996-11-14,13.625,13.75,13.625,13.75,3.62841534614563,5100
1996-11-15,13.625,13.75,13.625,13.75,3.62841534614563,8400
1996-11-18,13.75,13.75,13.625,13.625,3.5954320430755615,6400
1996-11-19,13.75,13.875,13.625,13.875,3.661403179168701,16900
1996-11-20,13.875,13.875,13.75,13.75,3.62841534614563,23800
1996-11-21,13.75,13.875,13.75,13.875,3.661403179168701,11200
1996-11-22,13.875,13.875,13.75,13.75,3.62841534614563,10000
1996-11-25,13.75,13.875,13.75,13.875,3.661403179168701,8600
1996-11-26,13.875,14.125,13.875,14.125,3.72737193107605,29300
1996-11-27,14.0,14.0,13.875,14.0,3.694389820098877,6200
1996-11-29,14.0,14.0,14.0,14.0,3.694389820098877,1000
1996-12-02,14.0,14.125,13.875,14.125,3.72737193107605,6500
1996-12-03,14.125,14.25,14.125,14.125,3.72737193107605,8800
1996-12-04,14.125,14.25,14.0,14.125,3.72737193107605,8600
1996-12-05,14.25,14.25,14.125,14.125,3.72737193107605,8700
1996-12-06,14.0,14.125,14.0,14.125,3.72737193107605,7600
1996-12-09,14.0,14.5,14.0,14.5,3.826331615447998,10500
1996-12-10,14.375,14.375,14.125,14.25,3.7603585720062256,20800
1996-12-11,14.125,14.25,14.0,14.125,3.7449793815612793,8500
1996-12-12,14.25,14.375,14.125,14.375,3.8112659454345703,13900
1996-12-13,14.25,14.375,14.25,14.25,3.7781217098236084,3100
1996-12-16,14.25,14.25,14.0,14.0,3.7118418216705322,11500
1996-12-17,14.0,14.25,14.0,14.125,3.7449793815612793,10400
1996-12-18,14.25,14.25,14.125,14.125,3.7449793815612793,6300
1996-12-19,14.125,14.25,14.0,14.25,3.7781217098236084,6500
1996-12-20,14.25,14.25,14.0,14.125,3.7449793815612793,9300
1996-12-23,14.0,14.0,14.0,14.0,3.7118418216705322,1600
1996-12-24,14.125,14.125,14.125,14.125,3.7449793815612793,1000
1996-12-26,14.0,14.125,14.0,14.125,3.7449793815612793,8100
1996-12-27,14.25,14.25,14.25,14.25,3.7781217098236084,1000
1996-12-30,14.25,14.25,14.125,14.125,3.7449793815612793,4000
1996-12-31,14.25,14.25,14.125,14.125,3.7449793815612793,4000
1997-01-02,14.25,14.25,14.125,14.125,3.7449793815612793,4900
1997-01-03,14.25,14.375,14.125,14.375,3.8112659454345703,4800
1997-01-06,14.5,14.5,14.5,14.5,3.8444080352783203,1600
1997-01-07,14.375,14.375,14.375,14.375,3.8112659454345703,4700
1997-01-08,14.25,14.25,14.25,14.25,3.7781217098236084,500
1997-01-09,14.375,14.5,14.375,14.5,3.8444080352783203,3000
1997-01-10,14.5,14.625,14.5,14.625,3.8775475025177,14600
1997-01-13,14.625,14.75,14.625,14.75,3.928684711456299,6300
1997-01-14,14.75,14.875,14.75,14.75,3.928684711456299,10600
1997-01-15,14.875,14.875,14.625,14.625,3.895390272140503,15400
1997-01-16,14.625,14.625,14.375,14.375,3.8288068771362305,13500
1997-01-17,14.375,14.375,14.375,14.375,3.8288068771362305,100
1997-01-20,14.375,14.375,14.375,14.375,3.8288068771362305,2100
1997-01-21,14.375,14.5,14.375,14.375,3.8288068771362305,1900
1997-01-22,14.375,14.375,14.25,14.25,3.7955119609832764,6300
1997-01-23,14.375,14.5,14.25,14.25,3.7955119609832764,6400
1997-01-24,14.25,14.375,14.25,14.375,3.8288068771362305,10400
1997-01-27,14.25,14.5,14.25,14.5,3.8621020317077637,7000
1997-01-28,14.375,14.5,14.375,14.5,3.8621020317077637,1900
1997-01-29,14.375,14.375,14.375,14.375,3.8288068771362305,4100
1997-01-30,14.5,14.5,14.25,14.375,3.8288068771362305,14800
1997-01-31,14.5,14.5,14.5,14.5,3.8621020317077637,100
1997-02-03,14.5,14.5,14.375,14.375,3.8288068771362305,3000
1997-02-04,14.5,14.5,14.375,14.5,3.8621020317077637,4500
1997-02-05,14.5,14.625,14.5,14.5,3.8621020317077637,4000
1997-02-06,14.5,14.625,14.5,14.5,3.8621020317077637,4300
1997-02-07,14.5,14.5,14.5,14.5,3.8621020317077637,3700
1997-02-10,14.625,14.625,14.5,14.5,3.8621020317077637,2600
1997-02-11,14.5,14.625,14.5,14.625,3.895390272140503,6300
1997-02-12,14.5,14.5,14.375,14.5,3.8798742294311523,1700
1997-02-13,14.375,14.5,14.375,14.5,3.8798742294311523,7800
1997-02-14,14.375,14.375,14.375,14.375,3.846428871154785,3800
1997-02-18,14.375,14.5,14.375,14.5,3.8798742294311523,7000
1997-02-19,14.5,14.5,14.375,14.5,3.8798742294311523,2600
1997-02-20,14.375,14.375,14.25,14.375,3.846428871154785,9000
1997-02-21,14.375,14.375,14.25,14.375,3.846428871154785,4200
1997-02-24,14.25,14.375,14.25,14.25,3.8129801750183105,1400
1997-02-25,14.25,14.375,14.25,14.25,3.8129801750183105,6000
1997-02-26,14.375,14.375,14.25,14.375,3.846428871154785,3700
1997-02-27,14.25,14.375,14.125,14.25,3.8129801750183105,7700
1997-02-28,14.125,14.25,14.125,14.125,3.7795331478118896,5200
1997-03-03,14.25,14.25,14.125,14.125,3.7795331478118896,2300
1997-03-04,14.25,14.25,14.125,14.25,3.8129801750183105,14100
1997-03-05,14.125,14.125,14.125,14.125,3.7795331478118896,3600
1997-03-06,14.125,14.25,14.125,14.125,3.7795331478118896,13200
1997-03-07,14.125,14.25,14.125,14.25,3.8129801750183105,4300
1997-03-10,14.25,14.25,14.125,14.25,3.8129801750183105,7700
1997-03-11,14.125,14.25,14.125,14.25,3.8129801750183105,1100
1997-03-12,14.0,14.125,14.0,14.0,3.7637808322906494,13900
1997-03-13,14.125,14.125,14.125,14.125,3.797388792037964,5300
1997-03-14,14.0,14.125,14.0,14.0,3.7637808322906494,14200
1997-03-17,14.0,14.0,13.875,13.875,3.730177640914917,3800
1997-03-18,13.875,14.0,13.875,13.875,3.730177640914917,7100
1997-03-19,14.0,14.0,13.875,13.875,3.730177640914917,8900
1997-03-20,13.875,14.0,13.875,14.0,3.7637808322906494,4000
1997-03-21,13.875,13.875,13.875,13.875,3.730177640914917,1500
1997-03-24,13.875,13.875,13.75,13.75,3.696572780609131,7900
1997-03-25,13.75,13.875,13.625,13.875,3.730177640914917,11100
1997-03-26,13.875,14.0,13.75,14.0,3.7637808322906494,10400
1997-03-27,14.0,14.0,14.0,14.0,3.7637808322906494,3100
1997-03-31,13.875,14.0,13.875,13.875,3.730177640914917,8800
1997-04-01,14.0,14.0,13.875,13.875,3.730177640914917,20100
1997-04-02,14.0,14.0,14.0,14.0,3.7637808322906494,600
1997-04-03,14.0,14.0,13.875,13.875,3.730177640914917,4100
1997-04-04,13.875,13.875,13.875,13.875,3.730177640914917,4200
1997-04-07,13.75,14.0,13.75,13.875,3.730177640914917,2700
1997-04-08,13.875,13.875,13.75,13.875,3.730177640914917,4200
1997-04-09,13.75,14.0,13.75,14.0,3.7637808322906494,4500
1997-04-10,14.0,14.0,14.0,14.0,3.7637808322906494,0
1997-04-11,13.75,13.75,13.625,13.625,3.6805810928344727,4900
1997-04-14,13.625,13.875,13.625,13.625,3.6805810928344727,13800
1997-04-15,13.625,13.75,13.5,13.75,3.7143492698669434,6200
1997-04-16,13.75,13.75,13.625,13.625,3.6805810928344727,5700
1997-04-17,13.75,13.75,13.75,13.75,3.7143492698669434,300
1997-04-18,13.75,13.75,13.75,13.75,3.7143492698669434,3000
1997-04-21,13.625,13.75,13.625,13.75,3.7143492698669434,4200
1997-04-22,13.75,13.875,13.75,13.75,3.7143492698669434,4100
1997-04-23,13.75,13.75,13.75,13.75,3.7143492698669434,800
1997-04-24,13.75,13.75,13.75,13.75,3.7143492698669434,0
1997-04-25,13.75,13.75,13.625,13.75,3.7143492698669434,2100
1997-04-28,13.75,13.75,13.625,13.625,3.6805810928344727,1200
1997-04-29,13.625,13.875,13.625,13.875,3.7481136322021484,7600
1997-04-30,13.875,13.875,13.75,13.875,3.7481136322021484,8500
1997-05-01,13.875,14.0,13.875,13.875,3.7481136322021484,5200
1997-05-02,14.0,14.125,14.0,14.125,3.8156466484069824,5000
1997-05-05,14.0,14.125,14.0,14.0,3.7818820476531982,3900
1997-05-06,14.0,14.125,14.0,14.125,3.8156466484069824,6400
1997-05-07,14.125,14.125,14.0,14.0,3.7818820476531982,1700
1997-05-08,14.125,14.125,14.0,14.0,3.7818820476531982,5500
1997-05-09,14.0,14.0,13.875,14.0,3.7818820476531982,3000
1997-05-12,14.0,14.0,13.875,13.875,3.7481136322021484,1800
1997-05-13,13.875,13.875,13.75,13.875,3.766298294067383,10900
1997-05-14,13.875,13.875,13.875,13.875,3.766298294067383,500
1997-05-15,13.875,13.875,13.875,13.875,3.766298294067383,3500
1997-05-16,13.875,13.875,13.875,13.875,3.766298294067383,3600
1997-05-19,13.875,14.0,13.75,13.875,3.766298294067383,9100
1997-05-20,13.75,14.0,13.75,14.0,3.800231695175171,11800
1997-05-21,13.875,14.0,13.875,14.0,3.800231695175171,7900
1997-05-22,14.0,14.0,14.0,14.0,3.800231695175171,1000
1997-05-23,14.0,14.0,13.875,13.875,3.766298294067383,8500
1997-05-27,14.0,14.0,14.0,14.0,3.800231695175171,300
1997-05-28,13.875,14.0,13.875,13.875,3.766298294067383,5000
1997-05-29,14.0,14.125,14.0,14.0,3.800231695175171,11900
1997-05-30,14.0,14.125,14.0,14.0,3.800231695175171,5000
1997-06-02,14.0,14.125,13.875,14.125,3.834158420562744,2300
1997-06-03,14.0,14.125,14.0,14.0,3.800231695175171,10300
1997-06-04,14.0,14.0,14.0,14.0,3.800231695175171,0
1997-06-05,14.125,14.25,14.0,14.25,3.868091106414795,4700
1997-06-06,14.125,14.25,14.125,14.25,3.868091106414795,4900
1997-06-09,14.25,14.25,14.125,14.125,3.834158420562744,5200
1997-06-10,14.25,14.25,14.25,14.25,3.868091106414795,10500
1997-06-11,14.25,14.375,14.25,14.375,3.920456886291504,1600
1997-06-12,14.25,14.375,14.25,14.375,3.920456886291504,8300
1997-06-13,14.25,14.375,14.25,14.25,3.886364221572876,5900
1997-06-16,14.25,14.25,14.25,14.25,3.886364221572876,1200
1997-06-17,14.25,14.375,14.25,14.25,3.886364221572876,1400
1997-06-18,14.25,14.375,14.25,14.25,3.886364221572876,8000
1997-06-19,14.25,14.25,14.125,14.25,3.886364221572876,21400
1997-06-20,14.125,14.125,14.125,14.125,3.852273464202881,100
1997-06-23,14.125,14.125,14.125,14.125,3.852273464202881,2300
1997-06-24,14.125,14.125,14.125,14.125,3.852273464202881,1300
1997-06-25,14.125,14.25,14.125,14.25,3.886364221572876,5000
1997-06-26,14.25,14.375,14.25,14.375,3.920456886291504,11700
1997-06-27,14.375,14.375,14.25,14.25,3.886364221572876,3300
1997-06-30,14.25,14.5,14.25,14.25,3.886364221572876,5400
1997-07-01,14.25,14.4375,14.25,14.375,3.920456886291504,2400
1997-07-02,14.4375,14.5,14.4375,14.4375,3.9375033378601074,2600
1997-07-03,14.5,14.5,14.4375,14.4375,3.9375033378601074,3400
1997-07-07,14.4375,14.5,14.4375,14.5,3.95454740524292,3700
1997-07-08,14.4375,14.6875,14.4375,14.5,3.95454740524292,8300
1997-07-09,14.5,14.625,14.5,14.625,3.9886410236358643,4300
1997-07-10,14.6875,14.6875,14.6875,14.6875,4.005686283111572,1000
1997-07-11,14.5625,14.5625,14.5,14.5,3.9726710319519043,4000
1997-07-14,14.625,14.9375,14.5625,14.9375,4.092536449432373,6900
1997-07-15,14.75,14.75,14.5,14.75,4.041160583496094,7100
1997-07-16,14.875,14.9375,14.8125,14.9375,4.092536449432373,5400
1997-07-17,14.8125,14.9375,14.8125,14.8125,4.058285713195801,3700
1997-07-18,14.75,14.75,14.75,14.75,4.041160583496094,600
1997-07-21,14.75,14.75,14.75,14.75,4.041160583496094,0
1997-07-22,14.875,14.875,14.8125,14.875,4.075409889221191,4200
1997-07-23,14.8125,14.875,14.75,14.75,4.041160583496094,3300
1997-07-24,14.75,14.9375,14.75,14.9375,4.092536449432373,8400
1997-07-25,14.9375,14.9375,14.75,14.75,4.041160583496094,4500
1997-07-28,14.75,14.9375,14.75,14.75,4.041160583496094,5000
1997-07-29,14.6875,14.6875,14.625,14.625,4.006920337677002,5700
1997-07-30,14.75,14.8125,14.6875,14.6875,4.024041175842285,5800
1997-07-31,14.625,14.625,14.625,14.625,4.006920337677002,1300
1997-08-01,14.6875,14.8125,14.6875,14.75,4.041160583496094,6200
1997-08-04,14.8125,14.8125,14.5,14.5,3.9726710319519043,5800
1997-08-05,14.625,14.625,14.625,14.625,4.006920337677002,300
1997-08-06,14.6875,14.8125,14.6875,14.6875,4.024041175842285,2600
1997-08-07,14.8125,14.8125,14.6875,14.6875,4.024041175842285,2400
1997-08-08,14.75,14.875,14.625,14.6875,4.024041175842285,7100
1997-08-11,14.5625,14.75,14.5625,14.625,4.006920337677002,1100
1997-08-12,14.625,14.625,14.625,14.625,4.006920337677002,0
1997-08-13,14.4375,14.6875,14.375,14.6875,4.042562007904053,6200
1997-08-14,14.5625,14.6875,14.5625,14.5625,4.008155822753906,7500
1997-08-15,14.5,14.5,14.25,14.4375,3.973752975463867,10700
1997-08-18,14.5,14.6875,14.5,14.6875,4.042562007904053,5300
1997-08-19,14.6875,14.6875,14.625,14.6875,4.042562007904053,1200
1997-08-20,14.6875,14.8125,14.6875,14.8125,4.076962471008301,5300
1997-08-21,14.625,14.625,14.5,14.5625,4.008155822753906,5900
1997-08-22,14.375,14.4375,14.3125,14.3125,3.939344644546509,2800
1997-08-25,14.3125,14.3125,14.25,14.25,3.9221420288085938,7000
1997-08-26,14.375,14.375,14.3125,14.3125,3.939344644546509,1300
1997-08-27,14.3125,14.4375,14.25,14.4375,3.973752975463867,3000
1997-08-28,14.4375,14.4375,14.4375,14.4375,3.973752975463867,3000
1997-08-29,14.5,14.625,14.5,14.625,4.025360584259033,4200
1997-09-02,14.625,14.6875,14.5,14.6875,4.042562007904053,6700
1997-09-03,14.6875,14.8125,14.6875,14.8125,4.076962471008301,3600
1997-09-04,14.875,14.9375,14.75,14.9375,4.11137056350708,5700
1997-09-05,15.0,15.0,14.875,14.875,4.094165802001953,13500
1997-09-08,14.8125,14.8125,14.8125,14.8125,4.076962471008301,2000
1997-09-09,14.9375,14.9375,14.9375,14.9375,4.11137056350708,4000
1997-09-10,14.9375,14.9375,14.875,14.875,4.094165802001953,3900
1997-09-11,14.9375,14.9375,14.6875,14.6875,4.060849189758301,9100
1997-09-12,14.75,14.75,14.75,14.75,4.078131198883057,1500
1997-09-15,14.6875,14.9375,14.6875,14.9375,4.129974365234375,6600
1997-09-16,14.9375,15.0,14.9375,14.9375,4.129974365234375,8300
1997-09-17,14.9375,14.9375,14.9375,14.9375,4.129974365234375,1500
1997-09-18,15.0,15.0,14.75,14.8125,4.095408916473389,13300
1997-09-19,14.75,14.75,14.75,14.75,4.078131198883057,200
1997-09-22,14.75,14.75,14.75,14.75,4.078131198883057,0
1997-09-23,14.6875,14.75,14.625,14.625,4.043568134307861,6600
1997-09-24,14.625,14.75,14.625,14.6875,4.060849189758301,3200
1997-09-25,14.75,14.8125,14.625,14.8125,4.095408916473389,7400
1997-09-26,14.75,14.75,14.5,14.5,4.009012222290039,14400
1997-09-29,14.625,14.75,14.5625,14.5625,4.026289463043213,9000
1997-09-30,14.6875,14.8125,14.625,14.75,4.078131198883057,9000
1997-10-01,14.8125,14.875,14.8125,14.8125,4.095408916473389,2100
1997-10-02,14.875,14.9375,14.75,14.875,4.112692832946777,3500
1997-10-03,14.875,14.875,14.75,14.8125,4.095408916473389,11500
1997-10-06,14.75,14.8125,14.75,14.75,4.078131198883057,5300
1997-10-07,14.625,14.6875,14.5625,14.6875,4.060849189758301,3100
1997-10-08,14.625,14.625,14.625,14.625,4.043568134307861,3000
1997-10-09,14.6875,14.6875,14.6875,14.6875,4.060849189758301,300
1997-10-10,14.625,14.75,14.625,14.75,4.0968194007873535,1500
1997-10-13,14.75,14.875,14.75,14.875,4.1315388679504395,2000
1997-10-14,14.75,14.8125,14.75,14.8125,4.1141767501831055,2200
1997-10-15,14.75,14.9375,14.75,14.875,4.1315388679504395,8700
1997-10-16,14.875,14.9375,14.875,14.875,4.1315388679504395,3700
1997-10-17,14.875,14.875,14.8125,14.8125,4.1141767501831055,4000
1997-10-20,14.75,14.75,14.75,14.75,4.0968194007873535,1000
1997-10-21,14.8125,14.8125,14.75,14.8125,4.1141767501831055,10300
1997-10-22,14.75,14.8125,14.75,14.8125,4.1141767501831055,900
1997-10-23,14.75,14.75,14.75,14.75,4.0968194007873535,1600
1997-10-24,14.875,14.875,14.8125,14.875,4.1315388679504395,4000
1997-10-27,14.8125,14.8125,14.75,14.8125,4.1141767501831055,7200
1997-10-28,14.8125,14.875,14.8125,14.875,4.1315388679504395,6500
1997-10-29,14.8125,14.8125,14.8125,14.8125,4.1141767501831055,100
1997-10-30,14.875,14.875,14.875,14.875,4.1315388679504395,2800
1997-10-31,14.875,14.875,14.6875,14.8125,4.1141767501831055,6400
1997-11-03,14.8125,14.8125,14.8125,14.8125,4.1141767501831055,100
1997-11-04,14.9375,14.9375,14.75,14.8125,4.1141767501831055,4400
1997-11-05,14.8125,14.875,14.625,14.8125,4.1141767501831055,12000
1997-11-06,14.875,14.875,14.6875,14.6875,4.0794596672058105,3600
1997-11-07,14.875,14.875,14.875,14.875,4.1315388679504395,4500
1997-11-10,14.75,14.75,14.6875,14.6875,4.0794596672058105,1700
1997-11-11,14.6875,14.8125,14.6875,14.8125,4.1141767501831055,300
1997-11-12,14.9375,14.9375,14.8125,14.8125,4.132871150970459,15400
1997-11-13,14.6875,15.0,14.6875,15.0,4.185186386108398,4100
1997-11-14,14.75,14.75,14.6875,14.6875,4.097994804382324,5800
1997-11-17,14.75,14.9375,14.6875,14.9375,4.167749881744385,9300
1997-11-18,14.75,14.75,14.75,14.75,4.115434169769287,2000
1997-11-19,14.875,14.875,14.625,14.625,4.080555438995361,12700
1997-11-20,14.75,14.9375,14.75,14.9375,4.167749881744385,5000
1997-11-21,14.9375,14.9375,14.75,14.9375,4.167749881744385,6800
1997-11-24,14.8125,14.8125,14.625,14.625,4.080555438995361,18700
1997-11-25,14.625,14.625,14.625,14.625,4.080555438995361,0
1997-11-26,14.75,14.75,14.625,14.625,4.080555438995361,4200
1997-11-28,14.75,14.75,14.75,14.75,4.115434169769287,100
1997-12-01,14.75,14.75,14.75,14.75,4.115434169769287,100
1997-12-02,14.875,14.875,14.75,14.875,4.150312900543213,3100
1997-12-03,14.8125,14.8125,14.6875,14.6875,4.097994804382324,3300
1997-12-04,14.8125,14.875,14.75,14.75,4.115434169769287,7700
1997-12-05,14.6875,14.75,14.6875,14.75,4.115434169769287,5600
1997-12-08,14.6875,14.8125,14.6875,14.8125,4.132871150970459,9200
1997-12-09,14.75,14.8125,14.75,14.8125,4.132871150970459,2900
1997-12-10,14.8125,14.8125,14.75,14.75,4.115434169769287,5100
1997-12-11,14.625,14.6875,14.625,14.6875,4.116692543029785,8500
1997-12-12,14.6875,14.6875,14.625,14.625,4.099175453186035,2700
1997-12-15,14.6875,14.6875,14.625,14.625,4.099175453186035,4600
1997-12-16,14.6875,14.6875,14.625,14.625,4.099175453186035,5300
1997-12-17,14.5625,14.6875,14.5625,14.6875,4.116692543029785,11200
1997-12-18,14.625,14.6875,14.625,14.6875,4.116692543029785,3000
1997-12-19,14.625,14.625,14.625,14.625,4.099175453186035,2200
1997-12-22,14.75,14.75,14.5625,14.625,4.099175453186035,5300
1997-12-23,14.75,14.75,14.75,14.75,4.134212493896484,1500
1997-12-24,14.75,14.75,14.75,14.75,4.134212493896484,2100
1997-12-26,14.75,14.75,14.75,14.75,4.134212493896484,0
1997-12-29,14.75,14.75,14.625,14.625,4.099175453186035,7300
1997-12-30,14.5625,14.8125,14.5625,14.8125,4.151730060577393,5100
1997-12-31,14.8125,14.8125,14.6875,14.75,4.134212493896484,6400
1998-01-02,14.8125,14.8125,14.75,14.8125,4.151730060577393,4600
1998-01-05,14.875,14.875,14.8125,14.8125,4.151730060577393,5600
1998-01-06,14.75,14.875,14.625,14.875,4.16925048828125,6700
1998-01-07,14.875,14.9375,14.875,14.9375,4.186769008636475,16400
1998-01-08,14.9375,14.9375,14.8125,14.8125,4.151730060577393,16700
1998-01-09,14.8125,14.875,14.8125,14.875,4.16925048828125,5900
1998-01-12,14.875,14.875,14.75,14.75,4.134212493896484,10800
1998-01-13,14.6875,14.75,14.625,14.75,4.153076648712158,8300
1998-01-14,14.6875,14.75,14.6875,14.75,4.153076648712158,7500
1998-01-15,14.6875,14.75,14.6875,14.75,4.153076648712158,6700
1998-01-16,14.8125,14.8125,14.6875,14.6875,4.1354804039001465,15900
1998-01-20,14.75,14.8125,14.75,14.8125,4.170672416687012,5900
1998-01-21,14.8125,14.8125,14.8125,14.8125,4.170672416687012,4300
1998-01-22,14.8125,14.8125,14.75,14.75,4.153076648712158,5700
1998-01-23,14.75,14.8125,14.6875,14.8125,4.170672416687012,8600
1998-01-26,14.8125,14.8125,14.75,14.75,4.153076648712158,1500
1998-01-27,14.75,14.9375,14.75,14.9375,4.205873012542725,8600
1998-01-28,15.0,15.0,14.875,14.875,4.188275337219238,10400
1998-01-29,15.0,15.0625,15.0,15.0625,4.241067886352539,13100
1998-01-30,15.0,15.0625,14.875,15.0625,4.241067886352539,6800
1998-02-02,14.9375,15.125,14.875,15.125,4.258666515350342,8900
1998-02-03,15.25,15.25,15.0625,15.1875,4.27626371383667,9500
1998-02-04,15.0625,15.25,15.0625,15.25,4.293859481811523,6200
1998-02-05,15.25,15.375,15.25,15.25,4.293859481811523,8100
1998-02-06,15.25,15.25,14.9375,15.0,4.22346830368042,9000
1998-02-09,15.125,15.3125,15.125,15.25,4.293859481811523,4400
1998-02-10,15.25,15.375,15.25,15.375,4.32905912399292,3900
1998-02-11,15.125,15.1875,15.0,15.1875,4.294980525970459,26800
1998-02-12,15.0625,15.125,15.0,15.125,4.277305603027344,4700
1998-02-13,15.0625,15.1875,15.0625,15.1875,4.294980525970459,600
1998-02-17,15.125,15.4375,15.125,15.4375,4.3656792640686035,12000
1998-02-18,15.3125,15.4375,15.3125,15.4375,4.3656792640686035,3800
1998-02-19,15.4375,15.4375,15.1875,15.375,4.348007678985596,8200
1998-02-20,15.375,15.5,15.375,15.5,4.383351802825928,5600
1998-02-23,15.5,15.5,15.375,15.5,4.383351802825928,7000
1998-02-24,15.5625,15.625,15.5625,15.625,4.418703556060791,10500
1998-02-25,15.5,15.5,15.375,15.375,4.348007678985596,700
1998-02-26,15.375,15.5,15.375,15.5,4.383351802825928,800
1998-02-27,15.5625,15.8125,15.5,15.6875,4.43637752532959,4600
1998-03-02,15.6875,15.6875,15.5,15.5625,4.401027679443359,4800
1998-03-03,15.5,15.625,15.5,15.5,4.383351802825928,5100
1998-03-04,15.625,15.625,15.5625,15.625,4.418703556060791,6300
1998-03-05,15.6875,15.9375,15.6875,15.9375,4.507080078125,13500
1998-03-06,15.875,15.875,15.8125,15.8125,4.471725940704346,3200
1998-03-09,15.75,15.9375,15.75,15.9375,4.507080078125,3500
1998-03-10,15.75,15.75,15.75,15.75,4.454050064086914,2300
1998-03-11,15.625,15.625,15.625,15.625,4.437299728393555,3400
1998-03-12,15.625,15.625,15.625,15.625,4.437299728393555,500
1998-03-13,15.6875,15.6875,15.625,15.625,4.437299728393555,4200
1998-03-16,15.625,15.625,15.5625,15.5625,4.419547080993652,3800
1998-03-17,15.75,15.8125,15.625,15.75,4.472794532775879,10300
1998-03-18,15.625,15.625,15.625,15.625,4.437299728393555,500
1998-03-19,15.625,15.625,15.625,15.625,4.437299728393555,0
1998-03-20,15.5,15.5,15.5,15.5,4.401798248291016,12300
1998-03-23,15.5,15.5,15.375,15.4375,4.38405179977417,3500
1998-03-24,15.375,15.5625,15.375,15.4375,4.38405179977417,1600
1998-03-25,15.375,15.375,15.25,15.375,4.366299629211426,6100
1998-03-26,15.125,15.125,15.125,15.125,4.2952985763549805,2900
1998-03-27,15.0625,15.125,14.75,14.75,4.188810348510742,13600
1998-03-30,15.0,15.0,15.0,15.0,4.2598066329956055,13100
1998-03-31,15.125,15.4375,15.0625,15.3125,4.348553657531738,7700
1998-04-01,15.25,15.25,15.0,15.0625,4.277556419372559,4500
1998-04-02,15.1875,15.1875,15.1875,15.1875,4.313053131103516,3700
1998-04-03,15.125,15.25,15.0625,15.25,4.330803394317627,6400
1998-04-06,15.0625,15.0625,15.0625,15.0625,4.277556419372559,3000
1998-04-07,15.0625,15.0625,15.0625,15.0625,4.277556419372559,4100
1998-04-08,15.0625,15.125,15.0625,15.125,4.2952985763549805,10900
1998-04-09,15.125,15.4375,15.125,15.4375,4.38405179977417,14800
1998-04-13,15.375,15.375,15.25,15.25,4.349398136138916,1800
1998-04-14,15.125,15.125,15.0,15.0,4.278094291687012,7700
1998-04-15,15.0,15.125,15.0,15.125,4.313741683959961,3500
1998-04-16,15.125,15.125,15.125,15.125,4.313741683959961,0
1998-04-17,15.0625,15.0625,15.0625,15.0625,4.295919418334961,600
1998-04-20,15.0625,15.1875,15.0625,15.0625,4.295919418334961,15400
1998-04-21,15.25,15.25,15.25,15.25,4.349398136138916,7200
1998-04-22,15.3125,15.3125,15.0625,15.0625,4.295919418334961,8900
1998-04-23,15.0,15.1875,15.0,15.0,4.278094291687012,6700
1998-04-24,15.0,15.0,15.0,15.0,4.278094291687012,0
1998-04-27,15.0,15.0,15.0,15.0,4.278094291687012,3900
1998-04-28,15.0,15.0,15.0,15.0,4.278094291687012,4900
1998-04-29,15.0,15.125,15.0,15.0625,4.295919418334961,4200
1998-04-30,15.1875,15.1875,15.1875,15.1875,4.331571578979492,900
1998-05-01,15.25,15.25,15.0625,15.0625,4.295919418334961,6800
1998-05-04,15.25,15.25,15.125,15.125,4.313741683959961,800
1998-05-05,15.3125,15.3125,15.3125,15.3125,4.367223739624023,300
1998-05-06,15.3125,15.375,15.1875,15.3125,4.367223739624023,4500
1998-05-07,15.25,15.4375,15.1875,15.1875,4.331571578979492,3800
1998-05-08,15.375,15.4375,15.1875,15.1875,4.331571578979492,7900
1998-05-11,15.1875,15.1875,15.1875,15.1875,4.331571578979492,1200
1998-05-12,15.1875,15.1875,15.1875,15.1875,4.331571578979492,1000
1998-05-13,15.3125,15.3125,15.125,15.125,4.3325700759887695,2500
1998-05-14,15.0625,15.125,14.9375,14.9375,4.278862476348877,6600
1998-05-15,15.0625,15.1875,15.0625,15.0625,4.314668655395508,3800
1998-05-18,14.875,15.25,14.875,14.9375,4.278862476348877,8200
1998-05-19,14.8125,15.0,14.6875,15.0,4.2967681884765625,1200
1998-05-20,15.125,15.25,15.125,15.25,4.368381500244141,1900
1998-05-21,15.125,15.25,15.125,15.25,4.368381500244141,4300
1998-05-22,15.0,15.0,14.875,14.875,4.260960578918457,3600
1998-05-26,14.8125,15.0,14.8125,15.0,4.2967681884765625,600
1998-05-27,14.875,15.125,14.875,15.125,4.3325700759887695,3600
1998-05-28,15.0,15.25,15.0,15.25,4.368381500244141,4100
1998-05-29,15.25,15.25,15.0,15.0625,4.314668655395508,2800
1998-06-01,15.125,15.125,15.0,15.125,4.3325700759887695,10600
1998-06-02,15.25,15.25,15.0625,15.0625,4.314668655395508,11100
1998-06-03,15.0625,15.1875,15.0625,15.125,4.3325700759887695,1300
1998-06-04,15.125,15.1875,15.125,15.1875,4.350476264953613,200
1998-06-05,15.0625,15.1875,15.0625,15.125,4.3325700759887695,1100
1998-06-08,15.0625,15.0625,15.0625,15.0625,4.314668655395508,500
1998-06-09,15.1875,15.1875,14.8125,14.875,4.260960578918457,17600
1998-06-10,14.9375,14.9375,14.9375,14.9375,4.278862476348877,1000
1998-06-11,14.8125,15.0,14.8125,15.0,4.315837383270264,4900
1998-06-12,14.875,15.25,14.875,15.25,4.38776969909668,20700
1998-06-15,15.125,15.25,15.0625,15.0625,4.333821773529053,9200
1998-06-16,15.0625,15.0625,15.0625,15.0625,4.333821773529053,300
1998-06-17,15.0,15.0,15.0,15.0,4.315837383270264,4700
1998-06-18,15.0,15.0625,15.0,15.0,4.315837383270264,3400
1998-06-19,14.9375,15.0,14.9375,14.9375,4.297851085662842,800
1998-06-22,15.0625,15.0625,14.9375,14.9375,4.297851085662842,3700
1998-06-23,14.9375,15.0625,14.9375,15.0,4.315837383270264,3600
1998-06-24,15.0,15.0625,15.0,15.0,4.315837383270264,1600
1998-06-25,15.0,15.125,15.0,15.125,4.351799488067627,2700
1998-06-26,15.125,15.125,15.125,15.125,4.351799488067627,0
1998-06-29,15.0625,15.1875,15.0625,15.1875,4.369781970977783,4100
1998-06-30,15.1875,15.25,15.1875,15.25,4.38776969909668,2000
1998-07-01,15.25,15.3125,15.25,15.25,4.38776969909668,2800
1998-07-02,15.3125,15.3125,15.0,15.125,4.351799488067627,16300
1998-07-06,15.0,15.3125,15.0,15.3125,4.405745506286621,24000
1998-07-07,15.3125,15.3125,15.25,15.25,4.38776969909668,4800
1998-07-08,15.3125,15.3125,15.1875,15.3125,4.405745506286621,800
1998-07-09,15.25,15.25,15.1875,15.1875,4.369781970977783,4000
1998-07-10,15.125,15.1875,15.125,15.125,4.351799488067627,6200
1998-07-13,15.0625,15.125,15.0625,15.0625,4.352814674377441,3000
1998-07-14,15.125,15.1875,15.0,15.0,4.334751605987549,18500
1998-07-15,14.9375,15.0,14.9375,15.0,4.334751605987549,5900
1998-07-16,15.0,15.0,15.0,15.0,4.334751605987549,2300
1998-07-17,15.0625,15.0625,15.0,15.0625,4.352814674377441,3200
1998-07-20,15.0625,15.0625,15.0,15.0625,4.352814674377441,3000
1998-07-21,15.0625,15.0625,15.0,15.0,4.334751605987549,7700
1998-07-22,15.0,15.0,15.0,15.0,4.334751605987549,4400
1998-07-23,15.0,15.0625,15.0,15.0625,4.352814674377441,1600
1998-07-24,15.0,15.0625,15.0,15.0625,4.352814674377441,3500
1998-07-27,15.0625,15.0625,15.0,15.0,4.334751605987549,1900
1998-07-28,15.0625,15.0625,15.0,15.0,4.334751605987549,3000
1998-07-29,15.0625,15.0625,15.0,15.0,4.334751605987549,1800
1998-07-30,15.0,15.0625,15.0,15.0,4.334751605987549,3100
1998-07-31,15.0625,15.0625,15.0625,15.0625,4.352814674377441,900
1998-08-03,15.0625,15.125,15.0,15.125,4.370872974395752,6700
1998-08-04,15.125,15.125,15.0625,15.0625,4.352814674377441,900
1998-08-05,15.0625,15.125,15.0625,15.0625,4.352814674377441,3800
1998-08-06,15.0625,15.0625,15.0625,15.0625,4.352814674377441,0
1998-08-07,15.0625,15.0625,15.0625,15.0625,4.352814674377441,2000
1998-08-10,15.0625,15.0625,15.0,15.0625,4.352814674377441,4100
1998-08-11,15.0,15.125,15.0,15.125,4.370872974395752,700
1998-08-12,15.0,15.0,14.9375,15.0,4.353754043579102,1200
1998-08-13,15.0,15.0,15.0,15.0,4.353754043579102,4600
1998-08-14,14.9375,15.0,14.9375,15.0,4.353754043579102,4200
1998-08-17,14.9375,15.0625,14.9375,15.0625,4.371894359588623,5400
1998-08-18,15.125,15.1875,15.125,15.1875,4.408175468444824,8000
1998-08-19,15.1875,15.25,15.1875,15.25,4.426312446594238,6400
1998-08-20,15.25,15.4375,15.25,15.375,4.462596893310547,22800
1998-08-21,15.4375,15.5,15.4375,15.4375,4.480734825134277,18500
1998-08-24,15.4375,15.4375,15.4375,15.4375,4.480734825134277,3700
1998-08-25,15.4375,15.625,15.4375,15.5,4.498873710632324,11500
1998-08-26,15.5625,15.5625,15.4375,15.4375,4.480734825134277,5100
1998-08-27,15.4375,15.4375,15.3125,15.4375,4.480734825134277,14000
1998-08-28,15.4375,15.5625,15.4375,15.5625,4.517016410827637,2900
1998-08-31,15.5625,15.5625,15.5,15.5,4.498873710632324,700
1998-09-01,15.5625,15.5625,15.5,15.5625,4.517016410827637,1400
1998-09-02,15.5625,15.5625,15.4375,15.5,4.498873710632324,8900
1998-09-03,15.5,15.5625,15.5,15.5,4.498873710632324,6700
1998-09-04,15.5625,15.5625,15.5,15.5625,4.517016410827637,9300
1998-09-08,15.5,15.5625,15.5,15.5625,4.517016410827637,7000
1998-09-09,15.5,15.625,15.5,15.625,4.535157680511475,6000
1998-09-10,15.625,15.625,15.625,15.625,4.535157680511475,300
1998-09-11,15.5,15.5,15.5,15.5,4.5179548263549805,1500
1998-09-14,15.5625,15.5625,15.5625,15.5625,4.536178112030029,5100
1998-09-15,15.5,15.5625,15.5,15.5625,4.536178112030029,1300
1998-09-16,15.5,15.5625,15.5,15.5625,4.536178112030029,4600
1998-09-17,15.5,15.5625,15.5,15.5625,4.536178112030029,7600
1998-09-18,15.5,15.5,15.5,15.5,4.5179548263549805,600
1998-09-21,15.5625,15.5625,15.4375,15.4375,4.499737739562988,11700
1998-09-22,15.5,15.5625,15.5,15.5625,4.536178112030029,8300
1998-09-23,15.5,15.5625,15.5,15.5,4.5179548263549805,10700
1998-09-24,15.5625,15.625,15.5625,15.5625,4.536178112030029,4600
1998-09-25,15.5625,16.0,15.5625,15.875,4.627265453338623,18100
1998-09-28,16.0,16.0,16.0,16.0,4.66370153427124,300
1998-09-29,15.8125,15.9375,15.8125,15.9375,4.6454854011535645,13200
1998-09-30,15.9375,15.9375,15.8125,15.8125,4.609048366546631,4900
1998-10-01,15.875,15.9375,15.875,15.875,4.627265453338623,4800
1998-10-02,15.9375,15.9375,15.9375,15.9375,4.6454854011535645,600
1998-10-05,15.875,16.0,15.75,16.0,4.66370153427124,13400
1998-10-06,15.9375,16.0,15.9375,15.9375,4.6454854011535645,4200
1998-10-07,15.9375,15.9375,15.8125,15.9375,4.6454854011535645,4000
1998-10-08,15.875,15.9375,15.75,15.9375,4.6454854011535645,3500
1998-10-09,15.9375,16.0,15.8125,15.8125,4.609048366546631,4400
1998-10-12,15.875,16.0,15.875,16.0,4.66370153427124,2800
1998-10-13,15.75,15.875,15.6875,15.875,4.646432399749756,1800
1998-10-14,16.0,16.0,15.6875,16.0,4.683018684387207,13800
1998-10-15,15.875,15.9375,15.875,15.9375,4.664727687835693,800
1998-10-16,16.0625,16.0625,16.0625,16.0625,4.7013115882873535,6000
1998-10-19,16.0625,16.0625,15.9375,15.9375,4.664727687835693,3900
1998-10-20,16.0,16.0,15.75,15.875,4.646432399749756,6000
1998-10-21,15.75,15.9375,15.75,15.9375,4.664727687835693,4000
1998-10-22,15.9375,15.9375,15.9375,15.9375,4.664727687835693,0
1998-10-23,15.875,15.875,15.75,15.75,4.6098432540893555,7000
1998-10-26,15.6875,15.875,15.625,15.625,4.5732622146606445,4700
1998-10-27,15.6875,15.75,15.625,15.6875,4.591555118560791,7900
1998-10-28,15.6875,15.75,15.6875,15.75,4.6098432540893555,7500
1998-10-29,15.8125,15.8125,15.75,15.8125,4.628139972686768,6100
1998-10-30,15.75,15.8125,15.75,15.8125,4.628139972686768,4400
1998-11-02,15.8125,15.8125,15.8125,15.8125,4.628139972686768,700
1998-11-03,15.8125,15.875,15.6875,15.6875,4.591555118560791,12700
1998-11-04,15.75,15.8125,15.625,15.625,4.5732622146606445,8100
1998-11-05,15.625,15.625,15.5625,15.625,4.5732622146606445,3700
1998-11-06,15.6875,15.6875,15.625,15.625,4.5732622146606445,2300
1998-11-09,15.75,15.75,15.6875,15.6875,4.591555118560791,14800
1998-11-10,15.75,15.8125,15.75,15.75,4.629321098327637,8500
1998-11-11,15.75,15.8125,15.6875,15.8125,4.647688388824463,5600
1998-11-12,15.8125,15.875,15.8125,15.875,4.666060447692871,1600
1998-11-13,15.75,15.75,15.5625,15.6875,4.610950946807861,12200
1998-11-16,15.6875,15.75,15.6875,15.75,4.629321098327637,10100
1998-11-17,15.75,15.875,15.75,15.875,4.666060447692871,7000
1998-11-18,15.9375,15.9375,15.75,15.875,4.666060447692871,3800
1998-11-19,15.8125,15.875,15.8125,15.875,4.666060447692871,1700
1998-11-20,15.9375,15.9375,15.9375,15.9375,4.6844305992126465,5400
1998-11-23,15.8125,15.875,15.75,15.8125,4.647688388824463,10700
1998-11-24,15.875,15.875,15.875,15.875,4.666060447692871,2700
1998-11-25,15.875,15.875,15.875,15.875,4.666060447692871,2900
1998-11-27,15.875,15.875,15.875,15.875,4.666060447692871,0
1998-11-30,15.875,15.875,15.75,15.875,4.666060447692871,3100
1998-12-01,15.875,15.9375,15.875,15.9375,4.6844305992126465,2500
1998-12-02,15.9375,16.0625,15.9375,16.0,4.7027997970581055,5700
1998-12-03,16.0,16.0,16.0,16.0,4.7027997970581055,6700
1998-12-04,16.0,16.0625,15.875,15.875,4.666060447692871,1800
1998-12-07,15.9375,15.9375,15.875,15.9375,4.6844305992126465,1300
1998-12-08,15.875,15.9375,15.875,15.9375,4.6844305992126465,1700
1998-12-09,15.875,15.9375,15.875,15.9375,4.6844305992126465,1800
1998-12-10,15.875,15.9375,15.875,15.9375,4.6844305992126465,3600
1998-12-11,15.875,15.9375,15.8125,15.875,4.685466766357422,9200
1998-12-14,15.9375,15.9375,15.8125,15.875,4.685466766357422,5300
1998-12-15,15.9375,15.9375,15.9375,15.9375,4.7039103507995605,1200
1998-12-16,15.875,16.0,15.875,16.0,4.7223591804504395,9100
1998-12-17,16.0,16.0,15.875,15.9375,4.7039103507995605,5700
1998-12-18,15.9375,16.0,15.9375,16.0,4.7223591804504395,5600
1998-12-21,15.9375,16.0,15.875,16.0,4.7223591804504395,5400
1998-12-22,15.875,15.9375,15.75,15.8125,4.667017936706543,8000
1998-12-23,15.9375,15.9375,15.9375,15.9375,4.7039103507995605,8400
1998-12-24,15.9375,15.9375,15.9375,15.9375,4.7039103507995605,300
1998-12-28,15.9375,15.9375,15.875,15.9375,4.7039103507995605,900
1998-12-29,15.9375,16.0,15.9375,16.0,4.7223591804504395,2600
1998-12-30,15.9375,16.0,15.9375,16.0,4.7223591804504395,2800
1998-12-31,15.9375,15.9375,15.9375,15.9375,4.7039103507995605,1200
1999-01-04,15.9375,15.9375,15.9375,15.9375,4.7039103507995605,0
1999-01-05,15.875,15.9375,15.875,15.9375,4.7039103507995605,7400
1999-01-06,15.8125,15.875,15.75,15.75,4.648569583892822,15800
1999-01-07,15.75,15.75,15.75,15.75,4.648569583892822,600
1999-01-08,15.75,15.75,15.6875,15.6875,4.630124092102051,1300
1999-01-11,15.75,15.75,15.625,15.6875,4.630124092102051,2500
1999-01-12,15.625,15.6875,15.625,15.6875,4.630124092102051,3600
1999-01-13,15.4375,15.5,15.375,15.5,4.594112873077393,7400
1999-01-14,15.5,15.5,15.4375,15.4375,4.575586795806885,1600
1999-01-15,15.4375,15.4375,15.25,15.25,4.520016193389893,11300
1999-01-19,15.1875,15.3125,15.1875,15.3125,4.538538455963135,5900
1999-01-20,15.3125,15.3125,15.3125,15.3125,4.538538455963135,2500
1999-01-21,15.1875,15.1875,15.1875,15.1875,4.501490116119385,4000
1999-01-22,15.125,15.125,15.125,15.125,4.482961654663086,7800
1999-01-25,15.1875,15.1875,15.0625,15.0625,4.464438438415527,3900
1999-01-26,15.0,15.0,15.0,15.0,4.44591760635376,2200
1999-01-27,14.9375,14.9375,14.9375,14.9375,4.427390098571777,5400
1999-01-28,15.0,15.0625,14.9375,15.0625,4.464438438415527,10400
1999-01-29,15.125,15.1875,15.125,15.1875,4.501490116119385,4700
1999-02-01,15.25,15.3125,15.125,15.3125,4.538538455963135,4800
1999-02-02,15.3125,15.375,15.1875,15.375,4.55706787109375,7100
1999-02-03,15.375,15.375,15.375,15.375,4.55706787109375,0
1999-02-04,15.3125,15.375,15.3125,15.375,4.55706787109375,4800
1999-02-05,15.375,15.375,15.375,15.375,4.55706787109375,600
1999-02-08,15.5,15.5625,15.5,15.5625,4.612636089324951,5200
1999-02-09,15.5625,15.5625,15.5625,15.5625,4.612636089324951,800
1999-02-10,15.5625,15.5625,15.5625,15.5625,4.632283687591553,3000
1999-02-11,15.625,15.625,15.625,15.625,4.650886058807373,3500
1999-02-12,15.5,15.5,15.5,15.5,4.613678455352783,1400
1999-02-16,15.5,15.5,15.5,15.5,4.613678455352783,3500
1999-02-17,15.4375,15.4375,15.1875,15.25,4.539266109466553,6500
1999-02-18,15.25,15.4375,15.25,15.4375,4.595071792602539,26000
1999-02-19,15.375,15.4375,15.3125,15.4375,4.595071792602539,6600
1999-02-22,15.4375,15.4375,15.375,15.4375,4.595071792602539,10000
1999-02-23,15.5,15.5625,15.5,15.5625,4.632283687591553,11100
1999-02-24,15.625,15.6875,15.625,15.625,4.650886058807373,4200
1999-02-25,15.625,15.625,15.5625,15.5625,4.632283687591553,17500
1999-02-26,15.5625,15.5625,15.5,15.5,4.613678455352783,7000
1999-03-01,15.5625,15.625,15.5625,15.625,4.650886058807373,3400
1999-03-02,15.625,15.625,15.5625,15.5625,4.632283687591553,1400
1999-03-03,15.625,15.625,15.625,15.625,4.650886058807373,10000
1999-03-04,15.625,15.625,15.5625,15.625,4.650886058807373,4000
1999-03-05,15.625,15.75,15.625,15.75,4.688096046447754,10500
1999-03-08,15.6875,15.75,15.6875,15.6875,4.669490814208984,3300
1999-03-09,15.75,15.875,15.75,15.875,4.725302219390869,9600
1999-03-10,15.875,15.875,15.8125,15.875,4.725302219390869,8400
1999-03-11,15.75,15.75,15.75,15.75,4.707668781280518,5500
1999-03-12,15.75,15.75,15.75,15.75,4.707668781280518,4200
1999-03-15,15.75,15.75,15.6875,15.6875,4.688982963562012,3300
1999-03-16,15.75,15.75,15.6875,15.6875,4.688982963562012,9100
1999-03-17,15.75,15.75,15.6875,15.6875,4.688982963562012,2200
1999-03-18,15.75,15.75,15.6875,15.6875,4.688982963562012,2800
1999-03-19,15.75,15.8125,15.6875,15.8125,4.726343631744385,13400
1999-03-22,15.75,15.875,15.75,15.875,4.745030403137207,10500
1999-03-23,15.75,15.8125,15.75,15.8125,4.726343631744385,3400
1999-03-24,15.75,15.75,15.75,15.75,4.707668781280518,1100
1999-03-25,15.6875,15.6875,15.625,15.6875,4.688982963562012,22500
1999-03-26,15.625,15.6875,15.625,15.6875,4.688982963562012,1100
1999-03-29,15.625,15.6875,15.625,15.625,4.6703009605407715,2200
1999-03-30,15.5625,15.6875,15.5625,15.6875,4.688982963562012,7500
1999-03-31,15.75,15.75,15.6875,15.75,4.707668781280518,1600
1999-04-01,15.75,15.75,15.75,15.75,4.707668781280518,3100
1999-04-05,15.8125,15.875,15.75,15.75,4.707668781280518,21600
1999-04-06,15.8125,15.8125,15.8125,15.8125,4.726343631744385,800
1999-04-07,15.6875,15.6875,15.6875,15.6875,4.688982963562012,3000
1999-04-08,15.6875,15.6875,15.6875,15.6875,4.688982963562012,0
1999-04-09,15.6875,15.75,15.6875,15.75,4.707668781280518,8100
1999-04-12,15.75,15.75,15.6875,15.6875,4.688982963562012,3400
1999-04-13,15.625,15.6875,15.625,15.6875,4.708799839019775,200
1999-04-14,15.625,15.6875,15.625,15.6875,4.708799839019775,3000
1999-04-15,15.625,15.6875,15.625,15.625,4.690035820007324,1700
1999-04-16,15.6875,15.6875,15.6875,15.6875,4.708799839019775,4700
1999-04-19,15.6875,15.75,15.6875,15.6875,4.708799839019775,3300
1999-04-20,15.75,15.8125,15.75,15.8125,4.746315002441406,7200
1999-04-21,15.75,15.75,15.75,15.75,4.727558612823486,700
1999-04-22,15.75,15.875,15.75,15.8125,4.746315002441406,2500
1999-04-23,15.8125,15.8125,15.8125,15.8125,4.746315002441406,100
1999-04-26,15.8125,15.8125,15.8125,15.8125,4.746315002441406,100
1999-04-27,15.8125,15.8125,15.75,15.75,4.727558612823486,4400
1999-04-28,15.75,15.875,15.75,15.8125,4.746315002441406,8900
1999-04-29,15.875,15.875,15.8125,15.875,4.76507568359375,4700
1999-04-30,15.875,15.9375,15.8125,15.9375,4.783842086791992,6000
1999-05-03,15.9375,15.9375,15.875,15.875,4.76507568359375,4400
1999-05-04,15.9375,15.9375,15.8125,15.875,4.76507568359375,6300
1999-05-05,15.875,15.875,15.6875,15.6875,4.708799839019775,13400
1999-05-06,15.8125,15.8125,15.625,15.75,4.727558612823486,15100
1999-05-07,15.625,15.875,15.625,15.75,4.727558612823486,21400
1999-05-10,15.875,15.875,15.6875,15.75,4.727558612823486,4500
1999-05-11,15.75,15.75,15.75,15.75,4.727558612823486,0
1999-05-12,15.5625,15.5625,15.5625,15.5625,4.69093132019043,6300
1999-05-13,15.625,15.625,15.5625,15.5625,4.69093132019043,2000
1999-05-14,15.5625,15.5625,15.5,15.5,4.672092914581299,4200
1999-05-17,15.375,15.5,15.375,15.375,4.634418487548828,3200
1999-05-18,15.25,15.4375,15.25,15.4375,4.653256416320801,8200
1999-05-19,15.375,15.375,15.3125,15.3125,4.615575313568115,4300
1999-05-20,15.3125,15.375,15.25,15.25,4.596738338470459,20600
1999-05-21,15.3125,15.375,15.25,15.25,4.596738338470459,7200
1999-05-24,15.25,15.25,15.1875,15.25,4.596738338470459,10300
1999-05-25,15.25,15.25,15.0625,15.1875,4.5778985023498535,16400
1999-05-26,15.125,15.1875,15.125,15.125,4.559062480926514,6600
1999-05-27,15.1875,15.25,15.125,15.25,4.596738338470459,9200
1999-05-28,15.25,15.3125,15.25,15.3125,4.615575313568115,6500
1999-06-01,15.25,15.3125,15.25,15.3125,4.615575313568115,6800
1999-06-02,15.3125,15.3125,15.1875,15.25,4.596738338470459,6400
1999-06-03,15.25,15.3125,15.25,15.3125,4.615575313568115,5800
1999-06-04,15.3125,15.3125,15.1875,15.3125,4.615575313568115,6800
1999-06-07,15.375,15.4375,15.3125,15.3125,4.615575313568115,14600
1999-06-08,15.3125,15.375,15.3125,15.375,4.634418487548828,3800
1999-06-09,15.3125,15.375,15.3125,15.3125,4.615575313568115,3800
1999-06-10,15.25,15.25,15.25,15.25,4.596738338470459,500
1999-06-11,15.25,15.25,15.1875,15.1875,4.597795009613037,4600
1999-06-14,15.25,15.25,15.125,15.125,4.578878879547119,1600
1999-06-15,15.1875,15.25,15.1875,15.1875,4.597795009613037,3200
1999-06-16,15.25,15.25,15.25,15.25,4.616719722747803,900
1999-06-17,15.25,15.4375,15.25,15.4375,4.673480987548828,1700
1999-06-18,15.5,15.5,15.5,15.5,4.6924004554748535,1000
1999-06-21,15.4375,15.5,15.375,15.4375,4.673480987548828,12200
1999-06-22,15.4375,15.5,15.4375,15.5,4.6924004554748535,1400
1999-06-23,15.4375,15.4375,15.375,15.375,4.654564380645752,700
1999-06-24,15.375,15.4375,15.375,15.4375,4.673480987548828,5100
1999-06-25,15.4375,15.4375,15.375,15.375,4.654564380645752,3800
1999-06-28,15.375,15.375,15.375,15.375,4.654564380645752,1300
1999-06-29,15.4375,15.4375,15.375,15.4375,4.673480987548828,4200
1999-06-30,15.4375,15.4375,15.375,15.375,4.654564380645752,1400
1999-07-01,15.4375,15.5,15.4375,15.5,4.6924004554748535,3400
1999-07-02,15.5,15.5625,15.5,15.5625,4.711321830749512,5000
1999-07-06,15.5,15.6875,15.5,15.5625,4.711321830749512,6900
1999-07-07,15.5625,15.5625,15.5,15.5625,4.711321830749512,12500
1999-07-08,15.625,15.625,15.4375,15.5625,4.711321830749512,19600
1999-07-09,15.625,15.625,15.5625,15.5625,4.711321830749512,5000
1999-07-12,15.5625,15.5625,15.5,15.5625,4.711321830749512,5100
1999-07-13,15.5625,15.5625,15.5,15.5,4.712386608123779,5300
1999-07-14,15.5,15.5625,15.5,15.5625,4.731389045715332,7500
1999-07-15,15.5,15.5,15.5,15.5,4.712386608123779,1800
1999-07-16,15.5,15.5,15.5,15.5,4.712386608123779,0
1999-07-19,15.5625,15.5625,15.5,15.5,4.712386608123779,3800
1999-07-20,15.5,15.5,15.5,15.5,4.712386608123779,200
1999-07-21,15.5625,15.6875,15.5,15.6875,4.7693915367126465,8600
1999-07-22,15.5625,15.5625,15.5625,15.5625,4.731389045715332,3400
1999-07-23,15.5625,15.5625,15.5625,15.5625,4.731389045715332,4800
1999-07-26,15.5625,15.5625,15.5,15.5,4.712386608123779,5200
1999-07-27,15.4375,15.4375,15.375,15.375,4.674385070800781,10600
1999-07-28,15.375,15.375,15.3125,15.375,4.674385070800781,6400
1999-07-29,15.4375,15.4375,15.4375,15.4375,4.693387985229492,2000
1999-07-30,15.4375,15.4375,15.3125,15.3125,4.655383110046387,3100
1999-08-02,15.375,15.4375,15.25,15.25,4.636382102966309,6200
1999-08-03,15.3125,15.375,15.25,15.25,4.636382102966309,5500
1999-08-04,15.3125,15.375,15.25,15.375,4.674385070800781,5500
1999-08-05,15.375,15.375,15.3125,15.3125,4.655383110046387,2900
1999-08-06,15.25,15.3125,15.25,15.3125,4.655383110046387,8200
1999-08-09,15.3125,15.3125,15.1875,15.25,4.636382102966309,12100
1999-08-10,15.25,15.25,15.125,15.125,4.598381042480469,2900
1999-08-11,15.125,15.1875,15.0625,15.125,4.618534088134766,4500
1999-08-12,15.125,15.1875,15.125,15.1875,4.6376166343688965,8300
1999-08-13,15.125,15.125,15.0,15.0,4.580362796783447,17000
1999-08-16,15.0,15.0,15.0,15.0,4.580362796783447,2500
1999-08-17,15.0625,15.0625,15.0,15.0625,4.59945011138916,15600
1999-08-18,15.0,15.0625,15.0,15.0,4.580362796783447,6700
1999-08-19,15.0,15.125,15.0,15.0,4.580362796783447,7500
1999-08-20,15.0,15.0,15.0,15.0,4.580362796783447,0
1999-08-23,15.0,15.0,15.0,15.0,4.580362796783447,2800
1999-08-24,15.0,15.0625,15.0,15.0,4.580362796783447,4200
1999-08-25,15.0625,15.0625,15.0625,15.0625,4.59945011138916,1000
1999-08-26,15.0,15.0625,15.0,15.0625,4.59945011138916,8300
1999-08-27,15.0625,15.0625,15.0625,15.0625,4.59945011138916,1000
1999-08-30,15.0,15.0,14.9375,14.9375,4.561277389526367,6000
1999-08-31,15.0,15.0625,15.0,15.0,4.580362796783447,2400
1999-09-01,15.0625,15.0625,15.0625,15.0625,4.59945011138916,200
1999-09-02,14.9375,15.0,14.9375,14.9375,4.561277389526367,5800
1999-09-03,14.9375,15.0625,14.9375,15.0625,4.59945011138916,3000
1999-09-07,14.9375,14.9375,14.9375,14.9375,4.561277389526367,2100
1999-09-08,14.9375,15.0,14.9375,14.9375,4.561277389526367,4500
1999-09-09,14.9375,15.0,14.9375,14.9375,4.561277389526367,800
1999-09-10,14.9375,14.9375,14.9375,14.9375,4.561277389526367,0
1999-09-13,14.8125,14.9375,14.75,14.75,4.524013996124268,14300
1999-09-14,14.75,14.75,14.75,14.75,4.524013996124268,2800
1999-09-15,14.75,14.75,14.75,14.75,4.524013996124268,2700
1999-09-16,14.75,14.75,14.75,14.75,4.524013996124268,2400
1999-09-17,14.75,14.75,14.75,14.75,4.524013996124268,2600
1999-09-20,14.75,14.8125,14.75,14.8125,4.543178558349609,5400
1999-09-21,14.75,14.8125,14.75,14.75,4.524013996124268,1500
1999-09-22,14.625,14.625,14.5,14.5,4.4473347663879395,11800
1999-09-23,14.4375,14.4375,14.4375,14.4375,4.428165435791016,2300
1999-09-24,14.375,14.375,14.125,14.25,4.370652198791504,16600
1999-09-27,14.125,14.125,14.0625,14.0625,4.313150405883789,7200
1999-09-28,14.125,14.1875,14.125,14.1875,4.3514862060546875,5800
1999-09-29,14.125,14.1875,14.125,14.1875,4.3514862060546875,1400
1999-09-30,14.1875,14.1875,14.125,14.1875,4.3514862060546875,2300
1999-10-01,14.1875,14.1875,14.1875,14.1875,4.3514862060546875,200
1999-10-04,14.1875,14.1875,14.0625,14.125,4.332315921783447,7400
1999-10-05,14.1875,14.25,14.125,14.125,4.332315921783447,17900
1999-10-06,14.1875,14.1875,14.1875,14.1875,4.3514862060546875,200
1999-10-07,14.1875,14.25,14.125,14.25,4.370652198791504,4700
1999-10-08,14.125,14.1875,14.0625,14.125,4.332315921783447,11600
1999-10-11,14.125,14.125,14.125,14.125,4.332315921783447,200
1999-10-12,14.125,14.125,14.125,14.125,4.332315921783447,0
1999-10-13,14.0,14.0,14.0,14.0,4.31413459777832,0
1999-10-14,14.0,14.0,14.0,14.0,4.31413459777832,1200
1999-10-15,14.0,14.0,13.75,14.0,4.31413459777832,9600
1999-10-18,14.0,14.0,14.0,14.0,4.31413459777832,0
1999-10-19,13.875,14.0,13.875,14.0,4.31413459777832,3000
1999-10-20,13.875,13.875,13.3125,13.4375,4.140801429748535,36400
1999-10-21,13.4375,13.625,13.4375,13.5,4.160060405731201,23300
1999-10-22,13.5,13.5,13.1875,13.375,4.121541500091553,15000
1999-10-25,13.25,13.375,13.25,13.375,4.121541500091553,7600
1999-10-26,13.25,13.375,13.1875,13.375,4.121541500091553,12300
1999-10-27,13.25,13.3125,13.25,13.3125,4.102284908294678,2700
1999-10-28,13.3125,13.3125,13.25,13.3125,4.102284908294678,4100
1999-10-29,13.25,13.375,13.25,13.375,4.121541500091553,3200
1999-11-01,13.3125,13.625,13.3125,13.625,4.198578357696533,6000
1999-11-02,13.6875,13.75,13.6875,13.75,4.237096309661865,5200
1999-11-03,13.75,13.75,13.6875,13.75,4.237096309661865,2800
1999-11-04,13.6875,13.8125,13.6875,13.6875,4.217838287353516,10400
1999-11-05,13.75,13.75,13.625,13.625,4.198578357696533,11900
1999-11-08,13.625,13.75,13.625,13.75,4.237096309661865,4900
1999-11-09,13.6875,13.75,13.625,13.6875,4.217838287353516,7600
1999-11-10,13.625,13.6875,13.5625,13.625,4.218920707702637,6500
1999-11-11,13.5625,13.5625,13.4375,13.5,4.180213928222656,9500
1999-11-12,13.5,13.5,13.375,13.4375,4.160865306854248,6000
1999-11-15,13.375,13.4375,13.375,13.4375,4.160865306854248,3300
1999-11-16,13.4375,13.5,13.375,13.5,4.180213928222656,9600
1999-11-17,13.375,13.375,13.3125,13.375,4.1415114402771,3300
1999-11-18,13.3125,13.3125,13.25,13.25,4.1028056144714355,9100
1999-11-19,13.3125,13.3125,13.1875,13.3125,4.122157096862793,3100
1999-11-22,13.3125,13.3125,13.25,13.3125,4.122157096862793,6600
1999-11-23,13.3125,13.3125,13.25,13.3125,4.122157096862793,1400
1999-11-24,13.3125,13.3125,13.25,13.3125,4.122157096862793,10400
1999-11-26,13.3125,13.3125,13.3125,13.3125,4.122157096862793,2500
1999-11-29,13.25,13.25,13.0625,13.125,4.064098834991455,11200
1999-11-30,13.125,13.125,13.0,13.0625,4.044747352600098,15600
1999-12-01,12.9375,13.0,12.6875,12.9375,4.006039142608643,17100
1999-12-02,13.0,13.0,12.875,12.9375,4.006039142608643,6900
1999-12-03,13.0,13.0,12.875,13.0,4.025392055511475,13100
1999-12-06,13.0,13.0,12.875,13.0,4.025392055511475,9300
1999-12-07,13.0,13.0,12.875,13.0,4.025392055511475,14500
1999-12-08,13.0,13.0,12.875,13.0,4.025392055511475,14400
1999-12-09,13.0,13.0625,13.0,13.0,4.025392055511475,10000
1999-12-10,12.875,12.9375,12.875,12.9375,4.006039142608643,3200
1999-12-13,12.75,12.875,12.75,12.8125,3.987677574157715,16400
1999-12-14,12.8125,12.8125,12.6875,12.8125,3.987677574157715,25200
1999-12-15,12.8125,12.9375,12.75,12.875,4.007128715515137,41700
1999-12-16,12.9375,13.0,12.875,13.0,4.046032905578613,12400
1999-12-17,12.9375,13.1875,12.9375,13.1875,4.104390621185303,23300
1999-12-20,13.25,13.3125,13.0,13.125,4.084937572479248,24300
1999-12-21,13.1875,13.375,13.1875,13.375,4.162747383117676,25700
1999-12-22,13.375,13.375,13.1875,13.25,4.123845100402832,22300
1999-12-23,13.3125,13.3125,12.75,12.8125,3.987677574157715,34400
1999-12-27,12.9375,13.0,12.8125,12.9375,4.02658224105835,11300
1999-12-28,12.875,13.0625,12.875,12.9375,4.02658224105835,27700
1999-12-29,12.875,12.9375,12.875,12.9375,4.02658224105835,9600
1999-12-30,12.9375,13.0,12.8125,12.8125,3.987677574157715,17400
1999-12-31,12.8125,12.8125,12.75,12.8125,3.987677574157715,10000
2000-01-03,12.75,12.875,12.75,12.875,4.007128715515137,2800
2000-01-04,12.75,12.8125,12.6875,12.75,3.9682278633117676,10900
2000-01-05,12.8125,12.875,12.6875,12.6875,3.9487757682800293,10500
2000-01-06,12.75,12.75,12.6875,12.75,3.9682278633117676,9000
2000-01-07,12.75,12.75,12.75,12.75,3.9682278633117676,30000
2000-01-10,12.75,12.8125,12.6875,12.75,3.9682278633117676,5100
2000-01-11,12.875,12.875,12.75,12.8125,3.987677574157715,13500
2000-01-12,12.75,12.8125,12.5625,12.5625,3.930114269256592,11300
2000-01-13,12.5625,12.8125,12.5625,12.625,3.949669599533081,17800
2000-01-14,12.625,12.6875,12.5,12.625,3.949669599533081,12800
2000-01-18,12.5625,12.6875,12.5625,12.6875,3.9692227840423584,3200
2000-01-19,12.625,12.75,12.625,12.75,3.988769769668579,9500
2000-01-20,12.625,12.75,12.625,12.6875,3.9692227840423584,4100
2000-01-21,12.625,12.8125,12.625,12.75,3.988769769668579,10600
2000-01-24,12.75,12.875,12.75,12.875,4.027878284454346,1800
2000-01-25,12.8125,12.875,12.75,12.875,4.027878284454346,8000
2000-01-26,12.875,12.9375,12.8125,12.9375,4.047429084777832,3600
2000-01-27,12.9375,13.0625,12.9375,13.0625,4.086535930633545,8200
2000-01-28,13.0,13.0,13.0,13.0,4.066982269287109,6200
2000-01-31,13.0625,13.0625,12.9375,13.0,4.066982269287109,4700
2000-02-01,13.0625,13.0625,13.0,13.0625,4.086535930633545,3200
2000-02-02,13.125,13.25,13.125,13.1875,4.1256422996521,16100
2000-02-03,13.25,13.25,13.25,13.25,4.145197868347168,2000
2000-02-04,13.5,13.5625,13.375,13.5625,4.242960453033447,9400
2000-02-07,13.5,13.625,13.5,13.625,4.26251220703125,7500
2000-02-08,13.4375,13.625,13.4375,13.625,4.26251220703125,5400
2000-02-09,13.625,13.625,13.5,13.5,4.223404407501221,7700
2000-02-10,13.625,13.6875,13.625,13.625,4.26251220703125,7200
2000-02-11,13.5625,13.625,13.5,13.5,4.24396276473999,2200
2000-02-14,13.5625,13.6875,13.5625,13.625,4.28325891494751,9700
2000-02-15,13.5625,13.625,13.5625,13.625,4.28325891494751,3700
2000-02-16,13.6875,13.75,13.625,13.75,4.322555065155029,8900
2000-02-17,13.625,13.6875,13.5625,13.625,4.28325891494751,8000
2000-02-18,13.625,13.6875,13.625,13.6875,4.302906513214111,10800
2000-02-22,13.75,13.75,13.4375,13.4375,4.224318504333496,22200
2000-02-23,13.5,13.5625,13.4375,13.4375,4.224318504333496,3400
2000-02-24,13.375,13.375,13.375,13.375,4.2046685218811035,600
2000-02-25,13.375,13.4375,13.375,13.4375,4.224318504333496,1100
2000-02-28,13.4375,13.5,13.375,13.4375,4.224318504333496,6400
2000-02-29,13.5625,13.5625,13.4375,13.4375,4.224318504333496,9300
2000-03-01,13.5625,13.5625,13.375,13.5,4.24396276473999,12600
2000-03-02,13.4375,13.5,13.4375,13.5,4.24396276473999,1300
2000-03-03,13.5,13.5,13.4375,13.5,4.24396276473999,7300
2000-03-06,13.5625,13.5625,13.5625,13.5625,4.263613700866699,7500
2000-03-07,13.5,13.5625,13.5,13.5625,4.263613700866699,2400
2000-03-08,13.5,13.5,13.375,13.4375,4.224318504333496,14800
2000-03-09,13.3125,13.3125,13.3125,13.3125,4.185017108917236,5000
2000-03-10,13.3125,13.375,13.3125,13.3125,4.185017108917236,500
2000-03-13,13.3125,13.375,13.25,13.25,4.186126708984375,5300
2000-03-14,13.375,13.4375,13.375,13.375,4.225619316101074,5200
2000-03-15,13.5,13.5625,13.4375,13.5,4.265106678009033,9300
2000-03-16,13.4375,13.4375,13.4375,13.4375,4.245365619659424,10000
2000-03-17,13.5,13.625,13.5,13.5,4.265106678009033,8400
2000-03-20,13.625,13.625,13.5,13.5,4.265106678009033,7700
2000-03-21,13.5,13.6875,13.5,13.5625,4.284853935241699,2800
2000-03-22,13.5,13.6875,13.5,13.625,4.304600715637207,11000
2000-03-23,13.6875,13.6875,13.6875,13.6875,4.324343204498291,2000
2000-03-24,13.625,13.625,13.625,13.625,4.304600715637207,1200
2000-03-27,13.625,13.625,13.625,13.625,4.304600715637207,200
2000-03-28,13.625,13.6875,13.5625,13.5625,4.284853935241699,11500
2000-03-29,13.5625,13.625,13.5625,13.625,4.304600715637207,4400
2000-03-30,13.625,13.75,13.625,13.6875,4.324343204498291,5100
2000-03-31,13.8125,13.8125,13.75,13.75,4.344094753265381,1600
2000-04-03,13.875,13.875,13.75,13.75,4.344094753265381,1800
2000-04-04,13.8125,13.875,13.75,13.8125,4.3638410568237305,5300
2000-04-05,13.8125,13.875,13.8125,13.875,4.3835859298706055,2600
2000-04-06,13.875,13.875,13.875,13.875,4.3835859298706055,0
2000-04-07,13.9375,13.9375,13.875,13.9375,4.403329849243164,2400
2000-04-10,13.875,13.9375,13.875,13.875,4.3835859298706055,5800
2000-04-11,13.875,13.9375,13.875,13.9375,4.403329849243164,900
2000-04-12,13.9375,13.9375,13.8125,13.8125,4.384603500366211,3100
2000-04-13,13.875,14.125,13.875,14.0625,4.463964462280273,21200
2000-04-14,14.0625,14.125,14.0,14.0625,4.463964462280273,6800
2000-04-17,14.125,14.125,14.0,14.0,4.444117546081543,4300
2000-04-18,14.0,14.0625,14.0,14.0,4.444117546081543,6400
2000-04-19,14.0,14.0625,14.0,14.0,4.444117546081543,4000
2000-04-20,14.0,14.0,13.9375,13.9375,4.42427921295166,8000
2000-04-24,13.9375,13.9375,13.875,13.875,4.404444217681885,4300
2000-04-25,13.875,13.875,13.8125,13.8125,4.384603500366211,9200
2000-04-26,13.8125,13.8125,13.75,13.75,4.364760398864746,4600
2000-04-27,13.75,13.75,13.75,13.75,4.364760398864746,500
2000-04-28,13.8125,13.8125,13.75,13.75,4.364760398864746,1300
2000-05-01,13.875,14.0,13.8125,13.9375,4.42427921295166,5600
2000-05-02,14.0,14.0,13.875,13.875,4.404444217681885,4500
2000-05-03,13.9375,13.9375,13.8125,13.875,4.404444217681885,3300
2000-05-04,14.0,14.0,13.875,13.875,4.404444217681885,2900
2000-05-05,13.875,13.9375,13.875,13.875,4.404444217681885,2600
2000-05-08,13.875,14.0,13.875,14.0,4.444117546081543,7400
2000-05-09,14.0,14.0,14.0,14.0,4.444117546081543,400
2000-05-10,14.0625,14.0625,14.0,14.0,4.444117546081543,2100
2000-05-11,13.9375,13.9375,13.875,13.875,4.425303936004639,3300
2000-05-12,13.875,13.875,13.875,13.875,4.425303936004639,3100
2000-05-15,13.9375,13.9375,13.875,13.875,4.425303936004639,1900
2000-05-16,13.875,13.875,13.75,13.75,4.385433197021484,8600
2000-05-17,13.875,13.9375,13.875,13.875,4.425303936004639,4300
2000-05-18,13.875,13.9375,13.875,13.9375,4.4452362060546875,2800
2000-05-19,13.875,13.875,13.8125,13.8125,4.405369281768799,1200
2000-05-22,13.875,14.0,13.875,13.875,4.425303936004639,4600
2000-05-23,14.0,14.0625,13.9375,14.0,4.465169429779053,10700
2000-05-24,14.0,14.125,14.0,14.0,4.465169429779053,9100
2000-05-25,14.125,14.125,14.0,14.0625,4.485108852386475,3200
2000-05-26,14.0,14.0,14.0,14.0,4.465169429779053,2500
2000-05-30,14.0,14.0,13.9375,13.9375,4.4452362060546875,3600
2000-05-31,13.9375,14.0625,13.9375,14.0,4.465169429779053,5200
2000-06-01,14.0625,14.0625,14.0,14.0625,4.485108852386475,7900
2000-06-02,14.125,14.25,14.0625,14.1875,4.524971961975098,15900
2000-06-05,14.3125,14.4375,14.3125,14.375,4.58477258682251,10600
2000-06-06,14.375,14.4375,14.3125,14.3125,4.564846038818359,6800
2000-06-07,14.25,14.25,14.25,14.25,4.54490327835083,3100
2000-06-08,14.3125,14.375,14.3125,14.3125,4.564846038818359,8400
2000-06-09,14.3125,14.3125,14.3125,14.3125,4.564846038818359,2100
2000-06-12,14.25,14.3125,14.25,14.25,4.54490327835083,4500
2000-06-13,14.1875,14.25,14.1875,14.25,4.566051483154297,1100
2000-06-14,14.25,14.25,14.125,14.1875,4.546027660369873,7800
2000-06-15,14.125,14.125,14.125,14.125,4.525999546051025,100
2000-06-16,14.125,14.1875,14.125,14.1875,4.546027660369873,1800
2000-06-19,14.125,14.125,14.125,14.125,4.525999546051025,2500
2000-06-20,14.125,14.125,14.125,14.125,4.525999546051025,0
2000-06-21,14.125,14.25,14.125,14.125,4.525999546051025,2800
2000-06-22,14.25,14.25,14.1875,14.1875,4.546027660369873,4100
2000-06-23,14.1875,14.1875,14.1875,14.1875,4.546027660369873,300
2000-06-26,14.1875,14.1875,14.1875,14.1875,4.546027660369873,0
2000-06-27,14.1875,14.1875,14.1875,14.1875,4.546027660369873,0
2000-06-28,14.1875,14.1875,14.1875,14.1875,4.546027660369873,2600
2000-06-29,14.25,14.25,14.25,14.25,4.566051483154297,200
2000-06-30,14.25,14.375,14.25,14.3125,4.586084842681885,3900
2000-07-03,14.4375,14.4375,14.3125,14.4375,4.626133441925049,2000
2000-07-05,14.375,14.4375,14.375,14.375,4.606105327606201,3700
2000-07-06,14.375,14.4375,14.375,14.375,4.606105327606201,7200
2000-07-07,14.375,14.375,14.375,14.375,4.606105327606201,1500
2000-07-10,14.5,14.5,14.4375,14.4375,4.626133441925049,1900
2000-07-11,14.4375,14.4375,14.4375,14.4375,4.626133441925049,6000
2000-07-12,14.375,14.375,14.375,14.375,4.627264976501465,900
2000-07-13,14.375,14.375,14.375,14.375,4.627264976501465,5800
2000-07-14,14.3125,14.3125,14.25,14.3125,4.607144355773926,11400
2000-07-17,14.3125,14.3125,14.25,14.25,4.587023735046387,1900
2000-07-18,14.25,14.25,14.25,14.25,4.587023735046387,0
2000-07-19,14.25,14.375,14.25,14.375,4.627264976501465,6700
2000-07-20,14.3125,14.3125,14.3125,14.3125,4.607144355773926,1500
2000-07-21,14.375,14.375,14.3125,14.3125,4.607144355773926,9000
2000-07-24,14.25,14.3125,14.25,14.3125,4.607144355773926,4000
2000-07-25,14.25,14.25,14.25,14.25,4.587023735046387,300
2000-07-26,14.25,14.25,14.125,14.125,4.546786785125732,11000
2000-07-27,14.1875,14.1875,14.1875,14.1875,4.5669050216674805,500
2000-07-28,14.25,14.25,14.25,14.25,4.587023735046387,100
2000-07-31,14.1875,14.3125,14.1875,14.3125,4.607144355773926,5700
2000-08-01,14.375,14.375,14.25,14.25,4.587023735046387,3000
2000-08-02,14.3125,14.3125,14.25,14.3125,4.607144355773926,1600
2000-08-03,14.375,14.375,14.3125,14.3125,4.607144355773926,4100
2000-08-04,14.3125,14.375,14.3125,14.375,4.627264976501465,2400
2000-08-07,14.375,14.375,14.375,14.375,4.627264976501465,1900
2000-08-08,14.4375,14.5,14.375,14.4375,4.64738130569458,9700
2000-08-09,14.4375,14.4375,14.375,14.375,4.627264976501465,3600
2000-08-10,14.375,14.375,14.375,14.375,4.627264976501465,600
2000-08-11,14.375,14.375,14.375,14.375,4.648603439331055,6300
2000-08-14,14.5,14.5625,14.4375,14.4375,4.668817520141602,14900
2000-08-15,14.4375,14.4375,14.4375,14.4375,4.668817520141602,3000
2000-08-16,14.4375,14.625,14.4375,14.5625,4.709238052368164,6600
2000-08-17,14.5,14.5,14.5,14.5,4.689026355743408,1900
2000-08-18,14.5,14.5,14.5,14.5,4.689026355743408,5000
2000-08-21,14.5,14.5,14.5,14.5,4.689026355743408,2300
2000-08-22,14.5625,14.6875,14.4375,14.6875,4.749659061431885,9200
2000-08-23,14.75,14.75,14.625,14.625,4.729445457458496,5100
2000-08-24,14.625,14.625,14.625,14.625,4.729445457458496,0
2000-08-25,14.625,14.625,14.625,14.625,4.729445457458496,0
2000-08-28,14.5625,14.6875,14.5625,14.5625,4.709238052368164,4100
2000-08-29,14.5625,14.625,14.5625,14.5625,4.709238052368164,1300
2000-08-30,14.625,14.625,14.5,14.5,4.689026355743408,6600
2000-08-31,14.625,14.625,14.5625,14.5625,4.709238052368164,500
2000-09-01,14.625,14.6875,14.5625,14.5625,4.709238052368164,2100
2000-09-05,14.6875,14.75,14.6875,14.6875,4.749659061431885,11000
2000-09-06,14.75,14.75,14.75,14.75,4.769874095916748,200
2000-09-07,14.8125,14.875,14.8125,14.8125,4.7900824546813965,13600
2000-09-08,14.875,14.875,14.875,14.875,4.810296058654785,1400
2000-09-11,14.875,14.875,14.8125,14.8125,4.7900824546813965,6900
2000-09-12,14.875,14.875,14.8125,14.875,4.810296058654785,4100
2000-09-13,14.8125,14.9375,14.8125,14.875,4.831732273101807,8400
2000-09-14,14.9375,14.9375,14.8125,14.8125,4.811429977416992,1900
2000-09-15,14.75,14.75,14.6875,14.6875,4.770828723907471,8000
2000-09-18,14.75,14.75,14.6875,14.6875,4.770828723907471,1300
2000-09-19,14.625,14.625,14.625,14.625,4.750525951385498,2200
2000-09-20,14.6875,14.6875,14.625,14.625,4.750525951385498,800
2000-09-21,14.625,14.625,14.625,14.625,4.750525951385498,200
2000-09-22,14.625,14.625,14.5625,14.5625,4.730225563049316,5900
2000-09-25,14.5625,14.5625,14.4375,14.4375,4.689624786376953,6600
2000-09-26,14.4375,14.4375,14.4375,14.4375,4.689624786376953,4300
2000-09-27,14.4375,14.4375,14.375,14.375,4.669321060180664,2200
2000-09-28,14.4375,14.4375,14.375,14.375,4.669321060180664,2100
2000-09-29,14.4375,14.5,14.375,14.4375,4.689624786376953,4300
2000-10-02,14.5,14.5625,14.3125,14.3125,4.64901876449585,10900
2000-10-03,14.375,14.4375,14.25,14.25,4.62871789932251,10300
2000-10-04,14.25,14.3125,14.25,14.3125,4.64901876449585,1600
2000-10-05,14.3125,14.3125,14.3125,14.3125,4.64901876449585,1400
2000-10-06,14.25,14.25,14.125,14.125,4.58811616897583,4300
2000-10-09,14.125,14.125,14.125,14.125,4.58811616897583,0
2000-10-10,14.1875,14.1875,14.0625,14.0625,4.567815780639648,3600
2000-10-11,13.875,13.875,13.875,13.875,4.528162002563477,4400
2000-10-12,13.875,14.0,13.875,13.9375,4.548557758331299,2600
2000-10-13,13.875,13.875,13.875,13.875,4.528162002563477,700
2000-10-16,13.875,14.0,13.875,14.0,4.56895637512207,1200
2000-10-17,13.875,13.875,13.875,13.875,4.528162002563477,300
2000-10-18,13.9375,13.9375,13.9375,13.9375,4.548557758331299,200
2000-10-19,13.8125,13.875,13.75,13.75,4.487366199493408,5700
2000-10-20,13.6875,13.6875,13.375,13.5,4.405782222747803,22400
2000-10-23,13.5,13.5,13.4375,13.4375,4.385385513305664,2200
2000-10-24,13.5625,13.5625,13.4375,13.5,4.405782222747803,2200
2000-10-25,13.625,13.8125,13.625,13.75,4.487366199493408,18800
2000-10-26,13.8125,13.8125,13.625,13.625,4.446575164794922,7800
2000-10-27,13.625,13.625,13.625,13.625,4.446575164794922,1500
2000-10-30,13.875,13.875,13.6875,13.6875,4.466970443725586,2600
2000-10-31,13.6875,13.875,13.6875,13.8125,4.5077667236328125,11200
2000-11-01,13.8125,13.8125,13.8125,13.8125,4.5077667236328125,600
2000-11-02,13.9375,14.0625,13.8125,13.875,4.528162002563477,7400
2000-11-03,13.8125,14.0,13.8125,13.875,4.528162002563477,8300
2000-11-06,13.875,13.875,13.875,13.875,4.528162002563477,300
2000-11-07,13.875,13.875,13.875,13.875,4.528162002563477,800
2000-11-08,14.0,14.0,13.875,13.875,4.528162002563477,1700
2000-11-09,14.0,14.0,13.875,13.875,4.528162002563477,4000
2000-11-10,13.875,13.9375,13.875,13.9375,4.548557758331299,1700
2000-11-13,13.8125,13.8125,13.8125,13.8125,4.529214859008789,1000
2000-11-14,13.875,14.0,13.875,14.0,4.590695858001709,11200
2000-11-15,14.0,14.0,13.9375,14.0,4.590695858001709,7800
2000-11-16,13.9375,13.9375,13.8125,13.8125,4.529214859008789,4300
2000-11-17,13.875,13.875,13.875,13.875,4.5497050285339355,1400
2000-11-20,13.875,13.9375,13.8125,13.9375,4.570199966430664,7300
2000-11-21,13.875,13.9375,13.875,13.9375,4.570199966430664,500
2000-11-22,13.9375,13.9375,13.8125,13.8125,4.529214859008789,1600
2000-11-24,13.875,13.875,13.875,13.875,4.5497050285339355,400
2000-11-27,13.8125,13.875,13.8125,13.875,4.5497050285339355,3000
2000-11-28,13.875,13.875,13.875,13.875,4.5497050285339355,0
2000-11-29,13.8125,13.8125,13.6875,13.6875,4.488224983215332,11800
2000-11-30,13.625,13.75,13.625,13.75,4.5087175369262695,5500
2000-12-01,13.75,13.8125,13.6875,13.8125,4.529214859008789,9400
2000-12-04,13.875,14.0,13.875,14.0,4.590695858001709,12700
2000-12-05,14.0,14.0,13.875,13.875,4.5497050285339355,11100
2000-12-06,13.8125,13.9375,13.8125,13.9375,4.570199966430664,3200
2000-12-07,13.875,13.875,13.875,13.875,4.5497050285339355,400
2000-12-08,13.8125,13.8125,13.8125,13.8125,4.529214859008789,1100
2000-12-11,13.875,13.875,13.75,13.75,4.5087175369262695,5800
2000-12-12,13.75,13.9375,13.75,13.9375,4.570199966430664,9500
2000-12-13,13.75,13.9375,13.75,13.9375,4.59625244140625,6600
2000-12-14,13.8125,13.8125,13.8125,13.8125,4.555034160614014,400
2000-12-15,13.8125,13.875,13.6875,13.75,4.534420490264893,11000
2000-12-18,13.875,14.0,13.875,13.9375,4.59625244140625,4000
2000-12-19,14.0,14.0,13.875,13.875,4.575648784637451,6200
2000-12-20,13.875,14.0,13.8125,14.0,4.616868495941162,10100
2000-12-21,13.9375,13.9375,13.875,13.875,4.575648784637451,8000
2000-12-22,13.9375,13.9375,13.9375,13.9375,4.59625244140625,2000
2000-12-26,13.875,13.875,13.75,13.75,4.534420490264893,10300
2000-12-27,13.8125,14.0,13.8125,13.8125,4.555034160614014,25000
2000-12-28,13.8125,13.8125,13.75,13.75,4.534420490264893,11400
2000-12-29,13.8125,13.9375,13.75,13.9375,4.59625244140625,4800
2001-01-02,14.0,14.0,13.875,14.0,4.616868495941162,5300
2001-01-03,14.0625,14.25,14.0625,14.0625,4.637476921081543,10400
2001-01-04,14.1875,14.3125,14.125,14.3125,4.7199177742004395,11900
2001-01-05,14.3125,14.3125,14.25,14.25,4.699309349060059,4400
2001-01-08,14.3125,14.3125,14.3125,14.3125,4.7199177742004395,200
2001-01-09,14.5,14.5625,14.4375,14.5,4.781754016876221,8900
2001-01-10,14.5,14.6875,14.5,14.625,4.845026016235352,20100
2001-01-11,14.6875,14.75,14.625,14.6875,4.865732669830322,7200
2001-01-12,14.75,14.75,14.5625,14.5625,4.824322700500488,8100
2001-01-16,14.5625,14.6875,14.5625,14.6875,4.865732669830322,1600
2001-01-17,14.6875,14.75,14.6875,14.75,4.886436939239502,25600
2001-01-18,14.75,14.8125,14.625,14.625,4.845026016235352,19100
2001-01-19,14.5625,14.6875,14.5625,14.6875,4.865732669830322,5700
2001-01-22,14.5625,14.75,14.5625,14.625,4.845026016235352,12700
2001-01-23,14.625,14.6875,14.625,14.6875,4.865732669830322,4400
2001-01-24,14.75,14.75,14.6875,14.75,4.886436939239502,16600
2001-01-25,14.75,14.75,14.625,14.75,4.886436939239502,5200
2001-01-26,14.75,14.75,14.75,14.75,4.886436939239502,2600
2001-01-29,14.75,14.75,14.75,14.75,4.886436939239502,0
2001-01-30,14.800000190734863,14.819999694824219,14.800000190734863,14.819999694824219,4.909626483917236,2700
2001-01-31,14.819999694824219,14.930000305175781,14.819999694824219,14.899999618530273,4.936131000518799,13700
2001-02-01,14.920000076293945,14.930000305175781,14.90999984741211,14.90999984741211,4.939443111419678,1700
2001-02-02,14.920000076293945,14.920000076293945,14.920000076293945,14.920000076293945,4.9427571296691895,1100
2001-02-05,14.920000076293945,14.930000305175781,14.920000076293945,14.930000305175781,4.946069717407227,4600
2001-02-06,14.930000305175781,14.930000305175781,14.75,14.75,4.886436939239502,12000
2001-02-07,14.699999809265137,14.699999809265137,14.649999618530273,14.649999618530273,4.853307247161865,5000
2001-02-08,14.649999618530273,14.649999618530273,14.649999618530273,14.649999618530273,4.853307247161865,4400
2001-02-09,14.65999984741211,14.65999984741211,14.600000381469727,14.600000381469727,4.836746692657471,10700
2001-02-12,14.600000381469727,14.600000381469727,14.600000381469727,14.600000381469727,4.836746692657471,0
2001-02-13,14.5,14.5,14.40999984741211,14.40999984741211,4.795481204986572,11200
2001-02-14,14.449999809265137,14.479999542236328,14.40999984741211,14.479999542236328,4.818774700164795,5500
2001-02-15,14.479999542236328,14.5,14.420000076293945,14.4399995803833,4.805459976196289,9700
2001-02-16,14.449999809265137,14.619999885559082,14.449999809265137,14.619999885559082,4.8653645515441895,11600
2001-02-20,14.6899995803833,14.739999771118164,14.649999618530273,14.649999618530273,4.8753485679626465,5400
2001-02-21,14.680000305175781,14.680000305175781,14.5,14.5,4.825428485870361,4100
2001-02-22,14.600000381469727,14.680000305175781,14.600000381469727,14.680000305175781,4.8853349685668945,14600
2001-02-23,14.680000305175781,14.6899995803833,14.680000305175781,14.6899995803833,4.888661861419678,8500
2001-02-26,14.609999656677246,14.739999771118164,14.609999656677246,14.739999771118164,4.905300140380859,3100
2001-02-27,14.739999771118164,14.739999771118164,14.739999771118164,14.739999771118164,4.905300140380859,300
2001-02-28,14.739999771118164,14.75,14.699999809265137,14.699999809265137,4.891988754272461,4300
2001-03-01,14.739999771118164,14.800000190734863,14.739999771118164,14.800000190734863,4.925267219543457,5800
2001-03-02,14.8100004196167,14.84000015258789,14.8100004196167,14.819999694824219,4.9319233894348145,9600
2001-03-05,14.84000015258789,14.859999656677246,14.800000190734863,14.859999656677246,4.945236682891846,10400
2001-03-06,14.850000381469727,14.859999656677246,14.850000381469727,14.859999656677246,4.945236682891846,1800
2001-03-07,14.850000381469727,14.859999656677246,14.649999618530273,14.649999618530273,4.8753485679626465,11800
2001-03-08,14.699999809265137,14.75,14.600000381469727,14.600000381469727,4.858709335327148,7200
2001-03-09,14.5600004196167,14.5600004196167,14.5600004196167,14.5600004196167,4.845396041870117,6400
2001-03-12,14.510000228881836,14.619999885559082,14.5,14.5,4.825428485870361,9000
2001-03-13,14.430000305175781,14.430000305175781,14.399999618530273,14.420000076293945,4.820080280303955,1800
2001-03-14,14.420000076293945,14.539999961853027,14.420000076293945,14.5,4.846822261810303,20900
2001-03-15,14.449999809265137,14.449999809265137,14.399999618530273,14.449999809265137,4.830107688903809,2500
2001-03-16,14.5,14.5,14.399999618530273,14.399999618530273,4.8134002685546875,1300
2001-03-19,14.390000343322754,14.390000343322754,14.25,14.300000190734863,4.779972553253174,31900
2001-03-20,14.199999809265137,14.25,14.199999809265137,14.25,4.763256549835205,1300
2001-03-21,14.199999809265137,14.199999809265137,14.149999618530273,14.199999809265137,4.746548175811768,6300
2001-03-22,14.149999618530273,14.1899995803833,14.0600004196167,14.0600004196167,4.699742794036865,6500
2001-03-23,14.149999618530273,14.149999618530273,14.010000228881836,14.010000228881836,4.683035850524902,5600
2001-03-26,14.010000228881836,14.010000228881836,14.010000228881836,14.010000228881836,4.683035850524902,0
2001-03-27,13.949999809265137,13.949999809265137,13.75,13.800000190734863,4.6128363609313965,24400
2001-03-28,13.8100004196167,13.819999694824219,13.8100004196167,13.819999694824219,4.6195268630981445,700
2001-03-29,13.850000381469727,13.850000381469727,13.850000381469727,13.850000381469727,4.629555702209473,1700
2001-03-30,13.850000381469727,13.9399995803833,13.850000381469727,13.9399995803833,4.659633636474609,11100
2001-04-02,13.9399995803833,13.960000038146973,13.9399995803833,13.960000038146973,4.666320323944092,1500
2001-04-03,13.960000038146973,13.960000038146973,13.869999885559082,13.869999885559082,4.63623571395874,5700
2001-04-04,13.819999694824219,13.869999885559082,13.800000190734863,13.819999694824219,4.6195268630981445,20800
2001-04-05,13.819999694824219,13.930000305175781,13.819999694824219,13.930000305175781,4.656292915344238,12700
2001-04-06,13.880000114440918,13.949999809265137,13.859999656677246,13.949999809265137,4.662972450256348,10700
2001-04-09,13.970000267028809,14.0,13.949999809265137,13.949999809265137,4.662972450256348,7300
2001-04-10,13.890000343322754,13.989999771118164,13.890000343322754,13.949999809265137,4.6844658851623535,6900
2001-04-11,13.920000076293945,14.0,13.920000076293945,14.0,4.701258659362793,8900
2001-04-12,13.949999809265137,13.979999542236328,13.850000381469727,13.880000114440918,4.660966873168945,20800
2001-04-16,13.850000381469727,13.890000343322754,13.800000190734863,13.800000190734863,4.634096622467041,13100
2001-04-17,13.789999961853027,13.800000190734863,13.630000114440918,13.710000038146973,4.603875637054443,26300
2001-04-18,13.720000267028809,13.75,13.65999984741211,13.699999809265137,4.600521087646484,9800
2001-04-19,13.720000267028809,13.760000228881836,13.720000267028809,13.760000228881836,4.620668888092041,6800
2001-04-20,13.710000038146973,13.789999961853027,13.710000038146973,13.789999961853027,4.630737781524658,4100
2001-04-23,13.789999961853027,13.789999961853027,13.65999984741211,13.699999809265137,4.600521087646484,11400
2001-04-24,13.65999984741211,13.710000038146973,13.649999618530273,13.680000305175781,4.5938029289245605,15300
2001-04-25,13.699999809265137,13.75,13.670000076293945,13.670000076293945,4.590443134307861,13400
2001-04-26,13.670000076293945,13.720000267028809,13.609999656677246,13.609999656677246,4.570300102233887,13500
2001-04-27,13.609999656677246,13.699999809265137,13.609999656677246,13.699999809265137,4.600521087646484,3600
2001-04-30,13.699999809265137,13.779999732971191,13.699999809265137,13.779999732971191,4.627380847930908,6900
2001-05-01,13.779999732971191,13.789999961853027,13.779999732971191,13.789999961853027,4.630737781524658,2200
2001-05-02,13.850000381469727,13.960000038146973,13.850000381469727,13.859999656677246,4.65424919128418,10400
2001-05-03,13.869999885559082,14.0,13.869999885559082,13.949999809265137,4.6844658851623535,10200
2001-05-04,14.0,14.010000228881836,14.0,14.010000228881836,4.704619884490967,7000
2001-05-07,14.039999961853027,14.0600004196167,14.039999961853027,14.0600004196167,4.721404552459717,700
2001-05-08,14.069999694824219,14.109999656677246,14.069999694824219,14.100000381469727,4.734841823577881,6600
2001-05-09,14.100000381469727,14.109999656677246,14.100000381469727,14.109999656677246,4.73819637298584,3200
2001-05-10,14.149999618530273,14.5,14.149999618530273,14.40999984741211,4.838940143585205,20100
2001-05-11,14.399999618530273,14.399999618530273,14.350000381469727,14.350000381469727,4.840287208557129,2000
2001-05-14,14.34000015258789,14.399999618530273,14.34000015258789,14.399999618530273,4.857156753540039,9000
2001-05-15,14.350000381469727,14.390000343322754,14.329999923706055,14.390000343322754,4.85378360748291,7500
2001-05-16,14.399999618530273,14.520000457763672,14.399999618530273,14.520000457763672,4.897629261016846,9700
2001-05-17,14.5600004196167,14.579999923706055,14.430000305175781,14.430000305175781,4.867269992828369,9100
2001-05-18,14.420000076293945,14.430000305175781,14.390000343322754,14.390000343322754,4.85378360748291,3000
2001-05-21,14.399999618530273,14.420000076293945,14.399999618530273,14.420000076293945,4.863898754119873,300
2001-05-22,14.399999618530273,14.430000305175781,14.380000114440918,14.430000305175781,4.867269992828369,6800
2001-05-23,14.399999618530273,14.399999618530273,14.34000015258789,14.34000015258789,4.836914539337158,1600
2001-05-24,14.380000114440918,14.399999618530273,14.300000190734863,14.300000190734863,4.823429107666016,7400
2001-05-25,14.350000381469727,14.350000381469727,14.350000381469727,14.350000381469727,4.840287208557129,1400
2001-05-29,14.289999961853027,14.289999961853027,14.289999961853027,14.289999961853027,4.820053577423096,800
2001-05-30,14.380000114440918,14.380000114440918,14.380000114440918,14.380000114440918,4.850410461425781,2700
2001-05-31,14.380000114440918,14.390000343322754,14.300000190734863,14.300000190734863,4.823429107666016,8800
2001-06-01,14.319999694824219,14.319999694824219,14.270000457763672,14.270000457763672,4.813303470611572,1900
2001-06-04,14.319999694824219,14.329999923706055,14.140000343322754,14.300000190734863,4.823429107666016,15100
2001-06-05,14.319999694824219,14.329999923706055,14.319999694824219,14.329999923706055,4.83354377746582,2100
2001-06-06,14.279999732971191,14.329999923706055,14.279999732971191,14.329999923706055,4.83354377746582,700
2001-06-07,14.300000190734863,14.350000381469727,14.300000190734863,14.319999694824219,4.8301682472229,15200
2001-06-08,14.300000190734863,14.350000381469727,14.25,14.350000381469727,4.840287208557129,4400
2001-06-11,14.300000190734863,14.380000114440918,14.300000190734863,14.380000114440918,4.850410461425781,5500
2001-06-12,14.390000343322754,14.390000343322754,14.390000343322754,14.390000343322754,4.85378360748291,2000
2001-06-13,14.390000343322754,14.420000076293945,14.369999885559082,14.369999885559082,4.868691444396973,6100
2001-06-14,14.369999885559082,14.369999885559082,14.270000457763672,14.270000457763672,4.834805965423584,7300
2001-06-15,14.260000228881836,14.319999694824219,14.260000228881836,14.270000457763672,4.834805965423584,3000
2001-06-18,14.319999694824219,14.329999923706055,14.300000190734863,14.329999923706055,4.855137348175049,4100
2001-06-19,14.300000190734863,14.34000015258789,14.260000228881836,14.300000190734863,4.844976425170898,1800
2001-06-20,14.319999694824219,14.34000015258789,14.300000190734863,14.300000190734863,4.844976425170898,7900
2001-06-21,14.279999732971191,14.279999732971191,14.260000228881836,14.260000228881836,4.831420421600342,3000
2001-06-22,14.270000457763672,14.270000457763672,14.149999618530273,14.180000305175781,4.804317474365234,12300
2001-06-25,14.180000305175781,14.220000267028809,14.180000305175781,14.199999809265137,4.811093807220459,4600
2001-06-26,14.25,14.319999694824219,14.25,14.319999694824219,4.851746559143066,5800
2001-06-27,14.329999923706055,14.329999923706055,14.300000190734863,14.300000190734863,4.844976425170898,1600
2001-06-28,14.350000381469727,14.430000305175781,14.350000381469727,14.399999618530273,4.878855228424072,16500
2001-06-29,14.40999984741211,14.40999984741211,14.369999885559082,14.399999618530273,4.878855228424072,6600
2001-07-02,14.399999618530273,14.4399995803833,14.279999732971191,14.300000190734863,4.844976425170898,17900
2001-07-03,14.420000076293945,14.420000076293945,14.380000114440918,14.380000114440918,4.872079849243164,13300
2001-07-05,14.399999618530273,14.470000267028809,14.399999618530273,14.470000267028809,4.9025702476501465,2100
2001-07-06,14.470000267028809,14.529999732971191,14.470000267028809,14.5,4.9127349853515625,3400
2001-07-09,14.59000015258789,14.59000015258789,14.59000015258789,14.59000015258789,4.943222999572754,600
2001-07-10,14.5,14.5600004196167,14.5,14.5600004196167,4.933060169219971,13800
2001-07-11,14.5,14.5600004196167,14.479999542236328,14.520000457763672,4.941227912902832,10800
2001-07-12,14.5,14.520000457763672,14.479999542236328,14.5,4.934424877166748,6000
2001-07-13,14.479999542236328,14.479999542236328,14.359999656677246,14.359999656677246,4.886783123016357,12000
2001-07-16,14.319999694824219,14.319999694824219,14.210000038146973,14.210000038146973,4.835737705230713,25100
2001-07-17,14.1899995803833,14.239999771118164,14.15999984741211,14.239999771118164,4.845948219299316,9800
2001-07-18,14.239999771118164,14.239999771118164,14.239999771118164,14.239999771118164,4.845948219299316,0
2001-07-19,14.239999771118164,14.239999771118164,14.170000076293945,14.170000076293945,4.8221259117126465,7400
2001-07-20,14.170000076293945,14.239999771118164,14.170000076293945,14.239999771118164,4.845948219299316,5600
2001-07-23,14.239999771118164,14.239999771118164,14.15999984741211,14.239999771118164,4.845948219299316,3000
2001-07-24,14.170000076293945,14.210000038146973,14.170000076293945,14.210000038146973,4.835737705230713,2600
2001-07-25,14.239999771118164,14.239999771118164,14.149999618530273,14.239999771118164,4.845948219299316,16700
2001-07-26,14.239999771118164,14.25,14.239999771118164,14.25,4.84934663772583,14000
2001-07-27,14.199999809265137,14.239999771118164,14.199999809265137,14.229999542236328,4.842540264129639,4300
2001-07-30,14.239999771118164,14.300000190734863,14.239999771118164,14.300000190734863,4.866366386413574,7000
2001-07-31,14.300000190734863,14.3100004196167,14.25,14.300000190734863,4.866366386413574,11500
2001-08-01,14.3100004196167,14.350000381469727,14.3100004196167,14.350000381469727,4.883378505706787,3500
2001-08-02,14.359999656677246,14.430000305175781,14.34000015258789,14.34000015258789,4.879973888397217,12500
2001-08-03,14.34000015258789,14.34000015258789,14.34000015258789,14.34000015258789,4.879973888397217,3500
2001-08-06,14.34000015258789,14.34000015258789,14.25,14.329999923706055,4.876572132110596,14300
2001-08-07,14.329999923706055,14.34000015258789,14.329999923706055,14.34000015258789,4.879973888397217,5300
2001-08-08,14.260000228881836,14.34000015258789,14.260000228881836,14.289999961853027,4.8629631996154785,16700
2001-08-09,14.34000015258789,14.34000015258789,14.3100004196167,14.34000015258789,4.879973888397217,2200
2001-08-10,14.3100004196167,14.4399995803833,14.3100004196167,14.4399995803833,4.914002895355225,8600
2001-08-13,14.4399995803833,14.489999771118164,14.399999618530273,14.489999771118164,4.95297384262085,23700
2001-08-14,14.449999809265137,14.489999771118164,14.449999809265137,14.489999771118164,4.95297384262085,1100
2001-08-15,14.5,14.550000190734863,14.5,14.550000190734863,4.97348165512085,9800
2001-08-16,14.529999732971191,14.569999694824219,14.529999732971191,14.569999694824219,4.980318069458008,5600
2001-08-17,14.529999732971191,14.5600004196167,14.529999732971191,14.5600004196167,4.976898670196533,2500
2001-08-20,14.529999732971191,14.619999885559082,14.5,14.619999885559082,4.997412204742432,7800
2001-08-21,14.600000381469727,14.640000343322754,14.600000381469727,14.600000381469727,4.990572929382324,8100
2001-08-22,14.640000343322754,14.640000343322754,14.59000015258789,14.600000381469727,4.990572929382324,16200
2001-08-23,14.600000381469727,14.65999984741211,14.550000190734863,14.550000190734863,4.97348165512085,10900
2001-08-24,14.550000190734863,14.65999984741211,14.550000190734863,14.65999984741211,5.011086463928223,6100
2001-08-27,14.600000381469727,14.680000305175781,14.600000381469727,14.680000305175781,5.017923355102539,7100
2001-08-28,14.680000305175781,14.720000267028809,14.680000305175781,14.720000267028809,5.03159236907959,5600
2001-08-29,14.720000267028809,14.779999732971191,14.680000305175781,14.720000267028809,5.03159236907959,19300
2001-08-30,14.699999809265137,14.720000267028809,14.699999809265137,14.720000267028809,5.03159236907959,800
2001-08-31,14.720000267028809,14.770000457763672,14.710000038146973,14.710000038146973,5.028171062469482,6300
2001-09-04,14.779999732971191,14.779999732971191,14.699999809265137,14.710000038146973,5.028171062469482,3700
2001-09-05,14.770000457763672,14.829999923706055,14.760000228881836,14.800000190734863,5.0589375495910645,15300
2001-09-06,14.779999732971191,14.829999923706055,14.779999732971191,14.789999961853027,5.055518627166748,2100
2001-09-07,14.779999732971191,14.789999961853027,14.729999542236328,14.729999542236328,5.035011291503906,4900
2001-09-10,14.729999542236328,14.779999732971191,14.720000267028809,14.779999732971191,5.052097797393799,4400
2001-09-17,14.699999809265137,14.789999961853027,14.630000114440918,14.699999809265137,5.024755954742432,9300
2001-09-18,14.609999656677246,14.6899995803833,14.609999656677246,14.649999618530273,5.007662296295166,12300
2001-09-19,14.65999984741211,14.65999984741211,14.449999809265137,14.5,4.95639181137085,8300
2001-09-20,14.550000190734863,14.579999923706055,14.329999923706055,14.329999923706055,4.8982834815979,11900
2001-09-21,14.25,14.25,13.699999809265137,13.899999618530273,4.751297473907471,18400
2001-09-24,13.850000381469727,13.979999542236328,13.850000381469727,13.930000305175781,4.761555194854736,6600
2001-09-25,14.029999732971191,14.050000190734863,13.949999809265137,13.979999542236328,4.77864408493042,19600
2001-09-26,14.029999732971191,14.199999809265137,14.0,14.100000381469727,4.81966495513916,9800
2001-09-27,14.109999656677246,14.180000305175781,14.109999656677246,14.109999656677246,4.823079586029053,1500
2001-09-28,14.130000114440918,14.279999732971191,14.130000114440918,14.1899995803833,4.850429534912109,11400
2001-10-01,14.289999961853027,14.529999732971191,14.289999961853027,14.479999542236328,4.94955587387085,11000
2001-10-02,14.550000190734863,14.739999771118164,14.550000190734863,14.710000038146973,5.028171062469482,6800
2001-10-03,14.720000267028809,14.75,14.680000305175781,14.710000038146973,5.028171062469482,5500
2001-10-04,14.710000038146973,14.720000267028809,14.609999656677246,14.609999656677246,4.993988513946533,17400
2001-10-05,14.609999656677246,14.680000305175781,14.609999656677246,14.619999885559082,4.997412204742432,5700
2001-10-08,14.609999656677246,14.770000457763672,14.609999656677246,14.720000267028809,5.03159236907959,10000
2001-10-09,14.699999809265137,14.739999771118164,14.65999984741211,14.65999984741211,5.011086463928223,11400
2001-10-10,14.699999809265137,14.699999809265137,14.649999618530273,14.699999809265137,5.024755954742432,5100
2001-10-11,14.640000343322754,14.729999542236328,14.600000381469727,14.649999618530273,5.029559135437012,9500
2001-10-12,14.649999618530273,14.729999542236328,14.619999885559082,14.619999885559082,5.0192646980285645,4300
2001-10-15,14.619999885559082,14.619999885559082,14.600000381469727,14.609999656677246,5.015829086303711,1800
2001-10-16,14.619999885559082,14.619999885559082,14.539999961853027,14.539999961853027,4.991799831390381,5200
2001-10-17,14.59000015258789,14.600000381469727,14.550000190734863,14.550000190734863,4.995231628417969,3500
2001-10-18,14.510000228881836,14.510000228881836,14.4399995803833,14.449999809265137,4.960896015167236,13000
2001-10-19,14.489999771118164,14.539999961853027,14.4399995803833,14.4399995803833,4.957462310791016,7500
2001-10-22,14.4399995803833,14.449999809265137,14.430000305175781,14.430000305175781,4.954028129577637,3800
2001-10-23,14.470000267028809,14.649999618530273,14.449999809265137,14.569999694824219,5.002096652984619,21800
2001-10-24,14.539999961853027,14.59000015258789,14.4399995803833,14.4399995803833,4.957462310791016,7700
2001-10-25,14.449999809265137,14.449999809265137,14.399999618530273,14.40999984741211,4.947166442871094,6300
2001-10-26,14.390000343322754,14.390000343322754,14.390000343322754,14.390000343322754,4.940303325653076,200
2001-10-29,14.4399995803833,14.479999542236328,14.390000343322754,14.449999809265137,4.960896015167236,12700
2001-10-30,14.460000038146973,14.550000190734863,14.449999809265137,14.5,4.978065013885498,12800
2001-10-31,14.5600004196167,14.5600004196167,14.5,14.529999732971191,4.9883646965026855,5900
2001-11-01,14.550000190734863,14.680000305175781,14.550000190734863,14.680000305175781,5.039863586425781,11900
2001-11-02,14.729999542236328,14.760000228881836,14.720000267028809,14.729999542236328,5.05702543258667,4800
2001-11-05,14.720000267028809,14.800000190734863,14.720000267028809,14.800000190734863,5.081060886383057,5600
2001-11-06,14.75,14.779999732971191,14.75,14.779999732971191,5.074188709259033,5200
2001-11-07,14.800000190734863,14.800000190734863,14.600000381469727,14.609999656677246,5.015829086303711,16000
2001-11-08,14.65999984741211,14.65999984741211,14.630000114440918,14.630000114440918,5.022695541381836,2700
2001-11-09,14.609999656677246,14.6899995803833,14.609999656677246,14.6899995803833,5.0432963371276855,1900
2001-11-12,14.729999542236328,14.739999771118164,14.619999885559082,14.720000267028809,5.053595066070557,7600
2001-11-13,14.699999809265137,14.800000190734863,14.680000305175781,14.800000190734863,5.103245258331299,7800
2001-11-14,14.789999961853027,14.800000190734863,14.789999961853027,14.800000190734863,5.103245258331299,2700
2001-11-15,14.859999656677246,14.859999656677246,14.8100004196167,14.850000381469727,5.120487689971924,8100
2001-11-16,14.84000015258789,14.850000381469727,14.789999961853027,14.819999694824219,5.1101460456848145,10300
2001-11-19,14.84000015258789,14.850000381469727,14.84000015258789,14.84000015258789,5.117041110992432,2400
2001-11-20,14.84000015258789,14.850000381469727,14.789999961853027,14.789999961853027,5.099795818328857,6900
2001-11-21,14.800000190734863,14.84000015258789,14.800000190734863,14.84000015258789,5.117041110992432,1600
2001-11-23,14.819999694824219,14.819999694824219,14.789999961853027,14.789999961853027,5.099795818328857,3000
2001-11-26,14.789999961853027,14.789999961853027,14.75,14.75,5.086003303527832,2000
2001-11-27,14.800000190734863,14.800000190734863,14.75,14.800000190734863,5.103245258331299,7400
2001-11-28,14.800000190734863,14.800000190734863,14.800000190734863,14.800000190734863,5.103245258331299,1100
2001-11-29,14.819999694824219,14.819999694824219,14.8100004196167,14.8100004196167,5.10669469833374,1700
2001-11-30,14.819999694824219,14.90999984741211,14.819999694824219,14.859999656677246,5.123934745788574,10000
2001-12-03,14.899999618530273,14.920000076293945,14.850000381469727,14.850000381469727,5.120487689971924,3500
2001-12-04,14.890000343322754,15.0,14.890000343322754,14.920000076293945,5.144620895385742,16200
2001-12-05,14.90999984741211,15.0,14.890000343322754,14.899999618530273,5.137730121612549,4800
2001-12-06,14.949999809265137,14.989999771118164,14.899999618530273,14.899999618530273,5.137730121612549,3000
2001-12-07,14.949999809265137,14.949999809265137,14.880000114440918,14.890000343322754,5.134281635284424,4700
2001-12-10,14.90999984741211,14.949999809265137,14.890000343322754,14.90999984741211,5.14117431640625,9700
2001-12-11,14.960000038146973,14.960000038146973,14.869999885559082,14.899999618530273,5.137730121612549,5900
2001-12-12,14.829999923706055,14.930000305175781,14.829999923706055,14.880000114440918,5.1529645919799805,5700
2001-12-13,14.930000305175781,14.9399995803833,14.890000343322754,14.9399995803833,5.173745155334473,1800
2001-12-14,14.880000114440918,14.880000114440918,14.699999809265137,14.829999923706055,5.135649681091309,21800
2001-12-17,14.819999694824219,14.84000015258789,14.800000190734863,14.800000190734863,5.125258445739746,3400
2001-12-18,14.760000228881836,14.789999961853027,14.720000267028809,14.760000228881836,5.111410140991211,5000
2001-12-19,14.729999542236328,14.760000228881836,14.710000038146973,14.720000267028809,5.097558498382568,8000
2001-12-20,14.699999809265137,14.760000228881836,14.65999984741211,14.65999984741211,5.076780319213867,2300
2001-12-21,14.65999984741211,14.65999984741211,14.65999984741211,14.65999984741211,5.076780319213867,0
2001-12-24,14.640000343322754,14.640000343322754,14.619999885559082,14.619999885559082,5.062923431396484,3000
2001-12-26,14.600000381469727,14.600000381469727,14.5600004196167,14.5600004196167,5.04215145111084,3000
2001-12-27,14.609999656677246,14.640000343322754,14.5,14.5,5.021371364593506,6800
2001-12-28,14.550000190734863,14.5600004196167,14.5,14.539999961853027,5.035222053527832,5800
2001-12-31,14.59000015258789,14.640000343322754,14.59000015258789,14.600000381469727,5.056000232696533,3700
2002-01-02,14.600000381469727,14.649999618530273,14.600000381469727,14.649999618530273,5.073317527770996,500
2002-01-03,14.600000381469727,14.819999694824219,14.600000381469727,14.680000305175781,5.083704948425293,20900
2002-01-04,14.619999885559082,14.710000038146973,14.619999885559082,14.619999885559082,5.062923431396484,8000
2002-01-07,14.649999618530273,14.6899995803833,14.649999618530273,14.65999984741211,5.076780319213867,4500
2002-01-08,14.710000038146973,14.729999542236328,14.670000076293945,14.729999542236328,5.101017475128174,1600
2002-01-09,14.739999771118164,14.84000015258789,14.739999771118164,14.84000015258789,5.1391143798828125,9600
2002-01-10,14.869999885559082,14.899999618530273,14.850000381469727,14.850000381469727,5.142574310302734,3800
2002-01-11,14.800000190734863,14.920000076293945,14.800000190734863,14.90999984741211,5.185703277587891,6100
2002-01-14,14.920000076293945,14.920000076293945,14.899999618530273,14.899999618530273,5.182224750518799,900
2002-01-15,14.899999618530273,14.899999618530273,14.899999618530273,14.899999618530273,5.182224750518799,700
2002-01-16,14.920000076293945,14.920000076293945,14.890000343322754,14.890000343322754,5.178749084472656,8200
2002-01-17,14.84000015258789,14.869999885559082,14.8100004196167,14.829999923706055,5.157881259918213,2700
2002-01-18,14.829999923706055,14.829999923706055,14.829999923706055,14.829999923706055,5.157881259918213,0
2002-01-22,14.850000381469727,14.930000305175781,14.850000381469727,14.850000381469727,5.164832592010498,5500
2002-01-23,14.899999618530273,14.90999984741211,14.869999885559082,14.90999984741211,5.185703277587891,2900
2002-01-24,14.90999984741211,14.90999984741211,14.880000114440918,14.880000114440918,5.175272464752197,1600
2002-01-25,14.90999984741211,14.90999984741211,14.800000190734863,14.84000015258789,5.161357879638672,7200
2002-01-28,14.800000190734863,14.800000190734863,14.800000190734863,14.800000190734863,5.147447109222412,800
2002-01-29,14.850000381469727,14.899999618530273,14.850000381469727,14.899999618530273,5.182224750518799,2000
2002-01-30,14.899999618530273,14.899999618530273,14.800000190734863,14.800000190734863,5.147447109222412,12600
2002-01-31,14.829999923706055,14.850000381469727,14.800000190734863,14.850000381469727,5.164832592010498,1900
2002-02-01,14.859999656677246,14.920000076293945,14.84000015258789,14.90999984741211,5.185703277587891,7800
2002-02-04,14.920000076293945,14.930000305175781,14.920000076293945,14.930000305175781,5.192660331726074,4800
2002-02-05,14.930000305175781,14.930000305175781,14.890000343322754,14.920000076293945,5.189186096191406,7400
2002-02-06,14.930000305175781,14.9399995803833,14.90999984741211,14.930000305175781,5.192660331726074,6600
2002-02-07,14.949999809265137,15.0,14.949999809265137,15.0,5.217011451721191,6500
2002-02-08,14.949999809265137,14.949999809265137,14.930000305175781,14.949999809265137,5.199615001678467,13100
2002-02-11,14.960000038146973,14.960000038146973,14.949999809265137,14.949999809265137,5.199615001678467,600
2002-02-12,14.949999809265137,14.949999809265137,14.949999809265137,14.949999809265137,5.199615001678467,300
2002-02-13,14.850000381469727,14.850000381469727,14.800000190734863,14.800000190734863,5.169574737548828,6800
2002-02-14,14.850000381469727,14.850000381469727,14.789999961853027,14.800000190734863,5.169574737548828,4100
2002-02-15,14.850000381469727,14.850000381469727,14.779999732971191,14.789999961853027,5.166082859039307,2200
2002-02-19,14.84000015258789,14.84000015258789,14.829999923706055,14.829999923706055,5.180057525634766,1100
2002-02-20,14.850000381469727,15.0,14.850000381469727,15.0,5.23943567276001,24500
2002-02-21,14.949999809265137,14.979999542236328,14.930000305175781,14.979999542236328,5.232449054718018,15400
2002-02-22,14.989999771118164,15.0,14.989999771118164,15.0,5.23943567276001,1300
2002-02-25,14.979999542236328,15.0,14.869999885559082,14.9399995803833,5.218477725982666,17900
2002-02-26,14.90999984741211,14.920000076293945,14.899999618530273,14.920000076293945,5.211490154266357,2000
2002-02-27,14.920000076293945,14.920000076293945,14.899999618530273,14.899999618530273,5.204509735107422,3300
2002-02-28,14.920000076293945,14.920000076293945,14.819999694824219,14.819999694824219,5.176564693450928,4000
2002-03-01,14.869999885559082,14.880000114440918,14.800000190734863,14.829999923706055,5.180057525634766,3100
2002-03-04,14.850000381469727,14.920000076293945,14.850000381469727,14.920000076293945,5.211490154266357,6400
2002-03-05,14.920000076293945,14.920000076293945,14.800000190734863,14.800000190734863,5.169574737548828,13200
2002-03-06,14.850000381469727,14.890000343322754,14.850000381469727,14.850000381469727,5.187041759490967,2600
2002-03-07,14.899999618530273,14.899999618530273,14.760000228881836,14.829999923706055,5.180057525634766,5500
2002-03-08,14.800000190734863,14.800000190734863,14.800000190734863,14.800000190734863,5.169574737548828,1800
2002-03-11,14.8100004196167,14.8100004196167,14.75,14.789999961853027,5.166082859039307,4700
2002-03-12,14.75,14.850000381469727,14.75,14.779999732971191,5.162591457366943,4500
2002-03-13,14.720000267028809,14.760000228881836,14.720000267028809,14.760000228881836,5.178024768829346,1100
2002-03-14,14.75,14.75,14.65999984741211,14.65999984741211,5.142947196960449,3500
2002-03-15,14.720000267028809,14.800000190734863,14.65999984741211,14.65999984741211,5.142947196960449,17600
2002-03-18,14.609999656677246,14.609999656677246,14.399999618530273,14.4399995803833,5.06576681137085,13500
2002-03-19,14.390000343322754,14.390000343322754,14.300000190734863,14.300000190734863,5.016650199890137,3700
2002-03-20,14.300000190734863,14.300000190734863,14.09000015258789,14.180000305175781,4.974550724029541,7200
2002-03-21,14.199999809265137,14.199999809265137,14.09000015258789,14.1899995803833,4.978062629699707,4600
2002-03-22,14.140000343322754,14.180000305175781,14.140000343322754,14.180000305175781,4.974550724029541,700
2002-03-25,14.130000114440918,14.130000114440918,14.039999961853027,14.069999694824219,4.935961723327637,5200
2002-03-26,14.130000114440918,14.1899995803833,14.100000381469727,14.1899995803833,4.978062629699707,4400
2002-03-27,14.1899995803833,14.220000267028809,14.170000076293945,14.180000305175781,4.974550724029541,3600
2002-03-28,14.1899995803833,14.25,14.149999618530273,14.25,4.999113082885742,17000
2002-04-01,14.25,14.380000114440918,14.25,14.380000114440918,5.044716835021973,5200
2002-04-02,14.399999618530273,14.460000038146973,14.399999618530273,14.460000038146973,5.072781085968018,5400
2002-04-03,14.460000038146973,14.529999732971191,14.460000038146973,14.529999732971191,5.097336769104004,5200
2002-04-04,14.529999732971191,14.600000381469727,14.399999618530273,14.520000457763672,5.093832492828369,16800
2002-04-05,14.470000267028809,14.470000267028809,14.430000305175781,14.449999809265137,5.069273948669434,2300
2002-04-08,14.40999984741211,14.40999984741211,14.399999618530273,14.399999618530273,5.051735877990723,3000
2002-04-09,14.5,14.5,14.5,14.5,5.0868120193481445,10000
2002-04-10,14.5,14.5,14.449999809265137,14.449999809265137,5.069273948669434,4900
2002-04-11,14.449999809265137,14.449999809265137,14.350000381469727,14.399999618530273,5.0742106437683105,6100
2002-04-12,14.350000381469727,14.380000114440918,14.329999923706055,14.380000114440918,5.067160129547119,5200
2002-04-15,14.399999618530273,14.399999618530273,14.399999618530273,14.399999618530273,5.0742106437683105,1500
2002-04-16,14.350000381469727,14.449999809265137,14.350000381469727,14.449999809265137,5.091825485229492,7900
2002-04-17,14.479999542236328,14.479999542236328,14.399999618530273,14.399999618530273,5.0742106437683105,3600
2002-04-18,14.369999885559082,14.420000076293945,14.369999885559082,14.420000076293945,5.081255912780762,900
2002-04-19,14.420000076293945,14.460000038146973,14.420000076293945,14.430000305175781,5.084778308868408,4100
2002-04-22,14.380000114440918,14.380000114440918,14.329999923706055,14.329999923706055,5.049539566040039,2500
2002-04-23,14.369999885559082,14.369999885559082,14.300000190734863,14.3100004196167,5.042492866516113,4000
2002-04-24,14.289999961853027,14.289999961853027,14.25,14.25,5.021352291107178,2400
2002-04-25,14.25,14.319999694824219,14.210000038146973,14.319999694824219,5.046016216278076,5800
2002-04-26,14.25,14.399999618530273,14.220000267028809,14.399999618530273,5.0742106437683105,6300
2002-04-29,14.350000381469727,14.40999984741211,14.350000381469727,14.399999618530273,5.0742106437683105,3000
2002-04-30,14.399999618530273,14.449999809265137,14.359999656677246,14.449999809265137,5.091825485229492,4100
2002-05-01,14.449999809265137,14.579999923706055,14.449999809265137,14.579999923706055,5.137636184692383,6700
2002-05-02,14.600000381469727,14.619999885559082,14.600000381469727,14.619999885559082,5.151731967926025,1300
2002-05-03,14.529999732971191,14.529999732971191,14.529999732971191,14.529999732971191,5.120013236999512,1500
2002-05-06,14.529999732971191,14.529999732971191,14.529999732971191,14.529999732971191,5.120013236999512,900
2002-05-07,14.510000228881836,14.65999984741211,14.5,14.609999656677246,5.148205280303955,6100
2002-05-08,14.65999984741211,14.739999771118164,14.609999656677246,14.739999771118164,5.194016456604004,4200
2002-05-09,14.6899995803833,14.75,14.6899995803833,14.75,5.1975417137146,1600
2002-05-10,14.75,14.779999732971191,14.720000267028809,14.75,5.1975417137146,5900
2002-05-13,14.6899995803833,14.859999656677246,14.6899995803833,14.859999656677246,5.259118556976318,4600
2002-05-14,14.8100004196167,14.8100004196167,14.670000076293945,14.739999771118164,5.216648101806641,9900
2002-05-15,14.729999542236328,14.729999542236328,14.729999542236328,14.729999542236328,5.213109970092773,2000
2002-05-16,14.779999732971191,14.920000076293945,14.779999732971191,14.920000076293945,5.280354976654053,13600
2002-05-17,14.960000038146973,15.0,14.899999618530273,15.0,5.308667182922363,12700
2002-05-20,14.949999809265137,14.979999542236328,14.949999809265137,14.979999542236328,5.3015851974487305,800
2002-05-21,14.989999771118164,15.0,14.989999771118164,14.989999771118164,5.305126667022705,13600
2002-05-22,15.0,15.0,14.899999618530273,14.899999618530273,5.27327823638916,3000
2002-05-23,14.949999809265137,14.949999809265137,14.899999618530273,14.899999618530273,5.27327823638916,2200
2002-05-24,14.920000076293945,14.920000076293945,14.800000190734863,14.800000190734863,5.237880229949951,4400
2002-05-28,14.84000015258789,14.880000114440918,14.800000190734863,14.880000114440918,5.266195774078369,4600
2002-05-29,14.829999923706055,14.829999923706055,14.699999809265137,14.710000038146973,5.206029415130615,9300
2002-05-30,14.760000228881836,14.760000228881836,14.760000228881836,14.760000228881836,5.223729133605957,600
2002-05-31,14.800000190734863,14.800000190734863,14.800000190734863,14.800000190734863,5.237880229949951,1400
2002-06-03,14.800000190734863,14.819999694824219,14.699999809265137,14.819999694824219,5.244962692260742,11400
2002-06-04,14.84000015258789,14.960000038146973,14.789999961853027,14.899999618530273,5.27327823638916,7900
2002-06-05,14.899999618530273,14.899999618530273,14.899999618530273,14.899999618530273,5.27327823638916,0
2002-06-06,14.899999618530273,14.960000038146973,14.899999618530273,14.960000038146973,5.29450798034668,1600
2002-06-07,14.970000267028809,14.979999542236328,14.949999809265137,14.949999809265137,5.290974140167236,3200
2002-06-10,14.949999809265137,14.949999809265137,14.949999809265137,14.949999809265137,5.290974140167236,2000
2002-06-11,14.930000305175781,14.949999809265137,14.930000305175781,14.930000305175781,5.2838921546936035,5300
2002-06-12,14.859999656677246,14.899999618530273,14.859999656677246,14.880000114440918,5.2888665199279785,13700
2002-06-13,14.899999618530273,14.899999618530273,14.880000114440918,14.880000114440918,5.2888665199279785,11200
2002-06-14,14.930000305175781,14.979999542236328,14.930000305175781,14.9399995803833,5.310191631317139,5800
2002-06-17,14.979999542236328,15.050000190734863,14.979999542236328,15.050000190734863,5.34929084777832,11200
2002-06-18,15.25,15.25,15.09000015258789,15.119999885559082,5.37417459487915,9600
2002-06-19,15.100000381469727,15.100000381469727,14.979999542236328,14.979999542236328,5.3244123458862305,20300
2002-06-20,15.0,15.100000381469727,15.0,15.100000381469727,5.367065906524658,6900
2002-06-21,15.149999618530273,15.5,15.149999618530273,15.350000381469727,5.4559245109558105,13000
2002-06-24,15.350000381469727,15.430000305175781,15.350000381469727,15.380000114440918,5.4665846824646,4700
2002-06-25,15.380000114440918,15.380000114440918,15.350000381469727,15.369999885559082,5.463028907775879,9100
2002-06-26,15.329999923706055,15.329999923706055,15.329999923706055,15.329999923706055,5.448817253112793,400
2002-06-27,15.380000114440918,15.479999542236328,15.380000114440918,15.479999542236328,5.502123832702637,2400
2002-06-28,15.420000076293945,15.600000381469727,15.420000076293945,15.5,5.50924015045166,8000
2002-07-01,15.550000190734863,15.649999618530273,15.550000190734863,15.649999618530273,5.562551498413086,2700
2002-07-02,15.699999809265137,15.800000190734863,15.649999618530273,15.75,5.5980939865112305,8700
2002-07-03,15.800000190734863,15.800000190734863,15.609999656677246,15.609999656677246,5.548334121704102,5300
2002-07-05,15.800000190734863,15.800000190734863,15.699999809265137,15.699999809265137,5.580322742462158,2600
2002-07-08,15.699999809265137,15.720000267028809,15.619999885559082,15.670000076293945,5.569663047790527,14600
2002-07-09,15.640000343322754,15.699999809265137,15.550000190734863,15.699999809265137,5.580322742462158,10200
2002-07-10,15.699999809265137,16.149999618530273,15.699999809265137,15.989999771118164,5.683399677276611,13000
2002-07-11,16.0,16.200000762939453,16.0,16.06999969482422,5.734790325164795,13300
2002-07-12,16.1200008392334,16.1200008392334,15.800000190734863,15.850000381469727,5.656282901763916,8300
2002-07-15,15.800000190734863,15.800000190734863,15.619999885559082,15.619999885559082,5.5742034912109375,13500
2002-07-16,15.5,15.5,15.270000457763672,15.270000457763672,5.44929838180542,10200
2002-07-17,15.289999961853027,15.3100004196167,15.1899995803833,15.199999809265137,5.424322605133057,5700
2002-07-18,15.199999809265137,15.279999732971191,15.0,15.029999732971191,5.363652229309082,23200
2002-07-19,15.039999961853027,15.050000190734863,15.0,15.0,5.352946758270264,3900
2002-07-22,14.800000190734863,14.920000076293945,14.800000190734863,14.890000343322754,5.313691139221191,33400
2002-07-23,14.859999656677246,14.859999656677246,14.699999809265137,14.699999809265137,5.245885848999023,18500
2002-07-24,14.699999809265137,14.699999809265137,14.600000381469727,14.600000381469727,5.210204124450684,6600
2002-07-25,14.649999618530273,14.75,14.649999618530273,14.75,5.263731956481934,7400
2002-07-26,14.770000457763672,14.789999961853027,14.770000457763672,14.789999961853027,5.278006076812744,2500
2002-07-29,14.789999961853027,14.829999923706055,14.789999961853027,14.789999961853027,5.278006076812744,5600
2002-07-30,14.819999694824219,14.819999694824219,14.789999961853027,14.789999961853027,5.278006076812744,3400
2002-07-31,14.819999694824219,14.949999809265137,14.819999694824219,14.9399995803833,5.331537246704102,7700
2002-08-01,14.949999809265137,15.069999694824219,14.899999618530273,15.020000457763672,5.360088348388672,5800
2002-08-02,15.029999732971191,15.130000114440918,15.029999732971191,15.130000114440918,5.399338245391846,9700
2002-08-05,15.140000343322754,15.15999984741211,15.039999961853027,15.09000015258789,5.385062217712402,6800
2002-08-06,15.09000015258789,15.149999618530273,15.09000015258789,15.149999618530273,5.4064764976501465,4000
2002-08-07,15.100000381469727,15.119999885559082,15.050000190734863,15.119999885559082,5.395769119262695,2400
2002-08-08,15.069999694824219,15.130000114440918,15.0600004196167,15.0600004196167,5.374357223510742,1800
2002-08-09,15.0600004196167,15.0600004196167,15.010000228881836,15.029999732971191,5.363652229309082,5100
2002-08-12,15.029999732971191,15.029999732971191,14.890000343322754,14.930000305175781,5.327962875366211,15200
2002-08-13,14.890000343322754,14.90999984741211,14.890000343322754,14.90999984741211,5.343732833862305,1300
2002-08-14,14.930000305175781,14.949999809265137,14.880000114440918,14.949999809265137,5.358068466186523,5100
2002-08-15,14.899999618530273,14.949999809265137,14.899999618530273,14.949999809265137,5.358068466186523,2600
2002-08-16,14.899999618530273,14.949999809265137,14.869999885559082,14.949999809265137,5.358068466186523,3000
2002-08-19,14.960000038146973,15.0,14.960000038146973,15.0,5.375988006591797,2300
2002-08-20,14.989999771118164,15.0,14.90999984741211,14.989999771118164,5.372403621673584,9200
2002-08-21,14.90999984741211,14.960000038146973,14.880000114440918,14.949999809265137,5.358068466186523,8900
2002-08-22,14.880000114440918,14.9399995803833,14.850000381469727,14.869999885559082,5.329396724700928,8100
2002-08-23,14.90999984741211,14.90999984741211,14.819999694824219,14.899999618530273,5.340151309967041,5500
2002-08-26,14.899999618530273,14.899999618530273,14.579999923706055,14.680000305175781,5.26130485534668,13500
2002-08-27,14.579999923706055,14.609999656677246,14.430000305175781,14.449999809265137,5.1788716316223145,16600
2002-08-28,14.489999771118164,14.489999771118164,14.430000305175781,14.489999771118164,5.193207740783691,2200
2002-08-29,14.489999771118164,14.5,14.460000038146973,14.5,5.196795463562012,12200
2002-08-30,14.5,14.5,14.5,14.5,5.196795463562012,5600
2002-09-03,14.489999771118164,14.550000190734863,14.489999771118164,14.550000190734863,5.214710235595703,8400
2002-09-04,14.5,14.550000190734863,14.479999542236328,14.510000228881836,5.200372695922852,8500
2002-09-05,14.529999732971191,14.59000015258789,14.479999542236328,14.550000190734863,5.214710235595703,8800
2002-09-06,14.550000190734863,14.600000381469727,14.550000190734863,14.600000381469727,5.232632637023926,7200
2002-09-09,14.630000114440918,14.6899995803833,14.630000114440918,14.640000343322754,5.24696683883667,7300
2002-09-10,14.670000076293945,14.829999923706055,14.619999885559082,14.829999923706055,5.315061092376709,12600
2002-09-11,14.800000190734863,14.800000190734863,14.649999618530273,14.75,5.308229923248291,7800
2002-09-12,14.699999809265137,14.720000267028809,14.619999885559082,14.720000267028809,5.297428607940674,7400
2002-09-13,14.699999809265137,14.800000190734863,14.579999923706055,14.609999656677246,5.257842540740967,15200
2002-09-16,14.550000190734863,14.619999885559082,14.550000190734863,14.619999885559082,5.2614426612854,1800
2002-09-17,14.720000267028809,14.720000267028809,14.550000190734863,14.609999656677246,5.257842540740967,18900
2002-09-18,14.609999656677246,14.649999618530273,14.529999732971191,14.550000190734863,5.236247539520264,10500
2002-09-19,14.550000190734863,14.619999885559082,14.520000457763672,14.609999656677246,5.257842540740967,7100
2002-09-20,14.619999885559082,14.640000343322754,14.619999885559082,14.619999885559082,5.2614426612854,4900
2002-09-23,14.600000381469727,14.699999809265137,14.520000457763672,14.699999809265137,5.290229797363281,34200
2002-09-24,14.720000267028809,14.739999771118164,14.720000267028809,14.739999771118164,5.304628849029541,1600
2002-09-25,14.760000228881836,15.0,14.760000228881836,14.989999771118164,5.394594669342041,12100
2002-09-26,14.989999771118164,15.0,14.899999618530273,14.949999809265137,5.380199909210205,11100
2002-09-27,15.0,15.149999618530273,15.0,15.149999618530273,5.452177047729492,3300
2002-09-30,15.199999809265137,15.229999542236328,15.180000305175781,15.1899995803833,5.466574668884277,500
2002-10-01,15.199999809265137,15.350000381469727,15.199999809265137,15.350000381469727,5.52415132522583,9700
2002-10-02,15.399999618530273,15.470000267028809,15.25,15.25,5.488168239593506,6100
2002-10-03,15.220000267028809,15.220000267028809,15.020000457763672,15.020000457763672,5.405390739440918,4000
2002-10-04,15.069999694824219,15.069999694824219,14.90999984741211,14.970000267028809,5.387400150299072,3600
2002-10-07,14.949999809265137,14.949999809265137,14.789999961853027,14.949999809265137,5.380199909210205,7400
2002-10-08,14.979999542236328,15.029999732971191,14.899999618530273,14.899999618530273,5.362207889556885,7000
2002-10-09,14.949999809265137,15.079999923706055,14.949999809265137,15.029999732971191,5.408994197845459,3600
2002-10-10,14.930000305175781,15.0,14.930000305175781,15.0,5.420192718505859,800
2002-10-11,15.050000190734863,15.050000190734863,15.050000190734863,15.050000190734863,5.43826150894165,1500
2002-10-14,15.100000381469727,15.100000381469727,14.760000228881836,14.760000228881836,5.333469390869141,11700
2002-10-15,14.710000038146973,15.100000381469727,14.710000038146973,15.0,5.420192718505859,10600
2002-10-16,14.979999542236328,15.050000190734863,14.869999885559082,14.949999809265137,5.402126312255859,11500
2002-10-17,14.899999618530273,14.899999618530273,14.75,14.779999732971191,5.340696811676025,7200
2002-10-18,14.75,14.800000190734863,14.75,14.800000190734863,5.347921371459961,2600
2002-10-21,14.760000228881836,14.760000228881836,14.520000457763672,14.630000114440918,5.2864990234375,13200
2002-10-22,14.579999923706055,14.720000267028809,14.329999923706055,14.34000015258789,5.181701183319092,16200
2002-10-23,14.300000190734863,14.300000190734863,14.239999771118164,14.239999771118164,5.145571708679199,3600
2002-10-24,14.1899995803833,14.1899995803833,13.960000038146973,14.149999618530273,5.1130523681640625,20800
2002-10-25,14.100000381469727,14.149999618530273,14.100000381469727,14.100000381469727,5.094984531402588,2200
2002-10-28,14.050000190734863,14.050000190734863,13.899999618530273,13.899999618530273,5.022714614868164,13500
2002-10-29,13.899999618530273,14.020000457763672,13.899999618530273,13.979999542236328,5.051619529724121,6000
2002-10-30,13.979999542236328,14.010000228881836,13.920000076293945,13.979999542236328,5.051619529724121,4000
2002-10-31,13.979999542236328,14.029999732971191,13.930000305175781,13.930000305175781,5.033552169799805,3900
2002-11-01,13.979999542236328,13.989999771118164,13.90999984741211,13.920000076293945,5.029937744140625,8400
2002-11-04,13.960000038146973,14.0,13.90999984741211,13.90999984741211,5.026328086853027,9900
2002-11-05,13.949999809265137,13.989999771118164,13.9399995803833,13.989999771118164,5.055237293243408,4100
2002-11-06,13.960000038146973,13.979999542236328,13.899999618530273,13.90999984741211,5.026328086853027,4300
2002-11-07,13.899999618530273,14.020000457763672,13.899999618530273,14.020000457763672,5.066073417663574,7600
2002-11-08,14.069999694824219,14.069999694824219,14.0,14.050000190734863,5.076915740966797,6300
2002-11-11,14.069999694824219,14.149999618530273,14.069999694824219,14.149999618530273,5.1130523681640625,3500
2002-11-12,14.149999618530273,14.25,14.149999618530273,14.25,5.149181842803955,5200
2002-11-13,14.100000381469727,14.170000076293945,14.100000381469727,14.170000076293945,5.142290115356445,3700
2002-11-14,14.170000076293945,14.220000267028809,14.149999618530273,14.170000076293945,5.142290115356445,8800
2002-11-15,14.1899995803833,14.199999809265137,14.1899995803833,14.199999809265137,5.15317440032959,3200
2002-11-18,14.149999618530273,14.149999618530273,14.149999618530273,14.149999618530273,5.135032653808594,500
2002-11-19,14.130000114440918,14.130000114440918,14.100000381469727,14.100000381469727,5.11688756942749,4200
2002-11-20,14.079999923706055,14.130000114440918,14.079999923706055,14.100000381469727,5.11688756942749,5800
2002-11-21,14.050000190734863,14.100000381469727,14.050000190734863,14.100000381469727,5.11688756942749,3200
2002-11-22,14.079999923706055,14.100000381469727,14.069999694824219,14.069999694824219,5.1059956550598145,4300
2002-11-25,14.100000381469727,14.279999732971191,14.100000381469727,14.279999732971191,5.18220853805542,4500
2002-11-26,14.229999542236328,14.229999542236328,14.119999885559082,14.130000114440918,5.127772331237793,2100
2002-11-27,14.170000076293945,14.25,14.170000076293945,14.229999542236328,5.164060592651367,2200
2002-11-29,14.229999542236328,14.229999542236328,14.229999542236328,14.229999542236328,5.164060592651367,200
2002-12-02,14.229999542236328,14.229999542236328,14.130000114440918,14.130000114440918,5.127772331237793,1400
2002-12-03,14.180000305175781,14.369999885559082,14.180000305175781,14.369999885559082,5.214867115020752,6100
2002-12-04,14.399999618530273,14.520000457763672,14.34000015258789,14.449999809265137,5.243900299072266,5800
2002-12-05,14.479999542236328,14.479999542236328,14.4399995803833,14.4399995803833,5.240272521972656,1300
2002-12-06,14.479999542236328,14.569999694824219,14.460000038146973,14.460000038146973,5.247529983520508,13100
2002-12-09,14.420000076293945,14.420000076293945,14.359999656677246,14.359999656677246,5.211236953735352,2000
2002-12-10,14.350000381469727,14.350000381469727,14.25,14.25,5.171316623687744,4200
2002-12-11,14.100000381469727,14.170000076293945,14.050000190734863,14.050000190734863,5.16911506652832,6800
2002-12-12,14.100000381469727,14.100000381469727,13.649999618530273,13.829999923706055,5.088172912597656,21200
2002-12-13,13.84000015258789,14.0,13.619999885559082,13.619999885559082,5.01091194152832,29800
2002-12-16,13.600000381469727,13.670000076293945,13.420000076293945,13.550000190734863,4.985158443450928,21300
2002-12-17,13.550000190734863,13.619999885559082,13.550000190734863,13.619999885559082,5.01091194152832,800
2002-12-18,13.579999923706055,13.600000381469727,13.470000267028809,13.520000457763672,4.974122047424316,9700
2002-12-19,13.470000267028809,13.520000457763672,13.300000190734863,13.390000343322754,4.926294803619385,41000
2002-12-20,13.380000114440918,13.5,13.380000114440918,13.5,4.966765403747559,12800
2002-12-23,13.539999961853027,13.59000015258789,13.449999809265137,13.470000267028809,4.955725193023682,13000
2002-12-24,13.5,13.550000190734863,13.390000343322754,13.390000343322754,4.926294803619385,13500
2002-12-26,13.390000343322754,13.390000343322754,13.260000228881836,13.34000015258789,4.907901763916016,21700
2002-12-27,13.350000381469727,13.579999923706055,13.319999694824219,13.539999961853027,4.981476783752441,16000
2002-12-30,13.640000343322754,13.739999771118164,13.539999961853027,13.739999771118164,5.055062294006348,22900
2002-12-31,13.779999732971191,13.920000076293945,13.640000343322754,13.770000457763672,5.066100597381592,30000
2003-01-02,13.789999961853027,13.789999961853027,13.729999542236328,13.729999542236328,5.051379680633545,1200
2003-01-03,13.630000114440918,13.729999542236328,13.630000114440918,13.729999542236328,5.051379680633545,5200
2003-01-06,13.680000305175781,13.680000305175781,13.600000381469727,13.670000076293945,5.0293049812316895,5000
2003-01-07,13.680000305175781,13.729999542236328,13.630000114440918,13.630000114440918,5.014590740203857,8000
2003-01-08,13.699999809265137,13.699999809265137,13.699999809265137,13.699999809265137,5.040345668792725,2900
2003-01-09,13.649999618530273,13.649999618530273,13.59000015258789,13.59000015258789,4.999878406524658,1500
2003-01-10,13.550000190734863,13.550000190734863,13.449999809265137,13.489999771118164,4.9630842208862305,1800
2003-01-13,13.479999542236328,13.600000381469727,13.460000038146973,13.600000381469727,5.025157451629639,8300
2003-01-14,13.600000381469727,13.600000381469727,13.420000076293945,13.569999694824219,5.014074802398682,5900
2003-01-15,13.59000015258789,13.59000015258789,13.539999961853027,13.539999961853027,5.002986907958984,1300
2003-01-16,13.569999694824219,13.600000381469727,13.569999694824219,13.600000381469727,5.025157451629639,7700
2003-01-17,13.609999656677246,13.649999618530273,13.609999656677246,13.649999618530273,5.043634414672852,4000
2003-01-21,13.65999984741211,13.770000457763672,13.5600004196167,13.770000457763672,5.087975978851318,10500
2003-01-22,13.760000228881836,14.0,13.760000228881836,13.850000381469727,5.117533206939697,13800
2003-01-23,13.899999618530273,13.979999542236328,13.800000190734863,13.970000267028809,5.16187047958374,19500
2003-01-24,13.989999771118164,14.350000381469727,13.989999771118164,14.350000381469727,5.30228328704834,22200
2003-01-27,14.279999732971191,14.279999732971191,14.149999618530273,14.15999984741211,5.2320780754089355,2300
2003-01-28,14.149999618530273,14.149999618530273,13.800000190734863,13.819999694824219,5.106447696685791,10600
2003-01-29,13.829999923706055,13.829999923706055,13.640000343322754,13.640000343322754,5.03994083404541,7900
2003-01-30,13.65999984741211,13.65999984741211,13.5,13.520000457763672,4.995601177215576,15100
2003-01-31,13.5600004196167,13.5600004196167,13.449999809265137,13.470000267028809,4.977123737335205,28500
2003-02-03,13.619999885559082,13.619999885559082,13.350000381469727,13.350000381469727,4.932787895202637,35700
2003-02-04,13.350000381469727,13.479999542236328,13.350000381469727,13.479999542236328,4.9808197021484375,6500
2003-02-05,13.5,13.579999923706055,13.460000038146973,13.510000228881836,4.991905212402344,15900
2003-02-06,13.510000228881836,13.59000015258789,13.510000228881836,13.59000015258789,5.021467685699463,9300
2003-02-07,13.539999961853027,13.550000190734863,13.539999961853027,13.550000190734863,5.006684303283691,1100
2003-02-10,13.529999732971191,13.59000015258789,13.510000228881836,13.59000015258789,5.021467685699463,5600
2003-02-11,13.619999885559082,13.720000267028809,13.619999885559082,13.720000267028809,5.069500923156738,6500
2003-02-12,13.640000343322754,13.649999618530273,13.579999923706055,13.649999618530273,5.065046787261963,8200
2003-02-13,13.649999618530273,13.649999618530273,13.479999542236328,13.600000381469727,5.0464935302734375,29900
2003-02-14,13.59000015258789,13.59000015258789,13.550000190734863,13.550000190734863,5.027940273284912,1200
2003-02-18,13.510000228881836,13.649999618530273,13.40999984741211,13.640000343322754,5.06133508682251,12200
2003-02-19,13.640000343322754,13.819999694824219,13.640000343322754,13.819999694824219,5.1281256675720215,12000
2003-02-20,13.850000381469727,14.100000381469727,13.850000381469727,14.100000381469727,5.232029438018799,22500
2003-02-21,14.050000190734863,14.050000190734863,13.850000381469727,13.899999618530273,5.157815933227539,7900
2003-02-24,13.880000114440918,13.920000076293945,13.880000114440918,13.920000076293945,5.1652326583862305,1900
2003-02-25,13.880000114440918,13.880000114440918,13.6899995803833,13.699999809265137,5.0835981369018555,6100
2003-02-26,13.75,13.75,13.649999618530273,13.729999542236328,5.094730377197266,5700
2003-02-27,13.75,13.760000228881836,13.75,13.760000228881836,5.105864524841309,3100
2003-02-28,13.770000457763672,13.800000190734863,13.770000457763672,13.800000190734863,5.120704650878906,1200
2003-03-03,13.8100004196167,13.819999694824219,13.800000190734863,13.800000190734863,5.120704650878906,2700
2003-03-04,13.899999618530273,14.029999732971191,13.84000015258789,14.029999732971191,5.206051826477051,9900
2003-03-05,14.050000190734863,14.149999618530273,14.050000190734863,14.149999618530273,5.250583171844482,15500
2003-03-06,14.100000381469727,14.100000381469727,14.020000457763672,14.069999694824219,5.220894813537598,4300
2003-03-07,14.149999618530273,14.149999618530273,13.890000343322754,13.949999809265137,5.176363945007324,9700
2003-03-10,13.850000381469727,13.880000114440918,13.75,13.770000457763672,5.109573841094971,16200
2003-03-11,13.800000190734863,13.8100004196167,13.760000228881836,13.8100004196167,5.12441873550415,5300
2003-03-12,13.8100004196167,13.84000015258789,13.720000267028809,13.789999961853027,5.138205051422119,9200
2003-03-13,13.729999542236328,13.75,13.699999809265137,13.699999809265137,5.104666233062744,9600
2003-03-14,13.6899995803833,13.6899995803833,13.649999618530273,13.649999618530273,5.086040019989014,3900
2003-03-17,13.550000190734863,13.579999923706055,13.510000228881836,13.550000190734863,5.048777103424072,19800
2003-03-18,13.5600004196167,13.5600004196167,13.449999809265137,13.449999809265137,5.011518955230713,27400
2003-03-19,13.430000305175781,13.520000457763672,13.430000305175781,13.510000228881836,5.03387451171875,2200
2003-03-20,13.520000457763672,13.569999694824219,13.279999732971191,13.390000343322754,4.989164352416992,30000
2003-03-21,13.359999656677246,13.390000343322754,13.350000381469727,13.369999885559082,4.981705188751221,5800
2003-03-24,13.359999656677246,13.399999618530273,13.359999656677246,13.399999618530273,4.9928879737854,5500
2003-03-25,13.319999694824219,13.390000343322754,13.319999694824219,13.350000381469727,4.974256992340088,2500
2003-03-26,13.420000076293945,13.420000076293945,13.359999656677246,13.369999885559082,4.981705188751221,3800
2003-03-27,13.449999809265137,13.539999961853027,13.350000381469727,13.539999961853027,5.045052528381348,11900
2003-03-28,13.529999732971191,13.579999923706055,13.529999732971191,13.569999694824219,5.056230545043945,4400
2003-03-31,13.569999694824219,13.609999656677246,13.5600004196167,13.59000015258789,5.063683032989502,9700
2003-04-01,13.550000190734863,13.550000190734863,13.449999809265137,13.529999732971191,5.041329383850098,17600
2003-04-02,13.550000190734863,13.5600004196167,13.430000305175781,13.460000038146973,5.015243053436279,14200
2003-04-03,13.4399995803833,13.4399995803833,13.430000305175781,13.4399995803833,5.007789611816406,1800
2003-04-04,13.430000305175781,13.470000267028809,13.430000305175781,13.449999809265137,5.011518955230713,3600
2003-04-07,13.4399995803833,13.4399995803833,13.399999618530273,13.399999618530273,4.9928879737854,4600
2003-04-08,13.4399995803833,13.449999809265137,13.4399995803833,13.4399995803833,5.007789611816406,3500
2003-04-09,13.399999618530273,13.449999809265137,13.399999618530273,13.420000076293945,5.000338077545166,4400
2003-04-10,13.399999618530273,13.5,13.390000343322754,13.489999771118164,5.026421070098877,10700
2003-04-11,13.40999984741211,13.430000305175781,13.399999618530273,13.430000305175781,5.025302886962891,3200
2003-04-14,13.449999809265137,13.529999732971191,13.399999618530273,13.529999732971191,5.062720775604248,13200
2003-04-15,13.529999732971191,13.529999732971191,13.399999618530273,13.449999809265137,5.032785892486572,21900
2003-04-16,13.460000038146973,13.489999771118164,13.460000038146973,13.489999771118164,5.047749042510986,1100
2003-04-17,13.550000190734863,13.5600004196167,13.5,13.5,5.0514960289001465,3900
2003-04-21,13.550000190734863,13.579999923706055,13.550000190734863,13.579999923706055,5.08142614364624,2800
2003-04-22,13.600000381469727,13.65999984741211,13.579999923706055,13.640000343322754,5.103876113891602,8600
2003-04-23,13.640000343322754,13.640000343322754,13.640000343322754,13.640000343322754,5.103876113891602,0
2003-04-24,13.600000381469727,13.649999618530273,13.600000381469727,13.600000381469727,5.088912010192871,2000
2003-04-25,13.600000381469727,13.640000343322754,13.600000381469727,13.640000343322754,5.103876113891602,2000
2003-04-28,13.619999885559082,13.850000381469727,13.539999961853027,13.850000381469727,5.18245792388916,23100
2003-04-29,13.84000015258789,14.020000457763672,13.779999732971191,14.020000457763672,5.2460713386535645,21200
2003-04-30,14.020000457763672,14.050000190734863,13.9399995803833,13.9399995803833,5.216135501861572,7100
2003-05-01,13.970000267028809,13.970000267028809,13.930000305175781,13.930000305175781,5.212392807006836,3900
2003-05-02,13.960000038146973,13.979999542236328,13.829999923706055,13.850000381469727,5.18245792388916,10600
2003-05-05,13.84000015258789,13.890000343322754,13.829999923706055,13.890000343322754,5.19743013381958,1800
2003-05-06,13.880000114440918,13.880000114440918,13.84000015258789,13.84000015258789,5.178712368011475,4300
2003-05-07,13.829999923706055,13.829999923706055,13.75,13.75,5.145038604736328,6500
2003-05-08,13.760000228881836,13.800000190734863,13.710000038146973,13.710000038146973,5.130074977874756,9300
2003-05-09,13.6899995803833,13.6899995803833,13.649999618530273,13.649999618530273,5.1076202392578125,5900
2003-05-12,13.670000076293945,13.75,13.670000076293945,13.720000267028809,5.133813858032227,11800
2003-05-13,13.670000076293945,13.75,13.65999984741211,13.739999771118164,5.162748336791992,3100
2003-05-14,13.760000228881836,13.770000457763672,13.710000038146973,13.770000457763672,5.1740193367004395,9400
2003-05-15,13.779999732971191,13.899999618530273,13.770000457763672,13.8100004196167,5.18904447555542,12200
2003-05-16,13.84000015258789,13.930000305175781,13.800000190734863,13.850000381469727,5.204076290130615,7900
2003-05-19,13.850000381469727,13.850000381469727,13.850000381469727,13.850000381469727,5.204076290130615,0
2003-05-20,13.880000114440918,13.880000114440918,13.8100004196167,13.850000381469727,5.204076290130615,3700
2003-05-21,13.899999618530273,13.899999618530273,13.859999656677246,13.899999618530273,5.222865581512451,8800
2003-05-22,13.890000343322754,13.960000038146973,13.869999885559082,13.869999885559082,5.211592197418213,8800
2003-05-23,13.859999656677246,13.899999618530273,13.850000381469727,13.899999618530273,5.222865581512451,2400
2003-05-27,13.920000076293945,13.9399995803833,13.869999885559082,13.899999618530273,5.222865581512451,7800
2003-05-28,13.899999618530273,13.920000076293945,13.899999618530273,13.899999618530273,5.222865581512451,2900
2003-05-29,13.920000076293945,13.920000076293945,13.84000015258789,13.920000076293945,5.230382442474365,10400
2003-05-30,13.920000076293945,13.9399995803833,13.899999618530273,13.899999618530273,5.222865581512451,6300
2003-06-02,13.90999984741211,13.90999984741211,13.800000190734863,13.890000343322754,5.219111442565918,23800
2003-06-03,13.880000114440918,13.899999618530273,13.880000114440918,13.899999618530273,5.222865581512451,2700
2003-06-04,13.899999618530273,13.979999542236328,13.880000114440918,13.880000114440918,5.215351581573486,13200
2003-06-05,13.899999618530273,13.949999809265137,13.8100004196167,13.819999694824219,5.1927995681762695,18800
2003-06-06,13.829999923706055,13.979999542236328,13.829999923706055,13.970000267028809,5.249168395996094,10700
2003-06-09,13.880000114440918,14.0,13.880000114440918,13.979999542236328,5.252923965454102,14300
2003-06-10,14.0,14.09000015258789,14.0,14.069999694824219,5.286739826202393,12000
2003-06-11,14.050000190734863,14.100000381469727,14.010000228881836,14.09000015258789,5.315793991088867,8900
2003-06-12,14.100000381469727,14.100000381469727,14.020000457763672,14.020000457763672,5.289378643035889,7700
2003-06-13,14.050000190734863,14.079999923706055,14.039999961853027,14.039999961853027,5.296927452087402,4700
2003-06-16,14.050000190734863,14.050000190734863,14.029999732971191,14.050000190734863,5.3007049560546875,11000
2003-06-17,14.109999656677246,14.109999656677246,14.0600004196167,14.079999923706055,5.312016487121582,9800
2003-06-18,14.069999694824219,14.069999694824219,14.020000457763672,14.069999694824219,5.308243751525879,8800
2003-06-19,14.020000457763672,14.079999923706055,13.989999771118164,14.039999961853027,5.296927452087402,17400
2003-06-20,14.020000457763672,14.029999732971191,14.0,14.029999732971191,5.293155670166016,19200
2003-06-23,14.0,14.010000228881836,14.0,14.010000228881836,5.285606384277344,11000
2003-06-24,14.069999694824219,14.149999618530273,14.029999732971191,14.149999618530273,5.338430881500244,15200
2003-06-25,14.100000381469727,14.100000381469727,14.0,14.050000190734863,5.3007049560546875,11600
2003-06-26,14.0600004196167,14.079999923706055,14.0600004196167,14.079999923706055,5.312016487121582,6100
2003-06-27,14.079999923706055,14.079999923706055,14.079999923706055,14.079999923706055,5.312016487121582,1300
2003-06-30,14.109999656677246,14.109999656677246,14.079999923706055,14.100000381469727,5.3195672035217285,3400
2003-07-01,14.109999656677246,14.170000076293945,14.069999694824219,14.170000076293945,5.345975399017334,10800
2003-07-02,14.210000038146973,14.239999771118164,14.130000114440918,14.210000038146973,5.361064434051514,5500
2003-07-03,14.15999984741211,14.15999984741211,14.079999923706055,14.079999923706055,5.312016487121582,5000
2003-07-07,14.069999694824219,14.119999885559082,14.069999694824219,14.119999885559082,5.327107906341553,1500
2003-07-08,14.09000015258789,14.09000015258789,13.970000267028809,13.989999771118164,5.278063774108887,6900
2003-07-09,13.970000267028809,14.029999732971191,13.920000076293945,13.920000076293945,5.251657962799072,3900
2003-07-10,13.930000305175781,13.9399995803833,13.920000076293945,13.9399995803833,5.259200096130371,5500
2003-07-11,13.930000305175781,13.930000305175781,13.850000381469727,13.880000114440918,5.258062839508057,21600
2003-07-14,13.850000381469727,13.899999618530273,13.850000381469727,13.859999656677246,5.250487327575684,6000
2003-07-15,13.84000015258789,13.84000015258789,13.699999809265137,13.699999809265137,5.189875602722168,22200
2003-07-16,13.699999809265137,13.699999809265137,13.539999961853027,13.550000190734863,5.133053779602051,7500
2003-07-17,13.539999961853027,13.569999694824219,13.4399995803833,13.4399995803833,5.091379642486572,23500
2003-07-18,13.420000076293945,13.420000076293945,13.25,13.369999885559082,5.06486177444458,18800
2003-07-21,13.430000305175781,13.460000038146973,13.350000381469727,13.380000114440918,5.068653583526611,12100
2003-07-22,13.369999885559082,13.430000305175781,13.329999923706055,13.430000305175781,5.087597370147705,19000
2003-07-23,13.420000076293945,13.739999771118164,13.420000076293945,13.680000305175781,5.1823015213012695,10900
2003-07-24,13.699999809265137,13.75,13.649999618530273,13.75,5.208820819854736,3800
2003-07-25,13.75,13.75,13.670000076293945,13.680000305175781,5.1823015213012695,5800
2003-07-28,13.729999542236328,13.729999542236328,13.670000076293945,13.680000305175781,5.1823015213012695,3400
2003-07-29,13.680000305175781,13.680000305175781,13.640000343322754,13.640000343322754,5.167147159576416,18500
2003-07-30,13.600000381469727,13.600000381469727,13.300000190734863,13.380000114440918,5.068653583526611,9000
2003-07-31,13.399999618530273,13.399999618530273,13.319999694824219,13.350000381469727,5.057285785675049,8900
2003-08-01,13.369999885559082,13.449999809265137,13.300000190734863,13.380000114440918,5.068653583526611,9800
2003-08-04,13.399999618530273,13.40999984741211,13.300000190734863,13.300000190734863,5.038343906402588,13700
2003-08-05,13.319999694824219,13.5,13.319999694824219,13.5,5.114111423492432,4600
2003-08-06,13.520000457763672,13.550000190734863,13.390000343322754,13.390000343322754,5.072439670562744,7900
2003-08-07,13.449999809265137,13.489999771118164,13.40999984741211,13.489999771118164,5.110321044921875,5300
2003-08-08,13.5,13.5,13.489999771118164,13.489999771118164,5.110321044921875,2700
2003-08-11,13.460000038146973,13.529999732971191,13.460000038146973,13.5,5.114111423492432,1900
2003-08-12,13.460000038146973,13.529999732971191,13.460000038146973,13.529999732971191,5.125479221343994,4400
2003-08-13,13.369999885559082,13.420000076293945,13.289999961853027,13.399999618530273,5.097703456878662,19200
2003-08-14,13.380000114440918,13.380000114440918,13.270000457763672,13.270000457763672,5.048247814178467,8200
2003-08-15,13.270000457763672,13.270000457763672,13.270000457763672,13.270000457763672,5.048247814178467,0
2003-08-18,13.279999732971191,13.3100004196167,13.270000457763672,13.270000457763672,5.048247814178467,4200
2003-08-19,13.279999732971191,13.329999923706055,13.239999771118164,13.279999732971191,5.052052021026611,6300
2003-08-20,13.289999961853027,13.319999694824219,13.289999961853027,13.319999694824219,5.0672736167907715,1400
2003-08-21,13.300000190734863,13.329999923706055,13.25,13.279999732971191,5.052052021026611,8100
2003-08-22,13.270000457763672,13.270000457763672,13.1899995803833,13.1899995803833,5.017816543579102,9000
2003-08-25,13.199999809265137,13.25,13.199999809265137,13.239999771118164,5.036835670471191,7300
2003-08-26,13.25,13.279999732971191,13.239999771118164,13.25,5.040640354156494,7200
2003-08-27,13.25,13.25,13.25,13.25,5.040640354156494,700
2003-08-28,13.239999771118164,13.270000457763672,13.229999542236328,13.239999771118164,5.036835670471191,3400
2003-08-29,13.260000228881836,13.289999961853027,13.239999771118164,13.260000228881836,5.0444440841674805,5700
2003-09-02,13.279999732971191,13.40999984741211,13.260000228881836,13.34000015258789,5.074882507324219,7500
2003-09-03,13.40999984741211,13.4399995803833,13.34000015258789,13.399999618530273,5.097703456878662,9600
2003-09-04,13.449999809265137,13.449999809265137,13.34000015258789,13.34000015258789,5.074882507324219,5800
2003-09-05,13.34000015258789,13.40999984741211,13.34000015258789,13.40999984741211,5.1015095710754395,800
2003-09-08,13.399999618530273,13.449999809265137,13.399999618530273,13.449999809265137,5.116725444793701,4800
2003-09-09,13.5,13.5,13.5,13.5,5.135746002197266,5900
2003-09-10,13.550000190734863,13.5600004196167,13.510000228881836,13.529999732971191,5.147162914276123,1800
2003-09-11,13.420000076293945,13.420000076293945,13.420000076293945,13.420000076293945,5.126532077789307,500
2003-09-12,13.399999618530273,13.449999809265137,13.350000381469727,13.449999809265137,5.137994766235352,2700
2003-09-15,13.420000076293945,13.470000267028809,13.399999618530273,13.420000076293945,5.126532077789307,2800
2003-09-16,13.510000228881836,13.510000228881836,13.460000038146973,13.489999771118164,5.1532769203186035,3600
2003-09-17,13.529999732971191,13.59000015258789,13.479999542236328,13.59000015258789,5.191470623016357,5700
2003-09-18,13.630000114440918,13.630000114440918,13.399999618530273,13.479999542236328,5.149452209472656,19800
2003-09-19,13.449999809265137,13.479999542236328,13.40999984741211,13.479999542236328,5.149452209472656,6600
2003-09-22,13.40999984741211,13.449999809265137,13.329999923706055,13.329999923706055,5.0921502113342285,13300
2003-09-23,13.319999694824219,13.390000343322754,13.319999694824219,13.350000381469727,5.099789142608643,5500
2003-09-24,13.350000381469727,13.350000381469727,13.350000381469727,13.350000381469727,5.099789142608643,0
2003-09-25,13.359999656677246,13.399999618530273,13.329999923706055,13.399999618530273,5.118889331817627,5100
2003-09-26,13.40999984741211,13.420000076293945,13.359999656677246,13.399999618530273,5.118889331817627,2600
2003-09-29,13.390000343322754,13.390000343322754,13.319999694824219,13.329999923706055,5.0921502113342285,8400
2003-09-30,13.350000381469727,13.449999809265137,13.350000381469727,13.449999809265137,5.137994766235352,3900
2003-10-01,13.479999542236328,13.489999771118164,13.420000076293945,13.460000038146973,5.1418137550354,9500
2003-10-02,13.510000228881836,13.539999961853027,13.510000228881836,13.529999732971191,5.1685566902160645,2200
2003-10-03,13.520000457763672,13.520000457763672,13.510000228881836,13.510000228881836,5.160916328430176,200
2003-10-06,13.489999771118164,13.529999732971191,13.420000076293945,13.479999542236328,5.149452209472656,4800
2003-10-07,13.4399995803833,13.4399995803833,13.399999618530273,13.399999618530273,5.118889331817627,10500
2003-10-08,13.420000076293945,13.5,13.399999618530273,13.5,5.157094478607178,8700
2003-10-09,13.510000228881836,13.569999694824219,13.399999618530273,13.520000457763672,5.164732933044434,11300
2003-10-10,13.489999771118164,13.489999771118164,13.489999771118164,13.489999771118164,5.174710273742676,2100
2003-10-13,13.449999809265137,13.449999809265137,13.390000343322754,13.390000343322754,5.13634729385376,1300
2003-10-14,13.399999618530273,13.399999618530273,13.260000228881836,13.289999961853027,5.0979838371276855,6800
2003-10-15,13.260000228881836,13.329999923706055,13.260000228881836,13.329999923706055,5.113329887390137,3300
2003-10-16,13.350000381469727,13.350000381469727,13.229999542236328,13.229999542236328,5.074970245361328,8400
2003-10-17,13.279999732971191,13.279999732971191,13.199999809265137,13.199999809265137,5.063460826873779,14600
2003-10-20,13.210000038146973,13.210000038146973,13.180000305175781,13.210000038146973,5.067298889160156,7400
2003-10-21,13.220000267028809,13.220000267028809,13.220000267028809,13.220000267028809,5.071136474609375,200
2003-10-22,13.210000038146973,13.229999542236328,13.210000038146973,13.229999542236328,5.074970245361328,1500
2003-10-23,13.239999771118164,13.319999694824219,13.239999771118164,13.319999694824219,5.109495162963867,3900
2003-10-24,13.270000457763672,13.279999732971191,13.270000457763672,13.279999732971191,5.094151973724365,1100
2003-10-27,13.289999961853027,13.329999923706055,13.279999732971191,13.329999923706055,5.113329887390137,3900
2003-10-28,13.289999961853027,13.289999961853027,13.260000228881836,13.279999732971191,5.094151973724365,8800
2003-10-29,13.300000190734863,13.319999694824219,13.300000190734863,13.319999694824219,5.109495162963867,1400
2003-10-30,13.239999771118164,13.300000190734863,13.199999809265137,13.300000190734863,5.1018242835998535,12900
2003-10-31,13.289999961853027,13.34000015258789,13.289999961853027,13.319999694824219,5.109495162963867,7000
2003-11-03,13.319999694824219,13.380000114440918,13.270000457763672,13.329999923706055,5.113329887390137,15700
2003-11-04,13.369999885559082,13.399999618530273,13.369999885559082,13.399999618530273,5.140180587768555,5600
2003-11-05,13.40999984741211,13.40999984741211,13.329999923706055,13.40999984741211,5.144017696380615,6600
2003-11-06,13.369999885559082,13.369999885559082,13.300000190734863,13.350000381469727,5.121000289916992,12900
2003-11-07,13.369999885559082,13.399999618530273,13.350000381469727,13.390000343322754,5.13634729385376,4100
2003-11-10,13.350000381469727,13.4399995803833,13.350000381469727,13.390000343322754,5.13634729385376,7500
2003-11-11,13.390000343322754,13.420000076293945,13.390000343322754,13.420000076293945,5.147854328155518,1300
2003-11-12,13.350000381469727,13.399999618530273,13.34000015258789,13.350000381469727,5.142460823059082,8700
2003-11-13,13.329999923706055,13.399999618530273,13.329999923706055,13.399999618530273,5.1617255210876465,9300
2003-11-14,13.430000305175781,13.430000305175781,13.399999618530273,13.399999618530273,5.1617255210876465,2600
2003-11-17,13.359999656677246,13.390000343322754,13.350000381469727,13.350000381469727,5.142460823059082,2500
2003-11-18,13.399999618530273,13.399999618530273,13.300000190734863,13.300000190734863,5.123201847076416,3700
2003-11-19,13.300000190734863,13.399999618530273,13.300000190734863,13.399999618530273,5.1617255210876465,4800
2003-11-20,13.399999618530273,13.399999618530273,13.350000381469727,13.390000343322754,5.157869338989258,2900
2003-11-21,13.390000343322754,13.390000343322754,13.319999694824219,13.319999694824219,5.130905628204346,2800
2003-11-24,13.329999923706055,13.399999618530273,13.300000190734863,13.359999656677246,5.14631462097168,17100
2003-11-25,13.369999885559082,13.380000114440918,13.319999694824219,13.369999885559082,5.150163650512695,7700
2003-11-26,13.34000015258789,13.380000114440918,13.3100004196167,13.369999885559082,5.150163650512695,9500
2003-11-28,13.380000114440918,13.380000114440918,13.380000114440918,13.380000114440918,5.1540141105651855,100
2003-12-01,13.399999618530273,13.4399995803833,13.359999656677246,13.380000114440918,5.1540141105651855,12200
2003-12-02,13.430000305175781,13.4399995803833,13.34000015258789,13.359999656677246,5.14631462097168,8900
2003-12-03,13.40999984741211,13.430000305175781,13.359999656677246,13.430000305175781,5.173277854919434,6200
2003-12-04,13.399999618530273,13.40999984741211,13.359999656677246,13.399999618530273,5.1617255210876465,7200
2003-12-05,13.40999984741211,13.430000305175781,13.40999984741211,13.430000305175781,5.173277854919434,10100
2003-12-08,13.40999984741211,13.40999984741211,13.369999885559082,13.380000114440918,5.1540141105651855,4500
2003-12-09,13.430000305175781,13.449999809265137,13.380000114440918,13.380000114440918,5.1540141105651855,11700
2003-12-10,13.40999984741211,13.460000038146973,13.34000015258789,13.420000076293945,5.169426441192627,12600
2003-12-11,13.380000114440918,13.449999809265137,13.25,13.449999809265137,5.22379732131958,31700
2003-12-12,13.479999542236328,13.510000228881836,13.420000076293945,13.449999809265137,5.22379732131958,12600
2003-12-15,13.420000076293945,13.550000190734863,13.420000076293945,13.550000190734863,5.262636661529541,7500
2003-12-16,13.520000457763672,13.520000457763672,13.479999542236328,13.479999542236328,5.235450267791748,4100
2003-12-17,13.479999542236328,13.5600004196167,13.479999542236328,13.550000190734863,5.262636661529541,10400
2003-12-18,13.5,13.5,13.420000076293945,13.420000076293945,5.212145805358887,4300
2003-12-19,13.40999984741211,13.460000038146973,13.40999984741211,13.449999809265137,5.22379732131958,15400
2003-12-22,13.420000076293945,13.420000076293945,13.300000190734863,13.399999618530273,5.204379081726074,13700
2003-12-23,13.329999923706055,13.390000343322754,13.3100004196167,13.390000343322754,5.200495719909668,10700
2003-12-24,13.470000267028809,13.470000267028809,13.399999618530273,13.399999618530273,5.204379081726074,4900
2003-12-26,13.399999618530273,13.399999618530273,13.399999618530273,13.399999618530273,5.204379081726074,3200
2003-12-29,13.399999618530273,13.399999618530273,13.300000190734863,13.319999694824219,5.173311233520508,11200
2003-12-30,13.329999923706055,13.350000381469727,13.279999732971191,13.350000381469727,5.184960842132568,7500
2003-12-31,13.399999618530273,13.449999809265137,13.300000190734863,13.300000190734863,5.1655378341674805,21100
2004-01-02,13.279999732971191,13.300000190734863,13.239999771118164,13.300000190734863,5.1655378341674805,11300
2004-01-05,13.369999885559082,13.399999618530273,13.369999885559082,13.399999618530273,5.204379081726074,2400
2004-01-06,13.359999656677246,13.399999618530273,13.359999656677246,13.399999618530273,5.204379081726074,500
2004-01-07,13.40999984741211,13.430000305175781,13.399999618530273,13.399999618530273,5.204379081726074,2100
2004-01-08,13.460000038146973,13.529999732971191,13.449999809265137,13.529999732971191,5.2548747062683105,7200
2004-01-09,13.520000457763672,13.600000381469727,13.520000457763672,13.600000381469727,5.282057762145996,4400
2004-01-12,13.59000015258789,13.619999885559082,13.5600004196167,13.619999885559082,5.289825916290283,4400
2004-01-13,13.550000190734863,13.630000114440918,13.550000190734863,13.630000114440918,5.3155622482299805,5400
2004-01-14,13.630000114440918,13.6899995803833,13.630000114440918,13.6899995803833,5.338965892791748,11600
2004-01-15,13.710000038146973,13.770000457763672,13.699999809265137,13.699999809265137,5.3428635597229,10900
2004-01-16,13.739999771118164,13.960000038146973,13.739999771118164,13.960000038146973,5.444264888763428,22400
2004-01-20,13.970000267028809,13.970000267028809,13.899999618530273,13.949999809265137,5.440363883972168,2900
2004-01-21,13.920000076293945,13.949999809265137,13.920000076293945,13.920000076293945,5.428663730621338,7000
2004-01-22,13.930000305175781,13.9399995803833,13.899999618530273,13.930000305175781,5.432560443878174,9900
2004-01-23,13.920000076293945,13.9399995803833,13.920000076293945,13.9399995803833,5.436462879180908,6700
2004-01-26,13.930000305175781,13.949999809265137,13.930000305175781,13.949999809265137,5.440363883972168,5700
2004-01-27,13.949999809265137,13.949999809265137,13.930000305175781,13.9399995803833,5.436462879180908,6400
2004-01-28,13.90999984741211,13.979999542236328,13.90999984741211,13.9399995803833,5.436462879180908,10200
2004-01-29,13.9399995803833,13.9399995803833,13.84000015258789,13.84000015258789,5.397462844848633,8300
2004-01-30,13.859999656677246,13.890000343322754,13.75,13.800000190734863,5.381863117218018,8600
2004-02-02,13.819999694824219,13.899999618530273,13.819999694824219,13.84000015258789,5.397462844848633,2800
2004-02-03,13.90999984741211,13.970000267028809,13.84000015258789,13.869999885559082,5.40916109085083,8600
2004-02-04,13.90999984741211,13.920000076293945,13.899999618530273,13.899999618530273,5.420864105224609,1100
2004-02-05,13.930000305175781,13.9399995803833,13.930000305175781,13.9399995803833,5.436462879180908,700
2004-02-06,13.970000267028809,14.039999961853027,13.920000076293945,13.930000305175781,5.432560443878174,10400
2004-02-09,13.930000305175781,13.9399995803833,13.930000305175781,13.930000305175781,5.432560443878174,1400
2004-02-10,13.949999809265137,13.960000038146973,13.949999809265137,13.960000038146973,5.444264888763428,700
2004-02-11,13.920000076293945,13.979999542236328,13.90999984741211,13.970000267028809,5.470108509063721,7900
2004-02-12,13.989999771118164,14.020000457763672,13.989999771118164,14.020000457763672,5.489680767059326,1600
2004-02-13,14.050000190734863,14.100000381469727,14.050000190734863,14.09000015258789,5.517089366912842,2600
2004-02-17,14.1899995803833,14.229999542236328,14.180000305175781,14.180000305175781,5.552329063415527,4700
2004-02-18,14.239999771118164,14.25,14.229999542236328,14.229999542236328,5.571908473968506,2600
2004-02-19,14.069999694824219,14.15999984741211,14.069999694824219,14.119999885559082,5.528834342956543,11700
2004-02-20,14.119999885559082,14.119999885559082,14.119999885559082,14.119999885559082,5.528834342956543,0
2004-02-23,14.100000381469727,14.109999656677246,14.09000015258789,14.109999656677246,5.524927139282227,3100
2004-02-24,14.069999694824219,14.140000343322754,14.069999694824219,14.140000343322754,5.536669731140137,6800
2004-02-25,14.140000343322754,14.140000343322754,14.039999961853027,14.079999923706055,5.513178825378418,5100
2004-02-26,14.100000381469727,14.100000381469727,14.029999732971191,14.029999732971191,5.493596076965332,7800
2004-02-27,14.0600004196167,14.100000381469727,14.0600004196167,14.0600004196167,5.505345344543457,3700
2004-03-01,14.079999923706055,14.119999885559082,14.039999961853027,14.039999961853027,5.497511863708496,20300
2004-03-02,14.069999694824219,14.09000015258789,14.039999961853027,14.069999694824219,5.509260654449463,6700
2004-03-03,14.050000190734863,14.050000190734863,14.029999732971191,14.029999732971191,5.493596076965332,9000
2004-03-04,14.010000228881836,14.010000228881836,13.979999542236328,13.979999542236328,5.474018573760986,7300
2004-03-05,13.989999771118164,14.100000381469727,13.989999771118164,14.100000381469727,5.521007061004639,10700
2004-03-08,14.109999656677246,14.239999771118164,14.109999656677246,14.239999771118164,5.575829029083252,12100
2004-03-09,14.1899995803833,14.220000267028809,14.180000305175781,14.180000305175781,5.552329063415527,6800
2004-03-10,14.210000038146973,14.210000038146973,14.180000305175781,14.210000038146973,5.5640764236450195,1000
2004-03-11,14.1899995803833,14.1899995803833,14.100000381469727,14.100000381469727,5.542851448059082,5400
2004-03-12,14.149999618530273,14.149999618530273,14.069999694824219,14.069999694824219,5.531054496765137,7100
2004-03-15,14.039999961853027,14.079999923706055,14.039999961853027,14.079999923706055,5.534989356994629,1500
2004-03-16,14.09000015258789,14.100000381469727,14.039999961853027,14.100000381469727,5.542851448059082,5800
2004-03-17,14.109999656677246,14.119999885559082,14.010000228881836,14.079999923706055,5.534989356994629,21000
2004-03-18,14.039999961853027,14.039999961853027,13.979999542236328,14.029999732971191,5.515334606170654,4300
2004-03-19,14.0,14.069999694824219,13.989999771118164,14.010000228881836,5.5074687004089355,6800
2004-03-22,14.050000190734863,14.050000190734863,13.989999771118164,14.0,5.5035400390625,3800
2004-03-23,14.039999961853027,14.039999961853027,14.039999961853027,14.039999961853027,5.519266128540039,600
2004-03-24,14.010000228881836,14.069999694824219,13.979999542236328,14.029999732971191,5.515334606170654,8400
2004-03-25,14.0,14.050000190734863,13.989999771118164,13.989999771118164,5.499607086181641,2400
2004-03-26,14.0,14.039999961853027,14.0,14.039999961853027,5.519266128540039,2000
2004-03-29,14.039999961853027,14.039999961853027,13.989999771118164,13.989999771118164,5.499607086181641,2100
2004-03-30,13.989999771118164,13.989999771118164,13.989999771118164,13.989999771118164,5.499607086181641,0
2004-03-31,14.010000228881836,14.0600004196167,14.010000228881836,14.0600004196167,5.527125835418701,700
2004-04-01,14.0600004196167,14.109999656677246,13.989999771118164,13.989999771118164,5.499607086181641,16300
2004-04-02,13.949999809265137,13.970000267028809,13.800000190734863,13.800000190734863,5.424919128417969,16400
2004-04-05,13.75,13.75,13.699999809265137,13.739999771118164,5.401330471038818,9000
2004-04-06,13.699999809265137,13.699999809265137,13.449999809265137,13.449999809265137,5.287327766418457,8800
2004-04-07,13.399999618530273,13.430000305175781,13.300000190734863,13.430000305175781,5.279469013214111,9100
2004-04-08,13.34000015258789,13.390000343322754,13.34000015258789,13.390000343322754,5.263742923736572,18600
2004-04-12,13.380000114440918,13.380000114440918,13.350000381469727,13.350000381469727,5.248015880584717,3200
2004-04-13,13.279999732971191,13.319999694824219,13.279999732971191,13.300000190734863,5.250389575958252,13500
2004-04-14,13.300000190734863,13.319999694824219,13.25,13.25,5.230649948120117,14300
2004-04-15,13.25,13.279999732971191,13.220000267028809,13.279999732971191,5.242494583129883,6700
2004-04-16,13.229999542236328,13.25,13.229999542236328,13.25,5.230649948120117,6800
2004-04-19,13.260000228881836,13.260000228881836,13.229999542236328,13.229999542236328,5.22275447845459,5300
2004-04-20,13.199999809265137,13.25,13.199999809265137,13.25,5.230649948120117,7600
2004-04-21,13.210000038146973,13.210000038146973,12.960000038146973,13.0600004196167,5.15564489364624,13400
2004-04-22,13.0,13.050000190734863,12.989999771118164,12.989999771118164,5.12800931930542,10100
2004-04-23,13.010000228881836,13.050000190734863,12.970000267028809,12.970000267028809,5.1201171875,6800
2004-04-26,12.920000076293945,13.0,12.729999542236328,12.75,5.033266544342041,16700
2004-04-27,12.760000228881836,12.899999618530273,12.760000228881836,12.850000381469727,5.0727410316467285,6600
2004-04-28,12.84000015258789,12.84000015258789,12.640000343322754,12.699999809265137,5.013527870178223,42700
2004-04-29,12.699999809265137,12.829999923706055,12.699999809265137,12.829999923706055,5.064846992492676,11100
2004-04-30,12.789999961853027,12.960000038146973,12.789999961853027,12.880000114440918,5.0845842361450195,11500
2004-05-03,12.869999885559082,12.880000114440918,12.859999656677246,12.869999885559082,5.080639362335205,10200
2004-05-04,12.880000114440918,12.920000076293945,12.869999885559082,12.869999885559082,5.080639362335205,7000
2004-05-05,12.920000076293945,12.9399995803833,12.920000076293945,12.9399995803833,5.108267784118652,1900
2004-05-06,12.899999618530273,12.899999618530273,12.850000381469727,12.859999656677246,5.076689720153809,6500
2004-05-07,12.760000228881836,12.760000228881836,12.609999656677246,12.609999656677246,4.97799825668335,10000
2004-05-10,12.569999694824219,12.59000015258789,12.520000457763672,12.520000457763672,4.942471504211426,3700
2004-05-11,12.5600004196167,12.600000381469727,12.539999961853027,12.600000381469727,4.974052429199219,4800
2004-05-12,12.569999694824219,12.739999771118164,12.569999694824219,12.739999771118164,5.051768779754639,10200
2004-05-13,12.84000015258789,12.84000015258789,12.600000381469727,12.710000038146973,5.0398736000061035,11600
2004-05-14,12.680000305175781,12.729999542236328,12.680000305175781,12.729999542236328,5.04780387878418,4900
2004-05-17,12.720000267028809,12.720000267028809,12.720000267028809,12.720000267028809,5.043840408325195,1700
2004-05-18,12.75,12.819999694824219,12.75,12.819999694824219,5.083489894866943,1200
2004-05-19,12.779999732971191,12.920000076293945,12.779999732971191,12.869999885559082,5.10331916809082,7400
2004-05-20,12.819999694824219,13.0,12.819999694824219,13.0,5.154865741729736,9600
2004-05-21,13.039999961853027,13.050000190734863,13.039999961853027,13.050000190734863,5.1746931076049805,8000
2004-05-24,13.010000228881836,13.039999961853027,12.859999656677246,13.039999961853027,5.170727729797363,12200
2004-05-25,12.899999618530273,13.0600004196167,12.899999618530273,12.979999542236328,5.146937847137451,8100
2004-05-26,12.920000076293945,13.020000457763672,12.90999984741211,13.020000457763672,5.162797451019287,2400
2004-05-27,13.069999694824219,13.140000343322754,13.050000190734863,13.140000343322754,5.210380554199219,3800
2004-05-28,13.039999961853027,13.180000305175781,13.039999961853027,13.180000305175781,5.2262444496154785,4700
2004-06-01,13.199999809265137,13.199999809265137,13.149999618530273,13.149999618530273,5.214350700378418,500
2004-06-02,13.199999809265137,13.229999542236328,13.130000114440918,13.130000114440918,5.206421375274658,2400
2004-06-03,13.0600004196167,13.15999984741211,13.0600004196167,13.140000343322754,5.210380554199219,7600
2004-06-04,13.100000381469727,13.15999984741211,13.100000381469727,13.15999984741211,5.218313694000244,1800
2004-06-07,13.170000076293945,13.180000305175781,13.119999885559082,13.119999885559082,5.202451229095459,2700
2004-06-08,13.119999885559082,13.119999885559082,13.0600004196167,13.069999694824219,5.182628631591797,5300
2004-06-09,13.100000381469727,13.100000381469727,12.930000305175781,13.050000190734863,5.1746931076049805,12000
2004-06-10,13.039999961853027,13.039999961853027,13.039999961853027,13.039999961853027,5.170727729797363,200
2004-06-14,12.930000305175781,12.930000305175781,12.890000343322754,12.890000343322754,5.132901668548584,3700
2004-06-15,12.880000114440918,12.880000114440918,12.829999923706055,12.859999656677246,5.120955944061279,10500
2004-06-16,12.869999885559082,12.869999885559082,12.710000038146973,12.710000038146973,5.06122350692749,10500
2004-06-17,12.720000267028809,12.720000267028809,12.649999618530273,12.720000267028809,5.065206527709961,7900
2004-06-18,12.699999809265137,12.800000190734863,12.649999618530273,12.800000190734863,5.097060203552246,12400
2004-06-21,12.789999961853027,12.800000190734863,12.789999961853027,12.800000190734863,5.097060203552246,600
2004-06-22,12.800000190734863,12.800000190734863,12.739999771118164,12.75,5.077152729034424,3400
2004-06-23,12.720000267028809,12.720000267028809,12.720000267028809,12.720000267028809,5.065206527709961,1000
2004-06-24,12.789999961853027,12.800000190734863,12.770000457763672,12.770000457763672,5.0851149559021,4300
2004-06-25,12.75,12.779999732971191,12.699999809265137,12.720000267028809,5.065206527709961,19900
2004-06-28,12.75,12.819999694824219,12.75,12.789999961853027,5.093080043792725,8600
2004-06-29,12.800000190734863,12.819999694824219,12.789999961853027,12.800000190734863,5.097060203552246,5400
2004-06-30,12.850000381469727,12.850000381469727,12.8100004196167,12.850000381469727,5.116969108581543,1100
2004-07-01,12.899999618530273,12.9399995803833,12.84000015258789,12.9399995803833,5.152807235717773,2100
2004-07-02,13.0,13.100000381469727,12.970000267028809,12.989999771118164,5.172717571258545,9700
2004-07-06,13.09000015258789,13.09000015258789,13.010000228881836,13.010000228881836,5.1806817054748535,3800
2004-07-07,13.079999923706055,13.109999656677246,13.079999923706055,13.100000381469727,5.216524600982666,2900
2004-07-08,13.010000228881836,13.119999885559082,13.010000228881836,13.109999656677246,5.2205047607421875,6100
2004-07-09,13.109999656677246,13.109999656677246,13.0600004196167,13.0600004196167,5.200598239898682,800
2004-07-12,13.050000190734863,13.109999656677246,13.050000190734863,13.079999923706055,5.208560943603516,6500
2004-07-13,13.020000457763672,13.029999732971191,13.020000457763672,13.029999732971191,5.210561752319336,400
2004-07-14,13.039999961853027,13.079999923706055,13.039999961853027,13.079999923706055,5.230553150177002,900
2004-07-15,13.069999694824219,13.109999656677246,13.069999694824219,13.09000015258789,5.234555721282959,8900
2004-07-16,13.050000190734863,13.109999656677246,13.050000190734863,13.09000015258789,5.234555721282959,2000
2004-07-19,13.09000015258789,13.119999885559082,13.079999923706055,13.079999923706055,5.230553150177002,4700
2004-07-20,13.109999656677246,13.119999885559082,13.109999656677246,13.119999885559082,5.246548652648926,2700
2004-07-21,13.149999618530273,13.149999618530273,12.949999809265137,12.949999809265137,5.178566932678223,7600
2004-07-22,13.020000457763672,13.020000457763672,12.930000305175781,12.970000267028809,5.186564922332764,8600
2004-07-23,12.979999542236328,13.0,12.970000267028809,13.0,5.198563575744629,3200
2004-07-26,13.25,13.25,13.09000015258789,13.130000114440918,5.250551700592041,7700
2004-07-27,13.140000343322754,13.149999618530273,12.989999771118164,12.989999771118164,5.19456148147583,14500
2004-07-28,13.0,13.09000015258789,12.970000267028809,13.09000015258789,5.234555721282959,7000
2004-07-29,13.109999656677246,13.149999618530273,13.09000015258789,13.109999656677246,5.242545127868652,5700
2004-07-30,13.149999618530273,13.149999618530273,13.100000381469727,13.109999656677246,5.242545127868652,12600
2004-08-02,13.15999984741211,13.1899995803833,13.140000343322754,13.1899995803833,5.274543762207031,5800
2004-08-03,13.199999809265137,13.220000267028809,13.149999618530273,13.149999618530273,5.258547306060791,16000
2004-08-04,13.25,13.25,13.09000015258789,13.130000114440918,5.250551700592041,18800
2004-08-05,13.1899995803833,13.199999809265137,13.149999618530273,13.149999618530273,5.258547306060791,8200
2004-08-06,13.199999809265137,13.350000381469727,13.199999809265137,13.350000381469727,5.338524341583252,11700
2004-08-09,13.329999923706055,13.329999923706055,13.229999542236328,13.25,5.298537254333496,3400
2004-08-10,13.260000228881836,13.329999923706055,13.260000228881836,13.289999961853027,5.314529895782471,4700
2004-08-11,13.279999732971191,13.279999732971191,13.25,13.25,5.320553779602051,800
2004-08-12,13.279999732971191,13.279999732971191,13.239999771118164,13.239999771118164,5.316535949707031,1500
2004-08-13,13.229999542236328,13.3100004196167,13.229999542236328,13.270000457763672,5.328583240509033,7900
2004-08-16,13.3100004196167,13.329999923706055,13.300000190734863,13.319999694824219,5.348659992218018,2000
2004-08-17,13.329999923706055,13.34000015258789,13.3100004196167,13.34000015258789,5.356695175170898,6300
2004-08-18,13.3100004196167,13.3100004196167,13.279999732971191,13.289999961853027,5.3366169929504395,2700
2004-08-19,13.289999961853027,13.380000114440918,13.289999961853027,13.319999694824219,5.348659992218018,2000
2004-08-20,13.3100004196167,13.399999618530273,13.289999961853027,13.319999694824219,5.348659992218018,2700
2004-08-23,13.300000190734863,13.529999732971191,13.300000190734863,13.489999771118164,5.416926860809326,10200
2004-08-24,13.25,13.350000381469727,13.25,13.350000381469727,5.3607096672058105,11400
2004-08-25,13.34000015258789,13.430000305175781,13.300000190734863,13.420000076293945,5.388810634613037,7500
2004-08-26,13.369999885559082,13.399999618530273,13.350000381469727,13.359999656677246,5.36472225189209,3200
2004-08-27,13.420000076293945,13.460000038146973,13.420000076293945,13.460000038146973,5.404881954193115,3600
2004-08-30,13.5600004196167,13.5600004196167,13.399999618530273,13.399999618530273,5.3807854652404785,3800
2004-08-31,13.449999809265137,13.449999809265137,13.4399995803833,13.449999809265137,5.400861740112305,7600
2004-09-01,13.399999618530273,13.479999542236328,13.399999618530273,13.4399995803833,5.396846771240234,3300
2004-09-02,13.529999732971191,13.529999732971191,13.479999542236328,13.529999732971191,5.43298864364624,3200
2004-09-03,13.399999618530273,13.399999618530273,13.350000381469727,13.380000114440918,5.372753620147705,1900
2004-09-07,13.390000343322754,13.390000343322754,13.390000343322754,13.390000343322754,5.376770496368408,700
2004-09-08,13.489999771118164,13.510000228881836,13.380000114440918,13.380000114440918,5.372753620147705,12100
2004-09-09,13.390000343322754,13.470000267028809,13.390000343322754,13.460000038146973,5.404881954193115,1100
2004-09-10,13.420000076293945,13.420000076293945,13.40999984741211,13.40999984741211,5.38479471206665,600
2004-09-13,13.359999656677246,13.430000305175781,13.359999656677246,13.380000114440918,5.3948798179626465,2300
2004-09-14,13.350000381469727,13.40999984741211,13.350000381469727,13.380000114440918,5.3948798179626465,4600
2004-09-15,13.34000015258789,13.380000114440918,13.34000015258789,13.359999656677246,5.386817932128906,3300
2004-09-16,13.390000343322754,13.399999618530273,13.380000114440918,13.390000343322754,5.3989152908325195,3000
2004-09-17,13.449999809265137,13.479999542236328,13.390000343322754,13.479999542236328,5.4351983070373535,7500
2004-09-20,13.4399995803833,13.4399995803833,13.399999618530273,13.399999618530273,5.402945041656494,2500
2004-09-21,13.399999618530273,13.460000038146973,13.399999618530273,13.460000038146973,5.427135944366455,1400
2004-09-22,13.460000038146973,13.529999732971191,13.399999618530273,13.520000457763672,5.451330661773682,5200
2004-09-23,13.529999732971191,13.600000381469727,13.489999771118164,13.600000381469727,5.483583450317383,17400
2004-09-24,13.640000343322754,13.699999809265137,13.640000343322754,13.699999809265137,5.52390193939209,4500
2004-09-27,13.6899995803833,13.6899995803833,13.5,13.5600004196167,5.467453956604004,10800
2004-09-28,13.539999961853027,13.65999984741211,13.479999542236328,13.479999542236328,5.4351983070373535,9400
2004-09-29,13.449999809265137,13.520000457763672,13.380000114440918,13.520000457763672,5.451330661773682,18300
2004-09-30,13.670000076293945,13.670000076293945,13.510000228881836,13.510000228881836,5.447300910949707,9200
2004-10-01,13.579999923706055,13.65999984741211,13.579999923706055,13.65999984741211,5.507779598236084,10900
2004-10-04,13.65999984741211,13.65999984741211,13.529999732971191,13.649999618530273,5.503741264343262,2400
2004-10-05,13.5600004196167,13.649999618530273,13.5600004196167,13.5600004196167,5.467453956604004,3600
2004-10-06,13.539999961853027,13.65999984741211,13.539999961853027,13.59000015258789,5.479555130004883,1900
2004-10-07,13.640000343322754,13.640000343322754,13.630000114440918,13.630000114440918,5.4956841468811035,3500
2004-10-08,13.65999984741211,13.6899995803833,13.649999618530273,13.6899995803833,5.519876956939697,5500
2004-10-11,13.6899995803833,13.6899995803833,13.6899995803833,13.6899995803833,5.519876956939697,0
2004-10-12,13.65999984741211,13.680000305175781,13.619999885559082,13.630000114440918,5.4956841468811035,5000
2004-10-13,13.670000076293945,13.670000076293945,13.59000015258789,13.670000076293945,5.5341410636901855,3400
2004-10-14,13.670000076293945,13.670000076293945,13.670000076293945,13.670000076293945,5.5341410636901855,0
2004-10-15,13.680000305175781,13.6899995803833,13.600000381469727,13.6899995803833,5.542236328125,3400
2004-10-18,13.6899995803833,13.6899995803833,13.619999885559082,13.619999885559082,5.5138983726501465,3000
2004-10-19,13.619999885559082,13.619999885559082,13.520000457763672,13.520000457763672,5.4734206199646,5500
2004-10-20,13.510000228881836,13.600000381469727,13.489999771118164,13.489999771118164,5.461268901824951,11100
2004-10-21,13.489999771118164,13.520000457763672,13.460000038146973,13.479999542236328,5.45721960067749,2100
2004-10-22,13.520000457763672,13.520000457763672,13.520000457763672,13.520000457763672,5.4734206199646,100
2004-10-25,13.520000457763672,13.520000457763672,13.479999542236328,13.479999542236328,5.45721960067749,8800
2004-10-26,13.5,13.579999923706055,13.5,13.529999732971191,5.4774651527404785,8800
2004-10-27,13.520000457763672,13.539999961853027,13.520000457763672,13.529999732971191,5.4774651527404785,5400
2004-10-28,13.520000457763672,13.520000457763672,13.4399995803833,13.479999542236328,5.45721960067749,3600
2004-10-29,13.479999542236328,13.479999542236328,13.4399995803833,13.460000038146973,5.449127197265625,9300
2004-11-01,13.489999771118164,13.489999771118164,13.399999618530273,13.399999618530273,5.4248366355896,20400
2004-11-02,13.420000076293945,13.460000038146973,13.420000076293945,13.460000038146973,5.449127197265625,7700
2004-11-03,13.460000038146973,13.470000267028809,13.420000076293945,13.470000267028809,5.4531731605529785,2500
2004-11-04,13.479999542236328,13.489999771118164,13.4399995803833,13.449999809265137,5.445075511932373,3100
2004-11-05,13.449999809265137,13.449999809265137,13.270000457763672,13.380000114440918,5.416736602783203,13200
2004-11-08,13.34000015258789,13.34000015258789,13.1899995803833,13.1899995803833,5.339818477630615,7400
2004-11-09,13.140000343322754,13.199999809265137,13.039999961853027,13.199999809265137,5.343868255615234,14200
2004-11-10,13.170000076293945,13.170000076293945,13.119999885559082,13.119999885559082,5.333700180053711,4200
2004-11-11,13.119999885559082,13.199999809265137,13.119999885559082,13.199999809265137,5.366227149963379,12000
2004-11-12,13.199999809265137,13.229999542236328,13.15999984741211,13.1899995803833,5.3621625900268555,4700
2004-11-15,13.229999542236328,13.289999961853027,13.229999542236328,13.289999961853027,5.402815341949463,1900
2004-11-16,13.289999961853027,13.34000015258789,13.279999732971191,13.329999923706055,5.4190778732299805,7000
2004-11-17,13.430000305175781,13.449999809265137,13.279999732971191,13.350000381469727,5.4272074699401855,13000
2004-11-18,13.350000381469727,13.4399995803833,13.279999732971191,13.40999984741211,5.451597213745117,7200
2004-11-19,13.399999618530273,13.399999618530273,13.270000457763672,13.270000457763672,5.394684791564941,4000
2004-11-22,13.270000457763672,13.279999732971191,13.270000457763672,13.270000457763672,5.394684791564941,3100
2004-11-23,13.270000457763672,13.380000114440918,13.270000457763672,13.359999656677246,5.431273937225342,2300
2004-11-24,13.369999885559082,13.399999618530273,13.369999885559082,13.399999618530273,5.447535514831543,2000
2004-11-26,13.399999618530273,13.399999618530273,13.399999618530273,13.399999618530273,5.447535514831543,100
2004-11-29,13.399999618530273,13.399999618530273,13.279999732971191,13.34000015258789,5.4231462478637695,8600
2004-11-30,13.279999732971191,13.319999694824219,13.199999809265137,13.199999809265137,5.366227149963379,6500
2004-12-01,13.180000305175781,13.329999923706055,13.15999984741211,13.329999923706055,5.4190778732299805,9000
2004-12-02,13.420000076293945,13.420000076293945,13.25,13.300000190734863,5.4068803787231445,6600
2004-12-03,13.359999656677246,13.40999984741211,13.260000228881836,13.260000228881836,5.390620231628418,4000
2004-12-06,13.359999656677246,13.359999656677246,13.279999732971191,13.289999961853027,5.402815341949463,11400
2004-12-07,13.3100004196167,13.359999656677246,13.300000190734863,13.359999656677246,5.431273937225342,1200
2004-12-08,13.300000190734863,13.380000114440918,13.289999961853027,13.380000114440918,5.439402103424072,6600
2004-12-09,13.319999694824219,13.319999694824219,13.279999732971191,13.279999732971191,5.398749351501465,3500
2004-12-10,13.270000457763672,13.3100004196167,13.270000457763672,13.300000190734863,5.4068803787231445,4500
2004-12-13,13.199999809265137,13.300000190734863,13.130000114440918,13.229999542236328,5.457618713378906,8400
2004-12-14,13.4399995803833,13.4399995803833,13.220000267028809,13.229999542236328,5.457618713378906,11600
2004-12-15,13.25,13.34000015258789,13.25,13.34000015258789,5.503000259399414,7700
2004-12-16,13.270000457763672,13.270000457763672,13.199999809265137,13.210000038146973,5.449374198913574,10200
2004-12-17,13.140000343322754,13.199999809265137,13.109999656677246,13.119999885559082,5.412238121032715,10600
2004-12-20,13.119999885559082,13.149999618530273,13.0,13.0,5.362740993499756,15800
2004-12-21,13.010000228881836,13.020000457763672,13.010000228881836,13.010000228881836,5.3668646812438965,2200
2004-12-22,13.100000381469727,13.100000381469727,12.970000267028809,12.970000267028809,5.350363731384277,10000
2004-12-23,12.970000267028809,13.050000190734863,12.970000267028809,13.050000190734863,5.383365631103516,4500
2004-12-27,13.010000228881836,13.069999694824219,13.0,13.0,5.362740993499756,9600
2004-12-28,13.0,13.149999618530273,13.0,13.119999885559082,5.412238121032715,8000
2004-12-29,13.170000076293945,13.170000076293945,13.0600004196167,13.130000114440918,5.416367053985596,6400
2004-12-30,13.020000457763672,13.180000305175781,13.020000457763672,13.029999732971191,5.375116348266602,18400
2004-12-31,13.130000114440918,13.1899995803833,13.09000015258789,13.09000015258789,5.399866580963135,4100
2005-01-03,13.09000015258789,13.09000015258789,13.09000015258789,13.09000015258789,5.399866580963135,0
2005-01-04,13.149999618530273,13.180000305175781,13.149999618530273,13.180000305175781,5.436995029449463,2800
2005-01-05,13.180000305175781,13.289999961853027,13.180000305175781,13.1899995803833,5.441120624542236,7300
2005-01-06,13.220000267028809,13.220000267028809,13.220000267028809,13.220000267028809,5.453497886657715,100
2005-01-07,13.270000457763672,13.289999961853027,13.25,13.289999961853027,5.4823713302612305,2700
2005-01-10,13.350000381469727,13.369999885559082,13.289999961853027,13.359999656677246,5.511249542236328,12200
2005-01-11,13.350000381469727,13.420000076293945,13.210000038146973,13.210000038146973,5.449374198913574,18300
2005-01-12,13.149999618530273,13.34000015258789,13.149999618530273,13.289999961853027,5.505295276641846,10600
2005-01-13,13.289999961853027,13.359999656677246,13.279999732971191,13.3100004196167,5.513577938079834,5300
2005-01-14,13.3100004196167,13.359999656677246,13.270000457763672,13.279999732971191,5.501150608062744,6900
2005-01-18,13.319999694824219,13.319999694824219,13.050000190734863,13.130000114440918,5.439013957977295,15300
2005-01-19,13.170000076293945,13.239999771118164,13.170000076293945,13.1899995803833,5.463870048522949,6600
2005-01-20,13.260000228881836,13.260000228881836,13.180000305175781,13.220000267028809,5.476296901702881,9800
2005-01-21,13.220000267028809,13.239999771118164,13.149999618530273,13.1899995803833,5.463870048522949,5000
2005-01-24,13.210000038146973,13.300000190734863,13.210000038146973,13.300000190734863,5.509433746337891,3200
2005-01-25,13.300000190734863,13.3100004196167,13.289999961853027,13.3100004196167,5.513577938079834,12200
2005-01-26,13.319999694824219,13.369999885559082,13.319999694824219,13.369999885559082,5.53843355178833,2100
2005-01-27,13.34000015258789,13.350000381469727,13.300000190734863,13.329999923706055,5.521865367889404,9200
2005-01-28,13.350000381469727,13.4399995803833,13.350000381469727,13.430000305175781,5.56328821182251,3900
2005-01-31,13.350000381469727,13.600000381469727,13.350000381469727,13.59000015258789,5.629566192626953,6000
2005-02-01,13.609999656677246,13.619999885559082,13.600000381469727,13.600000381469727,5.633707046508789,2100
2005-02-02,13.619999885559082,13.619999885559082,13.5600004196167,13.569999694824219,5.621282577514648,5500
2005-02-03,13.550000190734863,13.619999885559082,13.5,13.619999885559082,5.64199161529541,4400
2005-02-04,13.619999885559082,13.699999809265137,13.619999885559082,13.699999809265137,5.6751298904418945,8300
2005-02-07,13.600000381469727,13.65999984741211,13.59000015258789,13.59000015258789,5.629566192626953,4100
2005-02-08,13.6899995803833,13.6899995803833,13.59000015258789,13.640000343322754,5.65028190612793,18400
2005-02-09,13.699999809265137,13.869999885559082,13.479999542236328,13.600000381469727,5.633707046508789,30500
2005-02-10,13.600000381469727,13.739999771118164,13.569999694824219,13.729999542236328,5.68756103515625,14000
2005-02-11,13.739999771118164,13.739999771118164,13.579999923706055,13.579999923706055,5.648046016693115,14100
2005-02-14,13.579999923706055,13.65999984741211,13.579999923706055,13.65999984741211,5.681321144104004,5900
2005-02-15,13.640000343322754,13.640000343322754,13.579999923706055,13.579999923706055,5.648046016693115,3500
2005-02-16,13.59000015258789,13.600000381469727,13.59000015258789,13.600000381469727,5.656366348266602,700
2005-02-17,13.600000381469727,13.600000381469727,13.579999923706055,13.579999923706055,5.648046016693115,15900
2005-02-18,13.569999694824219,13.59000015258789,13.569999694824219,13.569999694824219,5.643889904022217,6900
2005-02-22,13.569999694824219,13.649999618530273,13.569999694824219,13.569999694824219,5.643889904022217,7400
2005-02-23,13.579999923706055,13.6899995803833,13.579999923706055,13.6899995803833,5.693796157836914,1100
2005-02-24,13.600000381469727,13.619999885559082,13.510000228881836,13.619999885559082,5.66468620300293,12100
2005-02-25,13.619999885559082,13.680000305175781,13.579999923706055,13.680000305175781,5.689641952514648,1600
2005-02-28,13.680000305175781,13.680000305175781,13.600000381469727,13.600000381469727,5.656366348266602,9000
2005-03-01,13.59000015258789,13.59000015258789,13.5,13.59000015258789,5.652204990386963,3600
2005-03-02,13.6899995803833,13.6899995803833,13.569999694824219,13.670000076293945,5.68548059463501,4900
2005-03-03,13.699999809265137,13.729999542236328,13.699999809265137,13.729999542236328,5.7104339599609375,1600
2005-03-04,13.739999771118164,13.75,13.739999771118164,13.75,5.718751907348633,1000
2005-03-07,13.75,13.880000114440918,13.75,13.880000114440918,5.772820949554443,3700
2005-03-08,13.869999885559082,13.869999885559082,13.829999923706055,13.829999923706055,5.752025604248047,1100
2005-03-09,13.75,13.75,13.710000038146973,13.729999542236328,5.7104339599609375,2800
2005-03-10,13.729999542236328,13.729999542236328,13.5600004196167,13.5600004196167,5.639729976654053,5500
2005-03-11,13.489999771118164,13.529999732971191,13.489999771118164,13.529999732971191,5.650167465209961,1900
2005-03-14,13.529999732971191,13.529999732971191,13.510000228881836,13.510000228881836,5.641817092895508,700
2005-03-15,13.489999771118164,13.489999771118164,13.479999542236328,13.479999542236328,5.629288673400879,2200
2005-03-16,13.479999542236328,13.479999542236328,13.390000343322754,13.399999618530273,5.595882415771484,3100
2005-03-17,13.449999809265137,13.449999809265137,13.319999694824219,13.369999885559082,5.583352565765381,4300
2005-03-18,13.449999809265137,13.479999542236328,13.350000381469727,13.350000381469727,5.575000286102295,12000
2005-03-21,13.350000381469727,13.380000114440918,13.350000381469727,13.380000114440918,5.587527751922607,3900
2005-03-22,13.390000343322754,13.649999618530273,13.390000343322754,13.640000343322754,5.696104049682617,10100
2005-03-23,13.550000190734863,13.630000114440918,13.510000228881836,13.630000114440918,5.691925048828125,3900
2005-03-24,13.680000305175781,13.680000305175781,13.350000381469727,13.350000381469727,5.575000286102295,6900
2005-03-28,13.100000381469727,13.220000267028809,13.100000381469727,13.220000267028809,5.520716190338135,10800
2005-03-29,13.229999542236328,13.279999732971191,13.229999542236328,13.229999542236328,5.524890899658203,1400
2005-03-30,13.279999732971191,13.329999923706055,13.279999732971191,13.329999923706055,5.566650390625,1000
2005-03-31,13.329999923706055,13.5,13.329999923706055,13.399999618530273,5.595882415771484,1800
2005-04-01,13.479999542236328,13.539999961853027,13.359999656677246,13.479999542236328,5.629288673400879,6000
2005-04-04,13.489999771118164,13.489999771118164,13.319999694824219,13.369999885559082,5.583352565765381,6100
2005-04-05,13.300000190734863,13.420000076293945,13.300000190734863,13.34000015258789,5.570823669433594,1600
2005-04-06,13.390000343322754,13.390000343322754,13.319999694824219,13.319999694824219,5.562474727630615,2300
2005-04-07,13.380000114440918,13.380000114440918,13.300000190734863,13.300000190734863,5.554124355316162,2900
2005-04-08,13.329999923706055,13.329999923706055,13.210000038146973,13.210000038146973,5.516537189483643,3600
2005-04-11,13.260000228881836,13.359999656677246,13.220000267028809,13.260000228881836,5.537415981292725,9700
2005-04-12,13.199999809265137,13.220000267028809,13.1899995803833,13.220000267028809,5.520716190338135,8800
2005-04-13,13.170000076293945,13.350000381469727,13.170000076293945,13.260000228881836,5.560547351837158,10700
2005-04-14,13.270000457763672,13.359999656677246,13.270000457763672,13.359999656677246,5.602487087249756,4800
2005-04-15,13.359999656677246,13.449999809265137,13.319999694824219,13.449999809265137,5.640228748321533,5900
2005-04-18,13.380000114440918,13.4399995803833,13.380000114440918,13.380000114440918,5.610872745513916,3300
2005-04-19,13.430000305175781,13.5,13.420000076293945,13.420000076293945,5.6276469230651855,6000
2005-04-20,13.479999542236328,13.5,13.399999618530273,13.5,5.661195278167725,600
2005-04-21,13.5,13.5,13.350000381469727,13.430000305175781,5.63184118270874,10600
2005-04-22,13.4399995803833,13.4399995803833,13.34000015258789,13.34000015258789,5.594098091125488,5000
2005-04-25,13.399999618530273,13.399999618530273,13.260000228881836,13.350000381469727,5.59829044342041,8500
2005-04-26,13.359999656677246,13.5,13.359999656677246,13.5,5.661195278167725,6400
2005-04-27,13.649999618530273,13.649999618530273,13.59000015258789,13.59000015258789,5.6989359855651855,5400
2005-04-28,13.649999618530273,13.680000305175781,13.600000381469727,13.600000381469727,5.703126907348633,2300
2005-04-29,13.630000114440918,13.680000305175781,13.619999885559082,13.649999618530273,5.724098205566406,6000
2005-05-02,13.670000076293945,13.699999809265137,13.40999984741211,13.420000076293945,5.6276469230651855,13100
2005-05-03,13.359999656677246,13.460000038146973,13.359999656677246,13.460000038146973,5.644420623779297,4600
2005-05-04,13.529999732971191,13.59000015258789,13.529999732971191,13.59000015258789,5.6989359855651855,4600
2005-05-05,13.59000015258789,13.640000343322754,13.569999694824219,13.569999694824219,5.690553665161133,3300
2005-05-06,13.569999694824219,13.569999694824219,13.449999809265137,13.470000267028809,5.648613929748535,1300
2005-05-09,13.460000038146973,13.630000114440918,13.460000038146973,13.630000114440918,5.715704441070557,4300
2005-05-10,13.640000343322754,13.699999809265137,13.510000228881836,13.529999732971191,5.67377233505249,5800
2005-05-11,13.479999542236328,13.569999694824219,13.479999542236328,13.569999694824219,5.713775157928467,1500
2005-05-12,13.579999923706055,13.59000015258789,13.4399995803833,13.5,5.684300899505615,9700
2005-05-13,13.529999732971191,13.529999732971191,13.479999542236328,13.479999542236328,5.675882339477539,2400
2005-05-16,13.510000228881836,13.539999961853027,13.5,13.539999961853027,5.70114803314209,2300
2005-05-17,13.550000190734863,13.850000381469727,13.5,13.8100004196167,5.8148298263549805,13000
2005-05-18,13.800000190734863,13.800000190734863,13.770000457763672,13.770000457763672,5.797984600067139,4900
2005-05-19,13.84000015258789,13.850000381469727,13.770000457763672,13.770000457763672,5.797984600067139,4600
2005-05-20,13.829999923706055,13.84000015258789,13.829999923706055,13.829999923706055,5.823246002197266,500
2005-05-23,13.779999732971191,13.84000015258789,13.779999732971191,13.800000190734863,5.810616970062256,2000
2005-05-24,13.800000190734863,13.800000190734863,13.779999732971191,13.779999732971191,5.802193641662598,3300
2005-05-25,13.800000190734863,13.800000190734863,13.779999732971191,13.779999732971191,5.802193641662598,8800
2005-05-26,13.779999732971191,13.800000190734863,13.720000267028809,13.760000228881836,5.793773174285889,3900
2005-05-27,13.850000381469727,13.850000381469727,13.760000228881836,13.850000381469727,5.831672668457031,2800
2005-05-31,13.880000114440918,13.899999618530273,13.760000228881836,13.760000228881836,5.793773174285889,5800
2005-06-01,13.829999923706055,13.890000343322754,13.829999923706055,13.880000114440918,5.844308376312256,3400
2005-06-02,13.880000114440918,13.899999618530273,13.819999694824219,13.84000015258789,5.827462673187256,5800
2005-06-03,13.880000114440918,13.890000343322754,13.829999923706055,13.829999923706055,5.823246002197266,5300
2005-06-06,13.829999923706055,13.829999923706055,13.819999694824219,13.829999923706055,5.823246002197266,3900
2005-06-07,13.880000114440918,13.899999618530273,13.850000381469727,13.850000381469727,5.831672668457031,7500
2005-06-08,13.859999656677246,13.890000343322754,13.84000015258789,13.850000381469727,5.831672668457031,11900
2005-06-09,13.850000381469727,13.890000343322754,13.829999923706055,13.829999923706055,5.823246002197266,2200
2005-06-10,13.739999771118164,13.899999618530273,13.739999771118164,13.859999656677246,5.8358869552612305,17900
2005-06-13,13.8100004196167,13.899999618530273,13.710000038146973,13.710000038146973,5.795725345611572,10500
2005-06-14,13.8100004196167,13.899999618530273,13.729999542236328,13.890000343322754,5.871819019317627,13800
2005-06-15,13.899999618530273,13.899999618530273,13.800000190734863,13.800000190734863,5.833766937255859,1100
2005-06-16,13.720000267028809,13.869999885559082,13.720000267028809,13.869999885559082,5.8633599281311035,1900
2005-06-17,13.859999656677246,13.899999618530273,13.859999656677246,13.899999618530273,5.876042366027832,3000
2005-06-20,13.899999618530273,13.899999618530273,13.829999923706055,13.899999618530273,5.876042366027832,3600
2005-06-21,13.819999694824219,13.899999618530273,13.800000190734863,13.850000381469727,5.854904651641846,10100
2005-06-22,13.850000381469727,13.899999618530273,13.850000381469727,13.899999618530273,5.876042366027832,5100
2005-06-23,13.899999618530273,14.0,13.819999694824219,13.979999542236328,5.909865379333496,8700
2005-06-24,13.880000114440918,13.9399995803833,13.880000114440918,13.9399995803833,5.892948150634766,1900
2005-06-27,13.9399995803833,13.9399995803833,13.880000114440918,13.880000114440918,5.867592811584473,3000
2005-06-28,13.949999809265137,13.970000267028809,13.880000114440918,13.880000114440918,5.867592811584473,1100
2005-06-29,13.890000343322754,14.0,13.869999885559082,13.970000267028809,5.905628204345703,15100
2005-06-30,13.989999771118164,14.0,13.970000267028809,13.979999542236328,5.909865379333496,1400
2005-07-01,14.0,14.050000190734863,13.800000190734863,14.0,5.918321132659912,17100
2005-07-05,14.100000381469727,14.180000305175781,14.100000381469727,14.180000305175781,5.994406700134277,21800
2005-07-06,14.1899995803833,14.25,14.1899995803833,14.199999809265137,6.002863883972168,6100
2005-07-07,14.300000190734863,14.369999885559082,14.239999771118164,14.369999885559082,6.074728012084961,7000
2005-07-08,14.359999656677246,14.380000114440918,14.270000457763672,14.329999923706055,6.057821750640869,9200
2005-07-11,14.350000381469727,14.350000381469727,14.109999656677246,14.149999618530273,5.981723308563232,11500
2005-07-12,14.25,14.5,14.180000305175781,14.199999809265137,6.002863883972168,20700
2005-07-13,14.149999618530273,14.350000381469727,14.149999618530273,14.289999961853027,6.06439733505249,1900
2005-07-14,14.300000190734863,14.300000190734863,14.15999984741211,14.170000076293945,6.013472080230713,1100
2005-07-15,14.149999618530273,14.149999618530273,14.0600004196167,14.119999885559082,5.99225378036499,6100
2005-07-18,14.149999618530273,14.149999618530273,14.119999885559082,14.119999885559082,5.99225378036499,2000
2005-07-19,14.140000343322754,14.199999809265137,14.100000381469727,14.170000076293945,6.013472080230713,5000
2005-07-20,14.180000305175781,14.180000305175781,14.0,14.079999923706055,5.975281238555908,8100
2005-07-21,14.010000228881836,14.109999656677246,14.010000228881836,14.069999694824219,5.971035480499268,8600
2005-07-22,14.100000381469727,14.1899995803833,14.09000015258789,14.1899995803833,6.021960735321045,15700
2005-07-25,14.229999542236328,14.489999771118164,14.210000038146973,14.489999771118164,6.14927864074707,6200
2005-07-26,14.460000038146973,14.489999771118164,14.449999809265137,14.489999771118164,6.14927864074707,8800
2005-07-27,14.5600004196167,14.569999694824219,14.449999809265137,14.449999809265137,6.132301330566406,8600
2005-07-28,14.1899995803833,14.239999771118164,14.1899995803833,14.229999542236328,6.038930892944336,16500
2005-07-29,14.1899995803833,14.220000267028809,14.09000015258789,14.09000015258789,5.979525089263916,7400
2005-08-01,14.079999923706055,14.100000381469727,14.079999923706055,14.09000015258789,5.979525089263916,700
2005-08-02,14.100000381469727,14.100000381469727,14.020000457763672,14.0600004196167,5.96679162979126,9600
2005-08-03,14.0600004196167,14.09000015258789,14.050000190734863,14.050000190734863,5.962551116943359,7000
2005-08-04,14.079999923706055,14.079999923706055,14.029999732971191,14.029999732971191,5.9540605545043945,3200
2005-08-05,14.029999732971191,14.029999732971191,13.949999809265137,13.949999809265137,5.920106410980225,10400
2005-08-08,13.960000038146973,13.960000038146973,13.9399995803833,13.9399995803833,5.915868282318115,2600
2005-08-09,13.850000381469727,13.920000076293945,13.850000381469727,13.850000381469727,5.877669811248779,7600
2005-08-10,13.899999618530273,13.899999618530273,13.770000457763672,13.770000457763672,5.843719959259033,16300
2005-08-11,13.800000190734863,13.800000190734863,13.600000381469727,13.640000343322754,5.811762809753418,15700
2005-08-12,13.640000343322754,13.65999984741211,13.609999656677246,13.609999656677246,5.798980236053467,17100
2005-08-15,13.609999656677246,13.609999656677246,13.539999961853027,13.5600004196167,5.777679443359375,9200
2005-08-16,13.569999694824219,13.569999694824219,13.520000457763672,13.539999961853027,5.769157886505127,13900
2005-08-17,13.550000190734863,13.550000190734863,13.510000228881836,13.550000190734863,5.773415565490723,22400
2005-08-18,13.579999923706055,13.579999923706055,13.449999809265137,13.550000190734863,5.773415565490723,13500
2005-08-19,13.5600004196167,13.649999618530273,13.5600004196167,13.649999618530273,5.816027641296387,13200
2005-08-22,13.65999984741211,13.760000228881836,13.640000343322754,13.75,5.858633041381836,10100
2005-08-23,13.760000228881836,13.829999923706055,13.75,13.75,5.858633041381836,20800
2005-08-24,13.760000228881836,13.880000114440918,13.760000228881836,13.800000190734863,5.879940032958984,18200
2005-08-25,13.800000190734863,13.859999656677246,13.789999961853027,13.819999694824219,5.888458728790283,4800
2005-08-26,13.829999923706055,13.869999885559082,13.75,13.819999694824219,5.888458728790283,8700
2005-08-29,13.800000190734863,13.890000343322754,13.800000190734863,13.850000381469727,5.90123987197876,8300
2005-08-30,13.890000343322754,13.899999618530273,13.8100004196167,13.8100004196167,5.884199142456055,3000
2005-08-31,13.800000190734863,13.880000114440918,13.779999732971191,13.859999656677246,5.905501842498779,13000
2005-09-01,13.869999885559082,13.920000076293945,13.800000190734863,13.890000343322754,5.918285846710205,20900
2005-09-02,13.9399995803833,13.960000038146973,13.930000305175781,13.960000038146973,5.948105335235596,4900
2005-09-06,13.960000038146973,14.0,13.90999984741211,14.0,5.965157508850098,8900
2005-09-07,14.0,14.100000381469727,13.90999984741211,13.979999542236328,5.956631183624268,8400
2005-09-08,13.979999542236328,14.0,13.920000076293945,14.0,5.965157508850098,13300
2005-09-09,14.0,14.119999885559082,14.0,14.109999656677246,6.01202392578125,7000
2005-09-12,14.119999885559082,14.119999885559082,14.100000381469727,14.119999885559082,6.0162811279296875,4600
2005-09-13,14.039999961853027,14.050000190734863,13.989999771118164,14.050000190734863,6.009868621826172,7500
2005-09-14,14.0,14.140000343322754,13.899999618530273,14.069999694824219,6.0184245109558105,17700
2005-09-15,14.0,14.180000305175781,14.0,14.180000305175781,6.065474510192871,14400
2005-09-16,14.100000381469727,14.180000305175781,14.100000381469727,14.180000305175781,6.065474510192871,4100
2005-09-19,14.220000267028809,14.220000267028809,14.170000076293945,14.210000038146973,6.078310489654541,4100
2005-09-20,14.199999809265137,14.279999732971191,14.109999656677246,14.239999771118164,6.091140270233154,5500
2005-09-21,14.069999694824219,14.350000381469727,14.069999694824219,14.350000381469727,6.138195037841797,18200
2005-09-22,14.350000381469727,14.380000114440918,14.329999923706055,14.380000114440918,6.151022434234619,9700
2005-09-23,14.350000381469727,14.350000381469727,14.34000015258789,14.350000381469727,6.138195037841797,11300
2005-09-26,14.25,14.34000015258789,14.229999542236328,14.289999961853027,6.1125264167785645,3300
2005-09-27,14.329999923706055,14.329999923706055,14.170000076293945,14.3100004196167,6.121083736419678,16800
2005-09-28,14.25,14.350000381469727,14.25,14.270000457763672,6.103973388671875,5400
2005-09-29,14.199999809265137,14.260000228881836,14.199999809265137,14.260000228881836,6.099695682525635,4200
2005-09-30,14.15999984741211,14.229999542236328,14.15999984741211,14.229999542236328,6.086859226226807,4100
2005-10-03,14.130000114440918,14.300000190734863,14.130000114440918,14.300000190734863,6.116804122924805,10300
2005-10-04,14.300000190734863,14.300000190734863,14.199999809265137,14.300000190734863,6.116804122924805,5900
2005-10-05,14.3100004196167,14.319999694824219,14.300000190734863,14.300000190734863,6.116804122924805,600
2005-10-06,14.289999961853027,14.300000190734863,14.25,14.270000457763672,6.103973388671875,2500
2005-10-07,14.260000228881836,14.270000457763672,14.260000228881836,14.260000228881836,6.099695682525635,2500
2005-10-10,14.279999732971191,14.279999732971191,14.220000267028809,14.220000267028809,6.082588195800781,1900
2005-10-11,14.25,14.260000228881836,14.199999809265137,14.260000228881836,6.099695682525635,4400
2005-10-12,14.25,14.260000228881836,14.119999885559082,14.15999984741211,6.080372333526611,2300
2005-10-13,14.199999809265137,14.229999542236328,14.050000190734863,14.050000190734863,6.033139228820801,600
2005-10-14,14.100000381469727,14.149999618530273,14.020000457763672,14.119999885559082,6.0631937980651855,4600
2005-10-17,14.069999694824219,14.130000114440918,13.960000038146973,13.960000038146973,5.994485378265381,6200
2005-10-18,13.949999809265137,14.100000381469727,13.949999809265137,14.100000381469727,6.054609775543213,1600
2005-10-19,14.050000190734863,14.050000190734863,13.899999618530273,14.0,6.01167106628418,2500
2005-10-20,14.020000457763672,14.020000457763672,13.899999618530273,14.020000457763672,6.020255088806152,4400
2005-10-21,14.0,14.010000228881836,13.819999694824219,13.90999984741211,5.973021030426025,5100
2005-10-24,13.90999984741211,13.930000305175781,13.8100004196167,13.880000114440918,5.960138320922852,7500
2005-10-25,13.90999984741211,13.90999984741211,13.729999542236328,13.729999542236328,5.89572811126709,10400
2005-10-26,13.729999542236328,13.970000267028809,13.670000076293945,13.739999771118164,5.900022029876709,9400
2005-10-27,13.800000190734863,13.859999656677246,13.800000190734863,13.859999656677246,5.9515485763549805,1200
2005-10-28,13.8100004196167,13.890000343322754,13.8100004196167,13.890000343322754,5.964433670043945,800
2005-10-31,13.949999809265137,13.949999809265137,13.899999618530273,13.930000305175781,5.98160982131958,11200
2005-11-01,13.930000305175781,13.930000305175781,13.920000076293945,13.920000076293945,5.977314472198486,18600
2005-11-02,14.0,14.020000457763672,13.920000076293945,13.920000076293945,5.977314472198486,3900
2005-11-03,13.979999542236328,14.020000457763672,13.920000076293945,14.020000457763672,6.020255088806152,2200
2005-11-04,13.930000305175781,13.930000305175781,13.90999984741211,13.90999984741211,5.973021030426025,2100
2005-11-07,13.90999984741211,13.90999984741211,13.899999618530273,13.899999618530273,5.968723297119141,1500
2005-11-08,13.899999618530273,13.930000305175781,13.899999618530273,13.930000305175781,5.98160982131958,1400
2005-11-09,13.920000076293945,14.020000457763672,13.899999618530273,14.010000228881836,6.015964031219482,17600
2005-11-10,14.0,14.199999809265137,13.920000076293945,14.199999809265137,6.121580600738525,12200
2005-11-11,14.149999618530273,14.149999618530273,14.0600004196167,14.149999618530273,6.100022315979004,4100
2005-11-14,14.09000015258789,14.180000305175781,13.899999618530273,13.899999618530273,5.992247104644775,7400
2005-11-15,13.979999542236328,13.979999542236328,13.84000015258789,13.890000343322754,5.987937927246094,11400
2005-11-16,13.880000114440918,13.880000114440918,13.869999885559082,13.869999885559082,5.979317665100098,15500
2005-11-17,13.920000076293945,13.970000267028809,13.869999885559082,13.970000267028809,6.022426128387451,7100
2005-11-18,13.979999542236328,13.979999542236328,13.979999542236328,13.979999542236328,6.026738166809082,1700
2005-11-21,13.979999542236328,14.039999961853027,13.880000114440918,14.0,6.035364627838135,7200
2005-11-22,14.350000381469727,14.350000381469727,13.890000343322754,14.020000457763672,6.04398250579834,25900
2005-11-23,14.039999961853027,14.050000190734863,14.039999961853027,14.050000190734863,6.056914806365967,500
2005-11-25,13.970000267028809,13.970000267028809,13.899999618530273,13.899999618530273,5.992247104644775,2500
2005-11-28,13.979999542236328,13.979999542236328,13.890000343322754,13.90999984741211,5.996559143066406,2800
2005-11-29,13.979999542236328,13.979999542236328,13.899999618530273,13.920000076293945,6.000873565673828,2900
2005-11-30,13.949999809265137,13.970000267028809,13.899999618530273,13.970000267028809,6.022426128387451,1200
2005-12-01,13.970000267028809,13.989999771118164,13.970000267028809,13.989999771118164,6.031045913696289,900
2005-12-02,13.989999771118164,14.25,13.890000343322754,13.960000038146973,6.018115520477295,9200
2005-12-05,14.0,14.010000228881836,13.960000038146973,14.0,6.035364627838135,2100
2005-12-06,13.949999809265137,14.020000457763672,13.880000114440918,14.0,6.035364627838135,5900
2005-12-07,14.0,14.130000114440918,14.0,14.130000114440918,6.091405868530273,3500
2005-12-08,14.180000305175781,14.1899995803833,14.09000015258789,14.15999984741211,6.104339599609375,4800
2005-12-09,14.050000190734863,14.1899995803833,14.029999732971191,14.1899995803833,6.117266654968262,2700
2005-12-12,14.09000015258789,14.199999809265137,14.09000015258789,14.149999618530273,6.100022315979004,5800
2005-12-13,14.029999732971191,14.029999732971191,13.9399995803833,13.9399995803833,6.032087326049805,2900
2005-12-14,14.020000457763672,14.170000076293945,13.859999656677246,14.020000457763672,6.066704273223877,6200
2005-12-15,13.949999809265137,13.949999809265137,13.800000190734863,13.8100004196167,5.975834369659424,5100
2005-12-16,13.819999694824219,13.899999618530273,13.800000190734863,13.800000190734863,5.971508502960205,6800
2005-12-19,13.800000190734863,13.960000038146973,13.800000190734863,13.800000190734863,5.971508502960205,6400
2005-12-20,13.859999656677246,13.859999656677246,13.760000228881836,13.760000228881836,5.95419454574585,2100
2005-12-21,13.779999732971191,13.800000190734863,13.760000228881836,13.779999732971191,5.962851524353027,9500
2005-12-22,13.779999732971191,13.8100004196167,13.729999542236328,13.8100004196167,5.975834369659424,10100
2005-12-23,13.75,13.8100004196167,13.550000190734863,13.739999771118164,5.9455461502075195,20400
2005-12-27,13.739999771118164,13.819999694824219,13.539999961853027,13.619999885559082,5.893616676330566,21500
2005-12-28,13.680000305175781,13.699999809265137,13.569999694824219,13.6899995803833,5.923907279968262,19400
2005-12-29,13.6899995803833,13.699999809265137,13.619999885559082,13.65999984741211,5.9109272956848145,8600
2005-12-30,13.6899995803833,13.729999542236328,13.670000076293945,13.699999809265137,5.9282355308532715,2700
2006-01-03,13.710000038146973,13.800000190734863,13.710000038146973,13.800000190734863,5.971508502960205,4300
2006-01-04,13.880000114440918,14.050000190734863,13.880000114440918,13.979999542236328,6.0493950843811035,7800
2006-01-05,14.050000190734863,14.260000228881836,14.050000190734863,14.119999885559082,6.109971523284912,13700
2006-01-06,14.119999885559082,14.260000228881836,14.119999885559082,14.260000228881836,6.17056131362915,8300
2006-01-09,14.300000190734863,14.300000190734863,14.100000381469727,14.100000381469727,6.101322650909424,3900
2006-01-10,14.15999984741211,14.15999984741211,14.020000457763672,14.029999732971191,6.071031093597412,1300
2006-01-11,13.949999809265137,14.0,13.949999809265137,13.970000267028809,6.067990303039551,1300
2006-01-12,13.979999542236328,13.989999771118164,13.800000190734863,13.800000190734863,5.994150638580322,33700
2006-01-13,13.789999961853027,13.880000114440918,13.789999961853027,13.880000114440918,6.028905391693115,4100
2006-01-17,13.84000015258789,13.880000114440918,13.84000015258789,13.880000114440918,6.028905391693115,8100
2006-01-18,13.880000114440918,13.960000038146973,13.850000381469727,13.949999809265137,6.059305191040039,4200
2006-01-19,13.949999809265137,13.949999809265137,13.949999809265137,13.949999809265137,6.059305191040039,0
2006-01-20,13.930000305175781,13.930000305175781,13.869999885559082,13.869999885559082,6.024556636810303,1100
2006-01-23,13.869999885559082,13.949999809265137,13.800000190734863,13.800000190734863,5.994150638580322,18600
2006-01-24,13.819999694824219,13.819999694824219,13.65999984741211,13.680000305175781,5.942026615142822,31400
2006-01-25,13.710000038146973,13.710000038146973,13.649999618530273,13.670000076293945,5.937681674957275,11800
2006-01-26,13.579999923706055,13.680000305175781,13.579999923706055,13.670000076293945,5.937681674957275,5700
2006-01-27,13.680000305175781,13.699999809265137,13.670000076293945,13.680000305175781,5.942026615142822,7100
2006-01-30,13.680000305175781,13.680000305175781,13.579999923706055,13.649999618530273,5.928997039794922,13400
2006-01-31,13.670000076293945,13.670000076293945,13.619999885559082,13.649999618530273,5.928997039794922,22700
2006-02-01,13.680000305175781,13.6899995803833,13.630000114440918,13.670000076293945,5.937681674957275,35100
2006-02-02,13.6899995803833,13.6899995803833,13.619999885559082,13.630000114440918,5.9203104972839355,9800
2006-02-03,13.609999656677246,13.670000076293945,13.609999656677246,13.630000114440918,5.9203104972839355,4000
2006-02-06,13.65999984741211,13.699999809265137,13.65999984741211,13.699999809265137,5.950715065002441,800
2006-02-07,13.699999809265137,13.699999809265137,13.649999618530273,13.680000305175781,5.942026615142822,5500
2006-02-08,13.680000305175781,13.720000267028809,13.65999984741211,13.699999809265137,5.950715065002441,6700
2006-02-09,13.6899995803833,13.720000267028809,13.6899995803833,13.720000267028809,5.959403991699219,2500
2006-02-10,13.729999542236328,13.729999542236328,13.729999542236328,13.729999542236328,5.963742256164551,1600
2006-02-13,13.640000343322754,13.739999771118164,13.630000114440918,13.739999771118164,5.99121618270874,20400
2006-02-14,13.680000305175781,13.75,13.680000305175781,13.75,5.995580196380615,4200
2006-02-15,13.75,13.800000190734863,13.720000267028809,13.739999771118164,5.99121618270874,4200
2006-02-16,13.739999771118164,13.84000015258789,13.739999771118164,13.84000015258789,6.034823417663574,3200
2006-02-17,13.779999732971191,13.859999656677246,13.75,13.800000190734863,6.0173821449279785,15100
2006-02-21,13.779999732971191,13.869999885559082,13.75,13.75,5.995580196380615,9300
2006-02-22,13.800000190734863,13.859999656677246,13.75,13.859999656677246,6.043540954589844,3800
2006-02-23,13.859999656677246,13.859999656677246,13.75,13.8100004196167,6.0217390060424805,7100
2006-02-24,13.770000457763672,13.850000381469727,13.770000457763672,13.770000457763672,6.004298210144043,2200
2006-02-27,13.770000457763672,13.789999961853027,13.770000457763672,13.789999961853027,6.013019561767578,300
2006-02-28,13.819999694824219,13.859999656677246,13.300000190734863,13.720000267028809,5.9824981689453125,69700
2006-03-01,13.729999542236328,13.789999961853027,13.630000114440918,13.670000076293945,5.960698127746582,15200
2006-03-02,13.680000305175781,13.789999961853027,13.600000381469727,13.789999961853027,6.013019561767578,20800
2006-03-03,13.779999732971191,13.779999732971191,13.529999732971191,13.600000381469727,5.930173873901367,26700
2006-03-06,13.569999694824219,13.609999656677246,13.569999694824219,13.609999656677246,5.9345316886901855,7300
2006-03-07,13.609999656677246,13.609999656677246,13.609999656677246,13.609999656677246,5.9345316886901855,1300
2006-03-08,13.609999656677246,13.609999656677246,13.609999656677246,13.609999656677246,5.9345316886901855,500
2006-03-09,13.609999656677246,13.619999885559082,13.569999694824219,13.600000381469727,5.930173873901367,5800
2006-03-10,13.609999656677246,13.619999885559082,13.569999694824219,13.600000381469727,5.930173873901367,5500
2006-03-13,13.510000228881836,13.579999923706055,13.510000228881836,13.579999923706055,5.944615840911865,10800
2006-03-14,13.569999694824219,13.619999885559082,13.520000457763672,13.550000190734863,5.931484222412109,9400
2006-03-15,13.550000190734863,13.579999923706055,13.550000190734863,13.550000190734863,5.931484222412109,2700
2006-03-16,13.5600004196167,13.619999885559082,13.5600004196167,13.609999656677246,5.957751750946045,8600
2006-03-17,13.619999885559082,13.619999885559082,13.579999923706055,13.619999885559082,5.962124824523926,1900
2006-03-20,13.5600004196167,13.640000343322754,13.5600004196167,13.630000114440918,5.9665021896362305,5500
2006-03-21,13.619999885559082,13.680000305175781,13.619999885559082,13.640000343322754,5.970879554748535,7500
2006-03-22,13.649999618530273,13.680000305175781,13.470000267028809,13.539999961853027,5.927109241485596,19300
2006-03-23,13.569999694824219,13.600000381469727,13.569999694824219,13.600000381469727,5.953372955322266,10000
2006-03-24,13.65999984741211,13.65999984741211,13.550000190734863,13.550000190734863,5.931484222412109,11800
2006-03-27,13.600000381469727,13.619999885559082,13.550000190734863,13.609999656677246,5.957751750946045,3800
2006-03-28,13.609999656677246,13.640000343322754,13.529999732971191,13.529999732971191,5.922729015350342,10400
2006-03-29,13.579999923706055,13.630000114440918,13.5600004196167,13.5600004196167,5.9358625411987305,5600
2006-03-30,13.550000190734863,13.609999656677246,13.489999771118164,13.5,5.909595489501953,11500
2006-03-31,13.600000381469727,13.600000381469727,13.470000267028809,13.5600004196167,5.9358625411987305,10000
2006-04-03,13.600000381469727,13.600000381469727,13.470000267028809,13.539999961853027,5.927109241485596,13300
2006-04-04,13.5600004196167,13.579999923706055,13.470000267028809,13.529999732971191,5.922729015350342,5500
2006-04-05,13.5600004196167,13.59000015258789,13.510000228881836,13.529999732971191,5.922729015350342,7300
2006-04-06,13.539999961853027,13.579999923706055,13.5,13.5600004196167,5.9358625411987305,13800
2006-04-07,13.510000228881836,13.539999961853027,13.5,13.5,5.909595489501953,4700
2006-04-10,13.5600004196167,13.649999618530273,13.510000228881836,13.510000228881836,5.913977146148682,22100
2006-04-11,13.5,13.529999732971191,13.5,13.529999732971191,5.946054935455322,10300
2006-04-12,13.460000038146973,13.65999984741211,13.449999809265137,13.5600004196167,5.959240436553955,26300
2006-04-13,13.5600004196167,13.609999656677246,13.510000228881836,13.510000228881836,5.937263011932373,8900
2006-04-17,13.59000015258789,13.59000015258789,13.479999542236328,13.529999732971191,5.946054935455322,11400
2006-04-18,13.520000457763672,13.550000190734863,13.449999809265137,13.479999542236328,5.924081325531006,9800
2006-04-19,13.5,13.5600004196167,13.479999542236328,13.5,5.932868480682373,4500
2006-04-20,13.5,13.65999984741211,13.489999771118164,13.5,5.932868480682373,22000
2006-04-21,13.569999694824219,13.569999694824219,13.489999771118164,13.5,5.932868480682373,6300
2006-04-24,13.489999771118164,13.550000190734863,13.489999771118164,13.550000190734863,5.954846382141113,5400
2006-04-25,13.5,13.5600004196167,13.369999885559082,13.489999771118164,5.928476333618164,22800
2006-04-26,13.5,13.539999961853027,13.4399995803833,13.539999961853027,5.950451374053955,3400
2006-04-27,13.5,13.579999923706055,13.479999542236328,13.579999923706055,5.968026638031006,6400
2006-04-28,13.619999885559082,13.65999984741211,13.600000381469727,13.609999656677246,5.981216907501221,4800
2006-05-01,13.640000343322754,13.819999694824219,13.630000114440918,13.630000114440918,5.990001678466797,33100
2006-05-02,13.550000190734863,13.720000267028809,13.489999771118164,13.539999961853027,5.950451374053955,16400
2006-05-03,13.489999771118164,13.59000015258789,13.489999771118164,13.59000015258789,5.9724225997924805,4000
2006-05-04,13.59000015258789,13.6899995803833,13.550000190734863,13.5600004196167,5.959240436553955,10200
2006-05-05,13.5600004196167,14.25,13.5600004196167,13.720000267028809,6.029557228088379,26300
2006-05-08,13.65999984741211,13.65999984741211,13.579999923706055,13.600000381469727,5.97681999206543,15200
2006-05-09,13.619999885559082,13.619999885559082,13.600000381469727,13.600000381469727,5.97681999206543,3200
2006-05-10,13.619999885559082,13.619999885559082,13.600000381469727,13.600000381469727,5.97681999206543,2100
2006-05-11,13.550000190734863,13.5600004196167,13.550000190734863,13.550000190734863,5.978144645690918,6500
2006-05-12,13.539999961853027,13.550000190734863,13.510000228881836,13.510000228881836,5.960494041442871,11200
2006-05-15,13.550000190734863,13.800000190734863,13.5,13.75,6.066385746002197,2900
2006-05-16,13.850000381469727,13.850000381469727,13.529999732971191,13.539999961853027,5.973731517791748,10100
2006-05-17,13.479999542236328,13.539999961853027,13.479999542236328,13.539999961853027,5.973731517791748,600
2006-05-18,13.539999961853027,13.680000305175781,13.479999542236328,13.680000305175781,6.035495758056641,3800
2006-05-19,13.779999732971191,13.84000015258789,13.720000267028809,13.84000015258789,6.106086730957031,4200
2006-05-22,13.739999771118164,13.739999771118164,13.5,13.529999732971191,5.969318866729736,6400
2006-05-23,13.550000190734863,13.600000381469727,13.449999809265137,13.600000381469727,6.0002031326293945,21200
2006-05-24,13.550000190734863,13.619999885559082,13.5,13.619999885559082,6.009025573730469,4900
2006-05-25,13.649999618530273,13.680000305175781,13.649999618530273,13.670000076293945,6.031083583831787,6900
2006-05-26,13.670000076293945,13.729999542236328,13.630000114440918,13.630000114440918,6.013438701629639,3500
2006-05-30,13.619999885559082,13.720000267028809,13.510000228881836,13.529999732971191,5.969318866729736,7500
2006-05-31,13.5,13.699999809265137,13.5,13.699999809265137,6.044318199157715,9700
2006-06-01,13.649999618530273,13.699999809265137,13.579999923706055,13.6899995803833,6.039907455444336,13700
2006-06-02,13.789999961853027,13.90999984741211,13.699999809265137,13.729999542236328,6.057558059692383,7600
2006-06-05,13.739999771118164,13.739999771118164,13.59000015258789,13.59000015258789,5.995790004730225,8600
2006-06-06,13.59000015258789,13.619999885559082,13.529999732971191,13.600000381469727,6.0002031326293945,7300
2006-06-07,13.579999923706055,13.6899995803833,13.520000457763672,13.520000457763672,5.964906692504883,11400
2006-06-08,13.520000457763672,13.600000381469727,13.5,13.600000381469727,6.0002031326293945,11600
2006-06-09,13.520000457763672,13.619999885559082,13.520000457763672,13.59000015258789,5.995790004730225,1800
2006-06-12,13.539999961853027,13.539999961853027,13.5,13.5,5.956080436706543,3200
2006-06-13,13.460000038146973,13.470000267028809,13.4399995803833,13.449999809265137,5.9574127197265625,4800
2006-06-14,13.449999809265137,13.489999771118164,13.329999923706055,13.489999771118164,5.975129127502441,9200
2006-06-15,13.399999618530273,13.479999542236328,13.399999618530273,13.470000267028809,5.966273784637451,5500
2006-06-16,13.470000267028809,13.470000267028809,13.390000343322754,13.4399995803833,5.952980041503906,10800
2006-06-19,13.4399995803833,13.449999809265137,13.4399995803833,13.449999809265137,5.9574127197265625,4900
2006-06-20,13.449999809265137,13.470000267028809,13.380000114440918,13.449999809265137,5.9574127197265625,4500
2006-06-21,13.460000038146973,13.460000038146973,13.4399995803833,13.4399995803833,5.952980041503906,400
2006-06-22,13.460000038146973,13.640000343322754,13.449999809265137,13.529999732971191,5.992841720581055,12300
2006-06-23,13.470000267028809,13.470000267028809,13.470000267028809,13.470000267028809,5.966273784637451,1500
2006-06-26,13.460000038146973,13.520000457763672,13.390000343322754,13.510000228881836,5.983986854553223,2300
2006-06-27,13.510000228881836,13.510000228881836,13.369999885559082,13.399999618530273,5.9352641105651855,2900
2006-06-28,13.470000267028809,13.479999542236328,13.449999809265137,13.449999809265137,5.9574127197265625,11700
2006-06-29,13.420000076293945,13.470000267028809,13.359999656677246,13.390000343322754,5.930840015411377,9900
2006-06-30,13.359999656677246,13.399999618530273,13.350000381469727,13.399999618530273,5.9352641105651855,14300
2006-07-03,13.449999809265137,13.449999809265137,13.390000343322754,13.430000305175781,5.948551177978516,7500
2006-07-05,13.460000038146973,13.460000038146973,13.399999618530273,13.399999618530273,5.9352641105651855,900
2006-07-06,13.449999809265137,13.449999809265137,13.350000381469727,13.350000381469727,5.913118362426758,3600
2006-07-07,13.369999885559082,13.420000076293945,13.369999885559082,13.369999885559082,5.921976566314697,1000
2006-07-10,13.420000076293945,13.420000076293945,13.350000381469727,13.399999618530273,5.9352641105651855,8400
2006-07-11,13.4399995803833,13.460000038146973,13.369999885559082,13.369999885559082,5.921976566314697,5700
2006-07-12,13.3100004196167,13.3100004196167,13.289999961853027,13.289999961853027,5.909971237182617,800
2006-07-13,13.300000190734863,13.319999694824219,13.199999809265137,13.270000457763672,5.901076793670654,17100
2006-07-14,13.279999732971191,13.300000190734863,13.239999771118164,13.239999771118164,5.887737274169922,2800
2006-07-17,13.239999771118164,13.359999656677246,13.239999771118164,13.359999656677246,5.941099166870117,5100
2006-07-18,13.319999694824219,13.329999923706055,13.270000457763672,13.279999732971191,5.90552282333374,6700
2006-07-19,13.319999694824219,13.390000343322754,13.300000190734863,13.359999656677246,5.941099166870117,12000
2006-07-20,13.34000015258789,13.34000015258789,13.300000190734863,13.3100004196167,5.918869972229004,6000
2006-07-21,13.34000015258789,13.380000114440918,13.3100004196167,13.380000114440918,5.949995994567871,10400
2006-07-24,13.390000343322754,13.460000038146973,13.319999694824219,13.460000038146973,5.985568046569824,9300
2006-07-25,13.470000267028809,13.470000267028809,13.420000076293945,13.420000076293945,5.967782497406006,1700
2006-07-26,13.399999618530273,13.449999809265137,13.350000381469727,13.380000114440918,5.949995994567871,9400
2006-07-27,13.420000076293945,13.4399995803833,13.380000114440918,13.390000343322754,5.954436779022217,6500
2006-07-28,13.399999618530273,13.449999809265137,13.399999618530273,13.449999809265137,5.981123447418213,2400
2006-07-31,13.449999809265137,13.539999961853027,13.449999809265137,13.460000038146973,5.985568046569824,16500
2006-08-01,13.5,13.550000190734863,13.460000038146973,13.460000038146973,5.985568046569824,14800
2006-08-02,13.5,13.550000190734863,13.479999542236328,13.489999771118164,5.998908519744873,4900
2006-08-03,13.529999732971191,13.5600004196167,13.529999732971191,13.5600004196167,6.030037879943848,1000
2006-08-04,13.609999656677246,13.619999885559082,13.529999732971191,13.619999885559082,6.056717395782471,3200
2006-08-07,13.600000381469727,13.6899995803833,13.600000381469727,13.65999984741211,6.074504852294922,2900
2006-08-08,13.729999542236328,13.729999542236328,13.649999618530273,13.649999618530273,6.070056915283203,2600
2006-08-09,13.649999618530273,13.699999809265137,13.5,13.630000114440918,6.061161994934082,7300
2006-08-10,13.539999961853027,13.630000114440918,13.520000457763672,13.569999694824219,6.034482955932617,4600
2006-08-11,13.550000190734863,13.550000190734863,13.399999618530273,13.40999984741211,5.986715793609619,17100
2006-08-14,13.449999809265137,13.460000038146973,13.40999984741211,13.40999984741211,5.986715793609619,5100
2006-08-15,13.40999984741211,13.489999771118164,13.40999984741211,13.479999542236328,6.017963886260986,12300
2006-08-16,13.479999542236328,13.529999732971191,13.479999542236328,13.529999732971191,6.040283203125,3300
2006-08-17,13.5,13.550000190734863,13.489999771118164,13.489999771118164,6.0224289894104,7700
2006-08-18,13.489999771118164,13.550000190734863,13.489999771118164,13.550000190734863,6.049211502075195,15800
2006-08-21,13.489999771118164,13.550000190734863,13.489999771118164,13.550000190734863,6.049211502075195,3800
2006-08-22,13.520000457763672,13.520000457763672,13.520000457763672,13.520000457763672,6.035824775695801,200
2006-08-23,13.539999961853027,13.569999694824219,13.5,13.529999732971191,6.040283203125,21400
2006-08-24,13.529999732971191,13.529999732971191,13.529999732971191,13.529999732971191,6.040283203125,900
2006-08-25,13.550000190734863,13.59000015258789,13.550000190734863,13.59000015258789,6.067073345184326,5100
2006-08-28,13.569999694824219,13.739999771118164,13.569999694824219,13.739999771118164,6.134040355682373,20800
2006-08-29,13.739999771118164,13.789999961853027,13.729999542236328,13.789999961853027,6.156363010406494,10800
2006-08-30,13.75,13.850000381469727,13.75,13.850000381469727,6.1831512451171875,5600
2006-08-31,13.869999885559082,13.899999618530273,13.859999656677246,13.899999618530273,6.2054643630981445,11300
2006-09-01,13.920000076293945,13.920000076293945,13.829999923706055,13.880000114440918,6.196544170379639,8100
2006-09-05,13.859999656677246,13.899999618530273,13.859999656677246,13.859999656677246,6.187609672546387,8900
2006-09-06,13.869999885559082,13.869999885559082,13.630000114440918,13.630000114440918,6.084930896759033,9100
2006-09-07,13.600000381469727,13.729999542236328,13.600000381469727,13.699999809265137,6.116180896759033,5700
2006-09-08,13.729999542236328,13.800000190734863,13.729999542236328,13.75,6.1385064125061035,11800
2006-09-11,13.75,14.0,13.739999771118164,13.75,6.1385064125061035,18500
2006-09-12,13.6899995803833,13.75,13.65999984741211,13.729999542236328,6.129577159881592,10900
2006-09-13,13.6899995803833,13.859999656677246,13.6899995803833,13.819999694824219,6.193657875061035,9900
2006-09-14,13.90999984741211,13.949999809265137,13.899999618530273,13.899999618530273,6.229515075683594,9200
2006-09-15,13.800000190734863,13.949999809265137,13.800000190734863,13.899999618530273,6.229515075683594,5700
2006-09-18,13.850000381469727,13.850000381469727,13.789999961853027,13.819999694824219,6.193657875061035,8400
2006-09-19,13.859999656677246,13.989999771118164,13.800000190734863,13.9399995803833,6.2474446296691895,3400
2006-09-20,13.890000343322754,13.979999542236328,13.890000343322754,13.979999542236328,6.265369892120361,7200
2006-09-21,13.930000305175781,14.0,13.930000305175781,14.0,6.274333477020264,7300
2006-09-22,14.050000190734863,14.25,14.050000190734863,14.170000076293945,6.350521564483643,7900
2006-09-25,14.119999885559082,14.25,14.079999923706055,14.25,6.386375427246094,26000
2006-09-26,14.25,14.25,14.170000076293945,14.199999809265137,6.363966464996338,5200
2006-09-27,14.220000267028809,14.220000267028809,14.109999656677246,14.140000343322754,6.337075233459473,31500
2006-09-28,14.170000076293945,14.1899995803833,14.079999923706055,14.079999923706055,6.310184478759766,11200
2006-09-29,14.0600004196167,14.130000114440918,13.989999771118164,13.989999771118164,6.2698516845703125,18700
2006-10-02,14.029999732971191,14.029999732971191,13.970000267028809,14.029999732971191,6.287781238555908,2700
2006-10-03,14.029999732971191,14.079999923706055,14.0,14.079999923706055,6.310184478759766,11400
2006-10-04,14.079999923706055,14.100000381469727,14.050000190734863,14.100000381469727,6.31914758682251,9000
2006-10-05,14.109999656677246,14.149999618530273,14.069999694824219,14.069999694824219,6.305703639984131,5800
2006-10-06,14.039999961853027,14.039999961853027,14.0,14.0,6.274333477020264,2200
2006-10-09,13.989999771118164,14.050000190734863,13.989999771118164,14.029999732971191,6.287781238555908,5900
2006-10-10,14.039999961853027,14.039999961853027,14.029999732971191,14.029999732971191,6.287781238555908,1800
2006-10-11,13.960000038146973,13.970000267028809,13.9399995803833,13.970000267028809,6.28463077545166,2900
2006-10-12,13.989999771118164,13.989999771118164,13.930000305175781,13.930000305175781,6.266634464263916,2000
2006-10-13,13.949999809265137,13.949999809265137,13.949999809265137,13.949999809265137,6.275631427764893,2400
2006-10-16,13.949999809265137,13.949999809265137,13.829999923706055,13.859999656677246,6.235144138336182,3000
2006-10-17,13.869999885559082,13.949999809265137,13.869999885559082,13.949999809265137,6.275631427764893,5000
2006-10-18,13.960000038146973,13.979999542236328,13.920000076293945,13.930000305175781,6.266634464263916,2800
2006-10-19,13.930000305175781,14.199999809265137,13.930000305175781,13.979999542236328,6.289129257202148,19200
2006-10-20,14.0,14.029999732971191,13.899999618530273,14.029999732971191,6.31162166595459,11900
2006-10-23,14.0600004196167,14.630000114440918,14.039999961853027,14.210000038146973,6.392598628997803,109200
2006-10-24,14.199999809265137,14.350000381469727,14.15999984741211,14.229999542236328,6.4015936851501465,45300
2006-10-25,14.270000457763672,14.350000381469727,14.229999542236328,14.350000381469727,6.455581188201904,16100
2006-10-26,14.34000015258789,14.579999923706055,14.34000015258789,14.449999809265137,6.5005669593811035,12100
2006-10-27,14.489999771118164,14.699999809265137,14.489999771118164,14.510000228881836,6.527557849884033,11200
2006-10-30,14.510000228881836,14.529999732971191,14.329999923706055,14.329999923706055,6.44658088684082,4800
2006-10-31,14.380000114440918,14.420000076293945,14.3100004196167,14.3100004196167,6.43758487701416,6900
2006-11-01,14.390000343322754,14.390000343322754,14.300000190734863,14.300000190734863,6.43308687210083,700
2006-11-02,14.359999656677246,14.359999656677246,14.239999771118164,14.239999771118164,6.40609073638916,1500
2006-11-03,14.300000190734863,14.300000190734863,14.199999809265137,14.199999809265137,6.388097763061523,3300
2006-11-06,14.220000267028809,14.420000076293945,14.180000305175781,14.180000305175781,6.379098892211914,13900
2006-11-07,14.170000076293945,14.25,14.170000076293945,14.220000267028809,6.397091865539551,3100
2006-11-08,14.220000267028809,14.289999961853027,14.119999885559082,14.119999885559082,6.352109909057617,14200
2006-11-09,14.09000015258789,14.1899995803833,14.050000190734863,14.1899995803833,6.383599758148193,11400
2006-11-10,14.170000076293945,14.25,14.149999618530273,14.199999809265137,6.388097763061523,2800
2006-11-13,14.199999809265137,14.270000457763672,14.180000305175781,14.180000305175781,6.402999401092529,600
2006-11-14,14.220000267028809,14.300000190734863,14.170000076293945,14.229999542236328,6.4255781173706055,4800
2006-11-15,14.270000457763672,14.270000457763672,14.0,14.0,6.321719646453857,10000
2006-11-16,14.010000228881836,14.010000228881836,13.9399995803833,13.9399995803833,6.294628620147705,6400
2006-11-17,13.960000038146973,13.989999771118164,13.880000114440918,13.880000114440918,6.267536163330078,13500
2006-11-20,13.920000076293945,13.930000305175781,13.890000343322754,13.930000305175781,6.290112495422363,3900
2006-11-21,13.9399995803833,13.960000038146973,13.880000114440918,13.960000038146973,6.303657531738281,3100
2006-11-22,13.960000038146973,14.0,13.920000076293945,13.960000038146973,6.303657531738281,4900
2006-11-24,13.979999542236328,13.979999542236328,13.960000038146973,13.960000038146973,6.303657531738281,1300
2006-11-27,13.949999809265137,13.989999771118164,13.90999984741211,13.989999771118164,6.317204475402832,3300
2006-11-28,14.0,14.069999694824219,13.989999771118164,13.989999771118164,6.317204475402832,7400
2006-11-29,13.970000267028809,14.0,13.960000038146973,13.989999771118164,6.317204475402832,6500
2006-11-30,14.0,14.520000457763672,14.0,14.390000343322754,6.497824668884277,27100
2006-12-01,14.449999809265137,14.449999809265137,14.350000381469727,14.359999656677246,6.48427677154541,5000
2006-12-04,14.420000076293945,14.470000267028809,14.369999885559082,14.4399995803833,6.520401477813721,2200
2006-12-05,14.399999618530273,14.59000015258789,14.399999618530273,14.59000015258789,6.588132381439209,7400
2006-12-06,14.5,14.5,14.420000076293945,14.420000076293945,6.511371612548828,5100
2006-12-07,14.420000076293945,14.420000076293945,14.420000076293945,14.420000076293945,6.511371612548828,1400
2006-12-08,14.420000076293945,14.449999809265137,14.420000076293945,14.4399995803833,6.520401477813721,3300
2006-12-11,14.390000343322754,14.59000015258789,14.369999885559082,14.489999771118164,6.542983055114746,12800
2006-12-12,14.430000305175781,14.550000190734863,14.329999923706055,14.369999885559082,6.488797187805176,7800
2006-12-13,14.3100004196167,14.59000015258789,14.25,14.25,6.468369483947754,4500
2006-12-14,14.180000305175781,14.1899995803833,14.100000381469727,14.100000381469727,6.400280475616455,8700
2006-12-15,14.149999618530273,14.15999984741211,14.079999923706055,14.100000381469727,6.400280475616455,5100
2006-12-18,14.180000305175781,14.180000305175781,14.079999923706055,14.079999923706055,6.391202449798584,4300
2006-12-19,14.149999618530273,14.25,14.020000457763672,14.130000114440918,6.41389799118042,10500
2006-12-20,14.140000343322754,14.319999694824219,14.130000114440918,14.130000114440918,6.41389799118042,4800
2006-12-21,14.130000114440918,14.350000381469727,14.130000114440918,14.140000343322754,6.418437480926514,5200
2006-12-22,14.140000343322754,14.140000343322754,14.050000190734863,14.0600004196167,6.382125377655029,4800
2006-12-26,14.050000190734863,14.0600004196167,14.010000228881836,14.050000190734863,6.3775835037231445,5800
2006-12-27,14.050000190734863,14.079999923706055,13.970000267028809,14.039999961853027,6.373050212860107,17300
2006-12-28,14.050000190734863,14.100000381469727,14.050000190734863,14.079999923706055,6.391202449798584,9000
2006-12-29,14.140000343322754,14.300000190734863,14.039999961853027,14.15999984741211,6.4275126457214355,12500
2007-01-03,14.300000190734863,14.300000190734863,14.100000381469727,14.289999961853027,6.486526012420654,2700
2007-01-04,14.1899995803833,14.34000015258789,14.1899995803833,14.25,6.468369483947754,6800
2007-01-05,14.15999984741211,14.25,14.020000457763672,14.079999923706055,6.391202449798584,21400
2007-01-08,14.279999732971191,14.279999732971191,14.100000381469727,14.170000076293945,6.432047367095947,14900
2007-01-09,14.180000305175781,14.199999809265137,14.109999656677246,14.199999809265137,6.44567346572876,6800
2007-01-10,14.0600004196167,14.199999809265137,14.0600004196167,14.180000305175781,6.460710048675537,3000
2007-01-11,14.210000038146973,14.220000267028809,14.09000015258789,14.180000305175781,6.460710048675537,6700
2007-01-12,14.140000343322754,14.270000457763672,14.140000343322754,14.270000457763672,6.501711368560791,7700
2007-01-16,14.199999809265137,14.3100004196167,14.180000305175781,14.300000190734863,6.515383243560791,6200
2007-01-17,14.329999923706055,14.40999984741211,14.329999923706055,14.399999618530273,6.560948371887207,19400
2007-01-18,14.369999885559082,14.5,14.369999885559082,14.5,6.606506824493408,8000
2007-01-19,14.59000015258789,14.59000015258789,14.479999542236328,14.510000228881836,6.611062526702881,5200
2007-01-22,14.5,14.539999961853027,14.40999984741211,14.460000038146973,6.588282108306885,7600
2007-01-23,14.460000038146973,14.460000038146973,14.390000343322754,14.449999809265137,6.583726406097412,3900
2007-01-24,14.5,14.5,14.420000076293945,14.420000076293945,6.570056915283203,4800
2007-01-25,14.420000076293945,14.430000305175781,14.390000343322754,14.399999618530273,6.560948371887207,6700
2007-01-26,14.390000343322754,14.449999809265137,14.390000343322754,14.40999984741211,6.565500736236572,3000
2007-01-29,14.470000267028809,14.470000267028809,14.40999984741211,14.4399995803833,6.579169273376465,4400
2007-01-30,14.4399995803833,14.510000228881836,14.40999984741211,14.430000305175781,6.574610233306885,4100
2007-01-31,14.479999542236328,14.479999542236328,14.40999984741211,14.430000305175781,6.574610233306885,9100
2007-02-01,14.510000228881836,14.510000228881836,14.430000305175781,14.4399995803833,6.579169273376465,5900
2007-02-02,14.5,14.510000228881836,14.449999809265137,14.449999809265137,6.583726406097412,3300
2007-02-05,14.5,14.600000381469727,14.470000267028809,14.470000267028809,6.592838764190674,9400
2007-02-06,14.520000457763672,14.520000457763672,14.489999771118164,14.489999771118164,6.601953506469727,1800
2007-02-07,14.489999771118164,14.59000015258789,14.479999542236328,14.5,6.606506824493408,14900
2007-02-08,14.479999542236328,14.5,14.399999618530273,14.4399995803833,6.579169273376465,7200
2007-02-09,14.479999542236328,14.479999542236328,14.399999618530273,14.399999618530273,6.560948371887207,1600
2007-02-12,14.479999542236328,14.479999542236328,14.470000267028809,14.479999542236328,6.597391128540039,1900
2007-02-13,14.399999618530273,14.479999542236328,14.359999656677246,14.399999618530273,6.585045337677002,10800
2007-02-14,14.399999618530273,14.600000381469727,14.399999618530273,14.59000015258789,6.671936988830566,6900
2007-02-15,14.470000267028809,14.529999732971191,14.449999809265137,14.449999809265137,6.607911109924316,4500
2007-02-16,14.4399995803833,14.609999656677246,14.4399995803833,14.460000038146973,6.612484455108643,4600
2007-02-20,14.4399995803833,14.510000228881836,14.420000076293945,14.420000076293945,6.594192028045654,4200
2007-02-21,14.5,14.579999923706055,14.40999984741211,14.40999984741211,6.589619159698486,4100
2007-02-22,14.470000267028809,14.5600004196167,14.430000305175781,14.5600004196167,6.658209800720215,2800
2007-02-23,14.5,14.59000015258789,14.449999809265137,14.449999809265137,6.607911109924316,5200
2007-02-26,14.529999732971191,14.550000190734863,14.399999618530273,14.399999618530273,6.585045337677002,7600
2007-02-27,14.399999618530273,14.489999771118164,14.350000381469727,14.350000381469727,6.562179088592529,15000
2007-02-28,14.350000381469727,14.380000114440918,14.350000381469727,14.350000381469727,6.562179088592529,700
2007-03-01,14.399999618530273,14.449999809265137,14.34000015258789,14.420000076293945,6.594192028045654,6400
2007-03-02,14.449999809265137,14.489999771118164,14.369999885559082,14.40999984741211,6.589619159698486,5200
2007-03-05,14.470000267028809,14.470000267028809,14.350000381469727,14.399999618530273,6.585045337677002,2900
2007-03-06,14.40999984741211,14.489999771118164,14.399999618530273,14.430000305175781,6.598767280578613,4100
2007-03-07,14.449999809265137,14.600000381469727,14.449999809265137,14.539999961853027,6.649064064025879,9000
2007-03-08,14.539999961853027,14.569999694824219,14.510000228881836,14.550000190734863,6.653641223907471,2500
2007-03-09,14.449999809265137,14.449999809265137,14.34000015258789,14.350000381469727,6.562179088592529,19700
2007-03-12,14.350000381469727,14.350000381469727,14.279999732971191,14.329999923706055,6.55303955078125,17200
2007-03-13,14.3100004196167,14.329999923706055,14.270000457763672,14.300000190734863,6.563593864440918,4000
2007-03-14,14.210000038146973,14.25,14.170000076293945,14.25,6.5406494140625,17300
2007-03-15,14.180000305175781,14.199999809265137,14.180000305175781,14.199999809265137,6.517693042755127,1200
2007-03-16,14.229999542236328,14.239999771118164,14.119999885559082,14.180000305175781,6.5085129737854,13400
2007-03-19,14.09000015258789,14.100000381469727,14.09000015258789,14.100000381469727,6.471796035766602,5700
2007-03-20,14.079999923706055,14.100000381469727,14.079999923706055,14.100000381469727,6.471796035766602,5400
2007-03-21,14.09000015258789,14.199999809265137,14.09000015258789,14.170000076293945,6.503923416137695,6400
2007-03-22,14.170000076293945,14.180000305175781,14.130000114440918,14.170000076293945,6.503923416137695,5400
2007-03-23,14.180000305175781,14.1899995803833,14.130000114440918,14.130000114440918,6.485564708709717,10400
2007-03-26,14.180000305175781,14.199999809265137,14.149999618530273,14.199999809265137,6.517693042755127,4300
2007-03-27,14.199999809265137,14.300000190734863,14.119999885559082,14.300000190734863,6.563593864440918,12900
2007-03-28,14.220000267028809,14.319999694824219,14.220000267028809,14.3100004196167,6.568183422088623,5500
2007-03-29,14.3100004196167,14.319999694824219,14.300000190734863,14.319999694824219,6.572772979736328,2100
2007-03-30,14.329999923706055,14.449999809265137,14.220000267028809,14.220000267028809,6.526876449584961,8400
2007-04-02,14.210000038146973,14.350000381469727,14.210000038146973,14.279999732971191,6.554415225982666,5600
2007-04-03,14.369999885559082,14.4399995803833,14.300000190734863,14.4399995803833,6.627851486206055,8300
2007-04-04,14.359999656677246,14.489999771118164,14.3100004196167,14.350000381469727,6.586538791656494,8100
2007-04-05,14.350000381469727,14.4399995803833,14.350000381469727,14.4399995803833,6.627851486206055,500
2007-04-09,14.449999809265137,14.5,14.4399995803833,14.460000038146973,6.6370344161987305,900
2007-04-10,14.5,14.5,14.449999809265137,14.5,6.655392646789551,1900
2007-04-11,14.489999771118164,14.5,14.399999618530273,14.399999618530273,6.633736610412598,6300
2007-04-12,14.449999809265137,14.479999542236328,14.3100004196167,14.3100004196167,6.592280864715576,10100
2007-04-13,14.3100004196167,14.369999885559082,14.25,14.319999694824219,6.596884250640869,12100
2007-04-16,14.319999694824219,14.319999694824219,14.199999809265137,14.199999809265137,6.541601657867432,7200
2007-04-17,14.25,14.279999732971191,14.220000267028809,14.25,6.564642906188965,3400
2007-04-18,14.319999694824219,14.34000015258789,14.25,14.25,6.564642906188965,5000
2007-04-19,14.260000228881836,14.399999618530273,14.220000267028809,14.260000228881836,6.569245338439941,17800
2007-04-20,14.260000228881836,14.260000228881836,14.140000343322754,14.15999984741211,6.523176193237305,18800
2007-04-23,14.1899995803833,14.260000228881836,14.15999984741211,14.260000228881836,6.569245338439941,11700
2007-04-24,14.25,14.34000015258789,14.25,14.329999923706055,6.601495265960693,6500
2007-04-25,14.239999771118164,14.369999885559082,14.239999771118164,14.369999885559082,6.619919776916504,7100
2007-04-26,14.460000038146973,14.460000038146973,14.279999732971191,14.359999656677246,6.615314483642578,3300
2007-04-27,14.449999809265137,14.449999809265137,14.40999984741211,14.449999809265137,6.656777381896973,1300
2007-04-30,14.449999809265137,14.510000228881836,14.369999885559082,14.5,6.679810523986816,6200
2007-05-01,14.5,14.600000381469727,14.350000381469727,14.350000381469727,6.610703945159912,12500
2007-05-02,14.350000381469727,14.770000457763672,14.350000381469727,14.420000076293945,6.642952919006348,18900
2007-05-03,14.449999809265137,14.59000015258789,14.390000343322754,14.579999923706055,6.716664791107178,6800
2007-05-04,14.649999618530273,14.699999809265137,14.649999618530273,14.649999618530273,6.748908519744873,6900
2007-05-07,14.65999984741211,14.65999984741211,14.430000305175781,14.430000305175781,6.647562503814697,14300
2007-05-08,14.4399995803833,14.5,14.390000343322754,14.430000305175781,6.647562503814697,12100
2007-05-09,14.430000305175781,14.550000190734863,14.430000305175781,14.5,6.679810523986816,2300
2007-05-10,14.5,14.5,14.449999809265137,14.489999771118164,6.675200462341309,4300
2007-05-11,14.5,14.550000190734863,14.460000038146973,14.5,6.704331398010254,3600
2007-05-14,14.550000190734863,14.800000190734863,14.510000228881836,14.800000190734863,6.843039035797119,11600
2007-05-15,14.800000190734863,14.890000343322754,14.699999809265137,14.699999809265137,6.796803951263428,4000
2007-05-16,14.699999809265137,14.819999694824219,14.699999809265137,14.699999809265137,6.796803951263428,4300
2007-05-17,14.75,14.779999732971191,14.699999809265137,14.779999732971191,6.833791732788086,1100
2007-05-18,14.699999809265137,14.789999961853027,14.699999809265137,14.770000457763672,6.8291707038879395,2300
2007-05-21,14.770000457763672,14.800000190734863,14.680000305175781,14.680000305175781,6.787557125091553,3400
2007-05-22,14.75,14.75,14.260000228881836,14.270000457763672,6.597986698150635,38800
2007-05-23,14.260000228881836,14.279999732971191,14.130000114440918,14.140000343322754,6.537877559661865,12000
2007-05-24,14.15999984741211,14.15999984741211,14.050000190734863,14.100000381469727,6.519383907318115,7100
2007-05-25,14.119999885559082,14.199999809265137,14.0,14.199999809265137,6.565617084503174,10600
2007-05-29,14.25,14.399999618530273,14.25,14.399999618530273,6.658094882965088,3000
2007-05-30,14.460000038146973,14.460000038146973,14.15999984741211,14.300000190734863,6.611855506896973,6300
2007-05-31,14.25,14.449999809265137,14.100000381469727,14.329999923706055,6.625722408294678,28800
2007-06-01,14.369999885559082,14.369999885559082,14.100000381469727,14.1899995803833,6.56099796295166,11800
2007-06-04,14.25,14.25,14.1899995803833,14.210000038146973,6.570241451263428,9600
2007-06-05,14.289999961853027,14.289999961853027,13.979999542236328,14.0600004196167,6.500886917114258,10700
2007-06-06,14.050000190734863,14.180000305175781,14.029999732971191,14.15999984741211,6.547119140625,7600
2007-06-07,14.149999618530273,14.15999984741211,13.920000076293945,13.930000305175781,6.440780162811279,16700
2007-06-08,13.920000076293945,14.34000015258789,13.920000076293945,14.25,6.588738918304443,13400
2007-06-11,14.100000381469727,14.100000381469727,13.890000343322754,13.890000343322754,6.422285556793213,10100
2007-06-12,13.789999961853027,13.850000381469727,13.720000267028809,13.850000381469727,6.4037909507751465,13400
2007-06-13,13.710000038146973,14.34000015258789,13.710000038146973,14.34000015258789,6.655819416046143,6700
2007-06-14,14.260000228881836,14.380000114440918,14.050000190734863,14.260000228881836,6.618691921234131,5800
2007-06-15,14.199999809265137,14.300000190734863,14.199999809265137,14.25,6.614048004150391,8000
2007-06-18,14.25,14.369999885559082,14.109999656677246,14.109999656677246,6.549064636230469,5500
2007-06-19,14.1899995803833,14.239999771118164,14.050000190734863,14.050000190734863,6.521216869354248,1500
2007-06-20,14.0600004196167,14.0600004196167,14.029999732971191,14.029999732971191,6.511933326721191,1900
2007-06-21,14.039999961853027,14.039999961853027,13.770000457763672,13.859999656677246,6.433029651641846,25800
2007-06-22,13.859999656677246,14.09000015258789,13.819999694824219,13.989999771118164,6.493373394012451,7700
2007-06-25,13.890000343322754,14.199999809265137,13.890000343322754,14.199999809265137,6.590842247009277,8900
2007-06-26,14.25,14.25,14.010000228881836,14.010000228881836,6.502652168273926,1100
2007-06-27,14.0,14.470000267028809,14.0,14.470000267028809,6.716158390045166,7000
2007-06-28,14.350000381469727,14.479999542236328,14.329999923706055,14.34000015258789,6.655819416046143,3700
2007-06-29,14.270000457763672,14.279999732971191,14.149999618530273,14.229999542236328,6.604767322540283,4200
2007-07-02,14.270000457763672,14.289999961853027,14.15999984741211,14.170000076293945,6.5769195556640625,5900
2007-07-03,14.25,14.430000305175781,14.220000267028809,14.220000267028809,6.6001200675964355,900
2007-07-05,13.960000038146973,14.119999885559082,13.960000038146973,14.09000015258789,6.539783954620361,13000
2007-07-06,13.979999542236328,13.979999542236328,13.880000114440918,13.960000038146973,6.479445934295654,6000
2007-07-09,14.039999961853027,14.149999618530273,14.039999961853027,14.149999618530273,6.567632675170898,8400
2007-07-10,14.149999618530273,14.25,14.149999618530273,14.15999984741211,6.572273254394531,6500
2007-07-11,14.069999694824219,14.15999984741211,13.960000038146973,13.960000038146973,6.503791809082031,4500
2007-07-12,14.050000190734863,14.050000190734863,13.880000114440918,13.880000114440918,6.4665207862854,3000
2007-07-13,13.920000076293945,13.979999542236328,13.920000076293945,13.970000267028809,6.508452892303467,1700
2007-07-16,13.899999618530273,13.920000076293945,13.869999885559082,13.880000114440918,6.4665207862854,6500
2007-07-17,13.850000381469727,13.899999618530273,13.680000305175781,13.699999809265137,6.382658958435059,11200
2007-07-18,13.699999809265137,13.699999809265137,13.460000038146973,13.65999984741211,6.364019870758057,15500
2007-07-19,13.680000305175781,13.6899995803833,13.630000114440918,13.630000114440918,6.350045204162598,6900
2007-07-20,13.6899995803833,13.6899995803833,13.6899995803833,13.6899995803833,6.377999305725098,100
2007-07-23,13.739999771118164,13.75,13.6899995803833,13.75,6.40595817565918,8300
2007-07-24,13.739999771118164,13.770000457763672,13.670000076293945,13.720000267028809,6.391977310180664,8300
2007-07-25,13.649999618530273,13.770000457763672,13.649999618530273,13.710000038146973,6.3873209953308105,3200
2007-07-26,13.699999809265137,13.699999809265137,13.399999618530273,13.619999885559082,6.345388412475586,8700
2007-07-27,13.520000457763672,13.739999771118164,13.510000228881836,13.739999771118164,6.401291370391846,4200
2007-07-30,13.789999961853027,13.789999961853027,13.640000343322754,13.779999732971191,6.41993522644043,2600
2007-07-31,13.779999732971191,13.859999656677246,13.649999618530273,13.819999694824219,6.438565254211426,4800
2007-08-01,13.899999618530273,14.0,13.819999694824219,14.0,6.522424697875977,7500
2007-08-02,14.020000457763672,14.029999732971191,13.880000114440918,13.90999984741211,6.480498790740967,5400
2007-08-03,13.850000381469727,14.0,13.850000381469727,14.0,6.522424697875977,2100
2007-08-06,14.0,14.0,13.949999809265137,13.970000267028809,6.508452892303467,500
2007-08-07,13.970000267028809,13.970000267028809,13.850000381469727,13.850000381469727,6.452544212341309,9900
2007-08-08,13.859999656677246,13.859999656677246,13.770000457763672,13.770000457763672,6.415272235870361,1400
2007-08-09,13.770000457763672,13.800000190734863,13.699999809265137,13.800000190734863,6.429248332977295,11800
2007-08-10,13.829999923706055,13.829999923706055,13.8100004196167,13.8100004196167,6.433906555175781,3900
2007-08-13,13.75,13.8100004196167,13.680000305175781,13.800000190734863,6.454015254974365,2900
2007-08-14,13.800000190734863,13.84000015258789,13.75,13.75,6.430638313293457,10900
2007-08-15,13.75,13.75,13.529999732971191,13.579999923706055,6.351125717163086,7000
2007-08-16,13.399999618530273,13.489999771118164,13.279999732971191,13.420000076293945,6.2762956619262695,9900
2007-08-17,13.40999984741211,13.510000228881836,13.40999984741211,13.449999809265137,6.290329456329346,6400
2007-08-20,13.449999809265137,13.479999542236328,13.300000190734863,13.420000076293945,6.2762956619262695,8200
2007-08-21,13.430000305175781,13.630000114440918,13.430000305175781,13.539999961853027,6.332419395446777,5300
2007-08-22,13.460000038146973,13.829999923706055,13.460000038146973,13.829999923706055,6.468045711517334,13800
2007-08-23,13.699999809265137,13.789999961853027,13.699999809265137,13.710000038146973,6.41192626953125,700
2007-08-24,13.720000267028809,13.970000267028809,13.720000267028809,13.949999809265137,6.524168491363525,2400
2007-08-27,13.800000190734863,13.880000114440918,13.779999732971191,13.880000114440918,6.491436004638672,3700
2007-08-28,13.800000190734863,13.84000015258789,13.800000190734863,13.819999694824219,6.463369369506836,3800
2007-08-29,13.819999694824219,13.850000381469727,13.649999618530273,13.710000038146973,6.41192626953125,14900
2007-08-30,13.710000038146973,13.710000038146973,13.640000343322754,13.65999984741211,6.388540744781494,5000
2007-08-31,13.75,13.850000381469727,13.75,13.850000381469727,6.47740364074707,2200
2007-09-04,13.899999618530273,13.899999618530273,13.539999961853027,13.649999618530273,6.38386344909668,10600
2007-09-05,13.649999618530273,13.770000457763672,13.600000381469727,13.770000457763672,6.439987659454346,10500
2007-09-06,13.670000076293945,13.899999618530273,13.670000076293945,13.869999885559082,6.486758232116699,8600
2007-09-07,13.930000305175781,14.529999732971191,13.930000305175781,14.289999961853027,6.683182716369629,21000
2007-09-10,14.279999732971191,14.449999809265137,14.25,14.25,6.66447639465332,20500
2007-09-11,14.199999809265137,14.34000015258789,14.140000343322754,14.260000228881836,6.669149398803711,5000
2007-09-12,14.279999732971191,14.3100004196167,14.170000076293945,14.260000228881836,6.694031238555908,6200
2007-09-13,14.260000228881836,14.75,14.1899995803833,14.220000267028809,6.67525053024292,30000
2007-09-14,14.220000267028809,14.350000381469727,14.029999732971191,14.029999732971191,6.586060047149658,11600
2007-09-17,13.949999809265137,14.069999694824219,13.90999984741211,13.90999984741211,6.529735088348389,9500
2007-09-18,13.90999984741211,13.979999542236328,13.760000228881836,13.8100004196167,6.482787132263184,16100
2007-09-19,13.75,13.869999885559082,13.670000076293945,13.869999885559082,6.510952472686768,5300
2007-09-20,13.930000305175781,14.020000457763672,13.930000305175781,14.020000457763672,6.581370830535889,600
2007-09-21,13.920000076293945,13.989999771118164,13.84000015258789,13.960000038146973,6.553203105926514,5100
2007-09-24,13.899999618530273,14.020000457763672,13.800000190734863,13.960000038146973,6.553203105926514,11100
2007-09-25,13.899999618530273,13.989999771118164,13.880000114440918,13.989999771118164,6.567288398742676,9900
2007-09-26,13.920000076293945,14.020000457763672,13.869999885559082,13.949999809265137,6.5485100746154785,6400
2007-09-27,13.949999809265137,13.989999771118164,13.859999656677246,13.920000076293945,6.534424781799316,7900
2007-09-28,13.930000305175781,14.039999961853027,13.90999984741211,13.90999984741211,6.529735088348389,8300
2007-10-01,13.930000305175781,14.010000228881836,13.899999618530273,13.899999618530273,6.525042533874512,6900
2007-10-02,13.979999542236328,13.979999542236328,13.8100004196167,13.8100004196167,6.482787132263184,3300
2007-10-03,13.850000381469727,13.920000076293945,13.800000190734863,13.800000190734863,6.478095054626465,8800
2007-10-04,13.800000190734863,13.90999984741211,13.739999771118164,13.859999656677246,6.506264686584473,7800
2007-10-05,13.850000381469727,13.850000381469727,13.609999656677246,13.800000190734863,6.478095054626465,6800
2007-10-08,13.699999809265137,13.720000267028809,13.649999618530273,13.699999809265137,6.431151866912842,3600
2007-10-09,13.6899995803833,14.199999809265137,13.6899995803833,13.739999771118164,6.449926853179932,30800
2007-10-10,13.729999542236328,13.850000381469727,13.710000038146973,13.850000381469727,6.501565456390381,2800
2007-10-11,13.800000190734863,13.949999809265137,13.800000190734863,13.949999809265137,6.573664665222168,4700
2007-10-12,13.989999771118164,13.989999771118164,13.8100004196167,13.9399995803833,6.56895112991333,5200
2007-10-15,13.949999809265137,13.949999809265137,13.800000190734863,13.859999656677246,6.531259536743164,3300
2007-10-16,14.010000228881836,14.010000228881836,13.850000381469727,13.850000381469727,6.526541233062744,11000
2007-10-17,13.819999694824219,13.819999694824219,13.800000190734863,13.800000190734863,6.502982139587402,2500
2007-10-18,13.760000228881836,13.760000228881836,13.760000228881836,13.760000228881836,6.484130382537842,1000
2007-10-19,13.65999984741211,13.800000190734863,13.65999984741211,13.800000190734863,6.502982139587402,5100
2007-10-22,13.800000190734863,13.850000381469727,13.699999809265137,13.84000015258789,6.521829605102539,1500
2007-10-23,13.899999618530273,13.989999771118164,13.899999618530273,13.989999771118164,6.592512130737305,2900
2007-10-24,13.899999618530273,14.010000228881836,13.899999618530273,14.010000228881836,6.601934432983398,1400
2007-10-25,13.899999618530273,14.029999732971191,13.829999923706055,14.029999732971191,6.611359119415283,3700
2007-10-26,14.029999732971191,14.039999961853027,13.869999885559082,13.869999885559082,6.53596305847168,3200
2007-10-29,14.0,14.119999885559082,13.979999542236328,14.020000457763672,6.606651782989502,5400
2007-10-30,14.15999984741211,14.199999809265137,14.039999961853027,14.039999961853027,6.61607551574707,8600
2007-10-31,14.039999961853027,14.09000015258789,13.989999771118164,13.989999771118164,6.592512130737305,4800
2007-11-01,14.050000190734863,14.260000228881836,14.020000457763672,14.229999542236328,6.705611705780029,18600
2007-11-02,14.300000190734863,14.449999809265137,14.210000038146973,14.449999809265137,6.809279441833496,5200
2007-11-05,14.109999656677246,14.399999618530273,14.109999656677246,14.399999618530273,6.785717010498047,27600
2007-11-06,14.319999694824219,14.319999694824219,14.119999885559082,14.119999885559082,6.65377140045166,3800
2007-11-07,14.0600004196167,14.199999809265137,13.779999732971191,13.8100004196167,6.507691383361816,7200
2007-11-08,13.819999694824219,14.140000343322754,13.819999694824219,14.0600004196167,6.625495910644531,15300
2007-11-09,14.0600004196167,14.220000267028809,13.920000076293945,14.0,6.597224712371826,4600
2007-11-12,13.930000305175781,14.0,13.930000305175781,14.0,6.597224712371826,1000
2007-11-13,14.0,14.109999656677246,14.0,14.010000228881836,6.6270222663879395,6900
2007-11-14,13.970000267028809,14.0,13.970000267028809,14.0,6.622295379638672,9200
2007-11-15,13.960000038146973,14.069999694824219,13.960000038146973,13.970000267028809,6.6081061363220215,10200
2007-11-16,14.199999809265137,14.199999809265137,13.729999542236328,13.729999542236328,6.494580268859863,18800
2007-11-19,13.979999542236328,13.979999542236328,13.520000457763672,13.640000343322754,6.452007293701172,10200
2007-11-20,13.600000381469727,14.010000228881836,13.539999961853027,13.760000228881836,6.508770942687988,7000
2007-11-21,13.760000228881836,14.029999732971191,13.5,13.680000305175781,6.47092866897583,11100
2007-11-23,13.619999885559082,13.65999984741211,13.619999885559082,13.619999885559082,6.442546367645264,1400
2007-11-26,13.619999885559082,13.779999732971191,13.600000381469727,13.699999809265137,6.480390548706055,5900
2007-11-27,13.720000267028809,13.930000305175781,13.720000267028809,13.739999771118164,6.499309539794922,3400
2007-11-28,13.710000038146973,13.949999809265137,13.710000038146973,13.949999809265137,6.598644733428955,5300
2007-11-29,13.850000381469727,14.039999961853027,13.850000381469727,13.899999618530273,6.574998378753662,9800
2007-11-30,13.84000015258789,14.010000228881836,13.829999923706055,13.890000343322754,6.5702667236328125,4600
2007-12-03,13.949999809265137,14.170000076293945,13.829999923706055,14.100000381469727,6.669596195220947,6500
2007-12-04,14.100000381469727,14.180000305175781,13.989999771118164,13.989999771118164,6.617563247680664,8800
2007-12-05,14.010000228881836,14.300000190734863,13.770000457763672,13.90999984741211,6.5797271728515625,17000
2007-12-06,13.90999984741211,14.180000305175781,13.90999984741211,14.050000190734863,6.645944595336914,8400
2007-12-07,13.970000267028809,14.199999809265137,13.90999984741211,14.039999961853027,6.6412177085876465,11000
2007-12-10,14.020000457763672,14.039999961853027,13.949999809265137,13.949999809265137,6.598644733428955,4100
2007-12-11,13.949999809265137,14.09000015258789,13.90999984741211,14.0600004196167,6.650674343109131,10200
2007-12-12,13.960000038146973,14.140000343322754,13.920000076293945,14.020000457763672,6.662082195281982,4600
2007-12-13,13.920000076293945,14.100000381469727,13.90999984741211,14.010000228881836,6.657325744628906,12900
2007-12-14,14.010000228881836,14.300000190734863,13.90999984741211,14.149999618530273,6.723855018615723,9800
2007-12-17,14.140000343322754,14.210000038146973,13.90999984741211,13.90999984741211,6.60981559753418,8500
2007-12-18,13.90999984741211,13.949999809265137,13.65999984741211,13.729999542236328,6.52427864074707,14400
2007-12-19,13.640000343322754,13.640000343322754,13.319999694824219,13.390000343322754,6.362717628479004,31000
2007-12-20,13.369999885559082,13.479999542236328,13.350000381469727,13.470000267028809,6.400731086730957,16100
2007-12-21,13.4399995803833,13.5,13.260000228881836,13.4399995803833,6.386474132537842,6400
2007-12-24,13.350000381469727,13.529999732971191,13.25,13.529999732971191,6.429240703582764,8900
2007-12-26,13.380000114440918,13.579999923706055,13.380000114440918,13.579999923706055,6.453001022338867,14800
2007-12-27,13.630000114440918,13.630000114440918,13.430000305175781,13.5,6.414984703063965,7600
2007-12-28,13.369999885559082,13.460000038146973,13.279999732971191,13.390000343322754,6.362717628479004,12200
2007-12-31,13.289999961853027,13.449999809265137,13.289999961853027,13.449999809265137,6.391226768493652,6600
2008-01-02,13.399999618530273,13.510000228881836,13.260000228881836,13.510000228881836,6.419735908508301,22300
2008-01-03,13.550000190734863,13.850000381469727,13.550000190734863,13.84000015258789,6.5765509605407715,16200
2008-01-04,13.850000381469727,14.0,13.850000381469727,14.0,6.652575492858887,8400
2008-01-07,14.0,14.239999771118164,14.0,14.239999771118164,6.766621112823486,13900
2008-01-08,14.199999809265137,14.300000190734863,14.149999618530273,14.229999542236328,6.761874198913574,13100
2008-01-09,14.220000267028809,14.220000267028809,14.079999923706055,14.109999656677246,6.704850196838379,9900
2008-01-10,14.09000015258789,14.149999618530273,14.09000015258789,14.149999618530273,6.723855018615723,2500
2008-01-11,14.149999618530273,14.229999542236328,14.09000015258789,14.15999984741211,6.753908157348633,14100
2008-01-14,14.15999984741211,14.1899995803833,14.09000015258789,14.180000305175781,6.7634453773498535,4700
2008-01-15,14.140000343322754,14.229999542236328,14.140000343322754,14.220000267028809,6.782519340515137,1600
2008-01-16,14.239999771118164,14.300000190734863,14.180000305175781,14.1899995803833,6.768216133117676,7900
2008-01-17,14.180000305175781,14.180000305175781,14.069999694824219,14.069999694824219,6.710975170135498,3800
2008-01-18,14.079999923706055,14.130000114440918,13.979999542236328,13.979999542236328,6.668049335479736,13200
2008-01-22,13.880000114440918,14.109999656677246,13.880000114440918,14.109999656677246,6.730057239532471,8200
2008-01-23,14.079999923706055,14.300000190734863,14.079999923706055,14.239999771118164,6.792060852050781,8300
2008-01-24,14.210000038146973,14.260000228881836,14.199999809265137,14.25,6.796828746795654,4000
2008-01-25,14.199999809265137,14.199999809265137,13.829999923706055,14.09000015258789,6.7205119132995605,9000
2008-01-28,14.119999885559082,14.119999885559082,14.069999694824219,14.119999885559082,6.734821319580078,1100
2008-01-29,14.130000114440918,14.300000190734863,14.130000114440918,14.300000190734863,6.820675373077393,11000
2008-01-30,14.319999694824219,14.369999885559082,14.220000267028809,14.229999542236328,6.787296772003174,13200
2008-01-31,14.25,14.260000228881836,14.09000015258789,14.180000305175781,6.7634453773498535,21700
2008-02-01,14.180000305175781,14.220000267028809,14.180000305175781,14.220000267028809,6.782519340515137,4100
2008-02-04,14.130000114440918,14.180000305175781,14.100000381469727,14.180000305175781,6.7634453773498535,4700
2008-02-05,14.15999984741211,14.210000038146973,14.0600004196167,14.180000305175781,6.7634453773498535,14300
2008-02-06,14.15999984741211,14.170000076293945,14.09000015258789,14.170000076293945,6.758674621582031,3200
2008-02-07,14.119999885559082,14.119999885559082,14.100000381469727,14.100000381469727,6.725287437438965,4000
2008-02-08,14.09000015258789,14.180000305175781,14.050000190734863,14.180000305175781,6.7634453773498535,4600
2008-02-11,14.15999984741211,14.260000228881836,14.15999984741211,14.260000228881836,6.8016037940979,8400
2008-02-12,14.260000228881836,14.34000015258789,14.239999771118164,14.34000015258789,6.839759826660156,5200
2008-02-13,14.260000228881836,14.3100004196167,14.1899995803833,14.199999809265137,6.7981109619140625,6400
2008-02-14,14.300000190734863,14.300000190734863,13.75,13.75,6.582677364349365,43100
2008-02-15,13.949999809265137,13.949999809265137,13.569999694824219,13.949999809265137,6.6784257888793945,22000
2008-02-19,14.1899995803833,14.329999923706055,13.90999984741211,14.109999656677246,6.755021572113037,32400
2008-02-20,14.479999542236328,14.479999542236328,13.899999618530273,13.949999809265137,6.6784257888793945,36300
2008-02-21,14.229999542236328,14.229999542236328,13.819999694824219,13.920000076293945,6.6640625,31700
2008-02-22,14.020000457763672,14.050000190734863,13.770000457763672,13.84000015258789,6.625760078430176,11900
2008-02-25,13.8100004196167,14.050000190734863,13.8100004196167,14.029999732971191,6.716723442077637,14300
2008-02-26,13.899999618530273,14.050000190734863,13.84000015258789,13.930000305175781,6.668851852416992,13400
2008-02-27,13.9399995803833,13.979999542236328,13.850000381469727,13.850000381469727,6.630548477172852,7000
2008-02-28,13.800000190734863,13.970000267028809,13.75,13.9399995803833,6.6736369132995605,14600
2008-02-29,13.989999771118164,14.079999923706055,13.899999618530273,13.960000038146973,6.683212757110596,9800
2008-03-03,14.039999961853027,14.180000305175781,13.979999542236328,14.029999732971191,6.716723442077637,11400
2008-03-04,14.140000343322754,14.140000343322754,14.029999732971191,14.029999732971191,6.716723442077637,17200
2008-03-05,14.039999961853027,14.149999618530273,14.039999961853027,14.09000015258789,6.745445728302002,14100
2008-03-06,14.039999961853027,14.149999618530273,13.90999984741211,13.949999809265137,6.6784257888793945,13300
2008-03-07,13.899999618530273,14.149999618530273,13.850000381469727,13.850000381469727,6.630548477172852,12100
2008-03-10,13.899999618530273,14.149999618530273,13.890000343322754,14.149999618530273,6.774170398712158,3300
2008-03-11,14.130000114440918,14.149999618530273,14.0,14.010000228881836,6.707147121429443,8900
2008-03-12,13.949999809265137,14.300000190734863,13.930000305175781,14.210000038146973,6.830193519592285,9900
2008-03-13,14.15999984741211,14.270000457763672,13.84000015258789,13.970000267028809,6.714838981628418,28900
2008-03-14,13.989999771118164,14.0,13.850000381469727,13.859999656677246,6.66197395324707,4900
2008-03-17,13.829999923706055,13.979999542236328,13.829999923706055,13.850000381469727,6.657161712646484,8900
2008-03-18,13.9399995803833,14.0,13.75,13.8100004196167,6.637932300567627,12900
2008-03-19,13.819999694824219,13.819999694824219,13.819999694824219,13.819999694824219,6.642740726470947,4000
2008-03-20,13.84000015258789,14.069999694824219,13.829999923706055,13.960000038146973,6.710033893585205,8100
2008-03-24,14.0,14.130000114440918,14.0,14.020000457763672,6.738874435424805,4000
2008-03-25,14.010000228881836,14.25,14.010000228881836,14.15999984741211,6.806166172027588,8000
2008-03-26,14.149999618530273,14.1899995803833,14.010000228881836,14.1899995803833,6.820586681365967,10500
2008-03-27,14.180000305175781,14.180000305175781,14.0600004196167,14.079999923706055,6.767709255218506,6100
2008-03-28,14.020000457763672,14.100000381469727,14.010000228881836,14.100000381469727,6.777329444885254,2600
2008-03-31,14.09000015258789,14.149999618530273,14.020000457763672,14.079999923706055,6.767709255218506,6100
2008-04-01,14.039999961853027,14.130000114440918,14.010000228881836,14.010000228881836,6.734061241149902,4100
2008-04-02,14.100000381469727,14.100000381469727,13.90999984741211,13.9399995803833,6.700418472290039,6400
2008-04-03,13.930000305175781,14.020000457763672,13.850000381469727,13.949999809265137,6.70522403717041,8900
2008-04-04,14.050000190734863,14.539999961853027,14.0,14.220000267028809,6.835000514984131,22600
2008-04-07,14.239999771118164,14.270000457763672,14.15999984741211,14.15999984741211,6.806166172027588,5700
2008-04-08,14.220000267028809,14.289999961853027,14.15999984741211,14.239999771118164,6.844618320465088,8000
2008-04-09,14.34000015258789,14.539999961853027,14.34000015258789,14.34000015258789,6.892685413360596,6100
2008-04-10,14.289999961853027,14.359999656677246,14.239999771118164,14.239999771118164,6.844618320465088,11900
2008-04-11,14.180000305175781,14.239999771118164,13.930000305175781,14.0,6.755826950073242,24000
2008-04-14,14.010000228881836,14.050000190734863,13.949999809265137,13.989999771118164,6.750998020172119,11800
2008-04-15,14.020000457763672,14.170000076293945,13.979999542236328,14.170000076293945,6.837863445281982,22900
2008-04-16,14.180000305175781,14.180000305175781,14.029999732971191,14.039999961853027,6.775134563446045,22800
2008-04-17,14.020000457763672,14.020000457763672,13.960000038146973,13.979999542236328,6.74617338180542,5900
2008-04-18,14.079999923706055,14.079999923706055,14.0,14.0,6.755826950073242,5300
2008-04-21,14.010000228881836,14.079999923706055,14.010000228881836,14.079999923706055,6.794431686401367,8300
2008-04-22,14.020000457763672,14.170000076293945,13.989999771118164,14.09000015258789,6.799261093139648,7600
2008-04-23,14.119999885559082,14.119999885559082,14.050000190734863,14.050000190734863,6.779951572418213,300
2008-04-24,14.0,14.149999618530273,14.0,14.09000015258789,6.799261093139648,6600
2008-04-25,14.140000343322754,14.180000305175781,14.0600004196167,14.180000305175781,6.8426923751831055,6500
2008-04-28,14.1899995803833,14.1899995803833,14.010000228881836,14.0600004196167,6.7847819328308105,13500
2008-04-29,14.050000190734863,14.09000015258789,14.050000190734863,14.09000015258789,6.799261093139648,7400
2008-04-30,14.149999618530273,14.149999618530273,14.029999732971191,14.100000381469727,6.804080963134766,4400
2008-05-01,14.130000114440918,14.1899995803833,14.050000190734863,14.0600004196167,6.7847819328308105,16000
2008-05-02,14.020000457763672,14.130000114440918,13.989999771118164,14.0600004196167,6.7847819328308105,17500
2008-05-05,14.069999694824219,14.1899995803833,14.069999694824219,14.15999984741211,6.833037376403809,11700
2008-05-06,14.09000015258789,14.279999732971191,14.09000015258789,14.229999542236328,6.86681604385376,8500
2008-05-07,14.239999771118164,14.239999771118164,14.149999618530273,14.149999618530273,6.82820987701416,4400
2008-05-08,14.09000015258789,14.220000267028809,14.09000015258789,14.220000267028809,6.8619914054870605,6800
2008-05-09,14.25,14.260000228881836,14.170000076293945,14.170000076293945,6.837863445281982,6200
2008-05-12,14.180000305175781,14.460000038146973,14.130000114440918,14.180000305175781,6.8426923751831055,13800
2008-05-13,14.149999618530273,14.15999984741211,14.119999885559082,14.149999618530273,6.855281829833984,8200
2008-05-14,14.109999656677246,14.109999656677246,14.079999923706055,14.109999656677246,6.835904598236084,9500
2008-05-15,14.149999618530273,14.40999984741211,14.079999923706055,14.289999961853027,6.923107147216797,18700
2008-05-16,14.420000076293945,14.420000076293945,14.149999618530273,14.25,6.9037275314331055,13500
2008-05-19,14.149999618530273,14.300000190734863,14.149999618530273,14.300000190734863,6.927951812744141,5100
2008-05-20,14.239999771118164,14.350000381469727,14.239999771118164,14.300000190734863,6.927951812744141,5300
2008-05-21,14.369999885559082,14.550000190734863,14.319999694824219,14.550000190734863,7.049070358276367,16200
2008-05-22,14.550000190734863,14.649999618530273,14.420000076293945,14.430000305175781,6.990938186645508,11600
2008-05-23,14.369999885559082,14.59000015258789,14.369999885559082,14.449999809265137,7.000626564025879,2200
2008-05-27,14.350000381469727,14.619999885559082,14.300000190734863,14.449999809265137,7.000626564025879,6400
2008-05-28,14.369999885559082,14.949999809265137,14.369999885559082,14.470000267028809,7.010317802429199,18300
2008-05-29,14.619999885559082,14.640000343322754,14.470000267028809,14.5600004196167,7.053919792175293,5100
2008-05-30,14.5,14.520000457763672,14.449999809265137,14.449999809265137,7.000626564025879,2400
2008-06-02,14.510000228881836,14.510000228881836,14.40999984741211,14.470000267028809,7.010317802429199,2400
2008-06-03,14.460000038146973,14.539999961853027,14.460000038146973,14.539999961853027,7.0442280769348145,1700
2008-06-04,14.529999732971191,14.529999732971191,14.529999732971191,14.529999732971191,7.039387226104736,200
2008-06-05,14.449999809265137,14.5,14.359999656677246,14.5,7.024851322174072,2400
2008-06-06,15.0,15.0,14.300000190734863,14.300000190734863,6.927951812744141,10400
2008-06-09,14.3100004196167,14.449999809265137,14.3100004196167,14.420000076293945,6.9860920906066895,3900
2008-06-10,14.3100004196167,14.399999618530273,14.3100004196167,14.399999618530273,6.976405143737793,3900
2008-06-11,14.25,14.25,14.199999809265137,14.199999809265137,6.9063615798950195,4300
2008-06-12,14.199999809265137,14.390000343322754,14.199999809265137,14.25,6.930680751800537,1800
2008-06-13,14.239999771118164,14.350000381469727,14.199999809265137,14.199999809265137,6.9063615798950195,3400
2008-06-16,14.149999618530273,14.220000267028809,14.109999656677246,14.140000343322754,6.877183437347412,3100
2008-06-17,14.149999618530273,14.199999809265137,14.149999618530273,14.149999618530273,6.882046222686768,700
2008-06-18,14.140000343322754,14.140000343322754,14.050000190734863,14.050000190734863,6.833406925201416,5300
2008-06-19,14.039999961853027,14.149999618530273,14.039999961853027,14.149999618530273,6.882046222686768,9300
2008-06-20,14.069999694824219,14.069999694824219,14.0,14.010000228881836,6.813953399658203,6200
2008-06-23,14.0,14.1899995803833,14.0,14.029999732971191,6.823683261871338,8300
2008-06-24,14.09000015258789,14.1899995803833,14.0,14.140000343322754,6.877183437347412,17800
2008-06-25,14.010000228881836,14.220000267028809,14.0,14.020000457763672,6.81881856918335,2400
2008-06-26,14.119999885559082,14.149999618530273,14.029999732971191,14.029999732971191,6.823683261871338,800
2008-06-27,14.010000228881836,14.0600004196167,13.899999618530273,14.0600004196167,6.838276386260986,6500
2008-06-30,14.0600004196167,14.1899995803833,13.979999542236328,13.979999542236328,6.799363613128662,3500
2008-07-01,14.100000381469727,14.180000305175781,13.979999542236328,14.109999656677246,6.862593173980713,6200
2008-07-02,14.100000381469727,14.109999656677246,14.0,14.0,6.809092044830322,4100
2008-07-03,13.989999771118164,14.119999885559082,13.989999771118164,14.119999885559082,6.867457866668701,900
2008-07-07,13.979999542236328,14.119999885559082,13.970000267028809,13.979999542236328,6.799363613128662,4400
2008-07-08,13.960000038146973,14.279999732971191,13.960000038146973,14.010000228881836,6.813953399658203,15200
2008-07-09,13.970000267028809,14.109999656677246,13.970000267028809,14.109999656677246,6.862593173980713,3500
2008-07-10,14.140000343322754,14.199999809265137,14.0,14.0,6.809092044830322,3800
2008-07-11,13.979999542236328,14.100000381469727,13.800000190734863,13.989999771118164,6.831554412841797,7400
2008-07-14,13.920000076293945,13.960000038146973,13.850000381469727,13.90999984741211,6.792490005493164,1800
2008-07-15,13.800000190734863,13.8100004196167,13.710000038146973,13.8100004196167,6.7436628341674805,11400
2008-07-16,13.760000228881836,13.800000190734863,13.619999885559082,13.739999771118164,6.709478855133057,2000
2008-07-17,13.680000305175781,13.75,13.680000305175781,13.729999542236328,6.704593658447266,2900
2008-07-18,13.6899995803833,13.699999809265137,13.630000114440918,13.699999809265137,6.689943790435791,6300
2008-07-21,13.579999923706055,13.699999809265137,13.579999923706055,13.609999656677246,6.645995140075684,13000
2008-07-22,13.609999656677246,13.800000190734863,13.609999656677246,13.770000457763672,6.724125385284424,8400
2008-07-23,13.699999809265137,13.8100004196167,13.649999618530273,13.739999771118164,6.709478855133057,6500
2008-07-24,13.739999771118164,13.75,13.739999771118164,13.739999771118164,6.709478855133057,900
2008-07-25,13.75,13.75,13.75,13.75,6.714362621307373,1500
2008-07-28,13.850000381469727,14.100000381469727,13.850000381469727,14.0,6.836440563201904,6000
2008-07-29,14.0,14.210000038146973,13.970000267028809,14.100000381469727,6.88527250289917,12100
2008-07-30,14.149999618530273,14.149999618530273,14.100000381469727,14.100000381469727,6.88527250289917,2800
2008-07-31,14.220000267028809,14.25,14.119999885559082,14.239999771118164,6.953636169433594,4700
2008-08-01,14.239999771118164,14.390000343322754,14.15999984741211,14.390000343322754,7.02687931060791,12200
2008-08-04,14.390000343322754,14.399999618530273,14.390000343322754,14.399999618530273,7.031765460968018,4400
2008-08-05,14.399999618530273,14.449999809265137,14.399999618530273,14.399999618530273,7.031765460968018,3800
2008-08-06,14.319999694824219,14.5,14.300000190734863,14.319999694824219,6.992698669433594,4100
2008-08-07,14.319999694824219,14.399999618530273,14.119999885559082,14.15999984741211,6.9145708084106445,7800
2008-08-08,14.4399995803833,14.4399995803833,14.0,14.399999618530273,7.031765460968018,9300
2008-08-11,14.300000190734863,14.430000305175781,14.180000305175781,14.1899995803833,6.9292192459106445,4800
2008-08-12,14.119999885559082,14.119999885559082,14.050000190734863,14.0600004196167,6.865737438201904,3400
2008-08-13,14.0,14.079999923706055,14.0,14.079999923706055,6.902996063232422,2900
2008-08-14,14.020000457763672,14.1899995803833,14.0,14.020000457763672,6.8735833168029785,5000
2008-08-15,14.050000190734863,14.140000343322754,14.010000228881836,14.010000228881836,6.868680000305176,3700
2008-08-18,14.010000228881836,14.010000228881836,13.850000381469727,14.0,6.863778591156006,19100
2008-08-19,13.920000076293945,13.949999809265137,13.819999694824219,13.819999694824219,6.775523662567139,6900
2008-08-20,13.890000343322754,13.890000343322754,13.829999923706055,13.850000381469727,6.790235996246338,1700
2008-08-21,13.899999618530273,13.899999618530273,13.75,13.75,6.741212368011475,7100
2008-08-22,13.770000457763672,13.949999809265137,13.720000267028809,13.8100004196167,6.770629405975342,9600
2008-08-25,13.8100004196167,14.010000228881836,13.789999961853027,13.949999809265137,6.839263439178467,2800
2008-08-26,13.850000381469727,14.0,13.850000381469727,13.989999771118164,6.858872413635254,3800
2008-08-27,14.180000305175781,14.180000305175781,13.760000228881836,13.979999542236328,6.853972434997559,18300
2008-08-28,14.029999732971191,14.039999961853027,13.979999542236328,13.979999542236328,6.853972434997559,2700
2008-08-29,14.0,14.029999732971191,14.0,14.029999732971191,6.878483295440674,3100
2008-09-02,14.050000190734863,14.100000381469727,14.0,14.0600004196167,6.893191814422607,8500
2008-09-03,14.069999694824219,14.09000015258789,14.0600004196167,14.09000015258789,6.907901287078857,4200
2008-09-04,14.09000015258789,14.100000381469727,14.069999694824219,14.069999694824219,6.898097515106201,3000
2008-09-05,14.069999694824219,14.199999809265137,14.069999694824219,14.180000305175781,6.9520263671875,7200
2008-09-08,14.210000038146973,14.279999732971191,14.210000038146973,14.260000228881836,6.991247177124023,2800
2008-09-09,14.220000267028809,14.25,14.079999923706055,14.199999809265137,6.961831092834473,3600
2008-09-10,14.109999656677246,14.199999809265137,13.949999809265137,14.0,6.863778591156006,14500
2008-09-11,13.899999618530273,14.050000190734863,13.890000343322754,13.979999542236328,6.881494045257568,5700
2008-09-12,13.8100004196167,14.25,13.8100004196167,14.229999542236328,7.004561424255371,11300
2008-09-15,14.1899995803833,14.1899995803833,13.710000038146973,13.920000076293945,6.851962566375732,4900
2008-09-16,13.920000076293945,13.930000305175781,13.899999618530273,13.930000305175781,6.856883525848389,1800
2008-09-17,13.800000190734863,14.0600004196167,13.680000305175781,13.6899995803833,6.73875093460083,11300
2008-09-18,14.260000228881836,14.260000228881836,12.75,13.149999618530273,6.472939491271973,19100
2008-09-19,13.649999618530273,13.829999923706055,13.25,13.5,6.645219802856445,7500
2008-09-22,13.369999885559082,13.600000381469727,13.34000015258789,13.350000381469727,6.571386814117432,13700
2008-09-23,13.149999618530273,13.300000190734863,13.0,13.020000457763672,6.408949851989746,7400
2008-09-24,13.0,13.3100004196167,13.0,13.149999618530273,6.472939491271973,8900
2008-09-25,13.15999984741211,13.579999923706055,13.149999618530273,13.550000190734863,6.669833183288574,11500
2008-09-26,13.300000190734863,13.300000190734863,12.869999885559082,13.199999809265137,6.497548580169678,18000
2008-09-29,12.979999542236328,13.640000343322754,10.859999656677246,11.5,5.6607441902160645,33600
2008-09-30,11.600000381469727,12.1899995803833,11.510000228881836,12.1899995803833,6.000391006469727,12700
2008-10-01,12.029999732971191,13.050000190734863,12.029999732971191,13.050000190734863,6.423715114593506,9500
2008-10-02,13.029999732971191,13.779999732971191,12.75,13.300000190734863,6.5467753410339355,18100
2008-10-03,13.3100004196167,13.989999771118164,13.3100004196167,13.989999771118164,6.886416912078857,59100
2008-10-06,13.600000381469727,13.789999961853027,12.789999961853027,13.25,6.522161960601807,14500
2008-10-07,13.300000190734863,13.5,13.0,13.0,6.399102687835693,6900
2008-10-08,13.399999618530273,13.399999618530273,12.5,12.529999732971191,6.167754173278809,12800
2008-10-09,12.539999961853027,12.550000190734863,9.399999618530273,9.619999885559082,4.735337734222412,29100
2008-10-10,10.8100004196167,12.1899995803833,9.149999618530273,10.800000190734863,5.3473076820373535,52300
2008-10-13,12.100000381469727,12.180000305175781,11.699999809265137,12.050000190734863,5.966207981109619,10200
2008-10-14,11.729999542236328,12.199999809265137,11.710000038146973,11.75,5.817671298980713,19800
2008-10-15,11.75,12.100000381469727,11.119999885559082,11.3100004196167,5.599816799163818,22700
2008-10-16,11.600000381469727,11.829999923706055,11.430000305175781,11.65999984741211,5.773111343383789,8200
2008-10-17,11.739999771118164,11.869999885559082,11.609999656677246,11.800000190734863,5.8424272537231445,2600
2008-10-20,12.0,12.109999656677246,11.800000190734863,12.09000015258789,5.986009120941162,37100
2008-10-21,12.390000343322754,12.600000381469727,12.100000381469727,12.300000190734863,6.089986801147461,10000
2008-10-22,12.449999809265137,12.850000381469727,12.420000076293945,12.6899995803833,6.283085823059082,8800
2008-10-23,12.850000381469727,13.0600004196167,12.630000114440918,12.850000381469727,6.362306594848633,10700
2008-10-24,12.829999923706055,12.890000343322754,12.5,12.890000343322754,6.382104873657227,10200
2008-10-27,12.649999618530273,13.15999984741211,12.649999618530273,12.90999984741211,6.39201545715332,5600
2008-10-28,13.25,13.25,12.539999961853027,12.680000305175781,6.278133392333984,4800
2008-10-29,12.75,13.25,12.510000228881836,12.510000228881836,6.193962574005127,12200
2008-10-30,12.520000457763672,12.760000228881836,12.520000457763672,12.75,6.312790870666504,900
2008-10-31,12.75,12.890000343322754,12.75,12.890000343322754,6.382104873657227,2500
2008-11-03,12.989999771118164,12.989999771118164,12.65999984741211,12.65999984741211,6.26823091506958,800
2008-11-04,12.979999542236328,12.979999542236328,12.789999961853027,12.84000015258789,6.357356548309326,4300
2008-11-05,12.84000015258789,13.350000381469727,12.699999809265137,12.800000190734863,6.337547302246094,10200
2008-11-06,13.100000381469727,13.100000381469727,12.699999809265137,12.729999542236328,6.302886962890625,17200
2008-11-07,12.890000343322754,13.039999961853027,12.800000190734863,12.90999984741211,6.39201545715332,4400
2008-11-10,12.84000015258789,13.140000343322754,12.84000015258789,12.979999542236328,6.426669120788574,8700
2008-11-11,13.079999923706055,13.119999885559082,12.9399995803833,12.9399995803833,6.40686559677124,11000
2008-11-12,12.720000267028809,12.720000267028809,12.510000228881836,12.579999923706055,6.255692958831787,5000
2008-11-13,12.6899995803833,12.989999771118164,12.680000305175781,12.899999618530273,6.414822101593018,7600
2008-11-14,12.899999618530273,13.100000381469727,12.75,12.800000190734863,6.365093231201172,3700
2008-11-17,12.760000228881836,13.079999923706055,12.460000038146973,12.550000190734863,6.240772724151611,12000
2008-11-18,12.800000190734863,12.800000190734863,12.380000114440918,12.699999809265137,6.315364360809326,8400
2008-11-19,12.75,12.90999984741211,12.449999809265137,12.460000038146973,6.196022033691406,4900
2008-11-20,12.579999923706055,12.600000381469727,12.380000114440918,12.380000114440918,6.156240940093994,12100
2008-11-21,12.380000114440918,12.5,12.149999618530273,12.149999618530273,6.04186487197876,4100
2008-11-24,12.100000381469727,12.199999809265137,11.75,11.779999732971191,5.857875823974609,15000
2008-11-25,11.75,11.949999809265137,11.390000343322754,11.649999618530273,5.793230056762695,10100
2008-11-26,11.640000343322754,11.890000343322754,11.640000343322754,11.890000343322754,5.9125752449035645,7500
2008-11-28,11.710000038146973,11.899999618530273,11.710000038146973,11.75,5.84295129776001,3900
2008-12-01,11.899999618530273,12.300000190734863,11.75,11.75,5.84295129776001,10600
2008-12-02,12.0,12.0,11.449999809265137,11.720000267028809,5.828039169311523,46900
2008-12-03,11.819999694824219,12.029999732971191,11.460000038146973,11.720000267028809,5.828039169311523,9100
2008-12-04,11.729999542236328,12.289999961853027,11.729999542236328,11.789999961853027,5.86284875869751,7500
2008-12-05,12.600000381469727,12.600000381469727,11.710000038146973,12.149999618530273,6.04186487197876,12600
2008-12-08,11.90999984741211,13.25,11.90999984741211,12.699999809265137,6.315364360809326,41400
2008-12-09,12.520000457763672,12.649999618530273,12.220000267028809,12.5,6.2159104347229,99600
2008-12-10,12.479999542236328,12.479999542236328,11.920000076293945,11.920000076293945,5.927494049072266,13300
2008-12-11,11.800000190734863,12.0,11.6899995803833,11.819999694824219,5.905510425567627,5000
2008-12-12,11.449999809265137,12.279999732971191,11.449999809265137,11.539999961853027,5.765619277954102,13900
2008-12-15,11.130000114440918,11.399999618530273,11.100000381469727,11.34000015258789,5.665690898895264,30000
2008-12-16,11.289999961853027,11.5,11.100000381469727,11.5,5.745633125305176,14700
2008-12-17,11.5,12.180000305175781,11.5,11.800000190734863,5.8955183029174805,9100
2008-12-18,11.699999809265137,12.0,11.449999809265137,11.449999809265137,5.720651149749756,21000
2008-12-19,11.59000015258789,12.289999961853027,11.5,11.899999618530273,5.945478439331055,43900
2008-12-22,11.65999984741211,12.300000190734863,11.65999984741211,11.850000381469727,5.920497894287109,10100
2008-12-23,11.850000381469727,12.0,11.550000190734863,11.6899995803833,5.84056282043457,25600
2008-12-24,11.550000190734863,11.699999809265137,11.550000190734863,11.59000015258789,5.7905988693237305,10500
2008-12-26,11.5,11.649999618530273,11.420000076293945,11.489999771118164,5.740637302398682,19600
2008-12-29,11.5,11.789999961853027,11.489999771118164,11.789999961853027,5.890524864196777,35400
2008-12-30,11.850000381469727,12.0,11.800000190734863,12.0,5.995442867279053,7800
2008-12-31,12.0,12.399999618530273,12.0,12.399999618530273,6.195285797119141,13100
2009-01-02,12.449999809265137,12.649999618530273,12.4399995803833,12.619999885559082,6.305206775665283,5000
2009-01-05,12.770000457763672,12.819999694824219,12.649999618530273,12.819999694824219,6.405131816864014,2200
2009-01-06,12.729999542236328,12.729999542236328,12.6899995803833,12.720000267028809,6.355166912078857,800
2009-01-07,12.829999923706055,12.979999542236328,12.6899995803833,12.829999923706055,6.410124778747559,7200
2009-01-08,12.75,12.800000190734863,12.710000038146973,12.779999732971191,6.385145664215088,2700
2009-01-09,12.75,12.960000038146973,12.75,12.8100004196167,6.40013313293457,3100
2009-01-12,12.8100004196167,13.300000190734863,12.789999961853027,13.199999809265137,6.5949835777282715,12200
2009-01-13,13.029999732971191,13.09000015258789,12.75,12.800000190734863,6.422386169433594,20300
2009-01-14,12.6899995803833,12.75,12.529999732971191,12.539999961853027,6.291933536529541,5400
2009-01-15,12.5,12.550000190734863,12.449999809265137,12.449999809265137,6.246770858764648,6000
2009-01-16,12.449999809265137,12.550000190734863,12.40999984741211,12.550000190734863,6.296946048736572,2900
2009-01-20,12.420000076293945,13.119999885559082,12.40999984741211,13.020000457763672,6.532768249511719,20600
2009-01-21,12.859999656677246,13.0,12.84000015258789,12.850000381469727,6.447471618652344,4200
2009-01-22,12.760000228881836,12.760000228881836,12.5,12.59000015258789,6.317020416259766,11100
2009-01-23,12.40999984741211,12.470000267028809,12.199999809265137,12.430000305175781,6.236738681793213,14300
2009-01-26,12.4399995803833,12.569999694824219,12.430000305175781,12.550000190734863,6.296946048736572,10000
2009-01-27,12.510000228881836,12.699999809265137,12.510000228881836,12.699999809265137,6.3722076416015625,4700
2009-01-28,12.649999618530273,12.800000190734863,12.640000343322754,12.75,6.3972954750061035,8100
2009-01-29,12.75,12.75,12.609999656677246,12.739999771118164,6.39227819442749,3400
2009-01-30,12.739999771118164,12.760000228881836,12.739999771118164,12.760000228881836,6.4023118019104,3900
2009-02-02,12.770000457763672,12.770000457763672,12.729999542236328,12.739999771118164,6.39227819442749,2200
2009-02-03,12.729999542236328,13.09000015258789,12.720000267028809,13.09000015258789,6.567890644073486,12800
2009-02-04,13.010000228881836,13.1899995803833,13.0,13.100000381469727,6.572910785675049,4600
2009-02-05,13.050000190734863,13.050000190734863,12.920000076293945,13.0,6.522730350494385,6300
2009-02-06,13.050000190734863,13.09000015258789,12.979999542236328,13.069999694824219,6.557855606079102,2200
2009-02-09,13.069999694824219,13.149999618530273,13.0,13.09000015258789,6.567890644073486,6600
2009-02-10,13.09000015258789,13.229999542236328,13.0600004196167,13.15999984741211,6.603013038635254,7100
2009-02-11,13.260000228881836,13.260000228881836,13.079999923706055,13.140000343322754,6.621157169342041,3600
2009-02-12,13.140000343322754,13.350000381469727,13.100000381469727,13.329999923706055,6.716896057128906,2600
2009-02-13,13.350000381469727,13.359999656677246,13.220000267028809,13.359999656677246,6.732011795043945,1900
2009-02-17,13.260000228881836,13.260000228881836,13.09000015258789,13.09000015258789,6.595957279205322,5400
2009-02-18,13.050000190734863,13.050000190734863,12.779999732971191,12.850000381469727,6.475024700164795,8900
2009-02-19,12.699999809265137,12.699999809265137,12.4399995803833,12.609999656677246,6.354091644287109,9200
2009-02-20,12.399999618530273,12.420000076293945,11.9399995803833,12.359999656677246,6.228113651275635,23000
2009-02-23,12.300000190734863,12.300000190734863,11.9399995803833,12.1899995803833,6.142458438873291,9300
2009-02-24,12.0,12.34000015258789,11.9399995803833,12.34000015258789,6.218040466308594,17100
2009-02-25,12.239999771118164,12.479999542236328,12.170000076293945,12.40999984741211,6.253307342529297,14200
2009-02-26,12.420000076293945,12.529999732971191,12.369999885559082,12.489999771118164,6.293625831604004,10200
2009-02-27,12.489999771118164,12.539999961853027,12.270000457763672,12.539999961853027,6.318822383880615,12400
2009-03-02,12.359999656677246,12.420000076293945,12.270000457763672,12.369999885559082,6.233160018920898,10900
2009-03-03,12.289999961853027,12.359999656677246,11.899999618530273,12.180000305175781,6.137414932250977,13200
2009-03-04,12.039999961853027,12.270000457763672,12.039999961853027,12.260000228881836,6.177729606628418,11600
2009-03-05,12.199999809265137,12.199999809265137,12.0,12.199999809265137,6.147496223449707,4200
2009-03-06,12.199999809265137,12.199999809265137,11.920000076293945,12.050000190734863,6.071906089782715,10600
2009-03-09,12.010000228881836,12.010000228881836,11.75,11.899999618530273,5.9963274002075195,12300
2009-03-10,11.949999809265137,12.09000015258789,11.920000076293945,12.09000015258789,6.092062473297119,10500
2009-03-11,12.039999961853027,12.09000015258789,12.010000228881836,12.079999923706055,6.115355014801025,3400
2009-03-12,12.020000457763672,12.260000228881836,12.010000228881836,12.15999984741211,6.155850410461426,52200
2009-03-13,12.09000015258789,12.289999961853027,12.09000015258789,12.229999542236328,6.191286563873291,600
2009-03-16,12.0600004196167,12.239999771118164,12.0600004196167,12.199999809265137,6.176104545593262,17600
2009-03-17,12.140000343322754,12.15999984741211,12.140000343322754,12.15999984741211,6.155850410461426,1200
2009-03-18,12.069999694824219,12.119999885559082,11.890000343322754,12.119999885559082,6.135600566864014,12400
2009-03-19,12.069999694824219,12.069999694824219,11.90999984741211,12.0,6.074857711791992,8000
2009-03-20,12.0,12.029999732971191,12.0,12.029999732971191,6.090044021606445,3100
2009-03-23,12.039999961853027,12.079999923706055,12.020000457763672,12.039999961853027,6.095103740692139,2500
2009-03-24,11.979999542236328,12.0,11.9399995803833,12.0,6.074857711791992,3500
2009-03-25,12.0,12.039999961853027,11.899999618530273,11.949999809265137,6.049543857574463,21100
2009-03-26,11.970000267028809,12.020000457763672,11.899999618530273,11.970000267028809,6.059664726257324,6200
2009-03-27,11.989999771118164,12.069999694824219,11.960000038146973,12.0600004196167,6.105226993560791,6500
2009-03-30,12.039999961853027,12.050000190734863,11.90999984741211,12.0,6.074857711791992,8900
2009-03-31,12.0,12.0,11.920000076293945,12.0,6.074857711791992,5600
2009-04-01,12.0,12.050000190734863,12.0,12.039999961853027,6.095103740692139,2500
2009-04-02,12.039999961853027,12.069999694824219,11.899999618530273,12.0,6.074857711791992,24300
2009-04-03,11.960000038146973,12.09000015258789,11.949999809265137,12.039999961853027,6.095103740692139,12600
2009-04-06,12.020000457763672,12.109999656677246,12.020000457763672,12.109999656677246,6.130537986755371,6700
2009-04-07,12.119999885559082,12.15999984741211,12.100000381469727,12.15999984741211,6.155850410461426,8300
2009-04-08,12.119999885559082,12.180000305175781,12.119999885559082,12.180000305175781,6.165975093841553,5300
2009-04-09,12.1899995803833,12.220000267028809,12.149999618530273,12.149999618530273,6.1507887840271,8200
2009-04-13,12.079999923706055,12.100000381469727,12.079999923706055,12.100000381469727,6.153841018676758,3200
2009-04-14,12.020000457763672,12.079999923706055,12.0,12.079999923706055,6.143672466278076,8100
2009-04-15,12.09000015258789,12.149999618530273,12.09000015258789,12.149999618530273,6.179271221160889,7100
2009-04-16,12.1899995803833,12.1899995803833,12.079999923706055,12.180000305175781,6.194525718688965,7500
2009-04-17,12.170000076293945,12.220000267028809,12.170000076293945,12.220000267028809,6.214871883392334,6800
2009-04-20,12.199999809265137,12.260000228881836,12.199999809265137,12.260000228881836,6.2352118492126465,7700
2009-04-21,12.1899995803833,12.319999694824219,12.1899995803833,12.319999694824219,6.265729904174805,5000
2009-04-22,12.430000305175781,12.5,12.359999656677246,12.479999542236328,6.34710168838501,8000
2009-04-23,12.479999542236328,12.640000343322754,12.479999542236328,12.640000343322754,6.428475379943848,3300
2009-04-24,12.649999618530273,12.890000343322754,12.649999618530273,12.890000343322754,6.555622577667236,5200
2009-04-27,12.779999732971191,12.869999885559082,12.760000228881836,12.869999885559082,6.545450687408447,3500
2009-04-28,12.869999885559082,12.869999885559082,12.630000114440918,12.699999809265137,6.458991050720215,17100
2009-04-29,12.65999984741211,12.6899995803833,12.600000381469727,12.670000076293945,6.443735122680664,5700
2009-04-30,12.699999809265137,12.75,12.699999809265137,12.75,6.48441743850708,4700
2009-05-01,12.75,12.90999984741211,12.710000038146973,12.850000381469727,6.535276412963867,12500
2009-05-04,12.890000343322754,12.9399995803833,12.880000114440918,12.9399995803833,6.581047534942627,5800
2009-05-05,12.979999542236328,12.979999542236328,12.770000457763672,12.84000015258789,6.530195713043213,14200
2009-05-06,12.84000015258789,12.949999809265137,12.789999961853027,12.920000076293945,6.570878982543945,6500
2009-05-07,12.949999809265137,13.079999923706055,12.75,12.850000381469727,6.535276412963867,13600
2009-05-08,12.869999885559082,12.930000305175781,12.819999694824219,12.920000076293945,6.570878982543945,3800
2009-05-11,12.9399995803833,12.970000267028809,12.920000076293945,12.920000076293945,6.570878982543945,21200
2009-05-12,12.949999809265137,13.020000457763672,12.930000305175781,12.979999542236328,6.601391792297363,9000
2009-05-13,12.869999885559082,12.960000038146973,12.859999656677246,12.890000343322754,6.584025859832764,9300
2009-05-14,12.880000114440918,12.899999618530273,12.859999656677246,12.869999885559082,6.573812007904053,9000
2009-05-15,12.869999885559082,12.930000305175781,12.869999885559082,12.869999885559082,6.573812007904053,6300
2009-05-18,12.899999618530273,12.970000267028809,12.890000343322754,12.970000267028809,6.6248884201049805,5600
2009-05-19,12.930000305175781,13.0,12.899999618530273,12.970000267028809,6.6248884201049805,8600
2009-05-20,12.970000267028809,13.0,12.920000076293945,13.0,6.64021110534668,7600
2009-05-21,13.010000228881836,13.100000381469727,13.010000228881836,13.100000381469727,6.691293716430664,12800
2009-05-22,13.100000381469727,13.109999656677246,13.0,13.0600004196167,6.6708598136901855,5200
2009-05-26,13.010000228881836,13.100000381469727,12.979999542236328,12.989999771118164,6.63510274887085,9800
2009-05-27,13.029999732971191,13.100000381469727,13.020000457763672,13.020000457763672,6.650424003601074,11800
2009-05-28,13.020000457763672,13.029999732971191,12.989999771118164,12.989999771118164,6.63510274887085,8300
2009-05-29,12.989999771118164,12.989999771118164,12.989999771118164,12.989999771118164,6.63510274887085,0
2009-06-01,13.029999732971191,13.039999961853027,13.029999732971191,13.039999961853027,6.660645008087158,1200
2009-06-02,13.020000457763672,13.079999923706055,13.020000457763672,13.079999923706055,6.681080341339111,4100
2009-06-03,13.010000228881836,13.0600004196167,12.960000038146973,13.0600004196167,6.6708598136901855,3200
2009-06-04,13.0,13.069999694824219,12.949999809265137,13.069999694824219,6.675969123840332,5700
2009-06-05,12.970000267028809,13.050000190734863,12.960000038146973,13.050000190734863,6.665748596191406,7200
2009-06-08,12.970000267028809,12.970000267028809,12.800000190734863,12.859999656677246,6.568703651428223,23800
2009-06-09,12.819999694824219,12.850000381469727,12.779999732971191,12.800000190734863,6.53805685043335,57000
2009-06-10,12.8100004196167,12.8100004196167,12.75,12.760000228881836,6.517627239227295,8700
2009-06-11,12.720000267028809,12.720000267028809,12.720000267028809,12.720000267028809,6.525832176208496,1400
2009-06-12,12.699999809265137,12.699999809265137,12.020000457763672,12.180000305175781,6.248793125152588,31200
2009-06-15,12.020000457763672,12.15999984741211,12.010000228881836,12.15999984741211,6.238530158996582,10500
2009-06-16,12.050000190734863,12.260000228881836,12.010000228881836,12.260000228881836,6.28983211517334,14700
2009-06-17,12.220000267028809,12.380000114440918,12.220000267028809,12.369999885559082,6.346271514892578,5000
2009-06-18,12.380000114440918,12.5600004196167,12.380000114440918,12.5600004196167,6.443746089935303,5600
2009-06-19,12.5600004196167,12.670000076293945,12.550000190734863,12.670000076293945,6.500177383422852,8000
2009-06-22,12.619999885559082,12.670000076293945,11.800000190734863,12.170000076293945,6.2436652183532715,62400
2009-06-23,12.170000076293945,12.25,12.079999923706055,12.199999809265137,6.259050369262695,11400
2009-06-24,12.199999809265137,12.25,12.010000228881836,12.09000015258789,6.202620029449463,30400
2009-06-25,12.020000457763672,12.149999618530273,12.0,12.020000457763672,6.166708469390869,6100
2009-06-26,12.079999923706055,12.100000381469727,11.920000076293945,12.050000190734863,6.182100772857666,24600
2009-06-29,12.029999732971191,12.039999961853027,11.970000267028809,12.039999961853027,6.176967620849609,17500
2009-06-30,12.029999732971191,12.069999694824219,11.989999771118164,12.0600004196167,6.187229156494141,23600
2009-07-01,12.079999923706055,12.100000381469727,12.029999732971191,12.079999923706055,6.197489261627197,8300
2009-07-02,12.0600004196167,12.09000015258789,12.039999961853027,12.09000015258789,6.202620029449463,8500
2009-07-06,12.079999923706055,12.130000114440918,12.0,12.020000457763672,6.166708469390869,18200
2009-07-07,12.020000457763672,12.039999961853027,12.010000228881836,12.010000228881836,6.161576747894287,9900
2009-07-08,12.039999961853027,12.09000015258789,12.010000228881836,12.0600004196167,6.187229156494141,6400
2009-07-09,12.100000381469727,12.140000343322754,12.079999923706055,12.140000343322754,6.228268623352051,5600
2009-07-10,12.140000343322754,12.220000267028809,12.140000343322754,12.220000267028809,6.269312858581543,10700
2009-07-13,12.25,12.5600004196167,12.25,12.329999923706055,6.354869842529297,10800
2009-07-14,12.319999694824219,12.460000038146973,12.3100004196167,12.380000114440918,6.380637168884277,13400
2009-07-15,12.399999618530273,12.579999923706055,12.34000015258789,12.579999923706055,6.48371696472168,28200
2009-07-16,12.600000381469727,12.729999542236328,12.600000381469727,12.670000076293945,6.53010368347168,15300
2009-07-17,12.720000267028809,12.75,12.699999809265137,12.75,6.5713372230529785,10700
2009-07-20,12.75,12.75,12.640000343322754,12.729999542236328,6.561031818389893,4300
2009-07-21,12.699999809265137,12.8100004196167,12.6899995803833,12.770000457763672,6.5816473960876465,9800
2009-07-22,12.729999542236328,12.779999732971191,12.729999542236328,12.770000457763672,6.5816473960876465,4700
2009-07-23,12.8100004196167,12.8100004196167,12.579999923706055,12.680000305175781,6.535257339477539,11000
2009-07-24,12.670000076293945,12.680000305175781,12.579999923706055,12.670000076293945,6.53010368347168,4900
2009-07-27,12.630000114440918,12.739999771118164,12.630000114440918,12.739999771118164,6.566183090209961,1500
2009-07-28,12.630000114440918,12.8100004196167,12.630000114440918,12.8100004196167,6.602261066436768,15400
2009-07-29,12.8100004196167,12.829999923706055,12.800000190734863,12.829999923706055,6.61256742477417,1400
2009-07-30,12.850000381469727,12.899999618530273,12.850000381469727,12.899999618530273,6.648642063140869,500
2009-07-31,13.100000381469727,13.4399995803833,12.949999809265137,13.140000343322754,6.772345066070557,33500
2009-08-03,13.100000381469727,13.369999885559082,13.100000381469727,13.25,6.829037666320801,9600
2009-08-04,13.350000381469727,13.350000381469727,12.880000114440918,13.170000076293945,6.787805080413818,11400
2009-08-05,13.09000015258789,13.140000343322754,13.010000228881836,13.100000381469727,6.751730918884277,6700
2009-08-06,13.09000015258789,13.09000015258789,12.90999984741211,13.050000190734863,6.725959300994873,15800
2009-08-07,13.050000190734863,13.100000381469727,13.050000190734863,13.09000015258789,6.746572494506836,7700
2009-08-10,12.9399995803833,13.100000381469727,12.9399995803833,13.100000381469727,6.751730918884277,16200
2009-08-11,13.079999923706055,13.100000381469727,13.079999923706055,13.100000381469727,6.751730918884277,7100
2009-08-12,13.09000015258789,13.09000015258789,13.039999961853027,13.069999694824219,6.765182971954346,3200
2009-08-13,13.0600004196167,13.0600004196167,12.84000015258789,12.9399995803833,6.6978936195373535,9600
2009-08-14,13.0,13.0,12.649999618530273,12.699999809265137,6.573664665222168,17400
2009-08-17,12.699999809265137,12.779999732971191,12.699999809265137,12.720000267028809,6.584024906158447,11800
2009-08-18,12.779999732971191,12.920000076293945,12.779999732971191,12.920000076293945,6.68754243850708,6300
2009-08-19,12.75,12.90999984741211,12.75,12.90999984741211,6.682363986968994,4000
2009-08-20,12.970000267028809,13.029999732971191,12.970000267028809,13.010000228881836,6.734130859375,8200
2009-08-21,13.0,13.079999923706055,12.949999809265137,13.039999961853027,6.7496562004089355,16900
2009-08-24,12.930000305175781,13.050000190734863,12.920000076293945,13.029999732971191,6.744481563568115,5600
2009-08-25,13.0600004196167,13.100000381469727,13.0,13.100000381469727,6.780717372894287,14500
2009-08-26,12.989999771118164,13.029999732971191,12.970000267028809,12.970000267028809,6.713426113128662,4200
2009-08-27,13.010000228881836,13.100000381469727,13.010000228881836,13.100000381469727,6.780717372894287,7500
2009-08-28,13.100000381469727,13.100000381469727,13.069999694824219,13.100000381469727,6.780717372894287,8700
2009-08-31,13.09000015258789,13.100000381469727,13.050000190734863,13.100000381469727,6.780717372894287,21900
2009-09-01,13.09000015258789,13.140000343322754,13.029999732971191,13.109999656677246,6.785890102386475,9000
2009-09-02,13.140000343322754,13.239999771118164,13.109999656677246,13.210000038146973,6.837651252746582,6200
2009-09-03,13.239999771118164,13.239999771118164,13.109999656677246,13.199999809265137,6.832475185394287,6300
2009-09-04,13.25,13.25,13.15999984741211,13.25,6.858355522155762,5600
2009-09-08,13.260000228881836,13.470000267028809,13.199999809265137,13.470000267028809,6.972229480743408,9100
2009-09-09,13.40999984741211,13.5,13.399999618530273,13.5,6.987757205963135,11100
2009-09-10,13.479999542236328,13.479999542236328,13.359999656677246,13.460000038146973,6.967056751251221,8600
2009-09-11,13.4399995803833,13.5,13.380000114440918,13.5,7.016951084136963,17200
2009-09-14,13.539999961853027,13.539999961853027,13.430000305175781,13.460000038146973,6.996164321899414,4900
2009-09-15,13.430000305175781,13.5,13.430000305175781,13.460000038146973,6.996164321899414,6200
2009-09-16,13.5,13.949999809265137,13.489999771118164,13.949999809265137,7.250845909118652,23900
2009-09-17,13.979999542236328,13.979999542236328,13.899999618530273,13.899999618530273,7.224857807159424,10300
2009-09-18,13.989999771118164,13.989999771118164,13.75,13.760000228881836,7.152092456817627,8300
2009-09-21,13.859999656677246,13.859999656677246,13.609999656677246,13.699999809265137,7.120909214019775,7700
2009-09-22,13.850000381469727,13.960000038146973,13.760000228881836,13.760000228881836,7.152092456817627,12100
2009-09-23,13.699999809265137,13.920000076293945,13.579999923706055,13.8100004196167,7.178084373474121,23000
2009-09-24,13.75,13.899999618530273,13.510000228881836,13.729999542236328,7.136500835418701,24000
2009-09-25,13.600000381469727,13.65999984741211,13.5600004196167,13.640000343322754,7.089719295501709,6400
2009-09-28,13.699999809265137,13.850000381469727,13.699999809265137,13.84000015258789,7.19367790222168,5200
2009-09-29,13.850000381469727,13.850000381469727,13.609999656677246,13.680000305175781,7.110511779785156,8800
2009-09-30,13.699999809265137,13.699999809265137,13.600000381469727,13.670000076293945,7.105315208435059,2100
2009-10-01,13.609999656677246,13.729999542236328,13.609999656677246,13.729999542236328,7.136500835418701,2600
2009-10-02,13.739999771118164,13.84000015258789,13.739999771118164,13.84000015258789,7.19367790222168,2900
2009-10-05,13.789999961853027,13.800000190734863,13.699999809265137,13.699999809265137,7.120909214019775,9100
2009-10-06,13.850000381469727,13.9399995803833,13.699999809265137,13.920000076293945,7.235256195068359,13800
2009-10-07,13.930000305175781,13.960000038146973,13.859999656677246,13.859999656677246,7.204071998596191,2700
2009-10-08,13.859999656677246,13.859999656677246,13.75,13.800000190734863,7.172881603240967,4000
2009-10-09,13.84000015258789,13.850000381469727,13.75,13.75,7.146895885467529,2700
2009-10-12,13.75,13.75,13.399999618530273,13.420000076293945,6.975372791290283,14200
2009-10-13,13.6899995803833,13.949999809265137,13.430000305175781,13.710000038146973,7.155968189239502,19000
2009-10-14,13.699999809265137,13.699999809265137,13.4399995803833,13.59000015258789,7.0933332443237305,15400
2009-10-15,13.649999618530273,13.75,13.399999618530273,13.4399995803833,7.015035629272461,7800
2009-10-16,13.359999656677246,13.449999809265137,13.239999771118164,13.430000305175781,7.009820938110352,8400
2009-10-19,13.539999961853027,13.539999961853027,13.380000114440918,13.430000305175781,7.009820938110352,4200
2009-10-20,13.529999732971191,13.529999732971191,13.449999809265137,13.529999732971191,7.062018394470215,3100
2009-10-21,13.5,13.600000381469727,13.489999771118164,13.5,7.046357154846191,9200
2009-10-22,13.359999656677246,13.380000114440918,13.210000038146973,13.350000381469727,6.9680633544921875,19800
2009-10-23,13.300000190734863,13.399999618530273,13.300000190734863,13.399999618530273,6.994157791137695,2000
2009-10-26,13.40999984741211,13.4399995803833,13.399999618530273,13.4399995803833,7.015035629272461,6100
2009-10-27,13.34000015258789,13.470000267028809,13.34000015258789,13.420000076293945,7.004600524902344,9800
2009-10-28,13.430000305175781,13.4399995803833,13.390000343322754,13.390000343322754,6.98893928527832,500
2009-10-29,13.350000381469727,13.380000114440918,13.319999694824219,13.34000015258789,6.962846279144287,2100
2009-10-30,13.3100004196167,13.369999885559082,13.300000190734863,13.3100004196167,6.9471845626831055,3600
2009-11-02,13.25,13.350000381469727,13.140000343322754,13.300000190734863,6.941961288452148,15600
2009-11-03,13.449999809265137,13.449999809265137,13.1899995803833,13.199999809265137,6.889768600463867,6400
2009-11-04,13.199999809265137,13.319999694824219,13.199999809265137,13.319999694824219,6.952406883239746,2000
2009-11-05,13.300000190734863,13.369999885559082,13.199999809265137,13.210000038146973,6.894988059997559,34800
2009-11-06,13.350000381469727,13.399999618530273,13.239999771118164,13.369999885559082,6.978503227233887,8700
2009-11-09,13.460000038146973,13.600000381469727,13.460000038146973,13.579999923706055,7.088109016418457,9300
2009-11-10,13.579999923706055,13.680000305175781,13.579999923706055,13.619999885559082,7.138429164886475,6900
2009-11-11,13.649999618530273,13.75,13.649999618530273,13.75,7.206560134887695,4700
2009-11-12,13.640000343322754,13.640000343322754,13.539999961853027,13.539999961853027,7.096497535705566,5700
2009-11-13,13.569999694824219,13.569999694824219,13.420000076293945,13.539999961853027,7.096497535705566,7000
2009-11-16,13.5,13.569999694824219,13.430000305175781,13.430000305175781,7.038846969604492,4100
2009-11-17,13.539999961853027,13.539999961853027,13.350000381469727,13.350000381469727,6.996912002563477,3600
2009-11-18,13.260000228881836,13.420000076293945,13.260000228881836,13.319999694824219,6.981192588806152,6600
2009-11-19,13.220000267028809,13.220000267028809,13.029999732971191,13.039999961853027,6.834439754486084,12300
2009-11-20,13.050000190734863,13.399999618530273,13.050000190734863,13.399999618530273,7.023122310638428,23400
2009-11-23,13.350000381469727,13.399999618530273,13.329999923706055,13.329999923706055,6.986436367034912,4100
2009-11-24,13.260000228881836,13.399999618530273,13.180000305175781,13.399999618530273,7.023122310638428,46700
2009-11-25,13.479999542236328,13.489999771118164,13.300000190734863,13.4399995803833,7.044088363647461,6700
2009-11-27,13.4399995803833,13.4399995803833,13.4399995803833,13.4399995803833,7.044088363647461,0
2009-11-30,13.210000038146973,13.3100004196167,13.170000076293945,13.260000228881836,6.9497480392456055,16100
2009-12-01,13.270000457763672,13.329999923706055,13.149999618530273,13.180000305175781,6.9078168869018555,23600
2009-12-02,13.270000457763672,13.279999732971191,13.199999809265137,13.279999732971191,6.96022367477417,3300
2009-12-03,13.180000305175781,13.270000457763672,13.119999885559082,13.119999885559082,6.876366138458252,15500
2009-12-04,13.119999885559082,13.229999542236328,13.119999885559082,13.199999809265137,6.918301105499268,4100
2009-12-07,13.210000038146973,13.210000038146973,13.210000038146973,13.210000038146973,6.9235405921936035,100
2009-12-08,13.229999542236328,13.229999542236328,13.039999961853027,13.140000343322754,6.886849403381348,14000
2009-12-09,13.0600004196167,13.180000305175781,13.0600004196167,13.180000305175781,6.9078168869018555,3200
2009-12-10,13.15999984741211,13.239999771118164,13.15999984741211,13.1899995803833,6.913056373596191,6400
2009-12-11,13.1899995803833,13.1899995803833,13.1899995803833,13.1899995803833,6.942534446716309,500
2009-12-14,13.170000076293945,13.210000038146973,13.170000076293945,13.170000076293945,6.932006359100342,2100
2009-12-15,13.130000114440918,13.130000114440918,13.010000228881836,13.050000190734863,6.8688483238220215,5700
2009-12-16,13.050000190734863,13.119999885559082,13.010000228881836,13.100000381469727,6.895159721374512,21600
2009-12-17,13.0600004196167,13.109999656677246,13.050000190734863,13.0600004196167,6.874109745025635,7100
2009-12-18,13.0600004196167,13.130000114440918,13.050000190734863,13.050000190734863,6.8688483238220215,20400
2009-12-21,13.100000381469727,13.140000343322754,13.020000457763672,13.020000457763672,6.853054523468018,8700
2009-12-22,13.029999732971191,13.029999732971191,12.989999771118164,13.029999732971191,6.85831880569458,11800
2009-12-23,13.010000228881836,13.119999885559082,12.989999771118164,13.109999656677246,6.900428295135498,6300
2009-12-24,13.069999694824219,13.09000015258789,12.989999771118164,13.09000015258789,6.889899253845215,5200
2009-12-28,13.0,13.050000190734863,12.989999771118164,13.0,6.842527389526367,1300
2009-12-29,13.010000228881836,13.050000190734863,12.989999771118164,12.989999771118164,6.837259769439697,10500
2009-12-30,12.949999809265137,12.949999809265137,12.680000305175781,12.720000267028809,6.695149898529053,32900
2009-12-31,12.720000267028809,12.800000190734863,12.720000267028809,12.770000457763672,6.721473217010498,32400
2010-01-04,12.770000457763672,12.8100004196167,12.770000457763672,12.8100004196167,6.742518901824951,9400
2010-01-05,12.800000190734863,12.819999694824219,12.779999732971191,12.8100004196167,6.742518901824951,25200
2010-01-06,12.800000190734863,12.869999885559082,12.800000190734863,12.869999885559082,6.774101734161377,36100
2010-01-07,12.84000015258789,12.90999984741211,12.84000015258789,12.90999984741211,6.7951555252075195,3100
2010-01-08,12.90999984741211,12.949999809265137,12.90999984741211,12.949999809265137,6.816209316253662,4700
2010-01-11,12.930000305175781,12.979999542236328,12.930000305175781,12.960000038146973,6.821475505828857,3800
2010-01-12,12.989999771118164,13.0,12.970000267028809,12.989999771118164,6.837259769439697,5000
2010-01-13,12.9399995803833,12.970000267028809,12.859999656677246,12.970000267028809,6.856296062469482,8000
2010-01-14,12.90999984741211,12.949999809265137,12.890000343322754,12.899999618530273,6.81928825378418,5700
2010-01-15,12.869999885559082,12.880000114440918,12.760000228881836,12.84000015258789,6.787569522857666,7100
2010-01-19,12.869999885559082,12.869999885559082,12.800000190734863,12.859999656677246,6.798144340515137,22300
2010-01-20,12.880000114440918,12.989999771118164,12.859999656677246,12.970000267028809,6.856296062469482,40700
2010-01-21,12.930000305175781,12.989999771118164,12.829999923706055,12.979999542236328,6.8615803718566895,12300
2010-01-22,12.930000305175781,12.960000038146973,12.880000114440918,12.890000343322754,6.814006328582764,5500
2010-01-25,12.819999694824219,12.899999618530273,12.819999694824219,12.899999618530273,6.81928825378418,3900
2010-01-26,12.850000381469727,12.920000076293945,12.850000381469727,12.90999984741211,6.824575901031494,3800
2010-01-27,12.970000267028809,12.989999771118164,12.949999809265137,12.970000267028809,6.856296062469482,7800
2010-01-28,13.15999984741211,13.170000076293945,12.850000381469727,12.9399995803833,6.8404316902160645,26800
2010-01-29,12.949999809265137,12.989999771118164,12.920000076293945,12.9399995803833,6.8404316902160645,3300
2010-02-01,12.989999771118164,13.0,12.970000267028809,13.0,6.872151851654053,500
2010-02-02,13.050000190734863,13.069999694824219,12.989999771118164,13.039999961853027,6.8932976722717285,11800
2010-02-03,12.930000305175781,13.100000381469727,12.930000305175781,13.09000015258789,6.91973352432251,11600
2010-02-04,13.050000190734863,13.050000190734863,12.989999771118164,12.989999771118164,6.866865634918213,5100
2010-02-05,12.949999809265137,13.020000457763672,12.949999809265137,13.020000457763672,6.882725238800049,300
2010-02-08,12.989999771118164,13.09000015258789,12.989999771118164,13.050000190734863,6.898585796356201,10500
2010-02-09,13.100000381469727,13.100000381469727,12.920000076293945,13.020000457763672,6.882725238800049,17000
2010-02-10,12.899999618530273,13.0,12.899999618530273,13.0,6.90183687210083,700
2010-02-11,13.0,13.0,12.880000114440918,12.9399995803833,6.869980335235596,9400
2010-02-12,12.949999809265137,12.949999809265137,12.84000015258789,12.920000076293945,6.859368324279785,3700
2010-02-16,12.869999885559082,12.899999618530273,12.829999923706055,12.880000114440918,6.838131427764893,16300
2010-02-17,12.84000015258789,12.960000038146973,12.779999732971191,12.829999923706055,6.81158447265625,12400
2010-02-18,12.800000190734863,12.829999923706055,12.800000190734863,12.829999923706055,6.81158447265625,1400
2010-02-19,12.789999961853027,12.890000343322754,12.789999961853027,12.859999656677246,6.827510356903076,3300
2010-02-22,12.869999885559082,12.869999885559082,12.75,12.770000457763672,6.779733657836914,18100
2010-02-23,12.789999961853027,12.800000190734863,12.720000267028809,12.789999961853027,6.790345191955566,4700
2010-02-24,12.779999732971191,12.880000114440918,12.779999732971191,12.880000114440918,6.838131427764893,8500
2010-02-25,12.880000114440918,12.880000114440918,12.800000190734863,12.880000114440918,6.838131427764893,14400
2010-02-26,12.829999923706055,12.960000038146973,12.8100004196167,12.960000038146973,6.880602836608887,21900
2010-03-01,12.979999542236328,12.979999542236328,12.84000015258789,12.930000305175781,6.864674091339111,17500
2010-03-02,12.930000305175781,12.970000267028809,12.880000114440918,12.960000038146973,6.880602836608887,9200
2010-03-03,12.960000038146973,12.979999542236328,12.880000114440918,12.960000038146973,6.880602836608887,5800
2010-03-04,12.90999984741211,12.979999542236328,12.90999984741211,12.979999542236328,6.891219615936279,1900
2010-03-05,12.949999809265137,12.949999809265137,12.880000114440918,12.9399995803833,6.869980335235596,9200
2010-03-08,12.899999618530273,12.960000038146973,12.890000343322754,12.949999809265137,6.875295162200928,7800
2010-03-09,12.880000114440918,12.989999771118164,12.880000114440918,12.970000267028809,6.885913848876953,15700
2010-03-10,12.899999618530273,12.989999771118164,12.899999618530273,12.970000267028809,6.885913848876953,8400
2010-03-11,12.9399995803833,12.960000038146973,12.890000343322754,12.9399995803833,6.899773120880127,3800
2010-03-12,12.880000114440918,12.960000038146973,12.880000114440918,12.949999809265137,6.905106544494629,6300
2010-03-15,12.920000076293945,13.09000015258789,12.920000076293945,12.949999809265137,6.905106544494629,17100
2010-03-16,12.920000076293945,13.039999961853027,12.920000076293945,13.039999961853027,6.953096866607666,17000
2010-03-17,13.010000228881836,13.050000190734863,12.930000305175781,13.029999732971191,6.947768211364746,15900
2010-03-18,12.979999542236328,13.09000015258789,12.970000267028809,13.079999923706055,6.974429130554199,6800
2010-03-19,13.079999923706055,13.079999923706055,13.020000457763672,13.079999923706055,6.974429130554199,12100
2010-03-22,12.970000267028809,13.100000381469727,12.970000267028809,13.09000015258789,6.979757785797119,6200
2010-03-23,13.039999961853027,13.100000381469727,13.039999961853027,13.100000381469727,6.985090732574463,3700
2010-03-24,13.09000015258789,13.119999885559082,12.960000038146973,13.119999885559082,6.995755195617676,31100
2010-03-25,13.09000015258789,13.140000343322754,13.039999961853027,13.100000381469727,6.985090732574463,3300
2010-03-26,13.0,13.100000381469727,13.0,13.069999694824219,6.96909236907959,6200
2010-03-29,13.010000228881836,13.069999694824219,12.960000038146973,13.029999732971191,6.947768211364746,4500
2010-03-30,12.979999542236328,13.109999656677246,12.979999542236328,13.0600004196167,6.963759422302246,16000
2010-03-31,13.079999923706055,13.079999923706055,13.079999923706055,13.079999923706055,6.974429130554199,200
2010-04-01,13.09000015258789,13.140000343322754,13.050000190734863,13.140000343322754,7.0064239501953125,6800
2010-04-05,13.140000343322754,13.140000343322754,13.100000381469727,13.140000343322754,7.0064239501953125,4800
2010-04-06,13.100000381469727,13.140000343322754,13.079999923706055,13.140000343322754,7.0064239501953125,800
2010-04-07,13.130000114440918,13.140000343322754,13.109999656677246,13.109999656677246,6.990424633026123,4300
2010-04-08,13.170000076293945,13.170000076293945,13.039999961853027,13.0600004196167,6.963759422302246,6100
2010-04-09,13.119999885559082,13.130000114440918,13.029999732971191,13.130000114440918,7.001087188720703,9300
2010-04-12,13.130000114440918,13.130000114440918,13.029999732971191,13.050000190734863,6.958430767059326,9100
2010-04-13,13.039999961853027,13.079999923706055,12.960000038146973,13.0,6.961642742156982,17700
2010-04-14,13.020000457763672,13.0600004196167,13.0,13.0,6.961642742156982,2200
2010-04-15,13.029999732971191,13.029999732971191,13.0,13.0,6.961642742156982,1800
2010-04-16,12.989999771118164,13.119999885559082,12.989999771118164,13.119999885559082,7.025901794433594,14100
2010-04-19,13.109999656677246,13.130000114440918,13.069999694824219,13.130000114440918,7.031252384185791,4600
2010-04-20,13.170000076293945,13.170000076293945,13.140000343322754,13.170000076293945,7.05267858505249,5400
2010-04-21,13.109999656677246,13.170000076293945,13.079999923706055,13.170000076293945,7.05267858505249,10300
2010-04-22,13.15999984741211,13.180000305175781,13.100000381469727,13.15999984741211,7.047324180603027,7500
2010-04-23,13.170000076293945,13.170000076293945,13.170000076293945,13.170000076293945,7.05267858505249,100
2010-04-26,13.15999984741211,13.15999984741211,13.0,13.029999732971191,6.9777069091796875,29000
2010-04-27,13.050000190734863,13.050000190734863,13.0,13.0,6.961642742156982,21800
2010-04-28,13.09000015258789,13.09000015258789,13.029999732971191,13.050000190734863,6.988415241241455,7100
2010-04-29,13.039999961853027,13.100000381469727,13.039999961853027,13.100000381469727,7.015190124511719,3300
2010-04-30,13.09000015258789,13.140000343322754,13.09000015258789,13.140000343322754,7.036612033843994,3900
2010-05-03,13.1899995803833,13.199999809265137,13.09000015258789,13.100000381469727,7.015190124511719,9400
2010-05-04,13.130000114440918,13.149999618530273,13.069999694824219,13.149999618530273,7.041967868804932,5800
2010-05-05,13.069999694824219,13.149999618530273,13.0600004196167,13.069999694824219,6.999124526977539,15100
2010-05-06,13.119999885559082,13.119999885559082,12.979999542236328,13.0,6.961642742156982,21600
2010-05-07,13.029999732971191,13.050000190734863,12.979999542236328,13.0,6.961642742156982,15400
2010-05-10,13.050000190734863,13.100000381469727,13.0,13.0,6.961642742156982,11900
2010-05-11,13.010000228881836,13.149999618530273,13.010000228881836,13.149999618530273,7.041967868804932,7600
2010-05-12,13.079999923706055,13.130000114440918,13.0600004196167,13.100000381469727,7.045196533203125,5900
2010-05-13,13.149999618530273,13.210000038146973,13.09000015258789,13.210000038146973,7.104352951049805,15400
2010-05-14,13.199999809265137,13.210000038146973,13.119999885559082,13.210000038146973,7.104352951049805,8100
2010-05-17,13.199999809265137,13.300000190734863,13.149999618530273,13.25,7.125864028930664,17600
2010-05-18,13.239999771118164,13.25,13.109999656677246,13.149999618530273,7.072084903717041,9100
2010-05-19,13.180000305175781,13.199999809265137,13.109999656677246,13.109999656677246,7.050572872161865,6500
2010-05-20,13.029999732971191,13.079999923706055,13.0,13.020000457763672,7.002170562744141,7900
2010-05-21,13.050000190734863,13.079999923706055,13.020000457763672,13.079999923706055,7.0344414710998535,2000
2010-05-24,13.140000343322754,13.149999618530273,13.010000228881836,13.149999618530273,7.072084903717041,11900
2010-05-25,13.149999618530273,13.210000038146973,13.0,13.149999618530273,7.072084903717041,19000
2010-05-26,13.210000038146973,13.329999923706055,13.15999984741211,13.329999923706055,7.16888952255249,10100
2010-05-27,13.34000015258789,13.350000381469727,13.140000343322754,13.34000015258789,7.174269199371338,21600
2010-05-28,13.34000015258789,13.420000076293945,13.3100004196167,13.390000343322754,7.201153755187988,10000
2010-06-01,13.470000267028809,13.479999542236328,13.460000038146973,13.460000038146973,7.238804817199707,1800
2010-06-02,13.479999542236328,13.489999771118164,13.449999809265137,13.460000038146973,7.238804817199707,5700
2010-06-03,13.479999542236328,13.489999771118164,13.380000114440918,13.420000076293945,7.217289924621582,18600
2010-06-04,13.300000190734863,13.399999618530273,13.300000190734863,13.399999618530273,7.206538200378418,1800
2010-06-07,13.399999618530273,13.399999618530273,13.3100004196167,13.319999694824219,7.163509368896484,1100
2010-06-08,13.3100004196167,13.3100004196167,13.149999618530273,13.15999984741211,7.0774664878845215,17500
2010-06-09,13.199999809265137,13.229999542236328,13.079999923706055,13.170000076293945,7.08284330368042,18100
2010-06-10,13.149999618530273,13.220000267028809,13.020000457763672,13.029999732971191,7.0075483322143555,36200
2010-06-11,13.029999732971191,13.100000381469727,13.029999732971191,13.100000381469727,7.075605869293213,8700
2010-06-14,13.09000015258789,13.15999984741211,13.079999923706055,13.119999885559082,7.086407661437988,4600
2010-06-15,13.100000381469727,13.239999771118164,13.100000381469727,13.100000381469727,7.075605869293213,7200
2010-06-16,13.09000015258789,13.1899995803833,13.09000015258789,13.1899995803833,7.124216079711914,3100
2010-06-17,13.1899995803833,13.199999809265137,13.170000076293945,13.199999809265137,7.129617214202881,11200
2010-06-18,13.140000343322754,13.239999771118164,13.140000343322754,13.220000267028809,7.14041805267334,4500
2010-06-21,13.239999771118164,13.270000457763672,13.210000038146973,13.220000267028809,7.14041805267334,9400
2010-06-22,13.260000228881836,13.279999732971191,13.210000038146973,13.279999732971191,7.172821998596191,7400
2010-06-23,13.300000190734863,13.319999694824219,13.210000038146973,13.300000190734863,7.183628559112549,7400
2010-06-24,13.350000381469727,13.350000381469727,13.25,13.3100004196167,7.189027786254883,6100
2010-06-25,13.350000381469727,13.399999618530273,13.289999961853027,13.399999618530273,7.237644672393799,18100
2010-06-28,13.399999618530273,13.399999618530273,13.369999885559082,13.380000114440918,7.226837635040283,4900
2010-06-29,13.390000343322754,13.390000343322754,13.25,13.350000381469727,7.21063232421875,16700
2010-06-30,13.319999694824219,13.390000343322754,13.319999694824219,13.390000343322754,7.232236862182617,1400
2010-07-01,13.399999618530273,13.40999984741211,13.329999923706055,13.399999618530273,7.237644672393799,8900
2010-07-02,13.380000114440918,13.489999771118164,13.380000114440918,13.399999618530273,7.237644672393799,5700
2010-07-06,13.479999542236328,13.539999961853027,13.399999618530273,13.399999618530273,7.237644672393799,18900
2010-07-07,13.449999809265137,13.449999809265137,13.359999656677246,13.40999984741211,7.243037700653076,7200
2010-07-08,13.350000381469727,13.369999885559082,13.34000015258789,13.34000015258789,7.205236434936523,2200
2010-07-09,13.319999694824219,13.5,13.319999694824219,13.430000305175781,7.253846168518066,7000
2010-07-12,13.460000038146973,13.529999732971191,13.369999885559082,13.529999732971191,7.30785608291626,18500
2010-07-13,13.470000267028809,13.5600004196167,13.470000267028809,13.550000190734863,7.349077224731445,5800
2010-07-14,13.5,13.65999984741211,13.5,13.65999984741211,7.408736705780029,26600
2010-07-15,13.649999618530273,13.649999618530273,13.630000114440918,13.640000343322754,7.397885799407959,5200
2010-07-16,13.6899995803833,13.800000190734863,13.579999923706055,13.800000190734863,7.484668254852295,43500
2010-07-19,13.800000190734863,13.800000190734863,13.65999984741211,13.65999984741211,7.408736705780029,15500
2010-07-20,13.710000038146973,13.710000038146973,13.359999656677246,13.670000076293945,7.414161205291748,12700
2010-07-21,13.680000305175781,13.680000305175781,13.529999732971191,13.569999694824219,7.35991907119751,16500
2010-07-22,13.640000343322754,13.640000343322754,13.5600004196167,13.59000015258789,7.370766639709473,4600
2010-07-23,13.600000381469727,13.75,13.600000381469727,13.729999542236328,7.446704387664795,10900
2010-07-26,13.75,13.789999961853027,13.640000343322754,13.789999961853027,7.479244709014893,11800
2010-07-27,13.729999542236328,13.84000015258789,13.710000038146973,13.800000190734863,7.484668254852295,15600
2010-07-28,13.859999656677246,14.529999732971191,13.670000076293945,13.819999694824219,7.49551248550415,19600
2010-07-29,13.930000305175781,13.930000305175781,13.770000457763672,13.84000015258789,7.50636100769043,4400
2010-07-30,13.899999618530273,13.899999618530273,13.779999732971191,13.880000114440918,7.528051853179932,1800
2010-08-02,14.029999732971191,14.029999732971191,13.779999732971191,13.880000114440918,7.528051853179932,4400
2010-08-03,14.069999694824219,14.069999694824219,13.75,13.899999618530273,7.53890323638916,8900
2010-08-04,13.970000267028809,14.0,13.869999885559082,13.869999885559082,7.522634506225586,8000
2010-08-05,13.949999809265137,14.0,13.9399995803833,14.0,7.593141555786133,4900
2010-08-06,14.0,14.130000114440918,14.0,14.109999656677246,7.652803421020508,4400
2010-08-09,14.0600004196167,14.210000038146973,13.979999542236328,14.0600004196167,7.625682830810547,11800
2010-08-10,14.130000114440918,14.239999771118164,13.960000038146973,14.109999656677246,7.652803421020508,7200
2010-08-11,14.050000190734863,14.100000381469727,13.979999542236328,14.100000381469727,7.677849292755127,5300
2010-08-12,13.989999771118164,14.170000076293945,13.989999771118164,14.170000076293945,7.715972423553467,4800
2010-08-13,14.25,14.3100004196167,14.100000381469727,14.3100004196167,7.792198181152344,21900
2010-08-16,14.3100004196167,14.5,14.180000305175781,14.229999542236328,7.7486371994018555,12100
2010-08-17,14.270000457763672,14.270000457763672,14.149999618530273,14.15999984741211,7.710524559020996,9900
2010-08-18,14.210000038146973,14.210000038146973,14.0,14.069999694824219,7.661515235900879,18100
2010-08-19,14.079999923706055,14.079999923706055,13.970000267028809,14.069999694824219,7.661515235900879,9000
2010-08-20,14.079999923706055,14.15999984741211,14.020000457763672,14.15999984741211,7.710524559020996,9500
2010-08-23,14.229999542236328,14.229999542236328,14.050000190734863,14.149999618530273,7.705077648162842,13600
2010-08-24,14.050000190734863,14.220000267028809,14.050000190734863,14.180000305175781,7.72141170501709,8400
2010-08-25,14.220000267028809,14.220000267028809,14.079999923706055,14.130000114440918,7.694182395935059,10200
2010-08-26,14.079999923706055,14.180000305175781,14.079999923706055,14.149999618530273,7.705077648162842,7600
2010-08-27,14.220000267028809,14.229999542236328,14.0600004196167,14.149999618530273,7.705077648162842,7700
2010-08-30,14.229999542236328,14.229999542236328,14.100000381469727,14.100000381469727,7.677849292755127,9500
2010-08-31,14.180000305175781,14.180000305175781,13.949999809265137,14.100000381469727,7.677849292755127,31500
2010-09-01,14.1899995803833,14.199999809265137,14.09000015258789,14.109999656677246,7.683295726776123,4700
2010-09-02,14.119999885559082,14.15999984741211,14.069999694824219,14.109999656677246,7.683295726776123,3100
2010-09-03,14.079999923706055,14.130000114440918,14.0,14.09000015258789,7.6724066734313965,2800
2010-09-07,14.09000015258789,14.15999984741211,14.0,14.100000381469727,7.677849292755127,16600
2010-09-08,14.069999694824219,14.180000305175781,14.069999694824219,14.119999885559082,7.688741207122803,11300
2010-09-09,14.199999809265137,14.199999809265137,14.100000381469727,14.100000381469727,7.677849292755127,9000
2010-09-10,14.140000343322754,14.149999618530273,14.119999885559082,14.149999618530273,7.705077648162842,10300
2010-09-13,14.100000381469727,14.109999656677246,14.100000381469727,14.100000381469727,7.708355903625488,14700
2010-09-14,14.149999618530273,14.149999618530273,13.979999542236328,13.989999771118164,7.648221492767334,16300
2010-09-15,13.979999542236328,14.0600004196167,13.920000076293945,13.930000305175781,7.615419864654541,14400
2010-09-16,13.949999809265137,14.039999961853027,13.869999885559082,13.920000076293945,7.609952926635742,10100
2010-09-17,13.930000305175781,13.930000305175781,13.869999885559082,13.930000305175781,7.615419864654541,3400
2010-09-20,13.930000305175781,14.050000190734863,13.90999984741211,13.90999984741211,7.604484558105469,6600
2010-09-21,13.90999984741211,13.979999542236328,13.90999984741211,13.979999542236328,7.642751216888428,5500
2010-09-22,13.989999771118164,14.020000457763672,13.9399995803833,14.010000228881836,7.659152030944824,2300
2010-09-23,14.020000457763672,14.039999961853027,13.949999809265137,13.949999809265137,7.626354694366455,3500
2010-09-24,14.050000190734863,14.0600004196167,13.949999809265137,14.0,7.653692722320557,11100
2010-09-27,14.029999732971191,14.029999732971191,13.930000305175781,13.960000038146973,7.631816864013672,3900
2010-09-28,14.0,14.0,13.90999984741211,13.930000305175781,7.615419864654541,10700
2010-09-29,13.979999542236328,14.029999732971191,13.949999809265137,13.949999809265137,7.626354694366455,2200
2010-09-30,13.949999809265137,13.970000267028809,13.880000114440918,13.890000343322754,7.5935516357421875,7800
2010-10-01,14.010000228881836,14.010000228881836,13.829999923706055,13.859999656677246,7.577152729034424,13800
2010-10-04,13.899999618530273,13.930000305175781,13.829999923706055,13.84000015258789,7.5662126541137695,10200
2010-10-05,13.9399995803833,13.9399995803833,13.789999961853027,13.819999694824219,7.555280685424805,10300
2010-10-06,13.770000457763672,13.829999923706055,13.619999885559082,13.680000305175781,7.478741645812988,17900
2010-10-07,13.550000190734863,13.720000267028809,13.550000190734863,13.720000267028809,7.50061559677124,19600
2010-10-08,13.729999542236328,13.800000190734863,13.729999542236328,13.800000190734863,7.544346332550049,8900
2010-10-11,13.65999984741211,13.8100004196167,13.65999984741211,13.800000190734863,7.544346332550049,11900
2010-10-12,13.819999694824219,13.859999656677246,13.770000457763672,13.859999656677246,7.577152729034424,16700
2010-10-13,13.869999885559082,13.869999885559082,13.850000381469727,13.850000381469727,7.60239839553833,20200
2010-10-14,13.8100004196167,13.930000305175781,13.8100004196167,13.920000076293945,7.640822410583496,15400
2010-10-15,13.880000114440918,13.880000114440918,13.84000015258789,13.84000015258789,7.596909523010254,13700
2010-10-18,13.850000381469727,13.869999885559082,13.800000190734863,13.850000381469727,7.60239839553833,13800
2010-10-19,13.84000015258789,13.850000381469727,13.680000305175781,13.739999771118164,7.542024612426758,8800
2010-10-20,13.710000038146973,13.829999923706055,13.65999984741211,13.75,7.547511100769043,12000
2010-10-21,13.720000267028809,13.8100004196167,13.720000267028809,13.760000228881836,7.552994251251221,1700
2010-10-22,13.720000267028809,13.8100004196167,13.720000267028809,13.8100004196167,7.580442428588867,2200
2010-10-25,13.760000228881836,13.899999618530273,13.760000228881836,13.869999885559082,7.613380432128906,19400
2010-10-26,13.869999885559082,14.0,13.869999885559082,14.0,7.684739112854004,7100
2010-10-27,13.960000038146973,14.050000190734863,13.890000343322754,13.989999771118164,7.679249286651611,13100
2010-10-28,13.979999542236328,13.979999542236328,13.920000076293945,13.920000076293945,7.640822410583496,4500
2010-10-29,13.920000076293945,13.920000076293945,13.850000381469727,13.850000381469727,7.60239839553833,8700
2010-11-01,13.949999809265137,13.949999809265137,13.850000381469727,13.869999885559082,7.613380432128906,11100
2010-11-02,13.920000076293945,13.920000076293945,13.869999885559082,13.90999984741211,7.635333061218262,3000
2010-11-03,13.869999885559082,13.90999984741211,13.869999885559082,13.869999885559082,7.613380432128906,9200
2010-11-04,13.869999885559082,13.869999885559082,13.760000228881836,13.760000228881836,7.552994251251221,6400
2010-11-05,13.760000228881836,13.760000228881836,13.609999656677246,13.630000114440918,7.48164176940918,18100
2010-11-08,13.630000114440918,13.630000114440918,13.529999732971191,13.539999961853027,7.4322381019592285,11300
2010-11-09,13.520000457763672,13.539999961853027,13.40999984741211,13.430000305175781,7.371857643127441,9100
2010-11-10,13.359999656677246,13.390000343322754,12.899999618530273,13.050000190734863,7.193267345428467,44700
2010-11-11,12.989999771118164,13.0,12.800000190734863,12.989999771118164,7.160190582275391,12200
2010-11-12,12.960000038146973,12.970000267028809,12.84000015258789,12.960000038146973,7.143662929534912,53900
2010-11-15,12.9399995803833,12.979999542236328,12.479999542236328,12.59000015258789,6.939712047576904,41200
2010-11-16,12.470000267028809,12.9399995803833,12.319999694824219,12.930000305175781,7.127124309539795,27100
2010-11-17,12.899999618530273,13.100000381469727,12.899999618530273,13.079999923706055,7.209804534912109,22400
2010-11-18,13.029999732971191,13.229999542236328,12.869999885559082,13.119999885559082,7.231849670410156,35600
2010-11-19,13.119999885559082,13.210000038146973,13.039999961853027,13.119999885559082,7.231849670410156,18700
2010-11-22,13.069999694824219,13.270000457763672,13.069999694824219,13.170000076293945,7.259414196014404,9400
2010-11-23,13.180000305175781,13.25,13.149999618530273,13.25,7.3035078048706055,11900
2010-11-24,13.199999809265137,13.359999656677246,13.199999809265137,13.199999809265137,7.275949478149414,18700
2010-11-26,13.199999809265137,13.399999618530273,13.199999809265137,13.350000381469727,7.358631134033203,7800
2010-11-29,13.399999618530273,13.460000038146973,13.399999618530273,13.460000038146973,7.419262886047363,2100
2010-11-30,13.449999809265137,13.5,13.199999809265137,13.300000190734863,7.3310699462890625,16800
2010-12-01,13.369999885559082,13.369999885559082,13.199999809265137,13.260000228881836,7.309021949768066,16600
2010-12-02,13.300000190734863,13.300000190734863,13.069999694824219,13.069999694824219,7.204289436340332,11600
2010-12-03,13.119999885559082,13.199999809265137,13.100000381469727,13.100000381469727,7.220827579498291,9800
2010-12-06,13.140000343322754,13.140000343322754,12.979999542236328,12.979999542236328,7.154681205749512,21700
2010-12-07,12.90999984741211,12.90999984741211,12.770000457763672,12.770000457763672,7.038928985595703,11900
2010-12-08,12.789999961853027,12.789999961853027,12.630000114440918,12.789999961853027,7.049954891204834,12600
2010-12-09,12.789999961853027,12.819999694824219,12.609999656677246,12.720000267028809,7.0113654136657715,7600
2010-12-10,12.619999885559082,12.75,12.600000381469727,12.729999542236328,7.016883850097656,24800
2010-12-13,12.739999771118164,12.739999771118164,12.550000190734863,12.5600004196167,6.953768730163574,13500
2010-12-14,12.4399995803833,12.539999961853027,12.4399995803833,12.449999809265137,6.892863750457764,19400
2010-12-15,12.539999961853027,12.65999984741211,12.4399995803833,12.65999984741211,7.009126663208008,24700
2010-12-16,12.609999656677246,12.930000305175781,12.609999656677246,12.789999961853027,7.0811052322387695,16900
2010-12-17,12.970000267028809,13.109999656677246,12.8100004196167,12.930000305175781,7.1586151123046875,21200
2010-12-20,12.890000343322754,12.890000343322754,12.489999771118164,12.619999885559082,6.986983776092529,42000
2010-12-21,12.699999809265137,12.720000267028809,12.460000038146973,12.649999618530273,7.00359582901001,20600
2010-12-22,12.680000305175781,12.779999732971191,12.529999732971191,12.720000267028809,7.042346954345703,11900
2010-12-23,12.75,12.75,12.5,12.569999694824219,6.959301948547363,26900
2010-12-27,12.720000267028809,12.720000267028809,12.579999923706055,12.579999923706055,6.964838027954102,16400
2010-12-28,12.640000343322754,12.649999618530273,12.5600004196167,12.5600004196167,6.953768730163574,12900
2010-12-29,12.600000381469727,12.640000343322754,12.529999732971191,12.600000381469727,6.975909233093262,17600
2010-12-30,12.609999656677246,12.699999809265137,12.600000381469727,12.640000343322754,6.998058319091797,7100
2010-12-31,12.75,12.899999618530273,12.680000305175781,12.75,7.058957576751709,20700
2011-01-03,12.819999694824219,12.829999923706055,12.75,12.8100004196167,7.092177867889404,7800
2011-01-04,12.850000381469727,12.899999618530273,12.75,12.800000190734863,7.086637496948242,7900
2011-01-05,12.84000015258789,13.029999732971191,12.710000038146973,13.029999732971191,7.213979244232178,15600
2011-01-06,13.029999732971191,13.0600004196167,12.949999809265137,13.0600004196167,7.230588436126709,17600
2011-01-07,13.020000457763672,13.119999885559082,12.9399995803833,12.9399995803833,7.164151191711426,15800
2011-01-10,12.850000381469727,12.920000076293945,12.800000190734863,12.800000190734863,7.086637496948242,5400
2011-01-11,12.819999694824219,12.829999923706055,12.779999732971191,12.779999732971191,7.075564384460449,3100
2011-01-12,12.680000305175781,12.75,12.619999885559082,12.729999542236328,7.078907012939453,18400
2011-01-13,12.680000305175781,12.699999809265137,12.489999771118164,12.510000228881836,6.956564903259277,26200
2011-01-14,12.489999771118164,12.489999771118164,12.34000015258789,12.369999885559082,6.878715991973877,18400
2011-01-18,12.34000015258789,12.460000038146973,12.3100004196167,12.420000076293945,6.90651798248291,42600
2011-01-19,12.449999809265137,12.569999694824219,12.350000381469727,12.449999809265137,6.9232001304626465,30200
2011-01-20,12.449999809265137,12.520000457763672,12.40999984741211,12.420000076293945,6.90651798248291,15400
2011-01-21,12.5,12.710000038146973,12.5,12.65999984741211,7.039976119995117,28200
2011-01-24,12.609999656677246,12.699999809265137,12.609999656677246,12.699999809265137,7.0622172355651855,14700
2011-01-25,12.600000381469727,12.829999923706055,12.600000381469727,12.829999923706055,7.1345133781433105,15000
2011-01-26,12.779999732971191,12.84000015258789,12.729999542236328,12.800000190734863,7.117825031280518,7700
2011-01-27,12.850000381469727,12.850000381469727,12.739999771118164,12.789999961853027,7.11226749420166,2300
2011-01-28,12.710000038146973,12.850000381469727,12.6899995803833,12.6899995803833,7.056662082672119,8500
2011-01-31,12.729999542236328,12.75,12.65999984741211,12.729999542236328,7.078907012939453,9900
2011-02-01,12.850000381469727,12.850000381469727,12.619999885559082,12.699999809265137,7.0622172355651855,20900
2011-02-02,12.579999923706055,12.699999809265137,12.579999923706055,12.699999809265137,7.0622172355651855,29400
2011-02-03,12.609999656677246,12.779999732971191,12.609999656677246,12.710000038146973,7.067781925201416,8300
2011-02-04,12.6899995803833,12.75,12.619999885559082,12.619999885559082,7.017735481262207,20400
2011-02-07,12.6899995803833,12.699999809265137,12.609999656677246,12.699999809265137,7.0622172355651855,8400
2011-02-08,12.670000076293945,12.6899995803833,12.630000114440918,12.680000305175781,7.051103591918945,4600
2011-02-09,12.649999618530273,12.649999618530273,12.529999732971191,12.569999694824219,6.989931583404541,18600
2011-02-10,12.569999694824219,12.6899995803833,12.470000267028809,12.6899995803833,7.056662082672119,18600
2011-02-11,12.649999618530273,12.729999542236328,12.649999618530273,12.720000267028809,7.104694366455078,10800
2011-02-14,12.770000457763672,12.770000457763672,12.619999885559082,12.640000343322754,7.0600152015686035,16200
2011-02-15,12.65999984741211,12.65999984741211,12.399999618530273,12.520000457763672,6.992985248565674,29800
2011-02-16,12.510000228881836,12.59000015258789,12.510000228881836,12.59000015258789,7.032087802886963,4200
2011-02-17,12.520000457763672,12.649999618530273,12.520000457763672,12.579999923706055,7.026498794555664,12100
2011-02-18,12.5600004196167,12.600000381469727,12.520000457763672,12.520000457763672,6.992985248565674,9600
2011-02-22,12.510000228881836,12.520000457763672,12.369999885559082,12.369999885559082,6.909206390380859,19800
2011-02-23,12.350000381469727,12.4399995803833,12.319999694824219,12.399999618530273,6.925961971282959,13400
2011-02-24,12.399999618530273,12.489999771118164,12.319999694824219,12.489999771118164,6.976227760314941,24700
2011-02-25,12.449999809265137,12.569999694824219,12.449999809265137,12.569999694824219,7.020914554595947,8300
2011-02-28,12.569999694824219,12.600000381469727,12.529999732971191,12.59000015258789,7.032087802886963,15900
2011-03-01,12.619999885559082,12.619999885559082,12.59000015258789,12.600000381469727,7.0376667976379395,8500
2011-03-02,12.59000015258789,12.630000114440918,12.550000190734863,12.600000381469727,7.0376667976379395,10400
2011-03-03,12.59000015258789,12.609999656677246,12.550000190734863,12.600000381469727,7.0376667976379395,26400
2011-03-04,12.569999694824219,12.680000305175781,12.569999694824219,12.680000305175781,7.082355976104736,12300
2011-03-07,12.6899995803833,12.6899995803833,12.609999656677246,12.609999656677246,7.043252944946289,7900
2011-03-08,12.619999885559082,12.680000305175781,12.569999694824219,12.670000076293945,7.076765537261963,10500
2011-03-09,12.619999885559082,12.65999984741211,12.619999885559082,12.65999984741211,7.071180820465088,6000
2011-03-10,12.619999885559082,12.670000076293945,12.600000381469727,12.670000076293945,7.076765537261963,6300
2011-03-11,12.619999885559082,12.630000114440918,12.609999656677246,12.609999656677246,7.074524402618408,3700
2011-03-14,12.600000381469727,12.630000114440918,12.600000381469727,12.600000381469727,7.068911552429199,9000
2011-03-15,12.600000381469727,12.65999984741211,12.600000381469727,12.600000381469727,7.068911552429199,23700
2011-03-16,12.609999656677246,12.640000343322754,12.600000381469727,12.600000381469727,7.068911552429199,17700
2011-03-17,12.600000381469727,12.680000305175781,12.600000381469727,12.600000381469727,7.068911552429199,4700
2011-03-18,12.670000076293945,12.6899995803833,12.600000381469727,12.649999618530273,7.096968173980713,5800
2011-03-21,12.630000114440918,12.65999984741211,12.630000114440918,12.649999618530273,7.096968173980713,2100
2011-03-22,12.619999885559082,12.770000457763672,12.619999885559082,12.739999771118164,7.14745569229126,13300
2011-03-23,12.699999809265137,12.739999771118164,12.699999809265137,12.710000038146973,7.1306281089782715,9900
2011-03-24,12.699999809265137,12.739999771118164,12.699999809265137,12.739999771118164,7.14745569229126,7100
2011-03-25,12.729999542236328,12.729999542236328,12.640000343322754,12.640000343322754,7.0913567543029785,4800
2011-03-28,12.640000343322754,12.65999984741211,12.600000381469727,12.640000343322754,7.0913567543029785,2000
2011-03-29,12.680000305175781,12.6899995803833,12.600000381469727,12.649999618530273,7.096968173980713,6600
2011-03-30,12.619999885559082,12.649999618530273,12.600000381469727,12.649999618530273,7.096968173980713,8300
2011-03-31,12.609999656677246,12.649999618530273,12.550000190734863,12.59000015258789,7.0633015632629395,8300
2011-04-01,12.609999656677246,12.6899995803833,12.609999656677246,12.630000114440918,7.085747718811035,11600
2011-04-04,12.680000305175781,12.680000305175781,12.579999923706055,12.609999656677246,7.074524402618408,10500
2011-04-05,12.600000381469727,12.710000038146973,12.569999694824219,12.710000038146973,7.1306281089782715,13000
2011-04-06,12.739999771118164,12.739999771118164,12.609999656677246,12.649999618530273,7.096968173980713,9400
2011-04-07,12.649999618530273,12.729999542236328,12.630000114440918,12.729999542236328,7.141849517822266,7200
2011-04-08,12.729999542236328,12.729999542236328,12.640000343322754,12.699999809265137,7.125014781951904,13300
2011-04-11,12.720000267028809,12.770000457763672,12.670000076293945,12.670000076293945,7.108186721801758,7500
2011-04-12,12.710000038146973,12.710000038146973,12.619999885559082,12.65999984741211,7.102574348449707,2700
2011-04-13,12.640000343322754,12.729999542236328,12.609999656677246,12.670000076293945,7.139769554138184,6400
2011-04-14,12.609999656677246,12.630000114440918,12.609999656677246,12.630000114440918,7.1172285079956055,12800
2011-04-15,12.65999984741211,12.680000305175781,12.640000343322754,12.640000343322754,7.122865200042725,5000
2011-04-18,12.630000114440918,12.680000305175781,12.630000114440918,12.680000305175781,7.145403861999512,3700
2011-04-19,12.670000076293945,12.680000305175781,12.640000343322754,12.65999984741211,7.134132385253906,22000
2011-04-20,12.680000305175781,12.779999732971191,12.670000076293945,12.779999732971191,7.201756477355957,17800
2011-04-21,12.770000457763672,12.779999732971191,12.699999809265137,12.779999732971191,7.201756477355957,6900
2011-04-25,12.770000457763672,12.779999732971191,12.680000305175781,12.6899995803833,7.151034832000732,15800
2011-04-26,12.739999771118164,12.770000457763672,12.699999809265137,12.729999542236328,7.173576831817627,3700
2011-04-27,12.75,12.819999694824219,12.729999542236328,12.8100004196167,7.218662261962891,12100
2011-04-28,12.760000228881836,12.869999885559082,12.760000228881836,12.8100004196167,7.218662261962891,19200
2011-04-29,12.880000114440918,12.899999618530273,12.800000190734863,12.899999618530273,7.269373893737793,7400
2011-05-02,12.890000343322754,12.90999984741211,12.819999694824219,12.819999694824219,7.224292278289795,18000
2011-05-03,12.859999656677246,12.869999885559082,12.819999694824219,12.859999656677246,7.246832847595215,5400
2011-05-04,12.890000343322754,12.979999542236328,12.850000381469727,12.970000267028809,7.3088226318359375,14000
2011-05-05,12.970000267028809,12.970000267028809,12.920000076293945,12.949999809265137,7.29754638671875,4300
2011-05-06,12.979999542236328,12.979999542236328,12.880000114440918,12.899999618530273,7.269373893737793,6000
2011-05-09,12.84000015258789,12.9399995803833,12.84000015258789,12.9399995803833,7.291914463043213,14000
2011-05-10,12.9399995803833,12.9399995803833,12.869999885559082,12.899999618530273,7.269373893737793,25600
2011-05-11,12.890000343322754,12.890000343322754,12.829999923706055,12.859999656677246,7.278428554534912,15000
2011-05-12,12.890000343322754,12.9399995803833,12.84000015258789,12.899999618530273,7.301068305969238,9800
2011-05-13,12.899999618530273,12.920000076293945,12.890000343322754,12.920000076293945,7.31239128112793,6200
2011-05-16,12.949999809265137,12.949999809265137,12.84000015258789,12.869999885559082,7.284090995788574,9200
2011-05-17,12.859999656677246,12.970000267028809,12.859999656677246,12.970000267028809,7.340689182281494,18500
2011-05-18,12.989999771118164,13.0,12.970000267028809,12.970000267028809,7.340689182281494,7700
2011-05-19,13.039999961853027,13.039999961853027,12.979999542236328,12.979999542236328,7.346350193023682,7300
2011-05-20,12.890000343322754,13.039999961853027,12.890000343322754,13.0,7.357666015625,10700
2011-05-23,13.0,13.079999923706055,12.960000038146973,13.020000457763672,7.3689866065979,8000
2011-05-24,13.029999732971191,13.029999732971191,13.020000457763672,13.020000457763672,7.3689866065979,500
2011-05-25,13.0600004196167,13.100000381469727,13.050000190734863,13.09000015258789,7.408606052398682,4300
2011-05-26,13.100000381469727,13.1899995803833,13.100000381469727,13.1899995803833,7.465205669403076,6100
2011-05-27,13.210000038146973,13.210000038146973,13.170000076293945,13.199999809265137,7.470861911773682,4600
2011-05-31,13.170000076293945,13.1899995803833,13.170000076293945,13.1899995803833,7.465205669403076,3300
2011-06-01,13.199999809265137,13.220000267028809,13.149999618530273,13.149999618530273,7.442564487457275,2600
2011-06-02,13.210000038146973,13.210000038146973,13.100000381469727,13.100000381469727,7.414267063140869,8200
2011-06-03,13.100000381469727,13.180000305175781,13.100000381469727,13.149999618530273,7.442564487457275,3700
2011-06-06,13.149999618530273,13.199999809265137,13.149999618530273,13.149999618530273,7.442564487457275,5200
2011-06-07,13.149999618530273,13.220000267028809,13.149999618530273,13.220000267028809,7.482183456420898,10100
2011-06-08,13.220000267028809,13.239999771118164,13.1899995803833,13.239999771118164,7.493502616882324,1600
2011-06-09,13.239999771118164,13.350000381469727,13.199999809265137,13.239999771118164,7.493502616882324,12400
2011-06-10,13.210000038146973,13.3100004196167,13.199999809265137,13.199999809265137,7.470861911773682,4400
2011-06-13,13.220000267028809,13.220000267028809,13.15999984741211,13.15999984741211,7.480526924133301,1600
2011-06-14,13.210000038146973,13.210000038146973,13.1899995803833,13.210000038146973,7.508944034576416,1800
2011-06-15,13.210000038146973,13.25,13.109999656677246,13.109999656677246,7.452104568481445,9800
2011-06-16,13.170000076293945,13.319999694824219,13.15999984741211,13.319999694824219,7.571474552154541,13900
2011-06-17,13.300000190734863,13.329999923706055,13.270000457763672,13.300000190734863,7.560110569000244,11600
2011-06-20,13.34000015258789,13.34000015258789,13.229999542236328,13.239999771118164,7.5260009765625,2900
2011-06-21,13.289999961853027,13.289999961853027,13.229999542236328,13.229999542236328,7.520315647125244,1700
2011-06-22,13.25,13.329999923706055,13.25,13.319999694824219,7.571474552154541,5300
2011-06-23,13.260000228881836,13.380000114440918,13.25,13.319999694824219,7.571474552154541,8600
2011-06-24,13.359999656677246,13.359999656677246,13.239999771118164,13.239999771118164,7.5260009765625,5200
2011-06-27,13.25,13.289999961853027,13.229999542236328,13.239999771118164,7.5260009765625,4200
2011-06-28,13.289999961853027,13.300000190734863,13.239999771118164,13.279999732971191,7.548736095428467,2600
2011-06-29,13.239999771118164,13.25,13.1899995803833,13.199999809265137,7.503262519836426,8900
2011-06-30,13.210000038146973,13.210000038146973,13.039999961853027,13.039999961853027,7.412319183349609,13300
2011-07-01,13.100000381469727,13.140000343322754,13.069999694824219,13.069999694824219,7.42936897277832,9600
2011-07-05,13.149999618530273,13.149999618530273,13.079999923706055,13.100000381469727,7.446421146392822,12600
2011-07-06,13.149999618530273,13.149999618530273,13.079999923706055,13.130000114440918,7.46347188949585,3000
2011-07-07,13.09000015258789,13.199999809265137,13.09000015258789,13.1899995803833,7.4975810050964355,9800
2011-07-08,13.199999809265137,13.199999809265137,13.199999809265137,13.199999809265137,7.503262519836426,1100
2011-07-11,13.229999542236328,13.270000457763672,13.229999542236328,13.239999771118164,7.5260009765625,4800
2011-07-12,13.229999542236328,13.350000381469727,13.1899995803833,13.350000381469727,7.588525772094727,16300
2011-07-13,13.279999732971191,13.289999961853027,13.220000267028809,13.239999771118164,7.55826997756958,5600
2011-07-14,13.229999542236328,13.229999542236328,13.229999542236328,13.229999542236328,7.5525617599487305,3400
2011-07-15,13.199999809265137,13.199999809265137,13.1899995803833,13.199999809265137,7.535435676574707,1900
2011-07-18,13.170000076293945,13.220000267028809,13.130000114440918,13.180000305175781,7.524017333984375,9400
2011-07-19,13.15999984741211,13.220000267028809,13.15999984741211,13.220000267028809,7.546851634979248,4500
2011-07-20,13.210000038146973,13.300000190734863,13.210000038146973,13.210000038146973,7.541143894195557,7600
2011-07-21,13.260000228881836,13.329999923706055,13.239999771118164,13.3100004196167,7.598228454589844,16100
2011-07-22,13.329999923706055,13.329999923706055,13.279999732971191,13.319999694824219,7.603943824768066,14100
2011-07-25,13.300000190734863,13.300000190734863,13.270000457763672,13.270000457763672,7.575396537780762,2700
2011-07-26,13.279999732971191,13.329999923706055,13.279999732971191,13.279999732971191,7.581103801727295,2300
2011-07-27,13.289999961853027,13.289999961853027,13.180000305175781,13.180000305175781,7.524017333984375,7300
2011-07-28,13.119999885559082,13.1899995803833,13.029999732971191,13.0600004196167,7.455517768859863,8000
2011-07-29,13.0,13.260000228881836,13.0,13.1899995803833,7.529730319976807,12600
2011-08-01,13.300000190734863,13.300000190734863,13.109999656677246,13.15999984741211,7.5126051902771,8100
2011-08-02,13.25,13.359999656677246,13.220000267028809,13.359999656677246,7.626770496368408,11400
2011-08-03,13.350000381469727,13.369999885559082,13.350000381469727,13.369999885559082,7.632485389709473,4200
2011-08-04,13.380000114440918,13.380000114440918,13.369999885559082,13.369999885559082,7.632485389709473,8400
2011-08-05,13.369999885559082,13.369999885559082,13.329999923706055,13.329999923706055,7.609647274017334,18500
2011-08-08,13.210000038146973,13.210000038146973,12.800000190734863,13.050000190734863,7.449808120727539,26000
2011-08-09,12.9399995803833,13.1899995803833,12.880000114440918,13.1899995803833,7.529730319976807,14000
2011-08-10,12.859999656677246,13.289999961853027,12.859999656677246,13.1899995803833,7.529730319976807,25500
2011-08-11,13.100000381469727,13.180000305175781,13.079999923706055,13.180000305175781,7.556669235229492,4100
2011-08-12,13.199999809265137,13.369999885559082,13.199999809265137,13.369999885559082,7.665609836578369,8600
2011-08-15,13.369999885559082,13.369999885559082,13.319999694824219,13.369999885559082,7.665609836578369,3100
2011-08-16,13.270000457763672,13.369999885559082,13.270000457763672,13.3100004196167,7.6312055587768555,2400
2011-08-17,13.3100004196167,13.34000015258789,13.289999961853027,13.34000015258789,7.648411750793457,6700
2011-08-18,13.279999732971191,13.300000190734863,13.25,13.279999732971191,7.614006996154785,8000
2011-08-19,13.289999961853027,13.300000190734863,13.239999771118164,13.239999771118164,7.591078281402588,2800
2011-08-22,13.25,13.260000228881836,13.180000305175781,13.260000228881836,7.602542877197266,6400
2011-08-23,13.279999732971191,13.289999961853027,13.119999885559082,13.130000114440918,7.5280046463012695,12200
2011-08-24,13.130000114440918,13.1899995803833,13.119999885559082,13.130000114440918,7.5280046463012695,4500
2011-08-25,13.09000015258789,13.15999984741211,13.09000015258789,13.149999618530273,7.539475917816162,1600
2011-08-26,13.239999771118164,13.25,13.149999618530273,13.170000076293945,7.550944805145264,6300
2011-08-29,13.220000267028809,13.220000267028809,13.109999656677246,13.199999809265137,7.568139553070068,9400
2011-08-30,13.220000267028809,13.25,13.119999885559082,13.199999809265137,7.568139553070068,12200
2011-08-31,13.1899995803833,13.239999771118164,13.1899995803833,13.199999809265137,7.568139553070068,3700
2011-09-01,13.25,13.25,13.1899995803833,13.1899995803833,7.562407970428467,6800
2011-09-02,13.210000038146973,13.210000038146973,13.130000114440918,13.210000038146973,7.5738701820373535,1600
2011-09-06,13.220000267028809,13.229999542236328,13.130000114440918,13.1899995803833,7.562407970428467,6100
2011-09-07,13.210000038146973,13.220000267028809,13.149999618530273,13.210000038146973,7.5738701820373535,3900
2011-09-08,13.180000305175781,13.199999809265137,13.15999984741211,13.199999809265137,7.568139553070068,8700
2011-09-09,13.119999885559082,13.239999771118164,13.119999885559082,13.210000038146973,7.5738701820373535,5400
2011-09-12,13.210000038146973,13.220000267028809,13.149999618530273,13.210000038146973,7.5738701820373535,7100
2011-09-13,13.170000076293945,13.199999809265137,13.109999656677246,13.199999809265137,7.600944995880127,4300
2011-09-14,13.220000267028809,13.229999542236328,13.180000305175781,13.199999809265137,7.600944995880127,6700
2011-09-15,13.1899995803833,13.199999809265137,13.130000114440918,13.140000343322754,7.566389083862305,7000
2011-09-16,13.140000343322754,13.170000076293945,13.140000343322754,13.149999618530273,7.57214879989624,2000
2011-09-19,13.149999618530273,13.149999618530273,13.140000343322754,13.140000343322754,7.566389083862305,1700
2011-09-20,13.130000114440918,13.180000305175781,13.130000114440918,13.15999984741211,7.577907562255859,4600
2011-09-21,13.09000015258789,13.170000076293945,13.079999923706055,13.149999618530273,7.57214879989624,21600
2011-09-22,13.140000343322754,13.140000343322754,13.140000343322754,13.140000343322754,7.566389083862305,300
2011-09-23,13.130000114440918,13.210000038146973,13.130000114440918,13.199999809265137,7.600944995880127,6600
2011-09-26,13.119999885559082,13.210000038146973,13.119999885559082,13.15999984741211,7.577907562255859,6600
2011-09-27,13.1899995803833,13.260000228881836,13.109999656677246,13.220000267028809,7.612453460693359,26800
2011-09-28,13.229999542236328,13.239999771118164,13.1899995803833,13.239999771118164,7.623970031738281,5000
2011-09-29,13.260000228881836,13.300000190734863,13.260000228881836,13.300000190734863,7.658518314361572,8400
2011-09-30,13.300000190734863,13.3100004196167,13.25,13.25,7.629729270935059,4500
2011-10-03,13.279999732971191,13.289999961853027,13.260000228881836,13.260000228881836,7.6354875564575195,6500
2011-10-04,13.270000457763672,13.270000457763672,13.170000076293945,13.180000305175781,7.589420795440674,6200
2011-10-05,13.220000267028809,13.220000267028809,13.1899995803833,13.1899995803833,7.595183372497559,3900
2011-10-06,13.119999885559082,13.1899995803833,13.09000015258789,13.15999984741211,7.577907562255859,6700
2011-10-07,13.149999618530273,13.1899995803833,13.149999618530273,13.180000305175781,7.589420795440674,2100
2011-10-10,13.140000343322754,13.180000305175781,13.100000381469727,13.149999618530273,7.57214879989624,11100
2011-10-11,13.130000114440918,13.130000114440918,13.069999694824219,13.100000381469727,7.543357849121094,29700
2011-10-12,13.010000228881836,13.100000381469727,13.0,13.100000381469727,7.576322555541992,36200
2011-10-13,13.079999923706055,13.100000381469727,13.039999961853027,13.0600004196167,7.553184986114502,14000
2011-10-14,13.100000381469727,13.100000381469727,13.09000015258789,13.100000381469727,7.576322555541992,6500
2011-10-17,13.100000381469727,13.100000381469727,13.010000228881836,13.010000228881836,7.524271488189697,11800
2011-10-18,13.010000228881836,13.069999694824219,13.010000228881836,13.029999732971191,7.535840034484863,15600
2011-10-19,13.079999923706055,13.079999923706055,13.039999961853027,13.039999961853027,7.541628837585449,3900
2011-10-20,13.039999961853027,13.100000381469727,13.039999961853027,13.09000015258789,7.570536136627197,18600
2011-10-21,13.09000015258789,13.100000381469727,13.0600004196167,13.069999694824219,7.558968544006348,6900
2011-10-24,13.100000381469727,13.100000381469727,13.0600004196167,13.09000015258789,7.570536136627197,5000
2011-10-25,13.09000015258789,13.100000381469727,13.039999961853027,13.09000015258789,7.570536136627197,12700
2011-10-26,13.09000015258789,13.130000114440918,13.09000015258789,13.109999656677246,7.5821075439453125,13100
2011-10-27,13.100000381469727,13.149999618530273,13.069999694824219,13.069999694824219,7.558968544006348,13900
2011-10-28,13.119999885559082,13.149999618530273,13.069999694824219,13.130000114440918,7.593670845031738,13600
2011-10-31,13.09000015258789,13.180000305175781,13.09000015258789,13.15999984741211,7.611023902893066,9100
2011-11-01,13.180000305175781,13.1899995803833,13.140000343322754,13.1899995803833,7.628378391265869,11700
2011-11-02,13.1899995803833,13.220000267028809,13.180000305175781,13.220000267028809,7.645723819732666,9400
2011-11-03,13.220000267028809,13.270000457763672,13.1899995803833,13.270000457763672,7.6746392250061035,4700
2011-11-04,13.260000228881836,13.279999732971191,13.220000267028809,13.279999732971191,7.680426120758057,4400
2011-11-07,13.3100004196167,13.390000343322754,13.300000190734863,13.390000343322754,7.74404239654541,6800
2011-11-08,13.399999618530273,13.510000228881836,13.390000343322754,13.470000267028809,7.790309906005859,11300
2011-11-09,13.550000190734863,13.569999694824219,13.449999809265137,13.550000190734863,7.836577415466309,15500
2011-11-10,13.479999542236328,13.59000015258789,13.479999542236328,13.569999694824219,7.8813018798828125,21700
2011-11-11,13.600000381469727,13.600000381469727,13.529999732971191,13.569999694824219,7.8813018798828125,4800
2011-11-14,13.600000381469727,13.600000381469727,13.510000228881836,13.510000228881836,7.846455097198486,6400
2011-11-15,13.529999732971191,13.5600004196167,13.5,13.550000190734863,7.869682312011719,7800
2011-11-16,13.569999694824219,13.619999885559082,13.510000228881836,13.619999885559082,7.910337924957275,12300
2011-11-17,13.640000343322754,13.65999984741211,13.569999694824219,13.569999694824219,7.8813018798828125,7300
2011-11-18,13.630000114440918,13.75,13.630000114440918,13.680000305175781,7.94518518447876,15400
2011-11-21,13.699999809265137,13.699999809265137,13.529999732971191,13.59000015258789,7.892914295196533,8500
2011-11-22,13.649999618530273,13.649999618530273,13.520000457763672,13.520000457763672,7.852254867553711,11700
2011-11-23,13.5,13.550000190734863,13.5,13.5,7.840641975402832,3200
2011-11-25,13.539999961853027,13.600000381469727,13.539999961853027,13.600000381469727,7.898721218109131,3200
2011-11-28,13.630000114440918,13.880000114440918,13.579999923706055,13.800000190734863,8.014877319335938,25400
2011-11-29,13.800000190734863,13.880000114440918,13.579999923706055,13.600000381469727,7.898721218109131,11000
2011-11-30,13.59000015258789,13.680000305175781,13.510000228881836,13.609999656677246,7.904528617858887,11500
2011-12-01,13.65999984741211,14.010000228881836,13.550000190734863,13.930000305175781,8.09038257598877,28500
2011-12-02,14.010000228881836,14.010000228881836,13.640000343322754,13.890000343322754,8.06715202331543,33600
2011-12-05,13.960000038146973,13.960000038146973,13.770000457763672,13.920000076293945,8.084571838378906,15800
2011-12-06,13.90999984741211,13.970000267028809,13.84000015258789,13.869999885559082,8.05553150177002,8000
2011-12-07,13.960000038146973,13.970000267028809,13.800000190734863,13.920000076293945,8.084571838378906,5800
2011-12-08,13.800000190734863,14.0,13.800000190734863,14.0,8.131040573120117,5300
2011-12-09,14.0,14.0,13.899999618530273,13.899999618530273,8.072959899902344,3600
2011-12-12,13.920000076293945,14.170000076293945,13.920000076293945,14.170000076293945,8.229772567749023,12400
2011-12-13,14.100000381469727,14.15999984741211,13.710000038146973,13.779999732971191,8.035585403442383,26800
2011-12-14,13.800000190734863,13.880000114440918,13.729999542236328,13.739999771118164,8.012261390686035,22300
2011-12-15,13.680000305175781,13.800000190734863,13.680000305175781,13.720000267028809,8.00059986114502,30800
2011-12-16,13.779999732971191,13.84000015258789,13.779999732971191,13.84000015258789,8.070575714111328,3400
2011-12-19,13.869999885559082,13.880000114440918,13.84000015258789,13.850000381469727,8.07640552520752,8000
2011-12-20,13.960000038146973,13.970000267028809,13.8100004196167,13.949999809265137,8.134724617004395,7000
2011-12-21,14.010000228881836,14.010000228881836,13.869999885559082,13.880000114440918,8.093900680541992,7600
2011-12-22,13.899999618530273,13.9399995803833,13.829999923706055,13.930000305175781,8.12306022644043,7300
2011-12-23,13.9399995803833,14.0,13.920000076293945,14.0,8.1638765335083,3700
2011-12-27,14.010000228881836,14.170000076293945,14.0,14.010000228881836,8.169710159301758,9300
2011-12-28,14.119999885559082,14.130000114440918,14.069999694824219,14.100000381469727,8.222192764282227,8500
2011-12-29,14.100000381469727,14.119999885559082,14.039999961853027,14.0600004196167,8.198869705200195,3700
2011-12-30,14.0,14.149999618530273,14.0,14.079999923706055,8.210526466369629,12800
2012-01-03,14.239999771118164,14.239999771118164,14.010000228881836,14.020000457763672,8.17553997039795,3700
2012-01-04,14.09000015258789,14.149999618530273,13.989999771118164,13.989999771118164,8.158042907714844,8300
2012-01-05,14.050000190734863,14.1899995803833,14.029999732971191,14.170000076293945,8.263005256652832,6900
2012-01-06,14.1899995803833,14.1899995803833,14.100000381469727,14.170000076293945,8.263005256652832,4500
2012-01-09,14.170000076293945,14.25,14.109999656677246,14.1899995803833,8.274670600891113,17000
2012-01-10,14.229999542236328,14.350000381469727,14.140000343322754,14.319999694824219,8.350480079650879,23400
2012-01-11,14.3100004196167,14.3100004196167,14.220000267028809,14.220000267028809,8.325299263000488,1800
2012-01-12,14.279999732971191,14.319999694824219,14.100000381469727,14.100000381469727,8.255046844482422,9800
2012-01-13,14.140000343322754,14.229999542236328,14.140000343322754,14.220000267028809,8.325299263000488,3700
2012-01-17,14.34000015258789,14.34000015258789,14.09000015258789,14.220000267028809,8.325299263000488,14500
2012-01-18,14.15999984741211,14.289999961853027,14.15999984741211,14.289999961853027,8.366292953491211,10100
2012-01-19,14.350000381469727,14.350000381469727,14.199999809265137,14.319999694824219,8.383852005004883,9900
2012-01-20,14.350000381469727,14.350000381469727,14.25,14.25,8.342867851257324,5700
2012-01-23,14.300000190734863,14.3100004196167,14.239999771118164,14.239999771118164,8.337015151977539,5900
2012-01-24,14.25,14.3100004196167,14.229999542236328,14.229999542236328,8.331159591674805,9900
2012-01-25,14.180000305175781,14.319999694824219,14.180000305175781,14.199999809265137,8.313596725463867,13500
2012-01-26,14.289999961853027,14.380000114440918,14.210000038146973,14.270000457763672,8.35457706451416,19800
2012-01-27,14.34000015258789,14.34000015258789,14.25,14.270000457763672,8.35457706451416,13000
2012-01-30,14.300000190734863,14.430000305175781,14.300000190734863,14.420000076293945,8.442397117614746,11100
2012-01-31,14.460000038146973,14.470000267028809,14.380000114440918,14.380000114440918,8.418978691101074,8900
2012-02-01,14.479999542236328,14.579999923706055,14.40999984741211,14.579999923706055,8.536069869995117,40100
2012-02-02,14.569999694824219,14.649999618530273,14.569999694824219,14.619999885559082,8.559487342834473,14300
2012-02-03,14.75,14.75,14.59000015258789,14.600000381469727,8.547782897949219,14400
2012-02-06,14.569999694824219,14.600000381469727,14.449999809265137,14.449999809265137,8.459962844848633,27400
2012-02-07,14.449999809265137,14.59000015258789,14.420000076293945,14.59000015258789,8.541925430297852,20200
2012-02-08,14.579999923706055,14.670000076293945,14.489999771118164,14.489999771118164,8.483383178710938,19000
2012-02-09,14.550000190734863,14.609999656677246,14.430000305175781,14.430000305175781,8.44825553894043,13400
2012-02-10,14.550000190734863,14.619999885559082,14.5,14.5600004196167,8.524362564086914,10300
2012-02-13,14.59000015258789,14.59000015258789,14.430000305175781,14.479999542236328,8.51084041595459,3200
2012-02-14,14.4399995803833,14.510000228881836,14.350000381469727,14.380000114440918,8.452068328857422,6000
2012-02-15,14.5,14.550000190734863,14.40999984741211,14.550000190734863,8.551986694335938,19900
2012-02-16,14.649999618530273,14.649999618530273,14.199999809265137,14.199999809265137,8.346272468566895,39500
2012-02-17,14.239999771118164,14.369999885559082,14.239999771118164,14.369999885559082,8.44619369506836,10800
2012-02-21,14.420000076293945,14.550000190734863,14.420000076293945,14.489999771118164,8.5167236328125,15500
2012-02-22,14.550000190734863,14.550000190734863,14.4399995803833,14.449999809265137,8.49321460723877,14400
2012-02-23,14.510000228881836,14.539999961853027,14.239999771118164,14.319999694824219,8.416803359985352,32600
2012-02-24,14.34000015258789,14.479999542236328,14.34000015258789,14.399999618530273,8.463828086853027,9300
2012-02-27,14.5,14.59000015258789,14.460000038146973,14.569999694824219,8.563748359680176,16500
2012-02-28,14.680000305175781,14.84000015258789,14.640000343322754,14.75,8.669543266296387,33700
2012-02-29,14.800000190734863,14.859999656677246,14.720000267028809,14.829999923706055,8.716560363769531,15800
2012-03-01,14.90999984741211,14.949999809265137,14.859999656677246,14.949999809265137,8.787095069885254,15000
2012-03-02,15.0,15.109999656677246,14.859999656677246,14.949999809265137,8.787095069885254,23200
2012-03-05,15.0600004196167,15.0600004196167,14.949999809265137,15.010000228881836,8.822362899780273,4100
2012-03-06,15.0,15.0600004196167,14.8100004196167,14.829999923706055,8.716560363769531,19400
2012-03-07,14.970000267028809,15.050000190734863,14.829999923706055,14.829999923706055,8.716560363769531,11300
2012-03-08,14.829999923706055,14.880000114440918,14.699999809265137,14.75,8.669543266296387,8700
2012-03-09,14.789999961853027,14.869999885559082,14.65999984741211,14.65999984741211,8.616643905639648,14600
2012-03-12,14.640000343322754,14.649999618530273,14.59000015258789,14.600000381469727,8.58137321472168,36500
2012-03-13,14.59000015258789,14.729999542236328,14.59000015258789,14.729999542236328,8.691718101501465,16200
2012-03-14,14.75,14.779999732971191,14.520000457763672,14.619999885559082,8.626808166503906,31300
2012-03-15,14.720000267028809,14.720000267028809,14.239999771118164,14.25,8.408488273620605,31500
2012-03-16,14.380000114440918,14.380000114440918,14.010000228881836,14.100000381469727,8.319974899291992,23400
2012-03-19,14.180000305175781,14.180000305175781,14.140000343322754,14.180000305175781,8.367181777954102,4200
2012-03-20,14.180000305175781,14.4399995803833,14.170000076293945,14.170000076293945,8.361279487609863,17900
2012-03-21,14.239999771118164,14.350000381469727,14.170000076293945,14.319999694824219,8.449790000915527,8000
2012-03-22,14.399999618530273,14.430000305175781,14.289999961853027,14.34000015258789,8.461592674255371,8000
2012-03-23,14.4399995803833,14.550000190734863,14.329999923706055,14.329999923706055,8.45569133758545,6200
2012-03-26,14.40999984741211,14.449999809265137,14.239999771118164,14.359999656677246,8.47339153289795,29500
2012-03-27,14.380000114440918,14.449999809265137,14.180000305175781,14.260000228881836,8.414384841918945,27000
2012-03-28,14.350000381469727,14.449999809265137,14.350000381469727,14.449999809265137,8.526495933532715,6500
2012-03-29,14.539999961853027,14.75,14.539999961853027,14.75,8.703519821166992,10100
2012-03-30,14.8100004196167,14.8100004196167,14.65999984741211,14.800000190734863,8.733024597167969,5700
2012-04-02,14.949999809265137,15.0,14.899999618530273,15.0,8.851042747497559,9600
2012-04-03,15.149999618530273,15.149999618530273,14.770000457763672,14.770000457763672,8.71532154083252,10200
2012-04-04,14.850000381469727,14.90999984741211,14.640000343322754,14.84000015258789,8.75662899017334,30700
2012-04-05,14.899999618530273,14.970000267028809,14.84000015258789,14.859999656677246,8.7684326171875,26600
2012-04-09,14.930000305175781,14.930000305175781,14.859999656677246,14.869999885559082,8.77432918548584,6200
2012-04-10,15.0,15.100000381469727,14.819999694824219,14.819999694824219,8.744829177856445,9900
2012-04-11,14.850000381469727,14.850000381469727,14.550000190734863,14.550000190734863,8.618659019470215,19000
2012-04-12,14.65999984741211,14.779999732971191,14.460000038146973,14.640000343322754,8.671967506408691,9900
2012-04-13,14.640000343322754,14.670000076293945,14.619999885559082,14.670000076293945,8.689738273620605,2600
2012-04-16,14.699999809265137,14.84000015258789,14.6899995803833,14.6899995803833,8.701586723327637,1100
2012-04-17,14.6899995803833,14.6899995803833,14.550000190734863,14.59000015258789,8.642350196838379,16200
2012-04-18,14.609999656677246,14.609999656677246,14.579999923706055,14.59000015258789,8.642350196838379,2400
2012-04-19,14.539999961853027,14.600000381469727,14.470000267028809,14.529999732971191,8.606803894042969,11900
2012-04-20,14.550000190734863,14.569999694824219,14.529999732971191,14.5600004196167,8.624584197998047,6400
2012-04-23,14.600000381469727,14.670000076293945,14.539999961853027,14.670000076293945,8.689738273620605,14900
2012-04-24,14.670000076293945,15.149999618530273,14.65999984741211,14.930000305175781,8.84375286102295,17200
2012-04-25,14.930000305175781,14.970000267028809,14.859999656677246,14.880000114440918,8.81413459777832,6100
2012-04-26,14.90999984741211,14.90999984741211,14.819999694824219,14.90999984741211,8.831903457641602,9000
2012-04-27,14.8100004196167,14.880000114440918,14.8100004196167,14.880000114440918,8.81413459777832,3800
2012-04-30,14.84000015258789,14.869999885559082,14.8100004196167,14.850000381469727,8.796360969543457,10000
2012-05-01,14.880000114440918,14.920000076293945,14.869999885559082,14.920000076293945,8.837823867797852,6400
2012-05-02,14.960000038146973,15.020000457763672,14.890000343322754,14.949999809265137,8.85559368133545,7400
2012-05-03,14.9399995803833,14.949999809265137,14.899999618530273,14.949999809265137,8.85559368133545,6200
2012-05-04,14.949999809265137,14.989999771118164,14.930000305175781,14.989999771118164,8.879286766052246,5100
2012-05-07,14.989999771118164,15.140000343322754,14.989999771118164,15.140000343322754,8.968140602111816,11000
2012-05-08,15.140000343322754,15.25,15.130000114440918,15.140000343322754,8.968140602111816,11500
2012-05-09,15.140000343322754,15.25,15.130000114440918,15.25,9.033302307128906,5400
2012-05-10,15.25,15.34000015258789,15.239999771118164,15.34000015258789,9.086613655090332,6700
2012-05-11,15.239999771118164,15.390000343322754,15.140000343322754,15.380000114440918,9.14428424835205,7600
2012-05-14,15.4399995803833,15.4399995803833,15.119999885559082,15.170000076293945,9.019421577453613,16600
2012-05-15,15.170000076293945,15.319999694824219,15.149999618530273,15.300000190734863,9.096715927124023,9800
2012-05-16,15.319999694824219,15.319999694824219,15.149999618530273,15.300000190734863,9.096715927124023,12400
2012-05-17,15.300000190734863,15.380000114440918,15.0600004196167,15.0600004196167,8.954026222229004,12200
2012-05-18,15.140000343322754,15.140000343322754,14.989999771118164,14.989999771118164,8.912402153015137,5700
2012-05-21,15.020000457763672,15.0600004196167,14.789999961853027,14.850000381469727,8.829161643981934,10600
2012-05-22,14.859999656677246,14.899999618530273,14.789999961853027,14.850000381469727,8.829161643981934,9900
2012-05-23,14.890000343322754,15.0,14.890000343322754,15.0,8.918350219726562,7500
2012-05-24,15.0,15.0600004196167,15.0,15.029999732971191,8.936189651489258,4100
2012-05-25,15.0600004196167,15.170000076293945,15.050000190734863,15.170000076293945,9.019421577453613,6800
2012-05-29,15.199999809265137,15.239999771118164,14.90999984741211,14.970000267028809,8.900511741638184,22200
2012-05-30,14.989999771118164,15.029999732971191,14.960000038146973,15.010000228881836,8.924293518066406,7300
2012-05-31,15.039999961853027,15.09000015258789,15.0,15.09000015258789,8.971858024597168,7200
2012-06-01,14.869999885559082,15.050000190734863,14.869999885559082,15.050000190734863,8.948081970214844,7600
2012-06-04,15.170000076293945,15.170000076293945,14.989999771118164,15.020000457763672,8.930241584777832,12600
2012-06-05,15.109999656677246,15.109999656677246,15.039999961853027,15.039999961853027,8.942132949829102,3100
2012-06-06,15.140000343322754,15.140000343322754,15.0,15.069999694824219,8.95997142791748,6600
2012-06-07,15.149999618530273,15.149999618530273,15.0,15.0,8.918350219726562,7300
2012-06-08,15.09000015258789,15.130000114440918,14.9399995803833,14.970000267028809,8.900511741638184,13000
2012-06-11,15.010000228881836,15.09000015258789,15.010000228881836,15.029999732971191,8.936189651489258,8800
2012-06-12,15.029999732971191,15.100000381469727,14.90999984741211,14.949999809265137,8.888626098632812,27200
2012-06-13,14.970000267028809,15.0,14.880000114440918,14.930000305175781,8.9107084274292,8900
2012-06-14,14.970000267028809,15.020000457763672,14.869999885559082,14.890000343322754,8.886832237243652,6400
2012-06-15,14.850000381469727,14.90999984741211,14.800000190734863,14.859999656677246,8.868927955627441,6900
2012-06-18,14.779999732971191,14.880000114440918,14.779999732971191,14.869999885559082,8.874895095825195,8400
2012-06-19,14.979999542236328,15.029999732971191,14.960000038146973,15.020000457763672,8.964421272277832,10400
2012-06-20,15.039999961853027,15.039999961853027,14.979999542236328,15.010000228881836,8.958450317382812,14400
2012-06-21,15.109999656677246,15.119999885559082,15.020000457763672,15.109999656677246,9.018135070800781,8800
2012-06-22,15.119999885559082,15.15999984741211,15.119999885559082,15.149999618530273,9.042010307312012,3400
2012-06-25,15.170000076293945,15.289999961853027,15.149999618530273,15.289999961853027,9.125556945800781,10600
2012-06-26,15.289999961853027,15.34000015258789,15.25,15.329999923706055,9.149439811706543,8000
2012-06-27,15.34000015258789,15.390000343322754,15.289999961853027,15.350000381469727,9.161370277404785,24100
2012-06-28,15.430000305175781,15.430000305175781,15.34000015258789,15.359999656677246,9.167344093322754,2100
2012-06-29,15.420000076293945,15.420000076293945,15.359999656677246,15.359999656677246,9.167344093322754,4700
2012-07-02,15.420000076293945,15.449999809265137,15.350000381469727,15.449999809265137,9.221056938171387,9700
2012-07-03,15.449999809265137,15.449999809265137,15.350000381469727,15.350000381469727,9.161370277404785,9100
2012-07-05,15.420000076293945,15.520000457763672,15.319999694824219,15.319999694824219,9.143475532531738,5400
2012-07-06,15.390000343322754,15.5,15.300000190734863,15.359999656677246,9.167344093322754,8200
2012-07-09,15.4399995803833,15.470000267028809,15.239999771118164,15.260000228881836,9.107657432556152,17000
2012-07-10,15.369999885559082,15.369999885559082,15.199999809265137,15.210000038146973,9.077818870544434,10100
2012-07-11,15.149999618530273,15.239999771118164,15.149999618530273,15.170000076293945,9.088000297546387,36000
2012-07-12,15.25,15.25,15.069999694824219,15.149999618530273,9.07602310180664,7300
2012-07-13,15.15999984741211,15.210000038146973,15.130000114440918,15.15999984741211,9.082015037536621,4100
2012-07-16,15.199999809265137,15.220000267028809,15.039999961853027,15.0600004196167,9.022109031677246,13200
2012-07-17,15.119999885559082,15.15999984741211,15.050000190734863,15.109999656677246,9.052061080932617,4400
2012-07-18,15.180000305175781,15.199999809265137,15.119999885559082,15.199999809265137,9.105976104736328,6400
2012-07-19,15.229999542236328,15.229999542236328,15.010000228881836,15.0600004196167,9.022109031677246,17100
2012-07-20,15.100000381469727,15.220000267028809,15.069999694824219,15.220000267028809,9.11795711517334,21500
2012-07-23,15.220000267028809,15.220000267028809,15.0600004196167,15.149999618530273,9.07602310180664,8900
2012-07-24,15.220000267028809,15.270000457763672,15.15999984741211,15.220000267028809,9.11795711517334,6900
2012-07-25,15.5,15.5,15.239999771118164,15.289999961853027,9.159889221191406,10100
2012-07-26,15.319999694824219,15.489999771118164,15.260000228881836,15.449999809265137,9.255749702453613,17400
2012-07-27,15.510000228881836,15.699999809265137,15.479999542236328,15.630000114440918,9.36357593536377,17500
2012-07-30,15.720000267028809,15.720000267028809,15.5600004196167,15.649999618530273,9.375558853149414,12300
2012-07-31,15.649999618530273,15.680000305175781,15.399999618530273,15.489999771118164,9.279711723327637,10100
2012-08-01,15.630000114440918,15.699999809265137,15.420000076293945,15.5,9.2857027053833,20000
2012-08-02,15.59000015258789,15.630000114440918,15.479999542236328,15.5,9.2857027053833,5500
2012-08-03,15.5,15.739999771118164,15.5,15.5,9.2857027053833,14500
2012-08-06,15.630000114440918,15.649999618530273,15.5,15.5,9.2857027053833,3100
2012-08-07,15.579999923706055,15.579999923706055,15.40999984741211,15.479999542236328,9.27371883392334,16100
2012-08-08,15.5,15.569999694824219,15.40999984741211,15.4399995803833,9.249753952026367,31200
2012-08-09,15.489999771118164,15.569999694824219,15.279999732971191,15.300000190734863,9.16588306427002,14500
2012-08-10,15.380000114440918,15.470000267028809,15.270000457763672,15.470000267028809,9.267728805541992,5000
2012-08-13,15.5,15.520000457763672,15.289999961853027,15.399999618530273,9.259912490844727,12700
2012-08-14,15.350000381469727,15.550000190734863,15.350000381469727,15.4399995803833,9.28396224975586,17200
2012-08-15,15.489999771118164,15.520000457763672,15.359999656677246,15.399999618530273,9.259912490844727,7400
2012-08-16,15.529999732971191,15.550000190734863,15.300000190734863,15.460000038146973,9.295985221862793,26100
2012-08-17,15.550000190734863,15.600000381469727,15.470000267028809,15.550000190734863,9.350104331970215,13400
2012-08-20,15.640000343322754,15.6899995803833,15.579999923706055,15.600000381469727,9.380171775817871,14400
2012-08-21,15.680000305175781,15.680000305175781,15.329999923706055,15.329999923706055,9.217822074890137,11200
2012-08-22,15.430000305175781,15.510000228881836,15.199999809265137,15.220000267028809,9.151677131652832,17500
2012-08-23,15.300000190734863,15.430000305175781,15.199999809265137,15.199999809265137,9.139652252197266,25500
2012-08-24,15.289999961853027,15.319999694824219,15.239999771118164,15.270000457763672,9.181746482849121,4100
2012-08-27,15.220000267028809,15.449999809265137,15.220000267028809,15.260000228881836,9.175729751586914,18900
2012-08-28,15.34000015258789,15.34000015258789,15.109999656677246,15.270000457763672,9.181746482849121,20400
2012-08-29,15.300000190734863,15.40999984741211,15.199999809265137,15.289999961853027,9.193770408630371,16300
2012-08-30,15.380000114440918,15.430000305175781,15.15999984741211,15.3100004196167,9.205794334411621,12600
2012-08-31,15.399999618530273,15.399999618530273,15.109999656677246,15.130000114440918,9.097563743591309,7000
2012-09-04,15.329999923706055,15.359999656677246,15.140000343322754,15.25,9.169716835021973,19500
2012-09-05,15.3100004196167,15.3100004196167,15.25,15.260000228881836,9.175729751586914,7300
2012-09-06,15.399999618530273,15.4399995803833,15.300000190734863,15.319999694824219,9.211808204650879,23000
2012-09-07,15.470000267028809,15.479999542236328,15.329999923706055,15.449999809265137,9.28997802734375,11700
2012-09-10,15.489999771118164,15.579999923706055,15.210000038146973,15.460000038146973,9.295985221862793,14400
2012-09-11,15.399999618530273,15.640000343322754,15.279999732971191,15.369999885559082,9.24186897277832,15200
2012-09-12,15.380000114440918,15.430000305175781,15.319999694824219,15.399999618530273,9.294378280639648,9600
2012-09-13,15.449999809265137,15.550000190734863,15.390000343322754,15.5,9.354728698730469,9200
2012-09-14,15.529999732971191,15.550000190734863,15.460000038146973,15.529999732971191,9.372842788696289,8300
2012-09-17,15.539999961853027,15.550000190734863,15.390000343322754,15.399999618530273,9.294378280639648,8300
2012-09-18,15.470000267028809,15.470000267028809,15.239999771118164,15.4399995803833,9.31851577758789,19800
2012-09-19,15.470000267028809,15.550000190734863,15.449999809265137,15.550000190734863,9.384906768798828,12600
2012-09-20,15.529999732971191,15.539999961853027,15.420000076293945,15.489999771118164,9.348700523376465,7900
2012-09-21,15.529999732971191,15.680000305175781,15.470000267028809,15.670000076293945,9.457330703735352,9700
2012-09-24,15.699999809265137,15.770000457763672,15.5600004196167,15.609999656677246,9.421117782592773,22600
2012-09-25,15.699999809265137,15.789999961853027,15.619999885559082,15.779999732971191,9.523720741271973,12900
2012-09-26,15.850000381469727,15.970000267028809,15.800000190734863,15.880000114440918,9.584073066711426,20600
2012-09-27,15.979999542236328,16.020000457763672,15.84000015258789,15.989999771118164,9.650467872619629,14100
2012-09-28,15.829999923706055,16.020000457763672,15.829999923706055,15.979999542236328,9.644423484802246,6600
2012-10-01,16.1299991607666,16.290000915527344,15.930000305175781,16.18000030517578,9.76513385772705,21400
2012-10-02,16.229999542236328,16.239999771118164,15.619999885559082,15.6899995803833,9.469404220581055,30900
2012-10-03,15.850000381469727,15.850000381469727,15.65999984741211,15.729999542236328,9.49354362487793,9600
2012-10-04,15.75,15.8100004196167,15.729999542236328,15.75,9.505613327026367,5900
2012-10-05,15.779999732971191,15.819999694824219,15.760000228881836,15.819999694824219,9.547860145568848,4700
2012-10-08,15.819999694824219,15.880000114440918,15.8100004196167,15.880000114440918,9.584073066711426,2200
2012-10-09,15.880000114440918,16.010000228881836,15.699999809265137,15.729999542236328,9.49354362487793,16600
2012-10-10,15.800000190734863,15.850000381469727,15.619999885559082,15.619999885559082,9.427149772644043,10600
2012-10-11,15.760000228881836,15.829999923706055,15.670000076293945,15.819999694824219,9.582829475402832,15900
2012-10-12,15.84000015258789,15.960000038146973,15.739999771118164,15.920000076293945,9.643404006958008,7800
2012-10-15,16.040000915527344,16.049999237060547,15.930000305175781,16.040000915527344,9.716094017028809,6800
2012-10-16,16.079999923706055,16.079999923706055,15.949999809265137,15.970000267028809,9.673690795898438,23100
2012-10-17,16.06999969482422,16.229999542236328,16.0,16.079999923706055,9.740324974060059,18600
2012-10-18,16.18000030517578,16.219999313354492,15.949999809265137,16.020000457763672,9.703983306884766,9300
2012-10-19,16.1299991607666,16.1299991607666,15.84000015258789,15.970000267028809,9.673690795898438,13600
2012-10-22,16.049999237060547,16.049999237060547,15.920000076293945,16.030000686645508,9.710036277770996,5200
2012-10-23,16.15999984741211,16.239999771118164,15.970000267028809,16.0,9.691866874694824,11900
2012-10-24,16.0,16.200000762939453,15.90999984741211,15.9399995803833,9.655519485473633,5300
2012-10-25,15.970000267028809,16.100000381469727,15.9399995803833,15.989999771118164,9.685811042785645,5900
2012-10-26,16.049999237060547,16.100000381469727,16.049999237060547,16.049999237060547,9.722153663635254,2800
2012-10-31,15.90999984741211,15.989999771118164,15.880000114440918,15.989999771118164,9.685811042785645,10300
2012-11-01,16.09000015258789,16.1299991607666,15.949999809265137,16.030000686645508,9.710036277770996,9800
2012-11-02,16.1299991607666,16.1299991607666,15.920000076293945,16.079999923706055,9.740324974060059,11000
2012-11-05,15.960000038146973,16.09000015258789,15.8100004196167,15.8100004196167,9.576776504516602,7500
2012-11-06,15.9399995803833,15.9399995803833,15.729999542236328,15.800000190734863,9.570716857910156,8600
2012-11-07,15.869999885559082,15.9399995803833,15.770000457763672,15.869999885559082,9.613118171691895,15000
2012-11-08,15.9399995803833,15.960000038146973,15.899999618530273,15.949999809265137,9.661580085754395,8900
2012-11-09,16.079999923706055,16.079999923706055,15.960000038146973,16.049999237060547,9.722153663635254,13900
2012-11-12,16.020000457763672,16.09000015258789,16.0,16.09000015258789,9.746379852294922,8200
2012-11-13,16.040000915527344,16.079999923706055,15.979999542236328,16.010000228881836,9.732402801513672,5200
2012-11-14,16.020000457763672,16.020000457763672,15.729999542236328,15.8100004196167,9.610822677612305,13500
2012-11-15,15.880000114440918,15.899999618530273,15.359999656677246,15.380000114440918,9.349428176879883,16900
2012-11-16,15.359999656677246,15.729999542236328,15.359999656677246,15.40999984741211,9.367664337158203,63600
2012-11-19,15.609999656677246,15.720000267028809,15.520000457763672,15.59000015258789,9.477081298828125,15200
2012-11-20,15.729999542236328,15.970000267028809,15.59000015258789,15.65999984741211,9.519633293151855,27500
2012-11-21,15.819999694824219,16.0,15.75,15.760000228881836,9.580428123474121,9600
2012-11-23,15.880000114440918,15.920000076293945,15.770000457763672,15.779999732971191,9.592586517333984,7100
2012-11-26,15.739999771118164,15.779999732971191,15.5600004196167,15.649999618530273,9.513554573059082,18800
2012-11-27,15.770000457763672,15.789999961853027,15.600000381469727,15.649999618530273,9.513554573059082,23000
2012-11-28,15.739999771118164,16.0,15.6899995803833,15.890000343322754,9.659448623657227,27000
2012-11-29,16.0,16.020000457763672,15.899999618530273,16.020000457763672,9.738479614257812,10700
2012-11-30,16.079999923706055,16.1200008392334,15.90999984741211,16.06999969482422,9.768875122070312,29200
2012-12-03,16.049999237060547,16.049999237060547,15.890000343322754,15.930000305175781,9.683772087097168,11500
2012-12-04,15.9399995803833,16.010000228881836,15.760000228881836,16.010000228881836,9.732402801513672,25500
2012-12-05,15.899999618530273,16.0,15.800000190734863,15.869999885559082,9.647295951843262,19600
2012-12-06,15.880000114440918,15.989999771118164,15.760000228881836,15.960000038146973,9.702006340026855,29300
2012-12-07,15.960000038146973,15.970000267028809,15.880000114440918,15.9399995803833,9.689847946166992,25500
2012-12-10,15.9399995803833,15.970000267028809,15.65999984741211,15.65999984741211,9.519633293151855,18100
2012-12-11,15.739999771118164,15.850000381469727,15.670000076293945,15.720000267028809,9.556110382080078,5800
2012-12-12,15.779999732971191,15.829999923706055,15.649999618530273,15.6899995803833,9.572583198547363,9800
2012-12-13,15.789999961853027,15.789999961853027,15.5600004196167,15.600000381469727,9.517678260803223,16100
2012-12-14,15.6899995803833,15.6899995803833,15.449999809265137,15.449999809265137,9.426161766052246,15800
2012-12-17,15.550000190734863,15.550000190734863,15.109999656677246,15.140000343322754,9.23702335357666,34100
2012-12-18,15.210000038146973,15.210000038146973,14.979999542236328,15.010000228881836,9.157713890075684,13400
2012-12-19,15.130000114440918,15.210000038146973,15.010000228881836,15.079999923706055,9.200417518615723,19400
2012-12-20,15.220000267028809,15.34000015258789,15.0600004196167,15.15999984741211,9.249224662780762,20500
2012-12-21,15.020000457763672,15.289999961853027,15.020000457763672,15.229999542236328,9.291938781738281,16000
2012-12-24,15.199999809265137,15.260000228881836,15.130000114440918,15.170000076293945,9.255326271057129,8700
2012-12-26,15.109999656677246,15.239999771118164,15.109999656677246,15.170000076293945,9.255326271057129,16100
2012-12-27,15.0600004196167,15.15999984741211,15.050000190734863,15.15999984741211,9.249224662780762,2400
2012-12-28,15.050000190734863,15.220000267028809,15.050000190734863,15.140000343322754,9.23702335357666,8800
2012-12-31,15.050000190734863,15.210000038146973,15.020000457763672,15.210000038146973,9.279733657836914,15000
2013-01-02,15.130000114440918,15.5,15.130000114440918,15.5,9.456664085388184,6400
2013-01-03,15.539999961853027,15.609999656677246,15.359999656677246,15.529999732971191,9.474967002868652,6000
2013-01-04,15.430000305175781,15.5600004196167,15.40999984741211,15.5600004196167,9.493268013000488,8700
2013-01-07,15.65999984741211,15.65999984741211,15.529999732971191,15.569999694824219,9.49937629699707,15600
2013-01-08,15.470000267028809,15.6899995803833,15.470000267028809,15.6899995803833,9.572583198547363,25900
2013-01-09,15.649999618530273,15.760000228881836,15.5600004196167,15.729999542236328,9.596985816955566,6700
2013-01-10,15.8100004196167,15.869999885559082,15.699999809265137,15.869999885559082,9.682403564453125,25600
2013-01-11,15.880000114440918,15.930000305175781,15.729999542236328,15.770000457763672,9.6560697555542,8800
2013-01-14,15.75,15.9399995803833,15.75,15.869999885559082,9.717302322387695,8300
2013-01-15,15.770000457763672,15.8100004196167,15.739999771118164,15.779999732971191,9.66219711303711,8200
2013-01-16,15.84000015258789,15.90999984741211,15.710000038146973,15.829999923706055,9.692808151245117,10600
2013-01-17,15.930000305175781,16.0,15.90999984741211,15.970000267028809,9.778524398803711,8100
2013-01-18,16.0,16.049999237060547,15.970000267028809,16.049999237060547,9.827518463134766,7300
2013-01-22,16.049999237060547,16.049999237060547,15.960000038146973,15.960000038146973,9.772411346435547,5100
2013-01-23,16.059999465942383,16.18000030517578,15.979999542236328,16.15999984741211,9.894875526428223,24000
2013-01-24,16.200000762939453,16.200000762939453,16.010000228881836,16.010000228881836,9.80302619934082,13400
2013-01-25,15.970000267028809,15.970000267028809,15.930000305175781,15.9399995803833,9.76016616821289,1200
2013-01-28,15.979999542236328,15.979999542236328,15.699999809265137,15.699999809265137,9.613215446472168,7300
2013-01-29,15.630000114440918,15.760000228881836,15.569999694824219,15.569999694824219,9.533613204956055,12100
2013-01-30,15.5600004196167,15.6899995803833,15.550000190734863,15.640000343322754,9.576473236083984,8100
2013-01-31,15.710000038146973,15.760000228881836,15.710000038146973,15.760000228881836,9.64995002746582,3400
2013-02-01,15.84000015258789,15.859999656677246,15.800000190734863,15.829999923706055,9.692808151245117,8700
2013-02-04,15.869999885559082,15.869999885559082,15.65999984741211,15.65999984741211,9.58872127532959,14900
2013-02-05,15.729999542236328,15.779999732971191,15.520000457763672,15.520000457763672,9.502997398376465,21200
2013-02-06,15.640000343322754,15.640000343322754,15.5,15.529999732971191,9.50911808013916,40600
2013-02-07,15.680000305175781,15.75,15.619999885559082,15.6899995803833,9.607088088989258,6900
2013-02-08,15.789999961853027,15.789999961853027,15.710000038146973,15.75,9.643827438354492,6200
2013-02-11,15.680000305175781,15.680000305175781,15.640000343322754,15.640000343322754,9.576473236083984,10400
2013-02-12,15.680000305175781,15.699999809265137,15.640000343322754,15.65999984741211,9.58872127532959,4900
2013-02-13,15.619999885559082,15.729999542236328,15.619999885559082,15.720000267028809,9.66062068939209,8700
2013-02-14,15.779999732971191,15.779999732971191,15.600000381469727,15.600000381469727,9.586883544921875,4200
2013-02-15,15.680000305175781,15.680000305175781,15.479999542236328,15.489999771118164,9.519275665283203,10700
2013-02-19,15.470000267028809,15.5,15.319999694824219,15.430000305175781,9.482402801513672,14700
2013-02-20,15.329999923706055,15.369999885559082,15.220000267028809,15.319999694824219,9.414802551269531,23500
2013-02-21,15.420000076293945,15.539999961853027,15.369999885559082,15.479999542236328,9.513130187988281,9400
2013-02-22,15.520000457763672,15.539999961853027,15.4399995803833,15.489999771118164,9.519275665283203,26600
2013-02-25,15.479999542236328,15.5600004196167,15.4399995803833,15.470000267028809,9.506987571716309,15900
2013-02-26,15.420000076293945,15.59000015258789,15.420000076293945,15.4399995803833,9.488546371459961,9300
2013-02-27,15.34000015258789,15.5,15.34000015258789,15.470000267028809,9.506987571716309,7200
2013-02-28,15.380000114440918,15.470000267028809,15.350000381469727,15.399999618530273,9.463968276977539,11900
2013-03-01,15.510000228881836,15.59000015258789,15.359999656677246,15.390000343322754,9.457819938659668,23200
2013-03-04,15.359999656677246,15.470000267028809,15.359999656677246,15.470000267028809,9.506987571716309,7400
2013-03-05,15.539999961853027,15.630000114440918,15.460000038146973,15.630000114440918,9.60531234741211,6500
2013-03-06,15.6899995803833,16.0,15.680000305175781,15.949999809265137,9.801968574523926,26500
2013-03-07,15.850000381469727,15.850000381469727,15.5600004196167,15.569999694824219,9.568437576293945,20200
2013-03-08,15.65999984741211,15.65999984741211,15.449999809265137,15.449999809265137,9.494696617126465,9800
2013-03-11,15.600000381469727,15.640000343322754,15.5,15.579999923706055,9.574588775634766,15900
2013-03-12,15.720000267028809,15.720000267028809,15.40999984741211,15.510000228881836,9.531559944152832,18000
2013-03-13,15.59000015258789,16.0,15.449999809265137,15.460000038146973,9.53588581085205,11800
2013-03-14,15.569999694824219,15.569999694824219,15.199999809265137,15.220000267028809,9.387850761413574,15200
2013-03-15,15.300000190734863,15.390000343322754,15.109999656677246,15.239999771118164,9.400188446044922,45200
2013-03-18,15.279999732971191,15.380000114440918,15.239999771118164,15.380000114440918,9.486541748046875,13200
2013-03-19,15.470000267028809,15.489999771118164,15.149999618530273,15.210000038146973,9.381680488586426,19500
2013-03-20,15.300000190734863,15.630000114440918,15.210000038146973,15.220000267028809,9.387850761413574,18000
2013-03-21,15.25,15.25,15.020000457763672,15.039999961853027,9.27682113647461,16500
2013-03-22,15.119999885559082,15.119999885559082,15.020000457763672,15.079999923706055,9.301494598388672,10700
2013-03-25,15.109999656677246,15.170000076293945,15.010000228881836,15.079999923706055,9.301494598388672,12900
2013-03-26,15.220000267028809,15.279999732971191,15.010000228881836,15.020000457763672,9.26448917388916,15900
2013-03-27,15.100000381469727,15.149999618530273,15.0,15.140000343322754,9.338507652282715,7800
2013-03-28,15.300000190734863,15.300000190734863,15.0,15.069999694824219,9.295327186584473,31600
2013-04-01,15.069999694824219,15.210000038146973,15.010000228881836,15.020000457763672,9.26448917388916,12200
2013-04-02,15.1899995803833,15.229999542236328,15.029999732971191,15.069999694824219,9.295327186584473,11900
2013-04-03,15.15999984741211,15.15999984741211,15.010000228881836,15.020000457763672,9.26448917388916,9000
2013-04-04,15.119999885559082,15.15999984741211,15.0,15.020000457763672,9.26448917388916,13000
2013-04-05,15.029999732971191,15.119999885559082,15.029999732971191,15.100000381469727,9.313830375671387,14300
2013-04-08,15.170000076293945,15.170000076293945,15.029999732971191,15.140000343322754,9.338507652282715,4800
2013-04-09,15.140000343322754,15.220000267028809,15.100000381469727,15.140000343322754,9.338507652282715,10700
2013-04-10,15.170000076293945,15.289999961853027,15.170000076293945,15.289999961853027,9.431024551391602,6700
2013-04-11,15.34000015258789,15.34000015258789,15.100000381469727,15.199999809265137,9.41059398651123,6200
2013-04-12,15.300000190734863,15.34000015258789,15.239999771118164,15.289999961853027,9.466318130493164,11900
2013-04-15,15.220000267028809,15.399999618530273,15.170000076293945,15.170000076293945,9.392022132873535,4000
2013-04-16,15.109999656677246,15.319999694824219,15.100000381469727,15.270000457763672,9.453936576843262,5600
2013-04-17,15.199999809265137,15.329999923706055,15.140000343322754,15.1899995803833,9.404402732849121,6300
2013-04-18,15.119999885559082,15.350000381469727,15.100000381469727,15.15999984741211,9.385826110839844,7800
2013-04-19,15.100000381469727,15.1899995803833,15.100000381469727,15.170000076293945,9.392022132873535,9700
2013-04-22,15.079999923706055,15.220000267028809,15.079999923706055,15.149999618530273,9.37964153289795,3100
2013-04-23,15.3100004196167,15.350000381469727,15.119999885559082,15.319999694824219,9.484885215759277,21200
2013-04-24,15.319999694824219,15.350000381469727,15.170000076293945,15.350000381469727,9.503461837768555,4900
2013-04-25,15.279999732971191,15.359999656677246,15.270000457763672,15.350000381469727,9.503461837768555,3800
2013-04-26,15.380000114440918,15.5,15.34000015258789,15.5,9.596328735351562,19500
2013-04-29,15.40999984741211,15.5,15.40999984741211,15.460000038146973,9.57156753540039,5700
2013-04-30,15.460000038146973,15.770000457763672,15.34000015258789,15.760000228881836,9.757299423217773,18700
2013-05-01,15.770000457763672,16.299999237060547,15.729999542236328,16.0,9.905889511108398,39800
2013-05-02,16.0,16.020000457763672,15.899999618530273,15.930000305175781,9.862552642822266,13200
2013-05-03,16.100000381469727,16.100000381469727,15.859999656677246,15.930000305175781,9.862552642822266,6300
2013-05-06,16.079999923706055,16.079999923706055,15.819999694824219,15.930000305175781,9.862552642822266,10800
2013-05-07,15.960000038146973,15.989999771118164,15.920000076293945,15.920000076293945,9.85636043548584,8600
2013-05-08,16.059999465942383,16.100000381469727,15.899999618530273,15.920000076293945,9.85636043548584,10500
2013-05-09,15.899999618530273,15.960000038146973,15.859999656677246,15.899999618530273,9.843975067138672,8000
2013-05-10,15.979999542236328,15.979999542236328,15.8100004196167,15.90999984741211,9.850171089172363,5800
2013-05-13,15.920000076293945,15.920000076293945,15.720000267028809,15.789999961853027,9.811027526855469,18600
2013-05-14,15.850000381469727,15.930000305175781,15.65999984741211,15.65999984741211,9.730252265930176,9900
2013-05-15,15.619999885559082,15.8100004196167,15.619999885559082,15.65999984741211,9.730252265930176,3000
2013-05-16,15.609999656677246,15.739999771118164,15.529999732971191,15.550000190734863,9.661901473999023,10800
2013-05-17,15.65999984741211,15.779999732971191,15.550000190734863,15.59000015258789,9.686756134033203,10400
2013-05-20,15.579999923706055,15.699999809265137,15.510000228881836,15.539999961853027,9.655686378479004,14000
2013-05-21,15.630000114440918,15.699999809265137,15.489999771118164,15.5,9.630829811096191,13200
2013-05-22,15.59000015258789,15.59000015258789,15.390000343322754,15.489999771118164,9.624622344970703,10100
2013-05-23,15.569999694824219,15.569999694824219,15.399999618530273,15.5,9.630829811096191,5200
2013-05-24,15.510000228881836,15.550000190734863,15.449999809265137,15.470000267028809,9.612195014953613,5900
2013-05-28,15.59000015258789,15.59000015258789,15.449999809265137,15.449999809265137,9.599769592285156,5400
2013-05-29,15.529999732971191,15.529999732971191,15.3100004196167,15.390000343322754,9.56248664855957,14200
2013-05-30,15.260000228881836,15.329999923706055,15.180000305175781,15.260000228881836,9.481714248657227,19400
2013-05-31,15.25,15.34000015258789,15.100000381469727,15.210000038146973,9.45064926147461,21500
2013-06-03,15.050000190734863,15.210000038146973,14.90999984741211,14.979999542236328,9.307734489440918,24000
2013-06-04,14.989999771118164,15.130000114440918,14.90999984741211,14.989999771118164,9.313948631286621,33600
2013-06-05,15.0,15.239999771118164,15.0,15.130000114440918,9.400934219360352,27800
2013-06-06,15.130000114440918,15.359999656677246,15.130000114440918,15.359999656677246,9.543845176696777,15200
2013-06-07,15.380000114440918,15.380000114440918,15.25,15.260000228881836,9.481714248657227,2900
2013-06-10,15.420000076293945,15.420000076293945,15.1899995803833,15.25,9.475499153137207,8900
2013-06-11,14.979999542236328,15.020000457763672,14.760000228881836,14.800000190734863,9.195897102355957,25400
2013-06-12,14.710000038146973,14.720000267028809,14.390000343322754,14.390000343322754,8.97571086883545,26800
2013-06-13,14.40999984741211,14.40999984741211,14.25,14.34000015258789,8.944522857666016,24500
2013-06-14,14.359999656677246,14.489999771118164,14.260000228881836,14.399999618530273,8.981948852539062,16900
2013-06-17,14.420000076293945,14.510000228881836,14.399999618530273,14.399999618530273,8.981948852539062,6600
2013-06-18,14.40999984741211,14.40999984741211,14.260000228881836,14.350000381469727,8.950762748718262,10200
2013-06-19,14.420000076293945,14.420000076293945,14.199999809265137,14.199999809265137,8.857196807861328,15200
2013-06-20,14.039999961853027,14.039999961853027,13.800000190734863,13.899999618530273,8.670077323913574,19700
2013-06-21,14.0,14.119999885559082,13.800000190734863,13.8100004196167,8.613931655883789,25200
2013-06-24,13.800000190734863,13.9399995803833,13.630000114440918,13.850000381469727,8.638891220092773,28500
2013-06-25,13.8100004196167,13.949999809265137,13.640000343322754,13.890000343322754,8.663838386535645,12500
2013-06-26,13.859999656677246,14.069999694824219,13.859999656677246,13.930000305175781,8.688786506652832,14700
2013-06-27,14.119999885559082,14.4399995803833,14.029999732971191,14.329999923706055,8.938291549682617,26700
2013-06-28,14.210000038146973,14.449999809265137,14.079999923706055,14.3100004196167,8.925809860229492,11800
2013-07-01,14.430000305175781,14.600000381469727,13.989999771118164,14.369999885559082,8.963236808776855,10700
2013-07-02,14.3100004196167,14.390000343322754,14.140000343322754,14.300000190734863,8.919570922851562,7400
2013-07-03,14.100000381469727,14.270000457763672,13.819999694824219,13.9399995803833,8.695024490356445,17400
2013-07-05,13.850000381469727,13.9399995803833,13.850000381469727,13.880000114440918,8.657600402832031,12800
2013-07-08,13.880000114440918,13.9399995803833,13.8100004196167,13.819999694824219,8.620176315307617,6800
2013-07-09,13.8100004196167,13.890000343322754,13.8100004196167,13.880000114440918,8.657600402832031,10700
2013-07-10,13.979999542236328,13.979999542236328,13.8100004196167,13.84000015258789,8.632650375366211,4100
2013-07-11,13.850000381469727,14.010000228881836,13.760000228881836,13.84000015258789,8.66834831237793,15900
2013-07-12,13.869999885559082,13.920000076293945,13.850000381469727,13.850000381469727,8.674614906311035,13700
2013-07-15,13.84000015258789,13.850000381469727,13.84000015258789,13.84000015258789,8.66834831237793,2200
2013-07-16,14.039999961853027,14.039999961853027,13.899999618530273,14.0,8.768562316894531,16200
2013-07-17,13.9399995803833,14.09000015258789,13.899999618530273,14.0,8.768562316894531,20400
2013-07-18,13.9399995803833,14.020000457763672,13.930000305175781,13.930000305175781,8.72472095489502,7600
2013-07-19,13.930000305175781,14.010000228881836,13.899999618530273,13.90999984741211,8.712193489074707,9900
2013-07-22,13.899999618530273,13.899999618530273,13.779999732971191,13.789999961853027,8.637035369873047,7900
2013-07-23,13.789999961853027,14.140000343322754,13.770000457763672,14.0,8.768562316894531,25600
2013-07-24,13.920000076293945,13.920000076293945,13.760000228881836,13.760000228881836,8.61824893951416,9800
2013-07-25,13.75,13.8100004196167,13.75,13.779999732971191,8.630769729614258,6800
2013-07-26,13.880000114440918,13.890000343322754,13.789999961853027,13.800000190734863,8.643303871154785,6900
2013-07-29,13.90999984741211,13.9399995803833,13.770000457763672,13.84000015258789,8.66834831237793,6900
2013-07-30,13.760000228881836,14.079999923706055,13.75,14.050000190734863,8.799878120422363,17300
2013-07-31,14.140000343322754,14.140000343322754,13.930000305175781,14.109999656677246,8.837458610534668,22700
2013-08-01,14.029999732971191,14.079999923706055,13.960000038146973,14.010000228881836,8.77482795715332,9600
2013-08-02,14.020000457763672,14.020000457763672,13.890000343322754,13.890000343322754,8.699667930603027,6700
2013-08-05,13.770000457763672,13.899999618530273,13.75,13.779999732971191,8.630769729614258,11100
2013-08-06,13.75,13.869999885559082,13.75,13.789999961853027,8.637035369873047,9800
2013-08-07,13.75,13.8100004196167,13.75,13.779999732971191,8.630769729614258,10400
2013-08-08,13.75,13.890000343322754,13.75,13.850000381469727,8.674614906311035,10700
2013-08-09,13.789999961853027,13.899999618530273,13.75,13.779999732971191,8.630769729614258,7200
2013-08-12,13.779999732971191,13.880000114440918,13.779999732971191,13.789999961853027,8.637035369873047,9900
2013-08-13,13.789999961853027,13.789999961853027,13.6899995803833,13.779999732971191,8.666595458984375,25900
2013-08-14,13.699999809265137,13.739999771118164,13.6899995803833,13.6899995803833,8.60998821258545,21500
2013-08-15,13.680000305175781,13.739999771118164,13.59000015258789,13.680000305175781,8.6037015914917,41400
2013-08-16,13.710000038146973,13.720000267028809,13.619999885559082,13.630000114440918,8.572254180908203,22700
2013-08-19,13.579999923706055,13.649999618530273,13.359999656677246,13.369999885559082,8.408730506896973,37300
2013-08-20,13.369999885559082,13.460000038146973,13.300000190734863,13.399999618530273,8.42760181427002,23200
2013-08-21,13.329999923706055,13.529999732971191,13.329999923706055,13.449999809265137,8.459050178527832,12000
2013-08-22,13.579999923706055,13.630000114440918,13.550000190734863,13.600000381469727,8.553389549255371,12500
2013-08-23,13.579999923706055,13.789999961853027,13.5600004196167,13.6899995803833,8.60998821258545,9100
2013-08-26,13.789999961853027,13.789999961853027,13.470000267028809,13.470000267028809,8.471628189086914,29500
2013-08-27,13.390000343322754,13.550000190734863,13.390000343322754,13.529999732971191,8.509360313415527,37400
2013-08-28,13.529999732971191,13.539999961853027,13.430000305175781,13.449999809265137,8.459050178527832,25300
2013-08-29,13.510000228881836,13.529999732971191,13.390000343322754,13.390000343322754,8.421314239501953,33500
2013-08-30,13.420000076293945,13.449999809265137,13.3100004196167,13.390000343322754,8.421314239501953,20700
2013-09-03,13.529999732971191,13.529999732971191,13.260000228881836,13.369999885559082,8.408730506896973,11900
2013-09-04,13.369999885559082,13.489999771118164,13.329999923706055,13.34000015258789,8.38986587524414,20300
2013-09-05,13.289999961853027,13.430000305175781,13.260000228881836,13.34000015258789,8.38986587524414,11400
2013-09-06,13.34000015258789,13.430000305175781,13.279999732971191,13.380000114440918,8.415022850036621,8400
2013-09-09,13.34000015258789,13.40999984741211,13.279999732971191,13.380000114440918,8.415022850036621,8600
2013-09-10,13.319999694824219,13.420000076293945,13.300000190734863,13.350000381469727,8.396153450012207,9000
2013-09-11,13.239999771118164,13.329999923706055,13.199999809265137,13.229999542236328,8.356362342834473,15900
2013-09-12,13.199999809265137,13.399999618530273,13.199999809265137,13.279999732971191,8.387945175170898,7500
2013-09-13,13.229999542236328,13.359999656677246,13.140000343322754,13.3100004196167,8.40689468383789,24300
2013-09-16,13.479999542236328,13.489999771118164,13.369999885559082,13.479999542236328,8.514266967773438,9000
2013-09-17,13.4399995803833,13.529999732971191,13.4399995803833,13.529999732971191,8.54584789276123,10000
2013-09-18,13.460000038146973,13.710000038146973,13.329999923706055,13.680000305175781,8.640596389770508,37900
2013-09-19,13.609999656677246,13.65999984741211,13.529999732971191,13.65999984741211,8.627957344055176,11100
2013-09-20,13.59000015258789,13.609999656677246,13.529999732971191,13.579999923706055,8.577432632446289,11600
2013-09-23,13.479999542236328,13.59000015258789,13.479999542236328,13.5600004196167,8.564797401428223,10000
2013-09-24,13.520000457763672,13.609999656677246,13.520000457763672,13.609999656677246,8.596379280090332,13000
2013-09-25,13.550000190734863,13.630000114440918,13.529999732971191,13.539999961853027,8.552169799804688,11400
2013-09-26,13.529999732971191,13.59000015258789,13.529999732971191,13.579999923706055,8.577432632446289,7400
2013-09-27,13.5600004196167,13.619999885559082,13.5600004196167,13.579999923706055,8.577432632446289,8400
2013-09-30,13.569999694824219,13.59000015258789,13.5,13.550000190734863,8.55848217010498,19600
2013-10-01,13.600000381469727,13.609999656677246,13.550000190734863,13.550000190734863,8.55848217010498,18900
2013-10-02,13.529999732971191,13.569999694824219,13.520000457763672,13.569999694824219,8.571120262145996,8200
2013-10-03,13.520000457763672,13.569999694824219,13.5,13.5,8.526901245117188,32100
2013-10-04,13.449999809265137,13.640000343322754,13.430000305175781,13.619999885559082,8.602694511413574,17300
2013-10-07,13.550000190734863,13.579999923706055,13.449999809265137,13.479999542236328,8.514266967773438,8400
2013-10-08,13.430000305175781,13.65999984741211,13.40999984741211,13.550000190734863,8.55848217010498,20900
2013-10-09,13.550000190734863,13.569999694824219,13.449999809265137,13.529999732971191,8.54584789276123,11600
2013-10-10,13.470000267028809,13.520000457763672,13.3100004196167,13.399999618530273,8.499547958374023,19100
2013-10-11,13.34000015258789,13.34000015258789,13.229999542236328,13.25,8.404404640197754,15700
2013-10-14,13.210000038146973,13.34000015258789,13.199999809265137,13.199999809265137,8.372688293457031,25400
2013-10-15,13.210000038146973,13.289999961853027,13.210000038146973,13.210000038146973,8.3790283203125,15100
2013-10-16,13.210000038146973,13.239999771118164,13.199999809265137,13.220000267028809,8.385375022888184,21900
2013-10-17,13.220000267028809,13.399999618530273,13.220000267028809,13.399999618530273,8.499547958374023,34500
2013-10-18,13.369999885559082,13.489999771118164,13.369999885559082,13.4399995803833,8.524914741516113,9900
2013-10-21,13.40999984741211,13.470000267028809,13.350000381469727,13.369999885559082,8.480518341064453,16700
2013-10-22,13.399999618530273,13.520000457763672,13.380000114440918,13.380000114440918,8.486859321594238,22300
2013-10-23,13.369999885559082,13.550000190734863,13.369999885559082,13.4399995803833,8.524914741516113,32100
2013-10-24,13.5,13.520000457763672,13.460000038146973,13.520000457763672,8.575660705566406,13500
2013-10-25,13.470000267028809,13.529999732971191,13.470000267028809,13.529999732971191,8.58200454711914,4800
2013-10-28,13.479999542236328,13.579999923706055,13.479999542236328,13.579999923706055,8.61371898651123,10600
2013-10-29,13.5600004196167,13.59000015258789,13.529999732971191,13.529999732971191,8.58200454711914,9700
2013-10-30,13.529999732971191,13.539999961853027,13.510000228881836,13.539999961853027,8.58835220336914,3100
2013-10-31,13.489999771118164,13.550000190734863,13.460000038146973,13.529999732971191,8.58200454711914,8600
2013-11-01,13.489999771118164,13.5,13.449999809265137,13.449999809265137,8.531264305114746,16500
2013-11-04,13.479999542236328,13.5,13.40999984741211,13.40999984741211,8.50588607788086,17300
2013-11-05,13.40999984741211,13.479999542236328,13.369999885559082,13.4399995803833,8.524914741516113,25000
2013-11-06,13.369999885559082,13.420000076293945,13.359999656677246,13.390000343322754,8.493208885192871,19100
2013-11-07,13.40999984741211,13.479999542236328,13.390000343322754,13.40999984741211,8.50588607788086,25000
2013-11-08,13.40999984741211,13.5,13.3100004196167,13.430000305175781,8.518576622009277,26000
2013-11-11,13.359999656677246,13.449999809265137,13.359999656677246,13.4399995803833,8.524914741516113,5800
2013-11-12,13.430000305175781,13.449999809265137,13.350000381469727,13.369999885559082,8.480518341064453,23200
2013-11-13,13.289999961853027,13.359999656677246,13.289999961853027,13.34000015258789,8.497714042663574,19500
2013-11-14,13.3100004196167,13.369999885559082,13.300000190734863,13.350000381469727,8.5040864944458,19300
2013-11-15,13.380000114440918,13.5,13.319999694824219,13.460000038146973,8.574158668518066,42200
2013-11-18,13.4399995803833,13.5600004196167,13.4399995803833,13.529999732971191,8.618751525878906,16200
2013-11-19,13.550000190734863,13.550000190734863,13.449999809265137,13.449999809265137,8.567785263061523,7400
2013-11-20,13.380000114440918,13.5,13.350000381469727,13.380000114440918,8.523199081420898,14100
2013-11-21,13.4399995803833,13.470000267028809,13.350000381469727,13.369999885559082,8.516827583312988,9300
2013-11-22,13.350000381469727,13.40999984741211,13.350000381469727,13.399999618530273,8.53593921661377,10400
2013-11-25,13.350000381469727,13.40999984741211,13.350000381469727,13.350000381469727,8.5040864944458,17500
2013-11-26,13.40999984741211,13.430000305175781,13.319999694824219,13.430000305175781,8.555049896240234,14100
2013-11-27,13.449999809265137,13.449999809265137,13.350000381469727,13.430000305175781,8.555049896240234,12000
2013-11-29,13.380000114440918,13.40999984741211,13.34000015258789,13.34000015258789,8.497714042663574,20400
2013-12-02,13.34000015258789,13.420000076293945,13.25,13.420000076293945,8.548675537109375,38700
2013-12-03,13.430000305175781,13.4399995803833,13.350000381469727,13.369999885559082,8.516827583312988,21800
2013-12-04,13.380000114440918,13.470000267028809,13.350000381469727,13.40999984741211,8.54230785369873,8700
2013-12-05,13.399999618530273,13.460000038146973,13.350000381469727,13.420000076293945,8.548675537109375,4000
2013-12-06,13.40999984741211,13.40999984741211,13.329999923706055,13.390000343322754,8.529569625854492,13800
2013-12-09,13.350000381469727,13.470000267028809,13.350000381469727,13.359999656677246,8.510461807250977,14100
2013-12-10,13.369999885559082,13.479999542236328,13.369999885559082,13.4399995803833,8.561421394348145,10200
2013-12-11,13.239999771118164,13.260000228881836,13.100000381469727,13.140000343322754,8.565328598022461,31200
2013-12-12,13.100000381469727,13.220000267028809,13.100000381469727,13.220000267028809,8.617476463317871,20000
2013-12-13,13.210000038146973,13.380000114440918,13.210000038146973,13.319999694824219,8.682658195495605,31200
2013-12-16,13.289999961853027,13.3100004196167,13.180000305175781,13.289999961853027,8.663108825683594,47500
2013-12-17,13.229999542236328,13.390000343322754,13.229999542236328,13.380000114440918,8.72177505493164,22600
2013-12-18,13.449999809265137,13.449999809265137,13.289999961853027,13.319999694824219,8.682658195495605,31500
2013-12-19,13.300000190734863,13.420000076293945,13.289999961853027,13.350000381469727,8.702214241027832,38600
2013-12-20,13.350000381469727,13.359999656677246,13.289999961853027,13.34000015258789,8.695700645446777,18000
2013-12-23,13.350000381469727,13.460000038146973,13.350000381469727,13.40999984741211,8.74133014678955,12900
2013-12-24,13.390000343322754,13.420000076293945,13.350000381469727,13.399999618530273,8.734810829162598,13300
2013-12-26,13.369999885559082,13.460000038146973,13.369999885559082,13.399999618530273,8.734810829162598,18800
2013-12-27,13.40999984741211,13.510000228881836,13.329999923706055,13.4399995803833,8.760883331298828,25600
2013-12-30,13.380000114440918,13.529999732971191,13.380000114440918,13.470000267028809,8.780440330505371,35700
2013-12-31,13.569999694824219,13.569999694824219,13.4399995803833,13.5,8.799999237060547,49000
2014-01-02,13.5,13.5,13.420000076293945,13.489999771118164,8.793476104736328,18400
2014-01-03,13.569999694824219,13.600000381469727,13.399999618530273,13.510000228881836,8.806519508361816,16800
2014-01-06,13.460000038146973,13.59000015258789,13.460000038146973,13.5,8.799999237060547,20600
2014-01-07,13.520000457763672,13.680000305175781,13.449999809265137,13.569999694824219,8.845625877380371,20700
2014-01-08,13.640000343322754,13.75,13.600000381469727,13.729999542236328,8.949928283691406,20400
2014-01-09,13.789999961853027,13.819999694824219,13.649999618530273,13.670000076293945,8.910809516906738,17700
2014-01-10,13.739999771118164,13.770000457763672,13.710000038146973,13.710000038146973,8.936884880065918,12500
2014-01-13,13.75,13.890000343322754,13.6899995803833,13.75,9.00037956237793,31400
2014-01-14,13.760000228881836,13.8100004196167,13.760000228881836,13.8100004196167,9.039652824401855,11100
2014-01-15,13.760000228881836,13.8100004196167,13.640000343322754,13.640000343322754,8.928375244140625,23200
2014-01-16,13.720000267028809,13.789999961853027,13.670000076293945,13.710000038146973,8.974199295043945,37900
2014-01-17,13.770000457763672,14.0,13.739999771118164,13.930000305175781,9.118203163146973,21500
2014-01-21,13.9399995803833,13.9399995803833,13.829999923706055,13.859999656677246,9.072379112243652,31400
2014-01-22,13.869999885559082,13.90999984741211,13.84000015258789,13.880000114440918,9.085474967956543,13300
2014-01-23,13.930000305175781,14.050000190734863,13.920000076293945,14.039999961853027,9.190208435058594,5600
2014-01-24,13.979999542236328,14.0600004196167,13.970000267028809,14.0,9.164022445678711,11900
2014-01-27,14.020000457763672,14.079999923706055,13.930000305175781,13.930000305175781,9.118203163146973,18700
2014-01-28,13.979999542236328,14.020000457763672,13.930000305175781,14.020000457763672,9.177118301391602,2700
2014-01-29,14.069999694824219,14.09000015258789,14.010000228881836,14.069999694824219,9.209839820861816,5000
2014-01-30,14.130000114440918,14.180000305175781,14.020000457763672,14.130000114440918,9.249116897583008,19100
2014-01-31,14.15999984741211,14.180000305175781,14.100000381469727,14.15999984741211,9.268752098083496,18600
2014-02-03,14.180000305175781,14.25,14.170000076293945,14.170000076293945,9.275299072265625,17400
2014-02-04,14.199999809265137,14.199999809265137,14.09000015258789,14.109999656677246,9.236021995544434,33000
2014-02-05,14.119999885559082,14.140000343322754,14.029999732971191,14.140000343322754,9.255661010742188,3700
2014-02-06,14.149999618530273,14.1899995803833,14.140000343322754,14.180000305175781,9.281844139099121,5100
2014-02-07,14.180000305175781,14.279999732971191,14.180000305175781,14.279999732971191,9.347301483154297,5500
2014-02-10,14.300000190734863,14.350000381469727,14.289999961853027,14.350000381469727,9.393117904663086,3800
2014-02-11,14.359999656677246,14.359999656677246,14.270000457763672,14.279999732971191,9.347301483154297,10200
2014-02-12,14.239999771118164,14.289999961853027,14.199999809265137,14.210000038146973,9.338764190673828,8600
2014-02-13,14.109999656677246,14.1899995803833,14.100000381469727,14.140000343322754,9.292755126953125,9700
2014-02-14,14.130000114440918,14.140000343322754,14.09000015258789,14.09000015258789,9.259891510009766,7900
2014-02-18,14.079999923706055,14.130000114440918,14.010000228881836,14.010000228881836,9.207316398620605,13800
2014-02-19,14.0,14.149999618530273,14.0,14.140000343322754,9.292755126953125,10300
2014-02-20,14.210000038146973,14.25,14.170000076293945,14.25,9.365050315856934,4800
2014-02-21,14.279999732971191,14.279999732971191,14.170000076293945,14.239999771118164,9.358473777770996,9900
2014-02-24,14.170000076293945,14.210000038146973,14.109999656677246,14.180000305175781,9.319042205810547,16700
2014-02-25,14.0600004196167,14.149999618530273,14.039999961853027,14.079999923706055,9.253320693969727,23500
2014-02-26,14.050000190734863,14.109999656677246,14.029999732971191,14.109999656677246,9.273037910461426,18300
2014-02-27,14.039999961853027,14.069999694824219,14.0,14.039999961853027,9.227039337158203,15400
2014-02-28,14.069999694824219,14.069999694824219,13.90999984741211,14.029999732971191,9.22046184539795,37300
2014-03-03,14.079999923706055,14.170000076293945,13.9399995803833,14.020000457763672,9.213897705078125,47600
2014-03-04,14.050000190734863,14.119999885559082,14.039999961853027,14.100000381469727,9.266465187072754,6800
2014-03-05,14.119999885559082,14.119999885559082,14.069999694824219,14.119999885559082,9.279610633850098,11200
2014-03-06,14.15999984741211,14.220000267028809,14.0600004196167,14.180000305175781,9.319042205810547,28900
2014-03-07,14.140000343322754,14.140000343322754,14.029999732971191,14.109999656677246,9.273037910461426,11800
2014-03-10,14.039999961853027,14.180000305175781,14.039999961853027,14.170000076293945,9.312468528747559,18200
2014-03-11,14.210000038146973,14.210000038146973,14.130000114440918,14.1899995803833,9.325613975524902,7200
2014-03-12,14.170000076293945,14.25,14.170000076293945,14.25,9.402819633483887,12300
2014-03-13,14.210000038146973,14.270000457763672,14.210000038146973,14.229999542236328,9.389623641967773,10000
2014-03-14,14.279999732971191,14.279999732971191,14.199999809265137,14.220000267028809,9.383024215698242,30400
2014-03-17,14.220000267028809,14.270000457763672,14.220000267028809,14.239999771118164,9.39621639251709,10700
2014-03-18,14.270000457763672,14.270000457763672,14.229999542236328,14.25,9.402819633483887,11300
2014-03-19,14.279999732971191,14.279999732971191,14.199999809265137,14.210000038146973,9.376423835754395,4200
2014-03-20,14.170000076293945,14.229999542236328,14.149999618530273,14.199999809265137,9.369827270507812,26300
2014-03-21,14.25,14.270000457763672,14.25,14.270000457763672,9.416010856628418,6300
2014-03-24,14.270000457763672,14.319999694824219,14.260000228881836,14.300000190734863,9.435811042785645,16300
2014-03-25,14.300000190734863,14.300000190734863,14.260000228881836,14.300000190734863,9.435811042785645,16100
2014-03-26,14.34000015258789,14.34000015258789,14.300000190734863,14.319999694824219,9.449006080627441,10000
2014-03-27,14.319999694824219,14.34000015258789,14.289999961853027,14.3100004196167,9.442403793334961,3700
2014-03-28,14.34000015258789,14.34000015258789,14.15999984741211,14.199999809265137,9.369827270507812,34700
2014-03-31,14.270000457763672,14.279999732971191,14.239999771118164,14.25,9.402819633483887,6100
2014-04-01,14.300000190734863,14.300000190734863,14.199999809265137,14.210000038146973,9.376423835754395,24800
2014-04-02,14.279999732971191,14.3100004196167,14.210000038146973,14.270000457763672,9.416010856628418,24100
2014-04-03,14.239999771118164,14.329999923706055,14.199999809265137,14.199999809265137,9.369827270507812,35000
2014-04-04,14.289999961853027,14.319999694824219,14.199999809265137,14.199999809265137,9.369827270507812,33500
2014-04-07,14.229999542236328,14.289999961853027,14.09000015258789,14.09000015258789,9.297239303588867,46000
2014-04-08,14.15999984741211,14.15999984741211,14.010000228881836,14.130000114440918,9.323634147644043,40300
2014-04-09,14.15999984741211,14.3100004196167,14.100000381469727,14.3100004196167,9.442403793334961,37600
2014-04-10,14.279999732971191,14.34000015258789,14.220000267028809,14.300000190734863,9.435811042785645,16700
2014-04-11,14.199999809265137,14.399999618530273,14.199999809265137,14.399999618530273,9.539820671081543,30700
2014-04-14,14.399999618530273,14.399999618530273,14.359999656677246,14.359999656677246,9.513322830200195,2600
2014-04-15,14.460000038146973,14.460000038146973,14.420000076293945,14.460000038146973,9.579570770263672,36300
2014-04-16,14.489999771118164,14.489999771118164,14.359999656677246,14.489999771118164,9.599445343017578,6000
2014-04-17,14.489999771118164,14.489999771118164,14.470000267028809,14.489999771118164,9.599445343017578,6000
2014-04-21,14.5,14.5,14.470000267028809,14.5,9.60606575012207,14700
2014-04-22,14.5,14.59000015258789,14.479999542236328,14.579999923706055,9.659067153930664,23600
2014-04-23,14.59000015258789,14.59000015258789,14.539999961853027,14.59000015258789,9.665693283081055,14700
2014-04-24,14.640000343322754,14.649999618530273,14.609999656677246,14.619999885559082,9.68557357788086,4100
2014-04-25,14.640000343322754,14.640000343322754,14.510000228881836,14.600000381469727,9.672318458557129,25300
2014-04-28,14.640000343322754,14.739999771118164,14.579999923706055,14.579999923706055,9.659067153930664,45500
2014-04-29,14.59000015258789,14.59000015258789,14.529999732971191,14.539999961853027,9.632569313049316,6100
2014-04-30,14.59000015258789,14.600000381469727,14.59000015258789,14.600000381469727,9.672318458557129,1500
2014-05-01,14.640000343322754,14.699999809265137,14.640000343322754,14.699999809265137,9.738566398620605,1500
2014-05-02,14.739999771118164,14.739999771118164,14.670000076293945,14.680000305175781,9.72531509399414,7200
2014-05-05,14.739999771118164,14.739999771118164,14.6899995803833,14.699999809265137,9.738566398620605,3100
2014-05-06,14.720000267028809,14.84000015258789,14.720000267028809,14.819999694824219,9.818059921264648,33400
2014-05-07,14.859999656677246,14.949999809265137,14.859999656677246,14.949999809265137,9.90418815612793,20700
2014-05-08,14.979999542236328,14.979999542236328,14.90999984741211,14.920000076293945,9.884313583374023,2500
2014-05-09,14.960000038146973,14.989999771118164,14.890000343322754,14.9399995803833,9.897562980651855,10300
2014-05-12,15.0,15.0,14.899999618530273,14.9399995803833,9.897562980651855,4600
2014-05-13,14.890000343322754,14.949999809265137,14.829999923706055,14.920000076293945,9.922170639038086,17200
2014-05-14,14.970000267028809,14.979999542236328,14.819999694824219,14.829999923706055,9.862319946289062,11000
2014-05-15,14.850000381469727,14.920000076293945,14.850000381469727,14.890000343322754,9.902220726013184,8900
2014-05-16,14.890000343322754,14.920000076293945,14.859999656677246,14.859999656677246,9.882270812988281,6100
2014-05-19,14.90999984741211,14.920000076293945,14.84000015258789,14.869999885559082,9.888916015625,13500
2014-05-20,14.920000076293945,14.920000076293945,14.789999961853027,14.789999961853027,9.835714340209961,11100
2014-05-21,14.859999656677246,14.859999656677246,14.75,14.75,9.80911636352539,12800
2014-05-22,14.800000190734863,14.880000114440918,14.800000190734863,14.869999885559082,9.888916015625,6700
2014-05-23,14.850000381469727,14.850000381469727,14.829999923706055,14.84000015258789,9.868967056274414,6500
2014-05-27,14.880000114440918,14.880000114440918,14.619999885559082,14.619999885559082,9.722662925720215,12100
2014-05-28,14.680000305175781,14.729999542236328,14.5600004196167,14.609999656677246,9.716012001037598,22500
2014-05-29,14.630000114440918,14.710000038146973,14.5600004196167,14.5600004196167,9.682759284973145,13100
2014-05-30,14.479999542236328,14.539999961853027,14.449999809265137,14.449999809265137,9.609606742858887,30500
2014-06-02,14.489999771118164,14.8100004196167,14.489999771118164,14.6899995803833,9.769209861755371,23000
2014-06-03,14.710000038146973,14.869999885559082,14.649999618530273,14.649999618530273,9.74261474609375,51800
2014-06-04,14.649999618530273,14.779999732971191,14.649999618530273,14.699999809265137,9.775862693786621,33100
2014-06-05,14.75,14.789999961853027,14.649999618530273,14.789999961853027,9.835714340209961,9600
2014-06-06,14.760000228881836,14.829999923706055,14.760000228881836,14.829999923706055,9.862319946289062,6200
2014-06-09,14.829999923706055,14.920000076293945,14.800000190734863,14.920000076293945,9.922170639038086,8500
2014-06-10,14.920000076293945,14.920000076293945,14.880000114440918,14.920000076293945,9.922170639038086,7100
2014-06-11,14.920000076293945,14.930000305175781,14.819999694824219,14.850000381469727,9.91348934173584,16000
2014-06-12,14.899999618530273,14.920000076293945,14.699999809265137,14.699999809265137,9.8133544921875,8700
2014-06-13,14.720000267028809,14.720000267028809,14.649999618530273,14.65999984741211,9.786649703979492,5900
2014-06-16,14.720000267028809,14.720000267028809,14.600000381469727,14.600000381469727,9.746597290039062,8000
2014-06-17,14.649999618530273,14.649999618530273,14.579999923706055,14.579999923706055,9.733242988586426,5800
2014-06-18,14.630000114440918,14.789999961853027,14.5600004196167,14.75,9.846733093261719,17000
2014-06-19,14.760000228881836,14.84000015258789,14.760000228881836,14.84000015258789,9.906815528869629,7100
2014-06-20,14.850000381469727,14.850000381469727,14.789999961853027,14.829999923706055,9.900139808654785,5200
2014-06-23,14.859999656677246,14.890000343322754,14.710000038146973,14.8100004196167,9.88679027557373,29400
2014-06-24,14.859999656677246,14.890000343322754,14.84000015258789,14.850000381469727,9.91348934173584,4300
2014-06-25,14.899999618530273,14.9399995803833,14.869999885559082,14.869999885559082,9.926840782165527,5800
2014-06-26,14.899999618530273,14.949999809265137,14.869999885559082,14.880000114440918,9.933516502380371,9200
2014-06-27,14.9399995803833,14.949999809265137,14.880000114440918,14.9399995803833,9.973570823669434,10500
2014-06-30,14.949999809265137,14.949999809265137,14.90999984741211,14.930000305175781,9.966897010803223,4100
2014-07-01,14.949999809265137,14.949999809265137,14.869999885559082,14.890000343322754,9.940193176269531,7400
2014-07-02,14.920000076293945,14.920000076293945,14.789999961853027,14.789999961853027,9.873437881469727,7100
2014-07-03,14.729999542236328,14.75,14.699999809265137,14.75,9.846733093261719,4400
2014-07-07,14.75,14.899999618530273,14.6899995803833,14.899999618530273,9.946866035461426,25300
2014-07-08,14.949999809265137,14.949999809265137,14.859999656677246,14.859999656677246,9.920166015625,6400
2014-07-09,14.930000305175781,14.970000267028809,14.710000038146973,14.8100004196167,9.88679027557373,22900
2014-07-10,14.829999923706055,15.34000015258789,14.829999923706055,15.0,10.013627052307129,78400
2014-07-11,15.15999984741211,15.199999809265137,14.979999542236328,14.979999542236328,10.038421630859375,11300
2014-07-14,15.130000114440918,15.300000190734863,14.979999542236328,15.029999732971191,10.071925163269043,23400
2014-07-15,15.170000076293945,15.1899995803833,14.970000267028809,14.979999542236328,10.038421630859375,11500
2014-07-16,15.0600004196167,15.0600004196167,14.9399995803833,14.949999809265137,10.018316268920898,5700
2014-07-17,15.039999961853027,15.210000038146973,14.90999984741211,14.9399995803833,10.011615753173828,29700
2014-07-18,15.010000228881836,15.09000015258789,15.010000228881836,15.069999694824219,10.098732948303223,8800
2014-07-21,15.100000381469727,15.319999694824219,15.079999923706055,15.319999694824219,10.266263961791992,14100
2014-07-22,15.369999885559082,15.489999771118164,15.369999885559082,15.449999809265137,10.353379249572754,25300
2014-07-23,15.449999809265137,15.449999809265137,15.34000015258789,15.380000114440918,10.306469917297363,16200
2014-07-24,15.390000343322754,15.390000343322754,15.270000457763672,15.34000015258789,10.279662132263184,13300
2014-07-25,15.390000343322754,15.5,15.300000190734863,15.399999618530273,10.319869041442871,16000
2014-07-28,15.449999809265137,15.449999809265137,15.350000381469727,15.369999885559082,10.299768447875977,8300
2014-07-29,15.399999618530273,15.399999618530273,15.34000015258789,15.369999885559082,10.299768447875977,3900
2014-07-30,15.350000381469727,15.390000343322754,15.350000381469727,15.390000343322754,10.313170433044434,6200
2014-07-31,15.350000381469727,15.430000305175781,15.210000038146973,15.430000305175781,10.33996868133545,21100
2014-08-01,15.449999809265137,15.449999809265137,15.380000114440918,15.390000343322754,10.313170433044434,12400
2014-08-04,15.4399995803833,15.4399995803833,15.329999923706055,15.390000343322754,10.313170433044434,4700
2014-08-05,15.369999885559082,15.40999984741211,15.239999771118164,15.390000343322754,10.313170433044434,14100
2014-08-06,15.369999885559082,15.399999618530273,15.369999885559082,15.399999618530273,10.319869041442871,11100
2014-08-07,15.390000343322754,15.399999618530273,15.34000015258789,15.399999618530273,10.319869041442871,9000
2014-08-08,15.380000114440918,15.390000343322754,15.3100004196167,15.319999694824219,10.266263961791992,12800
2014-08-11,15.350000381469727,15.350000381469727,15.319999694824219,15.329999923706055,10.272964477539062,12800
2014-08-12,15.350000381469727,15.350000381469727,15.300000190734863,15.34000015258789,10.279662132263184,8900
2014-08-13,15.34000015258789,15.34000015258789,15.210000038146973,15.210000038146973,10.23056411743164,9500
2014-08-14,15.289999961853027,15.319999694824219,15.1899995803833,15.199999809265137,10.223836898803711,10200
2014-08-15,15.25,15.25,15.199999809265137,15.199999809265137,10.223836898803711,7500
2014-08-18,15.239999771118164,15.239999771118164,15.079999923706055,15.130000114440918,10.17675495147705,14100
2014-08-19,15.199999809265137,15.199999809265137,15.050000190734863,15.149999618530273,10.190205574035645,8400
2014-08-20,15.170000076293945,15.289999961853027,15.15999984741211,15.279999732971191,10.277645111083984,18600
2014-08-21,15.300000190734863,15.380000114440918,15.210000038146973,15.239999771118164,10.25074291229248,12800
2014-08-22,15.260000228881836,15.260000228881836,15.170000076293945,15.170000076293945,10.203658103942871,26500
2014-08-25,15.15999984741211,15.220000267028809,15.130000114440918,15.140000343322754,10.183479309082031,24600
2014-08-26,15.229999542236328,15.390000343322754,15.180000305175781,15.359999656677246,10.331453323364258,21000
2014-08-27,15.399999618530273,15.430000305175781,15.350000381469727,15.40999984741211,10.365087509155273,15500
2014-08-28,15.399999618530273,15.59000015258789,15.399999618530273,15.569999694824219,10.472702980041504,24900
2014-08-29,15.5600004196167,15.59000015258789,15.369999885559082,15.489999771118164,10.418898582458496,16400
2014-09-02,15.520000457763672,15.520000457763672,15.430000305175781,15.470000267028809,10.40544319152832,12700
2014-09-03,15.510000228881836,15.510000228881836,15.4399995803833,15.5,10.425625801086426,11100
2014-09-04,15.5600004196167,15.779999732971191,15.430000305175781,15.6899995803833,10.553422927856445,30000
2014-09-05,15.970000267028809,16.719999313354492,15.569999694824219,15.739999771118164,10.587052345275879,50400
2014-09-08,15.739999771118164,15.869999885559082,15.550000190734863,15.5600004196167,10.465980529785156,9600
2014-09-09,15.550000190734863,16.440000534057617,15.489999771118164,15.729999542236328,10.58032512664795,30200
2014-09-10,15.800000190734863,15.800000190734863,15.649999618530273,15.720000267028809,10.573596000671387,13600
2014-09-11,15.609999656677246,15.819999694824219,15.609999656677246,15.640000343322754,10.558067321777344,12000
2014-09-12,15.6899995803833,15.779999732971191,15.399999618530273,15.399999618530273,10.396053314208984,17100
2014-09-15,15.420000076293945,15.420000076293945,15.25,15.300000190734863,10.328547477722168,10900
2014-09-16,15.239999771118164,15.270000457763672,15.100000381469727,15.100000381469727,10.193538665771484,15800
2014-09-17,15.020000457763672,15.140000343322754,15.020000457763672,15.130000114440918,10.213791847229004,24200
2014-09-18,15.149999618530273,15.149999618530273,15.109999656677246,15.109999656677246,10.200284957885742,5900
2014-09-19,15.170000076293945,15.300000190734863,15.15999984741211,15.289999961853027,10.321797370910645,13600
2014-09-22,15.220000267028809,15.3100004196167,15.220000267028809,15.260000228881836,10.301546096801758,6500
2014-09-23,15.289999961853027,15.300000190734863,15.210000038146973,15.289999961853027,10.321797370910645,16300
2014-09-24,15.319999694824219,15.319999694824219,15.279999732971191,15.279999732971191,10.315045356750488,1100
2014-09-25,15.300000190734863,15.300000190734863,15.210000038146973,15.279999732971191,10.315045356750488,9600
2014-09-26,15.239999771118164,15.279999732971191,15.210000038146973,15.25,10.294797897338867,7300
2014-09-29,15.289999961853027,15.289999961853027,15.25,15.260000228881836,10.301546096801758,4900
2014-09-30,15.25,15.399999618530273,15.229999542236328,15.399999618530273,10.396053314208984,7000
2014-10-01,15.350000381469727,15.479999542236328,15.34000015258789,15.479999542236328,10.450057029724121,9300
2014-10-02,15.510000228881836,15.510000228881836,15.4399995803833,15.5,10.4635648727417,5300
2014-10-03,15.479999542236328,15.5,15.479999542236328,15.479999542236328,10.450057029724121,900
2014-10-06,15.430000305175781,15.489999771118164,15.430000305175781,15.430000305175781,10.416300773620605,6400
2014-10-07,15.449999809265137,15.449999809265137,15.300000190734863,15.369999885559082,10.375804901123047,26300
2014-10-08,15.390000343322754,15.5,15.390000343322754,15.5,10.4635648727417,2600
2014-10-09,15.5,15.520000457763672,15.40999984741211,15.449999809265137,10.429810523986816,9000
2014-10-10,15.430000305175781,15.430000305175781,15.319999694824219,15.359999656677246,10.407448768615723,2800
2014-10-13,15.369999885559082,15.369999885559082,15.369999885559082,15.369999885559082,10.414229393005371,200
2014-10-14,15.359999656677246,15.359999656677246,15.3100004196167,15.359999656677246,10.407448768615723,8700
2014-10-15,15.359999656677246,15.399999618530273,15.319999694824219,15.319999694824219,10.38034725189209,14200
2014-10-16,15.300000190734863,15.380000114440918,15.279999732971191,15.380000114440918,10.421000480651855,7400
2014-10-17,15.3100004196167,15.489999771118164,15.3100004196167,15.489999771118164,10.49553394317627,11200
2014-10-20,15.5,15.510000228881836,15.40999984741211,15.5,10.502312660217285,4500
2014-10-21,15.510000228881836,15.510000228881836,15.380000114440918,15.4399995803833,10.46165943145752,9000
2014-10-22,15.40999984741211,15.5,15.390000343322754,15.5,10.502312660217285,7400
2014-10-23,15.520000457763672,15.550000190734863,15.460000038146973,15.550000190734863,10.536190032958984,1300
2014-10-24,15.619999885559082,15.710000038146973,15.539999961853027,15.710000038146973,10.644600868225098,12000
2014-10-27,15.75,15.75,15.65999984741211,15.65999984741211,10.610723495483398,5000
2014-10-28,15.75,15.779999732971191,15.65999984741211,15.779999732971191,10.692031860351562,5900
2014-10-29,15.890000343322754,15.9399995803833,15.6899995803833,15.90999984741211,10.780110359191895,8800
2014-10-30,15.960000038146973,15.960000038146973,15.819999694824219,15.819999694824219,10.719133377075195,8100
2014-10-31,15.850000381469727,15.949999809265137,15.720000267028809,15.9399995803833,10.800440788269043,3000
2014-11-03,15.770000457763672,15.770000457763672,15.649999618530273,15.699999809265137,10.637825012207031,20700
2014-11-04,15.670000076293945,15.880000114440918,15.670000076293945,15.84000015258789,10.732686042785645,6700
2014-11-05,15.84000015258789,15.84000015258789,15.789999961853027,15.800000190734863,10.705578804016113,4300
2014-11-06,15.729999542236328,16.09000015258789,15.6899995803833,15.960000038146973,10.813992500305176,23900
2014-11-07,15.899999618530273,15.989999771118164,15.859999656677246,15.880000114440918,10.759785652160645,6500
2014-11-10,15.880000114440918,15.899999618530273,15.699999809265137,15.710000038146973,10.644600868225098,19400
2014-11-11,15.630000114440918,15.680000305175781,15.40999984741211,15.460000038146973,10.475207328796387,23900
2014-11-12,15.510000228881836,15.520000457763672,15.359999656677246,15.399999618530273,10.473164558410645,13300
2014-11-13,15.380000114440918,15.399999618530273,15.25,15.300000190734863,10.405159950256348,12000
2014-11-14,15.369999885559082,15.380000114440918,15.260000228881836,15.300000190734863,10.405159950256348,10900
2014-11-17,15.3100004196167,15.4399995803833,15.270000457763672,15.319999694824219,10.41876220703125,25400
2014-11-18,15.260000228881836,15.359999656677246,15.239999771118164,15.359999656677246,10.445960998535156,7700
2014-11-19,15.380000114440918,15.380000114440918,15.300000190734863,15.369999885559082,10.452765464782715,13700
2014-11-20,15.369999885559082,15.390000343322754,15.359999656677246,15.380000114440918,10.459565162658691,2400
2014-11-21,15.489999771118164,15.489999771118164,15.430000305175781,15.470000267028809,10.520772933959961,5500
2014-11-24,15.479999542236328,15.479999542236328,15.319999694824219,15.34000015258789,10.432361602783203,8900
2014-11-25,15.319999694824219,15.430000305175781,15.319999694824219,15.399999618530273,10.473164558410645,4500
2014-11-26,15.449999809265137,15.5,15.430000305175781,15.479999542236328,10.527572631835938,10400
2014-11-28,15.489999771118164,15.489999771118164,15.420000076293945,15.449999809265137,10.507170677185059,3900
2014-12-01,15.460000038146973,15.489999771118164,15.420000076293945,15.470000267028809,10.520772933959961,8800
2014-12-02,15.5,15.640000343322754,15.460000038146973,15.640000343322754,10.636382102966309,33100
2014-12-03,15.630000114440918,15.800000190734863,15.630000114440918,15.789999961853027,10.738396644592285,24400
2014-12-04,15.779999732971191,15.789999961853027,15.670000076293945,15.680000305175781,10.663588523864746,8400
2014-12-05,15.710000038146973,15.739999771118164,15.65999984741211,15.710000038146973,10.683992385864258,5000
2014-12-08,15.649999618530273,15.84000015258789,15.609999656677246,15.779999732971191,10.731593132019043,4700
2014-12-09,15.739999771118164,15.760000228881836,15.720000267028809,15.75,10.711193084716797,5000
2014-12-10,15.75,15.819999694824219,15.75,15.75,10.711193084716797,8800
2014-12-11,15.640000343322754,15.640000343322754,15.529999732971191,15.550000190734863,10.689885139465332,8300
2014-12-12,15.5,15.510000228881836,15.420000076293945,15.420000076293945,10.600508689880371,21600
2014-12-15,15.420000076293945,15.479999542236328,15.380000114440918,15.390000343322754,10.579888343811035,12900
2014-12-16,15.479999542236328,15.479999542236328,15.399999618530273,15.460000038146973,10.628011703491211,2600
2014-12-17,15.430000305175781,15.510000228881836,15.380000114440918,15.380000114440918,10.573018074035645,13300
2014-12-18,15.40999984741211,15.449999809265137,15.380000114440918,15.430000305175781,10.607391357421875,8800
2014-12-19,15.470000267028809,15.510000228881836,15.390000343322754,15.390000343322754,10.579888343811035,4600
2014-12-22,15.420000076293945,15.460000038146973,15.380000114440918,15.420000076293945,10.600508689880371,3700
2014-12-23,15.470000267028809,15.470000267028809,15.399999618530273,15.40999984741211,10.593637466430664,3300
2014-12-24,15.40999984741211,15.40999984741211,15.359999656677246,15.359999656677246,10.55926513671875,2700
2014-12-26,15.399999618530273,15.430000305175781,15.350000381469727,15.350000381469727,10.552391052246094,5400
2014-12-29,15.350000381469727,15.420000076293945,15.270000457763672,15.300000190734863,10.518016815185547,19100
2014-12-30,15.300000190734863,15.380000114440918,15.300000190734863,15.369999885559082,10.566140174865723,4300
2014-12-31,15.4399995803833,15.460000038146973,15.329999923706055,15.4399995803833,10.614264488220215,9300
2015-01-02,15.430000305175781,15.449999809265137,15.420000076293945,15.420000076293945,10.600508689880371,3100
2015-01-05,15.399999618530273,15.520000457763672,15.399999618530273,15.5,10.655506134033203,9200
2015-01-06,15.470000267028809,15.630000114440918,15.470000267028809,15.630000114440918,10.744877815246582,17500
2015-01-07,15.59000015258789,15.649999618530273,15.5,15.600000381469727,10.72425651550293,16700
2015-01-08,15.670000076293945,15.670000076293945,15.569999694824219,15.569999694824219,10.70363712310791,16400
2015-01-09,15.619999885559082,15.619999885559082,15.550000190734863,15.609999656677246,10.731130599975586,9600
2015-01-12,15.569999694824219,15.59000015258789,15.569999694824219,15.579999923706055,10.71051025390625,1700
2015-01-13,15.569999694824219,15.630000114440918,15.569999694824219,15.630000114440918,10.784333229064941,8200
2015-01-14,15.680000305175781,15.729999542236328,15.630000114440918,15.729999542236328,10.853333473205566,6300
2015-01-15,15.739999771118164,15.899999618530273,15.699999809265137,15.899999618530273,10.970620155334473,6400
2015-01-16,15.90999984741211,16.020000457763672,15.550000190734863,15.779999732971191,10.887828826904297,23600
2015-01-20,15.75,15.899999618530273,15.6899995803833,15.84000015258789,10.929226875305176,15500
2015-01-21,15.850000381469727,15.880000114440918,15.850000381469727,15.880000114440918,10.956830024719238,2300
2015-01-22,15.949999809265137,15.960000038146973,15.850000381469727,15.960000038146973,11.012024879455566,10800
2015-01-23,15.930000305175781,16.059999465942383,15.930000305175781,16.040000915527344,11.067221641540527,12500
2015-01-26,16.040000915527344,16.040000915527344,15.930000305175781,15.930000305175781,10.991323471069336,6000
2015-01-27,16.059999465942383,16.1299991607666,15.899999618530273,15.899999618530273,10.970620155334473,13600
2015-01-28,15.9399995803833,15.9399995803833,15.859999656677246,15.899999618530273,10.970620155334473,14600
2015-01-29,15.949999809265137,15.949999809265137,15.75,15.75,10.867128372192383,11400
2015-01-30,15.779999732971191,15.84000015258789,15.729999542236328,15.829999923706055,10.92232894897461,13300
2015-02-02,15.84000015258789,15.890000343322754,15.770000457763672,15.890000343322754,10.963727951049805,7400
2015-02-03,15.850000381469727,15.850000381469727,15.760000228881836,15.779999732971191,10.887828826904297,14400
2015-02-04,15.789999961853027,15.789999961853027,15.699999809265137,15.729999542236328,10.853333473205566,7000
2015-02-05,15.729999542236328,15.84000015258789,15.729999542236328,15.84000015258789,10.929226875305176,12300
2015-02-06,15.789999961853027,15.789999961853027,15.630000114440918,15.630000114440918,10.784333229064941,9500
2015-02-09,15.579999923706055,15.789999961853027,15.539999961853027,15.59000015258789,10.756731033325195,30800
2015-02-10,15.600000381469727,15.649999618530273,15.579999923706055,15.579999923706055,10.749835968017578,7800
2015-02-11,15.600000381469727,15.600000381469727,15.520000457763672,15.539999961853027,10.761610984802246,6400
2015-02-12,15.5,15.5,15.319999694824219,15.319999694824219,10.60925579071045,17200
2015-02-13,15.350000381469727,15.390000343322754,15.300000190734863,15.390000343322754,10.657726287841797,23700
2015-02-17,15.319999694824219,15.380000114440918,15.079999923706055,15.130000114440918,10.477679252624512,27300
2015-02-18,15.100000381469727,15.369999885559082,15.100000381469727,15.279999732971191,10.581551551818848,10200
2015-02-19,15.229999542236328,15.369999885559082,15.149999618530273,15.229999542236328,10.546926498413086,10800
2015-02-20,15.210000038146973,15.300000190734863,15.100000381469727,15.229999542236328,10.546926498413086,16900
2015-02-23,15.239999771118164,15.279999732971191,15.239999771118164,15.279999732971191,10.581551551818848,6600
2015-02-24,15.260000228881836,15.300000190734863,15.170000076293945,15.270000457763672,10.574630737304688,14600
2015-02-25,15.289999961853027,15.319999694824219,15.229999542236328,15.260000228881836,10.567709922790527,23700
2015-02-26,15.260000228881836,15.279999732971191,15.149999618530273,15.1899995803833,10.519227027893066,25800
2015-02-27,15.239999771118164,15.239999771118164,15.180000305175781,15.199999809265137,10.526156425476074,15800
2015-03-02,15.300000190734863,15.300000190734863,15.210000038146973,15.260000228881836,10.567709922790527,10500
2015-03-03,15.3100004196167,15.430000305175781,15.25,15.40999984741211,10.671578407287598,20600
2015-03-04,15.449999809265137,15.470000267028809,15.430000305175781,15.470000267028809,10.713132858276367,6300
2015-03-05,15.520000457763672,15.520000457763672,15.40999984741211,15.460000038146973,10.706206321716309,8200
2015-03-06,15.40999984741211,15.40999984741211,15.3100004196167,15.34000015258789,10.623106002807617,8800
2015-03-09,15.329999923706055,15.34000015258789,15.279999732971191,15.289999961853027,10.588478088378906,7000
2015-03-10,15.329999923706055,15.34000015258789,15.289999961853027,15.3100004196167,10.602334976196289,3700
2015-03-11,15.239999771118164,15.319999694824219,15.239999771118164,15.270000457763672,10.614147186279297,2800
2015-03-12,15.300000190734863,15.319999694824219,15.25,15.319999694824219,10.648900985717773,3600
2015-03-13,15.34000015258789,15.34000015258789,15.25,15.25,10.600245475769043,5500
2015-03-16,15.289999961853027,15.289999961853027,15.25,15.25,10.600245475769043,7100
2015-03-17,15.25,15.300000190734863,15.229999542236328,15.300000190734863,10.635000228881836,4300
2015-03-18,15.279999732971191,15.399999618530273,15.220000267028809,15.399999618530273,10.704507827758789,4200
2015-03-19,15.4399995803833,15.4399995803833,15.220000267028809,15.220000267028809,10.57939338684082,8300
2015-03-20,15.239999771118164,15.430000305175781,15.239999771118164,15.279999732971191,10.621101379394531,7800
2015-03-23,15.350000381469727,15.479999542236328,15.34000015258789,15.420000076293945,10.718414306640625,4500
2015-03-24,15.369999885559082,15.520000457763672,15.359999656677246,15.5,10.774017333984375,5700
2015-03-25,15.529999732971191,15.529999732971191,15.4399995803833,15.479999542236328,10.760114669799805,3500
2015-03-26,15.420000076293945,15.420000076293945,15.270000457763672,15.279999732971191,10.621101379394531,4200
2015-03-27,15.369999885559082,15.4399995803833,15.34000015258789,15.399999618530273,10.704507827758789,1600
2015-03-30,15.34000015258789,15.359999656677246,15.300000190734863,15.3100004196167,10.641950607299805,3400
2015-03-31,15.300000190734863,15.399999618530273,15.300000190734863,15.399999618530273,10.704507827758789,6000
2015-04-01,15.4399995803833,15.5600004196167,15.399999618530273,15.5600004196167,10.815725326538086,14400
2015-04-02,15.40999984741211,15.420000076293945,15.300000190734863,15.40999984741211,10.711461067199707,27800
2015-04-06,15.470000267028809,15.470000267028809,15.319999694824219,15.350000381469727,10.669751167297363,5300
2015-04-07,15.40999984741211,15.4399995803833,15.329999923706055,15.399999618530273,10.704507827758789,3200
2015-04-08,15.4399995803833,15.5,15.399999618530273,15.449999809265137,10.739269256591797,18300
2015-04-09,15.40999984741211,15.479999542236328,15.40999984741211,15.479999542236328,10.760114669799805,3500
2015-04-10,15.539999961853027,15.539999961853027,15.420000076293945,15.449999809265137,10.739269256591797,5800
2015-04-13,15.430000305175781,15.460000038146973,15.34000015258789,15.420000076293945,10.758102416992188,8400
2015-04-14,15.350000381469727,15.430000305175781,15.3100004196167,15.319999694824219,10.688334465026855,35600
2015-04-15,15.380000114440918,15.380000114440918,15.3100004196167,15.359999656677246,10.7162446975708,6400
2015-04-16,15.300000190734863,15.359999656677246,15.300000190734863,15.359999656677246,10.7162446975708,4900
2015-04-17,15.380000114440918,15.380000114440918,15.380000114440918,15.380000114440918,10.73019790649414,2600
2015-04-20,15.40999984741211,15.579999923706055,15.34000015258789,15.579999923706055,10.869735717773438,21900
2015-04-21,15.579999923706055,15.59000015258789,15.539999961853027,15.550000190734863,10.848794937133789,8400
2015-04-22,15.569999694824219,15.649999618530273,15.5600004196167,15.640000343322754,10.911589622497559,11800
2015-04-23,15.649999618530273,15.729999542236328,15.649999618530273,15.680000305175781,10.939496994018555,10700
2015-04-24,15.710000038146973,15.710000038146973,15.609999656677246,15.619999885559082,10.897635459899902,13000
2015-04-27,15.720000267028809,15.729999542236328,15.579999923706055,15.59000015258789,10.876701354980469,6400
2015-04-28,15.640000343322754,15.6899995803833,15.550000190734863,15.579999923706055,10.869735717773438,15200
2015-04-29,15.630000114440918,15.640000343322754,15.529999732971191,15.630000114440918,10.904613494873047,11900
2015-04-30,15.550000190734863,15.5600004196167,15.369999885559082,15.4399995803833,10.772055625915527,13800
2015-05-01,15.550000190734863,15.550000190734863,15.449999809265137,15.460000038146973,10.786012649536133,18600
2015-05-04,15.420000076293945,15.460000038146973,15.420000076293945,15.430000305175781,10.765077590942383,6100
2015-05-05,15.5,15.5,15.399999618530273,15.399999618530273,10.744144439697266,5600
2015-05-06,15.399999618530273,15.399999618530273,15.239999771118164,15.289999961853027,10.667404174804688,7300
2015-05-07,15.34000015258789,15.40999984741211,15.220000267028809,15.399999618530273,10.744144439697266,12400
2015-05-08,15.319999694824219,15.420000076293945,15.319999694824219,15.420000076293945,10.758102416992188,8300
2015-05-11,15.350000381469727,15.390000343322754,15.350000381469727,15.390000343322754,10.73717212677002,1300
2015-05-12,15.430000305175781,15.600000381469727,15.350000381469727,15.59000015258789,10.876701354980469,11600
2015-05-13,15.619999885559082,15.859999656677246,15.579999923706055,15.600000381469727,10.923620223999023,13200
2015-05-14,15.550000190734863,15.59000015258789,15.489999771118164,15.489999771118164,10.84659481048584,2600
2015-05-15,15.59000015258789,15.710000038146973,15.579999923706055,15.710000038146973,11.000648498535156,4000
2015-05-18,15.649999618530273,15.739999771118164,15.600000381469727,15.720000267028809,11.007650375366211,12500
2015-05-19,15.739999771118164,15.770000457763672,15.520000457763672,15.609999656677246,10.930620193481445,13300
2015-05-20,15.649999618530273,15.649999618530273,15.520000457763672,15.5600004196167,10.895613670349121,4900
2015-05-21,15.59000015258789,15.770000457763672,15.520000457763672,15.569999694824219,10.90261173248291,6000
2015-05-22,15.600000381469727,15.600000381469727,15.550000190734863,15.569999694824219,10.90261173248291,1800
2015-05-26,15.550000190734863,15.59000015258789,15.449999809265137,15.550000190734863,10.88861083984375,5700
2015-05-27,15.6899995803833,15.729999542236328,15.40999984741211,15.420000076293945,10.797576904296875,18500
2015-05-28,15.5,15.579999923706055,15.380000114440918,15.390000343322754,10.776572227478027,15900
2015-05-29,15.369999885559082,15.59000015258789,15.180000305175781,15.380000114440918,10.769573211669922,31400
2015-06-01,15.319999694824219,15.489999771118164,15.319999694824219,15.460000038146973,10.82558822631836,6000
2015-06-02,15.359999656677246,15.430000305175781,15.239999771118164,15.350000381469727,10.748562812805176,6600
2015-06-03,15.369999885559082,15.420000076293945,15.329999923706055,15.359999656677246,10.755566596984863,11400
2015-06-04,15.329999923706055,15.470000267028809,15.3100004196167,15.460000038146973,10.82558822631836,8300
2015-06-05,15.350000381469727,15.350000381469727,15.260000228881836,15.270000457763672,10.692545890808105,4200
2015-06-08,15.289999961853027,15.289999961853027,15.220000267028809,15.279999732971191,10.699548721313477,11000
2015-06-09,15.25,15.25,15.220000267028809,15.220000267028809,10.657535552978516,300
2015-06-10,15.220000267028809,15.399999618530273,15.220000267028809,15.260000228881836,10.685543060302734,5400
2015-06-11,15.239999771118164,15.369999885559082,15.180000305175781,15.25,10.717169761657715,8800
2015-06-12,15.3100004196167,15.3100004196167,15.180000305175781,15.229999542236328,10.703112602233887,7100
2015-06-15,15.210000038146973,15.229999542236328,15.199999809265137,15.199999809265137,10.682029724121094,2300
2015-06-16,15.149999618530273,15.1899995803833,15.100000381469727,15.119999885559082,10.62580680847168,15600
2015-06-17,15.170000076293945,15.199999809265137,15.100000381469727,15.109999656677246,10.618783950805664,9000
2015-06-18,15.100000381469727,15.199999809265137,15.079999923706055,15.079999923706055,10.597695350646973,3700
2015-06-19,15.140000343322754,15.140000343322754,15.079999923706055,15.130000114440918,10.632833480834961,4500
2015-06-22,15.09000015258789,15.180000305175781,15.09000015258789,15.109999656677246,10.618783950805664,1500
2015-06-23,15.15999984741211,15.15999984741211,15.010000228881836,15.039999961853027,10.569589614868164,19700
2015-06-24,15.0600004196167,15.0600004196167,14.949999809265137,15.0,10.541472434997559,20600
2015-06-25,14.949999809265137,15.050000190734863,14.859999656677246,14.859999656677246,10.443085670471191,8200
2015-06-26,14.90999984741211,15.039999961853027,14.859999656677246,14.859999656677246,10.443085670471191,8700
2015-06-29,14.880000114440918,14.970000267028809,14.449999809265137,14.470000267028809,10.169010162353516,35000
2015-06-30,14.4399995803833,14.789999961853027,14.119999885559082,14.789999961853027,10.393889427185059,43800
2015-07-01,14.779999732971191,14.779999732971191,14.579999923706055,14.630000114440918,10.281454086303711,6500
2015-07-02,14.65999984741211,14.65999984741211,14.600000381469727,14.640000343322754,10.288483619689941,3300
2015-07-06,14.65999984741211,14.890000343322754,14.550000190734863,14.770000457763672,10.379842758178711,24700
2015-07-07,14.8100004196167,14.890000343322754,14.670000076293945,14.779999732971191,10.38686466217041,17600
2015-07-08,14.760000228881836,14.899999618530273,14.680000305175781,14.880000114440918,10.457139015197754,5600
2015-07-09,14.880000114440918,14.880000114440918,14.800000190734863,14.8100004196167,10.407951354980469,2700
2015-07-10,14.800000190734863,14.979999542236328,14.729999542236328,14.920000076293945,10.485255241394043,15600
2015-07-13,14.850000381469727,14.930000305175781,14.680000305175781,14.819999694824219,10.453516960144043,6700
2015-07-14,14.850000381469727,15.029999732971191,14.850000381469727,15.020000457763672,10.594586372375488,7800
2015-07-15,15.0,15.029999732971191,14.920000076293945,15.029999732971191,10.601635932922363,7800
2015-07-16,15.029999732971191,15.029999732971191,14.890000343322754,14.989999771118164,10.573427200317383,4200
2015-07-17,15.020000457763672,15.020000457763672,14.90999984741211,15.010000228881836,10.587532043457031,900
2015-07-20,15.010000228881836,15.010000228881836,14.880000114440918,14.989999771118164,10.573427200317383,2500
2015-07-21,14.90999984741211,14.90999984741211,14.84000015258789,14.869999885559082,10.48878002166748,1800
2015-07-22,14.899999618530273,14.920000076293945,14.859999656677246,14.90999984741211,10.516995429992676,2100
2015-07-23,14.960000038146973,14.960000038146973,14.880000114440918,14.930000305175781,10.531105041503906,9200
2015-07-24,14.890000343322754,14.890000343322754,14.890000343322754,14.890000343322754,10.50288200378418,600
2015-07-27,14.859999656677246,14.979999542236328,14.850000381469727,14.899999618530273,10.509946823120117,3100
2015-07-28,14.84000015258789,14.850000381469727,14.829999923706055,14.829999923706055,10.460564613342285,800
2015-07-29,14.899999618530273,14.930000305175781,14.869999885559082,14.930000305175781,10.531105041503906,2300
2015-07-30,14.899999618530273,15.0600004196167,14.899999618530273,15.039999961853027,10.608695030212402,10000
2015-07-31,15.079999923706055,15.119999885559082,15.029999732971191,15.119999885559082,10.665122032165527,3200
2015-08-03,15.130000114440918,15.130000114440918,15.010000228881836,15.100000381469727,10.651013374328613,7400
2015-08-04,15.029999732971191,15.130000114440918,14.979999542236328,15.109999656677246,10.658068656921387,4200
2015-08-05,15.149999618530273,15.149999618530273,15.0,15.109999656677246,10.658068656921387,8000
2015-08-06,15.109999656677246,15.109999656677246,15.050000190734863,15.09000015258789,10.643962860107422,4000
2015-08-07,15.050000190734863,15.050000190734863,15.020000457763672,15.020000457763672,10.594586372375488,800
2015-08-10,15.039999961853027,15.09000015258789,14.979999542236328,15.09000015258789,10.643962860107422,11300
2015-08-11,15.069999694824219,15.1899995803833,15.069999694824219,15.149999618530273,10.686285018920898,4200
2015-08-12,15.0,15.1899995803833,15.0,15.180000305175781,10.746455192565918,14300
2015-08-13,15.180000305175781,15.34000015258789,15.180000305175781,15.34000015258789,10.85972785949707,19500
2015-08-14,15.1899995803833,15.1899995803833,15.140000343322754,15.149999618530273,10.7252197265625,8800
2015-08-17,15.229999542236328,15.270000457763672,15.229999542236328,15.229999542236328,10.781853675842285,3800
2015-08-18,15.260000228881836,15.260000228881836,15.210000038146973,15.210000038146973,10.767695426940918,1600
2015-08-19,15.220000267028809,15.25,15.199999809265137,15.25,10.796010971069336,2100
2015-08-20,15.0600004196167,15.229999542236328,15.0600004196167,15.119999885559082,10.703980445861816,7800
2015-08-21,15.180000305175781,15.229999542236328,15.100000381469727,15.220000267028809,10.7747802734375,3500
2015-08-24,15.15999984741211,15.15999984741211,14.800000190734863,14.800000190734863,10.477439880371094,8400
2015-08-25,15.010000228881836,15.020000457763672,14.75,14.75,10.442047119140625,16200
2015-08-26,14.800000190734863,14.979999542236328,14.640000343322754,14.649999618530273,10.371254920959473,14100
2015-08-27,14.720000267028809,14.960000038146973,14.649999618530273,14.710000038146973,10.413727760314941,29300
2015-08-28,14.600000381469727,14.729999542236328,14.550000190734863,14.729999542236328,10.427886962890625,8700
2015-08-31,14.739999771118164,14.84000015258789,14.739999771118164,14.84000015258789,10.505760192871094,14200
2015-09-01,14.880000114440918,14.930000305175781,14.789999961853027,14.930000305175781,10.569475173950195,13500
2015-09-02,14.949999809265137,15.100000381469727,14.930000305175781,15.069999694824219,10.66858196258545,4400
2015-09-03,15.020000457763672,15.119999885559082,15.020000457763672,15.100000381469727,10.689825057983398,4900
2015-09-04,15.130000114440918,15.130000114440918,14.989999771118164,15.0,10.619029998779297,6400
2015-09-08,15.0,15.0,14.920000076293945,14.920000076293945,10.562394142150879,4400
2015-09-09,15.0,15.020000457763672,14.880000114440918,14.880000114440918,10.534071922302246,8500
2015-09-10,14.920000076293945,15.119999885559082,14.899999618530273,15.109999656677246,10.6968994140625,6800
2015-09-11,15.069999694824219,15.069999694824219,15.0,15.0,10.657822608947754,4500
2015-09-14,15.0600004196167,15.0600004196167,15.0,15.020000457763672,10.672035217285156,4300
2015-09-15,14.979999542236328,14.979999542236328,14.90999984741211,14.920000076293945,10.600981712341309,1700
2015-09-16,14.9399995803833,15.010000228881836,14.789999961853027,14.890000343322754,10.57966423034668,7200
2015-09-17,14.819999694824219,14.9399995803833,14.819999694824219,14.880000114440918,10.572555541992188,3500
2015-09-18,14.899999618530273,14.920000076293945,14.760000228881836,14.8100004196167,10.522826194763184,11900
2015-09-21,14.880000114440918,14.9399995803833,14.720000267028809,14.850000381469727,10.551248550415039,2500
2015-09-22,14.890000343322754,15.0600004196167,14.890000343322754,14.970000267028809,10.63650894165039,8600
2015-09-23,15.050000190734863,15.050000190734863,15.010000228881836,15.029999732971191,10.679139137268066,4600
2015-09-24,14.960000038146973,15.050000190734863,14.920000076293945,14.930000305175781,10.608087539672852,2000
2015-09-25,14.960000038146973,15.050000190734863,14.960000038146973,15.050000190734863,10.693349838256836,4100
2015-09-28,14.920000076293945,15.050000190734863,14.920000076293945,15.029999732971191,10.679139137268066,8700
2015-09-29,15.050000190734863,15.199999809265137,15.050000190734863,15.079999923706055,10.714665412902832,10100
2015-09-30,15.149999618530273,15.199999809265137,15.09000015258789,15.199999809265137,10.799925804138184,3700
2015-10-01,15.199999809265137,15.199999809265137,15.079999923706055,15.199999809265137,10.799925804138184,12900
2015-10-02,15.210000038146973,15.300000190734863,15.210000038146973,15.289999961853027,10.863877296447754,8000
2015-10-05,15.229999542236328,15.350000381469727,15.229999542236328,15.350000381469727,10.906499862670898,8500
2015-10-06,15.289999961853027,15.329999923706055,15.289999961853027,15.329999923706055,10.892298698425293,800
2015-10-07,15.380000114440918,15.449999809265137,15.329999923706055,15.449999809265137,10.977559089660645,5100
2015-10-08,15.380000114440918,15.539999961853027,15.270000457763672,15.470000267028809,10.991771697998047,7100
2015-10-09,15.449999809265137,15.489999771118164,15.449999809265137,15.489999771118164,11.005974769592285,4800
2015-10-12,15.5600004196167,15.789999961853027,15.5600004196167,15.710000038146973,11.1622953414917,5400
2015-10-13,15.989999771118164,15.989999771118164,15.380000114440918,15.670000076293945,11.172988891601562,11900
2015-10-14,15.739999771118164,15.739999771118164,15.649999618530273,15.65999984741211,11.165860176086426,5500
2015-10-15,15.65999984741211,15.65999984741211,15.569999694824219,15.600000381469727,11.123079299926758,4100
2015-10-16,15.600000381469727,15.600000381469727,15.529999732971191,15.539999961853027,11.08029842376709,6900
2015-10-19,15.59000015258789,15.59000015258789,15.399999618530273,15.40999984741211,10.987600326538086,2700
2015-10-20,15.380000114440918,15.5,15.319999694824219,15.319999694824219,10.923432350158691,5400
2015-10-21,15.350000381469727,15.449999809265137,15.229999542236328,15.270000457763672,10.887778282165527,5800
2015-10-22,15.350000381469727,15.460000038146973,15.279999732971191,15.350000381469727,10.944825172424316,12700
2015-10-23,15.430000305175781,15.4399995803833,15.350000381469727,15.350000381469727,10.944825172424316,13000
2015-10-26,15.350000381469727,15.489999771118164,15.350000381469727,15.390000343322754,10.973343849182129,7600
2015-10-27,15.350000381469727,15.609999656677246,15.350000381469727,15.380000114440918,10.966216087341309,12400
2015-10-28,15.449999809265137,15.649999618530273,15.399999618530273,15.619999885559082,11.137335777282715,5600
2015-10-29,15.649999618530273,15.6899995803833,15.59000015258789,15.609999656677246,11.130205154418945,8200
2015-10-30,15.579999923706055,15.710000038146973,15.529999732971191,15.710000038146973,11.201512336730957,6400
2015-11-02,15.800000190734863,15.9399995803833,15.710000038146973,15.850000381469727,11.30133056640625,17600
2015-11-03,15.859999656677246,15.859999656677246,15.710000038146973,15.779999732971191,11.251423835754395,5800
2015-11-04,15.859999656677246,15.859999656677246,15.399999618530273,15.430000305175781,11.001862525939941,14700
2015-11-05,16.0,16.0,15.449999809265137,15.449999809265137,11.016124725341797,7900
2015-11-06,15.8100004196167,15.8100004196167,15.319999694824219,15.369999885559082,10.95908260345459,8400
2015-11-09,15.289999961853027,15.479999542236328,15.119999885559082,15.289999961853027,10.902043342590332,15300
2015-11-10,15.300000190734863,15.460000038146973,15.239999771118164,15.279999732971191,10.934245109558105,6100
2015-11-11,15.359999656677246,15.420000076293945,15.329999923706055,15.34000015258789,10.977180480957031,4700
2015-11-12,15.350000381469727,15.449999809265137,15.350000381469727,15.369999885559082,10.99864673614502,5700
2015-11-13,15.319999694824219,15.390000343322754,15.3100004196167,15.319999694824219,10.962869644165039,5000
2015-11-16,15.420000076293945,15.420000076293945,15.380000114440918,15.380000114440918,11.005806922912598,6500
2015-11-17,15.260000228881836,15.300000190734863,15.25,15.25,10.912775993347168,10600
2015-11-18,15.25,15.329999923706055,15.25,15.329999923706055,10.970020294189453,1600
2015-11-19,15.319999694824219,15.460000038146973,15.3100004196167,15.3100004196167,10.955713272094727,9100
2015-11-20,15.390000343322754,15.399999618530273,15.390000343322754,15.399999618530273,11.020113945007324,3200
2015-11-23,15.4399995803833,15.4399995803833,15.390000343322754,15.420000076293945,11.03442668914795,3600
2015-11-24,15.449999809265137,15.460000038146973,15.40999984741211,15.420000076293945,11.03442668914795,5300
2015-11-25,15.479999542236328,15.510000228881836,15.479999542236328,15.479999542236328,11.077367782592773,2600
2015-11-27,15.529999732971191,15.529999732971191,15.529999732971191,15.529999732971191,11.113141059875488,400
2015-11-30,15.470000267028809,15.470000267028809,15.3100004196167,15.380000114440918,11.005806922912598,8400
2015-12-01,15.4399995803833,15.4399995803833,15.229999542236328,15.399999618530273,11.020113945007324,7600
2015-12-02,15.4399995803833,15.5,15.25,15.4399995803833,11.048742294311523,27400
2015-12-03,15.420000076293945,15.489999771118164,15.130000114440918,15.210000038146973,10.884151458740234,4900
2015-12-04,15.25,15.5,15.130000114440918,15.489999771118164,11.084519386291504,10500
2015-12-07,15.510000228881836,15.539999961853027,15.1899995803833,15.539999961853027,11.120298385620117,7900
2015-12-08,15.430000305175781,15.430000305175781,15.220000267028809,15.279999732971191,10.934245109558105,7900
2015-12-09,15.239999771118164,15.399999618530273,15.199999809265137,15.260000228881836,10.919934272766113,9000
2015-12-10,15.319999694824219,15.460000038146973,15.319999694824219,15.449999809265137,11.055891990661621,5500
2015-12-11,15.430000305175781,15.619999885559082,15.430000305175781,15.460000038146973,11.11340618133545,4700
2015-12-14,15.449999809265137,15.59000015258789,15.319999694824219,15.520000457763672,11.156537055969238,11800
2015-12-15,15.510000228881836,15.520000457763672,15.289999961853027,15.3100004196167,11.005576133728027,3700
2015-12-16,15.390000343322754,15.6899995803833,15.239999771118164,15.6899995803833,11.278738021850586,14500
2015-12-17,15.5600004196167,15.84000015258789,15.460000038146973,15.84000015258789,11.386568069458008,6400
2015-12-18,15.819999694824219,15.880000114440918,15.489999771118164,15.880000114440918,11.41532039642334,6500
2015-12-21,15.880000114440918,15.880000114440918,15.479999542236328,15.649999618530273,11.249982833862305,14600
2015-12-22,15.630000114440918,15.720000267028809,15.520000457763672,15.6899995803833,11.278738021850586,9500
2015-12-23,15.739999771118164,15.739999771118164,15.609999656677246,15.720000267028809,11.300305366516113,2500
2015-12-24,15.6899995803833,15.760000228881836,15.680000305175781,15.760000228881836,11.329058647155762,6000
2015-12-28,15.760000228881836,15.760000228881836,15.680000305175781,15.720000267028809,11.300305366516113,9100
2015-12-29,15.6899995803833,15.710000038146973,15.649999618530273,15.649999618530273,11.249982833862305,5300
2015-12-30,15.640000343322754,15.760000228881836,15.640000343322754,15.720000267028809,11.300305366516113,7600
2015-12-31,15.729999542236328,15.779999732971191,15.630000114440918,15.630000114440918,11.235607147216797,3900
2016-01-04,15.619999885559082,15.65999984741211,15.510000228881836,15.520000457763672,11.156537055969238,26500
2016-01-05,15.489999771118164,15.59000015258789,15.470000267028809,15.550000190734863,11.178095817565918,33400
2016-01-06,15.539999961853027,15.569999694824219,15.539999961853027,15.569999694824219,11.192476272583008,15900
2016-01-07,15.5600004196167,15.630000114440918,15.369999885559082,15.399999618530273,11.070272445678711,72100
2016-01-08,15.460000038146973,15.489999771118164,15.430000305175781,15.489999771118164,11.134967803955078,14300
2016-01-11,15.40999984741211,15.460000038146973,15.40999984741211,15.420000076293945,11.084648132324219,3900
2016-01-12,15.460000038146973,15.520000457763672,15.399999618530273,15.520000457763672,11.156537055969238,18700
2016-01-13,15.399999618530273,15.470000267028809,15.399999618530273,15.399999618530273,11.108203887939453,10000
2016-01-14,15.289999961853027,15.359999656677246,15.260000228881836,15.34000015258789,11.064927101135254,21400
2016-01-15,15.329999923706055,15.40999984741211,15.300000190734863,15.380000114440918,11.093781471252441,9500
2016-01-19,15.40999984741211,15.430000305175781,15.260000228881836,15.260000228881836,11.007223129272461,21100
2016-01-20,15.220000267028809,15.260000228881836,15.140000343322754,15.25,11.000008583068848,26800
2016-01-21,15.270000457763672,15.279999732971191,15.100000381469727,15.270000457763672,11.014432907104492,12400
2016-01-22,15.3100004196167,15.380000114440918,15.25,15.3100004196167,11.043288230895996,10900
2016-01-25,15.279999732971191,15.329999923706055,15.239999771118164,15.270000457763672,11.014432907104492,7200
2016-01-26,15.260000228881836,15.279999732971191,15.1899995803833,15.239999771118164,10.992795944213867,9200
2016-01-27,15.229999542236328,15.279999732971191,15.220000267028809,15.229999542236328,10.985578536987305,11400
2016-01-28,15.300000190734863,15.520000457763672,15.270000457763672,15.420000076293945,11.122634887695312,30200
2016-01-29,15.460000038146973,15.550000190734863,15.430000305175781,15.550000190734863,11.216401100158691,14600
2016-02-01,15.529999732971191,15.529999732971191,15.369999885559082,15.390000343322754,11.100992202758789,12300
2016-02-02,15.350000381469727,15.5,15.350000381469727,15.5,11.18033504486084,9700
2016-02-03,15.59000015258789,15.710000038146973,15.569999694824219,15.699999809265137,11.324599266052246,16500
2016-02-04,15.739999771118164,15.770000457763672,15.65999984741211,15.770000457763672,11.375092506408691,9400
2016-02-05,15.779999732971191,15.789999961853027,15.649999618530273,15.789999961853027,11.389514923095703,6800
2016-02-08,15.8100004196167,15.930000305175781,15.6899995803833,15.899999618530273,11.468865394592285,13200
2016-02-09,15.829999923706055,15.920000076293945,15.789999961853027,15.789999961853027,11.389514923095703,9300
2016-02-10,15.760000228881836,15.970000267028809,15.760000228881836,15.8100004196167,11.442350387573242,18900
2016-02-11,15.930000305175781,16.010000228881836,15.850000381469727,15.920000076293945,11.52195930480957,10900
2016-02-12,16.020000457763672,16.020000457763672,15.84000015258789,15.9399995803833,11.536437034606934,8900
2016-02-16,15.9399995803833,16.600000381469727,15.760000228881836,16.540000915527344,11.970678329467773,24700
2016-02-17,16.3799991607666,16.3799991607666,16.100000381469727,16.209999084472656,11.731843948364258,16400
2016-02-18,16.079999923706055,16.1200008392334,15.84000015258789,15.84000015258789,11.464062690734863,11800
2016-02-19,15.8100004196167,15.899999618530273,15.8100004196167,15.890000343322754,11.500252723693848,3300
2016-02-22,15.90999984741211,15.920000076293945,15.829999923706055,15.869999885559082,11.485774993896484,6400
2016-02-23,15.890000343322754,15.890000343322754,15.850000381469727,15.850000381469727,11.471302032470703,3900
2016-02-24,15.859999656677246,16.010000228881836,15.859999656677246,15.920000076293945,11.52195930480957,17400
2016-02-25,15.90999984741211,16.06999969482422,15.90999984741211,16.06999969482422,11.630522727966309,8300
2016-02-26,16.040000915527344,16.200000762939453,16.020000457763672,16.200000762939453,11.72461223602295,6800
2016-02-29,16.239999771118164,16.239999771118164,15.930000305175781,16.09000015258789,11.644997596740723,13100
2016-03-01,16.239999771118164,16.290000915527344,16.1299991607666,16.25,11.760794639587402,7100
2016-03-02,16.260000228881836,16.799999237060547,16.139999389648438,16.799999237060547,12.158855438232422,5600
2016-03-03,17.0,17.549999237060547,16.65999984741211,17.0,12.303606986999512,24100
2016-03-04,16.8799991607666,17.149999618530273,16.260000228881836,16.389999389648438,11.862115859985352,16300
2016-03-07,16.290000915527344,16.549999237060547,15.880000114440918,15.930000305175781,11.52919864654541,17000
2016-03-08,15.920000076293945,15.9399995803833,15.869999885559082,15.869999885559082,11.485774993896484,6000
2016-03-09,15.970000267028809,17.049999237060547,15.850000381469727,15.890000343322754,11.500252723693848,19600
2016-03-10,15.979999542236328,16.170000076293945,15.859999656677246,15.930000305175781,11.52919864654541,11200
2016-03-11,16.270000457763672,16.270000457763672,15.789999961853027,15.829999923706055,11.49506950378418,5500
2016-03-14,15.979999542236328,15.979999542236328,15.789999961853027,15.800000190734863,11.473286628723145,7000
2016-03-15,15.800000190734863,15.890000343322754,15.710000038146973,15.819999694824219,11.48780632019043,10300
2016-03-16,15.720000267028809,15.829999923706055,15.720000267028809,15.770000457763672,11.45150375366211,4100
2016-03-17,15.90999984741211,15.90999984741211,15.680000305175781,15.760000228881836,11.444239616394043,4900
2016-03-18,15.779999732971191,15.880000114440918,15.699999809265137,15.770000457763672,11.45150375366211,5200
2016-03-21,15.880000114440918,15.890000343322754,15.770000457763672,15.789999961853027,11.466022491455078,4800
2016-03-22,15.6899995803833,15.899999618530273,15.6899995803833,15.899999618530273,11.545905113220215,7300
2016-03-23,15.899999618530273,16.31999969482422,15.869999885559082,15.949999809265137,11.582210540771484,11000
2016-03-24,16.139999389648438,16.25,15.989999771118164,15.989999771118164,11.611251831054688,5000
2016-03-28,16.260000228881836,16.260000228881836,15.949999809265137,16.030000686645508,11.640301704406738,9200
2016-03-29,16.700000762939453,16.700000762939453,16.010000228881836,16.1299991607666,11.712921142578125,7800
2016-03-30,16.1200008392334,16.34000015258789,16.1200008392334,16.34000015258789,11.865412712097168,4100
2016-03-31,16.520000457763672,16.709999084472656,16.079999923706055,16.700000762939453,12.126826286315918,15300
2016-04-01,17.0,17.0,16.549999237060547,16.700000762939453,12.126826286315918,5800
2016-04-04,16.700000762939453,16.700000762939453,16.549999237060547,16.549999237060547,12.01789665222168,4600
2016-04-05,16.690000534057617,16.690000534057617,16.549999237060547,16.549999237060547,12.01789665222168,2200
2016-04-06,16.5,16.700000762939453,16.5,16.649999618530273,12.09051513671875,7900
2016-04-07,16.5,16.700000762939453,16.5,16.700000762939453,12.126826286315918,12300
2016-04-08,16.649999618530273,16.649999618530273,16.34000015258789,16.399999618530273,11.908981323242188,10500
2016-04-11,16.459999084472656,16.59000015258789,16.389999389648438,16.389999389648438,11.901717185974121,2200
2016-04-12,16.3700008392334,16.540000915527344,16.350000381469727,16.3799991607666,11.89445686340332,11000
2016-04-13,16.25,16.450000762939453,16.100000381469727,16.18000030517578,11.78736686706543,16600
2016-04-14,16.139999389648438,16.229999542236328,16.100000381469727,16.100000381469727,11.729082107543945,9300
2016-04-15,16.270000457763672,16.270000457763672,16.040000915527344,16.09000015258789,11.721800804138184,4800
2016-04-18,16.149999618530273,16.43000030517578,16.1200008392334,16.43000030517578,11.96949577331543,7000
2016-04-19,16.049999237060547,16.239999771118164,15.850000381469727,15.90999984741211,11.59066390991211,31100
2016-04-20,15.989999771118164,16.31999969482422,15.989999771118164,16.239999771118164,11.831079483032227,8100
2016-04-21,16.3700008392334,16.3700008392334,16.110000610351562,16.110000610351562,11.736368179321289,4100
2016-04-22,16.25,16.25,16.059999465942383,16.059999465942383,11.69994068145752,10500
2016-04-25,16.059999465942383,16.100000381469727,15.960000038146973,16.049999237060547,11.692658424377441,11500
2016-04-26,16.049999237060547,16.139999389648438,16.049999237060547,16.06999969482422,11.707231521606445,12700
2016-04-27,16.209999084472656,16.31999969482422,16.079999923706055,16.079999923706055,11.714515686035156,3300
2016-04-28,16.06999969482422,16.110000610351562,16.049999237060547,16.049999237060547,11.692658424377441,5800
2016-04-29,16.049999237060547,16.299999237060547,15.930000305175781,16.219999313354492,11.816507339477539,15200
2016-05-02,16.299999237060547,16.299999237060547,16.1299991607666,16.170000076293945,11.780078887939453,5900
2016-05-03,16.260000228881836,16.3700008392334,16.200000762939453,16.3700008392334,11.925779342651367,7500
2016-05-04,16.420000076293945,16.450000762939453,16.270000457763672,16.329999923706055,11.896641731262207,8200
2016-05-05,16.3700008392334,16.56999969482422,16.25,16.389999389648438,11.940354347229004,11700
2016-05-06,16.469999313354492,16.469999313354492,16.239999771118164,16.389999389648438,11.940354347229004,4000
2016-05-09,16.5,16.5,16.469999313354492,16.489999771118164,12.013202667236328,2000
2016-05-10,16.389999389648438,16.649999618530273,16.389999389648438,16.649999618530273,12.129764556884766,4100
2016-05-11,16.700000762939453,16.700000762939453,16.540000915527344,16.700000762939453,12.205039024353027,5100
2016-05-12,16.700000762939453,16.700000762939453,16.540000915527344,16.68000030517578,12.19042682647705,11600
2016-05-13,16.6200008392334,16.700000762939453,16.56999969482422,16.700000762939453,12.205039024353027,5400
2016-05-16,16.649999618530273,16.649999618530273,16.510000228881836,16.510000228881836,12.066180229187012,3900
2016-05-17,16.68000030517578,16.700000762939453,16.510000228881836,16.700000762939453,12.205039024353027,5600
2016-05-18,16.780000686645508,16.780000686645508,16.209999084472656,16.25,11.876164436340332,12500
2016-05-19,16.459999084472656,16.459999084472656,16.0,16.139999389648438,11.795770645141602,6900
2016-05-20,16.270000457763672,16.360000610351562,16.1200008392334,16.1200008392334,11.781156539916992,2900
2016-05-23,16.270000457763672,16.450000762939453,16.200000762939453,16.450000762939453,12.022336959838867,17500
2016-05-24,16.530000686645508,16.559999465942383,16.3799991607666,16.3799991607666,11.971175193786621,4400
2016-05-25,16.329999923706055,16.450000762939453,16.329999923706055,16.3700008392334,11.963863372802734,2100
2016-05-26,16.520000457763672,16.520000457763672,16.09000015258789,16.360000610351562,11.956558227539062,6200
2016-05-27,16.229999542236328,16.389999389648438,16.209999084472656,16.260000228881836,11.88347053527832,5700
2016-05-31,16.049999237060547,16.1299991607666,15.760000228881836,15.850000381469727,11.583827018737793,47300
2016-06-01,15.930000305175781,16.040000915527344,15.930000305175781,15.989999771118164,11.686144828796387,24400
2016-06-02,15.930000305175781,16.170000076293945,15.930000305175781,16.030000686645508,11.715380668640137,6600
2016-06-03,16.299999237060547,16.31999969482422,16.149999618530273,16.149999618530273,11.803080558776855,10900
2016-06-06,16.15999984741211,16.389999389648438,16.15999984741211,16.270000457763672,11.890785217285156,6300
2016-06-07,16.270000457763672,16.59000015258789,16.270000457763672,16.389999389648438,11.978483200073242,11900
2016-06-08,16.309999465942383,16.530000686645508,16.309999465942383,16.3700008392334,11.963863372802734,8200
2016-06-09,16.56999969482422,16.56999969482422,16.360000610351562,16.420000076293945,12.000405311584473,7200
2016-06-10,16.40999984741211,16.700000762939453,16.40999984741211,16.420000076293945,12.000405311584473,15900
2016-06-13,16.420000076293945,16.559999465942383,16.420000076293945,16.5,12.097921371459961,12600
2016-06-14,16.440000534057617,16.489999771118164,16.399999618530273,16.450000762939453,12.061267852783203,14700
2016-06-15,16.700000762939453,16.700000762939453,16.440000534057617,16.450000762939453,12.061267852783203,9400
2016-06-16,16.549999237060547,16.549999237060547,16.40999984741211,16.40999984741211,12.03193473815918,11800
2016-06-17,16.5,16.520000457763672,16.43000030517578,16.459999084472656,12.06859302520752,5500
2016-06-20,16.700000762939453,16.700000762939453,16.559999465942383,16.600000381469727,12.171246528625488,6300
2016-06-21,16.739999771118164,16.739999771118164,16.6200008392334,16.690000534057617,12.237234115600586,9400
2016-06-22,16.690000534057617,16.690000534057617,16.59000015258789,16.6299991607666,12.193241119384766,7900
2016-06-23,16.59000015258789,16.700000762939453,16.59000015258789,16.639999389648438,12.200573921203613,5800
2016-06-24,16.700000762939453,16.8700008392334,16.700000762939453,16.8700008392334,12.369210243225098,8000
2016-06-27,17.0,17.3700008392334,16.989999771118164,17.1299991607666,12.55984878540039,17200
2016-06-28,17.93000030517578,17.93000030517578,17.1200008392334,17.149999618530273,12.574508666992188,26500
2016-06-29,17.040000915527344,17.040000915527344,16.649999618530273,16.649999618530273,12.207903861999512,19600
2016-06-30,16.690000534057617,16.75,16.670000076293945,16.670000076293945,12.222573280334473,10300
2016-07-01,16.68000030517578,16.780000686645508,16.59000015258789,16.6200008392334,12.18591022491455,20700
2016-07-05,16.700000762939453,16.729999542236328,16.510000228881836,16.540000915527344,12.12725830078125,15800
2016-07-06,16.6299991607666,16.639999389648438,16.489999771118164,16.559999465942383,12.141914367675781,7600
2016-07-07,16.510000228881836,16.6299991607666,16.510000228881836,16.510000228881836,12.105253219604492,20800
2016-07-08,16.600000381469727,16.600000381469727,16.530000686645508,16.549999237060547,12.13458251953125,10200
2016-07-11,16.559999465942383,16.579999923706055,16.510000228881836,16.56999969482422,12.149251937866211,26400
2016-07-12,16.479999542236328,16.56999969482422,16.399999618530273,16.469999313354492,12.075928688049316,14600
2016-07-13,16.420000076293945,16.520000457763672,16.260000228881836,16.420000076293945,12.07813549041748,21200
2016-07-14,16.40999984741211,16.40999984741211,16.149999618530273,16.18000030517578,11.90159797668457,10300
2016-07-15,16.209999084472656,16.34000015258789,16.209999084472656,16.31999969482422,12.0045804977417,7800
2016-07-18,16.34000015258789,16.360000610351562,16.309999465942383,16.329999923706055,12.011929512023926,14500
2016-07-19,16.450000762939453,16.639999389648438,16.450000762939453,16.639999389648438,12.239958763122559,9300
2016-07-20,16.59000015258789,16.6200008392334,16.280000686645508,16.40999984741211,12.070777893066406,12400
2016-07-21,16.290000915527344,16.43000030517578,16.290000915527344,16.3700008392334,12.041357040405273,17900
2016-07-22,16.459999084472656,16.459999084472656,16.399999618530273,16.420000076293945,12.07813549041748,3500
2016-07-25,16.40999984741211,16.670000076293945,16.290000915527344,16.440000534057617,12.092844009399414,2500
2016-07-26,16.3799991607666,16.479999542236328,16.3799991607666,16.440000534057617,12.092844009399414,6600
2016-07-27,16.549999237060547,16.600000381469727,16.520000457763672,16.559999465942383,12.18111515045166,11100
2016-07-28,16.610000610351562,16.889999389648438,16.540000915527344,16.709999084472656,12.291454315185547,44500
2016-07-29,16.75,16.75,16.610000610351562,16.700000762939453,12.284096717834473,8400
2016-08-01,16.889999389648438,16.889999389648438,16.549999237060547,16.84000015258789,12.387079238891602,8500
2016-08-02,16.68000030517578,16.809999465942383,16.649999618530273,16.75,12.32087516784668,10700
2016-08-03,16.649999618530273,16.799999237060547,16.6200008392334,16.760000228881836,12.32823371887207,13700
2016-08-04,16.719999313354492,17.149999618530273,16.719999313354492,17.079999923706055,12.563618659973145,24400
2016-08-05,17.5,17.5,16.8700008392334,16.889999389648438,12.42385482788086,11300
2016-08-08,16.729999542236328,16.90999984741211,16.729999542236328,16.829999923706055,12.37972354888916,8800
2016-08-09,17.0,17.0,16.790000915527344,16.809999465942383,12.365010261535645,9800
2016-08-10,16.920000076293945,16.920000076293945,16.68000030517578,16.770000457763672,12.335588455200195,5500
2016-08-11,16.829999923706055,16.8700008392334,16.770000457763672,16.829999923706055,12.418968200683594,2800
2016-08-12,16.989999771118164,16.989999771118164,16.90999984741211,16.93000030517578,12.492758750915527,4700
2016-08-15,16.8700008392334,17.010000228881836,16.8700008392334,16.899999618530273,12.470626831054688,2400
2016-08-16,16.93000030517578,17.280000686645508,16.93000030517578,17.010000228881836,12.551793098449707,11100
2016-08-17,17.09000015258789,17.110000610351562,17.040000915527344,17.09000015258789,12.610824584960938,5700
2016-08-18,17.200000762939453,17.200000762939453,17.06999969482422,17.15999984741211,12.662474632263184,5100
2016-08-19,17.239999771118164,17.239999771118164,17.1200008392334,17.149999618530273,12.655102729797363,2300
2016-08-22,17.25,17.459999084472656,17.239999771118164,17.43000030517578,12.861712455749512,12600
2016-08-23,17.489999771118164,17.489999771118164,17.440000534057617,17.469999313354492,12.891230583190918,8000
2016-08-24,17.3700008392334,17.459999084472656,17.1299991607666,17.1299991607666,12.640344619750977,10400
2016-08-25,17.219999313354492,17.229999542236328,17.1299991607666,17.139999389648438,12.647717475891113,9500
2016-08-26,17.200000762939453,17.200000762939453,17.110000610351562,17.1299991607666,12.640344619750977,13600
2016-08-29,17.239999771118164,17.239999771118164,17.059999465942383,17.239999771118164,12.721512794494629,14100
2016-08-30,17.239999771118164,17.239999771118164,17.020000457763672,17.229999542236328,12.714132308959961,4100
2016-08-31,17.170000076293945,17.170000076293945,17.09000015258789,17.09000015258789,12.610824584960938,4600
2016-09-01,17.06999969482422,17.200000762939453,17.06999969482422,17.1299991607666,12.640344619750977,11900
2016-09-02,17.18000030517578,17.190000534057617,17.0,17.190000534057617,12.68461799621582,10800
2016-09-06,17.09000015258789,17.15999984741211,17.06999969482422,17.06999969482422,12.596062660217285,4800
2016-09-07,17.06999969482422,17.190000534057617,17.06999969482422,17.190000534057617,12.68461799621582,5700
2016-09-08,17.079999923706055,17.239999771118164,17.079999923706055,17.239999771118164,12.721512794494629,5800
2016-09-09,17.079999923706055,17.1200008392334,16.950000762939453,16.969999313354492,12.5222749710083,7100
2016-09-12,17.09000015258789,17.31999969482422,16.979999542236328,17.309999465942383,12.77316665649414,5900
2016-09-13,17.110000610351562,17.200000762939453,16.959999084472656,17.200000762939453,12.730978965759277,2500
2016-09-14,16.899999618530273,17.780000686645508,16.899999618530273,17.600000381469727,13.027044296264648,18900
2016-09-15,17.510000228881836,17.969999313354492,17.450000762939453,17.950000762939453,13.286103248596191,11900
2016-09-16,17.93000030517578,17.93000030517578,17.65999984741211,17.670000076293945,13.078849792480469,2700
2016-09-19,17.739999771118164,17.739999771118164,17.600000381469727,17.610000610351562,13.034444808959961,9300
2016-09-20,17.6299991607666,17.700000762939453,17.020000457763672,17.229999542236328,12.753181457519531,11600
2016-09-21,17.200000762939453,17.200000762939453,17.1299991607666,17.1299991607666,12.679166793823242,1400
2016-09-22,17.5,17.5,17.149999618530273,17.360000610351562,12.849404335021973,7500
2016-09-23,17.5,17.5,17.190000534057617,17.190000534057617,12.7235746383667,3900
2016-09-26,17.649999618530273,17.649999618530273,17.299999237060547,17.31999969482422,12.81979751586914,1800
2016-09-27,17.5,17.540000915527344,17.450000762939453,17.450000762939453,12.916022300720215,3800
2016-09-28,17.440000534057617,17.440000534057617,17.18000030517578,17.239999771118164,12.760580062866211,2600
2016-09-29,17.34000015258789,17.34000015258789,17.299999237060547,17.299999237060547,12.804997444152832,1700
2016-09-30,17.329999923706055,17.329999923706055,17.059999465942383,17.1299991607666,12.679166793823242,6900
2016-10-03,17.059999465942383,17.110000610351562,17.020000457763672,17.020000457763672,12.597742080688477,11700
2016-10-04,17.020000457763672,17.049999237060547,16.84000015258789,16.850000381469727,12.471916198730469,4800
2016-10-05,16.90999984741211,16.90999984741211,16.75,16.770000457763672,12.412703514099121,5700
2016-10-06,16.75,16.790000915527344,16.68000030517578,16.68000030517578,12.346083641052246,7200
2016-10-07,16.649999618530273,16.690000534057617,16.59000015258789,16.59000015258789,12.279467582702637,4000
2016-10-10,16.559999465942383,16.579999923706055,16.540000915527344,16.540000915527344,12.24246597290039,6100
2016-10-11,16.59000015258789,17.040000915527344,16.530000686645508,17.040000915527344,12.612549781799316,20200
2016-10-12,16.649999618530273,16.719999313354492,16.530000686645508,16.549999237060547,12.288077354431152,6700
2016-10-13,16.540000915527344,16.540000915527344,16.420000076293945,16.440000534057617,12.206405639648438,3100
2016-10-14,16.399999618530273,16.399999618530273,16.329999923706055,16.350000381469727,12.13958740234375,5600
2016-10-17,16.25,16.309999465942383,15.930000305175781,15.970000267028809,11.857442855834961,6400
2016-10-18,16.09000015258789,16.09000015258789,15.859999656677246,15.970000267028809,11.857442855834961,8400
2016-10-19,15.979999542236328,16.3799991607666,15.979999542236328,16.260000228881836,12.072766304016113,16600
2016-10-20,16.389999389648438,16.600000381469727,16.270000457763672,16.600000381469727,12.325204849243164,7000
2016-10-21,16.979999542236328,16.979999542236328,16.600000381469727,16.690000534057617,12.392032623291016,5800
2016-10-24,16.709999084472656,16.709999084472656,16.520000457763672,16.520000457763672,12.265806198120117,1600
2016-10-25,16.489999771118164,16.510000228881836,16.459999084472656,16.459999084472656,12.221259117126465,2300
2016-10-26,16.450000762939453,16.469999313354492,16.450000762939453,16.469999313354492,12.228684425354004,700
2016-10-27,16.450000762939453,16.450000762939453,16.0,16.0,11.87971305847168,12800
2016-10-28,15.949999809265137,16.280000686645508,15.869999885559082,15.9399995803833,11.835165023803711,4600
2016-10-31,15.899999618530273,16.030000686645508,15.850000381469727,15.869999885559082,11.783194541931152,15500
2016-11-01,15.869999885559082,16.06999969482422,15.869999885559082,15.920000076293945,11.820321083068848,7200
2016-11-02,16.06999969482422,16.239999771118164,15.9399995803833,16.149999618530273,11.991092681884766,6800
2016-11-03,16.049999237060547,16.079999923706055,16.049999237060547,16.06999969482422,11.931686401367188,1500
2016-11-04,16.209999084472656,16.209999084472656,16.209999084472656,16.209999084472656,12.035637855529785,300
2016-11-07,16.1200008392334,16.299999237060547,16.06999969482422,16.299999237060547,12.10246467590332,12300
2016-11-08,16.15999984741211,16.18000030517578,16.079999923706055,16.09000015258789,11.946541786193848,10300
2016-11-09,16.079999923706055,16.1299991607666,15.869999885559082,15.899999618530273,11.805472373962402,3900
2016-11-10,15.970000267028809,15.970000267028809,15.699999809265137,15.729999542236328,11.718306541442871,12200
2016-11-11,15.729999542236328,15.729999542236328,15.550000190734863,15.550000190734863,11.584216117858887,18000
2016-11-14,15.5600004196167,15.800000190734863,15.4399995803833,15.449999809265137,11.509716987609863,19200
2016-11-15,15.890000343322754,15.989999771118164,15.449999809265137,15.470000267028809,11.524617195129395,19600
2016-11-16,15.510000228881836,15.510000228881836,15.25,15.270000457763672,11.37562084197998,12400
2016-11-17,15.279999732971191,15.279999732971191,15.140000343322754,15.140000343322754,11.278780937194824,11500
2016-11-18,15.260000228881836,15.260000228881836,15.140000343322754,15.220000267028809,11.338375091552734,6600
2016-11-21,15.390000343322754,15.390000343322754,15.199999809265137,15.380000114440918,11.457571029663086,10400
2016-11-22,15.470000267028809,15.470000267028809,15.149999618530273,15.199999809265137,11.323471069335938,11400
2016-11-23,15.140000343322754,15.220000267028809,15.140000343322754,15.210000038146973,11.330931663513184,2200
2016-11-25,15.319999694824219,15.380000114440918,15.319999694824219,15.380000114440918,11.457571029663086,1100
2016-11-28,15.489999771118164,15.489999771118164,15.329999923706055,15.359999656677246,11.442671775817871,11400
2016-11-29,15.399999618530273,15.449999809265137,15.220000267028809,15.289999961853027,11.390525817871094,13000
2016-11-30,15.260000228881836,15.380000114440918,15.15999984741211,15.369999885559082,11.450122833251953,9800
2016-12-01,15.5,15.5,15.079999923706055,15.130000114440918,11.271328926086426,20900
2016-12-02,15.100000381469727,15.199999809265137,15.039999961853027,15.1899995803833,11.316027641296387,6000
2016-12-05,15.069999694824219,15.09000015258789,15.039999961853027,15.0600004196167,11.219184875488281,12600
2016-12-06,15.0,15.109999656677246,14.970000267028809,15.100000381469727,11.248979568481445,31000
2016-12-07,15.029999732971191,15.359999656677246,15.029999732971191,15.220000267028809,11.338375091552734,8700
2016-12-08,15.109999656677246,15.210000038146973,15.109999656677246,15.1899995803833,11.316027641296387,6500
2016-12-09,15.1899995803833,15.1899995803833,15.079999923706055,15.1899995803833,11.316027641296387,16400
2016-12-12,15.229999542236328,15.229999542236328,14.989999771118164,15.050000190734863,11.211732864379883,12900
2016-12-13,14.859999656677246,14.9399995803833,14.859999656677246,14.920000076293945,11.225278854370117,9400
2016-12-14,14.949999809265137,15.050000190734863,14.829999923706055,14.890000343322754,11.202701568603516,28100
2016-12-15,14.920000076293945,14.920000076293945,14.760000228881836,14.8100004196167,11.14251708984375,6000
2016-12-16,14.6899995803833,14.829999923706055,14.6899995803833,14.800000190734863,11.134984970092773,38200
2016-12-19,14.779999732971191,14.9399995803833,14.779999732971191,14.90999984741211,11.217750549316406,13100
2016-12-20,14.789999961853027,14.84000015258789,14.720000267028809,14.75,11.097373008728027,10500
2016-12-21,14.739999771118164,14.850000381469727,14.649999618530273,14.729999542236328,11.082329750061035,26400
2016-12-22,14.8100004196167,14.869999885559082,14.569999694824219,14.699999809265137,11.0597562789917,17800
2016-12-23,14.720000267028809,14.720000267028809,14.520000457763672,14.6899995803833,11.052228927612305,23600
2016-12-27,14.59000015258789,14.65999984741211,14.25,14.649999618530273,11.022133827209473,21600
2016-12-28,14.550000190734863,14.649999618530273,14.470000267028809,14.59000015258789,10.976995468139648,23200
2016-12-29,14.600000381469727,14.720000267028809,14.569999694824219,14.630000114440918,11.00709056854248,38900
2016-12-30,14.720000267028809,14.720000267028809,14.59000015258789,14.699999809265137,11.0597562789917,44100
2017-01-03,14.640000343322754,14.770000457763672,14.600000381469727,14.699999809265137,11.0597562789917,15500
2017-01-04,14.8100004196167,14.8100004196167,14.710000038146973,14.800000190734863,11.134984970092773,5400
2017-01-05,14.84000015258789,14.9399995803833,14.779999732971191,14.869999885559082,11.187658309936523,16400
2017-01-06,14.859999656677246,14.880000114440918,14.770000457763672,14.770000457763672,11.112418174743652,13200
2017-01-09,14.819999694824219,14.930000305175781,14.819999694824219,14.930000305175781,11.232796669006348,3800
2017-01-10,14.9399995803833,14.970000267028809,14.890000343322754,14.899999618530273,11.210226058959961,18000
2017-01-11,14.789999961853027,14.899999618530273,14.75,14.8100004196167,11.180034637451172,19200
2017-01-12,14.84000015258789,14.890000343322754,14.800000190734863,14.800000190734863,11.172483444213867,10900
2017-01-13,14.8100004196167,14.899999618530273,14.8100004196167,14.829999923706055,11.195128440856934,3200
2017-01-17,14.899999618530273,14.90999984741211,14.819999694824219,14.819999694824219,11.187576293945312,9400
2017-01-18,14.869999885559082,14.869999885559082,14.800000190734863,14.84000015258789,11.202672004699707,7200
2017-01-19,14.829999923706055,14.84000015258789,14.739999771118164,14.75,11.134737968444824,14800
2017-01-20,14.729999542236328,14.739999771118164,14.649999618530273,14.649999618530273,11.059246063232422,8700
2017-01-23,14.680000305175781,14.770000457763672,14.680000305175781,14.770000457763672,11.149836540222168,400
2017-01-24,14.890000343322754,14.890000343322754,14.710000038146973,14.829999923706055,11.195128440856934,29900
2017-01-25,14.770000457763672,14.819999694824219,14.710000038146973,14.789999961853027,11.164934158325195,17800
2017-01-26,14.729999542236328,14.789999961853027,14.670000076293945,14.739999771118164,11.127189636230469,19500
2017-01-27,14.65999984741211,14.880000114440918,14.65999984741211,14.800000190734863,11.172483444213867,20900
2017-01-30,14.90999984741211,14.90999984741211,14.779999732971191,14.829999923706055,11.195128440856934,5300
2017-01-31,14.880000114440918,14.890000343322754,14.84000015258789,14.890000343322754,11.240424156188965,6500
2017-02-01,14.979999542236328,14.979999542236328,14.829999923706055,14.829999923706055,11.195128440856934,3700
2017-02-02,15.010000228881836,15.25,14.859999656677246,14.949999809265137,11.285713195800781,20300
2017-02-03,15.319999694824219,15.319999694824219,15.0,15.010000228881836,11.33100700378418,16500
2017-02-06,15.029999732971191,15.09000015258789,15.020000457763672,15.0600004196167,11.368757247924805,4100
2017-02-07,15.15999984741211,15.329999923706055,15.0600004196167,15.140000343322754,11.429146766662598,16900
2017-02-08,15.1899995803833,15.1899995803833,15.130000114440918,15.15999984741211,11.444247245788574,8600
2017-02-09,15.170000076293945,15.220000267028809,15.100000381469727,15.100000381469727,11.398950576782227,9700
2017-02-10,15.100000381469727,15.1899995803833,15.100000381469727,15.149999618530273,11.43669605255127,10000
2017-02-13,15.130000114440918,15.140000343322754,15.079999923706055,15.100000381469727,11.436694145202637,3800
2017-02-14,15.300000190734863,15.300000190734863,15.020000457763672,15.140000343322754,11.466994285583496,11400
2017-02-15,15.390000343322754,15.390000343322754,15.140000343322754,15.270000457763672,11.565454483032227,3300
2017-02-16,15.319999694824219,15.319999694824219,15.0600004196167,15.319999694824219,11.603321075439453,15300
2017-02-17,15.3100004196167,15.3100004196167,15.119999885559082,15.1899995803833,11.50485897064209,3000
2017-02-21,15.260000228881836,15.270000457763672,15.020000457763672,15.229999542236328,11.535158157348633,18900
2017-02-22,15.109999656677246,15.180000305175781,14.989999771118164,15.050000190734863,11.39882755279541,7500
2017-02-23,15.100000381469727,15.3100004196167,14.989999771118164,15.3100004196167,11.595747947692871,11600
2017-02-24,15.359999656677246,15.359999656677246,15.079999923706055,15.25,11.550309181213379,6800
2017-02-27,15.300000190734863,15.3100004196167,15.109999656677246,15.210000038146973,11.520011901855469,13900
2017-02-28,15.220000267028809,15.3100004196167,15.180000305175781,15.229999542236328,11.535158157348633,7800
2017-03-01,15.329999923706055,15.359999656677246,15.140000343322754,15.289999961853027,11.580605506896973,6500
2017-03-02,15.34000015258789,15.34000015258789,15.130000114440918,15.279999732971191,11.573029518127441,12500
2017-03-03,15.199999809265137,15.199999809265137,15.170000076293945,15.170000076293945,11.489709854125977,4000
2017-03-06,15.180000305175781,15.1899995803833,15.130000114440918,15.140000343322754,11.466994285583496,7100
2017-03-07,15.050000190734863,15.180000305175781,15.050000190734863,15.119999885559082,11.451844215393066,7400
2017-03-08,15.069999694824219,15.100000381469727,15.020000457763672,15.020000457763672,11.376105308532715,8000
2017-03-09,15.069999694824219,15.069999694824219,15.0,15.0600004196167,11.406400680541992,15000
2017-03-10,15.100000381469727,15.100000381469727,15.010000228881836,15.069999694824219,11.413975715637207,3800
2017-03-13,15.100000381469727,15.100000381469727,14.979999542236328,14.979999542236328,11.383578300476074,1800
2017-03-14,14.970000267028809,14.989999771118164,14.970000267028809,14.970000267028809,11.37597942352295,1400
2017-03-15,15.210000038146973,15.210000038146973,14.949999809265137,14.979999542236328,11.383578300476074,10400
2017-03-16,15.029999732971191,15.039999961853027,14.869999885559082,14.869999885559082,11.2999849319458,17200
2017-03-17,14.84000015258789,14.920000076293945,14.84000015258789,14.890000343322754,11.315181732177734,6500
2017-03-20,14.890000343322754,15.039999961853027,14.859999656677246,14.869999885559082,11.2999849319458,6000
2017-03-21,14.869999885559082,14.970000267028809,14.869999885559082,14.970000267028809,11.37597942352295,1200
2017-03-22,15.0,15.039999961853027,15.0,15.039999961853027,11.429169654846191,4300
2017-03-23,15.039999961853027,15.100000381469727,15.0,15.079999923706055,11.459567070007324,3800
2017-03-24,15.079999923706055,15.079999923706055,15.0600004196167,15.079999923706055,11.459567070007324,3200
2017-03-27,15.100000381469727,15.25,14.960000038146973,15.010000228881836,11.406371116638184,19000
2017-03-28,15.020000457763672,15.020000457763672,14.739999771118164,14.869999885559082,11.2999849319458,24600
2017-03-29,14.920000076293945,15.0,14.8100004196167,14.850000381469727,11.28479290008545,8500
2017-03-30,14.84000015258789,14.859999656677246,14.84000015258789,14.850000381469727,11.28479290008545,4300
2017-03-31,14.819999694824219,14.859999656677246,14.75,14.829999923706055,11.269587516784668,30100
2017-04-03,14.9399995803833,14.9399995803833,14.859999656677246,14.899999618530273,11.322783470153809,5400
2017-04-04,14.899999618530273,14.899999618530273,14.819999694824219,14.859999656677246,11.29238510131836,3200
2017-04-05,14.770000457763672,14.829999923706055,14.75,14.770000457763672,11.223994255065918,8900
2017-04-06,14.800000190734863,14.829999923706055,14.779999732971191,14.829999923706055,11.269587516784668,4600
2017-04-07,14.850000381469727,14.880000114440918,14.829999923706055,14.880000114440918,11.307586669921875,14200
2017-04-10,14.930000305175781,14.970000267028809,14.880000114440918,14.960000038146973,11.368377685546875,17800
2017-04-11,14.960000038146973,15.039999961853027,14.949999809265137,15.039999961853027,11.467497825622559,14500
2017-04-12,15.170000076293945,15.170000076293945,14.979999542236328,15.020000457763672,11.452253341674805,10900
2017-04-13,15.050000190734863,15.0600004196167,15.0,15.029999732971191,11.45987606048584,7900
2017-04-17,15.029999732971191,15.029999732971191,14.869999885559082,14.920000076293945,11.376005172729492,19900
2017-04-18,14.960000038146973,15.039999961853027,14.9399995803833,15.020000457763672,11.452253341674805,8600
2017-04-19,15.029999732971191,15.029999732971191,14.979999542236328,14.989999771118164,11.429377555847168,4300
2017-04-20,14.90999984741211,15.0,14.90999984741211,14.960000038146973,11.40650463104248,9300
2017-04-21,14.979999542236328,14.989999771118164,14.960000038146973,14.989999771118164,11.429377555847168,800
2017-04-24,14.960000038146973,15.109999656677246,14.960000038146973,15.100000381469727,11.513246536254883,5200
2017-04-25,15.020000457763672,15.050000190734863,14.960000038146973,14.960000038146973,11.40650463104248,15100
2017-04-26,14.949999809265137,15.0,14.949999809265137,14.979999542236328,11.421751976013184,5100
2017-04-27,15.020000457763672,15.020000457763672,14.949999809265137,14.989999771118164,11.429377555847168,8700
2017-04-28,14.960000038146973,15.270000457763672,14.960000038146973,15.270000457763672,11.642863273620605,15500
2017-05-01,15.1899995803833,15.390000343322754,15.079999923706055,15.079999923706055,11.497994422912598,17000
2017-05-02,15.180000305175781,15.390000343322754,15.109999656677246,15.390000343322754,11.734359741210938,5700
2017-05-03,15.609999656677246,15.609999656677246,15.399999618530273,15.569999694824219,11.871603965759277,5900
2017-05-04,15.569999694824219,15.59000015258789,15.510000228881836,15.529999732971191,11.841108322143555,6800
2017-05-05,15.5600004196167,17.31999969482422,15.520000457763672,15.739999771118164,12.001226425170898,18300
2017-05-08,15.899999618530273,15.899999618530273,15.539999961853027,15.640000343322754,11.924981117248535,3700
2017-05-09,15.6899995803833,15.6899995803833,15.489999771118164,15.539999961853027,11.848736763000488,6800
2017-05-10,15.600000381469727,15.640000343322754,15.479999542236328,15.630000114440918,11.917356491088867,12700
2017-05-11,15.520000457763672,15.579999923706055,15.460000038146973,15.460000038146973,11.825570106506348,3400
2017-05-12,15.479999542236328,15.680000305175781,15.479999542236328,15.619999885559082,11.947949409484863,7200
2017-05-15,15.600000381469727,15.6899995803833,15.600000381469727,15.65999984741211,11.978546142578125,3900
2017-05-16,15.59000015258789,15.649999618530273,15.59000015258789,15.649999618530273,11.97089958190918,2100
2017-05-17,15.6899995803833,15.729999542236328,15.6899995803833,15.6899995803833,12.001493453979492,3400
2017-05-18,15.699999809265137,15.699999809265137,15.630000114440918,15.630000114440918,11.955597877502441,1100
2017-05-19,15.619999885559082,15.739999771118164,15.550000190734863,15.739999771118164,12.039742469787598,15100
2017-05-22,15.720000267028809,15.760000228881836,15.59000015258789,15.760000228881836,12.055036544799805,4100
2017-05-23,15.760000228881836,15.850000381469727,15.680000305175781,15.850000381469727,12.12387752532959,3900
2017-05-24,15.850000381469727,15.920000076293945,15.819999694824219,15.920000076293945,12.1774263381958,2700
2017-05-25,15.920000076293945,15.979999542236328,15.890000343322754,15.899999618530273,12.162128448486328,10500
2017-05-26,15.90999984741211,16.1299991607666,15.90999984741211,16.059999465942383,12.284509658813477,6300
2017-05-30,15.979999542236328,15.979999542236328,15.869999885559082,15.979999542236328,12.223319053649902,11700
2017-05-31,16.020000457763672,16.020000457763672,15.899999618530273,15.90999984741211,12.169777870178223,4600
2017-06-01,16.0,16.1200008392334,15.760000228881836,15.760000228881836,12.055036544799805,7400
2017-06-02,16.200000762939453,16.200000762939453,15.760000228881836,15.8100004196167,12.093287467956543,9300
2017-06-05,15.880000114440918,15.880000114440918,15.8100004196167,15.850000381469727,12.12387752532959,2500
2017-06-06,16.049999237060547,16.049999237060547,15.800000190734863,15.800000190734863,12.085633277893066,10600
2017-06-07,15.800000190734863,15.880000114440918,15.720000267028809,15.720000267028809,12.024443626403809,6900
2017-06-08,15.75,15.850000381469727,15.640000343322754,15.640000343322754,11.963248252868652,6700
2017-06-09,15.640000343322754,15.699999809265137,15.479999542236328,15.59000015258789,11.92500114440918,6700
2017-06-12,15.640000343322754,15.640000343322754,15.470000267028809,15.5600004196167,11.902056694030762,3600
2017-06-13,15.479999542236328,15.779999732971191,15.449999809265137,15.569999694824219,11.948095321655273,11900
2017-06-14,15.510000228881836,15.979999542236328,15.4399995803833,15.550000190734863,11.932748794555664,25900
2017-06-15,15.600000381469727,16.040000915527344,15.5600004196167,15.9399995803833,12.232027053833008,22800
2017-06-16,15.9399995803833,15.949999809265137,15.829999923706055,15.859999656677246,12.170634269714355,5600
2017-06-19,15.75,15.770000457763672,15.59000015258789,15.680000305175781,12.032511711120605,6600
2017-06-20,15.729999542236328,15.729999542236328,15.489999771118164,15.680000305175781,12.032511711120605,6100
2017-06-21,15.569999694824219,15.680000305175781,15.4399995803833,15.569999694824219,11.948095321655273,10800
2017-06-22,15.59000015258789,15.59000015258789,15.579999923706055,15.579999923706055,11.955774307250977,800
2017-06-23,15.729999542236328,15.729999542236328,15.699999809265137,15.729999542236328,12.070879936218262,2000
2017-06-26,15.699999809265137,15.75,15.609999656677246,15.609999656677246,11.978795051574707,13600
2017-06-27,15.720000267028809,15.720000267028809,15.600000381469727,15.619999885559082,11.986469268798828,4200
2017-06-28,15.720000267028809,15.720000267028809,15.670000076293945,15.680000305175781,12.032511711120605,1500
2017-06-29,15.569999694824219,15.569999694824219,15.390000343322754,15.4399995803833,11.848336219787598,5400
2017-06-30,15.390000343322754,15.390000343322754,15.220000267028809,15.350000381469727,11.779274940490723,16600
2017-07-03,15.350000381469727,15.420000076293945,15.199999809265137,15.380000114440918,11.802297592163086,5900
2017-07-05,15.449999809265137,15.449999809265137,15.289999961853027,15.380000114440918,11.802297592163086,10100
2017-07-06,15.300000190734863,15.300000190734863,15.180000305175781,15.260000228881836,11.710211753845215,8800
2017-07-07,15.220000267028809,15.25,15.149999618530273,15.210000038146973,11.671838760375977,27500
2017-07-10,15.210000038146973,15.260000228881836,15.15999984741211,15.25,11.70254135131836,3800
2017-07-11,15.25,15.800000190734863,15.25,15.460000038146973,11.863688468933105,6500
2017-07-12,15.430000305175781,15.430000305175781,15.229999542236328,15.25,11.740507125854492,7100
2017-07-13,15.25,15.34000015258789,15.25,15.34000015258789,11.809794425964355,2200
2017-07-14,15.489999771118164,15.539999961853027,15.479999542236328,15.539999961853027,11.963772773742676,7600
2017-07-17,15.770000457763672,15.770000457763672,15.5,15.5,11.932976722717285,13900
2017-07-18,15.619999885559082,15.829999923706055,15.4399995803833,15.829999923706055,12.187031745910645,10400
2017-07-19,15.829999923706055,15.829999923706055,15.460000038146973,15.520000457763672,11.948369979858398,6500
2017-07-20,15.529999732971191,15.59000015258789,15.479999542236328,15.489999771118164,11.925277709960938,5000
2017-07-21,15.460000038146973,15.65999984741211,15.460000038146973,15.550000190734863,11.971468925476074,5900
2017-07-24,15.550000190734863,15.609999656677246,15.479999542236328,15.479999542236328,11.91757869720459,5900
2017-07-25,15.4399995803833,15.539999961853027,15.430000305175781,15.479999542236328,11.91757869720459,8000
2017-07-26,15.470000267028809,15.5,15.4399995803833,15.4399995803833,11.886780738830566,5000
2017-07-27,15.430000305175781,15.489999771118164,15.430000305175781,15.479999542236328,11.91757869720459,4700
2017-07-28,15.479999542236328,15.5,15.449999809265137,15.470000267028809,11.909878730773926,3600
2017-07-31,15.470000267028809,15.569999694824219,15.470000267028809,15.569999694824219,11.986865997314453,2900
2017-08-01,15.619999885559082,15.760000228881836,15.619999885559082,15.760000228881836,12.133140563964844,3000
2017-08-02,15.899999618530273,15.90999984741211,15.770000457763672,15.869999885559082,12.217824935913086,20900
2017-08-03,15.90999984741211,16.040000915527344,15.75,15.880000114440918,12.225523948669434,7100
2017-08-04,15.949999809265137,15.989999771118164,15.630000114440918,15.899999618530273,12.240923881530762,8700
2017-08-07,15.899999618530273,15.899999618530273,15.779999732971191,15.779999732971191,12.148543357849121,8700
2017-08-08,15.850000381469727,15.90999984741211,15.680000305175781,15.84000015258789,12.194731712341309,5600
2017-08-09,15.960000038146973,15.960000038146973,15.699999809265137,15.760000228881836,12.133140563964844,7500
2017-08-10,15.800000190734863,15.800000190734863,15.489999771118164,15.630000114440918,12.03305721282959,4200
2017-08-11,15.630000114440918,16.200000762939453,15.520000457763672,16.200000762939453,12.51191234588623,20200
2017-08-14,16.219999313354492,16.270000457763672,15.949999809265137,15.949999809265137,12.31882381439209,4300
2017-08-15,16.350000381469727,16.350000381469727,15.819999694824219,15.829999923706055,12.226144790649414,5100
2017-08-16,15.779999732971191,15.9399995803833,15.770000457763672,15.880000114440918,12.26475715637207,6700
2017-08-17,15.84000015258789,15.859999656677246,15.84000015258789,15.859999656677246,12.24931526184082,1200
2017-08-18,15.890000343322754,15.890000343322754,15.819999694824219,15.819999694824219,12.218421936035156,7700
2017-08-21,15.819999694824219,15.880000114440918,15.8100004196167,15.819999694824219,12.218421936035156,7600
2017-08-22,15.880000114440918,15.880000114440918,15.770000457763672,15.800000190734863,12.202970504760742,5400
2017-08-23,15.720000267028809,15.819999694824219,15.680000305175781,15.680000305175781,12.110289573669434,22000
2017-08-24,15.649999618530273,15.720000267028809,15.630000114440918,15.649999618530273,12.087122917175293,1600
2017-08-25,15.630000114440918,15.880000114440918,15.630000114440918,15.869999885559082,12.257037162780762,10200
2017-08-28,15.770000457763672,15.90999984741211,15.760000228881836,15.880000114440918,12.26475715637207,8100
2017-08-29,15.930000305175781,15.930000305175781,15.800000190734863,15.850000381469727,12.241594314575195,13800
2017-08-30,15.84000015258789,15.84000015258789,15.829999923706055,15.829999923706055,12.226144790649414,5100
2017-08-31,15.829999923706055,16.0,15.829999923706055,15.850000381469727,12.241594314575195,2700
2017-09-01,15.829999923706055,15.829999923706055,15.710000038146973,15.710000038146973,12.133462905883789,5600
2017-09-05,15.649999618530273,15.770000457763672,15.510000228881836,15.539999961853027,12.002165794372559,12100
2017-09-06,15.529999732971191,15.600000381469727,15.529999732971191,15.5600004196167,12.017614364624023,6300
2017-09-07,15.619999885559082,15.649999618530273,15.529999732971191,15.550000190734863,12.00989055633545,6400
2017-09-08,15.510000228881836,15.609999656677246,15.510000228881836,15.510000228881836,11.978995323181152,3800
2017-09-11,15.739999771118164,15.760000228881836,15.510000228881836,15.609999656677246,12.05622386932373,12800
2017-09-12,15.489999771118164,15.5600004196167,15.489999771118164,15.5,11.971274375915527,6800
2017-09-13,15.430000305175781,15.619999885559082,15.430000305175781,15.520000457763672,11.98671817779541,5800
2017-09-14,15.489999771118164,15.699999809265137,15.390000343322754,15.699999809265137,12.163357734680176,8600
2017-09-15,15.699999809265137,15.760000228881836,15.5600004196167,15.640000343322754,12.11687183380127,8800
2017-09-18,15.649999618530273,15.760000228881836,15.649999618530273,15.680000305175781,12.14786148071289,7800
2017-09-19,15.800000190734863,15.800000190734863,15.579999923706055,15.630000114440918,12.109124183654785,14300
2017-09-20,15.760000228881836,15.760000228881836,15.40999984741211,15.569999694824219,12.062644004821777,17100
2017-09-21,15.5600004196167,15.600000381469727,15.529999732971191,15.529999732971191,12.031654357910156,4100
2017-09-22,15.430000305175781,15.600000381469727,15.430000305175781,15.449999809265137,11.96967601776123,5900
2017-09-25,15.550000190734863,15.600000381469727,15.550000190734863,15.600000381469727,12.085882186889648,700
2017-09-26,15.479999542236328,15.65999984741211,15.479999542236328,15.59000015258789,12.07813835144043,3300
2017-09-27,15.5,15.5,15.4399995803833,15.4399995803833,11.961925506591797,700
2017-09-28,15.489999771118164,15.5,15.470000267028809,15.470000267028809,11.985167503356934,3000
2017-09-29,15.489999771118164,15.59000015258789,15.489999771118164,15.579999923706055,12.070387840270996,1700
2017-10-02,15.5,15.569999694824219,15.5,15.569999694824219,12.062644004821777,4300
2017-10-03,15.609999656677246,15.609999656677246,15.510000228881836,15.529999732971191,12.031654357910156,2300
2017-10-04,15.520000457763672,15.710000038146973,15.520000457763672,15.600000381469727,12.085882186889648,3200
2017-10-05,15.579999923706055,15.579999923706055,15.579999923706055,15.579999923706055,12.070387840270996,600
2017-10-06,15.979999542236328,15.979999542236328,15.520000457763672,15.630000114440918,12.109124183654785,9500
2017-10-09,15.630000114440918,15.630000114440918,15.529999732971191,15.5600004196167,12.054895401000977,2000
2017-10-10,15.539999961853027,15.539999961853027,15.510000228881836,15.529999732971191,12.031654357910156,4400
2017-10-11,15.4399995803833,15.739999771118164,15.4399995803833,15.699999809265137,12.163357734680176,10500
2017-10-12,15.529999732971191,15.899999618530273,15.5,15.699999809265137,12.200658798217773,10500
2017-10-13,15.579999923706055,15.670000076293945,15.569999694824219,15.569999694824219,12.09963607788086,3200
2017-10-16,15.520000457763672,15.949999809265137,15.4399995803833,15.890000343322754,12.348312377929688,8800
2017-10-17,15.720000267028809,15.770000457763672,15.600000381469727,15.600000381469727,12.122945785522461,5500
2017-10-18,15.960000038146973,15.960000038146973,15.729999542236328,15.729999542236328,12.22397518157959,9200
2017-10-19,15.680000305175781,15.680000305175781,15.619999885559082,15.640000343322754,12.15402889251709,500
2017-10-20,15.6899995803833,15.6899995803833,15.579999923706055,15.579999923706055,12.107406616210938,800
2017-10-23,15.550000190734863,15.550000190734863,15.550000190734863,15.550000190734863,12.084095001220703,100
2017-10-24,15.420000076293945,15.529999732971191,15.420000076293945,15.529999732971191,12.068551063537598,1300
2017-10-25,15.300000190734863,15.40999984741211,15.300000190734863,15.359999656677246,11.936437606811523,2400
2017-10-26,15.3100004196167,15.3100004196167,15.279999732971191,15.289999961853027,11.882039070129395,1300
2017-10-27,15.279999732971191,15.34000015258789,15.260000228881836,15.270000457763672,11.86650276184082,4400
2017-10-30,15.380000114440918,15.449999809265137,15.25,15.25,11.850959777832031,4300
2017-10-31,15.260000228881836,15.359999656677246,15.25,15.25,11.850959777832031,5500
2017-11-01,15.34000015258789,15.34000015258789,15.210000038146973,15.210000038146973,11.81987476348877,4000
2017-11-02,15.199999809265137,15.449999809265137,15.199999809265137,15.260000228881836,11.858729362487793,10400
2017-11-03,15.239999771118164,15.350000381469727,15.229999542236328,15.239999771118164,11.843188285827637,6000
2017-11-06,15.229999542236328,15.3100004196167,15.229999542236328,15.3100004196167,11.897583961486816,9400
2017-11-07,15.270000457763672,15.350000381469727,15.270000457763672,15.350000381469727,11.928668975830078,5200
2017-11-08,15.260000228881836,15.449999809265137,15.260000228881836,15.34000015258789,11.9208984375,4800
2017-11-09,15.289999961853027,15.289999961853027,15.15999984741211,15.25,11.850959777832031,26200
2017-11-10,15.210000038146973,15.34000015258789,15.199999809265137,15.229999542236328,11.835413932800293,6800
2017-11-13,15.199999809265137,15.319999694824219,15.199999809265137,15.319999694824219,11.905350685119629,1400
2017-11-14,15.369999885559082,15.380000114440918,15.34000015258789,15.34000015258789,11.958367347717285,4000
2017-11-15,15.3100004196167,15.390000343322754,15.229999542236328,15.390000343322754,11.997346878051758,10200
2017-11-16,15.350000381469727,15.390000343322754,15.289999961853027,15.319999694824219,11.942770957946777,3100
2017-11-17,15.399999618530273,15.399999618530273,15.329999923706055,15.34000015258789,11.958367347717285,4200
2017-11-20,15.350000381469727,15.520000457763672,14.960000038146973,14.970000267028809,11.669927597045898,59500
2017-11-21,15.029999732971191,15.149999618530273,15.010000228881836,15.149999618530273,11.810245513916016,8800
2017-11-22,15.25,15.25,15.039999961853027,15.149999618530273,11.810245513916016,12600
2017-11-24,15.399999618530273,15.399999618530273,15.0600004196167,15.0600004196167,11.740090370178223,4100
2017-11-27,15.100000381469727,15.100000381469727,15.069999694824219,15.09000015258789,11.763481140136719,1700
2017-11-28,15.069999694824219,15.109999656677246,15.069999694824219,15.109999656677246,11.779071807861328,1100
2017-11-29,15.09000015258789,15.210000038146973,15.09000015258789,15.210000038146973,11.857025146484375,13400
2017-11-30,15.109999656677246,15.15999984741211,15.069999694824219,15.15999984741211,11.818044662475586,9100
2017-12-01,15.119999885559082,15.300000190734863,15.119999885559082,15.119999885559082,11.786866188049316,4600
2017-12-04,15.15999984741211,15.170000076293945,15.119999885559082,15.119999885559082,11.786866188049316,4900
2017-12-05,15.119999885559082,15.300000190734863,15.119999885559082,15.140000343322754,11.802454948425293,6800
2017-12-06,15.140000343322754,15.239999771118164,15.140000343322754,15.239999771118164,11.880413055419922,2300
2017-12-07,15.369999885559082,15.369999885559082,15.119999885559082,15.25,11.888205528259277,14300
2017-12-08,15.210000038146973,15.210000038146973,15.0600004196167,15.140000343322754,11.802454948425293,11800
2017-12-11,15.369999885559082,15.369999885559082,15.170000076293945,15.220000267028809,11.864821434020996,2500
2017-12-12,15.210000038146973,15.210000038146973,15.119999885559082,15.170000076293945,11.825844764709473,2500
2017-12-13,15.170000076293945,15.170000076293945,15.109999656677246,15.119999885559082,11.786866188049316,7900
2017-12-14,15.199999809265137,15.399999618530273,15.170000076293945,15.390000343322754,12.082047462463379,20100
2017-12-15,15.390000343322754,15.390000343322754,15.300000190734863,15.34000015258789,12.042794227600098,9700
2017-12-18,15.319999694824219,15.319999694824219,15.300000190734863,15.319999694824219,12.027090072631836,4000
2017-12-19,15.350000381469727,15.350000381469727,15.09000015258789,15.09000015258789,11.84653091430664,10700
2017-12-20,15.170000076293945,15.170000076293945,15.010000228881836,15.029999732971191,11.79942512512207,19300
2017-12-21,15.029999732971191,15.029999732971191,14.75,14.920000076293945,11.713067054748535,45000
2017-12-22,15.039999961853027,15.039999961853027,14.720000267028809,14.819999694824219,11.634562492370605,15500
2017-12-26,14.880000114440918,14.899999618530273,14.760000228881836,14.890000343322754,11.6895170211792,7800
2017-12-27,14.920000076293945,14.970000267028809,14.920000076293945,14.960000038146973,11.744468688964844,10500
2017-12-28,14.9399995803833,14.970000267028809,14.880000114440918,14.9399995803833,11.728768348693848,29300
2017-12-29,14.9399995803833,14.960000038146973,14.880000114440918,14.90999984741211,11.705219268798828,12800
2018-01-02,14.880000114440918,15.0,14.850000381469727,14.859999656677246,11.66596508026123,20700
2018-01-03,15.180000305175781,15.180000305175781,14.930000305175781,15.140000343322754,11.885784149169922,24600
2018-01-04,15.239999771118164,15.520000457763672,15.239999771118164,15.520000457763672,12.184104919433594,12300
2018-01-05,15.510000228881836,16.0,15.510000228881836,15.619999885559082,12.26261043548584,23400
2018-01-08,15.619999885559082,15.630000114440918,15.359999656677246,15.359999656677246,12.058494567871094,7300
2018-01-09,15.430000305175781,16.0,15.399999618530273,15.859999656677246,12.451024055480957,16000
2018-01-10,16.0,17.170000076293945,15.449999809265137,15.5,12.168400764465332,21400
2018-01-11,15.350000381469727,15.5,15.300000190734863,15.319999694824219,12.063669204711914,8800
2018-01-12,15.229999542236328,15.25,15.180000305175781,15.25,12.008549690246582,7700
2018-01-16,15.399999618530273,15.399999618530273,15.050000190734863,15.09000015258789,11.882560729980469,18000
2018-01-17,15.210000038146973,15.289999961853027,14.979999542236328,15.069999694824219,11.866811752319336,18600
2018-01-18,14.970000267028809,15.039999961853027,14.960000038146973,15.0,11.811692237854004,22600
2018-01-19,14.970000267028809,15.010000228881836,14.970000267028809,14.970000267028809,11.78806209564209,7000
2018-01-22,14.970000267028809,14.989999771118164,14.949999809265137,14.949999809265137,11.772317886352539,9900
2018-01-23,14.880000114440918,14.930000305175781,14.859999656677246,14.859999656677246,11.701447486877441,6300
2018-01-24,14.8100004196167,15.0,14.8100004196167,14.880000114440918,11.717198371887207,11900
2018-01-25,14.880000114440918,14.880000114440918,14.75,14.75,11.614826202392578,13200
2018-01-26,14.75,14.75,14.630000114440918,14.630000114440918,11.520334243774414,9600
2018-01-29,14.529999732971191,14.619999885559082,14.319999694824219,14.380000114440918,11.32347297668457,46600
2018-01-30,14.470000267028809,14.470000267028809,14.319999694824219,14.380000114440918,11.32347297668457,13900
2018-01-31,14.520000457763672,14.520000457763672,14.479999542236328,14.5,11.417967796325684,11600
2018-02-01,14.600000381469727,14.600000381469727,14.449999809265137,14.5600004196167,11.465211868286133,7900
2018-02-02,14.430000305175781,14.529999732971191,14.390000343322754,14.5,11.417967796325684,12200
2018-02-05,14.569999694824219,14.569999694824219,14.270000457763672,14.359999656677246,11.307718276977539,9500
2018-02-06,14.34000015258789,14.470000267028809,14.34000015258789,14.460000038146973,11.386467933654785,16200
2018-02-07,14.5,14.84000015258789,14.5,14.84000015258789,11.685699462890625,5500
2018-02-08,14.84000015258789,14.90999984741211,14.84000015258789,14.890000343322754,11.72507095336914,3200
2018-02-09,15.010000228881836,15.010000228881836,14.970000267028809,14.979999542236328,11.795936584472656,3300
2018-02-12,14.890000343322754,14.890000343322754,14.680000305175781,14.6899995803833,11.567582130432129,11900
2018-02-13,14.539999961853027,14.989999771118164,14.539999961853027,14.760000228881836,11.622701644897461,10900
2018-02-14,14.989999771118164,15.09000015258789,14.460000038146973,14.460000038146973,11.422839164733887,6100
2018-02-15,14.949999809265137,14.949999809265137,14.470000267028809,14.520000457763672,11.47023868560791,6800
2018-02-16,14.779999732971191,14.960000038146973,14.720000267028809,14.84000015258789,11.723026275634766,9100
2018-02-20,14.899999618530273,14.899999618530273,14.800000190734863,14.800000190734863,11.691429138183594,5100
2018-02-21,14.729999542236328,14.84000015258789,14.539999961853027,14.600000381469727,11.533439636230469,16900
2018-02-22,14.779999732971191,14.779999732971191,14.359999656677246,14.369999885559082,11.351746559143066,18000
2018-02-23,14.550000190734863,14.550000190734863,14.25,14.479999542236328,11.438640594482422,13800
2018-02-26,14.420000076293945,14.420000076293945,14.199999809265137,14.34000015258789,11.328046798706055,55000
2018-02-27,14.369999885559082,14.380000114440918,14.170000076293945,14.289999961853027,11.288546562194824,27400
2018-02-28,14.59000015258789,14.59000015258789,14.319999694824219,14.380000114440918,11.359644889831543,14100
2018-03-01,14.4399995803833,14.4399995803833,14.369999885559082,14.390000343322754,11.367544174194336,5900
2018-03-02,14.270000457763672,14.34000015258789,14.210000038146973,14.300000190734863,11.29644775390625,30000
2018-03-05,14.239999771118164,14.300000190734863,14.239999771118164,14.239999771118164,11.249051094055176,3700
2018-03-06,14.390000343322754,14.390000343322754,14.350000381469727,14.369999885559082,11.351746559143066,12200
2018-03-07,14.300000190734863,14.300000190734863,14.180000305175781,14.260000228881836,11.264850616455078,3800
2018-03-08,14.220000267028809,14.260000228881836,14.15999984741211,14.170000076293945,11.19375228881836,10900
2018-03-09,14.239999771118164,14.239999771118164,14.140000343322754,14.210000038146973,11.225350379943848,17700
2018-03-12,14.229999542236328,14.229999542236328,14.140000343322754,14.229999542236328,11.24114990234375,12700
2018-03-13,14.1899995803833,14.1899995803833,14.109999656677246,14.1899995803833,11.209552764892578,7200
2018-03-14,14.079999923706055,14.109999656677246,14.039999961853027,14.079999923706055,11.157251358032227,9000
2018-03-15,13.949999809265137,14.039999961853027,13.949999809265137,13.970000267028809,11.070087432861328,25500
2018-03-16,14.029999732971191,14.029999732971191,13.920000076293945,13.970000267028809,11.070087432861328,22900
2018-03-19,13.9399995803833,13.989999771118164,13.9399995803833,13.970000267028809,11.070087432861328,14600
2018-03-20,13.949999809265137,13.949999809265137,13.850000381469727,13.90999984741211,11.022541046142578,13800
2018-03-21,13.84000015258789,13.890000343322754,13.829999923706055,13.84000015258789,10.967073440551758,10300
2018-03-22,13.930000305175781,13.930000305175781,13.869999885559082,13.890000343322754,11.006692886352539,8800
2018-03-23,13.920000076293945,13.920000076293945,13.8100004196167,13.829999923706055,10.95914363861084,14200
2018-03-26,13.890000343322754,13.890000343322754,13.800000190734863,13.850000381469727,10.974996566772461,7300
2018-03-27,13.84000015258789,13.84000015258789,13.789999961853027,13.8100004196167,10.9433012008667,9300
2018-03-28,13.899999618530273,13.90999984741211,13.819999694824219,13.890000343322754,11.006692886352539,43900
2018-03-29,13.90999984741211,13.90999984741211,13.869999885559082,13.899999618530273,11.014616012573242,12300
2018-04-02,13.899999618530273,13.949999809265137,13.649999618530273,13.869999885559082,10.99084758758545,32000
2018-04-03,13.850000381469727,13.920000076293945,13.850000381469727,13.890000343322754,11.006692886352539,8300
2018-04-04,13.880000114440918,14.020000457763672,13.699999809265137,13.880000114440918,10.998772621154785,24000
2018-04-05,13.920000076293945,13.930000305175781,13.880000114440918,13.90999984741211,11.022541046142578,4100
2018-04-06,13.970000267028809,13.989999771118164,13.90999984741211,13.930000305175781,11.038390159606934,5500
2018-04-09,13.920000076293945,13.949999809265137,13.880000114440918,13.930000305175781,11.038390159606934,13200
2018-04-10,13.890000343322754,13.960000038146973,13.850000381469727,13.90999984741211,11.022541046142578,17400
2018-04-11,13.829999923706055,13.949999809265137,13.829999923706055,13.90999984741211,11.022541046142578,6400
2018-04-12,13.949999809265137,13.949999809265137,13.84000015258789,13.880000114440918,11.033673286437988,5700
2018-04-13,13.859999656677246,13.90999984741211,13.84000015258789,13.90999984741211,11.057518005371094,3700
2018-04-16,13.899999618530273,13.899999618530273,13.670000076293945,13.720000267028809,10.90648078918457,62300
2018-04-17,13.699999809265137,13.720000267028809,13.640000343322754,13.6899995803833,10.882635116577148,24900
2018-04-18,13.649999618530273,13.680000305175781,13.630000114440918,13.630000114440918,10.834936141967773,9600
2018-04-19,13.600000381469727,13.649999618530273,13.579999923706055,13.649999618530273,10.85083293914795,10000
2018-04-20,13.630000114440918,13.6899995803833,13.609999656677246,13.640000343322754,10.84288501739502,12900
2018-04-23,13.680000305175781,13.680000305175781,13.619999885559082,13.619999885559082,10.826986312866211,20500
2018-04-24,13.630000114440918,13.640000343322754,13.619999885559082,13.619999885559082,10.826986312866211,2100
2018-04-25,13.65999984741211,13.65999984741211,13.510000228881836,13.539999961853027,10.76339340209961,15800
2018-04-26,13.579999923706055,13.619999885559082,13.579999923706055,13.600000381469727,10.811087608337402,2700
2018-04-27,13.609999656677246,13.680000305175781,13.609999656677246,13.670000076293945,10.866732597351074,17900
2018-04-30,13.729999542236328,13.729999542236328,13.65999984741211,13.65999984741211,10.858787536621094,6100
2018-05-01,13.680000305175781,13.729999542236328,13.619999885559082,13.680000305175781,10.874683380126953,28100
2018-05-02,13.729999542236328,13.770000457763672,13.710000038146973,13.710000038146973,10.898530960083008,8600
2018-05-03,13.699999809265137,13.979999542236328,13.699999809265137,13.75,10.930327415466309,14400
2018-05-04,13.770000457763672,13.779999732971191,13.760000228881836,13.760000228881836,10.938278198242188,4500
2018-05-07,13.720000267028809,13.899999618530273,13.720000267028809,13.819999694824219,10.985976219177246,25300
2018-05-08,13.84000015258789,13.930000305175781,13.8100004196167,13.869999885559082,11.025724411010742,10800
2018-05-09,13.869999885559082,13.890000343322754,13.829999923706055,13.859999656677246,11.01777172088623,14900
2018-05-10,13.859999656677246,13.859999656677246,13.8100004196167,13.819999694824219,10.985976219177246,10100
2018-05-11,13.850000381469727,13.930000305175781,13.850000381469727,13.890000343322754,11.041621208190918,7600
2018-05-14,13.850000381469727,14.0,13.829999923706055,13.880000114440918,11.068734169006348,15700
2018-05-15,13.90999984741211,13.920000076293945,13.75,13.829999923706055,11.028861045837402,16500
2018-05-16,13.829999923706055,13.869999885559082,13.829999923706055,13.84000015258789,11.036836624145508,4100
2018-05-17,13.819999694824219,13.880000114440918,13.770000457763672,13.770000457763672,10.981016159057617,10900
2018-05-18,13.829999923706055,13.859999656677246,13.800000190734863,13.8100004196167,11.012910842895508,4200
2018-05-21,13.800000190734863,13.8100004196167,13.6899995803833,13.75,10.96506404876709,13600
2018-05-22,13.75,13.789999961853027,13.75,13.789999961853027,10.996960639953613,3300
2018-05-23,13.859999656677246,13.859999656677246,13.760000228881836,13.829999923706055,11.028861045837402,7300
2018-05-24,13.90999984741211,13.90999984741211,13.819999694824219,13.819999694824219,11.02088737487793,7700
2018-05-25,13.920000076293945,13.920000076293945,13.869999885559082,13.90999984741211,11.09265422821045,13800
2018-05-29,13.930000305175781,14.0,13.920000076293945,14.0,11.164429664611816,15800
2018-05-30,14.0,14.079999923706055,13.930000305175781,14.020000457763672,11.180377960205078,18200
2018-05-31,14.09000015258789,14.180000305175781,14.050000190734863,14.130000114440918,11.268095016479492,22600
2018-06-01,14.300000190734863,14.300000190734863,14.029999732971191,14.050000190734863,11.204302787780762,19800
2018-06-04,14.170000076293945,14.180000305175781,14.050000190734863,14.069999694824219,11.220254898071289,9900
2018-06-05,14.069999694824219,14.130000114440918,14.020000457763672,14.020000457763672,11.180377960205078,16000
2018-06-06,13.979999542236328,14.0,13.949999809265137,13.970000267028809,11.140504837036133,9300
2018-06-07,13.970000267028809,14.020000457763672,13.949999809265137,13.949999809265137,11.124552726745605,4600
2018-06-08,13.9399995803833,14.029999732971191,13.9399995803833,14.020000457763672,11.180377960205078,24400
2018-06-11,14.119999885559082,14.119999885559082,13.989999771118164,14.010000228881836,11.172404289245605,8300
2018-06-12,14.119999885559082,14.119999885559082,13.949999809265137,13.949999809265137,11.124552726745605,4400
2018-06-13,14.050000190734863,14.050000190734863,13.729999542236328,13.760000228881836,10.973037719726562,27700
2018-06-14,13.760000228881836,13.760000228881836,13.699999809265137,13.699999809265137,10.960234642028809,6200
2018-06-15,13.729999542236328,13.729999542236328,13.65999984741211,13.65999984741211,10.928236961364746,36700
2018-06-18,13.6899995803833,13.729999542236328,13.6899995803833,13.720000267028809,10.976237297058105,8400
2018-06-19,13.729999542236328,13.770000457763672,13.720000267028809,13.770000457763672,11.016242027282715,22200
2018-06-20,13.770000457763672,13.84000015258789,13.770000457763672,13.84000015258789,11.072243690490723,22800
2018-06-21,13.829999923706055,13.84000015258789,13.8100004196167,13.819999694824219,11.05624008178711,5700
2018-06-22,13.899999618530273,13.899999618530273,13.829999923706055,13.859999656677246,11.088242530822754,6700
2018-06-25,13.930000305175781,13.930000305175781,13.899999618530273,13.899999618530273,11.120243072509766,5800
2018-06-26,14.100000381469727,14.100000381469727,13.930000305175781,13.989999771118164,11.192243576049805,22400
2018-06-27,14.220000267028809,14.220000267028809,13.949999809265137,14.010000228881836,11.208245277404785,9200
2018-06-28,14.010000228881836,14.010000228881836,13.9399995803833,13.960000038146973,11.168240547180176,7100
2018-06-29,13.979999542236328,13.979999542236328,13.949999809265137,13.970000267028809,11.17624568939209,10300
2018-07-02,13.979999542236328,13.979999542236328,13.899999618530273,13.979999542236328,11.184244155883789,7500
2018-07-03,13.970000267028809,14.0600004196167,13.949999809265137,14.039999961853027,11.232244491577148,1800
2018-07-05,14.029999732971191,14.039999961853027,13.960000038146973,13.970000267028809,11.17624568939209,12200
2018-07-06,14.0,14.020000457763672,14.0,14.0,11.20024585723877,1000
2018-07-09,14.029999732971191,14.039999961853027,13.890000343322754,13.9399995803833,11.152243614196777,18200
2018-07-10,13.970000267028809,13.970000267028809,13.859999656677246,13.890000343322754,11.112241744995117,19500
2018-07-11,13.899999618530273,13.920000076293945,13.890000343322754,13.890000343322754,11.112241744995117,1400
2018-07-12,13.789999961853027,13.880000114440918,13.789999961853027,13.829999923706055,11.099398612976074,6300
2018-07-13,13.819999694824219,13.920000076293945,13.819999694824219,13.859999656677246,11.123476028442383,7500
2018-07-16,13.960000038146973,13.960000038146973,13.84000015258789,13.890000343322754,11.147552490234375,10200
2018-07-17,13.869999885559082,13.90999984741211,13.829999923706055,13.829999923706055,11.099398612976074,3200
2018-07-18,13.880000114440918,13.890000343322754,13.829999923706055,13.859999656677246,11.123476028442383,4000
2018-07-19,13.869999885559082,13.9399995803833,13.859999656677246,13.90999984741211,11.163603782653809,9000
2018-07-20,13.920000076293945,13.960000038146973,13.90999984741211,13.960000038146973,11.20373249053955,14000
2018-07-23,13.9399995803833,13.979999542236328,13.850000381469727,13.880000114440918,11.139528274536133,9400
2018-07-24,13.899999618530273,13.920000076293945,13.859999656677246,13.90999984741211,11.163603782653809,11000
2018-07-25,13.920000076293945,13.989999771118164,13.90999984741211,13.90999984741211,11.163603782653809,13800
2018-07-26,13.920000076293945,13.970000267028809,13.90999984741211,13.960000038146973,11.20373249053955,12200
2018-07-27,13.920000076293945,14.0,13.90999984741211,13.90999984741211,11.163603782653809,4600
2018-07-30,13.890000343322754,13.920000076293945,13.819999694824219,13.850000381469727,11.11545467376709,11700
2018-07-31,13.850000381469727,13.979999542236328,13.850000381469727,13.90999984741211,11.163603782653809,14100
2018-08-01,13.930000305175781,13.979999542236328,13.890000343322754,13.90999984741211,11.163603782653809,10300
2018-08-02,13.90999984741211,14.010000228881836,13.850000381469727,13.850000381469727,11.11545467376709,24200
2018-08-03,13.930000305175781,13.960000038146973,13.880000114440918,13.920000076293945,11.171630859375,9700
2018-08-06,13.880000114440918,14.039999961853027,13.880000114440918,14.020000457763672,11.251887321472168,6900
2018-08-07,14.010000228881836,14.010000228881836,13.920000076293945,13.960000038146973,11.20373249053955,5000
2018-08-08,14.010000228881836,14.0600004196167,13.890000343322754,14.0,11.235836029052734,10200
2018-08-09,13.899999618530273,13.899999618530273,13.789999961853027,13.829999923706055,11.099398612976074,22400
2018-08-10,13.84000015258789,13.880000114440918,13.8100004196167,13.880000114440918,11.139528274536133,11900
2018-08-13,13.819999694824219,13.899999618530273,13.819999694824219,13.899999618530273,11.15557861328125,17200
2018-08-14,14.170000076293945,14.3100004196167,13.899999618530273,13.920000076293945,11.20710277557373,23400
2018-08-15,14.020000457763672,14.130000114440918,13.930000305175781,13.989999771118164,11.263467788696289,11300
2018-08-16,13.979999542236328,13.979999542236328,13.920000076293945,13.920000076293945,11.20710277557373,9600
2018-08-17,13.930000305175781,13.979999542236328,13.930000305175781,13.970000267028809,11.247363090515137,6000
2018-08-20,13.989999771118164,14.010000228881836,13.960000038146973,13.960000038146973,11.239310264587402,7400
2018-08-21,13.949999809265137,13.949999809265137,13.899999618530273,13.899999618530273,11.191003799438477,2300
2018-08-22,13.989999771118164,14.020000457763672,13.949999809265137,14.010000228881836,11.27956771850586,17000
2018-08-23,13.989999771118164,14.289999961853027,13.970000267028809,13.989999771118164,11.263467788696289,7000
2018-08-24,14.09000015258789,14.119999885559082,13.930000305175781,13.979999542236328,11.255412101745605,10900
2018-08-27,13.979999542236328,13.979999542236328,13.930000305175781,13.930000305175781,11.215161323547363,5600
2018-08-28,13.90999984741211,13.989999771118164,13.90999984741211,13.9399995803833,11.223210334777832,12800
2018-08-29,14.0,14.0,13.920000076293945,13.9399995803833,11.223210334777832,8300
2018-08-30,13.930000305175781,13.989999771118164,13.930000305175781,13.979999542236328,11.255412101745605,6800
2018-08-31,14.0,14.029999732971191,13.960000038146973,14.029999732971191,11.295668601989746,8700
2018-09-04,14.029999732971191,14.0600004196167,13.920000076293945,14.029999732971191,11.295668601989746,36900
2018-09-05,14.100000381469727,14.100000381469727,14.010000228881836,14.100000381469727,11.352027893066406,2400
2018-09-06,14.130000114440918,14.239999771118164,13.819999694824219,13.819999694824219,11.126593589782715,40500
2018-09-07,13.890000343322754,13.890000343322754,13.8100004196167,13.880000114440918,11.174905776977539,12600
2018-09-10,13.930000305175781,13.970000267028809,13.899999618530273,13.9399995803833,11.223210334777832,5700
2018-09-11,13.899999618530273,13.960000038146973,13.899999618530273,13.960000038146973,11.239310264587402,2900
2018-09-12,13.970000267028809,13.989999771118164,13.930000305175781,13.970000267028809,11.247363090515137,7000
2018-09-13,13.960000038146973,14.199999809265137,13.890000343322754,14.199999809265137,11.468659400939941,12200
2018-09-14,14.279999732971191,14.449999809265137,14.119999885559082,14.170000076293945,11.44443130493164,20500
2018-09-17,14.239999771118164,14.239999771118164,13.899999618530273,14.170000076293945,11.44443130493164,14100
2018-09-18,14.09000015258789,14.09000015258789,13.890000343322754,13.90999984741211,11.234443664550781,17600
2018-09-19,13.930000305175781,13.930000305175781,13.819999694824219,13.829999923706055,11.169821739196777,23900
2018-09-20,13.880000114440918,13.949999809265137,13.819999694824219,13.819999694824219,11.161750793457031,9500
2018-09-21,13.819999694824219,13.920000076293945,13.819999694824219,13.819999694824219,11.161750793457031,11500
2018-09-24,13.8100004196167,13.850000381469727,13.789999961853027,13.789999961853027,11.13752555847168,7800
2018-09-25,13.819999694824219,13.880000114440918,13.770000457763672,13.880000114440918,11.210209846496582,7400
2018-09-26,13.890000343322754,14.109999656677246,13.890000343322754,14.109999656677246,11.395970344543457,6800
2018-09-27,14.109999656677246,14.15999984741211,13.90999984741211,14.050000190734863,11.347509384155273,3600
2018-09-28,14.039999961853027,14.0600004196167,13.920000076293945,13.989999771118164,11.299052238464355,8100
2018-10-01,13.989999771118164,14.199999809265137,13.890000343322754,14.199999809265137,11.468659400939941,6100
2018-10-02,14.119999885559082,14.140000343322754,14.050000190734863,14.050000190734863,11.347509384155273,1900
2018-10-03,14.050000190734863,14.119999885559082,13.800000190734863,13.899999618530273,11.226362228393555,12400
2018-10-04,13.979999542236328,13.989999771118164,13.75,13.75,11.105215072631836,7700
2018-10-05,13.800000190734863,13.819999694824219,13.739999771118164,13.75,11.105215072631836,13200
2018-10-08,13.6899995803833,13.949999809265137,13.630000114440918,13.640000343322754,11.016374588012695,24800
2018-10-09,13.699999809265137,13.699999809265137,13.510000228881836,13.579999923706055,10.967916488647461,17100
2018-10-10,14.199999809265137,14.199999809265137,13.819999694824219,13.819999694824219,11.161750793457031,9500
2018-10-11,13.989999771118164,13.989999771118164,13.369999885559082,13.470000267028809,10.879074096679688,49200
2018-10-12,13.460000038146973,13.569999694824219,13.449999809265137,13.520000457763672,10.955241203308105,9100
2018-10-15,13.470000267028809,13.470000267028809,13.260000228881836,13.359999656677246,10.825594902038574,19000
2018-10-16,13.40999984741211,13.4399995803833,13.369999885559082,13.369999885559082,10.833698272705078,8500
2018-10-17,13.369999885559082,13.40999984741211,13.300000190734863,13.369999885559082,10.833698272705078,6500
2018-10-18,13.420000076293945,13.420000076293945,13.289999961853027,13.399999618530273,10.858004570007324,22200
2018-10-19,13.369999885559082,13.579999923706055,13.369999885559082,13.479999542236328,10.922830581665039,34900
2018-10-22,13.5,13.529999732971191,13.399999618530273,13.40999984741211,10.866108894348145,5400
2018-10-23,13.399999618530273,13.399999618530273,13.279999732971191,13.319999694824219,10.793183326721191,14800
2018-10-24,13.390000343322754,13.399999618530273,13.25,13.3100004196167,10.785079956054688,17400
2018-10-25,13.300000190734863,13.319999694824219,13.270000457763672,13.279999732971191,10.76076889038086,6300
2018-10-26,13.279999732971191,13.350000381469727,13.279999732971191,13.289999961853027,10.768872261047363,13000
2018-10-29,13.260000228881836,13.289999961853027,13.210000038146973,13.210000038146973,10.704049110412598,14600
2018-10-30,13.239999771118164,13.279999732971191,13.170000076293945,13.220000267028809,10.712152481079102,28100
2018-10-31,13.260000228881836,13.460000038146973,13.210000038146973,13.260000228881836,10.744564056396484,35400
2018-11-01,13.380000114440918,13.529999732971191,13.350000381469727,13.529999732971191,10.963342666625977,18700
2018-11-02,13.630000114440918,13.649999618530273,13.40999984741211,13.5600004196167,10.987653732299805,6400
2018-11-05,13.640000343322754,13.8100004196167,13.569999694824219,13.579999923706055,11.003860473632812,3500
2018-11-06,13.579999923706055,13.600000381469727,13.390000343322754,13.390000343322754,10.849902153015137,13800
2018-11-07,13.399999618530273,13.399999618530273,13.300000190734863,13.380000114440918,10.841804504394531,34100
2018-11-08,13.399999618530273,13.460000038146973,13.369999885559082,13.399999618530273,10.858004570007324,28900
2018-11-09,13.399999618530273,13.420000076293945,13.300000190734863,13.359999656677246,10.825594902038574,28400
2018-11-12,13.380000114440918,13.449999809265137,13.380000114440918,13.4399995803833,10.89041519165039,10000
2018-11-13,13.420000076293945,13.989999771118164,13.380000114440918,13.630000114440918,11.044374465942383,27800
2018-11-14,13.6899995803833,13.6899995803833,13.380000114440918,13.460000038146973,10.941947937011719,44700
2018-11-15,13.4399995803833,13.6899995803833,13.430000305175781,13.5,10.974464416503906,13700
2018-11-16,13.470000267028809,13.649999618530273,13.430000305175781,13.5,10.974464416503906,24200
2018-11-19,13.470000267028809,13.539999961853027,13.399999618530273,13.420000076293945,10.909428596496582,13100
2018-11-20,13.390000343322754,13.420000076293945,13.25,13.279999732971191,10.79561996459961,13400
2018-11-21,13.350000381469727,13.399999618530273,13.199999809265137,13.199999809265137,10.730585098266602,17800
2018-11-23,13.210000038146973,13.390000343322754,13.1899995803833,13.319999694824219,10.82813835144043,5500
2018-11-26,13.289999961853027,13.300000190734863,13.220000267028809,13.239999771118164,10.763100624084473,29900
2018-11-27,13.220000267028809,13.329999923706055,13.220000267028809,13.260000228881836,10.779361724853516,9400
2018-11-28,13.359999656677246,13.359999656677246,13.270000457763672,13.289999961853027,10.80374813079834,30900
2018-11-29,13.319999694824219,13.4399995803833,13.300000190734863,13.359999656677246,10.860651016235352,31600
2018-11-30,13.369999885559082,13.449999809265137,13.369999885559082,13.4399995803833,10.925683975219727,5400
2018-12-03,13.380000114440918,13.510000228881836,13.380000114440918,13.460000038146973,10.941947937011719,11000
2018-12-04,13.470000267028809,13.550000190734863,13.399999618530273,13.4399995803833,10.925683975219727,18200
2018-12-06,13.520000457763672,13.539999961853027,13.399999618530273,13.399999618530273,10.893170356750488,36300
2018-12-07,13.380000114440918,13.479999542236328,13.369999885559082,13.399999618530273,10.893170356750488,28300
2018-12-10,13.460000038146973,13.619999885559082,13.430000305175781,13.470000267028809,10.950077056884766,20200
2018-12-11,13.529999732971191,13.529999732971191,13.4399995803833,13.449999809265137,10.933815002441406,10900
2018-12-12,13.5,13.670000076293945,13.449999809265137,13.449999809265137,10.933815002441406,6400
2018-12-13,13.449999809265137,13.449999809265137,13.380000114440918,13.420000076293945,10.942787170410156,26800
2018-12-14,13.270000457763672,13.359999656677246,13.270000457763672,13.319999694824219,10.861245155334473,15500
2018-12-17,13.270000457763672,13.34000015258789,13.25,13.25,10.804165840148926,19900
2018-12-18,13.25,13.279999732971191,13.25,13.25,10.804165840148926,25600
2018-12-19,13.270000457763672,13.399999618530273,13.119999885559082,13.130000114440918,10.706319808959961,31700
2018-12-20,13.119999885559082,13.15999984741211,13.100000381469727,13.100000381469727,10.681856155395508,14700
2018-12-21,13.079999923706055,13.180000305175781,13.050000190734863,13.140000343322754,10.714473724365234,47000
2018-12-24,13.25,13.390000343322754,13.170000076293945,13.25,10.804165840148926,13500
2018-12-26,13.25,13.350000381469727,13.25,13.329999923706055,10.86939811706543,10700
2018-12-27,13.319999694824219,13.399999618530273,13.15999984741211,13.210000038146973,10.771550178527832,18300
2018-12-28,13.229999542236328,13.390000343322754,13.210000038146973,13.380000114440918,10.910172462463379,40100
2018-12-31,13.319999694824219,13.479999542236328,13.300000190734863,13.3100004196167,10.853092193603516,34300
2019-01-02,13.34000015258789,13.539999961853027,13.34000015258789,13.460000038146973,10.975404739379883,19600
2019-01-03,13.510000228881836,13.65999984741211,13.460000038146973,13.5600004196167,11.056941986083984,20700
2019-01-04,13.59000015258789,13.59000015258789,13.470000267028809,13.470000267028809,10.983558654785156,1800
2019-01-07,13.579999923706055,13.609999656677246,13.489999771118164,13.520000457763672,11.024324417114258,30900
2019-01-08,13.529999732971191,13.739999771118164,13.430000305175781,13.430000305175781,10.950942039489746,31200
2019-01-09,13.5,13.520000457763672,13.460000038146973,13.5,11.00802230834961,6600
2019-01-10,13.5,13.5600004196167,13.5,13.5600004196167,11.056941986083984,7800
2019-01-11,13.579999923706055,13.59000015258789,13.5600004196167,13.569999694824219,11.065098762512207,2400
2019-01-14,13.529999732971191,13.569999694824219,13.529999732971191,13.550000190734863,11.082274436950684,3200
2019-01-15,13.5600004196167,13.680000305175781,13.489999771118164,13.510000228881836,11.049551963806152,21300
2019-01-16,13.600000381469727,13.640000343322754,13.5,13.59000015258789,11.114986419677734,23200
2019-01-17,13.600000381469727,13.699999809265137,13.510000228881836,13.520000457763672,11.057734489440918,6300
2019-01-18,13.600000381469727,13.619999885559082,13.510000228881836,13.520000457763672,11.057734489440918,9300
2019-01-22,13.630000114440918,13.649999618530273,13.510000228881836,13.520000457763672,11.057734489440918,16000
2019-01-23,13.609999656677246,13.619999885559082,13.510000228881836,13.569999694824219,11.098630905151367,14700
2019-01-24,13.619999885559082,13.65999984741211,13.5600004196167,13.569999694824219,11.098630905151367,20600
2019-01-25,13.609999656677246,13.6899995803833,13.5600004196167,13.609999656677246,11.131342887878418,21200
2019-01-28,13.619999885559082,13.6899995803833,13.609999656677246,13.65999984741211,11.17223834991455,16900
2019-01-29,13.6899995803833,13.729999542236328,13.6899995803833,13.710000038146973,11.213133811950684,15800
2019-01-30,13.819999694824219,13.880000114440918,13.720000267028809,13.819999694824219,11.30309772491455,9100
2019-01-31,13.880000114440918,13.880000114440918,13.6899995803833,13.75,11.245848655700684,13700
2019-02-01,13.729999542236328,13.789999961853027,13.729999542236328,13.779999732971191,11.2703857421875,6300
2019-02-04,13.819999694824219,13.819999694824219,13.65999984741211,13.699999809265137,11.20495319366455,7000
2019-02-05,13.800000190734863,13.800000190734863,13.710000038146973,13.729999542236328,11.229487419128418,10700
2019-02-06,13.760000228881836,13.8100004196167,13.760000228881836,13.8100004196167,11.294927597045898,900
2019-02-07,13.880000114440918,13.880000114440918,13.84000015258789,13.869999885559082,11.343993186950684,13000
2019-02-08,13.84000015258789,13.979999542236328,13.84000015258789,13.850000381469727,11.327638626098633,8300
2019-02-11,13.84000015258789,13.960000038146973,13.8100004196167,13.850000381469727,11.327638626098633,22400
2019-02-12,13.850000381469727,14.100000381469727,13.850000381469727,13.869999885559082,11.343993186950684,6900
2019-02-13,14.1899995803833,14.1899995803833,13.9399995803833,14.079999923706055,11.515746116638184,6700
2019-02-14,14.100000381469727,14.100000381469727,13.859999656677246,13.979999542236328,11.46735668182373,4200
2019-02-15,14.050000190734863,14.0600004196167,13.979999542236328,13.979999542236328,11.46735668182373,5200
2019-02-19,14.069999694824219,14.15999984741211,13.760000228881836,13.760000228881836,11.286894798278809,69400
2019-02-20,13.770000457763672,13.8100004196167,13.770000457763672,13.800000190734863,11.319704055786133,11400
2019-02-21,13.8100004196167,13.890000343322754,13.75,13.789999961853027,11.311504364013672,7000
2019-02-22,13.859999656677246,14.050000190734863,13.800000190734863,13.859999656677246,11.368921279907227,23600
2019-02-25,13.930000305175781,13.930000305175781,13.850000381469727,13.859999656677246,11.368921279907227,10400
2019-02-26,13.880000114440918,13.920000076293945,13.829999923706055,13.869999885559082,11.37712287902832,8000
2019-02-27,13.949999809265137,13.949999809265137,13.90999984741211,13.90999984741211,11.409936904907227,2800
2019-02-28,13.920000076293945,13.9399995803833,13.850000381469727,13.859999656677246,11.368921279907227,4500
2019-03-01,14.149999618530273,14.149999618530273,13.920000076293945,14.029999732971191,11.508365631103516,9700
2019-03-04,14.149999618530273,14.149999618530273,14.020000457763672,14.050000190734863,11.524770736694336,7500
2019-03-05,14.100000381469727,14.100000381469727,14.050000190734863,14.050000190734863,11.524770736694336,2900
2019-03-06,14.050000190734863,14.0600004196167,13.960000038146973,14.029999732971191,11.508365631103516,10900
2019-03-07,14.039999961853027,14.0600004196167,14.020000457763672,14.020000457763672,11.500160217285156,2600
2019-03-08,14.079999923706055,14.079999923706055,14.020000457763672,14.079999923706055,11.549379348754883,6100
2019-03-11,14.09000015258789,14.09000015258789,14.029999732971191,14.0600004196167,11.53297233581543,6900
2019-03-12,14.149999618530273,14.149999618530273,14.050000190734863,14.109999656677246,11.57398509979248,10200
2019-03-13,14.039999961853027,14.039999961853027,13.800000190734863,13.989999771118164,11.475558280944824,16200
2019-03-14,13.90999984741211,13.960000038146973,13.90999984741211,13.960000038146973,11.484603881835938,400
2019-03-15,13.949999809265137,13.970000267028809,13.90999984741211,13.960000038146973,11.484603881835938,3900
2019-03-18,13.930000305175781,13.930000305175781,13.880000114440918,13.930000305175781,11.45992660522461,6100
2019-03-19,13.850000381469727,13.9399995803833,13.850000381469727,13.869999885559082,11.410562515258789,7200
2019-03-20,13.859999656677246,13.970000267028809,13.859999656677246,13.960000038146973,11.484603881835938,7100
2019-03-21,13.989999771118164,14.09000015258789,13.989999771118164,14.069999694824219,11.575101852416992,13300
2019-03-22,14.09000015258789,14.09000015258789,14.020000457763672,14.020000457763672,11.533965110778809,5500
2019-03-25,14.050000190734863,14.09000015258789,14.039999961853027,14.079999923706055,11.583328247070312,6200
2019-03-26,14.09000015258789,14.130000114440918,14.029999732971191,14.029999732971191,11.542192459106445,5500
2019-03-27,14.050000190734863,14.1899995803833,14.050000190734863,14.130000114440918,11.624462127685547,16900
2019-03-28,14.079999923706055,14.180000305175781,14.079999923706055,14.079999923706055,11.583328247070312,12400
2019-03-29,14.100000381469727,14.119999885559082,14.029999732971191,14.119999885559082,11.616233825683594,4900
2019-04-01,14.079999923706055,14.199999809265137,14.050000190734863,14.0600004196167,11.566872596740723,28500
2019-04-02,14.079999923706055,14.149999618530273,14.050000190734863,14.140000343322754,11.632685661315918,5200
2019-04-03,14.069999694824219,14.1899995803833,14.069999694824219,14.140000343322754,11.632685661315918,23300
2019-04-04,14.140000343322754,14.210000038146973,14.109999656677246,14.109999656677246,11.60800552368164,21000
2019-04-05,14.15999984741211,14.180000305175781,14.069999694824219,14.109999656677246,11.60800552368164,12500
2019-04-08,14.15999984741211,14.239999771118164,14.140000343322754,14.140000343322754,11.632685661315918,700
2019-04-09,14.130000114440918,14.1899995803833,14.130000114440918,14.149999618530273,11.640913963317871,1900
2019-04-10,14.119999885559082,14.1899995803833,14.119999885559082,14.15999984741211,11.649142265319824,4400
2019-04-11,14.239999771118164,14.239999771118164,14.140000343322754,14.210000038146973,11.69027042388916,5600
2019-04-12,14.119999885559082,14.180000305175781,14.069999694824219,14.140000343322754,11.666348457336426,7700
2019-04-15,14.149999618530273,14.1899995803833,14.130000114440918,14.170000076293945,11.691102981567383,2600
2019-04-16,14.119999885559082,14.130000114440918,14.020000457763672,14.020000457763672,11.567337989807129,5000
2019-04-17,14.020000457763672,14.109999656677246,14.020000457763672,14.0600004196167,11.60034465789795,5700
2019-04-18,14.0600004196167,14.119999885559082,13.970000267028809,13.970000267028809,11.526089668273926,4600
2019-04-22,14.020000457763672,14.050000190734863,13.970000267028809,14.050000190734863,11.592093467712402,15600
2019-04-23,14.079999923706055,14.079999923706055,14.029999732971191,14.029999732971191,11.575593948364258,8300
2019-04-24,14.079999923706055,14.149999618530273,14.079999923706055,14.130000114440918,11.658097267150879,6600
2019-04-25,14.140000343322754,14.25,14.140000343322754,14.25,11.757105827331543,10600
2019-04-26,14.210000038146973,14.25,14.180000305175781,14.180000305175781,11.699350357055664,2800
2019-04-29,14.25,14.25,14.229999542236328,14.25,11.757105827331543,7900
2019-04-30,14.25,14.319999694824219,14.1899995803833,14.319999694824219,11.814858436584473,2700
2019-05-01,14.399999618530273,14.399999618530273,14.1899995803833,14.210000038146973,11.724101066589355,13600
2019-05-02,14.079999923706055,14.180000305175781,14.079999923706055,14.140000343322754,11.666348457336426,53200
2019-05-03,14.220000267028809,14.220000267028809,14.069999694824219,14.140000343322754,11.666348457336426,13300
2019-05-06,14.149999618530273,14.350000381469727,14.119999885559082,14.170000076293945,11.691102981567383,15900
2019-05-07,14.170000076293945,14.25,14.170000076293945,14.229999542236328,11.740605354309082,23300
2019-05-08,14.229999542236328,14.25,14.199999809265137,14.220000267028809,11.732352256774902,6900
2019-05-09,14.279999732971191,14.279999732971191,14.210000038146973,14.279999732971191,11.781853675842285,12100
2019-05-10,14.260000228881836,14.270000457763672,14.109999656677246,14.109999656677246,11.641596794128418,14900
2019-05-13,14.199999809265137,14.279999732971191,14.149999618530273,14.270000457763672,11.773606300354004,14900
2019-05-14,14.220000267028809,14.239999771118164,14.180000305175781,14.229999542236328,11.774432182312012,7100
2019-05-15,14.229999542236328,14.3100004196167,14.140000343322754,14.289999961853027,11.824080467224121,12400
2019-05-16,14.25,14.300000190734863,14.180000305175781,14.239999771118164,11.782707214355469,5300
2019-05-17,14.300000190734863,14.300000190734863,14.0,14.130000114440918,11.691692352294922,24100
2019-05-20,14.25,14.25,14.130000114440918,14.170000076293945,11.7247896194458,6700
2019-05-21,14.210000038146973,14.210000038146973,14.140000343322754,14.140000343322754,11.699963569641113,1600
2019-05-22,14.180000305175781,14.1899995803833,14.130000114440918,14.180000305175781,11.733063697814941,12600
2019-05-23,14.210000038146973,14.279999732971191,14.199999809265137,14.270000457763672,11.807530403137207,17100
2019-05-24,14.260000228881836,14.270000457763672,14.220000267028809,14.220000267028809,11.766159057617188,3100
2019-05-28,14.260000228881836,14.279999732971191,14.229999542236328,14.229999542236328,11.774432182312012,5200
2019-05-29,14.270000457763672,14.3100004196167,14.270000457763672,14.289999961853027,11.824080467224121,20300
2019-05-30,14.3100004196167,14.3100004196167,14.279999732971191,14.300000190734863,11.832353591918945,18100
2019-05-31,14.220000267028809,14.300000190734863,14.220000267028809,14.270000457763672,11.807530403137207,15000
2019-06-03,14.270000457763672,14.3100004196167,14.270000457763672,14.289999961853027,11.824080467224121,10300
2019-06-04,14.3100004196167,14.34000015258789,14.270000457763672,14.279999732971191,11.815808296203613,11000
2019-06-05,14.279999732971191,14.319999694824219,14.279999732971191,14.279999732971191,11.815808296203613,6100
2019-06-06,14.3100004196167,14.350000381469727,14.3100004196167,14.350000381469727,11.873724937438965,17900
2019-06-07,14.369999885559082,14.460000038146973,14.350000381469727,14.390000343322754,11.906822204589844,16400
2019-06-10,14.369999885559082,14.479999542236328,14.369999885559082,14.430000305175781,11.939916610717773,5200
2019-06-11,14.449999809265137,14.5,14.430000305175781,14.430000305175781,11.939916610717773,14500
2019-06-12,14.399999618530273,14.460000038146973,14.399999618530273,14.40999984741211,11.923373222351074,2900
2019-06-13,14.430000305175781,14.430000305175781,14.359999656677246,14.40999984741211,11.959892272949219,8200
2019-06-14,14.380000114440918,14.460000038146973,14.359999656677246,14.369999885559082,11.926692962646484,19700
2019-06-17,14.40999984741211,14.5,14.319999694824219,14.34000015258789,11.90179443359375,15200
2019-06-18,14.40999984741211,14.430000305175781,14.34000015258789,14.359999656677246,11.918395042419434,16900
2019-06-19,14.390000343322754,14.390000343322754,14.359999656677246,14.390000343322754,11.943289756774902,4600
2019-06-20,14.489999771118164,14.489999771118164,14.40999984741211,14.4399995803833,11.984790802001953,10900
2019-06-21,14.5,14.5,14.4399995803833,14.460000038146973,12.001389503479004,7600
2019-06-24,14.449999809265137,14.619999885559082,14.449999809265137,14.539999961853027,12.067788124084473,31200
2019-06-25,14.5,14.5600004196167,14.5,14.520000457763672,12.051191329956055,5800
2019-06-26,14.5,14.619999885559082,14.5,14.619999885559082,12.134181022644043,17800
2019-06-27,14.579999923706055,14.640000343322754,14.510000228881836,14.600000381469727,12.117587089538574,9600
2019-06-28,14.619999885559082,14.880000114440918,14.619999885559082,14.800000190734863,12.28358268737793,10600
2019-07-01,14.890000343322754,14.890000343322754,14.800000190734863,14.829999923706055,12.30848217010498,14700
2019-07-02,14.880000114440918,14.989999771118164,14.829999923706055,14.899999618530273,12.36657428741455,9200
2019-07-03,14.9399995803833,14.9399995803833,14.90999984741211,14.90999984741211,12.374878883361816,1200
2019-07-05,14.90999984741211,14.90999984741211,14.819999694824219,14.819999694824219,12.300180435180664,8200
2019-07-08,14.869999885559082,14.869999885559082,14.729999542236328,14.739999771118164,12.233779907226562,7800
2019-07-09,14.800000190734863,14.949999809265137,14.75,14.949999809265137,12.40807819366455,2600
2019-07-10,14.90999984741211,14.930000305175781,14.819999694824219,14.890000343322754,12.358278274536133,10700
2019-07-11,14.90999984741211,15.09000015258789,14.880000114440918,14.899999618530273,12.36657428741455,23900
2019-07-12,14.880000114440918,14.880000114440918,14.720000267028809,14.720000267028809,12.253364562988281,33500
2019-07-15,14.850000381469727,14.960000038146973,14.760000228881836,14.84000015258789,12.353255271911621,10100
2019-07-16,14.899999618530273,15.020000457763672,14.899999618530273,14.899999618530273,12.40320110321045,14900
2019-07-17,14.890000343322754,14.890000343322754,14.819999694824219,14.850000381469727,12.361580848693848,900
2019-07-18,14.899999618530273,14.920000076293945,14.739999771118164,14.850000381469727,12.361580848693848,11700
2019-07-19,14.850000381469727,14.920000076293945,14.829999923706055,14.850000381469727,12.361580848693848,5500
2019-07-22,14.859999656677246,14.859999656677246,14.75,14.789999961853027,12.311638832092285,1400
2019-07-23,14.829999923706055,14.84000015258789,14.75,14.770000457763672,12.294991493225098,17600
2019-07-24,14.819999694824219,14.859999656677246,14.75,14.800000190734863,12.319960594177246,21400
2019-07-25,14.800000190734863,14.859999656677246,14.75,14.75,12.278336524963379,14100
2019-07-26,14.800000190734863,14.880000114440918,14.789999961853027,14.880000114440918,12.386552810668945,5600
2019-07-29,14.880000114440918,14.949999809265137,14.859999656677246,14.920000076293945,12.419855117797852,7600
2019-07-30,14.920000076293945,14.989999771118164,14.899999618530273,14.970000267028809,12.461469650268555,18000
2019-07-31,15.0,15.010000228881836,14.970000267028809,15.010000228881836,12.494770050048828,18100
2019-08-01,15.050000190734863,15.149999618530273,15.029999732971191,15.039999961853027,12.519742012023926,14600
2019-08-02,15.069999694824219,15.130000114440918,14.979999542236328,15.09000015258789,12.56136703491211,11400
2019-08-05,15.130000114440918,15.220000267028809,15.039999961853027,15.170000076293945,12.62796401977539,14100
2019-08-06,15.220000267028809,15.300000190734863,15.170000076293945,15.300000190734863,12.736177444458008,14300
2019-08-07,15.329999923706055,15.609999656677246,15.319999694824219,15.369999885559082,12.79444694519043,7600
2019-08-08,15.420000076293945,15.5,15.329999923706055,15.479999542236328,12.886009216308594,4500
2019-08-09,15.489999771118164,15.729999542236328,15.449999809265137,15.720000267028809,13.085793495178223,6600
2019-08-12,15.779999732971191,15.779999732971191,15.649999618530273,15.649999618530273,13.027524948120117,16200
2019-08-13,15.550000190734863,15.75,15.369999885559082,15.65999984741211,13.035848617553711,10300
2019-08-14,15.680000305175781,15.75,15.289999961853027,15.640000343322754,13.055882453918457,22500
2019-08-15,15.630000114440918,15.729999542236328,15.600000381469727,15.710000038146973,13.11431884765625,12500
2019-08-16,16.479999542236328,16.479999542236328,15.8100004196167,15.869999885559082,13.247880935668945,19400
2019-08-19,15.789999961853027,15.899999618530273,15.789999961853027,15.8100004196167,13.197793960571289,9900
2019-08-20,15.859999656677246,15.9399995803833,15.800000190734863,15.9399995803833,13.306318283081055,4800
2019-08-21,15.920000076293945,15.920000076293945,15.260000228881836,15.460000038146973,12.905623435974121,23500
2019-08-22,15.449999809265137,15.600000381469727,15.289999961853027,15.600000381469727,13.022493362426758,22100
2019-08-23,15.600000381469727,15.600000381469727,15.300000190734863,15.359999656677246,12.822144508361816,26000
2019-08-26,15.369999885559082,15.789999961853027,15.359999656677246,15.369999885559082,12.830496788024902,32900
2019-08-27,15.479999542236328,15.479999542236328,15.40999984741211,15.4399995803833,12.888930320739746,9900
2019-08-28,15.380000114440918,15.5,15.369999885559082,15.449999809265137,12.897276878356934,18700
2019-08-29,15.5,15.550000190734863,15.4399995803833,15.4399995803833,12.888930320739746,6100
2019-08-30,15.479999542236328,15.479999542236328,15.329999923706055,15.4399995803833,12.888930320739746,5400
2019-09-03,15.420000076293945,15.460000038146973,15.359999656677246,15.430000305175781,12.880581855773926,11400
2019-09-04,15.449999809265137,15.5600004196167,15.4399995803833,15.5600004196167,12.989102363586426,15900
2019-09-05,15.520000457763672,15.800000190734863,15.520000457763672,15.640000343322754,13.055882453918457,20700
2019-09-06,15.65999984741211,15.710000038146973,15.65999984741211,15.680000305175781,13.089276313781738,7700
2019-09-09,15.65999984741211,15.6899995803833,15.619999885559082,15.6899995803833,13.097623825073242,3300
2019-09-10,15.6899995803833,15.699999809265137,15.65999984741211,15.670000076293945,13.08092975616455,10200
2019-09-11,15.800000190734863,15.800000190734863,15.569999694824219,15.569999694824219,12.997448921203613,15200
2019-09-12,15.800000190734863,15.800000190734863,15.270000457763672,15.430000305175781,12.917085647583008,8300
2019-09-13,15.300000190734863,15.380000114440918,14.9399995803833,14.9399995803833,12.50688362121582,15400
2019-09-16,15.1899995803833,15.399999618530273,14.970000267028809,15.289999961853027,12.799885749816895,4800
2019-09-17,15.260000228881836,15.260000228881836,14.899999618530273,14.9399995803833,12.50688362121582,23300
2019-09-18,14.899999618530273,15.140000343322754,14.899999618530273,15.109999656677246,12.649200439453125,12600
2019-09-19,15.369999885559082,15.380000114440918,15.220000267028809,15.350000381469727,12.850112915039062,16100
2019-09-20,15.350000381469727,15.579999923706055,15.350000381469727,15.359999656677246,12.85848331451416,7000
2019-09-23,15.279999732971191,15.520000457763672,15.270000457763672,15.510000228881836,12.984055519104004,7800
2019-09-24,15.479999542236328,15.59000015258789,15.420000076293945,15.550000190734863,13.017539978027344,18900
2019-09-25,15.5600004196167,15.789999961853027,15.5,15.739999771118164,13.176599502563477,4300
2019-09-26,15.670000076293945,15.670000076293945,15.520000457763672,15.550000190734863,13.017539978027344,4500
2019-09-27,15.619999885559082,15.630000114440918,15.619999885559082,15.619999885559082,13.076142311096191,1400
2019-09-30,15.800000190734863,15.800000190734863,15.720000267028809,15.720000267028809,13.159854888916016,1500
2019-10-01,15.800000190734863,15.819999694824219,15.640000343322754,15.720000267028809,13.159854888916016,24300
2019-10-02,15.710000038146973,15.869999885559082,15.569999694824219,15.699999809265137,13.143113136291504,29500
2019-10-03,15.789999961853027,15.869999885559082,15.680000305175781,15.819999694824219,13.24356746673584,5800
2019-10-04,15.800000190734863,15.859999656677246,15.760000228881836,15.760000228881836,13.193340301513672,7300
2019-10-07,15.800000190734863,15.800000190734863,15.739999771118164,15.75,13.184968948364258,5300
2019-10-08,15.800000190734863,15.800000190734863,15.800000190734863,15.800000190734863,13.226826667785645,6400
2019-10-09,15.800000190734863,15.869999885559082,15.6899995803833,15.779999732971191,13.21008586883545,5900
2019-10-10,15.869999885559082,15.869999885559082,15.680000305175781,15.779999732971191,13.21008586883545,3100
2019-10-11,15.770000457763672,15.770000457763672,15.479999542236328,15.5,13.011968612670898,9900
2019-10-14,15.380000114440918,15.449999809265137,15.380000114440918,15.380000114440918,12.91123104095459,6500
2019-10-15,15.4399995803833,15.529999732971191,15.3100004196167,15.3100004196167,12.85246467590332,9300
2019-10-16,15.40999984741211,15.40999984741211,15.100000381469727,15.300000190734863,12.844073295593262,15000
2019-10-17,15.300000190734863,15.34000015258789,15.260000228881836,15.34000015258789,12.877653121948242,8200
2019-10-18,15.300000190734863,15.300000190734863,15.149999618530273,15.149999618530273,12.71815013885498,7500
2019-10-21,15.15999984741211,15.15999984741211,15.149999618530273,15.149999618530273,12.71815013885498,4200
2019-10-22,15.180000305175781,15.270000457763672,15.100000381469727,15.210000038146973,12.768514633178711,7800
2019-10-23,15.289999961853027,15.420000076293945,15.25,15.350000381469727,12.886043548583984,2700
2019-10-24,15.350000381469727,15.569999694824219,15.149999618530273,15.449999809265137,12.96999454498291,20600
2019-10-25,15.420000076293945,15.539999961853027,15.319999694824219,15.539999961853027,13.045546531677246,4000
2019-10-28,15.529999732971191,15.670000076293945,15.420000076293945,15.420000076293945,12.944807052612305,1000
2019-10-29,15.420000076293945,16.25,15.420000076293945,15.710000038146973,13.188261032104492,13400
2019-10-30,15.699999809265137,15.800000190734863,15.5,15.5,13.011968612670898,23700
2019-10-31,15.5,15.5,15.3100004196167,15.399999618530273,12.928019523620605,17700
2019-11-01,15.319999694824219,15.760000228881836,15.319999694824219,15.760000228881836,13.230229377746582,14200
2019-11-04,15.670000076293945,15.670000076293945,15.630000114440918,15.640000343322754,13.129488945007324,7900
2019-11-05,15.6899995803833,15.6899995803833,15.5,15.609999656677246,13.104310989379883,15100
2019-11-06,15.520000457763672,15.529999732971191,15.4399995803833,15.489999771118164,13.003572463989258,4000
2019-11-07,15.479999542236328,15.539999961853027,15.479999542236328,15.539999961853027,13.045546531677246,1200
2019-11-08,15.479999542236328,15.579999923706055,15.479999542236328,15.5,13.011968612670898,3600
2019-11-11,15.680000305175781,15.680000305175781,15.600000381469727,15.600000381469727,13.095917701721191,1000
2019-11-12,15.600000381469727,15.710000038146973,15.539999961853027,15.569999694824219,13.070733070373535,6100
2019-11-13,15.819999694824219,16.0,15.600000381469727,15.850000381469727,13.305785179138184,6200
2019-11-14,15.800000190734863,15.800000190734863,15.460000038146973,15.550000190734863,13.090280532836914,6500
2019-11-15,15.479999542236328,15.59000015258789,15.430000305175781,15.579999923706055,13.115535736083984,10500
2019-11-18,15.489999771118164,15.6899995803833,15.380000114440918,15.6899995803833,13.208137512207031,10800
2019-11-19,15.600000381469727,15.989999771118164,15.470000267028809,15.550000190734863,13.090280532836914,6100
2019-11-20,15.59000015258789,15.75,15.40999984741211,15.40999984741211,12.972426414489746,5400
2019-11-21,15.520000457763672,15.640000343322754,15.180000305175781,15.270000457763672,12.854571342468262,14500
2019-11-22,15.289999961853027,15.3100004196167,15.100000381469727,15.170000076293945,12.77038860321045,7600
2019-11-25,15.1899995803833,15.300000190734863,15.119999885559082,15.170000076293945,12.77038860321045,11100
2019-11-26,15.270000457763672,15.420000076293945,15.199999809265137,15.220000267028809,12.812479019165039,40500
2019-11-27,15.3100004196167,15.350000381469727,15.239999771118164,15.300000190734863,12.879827499389648,20200
2019-11-29,15.34000015258789,15.34000015258789,15.34000015258789,15.34000015258789,12.913500785827637,1600
2019-12-02,15.619999885559082,15.619999885559082,15.25,15.489999771118164,13.039770126342773,6600
2019-12-03,15.569999694824219,15.600000381469727,15.40999984741211,15.579999923706055,13.115535736083984,9400
2019-12-04,15.579999923706055,15.760000228881836,15.579999923706055,15.699999809265137,13.216552734375,9100
2019-12-05,15.699999809265137,15.84000015258789,15.5,15.829999923706055,13.325986862182617,4900
2019-12-06,15.680000305175781,16.0,15.680000305175781,15.960000038146973,13.4354248046875,11200
2019-12-09,16.0,16.799999237060547,15.510000228881836,15.520000457763672,13.06502628326416,24100
2019-12-10,15.649999618530273,15.710000038146973,15.529999732971191,15.710000038146973,13.224973678588867,4600
2019-12-11,15.800000190734863,16.18000030517578,15.800000190734863,16.18000030517578,13.620630264282227,4700
2019-12-12,16.200000762939453,16.5,16.200000762939453,16.239999771118164,13.708413124084473,11900
2019-12-13,16.450000762939453,16.450000762939453,16.110000610351562,16.450000762939453,13.885677337646484,6700
2019-12-16,16.450000762939453,17.25,16.329999923706055,16.389999389648438,13.835033416748047,15600
2019-12-17,16.579999923706055,16.579999923706055,16.459999084472656,16.530000686645508,13.953207969665527,9100
2019-12-18,16.68000030517578,16.979999542236328,16.350000381469727,16.350000381469727,13.801265716552734,17000
2019-12-19,16.65999984741211,16.670000076293945,16.34000015258789,16.420000076293945,13.860355377197266,9100
2019-12-20,16.3799991607666,16.549999237060547,16.34000015258789,16.459999084472656,13.894120216369629,5900
2019-12-23,16.600000381469727,16.610000610351562,16.389999389648438,16.389999389648438,13.835033416748047,1700
2019-12-24,16.459999084472656,16.459999084472656,16.420000076293945,16.459999084472656,13.894120216369629,18800
2019-12-26,16.329999923706055,16.5,16.329999923706055,16.5,13.927882194519043,6300
2019-12-27,16.700000762939453,16.700000762939453,16.350000381469727,16.360000610351562,13.80970573425293,4400
2019-12-30,16.40999984741211,16.690000534057617,16.31999969482422,16.520000457763672,13.9447660446167,6400
2019-12-31,16.540000915527344,16.649999618530273,16.350000381469727,16.6200008392334,14.029179573059082,4700
2020-01-02,16.729999542236328,16.850000381469727,16.170000076293945,16.170000076293945,13.649322509765625,17400
2020-01-03,16.3799991607666,16.3799991607666,16.1299991607666,16.15999984741211,13.640885353088379,3100
2020-01-06,16.09000015258789,16.100000381469727,15.949999809265137,15.989999771118164,13.497385025024414,7100
2020-01-07,16.110000610351562,16.170000076293945,16.110000610351562,16.170000076293945,13.649322509765625,1800
2020-01-08,16.229999542236328,16.420000076293945,16.0,16.0,13.50582504272461,1500
2020-01-09,16.100000381469727,16.239999771118164,15.979999542236328,15.989999771118164,13.497385025024414,10200
2020-01-10,15.970000267028809,15.979999542236328,15.710000038146973,15.710000038146973,13.261033058166504,11800
2020-01-13,15.829999923706055,15.920000076293945,15.710000038146973,15.729999542236328,13.27791690826416,3200
2020-01-14,15.800000190734863,15.899999618530273,15.710000038146973,15.720000267028809,13.306695938110352,5100
2020-01-15,15.710000038146973,15.859999656677246,15.640000343322754,15.760000228881836,13.340553283691406,9200
2020-01-16,15.760000228881836,15.8100004196167,15.65999984741211,15.710000038146973,13.298233985900879,5200
2020-01-17,15.65999984741211,15.890000343322754,15.640000343322754,15.670000076293945,13.264372825622559,11600
2020-01-21,15.770000457763672,15.829999923706055,15.640000343322754,15.670000076293945,13.264372825622559,3700
2020-01-22,15.65999984741211,15.829999923706055,15.65999984741211,15.729999542236328,13.31515884399414,12400
2020-01-23,15.789999961853027,15.84000015258789,15.699999809265137,15.699999809265137,13.289764404296875,4400
2020-01-24,15.720000267028809,15.90999984741211,15.710000038146973,15.75,13.33209228515625,7400
2020-01-27,15.789999961853027,16.100000381469727,15.789999961853027,16.100000381469727,13.628360748291016,6700
2020-01-28,15.989999771118164,16.149999618530273,15.989999771118164,16.1200008392334,13.645288467407227,10100
2020-01-29,16.1200008392334,16.219999313354492,16.040000915527344,16.219999313354492,13.729939460754395,6100
2020-01-30,16.350000381469727,16.450000762939453,16.270000457763672,16.360000610351562,13.848444938659668,4600
2020-01-31,16.479999542236328,16.489999771118164,16.270000457763672,16.329999923706055,13.823050498962402,5000
2020-02-03,16.5,16.5,16.239999771118164,16.239999771118164,13.746870040893555,11800
2020-02-04,16.18000030517578,16.18000030517578,16.049999237060547,16.059999465942383,13.594499588012695,10300
2020-02-05,16.020000457763672,16.360000610351562,15.920000076293945,15.920000076293945,13.475994110107422,9400
2020-02-06,15.960000038146973,16.030000686645508,15.9399995803833,15.9399995803833,13.492921829223633,4500
2020-02-07,16.030000686645508,16.09000015258789,15.960000038146973,15.960000038146973,13.509851455688477,12100
2020-02-10,16.110000610351562,16.530000686645508,15.9399995803833,16.010000228881836,13.55217456817627,9600
2020-02-11,16.049999237060547,16.049999237060547,15.989999771118164,15.989999771118164,13.53524398803711,4500
2020-02-12,16.049999237060547,16.15999984741211,15.970000267028809,15.970000267028809,13.518320083618164,13500
2020-02-13,15.899999618530273,16.100000381469727,15.850000381469727,15.880000114440918,13.479269027709961,17300
2020-02-14,15.890000343322754,16.0,15.850000381469727,15.890000343322754,13.487759590148926,21500
2020-02-18,15.890000343322754,15.890000343322754,15.84000015258789,15.890000343322754,13.487759590148926,13800
2020-02-19,15.890000343322754,16.020000457763672,15.890000343322754,16.020000457763672,13.59810733795166,6700
2020-02-20,15.960000038146973,16.030000686645508,15.90999984741211,16.010000228881836,13.589615821838379,6400
2020-02-21,15.9399995803833,15.960000038146973,15.90999984741211,15.960000038146973,13.547176361083984,13400
2020-02-24,15.970000267028809,16.09000015258789,15.920000076293945,15.979999542236328,13.564151763916016,11400
2020-02-25,15.960000038146973,16.0,15.890000343322754,15.920000076293945,13.513225555419922,10800
2020-02-26,15.960000038146973,15.989999771118164,15.90999984741211,15.90999984741211,13.504735946655273,2000
2020-02-27,15.890000343322754,16.3799991607666,15.729999542236328,15.970000267028809,13.555667877197266,23800
2020-02-28,16.469999313354492,16.469999313354492,15.920000076293945,16.020000457763672,13.59810733795166,10200
2020-03-02,16.059999465942383,16.610000610351562,16.059999465942383,16.540000915527344,14.0394926071167,12800
2020-03-03,16.610000610351562,17.579999923706055,16.610000610351562,17.579999923706055,14.922260284423828,12600
2020-03-04,17.399999618530273,18.239999771118164,17.0,17.639999389648438,14.973194122314453,19100
2020-03-05,18.25,18.329999923706055,16.219999313354492,16.219999313354492,13.767871856689453,18100
2020-03-06,16.25,16.829999923706055,15.829999923706055,15.960000038146973,13.547176361083984,16900
2020-03-09,15.729999542236328,16.229999542236328,15.729999542236328,15.800000190734863,13.411365509033203,8000
2020-03-10,15.899999618530273,15.899999618530273,15.199999809265137,15.239999771118164,12.936026573181152,12400
2020-03-11,15.3100004196167,15.3100004196167,14.699999809265137,14.800000190734863,12.562545776367188,22000
2020-03-12,14.529999732971191,15.25,13.869999885559082,14.0600004196167,11.970003128051758,45400
2020-03-13,14.5,14.819999694824219,14.15999984741211,14.260000228881836,12.140275001525879,25900
2020-03-16,14.0,14.520000457763672,14.0,14.029999732971191,11.944462776184082,15900
2020-03-17,14.529999732971191,14.6899995803833,13.800000190734863,13.819999694824219,11.765677452087402,47900
2020-03-18,13.779999732971191,13.800000190734863,12.0,12.210000038146973,10.395002365112305,52100
2020-03-19,12.489999771118164,13.180000305175781,12.0,13.180000305175781,11.220816612243652,26800
2020-03-20,12.90999984741211,14.720000267028809,12.90999984741211,13.75,11.70608139038086,45300
2020-03-23,14.25,14.25,12.420000076293945,12.960000038146973,11.033519744873047,36300
2020-03-24,13.0,13.84000015258789,13.0,13.600000381469727,11.578383445739746,19700
2020-03-25,13.770000457763672,14.680000305175781,13.25,13.869999885559082,11.808247566223145,39500
2020-03-26,13.770000457763672,14.989999771118164,13.6899995803833,14.75,12.55743408203125,22600
2020-03-27,14.680000305175781,14.850000381469727,14.109999656677246,14.260000228881836,12.140275001525879,12200
2020-03-30,14.630000114440918,15.170000076293945,14.0600004196167,14.399999618530273,12.259464263916016,16800
2020-03-31,14.229999542236328,14.920000076293945,14.100000381469727,14.5,12.344596862792969,18300
2020-04-01,14.520000457763672,14.59000015258789,14.079999923706055,14.15999984741211,12.055136680603027,12100
2020-04-02,14.109999656677246,14.390000343322754,14.109999656677246,14.279999732971191,12.157301902770996,18700
2020-04-03,14.34000015258789,14.470000267028809,14.199999809265137,14.279999732971191,12.157301902770996,20800
2020-04-06,14.359999656677246,14.670000076293945,14.359999656677246,14.40999984741211,12.267977714538574,2100
2020-04-07,14.579999923706055,15.3100004196167,14.199999809265137,14.3100004196167,12.182841300964355,35100
2020-04-08,14.3100004196167,14.960000038146973,14.3100004196167,14.960000038146973,12.736220359802246,6600
2020-04-09,15.029999732971191,15.34000015258789,14.779999732971191,15.069999694824219,12.82986831665039,17000
2020-04-13,15.239999771118164,15.869999885559082,15.100000381469727,15.180000305175781,12.923517227172852,13700
2020-04-14,15.59000015258789,15.8100004196167,14.979999542236328,15.039999961853027,12.84154987335205,5900
2020-04-15,15.079999923706055,15.550000190734863,15.079999923706055,15.550000190734863,13.277000427246094,7700
2020-04-16,15.460000038146973,15.510000228881836,15.069999694824219,15.140000343322754,12.926934242248535,7300
2020-04-17,15.4399995803833,15.4399995803833,14.979999542236328,15.199999809265137,12.97816276550293,4400
2020-04-20,15.34000015258789,15.34000015258789,14.8100004196167,14.899999618530273,12.722012519836426,11500
2020-04-21,14.899999618530273,14.949999809265137,14.4399995803833,14.449999809265137,12.337793350219727,15600
2020-04-22,14.489999771118164,14.5600004196167,14.34000015258789,14.350000381469727,12.252408981323242,9900
2020-04-23,14.34000015258789,14.40999984741211,14.210000038146973,14.210000038146973,12.132872581481934,12500
2020-04-24,14.300000190734863,14.300000190734863,14.0,14.039999961853027,11.98772144317627,16300
2020-04-27,14.119999885559082,14.119999885559082,13.760000228881836,13.800000190734863,11.782808303833008,13900
2020-04-28,13.920000076293945,14.020000457763672,13.829999923706055,13.979999542236328,11.936492919921875,14500
2020-04-29,14.020000457763672,14.399999618530273,14.020000457763672,14.329999923706055,12.235333442687988,21800
2020-04-30,14.479999542236328,14.479999542236328,14.220000267028809,14.300000190734863,12.209720611572266,6700
2020-05-01,14.390000343322754,14.420000076293945,14.350000381469727,14.390000343322754,12.286564826965332,13000
2020-05-04,14.430000305175781,14.430000305175781,14.300000190734863,14.329999923706055,12.235333442687988,6300
2020-05-05,14.470000267028809,14.59000015258789,14.470000267028809,14.59000015258789,12.457327842712402,9300
2020-05-06,14.640000343322754,15.539999961853027,14.640000343322754,15.539999961853027,13.268465042114258,16500
2020-05-07,15.359999656677246,15.539999961853027,14.75,15.220000267028809,12.995240211486816,21900
2020-05-08,15.489999771118164,15.489999771118164,15.3100004196167,15.380000114440918,13.131851196289062,5600
2020-05-11,15.5,15.5,15.020000457763672,15.260000228881836,13.02939224243164,30500
2020-05-12,15.319999694824219,15.319999694824219,15.0,15.220000267028809,12.995240211486816,15200
2020-05-13,15.079999923706055,15.09000015258789,14.6899995803833,14.829999923706055,12.662250518798828,11200
2020-05-14,14.819999694824219,14.979999542236328,14.8100004196167,14.8100004196167,12.682802200317383,3800
2020-05-15,14.899999618530273,15.489999771118164,14.890000343322754,15.229999542236328,13.042472839355469,3000
2020-05-18,15.25,15.489999771118164,14.619999885559082,14.640000343322754,12.537217140197754,4300
2020-05-19,14.760000228881836,15.050000190734863,14.760000228881836,14.949999809265137,12.802691459655762,2100
2020-05-20,15.010000228881836,15.140000343322754,15.010000228881836,15.140000343322754,12.965401649475098,5000
2020-05-21,15.140000343322754,15.220000267028809,15.140000343322754,15.149999618530273,12.973962783813477,4200
2020-05-22,14.989999771118164,15.079999923706055,14.989999771118164,15.050000190734863,12.888324737548828,7700
2020-05-26,15.130000114440918,15.5,15.130000114440918,15.5,13.27369213104248,6900
2020-05-27,15.489999771118164,15.489999771118164,15.220000267028809,15.489999771118164,13.265129089355469,10400
2020-05-28,15.470000267028809,15.5,15.430000305175781,15.489999771118164,13.265129089355469,4100
2020-05-29,15.489999771118164,15.5,15.4399995803833,15.489999771118164,13.265129089355469,7400
2020-06-01,15.5,15.5,15.399999618530273,15.5,13.27369213104248,13200
2020-06-02,15.5,16.489999771118164,15.449999809265137,16.389999389648438,14.03586196899414,34700
2020-06-03,16.399999618530273,16.700000762939453,16.059999465942383,16.1299991607666,13.813202857971191,9200
2020-06-04,16.209999084472656,16.209999084472656,15.359999656677246,15.520000457763672,13.290820121765137,11500
2020-06-05,15.630000114440918,15.6899995803833,15.470000267028809,15.550000190734863,13.316509246826172,6100
2020-06-08,15.5600004196167,15.5600004196167,15.390000343322754,15.390000343322754,13.179492950439453,3800
2020-06-09,15.390000343322754,15.449999809265137,15.359999656677246,15.359999656677246,13.153799057006836,5500
2020-06-10,15.460000038146973,15.5600004196167,15.359999656677246,15.359999656677246,13.153799057006836,7900
2020-06-11,15.449999809265137,15.479999542236328,15.210000038146973,15.210000038146973,13.025343894958496,4200
2020-06-12,15.1899995803833,15.329999923706055,15.1899995803833,15.329999923706055,13.166194915771484,5200
2020-06-15,15.34000015258789,15.6899995803833,15.34000015258789,15.6899995803833,13.475384712219238,9200
2020-06-16,15.6899995803833,16.020000457763672,15.520000457763672,16.0,13.741629600524902,17700
2020-06-17,16.010000228881836,16.239999771118164,15.600000381469727,15.760000228881836,13.535501480102539,7700
2020-06-18,15.630000114440918,16.079999923706055,15.609999656677246,15.960000038146973,13.707275390625,9800
2020-06-19,15.970000267028809,16.170000076293945,15.84000015258789,16.100000381469727,13.827512741088867,12300
2020-06-22,16.139999389648438,16.219999313354492,16.0,16.219999313354492,13.93057632446289,2600
2020-06-23,16.219999313354492,16.6200008392334,15.75,16.200000762939453,13.913400650024414,15800
2020-06-24,16.059999465942383,16.299999237060547,16.010000228881836,16.200000762939453,13.913400650024414,7500
2020-06-25,16.239999771118164,16.600000381469727,16.0,16.059999465942383,13.793159484863281,10900
2020-06-26,16.1299991607666,16.270000457763672,16.1200008392334,16.15999984741211,13.879044532775879,6300
2020-06-29,16.1200008392334,16.5,15.760000228881836,16.170000076293945,13.8876314163208,9800
2020-06-30,16.219999313354492,16.399999618530273,15.859999656677246,16.399999618530273,14.085173606872559,6500
2020-07-01,16.399999618530273,16.399999618530273,15.859999656677246,16.190000534057617,13.904809951782227,3300
2020-07-02,16.270000457763672,16.270000457763672,16.149999618530273,16.149999618530273,13.87045669555664,1900
2020-07-06,16.110000610351562,16.139999389648438,16.0,16.06999969482422,13.801749229431152,4300
2020-07-07,16.049999237060547,16.3799991607666,16.049999237060547,16.3799991607666,14.067987442016602,6800
2020-07-08,16.3799991607666,16.399999618530273,15.859999656677246,16.139999389648438,13.861863136291504,6200
2020-07-09,16.299999237060547,16.299999237060547,16.280000686645508,16.290000915527344,13.990696907043457,1200
2020-07-10,16.299999237060547,16.299999237060547,16.200000762939453,16.280000686645508,13.982107162475586,3600
2020-07-13,16.299999237060547,16.299999237060547,16.219999313354492,16.219999313354492,13.93057632446289,1300
2020-07-14,16.239999771118164,16.399999618530273,16.239999771118164,16.290000915527344,14.028754234313965,3100
2020-07-15,16.389999389648438,16.389999389648438,16.110000610351562,16.1200008392334,13.88235092163086,5400
2020-07-16,16.139999389648438,16.399999618530273,16.06999969482422,16.09000015258789,13.856515884399414,6600
2020-07-17,16.170000076293945,16.389999389648438,16.09000015258789,16.389999389648438,14.114872932434082,5500
2020-07-20,16.399999618530273,16.399999618530273,16.170000076293945,16.329999923706055,14.063199996948242,7900
2020-07-21,16.219999313354492,16.299999237060547,16.170000076293945,16.170000076293945,13.925408363342285,7400
2020-07-22,16.229999542236328,16.290000915527344,16.200000762939453,16.25,13.994303703308105,3600
2020-07-23,16.280000686645508,16.280000686645508,16.09000015258789,16.149999618530273,13.908185958862305,1600
2020-07-24,16.170000076293945,16.170000076293945,16.06999969482422,16.06999969482422,13.8392915725708,5800
2020-07-27,16.049999237060547,16.1299991607666,15.949999809265137,15.979999542236328,13.761780738830566,11500
2020-07-28,16.079999923706055,16.1200008392334,15.960000038146973,15.970000267028809,13.753174781799316,2200
2020-07-29,16.020000457763672,16.020000457763672,15.979999542236328,15.979999542236328,13.761780738830566,1300
2020-07-30,16.110000610351562,16.18000030517578,15.920000076293945,15.970000267028809,13.753174781799316,1500
2020-07-31,16.110000610351562,16.110000610351562,15.979999542236328,16.06999969482422,13.8392915725708,7500
2020-08-03,16.09000015258789,16.219999313354492,16.040000915527344,16.06999969482422,13.8392915725708,8100
2020-08-04,16.079999923706055,16.209999084472656,16.079999923706055,16.170000076293945,13.925408363342285,5700
2020-08-05,16.149999618530273,16.290000915527344,16.110000610351562,16.15999984741211,13.916797637939453,10000
2020-08-06,16.200000762939453,16.239999771118164,16.09000015258789,16.190000534057617,13.942632675170898,6900
2020-08-07,16.260000228881836,16.260000228881836,16.030000686645508,16.030000686645508,13.804842948913574,4500
2020-08-10,16.040000915527344,16.229999542236328,16.040000915527344,16.229999542236328,13.97707748413086,2400
2020-08-11,16.149999618530273,16.229999542236328,16.149999618530273,16.209999084472656,13.959856033325195,4600
2020-08-12,16.200000762939453,16.200000762939453,16.149999618530273,16.15999984741211,13.916797637939453,2600
2020-08-13,16.1200008392334,16.290000915527344,16.1200008392334,16.290000915527344,14.067054748535156,2700
2020-08-14,16.18000030517578,16.329999923706055,16.100000381469727,16.329999923706055,14.101597785949707,6300
2020-08-17,16.239999771118164,16.239999771118164,16.229999542236328,16.229999542236328,14.015244483947754,800
2020-08-18,16.149999618530273,16.68000030517578,16.100000381469727,16.200000762939453,13.989335060119629,13500
2020-08-19,16.1200008392334,16.209999084472656,16.049999237060547,16.06999969482422,13.877076148986816,20600
2020-08-20,16.139999389648438,16.270000457763672,16.139999389648438,16.270000457763672,14.049782752990723,2100
2020-08-21,16.200000762939453,16.239999771118164,16.200000762939453,16.229999542236328,14.015244483947754,1400
2020-08-24,16.31999969482422,16.399999618530273,16.270000457763672,16.399999618530273,14.162043571472168,2500
2020-08-25,16.290000915527344,16.290000915527344,16.010000228881836,16.049999237060547,13.859804153442383,18000
2020-08-26,16.06999969482422,16.239999771118164,15.920000076293945,16.18000030517578,13.972065925598145,11800
2020-08-27,16.1299991607666,16.1299991607666,15.920000076293945,16.020000457763672,13.833900451660156,8000
2020-08-28,16.059999465942383,16.149999618530273,16.010000228881836,16.1200008392334,13.92025375366211,9800
2020-08-31,16.09000015258789,16.18000030517578,16.059999465942383,16.09000015258789,13.894342422485352,13600
2020-09-01,16.25,16.299999237060547,15.899999618530273,15.979999542236328,13.799355506896973,15000
2020-09-02,16.1299991607666,16.1299991607666,15.920000076293945,15.9399995803833,13.764813423156738,1800
2020-09-03,15.9399995803833,16.1299991607666,15.899999618530273,15.90999984741211,13.738908767700195,9600
2020-09-04,15.949999809265137,15.960000038146973,15.739999771118164,15.739999771118164,13.592108726501465,5300
2020-09-08,15.90999984741211,15.979999542236328,15.75,15.75,13.600741386413574,3400
2020-09-09,15.829999923706055,15.920000076293945,15.829999923706055,15.920000076293945,13.74754524230957,1400
2020-09-10,16.010000228881836,16.1299991607666,15.930000305175781,16.1299991607666,13.928888320922852,2500
2020-09-11,16.399999618530273,16.399999618530273,16.139999389648438,16.149999618530273,13.946163177490234,5500
2020-09-14,16.100000381469727,16.100000381469727,16.0,16.0,13.854373931884766,2000
2020-09-15,16.15999984741211,16.15999984741211,15.899999618530273,15.899999618530273,13.767784118652344,3600
2020-09-16,15.90999984741211,16.0,15.829999923706055,16.0,13.854373931884766,13500
2020-09-17,15.9399995803833,15.9399995803833,15.829999923706055,15.84000015258789,13.715829849243164,5500
2020-09-18,15.84000015258789,16.040000915527344,15.84000015258789,16.0,13.854373931884766,2900
2020-09-21,16.0,16.049999237060547,15.850000381469727,15.850000381469727,13.724492073059082,4200
2020-09-22,15.989999771118164,15.989999771118164,15.829999923706055,15.829999923706055,13.707171440124512,5400
2020-09-23,15.869999885559082,16.020000457763672,15.869999885559082,15.90999984741211,13.776443481445312,4400
2020-09-24,16.010000228881836,16.010000228881836,15.90999984741211,16.010000228881836,13.86303424835205,7800
2020-09-25,15.9399995803833,16.010000228881836,15.90999984741211,16.010000228881836,13.86303424835205,2300
2020-09-28,15.979999542236328,16.200000762939453,15.9399995803833,15.970000267028809,13.828400611877441,5300
2020-09-29,16.059999465942383,16.110000610351562,16.059999465942383,16.09000015258789,13.932306289672852,800
2020-09-30,16.010000228881836,16.010000228881836,15.960000038146973,16.010000228881836,13.86303424835205,1800
2020-10-01,16.010000228881836,16.010000228881836,15.960000038146973,15.970000267028809,13.828400611877441,8500
2020-10-02,15.899999618530273,16.0,15.899999618530273,16.0,13.854373931884766,9500
2020-10-05,16.0,16.0,15.949999809265137,15.960000038146973,13.819735527038574,6800
2020-10-06,16.0,16.0,16.0,16.0,13.854373931884766,400
2020-10-07,15.989999771118164,16.0,15.970000267028809,15.970000267028809,13.828400611877441,4800
2020-10-08,16.0,16.0,15.970000267028809,15.989999771118164,13.845712661743164,1900
2020-10-09,16.0,16.0,15.979999542236328,15.989999771118164,13.845712661743164,6000
2020-10-12,15.989999771118164,15.989999771118164,15.829999923706055,15.829999923706055,13.707171440124512,10500
2020-10-13,15.949999809265137,15.949999809265137,15.800000190734863,15.800000190734863,13.681193351745605,4000
2020-10-14,16.0,16.0,15.75,15.75,13.675981521606445,7100
2020-10-15,15.770000457763672,15.970000267028809,15.770000457763672,15.90999984741211,13.814911842346191,13200
2020-10-16,15.880000114440918,15.880000114440918,15.8100004196167,15.829999923706055,13.74544906616211,2400
2020-10-19,15.829999923706055,15.949999809265137,15.800000190734863,15.800000190734863,13.719399452209473,3600
2020-10-20,15.8100004196167,15.920000076293945,15.8100004196167,15.8100004196167,13.728082656860352,2000
2020-10-21,15.760000228881836,16.18000030517578,15.75,15.779999732971191,13.702033996582031,7300
2020-10-22,15.90999984741211,16.200000762939453,15.75,16.040000915527344,13.92779541015625,5500
2020-10-23,15.899999618530273,15.9399995803833,15.829999923706055,15.829999923706055,13.74544906616211,13100
2020-10-26,15.880000114440918,15.930000305175781,15.850000381469727,15.930000305175781,13.832281112670898,1300
2020-10-27,15.890000343322754,15.890000343322754,15.880000114440918,15.890000343322754,13.797553062438965,2800
2020-10-28,15.859999656677246,16.18000030517578,15.850000381469727,16.18000030517578,14.049361228942871,1300
2020-10-29,16.200000762939453,16.200000762939453,16.040000915527344,16.200000762939453,14.066725730895996,2800
2020-10-30,16.1299991607666,16.15999984741211,15.859999656677246,16.15999984741211,14.03199577331543,6200
2020-11-02,16.200000762939453,16.200000762939453,15.869999885559082,16.010000228881836,13.901742935180664,12800
2020-11-03,16.010000228881836,16.190000534057617,16.010000228881836,16.100000381469727,13.97989273071289,2200
2020-11-04,16.020000457763672,16.200000762939453,16.0,16.200000762939453,14.066725730895996,7000
2020-11-05,16.1200008392334,16.1200008392334,15.869999885559082,15.989999771118164,13.884380340576172,5700
2020-11-06,16.190000534057617,16.190000534057617,15.960000038146973,15.960000038146973,13.858327865600586,13000
2020-11-09,16.190000534057617,16.200000762939453,15.880000114440918,16.09000015258789,13.971209526062012,5700
2020-11-10,16.09000015258789,16.200000762939453,15.960000038146973,16.200000762939453,14.066725730895996,2900
2020-11-11,16.100000381469727,16.149999618530273,15.90999984741211,15.90999984741211,13.814911842346191,8100
2020-11-12,15.90999984741211,16.0,15.90999984741211,15.9399995803833,13.879348754882812,4300
2020-11-13,15.9399995803833,15.960000038146973,15.859999656677246,15.859999656677246,13.809691429138184,3600
2020-11-16,16.0,16.0,15.899999618530273,15.949999809265137,13.888054847717285,8100
2020-11-17,15.920000076293945,15.920000076293945,15.899999618530273,15.899999618530273,13.84451961517334,3200
2020-11-18,15.899999618530273,15.920000076293945,15.899999618530273,15.920000076293945,13.861932754516602,1900
2020-11-19,15.9399995803833,16.219999313354492,15.9399995803833,16.059999465942383,13.983835220336914,2900
2020-11-20,16.200000762939453,16.200000762939453,16.020000457763672,16.110000610351562,14.027369499206543,3000
2020-11-23,16.200000762939453,16.200000762939453,15.90999984741211,15.90999984741211,13.853224754333496,10900
2020-11-24,15.90999984741211,16.18000030517578,15.850000381469727,15.850000381469727,13.800983428955078,16900
2020-11-25,15.899999618530273,16.030000686645508,15.829999923706055,15.9399995803833,13.879348754882812,9800
2020-11-27,15.90999984741211,15.970000267028809,15.75,15.829999923706055,13.783570289611816,7500
2020-11-30,15.890000343322754,15.949999809265137,15.760000228881836,15.930000305175781,13.870637893676758,13800
2020-12-01,15.949999809265137,15.949999809265137,15.779999732971191,15.779999732971191,13.740031242370605,11500
2020-12-02,15.800000190734863,15.949999809265137,15.6899995803833,15.789999961853027,13.748736381530762,11900
2020-12-03,15.720000267028809,15.789999961853027,15.699999809265137,15.760000228881836,13.72261905670166,12200
2020-12-04,15.710000038146973,15.869999885559082,15.710000038146973,15.779999732971191,13.740031242370605,21500
2020-12-07,15.899999618530273,15.899999618530273,15.779999732971191,15.84000015258789,13.792272567749023,25400
2020-12-08,15.789999961853027,15.920000076293945,15.789999961853027,15.880000114440918,13.827102661132812,9600
2020-12-09,15.920000076293945,15.989999771118164,15.90999984741211,15.949999809265137,13.888054847717285,10100
2020-12-10,15.949999809265137,15.949999809265137,15.819999694824219,15.90999984741211,13.853224754333496,7000
2020-12-11,15.829999923706055,15.930000305175781,15.829999923706055,15.880000114440918,13.827102661132812,9400
2020-12-14,15.899999618530273,15.949999809265137,15.819999694824219,15.949999809265137,13.926642417907715,8400
2020-12-15,15.9399995803833,15.970000267028809,15.880000114440918,15.960000038146973,13.935376167297363,8300
2020-12-16,16.059999465942383,16.059999465942383,15.819999694824219,15.84000015258789,13.830594062805176,11700
2020-12-17,15.960000038146973,16.06999969482422,15.8100004196167,15.9399995803833,13.917911529541016,18100
2020-12-18,15.970000267028809,16.020000457763672,15.899999618530273,15.930000305175781,13.90917682647705,5200
2020-12-21,15.970000267028809,16.040000915527344,15.920000076293945,15.920000076293945,13.9004487991333,7700
2020-12-22,15.84000015258789,15.899999618530273,15.800000190734863,15.899999618530273,13.88298511505127,6500
2020-12-23,16.0,16.290000915527344,15.90999984741211,16.290000915527344,14.22351360321045,15800
2020-12-24,16.399999618530273,16.399999618530273,16.389999389648438,16.389999389648438,14.310826301574707,2200
2020-12-28,16.989999771118164,16.989999771118164,16.350000381469727,16.40999984741211,14.328285217285156,3800
2020-12-29,16.739999771118164,16.739999771118164,16.5,16.5,14.40687084197998,7400
2020-12-30,16.489999771118164,16.489999771118164,16.079999923706055,16.09000015258789,14.048882484436035,15800
2020-12-31,16.059999465942383,16.15999984741211,16.059999465942383,16.15999984741211,14.110002517700195,6400
2021-01-04,16.280000686645508,16.299999237060547,16.18000030517578,16.18000030517578,14.12746524810791,1200
2021-01-05,16.170000076293945,16.270000457763672,16.06999969482422,16.06999969482422,14.031417846679688,2400
2021-01-06,16.09000015258789,16.239999771118164,16.06999969482422,16.149999618530273,14.101271629333496,3900
2021-01-07,16.020000457763672,16.079999923706055,15.8100004196167,16.059999465942383,14.022687911987305,9600
2021-01-08,16.239999771118164,16.3799991607666,15.960000038146973,16.299999237060547,14.232244491577148,13800
2021-01-11,16.299999237060547,16.299999237060547,16.100000381469727,16.1200008392334,14.07507610321045,5300
2021-01-12,16.049999237060547,16.059999465942383,15.84000015258789,15.850000381469727,13.839330673217773,6200
2021-01-13,15.960000038146973,16.06999969482422,15.899999618530273,16.06999969482422,14.031417846679688,6700
2021-01-14,16.110000610351562,16.350000381469727,16.100000381469727,16.209999084472656,14.192516326904297,7600
2021-01-15,16.100000381469727,16.440000534057617,16.100000381469727,16.309999465942383,14.280072212219238,8500
2021-01-19,16.25,16.290000915527344,15.920000076293945,15.920000076293945,13.938612937927246,8300
2021-01-20,16.030000686645508,16.450000762939453,15.970000267028809,16.450000762939453,14.402647972106934,6700
2021-01-21,16.479999542236328,16.479999542236328,15.970000267028809,16.479999542236328,14.428915023803711,2700
2021-01-22,16.459999084472656,16.469999313354492,16.030000686645508,16.25,14.227545738220215,7100
2021-01-25,16.5,16.65999984741211,16.229999542236328,16.65999984741211,14.58651351928711,6100
2021-01-26,16.559999465942383,16.649999618530273,16.25,16.280000686645508,14.253805160522461,6100
2021-01-27,16.649999618530273,16.649999618530273,16.030000686645508,16.100000381469727,14.096209526062012,7000
2021-01-28,16.06999969482422,16.219999313354492,16.06999969482422,16.219999313354492,14.201273918151855,6400
2021-01-29,16.219999313354492,16.219999313354492,16.049999237060547,16.1299991607666,14.12247371673584,5500
2021-02-01,16.139999389648438,16.139999389648438,16.010000228881836,16.079999923706055,14.078700065612793,10000
2021-02-02,16.079999923706055,16.200000762939453,16.040000915527344,16.149999618530273,14.139988899230957,7500
2021-02-03,16.100000381469727,16.18000030517578,16.049999237060547,16.049999237060547,14.0524320602417,5400
2021-02-04,16.170000076293945,16.170000076293945,15.960000038146973,16.079999923706055,14.078700065612793,6200
2021-02-05,16.079999923706055,16.079999923706055,15.989999771118164,16.010000228881836,14.017411231994629,7800
2021-02-08,16.0,16.1299991607666,15.989999771118164,15.989999771118164,13.999897956848145,4000
2021-02-09,16.149999618530273,16.170000076293945,16.020000457763672,16.079999923706055,14.078700065612793,7800
2021-02-10,16.139999389648438,16.25,16.139999389648438,16.25,14.227545738220215,4900
2021-02-11,16.209999084472656,16.329999923706055,16.209999084472656,16.329999923706055,14.33640193939209,3300
2021-02-12,16.309999465942383,16.329999923706055,16.1200008392334,16.270000457763672,14.28372573852539,9100
2021-02-16,16.260000228881836,16.260000228881836,16.020000457763672,16.15999984741211,14.187156677246094,4900
2021-02-17,16.149999618530273,16.149999618530273,16.0,16.030000686645508,14.073029518127441,1700
2021-02-18,16.0,16.059999465942383,15.90999984741211,15.90999984741211,13.967677116394043,4600
2021-02-19,16.020000457763672,16.020000457763672,15.859999656677246,15.859999656677246,13.923782348632812,2000
2021-02-22,15.880000114440918,15.90999984741211,15.829999923706055,15.90999984741211,13.967677116394043,5700
2021-02-23,15.9399995803833,15.9399995803833,15.829999923706055,15.850000381469727,13.91500473022461,2300
2021-02-24,15.699999809265137,15.789999961853027,15.539999961853027,15.630000114440918,13.721858978271484,20700
2021-02-25,15.550000190734863,15.729999542236328,15.550000190734863,15.729999542236328,13.809653282165527,6300
2021-02-26,15.699999809265137,16.0,15.699999809265137,15.9399995803833,13.994013786315918,4100
2021-03-01,16.149999618530273,16.5,16.010000228881836,16.450000762939453,14.441752433776855,5400
2021-03-02,16.229999542236328,16.280000686645508,16.030000686645508,16.200000762939453,14.222273826599121,2500
2021-03-03,16.020000457763672,16.049999237060547,15.729999542236328,15.979999542236328,14.029129028320312,10800
2021-03-04,15.829999923706055,15.899999618530273,15.8100004196167,15.8100004196167,13.879888534545898,1000
2021-03-05,15.779999732971191,15.84000015258789,15.75,15.84000015258789,13.906220436096191,3100
2021-03-08,15.800000190734863,15.800000190734863,15.6899995803833,15.6899995803833,13.774538040161133,3500
2021-03-09,15.6899995803833,15.869999885559082,15.6899995803833,15.850000381469727,13.91500473022461,6600
2021-03-10,16.09000015258789,16.09000015258789,15.720000267028809,15.949999809265137,14.002793312072754,14100
2021-03-11,16.25,16.25,15.899999618530273,15.899999618530273,13.95889663696289,800
2021-03-12,15.789999961853027,15.970000267028809,15.789999961853027,15.789999961853027,13.900794982910156,3700
2021-03-15,15.779999732971191,16.010000228881836,15.779999732971191,16.0,14.085670471191406,8900
2021-03-16,16.0,16.0,15.800000190734863,15.8100004196167,13.918401718139648,4000
2021-03-17,15.779999732971191,15.970000267028809,15.779999732971191,15.859999656677246,13.962420463562012,5100
2021-03-18,15.859999656677246,15.869999885559082,15.800000190734863,15.869999885559082,13.971220016479492,3600
2021-03-19,15.829999923706055,16.010000228881836,15.789999961853027,15.890000343322754,13.988831520080566,7100
2021-03-22,15.850000381469727,16.079999923706055,15.800000190734863,16.0,14.085670471191406,13000
2021-03-23,16.040000915527344,16.049999237060547,16.010000228881836,16.049999237060547,14.12968921661377,5500
2021-03-24,16.059999465942383,16.270000457763672,15.949999809265137,16.200000762939453,14.26174259185791,8700
2021-03-25,16.280000686645508,16.59000015258789,16.270000457763672,16.59000015258789,14.60507869720459,6700
2021-03-26,16.270000457763672,16.420000076293945,16.170000076293945,16.420000076293945,14.45541763305664,14500
2021-03-29,16.190000534057617,16.399999618530273,16.190000534057617,16.200000762939453,14.26174259185791,5500
2021-03-30,16.479999542236328,16.479999542236328,16.209999084472656,16.219999313354492,14.279346466064453,4400
2021-03-31,16.350000381469727,16.350000381469727,16.270000457763672,16.290000915527344,14.340970993041992,2200
2021-04-01,16.31999969482422,16.450000762939453,16.190000534057617,16.290000915527344,14.340970993041992,4100
2021-04-05,16.3700008392334,16.3700008392334,16.020000457763672,16.020000457763672,14.103276252746582,6300
2021-04-06,16.1299991607666,16.1299991607666,16.0,16.110000610351562,14.182507514953613,2600
2021-04-07,16.040000915527344,16.040000915527344,15.979999542236328,16.010000228881836,14.094473838806152,1500
2021-04-08,16.010000228881836,16.200000762939453,16.0,16.170000076293945,14.235328674316406,6300
2021-04-09,16.149999618530273,16.149999618530273,15.970000267028809,15.979999542236328,14.068061828613281,8600
2021-04-12,16.139999389648438,16.139999389648438,15.930000305175781,15.979999542236328,14.068061828613281,7800
2021-04-13,15.949999809265137,16.010000228881836,15.949999809265137,15.970000267028809,14.059259414672852,8400
2021-04-14,16.06999969482422,16.06999969482422,15.960000038146973,16.020000457763672,14.138688087463379,3800
2021-04-15,16.040000915527344,16.040000915527344,16.0,16.030000686645508,14.147512435913086,2100
2021-04-16,16.030000686645508,16.030000686645508,15.920000076293945,15.920000076293945,14.050434112548828,5900
2021-04-19,15.979999542236328,16.079999923706055,15.949999809265137,15.949999809265137,14.076910972595215,1500
2021-04-20,15.930000305175781,15.989999771118164,15.920000076293945,15.9399995803833,14.068082809448242,3800
2021-04-21,15.9399995803833,16.18000030517578,15.930000305175781,15.949999809265137,14.076910972595215,10600
2021-04-22,15.949999809265137,16.040000915527344,15.920000076293945,15.9399995803833,14.068082809448242,3000
2021-04-23,15.949999809265137,16.06999969482422,15.920000076293945,15.9399995803833,14.068082809448242,6100
2021-04-26,15.989999771118164,16.09000015258789,15.9399995803833,16.040000915527344,14.156347274780273,8300
2021-04-27,16.040000915527344,16.15999984741211,16.010000228881836,16.049999237060547,14.165168762207031,6200
2021-04-28,16.040000915527344,16.040000915527344,15.920000076293945,15.970000267028809,14.094559669494629,5000
2021-04-29,15.970000267028809,16.110000610351562,15.899999618530273,15.970000267028809,14.094559669494629,23000
2021-04-30,15.979999542236328,16.010000228881836,15.949999809265137,15.949999809265137,14.076910972595215,5000
2021-05-03,16.100000381469727,16.100000381469727,15.930000305175781,16.030000686645508,14.147512435913086,7700
2021-05-04,16.030000686645508,16.06999969482422,16.010000228881836,16.06999969482422,14.182816505432129,5600
2021-05-05,16.15999984741211,16.299999237060547,16.100000381469727,16.290000915527344,14.376982688903809,5200
2021-05-06,16.3799991607666,16.3799991607666,16.219999313354492,16.360000610351562,14.438766479492188,4100
2021-05-07,16.43000030517578,16.450000762939453,16.290000915527344,16.290000915527344,14.376982688903809,3100
2021-05-10,16.420000076293945,16.489999771118164,16.350000381469727,16.489999771118164,14.553495407104492,5800
2021-05-11,16.739999771118164,19.8700008392334,16.68000030517578,19.399999618530273,17.12175750732422,22900
2021-05-12,19.0,19.0,17.299999237060547,17.450000762939453,15.4007568359375,19000
2021-05-13,17.290000915527344,17.350000381469727,17.0,17.1299991607666,15.153071403503418,7700
2021-05-14,17.299999237060547,17.299999237060547,16.530000686645508,16.530000686645508,14.622319221496582,3900
2021-05-17,16.690000534057617,17.350000381469727,16.190000534057617,16.600000381469727,14.68424129486084,13400
2021-05-18,16.5,16.5,16.229999542236328,16.43000030517578,14.533860206604004,4900
2021-05-19,16.469999313354492,17.309999465942383,16.40999984741211,17.239999771118164,15.25037956237793,11500
2021-05-20,17.0,17.030000686645508,16.559999465942383,17.0,15.038073539733887,5500
2021-05-21,16.940000534057617,16.979999542236328,16.540000915527344,16.540000915527344,14.631162643432617,2900
2021-05-24,16.850000381469727,16.90999984741211,16.729999542236328,16.899999618530273,14.949620246887207,7700
2021-05-25,16.829999923706055,17.0,16.549999237060547,17.0,15.038073539733887,3000
2021-05-26,16.899999618530273,17.100000381469727,16.639999389648438,17.100000381469727,15.126534461975098,3700
2021-05-27,17.34000015258789,17.350000381469727,17.030000686645508,17.219999313354492,15.232685089111328,7100
2021-05-28,17.110000610351562,17.270000457763672,17.110000610351562,17.25,15.259222984313965,2000
2021-06-01,17.299999237060547,17.299999237060547,16.780000686645508,16.84000015258789,14.896535873413086,4100
2021-06-02,16.809999465942383,17.280000686645508,16.719999313354492,16.719999313354492,14.790390014648438,6700
2021-06-03,16.760000228881836,17.030000686645508,16.65999984741211,16.65999984741211,14.737310409545898,3800
2021-06-04,16.690000534057617,16.8799991607666,16.399999618530273,16.399999618530273,14.507316589355469,6900
2021-06-07,16.700000762939453,16.700000762939453,16.399999618530273,16.40999984741211,14.516164779663086,3900
2021-06-08,16.43000030517578,16.450000762939453,16.290000915527344,16.290000915527344,14.410013198852539,6700
2021-06-09,16.299999237060547,16.31999969482422,16.229999542236328,16.229999542236328,14.356937408447266,3600
2021-06-10,16.280000686645508,16.280000686645508,16.079999923706055,16.170000076293945,14.303860664367676,8000
2021-06-11,16.170000076293945,16.25,16.170000076293945,16.200000762939453,14.330402374267578,3400
2021-06-14,16.270000457763672,16.299999237060547,16.1299991607666,16.1299991607666,14.30379867553711,9600
2021-06-15,16.18000030517578,16.18000030517578,16.18000030517578,16.18000030517578,14.348136901855469,700
2021-06-16,16.219999313354492,16.510000228881836,16.200000762939453,16.309999465942383,14.463417053222656,11900
2021-06-17,16.360000610351562,16.360000610351562,16.25,16.329999923706055,14.481149673461914,4300
2021-06-18,16.40999984741211,16.40999984741211,16.219999313354492,16.350000381469727,14.498888969421387,2700
2021-06-21,16.450000762939453,16.450000762939453,16.329999923706055,16.360000610351562,14.50776195526123,800
2021-06-22,16.530000686645508,16.530000686645508,16.440000534057617,16.440000534057617,14.57869815826416,1400
2021-06-23,16.440000534057617,16.5,16.290000915527344,16.5,14.631904602050781,3500
2021-06-24,16.520000457763672,16.530000686645508,16.5,16.5,14.631904602050781,2300
2021-06-25,16.450000762939453,16.6299991607666,16.450000762939453,16.6299991607666,14.747185707092285,5000
2021-06-28,16.520000457763672,16.969999313354492,16.450000762939453,16.809999465942383,14.906806945800781,12700
2021-06-29,16.809999465942383,16.979999542236328,16.809999465942383,16.889999389648438,14.977752685546875,2000
2021-06-30,16.75,17.239999771118164,16.600000381469727,16.860000610351562,14.951153755187988,900
2021-07-01,17.25,17.299999237060547,16.299999237060547,17.299999237060547,15.341327667236328,37700
2021-07-02,16.940000534057617,17.299999237060547,16.68000030517578,17.110000610351562,15.172843933105469,3500
2021-07-06,17.09000015258789,17.09000015258789,17.09000015258789,17.09000015258789,15.155106544494629,200
2021-07-07,17.100000381469727,17.149999618530273,16.950000762939453,17.149999618530273,15.208313941955566,2000
2021-07-08,17.040000915527344,17.219999313354492,17.040000915527344,17.219999313354492,15.270391464233398,3800
2021-07-09,17.1200008392334,17.479999542236328,17.059999465942383,17.25,15.296992301940918,3400
2021-07-12,17.229999542236328,17.229999542236328,17.030000686645508,17.09000015258789,15.155106544494629,4500
2021-07-13,17.0,17.360000610351562,16.969999313354492,17.040000915527344,15.11076831817627,5600
2021-07-14,16.75,17.049999237060547,16.75,16.780000686645508,14.9152193069458,7600
2021-07-15,16.84000015258789,16.84000015258789,16.459999084472656,16.459999084472656,14.630778312683105,7200
2021-07-16,16.5,16.5,16.309999465942383,16.329999923706055,14.515226364135742,5700
2021-07-19,16.40999984741211,16.559999465942383,16.170000076293945,16.25,14.44411849975586,7200
2021-07-20,16.25,16.299999237060547,16.139999389648438,16.290000915527344,14.479671478271484,14300
2021-07-21,16.25,16.360000610351562,16.25,16.299999237060547,14.488558769226074,6200
2021-07-22,16.25,16.3799991607666,16.219999313354492,16.219999313354492,14.417451858520508,11100
2021-07-23,16.350000381469727,16.350000381469727,16.15999984741211,16.290000915527344,14.479671478271484,11300
2021-07-26,16.270000457763672,16.350000381469727,16.170000076293945,16.25,14.44411849975586,2400
2021-07-27,16.360000610351562,16.360000610351562,16.190000534057617,16.190000534057617,14.390783309936523,3300
2021-07-28,16.18000030517578,16.350000381469727,16.18000030517578,16.350000381469727,14.533003807067871,4000
2021-07-29,16.34000015258789,16.40999984741211,16.25,16.260000228881836,14.453004837036133,9700
2021-07-30,16.280000686645508,16.280000686645508,16.209999084472656,16.219999313354492,14.417451858520508,3700
2021-08-02,16.31999969482422,16.31999969482422,16.229999542236328,16.290000915527344,14.479671478271484,9400
2021-08-03,16.270000457763672,16.43000030517578,16.270000457763672,16.40999984741211,14.586336135864258,5600
2021-08-04,16.3700008392334,16.399999618530273,16.299999237060547,16.3799991607666,14.55966854095459,3400
2021-08-05,16.479999542236328,16.690000534057617,16.280000686645508,16.510000228881836,14.675220489501953,25200
2021-08-06,16.489999771118164,16.510000228881836,16.489999771118164,16.510000228881836,14.675220489501953,1900
2021-08-09,16.5,16.5,16.450000762939453,16.489999771118164,14.657444953918457,2300
2021-08-10,16.399999618530273,16.6299991607666,16.399999618530273,16.59000015258789,14.746333122253418,13300
2021-08-11,16.6299991607666,16.670000076293945,16.520000457763672,16.649999618530273,14.799662590026855,8000
2021-08-12,16.6200008392334,16.670000076293945,16.559999465942383,16.649999618530273,14.835304260253906,6300
2021-08-13,16.649999618530273,16.700000762939453,16.389999389648438,16.440000534057617,14.64819049835205,9100
2021-08-16,16.520000457763672,16.649999618530273,16.520000457763672,16.649999618530273,14.835304260253906,900
2021-08-17,16.649999618530273,16.829999923706055,16.649999618530273,16.829999923706055,14.995687484741211,1400
2021-08-18,16.799999237060547,17.0,16.719999313354492,16.719999313354492,14.897680282592773,5400
2021-08-19,16.850000381469727,16.950000762939453,16.31999969482422,16.420000076293945,14.630375862121582,24800
2021-08-20,16.520000457763672,16.670000076293945,16.520000457763672,16.579999923706055,14.772936820983887,3400
2021-08-23,16.649999618530273,16.649999618530273,16.459999084472656,16.459999084472656,14.666011810302734,1500
2021-08-24,16.459999084472656,16.469999313354492,16.34000015258789,16.440000534057617,14.64819049835205,12500
2021-08-25,16.440000534057617,16.610000610351562,16.440000534057617,16.5,14.701653480529785,5500
2021-08-26,16.520000457763672,16.579999923706055,16.5,16.530000686645508,14.72838306427002,1900
2021-08-27,16.450000762939453,16.450000762939453,16.360000610351562,16.450000762939453,14.65710163116455,4200
2021-08-30,16.389999389648438,16.459999084472656,16.34000015258789,16.3799991607666,14.594732284545898,8400
2021-08-31,16.350000381469727,16.5,16.34000015258789,16.479999542236328,14.683833122253418,8300
2021-09-01,16.700000762939453,16.700000762939453,16.40999984741211,16.459999084472656,14.666011810302734,8900
2021-09-02,16.420000076293945,16.549999237060547,16.420000076293945,16.530000686645508,14.72838306427002,6200
2021-09-03,16.530000686645508,16.530000686645508,16.350000381469727,16.360000610351562,14.576913833618164,4500
2021-09-07,16.450000762939453,16.450000762939453,16.190000534057617,16.270000457763672,14.496722221374512,6800
2021-09-08,16.389999389648438,16.399999618530273,16.299999237060547,16.309999465942383,14.532362937927246,9900
2021-09-09,16.420000076293945,16.420000076293945,16.25,16.299999237060547,14.523451805114746,4400
2021-09-10,16.389999389648438,16.389999389648438,16.239999771118164,16.25,14.478903770446777,17800
2021-09-13,16.3700008392334,16.3799991607666,16.360000610351562,16.3700008392334,14.585821151733398,7200
2021-09-14,16.3799991607666,16.3799991607666,16.350000381469727,16.350000381469727,14.603687286376953,3400
2021-09-15,16.360000610351562,16.389999389648438,16.149999618530273,16.200000762939453,14.469707489013672,24500
2021-09-16,16.290000915527344,16.290000915527344,16.149999618530273,16.200000762939453,14.469707489013672,5400
2021-09-17,16.200000762939453,16.290000915527344,16.15999984741211,16.15999984741211,14.433977127075195,3800
2021-09-20,16.139999389648438,16.229999542236328,15.670000076293945,16.209999084472656,14.478636741638184,35600
2021-09-21,16.239999771118164,16.260000228881836,15.920000076293945,16.100000381469727,14.380389213562012,10000
2021-09-22,16.149999618530273,16.229999542236328,16.059999465942383,16.219999313354492,14.487573623657227,3800
2021-09-23,16.219999313354492,16.219999313354492,15.9399995803833,15.989999771118164,14.282135963439941,14600
2021-09-24,16.059999465942383,16.209999084472656,15.970000267028809,16.020000457763672,14.308935165405273,5700
2021-09-27,16.030000686645508,16.170000076293945,16.0,16.06999969482422,14.353590965270996,4200
2021-09-28,16.049999237060547,16.049999237060547,15.720000267028809,15.8100004196167,14.12136459350586,10800
2021-09-29,15.899999618530273,15.90999984741211,15.65999984741211,15.6899995803833,14.014179229736328,18200
2021-09-30,15.770000457763672,15.829999923706055,15.600000381469727,15.760000228881836,14.076702117919922,11500
2021-10-01,15.850000381469727,15.970000267028809,15.600000381469727,15.850000381469727,14.157093048095703,10100
2021-10-04,15.850000381469727,15.850000381469727,15.680000305175781,15.779999732971191,14.094566345214844,11400
2021-10-05,15.84000015258789,15.84000015258789,15.699999809265137,15.739999771118164,14.058836936950684,4000
2021-10-06,15.779999732971191,15.779999732971191,15.649999618530273,15.720000267028809,14.040977478027344,21000
2021-10-07,15.760000228881836,15.789999961853027,15.760000228881836,15.779999732971191,14.094566345214844,4300
2021-10-08,15.720000267028809,15.829999923706055,15.720000267028809,15.75,14.067770004272461,3900
2021-10-11,15.729999542236328,15.739999771118164,15.729999542236328,15.729999542236328,14.049906730651855,6900
2021-10-12,15.789999961853027,15.819999694824219,15.699999809265137,15.710000038146973,14.032045364379883,9300
2021-10-13,15.819999694824219,15.819999694824219,15.710000038146973,15.75,14.067770004272461,2400
2021-10-14,15.729999542236328,15.829999923706055,15.710000038146973,15.720000267028809,14.076727867126465,4700
2021-10-15,15.720000267028809,15.720000267028809,15.65999984741211,15.65999984741211,14.02299976348877,11800
2021-10-18,15.640000343322754,15.729999542236328,15.640000343322754,15.640000343322754,14.00508975982666,3500
2021-10-19,15.630000114440918,15.800000190734863,15.59000015258789,15.640000343322754,14.00508975982666,9200
2021-10-20,15.779999732971191,15.779999732971191,15.529999732971191,15.5600004196167,13.933450698852539,13100
2021-10-21,15.600000381469727,15.6899995803833,15.350000381469727,15.399999618530273,13.790176391601562,12200
2021-10-22,15.399999618530273,15.399999618530273,15.369999885559082,15.390000343322754,13.78122329711914,6100
2021-10-25,15.399999618530273,15.460000038146973,15.380000114440918,15.449999809265137,13.83495044708252,5400
2021-10-26,15.539999961853027,15.539999961853027,15.199999809265137,15.460000038146973,13.843902587890625,9800
2021-10-27,15.510000228881836,15.539999961853027,15.5,15.539999961853027,13.915543556213379,9100
2021-10-28,15.600000381469727,15.600000381469727,15.430000305175781,15.5600004196167,13.933450698852539,7600
2021-10-29,15.600000381469727,15.65999984741211,15.5,15.600000381469727,13.969268798828125,13700
2021-11-01,15.600000381469727,15.600000381469727,15.430000305175781,15.520000457763672,13.897634506225586,6700
2021-11-02,15.510000228881836,15.600000381469727,15.510000228881836,15.529999732971191,13.906587600708008,7500
2021-11-03,15.529999732971191,15.699999809265137,15.489999771118164,15.5,13.879724502563477,9400
2021-11-04,15.5600004196167,15.609999656677246,15.5,15.5,13.879724502563477,7300
2021-11-05,15.59000015258789,15.59000015258789,15.550000190734863,15.550000190734863,13.92449951171875,3700
2021-11-08,15.670000076293945,15.670000076293945,15.5600004196167,15.619999885559082,13.987177848815918,5100
2021-11-09,15.640000343322754,15.729999542236328,15.640000343322754,15.65999984741211,14.02299976348877,5000
2021-11-10,15.680000305175781,15.680000305175781,15.4399995803833,15.489999771118164,13.870767593383789,8100
2021-11-11,15.539999961853027,15.59000015258789,15.489999771118164,15.5,13.879724502563477,10300
2021-11-12,15.5600004196167,15.619999885559082,15.420000076293945,15.460000038146973,13.879724502563477,7900
2021-11-15,15.59000015258789,15.649999618530273,15.520000457763672,15.569999694824219,13.978477478027344,14200
2021-11-16,15.630000114440918,15.630000114440918,15.600000381469727,15.619999885559082,14.023368835449219,3400
2021-11-17,15.699999809265137,15.760000228881836,15.699999809265137,15.760000228881836,14.149059295654297,13100
2021-11-18,15.760000228881836,15.850000381469727,15.699999809265137,15.829999923706055,14.21190071105957,4100
2021-11-19,15.729999542236328,15.819999694824219,15.729999542236328,15.75,14.140082359313965,8700
2021-11-22,15.979999542236328,15.979999542236328,15.710000038146973,15.720000267028809,14.113144874572754,14700
2021-11-23,15.699999809265137,15.930000305175781,15.699999809265137,15.760000228881836,14.149059295654297,12400
2021-11-24,15.859999656677246,15.859999656677246,15.5,15.510000228881836,13.924612045288086,28200
2021-11-26,15.619999885559082,15.619999885559082,15.4399995803833,15.449999809265137,13.870745658874512,3400
2021-11-29,15.449999809265137,15.460000038146973,15.239999771118164,15.300000190734863,13.736077308654785,47600
2021-11-30,15.399999618530273,15.399999618530273,15.15999984741211,15.260000228881836,13.700165748596191,23900
2021-12-01,15.4399995803833,15.4399995803833,15.210000038146973,15.260000228881836,13.700165748596191,26400
2021-12-02,15.220000267028809,15.319999694824219,15.180000305175781,15.289999961853027,13.72709846496582,12500
2021-12-03,15.34000015258789,15.34000015258789,15.220000267028809,15.300000190734863,13.736077308654785,12100
2021-12-06,15.390000343322754,15.390000343322754,15.1899995803833,15.199999809265137,13.646297454833984,11100
2021-12-07,15.319999694824219,15.319999694824219,15.119999885559082,15.170000076293945,13.619366645812988,20000
2021-12-08,15.239999771118164,15.350000381469727,15.170000076293945,15.260000228881836,13.700165748596191,20000
2021-12-09,15.279999732971191,15.350000381469727,15.229999542236328,15.270000457763672,13.70914363861084,15000
2021-12-10,15.270000457763672,15.619999885559082,15.270000457763672,15.619999885559082,14.023368835449219,30100
2021-12-13,15.619999885559082,15.8100004196167,15.600000381469727,15.6899995803833,14.086212158203125,14700
2021-12-14,15.680000305175781,15.680000305175781,15.569999694824219,15.609999656677246,14.086212158203125,12800
2021-12-15,15.640000343322754,15.640000343322754,15.369999885559082,15.619999885559082,14.095237731933594,15300
2021-12-16,15.84000015258789,15.84000015258789,15.5,15.600000381469727,14.077188491821289,9100
2021-12-17,15.850000381469727,15.850000381469727,15.390000343322754,15.630000114440918,14.10426139831543,6800
2021-12-20,15.479999542236328,15.640000343322754,15.479999542236328,15.569999694824219,14.050117492675781,9000
2021-12-21,15.470000267028809,15.5600004196167,15.380000114440918,15.479999542236328,13.968903541564941,11900
2021-12-22,15.470000267028809,15.59000015258789,15.470000267028809,15.59000015258789,14.068166732788086,4100
2021-12-23,15.550000190734863,15.770000457763672,15.489999771118164,15.569999694824219,14.050117492675781,24300
2021-12-27,15.789999961853027,16.049999237060547,15.600000381469727,15.979999542236328,14.420098304748535,37500
2021-12-28,16.049999237060547,16.049999237060547,15.970000267028809,15.979999542236328,14.420098304748535,13600
2021-12-29,15.960000038146973,16.459999084472656,15.960000038146973,16.450000762939453,14.844215393066406,19600
2021-12-30,16.56999969482422,16.56999969482422,15.960000038146973,16.260000228881836,14.672764778137207,7500
2021-12-31,16.56999969482422,16.600000381469727,16.0,16.520000457763672,14.907383918762207,13300
2022-01-03,16.34000015258789,16.489999771118164,16.110000610351562,16.420000076293945,14.817143440246582,15500
2022-01-04,16.450000762939453,16.450000762939453,16.299999237060547,16.309999465942383,14.717877388000488,10000
2022-01-05,16.450000762939453,16.450000762939453,16.299999237060547,16.3700008392334,14.77202320098877,11400
2022-01-06,16.450000762939453,16.450000762939453,16.399999618530273,16.399999618530273,14.799098014831543,4400
2022-01-07,16.399999618530273,16.450000762939453,16.299999237060547,16.309999465942383,14.717877388000488,9800
2022-01-10,16.360000610351562,16.459999084472656,16.270000457763672,16.450000762939453,14.844215393066406,9300
2022-01-11,16.899999618530273,16.899999618530273,16.729999542236328,16.75,15.1149320602417,5800
2022-01-12,16.81999969482422,16.81999969482422,16.43000030517578,16.799999237060547,15.160048484802246,7300
2022-01-13,16.799999237060547,16.799999237060547,15.949999809265137,16.5,14.924871444702148,11000
2022-01-14,16.469999313354492,16.469999313354492,15.899999618530273,16.030000686645508,14.499736785888672,9900
2022-01-18,16.459999084472656,16.459999084472656,16.06999969482422,16.350000381469727,14.789189338684082,19100
2022-01-19,16.34000015258789,16.34000015258789,15.899999618530273,15.90999984741211,14.391193389892578,10700
2022-01-20,16.020000457763672,16.020000457763672,15.970000267028809,16.010000228881836,14.481647491455078,2000
2022-01-21,15.930000305175781,16.68000030517578,15.920000076293945,16.110000610351562,14.572101593017578,2200
2022-01-24,17.0,17.0,16.1200008392334,16.739999771118164,15.141956329345703,14900
2022-01-25,16.280000686645508,16.739999771118164,16.100000381469727,16.739999771118164,15.141956329345703,3200
2022-01-26,16.68000030517578,16.68000030517578,16.059999465942383,16.1200008392334,14.581147193908691,2800
2022-01-27,16.739999771118164,16.739999771118164,16.059999465942383,16.670000076293945,15.078642845153809,7300
2022-01-28,16.5,16.5,15.920000076293945,16.100000381469727,14.563055992126465,10300
2022-01-31,16.139999389648438,16.5,15.449999809265137,15.479999542236328,14.002241134643555,15200
2022-02-01,16.209999084472656,16.25,15.4399995803833,15.930000305175781,14.409285545349121,10700
2022-02-02,15.739999771118164,16.079999923706055,15.670000076293945,15.670000076293945,14.174102783203125,4300
2022-02-03,15.65999984741211,15.869999885559082,15.600000381469727,15.65999984741211,14.165058135986328,15100
2022-02-04,15.579999923706055,15.850000381469727,14.8100004196167,15.579999923706055,14.092696189880371,23200
2022-02-07,15.420000076293945,15.420000076293945,15.220000267028809,15.220000267028809,13.76706314086914,5300
2022-02-08,15.579999923706055,16.450000762939453,15.579999923706055,15.90999984741211,14.391193389892578,8800
2022-02-09,15.779999732971191,16.75,15.779999732971191,16.09000015258789,14.554011344909668,27900
2022-02-10,15.9399995803833,16.299999237060547,15.850000381469727,15.970000267028809,14.445465087890625,6300
2022-02-11,15.619999885559082,15.649999618530273,15.1899995803833,15.239999771118164,13.785152435302734,29500
2022-02-14,15.149999618530273,15.880000114440918,15.109999656677246,15.449999809265137,14.011884689331055,6500
2022-02-15,15.449999809265137,16.170000076293945,15.449999809265137,15.75,14.283957481384277,6000
2022-02-16,15.829999923706055,15.829999923706055,15.050000190734863,15.399999618530273,13.966534614562988,18000
2022-02-17,15.390000343322754,15.390000343322754,15.180000305175781,15.270000457763672,13.848639488220215,5900
2022-02-18,15.380000114440918,15.390000343322754,15.079999923706055,15.260000228881836,13.839566230773926,7600
2022-02-22,15.260000228881836,15.260000228881836,14.75,14.8100004196167,13.431453704833984,11800
2022-02-23,14.819999694824219,14.949999809265137,14.619999885559082,14.920000076293945,13.531214714050293,15100
2022-02-24,14.699999809265137,14.949999809265137,14.699999809265137,14.710000038146973,13.340764999389648,18800
2022-02-25,14.789999961853027,15.050000190734863,14.699999809265137,14.829999923706055,13.449592590332031,14600
2022-02-28,14.8100004196167,14.930000305175781,14.739999771118164,14.8100004196167,13.431453704833984,11600
2022-03-01,14.829999923706055,15.119999885559082,14.829999923706055,15.010000228881836,13.612836837768555,8800
2022-03-02,14.970000267028809,14.970000267028809,14.739999771118164,14.890000343322754,13.504009246826172,2900
2022-03-03,14.859999656677246,14.979999542236328,14.770000457763672,14.960000038146973,13.567495346069336,7700
2022-03-04,14.829999923706055,15.119999885559082,14.670000076293945,14.850000381469727,13.467732429504395,14500
2022-03-07,15.020000457763672,15.020000457763672,14.430000305175781,14.609999656677246,13.25007152557373,15700
2022-03-08,14.609999656677246,14.979999542236328,14.539999961853027,14.789999961853027,13.413317680358887,18300
2022-03-09,14.789999961853027,15.0,14.600000381469727,14.899999618530273,13.513078689575195,7100
2022-03-10,14.899999618530273,15.079999923706055,14.760000228881836,14.899999618530273,13.513078689575195,8500
2022-03-11,14.859999656677246,14.890000343322754,14.630000114440918,14.630000114440918,13.268213272094727,3400
2022-03-14,14.510000228881836,14.989999771118164,14.479999542236328,14.760000228881836,13.422808647155762,18300
2022-03-15,14.760000228881836,14.949999809265137,14.640000343322754,14.899999618530273,13.550125122070312,26400
2022-03-16,14.859999656677246,15.359999656677246,14.859999656677246,15.25,13.868416786193848,9600
2022-03-17,15.149999618530273,15.6899995803833,15.149999618530273,15.649999618530273,14.232179641723633,4000
2022-03-18,15.5600004196167,16.0,15.180000305175781,16.0,14.550471305847168,12200
2022-03-21,15.710000038146973,15.75,15.510000228881836,15.739999771118164,14.3140230178833,11000
2022-03-22,15.760000228881836,15.760000228881836,15.300000190734863,15.5,14.095768928527832,6000
2022-03-23,15.449999809265137,15.779999732971191,15.449999809265137,15.630000114440918,14.21399211883545,8300
2022-03-24,15.489999771118164,15.539999961853027,15.34000015258789,15.489999771118164,14.086673736572266,4500
2022-03-25,15.4399995803833,15.4399995803833,14.489999771118164,14.569999694824219,13.250021934509277,18400
2022-03-28,14.609999656677246,14.770000457763672,14.199999809265137,14.239999771118164,12.949918746948242,16100
2022-03-29,14.25,14.3100004196167,14.020000457763672,14.100000381469727,12.822601318359375,31900
2022-03-30,14.170000076293945,14.350000381469727,14.119999885559082,14.130000114440918,12.849885940551758,50600
2022-03-31,14.149999618530273,14.5,14.140000343322754,14.199999809265137,12.913545608520508,30300
2022-04-01,14.220000267028809,14.25,14.050000190734863,14.180000305175781,12.895355224609375,19300
2022-04-04,14.149999618530273,14.180000305175781,14.020000457763672,14.0600004196167,12.78622817993164,16600
2022-04-05,14.050000190734863,14.100000381469727,13.760000228881836,13.789999961853027,12.540689468383789,23400
2022-04-06,13.779999732971191,13.84000015258789,13.529999732971191,13.630000114440918,12.395181655883789,38400
2022-04-07,13.600000381469727,13.600000381469727,13.529999732971191,13.539999961853027,12.313336372375488,18200
2022-04-08,13.539999961853027,13.760000228881836,13.539999961853027,13.670000076293945,12.431557655334473,8400
2022-04-11,13.579999923706055,13.699999809265137,13.420000076293945,13.489999771118164,12.267862319946289,23400
2022-04-12,13.529999732971191,13.6899995803833,13.520000457763672,13.6899995803833,12.449745178222656,17600
2022-04-13,13.649999618530273,14.1899995803833,13.630000114440918,13.989999771118164,12.759851455688477,55300
2022-04-14,14.119999885559082,14.119999885559082,13.880000114440918,13.949999809265137,12.72336483001709,15000
2022-04-18,14.1899995803833,14.199999809265137,13.949999809265137,13.949999809265137,12.72336483001709,23800
2022-04-19,14.130000114440918,14.170000076293945,13.899999618530273,14.149999618530273,12.905780792236328,6900
2022-04-20,14.130000114440918,14.149999618530273,14.039999961853027,14.109999656677246,12.869296073913574,14100
2022-04-21,14.140000343322754,14.149999618530273,14.029999732971191,14.079999923706055,12.841934204101562,8200
2022-04-22,14.130000114440918,14.140000343322754,14.029999732971191,14.039999961853027,12.805453300476074,10300
2022-04-25,13.949999809265137,14.130000114440918,13.899999618530273,14.020000457763672,12.787210464477539,12900
2022-04-26,14.020000457763672,14.140000343322754,13.989999771118164,14.109999656677246,12.869296073913574,6700
2022-04-27,14.0600004196167,14.149999618530273,13.899999618530273,14.010000228881836,12.778092384338379,21700
2022-04-28,13.949999809265137,14.140000343322754,13.710000038146973,13.789999961853027,12.577438354492188,24000
2022-04-29,13.829999923706055,13.829999923706055,13.710000038146973,13.800000190734863,12.586555480957031,3200
2022-05-02,13.800000190734863,13.800000190734863,13.600000381469727,13.600000381469727,12.404141426086426,10900
2022-05-03,13.640000343322754,13.6899995803833,13.600000381469727,13.640000343322754,12.440628051757812,6700
2022-05-04,13.630000114440918,13.739999771118164,13.5600004196167,13.739999771118164,12.531832695007324,10200
2022-05-05,13.65999984741211,13.670000076293945,13.460000038146973,13.65999984741211,12.458866119384766,11800
2022-05-06,13.619999885559082,13.699999809265137,13.529999732971191,13.529999732971191,12.340296745300293,10500
2022-05-09,13.4399995803833,13.649999618530273,13.260000228881836,13.34000015258789,12.167004585266113,39800
2022-05-10,13.380000114440918,13.470000267028809,13.319999694824219,13.470000267028809,12.28557300567627,5900
2022-05-11,13.479999542236328,13.720000267028809,13.420000076293945,13.430000305175781,12.249091148376465,7800
2022-05-12,13.600000381469727,13.609999656677246,13.149999618530273,13.390000343322754,12.249091148376465,51600
2022-05-13,13.289999961853027,13.479999542236328,13.289999961853027,13.479999542236328,12.331421852111816,8200
2022-05-16,13.4399995803833,13.59000015258789,13.3100004196167,13.59000015258789,12.432050704956055,22000
2022-05-17,13.390000343322754,13.770000457763672,13.390000343322754,13.569999694824219,12.413753509521484,11800
2022-05-18,13.59000015258789,13.59000015258789,13.270000457763672,13.350000381469727,12.21249771118164,9300
2022-05-19,13.289999961853027,13.390000343322754,13.289999961853027,13.390000343322754,12.249091148376465,5500
2022-05-20,13.399999618530273,13.399999618530273,13.170000076293945,13.300000190734863,12.16676139831543,18100
2022-05-23,13.270000457763672,13.720000267028809,13.270000457763672,13.720000267028809,12.550971984863281,14000
2022-05-24,13.699999809265137,13.699999809265137,13.40999984741211,13.520000457763672,12.368014335632324,7100
2022-05-25,13.630000114440918,13.800000190734863,13.520000457763672,13.649999618530273,12.486934661865234,23200
2022-05-26,13.680000305175781,13.989999771118164,13.680000305175781,13.930000305175781,12.743077278137207,41000
2022-05-27,15.0,15.0,14.149999618530273,14.180000305175781,12.971776962280273,41300
2022-05-31,14.199999809265137,14.3100004196167,14.0,14.15999984741211,12.953481674194336,10100
2022-06-01,14.140000343322754,14.539999961853027,13.979999542236328,14.029999732971191,12.834558486938477,15600
2022-06-02,14.069999694824219,14.899999618530273,14.069999694824219,14.789999961853027,13.529802322387695,31700
2022-06-03,14.729999542236328,14.989999771118164,14.34000015258789,14.359999656677246,13.136439323425293,38700
2022-06-06,14.470000267028809,14.989999771118164,14.359999656677246,14.479999542236328,13.246216773986816,19600
2022-06-07,14.65999984741211,15.25,14.600000381469727,14.640000343322754,13.39258098602295,17100
2022-06-08,15.350000381469727,15.350000381469727,14.649999618530273,14.979999542236328,13.703614234924316,37900
2022-06-09,14.880000114440918,15.350000381469727,14.640000343322754,14.770000457763672,13.511505126953125,15200
2022-06-10,14.970000267028809,14.970000267028809,14.510000228881836,14.65999984741211,13.410879135131836,11200
2022-06-13,14.420000076293945,14.420000076293945,14.029999732971191,14.050000190734863,12.85285472869873,13200
2022-06-14,14.199999809265137,14.270000457763672,13.8100004196167,13.8100004196167,12.669373512268066,35300
2022-06-15,14.010000228881836,14.010000228881836,13.40999984741211,13.449999809265137,12.339106559753418,27400
2022-06-16,13.229999542236328,13.4399995803833,13.229999542236328,13.4399995803833,12.329935073852539,7400
2022-06-17,13.40999984741211,13.649999618530273,13.210000038146973,13.210000038146973,12.118929862976074,7700
2022-06-21,13.229999542236328,13.289999961853027,13.010000228881836,13.119999885559082,12.036361694335938,13300
2022-06-22,13.029999732971191,13.220000267028809,12.850000381469727,12.949999809265137,11.880404472351074,60500
2022-06-23,12.90999984741211,13.229999542236328,12.90999984741211,13.079999923706055,11.999667167663574,25900
2022-06-24,13.140000343322754,13.289999961853027,13.140000343322754,13.25,12.155625343322754,13200
2022-06-27,13.229999542236328,13.270000457763672,13.09000015258789,13.149999618530273,12.063884735107422,8400
2022-06-28,13.079999923706055,13.300000190734863,13.079999923706055,13.229999542236328,12.13727855682373,19700
2022-06-29,13.289999961853027,13.550000190734863,13.180000305175781,13.5,12.384978294372559,17500
2022-06-30,13.489999771118164,13.630000114440918,13.399999618530273,13.630000114440918,12.504240036010742,13000
2022-07-01,13.65999984741211,13.8100004196167,13.510000228881836,13.619999885559082,12.495064735412598,10200
2022-07-05,13.699999809265137,13.729999542236328,13.489999771118164,13.680000305175781,12.550111770629883,19000
2022-07-06,13.720000267028809,13.989999771118164,13.630000114440918,13.779999732971191,12.641851425170898,14600
2022-07-07,13.859999656677246,13.970000267028809,13.779999732971191,13.869999885559082,12.72441577911377,6600
2022-07-08,13.699999809265137,13.970000267028809,13.670000076293945,13.880000114440918,12.733590126037598,7000
2022-07-11,13.960000038146973,13.960000038146973,13.420000076293945,13.890000343322754,12.742765426635742,21900
2022-07-12,14.0,14.0,13.680000305175781,13.770000457763672,12.63267707824707,9100
2022-07-13,13.729999542236328,13.829999923706055,13.729999542236328,13.819999694824219,12.678548812866211,5200
2022-07-14,13.800000190734863,13.800000190734863,13.529999732971191,13.670000076293945,12.577337265014648,8600
2022-07-15,13.989999771118164,13.989999771118164,13.699999809265137,13.899999618530273,12.788955688476562,24500
2022-07-18,13.710000038146973,13.880000114440918,13.609999656677246,13.630000114440918,12.54053783416748,8400
2022-07-19,13.579999923706055,13.729999542236328,13.579999923706055,13.630000114440918,12.54053783416748,18900
2022-07-20,13.670000076293945,13.670000076293945,13.520000457763672,13.520000457763672,12.439329147338867,13500
2022-07-21,13.5600004196167,13.630000114440918,13.5,13.5,12.420928955078125,16900
2022-07-22,13.579999923706055,13.75,13.529999732971191,13.720000267028809,12.62334156036377,23500
2022-07-25,13.720000267028809,13.720000267028809,13.699999809265137,13.720000267028809,12.62334156036377,9500
2022-07-26,13.739999771118164,13.970000267028809,13.600000381469727,13.65999984741211,12.568138122558594,20000
2022-07-27,13.649999618530273,13.680000305175781,13.649999618530273,13.680000305175781,12.586541175842285,16200
2022-07-28,13.680000305175781,13.850000381469727,13.630000114440918,13.850000381469727,12.742952346801758,33400
2022-07-29,13.949999809265137,13.979999542236328,13.869999885559082,13.979999542236328,12.862561225891113,8100
2022-08-01,13.979999542236328,14.149999618530273,13.960000038146973,14.149999618530273,13.018970489501953,4800
2022-08-02,14.260000228881836,14.260000228881836,14.0,14.180000305175781,13.046575546264648,2900
2022-08-03,14.180000305175781,14.3100004196167,14.180000305175781,14.3100004196167,13.166181564331055,6500
2022-08-04,14.369999885559082,14.390000343322754,13.850000381469727,14.15999984741211,13.028173446655273,17800
2022-08-05,14.010000228881836,14.119999885559082,13.880000114440918,14.069999694824219,12.945367813110352,5100
2022-08-08,14.140000343322754,14.15999984741211,14.020000457763672,14.069999694824219,12.945367813110352,7500
2022-08-09,14.09000015258789,14.140000343322754,13.989999771118164,14.020000457763672,12.89936351776123,5400
2022-08-10,14.109999656677246,14.15999984741211,14.029999732971191,14.109999656677246,12.982168197631836,6200
2022-08-11,14.140000343322754,14.15999984741211,14.0600004196167,14.140000343322754,13.009773254394531,14000
2022-08-12,14.149999618530273,14.15999984741211,14.09000015258789,14.149999618530273,13.055903434753418,9900
2022-08-15,14.100000381469727,14.199999809265137,14.100000381469727,14.130000114440918,13.037452697753906,14000
2022-08-16,14.15999984741211,14.15999984741211,14.0600004196167,14.09000015258789,13.000544548034668,14400
2022-08-17,13.670000076293945,14.039999961853027,13.670000076293945,13.789999961853027,12.723740577697754,28300
2022-08-18,13.869999885559082,14.010000228881836,13.770000457763672,13.899999618530273,12.825237274169922,12000
2022-08-19,13.869999885559082,13.920000076293945,13.819999694824219,13.819999694824219,12.751422882080078,4500
2022-08-22,13.789999961853027,13.84000015258789,13.75,13.770000457763672,12.705286026000977,1800
2022-08-23,13.770000457763672,13.829999923706055,13.75,13.75,12.686832427978516,3700
2022-08-24,13.75,13.760000228881836,13.699999809265137,13.729999542236328,12.668377876281738,5700
2022-08-25,13.6899995803833,13.739999771118164,13.569999694824219,13.739999771118164,12.677606582641602,3300
2022-08-26,13.579999923706055,13.680000305175781,13.550000190734863,13.569999694824219,12.520753860473633,8100
2022-08-29,13.65999984741211,13.65999984741211,13.550000190734863,13.569999694824219,12.520753860473633,5100
2022-08-30,13.609999656677246,13.619999885559082,13.550000190734863,13.600000381469727,12.548433303833008,5900
2022-08-31,13.59000015258789,13.649999618530273,13.550000190734863,13.640000343322754,12.58534049987793,6400
2022-09-01,13.550000190734863,13.550000190734863,13.329999923706055,13.329999923706055,12.299307823181152,16900
2022-09-02,13.390000343322754,13.470000267028809,13.350000381469727,13.399999618530273,12.363896369934082,4900
2022-09-06,13.40999984741211,13.40999984741211,13.300000190734863,13.300000190734863,12.27163028717041,11400
2022-09-07,13.34000015258789,13.350000381469727,13.289999961853027,13.34000015258789,12.308536529541016,4200
2022-09-08,13.510000228881836,13.859999656677246,13.329999923706055,13.329999923706055,12.299307823181152,7500
2022-09-09,13.609999656677246,13.609999656677246,13.359999656677246,13.390000343322754,12.354668617248535,14600
2022-09-12,13.760000228881836,13.760000228881836,13.3100004196167,13.319999694824219,12.290080070495605,4800
2022-09-13,13.369999885559082,14.0600004196167,13.369999885559082,13.380000114440918,12.345441818237305,30100
2022-09-14,13.59000015258789,13.59000015258789,13.239999771118164,13.270000457763672,12.280661582946777,38400
2022-09-15,13.270000457763672,13.479999542236328,13.15999984741211,13.199999809265137,12.21588134765625,11100
2022-09-16,13.1899995803833,13.34000015258789,13.140000343322754,13.279999732971191,12.28991413116455,11600
2022-09-19,13.180000305175781,13.390000343322754,13.140000343322754,13.220000267028809,12.234389305114746,9700
2022-09-20,13.170000076293945,13.319999694824219,13.109999656677246,13.149999618530273,12.169608116149902,2900
2022-09-21,13.300000190734863,13.390000343322754,13.15999984741211,13.300000190734863,12.308425903320312,15800
2022-09-22,13.359999656677246,13.359999656677246,13.010000228881836,13.279999732971191,12.28991413116455,26000
2022-09-23,13.59000015258789,13.59000015258789,12.800000190734863,13.109999656677246,12.132590293884277,29800
2022-09-26,12.9399995803833,13.079999923706055,12.760000228881836,12.789999961853027,11.836447715759277,20900
2022-09-27,12.920000076293945,12.979999542236328,12.75,12.819999694824219,11.864209175109863,17400
2022-09-28,12.890000343322754,13.180000305175781,12.829999923706055,13.100000381469727,12.123334884643555,16500
2022-09-29,13.100000381469727,13.479999542236328,12.899999618530273,13.449999809265137,12.447240829467773,22900
2022-09-30,13.210000038146973,13.210000038146973,12.960000038146973,13.079999923706055,12.104826927185059,2100
2022-10-03,13.1899995803833,13.1899995803833,12.930000305175781,13.079999923706055,12.104826927185059,8500
2022-10-04,13.260000228881836,13.260000228881836,13.119999885559082,13.25,12.262151718139648,11800
2022-10-05,13.1899995803833,13.470000267028809,13.109999656677246,13.229999542236328,12.243644714355469,25900
2022-10-06,13.199999809265137,13.369999885559082,13.130000114440918,13.229999542236328,12.243644714355469,4900
2022-10-07,13.180000305175781,13.260000228881836,13.0600004196167,13.0600004196167,12.086318016052246,4100
2022-10-10,13.079999923706055,13.5,13.079999923706055,13.279999732971191,12.28991413116455,8600
2022-10-11,13.279999732971191,13.329999923706055,13.279999732971191,13.329999923706055,12.336187362670898,4100
2022-10-12,13.420000076293945,13.420000076293945,13.229999542236328,13.399999618530273,12.400969505310059,2200
2022-10-13,13.369999885559082,13.369999885559082,13.239999771118164,13.239999771118164,12.291422843933105,1000
2022-10-14,13.210000038146973,13.210000038146973,13.119999885559082,13.15999984741211,12.217154502868652,4500
2022-10-17,13.199999809265137,13.199999809265137,13.010000228881836,13.15999984741211,12.217154502868652,2800
2022-10-18,13.130000114440918,13.130000114440918,13.050000190734863,13.09000015258789,12.15217113494873,3100
2022-10-19,13.229999542236328,13.229999542236328,13.050000190734863,13.119999885559082,12.180020332336426,2700
2022-10-20,13.050000190734863,13.050000190734863,12.720000267028809,12.729999542236328,11.817961692810059,26800
2022-10-21,12.770000457763672,12.770000457763672,12.579999923706055,12.619999885559082,11.715841293334961,9000
2022-10-24,12.619999885559082,12.9399995803833,12.399999618530273,12.4399995803833,11.548741340637207,31100
2022-10-25,12.5,12.800000190734863,12.479999542236328,12.550000190734863,11.650858879089355,17900
2022-10-26,12.760000228881836,12.989999771118164,12.670000076293945,12.670000076293945,11.762260437011719,7700
2022-10-27,12.890000343322754,13.020000457763672,12.65999984741211,12.670000076293945,11.762260437011719,5900
2022-10-28,12.720000267028809,12.960000038146973,12.720000267028809,12.850000381469727,11.929363250732422,13000
2022-10-31,12.899999618530273,13.199999809265137,12.819999694824219,12.850000381469727,11.929363250732422,12300
2022-11-01,12.949999809265137,13.430000305175781,12.520000457763672,12.710000038146973,11.799395561218262,38300
2022-11-02,12.710000038146973,13.0600004196167,12.710000038146973,12.779999732971191,11.8643798828125,13300
2022-11-03,12.800000190734863,12.800000190734863,12.65999984741211,12.699999809265137,11.790108680725098,7300
2022-11-04,12.8100004196167,12.989999771118164,12.640000343322754,12.649999618530273,11.743693351745605,3200
2022-11-07,12.8100004196167,13.25,12.609999656677246,12.729999542236328,11.817961692810059,11700
2022-11-08,12.8100004196167,12.880000114440918,12.579999923706055,12.649999618530273,11.743693351745605,20500
2022-11-09,12.579999923706055,12.670000076293945,12.470000267028809,12.470000267028809,11.576587677001953,45400
2022-11-10,12.680000305175781,12.869999885559082,12.680000305175781,12.800000190734863,11.882946968078613,7900
2022-11-11,12.770000457763672,12.949999809265137,12.739999771118164,12.9399995803833,12.012914657592773,27000
2022-11-14,12.859999656677246,13.289999961853027,12.859999656677246,13.079999923706055,12.182426452636719,13800
2022-11-15,13.050000190734863,14.0,13.039999961853027,13.5,12.573606491088867,16900
2022-11-16,13.470000267028809,14.430000305175781,13.430000305175781,13.979999542236328,13.02066707611084,22500
2022-11-17,13.920000076293945,13.979999542236328,13.300000190734863,13.979999542236328,13.02066707611084,6700
2022-11-18,13.979999542236328,13.979999542236328,13.539999961853027,13.899999618530273,12.946158409118652,5900
2022-11-21,13.90999984741211,13.960000038146973,13.300000190734863,13.489999771118164,12.564291954040527,40200
2022-11-22,13.460000038146973,13.630000114440918,13.390000343322754,13.479999542236328,12.554977416992188,8400
2022-11-23,13.489999771118164,13.609999656677246,13.390000343322754,13.479999542236328,12.554977416992188,44500
2022-11-25,13.430000305175781,13.430000305175781,13.25,13.25,12.340763092041016,5300
2022-11-28,13.4399995803833,13.4399995803833,13.1899995803833,13.199999809265137,12.29419231414795,17700
2022-11-29,13.3100004196167,13.34000015258789,13.149999618530273,13.199999809265137,12.29419231414795,15100
2022-11-30,13.239999771118164,13.390000343322754,13.149999618530273,13.149999618530273,12.247625350952148,16500
2022-12-01,13.220000267028809,13.359999656677246,13.149999618530273,13.1899995803833,12.28487777709961,20400
2022-12-02,13.119999885559082,13.300000190734863,13.119999885559082,13.149999618530273,12.247625350952148,11400
2022-12-05,13.25,13.25,13.100000381469727,13.100000381469727,12.201054573059082,11500
2022-12-06,13.170000076293945,13.399999618530273,13.149999618530273,13.34000015258789,12.42458724975586,23500
2022-12-07,13.25,13.710000038146973,13.25,13.399999618530273,12.480467796325684,42100
2022-12-08,13.369999885559082,13.59000015258789,13.220000267028809,13.229999542236328,12.322135925292969,17600
2022-12-09,13.3100004196167,13.350000381469727,13.15999984741211,13.220000267028809,12.312822341918945,13400
2022-12-12,13.279999732971191,13.579999923706055,13.220000267028809,13.329999923706055,12.41527271270752,16800
2022-12-13,14.0600004196167,14.0600004196167,13.390000343322754,13.800000190734863,12.853021621704102,20700
2022-12-14,13.899999618530273,14.100000381469727,13.5,13.90999984741211,12.996912002563477,14700
2022-12-15,13.720000267028809,14.5,13.720000267028809,14.180000305175781,13.249186515808105,21100
2022-12-16,14.1899995803833,14.300000190734863,13.529999732971191,13.920000076293945,13.006257057189941,26500
2022-12-19,13.9399995803833,14.029999732971191,13.529999732971191,13.59000015258789,12.697916984558105,12200
2022-12-20,13.609999656677246,13.760000228881836,13.550000190734863,13.649999618530273,12.75397777557373,5400
2022-12-21,13.5600004196167,14.109999656677246,13.5600004196167,13.84000015258789,12.931507110595703,13000
2022-12-22,13.710000038146973,13.829999923706055,13.630000114440918,13.699999809265137,12.800697326660156,4500
2022-12-23,13.9399995803833,14.300000190734863,13.9399995803833,14.300000190734863,13.361313819885254,9400
2022-12-27,14.170000076293945,14.25,13.869999885559082,14.220000267028809,13.2865629196167,24000
2022-12-28,13.920000076293945,14.399999618530273,13.550000190734863,14.0600004196167,13.137063980102539,67400
2022-12-29,14.010000228881836,14.399999618530273,13.960000038146973,14.25,13.314595222473145,18800
2022-12-30,14.119999885559082,14.399999618530273,14.0,14.350000381469727,13.408031463623047,10000
2023-01-03,14.399999618530273,14.449999809265137,14.010000228881836,14.300000190734863,13.361313819885254,5200
2023-01-04,14.399999618530273,14.399999618530273,14.039999961853027,14.0600004196167,13.137063980102539,6600
2023-01-05,14.029999732971191,14.029999732971191,13.710000038146973,13.8100004196167,12.903475761413574,16500
2023-01-06,13.800000190734863,13.960000038146973,13.75,13.779999732971191,12.875446319580078,11500
2023-01-09,13.880000114440918,13.890000343322754,13.75,13.75,12.847414016723633,8900
2023-01-10,13.84000015258789,13.850000381469727,13.649999618530273,13.699999809265137,12.800697326660156,12900
2023-01-11,13.850000381469727,13.850000381469727,13.6899995803833,13.75,12.847414016723633,5800
2023-01-12,13.829999923706055,13.850000381469727,13.720000267028809,13.850000381469727,12.98239517211914,5600
2023-01-13,13.920000076293945,13.960000038146973,13.8100004196167,13.930000305175781,13.057380676269531,8500
2023-01-17,13.890000343322754,14.0,13.75,13.800000190734863,12.935525894165039,22900
2023-01-18,13.859999656677246,13.970000267028809,13.859999656677246,13.9399995803833,13.066756248474121,2500
2023-01-19,13.9399995803833,14.039999961853027,13.9399995803833,14.010000228881836,13.132370948791504,5100
2023-01-20,14.0,14.100000381469727,13.949999809265137,14.010000228881836,13.132370948791504,7000
2023-01-23,13.970000267028809,14.09000015258789,13.970000267028809,13.979999542236328,13.104247093200684,1400
2023-01-24,14.180000305175781,14.199999809265137,14.09000015258789,14.199999809265137,13.310470581054688,6600
2023-01-25,14.109999656677246,14.130000114440918,14.109999656677246,14.119999885559082,13.235479354858398,400
2023-01-26,14.319999694824219,14.720000267028809,14.319999694824219,14.539999961853027,13.629169464111328,11800
2023-01-27,14.460000038146973,14.720000267028809,14.460000038146973,14.720000267028809,13.797895431518555,200
2023-01-30,14.720000267028809,14.720000267028809,14.630000114440918,14.630000114440918,13.713531494140625,1800
2023-01-31,14.600000381469727,14.859999656677246,14.510000228881836,14.859999656677246,13.929122924804688,5200
2023-02-01,14.859999656677246,14.899999618530273,14.630000114440918,14.869999885559082,13.938497543334961,11000
2023-02-02,14.890000343322754,14.979999542236328,14.890000343322754,14.960000038146973,14.022860527038574,14300
2023-02-03,14.930000305175781,14.979999542236328,14.920000076293945,14.979999542236328,14.041607856750488,4200
2023-02-06,14.979999542236328,15.279999732971191,14.880000114440918,15.010000228881836,14.069726943969727,17900
2023-02-07,15.149999618530273,15.220000267028809,15.149999618530273,15.1899995803833,14.238450050354004,10700
2023-02-08,15.239999771118164,15.239999771118164,15.079999923706055,15.079999923706055,14.135344505310059,2500
2023-02-09,15.25,15.25,14.819999694824219,15.180000305175781,14.229080200195312,7500
2023-02-10,15.170000076293945,15.170000076293945,14.699999809265137,14.699999809265137,13.779149055480957,1600
2023-02-13,15.050000190734863,15.279999732971191,14.289999961853027,14.890000343322754,13.957243919372559,20600
2023-02-14,14.739999771118164,14.75,14.59000015258789,14.600000381469727,13.725973129272461,7400
2023-02-15,14.619999885559082,14.989999771118164,14.619999885559082,14.720000267028809,13.838788032531738,6500
2023-02-16,14.6899995803833,14.6899995803833,14.3100004196167,14.3100004196167,13.453333854675293,8500
2023-02-17,14.34000015258789,14.600000381469727,13.90999984741211,14.239999771118164,13.38752269744873,13000
2023-02-21,14.130000114440918,14.130000114440918,13.829999923706055,13.9399995803833,13.10548210144043,8400
2023-02-22,14.1899995803833,14.430000305175781,13.800000190734863,13.800000190734863,12.97386360168457,7600
2023-02-23,13.920000076293945,13.920000076293945,13.800000190734863,13.800000190734863,12.97386360168457,2100
2023-02-24,13.789999961853027,14.039999961853027,13.699999809265137,13.710000038146973,12.889249801635742,4400
2023-02-27,13.710000038146973,13.880000114440918,13.699999809265137,13.729999542236328,12.90805435180664,15700
2023-02-28,13.989999771118164,14.40999984741211,13.699999809265137,13.890000343322754,13.058475494384766,26100
2023-03-01,13.800000190734863,14.170000076293945,13.800000190734863,13.859999656677246,13.03027057647705,9400
2023-03-02,13.9399995803833,13.9399995803833,13.529999732971191,13.619999885559082,12.804640769958496,27500
2023-03-03,13.729999542236328,13.75,13.640000343322754,13.640000343322754,12.823442459106445,3700
2023-03-06,13.520000457763672,13.630000114440918,13.520000457763672,13.569999694824219,12.757633209228516,16400
2023-03-07,13.59000015258789,13.670000076293945,13.59000015258789,13.600000381469727,12.785836219787598,2100
2023-03-08,13.619999885559082,13.630000114440918,13.550000190734863,13.550000190734863,12.738828659057617,6100
2023-03-09,13.600000381469727,13.649999618530273,13.270000457763672,13.270000457763672,12.475593566894531,14800
2023-03-10,13.289999961853027,13.350000381469727,13.199999809265137,13.199999809265137,12.409781455993652,6700
2023-03-13,13.149999618530273,13.350000381469727,13.149999618530273,13.149999618530273,12.362775802612305,19900
2023-03-14,13.149999618530273,13.270000457763672,13.140000343322754,13.149999618530273,12.404280662536621,8000
2023-03-15,13.34000015258789,13.399999618530273,13.130000114440918,13.199999809265137,12.451446533203125,10700
2023-03-16,13.539999961853027,13.539999961853027,13.369999885559082,13.420000076293945,12.658970832824707,3500
2023-03-17,13.4399995803833,13.449999809265137,13.399999618530273,13.40999984741211,12.649534225463867,800
2023-03-20,13.479999542236328,13.5,13.399999618530273,13.420000076293945,12.658970832824707,2200
2023-03-21,13.449999809265137,13.529999732971191,13.449999809265137,13.5,12.734434127807617,3700
2023-03-22,13.520000457763672,13.520000457763672,13.350000381469727,13.430000305175781,12.668404579162598,5800
2023-03-23,13.359999656677246,13.539999961853027,13.359999656677246,13.449999809265137,12.687268257141113,4000
2023-03-24,13.489999771118164,13.510000228881836,13.359999656677246,13.359999656677246,12.602372169494629,5700
2023-03-27,13.470000267028809,13.470000267028809,13.15999984741211,13.25,12.498610496520996,13900
2023-03-28,13.350000381469727,13.479999542236328,13.170000076293945,13.3100004196167,12.555209159851074,3600
2023-03-29,13.260000228881836,13.350000381469727,13.260000228881836,13.34000015258789,12.583507537841797,800
2023-03-30,13.380000114440918,13.470000267028809,13.34000015258789,13.399999618530273,12.640103340148926,3400
2023-03-31,13.40999984741211,13.470000267028809,13.40999984741211,13.470000267028809,12.706135749816895,900
2023-04-03,13.510000228881836,13.510000228881836,13.430000305175781,13.430000305175781,12.668404579162598,8700
2023-04-04,13.430000305175781,13.5600004196167,13.40999984741211,13.4399995803833,12.677833557128906,3700
2023-04-05,13.460000038146973,13.680000305175781,13.460000038146973,13.609999656677246,12.838193893432617,6800
2023-04-06,13.600000381469727,13.609999656677246,13.600000381469727,13.609999656677246,12.838193893432617,600
2023-04-10,13.600000381469727,13.600000381469727,13.430000305175781,13.489999771118164,12.725001335144043,4100
2023-04-11,13.510000228881836,13.510000228881836,13.430000305175781,13.4399995803833,12.677833557128906,2000
2023-04-12,13.479999542236328,13.600000381469727,13.4399995803833,13.4399995803833,12.677833557128906,9700
2023-04-13,13.40999984741211,13.479999542236328,13.260000228881836,13.350000381469727,12.634302139282227,9200
2023-04-14,13.399999618530273,13.430000305175781,13.350000381469727,13.399999618530273,12.681620597839355,9000
2023-04-17,13.399999618530273,13.649999618530273,13.3100004196167,13.5,12.776260375976562,8200
2023-04-18,13.5,13.510000228881836,13.3100004196167,13.399999618530273,12.681620597839355,17700
2023-04-19,13.359999656677246,13.359999656677246,13.199999809265137,13.260000228881836,12.549126625061035,15400
2023-04-20,13.300000190734863,13.350000381469727,13.1899995803833,13.199999809265137,12.492342948913574,25700
2023-04-21,13.1899995803833,13.239999771118164,13.1899995803833,13.1899995803833,12.482878684997559,800
2023-04-24,13.279999732971191,13.279999732971191,13.119999885559082,13.180000305175781,12.473414421081543,11600
2023-04-25,13.199999809265137,13.199999809265137,13.109999656677246,13.109999656677246,12.407169342041016,3800
2023-04-26,13.220000267028809,13.220000267028809,13.109999656677246,13.140000343322754,12.435558319091797,17600
2023-04-27,13.15999984741211,13.170000076293945,13.109999656677246,13.109999656677246,12.407169342041016,10100
2023-04-28,13.109999656677246,13.210000038146973,13.109999656677246,13.170000076293945,12.463950157165527,7800
2023-05-01,13.1899995803833,13.199999809265137,13.149999618530273,13.180000305175781,12.473414421081543,13600
2023-05-02,13.279999732971191,13.289999961853027,13.130000114440918,13.180000305175781,12.473414421081543,9300
2023-05-03,13.15999984741211,13.25,13.149999618530273,13.1899995803833,12.482878684997559,8400
2023-05-04,13.180000305175781,13.380000114440918,13.180000305175781,13.329999923706055,12.615372657775879,7400
2023-05-05,13.359999656677246,13.619999885559082,13.359999656677246,13.380000114440918,12.662694931030273,7600
2023-05-08,13.5,13.59000015258789,13.399999618530273,13.420000076293945,12.700550079345703,6200
2023-05-09,13.529999732971191,13.550000190734863,13.399999618530273,13.550000190734863,12.823577880859375,2400
2023-05-10,13.4399995803833,13.539999961853027,13.34000015258789,13.529999732971191,12.804652214050293,3500
2023-05-11,13.369999885559082,13.430000305175781,13.329999923706055,13.34000015258789,12.624838829040527,700
2023-05-12,13.329999923706055,13.380000114440918,13.329999923706055,13.380000114440918,12.704599380493164,1400
2023-05-15,13.380000114440918,13.380000114440918,13.380000114440918,13.380000114440918,12.704599380493164,0
2023-05-16,13.449999809265137,13.489999771118164,13.369999885559082,13.369999885559082,12.695101737976074,2900
2023-05-17,13.350000381469727,13.350000381469727,13.329999923706055,13.329999923706055,12.657120704650879,900
2023-05-18,13.34000015258789,13.34000015258789,13.329999923706055,13.329999923706055,12.657120704650879,6700
2023-05-19,13.369999885559082,13.369999885559082,13.369999885559082,13.369999885559082,12.695101737976074,200
2023-05-22,13.260000228881836,13.319999694824219,13.239999771118164,13.239999771118164,12.571662902832031,4800
2023-05-23,13.229999542236328,13.239999771118164,13.1899995803833,13.199999809265137,12.533683776855469,3500
2023-05-24,13.1899995803833,13.1899995803833,13.100000381469727,13.100000381469727,12.43873119354248,11300
2023-05-25,13.100000381469727,13.119999885559082,13.0,13.0,12.343780517578125,3200
2023-05-26,13.0,13.09000015258789,13.0,13.069999694824219,12.410244941711426,3000
2023-05-30,13.029999732971191,13.199999809265137,13.029999732971191,13.15999984741211,12.495701789855957,2300
2023-05-31,13.109999656677246,13.109999656677246,12.930000305175781,13.010000228881836,12.35327434539795,24700
2023-06-01,13.029999732971191,13.140000343322754,12.989999771118164,13.100000381469727,12.43873119354248,21600
2023-06-02,13.100000381469727,13.109999656677246,13.039999961853027,13.039999961853027,12.381759643554688,7400
2023-06-05,13.039999961853027,13.100000381469727,12.979999542236328,13.0600004196167,12.400750160217285,9100
2023-06-06,13.029999732971191,13.100000381469727,13.029999732971191,13.100000381469727,12.43873119354248,500
2023-06-07,13.050000190734863,13.229999542236328,13.050000190734863,13.109999656677246,12.448226928710938,4200
2023-06-08,13.109999656677246,13.199999809265137,13.109999656677246,13.149999618530273,12.486207008361816,7800
2023-06-09,13.100000381469727,13.1899995803833,13.050000190734863,13.050000190734863,12.391253471374512,6700
2023-06-12,13.069999694824219,13.100000381469727,13.069999694824219,13.09000015258789,12.42923641204834,4000
2023-06-13,13.0600004196167,13.100000381469727,12.989999771118164,13.0600004196167,12.400750160217285,13200
2023-06-14,12.989999771118164,12.989999771118164,12.890000343322754,12.960000038146973,12.347399711608887,17700
2023-06-15,12.949999809265137,13.0,12.899999618530273,12.949999809265137,12.337870597839355,9900
2023-06-16,12.899999618530273,12.960000038146973,12.859999656677246,12.90999984741211,12.299761772155762,18400
2023-06-20,12.90999984741211,12.9399995803833,12.90999984741211,12.930000305175781,12.318818092346191,4000
2023-06-21,12.890000343322754,12.9399995803833,12.890000343322754,12.890000343322754,12.280706405639648,9300
2023-06-22,12.869999885559082,12.9399995803833,12.869999885559082,12.90999984741211,12.299761772155762,6000
2023-06-23,12.970000267028809,13.020000457763672,12.949999809265137,12.949999809265137,12.337870597839355,5500
2023-06-26,12.960000038146973,13.079999923706055,12.920000076293945,13.020000457763672,12.404561042785645,15900
2023-06-27,13.0,13.0600004196167,12.970000267028809,13.0600004196167,12.442670822143555,10400
2023-06-28,13.050000190734863,13.119999885559082,13.050000190734863,13.119999885559082,12.499834060668945,18000
2023-06-29,13.119999885559082,13.1899995803833,13.029999732971191,13.029999732971191,12.41408920288086,5300
2023-06-30,13.09000015258789,13.09000015258789,13.020000457763672,13.029999732971191,12.41408920288086,4500
2023-07-03,13.020000457763672,13.15999984741211,13.020000457763672,13.029999732971191,12.41408920288086,7700
2023-07-05,13.039999961853027,13.119999885559082,13.039999961853027,13.100000381469727,12.480780601501465,12700
2023-07-06,13.09000015258789,13.1899995803833,13.010000228881836,13.130000114440918,12.509363174438477,46300
2023-07-07,13.039999961853027,13.149999618530273,13.039999961853027,13.100000381469727,12.480780601501465,3400
2023-07-10,13.109999656677246,13.15999984741211,13.100000381469727,13.149999618530273,12.52841567993164,5300
2023-07-11,13.149999618530273,13.149999618530273,13.149999618530273,13.149999618530273,12.52841567993164,700
2023-07-12,13.119999885559082,13.699999809265137,13.119999885559082,13.470000267028809,12.833292961120605,15600
2023-07-13,13.420000076293945,13.699999809265137,13.350000381469727,13.520000457763672,12.923141479492188,20300
2023-07-14,13.460000038146973,13.479999542236328,13.460000038146973,13.470000267028809,12.875349044799805,2300
2023-07-17,13.470000267028809,13.550000190734863,13.329999923706055,13.40999984741211,12.81799602508545,8100
2023-07-18,13.359999656677246,13.470000267028809,13.319999694824219,13.350000381469727,12.76064682006836,6500
2023-07-19,13.270000457763672,13.40999984741211,13.260000228881836,13.399999618530273,12.80843734741211,12700
2023-07-20,13.260000228881836,13.420000076293945,13.260000228881836,13.420000076293945,12.827555656433105,1100
2023-07-21,13.369999885559082,13.369999885559082,13.300000190734863,13.359999656677246,12.770203590393066,4700
2023-07-24,13.289999961853027,13.300000190734863,13.109999656677246,13.229999542236328,12.645944595336914,11200
2023-07-25,13.229999542236328,13.319999694824219,13.210000038146973,13.210000038146973,12.626825332641602,3800
2023-07-26,13.220000267028809,13.25,13.180000305175781,13.220000267028809,12.636383056640625,2000
2023-07-27,13.1899995803833,13.220000267028809,13.149999618530273,13.220000267028809,12.636383056640625,4400
2023-07-28,13.260000228881836,13.260000228881836,13.0600004196167,13.149999618530273,12.569476127624512,9400
2023-07-31,13.199999809265137,13.199999809265137,13.149999618530273,13.1899995803833,12.607707977294922,14600
2023-08-01,13.229999542236328,13.239999771118164,13.149999618530273,13.149999618530273,12.569476127624512,5400
2023-08-02,13.109999656677246,13.180000305175781,13.100000381469727,13.100000381469727,12.521681785583496,7300
2023-08-03,13.100000381469727,13.100000381469727,13.0,13.010000228881836,12.435656547546387,13300
2023-08-04,13.020000457763672,13.09000015258789,13.0,13.0,12.426097869873047,11800
2023-08-07,13.0,13.010000228881836,13.0,13.0,12.426097869873047,14500
2023-08-08,13.010000228881836,13.0600004196167,13.0,13.0,12.426097869873047,9600
2023-08-09,13.0,13.050000190734863,12.960000038146973,12.960000038146973,12.387864112854004,9500
2023-08-10,12.949999809265137,13.069999694824219,12.90999984741211,12.920000076293945,12.349630355834961,6000
2023-08-11,12.930000305175781,12.989999771118164,12.899999618530273,12.90999984741211,12.340070724487305,15300
2023-08-14,12.90999984741211,12.989999771118164,12.90999984741211,12.930000305175781,12.40145492553711,11600
2023-08-15,12.930000305175781,13.0,12.930000305175781,12.949999809265137,12.420635223388672,4200
2023-08-16,12.90999984741211,12.930000305175781,12.779999732971191,12.880000114440918,12.353496551513672,11800
2023-08-17,12.84000015258789,12.920000076293945,12.8100004196167,12.850000381469727,12.324724197387695,19300
2023-08-18,12.850000381469727,12.869999885559082,12.8100004196167,12.829999923706055,12.305542945861816,6300
2023-08-21,12.829999923706055,12.829999923706055,12.75,12.8100004196167,12.286358833312988,14600
2023-08-22,12.789999961853027,12.800000190734863,12.699999809265137,12.720000267028809,12.200037002563477,14600
2023-08-23,12.75,13.199999809265137,12.729999542236328,13.170000076293945,12.631641387939453,51700
2023-08-24,13.039999961853027,13.100000381469727,12.989999771118164,13.09000015258789,12.554914474487305,13900
2023-08-25,13.029999732971191,13.09000015258789,13.010000228881836,13.0600004196167,12.526140213012695,3400
2023-08-28,13.0600004196167,13.229999542236328,13.029999732971191,13.229999542236328,12.689189910888672,20800
2023-08-29,13.079999923706055,13.300000190734863,13.079999923706055,13.260000228881836,12.717964172363281,2900
2023-08-30,13.199999809265137,13.359999656677246,13.1899995803833,13.319999694824219,12.77550983428955,5600
2023-08-31,13.1899995803833,13.239999771118164,12.850000381469727,12.850000381469727,12.324724197387695,31200
2023-09-01,12.850000381469727,12.979999542236328,12.800000190734863,12.920000076293945,12.391862869262695,18400
2023-09-05,12.920000076293945,12.989999771118164,12.880000114440918,12.970000267028809,12.439818382263184,8800
2023-09-06,12.880000114440918,13.010000228881836,12.859999656677246,12.970000267028809,12.439818382263184,15600
2023-09-07,12.84000015258789,12.880000114440918,12.75,12.880000114440918,12.353496551513672,13100
2023-09-08,12.770000457763672,12.90999984741211,12.760000228881836,12.800000190734863,12.27676773071289,18600
2023-09-11,12.8100004196167,12.880000114440918,12.75,12.880000114440918,12.353496551513672,10900
2023-09-12,12.800000190734863,12.859999656677246,12.75,12.819999694824219,12.295950889587402,7800
2023-09-13,12.800000190734863,12.869999885559082,12.779999732971191,12.800000190734863,12.27676773071289,3500
2023-09-14,12.760000228881836,12.899999618530273,12.75,12.819999694824219,12.338363647460938,7800
2023-09-15,12.819999694824219,12.90999984741211,12.789999961853027,12.829999923706055,12.34798812866211,13300
2023-09-18,12.869999885559082,12.869999885559082,12.789999961853027,12.789999961853027,12.309490203857422,9700
2023-09-19,12.800000190734863,12.869999885559082,12.789999961853027,12.789999961853027,12.309490203857422,14100
2023-09-20,12.779999732971191,12.800000190734863,12.649999618530273,12.6899995803833,12.213245391845703,25400
2023-09-21,12.59000015258789,12.6899995803833,12.550000190734863,12.619999885559082,12.145878791809082,22200
2023-09-22,12.619999885559082,12.699999809265137,12.550000190734863,12.550000190734863,12.078508377075195,9400
2023-09-25,12.550000190734863,12.550000190734863,12.239999771118164,12.430000305175781,11.963018417358398,23900
2023-09-26,12.390000343322754,12.510000228881836,12.1899995803833,12.289999961853027,11.828275680541992,44400
2023-09-27,12.25,12.319999694824219,12.069999694824219,12.140000343322754,11.683910369873047,33200
2023-09-28,12.149999618530273,12.229999542236328,12.079999923706055,12.180000305175781,11.72240924835205,19900
2023-09-29,12.180000305175781,12.25,12.100000381469727,12.170000076293945,11.712782859802246,27000
2023-10-02,12.289999961853027,12.289999961853027,12.140000343322754,12.15999984741211,11.703160285949707,16600
2023-10-03,12.100000381469727,12.210000038146973,12.050000190734863,12.069999694824219,11.61653995513916,23200
2023-10-04,12.069999694824219,12.15999984741211,12.0600004196167,12.069999694824219,11.61653995513916,18200
2023-10-05,12.130000114440918,12.180000305175781,12.100000381469727,12.149999618530273,11.693533897399902,20900
2023-10-06,12.130000114440918,12.170000076293945,12.079999923706055,12.109999656677246,11.655037879943848,10000
2023-10-09,12.0600004196167,12.199999809265137,12.0600004196167,12.149999618530273,11.693533897399902,9700
2023-10-10,12.100000381469727,12.199999809265137,12.0600004196167,12.15999984741211,11.703160285949707,21200
2023-10-11,12.239999771118164,12.270000457763672,12.149999618530273,12.25,11.789777755737305,32300
2023-10-12,12.220000267028809,12.229999542236328,12.149999618530273,12.149999618530273,11.735686302185059,12400
2023-10-13,12.270000457763672,12.34000015258789,12.15999984741211,12.270000457763672,11.85159683227539,10400
2023-10-16,12.15999984741211,12.289999961853027,12.15999984741211,12.199999809265137,11.783982276916504,9300
2023-10-17,12.15999984741211,12.1899995803833,12.0600004196167,12.180000305175781,11.764664649963379,22500
2023-10-18,12.109999656677246,12.5600004196167,12.079999923706055,12.489999771118164,12.064093589782715,34600
2023-10-19,12.350000381469727,12.350000381469727,12.130000114440918,12.149999618530273,11.735686302185059,27400
2023-10-20,12.15999984741211,12.199999809265137,12.050000190734863,12.050000190734863,11.63909912109375,15800
2023-10-23,12.079999923706055,12.130000114440918,12.020000457763672,12.020000457763672,11.610121726989746,13200
2023-10-24,12.0600004196167,12.069999694824219,12.0,12.010000228881836,11.600462913513184,8400
2023-10-25,11.989999771118164,12.079999923706055,11.899999618530273,11.989999771118164,11.581143379211426,22400
2023-10-26,11.949999809265137,12.149999618530273,11.890000343322754,11.890000343322754,11.484553337097168,18900
2023-10-27,11.890000343322754,11.9399995803833,11.859999656677246,11.880000114440918,11.474894523620605,21000
2023-10-30,11.880000114440918,12.140000343322754,11.869999885559082,11.869999885559082,11.46523380279541,27400
2023-10-31,11.859999656677246,12.180000305175781,11.859999656677246,12.020000457763672,11.610121726989746,22300
2023-11-01,12.09000015258789,12.390000343322754,12.039999961853027,12.25,11.83227825164795,9600
2023-11-02,12.3100004196167,12.470000267028809,12.180000305175781,12.260000228881836,11.841937065124512,36100
2023-11-03,12.34000015258789,12.460000038146973,12.319999694824219,12.399999618530273,11.97716236114502,26900
2023-11-06,12.399999618530273,12.399999618530273,12.170000076293945,12.329999923706055,11.909549713134766,13000
2023-11-07,12.329999923706055,12.380000114440918,12.270000457763672,12.300000190734863,11.880571365356445,13900
2023-11-08,12.329999923706055,12.399999618530273,12.210000038146973,12.380000114440918,11.957845687866211,8500
2023-11-09,12.329999923706055,12.420000076293945,12.100000381469727,12.140000343322754,11.726028442382812,22200
2023-11-10,12.15999984741211,12.3100004196167,12.149999618530273,12.239999771118164,11.822617530822754,13200
2023-11-13,12.149999618530273,12.289999961853027,12.149999618530273,12.170000076293945,11.7550048828125,20800
2023-11-14,12.25,12.390000343322754,12.25,12.359999656677246,11.981846809387207,4900
2023-11-15,12.279999732971191,12.350000381469727,12.279999732971191,12.350000381469727,11.972152709960938,3500
2023-11-16,12.369999885559082,12.489999771118164,12.369999885559082,12.399999618530273,12.020622253417969,17000
2023-11-17,12.420000076293945,12.520000457763672,12.420000076293945,12.479999542236328,12.098175048828125,10000
2023-11-20,12.430000305175781,12.470000267028809,12.359999656677246,12.390000343322754,12.010929107666016,31400
2023-11-21,12.390000343322754,12.420000076293945,12.260000228881836,12.270000457763672,11.894599914550781,76100
2023-11-22,12.270000457763672,12.390000343322754,12.260000228881836,12.300000190734863,11.923681259155273,61600
2023-11-24,12.25,12.380000114440918,12.220000267028809,12.25,11.875211715698242,46200
2023-11-27,12.260000228881836,12.420000076293945,12.229999542236328,12.390000343322754,12.010929107666016,47000
2023-11-28,12.329999923706055,12.40999984741211,12.329999923706055,12.34000015258789,11.962458610534668,20300
2023-11-29,12.369999885559082,12.5,12.3100004196167,12.399999618530273,12.020622253417969,38900
2023-11-30,12.399999618530273,12.430000305175781,12.319999694824219,12.319999694824219,11.943069458007812,40000
2023-12-01,12.3100004196167,12.4399995803833,12.3100004196167,12.40999984741211,12.030318260192871,31200
2023-12-04,12.359999656677246,12.460000038146973,12.359999656677246,12.430000305175781,12.049705505371094,61000
2023-12-05,12.449999809265137,12.5600004196167,12.390000343322754,12.460000038146973,12.078786849975586,113800
2023-12-06,12.470000267028809,12.59000015258789,12.430000305175781,12.510000228881836,12.12725830078125,82300
2023-12-07,12.550000190734863,12.720000267028809,12.550000190734863,12.600000381469727,12.214503288269043,44800
2023-12-08,12.600000381469727,12.640000343322754,12.5,12.600000381469727,12.214503288269043,29000
2023-12-11,12.579999923706055,12.59000015258789,12.449999809265137,12.489999771118164,12.107866287231445,68900
2023-12-12,12.4399995803833,12.619999885559082,12.4399995803833,12.59000015258789,12.204809188842773,22100
2023-12-13,12.600000381469727,12.739999771118164,12.5,12.699999809265137,12.311443328857422,29800
2023-12-14,12.90999984741211,12.90999984741211,12.729999542236328,12.779999732971191,12.388997077941895,44200
2023-12-15,12.880000114440918,12.880000114440918,12.770000457763672,12.800000190734863,12.4083833694458,18300
2023-12-18,12.789999961853027,12.800000190734863,12.699999809265137,12.789999961853027,12.398690223693848,22600
2023-12-19,12.789999961853027,12.789999961853027,12.699999809265137,12.760000228881836,12.369608879089355,36000
2023-12-20,12.729999542236328,12.829999923706055,12.670000076293945,12.75,12.35991382598877,26800
2023-12-21,12.75,12.84000015258789,12.75,12.75,12.35991382598877,32700
2023-12-22,12.880000114440918,12.90999984741211,12.84000015258789,12.880000114440918,12.485937118530273,17500
2023-12-26,12.890000343322754,12.90999984741211,12.75,12.800000190734863,12.4083833694458,36400
2023-12-27,12.819999694824219,12.949999809265137,12.8100004196167,12.869999885559082,12.476243019104004,38500
2023-12-28,12.890000343322754,12.90999984741211,12.779999732971191,12.8100004196167,12.418079376220703,21800
2023-12-29,12.819999694824219,12.949999809265137,12.760000228881836,12.789999961853027,12.398690223693848,32700
2024-01-02,12.770000457763672,12.899999618530273,12.770000457763672,12.850000381469727,12.456854820251465,11500
2024-01-03,12.880000114440918,12.979999542236328,12.859999656677246,12.930000305175781,12.534408569335938,14000
2024-01-04,13.010000228881836,13.010000228881836,12.850000381469727,12.989999771118164,12.592571258544922,27400
2024-01-05,12.970000267028809,13.039999961853027,12.970000267028809,12.989999771118164,12.592571258544922,10300
2024-01-08,13.029999732971191,13.130000114440918,13.0,13.130000114440918,12.728288650512695,8100
2024-01-09,13.140000343322754,13.140000343322754,12.989999771118164,13.050000190734863,12.650735855102539,15000
2024-01-10,13.039999961853027,13.140000343322754,13.020000457763672,13.109999656677246,12.708900451660156,14200
2024-01-11,13.130000114440918,13.130000114440918,13.039999961853027,13.119999885559082,12.763378143310547,15300
2024-01-12,13.119999885559082,13.199999809265137,13.119999885559082,13.199999809265137,12.841202735900879,29900
2024-01-16,13.119999885559082,13.25,13.100000381469727,13.100000381469727,12.743921279907227,21400
2024-01-17,13.140000343322754,13.140000343322754,12.960000038146973,13.069999694824219,12.714735984802246,12500
2024-01-18,13.0600004196167,13.0600004196167,12.930000305175781,12.9399995803833,12.58827018737793,10700
2024-01-19,12.949999809265137,13.069999694824219,12.930000305175781,13.0,12.646638870239258,8800
2024-01-22,13.069999694824219,13.149999618530273,13.0,13.029999732971191,12.675824165344238,22500
2024-01-23,13.119999885559082,13.119999885559082,12.979999542236328,13.029999732971191,12.675824165344238,9400
2024-01-24,13.109999656677246,13.109999656677246,12.970000267028809,12.989999771118164,12.636910438537598,23600
2024-01-25,13.010000228881836,13.149999618530273,13.010000228881836,13.050000190734863,12.695280075073242,9500
2024-01-26,12.989999771118164,13.0,12.920000076293945,12.970000267028809,12.61745548248291,16400
2024-01-29,13.039999961853027,13.09000015258789,12.989999771118164,13.079999923706055,12.724465370178223,16900
2024-01-30,13.079999923706055,13.170000076293945,13.079999923706055,13.170000076293945,12.812017440795898,16200
2024-01-31,13.180000305175781,13.369999885559082,13.09000015258789,13.329999923706055,12.967670440673828,16000
2024-02-01,13.380000114440918,13.460000038146973,13.260000228881836,13.289999961853027,12.928756713867188,8700
2024-02-02,13.380000114440918,13.510000228881836,13.289999961853027,13.319999694824219,12.957940101623535,25400
2024-02-05,13.319999694824219,13.390000343322754,13.210000038146973,13.34000015258789,12.977398872375488,16500
2024-02-06,13.359999656677246,13.369999885559082,13.239999771118164,13.270000457763672,12.909299850463867,15800
2024-02-07,13.300000190734863,13.399999618530273,13.260000228881836,13.279999732971191,12.919029235839844,7800
2024-02-08,13.350000381469727,13.460000038146973,13.25,13.289999961853027,12.928756713867188,11200
2024-02-09,13.270000457763672,13.420000076293945,13.220000267028809,13.289999961853027,12.928756713867188,46400
2024-02-12,13.34000015258789,13.470000267028809,13.34000015258789,13.350000381469727,12.987125396728516,22800
2024-02-13,13.220000267028809,13.300000190734863,13.15999984741211,13.210000038146973,12.850930213928223,19000
2024-02-14,13.149999618530273,13.229999542236328,13.109999656677246,13.220000267028809,12.905598640441895,8700
2024-02-15,13.25,13.3100004196167,13.210000038146973,13.279999732971191,12.96417236328125,8200
2024-02-16,13.279999732971191,13.380000114440918,13.25,13.34000015258789,13.022747039794922,8400
2024-02-20,13.279999732971191,13.279999732971191,13.210000038146973,13.229999542236328,12.915362358093262,10000
2024-02-21,13.260000228881836,13.319999694824219,13.229999542236328,13.229999542236328,12.915362358093262,15000
2024-02-22,13.3100004196167,13.380000114440918,13.279999732971191,13.279999732971191,12.96417236328125,25200
2024-02-23,13.34000015258789,13.420000076293945,13.279999732971191,13.279999732971191,12.96417236328125,11300
2024-02-26,13.300000190734863,13.329999923706055,13.119999885559082,13.229999542236328,12.915362358093262,10700
2024-02-27,13.220000267028809,13.229999542236328,13.050000190734863,13.069999694824219,12.75916576385498,19500
2024-02-28,13.069999694824219,13.109999656677246,13.0,13.0600004196167,12.749404907226562,13100
2024-02-29,13.09000015258789,13.1899995803833,13.020000457763672,13.109999656677246,12.798215866088867,43000
2024-03-01,13.140000343322754,13.170000076293945,13.029999732971191,13.170000076293945,12.85678768157959,32400
2024-03-04,13.210000038146973,13.210000038146973,13.010000228881836,13.149999618530273,12.837265014648438,20100
2024-03-05,13.149999618530273,13.220000267028809,13.109999656677246,13.199999809265137,12.886075019836426,18000
2024-03-06,13.1899995803833,13.1899995803833,13.050000190734863,13.149999618530273,12.837265014648438,14300
2024-03-07,13.119999885559082,13.199999809265137,13.069999694824219,13.1899995803833,12.876313209533691,37600
2024-03-08,13.210000038146973,13.25,13.199999809265137,13.239999771118164,12.92512321472168,9900
2024-03-11,13.25,13.260000228881836,13.210000038146973,13.239999771118164,12.92512321472168,17500
2024-03-12,13.1899995803833,13.260000228881836,13.1899995803833,13.260000228881836,12.944647789001465,5700
2024-03-13,13.239999771118164,13.350000381469727,13.140000343322754,13.25,12.93488597869873,27900
2024-03-14,13.289999961853027,13.479999542236328,13.180000305175781,13.399999618530273,13.126891136169434,35900
2024-03-15,13.34000015258789,13.350000381469727,13.279999732971191,13.350000381469727,13.077909469604492,10700
2024-03-18,13.449999809265137,13.470000267028809,13.399999618530273,13.420000076293945,13.146483421325684,15500
2024-03-19,13.479999542236328,13.479999542236328,13.329999923706055,13.359999656677246,13.087706565856934,9000
2024-03-20,13.329999923706055,13.40999984741211,13.329999923706055,13.380000114440918,13.1072998046875,7000
2024-03-21,13.319999694824219,13.380000114440918,13.279999732971191,13.350000381469727,13.077909469604492,10100
2024-03-22,13.399999618530273,13.479999542236328,13.300000190734863,13.300000190734863,13.028929710388184,16300
2024-03-25,13.369999885559082,13.390000343322754,13.34000015258789,13.359999656677246,13.087706565856934,11500
2024-03-26,13.40999984741211,13.40999984741211,13.359999656677246,13.359999656677246,13.087706565856934,4800
2024-03-27,13.420000076293945,13.479999542236328,13.380000114440918,13.390000343322754,13.117095947265625,5900
2024-03-28,13.4399995803833,13.479999542236328,13.399999618530273,13.430000305175781,13.156278610229492,3000
2024-04-01,13.479999542236328,13.479999542236328,13.40999984741211,13.4399995803833,13.166075706481934,6400
2024-04-02,13.430000305175781,13.430000305175781,13.34000015258789,13.34000015258789,13.068114280700684,11900
2024-04-03,13.34000015258789,13.390000343322754,13.34000015258789,13.350000381469727,13.077909469604492,5900
2024-04-04,13.34000015258789,13.420000076293945,13.3100004196167,13.40999984741211,13.136686325073242,13400
2024-04-05,13.40999984741211,13.40999984741211,13.260000228881836,13.260000228881836,12.989744186401367,6700
2024-04-08,13.199999809265137,13.229999542236328,13.170000076293945,13.170000076293945,12.901579856872559,6200
2024-04-09,13.180000305175781,13.229999542236328,13.15999984741211,13.15999984741211,12.891782760620117,21600
2024-04-10,13.15999984741211,13.369999885559082,13.0,13.029999732971191,12.764432907104492,16100
2024-04-11,13.079999923706055,13.119999885559082,13.0,13.069999694824219,12.803616523742676,6100
2024-04-12,13.020000457763672,13.100000381469727,12.949999809265137,12.949999809265137,12.73086929321289,15500
2024-04-15,12.949999809265137,13.140000343322754,12.800000190734863,12.8100004196167,12.593239784240723,25400
2024-04-16,12.84000015258789,12.920000076293945,12.75,12.859999656677246,12.6423921585083,4800
2024-04-17,12.869999885559082,13.029999732971191,12.850000381469727,12.880000114440918,12.662055015563965,5900
2024-04-18,13.0,13.0,12.869999885559082,12.869999885559082,12.652222633361816,5200
2024-04-19,12.890000343322754,12.899999618530273,12.850000381469727,12.859999656677246,12.6423921585083,8700
2024-04-22,13.029999732971191,13.100000381469727,12.850000381469727,12.850000381469727,12.632561683654785,23000
2024-04-23,12.970000267028809,12.979999542236328,12.90999984741211,12.930000305175781,12.71120834350586,21100
2024-04-24,12.899999618530273,12.949999809265137,12.899999618530273,12.899999618530273,12.68171501159668,7300
2024-04-25,12.859999656677246,12.90999984741211,12.850000381469727,12.859999656677246,12.6423921585083,13700
2024-04-26,12.920000076293945,13.010000228881836,12.920000076293945,12.979999542236328,12.760361671447754,11000
2024-04-29,12.989999771118164,13.25,12.859999656677246,12.90999984741211,12.691545486450195,14600
2024-04-30,12.899999618530273,13.09000015258789,12.869999885559082,13.079999923706055,12.85866928100586,14100
2024-05-01,13.220000267028809,13.3100004196167,13.079999923706055,13.149999618530273,12.927485466003418,9500
2024-05-02,13.289999961853027,13.329999923706055,13.149999618530273,13.239999771118164,13.015962600708008,9300
2024-05-03,13.350000381469727,13.420000076293945,13.34000015258789,13.359999656677246,13.133932113647461,7100
2024-05-06,13.34000015258789,13.359999656677246,13.260000228881836,13.279999732971191,13.05528450012207,8500
2024-05-07,13.350000381469727,13.470000267028809,13.350000381469727,13.399999618530273,13.17325496673584,10700
2024-05-08,13.270000457763672,13.34000015258789,13.210000038146973,13.300000190734863,13.074947357177734,12400
2024-05-09,13.34000015258789,13.34000015258789,13.319999694824219,13.329999923706055,13.104438781738281,5800
2024-05-10,13.34000015258789,13.40999984741211,13.319999694824219,13.359999656677246,13.133932113647461,6400
2024-05-13,13.430000305175781,13.430000305175781,13.319999694824219,13.420000076293945,13.192916870117188,5900
2024-05-14,13.630000114440918,13.630000114440918,13.420000076293945,13.489999771118164,13.30734634399414,24700
2024-05-15,13.619999885559082,13.729999542236328,13.520000457763672,13.729999542236328,13.544096946716309,3000
2024-05-16,13.710000038146973,13.710000038146973,13.5,13.609999656677246,13.425721168518066,8500
2024-05-17,13.710000038146973,13.779999732971191,13.670000076293945,13.729999542236328,13.544096946716309,21800
2024-05-20,13.800000190734863,13.800000190734863,13.579999923706055,13.579999923706055,13.396127700805664,9400
2024-05-21,13.680000305175781,13.680000305175781,13.100000381469727,13.149999618530273,12.97195053100586,67200
2024-05-22,13.149999618530273,13.229999542236328,13.050000190734863,13.149999618530273,12.97195053100586,39200
2024-05-23,13.149999618530273,13.149999618530273,12.890000343322754,12.890000343322754,12.715470314025879,39900
2024-05-24,12.869999885559082,13.020000457763672,12.869999885559082,13.010000228881836,12.833844184875488,30600
2024-05-28,13.010000228881836,13.020000457763672,12.899999618530273,12.920000076293945,12.745063781738281,18200
2024-05-29,12.869999885559082,12.890000343322754,12.800000190734863,12.819999694824219,12.646417617797852,19900
2024-05-30,12.819999694824219,12.859999656677246,12.800000190734863,12.819999694824219,12.646417617797852,15500
2024-05-31,12.829999923706055,12.920000076293945,12.819999694824219,12.920000076293945,12.745063781738281,32400
2024-06-03,12.9399995803833,12.989999771118164,12.890000343322754,12.989999771118164,12.814115524291992,23900
2024-06-04,13.039999961853027,13.039999961853027,12.979999542236328,13.010000228881836,12.833844184875488,15000
2024-06-05,13.020000457763672,13.130000114440918,12.989999771118164,13.119999885559082,12.94235610961914,33900
2024-06-06,13.100000381469727,13.170000076293945,13.0600004196167,13.09000015258789,12.912762641906738,13100
2024-06-07,13.029999732971191,13.119999885559082,12.979999542236328,13.0600004196167,12.883169174194336,24300
2024-06-10,13.140000343322754,13.239999771118164,13.039999961853027,13.15999984741211,12.981815338134766,26900
2024-06-11,13.220000267028809,13.239999771118164,13.140000343322754,13.170000076293945,12.991678237915039,4500
2024-06-12,13.279999732971191,13.319999694824219,13.119999885559082,13.119999885559082,12.94235610961914,29700
2024-06-13,13.170000076293945,13.229999542236328,13.140000343322754,13.149999618530273,12.97195053100586,7500
2024-06-14,13.1899995803833,13.1899995803833,13.100000381469727,13.130000114440918,12.997688293457031,5000
2024-06-17,13.140000343322754,13.149999618530273,13.039999961853027,13.100000381469727,12.96799087524414,11300
2024-06-18,13.130000114440918,13.1899995803833,13.109999656677246,13.149999618530273,13.017486572265625,5200
2024-06-20,13.149999618530273,13.149999618530273,12.899999618530273,12.989999771118164,12.859097480773926,59800
2024-06-21,12.989999771118164,13.0,12.920000076293945,12.949999809265137,12.819500923156738,19100
2024-06-24,12.90999984741211,13.010000228881836,12.90999984741211,12.9399995803833,12.809601783752441,14900
2024-06-25,12.920000076293945,13.029999732971191,12.90999984741211,12.930000305175781,12.799703598022461,8600
2024-06-26,12.930000305175781,12.960000038146973,12.880000114440918,12.90999984741211,12.77990436553955,21300
2024-06-27,12.970000267028809,12.970000267028809,12.890000343322754,12.930000305175781,12.799703598022461,16000
2024-06-28,12.9399995803833,13.0,12.90999984741211,12.960000038146973,12.829401016235352,22800
2024-07-01,12.930000305175781,12.989999771118164,12.899999618530273,12.960000038146973,12.829401016235352,47500
2024-07-02,13.010000228881836,13.029999732971191,12.90999984741211,13.020000457763672,12.888795852661133,26300
2024-07-03,13.09000015258789,13.09000015258789,13.010000228881836,13.050000190734863,12.91849422454834,10000
2024-07-05,13.079999923706055,13.079999923706055,13.0,13.039999961853027,12.908595085144043,8700
2024-07-08,13.010000228881836,13.130000114440918,13.010000228881836,13.0600004196167,12.928393363952637,34900
2024-07-09,13.020000457763672,13.140000343322754,13.020000457763672,13.119999885559082,12.987788200378418,25100
2024-07-10,13.180000305175781,13.1899995803833,13.109999656677246,13.149999618530273,13.017486572265625,26000
2024-07-11,13.289999961853027,13.449999809265137,13.210000038146973,13.300000190734863,13.165974617004395,28300
2024-07-12,13.3100004196167,13.3100004196167,13.220000267028809,13.289999961853027,13.156075477600098,6400
2024-07-15,13.239999771118164,13.279999732971191,13.1899995803833,13.270000457763672,13.181902885437012,21600
2024-07-16,13.3100004196167,13.3100004196167,13.199999809265137,13.260000228881836,13.171969413757324,26700
2024-07-17,13.270000457763672,13.270000457763672,13.1899995803833,13.210000038146973,13.12230110168457,4100
2024-07-18,13.210000038146973,13.220000267028809,13.170000076293945,13.199999809265137,13.112366676330566,8200
2024-07-19,13.229999542236328,13.229999542236328,13.180000305175781,13.180000305175781,13.092500686645508,10700
2024-07-22,13.25,13.260000228881836,13.1899995803833,13.260000228881836,13.171969413757324,6500
2024-07-23,13.300000190734863,13.3100004196167,13.15999984741211,13.210000038146973,13.12230110168457,36600
2024-07-24,13.260000228881836,13.260000228881836,13.170000076293945,13.170000076293945,13.082566261291504,21200
2024-07-25,13.239999771118164,13.239999771118164,13.149999618530273,13.239999771118164,13.152101516723633,7000
2024-07-26,13.300000190734863,13.300000190734863,13.25,13.25,13.16203498840332,6900
2024-07-29,13.3100004196167,13.390000343322754,13.279999732971191,13.319999694824219,13.23157024383545,14700
2024-07-30,13.4399995803833,13.4399995803833,13.199999809265137,13.229999542236328,13.142167091369629,10900
2024-07-31,13.3100004196167,13.529999732971191,13.279999732971191,13.479999542236328,13.390507698059082,20700
2024-08-01,13.600000381469727,13.640000343322754,13.4399995803833,13.640000343322754,13.549446105957031,16500
2024-08-02,13.649999618530273,13.760000228881836,13.619999885559082,13.680000305175781,13.589180946350098,24400
2024-08-05,13.649999618530273,13.65999984741211,13.5,13.65999984741211,13.569313049316406,13100
2024-08-06,13.770000457763672,13.880000114440918,13.619999885559082,13.880000114440918,13.78785228729248,15900
2024-08-07,13.880000114440918,14.020000457763672,13.859999656677246,13.949999809265137,13.857388496398926,28300
2024-08-08,13.989999771118164,13.989999771118164,13.75,13.75,13.65871524810791,35600
2024-08-09,13.850000381469727,13.850000381469727,13.770000457763672,13.829999923706055,13.738183975219727,25400
2024-08-12,13.699999809265137,13.84000015258789,13.65999984741211,13.729999542236328,13.638848304748535,10500
2024-08-13,13.720000267028809,13.760000228881836,13.670000076293945,13.729999542236328,13.638848304748535,3300
2024-08-14,13.779999732971191,13.84000015258789,13.75,13.789999961853027,13.698450088500977,13700
2024-08-15,13.699999809265137,13.899999618530273,13.699999809265137,13.850000381469727,13.804100036621094,6700
2024-08-16,13.800000190734863,13.800000190734863,13.430000305175781,13.5600004196167,13.515060424804688,18600
2024-08-19,13.619999885559082,13.739999771118164,13.609999656677246,13.649999618530273,13.604762077331543,5700
2024-08-20,13.729999542236328,13.729999542236328,13.600000381469727,13.65999984741211,13.614728927612305,6500
2024-08-21,13.720000267028809,13.75,13.699999809265137,13.739999771118164,13.694463729858398,5300
2024-08-22,13.75,13.75,13.649999618530273,13.649999618530273,13.604762077331543,4200
2024-08-23,13.75,13.819999694824219,13.75,13.770000457763672,13.724365234375,3300
2024-08-26,13.779999732971191,13.899999618530273,13.779999732971191,13.8100004196167,13.764232635498047,11200
2024-08-27,13.84000015258789,13.850000381469727,13.640000343322754,13.760000228881836,13.714397430419922,7500
2024-08-28,13.829999923706055,13.829999923706055,13.65999984741211,13.699999809265137,13.654596328735352,8700
2024-08-29,13.699999809265137,13.850000381469727,13.539999961853027,13.6899995803833,13.64462947845459,42300
2024-08-30,13.729999542236328,13.800000190734863,13.600000381469727,13.65999984741211,13.614728927612305,17700
2024-09-03,13.720000267028809,13.720000267028809,13.59000015258789,13.670000076293945,13.624695777893066,16100
2024-09-04,13.720000267028809,13.869999885559082,13.649999618530273,13.720000267028809,13.674530029296875,22100
2024-09-05,13.789999961853027,13.949999809265137,13.680000305175781,13.850000381469727,13.804100036621094,17000
2024-09-06,13.90999984741211,13.920000076293945,13.84000015258789,13.869999885559082,13.8240327835083,19000
2024-09-09,13.960000038146973,14.069999694824219,13.869999885559082,13.899999618530273,13.853933334350586,11500
2024-09-10,14.069999694824219,14.069999694824219,13.979999542236328,14.029999732971191,13.983502388000488,18800
2024-09-11,13.979999542236328,14.029999732971191,13.880000114440918,13.899999618530273,13.853933334350586,22100
2024-09-12,14.010000228881836,14.010000228881836,13.850000381469727,13.880000114440918,13.833999633789062,11800
2024-09-13,13.9399995803833,13.979999542236328,13.859999656677246,13.880000114440918,13.880000114440918,80600
2024-09-16,13.930000305175781,13.949999809265137,13.800000190734863,13.819999694824219,13.819999694824219,16700
2024-09-17,14.069999694824219,14.069999694824219,13.920000076293945,13.949999809265137,13.949999809265137,14800
2024-09-18,13.970000267028809,13.989999771118164,13.949999809265137,13.960000038146973,13.960000038146973,2100
2024-09-19,13.989999771118164,14.069999694824219,13.899999618530273,14.069999694824219,14.069999694824219,21200
2024-09-20,14.100000381469727,14.100000381469727,13.949999809265137,14.0,14.0,3800
2024-09-23,14.0,14.0,13.869999885559082,13.949999809265137,13.949999809265137,7400
2024-09-24,14.029999732971191,14.100000381469727,13.949999809265137,14.050000190734863,14.050000190734863,14200
