Date,Open,High,Low,Close,Adj Close,Volume
2021-04-26,9.800000190734863,9.949999809265137,9.800000190734863,9.899999618530273,9.899999618530273,17800
2021-04-27,9.850000381469727,10.25,9.850000381469727,9.920000076293945,9.920000076293945,72100
2021-04-28,9.920000076293945,9.960000038146973,9.920000076293945,9.920000076293945,9.920000076293945,22400
2021-04-29,9.920000076293945,10.050000190734863,9.920000076293945,10.0,10.0,132600
2021-04-30,10.0,10.0,9.920000076293945,9.920000076293945,9.920000076293945,33700
2021-05-03,9.920000076293945,9.920000076293945,9.899999618530273,9.899999618530273,9.899999618530273,15700
2021-05-04,9.899999618530273,9.90999984741211,9.899999618530273,9.899999618530273,9.899999618530273,6800
2021-05-05,9.899999618530273,9.899999618530273,9.859999656677246,9.869999885559082,9.869999885559082,3400
2021-05-06,9.869999885559082,9.899999618530273,9.869999885559082,9.869999885559082,9.869999885559082,10800
2021-05-07,9.880000114440918,9.880000114440918,9.819999694824219,9.819999694824219,9.819999694824219,4700
2021-05-10,9.899999618530273,9.899999618530273,9.869999885559082,9.869999885559082,9.869999885559082,11900
2021-05-11,9.869999885559082,9.901000022888184,9.800000190734863,9.8100004196167,9.8100004196167,295700
2021-05-12,9.819999694824219,9.859999656677246,9.819999694824219,9.84000015258789,9.84000015258789,32300
2021-05-13,9.84000015258789,9.84000015258789,9.84000015258789,9.84000015258789,9.84000015258789,0
2021-05-14,9.84000015258789,9.84000015258789,9.800000190734863,9.84000015258789,9.84000015258789,45900
2021-05-17,9.84000015258789,9.84000015258789,9.770000457763672,9.819999694824219,9.819999694824219,6400
2021-05-18,9.84000015258789,9.84000015258789,9.78499984741211,9.78499984741211,9.78499984741211,800
2021-05-19,9.779999732971191,9.819999694824219,9.779999732971191,9.779999732971191,9.779999732971191,275700
2021-05-20,9.8100004196167,9.8100004196167,9.574000358581543,9.789999961853027,9.789999961853027,4100
2021-05-21,9.789999961853027,9.930000305175781,9.789999961853027,9.789999961853027,9.789999961853027,217600
2021-05-24,9.819999694824219,9.819999694824219,9.819999694824219,9.819999694824219,9.819999694824219,1000
2021-05-25,9.819999694824219,9.819999694824219,9.819999694824219,9.819999694824219,9.819999694824219,0
2021-05-26,10.479999542236328,10.479999542236328,9.84000015258789,9.87600040435791,9.87600040435791,3500
2021-05-27,9.880000114440918,9.894000053405762,9.84000015258789,9.880000114440918,9.880000114440918,14200
2021-05-28,9.880000114440918,9.880000114440918,9.850000381469727,9.850000381469727,9.850000381469727,17800
2021-06-01,9.850000381469727,9.869999885559082,9.779999732971191,9.8100004196167,9.8100004196167,16300
2021-06-02,9.800000190734863,9.8100004196167,9.800000190734863,9.8100004196167,9.8100004196167,6700
2021-06-03,9.800000190734863,9.819999694824219,9.800000190734863,9.819999694824219,9.819999694824219,14100
2021-06-04,9.8100004196167,9.979999542236328,9.8100004196167,9.899999618530273,9.899999618530273,44300
2021-06-07,9.859999656677246,9.880000114440918,9.8100004196167,9.880000114440918,9.880000114440918,5400
2021-06-08,9.850000381469727,9.979999542236328,9.833999633789062,9.9399995803833,9.9399995803833,77300
2021-06-09,9.880000114440918,10.010000228881836,9.880000114440918,9.949999809265137,9.949999809265137,17400
2021-06-10,9.899999618530273,10.020000457763672,9.8100004196167,9.930000305175781,9.930000305175781,112300
2021-06-11,9.954999923706055,9.954999923706055,9.954999923706055,9.954999923706055,9.954999923706055,200
2021-06-14,10.449999809265137,10.449999809265137,9.829999923706055,9.920000076293945,9.920000076293945,23500
2021-06-15,9.920000076293945,9.920000076293945,9.859999656677246,9.871000289916992,9.871000289916992,900
2021-06-16,9.861000061035156,9.890000343322754,9.819999694824219,9.850000381469727,9.850000381469727,10300
2021-06-17,9.819999694824219,9.949999809265137,9.8100004196167,9.859999656677246,9.859999656677246,10500
2021-06-18,9.880000114440918,9.880000114440918,9.8100004196167,9.880000114440918,9.880000114440918,25200
2021-06-21,9.9399995803833,9.9399995803833,9.819999694824219,9.855999946594238,9.855999946594238,8100
2021-06-22,9.9399995803833,9.9399995803833,9.850000381469727,9.850000381469727,9.850000381469727,2600
2021-06-23,9.868000030517578,9.899999618530273,9.859999656677246,9.899999618530273,9.899999618530273,11800
2021-06-24,9.949999809265137,9.949999809265137,9.869999885559082,9.869999885559082,9.869999885559082,7700
2021-06-25,9.869999885559082,9.869999885559082,9.843000411987305,9.843000411987305,9.843000411987305,1000
2021-06-28,9.835000038146973,9.859999656677246,9.8100004196167,9.829999923706055,9.829999923706055,61900
2021-06-29,9.819999694824219,9.880000114440918,9.819999694824219,9.880000114440918,9.880000114440918,17900
2021-06-30,9.8100004196167,9.821999549865723,9.760000228881836,9.770000457763672,9.770000457763672,146600
2021-07-01,9.760000228881836,9.819999694824219,9.760000228881836,9.819999694824219,9.819999694824219,85200
2021-07-02,9.770000457763672,9.829999923706055,9.770000457763672,9.800000190734863,9.800000190734863,40300
2021-07-06,9.90999984741211,9.90999984741211,9.800000190734863,9.805999755859375,9.805999755859375,5800
2021-07-07,10.020000457763672,10.0600004196167,9.920000076293945,9.970000267028809,9.970000267028809,8624100
2021-07-08,9.949999809265137,9.960000038146973,9.899999618530273,9.949999809265137,9.949999809265137,705600
2021-07-09,9.960000038146973,9.960000038146973,9.890000343322754,9.899999618530273,9.899999618530273,853600
2021-07-12,9.949999809265137,9.949999809265137,9.899999618530273,9.930000305175781,9.930000305175781,656800
2021-07-13,9.899999618530273,9.9399995803833,9.899999618530273,9.920000076293945,9.920000076293945,192000
2021-07-14,9.899999618530273,9.913000106811523,9.899999618530273,9.899999618530273,9.899999618530273,141600
2021-07-15,9.90999984741211,9.920000076293945,9.890000343322754,9.899999618530273,9.899999618530273,191000
2021-07-16,9.930000305175781,9.930000305175781,9.890000343322754,9.899999618530273,9.899999618530273,55700
2021-07-19,9.920000076293945,9.920000076293945,9.850000381469727,9.850000381469727,9.850000381469727,211300
2021-07-20,9.859999656677246,9.880000114440918,9.850000381469727,9.850000381469727,9.850000381469727,59400
2021-07-21,9.859999656677246,9.90999984741211,9.85099983215332,9.899999618530273,9.899999618530273,77400
2021-07-22,9.90999984741211,9.930999755859375,9.880000114440918,9.920000076293945,9.920000076293945,34900
2021-07-23,9.949999809265137,9.949999809265137,9.880000114440918,9.890000343322754,9.890000343322754,24800
2021-07-26,9.899999618530273,9.899999618530273,9.869999885559082,9.880000114440918,9.880000114440918,35900
2021-07-27,9.890000343322754,9.890000343322754,9.869999885559082,9.875,9.875,23600
2021-07-28,9.869999885559082,9.930000305175781,9.84000015258789,9.850000381469727,9.850000381469727,1389600
2021-07-29,9.800000190734863,9.869999885559082,9.800000190734863,9.859999656677246,9.859999656677246,307300
2021-07-30,9.890000343322754,9.890000343322754,9.850000381469727,9.859999656677246,9.859999656677246,30100
2021-08-02,9.9399995803833,9.9399995803833,9.854999542236328,9.899999618530273,9.899999618530273,24000
2021-08-03,9.899999618530273,9.920000076293945,9.850000381469727,9.880000114440918,9.880000114440918,28700
2021-08-04,9.949999809265137,9.949999809265137,9.850000381469727,9.880000114440918,9.880000114440918,34200
2021-08-05,9.949999809265137,9.960000038146973,9.850000381469727,9.850000381469727,9.850000381469727,240800
2021-08-06,9.880000114440918,9.949999809265137,9.84000015258789,9.920000076293945,9.920000076293945,73900
2021-08-09,9.949999809265137,9.949999809265137,9.899999618530273,9.90999984741211,9.90999984741211,136400
2021-08-10,9.9399995803833,9.9399995803833,9.835000038146973,9.850000381469727,9.850000381469727,377100
2021-08-11,9.890000343322754,9.899999618530273,9.850000381469727,9.890000343322754,9.890000343322754,77900
2021-08-12,9.930000305175781,9.930000305175781,9.859999656677246,9.880000114440918,9.880000114440918,150000
2021-08-13,9.920000076293945,9.920000076293945,9.869999885559082,9.875,9.875,588900
2021-08-16,9.859999656677246,9.890000343322754,9.850000381469727,9.890000343322754,9.890000343322754,119600
2021-08-17,9.859999656677246,9.890000343322754,9.850000381469727,9.880000114440918,9.880000114440918,958800
2021-08-18,9.899999618530273,9.90999984741211,9.859999656677246,9.880999565124512,9.880999565124512,241200
2021-08-19,9.949999809265137,9.949999809265137,9.850000381469727,9.890000343322754,9.890000343322754,493600
2021-08-20,9.90999984741211,9.90999984741211,9.864999771118164,9.880000114440918,9.880000114440918,32900
2021-08-23,9.90999984741211,9.90999984741211,9.850000381469727,9.859999656677246,9.859999656677246,518300
2021-08-24,9.850000381469727,9.920000076293945,9.850000381469727,9.90999984741211,9.90999984741211,29900
2021-08-25,9.90999984741211,9.920999526977539,9.859999656677246,9.899999618530273,9.899999618530273,40500
2021-08-26,9.899999618530273,9.899999618530273,9.859999656677246,9.890000343322754,9.890000343322754,44800
2021-08-27,9.880000114440918,9.899999618530273,9.869999885559082,9.890000343322754,9.890000343322754,22200
2021-08-30,9.869999885559082,9.90999984741211,9.859999656677246,9.869999885559082,9.869999885559082,23500
2021-08-31,9.930000305175781,9.930000305175781,9.850000381469727,9.90999984741211,9.90999984741211,99100
2021-09-01,9.930000305175781,9.930000305175781,9.875,9.880000114440918,9.880000114440918,72700
2021-09-02,9.899999618530273,9.9399995803833,9.880000114440918,9.890000343322754,9.890000343322754,354400
2021-09-03,9.9399995803833,9.9399995803833,9.890000343322754,9.899999618530273,9.899999618530273,803600
2021-09-07,9.920000076293945,9.979999542236328,9.899999618530273,9.9399995803833,9.9399995803833,609500
2021-09-08,9.949999809265137,9.949999809265137,9.899999618530273,9.949999809265137,9.949999809265137,42300
2021-09-09,9.979999542236328,9.979999542236328,9.949999809265137,9.970000267028809,9.970000267028809,69100
2021-09-10,9.979999542236328,9.993000030517578,9.906000137329102,9.914999961853027,9.914999961853027,191600
2021-09-13,9.949999809265137,9.949999809265137,9.899999618530273,9.920000076293945,9.920000076293945,105300
2021-09-14,9.920000076293945,9.949999809265137,9.90999984741211,9.920000076293945,9.920000076293945,34600
2021-09-15,9.90999984741211,9.930000305175781,9.899999618530273,9.920000076293945,9.920000076293945,27200
2021-09-16,9.930000305175781,10.0,9.92199993133545,9.989999771118164,9.989999771118164,343100
2021-09-17,9.960000038146973,10.0,9.930999755859375,9.989999771118164,9.989999771118164,173200
2021-09-20,9.979999542236328,9.979999542236328,9.930000305175781,9.970000267028809,9.970000267028809,152100
2021-09-21,10.0,10.0,9.930000305175781,9.970000267028809,9.970000267028809,237000
2021-09-22,9.970000267028809,9.989999771118164,9.949999809265137,9.979999542236328,9.979999542236328,186200
2021-09-23,9.979999542236328,9.979999542236328,9.9399995803833,9.949999809265137,9.949999809265137,133300
2021-09-24,9.930000305175781,9.967000007629395,9.930000305175781,9.949999809265137,9.949999809265137,74400
2021-09-27,9.979999542236328,9.99899959564209,9.970000267028809,9.979999542236328,9.979999542236328,435300
2021-09-28,10.050000190734863,10.050000190734863,9.956000328063965,9.979999542236328,9.979999542236328,127800
2021-09-29,10.0,10.0,9.90999984741211,9.9399995803833,9.9399995803833,142600
2021-09-30,9.970000267028809,9.979999542236328,9.899999618530273,9.90999984741211,9.90999984741211,214000
2021-10-01,9.949999809265137,9.96399974822998,9.920000076293945,9.949999809265137,9.949999809265137,85900
2021-10-04,9.949999809265137,9.973999977111816,9.9399995803833,9.949999809265137,9.949999809265137,51000
2021-10-05,9.970000267028809,9.970000267028809,9.9350004196167,9.9399995803833,9.9399995803833,33600
2021-10-06,9.930000305175781,9.9399995803833,9.90999984741211,9.9399995803833,9.9399995803833,91200
2021-10-07,9.9399995803833,9.970000267028809,9.914999961853027,9.930000305175781,9.930000305175781,22400
2021-10-08,9.970000267028809,9.970000267028809,9.920000076293945,9.9399995803833,9.9399995803833,49500
2021-10-11,9.9399995803833,9.956999778747559,9.920000076293945,9.9399995803833,9.9399995803833,18600
2021-10-12,9.949999809265137,9.960000038146973,9.920000076293945,9.920000076293945,9.920000076293945,48400
2021-10-13,9.979999542236328,9.979999542236328,9.920000076293945,9.960000038146973,9.960000038146973,122500
2021-10-14,9.979999542236328,9.979999542236328,9.930000305175781,9.944999694824219,9.944999694824219,859800
2021-10-15,9.970000267028809,9.970000267028809,9.930000305175781,9.949999809265137,9.949999809265137,124300
2021-10-18,9.979999542236328,9.979999542236328,9.930000305175781,9.960000038146973,9.960000038146973,32700
2021-10-19,9.970000267028809,9.970000267028809,9.9399995803833,9.949999809265137,9.949999809265137,1235700
2021-10-20,9.979999542236328,9.979999542236328,9.9399995803833,9.9399995803833,9.9399995803833,90800
2021-10-21,9.960000038146973,9.979999542236328,9.9399995803833,9.970000267028809,9.970000267028809,74000
2021-10-22,9.979999542236328,10.0,9.949999809265137,9.989999771118164,9.989999771118164,451800
2021-10-25,10.0,10.0,9.979999542236328,9.989999771118164,9.989999771118164,204600
2021-10-26,10.0,10.050000190734863,9.979999542236328,10.0,10.0,1387600
2021-10-27,10.0,10.0,9.970000267028809,9.979999542236328,9.979999542236328,134800
2021-10-28,10.0,10.1899995803833,9.989999771118164,10.039999961853027,10.039999961853027,1072100
2021-10-29,10.100000381469727,10.170000076293945,10.09000015258789,10.130000114440918,10.130000114440918,1589100
2021-11-01,10.180000305175781,10.319999694824219,10.149999618530273,10.1899995803833,10.1899995803833,1302200
2021-11-02,10.199999809265137,10.210000038146973,10.100000381469727,10.170000076293945,10.170000076293945,545400
2021-11-03,10.199999809265137,10.199999809265137,10.109999656677246,10.15999984741211,10.15999984741211,660400
2021-11-04,10.15999984741211,10.220000267028809,10.130000114440918,10.140000343322754,10.140000343322754,520600
2021-11-05,10.1899995803833,10.255000114440918,10.15999984741211,10.229999542236328,10.229999542236328,802700
2021-11-08,10.390000343322754,10.4399995803833,10.270000457763672,10.359999656677246,10.359999656677246,2472700
2021-11-09,10.489999771118164,10.640000343322754,10.260000228881836,10.489999771118164,10.489999771118164,2258200
2021-11-10,10.489999771118164,10.489999771118164,10.149999618530273,10.229999542236328,10.229999542236328,2030700
2021-11-11,10.329999923706055,10.399999618530273,10.229999542236328,10.359999656677246,10.359999656677246,1335900
2021-11-12,10.40999984741211,10.569999694824219,10.329999923706055,10.460000038146973,10.460000038146973,2533900
2021-11-15,10.5,10.75,10.430999755859375,10.539999961853027,10.539999961853027,2254000
2021-11-16,10.569999694824219,10.970000267028809,10.529999732971191,10.869999885559082,10.869999885559082,3295200
2021-11-17,11.020000457763672,11.489999771118164,10.90999984741211,11.399999618530273,11.399999618530273,5909200
2021-11-18,11.399999618530273,11.420000076293945,10.640000343322754,11.210000038146973,11.210000038146973,5122100
2021-11-19,11.359999656677246,11.760000228881836,11.220000267028809,11.399999618530273,11.399999618530273,3281200
2021-11-22,11.65999984741211,12.149999618530273,11.079999923706055,11.84000015258789,11.84000015258789,4736500
2021-11-23,11.539999961853027,11.899999618530273,11.0,11.40999984741211,11.40999984741211,4267300
2021-11-24,11.34000015258789,11.359999656677246,10.600000381469727,11.1899995803833,11.1899995803833,2684700
2021-11-26,10.899999618530273,11.15999984741211,10.649999618530273,10.739999771118164,10.739999771118164,2679800
2021-11-29,10.899999618530273,10.960000038146973,10.130000114440918,10.199999809265137,10.199999809265137,5430000
2021-11-30,10.170000076293945,10.199999809265137,9.800000190734863,10.0,10.0,5905500
2021-12-01,10.180000305175781,10.699999809265137,9.949999809265137,10.260000228881836,10.260000228881836,5429700
2021-12-02,10.329999923706055,10.539999961853027,9.90999984741211,9.989999771118164,9.989999771118164,3464500
2021-12-03,10.170000076293945,10.211999893188477,9.300000190734863,9.449999809265137,9.449999809265137,3527600
2021-12-06,9.5,10.069999694824219,9.1899995803833,9.859999656677246,9.859999656677246,2723200
2021-12-07,10.149999618530273,10.8100004196167,10.020000457763672,10.8100004196167,10.8100004196167,2581100
2021-12-08,11.25,11.649999618530273,10.010000228881836,11.350000381469727,11.350000381469727,8899000
2021-12-09,10.920000076293945,11.050000190734863,9.800000190734863,9.8100004196167,9.8100004196167,3742800
2021-12-10,10.229999542236328,10.329000473022461,9.229999542236328,9.470000267028809,9.470000267028809,2679400
2021-12-13,9.579999923706055,9.949999809265137,8.890000343322754,8.899999618530273,8.899999618530273,3843000
2021-12-14,7.329999923706055,8.04699993133545,6.869999885559082,6.929999828338623,6.929999828338623,8250100
2021-12-15,7.059999942779541,7.079999923706055,6.0,6.690000057220459,6.690000057220459,8012400
2021-12-16,6.880000114440918,7.199999809265137,6.360000133514404,6.519999980926514,6.519999980926514,7154200
2021-12-17,6.429999828338623,6.46999979019165,6.070000171661377,6.289999961853027,6.289999961853027,4836100
2021-12-20,6.210000038146973,6.289999961853027,5.809999942779541,5.900000095367432,5.900000095367432,5998000
2021-12-21,6.139999866485596,6.869999885559082,6.0,6.840000152587891,6.840000152587891,6251800
2021-12-22,6.829999923706055,6.867000102996826,6.309999942779541,6.349999904632568,6.349999904632568,3031200
2021-12-23,6.480000019073486,7.300000190734863,6.480000019073486,7.110000133514404,7.110000133514404,5286300
2021-12-27,7.139999866485596,7.400000095367432,6.360000133514404,6.409999847412109,6.409999847412109,4557300
2021-12-28,6.420000076293945,6.570000171661377,6.139999866485596,6.179999828338623,6.179999828338623,2863500
2021-12-29,6.179999828338623,6.224999904632568,5.869999885559082,5.980000019073486,5.980000019073486,3728600
2021-12-30,6.0,6.389999866485596,5.980000019073486,6.139999866485596,6.139999866485596,2432600
2021-12-31,6.099999904632568,6.260000228881836,5.980000019073486,6.150000095367432,6.150000095367432,2300200
2022-01-03,6.199999809265137,6.369999885559082,5.960000038146973,6.010000228881836,6.010000228881836,2223000
2022-01-04,6.0,6.089000225067139,5.510000228881836,5.650000095367432,5.650000095367432,3504700
2022-01-05,5.71999979019165,5.769999980926514,5.199999809265137,5.309999942779541,5.309999942779541,3845200
2022-01-06,5.309999942779541,5.539999961853027,4.949999809265137,5.260000228881836,5.260000228881836,3393600
2022-01-07,5.570000171661377,5.639999866485596,5.25,5.369999885559082,5.369999885559082,3360300
2022-01-10,5.420000076293945,5.460000038146973,5.091000080108643,5.289999961853027,5.289999961853027,3580600
2022-01-11,5.349999904632568,5.820000171661377,5.258999824523926,5.639999866485596,5.639999866485596,2331100
2022-01-12,6.054999828338623,7.119999885559082,6.0,6.230000019073486,6.230000019073486,16502200
2022-01-13,6.25,6.284999847412109,5.514999866485596,5.590000152587891,5.590000152587891,6977100
2022-01-14,5.610000133514404,6.460000038146973,5.599999904632568,6.360000133514404,6.360000133514404,10091500
2022-01-18,6.300000190734863,6.619999885559082,5.920000076293945,6.28000020980835,6.28000020980835,4620000
2022-01-19,6.329999923706055,6.820000171661377,6.179999828338623,6.5,6.5,4018300
2022-01-20,6.559999942779541,7.210000038146973,6.559999942779541,6.760000228881836,6.760000228881836,4934000
2022-01-21,6.699999809265137,6.849999904632568,5.960000038146973,6.010000228881836,6.010000228881836,5540400
2022-01-24,5.650000095367432,5.960000038146973,5.000999927520752,5.889999866485596,5.889999866485596,6615200
2022-01-25,5.769999980926514,5.946000099182129,5.25,5.360000133514404,5.360000133514404,3271600
2022-01-26,5.590000152587891,5.928999900817871,5.400000095367432,5.5,5.5,3329200
2022-01-27,5.679999828338623,5.929999828338623,5.360000133514404,5.389999866485596,5.389999866485596,3496500
2022-01-28,5.409999847412109,5.724999904632568,5.130000114440918,5.550000190734863,5.550000190734863,2512300
2022-01-31,5.610000133514404,6.199999809265137,5.579999923706055,6.099999904632568,6.099999904632568,3141300
2022-02-01,6.25,6.614999771118164,6.019999980926514,6.409999847412109,6.409999847412109,2129600
2022-02-02,6.550000190734863,6.559999942779541,5.639999866485596,5.710000038146973,5.710000038146973,3279400
2022-02-03,5.570000171661377,5.96999979019165,5.510000228881836,5.659999847412109,5.659999847412109,1809500
2022-02-04,5.619999885559082,5.989999771118164,5.590000152587891,5.929999828338623,5.929999828338623,1564200
2022-02-07,5.929999828338623,6.260000228881836,5.925000190734863,6.099999904632568,6.099999904632568,1834700
2022-02-08,6.019999980926514,6.21999979019165,5.679999828338623,6.190000057220459,6.190000057220459,2121500
2022-02-09,6.190000057220459,6.329999923706055,6.130000114440918,6.210000038146973,6.210000038146973,1981900
2022-02-10,6.059999942779541,6.730000019073486,6.020999908447266,6.269999980926514,6.269999980926514,2937400
2022-02-11,6.300000190734863,6.519999980926514,5.820000171661377,5.920000076293945,5.920000076293945,2104900
2022-02-14,5.920000076293945,6.150000095367432,5.610000133514404,5.650000095367432,5.650000095367432,2091600
2022-02-15,5.760000228881836,5.920000076293945,5.670000076293945,5.769999980926514,5.769999980926514,2791600
2022-02-16,5.659999847412109,5.909999847412109,5.610000133514404,5.800000190734863,5.800000190734863,1604700
2022-02-17,5.760000228881836,5.849999904632568,5.329999923706055,5.369999885559082,5.369999885559082,4093200
2022-02-18,5.320000171661377,5.489999771118164,5.159999847412109,5.210000038146973,5.210000038146973,2694500
2022-02-22,5.119999885559082,5.375,5.010000228881836,5.079999923706055,5.079999923706055,2748400
2022-02-23,5.059999942779541,5.315000057220459,4.835000038146973,4.869999885559082,4.869999885559082,2873400
2022-02-24,4.550000190734863,5.150000095367432,4.460000038146973,5.119999885559082,5.119999885559082,5300600
2022-02-25,5.110000133514404,5.364999771118164,4.949999809265137,5.28000020980835,5.28000020980835,2925400
2022-02-28,5.25,5.699999809265137,5.210000038146973,5.639999866485596,5.639999866485596,2068400
2022-03-01,5.670000076293945,5.820000171661377,5.519999980926514,5.670000076293945,5.670000076293945,1657700
2022-03-02,5.670000076293945,5.71999979019165,5.420000076293945,5.570000171661377,5.570000171661377,1492600
2022-03-03,5.519999980926514,5.570000171661377,4.804999828338623,4.849999904632568,4.849999904632568,2979900
2022-03-04,4.800000190734863,4.940000057220459,4.650000095367432,4.739999771118164,4.739999771118164,1972600
2022-03-07,4.71999979019165,4.849999904632568,4.480000019073486,4.5,4.5,2756100
2022-03-08,4.460000038146973,4.900000095367432,4.28000020980835,4.690000057220459,4.690000057220459,2346900
2022-03-09,4.800000190734863,5.199999809265137,4.769999980926514,5.059999942779541,5.059999942779541,1831800
2022-03-10,5.0,5.236000061035156,4.940000057220459,4.989999771118164,4.989999771118164,1504800
2022-03-11,5.090000152587891,5.21999979019165,4.699999809265137,4.699999809265137,4.699999809265137,1511000
2022-03-14,4.71999979019165,4.769999980926514,4.514999866485596,4.559999942779541,4.559999942779541,1628100
2022-03-15,4.650000095367432,4.929999828338623,4.53000020980835,4.880000114440918,4.880000114440918,1453300
2022-03-16,4.920000076293945,5.179999828338623,4.860000133514404,5.090000152587891,5.090000152587891,2500300
2022-03-17,5.059999942779541,5.349999904632568,5.019999980926514,5.329999923706055,5.329999923706055,1769800
2022-03-18,5.329999923706055,5.519999980926514,5.1579999923706055,5.260000228881836,5.260000228881836,13463300
2022-03-21,5.28000020980835,5.380000114440918,4.960000038146973,5.079999923706055,5.079999923706055,2551500
2022-03-22,5.099999904632568,5.414999961853027,5.059999942779541,5.340000152587891,5.340000152587891,1803000
2022-03-23,5.269999980926514,5.434999942779541,5.065000057220459,5.309999942779541,5.309999942779541,2276600
2022-03-24,5.289999961853027,5.420000076293945,5.21999979019165,5.360000133514404,5.360000133514404,1344400
2022-03-25,5.349999904632568,5.389999866485596,5.099999904632568,5.159999847412109,5.159999847412109,1257200
2022-03-28,5.239999771118164,5.420000076293945,5.159999847412109,5.25,5.25,1113000
2022-03-29,5.300000190734863,5.650000095367432,5.300000190734863,5.590000152587891,5.590000152587891,1611200
2022-03-30,5.519999980926514,5.800000190734863,5.4730000495910645,5.579999923706055,5.579999923706055,1553900
2022-03-31,5.619999885559082,5.619999885559082,5.019999980926514,5.079999923706055,5.079999923706055,2928200
2022-04-01,5.21999979019165,5.849999904632568,4.949999809265137,5.599999904632568,5.599999904632568,4283300
2022-04-04,5.539999961853027,5.900000095367432,5.53000020980835,5.789999961853027,5.789999961853027,2474600
2022-04-05,5.610000133514404,5.820000171661377,5.599999904632568,5.800000190734863,5.800000190734863,2484900
2022-04-06,5.599999904632568,5.684999942779541,5.474999904632568,5.519999980926514,5.519999980926514,1688800
2022-04-07,5.53000020980835,5.559999942779541,5.239999771118164,5.400000095367432,5.400000095367432,1600500
2022-04-08,5.349999904632568,5.369999885559082,5.150000095367432,5.25,5.25,1107600
2022-04-11,5.159999847412109,5.320000171661377,5.019999980926514,5.03000020980835,5.03000020980835,1709400
2022-04-12,5.090000152587891,5.230000019073486,5.014999866485596,5.059999942779541,5.059999942779541,1585200
2022-04-13,5.050000190734863,5.610000133514404,5.050000190734863,5.579999923706055,5.579999923706055,1867800
2022-04-14,5.570000171661377,5.849999904632568,5.570000171661377,5.71999979019165,5.71999979019165,2445700
2022-04-18,5.699999809265137,5.739999771118164,5.199999809265137,5.289999961853027,5.289999961853027,2426400
2022-04-19,5.309999942779541,5.75,5.230000019073486,5.670000076293945,5.670000076293945,1352200
2022-04-20,5.670000076293945,5.764999866485596,5.429999828338623,5.630000114440918,5.630000114440918,1332800
2022-04-21,5.650000095367432,5.840000152587891,5.315000057220459,5.329999923706055,5.329999923706055,1832800
2022-04-22,5.349999904632568,5.480000019073486,5.21999979019165,5.269999980926514,5.269999980926514,1228800
2022-04-25,5.269999980926514,5.489999771118164,5.170000076293945,5.449999809265137,5.449999809265137,1188900
2022-04-26,5.429999828338623,5.449999809265137,5.052999973297119,5.070000171661377,5.070000171661377,1370600
2022-04-27,5.119999885559082,5.289999961853027,5.065000057220459,5.130000114440918,5.130000114440918,1188500
2022-04-28,5.190000057220459,5.340000152587891,4.932000160217285,5.289999961853027,5.289999961853027,1503200
2022-04-29,5.28000020980835,5.380000114440918,5.025000095367432,5.03000020980835,5.03000020980835,1078000
2022-05-02,5.010000228881836,5.034999847412109,4.809999942779541,4.989999771118164,4.989999771118164,1677400
2022-05-03,4.96999979019165,5.034999847412109,4.724999904632568,4.800000190734863,4.800000190734863,1647300
2022-05-04,4.820000171661377,5.079999923706055,4.690000057220459,5.059999942779541,5.059999942779541,2054800
2022-05-05,5.039999961853027,5.050000190734863,4.699999809265137,4.760000228881836,4.760000228881836,1542700
2022-05-06,4.739999771118164,4.769999980926514,4.460000038146973,4.710000038146973,4.710000038146973,2078200
2022-05-09,4.579999923706055,4.619999885559082,4.150000095367432,4.159999847412109,4.159999847412109,2072300
2022-05-10,4.329999923706055,4.369999885559082,3.7009999752044678,3.9700000286102295,3.9700000286102295,3886400
2022-05-11,3.9000000953674316,4.260000228881836,3.819999933242798,3.869999885559082,3.869999885559082,1793000
2022-05-12,3.869999885559082,4.284999847412109,3.765000104904175,4.239999771118164,4.239999771118164,2672600
2022-05-13,4.369999885559082,4.809999942779541,4.369999885559082,4.610000133514404,4.610000133514404,2284000
2022-05-16,4.599999904632568,4.820000171661377,4.449999809265137,4.559999942779541,4.559999942779541,1720800
2022-05-17,4.679999828338623,4.900000095367432,4.63700008392334,4.889999866485596,4.889999866485596,1296700
2022-05-18,4.800000190734863,5.0289998054504395,4.704999923706055,4.78000020980835,4.78000020980835,1333400
2022-05-19,4.71999979019165,5.179999828338623,4.71999979019165,5.070000171661377,5.070000171661377,1952700
2022-05-20,5.110000133514404,5.195000171661377,4.869999885559082,5.050000190734863,5.050000190734863,1406000
2022-05-23,5.059999942779541,5.235000133514404,4.945000171661377,5.119999885559082,5.119999885559082,1233900
2022-05-24,5.03000020980835,5.170000076293945,4.909999847412109,5.019999980926514,5.019999980926514,1205100
2022-05-25,4.949999809265137,5.860000133514404,4.949999809265137,5.730000019073486,5.730000019073486,8101900
2022-05-26,5.75,6.150000095367432,5.639999866485596,5.96999979019165,5.96999979019165,3859800
2022-05-27,6.0,6.84499979019165,6.0,6.5,6.5,4403300
2022-05-31,6.389999866485596,6.454999923706055,5.829999923706055,6.079999923706055,6.079999923706055,5365100
2022-06-01,6.110000133514404,6.170000076293945,5.710000038146973,5.940000057220459,5.940000057220459,2702900
2022-06-02,5.940000057220459,6.295000076293945,5.869999885559082,6.110000133514404,6.110000133514404,2674200
2022-06-03,5.989999771118164,6.019999980926514,5.71999979019165,5.829999923706055,5.829999923706055,2470500
2022-06-06,6.090000152587891,6.239999771118164,5.874000072479248,6.010000228881836,6.010000228881836,3538900
2022-06-07,5.900000095367432,6.03000020980835,5.539999961853027,5.75,5.75,2907400
2022-06-08,5.670000076293945,6.014999866485596,5.650000095367432,5.900000095367432,5.900000095367432,1716100
2022-06-09,5.809999942779541,5.840000152587891,5.380000114440918,5.389999866485596,5.389999866485596,1871900
2022-06-10,5.25,5.389999866485596,5.110000133514404,5.130000114440918,5.130000114440918,1691200
2022-06-13,4.929999828338623,5.196000099182129,4.860000133514404,5.119999885559082,5.119999885559082,3479800
2022-06-14,5.159999847412109,5.320000171661377,4.980000019073486,5.150000095367432,5.150000095367432,3253500
2022-06-15,4.760000228881836,5.090000152587891,4.010000228881836,4.559999942779541,4.559999942779541,12148400
2022-06-16,4.400000095367432,4.855000019073486,4.400000095367432,4.630000114440918,4.630000114440918,7109700
2022-06-17,4.559999942779541,5.159999847412109,4.541999816894531,5.099999904632568,5.099999904632568,9269700
2022-06-21,5.159999847412109,5.389999866485596,4.920000076293945,4.980000019073486,4.980000019073486,4708800
2022-06-22,4.940000057220459,5.199999809265137,4.800000190734863,4.869999885559082,4.869999885559082,4055700
2022-06-23,4.889999866485596,5.119999885559082,4.800000190734863,4.96999979019165,4.96999979019165,3479200
2022-06-24,5.059999942779541,5.105000019073486,4.684999942779541,4.800000190734863,4.800000190734863,21372600
2022-06-27,4.860000133514404,4.929999828338623,4.710000038146973,4.869999885559082,4.869999885559082,4035200
2022-06-28,4.869999885559082,5.025000095367432,4.510000228881836,4.519999980926514,4.519999980926514,3611200
2022-06-29,4.550000190734863,4.610000133514404,4.289999961853027,4.420000076293945,4.420000076293945,3042100
2022-06-30,4.289999961853027,4.369999885559082,4.170000076293945,4.329999923706055,4.329999923706055,3260100
2022-07-01,4.349999904632568,4.460000038146973,4.215000152587891,4.389999866485596,4.389999866485596,2152700
2022-07-05,4.300000190734863,4.610000133514404,4.129000186920166,4.610000133514404,4.610000133514404,3435900
2022-07-06,4.570000171661377,4.760000228881836,4.550000190734863,4.71999979019165,4.71999979019165,2240700
2022-07-07,4.760000228881836,5.0,4.730000019073486,4.789999961853027,4.789999961853027,2466000
2022-07-08,4.730000019073486,4.8979997634887695,4.659999847412109,4.840000152587891,4.840000152587891,1597900
2022-07-11,4.789999961853027,4.947999954223633,4.53000020980835,4.53000020980835,4.53000020980835,1517900
2022-07-12,4.579999923706055,4.679999828338623,4.414999961853027,4.519999980926514,4.519999980926514,2031400
2022-07-13,4.460000038146973,4.659999847412109,4.340000152587891,4.570000171661377,4.570000171661377,2013800
2022-07-14,4.489999771118164,4.599999904632568,4.400000095367432,4.559999942779541,4.559999942779541,1204200
2022-07-15,4.670000076293945,4.71999979019165,4.360000133514404,4.630000114440918,4.630000114440918,2317600
2022-07-18,4.690000057220459,4.860000133514404,4.659999847412109,4.679999828338623,4.679999828338623,1716200
2022-07-19,4.789999961853027,4.929999828338623,4.730000019073486,4.920000076293945,4.920000076293945,1704800
2022-07-20,4.940000057220459,5.210000038146973,4.909999847412109,5.099999904632568,5.099999904632568,2783900
2022-07-21,5.099999904632568,5.28000020980835,4.989999771118164,5.28000020980835,5.28000020980835,2372500
2022-07-22,5.28000020980835,5.289000034332275,4.929999828338623,4.949999809265137,4.949999809265137,1825700
2022-07-25,4.920000076293945,5.019999980926514,4.764999866485596,4.929999828338623,4.929999828338623,1229500
2022-07-26,4.909999847412109,5.090000152587891,4.809999942779541,5.019999980926514,5.019999980926514,1394900
2022-07-27,5.0,5.150000095367432,4.960000038146973,5.139999866485596,5.139999866485596,1312400
2022-07-28,5.139999866485596,5.25,4.934000015258789,5.110000133514404,5.110000133514404,2055100
2022-07-29,5.099999904632568,5.340000152587891,5.039999961853027,5.329999923706055,5.329999923706055,1291800
2022-08-01,5.269999980926514,5.440000057220459,5.150000095367432,5.409999847412109,5.409999847412109,1262700
2022-08-02,5.340000152587891,5.909999847412109,5.340000152587891,5.730000019073486,5.730000019073486,2024400
2022-08-03,5.78000020980835,5.909999847412109,5.730000019073486,5.829999923706055,5.829999923706055,1084100
2022-08-04,5.849999904632568,5.989999771118164,5.78000020980835,5.829999923706055,5.829999923706055,1149200
2022-08-05,5.699999809265137,5.889999866485596,5.610000133514404,5.880000114440918,5.880000114440918,1122300
2022-08-08,5.949999809265137,6.0,5.764999866485596,5.829999923706055,5.829999923706055,1098600
2022-08-09,5.800000190734863,6.074999809265137,5.78000020980835,5.980000019073486,5.980000019073486,1603400
2022-08-10,6.090000152587891,6.164999961853027,5.860000133514404,6.070000171661377,6.070000171661377,1306100
2022-08-11,6.099999904632568,6.269999980926514,5.925000190734863,5.96999979019165,5.96999979019165,1642300
2022-08-12,6.039999961853027,6.289999961853027,5.920000076293945,6.230000019073486,6.230000019073486,1367500
2022-08-15,6.239999771118164,6.369999885559082,6.144999980926514,6.159999847412109,6.159999847412109,1625600
2022-08-16,6.170000076293945,6.539999961853027,6.070000171661377,6.46999979019165,6.46999979019165,2475200
2022-08-17,6.400000095367432,6.400000095367432,6.120999813079834,6.210000038146973,6.210000038146973,1090900
2022-08-18,6.21999979019165,6.409999847412109,6.110000133514404,6.369999885559082,6.369999885559082,1878000
2022-08-19,6.28000020980835,6.28000020980835,5.710000038146973,5.840000152587891,5.840000152587891,2059600
2022-08-22,5.710000038146973,5.730000019073486,5.519999980926514,5.699999809265137,5.699999809265137,1421100
2022-08-23,5.659999847412109,5.71999979019165,5.565000057220459,5.610000133514404,5.610000133514404,1068300
2022-08-24,5.659999847412109,5.869999885559082,5.610000133514404,5.789999961853027,5.789999961853027,1027800
2022-08-25,5.909999847412109,6.050000190734863,5.800000190734863,6.039999961853027,6.039999961853027,840100
2022-08-26,5.980000019073486,5.980000019073486,5.710000038146973,5.71999979019165,5.71999979019165,1195100
2022-08-29,5.590000152587891,5.769999980926514,5.559999942779541,5.659999847412109,5.659999847412109,821800
2022-08-30,5.75,5.75,5.53000020980835,5.599999904632568,5.599999904632568,863500
2022-08-31,5.610000133514404,5.650000095367432,5.360000133514404,5.480000019073486,5.480000019073486,1543400
2022-09-01,5.380000114440918,5.389999866485596,4.809999942779541,5.050000190734863,5.050000190734863,3355000
2022-09-02,5.090000152587891,5.179999828338623,4.939000129699707,5.010000228881836,5.010000228881836,1884100
2022-09-06,4.980000019073486,5.25,4.980000019073486,5.190000057220459,5.190000057220459,2119100
2022-09-07,5.199999809265137,5.429999828338623,5.199999809265137,5.389999866485596,5.389999866485596,1522800
2022-09-08,5.269999980926514,5.489999771118164,5.175000190734863,5.210000038146973,5.210000038146973,1775000
2022-09-09,5.21999979019165,5.494999885559082,5.210000038146973,5.360000133514404,5.360000133514404,1602000
2022-09-12,5.400000095367432,5.53000020980835,5.369999885559082,5.420000076293945,5.420000076293945,2596900
2022-09-13,5.820000171661377,6.440000057220459,5.800000190734863,6.150000095367432,6.150000095367432,7883400
2022-09-14,6.150000095367432,7.119999885559082,6.139999866485596,7.099999904632568,7.099999904632568,9772100
2022-09-15,6.949999809265137,7.514999866485596,6.659999847412109,7.210000038146973,7.210000038146973,8677900
2022-09-16,6.900000095367432,6.90500020980835,6.380000114440918,6.489999771118164,6.489999771118164,6707600
2022-09-19,6.320000171661377,6.710000038146973,6.309999942779541,6.679999828338623,6.679999828338623,4682500
2022-09-20,6.690000057220459,6.800000190734863,6.019999980926514,6.099999904632568,6.099999904632568,4815000
2022-09-21,6.110000133514404,6.440000057220459,5.949999809265137,6.059999942779541,6.059999942779541,2267600
2022-09-22,6.019999980926514,6.170000076293945,5.510000228881836,5.610000133514404,5.610000133514404,3462200
2022-09-23,5.510000228881836,5.684999942779541,5.420000076293945,5.539999961853027,5.539999961853027,1646600
2022-09-26,5.46999979019165,5.71999979019165,5.360000133514404,5.559999942779541,5.559999942779541,2283800
2022-09-27,5.670000076293945,5.829999923706055,5.460000038146973,5.53000020980835,5.53000020980835,1832900
2022-09-28,5.53000020980835,5.829999923706055,5.5,5.809999942779541,5.809999942779541,1481800
2022-09-29,5.690000057220459,5.78000020980835,5.375,5.440000057220459,5.440000057220459,1644100
2022-09-30,5.389999866485596,5.630000114440918,5.389999866485596,5.429999828338623,5.429999828338623,1136400
2022-10-03,5.510000228881836,5.610000133514404,5.369999885559082,5.550000190734863,5.550000190734863,2125300
2022-10-04,5.71999979019165,6.130000114440918,5.715000152587891,6.110000133514404,6.110000133514404,1825500
2022-10-05,6.0,6.15500020980835,5.835000038146973,6.079999923706055,6.079999923706055,1577500
2022-10-06,6.099999904632568,6.269999980926514,6.072000026702881,6.179999828338623,6.179999828338623,1351900
2022-10-07,6.139999866485596,6.190000057220459,5.889999866485596,5.940000057220459,5.940000057220459,1097300
2022-10-10,5.929999828338623,5.96999979019165,5.630000114440918,5.639999866485596,5.639999866485596,1494600
2022-10-11,5.630000114440918,5.730000019073486,5.360000133514404,5.440000057220459,5.440000057220459,1780500
2022-10-12,5.409999847412109,5.460000038146973,5.239999771118164,5.360000133514404,5.360000133514404,1374900
2022-10-13,5.199999809265137,5.425000190734863,5.005000114440918,5.309999942779541,5.309999942779541,2329000
2022-10-14,5.429999828338623,5.429999828338623,4.880000114440918,4.900000095367432,4.900000095367432,2027400
2022-10-17,5.110000133514404,5.150000095367432,4.980000019073486,5.059999942779541,5.059999942779541,1905200
2022-10-18,5.230000019073486,5.340000152587891,4.940000057220459,5.0,5.0,1818500
2022-10-19,4.949999809265137,4.965000152587891,4.739999771118164,4.760000228881836,4.760000228881836,1567100
2022-10-20,4.78000020980835,4.894999980926514,4.679999828338623,4.769999980926514,4.769999980926514,1606200
2022-10-21,4.820000171661377,4.824999809265137,4.579999923706055,4.769999980926514,4.769999980926514,1786500
2022-10-24,4.840000152587891,4.880000114440918,4.480000019073486,4.570000171661377,4.570000171661377,1962400
2022-10-25,4.579999923706055,4.940000057220459,4.570000171661377,4.840000152587891,4.840000152587891,1640800
2022-10-26,4.829999923706055,4.920000076293945,4.769999980926514,4.78000020980835,4.78000020980835,1304400
2022-10-27,4.840000152587891,4.920000076293945,4.670000076293945,4.840000152587891,4.840000152587891,1160300
2022-10-28,4.860000133514404,5.139999866485596,4.789999961853027,5.119999885559082,5.119999885559082,1372300
2022-10-31,5.130000114440918,5.28000020980835,5.034999847412109,5.25,5.25,1409600
2022-11-01,5.329999923706055,5.449999809265137,5.244999885559082,5.329999923706055,5.329999923706055,1839800
2022-11-02,5.300000190734863,5.429999828338623,5.079999923706055,5.119999885559082,5.119999885559082,1390400
2022-11-03,5.090000152587891,5.295000076293945,5.090000152587891,5.199999809265137,5.199999809265137,1210800
2022-11-04,5.309999942779541,5.320000171661377,5.070000171661377,5.309999942779541,5.309999942779541,1293000
2022-11-07,5.429999828338623,5.449999809265137,5.130000114440918,5.400000095367432,5.400000095367432,1673300
2022-11-08,5.46999979019165,5.570000171661377,5.315000057220459,5.400000095367432,5.400000095367432,1419300
2022-11-09,5.349999904632568,5.420000076293945,5.199999809265137,5.230000019073486,5.230000019073486,1587300
2022-11-10,5.489999771118164,5.53000020980835,5.289999961853027,5.380000114440918,5.380000114440918,2259700
2022-11-11,5.340000152587891,5.664999961853027,5.340000152587891,5.46999979019165,5.46999979019165,2392300
2022-11-14,5.429999828338623,5.460000038146973,5.230000019073486,5.349999904632568,5.349999904632568,2355200
2022-11-15,5.420000076293945,5.690000057220459,5.420000076293945,5.599999904632568,5.599999904632568,2509100
2022-11-16,5.599999904632568,5.639999866485596,5.460000038146973,5.599999904632568,5.599999904632568,1856800
2022-11-17,5.5,5.510000228881836,5.099999904632568,5.110000133514404,5.110000133514404,1967000
2022-11-18,5.21999979019165,5.230000019073486,5.0,5.099999904632568,5.099999904632568,1312500
2022-11-21,5.050000190734863,5.119999885559082,4.949999809265137,5.03000020980835,5.03000020980835,1132100
2022-11-22,5.059999942779541,5.25,4.989999771118164,5.170000076293945,5.170000076293945,1299600
2022-11-23,5.170000076293945,5.440000057220459,5.159999847412109,5.360000133514404,5.360000133514404,1180200
2022-11-25,5.409999847412109,5.449999809265137,5.269999980926514,5.329999923706055,5.329999923706055,383300
2022-11-28,5.269999980926514,5.40500020980835,5.179999828338623,5.190000057220459,5.190000057220459,1093900
2022-11-29,5.230000019073486,5.275000095367432,5.179999828338623,5.190000057220459,5.190000057220459,915900
2022-11-30,5.210000038146973,5.409999847412109,5.164999961853027,5.409999847412109,5.409999847412109,1185700
2022-12-01,5.449999809265137,5.769999980926514,5.449999809265137,5.71999979019165,5.71999979019165,1648200
2022-12-02,5.630000114440918,5.809999942779541,5.585000038146973,5.789999961853027,5.789999961853027,1045300
2022-12-05,5.699999809265137,5.804999828338623,5.269999980926514,5.309999942779541,5.309999942779541,1793900
2022-12-06,5.300000190734863,5.315000057220459,5.150000095367432,5.239999771118164,5.239999771118164,1646500
2022-12-07,5.190000057220459,5.389999866485596,5.110000133514404,5.320000171661377,5.320000171661377,1016300
2022-12-08,5.289999961853027,5.445000171661377,5.228000164031982,5.349999904632568,5.349999904632568,1011500
2022-12-09,5.300000190734863,5.375,5.230000019073486,5.269999980926514,5.269999980926514,1218800
2022-12-12,5.300000190734863,5.369999885559082,5.150000095367432,5.349999904632568,5.349999904632568,1448700
2022-12-13,5.489999771118164,5.599999904632568,5.21999979019165,5.25,5.25,1614100
2022-12-14,5.239999771118164,5.340000152587891,5.110000133514404,5.210000038146973,5.210000038146973,2119600
2022-12-15,5.639999866485596,5.650000095367432,4.809999942779541,4.929999828338623,4.929999828338623,3734900
2022-12-16,5.5,5.510000228881836,5.090000152587891,5.119999885559082,5.119999885559082,6204900
2022-12-19,5.119999885559082,5.150000095367432,4.840000152587891,4.880000114440918,4.880000114440918,2248600
2022-12-20,4.829999923706055,5.03000020980835,4.769999980926514,4.78000020980835,4.78000020980835,1667400
2022-12-21,4.809999942779541,4.885000228881836,4.760000228881836,4.829999923706055,4.829999923706055,1325000
2022-12-22,4.75,4.764999866485596,4.489999771118164,4.53000020980835,4.53000020980835,2932200
2022-12-23,4.46999979019165,4.534999847412109,4.349999904632568,4.510000228881836,4.510000228881836,1595500
2022-12-27,4.5,4.5,4.175000190734863,4.190000057220459,4.190000057220459,1762200
2022-12-28,4.199999809265137,4.369999885559082,4.150000095367432,4.289999961853027,4.289999961853027,1890500
2022-12-29,4.320000171661377,4.440000057220459,4.284999847412109,4.380000114440918,4.380000114440918,2487100
2022-12-30,4.340000152587891,4.409999847412109,4.275000095367432,4.349999904632568,4.349999904632568,2158300
2023-01-03,4.460000038146973,4.71999979019165,4.349999904632568,4.5,4.5,2099200
2023-01-04,4.519999980926514,4.570000171661377,4.329999923706055,4.539999961853027,4.539999961853027,1611500
2023-01-05,4.5,4.795000076293945,4.460000038146973,4.78000020980835,4.78000020980835,1535000
2023-01-06,4.820000171661377,4.933000087738037,4.75600004196167,4.829999923706055,4.829999923706055,1514700
2023-01-09,4.900000095367432,4.965000152587891,4.875,4.889999866485596,4.889999866485596,873400
2023-01-10,4.860000133514404,5.025000095367432,4.860000133514404,5.019999980926514,5.019999980926514,943200
2023-01-11,5.079999923706055,5.099999904632568,5.0,5.039999961853027,5.039999961853027,1150100
2023-01-12,5.079999923706055,5.09499979019165,4.914999961853027,5.070000171661377,5.070000171661377,1670400
2023-01-13,4.989999771118164,5.170000076293945,4.980000019073486,5.110000133514404,5.110000133514404,1299900
2023-01-17,5.119999885559082,5.159999847412109,5.010000228881836,5.039999961853027,5.039999961853027,1181700
2023-01-18,5.079999923706055,5.150000095367432,4.949999809265137,4.960000038146973,4.960000038146973,1586200
2023-01-19,4.900000095367432,4.949999809265137,4.769999980926514,4.78000020980835,4.78000020980835,844500
2023-01-20,4.820000171661377,4.934999942779541,4.699999809265137,4.929999828338623,4.929999828338623,984500
2023-01-23,4.940000057220459,4.980000019073486,4.800000190734863,4.869999885559082,4.869999885559082,1605100
2023-01-24,4.820000171661377,4.820000171661377,4.690000057220459,4.760000228881836,4.760000228881836,1037600
2023-01-25,4.679999828338623,4.84499979019165,4.610000133514404,4.840000152587891,4.840000152587891,923400
2023-01-26,4.889999866485596,4.96999979019165,4.800000190734863,4.860000133514404,4.860000133514404,1244900
2023-01-27,4.869999885559082,4.914999961853027,4.789999961853027,4.829999923706055,4.829999923706055,992700
2023-01-30,4.769999980926514,4.860000133514404,4.699999809265137,4.769999980926514,4.769999980926514,1006100
2023-01-31,4.800000190734863,4.974999904632568,4.800000190734863,4.949999809265137,4.949999809265137,1076800
2023-02-01,4.920000076293945,4.96999979019165,4.760000228881836,4.909999847412109,4.909999847412109,1105500
2023-02-02,4.989999771118164,5.179999828338623,4.940000057220459,5.039999961853027,5.039999961853027,2403200
2023-02-03,5.010000228881836,5.099999904632568,4.900000095367432,4.960000038146973,4.960000038146973,1172900
2023-02-06,4.909999847412109,4.960000038146973,4.739999771118164,4.789999961853027,4.789999961853027,1438600
2023-02-07,4.78000020980835,4.800000190734863,4.650000095367432,4.75,4.75,1390600
2023-02-08,4.699999809265137,4.789999961853027,4.679999828338623,4.699999809265137,4.699999809265137,891000
2023-02-09,4.699999809265137,4.760000228881836,4.5,4.510000228881836,4.510000228881836,1425400
2023-02-10,4.5,4.579999923706055,4.440000057220459,4.579999923706055,4.579999923706055,1436700
2023-02-13,4.579999923706055,4.599999904632568,4.440000057220459,4.559999942779541,4.559999942779541,1154400
2023-02-14,4.519999980926514,4.639999866485596,4.449999809265137,4.599999904632568,4.599999904632568,1238700
2023-02-15,4.639999866485596,4.880000114440918,4.619999885559082,4.840000152587891,4.840000152587891,1423200
2023-02-16,4.75,4.809999942779541,4.679999828338623,4.739999771118164,4.739999771118164,987600
2023-02-17,4.739999771118164,4.739999771118164,4.610000133514404,4.699999809265137,4.699999809265137,890300
2023-02-21,4.639999866485596,4.820000171661377,4.630000114440918,4.71999979019165,4.71999979019165,1920100
2023-02-22,4.699999809265137,4.75,4.630000114440918,4.679999828338623,4.679999828338623,1186700
2023-02-23,4.789999961853027,4.829999923706055,4.619999885559082,4.730000019073486,4.730000019073486,1198500
2023-02-24,4.659999847412109,4.679999828338623,4.570000171661377,4.639999866485596,4.639999866485596,1360700
2023-02-27,4.710000038146973,4.789999961853027,4.599999904632568,4.619999885559082,4.619999885559082,992900
2023-02-28,4.630000114440918,4.659999847412109,4.525000095367432,4.610000133514404,4.610000133514404,1361100
2023-03-01,4.599999904632568,4.650000095367432,4.460000038146973,4.480000019073486,4.480000019073486,1272300
2023-03-02,4.429999828338623,4.510000228881836,4.389999866485596,4.5,4.5,1209100
2023-03-03,4.53000020980835,4.650000095367432,4.440000057220459,4.630000114440918,4.630000114440918,1397400
2023-03-06,4.630000114440918,4.670000076293945,4.565000057220459,4.590000152587891,4.590000152587891,986000
2023-03-07,4.579999923706055,4.599999904632568,4.474999904632568,4.510000228881836,4.510000228881836,1076100
2023-03-08,4.53000020980835,4.579999923706055,4.46999979019165,4.539999961853027,4.539999961853027,907400
2023-03-09,4.550000190734863,4.550000190734863,4.210000038146973,4.210000038146973,4.210000038146973,1621100
2023-03-10,4.170000076293945,4.21999979019165,3.9749999046325684,4.079999923706055,4.079999923706055,2141200
2023-03-13,4.0,4.184999942779541,3.9200000762939453,4.039999961853027,4.039999961853027,1529400
2023-03-14,4.139999866485596,4.190000057220459,4.019999980926514,4.070000171661377,4.070000171661377,1207400
2023-03-15,3.990000009536743,4.03000020980835,3.930000066757202,4.010000228881836,4.010000228881836,1352400
2023-03-16,3.9800000190734863,4.045000076293945,3.9100000858306885,3.990000009536743,3.990000009536743,1261000
2023-03-17,3.9800000190734863,3.9800000190734863,3.859999895095825,3.869999885559082,3.869999885559082,6158600
2023-03-20,3.890000104904175,3.9100000858306885,3.4600000381469727,3.4600000381469727,3.4600000381469727,5061100
2023-03-21,3.5399999618530273,3.5399999618530273,3.375,3.490000009536743,3.490000009536743,3893600
2023-03-22,3.4600000381469727,3.4800000190734863,3.2899999618530273,3.299999952316284,3.299999952316284,3033800
2023-03-23,3.309999942779541,3.549999952316284,3.309999942779541,3.5,3.5,3611400
2023-03-24,3.4600000381469727,3.559999942779541,3.319999933242798,3.5199999809265137,3.5199999809265137,3653300
2023-03-27,3.509999990463257,3.509999990463257,3.315000057220459,3.4000000953674316,3.4000000953674316,1933200
2023-03-28,3.369999885559082,3.424999952316284,3.299999952316284,3.4100000858306885,3.4100000858306885,2102700
2023-03-29,3.4800000190734863,3.565000057220459,3.4049999713897705,3.5399999618530273,3.5399999618530273,2412900
2023-03-30,3.690000057220459,4.060999870300293,3.549999952316284,3.569999933242798,3.569999933242798,5820100
2023-03-31,3.609999895095825,4.0,3.5999999046325684,3.930000066757202,3.930000066757202,4418100
2023-04-03,3.9100000858306885,3.9100000858306885,3.5999999046325684,3.640000104904175,3.640000104904175,2402100
2023-04-04,3.7100000381469727,3.740000009536743,3.6050000190734863,3.7200000286102295,3.7200000286102295,1590600
2023-04-05,3.700000047683716,3.700000047683716,3.5950000286102295,3.6600000858306885,3.6600000858306885,1608600
2023-04-06,3.8399999141693115,4.179999828338623,3.8399999141693115,4.150000095367432,4.150000095367432,3799400
2023-04-10,4.059999942779541,4.179999828338623,3.950000047683716,4.139999866485596,4.139999866485596,2114900
2023-04-11,4.150000095367432,4.300000190734863,4.090000152587891,4.090000152587891,4.090000152587891,1386000
2023-04-12,4.130000114440918,4.275000095367432,4.054999828338623,4.090000152587891,4.090000152587891,2749400
2023-04-13,4.119999885559082,4.409999847412109,4.110000133514404,4.329999923706055,4.329999923706055,2264400
2023-04-14,4.320000171661377,4.349999904632568,4.175000190734863,4.260000228881836,4.260000228881836,1313000
2023-04-17,4.320000171661377,4.489999771118164,4.300000190734863,4.360000133514404,4.360000133514404,1548500
2023-04-18,4.489999771118164,4.5,4.289999961853027,4.320000171661377,4.320000171661377,1181700
2023-04-19,4.300000190734863,4.309999942779541,4.164999961853027,4.25,4.25,1902900
2023-04-20,4.199999809265137,4.289999961853027,4.130000114440918,4.190000057220459,4.190000057220459,1114500
2023-04-21,4.199999809265137,4.199999809265137,4.039999961853027,4.099999904632568,4.099999904632568,1491000
2023-04-24,4.079999923706055,4.125,3.994999885559082,4.059999942779541,4.059999942779541,1123200
2023-04-25,4.0,4.045000076293945,3.9700000286102295,4.0,4.0,1430900
2023-04-26,3.990000009536743,4.039999961853027,3.859999895095825,3.9200000762939453,3.9200000762939453,1377500
2023-04-27,3.940000057220459,4.0,3.8399999141693115,3.9700000286102295,3.9700000286102295,1134700
2023-04-28,3.9600000381469727,4.099999904632568,3.9019999504089355,4.079999923706055,4.079999923706055,1662100
2023-05-01,4.099999904632568,4.110000133514404,3.9549999237060547,4.010000228881836,4.010000228881836,940800
2023-05-02,4.03000020980835,4.079999923706055,3.882999897003174,3.9200000762939453,3.9200000762939453,1009800
2023-05-03,3.9200000762939453,4.019999980926514,3.9000000953674316,3.930000066757202,3.930000066757202,1030100
2023-05-04,3.890000104904175,3.9200000762939453,3.799999952316284,3.8299999237060547,3.8299999237060547,823600
2023-05-05,3.9000000953674316,3.950000047683716,3.875,3.9000000953674316,3.9000000953674316,848900
2023-05-08,3.940000057220459,3.9600000381469727,3.819999933242798,3.950000047683716,3.950000047683716,874100
2023-05-09,3.930000066757202,3.9649999141693115,3.8949999809265137,3.9100000858306885,3.9100000858306885,584600
2023-05-10,3.930000066757202,4.150000095367432,3.930000066757202,4.130000114440918,4.130000114440918,990500
2023-05-11,3.9700000286102295,4.204999923706055,3.940000057220459,4.059999942779541,4.059999942779541,1162200
2023-05-12,4.110000133514404,4.199999809265137,4.079999923706055,4.150000095367432,4.150000095367432,1374300
2023-05-15,4.199999809265137,4.230000019073486,4.105000019073486,4.159999847412109,4.159999847412109,1081000
2023-05-16,4.159999847412109,4.184999942779541,4.019999980926514,4.039999961853027,4.039999961853027,907100
2023-05-17,4.079999923706055,4.190000057220459,4.010000228881836,4.150000095367432,4.150000095367432,1055500
2023-05-18,4.130000114440918,4.269999980926514,4.099999904632568,4.25,4.25,877800
2023-05-19,4.289999961853027,4.320000171661377,4.190000057220459,4.190000057220459,4.190000057220459,938000
2023-05-22,4.190000057220459,4.360000133514404,4.179999828338623,4.349999904632568,4.349999904632568,1518900
2023-05-23,4.369999885559082,4.510000228881836,4.320000171661377,4.340000152587891,4.340000152587891,1220800
2023-05-24,4.300000190734863,4.369999885559082,4.235000133514404,4.349999904632568,4.349999904632568,961900
2023-05-25,4.429999828338623,4.5,4.21999979019165,4.239999771118164,4.239999771118164,942100
2023-05-26,4.25,4.360000133514404,4.210000038146973,4.320000171661377,4.320000171661377,1056700
2023-05-30,4.360000133514404,4.449999809265137,4.28000020980835,4.409999847412109,4.409999847412109,1390400
2023-05-31,4.400000095367432,4.599999904632568,4.380000114440918,4.590000152587891,4.590000152587891,1925700
2023-06-01,4.599999904632568,4.65500020980835,4.485000133514404,4.590000152587891,4.590000152587891,1042900
2023-06-02,4.650000095367432,4.748000144958496,4.579999923706055,4.679999828338623,4.679999828338623,1258200
2023-06-05,4.639999866485596,4.78000020980835,4.619999885559082,4.679999828338623,4.679999828338623,896400
2023-06-06,4.670000076293945,4.860000133514404,4.650000095367432,4.860000133514404,4.860000133514404,1381100
2023-06-07,4.880000114440918,5.0,4.789999961853027,4.869999885559082,4.869999885559082,1978600
2023-06-08,4.869999885559082,4.980000019073486,4.739999771118164,4.900000095367432,4.900000095367432,3249400
2023-06-09,3.950000047683716,4.050000190734863,3.3299999237060547,3.4100000858306885,3.4100000858306885,18920100
2023-06-12,3.509999990463257,3.688999891281128,3.3499999046325684,3.490000009536743,3.490000009536743,8057800
2023-06-13,3.4800000190734863,3.6700000762939453,3.430000066757202,3.5299999713897705,3.5299999713897705,5390900
2023-06-14,3.5899999141693115,3.5950000286102295,3.4200000762939453,3.490000009536743,3.490000009536743,3083300
2023-06-15,3.4800000190734863,3.515000104904175,3.4000000953674316,3.450000047683716,3.450000047683716,2822600
2023-06-16,3.549999952316284,3.5850000381469727,3.3299999237060547,3.359999895095825,3.359999895095825,4828800
2023-06-20,3.369999885559082,3.380000114440918,3.140000104904175,3.1500000953674316,3.1500000953674316,4913100
2023-06-21,3.1600000858306885,3.2200000286102295,3.009999990463257,3.1700000762939453,3.1700000762939453,3287600
2023-06-22,3.1500000953674316,3.2100000381469727,3.059999942779541,3.1600000858306885,3.1600000858306885,1610200
2023-06-23,3.109999895095825,3.1500000953674316,3.049999952316284,3.069999933242798,3.069999933242798,2725900
2023-06-26,3.069999933242798,3.140000104904175,3.0199999809265137,3.0399999618530273,3.0399999618530273,1771400
2023-06-27,3.069999933242798,3.0850000381469727,3.009999990463257,3.0199999809265137,3.0199999809265137,2080300
2023-06-28,3.0399999618530273,3.140000104904175,3.0,3.0299999713897705,3.0299999713897705,3105200
2023-06-29,3.049999952316284,3.180000066757202,3.0399999618530273,3.0799999237060547,3.0799999237060547,1918400
2023-06-30,3.119999885559082,3.2790000438690186,3.109999895095825,3.2200000286102295,3.2200000286102295,2608200
2023-07-03,3.25,3.299999952316284,3.200000047683716,3.240000009536743,3.240000009536743,1176400
2023-07-05,3.200000047683716,3.259999990463257,3.180000066757202,3.259999990463257,3.259999990463257,1928400
2023-07-06,3.25,3.299999952316284,3.130000114440918,3.180000066757202,3.180000066757202,2197100
2023-07-07,3.1500000953674316,3.2699999809265137,3.119999885559082,3.240000009536743,3.240000009536743,1449200
2023-07-10,3.240000009536743,3.3499999046325684,3.2149999141693115,3.3299999237060547,3.3299999237060547,1838700
2023-07-11,3.380000114440918,3.440000057220459,3.315000057220459,3.430000066757202,3.430000066757202,2381200
2023-07-12,3.490000009536743,3.5,3.3399999141693115,3.4100000858306885,3.4100000858306885,2056900
2023-07-13,3.4100000858306885,3.5399999618530273,3.4000000953674316,3.4800000190734863,3.4800000190734863,2604000
2023-07-14,3.490000009536743,3.5799999237060547,3.2699999809265137,3.2799999713897705,3.2799999713897705,2216100
2023-07-17,3.299999952316284,3.450000047683716,3.259999990463257,3.430000066757202,3.430000066757202,1698200
2023-07-18,3.4100000858306885,3.565000057220459,3.390000104904175,3.5399999618530273,3.5399999618530273,2107600
2023-07-19,3.549999952316284,3.5999999046325684,3.430000066757202,3.4700000286102295,3.4700000286102295,1942500
2023-07-20,3.440000057220459,3.4600000381469727,3.319999933242798,3.3399999141693115,3.3399999141693115,1409800
2023-07-21,3.359999895095825,3.4000000953674316,3.2750000953674316,3.3399999141693115,3.3399999141693115,1383700
2023-07-24,3.3499999046325684,3.380000114440918,3.2899999618530273,3.3399999141693115,3.3399999141693115,996000
2023-07-25,3.3499999046325684,3.380000114440918,3.319999933242798,3.3499999046325684,3.3499999046325684,1032500
2023-07-26,3.3299999237060547,3.4200000762939453,3.311000108718872,3.4200000762939453,3.4200000762939453,1381800
2023-07-27,3.450000047683716,3.4800000190734863,3.2699999809265137,3.2899999618530273,3.2899999618530273,1655500
2023-07-28,3.3299999237060547,3.4800000190734863,3.3299999237060547,3.450000047683716,3.450000047683716,1914100
2023-07-31,3.4600000381469727,3.75,3.430000066757202,3.7200000286102295,3.7200000286102295,3824800
2023-08-01,3.75,3.7699999809265137,3.630000114440918,3.7699999809265137,3.7699999809265137,2002500
2023-08-02,3.6700000762939453,3.6700000762939453,3.390000104904175,3.4000000953674316,3.4000000953674316,2019400
2023-08-03,3.4100000858306885,3.4700000286102295,3.3299999237060547,3.440000057220459,3.440000057220459,1115100
2023-08-04,3.5,3.509999990463257,3.3299999237060547,3.4100000858306885,3.4100000858306885,1366700
2023-08-07,3.4100000858306885,3.4100000858306885,3.3350000381469727,3.380000114440918,3.380000114440918,1090800
2023-08-08,3.3399999141693115,3.4700000286102295,3.319999933242798,3.450000047683716,3.450000047683716,1278200
2023-08-09,3.440000057220459,3.4600000381469727,3.369999885559082,3.4100000858306885,3.4100000858306885,939300
2023-08-10,3.4000000953674316,3.5399999618530273,3.4000000953674316,3.4200000762939453,3.4200000762939453,1161100
2023-08-11,3.4000000953674316,3.5199999809265137,3.369999885559082,3.5,3.5,1259800
2023-08-14,3.4800000190734863,3.5199999809265137,3.4000000953674316,3.509999990463257,3.509999990463257,1521300
2023-08-15,3.4600000381469727,3.5,3.380000114440918,3.390000104904175,3.390000104904175,942600
2023-08-16,3.390000104904175,3.390000104904175,3.2799999713897705,3.309999942779541,3.309999942779541,1311800
2023-08-17,3.3299999237060547,3.390000104904175,3.234999895095825,3.240000009536743,3.240000009536743,1159600
2023-08-18,3.1600000858306885,3.319999933242798,3.1549999713897705,3.2699999809265137,3.2699999809265137,1105300
2023-08-21,3.2799999713897705,3.2799999713897705,3.140000104904175,3.200000047683716,3.200000047683716,1421200
2023-08-22,3.200000047683716,3.240000009536743,3.1600000858306885,3.2100000381469727,3.2100000381469727,611300
2023-08-23,3.200000047683716,3.299999952316284,3.180000066757202,3.2899999618530273,3.2899999618530273,904800
2023-08-24,3.299999952316284,3.299999952316284,3.0999999046325684,3.109999895095825,3.109999895095825,1093200
2023-08-25,3.130000114440918,3.180000066757202,3.069999933242798,3.119999885559082,3.119999885559082,839300
2023-08-28,3.130000114440918,3.180000066757202,3.0999999046325684,3.140000104904175,3.140000104904175,1094900
2023-08-29,3.140000104904175,3.319999933242798,3.1050000190734863,3.2799999713897705,3.2799999713897705,943100
2023-08-30,3.259999990463257,3.3299999237060547,3.2100000381469727,3.319999933242798,3.319999933242798,754600
2023-08-31,3.3299999237060547,3.369999885559082,3.240000009536743,3.25,3.25,825400
2023-09-01,3.2799999713897705,3.3399999141693115,3.2699999809265137,3.3299999237060547,3.3299999237060547,754300
2023-09-05,3.2699999809265137,3.3499999046325684,3.259999990463257,3.299999952316284,3.299999952316284,948400
2023-09-06,3.299999952316284,3.319999933242798,3.1600000858306885,3.1600000858306885,3.1600000858306885,1223200
2023-09-07,3.1500000953674316,3.1500000953674316,3.049999952316284,3.0799999237060547,3.0799999237060547,1656600
2023-09-08,2.880000114440918,2.9000000953674316,2.509999990463257,2.740000009536743,2.740000009536743,8323200
2023-09-11,2.7799999713897705,2.859999895095825,2.690000057220459,2.8399999141693115,2.8399999141693115,2193100
2023-09-12,2.809999942779541,2.934999942779541,2.799999952316284,2.9100000858306885,2.9100000858306885,1799800
2023-09-13,2.880000114440918,2.930000066757202,2.7300000190734863,2.7300000190734863,2.7300000190734863,1735800
2023-09-14,2.759999990463257,2.8299999237060547,2.7100000381469727,2.819999933242798,2.819999933242798,1348500
2023-09-15,2.8299999237060547,2.8299999237060547,2.740000009536743,2.799999952316284,2.799999952316284,4706500
2023-09-18,2.7899999618530273,2.799999952316284,2.680000066757202,2.690000057220459,2.690000057220459,1137100
2023-09-19,2.6600000858306885,2.7200000286102295,2.640000104904175,2.700000047683716,2.700000047683716,1280600
2023-09-20,2.8299999237060547,2.8399999141693115,2.690000057220459,2.700000047683716,2.700000047683716,2187200
2023-09-21,2.640000104904175,2.7300000190734863,2.622999906539917,2.680000066757202,2.680000066757202,1405200
2023-09-22,2.690000057220459,2.7149999141693115,2.569999933242798,2.5799999237060547,2.5799999237060547,1374500
2023-09-25,2.549999952316284,2.609999895095825,2.4800000190734863,2.5399999618530273,2.5399999618530273,1473700
2023-09-26,2.5299999713897705,2.569999933242798,2.4600000381469727,2.4800000190734863,2.4800000190734863,1325000
2023-09-27,2.490000009536743,2.5299999713897705,2.4600000381469727,2.5,2.5,1219500
2023-09-28,2.509999990463257,2.6050000190734863,2.4639999866485596,2.5899999141693115,2.5899999141693115,2685900
2023-09-29,2.630000114440918,2.680000066757202,2.5899999141693115,2.5999999046325684,2.5999999046325684,1350700
2023-10-02,2.5999999046325684,2.6600000858306885,2.559999942779541,2.569999933242798,2.569999933242798,1225500
2023-10-03,2.5399999618530273,2.569999933242798,2.5,2.5299999713897705,2.5299999713897705,876300
2023-10-04,2.5399999618530273,2.609999895095825,2.5,2.5799999237060547,2.5799999237060547,1136600
2023-10-05,2.5799999237060547,2.619999885559082,2.505000114440918,2.5899999141693115,2.5899999141693115,1158200
2023-10-06,2.549999952316284,2.630000114440918,2.5299999713897705,2.609999895095825,2.609999895095825,927500
2023-10-09,2.549999952316284,2.609999895095825,2.5299999713897705,2.5899999141693115,2.5899999141693115,1151800
2023-10-10,2.5999999046325684,2.690000057220459,2.5999999046325684,2.5999999046325684,2.5999999046325684,1679700
2023-10-11,2.619999885559082,2.6500000953674316,2.450000047683716,2.4600000381469727,2.4600000381469727,1562800
2023-10-12,2.450000047683716,2.4649999141693115,2.260999917984009,2.299999952316284,2.299999952316284,2748000
2023-10-13,2.309999942779541,2.309999942779541,2.1700000762939453,2.180000066757202,2.180000066757202,2229400
2023-10-16,2.190000057220459,2.2899999618530273,2.1500000953674316,2.2899999618530273,2.2899999618530273,2092400
2023-10-17,2.259999990463257,2.430000066757202,2.2300000190734863,2.4200000762939453,2.4200000762939453,1743200
2023-10-18,2.380000114440918,2.4000000953674316,2.240000009536743,2.259999990463257,2.259999990463257,966400
2023-10-19,2.259999990463257,2.2750000953674316,2.180000066757202,2.190000057220459,2.190000057220459,1352000
2023-10-20,2.190000057220459,2.2049999237060547,2.119999885559082,2.140000104904175,2.140000104904175,1526200
2023-10-23,2.109999895095825,2.1649999618530273,2.069999933242798,2.109999895095825,2.109999895095825,1795200
2023-10-24,2.0999999046325684,2.200000047683716,2.0999999046325684,2.1700000762939453,2.1700000762939453,1182200
2023-10-25,2.180000066757202,2.180000066757202,2.0899999141693115,2.0899999141693115,2.0899999141693115,1189900
2023-10-26,2.0899999141693115,2.1600000858306885,2.049999952316284,2.109999895095825,2.109999895095825,1363400
2023-10-27,2.119999885559082,2.1500000953674316,2.069999933242798,2.069999933242798,2.069999933242798,1104900
2023-10-30,2.0799999237060547,2.1700000762939453,2.069999933242798,2.109999895095825,2.109999895095825,1131900
2023-10-31,2.119999885559082,2.2200000286102295,2.119999885559082,2.1600000858306885,2.1600000858306885,1835400
2023-11-01,2.140000104904175,2.200000047683716,2.0399999618530273,2.059999942779541,2.059999942779541,1342700
2023-11-02,2.119999885559082,2.2699999809265137,2.119999885559082,2.259999990463257,2.259999990463257,1415600
2023-11-03,2.3499999046325684,2.359999895095825,2.240000009536743,2.2799999713897705,2.2799999713897705,1460000
2023-11-06,2.259999990463257,2.299999952316284,2.2300000190734863,2.259999990463257,2.259999990463257,961300
2023-11-07,2.259999990463257,2.359999895095825,2.25,2.2899999618530273,2.2899999618530273,1359100
2023-11-08,2.3299999237060547,2.3299999237060547,2.1600000858306885,2.180000066757202,2.180000066757202,873600
2023-11-09,2.2300000190734863,2.2300000190734863,2.0799999237060547,2.0999999046325684,2.0999999046325684,1174600
2023-11-10,2.130000114440918,2.190000057220459,2.0850000381469727,2.1700000762939453,2.1700000762939453,1012400
2023-11-13,2.1700000762939453,2.259999990463257,2.1600000858306885,2.240000009536743,2.240000009536743,953400
2023-11-14,2.319999933242798,2.440000057220459,2.319999933242798,2.4200000762939453,2.4200000762939453,1590400
2023-11-15,2.4200000762939453,2.549999952316284,2.359999895095825,2.380000114440918,2.380000114440918,1665800
2023-11-16,2.359999895095825,2.368000030517578,2.2699999809265137,2.309999942779541,2.309999942779541,931900
2023-11-17,2.319999933242798,2.4000000953674316,2.259999990463257,2.3499999046325684,2.3499999046325684,1446000
2023-11-20,2.3399999141693115,2.444999933242798,2.325000047683716,2.430000066757202,2.430000066757202,1009000
2023-11-21,2.430000066757202,2.450000047683716,2.3450000286102295,2.359999895095825,2.359999895095825,706500
2023-11-22,2.4000000953674316,2.430000066757202,2.359999895095825,2.4000000953674316,2.4000000953674316,701600
2023-11-24,2.4100000858306885,2.4700000286102295,2.359999895095825,2.4700000286102295,2.4700000286102295,363900
2023-11-27,2.4600000381469727,2.509999990463257,2.4149999618530273,2.430000066757202,2.430000066757202,819200
2023-11-28,2.4200000762939453,2.4800000190734863,2.375,2.4600000381469727,2.4600000381469727,578700
2023-11-29,2.5,2.559999942779541,2.440000057220459,2.4700000286102295,2.4700000286102295,1001400
2023-11-30,2.4600000381469727,2.490000009536743,2.4200000762939453,2.430000066757202,2.430000066757202,859300
2023-12-01,2.4100000858306885,2.5399999618530273,2.38100004196167,2.5299999713897705,2.5299999713897705,1066400
2023-12-04,2.5,2.569999933242798,2.490000009536743,2.569999933242798,2.569999933242798,875000
2023-12-05,2.549999952316284,2.5980000495910645,2.5250000953674316,2.559999942779541,2.559999942779541,1340500
2023-12-06,2.5999999046325684,2.6600000858306885,2.565000057220459,2.5899999141693115,2.5899999141693115,1507800
2023-12-07,2.5799999237060547,2.5899999141693115,2.5250000953674316,2.569999933242798,2.569999933242798,2178900
2023-12-08,2.490000009536743,2.559999942779541,2.3399999141693115,2.430000066757202,2.430000066757202,3318000
2023-12-11,2.4000000953674316,2.4600000381469727,2.309999942779541,2.380000114440918,2.380000114440918,1907300
2023-12-12,2.380000114440918,2.380000114440918,2.259999990463257,2.2699999809265137,2.2699999809265137,1497300
2023-12-13,2.2899999618530273,2.450000047683716,2.2249999046325684,2.450000047683716,2.450000047683716,2468300
2023-12-14,2.5,2.6050000190734863,2.450000047683716,2.5199999809265137,2.5199999809265137,2297900
2023-12-15,2.549999952316284,2.569999933242798,2.380000114440918,2.450000047683716,2.450000047683716,3952000
2023-12-18,2.450000047683716,2.559999942779541,2.4149999618530273,2.430000066757202,2.430000066757202,1474100
2023-12-19,2.430000066757202,2.5,2.428999900817871,2.4800000190734863,2.4800000190734863,1889600
2023-12-20,2.4600000381469727,2.4600000381469727,2.3399999141693115,2.3499999046325684,2.3499999046325684,1657200
2023-12-21,2.359999895095825,2.4100000858306885,2.3350000381469727,2.369999885559082,2.369999885559082,2092100
2023-12-22,2.369999885559082,2.4800000190734863,2.3299999237060547,2.3499999046325684,2.3499999046325684,3502500
2023-12-26,2.369999885559082,2.4600000381469727,2.319999933242798,2.450000047683716,2.450000047683716,2312500
2023-12-27,2.450000047683716,2.4800000190734863,2.375,2.390000104904175,2.390000104904175,2007400
2023-12-28,2.380000114440918,2.569999933242798,2.369999885559082,2.559999942779541,2.559999942779541,2270500
2023-12-29,2.5399999618530273,2.569999933242798,2.450000047683716,2.4700000286102295,2.4700000286102295,1478200
2024-01-02,2.4600000381469727,2.5199999809265137,2.380000114440918,2.380000114440918,2.380000114440918,1402300
2024-01-03,2.390000104904175,2.4000000953674316,2.299999952316284,2.3399999141693115,2.3399999141693115,1324100
2024-01-04,2.3399999141693115,2.365000009536743,2.2899999618530273,2.319999933242798,2.319999933242798,951100
2024-01-05,2.299999952316284,2.3499999046325684,2.25,2.259999990463257,2.259999990463257,1357700
2024-01-08,2.25,2.359999895095825,2.240000009536743,2.3299999237060547,2.3299999237060547,1054900
2024-01-09,2.299999952316284,2.299999952316284,2.240000009536743,2.25,2.25,938400
2024-01-10,2.25,2.3299999237060547,2.2100000381469727,2.240000009536743,2.240000009536743,1576100
2024-01-11,2.2699999809265137,2.2699999809265137,2.1500000953674316,2.180000066757202,2.180000066757202,1446800
2024-01-12,2.2100000381469727,2.259999990463257,2.180000066757202,2.200000047683716,2.200000047683716,1119000
2024-01-16,2.2100000381469727,2.2100000381469727,2.0999999046325684,2.0999999046325684,2.0999999046325684,1030800
2024-01-17,2.069999933242798,2.0799999237060547,2.0299999713897705,2.069999933242798,2.069999933242798,1124900
2024-01-18,2.0899999141693115,2.109999895095825,2.0199999809265137,2.069999933242798,2.069999933242798,1137900
2024-01-19,2.0999999046325684,2.115000009536743,1.9900000095367432,2.109999895095825,2.109999895095825,1662100
2024-01-22,2.109999895095825,2.2899999618530273,2.109999895095825,2.2799999713897705,2.2799999713897705,1782800
2024-01-23,2.299999952316284,2.3299999237060547,2.259999990463257,2.2799999713897705,2.2799999713897705,1294900
2024-01-24,2.3299999237060547,2.430000066757202,2.2699999809265137,2.2899999618530273,2.2899999618530273,1611700
2024-01-25,2.319999933242798,2.3380000591278076,2.25,2.299999952316284,2.299999952316284,766000
2024-01-26,2.319999933242798,2.3399999141693115,2.2699999809265137,2.2899999618530273,2.2899999618530273,680700
2024-01-29,2.2799999713897705,2.4600000381469727,2.2699999809265137,2.450000047683716,2.450000047683716,1380200
2024-01-30,2.4100000858306885,2.427999973297119,2.3299999237060547,2.369999885559082,2.369999885559082,787600
2024-01-31,2.3399999141693115,2.4000000953674316,2.259999990463257,2.259999990463257,2.259999990463257,1062200
2024-02-01,2.309999942779541,2.359999895095825,2.1700000762939453,2.309999942779541,2.309999942779541,2331000
2024-02-02,2.2699999809265137,2.2799999713897705,2.2200000286102295,2.25,2.25,753500
2024-02-05,2.200000047683716,2.2100000381469727,2.130000114440918,2.1500000953674316,2.1500000953674316,1430700
2024-02-06,2.109999895095825,2.200000047683716,2.0999999046325684,2.190000057220459,2.190000057220459,1070600
2024-02-07,2.190000057220459,2.2200000286102295,2.140000104904175,2.1700000762939453,2.1700000762939453,616100
2024-02-08,2.1700000762939453,2.240000009536743,2.1500000953674316,2.2100000381469727,2.2100000381469727,686700
2024-02-09,2.2300000190734863,2.325000047683716,2.200000047683716,2.319999933242798,2.319999933242798,1126300
2024-02-12,2.3299999237060547,2.4200000762939453,2.2799999713897705,2.4000000953674316,2.4000000953674316,1299500
2024-02-13,2.2799999713897705,2.2899999618530273,2.1549999713897705,2.1700000762939453,2.1700000762939453,1197300
2024-02-14,2.2200000286102295,2.259999990463257,2.180000066757202,2.259999990463257,2.259999990463257,710800
2024-02-15,2.2899999618530273,2.3399999141693115,2.25,2.2899999618530273,2.2899999618530273,1070300
2024-02-16,2.2699999809265137,2.2799999713897705,2.2149999141693115,2.259999990463257,2.259999990463257,949400
2024-02-20,2.25,2.2699999809265137,2.190000057220459,2.2200000286102295,2.2200000286102295,764200
2024-02-21,2.200000047683716,2.200000047683716,2.140000104904175,2.1600000858306885,2.1600000858306885,934200
2024-02-22,2.1500000953674316,2.190000057220459,2.140000104904175,2.1600000858306885,2.1600000858306885,1106800
2024-02-23,2.1600000858306885,2.200000047683716,2.130000114440918,2.1600000858306885,2.1600000858306885,1807000
2024-02-26,2.1500000953674316,2.2200000286102295,2.1500000953674316,2.2100000381469727,2.2100000381469727,1043100
2024-02-27,2.240000009536743,2.2699999809265137,2.190000057220459,2.2300000190734863,2.2300000190734863,716000
2024-02-28,2.200000047683716,2.2100000381469727,2.130000114440918,2.130000114440918,2.130000114440918,786700
2024-02-29,2.180000066757202,2.240000009536743,2.1500000953674316,2.190000057220459,2.190000057220459,871000
2024-03-01,2.180000066757202,2.259999990463257,2.140000104904175,2.25,2.25,1376800
2024-03-04,2.259999990463257,2.2799999713897705,2.1500000953674316,2.1500000953674316,2.1500000953674316,882600
2024-03-05,2.130000114440918,2.2300000190734863,2.130000114440918,2.1700000762939453,2.1700000762939453,2089000
2024-03-06,2.200000047683716,2.2300000190734863,2.1449999809265137,2.1700000762939453,2.1700000762939453,729300
2024-03-07,2.200000047683716,2.240000009536743,2.1600000858306885,2.2200000286102295,2.2200000286102295,623200
2024-03-08,2.2699999809265137,2.359999895095825,2.240000009536743,2.240000009536743,2.240000009536743,1127400
2024-03-11,2.240000009536743,2.299999952316284,2.194999933242798,2.200000047683716,2.200000047683716,941600
2024-03-12,2.200000047683716,2.200000047683716,2.140000104904175,2.1500000953674316,2.1500000953674316,998000
2024-03-13,2.140000104904175,2.2300000190734863,2.130000114440918,2.1700000762939453,2.1700000762939453,827800
2024-03-14,2.190000057220459,2.190000057220459,2.130000114440918,2.1600000858306885,2.1600000858306885,1123400
2024-03-15,2.1700000762939453,2.2300000190734863,2.1449999809265137,2.2100000381469727,2.2100000381469727,2297800
2024-03-18,2.2100000381469727,2.240000009536743,2.1700000762939453,2.2100000381469727,2.2100000381469727,899100
2024-03-19,2.190000057220459,2.4000000953674316,2.190000057220459,2.359999895095825,2.359999895095825,1862300
2024-03-20,2.3399999141693115,2.450000047683716,2.309999942779541,2.4200000762939453,2.4200000762939453,1795600
2024-03-21,2.450000047683716,2.4800000190734863,2.384999990463257,2.4700000286102295,2.4700000286102295,1765500
2024-03-22,2.4700000286102295,2.4749999046325684,2.390000104904175,2.390000104904175,2.390000104904175,846700
2024-03-25,2.4200000762939453,2.5399999618530273,2.4200000762939453,2.490000009536743,2.490000009536743,1924600
2024-03-26,2.5299999713897705,2.5999999046325684,2.5,2.509999990463257,2.509999990463257,1838500
2024-03-27,2.5299999713897705,2.559999942779541,2.4700000286102295,2.549999952316284,2.549999952316284,1130300
2024-03-28,2.569999933242798,2.6700000762939453,2.5250000953674316,2.549999952316284,2.549999952316284,2518100
2024-04-01,2.549999952316284,2.569999933242798,2.2200000286102295,2.25,2.25,3337600
2024-04-02,2.2200000286102295,2.25,2.125,2.1600000858306885,2.1600000858306885,1931100
2024-04-03,2.1500000953674316,2.2100000381469727,2.119999885559082,2.140000104904175,2.140000104904175,1219800
2024-04-04,2.1600000858306885,2.174999952316284,2.055000066757202,2.0799999237060547,2.0799999237060547,1468800
2024-04-05,2.059999942779541,2.0999999046325684,2.0399999618530273,2.0999999046325684,2.0999999046325684,1233700
2024-04-08,2.0999999046325684,2.11899995803833,2.059999942779541,2.0999999046325684,2.0999999046325684,1500400
2024-04-09,2.109999895095825,2.1600000858306885,2.069999933242798,2.1500000953674316,2.1500000953674316,1319500
2024-04-10,2.0899999141693115,2.0999999046325684,2.0199999809265137,2.0399999618530273,2.0399999618530273,1370500
2024-04-11,2.059999942779541,2.0799999237060547,2.0199999809265137,2.069999933242798,2.069999933242798,1155000
2024-04-12,2.049999952316284,2.069999933242798,2.0,2.009999990463257,2.009999990463257,1403200
2024-04-15,2.009999990463257,2.009999990463257,1.7999999523162842,1.809999942779541,1.809999942779541,3420800
2024-04-16,1.7999999523162842,1.8200000524520874,1.7100000381469727,1.7300000190734863,1.7300000190734863,2479800
2024-04-17,1.7400000095367432,1.7899999618530273,1.7300000190734863,1.75,1.75,1998400
2024-04-18,1.7999999523162842,1.840000033378601,1.7400000095367432,1.7599999904632568,1.7599999904632568,1358000
2024-04-19,1.6799999475479126,1.7799999713897705,1.6799999475479126,1.75,1.75,1644900
2024-04-22,1.7799999713897705,1.7799999713897705,1.7100000381469727,1.7400000095367432,1.7400000095367432,963000
2024-04-23,1.7300000190734863,1.840000033378601,1.7300000190734863,1.7699999809265137,1.7699999809265137,1116300
2024-04-24,1.7699999809265137,1.8300000429153442,1.7400000095367432,1.8200000524520874,1.8200000524520874,1178200
2024-04-25,1.7999999523162842,1.8700000047683716,1.7400000095367432,1.7599999904632568,1.7599999904632568,848100
2024-04-26,1.7599999904632568,1.7949999570846558,1.75,1.7699999809265137,1.7699999809265137,585700
2024-04-29,1.7899999618530273,1.8200000524520874,1.7100000381469727,1.7400000095367432,1.7400000095367432,980600
2024-04-30,1.7799999713897705,1.7799999713897705,1.6699999570846558,1.690000057220459,1.690000057220459,975400
2024-05-01,1.7000000476837158,1.784999966621399,1.690999984741211,1.7599999904632568,1.7599999904632568,2036700
2024-05-02,1.7899999618530273,1.8300000429153442,1.7599999904632568,1.8200000524520874,1.8200000524520874,834700
2024-05-03,1.850000023841858,1.899999976158142,1.784999966621399,1.809999942779541,1.809999942779541,990000
2024-05-06,1.809999942779541,1.9299999475479126,1.809999942779541,1.8899999856948853,1.8899999856948853,1162900
2024-05-07,1.909999966621399,2.0399999618530273,1.899999976158142,2.0,2.0,1664500
2024-05-08,1.9800000190734863,2.0789999961853027,1.9600000381469727,2.049999952316284,2.049999952316284,1536600
2024-05-09,2.0399999618530273,2.109999895095825,2.009999990463257,2.0899999141693115,2.0899999141693115,1323900
2024-05-10,2.0899999141693115,2.0999999046325684,1.9299999475479126,1.940000057220459,1.940000057220459,758100
2024-05-13,1.9800000190734863,2.049999952316284,1.9600000381469727,1.9700000286102295,1.9700000286102295,791400
2024-05-14,2.0199999809265137,2.065000057220459,2.009999990463257,2.059999942779541,2.059999942779541,870800
2024-05-15,2.0899999141693115,2.109999895095825,2.0199999809265137,2.0799999237060547,2.0799999237060547,1194400
2024-05-16,2.0899999141693115,2.0999999046325684,2.0199999809265137,2.0299999713897705,2.0299999713897705,731200
2024-05-17,2.0299999713897705,2.0350000858306885,1.9600000381469727,1.9600000381469727,1.9600000381469727,872100
2024-05-20,1.9800000190734863,2.0199999809265137,1.940000057220459,1.940000057220459,1.940000057220459,1345900
2024-05-21,1.9500000476837158,2.0,1.899999976158142,1.9199999570846558,1.9199999570846558,1121000
2024-05-22,1.9299999475479126,1.9900000095367432,1.8899999856948853,1.909999966621399,1.909999966621399,926900
2024-05-23,1.9199999570846558,1.9199999570846558,1.8300000429153442,1.8600000143051147,1.8600000143051147,691700
2024-05-24,1.8600000143051147,1.909999966621399,1.850000023841858,1.899999976158142,1.899999976158142,667200
2024-05-28,1.899999976158142,1.9279999732971191,1.840000033378601,1.840000033378601,1.840000033378601,718800
2024-05-29,1.8300000429153442,1.8600000143051147,1.809999942779541,1.8300000429153442,1.8300000429153442,604500
2024-05-30,1.8600000143051147,1.940000057220459,1.8600000143051147,1.9299999475479126,1.9299999475479126,850900
2024-05-31,1.9500000476837158,1.9700000286102295,1.840000033378601,1.8600000143051147,1.8600000143051147,1249700
2024-06-03,1.8799999952316284,1.909999966621399,1.840000033378601,1.909999966621399,1.909999966621399,1131900
2024-06-04,1.9299999475479126,1.9299999475479126,1.7799999713897705,1.7799999713897705,1.7799999713897705,1219300
2024-06-05,1.7999999523162842,1.850000023841858,1.7899999618530273,1.840000033378601,1.840000033378601,1006300
2024-06-06,1.809999942779541,1.850000023841858,1.7799999713897705,1.8200000524520874,1.8200000524520874,1246500
2024-06-07,1.809999942779541,2.0399999618530273,1.7799999713897705,2.0199999809265137,2.0199999809265137,3184200
2024-06-10,2.0299999713897705,2.190000057220459,2.0,2.069999933242798,2.069999933242798,3502700
2024-06-11,2.0299999713897705,2.059999942779541,1.9600000381469727,2.009999990463257,2.009999990463257,1333800
2024-06-12,2.069999933242798,2.115000009536743,1.9900000095367432,2.0399999618530273,2.0399999618530273,1625000
2024-06-13,2.0399999618530273,2.049999952316284,1.899999976158142,1.899999976158142,1.899999976158142,1524200
2024-06-14,1.8899999856948853,1.899999976158142,1.8350000381469727,1.850000023841858,1.850000023841858,902200
2024-06-17,1.8600000143051147,1.8899999856948853,1.8200000524520874,1.8700000047683716,1.8700000047683716,685300
2024-06-18,1.850000023841858,1.9199999570846558,1.850000023841858,1.8700000047683716,1.8700000047683716,2066300
2024-06-20,1.8600000143051147,1.8849999904632568,1.8300000429153442,1.850000023841858,1.850000023841858,1793100
2024-06-21,1.850000023841858,2.0199999809265137,1.8300000429153442,1.9800000190734863,1.9800000190734863,3407300
2024-06-24,1.9900000095367432,2.0299999713897705,1.9700000286102295,1.9800000190734863,1.9800000190734863,1944600
2024-06-25,1.9800000190734863,2.0,1.850000023841858,1.8600000143051147,1.8600000143051147,2160900
2024-06-26,1.8799999952316284,1.8899999856948853,1.8300000429153442,1.8600000143051147,1.8600000143051147,1051400
2024-06-27,1.8799999952316284,1.8799999952316284,1.7899999618530273,1.840000033378601,1.840000033378601,1326300
2024-06-28,1.8600000143051147,1.8600000143051147,1.7999999523162842,1.8600000143051147,1.8600000143051147,7305500
2024-07-01,1.8600000143051147,1.8799999952316284,1.7599999904632568,1.7699999809265137,1.7699999809265137,1480800
2024-07-02,1.7799999713897705,1.8049999475479126,1.7300000190734863,1.7799999713897705,1.7799999713897705,1116800
2024-07-03,1.7799999713897705,1.8200000524520874,1.75,1.809999942779541,1.809999942779541,823600
2024-07-05,1.8200000524520874,1.840000033378601,1.7799999713897705,1.840000033378601,1.840000033378601,995500
2024-07-08,1.8700000047683716,1.8700000047683716,1.7899999618530273,1.8200000524520874,1.8200000524520874,1233100
2024-07-09,1.8200000524520874,1.840000033378601,1.7699999809265137,1.7699999809265137,1.7699999809265137,943300
2024-07-10,1.75,1.7799999713897705,1.7300000190734863,1.7699999809265137,1.7699999809265137,908900
2024-07-11,1.7999999523162842,1.9700000286102295,1.7899999618530273,1.9600000381469727,1.9600000381469727,2177100
2024-07-12,1.9700000286102295,2.059999942779541,1.9299999475479126,2.0199999809265137,2.0199999809265137,2162400
2024-07-15,2.0799999237060547,2.1700000762939453,2.0299999713897705,2.119999885559082,2.119999885559082,3143500
2024-07-16,2.130000114440918,2.2300000190734863,2.109999895095825,2.2300000190734863,2.2300000190734863,2716500
2024-07-17,2.200000047683716,2.390000104904175,2.200000047683716,2.369999885559082,2.369999885559082,3342800
2024-07-18,2.359999895095825,2.390000104904175,2.1600000858306885,2.1600000858306885,2.1600000858306885,2662600
2024-07-19,2.190000057220459,2.240000009536743,2.109999895095825,2.140000104904175,2.140000104904175,1332000
2024-07-22,2.2799999713897705,2.319999933242798,2.2100000381469727,2.319999933242798,2.319999933242798,2096000
2024-07-23,2.2899999618530273,2.4100000858306885,2.25,2.3499999046325684,2.3499999046325684,1652400
2024-07-24,2.3299999237060547,2.4100000858306885,2.2699999809265137,2.2899999618530273,2.2899999618530273,1409200
2024-07-25,2.309999942779541,2.4100000858306885,2.25,2.390000104904175,2.390000104904175,1375300
2024-07-26,2.450000047683716,2.5199999809265137,2.4049999713897705,2.4700000286102295,2.4700000286102295,2050000
2024-07-29,2.490000009536743,2.5,2.390000104904175,2.440000057220459,2.440000057220459,1498900
2024-07-30,2.440000057220459,2.5199999809265137,2.4200000762939453,2.5,2.5,1471500
2024-07-31,2.5199999809265137,2.630000114440918,2.4700000286102295,2.5399999618530273,2.5399999618530273,2194500
2024-08-01,2.5199999809265137,2.5299999713897705,2.25,2.299999952316284,2.299999952316284,1752400
2024-08-02,2.1700000762939453,2.2090001106262207,2.0899999141693115,2.0999999046325684,2.0999999046325684,1852500
2024-08-05,1.899999976158142,2.059999942779541,1.8600000143051147,2.009999990463257,2.009999990463257,1546500
2024-08-06,2.069999933242798,2.115000009536743,2.009999990463257,2.0399999618530273,2.0399999618530273,1349600
2024-08-07,2.130000114440918,2.134999990463257,2.009999990463257,2.009999990463257,2.009999990463257,1159300
2024-08-08,2.059999942779541,2.1600000858306885,2.0399999618530273,2.140000104904175,2.140000104904175,889400
2024-08-09,2.1500000953674316,2.180000066757202,2.109999895095825,2.130000114440918,2.130000114440918,1050700
2024-08-12,2.119999885559082,2.1600000858306885,2.0399999618530273,2.069999933242798,2.069999933242798,1512700
2024-08-13,2.0899999141693115,2.1500000953674316,2.049999952316284,2.130000114440918,2.130000114440918,1786800
2024-08-14,2.1500000953674316,2.1500000953674316,2.065000057220459,2.0799999237060547,2.0799999237060547,709000
2024-08-15,2.140000104904175,2.190000057220459,2.119999885559082,2.1700000762939453,2.1700000762939453,2495500
2024-08-16,2.3399999141693115,2.5799999237060547,2.2119998931884766,2.5199999809265137,2.5199999809265137,9340700
2024-08-19,2.5399999618530273,2.8399999141693115,2.4600000381469727,2.8399999141693115,2.8399999141693115,7345700
2024-08-20,2.8299999237060547,2.890000104904175,2.680000066757202,2.740000009536743,2.740000009536743,5500400
2024-08-21,2.7799999713897705,2.799999952316284,2.6600000858306885,2.759999990463257,2.759999990463257,3985100
2024-08-22,2.759999990463257,2.7699999809265137,2.5399999618530273,2.559999942779541,2.559999942779541,2300900
2024-08-23,2.5899999141693115,2.759999990463257,2.549999952316284,2.740000009536743,2.740000009536743,2190200
2024-08-26,2.7799999713897705,2.799999952316284,2.700000047683716,2.75,2.75,1770000
2024-08-27,2.690000057220459,2.740000009536743,2.569999933242798,2.5799999237060547,2.5799999237060547,1790600
2024-08-28,2.619999885559082,2.640000104904175,2.494999885559082,2.509999990463257,2.509999990463257,1557500
2024-08-29,2.559999942779541,2.805000066757202,2.549999952316284,2.75,2.75,2860000
2024-08-30,2.759999990463257,2.809999942779541,2.609999895095825,2.690000057220459,2.690000057220459,1872900
2024-09-03,2.6500000953674316,2.6649999618530273,2.450000047683716,2.450000047683716,2.450000047683716,2088200
2024-09-04,2.450000047683716,2.559999942779541,2.390000104904175,2.4800000190734863,2.4800000190734863,2310400
2024-09-05,2.4800000190734863,2.5260000228881836,2.430000066757202,2.4800000190734863,2.4800000190734863,1920900
2024-09-06,2.2300000190734863,2.319999933242798,1.7599999904632568,1.7799999713897705,1.7799999713897705,11855100
2024-09-09,1.8700000047683716,2.009999990463257,1.7899999618530273,1.9199999570846558,1.9199999570846558,5691200
2024-09-10,1.9299999475479126,1.9299999475479126,1.7899999618530273,1.899999976158142,1.899999976158142,2556500
2024-09-11,1.8799999952316284,2.015000104904175,1.840000033378601,1.940000057220459,1.940000057220459,3465100
2024-09-12,1.9500000476837158,2.0899999141693115,1.9249999523162842,2.049999952316284,2.049999952316284,2130900
2024-09-13,2.0899999141693115,2.1600000858306885,2.049999952316284,2.1500000953674316,2.1500000953674316,1911600
2024-09-16,2.1500000953674316,2.178999900817871,2.0799999237060547,2.119999885559082,2.119999885559082,2082800
2024-09-17,2.1500000953674316,2.190000057220459,2.0899999141693115,2.119999885559082,2.119999885559082,1721400
2024-09-18,2.119999885559082,2.190000057220459,2.049999952316284,2.049999952316284,2.049999952316284,2617000
2024-09-19,2.140000104904175,2.180000066757202,2.109999895095825,2.119999885559082,2.119999885559082,1786400
2024-09-20,2.0999999046325684,2.109999895095825,2.0299999713897705,2.059999942779541,2.059999942779541,7762700
2024-09-23,2.059999942779541,2.109999895095825,2.0199999809265137,2.049999952316284,2.049999952316284,1741000
2024-09-24,2.0799999237060547,2.1050000190734863,2.049999952316284,2.0999999046325684,2.0999999046325684,1348200
